2013.03.13 17:00:00.161,1.33147,1.33166,1.50,1.50
2013.03.13 17:00:00.291,1.33145,1.33165,1.32,1.65
2013.03.13 17:00:00.611,1.33143,1.33162,1.50,2.63
2013.03.13 17:00:01.021,1.33143,1.3316,1.32,1.50
2013.03.13 17:00:01.852,1.33145,1.33162,1.50,1.50
2013.03.13 17:00:01.980,1.33145,1.33164,1.50,1.28
2013.03.13 17:00:02.170,1.33145,1.33161,1.50,1.13
2013.03.13 17:00:02.230,1.33143,1.33158,2.40,1.32
2013.03.13 17:00:02.290,1.33143,1.33157,1.65,2.25
2013.03.13 17:00:02.410,1.33136,1.33157,1.88,3.19
2013.03.13 17:00:03.139,1.33137,1.33157,1.88,2.44
2013.03.13 17:00:03.590,1.33137,1.33157,1.88,2.44
2013.03.13 17:00:03.830,1.33138,1.33157,1.50,1.69
2013.03.13 17:00:04.453,1.33138,1.33159,1.50,1.69
2013.03.13 17:00:05.000,1.33138,1.3316,1.50,2.82
2013.03.13 17:00:07.567,1.33139,1.3316,1.13,1.69
2013.03.13 17:00:07.638,1.33139,1.3316,1.13,1.69
2013.03.13 17:00:08.543,1.33139,1.3316,1.88,1.69
2013.03.13 17:00:08.852,1.33145,1.33162,1.50,1.50
2013.03.13 17:00:08.981,1.33145,1.33163,1.50,1.50
2013.03.13 17:00:09.241,1.33145,1.33164,1.50,1.50
2013.03.13 17:00:12.281,1.33146,1.33166,1.50,1.09
2013.03.13 17:00:13.371,1.33146,1.33163,1.50,1.32
2013.03.13 17:00:13.502,1.33144,1.33161,1.50,1.32
2013.03.13 17:00:13.691,1.33144,1.33165,1.50,1.09
2013.03.13 17:00:13.821,1.33146,1.33166,1.50,1.69
2013.03.13 17:00:14.252,1.33144,1.33166,3.00,1.65
2013.03.13 17:00:14.384,1.33147,1.33167,1.32,3.19
2013.03.13 17:00:14.590,1.33145,1.33167,1.50,2.25
2013.03.13 17:00:15.203,1.33145,1.33167,1.65,2.25
2013.03.13 17:00:15.750,1.33145,1.33167,1.28,3.38
2013.03.13 17:00:15.821,1.33145,1.33165,1.28,1.47
2013.03.13 17:00:16.380,1.33146,1.33167,1.47,1.50
2013.03.13 17:00:16.450,1.33146,1.33166,1.47,2.03
2013.03.13 17:00:20.179,1.33144,1.33167,2.25,1.13
2013.03.13 17:00:20.750,1.33144,1.33167,3.00,1.13
2013.03.13 17:00:21.850,1.3315,1.33167,2.25,1.13
2013.03.13 17:00:22.211,1.33151,1.33169,2.25,1.13
2013.03.13 17:00:22.530,1.33152,1.33169,1.50,1.13
2013.03.13 17:00:23.200,1.3315,1.33169,3.00,1.13
2013.03.13 17:00:28.611,1.3315,1.33168,1.50,1.13
2013.03.13 17:00:29.810,1.33151,1.3317,1.50,1.65
2013.03.13 17:00:30.512,1.33148,1.33168,2.03,1.32
2013.03.13 17:00:31.190,1.33149,1.33169,1.50,2.22
2013.03.13 17:00:31.700,1.33151,1.33169,1.50,1.47
2013.03.13 17:00:32.499,1.33151,1.3317,1.50,2.59
2013.03.13 17:00:34.920,1.33152,1.33171,1.50,1.13
2013.03.13 17:00:35.224,1.33154,1.33174,1.50,3.19
2013.03.13 17:00:37.791,1.33155,1.33174,2.25,1.28
2013.03.13 17:00:38.424,1.33155,1.33174,2.25,1.13
2013.03.13 17:00:44.010,1.33153,1.33175,1.13,2.03
2013.03.13 17:00:46.111,1.33155,1.33176,1.50,2.40
2013.03.13 17:00:46.563,1.33155,1.33176,1.88,1.47
2013.03.13 17:00:47.093,1.33158,1.33176,1.50,1.47
2013.03.13 17:00:47.631,1.33165,1.33176,1.32,1.47
2013.03.13 17:00:47.760,1.33167,1.33182,2.07,1.13
2013.03.13 17:00:47.830,1.33167,1.33187,1.32,2.25
2013.03.13 17:00:47.891,1.33166,1.33187,2.25,2.07
2013.03.13 17:00:47.961,1.33166,1.33186,1.50,1.32
2013.03.13 17:00:48.211,1.33166,1.33189,2.82,1.13
2013.03.13 17:00:48.761,1.33166,1.33189,3.57,1.13
2013.03.13 17:00:49.605,1.33172,1.33192,2.07,1.13
2013.03.13 17:00:50.860,1.33177,1.33194,1.50,1.32
2013.03.13 17:00:51.182,1.33187,1.33204,1.50,2.25
2013.03.13 17:00:51.458,1.33188,1.33206,1.50,1.32
2013.03.13 17:00:51.783,1.3319,1.33211,1.50,2.07
2013.03.13 17:00:51.997,1.33192,1.33212,2.07,1.13
2013.03.13 17:00:52.301,1.33195,1.33216,1.50,2.03
2013.03.13 17:00:52.372,1.332,1.33216,1.50,1.28
2013.03.13 17:00:52.703,1.33204,1.33222,1.50,2.18
2013.03.13 17:00:52.900,1.33205,1.33225,1.50,2.93
2013.03.13 17:00:53.740,1.33208,1.33228,1.50,1.88
2013.03.13 17:00:53.813,1.33208,1.33228,1.50,1.88
2013.03.13 17:00:54.262,1.33213,1.33233,1.13,1.84
2013.03.13 17:00:54.758,1.33219,1.33238,1.13,1.13
2013.03.13 17:00:55.151,1.33219,1.33238,1.88,1.13
2013.03.13 17:00:55.220,1.33219,1.33238,1.88,1.13
2013.03.13 17:00:55.734,1.33219,1.33238,1.88,1.13
2013.03.13 17:00:56.164,1.33222,1.33238,1.13,1.13
2013.03.13 17:00:56.232,1.33224,1.33238,1.50,1.13
2013.03.13 17:00:56.563,1.33229,1.33245,1.50,1.28
2013.03.13 17:00:57.072,1.3323,1.33246,1.13,2.18
2013.03.13 17:00:57.403,1.33228,1.33245,1.88,1.50
2013.03.13 17:00:57.475,1.33226,1.33245,2.63,1.50
2013.03.13 17:00:57.543,1.33226,1.33245,1.88,1.50
2013.03.13 17:00:57.850,1.33226,1.33245,1.13,1.88
2013.03.13 17:00:58.411,1.33223,1.33243,1.13,1.32
2013.03.13 17:00:58.792,1.33221,1.33243,1.13,1.32
2013.03.13 17:00:58.925,1.33221,1.33243,1.13,1.32
2013.03.13 17:00:58.993,1.33219,1.33236,1.50,1.13
2013.03.13 17:00:59.134,1.33219,1.33236,1.50,1.13
2013.03.13 17:00:59.872,1.33216,1.33236,1.50,1.13
2013.03.13 17:01:00.412,1.33216,1.33236,1.50,1.13
2013.03.13 17:01:00.736,1.33219,1.33242,1.50,1.32
2013.03.13 17:01:01.042,1.33222,1.33242,1.50,1.13
2013.03.13 17:01:01.112,1.33219,1.33242,3.00,1.13
2013.03.13 17:01:01.675,1.33222,1.33244,1.50,1.13
2013.03.13 17:01:01.751,1.3322,1.33241,1.50,1.88
2013.03.13 17:01:02.811,1.3322,1.33241,1.13,2.25
2013.03.13 17:01:02.882,1.33221,1.33242,1.13,1.50
2013.03.13 17:01:03.212,1.33221,1.33244,1.13,2.70
2013.03.13 17:01:03.542,1.33221,1.33245,1.13,2.40
2013.03.13 17:01:03.672,1.33221,1.33244,1.13,2.03
2013.03.13 17:01:04.233,1.33224,1.33245,1.50,2.85
2013.03.13 17:01:04.560,1.33217,1.33227,1.50,1.50
2013.03.13 17:01:04.701,1.33216,1.33232,1.50,1.69
2013.03.13 17:01:04.832,1.33218,1.33237,1.50,2.03
2013.03.13 17:01:04.903,1.33217,1.33237,1.50,2.40
2013.03.13 17:01:05.162,1.33218,1.33237,1.50,1.09
2013.03.13 17:01:05.364,1.33217,1.3324,1.65,1.50
2013.03.13 17:01:05.433,1.33218,1.33241,1.50,2.25
2013.03.13 17:01:05.882,1.33216,1.3324,1.65,2.25
2013.03.13 17:01:05.953,1.33216,1.3324,1.65,2.25
2013.03.13 17:01:06.750,1.33215,1.3324,2.44,1.50
2013.03.13 17:01:07.731,1.33218,1.33241,1.50,1.50
2013.03.13 17:01:07.861,1.33215,1.33237,2.44,1.88
2013.03.13 17:01:08.064,1.33215,1.33238,2.44,2.33
2013.03.13 17:01:08.205,1.33215,1.33235,1.13,1.13
2013.03.13 17:01:08.334,1.33213,1.33234,1.13,2.25
2013.03.13 17:01:08.945,1.33211,1.33234,1.65,1.84
2013.03.13 17:01:09.012,1.3321,1.33233,1.50,1.69
2013.03.13 17:01:09.424,1.3321,1.33233,1.50,1.69
2013.03.13 17:01:09.753,1.3321,1.33233,1.50,1.69
2013.03.13 17:01:10.241,1.3321,1.33233,1.50,1.88
2013.03.13 17:01:10.762,1.33208,1.33231,1.50,1.50
2013.03.13 17:01:11.271,1.33208,1.33231,1.88,1.50
2013.03.13 17:01:12.220,1.33208,1.33231,1.50,1.50
2013.03.13 17:01:12.545,1.33203,1.33224,1.65,1.50
2013.03.13 17:01:13.162,1.33202,1.33224,1.69,1.69
2013.03.13 17:01:13.247,1.33195,1.3322,2.25,2.44
2013.03.13 17:01:13.986,1.33191,1.33209,1.50,1.50
2013.03.13 17:01:14.112,1.3319,1.33208,1.50,1.50
2013.03.13 17:01:14.242,1.33189,1.3321,1.50,2.25
2013.03.13 17:01:14.515,1.33189,1.3321,1.50,2.25
2013.03.13 17:01:14.650,1.33186,1.3321,1.50,3.00
2013.03.13 17:01:14.914,1.33188,1.3321,1.50,1.50
2013.03.13 17:01:15.104,1.33192,1.33212,1.50,1.50
2013.03.13 17:01:15.235,1.33192,1.33216,2.22,2.63
2013.03.13 17:01:15.307,1.33193,1.33216,1.65,1.88
2013.03.13 17:01:15.732,1.33195,1.33219,1.50,2.25
2013.03.13 17:01:16.026,1.33195,1.33219,1.50,2.25
2013.03.13 17:01:16.213,1.33203,1.33222,1.47,1.50
2013.03.13 17:01:16.556,1.33206,1.33224,1.50,1.50
2013.03.13 17:01:16.681,1.33204,1.33228,2.40,2.25
2013.03.13 17:01:16.942,1.33204,1.33227,1.65,1.50
2013.03.13 17:01:17.080,1.33204,1.33227,1.65,1.50
2013.03.13 17:01:17.281,1.33204,1.33227,1.65,1.50
2013.03.13 17:01:17.410,1.33204,1.33227,1.65,1.50
2013.03.13 17:01:18.280,1.33204,1.33227,1.65,1.50
2013.03.13 17:01:19.051,1.33204,1.33227,1.65,1.50
2013.03.13 17:01:19.361,1.332,1.33214,1.50,1.50
2013.03.13 17:01:19.490,1.33199,1.33219,1.50,1.69
2013.03.13 17:01:19.670,1.33195,1.3322,3.75,1.50
2013.03.13 17:01:20.426,1.33195,1.33216,1.13,1.50
2013.03.13 17:01:20.961,1.33195,1.33216,1.88,2.63
2013.03.13 17:01:21.282,1.33196,1.33216,1.88,2.25
2013.03.13 17:01:23.314,1.33196,1.33216,1.50,1.50
2013.03.13 17:01:23.842,1.33195,1.33216,1.50,1.50
2013.03.13 17:01:25.761,1.33193,1.33213,1.13,1.88
2013.03.13 17:01:25.895,1.33189,1.33208,2.25,1.50
2013.03.13 17:01:26.681,1.33189,1.33208,1.50,1.50
2013.03.13 17:01:27.061,1.33188,1.33207,1.88,1.50
2013.03.13 17:01:27.432,1.33187,1.33209,1.13,1.69
2013.03.13 17:01:27.620,1.33188,1.33213,2.40,2.63
2013.03.13 17:01:28.252,1.33191,1.33213,1.50,1.88
2013.03.13 17:01:30.372,1.33191,1.33212,1.50,1.50
2013.03.13 17:01:30.811,1.33189,1.33212,1.28,1.50
2013.03.13 17:01:30.881,1.33188,1.33209,1.28,1.50
2013.03.13 17:01:31.141,1.33185,1.33208,2.03,1.50
2013.03.13 17:01:31.880,1.33185,1.33207,1.28,1.50
2013.03.13 17:01:32.218,1.33182,1.33202,1.50,2.25
2013.03.13 17:01:32.286,1.33181,1.332,1.50,1.50
2013.03.13 17:01:32.356,1.33181,1.33202,2.25,1.50
2013.03.13 17:01:32.489,1.33183,1.33205,1.50,1.69
2013.03.13 17:01:32.648,1.33186,1.33207,1.50,2.25
2013.03.13 17:01:33.202,1.33186,1.33207,1.50,1.50
2013.03.13 17:01:33.829,1.33186,1.33207,1.50,1.50
2013.03.13 17:01:35.394,1.33183,1.33204,1.50,1.50
2013.03.13 17:01:35.463,1.33183,1.33204,1.50,1.50
2013.03.13 17:01:35.591,1.33183,1.33204,1.50,1.50
2013.03.13 17:01:35.661,1.33182,1.33204,1.13,1.50
2013.03.13 17:01:36.466,1.3318,1.33204,1.50,1.69
2013.03.13 17:01:37.001,1.33179,1.33204,1.50,1.69
2013.03.13 17:01:37.451,1.33179,1.33204,2.25,1.50
2013.03.13 17:01:37.523,1.33184,1.33205,1.50,2.25
2013.03.13 17:01:37.600,1.33185,1.33206,1.50,1.50
2013.03.13 17:01:37.948,1.3319,1.33209,1.13,1.50
2013.03.13 17:01:38.504,1.33191,1.33212,1.65,1.88
2013.03.13 17:01:38.571,1.33191,1.33213,1.65,2.25
2013.03.13 17:01:38.702,1.33191,1.33213,1.65,1.50
2013.03.13 17:01:39.033,1.33186,1.33205,1.50,1.50
2013.03.13 17:01:39.235,1.33183,1.33205,1.50,1.50
2013.03.13 17:01:39.512,1.33186,1.33209,1.50,1.84
2013.03.13 17:01:39.581,1.33188,1.33209,1.50,1.84
2013.03.13 17:01:40.112,1.33188,1.33209,2.25,1.13
2013.03.13 17:01:40.635,1.33191,1.33213,1.50,1.28
2013.03.13 17:01:42.682,1.33189,1.33211,1.50,1.13
2013.03.13 17:01:44.516,1.3319,1.33213,1.50,2.82
2013.03.13 17:01:47.390,1.33192,1.33213,1.50,1.13
2013.03.13 17:01:48.642,1.33192,1.33213,2.25,1.13
2013.03.13 17:01:50.865,1.3319,1.3321,1.50,1.13
2013.03.13 17:01:52.571,1.33191,1.33213,1.50,1.13
2013.03.13 17:01:52.846,1.33196,1.33217,1.50,1.32
2013.03.13 17:01:52.982,1.33197,1.33221,1.50,1.65
2013.03.13 17:01:53.262,1.33201,1.33224,2.25,1.09
2013.03.13 17:01:53.788,1.33204,1.33224,1.50,1.09
2013.03.13 17:01:54.412,1.33201,1.33224,2.25,1.09
2013.03.13 17:01:54.605,1.33202,1.33225,1.50,1.32
2013.03.13 17:01:54.961,1.332,1.33219,1.50,1.50
2013.03.13 17:01:55.487,1.33196,1.33218,2.25,2.44
2013.03.13 17:01:56.416,1.33195,1.33218,2.40,2.44
2013.03.13 17:01:56.917,1.33195,1.33218,1.65,2.44
2013.03.13 17:01:58.570,1.33195,1.33218,1.65,1.69
2013.03.13 17:01:59.433,1.33196,1.33218,1.65,1.69
2013.03.13 17:01:59.516,1.33201,1.33221,1.50,1.09
2013.03.13 17:02:00.991,1.33201,1.33221,1.50,1.09
2013.03.13 17:02:01.352,1.33202,1.33224,1.50,1.32
2013.03.13 17:02:01.671,1.33212,1.3323,1.50,1.28
2013.03.13 17:02:01.742,1.33213,1.33232,1.50,1.50
2013.03.13 17:02:01.812,1.33214,1.33233,1.50,1.50
2013.03.13 17:02:02.062,1.33216,1.33237,2.25,1.09
2013.03.13 17:02:04.517,1.33215,1.33237,1.50,1.09
2013.03.13 17:02:05.428,1.33217,1.33238,1.50,1.09
2013.03.13 17:02:06.003,1.33216,1.3324,1.50,2.82
2013.03.13 17:02:08.433,1.33215,1.33238,1.50,1.09
2013.03.13 17:02:08.503,1.33213,1.33238,2.25,1.47
2013.03.13 17:02:08.831,1.33216,1.33238,1.50,1.47
2013.03.13 17:02:09.381,1.33215,1.33238,2.25,2.22
2013.03.13 17:02:09.705,1.33218,1.3324,1.50,1.69
2013.03.13 17:02:10.045,1.33218,1.33242,2.25,2.97
2013.03.13 17:02:11.333,1.33216,1.3324,1.50,2.07
2013.03.13 17:02:12.376,1.33216,1.33236,1.50,1.28
2013.03.13 17:02:12.442,1.33215,1.33235,1.50,1.13
2013.03.13 17:02:12.511,1.33213,1.33232,1.50,1.13
2013.03.13 17:02:13.042,1.33212,1.33234,1.13,1.69
2013.03.13 17:02:13.111,1.33213,1.33234,1.50,1.69
2013.03.13 17:02:13.421,1.33216,1.33234,1.50,1.50
2013.03.13 17:02:13.991,1.33216,1.33236,1.50,1.65
2013.03.13 17:02:14.900,1.33214,1.33238,1.50,3.53
2013.03.13 17:02:15.440,1.33213,1.33234,2.25,1.50
2013.03.13 17:02:16.018,1.33211,1.33233,1.28,1.50
2013.03.13 17:02:16.691,1.3321,1.33232,2.03,1.13
2013.03.13 17:02:17.149,1.3321,1.33231,1.88,1.50
2013.03.13 17:02:17.294,1.3321,1.33229,1.88,1.50
2013.03.13 17:02:17.576,1.33208,1.3323,2.63,1.50
2013.03.13 17:02:17.645,1.33205,1.33228,1.28,1.50
2013.03.13 17:02:17.858,1.33205,1.33225,1.28,2.44
2013.03.13 17:02:18.363,1.33205,1.33224,1.28,1.69
2013.03.13 17:02:18.705,1.33201,1.33222,1.28,1.84
2013.03.13 17:02:19.220,1.33201,1.33222,1.13,1.84
2013.03.13 17:02:20.783,1.33201,1.33222,1.13,1.84
2013.03.13 17:02:23.303,1.332,1.33222,1.88,1.09
2013.03.13 17:02:23.611,1.33199,1.33221,1.50,1.32
2013.03.13 17:02:23.741,1.33198,1.33219,1.13,1.50
2013.03.13 17:02:24.291,1.33196,1.33219,2.03,1.69
2013.03.13 17:02:25.512,1.33196,1.33219,1.28,1.69
2013.03.13 17:02:26.321,1.33196,1.33219,1.28,1.69
2013.03.13 17:02:26.941,1.33195,1.33219,1.65,2.07
2013.03.13 17:02:28.003,1.33194,1.33218,2.63,2.29
2013.03.13 17:02:28.075,1.33193,1.33213,1.13,2.07
2013.03.13 17:02:28.404,1.33187,1.33205,1.50,1.13
2013.03.13 17:02:28.532,1.33184,1.33205,1.88,1.32
2013.03.13 17:02:28.602,1.33184,1.33205,2.63,1.32
2013.03.13 17:02:28.871,1.33184,1.33205,1.13,1.32
2013.03.13 17:02:29.422,1.33184,1.33203,1.13,1.32
2013.03.13 17:02:30.476,1.33185,1.33206,1.13,1.32
2013.03.13 17:02:32.043,1.33189,1.33209,1.50,1.09
2013.03.13 17:02:32.115,1.33189,1.33211,1.50,2.37
2013.03.13 17:02:32.247,1.33189,1.33206,2.25,1.50
2013.03.13 17:02:32.607,1.3318,1.33193,2.25,1.47
2013.03.13 17:02:32.895,1.3317,1.33193,4.50,1.65
2013.03.13 17:02:33.513,1.33169,1.33191,3.00,1.13
2013.03.13 17:02:34.682,1.33171,1.33193,1.50,1.13
2013.03.13 17:02:34.751,1.33173,1.33193,1.50,1.13
2013.03.13 17:02:36.892,1.33176,1.33197,1.50,1.28
2013.03.13 17:02:36.978,1.33181,1.33202,1.88,1.88
2013.03.13 17:02:37.123,1.33176,1.33199,2.63,2.44
2013.03.13 17:02:37.709,1.33175,1.33199,1.13,2.44
2013.03.13 17:02:38.271,1.33175,1.33198,1.13,1.32
2013.03.13 17:02:40.025,1.33175,1.33198,1.13,2.07
2013.03.13 17:02:40.566,1.33174,1.33196,1.13,1.69
2013.03.13 17:02:41.105,1.33174,1.33196,1.13,1.69
2013.03.13 17:02:41.431,1.33174,1.33195,2.25,1.32
2013.03.13 17:02:41.503,1.33175,1.33198,2.25,2.07
2013.03.13 17:02:41.713,1.33176,1.332,3.75,1.47
2013.03.13 17:02:41.781,1.33178,1.332,1.50,1.47
2013.03.13 17:02:42.701,1.33178,1.33201,3.75,1.28
2013.03.13 17:02:43.222,1.33178,1.33201,1.88,1.47
2013.03.13 17:02:43.292,1.33178,1.33201,1.13,2.78
2013.03.13 17:02:43.642,1.33172,1.33191,1.50,1.09
2013.03.13 17:02:43.712,1.33169,1.33191,2.25,1.09
2013.03.13 17:02:43.781,1.33166,1.33191,4.13,1.09
2013.03.13 17:02:44.091,1.33168,1.33191,2.25,1.09
2013.03.13 17:02:44.352,1.33172,1.33191,1.50,1.09
2013.03.13 17:02:44.882,1.33171,1.33191,1.50,1.09
2013.03.13 17:02:45.471,1.33171,1.33191,1.50,1.32
2013.03.13 17:02:47.651,1.33174,1.33196,2.25,1.65
2013.03.13 17:02:47.727,1.33174,1.33196,2.25,1.84
2013.03.13 17:02:48.542,1.33176,1.33196,1.50,1.65
2013.03.13 17:02:50.643,1.33178,1.332,2.25,2.74
2013.03.13 17:02:50.712,1.33178,1.332,3.75,1.28
2013.03.13 17:02:51.232,1.33178,1.33201,3.75,1.47
2013.03.13 17:02:52.802,1.33178,1.332,1.88,1.09
2013.03.13 17:02:52.871,1.33176,1.33198,1.50,1.32
2013.03.13 17:02:52.942,1.33174,1.33198,3.00,1.32
2013.03.13 17:02:53.071,1.33174,1.33198,1.50,1.32
2013.03.13 17:02:53.362,1.33173,1.33196,1.13,1.69
2013.03.13 17:02:53.871,1.33172,1.33193,2.25,1.13
2013.03.13 17:02:54.346,1.33177,1.33193,1.50,1.32
2013.03.13 17:02:54.475,1.33179,1.33199,1.50,1.84
2013.03.13 17:02:54.541,1.33179,1.33199,1.50,1.09
2013.03.13 17:02:54.671,1.33183,1.332,2.25,1.09
2013.03.13 17:02:55.190,1.33183,1.33207,2.25,2.40
2013.03.13 17:02:56.270,1.33184,1.33207,2.25,3.15
2013.03.13 17:03:00.022,1.33184,1.33204,1.50,1.32
2013.03.13 17:03:00.536,1.33187,1.33205,1.50,1.09
2013.03.13 17:03:01.221,1.33189,1.33207,1.50,1.50
2013.03.13 17:03:01.351,1.33189,1.3321,1.50,1.47
2013.03.13 17:03:02.791,1.33187,1.3321,1.88,1.32
2013.03.13 17:03:03.160,1.33187,1.33208,1.50,2.07
2013.03.13 17:03:03.661,1.33183,1.33207,1.50,2.07
2013.03.13 17:03:07.223,1.33182,1.33205,2.40,1.32
2013.03.13 17:03:07.629,1.33179,1.332,1.88,1.84
2013.03.13 17:03:07.853,1.33177,1.332,1.50,3.72
2013.03.13 17:03:08.401,1.33176,1.33199,1.50,1.32
2013.03.13 17:03:10.510,1.33175,1.33197,2.25,1.32
2013.03.13 17:03:11.102,1.33176,1.33197,2.25,1.13
2013.03.13 17:03:11.351,1.33178,1.332,1.88,1.09
2013.03.13 17:03:11.541,1.33178,1.332,1.13,1.09
2013.03.13 17:03:12.105,1.33176,1.33199,2.63,1.69
2013.03.13 17:03:13.443,1.33176,1.33199,2.63,1.69
2013.03.13 17:03:13.753,1.3318,1.33201,2.25,1.28
2013.03.13 17:03:14.673,1.3318,1.33201,1.50,1.84
2013.03.13 17:03:15.214,1.33181,1.33201,1.50,1.28
2013.03.13 17:03:16.695,1.33179,1.332,1.13,1.65
2013.03.13 17:03:16.882,1.33178,1.332,1.13,1.84
2013.03.13 17:03:17.262,1.33179,1.332,1.50,1.09
2013.03.13 17:03:18.526,1.33181,1.33202,2.25,1.47
2013.03.13 17:03:18.832,1.33178,1.33199,1.50,1.88
2013.03.13 17:03:19.142,1.33177,1.33199,1.50,1.88
2013.03.13 17:03:19.852,1.33176,1.33197,1.88,1.69
2013.03.13 17:03:19.939,1.3317,1.33179,1.50,1.32
2013.03.13 17:03:20.013,1.33168,1.33182,1.32,1.88
2013.03.13 17:03:20.086,1.33162,1.3318,1.50,1.13
2013.03.13 17:03:20.479,1.33159,1.33179,1.13,1.50
2013.03.13 17:03:20.792,1.33156,1.33177,2.25,1.32
2013.03.13 17:03:21.201,1.33155,1.33177,1.50,1.32
2013.03.13 17:03:21.752,1.33155,1.33178,1.50,2.63
2013.03.13 17:03:22.887,1.33155,1.33178,2.25,2.63
2013.03.13 17:03:22.962,1.33157,1.33178,1.50,1.88
2013.03.13 17:03:23.175,1.33161,1.33183,3.00,1.69
2013.03.13 17:03:23.562,1.33163,1.33183,2.25,1.13
2013.03.13 17:03:24.086,1.33165,1.33187,1.50,1.69
2013.03.13 17:03:26.385,1.33166,1.33188,1.50,1.32
2013.03.13 17:03:26.523,1.33169,1.33188,1.50,1.32
2013.03.13 17:03:26.991,1.3317,1.33191,1.50,1.47
2013.03.13 17:03:27.491,1.33168,1.33189,1.13,1.69
2013.03.13 17:03:27.933,1.33164,1.33186,2.63,1.50
2013.03.13 17:03:28.016,1.33165,1.33186,1.50,1.50
2013.03.13 17:03:28.600,1.33165,1.33185,1.50,1.32
2013.03.13 17:03:29.152,1.33165,1.33182,1.50,1.50
2013.03.13 17:03:29.231,1.33153,1.33173,2.63,1.65
2013.03.13 17:03:29.762,1.33153,1.33173,1.13,1.65
2013.03.13 17:03:30.921,1.33151,1.33172,1.50,1.09
2013.03.13 17:03:31.230,1.33149,1.3317,1.13,2.44
2013.03.13 17:03:31.531,1.33145,1.33164,1.88,2.44
2013.03.13 17:03:33.021,1.33143,1.33164,1.50,1.69
2013.03.13 17:03:33.600,1.33143,1.33163,1.50,1.32
2013.03.13 17:03:36.209,1.33141,1.33163,2.03,1.69
2013.03.13 17:03:36.271,1.33141,1.33161,2.03,1.65
2013.03.13 17:03:36.581,1.33151,1.33163,1.50,1.13
2013.03.13 17:03:36.652,1.33146,1.33162,1.50,1.65
2013.03.13 17:03:36.722,1.33144,1.33158,2.25,1.13
2013.03.13 17:03:37.163,1.33139,1.33159,1.50,1.13
2013.03.13 17:03:37.743,1.33143,1.33161,1.50,1.47
2013.03.13 17:03:37.815,1.33143,1.33161,1.50,1.47
2013.03.13 17:03:38.380,1.33144,1.33163,1.50,2.44
2013.03.13 17:03:39.060,1.33145,1.33163,1.50,2.44
2013.03.13 17:03:39.415,1.33144,1.33163,2.25,3.19
2013.03.13 17:03:39.951,1.33144,1.33163,1.50,3.19
2013.03.13 17:03:42.091,1.33143,1.33161,1.13,1.65
2013.03.13 17:03:42.170,1.33143,1.33161,1.13,1.09
2013.03.13 17:03:42.308,1.33141,1.33163,1.13,2.25
2013.03.13 17:03:47.822,1.33143,1.33163,1.50,1.69
2013.03.13 17:03:47.966,1.33143,1.33161,1.50,1.09
2013.03.13 17:03:48.152,1.33139,1.33159,1.88,1.32
2013.03.13 17:03:49.231,1.33141,1.33162,1.13,1.09
2013.03.13 17:03:49.304,1.33142,1.33163,1.50,1.13
2013.03.13 17:03:50.042,1.33144,1.33163,1.50,1.13
2013.03.13 17:03:50.311,1.3315,1.33172,1.88,1.47
2013.03.13 17:03:50.452,1.33151,1.33172,1.50,1.47
2013.03.13 17:03:51.713,1.33154,1.33173,1.50,1.88
2013.03.13 17:03:55.176,1.33155,1.33176,1.50,1.69
2013.03.13 17:03:56.090,1.33154,1.33177,1.50,2.25
2013.03.13 17:03:56.680,1.33155,1.33175,1.50,1.50
2013.03.13 17:03:57.732,1.33156,1.33176,1.50,1.50
2013.03.13 17:03:58.041,1.33159,1.3318,2.07,2.40
2013.03.13 17:03:59.253,1.33159,1.3318,2.07,1.65
2013.03.13 17:03:59.984,1.33159,1.3318,1.32,1.69
2013.03.13 17:04:01.471,1.33158,1.33178,1.32,1.65
2013.03.13 17:04:02.021,1.33156,1.33178,2.07,1.65
2013.03.13 17:04:02.417,1.33155,1.33175,1.32,1.32
2013.03.13 17:04:04.011,1.33156,1.33179,2.07,2.44
2013.03.13 17:04:04.521,1.33155,1.33176,2.07,1.13
2013.03.13 17:04:05.077,1.33154,1.33176,2.25,1.32
2013.03.13 17:04:05.202,1.33154,1.33176,2.25,1.13
2013.03.13 17:04:05.934,1.33155,1.33176,1.50,1.32
2013.03.13 17:04:06.261,1.33157,1.33176,1.50,1.32
2013.03.13 17:04:07.114,1.33155,1.33174,1.50,1.09
2013.03.13 17:04:07.371,1.33156,1.33176,1.50,1.32
2013.03.13 17:04:19.408,1.33154,1.33176,2.25,1.13
2013.03.13 17:04:19.489,1.33157,1.33176,1.50,1.13
2013.03.13 17:04:20.164,1.33159,1.3318,3.19,1.28
2013.03.13 17:04:20.303,1.33164,1.33185,1.50,2.44
2013.03.13 17:04:20.759,1.33167,1.33186,1.50,2.44
2013.03.13 17:04:21.282,1.33164,1.33186,1.50,1.69
2013.03.13 17:04:21.350,1.33163,1.33186,1.50,1.69
2013.03.13 17:04:21.900,1.33162,1.33184,2.25,1.13
2013.03.13 17:04:22.432,1.33163,1.33184,1.50,1.13
2013.03.13 17:04:24.472,1.33164,1.33184,1.50,1.13
2013.03.13 17:04:26.711,1.33164,1.33184,1.69,1.13
2013.03.13 17:04:27.270,1.33164,1.33184,1.32,1.32
2013.03.13 17:04:27.533,1.33161,1.33184,1.32,1.32
2013.03.13 17:04:27.602,1.33159,1.33182,1.50,1.28
2013.03.13 17:04:28.111,1.33156,1.33178,1.28,1.69
2013.03.13 17:04:28.962,1.33158,1.33177,1.65,1.32
2013.03.13 17:04:29.157,1.33157,1.33177,1.65,1.32
2013.03.13 17:04:29.552,1.33156,1.33177,1.65,1.32
2013.03.13 17:04:30.511,1.33156,1.33174,1.50,1.13
2013.03.13 17:04:31.438,1.33158,1.33177,1.50,1.32
2013.03.13 17:04:31.503,1.33158,1.33178,3.00,1.32
2013.03.13 17:04:31.573,1.33158,1.33178,3.00,2.07
2013.03.13 17:04:31.766,1.33157,1.33177,2.07,1.69
2013.03.13 17:04:31.834,1.33157,1.33177,2.82,1.69
2013.03.13 17:04:32.161,1.33157,1.33178,2.82,1.50
2013.03.13 17:04:32.411,1.33157,1.33177,1.50,1.50
2013.03.13 17:04:32.541,1.33156,1.33177,1.32,1.50
2013.03.13 17:04:32.672,1.33157,1.33178,1.50,1.13
2013.03.13 17:04:32.812,1.33162,1.33181,2.82,1.50
2013.03.13 17:04:33.002,1.33166,1.33183,1.50,2.25
2013.03.13 17:04:33.311,1.33172,1.3319,1.50,1.47
2013.03.13 17:04:33.382,1.33172,1.33188,1.50,1.13
2013.03.13 17:04:33.811,1.33168,1.33188,1.50,1.13
2013.03.13 17:04:34.840,1.33168,1.33188,1.50,1.88
2013.03.13 17:04:35.171,1.33163,1.33186,1.13,2.44
2013.03.13 17:04:36.432,1.33159,1.33183,1.88,1.69
2013.03.13 17:04:36.881,1.33159,1.33183,1.88,1.69
2013.03.13 17:04:37.611,1.33162,1.33184,1.32,2.82
2013.03.13 17:04:37.686,1.33162,1.33185,2.44,1.69
2013.03.13 17:04:37.753,1.33165,1.33187,3.00,3.19
2013.03.13 17:04:40.213,1.33171,1.3319,1.50,2.22
2013.03.13 17:04:40.461,1.33171,1.3319,2.25,2.22
2013.03.13 17:04:40.651,1.33178,1.3319,1.13,1.32
2013.03.13 17:04:40.736,1.33182,1.33193,1.50,1.50
2013.03.13 17:04:40.802,1.33182,1.33199,1.50,1.88
2013.03.13 17:04:41.171,1.33176,1.33197,1.50,1.88
2013.03.13 17:04:42.162,1.33174,1.33193,1.50,1.50
2013.03.13 17:04:42.231,1.33172,1.33193,1.47,1.50
2013.03.13 17:04:42.901,1.33171,1.33193,1.65,2.07
2013.03.13 17:04:43.413,1.3317,1.33191,4.13,1.69
2013.03.13 17:04:43.484,1.33166,1.33189,1.50,2.25
2013.03.13 17:04:43.741,1.33165,1.33185,1.13,1.69
2013.03.13 17:04:45.012,1.33165,1.33183,1.13,1.50
2013.03.13 17:04:51.555,1.33166,1.33185,1.13,1.50
2013.03.13 17:04:52.065,1.33166,1.33187,1.13,1.50
2013.03.13 17:04:52.541,1.33166,1.33187,1.13,1.50
2013.03.13 17:04:52.850,1.3317,1.33191,1.13,1.50
2013.03.13 17:04:54.507,1.3317,1.33191,1.88,1.69
2013.03.13 17:04:59.543,1.33171,1.33191,1.88,1.09
2013.03.13 17:05:01.592,1.33171,1.33191,1.88,1.09
2013.03.13 17:05:03.181,1.33171,1.33191,1.88,1.09
2013.03.13 17:05:03.250,1.33171,1.33189,1.88,1.50
2013.03.13 17:05:03.771,1.33172,1.33191,1.50,1.09
2013.03.13 17:05:03.841,1.33172,1.33191,1.50,1.09
2013.03.13 17:05:04.430,1.33171,1.33192,1.13,1.09
2013.03.13 17:05:05.335,1.33171,1.33191,1.88,1.84
2013.03.13 17:05:05.403,1.33171,1.3319,1.88,1.69
2013.03.13 17:05:06.291,1.3317,1.33188,1.13,1.69
2013.03.13 17:05:06.928,1.3317,1.33188,1.13,1.69
2013.03.13 17:05:09.731,1.33167,1.33189,3.38,2.44
2013.03.13 17:05:10.046,1.33166,1.33183,1.28,1.50
2013.03.13 17:05:10.592,1.33163,1.33183,2.25,1.69
2013.03.13 17:05:14.432,1.33163,1.33183,1.88,1.65
2013.03.13 17:05:14.741,1.33163,1.33183,1.13,1.65
2013.03.13 17:05:16.873,1.33163,1.33183,2.63,1.65
2013.03.13 17:05:17.062,1.33163,1.33184,2.63,1.84
2013.03.13 17:05:17.691,1.33163,1.33183,1.88,1.09
2013.03.13 17:05:21.460,1.33163,1.33183,1.50,1.09
2013.03.13 17:05:21.712,1.33165,1.33184,1.50,1.09
2013.03.13 17:05:22.270,1.33165,1.33185,1.50,1.50
2013.03.13 17:05:29.233,1.33165,1.33185,1.88,1.32
2013.03.13 17:05:29.442,1.33167,1.33188,1.50,2.07
2013.03.13 17:05:29.515,1.33167,1.33188,1.50,1.50
2013.03.13 17:05:29.941,1.33166,1.33187,1.32,1.69
2013.03.13 17:05:30.523,1.33168,1.33187,1.50,2.44
2013.03.13 17:05:30.841,1.33168,1.33188,1.50,1.69
2013.03.13 17:05:32.571,1.33165,1.33186,1.13,1.69
2013.03.13 17:05:32.632,1.33165,1.33183,1.13,1.50
2013.03.13 17:05:32.822,1.33165,1.33184,1.13,1.69
2013.03.13 17:05:32.891,1.33165,1.33183,1.13,1.69
2013.03.13 17:05:34.252,1.33161,1.33183,1.69,1.69
2013.03.13 17:05:34.322,1.33162,1.33183,1.50,1.69
2013.03.13 17:05:37.952,1.33162,1.33183,1.50,1.69
2013.03.13 17:05:38.021,1.33161,1.33183,1.69,1.69
2013.03.13 17:05:38.091,1.33163,1.33183,1.13,1.69
2013.03.13 17:05:38.282,1.33163,1.33179,1.13,2.44
2013.03.13 17:05:38.841,1.33163,1.33177,1.13,1.50
2013.03.13 17:05:39.151,1.33162,1.33182,1.13,1.69
2013.03.13 17:05:39.221,1.33162,1.33182,1.13,1.69
2013.03.13 17:05:39.351,1.33162,1.33183,1.13,2.07
2013.03.13 17:05:39.423,1.33162,1.33183,1.13,1.32
2013.03.13 17:05:39.610,1.33162,1.33183,2.44,1.50
2013.03.13 17:05:45.670,1.33164,1.33183,1.50,1.28
2013.03.13 17:05:45.927,1.33164,1.33183,1.50,1.28
2013.03.13 17:05:46.234,1.33167,1.33186,1.50,1.13
2013.03.13 17:05:46.944,1.33167,1.33186,1.50,1.13
2013.03.13 17:05:49.913,1.33168,1.33187,1.50,1.32
2013.03.13 17:05:50.520,1.33168,1.33187,1.50,1.32
2013.03.13 17:05:53.931,1.33168,1.33185,1.50,1.47
2013.03.13 17:05:54.242,1.33169,1.33185,1.50,1.47
2013.03.13 17:05:54.762,1.33169,1.33186,1.50,1.13
2013.03.13 17:05:57.993,1.33169,1.33186,1.50,1.13
2013.03.13 17:05:58.542,1.33169,1.33186,1.50,1.13
2013.03.13 17:05:59.090,1.33165,1.33186,1.50,1.13
2013.03.13 17:06:00.003,1.33165,1.33183,1.88,1.32
2013.03.13 17:06:00.143,1.33163,1.33183,1.88,1.65
2013.03.13 17:06:00.351,1.33163,1.33181,1.50,1.69
2013.03.13 17:06:00.981,1.3316,1.33181,1.13,1.69
2013.03.13 17:06:01.230,1.33164,1.33183,1.50,2.82
2013.03.13 17:06:01.292,1.33164,1.33183,1.50,1.32
2013.03.13 17:06:01.362,1.33164,1.33185,1.50,2.03
2013.03.13 17:06:01.432,1.33164,1.33185,1.50,2.03
2013.03.13 17:06:02.875,1.33164,1.33185,1.50,2.25
2013.03.13 17:06:03.064,1.33163,1.33183,1.50,1.47
2013.03.13 17:06:03.132,1.33162,1.33181,1.88,1.50
2013.03.13 17:06:03.595,1.33164,1.33185,1.50,2.25
2013.03.13 17:06:07.171,1.33162,1.33181,1.88,1.32
2013.03.13 17:06:07.291,1.33162,1.33181,1.13,1.50
2013.03.13 17:06:07.351,1.33163,1.33181,1.50,1.50
2013.03.13 17:06:07.601,1.33163,1.33183,1.50,1.28
2013.03.13 17:06:08.958,1.33164,1.33183,1.50,1.28
2013.03.13 17:06:10.502,1.33164,1.33185,1.50,1.88
2013.03.13 17:06:12.901,1.33166,1.33186,1.50,1.50
2013.03.13 17:06:15.390,1.33166,1.33186,1.65,1.13
2013.03.13 17:06:34.121,1.33166,1.33186,1.32,1.50
2013.03.13 17:06:34.674,1.33163,1.33186,1.65,1.65
2013.03.13 17:06:34.847,1.33163,1.33186,1.65,1.65
2013.03.13 17:06:34.972,1.33163,1.33186,1.65,3.15
2013.03.13 17:06:35.042,1.33163,1.33184,1.65,1.50
2013.03.13 17:06:35.372,1.33163,1.33184,1.65,1.50
2013.03.13 17:06:35.441,1.33163,1.33186,1.65,5.97
2013.03.13 17:06:35.632,1.33162,1.33185,1.88,2.22
2013.03.13 17:06:35.956,1.33162,1.33185,1.88,2.22
2013.03.13 17:06:36.025,1.33162,1.33185,1.88,2.40
2013.03.13 17:06:36.092,1.33163,1.33185,1.65,1.65
2013.03.13 17:06:36.222,1.33163,1.33185,1.65,1.47
2013.03.13 17:06:36.841,1.33163,1.33185,2.40,1.47
2013.03.13 17:06:37.298,1.33163,1.33185,2.40,2.59
2013.03.13 17:06:42.600,1.33163,1.33185,2.97,2.03
2013.03.13 17:06:43.590,1.33164,1.33185,1.65,1.28
2013.03.13 17:06:43.668,1.33164,1.33186,2.40,1.28
2013.03.13 17:06:50.482,1.33165,1.33186,1.50,1.65
2013.03.13 17:06:50.991,1.33165,1.33186,1.50,2.97
2013.03.13 17:06:52.472,1.33164,1.33186,1.28,2.97
2013.03.13 17:06:56.751,1.33163,1.33183,1.88,1.47
2013.03.13 17:06:57.072,1.33161,1.3318,1.28,1.50
2013.03.13 17:06:57.403,1.3316,1.33175,1.13,1.50
2013.03.13 17:06:57.532,1.33159,1.33175,1.13,1.50
2013.03.13 17:06:59.949,1.3316,1.33175,1.13,1.50
2013.03.13 17:07:00.462,1.3316,1.33176,1.13,2.25
2013.03.13 17:07:01.073,1.3316,1.33179,1.13,1.88
2013.03.13 17:07:01.143,1.3316,1.33179,1.13,1.88
2013.03.13 17:07:02.237,1.3316,1.33179,1.13,1.13
2013.03.13 17:07:02.302,1.3316,1.33179,1.13,1.88
2013.03.13 17:07:02.753,1.33154,1.33175,1.65,1.65
2013.03.13 17:07:02.824,1.33154,1.33175,1.65,2.22
2013.03.13 17:07:03.394,1.33153,1.33175,2.63,2.40
2013.03.13 17:07:03.582,1.33153,1.33175,2.25,2.03
2013.03.13 17:07:05.502,1.33156,1.33176,1.50,1.65
2013.03.13 17:07:05.812,1.33156,1.33176,1.50,1.65
2013.03.13 17:07:08.934,1.3316,1.33179,1.65,1.88
2013.03.13 17:07:09.006,1.33161,1.33181,1.65,1.88
2013.03.13 17:07:09.072,1.33162,1.33181,1.65,1.88
2013.03.13 17:07:10.651,1.33162,1.33182,1.65,1.13
2013.03.13 17:07:15.854,1.33162,1.33181,1.65,1.50
2013.03.13 17:07:16.171,1.3316,1.33176,1.13,1.50
2013.03.13 17:07:18.715,1.3316,1.33176,1.13,1.50
2013.03.13 17:07:18.786,1.33157,1.33173,1.13,1.32
2013.03.13 17:07:18.984,1.33153,1.33172,1.32,1.65
2013.03.13 17:07:19.661,1.33156,1.33173,2.25,2.07
2013.03.13 17:07:19.781,1.33157,1.33173,1.50,2.07
2013.03.13 17:07:23.642,1.33156,1.33173,1.50,1.88
2013.03.13 17:07:23.717,1.33155,1.33173,1.50,1.69
2013.03.13 17:07:24.642,1.33156,1.33174,1.50,1.50
2013.03.13 17:07:25.154,1.33157,1.33176,1.50,2.25
2013.03.13 17:07:28.761,1.33155,1.3317,1.50,1.50
2013.03.13 17:07:28.822,1.33155,1.33168,1.50,1.32
2013.03.13 17:07:29.083,1.33149,1.33166,2.40,1.50
2013.03.13 17:07:29.211,1.33149,1.33166,2.40,1.69
2013.03.13 17:07:29.281,1.33149,1.33168,1.65,2.44
2013.03.13 17:07:31.462,1.33148,1.33168,1.13,1.32
2013.03.13 17:07:32.001,1.33147,1.33167,1.13,1.50
2013.03.13 17:07:32.305,1.33145,1.33154,2.25,1.32
2013.03.13 17:07:32.373,1.33143,1.33157,3.00,2.07
2013.03.13 17:07:32.444,1.33143,1.33159,1.50,1.50
2013.03.13 17:07:32.573,1.33139,1.33159,1.50,1.50
2013.03.13 17:07:32.644,1.33139,1.3316,1.50,1.69
2013.03.13 17:07:33.381,1.33138,1.33157,1.13,1.50
2013.03.13 17:07:34.992,1.33138,1.33154,1.13,1.50
2013.03.13 17:07:35.124,1.33134,1.33154,1.13,2.25
2013.03.13 17:07:36.030,1.33134,1.33154,1.13,2.25
2013.03.13 17:07:37.840,1.33134,1.33154,1.13,2.25
2013.03.13 17:07:40.530,1.33134,1.33154,1.13,2.25
2013.03.13 17:07:40.717,1.33136,1.33154,1.50,1.50
2013.03.13 17:07:41.284,1.33137,1.33157,2.25,1.32
2013.03.13 17:07:42.401,1.33137,1.33159,2.25,1.50
2013.03.13 17:07:42.522,1.3314,1.33161,1.50,2.59
2013.03.13 17:07:43.553,1.3314,1.33161,3.00,1.09
2013.03.13 17:07:44.232,1.3314,1.33163,2.25,3.34
2013.03.13 17:07:44.543,1.33139,1.33159,1.50,1.50
2013.03.13 17:07:44.673,1.33137,1.33159,1.13,1.69
2013.03.13 17:07:44.741,1.33137,1.33158,1.13,1.69
2013.03.13 17:07:45.404,1.33138,1.3316,1.50,3.19
2013.03.13 17:07:46.037,1.33138,1.3316,2.25,2.44
2013.03.13 17:07:49.179,1.33138,1.33158,1.50,1.09
2013.03.13 17:07:49.655,1.33143,1.33155,1.32,2.44
2013.03.13 17:07:49.936,1.33138,1.33154,1.13,1.32
2013.03.13 17:07:50.002,1.33137,1.33154,2.63,2.25
2013.03.13 17:07:50.133,1.33141,1.33154,1.50,1.50
2013.03.13 17:07:50.443,1.33141,1.3316,1.32,1.50
2013.03.13 17:07:51.802,1.33139,1.33161,3.00,1.13
2013.03.13 17:07:52.525,1.3314,1.33161,1.50,1.13
2013.03.13 17:07:53.732,1.33142,1.33163,1.50,2.44
2013.03.13 17:07:54.544,1.33143,1.33163,1.50,2.44
2013.03.13 17:08:00.545,1.33144,1.33163,2.25,1.13
2013.03.13 17:08:00.629,1.33147,1.33168,1.88,2.03
2013.03.13 17:08:09.196,1.33147,1.33165,1.88,1.50
2013.03.13 17:08:09.751,1.33144,1.33165,1.28,1.50
2013.03.13 17:08:10.085,1.33144,1.33164,1.28,1.50
2013.03.13 17:08:14.573,1.33144,1.33161,1.28,1.50
2013.03.13 17:08:16.235,1.33141,1.33161,1.05,1.50
2013.03.13 17:08:17.181,1.3314,1.33161,2.22,1.50
2013.03.13 17:08:22.230,1.33142,1.33162,1.32,2.78
2013.03.13 17:08:29.202,1.33141,1.3316,1.47,1.50
2013.03.13 17:08:29.524,1.33139,1.33159,1.13,1.69
2013.03.13 17:08:32.046,1.33136,1.33157,1.28,1.32
2013.03.13 17:08:32.370,1.33136,1.33157,1.05,1.69
2013.03.13 17:08:42.905,1.33134,1.33155,3.94,1.28
2013.03.13 17:08:45.821,1.33136,1.33156,1.65,1.28
2013.03.13 17:08:47.482,1.33136,1.33156,1.65,1.13
2013.03.13 17:08:47.551,1.33136,1.33156,1.65,1.13
2013.03.13 17:08:48.461,1.33139,1.33159,2.07,1.28
2013.03.13 17:08:48.797,1.3314,1.33155,1.50,1.32
2013.03.13 17:08:49.145,1.33136,1.33148,1.80,1.65
2013.03.13 17:08:49.454,1.3313,1.33148,1.50,1.47
2013.03.13 17:08:49.721,1.33129,1.33148,1.88,1.47
2013.03.13 17:08:55.292,1.3313,1.33151,1.88,1.13
2013.03.13 17:08:55.843,1.33132,1.33153,1.13,1.28
2013.03.13 17:08:57.411,1.33133,1.33154,1.88,1.28
2013.03.13 17:09:01.411,1.33133,1.33154,2.63,1.28
2013.03.13 17:09:02.460,1.33133,1.33154,1.88,1.28
2013.03.13 17:09:05.414,1.33135,1.33154,1.13,1.13
2013.03.13 17:09:05.902,1.33133,1.33154,1.50,1.13
2013.03.13 17:09:09.635,1.33133,1.33154,1.50,2.44
2013.03.13 17:09:19.872,1.33135,1.33153,1.13,1.32
2013.03.13 17:09:20.794,1.33134,1.33152,1.13,1.88
2013.03.13 17:09:21.356,1.33134,1.33154,1.13,1.84
2013.03.13 17:09:29.001,1.33134,1.33155,1.50,1.09
2013.03.13 17:09:29.603,1.33135,1.33154,1.88,1.28
2013.03.13 17:09:30.164,1.33133,1.33149,1.13,1.13
2013.03.13 17:09:30.291,1.33132,1.33149,1.50,1.13
2013.03.13 17:09:30.541,1.33128,1.33149,3.38,1.13
2013.03.13 17:09:31.391,1.33128,1.33149,2.63,1.13
2013.03.13 17:09:33.564,1.33127,1.33145,1.13,1.32
2013.03.13 17:09:33.813,1.33122,1.33142,3.75,1.50
2013.03.13 17:09:36.034,1.33122,1.33142,1.50,2.22
2013.03.13 17:09:36.108,1.33123,1.33143,1.32,1.84
2013.03.13 17:09:36.457,1.33127,1.33144,1.88,1.13
2013.03.13 17:09:42.242,1.33126,1.33147,2.63,1.09
2013.03.13 17:09:42.374,1.33125,1.33145,2.63,1.13
2013.03.13 17:09:42.741,1.33123,1.33144,1.50,1.50
2013.03.13 17:09:43.290,1.33122,1.33144,2.82,2.25
2013.03.13 17:09:44.301,1.33121,1.33143,1.13,1.65
2013.03.13 17:09:44.422,1.33119,1.33143,5.03,1.65
2013.03.13 17:09:44.495,1.33119,1.33141,4.28,1.50
2013.03.13 17:09:45.912,1.33123,1.33141,1.13,1.50
2013.03.13 17:09:46.242,1.33124,1.33144,1.50,1.50
2013.03.13 17:09:48.713,1.33127,1.33144,1.50,1.13
2013.03.13 17:09:50.162,1.33124,1.33144,1.13,2.63
2013.03.13 17:09:50.364,1.33121,1.3314,1.32,1.50
2013.03.13 17:09:50.924,1.33121,1.33139,1.32,1.88
2013.03.13 17:09:51.242,1.33121,1.33138,1.32,1.50
2013.03.13 17:09:51.372,1.33121,1.33138,1.32,1.50
2013.03.13 17:09:53.435,1.33121,1.33139,2.25,2.03
2013.03.13 17:09:53.506,1.33123,1.33143,1.88,1.65
2013.03.13 17:09:54.044,1.33123,1.33144,1.88,1.13
2013.03.13 17:09:54.611,1.33123,1.33144,1.88,1.13
2013.03.13 17:09:57.182,1.33123,1.33146,2.25,1.28
2013.03.13 17:09:57.821,1.33126,1.33146,1.50,1.28
2013.03.13 17:09:58.341,1.33123,1.33146,2.25,1.28
2013.03.13 17:09:59.243,1.33123,1.33146,2.25,2.03
2013.03.13 17:09:59.563,1.33122,1.33141,1.50,2.44
2013.03.13 17:10:00.522,1.3312,1.3314,1.13,1.88
2013.03.13 17:10:03.753,1.33122,1.3314,1.50,1.69
2013.03.13 17:10:04.652,1.33121,1.33138,1.88,1.47
2013.03.13 17:10:04.841,1.3312,1.33137,1.50,1.50
2013.03.13 17:10:06.153,1.3312,1.33138,1.50,1.47
2013.03.13 17:10:06.365,1.33121,1.33139,1.50,1.47
2013.03.13 17:10:06.723,1.33119,1.3314,1.50,1.69
2013.03.13 17:10:07.406,1.33118,1.33139,1.13,2.97
2013.03.13 17:10:07.913,1.33118,1.3314,1.88,1.13
2013.03.13 17:10:14.851,1.33117,1.33139,1.88,1.88
2013.03.13 17:10:14.910,1.33117,1.33139,2.03,1.65
2013.03.13 17:10:18.731,1.33117,1.33139,1.65,2.03
2013.03.13 17:10:18.924,1.33117,1.33139,1.65,2.03
2013.03.13 17:10:25.080,1.33117,1.33136,1.65,1.32
2013.03.13 17:10:25.655,1.33116,1.33134,1.13,1.32
2013.03.13 17:10:25.737,1.33111,1.33132,1.50,1.84
2013.03.13 17:10:25.921,1.33109,1.33127,1.50,1.69
2013.03.13 17:10:29.652,1.33111,1.33127,2.07,1.13
2013.03.13 17:10:32.152,1.33116,1.33133,1.32,2.03
2013.03.13 17:10:32.223,1.3312,1.33136,1.13,2.25
2013.03.13 17:10:32.297,1.33121,1.33139,1.32,3.00
2013.03.13 17:10:32.361,1.3312,1.33136,1.88,1.50
2013.03.13 17:10:32.483,1.33117,1.33133,3.19,1.32
2013.03.13 17:10:33.043,1.33113,1.33133,1.65,1.32
2013.03.13 17:10:36.754,1.33113,1.33133,1.65,2.07
2013.03.13 17:10:36.824,1.33113,1.33133,1.65,1.32
2013.03.13 17:10:37.011,1.33115,1.33135,1.32,1.13
2013.03.13 17:11:01.851,1.33116,1.33138,1.13,2.63
2013.03.13 17:11:06.567,1.3312,1.33138,1.13,2.63
2013.03.13 17:11:06.832,1.33121,1.33138,1.47,1.50
2013.03.13 17:11:08.137,1.33122,1.33138,1.47,1.50
2013.03.13 17:11:08.445,1.33118,1.33138,2.82,1.50
2013.03.13 17:11:09.023,1.33118,1.33138,1.50,2.44
2013.03.13 17:11:09.471,1.3312,1.33141,1.13,3.90
2013.03.13 17:11:09.612,1.33121,1.33141,2.03,1.65
2013.03.13 17:11:10.174,1.33121,1.33143,2.78,1.13
2013.03.13 17:11:14.237,1.33125,1.33144,1.50,1.50
2013.03.13 17:11:14.594,1.33131,1.33145,2.44,1.13
2013.03.13 17:11:16.009,1.33133,1.33154,2.03,1.88
2013.03.13 17:11:16.141,1.33134,1.33154,1.50,1.13
2013.03.13 17:11:16.678,1.33136,1.33156,1.50,1.50
2013.03.13 17:11:19.273,1.33134,1.33155,2.63,1.13
2013.03.13 17:11:26.233,1.33136,1.33155,2.25,1.50
2013.03.13 17:11:26.519,1.33144,1.33161,1.50,1.50
2013.03.13 17:11:26.662,1.33144,1.33164,1.50,2.40
2013.03.13 17:11:27.183,1.33144,1.33164,1.50,1.84
2013.03.13 17:11:28.631,1.33143,1.33164,2.25,1.65
2013.03.13 17:11:30.194,1.33141,1.33164,1.65,2.03
2013.03.13 17:11:30.384,1.33141,1.33161,1.65,1.50
2013.03.13 17:11:30.575,1.33141,1.33159,1.65,1.13
2013.03.13 17:11:30.881,1.33134,1.33155,1.50,2.25
2013.03.13 17:11:36.674,1.33132,1.33154,2.97,2.03
2013.03.13 17:11:40.504,1.33132,1.33154,2.40,2.22
2013.03.13 17:11:40.574,1.33131,1.3315,1.65,1.50
2013.03.13 17:11:40.892,1.33131,1.3315,1.65,1.32
2013.03.13 17:11:41.349,1.33131,1.33152,2.40,1.13
2013.03.13 17:11:43.785,1.33134,1.33152,1.50,1.13
2013.03.13 17:11:53.144,1.33134,1.33156,3.15,1.65
2013.03.13 17:11:57.052,1.33134,1.33155,3.53,2.07
2013.03.13 17:12:02.282,1.33134,1.33154,1.50,1.13
2013.03.13 17:12:10.102,1.33134,1.33154,2.63,1.13
2013.03.13 17:12:11.370,1.33134,1.33154,1.50,1.13
2013.03.13 17:12:31.454,1.33134,1.33154,2.82,1.13
2013.03.13 17:12:31.528,1.33136,1.33155,1.50,1.13
2013.03.13 17:12:31.595,1.33137,1.33155,1.32,1.13
2013.03.13 17:12:31.945,1.33141,1.33159,1.32,1.13
2013.03.13 17:12:33.902,1.33141,1.33156,1.50,1.28
2013.03.13 17:12:33.972,1.3314,1.33153,1.50,1.32
2013.03.13 17:12:34.765,1.33136,1.33151,1.13,1.50
2013.03.13 17:12:34.839,1.33136,1.33151,1.13,1.50
2013.03.13 17:12:34.972,1.33136,1.33157,1.50,2.59
2013.03.13 17:12:35.602,1.33136,1.33157,1.50,2.22
2013.03.13 17:12:35.735,1.33134,1.33152,1.65,1.50
2013.03.13 17:12:40.024,1.33136,1.33155,1.50,1.69
2013.03.13 17:12:40.092,1.33136,1.33156,1.50,1.65
2013.03.13 17:12:40.284,1.33136,1.33157,1.50,2.22
2013.03.13 17:12:40.592,1.3314,1.33158,1.50,1.13
2013.03.13 17:12:41.124,1.33142,1.33159,1.50,1.13
2013.03.13 17:12:41.680,1.33141,1.33159,1.13,1.13
2013.03.13 17:12:46.312,1.33143,1.33162,1.13,1.28
2013.03.13 17:12:46.442,1.33143,1.33163,1.13,1.80
2013.03.13 17:12:46.974,1.33143,1.33163,1.88,1.65
2013.03.13 17:12:47.527,1.33143,1.33163,1.13,1.65
2013.03.13 17:12:49.635,1.33143,1.33165,1.88,1.88
2013.03.13 17:12:49.922,1.33144,1.33165,1.50,1.13
2013.03.13 17:12:50.528,1.33147,1.33168,2.82,1.65
2013.03.13 17:12:51.001,1.33148,1.33168,1.50,1.65
2013.03.13 17:12:55.411,1.3315,1.3317,1.50,1.28
2013.03.13 17:12:59.471,1.3315,1.33168,1.32,1.28
2013.03.13 17:12:59.773,1.33149,1.33168,1.32,1.28
2013.03.13 17:13:01.794,1.33153,1.33172,1.35,1.28
2013.03.13 17:13:01.874,1.33154,1.33173,2.78,2.25
2013.03.13 17:13:02.225,1.33166,1.33178,1.50,2.25
2013.03.13 17:13:02.295,1.33166,1.33182,1.50,1.50
2013.03.13 17:13:02.543,1.33166,1.33185,1.50,1.88
2013.03.13 17:13:04.377,1.33162,1.3318,1.50,1.13
2013.03.13 17:13:04.698,1.33161,1.3318,1.47,1.88
2013.03.13 17:13:06.433,1.3316,1.33179,1.80,1.13
2013.03.13 17:13:06.742,1.33163,1.33181,1.50,1.88
2013.03.13 17:13:06.934,1.33164,1.33184,1.50,1.50
2013.03.13 17:13:07.384,1.33163,1.33184,1.50,1.50
2013.03.13 17:13:07.632,1.33163,1.33182,1.50,1.50
2013.03.13 17:13:07.978,1.33165,1.33184,1.32,1.50
2013.03.13 17:13:08.361,1.33163,1.3318,1.32,1.13
2013.03.13 17:13:08.682,1.33158,1.33178,2.44,1.13
2013.03.13 17:13:15.141,1.33158,1.33179,1.88,1.50
2013.03.13 17:13:20.718,1.3316,1.33179,1.13,1.50
2013.03.13 17:13:24.431,1.3316,1.33178,1.13,1.50
2013.03.13 17:13:24.979,1.33155,1.33175,1.28,1.88
2013.03.13 17:13:25.112,1.33155,1.3317,1.13,1.47
2013.03.13 17:13:36.621,1.33153,1.33175,2.25,1.88
2013.03.13 17:13:40.341,1.33157,1.33175,1.50,1.28
2013.03.13 17:13:40.720,1.33157,1.33177,1.50,2.59
2013.03.13 17:13:41.021,1.33157,1.33177,2.82,1.88
2013.03.13 17:13:41.270,1.33161,1.3318,1.50,2.25
2013.03.13 17:13:54.262,1.33157,1.33179,3.00,1.65
2013.03.13 17:13:54.515,1.33156,1.33177,1.50,1.50
2013.03.13 17:13:55.164,1.3315,1.33169,1.13,2.63
2013.03.13 17:13:55.494,1.33151,1.33168,1.13,1.88
2013.03.13 17:13:55.802,1.33151,1.33169,1.13,1.88
2013.03.13 17:13:56.357,1.33152,1.33169,1.13,1.88
2013.03.13 17:14:00.561,1.33152,1.33172,1.13,1.88
2013.03.13 17:14:06.430,1.33152,1.33171,1.13,1.13
2013.03.13 17:14:12.700,1.33152,1.33172,1.13,1.13
2013.03.13 17:14:13.891,1.33152,1.33173,1.13,2.03
2013.03.13 17:14:17.080,1.3315,1.33172,1.50,1.13
2013.03.13 17:14:17.271,1.33147,1.33164,1.50,1.32
2013.03.13 17:14:17.450,1.33149,1.33166,2.07,1.50
2013.03.13 17:14:17.570,1.33149,1.33169,1.32,1.88
2013.03.13 17:14:19.611,1.33148,1.33171,2.25,1.32
2013.03.13 17:14:19.681,1.33147,1.33163,2.82,1.32
2013.03.13 17:14:19.812,1.33145,1.33161,1.50,1.69
2013.03.13 17:14:20.121,1.33143,1.33165,1.88,1.13
2013.03.13 17:14:20.381,1.33146,1.33166,1.32,1.69
2013.03.13 17:14:20.451,1.33147,1.33167,1.50,2.03
2013.03.13 17:14:20.524,1.33147,1.33168,1.50,1.28
2013.03.13 17:14:21.430,1.33147,1.3317,1.50,3.00
2013.03.13 17:14:23.193,1.33145,1.33166,3.75,1.50
2013.03.13 17:14:23.450,1.33147,1.33169,1.50,1.50
2013.03.13 17:14:24.121,1.33148,1.33169,2.25,1.50
2013.03.13 17:14:24.784,1.33148,1.33169,1.50,1.50
2013.03.13 17:14:25.217,1.33155,1.33169,1.50,1.13
2013.03.13 17:14:25.284,1.33156,1.33174,1.50,1.50
2013.03.13 17:14:25.422,1.33156,1.33176,1.50,3.00
2013.03.13 17:14:25.683,1.33157,1.33177,1.32,1.28
2013.03.13 17:14:28.075,1.33164,1.33182,1.13,1.50
2013.03.13 17:14:28.151,1.33164,1.33185,1.13,2.40
2013.03.13 17:14:28.640,1.33164,1.33185,1.13,2.97
2013.03.13 17:14:29.001,1.3316,1.33181,1.28,1.50
2013.03.13 17:14:29.371,1.33158,1.3318,1.28,2.25
2013.03.13 17:14:31.442,1.33157,1.33178,2.03,1.13
2013.03.13 17:14:31.511,1.33157,1.33178,1.88,1.13
2013.03.13 17:14:32.071,1.33157,1.33176,1.88,1.13
2013.03.13 17:14:39.531,1.33155,1.33176,1.65,1.13
2013.03.13 17:14:47.212,1.33159,1.33176,1.50,1.13
2013.03.13 17:14:47.552,1.33172,1.33188,1.13,1.50
2013.03.13 17:14:47.681,1.33172,1.33191,1.13,1.13
2013.03.13 17:14:48.292,1.33172,1.33189,1.13,1.50
2013.03.13 17:14:51.722,1.33163,1.33184,1.24,1.13
2013.03.13 17:14:51.851,1.33162,1.33184,1.28,1.13
2013.03.13 17:14:52.613,1.33161,1.33182,2.63,1.65
2013.03.13 17:14:54.578,1.33161,1.3318,1.13,1.50
2013.03.13 17:14:54.821,1.33159,1.33182,1.88,1.65
2013.03.13 17:14:54.951,1.33162,1.3318,2.22,1.50
2013.03.13 17:14:55.261,1.33164,1.33184,1.50,1.50
2013.03.13 17:14:55.421,1.33164,1.33185,1.50,2.25
2013.03.13 17:15:01.181,1.33166,1.33185,1.50,1.13
2013.03.13 17:15:03.572,1.33166,1.33186,1.50,1.13
2013.03.13 17:15:04.261,1.33166,1.33189,1.50,3.53
2013.03.13 17:15:06.820,1.33167,1.33189,1.13,2.40
2013.03.13 17:15:07.001,1.33167,1.33188,1.13,1.09
2013.03.13 17:15:08.721,1.33167,1.33187,1.13,1.88
2013.03.13 17:15:09.033,1.33177,1.33194,1.13,3.00
2013.03.13 17:15:09.161,1.33177,1.33194,1.88,1.50
2013.03.13 17:15:09.230,1.33177,1.33197,1.88,1.95
2013.03.13 17:15:10.331,1.33179,1.33198,1.65,1.28
2013.03.13 17:15:10.882,1.33179,1.33198,1.65,1.28
2013.03.13 17:15:11.072,1.33183,1.33198,1.50,1.28
2013.03.13 17:15:11.381,1.33186,1.33205,1.50,2.40
2013.03.13 17:15:11.922,1.33184,1.33201,1.50,1.13
2013.03.13 17:15:12.053,1.33181,1.332,1.32,1.13
2013.03.13 17:15:12.595,1.33179,1.332,2.78,2.63
2013.03.13 17:15:13.238,1.33178,1.33199,1.65,2.03
2013.03.13 17:15:16.242,1.33177,1.33199,1.13,4.88
2013.03.13 17:15:16.312,1.33176,1.33195,1.13,2.10
2013.03.13 17:15:16.801,1.33177,1.33198,1.13,2.03
2013.03.13 17:15:17.830,1.33177,1.33196,1.13,1.13
2013.03.13 17:15:18.151,1.33175,1.33194,1.13,1.88
2013.03.13 17:15:24.002,1.33175,1.33193,1.13,1.13
2013.03.13 17:15:24.600,1.33175,1.33194,1.13,1.13
2013.03.13 17:15:25.070,1.33173,1.33194,1.80,1.28
2013.03.13 17:15:28.646,1.33172,1.33191,1.13,1.50
2013.03.13 17:15:28.997,1.33172,1.33188,1.13,1.50
2013.03.13 17:15:29.313,1.33171,1.33188,1.13,2.44
2013.03.13 17:15:31.161,1.33174,1.33188,1.47,1.69
2013.03.13 17:15:31.411,1.33178,1.33196,1.50,1.50
2013.03.13 17:15:32.152,1.33177,1.33197,1.50,2.25
2013.03.13 17:15:32.462,1.33175,1.33197,2.25,1.69
2013.03.13 17:15:38.952,1.33172,1.33194,1.13,1.28
2013.03.13 17:15:39.025,1.33172,1.33193,1.13,1.65
2013.03.13 17:15:39.223,1.33167,1.33186,2.40,1.88
2013.03.13 17:15:39.741,1.33165,1.33186,1.50,2.63
2013.03.13 17:15:42.031,1.33166,1.33187,1.32,1.50
2013.03.13 17:15:42.742,1.33169,1.33188,1.50,1.13
2013.03.13 17:15:42.931,1.33172,1.33192,1.88,2.25
2013.03.13 17:15:43.479,1.33173,1.33193,1.65,1.28
2013.03.13 17:15:44.890,1.33174,1.33195,1.65,1.13
2013.03.13 17:15:45.251,1.33175,1.33195,1.50,1.13
2013.03.13 17:15:45.571,1.33176,1.33197,2.07,1.50
2013.03.13 17:15:45.761,1.33175,1.33195,3.00,1.13
2013.03.13 17:15:47.133,1.33176,1.33196,1.50,1.13
2013.03.13 17:15:47.804,1.33176,1.33198,1.50,1.50
2013.03.13 17:15:51.121,1.33182,1.33199,1.13,1.13
2013.03.13 17:15:51.672,1.33179,1.33199,1.28,1.13
2013.03.13 17:15:52.814,1.33182,1.332,1.13,1.88
2013.03.13 17:15:53.074,1.33183,1.33203,1.47,1.69
2013.03.13 17:15:53.143,1.33184,1.33204,1.65,3.00
2013.03.13 17:15:53.738,1.33185,1.33206,1.50,1.28
2013.03.13 17:15:54.282,1.33184,1.33206,2.40,1.28
2013.03.13 17:15:58.029,1.33184,1.33205,1.65,2.78
2013.03.13 17:15:59.802,1.33184,1.33205,1.65,2.78
2013.03.13 17:16:04.302,1.33185,1.33206,2.25,1.65
2013.03.13 17:16:06.692,1.33186,1.33208,1.65,2.03
2013.03.13 17:16:11.182,1.33184,1.33208,2.63,2.59
2013.03.13 17:16:11.552,1.33184,1.33205,1.13,1.35
2013.03.13 17:16:11.753,1.33178,1.33198,1.28,1.88
2013.03.13 17:16:12.311,1.33177,1.33197,2.22,1.28
2013.03.13 17:16:15.836,1.33177,1.33196,1.65,1.65
2013.03.13 17:16:15.903,1.33175,1.33195,1.88,1.50
2013.03.13 17:16:16.462,1.33175,1.33195,1.13,1.88
2013.03.13 17:16:17.873,1.33175,1.33194,1.13,1.50
2013.03.13 17:16:17.945,1.33175,1.33189,1.13,1.50
2013.03.13 17:16:18.196,1.33167,1.33188,3.00,1.84
2013.03.13 17:16:18.879,1.33166,1.33188,3.34,3.34
2013.03.13 17:16:18.957,1.33166,1.33187,2.59,1.65
2013.03.13 17:16:28.052,1.33167,1.33188,1.50,1.84
2013.03.13 17:16:29.021,1.33166,1.33187,2.40,1.65
2013.03.13 17:16:30.568,1.33166,1.33187,2.40,1.65
2013.03.13 17:16:32.061,1.33166,1.33187,1.65,2.40
2013.03.13 17:16:34.211,1.33166,1.33187,1.65,2.40
2013.03.13 17:16:45.201,1.33166,1.33187,2.44,2.63
2013.03.13 17:16:45.263,1.33172,1.3319,1.50,1.32
2013.03.13 17:16:45.512,1.33172,1.33192,1.50,1.28
2013.03.13 17:16:47.355,1.33172,1.33195,1.50,3.94
2013.03.13 17:16:47.482,1.3317,1.33193,3.38,1.28
2013.03.13 17:16:47.552,1.3317,1.33191,1.32,1.50
2013.03.13 17:16:47.741,1.33169,1.33188,1.13,1.50
2013.03.13 17:16:47.932,1.33166,1.33188,2.07,1.69
2013.03.13 17:16:49.073,1.33166,1.33188,2.07,1.69
2013.03.13 17:17:02.633,1.33166,1.33187,1.65,1.50
2013.03.13 17:17:16.931,1.33166,1.33188,1.65,2.97
2013.03.13 17:17:17.243,1.33171,1.3319,1.35,1.13
2013.03.13 17:17:17.791,1.3317,1.3319,1.13,1.13
2013.03.13 17:17:18.161,1.33168,1.33189,1.32,1.88
2013.03.13 17:17:21.941,1.33167,1.33189,2.25,1.88
2013.03.13 17:17:25.401,1.33168,1.33189,1.13,1.13
2013.03.13 17:17:27.802,1.33171,1.33192,2.25,1.84
2013.03.13 17:17:30.323,1.33169,1.33188,1.50,1.28
2013.03.13 17:17:30.763,1.33168,1.33187,1.50,1.09
2013.03.13 17:17:31.282,1.33167,1.33187,1.50,1.65
2013.03.13 17:17:34.113,1.33167,1.33186,2.25,1.69
2013.03.13 17:17:34.312,1.33162,1.33181,2.03,1.50
2013.03.13 17:17:37.695,1.33162,1.33182,2.03,2.25
2013.03.13 17:17:37.777,1.3316,1.33173,1.88,1.13
2013.03.13 17:17:37.853,1.33158,1.33173,1.13,1.88
2013.03.13 17:17:37.982,1.33155,1.33174,1.73,2.25
2013.03.13 17:17:38.113,1.33156,1.33174,1.50,1.47
2013.03.13 17:17:38.182,1.33157,1.33176,2.25,1.69
2013.03.13 17:17:38.313,1.33158,1.33176,1.50,1.13
2013.03.13 17:17:38.623,1.33162,1.33176,1.50,1.13
2013.03.13 17:17:38.694,1.33165,1.33183,2.10,1.88
2013.03.13 17:17:38.762,1.33166,1.33184,1.88,1.13
2013.03.13 17:17:40.280,1.33167,1.33183,1.50,1.13
2013.03.13 17:17:40.642,1.33162,1.33182,1.50,1.32
2013.03.13 17:17:40.900,1.33162,1.33182,1.50,1.32
2013.03.13 17:17:41.437,1.33161,1.33182,1.50,1.32
2013.03.13 17:17:43.584,1.33161,1.33174,1.50,1.32
2013.03.13 17:17:43.723,1.33157,1.33175,2.25,1.69
2013.03.13 17:17:43.855,1.33157,1.33172,1.50,1.50
2013.03.13 17:17:44.162,1.33162,1.33177,2.25,1.50
2013.03.13 17:17:44.233,1.33162,1.33178,2.25,1.50
2013.03.13 17:17:44.363,1.33158,1.33178,3.19,1.50
2013.03.13 17:17:45.041,1.33159,1.33178,1.50,1.50
2013.03.13 17:17:45.621,1.33158,1.33178,2.63,1.50
2013.03.13 17:17:45.861,1.33158,1.33179,2.63,2.25
2013.03.13 17:17:46.342,1.33159,1.33179,1.88,1.50
2013.03.13 17:17:46.470,1.33159,1.33179,1.88,1.50
2013.03.13 17:17:49.961,1.33159,1.33179,1.13,1.50
2013.03.13 17:17:52.273,1.3316,1.3318,1.50,1.88
2013.03.13 17:17:52.719,1.33158,1.33179,2.82,1.50
2013.03.13 17:17:57.082,1.33158,1.33178,2.07,2.25
2013.03.13 17:17:57.572,1.33158,1.33178,2.07,2.63
2013.03.13 17:18:05.182,1.33162,1.33179,1.32,1.50
2013.03.13 17:18:05.323,1.33162,1.33182,1.32,1.88
2013.03.13 17:18:05.632,1.33162,1.33182,1.32,1.13
2013.03.13 17:18:06.165,1.33162,1.33182,2.07,1.88
2013.03.13 17:18:08.982,1.33162,1.33183,1.65,2.03
2013.03.13 17:18:09.373,1.33169,1.33185,1.50,1.50
2013.03.13 17:18:09.681,1.33164,1.33185,2.07,1.50
2013.03.13 17:18:10.881,1.33163,1.33184,1.28,2.78
2013.03.13 17:18:13.292,1.33162,1.33184,1.05,3.15
2013.03.13 17:18:13.552,1.33168,1.33184,2.82,1.65
2013.03.13 17:18:13.744,1.33168,1.33184,1.50,2.40
2013.03.13 17:18:14.353,1.33162,1.33184,1.05,2.78
2013.03.13 17:18:14.483,1.33162,1.33182,1.65,1.69
2013.03.13 17:18:14.873,1.33163,1.33182,1.50,1.13
2013.03.13 17:18:18.419,1.33162,1.33179,1.65,1.32
2013.03.13 17:18:18.481,1.33161,1.33179,2.40,1.32
2013.03.13 17:18:19.481,1.33161,1.33178,1.65,1.69
2013.03.13 17:18:19.922,1.3316,1.33177,1.13,2.25
2013.03.13 17:18:25.129,1.33158,1.33175,1.50,1.32
2013.03.13 17:18:25.313,1.33158,1.33174,1.50,1.09
2013.03.13 17:18:28.393,1.33159,1.33174,1.32,1.09
2013.03.13 17:18:29.201,1.33164,1.33179,2.07,1.13
2013.03.13 17:18:29.768,1.33167,1.33182,1.50,1.50
2013.03.13 17:18:31.233,1.33167,1.33183,1.50,1.13
2013.03.13 17:18:31.432,1.33167,1.33186,1.50,1.50
2013.03.13 17:18:31.980,1.33169,1.33187,1.50,1.09
2013.03.13 17:18:36.912,1.3317,1.33189,2.07,1.32
2013.03.13 17:18:36.983,1.33173,1.33189,1.50,1.32
2013.03.13 17:18:37.531,1.33173,1.33189,1.50,1.13
2013.03.13 17:18:37.711,1.33172,1.33189,1.50,2.44
2013.03.13 17:18:45.663,1.33172,1.33189,1.50,1.32
2013.03.13 17:18:45.792,1.33174,1.33189,1.50,1.32
2013.03.13 17:18:46.280,1.33174,1.33193,1.50,2.03
2013.03.13 17:19:01.501,1.33173,1.33193,2.25,1.65
2013.03.13 17:19:11.352,1.33173,1.33193,1.50,1.88
2013.03.13 17:19:11.490,1.33173,1.33188,1.50,1.13
2013.03.13 17:19:11.731,1.33173,1.33193,2.25,3.57
2013.03.13 17:19:12.549,1.33175,1.33193,1.50,1.28
2013.03.13 17:19:19.897,1.3318,1.33193,1.50,1.28
2013.03.13 17:19:19.964,1.3318,1.33199,2.25,2.22
2013.03.13 17:19:20.094,1.33182,1.33201,1.50,2.63
2013.03.13 17:19:20.163,1.33187,1.33201,1.13,1.88
2013.03.13 17:19:20.351,1.33187,1.33207,1.88,1.88
2013.03.13 17:19:21.141,1.33187,1.33206,1.88,1.32
2013.03.13 17:19:21.503,1.33185,1.33203,1.13,1.50
2013.03.13 17:19:25.202,1.33187,1.33206,1.69,1.50
2013.03.13 17:19:25.703,1.33187,1.33209,2.44,1.05
2013.03.13 17:19:25.893,1.33189,1.33209,1.65,1.05
2013.03.13 17:19:26.452,1.33189,1.33209,1.65,1.05
2013.03.13 17:19:26.522,1.33189,1.33209,1.65,1.05
2013.03.13 17:19:26.712,1.33187,1.33206,1.88,1.50
2013.03.13 17:19:27.032,1.33184,1.33201,1.69,1.50
2013.03.13 17:19:27.700,1.33182,1.33203,1.13,3.75
2013.03.13 17:19:31.581,1.33186,1.33203,1.13,2.07
2013.03.13 17:19:34.564,1.33182,1.33203,1.88,2.44
2013.03.13 17:19:35.442,1.3318,1.33201,2.03,1.13
2013.03.13 17:19:36.901,1.33179,1.332,2.78,1.65
2013.03.13 17:19:38.501,1.33179,1.33198,2.03,1.50
2013.03.13 17:19:39.070,1.33176,1.33197,1.88,1.50
2013.03.13 17:19:39.912,1.33176,1.33196,1.13,1.50
2013.03.13 17:19:40.770,1.33176,1.33196,1.13,1.50
2013.03.13 17:19:42.125,1.33176,1.33196,1.13,2.82
2013.03.13 17:19:46.385,1.33178,1.33196,1.13,2.07
2013.03.13 17:19:46.692,1.33178,1.33199,1.88,2.03
2013.03.13 17:20:05.334,1.33182,1.33201,1.50,1.65
2013.03.13 17:20:05.402,1.33184,1.33203,1.50,1.13
2013.03.13 17:20:06.383,1.33184,1.33204,2.40,1.13
2013.03.13 17:20:09.160,1.33184,1.33205,2.40,1.13
2013.03.13 17:20:09.851,1.33184,1.33205,2.40,1.69
2013.03.13 17:20:10.161,1.33183,1.33201,1.13,1.69
2013.03.13 17:20:17.261,1.33181,1.33199,1.13,1.32
2013.03.13 17:20:17.321,1.3318,1.33199,1.50,1.88
2013.03.13 17:20:17.441,1.33177,1.33197,1.88,1.09
2013.03.13 17:20:18.131,1.33177,1.33196,1.13,1.50
2013.03.13 17:20:21.792,1.33175,1.33196,1.50,2.07
2013.03.13 17:20:22.561,1.33175,1.33196,1.50,2.25
2013.03.13 17:20:22.621,1.33175,1.33196,2.25,2.25
2013.03.13 17:20:23.131,1.33175,1.33196,3.00,2.44
2013.03.13 17:20:25.611,1.33175,1.33196,2.25,1.13
2013.03.13 17:20:25.922,1.33173,1.33185,1.13,1.32
2013.03.13 17:20:26.052,1.33169,1.33185,1.50,1.32
2013.03.13 17:20:26.182,1.33169,1.3319,1.32,1.13
2013.03.13 17:20:26.311,1.3317,1.33192,1.32,1.88
2013.03.13 17:20:26.895,1.33173,1.33192,1.50,1.13
2013.03.13 17:20:27.492,1.33171,1.33192,1.50,1.88
2013.03.13 17:20:28.093,1.33171,1.3319,1.50,1.13
2013.03.13 17:20:28.353,1.33173,1.33193,2.44,1.13
2013.03.13 17:20:29.725,1.33174,1.33187,2.63,1.50
2013.03.13 17:20:29.938,1.33171,1.33188,1.50,1.13
2013.03.13 17:20:30.132,1.33168,1.33188,1.50,1.13
2013.03.13 17:20:30.622,1.33169,1.33189,1.50,1.69
2013.03.13 17:20:30.934,1.33172,1.33187,1.50,1.69
2013.03.13 17:20:31.002,1.33169,1.33183,1.13,1.32
2013.03.13 17:20:31.551,1.33165,1.33183,1.65,1.32
2013.03.13 17:20:31.851,1.33166,1.33186,1.47,1.47
2013.03.13 17:20:31.971,1.33168,1.33187,1.32,1.32
2013.03.13 17:20:32.491,1.33168,1.33187,2.07,1.13
2013.03.13 17:20:34.123,1.33169,1.33187,1.50,1.13
2013.03.13 17:20:34.433,1.3317,1.33187,1.32,1.13
2013.03.13 17:20:35.342,1.33168,1.33188,2.40,1.13
2013.03.13 17:20:38.644,1.33167,1.33185,2.03,1.65
2013.03.13 17:20:39.192,1.33168,1.33188,1.88,1.88
2013.03.13 17:20:40.182,1.33168,1.33185,1.88,1.47
2013.03.13 17:20:40.431,1.33164,1.33184,2.25,1.69
2013.03.13 17:20:40.671,1.33165,1.33183,1.65,1.69
2013.03.13 17:20:40.971,1.33165,1.33186,2.40,3.15
2013.03.13 17:20:44.812,1.33168,1.33186,1.50,1.65
2013.03.13 17:20:45.132,1.3317,1.33184,1.50,1.65
2013.03.13 17:20:45.563,1.33173,1.33188,1.50,2.25
2013.03.13 17:20:47.491,1.33172,1.33188,1.50,1.13
2013.03.13 17:20:48.092,1.33171,1.33188,1.50,1.69
2013.03.13 17:20:48.319,1.33165,1.33184,1.13,1.65
2013.03.13 17:20:50.696,1.33165,1.33184,1.88,1.65
2013.03.13 17:20:51.981,1.33164,1.33184,2.63,1.65
2013.03.13 17:20:53.549,1.33165,1.33186,1.88,1.69
2013.03.13 17:20:53.912,1.33167,1.33189,1.50,1.88
2013.03.13 17:20:54.231,1.33169,1.33189,1.50,1.88
2013.03.13 17:20:54.413,1.33174,1.33191,1.65,1.13
2013.03.13 17:20:54.602,1.33175,1.33191,3.90,1.13
2013.03.13 17:20:54.672,1.33175,1.33191,3.15,1.13
2013.03.13 17:20:54.861,1.33174,1.33191,2.40,1.69
2013.03.13 17:20:55.101,1.33166,1.33184,2.70,1.69
2013.03.13 17:20:55.162,1.33166,1.33186,1.88,1.13
2013.03.13 17:20:55.232,1.33166,1.33189,3.38,2.07
2013.03.13 17:20:56.265,1.33169,1.33189,2.25,1.88
2013.03.13 17:20:59.872,1.33172,1.33189,1.50,1.13
2013.03.13 17:21:00.002,1.33174,1.33192,1.50,1.13
2013.03.13 17:21:00.072,1.33176,1.33192,1.50,1.13
2013.03.13 17:21:01.239,1.33176,1.33192,1.50,1.13
2013.03.13 17:21:03.564,1.33177,1.33196,2.25,1.05
2013.03.13 17:21:03.772,1.33182,1.332,1.50,1.13
2013.03.13 17:21:14.451,1.33184,1.33204,2.03,1.50
2013.03.13 17:21:14.512,1.33184,1.33205,2.78,1.84
2013.03.13 17:21:15.961,1.33186,1.33205,1.50,1.65
2013.03.13 17:21:16.631,1.33186,1.33207,2.25,3.15
2013.03.13 17:21:26.384,1.33189,1.33207,1.13,1.13
2013.03.13 17:21:26.889,1.3319,1.33208,1.88,1.13
2013.03.13 17:21:26.951,1.33189,1.33208,2.07,1.13
2013.03.13 17:21:27.506,1.33189,1.33207,2.07,1.13
2013.03.13 17:21:29.976,1.33189,1.33206,1.50,1.13
2013.03.13 17:21:31.137,1.33189,1.33208,1.50,1.88
2013.03.13 17:21:40.373,1.33189,1.33208,2.25,1.88
2013.03.13 17:21:40.887,1.33189,1.33208,1.50,1.88
2013.03.13 17:21:42.874,1.33189,1.33208,2.25,1.88
2013.03.13 17:21:45.893,1.33189,1.33208,2.25,1.88
2013.03.13 17:21:49.406,1.33188,1.33206,2.25,1.50
2013.03.13 17:21:49.550,1.33185,1.33203,1.65,1.50
2013.03.13 17:21:49.683,1.33185,1.33205,1.65,1.47
2013.03.13 17:21:51.724,1.33185,1.33205,1.65,1.65
2013.03.13 17:22:05.203,1.33185,1.33206,1.65,1.50
2013.03.13 17:22:05.675,1.33182,1.33196,1.88,1.32
2013.03.13 17:22:05.924,1.3318,1.33199,1.50,1.09
2013.03.13 17:22:06.113,1.33181,1.33201,1.50,1.32
2013.03.13 17:22:06.772,1.33181,1.33201,1.50,1.13
2013.03.13 17:22:07.082,1.33182,1.33201,2.25,1.50
2013.03.13 17:22:08.662,1.33184,1.33203,1.13,2.07
2013.03.13 17:22:08.732,1.33187,1.33206,1.50,1.32
2013.03.13 17:22:08.882,1.33188,1.33206,1.50,1.32
2013.03.13 17:22:09.423,1.33186,1.33206,1.65,1.13
2013.03.13 17:22:23.073,1.33188,1.33209,1.50,2.44
2013.03.13 17:22:23.663,1.33187,1.33209,1.88,2.44
2013.03.13 17:22:52.783,1.33185,1.33205,2.25,1.47
2013.03.13 17:22:53.093,1.33184,1.33205,1.28,1.47
2013.03.13 17:22:53.230,1.33184,1.33201,1.28,1.32
2013.03.13 17:22:55.372,1.33183,1.33204,1.65,1.32
2013.03.13 17:23:04.102,1.33183,1.33203,1.65,1.32
2013.03.13 17:23:09.632,1.33184,1.33203,1.50,1.47
2013.03.13 17:23:23.316,1.33184,1.33203,1.50,1.69
2013.03.13 17:23:25.892,1.33185,1.33205,1.65,1.84
2013.03.13 17:23:30.122,1.33184,1.33203,3.90,1.32
2013.03.13 17:23:31.761,1.33187,1.33203,2.25,1.32
2013.03.13 17:23:32.246,1.33188,1.33206,1.50,2.44
2013.03.13 17:23:44.512,1.33188,1.33206,1.50,1.69
2013.03.13 17:23:44.761,1.33186,1.33204,1.50,1.13
2013.03.13 17:23:45.002,1.33187,1.33204,1.50,1.13
2013.03.13 17:23:46.643,1.33189,1.3321,2.07,1.28
2013.03.13 17:23:51.482,1.3319,1.3321,1.88,1.28
2013.03.13 17:23:59.763,1.3319,1.33212,1.65,1.47
2013.03.13 17:24:01.625,1.33192,1.33213,1.50,1.50
2013.03.13 17:24:03.644,1.33192,1.33212,1.50,1.65
2013.03.13 17:24:16.411,1.33193,1.33212,1.65,1.50
2013.03.13 17:24:23.678,1.33192,1.33212,1.88,2.25
2013.03.13 17:24:23.982,1.33187,1.33202,2.25,2.40
2013.03.13 17:24:24.174,1.33184,1.33202,1.88,2.22
2013.03.13 17:24:26.612,1.33184,1.33202,2.63,1.47
2013.03.13 17:24:30.442,1.33188,1.33205,1.50,2.25
2013.03.13 17:24:32.161,1.33187,1.33203,1.88,1.69
2013.03.13 17:24:40.004,1.33187,1.33207,1.88,1.69
2013.03.13 17:24:40.133,1.33189,1.33207,1.50,1.88
2013.03.13 17:24:45.263,1.33191,1.3321,1.13,1.13
2013.03.13 17:24:45.334,1.33194,1.33213,2.40,1.65
2013.03.13 17:24:45.534,1.33197,1.33215,1.50,1.47
2013.03.13 17:24:47.012,1.33195,1.33216,1.28,2.48
2013.03.13 17:24:52.742,1.33195,1.33215,2.78,1.47
2013.03.13 17:24:52.861,1.33195,1.33215,2.03,1.47
2013.03.13 17:24:52.983,1.33196,1.33213,1.13,1.88
2013.03.13 17:24:53.122,1.33196,1.33217,1.13,2.29
2013.03.13 17:24:53.639,1.33196,1.33217,2.63,1.69
2013.03.13 17:24:55.504,1.33198,1.33218,1.13,1.50
2013.03.13 17:24:56.052,1.33199,1.33219,1.13,1.13
2013.03.13 17:24:56.794,1.33202,1.33221,1.50,2.63
2013.03.13 17:24:57.234,1.33204,1.3322,1.13,1.13
2013.03.13 17:24:58.921,1.33205,1.33223,2.25,1.28
2013.03.13 17:25:00.052,1.33206,1.33227,1.50,3.75
2013.03.13 17:25:00.172,1.33206,1.33226,1.50,1.65
2013.03.13 17:25:00.765,1.33207,1.33226,1.50,2.03
2013.03.13 17:25:01.266,1.33208,1.33226,1.50,2.03
2013.03.13 17:25:01.822,1.33208,1.33226,1.50,1.47
2013.03.13 17:25:04.334,1.33209,1.33227,1.50,3.19
2013.03.13 17:25:04.593,1.33211,1.33231,1.50,1.28
2013.03.13 17:25:04.973,1.33211,1.33228,1.50,1.13
2013.03.13 17:25:11.891,1.33208,1.33228,2.63,1.13
2013.03.13 17:25:16.193,1.33208,1.3323,2.25,2.63
2013.03.13 17:25:21.663,1.33208,1.3323,2.63,2.48
2013.03.13 17:25:25.412,1.33208,1.3323,2.63,1.13
2013.03.13 17:25:25.713,1.3321,1.3323,1.50,1.13
2013.03.13 17:25:25.961,1.33208,1.3323,2.63,2.63
2013.03.13 17:25:26.862,1.33208,1.33229,2.63,1.65
2013.03.13 17:25:29.642,1.33208,1.33227,1.50,1.32
2013.03.13 17:25:30.202,1.33206,1.33227,1.28,3.57
2013.03.13 17:25:31.064,1.33204,1.33226,1.88,2.44
2013.03.13 17:25:31.342,1.33204,1.33224,1.50,1.69
2013.03.13 17:25:37.793,1.33204,1.33223,1.50,1.65
2013.03.13 17:25:38.383,1.33202,1.33221,1.28,3.00
2013.03.13 17:25:38.703,1.33196,1.33216,1.50,1.50
2013.03.13 17:25:39.073,1.33196,1.33214,1.13,1.13
2013.03.13 17:25:41.626,1.33196,1.33218,1.50,1.65
2013.03.13 17:25:41.942,1.33201,1.33221,1.50,1.28
2013.03.13 17:25:44.084,1.33196,1.33217,3.38,1.69
2013.03.13 17:25:50.693,1.33198,1.33219,1.13,2.78
2013.03.13 17:25:50.884,1.33199,1.33219,1.13,1.84
2013.03.13 17:25:50.958,1.33201,1.33221,1.88,1.28
2013.03.13 17:25:51.095,1.33203,1.33224,1.28,1.13
2013.03.13 17:25:51.164,1.33204,1.33224,1.13,1.13
2013.03.13 17:25:55.918,1.33204,1.33226,1.88,3.00
2013.03.13 17:25:56.060,1.33208,1.33226,1.13,1.69
2013.03.13 17:25:56.415,1.33226,1.33236,1.50,3.38
2013.03.13 17:25:56.505,1.33226,1.33232,1.50,2.25
2013.03.13 17:25:56.859,1.33228,1.33239,2.25,1.43
2013.03.13 17:25:56.995,1.33228,1.33243,2.25,1.47
2013.03.13 17:25:57.064,1.33228,1.33242,1.50,2.25
2013.03.13 17:25:57.314,1.33224,1.33242,1.50,1.50
2013.03.13 17:25:57.503,1.3322,1.33241,2.78,1.13
2013.03.13 17:25:57.572,1.33226,1.33242,1.13,1.50
2013.03.13 17:25:57.633,1.33226,1.33242,1.13,1.88
2013.03.13 17:25:58.072,1.33226,1.33242,1.13,1.50
2013.03.13 17:25:58.858,1.3322,1.33241,1.65,1.50
2013.03.13 17:25:58.941,1.3322,1.33241,1.28,1.50
2013.03.13 17:25:59.005,1.3322,1.33242,2.03,2.63
2013.03.13 17:25:59.893,1.33219,1.33238,2.22,1.13
2013.03.13 17:25:59.963,1.33217,1.33238,1.50,1.32
2013.03.13 17:26:00.882,1.33216,1.33238,2.63,1.32
2013.03.13 17:26:03.003,1.33216,1.33238,3.38,1.88
2013.03.13 17:26:05.335,1.33217,1.33238,1.13,1.69
2013.03.13 17:26:07.837,1.33219,1.33238,1.50,1.13
2013.03.13 17:26:08.023,1.33221,1.33239,1.50,1.88
2013.03.13 17:26:08.336,1.33223,1.33239,1.50,1.13
2013.03.13 17:26:10.103,1.33218,1.33239,1.50,1.32
2013.03.13 17:26:10.604,1.33218,1.33236,1.50,1.09
2013.03.13 17:26:10.912,1.33215,1.33237,2.78,1.84
2013.03.13 17:26:21.033,1.33215,1.33235,2.25,1.88
2013.03.13 17:26:21.653,1.33213,1.33234,2.78,1.13
2013.03.13 17:26:22.676,1.33215,1.33234,1.50,1.13
2013.03.13 17:26:25.033,1.33218,1.33239,1.50,1.88
2013.03.13 17:26:25.106,1.3322,1.33239,1.13,1.50
2013.03.13 17:26:25.306,1.33223,1.33243,1.50,2.03
2013.03.13 17:26:25.819,1.33224,1.33244,1.50,2.03
2013.03.13 17:26:27.581,1.33224,1.33243,1.50,1.09
2013.03.13 17:26:27.894,1.3322,1.33235,1.88,1.69
2013.03.13 17:26:28.202,1.33222,1.3324,1.65,1.13
2013.03.13 17:26:28.512,1.33222,1.33242,1.65,1.13
2013.03.13 17:26:28.744,1.33222,1.33242,1.65,1.13
2013.03.13 17:26:29.552,1.33222,1.33243,1.65,1.28
2013.03.13 17:26:33.758,1.33222,1.33243,1.65,1.28
2013.03.13 17:26:34.343,1.33223,1.33243,1.50,1.28
2013.03.13 17:26:46.112,1.33223,1.33244,2.63,1.50
2013.03.13 17:26:46.863,1.33223,1.33243,1.88,1.50
2013.03.13 17:26:47.458,1.33223,1.33241,1.13,1.50
2013.03.13 17:26:53.900,1.33218,1.33238,1.28,1.50
2013.03.13 17:26:55.563,1.33216,1.33238,1.80,3.53
2013.03.13 17:26:55.693,1.33216,1.33238,1.65,3.53
2013.03.13 17:27:09.110,1.33218,1.33238,1.50,1.65
2013.03.13 17:27:09.438,1.3322,1.33241,1.50,2.25
2013.03.13 17:27:09.981,1.33221,1.33241,1.50,1.50
2013.03.13 17:27:10.523,1.33222,1.33241,1.50,1.50
2013.03.13 17:27:10.664,1.33223,1.33243,1.65,2.63
2013.03.13 17:27:11.092,1.33224,1.33246,1.65,3.15
2013.03.13 17:27:11.212,1.33224,1.33245,1.65,1.65
2013.03.13 17:27:11.513,1.33224,1.33245,2.22,1.65
2013.03.13 17:27:13.651,1.33231,1.33246,1.50,2.03
2013.03.13 17:27:14.195,1.33228,1.33247,2.07,1.13
2013.03.13 17:27:14.714,1.33225,1.33245,2.25,1.28
2013.03.13 17:27:20.842,1.33225,1.33244,2.25,1.88
2013.03.13 17:27:27.625,1.33224,1.33243,1.50,1.50
2013.03.13 17:27:27.699,1.33224,1.33243,1.50,2.25
2013.03.13 17:27:27.907,1.33219,1.33237,1.50,1.13
2013.03.13 17:27:28.422,1.33217,1.33237,1.65,1.13
2013.03.13 17:27:29.826,1.33216,1.33236,1.65,2.25
2013.03.13 17:27:29.894,1.33215,1.33236,2.03,3.00
2013.03.13 17:27:30.208,1.33215,1.33235,1.32,1.50
2013.03.13 17:27:30.346,1.33215,1.33235,1.32,1.50
2013.03.13 17:27:30.421,1.33215,1.33236,2.07,1.50
2013.03.13 17:27:30.923,1.33215,1.33236,2.07,1.50
2013.03.13 17:27:30.993,1.33217,1.33236,1.13,1.13
2013.03.13 17:27:31.455,1.33223,1.33242,1.88,1.50
2013.03.13 17:27:31.998,1.33223,1.33243,1.88,1.50
2013.03.13 17:27:32.514,1.33223,1.33244,1.88,1.28
2013.03.13 17:27:33.094,1.33223,1.33245,1.88,2.03
2013.03.13 17:27:33.633,1.33223,1.33245,1.88,2.78
2013.03.13 17:27:34.734,1.33223,1.33244,1.88,1.28
2013.03.13 17:27:35.443,1.33223,1.33244,1.88,1.28
2013.03.13 17:27:41.852,1.33225,1.33245,1.65,1.65
2013.03.13 17:27:42.832,1.33223,1.33244,1.13,1.65
2013.03.13 17:27:44.473,1.33223,1.33242,1.13,1.50
2013.03.13 17:27:47.082,1.33222,1.33242,1.50,1.88
2013.03.13 17:27:52.604,1.33222,1.33241,2.07,1.13
2013.03.13 17:27:52.674,1.33223,1.33241,1.32,1.13
2013.03.13 17:27:53.391,1.33224,1.33245,1.50,1.88
2013.03.13 17:27:58.834,1.33226,1.33244,1.50,1.28
2013.03.13 17:27:59.092,1.33226,1.33246,1.50,1.50
2013.03.13 17:27:59.642,1.33224,1.33244,1.50,1.28
2013.03.13 17:28:01.894,1.3322,1.3324,2.22,1.50
2013.03.13 17:28:02.095,1.33218,1.33236,1.50,1.13
2013.03.13 17:28:02.282,1.33216,1.33235,2.40,1.50
2013.03.13 17:28:03.222,1.33216,1.33235,1.65,1.88
2013.03.13 17:28:08.904,1.33214,1.33235,2.63,3.38
2013.03.13 17:28:11.882,1.33214,1.33235,1.88,2.63
2013.03.13 17:28:13.704,1.33214,1.33233,1.88,1.50
2013.03.13 17:28:14.709,1.33217,1.33234,1.50,2.25
2013.03.13 17:28:14.774,1.3322,1.33237,1.50,1.28
2013.03.13 17:28:14.848,1.33219,1.33238,2.25,1.28
2013.03.13 17:28:14.915,1.33219,1.33239,3.00,2.63
2013.03.13 17:28:15.603,1.3322,1.33238,1.50,2.40
2013.03.13 17:28:15.750,1.33217,1.33238,1.13,2.40
2013.03.13 17:28:15.935,1.33221,1.33238,1.50,2.78
2013.03.13 17:28:17.272,1.33221,1.33238,1.65,2.63
2013.03.13 17:28:19.612,1.33221,1.33238,1.65,1.88
2013.03.13 17:28:19.794,1.33216,1.33236,1.28,1.50
2013.03.13 17:28:20.132,1.33214,1.33235,1.28,1.50
2013.03.13 17:28:20.574,1.33214,1.33233,1.28,1.50
2013.03.13 17:28:20.643,1.33212,1.3323,1.50,1.13
2013.03.13 17:28:20.773,1.33211,1.3323,1.50,1.13
2013.03.13 17:28:21.582,1.33207,1.33228,2.63,1.65
2013.03.13 17:28:22.753,1.33207,1.33228,1.88,2.40
2013.03.13 17:28:25.033,1.33207,1.33227,1.13,1.88
2013.03.13 17:28:25.932,1.33207,1.33227,1.13,1.88
2013.03.13 17:28:27.832,1.33206,1.33227,1.65,1.13
2013.03.13 17:28:28.392,1.3321,1.33228,1.50,1.13
2013.03.13 17:28:30.204,1.33208,1.33229,2.25,1.88
2013.03.13 17:28:30.752,1.33208,1.33229,2.25,1.88
2013.03.13 17:28:36.697,1.33208,1.33229,1.88,1.50
2013.03.13 17:28:36.973,1.33208,1.33229,1.88,1.50
2013.03.13 17:28:49.593,1.33208,1.33229,1.88,1.50
2013.03.13 17:28:53.573,1.33208,1.33229,1.65,1.65
2013.03.13 17:28:53.643,1.33208,1.33229,1.65,2.03
2013.03.13 17:28:54.266,1.33208,1.33229,1.65,1.28
2013.03.13 17:28:54.332,1.33208,1.33229,1.65,1.28
2013.03.13 17:28:54.762,1.33208,1.33229,1.65,1.28
2013.03.13 17:28:57.923,1.33208,1.33229,1.65,1.28
2013.03.13 17:28:59.975,1.3321,1.33228,1.50,1.50
2013.03.13 17:29:00.744,1.33206,1.33228,1.88,1.50
2013.03.13 17:29:01.491,1.33206,1.33228,1.88,1.50
2013.03.13 17:29:07.362,1.33206,1.33228,2.40,1.65
2013.03.13 17:29:07.664,1.3321,1.33229,1.50,1.13
2013.03.13 17:29:07.914,1.33214,1.33231,1.13,3.00
2013.03.13 17:29:08.185,1.33215,1.33231,1.65,1.50
2013.03.13 17:29:08.503,1.33214,1.33231,1.13,3.38
2013.03.13 17:29:09.424,1.33214,1.3323,1.13,1.88
2013.03.13 17:29:10.837,1.33213,1.33231,1.13,1.50
2013.03.13 17:29:11.024,1.33213,1.33231,1.88,1.13
2013.03.13 17:29:11.289,1.33213,1.33233,1.88,1.88
2013.03.13 17:29:11.483,1.33213,1.33233,1.88,1.50
2013.03.13 17:29:11.553,1.33215,1.33234,1.65,1.50
2013.03.13 17:29:11.693,1.33215,1.33237,1.65,1.32
2013.03.13 17:29:12.202,1.33215,1.33236,1.65,1.50
2013.03.13 17:29:12.512,1.33215,1.33237,1.65,2.22
2013.03.13 17:29:13.792,1.33218,1.33236,1.50,1.50
2013.03.13 17:29:14.359,1.33218,1.33236,1.50,1.50
2013.03.13 17:29:15.065,1.33218,1.33236,1.50,1.50
2013.03.13 17:29:15.863,1.33219,1.33236,1.50,1.50
2013.03.13 17:29:15.933,1.33218,1.33236,1.50,1.50
2013.03.13 17:29:16.463,1.33218,1.33239,1.50,1.13
2013.03.13 17:29:19.804,1.33219,1.33239,1.50,1.13
2013.03.13 17:29:20.113,1.33221,1.33241,1.50,1.50
2013.03.13 17:29:21.654,1.33221,1.33237,1.50,1.65
2013.03.13 17:29:21.724,1.33221,1.33239,1.50,2.63
2013.03.13 17:29:22.042,1.33218,1.33237,1.13,1.65
2013.03.13 17:29:22.114,1.33218,1.33235,1.13,1.50
2013.03.13 17:29:22.182,1.33217,1.33235,1.50,1.50
2013.03.13 17:29:22.734,1.33217,1.33235,1.50,1.50
2013.03.13 17:29:23.445,1.33217,1.33236,1.50,1.50
2013.03.13 17:29:24.023,1.33217,1.33238,1.50,3.00
2013.03.13 17:29:27.902,1.33218,1.33237,1.50,1.28
2013.03.13 17:29:29.466,1.33218,1.33236,1.50,1.28
2013.03.13 17:29:29.993,1.33217,1.33236,1.50,1.28
2013.03.13 17:29:30.493,1.33217,1.33235,1.50,1.13
2013.03.13 17:29:32.066,1.33213,1.33233,1.88,1.32
2013.03.13 17:29:32.574,1.33213,1.3323,1.88,1.13
2013.03.13 17:29:39.582,1.33213,1.33231,1.50,1.47
2013.03.13 17:29:51.603,1.33209,1.3323,1.13,1.32
2013.03.13 17:29:52.372,1.33209,1.3323,1.13,1.32
2013.03.13 17:29:52.492,1.33209,1.3323,1.13,1.32
2013.03.13 17:29:52.915,1.3321,1.33231,2.44,2.59
2013.03.13 17:29:53.043,1.33213,1.33232,1.50,1.28
2013.03.13 17:29:53.832,1.33216,1.33235,1.88,1.50
2013.03.13 17:29:54.143,1.33221,1.33238,1.50,1.50
2013.03.13 17:29:57.943,1.33217,1.33236,2.03,2.07
2013.03.13 17:29:58.013,1.33217,1.33236,1.28,2.07
2013.03.13 17:30:02.504,1.33217,1.33233,2.40,1.50
2013.03.13 17:30:02.635,1.33223,1.33239,1.50,1.65
2013.03.13 17:30:02.964,1.3323,1.3324,1.50,1.50
2013.03.13 17:30:03.964,1.33232,1.33241,1.50,1.50
2013.03.13 17:30:04.504,1.33235,1.33241,1.50,1.50
2013.03.13 17:30:05.924,1.33235,1.33242,1.50,2.78
2013.03.13 17:30:13.051,1.33231,1.33248,1.50,1.50
2013.03.13 17:30:13.482,1.33231,1.33248,1.50,1.50
2013.03.13 17:30:13.995,1.33227,1.33245,2.25,1.50
2013.03.13 17:30:17.872,1.33224,1.33244,1.43,1.50
2013.03.13 17:30:18.122,1.33223,1.33244,2.03,1.50
2013.03.13 17:30:20.702,1.33223,1.33243,2.40,1.50
2013.03.13 17:30:26.594,1.33226,1.33242,1.50,1.13
2013.03.13 17:30:30.151,1.33228,1.33245,1.50,1.65
2013.03.13 17:30:30.548,1.33229,1.33246,1.50,1.65
2013.03.13 17:30:32.312,1.33229,1.33246,1.50,1.65
2013.03.13 17:30:33.134,1.33226,1.33246,2.03,1.50
2013.03.13 17:30:34.413,1.33225,1.33244,1.65,1.50
2013.03.13 17:30:34.662,1.33224,1.33239,1.13,3.38
2013.03.13 17:30:34.782,1.3322,1.33239,1.65,3.53
2013.03.13 17:30:34.961,1.3322,1.33238,1.50,1.28
2013.03.13 17:30:36.811,1.3322,1.33238,1.50,1.28
2013.03.13 17:30:36.995,1.33224,1.33239,1.50,2.78
2013.03.13 17:30:37.182,1.3322,1.33239,1.50,2.78
2013.03.13 17:30:37.847,1.3322,1.33239,1.50,1.50
2013.03.13 17:30:40.533,1.33219,1.33239,1.50,3.75
2013.03.13 17:30:40.603,1.33219,1.33239,1.50,3.75
2013.03.13 17:30:40.923,1.33214,1.33231,1.13,1.50
2013.03.13 17:30:49.238,1.33214,1.33231,1.13,1.50
2013.03.13 17:30:49.542,1.33217,1.33235,1.50,1.13
2013.03.13 17:30:52.032,1.33216,1.33234,1.13,1.50
2013.03.13 17:31:09.189,1.33216,1.33237,1.50,2.25
2013.03.13 17:31:09.781,1.33216,1.33234,1.50,1.50
2013.03.13 17:31:11.562,1.33216,1.33236,1.50,1.13
2013.03.13 17:31:11.892,1.33216,1.33235,1.50,1.50
2013.03.13 17:31:13.374,1.33216,1.33237,1.50,1.88
2013.03.13 17:31:13.962,1.33216,1.33237,1.50,1.88
2013.03.13 17:31:20.400,1.33216,1.33237,1.50,1.88
2013.03.13 17:31:21.288,1.3322,1.33237,1.50,1.13
2013.03.13 17:31:21.484,1.33221,1.33242,1.50,1.13
2013.03.13 17:31:21.860,1.33223,1.33243,1.50,2.22
2013.03.13 17:31:22.332,1.33223,1.33243,1.50,1.84
2013.03.13 17:31:26.111,1.33223,1.33243,1.50,1.28
2013.03.13 17:31:27.056,1.33225,1.33244,1.50,2.59
2013.03.13 17:31:27.571,1.33225,1.33245,1.50,1.47
2013.03.13 17:31:29.672,1.33225,1.33245,1.50,1.69
2013.03.13 17:31:32.312,1.33225,1.33244,1.50,1.47
2013.03.13 17:31:33.997,1.33225,1.33243,1.50,2.40
2013.03.13 17:31:34.314,1.33217,1.33236,1.50,1.50
2013.03.13 17:31:34.382,1.33215,1.33234,2.25,1.13
2013.03.13 17:31:34.514,1.33215,1.33233,1.50,1.50
2013.03.13 17:31:34.821,1.33215,1.33231,1.50,1.13
2013.03.13 17:31:35.336,1.33213,1.33231,1.50,1.13
2013.03.13 17:31:36.012,1.33211,1.33228,1.32,2.63
2013.03.13 17:31:36.333,1.33207,1.33228,1.50,2.63
2013.03.13 17:31:38.063,1.33207,1.33228,1.50,2.63
2013.03.13 17:31:38.192,1.33207,1.33227,1.50,1.88
2013.03.13 17:31:50.354,1.33206,1.33224,1.65,1.50
2013.03.13 17:31:50.672,1.33203,1.33217,1.13,1.50
2013.03.13 17:31:50.743,1.33196,1.33217,1.50,1.65
2013.03.13 17:31:51.063,1.33196,1.33216,1.50,2.40
2013.03.13 17:31:53.253,1.33196,1.3321,1.50,1.32
2013.03.13 17:31:53.574,1.33189,1.33205,1.13,1.32
2013.03.13 17:31:53.644,1.33186,1.33206,1.65,3.15
2013.03.13 17:31:53.711,1.33186,1.33206,1.65,2.40
2013.03.13 17:31:53.953,1.3319,1.33207,1.50,1.50
2013.03.13 17:31:54.870,1.33193,1.33211,2.25,1.50
2013.03.13 17:31:54.947,1.33193,1.33216,3.00,1.28
2013.03.13 17:31:55.482,1.33193,1.33216,3.00,1.28
2013.03.13 17:32:00.131,1.33194,1.33217,1.65,2.03
2013.03.13 17:32:02.302,1.33194,1.33217,1.65,2.78
2013.03.13 17:32:02.811,1.33194,1.33216,1.65,1.65
2013.03.13 17:32:07.932,1.33193,1.33214,3.00,1.50
2013.03.13 17:32:08.002,1.33193,1.33207,2.25,1.50
2013.03.13 17:32:08.314,1.33187,1.33207,1.32,2.63
2013.03.13 17:32:08.382,1.33187,1.33207,1.32,2.63
2013.03.13 17:32:09.057,1.33187,1.33207,1.13,2.63
2013.03.13 17:32:11.961,1.33184,1.33204,1.88,1.50
2013.03.13 17:32:12.109,1.33184,1.33203,1.13,2.25
2013.03.13 17:32:12.561,1.33186,1.33207,1.65,2.44
2013.03.13 17:32:12.921,1.33189,1.33208,1.50,1.13
2013.03.13 17:32:13.101,1.33187,1.33207,2.25,1.13
2013.03.13 17:32:14.321,1.33187,1.33207,2.25,1.50
2013.03.13 17:32:16.490,1.33186,1.33207,1.28,1.88
2013.03.13 17:32:17.153,1.3319,1.33207,1.50,1.13
2013.03.13 17:32:17.295,1.33184,1.33207,4.32,1.13
2013.03.13 17:32:17.961,1.33184,1.33205,3.00,1.65
2013.03.13 17:32:20.135,1.33192,1.33207,1.32,1.13
2013.03.13 17:32:20.476,1.33205,1.33212,1.65,2.25
2013.03.13 17:32:20.662,1.33205,1.33213,1.65,1.50
2013.03.13 17:32:20.735,1.33205,1.33214,1.65,1.50
2013.03.13 17:32:20.806,1.33208,1.33218,1.50,2.25
2013.03.13 17:32:20.872,1.33208,1.33226,1.50,1.50
2013.03.13 17:32:21.607,1.33208,1.33225,1.50,1.50
2013.03.13 17:32:22.256,1.33207,1.33225,1.65,1.50
2013.03.13 17:32:22.445,1.33205,1.33221,1.13,2.07
2013.03.13 17:32:22.881,1.33203,1.33218,1.13,1.13
2013.03.13 17:32:23.002,1.33198,1.33217,1.50,1.65
2013.03.13 17:32:23.191,1.33198,1.33217,1.50,2.03
2013.03.13 17:32:24.303,1.33196,1.33217,1.50,3.15
2013.03.13 17:32:24.432,1.33195,1.33216,1.80,1.65
2013.03.13 17:32:25.710,1.33196,1.33215,1.50,1.50
2013.03.13 17:32:26.022,1.332,1.33218,1.50,1.13
2013.03.13 17:32:26.333,1.33203,1.33218,2.25,1.13
2013.03.13 17:32:26.523,1.33207,1.33225,1.13,2.25
2013.03.13 17:32:26.592,1.33207,1.33226,1.13,2.03
2013.03.13 17:32:27.273,1.33207,1.33226,1.88,1.28
2013.03.13 17:32:29.446,1.33207,1.33226,1.88,1.13
2013.03.13 17:32:29.632,1.3321,1.33228,1.69,2.03
2013.03.13 17:32:29.941,1.33218,1.33235,1.88,1.50
2013.03.13 17:32:30.062,1.33218,1.33238,2.63,2.03
2013.03.13 17:32:30.184,1.33218,1.33238,1.88,2.40
2013.03.13 17:32:30.722,1.33218,1.33238,1.88,2.40
2013.03.13 17:32:46.092,1.33218,1.33238,1.50,1.50
2013.03.13 17:32:46.152,1.3322,1.3324,1.32,1.50
2013.03.13 17:32:46.284,1.33224,1.33243,1.50,2.82
2013.03.13 17:32:46.414,1.33227,1.33246,1.88,1.69
2013.03.13 17:32:46.487,1.33227,1.33248,1.88,2.25
2013.03.13 17:32:47.100,1.33227,1.33246,1.13,1.50
2013.03.13 17:32:47.340,1.33228,1.33246,1.13,1.50
2013.03.13 17:32:54.282,1.33226,1.33246,1.13,1.88
2013.03.13 17:32:55.493,1.33226,1.33246,1.13,1.50
2013.03.13 17:33:02.781,1.33225,1.33247,3.15,1.28
2013.03.13 17:33:03.129,1.33226,1.33246,1.65,1.50
2013.03.13 17:33:03.499,1.33244,1.33258,10.61,1.20
2013.03.13 17:33:03.832,1.33253,1.33262,3.75,1.50
2013.03.13 17:33:03.903,1.33253,1.33262,3.00,1.13
2013.03.13 17:33:04.092,1.33255,1.33266,2.25,1.50
2013.03.13 17:33:04.155,1.33256,1.33278,1.65,3.64
2013.03.13 17:33:04.401,1.33257,1.33278,2.40,1.69
2013.03.13 17:33:04.461,1.33257,1.33278,2.40,2.07
2013.03.13 17:33:05.033,1.33257,1.33278,1.65,1.50
2013.03.13 17:33:05.111,1.33257,1.33278,1.65,1.50
2013.03.13 17:33:05.174,1.33257,1.33279,1.65,2.82
2013.03.13 17:33:05.362,1.33256,1.33279,1.50,2.63
2013.03.13 17:33:05.427,1.33261,1.33279,1.50,1.13
2013.03.13 17:33:06.037,1.33258,1.33279,1.47,1.88
2013.03.13 17:33:06.461,1.33258,1.33279,1.65,1.69
2013.03.13 17:33:08.042,1.33258,1.33279,1.65,1.69
2013.03.13 17:33:08.281,1.33258,1.33279,1.65,2.07
2013.03.13 17:33:08.537,1.33258,1.33279,1.65,1.88
2013.03.13 17:33:08.603,1.33257,1.33279,1.65,1.88
2013.03.13 17:33:10.122,1.33256,1.33279,1.88,3.19
2013.03.13 17:33:11.525,1.33256,1.33278,1.88,1.50
2013.03.13 17:33:11.923,1.33256,1.33276,1.13,1.50
2013.03.13 17:33:12.982,1.33253,1.33274,2.25,1.50
2013.03.13 17:33:15.611,1.33253,1.33273,1.88,2.25
2013.03.13 17:33:15.734,1.33251,1.33268,1.28,1.50
2013.03.13 17:33:16.338,1.33248,1.33267,1.50,1.50
2013.03.13 17:33:16.414,1.33246,1.33266,1.28,1.50
2013.03.13 17:33:16.963,1.33245,1.33265,1.13,1.50
2013.03.13 17:33:18.591,1.33244,1.33265,1.50,2.63
2013.03.13 17:33:18.774,1.33239,1.33259,1.50,2.25
2013.03.13 17:33:18.843,1.33238,1.33256,1.50,2.25
2013.03.13 17:33:19.157,1.33235,1.33251,1.65,1.13
2013.03.13 17:33:19.473,1.33229,1.33248,1.50,3.19
2013.03.13 17:33:19.723,1.33231,1.3325,1.50,1.84
2013.03.13 17:33:19.792,1.33231,1.3325,1.50,1.65
2013.03.13 17:33:20.604,1.33231,1.33251,1.35,1.65
2013.03.13 17:33:20.697,1.33243,1.33252,1.50,1.13
2013.03.13 17:33:21.054,1.33248,1.33254,2.25,1.95
2013.03.13 17:33:21.363,1.33251,1.33264,2.03,2.18
2013.03.13 17:33:21.911,1.3325,1.33266,2.03,2.70
2013.03.13 17:33:22.383,1.33254,1.33264,1.13,1.73
2013.03.13 17:33:22.451,1.3325,1.33266,1.65,1.73
2013.03.13 17:33:22.691,1.33253,1.33269,1.13,1.73
2013.03.13 17:33:23.202,1.33253,1.3327,1.13,1.80
2013.03.13 17:33:23.321,1.33253,1.33272,1.13,1.50
2013.03.13 17:33:23.441,1.33253,1.33272,1.13,1.50
2013.03.13 17:33:23.661,1.33253,1.33273,1.13,1.50
2013.03.13 17:33:23.851,1.33251,1.33272,2.03,1.50
2013.03.13 17:33:24.370,1.3325,1.33272,2.03,1.50
2013.03.13 17:33:24.553,1.3325,1.33272,2.03,1.50
2013.03.13 17:33:24.742,1.3325,1.33272,2.03,1.69
2013.03.13 17:33:25.051,1.33246,1.33266,1.50,1.09
2013.03.13 17:33:25.363,1.33245,1.33262,1.50,1.50
2013.03.13 17:33:25.431,1.33245,1.33262,1.50,1.50
2013.03.13 17:33:25.551,1.33244,1.33262,1.50,1.50
2013.03.13 17:33:25.673,1.33244,1.33265,2.25,2.25
2013.03.13 17:33:25.921,1.33244,1.33263,1.50,1.50
2013.03.13 17:33:26.284,1.33249,1.33265,1.50,1.50
2013.03.13 17:33:26.353,1.3325,1.33267,1.65,1.32
2013.03.13 17:33:26.842,1.33254,1.33273,1.50,1.13
2013.03.13 17:33:27.411,1.33253,1.33272,1.50,1.13
2013.03.13 17:33:27.592,1.33254,1.33273,1.50,1.69
2013.03.13 17:33:29.322,1.33254,1.33275,2.25,1.88
2013.03.13 17:33:38.181,1.33254,1.33275,1.50,1.50
2013.03.13 17:34:03.142,1.33251,1.33273,1.65,2.63
2013.03.13 17:34:08.532,1.33248,1.33273,3.53,2.97
2013.03.13 17:34:08.893,1.33246,1.33263,1.13,1.50
2013.03.13 17:34:09.411,1.33244,1.33263,1.13,2.25
2013.03.13 17:34:11.033,1.33247,1.33263,1.32,1.50
2013.03.13 17:34:11.104,1.3325,1.33265,1.32,1.88
2013.03.13 17:34:11.174,1.33252,1.33265,1.32,1.50
2013.03.13 17:34:11.302,1.33253,1.33273,1.88,3.00
2013.03.13 17:34:11.364,1.33253,1.33273,1.88,2.25
2013.03.13 17:34:11.432,1.33253,1.33273,1.88,3.00
2013.03.13 17:34:11.493,1.33253,1.33273,1.13,3.00
2013.03.13 17:34:11.862,1.33254,1.33273,1.65,2.25
2013.03.13 17:34:12.292,1.33254,1.33273,1.65,2.25
2013.03.13 17:34:16.253,1.33253,1.33269,1.13,1.50
2013.03.13 17:34:16.561,1.33246,1.33262,1.50,1.50
2013.03.13 17:34:16.621,1.33245,1.33262,1.50,1.50
2013.03.13 17:34:16.861,1.33243,1.33259,1.65,1.50
2013.03.13 17:34:17.103,1.33241,1.3326,1.13,1.50
2013.03.13 17:34:25.461,1.33241,1.33258,1.13,1.50
2013.03.13 17:34:25.522,1.3324,1.33257,1.88,1.50
2013.03.13 17:34:25.582,1.3324,1.33256,1.13,2.25
2013.03.13 17:34:25.824,1.33235,1.33256,2.25,1.69
2013.03.13 17:34:25.895,1.33234,1.33256,2.07,1.69
2013.03.13 17:34:25.965,1.33235,1.33257,2.44,1.13
2013.03.13 17:34:26.753,1.33239,1.33259,2.48,1.65
2013.03.13 17:34:26.822,1.33239,1.3326,3.23,1.88
2013.03.13 17:34:26.881,1.33239,1.3326,3.23,1.13
2013.03.13 17:34:27.181,1.33243,1.33263,1.65,2.25
2013.03.13 17:34:29.532,1.33243,1.33266,2.03,2.63
2013.03.13 17:34:29.772,1.33244,1.33266,1.50,1.88
2013.03.13 17:34:29.843,1.33244,1.33263,2.25,1.50
2013.03.13 17:34:29.961,1.33243,1.33263,2.03,1.50
2013.03.13 17:34:31.361,1.33241,1.33263,1.65,1.88
2013.03.13 17:34:37.909,1.33241,1.33263,1.65,1.13
2013.03.13 17:34:38.124,1.33247,1.33268,1.50,1.47
2013.03.13 17:34:38.192,1.33248,1.3327,1.50,2.78
2013.03.13 17:34:39.252,1.33247,1.33268,1.50,1.28
2013.03.13 17:34:39.760,1.33247,1.33268,1.50,4.09
2013.03.13 17:34:40.873,1.33248,1.33268,1.69,1.28
2013.03.13 17:34:40.943,1.33249,1.33268,1.50,1.28
2013.03.13 17:34:41.252,1.33256,1.33274,1.50,1.13
2013.03.13 17:34:41.494,1.33257,1.33275,1.50,1.13
2013.03.13 17:34:42.061,1.33256,1.33275,1.50,1.13
2013.03.13 17:34:42.121,1.33256,1.33275,1.50,1.13
2013.03.13 17:34:44.601,1.33253,1.33274,1.65,1.88
2013.03.13 17:34:46.462,1.33251,1.33272,3.23,1.50
2013.03.13 17:34:46.777,1.33251,1.33268,1.13,2.44
2013.03.13 17:34:47.080,1.33247,1.33268,1.28,3.19
2013.03.13 17:34:48.263,1.33245,1.33266,2.25,1.88
2013.03.13 17:34:48.812,1.33248,1.33268,1.50,1.13
2013.03.13 17:34:49.570,1.33248,1.33268,1.50,2.03
2013.03.13 17:34:50.580,1.33248,1.33269,1.50,1.28
2013.03.13 17:34:51.741,1.33248,1.3327,1.50,2.03
2013.03.13 17:34:53.192,1.33248,1.33269,1.50,1.28
2013.03.13 17:34:54.582,1.33248,1.3327,1.50,2.03
2013.03.13 17:35:02.491,1.33248,1.3327,2.25,2.03
2013.03.13 17:35:03.152,1.3325,1.33271,1.50,1.50
2013.03.13 17:35:04.752,1.3325,1.3327,1.50,1.13
2013.03.13 17:35:05.211,1.3325,1.33271,1.50,1.13
2013.03.13 17:35:05.992,1.3325,1.33272,2.85,1.88
2013.03.13 17:35:06.054,1.33252,1.33273,1.32,1.88
2013.03.13 17:35:06.303,1.33255,1.33277,1.50,2.25
2013.03.13 17:35:06.852,1.33258,1.33276,1.50,1.65
2013.03.13 17:35:09.310,1.33259,1.33276,1.50,1.65
2013.03.13 17:35:09.374,1.33261,1.33277,1.50,1.13
2013.03.13 17:35:09.446,1.33271,1.33282,1.54,1.65
2013.03.13 17:35:09.696,1.33276,1.33285,1.13,1.50
2013.03.13 17:35:09.954,1.33272,1.33285,1.13,1.50
2013.03.13 17:35:10.461,1.33276,1.33288,1.13,1.32
2013.03.13 17:35:10.702,1.33276,1.3329,1.13,2.63
2013.03.13 17:35:11.062,1.33265,1.33288,1.88,1.50
2013.03.13 17:35:11.122,1.33265,1.33285,1.88,2.07
2013.03.13 17:35:11.661,1.33262,1.3328,1.13,1.50
2013.03.13 17:35:12.220,1.33262,1.3328,1.13,1.50
2013.03.13 17:35:12.304,1.33262,1.33283,1.65,1.50
2013.03.13 17:35:13.222,1.33263,1.33284,1.65,1.13
2013.03.13 17:35:13.642,1.33263,1.33284,1.65,1.32
2013.03.13 17:35:14.001,1.33262,1.33282,1.28,1.50
2013.03.13 17:35:14.373,1.33262,1.33283,1.28,2.07
2013.03.13 17:35:14.441,1.33262,1.33285,2.03,2.07
2013.03.13 17:35:15.166,1.33263,1.33285,2.03,1.50
2013.03.13 17:35:15.873,1.33265,1.33285,1.50,1.50
2013.03.13 17:35:16.125,1.33267,1.33286,1.50,1.50
2013.03.13 17:35:16.744,1.33267,1.33286,2.25,1.32
2013.03.13 17:35:17.092,1.33267,1.3329,3.38,1.09
2013.03.13 17:35:17.823,1.33272,1.33292,2.25,2.25
2013.03.13 17:35:18.134,1.33274,1.33292,2.25,1.13
2013.03.13 17:35:18.461,1.33275,1.33292,1.50,1.13
2013.03.13 17:35:18.643,1.33275,1.33297,2.25,1.88
2013.03.13 17:35:18.713,1.3328,1.333,1.50,2.07
2013.03.13 17:35:19.022,1.33276,1.33298,1.88,1.69
2013.03.13 17:35:19.381,1.33276,1.33294,1.13,1.50
2013.03.13 17:35:19.922,1.33274,1.33294,2.63,1.50
2013.03.13 17:35:19.981,1.33274,1.33294,1.50,1.50
2013.03.13 17:35:20.995,1.33273,1.33294,1.50,1.88
2013.03.13 17:35:21.061,1.33273,1.33294,2.25,1.88
2013.03.13 17:35:21.196,1.33276,1.33294,1.13,2.07
2013.03.13 17:35:21.743,1.33274,1.3329,1.88,1.32
2013.03.13 17:35:21.812,1.33273,1.3329,1.50,1.47
2013.03.13 17:35:21.933,1.33271,1.3329,3.38,1.09
2013.03.13 17:35:22.002,1.33273,1.33293,1.50,1.13
2013.03.13 17:35:22.961,1.33273,1.33293,1.50,1.13
2013.03.13 17:35:24.010,1.33272,1.33293,1.13,1.88
2013.03.13 17:35:26.291,1.33273,1.33292,2.25,1.47
2013.03.13 17:35:26.411,1.33273,1.33294,3.00,1.69
2013.03.13 17:35:26.711,1.33275,1.33294,2.25,1.69
2013.03.13 17:35:26.773,1.33277,1.33294,1.28,1.32
2013.03.13 17:35:26.913,1.33278,1.333,1.13,1.69
2013.03.13 17:35:27.163,1.33277,1.33295,2.03,1.32
2013.03.13 17:35:27.411,1.33272,1.33292,5.63,1.13
2013.03.13 17:35:27.931,1.33272,1.33292,1.88,1.13
2013.03.13 17:35:28.587,1.33271,1.33292,1.88,1.13
2013.03.13 17:35:29.293,1.33271,1.33292,2.63,1.69
2013.03.13 17:35:30.713,1.33272,1.3329,1.13,1.47
2013.03.13 17:35:30.783,1.33267,1.33287,1.65,2.10
2013.03.13 17:35:30.852,1.33266,1.33284,4.28,1.32
2013.03.13 17:35:31.162,1.33263,1.33281,1.50,1.84
2013.03.13 17:35:31.342,1.33262,1.33281,1.88,1.09
2013.03.13 17:35:31.891,1.33257,1.33275,1.13,1.50
2013.03.13 17:35:32.192,1.33257,1.33275,1.13,1.69
2013.03.13 17:35:32.772,1.33254,1.33275,2.40,1.69
2013.03.13 17:35:34.541,1.33254,1.33275,2.03,1.50
2013.03.13 17:35:38.251,1.33262,1.3328,1.13,1.32
2013.03.13 17:35:40.962,1.3326,1.33281,4.88,1.05
2013.03.13 17:35:41.484,1.33261,1.33281,1.13,1.05
2013.03.13 17:35:42.193,1.3326,1.33281,3.38,1.09
2013.03.13 17:35:42.263,1.3326,1.3328,2.63,1.50
2013.03.13 17:35:42.392,1.33257,1.33275,1.13,1.32
2013.03.13 17:35:42.964,1.33255,1.33275,1.65,1.32
2013.03.13 17:35:47.511,1.33253,1.33275,1.13,2.22
2013.03.13 17:35:48.891,1.33254,1.33273,2.63,1.50
2013.03.13 17:35:49.192,1.33261,1.33278,1.50,1.50
2013.03.13 17:35:49.513,1.33261,1.33282,1.50,1.50
2013.03.13 17:35:49.581,1.33263,1.33284,1.50,2.63
2013.03.13 17:35:50.102,1.33263,1.33283,1.50,1.88
2013.03.13 17:35:51.178,1.33263,1.33283,1.50,1.88
2013.03.13 17:35:52.211,1.3326,1.33283,2.40,2.63
2013.03.13 17:35:58.001,1.3326,1.33283,3.15,1.88
2013.03.13 17:35:58.301,1.3326,1.33282,1.65,1.88
2013.03.13 17:35:58.824,1.3326,1.33282,1.65,1.88
2013.03.13 17:36:00.662,1.3326,1.33281,1.65,1.50
2013.03.13 17:36:01.022,1.33258,1.33279,2.25,1.50
2013.03.13 17:36:01.331,1.3326,1.33282,1.65,1.50
2013.03.13 17:36:01.691,1.3326,1.33283,1.65,2.63
2013.03.13 17:36:02.433,1.3326,1.33283,1.65,3.38
2013.03.13 17:36:02.762,1.3326,1.33281,1.65,1.88
2013.03.13 17:36:06.311,1.3326,1.33281,1.88,2.63
2013.03.13 17:36:06.491,1.3326,1.33281,1.88,1.88
2013.03.13 17:36:10.261,1.3326,1.33281,1.88,1.50
2013.03.13 17:36:10.381,1.3326,1.33281,1.88,1.50
2013.03.13 17:36:11.582,1.3326,1.33279,1.13,1.50
2013.03.13 17:36:12.265,1.33259,1.33277,1.13,1.50
2013.03.13 17:36:14.092,1.33257,1.33276,1.13,2.63
2013.03.13 17:36:14.833,1.33257,1.33274,1.13,1.50
2013.03.13 17:36:19.973,1.33257,1.33274,1.13,1.50
2013.03.13 17:36:20.200,1.33255,1.33274,1.80,1.50
2013.03.13 17:36:26.052,1.33252,1.33272,1.88,1.50
2013.03.13 17:36:26.171,1.33252,1.33271,1.13,2.82
2013.03.13 17:36:26.232,1.33252,1.33265,1.13,1.50
2013.03.13 17:36:26.543,1.33248,1.33267,1.28,2.25
2013.03.13 17:36:35.282,1.33246,1.33267,2.03,2.25
2013.03.13 17:36:35.351,1.33246,1.33267,1.13,3.75
2013.03.13 17:36:35.475,1.33245,1.33263,1.28,1.50
2013.03.13 17:36:36.022,1.33241,1.33263,1.50,1.50
2013.03.13 17:36:36.701,1.33242,1.33264,1.50,2.25
2013.03.13 17:36:38.611,1.33242,1.33263,1.50,1.32
2013.03.13 17:36:38.971,1.33238,1.33259,3.15,1.50
2013.03.13 17:36:43.892,1.33238,1.33259,1.65,1.50
2013.03.13 17:36:49.961,1.33238,1.33258,1.28,1.50
2013.03.13 17:36:50.702,1.33238,1.33258,1.28,1.50
2013.03.13 17:36:50.992,1.33236,1.33258,1.65,1.50
2013.03.13 17:36:53.143,1.33238,1.3326,1.13,2.07
2013.03.13 17:36:53.282,1.33237,1.3326,1.88,2.07
2013.03.13 17:36:53.541,1.33236,1.33256,2.40,1.32
2013.03.13 17:36:53.844,1.33234,1.33256,3.15,1.32
2013.03.13 17:36:54.042,1.33244,1.33261,1.50,2.40
2013.03.13 17:36:54.103,1.33245,1.33261,1.88,1.65
2013.03.13 17:36:54.172,1.33245,1.33262,1.88,1.65
2013.03.13 17:36:54.293,1.33247,1.33263,1.50,1.50
2013.03.13 17:36:54.822,1.33247,1.33268,2.25,1.50
2013.03.13 17:36:55.334,1.33248,1.3327,1.13,2.25
2013.03.13 17:36:56.382,1.33248,1.3327,1.88,2.25
2013.03.13 17:36:57.534,1.33248,1.33268,1.13,1.32
2013.03.13 17:37:02.052,1.33245,1.33267,2.03,2.82
2013.03.13 17:37:05.560,1.3324,1.33262,3.38,1.47
2013.03.13 17:37:05.884,1.33239,1.33257,1.50,1.32
2013.03.13 17:37:06.394,1.33238,1.33257,1.50,1.32
2013.03.13 17:37:06.584,1.33237,1.33257,1.13,1.32
2013.03.13 17:37:09.443,1.33237,1.33257,1.88,1.32
2013.03.13 17:37:09.571,1.33238,1.33257,1.50,1.32
2013.03.13 17:37:10.401,1.33243,1.3326,1.32,1.32
2013.03.13 17:37:10.533,1.33246,1.33266,1.88,2.25
2013.03.13 17:37:11.283,1.33242,1.33265,3.15,3.38
2013.03.13 17:37:11.791,1.33242,1.33264,3.15,1.50
2013.03.13 17:37:12.331,1.33242,1.33262,1.65,1.50
2013.03.13 17:37:12.392,1.3324,1.33259,2.03,1.13
2013.03.13 17:37:12.453,1.3324,1.33258,1.88,1.32
2013.03.13 17:37:13.176,1.33239,1.33259,1.50,1.50
2013.03.13 17:37:13.541,1.33239,1.33261,1.50,1.13
2013.03.13 17:37:17.651,1.33239,1.33261,1.50,1.13
2013.03.13 17:37:18.552,1.3324,1.33263,1.88,3.57
2013.03.13 17:37:18.803,1.3324,1.33263,2.63,2.25
2013.03.13 17:37:19.531,1.33242,1.33263,1.13,2.25
2013.03.13 17:37:22.021,1.33242,1.33263,1.13,3.00
2013.03.13 17:37:22.394,1.33242,1.33261,1.13,1.50
2013.03.13 17:37:24.052,1.33242,1.33264,1.50,2.63
2013.03.13 17:37:25.082,1.33242,1.33264,1.88,3.75
2013.03.13 17:37:25.613,1.3324,1.33261,2.63,1.50
2013.03.13 17:37:26.932,1.3324,1.33259,2.63,1.13
2013.03.13 17:37:27.052,1.33237,1.33257,1.88,1.50
2013.03.13 17:37:27.724,1.33234,1.33257,1.50,3.34
2013.03.13 17:37:27.852,1.33233,1.33254,1.50,2.25
2013.03.13 17:37:28.264,1.33231,1.3325,2.03,1.50
2013.03.13 17:37:29.402,1.3323,1.3325,1.65,1.50
2013.03.13 17:37:29.974,1.33229,1.33247,1.50,1.50
2013.03.13 17:37:30.244,1.33225,1.33244,1.50,1.50
2013.03.13 17:37:30.373,1.33225,1.3324,1.50,1.50
2013.03.13 17:37:30.927,1.33223,1.3324,1.50,1.50
2013.03.13 17:37:31.392,1.33223,1.33243,1.50,2.25
2013.03.13 17:37:31.912,1.33223,1.33245,1.50,1.50
2013.03.13 17:37:33.593,1.33226,1.33249,1.13,2.40
2013.03.13 17:37:34.522,1.33228,1.33248,1.50,1.13
2013.03.13 17:37:34.882,1.33225,1.33247,1.13,1.65
2013.03.13 17:37:36.212,1.33231,1.33247,1.13,1.50
2013.03.13 17:37:36.583,1.33232,1.33251,1.65,2.25
2013.03.13 17:37:36.652,1.33232,1.33253,1.65,2.63
2013.03.13 17:37:41.022,1.33232,1.33251,1.65,1.50
2013.03.13 17:37:41.342,1.33232,1.33247,1.65,1.50
2013.03.13 17:37:41.402,1.33231,1.33247,1.09,1.50
2013.03.13 17:37:41.969,1.33228,1.33246,1.50,1.50
2013.03.13 17:37:44.342,1.33226,1.33247,1.28,1.50
2013.03.13 17:37:44.861,1.33226,1.33245,1.28,1.50
2013.03.13 17:37:46.225,1.33228,1.33249,1.13,1.13
2013.03.13 17:37:46.476,1.33228,1.33247,1.28,1.50
2013.03.13 17:37:51.432,1.33225,1.33246,1.88,1.13
2013.03.13 17:37:52.172,1.33225,1.33246,1.13,3.00
2013.03.13 17:37:52.232,1.33225,1.33245,1.13,1.50
2013.03.13 17:37:52.755,1.33225,1.33243,1.13,1.32
2013.03.13 17:37:52.831,1.33218,1.3324,3.00,1.47
2013.03.13 17:37:53.612,1.33222,1.33241,1.47,1.32
2013.03.13 17:37:53.932,1.33228,1.33246,1.69,1.32
2013.03.13 17:37:53.992,1.33228,1.3325,1.69,1.13
2013.03.13 17:37:54.111,1.33228,1.3325,1.69,1.13
2013.03.13 17:37:59.343,1.33227,1.3325,2.44,3.19
2013.03.13 17:37:59.413,1.33227,1.3325,2.25,3.19
2013.03.13 17:38:00.354,1.33226,1.3325,1.50,4.69
2013.03.13 17:38:00.832,1.33226,1.33247,1.50,1.50
2013.03.13 17:38:01.471,1.33226,1.33248,1.50,1.50
2013.03.13 17:38:03.974,1.33225,1.33248,1.50,2.63
2013.03.13 17:38:08.533,1.33223,1.33247,2.25,2.63
2013.03.13 17:38:08.845,1.33222,1.33242,1.50,1.13
2013.03.13 17:38:09.426,1.33221,1.33242,1.65,1.13
2013.03.13 17:38:10.012,1.33221,1.33242,2.40,1.13
2013.03.13 17:38:10.551,1.33221,1.33244,2.40,1.65
2013.03.13 17:38:13.777,1.33221,1.33244,1.65,2.40
2013.03.13 17:38:14.391,1.33221,1.33245,1.65,2.78
2013.03.13 17:38:16.014,1.33221,1.33244,1.65,1.65
2013.03.13 17:38:16.586,1.33221,1.33244,1.65,2.03
2013.03.13 17:38:21.482,1.33221,1.33244,1.28,2.78
2013.03.13 17:38:25.125,1.33221,1.33241,1.13,1.50
2013.03.13 17:38:25.494,1.3322,1.33241,2.48,2.07
2013.03.13 17:38:26.032,1.33223,1.33244,1.50,2.40
2013.03.13 17:38:27.872,1.33224,1.33245,1.88,1.69
2013.03.13 17:38:28.052,1.3323,1.33249,1.50,1.50
2013.03.13 17:38:28.172,1.3323,1.33248,1.50,1.32
2013.03.13 17:38:28.291,1.33226,1.33248,3.00,1.32
2013.03.13 17:38:30.793,1.33228,1.33248,2.25,1.32
2013.03.13 17:38:30.876,1.3323,1.3325,1.50,1.13
2013.03.13 17:38:31.064,1.33232,1.33253,2.63,2.22
2013.03.13 17:38:36.513,1.33236,1.33254,1.13,1.13
2013.03.13 17:38:37.062,1.33236,1.33254,1.13,1.13
2013.03.13 17:38:43.757,1.33237,1.33257,1.13,1.65
2013.03.13 17:38:45.093,1.33237,1.33259,2.63,1.69
2013.03.13 17:38:45.842,1.33237,1.33259,1.88,1.69
2013.03.13 17:38:48.902,1.33235,1.33257,1.65,1.65
2013.03.13 17:39:11.682,1.33239,1.33258,1.88,1.32
2013.03.13 17:39:11.802,1.3324,1.33261,1.13,2.40
2013.03.13 17:39:27.513,1.33241,1.3326,1.50,2.25
2013.03.13 17:39:28.632,1.33241,1.33258,1.50,1.50
2013.03.13 17:39:33.902,1.33238,1.33256,1.47,2.25
2013.03.13 17:39:33.962,1.33237,1.33255,1.13,1.32
2013.03.13 17:39:34.082,1.33237,1.33254,1.13,1.50
2013.03.13 17:39:35.413,1.33237,1.33252,1.13,1.50
2013.03.13 17:39:42.411,1.33234,1.33252,1.65,1.50
2013.03.13 17:39:43.616,1.33232,1.33249,1.13,1.50
2013.03.13 17:39:43.882,1.33228,1.33249,3.00,2.25
2013.03.13 17:39:44.421,1.33229,1.33249,1.13,2.25
2013.03.13 17:39:46.062,1.33231,1.33249,1.13,1.50
2013.03.13 17:39:51.083,1.33229,1.33249,1.13,2.07
2013.03.13 17:39:58.383,1.33228,1.33249,2.25,2.59
2013.03.13 17:40:04.792,1.33229,1.33248,1.50,1.28
2013.03.13 17:40:06.391,1.33229,1.33248,1.50,2.63
2013.03.13 17:40:06.451,1.33229,1.33248,1.50,3.38
2013.03.13 17:40:13.421,1.33228,1.33247,1.50,1.50
2013.03.13 17:40:14.523,1.33228,1.33247,1.50,1.50
2013.03.13 17:40:18.975,1.33229,1.33248,2.07,1.28
2013.03.13 17:40:19.292,1.33239,1.33253,1.47,1.50
2013.03.13 17:40:19.414,1.33239,1.33256,1.47,1.50
2013.03.13 17:40:19.542,1.33239,1.33259,1.47,1.50
2013.03.13 17:40:20.201,1.3324,1.3326,1.65,1.50
2013.03.13 17:40:24.042,1.3324,1.3326,1.65,5.40
2013.03.13 17:40:24.401,1.33232,1.33249,2.25,1.13
2013.03.13 17:40:25.692,1.3323,1.33247,2.25,1.47
2013.03.13 17:40:25.752,1.3323,1.33246,1.13,1.32
2013.03.13 17:40:25.933,1.33229,1.33246,1.13,2.07
2013.03.13 17:40:26.538,1.3323,1.33246,1.13,1.32
2013.03.13 17:40:30.082,1.3323,1.33247,1.13,1.47
2013.03.13 17:40:31.972,1.3323,1.33248,1.13,1.47
2013.03.13 17:40:33.502,1.3323,1.33247,1.13,1.47
2013.03.13 17:40:34.043,1.33229,1.33247,1.88,1.47
2013.03.13 17:40:36.442,1.3323,1.33248,1.13,2.97
2013.03.13 17:40:36.991,1.33231,1.33248,1.13,2.22
2013.03.13 17:40:44.222,1.33231,1.33248,1.13,1.65
2013.03.13 17:40:45.333,1.33232,1.33249,1.13,1.13
2013.03.13 17:40:46.015,1.33234,1.33251,1.88,1.13
2013.03.13 17:40:46.354,1.3324,1.33254,1.13,1.09
2013.03.13 17:40:49.017,1.3324,1.33256,1.28,1.32
2013.03.13 17:40:49.142,1.33242,1.33261,1.13,2.03
2013.03.13 17:40:49.201,1.33242,1.33261,1.13,1.28
2013.03.13 17:40:49.982,1.33243,1.33261,1.13,1.28
2013.03.13 17:40:50.083,1.33241,1.33261,1.28,1.28
2013.03.13 17:40:50.601,1.33241,1.33261,1.28,2.44
2013.03.13 17:40:55.502,1.3324,1.33259,1.28,1.13
2013.03.13 17:40:56.157,1.33242,1.33259,1.13,1.13
2013.03.13 17:40:57.634,1.33242,1.33261,1.13,3.19
2013.03.13 17:40:58.181,1.33241,1.3326,1.28,2.22
2013.03.13 17:40:58.721,1.33241,1.33259,1.28,1.50
2013.03.13 17:40:59.403,1.33241,1.3326,2.03,1.47
2013.03.13 17:40:59.464,1.33243,1.33261,1.13,3.19
2013.03.13 17:40:59.773,1.33245,1.33261,1.13,2.44
2013.03.13 17:41:00.132,1.33248,1.33261,1.13,1.84
2013.03.13 17:41:00.431,1.33246,1.33261,1.13,1.84
2013.03.13 17:41:01.322,1.33247,1.33261,1.13,1.28
2013.03.13 17:41:02.312,1.33245,1.33262,1.13,1.13
2013.03.13 17:41:02.893,1.33246,1.33263,1.13,1.35
2013.03.13 17:41:04.473,1.33246,1.33264,1.73,1.13
2013.03.13 17:41:04.543,1.33251,1.33265,1.13,1.84
2013.03.13 17:41:04.613,1.33251,1.33266,1.13,1.28
2013.03.13 17:41:05.873,1.33249,1.33266,1.13,1.28
2013.03.13 17:41:05.992,1.33247,1.33266,1.13,1.28
2013.03.13 17:41:06.560,1.33246,1.33266,1.88,1.28
2013.03.13 17:41:07.102,1.33247,1.33267,1.13,1.50
2013.03.13 17:41:08.045,1.33247,1.33266,1.13,1.47
2013.03.13 17:41:08.365,1.33243,1.33254,1.50,1.32
2013.03.13 17:41:08.552,1.33238,1.33254,1.50,1.32
2013.03.13 17:41:08.673,1.33234,1.33254,1.88,1.32
2013.03.13 17:41:09.551,1.33235,1.33254,1.13,1.32
2013.03.13 17:41:10.378,1.33233,1.33254,2.63,2.44
2013.03.13 17:41:14.224,1.33233,1.33253,1.88,1.13
2013.03.13 17:41:14.782,1.33232,1.33252,1.28,2.07
2013.03.13 17:41:16.003,1.3323,1.33251,3.00,1.88
2013.03.13 17:41:16.522,1.3323,1.3325,1.13,1.50
2013.03.13 17:41:16.942,1.33228,1.33248,1.50,1.50
2013.03.13 17:41:21.852,1.3323,1.33247,1.50,1.13
2013.03.13 17:41:22.032,1.3323,1.33249,1.13,1.69
2013.03.13 17:41:22.091,1.33234,1.33251,1.13,2.63
2013.03.13 17:41:22.153,1.33234,1.33252,1.13,1.50
2013.03.13 17:41:22.282,1.33235,1.33253,1.13,1.88
2013.03.13 17:41:22.836,1.33234,1.33253,1.13,1.88
2013.03.13 17:41:22.914,1.33234,1.33251,1.13,1.50
2013.03.13 17:41:23.415,1.33233,1.33253,1.13,1.50
2013.03.13 17:41:25.914,1.33236,1.33254,1.13,1.88
2013.03.13 17:41:26.042,1.33241,1.33256,1.50,1.32
2013.03.13 17:41:26.103,1.33242,1.33259,1.32,1.50
2013.03.13 17:41:26.472,1.3324,1.33259,1.50,1.50
2013.03.13 17:41:26.602,1.33237,1.33259,1.28,1.50
2013.03.13 17:41:29.543,1.33237,1.33259,1.65,1.13
2013.03.13 17:41:29.794,1.33236,1.33258,2.44,1.50
2013.03.13 17:41:30.343,1.33236,1.33257,1.13,1.88
2013.03.13 17:41:32.921,1.33235,1.33254,1.50,2.44
2013.03.13 17:41:32.981,1.33234,1.33253,1.13,1.13
2013.03.13 17:41:33.682,1.33234,1.33253,1.69,1.13
2013.03.13 17:41:36.472,1.33235,1.33255,1.50,1.13
2013.03.13 17:41:37.032,1.33233,1.33252,2.82,1.13
2013.03.13 17:41:37.591,1.33234,1.33253,1.69,1.13
2013.03.13 17:41:38.012,1.33233,1.33253,2.63,1.13
2013.03.13 17:41:39.122,1.33237,1.33255,1.32,1.73
2013.03.13 17:41:39.873,1.33237,1.33252,1.32,1.13
2013.03.13 17:41:40.002,1.33234,1.33252,1.32,1.13
2013.03.13 17:41:48.993,1.33234,1.33253,2.25,1.13
2013.03.13 17:41:52.263,1.33235,1.33255,1.13,1.47
2013.03.13 17:41:53.746,1.33235,1.33255,1.50,1.32
2013.03.13 17:41:54.053,1.33248,1.33263,1.50,1.88
2013.03.13 17:41:54.233,1.33248,1.33266,1.50,1.65
2013.03.13 17:41:54.353,1.33248,1.33267,1.13,2.25
2013.03.13 17:41:54.934,1.33246,1.33267,2.44,1.50
2013.03.13 17:41:55.474,1.33246,1.33267,2.44,1.50
2013.03.13 17:41:57.601,1.33244,1.33266,1.13,1.50
2013.03.13 17:42:02.674,1.33243,1.33264,3.00,1.35
2013.03.13 17:42:02.984,1.33243,1.33259,2.63,1.50
2013.03.13 17:42:03.232,1.33243,1.33261,1.50,2.07
2013.03.13 17:42:03.352,1.33239,1.33261,2.78,2.07
2013.03.13 17:42:04.564,1.33239,1.3326,2.03,1.50
2013.03.13 17:42:05.463,1.33238,1.33255,1.28,1.50
2013.03.13 17:42:08.802,1.33236,1.33255,2.03,1.65
2013.03.13 17:42:09.944,1.33237,1.33255,1.13,1.65
2013.03.13 17:42:11.852,1.33236,1.33255,2.03,1.65
2013.03.13 17:42:23.346,1.33236,1.33255,1.28,1.65
2013.03.13 17:42:40.294,1.33236,1.33257,3.00,2.22
2013.03.13 17:43:02.202,1.33236,1.33257,3.00,1.65
2013.03.13 17:43:05.606,1.33236,1.33258,3.00,2.44
2013.03.13 17:43:09.172,1.33236,1.33258,3.00,2.44
2013.03.13 17:43:10.863,1.33236,1.33258,3.00,2.22
2013.03.13 17:43:10.932,1.33236,1.33253,1.88,1.50
2013.03.13 17:43:11.251,1.33231,1.33253,1.50,2.82
2013.03.13 17:43:13.951,1.33231,1.33253,3.75,2.07
2013.03.13 17:43:15.242,1.33231,1.33252,1.50,1.32
2013.03.13 17:43:27.913,1.33231,1.33252,2.07,2.03
2013.03.13 17:43:28.483,1.33231,1.33252,2.07,2.03
2013.03.13 17:43:31.086,1.33236,1.33252,1.73,1.65
2013.03.13 17:43:31.414,1.3324,1.33257,2.40,1.50
2013.03.13 17:43:31.545,1.33239,1.33261,2.97,1.65
2013.03.13 17:43:31.671,1.33239,1.33261,2.97,1.65
2013.03.13 17:43:31.792,1.33239,1.33262,2.22,2.97
2013.03.13 17:43:31.852,1.33239,1.33261,2.22,1.65
2013.03.13 17:43:32.603,1.33239,1.33259,2.22,1.13
2013.03.13 17:43:32.923,1.33245,1.33263,1.88,1.88
2013.03.13 17:43:33.044,1.33245,1.33263,1.88,1.13
2013.03.13 17:43:46.342,1.33246,1.33267,1.65,2.63
2013.03.13 17:43:47.093,1.33246,1.33265,1.65,3.00
2013.03.13 17:43:47.404,1.33242,1.33255,1.50,1.32
2013.03.13 17:43:47.606,1.33234,1.33253,1.88,1.50
2013.03.13 17:43:47.672,1.33233,1.33253,1.13,1.50
2013.03.13 17:43:48.662,1.33232,1.33253,2.40,1.50
2013.03.13 17:43:49.473,1.33232,1.33253,2.40,2.07
2013.03.13 17:43:49.893,1.33231,1.33251,1.65,1.50
2013.03.13 17:43:50.523,1.33232,1.33252,1.65,1.32
2013.03.13 17:43:51.070,1.33235,1.33256,1.88,1.65
2013.03.13 17:43:51.135,1.33235,1.33256,1.13,1.65
2013.03.13 17:43:52.003,1.33233,1.33255,2.82,2.78
2013.03.13 17:43:52.323,1.33231,1.3325,2.03,1.50
2013.03.13 17:43:52.682,1.33226,1.33247,2.78,1.13
2013.03.13 17:43:53.983,1.33227,1.33248,2.25,1.88
2013.03.13 17:43:54.294,1.33234,1.33253,1.50,1.32
2013.03.13 17:43:54.412,1.33235,1.33255,1.65,1.65
2013.03.13 17:43:56.133,1.33234,1.33255,2.25,1.65
2013.03.13 17:43:56.753,1.33235,1.33255,1.65,1.47
2013.03.13 17:44:01.146,1.33234,1.3325,1.50,1.32
2013.03.13 17:44:09.581,1.33228,1.3325,1.88,1.88
2013.03.13 17:44:58.464,1.33228,1.33249,1.28,1.69
2013.03.13 17:45:00.723,1.33228,1.33249,1.28,1.69
2013.03.13 17:45:01.453,1.33227,1.33251,1.50,1.47
2013.03.13 17:45:01.875,1.33233,1.33252,1.32,1.47
2013.03.13 17:45:02.194,1.3324,1.33251,1.28,1.32
2013.03.13 17:45:02.384,1.3324,1.33259,2.03,2.25
2013.03.13 17:45:02.933,1.3324,1.33261,1.28,2.40
2013.03.13 17:45:03.481,1.3324,1.33261,2.03,2.40
2013.03.13 17:45:03.864,1.33243,1.33261,1.69,1.65
2013.03.13 17:45:04.174,1.33246,1.33265,1.13,1.13
2013.03.13 17:45:06.543,1.33248,1.33267,1.50,1.28
2013.03.13 17:45:09.121,1.33246,1.33265,1.50,1.13
2013.03.13 17:45:12.234,1.33246,1.33265,1.50,1.13
2013.03.13 17:45:17.490,1.33246,1.33268,1.50,2.40
2013.03.13 17:45:22.322,1.33246,1.33268,2.63,1.13
2013.03.13 17:45:23.729,1.33246,1.33268,3.00,1.88
2013.03.13 17:45:25.383,1.33246,1.33268,3.00,1.88
2013.03.13 17:45:25.504,1.33247,1.3327,2.44,1.50
2013.03.13 17:45:25.814,1.33251,1.33271,2.25,2.25
2013.03.13 17:45:26.063,1.33251,1.33271,1.50,2.25
2013.03.13 17:45:26.624,1.33251,1.33271,1.50,1.50
2013.03.13 17:45:27.612,1.33251,1.33271,1.13,1.13
2013.03.13 17:45:29.913,1.33249,1.33268,2.25,1.13
2013.03.13 17:45:32.729,1.33249,1.33269,2.25,1.50
2013.03.13 17:45:33.233,1.33249,1.3327,2.25,1.65
2013.03.13 17:45:33.774,1.33252,1.33271,1.50,1.28
2013.03.13 17:45:34.322,1.33253,1.33274,2.63,1.13
2013.03.13 17:45:34.832,1.33255,1.33275,1.88,1.28
2013.03.13 17:45:36.233,1.33255,1.33273,1.50,1.13
2013.03.13 17:45:39.862,1.33254,1.33273,2.25,1.13
2013.03.13 17:45:47.703,1.33254,1.33275,2.25,1.65
2013.03.13 17:45:54.772,1.33252,1.33273,1.50,1.88
2013.03.13 17:45:55.672,1.33252,1.33272,1.50,1.50
2013.03.13 17:45:56.032,1.33248,1.33269,1.13,2.25
2013.03.13 17:45:56.153,1.33246,1.33267,1.88,1.50
2013.03.13 17:45:56.712,1.33246,1.33267,1.13,2.25
2013.03.13 17:46:00.363,1.33245,1.33266,1.28,1.50
2013.03.13 17:46:00.423,1.33244,1.33264,1.28,2.22
2013.03.13 17:46:00.543,1.33242,1.33259,1.50,2.25
2013.03.13 17:46:00.603,1.33239,1.33257,1.47,2.25
2013.03.13 17:46:01.152,1.33232,1.33253,2.03,1.50
2013.03.13 17:46:01.412,1.33231,1.3325,1.28,1.32
2013.03.13 17:46:01.532,1.33228,1.3325,1.88,1.32
2013.03.13 17:46:02.083,1.33227,1.33249,1.50,1.50
2013.03.13 17:46:06.637,1.33224,1.33245,2.59,2.25
2013.03.13 17:46:07.184,1.33224,1.33245,2.03,2.25
2013.03.13 17:46:07.743,1.33225,1.33245,1.28,2.25
2013.03.13 17:46:09.403,1.33225,1.33244,1.28,1.50
2013.03.13 17:46:09.922,1.33224,1.33243,1.65,1.50
2013.03.13 17:46:17.532,1.33223,1.33244,1.65,2.25
2013.03.13 17:46:21.429,1.33223,1.33243,1.65,1.50
2013.03.13 17:46:33.472,1.33223,1.33244,1.50,2.40
2013.03.13 17:46:34.218,1.33223,1.33243,1.50,1.13
2013.03.13 17:46:35.760,1.33223,1.33242,1.50,1.88
2013.03.13 17:46:37.244,1.33222,1.33242,1.50,1.88
2013.03.13 17:46:39.222,1.33222,1.33242,1.50,1.13
2013.03.13 17:46:40.023,1.33221,1.33241,1.65,1.13
2013.03.13 17:46:40.764,1.33222,1.33242,1.50,2.48
2013.03.13 17:46:41.272,1.33223,1.33241,1.65,1.50
2013.03.13 17:46:44.489,1.33223,1.33241,1.65,1.50
2013.03.13 17:46:47.494,1.33222,1.33241,1.65,1.50
2013.03.13 17:46:56.852,1.3322,1.3324,2.25,1.65
2013.03.13 17:46:57.374,1.3322,1.3324,1.50,1.65
2013.03.13 17:47:00.352,1.33218,1.3324,2.40,2.03
2013.03.13 17:47:00.965,1.33218,1.33239,2.40,1.13
2013.03.13 17:47:09.851,1.33218,1.3324,2.40,3.15
2013.03.13 17:47:13.231,1.33218,1.3324,2.63,3.15
2013.03.13 17:47:23.394,1.33217,1.33238,2.40,2.78
2013.03.13 17:47:23.993,1.33217,1.33238,1.65,2.78
2013.03.13 17:47:24.524,1.33217,1.33238,1.65,3.38
2013.03.13 17:47:27.802,1.33216,1.33237,1.65,1.13
2013.03.13 17:47:29.722,1.33216,1.33236,1.65,1.88
2013.03.13 17:47:38.228,1.33217,1.33236,2.03,1.13
2013.03.13 17:47:38.296,1.33218,1.33238,1.32,1.88
2013.03.13 17:47:42.323,1.33221,1.33238,1.13,1.13
2013.03.13 17:47:43.905,1.33221,1.33238,1.13,1.13
2013.03.13 17:47:53.792,1.33219,1.33238,1.65,2.25
2013.03.13 17:47:59.461,1.33219,1.33238,1.65,2.25
2013.03.13 17:47:59.725,1.33217,1.33237,1.13,2.07
2013.03.13 17:48:00.033,1.33214,1.33234,1.28,1.50
2013.03.13 17:48:00.343,1.33214,1.33232,1.28,1.50
2013.03.13 17:48:00.853,1.33214,1.33234,1.13,1.50
2013.03.13 17:48:00.973,1.33215,1.33235,1.13,1.88
2013.03.13 17:48:08.067,1.33217,1.33234,1.69,1.50
2013.03.13 17:48:08.433,1.33217,1.33237,1.69,1.13
2013.03.13 17:48:11.703,1.3322,1.33237,1.13,1.13
2013.03.13 17:48:19.762,1.33215,1.33237,2.03,2.25
2013.03.13 17:48:20.183,1.3322,1.33238,1.13,1.50
2013.03.13 17:48:20.736,1.3322,1.33239,1.13,3.19
2013.03.13 17:48:23.523,1.33217,1.33237,1.28,1.50
2013.03.13 17:48:28.453,1.33217,1.33237,1.28,1.50
2013.03.13 17:48:32.147,1.33217,1.33237,1.05,1.50
2013.03.13 17:48:32.700,1.33215,1.33236,2.63,1.50
2013.03.13 17:48:35.613,1.33215,1.33234,1.13,3.00
2013.03.13 17:48:41.495,1.33215,1.33234,1.13,2.25
2013.03.13 17:48:42.096,1.33217,1.33235,1.47,1.13
2013.03.13 17:48:42.224,1.33217,1.33236,1.84,1.50
2013.03.13 17:48:43.501,1.33216,1.33236,2.03,1.50
2013.03.13 17:48:44.004,1.33215,1.33235,2.25,1.50
2013.03.13 17:48:44.496,1.33215,1.33232,1.50,1.50
2013.03.13 17:48:46.243,1.33215,1.33234,1.13,1.50
2013.03.13 17:48:47.178,1.33213,1.33234,2.03,1.50
2013.03.13 17:48:51.343,1.33215,1.33234,1.50,1.50
2013.03.13 17:48:51.463,1.33215,1.33236,1.50,2.22
2013.03.13 17:48:51.663,1.33226,1.33238,1.13,1.88
2013.03.13 17:48:51.724,1.33226,1.33239,1.13,2.25
2013.03.13 17:48:52.023,1.33226,1.33243,1.13,2.25
2013.03.13 17:48:53.692,1.33226,1.33248,1.13,3.15
2013.03.13 17:48:55.533,1.33226,1.33246,1.13,1.50
2013.03.13 17:48:55.927,1.33226,1.33245,1.13,1.50
2013.03.13 17:49:01.714,1.3323,1.33246,1.50,1.50
2013.03.13 17:49:01.775,1.3323,1.33247,1.50,2.03
2013.03.13 17:49:02.388,1.33229,1.33249,1.32,1.13
2013.03.13 17:49:04.324,1.3323,1.33249,1.50,1.13
2013.03.13 17:49:07.243,1.33231,1.33253,2.03,2.63
2013.03.13 17:49:10.934,1.3323,1.33247,1.50,1.32
2013.03.13 17:49:11.294,1.33224,1.33243,1.65,2.25
2013.03.13 17:49:16.776,1.33222,1.33242,1.28,2.63
2013.03.13 17:49:16.844,1.33222,1.33242,1.13,3.19
2013.03.13 17:49:16.914,1.33221,1.3324,1.13,1.47
2013.03.13 17:49:17.158,1.33218,1.33239,1.65,1.50
2013.03.13 17:49:18.173,1.33217,1.33238,1.88,1.50
2013.03.13 17:49:18.714,1.33215,1.33236,1.13,1.50
2013.03.13 17:49:28.943,1.33218,1.33238,1.65,2.25
2013.03.13 17:49:29.365,1.33219,1.3324,1.09,2.03
2013.03.13 17:49:29.433,1.33223,1.3324,1.50,1.28
2013.03.13 17:49:30.334,1.33222,1.33243,2.63,1.88
2013.03.13 17:49:31.319,1.33222,1.33243,1.88,1.88
2013.03.13 17:49:32.280,1.33224,1.33244,1.13,1.50
2013.03.13 17:49:32.834,1.33224,1.33244,1.13,1.50
2013.03.13 17:49:38.588,1.33224,1.33244,1.13,2.25
2013.03.13 17:50:01.315,1.33224,1.33245,1.47,1.13
2013.03.13 17:50:01.624,1.33227,1.3325,2.82,1.88
2013.03.13 17:50:01.933,1.3323,1.33251,1.50,1.28
2013.03.13 17:50:02.684,1.3323,1.33252,1.88,1.65
2013.03.13 17:50:14.748,1.33228,1.33251,1.88,2.78
2013.03.13 17:50:24.103,1.3323,1.33251,1.47,2.78
2013.03.13 17:50:24.228,1.33233,1.33253,1.50,2.25
2013.03.13 17:50:28.496,1.33233,1.33253,1.32,1.13
2013.03.13 17:50:31.873,1.33237,1.33258,1.50,1.13
2013.03.13 17:50:31.933,1.33237,1.33259,1.88,2.63
2013.03.13 17:50:32.626,1.3324,1.33261,1.50,2.03
2013.03.13 17:50:33.284,1.3324,1.33261,1.50,2.03
2013.03.13 17:50:34.182,1.3324,1.33261,1.50,2.78
2013.03.13 17:50:36.075,1.33241,1.33261,1.50,1.65
2013.03.13 17:50:36.384,1.33248,1.33269,1.13,3.15
2013.03.13 17:50:36.693,1.33247,1.33266,1.13,1.50
2013.03.13 17:50:37.773,1.33245,1.33266,1.88,1.50
2013.03.13 17:50:38.005,1.33245,1.33265,1.88,1.50
2013.03.13 17:50:39.173,1.33245,1.33266,1.13,2.25
2013.03.13 17:50:42.264,1.33248,1.33267,1.13,1.88
2013.03.13 17:50:42.828,1.3325,1.33269,1.65,1.28
2013.03.13 17:50:42.966,1.33252,1.33269,1.50,1.28
2013.03.13 17:50:43.034,1.33252,1.33271,1.50,1.13
2013.03.13 17:50:43.094,1.33251,1.3327,1.13,1.65
2013.03.13 17:50:43.164,1.33251,1.33271,1.88,1.13
2013.03.13 17:50:43.703,1.33252,1.33272,1.50,1.50
2013.03.13 17:50:44.932,1.33262,1.33282,1.13,2.25
2013.03.13 17:50:45.010,1.33264,1.33283,1.13,1.05
2013.03.13 17:50:45.136,1.33264,1.33285,1.88,2.63
2013.03.13 17:50:45.268,1.33264,1.33281,1.13,1.50
2013.03.13 17:50:45.765,1.33262,1.3328,1.88,1.13
2013.03.13 17:50:46.074,1.33256,1.33273,1.50,1.65
2013.03.13 17:50:46.374,1.33254,1.33273,1.65,2.03
2013.03.13 17:50:46.875,1.33252,1.33273,1.13,2.78
2013.03.13 17:50:47.184,1.3325,1.33271,1.13,1.50
2013.03.13 17:50:47.603,1.33252,1.3327,1.13,1.50
2013.03.13 17:50:47.664,1.33252,1.33272,1.13,1.50
2013.03.13 17:50:49.409,1.33252,1.33275,2.63,2.25
2013.03.13 17:50:50.826,1.33259,1.33275,1.50,1.13
2013.03.13 17:50:51.137,1.33263,1.33278,1.69,1.50
2013.03.13 17:50:51.831,1.33263,1.33282,1.28,1.50
2013.03.13 17:50:54.414,1.33262,1.33282,1.28,2.25
2013.03.13 17:50:54.966,1.33262,1.33281,1.28,1.50
2013.03.13 17:50:55.155,1.33266,1.33283,1.13,1.13
2013.03.13 17:50:55.513,1.33266,1.33285,1.13,1.88
2013.03.13 17:50:56.934,1.33266,1.33284,1.13,1.50
2013.03.13 17:51:01.814,1.33261,1.33283,2.03,2.25
2013.03.13 17:51:02.153,1.33261,1.33281,2.03,1.13
2013.03.13 17:51:02.846,1.33261,1.33278,1.50,1.73
2013.03.13 17:51:02.915,1.33256,1.33276,1.13,2.40
2013.03.13 17:51:03.225,1.33255,1.33274,1.65,1.50
2013.03.13 17:51:03.989,1.33254,1.33274,1.65,1.50
2013.03.13 17:51:06.934,1.33253,1.33272,1.28,1.50
2013.03.13 17:51:10.014,1.33251,1.33269,1.28,1.50
2013.03.13 17:51:11.405,1.33253,1.3327,1.28,1.50
2013.03.13 17:51:11.474,1.33253,1.3327,1.28,1.50
2013.03.13 17:51:11.535,1.33254,1.33272,1.28,1.50
2013.03.13 17:51:11.665,1.33254,1.33275,2.03,2.25
2013.03.13 17:51:11.794,1.33257,1.33277,1.50,2.40
2013.03.13 17:51:11.925,1.33257,1.33274,1.50,1.50
2013.03.13 17:51:12.585,1.33257,1.33274,1.50,3.00
2013.03.13 17:51:12.664,1.33253,1.33272,2.03,3.00
2013.03.13 17:51:15.005,1.33253,1.33273,2.78,1.50
2013.03.13 17:51:15.545,1.33253,1.33275,1.88,1.50
2013.03.13 17:51:15.845,1.33253,1.33275,1.88,1.50
2013.03.13 17:51:16.504,1.33253,1.33275,2.22,1.50
2013.03.13 17:51:17.714,1.33253,1.33274,2.03,1.50
2013.03.13 17:51:18.543,1.33253,1.33273,1.88,2.25
2013.03.13 17:51:19.094,1.33252,1.33272,1.50,1.50
2013.03.13 17:51:20.505,1.33251,1.3327,1.50,2.25
2013.03.13 17:51:20.818,1.33247,1.33266,1.28,2.25
2013.03.13 17:51:21.605,1.33249,1.33268,1.13,1.13
2013.03.13 17:51:22.385,1.33246,1.33266,1.88,1.50
2013.03.13 17:51:24.774,1.33251,1.3327,1.13,1.50
2013.03.13 17:51:33.518,1.33249,1.3327,2.63,1.65
2013.03.13 17:51:34.494,1.33249,1.33269,2.03,2.25
2013.03.13 17:51:34.734,1.33249,1.33267,2.03,1.50
2013.03.13 17:51:43.014,1.33249,1.33269,1.28,2.85
2013.03.13 17:51:45.595,1.3325,1.33269,1.80,1.50
2013.03.13 17:51:48.641,1.3325,1.33271,1.80,2.03
2013.03.13 17:51:49.287,1.33253,1.33271,1.13,1.50
2013.03.13 17:51:50.124,1.33253,1.33272,1.13,2.25
2013.03.13 17:51:50.814,1.33253,1.33274,1.13,2.63
2013.03.13 17:51:52.934,1.33253,1.33272,1.13,1.50
2013.03.13 17:51:53.125,1.3325,1.3327,1.13,1.88
2013.03.13 17:52:04.053,1.33249,1.3327,1.13,2.03
2013.03.13 17:52:04.907,1.33251,1.3327,2.22,2.03
2013.03.13 17:52:04.974,1.33251,1.3327,1.65,2.03
2013.03.13 17:52:15.883,1.33249,1.33271,2.03,1.28
2013.03.13 17:52:20.125,1.3325,1.33272,1.80,2.40
2013.03.13 17:52:21.051,1.33249,1.3327,3.12,1.13
2013.03.13 17:52:23.307,1.33251,1.3327,1.13,1.13
2013.03.13 17:52:23.814,1.33251,1.3327,1.13,1.13
2013.03.13 17:52:27.969,1.33251,1.33271,1.13,1.50
2013.03.13 17:52:38.401,1.33249,1.33271,1.65,2.40
2013.03.13 17:52:47.824,1.33249,1.3327,1.65,1.88
2013.03.13 17:52:50.723,1.3325,1.33271,1.28,2.40
2013.03.13 17:52:53.432,1.3325,1.3327,1.28,1.50
2013.03.13 17:52:53.513,1.33249,1.33268,1.50,1.50
2013.03.13 17:52:53.586,1.33247,1.33267,2.03,1.50
2013.03.13 17:52:54.035,1.33247,1.33267,1.28,3.00
2013.03.13 17:52:54.094,1.33247,1.33268,1.28,2.25
2013.03.13 17:52:54.154,1.33247,1.33268,1.28,1.50
2013.03.13 17:52:55.872,1.33246,1.33266,1.50,1.50
2013.03.13 17:52:56.454,1.33245,1.33266,1.50,2.25
2013.03.13 17:52:59.176,1.33248,1.33266,1.47,1.88
2013.03.13 17:52:59.426,1.33248,1.3327,2.22,2.78
2013.03.13 17:53:00.195,1.33249,1.3327,1.50,1.28
2013.03.13 17:53:01.914,1.33249,1.33271,1.88,1.88
2013.03.13 17:53:08.099,1.3325,1.33271,1.32,1.13
2013.03.13 17:53:08.514,1.3325,1.33272,1.47,1.65
2013.03.13 17:53:11.085,1.33248,1.33269,2.25,2.25
2013.03.13 17:53:11.514,1.33248,1.33266,1.50,1.50
2013.03.13 17:53:15.563,1.33248,1.33266,1.13,1.50
2013.03.13 17:53:19.394,1.33243,1.33263,1.28,2.63
2013.03.13 17:53:19.574,1.33241,1.33263,3.00,3.19
2013.03.13 17:53:20.513,1.33241,1.33262,1.50,1.65
2013.03.13 17:53:23.513,1.33241,1.33263,1.88,1.13
2013.03.13 17:53:29.583,1.33241,1.33263,1.13,1.13
2013.03.13 17:53:34.703,1.33242,1.33264,1.13,3.53
2013.03.13 17:53:53.709,1.33241,1.33261,2.25,1.50
2013.03.13 17:53:53.833,1.33241,1.33261,1.88,1.65
2013.03.13 17:53:59.354,1.33241,1.33263,1.50,3.19
2013.03.13 17:54:09.806,1.33242,1.33261,1.13,1.32
2013.03.13 17:54:10.116,1.33238,1.33257,1.28,1.50
2013.03.13 17:54:10.443,1.33236,1.33257,3.15,2.25
2013.03.13 17:54:14.564,1.33235,1.33255,1.84,1.88
2013.03.13 17:54:14.745,1.33233,1.33254,1.50,3.04
2013.03.13 17:54:14.804,1.33232,1.33252,2.25,1.47
2013.03.13 17:54:15.156,1.33231,1.3325,2.63,1.50
2013.03.13 17:54:16.223,1.33231,1.3325,3.38,1.50
2013.03.13 17:54:20.133,1.3323,1.3325,1.88,1.50
2013.03.13 17:54:24.696,1.33231,1.3325,1.13,1.50
2013.03.13 17:54:30.224,1.33231,1.3325,1.13,1.50
2013.03.13 17:54:30.766,1.33231,1.33252,2.63,1.65
2013.03.13 17:54:34.140,1.3324,1.33253,1.32,1.50
2013.03.13 17:54:34.386,1.3324,1.33258,1.32,1.13
2013.03.13 17:54:38.574,1.33238,1.33262,2.07,1.88
2013.03.13 17:55:00.748,1.3324,1.3326,1.13,1.50
2013.03.13 17:55:00.817,1.3324,1.3326,1.13,2.25
2013.03.13 17:55:01.128,1.3324,1.33258,1.13,1.50
2013.03.13 17:55:01.326,1.3324,1.33261,1.13,1.50
2013.03.13 17:55:01.575,1.3324,1.33262,1.13,2.25
2013.03.13 17:55:02.093,1.3324,1.33263,1.88,2.48
2013.03.13 17:55:02.466,1.33244,1.33263,1.50,1.73
2013.03.13 17:55:03.757,1.33241,1.33261,1.28,1.69
2013.03.13 17:55:04.065,1.3324,1.3326,1.88,1.50
2013.03.13 17:55:04.128,1.3324,1.33263,1.88,3.00
2013.03.13 17:55:04.198,1.3324,1.3326,1.13,1.50
2013.03.13 17:55:04.506,1.33236,1.33257,3.75,1.50
2013.03.13 17:55:04.815,1.33238,1.33261,1.65,2.63
2013.03.13 17:55:05.005,1.3324,1.33261,1.50,2.25
2013.03.13 17:55:05.123,1.33242,1.33261,1.50,1.50
2013.03.13 17:55:19.438,1.33242,1.33263,1.65,1.50
2013.03.13 17:55:21.414,1.33241,1.3326,1.13,1.50
2013.03.13 17:55:21.773,1.33241,1.33255,1.13,1.50
2013.03.13 17:55:24.148,1.33241,1.33259,1.13,2.63
2013.03.13 17:55:24.276,1.33241,1.33261,1.88,1.50
2013.03.13 17:55:26.146,1.33241,1.33261,1.50,1.50
2013.03.13 17:55:26.217,1.33241,1.3326,1.50,1.50
2013.03.13 17:55:26.774,1.33239,1.33258,1.13,3.00
2013.03.13 17:55:29.711,1.3324,1.33261,1.69,1.88
2013.03.13 17:55:30.829,1.33242,1.33261,1.28,1.88
2013.03.13 17:55:31.138,1.33245,1.33265,1.32,2.03
2013.03.13 17:55:37.577,1.33246,1.33266,1.13,1.13
2013.03.13 17:55:38.545,1.33246,1.33264,1.13,1.50
2013.03.13 17:55:49.954,1.33249,1.33263,1.13,1.13
2013.03.13 17:55:50.264,1.33253,1.33264,1.32,2.03
2013.03.13 17:55:50.718,1.3325,1.33264,1.65,1.50
2013.03.13 17:55:50.784,1.33249,1.33265,3.00,1.28
2013.03.13 17:55:50.905,1.33249,1.33271,3.00,1.47
2013.03.13 17:55:50.964,1.33249,1.33267,2.25,1.32
2013.03.13 17:55:51.900,1.33247,1.33265,1.50,1.32
2013.03.13 17:55:51.972,1.33244,1.33265,1.88,1.13
2013.03.13 17:55:52.036,1.33247,1.33266,1.50,1.13
2013.03.13 17:55:55.085,1.33243,1.33264,3.19,1.13
2013.03.13 17:55:55.264,1.3324,1.33259,3.38,1.32
2013.03.13 17:55:55.445,1.33241,1.33263,2.25,1.28
2013.03.13 17:55:55.704,1.33241,1.33263,2.25,1.84
2013.03.13 17:55:55.824,1.3324,1.33259,1.13,1.32
2013.03.13 17:55:55.945,1.33241,1.33262,1.50,1.80
2013.03.13 17:55:56.980,1.33243,1.33262,1.32,1.05
2013.03.13 17:55:57.299,1.33247,1.33264,2.25,1.13
2013.03.13 17:55:57.425,1.33247,1.33269,2.25,1.50
2013.03.13 17:55:57.734,1.33248,1.3327,1.65,2.59
2013.03.13 17:55:58.534,1.3325,1.3327,1.50,1.84
2013.03.13 17:55:59.087,1.33251,1.33273,1.50,2.40
2013.03.13 17:56:03.644,1.33251,1.33273,3.00,1.65
2013.03.13 17:56:04.714,1.33251,1.33272,2.25,1.88
2013.03.13 17:56:04.776,1.33249,1.33269,2.40,1.32
2013.03.13 17:56:05.144,1.33245,1.33266,1.50,1.50
2013.03.13 17:56:05.915,1.33243,1.33265,1.88,1.13
2013.03.13 17:56:06.164,1.33241,1.33262,1.28,1.32
2013.03.13 17:56:06.225,1.33241,1.33264,1.65,3.00
2013.03.13 17:56:06.787,1.33241,1.3326,1.65,1.13
2013.03.13 17:56:07.760,1.33241,1.3326,1.65,1.13
2013.03.13 17:56:21.653,1.33241,1.33263,2.03,1.88
2013.03.13 17:56:32.125,1.33241,1.33263,2.03,1.13
2013.03.13 17:56:32.848,1.33241,1.33263,2.03,1.13
2013.03.13 17:56:36.953,1.33241,1.33264,1.65,3.00
2013.03.13 17:56:37.555,1.33243,1.33264,1.13,2.78
2013.03.13 17:56:39.776,1.33242,1.33263,1.13,2.63
2013.03.13 17:56:49.815,1.33243,1.33263,1.13,1.13
2013.03.13 17:56:51.465,1.33243,1.33263,1.13,1.13
2013.03.13 17:56:53.005,1.33242,1.33263,1.69,1.13
2013.03.13 17:56:54.186,1.33241,1.33261,1.65,1.28
2013.03.13 17:56:54.906,1.33241,1.33261,1.65,2.03
2013.03.13 17:57:03.460,1.3324,1.3326,1.13,1.50
2013.03.13 17:57:03.728,1.3324,1.33261,1.88,1.28
2013.03.13 17:57:04.286,1.3324,1.33261,1.88,1.28
2013.03.13 17:57:22.708,1.33238,1.3326,1.88,1.50
2013.03.13 17:57:24.784,1.33238,1.3326,1.88,1.65
2013.03.13 17:57:29.392,1.33241,1.33261,1.32,1.13
2013.03.13 17:57:29.904,1.3324,1.33261,2.03,1.88
2013.03.13 17:57:32.403,1.33239,1.3326,1.84,1.65
2013.03.13 17:57:40.143,1.33239,1.33261,1.69,1.28
2013.03.13 17:57:42.186,1.33244,1.33261,1.13,1.13
2013.03.13 17:57:42.377,1.3325,1.33265,1.13,2.25
2013.03.13 17:57:42.646,1.3325,1.33271,1.13,1.88
2013.03.13 17:57:45.478,1.33253,1.33274,1.65,2.82
2013.03.13 17:57:55.944,1.33252,1.33273,2.22,1.65
2013.03.13 17:57:56.471,1.33252,1.33273,1.47,1.65
2013.03.13 17:57:57.445,1.33252,1.33273,1.69,1.50
2013.03.13 17:57:59.915,1.33252,1.3326,1.13,1.32
2013.03.13 17:58:00.106,1.33241,1.33259,2.25,3.57
2013.03.13 17:58:00.174,1.3324,1.33259,1.13,2.07
2013.03.13 17:58:00.887,1.33238,1.33258,1.73,1.50
2013.03.13 17:58:00.957,1.33239,1.33258,1.13,1.50
2013.03.13 17:58:01.086,1.33238,1.33259,2.63,1.32
2013.03.13 17:58:01.394,1.33239,1.3326,1.88,1.32
2013.03.13 17:58:01.654,1.3324,1.33263,1.50,1.69
2013.03.13 17:58:02.166,1.33241,1.33263,1.50,3.00
2013.03.13 17:58:05.185,1.33242,1.33263,1.50,1.13
2013.03.13 17:58:05.436,1.33243,1.33264,1.32,2.25
2013.03.13 17:58:06.104,1.33243,1.33265,2.07,4.13
2013.03.13 17:58:06.944,1.33243,1.33264,2.07,1.50
2013.03.13 17:58:09.594,1.33243,1.33265,1.50,1.50
2013.03.13 17:58:10.016,1.33244,1.33268,1.50,2.78
2013.03.13 17:58:10.454,1.33244,1.33265,1.50,1.50
2013.03.13 17:58:12.375,1.33244,1.33265,2.07,1.50
2013.03.13 17:58:12.912,1.33244,1.33267,1.50,2.03
2013.03.13 17:58:13.233,1.33247,1.33267,1.50,1.28
2013.03.13 17:58:13.414,1.33247,1.33268,1.69,2.78
2013.03.13 17:58:13.537,1.33242,1.33265,2.07,1.50
2013.03.13 17:58:13.666,1.33242,1.33264,1.13,2.25
2013.03.13 17:58:13.985,1.33242,1.33264,1.13,3.00
2013.03.13 17:58:14.365,1.33242,1.33264,1.88,3.00
2013.03.13 17:58:14.786,1.33242,1.33262,1.13,1.50
2013.03.13 17:58:16.994,1.33238,1.3326,1.28,2.40
2013.03.13 17:58:17.056,1.33237,1.3326,1.13,2.78
2013.03.13 17:58:17.416,1.33235,1.33251,1.13,1.13
2013.03.13 17:58:17.549,1.33233,1.3325,1.65,1.65
2013.03.13 17:58:17.616,1.33229,1.3325,1.50,1.65
2013.03.13 17:58:17.866,1.33228,1.3325,1.65,1.65
2013.03.13 17:58:17.935,1.33227,1.3325,3.15,1.65
2013.03.13 17:58:18.306,1.33227,1.33248,2.40,1.50
2013.03.13 17:58:20.424,1.33228,1.33247,1.65,1.50
2013.03.13 17:58:20.614,1.33228,1.33249,1.65,2.03
2013.03.13 17:58:22.411,1.33228,1.3325,1.65,1.65
2013.03.13 17:58:24.755,1.33228,1.33249,2.40,1.65
2013.03.13 17:58:24.875,1.33228,1.33249,2.40,1.65
2013.03.13 17:58:26.406,1.33231,1.33251,1.50,1.13
2013.03.13 17:58:26.965,1.33231,1.33251,1.50,1.13
2013.03.13 17:58:27.814,1.3323,1.33251,1.50,1.13
2013.03.13 17:58:28.065,1.33234,1.33251,1.50,1.13
2013.03.13 17:58:29.587,1.33234,1.33255,1.88,1.28
2013.03.13 17:58:32.535,1.33232,1.33254,1.13,1.50
2013.03.13 17:58:32.596,1.3323,1.3325,1.50,1.50
2013.03.13 17:58:35.684,1.33229,1.33251,1.88,1.88
2013.03.13 17:58:36.256,1.33231,1.33251,1.13,1.13
2013.03.13 17:58:37.626,1.33231,1.33249,1.13,1.32
2013.03.13 17:58:38.054,1.3323,1.3325,1.13,1.88
2013.03.13 17:58:48.374,1.33229,1.33251,2.25,1.50
2013.03.13 17:58:48.984,1.33231,1.33252,1.65,2.03
2013.03.13 17:58:50.894,1.33231,1.33252,2.40,2.03
2013.03.13 17:58:51.434,1.33232,1.33252,1.32,1.28
2013.03.13 17:58:51.973,1.33231,1.33252,1.65,2.03
2013.03.13 17:58:53.356,1.33233,1.33253,1.50,2.03
2013.03.13 17:58:54.054,1.33234,1.33253,1.50,1.28
2013.03.13 17:58:54.355,1.33235,1.33256,1.50,1.13
2013.03.13 17:59:01.560,1.33237,1.33256,1.50,1.13
2013.03.13 17:59:02.269,1.33239,1.33258,2.25,1.28
2013.03.13 17:59:03.435,1.33239,1.33258,1.50,1.28
2013.03.13 17:59:03.574,1.33239,1.3326,1.65,1.80
2013.03.13 17:59:04.256,1.33239,1.3326,1.65,1.65
2013.03.13 17:59:09.345,1.33239,1.3326,1.65,1.28
2013.03.13 17:59:09.405,1.3324,1.33262,1.50,3.00
2013.03.13 17:59:09.972,1.33242,1.33262,2.25,1.50
2013.03.13 17:59:10.754,1.3324,1.33262,1.50,2.25
2013.03.13 17:59:11.075,1.33242,1.33262,1.50,1.50
2013.03.13 17:59:12.105,1.33243,1.33264,1.50,2.07
2013.03.13 17:59:15.050,1.33242,1.33264,1.13,1.13
2013.03.13 17:59:17.584,1.3324,1.33262,1.13,1.88
2013.03.13 17:59:19.595,1.3324,1.33262,1.50,1.65
2013.03.13 17:59:23.504,1.3324,1.33259,1.13,1.50
2013.03.13 17:59:24.055,1.33238,1.33258,1.13,1.50
2013.03.13 17:59:29.446,1.3324,1.3326,1.13,1.13
2013.03.13 17:59:32.707,1.33244,1.33263,1.13,1.13
2013.03.13 17:59:33.287,1.33244,1.33265,1.13,1.88
2013.03.13 17:59:34.537,1.33244,1.33265,1.69,1.13
2013.03.13 17:59:34.607,1.33244,1.33263,1.69,1.13
2013.03.13 17:59:34.675,1.33244,1.33263,1.69,1.65
2013.03.13 17:59:35.879,1.33241,1.33261,1.47,1.50
2013.03.13 17:59:36.270,1.33239,1.33258,1.69,1.50
2013.03.13 17:59:36.630,1.3324,1.33261,1.88,1.32
2013.03.13 17:59:36.875,1.3324,1.33261,2.63,1.13
2013.03.13 17:59:38.080,1.33244,1.33264,1.50,1.65
2013.03.13 17:59:38.387,1.33245,1.33265,1.50,1.88
2013.03.13 17:59:38.946,1.33242,1.33265,2.22,2.63
2013.03.13 17:59:39.136,1.33242,1.33265,2.22,2.63
2013.03.13 17:59:39.931,1.33251,1.33271,2.25,1.50
2013.03.13 17:59:40.509,1.33251,1.33271,1.50,2.25
2013.03.13 17:59:40.856,1.33247,1.33267,1.28,1.50
2013.03.13 17:59:42.997,1.33242,1.33263,1.13,1.50
2013.03.13 17:59:43.127,1.33239,1.33262,3.38,2.07
2013.03.13 17:59:43.555,1.33239,1.33262,3.38,2.07
2013.03.13 17:59:45.486,1.33241,1.33262,1.50,1.32
2013.03.13 17:59:45.618,1.33246,1.33265,1.50,1.13
2013.03.13 17:59:46.146,1.33246,1.33267,1.50,2.25
2013.03.13 17:59:46.655,1.33241,1.33263,1.50,1.13
2013.03.13 17:59:46.987,1.33241,1.33263,1.50,1.13
2013.03.13 17:59:47.306,1.33241,1.33262,1.50,1.50
2013.03.13 17:59:47.866,1.33241,1.33262,1.50,1.50
2013.03.13 17:59:48.068,1.33241,1.33262,1.50,1.50
2013.03.13 17:59:48.276,1.3324,1.33261,1.88,1.50
2013.03.13 17:59:49.587,1.33242,1.33262,1.13,1.50
2013.03.13 17:59:49.656,1.33241,1.33261,1.13,1.50
2013.03.13 17:59:50.265,1.33241,1.33261,1.13,1.50
2013.03.13 17:59:52.275,1.33239,1.33262,1.88,2.25
2013.03.13 17:59:52.876,1.33241,1.33261,1.50,1.50
2013.03.13 17:59:53.547,1.33245,1.33262,1.50,1.50
2013.03.13 17:59:53.677,1.33245,1.33268,2.25,5.18
2013.03.13 17:59:53.748,1.33242,1.33264,1.13,1.50
2013.03.13 17:59:54.067,1.33242,1.33264,1.13,1.50
2013.03.13 17:59:54.568,1.33242,1.33261,1.13,1.50
2013.03.13 17:59:55.019,1.33244,1.33263,2.25,1.88
2013.03.13 17:59:55.207,1.33247,1.33268,1.50,1.65
2013.03.13 17:59:55.770,1.33247,1.33268,1.50,1.65
2013.03.13 17:59:57.391,1.33247,1.33268,2.63,1.65
2013.03.13 17:59:57.528,1.33249,1.33269,1.50,1.65
2013.03.13 17:59:57.957,1.33249,1.3327,1.50,2.25
2013.03.13 17:59:58.086,1.33249,1.33269,1.50,1.13
2013.03.13 17:59:58.276,1.33249,1.33269,1.50,1.88
2013.03.13 17:59:59.292,1.33245,1.33263,1.65,1.50
2013.03.13 17:59:59.358,1.33244,1.33265,1.50,1.50
2013.03.13 17:59:59.489,1.33244,1.33264,1.50,1.50
2013.03.13 17:59:59.623,1.33243,1.33262,1.13,1.50
