2016.06.22 16:00:00.227,1.44684,1.447,1.00,1.56
2016.06.22 16:00:00.329,1.44679,1.44701,1.87,1.19
2016.06.22 16:00:00.432,1.44679,1.44694,1.12,1.00
2016.06.22 16:00:00.534,1.44675,1.44694,1.12,1.00
2016.06.22 16:00:00.706,1.44674,1.44696,1.12,1.12
2016.06.22 16:00:00.808,1.44674,1.44697,1.12,2.25
2016.06.22 16:00:01.335,1.44671,1.44695,1.37,1.12
2016.06.22 16:00:01.714,1.44674,1.44697,1.00,1.00
2016.06.22 16:00:01.917,1.44674,1.44694,1.00,1.00
2016.06.22 16:00:02.070,1.4467,1.44694,1.75,1.50
2016.06.22 16:00:03.198,1.44673,1.44694,1.00,1.50
2016.06.22 16:00:03.706,1.44676,1.44695,1.00,1.12
2016.06.22 16:00:03.960,1.44676,1.44697,1.00,1.50
2016.06.22 16:00:04.012,1.44678,1.44698,1.00,1.12
2016.06.22 16:00:04.149,1.44677,1.44698,1.87,1.00
2016.06.22 16:00:04.547,1.44679,1.447,1.12,1.12
2016.06.22 16:00:05.053,1.44678,1.44699,1.50,1.00
2016.06.22 16:00:05.401,1.44677,1.44696,1.12,1.00
2016.06.22 16:00:05.577,1.44674,1.44695,1.00,1.87
2016.06.22 16:00:06.084,1.44675,1.44695,1.00,1.12
2016.06.22 16:00:06.135,1.44673,1.44695,1.00,1.87
2016.06.22 16:00:06.338,1.44675,1.44695,1.00,1.12
2016.06.22 16:00:06.440,1.44675,1.44696,1.00,1.12
2016.06.22 16:00:06.601,1.44673,1.44695,1.87,1.37
2016.06.22 16:00:07.331,1.44676,1.44693,1.12,1.00
2016.06.22 16:00:07.483,1.44677,1.44697,1.00,1.00
2016.06.22 16:00:08.715,1.44676,1.44698,1.00,1.50
2016.06.22 16:00:10.706,1.44678,1.44699,1.00,2.25
2016.06.22 16:00:10.808,1.44676,1.44698,1.50,1.50
2016.06.22 16:00:10.910,1.44677,1.44698,1.37,1.00
2016.06.22 16:00:12.536,1.44678,1.44699,1.12,1.00
2016.06.22 16:00:13.708,1.4468,1.44702,1.00,1.20
2016.06.22 16:00:14.021,1.44688,1.44709,1.00,1.12
2016.06.22 16:00:14.224,1.44691,1.44712,1.37,1.00
2016.06.22 16:00:14.326,1.44691,1.44715,1.37,1.57
2016.06.22 16:00:14.480,1.44692,1.44717,1.37,1.12
2016.06.22 16:00:14.531,1.44693,1.44718,1.12,1.87
2016.06.22 16:00:14.633,1.44693,1.44709,1.12,1.00
2016.06.22 16:00:14.794,1.44681,1.44704,1.72,1.12
2016.06.22 16:00:14.845,1.4468,1.44704,1.50,1.12
2016.06.22 16:00:15.402,1.44682,1.44702,1.00,1.12
2016.06.22 16:00:15.453,1.44684,1.44704,1.00,1.12
2016.06.22 16:00:15.706,1.44688,1.44713,1.87,1.37
2016.06.22 16:00:16.536,1.44688,1.4471,1.37,1.00
2016.06.22 16:00:16.891,1.44686,1.4471,1.37,1.50
2016.06.22 16:00:17.165,1.44689,1.4471,1.00,1.50
2016.06.22 16:00:17.471,1.44686,1.44708,1.12,1.10
2016.06.22 16:00:17.522,1.44685,1.44708,1.12,1.20
2016.06.22 16:00:17.877,1.44683,1.44708,1.31,1.37
2016.06.22 16:00:17.927,1.44682,1.44707,1.31,1.12
2016.06.22 16:00:19.006,1.4468,1.44703,1.31,1.12
2016.06.22 16:00:19.260,1.4468,1.44703,1.12,1.12
2016.06.22 16:00:19.796,1.44681,1.44703,1.00,1.12
2016.06.22 16:00:20.252,1.44678,1.44695,1.12,1.00
2016.06.22 16:00:20.354,1.44678,1.44698,1.31,1.00
2016.06.22 16:00:20.405,1.44677,1.44698,1.19,1.50
2016.06.22 16:00:20.608,1.44679,1.44701,1.00,1.87
2016.06.22 16:00:21.953,1.44676,1.447,3.56,1.12
2016.06.22 16:00:22.861,1.44684,1.44701,1.00,1.37
2016.06.22 16:00:22.962,1.44678,1.44701,2.62,1.37
2016.06.22 16:00:23.013,1.44678,1.44703,3.37,1.87
2016.06.22 16:00:23.064,1.44679,1.44703,1.87,1.50
2016.06.22 16:00:23.167,1.44684,1.44704,1.00,1.12
2016.06.22 16:00:23.421,1.44687,1.44709,1.00,1.87
2016.06.22 16:00:23.542,1.44694,1.44712,1.00,1.12
2016.06.22 16:00:23.644,1.44694,1.44718,1.50,1.20
2016.06.22 16:00:23.698,1.44695,1.4472,1.37,1.12
2016.06.22 16:00:23.749,1.44696,1.44721,1.12,1.12
2016.06.22 16:00:24.004,1.44692,1.44719,1.75,1.87
2016.06.22 16:00:24.056,1.44692,1.44715,1.12,1.12
2016.06.22 16:00:24.317,1.44693,1.44718,1.37,1.12
2016.06.22 16:00:24.521,1.44694,1.44719,1.37,1.20
2016.06.22 16:00:24.572,1.44695,1.4472,1.12,2.25
2016.06.22 16:00:27.727,1.44696,1.44718,1.37,1.37
2016.06.22 16:00:27.981,1.44697,1.44722,1.87,1.87
2016.06.22 16:00:28.133,1.44697,1.4472,1.50,1.12
2016.06.22 16:00:28.184,1.44697,1.44718,1.00,1.12
2016.06.22 16:00:28.849,1.44697,1.4472,1.87,1.12
2016.06.22 16:00:28.901,1.447,1.4472,1.00,1.12
2016.06.22 16:00:28.952,1.447,1.44723,1.12,1.12
2016.06.22 16:00:29.053,1.44701,1.44725,1.00,1.00
2016.06.22 16:00:29.263,1.44701,1.44722,1.00,1.00
2016.06.22 16:00:29.567,1.447,1.44722,1.00,1.12
2016.06.22 16:00:29.909,1.44695,1.44719,2.62,1.37
2016.06.22 16:00:30.424,1.44697,1.44719,1.00,1.37
2016.06.22 16:00:30.927,1.44698,1.44719,1.50,1.37
2016.06.22 16:00:31.387,1.44694,1.44718,1.37,1.87
2016.06.22 16:00:31.439,1.44691,1.44717,1.12,2.62
2016.06.22 16:00:31.490,1.4469,1.44714,1.12,2.25
2016.06.22 16:00:31.541,1.44688,1.44713,2.25,1.87
2016.06.22 16:00:31.592,1.44688,1.4471,1.00,1.12
2016.06.22 16:00:31.694,1.4469,1.4471,1.00,1.12
2016.06.22 16:00:32.239,1.44691,1.4471,1.00,1.12
2016.06.22 16:00:32.661,1.44694,1.4471,1.00,1.12
2016.06.22 16:00:32.763,1.44694,1.44715,1.50,1.12
2016.06.22 16:00:32.814,1.44694,1.44719,2.25,1.12
2016.06.22 16:00:32.865,1.44695,1.4472,1.12,1.75
2016.06.22 16:00:33.864,1.44699,1.4472,1.00,1.12
2016.06.22 16:00:33.915,1.447,1.44722,1.50,1.00
2016.06.22 16:00:34.067,1.44702,1.44726,1.37,1.87
2016.06.22 16:00:34.371,1.44702,1.44726,1.37,1.37
2016.06.22 16:00:35.900,1.44704,1.44726,1.00,1.50
2016.06.22 16:00:35.951,1.44707,1.44726,1.00,1.50
2016.06.22 16:00:36.103,1.44706,1.44731,1.12,1.87
2016.06.22 16:00:36.255,1.44704,1.44729,1.12,1.87
2016.06.22 16:00:36.387,1.44701,1.44726,1.37,1.12
2016.06.22 16:00:36.853,1.44702,1.44726,1.31,1.12
2016.06.22 16:00:37.005,1.44705,1.44727,1.31,1.50
2016.06.22 16:00:37.056,1.44705,1.44728,2.06,1.37
2016.06.22 16:00:37.107,1.44706,1.44731,1.12,1.12
2016.06.22 16:00:37.757,1.44706,1.4473,3.00,1.12
2016.06.22 16:00:37.910,1.44707,1.4473,1.00,1.00
2016.06.22 16:00:38.608,1.44707,1.4473,2.25,1.00
2016.06.22 16:00:39.709,1.44708,1.44728,1.25,1.00
2016.06.22 16:00:40.030,1.44711,1.4473,1.00,1.00
2016.06.22 16:00:40.301,1.44715,1.44737,1.50,1.12
2016.06.22 16:00:41.215,1.44718,1.44737,1.00,1.12
2016.06.22 16:00:41.317,1.44717,1.44741,1.12,1.87
2016.06.22 16:00:41.392,1.44716,1.44741,1.12,1.50
2016.06.22 16:00:41.697,1.44715,1.4474,1.87,1.12
2016.06.22 16:00:42.219,1.44715,1.44737,1.12,1.00
2016.06.22 16:00:42.871,1.44712,1.44737,2.25,1.37
2016.06.22 16:00:42.972,1.44712,1.44736,1.87,1.37
2016.06.22 16:00:43.227,1.44714,1.44737,1.12,1.00
2016.06.22 16:00:43.278,1.44712,1.44737,1.75,1.75
2016.06.22 16:00:43.329,1.44712,1.44734,1.00,1.00
2016.06.22 16:00:43.867,1.44711,1.44734,1.00,1.00
2016.06.22 16:00:44.809,1.44714,1.44734,1.00,1.00
2016.06.22 16:00:44.995,1.44714,1.44736,1.50,1.00
2016.06.22 16:00:45.224,1.44713,1.44735,1.00,1.37
2016.06.22 16:00:46.137,1.44716,1.44735,1.00,1.37
2016.06.22 16:00:46.239,1.44716,1.44739,1.12,1.12
2016.06.22 16:00:46.370,1.44717,1.44741,1.37,1.75
2016.06.22 16:00:46.421,1.44717,1.44741,1.87,1.37
2016.06.22 16:00:47.961,1.44719,1.44741,1.37,1.37
2016.06.22 16:00:48.114,1.44717,1.44741,1.87,1.50
2016.06.22 16:00:48.418,1.44721,1.44742,1.00,1.12
2016.06.22 16:00:48.943,1.44719,1.44743,1.37,2.25
2016.06.22 16:00:50.903,1.44722,1.44743,1.00,2.25
2016.06.22 16:00:51.344,1.44724,1.44743,1.50,1.37
2016.06.22 16:00:51.446,1.44724,1.44747,1.87,1.87
2016.06.22 16:00:51.547,1.44727,1.44747,1.00,1.87
2016.06.22 16:00:52.246,1.44726,1.44747,1.00,1.37
2016.06.22 16:00:52.551,1.44723,1.44744,1.31,1.12
2016.06.22 16:00:52.956,1.44725,1.44744,1.00,1.12
2016.06.22 16:00:53.223,1.44723,1.44744,1.31,1.12
2016.06.22 16:00:53.545,1.44723,1.44742,1.31,1.00
2016.06.22 16:00:53.849,1.44721,1.44742,1.50,1.87
2016.06.22 16:00:54.355,1.44727,1.44742,1.00,1.37
2016.06.22 16:00:54.558,1.44728,1.44744,1.00,1.12
2016.06.22 16:00:54.797,1.44727,1.4475,1.12,1.87
2016.06.22 16:00:54.899,1.44725,1.44748,1.50,1.37
2016.06.22 16:00:55.204,1.44727,1.44748,1.00,1.37
2016.06.22 16:00:55.306,1.44727,1.44748,1.12,1.12
2016.06.22 16:00:55.358,1.44729,1.44749,1.75,1.12
2016.06.22 16:00:55.512,1.44733,1.44756,1.19,5.62
2016.06.22 16:00:55.615,1.4473,1.44756,3.00,1.12
2016.06.22 16:00:56.191,1.4473,1.44751,1.12,1.00
2016.06.22 16:00:56.294,1.44727,1.44751,1.12,1.50
2016.06.22 16:00:56.396,1.44726,1.44748,1.00,1.12
2016.06.22 16:00:56.857,1.44723,1.44744,1.87,1.00
2016.06.22 16:00:56.908,1.44723,1.44745,1.00,1.87
2016.06.22 16:00:57.750,1.44724,1.44745,1.00,1.12
2016.06.22 16:00:58.257,1.44723,1.44744,1.00,1.50
2016.06.22 16:00:58.382,1.4472,1.44742,1.50,1.12
2016.06.22 16:00:58.691,1.44722,1.44746,1.50,1.87
2016.06.22 16:00:59.616,1.44721,1.44744,2.62,1.00
2016.06.22 16:00:59.718,1.4472,1.44743,1.00,1.50
2016.06.22 16:00:59.821,1.4472,1.44739,1.00,1.50
2016.06.22 16:01:00.125,1.44715,1.44735,1.00,1.12
2016.06.22 16:01:00.429,1.44717,1.44735,1.00,1.12
2016.06.22 16:01:00.683,1.44717,1.44739,1.00,1.00
2016.06.22 16:01:01.017,1.44719,1.44739,1.00,1.00
2016.06.22 16:01:01.523,1.4472,1.44742,1.00,1.12
2016.06.22 16:01:01.833,1.44717,1.44735,1.12,1.00
2016.06.22 16:01:01.984,1.44712,1.44734,1.00,1.12
2016.06.22 16:01:02.491,1.4471,1.44734,1.50,1.12
2016.06.22 16:01:03.029,1.4471,1.44733,1.50,1.00
2016.06.22 16:01:04.108,1.44711,1.44734,1.12,1.12
2016.06.22 16:01:06.037,1.4471,1.44733,1.50,1.00
2016.06.22 16:01:07.116,1.44708,1.44732,2.25,1.12
2016.06.22 16:01:07.442,1.4471,1.44733,2.62,1.12
2016.06.22 16:01:08.199,1.4471,1.44733,2.25,1.87
2016.06.22 16:01:08.250,1.4471,1.44731,1.50,1.12
2016.06.22 16:01:08.351,1.4471,1.44733,1.87,1.87
2016.06.22 16:01:08.604,1.44709,1.44732,1.37,1.87
2016.06.22 16:01:08.656,1.44705,1.44726,1.37,1.00
2016.06.22 16:01:08.861,1.44704,1.44726,1.12,1.50
2016.06.22 16:01:09.065,1.44706,1.44727,1.00,1.87
2016.06.22 16:01:10.031,1.44706,1.44729,1.12,1.37
2016.06.22 16:01:10.234,1.44706,1.44727,1.00,1.12
2016.06.22 16:01:11.051,1.44709,1.44727,1.00,1.12
2016.06.22 16:01:11.370,1.44714,1.44735,1.00,1.12
2016.06.22 16:01:11.472,1.44715,1.44733,1.00,1.12
2016.06.22 16:01:11.674,1.44715,1.44735,1.00,1.12
2016.06.22 16:01:11.776,1.44716,1.44738,1.00,1.87
2016.06.22 16:01:11.928,1.44716,1.44731,1.00,1.00
2016.06.22 16:01:11.979,1.44713,1.44731,1.37,2.25
2016.06.22 16:01:12.031,1.44711,1.44728,1.12,1.00
2016.06.22 16:01:12.184,1.44701,1.44724,1.50,1.57
2016.06.22 16:01:12.311,1.44702,1.44723,1.12,1.37
2016.06.22 16:01:12.617,1.44707,1.44726,1.00,1.12
2016.06.22 16:01:12.668,1.44707,1.44727,1.00,1.12
2016.06.22 16:01:12.770,1.44708,1.44731,1.00,1.12
2016.06.22 16:01:12.821,1.44708,1.44733,2.25,1.12
2016.06.22 16:01:13.075,1.44703,1.44729,1.12,2.62
2016.06.22 16:01:13.293,1.44708,1.44729,1.00,1.12
2016.06.22 16:01:13.396,1.44708,1.44731,2.62,1.12
2016.06.22 16:01:13.447,1.44708,1.44732,1.37,1.75
2016.06.22 16:01:13.499,1.44709,1.44732,1.12,1.12
2016.06.22 16:01:15.158,1.44712,1.44734,1.00,1.12
2016.06.22 16:01:15.261,1.44714,1.44734,1.00,1.12
2016.06.22 16:01:15.767,1.44718,1.44738,1.00,1.37
2016.06.22 16:01:16.270,1.44717,1.44738,1.00,1.37
2016.06.22 16:01:16.967,1.44718,1.44738,1.00,1.37
2016.06.22 16:01:17.779,1.44715,1.44738,1.12,1.87
2016.06.22 16:01:18.842,1.44714,1.44736,1.00,1.12
2016.06.22 16:01:21.556,1.44713,1.44736,1.00,1.87
2016.06.22 16:01:25.387,1.44712,1.44735,1.12,1.50
2016.06.22 16:01:26.374,1.44712,1.44735,1.00,1.87
2016.06.22 16:01:26.425,1.44712,1.44735,1.12,1.50
2016.06.22 16:01:27.572,1.44714,1.44735,1.00,1.50
2016.06.22 16:01:28.800,1.44716,1.44736,1.00,1.87
2016.06.22 16:01:28.852,1.44716,1.44737,1.00,1.37
2016.06.22 16:01:31.682,1.44714,1.44738,1.50,1.12
2016.06.22 16:01:31.733,1.44711,1.44737,1.85,1.12
2016.06.22 16:01:31.785,1.4471,1.44731,1.50,1.50
2016.06.22 16:01:31.836,1.4471,1.44731,1.75,1.37
2016.06.22 16:01:31.939,1.44709,1.4473,2.44,1.12
2016.06.22 16:01:32.481,1.44709,1.44729,1.69,1.00
2016.06.22 16:01:33.484,1.4471,1.44732,1.00,1.12
2016.06.22 16:01:33.788,1.4471,1.44733,1.87,1.12
2016.06.22 16:01:34.318,1.44713,1.44735,1.00,1.87
2016.06.22 16:01:34.622,1.4471,1.44727,1.12,1.00
2016.06.22 16:01:34.725,1.44707,1.44727,1.12,1.00
2016.06.22 16:01:34.828,1.44703,1.44726,1.12,1.37
2016.06.22 16:01:34.981,1.44703,1.44728,2.44,1.12
2016.06.22 16:01:35.032,1.44704,1.44729,2.00,1.12
2016.06.22 16:01:35.163,1.44703,1.44727,1.69,1.12
2016.06.22 16:01:35.669,1.44702,1.44727,1.50,1.12
2016.06.22 16:01:36.177,1.44702,1.44723,1.37,1.00
2016.06.22 16:01:36.577,1.447,1.44723,2.81,1.50
2016.06.22 16:01:37.119,1.447,1.44723,1.50,1.50
2016.06.22 16:01:37.727,1.44701,1.44723,1.00,1.00
2016.06.22 16:01:38.401,1.447,1.44723,1.50,1.50
2016.06.22 16:01:38.908,1.44702,1.44723,1.00,1.00
2016.06.22 16:01:39.365,1.44704,1.44723,1.00,1.00
2016.06.22 16:01:39.533,1.44706,1.44726,1.00,1.00
2016.06.22 16:01:39.737,1.44716,1.44727,1.00,1.00
2016.06.22 16:01:39.840,1.44713,1.44728,1.00,1.00
2016.06.22 16:01:39.942,1.44709,1.44732,1.87,1.50
2016.06.22 16:01:40.044,1.4471,1.44733,1.00,1.57
2016.06.22 16:01:40.095,1.44709,1.44732,1.37,1.37
2016.06.22 16:01:40.146,1.44706,1.44731,1.12,1.12
2016.06.22 16:01:40.197,1.44705,1.44729,1.75,1.12
2016.06.22 16:01:40.248,1.44705,1.44727,1.00,1.12
2016.06.22 16:01:40.816,1.44704,1.44727,1.00,1.12
2016.06.22 16:01:41.324,1.44703,1.44726,1.12,1.50
2016.06.22 16:01:43.338,1.44702,1.44724,1.87,1.00
2016.06.22 16:01:44.185,1.44701,1.44723,1.00,1.12
2016.06.22 16:01:44.693,1.44698,1.44721,2.62,1.12
2016.06.22 16:01:44.998,1.447,1.44723,1.87,1.12
2016.06.22 16:01:50.013,1.44704,1.44725,1.00,1.87
2016.06.22 16:01:50.318,1.44709,1.44729,1.12,1.00
2016.06.22 16:01:51.625,1.44708,1.44728,1.50,1.00
2016.06.22 16:01:52.045,1.44708,1.4473,1.50,1.12
2016.06.22 16:01:52.147,1.44708,1.44728,1.50,1.00
2016.06.22 16:01:52.451,1.44707,1.44728,1.00,1.50
2016.06.22 16:01:53.829,1.44706,1.44725,1.25,1.00
2016.06.22 16:01:54.032,1.44702,1.44723,1.12,1.12
2016.06.22 16:01:54.542,1.44701,1.44722,1.50,1.00
2016.06.22 16:01:55.152,1.447,1.44719,1.12,1.00
2016.06.22 16:01:55.204,1.44698,1.44719,1.69,1.00
2016.06.22 16:01:55.407,1.447,1.4472,1.50,1.00
2016.06.22 16:01:56.441,1.447,1.44721,1.50,1.00
2016.06.22 16:01:56.948,1.44701,1.44722,1.12,1.12
2016.06.22 16:01:57.849,1.44699,1.4472,2.00,1.00
2016.06.22 16:01:58.153,1.44697,1.44717,2.06,1.00
2016.06.22 16:01:58.204,1.44696,1.44717,2.81,1.12
2016.06.22 16:01:59.629,1.44696,1.44716,1.25,1.00
2016.06.22 16:02:00.075,1.44696,1.44717,2.06,1.00
2016.06.22 16:02:01.631,1.44697,1.44716,1.12,1.00
2016.06.22 16:02:01.887,1.44698,1.44719,1.50,1.00
2016.06.22 16:02:02.090,1.447,1.44719,1.50,1.00
2016.06.22 16:02:02.293,1.447,1.44721,1.50,1.00
2016.06.22 16:02:02.627,1.44698,1.44719,1.12,1.00
2016.06.22 16:02:02.679,1.44697,1.44719,1.87,1.00
2016.06.22 16:02:04.112,1.44697,1.4472,1.87,1.87
2016.06.22 16:02:04.550,1.44699,1.44719,1.31,1.00
2016.06.22 16:02:04.804,1.44697,1.44718,1.12,1.50
2016.06.22 16:02:06.988,1.44697,1.4472,1.87,1.12
2016.06.22 16:02:07.039,1.44701,1.4472,1.00,1.12
2016.06.22 16:02:07.345,1.44702,1.44723,1.12,1.12
2016.06.22 16:02:07.868,1.44701,1.44722,1.50,1.00
2016.06.22 16:02:09.268,1.44697,1.44718,1.12,1.00
2016.06.22 16:02:11.379,1.44697,1.44718,1.12,1.12
2016.06.22 16:02:12.783,1.44696,1.44717,2.81,1.00
2016.06.22 16:02:14.084,1.44697,1.44719,1.12,1.50
2016.06.22 16:02:15.287,1.44695,1.44717,2.81,1.00
2016.06.22 16:02:15.859,1.44695,1.44716,2.81,1.00
2016.06.22 16:02:26.771,1.44696,1.44716,1.50,1.37
2016.06.22 16:02:27.303,1.44695,1.44714,1.12,1.00
2016.06.22 16:02:27.354,1.44692,1.44714,2.44,1.87
2016.06.22 16:02:27.457,1.4469,1.4471,1.12,1.12
2016.06.22 16:02:27.610,1.4469,1.44705,1.12,1.00
2016.06.22 16:02:27.712,1.4469,1.4471,1.12,1.12
2016.06.22 16:02:27.764,1.4469,1.44708,1.12,1.00
2016.06.22 16:02:27.865,1.4469,1.44715,3.75,1.47
2016.06.22 16:02:27.967,1.44691,1.44717,1.75,1.12
2016.06.22 16:02:28.353,1.44694,1.44715,1.12,1.00
2016.06.22 16:02:28.455,1.4469,1.44714,2.25,1.12
2016.06.22 16:02:28.557,1.4469,1.44711,1.87,1.12
2016.06.22 16:02:31.301,1.44689,1.44711,1.25,1.87
2016.06.22 16:02:31.605,1.44687,1.44708,1.25,1.37
2016.06.22 16:02:32.693,1.44685,1.44706,1.31,1.00
2016.06.22 16:02:32.997,1.44684,1.44704,2.25,1.00
2016.06.22 16:02:35.786,1.44683,1.44701,1.87,1.12
2016.06.22 16:02:36.119,1.44679,1.447,1.31,1.00
2016.06.22 16:02:36.221,1.44678,1.44699,1.19,1.50
2016.06.22 16:02:40.115,1.4468,1.447,1.31,1.00
2016.06.22 16:02:40.622,1.44679,1.44699,1.69,1.00
2016.06.22 16:02:41.436,1.44679,1.44699,2.25,1.00
2016.06.22 16:02:41.487,1.44681,1.44702,1.19,1.50
2016.06.22 16:02:41.640,1.44683,1.44703,1.19,1.87
2016.06.22 16:02:41.792,1.44683,1.44703,1.31,1.00
2016.06.22 16:02:42.653,1.44683,1.44703,1.12,1.00
2016.06.22 16:02:42.805,1.44686,1.44706,1.00,1.87
2016.06.22 16:02:43.110,1.44687,1.44707,1.00,1.00
2016.06.22 16:02:43.212,1.44686,1.44702,1.12,1.00
2016.06.22 16:02:43.314,1.44683,1.44707,1.12,1.87
2016.06.22 16:02:43.731,1.44684,1.44708,1.12,1.12
2016.06.22 16:02:44.087,1.44687,1.44709,1.37,1.50
2016.06.22 16:02:44.595,1.44686,1.44708,1.87,1.00
2016.06.22 16:02:47.608,1.44686,1.44706,1.87,1.00
2016.06.22 16:02:47.811,1.44681,1.44703,1.12,1.50
2016.06.22 16:02:47.912,1.44679,1.44699,1.12,1.00
2016.06.22 16:02:48.115,1.44677,1.44697,1.87,1.00
2016.06.22 16:02:48.282,1.44679,1.44699,1.12,1.00
2016.06.22 16:02:50.607,1.44679,1.44696,1.12,1.00
2016.06.22 16:02:51.481,1.44679,1.44698,1.12,1.00
2016.06.22 16:02:52.348,1.44683,1.44698,1.00,1.00
2016.06.22 16:02:52.449,1.44685,1.44701,1.00,1.00
2016.06.22 16:02:52.501,1.44686,1.44701,1.12,1.00
2016.06.22 16:02:52.552,1.44689,1.44705,1.00,1.00
2016.06.22 16:02:52.805,1.44687,1.44706,1.50,1.12
2016.06.22 16:02:54.126,1.44687,1.44704,1.00,1.00
2016.06.22 16:02:57.614,1.44683,1.44704,1.87,1.50
2016.06.22 16:02:57.665,1.44683,1.44701,1.87,1.00
2016.06.22 16:02:57.868,1.44679,1.44699,1.12,1.12
2016.06.22 16:02:57.919,1.44679,1.44698,1.00,1.00
2016.06.22 16:02:58.021,1.44681,1.44699,1.00,1.00
2016.06.22 16:02:58.378,1.44685,1.44701,1.37,1.00
2016.06.22 16:03:01.549,1.44685,1.44699,1.37,1.00
2016.06.22 16:03:02.214,1.44689,1.44699,1.00,1.00
2016.06.22 16:03:02.366,1.4469,1.44703,1.00,1.00
2016.06.22 16:03:03.058,1.44689,1.44703,1.00,1.00
2016.06.22 16:03:03.541,1.44686,1.44703,1.37,1.00
2016.06.22 16:03:03.744,1.44685,1.447,1.37,1.50
2016.06.22 16:03:03.796,1.44681,1.447,1.12,1.50
2016.06.22 16:03:03.948,1.44681,1.44696,1.12,1.50
2016.06.22 16:03:03.999,1.44678,1.44696,1.50,1.50
2016.06.22 16:03:04.205,1.44679,1.44693,1.12,1.00
2016.06.22 16:03:04.307,1.44677,1.44693,2.25,1.00
2016.06.22 16:03:04.814,1.44674,1.44693,1.87,1.00
2016.06.22 16:03:05.067,1.44674,1.4469,1.87,1.00
2016.06.22 16:03:09.066,1.44676,1.44693,1.12,1.00
2016.06.22 16:03:09.656,1.44679,1.44693,1.00,1.00
2016.06.22 16:03:09.707,1.44679,1.44695,1.00,1.00
2016.06.22 16:03:09.911,1.4468,1.44699,1.50,1.00
2016.06.22 16:03:10.554,1.44682,1.44699,1.00,1.00
2016.06.22 16:03:12.208,1.44682,1.44699,1.87,1.00
2016.06.22 16:03:12.310,1.44682,1.44699,1.00,1.50
2016.06.22 16:03:12.563,1.44679,1.44697,1.12,1.00
2016.06.22 16:03:12.918,1.44677,1.44697,1.50,1.00
2016.06.22 16:03:14.560,1.44676,1.44693,1.12,1.00
2016.06.22 16:03:14.663,1.44674,1.44692,1.00,1.00
2016.06.22 16:03:15.202,1.44673,1.44692,1.87,1.00
2016.06.22 16:03:15.355,1.44672,1.44692,1.00,1.87
2016.06.22 16:03:15.458,1.44678,1.44692,1.00,1.00
2016.06.22 16:03:15.611,1.44677,1.44695,1.00,1.12
2016.06.22 16:03:15.662,1.44674,1.44694,1.00,1.00
2016.06.22 16:03:15.713,1.44674,1.44694,1.00,1.50
2016.06.22 16:03:15.969,1.44661,1.4468,1.00,1.00
2016.06.22 16:03:16.047,1.44661,1.44678,1.00,1.00
2016.06.22 16:03:16.560,1.44659,1.44678,1.00,1.00
2016.06.22 16:03:16.965,1.44656,1.44678,1.00,1.50
2016.06.22 16:03:17.661,1.44657,1.44678,1.00,1.50
2016.06.22 16:03:18.168,1.44659,1.44678,1.00,1.50
2016.06.22 16:03:18.483,1.44662,1.44683,1.00,1.87
2016.06.22 16:03:18.801,1.44664,1.44683,1.00,1.12
2016.06.22 16:03:19.325,1.44663,1.44683,1.12,1.00
2016.06.22 16:03:20.187,1.44665,1.44687,1.12,1.50
2016.06.22 16:03:21.290,1.44663,1.44682,2.25,1.00
2016.06.22 16:03:24.763,1.44663,1.44678,1.12,1.00
2016.06.22 16:03:24.864,1.44659,1.44677,1.12,1.00
2016.06.22 16:03:24.966,1.44654,1.44674,1.00,1.00
2016.06.22 16:03:25.269,1.44653,1.44672,1.00,1.12
2016.06.22 16:03:25.779,1.44654,1.44672,1.00,1.12
2016.06.22 16:03:25.983,1.44658,1.44678,1.00,1.12
2016.06.22 16:03:26.086,1.44656,1.44678,1.50,1.12
2016.06.22 16:03:26.188,1.44655,1.44673,1.50,1.00
2016.06.22 16:03:26.290,1.44653,1.44673,1.50,1.00
2016.06.22 16:03:26.707,1.44656,1.44673,1.00,1.00
2016.06.22 16:03:26.758,1.44654,1.44673,1.12,1.00
2016.06.22 16:03:26.911,1.44652,1.44673,2.62,1.37
2016.06.22 16:03:26.962,1.44652,1.44673,1.00,1.50
2016.06.22 16:03:27.013,1.44652,1.44669,1.00,1.00
2016.06.22 16:03:27.116,1.44652,1.44674,1.00,1.87
2016.06.22 16:03:27.167,1.44652,1.44672,1.00,1.12
2016.06.22 16:03:27.269,1.44652,1.44674,1.12,1.12
2016.06.22 16:03:27.370,1.44652,1.44673,1.00,1.12
2016.06.22 16:03:27.674,1.44654,1.44674,1.00,1.00
2016.06.22 16:03:28.202,1.44655,1.44674,1.00,1.00
2016.06.22 16:03:29.895,1.44658,1.44676,1.00,1.00
2016.06.22 16:03:30.098,1.44658,1.44678,1.12,1.00
2016.06.22 16:03:30.622,1.44659,1.44678,1.00,1.00
2016.06.22 16:03:30.774,1.44655,1.44677,1.00,1.12
2016.06.22 16:03:31.282,1.44654,1.44676,1.12,2.25
2016.06.22 16:03:32.298,1.44655,1.44676,1.00,1.50
2016.06.22 16:03:32.804,1.44656,1.44674,1.12,1.00
2016.06.22 16:03:34.602,1.44657,1.44674,1.00,1.00
2016.06.22 16:03:34.805,1.44659,1.44678,1.00,1.12
2016.06.22 16:03:35.564,1.44659,1.44678,1.00,1.50
2016.06.22 16:03:35.615,1.44659,1.44677,1.00,1.37
2016.06.22 16:03:36.129,1.44657,1.44677,1.00,1.87
2016.06.22 16:03:36.635,1.44658,1.44677,1.00,1.37
2016.06.22 16:03:38.618,1.44653,1.44677,1.87,1.87
2016.06.22 16:03:38.669,1.44653,1.44674,1.37,1.50
2016.06.22 16:03:38.923,1.44649,1.44669,1.00,1.00
2016.06.22 16:03:39.477,1.44648,1.44667,4.12,1.00
2016.06.22 16:03:39.993,1.44648,1.44668,1.00,1.12
2016.06.22 16:03:43.040,1.44647,1.4467,5.62,2.62
2016.06.22 16:03:43.504,1.44648,1.44666,4.12,1.00
2016.06.22 16:03:43.807,1.44648,1.44669,4.12,1.50
2016.06.22 16:03:46.136,1.4465,1.4467,1.00,1.12
2016.06.22 16:03:46.238,1.44648,1.44669,4.87,1.50
2016.06.22 16:03:46.440,1.44652,1.4467,1.00,1.12
2016.06.22 16:03:46.644,1.44653,1.44675,1.00,1.12
2016.06.22 16:03:46.747,1.44653,1.44676,1.37,1.37
2016.06.22 16:03:47.371,1.44653,1.44674,1.00,1.00
2016.06.22 16:03:47.936,1.44652,1.44674,1.12,1.00
2016.06.22 16:03:48.292,1.44651,1.44673,1.00,1.50
2016.06.22 16:03:48.842,1.44651,1.44672,1.00,1.12
2016.06.22 16:03:49.167,1.44656,1.44676,1.00,1.12
2016.06.22 16:03:49.471,1.44649,1.44669,1.00,1.00
2016.06.22 16:03:49.522,1.44648,1.4467,4.50,3.00
2016.06.22 16:03:49.573,1.44647,1.44666,4.50,1.00
2016.06.22 16:03:49.726,1.44649,1.44666,1.00,1.00
2016.06.22 16:03:50.044,1.44659,1.44681,1.12,1.12
2016.06.22 16:03:50.146,1.4466,1.44685,2.62,1.12
2016.06.22 16:03:51.646,1.4466,1.44682,1.87,1.00
2016.06.22 16:03:51.748,1.4466,1.44677,1.12,1.00
2016.06.22 16:03:51.849,1.44658,1.44674,1.12,1.00
2016.06.22 16:03:51.951,1.44651,1.44669,1.50,1.00
2016.06.22 16:03:52.158,1.44649,1.44667,2.06,1.00
2016.06.22 16:03:52.260,1.44649,1.44667,2.06,1.87
2016.06.22 16:03:52.565,1.4465,1.4467,1.00,1.12
2016.06.22 16:03:52.667,1.44649,1.44673,3.00,1.12
2016.06.22 16:03:54.434,1.44652,1.44673,1.00,1.12
2016.06.22 16:03:55.366,1.44653,1.44673,1.00,1.12
2016.06.22 16:03:55.670,1.44661,1.44678,1.00,1.37
2016.06.22 16:03:55.721,1.44663,1.4468,1.00,1.12
2016.06.22 16:03:55.823,1.44661,1.44682,1.00,1.12
2016.06.22 16:03:58.160,1.44665,1.44682,1.00,1.12
2016.06.22 16:03:58.261,1.44667,1.44686,1.00,1.37
2016.06.22 16:03:58.363,1.44662,1.44686,1.50,1.87
2016.06.22 16:03:58.464,1.44659,1.44683,4.12,1.37
2016.06.22 16:03:59.534,1.44663,1.44684,1.00,1.12
2016.06.22 16:03:59.849,1.44666,1.44686,1.00,1.12
2016.06.22 16:03:59.900,1.44666,1.44688,1.00,1.12
2016.06.22 16:04:00.017,1.44666,1.44687,1.00,1.12
2016.06.22 16:04:00.169,1.44664,1.44684,1.00,2.25
2016.06.22 16:04:00.220,1.44662,1.44684,1.12,3.00
2016.06.22 16:04:00.271,1.44662,1.44684,1.00,4.12
2016.06.22 16:04:00.576,1.4466,1.44681,1.50,1.12
2016.06.22 16:04:00.627,1.44661,1.44683,1.00,1.12
2016.06.22 16:04:00.779,1.4466,1.44685,1.87,1.75
2016.06.22 16:04:00.830,1.44662,1.44684,1.12,1.00
2016.06.22 16:04:00.882,1.44661,1.44684,1.37,2.25
2016.06.22 16:04:01.214,1.44655,1.44679,4.20,1.12
2016.06.22 16:04:01.569,1.44656,1.44679,1.50,1.12
2016.06.22 16:04:02.264,1.44659,1.44679,1.00,1.12
2016.06.22 16:04:03.200,1.44661,1.44679,1.00,1.12
2016.06.22 16:04:03.302,1.44663,1.44684,1.00,1.12
2016.06.22 16:04:03.454,1.44665,1.44686,1.00,1.87
2016.06.22 16:04:04.001,1.44666,1.44686,1.00,1.12
2016.06.22 16:04:04.255,1.44661,1.44686,1.12,1.12
2016.06.22 16:04:04.306,1.44661,1.44681,1.12,1.50
2016.06.22 16:04:04.611,1.44664,1.44684,1.00,1.12
2016.06.22 16:04:04.662,1.44662,1.44684,1.12,1.12
2016.06.22 16:04:04.814,1.44663,1.44686,1.12,1.50
2016.06.22 16:04:04.865,1.44665,1.44686,1.00,1.37
2016.06.22 16:04:05.264,1.44663,1.44686,1.00,1.37
2016.06.22 16:04:05.569,1.44661,1.44686,1.50,1.12
2016.06.22 16:04:06.082,1.44666,1.44684,1.00,1.12
2016.06.22 16:04:06.336,1.44668,1.44688,1.00,1.37
2016.06.22 16:04:06.388,1.44668,1.44688,1.00,1.00
2016.06.22 16:04:06.673,1.44671,1.4469,1.00,1.12
2016.06.22 16:04:06.825,1.44673,1.44693,1.00,1.12
2016.06.22 16:04:06.877,1.44671,1.44694,1.12,1.37
2016.06.22 16:04:06.928,1.44671,1.44694,1.50,1.00
2016.06.22 16:04:06.979,1.44671,1.44694,1.12,1.12
2016.06.22 16:04:07.283,1.44668,1.4469,1.00,1.37
2016.06.22 16:04:07.335,1.44668,1.4469,1.00,1.00
2016.06.22 16:04:07.434,1.44665,1.44689,1.50,1.12
2016.06.22 16:04:07.637,1.44658,1.44684,3.00,2.25
2016.06.22 16:04:07.703,1.44657,1.44682,1.87,1.75
2016.06.22 16:04:07.754,1.44657,1.44676,1.00,1.37
2016.06.22 16:04:08.007,1.44653,1.44676,1.12,1.37
2016.06.22 16:04:08.160,1.44653,1.44673,1.00,1.75
2016.06.22 16:04:08.262,1.44651,1.44672,1.00,1.12
2016.06.22 16:04:08.363,1.44649,1.44672,1.12,1.12
2016.06.22 16:04:08.973,1.4465,1.44672,1.00,1.12
2016.06.22 16:04:09.298,1.44652,1.44673,1.00,1.37
2016.06.22 16:04:09.349,1.44652,1.44675,1.00,1.12
2016.06.22 16:04:09.768,1.44655,1.44676,1.00,1.12
2016.06.22 16:04:10.303,1.44655,1.44677,1.00,1.37
2016.06.22 16:04:11.163,1.44657,1.44677,1.00,1.37
2016.06.22 16:04:11.674,1.44658,1.44677,1.00,1.37
2016.06.22 16:04:12.193,1.4466,1.44677,1.00,1.37
2016.06.22 16:04:12.244,1.4466,1.44681,1.00,1.12
2016.06.22 16:04:12.346,1.4466,1.44684,1.12,1.12
2016.06.22 16:04:12.397,1.44662,1.44684,1.00,1.12
2016.06.22 16:04:12.564,1.4466,1.44684,1.12,1.12
2016.06.22 16:04:12.615,1.4466,1.44683,1.00,1.12
2016.06.22 16:04:12.919,1.44669,1.44686,1.00,1.12
2016.06.22 16:04:12.970,1.44667,1.44688,2.25,1.12
2016.06.22 16:04:13.021,1.44667,1.44692,3.00,1.12
2016.06.22 16:04:13.072,1.44668,1.44694,1.12,1.75
2016.06.22 16:04:13.123,1.44668,1.44694,1.87,1.37
2016.06.22 16:04:13.326,1.44668,1.44692,1.50,1.37
2016.06.22 16:04:13.428,1.44666,1.4469,1.37,1.37
2016.06.22 16:04:14.110,1.44668,1.4469,1.00,1.87
2016.06.22 16:04:14.515,1.44666,1.44688,1.00,1.75
2016.06.22 16:04:14.668,1.44663,1.44684,1.00,1.37
2016.06.22 16:04:15.308,1.44663,1.44684,1.00,1.12
2016.06.22 16:04:15.791,1.44661,1.44681,1.00,1.37
2016.06.22 16:04:16.579,1.44662,1.44681,1.00,1.37
2016.06.22 16:04:17.110,1.44659,1.4468,2.25,1.37
2016.06.22 16:04:17.616,1.4466,1.44681,1.00,1.87
2016.06.22 16:04:17.876,1.44662,1.44681,1.00,1.37
2016.06.22 16:04:18.191,1.44659,1.44678,1.00,1.00
2016.06.22 16:04:18.697,1.4466,1.44681,1.00,1.87
2016.06.22 16:04:19.204,1.44659,1.44679,1.00,1.87
2016.06.22 16:04:19.603,1.44662,1.44679,1.00,1.12
2016.06.22 16:04:21.940,1.44659,1.44679,1.50,1.87
2016.06.22 16:04:22.092,1.44658,1.44675,1.00,1.00
2016.06.22 16:04:22.295,1.44652,1.44671,1.12,1.00
2016.06.22 16:04:22.371,1.44652,1.44671,1.00,1.50
2016.06.22 16:04:22.475,1.44654,1.44673,1.00,1.12
2016.06.22 16:04:22.627,1.44651,1.44675,1.50,1.12
2016.06.22 16:04:22.678,1.44659,1.44675,1.00,1.12
2016.06.22 16:04:22.781,1.4466,1.44677,1.00,1.12
2016.06.22 16:04:22.984,1.4466,1.4468,1.00,1.37
2016.06.22 16:04:23.086,1.4466,1.44678,1.00,1.12
2016.06.22 16:04:23.188,1.44658,1.44678,1.00,1.12
2016.06.22 16:04:23.717,1.44654,1.44677,1.37,1.50
2016.06.22 16:04:23.869,1.44659,1.44676,1.00,1.12
2016.06.22 16:04:24.022,1.44662,1.44681,1.00,1.12
2016.06.22 16:04:24.175,1.44658,1.44683,1.37,1.12
2016.06.22 16:04:24.278,1.44659,1.44682,1.12,1.87
2016.06.22 16:04:24.380,1.44657,1.44678,1.00,1.12
2016.06.22 16:04:24.727,1.44661,1.44678,1.00,1.12
2016.06.22 16:04:24.982,1.44661,1.44682,1.00,2.25
2016.06.22 16:04:25.438,1.44658,1.44679,1.87,1.00
2016.06.22 16:04:25.981,1.44659,1.4468,1.00,1.12
2016.06.22 16:04:28.273,1.44659,1.4468,1.00,1.54
2016.06.22 16:04:28.324,1.44656,1.44675,1.87,1.00
2016.06.22 16:04:28.461,1.44656,1.44675,1.12,1.00
2016.06.22 16:04:28.512,1.44659,1.44678,1.00,1.12
2016.06.22 16:04:28.715,1.44659,1.44682,2.25,1.50
2016.06.22 16:04:28.766,1.4466,1.44682,1.12,1.37
2016.06.22 16:04:29.273,1.44662,1.44682,1.00,1.12
2016.06.22 16:04:30.821,1.44663,1.44684,1.00,1.87
2016.06.22 16:04:31.355,1.44662,1.44682,1.00,1.12
2016.06.22 16:04:31.723,1.44665,1.44684,1.00,1.12
2016.06.22 16:04:31.825,1.44668,1.44687,1.00,1.54
2016.06.22 16:04:32.351,1.44666,1.44687,1.12,1.42
2016.06.22 16:04:32.453,1.44663,1.44682,1.37,1.00
2016.06.22 16:04:32.656,1.44662,1.44681,1.50,1.06
2016.06.22 16:04:33.162,1.44664,1.44685,1.00,1.92
2016.06.22 16:04:33.536,1.44664,1.44685,1.00,1.92
2016.06.22 16:04:34.640,1.44665,1.44685,1.50,1.12
2016.06.22 16:04:35.044,1.44667,1.44687,1.00,1.43
2016.06.22 16:04:35.146,1.44668,1.44688,1.00,1.42
2016.06.22 16:04:35.544,1.4467,1.44688,1.00,1.42
2016.06.22 16:04:36.159,1.44669,1.4469,1.50,1.42
2016.06.22 16:04:36.661,1.44669,1.4469,1.50,1.73
2016.06.22 16:04:38.381,1.44668,1.44688,1.00,2.29
2016.06.22 16:04:38.583,1.44666,1.44688,1.00,2.29
2016.06.22 16:04:39.127,1.44666,1.44688,1.00,2.29
2016.06.22 16:04:40.176,1.44667,1.44687,1.00,1.17
2016.06.22 16:04:40.726,1.44666,1.44687,1.50,1.17
2016.06.22 16:04:41.306,1.44666,1.44687,1.50,1.87
2016.06.22 16:04:42.476,1.44667,1.44687,1.00,1.42
2016.06.22 16:04:42.578,1.44669,1.44688,1.00,1.17
2016.06.22 16:04:43.185,1.44666,1.44685,1.12,1.00
2016.06.22 16:04:45.118,1.44665,1.44686,1.00,1.37
2016.06.22 16:04:45.650,1.44665,1.44687,1.50,1.50
2016.06.22 16:04:46.190,1.44665,1.44687,1.50,1.12
2016.06.22 16:04:47.964,1.44664,1.44685,1.87,1.00
2016.06.22 16:04:48.116,1.44661,1.44682,1.12,1.12
2016.06.22 16:04:48.168,1.44665,1.44684,1.00,2.29
2016.06.22 16:04:48.458,1.44665,1.44684,1.00,1.17
2016.06.22 16:04:48.965,1.44662,1.44684,1.87,1.43
2016.06.22 16:04:49.218,1.44662,1.44683,1.00,1.37
2016.06.22 16:04:50.408,1.44663,1.44683,1.00,1.87
2016.06.22 16:04:50.969,1.44666,1.44682,1.00,1.00
2016.06.22 16:04:51.106,1.44668,1.44687,1.00,1.17
2016.06.22 16:04:51.209,1.44666,1.44688,1.00,1.17
2016.06.22 16:04:51.310,1.44668,1.44689,1.00,1.17
2016.06.22 16:04:52.319,1.44668,1.44689,1.00,1.17
2016.06.22 16:04:52.625,1.44669,1.44687,1.50,1.06
2016.06.22 16:04:53.151,1.44669,1.44687,1.00,1.06
2016.06.22 16:04:55.814,1.44668,1.44687,1.00,1.31
2016.06.22 16:04:57.194,1.44671,1.44689,1.00,1.31
2016.06.22 16:04:57.403,1.44672,1.44691,1.00,1.69
2016.06.22 16:04:58.998,1.44674,1.44692,1.00,1.69
2016.06.22 16:04:59.150,1.44674,1.44692,1.00,1.25
2016.06.22 16:05:00.914,1.44673,1.44693,1.00,1.56
2016.06.22 16:05:01.540,1.44673,1.4469,1.00,1.87
2016.06.22 16:05:01.696,1.44661,1.44682,1.50,1.50
2016.06.22 16:05:01.850,1.44661,1.44682,1.12,1.00
2016.06.22 16:05:02.103,1.44666,1.44685,1.00,1.87
2016.06.22 16:05:02.256,1.44666,1.44685,1.00,1.12
2016.06.22 16:05:04.826,1.44668,1.44687,1.37,1.00
2016.06.22 16:05:04.929,1.44668,1.4469,1.50,1.12
2016.06.22 16:05:05.275,1.44667,1.44686,1.12,1.00
2016.06.22 16:05:05.327,1.44666,1.44686,1.12,1.00
2016.06.22 16:05:05.834,1.44664,1.44683,1.12,1.00
2016.06.22 16:05:05.936,1.44663,1.44683,1.50,1.00
2016.06.22 16:05:06.469,1.44662,1.44682,1.12,1.00
2016.06.22 16:05:06.582,1.44662,1.4468,1.12,1.00
2016.06.22 16:05:06.656,1.4466,1.4468,1.12,1.00
2016.06.22 16:05:06.707,1.44663,1.44682,1.00,1.12
2016.06.22 16:05:06.859,1.44663,1.44685,1.12,1.00
2016.06.22 16:05:07.316,1.44661,1.4468,1.12,1.00
2016.06.22 16:05:07.468,1.4466,1.4468,1.50,1.00
2016.06.22 16:05:08.314,1.44661,1.44681,1.12,1.00
2016.06.22 16:05:08.821,1.44657,1.44679,1.20,1.00
2016.06.22 16:05:09.125,1.44655,1.44676,1.56,1.50
2016.06.22 16:05:09.737,1.44656,1.44675,2.06,1.00
2016.06.22 16:05:11.142,1.44659,1.44678,1.31,1.37
2016.06.22 16:05:11.193,1.44659,1.44679,2.06,1.37
2016.06.22 16:05:11.244,1.44659,1.44679,2.06,1.37
2016.06.22 16:05:12.087,1.44659,1.44679,2.06,1.00
2016.06.22 16:05:12.466,1.44659,1.44678,1.00,1.00
2016.06.22 16:05:13.014,1.44658,1.44676,1.31,1.00
2016.06.22 16:05:14.549,1.44658,1.44676,1.56,1.00
2016.06.22 16:05:16.186,1.44657,1.44676,1.56,1.50
2016.06.22 16:05:16.237,1.44656,1.44674,1.69,1.12
2016.06.22 16:05:16.440,1.44653,1.44669,1.69,1.00
2016.06.22 16:05:17.662,1.44651,1.44669,1.56,1.12
2016.06.22 16:05:18.246,1.4465,1.44668,1.69,1.00
2016.06.22 16:05:19.025,1.44651,1.4467,1.56,1.12
2016.06.22 16:05:19.432,1.44654,1.44673,1.31,1.50
2016.06.22 16:05:20.375,1.44653,1.44672,1.00,1.12
2016.06.22 16:05:20.550,1.44655,1.44674,1.00,2.44
2016.06.22 16:05:21.056,1.44654,1.44673,1.00,1.00
2016.06.22 16:05:21.361,1.44649,1.44668,1.12,1.00
2016.06.22 16:05:21.900,1.44649,1.44667,1.00,1.25
2016.06.22 16:05:22.434,1.44648,1.44667,4.87,1.69
2016.06.22 16:05:23.175,1.44649,1.44667,1.00,1.25
2016.06.22 16:05:23.936,1.44648,1.44667,4.87,1.69
2016.06.22 16:05:24.541,1.4465,1.44669,1.00,2.81
2016.06.22 16:05:24.693,1.44651,1.44669,1.00,1.25
2016.06.22 16:05:25.344,1.44654,1.44672,1.00,2.06
2016.06.22 16:05:25.446,1.44654,1.44672,1.00,1.56
2016.06.22 16:05:26.750,1.44657,1.44674,1.00,2.81
2016.06.22 16:05:27.055,1.4466,1.44676,1.00,1.69
2016.06.22 16:05:27.477,1.44658,1.44676,1.00,1.69
2016.06.22 16:05:27.579,1.44656,1.44675,1.12,1.56
2016.06.22 16:05:27.680,1.44653,1.44672,2.25,1.00
2016.06.22 16:05:27.998,1.44651,1.44674,1.87,2.44
2016.06.22 16:05:28.538,1.44655,1.44674,1.00,3.19
2016.06.22 16:05:29.153,1.44653,1.44672,1.00,1.69
2016.06.22 16:05:29.457,1.44652,1.44671,1.00,2.06
2016.06.22 16:05:31.546,1.44651,1.4467,1.12,1.69
2016.06.22 16:05:32.059,1.4465,1.44669,1.00,1.69
2016.06.22 16:05:33.382,1.44651,1.4467,1.00,2.44
2016.06.22 16:05:33.916,1.44651,1.4467,1.00,2.44
2016.06.22 16:05:34.464,1.4465,1.44669,1.00,1.12
2016.06.22 16:05:36.669,1.44651,1.4467,1.00,2.44
2016.06.22 16:05:36.821,1.44654,1.44673,1.00,2.06
2016.06.22 16:05:37.322,1.44655,1.44673,1.00,1.00
2016.06.22 16:05:37.829,1.44656,1.44673,1.00,1.31
2016.06.22 16:05:38.174,1.44654,1.44673,1.12,1.31
2016.06.22 16:05:38.682,1.44654,1.44674,1.00,1.94
2016.06.22 16:05:39.634,1.44654,1.44673,1.00,1.94
2016.06.22 16:05:39.686,1.44651,1.4467,1.50,1.31
2016.06.22 16:05:39.788,1.44651,1.4467,1.00,2.06
2016.06.22 16:05:39.992,1.44652,1.4467,1.00,1.25
2016.06.22 16:05:40.060,1.44653,1.44672,1.00,1.12
2016.06.22 16:05:40.262,1.44655,1.44673,1.00,1.25
2016.06.22 16:05:40.778,1.44654,1.44672,1.00,1.00
2016.06.22 16:05:41.133,1.44651,1.44672,2.25,1.56
2016.06.22 16:05:43.389,1.44651,1.4467,1.37,1.31
2016.06.22 16:05:43.895,1.44651,1.4467,1.00,1.31
2016.06.22 16:05:44.414,1.44652,1.4467,1.00,1.56
2016.06.22 16:05:44.566,1.44653,1.44671,1.00,1.00
2016.06.22 16:05:45.089,1.44653,1.44672,1.00,2.06
2016.06.22 16:05:45.627,1.44654,1.44673,1.00,3.19
2016.06.22 16:05:46.400,1.44655,1.44673,1.00,1.69
2016.06.22 16:05:49.051,1.44655,1.44673,1.00,1.56
2016.06.22 16:05:49.272,1.44657,1.44675,1.00,1.94
2016.06.22 16:05:49.801,1.44656,1.44675,1.00,2.44
2016.06.22 16:05:50.459,1.44655,1.44674,1.00,1.69
2016.06.22 16:05:52.010,1.44656,1.44675,1.00,2.44
2016.06.22 16:05:52.112,1.44654,1.44673,1.00,1.56
2016.06.22 16:05:52.215,1.44656,1.44675,1.00,2.44
2016.06.22 16:05:52.768,1.44655,1.44674,1.00,1.69
2016.06.22 16:05:53.658,1.44655,1.44674,1.00,1.69
2016.06.22 16:06:02.283,1.44655,1.44674,1.00,1.87
2016.06.22 16:06:03.279,1.44655,1.44674,1.00,1.12
2016.06.22 16:06:03.330,1.44657,1.44675,1.00,1.37
2016.06.22 16:06:03.850,1.44657,1.44675,1.00,1.00
2016.06.22 16:06:04.966,1.44655,1.44673,1.37,1.00
2016.06.22 16:06:05.169,1.44652,1.44671,1.31,1.00
2016.06.22 16:06:06.602,1.44654,1.44673,1.00,1.50
2016.06.22 16:06:06.805,1.44655,1.44674,1.00,1.12
2016.06.22 16:06:07.010,1.44652,1.44671,1.69,1.00
2016.06.22 16:06:07.317,1.44648,1.44663,4.12,1.12
2016.06.22 16:06:07.821,1.44647,1.44663,4.50,1.12
2016.06.22 16:06:08.348,1.44647,1.44666,4.50,1.69
2016.06.22 16:06:08.947,1.44648,1.44663,4.12,1.00
2016.06.22 16:06:09.476,1.44648,1.44664,4.12,1.12
2016.06.22 16:06:09.992,1.44647,1.44664,4.50,1.12
2016.06.22 16:06:10.510,1.44648,1.44664,4.12,1.12
2016.06.22 16:06:12.210,1.44648,1.44663,4.12,1.00
2016.06.22 16:06:13.034,1.44648,1.44662,4.12,1.00
2016.06.22 16:06:13.491,1.44647,1.44661,8.25,1.50
2016.06.22 16:06:13.693,1.44648,1.44662,2.25,1.00
2016.06.22 16:06:13.871,1.44648,1.44665,2.81,1.00
2016.06.22 16:06:13.922,1.44649,1.44668,1.00,1.57
2016.06.22 16:06:13.974,1.44649,1.44668,2.06,1.50
2016.06.22 16:06:14.077,1.44649,1.44668,1.00,1.50
2016.06.22 16:06:14.585,1.44648,1.44666,2.25,1.00
2016.06.22 16:06:15.083,1.44648,1.44664,2.25,1.00
2016.06.22 16:06:15.591,1.44648,1.44665,2.25,1.00
2016.06.22 16:06:16.113,1.44648,1.44663,2.25,1.00
2016.06.22 16:06:16.888,1.44647,1.44663,1.50,1.00
2016.06.22 16:06:17.425,1.44648,1.44663,1.50,1.00
2016.06.22 16:06:18.355,1.44648,1.44664,1.50,1.00
2016.06.22 16:06:18.882,1.44648,1.44665,1.50,1.12
2016.06.22 16:06:19.430,1.44648,1.44664,1.50,1.00
2016.06.22 16:06:19.744,1.44648,1.44666,1.50,1.00
2016.06.22 16:06:19.998,1.4465,1.44669,1.56,2.62
2016.06.22 16:06:20.201,1.44655,1.44672,1.31,1.12
2016.06.22 16:06:20.558,1.4465,1.44671,1.12,1.25
2016.06.22 16:06:21.334,1.44652,1.44671,1.00,1.69
2016.06.22 16:06:23.021,1.44651,1.4467,1.00,1.00
2016.06.22 16:06:23.326,1.44648,1.44664,1.50,1.12
2016.06.22 16:06:23.642,1.44648,1.44662,1.50,1.00
2016.06.22 16:06:23.965,1.44642,1.44658,1.00,1.00
2016.06.22 16:06:24.066,1.44642,1.4466,1.00,1.00
2016.06.22 16:06:24.323,1.44647,1.4466,1.00,1.00
2016.06.22 16:06:24.849,1.44641,1.4466,1.00,1.00
2016.06.22 16:06:24.950,1.44639,1.44658,1.50,1.00
2016.06.22 16:06:25.247,1.44637,1.44657,1.37,1.00
2016.06.22 16:06:25.400,1.44636,1.44656,1.00,1.12
2016.06.22 16:06:25.678,1.44635,1.44655,1.12,1.75
2016.06.22 16:06:25.991,1.44628,1.44648,1.50,1.81
2016.06.22 16:06:26.094,1.44628,1.44645,1.00,1.00
2016.06.22 16:06:26.517,1.44626,1.44645,1.00,1.00
2016.06.22 16:06:26.670,1.4463,1.44648,1.00,1.12
2016.06.22 16:06:26.925,1.44629,1.44648,1.00,1.00
2016.06.22 16:06:27.129,1.44629,1.44647,1.00,1.50
2016.06.22 16:06:28.034,1.44628,1.44646,1.00,1.12
2016.06.22 16:06:28.557,1.44625,1.44642,1.00,1.00
2016.06.22 16:06:30.061,1.44627,1.44645,1.00,1.00
2016.06.22 16:06:30.163,1.44632,1.44647,1.00,1.50
2016.06.22 16:06:30.214,1.44632,1.4465,1.00,1.25
2016.06.22 16:06:30.738,1.44631,1.4465,1.00,1.00
2016.06.22 16:06:31.046,1.4463,1.44648,1.50,1.00
2016.06.22 16:06:31.349,1.44628,1.44647,1.50,1.00
2016.06.22 16:06:31.856,1.44631,1.44649,1.00,1.00
2016.06.22 16:06:32.517,1.44631,1.4465,1.00,1.69
2016.06.22 16:06:32.862,1.44631,1.44649,1.00,1.12
2016.06.22 16:06:35.097,1.44632,1.44651,1.00,1.87
2016.06.22 16:06:35.148,1.44632,1.44651,1.00,1.50
2016.06.22 16:06:35.977,1.44634,1.44652,1.00,1.12
2016.06.22 16:06:36.028,1.44634,1.44653,1.00,1.12
2016.06.22 16:06:36.570,1.44633,1.44652,1.00,1.00
2016.06.22 16:06:37.079,1.44633,1.44652,1.50,1.00
2016.06.22 16:06:37.585,1.44632,1.44651,1.87,1.00
2016.06.22 16:06:37.883,1.44632,1.4465,1.12,1.00
2016.06.22 16:06:38.188,1.4463,1.44648,1.37,1.00
2016.06.22 16:06:38.671,1.44635,1.44653,1.00,1.12
2016.06.22 16:06:39.200,1.44634,1.44652,1.00,1.00
2016.06.22 16:06:39.504,1.44636,1.44655,1.00,1.50
2016.06.22 16:06:40.027,1.44636,1.44654,1.00,1.25
2016.06.22 16:06:40.796,1.44635,1.44653,1.00,1.00
2016.06.22 16:06:41.303,1.44634,1.44652,1.00,1.00
2016.06.22 16:06:41.405,1.44634,1.44654,1.00,1.69
2016.06.22 16:06:41.608,1.44632,1.44651,1.12,1.00
2016.06.22 16:06:42.057,1.4463,1.44652,1.00,2.25
2016.06.22 16:06:42.260,1.4463,1.44649,1.00,1.00
2016.06.22 16:06:42.827,1.44629,1.4465,1.87,1.31
2016.06.22 16:06:43.133,1.44633,1.44651,1.00,2.25
2016.06.22 16:06:43.646,1.44633,1.44649,1.00,1.00
2016.06.22 16:06:45.347,1.44631,1.44649,1.50,1.00
2016.06.22 16:06:45.448,1.44634,1.4465,1.00,1.00
2016.06.22 16:06:45.769,1.44638,1.44652,1.00,1.00
2016.06.22 16:06:46.285,1.44637,1.44652,1.00,1.00
2016.06.22 16:06:46.488,1.4463,1.44652,1.12,1.37
2016.06.22 16:06:46.539,1.44628,1.44648,1.75,1.00
2016.06.22 16:06:46.590,1.44628,1.44648,1.00,1.50
2016.06.22 16:06:46.641,1.44628,1.44645,1.00,1.00
2016.06.22 16:06:46.829,1.44623,1.44643,1.12,1.75
2016.06.22 16:06:47.336,1.44622,1.44642,1.00,1.12
2016.06.22 16:06:48.272,1.44625,1.44643,1.00,1.75
2016.06.22 16:06:48.779,1.44625,1.4464,1.00,1.00
2016.06.22 16:06:48.830,1.44622,1.44639,1.12,1.00
2016.06.22 16:06:49.517,1.44623,1.44639,1.00,1.00
2016.06.22 16:06:49.720,1.44632,1.44639,1.00,1.00
2016.06.22 16:06:49.821,1.44635,1.44647,1.00,1.12
2016.06.22 16:06:49.873,1.44635,1.44651,1.00,1.00
2016.06.22 16:06:49.924,1.44636,1.44655,1.00,2.25
2016.06.22 16:06:50.076,1.44636,1.44655,1.00,2.25
2016.06.22 16:06:50.177,1.44634,1.44655,1.12,2.25
2016.06.22 16:06:50.229,1.44632,1.44651,1.12,1.00
2016.06.22 16:06:50.561,1.44631,1.44648,1.00,1.00
2016.06.22 16:06:50.766,1.44628,1.44648,1.00,1.50
2016.06.22 16:06:51.071,1.44632,1.44648,1.00,1.50
2016.06.22 16:06:51.376,1.44637,1.44652,1.00,1.00
2016.06.22 16:06:51.427,1.44637,1.44655,1.00,1.00
2016.06.22 16:06:51.630,1.44637,1.44657,1.00,1.50
2016.06.22 16:06:52.289,1.44637,1.44655,1.50,1.00
2016.06.22 16:06:52.594,1.44638,1.44657,1.00,1.50
2016.06.22 16:06:52.783,1.44637,1.44655,1.50,1.00
2016.06.22 16:06:53.087,1.44639,1.44657,1.00,1.50
2016.06.22 16:06:54.398,1.44637,1.44657,1.50,1.12
2016.06.22 16:06:55.056,1.44637,1.44657,1.00,1.87
2016.06.22 16:06:55.158,1.44634,1.44655,1.87,1.50
2016.06.22 16:06:55.260,1.44639,1.44654,1.00,1.00
2016.06.22 16:06:55.514,1.44639,1.44656,1.00,1.00
2016.06.22 16:06:56.063,1.44638,1.44656,1.00,1.00
2016.06.22 16:06:56.215,1.44635,1.44653,1.12,1.00
2016.06.22 16:06:56.417,1.44633,1.44652,1.00,1.37
2016.06.22 16:06:57.137,1.44634,1.44653,1.00,2.25
2016.06.22 16:06:57.935,1.44633,1.44652,1.00,1.37
2016.06.22 16:06:58.413,1.4463,1.4465,1.12,1.00
2016.06.22 16:06:58.619,1.44628,1.44648,1.87,1.00
2016.06.22 16:06:58.823,1.44628,1.4465,1.87,1.00
2016.06.22 16:06:59.179,1.4463,1.4465,1.00,1.87
2016.06.22 16:07:00.123,1.44629,1.44649,1.00,1.50
2016.06.22 16:07:00.629,1.4463,1.4465,1.00,1.12
2016.06.22 16:07:01.108,1.44626,1.44646,2.25,1.00
2016.06.22 16:07:01.159,1.44626,1.44646,1.50,1.87
2016.06.22 16:07:01.261,1.44626,1.44646,1.50,1.00
2016.06.22 16:07:03.139,1.44628,1.44648,1.00,1.87
2016.06.22 16:07:03.650,1.44627,1.44647,1.00,1.12
2016.06.22 16:07:03.955,1.44628,1.44648,1.37,1.12
2016.06.22 16:07:04.481,1.4463,1.44649,1.00,1.12
2016.06.22 16:07:04.938,1.44633,1.44651,1.00,1.37
2016.06.22 16:07:05.039,1.44633,1.44652,1.00,1.00
2016.06.22 16:07:05.478,1.44637,1.44655,1.00,1.12
2016.06.22 16:07:05.731,1.44635,1.44655,1.00,1.37
2016.06.22 16:07:06.275,1.44634,1.44653,1.00,1.12
2016.06.22 16:07:06.831,1.44631,1.4465,1.37,1.00
2016.06.22 16:07:07.062,1.44619,1.44643,1.87,1.12
2016.06.22 16:07:07.114,1.4462,1.4464,1.75,1.37
2016.06.22 16:07:07.166,1.44622,1.44644,1.75,1.12
2016.06.22 16:07:07.217,1.44625,1.44645,1.50,1.12
2016.06.22 16:07:07.269,1.44626,1.4465,1.12,1.87
2016.06.22 16:07:07.321,1.44629,1.44652,1.12,1.87
2016.06.22 16:07:07.374,1.4463,1.44653,1.12,1.43
2016.06.22 16:07:07.476,1.44632,1.44656,1.12,1.17
2016.06.22 16:07:08.822,1.44636,1.44657,1.12,1.42
2016.06.22 16:07:08.874,1.44636,1.4466,1.87,2.48
2016.06.22 16:07:09.128,1.44638,1.44659,1.12,1.04
2016.06.22 16:07:10.317,1.44638,1.44659,1.12,1.06
2016.06.22 16:07:10.922,1.44637,1.44659,1.50,1.61
2016.06.22 16:07:11.517,1.44637,1.44659,1.50,1.04
2016.06.22 16:07:11.720,1.44633,1.44649,1.12,1.00
2016.06.22 16:07:11.822,1.44627,1.44648,1.37,1.42
2016.06.22 16:07:11.873,1.44625,1.44648,1.50,1.42
2016.06.22 16:07:12.135,1.44625,1.44648,2.62,1.04
2016.06.22 16:07:12.186,1.44626,1.4465,1.12,1.42
2016.06.22 16:07:12.237,1.44628,1.44652,1.12,1.92
2016.06.22 16:07:12.339,1.44626,1.4465,1.37,1.37
2016.06.22 16:07:12.441,1.44625,1.44649,1.87,1.37
2016.06.22 16:07:12.492,1.44625,1.44646,1.12,1.00
2016.06.22 16:07:13.746,1.44627,1.44646,1.00,1.00
2016.06.22 16:07:16.226,1.44628,1.44647,1.00,1.37
2016.06.22 16:07:16.840,1.44629,1.44648,1.00,2.29
2016.06.22 16:07:18.351,1.44629,1.44648,1.00,1.17
2016.06.22 16:07:19.630,1.44629,1.44647,1.00,1.00
2016.06.22 16:07:20.663,1.44629,1.44648,1.00,1.17
2016.06.22 16:07:22.218,1.44629,1.44648,1.00,1.69
2016.06.22 16:07:22.269,1.44625,1.44647,1.87,1.37
2016.06.22 16:07:22.421,1.44625,1.44644,2.62,1.87
2016.06.22 16:07:22.624,1.4462,1.44636,1.00,1.00
2016.06.22 16:07:22.675,1.44618,1.44636,1.00,1.50
2016.06.22 16:07:23.485,1.44616,1.44635,1.00,1.00
2016.06.22 16:07:23.991,1.44614,1.44635,1.50,1.00
2016.06.22 16:07:24.362,1.44617,1.44635,1.00,1.00
2016.06.22 16:07:25.782,1.44617,1.44636,1.00,1.50
2016.06.22 16:07:26.350,1.44616,1.44635,1.00,1.00
2016.06.22 16:07:26.664,1.44618,1.44636,1.00,1.00
2016.06.22 16:07:26.968,1.44616,1.44633,1.37,1.00
2016.06.22 16:07:27.272,1.44615,1.44633,1.12,1.00
2016.06.22 16:07:29.575,1.44616,1.44635,1.00,1.00
2016.06.22 16:07:30.384,1.44616,1.44637,1.00,1.12
2016.06.22 16:07:30.688,1.44616,1.44635,1.00,1.00
2016.06.22 16:07:31.037,1.44618,1.44636,1.12,1.00
2016.06.22 16:07:31.550,1.44619,1.44637,1.00,1.00
2016.06.22 16:07:32.123,1.44617,1.44636,1.50,1.00
2016.06.22 16:07:33.360,1.4462,1.44638,1.00,1.00
2016.06.22 16:07:33.462,1.44618,1.44637,1.12,1.00
2016.06.22 16:07:33.694,1.44621,1.44639,1.00,1.12
2016.06.22 16:07:34.201,1.44623,1.44642,1.00,1.00
2016.06.22 16:07:34.708,1.44622,1.44641,1.12,1.00
2016.06.22 16:07:34.759,1.44624,1.44642,1.00,1.00
2016.06.22 16:07:35.285,1.44623,1.44642,1.00,1.00
2016.06.22 16:07:37.828,1.44623,1.44642,1.37,1.00
2016.06.22 16:07:37.929,1.44625,1.44644,1.12,1.12
2016.06.22 16:07:37.980,1.44627,1.44647,1.00,1.00
2016.06.22 16:07:38.082,1.44631,1.4465,1.00,1.87
2016.06.22 16:07:38.134,1.44631,1.4465,1.12,1.37
2016.06.22 16:07:38.678,1.44631,1.4465,1.50,1.00
2016.06.22 16:07:39.191,1.44633,1.44652,1.00,1.37
2016.06.22 16:07:39.496,1.44636,1.44655,1.00,1.50
2016.06.22 16:07:39.547,1.44636,1.44655,1.00,1.00
2016.06.22 16:07:40.063,1.44635,1.44654,1.12,1.00
2016.06.22 16:07:40.673,1.44636,1.44654,1.00,1.00
2016.06.22 16:07:41.196,1.44635,1.44653,1.12,1.00
2016.06.22 16:07:42.011,1.44635,1.44654,1.12,1.00
2016.06.22 16:07:42.809,1.44634,1.44653,1.87,1.00
2016.06.22 16:07:43.269,1.44632,1.4465,1.12,1.00
2016.06.22 16:07:43.320,1.44631,1.4465,1.87,1.00
2016.06.22 16:07:43.381,1.4463,1.44648,1.87,1.00
2016.06.22 16:07:43.433,1.4463,1.44648,1.50,1.00
2016.06.22 16:07:43.534,1.44628,1.44647,1.12,1.00
2016.06.22 16:07:44.872,1.44629,1.44648,1.00,1.00
2016.06.22 16:07:47.515,1.4463,1.44648,1.00,1.00
2016.06.22 16:07:48.051,1.44629,1.44648,1.00,1.00
2016.06.22 16:07:48.204,1.4463,1.4465,1.00,1.00
2016.06.22 16:07:48.305,1.44633,1.4465,1.00,1.00
2016.06.22 16:07:48.645,1.44633,1.44651,1.87,1.00
2016.06.22 16:07:48.899,1.44635,1.44653,1.12,1.12
2016.06.22 16:07:49.559,1.44635,1.44654,1.12,1.00
2016.06.22 16:07:50.094,1.44636,1.44655,1.00,1.12
2016.06.22 16:07:50.619,1.44636,1.44654,1.00,1.00
2016.06.22 16:07:53.223,1.44637,1.44656,1.00,1.12
2016.06.22 16:07:53.825,1.44634,1.44652,1.37,1.00
2016.06.22 16:07:54.332,1.44635,1.44653,1.12,1.00
2016.06.22 16:07:56.192,1.44636,1.44654,1.00,1.00
2016.06.22 16:07:56.735,1.44635,1.44654,1.12,1.00
2016.06.22 16:07:58.410,1.44634,1.44653,1.37,1.00
2016.06.22 16:08:00.737,1.44633,1.44652,1.87,1.00
2016.06.22 16:08:01.041,1.44633,1.44648,1.37,1.00
2016.06.22 16:08:01.092,1.44629,1.44648,1.12,1.00
2016.06.22 16:08:04.294,1.44632,1.4465,1.00,1.00
2016.06.22 16:08:04.699,1.44633,1.44651,1.50,1.37
2016.06.22 16:08:05.003,1.44633,1.44653,1.50,1.37
2016.06.22 16:08:05.564,1.44632,1.44651,1.12,1.00
2016.06.22 16:08:05.869,1.44637,1.44653,1.00,1.37
2016.06.22 16:08:06.023,1.44637,1.44654,1.00,1.00
2016.06.22 16:08:06.074,1.44637,1.44654,1.75,1.00
2016.06.22 16:08:06.226,1.44637,1.44653,1.12,1.00
2016.06.22 16:08:06.328,1.44635,1.44653,1.56,1.00
2016.06.22 16:08:09.449,1.44635,1.44654,1.87,1.12
2016.06.22 16:08:09.974,1.44635,1.44653,1.37,1.12
2016.06.22 16:08:10.025,1.44635,1.44651,1.37,1.00
2016.06.22 16:08:10.329,1.44632,1.44648,1.12,1.00
2016.06.22 16:08:11.038,1.44632,1.4465,1.12,1.00
2016.06.22 16:08:14.012,1.44632,1.44651,1.12,1.12
2016.06.22 16:08:14.535,1.44631,1.44651,1.00,1.12
2016.06.22 16:08:15.829,1.4463,1.44648,1.50,1.00
2016.06.22 16:08:17.921,1.4463,1.44649,1.50,1.00
2016.06.22 16:08:18.614,1.4463,1.44648,1.50,1.00
2016.06.22 16:08:24.631,1.44631,1.4465,1.00,1.00
2016.06.22 16:08:24.823,1.44633,1.44652,1.00,1.37
2016.06.22 16:08:25.627,1.44635,1.44653,1.00,1.00
2016.06.22 16:08:27.469,1.44638,1.44653,1.00,1.00
2016.06.22 16:08:27.521,1.44638,1.44657,1.00,1.69
2016.06.22 16:08:27.572,1.44635,1.44658,1.87,1.69
2016.06.22 16:08:27.674,1.44641,1.44659,1.00,2.25
2016.06.22 16:08:28.138,1.44643,1.44661,1.00,1.25
2016.06.22 16:08:28.939,1.44644,1.44664,1.00,1.87
2016.06.22 16:08:29.041,1.44647,1.44665,1.00,1.75
2016.06.22 16:08:29.143,1.44646,1.44666,1.00,1.50
2016.06.22 16:08:29.647,1.44647,1.44666,1.00,1.37
2016.06.22 16:08:30.167,1.44647,1.44666,1.00,1.00
2016.06.22 16:08:31.334,1.44648,1.44667,1.00,1.00
2016.06.22 16:08:32.843,1.44647,1.44666,1.00,1.00
2016.06.22 16:08:33.982,1.44647,1.44668,1.00,1.37
2016.06.22 16:08:35.020,1.44647,1.44666,1.00,1.00
2016.06.22 16:08:35.538,1.44646,1.44667,1.00,1.12
2016.06.22 16:08:35.741,1.44645,1.44666,1.00,1.37
2016.06.22 16:08:39.563,1.44645,1.44666,1.87,1.12
2016.06.22 16:08:41.675,1.44645,1.44665,1.12,1.00
2016.06.22 16:08:41.980,1.44645,1.44661,1.12,1.00
2016.06.22 16:08:42.184,1.4464,1.44659,1.87,1.00
2016.06.22 16:08:42.387,1.4464,1.44657,1.12,1.00
2016.06.22 16:08:42.489,1.44638,1.44657,1.50,1.00
2016.06.22 16:08:42.665,1.44641,1.44659,1.00,1.37
2016.06.22 16:08:43.173,1.4464,1.44658,1.00,1.12
2016.06.22 16:08:44.563,1.44639,1.44659,1.12,1.00
2016.06.22 16:08:44.869,1.4464,1.4466,1.87,1.12
2016.06.22 16:08:45.299,1.44644,1.44663,1.00,1.50
2016.06.22 16:08:45.552,1.44642,1.44662,1.12,1.37
2016.06.22 16:08:46.061,1.4464,1.44661,1.87,1.12
2016.06.22 16:08:46.669,1.44639,1.44659,1.12,1.00
2016.06.22 16:08:46.861,1.44639,1.44657,1.12,1.37
2016.06.22 16:08:48.689,1.44639,1.44657,1.12,1.12
2016.06.22 16:08:49.667,1.44639,1.44657,1.12,1.37
2016.06.22 16:08:52.372,1.44637,1.44655,1.87,1.00
2016.06.22 16:08:52.887,1.44637,1.44656,1.87,1.37
2016.06.22 16:08:53.689,1.44637,1.44656,1.87,1.00
2016.06.22 16:08:54.476,1.44637,1.44657,1.87,1.12
2016.06.22 16:08:54.628,1.44637,1.44657,1.00,1.87
2016.06.22 16:08:54.968,1.4464,1.44656,1.00,1.12
2016.06.22 16:08:55.272,1.44638,1.44656,1.12,1.00
2016.06.22 16:08:56.086,1.44638,1.44654,1.12,1.00
2016.06.22 16:08:56.188,1.44638,1.44656,1.12,1.00
2016.06.22 16:08:56.288,1.44638,1.44654,1.00,1.00
2016.06.22 16:08:56.392,1.44638,1.44656,1.00,1.12
2016.06.22 16:08:57.897,1.44638,1.44654,1.00,1.00
2016.06.22 16:08:57.948,1.44636,1.44654,1.00,1.00
2016.06.22 16:08:58.455,1.44637,1.44655,1.00,1.12
2016.06.22 16:08:58.966,1.44636,1.44655,1.00,1.12
2016.06.22 16:08:59.553,1.44635,1.44656,1.87,1.50
2016.06.22 16:09:01.344,1.44636,1.44656,1.00,1.50
2016.06.22 16:09:01.698,1.44641,1.44657,1.00,1.62
2016.06.22 16:09:02.005,1.44638,1.44657,1.12,2.06
2016.06.22 16:09:02.715,1.4464,1.44658,1.00,1.69
2016.06.22 16:09:02.767,1.4464,1.44659,1.37,1.37
2016.06.22 16:09:02.818,1.44644,1.44662,1.00,1.31
2016.06.22 16:09:03.175,1.44645,1.44662,1.37,1.31
2016.06.22 16:09:03.379,1.44643,1.44664,1.50,1.56
2016.06.22 16:09:03.582,1.44642,1.44663,1.12,1.56
2016.06.22 16:09:03.956,1.44642,1.44665,1.12,1.56
2016.06.22 16:09:04.160,1.44644,1.44665,1.12,2.06
2016.06.22 16:09:04.211,1.44646,1.44665,1.00,1.56
2016.06.22 16:09:06.911,1.44647,1.44665,1.00,1.19
2016.06.22 16:09:07.246,1.44647,1.44667,1.50,1.25
2016.06.22 16:09:08.394,1.44649,1.44668,1.00,1.69
2016.06.22 16:09:09.064,1.4465,1.44669,1.00,2.06
2016.06.22 16:09:09.583,1.44651,1.4467,1.12,2.44
2016.06.22 16:09:09.988,1.44651,1.4467,1.87,2.44
2016.06.22 16:09:10.532,1.44652,1.4467,1.87,1.94
2016.06.22 16:09:10.837,1.44649,1.44665,1.12,2.25
2016.06.22 16:09:10.939,1.44647,1.44664,1.00,1.56
2016.06.22 16:09:11.041,1.44651,1.44663,1.00,1.56
2016.06.22 16:09:11.547,1.4465,1.44663,1.00,1.56
2016.06.22 16:09:12.096,1.4465,1.44667,1.12,1.56
2016.06.22 16:09:12.628,1.4465,1.44667,1.50,1.56
2016.06.22 16:09:13.485,1.4465,1.44669,1.50,1.56
2016.06.22 16:09:13.870,1.44649,1.44667,1.12,1.69
2016.06.22 16:09:13.971,1.44647,1.44666,1.12,1.56
2016.06.22 16:09:18.009,1.44647,1.44665,1.12,1.69
2016.06.22 16:09:19.516,1.44644,1.44663,1.87,1.56
2016.06.22 16:09:19.819,1.44644,1.44663,1.12,1.56
2016.06.22 16:09:19.921,1.44646,1.44664,1.12,1.56
2016.06.22 16:09:20.276,1.44646,1.44663,1.12,1.94
2016.06.22 16:09:20.327,1.44643,1.44663,1.87,1.94
2016.06.22 16:09:24.935,1.44641,1.44658,1.12,1.00
2016.06.22 16:09:25.037,1.44636,1.44657,1.50,2.06
2016.06.22 16:09:25.088,1.44635,1.44657,1.87,1.50
2016.06.22 16:09:25.140,1.44635,1.44655,1.00,1.75
2016.06.22 16:09:25.394,1.4463,1.44655,1.12,1.87
2016.06.22 16:09:27.387,1.4463,1.44649,1.87,1.00
2016.06.22 16:09:27.917,1.44631,1.4465,1.50,1.00
2016.06.22 16:09:28.577,1.4463,1.44649,1.87,1.00
2016.06.22 16:09:31.048,1.4463,1.44648,1.87,1.00
2016.06.22 16:09:35.255,1.44628,1.44647,1.00,1.00
2016.06.22 16:09:35.761,1.44627,1.44646,1.00,1.00
2016.06.22 16:09:36.535,1.44627,1.44646,1.87,1.00
2016.06.22 16:09:36.637,1.44627,1.44646,1.12,1.00
2016.06.22 16:09:38.789,1.44627,1.44648,1.12,1.12
2016.06.22 16:09:39.596,1.44628,1.44646,1.00,1.00
2016.06.22 16:09:40.071,1.44624,1.44642,1.87,1.00
2016.06.22 16:09:40.173,1.44624,1.44642,1.12,1.00
2016.06.22 16:09:40.681,1.44624,1.44642,1.00,1.00
2016.06.22 16:09:41.393,1.44627,1.44646,1.00,1.12
2016.06.22 16:09:41.900,1.44627,1.44645,1.00,1.00
2016.06.22 16:09:42.789,1.44628,1.44646,1.00,1.00
2016.06.22 16:09:43.094,1.44626,1.44645,1.12,1.00
2016.06.22 16:09:46.893,1.44624,1.44642,1.12,1.00
2016.06.22 16:09:47.220,1.44622,1.44641,1.00,1.00
2016.06.22 16:09:48.587,1.44619,1.44636,1.12,1.00
2016.06.22 16:09:48.746,1.44615,1.44635,1.12,1.00
2016.06.22 16:09:50.488,1.44615,1.44633,1.87,1.00
2016.06.22 16:09:52.087,1.44616,1.44634,1.50,1.00
2016.06.22 16:09:54.826,1.44615,1.44631,1.12,1.00
2016.06.22 16:09:54.928,1.44612,1.44631,1.12,1.00
2016.06.22 16:09:56.892,1.44613,1.44631,1.00,1.00
2016.06.22 16:09:57.423,1.4461,1.44628,3.07,1.00
2016.06.22 16:09:57.626,1.44609,1.44627,1.12,1.00
2016.06.22 16:09:58.604,1.44611,1.4463,1.00,1.12
2016.06.22 16:09:58.706,1.44614,1.44633,1.00,1.87
2016.06.22 16:09:58.808,1.44614,1.44633,1.00,1.00
2016.06.22 16:10:00.324,1.44614,1.44633,1.87,1.00
2016.06.22 16:10:01.544,1.44614,1.44634,1.87,1.00
2016.06.22 16:10:02.067,1.44616,1.44635,1.00,1.00
2016.06.22 16:10:02.624,1.44617,1.44635,1.00,1.00
2016.06.22 16:10:03.621,1.44614,1.4463,1.37,1.00
2016.06.22 16:10:03.824,1.44611,1.44629,1.50,1.00
2016.06.22 16:10:04.337,1.4461,1.44631,1.87,1.00
2016.06.22 16:10:05.624,1.44612,1.4463,1.12,1.00
2016.06.22 16:10:10.021,1.44613,1.44632,1.00,1.00
2016.06.22 16:10:10.072,1.44613,1.44632,1.75,1.00
2016.06.22 16:10:10.225,1.44615,1.44634,1.12,1.25
2016.06.22 16:10:10.427,1.44617,1.44636,1.00,1.19
2016.06.22 16:10:11.160,1.44617,1.44636,1.00,1.19
2016.06.22 16:10:12.758,1.44614,1.44635,2.25,1.25
2016.06.22 16:10:13.263,1.44614,1.44632,2.25,1.00
2016.06.22 16:10:14.336,1.44618,1.44637,1.00,2.44
2016.06.22 16:10:14.540,1.4462,1.44641,1.00,1.69
2016.06.22 16:10:14.641,1.4462,1.44641,1.87,1.19
2016.06.22 16:10:14.945,1.4462,1.44636,1.12,1.00
2016.06.22 16:10:15.241,1.4461,1.44635,1.12,1.87
2016.06.22 16:10:15.495,1.44611,1.44635,1.12,1.37
2016.06.22 16:10:16.049,1.44613,1.44635,1.12,1.00
2016.06.22 16:10:16.585,1.44615,1.44636,1.12,1.12
2016.06.22 16:10:16.890,1.44617,1.44638,1.50,1.00
2016.06.22 16:10:17.195,1.44617,1.44636,1.50,1.25
2016.06.22 16:10:18.540,1.44616,1.44634,1.12,1.00
2016.06.22 16:10:19.072,1.44616,1.44635,1.87,1.00
2016.06.22 16:10:19.246,1.44619,1.44638,1.00,1.00
2016.06.22 16:10:19.347,1.44617,1.44636,1.50,1.00
2016.06.22 16:10:20.056,1.44618,1.44637,1.12,1.00
2016.06.22 16:10:20.575,1.44618,1.44636,1.12,1.00
2016.06.22 16:10:21.572,1.44618,1.44637,1.12,1.00
2016.06.22 16:10:22.589,1.44618,1.44636,1.12,1.00
2016.06.22 16:10:22.915,1.44616,1.44634,1.00,1.00
2016.06.22 16:10:23.453,1.44615,1.44633,1.00,1.00
2016.06.22 16:10:23.757,1.44615,1.44634,1.75,1.00
2016.06.22 16:10:23.808,1.44615,1.44634,1.12,1.00
2016.06.22 16:10:24.546,1.44617,1.44636,1.00,1.00
2016.06.22 16:10:25.020,1.4462,1.44636,1.00,1.00
2016.06.22 16:10:25.173,1.44618,1.44635,1.00,1.00
2016.06.22 16:10:26.370,1.44618,1.44636,1.00,1.00
2016.06.22 16:10:26.471,1.44618,1.44633,1.00,1.00
2016.06.22 16:10:26.878,1.44618,1.44636,1.00,1.00
2016.06.22 16:10:27.414,1.44618,1.44638,1.00,1.50
2016.06.22 16:10:27.956,1.44618,1.44633,1.00,1.00
2016.06.22 16:10:28.467,1.44614,1.44631,1.00,1.00
2016.06.22 16:10:29.006,1.44614,1.44632,1.00,1.00
2016.06.22 16:10:29.158,1.44614,1.44627,1.00,1.00
2016.06.22 16:10:29.260,1.44612,1.44628,1.00,1.12
2016.06.22 16:10:29.362,1.44612,1.4463,1.00,1.12
2016.06.22 16:10:29.485,1.44619,1.44633,1.00,1.12
2016.06.22 16:10:29.536,1.44619,1.44633,1.00,1.00
2016.06.22 16:10:29.587,1.44622,1.44639,1.00,1.12
2016.06.22 16:10:29.892,1.44622,1.44637,1.00,1.00
2016.06.22 16:10:31.553,1.44622,1.44638,1.00,1.00
2016.06.22 16:10:32.567,1.44622,1.44639,1.00,1.12
2016.06.22 16:10:34.178,1.44622,1.4464,1.00,1.00
2016.06.22 16:10:36.101,1.44622,1.44636,1.00,1.12
2016.06.22 16:10:36.203,1.44622,1.44638,1.00,1.37
2016.06.22 16:10:37.794,1.44619,1.44636,1.50,1.12
2016.06.22 16:10:38.099,1.44617,1.44633,1.00,1.12
2016.06.22 16:10:39.116,1.44619,1.44633,1.00,1.12
2016.06.22 16:10:39.168,1.44617,1.44633,1.00,1.12
2016.06.22 16:10:39.424,1.44613,1.44633,1.00,1.12
2016.06.22 16:10:39.475,1.44613,1.44632,1.00,1.12
2016.06.22 16:10:39.526,1.4461,1.4463,1.00,1.37
2016.06.22 16:10:40.870,1.44611,1.44629,1.00,1.12
2016.06.22 16:10:43.677,1.44611,1.4463,1.00,1.00
2016.06.22 16:10:43.924,1.44616,1.44633,1.00,1.12
2016.06.22 16:10:44.027,1.44617,1.44636,1.00,1.37
2016.06.22 16:10:44.281,1.44612,1.44636,2.32,1.37
2016.06.22 16:10:44.536,1.44612,1.44633,1.20,1.12
2016.06.22 16:10:46.006,1.44613,1.44633,1.00,1.87
2016.06.22 16:10:49.408,1.44612,1.44632,1.00,1.50
2016.06.22 16:10:51.885,1.44611,1.4463,1.00,1.00
2016.06.22 16:10:52.413,1.4461,1.4463,1.12,1.00
2016.06.22 16:10:53.510,1.44612,1.4463,1.00,1.00
2016.06.22 16:10:54.448,1.44612,1.4463,1.00,1.37
2016.06.22 16:10:54.954,1.44612,1.4463,1.00,1.87
2016.06.22 16:10:55.282,1.44612,1.4463,1.00,1.00
2016.06.22 16:10:58.811,1.44611,1.44631,1.00,1.12
2016.06.22 16:11:00.103,1.4461,1.44631,1.50,1.12
2016.06.22 16:11:00.206,1.44612,1.44633,1.00,1.87
2016.06.22 16:11:00.640,1.44614,1.44633,1.00,1.12
2016.06.22 16:11:01.537,1.44616,1.44633,1.00,1.12
2016.06.22 16:11:02.241,1.44614,1.44633,1.00,1.87
2016.06.22 16:11:04.415,1.44615,1.44633,1.00,1.87
2016.06.22 16:11:05.137,1.44617,1.44633,1.00,1.12
2016.06.22 16:11:05.313,1.44617,1.44635,1.00,1.12
2016.06.22 16:11:07.723,1.44619,1.44635,1.00,1.12
2016.06.22 16:11:07.875,1.44619,1.44639,1.00,1.87
2016.06.22 16:11:07.926,1.44621,1.44639,1.00,1.12
2016.06.22 16:11:14.062,1.4462,1.44639,1.00,1.87
2016.06.22 16:11:20.282,1.44619,1.44638,1.00,1.87
2016.06.22 16:11:21.567,1.44616,1.44636,1.00,1.87
2016.06.22 16:11:24.430,1.44615,1.44636,1.00,1.87
2016.06.22 16:11:27.776,1.44613,1.44634,1.50,1.12
2016.06.22 16:11:28.574,1.44611,1.44632,1.87,1.00
2016.06.22 16:11:28.879,1.44611,1.4463,1.00,1.00
2016.06.22 16:11:29.388,1.44612,1.4463,1.00,1.00
2016.06.22 16:11:30.181,1.4461,1.4463,1.00,1.00
2016.06.22 16:11:31.474,1.44608,1.44626,1.87,1.00
2016.06.22 16:11:31.525,1.44607,1.44626,1.00,1.00
2016.06.22 16:11:31.779,1.44609,1.44628,1.00,1.37
2016.06.22 16:11:32.690,1.4461,1.44628,1.00,1.37
2016.06.22 16:11:33.196,1.44609,1.44628,1.50,1.87
2016.06.22 16:11:35.089,1.44611,1.44628,1.00,1.37
2016.06.22 16:11:35.140,1.44611,1.4463,1.00,1.87
2016.06.22 16:11:35.192,1.44611,1.4463,1.50,1.12
2016.06.22 16:11:36.558,1.44613,1.44632,1.00,1.12
2016.06.22 16:11:37.133,1.44615,1.44632,1.00,1.12
2016.06.22 16:11:37.185,1.44615,1.44635,1.00,1.37
2016.06.22 16:11:37.489,1.44614,1.44633,1.00,1.87
2016.06.22 16:11:37.761,1.44612,1.44633,1.50,1.12
2016.06.22 16:11:38.724,1.44611,1.44632,1.00,1.50
2016.06.22 16:11:39.393,1.44612,1.44633,1.00,1.12
2016.06.22 16:11:39.494,1.44614,1.44633,1.00,1.12
2016.06.22 16:11:45.497,1.44613,1.44633,1.00,1.12
2016.06.22 16:11:45.599,1.4461,1.44631,1.12,1.12
2016.06.22 16:11:48.702,1.44611,1.44632,1.00,1.87
2016.06.22 16:11:48.905,1.4461,1.44628,1.00,1.00
2016.06.22 16:11:49.210,1.44608,1.44627,1.00,1.50
2016.06.22 16:11:49.737,1.44607,1.44626,1.00,1.12
2016.06.22 16:11:53.115,1.44608,1.44627,1.00,1.50
2016.06.22 16:11:54.948,1.44607,1.44627,1.00,1.50
2016.06.22 16:11:55.711,1.44606,1.44626,1.00,1.12
2016.06.22 16:11:56.016,1.44608,1.44628,1.00,1.12
2016.06.22 16:11:56.357,1.4461,1.44629,1.00,1.00
2016.06.22 16:11:58.951,1.44611,1.4463,1.00,1.12
2016.06.22 16:12:00.264,1.44611,1.44629,1.00,1.00
2016.06.22 16:12:00.776,1.44611,1.4463,1.50,1.12
2016.06.22 16:12:01.367,1.44612,1.44631,1.00,1.50
2016.06.22 16:12:01.471,1.44607,1.44626,2.25,1.00
2016.06.22 16:12:01.779,1.44616,1.44635,1.50,1.00
2016.06.22 16:12:02.312,1.44616,1.44638,1.00,1.12
2016.06.22 16:12:05.031,1.44616,1.44635,1.50,1.00
2016.06.22 16:12:05.550,1.44616,1.44634,1.00,1.00
2016.06.22 16:12:05.601,1.44619,1.44634,1.00,1.00
2016.06.22 16:12:05.652,1.44621,1.4464,1.50,1.50
2016.06.22 16:12:05.704,1.44624,1.4464,1.00,1.00
2016.06.22 16:12:05.908,1.44629,1.44648,1.00,1.00
2016.06.22 16:12:07.223,1.4463,1.44648,1.00,1.00
2016.06.22 16:12:07.735,1.4463,1.44649,1.50,1.12
2016.06.22 16:12:10.246,1.44631,1.4465,1.00,1.50
2016.06.22 16:12:14.414,1.44631,1.4465,1.12,1.00
2016.06.22 16:12:15.670,1.44636,1.44654,1.00,1.37
2016.06.22 16:12:15.722,1.44636,1.44655,1.00,1.12
2016.06.22 16:12:15.876,1.44632,1.4465,1.50,1.00
2016.06.22 16:12:16.183,1.44625,1.44647,1.00,1.00
2016.06.22 16:12:16.869,1.44626,1.44647,1.00,1.87
2016.06.22 16:12:16.970,1.44628,1.44647,1.00,1.50
2016.06.22 16:12:17.478,1.44629,1.44648,1.12,1.00
2016.06.22 16:12:18.270,1.4463,1.44649,1.00,2.06
2016.06.22 16:12:18.829,1.4463,1.44649,1.00,1.00
2016.06.22 16:12:19.754,1.44631,1.4465,1.00,1.12
2016.06.22 16:12:20.068,1.44628,1.44647,2.25,1.00
2016.06.22 16:12:20.372,1.44625,1.44644,2.62,1.00
2016.06.22 16:12:20.908,1.44625,1.44644,1.12,1.00
2016.06.22 16:12:21.561,1.44624,1.44643,2.62,1.00
2016.06.22 16:12:22.106,1.44624,1.44643,1.87,1.00
2016.06.22 16:12:22.412,1.44625,1.4464,1.12,1.00
2016.06.22 16:12:22.464,1.44624,1.44642,1.37,1.50
2016.06.22 16:12:22.515,1.44622,1.44642,1.75,1.87
2016.06.22 16:12:22.669,1.44621,1.44642,1.37,2.25
2016.06.22 16:12:22.772,1.44621,1.4464,1.37,1.00
2016.06.22 16:12:22.924,1.4462,1.44641,1.00,1.50
2016.06.22 16:12:23.265,1.44618,1.44638,1.00,1.00
2016.06.22 16:12:23.771,1.44618,1.44637,1.00,1.00
2016.06.22 16:12:24.319,1.44618,1.44638,1.00,1.12
2016.06.22 16:12:24.540,1.4462,1.44638,1.00,1.12
2016.06.22 16:12:25.098,1.44621,1.44639,1.00,1.37
2016.06.22 16:12:25.352,1.44624,1.44644,1.00,1.87
2016.06.22 16:12:25.858,1.44625,1.44644,1.00,1.50
2016.06.22 16:12:27.286,1.44624,1.44643,1.00,1.12
2016.06.22 16:12:27.687,1.44626,1.44645,1.00,2.25
2016.06.22 16:12:27.740,1.44626,1.44645,1.00,1.12
2016.06.22 16:12:31.092,1.4463,1.44647,1.00,1.00
2016.06.22 16:12:31.316,1.44629,1.44651,1.87,1.50
2016.06.22 16:12:31.367,1.44629,1.44651,2.62,1.00
2016.06.22 16:12:33.065,1.4463,1.44649,1.50,1.00
2016.06.22 16:12:33.825,1.44631,1.4465,1.12,1.00
2016.06.22 16:12:34.749,1.44633,1.4465,1.00,1.00
2016.06.22 16:12:34.972,1.44641,1.4466,1.00,1.50
2016.06.22 16:12:35.175,1.44642,1.44661,1.00,1.00
2016.06.22 16:12:35.793,1.44641,1.4466,1.12,1.00
2016.06.22 16:12:38.508,1.44639,1.44657,1.12,1.00
2016.06.22 16:12:38.562,1.44638,1.44657,1.00,1.00
2016.06.22 16:12:39.070,1.44637,1.44656,1.00,1.00
2016.06.22 16:12:41.289,1.44638,1.44657,1.00,1.87
2016.06.22 16:12:41.391,1.4464,1.44657,1.00,1.37
2016.06.22 16:12:41.442,1.4464,1.44659,1.00,1.87
2016.06.22 16:12:41.701,1.44642,1.44661,1.00,1.87
2016.06.22 16:12:42.225,1.44642,1.44661,1.00,1.50
2016.06.22 16:12:43.989,1.44641,1.4466,1.00,1.00
2016.06.22 16:12:44.293,1.44647,1.44661,1.00,1.00
2016.06.22 16:12:44.344,1.44647,1.44666,1.00,1.87
2016.06.22 16:12:44.446,1.44647,1.44666,1.00,1.00
2016.06.22 16:12:44.948,1.44647,1.44666,1.50,1.00
2016.06.22 16:12:47.311,1.44644,1.44664,1.87,1.00
2016.06.22 16:12:47.362,1.44644,1.44664,1.50,1.12
2016.06.22 16:12:47.413,1.44643,1.44658,1.12,1.00
2016.06.22 16:12:47.565,1.44637,1.44658,1.12,1.00
2016.06.22 16:12:47.920,1.44639,1.44658,1.00,1.00
2016.06.22 16:12:49.217,1.44636,1.44654,1.37,1.00
2016.06.22 16:12:49.369,1.44634,1.44653,1.00,1.12
2016.06.22 16:12:49.820,1.44632,1.44654,1.00,1.87
2016.06.22 16:12:49.922,1.44635,1.44656,1.00,1.87
2016.06.22 16:12:49.973,1.44635,1.44656,1.00,1.50
2016.06.22 16:12:50.327,1.4464,1.44657,1.00,1.12
2016.06.22 16:12:50.429,1.44638,1.44657,1.00,1.12
2016.06.22 16:12:50.582,1.44639,1.44658,1.12,1.00
2016.06.22 16:12:50.835,1.44637,1.44657,1.00,1.12
2016.06.22 16:12:54.904,1.44639,1.44658,1.00,1.50
2016.06.22 16:12:55.006,1.44637,1.44658,1.00,1.50
2016.06.22 16:12:55.431,1.44639,1.44658,1.00,1.50
2016.06.22 16:12:57.222,1.4464,1.44659,1.00,1.87
2016.06.22 16:12:57.396,1.44641,1.4466,1.37,1.00
2016.06.22 16:12:57.650,1.44643,1.44662,1.00,1.00
2016.06.22 16:12:58.886,1.44644,1.44663,1.75,1.00
2016.06.22 16:12:58.989,1.44643,1.44663,1.00,1.12
2016.06.22 16:12:59.040,1.44645,1.44663,1.00,1.12
2016.06.22 16:12:59.091,1.44645,1.44664,1.00,1.00
2016.06.22 16:12:59.142,1.44648,1.44667,1.00,2.25
2016.06.22 16:13:01.739,1.44646,1.44665,1.00,1.12
2016.06.22 16:13:02.421,1.44647,1.44666,1.00,1.50
2016.06.22 16:13:05.477,1.44649,1.44668,1.00,1.12
2016.06.22 16:13:05.529,1.44651,1.44669,1.00,1.00
2016.06.22 16:13:06.054,1.44652,1.44671,1.00,1.50
2016.06.22 16:13:06.763,1.44653,1.44672,1.00,1.12
2016.06.22 16:13:06.988,1.44654,1.44673,1.00,1.12
2016.06.22 16:13:07.039,1.44652,1.44671,1.50,1.00
2016.06.22 16:13:07.495,1.44651,1.4467,1.00,1.00
2016.06.22 16:13:08.013,1.44652,1.44671,1.00,1.12
2016.06.22 16:13:08.114,1.44652,1.44673,1.50,1.00
2016.06.22 16:13:08.663,1.44653,1.44672,1.12,1.00
2016.06.22 16:13:09.172,1.44654,1.44673,1.00,1.00
2016.06.22 16:13:09.274,1.44652,1.44671,1.50,1.00
2016.06.22 16:13:09.579,1.44651,1.44669,1.12,1.00
2016.06.22 16:13:10.091,1.44651,1.4467,1.87,1.00
2016.06.22 16:13:10.469,1.44651,1.44668,1.12,1.00
2016.06.22 16:13:10.520,1.44649,1.44668,1.50,1.00
2016.06.22 16:13:10.598,1.44646,1.44665,1.75,1.00
2016.06.22 16:13:10.650,1.44645,1.44664,1.37,1.00
2016.06.22 16:13:12.143,1.44646,1.44665,1.12,1.00
2016.06.22 16:13:12.481,1.44648,1.44667,1.00,1.12
2016.06.22 16:13:12.809,1.4465,1.44669,1.00,1.87
2016.06.22 16:13:13.069,1.4465,1.44669,1.00,1.00
2016.06.22 16:13:14.243,1.4465,1.44671,1.00,1.87
2016.06.22 16:13:14.834,1.44649,1.4467,1.12,1.12
2016.06.22 16:13:14.936,1.44651,1.4467,1.00,1.12
2016.06.22 16:13:16.945,1.44652,1.44671,1.00,1.50
2016.06.22 16:13:20.476,1.44653,1.44672,1.00,1.87
2016.06.22 16:13:22.553,1.44653,1.44674,1.00,1.87
2016.06.22 16:13:23.454,1.44658,1.44674,1.00,1.12
2016.06.22 16:13:23.557,1.44659,1.4468,1.00,1.00
2016.06.22 16:13:23.814,1.44661,1.44681,1.00,1.12
2016.06.22 16:13:25.382,1.44662,1.44683,1.00,2.25
2016.06.22 16:13:25.909,1.44661,1.4468,1.50,1.00
2016.06.22 16:13:26.162,1.44662,1.44683,1.12,1.50
2016.06.22 16:13:30.184,1.44662,1.44681,1.12,1.00
2016.06.22 16:13:32.594,1.44661,1.4468,1.50,1.00
2016.06.22 16:13:33.992,1.44662,1.44681,1.12,1.00
2016.06.22 16:13:34.367,1.44658,1.44676,1.12,1.00
2016.06.22 16:13:34.419,1.44657,1.44676,1.87,1.00
2016.06.22 16:13:34.571,1.44661,1.4468,1.00,1.12
2016.06.22 16:13:35.117,1.44662,1.44681,1.00,1.87
2016.06.22 16:13:36.069,1.44661,1.4468,1.00,1.12
2016.06.22 16:13:43.275,1.44664,1.44682,1.00,1.75
2016.06.22 16:13:43.447,1.44664,1.44682,1.00,1.00
2016.06.22 16:13:46.981,1.44665,1.44684,1.00,1.87
2016.06.22 16:13:52.417,1.44664,1.44683,1.00,1.50
2016.06.22 16:13:53.402,1.44665,1.44684,1.00,1.87
2016.06.22 16:13:54.457,1.44665,1.44684,1.00,1.87
2016.06.22 16:13:54.964,1.44665,1.44684,1.00,1.12
2016.06.22 16:13:56.716,1.44664,1.44684,1.00,1.12
2016.06.22 16:14:01.692,1.44666,1.44685,1.00,1.37
2016.06.22 16:14:06.042,1.44665,1.44685,1.00,1.37
2016.06.22 16:14:11.881,1.44664,1.44683,1.00,1.00
2016.06.22 16:14:12.388,1.44664,1.44683,1.00,1.37
2016.06.22 16:14:12.896,1.44664,1.44683,1.00,1.00
2016.06.22 16:14:13.407,1.44664,1.44685,1.00,1.50
2016.06.22 16:14:13.815,1.44663,1.44681,1.00,1.00
2016.06.22 16:14:17.519,1.44662,1.4468,1.12,1.00
2016.06.22 16:14:18.344,1.4466,1.44676,1.12,1.00
2016.06.22 16:14:18.648,1.44658,1.44676,1.12,1.00
2016.06.22 16:14:18.952,1.44661,1.44679,1.00,1.00
2016.06.22 16:14:19.285,1.44661,1.44679,1.12,1.00
2016.06.22 16:14:22.841,1.44658,1.44679,1.50,1.00
2016.06.22 16:14:24.658,1.44658,1.44677,1.50,1.00
2016.06.22 16:14:25.230,1.44658,1.44675,1.00,1.00
2016.06.22 16:14:25.534,1.4466,1.44678,1.00,1.37
2016.06.22 16:14:25.636,1.44661,1.44679,1.00,1.00
2016.06.22 16:14:25.915,1.44659,1.44678,1.12,1.00
2016.06.22 16:14:26.674,1.4466,1.44681,1.00,1.50
2016.06.22 16:14:27.343,1.44659,1.4468,1.12,1.12
2016.06.22 16:14:29.049,1.4466,1.44681,1.00,1.87
2016.06.22 16:14:30.971,1.44661,1.44681,1.00,1.87
2016.06.22 16:14:34.155,1.44663,1.44682,1.00,2.25
2016.06.22 16:14:35.383,1.44663,1.44682,1.00,1.12
2016.06.22 16:14:36.043,1.44662,1.44681,1.12,1.00
2016.06.22 16:14:36.792,1.44663,1.44681,1.00,1.00
2016.06.22 16:14:36.994,1.44665,1.44683,1.12,1.00
2016.06.22 16:14:37.147,1.44671,1.4469,1.00,1.00
2016.06.22 16:14:37.370,1.44668,1.44687,1.87,1.00
2016.06.22 16:14:38.760,1.44669,1.44688,1.37,1.00
2016.06.22 16:14:39.575,1.4467,1.44689,1.12,1.00
2016.06.22 16:14:39.879,1.44672,1.44691,1.00,1.12
2016.06.22 16:14:40.268,1.44671,1.44689,1.50,1.00
2016.06.22 16:14:40.320,1.44671,1.44689,1.00,1.00
2016.06.22 16:14:41.275,1.44672,1.4469,1.00,1.00
2016.06.22 16:14:41.822,1.44672,1.44691,1.12,1.00
2016.06.22 16:14:42.298,1.44674,1.44692,1.00,1.00
2016.06.22 16:14:44.358,1.44673,1.44691,1.00,1.00
2016.06.22 16:14:45.266,1.4467,1.44685,1.37,1.00
2016.06.22 16:14:45.418,1.44667,1.44685,1.50,1.00
2016.06.22 16:14:45.671,1.44664,1.44686,1.50,1.00
2016.06.22 16:14:46.916,1.44667,1.44686,1.00,1.00
2016.06.22 16:14:47.221,1.44673,1.44692,1.12,1.00
2016.06.22 16:14:47.729,1.44672,1.44691,1.50,1.00
2016.06.22 16:14:48.302,1.44673,1.44692,1.12,1.00
2016.06.22 16:14:49.069,1.44673,1.44693,1.12,1.00
2016.06.22 16:14:50.169,1.44673,1.44694,1.12,1.12
2016.06.22 16:14:50.701,1.44671,1.4469,1.12,1.00
2016.06.22 16:14:50.855,1.44668,1.4469,1.50,1.50
2016.06.22 16:14:50.957,1.44669,1.44691,1.56,1.87
2016.06.22 16:14:51.271,1.44673,1.44691,1.87,1.12
2016.06.22 16:14:51.323,1.4467,1.44691,1.12,1.12
2016.06.22 16:14:51.779,1.44672,1.44692,1.00,1.37
2016.06.22 16:14:52.386,1.4467,1.44691,1.12,1.12
2016.06.22 16:14:52.564,1.44672,1.44692,1.00,1.37
2016.06.22 16:14:52.724,1.4467,1.44691,1.12,1.12
2016.06.22 16:14:53.508,1.44669,1.44689,1.37,1.00
2016.06.22 16:14:53.660,1.44668,1.44688,1.12,1.12
2016.06.22 16:14:57.216,1.44669,1.4469,1.00,1.87
2016.06.22 16:14:57.318,1.44671,1.44692,1.00,1.87
2016.06.22 16:14:57.470,1.44671,1.44692,1.12,1.50
2016.06.22 16:15:00.549,1.44673,1.44692,1.56,1.50
2016.06.22 16:15:00.993,1.44677,1.44695,1.00,1.12
2016.06.22 16:15:01.044,1.44677,1.44696,1.87,1.12
2016.06.22 16:15:01.146,1.44678,1.44702,1.37,1.12
2016.06.22 16:15:01.263,1.44683,1.44705,1.37,1.12
2016.06.22 16:15:01.589,1.44697,1.44719,1.00,1.50
2016.06.22 16:15:01.744,1.44695,1.44711,1.12,1.00
2016.06.22 16:15:01.847,1.4469,1.44709,1.20,1.00
2016.06.22 16:15:02.000,1.44684,1.44705,4.12,1.37
2016.06.22 16:15:02.051,1.44682,1.44704,1.37,1.12
2016.06.22 16:15:02.761,1.44681,1.44704,1.87,1.12
2016.06.22 16:15:02.863,1.44682,1.44705,1.12,1.37
2016.06.22 16:15:03.066,1.44683,1.44705,1.50,1.50
2016.06.22 16:15:03.154,1.44686,1.44705,1.00,1.50
2016.06.22 16:15:03.358,1.44688,1.44713,1.87,1.87
2016.06.22 16:15:04.020,1.44687,1.44709,1.75,1.00
2016.06.22 16:15:04.173,1.44684,1.44707,2.25,1.12
2016.06.22 16:15:04.704,1.44682,1.44704,3.00,1.00
2016.06.22 16:15:05.210,1.44682,1.44706,2.25,1.50
2016.06.22 16:15:06.082,1.44686,1.44707,1.00,1.12
2016.06.22 16:15:06.589,1.44685,1.44707,1.00,1.87
2016.06.22 16:15:10.517,1.44684,1.44702,1.00,1.00
2016.06.22 16:15:10.620,1.4468,1.447,1.12,1.00
2016.06.22 16:15:10.900,1.44681,1.44703,1.37,1.87
2016.06.22 16:15:10.951,1.44681,1.44703,1.50,1.12
2016.06.22 16:15:11.002,1.44683,1.44703,1.12,1.12
2016.06.22 16:15:11.306,1.44683,1.44705,1.12,1.50
2016.06.22 16:15:11.716,1.44683,1.44703,1.00,1.00
2016.06.22 16:15:12.060,1.4468,1.44702,1.37,1.87
2016.06.22 16:15:12.263,1.44679,1.44701,1.12,1.50
2016.06.22 16:15:13.126,1.44678,1.44699,1.37,1.00
2016.06.22 16:15:13.228,1.44677,1.44696,1.12,1.00
2016.06.22 16:15:13.451,1.44675,1.44696,1.00,1.00
2016.06.22 16:15:17.334,1.44674,1.44696,1.00,1.87
2016.06.22 16:15:18.344,1.44674,1.44696,1.87,1.00
2016.06.22 16:15:18.511,1.44677,1.44699,1.00,2.25
2016.06.22 16:15:18.824,1.44679,1.44701,1.00,1.87
2016.06.22 16:15:19.333,1.44678,1.447,1.12,1.50
2016.06.22 16:15:20.948,1.44681,1.44701,1.00,1.87
2016.06.22 16:15:21.151,1.44682,1.44701,1.00,1.00
2016.06.22 16:15:22.347,1.44681,1.44699,1.00,1.00
2016.06.22 16:15:22.651,1.44679,1.44698,1.00,1.00
2016.06.22 16:15:23.142,1.44683,1.44701,1.00,1.00
2016.06.22 16:15:23.346,1.44679,1.44698,1.00,1.00
2016.06.22 16:15:24.063,1.44678,1.44697,1.12,1.00
2016.06.22 16:15:24.114,1.44678,1.44694,1.12,1.00
2016.06.22 16:15:24.266,1.44676,1.44694,1.00,1.12
2016.06.22 16:15:24.842,1.44672,1.44691,1.50,1.50
2016.06.22 16:15:24.944,1.4467,1.44691,2.25,1.50
2016.06.22 16:15:25.474,1.44669,1.44688,1.87,1.00
2016.06.22 16:15:25.931,1.44665,1.44688,1.75,1.12
2016.06.22 16:15:26.387,1.44666,1.44691,1.87,1.50
2016.06.22 16:15:26.560,1.44671,1.44691,1.12,1.50
2016.06.22 16:15:28.741,1.44669,1.4469,1.87,1.00
2016.06.22 16:15:28.792,1.44669,1.44688,1.37,1.00
2016.06.22 16:15:28.843,1.44668,1.44688,1.12,1.00
2016.06.22 16:15:30.475,1.4467,1.44688,1.00,1.00
2016.06.22 16:15:32.056,1.44673,1.44691,1.00,1.87
2016.06.22 16:15:33.615,1.44673,1.44692,1.00,1.50
2016.06.22 16:15:33.920,1.44681,1.447,1.00,2.62
2016.06.22 16:15:34.072,1.44678,1.44699,1.00,1.50
2016.06.22 16:15:34.583,1.44678,1.44699,1.37,1.12
2016.06.22 16:15:35.090,1.4468,1.44699,1.00,1.00
2016.06.22 16:15:35.598,1.44679,1.44698,1.12,1.00
2016.06.22 16:15:42.271,1.44678,1.44697,1.50,1.00
2016.06.22 16:15:43.187,1.44678,1.44699,1.37,1.12
2016.06.22 16:15:43.704,1.44678,1.44699,1.00,1.50
2016.06.22 16:15:44.160,1.44682,1.447,1.00,1.12
2016.06.22 16:15:44.312,1.44682,1.44703,1.00,1.00
2016.06.22 16:15:44.565,1.44684,1.44704,1.12,1.12
2016.06.22 16:15:45.120,1.44684,1.44704,1.50,1.00
2016.06.22 16:15:45.425,1.44678,1.44698,1.87,1.00
2016.06.22 16:15:45.527,1.44675,1.44695,1.12,1.00
2016.06.22 16:15:46.062,1.44674,1.44694,1.00,1.12
2016.06.22 16:15:49.281,1.44673,1.44693,1.12,1.00
2016.06.22 16:15:51.262,1.44673,1.44694,1.12,1.12
2016.06.22 16:15:51.881,1.44673,1.44692,1.12,1.00
2016.06.22 16:15:53.565,1.44671,1.44691,1.87,1.00
2016.06.22 16:15:53.919,1.44673,1.44693,1.00,1.12
2016.06.22 16:15:58.075,1.44672,1.44692,1.00,1.00
2016.06.22 16:15:59.419,1.44673,1.44692,1.00,1.00
2016.06.22 16:15:59.920,1.44672,1.44692,1.00,1.00
2016.06.22 16:16:00.680,1.44672,1.44692,1.00,1.50
2016.06.22 16:16:02.378,1.44673,1.44692,1.00,1.37
2016.06.22 16:16:05.827,1.44675,1.44695,1.00,1.87
2016.06.22 16:16:08.392,1.44677,1.44696,1.00,1.12
2016.06.22 16:16:08.493,1.44679,1.44699,1.00,1.37
2016.06.22 16:16:08.696,1.44679,1.44701,1.12,1.12
2016.06.22 16:16:09.204,1.44682,1.44701,1.00,1.12
2016.06.22 16:16:12.201,1.44681,1.447,1.00,1.00
2016.06.22 16:16:13.026,1.44681,1.44702,1.00,1.50
2016.06.22 16:16:13.567,1.44681,1.447,1.00,1.00
2016.06.22 16:16:13.872,1.44679,1.44698,1.12,1.00
2016.06.22 16:16:14.375,1.4468,1.44699,1.00,1.00
2016.06.22 16:16:16.224,1.44681,1.447,1.00,1.00
2016.06.22 16:16:17.311,1.4468,1.44699,1.00,1.00
2016.06.22 16:16:20.404,1.4468,1.44701,1.00,1.12
2016.06.22 16:16:21.410,1.44682,1.447,1.00,1.00
2016.06.22 16:16:21.746,1.44684,1.44703,1.00,1.50
2016.06.22 16:16:21.797,1.44684,1.44703,1.00,1.12
2016.06.22 16:16:22.051,1.44686,1.44705,1.00,1.00
2016.06.22 16:16:27.226,1.44685,1.44704,1.00,1.00
2016.06.22 16:16:27.530,1.44682,1.44701,1.12,1.00
2016.06.22 16:16:28.037,1.44683,1.44702,1.00,1.00
2016.06.22 16:16:28.382,1.44686,1.44704,1.00,1.50
2016.06.22 16:16:28.889,1.44685,1.44704,1.50,1.00
2016.06.22 16:16:33.749,1.44687,1.44706,1.00,1.00
2016.06.22 16:16:34.273,1.44686,1.44705,1.00,1.12
2016.06.22 16:16:34.809,1.44688,1.44707,1.00,1.87
2016.06.22 16:16:34.860,1.44688,1.44707,1.00,1.00
2016.06.22 16:16:34.962,1.4469,1.44708,1.00,1.12
2016.06.22 16:16:36.328,1.44689,1.44708,1.00,1.12
2016.06.22 16:16:38.324,1.44688,1.44707,1.00,1.00
2016.06.22 16:16:39.868,1.44688,1.44706,1.00,1.00
2016.06.22 16:16:40.633,1.44689,1.44707,1.00,1.00
2016.06.22 16:16:41.567,1.44691,1.44709,1.00,1.50
2016.06.22 16:16:41.669,1.44689,1.44707,1.00,1.00
2016.06.22 16:16:45.260,1.44692,1.44711,1.00,1.75
2016.06.22 16:16:45.361,1.44693,1.44711,1.00,1.00
2016.06.22 16:16:45.901,1.44692,1.44711,1.12,1.00
2016.06.22 16:16:46.154,1.4469,1.44708,1.12,1.00
2016.06.22 16:16:46.307,1.44686,1.44705,1.87,1.00
2016.06.22 16:16:46.408,1.44686,1.44705,1.00,1.00
2016.06.22 16:16:47.384,1.44686,1.44704,1.00,1.00
2016.06.22 16:16:48.067,1.44684,1.44703,1.50,1.00
2016.06.22 16:16:48.586,1.44683,1.44702,1.87,1.00
2016.06.22 16:16:50.164,1.44684,1.44702,1.12,1.00
2016.06.22 16:16:53.768,1.44686,1.44704,1.12,1.00
2016.06.22 16:16:54.274,1.44686,1.44705,1.87,1.00
2016.06.22 16:16:54.398,1.44686,1.44705,1.00,1.00
2016.06.22 16:16:57.563,1.44685,1.44704,1.12,1.00
2016.06.22 16:16:58.126,1.44686,1.44705,1.00,1.00
2016.06.22 16:16:59.456,1.44685,1.44704,1.12,1.00
2016.06.22 16:17:07.496,1.44687,1.44705,1.00,1.00
2016.06.22 16:17:08.200,1.44686,1.44705,1.00,1.00
2016.06.22 16:17:08.504,1.44684,1.44703,1.50,1.00
2016.06.22 16:17:09.421,1.44684,1.44703,1.12,1.12
2016.06.22 16:17:09.924,1.44683,1.44704,1.00,1.50
2016.06.22 16:17:10.229,1.44685,1.44704,1.00,1.50
2016.06.22 16:17:10.593,1.44683,1.44702,1.00,1.25
2016.06.22 16:17:11.386,1.44682,1.447,1.12,1.00
2016.06.22 16:17:11.639,1.44683,1.44702,1.00,1.25
2016.06.22 16:17:12.109,1.4468,1.447,1.87,1.00
2016.06.22 16:17:13.821,1.4468,1.44698,1.87,1.00
2016.06.22 16:17:18.285,1.44682,1.44699,1.25,1.00
2016.06.22 16:17:18.387,1.44682,1.44701,1.25,1.12
2016.06.22 16:17:19.017,1.4468,1.44689,1.12,1.00
2016.06.22 16:17:19.220,1.44671,1.44683,1.00,1.00
2016.06.22 16:17:19.273,1.44665,1.44683,1.12,1.00
2016.06.22 16:17:19.324,1.44664,1.44681,1.12,1.00
2016.06.22 16:17:19.425,1.44662,1.44681,1.12,1.00
2016.06.22 16:17:19.831,1.44663,1.44682,1.37,1.00
2016.06.22 16:17:20.385,1.44665,1.44684,1.00,1.50
2016.06.22 16:17:25.275,1.44665,1.44684,1.12,1.12
2016.06.22 16:17:29.334,1.44666,1.44685,1.00,1.00
2016.06.22 16:17:30.610,1.44665,1.44684,1.12,1.00
2016.06.22 16:17:30.924,1.44669,1.44688,1.00,1.87
2016.06.22 16:17:31.444,1.4467,1.44689,1.00,1.75
2016.06.22 16:17:31.496,1.4467,1.44689,1.00,1.00
2016.06.22 16:17:31.749,1.44672,1.44691,1.00,1.50
2016.06.22 16:17:31.954,1.44674,1.44693,1.00,1.12
2016.06.22 16:17:32.471,1.44673,1.44692,1.00,1.00
2016.06.22 16:17:32.822,1.44676,1.44694,1.00,1.50
2016.06.22 16:17:33.025,1.44673,1.44693,1.00,1.12
2016.06.22 16:17:33.531,1.44674,1.44692,1.00,1.00
2016.06.22 16:17:35.237,1.44678,1.44696,1.00,1.12
2016.06.22 16:17:35.847,1.44677,1.44696,1.00,1.12
2016.06.22 16:17:36.252,1.44681,1.44698,1.00,1.12
2016.06.22 16:17:36.354,1.44681,1.44699,1.00,1.12
2016.06.22 16:17:36.859,1.4468,1.44699,1.00,1.12
2016.06.22 16:17:37.850,1.44685,1.44703,1.00,1.87
2016.06.22 16:17:37.901,1.44685,1.44703,1.00,1.50
2016.06.22 16:17:38.111,1.44685,1.44704,1.00,1.12
2016.06.22 16:17:38.616,1.44684,1.44703,1.00,1.00
2016.06.22 16:17:39.667,1.44683,1.44701,1.12,1.00
2016.06.22 16:17:40.327,1.44685,1.44704,1.00,1.12
2016.06.22 16:17:44.565,1.44686,1.44704,1.00,1.12
2016.06.22 16:17:47.085,1.44687,1.44705,1.00,1.50
2016.06.22 16:17:49.483,1.44683,1.44703,1.12,1.50
2016.06.22 16:17:49.585,1.44682,1.44693,1.12,1.00
2016.06.22 16:17:49.738,1.44674,1.44692,1.12,1.50
2016.06.22 16:17:50.458,1.44675,1.44696,1.00,1.12
2016.06.22 16:17:50.560,1.44675,1.44701,2.25,1.12
2016.06.22 16:17:50.662,1.44675,1.44701,3.00,1.37
2016.06.22 16:17:51.482,1.44679,1.44698,1.00,1.00
2016.06.22 16:17:51.994,1.44678,1.44697,1.00,1.00
2016.06.22 16:17:52.361,1.44679,1.44699,1.00,1.12
2016.06.22 16:17:52.464,1.44681,1.44699,1.00,1.12
2016.06.22 16:17:53.001,1.44681,1.447,1.00,1.00
2016.06.22 16:17:53.507,1.4468,1.44701,1.12,1.12
2016.06.22 16:17:54.889,1.44683,1.44701,1.00,1.12
2016.06.22 16:17:55.293,1.44681,1.447,1.00,1.00
2016.06.22 16:17:56.059,1.44682,1.44701,1.00,1.87
2016.06.22 16:18:00.795,1.44683,1.44702,1.00,1.00
2016.06.22 16:18:01.098,1.44688,1.44704,1.00,1.12
2016.06.22 16:18:01.403,1.44687,1.44705,1.12,1.00
2016.06.22 16:18:01.454,1.44687,1.44707,1.12,1.00
2016.06.22 16:18:01.505,1.44687,1.44707,1.37,1.00
2016.06.22 16:18:01.607,1.44682,1.44705,3.00,1.00
2016.06.22 16:18:01.746,1.44684,1.44707,1.37,1.37
2016.06.22 16:18:01.797,1.44684,1.44709,1.75,1.87
2016.06.22 16:18:02.304,1.44684,1.44706,1.75,1.00
2016.06.22 16:18:03.012,1.44682,1.44706,1.12,1.37
2016.06.22 16:18:03.114,1.44681,1.44706,1.12,1.87
2016.06.22 16:18:03.791,1.44682,1.44703,1.50,1.00
2016.06.22 16:18:04.903,1.44682,1.44703,1.37,1.37
2016.06.22 16:18:05.420,1.44686,1.44703,1.00,1.12
2016.06.22 16:18:05.521,1.44684,1.44705,1.00,1.12
2016.06.22 16:18:05.660,1.44686,1.44707,1.00,1.87
2016.06.22 16:18:05.711,1.44689,1.4471,1.00,1.50
2016.06.22 16:18:05.813,1.4469,1.44711,1.50,1.00
2016.06.22 16:18:06.483,1.44691,1.44709,1.12,1.00
2016.06.22 16:18:06.686,1.44691,1.44713,1.12,2.25
2016.06.22 16:18:07.399,1.44692,1.44711,1.00,1.00
2016.06.22 16:18:07.804,1.44695,1.44714,1.00,1.87
2016.06.22 16:18:08.108,1.44693,1.44712,1.00,1.12
2016.06.22 16:18:08.606,1.44691,1.4471,1.12,1.00
2016.06.22 16:18:09.421,1.44691,1.44709,1.12,1.00
2016.06.22 16:18:11.808,1.44691,1.4471,1.12,1.00
2016.06.22 16:18:14.017,1.44691,1.44712,1.12,1.12
2016.06.22 16:18:14.220,1.4469,1.4471,1.50,1.00
2016.06.22 16:18:14.625,1.44688,1.44706,1.12,1.00
2016.06.22 16:18:14.789,1.44686,1.44705,1.12,1.00
2016.06.22 16:18:15.571,1.44687,1.44705,1.12,1.00
2016.06.22 16:18:15.723,1.44688,1.44708,1.12,1.00
2016.06.22 16:18:15.774,1.44688,1.44708,1.50,1.00
2016.06.22 16:18:15.926,1.44688,1.44709,1.12,1.12
2016.06.22 16:18:17.507,1.44689,1.44708,1.00,1.00
2016.06.22 16:18:22.658,1.44691,1.44709,1.00,1.12
2016.06.22 16:18:22.962,1.44694,1.44715,1.37,1.00
2016.06.22 16:18:23.164,1.44696,1.44715,1.87,1.00
2016.06.22 16:18:23.670,1.44695,1.44714,1.50,1.00
2016.06.22 16:18:25.098,1.44695,1.44714,1.87,1.00
2016.06.22 16:18:26.027,1.44696,1.44713,1.00,1.00
2016.06.22 16:18:26.593,1.44695,1.44713,1.12,1.00
2016.06.22 16:18:26.988,1.44694,1.44712,1.12,1.00
2016.06.22 16:18:28.628,1.44694,1.44713,1.87,1.00
2016.06.22 16:18:29.157,1.44694,1.44712,1.12,1.00
2016.06.22 16:18:29.737,1.44694,1.44713,1.87,1.00
2016.06.22 16:18:30.536,1.44694,1.44708,1.12,1.00
2016.06.22 16:18:30.688,1.44689,1.44708,1.50,1.00
2016.06.22 16:18:31.216,1.44688,1.44707,1.87,1.00
2016.06.22 16:18:32.337,1.44689,1.44706,1.50,1.00
2016.06.22 16:18:32.439,1.44689,1.44708,1.50,1.00
2016.06.22 16:18:33.068,1.44689,1.44709,1.50,1.00
2016.06.22 16:18:37.561,1.44687,1.44705,1.00,1.00
2016.06.22 16:18:37.724,1.44683,1.44703,1.12,1.00
2016.06.22 16:18:37.877,1.44691,1.44706,1.00,1.12
2016.06.22 16:18:38.080,1.44698,1.44721,1.12,3.00
2016.06.22 16:18:38.669,1.44696,1.4472,1.12,1.12
2016.06.22 16:18:38.986,1.44696,1.44716,1.87,1.00
2016.06.22 16:18:40.164,1.44696,1.44717,1.87,1.12
2016.06.22 16:18:40.468,1.44696,1.44719,1.87,1.50
2016.06.22 16:18:40.671,1.44696,1.44717,1.87,1.00
2016.06.22 16:18:40.975,1.44691,1.44712,1.12,1.00
2016.06.22 16:18:41.077,1.44691,1.4471,1.00,1.00
2016.06.22 16:18:41.425,1.44687,1.44708,1.00,1.12
2016.06.22 16:18:42.482,1.44689,1.44708,1.00,1.12
2016.06.22 16:18:42.787,1.44692,1.44712,1.00,1.12
2016.06.22 16:18:42.939,1.44692,1.44714,1.12,1.37
2016.06.22 16:18:43.705,1.44694,1.44715,1.50,1.37
2016.06.22 16:18:43.806,1.44694,1.44717,2.25,3.00
2016.06.22 16:18:44.364,1.44695,1.44717,1.50,1.50
2016.06.22 16:18:46.076,1.44695,1.44717,1.50,1.12
2016.06.22 16:18:46.633,1.44695,1.44717,1.87,1.00
2016.06.22 16:18:48.111,1.44696,1.44717,1.12,1.37
2016.06.22 16:18:48.314,1.44695,1.44715,1.50,1.37
2016.06.22 16:18:48.517,1.44697,1.44717,1.00,1.50
2016.06.22 16:18:48.617,1.44697,1.44717,1.00,2.25
2016.06.22 16:18:48.771,1.44691,1.44712,1.87,1.00
2016.06.22 16:18:53.514,1.44692,1.44712,1.50,1.37
2016.06.22 16:18:54.572,1.44691,1.44708,1.12,1.00
2016.06.22 16:18:54.725,1.44689,1.44708,1.00,1.00
2016.06.22 16:18:55.307,1.44689,1.44709,1.87,1.00
2016.06.22 16:18:55.879,1.44689,1.44708,1.12,1.00
2016.06.22 16:18:55.981,1.44688,1.44705,1.37,1.00
2016.06.22 16:18:56.133,1.44685,1.44704,1.87,1.00
2016.06.22 16:18:56.184,1.44685,1.44702,1.12,1.00
2016.06.22 16:18:56.336,1.44682,1.44702,1.00,1.00
2016.06.22 16:18:57.385,1.44682,1.447,1.00,1.00
2016.06.22 16:18:57.537,1.44679,1.44699,1.50,1.12
2016.06.22 16:18:57.689,1.44677,1.44696,1.50,1.00
2016.06.22 16:18:57.740,1.44677,1.44696,1.00,1.00
2016.06.22 16:18:58.120,1.44676,1.44694,1.12,1.00
2016.06.22 16:18:59.094,1.44681,1.44698,1.00,1.12
2016.06.22 16:18:59.310,1.44683,1.44701,1.12,1.12
2016.06.22 16:18:59.922,1.44683,1.44703,1.87,1.37
2016.06.22 16:19:00.446,1.44681,1.44702,1.12,1.12
2016.06.22 16:19:00.953,1.44681,1.44702,1.12,1.37
2016.06.22 16:19:01.217,1.44682,1.44701,1.12,1.12
2016.06.22 16:19:03.529,1.44683,1.44703,1.50,1.00
2016.06.22 16:19:03.682,1.44684,1.44706,1.75,1.50
2016.06.22 16:19:04.187,1.44687,1.44704,1.00,1.00
2016.06.22 16:19:05.857,1.44687,1.44705,1.00,1.37
2016.06.22 16:19:06.859,1.44687,1.44704,1.00,1.12
2016.06.22 16:19:08.522,1.44687,1.44705,1.00,1.47
2016.06.22 16:19:09.064,1.44687,1.44705,1.00,1.47
2016.06.22 16:19:13.983,1.44687,1.44704,1.00,1.37
2016.06.22 16:19:14.491,1.44684,1.44704,1.87,1.37
2016.06.22 16:19:15.039,1.44684,1.44704,1.87,1.12
2016.06.22 16:19:16.992,1.44684,1.44703,1.87,1.00
2016.06.22 16:19:22.022,1.44684,1.44701,1.12,1.00
2016.06.22 16:19:25.413,1.44684,1.44704,1.12,1.50
2016.06.22 16:19:26.859,1.44684,1.44703,1.12,1.00
2016.06.22 16:19:27.366,1.44684,1.44704,1.87,1.50
2016.06.22 16:19:27.906,1.44684,1.44703,1.12,1.00
2016.06.22 16:19:29.959,1.44684,1.44704,1.12,1.87
2016.06.22 16:19:30.959,1.44684,1.44704,1.12,1.87
2016.06.22 16:19:31.491,1.44683,1.44704,1.87,1.87
2016.06.22 16:19:34.179,1.44683,1.44701,1.12,1.00
2016.06.22 16:19:34.382,1.44676,1.44699,1.12,1.87
2016.06.22 16:19:34.484,1.44674,1.44698,1.12,3.19
2016.06.22 16:19:34.585,1.44674,1.44698,1.75,1.69
2016.06.22 16:19:35.489,1.44676,1.44696,1.12,1.00
2016.06.22 16:19:36.718,1.44674,1.44697,1.87,1.50
2016.06.22 16:19:37.292,1.4468,1.44699,1.00,2.44
2016.06.22 16:19:37.444,1.44683,1.44703,1.12,1.37
2016.06.22 16:19:37.495,1.44683,1.44703,1.12,1.12
2016.06.22 16:19:37.697,1.44681,1.44701,1.87,1.00
2016.06.22 16:19:38.539,1.44681,1.44703,1.87,1.87
2016.06.22 16:19:41.402,1.44681,1.44701,1.87,1.00
2016.06.22 16:19:41.504,1.44681,1.44703,1.87,1.87
2016.06.22 16:19:45.022,1.44681,1.44703,1.87,1.87
2016.06.22 16:19:45.372,1.44684,1.44701,1.12,1.12
2016.06.22 16:19:45.424,1.44679,1.44699,2.62,1.00
2016.06.22 16:19:45.946,1.44679,1.44698,1.87,1.25
2016.06.22 16:19:46.619,1.44679,1.44699,1.87,2.25
2016.06.22 16:19:48.502,1.44676,1.44697,1.50,1.37
2016.06.22 16:19:49.586,1.44676,1.44696,1.62,1.37
2016.06.22 16:19:54.529,1.44678,1.44698,1.00,2.25
2016.06.22 16:19:55.100,1.44678,1.44698,1.00,1.50
2016.06.22 16:19:55.252,1.44676,1.44696,1.50,1.00
2016.06.22 16:19:56.643,1.44677,1.44697,1.12,1.12
2016.06.22 16:19:57.178,1.44676,1.44698,1.50,1.12
2016.06.22 16:19:57.482,1.44676,1.44696,1.50,1.00
2016.06.22 16:19:58.056,1.44675,1.44695,1.87,1.00
2016.06.22 16:20:00.862,1.44676,1.44696,1.87,1.12
2016.06.22 16:20:01.380,1.44677,1.44697,1.12,1.12
2016.06.22 16:20:01.937,1.44676,1.44696,1.87,1.00
2016.06.22 16:20:02.517,1.44677,1.44697,1.12,1.00
2016.06.22 16:20:03.022,1.44678,1.44698,1.00,1.50
2016.06.22 16:20:04.485,1.44677,1.44698,1.12,1.12
2016.06.22 16:20:04.987,1.44678,1.44699,1.00,2.62
2016.06.22 16:20:05.291,1.44675,1.44694,2.62,1.50
2016.06.22 16:20:05.494,1.44671,1.44691,1.00,1.12
2016.06.22 16:20:05.545,1.44667,1.44688,1.87,1.00
2016.06.22 16:20:05.597,1.44667,1.44688,1.50,1.00
2016.06.22 16:20:05.873,1.4467,1.44691,2.81,1.75
2016.06.22 16:20:06.076,1.44675,1.44698,1.75,1.50
2016.06.22 16:20:06.786,1.44679,1.44699,1.00,2.62
2016.06.22 16:20:07.445,1.44679,1.44699,1.00,2.62
2016.06.22 16:20:08.775,1.44683,1.44699,1.00,1.50
2016.06.22 16:20:09.079,1.44685,1.44702,1.12,1.12
2016.06.22 16:20:09.603,1.44686,1.44703,1.00,1.12
2016.06.22 16:20:09.755,1.44687,1.44704,1.00,1.25
2016.06.22 16:20:09.936,1.44689,1.44707,1.00,1.69
2016.06.22 16:20:10.089,1.44687,1.44707,1.12,1.25
2016.06.22 16:20:10.190,1.44688,1.44706,1.00,2.25
2016.06.22 16:20:10.292,1.44686,1.44706,1.00,2.25
2016.06.22 16:20:10.496,1.44684,1.44704,1.00,1.31
2016.06.22 16:20:10.851,1.44684,1.44703,1.00,1.12
2016.06.22 16:20:11.061,1.44684,1.44704,1.00,2.06
2016.06.22 16:20:11.568,1.44685,1.44704,1.00,1.25
2016.06.22 16:20:11.772,1.4468,1.44699,1.12,1.00
2016.06.22 16:20:12.076,1.44672,1.44693,1.12,1.37
2016.06.22 16:20:12.378,1.44674,1.44693,1.00,1.37
2016.06.22 16:20:14.006,1.44675,1.44693,1.00,1.37
2016.06.22 16:20:14.383,1.44679,1.44693,1.00,1.37
2016.06.22 16:20:14.434,1.44679,1.44695,1.00,1.37
2016.06.22 16:20:14.485,1.44677,1.44697,1.12,1.12
2016.06.22 16:20:14.587,1.44678,1.44698,1.12,1.00
2016.06.22 16:20:15.777,1.44681,1.44701,1.00,3.00
2016.06.22 16:20:15.980,1.44681,1.44701,1.12,1.00
2016.06.22 16:20:16.031,1.44681,1.44701,1.50,1.00
2016.06.22 16:20:16.083,1.44683,1.44703,1.50,1.12
2016.06.22 16:20:16.735,1.44683,1.44702,1.00,1.00
2016.06.22 16:20:17.243,1.44683,1.44701,1.00,1.00
2016.06.22 16:20:17.800,1.44683,1.447,1.00,1.00
2016.06.22 16:20:22.669,1.44677,1.44697,1.87,1.00
2016.06.22 16:20:23.206,1.44678,1.44698,1.37,1.00
2016.06.22 16:20:24.294,1.44677,1.44697,1.37,1.00
2016.06.22 16:20:24.561,1.44676,1.44696,1.12,1.00
2016.06.22 16:20:24.713,1.44674,1.44694,2.62,1.00
2016.06.22 16:20:24.815,1.44676,1.44696,1.12,1.12
2016.06.22 16:20:25.069,1.44678,1.44701,1.75,1.12
2016.06.22 16:20:25.120,1.44678,1.44702,1.87,1.37
2016.06.22 16:20:25.374,1.44683,1.44705,1.00,1.37
2016.06.22 16:20:25.758,1.44684,1.44705,1.00,1.00
2016.06.22 16:20:25.962,1.44685,1.44706,1.50,1.00
2016.06.22 16:20:27.508,1.44685,1.44705,1.87,1.00
2016.06.22 16:20:27.813,1.44684,1.44704,1.00,1.12
2016.06.22 16:20:28.422,1.44686,1.44706,1.00,2.62
2016.06.22 16:20:28.866,1.44689,1.44707,1.00,1.37
2016.06.22 16:20:29.020,1.44691,1.44711,1.00,2.62
2016.06.22 16:20:29.882,1.44689,1.4471,1.00,1.50
2016.06.22 16:20:32.031,1.44691,1.44711,1.00,1.87
2016.06.22 16:20:32.132,1.44691,1.44711,1.12,1.00
2016.06.22 16:20:32.638,1.44692,1.44713,1.00,1.50
2016.06.22 16:20:33.165,1.44696,1.44714,1.00,1.12
2016.06.22 16:20:33.217,1.44696,1.44717,1.00,1.37
2016.06.22 16:20:33.470,1.44695,1.44715,1.00,1.50
2016.06.22 16:20:34.078,1.44695,1.44716,1.12,1.87
2016.06.22 16:20:34.585,1.44695,1.44716,1.12,1.12
2016.06.22 16:20:37.480,1.44695,1.44716,1.12,1.50
2016.06.22 16:20:37.834,1.44691,1.44713,1.12,1.00
2016.06.22 16:20:38.338,1.44692,1.44713,1.00,1.00
2016.06.22 16:20:38.851,1.44692,1.44712,1.00,1.00
2016.06.22 16:20:39.357,1.44691,1.44711,1.12,1.00
2016.06.22 16:20:40.729,1.44692,1.44713,1.00,1.12
2016.06.22 16:20:41.252,1.44691,1.44712,1.12,1.00
2016.06.22 16:20:41.505,1.44693,1.44713,1.12,1.12
2016.06.22 16:20:41.839,1.44695,1.44715,1.50,1.12
2016.06.22 16:20:41.943,1.44694,1.44714,1.00,1.00
2016.06.22 16:20:42.501,1.44695,1.44715,1.00,1.00
2016.06.22 16:20:42.552,1.44695,1.44715,1.87,1.00
2016.06.22 16:20:42.603,1.44697,1.44717,1.12,1.00
2016.06.22 16:20:43.128,1.44698,1.44718,1.00,1.12
2016.06.22 16:20:43.701,1.44702,1.4472,1.00,1.12
2016.06.22 16:20:44.055,1.44701,1.44721,1.00,1.12
2016.06.22 16:20:44.611,1.44702,1.44722,1.00,1.87
2016.06.22 16:20:44.815,1.447,1.4472,1.00,1.00
2016.06.22 16:20:46.122,1.44701,1.44721,1.00,1.50
2016.06.22 16:20:46.610,1.44703,1.44721,1.00,1.00
2016.06.22 16:20:47.424,1.44703,1.44723,1.00,1.50
2016.06.22 16:20:47.945,1.44702,1.44722,1.00,1.37
2016.06.22 16:20:49.947,1.44703,1.44723,1.00,1.00
2016.06.22 16:20:50.827,1.44701,1.44722,1.50,1.00
2016.06.22 16:20:51.333,1.44705,1.44724,1.00,1.12
2016.06.22 16:20:51.728,1.4471,1.44729,1.00,2.25
2016.06.22 16:20:51.830,1.4471,1.44729,1.00,1.00
2016.06.22 16:20:52.235,1.44706,1.44728,1.50,1.00
2016.06.22 16:20:52.438,1.44705,1.44726,1.00,1.12
2016.06.22 16:20:52.984,1.44703,1.44727,1.50,1.37
2016.06.22 16:20:53.545,1.44705,1.44725,1.00,1.12
2016.06.22 16:20:54.386,1.44702,1.44724,1.12,1.50
2016.06.22 16:20:55.358,1.44702,1.44721,1.00,1.37
2016.06.22 16:20:55.561,1.44699,1.44721,1.00,1.87
2016.06.22 16:20:55.967,1.44702,1.44721,1.00,1.37
2016.06.22 16:20:56.171,1.44702,1.44723,1.12,1.00
2016.06.22 16:20:56.273,1.447,1.44722,1.00,1.50
2016.06.22 16:20:56.374,1.447,1.4472,1.00,1.12
2016.06.22 16:20:56.684,1.44704,1.44722,1.00,1.00
2016.06.22 16:20:57.643,1.44702,1.44723,1.00,1.87
2016.06.22 16:20:58.150,1.44703,1.44723,1.00,1.37
2016.06.22 16:20:58.746,1.44702,1.44723,1.00,1.87
2016.06.22 16:20:59.237,1.44704,1.44724,1.00,1.87
2016.06.22 16:20:59.288,1.44704,1.44724,1.00,1.00
2016.06.22 16:20:59.339,1.44707,1.44726,1.00,1.37
2016.06.22 16:20:59.491,1.44708,1.44728,1.00,1.12
2016.06.22 16:20:59.795,1.44709,1.44729,1.50,1.12
2016.06.22 16:21:01.633,1.44712,1.44731,1.00,1.00
2016.06.22 16:21:01.736,1.44712,1.44733,1.12,1.00
2016.06.22 16:21:02.092,1.44713,1.44733,1.37,1.00
2016.06.22 16:21:03.441,1.44713,1.44732,1.37,1.12
2016.06.22 16:21:03.594,1.44711,1.44732,1.50,1.12
2016.06.22 16:21:05.627,1.4471,1.44732,1.12,1.50
2016.06.22 16:21:06.243,1.44713,1.44733,1.00,1.12
2016.06.22 16:21:06.851,1.44712,1.44732,1.12,1.00
2016.06.22 16:21:08.263,1.44716,1.44736,1.00,1.87
2016.06.22 16:21:08.314,1.44716,1.44736,1.00,1.12
2016.06.22 16:21:08.517,1.44716,1.44737,1.87,1.00
2016.06.22 16:21:08.619,1.44716,1.44737,1.00,1.12
2016.06.22 16:21:09.149,1.44715,1.44735,1.12,1.00
2016.06.22 16:21:09.683,1.44714,1.44734,1.00,1.12
2016.06.22 16:21:10.191,1.44715,1.44734,1.12,1.00
2016.06.22 16:21:10.540,1.44717,1.44735,1.00,1.00
2016.06.22 16:21:11.148,1.44717,1.44734,1.00,1.00
2016.06.22 16:21:11.351,1.44713,1.44735,1.87,1.00
2016.06.22 16:21:11.452,1.44713,1.44735,1.00,1.12
2016.06.22 16:21:11.676,1.44715,1.44735,1.00,1.12
2016.06.22 16:21:12.699,1.44716,1.44735,1.00,1.12
2016.06.22 16:21:15.405,1.44713,1.44735,1.87,1.00
2016.06.22 16:21:15.709,1.44712,1.44731,1.50,1.00
2016.06.22 16:21:17.070,1.44712,1.44732,1.50,1.00
2016.06.22 16:21:17.575,1.44712,1.44731,1.12,1.00
2016.06.22 16:21:18.481,1.44713,1.44733,1.00,1.00
2016.06.22 16:21:20.093,1.44714,1.44733,1.75,1.00
2016.06.22 16:21:20.296,1.44715,1.44735,1.37,1.00
2016.06.22 16:21:20.347,1.44714,1.44735,1.50,1.00
2016.06.22 16:21:22.198,1.44715,1.44734,1.12,1.00
2016.06.22 16:21:22.505,1.44716,1.44735,1.87,1.00
2016.06.22 16:21:23.546,1.44717,1.44737,1.50,1.00
2016.06.22 16:21:25.278,1.44717,1.44736,1.50,1.50
2016.06.22 16:21:25.329,1.44716,1.44734,1.12,1.12
2016.06.22 16:21:25.532,1.44714,1.44734,1.12,1.00
2016.06.22 16:21:26.012,1.44716,1.44735,1.12,1.00
2016.06.22 16:21:26.518,1.44716,1.44738,1.50,1.12
2016.06.22 16:21:26.720,1.44719,1.44738,1.00,1.00
2016.06.22 16:21:26.974,1.44725,1.44745,1.00,1.12
2016.06.22 16:21:27.025,1.44729,1.44747,1.00,1.37
2016.06.22 16:21:27.126,1.44732,1.44751,1.00,1.87
2016.06.22 16:21:27.312,1.44733,1.44756,1.87,1.12
2016.06.22 16:21:27.363,1.44734,1.44758,1.12,1.50
2016.06.22 16:21:27.567,1.44736,1.44758,1.12,1.00
2016.06.22 16:21:27.832,1.44739,1.44763,1.12,3.37
2016.06.22 16:21:28.313,1.44738,1.44763,1.37,3.00
2016.06.22 16:21:28.365,1.44736,1.44761,1.87,1.37
2016.06.22 16:21:28.822,1.4474,1.44758,1.00,1.00
2016.06.22 16:21:29.126,1.44735,1.44749,1.12,1.00
2016.06.22 16:21:29.228,1.44731,1.4475,1.87,1.00
2016.06.22 16:21:29.740,1.44733,1.44752,1.12,1.00
2016.06.22 16:21:30.897,1.44733,1.44751,1.12,1.00
2016.06.22 16:21:30.999,1.44738,1.44756,1.00,1.50
2016.06.22 16:21:31.101,1.44738,1.44757,1.00,1.00
2016.06.22 16:21:31.506,1.4474,1.44759,1.50,1.50
2016.06.22 16:21:31.810,1.44739,1.44756,1.37,1.00
2016.06.22 16:21:31.861,1.44737,1.44756,1.87,1.00
2016.06.22 16:21:32.374,1.44737,1.44755,1.87,1.00
2016.06.22 16:21:32.476,1.44736,1.44756,1.12,1.00
2016.06.22 16:21:34.105,1.44734,1.44756,1.12,1.12
2016.06.22 16:21:35.635,1.44733,1.44755,1.50,1.00
2016.06.22 16:21:35.736,1.44732,1.44751,1.87,1.00
2016.06.22 16:21:36.055,1.4473,1.44749,1.87,1.00
2016.06.22 16:21:36.359,1.44732,1.44751,1.12,1.12
2016.06.22 16:21:36.460,1.44731,1.44753,1.50,1.50
2016.06.22 16:21:36.562,1.44733,1.44753,1.50,1.12
2016.06.22 16:21:39.667,1.44739,1.44758,1.00,1.50
2016.06.22 16:21:39.718,1.44739,1.44758,1.00,1.50
2016.06.22 16:21:40.275,1.44738,1.44758,1.50,1.12
2016.06.22 16:21:40.371,1.44737,1.44756,1.12,1.00
2016.06.22 16:21:40.979,1.44737,1.44758,1.12,1.12
2016.06.22 16:21:41.181,1.44737,1.44758,1.87,1.00
2016.06.22 16:21:41.637,1.44742,1.44761,1.00,1.12
2016.06.22 16:21:41.789,1.44743,1.44763,1.00,1.87
2016.06.22 16:21:42.313,1.44742,1.44762,1.12,1.00
2016.06.22 16:21:43.276,1.44745,1.44764,1.00,1.50
2016.06.22 16:21:43.801,1.44745,1.44764,1.12,1.00
2016.06.22 16:21:44.105,1.44746,1.44765,1.12,1.00
2016.06.22 16:21:44.626,1.44746,1.44766,1.87,1.12
2016.06.22 16:21:45.268,1.44747,1.44767,1.50,1.00
2016.06.22 16:21:45.774,1.44746,1.44763,1.12,1.00
2016.06.22 16:21:45.876,1.44743,1.44763,1.50,1.00
2016.06.22 16:21:46.691,1.44742,1.44761,1.12,1.00
2016.06.22 16:21:46.843,1.44741,1.4476,1.50,1.00
2016.06.22 16:21:48.150,1.44742,1.44762,1.12,1.00
2016.06.22 16:21:49.455,1.44743,1.44763,1.00,1.12
2016.06.22 16:21:50.787,1.44741,1.44761,1.50,1.00
2016.06.22 16:21:51.305,1.44741,1.44761,1.00,1.50
2016.06.22 16:21:51.988,1.44742,1.44761,1.00,1.37
2016.06.22 16:21:52.642,1.44742,1.44761,1.00,1.00
2016.06.22 16:21:54.058,1.4474,1.44759,1.00,1.00
2016.06.22 16:21:54.441,1.44741,1.44765,1.85,1.87
2016.06.22 16:21:54.594,1.44743,1.44765,1.12,1.12
2016.06.22 16:21:54.746,1.44745,1.44769,1.50,3.37
2016.06.22 16:21:54.797,1.44747,1.44769,1.12,2.25
2016.06.22 16:21:55.102,1.44745,1.44766,1.12,1.12
2016.06.22 16:21:55.457,1.44744,1.44767,1.12,1.00
2016.06.22 16:21:55.736,1.44751,1.44773,1.37,1.12
2016.06.22 16:21:56.568,1.44752,1.44772,1.12,1.00
2016.06.22 16:21:58.711,1.44751,1.44771,1.87,1.00
2016.06.22 16:22:00.403,1.44752,1.44773,1.12,2.62
2016.06.22 16:22:00.910,1.44752,1.44771,1.12,1.00
2016.06.22 16:22:02.288,1.44753,1.44772,1.00,1.12
2016.06.22 16:22:02.794,1.44752,1.44771,1.12,1.00
2016.06.22 16:22:03.620,1.44752,1.44771,1.12,1.37
2016.06.22 16:22:05.620,1.44751,1.44771,1.87,1.12
2016.06.22 16:22:07.109,1.44751,1.4477,1.87,1.00
2016.06.22 16:22:08.412,1.44752,1.44773,1.12,1.87
2016.06.22 16:22:08.939,1.44751,1.44771,1.00,1.50
2016.06.22 16:22:10.365,1.44751,1.44771,1.00,1.50
2016.06.22 16:22:10.418,1.44753,1.44773,1.12,1.37
2016.06.22 16:22:10.570,1.44756,1.44775,1.00,1.87
2016.06.22 16:22:11.118,1.44757,1.44776,1.00,2.25
2016.06.22 16:22:17.759,1.44756,1.44776,1.87,1.94
2016.06.22 16:22:18.260,1.44756,1.44773,1.37,1.00
2016.06.22 16:22:18.615,1.44753,1.44772,1.50,1.00
2016.06.22 16:22:18.767,1.44752,1.44771,1.87,1.37
2016.06.22 16:22:19.776,1.44754,1.44773,1.12,1.94
2016.06.22 16:22:20.738,1.44754,1.44773,1.12,1.69
2016.06.22 16:22:21.049,1.44752,1.44772,1.87,2.06
2016.06.22 16:22:21.446,1.44754,1.44773,1.69,1.12
2016.06.22 16:22:21.953,1.44755,1.44774,1.00,1.50
2016.06.22 16:22:22.458,1.44754,1.44772,1.25,1.12
2016.06.22 16:22:22.559,1.44753,1.44772,1.50,3.56
2016.06.22 16:22:23.612,1.44752,1.44766,1.12,1.50
2016.06.22 16:22:23.663,1.44748,1.44766,1.37,1.50
2016.06.22 16:22:23.715,1.44748,1.44762,1.37,1.00
2016.06.22 16:22:23.767,1.44743,1.44762,1.87,1.50
2016.06.22 16:22:23.818,1.44743,1.44759,1.12,1.00
2016.06.22 16:22:24.022,1.44738,1.44757,1.50,1.00
2016.06.22 16:22:24.819,1.44739,1.44758,1.12,1.00
2016.06.22 16:22:24.923,1.4474,1.4476,1.37,1.00
2016.06.22 16:22:25.127,1.44739,1.44761,1.12,1.37
2016.06.22 16:22:25.635,1.44739,1.44759,1.12,1.00
2016.06.22 16:22:26.079,1.44739,1.44757,1.12,1.50
2016.06.22 16:22:27.310,1.44737,1.44756,1.87,1.00
2016.06.22 16:22:27.650,1.44737,1.44754,1.12,1.00
2016.06.22 16:22:27.752,1.44738,1.44757,1.50,1.00
2016.06.22 16:22:31.024,1.44739,1.44758,1.12,1.00
2016.06.22 16:22:32.131,1.4474,1.44759,1.00,1.00
2016.06.22 16:22:34.264,1.44737,1.44758,1.00,2.25
2016.06.22 16:22:34.368,1.44734,1.44755,1.87,1.00
2016.06.22 16:22:34.903,1.44734,1.44755,1.50,1.00
2016.06.22 16:22:35.436,1.44734,1.44755,1.00,1.50
2016.06.22 16:22:38.562,1.44734,1.44753,1.00,1.00
2016.06.22 16:22:40.575,1.44735,1.44756,1.00,3.00
2016.06.22 16:22:41.232,1.44735,1.44756,1.12,1.87
2016.06.22 16:22:44.159,1.44736,1.44755,1.00,1.12
2016.06.22 16:22:44.357,1.4474,1.44756,1.00,1.12
2016.06.22 16:22:44.509,1.44741,1.44761,1.00,1.87
2016.06.22 16:22:44.611,1.44741,1.44762,1.50,1.00
2016.06.22 16:22:45.135,1.44742,1.44763,1.12,1.12
2016.06.22 16:22:45.965,1.44742,1.44763,1.12,1.50
2016.06.22 16:22:46.491,1.44741,1.44762,1.00,1.50
2016.06.22 16:22:48.386,1.44739,1.44758,1.12,1.00
2016.06.22 16:22:48.897,1.4474,1.44758,1.00,1.00
2016.06.22 16:22:49.421,1.44739,1.44758,1.00,1.00
2016.06.22 16:22:50.072,1.44737,1.44758,1.00,1.00
2016.06.22 16:22:51.262,1.44736,1.44754,1.12,1.00
2016.06.22 16:22:51.769,1.44735,1.44754,1.00,1.00
2016.06.22 16:22:52.576,1.44736,1.44755,1.00,1.00
2016.06.22 16:22:53.098,1.44737,1.44756,1.00,1.50
2016.06.22 16:22:53.776,1.44736,1.44755,1.00,1.00
2016.06.22 16:22:54.849,1.44737,1.44756,1.00,1.50
2016.06.22 16:22:55.363,1.44737,1.44756,1.50,1.00
2016.06.22 16:22:55.779,1.44739,1.44758,1.00,1.50
2016.06.22 16:22:55.932,1.4474,1.44759,1.37,1.00
2016.06.22 16:22:56.438,1.44741,1.4476,1.12,1.00
2016.06.22 16:22:57.152,1.44743,1.4476,1.00,1.00
2016.06.22 16:22:57.683,1.44744,1.4476,1.00,1.00
2016.06.22 16:22:58.587,1.44743,1.4476,1.00,1.00
2016.06.22 16:22:59.137,1.44744,1.4476,1.00,1.00
2016.06.22 16:22:59.825,1.44743,1.4476,1.00,1.00
2016.06.22 16:23:00.392,1.44746,1.4476,1.00,1.00
2016.06.22 16:23:00.918,1.44747,1.4476,1.12,1.00
2016.06.22 16:23:01.414,1.44747,1.44766,1.12,2.06
2016.06.22 16:23:01.917,1.44747,1.44766,1.12,1.00
2016.06.22 16:23:02.463,1.44748,1.44767,1.00,1.31
2016.06.22 16:23:03.569,1.44749,1.44768,1.00,1.69
2016.06.22 16:23:04.109,1.44748,1.44769,1.50,2.81
2016.06.22 16:23:04.621,1.44749,1.44768,1.00,1.69
2016.06.22 16:23:05.097,1.44754,1.44769,1.00,1.94
2016.06.22 16:23:05.692,1.44754,1.44773,1.00,2.06
2016.06.22 16:23:06.199,1.44753,1.44772,1.00,1.69
2016.06.22 16:23:07.079,1.44752,1.44771,1.00,1.31
2016.06.22 16:23:07.586,1.44749,1.44765,1.87,1.00
2016.06.22 16:23:07.893,1.44745,1.44765,1.00,2.44
2016.06.22 16:23:08.404,1.44745,1.44765,2.06,1.00
2016.06.22 16:23:08.607,1.44747,1.4477,1.31,1.37
2016.06.22 16:23:08.795,1.44749,1.44772,1.69,1.31
2016.06.22 16:23:09.384,1.44755,1.44772,1.00,1.25
2016.06.22 16:23:09.486,1.44755,1.44774,1.00,1.25
2016.06.22 16:23:09.587,1.44753,1.44773,1.12,1.00
2016.06.22 16:23:10.136,1.44753,1.44773,1.12,1.56
2016.06.22 16:23:11.197,1.44752,1.44772,1.12,1.69
2016.06.22 16:23:11.400,1.44751,1.4477,1.37,1.00
2016.06.22 16:23:11.906,1.44751,1.4477,1.00,1.00
2016.06.22 16:23:14.116,1.44752,1.44771,1.00,1.12
2016.06.22 16:23:14.622,1.44754,1.44772,1.00,1.31
2016.06.22 16:23:14.947,1.44754,1.44771,1.00,1.56
2016.06.22 16:23:16.901,1.44761,1.44771,1.00,1.56
2016.06.22 16:23:17.003,1.44762,1.44771,1.00,1.00
2016.06.22 16:23:17.054,1.44762,1.44775,1.00,1.12
2016.06.22 16:23:17.105,1.44765,1.44777,1.00,1.31
2016.06.22 16:23:17.156,1.44765,1.44779,1.00,1.56
2016.06.22 16:23:17.207,1.44763,1.44779,1.00,1.56
2016.06.22 16:23:17.752,1.44762,1.44779,1.12,2.06
2016.06.22 16:23:18.106,1.44764,1.44779,1.00,2.06
2016.06.22 16:23:18.618,1.44764,1.44779,1.00,2.06
2016.06.22 16:23:20.410,1.44762,1.44778,1.12,1.31
2016.06.22 16:23:21.642,1.44763,1.44778,1.00,1.00
2016.06.22 16:23:22.671,1.44763,1.44776,1.00,1.00
2016.06.22 16:23:23.185,1.44762,1.44776,1.12,1.00
2016.06.22 16:23:25.220,1.44763,1.44776,1.00,1.00
2016.06.22 16:23:25.448,1.44765,1.44779,1.00,1.00
2016.06.22 16:23:26.008,1.44765,1.44778,1.00,1.00
2016.06.22 16:23:26.527,1.44764,1.44778,1.00,1.00
2016.06.22 16:23:26.864,1.44763,1.44776,1.00,1.00
2016.06.22 16:23:27.377,1.44761,1.44775,1.50,1.00
2016.06.22 16:23:28.278,1.44761,1.44777,1.50,1.00
2016.06.22 16:23:28.381,1.44762,1.4478,1.12,1.00
2016.06.22 16:23:29.437,1.4476,1.44778,2.00,1.00
2016.06.22 16:23:29.539,1.44758,1.44777,2.81,1.00
2016.06.22 16:23:30.094,1.44759,1.44777,1.25,1.00
2016.06.22 16:23:30.247,1.44764,1.44781,1.00,1.12
2016.06.22 16:23:30.399,1.44765,1.44784,1.00,2.25
2016.06.22 16:23:30.450,1.44763,1.44784,1.69,1.50
2016.06.22 16:23:30.652,1.44763,1.44783,1.25,1.37
2016.06.22 16:23:31.184,1.44763,1.44781,1.25,1.00
2016.06.22 16:23:31.489,1.44761,1.44779,2.06,1.00
2016.06.22 16:23:31.947,1.44761,1.44781,1.31,1.00
2016.06.22 16:23:33.568,1.44761,1.4478,1.12,1.00
2016.06.22 16:23:33.619,1.44759,1.44778,2.00,1.00
2016.06.22 16:23:33.670,1.44759,1.44778,1.25,1.00
2016.06.22 16:23:34.063,1.44758,1.44771,1.00,1.00
2016.06.22 16:23:34.165,1.44751,1.4477,1.69,1.00
2016.06.22 16:23:34.621,1.4475,1.44767,1.69,1.00
2016.06.22 16:23:35.132,1.4475,1.44768,1.69,1.00
2016.06.22 16:23:35.653,1.4475,1.44768,1.69,1.00
2016.06.22 16:23:36.810,1.4475,1.44768,1.69,1.00
2016.06.22 16:23:36.975,1.4475,1.44768,1.50,1.00
2016.06.22 16:23:37.130,1.44753,1.44771,1.00,1.37
2016.06.22 16:23:37.283,1.44753,1.44772,1.12,1.00
2016.06.22 16:23:37.839,1.44752,1.4477,1.50,1.00
2016.06.22 16:23:37.991,1.44751,1.44769,1.00,1.00
2016.06.22 16:23:38.523,1.44752,1.44771,1.00,1.37
2016.06.22 16:23:41.617,1.44752,1.44766,1.00,1.12
2016.06.22 16:23:41.668,1.44746,1.44766,1.37,2.62
2016.06.22 16:23:41.719,1.44743,1.44762,2.62,1.12
2016.06.22 16:23:41.770,1.44741,1.4476,1.12,1.00
2016.06.22 16:23:41.925,1.4474,1.4476,1.00,1.12
2016.06.22 16:23:42.432,1.44741,1.4476,1.50,1.50
2016.06.22 16:23:42.938,1.44742,1.4476,1.00,1.50
2016.06.22 16:23:43.974,1.44743,1.44762,1.50,1.37
2016.06.22 16:23:45.142,1.44743,1.4476,1.00,1.00
2016.06.22 16:23:45.649,1.44743,1.44759,1.00,1.12
2016.06.22 16:23:46.171,1.4474,1.44759,1.00,1.12
2016.06.22 16:23:47.160,1.4474,1.44757,1.00,1.00
2016.06.22 16:23:47.685,1.4474,1.44759,1.50,1.12
2016.06.22 16:23:48.099,1.44742,1.44759,1.00,1.12
2016.06.22 16:23:48.606,1.44742,1.4476,1.50,1.12
2016.06.22 16:23:49.185,1.44747,1.44762,1.00,1.00
2016.06.22 16:23:49.329,1.44747,1.44765,1.50,1.00
2016.06.22 16:23:49.684,1.44747,1.44763,1.00,1.00
2016.06.22 16:23:50.191,1.44747,1.44764,1.00,1.00
2016.06.22 16:23:51.267,1.44747,1.44763,1.00,1.00
2016.06.22 16:23:51.369,1.44747,1.44765,1.00,1.12
2016.06.22 16:23:51.471,1.4475,1.44768,1.00,1.12
2016.06.22 16:23:51.522,1.4475,1.44769,1.00,1.87
2016.06.22 16:23:52.358,1.4475,1.44768,1.00,1.12
2016.06.22 16:23:54.297,1.44748,1.44767,2.25,1.00
2016.06.22 16:23:54.466,1.44748,1.44765,1.50,1.00
2016.06.22 16:23:54.973,1.44748,1.44765,1.00,1.00
2016.06.22 16:23:55.176,1.44748,1.44768,1.87,1.37
2016.06.22 16:23:55.682,1.44748,1.44768,1.87,1.00
2016.06.22 16:23:56.674,1.44748,1.44766,1.12,1.00
2016.06.22 16:23:56.776,1.44748,1.44768,1.12,1.00
2016.06.22 16:23:58.446,1.44754,1.44768,1.00,1.00
2016.06.22 16:23:58.497,1.44754,1.44772,1.00,1.12
2016.06.22 16:23:58.548,1.44757,1.44772,1.00,1.12
2016.06.22 16:23:58.854,1.44765,1.44773,1.00,1.12
2016.06.22 16:23:58.955,1.44765,1.4478,1.00,1.87
2016.06.22 16:23:59.007,1.44765,1.4478,1.00,1.12
2016.06.22 16:23:59.516,1.4476,1.4478,1.12,1.00
2016.06.22 16:24:00.058,1.44759,1.4478,1.00,2.62
2016.06.22 16:24:00.565,1.44756,1.44774,1.75,1.00
2016.06.22 16:24:00.785,1.44748,1.44769,1.75,1.69
2016.06.22 16:24:00.837,1.44748,1.44769,1.00,2.44
2016.06.22 16:24:00.889,1.44746,1.44765,1.12,1.00
2016.06.22 16:24:00.940,1.44744,1.44765,2.25,1.00
2016.06.22 16:24:00.991,1.44744,1.44763,1.00,1.00
2016.06.22 16:24:01.504,1.44744,1.44765,1.12,1.12
2016.06.22 16:24:02.659,1.44744,1.44765,1.00,1.87
2016.06.22 16:24:03.194,1.44743,1.44764,1.06,1.87
2016.06.22 16:24:03.871,1.44742,1.44764,1.17,1.37
2016.06.22 16:24:04.124,1.44744,1.44765,1.92,1.12
2016.06.22 16:24:04.276,1.44744,1.44765,1.87,1.69
2016.06.22 16:24:07.356,1.44748,1.44767,1.20,1.56
2016.06.22 16:24:09.944,1.44747,1.44766,1.50,1.00
2016.06.22 16:24:10.248,1.44746,1.44764,1.00,1.00
2016.06.22 16:24:13.906,1.44748,1.44766,1.00,1.25
2016.06.22 16:24:14.211,1.44753,1.44771,1.00,1.31
2016.06.22 16:24:14.262,1.44753,1.44772,1.00,1.69
2016.06.22 16:24:14.464,1.44753,1.44769,1.00,1.31
2016.06.22 16:24:14.589,1.4475,1.44768,1.00,2.06
2016.06.22 16:24:15.046,1.44749,1.4477,1.12,1.00
2016.06.22 16:24:15.509,1.44751,1.4477,1.00,1.00
2016.06.22 16:24:15.964,1.44751,1.44771,1.50,1.00
2016.06.22 16:24:16.238,1.4475,1.44769,1.00,1.00
2016.06.22 16:24:16.491,1.44752,1.44772,1.00,1.50
2016.06.22 16:24:17.013,1.44752,1.44772,1.00,1.00
2016.06.22 16:24:17.520,1.44753,1.44772,1.00,1.00
2016.06.22 16:24:18.070,1.44754,1.44772,1.00,1.00
2016.06.22 16:24:18.866,1.44754,1.44772,1.00,2.06
2016.06.22 16:24:19.416,1.44754,1.44769,1.00,1.00
2016.06.22 16:24:19.648,1.44757,1.44775,1.00,3.00
2016.06.22 16:24:19.859,1.44758,1.44772,1.00,1.00
2016.06.22 16:24:22.317,1.44757,1.44774,1.50,1.56
2016.06.22 16:24:22.831,1.44757,1.44773,1.00,1.56
2016.06.22 16:24:23.385,1.44758,1.44773,1.00,1.56
2016.06.22 16:24:24.051,1.44759,1.44774,1.00,1.56
2016.06.22 16:24:24.581,1.44759,1.44774,1.00,1.56
2016.06.22 16:24:25.383,1.44758,1.44775,1.50,1.56
2016.06.22 16:24:25.535,1.44758,1.44777,1.50,1.69
2016.06.22 16:24:27.207,1.44757,1.44776,1.00,1.31
2016.06.22 16:24:27.308,1.44757,1.44776,1.00,2.06
2016.06.22 16:24:27.839,1.44756,1.44776,1.87,2.06
2016.06.22 16:24:28.789,1.44757,1.44776,1.00,2.06
2016.06.22 16:24:29.339,1.44756,1.44776,1.87,2.06
2016.06.22 16:24:29.845,1.44757,1.44776,1.00,2.06
2016.06.22 16:24:30.349,1.44757,1.44775,1.00,1.69
2016.06.22 16:24:30.932,1.44758,1.44775,1.50,1.69
2016.06.22 16:24:31.449,1.44758,1.44776,1.00,2.81
2016.06.22 16:24:31.967,1.44757,1.44774,1.50,1.56
2016.06.22 16:24:32.353,1.44757,1.44775,1.50,1.12
2016.06.22 16:24:32.556,1.44759,1.44774,1.00,1.00
2016.06.22 16:24:32.649,1.44757,1.44774,1.50,1.00
2016.06.22 16:24:33.108,1.44759,1.44774,1.00,1.00
2016.06.22 16:24:33.262,1.44763,1.44779,1.00,1.25
2016.06.22 16:24:33.775,1.44761,1.44781,1.37,1.56
2016.06.22 16:24:34.130,1.44764,1.44781,1.00,1.56
2016.06.22 16:24:34.640,1.44765,1.44784,1.00,2.81
2016.06.22 16:24:34.974,1.44769,1.44787,1.00,1.00
2016.06.22 16:24:35.482,1.44768,1.44787,1.00,1.50
2016.06.22 16:24:36.728,1.44767,1.44786,1.00,1.00
2016.06.22 16:24:36.830,1.44766,1.44783,1.37,1.00
2016.06.22 16:24:37.083,1.4476,1.4478,1.12,1.37
2016.06.22 16:24:37.134,1.4476,1.44777,1.12,1.00
2016.06.22 16:24:37.338,1.44755,1.44777,1.12,1.50
2016.06.22 16:24:37.389,1.44755,1.44777,1.37,1.50
2016.06.22 16:24:37.490,1.44752,1.44776,3.00,1.37
2016.06.22 16:24:38.269,1.44755,1.44774,1.00,1.00
2016.06.22 16:24:39.773,1.44754,1.44773,1.12,1.00
2016.06.22 16:24:40.349,1.44753,1.44772,1.50,1.00
2016.06.22 16:24:43.438,1.44755,1.44774,1.00,1.37
2016.06.22 16:24:43.944,1.44754,1.44772,1.12,1.00
2016.06.22 16:24:46.173,1.44753,1.44771,1.50,1.00
2016.06.22 16:24:46.700,1.44752,1.44771,2.62,1.37
2016.06.22 16:24:47.298,1.44752,1.44771,2.62,1.12
2016.06.22 16:24:48.256,1.44752,1.44765,1.87,1.00
2016.06.22 16:24:48.409,1.44747,1.44765,1.69,1.12
2016.06.22 16:24:48.460,1.44747,1.44765,1.12,1.12
2016.06.22 16:24:48.966,1.44747,1.44764,1.12,1.00
2016.06.22 16:24:49.484,1.44747,1.44763,1.12,1.12
2016.06.22 16:24:51.754,1.44746,1.44766,1.50,1.12
2016.06.22 16:24:51.856,1.44747,1.44766,1.87,1.12
2016.06.22 16:24:52.008,1.44747,1.44764,1.12,1.00
2016.06.22 16:24:52.161,1.44747,1.44762,1.12,1.00
2016.06.22 16:24:54.984,1.44745,1.44764,1.37,1.37
2016.06.22 16:24:56.118,1.44746,1.44764,1.37,1.00
2016.06.22 16:24:59.812,1.44745,1.44764,1.00,1.00
2016.06.22 16:25:00.482,1.44746,1.44765,1.00,1.50
2016.06.22 16:25:02.395,1.44745,1.44764,1.00,1.12
2016.06.22 16:25:02.940,1.44744,1.44763,1.12,1.00
2016.06.22 16:25:04.280,1.44747,1.44766,1.00,1.87
2016.06.22 16:25:04.331,1.44747,1.44766,1.00,1.87
2016.06.22 16:25:04.483,1.44749,1.44766,1.00,1.37
2016.06.22 16:25:04.585,1.44746,1.44765,1.00,1.87
2016.06.22 16:25:04.686,1.44744,1.44763,1.12,1.00
2016.06.22 16:25:04.990,1.44744,1.44762,1.00,1.37
2016.06.22 16:25:05.187,1.44742,1.44761,1.00,1.12
2016.06.22 16:25:17.336,1.44743,1.44762,1.00,1.00
2016.06.22 16:25:17.848,1.44744,1.44763,1.00,1.12
2016.06.22 16:25:18.414,1.44748,1.44764,1.00,1.37
2016.06.22 16:25:18.690,1.4475,1.44769,1.00,1.00
2016.06.22 16:25:20.070,1.4475,1.44769,1.00,1.69
2016.06.22 16:25:21.006,1.44749,1.44768,1.12,1.31
2016.06.22 16:25:21.528,1.4475,1.44769,1.00,1.69
2016.06.22 16:25:22.411,1.44749,1.44768,1.12,1.56
2016.06.22 16:25:23.156,1.44749,1.44768,1.12,1.31
2016.06.22 16:25:23.309,1.44751,1.4477,1.00,2.81
2016.06.22 16:25:29.921,1.44753,1.44771,1.00,2.81
2016.06.22 16:25:29.972,1.44753,1.44771,1.00,1.69
2016.06.22 16:25:30.502,1.44753,1.44772,1.50,1.69
2016.06.22 16:25:31.029,1.44755,1.44774,1.00,1.94
2016.06.22 16:25:31.628,1.44756,1.44775,1.00,3.94
2016.06.22 16:25:33.036,1.44754,1.44773,1.12,1.31
2016.06.22 16:25:33.603,1.44756,1.44774,1.00,1.69
2016.06.22 16:25:34.484,1.44756,1.44773,1.00,1.62
2016.06.22 16:25:35.341,1.44753,1.44772,1.00,1.12
2016.06.22 16:25:35.475,1.44751,1.44769,1.87,1.56
2016.06.22 16:25:35.576,1.44751,1.44769,1.00,1.56
2016.06.22 16:25:36.034,1.44754,1.44771,1.00,1.69
2016.06.22 16:25:37.070,1.44754,1.44771,1.00,1.56
2016.06.22 16:25:37.748,1.44755,1.44772,1.00,1.56
2016.06.22 16:25:38.398,1.44755,1.44774,1.00,3.56
2016.06.22 16:25:39.400,1.44755,1.44774,1.00,3.56
2016.06.22 16:25:40.260,1.44755,1.44774,1.00,2.81
2016.06.22 16:25:41.966,1.44754,1.44772,1.00,1.00
2016.06.22 16:25:45.382,1.44755,1.44774,1.00,1.69
2016.06.22 16:25:45.433,1.44755,1.4477,1.00,1.00
2016.06.22 16:25:45.535,1.44749,1.44767,1.00,1.00
2016.06.22 16:25:45.687,1.44746,1.44769,1.12,1.87
2016.06.22 16:25:45.738,1.44745,1.44766,1.00,1.12
2016.06.22 16:25:45.841,1.44745,1.44767,1.37,1.00
2016.06.22 16:25:46.579,1.44745,1.44766,1.87,1.00
2016.06.22 16:25:48.129,1.44745,1.44766,1.87,1.37
2016.06.22 16:25:48.230,1.44747,1.44767,1.50,1.12
2016.06.22 16:25:48.382,1.44748,1.44769,1.00,1.12
2016.06.22 16:25:48.585,1.44751,1.44769,1.00,1.12
2016.06.22 16:25:49.582,1.44752,1.44769,1.00,1.12
2016.06.22 16:25:51.654,1.44753,1.44769,1.00,1.12
2016.06.22 16:25:52.059,1.44753,1.4477,1.00,1.25
2016.06.22 16:25:52.160,1.4475,1.44771,1.00,1.50
2016.06.22 16:25:52.262,1.4475,1.44769,1.00,1.69
2016.06.22 16:25:52.769,1.44753,1.44769,1.00,1.37
2016.06.22 16:25:53.196,1.44751,1.44769,1.00,1.87
2016.06.22 16:25:53.753,1.4475,1.44769,1.00,1.37
2016.06.22 16:25:54.260,1.44749,1.44769,1.00,1.87
2016.06.22 16:25:54.766,1.4475,1.44769,1.00,1.37
2016.06.22 16:25:55.587,1.44747,1.44766,1.00,1.00
2016.06.22 16:25:55.689,1.44746,1.44764,1.00,1.00
2016.06.22 16:25:56.199,1.44745,1.44764,1.00,1.50
2016.06.22 16:25:56.724,1.44746,1.44764,1.00,1.00
2016.06.22 16:25:58.783,1.44748,1.44767,1.00,1.87
2016.06.22 16:25:59.193,1.44748,1.44768,1.00,1.87
2016.06.22 16:25:59.396,1.44747,1.44766,1.12,1.00
2016.06.22 16:25:59.963,1.44745,1.44764,1.50,1.00
2016.06.22 16:26:00.015,1.44745,1.44764,1.00,1.00
2016.06.22 16:26:00.571,1.44746,1.44765,1.00,1.12
2016.06.22 16:26:02.769,1.44747,1.44766,1.00,1.50
2016.06.22 16:26:03.618,1.44746,1.44765,1.00,1.12
2016.06.22 16:26:06.183,1.44747,1.44766,1.00,1.00
2016.06.22 16:26:07.473,1.44747,1.44765,1.00,1.00
2016.06.22 16:26:10.821,1.44746,1.44761,1.25,1.00
2016.06.22 16:26:10.964,1.44744,1.44763,1.31,1.00
2016.06.22 16:26:11.233,1.44745,1.44764,1.56,1.12
2016.06.22 16:26:11.487,1.44747,1.44768,1.00,1.50
2016.06.22 16:26:13.230,1.44747,1.44766,1.00,1.37
2016.06.22 16:26:15.596,1.44748,1.44765,1.00,1.00
2016.06.22 16:26:15.749,1.44743,1.44762,1.50,1.00
2016.06.22 16:26:15.903,1.44744,1.44763,1.00,1.75
2016.06.22 16:26:16.125,1.4474,1.44758,1.56,1.00
2016.06.22 16:26:16.379,1.4474,1.44758,1.00,1.12
2016.06.22 16:26:16.885,1.44739,1.44758,1.00,1.12
2016.06.22 16:26:17.416,1.44738,1.44758,1.12,1.12
2016.06.22 16:26:17.720,1.44737,1.44755,1.00,1.12
2016.06.22 16:26:18.023,1.4474,1.44757,1.00,1.31
2016.06.22 16:26:18.074,1.4474,1.44758,1.00,1.56
2016.06.22 16:26:18.126,1.44742,1.44758,1.00,1.56
2016.06.22 16:26:18.430,1.44744,1.44758,1.00,1.56
2016.06.22 16:26:18.901,1.44743,1.44762,1.00,1.87
2016.06.22 16:26:19.421,1.44743,1.4476,1.00,1.37
2016.06.22 16:26:19.825,1.44745,1.44759,1.00,1.12
2016.06.22 16:26:19.978,1.44745,1.44762,1.00,1.12
2016.06.22 16:26:22.334,1.44743,1.44762,1.00,1.43
2016.06.22 16:26:25.475,1.44743,1.44761,1.00,1.05
2016.06.22 16:26:25.526,1.44739,1.44758,1.50,1.37
2016.06.22 16:26:25.577,1.44739,1.44758,1.00,1.87
2016.06.22 16:26:26.607,1.4474,1.44758,1.00,1.87
2016.06.22 16:26:30.324,1.44742,1.44761,1.00,2.29
2016.06.22 16:26:30.375,1.44742,1.44761,1.00,1.50
2016.06.22 16:26:30.881,1.44743,1.44762,1.00,1.87
2016.06.22 16:26:31.411,1.4474,1.44758,1.12,1.00
2016.06.22 16:26:31.947,1.44741,1.4476,1.00,1.17
2016.06.22 16:26:33.526,1.44742,1.4476,1.00,1.17
2016.06.22 16:26:33.937,1.44744,1.44762,1.00,1.81
2016.06.22 16:26:35.364,1.44743,1.44762,1.00,1.92
2016.06.22 16:26:35.869,1.44742,1.44761,1.00,1.50
2016.06.22 16:26:37.341,1.44743,1.44762,1.00,1.92
2016.06.22 16:26:37.851,1.44742,1.44761,1.00,1.50
2016.06.22 16:26:38.672,1.44743,1.44762,1.00,1.92
2016.06.22 16:26:39.674,1.44742,1.44761,1.00,1.50
2016.06.22 16:26:40.668,1.44743,1.44762,1.00,1.92
2016.06.22 16:26:41.777,1.44741,1.44762,1.00,1.92
2016.06.22 16:26:42.302,1.44741,1.44762,1.50,1.92
2016.06.22 16:26:42.809,1.44743,1.44762,1.00,1.92
2016.06.22 16:26:44.052,1.44742,1.44761,1.00,1.50
2016.06.22 16:26:46.867,1.44741,1.4476,1.00,1.12
2016.06.22 16:26:46.969,1.4474,1.44759,1.00,1.17
2016.06.22 16:26:47.121,1.44738,1.44757,1.00,1.17
2016.06.22 16:26:47.640,1.44739,1.44758,1.00,1.54
2016.06.22 16:26:52.585,1.44738,1.44757,1.00,1.25
2016.06.22 16:26:57.284,1.44738,1.44756,1.00,1.00
2016.06.22 16:27:00.661,1.44739,1.44757,1.00,1.69
2016.06.22 16:27:03.602,1.44738,1.44757,1.00,1.69
2016.06.22 16:27:06.001,1.44738,1.44757,1.56,1.12
2016.06.22 16:27:06.153,1.44737,1.44756,1.56,1.50
2016.06.22 16:27:06.678,1.44738,1.44756,1.00,1.87
2016.06.22 16:27:07.193,1.44737,1.44755,1.25,1.50
2016.06.22 16:27:09.015,1.44738,1.44756,1.00,1.12
2016.06.22 16:27:09.117,1.44739,1.44758,1.00,1.50
2016.06.22 16:27:09.636,1.44738,1.44757,1.00,1.12
2016.06.22 16:27:10.142,1.44739,1.44758,1.00,1.50
2016.06.22 16:27:10.343,1.44736,1.44755,1.31,1.00
2016.06.22 16:27:12.722,1.44735,1.44752,1.50,1.00
2016.06.22 16:27:13.026,1.44727,1.44746,2.06,1.37
2016.06.22 16:27:13.178,1.4473,1.4475,1.00,1.87
2016.06.22 16:27:13.280,1.4473,1.4475,1.37,1.12
2016.06.22 16:27:13.381,1.44732,1.44752,1.00,1.12
2016.06.22 16:27:14.213,1.44733,1.44752,1.00,1.12
2016.06.22 16:27:14.417,1.44735,1.44754,1.00,1.87
2016.06.22 16:27:14.926,1.44734,1.44752,1.00,1.12
2016.06.22 16:27:15.723,1.44735,1.44754,1.00,1.87
2016.06.22 16:27:16.518,1.44731,1.44749,1.00,1.00
2016.06.22 16:27:17.039,1.44728,1.44749,1.31,1.50
2016.06.22 16:27:18.848,1.44728,1.44749,1.31,1.50
2016.06.22 16:27:19.369,1.44728,1.44747,1.31,1.00
2016.06.22 16:27:19.823,1.44728,1.44747,1.31,1.00
2016.06.22 16:27:20.331,1.44729,1.44747,1.00,1.00
2016.06.22 16:27:20.549,1.44727,1.44746,1.12,1.00
2016.06.22 16:27:21.055,1.44727,1.44745,1.12,1.00
2016.06.22 16:27:21.561,1.44727,1.44746,1.12,1.00
2016.06.22 16:27:22.307,1.44725,1.44744,3.19,1.00
2016.06.22 16:27:22.612,1.44729,1.44752,3.19,1.00
2016.06.22 16:27:22.814,1.44732,1.44752,1.25,1.12
2016.06.22 16:27:23.030,1.44732,1.44753,1.25,1.50
2016.06.22 16:27:24.494,1.44732,1.4475,1.25,1.00
2016.06.22 16:27:25.625,1.44733,1.44752,1.00,2.25
2016.06.22 16:27:26.176,1.44732,1.4475,1.00,1.12
2016.06.22 16:27:26.812,1.44733,1.44752,1.00,1.87
2016.06.22 16:27:27.446,1.44735,1.44754,1.00,1.87
2016.06.22 16:27:27.952,1.44732,1.44753,1.92,1.00
2016.06.22 16:27:28.003,1.44732,1.4475,1.12,1.00
2016.06.22 16:27:28.308,1.44729,1.4475,1.50,1.00
2016.06.22 16:27:28.849,1.4473,1.44751,1.12,1.12
2016.06.22 16:27:29.002,1.44729,1.4475,1.50,1.56
2016.06.22 16:27:29.103,1.44729,1.44751,3.42,1.12
2016.06.22 16:27:29.220,1.44729,1.44749,3.37,1.00
2016.06.22 16:27:29.728,1.44729,1.44748,1.87,1.25
2016.06.22 16:27:29.830,1.44727,1.44748,1.12,1.12
2016.06.22 16:27:29.982,1.44727,1.44748,1.73,1.12
2016.06.22 16:27:30.540,1.4473,1.44751,1.54,1.00
2016.06.22 16:27:32.410,1.4473,1.44751,1.50,1.00
2016.06.22 16:27:35.233,1.4473,1.44749,1.50,1.00
2016.06.22 16:27:35.532,1.44727,1.44748,1.87,1.00
2016.06.22 16:27:35.633,1.44726,1.44746,2.25,1.00
2016.06.22 16:27:36.159,1.44729,1.44748,1.00,1.00
2016.06.22 16:27:36.663,1.44727,1.44747,1.87,1.00
2016.06.22 16:27:36.714,1.44727,1.44747,2.11,1.00
2016.06.22 16:27:36.937,1.44727,1.44747,1.50,1.00
2016.06.22 16:27:37.039,1.4473,1.4475,1.04,1.50
2016.06.22 16:27:39.126,1.44729,1.44748,1.04,1.00
2016.06.22 16:27:39.677,1.4473,1.44749,1.04,1.12
2016.06.22 16:27:40.633,1.44731,1.44749,1.00,1.12
2016.06.22 16:27:40.943,1.44728,1.44748,1.04,1.87
2016.06.22 16:27:42.474,1.44732,1.44748,1.00,1.12
2016.06.22 16:27:42.577,1.44732,1.44751,1.00,1.87
2016.06.22 16:27:42.770,1.44731,1.44752,1.12,1.00
2016.06.22 16:27:43.277,1.44732,1.44752,1.00,1.12
2016.06.22 16:27:43.429,1.44737,1.44754,1.00,2.06
2016.06.22 16:27:43.633,1.44743,1.44768,2.04,2.05
2016.06.22 16:27:43.734,1.44744,1.44766,1.37,1.25
2016.06.22 16:27:44.746,1.44749,1.44767,1.00,1.50
2016.06.22 16:27:45.743,1.44748,1.44766,1.00,1.12
2016.06.22 16:27:46.048,1.4475,1.44768,1.00,1.12
2016.06.22 16:27:48.765,1.44745,1.44766,2.29,1.12
2016.06.22 16:27:48.864,1.44745,1.44765,1.06,1.12
2016.06.22 16:27:49.371,1.44744,1.44765,1.00,1.12
2016.06.22 16:27:49.676,1.44747,1.44765,1.00,1.12
2016.06.22 16:27:49.983,1.44749,1.44767,1.00,1.62
2016.06.22 16:27:50.283,1.44749,1.44771,1.87,1.25
2016.06.22 16:27:50.384,1.44751,1.44771,1.37,1.25
2016.06.22 16:27:50.486,1.44753,1.44776,2.25,2.44
2016.06.22 16:27:50.538,1.44756,1.44776,1.00,1.37
2016.06.22 16:27:50.590,1.44757,1.44777,1.00,1.25
2016.06.22 16:27:51.046,1.44755,1.44777,1.42,1.12
2016.06.22 16:27:51.580,1.44755,1.44777,1.43,1.12
2016.06.22 16:27:52.086,1.44757,1.44776,1.00,1.50
2016.06.22 16:27:52.390,1.44762,1.4478,1.00,2.06
2016.06.22 16:27:52.975,1.4476,1.44778,1.00,1.00
2016.06.22 16:27:53.178,1.44758,1.44777,2.25,1.12
2016.06.22 16:27:54.672,1.44759,1.44778,1.00,1.50
2016.06.22 16:27:55.377,1.44758,1.44776,1.00,1.00
2016.06.22 16:27:55.590,1.44755,1.44774,1.54,1.00
2016.06.22 16:27:55.895,1.4475,1.44774,1.12,2.62
2016.06.22 16:27:55.997,1.44747,1.44771,1.75,1.50
2016.06.22 16:27:56.099,1.44746,1.44769,1.00,1.12
2016.06.22 16:27:56.303,1.44747,1.44771,1.12,1.00
2016.06.22 16:27:56.835,1.44747,1.44772,1.79,1.37
2016.06.22 16:27:57.089,1.44752,1.44773,1.12,1.12
2016.06.22 16:27:57.393,1.44754,1.44774,1.00,1.50
2016.06.22 16:27:57.735,1.44763,1.44783,1.12,1.00
2016.06.22 16:27:57.887,1.44764,1.44785,1.12,1.12
2016.06.22 16:27:58.091,1.4476,1.44783,1.12,1.12
2016.06.22 16:27:58.496,1.44757,1.4478,1.50,1.37
2016.06.22 16:27:59.001,1.4476,1.4478,1.00,1.37
2016.06.22 16:27:59.205,1.44764,1.44785,1.00,1.37
2016.06.22 16:27:59.762,1.44763,1.44785,1.00,1.37
2016.06.22 16:28:00.170,1.44765,1.44786,1.00,1.37
2016.06.22 16:28:00.322,1.44765,1.44788,1.12,1.87
2016.06.22 16:28:00.678,1.44767,1.44788,1.12,1.50
2016.06.22 16:28:00.730,1.44767,1.44788,1.50,1.00
2016.06.22 16:28:01.084,1.44766,1.44786,1.12,1.00
2016.06.22 16:28:01.236,1.44763,1.44784,2.25,1.00
2016.06.22 16:28:01.372,1.44766,1.44788,1.00,1.12
2016.06.22 16:28:01.474,1.44764,1.44786,2.00,1.37
2016.06.22 16:28:01.525,1.44764,1.44785,1.25,1.12
2016.06.22 16:28:01.627,1.44761,1.44785,3.37,1.12
2016.06.22 16:28:01.730,1.44761,1.44782,1.87,1.37
2016.06.22 16:28:01.832,1.44761,1.44784,1.87,1.00
2016.06.22 16:28:02.357,1.44761,1.44784,2.81,1.00
2016.06.22 16:28:02.510,1.44768,1.44784,1.00,1.00
2016.06.22 16:28:02.613,1.44766,1.44787,1.00,1.50
2016.06.22 16:28:02.917,1.44766,1.4479,1.12,2.25
2016.06.22 16:28:03.019,1.44764,1.44788,1.12,1.75
2016.06.22 16:28:03.070,1.44762,1.44787,2.25,1.12
2016.06.22 16:28:03.804,1.44763,1.44785,1.12,1.12
2016.06.22 16:28:04.110,1.44762,1.44783,1.50,1.00
2016.06.22 16:28:04.614,1.44761,1.44783,1.87,1.37
2016.06.22 16:28:05.133,1.4476,1.44781,3.19,1.00
2016.06.22 16:28:05.789,1.44762,1.44783,1.00,1.50
2016.06.22 16:28:08.299,1.44763,1.44784,1.00,1.12
2016.06.22 16:28:08.605,1.44765,1.44784,1.00,1.12
2016.06.22 16:28:09.422,1.44764,1.44784,1.00,1.12
2016.06.22 16:28:09.633,1.44766,1.44786,1.00,1.37
2016.06.22 16:28:09.864,1.44767,1.44788,1.50,1.37
2016.06.22 16:28:10.384,1.44765,1.44787,1.00,1.87
2016.06.22 16:28:10.891,1.44766,1.44787,1.00,1.87
2016.06.22 16:28:12.686,1.44763,1.44784,2.06,1.00
2016.06.22 16:28:13.483,1.44763,1.44783,2.06,1.00
2016.06.22 16:28:13.535,1.44763,1.4478,1.62,1.12
2016.06.22 16:28:13.637,1.4476,1.44781,1.00,1.50
2016.06.22 16:28:13.688,1.44762,1.44782,1.00,1.75
2016.06.22 16:28:13.790,1.4476,1.44781,1.00,1.50
2016.06.22 16:28:14.297,1.44759,1.44782,1.31,1.12
2016.06.22 16:28:14.619,1.44761,1.44782,1.00,1.12
2016.06.22 16:28:14.821,1.44762,1.44785,1.00,1.12
2016.06.22 16:28:15.204,1.44764,1.44785,1.00,1.87
2016.06.22 16:28:15.507,1.44766,1.44785,1.00,1.12
2016.06.22 16:28:16.026,1.44767,1.44787,1.00,1.00
2016.06.22 16:28:16.814,1.4477,1.44789,1.00,1.12
2016.06.22 16:28:17.489,1.4477,1.4479,1.00,1.37
2016.06.22 16:28:17.601,1.4477,1.44791,1.00,1.50
2016.06.22 16:28:17.803,1.44767,1.44789,1.87,1.00
2016.06.22 16:28:18.130,1.44766,1.44787,1.00,1.00
2016.06.22 16:28:18.737,1.44765,1.44786,1.87,1.00
2016.06.22 16:28:20.325,1.44765,1.44783,1.00,1.00
2016.06.22 16:28:20.477,1.44762,1.44782,1.69,1.00
2016.06.22 16:28:21.344,1.44763,1.44783,1.31,1.12
2016.06.22 16:28:21.882,1.44764,1.44784,1.00,1.50
2016.06.22 16:28:23.134,1.44767,1.44785,1.00,1.12
2016.06.22 16:28:23.356,1.44767,1.44786,1.00,1.12
2016.06.22 16:28:24.448,1.44767,1.44784,1.00,1.00
2016.06.22 16:28:25.241,1.44766,1.44784,1.00,1.00
2016.06.22 16:28:25.743,1.44765,1.44784,1.00,1.50
2016.06.22 16:28:25.845,1.44762,1.44783,1.31,1.00
2016.06.22 16:28:25.946,1.44762,1.44781,1.31,1.12
2016.06.22 16:28:26.251,1.44756,1.44778,2.06,3.00
2016.06.22 16:28:26.586,1.44752,1.44776,2.06,1.12
2016.06.22 16:28:27.095,1.44751,1.44774,1.12,1.00
2016.06.22 16:28:27.746,1.44757,1.44774,1.00,1.00
2016.06.22 16:28:30.432,1.44758,1.44775,1.00,1.62
2016.06.22 16:28:31.752,1.44759,1.44776,1.00,1.94
2016.06.22 16:28:33.661,1.4476,1.44779,1.00,2.44
2016.06.22 16:28:35.027,1.44759,1.44778,1.00,1.69
2016.06.22 16:28:35.138,1.44759,1.44777,1.00,1.75
2016.06.22 16:28:39.250,1.4476,1.44777,1.00,1.75
2016.06.22 16:28:39.773,1.44757,1.44776,1.00,2.06
2016.06.22 16:28:39.977,1.44755,1.44775,1.00,2.62
2016.06.22 16:28:40.826,1.44754,1.44773,1.00,1.50
2016.06.22 16:28:41.130,1.44757,1.44773,1.00,1.00
2016.06.22 16:28:41.636,1.44758,1.44775,1.00,1.62
2016.06.22 16:28:42.179,1.44758,1.44775,1.00,1.31
2016.06.22 16:28:42.964,1.44757,1.44775,1.00,1.69
2016.06.22 16:28:44.152,1.44756,1.44777,1.00,2.25
2016.06.22 16:28:44.458,1.44761,1.4478,1.00,1.12
2016.06.22 16:28:44.559,1.44756,1.4478,1.50,1.37
2016.06.22 16:28:44.762,1.44755,1.44778,1.50,1.50
2016.06.22 16:28:44.814,1.44755,1.44777,1.00,1.12
2016.06.22 16:28:45.291,1.44758,1.44777,1.00,1.12
2016.06.22 16:28:45.848,1.44757,1.44777,1.00,1.87
2016.06.22 16:28:46.288,1.44759,1.44779,1.00,1.12
2016.06.22 16:28:46.339,1.44759,1.4478,1.00,3.00
2016.06.22 16:28:46.880,1.4476,1.44778,1.00,1.25
2016.06.22 16:28:47.085,1.44758,1.44777,1.00,1.00
2016.06.22 16:28:48.255,1.44755,1.44774,1.87,1.00
2016.06.22 16:28:48.761,1.44756,1.44775,1.00,1.12
2016.06.22 16:28:49.066,1.44753,1.44775,1.50,1.12
2016.06.22 16:28:49.169,1.44756,1.44777,1.00,1.87
2016.06.22 16:28:49.632,1.44756,1.44777,1.00,1.12
2016.06.22 16:28:49.734,1.44756,1.44778,1.12,2.06
2016.06.22 16:28:49.785,1.44756,1.4478,1.12,1.94
2016.06.22 16:28:49.886,1.44756,1.44778,1.12,1.56
2016.06.22 16:28:50.597,1.44756,1.4478,1.12,1.37
2016.06.22 16:28:50.797,1.4476,1.44781,1.00,1.87
2016.06.22 16:28:51.769,1.44756,1.44776,2.25,1.00
2016.06.22 16:28:51.871,1.44755,1.44776,1.50,1.87
2016.06.22 16:28:53.274,1.44754,1.44775,1.00,1.12
2016.06.22 16:28:54.008,1.44753,1.44774,1.12,1.00
2016.06.22 16:28:54.619,1.44754,1.44775,1.00,1.12
2016.06.22 16:28:55.970,1.44756,1.44776,1.00,1.37
2016.06.22 16:28:56.122,1.44757,1.44778,1.12,1.12
2016.06.22 16:28:56.633,1.44756,1.44777,1.50,1.00
2016.06.22 16:28:57.180,1.44756,1.44775,1.50,1.00
2016.06.22 16:28:57.768,1.44757,1.44776,1.12,1.00
2016.06.22 16:28:58.082,1.4476,1.44779,1.00,1.50
2016.06.22 16:28:59.019,1.44759,1.44778,1.00,1.12
2016.06.22 16:29:00.494,1.4476,1.44779,1.00,1.50
2016.06.22 16:29:01.194,1.44758,1.44777,1.00,1.00
2016.06.22 16:29:02.292,1.44759,1.44779,1.00,1.50
2016.06.22 16:29:02.596,1.44762,1.44782,1.00,1.50
2016.06.22 16:29:03.127,1.44762,1.44782,1.12,1.00
2016.06.22 16:29:05.106,1.44758,1.44776,1.12,1.00
2016.06.22 16:29:05.208,1.44755,1.44775,2.25,1.12
2016.06.22 16:29:05.411,1.44756,1.44775,1.00,1.50
2016.06.22 16:29:05.956,1.44755,1.44773,1.00,1.00
2016.06.22 16:29:06.463,1.44756,1.44773,1.00,1.00
2016.06.22 16:29:07.120,1.44751,1.4477,1.00,1.00
2016.06.22 16:29:07.273,1.44751,1.4477,1.00,1.50
2016.06.22 16:29:07.803,1.4475,1.44769,1.00,1.50
2016.06.22 16:29:10.513,1.44748,1.44767,1.00,1.00
2016.06.22 16:29:11.060,1.44748,1.44767,1.00,1.50
2016.06.22 16:29:13.107,1.4475,1.44768,1.00,1.12
2016.06.22 16:29:13.430,1.44752,1.44769,1.00,1.12
2016.06.22 16:29:13.481,1.44752,1.4477,1.00,1.87
2016.06.22 16:29:13.532,1.44754,1.4477,1.00,1.12
2016.06.22 16:29:13.634,1.44754,1.44773,1.00,2.62
2016.06.22 16:29:13.888,1.44754,1.44771,1.00,1.12
2016.06.22 16:29:14.446,1.44753,1.44771,1.00,1.12
2016.06.22 16:29:15.059,1.44753,1.44772,1.00,1.12
2016.06.22 16:29:16.110,1.44754,1.44773,1.00,1.50
2016.06.22 16:29:17.311,1.44753,1.44773,1.00,1.50
2016.06.22 16:29:18.631,1.44751,1.4477,1.12,1.00
2016.06.22 16:29:19.138,1.44751,1.4477,1.00,1.50
2016.06.22 16:29:19.836,1.44753,1.44771,1.00,1.12
2016.06.22 16:29:20.381,1.44752,1.44771,1.00,1.87
2016.06.22 16:29:20.887,1.44753,1.44771,1.00,1.12
2016.06.22 16:29:23.712,1.44752,1.44771,1.00,1.87
2016.06.22 16:29:24.016,1.44752,1.44771,1.00,1.00
2016.06.22 16:29:27.037,1.44751,1.4477,1.00,1.00
2016.06.22 16:29:29.346,1.44752,1.44771,1.00,1.00
2016.06.22 16:29:29.874,1.44752,1.4477,1.00,1.00
2016.06.22 16:29:32.930,1.44752,1.44771,1.00,1.00
2016.06.22 16:29:33.494,1.44758,1.44773,1.00,1.00
2016.06.22 16:29:33.647,1.4476,1.44779,1.00,1.87
2016.06.22 16:29:34.254,1.44761,1.44779,1.00,1.37
2016.06.22 16:29:34.928,1.44762,1.44779,1.00,1.37
2016.06.22 16:29:35.450,1.44761,1.44779,1.00,1.37
2016.06.22 16:29:37.483,1.44761,1.4478,1.00,1.87
2016.06.22 16:29:38.284,1.44761,1.4478,1.00,1.12
2016.06.22 16:29:38.838,1.44758,1.44777,1.87,1.00
2016.06.22 16:29:39.041,1.44756,1.44776,1.50,1.00
2016.06.22 16:29:39.245,1.44754,1.44777,1.00,1.12
2016.06.22 16:29:39.860,1.44755,1.44777,1.00,1.12
2016.06.22 16:29:39.962,1.44759,1.44779,1.00,1.00
2016.06.22 16:29:42.179,1.44758,1.44777,1.12,1.00
2016.06.22 16:29:42.711,1.44756,1.44775,1.87,1.00
2016.06.22 16:29:42.863,1.44754,1.44773,1.12,1.00
2016.06.22 16:29:42.965,1.44756,1.44775,1.00,1.12
2016.06.22 16:29:43.270,1.44759,1.44778,1.50,1.00
2016.06.22 16:29:44.156,1.44758,1.44779,1.87,1.00
2016.06.22 16:29:44.665,1.44758,1.44777,1.12,1.00
2016.06.22 16:29:44.999,1.44768,1.44785,1.31,1.12
2016.06.22 16:29:45.073,1.44766,1.44786,1.12,1.87
2016.06.22 16:29:45.124,1.44764,1.44786,2.44,1.87
2016.06.22 16:29:45.233,1.44762,1.44786,1.12,1.87
2016.06.22 16:29:45.489,1.44761,1.44782,2.25,1.00
2016.06.22 16:29:45.818,1.44755,1.44776,1.87,1.12
2016.06.22 16:29:45.971,1.44756,1.4478,1.50,1.37
2016.06.22 16:29:46.629,1.44758,1.44782,2.62,1.20
2016.06.22 16:29:46.854,1.44765,1.44787,1.12,1.37
2016.06.22 16:29:47.765,1.44766,1.44787,1.00,1.37
2016.06.22 16:29:48.316,1.44764,1.44785,1.50,1.00
2016.06.22 16:29:48.468,1.44763,1.44782,1.00,1.12
2016.06.22 16:29:48.520,1.44761,1.44782,1.50,1.12
2016.06.22 16:29:48.589,1.4476,1.4478,1.37,1.87
2016.06.22 16:29:49.094,1.44762,1.4478,1.00,1.37
2016.06.22 16:29:49.398,1.44764,1.44784,1.00,1.37
2016.06.22 16:29:49.753,1.44766,1.44786,1.00,1.12
2016.06.22 16:29:50.280,1.44766,1.44787,1.00,1.87
2016.06.22 16:29:50.381,1.44764,1.44785,1.00,1.12
2016.06.22 16:29:51.576,1.44766,1.44787,1.00,1.87
2016.06.22 16:29:52.082,1.44763,1.44784,1.87,1.00
2016.06.22 16:29:52.285,1.44763,1.44784,1.00,1.87
2016.06.22 16:29:52.589,1.44761,1.44782,1.50,1.12
2016.06.22 16:29:52.690,1.44761,1.44778,1.00,1.00
2016.06.22 16:29:52.792,1.44755,1.44775,1.12,1.00
2016.06.22 16:29:52.966,1.44754,1.44775,1.00,1.87
2016.06.22 16:29:53.490,1.44753,1.44774,1.00,1.50
2016.06.22 16:29:54.293,1.44755,1.44775,1.00,1.12
2016.06.22 16:29:54.496,1.44755,1.44776,1.00,1.12
2016.06.22 16:29:55.687,1.44756,1.44778,1.00,1.12
2016.06.22 16:29:56.193,1.44757,1.44778,1.00,1.12
2016.06.22 16:29:56.446,1.44757,1.44778,1.00,1.12
2016.06.22 16:29:56.793,1.44763,1.44781,1.87,1.00
2016.06.22 16:29:56.894,1.44771,1.44789,1.00,1.50
2016.06.22 16:29:56.946,1.44768,1.44789,1.00,1.37
2016.06.22 16:29:56.997,1.44766,1.4479,2.25,1.75
2016.06.22 16:29:57.048,1.44769,1.44793,1.12,1.87
2016.06.22 16:29:57.099,1.4477,1.44793,1.12,1.12
2016.06.22 16:29:57.149,1.44769,1.44793,1.50,1.75
2016.06.22 16:29:57.200,1.44769,1.44792,1.00,1.12
2016.06.22 16:29:57.937,1.4477,1.44792,1.00,1.12
2016.06.22 16:29:58.293,1.4477,1.44796,1.50,3.00
2016.06.22 16:29:58.822,1.44771,1.44795,1.12,1.12
2016.06.22 16:29:59.126,1.44769,1.44791,1.50,1.00
2016.06.22 16:29:59.232,1.44771,1.44793,1.37,1.37
2016.06.22 16:29:59.334,1.44771,1.44795,1.50,1.12
2016.06.22 16:29:59.436,1.44771,1.44794,1.12,1.12
2016.06.22 16:29:59.712,1.44777,1.44802,1.12,1.12
2016.06.22 16:29:59.813,1.44776,1.44801,1.37,1.12
2016.06.22 16:29:59.915,1.44776,1.44799,1.12,1.12
2016.06.22 16:30:00.017,1.44777,1.44801,1.87,1.12
2016.06.22 16:30:00.120,1.44779,1.44804,3.37,1.37
2016.06.22 16:30:00.225,1.44782,1.44806,1.12,1.12
2016.06.22 16:30:00.429,1.44783,1.44809,1.87,1.75
2016.06.22 16:30:00.552,1.44788,1.44813,1.12,2.32
2016.06.22 16:30:00.863,1.44785,1.4481,1.12,2.25
2016.06.22 16:30:00.914,1.44783,1.44807,1.12,1.12
2016.06.22 16:30:01.015,1.44781,1.44806,1.87,1.12
2016.06.22 16:30:01.269,1.44781,1.44804,1.00,1.12
2016.06.22 16:30:01.543,1.44777,1.44802,1.12,1.87
2016.06.22 16:30:01.595,1.44776,1.448,1.37,1.12
2016.06.22 16:30:01.852,1.44773,1.44798,1.12,1.12
2016.06.22 16:30:02.106,1.44779,1.44802,1.12,1.12
2016.06.22 16:30:02.430,1.44775,1.44801,1.75,1.12
2016.06.22 16:30:02.531,1.44775,1.44798,1.12,1.00
2016.06.22 16:30:02.835,1.44775,1.44796,1.12,1.00
2016.06.22 16:30:03.139,1.44769,1.44794,1.12,1.12
2016.06.22 16:30:03.481,1.44775,1.44794,1.00,1.12
2016.06.22 16:30:03.634,1.44774,1.44797,1.87,1.37
2016.06.22 16:30:04.141,1.44774,1.44799,1.87,2.25
2016.06.22 16:30:04.243,1.44773,1.44796,1.50,1.50
2016.06.22 16:30:04.446,1.44771,1.44794,1.00,1.12
2016.06.22 16:30:05.227,1.44772,1.44794,1.00,1.12
2016.06.22 16:30:05.733,1.4477,1.44792,1.87,1.00
2016.06.22 16:30:05.961,1.44771,1.44792,1.87,1.00
2016.06.22 16:30:06.063,1.44771,1.44792,1.87,1.00
2016.06.22 16:30:06.214,1.44773,1.44792,1.00,1.00
2016.06.22 16:30:06.316,1.44771,1.44792,1.12,1.00
2016.06.22 16:30:07.502,1.44772,1.44794,1.00,1.75
2016.06.22 16:30:08.233,1.44773,1.44794,1.00,1.12
2016.06.22 16:30:08.335,1.44771,1.44794,1.12,1.12
2016.06.22 16:30:08.386,1.44773,1.44794,1.00,1.12
2016.06.22 16:30:08.588,1.44771,1.44794,1.12,2.62
2016.06.22 16:30:08.639,1.44771,1.44793,1.00,1.12
2016.06.22 16:30:08.792,1.44768,1.4479,1.50,1.87
2016.06.22 16:30:08.940,1.44767,1.4479,1.12,2.25
2016.06.22 16:30:09.042,1.44766,1.44789,1.12,1.20
2016.06.22 16:30:10.056,1.44766,1.44785,1.00,1.12
2016.06.22 16:30:10.232,1.44764,1.44789,1.87,1.87
2016.06.22 16:30:10.283,1.44765,1.4479,1.12,1.37
2016.06.22 16:30:10.334,1.44767,1.44791,1.12,1.50
2016.06.22 16:30:11.364,1.44768,1.44791,1.87,1.12
2016.06.22 16:30:11.668,1.44774,1.44795,1.00,1.00
2016.06.22 16:30:11.720,1.44774,1.44797,1.00,3.00
2016.06.22 16:30:12.025,1.44771,1.44796,1.12,1.87
2016.06.22 16:30:12.076,1.4477,1.44795,1.12,1.12
2016.06.22 16:30:12.664,1.4477,1.44793,1.00,1.12
2016.06.22 16:30:12.969,1.44768,1.44789,1.37,2.62
2016.06.22 16:30:13.248,1.44767,1.4479,1.12,1.12
2016.06.22 16:30:14.665,1.44763,1.44788,1.75,1.87
2016.06.22 16:30:14.716,1.44764,1.44784,1.00,1.12
2016.06.22 16:30:14.919,1.44766,1.4479,1.12,1.12
2016.06.22 16:30:14.970,1.44766,1.44791,1.87,1.87
2016.06.22 16:30:15.021,1.44769,1.44791,1.00,1.00
2016.06.22 16:30:15.376,1.4477,1.44794,1.50,1.37
2016.06.22 16:30:16.467,1.44768,1.44793,1.87,1.37
2016.06.22 16:30:16.518,1.44768,1.44792,1.50,1.12
2016.06.22 16:30:16.872,1.44769,1.4479,1.12,1.12
2016.06.22 16:30:17.025,1.44769,1.44793,1.50,1.20
2016.06.22 16:30:17.124,1.44768,1.4479,2.25,1.37
2016.06.22 16:30:17.532,1.4477,1.4479,1.00,1.37
2016.06.22 16:30:19.907,1.44769,1.4479,1.00,1.87
2016.06.22 16:30:21.250,1.44771,1.4479,1.00,1.37
2016.06.22 16:30:23.172,1.44771,1.44792,1.00,1.50
2016.06.22 16:30:23.540,1.4477,1.44791,1.00,1.75
2016.06.22 16:30:23.642,1.44765,1.44788,3.00,1.50
2016.06.22 16:30:23.845,1.44765,1.44788,1.12,2.62
2016.06.22 16:30:24.149,1.44769,1.44789,1.00,1.12
2016.06.22 16:30:24.251,1.44772,1.44793,1.00,3.00
2016.06.22 16:30:24.352,1.4477,1.44786,1.12,1.00
2016.06.22 16:30:24.404,1.4477,1.44789,1.12,1.00
2016.06.22 16:30:24.455,1.44766,1.44789,1.50,3.00
2016.06.22 16:30:24.586,1.44761,1.44785,1.50,1.12
2016.06.22 16:30:24.687,1.44759,1.44783,1.12,1.12
2016.06.22 16:30:25.725,1.44765,1.44783,1.00,1.12
2016.06.22 16:30:25.850,1.44762,1.44783,1.00,1.87
2016.06.22 16:30:26.056,1.4476,1.44783,1.00,1.12
2016.06.22 16:30:26.107,1.4476,1.44784,1.50,1.12
2016.06.22 16:30:26.614,1.4476,1.44783,1.87,1.12
2016.06.22 16:30:27.174,1.44759,1.44783,1.37,1.75
2016.06.22 16:30:27.481,1.44751,1.44773,1.95,1.12
2016.06.22 16:30:27.987,1.44753,1.44773,1.37,1.00
2016.06.22 16:30:30.698,1.44753,1.44775,1.37,1.50
2016.06.22 16:30:31.206,1.44753,1.44774,1.37,1.00
2016.06.22 16:30:31.560,1.44752,1.44773,1.00,1.87
2016.06.22 16:30:31.661,1.44752,1.44773,1.12,1.12
2016.06.22 16:30:32.180,1.44753,1.44772,1.00,1.00
2016.06.22 16:30:32.869,1.4475,1.44769,1.87,1.00
2016.06.22 16:30:33.415,1.44753,1.44771,1.00,1.12
2016.06.22 16:30:33.669,1.44753,1.44772,1.00,1.00
2016.06.22 16:30:34.176,1.44753,1.44773,1.00,1.00
2016.06.22 16:30:34.430,1.44757,1.44775,1.00,1.37
2016.06.22 16:30:34.692,1.44759,1.44779,1.00,1.12
2016.06.22 16:30:34.845,1.44757,1.4478,1.12,1.37
2016.06.22 16:30:35.250,1.44759,1.44779,1.00,1.12
2016.06.22 16:30:37.975,1.44758,1.44777,1.00,1.00
2016.06.22 16:30:38.279,1.44763,1.4478,1.00,1.12
2016.06.22 16:30:38.381,1.44765,1.44781,1.00,1.12
2016.06.22 16:30:38.483,1.44761,1.4478,1.00,1.31
2016.06.22 16:30:38.585,1.4476,1.44779,1.50,1.37
2016.06.22 16:30:39.114,1.4476,1.44779,1.00,1.87
2016.06.22 16:30:39.557,1.44756,1.44778,1.50,1.50
2016.06.22 16:30:43.111,1.44756,1.44778,1.37,1.37
2016.06.22 16:30:43.213,1.44757,1.44779,1.50,1.12
2016.06.22 16:30:43.731,1.44757,1.44778,1.50,1.00
2016.06.22 16:30:47.890,1.44756,1.44776,1.87,1.00
2016.06.22 16:30:48.395,1.44756,1.44775,1.12,1.00
2016.06.22 16:30:48.558,1.44757,1.44777,1.50,1.00
2016.06.22 16:30:48.660,1.44761,1.44781,1.00,2.62
2016.06.22 16:30:48.966,1.44766,1.44787,2.62,1.50
2016.06.22 16:30:49.019,1.44767,1.44792,1.12,1.87
2016.06.22 16:30:49.297,1.44766,1.44789,1.12,1.12
2016.06.22 16:30:49.826,1.44767,1.44787,1.00,1.12
2016.06.22 16:30:52.338,1.44767,1.44787,1.75,1.00
2016.06.22 16:30:53.098,1.4477,1.4479,1.12,1.00
2016.06.22 16:30:53.562,1.4477,1.4479,1.00,1.50
2016.06.22 16:30:57.895,1.44774,1.4479,1.00,1.12
2016.06.22 16:30:58.048,1.44773,1.44791,1.00,1.00
2016.06.22 16:30:58.099,1.44771,1.4479,1.00,1.00
2016.06.22 16:30:58.904,1.44772,1.44792,1.00,1.50
2016.06.22 16:30:59.410,1.44771,1.44791,1.00,1.00
2016.06.22 16:30:59.899,1.4477,1.44789,1.00,1.00
2016.06.22 16:31:00.203,1.44763,1.44781,1.87,1.00
2016.06.22 16:31:00.356,1.44756,1.4478,3.75,1.12
2016.06.22 16:31:01.236,1.44761,1.4478,1.00,1.87
2016.06.22 16:31:01.742,1.44763,1.4478,1.00,1.12
2016.06.22 16:31:01.895,1.44764,1.44783,1.00,1.50
2016.06.22 16:31:03.438,1.4476,1.44779,1.50,1.00
2016.06.22 16:31:03.489,1.4476,1.44779,1.12,1.00
2016.06.22 16:31:03.642,1.44764,1.44781,1.00,1.12
2016.06.22 16:31:03.950,1.4476,1.44779,1.87,1.12
2016.06.22 16:31:04.002,1.4476,1.44779,1.87,1.12
2016.06.22 16:31:04.053,1.44765,1.44789,1.12,1.00
2016.06.22 16:31:04.155,1.44763,1.44786,1.00,1.12
2016.06.22 16:31:04.257,1.44763,1.44789,1.50,1.37
2016.06.22 16:31:04.765,1.44761,1.44789,1.50,1.12
2016.06.22 16:31:04.840,1.44761,1.44783,1.00,1.37
2016.06.22 16:31:04.891,1.44761,1.44784,1.50,1.37
2016.06.22 16:31:05.399,1.44761,1.44786,1.87,1.37
2016.06.22 16:31:05.702,1.44764,1.44783,1.00,1.12
2016.06.22 16:31:06.007,1.44754,1.44775,1.87,1.12
2016.06.22 16:31:06.058,1.44754,1.44775,1.12,1.12
2016.06.22 16:31:06.594,1.44755,1.44776,1.00,1.50
2016.06.22 16:31:06.847,1.44758,1.44779,1.00,1.75
2016.06.22 16:31:06.899,1.44758,1.44779,1.12,1.00
2016.06.22 16:31:07.254,1.44756,1.44779,2.62,1.50
2016.06.22 16:31:07.793,1.44756,1.44779,1.87,1.87
2016.06.22 16:31:08.147,1.44758,1.44779,1.00,1.87
2016.06.22 16:31:08.249,1.44756,1.44777,1.87,1.12
2016.06.22 16:31:09.413,1.44756,1.44773,1.12,1.00
2016.06.22 16:31:09.566,1.44752,1.44773,1.50,1.00
2016.06.22 16:31:09.820,1.44751,1.44771,2.25,1.00
2016.06.22 16:31:10.074,1.44749,1.4477,1.50,1.00
2016.06.22 16:31:11.144,1.44749,1.44771,1.87,1.50
2016.06.22 16:31:11.549,1.44751,1.44772,2.62,1.37
2016.06.22 16:31:12.308,1.44751,1.44772,2.62,1.00
2016.06.22 16:31:12.685,1.44749,1.4477,1.87,1.12
2016.06.22 16:31:12.786,1.4475,1.44771,1.00,1.50
2016.06.22 16:31:13.141,1.44748,1.44767,1.50,1.00
2016.06.22 16:31:13.445,1.44743,1.44763,1.00,1.12
2016.06.22 16:31:15.421,1.44743,1.44764,1.00,1.87
2016.06.22 16:31:15.943,1.44743,1.44764,1.00,1.50
2016.06.22 16:31:16.467,1.44743,1.44762,1.00,1.00
2016.06.22 16:31:17.937,1.44742,1.44761,1.12,1.00
2016.06.22 16:31:18.443,1.44742,1.44761,1.50,1.00
2016.06.22 16:31:19.501,1.44749,1.44765,1.00,1.12
2016.06.22 16:31:19.603,1.44751,1.44768,1.00,1.12
2016.06.22 16:31:19.705,1.44752,1.44769,1.00,1.50
2016.06.22 16:31:19.857,1.4475,1.44769,1.00,1.87
2016.06.22 16:31:20.161,1.44752,1.44769,1.00,1.37
2016.06.22 16:31:20.710,1.44751,1.44772,1.00,1.69
2016.06.22 16:31:21.778,1.44753,1.44772,1.00,2.06
2016.06.22 16:31:22.310,1.44752,1.44771,1.00,1.69
2016.06.22 16:31:22.361,1.44749,1.44768,1.00,1.12
2016.06.22 16:31:23.384,1.44749,1.44768,1.00,1.87
2016.06.22 16:31:24.768,1.4475,1.44768,1.00,1.12
2016.06.22 16:31:24.920,1.4475,1.44769,1.00,1.12
2016.06.22 16:31:25.443,1.44751,1.4477,1.00,1.50
2016.06.22 16:31:27.474,1.44748,1.44765,1.00,1.00
2016.06.22 16:31:27.777,1.44745,1.44763,1.00,1.12
2016.06.22 16:31:27.930,1.44745,1.44765,1.37,1.12
2016.06.22 16:31:27.981,1.44744,1.44762,1.37,1.00
2016.06.22 16:31:28.032,1.44743,1.44762,1.00,1.00
2016.06.22 16:31:28.083,1.44741,1.44765,1.12,1.12
2016.06.22 16:31:28.221,1.44741,1.44764,1.00,1.75
2016.06.22 16:31:28.324,1.44739,1.44762,1.00,1.37
2016.06.22 16:31:29.158,1.44741,1.44762,1.00,1.87
2016.06.22 16:31:30.891,1.44741,1.44762,1.37,1.87
2016.06.22 16:31:31.093,1.44744,1.44764,1.00,1.12
2016.06.22 16:31:32.184,1.44745,1.44765,1.00,1.50
2016.06.22 16:31:32.639,1.44744,1.44763,1.00,1.75
2016.06.22 16:31:32.967,1.44742,1.4476,1.00,1.12
2016.06.22 16:31:33.119,1.44743,1.44764,2.25,1.00
2016.06.22 16:31:33.221,1.44743,1.44764,1.12,1.12
2016.06.22 16:31:33.272,1.44744,1.44763,1.37,1.00
2016.06.22 16:31:33.475,1.44746,1.44766,1.00,1.12
2016.06.22 16:31:34.393,1.44747,1.44767,1.00,1.50
2016.06.22 16:31:35.377,1.44746,1.44765,1.00,1.00
2016.06.22 16:31:35.970,1.44745,1.44764,1.12,1.00
2016.06.22 16:31:36.679,1.44746,1.44766,1.12,1.12
2016.06.22 16:31:36.781,1.44748,1.44767,1.00,1.50
2016.06.22 16:31:37.084,1.4475,1.44768,1.00,1.00
2016.06.22 16:31:38.193,1.44749,1.4477,1.12,1.00
2016.06.22 16:31:38.294,1.44752,1.4477,1.00,1.00
2016.06.22 16:31:38.597,1.4475,1.44769,1.00,1.00
2016.06.22 16:31:38.765,1.44749,1.44767,1.12,1.00
2016.06.22 16:31:40.373,1.44751,1.44769,1.00,1.00
2016.06.22 16:31:40.682,1.44755,1.44775,1.56,1.75
2016.06.22 16:31:40.835,1.44758,1.44775,1.25,1.00
2016.06.22 16:31:40.886,1.44759,1.44775,1.56,1.50
2016.06.22 16:31:40.988,1.44754,1.44777,1.37,2.62
2016.06.22 16:31:41.039,1.44752,1.44774,1.37,1.00
2016.06.22 16:31:41.092,1.44752,1.44774,1.12,1.00
2016.06.22 16:31:41.244,1.44749,1.44773,1.50,1.12
2016.06.22 16:31:42.216,1.44751,1.44773,1.00,1.87
2016.06.22 16:31:42.419,1.44751,1.44772,1.87,1.00
2016.06.22 16:31:42.521,1.44751,1.44772,1.00,1.50
2016.06.22 16:31:43.199,1.4475,1.44771,1.12,1.12
2016.06.22 16:31:43.705,1.44754,1.44773,1.00,1.12
2016.06.22 16:31:43.807,1.44752,1.44773,1.00,1.12
2016.06.22 16:31:43.909,1.44755,1.44777,1.00,1.87
2016.06.22 16:31:44.078,1.44757,1.44777,1.00,1.12
2016.06.22 16:31:44.603,1.44756,1.44777,1.00,1.87
2016.06.22 16:31:45.009,1.44754,1.44777,1.00,1.12
2016.06.22 16:31:45.111,1.44762,1.44777,1.00,1.12
2016.06.22 16:31:45.162,1.44762,1.4478,1.00,1.12
2016.06.22 16:31:45.323,1.44761,1.44782,1.00,1.50
2016.06.22 16:31:47.403,1.44762,1.44783,1.00,1.87
2016.06.22 16:31:48.124,1.44759,1.4478,1.12,1.50
2016.06.22 16:31:48.665,1.44758,1.44779,1.00,1.12
2016.06.22 16:31:49.121,1.44758,1.44779,1.87,1.00
2016.06.22 16:31:49.644,1.44759,1.4478,1.50,1.00
2016.06.22 16:31:50.419,1.44761,1.44782,1.00,2.62
2016.06.22 16:31:51.121,1.44759,1.44782,1.12,2.25
2016.06.22 16:31:51.440,1.44763,1.44783,1.00,2.25
2016.06.22 16:31:51.643,1.44763,1.44783,1.12,1.12
2016.06.22 16:31:52.167,1.44764,1.44783,1.00,1.00
2016.06.22 16:31:52.319,1.44761,1.44782,1.50,1.12
2016.06.22 16:31:52.875,1.44761,1.44781,1.00,1.00
2016.06.22 16:31:53.421,1.44762,1.44784,1.00,1.87
2016.06.22 16:31:53.623,1.44762,1.44784,1.50,1.37
2016.06.22 16:31:53.827,1.44764,1.44785,1.12,1.12
2016.06.22 16:31:53.928,1.44766,1.44785,1.37,1.00
2016.06.22 16:31:54.030,1.44766,1.44787,1.37,1.00
2016.06.22 16:31:54.569,1.44766,1.44787,1.00,1.50
2016.06.22 16:31:55.076,1.44767,1.44787,1.00,1.50
2016.06.22 16:31:55.330,1.44765,1.44784,1.00,1.00
2016.06.22 16:31:55.877,1.44765,1.44787,1.12,2.62
2016.06.22 16:31:56.080,1.4476,1.44782,1.37,1.00
2016.06.22 16:31:56.792,1.4476,1.44782,1.00,1.00
2016.06.22 16:31:57.340,1.44762,1.44782,1.00,1.00
2016.06.22 16:31:59.031,1.4476,1.44779,1.00,1.00
2016.06.22 16:31:59.183,1.44757,1.44777,1.00,1.00
2016.06.22 16:31:59.690,1.44758,1.44778,1.00,1.12
2016.06.22 16:32:01.032,1.44757,1.44777,1.00,1.00
2016.06.22 16:32:01.605,1.44758,1.44778,1.00,1.12
2016.06.22 16:32:01.656,1.44756,1.44775,1.50,1.00
2016.06.22 16:32:01.961,1.44759,1.44779,1.12,1.00
2016.06.22 16:32:02.063,1.44758,1.44777,1.37,1.00
2016.06.22 16:32:02.267,1.44754,1.44778,1.12,1.87
2016.06.22 16:32:02.676,1.44751,1.44775,1.87,1.37
2016.06.22 16:32:02.727,1.44751,1.44773,1.12,1.37
2016.06.22 16:32:02.829,1.44751,1.44774,1.12,1.37
2016.06.22 16:32:02.889,1.44748,1.44772,1.37,1.37
2016.06.22 16:32:03.345,1.44752,1.4477,1.00,1.00
2016.06.22 16:32:04.156,1.44752,1.44771,1.00,1.12
2016.06.22 16:32:04.684,1.44753,1.44771,1.00,1.12
2016.06.22 16:32:05.060,1.44749,1.4477,1.12,1.00
2016.06.22 16:32:05.111,1.44749,1.44769,1.00,1.12
2016.06.22 16:32:05.259,1.44749,1.4477,1.12,1.12
2016.06.22 16:32:05.513,1.4475,1.4477,1.12,1.00
2016.06.22 16:32:06.022,1.44751,1.44772,1.50,1.37
2016.06.22 16:32:06.665,1.44752,1.44773,1.12,1.50
2016.06.22 16:32:06.767,1.44753,1.44774,1.37,1.37
2016.06.22 16:32:07.273,1.44753,1.44774,1.87,1.00
2016.06.22 16:32:07.679,1.44753,1.44772,1.87,1.00
2016.06.22 16:32:07.894,1.44753,1.44771,1.00,1.00
2016.06.22 16:32:10.246,1.44748,1.44766,2.25,1.00
2016.06.22 16:32:10.348,1.4475,1.44769,1.12,1.50
2016.06.22 16:32:10.450,1.44758,1.44768,1.00,1.00
2016.06.22 16:32:10.653,1.44757,1.44778,1.12,1.12
2016.06.22 16:32:11.467,1.44759,1.44779,1.00,1.37
2016.06.22 16:32:12.287,1.44761,1.4478,1.00,1.75
2016.06.22 16:32:12.727,1.44761,1.44782,1.00,1.50
2016.06.22 16:32:13.234,1.44762,1.44783,1.00,2.25
2016.06.22 16:32:18.371,1.4476,1.44776,1.31,1.00
2016.06.22 16:32:18.700,1.44753,1.44772,2.06,1.00
2016.06.22 16:32:18.801,1.44753,1.44772,1.00,1.00
2016.06.22 16:32:19.864,1.44755,1.44773,1.00,1.00
2016.06.22 16:32:20.968,1.44755,1.44774,1.00,1.00
2016.06.22 16:32:21.884,1.44756,1.44775,1.00,1.50
2016.06.22 16:32:22.405,1.44755,1.44774,1.00,1.00
2016.06.22 16:32:22.913,1.44756,1.44775,1.00,1.12
2016.06.22 16:32:23.874,1.44758,1.44775,1.00,1.12
2016.06.22 16:32:24.308,1.44759,1.44777,1.00,1.00
2016.06.22 16:32:26.512,1.44758,1.44777,1.00,1.12
2016.06.22 16:32:27.418,1.44759,1.44779,1.00,2.25
2016.06.22 16:32:28.305,1.44757,1.44779,1.00,1.75
2016.06.22 16:32:31.380,1.44756,1.44777,1.12,1.50
2016.06.22 16:32:32.288,1.44755,1.44775,1.50,1.00
2016.06.22 16:32:32.541,1.44754,1.44774,1.00,1.00
2016.06.22 16:32:32.592,1.44753,1.44772,1.69,1.00
2016.06.22 16:32:33.131,1.44753,1.44772,2.44,1.00
2016.06.22 16:32:33.182,1.44756,1.44774,1.00,1.12
2016.06.22 16:32:33.970,1.44756,1.44776,1.00,1.00
2016.06.22 16:32:36.099,1.44758,1.44777,1.00,1.87
2016.06.22 16:32:36.624,1.44759,1.44777,1.00,1.37
2016.06.22 16:32:39.643,1.44758,1.44777,1.00,1.50
2016.06.22 16:32:40.709,1.44758,1.44777,1.56,1.50
2016.06.22 16:32:41.226,1.44758,1.44776,1.31,1.12
2016.06.22 16:32:41.833,1.44756,1.44775,2.06,1.00
2016.06.22 16:32:42.002,1.44756,1.44772,1.56,1.00
2016.06.22 16:32:44.233,1.44754,1.44774,2.06,1.12
2016.06.22 16:32:44.335,1.44756,1.44774,1.31,1.00
2016.06.22 16:32:44.841,1.44755,1.44774,1.50,1.00
2016.06.22 16:32:45.230,1.44758,1.44774,1.00,1.00
2016.06.22 16:32:45.535,1.44758,1.44775,1.56,1.00
2016.06.22 16:32:47.057,1.44758,1.44777,2.06,1.50
2016.06.22 16:32:47.463,1.4476,1.44779,1.31,1.12
2016.06.22 16:32:48.639,1.44758,1.44777,1.69,1.00
2016.06.22 16:32:48.717,1.44758,1.44776,1.25,1.00
2016.06.22 16:32:49.223,1.44758,1.44777,1.31,1.12
2016.06.22 16:32:50.434,1.44757,1.44776,1.56,1.00
2016.06.22 16:32:53.257,1.44759,1.44778,1.00,1.87
2016.06.22 16:32:53.359,1.44761,1.44779,1.00,1.12
2016.06.22 16:32:53.461,1.44761,1.4478,1.00,1.00
2016.06.22 16:32:55.724,1.4476,1.44779,1.12,1.00
2016.06.22 16:32:58.990,1.4476,1.44779,1.31,1.37
2016.06.22 16:32:59.142,1.44758,1.44777,1.31,1.00
2016.06.22 16:32:59.724,1.44759,1.44777,1.00,1.00
2016.06.22 16:33:01.129,1.44758,1.44777,1.00,1.00
2016.06.22 16:33:01.648,1.44759,1.44777,1.00,1.00
2016.06.22 16:33:02.660,1.44756,1.44775,1.62,1.00
2016.06.22 16:33:02.963,1.44753,1.44773,1.12,1.00
2016.06.22 16:33:03.297,1.44756,1.44775,1.56,1.12
2016.06.22 16:33:04.367,1.44762,1.44777,1.31,1.12
2016.06.22 16:33:04.468,1.44762,1.44779,1.12,1.50
2016.06.22 16:33:04.718,1.44761,1.44779,1.31,1.50
2016.06.22 16:33:04.972,1.44759,1.44776,1.87,1.00
2016.06.22 16:33:05.764,1.44761,1.44777,1.56,1.00
2016.06.22 16:33:06.782,1.4476,1.44779,1.87,1.50
2016.06.22 16:33:07.290,1.44761,1.44777,1.56,1.00
2016.06.22 16:33:09.039,1.44761,1.44776,1.56,1.00
2016.06.22 16:33:09.444,1.44761,1.44777,1.31,1.00
2016.06.22 16:33:10.019,1.44759,1.44777,1.87,1.87
2016.06.22 16:33:10.120,1.44759,1.44777,1.87,1.00
2016.06.22 16:33:10.776,1.4476,1.4478,1.56,1.87
2016.06.22 16:33:11.888,1.44759,1.44776,1.87,1.00
2016.06.22 16:33:12.381,1.44759,1.44779,1.87,1.50
2016.06.22 16:33:13.087,1.44759,1.44777,1.12,1.00
2016.06.22 16:33:13.695,1.4476,1.44779,1.56,1.50
2016.06.22 16:33:13.872,1.44762,1.44781,1.87,1.50
2016.06.22 16:33:14.176,1.44764,1.44777,1.00,1.12
2016.06.22 16:33:14.227,1.44764,1.44785,1.37,1.12
2016.06.22 16:33:14.329,1.44765,1.44787,2.06,1.50
2016.06.22 16:33:14.430,1.44767,1.44785,1.00,1.37
2016.06.22 16:33:14.633,1.44757,1.44781,2.06,1.87
2016.06.22 16:33:14.811,1.44762,1.44781,1.12,1.12
2016.06.22 16:33:14.963,1.44758,1.44781,1.62,1.12
2016.06.22 16:33:15.065,1.44762,1.44781,1.12,1.12
2016.06.22 16:33:15.389,1.44764,1.44781,1.87,1.12
2016.06.22 16:33:15.643,1.44763,1.44785,2.44,1.12
2016.06.22 16:33:15.695,1.44768,1.44785,1.00,1.12
2016.06.22 16:33:15.746,1.44768,1.44789,1.87,1.12
2016.06.22 16:33:15.848,1.44767,1.44789,1.00,1.12
2016.06.22 16:33:16.350,1.44765,1.44789,2.06,1.12
2016.06.22 16:33:16.706,1.44767,1.44789,1.37,1.12
2016.06.22 16:33:16.959,1.44767,1.44789,3.19,1.12
2016.06.22 16:33:17.060,1.44769,1.4479,1.37,1.00
2016.06.22 16:33:17.597,1.44769,1.44791,1.12,1.87
2016.06.22 16:33:17.921,1.44769,1.44791,1.37,1.87
2016.06.22 16:33:19.907,1.44768,1.4479,2.25,1.50
2016.06.22 16:33:21.922,1.44768,1.4479,2.25,1.50
2016.06.22 16:33:22.934,1.44768,1.4479,2.25,1.50
2016.06.22 16:33:23.210,1.44771,1.4479,1.12,1.12
2016.06.22 16:33:23.415,1.44773,1.44792,1.37,1.50
2016.06.22 16:33:24.135,1.44773,1.44795,1.50,1.50
2016.06.22 16:33:24.443,1.44773,1.44795,1.50,1.50
2016.06.22 16:33:25.285,1.44776,1.44795,1.50,1.00
2016.06.22 16:33:25.590,1.4479,1.44804,4.12,1.12
2016.06.22 16:33:25.642,1.4479,1.44814,5.25,1.12
2016.06.22 16:33:25.743,1.44795,1.44815,1.00,1.00
2016.06.22 16:33:26.273,1.44795,1.44818,1.50,1.12
2016.06.22 16:33:26.374,1.44796,1.44821,1.50,1.37
2016.06.22 16:33:26.831,1.44802,1.44822,1.37,1.00
2016.06.22 16:33:27.038,1.44804,1.44828,1.12,1.87
2016.06.22 16:33:27.238,1.44807,1.44831,1.75,1.57
2016.06.22 16:33:27.542,1.44819,1.44833,1.50,1.00
2016.06.22 16:33:27.645,1.44818,1.44841,1.87,1.50
2016.06.22 16:33:27.696,1.44818,1.44834,1.12,1.00
2016.06.22 16:33:27.747,1.44817,1.44834,1.87,1.00
2016.06.22 16:33:27.850,1.44808,1.4483,1.37,1.12
2016.06.22 16:33:28.053,1.44811,1.44831,1.50,1.37
2016.06.22 16:33:28.104,1.44811,1.44833,1.87,1.12
2016.06.22 16:33:28.155,1.44811,1.44836,3.37,1.12
2016.06.22 16:33:28.611,1.44814,1.44836,2.25,1.12
2016.06.22 16:33:28.916,1.44821,1.44841,1.37,1.12
2016.06.22 16:33:29.261,1.44816,1.44838,1.87,1.87
2016.06.22 16:33:29.377,1.44811,1.44833,1.37,1.87
2016.06.22 16:33:29.686,1.44809,1.44831,1.37,1.12
2016.06.22 16:33:30.141,1.44804,1.44826,1.87,1.12
2016.06.22 16:33:30.300,1.44802,1.4482,1.12,1.00
2016.06.22 16:33:30.351,1.44798,1.44816,1.37,1.00
2016.06.22 16:33:30.452,1.44797,1.44819,1.12,1.00
2016.06.22 16:33:30.554,1.44795,1.4482,1.50,1.87
2016.06.22 16:33:30.656,1.44795,1.44814,1.50,1.00
2016.06.22 16:33:31.062,1.44793,1.44814,1.00,1.00
2016.06.22 16:33:31.164,1.44791,1.44812,2.29,1.00
2016.06.22 16:33:31.474,1.44791,1.44816,1.12,1.87
2016.06.22 16:33:32.339,1.44791,1.44811,1.87,1.00
2016.06.22 16:33:32.441,1.44791,1.44811,1.87,1.00
2016.06.22 16:33:32.581,1.44788,1.4481,1.29,1.50
2016.06.22 16:33:32.683,1.44784,1.44808,1.87,2.25
2016.06.22 16:33:32.787,1.44786,1.44807,1.12,1.87
2016.06.22 16:33:33.042,1.44779,1.44804,1.92,1.47
2016.06.22 16:33:33.418,1.44781,1.44804,1.50,1.37
2016.06.22 16:33:33.724,1.44785,1.44809,1.37,1.12
2016.06.22 16:33:34.245,1.44785,1.44808,1.12,1.12
2016.06.22 16:33:34.704,1.4479,1.44807,1.00,1.12
2016.06.22 16:33:34.755,1.4479,1.4481,1.00,1.37
2016.06.22 16:33:34.958,1.44791,1.44814,1.12,1.12
2016.06.22 16:33:35.111,1.44794,1.44815,1.12,1.37
2016.06.22 16:33:35.163,1.44794,1.44817,1.12,1.12
2016.06.22 16:33:35.214,1.44795,1.44818,1.37,1.37
2016.06.22 16:33:35.265,1.44795,1.44819,1.50,1.37
2016.06.22 16:33:35.519,1.44794,1.44819,1.50,1.12
2016.06.22 16:33:35.851,1.44789,1.44811,1.75,1.75
2016.06.22 16:33:35.902,1.44785,1.44807,1.00,1.12
2016.06.22 16:33:36.310,1.44784,1.44807,1.12,1.12
2016.06.22 16:33:36.514,1.44785,1.4481,1.95,1.12
2016.06.22 16:33:37.091,1.44789,1.4481,1.00,1.12
2016.06.22 16:33:37.243,1.4479,1.44814,1.50,1.12
2016.06.22 16:33:37.345,1.44793,1.44816,1.50,1.50
2016.06.22 16:33:37.396,1.44793,1.44816,1.20,1.00
2016.06.22 16:33:37.649,1.44792,1.44816,1.29,1.12
2016.06.22 16:33:37.928,1.44792,1.44816,1.00,1.87
2016.06.22 16:33:38.461,1.44793,1.44816,1.00,1.12
2016.06.22 16:33:38.562,1.44793,1.44818,2.25,1.87
2016.06.22 16:33:38.866,1.44797,1.44818,1.00,1.12
2016.06.22 16:33:39.697,1.44793,1.44818,3.37,1.12
2016.06.22 16:33:40.266,1.44793,1.44814,1.50,1.12
2016.06.22 16:33:40.368,1.44793,1.44816,1.87,1.12
2016.06.22 16:33:40.544,1.44796,1.44816,1.00,1.12
2016.06.22 16:33:43.037,1.44793,1.44815,1.12,1.50
2016.06.22 16:33:43.635,1.44795,1.44816,1.00,1.12
2016.06.22 16:33:44.128,1.44799,1.44816,1.00,1.12
2016.06.22 16:33:44.188,1.44799,1.44819,1.00,1.87
2016.06.22 16:33:44.832,1.44798,1.44819,1.00,1.12
2016.06.22 16:33:46.439,1.44799,1.44819,1.00,1.12
2016.06.22 16:33:46.613,1.44803,1.44819,1.00,1.12
2016.06.22 16:33:46.664,1.44803,1.44822,1.00,1.12
2016.06.22 16:33:46.715,1.44803,1.44825,1.12,2.62
2016.06.22 16:33:46.818,1.44805,1.44825,1.00,1.50
2016.06.22 16:33:47.139,1.44802,1.44826,1.50,1.87
2016.06.22 16:33:48.357,1.44805,1.44826,1.00,1.75
2016.06.22 16:33:48.562,1.44802,1.44826,1.50,2.25
2016.06.22 16:33:49.111,1.44804,1.44826,1.00,1.12
2016.06.22 16:33:49.189,1.44806,1.44826,1.00,1.12
2016.06.22 16:33:49.496,1.44802,1.44821,1.37,1.00
2016.06.22 16:33:49.665,1.448,1.44823,1.12,2.25
2016.06.22 16:33:49.716,1.44799,1.44822,1.37,1.12
2016.06.22 16:33:49.919,1.448,1.44821,1.00,1.00
2016.06.22 16:33:49.971,1.448,1.44821,1.37,1.00
2016.06.22 16:33:50.276,1.44802,1.44826,1.00,1.87
2016.06.22 16:33:51.136,1.44803,1.44826,1.00,1.12
2016.06.22 16:33:51.288,1.44799,1.44824,2.62,2.25
2016.06.22 16:33:51.592,1.448,1.4482,1.00,1.00
2016.06.22 16:33:51.951,1.44802,1.4482,1.00,1.00
2016.06.22 16:33:52.402,1.44802,1.4482,1.00,1.12
2016.06.22 16:33:52.554,1.44804,1.44823,1.00,1.12
2016.06.22 16:33:52.664,1.448,1.44823,1.12,1.12
2016.06.22 16:33:52.883,1.44801,1.44823,1.75,1.12
2016.06.22 16:33:53.086,1.44803,1.44826,1.00,1.12
2016.06.22 16:33:53.829,1.44806,1.44826,1.00,1.12
2016.06.22 16:33:54.438,1.44804,1.44826,1.37,1.12
2016.06.22 16:33:54.688,1.44806,1.4483,1.87,1.12
2016.06.22 16:33:54.993,1.44808,1.44832,1.37,1.12
2016.06.22 16:33:55.461,1.44812,1.44832,1.00,1.12
2016.06.22 16:33:55.844,1.44812,1.44829,1.00,1.12
2016.06.22 16:33:55.895,1.44812,1.44831,1.00,1.12
2016.06.22 16:33:56.413,1.44813,1.44831,1.00,1.12
2016.06.22 16:33:58.575,1.44814,1.44831,1.00,1.12
2016.06.22 16:33:58.691,1.44814,1.44835,1.00,1.87
2016.06.22 16:33:59.235,1.44815,1.44835,1.00,1.37
2016.06.22 16:33:59.649,1.4481,1.4483,2.62,1.00
2016.06.22 16:34:00.090,1.44803,1.44825,1.12,1.12
2016.06.22 16:34:00.141,1.44802,1.44825,1.50,1.12
2016.06.22 16:34:00.243,1.44804,1.44828,3.37,1.87
2016.06.22 16:34:00.547,1.44808,1.44829,1.00,1.12
2016.06.22 16:34:00.851,1.44809,1.44832,1.12,1.12
2016.06.22 16:34:01.581,1.44809,1.44829,1.12,1.00
2016.06.22 16:34:01.633,1.44806,1.44829,2.62,1.50
2016.06.22 16:34:01.734,1.44805,1.44826,1.00,1.12
2016.06.22 16:34:03.029,1.44805,1.44829,3.00,1.87
2016.06.22 16:34:03.131,1.44807,1.44832,2.25,1.37
2016.06.22 16:34:03.182,1.44813,1.44832,1.00,1.37
2016.06.22 16:34:03.234,1.44813,1.44832,1.00,1.00
2016.06.22 16:34:03.285,1.44811,1.44832,1.12,1.00
2016.06.22 16:34:03.488,1.4481,1.44831,1.87,1.37
2016.06.22 16:34:04.067,1.44812,1.44831,1.50,1.37
2016.06.22 16:34:04.472,1.4481,1.44831,1.50,1.37
2016.06.22 16:34:04.675,1.44812,1.44831,1.00,1.37
2016.06.22 16:34:04.878,1.44809,1.4483,1.50,1.37
2016.06.22 16:34:05.030,1.44809,1.44828,1.00,1.12
2016.06.22 16:34:05.267,1.44807,1.44828,1.00,1.87
2016.06.22 16:34:05.470,1.44805,1.44826,1.12,1.12
2016.06.22 16:34:05.521,1.44805,1.44824,1.00,1.00
2016.06.22 16:34:06.075,1.44806,1.44824,1.00,1.00
2016.06.22 16:34:07.184,1.44805,1.44824,1.00,1.00
2016.06.22 16:34:07.604,1.44803,1.44824,1.12,2.25
2016.06.22 16:34:08.043,1.44803,1.44817,1.00,1.00
2016.06.22 16:34:08.094,1.448,1.44816,1.12,1.00
2016.06.22 16:34:08.152,1.44797,1.44816,1.50,1.00
2016.06.22 16:34:08.336,1.44795,1.44817,1.00,1.50
2016.06.22 16:34:08.387,1.44793,1.44813,1.00,1.00
2016.06.22 16:34:08.641,1.44793,1.44816,1.87,1.87
2016.06.22 16:34:08.995,1.44793,1.44816,1.37,1.75
2016.06.22 16:34:09.501,1.44795,1.44814,1.00,1.12
2016.06.22 16:34:09.824,1.44798,1.44814,1.00,1.12
2016.06.22 16:34:09.926,1.448,1.44817,1.00,1.37
2016.06.22 16:34:10.434,1.44799,1.44817,1.00,1.37
2016.06.22 16:34:10.485,1.44796,1.44819,1.37,2.62
2016.06.22 16:34:10.536,1.44796,1.44806,1.50,1.00
2016.06.22 16:34:10.739,1.44786,1.44803,1.00,1.37
2016.06.22 16:34:10.924,1.44787,1.44806,1.00,1.37
2016.06.22 16:34:10.977,1.44786,1.44807,1.75,1.12
2016.06.22 16:34:11.030,1.44788,1.4481,1.12,1.00
2016.06.22 16:34:11.538,1.44791,1.44813,1.00,1.12
2016.06.22 16:34:11.690,1.44793,1.44813,1.00,1.12
2016.06.22 16:34:12.197,1.44794,1.44813,1.00,1.12
2016.06.22 16:34:12.248,1.44793,1.44816,1.12,1.12
2016.06.22 16:34:12.706,1.44795,1.44816,1.00,1.12
2016.06.22 16:34:13.215,1.44796,1.44816,1.00,1.12
2016.06.22 16:34:14.111,1.44798,1.44816,1.37,1.12
2016.06.22 16:34:14.184,1.44797,1.44816,1.00,1.12
2016.06.22 16:34:14.235,1.44795,1.44819,1.87,1.12
2016.06.22 16:34:14.287,1.44799,1.44819,1.00,1.12
2016.06.22 16:34:14.389,1.44795,1.44819,1.50,1.12
2016.06.22 16:34:14.490,1.44798,1.44819,1.00,1.12
2016.06.22 16:34:14.541,1.44798,1.44822,1.87,1.75
2016.06.22 16:34:14.623,1.448,1.44822,1.00,1.75
2016.06.22 16:34:14.676,1.44798,1.44822,1.12,1.75
2016.06.22 16:34:14.879,1.44803,1.44822,1.00,1.75
2016.06.22 16:34:15.031,1.44806,1.44828,2.62,1.00
2016.06.22 16:34:15.537,1.44808,1.44831,1.50,1.12
2016.06.22 16:34:16.071,1.44809,1.44831,1.00,1.12
2016.06.22 16:34:16.628,1.44808,1.44831,1.50,1.12
2016.06.22 16:34:17.103,1.44804,1.44829,1.87,1.75
2016.06.22 16:34:17.154,1.44804,1.44827,1.12,1.37
2016.06.22 16:34:17.559,1.44802,1.44823,1.37,1.00
2016.06.22 16:34:17.610,1.448,1.44823,1.50,1.87
2016.06.22 16:34:17.661,1.448,1.44823,1.00,2.25
2016.06.22 16:34:17.712,1.44799,1.44823,1.00,1.87
2016.06.22 16:34:18.016,1.44801,1.44819,1.50,1.00
2016.06.22 16:34:18.176,1.44802,1.44823,1.00,1.12
2016.06.22 16:34:19.013,1.44804,1.44823,1.00,1.12
2016.06.22 16:34:19.165,1.44804,1.44826,1.50,1.37
2016.06.22 16:34:19.418,1.44806,1.44826,1.00,1.37
2016.06.22 16:34:19.651,1.44803,1.44826,1.87,1.37
2016.06.22 16:34:19.754,1.44805,1.44826,1.00,1.37
2016.06.22 16:34:19.957,1.44805,1.44829,1.87,1.12
2016.06.22 16:34:20.636,1.44807,1.4483,1.87,1.12
2016.06.22 16:34:20.687,1.44807,1.44831,2.25,1.87
2016.06.22 16:34:21.198,1.4481,1.44831,1.00,1.87
2016.06.22 16:34:21.351,1.44808,1.4483,1.12,1.50
2016.06.22 16:34:21.453,1.44813,1.4483,1.00,1.12
2016.06.22 16:34:21.554,1.44813,1.4483,1.00,1.00
2016.06.22 16:34:21.656,1.44818,1.44839,1.00,1.12
2016.06.22 16:34:21.757,1.44815,1.44836,1.00,1.12
2016.06.22 16:34:22.061,1.44812,1.44836,1.50,1.12
2016.06.22 16:34:22.996,1.44815,1.44836,1.00,1.12
2016.06.22 16:34:23.522,1.44816,1.44836,1.00,1.12
2016.06.22 16:34:23.918,1.44818,1.44836,1.00,1.12
2016.06.22 16:34:23.969,1.44818,1.44839,1.00,1.50
2016.06.22 16:34:24.913,1.44819,1.4484,1.00,1.87
2016.06.22 16:34:25.419,1.4482,1.4484,1.00,1.12
2016.06.22 16:34:25.744,1.44818,1.44839,1.00,1.50
2016.06.22 16:34:25.846,1.44814,1.44836,1.87,1.00
2016.06.22 16:34:25.948,1.44811,1.44834,1.50,1.12
2016.06.22 16:34:26.100,1.44809,1.44833,1.00,1.12
2016.06.22 16:34:26.638,1.44808,1.44831,1.87,1.12
2016.06.22 16:34:27.450,1.44825,1.4483,1.00,1.00
2016.06.22 16:34:27.502,1.44821,1.44831,1.00,1.12
2016.06.22 16:34:27.553,1.44825,1.44838,1.00,4.50
2016.06.22 16:34:27.671,1.44828,1.44849,1.50,1.00
2016.06.22 16:34:27.722,1.44827,1.44844,1.12,1.00
2016.06.22 16:34:27.773,1.44825,1.44844,1.50,1.00
2016.06.22 16:34:27.875,1.44821,1.44841,1.00,1.37
2016.06.22 16:34:27.927,1.44818,1.44839,1.12,1.12
2016.06.22 16:34:27.979,1.44818,1.44839,1.00,1.87
2016.06.22 16:34:28.030,1.44816,1.44837,1.00,1.12
2016.06.22 16:34:28.183,1.44814,1.44833,1.00,1.87
2016.06.22 16:34:28.235,1.44808,1.44833,2.25,2.62
2016.06.22 16:34:28.286,1.44808,1.44829,1.12,1.12
2016.06.22 16:34:28.616,1.4481,1.44829,1.00,1.12
2016.06.22 16:34:28.768,1.44807,1.44829,1.12,1.12
2016.06.22 16:34:29.274,1.44805,1.44829,2.25,1.12
2016.06.22 16:34:30.863,1.44804,1.44825,1.12,1.50
2016.06.22 16:34:31.168,1.44785,1.44804,1.00,1.50
2016.06.22 16:34:31.220,1.4478,1.44804,1.87,1.50
2016.06.22 16:34:31.610,1.4478,1.44802,1.00,1.12
2016.06.22 16:34:32.145,1.44777,1.44802,2.25,1.12
2016.06.22 16:34:33.500,1.44777,1.44798,1.12,1.37
2016.06.22 16:34:33.702,1.44777,1.44801,3.00,1.50
2016.06.22 16:34:34.133,1.44774,1.44797,1.50,1.12
2016.06.22 16:34:35.441,1.44775,1.44797,1.00,1.12
2016.06.22 16:34:36.346,1.44772,1.44792,1.75,1.00
2016.06.22 16:34:36.498,1.44772,1.44793,1.00,1.87
2016.06.22 16:34:36.550,1.44775,1.44793,1.00,1.12
2016.06.22 16:34:36.782,1.44769,1.44786,1.00,1.00
2016.06.22 16:34:36.834,1.44764,1.44786,1.50,1.00
2016.06.22 16:34:36.986,1.44766,1.44786,1.00,1.00
2016.06.22 16:34:37.189,1.44775,1.44798,1.50,1.00
2016.06.22 16:34:37.291,1.44776,1.44802,1.12,1.12
2016.06.22 16:34:37.595,1.44779,1.44804,1.37,1.37
2016.06.22 16:34:38.628,1.44782,1.44804,1.00,1.37
2016.06.22 16:34:38.933,1.44787,1.4481,1.12,1.50
2016.06.22 16:34:38.984,1.44783,1.44807,2.25,1.12
2016.06.22 16:34:42.802,1.44781,1.44804,1.12,1.12
2016.06.22 16:34:43.308,1.44782,1.44804,1.00,1.12
2016.06.22 16:34:43.662,1.44777,1.44801,1.37,3.00
2016.06.22 16:34:44.168,1.44779,1.44798,1.00,1.00
2016.06.22 16:34:44.650,1.44779,1.44795,1.00,1.00
2016.06.22 16:34:45.198,1.44779,1.44796,1.00,1.00
2016.06.22 16:34:45.451,1.4478,1.44799,1.00,1.12
2016.06.22 16:34:45.502,1.44778,1.44799,1.12,1.12
2016.06.22 16:34:45.714,1.44779,1.44801,1.37,3.00
2016.06.22 16:34:45.765,1.4478,1.44801,1.50,2.25
2016.06.22 16:34:46.272,1.44779,1.44802,1.87,1.87
2016.06.22 16:34:47.158,1.44779,1.44801,1.87,1.00
2016.06.22 16:34:48.166,1.44784,1.44803,1.00,1.50
2016.06.22 16:34:48.420,1.44789,1.4481,1.12,1.12
2016.06.22 16:34:48.471,1.44788,1.44808,1.37,1.00
2016.06.22 16:34:49.473,1.44789,1.44809,1.12,1.00
2016.06.22 16:34:50.119,1.44789,1.4481,1.12,1.12
2016.06.22 16:34:50.666,1.4479,1.44812,1.00,3.75
2016.06.22 16:34:50.971,1.44779,1.44799,1.37,1.00
2016.06.22 16:34:51.225,1.44768,1.44793,2.62,1.12
2016.06.22 16:34:51.327,1.44771,1.44794,1.50,1.12
2016.06.22 16:34:51.429,1.44775,1.44799,1.50,1.37
2016.06.22 16:34:51.531,1.44777,1.44801,1.12,1.37
2016.06.22 16:34:52.426,1.44774,1.44799,1.37,1.12
2016.06.22 16:34:52.932,1.44776,1.44799,1.00,1.87
2016.06.22 16:34:55.194,1.44778,1.44799,1.00,1.87
2016.06.22 16:34:56.178,1.4478,1.44799,1.00,1.12
2016.06.22 16:34:56.739,1.44779,1.44799,1.00,1.12
2016.06.22 16:34:56.946,1.44779,1.448,1.12,1.12
2016.06.22 16:34:56.997,1.44781,1.44802,1.00,1.87
2016.06.22 16:34:57.049,1.44781,1.44802,1.12,1.00
2016.06.22 16:34:57.303,1.44784,1.44804,1.00,1.37
2016.06.22 16:34:57.635,1.44787,1.44808,1.00,1.87
2016.06.22 16:34:58.602,1.44788,1.44808,1.00,1.12
2016.06.22 16:34:59.111,1.44791,1.44808,1.00,1.12
2016.06.22 16:34:59.189,1.44791,1.44812,1.00,1.50
2016.06.22 16:35:00.004,1.4479,1.44806,1.00,1.00
2016.06.22 16:35:00.055,1.44788,1.44806,1.00,1.00
2016.06.22 16:35:00.106,1.44785,1.44804,1.12,1.00
2016.06.22 16:35:00.157,1.44784,1.44804,1.00,1.12
2016.06.22 16:35:00.209,1.44787,1.44806,1.00,1.12
2016.06.22 16:35:00.361,1.44787,1.4481,1.37,1.50
2016.06.22 16:35:00.665,1.4479,1.44814,1.50,1.12
2016.06.22 16:35:01.354,1.44792,1.44814,1.00,1.12
2016.06.22 16:35:01.862,1.44793,1.44814,1.00,1.12
2016.06.22 16:35:02.368,1.44794,1.44814,1.00,1.12
2016.06.22 16:35:02.621,1.44792,1.44814,1.00,1.12
2016.06.22 16:35:03.228,1.44791,1.44813,1.12,1.50
2016.06.22 16:35:04.940,1.44787,1.44809,2.25,1.87
2016.06.22 16:35:05.548,1.44787,1.44811,1.50,1.50
2016.06.22 16:35:06.624,1.44795,1.44811,1.00,1.50
2016.06.22 16:35:06.827,1.44796,1.44814,1.50,1.12
2016.06.22 16:35:06.878,1.44797,1.4482,1.12,1.00
2016.06.22 16:35:07.132,1.448,1.44822,1.50,1.37
2016.06.22 16:35:07.233,1.44802,1.44824,1.50,1.00
2016.06.22 16:35:07.644,1.448,1.44825,1.50,1.12
2016.06.22 16:35:07.696,1.448,1.44822,1.00,1.75
2016.06.22 16:35:08.000,1.44796,1.44819,1.87,1.37
2016.06.22 16:35:08.562,1.44798,1.44819,1.00,1.37
2016.06.22 16:35:09.144,1.44799,1.44819,1.00,1.37
2016.06.22 16:35:09.651,1.44798,1.44819,1.00,1.37
2016.06.22 16:35:09.752,1.44796,1.44818,1.12,1.37
2016.06.22 16:35:09.875,1.44795,1.44817,1.37,1.75
2016.06.22 16:35:09.927,1.44794,1.44815,1.00,1.87
2016.06.22 16:35:09.978,1.44792,1.44815,1.12,1.87
2016.06.22 16:35:10.131,1.44795,1.44815,1.00,1.12
2016.06.22 16:35:10.182,1.44795,1.44818,1.87,1.12
2016.06.22 16:35:10.283,1.44798,1.44818,1.00,1.12
2016.06.22 16:35:11.148,1.44797,1.44818,1.00,1.12
2016.06.22 16:35:11.459,1.44794,1.44814,1.00,1.12
2016.06.22 16:35:12.000,1.44793,1.44813,1.12,1.12
2016.06.22 16:35:12.543,1.44794,1.44813,1.00,1.12
2016.06.22 16:35:14.055,1.44797,1.44813,1.00,1.12
2016.06.22 16:35:14.755,1.44796,1.44816,1.00,1.12
2016.06.22 16:35:14.856,1.44796,1.44817,1.00,1.12
2016.06.22 16:35:15.558,1.44797,1.44817,1.00,1.12
2016.06.22 16:35:15.660,1.44795,1.44817,1.00,1.87
2016.06.22 16:35:15.957,1.44795,1.44815,1.00,1.37
2016.06.22 16:35:16.479,1.44794,1.44814,1.00,1.12
2016.06.22 16:35:16.783,1.44796,1.44814,1.00,1.12
2016.06.22 16:35:18.045,1.44795,1.44814,1.00,1.12
2016.06.22 16:35:18.147,1.44793,1.44813,1.00,1.50
2016.06.22 16:35:18.250,1.44793,1.44812,1.00,1.12
2016.06.22 16:35:18.454,1.44791,1.44811,1.00,2.25
2016.06.22 16:35:19.062,1.44789,1.4481,1.00,1.12
2016.06.22 16:35:23.573,1.4479,1.4481,1.00,1.12
2016.06.22 16:35:24.831,1.44786,1.44807,1.87,1.00
2016.06.22 16:35:25.137,1.44784,1.44801,1.00,1.37
2016.06.22 16:35:25.188,1.44784,1.44803,1.00,1.12
2016.06.22 16:35:26.110,1.44785,1.44803,1.00,1.12
2016.06.22 16:35:26.212,1.44785,1.44805,1.00,1.37
2016.06.22 16:35:28.065,1.44783,1.44803,1.12,1.00
2016.06.22 16:35:28.638,1.44782,1.44802,1.00,1.12
2016.06.22 16:35:29.471,1.44782,1.44802,1.00,1.87
2016.06.22 16:35:30.383,1.44783,1.44802,1.00,1.12
2016.06.22 16:35:30.485,1.44781,1.44801,1.00,1.50
2016.06.22 16:35:30.590,1.44784,1.44802,1.00,1.12
2016.06.22 16:35:30.641,1.44784,1.44802,1.00,1.00
2016.06.22 16:35:30.692,1.44786,1.44804,1.00,1.12
2016.06.22 16:35:34.257,1.44788,1.44804,1.00,1.12
2016.06.22 16:35:34.409,1.44788,1.44808,1.00,1.87
2016.06.22 16:35:34.555,1.44787,1.44805,1.00,1.37
2016.06.22 16:35:37.188,1.44781,1.44801,1.50,1.12
2016.06.22 16:35:37.290,1.4478,1.448,1.00,1.87
2016.06.22 16:35:37.803,1.44781,1.448,1.00,1.87
2016.06.22 16:35:38.204,1.44777,1.44798,1.12,1.12
2016.06.22 16:35:39.675,1.44779,1.44799,1.00,1.50
2016.06.22 16:35:47.311,1.44781,1.448,1.00,1.12
2016.06.22 16:35:47.821,1.4478,1.44799,1.00,1.50
2016.06.22 16:35:49.888,1.44782,1.448,1.00,1.12
2016.06.22 16:35:49.990,1.4478,1.448,1.00,1.12
2016.06.22 16:35:52.206,1.44782,1.448,1.00,1.12
2016.06.22 16:35:54.369,1.44782,1.44799,1.00,1.37
2016.06.22 16:35:55.983,1.4478,1.44799,1.00,1.12
2016.06.22 16:35:56.490,1.44782,1.44799,1.00,1.12
2016.06.22 16:35:57.512,1.44784,1.44799,1.00,1.12
2016.06.22 16:35:58.605,1.44784,1.448,1.00,1.37
2016.06.22 16:35:58.656,1.44784,1.44801,1.00,1.37
2016.06.22 16:35:59.721,1.44781,1.44801,1.00,1.87
2016.06.22 16:35:59.823,1.44781,1.44801,1.00,1.87
2016.06.22 16:36:05.133,1.4478,1.44799,1.00,1.12
2016.06.22 16:36:07.242,1.44779,1.44799,1.00,1.87
2016.06.22 16:36:14.886,1.44779,1.44799,1.31,1.00
2016.06.22 16:36:15.430,1.4478,1.44799,1.00,1.00
2016.06.22 16:36:17.494,1.4478,1.44799,1.00,1.50
2016.06.22 16:36:21.132,1.44781,1.448,1.00,1.87
2016.06.22 16:36:24.714,1.44781,1.448,1.00,1.00
2016.06.22 16:36:25.514,1.4478,1.44801,1.00,1.87
2016.06.22 16:36:25.566,1.44778,1.44794,1.37,1.00
2016.06.22 16:36:25.974,1.44778,1.44796,1.00,1.00
2016.06.22 16:36:27.573,1.44777,1.44796,1.00,1.00
2016.06.22 16:36:27.878,1.44773,1.44795,1.87,1.75
2016.06.22 16:36:28.161,1.44772,1.4479,1.00,1.69
2016.06.22 16:36:29.357,1.44775,1.44792,1.00,1.12
2016.06.22 16:36:29.610,1.44776,1.44793,1.00,1.25
2016.06.22 16:36:30.268,1.44777,1.44794,1.00,1.31
2016.06.22 16:36:30.370,1.44777,1.44796,1.00,1.12
2016.06.22 16:36:32.129,1.44774,1.44796,1.50,1.12
2016.06.22 16:36:32.231,1.44773,1.44792,1.12,1.00
2016.06.22 16:36:32.282,1.44771,1.44792,1.50,1.00
2016.06.22 16:36:33.853,1.4477,1.44791,1.00,1.00
2016.06.22 16:36:33.904,1.4477,1.44791,1.00,1.56
2016.06.22 16:36:34.224,1.44766,1.44784,1.50,1.75
2016.06.22 16:36:34.636,1.44768,1.44784,1.00,1.12
2016.06.22 16:36:35.263,1.44766,1.44784,1.19,1.12
2016.06.22 16:36:35.772,1.44767,1.44784,1.19,1.12
2016.06.22 16:36:36.290,1.44767,1.44784,1.00,1.12
2016.06.22 16:36:36.796,1.44767,1.44784,1.19,1.12
2016.06.22 16:36:36.897,1.44767,1.44786,1.19,1.50
2016.06.22 16:36:37.605,1.44767,1.44786,1.19,2.25
2016.06.22 16:36:38.208,1.44767,1.44786,1.50,1.50
2016.06.22 16:36:38.686,1.44771,1.4479,1.25,1.12
2016.06.22 16:36:40.423,1.44771,1.44788,1.00,1.12
2016.06.22 16:36:42.377,1.44771,1.44788,1.19,1.12
2016.06.22 16:36:42.630,1.44771,1.4479,1.19,1.87
2016.06.22 16:36:42.783,1.4477,1.44789,1.25,1.87
2016.06.22 16:36:42.834,1.4477,1.44788,1.25,1.12
2016.06.22 16:36:44.109,1.44767,1.44786,1.25,1.87
2016.06.22 16:36:44.312,1.44767,1.44785,1.19,1.12
2016.06.22 16:36:45.602,1.44768,1.44785,1.25,1.12
2016.06.22 16:36:47.196,1.44766,1.44784,1.25,1.50
2016.06.22 16:36:48.001,1.44766,1.44784,1.19,1.50
2016.06.22 16:36:48.895,1.44765,1.44784,1.50,1.50
2016.06.22 16:36:49.599,1.44768,1.44786,1.19,1.37
2016.06.22 16:36:49.651,1.44768,1.44788,1.19,1.12
2016.06.22 16:36:50.346,1.44768,1.44784,1.19,1.12
2016.06.22 16:36:50.397,1.44766,1.44784,1.12,1.12
2016.06.22 16:36:50.551,1.44766,1.44781,1.00,1.12
2016.06.22 16:36:50.753,1.44766,1.44784,1.00,1.87
2016.06.22 16:36:52.358,1.44762,1.44784,1.25,1.12
2016.06.22 16:36:53.305,1.44761,1.44783,2.81,1.50
2016.06.22 16:36:55.118,1.44761,1.44781,2.06,1.00
2016.06.22 16:36:55.756,1.44761,1.44781,2.06,1.75
2016.06.22 16:36:55.808,1.44761,1.44778,1.00,1.50
2016.06.22 16:36:55.860,1.44759,1.44778,1.25,1.50
2016.06.22 16:36:56.367,1.44758,1.44777,1.69,1.00
2016.06.22 16:36:57.924,1.44757,1.44777,1.19,1.00
2016.06.22 16:36:58.603,1.44757,1.44778,1.56,1.50
2016.06.22 16:36:58.755,1.44759,1.4478,1.12,1.50
2016.06.22 16:36:58.894,1.44759,1.4478,1.12,1.37
2016.06.22 16:36:59.402,1.44759,1.44779,1.00,1.12
2016.06.22 16:36:59.942,1.44757,1.44779,1.56,1.12
2016.06.22 16:37:01.480,1.44762,1.44779,1.00,1.12
2016.06.22 16:37:01.659,1.44766,1.44786,1.00,1.00
2016.06.22 16:37:01.912,1.44768,1.44786,1.00,1.00
2016.06.22 16:37:02.425,1.44769,1.44789,1.00,2.25
2016.06.22 16:37:03.010,1.44771,1.44789,1.00,2.25
2016.06.22 16:37:03.282,1.44754,1.44774,1.00,1.12
2016.06.22 16:37:03.333,1.44752,1.44774,1.50,1.87
2016.06.22 16:37:03.739,1.44755,1.44774,1.00,1.12
2016.06.22 16:37:04.246,1.44756,1.44774,1.00,1.12
2016.06.22 16:37:06.527,1.44761,1.44774,1.00,1.12
2016.06.22 16:37:06.680,1.44762,1.44777,1.00,1.12
2016.06.22 16:37:06.782,1.44761,1.44779,1.00,1.37
2016.06.22 16:37:06.833,1.44761,1.4478,1.00,1.12
2016.06.22 16:37:06.934,1.44759,1.44779,1.12,1.00
2016.06.22 16:37:07.036,1.44757,1.44777,1.87,1.00
2016.06.22 16:37:07.137,1.44756,1.44776,1.12,1.00
2016.06.22 16:37:07.663,1.44757,1.44777,1.00,1.87
2016.06.22 16:37:08.322,1.44755,1.44777,1.00,1.87
2016.06.22 16:37:08.728,1.44754,1.44774,1.00,1.87
2016.06.22 16:37:09.275,1.44755,1.44772,1.00,1.12
2016.06.22 16:37:10.548,1.44756,1.44772,1.00,1.12
2016.06.22 16:37:11.354,1.44749,1.44767,1.50,1.00
2016.06.22 16:37:11.456,1.44749,1.44764,1.00,1.00
2016.06.22 16:37:11.507,1.44746,1.44764,1.50,1.00
2016.06.22 16:37:11.600,1.44744,1.44764,1.00,1.00
2016.06.22 16:37:11.753,1.44746,1.44764,1.00,1.00
2016.06.22 16:37:11.855,1.44746,1.44767,1.00,1.50
2016.06.22 16:37:12.361,1.44744,1.44768,1.50,1.12
2016.06.22 16:37:12.616,1.44746,1.44768,1.56,1.12
2016.06.22 16:37:12.881,1.44749,1.44773,2.81,1.75
2016.06.22 16:37:13.237,1.44755,1.44773,1.56,1.87
2016.06.22 16:37:13.442,1.44752,1.44773,1.31,1.12
2016.06.22 16:37:13.494,1.44753,1.44773,1.12,1.12
2016.06.22 16:37:13.596,1.44755,1.44773,1.00,1.12
2016.06.22 16:37:13.647,1.44753,1.44773,1.12,1.12
2016.06.22 16:37:14.323,1.44751,1.44771,1.25,1.50
2016.06.22 16:37:14.930,1.44749,1.44771,2.06,1.87
2016.06.22 16:37:15.790,1.44749,1.44768,2.06,1.12
2016.06.22 16:37:16.448,1.4475,1.44768,1.00,1.12
2016.06.22 16:37:16.550,1.44752,1.44772,1.00,1.12
2016.06.22 16:37:16.752,1.44754,1.44772,1.00,1.12
2016.06.22 16:37:16.854,1.44754,1.44776,1.00,1.12
2016.06.22 16:37:18.337,1.44751,1.4477,1.87,1.00
2016.06.22 16:37:18.661,1.44746,1.44766,1.56,1.00
2016.06.22 16:37:18.712,1.44746,1.44766,1.00,1.00
2016.06.22 16:37:18.813,1.44745,1.44766,2.06,1.00
2016.06.22 16:37:19.067,1.44754,1.44777,2.06,1.87
2016.06.22 16:37:19.118,1.44757,1.44777,1.00,1.50
2016.06.22 16:37:20.556,1.44757,1.44777,1.00,1.87
2016.06.22 16:37:21.103,1.44757,1.44776,2.06,1.37
2016.06.22 16:37:21.628,1.44757,1.44773,1.50,1.00
2016.06.22 16:37:21.849,1.44752,1.44772,1.69,1.00
2016.06.22 16:37:21.900,1.44752,1.44771,1.56,1.12
2016.06.22 16:37:22.204,1.44754,1.44771,1.56,1.12
2016.06.22 16:37:24.629,1.44753,1.44771,1.56,1.12
2016.06.22 16:37:25.862,1.44753,1.44769,1.56,1.50
2016.06.22 16:37:26.906,1.44753,1.44769,1.00,1.12
2016.06.22 16:37:26.957,1.44748,1.44769,1.56,1.87
2016.06.22 16:37:27.008,1.44748,1.44769,1.31,1.87
2016.06.22 16:37:27.709,1.44748,1.44769,1.25,1.87
2016.06.22 16:37:28.113,1.44748,1.44769,1.31,1.12
2016.06.22 16:37:28.809,1.44748,1.44769,3.00,1.12
2016.06.22 16:37:29.115,1.44748,1.44767,2.44,1.00
2016.06.22 16:37:29.628,1.44749,1.44768,1.56,1.12
2016.06.22 16:37:31.099,1.44749,1.44769,2.06,1.12
2016.06.22 16:37:31.353,1.4475,1.44769,1.56,1.12
2016.06.22 16:37:31.974,1.4475,1.44768,1.56,1.00
2016.06.22 16:37:33.051,1.44749,1.44768,2.25,1.00
2016.06.22 16:37:35.061,1.44747,1.44767,1.87,1.37
2016.06.22 16:37:35.163,1.44746,1.44766,1.19,1.50
2016.06.22 16:37:36.878,1.44746,1.44763,1.19,1.00
2016.06.22 16:37:36.929,1.44746,1.44763,1.19,1.50
2016.06.22 16:37:37.031,1.44746,1.44766,1.00,2.44
2016.06.22 16:37:37.596,1.44743,1.44764,1.19,1.00
2016.06.22 16:37:39.550,1.44743,1.44764,1.00,1.00
2016.06.22 16:37:39.652,1.44742,1.4476,1.69,1.00
2016.06.22 16:37:39.956,1.44742,1.44762,1.69,1.12
2016.06.22 16:37:40.759,1.44747,1.44764,1.00,1.12
2016.06.22 16:37:40.895,1.44749,1.44768,1.00,1.12
2016.06.22 16:37:40.946,1.44749,1.44769,1.00,1.87
2016.06.22 16:37:41.521,1.44749,1.44768,1.00,1.00
2016.06.22 16:37:41.800,1.44747,1.44765,1.50,1.00
2016.06.22 16:37:41.902,1.44746,1.44766,1.00,1.00
2016.06.22 16:37:42.224,1.44745,1.44765,1.00,1.50
2016.06.22 16:37:42.680,1.44749,1.44766,1.00,1.12
2016.06.22 16:37:42.934,1.44749,1.44768,1.00,1.37
2016.06.22 16:37:43.087,1.44747,1.44767,1.00,1.37
2016.06.22 16:37:43.616,1.44748,1.44768,1.00,1.37
2016.06.22 16:37:45.403,1.44748,1.4477,1.00,1.00
2016.06.22 16:37:45.615,1.44748,1.44769,1.00,1.12
2016.06.22 16:37:49.361,1.44748,1.44768,1.12,1.00
2016.06.22 16:37:49.875,1.44749,1.44769,1.00,1.87
2016.06.22 16:37:50.382,1.44747,1.44766,1.00,1.00
2016.06.22 16:37:50.789,1.44749,1.44767,1.00,1.12
2016.06.22 16:37:51.519,1.44749,1.44768,1.00,1.00
2016.06.22 16:37:52.096,1.4475,1.44769,1.00,1.00
2016.06.22 16:37:52.647,1.44751,1.44769,1.00,1.00
2016.06.22 16:37:54.191,1.44752,1.44769,1.00,1.00
2016.06.22 16:37:55.110,1.44756,1.44769,1.00,1.00
2016.06.22 16:37:55.162,1.44756,1.44773,1.00,1.12
2016.06.22 16:37:55.213,1.44752,1.44773,1.50,1.50
2016.06.22 16:37:55.264,1.44752,1.44773,1.50,1.00
2016.06.22 16:37:55.315,1.44754,1.44774,1.00,1.12
2016.06.22 16:37:58.432,1.44755,1.44774,1.00,1.12
2016.06.22 16:37:58.945,1.44756,1.44775,1.00,1.37
2016.06.22 16:37:59.592,1.44755,1.44774,1.00,1.12
2016.06.22 16:38:00.922,1.44753,1.44772,1.12,1.00
2016.06.22 16:38:01.158,1.4475,1.4477,1.00,1.12
2016.06.22 16:38:01.361,1.44751,1.44769,1.00,1.12
2016.06.22 16:38:01.412,1.44748,1.44769,1.50,1.87
2016.06.22 16:38:01.514,1.44751,1.44769,1.00,1.12
2016.06.22 16:38:01.565,1.44751,1.4477,1.00,1.12
2016.06.22 16:38:02.429,1.44749,1.44769,1.12,1.00
2016.06.22 16:38:02.734,1.44752,1.44771,1.00,1.87
2016.06.22 16:38:03.290,1.44751,1.44771,1.00,1.87
2016.06.22 16:38:03.839,1.44751,1.44771,1.12,1.00
2016.06.22 16:38:04.425,1.44751,1.4477,1.12,1.00
2016.06.22 16:38:05.022,1.44749,1.44768,1.87,1.00
2016.06.22 16:38:05.123,1.4475,1.4477,1.50,1.00
2016.06.22 16:38:05.530,1.44749,1.44768,1.87,1.00
2016.06.22 16:38:05.632,1.44751,1.4477,1.12,1.00
2016.06.22 16:38:05.835,1.44749,1.44768,1.87,1.00
2016.06.22 16:38:06.038,1.4475,1.44772,1.50,1.12
2016.06.22 16:38:06.455,1.4475,1.44771,1.00,1.37
2016.06.22 16:38:07.132,1.44748,1.44767,2.62,1.00
2016.06.22 16:38:07.741,1.4475,1.4477,1.00,1.12
2016.06.22 16:38:09.145,1.44752,1.44771,1.00,1.87
2016.06.22 16:38:09.418,1.44748,1.44771,2.44,1.87
2016.06.22 16:38:09.944,1.4475,1.44771,1.00,1.37
2016.06.22 16:38:10.449,1.44749,1.4477,1.00,1.12
2016.06.22 16:38:12.203,1.44749,1.44768,1.00,1.00
2016.06.22 16:38:13.332,1.44749,1.44769,1.00,1.00
2016.06.22 16:38:13.881,1.44749,1.44768,1.00,1.00
2016.06.22 16:38:13.932,1.44749,1.44771,1.50,1.87
2016.06.22 16:38:14.034,1.44749,1.44768,1.00,1.00
2016.06.22 16:38:14.136,1.44749,1.44771,1.50,1.37
2016.06.22 16:38:14.662,1.44749,1.44769,1.12,1.00
2016.06.22 16:38:15.204,1.4475,1.44771,1.50,1.37
2016.06.22 16:38:15.815,1.4475,1.44769,1.00,1.00
2016.06.22 16:38:16.236,1.44748,1.44768,1.00,1.00
2016.06.22 16:38:16.338,1.4475,1.44767,1.00,1.75
2016.06.22 16:38:16.594,1.44754,1.44776,1.37,1.87
2016.06.22 16:38:16.646,1.44755,1.44776,1.75,1.87
2016.06.22 16:38:17.171,1.44758,1.44776,1.87,1.00
2016.06.22 16:38:17.273,1.44761,1.4478,1.50,1.00
2016.06.22 16:38:17.579,1.4476,1.44782,1.12,2.25
2016.06.22 16:38:18.420,1.44759,1.4478,1.37,1.00
2016.06.22 16:38:19.432,1.44758,1.44777,1.37,1.00
2016.06.22 16:38:19.736,1.44756,1.4478,1.87,1.87
2016.06.22 16:38:20.741,1.44756,1.44776,1.12,1.00
2016.06.22 16:38:20.893,1.44754,1.44776,1.12,1.12
2016.06.22 16:38:21.746,1.44756,1.44778,1.00,2.25
2016.06.22 16:38:21.848,1.44756,1.44778,1.37,1.87
2016.06.22 16:38:22.450,1.44753,1.44775,1.87,1.12
2016.06.22 16:38:22.501,1.44753,1.44775,1.12,1.12
2016.06.22 16:38:22.553,1.44753,1.44775,1.75,1.00
2016.06.22 16:38:22.654,1.44757,1.44777,1.00,1.12
2016.06.22 16:38:22.757,1.44757,1.44777,1.75,1.00
2016.06.22 16:38:23.165,1.44759,1.44782,1.50,2.25
2016.06.22 16:38:23.328,1.44758,1.44778,1.12,1.00
2016.06.22 16:38:23.584,1.44748,1.4477,2.44,1.12
2016.06.22 16:38:23.941,1.44749,1.44771,1.75,1.12
2016.06.22 16:38:24.042,1.44749,1.44771,1.50,1.12
2016.06.22 16:38:24.245,1.44747,1.44766,1.37,1.00
2016.06.22 16:38:24.417,1.44748,1.4477,1.00,1.87
2016.06.22 16:38:24.875,1.44749,1.4477,1.00,1.00
2016.06.22 16:38:24.926,1.44749,1.44772,1.00,1.00
2016.06.22 16:38:25.842,1.44749,1.44771,1.50,1.00
2016.06.22 16:38:26.367,1.44751,1.44772,1.00,1.00
2016.06.22 16:38:26.670,1.44751,1.44774,1.50,1.12
2016.06.22 16:38:27.074,1.44752,1.44775,1.12,1.00
2016.06.22 16:38:27.479,1.44752,1.44774,1.12,1.50
2016.06.22 16:38:29.369,1.44752,1.44775,1.87,1.00
2016.06.22 16:38:29.880,1.44754,1.44776,1.12,1.12
2016.06.22 16:38:32.261,1.44755,1.44777,1.00,1.56
2016.06.22 16:38:32.565,1.44756,1.44779,1.87,1.50
2016.06.22 16:38:36.055,1.44757,1.44776,1.50,1.00
2016.06.22 16:38:36.465,1.44756,1.44776,1.00,1.12
2016.06.22 16:38:36.670,1.44753,1.44772,1.75,1.00
2016.06.22 16:38:36.865,1.44752,1.44772,1.00,1.50
2016.06.22 16:38:37.373,1.44748,1.44772,1.87,1.50
2016.06.22 16:38:37.881,1.4475,1.44771,1.37,1.12
2016.06.22 16:38:38.006,1.44748,1.44771,1.87,1.50
2016.06.22 16:38:38.121,1.44749,1.44771,1.12,1.00
2016.06.22 16:38:38.425,1.44752,1.44772,1.12,1.00
2016.06.22 16:38:38.527,1.4475,1.44772,1.37,1.00
2016.06.22 16:38:39.061,1.4475,1.44772,1.94,1.00
2016.06.22 16:38:39.559,1.4475,1.44769,1.37,1.00
2016.06.22 16:38:39.610,1.44747,1.44769,1.87,1.12
2016.06.22 16:38:41.260,1.44747,1.44765,1.37,1.00
2016.06.22 16:38:41.412,1.44743,1.44765,1.50,1.12
2016.06.22 16:38:42.941,1.44745,1.44765,1.00,1.12
2016.06.22 16:38:43.095,1.44746,1.4477,1.37,2.25
2016.06.22 16:38:43.146,1.44747,1.4477,1.00,1.87
2016.06.22 16:38:43.399,1.44747,1.4477,1.12,1.12
2016.06.22 16:38:43.952,1.44749,1.4477,1.12,1.00
2016.06.22 16:38:44.167,1.44749,1.44772,1.12,1.00
2016.06.22 16:38:44.218,1.44752,1.44772,1.87,1.00
2016.06.22 16:38:44.269,1.44755,1.44774,1.00,1.12
2016.06.22 16:38:44.775,1.44752,1.44773,1.00,1.12
2016.06.22 16:38:45.287,1.44753,1.44773,1.00,1.12
2016.06.22 16:38:45.868,1.44752,1.44773,1.00,1.12
2016.06.22 16:38:46.374,1.44751,1.44772,1.12,1.00
2016.06.22 16:38:46.768,1.4475,1.4477,1.37,1.00
2016.06.22 16:38:46.869,1.44747,1.44768,2.25,1.00
2016.06.22 16:38:47.173,1.44747,1.44766,1.00,1.12
2016.06.22 16:38:47.479,1.44749,1.44768,1.31,1.87
2016.06.22 16:38:47.826,1.4475,1.4477,1.56,1.12
2016.06.22 16:38:48.180,1.44752,1.44772,1.56,1.00
2016.06.22 16:38:49.908,1.4475,1.44771,2.06,1.00
2016.06.22 16:38:50.111,1.4475,1.44771,1.12,1.37
2016.06.22 16:38:50.616,1.44749,1.44771,1.00,1.37
2016.06.22 16:38:51.277,1.44751,1.4477,1.00,1.12
2016.06.22 16:38:52.696,1.44751,1.4477,1.56,1.12
2016.06.22 16:38:53.000,1.44754,1.44774,1.56,1.87
2016.06.22 16:38:55.119,1.44754,1.44776,1.56,1.87
2016.06.22 16:38:57.990,1.44757,1.44776,1.00,1.50
2016.06.22 16:38:58.826,1.44753,1.44771,2.81,1.00
2016.06.22 16:38:58.929,1.44753,1.44771,1.00,1.50
2016.06.22 16:39:01.295,1.44754,1.44772,1.00,1.94
2016.06.22 16:39:01.397,1.4476,1.44772,1.00,1.00
2016.06.22 16:39:01.498,1.44761,1.44776,1.50,1.00
2016.06.22 16:39:01.549,1.44761,1.4478,1.50,1.00
2016.06.22 16:39:01.651,1.44763,1.44783,1.00,1.87
2016.06.22 16:39:01.702,1.44767,1.44785,1.00,1.12
2016.06.22 16:39:01.854,1.44769,1.44788,1.00,1.00
2016.06.22 16:39:02.397,1.44766,1.44791,1.75,1.12
2016.06.22 16:39:02.701,1.4477,1.4479,1.00,1.50
2016.06.22 16:39:06.801,1.44776,1.44791,1.00,1.12
2016.06.22 16:39:06.903,1.44774,1.44791,1.00,1.12
2016.06.22 16:39:07.026,1.44772,1.44792,1.12,1.00
2016.06.22 16:39:07.281,1.4477,1.44791,1.00,1.87
2016.06.22 16:39:08.654,1.44772,1.44791,1.00,1.37
2016.06.22 16:39:09.214,1.44771,1.44791,1.00,1.87
2016.06.22 16:39:09.518,1.44773,1.44792,1.00,1.12
2016.06.22 16:39:11.513,1.44776,1.44794,1.00,1.12
2016.06.22 16:39:11.615,1.44777,1.44795,1.00,1.00
2016.06.22 16:39:12.165,1.44777,1.44796,1.00,1.12
2016.06.22 16:39:13.803,1.44773,1.4479,1.12,1.00
2016.06.22 16:39:13.955,1.44764,1.44784,1.00,1.12
2016.06.22 16:39:15.022,1.44763,1.44783,1.12,1.00
2016.06.22 16:39:16.124,1.44765,1.44784,1.00,1.12
2016.06.22 16:39:17.116,1.44764,1.44784,1.00,1.12
2016.06.22 16:39:18.046,1.44763,1.44783,1.12,1.00
2016.06.22 16:39:18.764,1.44761,1.4478,1.75,1.00
2016.06.22 16:39:18.898,1.44758,1.44778,1.50,1.00
2016.06.22 16:39:19.436,1.44758,1.44778,1.00,1.50
2016.06.22 16:39:22.441,1.44754,1.44775,1.00,1.00
2016.06.22 16:39:22.543,1.44754,1.44771,1.00,1.00
2016.06.22 16:39:22.594,1.44751,1.44769,1.00,1.00
2016.06.22 16:39:22.646,1.44753,1.44769,1.00,1.00
2016.06.22 16:39:23.179,1.44753,1.44772,1.00,1.87
2016.06.22 16:39:24.027,1.44752,1.44772,1.00,1.87
2016.06.22 16:39:24.332,1.44748,1.44767,1.00,1.50
2016.06.22 16:39:25.153,1.44751,1.44768,1.00,1.12
2016.06.22 16:39:25.255,1.44751,1.4477,1.00,1.00
2016.06.22 16:39:25.357,1.44753,1.4477,1.00,1.00
2016.06.22 16:39:25.930,1.44752,1.4477,1.00,1.00
2016.06.22 16:39:26.436,1.44751,1.4477,1.00,1.00
2016.06.22 16:39:27.984,1.4475,1.4477,1.12,1.00
2016.06.22 16:39:28.490,1.44749,1.4477,1.00,1.50
2016.06.22 16:39:29.656,1.44754,1.4477,1.00,1.00
2016.06.22 16:39:29.810,1.44754,1.44775,1.00,1.87
2016.06.22 16:39:30.851,1.44753,1.44774,1.00,1.50
2016.06.22 16:39:32.176,1.44755,1.44774,1.00,1.50
2016.06.22 16:39:36.799,1.44751,1.4477,1.87,1.12
2016.06.22 16:39:37.002,1.44749,1.44768,1.00,1.87
2016.06.22 16:39:37.547,1.44748,1.44768,1.00,1.87
2016.06.22 16:39:38.077,1.44746,1.44768,1.37,1.87
2016.06.22 16:39:38.380,1.4475,1.44768,1.00,1.12
2016.06.22 16:39:38.684,1.4475,1.4477,1.00,1.12
2016.06.22 16:39:39.187,1.44749,1.4477,1.00,1.12
2016.06.22 16:39:39.781,1.44748,1.44768,1.00,1.12
2016.06.22 16:39:39.883,1.44746,1.44766,1.00,1.12
2016.06.22 16:39:40.036,1.44745,1.44764,1.12,1.00
2016.06.22 16:39:40.341,1.4474,1.44761,1.50,1.87
2016.06.22 16:39:42.493,1.44742,1.44761,1.00,1.12
2016.06.22 16:39:42.594,1.44742,1.44762,1.00,1.87
2016.06.22 16:39:42.797,1.4474,1.44759,1.50,1.37
2016.06.22 16:39:43.000,1.44738,1.44759,1.12,1.87
2016.06.22 16:39:43.491,1.44737,1.44755,1.00,1.00
2016.06.22 16:39:43.745,1.44735,1.44755,1.50,1.00
2016.06.22 16:39:43.796,1.44735,1.44753,1.00,1.00
2016.06.22 16:39:44.100,1.44735,1.44753,1.00,1.12
2016.06.22 16:39:44.202,1.44735,1.44757,1.00,1.75
2016.06.22 16:39:44.660,1.44736,1.44757,1.62,1.12
2016.06.22 16:39:44.711,1.44736,1.44761,2.44,1.12
2016.06.22 16:39:44.990,1.44744,1.44761,1.00,1.12
2016.06.22 16:39:45.092,1.44744,1.44765,1.00,1.50
2016.06.22 16:39:45.599,1.44743,1.44764,1.12,1.12
2016.06.22 16:39:45.700,1.44743,1.44763,1.00,1.12
2016.06.22 16:39:46.117,1.44743,1.44764,1.12,1.12
2016.06.22 16:39:46.622,1.44744,1.44765,1.00,1.50
2016.06.22 16:39:47.220,1.44745,1.44765,1.00,1.50
2016.06.22 16:39:47.272,1.44743,1.44762,1.00,1.00
2016.06.22 16:39:47.475,1.4474,1.4476,1.00,1.12
2016.06.22 16:39:47.628,1.4474,1.44759,1.00,1.12
2016.06.22 16:39:48.020,1.44742,1.44759,1.00,1.12
2016.06.22 16:39:48.261,1.4474,1.44759,1.12,1.12
2016.06.22 16:39:48.973,1.44741,1.44759,1.00,1.12
2016.06.22 16:39:50.192,1.44746,1.44759,1.00,1.12
2016.06.22 16:39:50.243,1.44746,1.44765,1.00,1.12
2016.06.22 16:39:50.902,1.44745,1.44765,1.00,1.87
2016.06.22 16:39:51.105,1.4474,1.44762,1.75,1.37
2016.06.22 16:39:51.157,1.4474,1.44761,1.12,1.00
2016.06.22 16:39:51.429,1.44743,1.44761,1.00,1.00
2016.06.22 16:39:53.503,1.44744,1.44761,1.00,1.00
2016.06.22 16:39:54.087,1.44743,1.44761,1.00,1.00
2016.06.22 16:39:54.411,1.44741,1.44761,1.50,1.00
2016.06.22 16:39:55.094,1.44741,1.4476,1.00,1.00
2016.06.22 16:39:55.296,1.44741,1.44759,1.00,1.37
2016.06.22 16:39:56.568,1.44739,1.44758,1.00,1.00
2016.06.22 16:39:56.720,1.44745,1.44761,1.00,1.12
2016.06.22 16:39:56.873,1.44745,1.44765,1.00,1.50
2016.06.22 16:39:57.902,1.44746,1.44766,1.00,1.87
2016.06.22 16:39:58.403,1.44745,1.44765,1.00,1.50
2016.06.22 16:39:58.721,1.44745,1.44762,1.00,1.00
2016.06.22 16:39:58.772,1.44745,1.44765,1.00,1.50
2016.06.22 16:39:58.824,1.44743,1.44761,1.00,1.00
2016.06.22 16:39:59.257,1.44742,1.44761,1.94,1.00
2016.06.22 16:39:59.758,1.44742,1.44762,2.44,1.12
2016.06.22 16:39:59.861,1.44742,1.44762,1.87,1.12
2016.06.22 16:40:00.115,1.44746,1.44763,1.00,1.37
2016.06.22 16:40:00.335,1.44745,1.44769,1.12,1.75
2016.06.22 16:40:00.386,1.44749,1.44769,1.87,1.37
2016.06.22 16:40:00.640,1.44752,1.44773,1.00,1.87
2016.06.22 16:40:00.742,1.44751,1.44771,1.00,1.37
2016.06.22 16:40:01.268,1.44751,1.4477,1.00,1.12
2016.06.22 16:40:01.794,1.44752,1.44773,1.00,1.87
2016.06.22 16:40:02.432,1.44751,1.44773,1.12,1.87
2016.06.22 16:40:02.583,1.44749,1.44771,1.31,1.87
2016.06.22 16:40:02.920,1.44748,1.44765,1.69,1.12
2016.06.22 16:40:02.971,1.4475,1.44772,1.81,1.87
2016.06.22 16:40:03.073,1.44752,1.4477,1.56,1.12
2016.06.22 16:40:03.175,1.44752,1.44773,1.56,1.12
2016.06.22 16:40:03.680,1.44752,1.4477,1.56,1.12
2016.06.22 16:40:04.387,1.44753,1.4477,1.00,1.12
2016.06.22 16:40:04.438,1.4475,1.4477,1.37,1.12
2016.06.22 16:40:04.540,1.44753,1.4477,1.00,1.12
2016.06.22 16:40:05.325,1.44753,1.44772,1.00,1.12
2016.06.22 16:40:05.679,1.44751,1.44772,1.00,1.12
2016.06.22 16:40:05.932,1.4475,1.4477,1.00,1.12
2016.06.22 16:40:06.034,1.44748,1.4477,1.50,1.00
2016.06.22 16:40:06.085,1.44748,1.4477,1.12,1.50
2016.06.22 16:40:06.419,1.44746,1.44768,1.50,1.50
2016.06.22 16:40:06.521,1.44748,1.44769,1.00,1.12
2016.06.22 16:40:06.825,1.44752,1.44773,1.00,1.12
2016.06.22 16:40:07.027,1.4475,1.44773,1.00,1.87
2016.06.22 16:40:07.229,1.44747,1.44769,1.12,1.00
2016.06.22 16:40:07.533,1.44747,1.44768,1.00,1.00
2016.06.22 16:40:08.162,1.44749,1.44768,1.00,1.00
2016.06.22 16:40:08.314,1.44749,1.44773,2.62,1.12
2016.06.22 16:40:08.769,1.44746,1.44771,2.44,1.12
2016.06.22 16:40:08.820,1.44746,1.44769,1.00,1.12
2016.06.22 16:40:08.999,1.44744,1.44768,1.50,1.12
2016.06.22 16:40:09.517,1.44744,1.44767,1.12,1.12
2016.06.22 16:40:10.052,1.44742,1.44763,1.75,1.00
2016.06.22 16:40:10.381,1.44735,1.44757,1.50,1.12
2016.06.22 16:40:10.483,1.44735,1.44755,1.00,1.12
2016.06.22 16:40:11.047,1.44732,1.44755,2.25,1.12
2016.06.22 16:40:11.301,1.44736,1.44755,1.00,1.12
2016.06.22 16:40:11.402,1.44736,1.44758,1.50,1.37
2016.06.22 16:40:11.528,1.44739,1.4476,1.12,1.75
2016.06.22 16:40:11.894,1.44735,1.44758,1.12,1.37
2016.06.22 16:40:11.996,1.44734,1.44758,1.12,1.75
2016.06.22 16:40:12.047,1.44733,1.44754,1.37,1.00
2016.06.22 16:40:12.402,1.44734,1.44758,1.37,1.12
2016.06.22 16:40:12.455,1.44734,1.44757,1.00,1.12
2016.06.22 16:40:13.230,1.44733,1.44755,1.12,1.12
2016.06.22 16:40:14.434,1.44735,1.44755,1.00,1.12
2016.06.22 16:40:14.755,1.44731,1.44753,1.50,1.50
2016.06.22 16:40:14.806,1.44731,1.44753,1.00,1.87
2016.06.22 16:40:14.857,1.4473,1.44752,1.12,1.12
2016.06.22 16:40:15.389,1.44729,1.4475,1.00,1.12
2016.06.22 16:40:15.901,1.4473,1.4475,1.37,1.12
2016.06.22 16:40:16.006,1.44731,1.44754,1.50,1.87
2016.06.22 16:40:16.351,1.44728,1.4475,1.37,1.50
2016.06.22 16:40:16.402,1.44727,1.4475,1.50,1.87
2016.06.22 16:40:17.393,1.44727,1.4475,1.12,1.87
2016.06.22 16:40:17.941,1.44728,1.44748,1.00,1.12
2016.06.22 16:40:18.444,1.44727,1.44747,1.12,1.00
2016.06.22 16:40:18.950,1.44728,1.44748,1.00,1.12
2016.06.22 16:40:20.720,1.44729,1.44748,1.00,1.12
2016.06.22 16:40:20.853,1.44733,1.4475,1.00,1.12
2016.06.22 16:40:21.005,1.44735,1.44754,1.00,1.75
2016.06.22 16:40:21.259,1.44733,1.44753,1.00,1.50
2016.06.22 16:40:21.361,1.4473,1.4475,1.50,1.00
2016.06.22 16:40:21.666,1.44731,1.4475,1.00,1.37
2016.06.22 16:40:21.970,1.44729,1.44749,1.12,1.37
2016.06.22 16:40:22.497,1.44728,1.44748,1.00,1.00
2016.06.22 16:40:23.088,1.44728,1.44749,1.00,1.12
2016.06.22 16:40:24.566,1.44727,1.44747,1.00,1.12
2016.06.22 16:40:24.617,1.44727,1.44745,1.00,1.12
2016.06.22 16:40:24.718,1.44727,1.44747,1.00,1.50
2016.06.22 16:40:24.769,1.44729,1.44748,1.00,1.12
2016.06.22 16:40:25.379,1.4473,1.44748,1.00,1.12
2016.06.22 16:40:25.699,1.44735,1.44754,1.00,2.10
2016.06.22 16:40:25.751,1.44735,1.44754,1.37,1.00
2016.06.22 16:40:25.802,1.44735,1.44756,1.50,1.00
2016.06.22 16:40:25.853,1.44735,1.44757,1.12,1.12
2016.06.22 16:40:26.877,1.44731,1.44752,1.12,1.12
2016.06.22 16:40:27.080,1.44731,1.44751,1.00,1.75
2016.06.22 16:40:28.832,1.44728,1.44749,1.00,1.12
2016.06.22 16:40:28.884,1.44726,1.44743,1.00,1.00
2016.06.22 16:40:29.081,1.4472,1.44739,1.87,1.00
2016.06.22 16:40:29.133,1.44723,1.44739,1.00,1.50
2016.06.22 16:40:29.356,1.44723,1.44744,1.00,1.87
2016.06.22 16:40:29.407,1.44723,1.44739,1.00,1.00
2016.06.22 16:40:29.833,1.44723,1.44739,1.00,1.87
2016.06.22 16:40:31.266,1.44723,1.44741,1.00,1.12
2016.06.22 16:40:31.996,1.44729,1.44741,1.00,1.12
2016.06.22 16:40:32.150,1.4473,1.44748,1.12,1.00
2016.06.22 16:40:32.252,1.44729,1.44752,1.87,2.25
2016.06.22 16:40:32.659,1.44729,1.44749,1.50,1.37
2016.06.22 16:40:34.196,1.4473,1.44749,1.00,2.00
2016.06.22 16:40:34.699,1.44729,1.44747,1.50,1.12
2016.06.22 16:40:35.246,1.4473,1.44747,1.00,1.12
2016.06.22 16:40:35.704,1.4473,1.44747,1.00,1.69
2016.06.22 16:40:36.438,1.4473,1.44748,1.50,1.56
2016.06.22 16:40:36.952,1.44731,1.44748,1.00,1.56
2016.06.22 16:40:37.980,1.4473,1.44748,1.50,1.56
2016.06.22 16:40:38.290,1.44728,1.44748,1.87,2.06
2016.06.22 16:40:38.392,1.44726,1.44747,1.87,1.69
2016.06.22 16:40:38.696,1.44726,1.44744,1.12,1.00
2016.06.22 16:40:38.848,1.44724,1.44744,1.50,1.12
2016.06.22 16:40:39.912,1.44725,1.44746,1.00,2.44
2016.06.22 16:40:40.215,1.44726,1.44747,1.50,1.69
2016.06.22 16:40:41.591,1.44729,1.44747,1.50,1.56
2016.06.22 16:40:41.895,1.4473,1.44749,1.50,1.56
2016.06.22 16:40:42.233,1.44736,1.44752,1.00,1.37
2016.06.22 16:40:42.436,1.44734,1.44754,1.37,1.00
2016.06.22 16:40:42.487,1.44734,1.44754,1.00,1.00
2016.06.22 16:40:42.538,1.44732,1.44751,1.12,1.00
2016.06.22 16:40:42.955,1.44732,1.44755,1.50,1.12
2016.06.22 16:40:47.299,1.44732,1.44752,1.87,1.00
2016.06.22 16:40:49.839,1.44734,1.44754,1.00,1.50
2016.06.22 16:40:50.419,1.44733,1.44753,1.00,1.12
2016.06.22 16:40:50.773,1.44735,1.44754,1.00,1.50
2016.06.22 16:40:55.123,1.44736,1.44755,1.00,1.12
2016.06.22 16:40:56.432,1.44738,1.44755,1.00,1.12
2016.06.22 16:40:56.533,1.44736,1.44756,1.00,1.00
2016.06.22 16:40:56.989,1.44738,1.44756,1.00,1.00
2016.06.22 16:40:57.485,1.44736,1.44756,1.00,1.00
2016.06.22 16:40:58.436,1.44735,1.44755,1.00,1.00
2016.06.22 16:40:59.972,1.44735,1.44754,1.00,1.00
2016.06.22 16:41:00.024,1.44733,1.44754,1.00,1.00
2016.06.22 16:41:00.529,1.44735,1.44754,1.00,1.00
2016.06.22 16:41:02.322,1.44736,1.44754,1.00,1.00
2016.06.22 16:41:03.057,1.4474,1.44754,1.00,1.00
2016.06.22 16:41:03.204,1.44742,1.44759,1.00,1.12
2016.06.22 16:41:03.723,1.44741,1.44759,1.00,1.12
2016.06.22 16:41:03.824,1.44738,1.44759,1.00,1.12
2016.06.22 16:41:07.179,1.4474,1.44759,1.00,1.12
2016.06.22 16:41:07.708,1.44741,1.44759,1.00,1.12
2016.06.22 16:41:09.225,1.44741,1.44755,1.00,1.00
2016.06.22 16:41:09.276,1.44734,1.44751,1.12,1.00
2016.06.22 16:41:09.479,1.44737,1.44761,1.50,1.37
2016.06.22 16:41:09.785,1.44741,1.44766,1.12,1.12
2016.06.22 16:41:09.886,1.4474,1.44763,1.00,1.37
2016.06.22 16:41:10.089,1.4474,1.44763,1.50,1.37
2016.06.22 16:41:11.290,1.44744,1.44763,1.00,1.37
2016.06.22 16:41:12.549,1.44743,1.44763,1.00,1.37
2016.06.22 16:41:13.315,1.44743,1.44764,1.12,1.12
2016.06.22 16:41:18.470,1.44745,1.44765,1.00,1.50
2016.06.22 16:41:19.009,1.44746,1.44766,1.00,1.87
2016.06.22 16:41:20.265,1.44745,1.44765,1.00,1.50
2016.06.22 16:41:25.281,1.44748,1.44766,1.00,1.12
2016.06.22 16:41:25.485,1.44755,1.44774,1.00,1.12
2016.06.22 16:41:25.662,1.44751,1.4477,1.37,1.50
2016.06.22 16:41:25.765,1.44744,1.44765,2.44,1.37
2016.06.22 16:41:26.373,1.44743,1.44765,3.75,1.37
2016.06.22 16:41:27.485,1.44746,1.44765,2.44,1.37
2016.06.22 16:41:28.788,1.44744,1.44765,1.04,1.37
2016.06.22 16:41:29.946,1.44746,1.44766,1.00,2.25
2016.06.22 16:41:29.998,1.44746,1.44766,1.00,1.00
2016.06.22 16:41:30.100,1.44749,1.44769,1.12,1.50
2016.06.22 16:41:30.607,1.44747,1.44768,1.04,1.50
2016.06.22 16:41:31.353,1.44747,1.44768,1.37,1.50
2016.06.22 16:41:31.660,1.44742,1.44762,1.00,1.00
2016.06.22 16:41:31.762,1.44741,1.44762,1.00,1.87
2016.06.22 16:41:32.438,1.44741,1.44762,1.12,1.00
2016.06.22 16:41:32.977,1.44741,1.44764,1.12,1.37
2016.06.22 16:41:33.180,1.44744,1.44764,1.00,1.87
2016.06.22 16:41:33.702,1.44743,1.44763,1.00,1.12
2016.06.22 16:41:35.492,1.44744,1.44764,1.00,1.87
2016.06.22 16:41:35.823,1.4475,1.4477,1.00,1.87
2016.06.22 16:41:35.874,1.4475,1.4477,1.04,1.50
2016.06.22 16:41:36.027,1.44748,1.44768,1.36,1.37
2016.06.22 16:41:36.079,1.44746,1.44768,1.92,1.87
2016.06.22 16:41:36.400,1.44746,1.44762,1.43,1.00
2016.06.22 16:41:36.501,1.4474,1.44759,1.17,1.00
2016.06.22 16:41:36.603,1.44738,1.44757,2.48,1.00
2016.06.22 16:41:36.704,1.44738,1.44759,2.48,1.12
2016.06.22 16:41:38.879,1.44741,1.4476,1.04,1.00
2016.06.22 16:41:38.930,1.44744,1.44763,1.00,1.75
2016.06.22 16:41:38.981,1.44744,1.44763,1.04,1.00
2016.06.22 16:41:39.083,1.44743,1.44763,1.92,1.12
2016.06.22 16:41:39.387,1.44745,1.44763,1.54,1.12
2016.06.22 16:41:41.862,1.44742,1.4476,1.43,1.00
2016.06.22 16:41:42.369,1.44741,1.4476,1.04,1.00
2016.06.22 16:41:44.211,1.44741,1.4476,1.61,1.00
2016.06.22 16:41:45.277,1.44741,1.4476,1.04,1.00
2016.06.22 16:41:45.480,1.44739,1.44759,1.04,2.25
2016.06.22 16:41:45.822,1.44746,1.44759,1.06,1.00
2016.06.22 16:41:46.025,1.44746,1.44761,1.06,1.00
2016.06.22 16:41:47.407,1.44747,1.44761,1.00,1.00
2016.06.22 16:41:47.946,1.44745,1.44759,1.00,1.00
2016.06.22 16:41:48.470,1.44745,1.44758,1.00,1.00
2016.06.22 16:41:48.983,1.44746,1.44759,1.00,1.00
2016.06.22 16:41:49.309,1.44744,1.44759,1.00,1.00
2016.06.22 16:41:49.816,1.44745,1.44762,1.00,1.50
2016.06.22 16:41:50.243,1.44747,1.44762,1.00,1.00
2016.06.22 16:41:50.748,1.44747,1.44763,1.00,1.00
2016.06.22 16:41:51.650,1.44745,1.44763,1.06,1.00
2016.06.22 16:41:52.171,1.44745,1.44763,1.00,1.69
2016.06.22 16:41:52.373,1.44744,1.44761,1.00,1.56
2016.06.22 16:41:52.576,1.44741,1.4476,1.12,1.56
2016.06.22 16:41:52.728,1.44739,1.4476,1.50,2.44
2016.06.22 16:41:53.234,1.4474,1.4476,1.00,2.06
2016.06.22 16:41:54.353,1.44739,1.4476,1.00,2.06
2016.06.22 16:41:56.044,1.44737,1.44758,1.50,1.00
2016.06.22 16:41:56.551,1.4474,1.44759,1.00,1.12
2016.06.22 16:41:57.052,1.44737,1.44757,1.50,1.00
2016.06.22 16:41:57.457,1.4474,1.44758,1.00,1.12
2016.06.22 16:41:57.660,1.44741,1.44761,1.00,1.50
2016.06.22 16:41:58.452,1.4474,1.4476,1.00,1.12
2016.06.22 16:42:00.272,1.44742,1.44761,1.00,1.50
2016.06.22 16:42:00.374,1.44744,1.44763,1.00,1.50
2016.06.22 16:42:00.930,1.44742,1.44762,1.00,1.00
2016.06.22 16:42:01.473,1.44741,1.44761,1.00,1.00
2016.06.22 16:42:01.980,1.44742,1.44762,1.00,1.00
2016.06.22 16:42:02.031,1.44745,1.44763,1.00,1.00
2016.06.22 16:42:02.537,1.44746,1.44763,1.00,1.00
2016.06.22 16:42:05.332,1.44745,1.44763,1.00,1.00
2016.06.22 16:42:05.636,1.44742,1.44762,1.00,1.00
2016.06.22 16:42:06.235,1.44743,1.44762,1.00,1.00
2016.06.22 16:42:07.059,1.44742,1.44761,1.00,1.00
2016.06.22 16:42:07.160,1.44744,1.44763,1.00,1.12
2016.06.22 16:42:07.363,1.44746,1.44766,1.00,1.50
2016.06.22 16:42:07.768,1.44745,1.44764,1.00,1.00
2016.06.22 16:42:08.053,1.44746,1.44766,1.00,1.00
2016.06.22 16:42:08.211,1.44745,1.44764,1.00,1.00
2016.06.22 16:42:08.264,1.44746,1.44766,1.00,1.00
2016.06.22 16:42:08.571,1.44747,1.4477,1.50,1.00
2016.06.22 16:42:08.623,1.44747,1.44772,1.87,1.37
2016.06.22 16:42:08.725,1.44751,1.44773,1.12,1.00
2016.06.22 16:42:08.827,1.44749,1.44773,1.12,1.75
2016.06.22 16:42:08.879,1.44747,1.44772,1.87,1.12
2016.06.22 16:42:09.074,1.44747,1.44768,1.12,1.00
2016.06.22 16:42:09.176,1.44744,1.44768,1.00,1.50
2016.06.22 16:42:09.227,1.44742,1.44768,1.12,1.87
2016.06.22 16:42:09.531,1.4474,1.44765,1.37,2.62
2016.06.22 16:42:09.835,1.44738,1.44759,1.12,1.00
2016.06.22 16:42:10.269,1.44741,1.44761,1.00,1.12
2016.06.22 16:42:11.043,1.4474,1.44759,1.12,1.00
2016.06.22 16:42:11.550,1.44738,1.44758,1.12,1.00
2016.06.22 16:42:11.801,1.44736,1.44758,1.00,1.50
2016.06.22 16:42:11.852,1.44732,1.44754,1.75,1.12
2016.06.22 16:42:12.359,1.44731,1.44754,1.87,1.12
2016.06.22 16:42:13.073,1.44731,1.44749,1.37,1.00
2016.06.22 16:42:13.209,1.44727,1.44748,1.50,1.00
2016.06.22 16:42:13.260,1.44725,1.44747,1.87,1.37
2016.06.22 16:42:13.311,1.44725,1.44747,1.12,1.50
2016.06.22 16:42:13.463,1.44727,1.44748,1.00,1.12
2016.06.22 16:42:13.666,1.44725,1.44748,1.12,1.87
2016.06.22 16:42:14.955,1.44726,1.44748,1.00,1.12
2016.06.22 16:42:15.462,1.44725,1.44747,1.12,1.50
2016.06.22 16:42:16.090,1.44723,1.44742,1.12,1.00
2016.06.22 16:42:16.344,1.44714,1.44736,1.50,1.00
2016.06.22 16:42:16.850,1.44714,1.44737,1.00,1.00
2016.06.22 16:42:17.104,1.44714,1.44735,1.00,1.00
2016.06.22 16:42:17.434,1.44711,1.44733,1.12,1.50
2016.06.22 16:42:17.740,1.44714,1.44734,1.00,1.12
2016.06.22 16:42:17.791,1.44715,1.44737,1.00,2.62
2016.06.22 16:42:18.297,1.44716,1.44737,1.00,1.12
2016.06.22 16:42:20.495,1.44718,1.44737,1.00,1.00
2016.06.22 16:42:20.800,1.44721,1.44741,1.00,1.12
2016.06.22 16:42:21.306,1.44719,1.44741,1.50,1.12
2016.06.22 16:42:24.602,1.44722,1.44742,1.00,1.50
2016.06.22 16:42:24.704,1.44723,1.44744,1.87,1.00
2016.06.22 16:42:25.291,1.44725,1.44745,1.00,1.12
2016.06.22 16:42:25.976,1.44724,1.44747,1.12,1.87
2016.06.22 16:42:26.383,1.44723,1.44743,1.37,1.00
2016.06.22 16:42:27.660,1.44722,1.44736,1.87,1.00
2016.06.22 16:42:27.813,1.44708,1.44727,1.00,1.00
2016.06.22 16:42:27.915,1.44707,1.44731,1.50,1.12
2016.06.22 16:42:28.019,1.44704,1.44729,2.25,1.12
2016.06.22 16:42:28.323,1.44707,1.44732,1.12,3.00
2016.06.22 16:42:28.447,1.44704,1.44729,1.87,1.12
2016.06.22 16:42:29.316,1.44704,1.44726,1.37,1.00
2016.06.22 16:42:29.418,1.44702,1.44726,1.37,1.87
2016.06.22 16:42:29.945,1.44704,1.44724,1.12,1.00
2016.06.22 16:42:30.249,1.44706,1.44725,1.00,1.12
2016.06.22 16:42:30.786,1.44705,1.44724,1.00,1.00
2016.06.22 16:42:31.095,1.44707,1.44727,1.00,1.87
2016.06.22 16:42:31.298,1.44705,1.44726,1.00,1.50
2016.06.22 16:42:32.020,1.44707,1.44727,1.00,1.12
2016.06.22 16:42:32.122,1.44708,1.44728,1.00,1.12
2016.06.22 16:42:32.646,1.44707,1.44728,1.12,1.12
2016.06.22 16:42:39.054,1.44708,1.44729,1.00,1.50
2016.06.22 16:42:39.617,1.44707,1.44729,1.12,1.50
2016.06.22 16:42:40.877,1.4471,1.44729,1.00,1.50
2016.06.22 16:42:41.333,1.4471,1.44726,1.00,1.00
2016.06.22 16:42:43.607,1.4471,1.44726,1.00,1.75
2016.06.22 16:42:44.113,1.44704,1.44722,1.00,1.50
2016.06.22 16:42:46.293,1.44706,1.44722,1.00,1.37
2016.06.22 16:42:46.395,1.44706,1.44724,1.00,1.37
2016.06.22 16:42:46.446,1.44707,1.44726,1.00,1.37
2016.06.22 16:42:46.497,1.44707,1.44728,1.00,1.75
2016.06.22 16:42:47.005,1.44706,1.44728,1.87,1.87
2016.06.22 16:42:47.309,1.44712,1.44731,1.00,1.12
2016.06.22 16:42:47.824,1.44711,1.44731,1.00,1.12
2016.06.22 16:42:49.180,1.4471,1.44731,1.00,1.12
2016.06.22 16:42:50.671,1.4471,1.44732,1.12,1.12
2016.06.22 16:42:50.874,1.44713,1.44733,1.00,1.50
2016.06.22 16:42:52.578,1.44714,1.44734,1.00,1.87
2016.06.22 16:42:52.957,1.44718,1.44734,1.00,1.12
2016.06.22 16:42:53.060,1.44718,1.44738,1.00,1.50
2016.06.22 16:42:53.263,1.44721,1.44739,1.00,1.37
2016.06.22 16:42:53.365,1.44719,1.4474,1.00,1.12
2016.06.22 16:42:53.467,1.44721,1.44741,1.00,1.87
2016.06.22 16:42:53.772,1.44715,1.44739,1.50,1.12
2016.06.22 16:42:53.931,1.44715,1.44735,1.00,1.12
2016.06.22 16:42:54.083,1.44715,1.44737,1.50,1.37
2016.06.22 16:42:54.184,1.44716,1.44741,1.37,2.62
2016.06.22 16:42:54.488,1.44719,1.44743,1.12,1.37
2016.06.22 16:42:55.008,1.44722,1.44743,1.00,1.37
2016.06.22 16:42:55.486,1.4472,1.4474,1.87,1.00
2016.06.22 16:42:55.792,1.44719,1.4474,1.87,1.87
2016.06.22 16:42:56.656,1.44721,1.4474,1.00,1.12
2016.06.22 16:42:57.466,1.4472,1.4474,1.00,1.87
2016.06.22 16:42:57.973,1.44719,1.4474,1.00,1.87
2016.06.22 16:42:58.667,1.44719,1.44737,1.00,1.00
2016.06.22 16:42:58.971,1.44719,1.44734,1.00,1.00
2016.06.22 16:43:00.729,1.44719,1.44734,1.00,1.50
2016.06.22 16:43:01.657,1.44719,1.44736,1.00,1.87
2016.06.22 16:43:01.860,1.44719,1.44738,1.00,1.12
2016.06.22 16:43:02.165,1.44715,1.44737,3.00,1.00
2016.06.22 16:43:03.371,1.44715,1.44738,1.12,1.12
2016.06.22 16:43:03.919,1.44718,1.44738,1.00,1.12
2016.06.22 16:43:04.443,1.44717,1.44737,1.12,1.00
2016.06.22 16:43:05.062,1.44717,1.44737,1.12,1.50
2016.06.22 16:43:05.113,1.44714,1.44734,1.12,1.12
2016.06.22 16:43:05.619,1.44715,1.44735,1.00,1.50
2016.06.22 16:43:05.799,1.44713,1.44733,2.25,1.00
2016.06.22 16:43:06.342,1.44714,1.44736,1.00,1.87
2016.06.22 16:43:08.115,1.44717,1.44736,1.00,1.12
2016.06.22 16:43:08.173,1.44715,1.44735,1.00,1.50
2016.06.22 16:43:09.611,1.44714,1.44736,1.00,1.87
2016.06.22 16:43:09.868,1.44715,1.44736,1.87,1.50
2016.06.22 16:43:09.971,1.44719,1.44739,1.00,1.12
2016.06.22 16:43:10.023,1.44716,1.44739,1.12,1.12
2016.06.22 16:43:16.198,1.44715,1.44737,1.87,1.12
2016.06.22 16:43:17.000,1.44715,1.44737,1.87,1.12
2016.06.22 16:43:17.602,1.44716,1.44736,1.12,1.00
2016.06.22 16:43:20.112,1.44714,1.44732,2.25,1.00
2016.06.22 16:43:20.214,1.44713,1.44731,1.00,1.00
2016.06.22 16:43:20.741,1.44714,1.44731,1.00,1.00
2016.06.22 16:43:21.516,1.44714,1.4473,1.00,1.00
2016.06.22 16:43:21.618,1.4471,1.4473,1.50,1.00
2016.06.22 16:43:22.023,1.44709,1.44729,1.00,1.00
2016.06.22 16:43:22.428,1.44708,1.44727,1.12,1.00
2016.06.22 16:43:22.720,1.44709,1.44729,1.00,1.00
2016.06.22 16:43:23.844,1.44708,1.44727,1.00,1.00
2016.06.22 16:43:24.426,1.44708,1.44728,1.50,1.00
2016.06.22 16:43:24.731,1.44711,1.4473,1.00,1.00
2016.06.22 16:43:25.035,1.44712,1.44732,1.00,1.12
2016.06.22 16:43:26.845,1.44717,1.44734,1.00,1.12
2016.06.22 16:43:26.896,1.44717,1.44736,1.00,1.00
2016.06.22 16:43:26.998,1.44718,1.44738,1.00,1.12
2016.06.22 16:43:27.316,1.4472,1.44739,1.00,1.50
2016.06.22 16:43:27.418,1.44718,1.44738,1.00,1.12
2016.06.22 16:43:28.651,1.44716,1.44736,1.87,1.00
2016.06.22 16:43:28.970,1.44713,1.44729,1.50,1.00
2016.06.22 16:43:29.179,1.44711,1.44729,1.00,1.50
2016.06.22 16:43:32.844,1.44711,1.44726,1.00,1.00
2016.06.22 16:43:33.351,1.44711,1.44726,1.00,1.50
2016.06.22 16:43:35.759,1.44711,1.44727,1.00,1.37
2016.06.22 16:43:36.165,1.44711,1.44729,1.00,1.87
2016.06.22 16:43:36.267,1.44714,1.44734,1.12,1.75
2016.06.22 16:43:36.319,1.44714,1.44734,1.12,1.00
2016.06.22 16:43:36.421,1.44714,1.44737,1.00,1.87
2016.06.22 16:43:36.575,1.44713,1.44737,1.87,1.00
2016.06.22 16:43:36.626,1.44715,1.4474,1.12,1.50
2016.06.22 16:43:37.024,1.44715,1.4474,1.12,1.75
2016.06.22 16:43:37.550,1.44715,1.44736,1.12,1.00
2016.06.22 16:43:38.451,1.44715,1.44737,1.87,1.00
2016.06.22 16:43:38.553,1.44714,1.44736,1.12,1.12
2016.06.22 16:43:39.528,1.44713,1.44735,1.50,1.00
2016.06.22 16:43:40.536,1.44715,1.44737,1.00,1.87
2016.06.22 16:43:40.740,1.44716,1.44738,1.50,1.50
2016.06.22 16:43:40.841,1.44715,1.44737,1.00,1.87
2016.06.22 16:43:41.666,1.44714,1.44737,1.12,1.50
2016.06.22 16:43:42.753,1.44712,1.44734,1.87,1.00
2016.06.22 16:43:42.855,1.44711,1.44733,1.50,1.12
2016.06.22 16:43:43.353,1.4471,1.44732,1.00,1.87
2016.06.22 16:43:47.653,1.44712,1.44732,1.00,1.87
2016.06.22 16:43:48.896,1.44712,1.44732,1.00,1.37
2016.06.22 16:43:48.948,1.44713,1.44733,1.00,1.12
2016.06.22 16:43:49.151,1.44714,1.44736,1.00,2.25
2016.06.22 16:43:49.211,1.44714,1.44736,1.00,3.19
2016.06.22 16:43:49.465,1.44708,1.44732,1.12,1.00
2016.06.22 16:43:49.567,1.44707,1.44732,1.12,1.87
2016.06.22 16:43:50.112,1.44706,1.44731,1.87,1.12
2016.06.22 16:43:50.864,1.44712,1.44732,1.00,1.37
2016.06.22 16:43:50.966,1.44714,1.44735,1.00,1.87
2016.06.22 16:43:51.067,1.44714,1.44737,1.00,3.00
2016.06.22 16:43:51.633,1.44715,1.44737,1.00,1.75
2016.06.22 16:43:52.565,1.44712,1.44735,1.50,1.12
2016.06.22 16:43:52.818,1.44712,1.44734,1.12,1.50
2016.06.22 16:43:53.366,1.44713,1.44734,1.00,1.12
2016.06.22 16:43:54.368,1.44714,1.44734,1.00,1.12
2016.06.22 16:43:54.619,1.44716,1.44738,1.00,2.25
2016.06.22 16:43:56.659,1.44715,1.44735,1.00,1.00
2016.06.22 16:43:57.384,1.44716,1.44738,1.00,1.75
2016.06.22 16:43:58.098,1.44718,1.44738,1.00,2.25
2016.06.22 16:43:58.271,1.44718,1.4474,1.00,2.62
2016.06.22 16:43:58.525,1.44719,1.44741,1.37,2.62
2016.06.22 16:43:58.576,1.44719,1.44741,1.50,1.87
2016.06.22 16:43:58.678,1.44718,1.44738,1.12,1.00
2016.06.22 16:43:58.881,1.44717,1.44738,1.00,1.50
2016.06.22 16:43:59.389,1.44718,1.44738,1.12,1.12
2016.06.22 16:43:59.794,1.44719,1.4474,1.00,1.50
2016.06.22 16:44:00.384,1.44717,1.44738,1.87,1.00
2016.06.22 16:44:00.905,1.44717,1.44738,1.00,1.50
2016.06.22 16:44:01.411,1.44716,1.44737,1.12,1.12
2016.06.22 16:44:02.671,1.44718,1.44738,1.00,1.37
2016.06.22 16:44:02.975,1.44721,1.44739,1.00,1.12
2016.06.22 16:44:03.076,1.44721,1.44741,1.00,1.87
2016.06.22 16:44:03.542,1.44719,1.4474,1.00,1.00
2016.06.22 16:44:03.593,1.44721,1.44741,1.00,1.87
2016.06.22 16:44:04.610,1.44723,1.44743,1.00,2.25
2016.06.22 16:44:04.965,1.44724,1.44744,1.12,1.00
2016.06.22 16:44:09.205,1.44727,1.44747,1.00,1.87
2016.06.22 16:44:09.350,1.44727,1.44747,1.12,1.00
2016.06.22 16:44:09.452,1.44725,1.44746,1.37,1.75
2016.06.22 16:44:09.503,1.44724,1.44744,1.00,1.50
2016.06.22 16:44:10.010,1.44724,1.44744,1.12,1.00
2016.06.22 16:44:10.737,1.44724,1.44744,1.00,1.37
2016.06.22 16:44:10.788,1.44722,1.44742,1.00,1.00
2016.06.22 16:44:10.839,1.44722,1.44742,1.50,1.00
2016.06.22 16:44:10.990,1.44722,1.44742,1.00,1.12
2016.06.22 16:44:11.688,1.44721,1.44741,1.12,1.00
2016.06.22 16:44:11.891,1.44723,1.44742,1.00,1.00
2016.06.22 16:44:12.263,1.44726,1.44745,1.12,1.00
2016.06.22 16:44:12.770,1.44726,1.44746,1.12,1.87
2016.06.22 16:44:13.994,1.44723,1.44743,1.75,1.50
2016.06.22 16:44:14.045,1.44723,1.44743,1.00,1.87
2016.06.22 16:44:14.551,1.44724,1.44742,1.00,1.12
2016.06.22 16:44:15.556,1.44725,1.44742,1.00,1.00
2016.06.22 16:44:15.607,1.4473,1.44744,1.00,1.12
2016.06.22 16:44:15.710,1.44734,1.44751,1.00,1.12
2016.06.22 16:44:15.761,1.44734,1.44751,1.56,1.12
2016.06.22 16:44:15.814,1.44734,1.44756,2.06,1.12
2016.06.22 16:44:19.890,1.44733,1.44756,1.87,1.12
2016.06.22 16:44:21.195,1.44733,1.44755,1.87,1.00
2016.06.22 16:44:21.702,1.44733,1.4475,1.12,1.00
2016.06.22 16:44:21.957,1.44726,1.44746,1.12,1.00
2016.06.22 16:44:22.059,1.44723,1.44746,2.62,1.50
2016.06.22 16:44:22.161,1.44724,1.44746,1.69,1.50
2016.06.22 16:44:22.953,1.44725,1.44747,1.00,1.12
2016.06.22 16:44:23.821,1.44725,1.44747,1.56,1.12
2016.06.22 16:44:24.657,1.44725,1.44741,1.04,1.00
2016.06.22 16:44:24.809,1.44719,1.44738,1.00,1.00
2016.06.22 16:44:24.911,1.44718,1.44737,1.00,1.12
2016.06.22 16:44:25.013,1.44715,1.44737,1.12,1.00
2016.06.22 16:44:25.115,1.44711,1.44731,1.00,1.12
2016.06.22 16:44:25.267,1.44708,1.44731,1.12,1.12
2016.06.22 16:44:27.456,1.44707,1.44728,1.50,1.00
2016.06.22 16:44:27.507,1.44705,1.44722,1.00,1.00
2016.06.22 16:44:27.609,1.44703,1.44723,1.00,1.00
2016.06.22 16:44:27.760,1.44705,1.44724,1.00,1.00
2016.06.22 16:44:27.811,1.44706,1.44731,1.12,1.87
2016.06.22 16:44:28.217,1.44709,1.44734,1.12,1.87
2016.06.22 16:44:28.319,1.44712,1.44734,1.37,1.00
2016.06.22 16:44:28.867,1.44712,1.44735,1.37,1.12
2016.06.22 16:44:29.430,1.44712,1.44734,1.37,1.00
2016.06.22 16:44:34.381,1.44712,1.44734,1.12,2.25
2016.06.22 16:44:35.706,1.44711,1.44734,1.12,1.87
2016.06.22 16:44:39.714,1.44713,1.44733,1.00,1.50
2016.06.22 16:44:40.356,1.44711,1.44731,1.12,1.00
2016.06.22 16:44:40.559,1.44709,1.44727,1.12,1.00
2016.06.22 16:44:40.711,1.44707,1.44727,1.87,1.00
2016.06.22 16:44:40.927,1.44705,1.44722,2.25,1.00
2016.06.22 16:44:41.029,1.44704,1.4472,1.37,1.00
2016.06.22 16:44:41.130,1.447,1.44721,1.75,1.75
2016.06.22 16:44:41.232,1.44695,1.44719,1.37,1.12
2016.06.22 16:44:41.637,1.44692,1.44715,1.12,1.37
2016.06.22 16:44:42.527,1.44696,1.44715,1.00,1.12
2016.06.22 16:44:42.629,1.44696,1.44717,1.00,1.12
2016.06.22 16:44:42.731,1.44693,1.44713,1.12,1.00
2016.06.22 16:44:43.036,1.4468,1.44703,1.12,1.87
2016.06.22 16:44:43.751,1.44678,1.44701,1.50,1.50
2016.06.22 16:44:43.802,1.44678,1.447,1.00,1.37
2016.06.22 16:44:44.157,1.44681,1.44702,1.00,1.87
2016.06.22 16:44:44.212,1.44681,1.44702,1.00,1.50
2016.06.22 16:44:46.828,1.44682,1.44703,1.00,1.12
2016.06.22 16:44:47.562,1.44683,1.44703,1.00,1.12
2016.06.22 16:44:47.714,1.44684,1.44706,1.12,1.50
2016.06.22 16:44:50.037,1.44686,1.44707,1.00,1.12
2016.06.22 16:44:51.135,1.44683,1.44703,1.37,1.00
2016.06.22 16:44:51.440,1.4468,1.44701,1.50,1.12
2016.06.22 16:44:51.491,1.4468,1.44702,1.54,1.50
2016.06.22 16:44:51.946,1.44686,1.44703,1.00,1.12
2016.06.22 16:44:52.098,1.44686,1.44708,1.00,1.12
2016.06.22 16:44:53.080,1.44687,1.44708,1.00,1.12
2016.06.22 16:44:54.652,1.44687,1.44708,1.56,1.12
2016.06.22 16:44:54.855,1.44684,1.44707,2.44,1.87
2016.06.22 16:44:55.083,1.44685,1.44706,1.56,1.12
2016.06.22 16:44:55.590,1.44684,1.44705,1.31,1.00
2016.06.22 16:44:56.856,1.44685,1.44707,1.69,1.50
2016.06.22 16:44:57.487,1.44685,1.44705,1.56,1.12
2016.06.22 16:44:58.160,1.44685,1.44705,1.00,1.12
2016.06.22 16:44:58.689,1.44684,1.44705,1.31,1.12
2016.06.22 16:44:59.404,1.44681,1.44705,2.06,2.62
2016.06.22 16:45:00.187,1.44681,1.44703,1.50,1.12
2016.06.22 16:45:01.100,1.4468,1.44701,1.87,1.00
2016.06.22 16:45:02.907,1.4468,1.447,1.12,1.00
2016.06.22 16:45:03.060,1.44679,1.447,1.31,1.87
2016.06.22 16:45:03.579,1.4468,1.447,1.00,1.12
2016.06.22 16:45:08.112,1.44681,1.447,1.00,1.12
2016.06.22 16:45:12.086,1.44684,1.447,1.00,1.12
2016.06.22 16:45:12.188,1.44684,1.44704,1.00,1.87
2016.06.22 16:45:12.391,1.44686,1.44704,1.00,1.12
2016.06.22 16:45:13.214,1.4469,1.44709,1.00,1.87
2016.06.22 16:45:13.315,1.44691,1.44711,1.00,1.87
2016.06.22 16:45:13.397,1.44691,1.44711,1.00,1.50
2016.06.22 16:45:13.501,1.44687,1.44709,1.12,1.50
2016.06.22 16:45:13.603,1.44685,1.44708,1.50,1.12
2016.06.22 16:45:14.117,1.44686,1.44708,2.25,1.12
2016.06.22 16:45:14.219,1.44692,1.44711,1.00,1.12
2016.06.22 16:45:14.321,1.44692,1.44712,1.00,2.62
2016.06.22 16:45:15.078,1.4469,1.44711,1.00,1.50
2016.06.22 16:45:15.230,1.44688,1.44709,1.00,1.37
2016.06.22 16:45:15.536,1.4469,1.4471,1.50,1.00
2016.06.22 16:45:16.043,1.44691,1.44713,1.00,1.87
2016.06.22 16:45:16.581,1.44692,1.44713,1.00,1.87
2016.06.22 16:45:16.683,1.44689,1.44713,1.50,2.62
2016.06.22 16:45:17.383,1.44692,1.44713,1.00,1.87
2016.06.22 16:45:19.190,1.4469,1.44713,1.12,1.87
2016.06.22 16:45:19.293,1.44692,1.44713,1.00,1.12
2016.06.22 16:45:19.901,1.44693,1.44713,1.00,1.12
2016.06.22 16:45:20.394,1.44696,1.44713,1.00,1.12
2016.06.22 16:45:20.446,1.44696,1.44717,1.00,1.37
2016.06.22 16:45:20.499,1.44698,1.44717,1.00,1.37
2016.06.22 16:45:20.629,1.44699,1.4472,1.00,1.12
2016.06.22 16:45:21.146,1.44698,1.4472,1.00,1.12
2016.06.22 16:45:22.198,1.44697,1.4472,1.12,1.87
2016.06.22 16:45:23.501,1.44695,1.44717,1.87,1.00
2016.06.22 16:45:23.552,1.44695,1.44717,1.00,1.87
2016.06.22 16:45:23.895,1.44692,1.44714,1.00,1.87
2016.06.22 16:45:24.823,1.44693,1.44713,1.00,1.50
2016.06.22 16:45:26.631,1.44694,1.44714,1.00,1.87
2016.06.22 16:45:27.528,1.44693,1.44713,1.00,1.50
2016.06.22 16:45:29.937,1.44688,1.44707,1.47,1.00
2016.06.22 16:45:29.988,1.44687,1.44707,1.12,1.00
2016.06.22 16:45:30.039,1.44687,1.44706,1.25,1.50
2016.06.22 16:45:30.559,1.44687,1.44707,1.00,1.87
2016.06.22 16:45:32.650,1.44688,1.44707,1.00,1.12
2016.06.22 16:45:33.952,1.44684,1.44707,1.12,1.87
2016.06.22 16:45:36.582,1.44687,1.44707,1.00,1.87
2016.06.22 16:45:36.633,1.44685,1.44707,1.00,1.87
2016.06.22 16:45:38.558,1.44682,1.44704,1.50,1.50
2016.06.22 16:45:40.789,1.44683,1.44704,1.00,1.50
2016.06.22 16:45:40.840,1.44685,1.44705,1.00,1.87
2016.06.22 16:45:41.142,1.44687,1.44705,1.56,1.12
2016.06.22 16:45:41.244,1.44686,1.44705,1.56,1.12
2016.06.22 16:45:41.346,1.44687,1.44705,1.56,1.12
2016.06.22 16:45:41.448,1.44686,1.44705,1.00,1.12
2016.06.22 16:45:41.499,1.44689,1.44705,1.00,1.12
2016.06.22 16:45:41.702,1.44686,1.44706,1.00,1.12
2016.06.22 16:45:41.906,1.44689,1.44706,1.56,1.12
2016.06.22 16:45:42.282,1.44687,1.44708,1.00,1.87
2016.06.22 16:45:42.333,1.44686,1.44706,1.73,1.12
2016.06.22 16:45:43.027,1.44687,1.44707,1.36,1.50
2016.06.22 16:45:43.230,1.44686,1.44707,1.17,1.50
2016.06.22 16:45:43.382,1.44686,1.44704,1.04,1.12
2016.06.22 16:45:43.686,1.44686,1.44706,1.04,1.37
2016.06.22 16:45:44.228,1.44686,1.44706,1.06,1.37
2016.06.22 16:45:46.235,1.44683,1.44703,1.17,1.00
2016.06.22 16:45:46.337,1.44681,1.44701,1.92,1.00
2016.06.22 16:45:46.540,1.4468,1.44701,1.54,1.12
2016.06.22 16:45:46.642,1.4468,1.44701,1.54,1.12
2016.06.22 16:45:48.169,1.44681,1.44701,1.00,1.12
2016.06.22 16:45:49.547,1.44686,1.44703,1.00,1.12
2016.06.22 16:45:49.801,1.44685,1.44706,1.87,1.12
2016.06.22 16:45:49.852,1.44689,1.44706,1.00,1.12
2016.06.22 16:45:49.903,1.44689,1.44708,1.87,1.12
2016.06.22 16:45:49.954,1.44691,1.44708,1.50,1.12
2016.06.22 16:45:50.107,1.44693,1.44711,1.00,1.12
2016.06.22 16:45:50.159,1.44695,1.44712,1.00,1.12
2016.06.22 16:45:50.261,1.44693,1.44713,1.50,1.12
2016.06.22 16:45:50.588,1.44696,1.44713,1.00,1.12
2016.06.22 16:45:50.894,1.44695,1.44719,1.87,1.87
2016.06.22 16:45:51.047,1.44695,1.44719,1.50,1.12
2016.06.22 16:45:51.149,1.44692,1.44716,1.95,1.12
2016.06.22 16:45:51.201,1.44697,1.44718,1.12,2.25
2016.06.22 16:45:51.305,1.44689,1.44712,1.12,1.37
2016.06.22 16:45:52.419,1.44687,1.44712,2.25,1.75
2016.06.22 16:45:52.655,1.44686,1.44709,1.12,2.25
2016.06.22 16:45:53.164,1.44688,1.44709,1.00,1.75
2016.06.22 16:45:53.367,1.44686,1.44707,1.12,1.00
2016.06.22 16:45:53.892,1.44686,1.4471,1.50,1.87
2016.06.22 16:45:54.019,1.44686,1.44707,1.00,1.12
2016.06.22 16:45:54.121,1.44682,1.44705,1.00,1.75
2016.06.22 16:45:54.222,1.4468,1.44702,1.00,1.50
2016.06.22 16:45:54.477,1.44682,1.44701,1.00,1.12
2016.06.22 16:45:54.578,1.44679,1.44701,2.32,1.12
2016.06.22 16:45:54.731,1.44679,1.44702,1.12,1.87
2016.06.22 16:45:54.884,1.44676,1.44698,1.20,1.12
2016.06.22 16:45:55.633,1.44676,1.44697,1.00,1.12
2016.06.22 16:45:56.140,1.44675,1.44695,1.50,1.12
2016.06.22 16:45:57.143,1.44675,1.44696,1.50,1.37
2016.06.22 16:45:57.194,1.44675,1.44698,1.50,1.87
2016.06.22 16:45:58.282,1.44674,1.44696,1.12,1.12
2016.06.22 16:45:59.064,1.44674,1.44696,1.00,1.75
2016.06.22 16:45:59.692,1.44672,1.44693,1.12,1.12
2016.06.22 16:45:59.794,1.44669,1.44691,1.12,1.12
2016.06.22 16:46:00.317,1.44669,1.44691,1.50,1.12
2016.06.22 16:46:00.868,1.44669,1.44691,1.12,1.12
2016.06.22 16:46:01.463,1.44671,1.44692,1.00,1.37
2016.06.22 16:46:01.665,1.44669,1.44691,1.12,1.12
2016.06.22 16:46:02.683,1.44673,1.44692,1.00,1.37
2016.06.22 16:46:02.987,1.44681,1.44702,1.36,1.12
2016.06.22 16:46:03.240,1.44682,1.44706,1.36,1.50
2016.06.22 16:46:04.167,1.44682,1.44706,2.48,1.50
2016.06.22 16:46:05.580,1.44682,1.44704,1.92,1.00
2016.06.22 16:46:06.086,1.44683,1.44705,1.54,1.12
2016.06.22 16:46:06.654,1.44682,1.44704,1.17,1.50
2016.06.22 16:46:07.793,1.44682,1.44703,1.17,1.00
2016.06.22 16:46:09.102,1.44682,1.44702,1.12,1.00
2016.06.22 16:46:09.595,1.44682,1.44697,1.12,1.00
2016.06.22 16:46:09.700,1.44682,1.44699,1.12,1.00
2016.06.22 16:46:09.752,1.44679,1.44699,1.00,1.50
2016.06.22 16:46:09.804,1.44682,1.447,1.00,1.12
2016.06.22 16:46:09.856,1.44682,1.44703,1.50,1.00
2016.06.22 16:46:09.958,1.44684,1.44709,1.12,2.25
2016.06.22 16:46:10.060,1.44686,1.44709,1.12,1.00
2016.06.22 16:46:10.566,1.44686,1.44711,1.12,1.37
2016.06.22 16:46:11.191,1.44686,1.44709,1.87,1.00
2016.06.22 16:46:11.294,1.44686,1.44707,1.12,1.00
2016.06.22 16:46:11.600,1.44681,1.44704,1.12,1.75
2016.06.22 16:46:11.651,1.4468,1.44703,1.50,1.12
2016.06.22 16:46:11.865,1.44679,1.44701,1.50,1.50
2016.06.22 16:46:12.373,1.44678,1.44699,1.00,1.00
2016.06.22 16:46:12.984,1.44679,1.44701,1.37,1.37
2016.06.22 16:46:13.035,1.44681,1.44703,1.00,1.87
2016.06.22 16:46:13.086,1.44686,1.44703,1.00,1.12
2016.06.22 16:46:13.229,1.44687,1.4471,1.95,1.12
2016.06.22 16:46:13.685,1.44684,1.44709,1.50,1.75
2016.06.22 16:46:13.736,1.44683,1.44707,3.00,1.12
2016.06.22 16:46:14.248,1.44683,1.44707,1.50,1.12
2016.06.22 16:46:15.157,1.44684,1.44706,1.00,1.87
2016.06.22 16:46:15.309,1.44682,1.44704,1.00,1.50
2016.06.22 16:46:16.612,1.44682,1.44704,1.37,1.12
2016.06.22 16:46:20.915,1.44683,1.44706,1.50,2.25
2016.06.22 16:46:21.135,1.44683,1.44703,1.00,1.00
2016.06.22 16:46:21.338,1.44677,1.44699,1.50,1.12
2016.06.22 16:46:21.491,1.44678,1.447,1.50,1.12
2016.06.22 16:46:21.592,1.44678,1.447,1.50,1.37
2016.06.22 16:46:22.816,1.44679,1.44701,1.00,1.12
2016.06.22 16:46:23.288,1.44681,1.44701,1.00,1.12
2016.06.22 16:46:23.794,1.4468,1.44701,1.00,1.12
2016.06.22 16:46:24.069,1.44683,1.44703,1.00,1.12
2016.06.22 16:46:26.893,1.44683,1.44703,1.00,1.75
2016.06.22 16:46:26.944,1.44681,1.44701,1.00,1.50
2016.06.22 16:46:27.603,1.44678,1.447,1.12,1.50
2016.06.22 16:46:28.111,1.44681,1.44701,1.00,1.87
2016.06.22 16:46:28.415,1.44683,1.44701,1.00,1.12
2016.06.22 16:46:28.568,1.44684,1.44704,1.12,1.12
2016.06.22 16:46:28.975,1.44682,1.44704,1.00,1.50
2016.06.22 16:46:29.253,1.44683,1.44705,1.50,1.00
2016.06.22 16:46:29.507,1.44683,1.44705,1.12,1.50
2016.06.22 16:46:30.114,1.44681,1.44703,1.12,1.12
2016.06.22 16:46:30.317,1.44679,1.44701,2.25,1.00
2016.06.22 16:46:30.441,1.44679,1.44701,1.87,1.37
2016.06.22 16:46:30.493,1.44681,1.44702,1.00,1.12
2016.06.22 16:46:30.545,1.44678,1.44702,1.50,1.87
2016.06.22 16:46:32.158,1.44681,1.44701,1.00,1.50
2016.06.22 16:46:32.664,1.4468,1.447,1.00,1.12
2016.06.22 16:46:34.434,1.44677,1.44699,1.87,1.00
2016.06.22 16:46:34.737,1.44674,1.44694,1.12,1.00
2016.06.22 16:46:34.788,1.44672,1.44694,1.12,1.00
2016.06.22 16:46:35.243,1.44673,1.44697,1.20,1.37
2016.06.22 16:46:35.699,1.44673,1.44696,1.87,1.00
2016.06.22 16:46:37.419,1.44673,1.44694,1.50,1.12
2016.06.22 16:46:38.851,1.44672,1.44693,1.37,1.00
2016.06.22 16:46:39.358,1.44673,1.44694,1.37,1.00
2016.06.22 16:46:39.662,1.44673,1.44694,1.00,1.12
2016.06.22 16:46:40.158,1.44672,1.44694,1.12,1.75
2016.06.22 16:46:40.361,1.4467,1.44692,1.50,1.37
2016.06.22 16:46:40.871,1.44671,1.44691,1.00,1.12
2016.06.22 16:46:41.430,1.44671,1.44691,1.50,1.00
2016.06.22 16:46:41.937,1.44671,1.4469,1.12,1.00
2016.06.22 16:46:42.948,1.4467,1.4469,1.50,1.00
2016.06.22 16:46:42.999,1.4467,1.4469,1.00,1.00
2016.06.22 16:46:44.032,1.44669,1.4469,1.12,1.00
2016.06.22 16:46:44.340,1.44671,1.44691,1.00,1.12
2016.06.22 16:46:44.849,1.44672,1.44692,1.00,1.50
2016.06.22 16:46:45.237,1.44679,1.44697,1.00,1.87
2016.06.22 16:46:45.289,1.44679,1.44697,1.00,1.00
2016.06.22 16:46:45.390,1.44679,1.447,1.00,1.87
2016.06.22 16:46:45.896,1.44677,1.44699,1.50,1.00
2016.06.22 16:46:46.150,1.4468,1.447,1.00,1.12
2016.06.22 16:46:47.178,1.44681,1.44701,1.00,1.87
2016.06.22 16:46:47.381,1.44678,1.447,1.12,1.12
2016.06.22 16:46:48.088,1.44679,1.447,1.00,1.12
2016.06.22 16:46:49.758,1.44676,1.44697,1.87,1.00
2016.06.22 16:46:50.159,1.44679,1.447,1.00,1.12
2016.06.22 16:46:50.661,1.4468,1.44701,1.00,1.87
2016.06.22 16:46:54.969,1.44681,1.44701,1.00,1.87
2016.06.22 16:46:57.965,1.44679,1.447,1.00,1.12
2016.06.22 16:47:00.055,1.44678,1.44699,1.12,1.00
2016.06.22 16:47:00.571,1.44679,1.447,1.00,1.12
2016.06.22 16:47:01.984,1.44679,1.44699,1.00,1.00
2016.06.22 16:47:03.065,1.44679,1.447,1.00,1.12
2016.06.22 16:47:05.399,1.4468,1.447,1.37,1.00
2016.06.22 16:47:05.703,1.44686,1.44706,1.37,1.00
2016.06.22 16:47:06.192,1.44687,1.44709,1.12,1.12
2016.06.22 16:47:06.243,1.44687,1.44707,1.12,1.00
2016.06.22 16:47:06.547,1.44684,1.44705,1.57,1.00
2016.06.22 16:47:07.909,1.44686,1.44706,1.00,1.12
2016.06.22 16:47:08.415,1.44687,1.44707,1.00,1.50
2016.06.22 16:47:10.013,1.44689,1.44708,1.00,1.50
2016.06.22 16:47:10.065,1.44689,1.44708,1.12,1.00
2016.06.22 16:47:10.116,1.4469,1.4471,1.37,1.00
2016.06.22 16:47:10.167,1.4469,1.44712,1.87,1.00
2016.06.22 16:47:10.218,1.4469,1.44709,1.12,1.00
2016.06.22 16:47:10.788,1.4469,1.44712,1.87,1.00
2016.06.22 16:47:10.891,1.4469,1.44709,1.87,1.00
2016.06.22 16:47:12.223,1.4469,1.44712,1.87,1.00
2016.06.22 16:47:12.913,1.44694,1.44713,1.00,1.12
2016.06.22 16:47:13.168,1.44695,1.44716,1.00,1.50
2016.06.22 16:47:13.219,1.44695,1.44717,1.87,1.00
2016.06.22 16:47:13.523,1.44695,1.44715,1.12,1.00
2016.06.22 16:47:13.827,1.44697,1.44717,1.12,1.00
2016.06.22 16:47:14.223,1.44699,1.44719,1.00,1.50
2016.06.22 16:47:14.729,1.44699,1.44719,1.12,1.00
2016.06.22 16:47:14.932,1.44698,1.44722,1.50,1.50
2016.06.22 16:47:14.983,1.44702,1.44722,1.00,2.25
2016.06.22 16:47:15.287,1.44704,1.44724,1.12,1.00
2016.06.22 16:47:15.718,1.44707,1.44726,1.12,1.00
2016.06.22 16:47:16.231,1.44707,1.44727,1.12,1.00
2016.06.22 16:47:16.536,1.44708,1.44723,1.37,1.00
2016.06.22 16:47:16.588,1.44708,1.44725,1.37,1.00
2016.06.22 16:47:16.639,1.44705,1.44725,1.00,1.00
2016.06.22 16:47:17.221,1.44704,1.44724,1.12,1.00
2016.06.22 16:47:19.075,1.44704,1.44722,1.12,1.00
2016.06.22 16:47:19.177,1.44699,1.44719,1.50,1.00
2016.06.22 16:47:19.228,1.44697,1.44719,1.12,1.50
2016.06.22 16:47:19.532,1.44698,1.44722,1.37,2.62
2016.06.22 16:47:19.835,1.44695,1.44719,1.00,1.00
2016.06.22 16:47:20.164,1.44703,1.44721,1.00,1.12
2016.06.22 16:47:20.266,1.44704,1.44724,1.50,1.50
2016.06.22 16:47:20.813,1.44701,1.44721,1.75,1.00
2016.06.22 16:47:20.864,1.44701,1.44721,1.00,1.00
2016.06.22 16:47:20.915,1.44701,1.44723,1.75,1.12
2016.06.22 16:47:21.068,1.44702,1.44724,1.50,1.12
2016.06.22 16:47:21.119,1.44705,1.44727,1.37,2.25
2016.06.22 16:47:21.171,1.44705,1.44727,1.50,1.00
2016.06.22 16:47:21.324,1.44707,1.44728,1.37,1.12
2016.06.22 16:47:21.712,1.44706,1.44726,1.12,1.00
2016.06.22 16:47:21.865,1.44704,1.44726,1.00,1.00
2016.06.22 16:47:22.321,1.44702,1.44726,1.37,1.75
2016.06.22 16:47:22.372,1.447,1.44725,1.12,1.87
2016.06.22 16:47:22.916,1.44699,1.44722,1.87,1.50
2016.06.22 16:47:22.967,1.44699,1.44722,1.12,1.87
2016.06.22 16:47:23.473,1.44698,1.4472,1.50,1.00
2016.06.22 16:47:23.626,1.44704,1.4472,1.00,1.00
2016.06.22 16:47:23.881,1.44708,1.44727,1.37,1.00
2016.06.22 16:47:24.133,1.44706,1.44728,1.12,1.00
2016.06.22 16:47:24.658,1.44706,1.4473,1.50,1.50
2016.06.22 16:47:24.912,1.44706,1.4473,2.25,1.12
2016.06.22 16:47:25.929,1.44708,1.44729,1.12,1.00
2016.06.22 16:47:26.225,1.44708,1.44731,1.87,1.12
2016.06.22 16:47:26.782,1.44711,1.44732,1.12,1.00
2016.06.22 16:47:27.137,1.44711,1.4473,1.12,1.00
2016.06.22 16:47:30.579,1.44713,1.44734,1.12,1.12
2016.06.22 16:47:30.630,1.44716,1.44734,1.00,1.12
2016.06.22 16:47:30.731,1.44717,1.44737,1.12,1.00
2016.06.22 16:47:30.901,1.44718,1.44737,1.12,1.00
2016.06.22 16:47:31.672,1.44719,1.4474,1.50,1.00
2016.06.22 16:47:33.237,1.44718,1.44739,1.12,1.00
2016.06.22 16:47:33.339,1.44718,1.44737,1.12,1.00
2016.06.22 16:47:33.390,1.44716,1.44737,1.10,1.12
2016.06.22 16:47:33.492,1.44713,1.44736,1.50,1.87
2016.06.22 16:47:34.011,1.44711,1.44734,1.12,1.12
2016.06.22 16:47:34.315,1.44715,1.44737,1.12,1.00
2016.06.22 16:47:34.619,1.44717,1.44737,1.37,1.00
2016.06.22 16:47:34.821,1.44715,1.44737,1.87,1.00
2016.06.22 16:47:35.285,1.44717,1.4474,1.87,1.50
2016.06.22 16:47:35.336,1.4472,1.4474,1.12,1.00
2016.06.22 16:47:35.641,1.4472,1.44742,1.87,1.00
2016.06.22 16:47:40.203,1.44722,1.44744,1.87,1.87
2016.06.22 16:47:40.529,1.44728,1.44748,1.87,1.00
2016.06.22 16:47:42.017,1.44727,1.44748,1.12,1.00
2016.06.22 16:47:42.068,1.44726,1.44745,1.37,1.50
2016.06.22 16:47:42.732,1.44725,1.44745,1.12,1.50
2016.06.22 16:47:42.885,1.44723,1.44743,1.87,1.00
2016.06.22 16:47:42.936,1.44722,1.44743,1.12,1.00
2016.06.22 16:47:43.139,1.44721,1.44743,1.00,1.87
2016.06.22 16:47:43.346,1.44725,1.44743,1.00,1.87
2016.06.22 16:47:43.448,1.44723,1.44743,1.00,1.87
2016.06.22 16:47:43.567,1.44721,1.44743,1.00,1.87
2016.06.22 16:47:43.618,1.44722,1.44743,1.12,1.00
2016.06.22 16:47:44.128,1.44721,1.44743,1.12,1.00
2016.06.22 16:47:44.180,1.44722,1.44743,1.87,1.00
2016.06.22 16:47:44.282,1.44722,1.44744,2.25,1.00
2016.06.22 16:47:44.333,1.44723,1.44744,1.87,1.00
2016.06.22 16:47:44.610,1.44721,1.44745,1.12,2.25
2016.06.22 16:47:44.661,1.44721,1.44742,1.12,1.00
2016.06.22 16:47:44.864,1.44715,1.44738,1.95,1.12
2016.06.22 16:47:45.017,1.44717,1.4474,1.20,1.00
2016.06.22 16:47:45.525,1.4472,1.4474,1.75,1.00
2016.06.22 16:47:45.811,1.44724,1.44743,1.00,1.12
2016.06.22 16:47:45.862,1.44724,1.44746,1.12,1.12
2016.06.22 16:47:46.581,1.44725,1.44746,1.00,1.12
2016.06.22 16:47:46.632,1.44727,1.44746,1.37,1.00
2016.06.22 16:47:46.734,1.44728,1.44749,1.00,1.50
2016.06.22 16:47:46.785,1.4473,1.44749,1.00,1.00
2016.06.22 16:47:46.961,1.44733,1.44755,1.00,1.87
2016.06.22 16:47:47.063,1.44733,1.44755,1.12,1.00
2016.06.22 16:47:49.590,1.44733,1.44754,1.12,1.00
2016.06.22 16:47:49.641,1.44732,1.44754,1.12,1.12
2016.06.22 16:47:49.692,1.44731,1.44752,1.37,1.00
2016.06.22 16:47:50.000,1.44728,1.44749,1.12,1.50
2016.06.22 16:47:50.255,1.44727,1.44749,1.12,2.25
2016.06.22 16:47:51.710,1.44727,1.44746,1.00,1.00
2016.06.22 16:47:52.216,1.44726,1.44746,1.00,1.50
2016.06.22 16:47:52.545,1.44727,1.44749,1.37,2.25
2016.06.22 16:47:52.596,1.44729,1.44749,1.00,1.00
2016.06.22 16:47:54.381,1.4473,1.44749,1.00,1.00
2016.06.22 16:47:54.799,1.4473,1.44751,1.00,1.00
2016.06.22 16:47:55.102,1.44732,1.44751,1.00,1.50
2016.06.22 16:47:55.255,1.4473,1.44751,1.00,1.50
2016.06.22 16:47:55.559,1.44735,1.44755,1.00,1.75
2016.06.22 16:47:56.102,1.44733,1.44753,1.37,1.00
2016.06.22 16:47:56.701,1.44733,1.44755,1.87,1.50
2016.06.22 16:47:56.904,1.44737,1.44758,1.00,2.62
2016.06.22 16:47:57.006,1.44737,1.44758,1.37,1.87
2016.06.22 16:47:57.401,1.4474,1.44758,1.00,1.00
2016.06.22 16:47:58.268,1.4474,1.44758,1.37,1.00
2016.06.22 16:47:58.471,1.44738,1.44758,1.12,1.50
2016.06.22 16:48:00.198,1.44738,1.44758,1.75,1.00
2016.06.22 16:48:00.789,1.44737,1.44757,1.12,1.00
2016.06.22 16:48:00.840,1.44736,1.44755,2.25,1.00
2016.06.22 16:48:01.043,1.44735,1.44755,1.00,1.12
2016.06.22 16:48:02.672,1.44732,1.44753,1.87,1.00
2016.06.22 16:48:02.824,1.44732,1.44753,1.12,1.37
2016.06.22 16:48:03.330,1.44733,1.44752,1.00,1.12
2016.06.22 16:48:05.581,1.44732,1.44752,1.00,1.12
2016.06.22 16:48:06.215,1.44731,1.4475,1.12,1.00
2016.06.22 16:48:06.671,1.44729,1.44747,1.87,1.00
2016.06.22 16:48:06.773,1.44725,1.44744,1.00,1.00
2016.06.22 16:48:06.976,1.44727,1.44747,1.00,2.25
2016.06.22 16:48:08.094,1.44728,1.44747,1.00,1.50
2016.06.22 16:48:09.563,1.44728,1.44743,1.00,1.00
2016.06.22 16:48:09.766,1.44714,1.44734,1.00,1.50
2016.06.22 16:48:09.868,1.44711,1.44732,1.00,1.12
2016.06.22 16:48:10.413,1.4471,1.44732,1.12,1.87
2016.06.22 16:48:10.566,1.4471,1.44731,1.00,1.12
2016.06.22 16:48:10.678,1.44708,1.44731,1.00,1.12
2016.06.22 16:48:11.184,1.44709,1.44729,1.00,1.87
2016.06.22 16:48:12.315,1.4471,1.44729,1.00,1.12
2016.06.22 16:48:13.587,1.44708,1.44729,1.50,1.12
2016.06.22 16:48:15.595,1.44711,1.44729,1.00,1.12
2016.06.22 16:48:16.800,1.44707,1.44728,1.87,1.00
2016.06.22 16:48:17.306,1.44707,1.44728,1.00,1.50
2016.06.22 16:48:18.227,1.44708,1.44728,1.00,1.50
2016.06.22 16:48:24.750,1.44708,1.44726,1.00,1.00
2016.06.22 16:48:24.801,1.44706,1.44726,1.00,1.50
2016.06.22 16:48:25.307,1.44707,1.44726,1.00,1.00
2016.06.22 16:48:25.832,1.44706,1.44728,1.00,1.00
2016.06.22 16:48:25.883,1.44706,1.44729,1.87,1.12
2016.06.22 16:48:26.905,1.44708,1.44728,1.12,1.00
2016.06.22 16:48:27.209,1.44714,1.44734,1.00,1.50
2016.06.22 16:48:33.216,1.44715,1.44735,1.00,1.87
2016.06.22 16:48:33.720,1.44714,1.44734,1.00,1.50
2016.06.22 16:48:41.959,1.44713,1.44733,1.00,1.12
2016.06.22 16:48:43.589,1.44713,1.44733,1.50,1.00
2016.06.22 16:48:44.250,1.44714,1.44734,1.12,1.00
2016.06.22 16:48:44.698,1.44714,1.44734,1.00,1.87
2016.06.22 16:48:45.073,1.44712,1.44732,1.00,1.12
2016.06.22 16:48:47.265,1.44714,1.44734,1.00,1.87
2016.06.22 16:48:47.316,1.44714,1.44734,1.00,1.12
2016.06.22 16:48:47.468,1.44717,1.44736,1.00,1.37
2016.06.22 16:48:47.519,1.44717,1.44737,1.00,1.00
2016.06.22 16:48:48.815,1.44718,1.44738,1.00,1.50
2016.06.22 16:48:48.867,1.44716,1.44736,1.00,1.12
2016.06.22 16:48:48.919,1.44717,1.44738,1.12,1.00
2016.06.22 16:48:49.178,1.44721,1.44741,1.00,1.50
2016.06.22 16:48:49.382,1.44723,1.44744,1.37,1.00
2016.06.22 16:48:49.914,1.44724,1.44747,1.12,1.37
2016.06.22 16:48:50.472,1.44728,1.44747,1.00,1.37
2016.06.22 16:48:50.523,1.44728,1.4475,1.00,1.87
2016.06.22 16:48:50.574,1.4473,1.4475,1.00,1.12
2016.06.22 16:48:50.625,1.4473,1.44751,1.50,1.00
2016.06.22 16:48:50.778,1.44729,1.44747,1.12,1.00
2016.06.22 16:48:50.829,1.44727,1.44747,1.37,1.00
2016.06.22 16:48:51.158,1.44724,1.44743,1.12,1.00
2016.06.22 16:48:51.210,1.44722,1.44743,1.37,1.00
2016.06.22 16:48:51.413,1.44714,1.44739,3.37,1.87
2016.06.22 16:48:51.515,1.44711,1.44736,1.37,1.12
2016.06.22 16:48:51.617,1.44708,1.44733,1.87,1.37
2016.06.22 16:48:55.149,1.44711,1.44732,1.00,1.37
2016.06.22 16:48:55.777,1.44709,1.44731,1.37,1.12
2016.06.22 16:48:56.081,1.44713,1.44735,1.12,1.50
2016.06.22 16:48:56.284,1.44716,1.44738,1.12,1.12
2016.06.22 16:48:56.386,1.44718,1.44739,1.00,1.50
2016.06.22 16:48:56.698,1.4472,1.4474,1.12,1.00
2016.06.22 16:48:56.800,1.44718,1.44739,1.50,1.00
2016.06.22 16:48:56.903,1.44717,1.44738,1.00,1.12
2016.06.22 16:48:57.005,1.44717,1.44737,1.00,1.37
2016.06.22 16:48:57.207,1.44717,1.44738,1.00,1.12
2016.06.22 16:48:57.258,1.44717,1.44738,1.00,1.87
2016.06.22 16:48:57.780,1.44717,1.44737,1.00,1.12
2016.06.22 16:48:59.281,1.44716,1.44737,1.00,1.87
2016.06.22 16:49:00.559,1.44714,1.44736,1.12,1.50
2016.06.22 16:49:00.762,1.44713,1.44733,1.50,1.00
2016.06.22 16:49:01.268,1.44714,1.44734,1.12,1.00
2016.06.22 16:49:02.984,1.44713,1.44733,1.50,1.00
2016.06.22 16:49:04.965,1.44711,1.44733,1.75,1.37
2016.06.22 16:49:05.016,1.44711,1.44733,1.00,1.87
2016.06.22 16:49:05.564,1.44709,1.4473,1.50,1.00
2016.06.22 16:49:09.527,1.44713,1.44733,1.00,3.00
2016.06.22 16:49:09.629,1.44714,1.44734,1.00,1.87
2016.06.22 16:49:10.713,1.44713,1.44733,1.12,1.00
2016.06.22 16:49:11.262,1.44712,1.44732,1.50,1.00
2016.06.22 16:49:14.420,1.44713,1.44733,1.12,1.00
2016.06.22 16:49:15.188,1.44714,1.44734,1.00,2.25
2016.06.22 16:49:15.718,1.44714,1.44734,1.87,1.87
2016.06.22 16:49:16.432,1.44716,1.44735,1.00,1.00
2016.06.22 16:49:16.979,1.44717,1.44736,1.00,1.00
2016.06.22 16:49:17.517,1.44717,1.44735,1.00,1.00
2016.06.22 16:49:18.398,1.44718,1.44735,1.00,1.00
2016.06.22 16:49:19.710,1.44715,1.44735,1.00,1.50
2016.06.22 16:49:19.863,1.44715,1.44733,1.00,1.00
2016.06.22 16:49:20.366,1.44715,1.44734,1.00,1.12
2016.06.22 16:49:22.594,1.44712,1.4473,1.12,1.00
2016.06.22 16:49:22.900,1.44704,1.44721,3.75,1.00
2016.06.22 16:49:22.951,1.44701,1.44721,1.87,1.00
2016.06.22 16:49:23.002,1.44701,1.44726,1.12,1.95
2016.06.22 16:49:23.104,1.44697,1.44724,1.12,1.12
2016.06.22 16:49:23.155,1.44696,1.44722,1.75,1.12
2016.06.22 16:49:23.206,1.44698,1.44723,1.37,1.12
2016.06.22 16:49:23.257,1.44699,1.44724,1.12,1.12
2016.06.22 16:49:23.460,1.44698,1.44723,1.37,1.12
2016.06.22 16:49:23.575,1.44699,1.44724,1.12,1.12
2016.06.22 16:49:24.032,1.44703,1.44723,1.00,1.50
2016.06.22 16:49:24.235,1.44704,1.44724,1.12,1.00
2016.06.22 16:49:25.337,1.44704,1.44725,1.12,1.12
2016.06.22 16:49:28.013,1.44703,1.44724,1.50,1.00
2016.06.22 16:49:28.367,1.44705,1.44724,1.37,1.00
2016.06.22 16:49:28.722,1.44703,1.44724,1.12,1.12
2016.06.22 16:49:28.923,1.44705,1.44724,1.00,1.12
2016.06.22 16:49:30.467,1.44705,1.44725,1.50,1.00
2016.06.22 16:49:32.191,1.44707,1.44725,1.12,1.00
2016.06.22 16:49:32.595,1.44706,1.44726,1.12,1.00
2016.06.22 16:49:32.849,1.44708,1.44728,1.00,1.12
2016.06.22 16:49:32.950,1.44706,1.44728,1.12,1.12
2016.06.22 16:49:33.052,1.44706,1.44726,1.12,1.00
2016.06.22 16:49:34.532,1.44706,1.44725,1.12,1.00
2016.06.22 16:49:34.786,1.44698,1.44719,1.37,1.00
2016.06.22 16:49:34.888,1.44696,1.44719,1.50,1.50
2016.06.22 16:49:35.403,1.44696,1.44717,1.50,1.00
2016.06.22 16:49:38.004,1.44698,1.4472,1.87,1.00
2016.06.22 16:49:38.562,1.447,1.4472,1.00,1.00
2016.06.22 16:49:40.340,1.44701,1.44721,1.00,1.12
2016.06.22 16:49:42.220,1.44701,1.44721,1.87,1.00
2016.06.22 16:49:42.831,1.44702,1.44722,1.50,1.00
2016.06.22 16:49:43.337,1.44701,1.44723,1.12,1.00
2016.06.22 16:49:43.744,1.44701,1.4472,1.12,1.00
2016.06.22 16:49:43.947,1.44695,1.44717,1.50,1.12
2016.06.22 16:49:44.833,1.44697,1.44718,1.00,1.50
2016.06.22 16:49:46.733,1.44695,1.44718,1.50,1.50
2016.06.22 16:49:47.054,1.44695,1.44716,1.12,1.50
2016.06.22 16:49:47.763,1.44693,1.44714,1.00,1.12
2016.06.22 16:49:48.269,1.44692,1.44714,1.12,1.12
2016.06.22 16:49:48.801,1.44692,1.44713,1.12,1.00
2016.06.22 16:49:50.081,1.44694,1.44714,1.00,1.12
2016.06.22 16:49:50.643,1.44693,1.44712,1.00,1.00
2016.06.22 16:49:50.746,1.44691,1.44711,1.12,1.12
2016.06.22 16:49:59.674,1.44688,1.44707,1.75,1.50
2016.06.22 16:50:00.011,1.4468,1.44695,1.00,1.00
2016.06.22 16:50:00.062,1.44678,1.44697,1.00,1.12
2016.06.22 16:50:00.113,1.44681,1.44703,1.12,1.12
2016.06.22 16:50:00.165,1.44682,1.44706,1.75,2.25
2016.06.22 16:50:00.318,1.44684,1.4471,1.12,1.12
2016.06.22 16:50:00.369,1.44686,1.4471,1.37,1.37
2016.06.22 16:50:00.522,1.44682,1.44708,1.87,1.37
2016.06.22 16:50:00.573,1.44682,1.44707,1.87,1.12
2016.06.22 16:50:01.798,1.44686,1.44706,1.00,1.50
2016.06.22 16:50:02.528,1.44687,1.44707,1.00,1.87
2016.06.22 16:50:02.579,1.44685,1.44705,1.00,1.12
2016.06.22 16:50:02.731,1.44685,1.44704,1.00,1.12
2016.06.22 16:50:02.884,1.44683,1.44703,1.00,1.50
2016.06.22 16:50:04.878,1.44686,1.44704,1.00,1.12
2016.06.22 16:50:05.134,1.44689,1.44707,1.00,1.00
2016.06.22 16:50:05.185,1.44685,1.44705,1.12,1.50
2016.06.22 16:50:05.287,1.44681,1.44701,1.50,1.00
2016.06.22 16:50:05.389,1.44677,1.44703,1.87,1.75
2016.06.22 16:50:05.440,1.44677,1.44701,1.12,1.37
2016.06.22 16:50:05.491,1.44677,1.44701,1.37,1.12
2016.06.22 16:50:05.721,1.44678,1.44703,1.37,1.37
2016.06.22 16:50:06.278,1.44678,1.44705,1.12,1.50
2016.06.22 16:50:06.329,1.44682,1.44705,1.12,1.00
2016.06.22 16:50:06.582,1.44682,1.44703,1.12,1.00
2016.06.22 16:50:07.070,1.44683,1.44705,1.50,1.00
2016.06.22 16:50:07.273,1.44682,1.44703,1.12,1.00
2016.06.22 16:50:07.375,1.4468,1.44702,1.50,1.12
2016.06.22 16:50:07.477,1.44679,1.447,1.12,1.00
2016.06.22 16:50:08.085,1.44679,1.44699,1.12,1.00
2016.06.22 16:50:08.331,1.44678,1.447,1.12,1.50
2016.06.22 16:50:08.585,1.44676,1.44697,1.12,1.00
2016.06.22 16:50:08.686,1.44675,1.44697,1.12,1.50
2016.06.22 16:50:09.609,1.44678,1.44698,1.00,1.12
2016.06.22 16:50:09.857,1.44678,1.447,1.87,1.12
2016.06.22 16:50:09.909,1.44678,1.44698,1.12,1.00
2016.06.22 16:50:09.960,1.44676,1.44698,1.12,1.50
2016.06.22 16:50:11.110,1.44679,1.44699,1.00,1.12
2016.06.22 16:50:11.424,1.44679,1.44701,1.87,1.00
2016.06.22 16:50:11.526,1.44679,1.44701,1.12,1.37
2016.06.22 16:50:12.504,1.44679,1.44701,1.00,1.87
2016.06.22 16:50:13.504,1.44679,1.447,1.00,1.37
2016.06.22 16:50:13.822,1.44682,1.44702,1.00,1.87
2016.06.22 16:50:14.126,1.4469,1.4471,1.00,1.12
2016.06.22 16:50:14.177,1.4469,1.44711,1.00,1.87
2016.06.22 16:50:15.818,1.44691,1.44711,1.00,1.00
2016.06.22 16:50:15.920,1.44693,1.44713,1.00,1.12
2016.06.22 16:50:18.535,1.44694,1.44713,1.00,1.12
2016.06.22 16:50:18.687,1.44694,1.44714,1.00,1.12
2016.06.22 16:50:19.111,1.44692,1.44713,1.12,1.00
2016.06.22 16:50:19.264,1.44692,1.44713,1.00,1.87
2016.06.22 16:50:19.369,1.44692,1.44713,1.12,1.00
2016.06.22 16:50:25.439,1.44692,1.44714,1.12,1.12
2016.06.22 16:50:25.642,1.44695,1.44714,1.00,1.12
2016.06.22 16:50:27.240,1.44697,1.44716,1.00,1.12
2016.06.22 16:50:27.494,1.44699,1.44719,1.12,1.00
2016.06.22 16:50:28.021,1.447,1.44719,1.00,1.50
2016.06.22 16:50:32.153,1.44698,1.44718,1.00,1.12
2016.06.22 16:50:32.254,1.44696,1.44715,1.12,1.12
2016.06.22 16:50:33.568,1.44695,1.44715,1.00,1.12
2016.06.22 16:50:34.078,1.44694,1.44714,1.12,1.00
2016.06.22 16:50:44.083,1.44695,1.44715,1.00,1.12
2016.06.22 16:50:48.158,1.44694,1.44714,1.12,1.00
2016.06.22 16:50:48.687,1.44695,1.44715,1.00,1.12
2016.06.22 16:50:51.570,1.44694,1.44715,1.12,1.12
2016.06.22 16:50:51.874,1.447,1.44717,1.00,1.12
2016.06.22 16:50:52.027,1.44702,1.44722,1.00,2.62
2016.06.22 16:50:52.230,1.44702,1.44724,1.50,1.12
2016.06.22 16:50:52.790,1.44704,1.44724,1.00,1.12
2016.06.22 16:51:03.580,1.44705,1.44725,1.00,1.50
2016.06.22 16:51:04.187,1.44703,1.44724,1.12,1.12
2016.06.22 16:51:05.110,1.44704,1.44725,1.00,1.50
2016.06.22 16:51:07.110,1.44707,1.44726,1.00,1.12
2016.06.22 16:51:07.262,1.44708,1.44729,1.00,1.87
2016.06.22 16:51:07.389,1.44711,1.44729,1.00,1.37
2016.06.22 16:51:07.491,1.44711,1.44732,1.00,1.57
2016.06.22 16:51:07.826,1.44709,1.44723,1.00,1.00
2016.06.22 16:51:07.979,1.44702,1.44723,2.62,1.00
2016.06.22 16:51:08.233,1.44701,1.44725,1.50,3.37
2016.06.22 16:51:08.284,1.447,1.44722,1.00,1.12
2016.06.22 16:51:08.639,1.44697,1.44719,1.00,1.12
2016.06.22 16:51:09.222,1.44698,1.44717,1.00,1.12
2016.06.22 16:51:09.749,1.44697,1.44716,1.00,1.00
2016.06.22 16:51:10.533,1.44696,1.44716,1.12,1.00
2016.06.22 16:51:12.907,1.44695,1.44715,1.50,1.00
2016.06.22 16:51:14.579,1.44695,1.44715,1.00,1.00
2016.06.22 16:51:14.971,1.44697,1.44714,1.00,1.00
2016.06.22 16:51:15.276,1.44704,1.44722,1.00,1.12
2016.06.22 16:51:15.538,1.44707,1.44726,1.00,1.12
2016.06.22 16:51:15.639,1.44703,1.44726,1.50,1.12
2016.06.22 16:51:15.872,1.44705,1.4473,1.75,1.75
2016.06.22 16:51:16.420,1.44707,1.44727,1.12,1.00
2016.06.22 16:51:22.136,1.44706,1.44725,1.50,1.00
2016.06.22 16:51:22.529,1.44706,1.44728,1.50,1.50
2016.06.22 16:51:23.061,1.44708,1.44728,1.00,1.12
2016.06.22 16:51:31.549,1.44711,1.4473,1.00,1.12
2016.06.22 16:51:31.600,1.44711,1.44731,1.00,1.50
2016.06.22 16:51:31.703,1.44707,1.44728,1.12,1.00
2016.06.22 16:51:32.007,1.44701,1.44719,1.12,1.00
2016.06.22 16:51:32.109,1.44697,1.44716,1.12,1.00
2016.06.22 16:51:32.261,1.44695,1.44719,2.25,1.50
2016.06.22 16:51:33.652,1.447,1.44719,1.00,1.87
2016.06.22 16:51:35.173,1.44697,1.44717,1.00,1.50
2016.06.22 16:51:40.554,1.44696,1.44716,1.00,1.87
2016.06.22 16:51:48.459,1.44695,1.44715,1.00,1.12
2016.06.22 16:51:49.270,1.44692,1.44709,1.75,1.00
2016.06.22 16:51:49.575,1.44682,1.44703,1.87,1.00
2016.06.22 16:51:49.957,1.44684,1.44707,1.00,1.00
2016.06.22 16:51:50.160,1.44685,1.4471,1.37,1.87
2016.06.22 16:51:50.706,1.44687,1.44708,1.12,1.00
2016.06.22 16:51:51.561,1.44688,1.44708,1.00,1.00
2016.06.22 16:51:53.670,1.44689,1.44709,1.00,1.12
2016.06.22 16:51:53.975,1.44691,1.44711,1.12,1.00
2016.06.22 16:51:54.481,1.44691,1.44712,1.12,1.87
2016.06.22 16:51:54.797,1.44693,1.44714,1.00,3.37
2016.06.22 16:51:55.102,1.44695,1.44716,1.12,2.25
2016.06.22 16:51:55.153,1.44695,1.44716,1.12,1.50
2016.06.22 16:51:55.406,1.44694,1.44714,1.50,1.00
2016.06.22 16:51:55.609,1.44696,1.44716,1.00,1.50
2016.06.22 16:51:56.998,1.44697,1.44717,1.00,2.25
2016.06.22 16:51:57.411,1.44703,1.44718,1.00,1.87
2016.06.22 16:51:57.614,1.44703,1.44722,1.00,1.12
2016.06.22 16:51:57.740,1.44703,1.44723,1.00,1.12
2016.06.22 16:51:57.993,1.44705,1.44725,1.00,1.87
2016.06.22 16:51:58.533,1.44704,1.44723,1.00,1.12
2016.06.22 16:52:00.201,1.44703,1.44723,1.00,1.12
2016.06.22 16:52:00.708,1.44701,1.44721,1.50,1.00
2016.06.22 16:52:01.267,1.44701,1.44715,1.50,1.00
2016.06.22 16:52:01.573,1.44686,1.44706,1.37,1.00
2016.06.22 16:52:01.675,1.44684,1.44706,1.00,1.12
2016.06.22 16:52:02.184,1.44685,1.44706,1.00,1.12
2016.06.22 16:52:02.696,1.44687,1.44707,1.00,1.50
2016.06.22 16:52:03.051,1.44689,1.44707,1.00,1.87
2016.06.22 16:52:03.254,1.44695,1.44716,1.00,2.62
2016.06.22 16:52:03.490,1.44692,1.44716,1.87,1.12
2016.06.22 16:52:03.645,1.44693,1.44717,1.37,1.20
2016.06.22 16:52:03.746,1.4469,1.44713,1.50,1.12
2016.06.22 16:52:03.950,1.4469,1.44716,2.25,1.12
2016.06.22 16:52:04.790,1.44693,1.44716,1.00,1.87
2016.06.22 16:52:07.330,1.44694,1.44713,1.00,1.12
2016.06.22 16:52:07.432,1.44689,1.44708,1.50,1.31
2016.06.22 16:52:07.483,1.44688,1.44707,1.12,1.87
2016.06.22 16:52:07.534,1.44685,1.44706,1.00,1.25
2016.06.22 16:52:07.635,1.44685,1.44704,1.00,1.00
2016.06.22 16:52:09.335,1.44683,1.44704,1.00,1.31
2016.06.22 16:52:09.386,1.44685,1.44704,1.00,1.31
2016.06.22 16:52:09.488,1.44683,1.44704,1.00,1.31
2016.06.22 16:52:12.372,1.44683,1.44704,1.00,1.87
2016.06.22 16:52:12.923,1.44684,1.44704,1.00,1.87
2016.06.22 16:52:13.805,1.4469,1.44704,1.00,1.12
2016.06.22 16:52:14.008,1.4469,1.44709,1.00,1.12
2016.06.22 16:52:14.059,1.4469,1.4471,1.00,1.87
2016.06.22 16:52:16.633,1.44689,1.44709,1.00,1.00
2016.06.22 16:52:17.736,1.44691,1.4471,1.00,1.50
2016.06.22 16:52:18.243,1.44688,1.4471,1.12,1.12
2016.06.22 16:52:18.294,1.44688,1.44707,1.12,1.00
2016.06.22 16:52:18.839,1.44688,1.44708,1.00,1.31
2016.06.22 16:52:20.300,1.44686,1.44706,1.50,1.00
2016.06.22 16:52:20.842,1.44687,1.44706,1.12,1.12
2016.06.22 16:52:21.851,1.44686,1.44706,1.50,1.00
2016.06.22 16:52:22.710,1.4469,1.4471,1.00,2.62
2016.06.22 16:52:23.016,1.44683,1.44699,1.00,1.12
2016.06.22 16:52:23.320,1.4468,1.44699,1.00,1.87
2016.06.22 16:52:23.447,1.44674,1.44699,1.12,3.00
2016.06.22 16:52:23.600,1.4468,1.447,1.75,1.12
2016.06.22 16:52:23.651,1.4468,1.44703,1.75,1.31
2016.06.22 16:52:23.702,1.44683,1.44705,1.12,1.87
2016.06.22 16:52:23.905,1.44679,1.44704,2.25,1.94
2016.06.22 16:52:28.263,1.44678,1.447,1.12,1.00
2016.06.22 16:52:28.364,1.44677,1.44699,1.50,1.00
2016.06.22 16:52:29.470,1.44676,1.44698,2.25,1.00
2016.06.22 16:52:29.981,1.44678,1.44698,1.00,1.50
2016.06.22 16:52:30.487,1.44677,1.44697,1.00,1.12
2016.06.22 16:52:31.736,1.44679,1.44699,1.00,1.87
2016.06.22 16:52:33.232,1.4468,1.44699,1.00,1.12
2016.06.22 16:52:33.537,1.44687,1.44703,1.00,1.00
2016.06.22 16:52:33.645,1.44683,1.44703,2.25,2.06
2016.06.22 16:52:33.747,1.44683,1.44703,1.00,1.69
2016.06.22 16:52:34.264,1.4468,1.44703,1.12,1.25
2016.06.22 16:52:34.819,1.44683,1.44703,1.00,1.69
2016.06.22 16:52:35.849,1.44684,1.44703,1.00,1.25
2016.06.22 16:52:36.153,1.44686,1.44703,1.00,1.25
2016.06.22 16:52:42.681,1.44688,1.44705,1.00,1.12
2016.06.22 16:52:42.858,1.44688,1.44707,1.00,1.69
2016.06.22 16:52:43.063,1.44686,1.44707,1.00,2.44
2016.06.22 16:52:43.115,1.44686,1.44705,1.00,1.37
2016.06.22 16:52:44.486,1.44684,1.44705,1.00,1.37
2016.06.22 16:52:44.794,1.44686,1.44705,1.00,1.50
2016.06.22 16:52:45.296,1.44687,1.44707,1.00,1.62
2016.06.22 16:52:45.836,1.44688,1.44707,1.00,1.62
2016.06.22 16:52:49.956,1.447,1.44707,1.00,1.62
2016.06.22 16:52:50.058,1.44703,1.44715,1.00,1.00
2016.06.22 16:52:50.109,1.44703,1.44722,1.00,1.57
2016.06.22 16:52:50.262,1.44703,1.44723,1.50,1.00
2016.06.22 16:52:50.464,1.44699,1.44724,1.00,1.87
2016.06.22 16:52:50.578,1.44698,1.44723,1.50,1.50
2016.06.22 16:52:51.084,1.447,1.4472,1.00,1.37
2016.06.22 16:52:51.753,1.44702,1.44719,1.00,1.50
2016.06.22 16:52:52.162,1.44701,1.44722,1.37,1.00
2016.06.22 16:52:52.213,1.44706,1.44722,1.00,1.00
2016.06.22 16:52:52.416,1.44715,1.44738,1.12,1.72
2016.06.22 16:52:52.467,1.44716,1.44739,1.37,1.50
2016.06.22 16:52:55.745,1.44715,1.44737,1.00,1.12
2016.06.22 16:52:56.253,1.44714,1.44736,1.12,1.50
2016.06.22 16:52:56.706,1.44711,1.44733,1.75,1.12
2016.06.22 16:52:56.758,1.44711,1.44733,1.12,1.50
2016.06.22 16:52:56.910,1.44709,1.44731,1.50,1.37
2016.06.22 16:52:56.962,1.44709,1.44731,1.00,1.87
2016.06.22 16:52:57.472,1.44706,1.44728,1.87,1.00
2016.06.22 16:52:57.575,1.44705,1.44728,1.50,1.50
2016.06.22 16:52:58.002,1.44712,1.44729,1.00,1.12
2016.06.22 16:52:58.053,1.44712,1.44732,1.00,1.12
2016.06.22 16:52:58.155,1.44713,1.44735,1.00,1.87
2016.06.22 16:52:58.732,1.44714,1.44735,1.00,1.12
2016.06.22 16:52:59.259,1.44713,1.44732,1.00,1.12
2016.06.22 16:52:59.776,1.44712,1.44732,1.00,1.12
2016.06.22 16:53:00.787,1.44713,1.44732,1.00,1.12
2016.06.22 16:53:01.094,1.44718,1.44736,1.00,4.12
2016.06.22 16:53:01.146,1.44718,1.44736,1.00,3.00
2016.06.22 16:53:01.348,1.44719,1.44733,1.00,3.00
2016.06.22 16:53:01.653,1.44704,1.44726,1.12,1.12
2016.06.22 16:53:01.754,1.44701,1.44726,1.50,2.25
2016.06.22 16:53:02.308,1.44706,1.44726,1.00,2.25
2016.06.22 16:53:02.359,1.44706,1.44726,1.00,1.12
2016.06.22 16:53:02.916,1.44707,1.44726,1.00,1.12
2016.06.22 16:53:03.018,1.44709,1.44729,1.00,1.12
2016.06.22 16:53:03.170,1.44708,1.4473,1.00,1.50
2016.06.22 16:53:04.540,1.44709,1.44731,1.00,1.12
2016.06.22 16:53:05.108,1.44712,1.44731,1.00,1.12
2016.06.22 16:53:05.159,1.44712,1.44733,1.00,1.50
2016.06.22 16:53:05.210,1.44709,1.44731,1.12,1.00
2016.06.22 16:53:05.362,1.44707,1.4473,1.12,1.12
2016.06.22 16:53:05.692,1.44705,1.44727,1.00,1.12
2016.06.22 16:53:05.997,1.44701,1.44723,1.00,1.12
2016.06.22 16:53:06.301,1.44703,1.44723,1.00,1.12
2016.06.22 16:53:06.604,1.44701,1.44723,1.00,1.12
2016.06.22 16:53:08.896,1.44699,1.44721,1.50,1.12
2016.06.22 16:53:09.025,1.44697,1.44719,1.75,1.12
2016.06.22 16:53:09.077,1.44697,1.44719,1.00,1.87
2016.06.22 16:53:09.280,1.44698,1.4472,1.37,1.00
2016.06.22 16:53:09.636,1.44698,1.44721,1.37,1.87
2016.06.22 16:53:09.788,1.44693,1.44718,1.12,1.12
2016.06.22 16:53:10.500,1.44693,1.44715,1.87,1.00
2016.06.22 16:53:11.039,1.44694,1.44718,1.50,1.20
2016.06.22 16:53:11.141,1.44698,1.44719,1.00,1.12
2016.06.22 16:53:11.192,1.44698,1.4472,1.00,1.50
2016.06.22 16:53:11.626,1.44696,1.44719,1.37,1.37
2016.06.22 16:53:12.160,1.44698,1.44718,1.00,1.12
2016.06.22 16:53:12.999,1.44698,1.44721,1.12,1.87
2016.06.22 16:53:14.405,1.447,1.44721,1.00,1.12
2016.06.22 16:53:14.712,1.44698,1.44721,1.12,1.87
2016.06.22 16:53:15.321,1.44699,1.44721,1.00,1.12
2016.06.22 16:53:15.448,1.44701,1.44721,1.00,1.12
2016.06.22 16:53:15.602,1.447,1.44722,1.50,1.12
2016.06.22 16:53:15.703,1.44699,1.44721,1.00,1.50
2016.06.22 16:53:16.212,1.44698,1.4472,1.12,1.12
2016.06.22 16:53:16.518,1.44702,1.44722,1.00,1.12
2016.06.22 16:53:16.620,1.44702,1.44724,1.12,1.12
2016.06.22 16:53:17.251,1.44704,1.44726,1.12,1.75
2016.06.22 16:53:17.302,1.44704,1.44726,1.50,1.12
2016.06.22 16:53:17.821,1.44703,1.44722,1.12,1.00
2016.06.22 16:53:17.922,1.44699,1.44719,1.12,1.00
2016.06.22 16:53:18.125,1.44697,1.44719,1.12,1.50
2016.06.22 16:53:18.384,1.44694,1.44718,1.75,1.87
2016.06.22 16:53:18.435,1.44694,1.44715,1.00,1.00
2016.06.22 16:53:18.537,1.44692,1.44715,1.50,1.00
2016.06.22 16:53:18.892,1.44691,1.44712,1.00,1.00
2016.06.22 16:53:19.464,1.4469,1.44712,1.00,1.50
2016.06.22 16:53:19.837,1.44689,1.4471,1.00,1.00
2016.06.22 16:53:20.242,1.44689,1.44712,1.50,1.50
2016.06.22 16:53:22.671,1.44689,1.44711,1.00,1.00
2016.06.22 16:53:23.272,1.44688,1.4471,1.37,1.50
2016.06.22 16:53:23.498,1.44687,1.44709,1.00,1.87
2016.06.22 16:53:24.040,1.44688,1.44709,1.00,1.12
2016.06.22 16:53:25.747,1.44689,1.44709,1.00,1.87
2016.06.22 16:53:26.375,1.44688,1.44708,1.50,1.50
2016.06.22 16:53:26.527,1.44688,1.44707,1.00,1.12
2016.06.22 16:53:26.881,1.44685,1.44707,1.87,1.87
2016.06.22 16:53:27.265,1.44688,1.44707,1.00,1.12
2016.06.22 16:53:27.821,1.44695,1.44709,1.00,1.12
2016.06.22 16:53:27.923,1.44696,1.44714,1.00,1.00
2016.06.22 16:53:28.126,1.44695,1.44716,1.00,2.25
2016.06.22 16:53:28.177,1.44695,1.44716,1.00,2.62
2016.06.22 16:53:28.228,1.44693,1.44715,1.00,1.12
2016.06.22 16:53:28.380,1.4469,1.44709,1.37,1.00
2016.06.22 16:53:28.482,1.44686,1.44709,2.62,1.87
2016.06.22 16:53:28.533,1.44686,1.44708,1.50,1.12
2016.06.22 16:53:28.635,1.44686,1.44706,1.00,1.12
2016.06.22 16:53:29.129,1.44686,1.44708,1.12,1.50
2016.06.22 16:53:30.605,1.44686,1.4471,1.50,1.75
2016.06.22 16:53:30.656,1.44686,1.4471,1.87,1.12
2016.06.22 16:53:30.708,1.44686,1.4471,1.50,1.87
2016.06.22 16:53:30.759,1.44686,1.44709,1.12,1.12
2016.06.22 16:53:31.173,1.44689,1.44709,1.00,1.12
2016.06.22 16:53:31.426,1.4469,1.44712,1.00,1.12
2016.06.22 16:53:31.989,1.44691,1.44712,1.00,1.12
2016.06.22 16:53:32.526,1.44692,1.44712,1.00,1.12
2016.06.22 16:53:33.341,1.44694,1.44712,1.00,1.12
2016.06.22 16:53:33.444,1.44694,1.44717,1.12,1.12
2016.06.22 16:53:33.900,1.44695,1.44718,1.37,1.12
2016.06.22 16:53:33.951,1.44695,1.44719,1.87,1.87
2016.06.22 16:53:34.408,1.44696,1.44718,1.37,1.87
2016.06.22 16:53:34.548,1.44695,1.44719,1.12,1.87
2016.06.22 16:53:34.599,1.44695,1.44719,1.37,2.32
2016.06.22 16:53:34.650,1.44695,1.44717,1.00,1.37
2016.06.22 16:53:35.587,1.44693,1.44717,1.37,1.87
2016.06.22 16:53:35.790,1.4469,1.44714,2.32,1.50
2016.06.22 16:53:36.289,1.44693,1.44714,1.00,2.06
2016.06.22 16:53:36.391,1.44689,1.44712,1.87,1.31
2016.06.22 16:53:36.492,1.44689,1.44708,1.12,1.00
2016.06.22 16:53:36.696,1.44683,1.44706,1.12,2.06
2016.06.22 16:53:37.721,1.44683,1.44705,1.12,1.81
2016.06.22 16:53:38.380,1.44685,1.44705,1.00,1.69
2016.06.22 16:53:38.584,1.44688,1.44705,1.00,1.56
2016.06.22 16:53:39.497,1.44686,1.44705,1.12,1.56
2016.06.22 16:53:39.864,1.44688,1.44707,1.00,1.69
2016.06.22 16:53:40.898,1.44689,1.44707,1.00,1.69
2016.06.22 16:53:41.404,1.44689,1.44708,1.00,2.06
2016.06.22 16:53:44.534,1.44688,1.44708,1.00,2.06
2016.06.22 16:53:48.101,1.44688,1.44706,1.12,1.56
2016.06.22 16:53:48.760,1.44686,1.44707,1.50,2.25
2016.06.22 16:53:48.811,1.44684,1.44707,2.25,1.31
2016.06.22 16:53:52.095,1.44685,1.44705,1.50,1.00
2016.06.22 16:53:52.634,1.44687,1.44706,1.00,1.25
2016.06.22 16:53:53.140,1.44686,1.44706,1.12,1.25
2016.06.22 16:53:53.662,1.44685,1.44705,1.50,1.50
2016.06.22 16:53:53.713,1.44684,1.447,1.12,1.00
2016.06.22 16:53:53.815,1.44681,1.44699,1.12,1.00
2016.06.22 16:53:53.917,1.44681,1.44701,1.00,1.69
2016.06.22 16:53:54.221,1.44684,1.44702,1.00,1.31
2016.06.22 16:53:54.750,1.44685,1.44705,1.00,2.62
2016.06.22 16:53:54.801,1.44687,1.44707,1.00,2.44
2016.06.22 16:53:54.852,1.44687,1.44707,1.00,2.06
2016.06.22 16:53:55.004,1.44688,1.44707,1.50,1.25
2016.06.22 16:53:55.439,1.44689,1.44709,1.12,1.00
2016.06.22 16:53:55.965,1.4469,1.4471,1.00,1.12
2016.06.22 16:53:56.472,1.44691,1.44711,1.00,1.69
2016.06.22 16:53:56.523,1.44693,1.44712,1.50,1.69
2016.06.22 16:53:59.320,1.44692,1.44712,1.00,1.19
2016.06.22 16:53:59.882,1.44691,1.44711,1.12,1.25
2016.06.22 16:54:01.302,1.44695,1.44714,1.00,1.87
2016.06.22 16:54:01.353,1.44695,1.44714,1.00,1.37
2016.06.22 16:54:01.404,1.44698,1.44716,1.00,1.12
2016.06.22 16:54:01.506,1.44699,1.44718,1.00,1.12
2016.06.22 16:54:01.710,1.44696,1.44718,1.12,1.00
2016.06.22 16:54:01.812,1.44696,1.44714,1.12,1.00
2016.06.22 16:54:02.268,1.44694,1.44714,1.50,1.00
2016.06.22 16:54:02.769,1.44694,1.44715,1.50,1.00
2016.06.22 16:54:03.338,1.44694,1.44716,1.50,1.12
2016.06.22 16:54:03.440,1.44694,1.44714,1.50,1.00
2016.06.22 16:54:03.541,1.44694,1.44716,1.50,1.12
2016.06.22 16:54:04.156,1.44696,1.44716,1.00,1.12
2016.06.22 16:54:05.407,1.44696,1.44715,1.00,1.00
2016.06.22 16:54:06.436,1.44698,1.44715,1.00,1.00
2016.06.22 16:54:06.487,1.44698,1.44718,1.12,1.50
2016.06.22 16:54:06.538,1.44698,1.44718,1.87,1.00
2016.06.22 16:54:07.066,1.447,1.4472,1.87,1.37
2016.06.22 16:54:07.573,1.447,1.4472,1.87,1.12
2016.06.22 16:54:09.356,1.44701,1.44722,1.50,1.37
2016.06.22 16:54:09.875,1.44701,1.4472,1.50,1.00
2016.06.22 16:54:11.232,1.44701,1.44719,1.50,1.00
2016.06.22 16:54:11.754,1.44701,1.44721,1.50,1.00
2016.06.22 16:54:12.412,1.44701,1.4472,1.50,1.00
2016.06.22 16:54:13.113,1.44701,1.44719,1.50,1.00
2016.06.22 16:54:13.230,1.447,1.44717,2.00,1.00
2016.06.22 16:54:13.484,1.44699,1.44718,1.12,1.00
2016.06.22 16:54:14.250,1.44698,1.44716,1.62,1.00
2016.06.22 16:54:14.785,1.44696,1.44716,2.81,1.00
2016.06.22 16:54:15.295,1.44697,1.44716,1.25,1.00
2016.06.22 16:54:15.833,1.44698,1.44718,1.00,1.50
2016.06.22 16:54:17.035,1.44699,1.44719,1.00,2.62
2016.06.22 16:54:17.288,1.44703,1.44723,1.50,1.00
2016.06.22 16:54:17.802,1.44704,1.44724,1.12,1.00
2016.06.22 16:54:19.229,1.44705,1.44725,1.00,1.50
2016.06.22 16:54:27.232,1.4471,1.44726,1.00,1.00
2016.06.22 16:54:27.435,1.44714,1.44733,1.00,1.37
2016.06.22 16:54:27.486,1.44714,1.44734,1.00,1.50
2016.06.22 16:54:28.229,1.44713,1.44733,1.00,1.12
2016.06.22 16:54:28.954,1.44712,1.44732,1.50,1.00
2016.06.22 16:54:29.485,1.44712,1.44732,1.12,1.00
2016.06.22 16:54:29.999,1.44711,1.44734,1.87,1.57
2016.06.22 16:54:30.538,1.44711,1.4473,1.37,1.00
2016.06.22 16:54:30.842,1.44705,1.44726,1.50,1.37
2016.06.22 16:54:30.893,1.44705,1.44726,1.00,1.50
2016.06.22 16:54:34.639,1.44704,1.44726,1.87,1.50
2016.06.22 16:54:35.882,1.44706,1.44726,1.00,1.50
2016.06.22 16:54:36.653,1.44705,1.44725,1.00,1.12
2016.06.22 16:54:36.957,1.44705,1.44725,1.00,1.87
2016.06.22 16:54:38.613,1.44705,1.44725,1.50,1.12
2016.06.22 16:54:38.664,1.44707,1.44727,1.00,1.87
2016.06.22 16:54:38.816,1.44707,1.44727,1.00,1.00
2016.06.22 16:54:39.344,1.44705,1.44727,1.50,1.50
2016.06.22 16:54:39.918,1.44705,1.44727,1.50,1.50
2016.06.22 16:54:42.171,1.44705,1.44724,1.12,1.00
2016.06.22 16:54:42.324,1.44702,1.44724,1.50,1.87
2016.06.22 16:54:44.505,1.44699,1.44723,3.00,1.50
2016.06.22 16:54:48.986,1.447,1.44721,1.50,1.00
2016.06.22 16:54:49.489,1.44699,1.4472,1.00,1.50
2016.06.22 16:54:49.983,1.44699,1.44718,1.00,1.37
2016.06.22 16:54:50.494,1.44699,1.44718,1.50,1.00
2016.06.22 16:54:52.276,1.44701,1.44721,1.00,1.87
2016.06.22 16:54:53.829,1.44702,1.44721,1.00,1.87
2016.06.22 16:54:54.082,1.44704,1.44726,1.50,1.12
2016.06.22 16:54:56.481,1.44702,1.4472,1.37,1.00
2016.06.22 16:54:56.583,1.44699,1.4472,1.12,1.12
2016.06.22 16:54:56.735,1.44699,1.44719,1.00,1.37
2016.06.22 16:55:00.214,1.44696,1.44717,2.25,1.00
2016.06.22 16:55:00.317,1.44696,1.44715,1.12,1.00
2016.06.22 16:55:00.470,1.44694,1.44715,1.12,1.12
2016.06.22 16:55:00.726,1.44696,1.44716,1.00,1.37
2016.06.22 16:55:01.270,1.44699,1.44716,1.00,1.37
2016.06.22 16:55:01.581,1.4471,1.44716,1.00,1.00
2016.06.22 16:55:01.683,1.44713,1.44724,1.00,1.37
2016.06.22 16:55:01.734,1.44716,1.44729,1.00,3.00
2016.06.22 16:55:01.785,1.44716,1.44733,1.12,2.62
2016.06.22 16:55:02.089,1.44716,1.44734,1.31,1.00
2016.06.22 16:55:02.268,1.44719,1.44735,1.00,1.00
2016.06.22 16:55:03.447,1.44716,1.44735,1.31,1.00
2016.06.22 16:55:03.498,1.44716,1.44732,1.31,1.00
2016.06.22 16:55:04.029,1.44716,1.44733,1.25,1.00
2016.06.22 16:55:04.231,1.44714,1.44733,1.00,1.00
2016.06.22 16:55:05.455,1.44714,1.44733,1.00,2.06
2016.06.22 16:55:06.414,1.44714,1.44733,1.00,1.50
2016.06.22 16:55:08.594,1.44713,1.44733,1.31,1.00
2016.06.22 16:55:08.645,1.44712,1.4473,1.56,1.00
2016.06.22 16:55:08.949,1.44706,1.44723,2.06,1.00
2016.06.22 16:55:09.101,1.44708,1.44727,1.31,1.95
2016.06.22 16:55:09.203,1.44708,1.44724,1.31,1.00
2016.06.22 16:55:09.433,1.44708,1.44728,1.00,2.44
2016.06.22 16:55:10.207,1.44708,1.44727,1.00,1.31
2016.06.22 16:55:10.731,1.44707,1.44727,1.00,1.00
2016.06.22 16:55:10.884,1.44708,1.44727,1.00,1.12
2016.06.22 16:55:11.441,1.44707,1.44727,1.00,1.87
2016.06.22 16:55:11.644,1.44705,1.44725,1.00,1.12
2016.06.22 16:55:11.796,1.44702,1.44723,1.87,1.00
2016.06.22 16:55:12.129,1.44701,1.4472,1.50,1.50
2016.06.22 16:55:12.636,1.44701,1.44724,1.12,1.87
2016.06.22 16:55:12.838,1.44704,1.44724,1.00,1.37
2016.06.22 16:55:13.421,1.44707,1.44728,1.50,1.87
2016.06.22 16:55:13.472,1.44707,1.44728,1.50,1.37
2016.06.22 16:55:13.523,1.4471,1.4473,1.00,1.87
2016.06.22 16:55:13.574,1.44708,1.4473,1.12,1.50
2016.06.22 16:55:13.625,1.44706,1.44723,1.12,1.00
2016.06.22 16:55:13.777,1.44701,1.44722,1.12,1.00
2016.06.22 16:55:13.879,1.447,1.44721,1.00,1.37
2016.06.22 16:55:15.050,1.44708,1.44722,1.00,1.87
2016.06.22 16:55:15.152,1.44708,1.44727,1.00,1.87
2016.06.22 16:55:18.456,1.44708,1.4473,1.00,1.87
2016.06.22 16:55:18.558,1.44707,1.44727,1.00,1.12
2016.06.22 16:55:19.657,1.44707,1.44728,1.00,1.00
2016.06.22 16:55:20.231,1.44706,1.44727,1.50,1.00
2016.06.22 16:55:20.333,1.44706,1.44726,1.00,1.12
2016.06.22 16:55:20.557,1.44702,1.44723,2.25,1.87
2016.06.22 16:55:21.755,1.44699,1.44719,1.50,1.50
2016.06.22 16:55:22.080,1.44696,1.44716,1.00,1.87
2016.06.22 16:55:22.437,1.44693,1.44714,1.87,1.12
2016.06.22 16:55:22.538,1.44692,1.44712,1.00,1.50
2016.06.22 16:55:22.842,1.4469,1.44711,1.87,1.12
2016.06.22 16:55:24.848,1.44692,1.44712,1.00,1.50
2016.06.22 16:55:28.269,1.4469,1.44709,1.12,1.37
2016.06.22 16:55:28.674,1.44688,1.44708,1.50,1.00
2016.06.22 16:55:28.877,1.44686,1.44706,1.00,1.37
2016.06.22 16:55:29.427,1.44686,1.44706,1.00,1.12
2016.06.22 16:55:31.877,1.44689,1.44707,1.00,1.75
2016.06.22 16:55:31.928,1.44689,1.44707,1.00,1.37
2016.06.22 16:55:32.131,1.4469,1.4471,1.00,1.50
2016.06.22 16:55:32.639,1.44687,1.44707,1.12,1.00
2016.06.22 16:55:32.791,1.44686,1.44706,1.50,1.87
2016.06.22 16:55:32.842,1.44684,1.44704,1.00,1.50
2016.06.22 16:55:33.047,1.44681,1.44701,2.25,1.00
2016.06.22 16:55:33.365,1.44681,1.44701,1.00,2.25
2016.06.22 16:55:34.369,1.44682,1.44701,1.00,2.25
2016.06.22 16:55:34.876,1.44678,1.44698,1.87,1.00
2016.06.22 16:55:34.978,1.44675,1.44695,2.25,1.00
2016.06.22 16:55:35.029,1.44675,1.44695,1.12,1.00
2016.06.22 16:55:36.167,1.44672,1.44692,1.12,1.00
2016.06.22 16:55:36.218,1.44671,1.44692,3.00,1.00
2016.06.22 16:55:36.269,1.44671,1.4469,1.37,1.00
2016.06.22 16:55:36.575,1.44676,1.44694,1.00,1.12
2016.06.22 16:55:36.626,1.44676,1.44695,1.00,1.12
2016.06.22 16:55:36.751,1.44676,1.44696,1.50,1.12
2016.06.22 16:55:38.738,1.4468,1.44696,1.00,1.12
2016.06.22 16:55:38.843,1.44681,1.44702,1.00,1.87
2016.06.22 16:55:38.946,1.44681,1.44702,1.00,1.00
2016.06.22 16:55:39.686,1.44682,1.44703,1.00,1.50
2016.06.22 16:55:40.290,1.44681,1.44702,1.00,1.00
2016.06.22 16:55:40.796,1.44683,1.44703,1.00,1.50
2016.06.22 16:55:42.524,1.44686,1.44703,1.00,1.00
2016.06.22 16:55:42.575,1.44686,1.44707,1.50,1.95
2016.06.22 16:55:43.093,1.44686,1.44707,1.87,1.12
2016.06.22 16:55:44.257,1.44684,1.44704,1.12,1.00
2016.06.22 16:55:44.308,1.44683,1.44704,1.87,1.12
2016.06.22 16:55:44.410,1.44683,1.44703,1.50,1.12
2016.06.22 16:55:44.461,1.44681,1.44702,1.00,1.50
2016.06.22 16:55:44.562,1.44678,1.44697,1.87,1.00
2016.06.22 16:55:44.614,1.44678,1.44697,1.00,1.12
2016.06.22 16:55:45.158,1.44677,1.44697,1.50,1.12
2016.06.22 16:55:45.563,1.44677,1.44695,1.00,1.00
2016.06.22 16:55:45.615,1.44675,1.44695,1.00,1.12
2016.06.22 16:55:45.666,1.44673,1.44693,1.12,1.00
2016.06.22 16:55:45.970,1.44671,1.44691,1.50,1.87
2016.06.22 16:55:46.486,1.44671,1.44691,1.50,1.00
2016.06.22 16:55:46.588,1.44671,1.44691,1.50,1.87
2016.06.22 16:55:47.015,1.44671,1.44691,1.50,1.00
2016.06.22 16:55:47.117,1.44671,1.44691,1.50,1.87
2016.06.22 16:55:48.349,1.44669,1.4469,1.00,1.50
2016.06.22 16:55:48.400,1.44668,1.44687,1.12,1.00
2016.06.22 16:55:48.919,1.44668,1.44686,1.00,1.00
2016.06.22 16:55:49.123,1.44666,1.44686,1.00,1.00
2016.06.22 16:55:49.224,1.44664,1.44685,1.87,1.87
2016.06.22 16:55:49.671,1.44662,1.44682,1.87,1.00
2016.06.22 16:55:49.773,1.44664,1.44684,1.00,1.50
2016.06.22 16:55:50.280,1.44663,1.44683,1.00,1.12
2016.06.22 16:55:50.821,1.44664,1.44684,1.00,1.50
2016.06.22 16:55:52.286,1.44665,1.44685,1.00,1.87
2016.06.22 16:55:52.449,1.44663,1.44683,1.50,1.12
2016.06.22 16:55:52.500,1.44665,1.44685,1.00,1.87
2016.06.22 16:55:52.602,1.44663,1.44684,1.50,1.50
2016.06.22 16:55:52.855,1.44668,1.44684,1.00,1.50
2016.06.22 16:55:53.007,1.44676,1.44694,1.00,1.12
2016.06.22 16:55:53.109,1.44676,1.44697,1.00,1.12
2016.06.22 16:55:58.251,1.44674,1.44695,1.12,1.12
2016.06.22 16:56:00.207,1.44671,1.4469,1.50,1.00
2016.06.22 16:56:00.410,1.44668,1.44689,1.50,1.50
2016.06.22 16:56:00.917,1.44666,1.44686,1.00,1.37
2016.06.22 16:56:01.120,1.44666,1.44687,1.87,1.12
2016.06.22 16:56:01.424,1.44669,1.44688,1.00,1.37
2016.06.22 16:56:04.266,1.44664,1.44684,1.12,1.00
2016.06.22 16:56:04.317,1.44662,1.44686,2.25,1.87
2016.06.22 16:56:04.419,1.44665,1.44685,1.00,1.50
2016.06.22 16:56:04.621,1.44663,1.44685,1.12,1.50
2016.06.22 16:56:05.128,1.44664,1.44685,1.00,1.50
2016.06.22 16:56:05.320,1.44669,1.44687,1.00,1.75
2016.06.22 16:56:05.422,1.44669,1.44689,1.50,1.12
2016.06.22 16:56:05.524,1.44669,1.4469,1.00,1.12
2016.06.22 16:56:05.625,1.44667,1.4469,1.12,1.75
2016.06.22 16:56:05.950,1.44664,1.44685,1.50,1.12
2016.06.22 16:56:06.363,1.44662,1.44685,1.12,1.50
2016.06.22 16:56:06.414,1.4466,1.4468,2.25,1.00
2016.06.22 16:56:06.617,1.44659,1.4468,1.50,1.00
2016.06.22 16:56:06.668,1.44659,1.4468,1.12,1.50
2016.06.22 16:56:07.427,1.4466,1.4468,1.00,1.12
2016.06.22 16:56:08.043,1.44662,1.4468,1.00,1.12
2016.06.22 16:56:08.246,1.44663,1.44684,1.00,1.12
2016.06.22 16:56:10.054,1.44662,1.44684,1.00,1.12
2016.06.22 16:56:10.509,1.44661,1.44681,1.00,1.50
2016.06.22 16:56:10.611,1.44658,1.44681,1.87,1.87
2016.06.22 16:56:11.117,1.44659,1.4468,1.00,1.50
2016.06.22 16:56:11.695,1.44657,1.44681,1.50,1.87
2016.06.22 16:56:13.475,1.44659,1.44681,1.00,1.87
2016.06.22 16:56:13.981,1.4466,1.44681,1.00,1.87
2016.06.22 16:56:15.137,1.44661,1.44681,1.00,1.12
2016.06.22 16:56:16.177,1.44658,1.44679,1.87,1.12
2016.06.22 16:56:16.278,1.44657,1.44678,1.12,1.50
2016.06.22 16:56:16.380,1.44655,1.44676,1.50,1.12
2016.06.22 16:56:18.159,1.44655,1.44675,1.00,1.00
2016.06.22 16:56:18.665,1.44653,1.44677,2.62,1.50
2016.06.22 16:56:19.122,1.44656,1.44676,1.00,1.12
2016.06.22 16:56:19.646,1.44657,1.44678,1.00,2.25
2016.06.22 16:56:21.136,1.44656,1.44677,1.50,1.50
2016.06.22 16:56:21.789,1.44653,1.44674,1.87,1.12
2016.06.22 16:56:22.295,1.44654,1.44674,1.00,1.00
2016.06.22 16:56:22.804,1.44655,1.44676,1.12,1.87
2016.06.22 16:56:22.856,1.44655,1.44676,1.12,1.12
2016.06.22 16:56:23.622,1.44658,1.44676,1.00,1.12
2016.06.22 16:56:23.929,1.44666,1.44685,1.00,1.12
2016.06.22 16:56:24.202,1.44662,1.44685,1.00,1.50
2016.06.22 16:56:24.253,1.44659,1.44684,2.25,1.12
2016.06.22 16:56:24.355,1.44659,1.44681,1.50,1.12
2016.06.22 16:56:24.864,1.44656,1.44677,1.12,1.12
2016.06.22 16:56:25.473,1.4466,1.44677,1.00,1.12
2016.06.22 16:56:26.582,1.4466,1.4468,1.00,1.87
2016.06.22 16:56:26.785,1.4466,1.44676,1.00,1.12
2016.06.22 16:56:28.400,1.44659,1.44676,1.00,1.12
2016.06.22 16:56:30.800,1.4466,1.44676,1.00,1.12
2016.06.22 16:56:31.566,1.4466,1.4468,1.00,1.12
2016.06.22 16:56:31.668,1.4466,1.44677,1.00,1.12
2016.06.22 16:56:32.270,1.44658,1.44677,1.00,1.12
2016.06.22 16:56:32.877,1.4466,1.44677,1.00,1.12
2016.06.22 16:56:34.071,1.44659,1.44677,1.00,1.12
2016.06.22 16:56:34.375,1.44661,1.4468,1.00,1.50
2016.06.22 16:56:34.426,1.44659,1.4468,1.00,1.50
2016.06.22 16:56:34.554,1.44661,1.4468,1.00,1.50
2016.06.22 16:56:34.860,1.44663,1.44683,1.00,1.87
2016.06.22 16:56:34.911,1.44663,1.44683,1.00,1.50
2016.06.22 16:56:36.200,1.44662,1.44682,1.00,1.12
2016.06.22 16:56:38.060,1.44663,1.44682,1.00,1.12
2016.06.22 16:56:39.021,1.44661,1.44682,1.12,1.12
2016.06.22 16:56:39.073,1.4466,1.44679,1.00,1.00
2016.06.22 16:56:39.593,1.4466,1.4468,1.50,1.50
2016.06.22 16:56:44.130,1.44661,1.4468,1.00,1.50
2016.06.22 16:56:44.637,1.44659,1.4468,1.00,1.00
2016.06.22 16:56:44.881,1.44661,1.4468,1.00,1.00
2016.06.22 16:56:46.185,1.44662,1.4468,1.00,1.00
2016.06.22 16:56:46.286,1.4466,1.4468,1.00,1.00
2016.06.22 16:56:47.482,1.44659,1.4468,1.12,1.00
2016.06.22 16:56:47.635,1.44657,1.4468,1.50,1.50
2016.06.22 16:56:48.147,1.44657,1.44679,1.50,1.00
2016.06.22 16:56:48.688,1.44659,1.44679,1.00,1.00
2016.06.22 16:56:49.894,1.44657,1.44679,1.50,1.00
2016.06.22 16:56:50.903,1.44662,1.4468,1.00,1.12
2016.06.22 16:56:51.005,1.44662,1.44684,1.87,2.62
2016.06.22 16:56:53.010,1.44661,1.44682,1.50,1.00
2016.06.22 16:56:59.424,1.44663,1.44683,1.00,1.12
2016.06.22 16:57:00.818,1.44663,1.44681,1.00,1.12
2016.06.22 16:57:01.325,1.44661,1.44681,1.50,1.87
2016.06.22 16:57:02.204,1.4466,1.44679,1.00,1.87
2016.06.22 16:57:02.255,1.44657,1.44677,2.25,1.31
2016.06.22 16:57:02.357,1.44659,1.44679,1.00,2.62
2016.06.22 16:57:02.509,1.44657,1.44677,1.50,1.69
2016.06.22 16:57:02.610,1.44659,1.44677,1.00,1.25
2016.06.22 16:57:03.336,1.44658,1.44677,1.00,1.25
2016.06.22 16:57:03.887,1.44659,1.44677,1.00,1.25
2016.06.22 16:57:04.149,1.44656,1.44677,1.12,1.69
2016.06.22 16:57:04.251,1.44654,1.44677,1.50,2.06
2016.06.22 16:57:04.757,1.44654,1.44676,1.12,1.12
2016.06.22 16:57:05.064,1.44652,1.44672,2.25,1.00
2016.06.22 16:57:05.620,1.44652,1.44672,1.50,1.12
2016.06.22 16:57:06.223,1.44651,1.44671,1.00,1.00
2016.06.22 16:57:08.349,1.44651,1.44674,1.00,1.12
2016.06.22 16:57:08.652,1.44654,1.44674,1.00,1.12
2016.06.22 16:57:08.966,1.44652,1.44672,1.50,1.00
2016.06.22 16:57:09.226,1.44652,1.44674,1.50,1.12
2016.06.22 16:57:09.429,1.44652,1.44672,1.50,1.00
2016.06.22 16:57:09.735,1.4465,1.4467,1.00,1.50
2016.06.22 16:57:10.040,1.44647,1.44667,1.50,1.00
2016.06.22 16:57:12.234,1.44644,1.44664,1.50,1.00
2016.06.22 16:57:12.387,1.44643,1.44663,1.87,1.00
2016.06.22 16:57:13.045,1.44644,1.44666,1.00,2.06
2016.06.22 16:57:14.269,1.44644,1.44665,1.00,1.00
2016.06.22 16:57:14.774,1.44644,1.44664,1.00,1.00
2016.06.22 16:57:16.142,1.44643,1.44662,1.12,1.00
2016.06.22 16:57:16.650,1.44641,1.44661,1.50,1.00
2016.06.22 16:57:17.190,1.44641,1.44661,1.00,1.50
2016.06.22 16:57:18.024,1.44642,1.44661,1.00,1.50
2016.06.22 16:57:18.278,1.44649,1.44669,1.12,1.00
2016.06.22 16:57:19.377,1.4465,1.4467,1.00,1.00
2016.06.22 16:57:20.180,1.44647,1.44669,2.25,1.00
2016.06.22 16:57:20.282,1.44647,1.44666,1.75,1.00
2016.06.22 16:57:20.484,1.44645,1.44665,1.00,1.00
2016.06.22 16:57:20.990,1.44642,1.44666,1.87,1.12
2016.06.22 16:57:21.041,1.44642,1.44666,1.50,1.87
2016.06.22 16:57:21.092,1.44642,1.44665,1.12,1.12
2016.06.22 16:57:21.224,1.44644,1.44665,1.00,1.87
2016.06.22 16:57:22.084,1.44646,1.44665,1.00,1.12
2016.06.22 16:57:22.866,1.44647,1.44665,1.00,1.12
2016.06.22 16:57:23.195,1.44647,1.44668,1.00,1.50
2016.06.22 16:57:23.560,1.44649,1.44669,1.00,1.87
2016.06.22 16:57:23.662,1.44646,1.44668,1.00,1.50
2016.06.22 16:57:23.865,1.44646,1.44668,1.87,1.00
2016.06.22 16:57:25.460,1.44647,1.44667,1.00,1.37
2016.06.22 16:57:28.358,1.44646,1.44666,1.00,1.12
2016.06.22 16:57:29.762,1.44645,1.44665,1.12,1.00
2016.06.22 16:57:30.302,1.44646,1.44666,1.00,1.12
2016.06.22 16:57:31.108,1.44645,1.44665,1.12,1.00
2016.06.22 16:57:32.385,1.44645,1.44665,1.00,1.87
2016.06.22 16:57:33.890,1.44646,1.44665,1.00,1.12
2016.06.22 16:57:34.598,1.44643,1.44663,1.37,1.12
2016.06.22 16:57:34.699,1.44643,1.44662,1.00,1.37
2016.06.22 16:57:37.297,1.44642,1.44662,1.00,1.87
2016.06.22 16:57:37.822,1.4464,1.44662,1.00,1.87
2016.06.22 16:57:38.277,1.44638,1.44658,1.37,1.00
2016.06.22 16:57:38.429,1.44634,1.44656,3.00,1.00
2016.06.22 16:57:38.480,1.44634,1.44654,2.25,1.00
2016.06.22 16:57:38.683,1.44633,1.44653,1.00,1.50
2016.06.22 16:57:39.626,1.44633,1.44653,3.00,1.12
2016.06.22 16:57:39.779,1.4464,1.4466,1.12,1.50
2016.06.22 16:57:40.335,1.4464,1.4466,1.12,1.12
2016.06.22 16:57:40.386,1.4464,1.44663,1.12,1.87
2016.06.22 16:57:41.280,1.44641,1.44661,1.00,1.00
2016.06.22 16:57:45.606,1.44638,1.44659,2.25,1.00
2016.06.22 16:57:45.709,1.44638,1.44658,1.00,1.00
2016.06.22 16:57:46.332,1.44638,1.44658,1.12,1.87
2016.06.22 16:57:47.707,1.44638,1.44658,1.12,1.00
2016.06.22 16:57:48.201,1.44637,1.44654,1.37,1.00
2016.06.22 16:57:48.302,1.44634,1.44654,1.50,1.00
2016.06.22 16:57:48.484,1.44633,1.44653,1.00,1.12
2016.06.22 16:57:50.024,1.44634,1.44654,1.00,1.50
2016.06.22 16:57:50.531,1.44635,1.44655,1.00,1.87
2016.06.22 16:57:51.110,1.44634,1.44654,1.06,1.50
2016.06.22 16:57:51.211,1.44629,1.44649,1.57,1.87
2016.06.22 16:57:51.262,1.44629,1.44649,1.12,1.87
2016.06.22 16:57:51.459,1.44627,1.44646,1.00,1.12
2016.06.22 16:57:51.916,1.44632,1.44648,1.00,1.12
2016.06.22 16:57:52.119,1.44632,1.44653,1.00,1.50
2016.06.22 16:57:52.321,1.4463,1.44651,1.06,1.12
2016.06.22 16:57:52.625,1.44632,1.44651,1.12,1.12
2016.06.22 16:57:54.220,1.44632,1.44653,1.12,1.00
2016.06.22 16:57:54.322,1.44633,1.44652,1.12,1.00
2016.06.22 16:57:54.649,1.44633,1.44652,1.00,1.12
2016.06.22 16:57:55.058,1.44631,1.44652,1.00,1.12
2016.06.22 16:57:55.564,1.4463,1.4465,1.12,1.12
2016.06.22 16:57:56.094,1.44631,1.44651,1.00,1.50
2016.06.22 16:57:56.702,1.44633,1.44652,1.00,1.87
2016.06.22 16:57:56.854,1.44635,1.44657,1.00,1.87
2016.06.22 16:57:57.221,1.44634,1.44654,1.12,1.50
2016.06.22 16:57:57.723,1.44634,1.44653,1.00,1.12
2016.06.22 16:58:00.232,1.44629,1.44648,1.72,1.00
2016.06.22 16:58:00.284,1.44628,1.44648,2.62,1.00
2016.06.22 16:58:00.729,1.44633,1.4465,1.00,1.87
2016.06.22 16:58:00.831,1.4463,1.4465,1.00,1.87
2016.06.22 16:58:01.036,1.44627,1.44646,1.50,1.00
2016.06.22 16:58:01.138,1.44627,1.44642,1.00,1.00
2016.06.22 16:58:01.239,1.44625,1.44649,2.62,1.87
2016.06.22 16:58:01.291,1.44625,1.44646,1.87,1.12
2016.06.22 16:58:01.342,1.44622,1.44645,1.12,1.37
2016.06.22 16:58:01.696,1.44622,1.44646,1.87,1.50
2016.06.22 16:58:02.227,1.44624,1.44646,1.92,1.12
2016.06.22 16:58:06.532,1.44624,1.44646,1.37,1.50
2016.06.22 16:58:07.663,1.44622,1.44645,2.10,1.12
2016.06.22 16:58:09.326,1.44624,1.44645,1.00,1.12
2016.06.22 16:58:10.613,1.44624,1.44645,1.69,1.12
2016.06.22 16:58:11.124,1.44624,1.44646,1.69,1.50
2016.06.22 16:58:12.326,1.44622,1.44646,1.92,1.50
2016.06.22 16:58:13.546,1.44622,1.44644,1.43,1.00
2016.06.22 16:58:13.910,1.4462,1.44638,1.20,1.00
2016.06.22 16:58:14.065,1.44616,1.44635,1.00,1.12
2016.06.22 16:58:14.172,1.44612,1.44634,1.12,1.50
2016.06.22 16:58:14.497,1.4461,1.44634,1.43,2.62
2016.06.22 16:58:15.017,1.4461,1.44632,1.06,1.12
2016.06.22 16:58:15.320,1.44608,1.44629,1.06,1.12
2016.06.22 16:58:15.625,1.44608,1.44624,1.17,1.12
2016.06.22 16:58:16.227,1.44606,1.44621,1.50,1.12
2016.06.22 16:58:16.278,1.44605,1.44621,1.00,1.12
2016.06.22 16:58:16.329,1.44605,1.44626,1.00,1.75
2016.06.22 16:58:16.491,1.44607,1.44626,1.00,1.37
2016.06.22 16:58:16.594,1.44608,1.44627,1.00,1.62
2016.06.22 16:58:17.251,1.44608,1.4462,1.00,1.00
2016.06.22 16:58:17.555,1.44606,1.4462,1.00,1.56
2016.06.22 16:58:18.517,1.44606,1.44621,1.00,1.56
2016.06.22 16:58:20.152,1.44606,1.44624,1.00,1.37
2016.06.22 16:58:20.253,1.44606,1.44625,1.00,1.00
2016.06.22 16:58:20.658,1.44605,1.44623,1.12,1.00
2016.06.22 16:58:21.166,1.44603,1.44624,1.12,2.25
2016.06.22 16:58:21.765,1.44605,1.44625,1.00,1.87
2016.06.22 16:58:21.968,1.44606,1.44627,1.00,1.50
2016.06.22 16:58:22.373,1.44603,1.44623,1.87,1.00
2016.06.22 16:58:22.895,1.44606,1.44624,1.00,1.00
2016.06.22 16:58:23.199,1.44602,1.44622,1.00,1.00
2016.06.22 16:58:23.250,1.44602,1.44622,1.00,1.50
2016.06.22 16:58:23.301,1.44599,1.44621,1.54,1.50
2016.06.22 16:58:23.844,1.446,1.44621,1.12,1.00
2016.06.22 16:58:24.434,1.44599,1.44621,1.12,1.50
2016.06.22 16:58:25.655,1.44599,1.44618,1.12,1.00
2016.06.22 16:58:25.857,1.44599,1.44621,1.12,1.50
2016.06.22 16:58:26.095,1.44602,1.44622,1.00,1.87
2016.06.22 16:58:27.560,1.44602,1.44622,1.00,1.37
2016.06.22 16:58:28.061,1.44602,1.44622,1.00,1.00
2016.06.22 16:58:29.389,1.44601,1.44621,1.12,1.00
2016.06.22 16:58:30.195,1.44602,1.44622,1.00,1.00
2016.06.22 16:58:31.111,1.44599,1.44622,1.87,1.00
2016.06.22 16:58:31.416,1.44598,1.4462,2.25,1.12
2016.06.22 16:58:32.040,1.446,1.44621,1.00,1.50
2016.06.22 16:58:32.343,1.44599,1.44618,1.12,1.00
2016.06.22 16:58:32.394,1.44598,1.44618,1.00,1.00
2016.06.22 16:58:32.596,1.44599,1.4462,1.00,1.50
2016.06.22 16:58:34.494,1.44597,1.44618,1.00,1.00
2016.06.22 16:58:34.798,1.44599,1.44619,1.00,1.00
2016.06.22 16:58:35.057,1.44596,1.44619,1.87,1.00
2016.06.22 16:58:35.108,1.44599,1.44619,1.00,1.00
2016.06.22 16:58:36.191,1.44595,1.44615,1.50,1.00
2016.06.22 16:58:36.495,1.44595,1.44613,1.00,1.12
2016.06.22 16:58:36.596,1.44595,1.44615,1.00,1.87
2016.06.22 16:58:36.692,1.44593,1.44613,1.00,1.37
2016.06.22 16:58:36.997,1.44596,1.44613,1.00,1.37
2016.06.22 16:58:37.098,1.44593,1.44613,1.00,1.37
2016.06.22 16:58:38.502,1.44595,1.44613,1.00,1.37
2016.06.22 16:58:38.999,1.44593,1.44613,1.00,1.37
2016.06.22 16:58:39.506,1.44594,1.44613,1.00,1.37
2016.06.22 16:58:40.193,1.4459,1.4461,2.47,1.00
2016.06.22 16:58:40.412,1.4459,1.4461,1.00,1.12
2016.06.22 16:58:40.514,1.4459,1.44611,1.00,1.12
2016.06.22 16:58:40.616,1.44592,1.44612,1.00,1.87
2016.06.22 16:58:41.427,1.44591,1.44611,1.06,1.12
2016.06.22 16:58:41.766,1.44594,1.44614,1.00,1.75
2016.06.22 16:58:41.818,1.44594,1.44615,1.00,1.00
2016.06.22 16:58:41.869,1.44592,1.44615,1.00,1.00
2016.06.22 16:58:42.021,1.44595,1.44615,1.50,1.00
2016.06.22 16:58:42.224,1.44596,1.44619,1.12,1.87
2016.06.22 16:58:42.730,1.44597,1.44619,1.00,1.12
2016.06.22 16:58:43.428,1.44596,1.44619,1.12,1.87
2016.06.22 16:58:43.479,1.44596,1.44618,1.00,1.12
2016.06.22 16:58:43.631,1.44597,1.4462,1.12,1.87
2016.06.22 16:58:44.239,1.44595,1.44617,1.87,1.00
2016.06.22 16:58:44.290,1.44595,1.44617,1.37,1.50
2016.06.22 16:58:44.823,1.44595,1.44617,1.00,1.87
2016.06.22 16:58:45.212,1.4459,1.44612,1.12,1.50
2016.06.22 16:58:46.311,1.44589,1.44611,1.50,1.00
2016.06.22 16:58:46.813,1.44589,1.4461,1.00,1.00
2016.06.22 16:58:47.017,1.44588,1.44609,1.00,1.12
2016.06.22 16:58:47.352,1.44585,1.44606,1.35,1.12
2016.06.22 16:58:49.523,1.44587,1.44609,1.00,1.12
2016.06.22 16:58:49.574,1.44587,1.44609,1.00,1.37
2016.06.22 16:58:50.107,1.44585,1.44607,1.37,1.12
2016.06.22 16:58:50.426,1.44584,1.44603,1.37,1.00
2016.06.22 16:58:50.527,1.44582,1.44603,1.00,1.12
2016.06.22 16:58:51.807,1.44583,1.44603,1.00,1.12
2016.06.22 16:58:52.213,1.44584,1.44607,1.12,1.50
2016.06.22 16:58:52.535,1.44583,1.44605,1.00,1.87
2016.06.22 16:58:53.137,1.44581,1.44604,1.50,1.50
2016.06.22 16:58:53.441,1.44584,1.44605,1.00,1.12
2016.06.22 16:58:54.545,1.44584,1.44606,1.12,1.00
2016.06.22 16:58:54.647,1.44581,1.44606,2.25,1.50
2016.06.22 16:58:54.749,1.44581,1.44604,1.50,1.12
2016.06.22 16:58:55.296,1.44582,1.44604,1.00,1.87
2016.06.22 16:58:56.452,1.44583,1.44604,1.00,1.87
2016.06.22 16:58:56.752,1.44583,1.44604,1.12,1.00
2016.06.22 16:58:58.160,1.44584,1.44604,1.00,1.00
2016.06.22 16:58:59.221,1.44585,1.44605,1.00,1.12
2016.06.22 16:58:59.323,1.44588,1.44607,1.00,1.00
2016.06.22 16:58:59.527,1.4459,1.44611,1.00,1.00
2016.06.22 16:59:00.051,1.4459,1.4461,1.00,1.00
2016.06.22 16:59:00.260,1.44589,1.44608,1.00,1.00
2016.06.22 16:59:00.665,1.44587,1.44607,1.50,1.00
2016.06.22 16:59:01.214,1.44588,1.44608,1.00,1.00
2016.06.22 16:59:01.721,1.44589,1.44608,1.00,1.37
2016.06.22 16:59:01.773,1.44587,1.44607,1.00,1.50
2016.06.22 16:59:02.280,1.44586,1.44606,1.00,1.00
2016.06.22 16:59:02.786,1.44587,1.44607,1.00,1.50
2016.06.22 16:59:03.141,1.44589,1.44607,1.00,1.00
2016.06.22 16:59:03.724,1.4459,1.4461,1.00,1.12
2016.06.22 16:59:04.778,1.4459,1.44611,1.12,1.50
2016.06.22 16:59:04.830,1.44592,1.44613,1.00,1.50
2016.06.22 16:59:05.335,1.44592,1.44612,1.00,1.00
2016.06.22 16:59:05.663,1.44594,1.44613,1.00,1.50
2016.06.22 16:59:05.774,1.44592,1.44612,1.00,1.00
2016.06.22 16:59:06.433,1.44593,1.44612,1.00,1.00
2016.06.22 16:59:07.464,1.44595,1.44613,1.00,1.00
2016.06.22 16:59:07.987,1.44594,1.44613,1.00,1.50
2016.06.22 16:59:08.488,1.44593,1.44613,1.00,1.50
2016.06.22 16:59:09.035,1.44593,1.44612,1.00,1.00
2016.06.22 16:59:09.650,1.44594,1.44612,1.50,1.00
2016.06.22 16:59:10.191,1.44594,1.44613,2.25,1.00
2016.06.22 16:59:14.745,1.44593,1.44613,3.00,1.00
2016.06.22 16:59:15.546,1.44594,1.44613,1.00,1.00
2016.06.22 16:59:18.651,1.44593,1.44613,1.00,1.00
2016.06.22 16:59:18.956,1.44589,1.44607,1.00,1.50
2016.06.22 16:59:19.057,1.44589,1.44609,1.50,1.50
2016.06.22 16:59:19.350,1.44591,1.44611,1.87,1.50
2016.06.22 16:59:19.402,1.44591,1.44614,2.25,1.12
2016.06.22 16:59:20.354,1.44592,1.44613,1.00,1.50
2016.06.22 16:59:21.681,1.44591,1.4461,1.87,1.00
2016.06.22 16:59:21.986,1.44587,1.44605,1.00,1.00
2016.06.22 16:59:22.505,1.44586,1.44605,1.00,1.00
2016.06.22 16:59:24.486,1.44583,1.44602,3.00,1.87
2016.06.22 16:59:24.992,1.44581,1.44601,1.00,1.50
2016.06.22 16:59:29.178,1.44579,1.44599,1.50,1.00
2016.06.22 16:59:29.689,1.44578,1.44598,2.62,1.12
2016.06.22 16:59:32.969,1.44582,1.446,1.00,1.87
2016.06.22 16:59:33.293,1.44594,1.44615,1.12,1.12
2016.06.22 16:59:33.344,1.44596,1.44615,1.00,1.12
2016.06.22 16:59:33.851,1.44595,1.44615,1.00,1.75
2016.06.22 16:59:34.400,1.44594,1.44614,1.00,1.87
2016.06.22 16:59:34.918,1.44593,1.44614,2.25,1.87
2016.06.22 16:59:36.200,1.44592,1.44611,1.00,1.00
2016.06.22 16:59:36.251,1.4459,1.44611,1.12,1.00
2016.06.22 16:59:36.455,1.4459,1.4461,1.00,1.50
2016.06.22 16:59:36.759,1.44592,1.44611,1.00,1.12
2016.06.22 16:59:39.916,1.44591,1.44609,1.00,1.37
2016.06.22 16:59:40.334,1.44589,1.44606,1.00,1.25
2016.06.22 16:59:40.661,1.44586,1.44607,1.00,2.06
2016.06.22 16:59:40.712,1.44586,1.44603,1.00,1.00
2016.06.22 16:59:41.421,1.44586,1.44604,1.00,1.12
2016.06.22 16:59:42.697,1.44586,1.44606,1.50,1.12
2016.06.22 16:59:43.745,1.44594,1.44606,1.00,1.12
2016.06.22 16:59:44.627,1.44594,1.44605,1.00,1.00
2016.06.22 16:59:44.880,1.4459,1.44605,1.00,1.87
2016.06.22 16:59:44.931,1.4459,1.44605,1.00,1.12
2016.06.22 16:59:45.649,1.4459,1.44604,1.00,1.12
2016.06.22 16:59:46.155,1.4459,1.44603,1.00,1.00
2016.06.22 16:59:49.012,1.4459,1.44604,1.00,1.00
2016.06.22 16:59:50.011,1.4459,1.44602,1.00,1.00
2016.06.22 16:59:50.215,1.4459,1.44604,1.00,1.00
2016.06.22 16:59:50.682,1.44584,1.44606,1.12,1.50
2016.06.22 16:59:51.190,1.44585,1.44606,1.00,1.50
2016.06.22 16:59:52.919,1.44594,1.44607,1.00,1.12
2016.06.22 16:59:53.072,1.446,1.44618,1.00,1.50
2016.06.22 16:59:53.275,1.44595,1.44617,1.12,1.00
2016.06.22 16:59:53.326,1.44592,1.44616,1.92,1.50
2016.06.22 16:59:53.428,1.44592,1.44611,1.00,1.12
2016.06.22 16:59:53.551,1.44592,1.44616,1.50,1.12
2016.06.22 16:59:54.071,1.44594,1.44616,1.00,1.12
2016.06.22 16:59:54.740,1.44592,1.44616,2.25,1.12
2016.06.22 16:59:54.842,1.44593,1.44618,1.87,1.12
2016.06.22 16:59:55.428,1.44593,1.44615,2.62,1.00
2016.06.22 16:59:56.547,1.44593,1.44613,1.87,1.00
2016.06.22 16:59:56.650,1.44593,1.44614,1.00,1.87
2016.06.22 16:59:56.751,1.44593,1.44616,1.50,1.12
