2010.08.23 18:00:00.643,1.33245,1.33275,5.60,1.70
2010.08.23 18:00:01.488,1.33245,1.33275,8.80,1.00
2010.08.23 18:00:01.542,1.33255,1.3329,9.60,1.00
2010.08.23 18:00:01.804,1.3326,1.3329,8.00,1.00
2010.08.23 18:00:05.281,1.3326,1.3329,8.00,1.00
2010.08.23 18:00:08.635,1.33265,1.3329,8.00,1.00
2010.08.23 18:00:25.743,1.3327,1.3329,9.60,1.00
2010.08.23 18:00:25.882,1.3327,1.33295,9.60,1.00
2010.08.23 18:00:26.902,1.3327,1.33295,9.60,1.00
2010.08.23 18:00:27.022,1.3327,1.33295,4.00,1.00
2010.08.23 18:00:27.657,1.33265,1.33295,8.40,1.00
2010.08.23 18:00:27.822,1.33265,1.33295,8.00,1.00
2010.08.23 18:00:28.795,1.3326,1.3329,2.80,1.00
2010.08.23 18:00:29.585,1.3326,1.3329,1.20,1.00
2010.08.23 18:00:29.736,1.3326,1.3329,8.80,1.00
2010.08.23 18:00:30.070,1.3326,1.3329,1.00,1.00
2010.08.23 18:00:33.451,1.33255,1.33285,10.00,1.00
2010.08.23 18:00:33.522,1.33255,1.33285,9.20,1.00
2010.08.23 18:00:34.112,1.33255,1.33285,9.20,1.00
2010.08.23 18:00:34.182,1.33255,1.33285,9.30,1.00
2010.08.23 18:00:34.323,1.33255,1.33285,8.90,1.00
2010.08.23 18:00:34.646,1.3326,1.3329,1.00,1.00
2010.08.23 18:00:59.602,1.3326,1.3329,1.00,1.00
2010.08.23 18:01:02.103,1.3326,1.3329,1.00,1.00
2010.08.23 18:01:12.876,1.3326,1.33295,6.00,5.00
2010.08.23 18:01:13.541,1.3326,1.33295,10.00,1.00
2010.08.23 18:01:13.738,1.3326,1.33295,10.00,1.00
2010.08.23 18:01:18.549,1.33265,1.333,1.60,8.90
2010.08.23 18:01:18.751,1.33265,1.333,1.60,4.90
2010.08.23 18:01:19.665,1.33265,1.333,10.20,1.00
2010.08.23 18:01:19.919,1.33265,1.333,9.60,1.00
2010.08.23 18:01:22.262,1.33265,1.333,9.60,1.00
2010.08.23 18:01:25.155,1.3327,1.333,4.00,1.00
2010.08.23 18:01:25.448,1.3327,1.333,8.00,1.00
2010.08.23 18:01:26.729,1.3327,1.333,8.00,1.10
2010.08.23 18:01:35.842,1.3327,1.333,8.00,1.00
2010.08.23 18:01:36.598,1.3327,1.333,9.20,1.00
2010.08.23 18:01:36.964,1.3327,1.333,5.20,1.00
2010.08.23 18:01:37.055,1.3327,1.333,1.00,2.50
2010.08.23 18:01:37.145,1.33265,1.333,6.20,2.50
2010.08.23 18:01:37.233,1.33265,1.333,7.80,1.00
2010.08.23 18:01:37.322,1.3327,1.333,8.00,1.00
2010.08.23 18:01:40.302,1.3327,1.333,9.60,1.00
2010.08.23 18:01:40.421,1.3327,1.333,10.00,1.00
2010.08.23 18:01:44.511,1.33275,1.33305,1.00,1.00
2010.08.23 18:01:45.341,1.3327,1.333,10.00,1.00
2010.08.23 18:01:45.386,1.3327,1.333,1.00,1.00
2010.08.23 18:01:47.975,1.3327,1.333,1.00,1.10
2010.08.23 18:02:01.123,1.3327,1.33295,1.00,1.00
2010.08.23 18:02:01.865,1.33265,1.33295,6.00,1.00
2010.08.23 18:02:01.936,1.33265,1.33295,5.60,1.00
2010.08.23 18:02:02.822,1.33265,1.33295,6.40,1.00
2010.08.23 18:02:02.892,1.33265,1.333,6.40,3.30
2010.08.23 18:02:03.235,1.3327,1.333,1.60,1.70
2010.08.23 18:02:06.131,1.3327,1.333,1.60,1.60
2010.08.23 18:02:08.703,1.3327,1.33295,1.60,1.00
2010.08.23 18:02:12.872,1.3327,1.333,1.60,1.60
2010.08.23 18:02:16.922,1.3327,1.333,1.60,1.60
2010.08.23 18:02:17.071,1.3327,1.33305,5.60,5.60
2010.08.23 18:02:17.155,1.3327,1.33305,9.60,1.60
2010.08.23 18:02:17.302,1.3327,1.333,9.60,1.60
2010.08.23 18:02:17.383,1.3327,1.333,5.60,1.60
2010.08.23 18:02:17.462,1.3327,1.333,1.60,1.60
2010.08.23 18:02:18.696,1.33265,1.333,6.70,1.00
2010.08.23 18:02:19.578,1.33265,1.333,5.60,2.50
2010.08.23 18:02:20.526,1.33265,1.333,1.60,6.50
2010.08.23 18:02:20.594,1.33265,1.333,1.60,6.70
2010.08.23 18:02:24.781,1.33265,1.333,1.60,8.30
2010.08.23 18:02:26.065,1.33265,1.33295,1.00,1.00
2010.08.23 18:02:26.306,1.33265,1.33295,1.00,1.00
2010.08.23 18:02:30.725,1.33265,1.3329,1.00,2.30
2010.08.23 18:02:30.914,1.3326,1.3329,1.00,2.50
2010.08.23 18:02:47.180,1.3326,1.3329,1.00,1.00
2010.08.23 18:02:47.482,1.3326,1.3329,1.00,1.70
2010.08.23 18:02:47.873,1.3326,1.3329,1.00,2.40
2010.08.23 18:02:50.062,1.3326,1.3329,1.00,2.50
2010.08.23 18:02:50.149,1.3326,1.3329,1.00,1.00
2010.08.23 18:02:50.572,1.3326,1.3329,1.00,1.00
2010.08.23 18:02:51.251,1.33255,1.3329,5.60,2.70
2010.08.23 18:02:51.595,1.33255,1.3329,5.60,3.30
2010.08.23 18:02:51.938,1.33255,1.3329,5.60,3.20
2010.08.23 18:02:52.295,1.33255,1.3329,5.60,1.00
2010.08.23 18:02:53.222,1.33255,1.3329,5.60,1.10
2010.08.23 18:02:54.250,1.33255,1.33285,5.60,1.00
2010.08.23 18:03:17.832,1.33255,1.3329,5.60,3.30
2010.08.23 18:03:18.772,1.33255,1.3329,5.60,3.20
2010.08.23 18:03:20.702,1.33255,1.3329,5.60,3.30
2010.08.23 18:03:27.495,1.33255,1.3329,5.60,3.20
2010.08.23 18:03:44.162,1.33255,1.33285,1.60,4.00
2010.08.23 18:03:53.701,1.33255,1.33285,1.00,4.10
2010.08.23 18:03:58.182,1.33255,1.33275,1.00,1.60
2010.08.23 18:03:58.907,1.33255,1.3328,1.00,1.00
2010.08.23 18:03:59.137,1.33255,1.33285,1.00,8.00
2010.08.23 18:03:59.980,1.3325,1.3328,1.00,1.00
2010.08.23 18:04:00.329,1.3325,1.3328,1.00,1.60
2010.08.23 18:04:00.680,1.33255,1.33285,2.40,1.00
2010.08.23 18:04:01.632,1.33255,1.33285,1.00,6.40
2010.08.23 18:04:01.961,1.3325,1.33285,1.60,11.20
2010.08.23 18:04:02.289,1.3325,1.33285,5.60,4.90
2010.08.23 18:04:03.055,1.3325,1.33285,5.60,1.00
2010.08.23 18:04:03.246,1.3325,1.33285,1.60,11.20
2010.08.23 18:04:03.434,1.3325,1.33285,1.60,9.60
2010.08.23 18:04:03.624,1.3325,1.33285,5.60,1.00
2010.08.23 18:04:03.815,1.3325,1.33275,5.60,1.60
2010.08.23 18:04:04.580,1.3325,1.33275,1.60,1.60
2010.08.23 18:04:05.785,1.3325,1.33275,1.00,1.60
2010.08.23 18:04:06.103,1.3325,1.33275,1.00,1.70
2010.08.23 18:04:07.112,1.3325,1.33275,1.00,1.60
2010.08.23 18:04:12.142,1.3325,1.33275,1.00,1.70
2010.08.23 18:04:12.950,1.33245,1.33275,5.60,1.90
2010.08.23 18:04:13.007,1.33245,1.33275,5.60,1.60
2010.08.23 18:04:13.915,1.3325,1.33275,1.00,1.60
2010.08.23 18:04:14.781,1.33255,1.33285,1.00,1.60
2010.08.23 18:04:14.988,1.33255,1.3328,1.00,2.20
2010.08.23 18:04:15.665,1.3325,1.3328,1.60,2.20
2010.08.23 18:04:15.986,1.3325,1.33275,1.60,1.60
2010.08.23 18:04:21.512,1.3325,1.33275,5.60,1.60
2010.08.23 18:04:21.553,1.3325,1.3328,9.60,1.00
2010.08.23 18:04:21.672,1.3325,1.3328,9.60,1.00
2010.08.23 18:04:22.086,1.3325,1.3328,9.60,1.00
2010.08.23 18:04:22.122,1.3325,1.33275,9.60,1.60
2010.08.23 18:04:22.162,1.3325,1.33275,5.60,1.60
2010.08.23 18:04:22.242,1.3325,1.33275,1.60,1.60
2010.08.23 18:04:38.673,1.3325,1.33275,1.00,1.60
2010.08.23 18:04:38.966,1.3324,1.3327,1.00,1.70
2010.08.23 18:04:39.228,1.3324,1.33265,1.00,1.60
2010.08.23 18:04:43.925,1.3324,1.3327,4.80,1.00
2010.08.23 18:04:44.056,1.3324,1.3327,4.80,1.00
2010.08.23 18:04:44.185,1.3324,1.33265,1.00,1.60
2010.08.23 18:04:44.314,1.3324,1.3327,1.00,4.10
2010.08.23 18:04:44.573,1.3324,1.3327,5.60,1.00
2010.08.23 18:04:49.872,1.3324,1.33265,4.00,1.00
2010.08.23 18:04:50.548,1.33235,1.33265,11.20,1.00
2010.08.23 18:04:50.890,1.3323,1.33265,7.20,1.00
2010.08.23 18:04:52.162,1.3323,1.3326,7.20,1.00
2010.08.23 18:04:52.506,1.3323,1.33255,1.00,1.60
2010.08.23 18:04:54.562,1.33235,1.3326,6.00,1.00
2010.08.23 18:04:54.872,1.33235,1.33265,6.00,1.00
2010.08.23 18:04:55.136,1.3323,1.33265,7.60,1.00
2010.08.23 18:04:55.394,1.3323,1.33265,6.10,1.00
2010.08.23 18:04:57.456,1.3323,1.33265,6.00,1.00
2010.08.23 18:04:58.271,1.3323,1.33265,7.60,1.00
2010.08.23 18:04:58.997,1.3323,1.33265,5.60,1.00
2010.08.23 18:05:00.363,1.3323,1.33265,5.60,1.10
2010.08.23 18:05:00.672,1.3323,1.33265,5.60,1.00
2010.08.23 18:05:03.059,1.3323,1.33265,5.60,1.00
2010.08.23 18:05:03.243,1.3323,1.33265,5.70,1.00
2010.08.23 18:05:03.623,1.3323,1.33265,5.60,1.00
2010.08.23 18:05:05.265,1.33235,1.33265,4.00,1.00
2010.08.23 18:05:07.379,1.3324,1.33265,4.00,1.00
2010.08.23 18:05:07.453,1.3324,1.3327,4.00,1.00
2010.08.23 18:05:10.041,1.33245,1.33275,1.00,1.00
2010.08.23 18:05:11.496,1.33245,1.33275,1.00,1.10
2010.08.23 18:05:11.673,1.3324,1.3327,4.80,1.00
2010.08.23 18:05:11.858,1.3324,1.3327,4.80,1.00
2010.08.23 18:05:12.034,1.3324,1.33275,5.60,1.00
2010.08.23 18:05:13.028,1.33245,1.33275,1.00,1.00
2010.08.23 18:05:13.686,1.3325,1.33275,1.60,1.00
2010.08.23 18:05:14.016,1.3325,1.3328,1.60,1.00
2010.08.23 18:05:17.163,1.3325,1.3328,1.60,1.00
2010.08.23 18:05:17.373,1.3325,1.3328,1.60,1.00
2010.08.23 18:05:17.525,1.3325,1.3328,1.60,5.50
2010.08.23 18:05:17.543,1.33245,1.3328,1.00,9.50
2010.08.23 18:05:17.604,1.33245,1.3328,1.00,9.70
2010.08.23 18:05:17.644,1.33245,1.33275,1.00,1.00
2010.08.23 18:05:19.374,1.33245,1.33275,1.00,1.00
2010.08.23 18:05:20.004,1.33245,1.33275,1.00,1.00
2010.08.23 18:05:24.832,1.3325,1.33285,6.00,4.00
2010.08.23 18:05:24.895,1.3325,1.33285,2.00,12.00
2010.08.23 18:05:25.638,1.3325,1.33285,6.00,2.40
2010.08.23 18:05:25.989,1.3325,1.33285,6.00,1.70
2010.08.23 18:05:26.339,1.3325,1.3328,4.00,1.00
2010.08.23 18:05:28.974,1.3325,1.3328,4.00,1.00
2010.08.23 18:05:33.082,1.3325,1.3328,4.00,1.00
2010.08.23 18:05:59.563,1.3325,1.3328,4.00,1.00
2010.08.23 18:05:59.755,1.3325,1.3328,4.80,1.00
2010.08.23 18:06:13.613,1.3325,1.3328,4.80,1.00
2010.08.23 18:06:18.992,1.3325,1.3328,4.90,1.00
2010.08.23 18:06:24.057,1.3325,1.3328,5.70,1.00
2010.08.23 18:06:24.282,1.3325,1.33285,5.70,1.00
2010.08.23 18:06:24.504,1.33255,1.33285,1.00,1.00
2010.08.23 18:06:24.723,1.33255,1.3329,1.00,11.10
2010.08.23 18:06:25.715,1.33255,1.3329,1.70,3.10
2010.08.23 18:06:26.211,1.33255,1.3329,1.60,3.10
2010.08.23 18:06:34.015,1.33255,1.3329,1.70,3.10
2010.08.23 18:06:34.623,1.3326,1.3329,4.10,1.50
2010.08.23 18:06:35.400,1.3326,1.3329,9.70,1.00
2010.08.23 18:06:35.560,1.3326,1.33295,10.00,1.00
2010.08.23 18:06:35.717,1.3326,1.33295,10.80,1.00
2010.08.23 18:06:35.874,1.33265,1.33295,5.60,1.00
2010.08.23 18:06:36.022,1.33265,1.33295,9.60,1.00
2010.08.23 18:06:37.376,1.33265,1.33295,9.60,1.00
2010.08.23 18:06:37.534,1.33265,1.33295,9.60,1.00
2010.08.23 18:06:41.936,1.33265,1.33295,11.20,1.00
2010.08.23 18:06:52.683,1.33265,1.33295,11.30,1.00
2010.08.23 18:06:53.387,1.3327,1.33305,3.20,10.50
2010.08.23 18:06:53.474,1.3327,1.333,1.00,1.00
2010.08.23 18:06:56.665,1.3327,1.333,2.40,1.00
2010.08.23 18:06:58.213,1.3327,1.333,2.40,1.10
2010.08.23 18:06:58.322,1.3327,1.33295,1.60,1.00
2010.08.23 18:06:58.453,1.33265,1.33295,1.20,1.00
2010.08.23 18:06:59.305,1.33265,1.33295,1.00,1.00
2010.08.23 18:07:01.625,1.33265,1.33295,1.20,1.00
2010.08.23 18:07:02.250,1.3327,1.333,1.00,10.50
2010.08.23 18:07:02.327,1.3327,1.333,2.40,1.00
2010.08.23 18:07:02.603,1.3327,1.333,1.00,1.00
2010.08.23 18:07:03.560,1.3327,1.333,10.00,1.00
2010.08.23 18:07:03.865,1.3327,1.33305,10.00,1.00
2010.08.23 18:07:07.575,1.3327,1.33305,10.00,1.00
2010.08.23 18:07:08.853,1.3327,1.333,1.00,2.50
2010.08.23 18:07:09.198,1.33265,1.33295,6.00,1.00
2010.08.23 18:07:10.724,1.33275,1.333,10.00,1.50
2010.08.23 18:07:11.060,1.33275,1.333,10.00,1.00
2010.08.23 18:07:11.187,1.33275,1.33305,10.00,1.00
2010.08.23 18:07:12.224,1.3327,1.333,2.40,1.00
2010.08.23 18:07:12.405,1.3327,1.333,1.00,1.00
2010.08.23 18:07:12.584,1.3327,1.33295,1.00,1.00
2010.08.23 18:07:13.572,1.33265,1.33295,1.20,1.00
2010.08.23 18:07:13.839,1.33265,1.33295,1.00,1.00
2010.08.23 18:07:16.529,1.33265,1.33295,1.60,1.00
2010.08.23 18:07:16.604,1.3327,1.333,1.60,8.10
2010.08.23 18:07:16.648,1.3327,1.333,1.60,4.10
2010.08.23 18:07:16.699,1.3327,1.333,1.60,1.00
2010.08.23 18:07:17.628,1.3327,1.333,1.00,1.00
2010.08.23 18:07:17.963,1.3327,1.333,1.00,1.00
2010.08.23 18:07:18.126,1.3327,1.333,1.00,1.60
2010.08.23 18:07:18.285,1.33265,1.33295,1.00,1.00
2010.08.23 18:07:19.030,1.33275,1.33295,1.00,1.00
2010.08.23 18:07:19.383,1.3327,1.333,1.60,1.00
2010.08.23 18:07:20.237,1.3327,1.33295,1.00,4.90
2010.08.23 18:07:21.015,1.3326,1.33295,3.90,4.90
2010.08.23 18:07:21.189,1.33265,1.33295,1.00,1.00
2010.08.23 18:07:23.441,1.33265,1.33295,12.00,1.00
2010.08.23 18:07:23.487,1.3327,1.33295,1.00,1.00
2010.08.23 18:07:26.039,1.33265,1.33295,1.60,1.70
2010.08.23 18:07:26.076,1.33265,1.33295,1.00,2.50
2010.08.23 18:07:26.104,1.3326,1.33295,3.60,6.50
2010.08.23 18:07:26.136,1.3326,1.33295,2.00,6.50
2010.08.23 18:07:26.284,1.3326,1.33295,2.00,10.50
2010.08.23 18:07:26.313,1.3326,1.33295,2.50,10.50
2010.08.23 18:07:29.093,1.3326,1.33295,2.50,10.70
2010.08.23 18:07:30.154,1.3326,1.33295,2.50,10.50
2010.08.23 18:07:31.462,1.3326,1.33295,2.60,10.60
2010.08.23 18:07:33.985,1.3327,1.33295,1.00,8.90
2010.08.23 18:07:34.156,1.3327,1.33305,2.50,5.30
2010.08.23 18:07:35.127,1.3327,1.33305,2.50,4.90
2010.08.23 18:07:37.084,1.3327,1.33305,2.60,5.00
2010.08.23 18:07:38.112,1.3327,1.33305,2.50,5.00
2010.08.23 18:07:50.121,1.3327,1.33305,2.00,5.00
2010.08.23 18:07:50.262,1.33275,1.33305,1.00,5.00
2010.08.23 18:07:51.167,1.33275,1.33305,1.00,1.00
2010.08.23 18:07:54.906,1.33275,1.33305,1.60,1.00
2010.08.23 18:07:54.972,1.33275,1.3331,2.40,4.90
2010.08.23 18:07:55.877,1.33275,1.3331,6.40,1.00
2010.08.23 18:07:57.768,1.33275,1.3331,2.60,4.90
2010.08.23 18:07:57.834,1.33275,1.3331,2.60,5.50
2010.08.23 18:07:57.892,1.3328,1.3331,1.00,5.50
2010.08.23 18:07:58.013,1.33275,1.33305,4.00,1.00
2010.08.23 18:07:58.074,1.33275,1.33305,3.20,1.00
2010.08.23 18:07:58.774,1.3328,1.3331,1.00,5.60
2010.08.23 18:07:59.115,1.3328,1.3331,1.00,4.10
2010.08.23 18:07:59.454,1.3328,1.3331,1.00,4.90
2010.08.23 18:08:01.055,1.33275,1.3331,4.30,4.90
2010.08.23 18:08:01.875,1.33275,1.3331,2.50,4.90
2010.08.23 18:08:03.200,1.3329,1.3331,2.50,1.00
2010.08.23 18:08:03.861,1.3329,1.3332,2.50,5.30
2010.08.23 18:08:04.164,1.33285,1.3332,3.60,4.90
2010.08.23 18:08:04.459,1.33295,1.33325,1.00,12.10
2010.08.23 18:08:04.762,1.33295,1.33325,2.40,8.90
2010.08.23 18:08:05.058,1.33295,1.33325,2.40,1.00
2010.08.23 18:08:05.985,1.33285,1.3332,5.60,1.00
2010.08.23 18:08:06.345,1.33285,1.3332,9.60,1.00
2010.08.23 18:08:06.464,1.33285,1.3332,11.20,1.00
2010.08.23 18:08:07.446,1.3329,1.3332,1.00,1.00
2010.08.23 18:08:07.987,1.3329,1.33315,1.60,1.00
2010.08.23 18:08:08.752,1.3328,1.33315,12.70,1.00
2010.08.23 18:08:09.077,1.3328,1.33315,2.80,4.90
2010.08.23 18:08:09.725,1.3328,1.33315,2.20,5.50
2010.08.23 18:08:10.522,1.33285,1.3331,2.40,1.00
2010.08.23 18:08:10.805,1.3328,1.33315,4.40,1.00
2010.08.23 18:08:11.714,1.3328,1.33315,9.60,1.00
2010.08.23 18:08:11.989,1.3328,1.3331,1.00,1.00
2010.08.23 18:08:13.196,1.3328,1.3331,4.80,1.00
2010.08.23 18:08:13.965,1.3328,1.33305,4.80,1.00
2010.08.23 18:08:14.161,1.33285,1.33315,1.00,8.90
2010.08.23 18:08:14.343,1.33285,1.3331,1.00,4.00
2010.08.23 18:08:14.526,1.33285,1.33315,1.00,4.90
2010.08.23 18:08:15.146,1.33285,1.33315,1.00,8.90
2010.08.23 18:08:16.121,1.33285,1.33315,1.00,9.10
2010.08.23 18:08:17.248,1.33285,1.33315,1.00,8.90
2010.08.23 18:08:18.324,1.33285,1.33315,1.00,9.00
2010.08.23 18:08:18.641,1.33285,1.3331,1.00,1.00
2010.08.23 18:08:21.871,1.33285,1.333,1.00,1.00
2010.08.23 18:08:22.144,1.33285,1.3331,1.00,1.00
2010.08.23 18:08:22.906,1.33285,1.33305,1.00,1.00
2010.08.23 18:08:23.546,1.33285,1.33305,1.00,1.00
2010.08.23 18:08:24.174,1.3329,1.33305,1.00,1.00
2010.08.23 18:08:26.792,1.3329,1.33305,1.00,1.00
2010.08.23 18:08:27.144,1.3329,1.3331,1.00,1.00
2010.08.23 18:08:27.415,1.333,1.3331,1.00,1.00
2010.08.23 18:08:28.259,1.333,1.33315,1.00,1.00
2010.08.23 18:08:30.546,1.333,1.33315,1.00,1.00
2010.08.23 18:08:30.614,1.333,1.33315,1.00,1.00
2010.08.23 18:08:30.798,1.33295,1.33315,1.00,4.90
2010.08.23 18:08:31.565,1.33295,1.33315,1.00,1.00
2010.08.23 18:08:37.334,1.333,1.33315,1.00,1.00
2010.08.23 18:08:38.976,1.33295,1.33315,1.00,2.50
2010.08.23 18:08:40.916,1.33295,1.33315,1.00,1.00
2010.08.23 18:08:42.645,1.33305,1.33315,1.00,1.00
2010.08.23 18:08:42.763,1.33305,1.33315,1.00,1.00
2010.08.23 18:08:43.468,1.3331,1.33325,1.00,1.00
2010.08.23 18:08:44.679,1.3331,1.3333,2.80,2.50
2010.08.23 18:08:45.000,1.33315,1.3333,1.00,1.00
2010.08.23 18:08:45.320,1.3331,1.33335,1.00,1.00
2010.08.23 18:08:46.265,1.3331,1.33335,1.00,5.00
2010.08.23 18:08:46.485,1.3331,1.33335,1.00,9.00
2010.08.23 18:08:48.293,1.3331,1.33335,1.00,9.70
2010.08.23 18:08:48.563,1.3329,1.33315,1.00,4.00
2010.08.23 18:08:49.896,1.3329,1.33325,4.40,10.50
2010.08.23 18:08:49.963,1.333,1.33325,1.00,10.50
2010.08.23 18:08:50.734,1.333,1.33315,1.00,1.60
2010.08.23 18:08:50.831,1.333,1.33315,1.00,1.00
2010.08.23 18:08:51.021,1.333,1.3332,1.00,1.00
2010.08.23 18:08:52.278,1.33305,1.3332,1.00,1.00
2010.08.23 18:08:52.525,1.33305,1.33325,1.00,1.10
2010.08.23 18:08:54.024,1.33305,1.33325,1.00,1.00
2010.08.23 18:08:54.239,1.33295,1.3332,1.00,1.00
2010.08.23 18:08:55.467,1.33295,1.3332,1.00,1.00
2010.08.23 18:08:55.695,1.3329,1.3332,12.40,1.00
2010.08.23 18:08:55.925,1.3329,1.3332,1.70,1.10
2010.08.23 18:08:56.155,1.3329,1.3332,1.00,1.10
2010.08.23 18:08:56.726,1.3329,1.3332,1.00,5.10
2010.08.23 18:08:57.886,1.3329,1.3332,1.00,5.00
2010.08.23 18:08:57.993,1.3329,1.3332,1.00,1.00
2010.08.23 18:08:58.108,1.3329,1.33315,1.00,1.00
2010.08.23 18:09:00.542,1.3329,1.3332,1.00,5.10
2010.08.23 18:09:00.593,1.3329,1.3332,1.00,5.70
2010.08.23 18:09:00.735,1.3329,1.33315,1.00,1.00
2010.08.23 18:09:01.550,1.33295,1.33315,1.00,1.00
2010.08.23 18:09:01.740,1.33295,1.33315,1.00,4.90
2010.08.23 18:09:02.420,1.3329,1.33315,2.80,4.90
2010.08.23 18:09:02.772,1.3329,1.3331,1.70,1.60
2010.08.23 18:09:04.623,1.3328,1.333,1.60,2.50
2010.08.23 18:09:04.910,1.33275,1.333,1.00,2.50
2010.08.23 18:09:05.475,1.33275,1.333,1.00,2.40
2010.08.23 18:09:05.755,1.33275,1.333,1.00,1.60
2010.08.23 18:09:06.609,1.33275,1.333,1.00,1.60
2010.08.23 18:09:06.872,1.33285,1.3331,5.60,1.60
2010.08.23 18:09:06.978,1.3329,1.3331,8.00,1.60
2010.08.23 18:09:07.718,1.33295,1.3332,1.00,8.00
2010.08.23 18:09:07.836,1.333,1.3332,1.00,2.10
2010.08.23 18:09:08.659,1.333,1.3332,1.00,1.60
2010.08.23 18:09:09.003,1.333,1.3332,1.00,1.00
2010.08.23 18:09:09.974,1.3329,1.33315,1.00,1.00
2010.08.23 18:09:13.724,1.3329,1.3332,1.00,6.50
2010.08.23 18:09:14.286,1.3329,1.3332,3.10,4.90
2010.08.23 18:09:14.569,1.3329,1.3332,2.40,2.70
2010.08.23 18:09:15.522,1.3329,1.33315,1.00,1.00
2010.08.23 18:09:17.076,1.33295,1.3332,1.00,2.50
2010.08.23 18:09:17.407,1.33295,1.3332,1.00,1.60
2010.08.23 18:09:19.009,1.33295,1.33325,1.00,4.90
2010.08.23 18:09:21.262,1.3329,1.3332,1.60,2.40
2010.08.23 18:09:21.340,1.33295,1.3332,1.00,1.60
2010.08.23 18:09:22.257,1.333,1.33325,1.00,1.00
2010.08.23 18:09:23.276,1.33305,1.3333,1.00,6.70
2010.08.23 18:09:23.939,1.333,1.3333,1.00,6.70
2010.08.23 18:09:24.250,1.333,1.33325,1.00,1.00
2010.08.23 18:09:28.172,1.33295,1.33325,1.20,1.00
2010.08.23 18:09:28.263,1.33295,1.3332,1.20,1.60
2010.08.23 18:09:29.243,1.33295,1.3332,1.00,1.70
2010.08.23 18:09:29.552,1.3329,1.33315,1.00,1.00
2010.08.23 18:09:29.855,1.3329,1.3332,1.00,2.60
2010.08.23 18:09:30.158,1.33285,1.3331,4.40,1.60
2010.08.23 18:09:30.982,1.33285,1.3331,1.00,1.60
2010.08.23 18:09:34.045,1.33285,1.33315,1.00,1.70
2010.08.23 18:09:36.064,1.33285,1.33315,4.40,1.00
2010.08.23 18:09:36.133,1.3329,1.33315,1.00,1.00
2010.08.23 18:09:37.715,1.33295,1.3332,1.00,1.00
2010.08.23 18:09:42.043,1.3329,1.3332,8.70,1.00
2010.08.23 18:09:42.932,1.3329,1.3332,4.70,1.00
2010.08.23 18:09:43.075,1.3329,1.3332,1.00,1.00
2010.08.23 18:09:50.253,1.3329,1.3332,1.00,4.90
2010.08.23 18:09:50.714,1.3329,1.3332,1.00,5.00
2010.08.23 18:09:50.805,1.33285,1.33315,2.30,4.00
2010.08.23 18:09:50.894,1.33285,1.33315,1.50,8.10
2010.08.23 18:09:52.880,1.33285,1.33315,3.40,1.00
2010.08.23 18:09:53.633,1.33285,1.33315,5.50,1.00
2010.08.23 18:09:56.993,1.3329,1.33315,1.90,1.00
2010.08.23 18:09:57.093,1.3329,1.33315,5.90,1.00
2010.08.23 18:09:57.126,1.33295,1.33315,1.00,1.00
2010.08.23 18:09:57.325,1.3329,1.33315,8.40,1.00
2010.08.23 18:09:57.999,1.3329,1.33315,4.40,1.00
2010.08.23 18:09:58.210,1.3329,1.33315,1.00,1.00
2010.08.23 18:10:05.479,1.3329,1.33315,1.00,1.00
2010.08.23 18:10:05.588,1.33285,1.33315,1.10,1.00
2010.08.23 18:10:06.136,1.33295,1.3332,1.00,8.90
2010.08.23 18:10:06.476,1.33295,1.3332,1.00,4.10
2010.08.23 18:10:07.332,1.33285,1.33315,4.70,1.00
2010.08.23 18:10:12.615,1.33285,1.3331,4.70,1.60
2010.08.23 18:10:12.864,1.3328,1.3331,2.00,5.60
2010.08.23 18:10:13.114,1.3328,1.3331,1.60,5.60
2010.08.23 18:10:13.876,1.3328,1.3331,1.00,5.60
2010.08.23 18:10:14.127,1.3328,1.3331,1.00,5.70
2010.08.23 18:10:16.134,1.3328,1.3331,1.00,5.90
2010.08.23 18:10:24.625,1.33275,1.33305,2.30,1.70
2010.08.23 18:10:24.774,1.33275,1.333,2.30,1.60
2010.08.23 18:10:25.653,1.33275,1.333,2.30,5.60
2010.08.23 18:10:27.667,1.3328,1.3331,1.00,1.70
2010.08.23 18:10:27.744,1.3328,1.3331,1.00,5.70
2010.08.23 18:10:27.824,1.3328,1.3331,1.00,6.50
2010.08.23 18:10:27.904,1.3328,1.33305,1.00,1.00
2010.08.23 18:10:28.064,1.3328,1.3331,1.00,6.70
2010.08.23 18:10:29.362,1.3329,1.33315,1.00,1.00
2010.08.23 18:10:29.629,1.33295,1.33315,1.00,1.00
2010.08.23 18:10:30.155,1.33295,1.33315,1.00,1.00
2010.08.23 18:10:30.354,1.33295,1.33315,2.40,1.00
2010.08.23 18:10:30.555,1.33305,1.3332,1.00,2.50
2010.08.23 18:10:31.225,1.33305,1.3332,1.00,1.00
2010.08.23 18:10:31.350,1.33295,1.3332,1.00,1.00
2010.08.23 18:10:31.935,1.3329,1.3332,4.00,1.00
2010.08.23 18:10:32.801,1.33295,1.3332,1.00,1.00
2010.08.23 18:10:33.655,1.333,1.3332,1.00,1.00
2010.08.23 18:10:33.996,1.333,1.3332,1.00,1.00
2010.08.23 18:10:34.640,1.333,1.33325,1.00,1.00
2010.08.23 18:10:58.975,1.3331,1.33325,1.00,1.00
2010.08.23 18:10:59.137,1.3331,1.3333,1.00,4.10
2010.08.23 18:10:59.972,1.3331,1.3333,1.00,1.00
2010.08.23 18:11:04.825,1.3331,1.3333,1.00,1.00
2010.08.23 18:11:06.453,1.333,1.33325,3.30,1.00
2010.08.23 18:11:06.579,1.33305,1.33325,1.00,1.00
2010.08.23 18:11:06.697,1.33305,1.33335,1.00,9.80
2010.08.23 18:11:07.381,1.33305,1.3333,1.00,1.60
2010.08.23 18:11:07.731,1.33295,1.33325,4.10,1.00
2010.08.23 18:11:08.078,1.33295,1.33325,3.30,8.90
2010.08.23 18:11:10.294,1.33295,1.33325,3.30,4.90
2010.08.23 18:11:10.534,1.33295,1.33325,3.30,8.90
2010.08.23 18:11:10.775,1.33295,1.33325,3.30,9.00
2010.08.23 18:11:11.654,1.33295,1.33325,3.30,5.00
2010.08.23 18:11:12.015,1.33295,1.33325,3.30,9.00
2010.08.23 18:11:12.739,1.33295,1.33325,3.30,8.90
2010.08.23 18:11:13.285,1.33295,1.33325,4.10,8.10
2010.08.23 18:11:13.555,1.33295,1.33325,3.30,8.10
2010.08.23 18:11:13.826,1.33295,1.33325,1.00,9.70
2010.08.23 18:11:15.706,1.33305,1.33325,1.00,9.80
2010.08.23 18:11:16.598,1.33295,1.3332,1.00,1.00
2010.08.23 18:11:16.744,1.3329,1.3332,1.20,4.90
2010.08.23 18:11:16.867,1.3329,1.3332,1.20,1.00
2010.08.23 18:11:17.783,1.3329,1.3332,1.00,5.10
2010.08.23 18:11:18.134,1.3329,1.3332,1.20,4.90
2010.08.23 18:11:18.234,1.3329,1.3332,1.20,5.10
2010.08.23 18:11:19.482,1.3329,1.3332,1.00,5.10
2010.08.23 18:11:20.168,1.3329,1.3332,1.00,4.90
2010.08.23 18:11:24.044,1.33285,1.3332,2.40,4.90
2010.08.23 18:11:24.184,1.33285,1.33315,2.40,1.00
2010.08.23 18:11:24.237,1.3329,1.33315,1.00,8.90
2010.08.23 18:11:25.289,1.3329,1.3332,1.00,4.90
2010.08.23 18:11:26.876,1.3329,1.3332,1.00,5.00
2010.08.23 18:11:27.143,1.3329,1.3332,1.00,5.10
2010.08.23 18:11:27.246,1.3329,1.3332,1.00,4.90
2010.08.23 18:11:27.545,1.3329,1.3332,1.00,5.10
2010.08.23 18:11:27.743,1.3329,1.33315,1.00,1.00
2010.08.23 18:11:28.550,1.33285,1.33315,8.80,1.00
2010.08.23 18:11:28.733,1.33295,1.3332,1.00,4.10
2010.08.23 18:11:28.904,1.33295,1.3332,1.00,1.00
2010.08.23 18:11:30.709,1.3329,1.3332,1.00,1.00
2010.08.23 18:11:30.877,1.3329,1.3332,1.00,1.10
2010.08.23 18:11:31.631,1.33285,1.3331,5.60,1.00
2010.08.23 18:11:31.807,1.33285,1.3331,1.00,1.00
2010.08.23 18:11:34.734,1.3329,1.3331,1.00,1.00
2010.08.23 18:11:35.539,1.33285,1.3332,1.60,8.90
2010.08.23 18:11:35.618,1.33285,1.3332,1.60,10.50
2010.08.23 18:11:35.697,1.33285,1.33315,1.00,1.00
2010.08.23 18:11:36.405,1.33285,1.3331,1.00,1.00
2010.08.23 18:11:36.484,1.33285,1.3332,5.60,2.50
2010.08.23 18:11:36.830,1.33285,1.3332,5.60,2.60
2010.08.23 18:11:37.804,1.33285,1.3332,5.60,2.50
2010.08.23 18:11:38.005,1.3329,1.3332,1.60,1.60
2010.08.23 18:11:38.204,1.3329,1.33325,1.60,12.70
2010.08.23 18:11:39.459,1.3329,1.33325,1.60,12.30
2010.08.23 18:11:39.810,1.3329,1.33325,1.60,10.90
2010.08.23 18:11:40.046,1.3329,1.33325,1.60,10.50
2010.08.23 18:11:41.272,1.3329,1.3332,1.60,1.00
2010.08.23 18:11:41.513,1.3329,1.3332,1.00,1.00
2010.08.23 18:11:41.605,1.3329,1.3332,1.00,4.10
2010.08.23 18:11:43.152,1.33295,1.3332,1.00,4.00
2010.08.23 18:11:43.361,1.3329,1.3332,1.00,1.00
2010.08.23 18:11:44.236,1.3329,1.3332,1.00,1.00
2010.08.23 18:11:44.577,1.33295,1.33325,1.60,1.70
2010.08.23 18:11:47.986,1.3329,1.3332,1.00,5.70
2010.08.23 18:11:48.036,1.3329,1.3332,1.00,4.10
2010.08.23 18:11:48.813,1.3329,1.3332,2.40,4.10
2010.08.23 18:11:48.883,1.3329,1.3332,1.00,4.10
2010.08.23 18:11:49.956,1.3328,1.33315,10.10,1.00
2010.08.23 18:11:50.609,1.3328,1.33315,1.70,4.90
2010.08.23 18:11:50.698,1.3328,1.33315,1.60,8.90
2010.08.23 18:11:51.435,1.3328,1.33315,5.60,1.00
2010.08.23 18:11:52.245,1.3328,1.33315,5.60,1.00
2010.08.23 18:11:52.332,1.33285,1.33315,1.00,1.00
2010.08.23 18:11:53.088,1.33285,1.33315,1.00,1.00
2010.08.23 18:11:54.796,1.33285,1.33315,1.00,1.00
2010.08.23 18:11:55.743,1.33285,1.33315,1.00,1.00
2010.08.23 18:11:55.875,1.33285,1.3332,1.60,9.30
2010.08.23 18:11:56.759,1.33285,1.3332,5.60,1.00
2010.08.23 18:11:57.215,1.33285,1.3332,5.70,1.00
2010.08.23 18:12:00.005,1.33285,1.3332,5.70,2.50
2010.08.23 18:12:01.353,1.33285,1.3329,1.70,4.00
2010.08.23 18:12:02.745,1.33295,1.3332,1.00,14.90
2010.08.23 18:12:02.926,1.3329,1.33295,2.00,8.00
2010.08.23 18:12:03.286,1.33285,1.3329,3.70,4.00
2010.08.23 18:12:03.464,1.33295,1.333,1.00,8.00
2010.08.23 18:12:07.274,1.33295,1.333,1.00,4.00
2010.08.23 18:12:07.383,1.33295,1.33305,1.00,8.00
2010.08.23 18:12:10.636,1.33295,1.3332,1.00,1.00
2010.08.23 18:12:22.036,1.33305,1.33325,1.00,1.00
2010.08.23 18:12:38.607,1.33295,1.33325,1.00,4.10
2010.08.23 18:12:39.819,1.3329,1.33325,2.40,5.10
2010.08.23 18:12:40.118,1.33285,1.33315,1.00,1.00
2010.08.23 18:12:40.416,1.3328,1.33315,2.00,8.90
2010.08.23 18:12:40.715,1.3328,1.3331,1.60,4.00
2010.08.23 18:12:41.184,1.3328,1.3331,2.40,4.00
2010.08.23 18:12:41.884,1.3328,1.33315,1.60,8.90
2010.08.23 18:12:41.963,1.3328,1.33315,2.40,9.00
2010.08.23 18:12:42.037,1.3328,1.33315,2.40,9.10
2010.08.23 18:12:42.203,1.3328,1.33315,2.40,9.00
2010.08.23 18:12:42.344,1.3328,1.33315,2.40,5.00
2010.08.23 18:12:42.413,1.3328,1.33315,6.40,1.00
2010.08.23 18:12:43.495,1.3328,1.33315,6.80,1.00
2010.08.23 18:12:43.954,1.3329,1.33315,1.00,1.00
2010.08.23 18:12:44.145,1.3329,1.33315,1.00,1.00
2010.08.23 18:12:44.333,1.3329,1.33315,1.00,1.00
2010.08.23 18:12:46.670,1.33285,1.33315,1.00,1.00
2010.08.23 18:12:46.724,1.33285,1.33315,1.00,5.00
2010.08.23 18:12:46.888,1.33285,1.33315,1.00,5.10
2010.08.23 18:12:47.053,1.33285,1.33315,1.00,9.10
2010.08.23 18:12:47.886,1.33285,1.33315,1.00,8.90
2010.08.23 18:12:48.228,1.33275,1.3331,10.00,1.50
2010.08.23 18:12:48.488,1.33275,1.333,1.60,4.00
2010.08.23 18:12:48.749,1.3327,1.333,2.00,4.00
2010.08.23 18:12:49.004,1.3327,1.33305,6.00,1.00
2010.08.23 18:12:50.041,1.3327,1.33305,5.60,1.10
2010.08.23 18:12:52.252,1.3327,1.33305,5.60,1.00
2010.08.23 18:12:53.254,1.3328,1.33305,1.00,1.00
2010.08.23 18:12:53.733,1.3328,1.33305,1.00,1.00
2010.08.23 18:13:01.565,1.3327,1.33305,5.60,1.00
2010.08.23 18:13:02.340,1.3326,1.3329,2.40,8.70
2010.08.23 18:13:02.423,1.3326,1.3329,2.40,8.10
2010.08.23 18:13:03.138,1.3326,1.3329,2.40,8.30
2010.08.23 18:13:05.549,1.3326,1.3329,2.40,8.10
2010.08.23 18:13:05.843,1.33255,1.3329,2.40,6.50
2010.08.23 18:13:06.138,1.33255,1.33285,2.40,9.60
2010.08.23 18:13:06.980,1.3326,1.3329,1.60,8.80
2010.08.23 18:13:07.143,1.3326,1.3329,1.60,4.20
2010.08.23 18:13:07.449,1.3326,1.3329,1.00,6.10
2010.08.23 18:13:07.608,1.3326,1.3328,1.00,1.60
2010.08.23 18:13:08.287,1.3326,1.3328,1.00,5.60
2010.08.23 18:13:08.531,1.33245,1.33275,1.60,1.00
2010.08.23 18:13:10.459,1.33245,1.3327,1.00,1.00
2010.08.23 18:13:11.892,1.33245,1.33275,1.60,1.00
2010.08.23 18:13:13.454,1.33245,1.33275,1.60,1.00
2010.08.23 18:13:15.566,1.33245,1.33275,1.60,1.00
2010.08.23 18:13:15.936,1.33245,1.33275,1.60,1.00
2010.08.23 18:13:16.700,1.33245,1.33275,1.60,1.00
2010.08.23 18:13:19.074,1.33245,1.33275,1.60,4.30
2010.08.23 18:13:20.713,1.33245,1.33275,1.60,4.10
2010.08.23 18:13:20.873,1.33245,1.33275,1.60,4.30
2010.08.23 18:13:21.115,1.33245,1.33275,1.60,4.10
2010.08.23 18:13:21.213,1.33245,1.33275,1.60,4.30
2010.08.23 18:13:22.105,1.33245,1.33275,1.60,4.10
2010.08.23 18:13:22.183,1.33245,1.33275,1.60,4.30
2010.08.23 18:13:22.793,1.33245,1.33275,1.60,1.00
2010.08.23 18:13:23.422,1.33245,1.33275,1.60,4.30
2010.08.23 18:13:23.783,1.33245,1.33275,1.60,4.10
2010.08.23 18:13:25.444,1.33255,1.33275,1.00,1.00
2010.08.23 18:13:39.093,1.33255,1.3328,1.00,1.00
2010.08.23 18:13:39.204,1.33255,1.33285,1.60,1.00
2010.08.23 18:13:39.307,1.33255,1.33285,5.60,1.00
2010.08.23 18:13:39.408,1.33255,1.33285,4.00,1.00
2010.08.23 18:13:40.073,1.3325,1.33285,7.20,1.00
2010.08.23 18:13:40.432,1.3325,1.33285,7.20,1.00
2010.08.23 18:13:42.537,1.33255,1.33285,1.00,1.00
2010.08.23 18:13:44.734,1.3325,1.33285,8.80,1.00
2010.08.23 18:13:46.105,1.3325,1.33285,8.70,1.00
2010.08.23 18:13:46.869,1.3325,1.33285,4.70,10.50
2010.08.23 18:13:46.978,1.3325,1.33285,3.10,10.50
2010.08.23 18:13:56.032,1.3325,1.33285,3.10,10.70
2010.08.23 18:13:56.056,1.3325,1.3328,3.10,1.00
2010.08.23 18:13:56.094,1.3325,1.3328,2.30,1.00
2010.08.23 18:13:58.384,1.3325,1.33285,3.10,10.50
2010.08.23 18:13:58.624,1.3325,1.33285,3.20,10.50
2010.08.23 18:13:58.816,1.3326,1.33285,1.00,10.50
2010.08.23 18:13:58.894,1.3326,1.33285,1.00,8.90
2010.08.23 18:13:58.974,1.3326,1.33285,1.00,4.80
2010.08.23 18:13:59.013,1.3326,1.33285,1.00,4.00
2010.08.23 18:13:59.056,1.3326,1.3329,1.00,5.60
2010.08.23 18:13:59.357,1.3326,1.3329,1.00,4.00
2010.08.23 18:13:59.656,1.3326,1.3329,2.40,4.00
2010.08.23 18:14:02.175,1.3326,1.33295,2.40,6.50
2010.08.23 18:14:02.453,1.3327,1.33295,1.00,6.50
2010.08.23 18:14:02.537,1.3327,1.33295,1.00,1.00
2010.08.23 18:14:02.577,1.33265,1.33295,1.00,1.00
2010.08.23 18:14:03.238,1.33265,1.33295,4.60,1.00
2010.08.23 18:14:03.293,1.3326,1.3329,4.80,1.10
2010.08.23 18:14:03.676,1.3326,1.33285,4.80,1.00
2010.08.23 18:14:08.481,1.3326,1.33285,1.00,1.00
2010.08.23 18:14:09.055,1.3326,1.3329,1.00,1.00
2010.08.23 18:14:12.635,1.3326,1.3329,1.00,1.10
2010.08.23 18:14:15.810,1.33265,1.3329,1.00,1.00
2010.08.23 18:14:15.916,1.33275,1.3329,1.00,1.00
2010.08.23 18:14:16.025,1.33275,1.33295,1.00,1.10
2010.08.23 18:14:16.244,1.33275,1.33295,1.00,1.00
2010.08.23 18:14:16.767,1.33265,1.33295,8.70,1.00
2010.08.23 18:14:16.946,1.33265,1.33295,10.00,1.00
2010.08.23 18:14:17.683,1.33275,1.33295,1.00,1.00
2010.08.23 18:14:17.874,1.33275,1.333,1.00,1.10
2010.08.23 18:14:18.495,1.33275,1.33295,1.00,1.00
2010.08.23 18:14:20.430,1.33275,1.33305,1.00,10.50
2010.08.23 18:14:21.127,1.33275,1.33305,1.00,10.70
2010.08.23 18:14:21.850,1.33275,1.333,1.00,1.00
2010.08.23 18:14:21.989,1.33275,1.333,1.00,1.00
2010.08.23 18:14:22.398,1.33275,1.333,1.00,5.10
2010.08.23 18:14:22.664,1.33275,1.333,1.00,4.90
2010.08.23 18:14:23.194,1.33275,1.333,1.00,5.10
2010.08.23 18:14:23.352,1.33275,1.333,1.00,1.10
2010.08.23 18:14:24.215,1.33275,1.333,1.00,1.00
2010.08.23 18:14:24.404,1.33275,1.333,1.00,1.10
2010.08.23 18:14:24.594,1.33275,1.333,1.00,1.00
2010.08.23 18:14:24.973,1.33275,1.333,1.00,1.10
2010.08.23 18:14:25.674,1.33275,1.333,1.00,1.00
2010.08.23 18:14:25.874,1.33275,1.333,1.00,5.10
2010.08.23 18:14:26.554,1.33275,1.33295,1.00,1.00
2010.08.23 18:14:29.485,1.33265,1.33295,6.30,1.00
2010.08.23 18:14:29.566,1.33265,1.33295,2.30,4.10
2010.08.23 18:14:29.715,1.33265,1.33295,1.60,4.10
2010.08.23 18:14:31.666,1.33265,1.33295,1.60,4.30
2010.08.23 18:14:31.936,1.33265,1.33295,1.60,1.00
2010.08.23 18:14:32.168,1.33275,1.33295,1.00,1.00
2010.08.23 18:14:32.397,1.33265,1.33295,5.60,1.00
2010.08.23 18:14:32.624,1.33265,1.33295,1.60,1.00
2010.08.23 18:14:34.824,1.33275,1.33295,1.00,1.00
2010.08.23 18:14:38.494,1.33275,1.333,1.00,5.00
2010.08.23 18:14:39.505,1.33275,1.333,1.00,4.90
2010.08.23 18:14:39.759,1.3328,1.333,1.00,1.00
2010.08.23 18:14:40.017,1.3328,1.33305,1.00,2.70
2010.08.23 18:14:40.555,1.3328,1.33305,1.00,1.10
2010.08.23 18:14:42.122,1.3328,1.33305,1.00,1.00
2010.08.23 18:14:44.245,1.3328,1.33305,1.00,1.00
2010.08.23 18:14:45.380,1.3328,1.33305,1.00,1.10
2010.08.23 18:14:46.165,1.3328,1.33305,1.00,1.00
2010.08.23 18:14:48.580,1.3328,1.33305,1.00,1.10
2010.08.23 18:14:52.643,1.33275,1.33305,8.40,1.10
2010.08.23 18:14:52.684,1.33275,1.33305,8.00,1.10
2010.08.23 18:14:52.785,1.33275,1.33305,8.00,1.00
2010.08.23 18:14:52.825,1.33275,1.33305,4.00,1.00
2010.08.23 18:14:52.864,1.33275,1.33305,4.00,1.10
2010.08.23 18:14:52.906,1.3327,1.33305,10.20,1.10
2010.08.23 18:14:53.794,1.33275,1.33305,6.00,1.00
2010.08.23 18:14:58.844,1.33285,1.33305,1.00,1.00
2010.08.23 18:15:06.358,1.33285,1.3331,1.00,1.00
2010.08.23 18:15:06.596,1.33285,1.3331,1.00,1.00
2010.08.23 18:15:06.754,1.33285,1.33305,1.00,1.00
2010.08.23 18:15:11.386,1.3327,1.33295,5.20,4.00
2010.08.23 18:15:11.551,1.3327,1.33295,1.20,4.00
2010.08.23 18:15:12.338,1.33265,1.33295,6.40,4.00
2010.08.23 18:15:12.623,1.33265,1.333,10.00,1.00
2010.08.23 18:15:12.908,1.33265,1.333,6.00,4.90
2010.08.23 18:15:13.816,1.3327,1.333,1.00,1.00
2010.08.23 18:15:14.060,1.3327,1.333,1.00,1.00
2010.08.23 18:15:14.307,1.3327,1.333,1.00,1.00
2010.08.23 18:15:14.545,1.3327,1.333,1.00,1.00
2010.08.23 18:15:14.784,1.3327,1.333,1.00,1.00
2010.08.23 18:15:17.565,1.3327,1.33295,1.00,1.00
2010.08.23 18:15:17.763,1.3327,1.333,4.70,1.00
2010.08.23 18:15:18.532,1.3327,1.333,1.00,1.00
2010.08.23 18:15:18.889,1.3327,1.33305,1.00,10.70
2010.08.23 18:15:19.237,1.33265,1.333,10.20,1.10
2010.08.23 18:15:22.244,1.33265,1.333,6.20,1.10
2010.08.23 18:15:22.999,1.33265,1.333,10.20,1.10
2010.08.23 18:15:23.207,1.33265,1.333,10.20,1.00
2010.08.23 18:15:23.310,1.33265,1.33295,9.20,1.00
2010.08.23 18:15:23.416,1.33265,1.33295,1.20,1.00
2010.08.23 18:15:23.514,1.33265,1.33295,1.50,1.00
2010.08.23 18:15:23.615,1.33265,1.33295,5.50,1.00
2010.08.23 18:15:24.324,1.33265,1.33295,1.50,1.00
2010.08.23 18:15:24.537,1.33265,1.33295,1.00,1.00
2010.08.23 18:15:25.411,1.3326,1.3329,10.00,1.00
2010.08.23 18:15:26.240,1.3326,1.3329,5.20,4.10
2010.08.23 18:15:26.526,1.3326,1.3329,1.20,1.00
2010.08.23 18:15:27.396,1.3326,1.3329,5.50,1.00
2010.08.23 18:15:28.507,1.3326,1.3329,1.00,1.00
2010.08.23 18:15:29.066,1.3326,1.33285,1.00,1.00
2010.08.23 18:15:29.270,1.3325,1.3328,1.20,8.10
2010.08.23 18:15:29.465,1.3325,1.3328,1.00,8.10
2010.08.23 18:15:29.664,1.33245,1.3328,1.60,8.90
2010.08.23 18:15:30.746,1.33245,1.33275,1.60,4.00
2010.08.23 18:15:31.027,1.33245,1.33275,1.60,8.00
2010.08.23 18:15:33.625,1.33245,1.33275,1.00,8.90
2010.08.23 18:15:33.730,1.3325,1.33275,2.20,1.00
2010.08.23 18:15:33.828,1.3325,1.3327,2.20,1.00
2010.08.23 18:15:35.736,1.33245,1.3327,1.00,1.00
2010.08.23 18:15:36.914,1.3324,1.3327,7.80,1.00
2010.08.23 18:15:37.667,1.3324,1.3327,6.40,1.00
2010.08.23 18:15:38.037,1.3324,1.3327,6.20,1.00
2010.08.23 18:15:41.148,1.3324,1.3327,6.40,1.00
2010.08.23 18:15:41.334,1.3324,1.3327,6.20,1.00
2010.08.23 18:15:41.524,1.3324,1.3327,5.40,1.00
2010.08.23 18:15:41.623,1.3324,1.3327,4.60,1.00
2010.08.23 18:15:43.218,1.33235,1.33265,9.20,1.00
2010.08.23 18:15:44.404,1.3324,1.33265,1.00,1.00
2010.08.23 18:15:45.219,1.3324,1.33265,1.00,1.00
2010.08.23 18:15:45.994,1.33235,1.33265,8.80,1.00
2010.08.23 18:15:46.706,1.3324,1.33265,4.00,1.00
2010.08.23 18:15:48.644,1.33235,1.33265,8.80,1.00
2010.08.23 18:15:48.764,1.33235,1.33265,8.80,1.00
2010.08.23 18:15:48.884,1.33235,1.33265,8.80,1.00
2010.08.23 18:15:49.852,1.3323,1.3326,10.60,1.00
2010.08.23 18:15:50.076,1.33235,1.3326,8.60,1.00
2010.08.23 18:15:50.980,1.3323,1.3326,10.00,1.00
2010.08.23 18:15:51.241,1.3323,1.3326,10.10,1.00
2010.08.23 18:15:52.164,1.3323,1.3326,10.00,1.00
2010.08.23 18:15:56.395,1.3323,1.3326,9.20,1.00
2010.08.23 18:15:56.568,1.33225,1.3326,10.00,1.00
2010.08.23 18:15:58.517,1.33225,1.33255,9.20,1.00
2010.08.23 18:15:58.814,1.33225,1.33255,1.00,1.00
2010.08.23 18:16:00.335,1.3322,1.3325,8.80,1.00
2010.08.23 18:16:01.835,1.3322,1.3325,8.80,1.00
2010.08.23 18:16:01.913,1.3322,1.3325,9.40,1.00
2010.08.23 18:16:01.994,1.33225,1.3325,4.00,1.00
2010.08.23 18:16:02.075,1.33225,1.3325,8.00,1.00
2010.08.23 18:16:03.127,1.3323,1.3326,8.00,1.00
2010.08.23 18:16:03.434,1.3323,1.3326,9.60,1.00
2010.08.23 18:16:04.537,1.3323,1.3326,10.00,1.00
2010.08.23 18:16:05.250,1.33235,1.3326,8.00,1.00
2010.08.23 18:16:05.334,1.33235,1.33265,8.80,1.00
2010.08.23 18:16:05.424,1.33235,1.33265,8.80,1.00
2010.08.23 18:16:06.779,1.33235,1.33265,4.80,1.00
2010.08.23 18:16:07.693,1.33235,1.33265,1.00,4.10
2010.08.23 18:16:09.375,1.33235,1.33265,1.00,1.00
2010.08.23 18:16:11.547,1.3323,1.3326,5.20,1.00
2010.08.23 18:16:11.806,1.3323,1.3326,1.20,1.00
2010.08.23 18:16:12.608,1.3323,1.3326,1.00,1.00
2010.08.23 18:16:12.966,1.3323,1.3326,1.00,1.00
2010.08.23 18:16:13.324,1.3323,1.3326,1.00,1.00
2010.08.23 18:16:16.326,1.3323,1.3326,1.00,1.00
2010.08.23 18:16:18.219,1.3323,1.3326,9.20,1.00
2010.08.23 18:16:18.365,1.3324,1.3326,1.00,1.00
2010.08.23 18:16:18.644,1.3324,1.33265,1.00,1.00
2010.08.23 18:16:20.103,1.3323,1.33265,10.00,1.00
2010.08.23 18:16:20.366,1.3323,1.33265,6.00,1.00
2010.08.23 18:16:21.657,1.3323,1.33265,6.00,1.00
2010.08.23 18:16:22.564,1.3323,1.33265,2.00,5.00
2010.08.23 18:16:28.009,1.3323,1.33265,2.00,5.60
2010.08.23 18:16:28.481,1.3323,1.3326,1.20,1.00
2010.08.23 18:16:29.258,1.3323,1.33255,1.20,1.00
2010.08.23 18:16:29.455,1.3326,1.33285,1.00,1.00
2010.08.23 18:16:29.649,1.3326,1.3329,8.80,2.70
2010.08.23 18:16:30.215,1.3326,1.3329,8.80,2.50
2010.08.23 18:16:31.622,1.3326,1.3329,10.40,1.00
2010.08.23 18:16:33.323,1.3326,1.3329,8.80,1.00
2010.08.23 18:16:33.486,1.3326,1.3329,8.00,2.70
2010.08.23 18:16:33.836,1.33255,1.33285,4.40,1.00
2010.08.23 18:16:34.830,1.33255,1.33285,1.20,1.00
2010.08.23 18:16:35.134,1.3326,1.3329,10.80,1.00
2010.08.23 18:16:35.430,1.33265,1.3329,4.00,1.00
2010.08.23 18:16:36.357,1.33265,1.33295,5.20,2.50
2010.08.23 18:16:36.596,1.33265,1.33295,5.20,2.60
2010.08.23 18:16:39.127,1.33265,1.33295,4.00,2.60
2010.08.23 18:16:39.780,1.3326,1.33295,10.00,2.60
2010.08.23 18:16:40.133,1.33265,1.33295,1.00,2.50
2010.08.23 18:16:40.468,1.33265,1.33295,6.00,1.00
2010.08.23 18:16:42.554,1.3327,1.33295,1.00,1.00
2010.08.23 18:16:43.345,1.3327,1.333,1.00,2.50
2010.08.23 18:16:43.613,1.33265,1.33295,5.20,1.00
2010.08.23 18:16:43.876,1.33265,1.33295,1.20,1.00
2010.08.23 18:16:44.137,1.33265,1.33295,3.60,1.00
2010.08.23 18:16:44.716,1.33265,1.33295,2.80,1.00
2010.08.23 18:16:45.479,1.33265,1.33295,2.80,1.70
2010.08.23 18:16:45.680,1.33265,1.3329,2.00,1.00
2010.08.23 18:16:45.876,1.33265,1.3329,2.00,1.00
2010.08.23 18:16:46.275,1.33265,1.3329,2.00,1.00
2010.08.23 18:16:48.066,1.33265,1.3329,2.00,9.00
2010.08.23 18:16:51.968,1.33265,1.33285,2.00,2.50
2010.08.23 18:16:52.071,1.33265,1.33285,1.60,6.60
2010.08.23 18:16:53.062,1.33255,1.33285,1.20,1.00
2010.08.23 18:16:53.746,1.33255,1.33285,1.20,5.70
2010.08.23 18:16:54.675,1.33255,1.33285,2.00,1.00
2010.08.23 18:16:55.888,1.3325,1.3328,10.00,1.00
2010.08.23 18:16:56.183,1.33245,1.3328,11.60,1.00
2010.08.23 18:16:56.375,1.33245,1.3328,12.00,1.00
2010.08.23 18:16:56.756,1.33245,1.3328,11.60,1.00
2010.08.23 18:16:56.944,1.33245,1.3328,12.00,1.00
2010.08.23 18:16:57.950,1.33245,1.3328,12.00,1.00
2010.08.23 18:16:58.147,1.3325,1.3328,1.00,1.70
2010.08.23 18:16:58.330,1.3325,1.33275,1.00,2.50
2010.08.23 18:16:59.460,1.3325,1.33275,1.00,6.50
2010.08.23 18:17:00.675,1.3325,1.33275,2.80,5.60
2010.08.23 18:17:00.974,1.3325,1.33285,2.80,7.30
2010.08.23 18:17:01.267,1.33255,1.33285,1.60,7.30
2010.08.23 18:17:01.557,1.33255,1.33275,1.60,1.60
2010.08.23 18:17:02.370,1.33245,1.33275,9.20,1.60
2010.08.23 18:17:02.723,1.33245,1.33275,1.20,5.60
2010.08.23 18:17:02.935,1.33245,1.3328,1.20,8.90
2010.08.23 18:17:03.776,1.33245,1.3328,2.00,8.90
2010.08.23 18:17:03.939,1.3325,1.3328,1.00,8.90
2010.08.23 18:17:04.254,1.33245,1.3328,2.00,9.10
2010.08.23 18:17:04.714,1.33245,1.33275,2.00,1.00
2010.08.23 18:17:05.520,1.33245,1.33275,1.00,5.10
2010.08.23 18:17:06.807,1.33245,1.33275,1.00,9.10
2010.08.23 18:17:07.477,1.33245,1.3327,1.00,1.00
2010.08.23 18:17:07.571,1.33245,1.3327,1.00,1.00
2010.08.23 18:17:08.596,1.33245,1.3327,1.00,1.00
2010.08.23 18:17:09.378,1.33245,1.33265,1.00,4.00
2010.08.23 18:17:09.550,1.33235,1.33265,2.00,4.10
2010.08.23 18:17:10.185,1.33245,1.33265,1.00,4.00
2010.08.23 18:17:11.255,1.33245,1.3327,1.00,1.00
2010.08.23 18:17:11.857,1.3324,1.3327,1.00,1.00
2010.08.23 18:17:12.709,1.3324,1.3327,1.00,4.90
2010.08.23 18:17:12.942,1.3324,1.3327,2.00,4.90
2010.08.23 18:17:13.166,1.3324,1.3327,2.00,1.60
2010.08.23 18:17:14.056,1.3324,1.33275,2.00,12.20
2010.08.23 18:17:14.314,1.3324,1.33275,2.00,10.60
2010.08.23 18:17:17.421,1.3324,1.33275,2.00,10.50
2010.08.23 18:17:18.103,1.3324,1.33275,2.00,10.70
2010.08.23 18:17:20.224,1.3324,1.3327,2.00,1.00
2010.08.23 18:17:20.466,1.3324,1.3327,2.00,1.00
2010.08.23 18:17:20.586,1.3324,1.3327,1.20,1.00
2010.08.23 18:17:21.964,1.3324,1.3327,2.00,1.00
2010.08.23 18:17:22.800,1.33245,1.33275,1.20,4.90
2010.08.23 18:17:23.406,1.3325,1.3327,1.00,1.00
2010.08.23 18:17:27.905,1.3325,1.33275,1.20,1.00
2010.08.23 18:17:28.063,1.3325,1.3328,1.20,2.50
2010.08.23 18:17:28.837,1.3325,1.3328,1.20,1.00
2010.08.23 18:17:31.256,1.3325,1.33275,1.20,1.00
2010.08.23 18:17:31.673,1.3325,1.3327,1.20,1.00
2010.08.23 18:17:32.641,1.3324,1.3327,2.00,1.00
2010.08.23 18:17:32.846,1.3324,1.33275,2.80,9.00
2010.08.23 18:17:33.055,1.3324,1.33275,6.80,5.00
2010.08.23 18:17:33.264,1.3324,1.33275,6.80,1.00
2010.08.23 18:17:34.178,1.3324,1.33275,7.20,1.00
2010.08.23 18:17:34.439,1.3325,1.3328,1.20,1.00
2010.08.23 18:17:38.185,1.3325,1.3328,1.20,1.00
2010.08.23 18:17:38.894,1.3325,1.3328,1.20,1.00
2010.08.23 18:17:40.391,1.33255,1.3328,1.20,1.00
2010.08.23 18:17:40.494,1.33255,1.3328,1.20,1.00
2010.08.23 18:17:41.124,1.33255,1.33285,2.00,1.00
2010.08.23 18:17:43.794,1.33255,1.33285,2.00,1.00
2010.08.23 18:17:51.496,1.33255,1.33285,2.00,1.00
2010.08.23 18:17:51.604,1.33255,1.3329,2.80,10.60
2010.08.23 18:17:51.966,1.33265,1.3329,1.20,9.80
2010.08.23 18:17:52.722,1.3326,1.3329,2.80,2.50
2010.08.23 18:17:52.948,1.3326,1.33285,1.20,1.00
2010.08.23 18:17:57.366,1.3326,1.33285,1.00,1.00
2010.08.23 18:17:57.413,1.33255,1.33285,6.80,1.00
2010.08.23 18:17:58.191,1.33255,1.33285,5.20,1.00
2010.08.23 18:17:58.547,1.33255,1.33285,1.20,1.00
2010.08.23 18:18:06.966,1.33255,1.33285,5.20,1.00
2010.08.23 18:18:07.367,1.33255,1.33285,5.20,1.00
2010.08.23 18:18:10.974,1.33255,1.33285,6.00,1.00
2010.08.23 18:18:11.074,1.3326,1.33285,1.00,1.00
2010.08.23 18:18:11.175,1.3326,1.3329,1.20,1.00
2010.08.23 18:18:12.477,1.3326,1.33285,1.00,1.00
2010.08.23 18:18:13.976,1.3326,1.3329,1.00,1.00
2010.08.23 18:18:14.533,1.3326,1.3329,1.00,1.00
2010.08.23 18:18:16.545,1.3326,1.3329,1.00,1.00
2010.08.23 18:18:17.016,1.3326,1.3329,1.00,1.00
2010.08.23 18:18:17.685,1.3326,1.3329,1.00,1.00
2010.08.23 18:18:17.994,1.3327,1.3329,1.00,1.00
2010.08.23 18:18:18.705,1.3327,1.33295,1.00,8.10
2010.08.23 18:18:18.850,1.3326,1.33295,2.80,8.20
2010.08.23 18:18:20.424,1.3327,1.33295,1.20,8.00
2010.08.23 18:18:20.583,1.3327,1.333,1.20,5.00
2010.08.23 18:18:21.204,1.3327,1.333,1.20,5.10
2010.08.23 18:18:22.104,1.3327,1.333,1.20,4.90
2010.08.23 18:18:23.949,1.3327,1.333,1.00,4.90
2010.08.23 18:18:24.016,1.33265,1.33295,5.60,1.00
2010.08.23 18:18:24.103,1.33265,1.33295,4.80,1.00
2010.08.23 18:18:24.134,1.33265,1.33295,4.00,1.00
2010.08.23 18:18:24.266,1.3326,1.33295,2.80,5.00
2010.08.23 18:18:24.937,1.3326,1.33295,6.80,1.00
2010.08.23 18:18:28.193,1.3326,1.33295,6.80,1.00
2010.08.23 18:18:32.783,1.3326,1.33295,6.80,1.00
2010.08.23 18:18:37.068,1.33265,1.333,1.60,5.00
2010.08.23 18:18:37.403,1.33265,1.333,2.00,5.00
2010.08.23 18:18:39.233,1.33265,1.333,1.60,5.00
2010.08.23 18:18:40.824,1.33265,1.333,2.00,5.00
2010.08.23 18:18:46.987,1.33265,1.33295,2.00,1.60
2010.08.23 18:18:47.740,1.33265,1.33295,3.60,1.00
2010.08.23 18:18:48.095,1.3326,1.3329,1.00,1.00
2010.08.23 18:18:48.437,1.3326,1.3329,2.00,1.00
2010.08.23 18:18:50.398,1.3326,1.3329,2.00,1.00
2010.08.23 18:18:55.341,1.3326,1.3329,1.20,1.00
2010.08.23 18:18:56.265,1.3326,1.3329,1.20,1.10
2010.08.23 18:18:56.704,1.3326,1.3329,1.20,1.00
2010.08.23 18:19:00.441,1.3326,1.3329,1.20,5.00
2010.08.23 18:19:01.699,1.3326,1.3329,1.00,5.00
2010.08.23 18:19:05.255,1.3326,1.3329,1.00,5.10
2010.08.23 18:19:05.526,1.3326,1.33285,1.00,1.60
2010.08.23 18:19:07.313,1.3326,1.3329,1.00,4.90
2010.08.23 18:19:10.179,1.3326,1.3329,1.00,5.00
2010.08.23 18:19:10.359,1.3327,1.3329,1.00,4.90
2010.08.23 18:19:10.537,1.3327,1.3329,1.20,4.10
2010.08.23 18:19:10.715,1.3327,1.333,1.20,1.00
2010.08.23 18:19:11.235,1.33265,1.333,2.40,6.50
2010.08.23 18:19:13.005,1.33265,1.33295,1.00,1.00
2010.08.23 18:19:13.152,1.3326,1.3329,8.00,1.00
2010.08.23 18:19:13.289,1.3326,1.3329,8.00,1.10
2010.08.23 18:19:13.567,1.33255,1.3329,10.00,1.10
2010.08.23 18:19:15.074,1.33255,1.3329,10.00,1.00
2010.08.23 18:19:17.087,1.3326,1.3329,4.00,1.00
2010.08.23 18:19:17.157,1.3326,1.33295,1.60,6.70
2010.08.23 18:19:17.219,1.3326,1.33295,1.60,10.70
2010.08.23 18:19:20.245,1.3326,1.33295,1.60,10.50
2010.08.23 18:19:23.794,1.3327,1.3328,1.00,1.00
2010.08.23 18:19:24.484,1.3327,1.3329,1.00,1.00
2010.08.23 18:19:24.824,1.3328,1.3331,1.00,8.90
2010.08.23 18:19:25.170,1.33275,1.3331,2.80,8.10
2010.08.23 18:19:26.810,1.3328,1.3331,2.80,1.00
2010.08.23 18:19:27.016,1.3328,1.3331,2.80,8.10
2010.08.23 18:19:27.417,1.3328,1.3331,2.00,1.00
2010.08.23 18:19:28.246,1.3328,1.3331,2.80,1.00
2010.08.23 18:19:28.788,1.33285,1.33315,1.60,6.50
2010.08.23 18:19:29.547,1.3329,1.33315,1.00,1.00
2010.08.23 18:19:29.862,1.33285,1.33315,1.00,1.00
2010.08.23 18:19:30.178,1.33285,1.3331,1.00,1.00
2010.08.23 18:19:34.307,1.33285,1.3331,1.00,1.00
2010.08.23 18:19:34.516,1.33285,1.3331,1.00,4.30
2010.08.23 18:19:34.727,1.3328,1.3331,1.00,8.30
2010.08.23 18:19:34.935,1.3328,1.3331,1.00,9.10
2010.08.23 18:19:37.134,1.3328,1.33305,1.00,1.00
2010.08.23 18:19:38.163,1.3328,1.3331,1.00,9.00
2010.08.23 18:19:39.248,1.3328,1.33305,1.00,1.00
2010.08.23 18:19:39.638,1.33275,1.33305,2.00,1.00
2010.08.23 18:19:39.793,1.33275,1.33305,2.00,1.00
2010.08.23 18:19:39.848,1.33275,1.33305,2.00,1.00
2010.08.23 18:19:54.654,1.3328,1.33305,1.00,1.00
2010.08.23 18:19:54.746,1.33285,1.3331,1.00,4.90
2010.08.23 18:19:54.818,1.33285,1.3331,1.00,1.00
2010.08.23 18:19:55.691,1.3328,1.3331,1.00,4.90
2010.08.23 18:19:56.986,1.3328,1.33315,2.00,6.60
2010.08.23 18:19:57.171,1.33285,1.33315,1.20,4.90
2010.08.23 18:20:00.007,1.33285,1.33315,1.20,5.10
2010.08.23 18:20:01.121,1.3328,1.3331,1.00,1.00
2010.08.23 18:20:01.837,1.33275,1.3331,10.00,1.00
2010.08.23 18:20:01.966,1.3328,1.3331,2.00,4.00
2010.08.23 18:20:04.934,1.3328,1.3331,2.00,4.20
2010.08.23 18:20:07.955,1.3328,1.3331,2.00,4.10
2010.08.23 18:20:07.994,1.3328,1.3331,1.20,4.10
2010.08.23 18:20:08.175,1.3328,1.3331,1.00,4.10
2010.08.23 18:20:08.245,1.3327,1.3331,12.00,6.50
2010.08.23 18:20:08.314,1.3327,1.3331,8.00,10.50
2010.08.23 18:20:08.385,1.3327,1.33305,2.40,4.00
2010.08.23 18:20:09.201,1.3327,1.33305,2.00,4.90
2010.08.23 18:20:10.425,1.3327,1.33305,2.00,5.00
2010.08.23 18:20:11.106,1.3327,1.33305,2.00,4.90
2010.08.23 18:20:11.639,1.3327,1.33305,2.00,5.00
2010.08.23 18:20:12.263,1.3327,1.33305,2.00,5.00
2010.08.23 18:20:12.315,1.3327,1.33305,2.00,5.10
2010.08.23 18:20:13.882,1.3327,1.33305,2.00,4.90
2010.08.23 18:20:14.086,1.3327,1.33305,2.00,5.70
2010.08.23 18:20:14.286,1.3327,1.333,2.00,9.60
2010.08.23 18:20:15.107,1.33285,1.333,4.00,5.60
2010.08.23 18:20:15.378,1.3329,1.33315,8.00,1.00
2010.08.23 18:20:16.290,1.3329,1.33325,11.60,1.00
2010.08.23 18:20:16.483,1.333,1.33325,8.00,1.10
2010.08.23 18:20:17.205,1.3329,1.33325,6.00,1.10
2010.08.23 18:20:18.528,1.333,1.33325,1.00,1.00
2010.08.23 18:20:20.709,1.333,1.3333,1.20,1.00
2010.08.23 18:20:21.805,1.333,1.3333,1.20,1.10
2010.08.23 18:20:21.965,1.333,1.33325,1.00,1.00
2010.08.23 18:20:22.125,1.33295,1.33325,5.20,1.00
2010.08.23 18:20:23.129,1.33295,1.33325,1.20,1.00
2010.08.23 18:20:26.164,1.33295,1.33325,1.00,1.00
2010.08.23 18:20:26.447,1.3329,1.33325,2.00,10.50
2010.08.23 18:20:26.728,1.33305,1.33325,1.00,1.00
2010.08.23 18:20:27.478,1.33305,1.33335,1.20,9.80
2010.08.23 18:20:27.789,1.33305,1.33335,1.00,9.80
2010.08.23 18:20:27.890,1.33305,1.33325,1.00,1.60
2010.08.23 18:20:28.712,1.333,1.33325,1.00,1.60
2010.08.23 18:20:28.985,1.3331,1.33325,1.00,1.00
2010.08.23 18:20:29.247,1.3331,1.33335,1.00,1.00
2010.08.23 18:20:31.154,1.3331,1.33335,1.00,1.00
2010.08.23 18:20:31.306,1.3331,1.33335,1.00,1.00
2010.08.23 18:20:31.974,1.3331,1.3334,1.00,8.70
2010.08.23 18:20:32.163,1.33315,1.3334,1.00,8.00
2010.08.23 18:20:32.531,1.33315,1.33345,1.00,10.50
2010.08.23 18:20:34.377,1.33315,1.3334,1.00,1.00
2010.08.23 18:20:34.496,1.3331,1.3334,1.60,1.00
2010.08.23 18:20:34.620,1.33305,1.3333,3.20,1.00
2010.08.23 18:20:34.736,1.33305,1.3333,1.60,1.00
2010.08.23 18:20:35.421,1.33305,1.3333,1.00,1.00
2010.08.23 18:20:35.730,1.333,1.3333,2.00,1.00
2010.08.23 18:20:38.586,1.333,1.3333,1.00,1.00
2010.08.23 18:20:41.778,1.33295,1.3333,6.00,1.00
2010.08.23 18:20:42.910,1.33295,1.3333,6.00,1.10
2010.08.23 18:20:42.944,1.33295,1.3333,5.20,1.10
2010.08.23 18:20:43.013,1.33295,1.33325,5.20,1.00
2010.08.23 18:20:44.374,1.33295,1.33325,5.20,1.00
2010.08.23 18:20:44.514,1.33295,1.3332,1.00,1.00
2010.08.23 18:20:45.876,1.33295,1.3332,4.40,1.00
2010.08.23 18:20:46.535,1.33295,1.3332,1.00,1.00
2010.08.23 18:20:48.599,1.33295,1.33325,4.40,1.00
2010.08.23 18:20:49.645,1.333,1.33325,1.00,1.00
2010.08.23 18:20:50.177,1.333,1.33325,1.00,1.10
2010.08.23 18:21:05.450,1.33295,1.33325,4.40,1.00
2010.08.23 18:21:08.202,1.3329,1.33325,2.00,8.90
2010.08.23 18:21:08.735,1.3329,1.33325,2.00,4.90
2010.08.23 18:21:08.876,1.3329,1.33325,6.00,1.00
2010.08.23 18:21:09.144,1.3329,1.33325,6.00,1.00
2010.08.23 18:21:10.781,1.3329,1.33325,7.60,1.00
2010.08.23 18:21:11.405,1.3329,1.33325,6.00,1.00
2010.08.23 18:21:18.248,1.3329,1.33325,7.60,1.00
2010.08.23 18:21:18.595,1.3329,1.33325,6.00,1.00
2010.08.23 18:21:18.665,1.3329,1.33325,2.00,9.00
2010.08.23 18:21:19.987,1.3329,1.33325,2.00,10.60
2010.08.23 18:21:23.193,1.3329,1.33325,1.60,10.60
2010.08.23 18:21:23.335,1.3329,1.33325,1.60,10.70
2010.08.23 18:21:23.418,1.3329,1.3332,1.00,1.00
2010.08.23 18:21:23.573,1.33285,1.3332,7.20,1.00
2010.08.23 18:21:24.306,1.333,1.3332,4.00,1.00
2010.08.23 18:21:24.430,1.333,1.3333,8.00,1.00
2010.08.23 18:21:24.558,1.3329,1.33325,7.30,4.00
2010.08.23 18:21:24.676,1.3329,1.33325,5.70,4.00
2010.08.23 18:21:24.796,1.33295,1.3333,6.40,1.00
2010.08.23 18:21:24.915,1.33295,1.3333,6.40,2.50
2010.08.23 18:21:25.646,1.33295,1.33325,1.00,4.00
2010.08.23 18:21:25.989,1.3329,1.33325,5.60,4.90
2010.08.23 18:21:26.336,1.3329,1.33325,5.60,5.10
2010.08.23 18:21:26.675,1.3329,1.33325,5.70,4.90
2010.08.23 18:21:27.546,1.3329,1.33325,5.60,4.90
2010.08.23 18:21:27.655,1.3329,1.3332,5.60,1.00
2010.08.23 18:21:28.787,1.3329,1.3332,5.60,1.00
2010.08.23 18:21:32.415,1.3329,1.3332,5.60,1.00
2010.08.23 18:21:34.784,1.3329,1.3332,5.70,1.00
2010.08.23 18:21:34.946,1.33295,1.33325,1.60,4.00
2010.08.23 18:21:35.106,1.33295,1.3333,11.20,1.00
2010.08.23 18:21:36.778,1.33295,1.3333,9.60,1.00
2010.08.23 18:21:37.122,1.33295,1.33325,1.60,1.60
2010.08.23 18:21:37.327,1.3329,1.33325,9.60,2.50
2010.08.23 18:21:38.905,1.33295,1.33325,1.60,1.00
2010.08.23 18:21:43.083,1.33295,1.33325,1.60,1.00
2010.08.23 18:21:43.543,1.33295,1.33325,1.60,1.00
2010.08.23 18:21:43.603,1.33295,1.33325,1.60,1.70
2010.08.23 18:21:44.048,1.333,1.33325,1.00,1.60
2010.08.23 18:21:47.117,1.33295,1.33325,1.60,1.70
2010.08.23 18:21:47.284,1.33295,1.33325,1.00,1.70
2010.08.23 18:21:47.509,1.33295,1.33325,1.00,5.70
2010.08.23 18:21:47.945,1.33295,1.33325,1.00,1.70
2010.08.23 18:21:56.046,1.33295,1.33325,1.60,1.70
2010.08.23 18:21:56.740,1.33295,1.33325,1.60,1.60
2010.08.23 18:21:56.910,1.33295,1.33325,9.60,1.60
2010.08.23 18:21:57.078,1.33295,1.33325,5.60,1.60
2010.08.23 18:21:57.576,1.33295,1.33325,5.60,1.60
2010.08.23 18:21:58.237,1.33295,1.33325,5.60,1.60
2010.08.23 18:21:59.178,1.33295,1.33325,4.80,2.50
2010.08.23 18:22:00.716,1.33295,1.33325,1.00,2.50
2010.08.23 18:22:06.485,1.33295,1.33325,1.00,2.70
2010.08.23 18:22:06.655,1.3329,1.3332,6.30,1.00
2010.08.23 18:22:07.251,1.3329,1.3332,6.40,1.00
2010.08.23 18:22:09.514,1.3329,1.3332,2.40,1.00
2010.08.23 18:22:14.329,1.3329,1.3332,6.40,1.00
2010.08.23 18:22:15.255,1.3329,1.3332,2.40,1.00
2010.08.23 18:22:17.907,1.3329,1.3332,1.00,1.00
2010.08.23 18:22:18.739,1.33285,1.3332,2.30,4.90
2010.08.23 18:22:24.964,1.33285,1.3332,2.40,4.90
2010.08.23 18:22:25.544,1.33285,1.3332,2.30,4.90
2010.08.23 18:22:28.060,1.33285,1.3332,1.60,5.30
2010.08.23 18:22:28.132,1.33285,1.3331,1.00,1.00
2010.08.23 18:22:28.199,1.3328,1.3331,9.50,1.00
2010.08.23 18:22:28.914,1.3328,1.33305,4.00,1.00
2010.08.23 18:22:29.002,1.3327,1.333,9.20,1.00
2010.08.23 18:22:29.068,1.3327,1.333,8.80,1.00
2010.08.23 18:22:30.063,1.3327,1.333,1.00,1.00
2010.08.23 18:22:32.101,1.3327,1.333,1.00,4.90
2010.08.23 18:22:34.056,1.3327,1.333,1.00,8.90
2010.08.23 18:22:35.825,1.33265,1.333,2.30,8.90
2010.08.23 18:22:37.645,1.33265,1.333,2.30,4.90
2010.08.23 18:22:37.964,1.33265,1.333,2.30,8.90
2010.08.23 18:22:38.754,1.3328,1.3331,1.00,8.90
2010.08.23 18:22:49.113,1.33275,1.33305,1.60,1.00
2010.08.23 18:22:49.163,1.33275,1.33305,1.00,1.00
2010.08.23 18:22:51.152,1.33265,1.333,11.80,1.00
2010.08.23 18:22:51.305,1.33265,1.333,13.40,1.00
2010.08.23 18:22:51.485,1.33265,1.333,13.60,1.00
2010.08.23 18:22:52.866,1.3327,1.333,1.00,1.00
2010.08.23 18:22:52.946,1.3327,1.333,1.00,1.00
2010.08.23 18:22:53.027,1.3327,1.333,8.70,1.00
2010.08.23 18:22:53.266,1.3327,1.333,8.00,1.00
2010.08.23 18:22:53.929,1.3327,1.333,4.00,1.00
2010.08.23 18:22:54.197,1.33265,1.333,11.90,1.00
2010.08.23 18:22:54.998,1.3327,1.333,1.00,1.00
2010.08.23 18:22:55.280,1.3327,1.33305,12.00,1.00
2010.08.23 18:22:56.039,1.3327,1.33305,12.00,1.00
2010.08.23 18:23:02.574,1.3327,1.333,11.80,1.00
2010.08.23 18:23:09.867,1.3327,1.333,12.00,1.00
2010.08.23 18:23:12.614,1.3327,1.333,11.80,1.00
2010.08.23 18:23:12.763,1.3327,1.33305,11.80,1.00
2010.08.23 18:23:12.793,1.3327,1.33305,11.80,1.00
2010.08.23 18:23:12.896,1.3327,1.33305,12.00,1.00
2010.08.23 18:23:13.595,1.33275,1.33305,1.60,1.00
2010.08.23 18:23:15.548,1.33275,1.333,1.00,1.00
2010.08.23 18:23:16.141,1.3327,1.333,11.00,1.00
2010.08.23 18:23:16.317,1.3327,1.33305,11.00,1.00
2010.08.23 18:23:17.474,1.3327,1.33305,9.40,1.00
2010.08.23 18:23:23.819,1.3327,1.333,9.40,1.00
2010.08.23 18:23:25.291,1.3327,1.333,1.00,1.00
2010.08.23 18:23:35.107,1.3327,1.333,5.40,1.00
2010.08.23 18:23:35.306,1.3327,1.333,9.40,1.00
2010.08.23 18:23:39.104,1.3327,1.333,11.00,1.00
2010.08.23 18:23:39.639,1.33275,1.333,1.60,1.00
2010.08.23 18:23:45.896,1.33275,1.33305,1.60,1.00
2010.08.23 18:23:50.716,1.3327,1.333,11.00,1.00
2010.08.23 18:23:50.914,1.3327,1.333,9.40,1.00
2010.08.23 18:24:07.502,1.3327,1.333,11.00,1.00
2010.08.23 18:24:07.925,1.3327,1.33305,11.00,1.00
2010.08.23 18:24:07.934,1.3327,1.33305,11.80,1.00
2010.08.23 18:24:14.702,1.3327,1.33305,10.20,1.00
2010.08.23 18:24:15.994,1.3327,1.33305,11.80,1.00
2010.08.23 18:24:24.508,1.3327,1.33305,12.40,1.00
2010.08.23 18:24:26.844,1.3327,1.33305,12.90,1.00
2010.08.23 18:24:29.833,1.33275,1.3331,1.60,8.90
2010.08.23 18:24:29.878,1.33275,1.3331,1.70,8.90
2010.08.23 18:24:29.922,1.3328,1.3331,1.00,8.80
2010.08.23 18:24:30.208,1.33285,1.33315,1.00,2.50
2010.08.23 18:24:31.146,1.33285,1.33315,2.20,1.00
2010.08.23 18:24:31.425,1.33295,1.33325,1.00,1.10
2010.08.23 18:24:32.347,1.33295,1.33325,1.00,1.00
2010.08.23 18:24:32.690,1.3329,1.3332,1.60,1.00
2010.08.23 18:24:33.038,1.33285,1.3332,1.00,6.70
2010.08.23 18:24:33.718,1.33285,1.3332,1.00,5.10
2010.08.23 18:24:33.952,1.33285,1.3331,1.00,1.00
2010.08.23 18:24:36.222,1.33285,1.33315,1.40,1.00
2010.08.23 18:24:36.530,1.33285,1.3332,2.20,8.90
2010.08.23 18:24:36.844,1.33295,1.3332,1.00,8.90
2010.08.23 18:24:37.774,1.33295,1.33325,1.00,1.00
2010.08.23 18:24:38.070,1.33295,1.3332,1.00,1.00
2010.08.23 18:24:38.867,1.33295,1.3332,2.20,1.00
2010.08.23 18:24:39.565,1.33295,1.3332,1.00,1.00
2010.08.23 18:24:40.310,1.33295,1.3332,2.20,1.00
2010.08.23 18:24:40.374,1.33295,1.3332,1.60,1.00
2010.08.23 18:24:40.668,1.33285,1.3332,11.80,1.00
2010.08.23 18:24:56.026,1.33295,1.3332,1.00,1.00
2010.08.23 18:24:57.170,1.33295,1.3332,1.00,1.00
2010.08.23 18:24:59.615,1.33295,1.33325,1.00,1.00
2010.08.23 18:25:01.680,1.33295,1.33325,1.00,1.00
2010.08.23 18:25:01.804,1.33295,1.33325,2.40,1.00
2010.08.23 18:25:02.169,1.33295,1.33325,2.40,1.00
2010.08.23 18:25:03.165,1.33295,1.33325,2.40,1.00
2010.08.23 18:25:03.916,1.33295,1.33325,1.00,1.00
2010.08.23 18:25:05.137,1.33295,1.3332,1.00,1.00
2010.08.23 18:25:05.776,1.33295,1.3332,1.60,1.00
2010.08.23 18:25:05.957,1.33305,1.3333,6.10,1.00
2010.08.23 18:25:06.137,1.33305,1.3333,6.00,1.00
2010.08.23 18:25:14.811,1.33305,1.33325,6.00,1.00
2010.08.23 18:25:15.032,1.33305,1.33325,4.00,1.00
2010.08.23 18:25:15.249,1.333,1.33325,1.00,1.00
2010.08.23 18:25:15.466,1.333,1.33325,4.40,1.00
2010.08.23 18:25:16.787,1.333,1.33325,8.70,1.00
2010.08.23 18:25:17.137,1.333,1.3333,1.00,1.00
2010.08.23 18:25:19.236,1.333,1.3333,1.00,1.00
2010.08.23 18:25:22.687,1.333,1.33325,1.00,1.00
2010.08.23 18:25:23.513,1.333,1.33325,1.00,1.00
2010.08.23 18:25:23.587,1.333,1.33325,1.00,1.00
2010.08.23 18:25:23.617,1.333,1.33325,1.00,1.00
2010.08.23 18:25:24.561,1.333,1.33325,1.00,1.00
2010.08.23 18:25:24.745,1.333,1.33335,2.30,5.00
2010.08.23 18:25:24.929,1.333,1.33335,2.40,4.90
2010.08.23 18:25:31.176,1.3331,1.33335,1.00,4.90
2010.08.23 18:25:31.535,1.3331,1.33335,1.00,1.00
2010.08.23 18:25:37.990,1.3331,1.33335,1.00,1.00
2010.08.23 18:25:50.557,1.3331,1.33335,2.00,1.00
2010.08.23 18:25:50.644,1.3332,1.3334,1.00,1.00
2010.08.23 18:25:51.295,1.3332,1.3334,8.70,1.00
2010.08.23 18:25:51.583,1.33325,1.33355,8.60,1.00
2010.08.23 18:25:55.235,1.33325,1.3335,8.60,1.00
2010.08.23 18:25:55.447,1.3332,1.33345,1.90,1.60
2010.08.23 18:25:55.658,1.33315,1.3334,1.20,4.90
2010.08.23 18:25:56.501,1.3331,1.33335,1.00,1.00
2010.08.23 18:26:03.902,1.3331,1.3334,1.00,1.00
2010.08.23 18:26:12.154,1.3331,1.3334,1.00,1.00
2010.08.23 18:26:12.365,1.3331,1.3334,1.00,1.00
2010.08.23 18:26:17.363,1.3331,1.3334,1.00,1.00
2010.08.23 18:26:18.255,1.3331,1.3334,1.00,1.00
2010.08.23 18:26:18.385,1.3331,1.3334,1.00,1.00
2010.08.23 18:26:20.915,1.3331,1.3334,1.00,1.00
2010.08.23 18:26:34.381,1.33315,1.3334,6.20,1.00
2010.08.23 18:26:37.534,1.33315,1.3334,6.30,1.00
2010.08.23 18:26:38.895,1.33315,1.3334,4.70,1.00
2010.08.23 18:26:38.925,1.33315,1.33345,5.50,1.00
2010.08.23 18:26:38.954,1.33315,1.3335,6.30,1.00
2010.08.23 18:26:44.623,1.3332,1.3335,1.00,1.00
2010.08.23 18:26:44.654,1.3332,1.3335,1.00,1.00
2010.08.23 18:26:50.315,1.3332,1.3335,1.60,1.00
2010.08.23 18:26:50.428,1.33335,1.3335,1.00,1.00
2010.08.23 18:26:50.529,1.33335,1.3335,1.00,1.00
2010.08.23 18:26:50.605,1.33335,1.33355,1.00,1.00
2010.08.23 18:26:50.647,1.3333,1.33355,1.00,1.00
2010.08.23 18:26:51.689,1.3333,1.3336,1.50,1.00
2010.08.23 18:26:52.797,1.3333,1.3336,1.50,1.00
2010.08.23 18:26:53.836,1.3333,1.3336,1.60,2.50
2010.08.23 18:26:54.044,1.3333,1.3336,2.40,1.60
2010.08.23 18:26:54.255,1.3333,1.33365,2.40,6.60
2010.08.23 18:26:54.465,1.3333,1.3336,2.40,1.60
2010.08.23 18:26:54.677,1.3333,1.33365,2.40,4.90
2010.08.23 18:26:54.807,1.33335,1.33365,1.00,1.00
2010.08.23 18:26:56.923,1.3333,1.3336,1.50,1.00
2010.08.23 18:26:59.067,1.3333,1.3336,1.00,6.50
2010.08.23 18:27:00.690,1.33325,1.3336,1.00,10.70
2010.08.23 18:27:01.591,1.33325,1.33355,1.00,1.00
2010.08.23 18:27:01.817,1.33325,1.33355,1.00,1.00
2010.08.23 18:27:02.924,1.33325,1.33355,1.00,1.00
2010.08.23 18:27:03.541,1.33325,1.3335,1.00,1.00
2010.08.23 18:27:04.675,1.33325,1.3335,1.00,1.00
2010.08.23 18:27:04.814,1.33325,1.3335,1.00,1.00
2010.08.23 18:27:07.235,1.33325,1.3335,1.00,1.00
2010.08.23 18:27:08.294,1.33325,1.3335,1.00,1.00
2010.08.23 18:27:11.986,1.33325,1.3335,1.00,1.00
2010.08.23 18:27:14.126,1.33325,1.3335,1.00,1.00
2010.08.23 18:27:14.926,1.33325,1.3335,1.00,1.00
2010.08.23 18:27:15.715,1.33325,1.33355,1.00,1.00
2010.08.23 18:27:16.448,1.33325,1.33355,1.00,1.10
2010.08.23 18:27:16.793,1.33335,1.33355,1.00,8.10
2010.08.23 18:27:17.138,1.33335,1.33355,1.00,1.00
2010.08.23 18:27:17.762,1.33325,1.33355,12.40,1.00
2010.08.23 18:27:18.090,1.33325,1.33355,2.40,1.00
2010.08.23 18:27:19.684,1.3333,1.3335,1.00,1.00
2010.08.23 18:27:19.953,1.3333,1.33355,1.00,1.00
2010.08.23 18:27:27.127,1.3333,1.3335,1.00,1.00
2010.08.23 18:27:28.372,1.33325,1.3335,1.00,1.00
2010.08.23 18:27:32.026,1.33325,1.3335,1.00,1.00
2010.08.23 18:27:32.980,1.33325,1.33355,1.00,1.00
2010.08.23 18:27:33.052,1.33325,1.3336,5.60,1.00
2010.08.23 18:27:33.374,1.33325,1.3336,6.40,1.00
2010.08.23 18:27:35.394,1.33325,1.3336,6.50,1.00
2010.08.23 18:27:35.510,1.3333,1.3336,4.00,1.00
2010.08.23 18:27:35.631,1.3333,1.3336,8.00,1.00
2010.08.23 18:27:35.750,1.33335,1.3336,1.00,1.00
2010.08.23 18:27:36.515,1.33335,1.33365,1.00,1.00
2010.08.23 18:27:37.830,1.33325,1.3336,6.60,1.00
2010.08.23 18:27:38.837,1.33325,1.3336,6.50,1.00
2010.08.23 18:27:40.286,1.33325,1.3336,6.40,1.00
2010.08.23 18:27:41.127,1.33325,1.3336,6.40,1.10
2010.08.23 18:27:41.318,1.33325,1.3335,1.00,1.00
2010.08.23 18:27:42.355,1.3332,1.3335,6.40,1.00
2010.08.23 18:27:42.547,1.3332,1.3335,2.40,1.00
2010.08.23 18:27:45.138,1.3332,1.3335,2.40,4.10
2010.08.23 18:27:45.226,1.3332,1.3335,1.60,4.10
2010.08.23 18:27:47.569,1.3332,1.3335,2.40,1.00
2010.08.23 18:27:47.827,1.33325,1.33355,1.00,4.10
2010.08.23 18:27:48.624,1.33325,1.33355,1.00,1.00
2010.08.23 18:28:01.355,1.33325,1.3335,1.00,4.00
2010.08.23 18:28:02.325,1.33325,1.33355,1.00,1.00
2010.08.23 18:28:08.704,1.33325,1.33355,1.00,5.70
2010.08.23 18:28:08.815,1.33325,1.3335,1.00,4.00
2010.08.23 18:28:09.126,1.33325,1.33355,1.00,1.00
2010.08.23 18:28:09.335,1.33325,1.33355,4.80,1.00
2010.08.23 18:28:10.052,1.3333,1.33355,1.00,1.00
2010.08.23 18:28:11.174,1.33325,1.33355,1.00,1.00
2010.08.23 18:28:16.725,1.33325,1.33355,1.00,4.10
2010.08.23 18:28:23.430,1.33325,1.3335,1.00,4.00
2010.08.23 18:28:30.362,1.3332,1.3335,1.60,4.10
2010.08.23 18:28:30.444,1.3332,1.3335,1.00,4.10
2010.08.23 18:28:35.868,1.33315,1.3335,2.40,4.90
2010.08.23 18:28:43.867,1.33315,1.3335,1.60,10.50
2010.08.23 18:28:44.078,1.33315,1.3334,1.00,1.60
2010.08.23 18:28:44.205,1.33315,1.33345,1.00,1.00
2010.08.23 18:28:45.537,1.33315,1.33345,1.00,1.00
2010.08.23 18:28:45.817,1.33315,1.33345,1.00,1.10
2010.08.23 18:28:45.916,1.3331,1.33345,1.60,5.10
2010.08.23 18:28:46.196,1.3331,1.33345,1.60,4.90
2010.08.23 18:28:46.297,1.33305,1.33335,9.60,1.00
2010.08.23 18:28:47.287,1.33305,1.33335,1.70,1.00
2010.08.23 18:28:48.189,1.33305,1.3333,1.00,1.60
2010.08.23 18:28:48.861,1.33305,1.3333,1.00,5.60
2010.08.23 18:28:49.536,1.33305,1.3333,1.00,1.60
2010.08.23 18:28:51.491,1.33305,1.33335,1.60,8.90
2010.08.23 18:28:51.716,1.33305,1.33335,1.00,1.00
2010.08.23 18:28:55.036,1.33305,1.33335,1.60,1.00
2010.08.23 18:28:59.164,1.33305,1.33335,1.60,1.00
2010.08.23 18:29:01.608,1.33305,1.33335,5.60,1.00
2010.08.23 18:29:02.248,1.33305,1.33335,9.60,1.00
2010.08.23 18:29:02.596,1.33305,1.3334,10.40,1.00
2010.08.23 18:29:15.239,1.33315,1.33345,1.00,1.00
2010.08.23 18:29:21.821,1.33315,1.33345,1.00,1.00
2010.08.23 18:29:22.306,1.33315,1.33345,1.00,1.00
2010.08.23 18:29:22.626,1.33315,1.3335,2.40,10.50
2010.08.23 18:29:23.977,1.33315,1.3335,2.40,8.90
2010.08.23 18:29:25.517,1.33315,1.3335,2.40,10.50
2010.08.23 18:29:26.216,1.3332,1.33345,4.00,1.00
2010.08.23 18:29:26.558,1.33315,1.33345,1.60,1.00
2010.08.23 18:29:26.896,1.33315,1.3335,2.40,12.30
2010.08.23 18:29:28.328,1.33315,1.33345,2.40,8.00
2010.08.23 18:29:28.537,1.33315,1.3334,1.00,1.60
2010.08.23 18:29:28.745,1.3331,1.3334,1.60,1.60
2010.08.23 18:29:38.089,1.33315,1.33345,1.00,8.10
2010.08.23 18:29:38.258,1.33315,1.33345,1.60,4.00
2010.08.23 18:29:38.937,1.33315,1.3335,1.60,12.70
2010.08.23 18:29:39.071,1.33315,1.3335,1.60,12.30
2010.08.23 18:29:39.707,1.33315,1.3335,1.60,10.70
2010.08.23 18:29:41.032,1.33315,1.3335,2.40,10.70
2010.08.23 18:29:54.055,1.33315,1.33345,2.40,8.00
2010.08.23 18:29:54.105,1.33315,1.33345,1.60,8.00
2010.08.23 18:29:54.157,1.33315,1.33345,1.00,8.90
2010.08.23 18:29:54.209,1.33315,1.3334,1.00,1.60
2010.08.23 18:29:55.416,1.3331,1.3334,1.60,1.70
2010.08.23 18:29:55.808,1.3331,1.3333,1.00,1.60
2010.08.23 18:29:56.600,1.33305,1.3333,1.60,1.60
2010.08.23 18:29:56.880,1.33305,1.33335,2.40,1.00
2010.08.23 18:29:59.784,1.3331,1.33335,1.00,1.00
2010.08.23 18:29:59.907,1.3331,1.3334,1.60,1.00
2010.08.23 18:30:06.217,1.33315,1.3334,1.00,1.00
2010.08.23 18:30:06.476,1.33315,1.33345,1.00,1.00
2010.08.23 18:30:07.476,1.33315,1.33345,2.40,1.00
2010.08.23 18:30:13.533,1.3332,1.3335,1.00,8.90
2010.08.23 18:30:13.704,1.33325,1.3335,1.60,1.60
2010.08.23 18:30:13.823,1.33325,1.3335,1.00,1.60
2010.08.23 18:30:14.523,1.3332,1.3335,2.40,1.60
2010.08.23 18:30:14.657,1.3332,1.3335,1.00,2.50
2010.08.23 18:30:14.770,1.33315,1.3335,6.40,2.50
2010.08.23 18:30:15.121,1.33315,1.3335,2.40,12.10
2010.08.23 18:30:16.068,1.33315,1.3335,2.40,12.20
2010.08.23 18:30:16.226,1.3332,1.3335,1.00,12.30
2010.08.23 18:30:16.381,1.3332,1.3335,1.00,2.70
2010.08.23 18:30:17.138,1.33315,1.3335,6.40,4.30
2010.08.23 18:30:18.112,1.3332,1.3335,1.00,10.50
2010.08.23 18:30:18.443,1.3332,1.3335,1.00,2.50
2010.08.23 18:30:19.628,1.3332,1.3335,1.00,4.10
2010.08.23 18:30:19.766,1.3332,1.3335,1.00,2.50
2010.08.23 18:30:20.836,1.3332,1.3335,1.00,2.70
2010.08.23 18:30:21.864,1.3332,1.3335,1.00,2.50
2010.08.23 18:30:22.685,1.3332,1.3335,1.00,2.70
2010.08.23 18:30:22.846,1.3332,1.3335,1.00,2.50
2010.08.23 18:30:24.023,1.3332,1.33345,1.00,1.00
2010.08.23 18:30:24.106,1.3332,1.3335,1.00,2.60
2010.08.23 18:30:26.255,1.33315,1.3335,8.00,2.60
2010.08.23 18:30:26.975,1.33315,1.33345,7.20,1.00
2010.08.23 18:30:27.215,1.33315,1.33345,6.40,2.50
2010.08.23 18:30:29.578,1.33315,1.33345,6.30,2.50
2010.08.23 18:30:29.807,1.33315,1.3334,4.00,1.60
2010.08.23 18:30:30.471,1.33315,1.3334,4.00,2.40
2010.08.23 18:30:30.766,1.3331,1.33345,2.30,6.60
2010.08.23 18:30:32.978,1.3331,1.3334,1.00,2.50
2010.08.23 18:30:33.018,1.33305,1.3334,10.30,2.40
2010.08.23 18:30:33.055,1.33305,1.3334,10.30,4.00
2010.08.23 18:30:33.095,1.33305,1.3334,10.30,3.20
2010.08.23 18:30:33.137,1.33305,1.3334,6.40,7.20
2010.08.23 18:30:33.174,1.33305,1.3334,2.40,7.20
2010.08.23 18:30:33.289,1.33305,1.3334,2.40,5.60
2010.08.23 18:30:33.367,1.33305,1.3334,2.30,5.60
2010.08.23 18:30:34.032,1.33305,1.3334,2.40,6.50
2010.08.23 18:30:34.347,1.33305,1.3334,2.30,6.50
2010.08.23 18:30:36.547,1.33305,1.3334,2.40,6.60
2010.08.23 18:30:39.565,1.33305,1.3334,4.00,4.90
2010.08.23 18:30:39.708,1.3331,1.3334,1.00,1.00
2010.08.23 18:30:40.115,1.3331,1.3334,2.30,1.00
2010.08.23 18:30:41.727,1.3331,1.3334,2.40,1.00
2010.08.23 18:30:42.611,1.3331,1.3334,1.60,5.70
2010.08.23 18:30:49.579,1.3331,1.3334,1.60,1.00
2010.08.23 18:30:49.746,1.3331,1.3334,2.30,1.00
2010.08.23 18:30:56.976,1.3331,1.3334,2.40,1.00
2010.08.23 18:31:04.848,1.3331,1.3332,2.40,8.00
2010.08.23 18:31:05.746,1.33315,1.3332,1.00,8.00
2010.08.23 18:31:05.977,1.33315,1.33325,1.50,8.00
2010.08.23 18:31:07.746,1.33315,1.3333,1.50,8.00
2010.08.23 18:31:11.625,1.33315,1.3333,1.60,8.00
2010.08.23 18:31:12.506,1.3331,1.3333,1.00,8.00
2010.08.23 18:31:13.261,1.33305,1.3333,4.00,8.00
2010.08.23 18:31:13.449,1.3331,1.3333,1.50,8.00
2010.08.23 18:31:13.631,1.33305,1.33325,2.30,8.00
2010.08.23 18:31:13.818,1.33305,1.33335,2.30,1.00
2010.08.23 18:31:14.629,1.33305,1.33335,2.40,1.00
2010.08.23 18:31:14.973,1.3331,1.3334,1.00,1.00
2010.08.23 18:31:15.320,1.3331,1.3334,1.50,1.00
2010.08.23 18:31:15.957,1.3331,1.3334,1.60,1.00
2010.08.23 18:31:16.764,1.3331,1.33325,1.50,1.60
2010.08.23 18:31:16.973,1.33295,1.33335,6.10,11.90
2010.08.23 18:31:17.179,1.33295,1.3333,6.20,1.00
2010.08.23 18:31:17.389,1.333,1.3333,1.60,1.00
2010.08.23 18:31:17.599,1.33305,1.3334,10.30,1.00
2010.08.23 18:31:17.807,1.33305,1.3334,1.60,4.90
2010.08.23 18:31:19.209,1.33305,1.3334,1.60,5.10
2010.08.23 18:31:19.295,1.33305,1.3334,1.60,4.90
2010.08.23 18:31:19.345,1.33305,1.3334,1.60,6.50
2010.08.23 18:31:19.486,1.33305,1.33335,1.60,4.00
2010.08.23 18:31:19.586,1.33305,1.33335,1.60,8.00
2010.08.23 18:31:19.640,1.333,1.33335,1.60,10.50
2010.08.23 18:31:20.335,1.333,1.3333,1.60,8.00
2010.08.23 18:31:20.555,1.333,1.33335,2.00,8.90
2010.08.23 18:31:23.513,1.333,1.33335,2.00,9.10
2010.08.23 18:31:23.620,1.33295,1.3333,2.00,10.70
2010.08.23 18:31:23.726,1.33295,1.3333,2.20,10.50
2010.08.23 18:31:23.840,1.33295,1.3333,2.00,10.70
2010.08.23 18:31:24.156,1.33295,1.3333,2.10,10.60
2010.08.23 18:31:24.266,1.33295,1.33325,2.00,1.00
2010.08.23 18:31:25.127,1.33295,1.3333,2.00,10.70
2010.08.23 18:31:26.119,1.33295,1.3333,2.00,10.50
2010.08.23 18:31:26.284,1.33295,1.3333,2.00,10.70
2010.08.23 18:31:26.607,1.33295,1.3333,2.00,10.50
2010.08.23 18:31:27.617,1.333,1.3333,1.20,4.10
2010.08.23 18:31:27.882,1.333,1.3333,1.20,1.00
2010.08.23 18:31:31.395,1.333,1.3333,1.00,1.00
2010.08.23 18:31:31.485,1.333,1.3333,1.00,8.10
2010.08.23 18:31:36.404,1.33295,1.3333,2.00,8.10
2010.08.23 18:31:36.606,1.33295,1.33325,2.00,1.00
2010.08.23 18:31:36.799,1.33295,1.3333,2.00,9.10
2010.08.23 18:31:37.375,1.33295,1.3333,2.00,8.90
2010.08.23 18:31:39.028,1.33295,1.3333,2.00,9.10
2010.08.23 18:31:39.386,1.33295,1.3333,2.00,10.70
2010.08.23 18:31:40.860,1.3329,1.33325,2.10,6.60
2010.08.23 18:31:43.757,1.3329,1.33325,2.20,6.50
2010.08.23 18:31:43.940,1.33295,1.33325,1.50,1.00
2010.08.23 18:31:44.120,1.333,1.3333,1.00,4.90
2010.08.23 18:31:44.297,1.333,1.3333,1.50,1.00
2010.08.23 18:31:46.201,1.333,1.3333,1.50,1.00
2010.08.23 18:31:46.275,1.333,1.33335,1.50,5.00
2010.08.23 18:31:46.596,1.333,1.33335,1.50,4.90
2010.08.23 18:31:46.675,1.33305,1.33335,1.00,4.90
2010.08.23 18:31:48.518,1.33305,1.33335,1.00,6.50
2010.08.23 18:31:48.719,1.33295,1.33325,2.70,1.60
2010.08.23 18:31:48.917,1.33295,1.33325,2.30,1.60
2010.08.23 18:31:51.589,1.33295,1.33325,5.20,1.60
2010.08.23 18:31:51.697,1.33305,1.3333,4.00,1.00
2010.08.23 18:31:52.041,1.33305,1.33335,6.00,1.00
2010.08.23 18:31:52.710,1.33305,1.33335,10.00,1.00
2010.08.23 18:31:52.819,1.33315,1.33335,1.00,1.00
2010.08.23 18:31:55.749,1.33315,1.3334,1.00,1.00
2010.08.23 18:32:04.439,1.33305,1.33335,1.00,1.00
2010.08.23 18:32:04.587,1.33305,1.33335,1.00,4.10
2010.08.23 18:32:04.737,1.333,1.3333,1.00,1.00
2010.08.23 18:32:07.546,1.33295,1.3333,2.00,8.90
2010.08.23 18:32:08.305,1.33295,1.3333,2.00,10.50
2010.08.23 18:32:11.128,1.33295,1.3333,2.10,10.60
2010.08.23 18:32:13.754,1.333,1.3333,1.60,9.60
2010.08.23 18:32:13.916,1.333,1.3333,1.60,8.00
2010.08.23 18:32:13.999,1.333,1.3333,2.00,8.00
2010.08.23 18:32:14.249,1.333,1.3333,2.00,1.00
2010.08.23 18:32:15.103,1.333,1.33335,2.00,10.90
2010.08.23 18:32:20.876,1.333,1.33335,1.60,11.10
2010.08.23 18:32:21.026,1.333,1.3333,1.60,5.60
2010.08.23 18:32:21.708,1.333,1.3333,1.60,9.60
2010.08.23 18:32:22.205,1.333,1.3333,1.00,9.70
2010.08.23 18:32:22.335,1.33295,1.3333,2.00,10.50
2010.08.23 18:32:24.690,1.33295,1.3333,2.00,10.70
2010.08.23 18:32:24.817,1.33295,1.33325,2.40,1.60
2010.08.23 18:32:30.485,1.33295,1.33325,1.60,1.70
2010.08.23 18:32:30.705,1.33295,1.33325,1.60,1.00
2010.08.23 18:32:30.819,1.333,1.33325,1.00,1.00
2010.08.23 18:32:32.378,1.333,1.33325,1.00,1.00
2010.08.23 18:32:32.546,1.333,1.33325,1.00,1.10
2010.08.23 18:32:33.818,1.333,1.33325,1.00,1.00
2010.08.23 18:32:36.996,1.3331,1.33325,1.00,1.00
2010.08.23 18:32:37.258,1.33305,1.33325,4.80,1.00
2010.08.23 18:32:38.125,1.3331,1.3333,1.00,1.00
2010.08.23 18:32:38.399,1.3331,1.3333,1.00,1.00
2010.08.23 18:32:39.526,1.333,1.3333,3.50,1.00
2010.08.23 18:32:39.576,1.333,1.3333,3.50,5.70
2010.08.23 18:32:39.625,1.333,1.33325,1.00,1.00
2010.08.23 18:32:39.677,1.33295,1.33325,4.80,1.00
2010.08.23 18:32:39.775,1.33295,1.33325,1.00,1.00
2010.08.23 18:32:40.917,1.33295,1.33325,1.00,1.00
2010.08.23 18:32:43.124,1.33295,1.33325,1.00,1.00
2010.08.23 18:32:44.121,1.33295,1.33325,1.00,1.10
2010.08.23 18:32:44.302,1.3329,1.3332,2.30,1.00
2010.08.23 18:32:44.818,1.3329,1.33325,10.30,1.00
2010.08.23 18:32:44.998,1.3329,1.33325,10.40,1.00
2010.08.23 18:32:45.177,1.33295,1.33325,1.50,1.00
2010.08.23 18:32:45.817,1.33295,1.33325,1.00,2.40
2010.08.23 18:32:46.598,1.33295,1.33325,1.60,1.60
2010.08.23 18:32:46.657,1.33295,1.33325,1.60,5.60
2010.08.23 18:32:47.665,1.33295,1.33325,2.30,5.60
2010.08.23 18:32:48.718,1.33295,1.33325,2.30,4.00
2010.08.23 18:32:49.612,1.33295,1.3333,2.30,4.90
2010.08.23 18:32:55.547,1.33295,1.3333,2.40,4.90
2010.08.23 18:32:55.589,1.333,1.3333,1.00,4.10
2010.08.23 18:32:55.627,1.333,1.3333,1.60,4.10
2010.08.23 18:32:56.292,1.33305,1.3333,1.00,4.10
2010.08.23 18:32:56.362,1.33305,1.3333,1.00,1.00
2010.08.23 18:33:00.375,1.33305,1.3333,1.00,1.00
2010.08.23 18:33:01.161,1.33305,1.3333,1.00,1.00
2010.08.23 18:33:01.231,1.33295,1.33325,2.30,1.00
2010.08.23 18:33:05.605,1.33295,1.33325,6.30,1.00
2010.08.23 18:33:09.375,1.33295,1.33325,6.30,1.70
2010.08.23 18:33:10.153,1.33295,1.33325,2.30,5.70
2010.08.23 18:33:11.473,1.333,1.33325,2.30,4.00
2010.08.23 18:33:12.360,1.333,1.33335,2.30,9.00
2010.08.23 18:33:12.546,1.333,1.33335,2.30,9.10
2010.08.23 18:33:13.445,1.333,1.33335,2.30,8.90
2010.08.23 18:33:18.329,1.333,1.3333,1.00,1.00
2010.08.23 18:33:18.394,1.33305,1.33325,1.00,5.60
2010.08.23 18:33:18.456,1.333,1.33325,1.00,6.40
2010.08.23 18:33:18.516,1.3329,1.33325,3.10,6.50
2010.08.23 18:33:18.575,1.3329,1.33325,1.50,6.50
2010.08.23 18:33:18.637,1.3329,1.3332,1.50,8.00
2010.08.23 18:33:18.697,1.33295,1.3332,1.00,1.00
2010.08.23 18:33:18.756,1.33295,1.33315,1.00,1.00
2010.08.23 18:33:19.730,1.33295,1.3332,1.00,1.00
2010.08.23 18:33:20.722,1.33295,1.33325,1.00,4.90
2010.08.23 18:33:34.428,1.33295,1.33325,2.00,4.10
2010.08.23 18:33:36.757,1.333,1.33325,1.00,4.10
2010.08.23 18:33:36.825,1.333,1.33325,1.00,1.00
2010.08.23 18:33:37.027,1.333,1.33325,1.00,4.10
2010.08.23 18:33:37.162,1.33295,1.33325,2.00,4.10
2010.08.23 18:33:45.233,1.33295,1.33325,2.10,4.10
2010.08.23 18:33:48.542,1.33295,1.33325,1.60,4.10
2010.08.23 18:33:48.581,1.33295,1.33325,1.60,5.70
2010.08.23 18:33:49.039,1.33295,1.33325,1.00,5.70
2010.08.23 18:33:49.095,1.3329,1.33325,2.40,6.50
2010.08.23 18:33:49.535,1.3329,1.33325,2.50,6.50
2010.08.23 18:33:50.215,1.3329,1.33325,2.50,6.70
2010.08.23 18:33:51.789,1.3329,1.33325,2.50,4.90
2010.08.23 18:33:51.830,1.333,1.33325,1.00,4.90
2010.08.23 18:33:55.615,1.333,1.33325,1.00,6.50
2010.08.23 18:33:55.685,1.3329,1.33325,2.50,6.50
2010.08.23 18:33:57.175,1.3329,1.33325,2.50,6.60
2010.08.23 18:33:57.499,1.3329,1.33315,2.50,1.60
2010.08.23 18:33:57.660,1.3328,1.33305,3.30,5.60
2010.08.23 18:33:57.827,1.3328,1.33305,2.60,5.60
2010.08.23 18:34:01.857,1.3328,1.333,2.60,1.60
2010.08.23 18:34:03.024,1.33275,1.333,2.60,1.60
2010.08.23 18:34:05.327,1.3328,1.333,8.00,1.60
2010.08.23 18:34:05.399,1.33285,1.3331,2.90,2.50
2010.08.23 18:34:05.466,1.33285,1.3331,6.90,2.50
2010.08.23 18:34:06.150,1.33285,1.3331,6.90,1.00
2010.08.23 18:34:07.006,1.33295,1.3331,1.00,1.00
2010.08.23 18:34:07.257,1.33295,1.33315,1.00,1.00
2010.08.23 18:34:07.937,1.33295,1.3332,1.00,1.00
2010.08.23 18:34:09.012,1.33285,1.33315,1.80,4.90
2010.08.23 18:34:09.231,1.33285,1.33315,1.80,6.50
2010.08.23 18:34:09.357,1.33285,1.33315,1.80,7.30
2010.08.23 18:34:09.479,1.3328,1.333,4.80,1.60
2010.08.23 18:34:09.596,1.33285,1.3331,1.00,1.00
2010.08.23 18:34:11.877,1.33285,1.3331,1.00,1.00
2010.08.23 18:34:12.046,1.33275,1.333,1.60,1.60
2010.08.23 18:34:14.105,1.33275,1.333,6.40,1.60
2010.08.23 18:34:14.251,1.33275,1.3331,10.40,1.00
2010.08.23 18:34:21.136,1.33275,1.33305,2.40,1.00
2010.08.23 18:34:21.426,1.33275,1.33305,1.60,1.00
2010.08.23 18:34:22.993,1.33275,1.333,1.00,1.60
2010.08.23 18:34:24.497,1.33275,1.33305,1.00,1.00
2010.08.23 18:34:24.696,1.33275,1.33305,1.60,1.00
2010.08.23 18:34:25.296,1.33275,1.3331,2.40,9.10
2010.08.23 18:34:38.545,1.33275,1.3331,2.40,8.90
2010.08.23 18:34:52.027,1.33275,1.3331,2.40,4.90
2010.08.23 18:34:57.129,1.3327,1.333,2.40,1.60
2010.08.23 18:34:59.148,1.3327,1.333,2.60,1.60
2010.08.23 18:34:59.247,1.3328,1.333,1.00,1.60
2010.08.23 18:35:00.115,1.33285,1.3331,1.00,1.00
2010.08.23 18:35:00.536,1.33285,1.33315,1.00,10.50
2010.08.23 18:35:02.272,1.3328,1.3331,1.60,1.00
2010.08.23 18:35:02.424,1.33275,1.3331,2.40,5.10
2010.08.23 18:35:03.226,1.33275,1.3331,2.50,4.90
2010.08.23 18:35:04.174,1.3328,1.3331,1.00,4.10
2010.08.23 18:35:06.575,1.3328,1.3331,1.00,4.20
2010.08.23 18:35:11.533,1.33285,1.3331,1.60,4.10
2010.08.23 18:35:11.626,1.33285,1.33315,2.40,8.00
2010.08.23 18:35:17.481,1.3329,1.33315,1.60,8.00
2010.08.23 18:35:17.718,1.33295,1.33325,1.00,10.50
2010.08.23 18:35:17.959,1.3329,1.33325,1.60,11.10
2010.08.23 18:35:18.718,1.33285,1.33315,3.60,1.00
2010.08.23 18:35:18.942,1.33285,1.33315,1.60,8.10
2010.08.23 18:35:22.627,1.33285,1.33305,1.60,4.00
2010.08.23 18:35:22.827,1.3328,1.333,2.40,1.60
2010.08.23 18:35:34.758,1.33295,1.33315,1.00,2.90
2010.08.23 18:35:34.918,1.33295,1.33315,1.00,1.00
2010.08.23 18:35:35.079,1.33295,1.3332,1.00,8.90
2010.08.23 18:35:47.450,1.33295,1.3332,1.00,10.50
2010.08.23 18:36:21.156,1.33295,1.33315,1.00,1.00
2010.08.23 18:36:25.478,1.3329,1.33315,1.00,1.00
2010.08.23 18:36:25.525,1.3329,1.3331,1.00,1.00
2010.08.23 18:36:25.543,1.3329,1.333,1.00,1.60
2010.08.23 18:36:25.680,1.3328,1.333,5.50,1.60
2010.08.23 18:36:26.351,1.3328,1.333,1.50,1.60
2010.08.23 18:36:40.688,1.3328,1.33305,2.30,4.00
2010.08.23 18:36:40.740,1.3328,1.33315,2.30,12.70
2010.08.23 18:36:41.424,1.3328,1.33315,2.30,3.10
2010.08.23 18:36:45.307,1.3328,1.33315,2.80,3.10
2010.08.23 18:36:45.396,1.3329,1.33315,1.00,2.90
2010.08.23 18:36:45.486,1.3329,1.33315,1.00,2.10
2010.08.23 18:36:46.180,1.3329,1.33315,1.00,2.00
2010.08.23 18:36:46.283,1.3329,1.33315,1.00,1.60
2010.08.23 18:36:46.797,1.3329,1.33315,1.00,5.60
2010.08.23 18:37:11.809,1.3329,1.33315,1.00,1.60
2010.08.23 18:37:13.179,1.33285,1.33315,1.00,1.70
2010.08.23 18:37:13.389,1.33285,1.33315,1.00,5.70
2010.08.23 18:37:14.083,1.33285,1.33315,1.00,9.70
2010.08.23 18:37:14.210,1.33285,1.33315,1.00,9.90
2010.08.23 18:37:17.031,1.33285,1.33315,1.00,1.90
2010.08.23 18:37:17.052,1.33285,1.33315,1.00,1.70
2010.08.23 18:37:17.136,1.3329,1.33315,1.00,1.70
2010.08.23 18:37:17.264,1.3329,1.33315,1.00,1.60
2010.08.23 18:37:21.008,1.3329,1.33315,1.20,1.60
2010.08.23 18:37:21.087,1.3329,1.3332,1.00,1.10
2010.08.23 18:37:22.873,1.33295,1.33325,1.50,5.90
2010.08.23 18:37:23.848,1.33295,1.3332,1.00,1.00
2010.08.23 18:37:24.188,1.33285,1.3332,10.30,1.00
2010.08.23 18:37:25.111,1.33285,1.3332,10.30,1.10
2010.08.23 18:37:31.725,1.33285,1.33315,8.70,2.40
2010.08.23 18:37:31.806,1.33285,1.33315,4.70,2.70
2010.08.23 18:37:32.615,1.33285,1.33315,1.00,6.70
2010.08.23 18:37:33.697,1.33285,1.33315,1.00,6.50
2010.08.23 18:37:34.432,1.33285,1.33315,1.00,4.90
2010.08.23 18:37:45.437,1.3329,1.33315,1.00,4.90
2010.08.23 18:37:45.460,1.3329,1.33315,1.00,4.80
2010.08.23 18:37:45.490,1.3329,1.33315,1.00,4.00
2010.08.23 18:37:46.210,1.33285,1.33315,2.30,4.00
2010.08.23 18:37:46.248,1.3329,1.33325,8.00,3.40
2010.08.23 18:37:46.301,1.3329,1.3332,8.00,1.00
2010.08.23 18:37:46.651,1.3329,1.3332,8.00,1.00
2010.08.23 18:37:47.304,1.3329,1.3332,4.00,1.00
2010.08.23 18:37:47.426,1.3329,1.3332,1.00,1.00
2010.08.23 18:37:47.539,1.33295,1.33325,1.00,7.40
2010.08.23 18:37:47.653,1.33295,1.33325,1.00,6.60
2010.08.23 18:37:48.318,1.33295,1.33325,1.00,6.70
2010.08.23 18:37:50.089,1.33295,1.33325,1.00,6.50
2010.08.23 18:37:55.411,1.3329,1.33315,2.30,1.60
2010.08.23 18:37:55.829,1.33295,1.33325,1.00,6.70
2010.08.23 18:37:56.584,1.33295,1.33325,1.00,6.50
2010.08.23 18:37:57.207,1.33295,1.3332,1.00,1.00
2010.08.23 18:37:57.827,1.33295,1.33325,1.00,6.60
2010.08.23 18:38:02.511,1.3329,1.3332,2.40,1.60
2010.08.23 18:38:02.729,1.3329,1.33315,2.40,1.60
2010.08.23 18:38:02.938,1.3329,1.33315,1.60,1.60
2010.08.23 18:38:03.870,1.3329,1.3332,1.50,8.10
2010.08.23 18:38:04.170,1.3329,1.3332,1.00,8.10
2010.08.23 18:38:04.237,1.3329,1.33315,1.00,1.60
2010.08.23 18:38:04.516,1.3329,1.33315,1.50,1.60
2010.08.23 18:38:07.899,1.333,1.3332,1.00,8.00
2010.08.23 18:38:08.161,1.333,1.33325,1.00,9.60
2010.08.23 18:38:09.038,1.33295,1.33325,2.60,1.70
2010.08.23 18:38:09.342,1.33295,1.33325,1.50,9.70
2010.08.23 18:38:10.249,1.33295,1.33325,1.00,9.70
2010.08.23 18:38:11.235,1.33295,1.33325,1.00,6.50
2010.08.23 18:38:12.327,1.3329,1.33325,2.70,6.50
2010.08.23 18:38:13.149,1.3329,1.3332,2.70,9.60
2010.08.23 18:38:21.730,1.3329,1.33315,2.70,1.60
2010.08.23 18:38:21.800,1.3329,1.33315,1.10,1.60
2010.08.23 18:38:22.166,1.3329,1.33315,1.00,1.60
2010.08.23 18:38:23.957,1.3329,1.33315,2.30,1.60
2010.08.23 18:38:24.685,1.33295,1.33315,1.00,1.60
2010.08.23 18:38:27.319,1.33285,1.33315,2.30,9.60
2010.08.23 18:38:27.537,1.33285,1.33315,1.00,10.60
2010.08.23 18:38:27.757,1.33285,1.33315,1.00,10.50
2010.08.23 18:38:28.824,1.33285,1.33305,1.00,1.00
2010.08.23 18:38:28.904,1.33275,1.3329,1.60,1.60
2010.08.23 18:38:29.047,1.3327,1.3329,5.20,1.60
2010.08.23 18:38:29.116,1.3327,1.3329,1.20,1.60
2010.08.23 18:38:29.294,1.3327,1.3329,1.00,1.60
2010.08.23 18:38:29.729,1.33275,1.3329,1.00,1.60
2010.08.23 18:38:29.797,1.3328,1.3329,1.00,1.60
2010.08.23 18:38:30.430,1.3328,1.3329,1.40,1.60
2010.08.23 18:38:30.701,1.3328,1.3331,1.40,1.00
2010.08.23 18:38:31.240,1.3328,1.33305,1.40,1.00
2010.08.23 18:38:31.511,1.3327,1.3329,1.20,1.60
2010.08.23 18:38:31.808,1.3327,1.3329,1.40,1.60
2010.08.23 18:38:32.728,1.3327,1.333,2.20,8.10
2010.08.23 18:38:32.948,1.3327,1.33305,4.10,4.90
2010.08.23 18:38:33.159,1.3327,1.33305,4.10,5.10
2010.08.23 18:38:33.997,1.3327,1.33305,4.10,4.90
2010.08.23 18:38:35.100,1.33275,1.33305,1.20,4.90
2010.08.23 18:38:35.167,1.3328,1.33305,1.00,1.00
2010.08.23 18:38:35.798,1.3328,1.3331,1.00,2.50
2010.08.23 18:38:35.857,1.3328,1.3331,1.00,1.00
2010.08.23 18:38:37.453,1.3328,1.3331,1.00,1.10
2010.08.23 18:38:37.915,1.3328,1.33305,1.00,1.00
2010.08.23 18:38:38.047,1.3328,1.33305,1.00,1.00
2010.08.23 18:38:42.095,1.33275,1.33305,7.90,1.00
2010.08.23 18:38:42.215,1.33275,1.33305,5.20,1.00
2010.08.23 18:38:42.337,1.33275,1.33305,4.40,1.00
2010.08.23 18:38:43.327,1.33275,1.33305,1.00,5.10
2010.08.23 18:38:44.266,1.3327,1.333,1.00,1.00
2010.08.23 18:38:44.690,1.33265,1.33295,4.80,4.90
2010.08.23 18:38:44.915,1.33265,1.33285,1.00,5.60
2010.08.23 18:38:45.129,1.33265,1.33285,1.00,4.00
2010.08.23 18:38:45.936,1.3327,1.3329,1.00,1.00
2010.08.23 18:38:46.111,1.3327,1.333,1.00,1.00
2010.08.23 18:38:47.497,1.3327,1.333,1.30,1.00
2010.08.23 18:38:47.697,1.3327,1.333,1.70,1.00
2010.08.23 18:38:48.771,1.33275,1.33305,2.10,4.00
2010.08.23 18:38:48.852,1.33275,1.333,2.10,1.60
2010.08.23 18:38:48.999,1.33275,1.333,1.60,1.60
2010.08.23 18:38:49.822,1.3327,1.333,2.50,9.60
2010.08.23 18:38:50.122,1.33265,1.33295,1.00,4.10
2010.08.23 18:38:50.412,1.3326,1.3329,1.30,5.70
2010.08.23 18:38:50.700,1.3326,1.3329,4.00,4.10
2010.08.23 18:38:50.993,1.33265,1.33295,1.70,1.00
2010.08.23 18:38:52.093,1.33265,1.33295,5.70,1.00
2010.08.23 18:38:52.440,1.33265,1.33295,4.90,1.00
2010.08.23 18:38:57.630,1.33265,1.333,8.00,2.70
2010.08.23 18:38:57.902,1.33265,1.333,12.00,2.50
2010.08.23 18:38:58.173,1.3327,1.333,4.00,2.50
2010.08.23 18:38:58.981,1.3327,1.333,4.40,1.00
2010.08.23 18:38:59.740,1.33275,1.333,4.00,1.00
2010.08.23 18:39:00.020,1.3327,1.33295,4.40,1.00
2010.08.23 18:39:00.306,1.33265,1.33295,4.00,1.00
2010.08.23 18:39:00.583,1.3326,1.3329,4.40,1.00
2010.08.23 18:39:00.856,1.3326,1.3329,4.40,1.00
2010.08.23 18:39:30.617,1.3326,1.3329,8.40,1.00
2010.08.23 18:39:30.660,1.3326,1.3329,9.30,1.00
2010.08.23 18:39:30.697,1.33265,1.33295,4.00,1.00
2010.08.23 18:39:30.778,1.33265,1.33295,4.40,1.00
2010.08.23 18:39:31.745,1.33265,1.33295,9.20,1.00
2010.08.23 18:39:32.093,1.33265,1.33295,10.00,1.00
2010.08.23 18:39:32.418,1.33265,1.33295,9.60,1.00
2010.08.23 18:39:32.538,1.3327,1.33295,4.00,1.00
2010.08.23 18:39:37.242,1.33265,1.33295,10.00,1.00
2010.08.23 18:39:44.206,1.33265,1.33295,6.00,1.00
2010.08.23 18:39:51.650,1.33265,1.33295,6.60,1.00
2010.08.23 18:39:51.676,1.33265,1.33295,6.50,1.00
2010.08.23 18:39:52.381,1.33265,1.333,6.50,2.60
2010.08.23 18:39:52.420,1.3327,1.333,3.60,1.60
2010.08.23 18:39:55.118,1.3327,1.333,3.60,1.60
2010.08.23 18:39:56.917,1.3327,1.33305,3.60,9.00
2010.08.23 18:39:56.972,1.3327,1.33305,7.60,5.00
2010.08.23 18:39:57.007,1.3327,1.33305,11.60,1.00
2010.08.23 18:39:57.683,1.3327,1.33305,7.60,1.00
2010.08.23 18:40:00.487,1.33275,1.33305,1.60,1.00
2010.08.23 18:40:02.117,1.33275,1.33305,1.60,1.00
2010.08.23 18:40:02.567,1.33275,1.33305,1.60,1.00
2010.08.23 18:40:02.646,1.33275,1.33305,1.60,4.30
2010.08.23 18:40:02.758,1.3327,1.33305,2.00,5.10
2010.08.23 18:40:03.126,1.3327,1.33305,1.60,5.10
2010.08.23 18:40:08.607,1.3327,1.33305,1.60,6.50
2010.08.23 18:40:08.807,1.3327,1.333,1.60,9.60
2010.08.23 18:40:08.907,1.33265,1.333,2.00,10.50
2010.08.23 18:40:09.008,1.33265,1.333,1.60,10.50
2010.08.23 18:40:09.517,1.33265,1.33295,1.60,4.00
2010.08.23 18:40:09.616,1.33265,1.33295,1.60,8.00
2010.08.23 18:40:11.765,1.33265,1.33295,1.00,8.10
2010.08.23 18:40:11.846,1.3326,1.33295,2.00,8.10
2010.08.23 18:40:11.966,1.3326,1.3329,2.00,1.00
2010.08.23 18:40:12.116,1.3326,1.3329,2.10,1.00
2010.08.23 18:40:12.235,1.33265,1.33295,1.00,8.90
2010.08.23 18:40:12.967,1.33265,1.33295,1.00,8.10
2010.08.23 18:40:13.773,1.33265,1.3329,1.00,1.60
2010.08.23 18:40:14.120,1.3326,1.33285,1.00,1.60
2010.08.23 18:40:15.032,1.3326,1.33285,1.00,1.60
2010.08.23 18:40:16.236,1.3326,1.33285,1.00,1.60
2010.08.23 18:40:18.111,1.33265,1.33295,4.40,1.00
2010.08.23 18:40:20.906,1.3326,1.3329,2.00,5.60
2010.08.23 18:40:23.403,1.3326,1.33275,1.60,1.60
2010.08.23 18:40:23.560,1.3325,1.33275,1.60,1.60
2010.08.23 18:40:25.036,1.3325,1.33285,1.60,7.20
2010.08.23 18:40:25.754,1.3325,1.33285,1.60,6.50
2010.08.23 18:40:25.904,1.33255,1.33285,1.00,2.50
2010.08.23 18:40:26.196,1.33255,1.3328,1.00,1.00
2010.08.23 18:40:27.074,1.3325,1.33285,5.60,2.70
2010.08.23 18:40:28.633,1.33255,1.33285,1.00,2.70
2010.08.23 18:40:28.981,1.3325,1.33275,4.80,1.00
2010.08.23 18:40:29.139,1.3325,1.33275,4.00,1.00
2010.08.23 18:40:31.336,1.33245,1.33275,8.80,1.00
2010.08.23 18:40:31.398,1.3325,1.33275,4.00,1.00
2010.08.23 18:40:31.517,1.33245,1.33265,4.00,1.00
2010.08.23 18:40:31.577,1.33235,1.33265,13.10,1.00
2010.08.23 18:40:31.637,1.3324,1.33265,1.60,1.00
2010.08.23 18:40:31.696,1.3324,1.3326,1.60,1.00
2010.08.23 18:40:32.352,1.33235,1.3326,6.00,1.00
2010.08.23 18:40:32.682,1.3323,1.3326,10.10,1.00
2010.08.23 18:40:33.889,1.3323,1.3326,10.90,1.00
2010.08.23 18:40:34.576,1.3323,1.33265,11.70,1.00
2010.08.23 18:40:34.748,1.3323,1.33265,10.10,1.00
2010.08.23 18:40:35.907,1.3323,1.33265,10.00,1.00
2010.08.23 18:40:36.098,1.3323,1.33265,2.00,4.90
2010.08.23 18:40:36.228,1.3323,1.33265,3.60,4.90
2010.08.23 18:40:36.298,1.3323,1.33265,7.60,1.00
2010.08.23 18:40:36.366,1.3323,1.33265,11.60,1.00
2010.08.23 18:40:38.060,1.3323,1.33265,11.60,1.00
2010.08.23 18:40:38.304,1.3323,1.3326,11.60,1.00
2010.08.23 18:40:39.351,1.3323,1.33255,1.00,1.00
2010.08.23 18:40:39.704,1.33225,1.33255,4.00,1.00
2010.08.23 18:40:40.623,1.33225,1.33255,8.00,1.00
2010.08.23 18:40:41.617,1.33225,1.33255,8.40,1.00
2010.08.23 18:40:46.851,1.33225,1.3326,12.00,1.00
2010.08.23 18:40:46.931,1.3323,1.33265,1.70,4.90
2010.08.23 18:40:48.893,1.3323,1.33265,3.20,5.00
2010.08.23 18:40:49.199,1.3323,1.33265,1.60,5.00
2010.08.23 18:40:49.500,1.33235,1.33265,1.00,4.90
2010.08.23 18:40:49.799,1.33235,1.33265,1.00,1.00
2010.08.23 18:40:59.974,1.33235,1.33265,1.00,4.90
2010.08.23 18:41:00.204,1.3323,1.3326,1.60,1.00
2010.08.23 18:41:00.428,1.3323,1.3326,1.20,1.00
2010.08.23 18:41:01.973,1.3323,1.3326,1.00,1.00
2010.08.23 18:41:02.199,1.33225,1.3326,8.40,1.00
2010.08.23 18:41:02.418,1.33225,1.3326,12.40,1.00
2010.08.23 18:41:03.099,1.33225,1.3326,13.30,1.00
2010.08.23 18:41:03.751,1.33225,1.3326,11.70,1.00
2010.08.23 18:41:03.798,1.3323,1.3326,1.00,1.00
2010.08.23 18:41:05.326,1.3323,1.3326,1.00,1.00
2010.08.23 18:41:10.537,1.3323,1.3326,1.00,1.00
2010.08.23 18:41:10.977,1.3323,1.3326,1.00,1.00
2010.08.23 18:41:11.335,1.3323,1.3326,8.90,1.00
2010.08.23 18:41:11.867,1.3323,1.3326,8.80,1.00
2010.08.23 18:41:12.607,1.33225,1.33255,1.10,1.00
2010.08.23 18:41:12.685,1.33225,1.33255,1.60,1.00
2010.08.23 18:41:12.748,1.3323,1.3326,1.00,4.10
2010.08.23 18:41:13.091,1.3323,1.3326,1.00,1.00
2010.08.23 18:41:15.940,1.3323,1.3326,1.00,1.00
2010.08.23 18:41:22.116,1.3323,1.3326,1.00,1.00
2010.08.23 18:41:23.126,1.3323,1.3326,1.00,1.00
2010.08.23 18:41:30.127,1.33235,1.3326,1.00,1.00
2010.08.23 18:41:35.213,1.33245,1.33275,9.60,1.00
2010.08.23 18:41:35.509,1.33245,1.3328,11.20,1.00
2010.08.23 18:41:35.716,1.33245,1.3328,11.60,1.00
2010.08.23 18:41:35.927,1.33245,1.3328,10.10,1.00
2010.08.23 18:41:36.656,1.33245,1.3328,9.70,1.00
2010.08.23 18:41:36.756,1.33245,1.3328,11.70,1.00
2010.08.23 18:41:38.290,1.33245,1.3328,11.60,1.00
2010.08.23 18:41:38.500,1.3324,1.33275,10.00,1.00
2010.08.23 18:41:38.701,1.3324,1.3327,8.80,1.00
2010.08.23 18:41:40.091,1.33245,1.33275,1.00,8.90
2010.08.23 18:41:40.957,1.33245,1.33275,1.00,1.00
2010.08.23 18:41:42.323,1.3324,1.3327,5.20,1.00
2010.08.23 18:41:43.222,1.3324,1.33275,1.00,10.50
2010.08.23 18:41:43.468,1.3324,1.33275,1.60,8.10
2010.08.23 18:41:43.711,1.3324,1.33275,9.70,1.00
2010.08.23 18:41:43.946,1.3324,1.33275,10.10,1.00
2010.08.23 18:41:47.774,1.3324,1.3327,9.30,1.00
2010.08.23 18:41:47.957,1.33235,1.3327,11.70,1.00
2010.08.23 18:41:48.298,1.33235,1.3327,11.60,1.00
2010.08.23 18:41:48.566,1.3324,1.3327,8.00,1.00
2010.08.23 18:41:49.462,1.33235,1.3327,10.00,1.00
2010.08.23 18:41:49.622,1.33235,1.3327,1.60,9.00
2010.08.23 18:41:49.936,1.33235,1.3327,2.00,9.00
2010.08.23 18:41:52.042,1.33235,1.33265,2.00,1.00
2010.08.23 18:41:52.088,1.33235,1.33265,1.20,1.00
2010.08.23 18:41:52.306,1.33235,1.33265,1.00,1.00
2010.08.23 18:41:57.299,1.33235,1.33265,10.40,1.00
2010.08.23 18:41:57.570,1.33235,1.33265,11.20,1.00
2010.08.23 18:42:00.109,1.33235,1.33265,11.30,1.00
2010.08.23 18:42:02.081,1.33235,1.33265,10.90,1.00
2010.08.23 18:42:02.886,1.33235,1.33265,12.50,1.00
2010.08.23 18:42:02.977,1.33235,1.3327,11.70,1.00
2010.08.23 18:42:03.082,1.33235,1.3327,11.30,1.00
2010.08.23 18:42:03.175,1.33235,1.3327,12.90,1.00
2010.08.23 18:42:03.828,1.33235,1.3327,13.30,1.00
2010.08.23 18:42:04.153,1.3324,1.3327,1.00,1.00
2010.08.23 18:42:04.472,1.33245,1.33275,4.00,1.00
2010.08.23 18:42:04.698,1.33245,1.33275,5.60,1.00
2010.08.23 18:42:04.918,1.33245,1.33275,6.40,1.00
2010.08.23 18:42:06.837,1.33245,1.3328,7.20,1.00
2010.08.23 18:42:09.547,1.33245,1.3328,7.60,1.00
2010.08.23 18:42:09.695,1.33245,1.3328,7.20,1.00
2010.08.23 18:42:11.355,1.33245,1.3328,5.60,1.00
2010.08.23 18:42:12.327,1.33245,1.3328,5.70,1.00
2010.08.23 18:42:13.119,1.3325,1.3328,4.00,1.00
2010.08.23 18:42:16.798,1.33245,1.3328,5.60,1.00
2010.08.23 18:42:17.327,1.33245,1.3328,5.70,1.00
2010.08.23 18:42:17.639,1.33245,1.3328,6.10,1.00
2010.08.23 18:42:22.978,1.33245,1.3328,5.70,1.00
2010.08.23 18:42:23.248,1.3325,1.3328,4.00,1.00
2010.08.23 18:42:24.409,1.3325,1.3328,4.00,2.50
2010.08.23 18:42:24.544,1.33245,1.3328,6.00,6.50
2010.08.23 18:42:25.266,1.33245,1.3328,6.00,4.90
2010.08.23 18:42:25.522,1.3325,1.3328,4.00,1.00
2010.08.23 18:42:26.271,1.3325,1.33275,4.00,1.00
2010.08.23 18:42:26.441,1.3325,1.33275,1.00,1.00
2010.08.23 18:42:27.262,1.33255,1.33285,4.80,1.00
2010.08.23 18:42:29.259,1.33255,1.33285,1.00,1.00
2010.08.23 18:42:30.030,1.3325,1.3328,2.90,1.00
2010.08.23 18:42:30.800,1.3325,1.3328,2.80,1.00
2010.08.23 18:42:31.807,1.3325,1.3328,2.80,1.00
2010.08.23 18:42:36.240,1.3325,1.3328,6.80,1.00
2010.08.23 18:42:37.092,1.3325,1.3328,10.80,1.00
2010.08.23 18:42:38.341,1.33255,1.3329,4.80,1.00
2010.08.23 18:42:38.561,1.33255,1.33285,1.00,1.00
2010.08.23 18:42:39.667,1.33255,1.33285,4.80,1.00
2010.08.23 18:42:47.714,1.33255,1.3328,4.00,1.00
2010.08.23 18:42:47.911,1.33255,1.3329,8.00,1.00
2010.08.23 18:42:48.097,1.33255,1.3329,8.80,1.00
2010.08.23 18:42:50.946,1.3325,1.33285,9.60,1.00
2010.08.23 18:42:53.937,1.3325,1.33285,10.00,1.00
2010.08.23 18:42:55.568,1.3325,1.33285,9.60,1.00
2010.08.23 18:42:55.636,1.3325,1.33285,10.00,1.00
2010.08.23 18:42:56.490,1.3325,1.33285,10.00,1.00
2010.08.23 18:42:58.182,1.3325,1.33285,10.00,1.00
2010.08.23 18:43:00.725,1.3325,1.33285,10.40,1.00
2010.08.23 18:43:05.104,1.3325,1.33285,10.40,1.00
2010.08.23 18:43:05.836,1.3325,1.33285,10.00,1.00
2010.08.23 18:43:09.437,1.3325,1.33285,10.40,1.00
2010.08.23 18:43:11.196,1.3325,1.33285,10.40,1.00
2010.08.23 18:43:11.226,1.3325,1.33285,6.40,1.00
2010.08.23 18:43:11.256,1.3325,1.3328,6.40,1.00
2010.08.23 18:43:11.314,1.3325,1.3328,2.40,1.00
2010.08.23 18:43:11.477,1.3325,1.3328,2.00,1.00
2010.08.23 18:43:11.646,1.3325,1.3327,2.00,1.00
2010.08.23 18:43:11.889,1.3325,1.3327,1.60,1.00
2010.08.23 18:43:19.315,1.33245,1.3327,8.40,1.00
2010.08.23 18:43:19.428,1.33245,1.3327,1.00,1.00
2010.08.23 18:43:22.181,1.3324,1.3327,9.30,1.00
2010.08.23 18:43:23.068,1.3324,1.3327,9.20,1.00
2010.08.23 18:43:23.146,1.3324,1.3327,9.30,1.00
2010.08.23 18:43:24.596,1.3324,1.3327,9.20,1.00
2010.08.23 18:43:26.015,1.3324,1.3327,10.90,1.00
2010.08.23 18:43:26.467,1.3324,1.3327,10.80,1.00
2010.08.23 18:43:26.626,1.3324,1.3327,9.20,1.00
2010.08.23 18:43:27.627,1.3324,1.3327,9.20,1.00
2010.08.23 18:43:27.717,1.3324,1.3327,8.80,1.00
2010.08.23 18:43:31.869,1.3324,1.3327,9.60,1.00
2010.08.23 18:43:32.522,1.33245,1.33275,1.00,1.00
2010.08.23 18:43:32.716,1.33245,1.3328,9.60,1.00
2010.08.23 18:43:33.086,1.33245,1.3328,9.60,1.00
2010.08.23 18:43:33.637,1.33245,1.3328,9.60,1.00
2010.08.23 18:43:34.755,1.33245,1.3328,10.40,1.00
2010.08.23 18:43:35.024,1.3325,1.3328,8.40,1.00
2010.08.23 18:43:35.288,1.3325,1.3328,9.20,1.00
2010.08.23 18:43:35.558,1.3325,1.3328,10.00,1.00
2010.08.23 18:43:36.086,1.3325,1.3328,10.10,1.00
2010.08.23 18:43:36.467,1.3325,1.3328,6.10,1.00
2010.08.23 18:43:36.577,1.3325,1.3328,2.10,1.00
2010.08.23 18:43:37.209,1.33255,1.3328,1.00,1.00
2010.08.23 18:43:38.047,1.3325,1.3328,2.10,1.00
2010.08.23 18:43:41.992,1.3325,1.3328,1.70,1.00
2010.08.23 18:43:42.295,1.3325,1.3328,5.70,1.00
2010.08.23 18:43:42.335,1.3325,1.3328,9.70,1.00
2010.08.23 18:43:43.947,1.33255,1.33285,9.30,1.00
2010.08.23 18:43:43.999,1.33255,1.3329,10.90,1.00
2010.08.23 18:43:44.049,1.33255,1.3329,12.50,1.00
2010.08.23 18:43:44.147,1.3326,1.3329,1.00,1.00
2010.08.23 18:43:44.199,1.3326,1.3329,4.90,1.00
2010.08.23 18:43:44.885,1.3326,1.3329,8.90,1.00
2010.08.23 18:43:46.868,1.3326,1.3329,8.00,1.00
2010.08.23 18:43:48.630,1.33265,1.3329,1.00,1.00
2010.08.23 18:43:51.311,1.33265,1.33285,1.00,1.00
2010.08.23 18:43:51.353,1.33255,1.33275,1.20,1.00
2010.08.23 18:43:51.415,1.33255,1.33275,1.00,1.00
2010.08.23 18:43:52.670,1.33255,1.33275,1.00,1.00
2010.08.23 18:43:52.951,1.33255,1.3328,1.00,1.00
2010.08.23 18:43:54.814,1.3325,1.3328,4.90,1.00
2010.08.23 18:43:55.023,1.3325,1.3328,1.00,1.00
2010.08.23 18:43:56.222,1.3325,1.3328,1.30,1.00
2010.08.23 18:43:56.471,1.3325,1.3328,9.30,1.00
2010.08.23 18:44:03.895,1.3325,1.3328,1.00,1.00
2010.08.23 18:44:05.328,1.3325,1.3328,3.70,1.00
2010.08.23 18:44:06.067,1.33255,1.3328,4.00,1.00
2010.08.23 18:44:06.149,1.33255,1.3328,8.00,1.00
2010.08.23 18:44:09.256,1.33255,1.3328,4.00,1.00
2010.08.23 18:44:09.367,1.3325,1.3328,1.30,1.00
2010.08.23 18:44:09.578,1.3325,1.3328,5.30,1.00
2010.08.23 18:44:09.688,1.3325,1.3328,9.30,1.00
2010.08.23 18:44:11.578,1.33255,1.3328,1.00,1.00
2010.08.23 18:44:11.768,1.3326,1.3328,4.00,1.00
2010.08.23 18:44:11.957,1.3325,1.3328,9.20,1.00
2010.08.23 18:44:13.841,1.3325,1.3328,9.30,1.00
2010.08.23 18:44:15.328,1.3325,1.3328,9.20,1.00
2010.08.23 18:44:15.669,1.3325,1.3328,1.20,1.00
2010.08.23 18:44:19.419,1.3325,1.3328,9.20,1.00
2010.08.23 18:44:20.767,1.3325,1.3328,9.20,1.00
2010.08.23 18:44:21.114,1.3325,1.3328,9.20,1.00
2010.08.23 18:44:21.860,1.3325,1.3327,8.40,1.00
2010.08.23 18:44:22.009,1.3325,1.3327,1.00,5.70
2010.08.23 18:44:22.159,1.3325,1.33265,1.00,1.60
2010.08.23 18:44:22.311,1.3324,1.33265,2.40,1.60
2010.08.23 18:44:22.460,1.3325,1.3327,9.60,1.00
2010.08.23 18:44:22.759,1.3325,1.3327,4.00,1.00
2010.08.23 18:44:24.290,1.3324,1.3327,4.80,1.00
2010.08.23 18:44:25.128,1.3324,1.3327,4.80,1.00
2010.08.23 18:44:26.831,1.3324,1.33275,9.70,1.00
2010.08.23 18:44:27.009,1.3324,1.3327,9.70,1.00
2010.08.23 18:44:27.050,1.3324,1.3327,8.80,1.00
2010.08.23 18:44:27.087,1.3324,1.3327,8.80,2.40
2010.08.23 18:44:27.167,1.3324,1.3327,8.80,4.00
2010.08.23 18:44:27.207,1.3324,1.3326,8.00,1.00
2010.08.23 18:44:27.249,1.3324,1.3326,4.00,1.00
2010.08.23 18:44:27.287,1.33235,1.3326,1.00,1.00
2010.08.23 18:44:27.986,1.33235,1.3326,1.00,2.50
2010.08.23 18:44:27.995,1.33235,1.3326,1.00,1.00
2010.08.23 18:44:28.291,1.3323,1.3326,4.10,1.00
2010.08.23 18:44:28.589,1.3323,1.33265,5.60,1.00
2010.08.23 18:44:29.189,1.33235,1.33265,1.00,1.00
2010.08.23 18:44:30.397,1.33235,1.33265,1.00,1.00
2010.08.23 18:44:33.096,1.33235,1.33265,1.00,4.90
2010.08.23 18:44:33.177,1.33235,1.3326,1.00,4.00
2010.08.23 18:44:33.833,1.33235,1.3326,1.00,4.00
2010.08.23 18:44:34.038,1.3323,1.3326,1.00,8.10
2010.08.23 18:44:36.798,1.3323,1.3326,1.00,4.10
2010.08.23 18:44:36.957,1.3323,1.3326,1.00,5.70
2010.08.23 18:44:37.116,1.3323,1.3326,1.00,5.70
2010.08.23 18:44:37.395,1.3323,1.3326,1.00,4.10
2010.08.23 18:44:37.735,1.3323,1.3326,1.00,4.20
2010.08.23 18:44:37.880,1.3323,1.3326,1.00,4.80
2010.08.23 18:44:38.021,1.33225,1.3325,1.60,4.00
2010.08.23 18:44:38.897,1.3323,1.33255,1.00,4.00
2010.08.23 18:44:39.200,1.33225,1.33255,2.00,4.00
2010.08.23 18:44:40.321,1.33225,1.3326,10.00,1.00
2010.08.23 18:44:40.456,1.3323,1.3326,1.00,1.00
2010.08.23 18:44:41.627,1.3323,1.3326,1.00,1.00
2010.08.23 18:44:45.344,1.3324,1.3326,4.00,1.00
2010.08.23 18:44:53.438,1.33235,1.3326,4.00,1.00
2010.08.23 18:44:58.758,1.3324,1.3326,4.00,1.00
2010.08.23 18:45:00.037,1.33235,1.3326,8.00,1.00
2010.08.23 18:45:00.457,1.33235,1.3326,4.00,1.00
2010.08.23 18:45:02.311,1.33235,1.3326,8.00,1.00
2010.08.23 18:45:05.967,1.3323,1.3326,9.20,1.00
2010.08.23 18:45:08.308,1.3323,1.3326,5.20,1.00
2010.08.23 18:45:10.227,1.33235,1.3326,4.00,1.00
2010.08.23 18:45:11.320,1.3323,1.3326,5.20,1.00
2010.08.23 18:45:12.062,1.3323,1.3326,9.20,1.00
2010.08.23 18:45:12.748,1.3323,1.33255,8.00,1.00
2010.08.23 18:45:12.918,1.3323,1.33255,4.00,1.00
2010.08.23 18:45:13.089,1.33225,1.3326,4.90,1.00
2010.08.23 18:45:13.920,1.33235,1.3326,4.00,1.00
2010.08.23 18:45:15.188,1.3323,1.3326,4.80,1.00
2010.08.23 18:45:29.369,1.3323,1.3326,4.80,1.00
2010.08.23 18:45:29.589,1.3323,1.3326,4.00,1.00
2010.08.23 18:45:30.283,1.3323,1.33255,4.00,1.00
2010.08.23 18:45:30.373,1.3323,1.3325,4.00,1.00
2010.08.23 18:45:31.336,1.3322,1.3325,1.00,1.00
2010.08.23 18:45:31.699,1.33225,1.3325,4.00,1.00
2010.08.23 18:45:41.168,1.3322,1.3325,9.70,1.00
2010.08.23 18:45:41.914,1.3322,1.3325,5.70,1.00
2010.08.23 18:45:46.510,1.3322,1.3325,1.70,1.00
2010.08.23 18:45:47.268,1.3322,1.3325,9.70,1.00
2010.08.23 18:45:49.267,1.3322,1.3325,1.70,1.00
2010.08.23 18:45:50.586,1.3322,1.3325,9.70,1.00
2010.08.23 18:45:50.698,1.33225,1.3325,1.00,1.00
2010.08.23 18:45:50.809,1.33225,1.33255,4.90,1.00
2010.08.23 18:45:50.916,1.33225,1.3326,5.70,1.00
2010.08.23 18:45:52.559,1.33225,1.3326,5.60,1.00
2010.08.23 18:45:52.778,1.33225,1.3326,1.60,6.50
2010.08.23 18:45:52.859,1.33225,1.3326,1.70,6.50
2010.08.23 18:45:53.934,1.3323,1.33255,4.00,1.00
2010.08.23 18:46:07.412,1.3323,1.3325,4.00,1.00
2010.08.23 18:46:07.797,1.33225,1.3325,8.00,1.00
2010.08.23 18:46:12.228,1.3323,1.3325,4.00,1.00
2010.08.23 18:46:12.707,1.33225,1.3325,4.00,1.00
2010.08.23 18:46:12.947,1.3323,1.3325,4.00,1.00
2010.08.23 18:46:14.189,1.33225,1.3325,4.00,1.00
2010.08.23 18:46:14.480,1.3322,1.3325,8.00,1.00
2010.08.23 18:46:15.969,1.3323,1.3325,4.00,1.00
2010.08.23 18:46:17.487,1.33225,1.3325,4.00,1.00
2010.08.23 18:46:18.202,1.3323,1.3325,4.00,1.00
2010.08.23 18:46:18.449,1.33225,1.3325,4.00,1.00
2010.08.23 18:46:18.688,1.3323,1.3325,4.00,1.00
2010.08.23 18:46:19.421,1.33225,1.3325,4.00,1.00
2010.08.23 18:46:19.769,1.33225,1.33255,4.00,2.60
2010.08.23 18:46:20.108,1.33225,1.33255,4.00,1.00
2010.08.23 18:46:20.452,1.3323,1.33255,4.00,1.00
2010.08.23 18:46:20.586,1.3323,1.33255,4.00,2.50
2010.08.23 18:46:21.857,1.3323,1.33255,4.00,2.60
2010.08.23 18:46:22.128,1.3323,1.33255,4.00,1.70
2010.08.23 18:46:25.188,1.3323,1.33255,4.00,2.50
2010.08.23 18:46:25.978,1.33225,1.33255,4.00,2.50
2010.08.23 18:46:26.033,1.33225,1.33255,4.00,2.60
2010.08.23 18:46:26.658,1.33225,1.33255,4.00,2.50
2010.08.23 18:46:26.766,1.3323,1.33255,4.00,2.50
2010.08.23 18:46:28.772,1.3323,1.33255,4.00,1.70
2010.08.23 18:46:28.796,1.3323,1.33255,4.00,1.00
2010.08.23 18:46:32.965,1.33225,1.33255,10.40,1.00
2010.08.23 18:46:33.631,1.33225,1.33255,6.40,1.00
2010.08.23 18:46:37.518,1.33225,1.33255,6.40,1.00
2010.08.23 18:46:37.608,1.33225,1.33255,4.80,1.00
2010.08.23 18:46:37.718,1.33225,1.33255,1.00,1.00
2010.08.23 18:46:39.027,1.33225,1.33255,4.80,1.00
2010.08.23 18:46:42.233,1.33225,1.3325,4.00,1.00
2010.08.23 18:46:42.698,1.3322,1.3325,8.80,1.00
2010.08.23 18:46:43.379,1.3323,1.3326,4.00,2.50
2010.08.23 18:46:44.398,1.33225,1.3326,11.90,2.50
2010.08.23 18:46:48.925,1.33225,1.3326,12.00,2.50
2010.08.23 18:46:49.012,1.3323,1.3326,1.00,1.00
2010.08.23 18:46:49.029,1.3323,1.3326,4.80,1.00
2010.08.23 18:46:49.064,1.3323,1.3326,5.60,1.00
2010.08.23 18:46:49.722,1.3323,1.3326,1.60,1.00
2010.08.23 18:46:50.068,1.3323,1.3326,5.60,1.00
2010.08.23 18:46:50.410,1.3323,1.3326,1.60,1.00
2010.08.23 18:46:52.701,1.33225,1.3326,6.40,1.00
2010.08.23 18:46:52.765,1.33235,1.3326,1.00,1.00
2010.08.23 18:46:52.872,1.33235,1.3326,1.00,2.50
2010.08.23 18:46:53.145,1.33235,1.33255,1.00,1.00
2010.08.23 18:46:53.266,1.33235,1.33255,1.00,1.00
2010.08.23 18:46:55.418,1.33225,1.33255,2.00,1.00
2010.08.23 18:46:55.508,1.33225,1.33255,2.00,2.50
2010.08.23 18:46:55.539,1.3323,1.33255,1.00,2.50
2010.08.23 18:46:55.600,1.3323,1.33255,1.00,1.00
2010.08.23 18:46:58.237,1.3323,1.33255,4.40,1.00
2010.08.23 18:46:58.867,1.3323,1.33255,4.40,1.00
2010.08.23 18:46:59.060,1.3323,1.3326,4.40,2.50
2010.08.23 18:47:02.330,1.33235,1.3326,1.00,2.50
2010.08.23 18:47:03.670,1.33235,1.33255,1.00,1.00
2010.08.23 18:47:08.142,1.33235,1.33255,1.00,2.50
2010.08.23 18:47:09.060,1.33235,1.33255,1.00,1.00
2010.08.23 18:47:12.418,1.3323,1.33255,1.00,1.00
2010.08.23 18:47:14.398,1.33225,1.33255,1.00,4.90
2010.08.23 18:47:18.008,1.33225,1.33255,4.40,1.00
2010.08.23 18:47:22.084,1.3323,1.33255,1.00,1.00
2010.08.23 18:47:23.957,1.33225,1.33255,1.00,6.50
2010.08.23 18:47:32.186,1.3322,1.33255,2.00,6.50
2010.08.23 18:47:35.541,1.3322,1.33255,1.20,6.50
2010.08.23 18:47:35.556,1.3322,1.3325,1.20,1.00
2010.08.23 18:47:41.070,1.33225,1.3325,1.00,1.00
2010.08.23 18:47:41.326,1.33225,1.3325,4.40,1.00
2010.08.23 18:47:47.465,1.33225,1.3325,1.00,1.00
2010.08.23 18:47:48.833,1.33225,1.33245,1.00,1.00
2010.08.23 18:47:52.037,1.3322,1.33245,2.00,1.00
2010.08.23 18:47:52.247,1.3322,1.33245,1.00,1.00
2010.08.23 18:48:08.236,1.3322,1.3325,1.20,1.00
2010.08.23 18:48:22.364,1.33225,1.3325,1.00,1.00
2010.08.23 18:48:29.130,1.33225,1.33255,1.00,10.70
2010.08.23 18:48:39.903,1.33225,1.33255,1.00,8.90
2010.08.23 18:48:39.947,1.33225,1.33255,1.20,8.90
2010.08.23 18:48:39.997,1.33225,1.33255,1.20,8.10
2010.08.23 18:48:40.100,1.33225,1.33255,1.20,9.70
2010.08.23 18:48:40.159,1.33225,1.33255,1.20,5.70
2010.08.23 18:48:41.648,1.33225,1.33255,1.20,4.10
2010.08.23 18:48:42.986,1.33225,1.33255,1.20,5.70
2010.08.23 18:48:43.344,1.3323,1.33255,1.20,1.60
2010.08.23 18:48:43.539,1.3323,1.3326,1.20,12.10
2010.08.23 18:48:44.107,1.3323,1.3326,1.20,12.80
2010.08.23 18:48:45.849,1.3323,1.3326,1.20,12.90
2010.08.23 18:48:53.256,1.3323,1.3326,1.00,12.90
2010.08.23 18:48:56.919,1.3323,1.3326,1.00,12.10
2010.08.23 18:48:57.760,1.3323,1.3326,1.00,6.50
2010.08.23 18:48:57.882,1.3323,1.33255,1.00,1.60
2010.08.23 18:49:03.650,1.33225,1.3325,1.00,1.00
2010.08.23 18:49:03.866,1.33225,1.3325,1.00,2.50
2010.08.23 18:49:05.039,1.33225,1.33245,1.00,1.00
2010.08.23 18:49:05.783,1.3322,1.33245,1.00,1.00
2010.08.23 18:49:08.732,1.33215,1.33245,4.80,1.00
2010.08.23 18:49:08.808,1.3321,1.3324,5.20,1.00
2010.08.23 18:49:08.880,1.3321,1.3324,5.20,2.50
2010.08.23 18:49:09.079,1.3321,1.3324,1.20,2.50
2010.08.23 18:49:10.411,1.3321,1.3324,1.20,2.70
2010.08.23 18:49:10.850,1.3321,1.3324,1.20,2.50
2010.08.23 18:49:14.216,1.3321,1.3324,1.20,1.00
2010.08.23 18:49:14.420,1.3321,1.3324,5.20,1.00
2010.08.23 18:49:15.931,1.3321,1.33245,6.00,2.70
2010.08.23 18:49:16.899,1.3321,1.33245,6.00,2.50
2010.08.23 18:49:18.153,1.33215,1.33245,1.00,2.50
2010.08.23 18:49:21.068,1.33215,1.33245,1.00,2.50
2010.08.23 18:49:21.217,1.33215,1.33245,1.00,2.50
2010.08.23 18:49:21.974,1.33215,1.33245,2.00,1.70
2010.08.23 18:49:22.035,1.33215,1.33245,2.00,1.00
2010.08.23 18:49:24.611,1.33215,1.33245,2.00,1.70
2010.08.23 18:49:27.197,1.33215,1.33245,2.00,1.90
2010.08.23 18:49:27.969,1.33215,1.33245,2.00,1.70
2010.08.23 18:49:29.998,1.33215,1.33245,2.00,1.80
2010.08.23 18:49:31.339,1.33215,1.33245,2.00,1.70
2010.08.23 18:49:35.076,1.33215,1.33245,2.00,1.60
2010.08.23 18:49:35.318,1.33215,1.3325,2.00,12.80
2010.08.23 18:49:41.697,1.33215,1.3325,2.00,12.10
2010.08.23 18:49:42.057,1.33225,1.3325,1.00,12.10
2010.08.23 18:49:42.239,1.33225,1.3325,1.00,8.80
2010.08.23 18:49:42.955,1.33225,1.3325,1.00,8.00
2010.08.23 18:49:43.057,1.33225,1.3325,1.00,5.60
2010.08.23 18:49:45.108,1.33225,1.3325,1.00,1.60
2010.08.23 18:49:48.746,1.33225,1.3325,1.00,5.60
2010.08.23 18:49:49.429,1.33225,1.3325,1.00,1.60
2010.08.23 18:49:53.338,1.33225,1.33255,1.20,1.70
2010.08.23 18:49:53.385,1.33225,1.33255,1.20,5.70
2010.08.23 18:49:56.417,1.33225,1.33255,1.20,9.70
2010.08.23 18:49:56.817,1.33225,1.33255,1.20,5.70
2010.08.23 18:49:56.987,1.33225,1.33255,1.20,9.70
2010.08.23 18:49:59.669,1.33225,1.33255,1.20,8.10
2010.08.23 18:50:00.414,1.33225,1.33255,1.00,8.90
2010.08.23 18:50:00.540,1.3322,1.3325,1.20,1.00
2010.08.23 18:50:00.768,1.3322,1.3325,1.30,1.00
2010.08.23 18:50:01.476,1.33225,1.3325,1.00,1.00
2010.08.23 18:50:01.769,1.33225,1.3326,2.00,10.50
2010.08.23 18:50:02.056,1.3322,1.3325,1.20,1.00
2010.08.23 18:50:06.527,1.3322,1.3325,1.20,1.70
2010.08.23 18:50:06.687,1.3322,1.3325,1.00,1.70
2010.08.23 18:50:06.759,1.3322,1.3325,1.00,5.70
2010.08.23 18:50:06.800,1.3322,1.3325,1.00,9.70
2010.08.23 18:50:08.970,1.33225,1.3325,1.00,9.70
2010.08.23 18:50:09.646,1.33225,1.3325,1.00,8.10
2010.08.23 18:50:09.886,1.33225,1.3326,2.00,10.50
2010.08.23 18:50:10.109,1.3323,1.3326,1.00,10.50
2010.08.23 18:50:12.204,1.3323,1.3325,1.00,5.60
2010.08.23 18:50:12.581,1.3322,1.33245,1.20,1.60
2010.08.23 18:50:13.602,1.33225,1.3325,1.00,1.00
2010.08.23 18:50:15.407,1.3322,1.3325,1.00,1.00
2010.08.23 18:50:15.533,1.3322,1.3325,1.00,4.10
2010.08.23 18:50:15.658,1.3322,1.3325,1.00,1.00
2010.08.23 18:50:17.516,1.33225,1.3325,1.00,1.00
2010.08.23 18:50:17.749,1.3323,1.33255,1.00,1.00
2010.08.23 18:50:17.975,1.33225,1.33255,2.00,1.00
2010.08.23 18:50:18.781,1.33225,1.33255,2.10,1.00
2010.08.23 18:50:19.085,1.3323,1.3326,1.20,1.00
2010.08.23 18:50:19.381,1.3323,1.3326,1.30,1.00
2010.08.23 18:50:20.039,1.3323,1.3326,1.20,1.00
2010.08.23 18:50:20.394,1.3324,1.3326,1.00,1.00
2010.08.23 18:50:20.748,1.3324,1.33265,6.00,1.00
2010.08.23 18:50:22.008,1.3324,1.33265,1.00,1.00
2010.08.23 18:50:23.920,1.3324,1.3326,1.00,1.00
2010.08.23 18:50:24.008,1.3323,1.3326,2.00,1.00
2010.08.23 18:50:32.918,1.3323,1.3326,10.00,1.00
2010.08.23 18:50:33.580,1.3324,1.33265,1.00,6.50
2010.08.23 18:50:33.626,1.3324,1.33265,1.00,1.00
2010.08.23 18:50:35.435,1.3324,1.3327,4.40,2.60
2010.08.23 18:50:46.182,1.3324,1.3327,1.00,2.60
2010.08.23 18:50:49.488,1.3324,1.3327,1.00,2.50
2010.08.23 18:50:55.527,1.3324,1.3327,6.80,2.50
2010.08.23 18:50:57.613,1.33245,1.3327,1.60,1.60
2010.08.23 18:50:57.708,1.33245,1.3327,9.60,1.00
2010.08.23 18:50:57.803,1.33245,1.3327,8.00,1.00
2010.08.23 18:50:57.893,1.33245,1.3327,4.00,1.70
2010.08.23 18:50:58.846,1.33235,1.3327,9.40,2.50
2010.08.23 18:50:59.001,1.3324,1.3327,5.60,2.50
2010.08.23 18:50:59.957,1.3324,1.3327,4.00,2.50
2010.08.23 18:51:02.080,1.33235,1.3327,1.60,6.50
2010.08.23 18:51:02.810,1.33235,1.3327,2.20,6.50
2010.08.23 18:51:02.919,1.3324,1.3327,4.00,1.70
2010.08.23 18:51:04.508,1.3324,1.3327,4.00,1.90
2010.08.23 18:51:07.926,1.3324,1.3327,4.00,1.00
2010.08.23 18:51:08.137,1.3324,1.3327,4.00,1.00
2010.08.23 18:51:08.358,1.3324,1.3327,5.60,1.00
2010.08.23 18:51:09.037,1.3324,1.33275,5.60,5.70
2010.08.23 18:51:09.156,1.33245,1.33275,1.00,7.40
2010.08.23 18:51:09.259,1.3324,1.33275,5.60,7.40
2010.08.23 18:51:11.101,1.3324,1.3327,1.00,1.00
2010.08.23 18:51:11.162,1.33235,1.33265,4.80,1.00
2010.08.23 18:51:11.221,1.33235,1.33265,1.00,1.00
2010.08.23 18:51:12.193,1.33235,1.33265,4.80,1.00
2010.08.23 18:51:12.886,1.33235,1.33265,4.80,1.00
2010.08.23 18:51:13.684,1.3324,1.3327,1.00,10.60
2010.08.23 18:51:14.011,1.3324,1.3327,4.80,1.80
2010.08.23 18:51:14.631,1.33235,1.3326,1.60,1.60
2010.08.23 18:51:17.207,1.3324,1.3326,1.00,1.60
2010.08.23 18:51:19.210,1.33245,1.3327,1.00,1.70
2010.08.23 18:51:19.386,1.33245,1.33275,1.60,4.00
2010.08.23 18:51:19.556,1.33245,1.3328,1.70,6.10
2010.08.23 18:51:20.331,1.3325,1.3328,1.00,1.00
2010.08.23 18:51:20.657,1.33255,1.33285,8.80,1.00
2010.08.23 18:51:22.496,1.33245,1.33275,8.00,1.00
2010.08.23 18:51:22.682,1.33245,1.33275,8.50,1.00
2010.08.23 18:51:22.783,1.3325,1.33275,8.80,1.00
2010.08.23 18:51:23.477,1.3325,1.33285,9.60,2.50
2010.08.23 18:51:23.573,1.33255,1.33285,8.00,1.00
2010.08.23 18:51:24.264,1.3325,1.33285,9.60,4.20
2010.08.23 18:51:25.413,1.3325,1.33285,9.60,4.10
2010.08.23 18:51:27.513,1.33255,1.33285,1.00,1.00
2010.08.23 18:51:31.130,1.33255,1.33285,1.00,1.00
2010.08.23 18:51:32.528,1.3325,1.33285,5.60,2.50
2010.08.23 18:51:34.040,1.3325,1.33285,5.60,2.70
2010.08.23 18:51:34.761,1.3325,1.3328,4.00,1.00
2010.08.23 18:51:40.520,1.3325,1.3328,6.40,1.00
2010.08.23 18:51:40.834,1.33265,1.33295,4.50,1.00
2010.08.23 18:51:41.773,1.33265,1.333,11.70,1.00
2010.08.23 18:51:42.188,1.33265,1.333,10.10,1.00
2010.08.23 18:51:45.538,1.33265,1.333,10.20,1.00
2010.08.23 18:51:46.039,1.33265,1.333,10.30,1.00
2010.08.23 18:51:46.346,1.3327,1.333,1.00,1.00
2010.08.23 18:51:46.437,1.33265,1.333,10.30,1.00
2010.08.23 18:51:48.100,1.33265,1.333,10.20,1.00
2010.08.23 18:51:49.177,1.3327,1.333,1.00,1.00
2010.08.23 18:51:52.130,1.3327,1.333,1.00,1.00
2010.08.23 18:51:52.187,1.3327,1.333,1.60,1.00
2010.08.23 18:51:52.508,1.33275,1.333,1.00,1.00
2010.08.23 18:51:52.620,1.3327,1.333,1.70,1.00
2010.08.23 18:51:52.729,1.3327,1.333,1.60,1.00
2010.08.23 18:51:53.435,1.33275,1.33305,1.00,6.50
2010.08.23 18:51:53.599,1.33275,1.33305,1.00,9.70
2010.08.23 18:51:54.199,1.33275,1.33305,1.00,5.70
2010.08.23 18:51:54.349,1.33275,1.33305,1.00,1.70
2010.08.23 18:51:55.163,1.33275,1.33305,1.00,9.70
2010.08.23 18:51:55.448,1.33275,1.33305,1.00,8.10
2010.08.23 18:51:55.739,1.33275,1.33305,1.00,9.70
2010.08.23 18:51:56.031,1.33275,1.33305,1.00,1.70
2010.08.23 18:51:59.990,1.33275,1.33305,6.90,1.00
2010.08.23 18:52:01.413,1.33285,1.33315,1.60,1.00
2010.08.23 18:52:01.718,1.33285,1.33315,5.60,1.00
2010.08.23 18:52:02.788,1.33285,1.33315,5.60,1.00
2010.08.23 18:52:03.088,1.33285,1.33315,1.60,1.00
2010.08.23 18:52:04.027,1.3328,1.33315,9.60,1.00
2010.08.23 18:52:04.125,1.33275,1.33305,5.60,1.60
2010.08.23 18:52:04.298,1.33275,1.33305,1.60,1.60
2010.08.23 18:52:04.652,1.33275,1.33305,5.60,1.60
2010.08.23 18:52:09.657,1.33275,1.33305,1.60,1.60
2010.08.23 18:52:11.784,1.3328,1.3331,4.00,1.00
2010.08.23 18:52:11.870,1.3328,1.3331,4.80,1.00
2010.08.23 18:52:27.658,1.33275,1.33305,8.00,1.00
2010.08.23 18:52:27.786,1.33275,1.33305,8.00,1.10
2010.08.23 18:52:28.167,1.33275,1.33305,8.00,1.00
2010.08.23 18:52:29.166,1.33275,1.33305,9.60,1.00
2010.08.23 18:52:31.308,1.33275,1.33305,9.70,1.00
2010.08.23 18:52:32.110,1.33275,1.33305,9.60,1.00
2010.08.23 18:52:34.567,1.33275,1.33305,10.40,1.00
2010.08.23 18:52:37.002,1.33275,1.33305,10.40,1.00
2010.08.23 18:52:37.161,1.33275,1.33305,1.60,1.00
2010.08.23 18:52:37.325,1.33275,1.33305,3.20,8.10
2010.08.23 18:52:37.630,1.33275,1.33305,9.60,1.00
2010.08.23 18:52:38.270,1.33275,1.33305,9.60,1.00
2010.08.23 18:52:39.157,1.33275,1.33305,9.60,1.00
2010.08.23 18:52:39.379,1.33275,1.33305,11.30,1.00
2010.08.23 18:52:39.817,1.33275,1.33305,11.20,1.00
2010.08.23 18:52:40.269,1.33275,1.33305,11.30,1.00
2010.08.23 18:52:41.129,1.3328,1.33305,1.60,1.00
2010.08.23 18:52:41.286,1.3328,1.3331,1.60,1.00
2010.08.23 18:52:41.448,1.3328,1.3331,1.60,1.00
2010.08.23 18:52:42.188,1.3328,1.3331,5.60,1.00
2010.08.23 18:52:43.110,1.3328,1.3331,9.60,1.00
2010.08.23 18:52:43.515,1.3328,1.3331,5.60,1.00
2010.08.23 18:52:43.710,1.3328,1.3331,1.60,1.00
2010.08.23 18:52:44.089,1.3328,1.3331,1.00,1.00
2010.08.23 18:52:44.279,1.33275,1.3331,11.20,1.00
2010.08.23 18:52:49.393,1.33275,1.3331,11.30,1.00
2010.08.23 18:52:50.021,1.3328,1.3331,1.00,1.00
2010.08.23 18:52:59.639,1.3328,1.3331,1.00,1.00
2010.08.23 18:52:59.790,1.33285,1.3331,1.00,1.00
2010.08.23 18:52:59.943,1.33285,1.33315,1.70,1.00
2010.08.23 18:53:00.700,1.3329,1.33315,1.60,1.00
2010.08.23 18:53:00.911,1.3329,1.33325,7.20,1.00
2010.08.23 18:53:02.222,1.33275,1.3331,6.10,1.00
2010.08.23 18:53:02.530,1.33275,1.3331,5.70,1.00
2010.08.23 18:53:02.841,1.33275,1.3331,5.60,1.00
2010.08.23 18:53:04.071,1.33275,1.33305,4.00,1.00
2010.08.23 18:53:04.342,1.3327,1.33305,9.70,1.00
2010.08.23 18:53:04.621,1.33275,1.33305,1.60,1.00
2010.08.23 18:53:05.289,1.33275,1.33305,7.20,1.00
2010.08.23 18:53:06.351,1.33275,1.33305,7.30,1.00
2010.08.23 18:53:06.460,1.3328,1.3331,1.00,1.00
2010.08.23 18:53:07.646,1.3328,1.3331,4.80,1.00
2010.08.23 18:53:09.914,1.3328,1.33305,4.00,1.00
2010.08.23 18:53:10.052,1.3328,1.33305,1.00,1.00
2010.08.23 18:53:19.237,1.3328,1.33305,1.00,1.00
2010.08.23 18:53:19.388,1.3328,1.3331,4.80,1.00
2010.08.23 18:53:20.315,1.3328,1.3331,4.80,1.00
2010.08.23 18:53:20.571,1.3328,1.3331,1.00,1.00
2010.08.23 18:53:37.195,1.3328,1.3331,1.20,1.00
2010.08.23 18:53:38.126,1.3328,1.33305,1.20,1.60
2010.08.23 18:53:38.995,1.33285,1.3331,1.00,1.00
2010.08.23 18:53:39.936,1.3329,1.3332,1.00,10.50
2010.08.23 18:53:42.820,1.3329,1.3332,1.00,8.90
2010.08.23 18:53:43.010,1.3329,1.3332,1.00,1.00
2010.08.23 18:53:44.011,1.33285,1.33315,2.00,1.60
2010.08.23 18:53:44.150,1.33285,1.3332,2.00,10.50
2010.08.23 18:53:44.407,1.33285,1.33315,2.00,1.60
2010.08.23 18:53:49.238,1.33285,1.33315,2.00,1.60
2010.08.23 18:53:54.183,1.3329,1.33315,1.00,1.60
2010.08.23 18:53:58.238,1.3329,1.33315,1.20,1.60
2010.08.23 18:53:58.296,1.3329,1.33315,2.00,1.60
2010.08.23 18:54:09.495,1.3329,1.3332,2.00,1.70
2010.08.23 18:54:09.554,1.33295,1.3332,1.00,1.70
2010.08.23 18:54:10.250,1.33295,1.33315,1.60,1.60
2010.08.23 18:54:17.304,1.3329,1.33315,1.00,2.50
2010.08.23 18:54:17.416,1.33285,1.33315,2.00,5.60
2010.08.23 18:54:19.301,1.33285,1.33315,2.00,4.00
2010.08.23 18:54:21.278,1.33285,1.33315,2.00,5.60
2010.08.23 18:54:22.064,1.33285,1.3331,1.60,1.00
2010.08.23 18:54:22.176,1.3328,1.33305,1.00,1.00
2010.08.23 18:54:22.380,1.33275,1.33305,1.20,1.00
2010.08.23 18:54:23.499,1.33285,1.33315,1.00,1.40
2010.08.23 18:54:24.039,1.33285,1.33315,1.00,1.00
2010.08.23 18:54:25.817,1.33285,1.3331,1.00,1.00
2010.08.23 18:54:26.035,1.3328,1.3331,1.00,2.50
2010.08.23 18:54:26.248,1.3328,1.33305,1.00,1.00
2010.08.23 18:54:27.096,1.3328,1.33305,1.00,1.00
2010.08.23 18:54:27.820,1.3328,1.33305,1.00,1.00
2010.08.23 18:54:28.000,1.3328,1.33305,1.00,1.00
2010.08.23 18:54:28.656,1.3328,1.3331,1.00,1.00
2010.08.23 18:54:28.929,1.3328,1.3331,1.00,4.90
2010.08.23 18:54:30.936,1.3328,1.333,1.00,1.00
2010.08.23 18:54:31.028,1.3327,1.333,1.00,4.00
2010.08.23 18:54:31.110,1.3327,1.33305,1.00,8.90
2010.08.23 18:54:31.894,1.33275,1.33305,1.00,8.90
2010.08.23 18:54:31.991,1.3327,1.33305,6.10,1.00
2010.08.23 18:54:32.331,1.3327,1.33305,6.00,1.00
2010.08.23 18:54:32.668,1.33275,1.33305,1.00,1.00
2010.08.23 18:54:33.015,1.33275,1.33305,1.20,1.00
2010.08.23 18:54:33.712,1.33275,1.33305,2.00,1.00
2010.08.23 18:54:33.883,1.3328,1.3331,1.00,5.50
2010.08.23 18:54:39.217,1.33275,1.33305,1.00,1.00
2010.08.23 18:54:39.400,1.33275,1.33305,1.00,1.00
2010.08.23 18:54:40.518,1.33275,1.33305,1.00,1.00
2010.08.23 18:54:45.589,1.33275,1.33305,1.00,4.90
2010.08.23 18:54:46.490,1.33275,1.33305,1.00,4.90
2010.08.23 18:54:47.318,1.33275,1.333,1.00,1.00
2010.08.23 18:54:47.502,1.33275,1.333,1.00,1.00
2010.08.23 18:54:48.828,1.33265,1.33295,10.00,1.60
2010.08.23 18:54:48.959,1.33265,1.33295,2.00,5.60
2010.08.23 18:54:49.647,1.33265,1.33295,1.60,5.60
2010.08.23 18:54:49.988,1.33265,1.33295,1.70,1.60
2010.08.23 18:54:50.989,1.3327,1.33295,1.00,1.60
2010.08.23 18:54:51.202,1.3327,1.333,1.00,4.00
2010.08.23 18:54:52.087,1.3327,1.33305,1.60,10.90
2010.08.23 18:54:52.209,1.3327,1.33305,1.70,10.90
2010.08.23 18:54:52.689,1.3327,1.33295,1.60,1.60
2010.08.23 18:54:53.439,1.33265,1.33295,1.00,6.50
2010.08.23 18:54:53.717,1.3326,1.33295,1.60,10.50
2010.08.23 18:54:53.989,1.3326,1.33295,1.70,10.50
2010.08.23 18:54:54.883,1.3326,1.33295,1.70,4.90
2010.08.23 18:54:55.232,1.33265,1.33295,1.00,4.90
2010.08.23 18:54:56.474,1.3326,1.33295,1.70,4.90
2010.08.23 18:54:57.285,1.3326,1.3329,1.00,4.90
2010.08.23 18:54:58.034,1.3326,1.3329,1.00,4.90
2010.08.23 18:54:58.252,1.33265,1.33295,1.00,4.90
2010.08.23 18:54:58.454,1.33265,1.33295,1.00,1.00
2010.08.23 18:54:59.314,1.33265,1.33295,1.00,1.00
2010.08.23 18:55:00.050,1.33265,1.33295,1.00,1.70
2010.08.23 18:55:01.162,1.33265,1.33295,1.00,1.70
2010.08.23 18:55:01.528,1.3326,1.3329,2.00,1.00
2010.08.23 18:55:01.920,1.3326,1.3329,2.10,1.00
2010.08.23 18:55:02.068,1.3326,1.3329,6.10,1.00
2010.08.23 18:55:03.113,1.33265,1.3329,1.00,1.00
2010.08.23 18:55:03.453,1.3327,1.33295,1.00,1.60
2010.08.23 18:55:03.791,1.3327,1.333,1.00,1.00
2010.08.23 18:55:06.838,1.33275,1.3331,7.60,1.70
2010.08.23 18:55:08.108,1.33275,1.3331,7.70,1.70
2010.08.23 18:55:09.830,1.3328,1.3331,1.00,1.70
2010.08.23 18:55:12.399,1.33275,1.3331,7.60,1.80
2010.08.23 18:55:13.197,1.33275,1.333,5.60,1.00
2010.08.23 18:55:13.353,1.33275,1.33305,1.00,8.90
2010.08.23 18:55:13.501,1.33275,1.33305,1.00,4.90
2010.08.23 18:55:13.650,1.33275,1.33305,1.00,1.00
2010.08.23 18:55:13.799,1.3327,1.33305,5.60,1.70
2010.08.23 18:55:15.103,1.3327,1.333,4.00,1.00
2010.08.23 18:55:15.147,1.33265,1.333,6.10,1.70
2010.08.23 18:55:15.180,1.33265,1.333,7.70,1.70
2010.08.23 18:55:15.378,1.33265,1.333,6.10,1.70
2010.08.23 18:55:16.666,1.3328,1.3331,1.00,4.00
2010.08.23 18:55:17.011,1.3328,1.3331,1.60,4.00
2010.08.23 18:55:17.983,1.3328,1.33315,1.60,9.70
2010.08.23 18:55:18.310,1.3328,1.33315,1.70,9.70
2010.08.23 18:55:19.159,1.3328,1.33315,1.60,9.70
2010.08.23 18:55:20.598,1.3328,1.33315,1.70,9.70
2010.08.23 18:55:20.869,1.3328,1.3331,1.00,1.00
2010.08.23 18:55:21.659,1.33275,1.3331,11.60,1.00
2010.08.23 18:55:21.846,1.33275,1.33305,4.40,1.00
2010.08.23 18:55:23.021,1.33275,1.33305,6.40,1.00
2010.08.23 18:55:23.376,1.3328,1.33315,1.00,4.90
2010.08.23 18:55:23.712,1.3328,1.33315,1.60,4.90
2010.08.23 18:55:26.259,1.3328,1.3331,1.60,1.00
2010.08.23 18:55:26.319,1.3328,1.3331,1.60,1.00
2010.08.23 18:55:26.499,1.3328,1.33305,1.60,1.00
2010.08.23 18:55:27.209,1.3327,1.333,8.40,1.00
2010.08.23 18:55:27.431,1.33265,1.33295,5.20,1.00
2010.08.23 18:55:27.868,1.33265,1.33295,5.30,1.00
2010.08.23 18:55:29.321,1.33265,1.33295,5.20,1.00
2010.08.23 18:55:29.560,1.33265,1.3329,1.00,1.00
2010.08.23 18:55:30.141,1.33265,1.33295,1.00,1.00
2010.08.23 18:55:30.480,1.33265,1.33295,4.80,1.00
2010.08.23 18:55:31.285,1.33275,1.33295,1.60,1.00
2010.08.23 18:55:31.400,1.33275,1.333,1.60,1.00
2010.08.23 18:55:31.515,1.33275,1.333,5.60,1.00
2010.08.23 18:55:34.782,1.33275,1.33295,5.60,1.00
2010.08.23 18:55:34.887,1.3327,1.33295,4.40,1.00
2010.08.23 18:55:37.744,1.3327,1.33295,4.40,1.00
2010.08.23 18:55:38.080,1.3327,1.333,5.20,1.00
2010.08.23 18:55:38.283,1.33275,1.33305,1.60,1.50
2010.08.23 18:55:39.106,1.33275,1.33305,1.60,1.00
2010.08.23 18:55:39.320,1.33275,1.333,1.60,1.00
2010.08.23 18:55:41.754,1.33275,1.333,1.60,1.00
2010.08.23 18:55:45.100,1.33275,1.333,2.00,1.00
2010.08.23 18:55:45.443,1.33275,1.33305,6.00,1.70
2010.08.23 18:55:46.484,1.33275,1.33305,6.00,1.70
2010.08.23 18:55:50.840,1.33275,1.33305,7.20,1.00
2010.08.23 18:55:51.060,1.33275,1.33305,5.60,1.00
2010.08.23 18:55:51.903,1.3328,1.33305,1.00,1.00
2010.08.23 18:55:52.627,1.3328,1.33305,1.20,1.00
2010.08.23 18:55:54.222,1.33285,1.3331,1.00,1.00
2010.08.23 18:55:54.659,1.33285,1.3331,1.00,1.00
2010.08.23 18:55:55.516,1.33285,1.3331,1.00,1.00
2010.08.23 18:55:55.622,1.3329,1.3331,1.00,1.00
2010.08.23 18:56:01.180,1.3329,1.33315,1.00,1.70
2010.08.23 18:56:01.942,1.3329,1.33315,1.00,1.00
2010.08.23 18:56:04.995,1.3329,1.3331,1.00,1.00
2010.08.23 18:56:06.743,1.33285,1.3331,1.60,1.00
2010.08.23 18:56:06.843,1.33285,1.3331,1.70,1.00
2010.08.23 18:56:09.016,1.33285,1.3331,1.60,1.00
2010.08.23 18:56:09.219,1.33285,1.3331,1.00,1.00
2010.08.23 18:56:14.678,1.33285,1.33315,6.90,1.70
2010.08.23 18:56:15.068,1.33285,1.33315,7.70,1.00
2010.08.23 18:56:15.730,1.33285,1.33315,7.90,1.00
2010.08.23 18:56:16.081,1.33295,1.33315,4.00,1.70
2010.08.23 18:56:16.424,1.333,1.33315,4.00,1.00
2010.08.23 18:56:16.772,1.33305,1.33315,4.00,1.00
2010.08.23 18:56:17.677,1.3331,1.3332,8.00,1.00
2010.08.23 18:56:17.954,1.3331,1.33325,8.00,1.70
2010.08.23 18:56:18.233,1.33305,1.33325,4.00,1.70
2010.08.23 18:56:19.087,1.33305,1.33325,4.00,3.30
2010.08.23 18:56:19.220,1.33305,1.33315,4.00,1.00
2010.08.23 18:56:23.658,1.333,1.33315,4.00,1.00
2010.08.23 18:56:23.797,1.3329,1.33315,1.60,1.00
2010.08.23 18:56:29.740,1.3329,1.3331,1.60,1.00
2010.08.23 18:56:29.855,1.33285,1.3331,1.60,1.00
2010.08.23 18:56:31.915,1.33285,1.3331,3.20,1.00
2010.08.23 18:56:32.007,1.33285,1.3331,1.60,1.00
2010.08.23 18:56:33.289,1.33285,1.3332,1.70,9.70
2010.08.23 18:56:33.489,1.33285,1.3332,7.30,5.70
2010.08.23 18:56:34.221,1.33285,1.3332,3.30,5.70
2010.08.23 18:56:36.328,1.33285,1.3332,4.90,5.70
2010.08.23 18:56:36.380,1.3329,1.3332,1.00,5.70
2010.08.23 18:56:36.481,1.33295,1.3332,1.60,5.70
2010.08.23 18:56:37.177,1.3331,1.33325,4.00,1.70
2010.08.23 18:56:38.818,1.3329,1.33325,5.70,1.70
2010.08.23 18:56:43.079,1.33295,1.33325,1.00,1.70
2010.08.23 18:56:43.218,1.33295,1.33325,1.70,1.00
2010.08.23 18:56:43.360,1.33295,1.3333,11.20,2.10
2010.08.23 18:56:44.085,1.3331,1.3333,4.00,2.10
2010.08.23 18:56:44.235,1.3331,1.33325,4.00,1.00
2010.08.23 18:56:46.641,1.3331,1.33315,4.00,1.00
2010.08.23 18:56:46.839,1.333,1.3331,4.00,1.00
2010.08.23 18:56:47.034,1.33305,1.3331,4.00,1.70
2010.08.23 18:56:47.828,1.33305,1.3331,4.00,1.00
2010.08.23 18:56:48.088,1.33285,1.33315,5.60,1.00
2010.08.23 18:56:48.343,1.33285,1.33315,9.60,1.00
2010.08.23 18:56:49.544,1.33285,1.33315,9.70,1.00
2010.08.23 18:56:49.852,1.33285,1.3332,9.60,1.00
2010.08.23 18:56:50.162,1.33295,1.3332,9.60,1.00
2010.08.23 18:56:50.464,1.33295,1.3332,8.00,1.00
2010.08.23 18:56:50.702,1.3329,1.33325,4.80,1.00
2010.08.23 18:56:50.940,1.3329,1.33325,5.60,1.00
2010.08.23 18:56:51.763,1.3329,1.3332,4.00,1.00
2010.08.23 18:56:51.883,1.3329,1.3332,8.00,1.70
2010.08.23 18:56:52.218,1.3329,1.3332,4.00,1.70
2010.08.23 18:56:52.658,1.33285,1.3332,9.70,1.70
2010.08.23 18:56:54.170,1.3329,1.3332,4.00,1.80
2010.08.23 18:56:54.213,1.3329,1.3332,8.00,1.70
2010.08.23 18:56:54.720,1.3329,1.3332,4.00,1.70
2010.08.23 18:56:54.761,1.3329,1.3332,4.10,1.70
2010.08.23 18:56:54.801,1.3329,1.3332,4.10,1.00
2010.08.23 18:56:55.484,1.3329,1.3333,9.70,3.70
2010.08.23 18:56:55.833,1.33295,1.33325,5.60,1.00
2010.08.23 18:56:56.518,1.33295,1.3333,5.60,3.30
2010.08.23 18:56:56.678,1.33295,1.3333,5.60,1.00
2010.08.23 18:56:56.839,1.33305,1.3333,8.00,1.00
2010.08.23 18:56:56.999,1.3331,1.3333,4.00,1.00
2010.08.23 18:56:57.804,1.33295,1.3333,2.00,5.70
2010.08.23 18:56:57.909,1.33295,1.3333,5.60,1.70
2010.08.23 18:56:59.139,1.33295,1.3333,5.60,1.90
2010.08.23 18:56:59.728,1.33295,1.3333,9.60,1.90
2010.08.23 18:57:00.556,1.33295,1.3333,9.60,1.70
2010.08.23 18:57:00.690,1.33295,1.3333,5.60,1.70
2010.08.23 18:57:00.947,1.33295,1.3333,1.60,5.70
2010.08.23 18:57:02.439,1.33295,1.3333,1.60,5.90
2010.08.23 18:57:02.529,1.33295,1.33325,1.60,1.00
2010.08.23 18:57:02.618,1.33295,1.33325,1.60,4.80
2010.08.23 18:57:02.909,1.3329,1.33325,1.60,5.70
2010.08.23 18:57:03.747,1.3329,1.33315,1.00,1.00
2010.08.23 18:57:03.849,1.3329,1.33315,5.70,1.00
2010.08.23 18:57:04.048,1.3329,1.33315,5.60,1.00
2010.08.23 18:57:05.293,1.3329,1.3332,5.60,1.00
2010.08.23 18:57:05.909,1.3329,1.3332,5.60,1.00
2010.08.23 18:57:06.859,1.33295,1.3332,1.60,1.00
2010.08.23 18:57:08.018,1.33295,1.33325,1.60,1.00
2010.08.23 18:57:09.744,1.33295,1.3332,1.60,1.00
2010.08.23 18:57:12.283,1.3329,1.3332,8.00,1.70
2010.08.23 18:57:12.558,1.3329,1.33315,8.00,1.00
2010.08.23 18:57:12.649,1.33285,1.33315,5.60,1.00
2010.08.23 18:57:12.739,1.33285,1.33315,4.80,1.00
2010.08.23 18:57:15.847,1.33285,1.33315,4.80,1.00
2010.08.23 18:57:16.709,1.33285,1.33315,5.60,1.00
2010.08.23 18:57:16.883,1.3329,1.3332,8.00,1.00
2010.08.23 18:57:17.572,1.3329,1.3332,9.60,1.00
2010.08.23 18:57:17.751,1.3329,1.3332,10.60,1.00
2010.08.23 18:57:17.940,1.33295,1.3332,8.00,1.00
2010.08.23 18:57:19.108,1.33295,1.3332,4.00,1.00
2010.08.23 18:57:20.542,1.33295,1.3332,4.10,1.00
2010.08.23 18:57:20.923,1.33285,1.3332,11.80,1.00
2010.08.23 18:57:21.787,1.3329,1.3332,6.30,1.00
2010.08.23 18:57:22.021,1.33295,1.3332,4.60,1.00
2010.08.23 18:57:22.290,1.33295,1.33315,5.60,1.00
2010.08.23 18:57:23.215,1.33275,1.33305,1.00,1.70
2010.08.23 18:57:24.876,1.33275,1.33315,5.70,7.70
2010.08.23 18:57:25.229,1.3328,1.3331,1.00,1.60
2010.08.23 18:57:25.400,1.3328,1.3331,1.60,1.60
2010.08.23 18:57:25.574,1.3328,1.33315,5.60,3.30
2010.08.23 18:57:26.725,1.33275,1.33305,5.60,1.00
2010.08.23 18:57:26.840,1.3328,1.3331,1.00,1.00
2010.08.23 18:57:27.727,1.3328,1.3331,8.00,1.00
2010.08.23 18:57:28.917,1.3328,1.3331,9.60,1.00
2010.08.23 18:57:29.560,1.3328,1.3331,8.10,1.00
2010.08.23 18:57:30.430,1.3328,1.3331,8.00,1.00
2010.08.23 18:57:30.887,1.3328,1.3331,9.60,1.00
2010.08.23 18:57:31.118,1.3328,1.3331,9.70,1.00
2010.08.23 18:57:32.359,1.33285,1.3331,1.00,1.00
2010.08.23 18:57:32.469,1.3329,1.3332,1.00,6.90
2010.08.23 18:57:32.581,1.3329,1.33315,10.20,1.00
2010.08.23 18:57:33.243,1.33295,1.3331,4.00,1.00
2010.08.23 18:57:33.491,1.3328,1.3331,1.00,2.50
2010.08.23 18:57:34.843,1.3328,1.3331,1.50,1.00
2010.08.23 18:57:35.116,1.33285,1.3331,8.00,1.00
2010.08.23 18:57:35.380,1.3328,1.3331,8.90,1.00
2010.08.23 18:57:36.504,1.33285,1.3331,1.00,1.00
2010.08.23 18:57:38.348,1.33285,1.3331,1.00,1.70
2010.08.23 18:57:38.452,1.33285,1.3331,1.00,2.50
2010.08.23 18:57:39.334,1.33285,1.3331,1.00,1.00
2010.08.23 18:57:45.628,1.33285,1.3331,1.00,1.00
2010.08.23 18:57:45.872,1.3329,1.33315,1.60,1.00
2010.08.23 18:57:46.112,1.3329,1.3331,1.60,1.00
2010.08.23 18:57:46.939,1.33285,1.3331,4.00,1.00
2010.08.23 18:57:47.210,1.3329,1.33315,1.60,1.00
2010.08.23 18:57:47.352,1.3329,1.33315,1.60,1.00
2010.08.23 18:57:49.837,1.33285,1.33315,8.90,1.00
2010.08.23 18:57:50.247,1.33285,1.33315,8.80,1.00
2010.08.23 18:57:51.835,1.3329,1.33315,1.00,1.00
2010.08.23 18:57:51.983,1.3329,1.3332,4.80,1.70
2010.08.23 18:57:52.410,1.3329,1.3332,1.00,1.70
2010.08.23 18:57:55.780,1.3329,1.3332,2.40,1.70
2010.08.23 18:58:04.710,1.3329,1.3332,2.50,1.70
2010.08.23 18:58:04.871,1.33295,1.3332,1.00,1.00
2010.08.23 18:58:05.030,1.33295,1.33325,2.20,4.00
2010.08.23 18:58:05.670,1.333,1.33325,1.60,4.00
2010.08.23 18:58:06.027,1.33295,1.3333,11.70,1.70
2010.08.23 18:58:06.154,1.333,1.3333,1.60,1.00
2010.08.23 18:58:06.281,1.333,1.3333,3.20,1.00
2010.08.23 18:58:07.086,1.3331,1.3334,1.00,1.00
2010.08.23 18:58:07.373,1.3331,1.33335,1.00,1.00
2010.08.23 18:58:08.509,1.3331,1.33335,1.60,1.00
2010.08.23 18:58:08.704,1.3331,1.33335,5.60,1.00
2010.08.23 18:58:08.902,1.3331,1.33335,1.60,1.00
2010.08.23 18:58:09.735,1.33315,1.33335,1.60,1.00
2010.08.23 18:58:09.972,1.33315,1.33345,2.00,1.00
2010.08.23 18:58:10.206,1.33325,1.3335,5.60,1.00
2010.08.23 18:58:11.181,1.33315,1.33345,1.00,9.70
2010.08.23 18:58:11.521,1.3331,1.33345,2.20,8.90
2010.08.23 18:58:11.860,1.3331,1.33345,13.40,1.00
2010.08.23 18:58:12.855,1.33315,1.33345,1.00,1.00
2010.08.23 18:58:13.204,1.33315,1.33335,1.00,1.00
2010.08.23 18:58:13.461,1.3331,1.33335,5.60,1.00
2010.08.23 18:58:14.356,1.3331,1.33345,9.60,1.90
2010.08.23 18:58:14.502,1.3331,1.33345,1.60,9.70
2010.08.23 18:58:14.650,1.3331,1.33345,7.20,1.00
2010.08.23 18:58:14.799,1.33315,1.33345,1.00,1.00
2010.08.23 18:58:15.090,1.33315,1.3334,1.00,1.00
2010.08.23 18:58:15.835,1.3331,1.3334,4.80,1.00
2010.08.23 18:58:16.251,1.3331,1.3334,1.60,1.00
2010.08.23 18:58:16.856,1.3331,1.33345,7.70,5.70
2010.08.23 18:58:17.601,1.33315,1.33345,1.00,1.70
2010.08.23 18:58:18.013,1.33315,1.33345,1.00,1.00
2010.08.23 18:58:19.502,1.3332,1.33345,1.00,1.00
2010.08.23 18:58:23.747,1.3332,1.33345,1.00,1.00
2010.08.23 18:58:23.897,1.3331,1.33345,6.10,1.80
2010.08.23 18:58:25.096,1.3331,1.33345,7.70,1.80
2010.08.23 18:58:25.848,1.3331,1.3334,6.10,1.00
2010.08.23 18:58:26.195,1.33305,1.3334,9.60,1.00
2010.08.23 18:58:29.564,1.33305,1.3334,1.60,4.90
2010.08.23 18:58:30.618,1.33305,1.3334,1.60,8.90
2010.08.23 18:58:34.739,1.33305,1.33335,1.60,4.00
2010.08.23 18:58:36.327,1.33305,1.33335,1.60,8.00
2010.08.23 18:58:36.428,1.33305,1.33335,1.60,8.80
2010.08.23 18:58:37.140,1.333,1.3333,1.00,1.00
2010.08.23 18:58:37.275,1.333,1.3333,4.00,1.70
2010.08.23 18:58:37.393,1.333,1.3333,1.00,1.00
2010.08.23 18:58:38.118,1.33305,1.33335,1.00,8.90
2010.08.23 18:58:38.585,1.33305,1.3333,1.00,1.00
2010.08.23 18:58:38.931,1.333,1.3333,4.00,1.00
2010.08.23 18:58:39.819,1.33295,1.3333,5.60,1.00
2010.08.23 18:58:40.095,1.333,1.33335,3.80,8.90
2010.08.23 18:58:40.360,1.33305,1.33335,1.00,1.00
2010.08.23 18:58:41.869,1.33305,1.33335,1.00,1.70
2010.08.23 18:58:41.950,1.33305,1.33335,1.00,2.50
2010.08.23 18:58:42.110,1.333,1.33325,4.00,1.00
2010.08.23 18:58:43.655,1.333,1.33325,8.00,1.00
2010.08.23 18:58:43.792,1.333,1.33325,4.00,1.00
2010.08.23 18:58:45.179,1.333,1.3332,4.00,1.00
2010.08.23 18:58:45.475,1.33295,1.3332,5.60,1.00
2010.08.23 18:58:45.776,1.33295,1.33325,1.00,1.00
2010.08.23 18:58:47.339,1.33295,1.33325,4.90,1.00
2010.08.23 18:58:48.235,1.33295,1.33325,4.80,1.00
2010.08.23 18:58:51.220,1.3329,1.33325,11.10,1.00
2010.08.23 18:58:55.123,1.33295,1.33325,4.00,1.00
2010.08.23 18:58:56.027,1.33295,1.33325,4.00,1.00
2010.08.23 18:58:56.171,1.3329,1.33325,4.00,1.00
2010.08.23 18:58:56.429,1.3329,1.3332,4.00,1.00
2010.08.23 18:59:00.738,1.3329,1.3332,5.60,1.00
2010.08.23 18:59:00.863,1.3329,1.33325,6.40,1.20
2010.08.23 18:59:00.987,1.3329,1.3332,2.40,1.00
2010.08.23 18:59:01.735,1.33285,1.3332,10.40,1.00
2010.08.23 18:59:02.075,1.3329,1.33325,2.40,4.00
2010.08.23 18:59:02.424,1.3329,1.33325,10.40,1.00
2010.08.23 18:59:03.114,1.3329,1.33325,8.80,1.00
2010.08.23 18:59:03.377,1.3329,1.33325,8.80,1.00
2010.08.23 18:59:04.140,1.3329,1.33325,1.00,4.80
2010.08.23 18:59:04.362,1.3329,1.3332,4.80,1.00
2010.08.23 18:59:05.234,1.33285,1.33325,9.40,5.70
2010.08.23 18:59:06.358,1.33285,1.33325,8.90,5.70
2010.08.23 18:59:07.168,1.3329,1.33325,8.80,1.00
2010.08.23 18:59:09.347,1.3329,1.33325,1.00,8.80
2010.08.23 18:59:09.788,1.3329,1.33325,1.00,8.80
2010.08.23 18:59:11.936,1.3329,1.33325,8.80,1.20
2010.08.23 18:59:13.475,1.3329,1.33325,8.80,1.20
2010.08.23 18:59:13.485,1.3329,1.33325,8.80,2.00
2010.08.23 18:59:13.658,1.33285,1.33325,8.80,10.10
2010.08.23 18:59:13.835,1.3329,1.33325,1.60,5.40
2010.08.23 18:59:14.000,1.3329,1.33325,1.60,5.00
2010.08.23 18:59:15.445,1.3329,1.33325,1.60,4.90
2010.08.23 18:59:15.790,1.3329,1.33325,1.60,5.10
2010.08.23 18:59:16.134,1.3329,1.33325,6.40,1.00
2010.08.23 18:59:17.339,1.3329,1.33325,6.20,1.00
2010.08.23 18:59:17.486,1.3329,1.33325,1.60,5.70
2010.08.23 18:59:17.618,1.33285,1.33325,10.90,5.70
2010.08.23 18:59:17.765,1.33285,1.3332,9.20,1.00
2010.08.23 18:59:17.900,1.33285,1.3332,8.80,1.00
2010.08.23 18:59:19.413,1.33285,1.3332,8.80,1.00
2010.08.23 18:59:19.439,1.33285,1.3332,9.40,1.00
2010.08.23 18:59:19.459,1.33285,1.33325,9.40,11.70
2010.08.23 18:59:19.599,1.33285,1.33325,9.40,7.70
2010.08.23 18:59:19.677,1.3329,1.33325,1.60,7.70
2010.08.23 18:59:20.013,1.3329,1.33325,1.60,7.30
2010.08.23 18:59:21.583,1.3329,1.33325,1.60,7.50
2010.08.23 18:59:21.988,1.3329,1.3332,1.60,1.00
2010.08.23 18:59:22.798,1.3329,1.33325,1.60,7.30
2010.08.23 18:59:22.897,1.3329,1.33325,1.60,5.70
2010.08.23 18:59:23.877,1.3329,1.33325,1.60,7.30
2010.08.23 18:59:24.329,1.3329,1.3332,1.60,1.00
2010.08.23 18:59:24.448,1.3329,1.3332,1.60,1.00
2010.08.23 18:59:30.862,1.3329,1.3332,1.60,1.00
2010.08.23 18:59:30.913,1.33285,1.3332,5.60,1.00
2010.08.23 18:59:30.964,1.33285,1.3332,4.90,1.00
2010.08.23 18:59:31.745,1.33285,1.33325,7.30,8.00
2010.08.23 18:59:31.816,1.3329,1.3333,11.80,4.00
2010.08.23 18:59:32.169,1.33295,1.33325,8.00,1.00
2010.08.23 18:59:32.515,1.33295,1.33335,8.50,9.70
2010.08.23 18:59:33.186,1.33295,1.3333,8.50,1.00
2010.08.23 18:59:33.396,1.33295,1.33335,8.50,7.50
2010.08.23 18:59:33.812,1.33295,1.33335,8.60,7.40
2010.08.23 18:59:34.021,1.33295,1.33335,8.70,7.30
2010.08.23 18:59:35.496,1.33295,1.33335,8.70,5.70
2010.08.23 18:59:35.637,1.33315,1.3334,1.60,1.00
2010.08.23 18:59:37.669,1.3331,1.3334,8.50,1.00
2010.08.23 18:59:37.992,1.3331,1.33345,8.00,3.30
2010.08.23 18:59:38.900,1.3331,1.33345,4.00,2.70
2010.08.23 18:59:40.249,1.3331,1.33345,4.00,2.50
2010.08.23 18:59:41.626,1.3331,1.3335,10.30,6.00
2010.08.23 18:59:41.774,1.3331,1.3335,10.30,5.60
2010.08.23 18:59:42.436,1.3331,1.33345,10.30,1.60
2010.08.23 18:59:42.479,1.3331,1.33345,12.30,1.60
2010.08.23 18:59:45.410,1.3331,1.33345,10.70,1.60
2010.08.23 18:59:49.657,1.3332,1.33345,1.00,1.60
2010.08.23 18:59:49.750,1.3333,1.3335,1.60,4.00
2010.08.23 18:59:49.839,1.3333,1.33355,1.60,2.10
2010.08.23 18:59:50.018,1.3333,1.33355,1.60,1.70
2010.08.23 18:59:50.833,1.3333,1.3336,1.60,3.50
2010.08.23 18:59:51.184,1.33325,1.3336,4.00,2.50
2010.08.23 18:59:51.529,1.33325,1.3336,4.00,2.40
2010.08.23 18:59:53.140,1.33325,1.3336,4.10,2.40
2010.08.23 18:59:53.209,1.33325,1.3336,4.00,2.40
2010.08.23 18:59:53.318,1.33325,1.3336,4.00,1.00
2010.08.23 18:59:54.111,1.33325,1.3336,4.00,2.40
2010.08.23 18:59:54.178,1.33325,1.3336,5.60,2.40
2010.08.23 18:59:56.142,1.33325,1.3336,5.60,1.00
2010.08.23 18:59:57.198,1.33325,1.3336,5.70,1.00
2010.08.23 18:59:59.238,1.33325,1.3336,9.70,1.00
