2012.09.26 14:00:00.152,1.26289,1.26336,1.32,1.32
2012.09.26 14:00:01.234,1.26284,1.26329,1.32,1.32
2012.09.26 14:00:01.350,1.26287,1.26335,1.32,1.32
2012.09.26 14:00:01.661,1.26287,1.26336,1.32,1.69
2012.09.26 14:00:02.232,1.26287,1.26334,1.32,1.32
2012.09.26 14:00:03.644,1.26284,1.26333,1.62,1.05
2012.09.26 14:00:05.457,1.26298,1.26332,1.13,1.51
2012.09.26 14:00:05.539,1.26297,1.26332,1.13,1.13
2012.09.26 14:00:05.766,1.26294,1.26335,1.88,1.51
2012.09.26 14:00:05.853,1.26294,1.26335,1.88,1.51
2012.09.26 14:00:05.942,1.26294,1.26335,2.25,1.13
2012.09.26 14:00:06.172,1.26298,1.26339,1.88,2.82
2012.09.26 14:00:06.331,1.26305,1.26352,1.32,2.37
2012.09.26 14:00:06.423,1.26305,1.26349,1.32,1.88
2012.09.26 14:00:06.510,1.26302,1.26352,2.44,2.82
2012.09.26 14:00:06.739,1.26302,1.26352,4.13,2.82
2012.09.26 14:00:06.818,1.26305,1.2635,1.32,1.32
2012.09.26 14:00:07.183,1.26306,1.26346,1.88,1.13
2012.09.26 14:00:07.272,1.26306,1.26349,1.50,1.51
2012.09.26 14:00:07.639,1.26307,1.26352,1.32,1.13
2012.09.26 14:00:07.935,1.26312,1.26352,1.50,1.88
2012.09.26 14:00:08.253,1.26315,1.26352,1.32,1.40
2012.09.26 14:00:08.345,1.26309,1.26348,1.50,1.96
2012.09.26 14:00:09.308,1.26302,1.26346,2.07,1.13
2012.09.26 14:00:09.541,1.26302,1.26341,1.50,1.21
2012.09.26 14:00:09.845,1.26306,1.26347,1.26,2.48
2012.09.26 14:00:09.929,1.26306,1.26347,1.63,1.88
2012.09.26 14:00:10.020,1.26306,1.26347,1.63,1.88
2012.09.26 14:00:10.381,1.26309,1.26346,1.37,1.13
2012.09.26 14:00:10.830,1.26315,1.26346,1.44,1.51
2012.09.26 14:00:11.141,1.26333,1.26343,1.26,1.50
2012.09.26 14:00:11.512,1.26336,1.26346,1.13,1.50
2012.09.26 14:00:11.603,1.26339,1.2636,1.50,1.50
2012.09.26 14:00:11.691,1.26337,1.2636,1.50,2.25
2012.09.26 14:00:11.921,1.26333,1.26356,2.25,1.50
2012.09.26 14:00:11.999,1.26336,1.26357,1.50,1.50
2012.09.26 14:00:12.222,1.26338,1.2636,1.50,1.50
2012.09.26 14:00:12.821,1.26332,1.26354,1.50,1.50
2012.09.26 14:00:13.123,1.26336,1.26356,1.50,1.50
2012.09.26 14:00:13.292,1.26326,1.26347,1.88,1.50
2012.09.26 14:00:13.378,1.26326,1.26349,1.88,1.50
2012.09.26 14:00:14.217,1.26324,1.26349,1.50,1.50
2012.09.26 14:00:14.987,1.26329,1.26351,1.50,2.25
2012.09.26 14:00:15.351,1.26323,1.26346,1.43,1.50
2012.09.26 14:00:15.583,1.26324,1.26348,1.50,1.50
2012.09.26 14:00:15.669,1.26324,1.26344,1.50,1.13
2012.09.26 14:00:15.755,1.26322,1.26343,1.50,1.50
2012.09.26 14:00:17.613,1.26321,1.26345,1.50,1.88
2012.09.26 14:00:18.050,1.26319,1.26341,1.50,1.50
2012.09.26 14:00:19.000,1.26322,1.26343,1.50,1.50
2012.09.26 14:00:19.356,1.26322,1.26344,1.50,2.63
2012.09.26 14:00:19.917,1.26322,1.26344,1.50,2.85
2012.09.26 14:00:20.639,1.26322,1.26347,1.50,1.51
2012.09.26 14:00:20.928,1.26326,1.26347,1.50,1.51
2012.09.26 14:00:21.287,1.26327,1.26351,1.50,1.51
2012.09.26 14:00:21.983,1.26331,1.26352,1.50,1.54
2012.09.26 14:00:22.076,1.26329,1.2635,1.50,1.50
2012.09.26 14:00:24.072,1.2633,1.26353,1.50,1.73
2012.09.26 14:00:24.163,1.26333,1.26354,1.50,1.73
2012.09.26 14:00:24.531,1.26336,1.26355,1.50,1.35
2012.09.26 14:00:24.752,1.26336,1.26356,1.50,1.54
2012.09.26 14:00:25.398,1.26338,1.26359,1.73,1.51
2012.09.26 14:00:25.547,1.26338,1.2636,2.48,1.50
2012.09.26 14:00:25.626,1.26341,1.26362,1.50,1.50
2012.09.26 14:00:25.777,1.26343,1.26364,1.50,1.51
2012.09.26 14:00:26.481,1.26346,1.26367,1.50,1.51
2012.09.26 14:00:26.640,1.26354,1.26373,1.50,1.73
2012.09.26 14:00:27.305,1.26354,1.26375,1.50,2.26
2012.09.26 14:00:28.398,1.26353,1.26375,1.50,1.73
2012.09.26 14:00:28.550,1.2635,1.26373,2.25,1.51
2012.09.26 14:00:28.699,1.26348,1.2637,1.50,1.50
2012.09.26 14:00:29.062,1.26344,1.26365,1.88,1.50
2012.09.26 14:00:29.439,1.26341,1.26362,1.50,1.73
2012.09.26 14:00:29.672,1.26339,1.26362,1.88,1.73
2012.09.26 14:00:30.383,1.26336,1.2636,2.25,1.73
2012.09.26 14:00:30.701,1.26348,1.2637,1.32,2.11
2012.09.26 14:00:30.793,1.2635,1.2637,1.50,1.58
2012.09.26 14:00:31.161,1.26347,1.2637,1.50,2.25
2012.09.26 14:00:31.462,1.26344,1.26365,1.50,1.54
2012.09.26 14:00:31.620,1.26342,1.26362,1.50,1.73
2012.09.26 14:00:31.912,1.26343,1.26363,1.50,1.73
2012.09.26 14:00:32.003,1.26346,1.26365,1.50,1.54
2012.09.26 14:00:32.296,1.26346,1.26365,1.50,1.54
2012.09.26 14:00:32.801,1.26347,1.26368,1.50,1.54
2012.09.26 14:00:32.951,1.26347,1.2637,1.50,1.51
2012.09.26 14:00:33.310,1.26344,1.26366,2.82,1.50
2012.09.26 14:00:34.473,1.26346,1.26369,1.50,1.50
2012.09.26 14:00:34.836,1.26353,1.26371,1.50,1.13
2012.09.26 14:00:35.129,1.26349,1.26371,1.50,1.73
2012.09.26 14:00:36.989,1.26356,1.26376,1.50,1.54
2012.09.26 14:00:37.070,1.26351,1.26373,1.50,1.51
2012.09.26 14:00:37.716,1.26353,1.26375,1.50,1.32
2012.09.26 14:00:37.936,1.26357,1.26379,1.50,2.48
2012.09.26 14:00:38.304,1.26356,1.26376,1.50,1.50
2012.09.26 14:00:38.668,1.26356,1.26377,1.50,1.20
2012.09.26 14:00:39.612,1.26356,1.26377,1.50,1.20
2012.09.26 14:00:39.697,1.26358,1.2638,1.50,1.20
2012.09.26 14:00:40.013,1.2636,1.26381,1.50,1.20
2012.09.26 14:00:40.382,1.2637,1.26386,1.50,1.59
2012.09.26 14:00:40.472,1.26364,1.26384,1.54,1.73
2012.09.26 14:00:41.119,1.2636,1.26382,1.32,1.73
2012.09.26 14:00:41.339,1.26359,1.2638,1.50,1.73
2012.09.26 14:00:41.906,1.26356,1.26378,1.13,1.73
2012.09.26 14:00:42.062,1.26362,1.26378,1.50,1.73
2012.09.26 14:00:42.156,1.26358,1.26378,1.92,1.73
2012.09.26 14:00:42.659,1.26365,1.26385,1.50,1.50
2012.09.26 14:00:42.739,1.26366,1.26385,1.50,1.50
2012.09.26 14:00:43.552,1.26367,1.26388,1.50,1.88
2012.09.26 14:00:45.197,1.26369,1.26388,1.50,1.50
2012.09.26 14:00:45.284,1.26368,1.26388,1.50,1.50
2012.09.26 14:00:45.509,1.26365,1.26385,2.44,1.50
2012.09.26 14:00:45.978,1.26371,1.26385,1.32,1.50
2012.09.26 14:00:46.341,1.26364,1.26384,1.50,1.73
2012.09.26 14:00:46.432,1.26364,1.26382,1.50,1.73
2012.09.26 14:00:46.594,1.26359,1.26377,1.88,1.32
2012.09.26 14:00:46.903,1.26362,1.26381,1.50,1.73
2012.09.26 14:00:47.555,1.26362,1.26381,2.25,1.73
2012.09.26 14:00:47.819,1.26377,1.26393,1.32,1.13
2012.09.26 14:00:48.693,1.26377,1.26395,1.69,1.50
2012.09.26 14:00:49.491,1.26378,1.264,2.10,1.50
2012.09.26 14:00:50.070,1.26376,1.26394,1.54,1.50
2012.09.26 14:00:50.360,1.26374,1.26394,2.10,1.50
2012.09.26 14:00:50.612,1.26374,1.26396,1.50,2.07
2012.09.26 14:00:52.030,1.26374,1.26394,1.50,1.50
2012.09.26 14:00:52.110,1.26372,1.26391,1.50,1.50
2012.09.26 14:00:52.719,1.26372,1.26391,1.50,1.50
2012.09.26 14:00:53.288,1.26372,1.26391,1.50,1.50
2012.09.26 14:00:54.349,1.26371,1.2639,1.50,1.50
2012.09.26 14:00:54.573,1.26369,1.26389,1.32,1.50
2012.09.26 14:00:54.877,1.26368,1.26387,1.32,1.50
2012.09.26 14:00:55.172,1.26371,1.26387,1.50,1.50
2012.09.26 14:00:55.692,1.26376,1.26387,2.07,1.50
2012.09.26 14:00:55.779,1.26381,1.26398,1.50,1.13
2012.09.26 14:00:56.357,1.26381,1.26397,1.50,1.32
2012.09.26 14:00:56.597,1.26371,1.26392,1.50,1.50
2012.09.26 14:00:56.889,1.26371,1.26392,1.50,1.50
2012.09.26 14:00:56.974,1.26376,1.26394,1.50,1.32
2012.09.26 14:00:57.273,1.26374,1.26394,1.50,1.32
2012.09.26 14:00:57.360,1.26372,1.26394,1.50,1.54
2012.09.26 14:00:57.437,1.26371,1.26392,1.50,1.50
2012.09.26 14:00:57.799,1.26371,1.26391,1.32,1.50
2012.09.26 14:00:58.162,1.2637,1.26389,1.32,1.50
2012.09.26 14:00:58.463,1.26371,1.26389,1.32,1.50
2012.09.26 14:01:00.836,1.2637,1.26389,2.07,1.50
2012.09.26 14:01:00.931,1.26372,1.26393,1.50,1.32
2012.09.26 14:01:01.439,1.26372,1.26392,1.50,1.50
2012.09.26 14:01:01.673,1.26371,1.26391,1.50,1.73
2012.09.26 14:01:01.826,1.26369,1.26387,1.32,1.50
2012.09.26 14:01:02.083,1.2637,1.2639,1.50,1.73
2012.09.26 14:01:03.708,1.2637,1.26382,1.50,1.50
2012.09.26 14:01:03.858,1.26362,1.2638,1.13,2.29
2012.09.26 14:01:04.013,1.26365,1.26384,1.32,1.73
2012.09.26 14:01:04.251,1.26365,1.26386,1.32,2.25
2012.09.26 14:01:04.331,1.26371,1.26386,1.50,2.25
2012.09.26 14:01:05.212,1.26374,1.26392,1.50,1.50
2012.09.26 14:01:05.306,1.2637,1.26389,1.50,1.50
2012.09.26 14:01:05.530,1.26368,1.26387,1.32,1.50
2012.09.26 14:01:05.888,1.2637,1.26389,1.50,1.50
2012.09.26 14:01:05.968,1.2637,1.26391,1.50,1.73
2012.09.26 14:01:07.592,1.2637,1.26391,1.32,1.50
2012.09.26 14:01:07.961,1.2637,1.26391,1.32,2.48
2012.09.26 14:01:08.041,1.26369,1.26389,1.32,1.73
2012.09.26 14:01:08.192,1.26364,1.26387,2.07,2.82
2012.09.26 14:01:08.431,1.26364,1.26384,1.32,1.50
2012.09.26 14:01:09.358,1.26364,1.26386,2.07,1.73
2012.09.26 14:01:10.505,1.26367,1.26384,1.32,1.50
2012.09.26 14:01:10.594,1.26362,1.26381,1.69,1.50
2012.09.26 14:01:10.963,1.26369,1.26383,1.50,1.73
2012.09.26 14:01:11.053,1.26376,1.2639,1.32,1.95
2012.09.26 14:01:11.571,1.26374,1.26393,1.50,1.50
2012.09.26 14:01:11.665,1.26367,1.26383,1.54,1.50
2012.09.26 14:01:11.894,1.2637,1.26388,1.32,1.50
2012.09.26 14:01:12.117,1.26371,1.2639,2.07,1.50
2012.09.26 14:01:12.339,1.26368,1.26388,1.88,1.32
2012.09.26 14:01:12.773,1.26368,1.26387,1.50,1.50
2012.09.26 14:01:13.002,1.2636,1.2638,1.50,2.25
2012.09.26 14:01:14.719,1.26365,1.26382,1.50,1.32
2012.09.26 14:01:14.806,1.26366,1.26384,1.32,1.50
2012.09.26 14:01:14.888,1.26366,1.26386,1.32,1.50
2012.09.26 14:01:15.396,1.26368,1.26387,1.50,1.36
2012.09.26 14:01:15.897,1.26369,1.26388,1.32,1.51
2012.09.26 14:01:16.149,1.26369,1.26389,2.07,1.51
2012.09.26 14:01:16.299,1.2637,1.26391,2.07,1.51
2012.09.26 14:01:16.601,1.26367,1.26388,1.50,2.07
2012.09.26 14:01:16.683,1.26366,1.26386,1.50,1.50
2012.09.26 14:01:16.840,1.26365,1.26386,1.32,1.50
2012.09.26 14:01:17.206,1.26362,1.26383,1.69,3.23
2012.09.26 14:01:17.895,1.26365,1.26383,1.32,3.23
2012.09.26 14:01:17.994,1.26359,1.26379,1.50,1.73
2012.09.26 14:01:18.427,1.26359,1.26378,1.50,1.50
2012.09.26 14:01:18.929,1.26357,1.26376,1.32,1.50
2012.09.26 14:01:19.286,1.26354,1.26373,1.32,1.50
2012.09.26 14:01:19.709,1.26355,1.26373,2.07,1.50
2012.09.26 14:01:19.949,1.26355,1.26373,1.32,1.50
2012.09.26 14:01:20.030,1.2635,1.26371,1.73,2.07
2012.09.26 14:01:20.599,1.2635,1.26371,1.50,2.07
2012.09.26 14:01:21.166,1.26352,1.26371,1.50,1.32
2012.09.26 14:01:21.949,1.26353,1.26372,1.32,1.50
2012.09.26 14:01:22.558,1.26359,1.26378,1.32,2.26
2012.09.26 14:01:23.130,1.26358,1.26374,1.32,1.51
2012.09.26 14:01:23.896,1.26355,1.26374,2.44,1.51
2012.09.26 14:01:25.138,1.26357,1.26374,1.32,1.50
2012.09.26 14:01:26.139,1.26357,1.26374,1.32,1.50
2012.09.26 14:01:26.629,1.26355,1.26372,1.50,1.50
2012.09.26 14:01:27.234,1.26353,1.26372,1.32,1.73
2012.09.26 14:01:27.392,1.26349,1.26368,1.35,1.50
2012.09.26 14:01:27.710,1.26347,1.26366,2.25,1.50
2012.09.26 14:01:28.227,1.26345,1.26363,1.50,1.50
2012.09.26 14:01:28.825,1.26345,1.26366,1.50,1.50
2012.09.26 14:01:28.998,1.26347,1.26367,1.50,2.07
2012.09.26 14:01:29.560,1.26348,1.26367,1.50,1.50
2012.09.26 14:01:29.881,1.26348,1.26364,1.50,1.50
2012.09.26 14:01:30.039,1.26346,1.26362,1.32,1.50
2012.09.26 14:01:30.258,1.26346,1.26365,2.07,1.50
2012.09.26 14:01:30.833,1.26348,1.26368,1.50,2.07
2012.09.26 14:01:31.429,1.26348,1.26368,1.35,1.32
2012.09.26 14:01:31.981,1.26349,1.26369,2.07,1.50
2012.09.26 14:01:32.339,1.26349,1.26367,1.50,1.50
2012.09.26 14:01:32.898,1.26346,1.26365,2.07,1.50
2012.09.26 14:01:33.379,1.26346,1.26365,1.32,1.50
2012.09.26 14:01:33.680,1.26342,1.26363,2.25,1.50
2012.09.26 14:01:33.760,1.26342,1.26363,1.50,2.25
2012.09.26 14:01:34.047,1.26343,1.26363,1.50,1.50
2012.09.26 14:01:34.340,1.26347,1.26366,1.32,1.50
2012.09.26 14:01:34.490,1.26347,1.26367,2.82,1.50
2012.09.26 14:01:34.799,1.26347,1.26365,2.07,1.50
2012.09.26 14:01:36.654,1.26348,1.26368,1.50,1.50
2012.09.26 14:01:39.751,1.26348,1.26369,1.50,1.50
2012.09.26 14:01:40.461,1.26349,1.26371,1.50,2.48
2012.09.26 14:01:43.411,1.26348,1.26369,1.50,3.04
2012.09.26 14:01:43.566,1.26346,1.26369,3.00,2.82
2012.09.26 14:01:44.068,1.26346,1.26367,3.00,1.50
2012.09.26 14:01:44.627,1.26346,1.26369,2.25,3.57
2012.09.26 14:01:44.922,1.26343,1.26364,1.73,1.50
2012.09.26 14:01:45.847,1.26346,1.26365,1.50,1.50
2012.09.26 14:01:45.927,1.26344,1.26363,1.50,1.50
2012.09.26 14:01:46.427,1.26347,1.26367,1.50,2.25
2012.09.26 14:01:47.260,1.26346,1.26367,1.50,2.25
2012.09.26 14:01:47.341,1.26344,1.26364,1.50,1.50
2012.09.26 14:01:47.848,1.26343,1.26362,2.82,1.50
2012.09.26 14:01:48.774,1.26343,1.26364,2.07,1.50
2012.09.26 14:01:49.278,1.26345,1.26365,1.50,1.50
2012.09.26 14:01:49.430,1.26347,1.26366,1.50,1.32
2012.09.26 14:01:50.370,1.26346,1.26366,1.50,2.07
2012.09.26 14:01:50.582,1.26342,1.26363,2.48,1.50
2012.09.26 14:01:50.657,1.26347,1.26364,1.50,1.50
2012.09.26 14:01:51.017,1.26348,1.26368,1.50,2.25
2012.09.26 14:01:51.445,1.26348,1.26366,1.50,1.50
2012.09.26 14:01:51.525,1.26346,1.26364,1.50,1.50
2012.09.26 14:01:51.605,1.26343,1.26364,1.50,1.50
2012.09.26 14:01:51.828,1.26347,1.26367,2.07,2.25
2012.09.26 14:01:52.340,1.26347,1.26369,2.82,1.50
2012.09.26 14:01:52.698,1.26345,1.26365,1.32,1.50
2012.09.26 14:01:53.127,1.26347,1.26366,1.32,2.25
2012.09.26 14:01:53.495,1.26354,1.26372,2.07,1.73
2012.09.26 14:01:54.138,1.26353,1.26372,1.32,1.50
2012.09.26 14:01:54.720,1.26354,1.26372,1.32,1.50
2012.09.26 14:01:55.071,1.26356,1.26375,1.32,1.50
2012.09.26 14:01:55.587,1.26356,1.26375,2.07,1.50
2012.09.26 14:01:55.742,1.26355,1.26373,1.32,1.50
2012.09.26 14:01:55.824,1.26351,1.26372,1.73,1.32
2012.09.26 14:01:55.910,1.2635,1.2637,2.25,1.50
2012.09.26 14:01:56.271,1.26353,1.26373,1.73,2.25
2012.09.26 14:01:56.426,1.2635,1.26369,1.50,1.50
2012.09.26 14:01:56.508,1.2635,1.26369,1.50,1.50
2012.09.26 14:01:57.007,1.26351,1.26372,1.50,1.50
2012.09.26 14:01:57.510,1.26353,1.26373,1.50,2.25
2012.09.26 14:01:58.921,1.26354,1.26374,1.50,2.29
2012.09.26 14:01:59.424,1.26354,1.26374,1.50,2.29
2012.09.26 14:01:59.866,1.26354,1.26374,1.50,1.54
2012.09.26 14:02:00.017,1.26355,1.26374,1.50,1.54
2012.09.26 14:02:00.640,1.26356,1.26376,1.32,1.50
2012.09.26 14:02:01.174,1.26356,1.26376,1.32,1.50
2012.09.26 14:02:03.180,1.26356,1.26376,1.32,1.50
2012.09.26 14:02:03.397,1.26361,1.26376,1.32,1.50
2012.09.26 14:02:03.483,1.26363,1.26381,1.32,1.50
2012.09.26 14:02:03.578,1.26361,1.2638,1.50,2.25
2012.09.26 14:02:06.876,1.26357,1.26377,1.50,2.25
2012.09.26 14:02:08.899,1.26357,1.26377,1.50,2.07
2012.09.26 14:02:09.259,1.26359,1.26379,1.50,3.00
2012.09.26 14:02:12.041,1.26364,1.26379,1.50,2.25
2012.09.26 14:02:12.415,1.26373,1.2639,1.73,1.58
2012.09.26 14:02:12.920,1.26371,1.26391,2.25,1.50
2012.09.26 14:02:13.007,1.26371,1.26389,1.50,1.13
2012.09.26 14:02:13.235,1.26374,1.26389,1.50,1.13
2012.09.26 14:02:13.392,1.26371,1.26391,1.50,2.44
2012.09.26 14:02:13.552,1.26373,1.26394,1.32,1.50
2012.09.26 14:02:13.708,1.26377,1.26395,1.50,2.25
2012.09.26 14:02:15.620,1.26377,1.26396,1.50,1.50
2012.09.26 14:02:16.329,1.26374,1.26394,1.50,1.50
2012.09.26 14:02:18.478,1.26375,1.26395,1.50,2.25
2012.09.26 14:02:18.899,1.26376,1.26395,1.50,2.82
2012.09.26 14:02:21.550,1.26376,1.26391,1.50,1.32
2012.09.26 14:02:21.645,1.26372,1.26392,2.25,1.32
2012.09.26 14:02:21.803,1.26372,1.26391,1.50,2.07
2012.09.26 14:02:21.962,1.26374,1.26394,1.50,2.25
2012.09.26 14:02:22.777,1.26373,1.26393,1.32,1.50
2012.09.26 14:02:22.859,1.26372,1.26392,1.50,1.32
2012.09.26 14:02:24.089,1.26372,1.26392,1.50,2.07
2012.09.26 14:02:24.762,1.26372,1.26392,1.50,2.82
2012.09.26 14:02:25.229,1.26369,1.26389,1.32,1.50
2012.09.26 14:02:25.312,1.26369,1.26389,1.32,2.25
2012.09.26 14:02:25.683,1.26365,1.26378,1.50,1.73
2012.09.26 14:02:25.770,1.26358,1.26374,1.50,1.32
2012.09.26 14:02:26.269,1.26355,1.26373,1.50,1.32
2012.09.26 14:02:26.488,1.26355,1.26373,1.50,1.32
2012.09.26 14:02:27.156,1.26355,1.26374,1.32,1.50
2012.09.26 14:02:27.312,1.26352,1.26372,2.48,1.50
2012.09.26 14:02:28.008,1.26354,1.26372,1.73,1.50
2012.09.26 14:02:28.317,1.26349,1.26366,1.50,1.32
2012.09.26 14:02:28.818,1.26347,1.26366,1.50,1.32
2012.09.26 14:02:28.898,1.26345,1.26366,2.25,2.07
2012.09.26 14:02:29.049,1.26348,1.26366,1.50,1.32
2012.09.26 14:02:29.411,1.26349,1.26369,2.25,1.54
2012.09.26 14:02:29.706,1.2635,1.26369,1.50,1.32
2012.09.26 14:02:30.077,1.26358,1.26371,1.32,1.50
2012.09.26 14:02:30.652,1.26358,1.26377,1.32,1.50
2012.09.26 14:02:31.021,1.26357,1.26374,1.32,1.50
2012.09.26 14:02:31.170,1.26354,1.26373,1.32,1.50
2012.09.26 14:02:31.261,1.26353,1.26372,1.32,1.50
2012.09.26 14:02:31.352,1.26352,1.2637,1.50,1.32
2012.09.26 14:02:31.440,1.26355,1.26372,1.50,1.32
2012.09.26 14:02:31.589,1.26355,1.26375,1.50,1.50
2012.09.26 14:02:32.264,1.26355,1.26374,1.50,1.54
2012.09.26 14:02:32.354,1.2635,1.26371,1.50,2.07
2012.09.26 14:02:34.736,1.2635,1.2637,1.50,2.29
2012.09.26 14:02:35.029,1.26348,1.26367,1.50,1.50
2012.09.26 14:02:35.530,1.26347,1.26366,2.07,1.50
2012.09.26 14:02:35.891,1.26347,1.26366,2.07,1.50
2012.09.26 14:02:36.189,1.26344,1.26363,2.07,1.50
2012.09.26 14:02:36.275,1.26344,1.26363,1.50,2.29
2012.09.26 14:02:36.362,1.26344,1.26361,1.50,1.32
2012.09.26 14:02:37.352,1.26341,1.2636,2.25,2.07
2012.09.26 14:02:37.445,1.26343,1.2636,1.50,1.32
2012.09.26 14:02:37.963,1.26339,1.2636,1.50,2.07
2012.09.26 14:02:38.053,1.26338,1.26358,2.25,1.50
2012.09.26 14:02:38.281,1.26336,1.26356,1.32,1.50
2012.09.26 14:02:38.372,1.26337,1.26357,1.32,1.50
2012.09.26 14:02:38.536,1.26339,1.26358,1.50,1.50
2012.09.26 14:02:38.689,1.26339,1.2636,1.50,1.32
2012.09.26 14:02:38.906,1.26341,1.26361,1.50,1.32
2012.09.26 14:02:39.475,1.26341,1.26362,2.25,1.50
2012.09.26 14:02:40.040,1.2634,1.26359,1.32,1.50
2012.09.26 14:02:40.549,1.2634,1.26362,2.82,1.50
2012.09.26 14:02:46.577,1.26344,1.26363,1.32,1.50
2012.09.26 14:02:46.937,1.26351,1.26367,1.32,1.50
2012.09.26 14:02:47.301,1.26351,1.26371,2.07,1.73
2012.09.26 14:02:47.521,1.26357,1.26371,1.32,1.73
2012.09.26 14:02:47.751,1.26352,1.26372,1.32,1.50
2012.09.26 14:02:50.102,1.26352,1.26371,1.32,1.50
2012.09.26 14:02:50.190,1.26351,1.2637,2.82,1.50
2012.09.26 14:02:52.610,1.26352,1.2637,1.50,1.50
2012.09.26 14:02:55.027,1.26351,1.26369,1.54,1.50
2012.09.26 14:02:55.110,1.26351,1.26365,1.54,1.50
2012.09.26 14:02:55.819,1.26351,1.26369,1.32,2.25
2012.09.26 14:02:56.348,1.26351,1.26365,1.32,1.50
2012.09.26 14:02:58.302,1.26349,1.26365,1.50,1.50
2012.09.26 14:03:00.643,1.2635,1.2637,1.50,1.50
2012.09.26 14:03:00.806,1.26349,1.26368,2.25,1.50
2012.09.26 14:03:01.330,1.26349,1.26363,1.50,1.50
2012.09.26 14:03:01.919,1.26347,1.26361,1.50,1.50
2012.09.26 14:03:02.014,1.26347,1.26364,2.25,1.50
2012.09.26 14:03:02.238,1.26347,1.26364,1.50,1.50
2012.09.26 14:03:02.721,1.26346,1.26364,1.50,2.48
2012.09.26 14:03:03.088,1.26349,1.26357,1.50,1.50
2012.09.26 14:03:03.307,1.26347,1.26364,1.50,2.48
2012.09.26 14:03:03.557,1.26345,1.26364,1.50,2.48
2012.09.26 14:03:03.638,1.26343,1.26364,2.82,2.48
2012.09.26 14:03:04.447,1.26343,1.26361,1.32,1.50
2012.09.26 14:03:06.101,1.26342,1.26361,1.32,1.50
2012.09.26 14:03:06.192,1.26345,1.26363,1.32,1.50
2012.09.26 14:03:07.469,1.26344,1.26366,2.07,2.25
2012.09.26 14:03:08.840,1.26352,1.26371,1.50,2.25
2012.09.26 14:03:09.279,1.2635,1.26371,2.07,3.00
2012.09.26 14:03:09.643,1.2634,1.26359,1.73,1.50
2012.09.26 14:03:09.873,1.26342,1.26362,1.50,1.50
2012.09.26 14:03:10.805,1.26346,1.26365,1.50,2.29
2012.09.26 14:03:10.963,1.26343,1.26363,1.50,1.50
2012.09.26 14:03:11.359,1.26343,1.26363,1.50,1.50
2012.09.26 14:03:12.361,1.26344,1.26365,1.50,2.67
2012.09.26 14:03:14.440,1.26345,1.26357,1.50,1.50
2012.09.26 14:03:14.523,1.26341,1.26355,1.50,1.32
2012.09.26 14:03:14.609,1.26336,1.26355,1.65,1.32
2012.09.26 14:03:15.571,1.26338,1.26355,1.50,1.54
2012.09.26 14:03:15.935,1.26347,1.26361,1.50,1.32
2012.09.26 14:03:16.023,1.26348,1.26364,1.50,1.54
2012.09.26 14:03:16.116,1.26351,1.26364,1.50,1.54
2012.09.26 14:03:16.206,1.26354,1.26369,1.50,1.73
2012.09.26 14:03:16.436,1.26354,1.26371,1.50,1.50
2012.09.26 14:03:16.521,1.26355,1.26372,1.50,1.32
2012.09.26 14:03:17.027,1.26357,1.26374,1.50,1.32
2012.09.26 14:03:17.564,1.26357,1.26376,1.50,1.32
2012.09.26 14:03:17.791,1.26354,1.26374,1.50,1.32
2012.09.26 14:03:18.009,1.26354,1.26374,2.25,1.32
2012.09.26 14:03:18.372,1.26363,1.26385,2.44,1.50
2012.09.26 14:03:18.453,1.26363,1.26385,1.32,1.50
2012.09.26 14:03:18.751,1.26363,1.26384,1.32,1.50
2012.09.26 14:03:20.668,1.26362,1.26383,1.50,1.50
2012.09.26 14:03:21.167,1.26359,1.2638,2.07,1.50
2012.09.26 14:03:21.562,1.26363,1.26384,2.29,2.25
2012.09.26 14:03:23.238,1.26365,1.26383,2.25,1.50
2012.09.26 14:03:23.458,1.2637,1.26387,1.50,1.32
2012.09.26 14:03:24.540,1.26364,1.26382,1.65,1.50
2012.09.26 14:03:24.635,1.26363,1.2638,1.05,1.32
2012.09.26 14:03:30.594,1.26363,1.2638,1.50,1.32
2012.09.26 14:03:30.808,1.26363,1.2638,1.50,1.32
2012.09.26 14:03:31.509,1.26363,1.26385,2.25,1.73
2012.09.26 14:03:31.655,1.26363,1.26385,2.25,1.50
2012.09.26 14:03:32.218,1.26363,1.26384,2.25,1.50
2012.09.26 14:03:32.367,1.26368,1.26386,1.50,1.32
2012.09.26 14:03:32.856,1.26368,1.26388,1.50,2.82
2012.09.26 14:03:36.901,1.2637,1.26388,1.50,1.32
2012.09.26 14:03:37.118,1.26373,1.26392,1.50,1.50
2012.09.26 14:03:37.268,1.26374,1.26393,1.50,1.32
2012.09.26 14:03:42.122,1.26376,1.26395,1.32,1.50
2012.09.26 14:03:42.278,1.26379,1.26399,2.07,1.50
2012.09.26 14:03:42.362,1.2638,1.264,2.25,1.50
2012.09.26 14:03:42.721,1.2638,1.264,2.25,1.50
2012.09.26 14:03:43.079,1.26373,1.26393,2.29,1.50
2012.09.26 14:03:43.227,1.26373,1.26393,2.07,1.50
2012.09.26 14:03:44.396,1.26373,1.26393,2.07,1.50
2012.09.26 14:03:44.551,1.26379,1.26398,1.32,1.50
2012.09.26 14:03:44.701,1.26379,1.26398,1.54,2.25
2012.09.26 14:03:44.780,1.26373,1.26394,1.80,1.32
2012.09.26 14:03:45.108,1.26372,1.26392,1.50,1.50
2012.09.26 14:03:45.607,1.26374,1.26394,1.50,1.32
2012.09.26 14:03:46.200,1.26377,1.26394,1.13,1.32
2012.09.26 14:03:46.351,1.26381,1.26397,1.54,1.50
2012.09.26 14:03:46.428,1.26381,1.264,1.54,1.50
2012.09.26 14:03:46.577,1.26381,1.26402,2.29,1.50
2012.09.26 14:03:46.807,1.26381,1.264,2.29,1.50
2012.09.26 14:03:47.100,1.26374,1.26392,1.47,1.50
2012.09.26 14:03:47.176,1.26374,1.26392,1.32,1.50
2012.09.26 14:03:47.329,1.26382,1.26395,1.32,1.50
2012.09.26 14:03:47.550,1.26377,1.26395,1.50,1.50
2012.09.26 14:03:47.698,1.26375,1.26395,2.89,1.50
2012.09.26 14:03:47.918,1.26375,1.26393,1.54,1.50
2012.09.26 14:03:48.820,1.26375,1.26394,1.32,1.50
2012.09.26 14:03:49.269,1.26372,1.26392,1.54,1.50
2012.09.26 14:03:49.828,1.26371,1.26392,1.88,1.50
2012.09.26 14:03:50.054,1.26372,1.26392,1.54,1.50
2012.09.26 14:03:50.629,1.26374,1.26392,1.17,1.50
2012.09.26 14:03:50.918,1.26375,1.26395,1.39,1.50
2012.09.26 14:03:51.208,1.26373,1.26393,1.20,1.50
2012.09.26 14:03:51.291,1.26372,1.26393,2.14,1.50
2012.09.26 14:03:51.647,1.2637,1.26392,2.07,2.25
2012.09.26 14:03:53.289,1.26379,1.26399,2.25,1.32
2012.09.26 14:03:53.369,1.26379,1.26398,1.50,1.50
2012.09.26 14:03:53.448,1.26376,1.26396,1.73,1.50
2012.09.26 14:03:53.530,1.26379,1.26399,1.50,1.32
2012.09.26 14:03:53.748,1.26377,1.26395,1.50,1.50
2012.09.26 14:03:53.830,1.26379,1.26399,1.50,1.32
2012.09.26 14:03:53.909,1.26381,1.26399,1.50,1.32
2012.09.26 14:03:53.988,1.26384,1.26403,1.50,2.07
2012.09.26 14:03:54.071,1.26386,1.26404,2.25,2.25
2012.09.26 14:03:54.358,1.26387,1.26406,1.50,1.50
2012.09.26 14:03:54.651,1.26386,1.26404,1.50,1.50
2012.09.26 14:03:54.812,1.2638,1.26401,1.73,2.07
2012.09.26 14:03:54.888,1.26379,1.264,1.73,1.32
2012.09.26 14:03:54.968,1.26379,1.26398,1.50,1.50
2012.09.26 14:03:55.331,1.26379,1.26398,1.50,1.50
2012.09.26 14:03:55.833,1.26379,1.26396,1.32,1.50
2012.09.26 14:03:55.918,1.26377,1.26396,1.88,1.50
2012.09.26 14:03:56.070,1.26377,1.26396,1.50,1.50
2012.09.26 14:03:56.220,1.26375,1.26396,1.32,2.25
2012.09.26 14:03:56.368,1.26377,1.26396,2.10,2.25
2012.09.26 14:03:56.519,1.26382,1.26401,1.32,1.73
2012.09.26 14:03:57.189,1.26382,1.26403,2.07,1.50
2012.09.26 14:03:57.309,1.26388,1.26408,2.07,1.50
2012.09.26 14:03:57.739,1.26389,1.2641,1.50,1.50
2012.09.26 14:03:57.820,1.26391,1.2641,1.50,1.50
2012.09.26 14:03:58.181,1.26388,1.26406,1.32,1.50
2012.09.26 14:03:58.541,1.26391,1.2641,2.25,1.50
2012.09.26 14:03:58.620,1.26394,1.2641,1.35,1.50
2012.09.26 14:03:58.707,1.26394,1.26413,2.10,2.07
2012.09.26 14:03:59.419,1.26391,1.26411,1.50,1.50
2012.09.26 14:03:59.504,1.2639,1.26409,2.25,1.50
2012.09.26 14:03:59.592,1.26387,1.26407,2.29,1.50
2012.09.26 14:04:00.098,1.26387,1.26404,1.32,1.50
2012.09.26 14:04:00.318,1.26391,1.26409,1.88,1.50
2012.09.26 14:04:00.400,1.26391,1.26409,1.73,1.50
2012.09.26 14:04:00.484,1.26391,1.26411,1.73,1.50
2012.09.26 14:04:01.337,1.26389,1.2641,2.25,1.32
2012.09.26 14:04:01.421,1.26389,1.26409,1.50,1.50
2012.09.26 14:04:02.427,1.26388,1.26408,1.50,1.50
2012.09.26 14:04:02.791,1.26382,1.26401,1.50,1.50
2012.09.26 14:04:02.938,1.26382,1.26401,1.50,1.50
2012.09.26 14:04:03.019,1.2638,1.26398,2.82,1.50
2012.09.26 14:04:03.871,1.26382,1.26402,1.50,1.50
2012.09.26 14:04:04.189,1.26377,1.26393,4.50,1.32
2012.09.26 14:04:04.622,1.26379,1.26398,1.73,1.50
2012.09.26 14:04:05.456,1.26379,1.26398,1.50,1.50
2012.09.26 14:04:06.348,1.26387,1.26407,2.29,1.50
2012.09.26 14:04:06.445,1.26387,1.26407,1.32,2.25
2012.09.26 14:04:06.599,1.26385,1.26404,1.32,1.50
2012.09.26 14:04:07.030,1.26387,1.26406,1.32,1.50
2012.09.26 14:04:07.320,1.26389,1.26406,1.50,1.50
2012.09.26 14:04:07.608,1.26386,1.26405,1.73,1.32
2012.09.26 14:04:07.690,1.26384,1.26402,1.13,1.50
2012.09.26 14:04:07.840,1.26381,1.26401,1.35,1.50
2012.09.26 14:04:08.410,1.26383,1.26403,1.13,1.50
2012.09.26 14:04:08.927,1.26381,1.26403,2.48,1.50
2012.09.26 14:04:09.420,1.26383,1.26404,1.50,1.50
2012.09.26 14:04:09.506,1.26387,1.26405,1.50,1.32
2012.09.26 14:04:09.590,1.2639,1.26409,1.50,2.07
2012.09.26 14:04:10.505,1.26387,1.26405,1.50,1.32
2012.09.26 14:04:11.017,1.26385,1.26407,1.50,2.82
2012.09.26 14:04:11.099,1.26384,1.26403,1.32,1.50
2012.09.26 14:04:11.320,1.26384,1.26403,2.07,1.50
2012.09.26 14:04:11.678,1.26386,1.26407,1.50,2.82
2012.09.26 14:04:12.039,1.26384,1.26402,1.32,1.50
2012.09.26 14:04:12.619,1.26384,1.26401,1.32,1.50
2012.09.26 14:04:12.699,1.26381,1.264,1.47,2.25
2012.09.26 14:04:12.850,1.26379,1.26398,1.65,1.32
2012.09.26 14:04:12.928,1.26377,1.26397,1.13,1.50
2012.09.26 14:04:13.289,1.26375,1.26393,1.47,1.50
2012.09.26 14:04:13.648,1.26376,1.26396,1.73,1.50
2012.09.26 14:04:13.868,1.26376,1.26396,1.73,1.50
2012.09.26 14:04:14.554,1.26377,1.26397,1.73,1.50
2012.09.26 14:04:14.649,1.2638,1.26398,1.50,1.32
2012.09.26 14:04:15.798,1.26381,1.264,1.50,1.50
2012.09.26 14:04:16.369,1.26383,1.26401,1.32,1.50
2012.09.26 14:04:16.451,1.26383,1.26401,1.92,1.50
2012.09.26 14:04:16.534,1.26388,1.26406,1.50,1.54
2012.09.26 14:04:17.387,1.26383,1.26406,3.57,2.82
2012.09.26 14:04:17.471,1.26383,1.26403,2.82,1.50
2012.09.26 14:04:17.759,1.26383,1.26403,2.82,1.50
2012.09.26 14:04:18.891,1.26379,1.26396,1.13,1.50
2012.09.26 14:04:19.038,1.26377,1.26396,1.62,1.50
2012.09.26 14:04:19.332,1.26376,1.26393,1.32,1.50
2012.09.26 14:04:20.047,1.26374,1.26393,2.07,1.50
2012.09.26 14:04:20.619,1.26374,1.26393,1.32,1.50
2012.09.26 14:04:20.912,1.26369,1.26389,3.00,1.50
2012.09.26 14:04:21.001,1.26369,1.26389,1.50,1.50
2012.09.26 14:04:21.429,1.26365,1.26385,2.07,1.50
2012.09.26 14:04:23.786,1.26368,1.26388,1.50,1.73
2012.09.26 14:04:25.868,1.26365,1.26387,1.50,2.29
2012.09.26 14:04:25.948,1.26364,1.26385,2.07,1.50
2012.09.26 14:04:27.089,1.26365,1.26385,1.50,1.50
2012.09.26 14:04:29.044,1.2636,1.26375,1.50,1.32
2012.09.26 14:04:29.132,1.26358,1.26375,1.13,1.50
2012.09.26 14:04:29.292,1.26359,1.26376,1.50,1.50
2012.09.26 14:04:29.669,1.26359,1.26379,1.50,1.51
2012.09.26 14:04:30.229,1.26359,1.26379,1.50,1.51
2012.09.26 14:04:30.590,1.26361,1.26379,1.32,1.51
2012.09.26 14:04:30.947,1.26359,1.26374,1.32,1.50
2012.09.26 14:04:31.318,1.26361,1.2638,1.32,2.48
2012.09.26 14:04:31.469,1.26361,1.26381,2.67,1.73
2012.09.26 14:04:31.919,1.26365,1.26384,1.50,1.51
2012.09.26 14:04:32.223,1.26367,1.26386,1.50,1.32
2012.09.26 14:04:32.379,1.26366,1.26386,1.32,1.50
2012.09.26 14:04:32.462,1.26368,1.26388,1.32,2.48
2012.09.26 14:04:32.554,1.26369,1.2639,1.50,2.26
2012.09.26 14:04:33.040,1.26375,1.26391,1.32,1.51
2012.09.26 14:04:33.469,1.26371,1.26388,1.50,1.50
2012.09.26 14:04:34.092,1.26362,1.26386,2.82,3.23
2012.09.26 14:04:34.170,1.26363,1.26386,1.50,2.48
2012.09.26 14:04:35.100,1.26368,1.26387,1.50,1.54
2012.09.26 14:04:35.252,1.2637,1.26391,1.50,2.48
2012.09.26 14:04:35.335,1.26372,1.26391,1.50,1.73
2012.09.26 14:04:35.767,1.26375,1.26392,1.32,1.73
2012.09.26 14:04:36.289,1.26376,1.26396,1.50,1.51
2012.09.26 14:04:36.507,1.26378,1.26399,1.50,1.36
2012.09.26 14:04:37.140,1.2638,1.264,1.50,2.29
2012.09.26 14:04:37.568,1.2638,1.264,1.50,1.73
2012.09.26 14:04:37.652,1.26381,1.264,1.50,1.73
2012.09.26 14:04:37.801,1.26378,1.26398,2.44,1.50
2012.09.26 14:04:37.950,1.26385,1.26398,1.32,1.50
2012.09.26 14:04:38.028,1.26385,1.26401,1.32,1.73
2012.09.26 14:04:38.670,1.26385,1.26404,2.07,1.13
2012.09.26 14:04:39.893,1.26382,1.264,2.25,1.50
2012.09.26 14:04:40.448,1.26381,1.264,2.07,1.50
2012.09.26 14:04:40.949,1.26381,1.26402,1.32,2.48
2012.09.26 14:04:41.308,1.26378,1.26399,1.32,1.50
2012.09.26 14:04:44.093,1.26377,1.26395,1.32,1.50
2012.09.26 14:04:44.254,1.26379,1.26399,2.07,2.10
2012.09.26 14:04:44.414,1.26379,1.26397,1.32,1.50
2012.09.26 14:04:45.154,1.26374,1.26395,1.32,1.73
2012.09.26 14:04:45.911,1.26372,1.26393,1.50,1.73
2012.09.26 14:04:46.059,1.2637,1.26387,1.32,1.73
2012.09.26 14:04:46.143,1.2637,1.26385,1.32,1.50
2012.09.26 14:04:46.652,1.26371,1.26387,1.50,1.73
2012.09.26 14:04:47.022,1.26375,1.26389,1.32,1.50
2012.09.26 14:04:47.104,1.2637,1.26389,3.23,1.50
2012.09.26 14:04:47.259,1.2637,1.26391,3.98,1.50
2012.09.26 14:04:47.338,1.26371,1.26391,1.50,1.50
2012.09.26 14:04:47.877,1.26371,1.26391,1.50,1.73
2012.09.26 14:04:50.459,1.26372,1.26393,1.50,1.73
2012.09.26 14:04:50.539,1.26372,1.26395,2.25,1.73
2012.09.26 14:04:51.856,1.26373,1.26395,1.50,3.04
2012.09.26 14:04:52.304,1.26373,1.26391,1.50,1.73
2012.09.26 14:04:53.024,1.26368,1.26387,2.07,1.50
2012.09.26 14:04:53.252,1.2637,1.26387,1.32,1.50
2012.09.26 14:04:53.467,1.26374,1.26394,1.50,1.73
2012.09.26 14:04:55.401,1.26373,1.26394,1.50,1.54
2012.09.26 14:04:55.493,1.26371,1.2639,2.07,1.50
2012.09.26 14:04:55.856,1.26372,1.26391,1.50,1.73
2012.09.26 14:04:55.940,1.26372,1.26391,1.50,1.73
2012.09.26 14:04:56.088,1.26375,1.26395,1.50,1.92
2012.09.26 14:04:56.938,1.26375,1.26393,1.50,1.73
2012.09.26 14:04:57.087,1.2637,1.26388,2.25,1.32
2012.09.26 14:04:57.166,1.2637,1.2639,2.82,1.73
2012.09.26 14:04:57.457,1.26372,1.26395,2.25,2.29
2012.09.26 14:04:57.797,1.26376,1.26396,1.50,2.29
2012.09.26 14:04:58.087,1.26376,1.26396,1.50,1.50
2012.09.26 14:04:58.166,1.26375,1.26395,1.69,1.50
2012.09.26 14:04:58.520,1.26375,1.26395,1.32,1.73
2012.09.26 14:04:58.665,1.26377,1.26398,1.50,1.73
2012.09.26 14:04:59.609,1.26377,1.26398,1.50,1.73
2012.09.26 14:04:59.686,1.26375,1.26393,1.32,1.50
2012.09.26 14:05:00.049,1.26376,1.26396,2.07,1.50
2012.09.26 14:05:00.138,1.26375,1.26391,1.13,1.32
2012.09.26 14:05:00.639,1.26374,1.26393,1.50,1.50
2012.09.26 14:05:01.207,1.26374,1.26394,1.50,1.50
2012.09.26 14:05:01.289,1.26374,1.26394,1.50,1.50
2012.09.26 14:05:01.927,1.26374,1.26394,1.50,1.50
2012.09.26 14:05:02.150,1.26382,1.26403,1.50,1.50
2012.09.26 14:05:02.450,1.26381,1.26399,1.32,1.50
2012.09.26 14:05:02.532,1.26378,1.26396,1.50,1.32
2012.09.26 14:05:02.613,1.26378,1.26396,1.50,2.07
2012.09.26 14:05:02.771,1.26374,1.26395,1.50,1.73
2012.09.26 14:05:02.923,1.26374,1.26393,1.50,1.50
2012.09.26 14:05:03.639,1.26374,1.26393,1.50,1.50
2012.09.26 14:05:04.007,1.26367,1.26384,1.13,1.73
2012.09.26 14:05:04.579,1.26364,1.26382,1.50,1.50
2012.09.26 14:05:04.658,1.26365,1.26382,1.32,1.50
2012.09.26 14:05:05.419,1.26368,1.26386,2.07,1.50
2012.09.26 14:05:05.515,1.26366,1.26386,1.32,2.25
2012.09.26 14:05:06.363,1.26368,1.26386,1.32,1.73
2012.09.26 14:05:07.378,1.26367,1.26385,1.50,1.54
2012.09.26 14:05:09.378,1.26364,1.26384,1.50,2.29
2012.09.26 14:05:09.935,1.26364,1.26383,1.50,1.54
2012.09.26 14:05:10.156,1.2636,1.26377,1.50,1.54
2012.09.26 14:05:14.138,1.2636,1.26381,1.50,1.73
2012.09.26 14:05:14.216,1.26359,1.26379,2.07,1.50
2012.09.26 14:05:14.578,1.26359,1.26379,2.07,1.50
2012.09.26 14:05:14.732,1.26364,1.26384,1.50,1.73
2012.09.26 14:05:14.824,1.26364,1.26387,2.82,2.29
2012.09.26 14:05:14.912,1.26367,1.26388,1.50,2.29
2012.09.26 14:05:15.278,1.26367,1.26387,1.50,1.54
2012.09.26 14:05:15.650,1.26367,1.26387,1.50,1.54
2012.09.26 14:05:15.727,1.26366,1.26386,1.50,1.73
2012.09.26 14:05:16.283,1.26367,1.26387,1.50,1.54
2012.09.26 14:05:16.375,1.26368,1.26387,1.50,1.54
2012.09.26 14:05:16.461,1.26366,1.26387,1.50,2.29
2012.09.26 14:05:16.548,1.26365,1.26385,1.50,1.73
2012.09.26 14:05:16.770,1.26364,1.2638,1.50,1.54
2012.09.26 14:05:17.059,1.26357,1.26377,2.82,1.73
2012.09.26 14:05:17.141,1.26357,1.26375,1.32,1.73
2012.09.26 14:05:17.500,1.26353,1.26372,1.50,1.73
2012.09.26 14:05:17.580,1.26351,1.26372,1.50,1.73
2012.09.26 14:05:17.731,1.2635,1.2637,2.07,1.50
2012.09.26 14:05:17.952,1.26351,1.26373,1.50,3.64
2012.09.26 14:05:18.312,1.26357,1.26376,2.07,1.50
2012.09.26 14:05:18.388,1.26357,1.26377,2.07,1.50
2012.09.26 14:05:19.841,1.26358,1.26377,2.07,1.50
2012.09.26 14:05:20.004,1.2636,1.26379,1.50,1.54
2012.09.26 14:05:20.093,1.26362,1.26379,1.50,1.54
2012.09.26 14:05:20.909,1.26365,1.26376,1.50,1.73
2012.09.26 14:05:21.013,1.26362,1.2638,1.32,1.50
2012.09.26 14:05:21.525,1.26361,1.2638,1.32,2.25
2012.09.26 14:05:22.594,1.26361,1.2638,2.67,1.50
2012.09.26 14:05:23.028,1.26361,1.2638,2.67,1.50
2012.09.26 14:05:23.250,1.26365,1.26382,1.35,1.50
2012.09.26 14:05:23.329,1.26368,1.26383,1.17,1.73
2012.09.26 14:05:23.690,1.26368,1.26383,1.92,1.50
2012.09.26 14:05:23.771,1.26368,1.26383,1.32,1.50
2012.09.26 14:05:23.852,1.26368,1.26387,1.32,1.73
2012.09.26 14:05:24.209,1.26368,1.26386,1.32,1.73
2012.09.26 14:05:26.217,1.26367,1.26387,1.13,2.29
2012.09.26 14:05:26.718,1.26369,1.26387,2.25,1.54
2012.09.26 14:05:26.798,1.26369,1.26386,1.50,1.50
2012.09.26 14:05:27.008,1.26369,1.26387,2.25,1.54
2012.09.26 14:05:27.519,1.26369,1.26388,2.25,1.54
2012.09.26 14:05:30.582,1.26368,1.26386,1.13,1.50
2012.09.26 14:05:30.937,1.26369,1.26386,1.13,1.50
2012.09.26 14:05:31.363,1.2637,1.26387,1.50,2.29
2012.09.26 14:05:31.905,1.2637,1.26387,1.50,1.54
2012.09.26 14:05:32.133,1.26371,1.26389,1.32,1.73
2012.09.26 14:05:32.502,1.26376,1.26394,1.50,1.32
2012.09.26 14:05:32.869,1.26382,1.26401,1.50,2.11
2012.09.26 14:05:33.229,1.26386,1.26404,1.50,1.58
2012.09.26 14:05:33.307,1.26385,1.26404,1.32,1.35
2012.09.26 14:05:33.533,1.26385,1.26403,1.50,1.54
2012.09.26 14:05:33.620,1.2638,1.26402,3.00,1.54
2012.09.26 14:05:33.771,1.26379,1.264,2.07,1.73
2012.09.26 14:05:34.307,1.26379,1.26401,2.07,1.73
2012.09.26 14:05:34.601,1.26386,1.26404,1.50,2.29
2012.09.26 14:05:35.503,1.26382,1.26402,1.50,1.50
2012.09.26 14:05:36.058,1.26382,1.26402,1.50,1.50
2012.09.26 14:05:36.517,1.26382,1.26403,1.50,1.73
2012.09.26 14:05:36.598,1.26382,1.26402,1.50,1.50
2012.09.26 14:05:37.159,1.26383,1.26404,1.50,2.29
2012.09.26 14:05:37.451,1.26382,1.26401,1.50,1.32
2012.09.26 14:05:37.597,1.26384,1.26402,1.50,2.29
2012.09.26 14:05:37.962,1.26387,1.26402,1.50,1.32
2012.09.26 14:05:38.529,1.26388,1.26408,2.25,1.50
2012.09.26 14:05:38.750,1.26387,1.26404,1.50,1.50
2012.09.26 14:05:39.432,1.26387,1.26404,1.50,1.50
2012.09.26 14:05:39.524,1.26387,1.26406,1.50,1.50
2012.09.26 14:05:39.680,1.26388,1.26408,1.50,1.50
2012.09.26 14:05:40.627,1.26391,1.26409,1.50,1.32
2012.09.26 14:05:40.726,1.26394,1.26413,1.50,1.50
2012.09.26 14:05:41.020,1.26394,1.26404,1.50,1.32
2012.09.26 14:05:41.104,1.26388,1.26402,1.35,2.07
2012.09.26 14:05:41.191,1.26384,1.26402,1.50,1.32
2012.09.26 14:05:41.267,1.26383,1.26402,1.50,1.32
2012.09.26 14:05:41.875,1.26382,1.26402,1.50,2.07
2012.09.26 14:05:42.430,1.26383,1.26402,2.07,1.50
2012.09.26 14:05:42.580,1.26389,1.26408,1.50,1.32
2012.09.26 14:05:42.802,1.26386,1.26406,1.50,1.50
2012.09.26 14:05:43.032,1.26386,1.26405,1.50,1.50
2012.09.26 14:05:43.398,1.26383,1.26402,1.32,1.50
2012.09.26 14:05:48.901,1.26383,1.26403,1.50,1.50
2012.09.26 14:05:49.499,1.26385,1.26404,1.50,1.32
2012.09.26 14:05:49.861,1.26385,1.26401,1.50,1.50
2012.09.26 14:05:49.938,1.26379,1.26401,2.25,1.50
2012.09.26 14:05:50.097,1.26381,1.26403,1.50,1.50
2012.09.26 14:05:50.183,1.26382,1.26403,1.50,1.50
2012.09.26 14:05:50.259,1.2638,1.26403,1.50,2.25
2012.09.26 14:05:50.339,1.26384,1.26404,1.50,1.50
2012.09.26 14:05:50.797,1.26382,1.26403,1.50,1.50
2012.09.26 14:05:54.806,1.26382,1.26401,1.50,1.32
2012.09.26 14:05:54.889,1.26379,1.26399,1.50,1.32
2012.09.26 14:05:56.802,1.2638,1.26402,1.50,3.04
2012.09.26 14:05:57.022,1.2638,1.26399,1.50,1.54
2012.09.26 14:05:57.522,1.2638,1.264,1.50,2.29
2012.09.26 14:05:57.747,1.2638,1.26399,1.50,1.50
2012.09.26 14:05:59.409,1.26379,1.26399,1.50,1.50
2012.09.26 14:05:59.511,1.26376,1.26398,1.50,2.25
2012.09.26 14:05:59.667,1.26379,1.26399,1.50,2.29
2012.09.26 14:06:00.225,1.26379,1.26399,1.50,2.07
2012.09.26 14:06:01.000,1.26381,1.26399,1.50,1.32
2012.09.26 14:06:01.366,1.26382,1.26402,2.25,1.54
2012.09.26 14:06:01.518,1.26382,1.26401,1.50,1.32
2012.09.26 14:06:01.596,1.26381,1.26401,1.50,1.32
2012.09.26 14:06:01.679,1.2638,1.26401,1.50,1.32
2012.09.26 14:06:02.250,1.26377,1.26398,1.50,1.73
2012.09.26 14:06:02.540,1.26374,1.26396,1.50,1.50
2012.09.26 14:06:02.691,1.26374,1.26395,1.50,2.29
2012.09.26 14:06:02.840,1.26373,1.26392,1.50,1.73
2012.09.26 14:06:02.938,1.26373,1.26394,1.50,2.29
2012.09.26 14:06:03.020,1.26375,1.26394,1.50,1.54
2012.09.26 14:06:03.167,1.26375,1.26394,1.50,1.54
2012.09.26 14:06:03.251,1.26374,1.26393,2.25,1.50
2012.09.26 14:06:03.828,1.26377,1.26398,1.50,1.50
2012.09.26 14:06:03.912,1.26379,1.264,1.50,1.73
2012.09.26 14:06:04.152,1.26378,1.264,1.13,1.73
2012.09.26 14:06:04.377,1.26381,1.26402,2.82,1.50
2012.09.26 14:06:04.738,1.26383,1.26404,1.50,1.32
2012.09.26 14:06:04.822,1.26388,1.26408,1.50,2.48
2012.09.26 14:06:05.190,1.2639,1.2641,1.50,1.50
2012.09.26 14:06:05.286,1.26388,1.26408,1.50,1.50
2012.09.26 14:06:05.636,1.2639,1.26411,1.50,1.50
2012.09.26 14:06:07.148,1.2639,1.26411,1.50,1.73
2012.09.26 14:06:08.717,1.2639,1.2641,1.50,1.54
2012.09.26 14:06:08.871,1.26389,1.2641,2.25,1.73
2012.09.26 14:06:09.302,1.26388,1.26407,2.07,1.50
2012.09.26 14:06:09.895,1.26388,1.26407,1.32,1.73
2012.09.26 14:06:09.981,1.26388,1.26407,1.32,1.50
2012.09.26 14:06:10.948,1.26389,1.2641,1.50,1.73
2012.09.26 14:06:12.135,1.26389,1.2641,1.50,1.73
2012.09.26 14:06:13.021,1.26387,1.26407,2.25,1.54
2012.09.26 14:06:13.239,1.26387,1.26407,1.50,1.54
2012.09.26 14:06:13.791,1.26389,1.2641,1.92,1.73
2012.09.26 14:06:14.008,1.26389,1.2641,1.92,1.50
2012.09.26 14:06:14.227,1.26389,1.26412,2.67,3.04
2012.09.26 14:06:14.454,1.26396,1.26414,1.32,1.51
2012.09.26 14:06:14.543,1.26396,1.26417,2.82,2.48
2012.09.26 14:06:14.620,1.26396,1.26416,1.32,1.73
2012.09.26 14:06:15.047,1.26396,1.26417,2.07,1.50
2012.09.26 14:06:15.731,1.26396,1.26412,1.32,1.65
2012.09.26 14:06:16.461,1.26393,1.26414,2.07,1.73
2012.09.26 14:06:16.609,1.26392,1.26411,1.32,1.73
2012.09.26 14:06:16.900,1.26392,1.26411,1.32,1.73
2012.09.26 14:06:17.328,1.26391,1.2641,1.50,1.54
2012.09.26 14:06:17.408,1.26392,1.2641,1.50,1.54
2012.09.26 14:06:17.562,1.26397,1.26416,1.50,3.04
2012.09.26 14:06:17.781,1.26399,1.26418,1.50,2.29
2012.09.26 14:06:19.320,1.26397,1.26416,1.50,2.29
2012.09.26 14:06:19.400,1.26394,1.26414,2.25,1.73
2012.09.26 14:06:19.482,1.26394,1.26413,1.50,1.73
2012.09.26 14:06:19.559,1.26393,1.26411,1.32,1.73
2012.09.26 14:06:19.710,1.26393,1.26411,1.50,1.54
2012.09.26 14:06:19.790,1.26393,1.26411,1.50,1.54
2012.09.26 14:06:19.941,1.26392,1.26409,1.32,1.50
2012.09.26 14:06:20.100,1.26389,1.26409,1.50,1.73
2012.09.26 14:06:20.825,1.26388,1.26408,1.32,1.73
2012.09.26 14:06:22.639,1.26387,1.26404,1.32,1.50
2012.09.26 14:06:22.861,1.26381,1.26401,2.25,1.73
2012.09.26 14:06:31.189,1.26383,1.26401,2.07,1.73
2012.09.26 14:06:31.338,1.26384,1.26404,1.32,1.73
2012.09.26 14:06:31.561,1.26383,1.26401,2.07,1.50
2012.09.26 14:06:32.246,1.26385,1.26404,1.32,1.73
2012.09.26 14:06:32.620,1.26385,1.26404,2.07,1.73
2012.09.26 14:06:33.312,1.26387,1.26407,1.50,2.29
2012.09.26 14:06:33.581,1.26384,1.26402,1.32,1.73
2012.09.26 14:06:34.115,1.26383,1.26402,1.50,1.73
2012.09.26 14:06:35.776,1.26381,1.26401,1.50,2.48
2012.09.26 14:06:37.553,1.26383,1.26401,1.50,1.50
2012.09.26 14:06:37.646,1.26392,1.26409,1.32,2.48
2012.09.26 14:06:37.943,1.26391,1.2641,1.50,1.73
2012.09.26 14:06:38.308,1.2639,1.26408,2.25,1.73
2012.09.26 14:06:38.532,1.26387,1.26408,1.50,2.48
2012.09.26 14:06:38.694,1.26387,1.26408,1.32,2.48
2012.09.26 14:06:38.921,1.26391,1.2641,1.32,1.50
2012.09.26 14:06:39.171,1.26391,1.2641,1.32,1.50
2012.09.26 14:06:39.252,1.26391,1.2641,1.32,1.50
2012.09.26 14:06:39.345,1.26391,1.26412,2.07,1.73
2012.09.26 14:06:40.114,1.26397,1.26414,1.92,1.50
2012.09.26 14:06:40.555,1.26398,1.26418,2.82,1.51
2012.09.26 14:06:40.725,1.26405,1.2642,1.50,2.26
2012.09.26 14:06:41.090,1.26408,1.26426,1.50,2.07
2012.09.26 14:06:41.313,1.26411,1.26431,1.50,1.88
2012.09.26 14:06:41.469,1.26411,1.26431,1.50,1.88
2012.09.26 14:06:41.623,1.26411,1.26431,1.50,1.13
2012.09.26 14:06:41.713,1.26409,1.26431,2.25,2.44
2012.09.26 14:06:42.230,1.26408,1.26431,1.32,2.82
2012.09.26 14:06:42.382,1.26406,1.26429,1.50,1.69
2012.09.26 14:06:42.752,1.26395,1.26411,1.28,1.50
2012.09.26 14:06:43.392,1.26395,1.26411,1.28,1.50
2012.09.26 14:06:43.556,1.26387,1.26411,1.50,1.73
2012.09.26 14:06:43.641,1.26386,1.26408,3.00,2.07
2012.09.26 14:06:44.559,1.26388,1.26405,1.50,1.50
2012.09.26 14:06:44.786,1.26384,1.26405,2.25,1.50
2012.09.26 14:06:44.940,1.26384,1.26408,2.25,2.29
2012.09.26 14:06:45.512,1.26389,1.26408,1.13,1.54
2012.09.26 14:06:45.659,1.26392,1.26413,1.32,1.73
2012.09.26 14:06:45.809,1.26392,1.26415,2.82,1.73
2012.09.26 14:06:46.618,1.26396,1.26415,1.32,1.50
2012.09.26 14:06:47.334,1.26397,1.26419,1.50,2.07
2012.09.26 14:06:48.073,1.26398,1.26419,1.50,2.29
2012.09.26 14:06:48.168,1.26401,1.26422,2.07,1.50
2012.09.26 14:06:48.871,1.26399,1.26418,1.32,1.50
2012.09.26 14:06:50.284,1.26396,1.26417,1.50,2.29
2012.09.26 14:06:50.374,1.26394,1.26416,2.07,1.73
2012.09.26 14:06:51.048,1.26396,1.26414,1.50,1.50
2012.09.26 14:06:51.610,1.26395,1.26414,1.50,1.65
2012.09.26 14:06:51.830,1.26391,1.26411,1.50,1.32
2012.09.26 14:06:51.909,1.26391,1.26412,2.25,2.29
2012.09.26 14:06:52.440,1.26394,1.26415,1.50,1.73
2012.09.26 14:06:52.977,1.26394,1.26415,2.07,1.50
2012.09.26 14:06:53.339,1.26391,1.26408,1.73,1.50
2012.09.26 14:06:53.489,1.26391,1.26408,1.50,1.50
2012.09.26 14:06:54.066,1.2639,1.26408,2.25,1.50
2012.09.26 14:06:55.087,1.26386,1.26404,1.50,1.32
2012.09.26 14:06:55.381,1.26383,1.26403,3.00,1.50
2012.09.26 14:06:55.682,1.26382,1.26401,1.50,1.50
2012.09.26 14:06:56.190,1.26382,1.26401,1.73,1.50
2012.09.26 14:06:56.820,1.26384,1.26402,1.50,1.50
2012.09.26 14:06:57.373,1.26384,1.26404,1.50,1.50
2012.09.26 14:06:58.074,1.26384,1.26405,1.50,1.50
2012.09.26 14:06:58.822,1.26386,1.26406,1.50,1.50
2012.09.26 14:06:59.888,1.26384,1.26405,2.25,1.50
2012.09.26 14:06:59.970,1.26384,1.26404,2.25,1.50
2012.09.26 14:07:00.595,1.26384,1.26403,1.50,1.50
2012.09.26 14:07:00.760,1.26389,1.26408,2.29,1.50
2012.09.26 14:07:00.913,1.26388,1.26408,2.07,1.50
2012.09.26 14:07:01.142,1.26389,1.2641,2.29,1.50
2012.09.26 14:07:01.231,1.26389,1.2641,2.29,2.25
2012.09.26 14:07:01.739,1.26389,1.26408,1.32,1.50
2012.09.26 14:07:02.096,1.26388,1.26408,1.32,2.25
2012.09.26 14:07:02.659,1.26385,1.26406,1.32,1.50
2012.09.26 14:07:03.054,1.26386,1.26406,1.50,1.50
2012.09.26 14:07:03.544,1.26388,1.26408,1.50,2.07
2012.09.26 14:07:03.840,1.2639,1.26408,1.50,1.32
2012.09.26 14:07:04.210,1.26384,1.26403,2.07,1.50
2012.09.26 14:07:04.873,1.26384,1.26403,1.50,1.50
2012.09.26 14:07:04.965,1.26388,1.26406,2.29,1.50
2012.09.26 14:07:05.410,1.26388,1.26406,2.29,1.50
2012.09.26 14:07:05.492,1.26391,1.2641,1.50,1.50
2012.09.26 14:07:05.718,1.2639,1.2641,2.25,1.50
2012.09.26 14:07:05.937,1.2639,1.26409,1.50,1.50
2012.09.26 14:07:06.229,1.26388,1.26404,1.32,1.50
2012.09.26 14:07:06.796,1.26389,1.26406,1.32,1.50
2012.09.26 14:07:07.572,1.26389,1.26406,1.32,2.25
2012.09.26 14:07:08.027,1.26386,1.26403,1.50,1.50
2012.09.26 14:07:08.377,1.26389,1.26406,1.32,1.50
2012.09.26 14:07:08.460,1.26389,1.26407,2.07,1.50
2012.09.26 14:07:08.979,1.26389,1.26408,2.07,1.50
2012.09.26 14:07:09.188,1.26389,1.26407,1.50,1.32
2012.09.26 14:07:09.842,1.26381,1.264,1.50,1.50
2012.09.26 14:07:09.937,1.26382,1.264,1.50,1.73
2012.09.26 14:07:10.234,1.26385,1.26405,2.25,1.32
2012.09.26 14:07:10.461,1.2639,1.26409,1.50,1.73
2012.09.26 14:07:10.612,1.26391,1.26412,1.50,1.54
2012.09.26 14:07:10.907,1.26391,1.26412,1.50,1.54
2012.09.26 14:07:11.272,1.26386,1.26402,1.32,1.50
2012.09.26 14:07:11.430,1.2638,1.26399,1.50,1.54
2012.09.26 14:07:11.506,1.26379,1.26399,2.25,1.54
2012.09.26 14:07:11.661,1.26379,1.26396,2.03,1.50
2012.09.26 14:07:12.231,1.26375,1.26392,1.50,1.50
2012.09.26 14:07:12.313,1.26374,1.26388,1.13,1.32
2012.09.26 14:07:12.541,1.26372,1.26393,1.50,1.54
2012.09.26 14:07:12.690,1.26373,1.26393,1.50,2.07
2012.09.26 14:07:13.245,1.26373,1.26393,1.50,2.07
2012.09.26 14:07:14.110,1.2637,1.26389,1.50,2.07
2012.09.26 14:07:16.959,1.26374,1.26391,1.32,1.73
2012.09.26 14:07:17.318,1.26379,1.26397,1.50,2.07
2012.09.26 14:07:17.609,1.26379,1.26396,1.50,1.58
2012.09.26 14:07:17.689,1.26377,1.26396,1.50,2.33
2012.09.26 14:07:17.767,1.26376,1.26396,1.50,3.08
2012.09.26 14:07:21.737,1.26376,1.26397,1.50,2.29
2012.09.26 14:07:26.225,1.26378,1.26397,1.50,2.29
2012.09.26 14:07:26.487,1.2638,1.26397,1.50,1.54
2012.09.26 14:07:26.849,1.26384,1.26404,1.50,2.29
2012.09.26 14:07:26.928,1.26384,1.26404,1.50,2.29
2012.09.26 14:07:30.846,1.26381,1.264,1.50,1.50
2012.09.26 14:07:31.277,1.26383,1.26401,1.50,1.50
2012.09.26 14:07:31.640,1.26388,1.26404,1.50,2.29
2012.09.26 14:07:31.722,1.26387,1.26405,1.32,1.50
2012.09.26 14:07:32.018,1.26384,1.26404,1.50,3.04
2012.09.26 14:07:32.691,1.26394,1.26408,1.50,1.17
2012.09.26 14:07:32.772,1.26389,1.26406,1.13,1.54
2012.09.26 14:07:32.851,1.26389,1.2641,2.63,2.48
2012.09.26 14:07:32.932,1.26393,1.26411,1.50,1.54
2012.09.26 14:07:33.147,1.26389,1.2641,2.63,1.73
2012.09.26 14:07:33.879,1.26389,1.2641,2.63,1.65
2012.09.26 14:07:34.112,1.26389,1.26406,2.25,2.10
2012.09.26 14:07:34.342,1.26382,1.264,2.25,1.73
2012.09.26 14:07:34.629,1.26382,1.264,1.50,1.73
2012.09.26 14:07:35.207,1.2638,1.264,1.50,1.73
2012.09.26 14:07:35.432,1.2638,1.264,3.19,1.50
2012.09.26 14:07:35.717,1.26382,1.26403,1.13,1.50
2012.09.26 14:07:35.869,1.26384,1.26404,1.50,1.32
2012.09.26 14:07:36.006,1.26382,1.26403,1.88,1.50
2012.09.26 14:07:36.537,1.26386,1.26404,1.50,1.32
2012.09.26 14:07:36.920,1.26381,1.26401,1.32,1.50
2012.09.26 14:07:37.558,1.26381,1.26401,2.07,1.51
2012.09.26 14:07:37.641,1.26384,1.26404,1.50,3.76
2012.09.26 14:07:38.439,1.26384,1.26402,1.50,1.36
2012.09.26 14:07:38.601,1.2638,1.264,1.50,2.10
2012.09.26 14:07:39.168,1.2638,1.264,1.50,1.50
2012.09.26 14:07:40.935,1.26372,1.26392,2.63,1.50
2012.09.26 14:07:41.161,1.26372,1.26389,1.13,1.50
2012.09.26 14:07:41.238,1.2637,1.26389,1.32,1.50
2012.09.26 14:07:41.387,1.2637,1.26389,1.32,1.50
2012.09.26 14:07:41.751,1.26373,1.26391,1.50,1.73
2012.09.26 14:07:42.111,1.26375,1.26394,1.50,1.51
2012.09.26 14:07:42.260,1.26375,1.26394,1.32,1.51
2012.09.26 14:07:42.624,1.2638,1.26396,1.50,1.32
2012.09.26 14:07:42.854,1.26376,1.26394,1.50,2.29
2012.09.26 14:07:42.944,1.26372,1.26392,2.10,1.73
2012.09.26 14:07:43.102,1.26372,1.26393,2.25,1.73
2012.09.26 14:07:43.457,1.26373,1.26392,1.50,1.50
2012.09.26 14:07:43.606,1.26376,1.26394,1.50,1.54
2012.09.26 14:07:44.239,1.26374,1.26392,1.50,1.32
2012.09.26 14:07:44.318,1.26371,1.26392,1.50,3.04
2012.09.26 14:07:46.261,1.26373,1.26393,1.50,1.50
2012.09.26 14:07:46.354,1.2637,1.26391,2.07,1.50
2012.09.26 14:07:47.568,1.26369,1.26391,1.32,2.25
2012.09.26 14:07:48.127,1.26371,1.26388,1.32,1.50
2012.09.26 14:07:49.122,1.26371,1.26391,1.32,2.26
2012.09.26 14:07:49.219,1.26374,1.26395,1.50,1.51
2012.09.26 14:07:49.948,1.26379,1.26395,1.32,1.51
2012.09.26 14:07:50.451,1.26378,1.26395,1.32,1.50
2012.09.26 14:07:50.529,1.26378,1.26397,2.07,1.50
2012.09.26 14:07:50.608,1.26378,1.26399,2.07,2.26
2012.09.26 14:07:51.753,1.2638,1.264,2.25,1.51
2012.09.26 14:07:52.262,1.26383,1.264,1.50,1.51
2012.09.26 14:07:52.629,1.26385,1.26405,2.07,1.73
2012.09.26 14:07:53.198,1.26383,1.26402,2.07,1.51
2012.09.26 14:07:53.552,1.26385,1.26405,2.07,2.48
2012.09.26 14:07:55.267,1.26385,1.26403,1.50,1.54
2012.09.26 14:07:55.830,1.26388,1.26408,1.50,1.73
2012.09.26 14:07:55.908,1.26388,1.26408,1.50,1.51
2012.09.26 14:07:56.062,1.2639,1.2641,1.50,2.48
2012.09.26 14:07:56.219,1.26388,1.26408,1.50,1.51
2012.09.26 14:07:56.730,1.26388,1.26408,1.50,1.51
2012.09.26 14:07:57.648,1.26387,1.26407,1.50,1.51
2012.09.26 14:07:57.729,1.26387,1.26406,1.50,1.32
2012.09.26 14:07:57.809,1.26382,1.26402,1.50,1.50
2012.09.26 14:07:59.979,1.26382,1.26401,1.50,1.32
2012.09.26 14:08:00.057,1.26382,1.26401,1.50,1.32
2012.09.26 14:08:02.079,1.26382,1.26403,2.25,1.32
2012.09.26 14:08:02.158,1.26385,1.26405,1.50,1.32
2012.09.26 14:08:04.033,1.26383,1.26403,2.07,1.50
2012.09.26 14:08:05.811,1.26385,1.26403,1.50,1.50
2012.09.26 14:08:06.041,1.26387,1.26406,1.50,1.73
2012.09.26 14:08:06.122,1.26387,1.26408,1.50,1.51
2012.09.26 14:08:06.213,1.26389,1.26409,1.50,2.29
2012.09.26 14:08:06.859,1.26392,1.26409,1.50,1.32
2012.09.26 14:08:07.291,1.26392,1.26412,2.07,1.73
2012.09.26 14:08:07.442,1.26394,1.26413,1.32,1.51
2012.09.26 14:08:07.739,1.26392,1.26411,2.07,1.50
2012.09.26 14:08:08.029,1.26392,1.26411,1.50,1.50
2012.09.26 14:08:09.163,1.26391,1.2641,1.50,1.50
2012.09.26 14:08:09.251,1.26387,1.26406,1.50,1.73
2012.09.26 14:08:09.468,1.26385,1.26406,1.50,1.73
2012.09.26 14:08:09.628,1.26388,1.26407,1.50,1.73
2012.09.26 14:08:10.069,1.26385,1.26406,2.07,1.50
2012.09.26 14:08:10.591,1.26385,1.26405,1.50,2.25
2012.09.26 14:08:10.671,1.26383,1.264,1.50,1.32
2012.09.26 14:08:12.226,1.2638,1.264,1.50,1.32
2012.09.26 14:08:12.382,1.26378,1.26398,3.00,1.32
2012.09.26 14:08:12.476,1.26378,1.26396,3.00,1.50
2012.09.26 14:08:12.560,1.2638,1.26398,1.50,1.32
2012.09.26 14:08:12.642,1.26381,1.26399,1.50,1.54
2012.09.26 14:08:13.459,1.26384,1.264,1.32,1.50
2012.09.26 14:08:13.623,1.26384,1.26403,2.07,1.50
2012.09.26 14:08:13.714,1.26384,1.26405,2.07,2.25
2012.09.26 14:08:13.804,1.26388,1.26408,1.50,1.73
2012.09.26 14:08:14.174,1.26394,1.2641,1.32,2.25
2012.09.26 14:08:14.329,1.26393,1.26409,2.82,1.50
2012.09.26 14:08:14.551,1.26393,1.26412,2.07,1.88
2012.09.26 14:08:14.646,1.26395,1.26414,1.50,1.13
2012.09.26 14:08:14.802,1.26395,1.26415,1.50,2.48
2012.09.26 14:08:15.879,1.26392,1.26413,1.50,1.50
2012.09.26 14:08:16.448,1.26392,1.26411,1.50,1.32
2012.09.26 14:08:16.536,1.26388,1.26409,1.50,3.04
2012.09.26 14:08:16.621,1.26387,1.26404,1.50,1.50
2012.09.26 14:08:17.503,1.26384,1.26404,2.07,1.50
2012.09.26 14:08:24.021,1.26388,1.26405,1.50,1.54
2012.09.26 14:08:24.100,1.26388,1.26405,1.50,1.32
2012.09.26 14:08:24.388,1.26388,1.2641,2.25,1.73
2012.09.26 14:08:24.612,1.26391,1.26411,1.32,1.73
2012.09.26 14:08:25.122,1.26392,1.26411,1.50,1.51
2012.09.26 14:08:25.687,1.26392,1.26415,2.07,2.48
2012.09.26 14:08:27.700,1.2639,1.2641,1.32,1.51
2012.09.26 14:08:28.128,1.26393,1.26411,1.50,1.51
2012.09.26 14:08:28.350,1.26398,1.26419,2.07,1.50
2012.09.26 14:08:29.149,1.26396,1.26415,1.50,1.32
2012.09.26 14:08:29.244,1.2639,1.2641,1.50,1.50
2012.09.26 14:08:30.097,1.2639,1.26409,1.50,1.54
2012.09.26 14:08:32.379,1.26391,1.26409,1.50,1.32
2012.09.26 14:08:32.949,1.26388,1.26408,1.50,1.50
2012.09.26 14:08:33.379,1.26385,1.26407,1.50,1.50
2012.09.26 14:08:33.460,1.26385,1.26405,1.50,1.50
2012.09.26 14:08:34.832,1.2639,1.2641,1.73,1.50
2012.09.26 14:08:35.150,1.26393,1.26412,1.50,2.07
2012.09.26 14:08:35.438,1.26395,1.26415,1.50,1.50
2012.09.26 14:08:36.199,1.26396,1.26415,1.50,1.50
2012.09.26 14:08:36.353,1.26399,1.26419,1.50,1.54
2012.09.26 14:08:36.440,1.264,1.2642,1.50,2.07
2012.09.26 14:08:36.803,1.26398,1.26419,1.50,1.50
2012.09.26 14:08:37.891,1.26397,1.26416,2.07,1.50
2012.09.26 14:08:38.040,1.26397,1.26414,1.32,1.50
2012.09.26 14:08:38.268,1.26395,1.26412,1.13,1.50
2012.09.26 14:08:39.001,1.26398,1.26415,1.50,1.32
2012.09.26 14:08:39.361,1.26401,1.2642,1.50,1.50
2012.09.26 14:08:39.446,1.26404,1.26424,1.50,1.54
2012.09.26 14:08:39.531,1.264,1.26421,1.50,1.73
2012.09.26 14:08:39.750,1.26397,1.26417,1.50,1.73
2012.09.26 14:08:39.971,1.26398,1.26418,1.32,1.73
2012.09.26 14:08:40.063,1.26398,1.2642,1.32,2.48
2012.09.26 14:08:40.141,1.264,1.2642,1.50,1.73
2012.09.26 14:08:40.882,1.26398,1.2642,2.07,2.48
2012.09.26 14:08:40.959,1.26399,1.2642,1.50,1.73
2012.09.26 14:08:41.036,1.26399,1.2642,1.50,1.73
2012.09.26 14:08:41.482,1.26399,1.26415,1.50,1.32
2012.09.26 14:08:41.644,1.26393,1.26414,2.25,1.32
2012.09.26 14:08:42.148,1.26391,1.26413,2.25,1.73
2012.09.26 14:08:42.298,1.26391,1.26413,1.50,1.73
2012.09.26 14:08:45.879,1.26392,1.26413,1.50,2.29
2012.09.26 14:08:46.376,1.26393,1.26413,1.50,2.07
2012.09.26 14:08:46.667,1.26392,1.26409,1.50,2.07
2012.09.26 14:08:47.197,1.26389,1.26409,1.50,2.07
2012.09.26 14:08:47.549,1.26387,1.26408,2.25,2.25
2012.09.26 14:08:47.999,1.26393,1.26408,1.32,1.73
2012.09.26 14:08:48.077,1.26393,1.26408,1.32,1.50
2012.09.26 14:08:48.228,1.26398,1.26417,1.50,1.50
2012.09.26 14:08:49.254,1.26391,1.2641,1.50,1.32
2012.09.26 14:08:49.618,1.26394,1.2641,1.50,1.54
2012.09.26 14:08:50.288,1.26391,1.2641,1.50,2.29
2012.09.26 14:08:51.151,1.26394,1.26414,1.50,1.54
2012.09.26 14:08:51.652,1.26392,1.26411,1.50,1.54
2012.09.26 14:08:51.731,1.26392,1.26412,1.50,1.32
2012.09.26 14:08:51.811,1.26394,1.26413,1.50,1.54
2012.09.26 14:08:52.808,1.26392,1.26411,1.50,1.50
2012.09.26 14:08:52.889,1.2639,1.26411,3.00,1.50
2012.09.26 14:08:53.251,1.26393,1.26412,1.35,1.32
2012.09.26 14:08:54.837,1.26395,1.26415,2.07,1.73
2012.09.26 14:08:55.062,1.26387,1.26406,2.63,1.50
2012.09.26 14:08:55.220,1.26387,1.26406,1.13,1.73
2012.09.26 14:08:55.652,1.2639,1.26405,1.32,1.50
2012.09.26 14:08:55.734,1.2639,1.26409,1.32,1.50
2012.09.26 14:08:56.104,1.264,1.2641,1.32,1.50
2012.09.26 14:08:56.265,1.264,1.26414,2.07,1.50
2012.09.26 14:08:56.423,1.264,1.26414,1.32,1.50
2012.09.26 14:08:56.650,1.264,1.26419,1.50,1.54
2012.09.26 14:08:56.870,1.264,1.26419,1.50,1.54
2012.09.26 14:08:57.374,1.26397,1.26417,2.25,1.32
2012.09.26 14:08:57.461,1.26397,1.26417,2.25,1.73
2012.09.26 14:08:58.389,1.26402,1.26422,1.50,1.73
2012.09.26 14:08:58.483,1.26403,1.26423,1.50,1.32
2012.09.26 14:08:58.561,1.26403,1.26423,1.50,1.32
2012.09.26 14:08:59.130,1.26401,1.26422,1.50,1.73
2012.09.26 14:08:59.278,1.26401,1.26421,1.50,1.73
2012.09.26 14:08:59.428,1.26403,1.26422,1.50,1.50
2012.09.26 14:08:59.789,1.2641,1.26428,1.50,1.51
2012.09.26 14:08:59.870,1.26409,1.26429,2.07,2.26
2012.09.26 14:09:00.087,1.26405,1.26428,2.25,2.29
2012.09.26 14:09:00.307,1.26407,1.26426,1.50,1.50
2012.09.26 14:09:00.812,1.26404,1.26424,1.50,1.50
2012.09.26 14:09:01.366,1.26404,1.26424,1.50,1.50
2012.09.26 14:09:02.153,1.26403,1.26421,2.07,1.50
2012.09.26 14:09:02.240,1.26403,1.26421,1.32,1.50
2012.09.26 14:09:02.915,1.26397,1.26419,1.50,1.73
2012.09.26 14:09:02.999,1.26396,1.26416,1.50,1.50
2012.09.26 14:09:03.296,1.26394,1.26413,1.50,1.73
2012.09.26 14:09:03.837,1.26394,1.26413,1.50,1.73
2012.09.26 14:09:04.530,1.26398,1.26413,1.13,1.73
2012.09.26 14:09:04.763,1.26404,1.2642,1.50,1.50
2012.09.26 14:09:04.918,1.26407,1.26422,1.50,1.50
2012.09.26 14:09:05.299,1.26411,1.2643,1.50,1.51
2012.09.26 14:09:05.869,1.2641,1.26429,2.07,1.65
2012.09.26 14:09:05.955,1.26407,1.26427,1.32,1.50
2012.09.26 14:09:06.462,1.2641,1.26428,1.50,1.65
2012.09.26 14:09:07.196,1.2641,1.26428,1.50,1.50
2012.09.26 14:09:07.283,1.26411,1.26428,1.32,1.50
2012.09.26 14:09:07.645,1.26412,1.26432,1.32,1.50
2012.09.26 14:09:08.150,1.26411,1.2643,1.32,1.73
2012.09.26 14:09:08.511,1.26416,1.26428,1.32,1.50
2012.09.26 14:09:08.591,1.26416,1.26431,1.32,1.50
2012.09.26 14:09:08.743,1.26411,1.26431,1.50,1.50
2012.09.26 14:09:09.493,1.2641,1.2643,1.88,2.33
2012.09.26 14:09:09.583,1.2641,1.26429,1.88,1.32
2012.09.26 14:09:09.676,1.2641,1.26422,1.13,1.35
2012.09.26 14:09:10.044,1.26399,1.26416,1.50,1.54
2012.09.26 14:09:10.135,1.26394,1.26413,3.00,1.50
2012.09.26 14:09:10.511,1.26394,1.26413,2.63,1.50
2012.09.26 14:09:11.979,1.26394,1.26411,1.50,1.32
2012.09.26 14:09:12.128,1.26394,1.26416,2.07,1.73
2012.09.26 14:09:12.493,1.26394,1.26414,1.32,1.73
2012.09.26 14:09:12.582,1.26395,1.26416,1.50,2.26
2012.09.26 14:09:12.659,1.26395,1.26414,1.50,1.51
2012.09.26 14:09:12.879,1.26395,1.26414,1.50,1.51
2012.09.26 14:09:13.382,1.26395,1.26413,1.50,1.50
2012.09.26 14:09:14.348,1.264,1.2641,1.32,1.50
2012.09.26 14:09:14.446,1.26397,1.26414,1.73,1.50
2012.09.26 14:09:14.598,1.26394,1.26414,1.32,1.50
2012.09.26 14:09:14.890,1.26398,1.26417,1.50,1.88
2012.09.26 14:09:16.252,1.264,1.26418,1.50,1.50
2012.09.26 14:09:16.508,1.26402,1.26421,1.50,1.50
2012.09.26 14:09:16.660,1.26401,1.26421,1.50,1.50
2012.09.26 14:09:16.813,1.26399,1.26419,1.32,2.25
2012.09.26 14:09:17.052,1.264,1.2642,2.10,1.50
2012.09.26 14:09:17.216,1.26403,1.26423,1.50,1.65
2012.09.26 14:09:17.443,1.26401,1.26419,2.07,1.35
2012.09.26 14:09:17.537,1.26396,1.26414,1.65,1.32
2012.09.26 14:09:17.627,1.26394,1.26412,1.28,1.32
2012.09.26 14:09:17.782,1.26393,1.26411,2.55,1.50
2012.09.26 14:09:17.870,1.26393,1.26411,1.50,1.50
2012.09.26 14:09:18.487,1.26391,1.26409,1.50,1.50
2012.09.26 14:09:18.839,1.26393,1.26412,2.25,1.32
2012.09.26 14:09:19.220,1.26397,1.26415,1.50,1.54
2012.09.26 14:09:19.441,1.26396,1.26414,1.32,1.51
2012.09.26 14:09:19.522,1.26394,1.26414,1.50,2.07
2012.09.26 14:09:20.183,1.26395,1.26414,1.50,1.54
2012.09.26 14:09:20.280,1.26394,1.26413,1.50,1.50
2012.09.26 14:09:20.499,1.26394,1.2641,1.50,1.32
2012.09.26 14:09:20.588,1.26391,1.26408,1.50,1.32
2012.09.26 14:09:21.307,1.26391,1.26409,1.32,1.73
2012.09.26 14:09:21.390,1.26391,1.2641,1.32,1.73
2012.09.26 14:09:21.467,1.2639,1.26409,2.07,2.25
2012.09.26 14:09:21.761,1.26392,1.2641,2.07,1.50
2012.09.26 14:09:21.980,1.26395,1.26412,1.35,1.50
2012.09.26 14:09:22.131,1.26399,1.26417,1.32,1.51
2012.09.26 14:09:22.647,1.26394,1.26414,2.25,1.51
2012.09.26 14:09:23.339,1.26394,1.26414,1.32,1.51
2012.09.26 14:09:23.600,1.26393,1.26411,3.00,1.50
2012.09.26 14:09:24.421,1.26393,1.26409,3.00,1.50
2012.09.26 14:09:25.738,1.26392,1.26409,2.07,1.50
2012.09.26 14:09:27.241,1.26391,1.26407,2.07,1.50
2012.09.26 14:09:27.322,1.26391,1.26407,1.50,1.50
2012.09.26 14:09:28.306,1.26388,1.26406,1.50,2.25
2012.09.26 14:09:29.112,1.2639,1.26403,1.50,1.50
2012.09.26 14:09:29.413,1.26384,1.26399,1.50,2.48
2012.09.26 14:09:29.778,1.26379,1.26394,1.58,1.50
2012.09.26 14:09:29.861,1.26382,1.264,1.50,1.69
2012.09.26 14:09:30.633,1.26377,1.26398,1.50,1.32
2012.09.26 14:09:30.780,1.26375,1.26398,2.82,2.07
2012.09.26 14:09:31.148,1.26376,1.26396,1.32,1.50
2012.09.26 14:09:31.515,1.26373,1.26392,2.07,1.50
2012.09.26 14:09:31.673,1.26377,1.26399,2.82,1.51
2012.09.26 14:09:32.099,1.26381,1.264,2.07,1.51
2012.09.26 14:09:32.252,1.26381,1.26403,2.82,2.55
2012.09.26 14:09:33.984,1.26384,1.26403,1.50,1.05
2012.09.26 14:09:34.484,1.26386,1.26405,1.32,1.06
2012.09.26 14:09:35.309,1.26386,1.26405,1.32,1.05
2012.09.26 14:09:35.407,1.26391,1.26405,1.50,1.06
2012.09.26 14:09:35.640,1.26388,1.26405,1.32,1.06
2012.09.26 14:09:35.722,1.26389,1.26405,1.32,1.06
2012.09.26 14:09:36.026,1.26391,1.26405,2.25,1.06
2012.09.26 14:09:36.529,1.26391,1.26405,2.25,1.06
2012.09.26 14:09:36.968,1.26387,1.26403,1.32,1.80
2012.09.26 14:09:37.050,1.26387,1.26403,1.32,1.80
2012.09.26 14:09:37.270,1.26387,1.26403,1.32,1.80
2012.09.26 14:09:37.630,1.26391,1.26405,1.32,1.05
2012.09.26 14:09:37.987,1.26388,1.26403,1.50,1.05
2012.09.26 14:09:38.979,1.2639,1.26403,1.50,1.05
2012.09.26 14:09:39.510,1.2639,1.26405,1.50,1.05
2012.09.26 14:09:40.186,1.26388,1.26404,1.32,1.05
2012.09.26 14:09:40.283,1.26386,1.26403,1.32,1.05
2012.09.26 14:09:40.650,1.2638,1.26401,1.50,2.29
2012.09.26 14:09:40.801,1.26378,1.26397,2.07,1.50
2012.09.26 14:09:40.948,1.26377,1.26397,1.32,2.25
2012.09.26 14:09:41.450,1.26376,1.26394,2.25,1.32
2012.09.26 14:09:41.981,1.26377,1.26394,1.50,1.32
2012.09.26 14:09:42.060,1.26379,1.26397,1.50,1.32
2012.09.26 14:09:42.143,1.26379,1.26399,1.50,1.50
2012.09.26 14:09:43.919,1.26384,1.26403,1.32,1.06
2012.09.26 14:09:44.284,1.26388,1.26404,1.50,1.05
2012.09.26 14:09:44.441,1.26385,1.26403,2.07,1.05
2012.09.26 14:09:45.112,1.26385,1.26403,1.32,1.05
2012.09.26 14:09:45.568,1.26385,1.26404,1.50,1.05
2012.09.26 14:09:45.793,1.2638,1.26398,1.35,1.32
2012.09.26 14:09:46.091,1.2638,1.26396,1.13,1.35
2012.09.26 14:09:46.402,1.26372,1.26389,1.50,2.07
2012.09.26 14:09:46.633,1.26369,1.26389,2.25,1.32
2012.09.26 14:09:47.006,1.26369,1.26388,1.50,1.54
2012.09.26 14:09:47.306,1.26363,1.26378,1.50,1.32
2012.09.26 14:09:47.395,1.26364,1.26382,1.50,1.50
2012.09.26 14:09:47.622,1.26363,1.26383,1.32,1.50
2012.09.26 14:09:47.700,1.26363,1.26382,1.32,1.73
2012.09.26 14:09:47.782,1.26362,1.26382,2.82,1.50
2012.09.26 14:09:47.930,1.26366,1.26386,1.50,1.32
2012.09.26 14:09:48.289,1.26364,1.26383,1.50,1.50
2012.09.26 14:09:49.055,1.26368,1.26387,1.32,1.50
2012.09.26 14:09:49.347,1.26369,1.2639,1.32,2.26
2012.09.26 14:09:49.429,1.26369,1.2639,2.07,1.51
2012.09.26 14:09:50.410,1.2637,1.26389,1.50,1.32
2012.09.26 14:09:50.921,1.2637,1.2639,1.50,1.51
2012.09.26 14:09:51.468,1.2637,1.2639,1.50,1.51
2012.09.26 14:09:51.993,1.2637,1.2639,1.50,1.50
2012.09.26 14:09:52.507,1.26373,1.26392,1.50,1.73
2012.09.26 14:09:52.659,1.26374,1.26394,1.50,1.51
2012.09.26 14:09:53.536,1.26374,1.26394,1.50,1.51
2012.09.26 14:09:55.720,1.26374,1.26393,1.32,1.50
2012.09.26 14:09:56.080,1.26368,1.26388,1.32,1.50
2012.09.26 14:09:56.649,1.26369,1.26391,1.50,1.50
2012.09.26 14:09:57.362,1.26372,1.26392,2.25,1.50
2012.09.26 14:09:57.445,1.26375,1.26395,1.32,1.50
2012.09.26 14:09:57.605,1.26377,1.26395,1.32,1.50
2012.09.26 14:09:57.826,1.26377,1.26397,1.32,1.50
2012.09.26 14:09:58.309,1.26377,1.26396,1.32,1.50
2012.09.26 14:09:58.598,1.26374,1.26393,1.54,1.50
2012.09.26 14:09:58.958,1.26377,1.26396,1.32,1.50
2012.09.26 14:09:59.692,1.26374,1.26395,2.29,1.50
2012.09.26 14:09:59.767,1.26374,1.26393,1.54,1.50
2012.09.26 14:10:00.774,1.26374,1.26392,2.29,1.50
2012.09.26 14:10:00.877,1.26379,1.26398,1.73,1.32
2012.09.26 14:10:01.241,1.26377,1.26397,1.73,1.32
2012.09.26 14:10:01.318,1.26377,1.26397,1.50,2.07
2012.09.26 14:10:01.679,1.26374,1.26394,1.32,1.50
2012.09.26 14:10:01.970,1.26375,1.26397,2.25,2.07
2012.09.26 14:10:02.048,1.26377,1.26397,1.50,1.32
2012.09.26 14:10:02.130,1.26375,1.26396,1.50,1.50
2012.09.26 14:10:02.421,1.26375,1.26396,1.50,1.50
2012.09.26 14:10:02.782,1.26377,1.26396,1.73,1.50
2012.09.26 14:10:02.930,1.26373,1.26391,2.29,1.50
2012.09.26 14:10:03.291,1.26374,1.26394,1.32,1.50
2012.09.26 14:10:04.061,1.26375,1.26395,1.50,2.07
2012.09.26 14:10:04.420,1.26375,1.26395,1.50,1.50
2012.09.26 14:10:04.506,1.26376,1.26395,1.50,1.50
2012.09.26 14:10:05.261,1.26374,1.26394,1.50,1.50
2012.09.26 14:10:05.580,1.2636,1.26379,1.54,1.50
2012.09.26 14:10:06.270,1.26366,1.26386,1.50,1.50
2012.09.26 14:10:06.841,1.26366,1.26388,2.25,2.25
2012.09.26 14:10:07.407,1.2637,1.2639,1.50,1.32
2012.09.26 14:10:07.628,1.2637,1.26389,1.50,1.32
2012.09.26 14:10:07.779,1.26367,1.26387,1.73,1.50
2012.09.26 14:10:10.985,1.26363,1.26383,3.23,1.50
2012.09.26 14:10:11.089,1.26368,1.26386,1.50,1.50
2012.09.26 14:10:11.255,1.26371,1.2639,1.50,1.73
2012.09.26 14:10:11.552,1.26371,1.26391,2.25,1.32
2012.09.26 14:10:12.592,1.26374,1.26395,1.50,1.50
2012.09.26 14:10:13.910,1.26374,1.26394,1.50,1.50
2012.09.26 14:10:14.271,1.26372,1.26392,1.50,2.07
2012.09.26 14:10:14.493,1.26375,1.26392,1.50,1.32
2012.09.26 14:10:15.432,1.26372,1.26391,1.50,1.50
2012.09.26 14:10:15.527,1.26369,1.26389,1.50,1.50
2012.09.26 14:10:15.913,1.26369,1.26389,1.50,1.13
2012.09.26 14:10:16.224,1.26357,1.26371,2.10,1.58
2012.09.26 14:10:16.525,1.26347,1.26361,1.32,1.50
2012.09.26 14:10:16.609,1.26347,1.26361,1.32,1.50
2012.09.26 14:10:16.689,1.26351,1.26364,1.50,1.13
2012.09.26 14:10:16.773,1.26348,1.26364,1.50,1.13
2012.09.26 14:10:16.931,1.26347,1.26364,2.07,1.13
2012.09.26 14:10:17.152,1.26343,1.26363,2.25,1.50
2012.09.26 14:10:17.302,1.26343,1.2636,2.63,1.50
2012.09.26 14:10:17.379,1.26344,1.26365,1.13,2.25
2012.09.26 14:10:17.599,1.26344,1.26365,1.50,1.50
2012.09.26 14:10:17.751,1.26343,1.26365,1.50,1.50
2012.09.26 14:10:18.255,1.26348,1.26363,2.48,1.50
2012.09.26 14:10:18.427,1.26352,1.26368,1.54,1.50
2012.09.26 14:10:19.277,1.26346,1.26362,1.50,1.32
2012.09.26 14:10:19.501,1.26342,1.26362,1.50,2.07
2012.09.26 14:10:19.659,1.26345,1.26362,1.50,1.50
2012.09.26 14:10:19.741,1.26343,1.26362,2.25,1.50
2012.09.26 14:10:20.310,1.26345,1.26365,1.50,1.50
2012.09.26 14:10:20.671,1.2635,1.26367,1.32,1.50
2012.09.26 14:10:20.891,1.26352,1.26373,2.25,1.13
2012.09.26 14:10:20.985,1.26352,1.26372,2.25,1.13
2012.09.26 14:10:22.000,1.2635,1.26367,1.50,1.35
2012.09.26 14:10:22.290,1.26344,1.26363,1.13,1.32
2012.09.26 14:10:22.722,1.26344,1.26365,1.32,1.50
2012.09.26 14:10:23.502,1.26343,1.26365,2.25,2.29
2012.09.26 14:10:23.589,1.26343,1.26362,1.50,2.07
2012.09.26 14:10:24.022,1.26343,1.2636,1.32,1.50
2012.09.26 14:10:24.101,1.26343,1.2636,2.07,1.50
2012.09.26 14:10:24.669,1.26345,1.26362,1.32,1.50
2012.09.26 14:10:24.959,1.26343,1.26362,3.57,1.50
2012.09.26 14:10:25.182,1.26345,1.26362,1.32,1.50
2012.09.26 14:10:25.263,1.2635,1.26367,1.50,2.25
2012.09.26 14:10:25.352,1.2635,1.2637,2.07,1.50
2012.09.26 14:10:25.569,1.26351,1.2637,1.32,1.50
2012.09.26 14:10:25.792,1.26355,1.26373,1.50,1.50
2012.09.26 14:10:26.360,1.26357,1.26374,1.32,1.50
2012.09.26 14:10:26.649,1.26358,1.26378,1.50,1.50
2012.09.26 14:10:29.819,1.26357,1.26376,1.50,1.50
2012.09.26 14:10:29.900,1.26355,1.26375,1.50,1.50
2012.09.26 14:10:30.048,1.26354,1.26374,2.07,1.50
2012.09.26 14:10:30.133,1.2635,1.2637,1.50,2.29
2012.09.26 14:10:30.491,1.26347,1.26368,2.07,1.50
2012.09.26 14:10:30.829,1.26347,1.26363,1.32,1.50
2012.09.26 14:10:32.229,1.26347,1.26366,1.50,1.50
2012.09.26 14:10:32.308,1.26347,1.26367,1.50,1.32
2012.09.26 14:10:34.110,1.26349,1.26367,1.50,1.32
2012.09.26 14:10:34.351,1.26346,1.26365,1.32,2.25
2012.09.26 14:10:34.717,1.26347,1.26365,1.32,1.50
2012.09.26 14:10:35.571,1.26347,1.26365,1.32,1.50
2012.09.26 14:10:35.654,1.26347,1.26367,2.07,1.50
2012.09.26 14:10:35.743,1.26351,1.2637,1.50,1.69
2012.09.26 14:10:36.322,1.26347,1.26366,1.50,1.92
2012.09.26 14:10:36.882,1.26345,1.26364,1.50,1.32
2012.09.26 14:10:37.393,1.26345,1.26364,1.50,1.54
2012.09.26 14:10:38.012,1.26344,1.26362,1.50,1.50
2012.09.26 14:10:40.262,1.26344,1.2636,1.32,1.50
2012.09.26 14:10:40.342,1.26338,1.26359,3.75,2.07
2012.09.26 14:10:40.707,1.26337,1.26358,1.50,2.48
2012.09.26 14:10:40.789,1.26336,1.26356,2.07,1.50
2012.09.26 14:10:40.949,1.26337,1.26358,1.50,1.73
2012.09.26 14:10:41.312,1.26343,1.26363,2.25,1.69
2012.09.26 14:10:41.978,1.26343,1.26364,2.82,1.73
2012.09.26 14:10:42.745,1.26348,1.26366,1.50,1.32
2012.09.26 14:10:43.131,1.26348,1.26368,2.25,1.32
2012.09.26 14:10:43.656,1.26348,1.2637,2.25,2.25
2012.09.26 14:10:44.159,1.2635,1.2637,1.50,1.50
2012.09.26 14:10:45.350,1.2635,1.26372,1.50,3.00
2012.09.26 14:10:45.432,1.26349,1.26367,2.07,1.50
2012.09.26 14:10:45.937,1.26346,1.26365,1.50,1.50
2012.09.26 14:10:46.232,1.26344,1.26365,2.25,1.50
2012.09.26 14:10:46.309,1.26344,1.26365,3.23,1.50
2012.09.26 14:10:47.651,1.26344,1.26365,2.25,1.50
2012.09.26 14:10:48.084,1.26347,1.26365,1.32,1.50
2012.09.26 14:10:48.172,1.26349,1.26368,1.50,1.50
2012.09.26 14:10:48.332,1.26349,1.26368,1.50,1.50
2012.09.26 14:10:48.424,1.26353,1.26372,1.50,2.07
2012.09.26 14:10:48.514,1.26355,1.26374,1.32,1.50
2012.09.26 14:10:49.020,1.26355,1.26372,1.50,1.73
2012.09.26 14:10:49.103,1.26352,1.26372,1.50,2.48
2012.09.26 14:10:49.532,1.26351,1.2637,1.32,1.50
2012.09.26 14:10:49.697,1.26351,1.26371,2.07,1.50
2012.09.26 14:10:49.990,1.26354,1.26374,1.50,1.32
2012.09.26 14:10:50.208,1.26353,1.26373,1.50,1.50
2012.09.26 14:10:50.795,1.26353,1.26373,2.07,1.50
2012.09.26 14:10:51.547,1.26353,1.26375,2.48,2.82
2012.09.26 14:10:51.648,1.26353,1.2637,1.50,1.50
2012.09.26 14:10:51.728,1.2635,1.2637,1.32,1.50
2012.09.26 14:10:51.814,1.26349,1.26368,1.50,1.32
2012.09.26 14:10:51.973,1.26345,1.26366,2.82,1.50
2012.09.26 14:10:52.681,1.26347,1.26366,1.50,1.50
2012.09.26 14:10:53.289,1.26347,1.26366,2.07,1.50
2012.09.26 14:10:53.858,1.26347,1.26366,2.07,1.50
2012.09.26 14:10:54.481,1.26349,1.26368,1.50,1.50
2012.09.26 14:10:59.093,1.26351,1.2637,1.50,2.07
2012.09.26 14:10:59.180,1.26351,1.2637,2.25,1.32
2012.09.26 14:11:02.408,1.26348,1.2637,1.50,1.50
2012.09.26 14:11:02.560,1.26348,1.26368,1.50,1.50
2012.09.26 14:11:06.101,1.26348,1.26368,1.50,1.50
2012.09.26 14:11:08.588,1.26345,1.26364,2.48,1.50
2012.09.26 14:11:08.728,1.26345,1.26364,1.73,2.63
2012.09.26 14:11:08.812,1.26339,1.26359,1.73,1.50
2012.09.26 14:11:08.888,1.26339,1.26359,2.48,1.50
2012.09.26 14:11:11.380,1.26339,1.26359,1.73,1.50
2012.09.26 14:11:12.101,1.26339,1.26359,1.73,1.50
2012.09.26 14:11:12.721,1.26342,1.26359,1.50,1.50
2012.09.26 14:11:13.146,1.26342,1.26359,1.50,1.32
2012.09.26 14:11:13.372,1.26339,1.26357,1.50,2.07
2012.09.26 14:11:13.591,1.26337,1.26352,1.50,1.32
2012.09.26 14:11:13.687,1.26335,1.26354,1.50,3.00
2012.09.26 14:11:14.047,1.26333,1.26353,1.50,1.50
2012.09.26 14:11:14.764,1.26331,1.2635,2.07,1.50
2012.09.26 14:11:14.992,1.26333,1.26353,1.54,1.50
2012.09.26 14:11:15.211,1.26334,1.26351,1.54,1.50
2012.09.26 14:11:15.362,1.26334,1.26351,1.32,1.50
2012.09.26 14:11:15.870,1.26335,1.26353,1.54,1.50
2012.09.26 14:11:16.738,1.26332,1.26352,1.50,2.07
2012.09.26 14:11:16.826,1.26329,1.26352,2.82,2.07
2012.09.26 14:11:16.908,1.26329,1.26349,2.07,1.50
2012.09.26 14:11:17.810,1.26326,1.26346,2.25,1.50
2012.09.26 14:11:18.309,1.26325,1.26346,2.82,1.50
2012.09.26 14:11:18.459,1.26327,1.26348,1.50,1.32
2012.09.26 14:11:22.348,1.26327,1.26344,1.32,1.50
2012.09.26 14:11:23.280,1.26323,1.26342,1.50,1.50
2012.09.26 14:11:24.308,1.26324,1.26345,1.50,1.50
2012.09.26 14:11:24.658,1.26324,1.26345,1.50,1.50
2012.09.26 14:11:24.878,1.26331,1.26351,1.50,1.69
2012.09.26 14:11:25.174,1.26331,1.26351,1.50,1.32
2012.09.26 14:11:25.264,1.26335,1.26355,1.32,2.48
2012.09.26 14:11:25.768,1.26334,1.26355,2.07,1.50
2012.09.26 14:11:25.863,1.26335,1.26355,1.32,1.50
2012.09.26 14:11:26.032,1.26337,1.26358,1.50,2.07
2012.09.26 14:11:29.948,1.26335,1.26349,1.50,1.50
2012.09.26 14:11:30.098,1.26331,1.26346,1.50,1.50
2012.09.26 14:11:30.184,1.26331,1.26351,2.25,2.44
2012.09.26 14:11:30.413,1.26335,1.26351,1.50,1.92
2012.09.26 14:11:30.851,1.26341,1.26361,1.50,1.50
2012.09.26 14:11:31.661,1.26341,1.26362,1.50,2.07
2012.09.26 14:11:32.369,1.26344,1.26363,1.50,1.32
2012.09.26 14:11:32.728,1.26341,1.26361,1.50,1.73
2012.09.26 14:11:33.088,1.26338,1.26358,2.25,3.42
2012.09.26 14:11:34.261,1.26338,1.26356,1.50,1.32
2012.09.26 14:11:34.628,1.2634,1.26358,1.50,1.92
2012.09.26 14:11:35.362,1.26342,1.26362,2.25,1.32
2012.09.26 14:11:36.723,1.26344,1.26365,2.07,1.73
2012.09.26 14:11:37.086,1.26349,1.26368,1.50,1.50
2012.09.26 14:11:37.557,1.26345,1.26365,1.50,1.50
2012.09.26 14:11:39.199,1.26344,1.26362,1.32,1.50
2012.09.26 14:11:42.718,1.26342,1.2636,1.50,2.25
2012.09.26 14:11:42.800,1.26337,1.26355,2.25,2.07
2012.09.26 14:11:42.881,1.26337,1.26355,1.50,2.07
2012.09.26 14:11:42.957,1.26337,1.26355,1.50,2.07
2012.09.26 14:11:43.037,1.26337,1.26356,2.25,1.54
2012.09.26 14:11:43.256,1.2634,1.26361,2.25,1.50
2012.09.26 14:11:44.218,1.2634,1.2636,1.50,1.50
2012.09.26 14:11:44.583,1.26337,1.26354,1.32,1.50
2012.09.26 14:11:45.090,1.26332,1.26351,3.00,1.32
2012.09.26 14:11:45.392,1.26332,1.26351,1.50,2.07
2012.09.26 14:11:46.005,1.26333,1.26351,1.50,1.32
2012.09.26 14:11:46.719,1.26332,1.26354,2.25,1.32
2012.09.26 14:11:48.059,1.26337,1.26359,1.32,1.73
2012.09.26 14:11:48.426,1.26339,1.26362,1.73,1.32
2012.09.26 14:11:48.582,1.26341,1.26364,1.73,1.32
2012.09.26 14:11:49.958,1.26344,1.26364,1.50,1.32
2012.09.26 14:11:51.161,1.26344,1.26364,1.50,1.69
2012.09.26 14:11:51.589,1.26342,1.26361,1.50,1.32
2012.09.26 14:11:52.695,1.26343,1.26363,1.50,2.07
2012.09.26 14:11:52.852,1.26344,1.26366,1.50,2.82
2012.09.26 14:11:53.595,1.26344,1.26365,1.50,1.13
2012.09.26 14:11:54.098,1.26343,1.26364,2.07,2.25
2012.09.26 14:11:57.650,1.26343,1.26363,1.50,2.07
2012.09.26 14:11:57.871,1.2634,1.2636,1.50,1.50
2012.09.26 14:11:58.794,1.26339,1.2636,2.25,1.50
2012.09.26 14:12:00.177,1.2634,1.2636,1.50,1.50
2012.09.26 14:12:00.718,1.2634,1.2636,1.50,1.50
2012.09.26 14:12:01.660,1.2634,1.2636,1.50,1.50
2012.09.26 14:12:02.024,1.26339,1.26358,1.50,1.88
2012.09.26 14:12:02.254,1.26332,1.26353,2.25,2.82
2012.09.26 14:12:02.487,1.26334,1.26353,1.50,2.07
2012.09.26 14:12:02.708,1.26332,1.26352,1.50,1.50
2012.09.26 14:12:03.250,1.26332,1.26353,2.25,2.44
2012.09.26 14:12:03.540,1.26334,1.26353,1.50,2.07
2012.09.26 14:12:03.900,1.26341,1.2636,1.32,2.25
2012.09.26 14:12:04.569,1.26345,1.26364,1.50,1.50
2012.09.26 14:12:04.735,1.26342,1.26362,1.32,1.50
2012.09.26 14:12:06.513,1.26341,1.26361,1.50,1.50
2012.09.26 14:12:06.670,1.26339,1.2636,2.07,2.25
2012.09.26 14:12:07.104,1.26337,1.26357,1.50,2.07
2012.09.26 14:12:07.609,1.26339,1.26357,1.50,1.32
2012.09.26 14:12:07.690,1.26339,1.26357,1.50,2.07
2012.09.26 14:12:07.839,1.26339,1.26357,1.50,1.32
2012.09.26 14:12:07.990,1.2634,1.26358,1.50,1.32
2012.09.26 14:12:08.071,1.26337,1.26357,1.50,1.32
2012.09.26 14:12:08.233,1.26335,1.26355,1.50,1.50
2012.09.26 14:12:08.395,1.26333,1.26351,1.32,1.50
2012.09.26 14:12:08.810,1.26333,1.26355,2.82,1.50
2012.09.26 14:12:09.607,1.26333,1.26351,1.50,1.32
2012.09.26 14:12:10.710,1.26334,1.26354,2.07,1.50
2012.09.26 14:12:10.859,1.26336,1.26355,1.50,1.50
2012.09.26 14:12:11.290,1.26334,1.26356,2.07,1.50
2012.09.26 14:12:11.369,1.26334,1.26353,1.32,1.50
2012.09.26 14:12:11.658,1.26334,1.26354,1.32,1.50
2012.09.26 14:12:12.180,1.26335,1.26356,1.50,1.50
2012.09.26 14:12:14.654,1.26339,1.26358,1.50,1.32
2012.09.26 14:12:14.809,1.26336,1.26357,1.50,2.07
2012.09.26 14:12:21.122,1.26334,1.26355,1.50,1.50
2012.09.26 14:12:21.661,1.26334,1.26355,1.50,1.50
2012.09.26 14:12:22.868,1.26334,1.26355,1.50,1.50
2012.09.26 14:12:23.158,1.26332,1.26353,2.25,1.50
2012.09.26 14:12:24.842,1.26336,1.26356,1.50,2.07
2012.09.26 14:12:25.201,1.26334,1.26353,1.50,1.50
2012.09.26 14:12:25.622,1.26336,1.26357,1.50,2.25
2012.09.26 14:12:25.978,1.26336,1.26356,1.73,1.50
2012.09.26 14:12:26.495,1.26332,1.26352,1.32,2.25
2012.09.26 14:12:26.585,1.26329,1.2635,2.22,1.50
2012.09.26 14:12:27.089,1.26329,1.2635,2.07,1.50
2012.09.26 14:12:27.242,1.26329,1.26352,2.82,1.50
2012.09.26 14:12:28.085,1.26331,1.26351,1.32,1.50
2012.09.26 14:12:28.240,1.26331,1.26351,1.32,2.10
2012.09.26 14:12:28.392,1.26331,1.2635,1.32,1.50
2012.09.26 14:12:28.541,1.26326,1.26345,3.23,1.32
2012.09.26 14:12:29.057,1.26326,1.26345,1.50,1.32
2012.09.26 14:12:32.732,1.26325,1.26343,1.50,1.32
2012.09.26 14:12:32.962,1.26322,1.26341,1.50,1.50
2012.09.26 14:12:33.192,1.26324,1.26343,1.50,1.32
2012.09.26 14:12:33.707,1.26325,1.26344,1.50,1.32
2012.09.26 14:12:34.702,1.26325,1.26345,1.50,2.07
2012.09.26 14:12:35.701,1.26323,1.26342,1.50,1.50
2012.09.26 14:12:36.134,1.26325,1.26344,1.50,2.07
2012.09.26 14:12:36.729,1.26325,1.26344,1.50,1.32
2012.09.26 14:12:37.968,1.26324,1.26344,1.50,1.50
2012.09.26 14:12:38.122,1.26323,1.26342,1.50,1.50
2012.09.26 14:12:38.481,1.26325,1.26346,1.50,3.19
2012.09.26 14:12:38.842,1.26323,1.26342,1.73,1.50
2012.09.26 14:12:38.919,1.26323,1.26342,1.50,1.50
2012.09.26 14:12:39.639,1.26323,1.26342,1.50,1.50
2012.09.26 14:12:40.789,1.26326,1.26343,1.50,1.32
2012.09.26 14:12:40.875,1.26325,1.26344,1.50,1.50
2012.09.26 14:12:42.893,1.26326,1.26347,1.50,1.32
2012.09.26 14:12:43.220,1.26325,1.26345,1.50,2.07
2012.09.26 14:12:43.511,1.26326,1.26346,2.25,1.32
2012.09.26 14:12:43.663,1.2633,1.26348,1.50,1.32
2012.09.26 14:12:44.773,1.26329,1.26349,1.50,1.50
2012.09.26 14:12:47.089,1.26329,1.26345,1.50,1.32
2012.09.26 14:12:47.243,1.26326,1.26345,1.50,1.32
2012.09.26 14:12:47.390,1.26322,1.26341,1.32,1.50
2012.09.26 14:12:48.049,1.26322,1.2634,1.32,1.50
2012.09.26 14:12:49.090,1.26321,1.2634,1.50,1.50
2012.09.26 14:12:50.091,1.26321,1.2634,1.50,2.07
2012.09.26 14:12:53.038,1.26323,1.26343,1.50,1.50
2012.09.26 14:12:53.189,1.26324,1.26343,1.50,1.50
2012.09.26 14:12:53.609,1.26322,1.26341,1.73,1.50
2012.09.26 14:12:53.694,1.26322,1.26338,1.50,1.50
2012.09.26 14:12:54.064,1.2632,1.26335,1.50,1.32
2012.09.26 14:12:54.156,1.2632,1.26336,1.50,1.32
2012.09.26 14:12:54.243,1.2632,1.2633,1.50,1.50
2012.09.26 14:12:54.406,1.26318,1.26332,1.50,1.32
2012.09.26 14:12:54.565,1.26317,1.26335,1.50,1.73
2012.09.26 14:12:54.722,1.2632,1.26337,1.50,1.50
2012.09.26 14:12:55.779,1.26321,1.26338,1.50,1.50
2012.09.26 14:12:56.733,1.2632,1.26338,1.50,1.50
2012.09.26 14:12:56.822,1.26322,1.26342,1.50,1.32
2012.09.26 14:12:56.898,1.26322,1.26343,2.25,2.07
2012.09.26 14:12:57.420,1.26322,1.26343,3.04,1.50
2012.09.26 14:13:02.828,1.26323,1.26343,1.54,1.50
2012.09.26 14:13:03.769,1.26325,1.26344,1.73,1.50
2012.09.26 14:13:04.271,1.26329,1.26349,1.50,2.07
2012.09.26 14:13:04.358,1.2633,1.26349,1.50,1.32
2012.09.26 14:13:06.507,1.26331,1.2635,1.32,1.50
2012.09.26 14:13:06.663,1.26332,1.26353,2.29,1.50
2012.09.26 14:13:06.752,1.26332,1.26355,3.04,2.82
2012.09.26 14:13:06.832,1.26333,1.26353,1.73,1.50
2012.09.26 14:13:07.190,1.26332,1.26352,2.82,1.35
2012.09.26 14:13:07.600,1.26328,1.26347,1.32,1.88
2012.09.26 14:13:07.822,1.26333,1.26353,1.50,1.73
2012.09.26 14:13:08.516,1.26333,1.26353,1.50,1.50
2012.09.26 14:13:12.129,1.26333,1.26353,1.50,1.50
2012.09.26 14:13:12.653,1.26333,1.2635,1.50,1.32
2012.09.26 14:13:12.884,1.26328,1.26349,1.50,1.50
2012.09.26 14:13:14.331,1.26332,1.26352,1.73,1.50
2012.09.26 14:13:15.345,1.26332,1.26355,2.48,3.00
2012.09.26 14:13:15.449,1.26327,1.26349,2.48,1.50
2012.09.26 14:13:18.925,1.26327,1.26348,2.48,1.32
2012.09.26 14:13:19.292,1.26332,1.26352,2.07,1.50
2012.09.26 14:13:19.647,1.26332,1.26352,2.07,1.50
2012.09.26 14:13:20.880,1.26332,1.26352,2.07,1.50
2012.09.26 14:13:21.493,1.26332,1.26352,2.07,1.50
2012.09.26 14:13:21.642,1.26337,1.26355,1.50,2.07
2012.09.26 14:13:22.591,1.2634,1.26358,1.50,1.32
2012.09.26 14:13:23.701,1.2634,1.26358,1.50,1.32
2012.09.26 14:13:25.469,1.26341,1.2636,1.50,1.50
2012.09.26 14:13:25.549,1.26343,1.26363,1.50,1.50
2012.09.26 14:13:25.699,1.26341,1.26359,1.50,1.13
2012.09.26 14:13:26.220,1.26341,1.26358,1.50,1.32
2012.09.26 14:13:26.597,1.26341,1.26357,1.50,1.32
2012.09.26 14:13:34.537,1.26341,1.26361,1.50,1.50
2012.09.26 14:13:35.495,1.26341,1.26356,1.50,1.32
2012.09.26 14:13:35.580,1.26339,1.26356,1.50,1.32
2012.09.26 14:13:39.760,1.26339,1.26356,1.50,2.29
2012.09.26 14:13:39.907,1.26335,1.26354,1.50,1.50
2012.09.26 14:13:40.477,1.26337,1.26354,1.50,1.50
2012.09.26 14:13:40.558,1.26338,1.26357,1.50,1.32
2012.09.26 14:13:41.577,1.26338,1.26357,1.50,1.32
2012.09.26 14:13:43.007,1.26335,1.26355,1.50,1.50
2012.09.26 14:13:45.955,1.26334,1.26353,1.88,1.50
2012.09.26 14:13:46.470,1.26332,1.26351,1.92,1.50
2012.09.26 14:13:46.851,1.26334,1.26353,1.13,2.25
2012.09.26 14:13:48.380,1.26334,1.26353,1.54,2.25
2012.09.26 14:13:48.669,1.26333,1.26353,1.92,2.25
2012.09.26 14:13:49.470,1.26334,1.26353,1.92,1.50
2012.09.26 14:13:50.930,1.26334,1.26354,1.92,2.25
2012.09.26 14:13:51.010,1.26336,1.26354,1.13,1.50
2012.09.26 14:13:51.230,1.26338,1.26359,1.88,2.82
2012.09.26 14:13:51.800,1.26336,1.26356,1.88,1.50
2012.09.26 14:13:52.163,1.26336,1.26354,1.13,1.50
2012.09.26 14:13:52.242,1.26333,1.2635,1.92,1.50
2012.09.26 14:13:52.320,1.26333,1.2635,1.92,1.50
2012.09.26 14:13:52.471,1.26334,1.2635,1.17,1.50
2012.09.26 14:13:52.620,1.26334,1.26352,1.92,1.50
2012.09.26 14:13:54.237,1.26334,1.2635,1.17,1.50
2012.09.26 14:13:55.362,1.26331,1.26349,1.73,1.50
2012.09.26 14:13:55.739,1.2633,1.26348,1.50,2.25
2012.09.26 14:13:56.033,1.26331,1.2635,1.50,1.50
2012.09.26 14:13:56.274,1.26331,1.2635,1.13,1.50
2012.09.26 14:13:56.711,1.26329,1.26348,2.10,1.50
2012.09.26 14:13:57.073,1.26325,1.26343,1.17,1.50
2012.09.26 14:13:57.439,1.26325,1.26345,1.92,1.50
2012.09.26 14:13:59.016,1.26329,1.26348,1.92,1.50
2012.09.26 14:13:59.109,1.26334,1.26352,1.13,1.50
2012.09.26 14:14:01.423,1.26331,1.26348,1.73,1.32
2012.09.26 14:14:02.489,1.26329,1.26348,1.13,1.32
2012.09.26 14:14:02.708,1.26326,1.26346,2.85,1.50
2012.09.26 14:14:02.795,1.26328,1.2635,1.50,2.07
2012.09.26 14:14:03.209,1.26329,1.2635,1.50,2.07
2012.09.26 14:14:04.578,1.26331,1.26351,1.32,1.50
2012.09.26 14:14:04.675,1.26323,1.26342,1.50,2.07
2012.09.26 14:14:04.832,1.26327,1.26342,1.50,1.50
2012.09.26 14:14:05.272,1.26331,1.26346,1.32,1.50
2012.09.26 14:14:05.570,1.26331,1.26349,1.54,1.50
2012.09.26 14:14:06.185,1.26331,1.2635,1.32,1.50
2012.09.26 14:14:06.800,1.26328,1.26345,1.17,1.50
2012.09.26 14:14:06.880,1.26329,1.26348,1.32,1.50
2012.09.26 14:14:06.963,1.26329,1.26348,1.32,1.50
2012.09.26 14:14:07.322,1.26333,1.26354,1.73,3.57
2012.09.26 14:14:11.069,1.26333,1.26354,1.50,1.50
2012.09.26 14:14:12.632,1.26335,1.26354,1.69,1.50
2012.09.26 14:14:12.782,1.26338,1.26357,1.69,1.51
2012.09.26 14:14:13.298,1.26338,1.26357,1.92,1.50
2012.09.26 14:14:15.398,1.26338,1.26358,2.29,1.50
2012.09.26 14:14:15.619,1.26336,1.26357,1.54,2.25
2012.09.26 14:14:18.658,1.26336,1.26356,1.92,1.50
2012.09.26 14:14:20.038,1.26335,1.26353,1.17,1.50
2012.09.26 14:14:20.399,1.26336,1.26353,1.17,1.50
2012.09.26 14:14:20.618,1.26334,1.26353,1.32,1.50
2012.09.26 14:14:20.838,1.26336,1.26358,1.32,1.50
2012.09.26 14:14:21.272,1.26334,1.26354,1.50,1.50
2012.09.26 14:14:22.031,1.26335,1.26356,2.25,1.32
2012.09.26 14:14:22.261,1.26335,1.26356,1.50,1.73
2012.09.26 14:14:22.344,1.26335,1.26355,1.50,1.50
2012.09.26 14:14:22.432,1.26333,1.26353,2.10,1.50
2012.09.26 14:14:24.709,1.26333,1.26353,1.88,1.50
2012.09.26 14:14:25.229,1.26333,1.26351,1.35,1.50
2012.09.26 14:14:25.307,1.26331,1.26351,1.73,1.50
2012.09.26 14:14:26.353,1.26331,1.26351,1.50,1.50
2012.09.26 14:14:31.841,1.26331,1.26351,1.50,1.50
2012.09.26 14:14:32.769,1.26331,1.26351,1.50,1.50
2012.09.26 14:14:35.426,1.26331,1.26351,1.50,1.50
2012.09.26 14:14:37.317,1.26331,1.26351,1.50,1.50
2012.09.26 14:14:38.969,1.26334,1.26355,2.07,3.00
2012.09.26 14:14:39.316,1.26336,1.26355,1.35,3.00
2012.09.26 14:14:46.102,1.26338,1.26355,1.54,2.25
2012.09.26 14:14:46.416,1.26333,1.2635,1.73,2.07
2012.09.26 14:14:46.571,1.26333,1.2635,1.50,2.07
2012.09.26 14:14:46.718,1.2633,1.26349,2.25,2.07
2012.09.26 14:14:47.329,1.2633,1.26349,1.50,2.07
2012.09.26 14:14:48.135,1.26332,1.26349,1.32,1.50
2012.09.26 14:14:48.225,1.26337,1.26352,1.50,1.50
2012.09.26 14:14:48.312,1.26338,1.26357,1.50,2.10
2012.09.26 14:14:48.464,1.26337,1.26356,1.50,1.50
2012.09.26 14:14:48.620,1.26336,1.26356,1.73,1.50
2012.09.26 14:14:49.419,1.26336,1.26356,1.50,2.07
2012.09.26 14:14:58.143,1.26333,1.26354,1.50,1.32
2012.09.26 14:14:58.234,1.26332,1.26353,1.50,1.50
2012.09.26 14:14:58.600,1.26327,1.26343,1.50,1.54
2012.09.26 14:14:58.683,1.26325,1.26343,1.50,1.54
2012.09.26 14:14:58.773,1.26325,1.26344,1.50,2.48
2012.09.26 14:14:58.862,1.26322,1.26343,1.50,1.50
2012.09.26 14:14:59.015,1.26321,1.26338,1.50,1.50
2012.09.26 14:14:59.171,1.26319,1.26337,1.88,1.50
2012.09.26 14:15:00.211,1.26319,1.26336,1.50,1.54
2012.09.26 14:15:00.930,1.26319,1.26334,1.50,1.50
2012.09.26 14:15:01.700,1.26319,1.26334,1.50,1.50
2012.09.26 14:15:03.086,1.26321,1.26336,1.50,2.29
2012.09.26 14:15:03.601,1.2632,1.26333,1.50,1.32
2012.09.26 14:15:04.347,1.2632,1.26334,1.50,1.50
2012.09.26 14:15:05.499,1.2632,1.26334,1.50,1.50
2012.09.26 14:15:06.696,1.26318,1.26336,1.50,1.50
2012.09.26 14:15:07.079,1.2632,1.26334,1.50,1.50
2012.09.26 14:15:07.708,1.26318,1.26334,1.50,3.00
2012.09.26 14:15:08.763,1.26319,1.26334,1.50,1.50
2012.09.26 14:15:12.486,1.26319,1.26334,1.50,1.50
2012.09.26 14:15:13.130,1.26319,1.26334,1.50,1.50
2012.09.26 14:15:13.210,1.26319,1.26335,1.50,1.73
2012.09.26 14:15:17.493,1.26319,1.26334,1.50,1.50
2012.09.26 14:15:19.220,1.26317,1.26334,1.50,1.50
2012.09.26 14:15:23.105,1.26321,1.26336,1.50,1.54
2012.09.26 14:15:23.475,1.26323,1.2634,1.50,1.50
2012.09.26 14:15:23.564,1.26323,1.26343,1.50,1.50
2012.09.26 14:15:23.891,1.26323,1.26343,1.50,1.50
2012.09.26 14:15:24.743,1.26323,1.2634,1.50,1.50
2012.09.26 14:15:25.273,1.26325,1.26344,1.32,1.50
2012.09.26 14:15:25.420,1.26325,1.26344,1.69,1.50
2012.09.26 14:15:25.501,1.26328,1.26347,1.13,1.50
2012.09.26 14:15:25.723,1.26329,1.26348,1.13,1.50
2012.09.26 14:15:25.801,1.26328,1.26348,1.13,1.50
2012.09.26 14:15:27.891,1.26325,1.26348,1.50,2.25
2012.09.26 14:15:28.042,1.26324,1.26345,2.44,1.50
2012.09.26 14:15:33.881,1.26324,1.26343,1.50,1.50
2012.09.26 14:15:34.382,1.26322,1.26341,1.50,1.50
2012.09.26 14:15:34.810,1.26324,1.26342,1.50,1.50
2012.09.26 14:15:35.377,1.26323,1.26344,1.50,1.50
2012.09.26 14:15:35.729,1.26322,1.26341,1.50,1.50
2012.09.26 14:15:35.953,1.26321,1.2634,2.63,1.50
2012.09.26 14:15:36.099,1.2632,1.26338,2.25,1.32
2012.09.26 14:15:36.319,1.26322,1.26343,1.50,1.50
2012.09.26 14:15:36.412,1.26323,1.26344,1.50,2.07
2012.09.26 14:15:37.596,1.26323,1.26344,2.25,2.07
2012.09.26 14:15:38.089,1.26323,1.26344,1.50,2.07
2012.09.26 14:15:40.515,1.26323,1.26342,1.50,1.50
2012.09.26 14:15:41.054,1.26322,1.2634,1.50,1.50
2012.09.26 14:15:43.551,1.26321,1.2634,2.07,1.50
2012.09.26 14:15:43.912,1.2632,1.26337,2.25,1.54
2012.09.26 14:15:44.213,1.26319,1.26335,2.25,1.54
2012.09.26 14:15:44.302,1.26319,1.26336,2.25,1.54
2012.09.26 14:15:45.114,1.26314,1.26335,3.00,2.07
2012.09.26 14:15:49.998,1.26314,1.26335,1.32,1.50
2012.09.26 14:15:50.297,1.26314,1.26335,2.07,1.73
2012.09.26 14:15:52.238,1.26312,1.26333,1.50,1.50
2012.09.26 14:15:56.079,1.26312,1.2633,1.50,1.50
2012.09.26 14:15:56.161,1.26311,1.26327,2.82,1.50
2012.09.26 14:15:58.198,1.26312,1.26331,1.50,1.50
2012.09.26 14:15:58.291,1.26311,1.26331,2.82,1.50
2012.09.26 14:15:58.609,1.26312,1.26333,1.50,1.50
2012.09.26 14:15:58.689,1.26312,1.26333,1.50,1.50
2012.09.26 14:16:01.899,1.26314,1.26335,1.50,2.07
2012.09.26 14:16:02.930,1.26314,1.26333,1.32,1.50
2012.09.26 14:16:03.240,1.26314,1.26335,2.07,1.50
2012.09.26 14:16:03.708,1.26316,1.26336,1.50,1.50
2012.09.26 14:16:04.418,1.26316,1.26336,1.50,1.50
2012.09.26 14:16:05.816,1.26315,1.26335,1.88,1.50
2012.09.26 14:16:06.124,1.2632,1.26338,1.13,1.50
2012.09.26 14:16:06.351,1.26321,1.26338,1.32,1.73
2012.09.26 14:16:06.708,1.26321,1.2634,1.32,1.50
2012.09.26 14:16:06.860,1.26323,1.26343,1.50,1.50
2012.09.26 14:16:07.842,1.26321,1.2634,2.07,1.50
2012.09.26 14:16:07.921,1.26322,1.26343,1.50,2.25
2012.09.26 14:16:09.140,1.26324,1.26343,2.07,1.50
2012.09.26 14:16:09.293,1.26326,1.26345,1.69,2.25
2012.09.26 14:16:09.373,1.26329,1.26345,1.13,2.25
2012.09.26 14:16:09.464,1.26326,1.26345,1.32,2.25
2012.09.26 14:16:09.546,1.26325,1.26345,1.50,1.50
2012.09.26 14:16:09.842,1.26325,1.26349,2.25,2.25
2012.09.26 14:16:10.275,1.26327,1.26349,1.50,1.50
2012.09.26 14:16:12.944,1.26332,1.26352,1.32,1.50
2012.09.26 14:16:13.359,1.26332,1.26352,1.32,1.50
2012.09.26 14:16:13.719,1.26326,1.26346,2.25,1.50
2012.09.26 14:16:16.176,1.26327,1.2635,3.00,1.50
2012.09.26 14:16:18.358,1.26327,1.26347,3.00,1.32
2012.09.26 14:16:18.512,1.26327,1.26346,1.50,2.07
2012.09.26 14:16:19.869,1.26325,1.26344,1.50,1.50
2012.09.26 14:16:19.951,1.26323,1.26341,1.50,1.50
2012.09.26 14:16:20.516,1.26323,1.26342,2.25,1.50
2012.09.26 14:16:21.118,1.26323,1.26342,2.25,1.50
2012.09.26 14:16:22.636,1.26319,1.26336,1.32,1.50
2012.09.26 14:16:22.726,1.26317,1.26337,2.82,1.50
2012.09.26 14:16:23.696,1.26317,1.26337,1.50,1.50
2012.09.26 14:16:25.012,1.2632,1.26336,1.50,1.32
2012.09.26 14:16:25.622,1.2632,1.26339,1.50,2.29
2012.09.26 14:16:25.714,1.2632,1.26339,1.50,1.50
2012.09.26 14:16:37.598,1.26324,1.26343,1.50,1.73
2012.09.26 14:16:38.067,1.26319,1.26341,1.50,1.73
2012.09.26 14:16:38.722,1.26324,1.26344,1.50,1.73
2012.09.26 14:16:39.078,1.26328,1.26348,1.50,1.73
2012.09.26 14:16:39.234,1.26329,1.26349,1.50,1.73
2012.09.26 14:16:40.035,1.26331,1.26353,1.50,2.25
2012.09.26 14:16:44.608,1.2633,1.26354,2.25,2.25
2012.09.26 14:16:44.830,1.26333,1.26353,1.50,1.50
2012.09.26 14:16:45.047,1.2633,1.2635,1.50,1.54
2012.09.26 14:16:47.470,1.26327,1.26348,1.50,1.32
2012.09.26 14:16:47.549,1.26326,1.26348,1.50,1.32
2012.09.26 14:16:48.137,1.26326,1.26348,1.50,2.07
2012.09.26 14:16:48.361,1.2633,1.26351,1.50,1.73
2012.09.26 14:16:48.513,1.26331,1.26353,1.50,1.73
2012.09.26 14:16:48.591,1.26335,1.26356,1.50,2.48
2012.09.26 14:16:49.693,1.26337,1.26356,1.50,1.73
2012.09.26 14:16:50.061,1.26338,1.26358,1.17,1.50
2012.09.26 14:16:50.280,1.26337,1.26356,1.73,1.50
2012.09.26 14:16:50.828,1.26338,1.26356,1.50,1.50
2012.09.26 14:16:50.910,1.26335,1.26355,2.07,1.50
2012.09.26 14:16:51.139,1.26337,1.26357,1.50,1.50
2012.09.26 14:16:51.365,1.2634,1.26361,2.25,1.73
2012.09.26 14:16:51.667,1.26344,1.26364,1.50,2.25
2012.09.26 14:16:53.762,1.26346,1.26365,1.50,1.32
2012.09.26 14:16:54.328,1.26346,1.26365,1.50,1.54
2012.09.26 14:16:55.229,1.26348,1.26367,1.50,1.54
2012.09.26 14:16:55.378,1.26348,1.26369,1.50,2.82
2012.09.26 14:16:55.603,1.26348,1.26367,1.50,1.50
2012.09.26 14:16:56.137,1.26346,1.26364,1.69,1.50
2012.09.26 14:16:56.641,1.26348,1.26369,1.50,2.07
2012.09.26 14:16:56.988,1.26346,1.26365,1.88,1.32
2012.09.26 14:16:57.292,1.26344,1.26365,1.50,2.82
2012.09.26 14:16:57.651,1.26348,1.26367,1.50,2.07
2012.09.26 14:16:58.051,1.26346,1.26365,1.50,1.32
2012.09.26 14:16:58.146,1.26345,1.26365,1.50,1.32
2012.09.26 14:16:58.513,1.26349,1.26367,1.50,1.32
2012.09.26 14:16:58.664,1.26351,1.2637,1.50,1.54
2012.09.26 14:16:59.173,1.26354,1.26374,2.25,2.25
2012.09.26 14:17:00.549,1.26357,1.26372,1.50,1.32
2012.09.26 14:17:00.701,1.2635,1.2637,1.50,1.50
2012.09.26 14:17:00.783,1.26349,1.2637,1.32,2.48
2012.09.26 14:17:00.940,1.2635,1.2637,1.50,2.25
2012.09.26 14:17:01.091,1.26349,1.2637,1.32,2.25
2012.09.26 14:17:01.873,1.26352,1.26371,1.50,1.50
2012.09.26 14:17:02.592,1.2635,1.2637,1.50,1.50
2012.09.26 14:17:03.156,1.2635,1.2637,1.50,1.50
2012.09.26 14:17:05.198,1.26346,1.26365,1.50,1.50
2012.09.26 14:17:05.282,1.26345,1.26363,1.50,1.50
2012.09.26 14:17:05.435,1.2634,1.26361,2.25,1.50
2012.09.26 14:17:05.525,1.2634,1.26359,1.50,1.50
2012.09.26 14:17:06.309,1.26336,1.26357,1.50,2.25
2012.09.26 14:17:07.552,1.26338,1.26359,1.50,1.73
2012.09.26 14:17:11.075,1.26338,1.2635,1.50,1.32
2012.09.26 14:17:11.308,1.26329,1.26349,3.00,1.50
2012.09.26 14:17:11.521,1.26334,1.2635,1.50,1.32
2012.09.26 14:17:12.090,1.26334,1.26353,1.50,2.07
2012.09.26 14:17:12.172,1.26329,1.2635,1.50,2.07
2012.09.26 14:17:12.249,1.26333,1.2635,1.50,1.32
2012.09.26 14:17:12.331,1.26335,1.26354,1.32,1.73
2012.09.26 14:17:12.481,1.26335,1.26349,1.32,1.50
2012.09.26 14:17:12.982,1.26335,1.26354,1.32,1.50
2012.09.26 14:17:13.280,1.26332,1.26353,2.25,1.32
2012.09.26 14:17:13.358,1.26332,1.26352,2.25,1.50
2012.09.26 14:17:13.879,1.26333,1.26353,1.50,1.32
2012.09.26 14:17:13.958,1.26334,1.26353,1.50,1.32
2012.09.26 14:17:15.567,1.26334,1.26353,1.50,2.07
2012.09.26 14:17:15.651,1.26331,1.2635,1.50,1.50
2012.09.26 14:17:15.729,1.2633,1.2635,1.50,1.50
2012.09.26 14:17:16.708,1.2633,1.2635,1.50,3.00
2012.09.26 14:17:16.805,1.26327,1.26345,1.50,1.32
2012.09.26 14:17:19.908,1.26329,1.26347,1.50,1.50
2012.09.26 14:17:19.988,1.26332,1.26353,2.25,2.48
2012.09.26 14:17:20.139,1.26332,1.26353,2.25,1.50
2012.09.26 14:17:20.517,1.26332,1.26353,2.25,1.50
2012.09.26 14:17:20.884,1.26335,1.26355,1.50,3.64
2012.09.26 14:17:21.113,1.26331,1.26349,1.32,1.50
2012.09.26 14:17:21.191,1.2633,1.26349,1.32,1.50
2012.09.26 14:17:21.479,1.26334,1.26354,2.07,1.51
2012.09.26 14:17:21.980,1.26333,1.26352,1.92,1.50
2012.09.26 14:17:22.483,1.26333,1.26351,1.13,1.50
2012.09.26 14:17:23.219,1.2634,1.26358,2.25,1.73
2012.09.26 14:17:23.314,1.26336,1.26357,1.50,1.50
2012.09.26 14:17:24.483,1.26334,1.26356,2.25,1.50
2012.09.26 14:17:24.574,1.26334,1.26355,1.50,1.50
2012.09.26 14:17:26.647,1.26333,1.26353,1.32,2.25
2012.09.26 14:17:27.119,1.26332,1.26351,1.32,1.50
2012.09.26 14:17:27.792,1.2633,1.26351,1.50,1.50
2012.09.26 14:17:28.493,1.2633,1.26349,1.50,1.50
2012.09.26 14:17:29.315,1.26328,1.26347,1.50,2.07
2012.09.26 14:17:29.478,1.26324,1.26347,2.82,2.07
2012.09.26 14:17:29.559,1.26323,1.26342,1.50,1.32
2012.09.26 14:17:29.921,1.26328,1.26347,1.35,2.82
2012.09.26 14:17:30.140,1.26326,1.26347,1.50,3.57
2012.09.26 14:17:30.583,1.26323,1.26344,2.07,1.50
2012.09.26 14:17:30.883,1.26323,1.2634,1.73,1.32
2012.09.26 14:17:31.172,1.26325,1.26346,2.25,1.73
2012.09.26 14:17:31.263,1.26325,1.26346,2.25,1.73
2012.09.26 14:17:32.081,1.26327,1.26346,1.50,1.50
2012.09.26 14:17:32.304,1.26332,1.2635,1.32,1.50
2012.09.26 14:17:32.972,1.26332,1.26349,1.32,1.13
2012.09.26 14:17:34.024,1.26329,1.2635,2.07,1.50
2012.09.26 14:17:38.657,1.2633,1.26351,1.50,1.50
2012.09.26 14:17:39.247,1.2633,1.26348,1.50,1.50
2012.09.26 14:17:39.330,1.26332,1.2635,1.50,1.50
2012.09.26 14:17:39.407,1.26332,1.26353,1.50,1.50
2012.09.26 14:17:42.489,1.26333,1.26355,2.25,1.50
2012.09.26 14:17:44.878,1.26331,1.26351,1.32,1.50
2012.09.26 14:17:46.888,1.26334,1.26354,1.50,1.50
2012.09.26 14:17:47.181,1.26336,1.26356,1.50,1.32
2012.09.26 14:17:49.195,1.2634,1.2636,1.50,1.32
2012.09.26 14:17:49.498,1.26339,1.26356,1.50,1.50
2012.09.26 14:17:49.584,1.26335,1.26354,1.50,1.32
2012.09.26 14:17:49.673,1.26334,1.26354,1.50,1.32
2012.09.26 14:17:50.801,1.26335,1.26355,1.50,1.50
2012.09.26 14:17:53.816,1.26335,1.26356,1.50,2.07
2012.09.26 14:17:54.538,1.26336,1.26356,1.50,1.32
2012.09.26 14:17:55.195,1.26335,1.26356,1.50,2.07
2012.09.26 14:17:56.692,1.26336,1.26356,1.50,1.50
2012.09.26 14:17:56.983,1.26334,1.26352,1.13,1.50
2012.09.26 14:17:57.073,1.26333,1.26352,1.32,2.25
2012.09.26 14:17:57.618,1.26333,1.26354,2.07,1.50
2012.09.26 14:17:59.430,1.26334,1.26356,2.07,2.25
2012.09.26 14:18:00.071,1.26334,1.26355,3.04,1.50
2012.09.26 14:18:01.343,1.26331,1.26351,3.08,1.50
2012.09.26 14:18:01.435,1.26331,1.26349,1.50,1.50
2012.09.26 14:18:07.056,1.26332,1.26352,1.50,2.07
2012.09.26 14:18:07.400,1.26335,1.26352,1.50,1.32
2012.09.26 14:18:08.450,1.26337,1.26355,1.50,1.32
2012.09.26 14:18:08.750,1.26338,1.26358,1.50,2.85
2012.09.26 14:18:08.833,1.26341,1.2636,1.50,1.73
2012.09.26 14:18:09.229,1.26339,1.26358,1.50,1.50
2012.09.26 14:18:12.897,1.26339,1.26358,1.50,4.17
2012.09.26 14:18:13.166,1.26337,1.26356,1.50,1.50
2012.09.26 14:18:13.671,1.26335,1.26352,1.32,1.50
2012.09.26 14:18:14.030,1.26332,1.26351,1.32,1.50
2012.09.26 14:18:15.007,1.26333,1.26349,1.32,1.50
2012.09.26 14:18:15.102,1.26326,1.26345,1.13,1.73
2012.09.26 14:18:15.185,1.26326,1.26346,1.50,2.29
2012.09.26 14:18:15.703,1.26325,1.26346,2.25,2.07
2012.09.26 14:18:15.785,1.26325,1.26345,1.50,1.50
2012.09.26 14:18:16.154,1.2632,1.26339,1.50,1.32
2012.09.26 14:18:16.972,1.26317,1.26338,1.50,1.32
2012.09.26 14:18:17.120,1.26316,1.26337,1.50,1.50
2012.09.26 14:18:17.625,1.26319,1.26339,1.32,1.50
2012.09.26 14:18:17.715,1.26322,1.26342,1.73,1.50
2012.09.26 14:18:17.805,1.26325,1.26344,1.32,1.50
2012.09.26 14:18:18.110,1.2633,1.2635,1.50,2.07
2012.09.26 14:18:20.052,1.26331,1.2635,1.73,1.50
2012.09.26 14:18:20.622,1.26331,1.2635,1.50,1.50
2012.09.26 14:18:21.051,1.26327,1.26348,1.88,1.50
2012.09.26 14:18:21.470,1.26327,1.26347,1.50,1.50
2012.09.26 14:18:21.621,1.26329,1.2635,1.50,1.50
2012.09.26 14:18:22.361,1.26333,1.26352,1.50,1.50
2012.09.26 14:18:23.420,1.26332,1.26352,1.50,1.50
2012.09.26 14:18:24.515,1.26332,1.26354,2.82,2.25
2012.09.26 14:18:24.600,1.26332,1.26351,1.32,2.25
2012.09.26 14:18:25.351,1.26333,1.26352,1.50,1.50
2012.09.26 14:18:25.852,1.26335,1.26356,1.50,1.50
2012.09.26 14:18:26.217,1.26339,1.26358,1.50,2.07
2012.09.26 14:18:27.261,1.26337,1.26357,2.07,1.50
2012.09.26 14:18:27.619,1.26334,1.26351,1.13,1.50
2012.09.26 14:18:27.767,1.26334,1.26351,1.13,1.50
2012.09.26 14:18:28.319,1.26329,1.26349,1.50,1.50
2012.09.26 14:18:28.903,1.26329,1.26348,1.50,1.50
2012.09.26 14:18:29.057,1.26328,1.26348,1.54,1.50
2012.09.26 14:18:29.744,1.26328,1.26348,1.32,1.50
2012.09.26 14:18:30.579,1.26327,1.26345,1.50,1.32
2012.09.26 14:18:30.662,1.26324,1.26345,1.73,2.07
2012.09.26 14:18:30.883,1.26323,1.26344,1.50,1.50
2012.09.26 14:18:31.243,1.26322,1.2634,1.50,1.50
2012.09.26 14:18:31.322,1.2632,1.26339,1.32,1.50
2012.09.26 14:18:36.748,1.26319,1.26339,1.50,1.50
2012.09.26 14:18:38.428,1.26319,1.2634,2.25,1.50
2012.09.26 14:18:38.581,1.2632,1.26341,1.73,1.32
2012.09.26 14:18:38.739,1.26318,1.26338,1.73,1.50
2012.09.26 14:18:39.243,1.26318,1.26338,1.50,2.10
2012.09.26 14:18:39.534,1.26319,1.26337,1.50,1.50
2012.09.26 14:18:39.697,1.2632,1.26341,2.25,2.25
2012.09.26 14:18:40.118,1.2632,1.26339,1.50,1.50
2012.09.26 14:18:40.849,1.2632,1.26337,1.50,1.32
2012.09.26 14:18:40.979,1.26316,1.26337,1.50,2.25
2012.09.26 14:18:41.109,1.26316,1.26336,1.50,1.32
2012.09.26 14:18:42.010,1.26317,1.26337,1.32,2.25
2012.09.26 14:18:42.164,1.26317,1.26339,2.07,2.25
2012.09.26 14:18:42.530,1.2632,1.26339,1.50,1.50
2012.09.26 14:18:42.889,1.26322,1.2634,1.50,1.32
2012.09.26 14:18:43.042,1.2632,1.2634,1.50,1.32
2012.09.26 14:18:44.375,1.2632,1.2634,1.50,2.07
2012.09.26 14:18:45.068,1.2632,1.2634,1.50,1.50
2012.09.26 14:18:50.150,1.2632,1.2634,1.50,1.50
2012.09.26 14:18:55.097,1.2632,1.2634,1.50,1.50
2012.09.26 14:18:55.300,1.26321,1.2634,1.50,1.50
2012.09.26 14:18:55.829,1.2632,1.26339,1.50,1.50
2012.09.26 14:19:00.421,1.26324,1.26343,1.50,1.32
2012.09.26 14:19:00.880,1.2632,1.26341,2.07,1.50
2012.09.26 14:19:01.380,1.26319,1.26341,2.82,2.25
2012.09.26 14:19:02.897,1.26318,1.26339,1.50,1.50
2012.09.26 14:19:04.330,1.26316,1.26338,3.04,1.50
2012.09.26 14:19:05.795,1.26319,1.26335,1.13,2.25
2012.09.26 14:19:06.731,1.26314,1.26334,1.50,1.50
2012.09.26 14:19:07.248,1.26314,1.26334,2.25,1.50
2012.09.26 14:19:08.125,1.2632,1.26338,1.50,1.13
2012.09.26 14:19:08.215,1.26321,1.2634,1.50,2.26
2012.09.26 14:19:08.374,1.26323,1.26341,1.50,2.26
2012.09.26 14:19:08.810,1.26323,1.26343,1.50,2.07
2012.09.26 14:19:11.790,1.26321,1.26342,2.25,1.50
2012.09.26 14:19:20.579,1.2632,1.26339,1.50,1.50
2012.09.26 14:19:20.881,1.26321,1.26342,1.50,2.48
2012.09.26 14:19:21.097,1.26322,1.26342,1.50,1.50
2012.09.26 14:19:22.172,1.26322,1.26342,1.50,1.50
2012.09.26 14:19:22.536,1.26321,1.26333,1.50,2.67
2012.09.26 14:19:23.155,1.26321,1.2634,1.50,1.92
2012.09.26 14:19:23.247,1.26323,1.26338,1.50,1.73
2012.09.26 14:19:24.045,1.26322,1.26341,1.50,1.73
2012.09.26 14:19:24.136,1.26322,1.26341,1.50,1.50
2012.09.26 14:19:24.764,1.26325,1.26344,1.50,1.50
2012.09.26 14:19:25.270,1.26323,1.26344,2.25,1.50
2012.09.26 14:19:25.629,1.26322,1.26342,1.50,1.73
2012.09.26 14:19:26.198,1.26322,1.26342,1.50,1.73
2012.09.26 14:19:26.599,1.26319,1.26339,1.50,1.50
2012.09.26 14:19:28.354,1.26317,1.26338,2.82,1.50
2012.09.26 14:19:28.648,1.26315,1.26336,2.25,1.50
2012.09.26 14:19:29.889,1.26316,1.26336,1.32,2.25
2012.09.26 14:19:30.107,1.26318,1.26338,1.50,1.73
2012.09.26 14:19:30.327,1.26318,1.26338,1.50,1.50
2012.09.26 14:19:30.749,1.26316,1.26338,1.50,2.25
2012.09.26 14:19:30.831,1.26315,1.26336,2.25,2.25
2012.09.26 14:19:39.621,1.26317,1.26334,1.50,1.73
2012.09.26 14:19:40.051,1.26316,1.26333,1.32,1.50
2012.09.26 14:19:40.127,1.26316,1.26334,1.32,1.73
2012.09.26 14:19:40.700,1.26316,1.26335,1.32,1.73
2012.09.26 14:19:40.988,1.26316,1.26335,1.32,2.48
2012.09.26 14:19:42.523,1.26316,1.26335,1.50,1.54
2012.09.26 14:19:42.600,1.26316,1.26335,1.50,1.32
2012.09.26 14:19:44.070,1.26318,1.26339,2.07,1.50
2012.09.26 14:19:44.151,1.2632,1.26339,1.50,1.50
2012.09.26 14:19:44.697,1.2632,1.26339,1.50,1.50
2012.09.26 14:19:45.110,1.26318,1.26338,2.07,1.50
2012.09.26 14:19:45.192,1.26318,1.26338,2.07,1.50
2012.09.26 14:19:45.485,1.26316,1.26336,1.50,1.50
2012.09.26 14:19:45.570,1.26316,1.26337,1.50,1.54
2012.09.26 14:19:45.861,1.26322,1.26343,1.50,1.50
2012.09.26 14:19:47.099,1.26322,1.26343,1.50,1.50
2012.09.26 14:19:47.610,1.26322,1.26343,1.50,1.50
2012.09.26 14:19:48.559,1.26322,1.26343,1.50,1.50
2012.09.26 14:19:48.710,1.26322,1.26343,1.50,1.50
2012.09.26 14:19:48.793,1.26326,1.26344,1.32,1.73
2012.09.26 14:19:49.222,1.26325,1.26344,1.32,1.50
2012.09.26 14:19:49.581,1.26322,1.26342,1.50,1.50
2012.09.26 14:19:49.992,1.26335,1.26342,1.32,1.50
2012.09.26 14:19:50.357,1.26334,1.26351,1.50,1.58
2012.09.26 14:19:50.441,1.26329,1.26349,3.19,1.50
2012.09.26 14:19:50.527,1.26329,1.26346,2.63,1.32
2012.09.26 14:19:51.028,1.26329,1.26347,1.50,1.32
2012.09.26 14:19:51.114,1.26326,1.26345,1.50,1.54
2012.09.26 14:19:52.492,1.26327,1.26347,1.50,2.29
2012.09.26 14:19:53.169,1.2633,1.2635,2.25,1.50
2012.09.26 14:19:54.202,1.26331,1.2635,1.50,1.50
2012.09.26 14:19:54.753,1.2633,1.2635,2.25,1.50
2012.09.26 14:19:56.881,1.26332,1.26354,2.07,1.73
2012.09.26 14:19:57.237,1.26332,1.26351,1.32,1.50
2012.09.26 14:19:58.149,1.26332,1.26351,1.32,1.73
2012.09.26 14:19:58.510,1.26331,1.26351,1.32,1.50
2012.09.26 14:19:58.591,1.2633,1.26351,1.50,1.50
2012.09.26 14:19:59.726,1.26328,1.26348,1.50,1.50
2012.09.26 14:19:59.813,1.26325,1.26345,1.50,1.50
2012.09.26 14:20:00.029,1.26323,1.26343,1.50,1.50
2012.09.26 14:20:00.341,1.26323,1.26343,1.50,1.50
2012.09.26 14:20:00.423,1.26326,1.26346,1.50,1.32
2012.09.26 14:20:01.038,1.26324,1.26342,1.50,1.50
2012.09.26 14:20:01.540,1.26321,1.26337,1.32,1.50
2012.09.26 14:20:03.019,1.26321,1.26339,1.32,1.50
2012.09.26 14:20:03.099,1.26321,1.26341,1.32,1.50
2012.09.26 14:20:04.069,1.26321,1.26338,1.32,1.50
2012.09.26 14:20:04.424,1.26321,1.26335,1.32,1.50
2012.09.26 14:20:04.697,1.26321,1.26337,1.32,1.50
2012.09.26 14:20:04.780,1.26318,1.26337,1.32,1.50
2012.09.26 14:20:04.859,1.26316,1.26337,1.50,1.50
2012.09.26 14:20:05.716,1.26318,1.26338,1.50,1.32
2012.09.26 14:20:06.100,1.2632,1.26339,1.50,1.32
2012.09.26 14:20:06.606,1.2632,1.2634,2.07,1.50
2012.09.26 14:20:07.462,1.2632,1.26339,1.32,1.50
2012.09.26 14:20:07.540,1.26315,1.26337,2.48,1.50
2012.09.26 14:20:07.620,1.26315,1.26334,1.73,1.50
2012.09.26 14:20:08.122,1.26315,1.26334,1.50,1.50
2012.09.26 14:20:08.202,1.26319,1.26336,1.50,1.50
2012.09.26 14:20:08.283,1.26319,1.26338,1.50,1.32
2012.09.26 14:20:08.360,1.26322,1.26341,1.50,1.32
2012.09.26 14:20:08.441,1.26322,1.26343,1.50,2.10
2012.09.26 14:20:08.659,1.26322,1.26341,1.50,1.50
2012.09.26 14:20:08.737,1.26322,1.26341,2.25,1.50
2012.09.26 14:20:08.892,1.26325,1.26343,1.32,1.13
2012.09.26 14:20:08.972,1.26323,1.2634,2.25,1.50
2012.09.26 14:20:09.052,1.26322,1.2634,1.50,1.50
2012.09.26 14:20:09.206,1.26322,1.26342,1.50,1.50
2012.09.26 14:20:09.431,1.26322,1.26342,1.50,1.50
2012.09.26 14:20:09.879,1.26321,1.26342,1.50,1.50
2012.09.26 14:20:10.597,1.26322,1.26339,1.32,1.50
2012.09.26 14:20:10.699,1.26328,1.26345,1.50,1.50
2012.09.26 14:20:10.924,1.26326,1.26345,1.32,1.50
2012.09.26 14:20:11.012,1.26325,1.26343,1.50,1.32
2012.09.26 14:20:11.161,1.26323,1.26343,1.50,2.07
2012.09.26 14:20:11.311,1.26326,1.26345,1.50,1.54
2012.09.26 14:20:11.393,1.26326,1.26346,1.50,1.50
2012.09.26 14:20:11.553,1.26325,1.26346,2.07,2.25
2012.09.26 14:20:11.644,1.26324,1.26342,1.32,1.50
2012.09.26 14:20:11.949,1.26324,1.2634,1.32,1.50
2012.09.26 14:20:12.699,1.26322,1.2634,1.32,1.50
2012.09.26 14:20:14.791,1.26325,1.2634,1.32,1.50
2012.09.26 14:20:14.944,1.26325,1.2634,1.32,1.50
2012.09.26 14:20:15.161,1.26325,1.26343,1.32,1.50
2012.09.26 14:20:15.381,1.26325,1.26346,2.07,1.73
2012.09.26 14:20:15.462,1.26325,1.26341,1.32,1.50
2012.09.26 14:20:16.554,1.26322,1.26341,1.50,1.50
2012.09.26 14:20:16.717,1.26328,1.26345,1.32,1.50
2012.09.26 14:20:16.803,1.26328,1.26349,2.07,2.25
2012.09.26 14:20:16.880,1.26328,1.26346,1.32,1.50
2012.09.26 14:20:17.325,1.26323,1.26338,2.10,1.50
2012.09.26 14:20:17.482,1.26323,1.26336,1.13,1.50
2012.09.26 14:20:17.630,1.2632,1.26333,1.13,1.50
2012.09.26 14:20:17.993,1.26317,1.26329,1.43,1.50
2012.09.26 14:20:18.084,1.26318,1.26329,1.43,1.50
2012.09.26 14:20:18.172,1.26318,1.26329,1.13,1.50
2012.09.26 14:20:18.751,1.26316,1.26336,1.69,1.50
2012.09.26 14:20:18.899,1.26322,1.2634,1.32,1.50
2012.09.26 14:20:19.049,1.26322,1.26339,1.32,1.50
2012.09.26 14:20:19.410,1.26317,1.26332,2.25,1.50
2012.09.26 14:20:20.581,1.26311,1.26332,2.82,1.50
2012.09.26 14:20:20.730,1.26312,1.26332,1.32,1.50
2012.09.26 14:20:21.416,1.26315,1.26336,1.50,1.50
2012.09.26 14:20:21.649,1.26319,1.26336,1.32,1.50
2012.09.26 14:20:22.009,1.26321,1.26339,1.32,1.50
2012.09.26 14:20:24.675,1.26319,1.26339,1.05,1.50
2012.09.26 14:20:24.764,1.26316,1.26332,1.92,1.50
2012.09.26 14:20:25.162,1.26316,1.2633,1.92,1.50
2012.09.26 14:20:25.643,1.26316,1.2633,1.92,1.50
2012.09.26 14:20:25.788,1.26316,1.2633,1.92,1.50
2012.09.26 14:20:31.608,1.2632,1.26333,1.50,1.50
2012.09.26 14:20:31.783,1.2632,1.26334,1.50,1.50
2012.09.26 14:20:32.310,1.2632,1.26336,1.50,1.50
2012.09.26 14:20:34.223,1.26325,1.26336,1.32,1.50
2012.09.26 14:20:34.383,1.26325,1.26338,1.32,1.50
2012.09.26 14:20:38.406,1.2632,1.26336,1.50,1.50
2012.09.26 14:20:38.703,1.2632,1.26337,1.50,1.50
2012.09.26 14:20:39.268,1.26325,1.26339,1.32,1.50
2012.09.26 14:20:39.826,1.26325,1.26339,1.32,1.50
2012.09.26 14:20:40.869,1.26324,1.26339,1.32,1.50
2012.09.26 14:20:41.228,1.26324,1.26339,1.32,1.50
2012.09.26 14:20:41.310,1.26324,1.26338,1.32,1.50
2012.09.26 14:20:41.960,1.26321,1.26338,1.32,1.50
2012.09.26 14:20:42.038,1.26321,1.2634,1.32,1.50
2012.09.26 14:20:42.540,1.26331,1.26345,1.32,1.50
2012.09.26 14:20:43.101,1.26331,1.26346,1.32,1.50
2012.09.26 14:20:43.191,1.26331,1.2635,1.32,1.73
2012.09.26 14:20:43.481,1.26331,1.26347,1.32,1.50
2012.09.26 14:20:43.634,1.26325,1.26347,2.25,2.07
2012.09.26 14:20:43.725,1.26324,1.26343,1.32,1.50
2012.09.26 14:20:44.581,1.26324,1.2634,1.32,1.50
2012.09.26 14:20:45.908,1.26325,1.2634,1.32,1.50
2012.09.26 14:20:47.840,1.26325,1.26344,2.07,1.50
2012.09.26 14:20:47.919,1.26325,1.26346,2.07,2.25
2012.09.26 14:20:50.900,1.26325,1.26344,2.07,1.50
2012.09.26 14:20:51.161,1.26325,1.26343,1.32,1.50
2012.09.26 14:20:56.840,1.26326,1.26343,2.25,1.50
2012.09.26 14:20:56.919,1.26327,1.26346,1.32,1.73
2012.09.26 14:20:57.861,1.26326,1.26346,2.25,1.50
2012.09.26 14:21:00.353,1.26325,1.26343,1.32,1.50
2012.09.26 14:21:01.927,1.26327,1.26346,1.32,2.48
2012.09.26 14:21:02.014,1.26328,1.26348,1.32,3.00
2012.09.26 14:21:03.149,1.26327,1.26348,1.50,1.50
2012.09.26 14:21:03.509,1.26328,1.26346,1.32,1.50
2012.09.26 14:21:03.873,1.2632,1.26338,1.47,1.50
2012.09.26 14:21:04.022,1.26319,1.26338,1.32,1.50
2012.09.26 14:21:04.313,1.2632,1.26338,1.32,1.50
2012.09.26 14:21:04.994,1.26323,1.2634,1.50,1.50
2012.09.26 14:21:05.083,1.26323,1.26343,1.50,1.50
2012.09.26 14:21:06.162,1.26323,1.26343,1.50,1.50
2012.09.26 14:21:06.731,1.26325,1.26345,1.50,2.29
2012.09.26 14:21:06.878,1.26325,1.26342,1.50,1.50
2012.09.26 14:21:07.297,1.26322,1.2634,2.07,1.50
2012.09.26 14:21:12.220,1.26325,1.26344,1.50,1.73
2012.09.26 14:21:14.717,1.26322,1.26341,1.32,1.50
2012.09.26 14:21:15.280,1.26323,1.26343,1.50,1.50
2012.09.26 14:21:15.498,1.26322,1.2634,2.07,1.50
2012.09.26 14:21:24.747,1.26319,1.26338,1.32,1.50
2012.09.26 14:21:25.894,1.26325,1.26338,1.32,1.50
2012.09.26 14:21:26.250,1.26326,1.26343,1.32,1.50
2012.09.26 14:21:26.542,1.26325,1.26343,1.32,1.50
2012.09.26 14:21:28.747,1.26323,1.26343,1.50,1.50
2012.09.26 14:21:28.830,1.26323,1.2634,1.50,1.50
2012.09.26 14:21:29.129,1.26322,1.26341,1.32,1.50
2012.09.26 14:21:29.282,1.26322,1.2634,1.32,1.50
2012.09.26 14:21:29.807,1.26322,1.26338,1.32,1.50
2012.09.26 14:21:31.522,1.26325,1.26343,1.32,1.50
2012.09.26 14:21:32.629,1.26325,1.26341,1.32,1.50
2012.09.26 14:21:32.781,1.26325,1.26343,1.32,1.50
2012.09.26 14:21:35.023,1.26322,1.26343,2.07,1.50
2012.09.26 14:21:35.595,1.26322,1.2634,1.32,1.50
2012.09.26 14:21:36.210,1.26322,1.2634,1.32,1.50
2012.09.26 14:21:36.293,1.26322,1.26337,1.32,1.50
2012.09.26 14:21:37.310,1.26322,1.26341,1.32,1.50
2012.09.26 14:21:38.073,1.26322,1.26337,1.32,1.50
2012.09.26 14:21:39.273,1.26321,1.26337,1.32,1.50
2012.09.26 14:21:39.572,1.26317,1.26335,2.25,1.50
2012.09.26 14:21:39.932,1.26314,1.26335,1.50,1.50
2012.09.26 14:21:40.939,1.26314,1.26332,1.50,1.50
2012.09.26 14:21:41.017,1.2631,1.26331,1.50,1.50
2012.09.26 14:21:41.755,1.26317,1.26333,1.50,1.50
2012.09.26 14:21:41.844,1.26319,1.26334,1.32,1.50
2012.09.26 14:21:41.931,1.26319,1.26337,1.32,1.50
2012.09.26 14:21:42.450,1.26319,1.2634,1.54,1.50
2012.09.26 14:21:43.271,1.26322,1.26338,1.32,1.50
2012.09.26 14:21:44.689,1.26322,1.26338,1.32,1.50
2012.09.26 14:21:45.119,1.26322,1.2634,1.32,1.50
2012.09.26 14:21:46.598,1.26323,1.2634,1.32,1.50
2012.09.26 14:21:46.750,1.26323,1.26337,1.32,1.50
2012.09.26 14:21:46.903,1.26316,1.26337,3.49,1.50
2012.09.26 14:21:47.150,1.26316,1.26337,2.74,2.25
2012.09.26 14:21:47.728,1.26317,1.26333,1.47,1.50
2012.09.26 14:21:48.221,1.26317,1.26333,1.32,1.50
2012.09.26 14:21:49.370,1.26319,1.26333,1.32,1.50
2012.09.26 14:21:49.472,1.26321,1.2634,1.50,1.50
2012.09.26 14:21:52.050,1.26322,1.2634,1.32,1.50
2012.09.26 14:21:52.273,1.26319,1.26339,2.07,1.50
2012.09.26 14:21:52.352,1.26318,1.26337,1.32,1.50
2012.09.26 14:21:52.501,1.26317,1.26337,1.32,2.25
2012.09.26 14:21:52.584,1.26314,1.26334,1.50,1.50
2012.09.26 14:21:53.130,1.26314,1.26334,1.50,1.73
2012.09.26 14:21:54.071,1.26312,1.26332,2.07,1.50
2012.09.26 14:21:54.296,1.26312,1.26333,2.67,1.73
2012.09.26 14:21:54.660,1.26316,1.26335,1.50,1.54
2012.09.26 14:21:55.360,1.26318,1.26339,2.25,1.50
2012.09.26 14:21:56.049,1.26318,1.26338,1.50,1.50
2012.09.26 14:21:56.131,1.26318,1.26337,1.50,1.50
2012.09.26 14:21:57.699,1.26318,1.26338,1.50,1.73
2012.09.26 14:21:57.783,1.26322,1.26341,1.50,1.54
2012.09.26 14:21:58.140,1.26328,1.26346,1.32,1.50
2012.09.26 14:22:00.035,1.26324,1.26342,1.32,1.50
2012.09.26 14:22:00.471,1.26319,1.26337,1.73,1.50
2012.09.26 14:22:00.551,1.26316,1.26337,1.32,2.25
2012.09.26 14:22:01.760,1.26317,1.26337,1.50,1.50
2012.09.26 14:22:02.122,1.26322,1.26342,1.50,2.07
2012.09.26 14:22:02.269,1.26324,1.26343,1.50,1.32
2012.09.26 14:22:02.776,1.26322,1.26342,1.50,2.07
2012.09.26 14:22:04.189,1.26322,1.26342,2.25,1.32
2012.09.26 14:22:04.268,1.26323,1.26342,1.50,1.32
2012.09.26 14:22:05.130,1.26323,1.26341,1.50,1.50
2012.09.26 14:22:05.281,1.26319,1.2634,1.32,2.25
2012.09.26 14:22:05.720,1.2632,1.2634,1.50,1.50
2012.09.26 14:22:06.028,1.26317,1.26335,1.13,2.07
2012.09.26 14:22:06.563,1.26318,1.26335,1.32,1.50
2012.09.26 14:22:06.643,1.26319,1.26339,2.07,1.50
2012.09.26 14:22:08.392,1.2632,1.26338,1.50,1.32
2012.09.26 14:22:08.682,1.26318,1.26338,1.50,1.32
2012.09.26 14:22:09.373,1.26315,1.26336,1.50,2.29
2012.09.26 14:22:09.871,1.26317,1.26337,1.50,2.07
2012.09.26 14:22:10.157,1.26317,1.26337,1.50,3.00
2012.09.26 14:22:10.382,1.26315,1.26333,1.50,1.32
2012.09.26 14:22:14.520,1.26314,1.26335,1.50,2.07
2012.09.26 14:22:14.600,1.26314,1.26335,1.50,1.32
2012.09.26 14:22:22.187,1.26316,1.26335,2.25,1.17
2012.09.26 14:22:22.273,1.26316,1.26336,2.25,1.32
2012.09.26 14:22:22.791,1.26318,1.26338,2.25,1.50
2012.09.26 14:22:23.498,1.26318,1.26338,1.50,1.50
2012.09.26 14:22:24.009,1.26317,1.26336,1.50,1.50
2012.09.26 14:22:24.289,1.26317,1.26336,1.50,1.50
2012.09.26 14:22:24.921,1.26317,1.26338,2.25,1.32
2012.09.26 14:22:34.492,1.26318,1.26334,1.50,2.85
2012.09.26 14:22:34.591,1.26307,1.26328,2.25,2.82
2012.09.26 14:22:34.954,1.26305,1.26325,2.07,1.50
2012.09.26 14:22:41.400,1.26305,1.26326,1.50,1.32
2012.09.26 14:22:41.619,1.2631,1.26331,2.25,1.50
2012.09.26 14:22:42.231,1.26314,1.26333,1.50,2.29
2012.09.26 14:22:42.312,1.26314,1.26334,1.50,2.29
2012.09.26 14:22:46.249,1.26314,1.26333,1.50,2.29
2012.09.26 14:22:51.404,1.26315,1.26333,1.50,1.54
2012.09.26 14:22:51.786,1.26311,1.26333,1.50,2.29
2012.09.26 14:22:52.373,1.26314,1.26331,1.50,1.32
2012.09.26 14:22:52.821,1.26316,1.26336,1.50,2.07
2012.09.26 14:22:53.262,1.2632,1.26336,1.50,1.32
2012.09.26 14:22:53.411,1.2632,1.26337,1.50,1.32
2012.09.26 14:22:53.633,1.2632,1.26336,1.50,1.32
2012.09.26 14:22:53.858,1.26315,1.26336,1.50,2.07
2012.09.26 14:22:53.940,1.26318,1.26338,1.50,1.54
2012.09.26 14:22:54.021,1.26319,1.26339,1.32,1.73
2012.09.26 14:22:54.101,1.26318,1.26338,1.32,1.50
2012.09.26 14:22:54.182,1.26321,1.26341,1.50,1.50
2012.09.26 14:22:57.088,1.26319,1.26339,1.50,1.50
2012.09.26 14:22:58.982,1.26319,1.26337,1.50,1.50
2012.09.26 14:22:59.552,1.26316,1.26336,1.50,1.54
2012.09.26 14:23:05.150,1.26316,1.26335,1.50,1.54
2012.09.26 14:23:05.233,1.26315,1.26329,1.50,1.32
2012.09.26 14:23:05.594,1.26313,1.26335,2.25,2.10
2012.09.26 14:23:05.760,1.26314,1.26336,2.25,2.29
2012.09.26 14:23:08.460,1.26314,1.26336,2.25,2.29
2012.09.26 14:23:09.947,1.26314,1.26328,1.50,1.32
2012.09.26 14:23:10.367,1.26312,1.26334,2.82,1.50
2012.09.26 14:23:10.448,1.26315,1.26336,1.50,2.29
2012.09.26 14:23:12.202,1.26317,1.26338,2.07,1.73
2012.09.26 14:23:12.422,1.2632,1.2634,1.50,1.50
2012.09.26 14:23:12.526,1.26317,1.26336,1.32,1.50
2012.09.26 14:23:13.700,1.26315,1.26337,1.50,3.04
2012.09.26 14:23:15.210,1.26315,1.26335,1.50,2.29
2012.09.26 14:23:15.291,1.26313,1.26333,1.50,1.32
2012.09.26 14:23:15.374,1.26312,1.26332,1.50,1.32
2012.09.26 14:23:15.455,1.26312,1.26332,1.50,1.54
2012.09.26 14:23:15.970,1.2631,1.26331,1.50,1.50
2012.09.26 14:23:16.330,1.26307,1.26327,1.50,1.50
2012.09.26 14:23:17.440,1.2631,1.2633,1.50,1.73
2012.09.26 14:23:17.600,1.26314,1.26333,1.50,2.07
2012.09.26 14:23:17.753,1.26312,1.26332,1.50,1.73
2012.09.26 14:23:17.831,1.26311,1.2633,1.50,1.73
2012.09.26 14:23:19.286,1.26311,1.26327,1.50,1.32
2012.09.26 14:23:19.376,1.26308,1.26323,1.50,1.32
2012.09.26 14:23:20.280,1.26308,1.26327,1.50,1.73
2012.09.26 14:23:20.394,1.26307,1.26326,1.50,1.50
2012.09.26 14:23:20.901,1.26309,1.26329,1.50,2.10
2012.09.26 14:23:21.972,1.26305,1.26327,2.07,2.48
2012.09.26 14:23:23.341,1.26306,1.26327,1.50,1.50
2012.09.26 14:23:24.183,1.26309,1.26328,1.50,2.07
2012.09.26 14:23:28.040,1.26306,1.26328,1.50,2.48
2012.09.26 14:23:32.101,1.26309,1.2633,1.50,2.29
2012.09.26 14:23:32.560,1.26309,1.2633,1.50,2.07
2012.09.26 14:23:35.113,1.26309,1.26329,1.50,1.32
2012.09.26 14:23:35.189,1.26308,1.26327,1.50,2.29
2012.09.26 14:23:35.756,1.26306,1.26327,1.50,2.29
2012.09.26 14:23:36.670,1.26305,1.26327,3.00,3.04
2012.09.26 14:23:37.209,1.26305,1.26324,1.50,1.73
2012.09.26 14:23:39.796,1.26307,1.26327,1.50,2.29
2012.09.26 14:23:42.182,1.26303,1.26322,1.50,1.13
2012.09.26 14:23:42.268,1.26297,1.26304,2.10,1.50
2012.09.26 14:23:42.357,1.26299,1.26306,1.50,1.50
2012.09.26 14:23:42.445,1.26285,1.26293,1.74,1.13
2012.09.26 14:23:42.607,1.26275,1.26285,2.56,2.25
2012.09.26 14:23:42.694,1.26281,1.26287,1.50,1.35
2012.09.26 14:23:43.848,1.26274,1.26289,1.32,1.50
2012.09.26 14:23:44.293,1.26277,1.26295,1.32,1.50
2012.09.26 14:23:44.660,1.26256,1.26265,1.88,2.10
2012.09.26 14:23:45.235,1.26258,1.26264,1.05,1.13
2012.09.26 14:23:45.395,1.2625,1.2626,1.50,1.17
2012.09.26 14:23:45.836,1.26243,1.26259,1.50,1.54
2012.09.26 14:23:46.205,1.26234,1.26257,1.13,1.92
2012.09.26 14:23:46.295,1.26238,1.26257,1.50,1.17
2012.09.26 14:23:46.454,1.26238,1.26257,1.50,1.39
2012.09.26 14:23:46.825,1.26245,1.26261,1.32,1.28
2012.09.26 14:23:46.918,1.26245,1.26261,1.32,1.50
2012.09.26 14:23:47.655,1.26245,1.26261,1.17,1.13
2012.09.26 14:23:47.746,1.26243,1.26265,1.32,1.13
2012.09.26 14:23:47.833,1.26243,1.26266,1.32,1.35
2012.09.26 14:23:48.504,1.26242,1.26266,1.32,1.50
2012.09.26 14:23:48.601,1.26244,1.26263,1.73,1.50
2012.09.26 14:23:48.914,1.26263,1.26273,1.50,1.50
2012.09.26 14:23:49.003,1.26254,1.26268,2.67,1.50
2012.09.26 14:23:49.176,1.26258,1.26269,1.50,1.50
2012.09.26 14:23:49.683,1.26254,1.26268,1.54,1.50
2012.09.26 14:23:50.040,1.26258,1.26269,1.13,1.50
2012.09.26 14:23:50.190,1.26254,1.26269,1.54,1.50
2012.09.26 14:23:50.483,1.26257,1.2628,1.73,1.32
2012.09.26 14:23:50.992,1.26262,1.26281,1.32,1.50
2012.09.26 14:23:51.352,1.26263,1.26286,1.32,2.07
2012.09.26 14:23:51.433,1.26263,1.26286,1.32,2.07
2012.09.26 14:23:51.516,1.26266,1.26286,1.35,1.32
2012.09.26 14:23:52.286,1.26268,1.26291,1.50,1.50
2012.09.26 14:23:52.621,1.26271,1.26292,1.50,1.73
2012.09.26 14:23:52.720,1.26275,1.26288,1.32,1.50
2012.09.26 14:23:52.808,1.26275,1.26293,1.32,1.50
2012.09.26 14:23:53.105,1.26275,1.26293,1.32,1.73
2012.09.26 14:23:53.475,1.26271,1.26287,1.50,1.50
2012.09.26 14:23:53.564,1.26272,1.26289,1.50,1.32
2012.09.26 14:23:53.795,1.26267,1.26289,1.73,2.07
2012.09.26 14:23:53.950,1.26264,1.26289,1.32,2.29
2012.09.26 14:23:54.240,1.26266,1.26289,1.50,1.73
2012.09.26 14:23:54.321,1.26265,1.26289,1.32,1.54
2012.09.26 14:23:54.820,1.26264,1.26288,2.07,1.54
2012.09.26 14:23:55.260,1.26264,1.26288,2.07,1.54
2012.09.26 14:23:56.339,1.26259,1.26281,1.32,1.73
2012.09.26 14:23:56.709,1.26259,1.26282,1.32,2.07
2012.09.26 14:23:57.492,1.2626,1.26281,1.32,1.50
2012.09.26 14:23:57.646,1.26253,1.26274,2.33,1.32
2012.09.26 14:23:58.015,1.26253,1.26271,1.58,1.32
2012.09.26 14:23:58.105,1.26254,1.26276,1.73,1.50
2012.09.26 14:23:58.264,1.26258,1.26281,2.29,1.13
2012.09.26 14:23:58.349,1.2626,1.26281,1.73,1.50
2012.09.26 14:23:58.710,1.26265,1.26277,1.32,1.13
2012.09.26 14:23:58.863,1.26259,1.26281,2.29,1.13
2012.09.26 14:23:58.953,1.2626,1.26286,1.50,2.07
2012.09.26 14:23:59.185,1.26261,1.26284,2.48,1.32
2012.09.26 14:24:00.173,1.26266,1.26287,1.32,1.50
2012.09.26 14:24:00.486,1.2626,1.2628,1.50,1.32
2012.09.26 14:24:01.209,1.26262,1.26281,1.50,1.54
2012.09.26 14:24:01.433,1.26262,1.26284,1.50,1.54
2012.09.26 14:24:01.900,1.26263,1.26285,1.50,1.32
2012.09.26 14:24:02.402,1.26266,1.26288,1.50,1.54
2012.09.26 14:24:02.761,1.26263,1.26284,1.50,1.32
2012.09.26 14:24:03.120,1.26263,1.26281,1.50,1.32
2012.09.26 14:24:03.412,1.26264,1.26287,1.50,1.32
2012.09.26 14:24:03.489,1.26263,1.26287,2.25,2.07
2012.09.26 14:24:03.942,1.26263,1.26285,1.73,1.32
2012.09.26 14:24:04.724,1.2626,1.26271,2.25,1.32
2012.09.26 14:24:04.817,1.26255,1.26273,1.50,1.32
2012.09.26 14:24:05.490,1.26255,1.26272,1.50,1.32
2012.09.26 14:24:05.708,1.26255,1.26277,1.50,1.88
2012.09.26 14:24:06.214,1.26251,1.26271,2.25,2.07
2012.09.26 14:24:06.304,1.26248,1.26271,1.73,2.07
2012.09.26 14:24:06.394,1.26247,1.2627,1.50,1.50
2012.09.26 14:24:06.482,1.26247,1.26271,1.50,2.07
2012.09.26 14:24:06.990,1.26249,1.26271,2.48,1.32
2012.09.26 14:24:07.354,1.26253,1.26275,1.73,2.82
2012.09.26 14:24:07.658,1.26258,1.26275,1.50,1.32
2012.09.26 14:24:07.950,1.26258,1.2628,1.50,1.13
2012.09.26 14:24:08.943,1.26258,1.26281,2.25,1.50
2012.09.26 14:24:09.509,1.26258,1.26281,1.73,1.50
2012.09.26 14:24:09.808,1.26258,1.26281,1.73,1.50
2012.09.26 14:24:10.099,1.26252,1.26273,1.65,1.32
2012.09.26 14:24:10.390,1.2625,1.26273,2.22,1.32
2012.09.26 14:24:10.545,1.26249,1.26271,1.47,2.25
2012.09.26 14:24:10.634,1.26249,1.26271,1.32,2.25
2012.09.26 14:24:10.872,1.2625,1.26271,1.47,2.25
2012.09.26 14:24:11.091,1.2625,1.2627,1.54,1.50
2012.09.26 14:24:11.600,1.26251,1.2627,1.50,1.50
2012.09.26 14:24:11.890,1.26253,1.26272,1.50,1.50
2012.09.26 14:24:12.255,1.26252,1.26272,1.50,1.50
2012.09.26 14:24:12.414,1.26253,1.26272,1.50,1.50
2012.09.26 14:24:12.632,1.2625,1.26272,2.07,2.25
2012.09.26 14:24:13.306,1.2625,1.2627,1.32,1.50
2012.09.26 14:24:13.612,1.26247,1.26266,1.50,2.07
2012.09.26 14:24:13.978,1.26245,1.26256,1.13,1.50
2012.09.26 14:24:14.134,1.26245,1.26262,1.13,1.50
2012.09.26 14:24:14.372,1.26245,1.26264,1.88,1.50
2012.09.26 14:24:14.470,1.26245,1.2626,1.35,1.50
2012.09.26 14:24:14.977,1.26245,1.26263,1.13,1.50
2012.09.26 14:24:15.311,1.26244,1.26263,1.50,1.50
2012.09.26 14:24:15.531,1.26241,1.26259,2.07,1.50
2012.09.26 14:24:15.611,1.26241,1.26259,1.32,1.50
2012.09.26 14:24:16.111,1.26241,1.26259,1.32,1.50
2012.09.26 14:24:16.261,1.26244,1.26264,1.50,2.25
2012.09.26 14:24:17.267,1.26243,1.26261,1.50,1.32
2012.09.26 14:24:17.823,1.26245,1.26265,1.50,2.07
2012.09.26 14:24:18.304,1.26245,1.26258,1.50,1.50
2012.09.26 14:24:18.393,1.26237,1.26253,2.48,1.32
2012.09.26 14:24:18.487,1.26236,1.26251,1.50,1.50
2012.09.26 14:24:18.852,1.26236,1.2625,1.50,1.50
2012.09.26 14:24:19.212,1.26232,1.26246,2.10,1.32
2012.09.26 14:24:19.709,1.26232,1.26241,1.28,1.50
2012.09.26 14:24:19.890,1.26233,1.26243,1.28,2.07
2012.09.26 14:24:19.969,1.26233,1.26243,1.28,1.32
2012.09.26 14:24:20.120,1.26226,1.26243,1.05,2.07
2012.09.26 14:24:20.203,1.26222,1.2624,1.73,1.50
2012.09.26 14:24:20.512,1.2622,1.26236,1.54,1.50
2012.09.26 14:24:21.224,1.2622,1.26236,1.54,1.50
2012.09.26 14:24:21.390,1.26221,1.26242,1.73,1.50
2012.09.26 14:24:21.682,1.26232,1.26244,1.35,1.50
2012.09.26 14:24:22.041,1.26234,1.2625,1.54,1.50
2012.09.26 14:24:22.195,1.26234,1.2625,1.54,1.51
2012.09.26 14:24:22.356,1.26241,1.26259,1.50,2.07
2012.09.26 14:24:22.726,1.26241,1.26258,1.73,1.32
2012.09.26 14:24:22.882,1.26247,1.26262,1.50,1.13
2012.09.26 14:24:23.035,1.2625,1.26262,1.50,1.13
2012.09.26 14:24:23.273,1.2625,1.26268,1.73,1.32
2012.09.26 14:24:23.495,1.26257,1.26273,1.73,1.50
2012.09.26 14:24:23.652,1.26257,1.26276,1.73,2.07
2012.09.26 14:24:23.872,1.26259,1.26276,1.73,1.32
2012.09.26 14:24:24.232,1.26263,1.26279,1.58,2.25
2012.09.26 14:24:24.319,1.26265,1.26281,1.73,1.32
2012.09.26 14:24:24.407,1.2627,1.2629,2.82,1.13
2012.09.26 14:24:25.016,1.26259,1.26279,1.73,1.50
2012.09.26 14:24:25.312,1.26262,1.2628,1.73,1.32
2012.09.26 14:24:25.603,1.26262,1.2628,1.73,1.32
2012.09.26 14:24:25.680,1.26262,1.26282,2.48,1.32
2012.09.26 14:24:26.181,1.26264,1.26284,1.54,1.13
2012.09.26 14:24:26.264,1.26261,1.26281,1.73,1.13
2012.09.26 14:24:26.491,1.26267,1.26286,1.73,1.50
2012.09.26 14:24:26.644,1.26268,1.26285,1.73,1.50
2012.09.26 14:24:26.727,1.26263,1.26279,1.73,1.50
2012.09.26 14:24:26.953,1.26259,1.26278,1.73,1.50
2012.09.26 14:24:27.459,1.26256,1.26277,1.73,1.50
2012.09.26 14:24:27.542,1.26255,1.26275,1.73,1.50
2012.09.26 14:24:27.692,1.26256,1.26277,1.73,1.50
2012.09.26 14:24:28.073,1.26256,1.26276,2.48,1.32
2012.09.26 14:24:28.301,1.26255,1.26274,1.73,1.32
2012.09.26 14:24:28.380,1.26254,1.26274,2.48,1.32
2012.09.26 14:24:29.013,1.26257,1.26274,1.50,1.32
2012.09.26 14:24:29.111,1.26258,1.26279,1.73,2.25
2012.09.26 14:24:29.834,1.26258,1.26279,1.73,2.25
2012.09.26 14:24:30.165,1.26254,1.26273,1.80,1.32
2012.09.26 14:24:30.253,1.26254,1.26273,2.40,1.32
2012.09.26 14:24:30.403,1.26248,1.2627,2.14,1.50
2012.09.26 14:24:30.552,1.26248,1.2627,1.39,1.50
2012.09.26 14:24:30.773,1.26249,1.26271,1.73,1.13
2012.09.26 14:24:31.271,1.26249,1.26273,2.48,1.32
2012.09.26 14:24:31.350,1.2625,1.26273,1.73,1.32
2012.09.26 14:24:31.785,1.26255,1.26277,1.73,2.07
2012.09.26 14:24:32.227,1.26255,1.26277,1.73,2.07
2012.09.26 14:24:32.596,1.26255,1.26277,1.73,1.32
2012.09.26 14:24:33.319,1.26253,1.26277,1.73,1.50
2012.09.26 14:24:33.417,1.26253,1.26277,1.73,1.50
2012.09.26 14:24:33.711,1.2626,1.26282,1.73,1.51
2012.09.26 14:24:33.864,1.26259,1.26281,1.73,1.50
2012.09.26 14:24:34.220,1.2625,1.26269,1.50,1.32
2012.09.26 14:24:34.509,1.26249,1.26269,1.73,1.32
2012.09.26 14:24:35.008,1.26249,1.2627,1.73,1.50
2012.09.26 14:24:35.091,1.26248,1.26271,1.54,1.50
2012.09.26 14:24:35.172,1.26248,1.26271,1.54,1.50
2012.09.26 14:24:35.531,1.26245,1.26267,1.54,1.50
2012.09.26 14:24:36.042,1.26256,1.26273,1.32,1.50
2012.09.26 14:24:36.266,1.26256,1.26278,1.54,2.26
2012.09.26 14:24:36.357,1.26256,1.26279,1.54,3.19
2012.09.26 14:24:36.513,1.26256,1.26276,1.54,1.13
2012.09.26 14:24:36.805,1.26252,1.26275,1.73,1.32
2012.09.26 14:24:37.541,1.26251,1.26274,2.29,2.82
2012.09.26 14:24:37.638,1.26252,1.26274,1.73,1.32
2012.09.26 14:24:37.931,1.26252,1.26274,1.73,1.32
2012.09.26 14:24:38.157,1.26253,1.26274,1.73,1.50
2012.09.26 14:24:38.313,1.26259,1.26282,1.54,2.07
2012.09.26 14:24:38.393,1.26259,1.26281,1.54,1.50
2012.09.26 14:24:38.961,1.26257,1.26278,1.54,1.50
2012.09.26 14:24:39.040,1.26257,1.2628,1.54,1.50
2012.09.26 14:24:39.190,1.26256,1.2628,1.54,1.50
2012.09.26 14:24:39.274,1.26252,1.26275,1.73,2.07
2012.09.26 14:24:39.502,1.26251,1.26274,1.73,1.32
2012.09.26 14:24:39.718,1.26253,1.26277,1.50,2.07
2012.09.26 14:24:40.150,1.26253,1.26278,1.73,1.50
2012.09.26 14:24:40.515,1.26258,1.26281,1.73,1.50
2012.09.26 14:24:41.034,1.26261,1.26283,1.54,2.25
2012.09.26 14:24:41.847,1.26263,1.26283,1.54,2.25
2012.09.26 14:24:44.090,1.26262,1.26285,1.54,2.25
2012.09.26 14:24:44.172,1.26264,1.26287,1.54,1.50
2012.09.26 14:24:44.255,1.26265,1.26288,1.54,1.32
2012.09.26 14:24:44.345,1.26265,1.26288,1.54,2.07
2012.09.26 14:24:44.803,1.26265,1.26286,1.54,1.50
2012.09.26 14:24:45.021,1.26265,1.26288,2.29,1.32
2012.09.26 14:24:45.720,1.26269,1.26291,1.73,1.32
2012.09.26 14:24:46.140,1.26269,1.26292,2.29,1.50
2012.09.26 14:24:46.221,1.26269,1.26292,2.29,1.50
2012.09.26 14:24:47.577,1.26274,1.26294,1.54,2.25
2012.09.26 14:24:47.663,1.26274,1.26297,1.54,2.26
2012.09.26 14:24:47.950,1.26275,1.26298,1.73,2.10
2012.09.26 14:24:48.101,1.26274,1.26294,1.54,1.50
2012.09.26 14:24:48.177,1.26269,1.26292,2.85,1.50
2012.09.26 14:24:48.331,1.26267,1.26288,1.69,1.50
2012.09.26 14:24:48.819,1.26268,1.26292,1.58,2.82
2012.09.26 14:24:48.901,1.26268,1.26292,1.73,2.07
2012.09.26 14:24:49.193,1.26275,1.26298,2.29,2.07
2012.09.26 14:24:49.342,1.26275,1.26296,2.29,1.50
2012.09.26 14:24:49.870,1.26272,1.26295,1.54,1.51
2012.09.26 14:24:50.229,1.26271,1.26293,1.54,1.50
2012.09.26 14:24:51.541,1.26271,1.26293,1.54,1.50
2012.09.26 14:24:53.160,1.26271,1.26291,1.54,1.50
2012.09.26 14:24:54.087,1.26272,1.26294,1.54,2.25
2012.09.26 14:24:54.733,1.26272,1.26294,1.54,1.51
2012.09.26 14:24:55.018,1.26272,1.26294,1.54,1.50
2012.09.26 14:24:55.851,1.26272,1.2629,1.54,1.50
2012.09.26 14:24:56.269,1.26265,1.26289,3.04,1.50
2012.09.26 14:24:56.509,1.26265,1.26288,1.54,1.50
2012.09.26 14:24:56.871,1.26268,1.26291,1.54,1.32
2012.09.26 14:24:57.090,1.26271,1.26294,1.73,1.50
2012.09.26 14:24:57.174,1.26275,1.26297,1.54,1.50
2012.09.26 14:24:57.603,1.26276,1.26299,1.32,2.07
2012.09.26 14:24:58.620,1.26276,1.26299,1.32,2.07
2012.09.26 14:24:58.984,1.26278,1.26299,1.32,1.50
2012.09.26 14:25:00.513,1.26276,1.26298,2.48,1.50
2012.09.26 14:25:01.304,1.26273,1.26297,1.73,1.32
2012.09.26 14:25:01.393,1.26271,1.26293,1.54,1.50
2012.09.26 14:25:01.541,1.26274,1.26296,1.73,1.32
2012.09.26 14:25:02.058,1.26273,1.26296,1.73,1.32
2012.09.26 14:25:02.491,1.26271,1.26294,2.29,1.32
2012.09.26 14:25:03.582,1.26274,1.26298,1.32,1.50
2012.09.26 14:25:03.734,1.26274,1.26298,2.07,1.50
2012.09.26 14:25:03.821,1.26274,1.26296,1.32,1.50
2012.09.26 14:25:04.389,1.26275,1.26297,1.32,1.50
2012.09.26 14:25:04.903,1.26274,1.26296,1.50,1.32
2012.09.26 14:25:04.982,1.26273,1.26295,1.50,1.32
2012.09.26 14:25:05.201,1.26267,1.26289,2.29,1.50
2012.09.26 14:25:05.283,1.26264,1.26286,2.48,1.32
2012.09.26 14:25:05.520,1.26264,1.26286,1.50,2.07
2012.09.26 14:25:05.602,1.26264,1.26286,1.54,1.50
2012.09.26 14:25:06.042,1.26267,1.2629,1.54,1.32
2012.09.26 14:25:06.413,1.26273,1.2629,1.50,1.32
2012.09.26 14:25:06.564,1.26276,1.26297,2.29,1.51
2012.09.26 14:25:06.654,1.26277,1.26299,1.73,1.32
2012.09.26 14:25:06.814,1.26281,1.26299,1.50,1.32
2012.09.26 14:25:06.904,1.26281,1.26299,1.50,1.32
2012.09.26 14:25:07.272,1.26277,1.26299,1.50,1.32
2012.09.26 14:25:07.356,1.26275,1.26297,1.73,1.50
2012.09.26 14:25:07.976,1.26267,1.26291,1.32,1.50
2012.09.26 14:25:08.440,1.26267,1.26291,1.54,1.50
2012.09.26 14:25:09.910,1.26269,1.26292,1.54,1.32
2012.09.26 14:25:10.206,1.26271,1.26293,1.50,1.32
2012.09.26 14:25:10.293,1.26272,1.26294,1.32,1.50
2012.09.26 14:25:10.585,1.26275,1.26299,2.29,1.50
2012.09.26 14:25:10.811,1.26275,1.263,3.04,1.32
2012.09.26 14:25:10.891,1.26275,1.263,3.04,1.32
2012.09.26 14:25:11.138,1.26277,1.263,1.73,1.32
2012.09.26 14:25:11.442,1.26272,1.26292,2.25,1.32
2012.09.26 14:25:11.522,1.26269,1.26292,2.07,1.32
2012.09.26 14:25:12.304,1.26268,1.26292,1.54,2.07
2012.09.26 14:25:12.396,1.26269,1.26292,2.07,1.32
2012.09.26 14:25:12.550,1.26269,1.26292,2.07,1.32
2012.09.26 14:25:12.839,1.26272,1.26291,1.50,1.32
2012.09.26 14:25:12.922,1.26269,1.26291,1.50,1.32
2012.09.26 14:25:13.163,1.26271,1.26295,1.50,2.07
2012.09.26 14:25:13.312,1.26275,1.26296,1.50,1.50
2012.09.26 14:25:13.598,1.26275,1.26299,1.50,1.32
2012.09.26 14:25:14.072,1.26279,1.263,1.50,2.67
2012.09.26 14:25:14.641,1.26279,1.263,1.50,1.92
2012.09.26 14:25:16.580,1.26278,1.263,1.73,1.92
2012.09.26 14:25:17.122,1.26278,1.263,1.73,1.92
2012.09.26 14:25:18.202,1.2628,1.26304,1.73,2.07
2012.09.26 14:25:18.433,1.26281,1.26305,1.54,2.26
2012.09.26 14:25:18.584,1.26285,1.26306,1.50,1.32
2012.09.26 14:25:19.089,1.26285,1.26307,1.50,1.92
2012.09.26 14:25:19.172,1.26283,1.26306,1.73,2.07
2012.09.26 14:25:19.869,1.26281,1.26304,2.29,1.50
2012.09.26 14:25:20.274,1.26281,1.26305,2.29,1.51
2012.09.26 14:25:20.617,1.26284,1.26306,1.50,1.32
2012.09.26 14:25:21.231,1.26284,1.26306,1.50,1.32
2012.09.26 14:25:21.311,1.26281,1.26305,1.54,1.50
2012.09.26 14:25:21.881,1.26281,1.26304,1.54,1.50
2012.09.26 14:25:22.402,1.2628,1.263,1.73,1.17
2012.09.26 14:25:22.496,1.26279,1.263,2.48,1.17
2012.09.26 14:25:23.382,1.26273,1.26296,3.08,1.32
2012.09.26 14:25:24.015,1.26275,1.26296,1.73,1.32
2012.09.26 14:25:24.485,1.26275,1.26295,1.73,1.35
2012.09.26 14:25:24.850,1.26275,1.26292,1.50,1.32
2012.09.26 14:25:25.074,1.26272,1.26292,1.73,1.32
2012.09.26 14:25:25.754,1.26272,1.26283,1.50,1.32
2012.09.26 14:25:25.917,1.26267,1.26285,2.25,1.17
2012.09.26 14:25:26.076,1.26267,1.26287,1.50,1.65
2012.09.26 14:25:26.233,1.26269,1.26293,1.50,1.54
2012.09.26 14:25:26.315,1.26274,1.26296,1.50,1.54
2012.09.26 14:25:26.402,1.26274,1.26296,1.50,1.32
2012.09.26 14:25:26.763,1.26274,1.26296,1.50,1.32
2012.09.26 14:25:27.337,1.26278,1.26298,1.50,2.07
2012.09.26 14:25:28.687,1.26284,1.26301,1.50,2.25
2012.09.26 14:25:28.841,1.26287,1.26306,1.50,2.07
2012.09.26 14:25:28.923,1.26285,1.26306,1.50,2.07
2012.09.26 14:25:29.355,1.2629,1.26308,1.32,1.73
2012.09.26 14:25:29.449,1.26294,1.26312,1.32,1.73
2012.09.26 14:25:29.533,1.26294,1.26316,2.07,1.50
2012.09.26 14:25:29.611,1.26294,1.26316,2.07,1.50
2012.09.26 14:25:30.081,1.26294,1.26317,2.29,1.32
2012.09.26 14:25:30.174,1.26294,1.26317,2.29,1.32
2012.09.26 14:25:30.541,1.26293,1.26315,1.32,1.50
2012.09.26 14:25:31.099,1.26293,1.26315,1.32,1.50
2012.09.26 14:25:31.602,1.26291,1.26314,2.25,1.32
2012.09.26 14:25:31.959,1.26291,1.26313,2.25,1.32
2012.09.26 14:25:33.070,1.26291,1.26314,1.50,1.54
2012.09.26 14:25:33.219,1.26289,1.26313,1.50,1.50
2012.09.26 14:25:34.241,1.26289,1.26313,1.50,2.25
2012.09.26 14:25:34.558,1.26288,1.26311,1.50,1.50
2012.09.26 14:25:35.319,1.26288,1.26311,1.50,1.50
2012.09.26 14:25:35.398,1.2629,1.26314,1.50,1.73
2012.09.26 14:25:35.951,1.26291,1.26315,1.32,1.73
2012.09.26 14:25:36.642,1.26295,1.26317,1.50,1.32
2012.09.26 14:25:38.092,1.26299,1.2632,1.50,1.73
2012.09.26 14:25:38.173,1.26298,1.26323,1.32,1.32
2012.09.26 14:25:38.252,1.26294,1.26319,1.50,1.54
2012.09.26 14:25:38.822,1.26294,1.2632,1.50,1.32
2012.09.26 14:25:39.712,1.26294,1.2632,1.50,1.54
2012.09.26 14:25:39.869,1.26294,1.26322,1.50,1.54
2012.09.26 14:25:41.171,1.26299,1.26323,1.58,1.50
2012.09.26 14:25:41.251,1.26307,1.26327,1.32,1.13
2012.09.26 14:25:41.912,1.26307,1.26327,1.32,1.13
2012.09.26 14:25:42.568,1.26307,1.26329,1.32,1.50
2012.09.26 14:25:43.139,1.26308,1.26329,1.32,1.51
2012.09.26 14:25:43.734,1.26309,1.26332,1.32,1.51
2012.09.26 14:25:43.881,1.26309,1.26332,1.32,1.50
2012.09.26 14:25:44.030,1.26309,1.26334,2.07,1.92
2012.09.26 14:25:44.115,1.26309,1.2633,1.32,1.50
2012.09.26 14:25:44.330,1.26307,1.2633,1.50,1.32
2012.09.26 14:25:45.707,1.26307,1.2633,1.50,1.32
2012.09.26 14:25:46.220,1.26306,1.26331,1.32,1.32
2012.09.26 14:25:46.583,1.26308,1.26331,1.50,1.54
2012.09.26 14:25:46.667,1.26308,1.26331,1.50,1.32
2012.09.26 14:25:46.961,1.26306,1.26334,1.73,1.50
2012.09.26 14:25:47.480,1.26309,1.26332,1.32,1.32
2012.09.26 14:25:47.564,1.26309,1.26333,1.54,1.32
2012.09.26 14:25:48.985,1.26314,1.26336,1.32,1.50
2012.09.26 14:25:49.522,1.26314,1.26336,1.32,1.50
2012.09.26 14:25:49.600,1.26314,1.26337,1.32,1.32
2012.09.26 14:25:50.102,1.26314,1.26337,1.32,1.32
2012.09.26 14:25:50.893,1.26313,1.26336,1.32,1.50
2012.09.26 14:25:50.973,1.26313,1.26338,1.32,1.32
2012.09.26 14:25:51.336,1.26315,1.26339,1.50,1.17
2012.09.26 14:25:51.423,1.26315,1.26341,1.50,1.24
2012.09.26 14:25:51.506,1.2632,1.26342,1.32,2.18
2012.09.26 14:25:52.009,1.26318,1.26342,1.73,1.32
2012.09.26 14:25:52.512,1.2632,1.26345,1.32,1.32
2012.09.26 14:25:53.081,1.26318,1.26342,1.50,2.48
2012.09.26 14:25:53.233,1.26314,1.26338,1.32,1.32
2012.09.26 14:25:53.449,1.26314,1.26341,1.32,1.54
2012.09.26 14:25:53.952,1.26314,1.26338,1.32,1.32
2012.09.26 14:25:55.104,1.26314,1.2634,1.32,1.54
2012.09.26 14:25:55.412,1.26314,1.26337,1.32,1.32
2012.09.26 14:25:55.700,1.26315,1.26341,1.50,1.32
2012.09.26 14:25:56.011,1.26314,1.26337,1.32,1.32
2012.09.26 14:25:56.512,1.26311,1.26337,2.29,1.32
2012.09.26 14:25:57.036,1.26312,1.26337,1.54,1.32
2012.09.26 14:25:57.400,1.26308,1.26331,1.32,1.32
2012.09.26 14:25:58.011,1.26308,1.26331,1.32,1.32
2012.09.26 14:25:58.683,1.26308,1.26331,1.32,1.32
2012.09.26 14:25:59.221,1.26308,1.26331,1.32,1.32
2012.09.26 14:25:59.723,1.26308,1.26331,1.92,1.32
2012.09.26 14:26:00.548,1.26315,1.26339,1.58,1.32
2012.09.26 14:26:01.050,1.26314,1.26337,1.50,1.32
2012.09.26 14:26:02.119,1.26313,1.26336,1.50,1.54
2012.09.26 14:26:02.648,1.26313,1.26336,1.50,1.54
2012.09.26 14:26:03.203,1.26313,1.26334,1.50,1.32
2012.09.26 14:26:03.281,1.26312,1.26334,1.50,1.32
2012.09.26 14:26:04.797,1.26312,1.26335,2.07,2.07
2012.09.26 14:26:05.932,1.26312,1.26335,2.82,1.32
2012.09.26 14:26:06.731,1.26313,1.26335,1.50,1.32
2012.09.26 14:26:07.997,1.26312,1.26335,2.82,1.32
2012.09.26 14:26:08.791,1.26316,1.2634,1.32,1.54
2012.09.26 14:26:09.363,1.26317,1.26339,1.32,2.10
2012.09.26 14:26:09.690,1.26317,1.26337,1.32,1.50
2012.09.26 14:26:10.040,1.26315,1.26336,1.32,1.35
2012.09.26 14:26:10.332,1.26309,1.26332,1.54,1.32
2012.09.26 14:26:10.409,1.26309,1.26332,1.32,1.32
2012.09.26 14:26:10.700,1.26308,1.26332,1.32,1.32
2012.09.26 14:26:14.121,1.26305,1.2633,2.48,1.32
2012.09.26 14:26:14.747,1.26304,1.26328,2.07,1.32
2012.09.26 14:26:16.649,1.26304,1.2633,2.29,2.82
2012.09.26 14:26:17.478,1.26305,1.2633,1.32,2.07
2012.09.26 14:26:18.066,1.26305,1.2633,2.07,2.29
2012.09.26 14:26:18.716,1.26305,1.2633,2.07,3.04
2012.09.26 14:26:20.949,1.26305,1.2633,2.07,3.04
2012.09.26 14:26:21.517,1.26304,1.26329,1.32,1.32
2012.09.26 14:26:23.512,1.26307,1.26331,1.32,1.73
2012.09.26 14:26:23.868,1.26308,1.26332,1.32,1.50
2012.09.26 14:26:24.021,1.26308,1.26332,1.32,1.50
2012.09.26 14:26:24.529,1.26308,1.26332,1.32,1.73
2012.09.26 14:26:24.610,1.26311,1.26334,1.32,1.54
2012.09.26 14:26:24.828,1.26311,1.26335,1.32,2.29
2012.09.26 14:26:25.808,1.26313,1.26335,1.32,1.73
2012.09.26 14:26:26.338,1.26313,1.26336,1.32,1.51
2012.09.26 14:26:27.155,1.26308,1.26332,1.54,1.50
2012.09.26 14:26:27.241,1.26308,1.26332,1.32,2.10
2012.09.26 14:26:28.980,1.26306,1.2633,1.50,1.54
2012.09.26 14:26:29.669,1.26307,1.26331,1.32,1.73
2012.09.26 14:26:29.891,1.26308,1.26332,1.32,1.50
2012.09.26 14:26:30.183,1.26308,1.26333,1.32,1.50
2012.09.26 14:26:31.839,1.26308,1.26334,2.07,2.07
2012.09.26 14:26:32.346,1.26309,1.26334,1.32,2.07
2012.09.26 14:26:33.652,1.26309,1.26334,1.32,1.32
2012.09.26 14:26:34.343,1.26309,1.26337,1.54,1.32
2012.09.26 14:26:34.859,1.26309,1.26336,1.54,1.32
2012.09.26 14:26:35.674,1.26309,1.26338,1.54,1.54
2012.09.26 14:26:35.748,1.26311,1.26338,1.32,1.54
2012.09.26 14:26:36.309,1.26311,1.26339,1.32,3.04
2012.09.26 14:26:40.164,1.2631,1.26336,1.54,1.69
2012.09.26 14:26:40.395,1.26305,1.26332,1.54,1.92
2012.09.26 14:26:40.690,1.26305,1.26329,1.32,1.54
2012.09.26 14:26:42.053,1.26304,1.2632,1.50,1.32
2012.09.26 14:26:42.373,1.26299,1.26311,2.63,1.50
2012.09.26 14:26:42.929,1.26297,1.26314,2.07,1.50
2012.09.26 14:26:43.013,1.26297,1.26314,1.32,1.50
2012.09.26 14:26:43.228,1.26294,1.26314,2.48,1.50
2012.09.26 14:26:43.788,1.26294,1.26314,2.48,1.50
2012.09.26 14:26:44.309,1.26294,1.26314,1.50,1.50
2012.09.26 14:26:45.194,1.26295,1.26314,1.50,1.50
2012.09.26 14:26:45.276,1.26296,1.26317,1.50,2.07
2012.09.26 14:26:45.362,1.26296,1.26317,1.50,2.07
2012.09.26 14:26:46.431,1.26294,1.26314,1.32,1.50
2012.09.26 14:26:46.592,1.26295,1.26317,1.32,3.00
2012.09.26 14:26:47.200,1.26302,1.26321,1.50,1.32
2012.09.26 14:26:47.701,1.26302,1.26318,1.50,1.32
2012.09.26 14:26:48.241,1.26302,1.2632,1.50,1.32
2012.09.26 14:26:48.602,1.26302,1.26323,1.50,1.50
2012.09.26 14:26:48.681,1.26302,1.26323,1.50,1.50
2012.09.26 14:26:48.959,1.26305,1.26327,1.54,1.50
2012.09.26 14:26:49.248,1.26305,1.26327,1.54,1.50
2012.09.26 14:26:50.548,1.26305,1.26327,2.29,1.50
2012.09.26 14:26:51.503,1.26304,1.26327,1.32,1.50
2012.09.26 14:26:52.041,1.26304,1.26326,1.32,1.50
2012.09.26 14:26:52.376,1.26301,1.26324,1.73,1.50
2012.09.26 14:26:52.599,1.263,1.26324,3.04,2.25
2012.09.26 14:26:56.237,1.263,1.26324,2.29,1.50
2012.09.26 14:26:56.873,1.26302,1.26326,1.73,1.32
2012.09.26 14:26:57.396,1.26303,1.26327,1.32,1.50
2012.09.26 14:27:00.830,1.26303,1.26327,1.32,2.82
2012.09.26 14:27:01.110,1.26303,1.26326,1.32,1.50
2012.09.26 14:27:01.701,1.26303,1.26323,1.32,1.50
2012.09.26 14:27:01.862,1.26298,1.26323,1.73,2.25
2012.09.26 14:27:02.021,1.26298,1.26323,1.73,1.50
2012.09.26 14:27:02.602,1.26301,1.26324,1.32,2.82
2012.09.26 14:27:03.108,1.26299,1.26323,1.32,1.50
2012.09.26 14:27:03.947,1.26299,1.26322,1.32,1.32
2012.09.26 14:27:05.029,1.26299,1.26322,1.54,1.32
2012.09.26 14:27:05.540,1.26299,1.26322,1.54,1.32
2012.09.26 14:27:06.357,1.26299,1.26322,1.54,1.32
2012.09.26 14:27:08.699,1.263,1.26322,1.73,1.32
2012.09.26 14:27:08.994,1.26303,1.26328,2.29,2.07
2012.09.26 14:27:09.140,1.26307,1.26329,1.73,1.32
2012.09.26 14:27:09.830,1.26307,1.26329,1.73,1.32
2012.09.26 14:27:10.189,1.26308,1.2633,1.50,1.32
2012.09.26 14:27:11.098,1.26308,1.26331,2.07,1.32
2012.09.26 14:27:11.181,1.26308,1.26331,2.07,1.32
2012.09.26 14:27:11.330,1.26314,1.26334,1.32,1.50
2012.09.26 14:27:11.500,1.26311,1.26332,1.73,1.32
2012.09.26 14:27:12.059,1.26311,1.26332,1.50,1.32
2012.09.26 14:27:12.355,1.26312,1.26334,1.32,1.50
2012.09.26 14:27:12.510,1.26313,1.26337,1.54,1.50
2012.09.26 14:27:12.873,1.26314,1.26339,1.54,2.82
2012.09.26 14:27:13.975,1.26314,1.26335,1.54,1.50
2012.09.26 14:27:14.203,1.26314,1.26339,3.04,2.07
2012.09.26 14:27:14.278,1.26315,1.26339,1.73,1.32
2012.09.26 14:27:14.642,1.26314,1.26337,1.54,1.50
2012.09.26 14:27:15.068,1.26314,1.26334,1.54,1.50
2012.09.26 14:27:15.600,1.26314,1.26335,1.54,1.50
2012.09.26 14:27:16.170,1.26314,1.26336,1.54,1.50
2012.09.26 14:27:16.247,1.26315,1.26338,1.54,1.32
2012.09.26 14:27:16.678,1.26315,1.26338,1.54,1.32
2012.09.26 14:27:17.207,1.26315,1.26338,1.54,1.32
2012.09.26 14:27:17.710,1.26315,1.26338,1.54,1.32
2012.09.26 14:27:17.859,1.26316,1.2634,1.73,1.32
2012.09.26 14:27:19.172,1.26315,1.26338,1.54,1.32
2012.09.26 14:27:19.390,1.26315,1.26336,1.54,1.50
2012.09.26 14:27:21.078,1.26313,1.26333,1.54,1.50
2012.09.26 14:27:21.455,1.26315,1.26335,1.32,1.50
2012.09.26 14:27:21.543,1.26315,1.26337,1.32,2.25
2012.09.26 14:27:22.179,1.26317,1.2634,1.54,1.50
2012.09.26 14:27:24.427,1.26317,1.2634,1.54,1.50
2012.09.26 14:27:24.785,1.26315,1.26339,2.29,1.50
2012.09.26 14:27:25.154,1.26315,1.26331,1.32,1.35
2012.09.26 14:27:25.584,1.26312,1.26327,1.50,1.50
2012.09.26 14:27:25.733,1.26305,1.26327,2.48,1.50
2012.09.26 14:27:25.964,1.2631,1.26327,1.54,1.50
2012.09.26 14:27:26.739,1.26308,1.26327,1.73,1.32
2012.09.26 14:27:26.827,1.26307,1.26324,1.50,1.32
2012.09.26 14:27:27.119,1.26301,1.26324,2.29,1.32
2012.09.26 14:27:27.622,1.26301,1.26324,2.29,1.32
2012.09.26 14:27:27.702,1.26301,1.26324,2.29,1.32
2012.09.26 14:27:28.131,1.26301,1.26324,2.29,1.32
2012.09.26 14:27:28.821,1.26305,1.26328,1.50,1.32
2012.09.26 14:27:29.178,1.26309,1.26331,1.54,1.50
2012.09.26 14:27:29.961,1.26309,1.26331,1.54,1.50
2012.09.26 14:27:30.048,1.26312,1.26336,1.50,1.32
2012.09.26 14:27:30.132,1.26311,1.26334,1.73,1.50
2012.09.26 14:27:30.213,1.26309,1.26331,1.73,1.50
2012.09.26 14:27:30.571,1.26307,1.2633,1.73,1.32
2012.09.26 14:27:31.211,1.26307,1.2633,1.73,1.32
2012.09.26 14:27:31.819,1.26302,1.26322,1.13,1.50
2012.09.26 14:27:32.138,1.26302,1.26322,1.50,1.50
2012.09.26 14:27:32.504,1.26298,1.26313,1.50,1.50
2012.09.26 14:27:32.724,1.26291,1.26313,1.50,1.50
2012.09.26 14:27:32.816,1.26291,1.26311,1.50,1.32
2012.09.26 14:27:33.114,1.26295,1.26316,1.50,1.32
2012.09.26 14:27:33.473,1.26296,1.2632,1.50,2.07
2012.09.26 14:27:33.554,1.26298,1.26321,1.54,1.50
2012.09.26 14:27:34.211,1.26299,1.26323,1.73,2.82
2012.09.26 14:27:34.779,1.26299,1.26323,1.73,2.07
2012.09.26 14:27:35.199,1.26298,1.26322,2.29,1.13
2012.09.26 14:27:35.638,1.263,1.26322,1.32,1.73
2012.09.26 14:27:35.933,1.26301,1.26323,1.50,1.32
2012.09.26 14:27:36.555,1.26304,1.26326,1.35,1.32
2012.09.26 14:27:36.990,1.26302,1.26323,1.50,1.32
2012.09.26 14:27:37.281,1.26301,1.26323,1.73,1.32
2012.09.26 14:27:37.639,1.26302,1.26323,1.35,1.32
2012.09.26 14:27:37.720,1.26307,1.26329,1.32,2.10
2012.09.26 14:27:37.875,1.26304,1.26328,1.54,1.50
2012.09.26 14:27:38.102,1.26302,1.26324,3.00,1.32
2012.09.26 14:27:38.883,1.26303,1.26324,1.73,1.32
2012.09.26 14:27:39.452,1.26304,1.26325,1.50,1.32
2012.09.26 14:27:40.870,1.26303,1.26325,2.48,1.32
2012.09.26 14:27:41.332,1.26303,1.26324,1.50,1.50
2012.09.26 14:27:41.695,1.26301,1.26322,1.17,1.50
2012.09.26 14:27:41.784,1.26302,1.26326,1.32,1.50
2012.09.26 14:27:41.865,1.26302,1.26326,1.32,1.50
2012.09.26 14:27:42.019,1.26302,1.26326,1.54,1.50
2012.09.26 14:27:45.970,1.26302,1.26326,2.48,1.50
2012.09.26 14:27:46.329,1.26301,1.26321,1.88,1.50
2012.09.26 14:27:46.773,1.26301,1.26319,1.13,2.25
2012.09.26 14:27:50.410,1.26299,1.26317,2.25,1.50
2012.09.26 14:27:50.633,1.26293,1.26313,1.13,1.50
2012.09.26 14:27:50.711,1.26292,1.26311,1.13,1.50
2012.09.26 14:27:50.796,1.26289,1.26309,2.44,1.50
2012.09.26 14:27:50.954,1.26292,1.26311,1.13,2.07
2012.09.26 14:27:51.102,1.26288,1.26308,1.50,1.50
2012.09.26 14:27:51.621,1.26288,1.26308,1.50,2.25
2012.09.26 14:27:51.774,1.26291,1.2631,1.50,2.07
2012.09.26 14:27:51.865,1.26293,1.2631,1.50,1.32
2012.09.26 14:27:52.161,1.26293,1.2631,1.50,2.07
2012.09.26 14:27:52.839,1.26288,1.26308,1.50,1.50
2012.09.26 14:27:53.253,1.26288,1.26308,1.50,1.50
2012.09.26 14:27:54.443,1.26288,1.26308,1.50,1.50
2012.09.26 14:27:54.944,1.26288,1.26308,1.50,1.50
2012.09.26 14:27:55.271,1.26295,1.26311,1.32,1.73
2012.09.26 14:27:55.488,1.26297,1.26314,1.50,1.50
2012.09.26 14:27:55.711,1.26301,1.26318,1.50,1.05
2012.09.26 14:27:55.789,1.26301,1.26319,1.50,2.25
2012.09.26 14:27:56.350,1.26302,1.26319,1.50,1.50
2012.09.26 14:27:56.784,1.26301,1.26319,1.32,1.50
2012.09.26 14:27:58.168,1.26299,1.26319,1.50,1.50
2012.09.26 14:27:58.251,1.26301,1.2632,1.13,1.32
2012.09.26 14:27:58.554,1.26309,1.26328,1.50,1.54
2012.09.26 14:27:59.344,1.26307,1.26326,1.50,1.32
2012.09.26 14:27:59.783,1.26307,1.26327,2.25,1.50
2012.09.26 14:27:59.928,1.26307,1.26328,2.25,2.07
2012.09.26 14:28:00.400,1.26309,1.2633,1.50,1.32
2012.09.26 14:28:00.623,1.26316,1.26335,2.07,1.51
2012.09.26 14:28:00.926,1.26317,1.26333,1.50,2.07
2012.09.26 14:28:01.015,1.26314,1.26333,1.50,1.32
2012.09.26 14:28:01.174,1.26315,1.26333,1.73,1.32
2012.09.26 14:28:01.250,1.26311,1.2633,1.73,1.50
2012.09.26 14:28:02.827,1.26313,1.2633,1.32,1.50
2012.09.26 14:28:03.135,1.2631,1.26329,2.25,2.07
2012.09.26 14:28:03.513,1.2631,1.26326,1.73,1.50
2012.09.26 14:28:03.880,1.26307,1.26327,1.73,2.25
2012.09.26 14:28:03.962,1.26317,1.26333,1.50,1.50
2012.09.26 14:28:04.050,1.26317,1.26336,1.50,1.50
2012.09.26 14:28:04.203,1.26317,1.26336,1.50,1.50
2012.09.26 14:28:04.633,1.26313,1.26333,1.50,2.07
2012.09.26 14:28:05.268,1.26313,1.26332,1.50,1.50
2012.09.26 14:28:05.829,1.2631,1.26329,1.32,1.50
2012.09.26 14:28:06.391,1.2631,1.26329,1.32,1.50
2012.09.26 14:28:06.680,1.26317,1.26337,2.29,1.50
2012.09.26 14:28:07.261,1.26312,1.26332,1.50,1.50
2012.09.26 14:28:07.623,1.26316,1.26335,1.50,1.32
2012.09.26 14:28:07.840,1.26315,1.26333,1.50,1.32
2012.09.26 14:28:07.992,1.26316,1.26334,1.17,1.50
2012.09.26 14:28:08.209,1.2632,1.26338,1.50,1.50
2012.09.26 14:28:08.293,1.26322,1.26338,1.54,1.50
2012.09.26 14:28:08.526,1.26323,1.26342,1.54,1.50
2012.09.26 14:28:08.618,1.26324,1.26342,1.54,1.50
2012.09.26 14:28:08.706,1.26324,1.26345,1.54,1.50
2012.09.26 14:28:09.490,1.26324,1.26342,1.32,1.50
2012.09.26 14:28:09.569,1.2632,1.2634,2.25,1.32
2012.09.26 14:28:09.648,1.2632,1.2634,1.50,2.07
2012.09.26 14:28:10.577,1.26326,1.26343,1.50,1.54
2012.09.26 14:28:10.940,1.26321,1.26341,2.25,1.32
2012.09.26 14:28:12.342,1.26318,1.26337,3.04,1.50
2012.09.26 14:28:12.699,1.26318,1.26337,1.50,2.07
2012.09.26 14:28:12.778,1.26317,1.26334,1.50,1.32
2012.09.26 14:28:13.141,1.26317,1.26334,1.50,1.32
2012.09.26 14:28:13.293,1.26319,1.2634,2.07,1.50
2012.09.26 14:28:13.443,1.26323,1.26342,1.50,1.32
2012.09.26 14:28:13.759,1.26321,1.26341,1.50,1.50
2012.09.26 14:28:15.204,1.2632,1.2634,1.32,1.50
2012.09.26 14:28:15.563,1.26315,1.26333,1.92,1.50
2012.09.26 14:28:15.717,1.26317,1.26337,1.32,2.25
2012.09.26 14:28:16.508,1.26317,1.26339,1.50,2.25
2012.09.26 14:28:18.192,1.26315,1.26334,1.50,1.50
2012.09.26 14:28:18.354,1.26314,1.26333,2.07,1.50
2012.09.26 14:28:18.448,1.26311,1.26329,1.73,1.50
2012.09.26 14:28:18.535,1.26309,1.26329,3.23,1.50
2012.09.26 14:28:18.626,1.26309,1.26328,1.73,1.50
2012.09.26 14:28:18.783,1.26311,1.26331,1.73,1.50
2012.09.26 14:28:18.933,1.26309,1.26328,1.54,1.50
2012.09.26 14:28:19.162,1.2631,1.26329,1.50,1.50
2012.09.26 14:28:19.452,1.26317,1.26334,1.50,1.50
2012.09.26 14:28:19.533,1.26319,1.26336,1.50,1.54
2012.09.26 14:28:19.681,1.2632,1.2634,1.50,2.25
2012.09.26 14:28:20.040,1.26319,1.26338,1.50,1.50
2012.09.26 14:28:21.998,1.26319,1.26338,2.25,1.50
2012.09.26 14:28:22.081,1.2632,1.2634,2.25,1.50
2012.09.26 14:28:22.432,1.26323,1.26342,1.50,1.50
2012.09.26 14:28:23.419,1.26325,1.26344,1.50,1.50
2012.09.26 14:28:24.141,1.26325,1.26344,1.50,1.50
2012.09.26 14:28:24.292,1.26329,1.26348,1.32,1.65
2012.09.26 14:28:24.372,1.26326,1.26347,1.50,2.21
2012.09.26 14:28:24.732,1.26329,1.26348,1.50,2.07
2012.09.26 14:28:24.885,1.26328,1.26347,1.50,2.07
2012.09.26 14:28:24.972,1.26328,1.26347,2.25,1.32
2012.09.26 14:28:25.262,1.2633,1.2635,1.50,1.65
2012.09.26 14:28:25.343,1.26333,1.2635,1.50,1.65
2012.09.26 14:28:25.879,1.26331,1.26351,1.73,1.50
2012.09.26 14:28:26.567,1.26331,1.26352,1.73,1.50
2012.09.26 14:28:26.874,1.26335,1.26357,1.50,1.42
2012.09.26 14:28:28.040,1.26338,1.26358,2.25,1.32
2012.09.26 14:28:29.532,1.26337,1.26357,1.50,1.32
2012.09.26 14:28:30.099,1.26334,1.26355,1.50,2.10
2012.09.26 14:28:32.709,1.26332,1.26351,1.54,1.50
2012.09.26 14:28:32.929,1.2633,1.26351,2.48,2.07
2012.09.26 14:28:33.014,1.26329,1.26347,1.73,1.50
2012.09.26 14:28:33.448,1.26327,1.26346,2.48,1.50
2012.09.26 14:28:34.178,1.2633,1.26347,1.50,1.50
2012.09.26 14:28:34.279,1.26327,1.26347,2.25,2.07
2012.09.26 14:28:36.174,1.26327,1.26347,1.50,2.07
2012.09.26 14:28:37.704,1.26324,1.2634,1.50,1.50
2012.09.26 14:28:38.084,1.26322,1.2634,1.50,1.32
2012.09.26 14:28:38.172,1.26322,1.26342,1.50,2.25
2012.09.26 14:28:38.322,1.26322,1.26342,1.50,1.50
2012.09.26 14:28:38.405,1.26325,1.26343,1.50,1.50
2012.09.26 14:28:38.568,1.26325,1.26345,1.50,1.32
2012.09.26 14:28:39.962,1.26329,1.26347,1.50,1.32
2012.09.26 14:28:40.042,1.26331,1.26351,1.32,1.73
2012.09.26 14:28:40.191,1.26331,1.26353,2.07,1.50
2012.09.26 14:28:40.269,1.26333,1.26353,1.50,1.50
2012.09.26 14:28:41.133,1.26334,1.26356,1.73,1.50
2012.09.26 14:28:41.493,1.26331,1.26353,2.48,2.07
2012.09.26 14:28:41.848,1.26329,1.26348,1.50,2.07
2012.09.26 14:28:42.070,1.26326,1.26345,1.50,1.50
2012.09.26 14:28:42.588,1.26326,1.26346,1.50,1.50
2012.09.26 14:28:43.671,1.26329,1.26348,1.50,1.32
2012.09.26 14:28:43.824,1.26325,1.26345,3.00,1.50
2012.09.26 14:28:44.043,1.26331,1.2635,1.32,1.50
2012.09.26 14:28:44.135,1.26332,1.26351,1.50,1.50
2012.09.26 14:28:44.224,1.26335,1.26355,1.50,1.51
2012.09.26 14:28:44.451,1.26336,1.26355,1.32,1.51
2012.09.26 14:28:45.042,1.26332,1.26349,1.73,1.50
2012.09.26 14:28:45.132,1.26329,1.26349,1.50,2.07
2012.09.26 14:28:45.703,1.26328,1.26346,1.50,1.50
2012.09.26 14:28:46.257,1.26326,1.26347,2.25,1.50
2012.09.26 14:28:51.049,1.26325,1.26346,1.32,1.50
2012.09.26 14:28:53.651,1.26325,1.26345,1.32,1.50
2012.09.26 14:28:53.943,1.26321,1.2634,1.73,1.50
2012.09.26 14:28:54.020,1.2632,1.2634,2.48,1.50
2012.09.26 14:28:54.099,1.2632,1.26339,1.50,1.50
2012.09.26 14:28:54.182,1.2632,1.26336,1.50,1.50
2012.09.26 14:28:54.540,1.26315,1.26334,1.50,2.25
2012.09.26 14:28:54.901,1.26313,1.26332,1.50,1.50
2012.09.26 14:28:57.238,1.26315,1.26333,1.50,1.50
2012.09.26 14:28:57.839,1.26315,1.26334,1.50,1.50
2012.09.26 14:28:58.779,1.26313,1.26334,1.50,1.88
2012.09.26 14:28:59.008,1.26312,1.26328,1.32,1.50
2012.09.26 14:28:59.677,1.26305,1.26325,3.64,1.50
2012.09.26 14:28:59.766,1.26305,1.26325,1.32,1.50
2012.09.26 14:29:02.140,1.26305,1.26324,1.32,1.35
2012.09.26 14:29:02.223,1.26304,1.26321,1.32,1.50
2012.09.26 14:29:02.581,1.26299,1.26317,1.50,1.50
2012.09.26 14:29:02.733,1.263,1.2632,1.50,1.50
2012.09.26 14:29:03.329,1.263,1.2632,1.50,2.07
2012.09.26 14:29:03.689,1.26295,1.26312,1.50,1.50
2012.09.26 14:29:04.194,1.26294,1.26312,1.50,1.50
2012.09.26 14:29:06.720,1.26293,1.26311,1.50,1.50
2012.09.26 14:29:07.980,1.26289,1.2631,3.57,1.50
2012.09.26 14:29:08.484,1.26293,1.26312,1.50,2.10
2012.09.26 14:29:08.632,1.26291,1.2631,1.50,2.07
2012.09.26 14:29:09.119,1.26291,1.2631,1.50,1.32
2012.09.26 14:29:09.268,1.26291,1.26312,2.07,1.50
2012.09.26 14:29:10.703,1.26297,1.26315,1.32,1.50
2012.09.26 14:29:11.299,1.26301,1.2632,1.50,2.07
2012.09.26 14:29:11.877,1.26301,1.26318,2.25,1.32
2012.09.26 14:29:12.031,1.26298,1.26315,1.35,1.50
2012.09.26 14:29:12.187,1.26295,1.26314,1.20,1.50
2012.09.26 14:29:12.270,1.26293,1.26314,1.95,1.50
2012.09.26 14:29:13.140,1.26293,1.26314,1.50,2.25
2012.09.26 14:29:13.821,1.26293,1.26314,2.07,2.25
2012.09.26 14:29:14.382,1.26295,1.26314,1.32,2.25
2012.09.26 14:29:15.329,1.26298,1.26315,1.50,1.32
2012.09.26 14:29:16.962,1.26294,1.26314,1.50,1.32
2012.09.26 14:29:20.857,1.26294,1.26314,2.25,1.32
2012.09.26 14:29:20.929,1.26293,1.26313,1.50,1.32
2012.09.26 14:29:21.293,1.26291,1.26305,1.50,1.50
2012.09.26 14:29:21.657,1.26295,1.26305,2.10,1.50
2012.09.26 14:29:22.021,1.26305,1.26312,1.73,1.50
2012.09.26 14:29:22.171,1.26305,1.26319,2.29,1.13
2012.09.26 14:29:22.323,1.26306,1.26325,1.32,1.50
2012.09.26 14:29:22.398,1.26306,1.26325,1.32,1.13
2012.09.26 14:29:23.445,1.26305,1.26322,1.50,1.50
2012.09.26 14:29:23.535,1.26305,1.26322,1.50,1.50
2012.09.26 14:29:23.612,1.26306,1.26322,1.54,1.50
2012.09.26 14:29:23.694,1.26306,1.26325,2.29,1.50
2012.09.26 14:29:24.309,1.26306,1.26325,2.82,1.50
2012.09.26 14:29:24.823,1.26306,1.26325,2.25,1.50
2012.09.26 14:29:24.974,1.26306,1.26325,2.48,1.50
2012.09.26 14:29:25.193,1.26305,1.26324,2.07,2.25
2012.09.26 14:29:25.340,1.26305,1.26324,2.25,2.25
2012.09.26 14:29:25.423,1.26303,1.2632,1.54,1.50
2012.09.26 14:29:25.641,1.26302,1.2632,1.54,1.50
2012.09.26 14:29:25.792,1.26303,1.26319,1.54,1.50
2012.09.26 14:29:26.081,1.26301,1.26319,1.50,1.50
2012.09.26 14:29:26.372,1.26299,1.26316,1.50,1.50
2012.09.26 14:29:26.519,1.26299,1.26319,3.00,2.07
2012.09.26 14:29:27.184,1.26299,1.2631,2.25,1.32
2012.09.26 14:29:27.342,1.26296,1.26312,1.73,1.13
2012.09.26 14:29:27.424,1.26296,1.26314,1.50,1.32
2012.09.26 14:29:27.576,1.26298,1.26318,1.50,1.73
2012.09.26 14:29:27.667,1.263,1.26318,1.50,1.51
2012.09.26 14:29:27.753,1.263,1.26319,1.50,1.50
2012.09.26 14:29:28.350,1.26298,1.26318,2.25,1.50
2012.09.26 14:29:29.615,1.26296,1.26315,3.23,1.50
2012.09.26 14:29:30.177,1.26296,1.26315,1.73,1.50
2012.09.26 14:29:30.543,1.26304,1.26317,1.13,1.50
2012.09.26 14:29:30.627,1.26304,1.26321,1.13,2.25
2012.09.26 14:29:30.713,1.26302,1.26321,2.67,1.50
2012.09.26 14:29:30.858,1.26303,1.26324,1.73,1.50
2012.09.26 14:29:30.939,1.26303,1.26324,1.50,1.50
2012.09.26 14:29:31.502,1.26302,1.26323,1.32,1.50
2012.09.26 14:29:34.408,1.26302,1.2632,1.32,1.50
2012.09.26 14:29:35.716,1.26303,1.26321,1.32,1.50
2012.09.26 14:29:35.875,1.26311,1.26328,1.50,1.32
2012.09.26 14:29:35.955,1.26311,1.2633,2.07,1.50
2012.09.26 14:29:36.252,1.26308,1.26327,1.73,1.50
2012.09.26 14:29:36.403,1.26306,1.26327,4.32,2.25
2012.09.26 14:29:36.483,1.26306,1.26326,3.57,1.50
2012.09.26 14:29:36.844,1.26307,1.26324,1.50,1.32
2012.09.26 14:29:36.937,1.26305,1.26323,1.50,1.32
2012.09.26 14:29:37.442,1.26303,1.26323,1.50,2.07
2012.09.26 14:29:37.597,1.26296,1.26313,1.73,1.32
2012.09.26 14:29:37.751,1.26299,1.26315,1.50,1.50
2012.09.26 14:29:37.972,1.26301,1.26321,2.25,2.67
2012.09.26 14:29:38.539,1.26302,1.26321,2.25,2.44
2012.09.26 14:29:38.975,1.26306,1.26321,1.50,1.88
2012.09.26 14:29:39.795,1.2632,1.26326,1.35,1.50
2012.09.26 14:29:39.914,1.26309,1.26327,1.69,2.25
2012.09.26 14:29:40.013,1.26308,1.26327,1.32,2.25
2012.09.26 14:29:40.581,1.26307,1.26327,1.50,1.50
2012.09.26 14:29:40.943,1.2631,1.26329,1.50,1.32
2012.09.26 14:29:41.593,1.26311,1.2633,1.50,2.07
2012.09.26 14:29:41.961,1.2631,1.26328,1.50,1.32
2012.09.26 14:29:42.615,1.2631,1.26329,1.50,1.32
2012.09.26 14:29:43.841,1.26317,1.26333,1.50,1.50
2012.09.26 14:29:43.924,1.26314,1.26334,1.50,1.32
2012.09.26 14:29:45.630,1.26311,1.26332,1.50,1.32
2012.09.26 14:29:46.211,1.26314,1.26335,1.32,2.48
2012.09.26 14:29:46.294,1.26315,1.26335,2.07,1.73
2012.09.26 14:29:46.651,1.26319,1.26338,1.50,1.32
2012.09.26 14:29:47.650,1.26315,1.26335,1.50,2.07
2012.09.26 14:29:47.800,1.26318,1.26335,1.50,1.32
2012.09.26 14:29:48.250,1.26316,1.26335,1.50,1.32
2012.09.26 14:29:48.541,1.26312,1.26329,1.50,1.32
2012.09.26 14:29:49.341,1.26311,1.26327,1.50,1.50
2012.09.26 14:29:49.848,1.2631,1.26327,1.50,2.10
2012.09.26 14:29:51.120,1.2631,1.26326,1.50,1.32
2012.09.26 14:29:52.239,1.26309,1.26325,1.50,1.17
2012.09.26 14:29:52.750,1.26307,1.26325,1.50,1.17
2012.09.26 14:29:53.102,1.26306,1.26324,1.50,1.35
2012.09.26 14:29:53.183,1.26304,1.26324,2.25,1.35
2012.09.26 14:29:53.540,1.26302,1.2632,1.50,1.32
2012.09.26 14:29:53.694,1.26299,1.26318,1.50,2.07
2012.09.26 14:29:54.634,1.26298,1.26318,2.25,3.00
2012.09.26 14:29:54.782,1.26298,1.26319,2.25,1.50
2012.09.26 14:29:55.294,1.26302,1.26321,1.50,2.07
2012.09.26 14:29:56.057,1.26304,1.26325,1.50,1.50
2012.09.26 14:29:56.940,1.26303,1.26323,1.32,1.50
2012.09.26 14:29:57.020,1.26302,1.26318,2.07,1.50
2012.09.26 14:29:57.544,1.26299,1.26318,1.50,2.07
2012.09.26 14:29:58.877,1.26299,1.26318,1.50,2.07
2012.09.26 14:29:59.693,1.263,1.26317,1.50,1.32
2012.09.26 14:29:59.841,1.26302,1.26322,2.25,1.69
2012.09.26 14:30:00.734,1.26305,1.26322,1.50,1.32
2012.09.26 14:30:01.039,1.26307,1.26318,1.13,1.32
2012.09.26 14:30:01.405,1.26303,1.26312,1.50,1.32
2012.09.26 14:30:02.215,1.2629,1.26309,1.50,1.50
2012.09.26 14:30:02.442,1.26289,1.26309,1.50,2.07
2012.09.26 14:30:02.951,1.26289,1.26309,1.50,2.07
2012.09.26 14:30:03.376,1.26292,1.26309,1.50,1.32
2012.09.26 14:30:03.736,1.26287,1.26304,1.50,1.32
2012.09.26 14:30:03.962,1.26287,1.26304,1.50,1.32
2012.09.26 14:30:04.112,1.26291,1.26306,1.54,1.50
2012.09.26 14:30:04.470,1.26291,1.26306,2.14,1.50
2012.09.26 14:30:04.623,1.26296,1.26315,2.29,1.88
2012.09.26 14:30:04.703,1.263,1.26319,1.73,1.13
2012.09.26 14:30:05.062,1.263,1.26313,1.50,1.32
2012.09.26 14:30:05.422,1.26301,1.26315,1.50,1.69
2012.09.26 14:30:05.501,1.26295,1.26315,2.29,1.88
2012.09.26 14:30:05.585,1.26298,1.26317,1.50,1.13
2012.09.26 14:30:06.311,1.26298,1.26319,1.50,1.50
2012.09.26 14:30:06.612,1.26301,1.2632,1.50,2.07
2012.09.26 14:30:06.832,1.26303,1.26323,2.29,1.50
2012.09.26 14:30:06.988,1.26304,1.26324,1.50,1.50
2012.09.26 14:30:07.356,1.26309,1.26326,1.50,1.32
2012.09.26 14:30:07.583,1.26309,1.26327,1.50,1.32
2012.09.26 14:30:08.736,1.26306,1.26323,1.50,1.50
2012.09.26 14:30:09.041,1.26298,1.26317,2.25,2.07
2012.09.26 14:30:09.267,1.26301,1.26321,1.50,1.50
2012.09.26 14:30:09.353,1.26302,1.26322,1.50,1.73
2012.09.26 14:30:09.644,1.26304,1.26323,1.50,1.32
2012.09.26 14:30:09.999,1.26307,1.26325,1.50,1.32
2012.09.26 14:30:10.726,1.26307,1.26323,1.50,1.32
2012.09.26 14:30:10.961,1.26303,1.26322,1.50,1.50
2012.09.26 14:30:11.532,1.26305,1.26323,1.50,1.32
2012.09.26 14:30:11.682,1.26305,1.26328,1.50,3.75
2012.09.26 14:30:11.761,1.26304,1.26323,1.73,1.32
2012.09.26 14:30:11.839,1.26306,1.26323,1.50,1.32
2012.09.26 14:30:11.921,1.26308,1.26328,1.50,1.50
2012.09.26 14:30:12.560,1.26308,1.26329,1.50,2.25
2012.09.26 14:30:14.131,1.26308,1.26328,1.50,2.07
2012.09.26 14:30:14.420,1.26308,1.26328,2.25,1.32
2012.09.26 14:30:14.720,1.26308,1.26328,1.50,2.07
2012.09.26 14:30:14.938,1.26308,1.26328,1.50,2.29
2012.09.26 14:30:15.538,1.26303,1.26323,2.25,1.32
2012.09.26 14:30:15.882,1.26309,1.26328,1.32,1.50
2012.09.26 14:30:15.963,1.26309,1.26329,1.54,1.50
2012.09.26 14:30:16.115,1.26309,1.2633,2.29,1.50
2012.09.26 14:30:16.972,1.26313,1.26332,2.25,1.50
2012.09.26 14:30:17.053,1.26315,1.26334,1.50,1.32
2012.09.26 14:30:17.206,1.26315,1.26336,1.50,1.50
2012.09.26 14:30:17.711,1.26315,1.26336,3.00,1.50
2012.09.26 14:30:17.791,1.26319,1.26337,1.50,1.32
2012.09.26 14:30:18.152,1.2632,1.26342,2.48,2.11
2012.09.26 14:30:18.243,1.26322,1.26343,1.50,2.11
2012.09.26 14:30:18.818,1.26324,1.26343,1.50,1.50
2012.09.26 14:30:18.904,1.26325,1.26344,1.50,1.32
2012.09.26 14:30:18.987,1.26327,1.26345,1.50,1.92
2012.09.26 14:30:19.645,1.2633,1.26347,1.50,1.50
2012.09.26 14:30:19.741,1.2633,1.26348,1.50,2.67
2012.09.26 14:30:20.035,1.26326,1.26345,1.73,1.50
2012.09.26 14:30:20.180,1.26324,1.26343,1.32,1.50
2012.09.26 14:30:20.688,1.26323,1.26343,1.50,1.50
2012.09.26 14:30:21.200,1.2632,1.26341,1.54,1.50
2012.09.26 14:30:21.282,1.26319,1.26339,1.35,2.07
2012.09.26 14:30:21.430,1.26319,1.26339,1.13,2.07
2012.09.26 14:30:21.890,1.26321,1.26339,1.50,1.32
2012.09.26 14:30:21.970,1.26321,1.2634,2.25,1.32
2012.09.26 14:30:22.123,1.26321,1.2634,2.07,1.50
2012.09.26 14:30:22.411,1.26317,1.26337,2.25,2.25
2012.09.26 14:30:22.984,1.26324,1.26339,1.35,2.07
2012.09.26 14:30:23.202,1.26325,1.26344,2.48,2.25
2012.09.26 14:30:23.284,1.2632,1.2634,2.48,1.50
2012.09.26 14:30:23.840,1.2632,1.2634,2.25,1.50
2012.09.26 14:30:23.994,1.26324,1.26344,1.54,1.50
2012.09.26 14:30:25.394,1.26325,1.26348,1.32,2.25
2012.09.26 14:30:25.472,1.26328,1.26349,1.50,1.50
2012.09.26 14:30:25.832,1.26325,1.26346,2.07,1.50
2012.09.26 14:30:26.453,1.26329,1.26349,1.50,1.50
2012.09.26 14:30:27.450,1.26328,1.26337,1.32,1.35
2012.09.26 14:30:27.743,1.26313,1.2633,1.50,1.32
2012.09.26 14:30:28.100,1.26313,1.26333,1.50,2.07
2012.09.26 14:30:28.321,1.26312,1.2633,1.50,2.82
2012.09.26 14:30:28.683,1.2632,1.2633,1.32,2.25
2012.09.26 14:30:28.762,1.2632,1.26338,2.07,1.51
2012.09.26 14:30:28.840,1.2632,1.26339,2.07,1.50
2012.09.26 14:30:29.511,1.2632,1.26339,1.32,1.50
2012.09.26 14:30:29.617,1.26314,1.26332,1.32,1.50
2012.09.26 14:30:29.702,1.26317,1.26336,1.50,1.50
2012.09.26 14:30:30.214,1.26316,1.26334,1.50,2.07
2012.09.26 14:30:30.435,1.26312,1.26333,3.00,1.50
2012.09.26 14:30:31.218,1.26316,1.26334,1.32,1.50
2012.09.26 14:30:31.582,1.26316,1.26337,2.07,1.50
2012.09.26 14:30:32.455,1.26316,1.26337,2.07,1.50
2012.09.26 14:30:32.549,1.26325,1.26344,2.07,1.73
2012.09.26 14:30:32.634,1.26325,1.26344,2.07,1.50
2012.09.26 14:30:32.933,1.26321,1.26341,2.48,1.50
2012.09.26 14:30:33.087,1.26319,1.26338,2.07,1.50
2012.09.26 14:30:33.450,1.26321,1.26339,1.32,1.50
2012.09.26 14:30:34.042,1.26321,1.26341,2.07,1.50
2012.09.26 14:30:35.884,1.2632,1.26339,1.73,1.50
2012.09.26 14:30:36.262,1.26322,1.26341,2.07,1.50
2012.09.26 14:30:36.340,1.26322,1.26342,2.07,1.50
2012.09.26 14:30:37.802,1.26321,1.26339,1.54,1.50
2012.09.26 14:30:38.340,1.26323,1.2634,1.32,1.50
2012.09.26 14:30:38.988,1.26323,1.26343,2.07,1.50
2012.09.26 14:30:39.489,1.26323,1.26342,1.32,1.50
2012.09.26 14:30:39.712,1.26322,1.26341,1.32,1.50
2012.09.26 14:30:39.794,1.26322,1.26344,1.32,2.25
2012.09.26 14:30:40.091,1.26321,1.2634,1.54,1.50
2012.09.26 14:30:40.385,1.26316,1.26336,1.69,1.50
2012.09.26 14:30:41.729,1.26316,1.26335,1.32,1.50
2012.09.26 14:30:42.161,1.26317,1.26334,1.32,1.50
2012.09.26 14:30:42.727,1.26322,1.26337,1.32,1.50
2012.09.26 14:30:43.230,1.2632,1.26342,1.54,1.50
2012.09.26 14:30:43.312,1.26322,1.26343,2.07,1.50
2012.09.26 14:30:44.077,1.26323,1.26343,1.50,1.50
2012.09.26 14:30:44.652,1.26322,1.26343,1.32,2.25
2012.09.26 14:30:45.224,1.2632,1.26339,2.29,1.50
2012.09.26 14:30:45.582,1.26323,1.26343,1.50,1.50
2012.09.26 14:30:45.809,1.26316,1.26334,2.48,1.50
2012.09.26 14:30:45.965,1.26319,1.26338,1.73,1.50
2012.09.26 14:30:46.120,1.26317,1.26338,1.50,1.50
2012.09.26 14:30:48.860,1.26315,1.26335,1.50,1.50
2012.09.26 14:30:50.040,1.26313,1.26331,1.73,1.50
2012.09.26 14:30:50.329,1.26314,1.26335,1.50,1.50
2012.09.26 14:30:56.499,1.26314,1.26334,1.50,1.32
2012.09.26 14:30:56.579,1.26312,1.26334,1.50,1.32
2012.09.26 14:31:02.750,1.26311,1.26331,2.29,1.50
2012.09.26 14:31:03.143,1.26315,1.26335,1.50,1.50
2012.09.26 14:31:03.883,1.26313,1.26334,1.54,2.25
2012.09.26 14:31:04.041,1.26314,1.26334,2.07,1.50
2012.09.26 14:31:04.543,1.26314,1.26334,2.07,1.50
2012.09.26 14:31:04.692,1.26313,1.26334,3.04,2.25
2012.09.26 14:31:05.052,1.26314,1.26332,1.32,1.50
2012.09.26 14:31:05.129,1.26316,1.26335,1.50,1.50
2012.09.26 14:31:05.288,1.2632,1.26337,1.54,1.50
2012.09.26 14:31:05.728,1.26321,1.26341,1.50,1.50
2012.09.26 14:31:05.812,1.26322,1.26343,1.50,2.07
2012.09.26 14:31:06.173,1.2632,1.26337,1.32,1.50
2012.09.26 14:31:07.335,1.26318,1.26338,1.54,1.50
2012.09.26 14:31:07.765,1.26315,1.26337,2.48,2.07
2012.09.26 14:31:07.926,1.26313,1.26332,1.50,2.25
2012.09.26 14:31:08.011,1.26312,1.26332,1.32,3.00
2012.09.26 14:31:08.092,1.2631,1.26329,2.25,1.32
2012.09.26 14:31:08.379,1.2631,1.26327,1.50,1.32
2012.09.26 14:31:09.221,1.2631,1.26328,2.07,1.50
2012.09.26 14:31:09.511,1.26311,1.26329,1.50,1.32
2012.09.26 14:31:09.593,1.26311,1.26328,1.50,1.32
2012.09.26 14:31:10.020,1.26309,1.26327,1.32,1.50
2012.09.26 14:31:10.554,1.26309,1.26327,1.32,1.50
2012.09.26 14:31:10.629,1.26311,1.2633,1.50,1.50
2012.09.26 14:31:12.934,1.26311,1.2633,2.25,1.32
2012.09.26 14:31:14.909,1.26313,1.26332,1.73,1.32
2012.09.26 14:31:14.995,1.26315,1.26336,1.50,1.50
2012.09.26 14:31:15.706,1.26315,1.26334,1.50,1.92
2012.09.26 14:31:16.211,1.26313,1.26331,1.32,1.50
2012.09.26 14:31:16.570,1.26313,1.26331,1.54,1.50
2012.09.26 14:31:16.792,1.26319,1.26338,1.50,2.22
2012.09.26 14:31:16.942,1.26317,1.26338,1.50,2.07
2012.09.26 14:31:17.022,1.26313,1.26332,1.54,1.50
2012.09.26 14:31:17.103,1.26313,1.26332,1.32,1.50
2012.09.26 14:31:17.333,1.26313,1.26332,2.07,1.50
2012.09.26 14:31:17.622,1.26317,1.26337,1.54,1.50
2012.09.26 14:31:18.405,1.26317,1.26338,1.32,2.25
2012.09.26 14:31:18.973,1.26318,1.26338,1.50,2.07
2012.09.26 14:31:19.971,1.26314,1.26336,1.73,1.50
2012.09.26 14:31:20.329,1.26312,1.26332,2.29,1.50
2012.09.26 14:31:22.748,1.26312,1.2633,1.32,1.50
2012.09.26 14:31:22.830,1.2631,1.26329,1.54,1.50
2012.09.26 14:31:22.911,1.26308,1.26326,1.73,1.32
2012.09.26 14:31:23.278,1.26312,1.26332,1.32,3.23
2012.09.26 14:31:23.571,1.26314,1.26332,1.13,1.50
2012.09.26 14:31:24.335,1.26314,1.26332,1.13,1.50
2012.09.26 14:31:24.839,1.26313,1.26332,2.07,1.50
2012.09.26 14:31:27.985,1.2631,1.26329,1.73,1.50
2012.09.26 14:31:28.283,1.26311,1.26332,1.50,1.50
2012.09.26 14:31:28.363,1.2631,1.26332,1.50,2.25
2012.09.26 14:31:28.655,1.26313,1.26333,1.50,1.32
2012.09.26 14:31:28.879,1.26311,1.26332,1.50,1.50
2012.09.26 14:31:29.191,1.26308,1.26328,1.32,1.50
2012.09.26 14:31:30.098,1.26307,1.26328,2.29,1.50
2012.09.26 14:31:37.861,1.2631,1.2633,1.50,2.07
2012.09.26 14:31:39.819,1.26307,1.26327,1.54,1.50
2012.09.26 14:31:41.307,1.26307,1.26328,1.54,2.25
2012.09.26 14:31:42.028,1.26309,1.2633,1.50,1.32
2012.09.26 14:31:42.392,1.26313,1.26331,1.32,1.50
2012.09.26 14:31:42.754,1.26315,1.26334,1.73,1.50
2012.09.26 14:31:43.261,1.26313,1.26334,2.29,1.50
2012.09.26 14:31:43.411,1.26313,1.26334,2.29,1.50
2012.09.26 14:31:43.772,1.26319,1.26338,1.54,1.50
2012.09.26 14:31:45.268,1.26315,1.26332,1.50,1.32
2012.09.26 14:31:45.421,1.26311,1.26331,1.50,2.07
2012.09.26 14:31:45.989,1.26313,1.26332,1.54,1.50
2012.09.26 14:31:47.989,1.26314,1.26333,1.54,1.50
2012.09.26 14:31:48.391,1.26313,1.26331,1.54,1.50
2012.09.26 14:31:50.742,1.26314,1.26331,1.54,1.50
2012.09.26 14:31:51.165,1.26316,1.26334,1.73,1.50
2012.09.26 14:31:51.250,1.26317,1.26337,1.50,2.07
2012.09.26 14:31:51.668,1.26316,1.26337,2.48,2.07
2012.09.26 14:31:52.383,1.26317,1.26337,1.50,2.07
2012.09.26 14:31:52.528,1.26314,1.26332,1.50,1.50
2012.09.26 14:31:53.441,1.26313,1.26332,1.50,1.50
2012.09.26 14:31:54.441,1.26316,1.26336,1.50,1.50
2012.09.26 14:31:55.428,1.26316,1.26336,1.50,1.50
2012.09.26 14:31:55.580,1.26314,1.26334,2.29,1.50
2012.09.26 14:31:55.658,1.26314,1.26334,1.54,2.25
2012.09.26 14:31:55.812,1.2631,1.26331,1.73,1.50
2012.09.26 14:31:55.888,1.2631,1.26331,1.50,1.50
2012.09.26 14:31:56.040,1.2631,1.26331,1.50,2.25
2012.09.26 14:31:56.401,1.26313,1.26331,1.50,1.50
2012.09.26 14:31:56.689,1.26312,1.26331,1.73,1.50
2012.09.26 14:31:57.961,1.26313,1.26331,1.73,1.50
2012.09.26 14:31:58.460,1.26314,1.26335,2.07,1.50
2012.09.26 14:32:00.453,1.26314,1.26335,2.07,1.50
2012.09.26 14:32:01.649,1.26314,1.26335,2.07,1.50
2012.09.26 14:32:03.930,1.26314,1.26335,2.07,1.50
2012.09.26 14:32:04.082,1.26321,1.26338,1.54,1.50
2012.09.26 14:32:04.237,1.26321,1.2634,2.29,1.50
2012.09.26 14:32:04.466,1.26321,1.26341,1.54,1.50
2012.09.26 14:32:05.414,1.2632,1.26341,1.32,1.50
2012.09.26 14:32:07.684,1.26318,1.26341,2.25,2.07
2012.09.26 14:32:07.980,1.26317,1.26339,1.73,1.50
2012.09.26 14:32:08.289,1.26317,1.26336,1.73,1.50
2012.09.26 14:32:09.825,1.26318,1.26337,1.50,1.32
2012.09.26 14:32:14.958,1.26315,1.26334,1.50,1.50
2012.09.26 14:32:15.042,1.26314,1.26333,1.50,1.32
2012.09.26 14:32:15.189,1.26323,1.26335,1.50,1.32
2012.09.26 14:32:15.412,1.26321,1.26337,1.32,1.50
2012.09.26 14:32:15.493,1.26321,1.26339,1.32,1.50
2012.09.26 14:32:15.571,1.26323,1.26339,1.50,1.50
2012.09.26 14:32:17.114,1.26324,1.26342,1.32,1.50
2012.09.26 14:32:17.264,1.26327,1.26346,1.32,1.50
2012.09.26 14:32:17.634,1.26326,1.26341,1.32,1.50
2012.09.26 14:32:18.062,1.26326,1.26345,1.32,2.10
2012.09.26 14:32:18.282,1.26326,1.26345,1.32,1.50
2012.09.26 14:32:19.083,1.26327,1.26347,1.73,1.35
2012.09.26 14:32:19.175,1.26326,1.26346,1.50,2.25
2012.09.26 14:32:21.249,1.26323,1.26344,1.50,1.50
2012.09.26 14:32:22.341,1.26324,1.26342,1.50,1.50
2012.09.26 14:32:22.780,1.26325,1.26344,1.50,1.50
2012.09.26 14:32:23.283,1.26325,1.26345,1.50,2.07
2012.09.26 14:32:26.408,1.26327,1.26347,1.50,2.07
2012.09.26 14:32:26.488,1.26329,1.26347,1.50,2.07
2012.09.26 14:32:27.807,1.26329,1.26347,1.50,1.32
2012.09.26 14:32:28.998,1.2633,1.26347,1.50,1.32
2012.09.26 14:32:29.150,1.26327,1.26346,1.50,1.32
2012.09.26 14:32:31.158,1.26329,1.26347,1.50,1.32
2012.09.26 14:32:31.241,1.26331,1.2635,1.50,1.73
2012.09.26 14:32:31.800,1.26331,1.26351,1.50,2.07
2012.09.26 14:32:32.411,1.26329,1.26351,1.50,2.82
2012.09.26 14:32:34.980,1.2633,1.26349,1.50,1.50
2012.09.26 14:32:35.583,1.2633,1.26351,2.25,1.32
2012.09.26 14:32:36.729,1.26333,1.26351,1.50,1.32
2012.09.26 14:32:37.008,1.26335,1.26354,1.50,1.50
2012.09.26 14:32:37.090,1.26335,1.26355,1.50,1.50
2012.09.26 14:32:37.168,1.26334,1.26355,2.07,2.25
2012.09.26 14:32:37.250,1.26334,1.26354,1.50,1.32
2012.09.26 14:32:37.600,1.26334,1.26351,1.32,1.50
2012.09.26 14:32:38.894,1.26333,1.26351,1.32,1.50
2012.09.26 14:32:39.447,1.26331,1.26351,2.25,2.07
2012.09.26 14:32:40.971,1.26331,1.26351,1.50,2.07
2012.09.26 14:32:41.759,1.26326,1.26343,2.25,1.50
2012.09.26 14:32:41.849,1.26324,1.26343,1.50,1.50
2012.09.26 14:32:43.560,1.26324,1.26343,1.50,1.50
2012.09.26 14:32:46.122,1.26324,1.26343,1.50,1.50
2012.09.26 14:32:47.852,1.26327,1.26344,1.32,1.50
2012.09.26 14:32:48.740,1.26327,1.26346,1.32,1.50
2012.09.26 14:32:49.278,1.26328,1.26346,1.50,1.50
2012.09.26 14:32:49.789,1.26327,1.26346,2.07,1.50
2012.09.26 14:32:50.778,1.26328,1.26346,1.50,1.50
2012.09.26 14:32:50.982,1.26329,1.2635,1.50,2.26
2012.09.26 14:32:51.064,1.26331,1.26351,1.50,1.50
2012.09.26 14:32:51.611,1.26332,1.26352,1.50,1.50
2012.09.26 14:32:52.458,1.26332,1.26352,1.50,1.50
2012.09.26 14:32:54.552,1.26331,1.26349,1.32,1.50
2012.09.26 14:32:55.219,1.26331,1.26349,1.32,1.50
2012.09.26 14:32:56.488,1.26332,1.26352,1.50,1.50
2012.09.26 14:32:59.610,1.26332,1.26351,1.32,1.50
2012.09.26 14:32:59.969,1.26328,1.26348,2.25,2.07
2012.09.26 14:33:05.079,1.26325,1.26346,1.50,1.50
2012.09.26 14:33:05.446,1.26323,1.26341,1.50,1.32
2012.09.26 14:33:05.536,1.26321,1.2634,1.73,1.50
2012.09.26 14:33:05.626,1.26321,1.2634,1.73,1.35
2012.09.26 14:33:06.163,1.2632,1.2634,1.50,1.35
2012.09.26 14:33:08.577,1.26318,1.2634,1.50,2.07
2012.09.26 14:33:08.804,1.26311,1.2633,2.48,1.32
2012.09.26 14:33:09.542,1.26309,1.2633,2.25,1.32
2012.09.26 14:33:09.627,1.26307,1.26328,1.88,1.50
2012.09.26 14:33:09.780,1.26307,1.26328,1.88,1.50
2012.09.26 14:33:10.835,1.26307,1.26328,1.88,1.50
2012.09.26 14:33:11.188,1.26309,1.26329,1.50,1.32
2012.09.26 14:33:11.723,1.26308,1.26327,1.50,1.50
2012.09.26 14:33:12.290,1.26306,1.26327,2.82,1.50
2012.09.26 14:33:14.431,1.26304,1.2632,1.50,1.50
2012.09.26 14:33:14.584,1.263,1.26317,1.50,1.50
2012.09.26 14:33:16.049,1.26301,1.26321,1.50,1.50
2012.09.26 14:33:16.719,1.26301,1.26321,1.50,1.50
2012.09.26 14:33:17.883,1.26302,1.26322,1.50,1.50
2012.09.26 14:33:17.962,1.26306,1.26322,1.32,1.50
2012.09.26 14:33:18.183,1.26307,1.26326,1.32,1.50
2012.09.26 14:33:20.482,1.26305,1.26325,1.50,1.50
2012.09.26 14:33:20.981,1.26304,1.26322,1.32,1.50
2012.09.26 14:33:22.351,1.263,1.26319,1.50,1.50
2012.09.26 14:33:24.224,1.26301,1.26319,1.13,1.50
2012.09.26 14:33:24.316,1.26304,1.26324,2.82,1.50
2012.09.26 14:33:24.879,1.26305,1.26327,1.50,2.07
2012.09.26 14:33:24.962,1.26307,1.26327,1.50,1.32
2012.09.26 14:33:25.471,1.26307,1.26327,2.25,1.32
2012.09.26 14:33:27.253,1.26307,1.26324,1.50,1.13
2012.09.26 14:33:28.135,1.26301,1.26322,1.50,1.50
2012.09.26 14:33:28.439,1.26302,1.26323,1.50,1.50
2012.09.26 14:33:28.963,1.26304,1.26325,1.50,2.07
2012.09.26 14:33:30.048,1.26304,1.26325,2.25,2.44
2012.09.26 14:33:32.336,1.26304,1.26326,2.82,1.73
2012.09.26 14:33:32.702,1.26307,1.26324,1.50,1.13
2012.09.26 14:33:33.062,1.26308,1.26326,2.25,1.13
2012.09.26 14:33:33.734,1.2631,1.26326,1.50,1.13
2012.09.26 14:33:33.824,1.2631,1.26331,1.50,1.50
2012.09.26 14:33:34.241,1.26313,1.26333,1.50,2.44
2012.09.26 14:33:34.325,1.26314,1.26333,1.50,1.69
2012.09.26 14:33:35.589,1.26315,1.26333,1.50,1.13
2012.09.26 14:33:36.239,1.26315,1.26333,1.50,1.13
2012.09.26 14:33:37.961,1.26316,1.26338,1.50,3.19
2012.09.26 14:33:38.042,1.26318,1.26338,1.50,2.44
2012.09.26 14:33:38.472,1.26315,1.26335,1.73,1.50
2012.09.26 14:33:39.175,1.26316,1.26335,1.54,2.25
2012.09.26 14:33:39.403,1.26311,1.26331,2.10,1.50
2012.09.26 14:33:40.156,1.26313,1.26331,1.13,1.50
2012.09.26 14:33:40.311,1.26313,1.26332,1.88,2.07
2012.09.26 14:33:40.529,1.26313,1.26332,1.13,1.32
2012.09.26 14:33:40.966,1.26312,1.26331,1.13,2.07
2012.09.26 14:33:41.273,1.26303,1.26323,1.50,1.32
2012.09.26 14:33:42.055,1.26306,1.26323,1.50,2.07
2012.09.26 14:33:42.415,1.26307,1.26329,1.50,1.73
2012.09.26 14:33:42.574,1.26305,1.26324,1.32,1.50
2012.09.26 14:33:43.370,1.26306,1.26326,2.07,1.50
2012.09.26 14:33:43.725,1.26309,1.26328,1.50,1.50
2012.09.26 14:33:45.171,1.26306,1.26325,1.50,2.07
2012.09.26 14:33:45.531,1.26301,1.26322,1.50,2.07
2012.09.26 14:33:46.242,1.26302,1.26324,1.50,2.07
2012.09.26 14:33:47.279,1.26305,1.26326,1.50,1.50
2012.09.26 14:33:47.502,1.26304,1.26324,1.32,1.50
2012.09.26 14:33:51.303,1.26305,1.26325,1.50,1.50
2012.09.26 14:33:54.929,1.26305,1.26325,1.50,1.73
2012.09.26 14:33:55.143,1.26303,1.26323,1.32,2.25
2012.09.26 14:33:56.833,1.26305,1.26323,1.32,1.50
2012.09.26 14:33:59.090,1.26306,1.26327,1.32,1.50
2012.09.26 14:34:04.182,1.26308,1.2633,1.50,2.48
2012.09.26 14:34:05.171,1.26308,1.26329,1.32,1.50
2012.09.26 14:34:05.253,1.2631,1.26326,1.32,1.50
2012.09.26 14:34:07.991,1.2631,1.26331,1.50,1.50
2012.09.26 14:34:08.460,1.26309,1.26331,1.32,2.25
2012.09.26 14:34:08.542,1.26309,1.26328,1.32,1.50
2012.09.26 14:34:10.013,1.263,1.2632,2.25,1.50
2012.09.26 14:34:12.228,1.26303,1.26322,1.50,2.07
2012.09.26 14:34:16.133,1.26303,1.26325,2.48,2.25
2012.09.26 14:34:17.498,1.26301,1.26321,2.25,1.50
2012.09.26 14:34:19.453,1.26303,1.26321,1.50,1.50
2012.09.26 14:34:19.686,1.26301,1.26321,2.25,2.82
2012.09.26 14:34:19.775,1.26301,1.26321,2.25,2.07
2012.09.26 14:34:19.865,1.26301,1.26321,2.25,2.07
2012.09.26 14:34:20.232,1.26301,1.26321,3.00,1.32
2012.09.26 14:34:20.733,1.26299,1.26319,1.50,1.50
2012.09.26 14:34:20.878,1.26298,1.26319,2.25,1.50
2012.09.26 14:34:21.282,1.26298,1.26318,2.25,1.32
2012.09.26 14:34:24.183,1.26295,1.26315,1.50,1.50
2012.09.26 14:34:24.542,1.26294,1.26311,1.50,1.50
2012.09.26 14:34:24.834,1.26292,1.26311,2.82,1.50
2012.09.26 14:34:25.191,1.26294,1.26315,1.50,1.50
2012.09.26 14:34:25.271,1.26294,1.26315,1.50,1.50
2012.09.26 14:34:26.612,1.26294,1.26312,1.50,1.50
2012.09.26 14:34:26.903,1.26292,1.26311,1.32,1.50
2012.09.26 14:34:27.543,1.26291,1.2631,1.73,2.07
2012.09.26 14:34:28.050,1.26291,1.2631,1.50,2.07
2012.09.26 14:34:31.339,1.2629,1.2631,1.50,2.07
2012.09.26 14:34:31.871,1.26288,1.26308,1.50,1.50
2012.09.26 14:34:31.950,1.26296,1.26315,1.50,1.73
2012.09.26 14:34:32.104,1.26296,1.26314,1.50,1.32
2012.09.26 14:34:32.181,1.2629,1.2631,2.10,2.07
2012.09.26 14:34:32.812,1.2629,1.2631,1.50,1.32
2012.09.26 14:34:34.612,1.26292,1.26311,2.25,1.54
2012.09.26 14:34:35.434,1.26293,1.26312,1.32,1.73
2012.09.26 14:34:35.513,1.26296,1.26314,1.50,1.50
2012.09.26 14:34:35.603,1.26301,1.26319,1.50,1.32
2012.09.26 14:34:35.684,1.26296,1.26316,1.50,1.50
2012.09.26 14:34:36.622,1.26294,1.26315,2.07,1.73
2012.09.26 14:34:36.702,1.26294,1.26315,1.32,1.73
2012.09.26 14:34:36.795,1.26291,1.2631,1.50,1.50
2012.09.26 14:34:39.546,1.26294,1.26314,1.32,2.48
2012.09.26 14:34:39.855,1.26291,1.2631,1.50,2.07
2012.09.26 14:34:40.210,1.2629,1.26308,1.50,1.50
2012.09.26 14:34:40.502,1.26292,1.2631,1.50,1.32
2012.09.26 14:34:40.791,1.26289,1.26309,1.50,1.50
2012.09.26 14:34:42.278,1.26289,1.26308,1.50,1.50
2012.09.26 14:34:43.801,1.26292,1.26308,1.32,1.50
2012.09.26 14:34:44.032,1.26293,1.26313,1.50,1.50
2012.09.26 14:34:48.380,1.26289,1.2631,1.50,1.50
2012.09.26 14:34:49.604,1.26287,1.26306,1.50,2.25
2012.09.26 14:34:49.749,1.26286,1.26305,2.25,1.35
2012.09.26 14:34:49.902,1.2628,1.26301,3.00,1.50
2012.09.26 14:34:49.982,1.2628,1.26301,2.25,1.73
2012.09.26 14:34:51.080,1.26279,1.26297,1.50,1.32
2012.09.26 14:34:52.881,1.26277,1.26296,1.50,1.50
2012.09.26 14:34:53.102,1.26273,1.26293,3.00,2.82
2012.09.26 14:34:53.648,1.26273,1.26291,3.00,1.32
2012.09.26 14:34:53.800,1.26273,1.26291,1.50,2.07
2012.09.26 14:34:57.100,1.26273,1.26293,3.00,1.32
2012.09.26 14:34:59.040,1.26274,1.26295,2.82,2.25
2012.09.26 14:34:59.123,1.26275,1.26295,3.23,1.50
2012.09.26 14:34:59.491,1.26279,1.26299,1.50,3.04
2012.09.26 14:34:59.982,1.26274,1.26294,2.07,1.50
2012.09.26 14:35:00.696,1.26272,1.26293,1.50,2.07
2012.09.26 14:35:00.976,1.2627,1.26288,1.50,1.50
2012.09.26 14:35:01.059,1.2627,1.26288,1.50,1.50
2012.09.26 14:35:01.214,1.2627,1.2629,1.50,1.50
2012.09.26 14:35:01.291,1.2627,1.26292,2.25,1.50
2012.09.26 14:35:02.854,1.2627,1.26291,1.50,1.73
2012.09.26 14:35:02.933,1.26268,1.26288,2.07,1.73
2012.09.26 14:35:03.471,1.26268,1.26288,2.07,1.73
2012.09.26 14:35:03.554,1.26268,1.26288,1.32,1.73
2012.09.26 14:35:03.851,1.26264,1.26285,2.82,1.50
2012.09.26 14:35:04.777,1.26264,1.26285,3.57,1.73
2012.09.26 14:35:05.631,1.26263,1.26283,1.50,1.50
2012.09.26 14:35:05.786,1.26261,1.2628,1.32,1.73
2012.09.26 14:35:05.874,1.26259,1.26277,2.07,1.50
2012.09.26 14:35:06.163,1.2626,1.26281,1.32,2.48
2012.09.26 14:35:07.216,1.2626,1.26281,2.25,2.29
2012.09.26 14:35:07.443,1.26266,1.26286,1.50,2.29
2012.09.26 14:35:08.119,1.26264,1.26284,1.50,1.73
2012.09.26 14:35:08.480,1.26263,1.26281,1.32,1.50
2012.09.26 14:35:08.562,1.26259,1.2628,2.25,1.32
2012.09.26 14:35:08.641,1.26259,1.26279,1.50,1.32
2012.09.26 14:35:08.720,1.26261,1.26279,1.50,1.54
2012.09.26 14:35:09.087,1.26263,1.26283,1.50,2.25
2012.09.26 14:35:09.173,1.26262,1.26282,1.50,1.50
2012.09.26 14:35:09.775,1.26259,1.26278,1.50,1.32
2012.09.26 14:35:10.623,1.26261,1.26278,1.50,1.32
2012.09.26 14:35:10.770,1.26258,1.26278,1.50,1.32
2012.09.26 14:35:10.920,1.26255,1.26275,2.25,1.32
2012.09.26 14:35:11.072,1.26258,1.26278,1.50,1.32
2012.09.26 14:35:11.644,1.26259,1.26279,1.50,1.54
2012.09.26 14:35:11.736,1.26258,1.26278,1.50,1.32
2012.09.26 14:35:12.672,1.26261,1.26279,1.50,1.32
2012.09.26 14:35:13.732,1.26258,1.26278,1.50,1.32
2012.09.26 14:35:14.480,1.2626,1.26279,1.50,1.32
2012.09.26 14:35:14.629,1.2626,1.26278,1.50,1.32
2012.09.26 14:35:14.711,1.26257,1.26277,1.50,1.50
2012.09.26 14:35:15.602,1.26257,1.26278,2.25,1.32
2012.09.26 14:35:15.964,1.26261,1.26282,1.50,1.50
2012.09.26 14:35:16.389,1.2626,1.26279,1.54,1.50
2012.09.26 14:35:16.950,1.26262,1.26282,1.50,1.50
2012.09.26 14:35:17.099,1.2626,1.26281,3.04,1.50
2012.09.26 14:35:17.253,1.2626,1.26278,2.07,1.50
2012.09.26 14:35:17.541,1.2626,1.26279,1.32,1.50
2012.09.26 14:35:18.072,1.26261,1.2628,1.50,1.50
2012.09.26 14:35:18.155,1.26259,1.26279,1.32,1.50
2012.09.26 14:35:18.246,1.2626,1.2628,1.32,1.50
2012.09.26 14:35:21.120,1.26258,1.26278,1.50,1.50
2012.09.26 14:35:21.670,1.26256,1.26275,1.50,1.50
2012.09.26 14:35:21.960,1.26257,1.26278,1.50,1.50
2012.09.26 14:35:22.252,1.2626,1.2628,1.50,2.07
2012.09.26 14:35:22.332,1.26263,1.26282,1.50,1.32
2012.09.26 14:35:22.482,1.26264,1.26283,1.32,1.50
2012.09.26 14:35:22.985,1.26261,1.26279,1.32,1.50
2012.09.26 14:35:23.830,1.26258,1.26278,2.48,1.32
2012.09.26 14:35:23.914,1.26256,1.26277,1.73,1.50
2012.09.26 14:35:23.994,1.26255,1.26275,2.82,1.50
2012.09.26 14:35:24.226,1.26256,1.26277,2.25,1.50
2012.09.26 14:35:24.659,1.26255,1.26276,2.07,1.50
2012.09.26 14:35:25.618,1.26253,1.26271,1.73,1.50
2012.09.26 14:35:25.921,1.26264,1.26275,1.32,1.50
2012.09.26 14:35:26.007,1.2626,1.26278,1.54,2.25
2012.09.26 14:35:26.097,1.26259,1.26279,2.29,1.50
2012.09.26 14:35:26.462,1.26259,1.26279,1.54,1.50
2012.09.26 14:35:26.543,1.2626,1.2628,2.29,1.50
2012.09.26 14:35:27.053,1.2626,1.26281,1.54,2.25
2012.09.26 14:35:27.133,1.2626,1.26281,1.32,2.25
2012.09.26 14:35:27.279,1.26257,1.26279,1.73,1.50
2012.09.26 14:35:27.628,1.26257,1.26279,1.73,1.50
2012.09.26 14:35:28.133,1.2626,1.26281,1.73,1.32
2012.09.26 14:35:28.762,1.26262,1.26282,1.73,2.07
2012.09.26 14:35:29.194,1.26267,1.26285,1.50,1.32
2012.09.26 14:35:30.100,1.26271,1.26286,1.54,1.50
2012.09.26 14:35:30.184,1.26271,1.26291,1.54,1.50
2012.09.26 14:35:30.810,1.26271,1.26291,1.54,1.50
2012.09.26 14:35:31.101,1.2627,1.26289,1.54,1.50
2012.09.26 14:35:31.395,1.26267,1.26287,2.29,1.50
2012.09.26 14:35:31.621,1.26267,1.26288,3.79,1.50
2012.09.26 14:35:31.702,1.2627,1.26289,1.73,1.50
2012.09.26 14:35:33.104,1.26269,1.26287,1.54,1.50
2012.09.26 14:35:33.755,1.2627,1.26291,2.07,1.50
2012.09.26 14:35:34.182,1.26273,1.26292,1.28,1.50
2012.09.26 14:35:34.264,1.26279,1.26295,1.28,2.07
2012.09.26 14:35:34.343,1.26282,1.26297,1.47,1.50
2012.09.26 14:35:34.492,1.2628,1.263,1.65,1.50
2012.09.26 14:35:34.781,1.26277,1.26297,1.65,1.50
2012.09.26 14:35:38.430,1.26277,1.26297,1.73,1.50
2012.09.26 14:35:43.155,1.26276,1.26295,1.54,1.50
2012.09.26 14:35:43.710,1.26275,1.26294,1.54,1.50
2012.09.26 14:35:43.859,1.26276,1.26294,1.32,2.25
2012.09.26 14:35:44.419,1.26276,1.26294,1.32,1.50
2012.09.26 14:35:45.163,1.26275,1.26294,1.73,1.50
2012.09.26 14:35:45.719,1.26271,1.2629,1.54,2.25
2012.09.26 14:35:45.872,1.26267,1.26285,1.13,1.50
2012.09.26 14:35:46.581,1.26267,1.26285,1.13,1.50
2012.09.26 14:35:46.730,1.26266,1.26285,1.13,1.50
2012.09.26 14:35:47.166,1.26265,1.26285,1.50,1.50
2012.09.26 14:35:47.531,1.26265,1.26285,1.50,2.25
2012.09.26 14:35:48.199,1.26265,1.26284,1.50,1.50
2012.09.26 14:35:48.883,1.26265,1.26284,1.50,1.50
2012.09.26 14:35:49.550,1.26265,1.26285,1.50,2.25
2012.09.26 14:35:50.340,1.26263,1.26284,2.29,1.50
2012.09.26 14:35:50.702,1.26261,1.2628,1.54,1.50
2012.09.26 14:35:51.992,1.26261,1.2628,2.29,1.50
2012.09.26 14:35:52.211,1.26264,1.26283,1.54,1.50
2012.09.26 14:35:52.781,1.26259,1.26279,2.48,1.50
2012.09.26 14:35:53.001,1.26263,1.26281,1.32,1.50
2012.09.26 14:35:53.153,1.2626,1.26279,1.54,1.50
2012.09.26 14:35:54.079,1.2626,1.26279,1.54,1.50
2012.09.26 14:36:00.420,1.2626,1.2628,1.54,1.50
2012.09.26 14:36:00.781,1.2626,1.2628,2.29,1.50
2012.09.26 14:36:00.860,1.26261,1.2628,1.50,1.50
2012.09.26 14:36:01.013,1.26266,1.26286,1.32,2.25
2012.09.26 14:36:01.232,1.26271,1.26291,1.50,2.07
2012.09.26 14:36:01.311,1.26271,1.26291,2.48,1.32
2012.09.26 14:36:02.228,1.26273,1.26294,1.54,2.25
2012.09.26 14:36:02.723,1.26274,1.26294,1.54,1.50
2012.09.26 14:36:03.597,1.26281,1.263,2.29,1.50
2012.09.26 14:36:04.480,1.26281,1.263,1.54,1.50
2012.09.26 14:36:04.560,1.26281,1.263,1.54,1.50
2012.09.26 14:36:04.640,1.26279,1.263,2.29,2.25
2012.09.26 14:36:05.291,1.26279,1.26297,1.47,1.50
2012.09.26 14:36:05.682,1.2628,1.26297,1.17,1.50
2012.09.26 14:36:05.762,1.2628,1.26299,2.07,2.25
2012.09.26 14:36:05.849,1.2628,1.26299,1.32,1.50
2012.09.26 14:36:06.201,1.26281,1.26301,1.50,1.50
2012.09.26 14:36:06.772,1.26286,1.26306,1.54,2.25
2012.09.26 14:36:06.849,1.26286,1.26307,1.54,1.50
2012.09.26 14:36:07.239,1.26285,1.26307,2.29,1.50
2012.09.26 14:36:10.342,1.26285,1.26303,1.54,1.50
2012.09.26 14:36:10.704,1.26282,1.26299,1.54,1.50
2012.09.26 14:36:11.269,1.26285,1.26301,1.32,1.50
2012.09.26 14:36:11.421,1.26285,1.26305,2.29,1.50
2012.09.26 14:36:11.501,1.26287,1.26308,1.50,2.82
2012.09.26 14:36:12.164,1.26286,1.26304,2.10,1.50
2012.09.26 14:36:12.382,1.26289,1.26308,2.67,1.73
2012.09.26 14:36:12.604,1.26291,1.26311,1.32,1.50
2012.09.26 14:36:12.965,1.26291,1.26311,1.32,1.50
2012.09.26 14:36:13.504,1.26292,1.26311,1.50,1.50
2012.09.26 14:36:14.075,1.26288,1.26306,1.50,1.50
2012.09.26 14:36:14.651,1.26288,1.26306,1.50,1.50
2012.09.26 14:36:15.364,1.26288,1.26308,1.50,1.50
2012.09.26 14:36:15.441,1.26286,1.26306,2.82,1.50
2012.09.26 14:36:16.293,1.26287,1.26304,1.50,1.50
2012.09.26 14:36:16.440,1.26286,1.26305,1.32,1.50
2012.09.26 14:36:16.945,1.26286,1.26305,2.29,1.50
2012.09.26 14:36:17.307,1.26288,1.26308,1.50,1.50
2012.09.26 14:36:17.851,1.26288,1.26308,1.50,1.50
2012.09.26 14:36:18.601,1.26286,1.26305,1.54,1.50
2012.09.26 14:36:19.678,1.26289,1.26307,1.50,1.50
2012.09.26 14:36:20.039,1.26286,1.26305,1.54,1.50
2012.09.26 14:36:20.261,1.26287,1.26308,1.73,1.50
2012.09.26 14:36:20.479,1.26289,1.2631,1.50,2.63
2012.09.26 14:36:20.560,1.2629,1.2631,1.50,2.63
2012.09.26 14:36:20.924,1.26292,1.2631,2.07,1.13
2012.09.26 14:36:21.294,1.26294,1.26313,2.29,1.50
2012.09.26 14:36:21.655,1.26292,1.26311,1.54,1.50
2012.09.26 14:36:22.089,1.2629,1.26311,1.50,1.50
2012.09.26 14:36:22.618,1.2629,1.26311,1.50,1.50
2012.09.26 14:36:22.698,1.2629,1.26311,1.50,1.50
2012.09.26 14:36:24.670,1.2629,1.2631,1.50,1.50
2012.09.26 14:36:24.772,1.26289,1.26309,1.50,2.07
2012.09.26 14:36:25.063,1.2629,1.26308,1.50,1.35
2012.09.26 14:36:25.212,1.2629,1.26308,1.50,2.10
2012.09.26 14:36:25.361,1.26285,1.26303,1.32,1.50
2012.09.26 14:36:25.723,1.26286,1.26302,1.50,1.32
2012.09.26 14:36:26.083,1.26282,1.26301,1.50,1.50
2012.09.26 14:36:26.165,1.26281,1.26301,1.50,1.50
2012.09.26 14:36:26.242,1.26284,1.26302,1.50,2.07
2012.09.26 14:36:26.751,1.26284,1.26299,1.50,1.32
2012.09.26 14:36:27.387,1.26278,1.26297,2.25,1.50
2012.09.26 14:36:27.472,1.26278,1.26297,1.50,2.25
2012.09.26 14:36:29.703,1.26278,1.26297,1.50,1.50
2012.09.26 14:36:29.855,1.26284,1.26303,1.32,1.50
2012.09.26 14:36:30.221,1.26288,1.26308,1.50,1.50
2012.09.26 14:36:30.620,1.26288,1.26308,1.50,1.50
2012.09.26 14:36:32.415,1.26287,1.26303,1.50,1.32
2012.09.26 14:36:32.775,1.26284,1.26303,1.50,2.29
2012.09.26 14:36:32.855,1.26286,1.26304,1.50,2.07
2012.09.26 14:36:33.014,1.26289,1.26304,1.50,2.07
2012.09.26 14:36:33.638,1.26288,1.26304,1.50,1.32
2012.09.26 14:36:33.731,1.2629,1.26308,1.32,1.13
2012.09.26 14:36:34.261,1.2629,1.26309,2.07,1.50
2012.09.26 14:36:34.843,1.26291,1.26309,1.50,1.50
2012.09.26 14:36:35.873,1.26288,1.26308,1.50,1.50
2012.09.26 14:36:35.951,1.26289,1.26309,1.50,1.50
2012.09.26 14:36:36.171,1.26296,1.26316,1.50,4.21
2012.09.26 14:36:36.530,1.26294,1.26314,1.32,1.50
2012.09.26 14:36:36.812,1.26294,1.26315,1.32,1.50
2012.09.26 14:36:37.403,1.26296,1.26316,2.07,1.50
2012.09.26 14:36:41.493,1.26298,1.26315,1.32,1.35
2012.09.26 14:36:41.853,1.26298,1.26315,1.32,1.35
2012.09.26 14:36:42.143,1.26302,1.26321,1.50,2.07
2012.09.26 14:36:42.977,1.26302,1.26321,1.50,1.50
2012.09.26 14:36:43.379,1.26302,1.26321,1.50,1.50
2012.09.26 14:36:44.231,1.26305,1.26322,1.50,1.50
2012.09.26 14:36:44.318,1.26307,1.26326,1.50,1.35
2012.09.26 14:36:44.473,1.26307,1.26326,1.50,1.35
2012.09.26 14:36:44.623,1.26305,1.26323,1.32,1.50
2012.09.26 14:36:44.771,1.26308,1.26327,1.50,1.50
2012.09.26 14:36:44.922,1.26308,1.26327,1.50,1.50
2012.09.26 14:36:45.494,1.26308,1.26328,1.50,2.07
2012.09.26 14:36:45.657,1.26307,1.26327,2.25,1.50
2012.09.26 14:36:45.815,1.26307,1.26327,2.07,1.50
2012.09.26 14:36:45.892,1.26307,1.26325,2.07,1.50
2012.09.26 14:36:46.116,1.26299,1.2632,2.18,1.50
2012.09.26 14:36:46.270,1.26299,1.2632,1.80,1.50
2012.09.26 14:36:47.110,1.263,1.2632,1.50,1.50
2012.09.26 14:36:47.330,1.26301,1.26321,1.50,2.07
2012.09.26 14:36:48.091,1.26302,1.26321,1.32,1.50
2012.09.26 14:36:49.674,1.26304,1.26323,1.32,1.50
2012.09.26 14:36:50.044,1.26324,1.26329,1.32,1.13
2012.09.26 14:36:50.472,1.26322,1.26337,1.50,1.36
2012.09.26 14:36:50.836,1.26322,1.26333,1.50,1.35
2012.09.26 14:36:51.341,1.26316,1.26336,1.50,1.73
2012.09.26 14:36:51.491,1.26311,1.26331,1.32,1.50
2012.09.26 14:36:52.162,1.2631,1.26331,1.50,2.82
2012.09.26 14:36:52.380,1.26307,1.26329,1.50,1.50
2012.09.26 14:36:52.600,1.26311,1.26331,1.50,2.07
2012.09.26 14:36:52.827,1.26316,1.26335,1.32,2.25
2012.09.26 14:36:53.453,1.26317,1.26335,1.32,1.50
2012.09.26 14:36:53.549,1.26318,1.26339,2.25,1.50
2012.09.26 14:36:53.700,1.26318,1.26338,1.50,1.50
2012.09.26 14:36:53.919,1.26317,1.26336,2.07,1.50
2012.09.26 14:36:54.294,1.26318,1.26339,1.50,1.50
2012.09.26 14:36:54.512,1.26318,1.26339,1.73,2.82
2012.09.26 14:36:54.801,1.26318,1.26339,3.23,1.69
2012.09.26 14:36:55.392,1.26323,1.26342,1.50,1.69
2012.09.26 14:36:55.610,1.26326,1.26344,1.32,1.50
2012.09.26 14:36:55.830,1.26321,1.26341,1.50,1.50
2012.09.26 14:36:57.331,1.26322,1.26341,1.32,1.50
2012.09.26 14:36:57.691,1.26325,1.26344,1.32,1.50
2012.09.26 14:36:58.718,1.26322,1.26341,1.50,2.07
2012.09.26 14:36:58.874,1.26322,1.26339,1.50,1.50
2012.09.26 14:36:58.955,1.26319,1.26339,1.50,1.88
2012.09.26 14:36:59.114,1.26315,1.26335,1.32,2.25
2012.09.26 14:36:59.564,1.26318,1.26336,1.32,1.50
2012.09.26 14:37:00.133,1.26318,1.26337,1.32,1.88
2012.09.26 14:37:00.489,1.26317,1.26336,1.32,1.50
2012.09.26 14:37:01.059,1.26315,1.26335,1.50,1.50
2012.09.26 14:37:01.413,1.26317,1.26337,1.50,1.50
2012.09.26 14:37:01.772,1.26316,1.26332,1.50,1.50
2012.09.26 14:37:02.078,1.26318,1.26333,1.50,1.50
2012.09.26 14:37:02.164,1.26318,1.26336,1.73,1.50
2012.09.26 14:37:03.002,1.26317,1.26333,1.50,1.73
2012.09.26 14:37:03.101,1.26309,1.26329,1.50,1.50
2012.09.26 14:37:03.611,1.26308,1.26327,1.50,1.50
2012.09.26 14:37:03.972,1.26311,1.2633,1.50,1.50
2012.09.26 14:37:04.324,1.26314,1.26331,1.50,1.32
2012.09.26 14:37:04.470,1.2631,1.2633,1.50,1.50
2012.09.26 14:37:04.774,1.26308,1.26328,2.25,1.50
2012.09.26 14:37:05.002,1.26312,1.2633,1.50,1.32
2012.09.26 14:37:05.363,1.26312,1.2633,1.50,1.32
2012.09.26 14:37:05.512,1.26312,1.26328,1.50,1.50
2012.09.26 14:37:05.877,1.26304,1.2632,1.69,1.50
2012.09.26 14:37:06.381,1.26307,1.26322,1.32,1.50
2012.09.26 14:37:06.883,1.26304,1.26323,1.50,1.50
2012.09.26 14:37:06.965,1.263,1.26321,1.73,1.50
2012.09.26 14:37:07.908,1.26302,1.26323,1.50,1.50
2012.09.26 14:37:07.991,1.26307,1.26325,2.07,1.50
2012.09.26 14:37:08.072,1.26307,1.26326,2.07,1.50
2012.09.26 14:37:08.151,1.26307,1.26326,1.32,1.50
2012.09.26 14:37:08.376,1.26301,1.26321,1.50,1.50
2012.09.26 14:37:08.534,1.26304,1.26323,2.25,1.32
2012.09.26 14:37:08.902,1.26308,1.26328,1.50,3.38
2012.09.26 14:37:09.323,1.2631,1.26328,1.32,1.88
2012.09.26 14:37:09.421,1.26312,1.26327,1.50,1.88
2012.09.26 14:37:10.269,1.26308,1.26329,1.50,2.44
2012.09.26 14:37:10.500,1.26312,1.26329,1.50,1.13
2012.09.26 14:37:10.859,1.26314,1.26331,1.50,1.50
2012.09.26 14:37:10.943,1.26312,1.26331,2.25,2.25
2012.09.26 14:37:11.514,1.26313,1.26333,1.50,2.25
2012.09.26 14:37:11.609,1.26316,1.26336,2.07,1.50
2012.09.26 14:37:11.696,1.26319,1.26339,1.50,1.50
2012.09.26 14:37:12.422,1.26324,1.26337,1.54,1.50
2012.09.26 14:37:12.531,1.26321,1.26339,1.50,1.50
2012.09.26 14:37:13.039,1.26323,1.26343,1.50,1.50
2012.09.26 14:37:13.190,1.26323,1.26343,1.50,1.50
2012.09.26 14:37:13.642,1.26323,1.26343,1.50,1.50
2012.09.26 14:37:13.793,1.26319,1.26337,1.13,1.32
2012.09.26 14:37:14.156,1.2632,1.26339,1.50,1.32
2012.09.26 14:37:14.237,1.26318,1.26338,1.50,1.50
2012.09.26 14:37:14.317,1.2632,1.26338,1.32,1.50
2012.09.26 14:37:14.408,1.26322,1.26342,1.54,1.50
2012.09.26 14:37:14.704,1.26324,1.2634,1.50,1.17
2012.09.26 14:37:14.798,1.26321,1.26337,1.50,1.32
2012.09.26 14:37:15.028,1.2632,1.26339,1.88,1.32
2012.09.26 14:37:15.118,1.26324,1.26344,1.50,1.50
2012.09.26 14:37:15.484,1.26327,1.26343,1.50,1.32
2012.09.26 14:37:15.773,1.26323,1.26342,1.50,1.32
2012.09.26 14:37:15.925,1.26322,1.26342,1.50,2.07
2012.09.26 14:37:16.514,1.2632,1.26342,1.50,2.07
2012.09.26 14:37:16.608,1.26322,1.26344,2.07,2.48
2012.09.26 14:37:16.971,1.2632,1.2634,1.50,1.32
2012.09.26 14:37:17.692,1.26328,1.2634,1.50,1.32
2012.09.26 14:37:17.848,1.2633,1.26345,1.50,1.92
2012.09.26 14:37:18.353,1.26329,1.26345,1.50,1.69
2012.09.26 14:37:18.858,1.26329,1.26346,1.50,1.32
2012.09.26 14:37:22.001,1.2633,1.2635,1.50,2.25
2012.09.26 14:37:22.093,1.26327,1.26349,2.07,1.50
2012.09.26 14:37:22.176,1.26327,1.26348,1.32,1.50
2012.09.26 14:37:22.332,1.26327,1.26349,2.82,2.25
2012.09.26 14:37:22.834,1.26332,1.26352,2.07,1.73
2012.09.26 14:37:23.202,1.26324,1.26342,1.50,1.32
2012.09.26 14:37:23.759,1.26326,1.26342,1.50,1.17
2012.09.26 14:37:24.037,1.26322,1.26342,3.00,1.32
2012.09.26 14:37:24.120,1.26323,1.26342,1.50,1.32
2012.09.26 14:37:24.495,1.26326,1.26346,1.50,1.50
2012.09.26 14:37:25.063,1.26324,1.26344,1.50,1.92
2012.09.26 14:37:25.144,1.26322,1.26343,1.50,1.32
2012.09.26 14:37:25.226,1.26321,1.26341,1.50,1.50
2012.09.26 14:37:25.458,1.2632,1.26338,1.50,1.50
2012.09.26 14:37:25.548,1.26317,1.26337,1.50,1.32
2012.09.26 14:37:25.633,1.26318,1.26338,1.50,1.32
2012.09.26 14:37:25.854,1.26318,1.26338,1.54,1.50
2012.09.26 14:37:26.427,1.26318,1.26339,1.54,1.50
2012.09.26 14:37:26.526,1.26313,1.26331,2.07,1.50
2012.09.26 14:37:27.033,1.26313,1.26331,1.50,2.07
2012.09.26 14:37:28.561,1.2631,1.26329,2.25,1.32
2012.09.26 14:37:28.641,1.2631,1.26331,3.00,1.32
2012.09.26 14:37:29.923,1.26312,1.26333,1.50,1.50
2012.09.26 14:37:30.783,1.26312,1.26332,1.50,1.32
2012.09.26 14:37:31.141,1.26309,1.26328,1.73,2.25
2012.09.26 14:37:31.295,1.26311,1.26329,1.50,1.50
2012.09.26 14:37:32.054,1.26311,1.2633,2.25,2.07
2012.09.26 14:37:32.143,1.26314,1.26333,1.50,1.50
2012.09.26 14:37:33.606,1.2631,1.2633,1.73,1.32
2012.09.26 14:37:33.964,1.26312,1.26331,1.32,1.50
2012.09.26 14:37:34.462,1.26316,1.26334,2.07,1.50
2012.09.26 14:37:34.542,1.26316,1.26335,2.82,1.50
2012.09.26 14:37:35.117,1.2632,1.26337,1.50,1.50
2012.09.26 14:37:35.717,1.26317,1.26337,2.25,1.50
2012.09.26 14:37:38.826,1.26317,1.26337,1.50,1.50
2012.09.26 14:37:38.912,1.26317,1.26335,1.50,1.50
2012.09.26 14:37:39.345,1.26317,1.26334,1.50,2.25
2012.09.26 14:37:39.773,1.26312,1.2633,1.32,1.50
2012.09.26 14:37:40.301,1.2631,1.2633,2.25,2.07
2012.09.26 14:37:40.981,1.26312,1.2633,1.50,1.32
2012.09.26 14:37:41.061,1.26315,1.26333,1.50,1.54
2012.09.26 14:37:41.143,1.26315,1.26334,1.50,2.29
2012.09.26 14:37:41.295,1.26313,1.26333,1.50,1.54
2012.09.26 14:37:41.383,1.26314,1.26333,1.50,1.54
2012.09.26 14:37:41.530,1.26312,1.26331,1.50,1.32
2012.09.26 14:37:42.657,1.2631,1.2633,3.00,2.07
2012.09.26 14:37:42.732,1.26311,1.26331,2.25,2.07
2012.09.26 14:37:43.055,1.26314,1.26334,1.50,1.73
2012.09.26 14:37:43.146,1.2631,1.26328,1.54,1.50
2012.09.26 14:37:43.297,1.26312,1.2633,1.50,1.32
2012.09.26 14:37:43.663,1.26312,1.26333,2.25,2.07
2012.09.26 14:37:43.882,1.26312,1.2633,1.50,2.07
2012.09.26 14:37:44.468,1.26311,1.2633,1.50,1.32
2012.09.26 14:37:44.908,1.26312,1.2633,1.50,1.32
2012.09.26 14:37:45.063,1.2631,1.26329,1.50,1.50
2012.09.26 14:37:45.210,1.26311,1.2633,1.50,1.32
2012.09.26 14:37:45.741,1.26311,1.2633,1.50,1.32
2012.09.26 14:37:47.352,1.26314,1.26331,1.17,2.25
2012.09.26 14:37:48.257,1.26318,1.26338,2.48,1.50
2012.09.26 14:37:48.355,1.26319,1.26335,1.50,1.50
2012.09.26 14:37:50.310,1.26323,1.26337,1.13,1.50
2012.09.26 14:37:50.627,1.26339,1.26346,1.50,2.25
2012.09.26 14:37:50.930,1.26336,1.26345,1.54,1.50
2012.09.26 14:37:51.016,1.26336,1.26345,1.54,1.50
2012.09.26 14:37:51.105,1.26337,1.26358,1.50,1.50
2012.09.26 14:37:51.608,1.26337,1.26353,1.50,1.32
2012.09.26 14:37:51.684,1.26334,1.26352,1.13,1.50
2012.09.26 14:37:51.765,1.26334,1.26352,1.13,1.50
2012.09.26 14:37:52.607,1.26332,1.26344,1.13,1.32
2012.09.26 14:37:53.484,1.26332,1.26348,1.13,1.50
2012.09.26 14:37:54.056,1.26335,1.26354,2.07,1.50
2012.09.26 14:37:54.136,1.26339,1.26355,1.50,1.88
2012.09.26 14:37:54.641,1.26339,1.26356,1.50,1.50
2012.09.26 14:37:55.147,1.26341,1.26358,1.50,1.50
2012.09.26 14:37:55.304,1.26341,1.26359,1.50,1.32
2012.09.26 14:37:55.455,1.26342,1.26359,1.50,1.32
2012.09.26 14:37:55.533,1.2634,1.26358,1.50,1.50
2012.09.26 14:37:55.612,1.2634,1.26358,1.50,1.50
2012.09.26 14:37:55.762,1.2634,1.26359,1.50,1.32
2012.09.26 14:37:56.122,1.26337,1.26354,2.25,1.32
2012.09.26 14:37:57.747,1.26336,1.26358,2.25,1.50
2012.09.26 14:37:58.157,1.2634,1.26358,2.07,1.50
2012.09.26 14:37:58.245,1.26341,1.26362,1.32,2.25
2012.09.26 14:37:59.280,1.26342,1.26362,1.50,1.50
2012.09.26 14:37:59.432,1.26342,1.26362,1.50,1.50
2012.09.26 14:37:59.724,1.26345,1.26366,2.07,1.51
2012.09.26 14:38:00.972,1.26345,1.26366,2.07,1.50
2012.09.26 14:38:01.474,1.26345,1.26366,2.07,1.50
2012.09.26 14:38:02.592,1.26345,1.26365,1.32,1.50
2012.09.26 14:38:02.746,1.26343,1.26362,1.54,1.50
2012.09.26 14:38:03.114,1.26345,1.26362,1.32,1.50
2012.09.26 14:38:03.195,1.26347,1.26368,2.25,2.07
2012.09.26 14:38:03.634,1.26347,1.26366,1.50,1.32
2012.09.26 14:38:04.725,1.26343,1.26363,1.32,1.50
2012.09.26 14:38:04.803,1.26342,1.26362,1.50,1.32
2012.09.26 14:38:05.028,1.26343,1.26362,1.32,1.50
2012.09.26 14:38:05.606,1.26343,1.26362,1.54,2.25
2012.09.26 14:38:06.054,1.26345,1.26363,1.50,1.50
2012.09.26 14:38:06.733,1.26347,1.26368,2.25,1.32
2012.09.26 14:38:07.965,1.26347,1.26367,1.50,1.50
2012.09.26 14:38:08.060,1.26345,1.26364,1.32,1.50
2012.09.26 14:38:08.284,1.26345,1.26364,1.50,1.50
2012.09.26 14:38:08.364,1.26348,1.26366,1.50,1.50
2012.09.26 14:38:08.864,1.26345,1.26365,1.50,1.50
2012.09.26 14:38:09.363,1.26344,1.26364,1.50,1.50
2012.09.26 14:38:09.935,1.26342,1.26362,2.07,2.25
2012.09.26 14:38:10.506,1.26344,1.26363,2.25,1.50
2012.09.26 14:38:11.104,1.26346,1.26364,1.50,1.50
2012.09.26 14:38:11.202,1.26348,1.26368,1.50,1.32
2012.09.26 14:38:11.844,1.26348,1.26368,1.50,1.32
2012.09.26 14:38:11.923,1.26347,1.26366,1.50,1.32
2012.09.26 14:38:13.794,1.26346,1.26364,1.50,1.50
2012.09.26 14:38:14.297,1.26347,1.26366,1.50,1.32
2012.09.26 14:38:14.734,1.26346,1.26366,1.50,2.07
2012.09.26 14:38:15.024,1.26344,1.26364,1.50,1.50
2012.09.26 14:38:15.792,1.26346,1.26363,1.50,1.50
2012.09.26 14:38:16.102,1.26348,1.26365,1.32,2.25
2012.09.26 14:38:16.184,1.26348,1.26365,1.32,1.50
2012.09.26 14:38:16.334,1.26342,1.26362,1.73,1.32
2012.09.26 14:38:18.117,1.26345,1.26362,1.50,1.50
2012.09.26 14:38:18.626,1.26345,1.26363,1.50,1.35
2012.09.26 14:38:18.787,1.26344,1.26361,1.50,1.50
2012.09.26 14:38:18.880,1.26344,1.26361,1.73,1.50
2012.09.26 14:38:19.105,1.26336,1.26356,1.73,1.32
2012.09.26 14:38:19.323,1.26335,1.26356,1.50,1.32
2012.09.26 14:38:21.093,1.26333,1.26356,2.82,2.07
2012.09.26 14:38:21.455,1.2634,1.26356,1.50,1.50
2012.09.26 14:38:21.742,1.26341,1.26361,1.50,2.25
2012.09.26 14:38:22.414,1.2634,1.26361,3.00,1.50
2012.09.26 14:38:22.774,1.2634,1.26357,1.50,1.50
2012.09.26 14:38:22.925,1.26335,1.26356,1.50,1.32
2012.09.26 14:38:23.004,1.26335,1.26358,2.29,2.82
2012.09.26 14:38:23.095,1.26335,1.26356,2.29,1.50
2012.09.26 14:38:23.773,1.26335,1.26354,2.07,1.50
2012.09.26 14:38:24.713,1.26333,1.26353,1.73,1.50
2012.09.26 14:38:24.803,1.26334,1.26355,1.50,2.82
2012.09.26 14:38:25.167,1.26332,1.26351,1.50,2.25
2012.09.26 14:38:25.324,1.26332,1.26352,2.07,1.73
2012.09.26 14:38:25.405,1.26334,1.26354,2.25,1.73
2012.09.26 14:38:25.485,1.26337,1.26355,1.50,1.32
2012.09.26 14:38:25.635,1.26338,1.26358,1.50,1.32
2012.09.26 14:38:26.061,1.2634,1.26359,1.50,1.13
2012.09.26 14:38:26.149,1.26342,1.26362,1.50,1.32
2012.09.26 14:38:26.236,1.2634,1.26362,1.50,1.32
2012.09.26 14:38:26.524,1.26343,1.26362,2.25,1.32
2012.09.26 14:38:26.952,1.26346,1.26363,1.50,1.32
2012.09.26 14:38:27.038,1.26348,1.26366,1.32,2.10
2012.09.26 14:38:27.402,1.26344,1.26363,1.50,1.32
2012.09.26 14:38:27.550,1.26345,1.26363,1.32,1.50
2012.09.26 14:38:27.844,1.26338,1.26357,1.50,2.07
2012.09.26 14:38:28.579,1.2634,1.26359,1.50,1.73
2012.09.26 14:38:28.669,1.2634,1.26362,2.25,1.50
2012.09.26 14:38:29.105,1.26342,1.26361,1.32,1.50
2012.09.26 14:38:29.464,1.26342,1.26361,1.32,1.50
2012.09.26 14:38:29.625,1.26344,1.26363,1.50,1.50
2012.09.26 14:38:30.263,1.26343,1.26364,2.07,1.50
2012.09.26 14:38:30.791,1.26344,1.26365,1.50,1.50
2012.09.26 14:38:30.932,1.26344,1.26362,1.50,1.50
2012.09.26 14:38:32.063,1.26339,1.26357,1.50,1.92
2012.09.26 14:38:32.429,1.26339,1.2636,2.25,1.73
2012.09.26 14:38:32.520,1.26339,1.2636,1.73,1.50
2012.09.26 14:38:32.609,1.26339,1.26359,1.50,1.50
2012.09.26 14:38:33.162,1.26339,1.26359,1.50,1.50
2012.09.26 14:38:33.902,1.26338,1.26356,1.32,1.50
2012.09.26 14:38:34.365,1.26339,1.26357,2.07,1.50
2012.09.26 14:38:36.110,1.26339,1.26356,1.32,1.50
2012.09.26 14:38:37.253,1.26339,1.26356,1.54,1.50
2012.09.26 14:38:37.618,1.26339,1.26358,1.54,2.25
2012.09.26 14:38:37.705,1.26339,1.26358,2.29,1.50
2012.09.26 14:38:37.797,1.26339,1.26358,2.29,1.50
2012.09.26 14:38:38.323,1.26341,1.26358,1.58,1.50
2012.09.26 14:38:38.405,1.26342,1.26358,1.17,1.50
2012.09.26 14:38:38.553,1.26342,1.26361,1.17,1.50
2012.09.26 14:38:39.768,1.26338,1.26357,1.50,1.50
2012.09.26 14:38:40.093,1.26337,1.26357,2.25,2.25
2012.09.26 14:38:40.736,1.26336,1.26356,1.50,1.50
2012.09.26 14:38:41.162,1.26338,1.26357,1.50,1.50
2012.09.26 14:38:41.820,1.26341,1.2636,2.07,1.73
2012.09.26 14:38:41.905,1.26346,1.26364,1.50,1.73
2012.09.26 14:38:42.472,1.26342,1.26361,1.50,1.73
2012.09.26 14:38:42.627,1.26342,1.26358,1.50,1.32
2012.09.26 14:38:42.784,1.26335,1.26356,2.07,1.50
2012.09.26 14:38:43.682,1.26335,1.26356,1.50,3.23
2012.09.26 14:38:43.989,1.26332,1.26341,1.50,1.32
2012.09.26 14:38:44.077,1.26329,1.26341,1.50,2.07
2012.09.26 14:38:44.233,1.26326,1.26341,1.50,2.44
2012.09.26 14:38:44.317,1.26325,1.26341,1.50,1.69
2012.09.26 14:38:44.474,1.26322,1.26341,1.50,1.69
2012.09.26 14:38:44.555,1.26322,1.26341,1.50,1.47
2012.09.26 14:38:44.724,1.26326,1.26341,1.50,1.47
2012.09.26 14:38:44.875,1.26322,1.26341,1.50,1.69
2012.09.26 14:38:45.512,1.26322,1.2634,1.50,1.54
2012.09.26 14:38:45.804,1.26321,1.26341,2.25,1.32
2012.09.26 14:38:46.681,1.26322,1.26342,1.50,2.10
2012.09.26 14:38:46.764,1.26327,1.26346,1.50,1.32
2012.09.26 14:38:47.250,1.26324,1.26345,1.50,1.50
2012.09.26 14:38:48.188,1.26327,1.26348,1.50,2.29
2012.09.26 14:38:49.075,1.26327,1.26348,1.50,2.29
2012.09.26 14:38:49.165,1.26331,1.26348,1.50,1.54
2012.09.26 14:38:50.290,1.26328,1.26348,1.50,1.73
2012.09.26 14:38:50.685,1.26338,1.26349,1.50,1.58
2012.09.26 14:38:50.765,1.26335,1.26353,1.50,1.50
2012.09.26 14:38:50.848,1.26335,1.26353,1.50,1.50
2012.09.26 14:38:51.211,1.26333,1.26353,1.32,1.50
2012.09.26 14:38:51.569,1.26335,1.26354,1.50,1.50
2012.09.26 14:38:51.921,1.26333,1.2635,1.32,1.50
2012.09.26 14:38:52.279,1.26333,1.2635,1.32,2.48
2012.09.26 14:38:53.184,1.2633,1.26349,1.32,1.50
2012.09.26 14:38:53.553,1.26335,1.26354,1.50,1.73
2012.09.26 14:38:55.213,1.26335,1.26347,1.50,1.35
2012.09.26 14:38:55.310,1.26328,1.26347,3.00,1.50
2012.09.26 14:38:55.394,1.26326,1.26347,2.07,1.73
2012.09.26 14:38:55.961,1.26326,1.26347,2.07,1.73
2012.09.26 14:38:56.468,1.26323,1.26345,2.82,2.25
2012.09.26 14:38:57.776,1.26327,1.26347,1.50,1.50
2012.09.26 14:38:58.211,1.26327,1.26347,1.50,1.50
2012.09.26 14:38:58.293,1.26326,1.26345,1.32,2.25
2012.09.26 14:38:58.520,1.26328,1.26347,1.50,1.50
2012.09.26 14:38:58.884,1.2633,1.26347,1.13,1.50
2012.09.26 14:38:59.049,1.26335,1.26351,1.32,1.50
2012.09.26 14:38:59.134,1.26339,1.26357,1.50,2.25
2012.09.26 14:38:59.294,1.26335,1.26356,2.82,1.50
2012.09.26 14:39:00.575,1.26333,1.26354,1.50,2.29
2012.09.26 14:39:02.099,1.26336,1.26354,1.50,1.54
2012.09.26 14:39:02.403,1.26331,1.26349,1.50,1.50
2012.09.26 14:39:02.870,1.26331,1.26351,1.50,1.50
2012.09.26 14:39:03.163,1.26334,1.26354,2.25,2.29
2012.09.26 14:39:03.247,1.26336,1.26356,1.50,1.54
2012.09.26 14:39:03.612,1.26336,1.26357,1.50,2.25
2012.09.26 14:39:04.251,1.26336,1.26359,2.25,3.04
2012.09.26 14:39:05.992,1.26335,1.26358,3.00,2.48
2012.09.26 14:39:06.143,1.26335,1.26358,3.00,2.48
2012.09.26 14:39:07.065,1.26338,1.26358,1.50,1.73
2012.09.26 14:39:07.170,1.26342,1.26361,1.50,3.04
2012.09.26 14:39:07.773,1.2634,1.26359,1.50,2.29
2012.09.26 14:39:07.854,1.26338,1.26359,3.00,2.29
2012.09.26 14:39:07.935,1.2635,1.26361,1.50,1.54
2012.09.26 14:39:08.156,1.26348,1.26358,1.32,1.50
2012.09.26 14:39:08.243,1.26344,1.26358,1.88,1.73
2012.09.26 14:39:08.329,1.26342,1.26359,1.13,2.29
2012.09.26 14:39:08.416,1.26341,1.26359,1.32,1.73
2012.09.26 14:39:08.784,1.26341,1.26361,2.07,2.25
2012.09.26 14:39:09.145,1.26341,1.26361,2.07,1.50
2012.09.26 14:39:09.438,1.26343,1.26363,1.50,1.54
2012.09.26 14:39:09.525,1.26342,1.26363,1.50,1.54
2012.09.26 14:39:10.076,1.26347,1.26366,1.50,1.54
2012.09.26 14:39:10.221,1.26347,1.26366,1.50,1.54
2012.09.26 14:39:11.250,1.2635,1.2637,1.50,1.54
2012.09.26 14:39:11.332,1.26349,1.2637,1.50,2.29
2012.09.26 14:39:12.303,1.26349,1.2637,1.50,2.29
2012.09.26 14:39:13.023,1.26349,1.2637,1.50,2.29
2012.09.26 14:39:13.383,1.26347,1.26368,2.82,1.50
2012.09.26 14:39:14.162,1.26348,1.26367,1.32,2.25
2012.09.26 14:39:14.528,1.26348,1.26367,1.32,1.50
2012.09.26 14:39:14.620,1.26351,1.26371,1.50,1.50
2012.09.26 14:39:14.708,1.26348,1.26367,2.07,1.50
2012.09.26 14:39:14.792,1.26348,1.26367,2.07,1.50
2012.09.26 14:39:14.874,1.26348,1.26367,2.07,1.50
2012.09.26 14:39:15.164,1.26351,1.26369,1.32,1.50
2012.09.26 14:39:15.815,1.26347,1.26367,2.07,1.50
2012.09.26 14:39:16.328,1.26345,1.26363,1.88,1.51
2012.09.26 14:39:16.419,1.26342,1.2636,1.88,1.50
2012.09.26 14:39:16.510,1.26342,1.26357,1.50,1.32
2012.09.26 14:39:17.085,1.26337,1.26356,1.50,1.32
2012.09.26 14:39:17.162,1.26334,1.26356,2.25,2.07
2012.09.26 14:39:17.382,1.26336,1.26357,1.50,2.29
2012.09.26 14:39:17.464,1.26334,1.26356,1.50,1.32
2012.09.26 14:39:17.543,1.26331,1.26353,3.19,1.50
2012.09.26 14:39:17.782,1.26334,1.26353,2.25,1.50
2012.09.26 14:39:18.085,1.26335,1.26356,1.32,1.50
2012.09.26 14:39:18.764,1.26339,1.26356,1.32,1.50
2012.09.26 14:39:18.914,1.26339,1.26358,2.07,1.50
2012.09.26 14:39:19.273,1.26341,1.26361,2.07,1.50
2012.09.26 14:39:19.421,1.26344,1.26365,1.50,2.48
2012.09.26 14:39:19.712,1.26342,1.26365,1.50,2.25
2012.09.26 14:39:19.793,1.26341,1.26362,2.25,1.50
2012.09.26 14:39:20.415,1.26338,1.26358,1.32,1.50
2012.09.26 14:39:20.920,1.26336,1.26357,2.25,1.73
2012.09.26 14:39:21.304,1.26342,1.26359,1.32,1.50
2012.09.26 14:39:21.783,1.26342,1.26362,2.07,1.50
2012.09.26 14:39:22.388,1.26342,1.26362,2.44,1.50
2012.09.26 14:39:23.452,1.26342,1.26362,2.44,1.50
2012.09.26 14:39:24.029,1.26344,1.26365,2.25,1.54
2012.09.26 14:39:24.397,1.26348,1.26367,1.32,1.50
2012.09.26 14:39:24.977,1.26347,1.26364,2.07,1.50
2012.09.26 14:39:25.163,1.26347,1.26367,1.50,1.32
2012.09.26 14:39:25.463,1.26346,1.26363,1.50,1.50
2012.09.26 14:39:25.754,1.26344,1.26363,1.13,1.50
2012.09.26 14:39:26.466,1.26345,1.26363,1.50,2.48
2012.09.26 14:39:26.624,1.26344,1.26363,2.25,2.25
2012.09.26 14:39:27.126,1.26341,1.2636,1.50,2.25
2012.09.26 14:39:27.205,1.26338,1.26358,1.13,1.73
2012.09.26 14:39:27.283,1.26338,1.26358,1.13,1.73
2012.09.26 14:39:27.983,1.26338,1.26358,1.13,1.73
2012.09.26 14:39:28.065,1.26344,1.2636,1.32,1.50
2012.09.26 14:39:28.143,1.26344,1.26361,1.32,1.50
2012.09.26 14:39:28.291,1.26345,1.26366,1.50,1.73
2012.09.26 14:39:32.732,1.26346,1.26365,1.32,1.73
2012.09.26 14:39:32.883,1.26348,1.26367,1.50,1.50
2012.09.26 14:39:33.035,1.26348,1.26369,2.25,2.48
2012.09.26 14:39:35.203,1.26348,1.26368,1.32,2.48
2012.09.26 14:39:35.741,1.26349,1.26368,1.32,1.73
2012.09.26 14:39:40.585,1.26343,1.26365,2.25,1.50
2012.09.26 14:39:40.873,1.26343,1.26365,2.25,1.73
2012.09.26 14:39:41.853,1.26345,1.26366,1.50,2.29
2012.09.26 14:39:43.913,1.26345,1.26366,2.25,2.29
2012.09.26 14:39:46.812,1.26345,1.26366,2.25,1.50
2012.09.26 14:39:49.223,1.26345,1.26368,2.25,2.29
2012.09.26 14:39:49.441,1.2635,1.26368,1.50,1.54
2012.09.26 14:39:49.655,1.2635,1.26371,2.07,1.50
2012.09.26 14:39:49.799,1.26352,1.26372,1.50,1.73
2012.09.26 14:39:52.754,1.26353,1.26374,2.07,1.73
2012.09.26 14:39:52.833,1.26356,1.26375,1.32,2.48
2012.09.26 14:39:53.334,1.26352,1.26371,2.07,1.73
2012.09.26 14:39:55.005,1.26352,1.26371,2.07,1.73
2012.09.26 14:39:55.934,1.26353,1.26371,1.32,1.50
2012.09.26 14:39:56.151,1.26353,1.26372,2.07,1.50
2012.09.26 14:39:56.514,1.26352,1.26373,1.50,1.54
2012.09.26 14:39:57.090,1.26349,1.2637,1.50,1.73
2012.09.26 14:39:57.179,1.26355,1.26373,1.50,2.29
2012.09.26 14:39:57.265,1.26355,1.26373,1.50,2.29
2012.09.26 14:39:58.614,1.26354,1.26373,1.32,1.73
2012.09.26 14:39:58.833,1.26353,1.26372,1.32,2.48
2012.09.26 14:39:58.913,1.26351,1.26369,1.32,1.50
2012.09.26 14:39:59.342,1.26351,1.26371,2.07,1.73
2012.09.26 14:39:59.844,1.26353,1.26374,1.50,1.73
2012.09.26 14:40:00.334,1.26356,1.26375,1.50,1.73
2012.09.26 14:40:00.694,1.26352,1.26372,1.50,1.50
2012.09.26 14:40:00.775,1.26352,1.26372,1.50,1.73
2012.09.26 14:40:01.582,1.26351,1.26372,2.07,1.50
2012.09.26 14:40:02.153,1.26354,1.26374,1.50,1.73
2012.09.26 14:40:02.747,1.26355,1.26374,1.32,2.33
2012.09.26 14:40:03.253,1.26358,1.26376,1.32,1.73
2012.09.26 14:40:03.611,1.26355,1.26371,1.32,1.50
2012.09.26 14:40:03.696,1.26351,1.26372,1.32,1.50
2012.09.26 14:40:03.860,1.2635,1.26371,2.07,1.50
2012.09.26 14:40:04.292,1.26351,1.26371,1.32,1.50
2012.09.26 14:40:04.374,1.26354,1.26373,1.50,1.73
2012.09.26 14:40:04.884,1.26354,1.26374,1.50,1.73
2012.09.26 14:40:07.521,1.26353,1.26374,2.25,1.73
2012.09.26 14:40:08.663,1.26354,1.26376,2.07,1.73
2012.09.26 14:40:08.745,1.26356,1.26376,1.50,1.73
2012.09.26 14:40:09.665,1.26356,1.26377,1.50,1.39
2012.09.26 14:40:09.825,1.26354,1.26374,2.07,1.50
2012.09.26 14:40:10.480,1.26355,1.26374,1.50,1.50
2012.09.26 14:40:11.003,1.26354,1.26377,2.07,3.04
2012.09.26 14:40:11.291,1.26352,1.26372,2.07,1.50
2012.09.26 14:40:11.376,1.26352,1.26372,1.32,2.25
2012.09.26 14:40:13.422,1.26348,1.26369,2.07,2.25
2012.09.26 14:40:14.926,1.26352,1.26369,1.32,1.50
2012.09.26 14:40:15.427,1.26353,1.2637,2.07,1.50
2012.09.26 14:40:15.936,1.26353,1.26372,2.07,1.50
2012.09.26 14:40:16.430,1.26352,1.26371,2.44,1.50
2012.09.26 14:40:16.650,1.26352,1.26371,2.44,1.50
2012.09.26 14:40:16.734,1.26353,1.26373,1.50,1.50
2012.09.26 14:40:16.813,1.26352,1.26373,1.69,2.25
2012.09.26 14:40:16.968,1.26351,1.26372,2.07,1.50
2012.09.26 14:40:17.471,1.26348,1.26369,1.32,2.48
2012.09.26 14:40:18.677,1.26347,1.26368,2.07,1.50
2012.09.26 14:40:18.771,1.26347,1.26369,2.07,1.73
2012.09.26 14:40:19.204,1.26347,1.26368,2.07,1.73
2012.09.26 14:40:19.285,1.26347,1.26366,1.32,1.50
2012.09.26 14:40:19.432,1.26347,1.26365,1.32,1.73
2012.09.26 14:40:19.581,1.26345,1.26362,1.69,1.50
2012.09.26 14:40:19.940,1.26347,1.26358,1.32,1.50
2012.09.26 14:40:20.024,1.26347,1.26361,1.32,1.50
2012.09.26 14:40:20.452,1.26348,1.26365,1.32,1.50
2012.09.26 14:40:21.953,1.2635,1.26365,1.50,1.50
2012.09.26 14:40:22.102,1.26354,1.26372,1.32,1.73
2012.09.26 14:40:22.199,1.2635,1.26369,1.88,1.50
2012.09.26 14:40:22.354,1.26349,1.26368,1.54,1.50
2012.09.26 14:40:22.435,1.26346,1.26367,1.50,1.50
2012.09.26 14:40:28.329,1.26349,1.26367,1.32,1.50
2012.09.26 14:40:28.685,1.26351,1.26369,2.07,1.50
2012.09.26 14:40:28.766,1.26351,1.26371,2.07,1.50
2012.09.26 14:40:29.691,1.26351,1.26371,2.82,1.50
2012.09.26 14:40:30.469,1.26353,1.26373,2.25,1.50
2012.09.26 14:40:31.996,1.26355,1.26373,1.32,1.50
2012.09.26 14:40:33.282,1.26353,1.26373,2.07,1.50
2012.09.26 14:40:34.495,1.26357,1.26376,1.50,1.50
2012.09.26 14:40:34.571,1.26357,1.26377,1.50,2.25
2012.09.26 14:40:35.342,1.26357,1.26376,1.50,1.50
2012.09.26 14:40:35.493,1.26355,1.26374,1.32,2.25
2012.09.26 14:40:36.848,1.26353,1.26372,1.50,1.50
2012.09.26 14:40:37.353,1.26353,1.26372,1.32,2.25
2012.09.26 14:40:37.903,1.26353,1.26371,1.32,1.50
2012.09.26 14:40:38.063,1.2635,1.2637,1.69,1.50
2012.09.26 14:40:38.403,1.26353,1.26375,2.07,2.25
2012.09.26 14:40:38.483,1.26353,1.26372,1.32,1.50
2012.09.26 14:40:38.634,1.26353,1.26375,1.50,1.50
2012.09.26 14:40:38.710,1.26356,1.26375,1.50,1.50
2012.09.26 14:40:40.635,1.26357,1.26376,1.50,1.50
2012.09.26 14:40:41.117,1.26358,1.26377,1.50,1.50
2012.09.26 14:40:41.623,1.26359,1.26378,1.50,1.73
2012.09.26 14:40:42.310,1.2636,1.26374,1.13,1.35
2012.09.26 14:40:42.534,1.26357,1.26375,1.65,1.54
2012.09.26 14:40:42.613,1.26357,1.26377,1.65,3.04
2012.09.26 14:40:42.697,1.26358,1.26378,1.32,1.50
2012.09.26 14:40:43.063,1.26357,1.26378,2.07,1.50
2012.09.26 14:40:43.435,1.26357,1.26374,1.32,1.50
2012.09.26 14:40:43.514,1.26354,1.26371,1.50,1.50
2012.09.26 14:40:43.598,1.26351,1.26371,1.50,1.50
2012.09.26 14:40:44.103,1.2635,1.26371,1.88,2.25
2012.09.26 14:40:44.323,1.26352,1.26371,1.50,1.50
2012.09.26 14:40:44.543,1.2635,1.26369,1.88,1.50
2012.09.26 14:40:44.852,1.26347,1.26368,2.44,2.25
2012.09.26 14:40:46.857,1.26351,1.2637,1.32,1.50
2012.09.26 14:40:46.957,1.26349,1.26366,1.50,1.35
2012.09.26 14:40:47.126,1.2635,1.26367,1.50,1.17
2012.09.26 14:40:47.426,1.26345,1.2636,1.13,1.32
2012.09.26 14:40:47.932,1.26347,1.26363,1.32,1.50
2012.09.26 14:40:48.155,1.2635,1.2637,1.50,1.69
2012.09.26 14:40:48.720,1.2635,1.26371,2.25,2.44
2012.09.26 14:40:49.583,1.26348,1.26368,1.32,1.50
2012.09.26 14:40:55.318,1.26349,1.2637,2.07,1.88
2012.09.26 14:40:55.666,1.2635,1.2637,1.50,1.13
2012.09.26 14:40:56.145,1.2635,1.2637,1.50,1.50
2012.09.26 14:40:56.293,1.26349,1.26367,1.32,1.50
2012.09.26 14:40:56.864,1.26348,1.26367,1.32,1.50
2012.09.26 14:40:57.612,1.26349,1.2637,1.32,2.48
2012.09.26 14:40:57.691,1.2635,1.2637,1.50,1.50
2012.09.26 14:40:58.714,1.26357,1.26376,2.07,1.50
2012.09.26 14:40:59.455,1.26358,1.26378,1.50,1.50
2012.09.26 14:40:59.533,1.26358,1.26379,2.25,1.50
2012.09.26 14:41:00.473,1.26358,1.26378,1.50,1.50
2012.09.26 14:41:00.625,1.26357,1.26373,1.50,1.32
2012.09.26 14:41:00.708,1.26354,1.26372,1.50,1.50
2012.09.26 14:41:00.797,1.26352,1.26369,1.50,1.50
2012.09.26 14:41:00.877,1.2635,1.26365,1.50,1.32
2012.09.26 14:41:01.812,1.2635,1.26369,1.50,1.50
2012.09.26 14:41:04.652,1.26347,1.26368,2.25,2.25
2012.09.26 14:41:05.339,1.26347,1.26366,1.50,1.50
2012.09.26 14:41:05.953,1.26348,1.26368,1.50,2.25
2012.09.26 14:41:06.241,1.26343,1.26363,1.50,2.07
2012.09.26 14:41:06.788,1.26345,1.26363,1.50,2.07
2012.09.26 14:41:07.145,1.26343,1.26362,2.25,1.50
2012.09.26 14:41:07.224,1.26341,1.26362,1.50,2.25
2012.09.26 14:41:14.599,1.26341,1.26363,1.50,3.04
2012.09.26 14:41:15.369,1.26343,1.26363,1.50,2.29
2012.09.26 14:41:15.922,1.26346,1.26363,1.32,1.50
2012.09.26 14:41:16.285,1.26348,1.26369,1.50,2.48
2012.09.26 14:41:16.364,1.26348,1.26369,1.50,2.25
2012.09.26 14:41:17.006,1.26348,1.26367,1.50,1.50
2012.09.26 14:41:17.100,1.26345,1.26365,2.25,2.29
2012.09.26 14:41:17.735,1.26345,1.26364,1.50,1.73
2012.09.26 14:41:18.105,1.26336,1.26348,1.50,2.07
2012.09.26 14:41:18.184,1.26336,1.26348,1.50,1.54
2012.09.26 14:41:19.033,1.26334,1.26351,1.50,2.29
2012.09.26 14:41:19.112,1.26331,1.26351,1.50,2.29
2012.09.26 14:41:19.191,1.26331,1.26351,1.50,1.73
2012.09.26 14:41:21.545,1.26331,1.26352,1.50,2.29
2012.09.26 14:41:21.915,1.26328,1.26351,2.25,1.50
2012.09.26 14:41:22.065,1.26345,1.26357,1.50,3.38
2012.09.26 14:41:22.510,1.26349,1.26359,1.32,1.88
2012.09.26 14:41:23.015,1.2635,1.26359,1.32,1.13
2012.09.26 14:41:23.234,1.26353,1.26372,1.50,1.73
2012.09.26 14:41:23.523,1.26351,1.26371,2.07,1.73
2012.09.26 14:41:23.672,1.26351,1.26371,2.07,1.73
2012.09.26 14:41:23.822,1.26351,1.26367,1.32,1.13
2012.09.26 14:41:23.904,1.2635,1.2637,1.32,1.50
2012.09.26 14:41:24.051,1.26351,1.26371,1.32,1.50
2012.09.26 14:41:24.413,1.26356,1.26374,1.50,1.54
2012.09.26 14:41:24.774,1.26353,1.26373,1.50,1.73
2012.09.26 14:41:25.819,1.26352,1.26372,1.32,1.50
2012.09.26 14:41:26.386,1.26351,1.2637,1.32,1.73
2012.09.26 14:41:27.110,1.26349,1.26371,1.50,2.33
2012.09.26 14:41:27.630,1.2635,1.26372,1.50,2.07
2012.09.26 14:41:28.211,1.26353,1.26373,1.50,2.29
2012.09.26 14:41:28.575,1.2635,1.2637,2.25,1.73
2012.09.26 14:41:29.161,1.2635,1.2637,2.25,1.73
2012.09.26 14:41:29.244,1.26348,1.26367,1.50,1.73
2012.09.26 14:41:29.614,1.2635,1.2637,1.50,2.48
2012.09.26 14:41:30.052,1.26353,1.26372,1.50,2.29
2012.09.26 14:41:30.533,1.26357,1.26372,1.17,1.73
2012.09.26 14:41:31.243,1.26355,1.26373,1.65,1.73
2012.09.26 14:41:31.535,1.26357,1.26376,2.07,1.73
2012.09.26 14:41:31.616,1.26357,1.26376,2.07,1.50
2012.09.26 14:41:31.847,1.26363,1.26381,1.50,1.50
2012.09.26 14:41:31.926,1.26362,1.26382,1.50,2.29
2012.09.26 14:41:32.225,1.26362,1.26382,1.50,2.07
2012.09.26 14:41:32.302,1.26357,1.26378,1.32,2.48
2012.09.26 14:41:32.456,1.26356,1.26378,2.07,3.23
2012.09.26 14:41:32.952,1.26355,1.26373,1.50,1.58
2012.09.26 14:41:33.036,1.26351,1.26368,1.32,1.50
2012.09.26 14:41:33.655,1.26349,1.26367,1.50,1.73
2012.09.26 14:41:35.882,1.26351,1.26369,1.32,2.48
2012.09.26 14:41:36.183,1.2636,1.2637,1.50,1.50
2012.09.26 14:41:36.266,1.26354,1.26369,3.00,1.50
2012.09.26 14:41:36.346,1.26359,1.26379,1.32,1.50
2012.09.26 14:41:36.720,1.26362,1.26382,1.50,2.29
2012.09.26 14:41:36.943,1.26359,1.2638,1.32,1.73
2012.09.26 14:41:37.292,1.2636,1.2638,1.50,1.73
2012.09.26 14:41:37.850,1.26362,1.26382,1.50,2.29
2012.09.26 14:41:38.654,1.26359,1.2638,2.07,2.25
2012.09.26 14:41:39.089,1.26362,1.26382,1.50,1.73
2012.09.26 14:41:39.489,1.26359,1.2638,1.50,2.25
2012.09.26 14:41:44.080,1.26357,1.26378,1.50,1.50
2012.09.26 14:41:44.835,1.26358,1.26377,1.32,1.50
2012.09.26 14:41:45.055,1.26354,1.26373,1.50,1.50
2012.09.26 14:41:46.131,1.26354,1.26373,1.50,1.73
2012.09.26 14:41:46.355,1.26359,1.26376,1.50,1.54
2012.09.26 14:41:46.504,1.26356,1.26376,1.50,1.54
2012.09.26 14:41:46.932,1.26353,1.26373,2.82,1.73
2012.09.26 14:41:47.152,1.26353,1.26373,2.82,1.73
2012.09.26 14:41:47.511,1.26356,1.26376,1.50,2.07
2012.09.26 14:41:47.732,1.26359,1.26379,1.32,1.88
2012.09.26 14:41:47.812,1.26358,1.26379,1.50,1.88
2012.09.26 14:41:48.479,1.26356,1.26373,1.50,2.29
2012.09.26 14:41:48.843,1.26357,1.26373,1.50,1.54
2012.09.26 14:41:49.945,1.26357,1.26375,1.50,1.73
2012.09.26 14:41:50.514,1.26356,1.26376,1.50,1.54
2012.09.26 14:41:51.002,1.26354,1.26374,1.50,1.73
2012.09.26 14:41:51.222,1.26357,1.26377,1.32,1.73
2012.09.26 14:41:51.376,1.26358,1.2638,2.07,2.48
2012.09.26 14:41:52.306,1.26355,1.26376,1.50,1.50
2012.09.26 14:41:52.790,1.26355,1.26376,1.50,1.73
2012.09.26 14:41:53.146,1.26355,1.2637,1.50,1.32
2012.09.26 14:41:54.027,1.26347,1.26364,1.50,1.54
2012.09.26 14:41:54.123,1.26347,1.26366,2.07,1.73
2012.09.26 14:41:54.625,1.26347,1.26363,1.50,1.54
2012.09.26 14:41:54.783,1.26338,1.26357,1.50,1.73
2012.09.26 14:41:55.072,1.26338,1.26357,1.50,1.73
2012.09.26 14:41:55.494,1.26336,1.26355,1.69,1.73
2012.09.26 14:41:55.640,1.26336,1.26355,1.32,1.50
2012.09.26 14:41:55.721,1.26337,1.26357,1.50,1.50
2012.09.26 14:41:56.083,1.26346,1.26362,1.32,1.73
2012.09.26 14:41:56.645,1.26346,1.26367,2.07,1.73
2012.09.26 14:41:56.723,1.26348,1.26369,1.50,1.92
2012.09.26 14:41:56.946,1.26348,1.26369,2.10,1.92
2012.09.26 14:41:57.166,1.26352,1.26372,2.07,1.13
2012.09.26 14:41:57.734,1.26352,1.26372,1.32,1.35
2012.09.26 14:41:57.812,1.26352,1.26373,1.32,1.73
2012.09.26 14:41:58.551,1.26352,1.26372,1.92,1.50
2012.09.26 14:41:59.212,1.26354,1.26376,1.50,2.25
2012.09.26 14:41:59.292,1.26356,1.26376,1.50,2.25
2012.09.26 14:42:00.184,1.26354,1.26373,1.50,1.32
2012.09.26 14:42:00.264,1.26351,1.26371,1.50,2.25
2012.09.26 14:42:00.414,1.26349,1.2637,2.25,1.73
2012.09.26 14:42:01.003,1.26348,1.2637,1.32,1.73
2012.09.26 14:42:02.186,1.26348,1.26365,1.32,1.50
2012.09.26 14:42:02.333,1.26344,1.26365,2.25,2.48
2012.09.26 14:42:02.415,1.26344,1.26364,1.50,1.73
2012.09.26 14:42:02.576,1.26342,1.26361,1.32,2.25
2012.09.26 14:42:02.808,1.26341,1.2636,1.32,1.73
2012.09.26 14:42:02.898,1.26339,1.26359,1.50,1.54
2012.09.26 14:42:03.804,1.26341,1.2636,1.50,1.54
2012.09.26 14:42:04.109,1.26337,1.26357,2.25,1.50
2012.09.26 14:42:04.476,1.26336,1.26352,1.50,1.32
2012.09.26 14:42:04.626,1.26331,1.26349,1.50,1.54
2012.09.26 14:42:04.773,1.26331,1.26349,1.50,1.54
2012.09.26 14:42:06.533,1.26331,1.26349,1.50,1.73
2012.09.26 14:42:06.754,1.2633,1.26348,1.50,1.50
2012.09.26 14:42:07.135,1.2633,1.26352,2.25,2.07
2012.09.26 14:42:07.285,1.26333,1.26352,1.50,1.32
2012.09.26 14:42:07.363,1.26334,1.26352,1.32,1.50
2012.09.26 14:42:07.801,1.26331,1.2635,1.50,1.50
2012.09.26 14:42:08.682,1.26334,1.26352,1.50,1.54
2012.09.26 14:42:09.182,1.26334,1.26354,1.50,2.29
2012.09.26 14:42:09.335,1.26339,1.26354,1.50,1.73
2012.09.26 14:42:09.413,1.26339,1.26356,1.50,2.29
2012.09.26 14:42:09.633,1.26334,1.26354,1.50,1.73
2012.09.26 14:42:09.715,1.2634,1.26356,1.50,1.54
2012.09.26 14:42:09.866,1.26337,1.26355,1.50,1.73
2012.09.26 14:42:10.156,1.2634,1.26356,1.50,1.54
2012.09.26 14:42:10.641,1.26335,1.26356,1.50,2.29
2012.09.26 14:42:10.861,1.26333,1.26353,2.10,1.73
2012.09.26 14:42:11.292,1.26334,1.26353,1.50,1.73
2012.09.26 14:42:11.653,1.26333,1.26352,1.35,1.73
2012.09.26 14:42:12.770,1.26332,1.26352,2.25,1.54
2012.09.26 14:42:12.855,1.26336,1.26354,1.50,1.54
2012.09.26 14:42:13.525,1.26338,1.26355,1.50,1.73
2012.09.26 14:42:13.661,1.26336,1.26357,2.07,1.50
2012.09.26 14:42:15.076,1.26336,1.26357,2.07,1.73
2012.09.26 14:42:15.155,1.26336,1.26356,1.32,1.73
2012.09.26 14:42:15.517,1.26342,1.26355,1.88,1.50
2012.09.26 14:42:15.606,1.26336,1.26355,1.80,1.50
2012.09.26 14:42:15.683,1.26335,1.26355,2.25,1.50
2012.09.26 14:42:16.380,1.26336,1.26356,2.10,1.50
2012.09.26 14:42:18.339,1.26337,1.26356,1.92,1.50
2012.09.26 14:42:18.633,1.26337,1.26352,1.35,1.50
2012.09.26 14:42:19.265,1.26335,1.26347,1.50,1.32
2012.09.26 14:42:19.353,1.26328,1.26348,2.07,1.50
2012.09.26 14:42:19.656,1.26329,1.26352,2.07,2.48
2012.09.26 14:42:21.682,1.26329,1.2635,1.32,1.50
2012.09.26 14:42:21.760,1.26328,1.26348,1.32,1.50
2012.09.26 14:42:22.394,1.26327,1.26346,1.32,1.50
2012.09.26 14:42:23.011,1.26328,1.26348,2.07,1.50
2012.09.26 14:42:23.520,1.26329,1.26349,1.32,1.50
2012.09.26 14:42:26.935,1.26329,1.26349,1.32,1.50
2012.09.26 14:42:27.084,1.26332,1.26352,1.32,1.73
2012.09.26 14:42:27.235,1.26334,1.26357,1.50,3.04
2012.09.26 14:42:29.094,1.26334,1.26355,2.25,1.50
2012.09.26 14:42:29.446,1.26332,1.26351,1.50,1.50
2012.09.26 14:42:29.803,1.26329,1.26348,1.17,1.50
2012.09.26 14:42:31.063,1.26329,1.26348,1.17,1.50
2012.09.26 14:42:31.991,1.26331,1.26351,1.50,1.50
2012.09.26 14:42:33.876,1.26336,1.26353,1.35,1.50
2012.09.26 14:42:34.242,1.26335,1.26354,1.35,2.25
2012.09.26 14:42:34.774,1.26335,1.26354,2.10,2.25
2012.09.26 14:42:35.332,1.26334,1.26353,1.32,1.50
2012.09.26 14:42:36.451,1.26333,1.26352,1.32,1.50
2012.09.26 14:42:36.882,1.26331,1.2635,1.32,1.73
2012.09.26 14:42:37.107,1.26327,1.26348,1.50,1.50
2012.09.26 14:42:37.560,1.26325,1.26346,2.07,1.50
2012.09.26 14:42:38.308,1.26333,1.26348,2.48,1.73
2012.09.26 14:42:38.695,1.26335,1.26354,2.07,1.50
2012.09.26 14:42:39.195,1.26337,1.26356,1.32,2.25
2012.09.26 14:42:39.556,1.26339,1.26358,1.50,1.54
2012.09.26 14:42:39.707,1.2634,1.26359,1.50,1.54
2012.09.26 14:42:39.798,1.2635,1.26364,1.50,1.88
2012.09.26 14:42:39.954,1.26347,1.26366,1.32,1.50
2012.09.26 14:42:40.045,1.26347,1.26367,1.32,2.25
2012.09.26 14:42:40.123,1.26344,1.26363,1.32,1.50
2012.09.26 14:42:40.721,1.26343,1.26363,1.50,1.50
2012.09.26 14:42:41.084,1.26341,1.26361,2.48,1.50
2012.09.26 14:42:41.373,1.26344,1.26362,1.13,1.50
2012.09.26 14:42:41.456,1.26344,1.26363,2.63,1.50
2012.09.26 14:42:41.538,1.26343,1.26363,1.50,1.50
2012.09.26 14:42:41.629,1.26344,1.26363,2.25,1.73
2012.09.26 14:42:42.443,1.26347,1.26367,1.50,1.50
2012.09.26 14:42:42.952,1.26346,1.26365,1.32,1.65
2012.09.26 14:42:43.312,1.26351,1.26371,1.50,1.47
2012.09.26 14:42:43.671,1.26351,1.2637,1.50,1.66
2012.09.26 14:42:44.105,1.26349,1.26367,1.50,1.50
2012.09.26 14:42:44.469,1.26346,1.26365,2.07,1.50
2012.09.26 14:42:44.691,1.26342,1.2636,1.50,1.73
2012.09.26 14:42:44.844,1.26339,1.2636,1.50,1.73
2012.09.26 14:42:45.847,1.26339,1.2636,1.50,1.73
2012.09.26 14:42:46.006,1.26335,1.26356,2.25,1.54
2012.09.26 14:42:46.881,1.2634,1.26359,1.50,2.29
2012.09.26 14:42:47.803,1.26333,1.26355,2.07,1.50
2012.09.26 14:42:47.898,1.26335,1.26356,1.50,1.32
2012.09.26 14:42:48.195,1.26333,1.26353,1.32,1.50
2012.09.26 14:42:48.410,1.26333,1.26351,1.32,1.50
2012.09.26 14:42:48.503,1.26329,1.26349,1.50,1.50
2012.09.26 14:42:48.656,1.2633,1.2635,1.50,1.54
2012.09.26 14:42:49.024,1.26326,1.26338,1.35,2.07
2012.09.26 14:42:49.183,1.26323,1.26336,1.13,1.73
2012.09.26 14:42:49.473,1.26317,1.26336,1.50,1.73
2012.09.26 14:42:49.682,1.26322,1.26339,1.50,2.29
2012.09.26 14:42:49.763,1.26319,1.26339,1.50,2.29
2012.09.26 14:42:49.846,1.26319,1.26339,2.07,1.50
2012.09.26 14:42:51.042,1.26319,1.26339,1.50,1.73
2012.09.26 14:42:51.590,1.26319,1.26339,1.50,1.50
2012.09.26 14:42:52.165,1.26319,1.26339,1.50,1.50
2012.09.26 14:42:52.763,1.26316,1.26337,1.50,2.07
2012.09.26 14:42:52.934,1.26322,1.26342,1.50,1.73
2012.09.26 14:42:53.085,1.26325,1.26342,1.50,1.50
2012.09.26 14:42:53.161,1.26325,1.26344,1.50,1.54
2012.09.26 14:42:53.596,1.26323,1.26342,1.50,1.50
2012.09.26 14:42:53.748,1.26319,1.26338,1.50,1.50
2012.09.26 14:42:53.838,1.26317,1.26329,1.50,1.32
2012.09.26 14:42:54.067,1.26313,1.26329,1.50,1.54
2012.09.26 14:42:54.152,1.2631,1.26329,1.50,1.54
2012.09.26 14:42:54.586,1.2631,1.26333,2.25,2.29
2012.09.26 14:42:55.967,1.26314,1.26333,1.50,1.54
2012.09.26 14:42:56.332,1.26315,1.26335,1.32,1.73
2012.09.26 14:42:56.483,1.26315,1.26335,1.32,1.50
2012.09.26 14:42:56.563,1.26319,1.26336,1.32,1.50
2012.09.26 14:42:57.200,1.26322,1.26342,1.50,3.04
2012.09.26 14:42:58.653,1.26323,1.26341,1.32,1.50
2012.09.26 14:42:58.734,1.26321,1.26339,1.32,1.50
2012.09.26 14:42:58.814,1.2632,1.26339,1.50,2.29
2012.09.26 14:42:58.895,1.26316,1.26337,1.32,2.48
2012.09.26 14:42:58.992,1.26316,1.26335,1.32,1.50
2012.09.26 14:42:59.075,1.26312,1.26331,1.50,1.73
2012.09.26 14:43:00.605,1.26309,1.26329,1.69,1.50
2012.09.26 14:43:00.895,1.2631,1.26331,1.50,1.73
2012.09.26 14:43:01.255,1.26318,1.26334,1.50,1.54
2012.09.26 14:43:01.404,1.26318,1.26334,1.50,1.54
2012.09.26 14:43:03.235,1.26315,1.26333,1.50,1.58
2012.09.26 14:43:03.324,1.26314,1.26333,1.50,2.33
2012.09.26 14:43:03.541,1.26314,1.26333,1.50,2.33
2012.09.26 14:43:04.643,1.26314,1.26333,1.50,1.54
2012.09.26 14:43:04.722,1.26316,1.26333,1.50,1.54
2012.09.26 14:43:04.874,1.26318,1.26337,1.50,1.54
2012.09.26 14:43:04.955,1.26318,1.26337,1.50,1.54
2012.09.26 14:43:05.172,1.26314,1.2633,1.50,1.54
2012.09.26 14:43:06.136,1.26312,1.26326,1.50,1.54
2012.09.26 14:43:06.720,1.26308,1.26325,1.50,1.73
2012.09.26 14:43:06.807,1.26308,1.26325,1.50,1.73
2012.09.26 14:43:06.963,1.2631,1.26329,1.32,1.73
2012.09.26 14:43:07.181,1.2631,1.26331,2.07,1.73
2012.09.26 14:43:08.013,1.2631,1.26329,1.32,1.73
2012.09.26 14:43:08.243,1.2631,1.26329,1.32,2.33
2012.09.26 14:43:08.967,1.26308,1.26329,1.50,2.89
2012.09.26 14:43:12.583,1.26308,1.26328,1.50,1.54
2012.09.26 14:43:13.236,1.2631,1.2633,2.07,1.73
2012.09.26 14:43:13.390,1.2631,1.26331,2.07,1.50
2012.09.26 14:43:13.623,1.26311,1.26331,1.32,1.50
2012.09.26 14:43:14.888,1.26311,1.2633,1.32,1.50
2012.09.26 14:43:15.213,1.26307,1.26326,1.50,1.50
2012.09.26 14:43:15.363,1.26305,1.26324,2.07,1.50
2012.09.26 14:43:15.582,1.26308,1.26328,1.50,2.29
2012.09.26 14:43:15.791,1.26308,1.26328,1.50,2.29
2012.09.26 14:43:17.761,1.26308,1.26328,1.50,2.29
2012.09.26 14:43:18.172,1.26308,1.26328,1.50,2.29
2012.09.26 14:43:18.468,1.26312,1.2633,1.50,1.54
2012.09.26 14:43:19.142,1.26312,1.2633,1.50,1.54
2012.09.26 14:43:19.293,1.26307,1.26327,1.32,2.48
2012.09.26 14:43:19.372,1.26306,1.26325,1.32,1.73
2012.09.26 14:43:19.785,1.26308,1.26326,1.50,1.54
2012.09.26 14:43:20.006,1.26311,1.26328,1.50,1.54
2012.09.26 14:43:20.366,1.26312,1.26332,1.32,1.36
2012.09.26 14:43:20.457,1.26313,1.26333,2.10,1.36
2012.09.26 14:43:21.210,1.26324,1.2634,1.50,2.48
2012.09.26 14:43:21.974,1.26324,1.26341,1.50,1.50
2012.09.26 14:43:22.054,1.26324,1.26343,1.50,1.50
2012.09.26 14:43:23.953,1.26325,1.26345,1.88,2.29
2012.09.26 14:43:24.034,1.26327,1.26347,2.07,2.48
2012.09.26 14:43:24.112,1.26327,1.26346,1.32,1.50
2012.09.26 14:43:24.469,1.26326,1.26337,1.32,1.50
2012.09.26 14:43:24.557,1.26322,1.26338,1.50,1.54
2012.09.26 14:43:24.635,1.2632,1.26338,1.50,1.54
2012.09.26 14:43:24.712,1.2632,1.2634,1.50,1.54
2012.09.26 14:43:25.143,1.26318,1.26338,1.50,1.32
2012.09.26 14:43:25.226,1.26316,1.26337,1.50,1.50
2012.09.26 14:43:25.306,1.26315,1.26336,2.07,1.50
2012.09.26 14:43:25.822,1.26315,1.26334,1.32,2.48
2012.09.26 14:43:29.012,1.26313,1.26332,1.50,1.73
2012.09.26 14:43:29.096,1.2631,1.2633,2.07,1.73
2012.09.26 14:43:29.738,1.2631,1.26328,2.07,1.73
2012.09.26 14:43:29.961,1.2631,1.26329,2.07,1.50
2012.09.26 14:43:30.181,1.2631,1.26329,2.07,1.73
2012.09.26 14:43:30.264,1.2631,1.26329,1.50,1.73
2012.09.26 14:43:30.625,1.26307,1.26327,1.50,1.73
2012.09.26 14:43:31.254,1.26301,1.26318,1.50,1.50
2012.09.26 14:43:31.560,1.26302,1.26321,1.50,2.07
2012.09.26 14:43:32.979,1.26308,1.26327,1.50,1.50
2012.09.26 14:43:33.131,1.26305,1.26327,1.50,2.25
2012.09.26 14:43:33.486,1.26305,1.26325,1.50,1.50
2012.09.26 14:43:33.844,1.26301,1.2632,2.48,1.50
2012.09.26 14:43:33.992,1.26301,1.2632,1.50,1.50
2012.09.26 14:43:34.563,1.26301,1.2632,1.50,1.50
2012.09.26 14:43:37.034,1.26302,1.26321,1.32,2.25
2012.09.26 14:43:37.187,1.26304,1.26324,1.50,1.50
2012.09.26 14:43:37.332,1.26304,1.26326,2.25,1.50
2012.09.26 14:43:37.483,1.26308,1.26328,1.50,1.50
2012.09.26 14:43:38.360,1.26306,1.26328,1.50,2.82
2012.09.26 14:43:38.442,1.26305,1.26325,1.50,1.50
2012.09.26 14:43:39.268,1.26305,1.26325,1.50,1.50
2012.09.26 14:43:39.796,1.26306,1.26325,1.50,1.50
2012.09.26 14:43:40.016,1.26308,1.26328,2.25,2.07
2012.09.26 14:43:40.943,1.26308,1.26326,1.50,1.50
2012.09.26 14:43:41.095,1.26304,1.26323,1.50,1.32
2012.09.26 14:43:41.174,1.26302,1.26322,1.50,2.25
2012.09.26 14:43:42.365,1.26301,1.26321,1.32,1.50
2012.09.26 14:43:42.894,1.26304,1.26323,1.50,1.50
2012.09.26 14:43:44.335,1.26305,1.26324,1.50,1.50
2012.09.26 14:43:45.253,1.26305,1.26324,1.50,1.50
2012.09.26 14:43:45.342,1.26307,1.26326,1.50,1.50
2012.09.26 14:43:45.934,1.26304,1.26323,1.32,1.50
2012.09.26 14:43:46.083,1.26301,1.26322,1.50,2.07
2012.09.26 14:43:48.017,1.26304,1.26324,1.50,2.25
2012.09.26 14:43:48.771,1.26302,1.26324,2.25,2.25
2012.09.26 14:43:48.850,1.26302,1.26323,1.50,1.50
2012.09.26 14:43:49.411,1.263,1.26318,1.50,1.32
2012.09.26 14:43:49.493,1.26299,1.26317,1.50,1.50
2012.09.26 14:43:50.061,1.26296,1.26317,2.25,1.50
2012.09.26 14:43:50.271,1.26296,1.26315,1.50,1.50
2012.09.26 14:43:50.880,1.26297,1.26316,2.25,1.50
2012.09.26 14:43:51.383,1.26297,1.26317,3.00,1.32
2012.09.26 14:43:51.992,1.26297,1.26316,2.25,1.50
2012.09.26 14:43:52.145,1.26295,1.26315,1.50,2.25
2012.09.26 14:43:52.753,1.26294,1.26312,2.82,1.50
2012.09.26 14:43:53.181,1.26294,1.26317,3.57,2.82
2012.09.26 14:43:53.409,1.26297,1.26317,3.00,1.32
2012.09.26 14:43:53.772,1.26299,1.26317,1.32,1.50
2012.09.26 14:43:55.242,1.26301,1.26318,1.32,1.50
2012.09.26 14:43:55.746,1.26301,1.2632,1.32,1.50
2012.09.26 14:43:57.562,1.26301,1.26322,2.07,1.50
2012.09.26 14:43:57.640,1.26303,1.26323,1.50,1.50
2012.09.26 14:43:59.445,1.26303,1.26322,1.50,1.35
2012.09.26 14:43:59.547,1.26301,1.26318,1.50,1.32
2012.09.26 14:43:59.639,1.26296,1.26317,1.50,2.07
2012.09.26 14:43:59.794,1.26295,1.26315,2.25,1.50
2012.09.26 14:44:00.304,1.26297,1.26315,2.67,1.50
2012.09.26 14:44:00.651,1.26297,1.26319,2.67,1.50
2012.09.26 14:44:01.773,1.26297,1.26319,2.67,1.50
2012.09.26 14:44:02.132,1.26303,1.26322,1.50,1.50
2012.09.26 14:44:02.213,1.26305,1.26326,2.25,2.07
2012.09.26 14:44:02.296,1.26307,1.26326,1.50,1.32
2012.09.26 14:44:02.613,1.26306,1.26326,1.50,2.07
2012.09.26 14:44:03.754,1.26304,1.26324,1.32,1.50
2012.09.26 14:44:04.283,1.26305,1.26324,1.35,1.50
2012.09.26 14:44:05.314,1.26302,1.26321,1.32,1.50
2012.09.26 14:44:05.822,1.26304,1.26325,1.50,2.07
2012.09.26 14:44:07.034,1.26304,1.26323,1.50,1.50
2012.09.26 14:44:08.672,1.26307,1.26326,1.50,1.50
2012.09.26 14:44:09.042,1.26308,1.26328,1.50,2.07
2012.09.26 14:44:10.361,1.26308,1.26328,1.50,2.29
2012.09.26 14:44:10.642,1.26304,1.26323,1.50,1.50
2012.09.26 14:44:10.721,1.26302,1.26323,1.50,1.50
2012.09.26 14:44:12.230,1.26305,1.26325,1.50,1.50
2012.09.26 14:44:12.433,1.26303,1.26322,1.50,1.50
2012.09.26 14:44:14.301,1.26303,1.26324,1.50,1.50
2012.09.26 14:44:14.515,1.26306,1.26327,1.50,2.89
2012.09.26 14:44:14.807,1.26307,1.26327,1.50,2.07
2012.09.26 14:44:15.104,1.26306,1.26326,1.50,1.32
2012.09.26 14:44:15.674,1.26306,1.26328,2.82,1.50
2012.09.26 14:44:15.828,1.26308,1.26328,1.50,1.50
2012.09.26 14:44:15.917,1.26311,1.26331,1.50,2.29
2012.09.26 14:44:16.265,1.26311,1.26327,1.50,2.10
2012.09.26 14:44:16.625,1.26299,1.26318,1.28,1.50
2012.09.26 14:44:17.221,1.26299,1.26318,1.05,1.50
2012.09.26 14:44:17.308,1.26302,1.26322,1.32,1.50
2012.09.26 14:44:18.382,1.26302,1.26322,2.07,1.50
2012.09.26 14:44:18.757,1.26303,1.26322,1.32,1.50
2012.09.26 14:44:19.111,1.26307,1.26325,1.50,1.50
2012.09.26 14:44:19.266,1.26307,1.26328,1.50,1.32
2012.09.26 14:44:19.341,1.26308,1.26328,1.50,1.32
2012.09.26 14:44:19.494,1.2631,1.26328,1.50,1.32
2012.09.26 14:44:19.787,1.26309,1.26331,1.73,2.82
2012.09.26 14:44:19.877,1.26308,1.26326,1.32,1.50
2012.09.26 14:44:21.092,1.26308,1.2633,2.07,1.50
2012.09.26 14:44:21.453,1.26308,1.2633,2.82,1.50
2012.09.26 14:44:21.671,1.26314,1.26333,1.32,1.50
2012.09.26 14:44:22.245,1.26314,1.26333,1.32,1.50
2012.09.26 14:44:22.810,1.2631,1.2633,2.07,1.50
2012.09.26 14:44:26.722,1.26314,1.26333,1.32,2.26
2012.09.26 14:44:27.515,1.2631,1.26331,1.50,1.50
2012.09.26 14:44:28.077,1.26309,1.2633,2.25,1.50
2012.09.26 14:44:28.173,1.26315,1.26333,1.50,1.50
2012.09.26 14:44:28.533,1.26321,1.26338,1.50,1.73
2012.09.26 14:44:28.690,1.2632,1.26338,2.07,1.73
2012.09.26 14:44:29.266,1.26317,1.26336,1.32,2.25
2012.09.26 14:44:29.355,1.26315,1.26335,1.50,1.54
2012.09.26 14:44:29.646,1.26317,1.26337,1.50,2.29
2012.09.26 14:44:29.723,1.26317,1.26336,1.50,1.17
2012.09.26 14:44:29.806,1.26313,1.26334,1.88,1.73
2012.09.26 14:44:30.247,1.26312,1.26334,2.07,2.48
2012.09.26 14:44:31.363,1.26314,1.26334,1.50,1.73
2012.09.26 14:44:32.132,1.26315,1.26335,2.25,1.54
2012.09.26 14:44:33.903,1.26315,1.26335,2.25,1.54
2012.09.26 14:44:34.187,1.26317,1.26335,1.50,1.54
2012.09.26 14:44:34.279,1.26319,1.26339,1.50,2.48
2012.09.26 14:44:34.503,1.26317,1.26339,2.25,3.23
2012.09.26 14:44:34.582,1.26317,1.26336,1.50,1.50
2012.09.26 14:44:35.012,1.26312,1.26333,2.07,2.25
2012.09.26 14:44:35.092,1.26312,1.26333,1.50,2.82
2012.09.26 14:44:35.171,1.26311,1.26333,1.50,3.04
2012.09.26 14:44:35.546,1.2631,1.26332,3.00,2.48
2012.09.26 14:44:35.626,1.26311,1.26332,1.50,1.73
2012.09.26 14:44:36.134,1.26311,1.26331,1.50,1.50
2012.09.26 14:44:36.492,1.26309,1.2633,2.25,1.73
2012.09.26 14:44:36.718,1.26309,1.26328,1.50,1.73
2012.09.26 14:44:36.874,1.26309,1.26329,1.50,1.73
2012.09.26 14:44:36.955,1.26313,1.26331,1.50,1.51
2012.09.26 14:44:37.177,1.26314,1.26333,2.25,1.54
2012.09.26 14:44:37.895,1.2631,1.26332,2.25,1.73
2012.09.26 14:44:39.941,1.2631,1.26331,1.32,1.50
2012.09.26 14:44:41.024,1.26308,1.26328,2.07,1.50
2012.09.26 14:44:45.812,1.26307,1.26328,2.25,2.25
2012.09.26 14:44:46.452,1.26306,1.26327,1.32,1.73
2012.09.26 14:44:46.534,1.26305,1.26325,2.07,1.50
2012.09.26 14:44:50.732,1.26305,1.26325,1.50,1.50
2012.09.26 14:44:51.769,1.26305,1.26325,1.50,1.50
2012.09.26 14:44:53.354,1.26306,1.26326,2.07,1.50
2012.09.26 14:44:53.574,1.26302,1.26323,1.50,2.25
2012.09.26 14:44:53.724,1.26302,1.26322,1.50,1.73
2012.09.26 14:44:53.803,1.263,1.26319,1.50,1.73
2012.09.26 14:44:55.645,1.26299,1.26319,1.50,2.29
2012.09.26 14:44:55.993,1.26298,1.26317,1.35,1.50
2012.09.26 14:44:56.202,1.26296,1.26315,1.32,1.50
2012.09.26 14:44:56.586,1.26296,1.26315,1.32,1.50
2012.09.26 14:44:57.295,1.26301,1.26318,1.32,2.25
2012.09.26 14:44:58.209,1.26302,1.26318,1.32,1.50
2012.09.26 14:44:58.296,1.26298,1.26317,2.25,1.50
2012.09.26 14:44:58.583,1.26298,1.26316,1.50,1.50
2012.09.26 14:44:59.071,1.26299,1.26318,1.32,1.50
2012.09.26 14:44:59.289,1.26296,1.26316,1.50,2.82
2012.09.26 14:44:59.723,1.26298,1.26318,1.50,1.50
2012.09.26 14:45:00.084,1.26298,1.26318,1.50,1.50
2012.09.26 14:45:00.234,1.26303,1.26322,1.50,1.32
2012.09.26 14:45:01.842,1.26303,1.26323,2.07,1.50
2012.09.26 14:45:02.572,1.26302,1.26323,1.50,1.50
2012.09.26 14:45:02.722,1.263,1.26319,1.32,1.50
2012.09.26 14:45:03.446,1.26298,1.26317,1.50,1.32
2012.09.26 14:45:03.604,1.26296,1.26317,1.50,2.07
2012.09.26 14:45:03.970,1.26294,1.26308,1.50,1.32
2012.09.26 14:45:04.340,1.26289,1.26305,3.00,1.65
2012.09.26 14:45:04.578,1.26292,1.26308,1.32,1.50
2012.09.26 14:45:04.669,1.26294,1.26311,1.32,1.50
2012.09.26 14:45:04.759,1.26295,1.26315,1.50,1.65
2012.09.26 14:45:04.849,1.26291,1.2631,2.25,1.32
2012.09.26 14:45:05.213,1.26289,1.26308,3.00,1.54
2012.09.26 14:45:05.506,1.26289,1.26309,1.50,3.23
2012.09.26 14:45:05.733,1.2629,1.26309,1.50,2.48
2012.09.26 14:45:05.820,1.2629,1.26309,1.50,3.23
2012.09.26 14:45:06.335,1.26288,1.26309,1.50,2.29
2012.09.26 14:45:08.633,1.26288,1.26308,1.50,1.32
2012.09.26 14:45:08.995,1.26281,1.26295,1.88,2.29
2012.09.26 14:45:09.212,1.26278,1.26295,1.50,1.54
2012.09.26 14:45:09.434,1.26278,1.263,2.07,2.48
2012.09.26 14:45:09.791,1.2628,1.263,1.50,1.73
2012.09.26 14:45:10.811,1.2628,1.26301,2.25,1.54
2012.09.26 14:45:11.510,1.26283,1.26302,1.50,1.32
2012.09.26 14:45:11.735,1.26279,1.26301,1.50,2.07
2012.09.26 14:45:13.711,1.26281,1.26299,1.50,1.32
2012.09.26 14:45:13.801,1.26282,1.26299,1.50,1.32
2012.09.26 14:45:14.093,1.2628,1.26299,1.50,2.07
2012.09.26 14:45:14.592,1.26282,1.26302,1.50,2.29
2012.09.26 14:45:14.885,1.26279,1.26299,1.50,2.07
2012.09.26 14:45:15.205,1.2628,1.26299,1.50,1.32
2012.09.26 14:45:15.729,1.26282,1.26302,1.50,1.54
2012.09.26 14:45:16.093,1.26283,1.26303,1.50,1.73
2012.09.26 14:45:16.172,1.26283,1.26303,1.50,1.50
2012.09.26 14:45:16.326,1.26283,1.26303,1.50,1.50
2012.09.26 14:45:16.638,1.26282,1.26302,1.50,1.50
2012.09.26 14:45:17.073,1.26282,1.263,1.50,1.54
2012.09.26 14:45:17.862,1.26277,1.26296,1.13,1.50
2012.09.26 14:45:17.953,1.26276,1.26296,1.50,1.50
2012.09.26 14:45:18.372,1.26276,1.26296,1.50,1.73
2012.09.26 14:45:18.594,1.26271,1.26292,1.50,2.29
2012.09.26 14:45:18.676,1.26271,1.26292,2.25,1.54
2012.09.26 14:45:18.823,1.26275,1.26296,1.50,1.50
2012.09.26 14:45:19.892,1.26271,1.26294,2.25,1.50
2012.09.26 14:45:19.972,1.26271,1.26291,1.50,1.50
2012.09.26 14:45:20.192,1.26276,1.26295,1.50,1.32
2012.09.26 14:45:20.358,1.26277,1.26296,1.50,2.07
2012.09.26 14:45:20.447,1.26281,1.263,2.07,1.73
2012.09.26 14:45:20.604,1.26283,1.26304,2.25,1.32
2012.09.26 14:45:21.011,1.26282,1.26302,1.50,1.50
2012.09.26 14:45:21.786,1.26283,1.26302,1.32,1.50
2012.09.26 14:45:21.947,1.26284,1.26305,1.54,2.25
2012.09.26 14:45:22.035,1.26284,1.26305,2.29,1.50
2012.09.26 14:45:22.749,1.26283,1.26301,1.50,1.32
2012.09.26 14:45:22.841,1.26283,1.26301,1.50,2.29
2012.09.26 14:45:23.204,1.26283,1.26301,1.50,2.07
2012.09.26 14:45:23.715,1.26283,1.26299,1.50,1.32
2012.09.26 14:45:23.943,1.26278,1.26298,1.50,1.32
2012.09.26 14:45:27.892,1.26278,1.26297,2.07,1.50
2012.09.26 14:45:28.042,1.26274,1.26295,1.32,2.48
2012.09.26 14:45:28.122,1.26273,1.26295,1.50,3.04
2012.09.26 14:45:28.905,1.26277,1.26295,1.50,2.29
2012.09.26 14:45:28.989,1.26279,1.26301,1.50,2.07
2012.09.26 14:45:29.072,1.2628,1.26301,1.50,2.07
2012.09.26 14:45:31.686,1.26285,1.26304,1.50,2.29
2012.09.26 14:45:33.383,1.26285,1.26304,1.50,1.50
2012.09.26 14:45:33.885,1.26285,1.26304,1.50,1.50
2012.09.26 14:45:33.973,1.26285,1.26303,1.50,1.32
2012.09.26 14:45:34.055,1.2628,1.26301,1.50,1.32
2012.09.26 14:45:38.223,1.26283,1.26303,2.07,1.73
2012.09.26 14:45:38.301,1.26285,1.26303,1.50,1.73
2012.09.26 14:45:38.383,1.26283,1.26302,1.32,1.50
2012.09.26 14:45:40.023,1.26284,1.26304,1.50,1.73
2012.09.26 14:45:40.304,1.26287,1.26307,1.50,1.73
2012.09.26 14:45:40.662,1.26298,1.26317,1.50,1.50
2012.09.26 14:45:40.742,1.26298,1.26317,1.50,1.50
2012.09.26 14:45:41.446,1.26297,1.26316,1.32,1.50
2012.09.26 14:45:42.026,1.26296,1.26316,1.50,1.50
2012.09.26 14:45:42.763,1.26294,1.26316,2.07,1.50
2012.09.26 14:45:43.313,1.26297,1.26316,1.50,1.50
2012.09.26 14:45:46.101,1.26299,1.26316,1.32,1.50
2012.09.26 14:45:46.325,1.26301,1.2632,1.54,1.50
2012.09.26 14:45:47.384,1.26304,1.26323,1.50,1.50
2012.09.26 14:45:47.464,1.26307,1.26325,1.50,1.32
2012.09.26 14:45:47.547,1.2631,1.26328,1.32,1.50
2012.09.26 14:45:47.622,1.26311,1.2633,1.32,1.50
2012.09.26 14:45:47.915,1.26314,1.26332,1.50,1.36
2012.09.26 14:45:47.995,1.26312,1.2633,1.54,1.50
2012.09.26 14:45:48.213,1.26311,1.26328,1.32,1.50
2012.09.26 14:45:48.973,1.26312,1.2633,1.32,1.50
2012.09.26 14:45:49.061,1.26313,1.26334,1.50,2.25
2012.09.26 14:45:54.177,1.26314,1.26335,3.75,1.50
2012.09.26 14:45:54.322,1.26318,1.26336,1.32,1.50
2012.09.26 14:45:54.823,1.26318,1.26336,1.50,1.50
2012.09.26 14:45:54.905,1.26318,1.26335,1.32,1.50
2012.09.26 14:45:54.988,1.26315,1.26333,1.50,1.32
2012.09.26 14:45:55.290,1.26317,1.26333,1.50,1.32
2012.09.26 14:45:55.980,1.26317,1.26333,1.50,1.32
2012.09.26 14:45:56.073,1.26309,1.26329,1.50,1.73
2012.09.26 14:45:56.294,1.26309,1.26329,1.50,1.73
2012.09.26 14:45:56.442,1.26305,1.26324,1.50,1.32
2012.09.26 14:45:58.264,1.26301,1.26322,3.00,1.32
2012.09.26 14:45:58.341,1.26301,1.26322,2.25,2.07
2012.09.26 14:46:00.712,1.26301,1.2632,1.50,1.50
2012.09.26 14:46:00.862,1.26298,1.26318,1.32,1.50
2012.09.26 14:46:02.107,1.26296,1.26316,1.32,2.25
2012.09.26 14:46:02.827,1.26295,1.26315,1.32,1.50
2012.09.26 14:46:02.961,1.26298,1.26317,1.50,1.50
2012.09.26 14:46:07.393,1.26298,1.26317,1.50,2.29
2012.09.26 14:46:13.489,1.26299,1.26318,2.07,1.73
2012.09.26 14:46:13.645,1.26301,1.26322,2.25,1.73
2012.09.26 14:46:14.215,1.26301,1.26322,1.50,1.73
2012.09.26 14:46:15.063,1.26301,1.26321,1.50,1.54
2012.09.26 14:46:15.286,1.263,1.2632,1.50,1.73
2012.09.26 14:46:15.376,1.26298,1.26316,2.07,1.73
2012.09.26 14:46:15.604,1.26298,1.26316,1.32,1.73
2012.09.26 14:46:17.455,1.26298,1.26316,1.32,1.73
2012.09.26 14:46:17.677,1.26298,1.26317,2.07,1.73
2012.09.26 14:46:17.773,1.26302,1.26321,3.00,2.48
2012.09.26 14:46:17.858,1.26305,1.26324,1.32,1.73
2012.09.26 14:46:17.944,1.26305,1.26324,1.32,1.50
2012.09.26 14:46:20.895,1.26307,1.26326,1.32,1.50
2012.09.26 14:46:20.976,1.26309,1.26329,1.32,2.48
2012.09.26 14:46:21.139,1.26311,1.26333,2.25,1.73
2012.09.26 14:46:21.507,1.26319,1.26338,1.32,1.35
2012.09.26 14:46:22.136,1.2632,1.26339,1.50,1.13
2012.09.26 14:46:22.233,1.26331,1.26348,1.32,1.50
2012.09.26 14:46:22.849,1.26323,1.26345,2.82,3.23
2012.09.26 14:46:22.935,1.26323,1.26343,2.07,1.50
2012.09.26 14:46:23.015,1.26324,1.26344,1.50,1.50
2012.09.26 14:46:23.235,1.26327,1.26347,1.50,1.32
2012.09.26 14:46:23.805,1.26326,1.26348,1.50,3.00
2012.09.26 14:46:24.095,1.2632,1.26341,1.50,1.50
2012.09.26 14:46:24.174,1.2632,1.26341,1.50,2.25
2012.09.26 14:46:24.745,1.26318,1.26336,1.32,1.50
2012.09.26 14:46:25.048,1.26308,1.26328,1.32,2.48
2012.09.26 14:46:25.344,1.26311,1.26329,1.50,1.50
2012.09.26 14:46:25.422,1.26312,1.2633,1.50,1.13
2012.09.26 14:46:25.786,1.26316,1.26333,1.32,1.13
2012.09.26 14:46:26.001,1.26316,1.26335,1.32,2.25
2012.09.26 14:46:28.834,1.26317,1.26338,1.50,1.50
2012.09.26 14:46:28.915,1.26319,1.26339,1.50,2.82
2012.09.26 14:46:29.421,1.26317,1.26338,1.32,1.50
2012.09.26 14:46:29.948,1.26317,1.26333,1.32,1.50
2012.09.26 14:46:30.033,1.26313,1.26333,2.29,2.25
2012.09.26 14:46:30.184,1.26313,1.26333,1.32,2.25
2012.09.26 14:46:31.243,1.26313,1.26333,1.32,2.25
2012.09.26 14:46:32.735,1.26311,1.26332,1.50,1.50
2012.09.26 14:46:32.881,1.26313,1.26333,1.50,1.50
2012.09.26 14:46:33.103,1.26316,1.26335,1.50,1.50
2012.09.26 14:46:34.173,1.26317,1.26338,1.50,1.50
2012.09.26 14:46:36.154,1.26317,1.26337,1.50,1.50
2012.09.26 14:46:36.238,1.26314,1.26335,1.50,1.50
2012.09.26 14:46:36.677,1.26315,1.26337,1.50,2.48
2012.09.26 14:46:36.895,1.26317,1.26338,1.50,1.73
2012.09.26 14:46:36.973,1.26317,1.26338,1.50,1.50
2012.09.26 14:46:38.709,1.26319,1.26338,1.32,1.50
2012.09.26 14:46:39.210,1.26321,1.26341,2.07,1.50
2012.09.26 14:46:40.582,1.26317,1.26338,1.32,1.50
2012.09.26 14:46:41.127,1.26319,1.2634,1.50,1.50
2012.09.26 14:46:41.492,1.26334,1.26342,2.29,1.50
2012.09.26 14:46:41.572,1.26334,1.26347,2.29,1.50
2012.09.26 14:46:41.723,1.26334,1.26353,1.54,1.50
2012.09.26 14:46:41.945,1.26335,1.26355,2.07,1.50
2012.09.26 14:46:42.169,1.26335,1.26351,1.32,1.50
2012.09.26 14:46:42.324,1.26331,1.2635,1.32,1.50
2012.09.26 14:46:42.683,1.26329,1.26347,1.32,1.50
2012.09.26 14:46:42.835,1.26331,1.26351,1.32,2.25
2012.09.26 14:46:44.111,1.26333,1.26353,1.50,1.50
2012.09.26 14:46:47.193,1.26336,1.26354,1.32,1.50
2012.09.26 14:46:48.005,1.26338,1.26357,1.50,1.50
2012.09.26 14:46:49.065,1.2634,1.26358,2.07,1.50
2012.09.26 14:46:50.117,1.26337,1.26357,1.32,1.50
2012.09.26 14:46:50.275,1.26332,1.26351,1.32,2.25
2012.09.26 14:46:50.779,1.26334,1.26354,2.48,1.50
2012.09.26 14:46:51.073,1.26339,1.26358,1.32,2.25
2012.09.26 14:46:51.151,1.26339,1.26358,1.32,1.50
2012.09.26 14:46:51.586,1.26339,1.26358,1.32,1.50
2012.09.26 14:46:52.070,1.26339,1.26358,1.32,1.51
2012.09.26 14:46:52.624,1.26338,1.26358,1.50,1.51
2012.09.26 14:46:52.775,1.26337,1.26357,1.54,1.50
2012.09.26 14:46:53.364,1.26336,1.26357,1.32,2.25
2012.09.26 14:46:54.299,1.26332,1.26352,1.50,1.50
2012.09.26 14:46:54.864,1.26332,1.26352,1.50,1.50
2012.09.26 14:46:58.455,1.26332,1.26352,1.50,1.50
2012.09.26 14:46:59.006,1.26332,1.2635,1.50,1.32
2012.09.26 14:46:59.321,1.26325,1.26343,1.50,2.10
2012.09.26 14:46:59.473,1.26322,1.26344,2.44,2.25
2012.09.26 14:46:59.625,1.26322,1.26347,3.94,1.54
2012.09.26 14:47:00.466,1.26326,1.26348,1.50,1.32
2012.09.26 14:47:00.560,1.26329,1.26349,1.50,1.54
2012.09.26 14:47:01.553,1.26329,1.2635,1.50,1.54
2012.09.26 14:47:03.373,1.2633,1.26353,1.50,2.29
2012.09.26 14:47:03.732,1.26332,1.26354,1.50,1.73
2012.09.26 14:47:03.956,1.26336,1.26356,1.50,1.73
2012.09.26 14:47:04.036,1.26338,1.26358,1.50,2.07
2012.09.26 14:47:05.270,1.26338,1.26357,1.50,1.50
2012.09.26 14:47:06.143,1.26335,1.26355,1.32,1.50
2012.09.26 14:47:06.451,1.26342,1.26361,1.50,1.32
2012.09.26 14:47:07.743,1.26342,1.26361,2.10,1.32
2012.09.26 14:47:07.824,1.26346,1.26363,1.32,1.73
2012.09.26 14:47:08.047,1.26346,1.26367,1.32,1.51
2012.09.26 14:47:08.333,1.26346,1.26367,1.32,1.50
2012.09.26 14:47:08.725,1.26346,1.26363,1.32,1.50
2012.09.26 14:47:08.805,1.26348,1.26368,2.25,1.50
2012.09.26 14:47:10.794,1.26347,1.26366,2.25,1.50
2012.09.26 14:47:11.311,1.26347,1.26366,2.25,1.50
2012.09.26 14:47:12.022,1.26347,1.26367,1.50,1.50
2012.09.26 14:47:12.104,1.26348,1.26368,1.50,1.50
2012.09.26 14:47:12.351,1.26347,1.26367,1.50,1.50
2012.09.26 14:47:12.882,1.26345,1.26367,2.07,2.25
2012.09.26 14:47:13.032,1.26345,1.26367,2.07,1.50
2012.09.26 14:47:13.394,1.26345,1.26363,1.32,1.50
2012.09.26 14:47:13.685,1.26348,1.26367,1.32,1.50
2012.09.26 14:47:13.764,1.26348,1.2637,1.32,1.73
2012.09.26 14:47:14.123,1.26347,1.26366,2.07,1.50
2012.09.26 14:47:14.944,1.26347,1.26366,2.07,1.50
2012.09.26 14:47:15.845,1.26348,1.26368,1.50,1.50
2012.09.26 14:47:16.064,1.26345,1.26365,2.07,1.51
2012.09.26 14:47:16.947,1.26345,1.26365,2.07,2.26
2012.09.26 14:47:17.039,1.26341,1.2636,1.50,1.50
2012.09.26 14:47:18.423,1.26339,1.26358,1.50,1.50
2012.09.26 14:47:18.579,1.26336,1.26355,2.07,1.50
2012.09.26 14:47:18.669,1.26331,1.26351,3.00,1.50
2012.09.26 14:47:19.174,1.26328,1.26348,2.07,1.50
2012.09.26 14:47:19.324,1.26333,1.26351,1.50,1.50
2012.09.26 14:47:20.981,1.26333,1.26349,1.50,1.50
2012.09.26 14:47:21.061,1.2633,1.26348,1.32,1.50
2012.09.26 14:47:21.553,1.2633,1.26348,1.92,1.50
2012.09.26 14:47:23.041,1.26335,1.26353,1.32,1.50
2012.09.26 14:47:23.127,1.26336,1.26356,1.50,1.51
2012.09.26 14:47:23.692,1.26336,1.26356,1.32,1.50
2012.09.26 14:47:24.664,1.26336,1.26356,1.32,1.50
2012.09.26 14:47:24.885,1.26341,1.2636,1.50,1.50
2012.09.26 14:47:25.392,1.26341,1.2636,1.50,1.50
2012.09.26 14:47:26.064,1.26343,1.2636,1.32,1.50
2012.09.26 14:47:26.792,1.26343,1.26358,1.32,1.50
2012.09.26 14:47:27.151,1.26343,1.26356,1.32,1.50
2012.09.26 14:47:27.441,1.26343,1.2636,1.32,1.50
2012.09.26 14:47:28.917,1.26343,1.2636,1.32,1.50
2012.09.26 14:47:29.010,1.26347,1.26368,1.50,2.25
2012.09.26 14:47:29.165,1.26347,1.26366,1.50,1.50
2012.09.26 14:47:29.502,1.26345,1.26364,2.07,1.50
2012.09.26 14:47:29.937,1.26345,1.26364,1.32,1.50
2012.09.26 14:47:31.860,1.26345,1.26363,1.32,1.50
2012.09.26 14:47:33.664,1.26345,1.26362,1.32,1.13
2012.09.26 14:47:33.750,1.26339,1.26359,2.70,1.32
2012.09.26 14:47:33.837,1.26338,1.26356,1.13,1.50
2012.09.26 14:47:34.488,1.2634,1.26354,1.32,1.50
2012.09.26 14:47:34.563,1.26341,1.26359,1.32,1.50
2012.09.26 14:47:34.646,1.26341,1.26361,1.32,1.88
2012.09.26 14:47:37.827,1.2634,1.2636,2.25,1.50
2012.09.26 14:47:37.915,1.26338,1.26358,1.50,1.50
2012.09.26 14:47:37.994,1.26337,1.26358,2.29,1.50
2012.09.26 14:47:38.285,1.26338,1.26359,1.50,1.50
2012.09.26 14:47:40.035,1.26339,1.26361,1.50,1.88
2012.09.26 14:47:40.344,1.26336,1.26353,1.32,1.50
2012.09.26 14:47:40.567,1.26336,1.26353,1.32,1.50
2012.09.26 14:47:40.656,1.26331,1.26353,2.25,2.25
2012.09.26 14:47:40.749,1.26332,1.26353,1.50,2.25
2012.09.26 14:47:41.113,1.26331,1.2635,1.50,1.50
2012.09.26 14:47:43.880,1.26329,1.26348,1.50,1.50
2012.09.26 14:47:44.622,1.26327,1.26342,1.32,1.50
2012.09.26 14:47:44.740,1.26321,1.26338,2.10,1.50
2012.09.26 14:47:45.243,1.26321,1.26341,1.50,1.50
2012.09.26 14:47:45.322,1.26321,1.26341,2.25,1.50
2012.09.26 14:47:46.958,1.26323,1.26341,1.50,1.50
2012.09.26 14:47:47.318,1.26325,1.26345,1.32,1.50
2012.09.26 14:47:48.094,1.26325,1.26345,1.73,1.50
2012.09.26 14:47:48.813,1.26322,1.26342,1.32,1.50
2012.09.26 14:47:48.900,1.26322,1.26342,1.32,1.50
2012.09.26 14:47:50.523,1.26323,1.26342,1.50,1.50
2012.09.26 14:47:50.681,1.26328,1.26345,1.32,1.50
2012.09.26 14:47:50.768,1.26328,1.26346,2.07,1.73
2012.09.26 14:47:50.860,1.26329,1.26349,1.50,1.50
2012.09.26 14:47:51.647,1.26328,1.26345,1.50,1.50
2012.09.26 14:47:51.736,1.26325,1.26346,1.50,2.07
2012.09.26 14:47:52.312,1.26327,1.26346,1.50,2.07
2012.09.26 14:47:52.392,1.2633,1.26347,1.50,1.32
2012.09.26 14:47:53.358,1.26335,1.26354,1.50,2.25
2012.09.26 14:47:53.442,1.26332,1.26352,2.07,1.50
2012.09.26 14:47:54.358,1.26335,1.26352,1.50,1.50
2012.09.26 14:47:54.716,1.26332,1.26351,2.07,1.51
2012.09.26 14:47:55.446,1.26332,1.26352,2.07,1.51
2012.09.26 14:47:55.805,1.26333,1.26351,2.07,1.51
2012.09.26 14:47:55.886,1.26335,1.26356,1.32,2.26
2012.09.26 14:47:56.034,1.26335,1.26354,1.32,1.50
2012.09.26 14:47:56.182,1.26334,1.26354,1.32,2.25
2012.09.26 14:47:56.785,1.26332,1.26352,1.32,1.51
2012.09.26 14:47:57.800,1.26341,1.26358,1.17,1.50
2012.09.26 14:47:57.891,1.26342,1.26363,2.07,1.50
2012.09.26 14:47:58.400,1.26339,1.26357,2.33,2.25
2012.09.26 14:47:58.557,1.26335,1.26357,3.04,2.25
2012.09.26 14:47:59.129,1.26336,1.26356,1.50,1.35
2012.09.26 14:47:59.850,1.26338,1.26356,1.50,1.35
2012.09.26 14:48:00.759,1.26338,1.26357,1.50,1.50
2012.09.26 14:48:02.931,1.26338,1.26357,2.82,1.50
2012.09.26 14:48:03.682,1.2634,1.26359,1.32,1.50
2012.09.26 14:48:03.771,1.2634,1.26359,1.32,3.00
2012.09.26 14:48:03.926,1.26337,1.26355,1.65,1.50
2012.09.26 14:48:04.014,1.26335,1.26354,1.32,1.50
2012.09.26 14:48:04.093,1.26333,1.26349,1.32,1.50
2012.09.26 14:48:04.773,1.2633,1.26349,1.73,2.25
2012.09.26 14:48:04.852,1.26326,1.26349,3.79,2.25
2012.09.26 14:48:05.213,1.26328,1.26349,1.17,1.50
2012.09.26 14:48:05.295,1.26327,1.26349,1.35,1.50
2012.09.26 14:48:05.524,1.26322,1.26344,1.50,1.50
2012.09.26 14:48:05.680,1.26321,1.26344,2.07,1.50
2012.09.26 14:48:05.764,1.26321,1.26345,2.29,1.35
2012.09.26 14:48:05.914,1.26324,1.26347,1.50,2.07
2012.09.26 14:48:06.432,1.26325,1.26347,1.50,2.07
2012.09.26 14:48:06.893,1.26322,1.26346,1.73,2.07
2012.09.26 14:48:08.945,1.26322,1.26345,1.32,3.00
2012.09.26 14:48:09.180,1.26318,1.26339,1.50,1.50
2012.09.26 14:48:09.267,1.26316,1.26338,1.54,1.50
2012.09.26 14:48:09.652,1.26319,1.26341,1.50,2.07
2012.09.26 14:48:09.875,1.26319,1.26341,1.50,1.32
2012.09.26 14:48:10.579,1.26319,1.26341,1.50,1.32
2012.09.26 14:48:11.155,1.26319,1.26343,1.50,2.07
2012.09.26 14:48:11.236,1.26318,1.2634,1.32,1.50
2012.09.26 14:48:11.685,1.26318,1.2634,1.32,1.50
2012.09.26 14:48:12.233,1.26318,1.2634,1.32,1.50
2012.09.26 14:48:13.276,1.26318,1.2634,1.32,1.50
2012.09.26 14:48:14.143,1.26326,1.2634,1.32,1.50
2012.09.26 14:48:14.231,1.26326,1.26344,1.32,1.50
2012.09.26 14:48:14.593,1.26327,1.26344,1.54,1.50
2012.09.26 14:48:14.887,1.26327,1.26349,1.54,2.26
2012.09.26 14:48:15.117,1.26327,1.2635,1.54,1.32
2012.09.26 14:48:15.407,1.26326,1.26349,1.54,1.51
2012.09.26 14:48:15.564,1.26325,1.26349,3.57,1.50
2012.09.26 14:48:15.646,1.26325,1.26348,2.07,1.32
2012.09.26 14:48:16.002,1.26323,1.26345,3.00,2.07
2012.09.26 14:48:16.576,1.26324,1.26344,1.50,1.32
2012.09.26 14:48:16.934,1.26323,1.26345,1.50,1.54
2012.09.26 14:48:17.082,1.26324,1.26348,1.32,1.50
2012.09.26 14:48:18.014,1.26327,1.26349,1.50,1.32
2012.09.26 14:48:18.101,1.26332,1.26353,1.32,1.73
2012.09.26 14:48:18.952,1.26332,1.26354,1.32,2.26
2012.09.26 14:48:19.032,1.26331,1.26352,1.32,1.50
2012.09.26 14:48:19.455,1.26332,1.26352,1.32,1.50
2012.09.26 14:48:20.724,1.26328,1.26351,1.32,1.32
2012.09.26 14:48:21.554,1.26327,1.26349,2.07,1.50
2012.09.26 14:48:21.633,1.26327,1.26349,2.07,1.51
2012.09.26 14:48:21.993,1.26327,1.26349,2.07,2.25
2012.09.26 14:48:22.215,1.2633,1.26352,1.13,1.32
2012.09.26 14:48:22.364,1.26334,1.26356,1.32,1.50
2012.09.26 14:48:23.280,1.26334,1.26356,1.32,1.50
2012.09.26 14:48:23.379,1.26332,1.26353,1.73,1.32
2012.09.26 14:48:23.531,1.2633,1.26353,1.50,2.07
2012.09.26 14:48:23.824,1.26329,1.26352,1.50,1.32
2012.09.26 14:48:23.974,1.26327,1.26352,3.64,2.07
2012.09.26 14:48:24.121,1.26328,1.26352,1.13,2.07
2012.09.26 14:48:24.205,1.2633,1.26352,1.13,1.32
2012.09.26 14:48:24.288,1.26332,1.26356,2.07,1.73
2012.09.26 14:48:24.657,1.26332,1.26356,2.48,2.25
2012.09.26 14:48:25.023,1.2633,1.26353,1.50,1.32
2012.09.26 14:48:28.284,1.26331,1.26354,1.32,1.50
2012.09.26 14:48:28.876,1.26334,1.26355,1.32,1.50
2012.09.26 14:48:31.137,1.26335,1.26357,1.50,1.32
2012.09.26 14:48:31.357,1.26335,1.26359,2.25,1.32
2012.09.26 14:48:32.217,1.26337,1.26362,2.07,1.32
2012.09.26 14:48:32.925,1.26339,1.26362,1.50,1.32
2012.09.26 14:48:33.940,1.26339,1.26363,2.25,1.54
2012.09.26 14:48:34.655,1.26341,1.26364,1.50,2.48
2012.09.26 14:48:34.734,1.26342,1.26365,1.32,2.29
2012.09.26 14:48:34.951,1.26337,1.26364,2.48,2.25
2012.09.26 14:48:35.035,1.26336,1.26361,1.92,2.07
2012.09.26 14:48:35.185,1.26336,1.26361,1.69,2.07
2012.09.26 14:48:35.737,1.26334,1.26359,3.42,1.32
2012.09.26 14:48:36.302,1.26334,1.26358,2.10,1.32
2012.09.26 14:48:36.736,1.26332,1.26357,1.54,1.32
2012.09.26 14:48:36.957,1.26332,1.26357,2.29,1.32
2012.09.26 14:48:37.313,1.26337,1.26358,1.54,1.88
2012.09.26 14:48:37.672,1.2634,1.26363,2.29,1.32
2012.09.26 14:48:38.521,1.2634,1.26364,2.29,1.50
2012.09.26 14:48:38.605,1.26342,1.26365,1.32,2.07
2012.09.26 14:48:38.688,1.2634,1.26365,1.54,1.32
2012.09.26 14:48:39.350,1.26342,1.26366,1.32,1.54
2012.09.26 14:48:39.452,1.26342,1.26365,1.54,1.69
2012.09.26 14:48:39.535,1.2634,1.26362,1.92,1.50
2012.09.26 14:48:40.103,1.26339,1.26364,1.54,1.50
2012.09.26 14:48:40.676,1.26337,1.2636,1.73,1.32
2012.09.26 14:48:40.756,1.26336,1.2636,1.50,1.32
2012.09.26 14:48:42.143,1.26334,1.26358,1.35,1.32
2012.09.26 14:48:42.297,1.26333,1.26353,1.35,1.50
2012.09.26 14:48:42.805,1.26332,1.26355,1.32,1.32
2012.09.26 14:48:42.886,1.26332,1.26356,1.32,1.32
2012.09.26 14:48:45.123,1.26332,1.26356,1.32,1.32
2012.09.26 14:48:46.104,1.26332,1.26358,2.07,2.07
2012.09.26 14:48:47.300,1.26329,1.26353,2.10,1.32
2012.09.26 14:48:47.383,1.26328,1.26353,1.32,1.32
2012.09.26 14:48:47.891,1.26328,1.26353,1.32,1.32
2012.09.26 14:48:48.673,1.26328,1.26352,2.07,1.32
2012.09.26 14:48:49.224,1.26328,1.26352,1.50,1.32
2012.09.26 14:48:49.734,1.26328,1.26354,1.50,1.54
2012.09.26 14:48:49.817,1.26331,1.26354,1.32,1.50
2012.09.26 14:48:50.510,1.26331,1.26352,1.32,1.50
2012.09.26 14:48:50.972,1.26328,1.26352,1.32,2.26
2012.09.26 14:48:51.134,1.26324,1.26351,3.57,1.32
2012.09.26 14:48:51.676,1.26328,1.26352,1.50,1.17
2012.09.26 14:48:52.106,1.26333,1.26357,1.32,1.88
2012.09.26 14:48:52.670,1.26333,1.26357,1.32,1.13
2012.09.26 14:48:52.825,1.26332,1.26358,1.32,2.07
2012.09.26 14:48:53.186,1.26326,1.26351,1.50,1.73
2012.09.26 14:48:53.264,1.26329,1.26354,1.32,2.44
2012.09.26 14:48:53.419,1.26329,1.26354,1.32,1.32
2012.09.26 14:48:53.790,1.26332,1.26357,1.32,3.00
2012.09.26 14:48:54.651,1.26328,1.26357,2.29,1.50
2012.09.26 14:48:54.873,1.2633,1.26357,2.29,2.07
2012.09.26 14:48:55.305,1.2633,1.26355,1.54,1.32
2012.09.26 14:48:55.667,1.26325,1.26354,2.48,1.35
2012.09.26 14:48:56.174,1.26322,1.26347,2.48,1.32
2012.09.26 14:48:56.608,1.26318,1.26343,2.29,1.32
2012.09.26 14:48:57.114,1.26318,1.26343,1.54,1.32
2012.09.26 14:48:57.618,1.26318,1.26342,1.54,1.51
2012.09.26 14:48:57.703,1.26312,1.26336,2.85,1.32
2012.09.26 14:48:58.062,1.26312,1.26336,1.73,1.32
2012.09.26 14:48:58.614,1.26312,1.26336,1.73,1.32
2012.09.26 14:48:58.776,1.26317,1.26339,1.50,1.32
2012.09.26 14:48:59.284,1.26318,1.26341,1.50,2.85
2012.09.26 14:48:59.645,1.26314,1.26332,1.73,1.17
2012.09.26 14:48:59.726,1.26313,1.26333,1.73,1.50
2012.09.26 14:49:00.396,1.26312,1.26336,1.50,1.32
2012.09.26 14:49:00.546,1.26311,1.26328,2.10,1.32
2012.09.26 14:49:00.835,1.26308,1.26332,2.85,1.32
2012.09.26 14:49:01.093,1.2631,1.26332,1.50,1.32
2012.09.26 14:49:01.248,1.26315,1.26338,1.32,1.92
2012.09.26 14:49:01.412,1.26317,1.26338,1.50,1.32
2012.09.26 14:49:01.778,1.26315,1.26336,1.13,1.32
2012.09.26 14:49:02.671,1.26315,1.26336,1.13,1.32
2012.09.26 14:49:02.773,1.26311,1.26336,1.32,1.32
2012.09.26 14:49:03.732,1.26311,1.26336,2.14,1.32
2012.09.26 14:49:04.574,1.2631,1.2633,2.85,1.17
2012.09.26 14:49:04.657,1.2631,1.2633,1.73,1.17
2012.09.26 14:49:05.874,1.2631,1.26334,1.50,1.32
2012.09.26 14:49:06.232,1.2631,1.26334,1.50,1.32
2012.09.26 14:49:06.849,1.2631,1.26334,1.50,1.32
2012.09.26 14:49:07.851,1.26309,1.26334,3.57,1.32
2012.09.26 14:49:08.358,1.26309,1.26334,2.07,1.32
2012.09.26 14:49:08.724,1.26309,1.26334,3.04,1.32
2012.09.26 14:49:09.253,1.26309,1.26334,3.04,1.32
2012.09.26 14:49:09.612,1.26311,1.26337,2.10,1.17
2012.09.26 14:49:09.977,1.26312,1.26337,1.32,1.32
2012.09.26 14:49:10.417,1.26319,1.26343,1.32,1.36
2012.09.26 14:49:10.712,1.26319,1.26344,1.32,2.07
2012.09.26 14:49:11.004,1.26318,1.26343,1.54,1.50
2012.09.26 14:49:12.913,1.26314,1.2634,1.73,1.35
2012.09.26 14:49:13.274,1.26318,1.26343,1.32,1.35
2012.09.26 14:49:13.776,1.26319,1.26343,1.54,2.25
2012.09.26 14:49:13.935,1.26318,1.26343,1.54,2.26
2012.09.26 14:49:14.085,1.26312,1.2634,1.95,1.51
2012.09.26 14:49:14.303,1.26315,1.26338,1.54,1.32
2012.09.26 14:49:14.665,1.26308,1.26329,1.50,1.32
2012.09.26 14:49:15.024,1.26314,1.26336,1.50,1.69
2012.09.26 14:49:17.547,1.26312,1.26335,2.29,1.32
2012.09.26 14:49:17.904,1.2631,1.26329,1.32,1.50
2012.09.26 14:49:18.135,1.26307,1.26328,1.13,1.32
2012.09.26 14:49:18.214,1.26307,1.26328,1.13,1.92
2012.09.26 14:49:18.436,1.26305,1.26326,1.54,1.35
2012.09.26 14:49:18.941,1.26304,1.26324,1.13,1.32
2012.09.26 14:49:19.202,1.26301,1.26323,1.50,1.32
2012.09.26 14:49:19.677,1.26302,1.26324,1.50,1.32
2012.09.26 14:49:21.142,1.26303,1.26325,1.50,1.32
2012.09.26 14:49:22.156,1.26303,1.26324,1.50,1.32
2012.09.26 14:49:22.518,1.26313,1.26332,1.32,1.50
2012.09.26 14:49:22.743,1.26315,1.26336,1.73,1.50
2012.09.26 14:49:23.270,1.26315,1.26336,1.50,1.50
2012.09.26 14:49:24.643,1.26315,1.26336,1.50,1.32
2012.09.26 14:49:25.047,1.26315,1.26336,1.73,1.32
2012.09.26 14:49:25.139,1.26321,1.2634,1.50,1.32
2012.09.26 14:49:25.231,1.26319,1.2634,1.73,1.32
2012.09.26 14:49:25.387,1.26319,1.2634,2.25,1.32
2012.09.26 14:49:26.023,1.2632,1.2634,1.50,1.32
2012.09.26 14:49:26.725,1.26324,1.26344,1.50,1.32
2012.09.26 14:49:26.808,1.26324,1.26344,1.50,1.32
2012.09.26 14:49:26.961,1.26322,1.26344,1.50,1.32
2012.09.26 14:49:27.981,1.26325,1.26347,1.50,1.92
2012.09.26 14:49:28.068,1.26326,1.26349,1.32,1.73
2012.09.26 14:49:29.047,1.26326,1.26348,1.32,1.50
2012.09.26 14:49:30.076,1.26325,1.26347,1.73,2.25
2012.09.26 14:49:30.156,1.26326,1.26347,1.50,2.25
2012.09.26 14:49:30.525,1.26323,1.26343,1.50,1.50
2012.09.26 14:49:30.605,1.26321,1.26343,1.32,1.50
2012.09.26 14:49:30.755,1.26322,1.26343,1.35,1.50
2012.09.26 14:49:30.836,1.26322,1.26343,1.35,1.50
2012.09.26 14:49:31.263,1.26323,1.26346,1.35,2.07
2012.09.26 14:49:32.432,1.26324,1.26346,1.50,2.07
2012.09.26 14:49:32.902,1.26324,1.26346,1.50,2.07
2012.09.26 14:49:33.244,1.26322,1.26346,2.48,3.04
2012.09.26 14:49:33.602,1.26319,1.2634,1.50,1.32
2012.09.26 14:49:33.757,1.26316,1.26338,1.73,1.50
2012.09.26 14:49:33.905,1.26318,1.26339,1.50,1.51
2012.09.26 14:49:34.407,1.26316,1.26338,1.73,1.50
2012.09.26 14:49:34.483,1.26317,1.26337,1.50,1.50
2012.09.26 14:49:35.044,1.26318,1.26336,1.50,1.50
2012.09.26 14:49:35.656,1.26315,1.26335,1.50,2.25
2012.09.26 14:49:35.945,1.26318,1.26337,1.50,1.32
2012.09.26 14:49:36.029,1.26318,1.26337,2.25,2.07
2012.09.26 14:49:36.253,1.26317,1.26332,1.50,1.50
2012.09.26 14:49:36.936,1.26312,1.26331,2.07,1.50
2012.09.26 14:49:37.020,1.26311,1.26331,1.50,1.50
2012.09.26 14:49:37.692,1.26311,1.26332,2.25,2.25
2012.09.26 14:49:38.242,1.26313,1.26332,1.50,1.50
2012.09.26 14:49:38.600,1.26317,1.26337,2.25,1.54
2012.09.26 14:49:38.963,1.2632,1.26334,1.50,1.35
2012.09.26 14:49:39.043,1.26319,1.26335,1.50,1.32
2012.09.26 14:49:39.128,1.26315,1.26335,1.50,2.07
2012.09.26 14:49:39.219,1.26315,1.26335,1.50,2.82
2012.09.26 14:49:39.311,1.26316,1.26335,1.50,1.50
2012.09.26 14:49:39.466,1.26324,1.26343,1.50,4.39
2012.09.26 14:49:39.557,1.26325,1.26343,1.50,3.79
2012.09.26 14:49:39.916,1.26328,1.26343,1.50,1.32
2012.09.26 14:49:39.993,1.26324,1.26343,1.50,2.07
2012.09.26 14:49:40.143,1.26324,1.26342,1.50,1.32
2012.09.26 14:49:40.507,1.2632,1.26336,1.50,1.50
2012.09.26 14:49:40.591,1.2631,1.26328,2.25,1.50
2012.09.26 14:49:40.815,1.26308,1.26327,1.80,2.25
2012.09.26 14:49:41.031,1.26309,1.26328,1.50,1.50
2012.09.26 14:49:42.121,1.26308,1.26327,2.55,1.32
2012.09.26 14:49:42.216,1.26308,1.26326,1.80,1.54
2012.09.26 14:49:42.298,1.26308,1.26325,1.05,1.50
2012.09.26 14:49:42.390,1.26308,1.26327,1.80,2.29
2012.09.26 14:49:42.560,1.26312,1.26331,1.32,1.73
2012.09.26 14:49:42.924,1.26319,1.26335,1.50,1.32
2012.09.26 14:49:43.076,1.26319,1.26335,1.50,1.32
2012.09.26 14:49:44.005,1.26319,1.26335,1.50,1.32
2012.09.26 14:49:44.707,1.26313,1.26333,1.50,1.32
2012.09.26 14:49:44.785,1.26311,1.2633,3.00,1.50
2012.09.26 14:49:45.284,1.26313,1.2633,1.50,1.50
2012.09.26 14:49:45.503,1.26317,1.26333,1.50,1.32
2012.09.26 14:49:45.584,1.26318,1.26333,1.50,1.32
2012.09.26 14:49:46.675,1.26314,1.26333,1.50,1.32
2012.09.26 14:49:46.967,1.26316,1.26335,1.50,1.54
2012.09.26 14:49:47.059,1.26317,1.26336,2.25,1.73
2012.09.26 14:49:47.544,1.26322,1.26341,1.50,1.54
2012.09.26 14:49:49.005,1.26319,1.26339,1.50,1.32
2012.09.26 14:49:49.086,1.26319,1.26338,1.13,1.50
2012.09.26 14:49:49.169,1.26322,1.26343,2.07,2.48
2012.09.26 14:49:49.330,1.26325,1.26345,1.50,1.50
2012.09.26 14:49:49.498,1.26328,1.26347,1.50,1.50
2012.09.26 14:49:50.043,1.26328,1.26347,1.50,2.07
2012.09.26 14:49:51.089,1.26326,1.26344,1.50,1.73
2012.09.26 14:49:51.329,1.26327,1.26347,1.50,1.50
2012.09.26 14:49:51.626,1.26329,1.2635,2.25,1.32
2012.09.26 14:49:51.984,1.26331,1.26345,1.50,1.32
2012.09.26 14:49:52.485,1.26328,1.26346,1.50,1.54
2012.09.26 14:49:52.563,1.26326,1.26345,2.25,1.32
2012.09.26 14:49:52.713,1.26326,1.26345,1.50,1.32
2012.09.26 14:49:52.796,1.26327,1.26347,1.32,2.25
2012.09.26 14:49:52.876,1.26328,1.26347,1.35,2.25
2012.09.26 14:49:53.099,1.2633,1.2635,2.25,1.32
2012.09.26 14:49:53.186,1.26335,1.26351,1.50,1.32
2012.09.26 14:49:54.271,1.26336,1.2635,1.50,1.32
2012.09.26 14:49:54.377,1.26337,1.26353,1.50,1.17
2012.09.26 14:49:54.537,1.26337,1.26355,2.07,2.48
2012.09.26 14:49:54.700,1.26337,1.26355,2.07,2.25
2012.09.26 14:49:54.923,1.26337,1.26355,1.50,3.00
2012.09.26 14:49:55.679,1.26335,1.26352,1.50,1.73
2012.09.26 14:49:55.779,1.26336,1.26354,1.50,1.73
2012.09.26 14:49:56.144,1.26333,1.26352,1.50,1.50
2012.09.26 14:49:56.575,1.26331,1.26349,1.50,1.32
2012.09.26 14:49:56.659,1.26326,1.26347,2.07,1.50
2012.09.26 14:49:57.027,1.26329,1.26347,1.32,1.50
2012.09.26 14:49:57.387,1.26332,1.26351,1.50,1.13
2012.09.26 14:49:57.753,1.26334,1.26352,1.50,1.32
2012.09.26 14:49:58.256,1.26334,1.26351,1.50,1.32
2012.09.26 14:49:58.617,1.2634,1.26355,1.50,1.88
2012.09.26 14:49:58.707,1.26339,1.26355,1.32,1.88
2012.09.26 14:49:58.855,1.26339,1.26357,1.32,1.50
2012.09.26 14:49:58.936,1.26339,1.26356,1.32,1.50
2012.09.26 14:49:59.609,1.26336,1.26356,1.50,1.32
2012.09.26 14:50:01.546,1.26339,1.26359,2.07,1.50
2012.09.26 14:50:01.976,1.26341,1.26362,1.50,2.25
2012.09.26 14:50:02.123,1.26339,1.26359,2.07,1.50
2012.09.26 14:50:03.434,1.26339,1.26359,2.07,1.50
2012.09.26 14:50:05.528,1.26338,1.26356,1.50,1.50
2012.09.26 14:50:05.686,1.26337,1.26356,1.50,1.50
2012.09.26 14:50:05.838,1.26338,1.26358,1.50,1.32
2012.09.26 14:50:07.044,1.26338,1.26358,1.50,1.50
2012.09.26 14:50:07.124,1.26337,1.26356,1.32,1.50
2012.09.26 14:50:07.642,1.26338,1.26358,2.25,1.50
2012.09.26 14:50:07.985,1.26343,1.26358,1.32,1.50
2012.09.26 14:50:08.206,1.26344,1.26365,1.32,1.50
2012.09.26 14:50:08.847,1.26343,1.26361,1.32,1.50
2012.09.26 14:50:09.637,1.26341,1.26359,1.50,1.50
2012.09.26 14:50:10.003,1.26339,1.26358,2.25,1.50
2012.09.26 14:50:10.081,1.26339,1.26358,1.50,1.50
2012.09.26 14:50:10.972,1.26337,1.26356,2.07,1.50
2012.09.26 14:50:11.050,1.26337,1.26355,2.07,1.50
2012.09.26 14:50:11.554,1.26337,1.26354,2.07,1.50
2012.09.26 14:50:11.912,1.26331,1.2635,1.50,1.50
2012.09.26 14:50:12.065,1.2633,1.26348,1.50,1.32
2012.09.26 14:50:12.213,1.26327,1.26346,2.25,2.25
2012.09.26 14:50:12.980,1.26329,1.26347,1.50,1.73
2012.09.26 14:50:13.775,1.26329,1.26347,1.50,1.73
2012.09.26 14:50:14.334,1.26328,1.26347,1.50,1.73
2012.09.26 14:50:14.483,1.26331,1.26348,1.50,1.54
2012.09.26 14:50:15.639,1.26331,1.26348,1.50,1.54
2012.09.26 14:50:16.704,1.26331,1.26348,1.50,1.54
2012.09.26 14:50:17.015,1.26327,1.26346,1.50,1.50
2012.09.26 14:50:17.516,1.26327,1.26346,2.25,1.50
2012.09.26 14:50:17.816,1.26331,1.26346,1.32,1.50
2012.09.26 14:50:18.176,1.26338,1.26356,1.50,2.07
2012.09.26 14:50:18.323,1.26338,1.26356,1.50,1.32
2012.09.26 14:50:18.617,1.26338,1.26356,1.50,1.32
2012.09.26 14:50:18.766,1.26339,1.26357,1.32,1.50
2012.09.26 14:50:18.985,1.26339,1.26356,1.50,1.50
2012.09.26 14:50:19.069,1.26334,1.26353,2.10,1.50
2012.09.26 14:50:19.436,1.26332,1.26349,2.07,1.50
2012.09.26 14:50:19.590,1.26334,1.26353,1.50,1.50
2012.09.26 14:50:20.195,1.26332,1.26354,2.07,2.25
2012.09.26 14:50:22.595,1.26333,1.26355,2.25,1.50
2012.09.26 14:50:22.674,1.26335,1.26356,1.50,1.50
2012.09.26 14:50:23.202,1.26335,1.26358,2.07,3.04
2012.09.26 14:50:23.966,1.26335,1.26356,1.50,2.07
2012.09.26 14:50:24.280,1.26328,1.26344,1.50,1.32
2012.09.26 14:50:24.656,1.26327,1.26343,1.50,1.32
2012.09.26 14:50:25.418,1.26321,1.26341,1.50,1.50
2012.09.26 14:50:25.570,1.26324,1.26343,1.50,1.32
2012.09.26 14:50:26.386,1.26323,1.26345,2.25,2.25
2012.09.26 14:50:28.332,1.26323,1.26345,2.25,2.25
2012.09.26 14:50:28.695,1.26329,1.2635,1.50,2.25
2012.09.26 14:50:28.779,1.26329,1.26351,2.25,1.50
2012.09.26 14:50:28.865,1.26329,1.26347,1.50,1.32
2012.09.26 14:50:29.225,1.26325,1.26345,1.50,1.32
2012.09.26 14:50:29.305,1.26323,1.26346,2.25,2.07
2012.09.26 14:50:30.254,1.26327,1.26347,1.50,1.73
2012.09.26 14:50:30.556,1.26328,1.26348,1.32,2.25
2012.09.26 14:50:30.635,1.26327,1.26348,1.50,2.25
2012.09.26 14:50:31.153,1.26326,1.26346,1.50,1.32
2012.09.26 14:50:31.759,1.26324,1.26344,2.25,1.32
2012.09.26 14:50:32.077,1.26321,1.26341,2.48,1.50
2012.09.26 14:50:32.722,1.2632,1.2634,1.50,1.50
2012.09.26 14:50:32.876,1.26316,1.26334,1.88,1.32
2012.09.26 14:50:33.093,1.26317,1.26337,1.50,1.50
2012.09.26 14:50:33.385,1.26317,1.2634,1.50,2.25
2012.09.26 14:50:33.754,1.2632,1.2634,1.50,1.50
2012.09.26 14:50:34.116,1.26323,1.26342,1.50,2.07
2012.09.26 14:50:34.829,1.2632,1.26341,1.50,1.50
2012.09.26 14:50:34.983,1.2632,1.2634,1.50,1.50
2012.09.26 14:50:35.208,1.26316,1.26333,1.50,1.32
2012.09.26 14:50:35.370,1.26316,1.26335,1.50,2.07
2012.09.26 14:50:35.459,1.26316,1.26335,1.50,1.32
2012.09.26 14:50:37.013,1.2632,1.26336,1.50,1.32
2012.09.26 14:50:37.314,1.26326,1.26337,1.50,1.54
2012.09.26 14:50:37.399,1.26326,1.26337,1.50,1.54
2012.09.26 14:50:37.696,1.26321,1.26337,1.50,1.54
2012.09.26 14:50:38.055,1.26318,1.26337,1.50,2.29
2012.09.26 14:50:40.340,1.26318,1.26337,1.50,2.29
2012.09.26 14:50:41.887,1.26325,1.26337,1.50,1.54
2012.09.26 14:50:42.107,1.26318,1.26337,1.50,1.32
2012.09.26 14:50:42.431,1.26318,1.26338,2.07,1.50
2012.09.26 14:50:42.730,1.26322,1.26341,1.50,1.32
2012.09.26 14:50:43.307,1.26322,1.26341,2.25,1.32
2012.09.26 14:50:44.365,1.26325,1.26345,1.50,1.73
2012.09.26 14:50:45.376,1.26335,1.26346,1.50,1.54
2012.09.26 14:50:45.733,1.26337,1.26353,1.50,2.29
2012.09.26 14:50:46.163,1.26338,1.26354,1.50,1.50
2012.09.26 14:50:46.313,1.26339,1.26354,1.50,1.50
2012.09.26 14:50:46.531,1.26339,1.26358,1.50,1.50
2012.09.26 14:50:47.704,1.26344,1.2636,1.32,2.25
2012.09.26 14:50:47.785,1.26344,1.26362,2.07,1.50
2012.09.26 14:50:47.882,1.26344,1.26365,2.25,1.50
2012.09.26 14:50:47.966,1.26345,1.26366,1.50,1.73
2012.09.26 14:50:48.331,1.26347,1.26365,1.50,1.54
2012.09.26 14:50:48.864,1.26347,1.26364,1.50,1.54
2012.09.26 14:50:51.873,1.26347,1.26364,1.50,1.54
2012.09.26 14:50:52.024,1.26347,1.26368,2.25,1.50
2012.09.26 14:50:52.176,1.26347,1.26366,1.50,1.73
2012.09.26 14:50:52.405,1.26344,1.26364,1.32,1.50
2012.09.26 14:50:52.963,1.26344,1.26361,1.32,1.50
2012.09.26 14:50:53.521,1.26343,1.26361,1.50,1.50
2012.09.26 14:50:53.606,1.26345,1.26362,1.32,1.73
2012.09.26 14:50:53.827,1.26343,1.26362,2.25,1.50
2012.09.26 14:50:53.918,1.26343,1.26361,1.50,1.50
2012.09.26 14:50:54.288,1.26343,1.26362,1.50,1.50
2012.09.26 14:50:54.517,1.26341,1.2636,1.32,2.25
2012.09.26 14:50:55.169,1.26341,1.26353,1.50,1.50
2012.09.26 14:50:55.267,1.26342,1.26356,1.50,1.50
2012.09.26 14:50:55.495,1.26343,1.26356,2.07,1.50
2012.09.26 14:50:56.001,1.26343,1.26359,2.07,1.50
2012.09.26 14:50:56.089,1.26343,1.26364,2.07,1.50
2012.09.26 14:50:56.178,1.26346,1.26364,1.32,1.50
2012.09.26 14:50:56.542,1.26348,1.26368,1.50,1.73
2012.09.26 14:50:57.043,1.26347,1.26368,1.50,1.50
2012.09.26 14:50:57.195,1.26348,1.26368,1.50,1.50
2012.09.26 14:50:57.482,1.26347,1.26367,1.50,1.50
2012.09.26 14:50:57.563,1.26347,1.26367,1.50,1.73
2012.09.26 14:50:57.715,1.26345,1.26365,1.50,1.73
2012.09.26 14:51:01.393,1.26347,1.26368,1.50,2.25
2012.09.26 14:51:01.687,1.26349,1.26368,1.32,1.50
2012.09.26 14:51:01.849,1.26351,1.2637,1.32,2.25
2012.09.26 14:51:02.804,1.26352,1.26372,2.07,1.50
2012.09.26 14:51:03.364,1.26352,1.26374,2.82,2.25
2012.09.26 14:51:05.054,1.26355,1.26374,1.32,1.50
2012.09.26 14:51:05.346,1.26358,1.26378,2.07,1.50
2012.09.26 14:51:06.079,1.26362,1.26381,1.50,1.32
2012.09.26 14:51:06.168,1.26365,1.26383,1.50,1.32
2012.09.26 14:51:06.754,1.26365,1.26385,1.50,2.48
2012.09.26 14:51:06.904,1.26363,1.26384,1.50,1.73
2012.09.26 14:51:08.477,1.2636,1.26378,1.32,1.50
2012.09.26 14:51:08.830,1.26356,1.26377,1.50,1.50
2012.09.26 14:51:09.392,1.26354,1.26372,2.07,1.50
2012.09.26 14:51:10.032,1.26354,1.26372,2.07,1.50
2012.09.26 14:51:10.255,1.26357,1.26376,1.32,2.85
2012.09.26 14:51:10.771,1.26357,1.26376,2.07,1.50
2012.09.26 14:51:11.291,1.26357,1.26376,2.07,1.50
2012.09.26 14:51:12.621,1.26357,1.26376,2.07,1.50
2012.09.26 14:51:12.842,1.26357,1.26376,2.07,1.50
2012.09.26 14:51:13.193,1.2636,1.26381,1.50,1.73
2012.09.26 14:51:13.273,1.26365,1.26383,1.50,3.79
2012.09.26 14:51:13.358,1.26365,1.26383,1.50,2.25
2012.09.26 14:51:13.925,1.26365,1.26386,1.50,1.73
2012.09.26 14:51:14.075,1.26365,1.26384,1.50,1.73
2012.09.26 14:51:14.365,1.26364,1.26385,2.82,1.50
2012.09.26 14:51:15.602,1.26364,1.26381,1.32,1.50
2012.09.26 14:51:16.682,1.2636,1.26379,1.50,2.07
2012.09.26 14:51:16.901,1.26357,1.26377,1.50,1.50
2012.09.26 14:51:17.396,1.26358,1.26379,1.50,2.07
2012.09.26 14:51:17.865,1.26361,1.26379,1.50,2.07
2012.09.26 14:51:18.617,1.26362,1.26381,1.32,1.50
2012.09.26 14:51:18.921,1.2636,1.26377,1.32,1.50
2012.09.26 14:51:19.988,1.26358,1.26377,1.50,1.50
2012.09.26 14:51:21.727,1.26363,1.26378,1.32,1.50
2012.09.26 14:51:21.802,1.26364,1.26384,1.50,1.73
2012.09.26 14:51:22.167,1.26371,1.26389,1.32,2.48
2012.09.26 14:51:22.325,1.26371,1.26392,2.07,3.23
2012.09.26 14:51:22.406,1.26371,1.26392,2.07,2.48
2012.09.26 14:51:22.961,1.26373,1.26394,1.50,1.50
2012.09.26 14:51:25.603,1.26373,1.26393,1.50,1.50
2012.09.26 14:51:25.993,1.26375,1.26396,2.25,1.92
2012.09.26 14:51:26.831,1.26375,1.26393,1.50,1.50
2012.09.26 14:51:27.607,1.26376,1.26396,1.50,1.54
2012.09.26 14:51:28.182,1.26378,1.26395,1.50,1.50
2012.09.26 14:51:28.264,1.26375,1.26394,1.50,1.50
2012.09.26 14:51:28.482,1.26374,1.26394,2.25,1.50
2012.09.26 14:51:29.311,1.26375,1.26394,1.50,1.50
2012.09.26 14:51:30.624,1.26375,1.26394,1.50,1.50
2012.09.26 14:51:32.331,1.26375,1.26394,1.50,1.50
2012.09.26 14:51:34.833,1.26375,1.26394,1.50,1.50
2012.09.26 14:51:36.741,1.26375,1.26394,1.50,1.50
2012.09.26 14:51:37.903,1.26377,1.26394,1.50,1.50
2012.09.26 14:51:38.125,1.26373,1.26393,2.07,1.50
2012.09.26 14:51:38.692,1.26374,1.26392,1.50,1.92
2012.09.26 14:51:38.774,1.26369,1.26388,1.50,1.50
2012.09.26 14:51:39.136,1.26374,1.26396,1.32,2.25
2012.09.26 14:51:39.215,1.26375,1.26396,1.50,1.50
2012.09.26 14:51:39.746,1.26374,1.26396,2.07,1.50
2012.09.26 14:51:40.906,1.26374,1.26394,1.32,1.50
2012.09.26 14:51:41.066,1.26371,1.2639,1.50,1.50
2012.09.26 14:51:42.563,1.26371,1.26389,1.50,1.92
2012.09.26 14:51:42.643,1.26372,1.26389,1.50,1.17
2012.09.26 14:51:42.935,1.26374,1.26395,2.25,2.29
2012.09.26 14:51:43.082,1.26374,1.26395,1.50,2.29
2012.09.26 14:51:43.704,1.26377,1.26392,1.32,1.50
2012.09.26 14:51:43.924,1.26377,1.26395,1.32,1.50
2012.09.26 14:51:44.003,1.26377,1.26395,1.32,1.50
2012.09.26 14:51:44.224,1.26381,1.264,1.50,1.73
2012.09.26 14:51:44.671,1.26378,1.264,1.50,2.48
2012.09.26 14:51:44.823,1.26377,1.26398,1.32,1.50
2012.09.26 14:51:45.954,1.26378,1.26398,2.07,1.73
2012.09.26 14:51:46.317,1.26382,1.26401,1.50,1.73
2012.09.26 14:51:46.406,1.26385,1.26401,1.50,1.50
2012.09.26 14:51:46.940,1.26385,1.26403,1.50,2.29
2012.09.26 14:51:47.687,1.26381,1.26399,1.50,1.50
2012.09.26 14:51:47.769,1.26381,1.26399,1.32,2.25
2012.09.26 14:51:47.857,1.26378,1.26397,1.32,1.50
2012.09.26 14:51:48.548,1.26378,1.26398,1.32,1.73
2012.09.26 14:51:50.585,1.26376,1.26396,1.50,1.54
2012.09.26 14:51:50.947,1.26373,1.26392,1.50,1.54
2012.09.26 14:51:51.236,1.26369,1.26389,1.32,1.73
2012.09.26 14:51:52.016,1.26369,1.26389,1.32,1.73
2012.09.26 14:51:52.375,1.26376,1.26396,1.50,2.29
2012.09.26 14:51:57.451,1.26373,1.26393,1.50,1.50
2012.09.26 14:51:58.046,1.26376,1.26394,1.50,1.73
2012.09.26 14:51:58.583,1.26376,1.26396,1.50,1.50
2012.09.26 14:51:59.670,1.26376,1.26396,1.50,1.73
2012.09.26 14:52:01.933,1.26376,1.26396,1.50,1.73
2012.09.26 14:52:04.292,1.26375,1.26396,1.50,1.73
2012.09.26 14:52:05.152,1.26379,1.26399,2.07,1.50
2012.09.26 14:52:05.761,1.26379,1.26399,2.07,1.50
2012.09.26 14:52:05.895,1.26379,1.26399,1.32,1.50
2012.09.26 14:52:06.546,1.26379,1.26399,2.07,1.50
2012.09.26 14:52:06.905,1.26386,1.26405,1.32,1.50
2012.09.26 14:52:07.427,1.26386,1.26403,1.32,1.50
2012.09.26 14:52:08.160,1.26384,1.26401,1.32,1.50
2012.09.26 14:52:08.347,1.26387,1.26406,1.32,1.50
2012.09.26 14:52:08.426,1.26387,1.26403,1.32,1.50
2012.09.26 14:52:08.933,1.26387,1.26405,1.32,1.50
2012.09.26 14:52:09.153,1.26387,1.26406,2.07,1.50
2012.09.26 14:52:10.496,1.26389,1.2641,1.50,2.25
2012.09.26 14:52:11.244,1.26391,1.2641,1.50,1.50
2012.09.26 14:52:11.671,1.26393,1.26412,3.00,1.73
2012.09.26 14:52:11.894,1.26393,1.26413,3.00,1.50
2012.09.26 14:52:12.188,1.26393,1.26414,1.50,1.65
2012.09.26 14:52:13.021,1.26394,1.26414,1.50,1.73
2012.09.26 14:52:13.323,1.26395,1.26414,1.50,1.73
2012.09.26 14:52:14.165,1.26395,1.2641,1.50,1.13
2012.09.26 14:52:14.524,1.26393,1.2641,1.50,2.29
2012.09.26 14:52:14.677,1.26389,1.26408,1.50,1.73
2012.09.26 14:52:15.393,1.26387,1.26406,1.50,1.73
2012.09.26 14:52:15.975,1.26388,1.26406,1.50,1.73
2012.09.26 14:52:16.057,1.26388,1.26406,1.32,1.73
2012.09.26 14:52:16.699,1.26386,1.26407,1.50,1.50
2012.09.26 14:52:18.427,1.26389,1.26407,1.32,1.50
2012.09.26 14:52:18.726,1.26386,1.26407,1.50,1.73
2012.09.26 14:52:18.949,1.26388,1.26404,1.50,1.50
2012.09.26 14:52:19.319,1.26387,1.26406,1.50,1.73
2012.09.26 14:52:19.405,1.26387,1.26407,1.50,1.50
2012.09.26 14:52:19.893,1.26392,1.2641,1.50,1.32
2012.09.26 14:52:20.721,1.26392,1.26411,1.50,1.58
2012.09.26 14:52:21.235,1.26392,1.26411,1.50,1.58
2012.09.26 14:52:21.319,1.26391,1.26407,1.32,1.50
2012.09.26 14:52:22.184,1.26391,1.26411,1.32,2.33
2012.09.26 14:52:23.492,1.26391,1.26411,1.32,2.33
2012.09.26 14:52:23.578,1.26391,1.26404,1.32,1.50
2012.09.26 14:52:23.724,1.26391,1.26404,1.32,1.50
2012.09.26 14:52:24.367,1.26389,1.26407,1.32,1.50
2012.09.26 14:52:24.713,1.26388,1.26407,1.50,1.50
2012.09.26 14:52:25.220,1.26388,1.26402,1.50,1.50
2012.09.26 14:52:25.586,1.26381,1.26395,1.69,1.50
2012.09.26 14:52:25.666,1.26377,1.26395,1.69,1.50
2012.09.26 14:52:26.166,1.26382,1.26399,1.32,1.50
2012.09.26 14:52:26.319,1.26375,1.26396,2.29,1.50
2012.09.26 14:52:26.405,1.26375,1.26396,2.07,1.50
2012.09.26 14:52:26.484,1.26375,1.26391,1.32,1.50
2012.09.26 14:52:26.706,1.2637,1.26388,1.50,1.50
2012.09.26 14:52:26.923,1.26373,1.2639,1.50,1.50
2012.09.26 14:52:27.003,1.26373,1.26392,1.50,1.50
2012.09.26 14:52:27.307,1.26371,1.26389,1.50,1.32
2012.09.26 14:52:27.591,1.26365,1.26383,1.50,1.50
2012.09.26 14:52:28.172,1.26365,1.26383,1.50,1.50
2012.09.26 14:52:30.476,1.26365,1.26379,1.50,1.32
2012.09.26 14:52:30.836,1.26359,1.26377,2.25,1.50
2012.09.26 14:52:30.917,1.26361,1.26379,1.50,1.32
2012.09.26 14:52:31.351,1.26359,1.26379,1.50,1.32
2012.09.26 14:52:31.713,1.26365,1.26383,1.32,1.50
2012.09.26 14:52:32.214,1.26367,1.26385,1.50,1.50
2012.09.26 14:52:32.749,1.26369,1.26385,1.50,1.50
2012.09.26 14:52:35.356,1.26369,1.26383,1.50,1.50
2012.09.26 14:52:35.650,1.2636,1.26378,1.05,1.50
2012.09.26 14:52:35.736,1.26356,1.26376,1.88,1.32
2012.09.26 14:52:36.094,1.26356,1.26373,1.13,1.32
2012.09.26 14:52:36.457,1.26353,1.26371,1.13,1.50
2012.09.26 14:52:36.882,1.26352,1.26371,1.50,1.50
2012.09.26 14:52:37.110,1.26354,1.26373,1.32,1.50
2012.09.26 14:52:37.266,1.26356,1.26375,1.32,1.50
2012.09.26 14:52:37.625,1.26353,1.26375,1.50,1.50
2012.09.26 14:52:40.233,1.26353,1.26373,1.50,1.50
2012.09.26 14:52:40.455,1.2635,1.26371,1.50,1.50
2012.09.26 14:52:40.540,1.26346,1.26363,2.10,1.50
2012.09.26 14:52:40.628,1.26346,1.26366,2.07,1.50
2012.09.26 14:52:40.707,1.26346,1.26366,2.07,1.50
2012.09.26 14:52:40.787,1.26346,1.26362,1.32,1.50
2012.09.26 14:52:41.295,1.26343,1.26362,2.07,1.50
2012.09.26 14:52:41.705,1.26342,1.2636,1.50,1.32
2012.09.26 14:52:41.926,1.26343,1.2636,1.50,1.32
2012.09.26 14:52:42.072,1.26348,1.26363,1.32,1.50
2012.09.26 14:52:42.962,1.26348,1.26368,1.32,2.25
2012.09.26 14:52:43.047,1.26348,1.26368,2.07,1.50
2012.09.26 14:52:44.237,1.2635,1.26368,1.32,1.50
2012.09.26 14:52:44.609,1.26356,1.26375,1.73,1.51
2012.09.26 14:52:44.774,1.26358,1.26378,2.07,2.26
2012.09.26 14:52:44.861,1.26363,1.26378,1.32,1.51
2012.09.26 14:52:45.032,1.26365,1.26383,1.50,1.92
2012.09.26 14:52:45.142,1.26358,1.26377,1.69,1.50
2012.09.26 14:52:45.852,1.26357,1.26377,1.73,1.50
2012.09.26 14:52:46.217,1.26358,1.26377,2.25,1.50
2012.09.26 14:52:46.525,1.2637,1.26381,1.32,1.50
2012.09.26 14:52:47.221,1.26365,1.26384,1.32,1.50
2012.09.26 14:52:47.326,1.26364,1.26384,1.50,1.50
2012.09.26 14:52:47.407,1.26361,1.26379,1.50,1.32
2012.09.26 14:52:47.768,1.26359,1.26377,1.50,1.50
2012.09.26 14:52:48.639,1.26362,1.26378,1.50,1.50
2012.09.26 14:52:48.730,1.26366,1.26385,1.50,1.73
2012.09.26 14:52:49.234,1.26366,1.26386,2.25,2.07
2012.09.26 14:52:49.962,1.26366,1.26384,1.50,1.50
2012.09.26 14:52:50.729,1.26366,1.26379,1.50,1.50
2012.09.26 14:52:50.887,1.26363,1.26379,1.13,1.50
2012.09.26 14:52:50.966,1.26364,1.26383,1.88,1.50
2012.09.26 14:52:51.113,1.26366,1.26383,1.32,1.50
2012.09.26 14:52:51.693,1.26367,1.26386,1.32,1.50
2012.09.26 14:52:53.525,1.26365,1.26385,1.50,1.50
2012.09.26 14:52:53.745,1.26364,1.26385,1.50,1.50
2012.09.26 14:52:54.321,1.26363,1.26383,2.25,1.50
2012.09.26 14:52:55.683,1.26363,1.26382,1.50,1.50
2012.09.26 14:52:56.233,1.26363,1.26382,1.50,1.50
2012.09.26 14:52:56.892,1.26364,1.26383,1.50,1.50
2012.09.26 14:52:58.035,1.26366,1.26383,1.32,1.50
2012.09.26 14:53:00.705,1.26361,1.2638,3.00,1.50
2012.09.26 14:53:00.859,1.26358,1.26377,2.25,1.50
2012.09.26 14:53:01.870,1.26354,1.26374,2.44,1.50
2012.09.26 14:53:02.052,1.2636,1.26379,1.32,1.73
2012.09.26 14:53:02.681,1.26362,1.2638,1.32,1.13
2012.09.26 14:53:04.304,1.26361,1.26381,1.32,1.50
2012.09.26 14:53:04.636,1.26364,1.26384,1.50,1.32
2012.09.26 14:53:05.077,1.26366,1.26385,1.50,1.32
2012.09.26 14:53:05.379,1.26372,1.2639,2.07,1.50
2012.09.26 14:53:05.538,1.26372,1.26392,2.07,1.50
2012.09.26 14:53:06.044,1.26373,1.26393,1.32,1.50
2012.09.26 14:53:06.123,1.26374,1.26394,1.50,1.50
2012.09.26 14:53:06.622,1.26374,1.26395,1.50,1.50
2012.09.26 14:53:06.708,1.26371,1.26388,1.32,1.50
2012.09.26 14:53:06.785,1.26368,1.26388,1.73,2.25
2012.09.26 14:53:07.006,1.26367,1.26388,2.07,2.25
2012.09.26 14:53:08.316,1.26368,1.26388,2.07,1.50
2012.09.26 14:53:09.149,1.26365,1.26385,1.50,1.50
2012.09.26 14:53:09.575,1.26363,1.26384,2.07,1.50
2012.09.26 14:53:09.657,1.26361,1.26381,2.82,1.50
2012.09.26 14:53:10.026,1.26361,1.2638,1.32,1.50
2012.09.26 14:53:10.246,1.26358,1.26377,1.13,1.50
2012.09.26 14:53:11.004,1.26358,1.26377,1.13,1.50
2012.09.26 14:53:11.086,1.26357,1.26377,1.50,1.50
2012.09.26 14:53:11.924,1.26355,1.26375,1.50,1.50
2012.09.26 14:53:12.008,1.26353,1.26373,1.50,1.50
2012.09.26 14:53:12.093,1.26352,1.26373,1.50,2.25
2012.09.26 14:53:12.553,1.26353,1.26373,1.32,2.25
2012.09.26 14:53:12.861,1.26358,1.26373,1.50,1.50
2012.09.26 14:53:13.296,1.2636,1.26379,1.32,1.50
2012.09.26 14:53:13.376,1.2636,1.26376,1.32,1.50
2012.09.26 14:53:14.054,1.26363,1.26379,1.32,1.50
2012.09.26 14:53:14.618,1.26363,1.26379,1.32,1.50
2012.09.26 14:53:14.905,1.26364,1.26383,1.50,1.50
2012.09.26 14:53:15.126,1.26364,1.26383,1.50,1.50
2012.09.26 14:53:15.543,1.26364,1.26381,1.50,1.50
2012.09.26 14:53:15.863,1.26362,1.26379,1.32,1.50
2012.09.26 14:53:16.514,1.26362,1.26379,1.92,1.50
2012.09.26 14:53:16.597,1.26366,1.26385,1.50,1.32
2012.09.26 14:53:16.678,1.26367,1.26385,1.50,1.32
2012.09.26 14:53:17.182,1.26365,1.26385,2.25,2.07
2012.09.26 14:53:17.684,1.26365,1.26383,1.50,1.50
2012.09.26 14:53:18.351,1.26365,1.26383,1.50,1.50
2012.09.26 14:53:18.685,1.26366,1.26384,1.50,1.50
2012.09.26 14:53:18.767,1.26365,1.26385,2.25,2.07
2012.09.26 14:53:21.543,1.26361,1.26382,1.50,1.50
2012.09.26 14:53:21.627,1.26361,1.2638,1.50,1.50
2012.09.26 14:53:22.056,1.2636,1.26378,1.32,1.50
2012.09.26 14:53:22.417,1.26363,1.26379,1.50,1.50
2012.09.26 14:53:22.775,1.26363,1.26382,1.50,1.50
2012.09.26 14:53:23.077,1.26361,1.26378,1.32,1.50
2012.09.26 14:53:23.449,1.2636,1.26373,1.32,1.50
2012.09.26 14:53:23.536,1.26359,1.26373,1.32,1.50
2012.09.26 14:53:23.690,1.26356,1.26373,1.32,1.50
2012.09.26 14:53:24.057,1.26367,1.26377,1.32,1.50
2012.09.26 14:53:24.137,1.26363,1.26376,1.50,1.50
2012.09.26 14:53:24.215,1.26363,1.26382,1.50,1.50
2012.09.26 14:53:24.297,1.26367,1.26382,1.32,1.50
2012.09.26 14:53:25.182,1.26368,1.26385,1.32,1.13
2012.09.26 14:53:25.683,1.26369,1.26387,1.32,1.50
2012.09.26 14:53:28.233,1.26369,1.26387,1.32,1.50
2012.09.26 14:53:28.385,1.26369,1.26383,1.32,1.50
2012.09.26 14:53:28.682,1.26363,1.26383,1.32,1.73
2012.09.26 14:53:28.766,1.26361,1.26379,1.32,1.73
2012.09.26 14:53:28.844,1.2636,1.26379,1.50,1.73
2012.09.26 14:53:29.855,1.26361,1.26381,1.50,1.73
2012.09.26 14:53:30.221,1.26362,1.26381,1.32,1.50
2012.09.26 14:53:31.623,1.26361,1.26381,2.07,1.73
2012.09.26 14:53:32.396,1.26361,1.26379,1.32,1.50
2012.09.26 14:53:32.489,1.2636,1.26381,3.00,1.73
2012.09.26 14:53:32.578,1.26363,1.26382,1.50,2.07
2012.09.26 14:53:32.947,1.26359,1.26377,2.07,1.50
2012.09.26 14:53:33.374,1.26361,1.26381,2.25,1.50
2012.09.26 14:53:34.094,1.26362,1.26381,1.50,1.50
2012.09.26 14:53:34.243,1.26364,1.26383,1.50,1.32
2012.09.26 14:53:34.748,1.26367,1.26387,1.50,2.48
2012.09.26 14:53:35.942,1.26365,1.26384,1.50,1.50
2012.09.26 14:53:36.503,1.26365,1.26384,1.50,1.50
2012.09.26 14:53:37.526,1.26364,1.26384,1.50,1.50
2012.09.26 14:53:37.603,1.26363,1.26382,1.32,1.50
2012.09.26 14:53:38.961,1.26363,1.26382,1.32,1.50
2012.09.26 14:53:40.033,1.26362,1.26382,2.07,1.50
2012.09.26 14:53:41.294,1.26362,1.26382,1.50,1.50
2012.09.26 14:53:42.876,1.26362,1.26382,1.50,1.50
2012.09.26 14:53:43.440,1.26362,1.26382,1.50,1.50
2012.09.26 14:53:44.293,1.26362,1.26382,1.50,1.50
2012.09.26 14:53:45.033,1.26363,1.26382,1.32,1.50
2012.09.26 14:53:45.624,1.26363,1.26382,1.32,1.50
2012.09.26 14:53:51.847,1.26362,1.26379,1.50,1.32
2012.09.26 14:53:52.011,1.26359,1.26377,1.50,2.07
2012.09.26 14:53:52.101,1.26356,1.26375,1.50,1.73
2012.09.26 14:53:52.675,1.26356,1.26376,1.50,1.32
2012.09.26 14:53:53.182,1.26359,1.26377,1.50,1.54
2012.09.26 14:53:53.407,1.26356,1.26375,1.50,1.73
2012.09.26 14:53:53.556,1.26356,1.26375,1.50,1.73
2012.09.26 14:53:54.360,1.26351,1.26368,1.50,1.54
2012.09.26 14:53:54.450,1.2635,1.2637,2.25,2.85
2012.09.26 14:53:54.744,1.26351,1.26372,1.32,1.73
2012.09.26 14:53:54.828,1.26351,1.26373,1.69,1.73
2012.09.26 14:53:55.047,1.26362,1.26378,1.32,1.73
2012.09.26 14:53:55.199,1.26358,1.26376,1.50,1.54
2012.09.26 14:53:55.289,1.26355,1.26375,2.25,1.73
2012.09.26 14:53:55.795,1.26355,1.26375,2.10,1.50
2012.09.26 14:53:57.714,1.26355,1.26375,1.50,1.73
2012.09.26 14:53:58.221,1.26348,1.26365,1.32,1.13
2012.09.26 14:53:58.309,1.26349,1.26368,1.32,1.35
2012.09.26 14:53:58.397,1.26349,1.26368,1.32,1.35
2012.09.26 14:53:58.549,1.26348,1.26366,1.32,1.50
2012.09.26 14:53:58.638,1.26349,1.26367,1.32,2.25
2012.09.26 14:53:59.227,1.2635,1.2637,1.50,2.33
2012.09.26 14:53:59.573,1.26349,1.26369,1.32,1.73
2012.09.26 14:53:59.938,1.26356,1.26374,1.32,2.26
2012.09.26 14:54:00.028,1.26353,1.26374,1.73,2.82
2012.09.26 14:54:00.116,1.26352,1.26371,1.50,1.73
2012.09.26 14:54:00.542,1.2635,1.2637,2.07,1.73
2012.09.26 14:54:01.513,1.2635,1.2637,1.50,1.73
2012.09.26 14:54:01.863,1.26351,1.26373,1.50,1.54
2012.09.26 14:54:01.944,1.26351,1.2637,1.50,1.73
2012.09.26 14:54:02.096,1.26348,1.26368,1.32,1.50
2012.09.26 14:54:02.315,1.26344,1.26363,2.25,1.32
2012.09.26 14:54:02.538,1.26347,1.26366,1.50,1.50
2012.09.26 14:54:02.825,1.26351,1.26372,1.50,1.50
2012.09.26 14:54:03.331,1.26351,1.26372,1.50,1.50
2012.09.26 14:54:03.576,1.2635,1.26369,1.32,1.50
2012.09.26 14:54:04.559,1.26352,1.26369,1.32,1.50
2012.09.26 14:54:05.114,1.26352,1.26369,1.32,1.50
2012.09.26 14:54:05.321,1.26353,1.26369,1.50,1.50
2012.09.26 14:54:05.474,1.26352,1.26371,1.32,1.50
2012.09.26 14:54:06.115,1.2635,1.26367,1.32,1.50
2012.09.26 14:54:06.474,1.26345,1.26364,1.50,1.50
2012.09.26 14:54:06.558,1.26344,1.26362,1.32,1.50
2012.09.26 14:54:07.383,1.26341,1.26362,2.07,1.50
2012.09.26 14:54:07.534,1.26341,1.26362,1.50,1.50
2012.09.26 14:54:08.015,1.26344,1.26363,1.32,1.73
2012.09.26 14:54:08.305,1.26348,1.26371,2.07,1.50
2012.09.26 14:54:09.638,1.26348,1.26368,2.07,1.50
2012.09.26 14:54:10.634,1.26351,1.26368,1.32,1.50
2012.09.26 14:54:10.997,1.26356,1.26371,1.50,1.50
2012.09.26 14:54:11.357,1.2636,1.26371,1.54,1.50
2012.09.26 14:54:11.656,1.26356,1.26377,1.13,1.50
2012.09.26 14:54:11.738,1.26355,1.26376,3.00,1.50
2012.09.26 14:54:11.827,1.26358,1.26378,1.32,1.51
2012.09.26 14:54:11.974,1.26355,1.26376,2.82,1.50
2012.09.26 14:54:12.196,1.26358,1.26379,1.32,1.50
2012.09.26 14:54:12.347,1.26358,1.26378,1.32,1.50
2012.09.26 14:54:12.575,1.26359,1.2638,1.50,2.10
2012.09.26 14:54:13.752,1.26362,1.26382,1.32,1.50
2012.09.26 14:54:19.916,1.26362,1.26382,1.50,1.50
2012.09.26 14:54:20.416,1.26368,1.26382,1.32,1.50
2012.09.26 14:54:20.705,1.26365,1.26384,1.32,1.50
2012.09.26 14:54:20.851,1.26364,1.26384,1.50,1.50
2012.09.26 14:54:21.142,1.26362,1.26382,1.32,1.50
2012.09.26 14:54:21.887,1.2636,1.26379,1.32,1.50
2012.09.26 14:54:22.665,1.26359,1.26379,1.50,1.50
2012.09.26 14:54:23.231,1.26358,1.26379,1.50,1.50
2012.09.26 14:54:27.833,1.26359,1.26379,1.50,1.50
2012.09.26 14:54:30.669,1.26358,1.26376,1.32,1.50
2012.09.26 14:54:31.072,1.26359,1.26378,1.50,1.50
2012.09.26 14:54:34.641,1.26358,1.26378,2.07,1.50
2012.09.26 14:54:34.722,1.26359,1.26377,1.50,1.50
2012.09.26 14:54:35.821,1.26357,1.26377,1.50,1.54
2012.09.26 14:54:35.984,1.26348,1.26368,1.50,2.07
2012.09.26 14:54:37.854,1.26346,1.26368,2.07,1.50
2012.09.26 14:54:38.075,1.26346,1.26366,1.50,1.50
2012.09.26 14:54:38.474,1.26342,1.26364,2.82,2.25
2012.09.26 14:54:39.203,1.26345,1.26364,1.50,1.50
2012.09.26 14:54:39.285,1.26347,1.26366,1.50,1.50
2012.09.26 14:54:39.438,1.26351,1.26371,1.50,1.73
2012.09.26 14:54:39.599,1.26348,1.26364,1.50,1.32
2012.09.26 14:54:40.590,1.26339,1.26359,1.32,1.50
2012.09.26 14:54:41.605,1.26337,1.26357,2.25,1.50
2012.09.26 14:54:41.824,1.26336,1.26354,1.32,1.50
2012.09.26 14:54:42.432,1.26336,1.26354,2.25,2.25
2012.09.26 14:54:42.513,1.26339,1.26358,1.32,1.50
2012.09.26 14:54:43.168,1.26337,1.26358,2.25,2.07
2012.09.26 14:54:43.455,1.26338,1.26358,1.54,1.50
2012.09.26 14:54:44.025,1.26337,1.26358,1.50,2.07
2012.09.26 14:54:44.317,1.26334,1.26354,1.50,1.50
2012.09.26 14:54:44.410,1.26333,1.26354,1.50,1.50
2012.09.26 14:54:44.637,1.26331,1.2635,1.50,1.32
2012.09.26 14:54:45.366,1.26328,1.26346,1.50,1.32
2012.09.26 14:54:45.942,1.26328,1.26346,1.50,2.07
2012.09.26 14:54:46.085,1.26325,1.26345,2.25,1.50
2012.09.26 14:54:46.163,1.26325,1.26345,1.50,1.50
2012.09.26 14:54:46.244,1.26327,1.26347,1.50,1.54
2012.09.26 14:54:46.815,1.2633,1.2635,1.32,1.50
2012.09.26 14:54:47.384,1.2633,1.26349,1.50,1.32
2012.09.26 14:54:47.886,1.26328,1.26347,1.73,1.50
2012.09.26 14:54:48.174,1.26327,1.26349,1.50,2.29
2012.09.26 14:54:49.633,1.26328,1.26347,1.50,1.54
2012.09.26 14:54:49.726,1.26331,1.2635,1.50,1.54
2012.09.26 14:54:51.265,1.26329,1.26347,1.50,1.32
2012.09.26 14:54:51.341,1.26328,1.26347,1.50,2.07
2012.09.26 14:54:51.501,1.26322,1.26344,3.57,2.25
2012.09.26 14:54:51.586,1.26322,1.26342,1.32,1.50
2012.09.26 14:54:51.661,1.26322,1.26342,2.07,1.73
2012.09.26 14:54:51.744,1.26326,1.26343,1.50,1.73
2012.09.26 14:54:51.894,1.26329,1.26347,1.50,2.07
2012.09.26 14:54:54.864,1.26332,1.26349,1.32,1.73
2012.09.26 14:54:55.375,1.26333,1.26351,1.32,1.13
2012.09.26 14:54:55.735,1.26327,1.26344,1.50,1.54
2012.09.26 14:54:55.816,1.26326,1.26347,2.25,1.73
2012.09.26 14:54:55.963,1.26327,1.26348,1.50,3.04
2012.09.26 14:54:56.997,1.26329,1.26348,1.50,1.54
2012.09.26 14:54:57.562,1.26329,1.26348,1.50,1.32
2012.09.26 14:54:58.622,1.2633,1.26351,1.50,3.04
2012.09.26 14:54:58.774,1.2633,1.2635,1.50,1.32
2012.09.26 14:54:58.855,1.26328,1.2635,2.25,2.07
2012.09.26 14:54:59.074,1.26327,1.26347,1.32,1.50
2012.09.26 14:54:59.477,1.26323,1.26343,1.50,2.25
2012.09.26 14:54:59.907,1.26325,1.26343,1.50,1.50
2012.09.26 14:55:00.001,1.26329,1.2635,2.82,1.50
2012.09.26 14:55:00.084,1.26331,1.2635,1.50,1.50
2012.09.26 14:55:00.441,1.26331,1.26352,1.50,1.32
2012.09.26 14:55:00.594,1.26334,1.26352,1.50,1.32
2012.09.26 14:55:00.745,1.26335,1.26353,1.50,1.32
2012.09.26 14:55:02.365,1.2633,1.26345,1.50,1.32
2012.09.26 14:55:02.454,1.26324,1.26344,1.88,1.73
2012.09.26 14:55:03.167,1.26323,1.26343,1.50,1.32
2012.09.26 14:55:09.869,1.26323,1.26344,1.50,2.85
2012.09.26 14:55:09.952,1.26324,1.26344,1.50,2.10
2012.09.26 14:55:10.311,1.26327,1.26346,1.50,1.50
2012.09.26 14:55:10.463,1.26321,1.26341,2.48,1.32
2012.09.26 14:55:10.612,1.26321,1.26341,1.73,2.07
2012.09.26 14:55:11.039,1.26318,1.26336,2.25,1.50
2012.09.26 14:55:12.270,1.2632,1.26339,1.73,1.50
2012.09.26 14:55:12.652,1.26321,1.26343,1.73,1.50
2012.09.26 14:55:14.131,1.26322,1.26343,1.50,1.50
2012.09.26 14:55:14.533,1.26323,1.26345,2.25,1.50
2012.09.26 14:55:15.592,1.26323,1.26343,2.25,1.32
2012.09.26 14:55:16.174,1.26326,1.26342,1.50,1.32
2012.09.26 14:55:16.262,1.26327,1.26347,1.50,2.25
2012.09.26 14:55:16.342,1.26327,1.26347,2.25,1.50
2012.09.26 14:55:16.761,1.26325,1.26344,1.32,1.50
2012.09.26 14:55:17.355,1.26329,1.26346,1.50,1.35
2012.09.26 14:55:17.690,1.26325,1.26345,1.32,1.50
2012.09.26 14:55:18.823,1.26324,1.26345,1.50,1.50
2012.09.26 14:55:20.940,1.26324,1.26345,1.50,1.50
2012.09.26 14:55:21.433,1.26324,1.26345,1.50,1.50
2012.09.26 14:55:22.293,1.26328,1.26347,1.50,2.82
2012.09.26 14:55:23.115,1.26327,1.26347,1.50,3.57
2012.09.26 14:55:23.321,1.26328,1.26347,1.50,2.07
2012.09.26 14:55:24.633,1.26328,1.26346,1.50,1.50
2012.09.26 14:55:24.712,1.26325,1.26345,2.29,1.50
2012.09.26 14:55:25.323,1.26328,1.26348,1.50,2.82
2012.09.26 14:55:29.334,1.26327,1.26346,1.50,1.50
2012.09.26 14:55:29.413,1.26325,1.26344,1.50,2.07
2012.09.26 14:55:30.277,1.26332,1.26346,1.50,1.50
2012.09.26 14:55:30.369,1.26329,1.26349,1.50,1.50
2012.09.26 14:55:31.656,1.26332,1.26352,1.50,1.32
2012.09.26 14:55:32.663,1.26332,1.26351,1.50,1.32
2012.09.26 14:55:32.954,1.2633,1.2635,1.50,2.07
2012.09.26 14:55:33.594,1.26331,1.26351,2.25,2.07
2012.09.26 14:55:34.103,1.26335,1.26353,1.50,1.54
2012.09.26 14:55:34.257,1.26329,1.26349,2.25,1.50
2012.09.26 14:55:34.475,1.26329,1.26347,1.50,2.25
2012.09.26 14:55:35.385,1.26327,1.26345,1.50,2.07
2012.09.26 14:55:36.198,1.26327,1.26345,1.50,1.50
2012.09.26 14:55:40.970,1.26329,1.26347,1.88,1.50
2012.09.26 14:55:41.054,1.26331,1.26353,2.25,3.00
2012.09.26 14:55:41.130,1.26334,1.26353,1.50,2.25
2012.09.26 14:55:42.196,1.26329,1.26345,2.10,1.50
2012.09.26 14:55:42.414,1.26328,1.26346,1.50,1.50
2012.09.26 14:55:42.493,1.26325,1.26346,2.25,1.50
2012.09.26 14:55:42.573,1.26326,1.26346,1.50,1.50
2012.09.26 14:55:42.783,1.26328,1.26348,2.25,1.50
2012.09.26 14:55:43.217,1.26325,1.26345,2.48,2.25
2012.09.26 14:55:43.953,1.26325,1.26345,1.50,2.25
2012.09.26 14:55:44.313,1.26322,1.26342,1.50,1.50
2012.09.26 14:55:44.672,1.26316,1.26336,1.50,1.50
2012.09.26 14:55:48.915,1.26316,1.26334,1.50,1.32
2012.09.26 14:55:49.066,1.26312,1.26332,1.50,2.25
2012.09.26 14:55:49.502,1.26313,1.26333,1.50,1.32
2012.09.26 14:55:50.009,1.26316,1.26335,1.50,1.32
2012.09.26 14:55:51.037,1.26313,1.26334,1.50,1.50
2012.09.26 14:55:52.236,1.26315,1.26334,1.32,1.50
2012.09.26 14:55:52.607,1.26318,1.26336,1.73,1.50
2012.09.26 14:55:52.755,1.26318,1.26336,1.50,1.50
2012.09.26 14:55:53.963,1.26318,1.26336,1.32,1.50
2012.09.26 14:55:54.534,1.2632,1.26339,1.50,1.50
2012.09.26 14:55:55.304,1.26322,1.2634,1.50,1.50
2012.09.26 14:55:55.855,1.26324,1.26341,1.50,1.50
2012.09.26 14:55:56.861,1.26325,1.26344,2.25,1.32
2012.09.26 14:55:56.951,1.26327,1.26347,1.50,1.50
2012.09.26 14:55:59.812,1.26325,1.26345,1.32,1.50
2012.09.26 14:56:03.362,1.26324,1.26345,1.50,1.50
2012.09.26 14:56:04.405,1.26329,1.26349,1.50,2.29
2012.09.26 14:56:04.552,1.26327,1.26346,1.50,1.54
2012.09.26 14:56:04.633,1.26325,1.26346,2.25,1.32
2012.09.26 14:56:05.142,1.26325,1.26346,2.25,1.54
2012.09.26 14:56:05.672,1.26332,1.26349,1.50,1.32
2012.09.26 14:56:05.894,1.26344,1.26358,1.50,1.50
2012.09.26 14:56:05.977,1.26344,1.26364,2.25,1.73
2012.09.26 14:56:06.051,1.26344,1.26365,3.00,1.54
2012.09.26 14:56:06.729,1.26348,1.26367,1.50,2.29
2012.09.26 14:56:06.814,1.26345,1.26365,1.50,1.54
2012.09.26 14:56:07.714,1.26345,1.26364,1.50,1.58
2012.09.26 14:56:07.867,1.26341,1.26361,1.50,2.10
2012.09.26 14:56:08.364,1.26345,1.26363,1.35,1.73
2012.09.26 14:56:09.148,1.2635,1.26367,2.07,1.50
2012.09.26 14:56:09.243,1.2635,1.26367,1.32,1.50
2012.09.26 14:56:09.531,1.26346,1.26365,1.13,2.25
2012.09.26 14:56:10.994,1.26349,1.26365,1.32,1.50
2012.09.26 14:56:11.212,1.26351,1.2637,1.32,1.50
2012.09.26 14:56:11.293,1.26352,1.26371,1.50,1.50
2012.09.26 14:56:12.028,1.2635,1.2637,1.32,2.25
2012.09.26 14:56:12.388,1.26344,1.26363,1.54,1.50
2012.09.26 14:56:12.475,1.26344,1.26363,1.32,1.50
2012.09.26 14:56:16.040,1.26344,1.26362,1.50,1.50
2012.09.26 14:56:16.401,1.26343,1.2636,1.32,1.50
2012.09.26 14:56:21.199,1.2634,1.26358,1.73,1.32
2012.09.26 14:56:21.290,1.26334,1.26351,1.50,1.50
2012.09.26 14:56:21.375,1.2634,1.26357,1.50,1.32
2012.09.26 14:56:22.177,1.26338,1.26357,1.50,2.25
2012.09.26 14:56:22.479,1.2634,1.26359,1.50,1.50
2012.09.26 14:56:22.566,1.26343,1.26363,1.50,1.73
2012.09.26 14:56:23.625,1.26342,1.26361,1.50,1.50
2012.09.26 14:56:23.702,1.2634,1.26358,1.50,1.50
2012.09.26 14:56:24.632,1.2634,1.26358,1.50,1.50
2012.09.26 14:56:24.785,1.26341,1.26359,1.50,2.07
2012.09.26 14:56:25.345,1.26341,1.26361,2.07,1.50
2012.09.26 14:56:26.043,1.2634,1.26361,3.00,2.25
2012.09.26 14:56:26.685,1.26342,1.26361,1.50,2.63
2012.09.26 14:56:27.430,1.26342,1.26359,1.50,1.32
2012.09.26 14:56:27.653,1.26339,1.26358,1.50,1.32
2012.09.26 14:56:28.025,1.26339,1.26358,1.50,1.50
2012.09.26 14:56:28.175,1.26337,1.26356,1.50,1.50
2012.09.26 14:56:28.255,1.26336,1.26356,1.50,2.25
2012.09.26 14:56:28.548,1.26337,1.26356,1.50,1.50
2012.09.26 14:56:28.999,1.26339,1.26357,1.50,1.32
2012.09.26 14:56:29.653,1.26339,1.26357,1.50,1.32
2012.09.26 14:56:30.084,1.26342,1.26363,1.50,1.50
2012.09.26 14:56:30.161,1.26342,1.26363,1.50,1.50
2012.09.26 14:56:30.513,1.26342,1.26359,1.50,1.32
2012.09.26 14:56:30.872,1.26339,1.26356,1.50,2.07
2012.09.26 14:56:31.167,1.26332,1.26352,1.50,1.50
2012.09.26 14:56:31.312,1.26332,1.26351,1.50,1.50
2012.09.26 14:56:32.009,1.26336,1.26356,1.50,2.07
2012.09.26 14:56:32.327,1.26341,1.26362,2.07,1.35
2012.09.26 14:56:32.483,1.26344,1.26364,1.50,2.67
2012.09.26 14:56:32.986,1.26341,1.2636,1.32,1.50
2012.09.26 14:56:33.487,1.2634,1.26359,1.50,1.50
2012.09.26 14:56:33.842,1.26341,1.26363,1.50,2.29
2012.09.26 14:56:34.193,1.2634,1.2636,1.50,1.73
2012.09.26 14:56:34.474,1.2634,1.2636,2.25,1.50
2012.09.26 14:56:34.550,1.2634,1.26363,3.00,3.04
2012.09.26 14:56:34.902,1.26342,1.26359,1.50,1.54
2012.09.26 14:56:34.983,1.2634,1.26359,1.50,1.54
2012.09.26 14:56:36.418,1.26334,1.26354,1.32,2.48
2012.09.26 14:56:37.053,1.26334,1.26352,1.32,1.73
2012.09.26 14:56:37.512,1.26332,1.26352,2.07,1.50
2012.09.26 14:56:38.019,1.26332,1.26352,2.07,1.50
2012.09.26 14:56:39.911,1.26333,1.26353,2.07,1.73
2012.09.26 14:56:40.212,1.26335,1.26356,1.50,1.73
2012.09.26 14:56:40.294,1.26338,1.26357,1.50,2.29
2012.09.26 14:56:40.652,1.26336,1.26356,1.50,2.25
2012.09.26 14:56:41.709,1.26332,1.26351,1.50,1.32
2012.09.26 14:56:42.898,1.26332,1.26351,1.50,1.54
2012.09.26 14:56:44.882,1.26332,1.26352,2.25,1.54
2012.09.26 14:56:45.240,1.26335,1.26356,1.50,2.25
2012.09.26 14:56:46.023,1.26338,1.26358,1.50,1.54
2012.09.26 14:56:46.173,1.26335,1.26357,1.50,1.32
2012.09.26 14:56:46.684,1.26334,1.26355,2.44,1.50
2012.09.26 14:56:47.049,1.26342,1.26358,1.32,1.73
2012.09.26 14:56:47.134,1.26341,1.2636,1.50,1.73
2012.09.26 14:56:47.499,1.26338,1.26356,1.88,1.50
2012.09.26 14:56:48.364,1.26336,1.26356,1.35,1.50
2012.09.26 14:56:48.792,1.26337,1.26357,2.25,1.50
2012.09.26 14:56:49.370,1.26339,1.26357,1.32,1.50
2012.09.26 14:56:49.524,1.2634,1.2636,1.32,1.73
2012.09.26 14:56:52.414,1.2634,1.2636,1.32,1.50
2012.09.26 14:56:52.495,1.26337,1.26355,1.73,1.50
2012.09.26 14:56:52.643,1.26336,1.26354,1.13,1.50
2012.09.26 14:56:53.007,1.26337,1.26357,1.50,1.32
2012.09.26 14:56:53.165,1.2634,1.26361,2.07,2.48
2012.09.26 14:56:53.461,1.2634,1.26359,1.32,1.50
2012.09.26 14:56:54.512,1.26337,1.26356,1.50,1.54
2012.09.26 14:56:54.601,1.26335,1.26355,1.50,1.54
2012.09.26 14:56:55.965,1.26337,1.26356,1.32,1.73
2012.09.26 14:56:56.111,1.26339,1.26357,1.50,1.50
2012.09.26 14:56:56.335,1.26338,1.26356,1.50,1.54
2012.09.26 14:56:56.754,1.26336,1.26355,1.50,1.54
2012.09.26 14:56:56.833,1.26334,1.26355,1.13,2.29
2012.09.26 14:56:57.986,1.26336,1.26356,1.50,1.73
2012.09.26 14:56:58.149,1.26334,1.26355,1.88,1.54
2012.09.26 14:56:58.571,1.26334,1.26356,1.50,2.48
2012.09.26 14:56:59.694,1.26335,1.26356,2.07,1.73
2012.09.26 14:57:00.054,1.26333,1.26352,1.13,1.50
2012.09.26 14:57:00.344,1.26334,1.26355,2.63,1.54
2012.09.26 14:57:03.683,1.26334,1.26355,2.25,1.32
2012.09.26 14:57:04.046,1.26334,1.26356,2.07,1.50
2012.09.26 14:57:04.404,1.26331,1.26348,1.13,1.54
2012.09.26 14:57:04.766,1.26327,1.26344,1.50,1.50
2012.09.26 14:57:04.987,1.26328,1.26346,1.13,1.50
2012.09.26 14:57:05.074,1.26328,1.26348,1.13,2.29
2012.09.26 14:57:05.364,1.2633,1.26349,1.13,2.29
2012.09.26 14:57:05.921,1.26331,1.26351,1.32,1.50
2012.09.26 14:57:06.006,1.26332,1.26354,2.25,1.54
2012.09.26 14:57:07.471,1.26337,1.26355,1.50,1.54
2012.09.26 14:57:09.323,1.26339,1.26359,1.50,1.50
2012.09.26 14:57:09.402,1.2634,1.2636,1.50,2.25
2012.09.26 14:57:09.881,1.26339,1.26359,1.50,1.50
2012.09.26 14:57:10.097,1.26339,1.2636,1.50,3.00
2012.09.26 14:57:10.630,1.26338,1.26358,1.50,2.29
2012.09.26 14:57:11.504,1.26338,1.26357,1.50,1.50
2012.09.26 14:57:12.001,1.26339,1.26359,1.50,1.73
2012.09.26 14:57:12.385,1.2634,1.2636,1.50,1.73
2012.09.26 14:57:12.662,1.26339,1.26359,1.50,1.50
2012.09.26 14:57:12.817,1.26334,1.26354,1.13,1.50
2012.09.26 14:57:13.429,1.26334,1.26354,1.88,1.50
2012.09.26 14:57:13.747,1.2634,1.2636,1.50,1.73
2012.09.26 14:57:13.839,1.26346,1.26364,1.32,1.50
2012.09.26 14:57:13.995,1.26346,1.26366,3.57,3.00
2012.09.26 14:57:14.074,1.26349,1.26367,1.50,1.73
2012.09.26 14:57:14.565,1.26346,1.26366,2.82,1.50
2012.09.26 14:57:15.653,1.26348,1.26369,1.50,1.32
2012.09.26 14:57:16.417,1.26348,1.26368,1.50,2.25
2012.09.26 14:57:19.138,1.2634,1.26361,1.50,1.54
2012.09.26 14:57:19.422,1.26342,1.26361,1.50,1.32
2012.09.26 14:57:19.786,1.26346,1.26365,1.50,1.50
2012.09.26 14:57:20.143,1.26341,1.2636,1.50,1.32
2012.09.26 14:57:24.302,1.26338,1.26357,3.00,1.50
2012.09.26 14:57:26.483,1.2634,1.2636,1.50,1.50
2012.09.26 14:57:26.810,1.26339,1.2636,1.73,1.50
2012.09.26 14:57:26.964,1.26342,1.2636,1.50,1.50
2012.09.26 14:57:27.186,1.26342,1.26362,2.44,1.50
2012.09.26 14:57:27.543,1.26346,1.26364,1.50,1.50
2012.09.26 14:57:28.217,1.26344,1.26363,2.07,1.50
2012.09.26 14:57:28.582,1.26342,1.26363,2.07,2.25
2012.09.26 14:57:28.804,1.2634,1.26363,2.85,2.25
2012.09.26 14:57:30.084,1.26344,1.26363,1.32,1.50
2012.09.26 14:57:30.444,1.26345,1.26367,1.50,2.25
2012.09.26 14:57:30.537,1.26348,1.26367,1.50,1.50
2012.09.26 14:57:30.966,1.26345,1.26366,1.50,2.25
2012.09.26 14:57:31.463,1.26344,1.26363,1.54,1.50
2012.09.26 14:57:32.132,1.26344,1.26364,1.54,1.50
2012.09.26 14:57:32.284,1.26343,1.26364,1.54,1.50
2012.09.26 14:57:32.823,1.26344,1.26363,1.32,1.50
2012.09.26 14:57:33.183,1.26346,1.26366,1.50,1.50
2012.09.26 14:57:33.335,1.26355,1.26371,1.32,1.50
2012.09.26 14:57:33.556,1.2635,1.26369,1.54,1.50
2012.09.26 14:57:33.708,1.26351,1.26369,1.32,1.50
2012.09.26 14:57:34.135,1.26348,1.26367,1.73,1.50
2012.09.26 14:57:34.779,1.26347,1.26367,2.25,1.50
2012.09.26 14:57:36.235,1.26347,1.26367,1.50,1.50
2012.09.26 14:57:41.211,1.2634,1.26363,2.25,2.82
2012.09.26 14:57:44.443,1.2634,1.26363,2.25,2.07
2012.09.26 14:57:44.590,1.26341,1.26363,1.50,1.32
2012.09.26 14:57:45.231,1.26346,1.26364,1.32,1.50
2012.09.26 14:57:45.383,1.26347,1.26366,1.50,1.50
2012.09.26 14:57:45.601,1.26349,1.26369,1.50,3.57
2012.09.26 14:57:45.874,1.26347,1.26367,1.50,1.50
2012.09.26 14:57:48.382,1.26347,1.26364,1.50,1.32
2012.09.26 14:57:48.468,1.26344,1.26363,1.73,1.32
2012.09.26 14:57:48.544,1.26342,1.26362,1.73,1.50
2012.09.26 14:57:49.054,1.26341,1.26362,2.25,1.50
2012.09.26 14:57:51.964,1.26347,1.26365,1.50,1.73
2012.09.26 14:57:52.044,1.26347,1.26366,1.50,1.50
2012.09.26 14:57:53.221,1.26347,1.26366,1.50,1.50
2012.09.26 14:57:53.655,1.2635,1.2637,1.50,1.51
2012.09.26 14:57:54.663,1.26349,1.26371,1.73,2.25
2012.09.26 14:57:55.232,1.26352,1.26371,1.50,1.50
2012.09.26 14:57:56.446,1.26357,1.26371,1.54,1.50
2012.09.26 14:57:56.530,1.2636,1.26378,1.13,1.50
2012.09.26 14:57:58.915,1.26358,1.26378,1.69,1.50
2012.09.26 14:57:59.273,1.26355,1.26375,1.50,1.50
2012.09.26 14:58:00.066,1.26355,1.26375,1.50,1.50
2012.09.26 14:58:00.285,1.26355,1.26376,1.50,1.50
2012.09.26 14:58:00.433,1.26362,1.26381,1.32,2.85
2012.09.26 14:58:00.527,1.26359,1.26378,1.32,1.50
2012.09.26 14:58:00.673,1.26362,1.26381,1.32,1.50
2012.09.26 14:58:00.964,1.26362,1.26382,1.32,1.50
2012.09.26 14:58:01.329,1.26362,1.2638,1.32,1.50
2012.09.26 14:58:01.624,1.26362,1.26381,1.32,1.50
2012.09.26 14:58:02.834,1.26364,1.26385,2.07,1.50
2012.09.26 14:58:04.454,1.26366,1.26387,1.50,2.07
2012.09.26 14:58:04.745,1.2637,1.26389,1.32,1.50
2012.09.26 14:58:04.882,1.26369,1.26389,1.50,1.50
2012.09.26 14:58:06.366,1.2637,1.2639,1.50,1.50
2012.09.26 14:58:07.156,1.2637,1.2639,1.50,1.50
2012.09.26 14:58:08.288,1.26369,1.26389,1.50,1.50
2012.09.26 14:58:08.724,1.26373,1.2639,1.50,1.32
2012.09.26 14:58:09.498,1.26373,1.2639,1.50,1.32
2012.09.26 14:58:09.995,1.26374,1.26392,1.50,1.32
2012.09.26 14:58:10.080,1.2638,1.26392,1.50,1.32
2012.09.26 14:58:10.307,1.26377,1.26393,1.50,1.32
2012.09.26 14:58:10.385,1.26375,1.26394,1.32,1.50
2012.09.26 14:58:10.547,1.26378,1.26395,1.50,1.50
2012.09.26 14:58:10.627,1.26379,1.26399,1.50,1.73
2012.09.26 14:58:11.137,1.26382,1.264,1.50,1.35
2012.09.26 14:58:11.625,1.26383,1.26402,1.50,1.73
2012.09.26 14:58:11.702,1.26381,1.26399,1.50,1.50
2012.09.26 14:58:11.785,1.26381,1.26399,1.50,1.50
2012.09.26 14:58:11.864,1.26381,1.26402,1.50,2.48
2012.09.26 14:58:11.942,1.26379,1.26397,1.50,1.50
2012.09.26 14:58:12.162,1.26376,1.26395,1.50,1.50
2012.09.26 14:58:12.513,1.26383,1.26401,1.50,1.73
2012.09.26 14:58:12.592,1.26377,1.26396,1.50,1.50
2012.09.26 14:58:13.384,1.2638,1.264,1.50,1.50
2012.09.26 14:58:13.470,1.2638,1.26401,1.50,2.48
2012.09.26 14:58:14.602,1.26381,1.26401,1.50,2.07
2012.09.26 14:58:15.011,1.26383,1.26401,1.50,1.32
2012.09.26 14:58:15.362,1.2638,1.26396,1.50,1.32
2012.09.26 14:58:16.434,1.2638,1.26399,1.50,1.54
2012.09.26 14:58:16.791,1.2638,1.26396,1.50,1.32
2012.09.26 14:58:18.752,1.2638,1.264,1.50,1.73
2012.09.26 14:58:18.832,1.2638,1.26401,1.50,2.82
2012.09.26 14:58:19.324,1.26378,1.26395,2.82,1.50
2012.09.26 14:58:19.410,1.26378,1.26396,1.32,1.50
2012.09.26 14:58:20.054,1.26378,1.26398,1.32,1.50
2012.09.26 14:58:20.648,1.2638,1.26401,1.50,2.82
2012.09.26 14:58:20.745,1.26387,1.26408,2.07,3.38
2012.09.26 14:58:21.111,1.26389,1.26408,1.50,1.88
2012.09.26 14:58:21.620,1.26387,1.26407,2.07,1.50
2012.09.26 14:58:21.917,1.26383,1.26404,2.82,1.50
2012.09.26 14:58:22.287,1.26386,1.26407,1.50,1.50
2012.09.26 14:58:22.505,1.2639,1.26408,1.50,1.92
2012.09.26 14:58:23.076,1.26395,1.26408,1.50,1.32
2012.09.26 14:58:23.154,1.26391,1.26408,1.50,1.32
2012.09.26 14:58:23.924,1.26389,1.26407,1.50,1.50
2012.09.26 14:58:24.002,1.26387,1.26407,1.50,1.50
2012.09.26 14:58:24.469,1.26393,1.26408,1.50,1.32
2012.09.26 14:58:24.623,1.26389,1.26408,1.50,2.07
2012.09.26 14:58:24.842,1.26391,1.26408,1.50,1.32
2012.09.26 14:58:25.191,1.26386,1.26408,2.25,1.32
2012.09.26 14:58:26.254,1.26391,1.2641,1.32,1.73
2012.09.26 14:58:26.375,1.26396,1.26411,1.50,1.50
2012.09.26 14:58:26.466,1.26396,1.26415,1.13,1.50
2012.09.26 14:58:26.546,1.26396,1.26417,1.88,3.57
2012.09.26 14:58:26.635,1.26398,1.26417,2.07,2.25
2012.09.26 14:58:27.961,1.264,1.26419,1.32,2.25
2012.09.26 14:58:28.464,1.26402,1.26421,1.32,1.50
2012.09.26 14:58:28.829,1.26399,1.2642,1.32,2.25
2012.09.26 14:58:29.704,1.26396,1.26416,2.07,1.50
2012.09.26 14:58:29.939,1.26396,1.26417,2.07,2.10
2012.09.26 14:58:30.958,1.26396,1.26416,2.07,1.50
2012.09.26 14:58:31.048,1.26395,1.26414,1.32,1.50
2012.09.26 14:58:31.335,1.26394,1.26412,1.50,1.50
2012.09.26 14:58:32.732,1.26394,1.26415,1.50,1.50
2012.09.26 14:58:34.585,1.26396,1.26416,1.50,1.50
2012.09.26 14:58:35.162,1.26399,1.26419,2.07,1.50
2012.09.26 14:58:35.249,1.26406,1.26423,2.25,1.73
2012.09.26 14:58:35.867,1.26402,1.26422,1.50,1.50
2012.09.26 14:58:36.056,1.26404,1.26421,1.50,1.32
2012.09.26 14:58:36.624,1.264,1.26419,1.88,1.32
2012.09.26 14:58:36.773,1.26399,1.26419,1.50,1.32
2012.09.26 14:58:37.737,1.26397,1.26417,2.55,1.50
2012.09.26 14:58:38.492,1.26399,1.26419,1.50,2.07
2012.09.26 14:58:38.573,1.26398,1.26419,1.50,2.07
2012.09.26 14:58:38.722,1.26402,1.26419,1.50,1.32
2012.09.26 14:58:38.873,1.26398,1.26419,1.50,2.07
2012.09.26 14:58:39.051,1.26397,1.26417,2.25,1.50
2012.09.26 14:58:39.602,1.26398,1.26419,1.50,2.07
2012.09.26 14:58:39.681,1.26399,1.26419,1.50,1.32
2012.09.26 14:58:39.758,1.26399,1.26419,1.50,1.32
2012.09.26 14:58:40.372,1.26399,1.26419,1.50,1.32
2012.09.26 14:58:40.704,1.26402,1.26419,1.50,1.32
2012.09.26 14:58:41.064,1.26404,1.26419,1.50,1.32
2012.09.26 14:58:41.648,1.26404,1.26419,1.50,1.32
2012.09.26 14:58:42.613,1.26402,1.26419,1.50,1.32
2012.09.26 14:58:42.695,1.26404,1.26419,1.50,1.32
2012.09.26 14:58:42.777,1.26404,1.26424,2.25,1.32
2012.09.26 14:58:43.157,1.26404,1.26424,1.50,2.07
2012.09.26 14:58:43.246,1.26401,1.26419,1.50,1.32
2012.09.26 14:58:43.932,1.26399,1.26418,1.50,1.50
2012.09.26 14:58:44.014,1.26398,1.26413,1.13,1.32
2012.09.26 14:58:44.093,1.26397,1.26413,1.50,1.32
2012.09.26 14:58:44.173,1.26399,1.26419,1.50,3.04
2012.09.26 14:58:44.326,1.26399,1.26419,1.50,2.82
2012.09.26 14:58:44.603,1.264,1.26419,1.50,2.07
2012.09.26 14:58:44.962,1.26402,1.26419,1.50,1.32
2012.09.26 14:58:46.303,1.26401,1.26419,1.50,2.07
2012.09.26 14:58:46.844,1.26399,1.26418,1.50,1.32
2012.09.26 14:58:49.008,1.26404,1.2642,1.50,1.54
2012.09.26 14:58:50.124,1.26404,1.2642,1.50,1.54
2012.09.26 14:58:50.278,1.26402,1.2642,1.50,1.54
2012.09.26 14:58:50.429,1.26398,1.26417,1.50,1.50
2012.09.26 14:58:50.799,1.26399,1.26418,1.32,1.50
2012.09.26 14:58:51.168,1.26409,1.26422,2.07,1.51
2012.09.26 14:58:51.535,1.26406,1.26423,1.32,1.13
2012.09.26 14:58:51.618,1.26405,1.26423,1.50,1.13
2012.09.26 14:58:51.703,1.26405,1.26425,1.50,2.44
2012.09.26 14:58:52.675,1.26409,1.26428,1.50,2.29
2012.09.26 14:58:52.826,1.26409,1.26429,2.07,1.50
2012.09.26 14:58:53.483,1.26409,1.26422,1.32,1.50
2012.09.26 14:58:53.569,1.264,1.26419,1.73,1.50
2012.09.26 14:58:53.881,1.26398,1.26418,1.73,2.25
2012.09.26 14:58:54.693,1.26398,1.26418,3.08,1.50
2012.09.26 14:58:54.775,1.26404,1.26423,1.32,1.50
2012.09.26 14:58:56.573,1.26404,1.26423,1.32,1.50
2012.09.26 14:58:56.934,1.26406,1.26426,1.50,1.50
2012.09.26 14:58:57.302,1.26405,1.26423,1.32,1.50
2012.09.26 14:58:57.526,1.26401,1.26418,1.73,1.50
2012.09.26 14:58:58.094,1.26398,1.26418,2.07,1.50
2012.09.26 14:58:58.899,1.26403,1.26421,1.50,1.32
2012.09.26 14:58:59.206,1.26416,1.26433,1.32,2.26
2012.09.26 14:59:01.264,1.26412,1.26432,2.10,1.50
2012.09.26 14:59:01.344,1.2641,1.2643,2.07,1.50
2012.09.26 14:59:02.463,1.26411,1.26432,1.50,1.50
2012.09.26 14:59:02.544,1.26414,1.26433,1.73,1.50
2012.09.26 14:59:02.695,1.26416,1.26436,1.32,2.25
2012.09.26 14:59:02.844,1.26416,1.26438,2.07,1.50
2012.09.26 14:59:03.617,1.26416,1.26438,1.32,1.50
2012.09.26 14:59:03.762,1.26418,1.2644,1.50,1.50
2012.09.26 14:59:04.764,1.26423,1.26441,1.50,1.17
2012.09.26 14:59:04.981,1.2642,1.26441,1.50,2.67
2012.09.26 14:59:05.194,1.26416,1.26439,2.07,1.50
2012.09.26 14:59:05.480,1.26419,1.26441,1.50,3.42
2012.09.26 14:59:05.550,1.2642,1.26441,1.50,2.67
2012.09.26 14:59:05.756,1.26417,1.26438,1.50,1.50
2012.09.26 14:59:06.693,1.2642,1.26441,1.50,2.67
2012.09.26 14:59:07.064,1.26417,1.26438,1.50,1.50
2012.09.26 14:59:07.401,1.2642,1.26441,1.50,1.92
2012.09.26 14:59:08.183,1.26423,1.26442,1.32,1.50
2012.09.26 14:59:08.265,1.26424,1.26443,1.32,1.50
2012.09.26 14:59:08.346,1.26425,1.26445,1.32,2.25
2012.09.26 14:59:08.500,1.2642,1.2644,1.50,1.50
2012.09.26 14:59:09.322,1.26418,1.2644,1.32,2.10
2012.09.26 14:59:09.778,1.26419,1.2644,2.25,1.50
2012.09.26 14:59:10.004,1.26422,1.26443,1.32,1.50
2012.09.26 14:59:10.267,1.26424,1.26445,2.67,2.25
2012.09.26 14:59:10.626,1.26428,1.26447,1.54,1.50
2012.09.26 14:59:10.989,1.26426,1.26447,1.32,1.50
2012.09.26 14:59:11.147,1.26424,1.26444,1.73,1.50
2012.09.26 14:59:11.227,1.26423,1.2644,1.32,1.50
2012.09.26 14:59:12.676,1.26423,1.26443,1.32,1.50
2012.09.26 14:59:12.753,1.26424,1.26446,1.50,2.82
2012.09.26 14:59:13.594,1.26418,1.26438,2.25,1.50
2012.09.26 14:59:13.689,1.26423,1.26442,1.32,1.50
2012.09.26 14:59:13.848,1.2642,1.26439,1.32,1.50
2012.09.26 14:59:14.643,1.26419,1.26439,2.07,1.50
2012.09.26 14:59:14.795,1.26423,1.26442,1.50,1.32
2012.09.26 14:59:16.021,1.2642,1.26442,1.50,2.07
2012.09.26 14:59:16.090,1.26419,1.2644,2.07,1.50
2012.09.26 14:59:17.257,1.26416,1.26438,2.25,2.07
2012.09.26 14:59:17.685,1.26417,1.26438,2.48,1.32
2012.09.26 14:59:18.283,1.26419,1.26441,1.50,1.32
2012.09.26 14:59:18.369,1.26418,1.26439,1.50,1.32
2012.09.26 14:59:18.615,1.26425,1.26443,1.50,2.25
2012.09.26 14:59:18.835,1.26422,1.26441,1.50,1.32
2012.09.26 14:59:18.994,1.26418,1.2644,1.50,1.32
2012.09.26 14:59:20.663,1.26424,1.26441,1.50,1.32
2012.09.26 14:59:20.814,1.26422,1.2644,1.50,1.32
2012.09.26 14:59:20.894,1.26419,1.2644,1.50,1.32
2012.09.26 14:59:21.043,1.26417,1.26438,1.32,1.50
2012.09.26 14:59:21.123,1.26417,1.26438,1.32,1.50
2012.09.26 14:59:21.893,1.26418,1.2644,1.50,2.07
2012.09.26 14:59:22.257,1.26423,1.26442,1.50,1.32
2012.09.26 14:59:22.407,1.26428,1.26446,1.32,1.13
2012.09.26 14:59:22.638,1.26427,1.26446,1.54,1.66
2012.09.26 14:59:22.934,1.26428,1.26449,1.32,1.88
2012.09.26 14:59:24.313,1.26429,1.2645,2.07,2.71
2012.09.26 14:59:24.398,1.26429,1.26449,1.54,1.50
2012.09.26 14:59:24.558,1.26429,1.26447,1.32,1.50
2012.09.26 14:59:24.705,1.26431,1.26452,1.50,2.07
2012.09.26 14:59:25.574,1.26429,1.2645,1.32,1.50
2012.09.26 14:59:26.085,1.2643,1.26451,1.73,1.50
2012.09.26 14:59:26.450,1.26424,1.26445,2.29,1.50
2012.09.26 14:59:26.610,1.26423,1.26445,1.73,2.07
2012.09.26 14:59:26.767,1.26424,1.26443,1.50,1.32
2012.09.26 14:59:26.987,1.26425,1.26444,1.50,1.32
2012.09.26 14:59:27.069,1.26423,1.26443,1.50,1.32
2012.09.26 14:59:28.367,1.26422,1.26442,1.32,1.50
2012.09.26 14:59:28.737,1.26419,1.26439,1.32,1.50
2012.09.26 14:59:28.885,1.26422,1.2644,1.32,1.50
2012.09.26 14:59:29.391,1.26421,1.2644,1.50,1.32
2012.09.26 14:59:29.477,1.26418,1.26437,1.50,1.50
2012.09.26 14:59:29.989,1.2642,1.26432,2.25,1.50
2012.09.26 14:59:30.080,1.26425,1.26443,1.32,1.50
2012.09.26 14:59:30.169,1.26425,1.26444,1.73,1.13
2012.09.26 14:59:30.396,1.26425,1.26446,1.73,1.32
2012.09.26 14:59:30.758,1.26428,1.26448,1.32,3.00
2012.09.26 14:59:31.131,1.26426,1.26446,1.35,3.00
2012.09.26 14:59:31.216,1.26427,1.26446,1.35,1.50
2012.09.26 14:59:31.366,1.26425,1.26447,1.50,3.42
2012.09.26 14:59:31.447,1.26424,1.26446,1.69,1.50
2012.09.26 14:59:32.240,1.26423,1.26444,2.29,1.50
2012.09.26 14:59:32.869,1.26445,1.26453,1.32,1.50
2012.09.26 14:59:32.961,1.26448,1.26455,1.39,1.95
2012.09.26 14:59:33.051,1.26449,1.26455,2.29,1.20
2012.09.26 14:59:33.140,1.26451,1.26455,1.50,1.20
2012.09.26 14:59:33.225,1.26451,1.26458,1.50,1.20
2012.09.26 14:59:33.308,1.26449,1.26455,3.04,1.20
2012.09.26 14:59:33.388,1.2645,1.2646,1.73,1.73
2012.09.26 14:59:33.687,1.2645,1.26465,1.73,1.49
2012.09.26 14:59:33.905,1.2645,1.2647,1.50,1.50
2012.09.26 14:59:34.264,1.26447,1.26468,2.82,1.50
2012.09.26 14:59:34.485,1.26453,1.26472,1.13,1.32
2012.09.26 14:59:34.710,1.26453,1.26474,1.92,1.50
2012.09.26 14:59:34.934,1.26449,1.26471,1.50,2.07
2012.09.26 14:59:35.296,1.2646,1.26476,1.32,2.48
2012.09.26 14:59:35.448,1.2646,1.26478,1.32,1.50
2012.09.26 14:59:35.537,1.2646,1.26482,1.92,2.11
2012.09.26 14:59:35.613,1.2646,1.2648,1.17,1.50
2012.09.26 14:59:36.459,1.2646,1.2648,1.39,1.50
2012.09.26 14:59:36.826,1.26464,1.26487,2.07,2.25
2012.09.26 14:59:36.906,1.26464,1.26483,1.32,1.50
2012.09.26 14:59:36.988,1.26463,1.2648,1.54,1.50
2012.09.26 14:59:37.076,1.26458,1.26479,1.73,1.50
2012.09.26 14:59:37.153,1.26458,1.26479,1.50,1.50
2012.09.26 14:59:37.236,1.26459,1.26479,1.13,1.50
2012.09.26 14:59:37.463,1.26459,1.26479,1.35,1.50
2012.09.26 14:59:37.617,1.26462,1.26479,1.50,1.50
2012.09.26 14:59:37.985,1.26482,1.26489,2.10,1.13
2012.09.26 14:59:38.287,1.26488,1.26493,1.50,1.50
2012.09.26 14:59:38.378,1.26485,1.26493,1.54,1.50
2012.09.26 14:59:38.630,1.26486,1.26497,1.50,1.28
2012.09.26 14:59:38.723,1.26491,1.26498,1.50,1.39
2012.09.26 14:59:38.953,1.26476,1.2649,1.50,1.17
2012.09.26 14:59:39.040,1.26476,1.26494,1.50,1.32
2012.09.26 14:59:39.127,1.26476,1.26494,2.25,1.32
2012.09.26 14:59:39.749,1.26486,1.26506,1.54,1.05
2012.09.26 14:59:39.858,1.26487,1.26514,1.54,1.32
2012.09.26 14:59:40.155,1.26485,1.26514,1.54,1.54
2012.09.26 14:59:40.589,1.26488,1.26511,2.89,1.32
2012.09.26 14:59:40.896,1.26489,1.26512,1.50,1.32
2012.09.26 14:59:41.267,1.26495,1.26512,1.32,1.13
2012.09.26 14:59:41.706,1.26496,1.26519,1.17,1.32
2012.09.26 14:59:41.787,1.26498,1.26525,1.17,1.54
2012.09.26 14:59:41.936,1.26498,1.26525,1.39,1.32
2012.09.26 14:59:42.019,1.26499,1.26527,1.54,1.69
2012.09.26 14:59:42.103,1.26499,1.26527,1.84,1.69
2012.09.26 14:59:42.470,1.26499,1.26527,1.84,2.67
2012.09.26 14:59:42.630,1.26496,1.26518,1.80,1.32
2012.09.26 14:59:43.259,1.26495,1.26521,1.35,1.88
2012.09.26 14:59:43.918,1.26491,1.26523,1.69,2.07
2012.09.26 14:59:44.140,1.26504,1.26521,2.10,1.69
2012.09.26 14:59:44.370,1.26507,1.26527,1.39,1.51
2012.09.26 14:59:44.527,1.26503,1.26527,1.28,1.32
2012.09.26 14:59:44.690,1.26503,1.26527,1.28,1.69
2012.09.26 14:59:45.122,1.26501,1.26531,1.54,1.69
2012.09.26 14:59:45.421,1.26501,1.26529,1.32,1.17
2012.09.26 14:59:45.510,1.26501,1.26527,1.32,1.69
2012.09.26 14:59:45.883,1.26498,1.26524,1.54,1.32
2012.09.26 14:59:46.037,1.26498,1.26524,1.32,2.29
2012.09.26 14:59:46.253,1.26493,1.26523,1.17,1.73
2012.09.26 14:59:46.940,1.2649,1.2652,2.14,1.54
2012.09.26 14:59:47.028,1.265,1.26521,1.17,1.73
2012.09.26 14:59:47.479,1.26498,1.26524,2.48,1.50
2012.09.26 14:59:47.571,1.26494,1.2652,1.73,1.88
2012.09.26 14:59:47.659,1.26496,1.26522,1.39,1.32
2012.09.26 14:59:47.745,1.26496,1.26521,1.17,1.17
2012.09.26 14:59:47.831,1.26496,1.26525,1.39,1.32
2012.09.26 14:59:47.920,1.26494,1.26523,1.13,1.73
2012.09.26 14:59:48.079,1.26491,1.26523,2.67,1.73
2012.09.26 14:59:48.603,1.26491,1.2652,1.17,1.17
2012.09.26 14:59:48.686,1.26491,1.2652,1.17,1.17
2012.09.26 14:59:48.920,1.2649,1.2652,1.84,2.29
2012.09.26 14:59:49.159,1.26487,1.26517,2.89,2.10
2012.09.26 14:59:49.530,1.26487,1.26516,3.83,1.54
2012.09.26 14:59:51.074,1.26492,1.26519,1.69,1.32
2012.09.26 14:59:51.375,1.26502,1.26527,1.39,1.81
2012.09.26 14:59:51.737,1.26501,1.26528,1.17,1.32
2012.09.26 14:59:51.825,1.265,1.26527,1.35,2.25
2012.09.26 14:59:51.909,1.265,1.26527,1.35,2.25
2012.09.26 14:59:51.996,1.26499,1.26527,1.54,2.63
2012.09.26 14:59:52.087,1.26502,1.26527,1.39,1.13
2012.09.26 14:59:52.178,1.26502,1.26533,1.77,1.32
2012.09.26 14:59:52.266,1.26507,1.26533,2.10,1.32
2012.09.26 14:59:52.359,1.2651,1.26537,1.39,1.50
2012.09.26 14:59:52.588,1.26505,1.26534,1.54,1.88
2012.09.26 14:59:52.677,1.26505,1.26531,1.32,1.32
2012.09.26 14:59:52.760,1.26505,1.26529,1.32,1.92
2012.09.26 14:59:53.069,1.26503,1.26531,1.50,1.54
2012.09.26 14:59:53.157,1.26504,1.26533,1.17,1.17
2012.09.26 14:59:53.308,1.26503,1.26531,1.50,1.17
2012.09.26 14:59:53.396,1.265,1.26528,1.32,2.10
2012.09.26 14:59:54.078,1.26507,1.26528,2.10,1.73
2012.09.26 14:59:54.176,1.2651,1.26533,1.17,1.35
2012.09.26 14:59:54.256,1.2651,1.26533,1.39,1.13
2012.09.26 14:59:54.338,1.2651,1.26533,1.39,1.13
2012.09.26 14:59:54.584,1.2651,1.26538,1.17,2.29
2012.09.26 14:59:55.161,1.2651,1.26539,2.33,1.17
2012.09.26 14:59:56.267,1.26514,1.26538,2.97,1.17
2012.09.26 14:59:56.583,1.26525,1.26548,1.17,1.32
2012.09.26 14:59:56.668,1.26525,1.26551,1.17,1.54
2012.09.26 14:59:57.176,1.26523,1.26552,1.35,1.54
2012.09.26 14:59:57.823,1.26525,1.26553,1.13,1.73
2012.09.26 14:59:57.988,1.26526,1.26554,1.13,2.29
2012.09.26 14:59:58.289,1.26522,1.26554,2.29,2.14
2012.09.26 14:59:58.377,1.26526,1.26554,1.13,1.54
2012.09.26 14:59:59.307,1.26527,1.26554,1.13,1.54
2012.09.26 14:59:59.596,1.26525,1.26554,1.50,2.14
