2012.05.22 08:00:00.537,1.30019,1.30044,3.75,2.60
2012.05.22 08:00:01.039,1.30023,1.30044,2.25,1.10
2012.05.22 08:00:01.401,1.30025,1.30045,2.25,1.10
2012.05.22 08:00:02.006,1.30025,1.30045,2.25,1.10
2012.05.22 08:00:02.529,1.30025,1.30045,2.25,1.10
2012.05.22 08:00:02.738,1.30022,1.30045,2.25,1.10
2012.05.22 08:00:03.279,1.30022,1.30043,2.25,1.10
2012.05.22 08:00:04.423,1.30022,1.30043,2.25,1.10
2012.05.22 08:00:05.144,1.30024,1.30048,2.25,1.85
2012.05.22 08:00:05.703,1.30023,1.30048,2.25,1.10
2012.05.22 08:00:06.165,1.30025,1.30047,2.25,2.25
2012.05.22 08:00:06.706,1.30026,1.3005,2.25,1.47
2012.05.22 08:00:07.247,1.30026,1.3005,2.25,1.10
2012.05.22 08:00:07.613,1.30023,1.3005,2.25,2.60
2012.05.22 08:00:07.803,1.30022,1.30047,2.25,1.50
2012.05.22 08:00:08.757,1.30022,1.30046,2.25,1.50
2012.05.22 08:00:09.102,1.30021,1.30044,1.50,1.50
2012.05.22 08:00:09.715,1.30021,1.30044,1.50,1.85
2012.05.22 08:00:09.974,1.30021,1.30043,1.50,1.85
2012.05.22 08:00:10.115,1.30022,1.30041,1.50,1.50
2012.05.22 08:00:10.455,1.30019,1.30045,3.00,3.35
2012.05.22 08:00:10.526,1.30019,1.30045,3.00,3.35
2012.05.22 08:00:10.985,1.30023,1.30045,2.25,1.10
2012.05.22 08:00:11.396,1.30021,1.30044,2.25,2.22
2012.05.22 08:00:11.468,1.30018,1.30041,2.25,1.13
2012.05.22 08:00:11.615,1.30015,1.3004,2.25,1.10
2012.05.22 08:00:12.154,1.30013,1.30035,1.50,2.25
2012.05.22 08:00:12.468,1.30015,1.30037,2.25,1.10
2012.05.22 08:00:12.805,1.3002,1.30035,2.25,1.10
2012.05.22 08:00:13.017,1.30012,1.30036,1.50,1.85
2012.05.22 08:00:13.169,1.30011,1.30035,2.25,1.10
2012.05.22 08:00:13.457,1.30008,1.30033,2.25,1.50
2012.05.22 08:00:14.057,1.30008,1.30033,2.25,1.10
2012.05.22 08:00:14.402,1.30009,1.30032,2.25,2.25
2012.05.22 08:00:14.574,1.30009,1.30032,2.25,1.50
2012.05.22 08:00:15.225,1.30009,1.30032,3.00,1.50
2012.05.22 08:00:15.803,1.30011,1.30033,2.25,1.50
2012.05.22 08:00:15.996,1.30013,1.30033,2.25,1.10
2012.05.22 08:00:16.195,1.30006,1.30031,2.25,3.00
2012.05.22 08:00:16.700,1.30006,1.30029,2.25,1.10
2012.05.22 08:00:17.264,1.30008,1.30029,2.25,2.60
2012.05.22 08:00:17.814,1.30003,1.30028,2.25,2.60
2012.05.22 08:00:18.169,1.30009,1.30027,2.25,1.10
2012.05.22 08:00:18.308,1.30009,1.30028,2.25,1.10
2012.05.22 08:00:18.727,1.30001,1.30024,3.38,1.50
2012.05.22 08:00:18.797,1.30001,1.30024,3.38,1.50
2012.05.22 08:00:18.935,1.30002,1.30027,2.25,2.25
2012.05.22 08:00:19.463,1.30005,1.30027,2.25,1.10
2012.05.22 08:00:19.975,1.30003,1.30028,2.25,2.60
2012.05.22 08:00:20.517,1.30003,1.30027,2.25,1.10
2012.05.22 08:00:20.822,1.30003,1.30028,2.25,1.85
2012.05.22 08:00:20.937,1.30003,1.30028,2.25,2.60
2012.05.22 08:00:21.443,1.3,1.30025,3.00,1.50
2012.05.22 08:00:22.835,1.30003,1.30025,3.00,1.85
2012.05.22 08:00:23.444,1.30004,1.30028,2.25,1.10
2012.05.22 08:00:23.516,1.30004,1.30028,2.25,1.10
2012.05.22 08:00:23.656,1.30001,1.30024,2.25,1.50
2012.05.22 08:00:23.727,1.30003,1.30028,2.25,2.60
2012.05.22 08:00:24.284,1.30003,1.30028,2.25,1.85
2012.05.22 08:00:25.009,1.30003,1.30028,2.25,1.85
2012.05.22 08:00:25.973,1.30005,1.3003,2.25,1.55
2012.05.22 08:00:26.557,1.30005,1.30028,2.25,1.10
2012.05.22 08:00:27.797,1.30003,1.30026,2.25,1.10
2012.05.22 08:00:28.306,1.30003,1.30027,2.25,1.10
2012.05.22 08:00:28.860,1.30003,1.30026,2.25,1.10
2012.05.22 08:00:29.186,1.30003,1.30028,2.25,1.85
2012.05.22 08:00:30.894,1.30004,1.30027,2.25,1.85
2012.05.22 08:00:31.709,1.30004,1.30027,2.25,1.85
2012.05.22 08:00:32.274,1.30004,1.30027,2.25,1.85
2012.05.22 08:00:32.876,1.30004,1.30027,2.25,1.85
2012.05.22 08:00:33.915,1.30007,1.3003,2.25,3.80
2012.05.22 08:00:34.235,1.30007,1.3003,3.00,2.30
2012.05.22 08:00:34.518,1.3001,1.30035,2.25,2.60
2012.05.22 08:00:35.204,1.3001,1.30035,2.25,2.60
2012.05.22 08:00:35.747,1.3001,1.30033,2.25,1.10
2012.05.22 08:00:36.379,1.3001,1.30032,2.25,1.10
2012.05.22 08:00:36.703,1.30006,1.30024,1.50,1.50
2012.05.22 08:00:36.963,1.29998,1.30022,4.88,1.50
2012.05.22 08:00:37.213,1.3,1.30025,2.25,3.75
2012.05.22 08:00:37.724,1.29998,1.30022,3.75,1.50
2012.05.22 08:00:38.022,1.30002,1.30022,1.50,1.50
2012.05.22 08:00:38.167,1.30002,1.30022,1.50,1.50
2012.05.22 08:00:38.236,1.30003,1.30028,2.25,2.60
2012.05.22 08:00:38.755,1.30004,1.30027,2.25,1.85
2012.05.22 08:00:38.825,1.30004,1.30027,2.25,2.60
2012.05.22 08:00:39.023,1.30005,1.30028,2.25,1.50
2012.05.22 08:00:39.650,1.30003,1.30022,1.50,1.50
2012.05.22 08:00:39.796,1.30002,1.30026,3.00,2.25
2012.05.22 08:00:39.864,1.30002,1.30026,3.00,1.50
2012.05.22 08:00:40.062,1.30004,1.30029,3.00,2.25
2012.05.22 08:00:45.873,1.30004,1.30029,2.25,2.25
2012.05.22 08:00:46.186,1.30002,1.30023,1.50,1.50
2012.05.22 08:00:46.326,1.30002,1.30027,2.25,2.25
2012.05.22 08:00:46.516,1.30001,1.30023,1.50,1.50
2012.05.22 08:00:47.517,1.30002,1.30026,1.50,2.25
2012.05.22 08:00:47.655,1.30003,1.30026,2.25,2.25
2012.05.22 08:00:48.245,1.30005,1.3003,3.00,2.25
2012.05.22 08:00:50.354,1.30005,1.30026,1.50,1.50
2012.05.22 08:00:51.112,1.30005,1.30029,2.25,2.25
2012.05.22 08:00:51.243,1.30005,1.30029,2.25,2.25
2012.05.22 08:00:51.782,1.30004,1.30028,2.25,2.25
2012.05.22 08:00:53.281,1.30002,1.30025,3.75,1.50
2012.05.22 08:00:53.734,1.30006,1.30028,2.25,2.25
2012.05.22 08:00:54.183,1.30004,1.30028,2.25,1.50
2012.05.22 08:00:54.739,1.30003,1.30025,3.00,1.50
2012.05.22 08:00:55.392,1.30005,1.30029,2.25,2.25
2012.05.22 08:00:55.525,1.30005,1.30029,1.50,2.25
2012.05.22 08:00:56.275,1.30005,1.30027,2.25,2.25
2012.05.22 08:00:58.133,1.30005,1.30027,1.50,2.25
2012.05.22 08:00:58.725,1.30005,1.30027,2.25,2.25
2012.05.22 08:00:58.855,1.30007,1.3003,1.50,4.10
2012.05.22 08:00:59.285,1.3001,1.3003,1.50,1.10
2012.05.22 08:00:59.613,1.3001,1.3003,1.50,1.10
2012.05.22 08:00:59.743,1.30011,1.3003,4.50,1.10
2012.05.22 08:00:59.946,1.30014,1.30034,1.88,1.10
2012.05.22 08:01:00.284,1.30009,1.30031,1.50,2.60
2012.05.22 08:01:00.357,1.30016,1.30036,1.50,1.10
2012.05.22 08:01:00.732,1.30012,1.30036,1.50,1.10
2012.05.22 08:01:00.861,1.30009,1.30034,3.00,2.25
2012.05.22 08:01:01.093,1.30013,1.30036,1.50,2.60
2012.05.22 08:01:01.361,1.3001,1.30035,2.25,2.25
2012.05.22 08:01:01.954,1.3001,1.30035,1.50,2.85
2012.05.22 08:01:02.093,1.30008,1.30031,1.50,2.25
2012.05.22 08:01:04.694,1.30006,1.30028,2.25,2.25
2012.05.22 08:01:04.764,1.30009,1.3003,1.50,1.50
2012.05.22 08:01:05.762,1.30006,1.30029,2.66,2.25
2012.05.22 08:01:05.834,1.3001,1.30033,1.50,1.50
2012.05.22 08:01:05.903,1.3001,1.30033,1.50,1.50
2012.05.22 08:01:06.517,1.30007,1.30032,2.25,1.50
2012.05.22 08:01:06.836,1.30011,1.30034,1.50,3.00
2012.05.22 08:01:07.343,1.30009,1.30035,2.25,1.85
2012.05.22 08:01:07.951,1.30009,1.30035,2.25,1.10
2012.05.22 08:01:09.213,1.30008,1.30033,2.25,1.50
2012.05.22 08:01:11.478,1.30013,1.30036,2.25,1.85
2012.05.22 08:01:11.809,1.30017,1.30039,1.50,1.70
2012.05.22 08:01:12.078,1.30017,1.30039,1.50,1.35
2012.05.22 08:01:12.424,1.30019,1.3004,2.25,2.85
2012.05.22 08:01:12.743,1.3003,1.30044,1.50,1.05
2012.05.22 08:01:12.886,1.30027,1.30048,1.50,2.10
2012.05.22 08:01:13.076,1.30027,1.30048,1.50,2.10
2012.05.22 08:01:14.033,1.30027,1.3005,1.50,2.25
2012.05.22 08:01:16.607,1.3003,1.30048,1.50,1.50
2012.05.22 08:01:16.912,1.30028,1.3005,1.50,1.50
2012.05.22 08:01:17.303,1.30025,1.30048,1.50,2.25
2012.05.22 08:01:17.832,1.30025,1.30048,1.50,2.25
2012.05.22 08:01:18.537,1.30029,1.30049,1.50,1.50
2012.05.22 08:01:18.663,1.30025,1.30049,1.50,3.00
2012.05.22 08:01:18.852,1.30028,1.30049,1.50,3.00
2012.05.22 08:01:19.227,1.3003,1.30049,1.50,1.50
2012.05.22 08:01:19.354,1.30028,1.30049,1.50,1.50
2012.05.22 08:01:19.765,1.30025,1.30048,1.50,2.85
2012.05.22 08:01:19.834,1.30025,1.30046,1.50,2.25
2012.05.22 08:01:19.904,1.3002,1.30045,3.00,2.25
2012.05.22 08:01:20.033,1.30024,1.30046,2.25,2.25
2012.05.22 08:01:20.177,1.30027,1.30049,3.00,3.00
2012.05.22 08:01:20.249,1.30029,1.30049,1.50,1.50
2012.05.22 08:01:20.595,1.30029,1.30049,1.50,2.10
2012.05.22 08:01:20.665,1.30029,1.30049,1.50,2.10
2012.05.22 08:01:20.973,1.30029,1.30053,2.25,2.25
2012.05.22 08:01:21.395,1.30032,1.30054,1.50,1.50
2012.05.22 08:01:21.712,1.30032,1.30051,1.50,1.35
2012.05.22 08:01:22.637,1.30033,1.30054,1.50,1.50
2012.05.22 08:01:22.706,1.30033,1.30054,1.50,1.50
2012.05.22 08:01:22.775,1.30036,1.30054,1.50,1.50
2012.05.22 08:01:22.845,1.30036,1.30058,1.50,1.35
2012.05.22 08:01:22.987,1.30036,1.30058,1.50,1.35
2012.05.22 08:01:23.175,1.30034,1.30056,1.50,2.25
2012.05.22 08:01:23.735,1.30033,1.30056,1.50,2.25
2012.05.22 08:01:23.802,1.30035,1.30058,1.50,2.85
2012.05.22 08:01:24.250,1.30043,1.3006,1.50,1.10
2012.05.22 08:01:24.329,1.30041,1.30063,1.50,1.85
2012.05.22 08:01:24.407,1.3004,1.30063,1.50,1.50
2012.05.22 08:01:24.884,1.30043,1.30064,1.50,1.13
2012.05.22 08:01:26.314,1.30041,1.30063,2.25,1.50
2012.05.22 08:01:26.393,1.30042,1.30065,1.50,1.85
2012.05.22 08:01:26.536,1.30039,1.30064,2.25,2.25
2012.05.22 08:01:26.675,1.30042,1.30065,1.50,1.10
2012.05.22 08:01:26.863,1.3004,1.30063,2.25,2.25
2012.05.22 08:01:27.005,1.30042,1.30062,1.50,1.35
2012.05.22 08:01:27.142,1.30037,1.30062,2.25,2.85
2012.05.22 08:01:27.356,1.30035,1.30057,1.50,1.50
2012.05.22 08:01:27.568,1.30037,1.3006,2.25,1.50
2012.05.22 08:01:27.718,1.30042,1.30062,1.50,1.35
2012.05.22 08:01:28.055,1.30045,1.30064,1.50,2.25
2012.05.22 08:01:28.606,1.30042,1.30065,2.25,1.50
2012.05.22 08:01:29.052,1.30042,1.30067,3.00,2.60
2012.05.22 08:01:29.245,1.30045,1.30067,1.50,1.10
2012.05.22 08:01:29.446,1.30042,1.30067,3.00,2.25
2012.05.22 08:01:29.762,1.30044,1.30067,1.50,2.25
2012.05.22 08:01:30.116,1.30048,1.30073,2.25,2.25
2012.05.22 08:01:30.529,1.30045,1.30067,1.50,2.25
2012.05.22 08:01:31.045,1.30047,1.30072,2.25,2.25
2012.05.22 08:01:31.397,1.30044,1.30069,1.50,2.25
2012.05.22 08:01:31.539,1.30042,1.30062,1.50,1.50
2012.05.22 08:01:31.873,1.30039,1.30062,1.50,2.25
2012.05.22 08:01:32.196,1.30045,1.30063,1.50,1.50
2012.05.22 08:01:32.625,1.30041,1.30065,1.50,1.50
2012.05.22 08:01:33.452,1.30038,1.30063,1.50,2.25
2012.05.22 08:01:34.194,1.3004,1.30063,1.50,2.25
2012.05.22 08:01:34.593,1.30043,1.30064,1.50,1.35
2012.05.22 08:01:35.147,1.30044,1.30063,1.50,1.50
2012.05.22 08:01:35.216,1.30042,1.30063,1.50,1.50
2012.05.22 08:01:35.483,1.30044,1.30063,1.50,1.50
2012.05.22 08:01:35.754,1.3004,1.30063,3.00,1.50
2012.05.22 08:01:35.899,1.30045,1.30066,1.50,2.25
2012.05.22 08:01:36.246,1.30047,1.30068,1.50,1.50
2012.05.22 08:01:37.715,1.30042,1.30065,1.50,2.25
2012.05.22 08:01:38.026,1.30047,1.30069,1.50,1.50
2012.05.22 08:01:39.221,1.30045,1.30068,1.50,2.25
2012.05.22 08:01:39.294,1.30043,1.30068,2.25,2.25
2012.05.22 08:01:39.364,1.30047,1.30069,1.50,3.00
2012.05.22 08:01:40.031,1.30044,1.30068,1.50,2.25
2012.05.22 08:01:40.102,1.30043,1.30068,3.00,2.25
2012.05.22 08:01:42.222,1.30046,1.30071,1.50,3.75
2012.05.22 08:01:43.762,1.30046,1.30071,1.50,3.75
2012.05.22 08:01:44.139,1.30043,1.30066,1.50,2.25
2012.05.22 08:01:44.286,1.30039,1.30062,2.25,2.25
2012.05.22 08:01:44.614,1.30037,1.30057,3.00,1.50
2012.05.22 08:01:44.684,1.30038,1.30063,2.25,2.25
2012.05.22 08:01:44.753,1.30038,1.30063,1.50,2.25
2012.05.22 08:01:45.147,1.30042,1.3006,1.50,2.25
2012.05.22 08:01:45.433,1.3004,1.30064,1.50,1.85
2012.05.22 08:01:45.565,1.3004,1.30064,2.25,1.85
2012.05.22 08:01:45.823,1.30037,1.3006,2.25,1.50
2012.05.22 08:01:45.895,1.30041,1.30064,2.25,3.35
2012.05.22 08:01:47.103,1.30038,1.30061,2.25,1.50
2012.05.22 08:01:49.086,1.30042,1.30064,1.50,1.85
2012.05.22 08:01:50.018,1.30039,1.30064,2.25,3.00
2012.05.22 08:01:50.153,1.30039,1.30064,2.25,3.00
2012.05.22 08:01:50.466,1.30042,1.30064,1.50,1.85
2012.05.22 08:01:51.204,1.30042,1.30064,1.50,1.85
2012.05.22 08:01:54.865,1.30045,1.30064,1.50,1.50
2012.05.22 08:01:54.996,1.30045,1.30065,1.50,1.50
2012.05.22 08:01:55.548,1.30045,1.30064,2.25,1.50
2012.05.22 08:01:57.783,1.30042,1.30067,2.25,3.35
2012.05.22 08:01:58.041,1.30046,1.30068,2.25,1.10
2012.05.22 08:02:00.904,1.30048,1.30067,1.50,1.10
2012.05.22 08:02:01.039,1.3005,1.30069,2.25,1.10
2012.05.22 08:02:01.364,1.30053,1.30073,2.25,1.85
2012.05.22 08:02:01.686,1.30055,1.30073,2.25,1.85
2012.05.22 08:02:02.121,1.30055,1.30076,2.25,1.50
2012.05.22 08:02:02.192,1.30055,1.30076,2.25,1.50
2012.05.22 08:02:06.734,1.30055,1.30076,1.50,1.50
2012.05.22 08:02:07.255,1.30055,1.30077,2.25,1.10
2012.05.22 08:02:07.383,1.30055,1.30076,1.50,1.50
2012.05.22 08:02:08.393,1.30055,1.30076,2.25,1.50
2012.05.22 08:02:08.526,1.30055,1.30076,2.25,2.25
2012.05.22 08:02:08.667,1.30056,1.30076,1.50,2.85
2012.05.22 08:02:08.808,1.30052,1.30071,1.13,1.50
2012.05.22 08:02:08.957,1.30054,1.30077,1.50,4.85
2012.05.22 08:02:09.088,1.30048,1.30068,2.25,1.50
2012.05.22 08:02:09.159,1.30053,1.30075,1.50,2.25
2012.05.22 08:02:09.234,1.30053,1.30075,1.50,2.25
2012.05.22 08:02:09.597,1.30056,1.30076,1.50,1.50
2012.05.22 08:02:09.671,1.30049,1.30074,2.25,2.25
2012.05.22 08:02:09.887,1.30053,1.30076,1.50,3.00
2012.05.22 08:02:10.244,1.30053,1.30076,2.25,3.00
2012.05.22 08:02:10.745,1.30053,1.30076,2.25,3.00
2012.05.22 08:02:11.225,1.3006,1.30077,1.50,1.85
2012.05.22 08:02:11.294,1.30056,1.30077,1.50,1.85
2012.05.22 08:02:11.424,1.30056,1.30077,1.50,1.85
2012.05.22 08:02:11.495,1.30052,1.30074,1.50,1.50
2012.05.22 08:02:11.980,1.30052,1.30075,2.07,3.00
2012.05.22 08:02:12.194,1.30052,1.30073,3.00,1.10
2012.05.22 08:02:12.753,1.30051,1.30073,1.50,1.10
2012.05.22 08:02:13.537,1.30047,1.30072,2.25,1.50
2012.05.22 08:02:13.926,1.30047,1.30072,2.25,2.25
2012.05.22 08:02:16.026,1.30046,1.30066,1.50,1.50
2012.05.22 08:02:16.094,1.30046,1.30066,1.50,1.50
2012.05.22 08:02:16.164,1.30046,1.30064,1.50,1.50
2012.05.22 08:02:16.674,1.30045,1.30063,1.50,1.50
2012.05.22 08:02:17.068,1.30044,1.30066,1.50,1.50
2012.05.22 08:02:17.144,1.30044,1.30063,1.50,1.50
2012.05.22 08:02:17.279,1.30048,1.30071,2.25,2.25
2012.05.22 08:02:20.253,1.3005,1.30073,1.50,1.50
2012.05.22 08:02:20.685,1.30048,1.30069,2.25,1.50
2012.05.22 08:02:21.024,1.3005,1.30068,1.50,1.50
2012.05.22 08:02:21.091,1.30045,1.30068,2.25,1.50
2012.05.22 08:02:21.341,1.30051,1.30068,1.50,1.50
2012.05.22 08:02:21.413,1.30048,1.30067,1.50,2.25
2012.05.22 08:02:21.542,1.30051,1.30068,1.50,2.25
2012.05.22 08:02:22.077,1.3005,1.30068,1.50,1.50
2012.05.22 08:02:22.495,1.30044,1.30067,2.25,2.85
2012.05.22 08:02:22.621,1.30058,1.30067,1.50,2.10
2012.05.22 08:02:22.691,1.30044,1.30067,2.25,3.60
2012.05.22 08:02:22.762,1.30055,1.30067,1.50,3.60
2012.05.22 08:02:22.832,1.30044,1.30067,2.25,4.35
2012.05.22 08:02:22.903,1.30044,1.30067,1.50,4.35
2012.05.22 08:02:22.973,1.30041,1.30063,2.25,2.25
2012.05.22 08:02:23.173,1.30038,1.30059,3.00,1.50
2012.05.22 08:02:23.587,1.30037,1.30059,2.25,2.55
2012.05.22 08:02:25.077,1.30037,1.30059,2.25,1.10
2012.05.22 08:02:25.646,1.30037,1.30061,3.00,1.50
2012.05.22 08:02:25.904,1.3004,1.30061,1.50,1.10
2012.05.22 08:02:26.246,1.30043,1.30065,1.50,1.85
2012.05.22 08:02:26.782,1.30041,1.30064,1.50,2.60
2012.05.22 08:02:26.853,1.3004,1.30064,3.00,3.60
2012.05.22 08:02:27.152,1.3004,1.30064,2.25,3.60
2012.05.22 08:02:28.152,1.30041,1.30064,1.50,3.60
2012.05.22 08:02:28.684,1.30042,1.30064,1.50,1.50
2012.05.22 08:02:30.316,1.30039,1.30064,3.00,2.60
2012.05.22 08:02:30.619,1.30045,1.30065,1.50,1.10
2012.05.22 08:02:30.977,1.3005,1.3007,1.50,1.10
2012.05.22 08:02:31.046,1.30046,1.3007,1.50,2.60
2012.05.22 08:02:31.604,1.30048,1.3007,1.50,1.50
2012.05.22 08:02:32.704,1.30046,1.3007,1.50,2.60
2012.05.22 08:02:32.899,1.30049,1.30069,1.50,1.35
2012.05.22 08:02:33.103,1.3005,1.30071,1.50,1.50
2012.05.22 08:02:34.787,1.3005,1.30072,2.25,1.35
2012.05.22 08:02:35.065,1.3005,1.30071,1.50,1.35
2012.05.22 08:02:35.211,1.30048,1.30066,2.25,1.50
2012.05.22 08:02:35.406,1.30051,1.30073,3.00,1.13
2012.05.22 08:02:35.753,1.30054,1.30074,2.25,1.28
2012.05.22 08:02:36.075,1.30054,1.30076,2.25,1.50
2012.05.22 08:02:37.042,1.30052,1.30076,1.50,2.60
2012.05.22 08:02:38.014,1.30055,1.30076,3.00,2.45
2012.05.22 08:02:38.545,1.30055,1.30075,1.50,1.50
2012.05.22 08:02:38.688,1.30048,1.3007,2.25,2.25
2012.05.22 08:02:38.895,1.30046,1.3007,1.50,4.10
2012.05.22 08:02:39.235,1.30045,1.30067,1.50,1.35
2012.05.22 08:02:39.577,1.30048,1.3007,1.50,1.85
2012.05.22 08:02:39.717,1.30048,1.3007,2.25,1.10
2012.05.22 08:02:39.986,1.30047,1.30066,2.25,1.50
2012.05.22 08:02:40.529,1.30048,1.30069,1.50,1.70
2012.05.22 08:02:41.406,1.30042,1.30067,3.00,2.10
2012.05.22 08:02:48.346,1.30043,1.30066,2.25,1.50
2012.05.22 08:02:48.843,1.30045,1.30067,2.25,1.35
2012.05.22 08:02:48.974,1.30045,1.30068,2.25,2.85
2012.05.22 08:02:49.295,1.30043,1.30065,2.25,1.50
2012.05.22 08:02:49.427,1.30044,1.30069,2.25,2.85
2012.05.22 08:02:49.569,1.30041,1.30061,2.25,1.50
2012.05.22 08:02:49.718,1.30042,1.30064,2.25,2.10
2012.05.22 08:02:49.936,1.30044,1.30065,1.50,2.97
2012.05.22 08:02:50.284,1.30047,1.30071,2.25,1.10
2012.05.22 08:02:50.426,1.30051,1.30072,1.50,1.85
2012.05.22 08:02:50.672,1.30049,1.30072,2.25,1.85
2012.05.22 08:02:50.864,1.30048,1.30069,2.25,1.50
2012.05.22 08:02:51.194,1.30041,1.30063,1.50,1.50
2012.05.22 08:02:51.262,1.30041,1.30063,1.50,1.50
2012.05.22 08:02:51.806,1.30043,1.30065,3.00,1.50
2012.05.22 08:02:51.942,1.30045,1.30068,2.25,2.25
2012.05.22 08:02:52.019,1.30043,1.30065,3.75,1.50
2012.05.22 08:02:52.152,1.30043,1.30065,3.75,1.50
2012.05.22 08:02:52.531,1.30044,1.30063,2.25,1.50
2012.05.22 08:02:52.609,1.30044,1.30068,2.25,1.85
2012.05.22 08:02:52.687,1.30045,1.30069,1.50,1.85
2012.05.22 08:02:52.826,1.30047,1.30071,2.25,1.50
2012.05.22 08:02:52.894,1.30052,1.30075,1.50,2.60
2012.05.22 08:02:53.236,1.30048,1.30073,1.50,2.25
2012.05.22 08:02:53.852,1.30046,1.30069,1.50,1.50
2012.05.22 08:02:54.177,1.30043,1.30065,2.25,2.25
2012.05.22 08:02:54.306,1.30043,1.30065,1.50,2.25
2012.05.22 08:02:54.647,1.30046,1.30066,1.50,2.10
2012.05.22 08:02:54.784,1.30043,1.30066,1.50,1.35
2012.05.22 08:02:55.304,1.30041,1.30063,1.50,1.50
2012.05.22 08:02:55.371,1.3004,1.30063,3.00,2.25
2012.05.22 08:02:55.939,1.3004,1.30063,2.25,3.00
2012.05.22 08:02:56.975,1.30036,1.30061,2.25,1.50
2012.05.22 08:02:57.296,1.30034,1.30058,1.50,1.50
2012.05.22 08:02:57.482,1.30036,1.30061,2.25,2.25
2012.05.22 08:02:58.949,1.30036,1.30061,2.25,2.25
2012.05.22 08:02:59.607,1.30036,1.30061,2.25,2.25
2012.05.22 08:02:59.843,1.30036,1.30061,2.25,2.25
2012.05.22 08:03:00.183,1.30034,1.30054,1.50,1.50
2012.05.22 08:03:00.255,1.30034,1.30058,1.50,3.00
2012.05.22 08:03:00.774,1.30034,1.30057,3.00,1.50
2012.05.22 08:03:01.325,1.30033,1.30056,3.00,1.50
2012.05.22 08:03:01.642,1.30036,1.30059,2.25,3.00
2012.05.22 08:03:03.861,1.30038,1.30061,2.25,1.85
2012.05.22 08:03:04.052,1.30034,1.30059,2.25,2.25
2012.05.22 08:03:06.382,1.30034,1.30059,2.25,1.50
2012.05.22 08:03:08.296,1.30038,1.30061,2.25,3.20
2012.05.22 08:03:08.813,1.30038,1.3006,2.25,1.50
2012.05.22 08:03:09.660,1.30038,1.30061,2.25,3.60
2012.05.22 08:03:11.805,1.30035,1.30058,2.25,1.50
2012.05.22 08:03:12.977,1.30037,1.30061,2.25,1.10
2012.05.22 08:03:13.313,1.30039,1.30062,1.50,2.25
2012.05.22 08:03:13.584,1.30044,1.30067,2.25,3.00
2012.05.22 08:03:14.192,1.30042,1.30065,2.25,1.50
2012.05.22 08:03:14.414,1.30045,1.30067,1.50,1.50
2012.05.22 08:03:14.902,1.3004,1.30065,2.25,1.50
2012.05.22 08:03:15.564,1.30044,1.30067,2.25,1.50
2012.05.22 08:03:15.634,1.30044,1.30068,2.25,1.50
2012.05.22 08:03:15.969,1.30042,1.30065,2.25,1.50
2012.05.22 08:03:16.184,1.30039,1.30064,2.25,1.50
2012.05.22 08:03:16.616,1.30039,1.30062,2.25,1.50
2012.05.22 08:03:17.077,1.30041,1.30059,2.25,1.50
2012.05.22 08:03:17.277,1.30039,1.30061,3.00,1.50
2012.05.22 08:03:17.792,1.30039,1.30062,3.00,1.50
2012.05.22 08:03:18.315,1.30038,1.30058,1.50,1.50
2012.05.22 08:03:18.444,1.30039,1.30061,1.50,1.50
2012.05.22 08:03:19.274,1.30036,1.30058,3.00,1.50
2012.05.22 08:03:19.664,1.30035,1.30058,3.00,1.50
2012.05.22 08:03:19.735,1.30039,1.30061,2.25,2.25
2012.05.22 08:03:19.933,1.30038,1.30058,2.25,1.50
2012.05.22 08:03:20.003,1.30037,1.3006,2.25,1.50
2012.05.22 08:03:20.073,1.30037,1.30062,2.25,3.00
2012.05.22 08:03:20.604,1.30041,1.30063,1.50,2.60
2012.05.22 08:03:21.566,1.30038,1.30061,2.25,1.50
2012.05.22 08:03:21.945,1.30038,1.30063,2.25,2.60
2012.05.22 08:03:22.016,1.30035,1.30058,2.25,1.50
2012.05.22 08:03:22.086,1.30037,1.3006,2.25,1.50
2012.05.22 08:03:22.584,1.30037,1.30062,2.25,1.85
2012.05.22 08:03:22.776,1.30035,1.30059,2.25,1.50
2012.05.22 08:03:26.381,1.30034,1.30059,3.60,1.50
2012.05.22 08:03:26.763,1.30038,1.30061,2.25,1.58
2012.05.22 08:03:28.638,1.30038,1.30061,2.25,2.25
2012.05.22 08:03:32.452,1.30038,1.30061,2.25,3.38
2012.05.22 08:03:32.817,1.30032,1.30053,2.25,1.50
2012.05.22 08:03:32.894,1.3003,1.30053,1.50,2.25
2012.05.22 08:03:32.969,1.30033,1.30054,1.50,2.25
2012.05.22 08:03:33.311,1.30041,1.30056,1.50,1.10
2012.05.22 08:03:33.846,1.30041,1.30056,1.50,1.10
2012.05.22 08:03:34.342,1.30037,1.30056,1.50,2.45
2012.05.22 08:03:34.608,1.30034,1.30056,1.50,2.60
2012.05.22 08:03:34.828,1.30026,1.30048,2.25,3.00
2012.05.22 08:03:34.908,1.30026,1.30047,1.50,1.50
2012.05.22 08:03:35.245,1.30021,1.30042,1.50,1.50
2012.05.22 08:03:35.455,1.30016,1.30037,1.50,1.50
2012.05.22 08:03:36.678,1.30018,1.30037,1.50,1.50
2012.05.22 08:03:36.825,1.30017,1.3004,3.00,1.85
2012.05.22 08:03:37.082,1.30022,1.30044,1.50,1.28
2012.05.22 08:03:37.418,1.30027,1.30047,1.50,1.10
2012.05.22 08:03:37.824,1.30024,1.30047,2.25,1.85
2012.05.22 08:03:38.074,1.30027,1.30048,1.50,1.10
2012.05.22 08:03:38.142,1.30027,1.30049,1.50,1.10
2012.05.22 08:03:38.781,1.30025,1.30047,2.25,1.50
2012.05.22 08:03:38.971,1.30025,1.30047,2.25,1.50
2012.05.22 08:03:39.313,1.30027,1.30049,2.25,1.10
2012.05.22 08:03:40.084,1.30029,1.30049,1.50,1.10
2012.05.22 08:03:40.604,1.30027,1.30051,2.25,1.10
2012.05.22 08:03:41.558,1.30027,1.30051,2.25,1.10
2012.05.22 08:03:41.874,1.30026,1.30048,2.25,1.50
2012.05.22 08:03:42.262,1.30027,1.30051,1.50,1.85
2012.05.22 08:03:43.222,1.30027,1.30051,1.50,1.10
2012.05.22 08:03:43.819,1.30027,1.30051,1.50,1.85
2012.05.22 08:03:44.363,1.30027,1.30051,1.50,1.85
2012.05.22 08:03:45.218,1.30027,1.30051,2.25,1.10
2012.05.22 08:03:45.734,1.30027,1.30051,2.25,1.10
2012.05.22 08:03:46.261,1.30029,1.3005,1.50,1.10
2012.05.22 08:03:46.333,1.30026,1.30049,2.25,2.25
2012.05.22 08:03:46.894,1.30029,1.3005,1.50,1.10
2012.05.22 08:03:47.317,1.30031,1.3005,1.50,1.10
2012.05.22 08:03:47.473,1.30028,1.3005,1.50,1.10
2012.05.22 08:03:47.602,1.30031,1.30049,1.50,1.10
2012.05.22 08:03:48.283,1.30029,1.3005,1.50,1.10
2012.05.22 08:03:48.352,1.30032,1.3005,1.50,1.10
2012.05.22 08:03:50.035,1.30028,1.30053,2.25,2.25
2012.05.22 08:03:50.104,1.30032,1.30054,1.50,2.60
2012.05.22 08:03:50.422,1.30034,1.30052,1.50,1.50
2012.05.22 08:03:50.694,1.30032,1.30052,1.50,1.50
2012.05.22 08:03:52.916,1.30028,1.30051,2.25,1.50
2012.05.22 08:03:53.334,1.30028,1.30053,3.75,1.50
2012.05.22 08:03:53.465,1.3003,1.30053,1.50,1.50
2012.05.22 08:03:53.805,1.30038,1.30058,1.50,1.28
2012.05.22 08:03:53.877,1.30038,1.30058,3.00,1.10
2012.05.22 08:03:53.945,1.30041,1.3006,1.50,1.10
2012.05.22 08:03:54.083,1.30037,1.3006,1.50,2.60
2012.05.22 08:03:54.333,1.30039,1.3006,1.50,1.10
2012.05.22 08:03:54.404,1.30037,1.3006,1.50,2.60
2012.05.22 08:03:54.934,1.30035,1.30058,2.25,1.10
2012.05.22 08:03:55.144,1.30039,1.30058,1.50,1.10
2012.05.22 08:03:55.347,1.30036,1.30058,2.25,1.10
2012.05.22 08:03:55.415,1.30039,1.30058,1.50,1.10
2012.05.22 08:03:55.626,1.30037,1.30058,1.50,1.10
2012.05.22 08:03:55.901,1.30039,1.30059,1.50,1.10
2012.05.22 08:03:55.976,1.30034,1.30057,2.25,2.25
2012.05.22 08:03:57.877,1.30038,1.30058,1.50,1.10
2012.05.22 08:04:01.264,1.30034,1.30052,1.50,1.50
2012.05.22 08:04:01.397,1.30034,1.30057,1.50,1.50
2012.05.22 08:04:01.466,1.30034,1.30055,1.50,1.50
2012.05.22 08:04:01.654,1.30028,1.30048,2.25,1.50
2012.05.22 08:04:01.726,1.3003,1.30052,1.50,1.10
2012.05.22 08:04:01.914,1.30032,1.30052,1.50,1.10
2012.05.22 08:04:02.124,1.3003,1.30053,1.50,1.10
2012.05.22 08:04:04.555,1.3003,1.30049,1.50,1.50
2012.05.22 08:04:04.626,1.30024,1.30047,1.50,2.25
2012.05.22 08:04:04.696,1.30027,1.30049,1.50,2.10
2012.05.22 08:04:05.033,1.30033,1.30052,1.50,1.85
2012.05.22 08:04:05.385,1.3003,1.30048,1.50,1.10
2012.05.22 08:04:06.833,1.3003,1.30046,1.50,1.10
2012.05.22 08:04:07.025,1.30024,1.30046,1.50,1.10
2012.05.22 08:04:07.542,1.30024,1.30045,1.50,1.85
2012.05.22 08:04:07.733,1.3002,1.30043,2.25,2.25
2012.05.22 08:04:07.802,1.30022,1.30045,1.50,1.10
2012.05.22 08:04:09.635,1.30025,1.30045,1.50,1.10
2012.05.22 08:04:10.775,1.3003,1.30045,1.50,1.10
2012.05.22 08:04:10.846,1.3003,1.30047,1.50,1.10
2012.05.22 08:04:10.916,1.30023,1.30044,1.35,1.50
2012.05.22 08:04:10.987,1.30027,1.30047,1.50,1.10
2012.05.22 08:04:11.124,1.30024,1.30047,2.78,1.85
2012.05.22 08:04:11.195,1.30029,1.30049,1.50,3.35
2012.05.22 08:04:11.395,1.30027,1.3005,3.00,2.25
2012.05.22 08:04:11.902,1.30027,1.30048,1.50,1.50
2012.05.22 08:04:11.972,1.30029,1.30048,1.50,1.50
2012.05.22 08:04:12.292,1.30027,1.3005,1.50,2.25
2012.05.22 08:04:12.794,1.30021,1.30045,3.00,1.85
2012.05.22 08:04:13.124,1.30024,1.30045,1.50,1.10
2012.05.22 08:04:13.266,1.30018,1.30041,2.25,1.50
2012.05.22 08:04:13.405,1.30018,1.30043,2.25,2.25
2012.05.22 08:04:13.609,1.30022,1.30044,1.50,1.50
2012.05.22 08:04:13.926,1.30022,1.30044,1.50,2.25
2012.05.22 08:04:14.136,1.30023,1.30044,1.50,1.10
2012.05.22 08:04:14.325,1.30023,1.30045,1.50,1.10
2012.05.22 08:04:14.523,1.30022,1.30045,2.25,1.10
2012.05.22 08:04:15.177,1.30019,1.30044,2.25,2.25
2012.05.22 08:04:15.505,1.30019,1.30044,2.25,2.60
2012.05.22 08:04:16.326,1.30018,1.30039,1.50,1.10
2012.05.22 08:04:16.451,1.30016,1.30039,1.50,1.10
2012.05.22 08:04:16.603,1.30013,1.30036,3.00,1.50
2012.05.22 08:04:16.942,1.30012,1.30034,3.00,1.35
2012.05.22 08:04:17.255,1.30013,1.30033,1.50,2.25
2012.05.22 08:04:17.324,1.3001,1.30033,3.75,2.25
2012.05.22 08:04:17.525,1.30013,1.30036,1.50,2.25
2012.05.22 08:04:17.863,1.30017,1.30038,1.50,1.10
2012.05.22 08:04:18.146,1.30019,1.30038,1.50,1.10
2012.05.22 08:04:18.415,1.30019,1.30042,1.50,1.35
2012.05.22 08:04:19.173,1.30017,1.3004,2.25,2.25
2012.05.22 08:04:19.702,1.30019,1.3004,1.50,1.10
2012.05.22 08:04:19.835,1.30017,1.3004,1.50,2.60
2012.05.22 08:04:20.284,1.30017,1.3004,1.50,2.60
2012.05.22 08:04:22.390,1.30017,1.30039,1.50,1.10
2012.05.22 08:04:22.833,1.30016,1.30039,1.50,1.10
2012.05.22 08:04:22.906,1.30012,1.30032,1.50,2.25
2012.05.22 08:04:22.976,1.30011,1.30032,1.50,2.25
2012.05.22 08:04:23.115,1.30015,1.30039,2.25,1.35
2012.05.22 08:04:23.244,1.30012,1.30037,3.00,2.25
2012.05.22 08:04:23.315,1.30016,1.30039,1.50,2.85
2012.05.22 08:04:23.912,1.30016,1.30039,1.50,2.60
2012.05.22 08:04:24.055,1.30018,1.3004,1.50,1.10
2012.05.22 08:04:25.712,1.30018,1.30042,1.50,1.50
2012.05.22 08:04:26.226,1.30022,1.30042,1.50,1.10
2012.05.22 08:04:26.605,1.30022,1.30042,1.50,1.10
2012.05.22 08:04:26.734,1.30025,1.30042,1.50,1.10
2012.05.22 08:04:27.478,1.30027,1.30048,1.50,1.50
2012.05.22 08:04:27.545,1.30027,1.30048,1.50,1.50
2012.05.22 08:04:28.055,1.30026,1.30049,1.50,2.25
2012.05.22 08:04:28.186,1.30025,1.30045,3.00,1.50
2012.05.22 08:04:28.493,1.30025,1.3005,3.00,2.25
2012.05.22 08:04:29.806,1.30026,1.30051,1.50,4.35
2012.05.22 08:04:30.067,1.30022,1.30045,3.00,2.25
2012.05.22 08:04:30.473,1.30024,1.30049,2.25,2.25
2012.05.22 08:04:30.546,1.30027,1.3005,1.50,1.10
2012.05.22 08:04:31.315,1.30024,1.30049,2.25,2.60
2012.05.22 08:04:31.806,1.30029,1.3005,1.50,2.60
2012.05.22 08:04:32.165,1.30024,1.30049,3.00,2.25
2012.05.22 08:04:32.233,1.30026,1.30049,1.50,2.25
2012.05.22 08:04:32.793,1.30027,1.3005,1.50,1.10
2012.05.22 08:04:35.244,1.30027,1.3005,2.25,1.10
2012.05.22 08:04:35.574,1.30032,1.30053,1.50,1.50
2012.05.22 08:04:35.764,1.30025,1.3005,2.25,2.25
2012.05.22 08:04:36.157,1.30028,1.30053,1.50,3.00
2012.05.22 08:04:37.957,1.30028,1.30053,2.25,3.00
2012.05.22 08:04:38.026,1.30026,1.30047,2.25,1.50
2012.05.22 08:04:38.096,1.30025,1.30047,1.50,1.50
2012.05.22 08:04:38.166,1.30026,1.30051,1.50,2.25
2012.05.22 08:04:39.922,1.30024,1.30047,2.25,1.50
2012.05.22 08:04:40.745,1.30027,1.3005,1.50,3.75
2012.05.22 08:04:41.078,1.30027,1.3005,1.50,2.25
2012.05.22 08:04:41.358,1.30021,1.30045,2.25,2.25
2012.05.22 08:04:41.435,1.3002,1.30045,1.88,2.25
2012.05.22 08:04:42.018,1.30021,1.30044,1.88,2.25
2012.05.22 08:04:42.099,1.30018,1.30041,2.25,2.25
2012.05.22 08:04:43.804,1.30019,1.30039,1.50,1.50
2012.05.22 08:04:45.462,1.30019,1.30039,1.50,1.50
2012.05.22 08:04:45.774,1.30024,1.30044,1.50,1.10
2012.05.22 08:04:46.515,1.30021,1.30044,2.25,1.10
2012.05.22 08:04:47.236,1.3002,1.30043,1.50,1.10
2012.05.22 08:04:47.674,1.3002,1.30043,2.25,1.10
2012.05.22 08:04:48.043,1.3002,1.30043,1.50,1.10
2012.05.22 08:04:48.195,1.30023,1.30043,1.50,1.10
2012.05.22 08:04:52.253,1.30021,1.30043,1.50,2.25
2012.05.22 08:04:52.803,1.3002,1.30043,1.50,2.60
2012.05.22 08:04:53.536,1.30022,1.30044,1.50,1.10
2012.05.22 08:04:53.846,1.30019,1.30042,1.50,2.25
2012.05.22 08:04:54.063,1.30017,1.30039,2.25,2.25
2012.05.22 08:04:54.414,1.30017,1.30039,1.50,2.25
2012.05.22 08:04:54.602,1.30016,1.30039,2.25,2.25
2012.05.22 08:04:55.583,1.30019,1.30039,1.50,1.10
2012.05.22 08:04:56.928,1.30016,1.30038,2.63,1.50
2012.05.22 08:04:57.382,1.30014,1.30037,2.25,3.00
2012.05.22 08:04:57.455,1.30016,1.30036,1.50,1.10
2012.05.22 08:04:57.773,1.30021,1.30036,1.50,1.10
2012.05.22 08:04:57.844,1.30018,1.30036,1.50,1.10
2012.05.22 08:04:57.917,1.30021,1.30036,1.50,1.10
2012.05.22 08:04:57.985,1.30019,1.30036,1.50,1.10
2012.05.22 08:04:58.055,1.30014,1.30036,2.25,1.10
2012.05.22 08:04:58.200,1.30014,1.30037,1.50,2.25
2012.05.22 08:04:58.281,1.30015,1.30038,3.00,1.50
2012.05.22 08:04:58.556,1.30016,1.30038,1.50,1.50
2012.05.22 08:04:58.884,1.3002,1.30041,2.25,1.85
2012.05.22 08:04:59.216,1.30015,1.30037,1.50,1.50
2012.05.22 08:04:59.414,1.30015,1.30034,1.50,1.50
2012.05.22 08:04:59.767,1.30015,1.30039,2.25,1.50
2012.05.22 08:04:59.954,1.30015,1.30039,3.00,1.50
2012.05.22 08:05:00.473,1.30014,1.30033,1.50,1.50
2012.05.22 08:05:00.806,1.30013,1.30029,1.50,1.50
2012.05.22 08:05:01.850,1.30013,1.3003,1.50,1.50
2012.05.22 08:05:02.206,1.30017,1.30034,1.50,1.50
2012.05.22 08:05:02.277,1.30016,1.30036,2.25,1.50
2012.05.22 08:05:02.347,1.30016,1.30041,2.25,3.20
2012.05.22 08:05:02.415,1.30015,1.30034,2.25,1.50
2012.05.22 08:05:02.483,1.30014,1.30034,1.50,1.50
2012.05.22 08:05:02.734,1.30014,1.30032,1.50,1.50
2012.05.22 08:05:03.812,1.30011,1.30028,2.25,1.50
2012.05.22 08:05:04.984,1.30011,1.30031,2.25,3.00
2012.05.22 08:05:06.862,1.30015,1.30034,1.50,1.85
2012.05.22 08:05:07.305,1.30012,1.30034,1.50,2.45
2012.05.22 08:05:07.613,1.30012,1.3003,1.50,1.50
2012.05.22 08:05:07.985,1.30012,1.30033,1.50,1.50
2012.05.22 08:05:08.257,1.30012,1.30031,1.50,1.50
2012.05.22 08:05:08.836,1.30012,1.30026,1.50,1.50
2012.05.22 08:05:09.157,1.3001,1.30018,1.50,1.50
2012.05.22 08:05:09.423,1.30006,1.30023,1.50,1.85
2012.05.22 08:05:09.495,1.30006,1.3002,1.50,1.50
2012.05.22 08:05:10.024,1.30006,1.30024,1.50,1.85
2012.05.22 08:05:10.658,1.30008,1.30024,1.50,1.85
2012.05.22 08:05:11.337,1.30008,1.30025,1.50,1.85
2012.05.22 08:05:11.475,1.30011,1.3003,1.50,1.85
2012.05.22 08:05:11.817,1.30011,1.30024,1.50,1.50
2012.05.22 08:05:12.132,1.30011,1.30022,1.50,1.50
2012.05.22 08:05:14.766,1.30011,1.30022,1.50,1.50
2012.05.22 08:05:14.903,1.3001,1.30024,1.50,1.50
2012.05.22 08:05:15.032,1.3001,1.30025,1.50,1.50
2012.05.22 08:05:15.222,1.3001,1.30023,1.50,1.50
2012.05.22 08:05:15.585,1.3001,1.30022,1.50,1.50
2012.05.22 08:05:15.653,1.3001,1.30025,1.50,1.50
2012.05.22 08:05:15.842,1.3001,1.30025,1.50,1.50
2012.05.22 08:05:16.493,1.3001,1.30029,1.50,1.85
2012.05.22 08:05:16.563,1.3001,1.30027,1.50,1.50
2012.05.22 08:05:16.934,1.3001,1.30032,1.50,1.85
2012.05.22 08:05:17.453,1.30012,1.30032,1.50,1.85
2012.05.22 08:05:18.005,1.30011,1.30029,1.50,1.85
2012.05.22 08:05:20.041,1.30011,1.30031,1.50,1.85
2012.05.22 08:05:20.704,1.30011,1.30031,1.50,1.85
2012.05.22 08:05:21.236,1.3001,1.30031,1.50,1.85
2012.05.22 08:05:21.754,1.30011,1.30031,1.50,1.85
2012.05.22 08:05:22.354,1.3001,1.30029,1.50,2.25
2012.05.22 08:05:22.574,1.30009,1.30029,1.50,2.25
2012.05.22 08:05:22.833,1.30009,1.30026,1.50,1.50
2012.05.22 08:05:23.343,1.3001,1.30026,1.50,1.50
2012.05.22 08:05:23.553,1.3001,1.30029,1.50,2.25
2012.05.22 08:05:24.274,1.30009,1.30029,1.50,2.60
2012.05.22 08:05:25.788,1.30009,1.30025,1.50,1.50
2012.05.22 08:05:25.923,1.30009,1.30028,1.50,2.25
2012.05.22 08:05:26.424,1.30009,1.3003,1.50,1.10
2012.05.22 08:05:27.085,1.30009,1.30031,1.50,2.60
2012.05.22 08:05:27.833,1.30009,1.30025,1.50,1.50
2012.05.22 08:05:28.645,1.30009,1.30028,1.50,1.50
2012.05.22 08:05:29.012,1.30009,1.30026,1.50,1.50
2012.05.22 08:05:29.844,1.30009,1.30026,1.50,1.50
2012.05.22 08:05:30.855,1.30009,1.30027,1.50,2.25
2012.05.22 08:05:31.355,1.30009,1.30023,1.50,1.50
2012.05.22 08:05:31.943,1.30007,1.30023,1.50,2.25
2012.05.22 08:05:32.457,1.30007,1.30023,1.50,2.25
2012.05.22 08:05:35.524,1.30001,1.30023,1.73,2.25
2012.05.22 08:05:35.894,1.30002,1.30025,2.25,1.50
2012.05.22 08:05:38.452,1.30002,1.30025,2.25,1.85
2012.05.22 08:05:41.702,1.30001,1.30024,2.48,2.25
2012.05.22 08:05:41.966,1.29999,1.30024,2.25,2.60
2012.05.22 08:05:42.034,1.29998,1.3002,3.00,1.50
2012.05.22 08:05:42.394,1.29998,1.3002,1.50,2.25
2012.05.22 08:05:42.740,1.29993,1.30013,1.50,1.50
2012.05.22 08:05:43.086,1.2999,1.3001,1.50,1.50
2012.05.22 08:05:43.274,1.29992,1.30014,1.50,2.60
2012.05.22 08:05:43.688,1.29994,1.30017,2.25,1.85
2012.05.22 08:05:44.072,1.29995,1.30018,2.25,1.10
2012.05.22 08:05:44.439,1.29996,1.3002,1.50,2.60
2012.05.22 08:05:44.983,1.29999,1.3002,1.50,1.10
2012.05.22 08:05:45.262,1.29996,1.30018,1.50,1.50
2012.05.22 08:05:45.868,1.29994,1.30016,3.75,1.50
2012.05.22 08:05:46.015,1.29995,1.3002,2.25,2.25
2012.05.22 08:05:46.143,1.29995,1.3002,2.25,2.60
2012.05.22 08:05:46.536,1.29994,1.30014,1.50,1.50
2012.05.22 08:05:46.936,1.29994,1.30015,2.25,1.10
2012.05.22 08:05:47.506,1.29995,1.30013,1.50,1.10
2012.05.22 08:05:47.855,1.29999,1.30018,1.50,1.10
2012.05.22 08:05:47.928,1.30003,1.30018,1.50,1.10
2012.05.22 08:05:48.604,1.30003,1.30018,1.50,1.10
2012.05.22 08:05:48.675,1.30003,1.30024,1.50,1.10
2012.05.22 08:05:49.220,1.30003,1.30023,1.50,1.10
2012.05.22 08:05:49.485,1.29999,1.30022,1.50,2.25
2012.05.22 08:05:49.615,1.29997,1.30016,1.50,1.50
2012.05.22 08:05:49.745,1.29996,1.30019,2.25,2.25
2012.05.22 08:05:49.955,1.29994,1.30015,1.35,1.50
2012.05.22 08:05:50.154,1.29994,1.30017,1.50,1.50
2012.05.22 08:05:50.405,1.29993,1.30015,3.00,1.50
2012.05.22 08:05:52.555,1.29994,1.30013,1.50,1.50
2012.05.22 08:05:52.949,1.29994,1.30015,1.50,1.50
2012.05.22 08:05:54.036,1.29992,1.30016,1.50,2.25
2012.05.22 08:05:54.225,1.29995,1.30018,1.50,3.20
2012.05.22 08:05:54.715,1.29998,1.30018,1.50,1.70
2012.05.22 08:05:55.643,1.29995,1.30018,1.50,1.35
2012.05.22 08:05:56.163,1.29994,1.30018,1.50,1.35
2012.05.22 08:05:57.234,1.29992,1.30016,1.50,2.25
2012.05.22 08:05:57.815,1.29994,1.30017,1.50,1.10
2012.05.22 08:05:58.573,1.29992,1.30016,1.50,2.25
2012.05.22 08:05:59.124,1.29994,1.30017,2.25,1.10
2012.05.22 08:05:59.254,1.29995,1.30017,1.50,1.10
2012.05.22 08:05:59.503,1.29999,1.30018,1.50,1.10
2012.05.22 08:06:00.854,1.29999,1.30018,1.50,1.10
2012.05.22 08:06:02.225,1.29999,1.30018,1.50,1.10
2012.05.22 08:06:02.733,1.29999,1.30018,1.50,1.10
2012.05.22 08:06:02.805,1.29994,1.30018,2.25,1.10
2012.05.22 08:06:02.877,1.29999,1.30018,1.50,1.10
2012.05.22 08:06:02.944,1.29995,1.30018,2.25,1.10
2012.05.22 08:06:03.703,1.29999,1.30018,1.50,1.10
2012.05.22 08:06:03.834,1.29996,1.30018,1.50,1.10
2012.05.22 08:06:03.964,1.29998,1.30018,1.50,1.10
2012.05.22 08:06:04.762,1.29995,1.30018,2.25,1.10
2012.05.22 08:06:05.503,1.29998,1.30018,1.50,1.10
2012.05.22 08:06:06.032,1.29996,1.30018,1.50,1.85
2012.05.22 08:06:06.533,1.29996,1.30018,1.50,1.85
2012.05.22 08:06:07.065,1.29997,1.3002,2.25,1.10
2012.05.22 08:06:07.533,1.29997,1.3002,1.50,1.10
2012.05.22 08:06:11.402,1.29997,1.3002,1.50,1.10
2012.05.22 08:06:11.967,1.29995,1.30018,2.25,2.60
2012.05.22 08:06:12.475,1.29996,1.30018,1.50,2.60
2012.05.22 08:06:12.755,1.30001,1.30025,2.25,1.10
2012.05.22 08:06:13.675,1.30003,1.30026,1.50,1.10
2012.05.22 08:06:14.812,1.3,1.30025,3.00,2.25
2012.05.22 08:06:15.541,1.30002,1.30025,1.50,2.60
2012.05.22 08:06:16.091,1.30003,1.30026,1.50,1.10
2012.05.22 08:06:16.596,1.30003,1.30027,2.25,1.10
2012.05.22 08:06:17.093,1.30003,1.30027,2.25,1.10
2012.05.22 08:06:17.224,1.30006,1.30027,1.50,1.10
2012.05.22 08:06:17.754,1.30006,1.30027,1.50,1.10
2012.05.22 08:06:18.077,1.3,1.30025,3.75,1.50
2012.05.22 08:06:18.337,1.30001,1.30024,2.25,2.25
2012.05.22 08:06:18.406,1.30003,1.30024,1.13,2.25
2012.05.22 08:06:18.479,1.30004,1.30026,2.25,1.10
2012.05.22 08:06:18.558,1.30006,1.30026,1.50,1.10
2012.05.22 08:06:19.043,1.30003,1.30026,3.75,2.60
2012.05.22 08:06:19.232,1.30006,1.30026,1.50,1.10
2012.05.22 08:06:19.497,1.30004,1.30026,3.75,1.10
2012.05.22 08:06:20.044,1.30004,1.30025,1.50,1.10
2012.05.22 08:06:20.113,1.3,1.30024,2.25,1.50
2012.05.22 08:06:20.226,1.30004,1.30025,1.50,2.60
2012.05.22 08:06:20.798,1.30003,1.30026,1.50,1.10
2012.05.22 08:06:21.343,1.3,1.30023,2.25,1.50
2012.05.22 08:06:21.854,1.30002,1.30024,2.25,1.85
2012.05.22 08:06:21.987,1.30003,1.30025,1.50,1.10
2012.05.22 08:06:23.435,1.30007,1.30025,1.50,1.85
2012.05.22 08:06:23.503,1.30003,1.30025,1.50,1.85
2012.05.22 08:06:23.713,1.29998,1.30021,2.25,1.50
2012.05.22 08:06:24.253,1.30001,1.30021,1.50,1.85
2012.05.22 08:06:24.324,1.30001,1.30025,1.50,2.60
2012.05.22 08:06:24.513,1.3,1.30025,2.25,1.85
2012.05.22 08:06:25.174,1.29998,1.30021,2.25,1.85
2012.05.22 08:06:25.753,1.30001,1.30021,1.50,1.50
2012.05.22 08:06:25.831,1.30001,1.30023,3.00,2.25
2012.05.22 08:06:26.523,1.30005,1.30024,1.50,1.10
2012.05.22 08:06:27.614,1.30003,1.30024,1.50,2.25
2012.05.22 08:06:28.488,1.30001,1.30024,2.25,2.25
2012.05.22 08:06:29.333,1.29999,1.3002,2.25,1.50
2012.05.22 08:06:30.104,1.30001,1.30022,2.25,1.85
2012.05.22 08:06:30.177,1.30001,1.30023,2.25,1.10
2012.05.22 08:06:30.732,1.29997,1.30022,2.25,1.50
2012.05.22 08:06:31.669,1.3,1.30025,2.25,2.60
2012.05.22 08:06:31.744,1.29998,1.30021,3.75,1.50
2012.05.22 08:06:32.843,1.30001,1.30024,2.25,2.60
2012.05.22 08:06:33.314,1.30004,1.30024,1.50,1.10
2012.05.22 08:06:33.597,1.3,1.30024,2.25,1.10
2012.05.22 08:06:35.509,1.30004,1.30026,1.50,1.10
2012.05.22 08:06:35.864,1.30005,1.30028,1.50,2.25
2012.05.22 08:06:36.173,1.30008,1.30028,1.50,1.50
2012.05.22 08:06:36.415,1.30005,1.30027,1.50,3.00
2012.05.22 08:06:37.356,1.3001,1.30029,1.50,1.50
2012.05.22 08:06:37.903,1.30007,1.3003,1.50,3.20
2012.05.22 08:06:38.096,1.3001,1.3003,1.50,1.70
2012.05.22 08:06:38.384,1.30006,1.3003,1.50,1.70
2012.05.22 08:06:38.754,1.30006,1.30025,1.50,1.35
2012.05.22 08:06:39.001,1.30004,1.30025,1.50,1.35
2012.05.22 08:06:39.524,1.30005,1.30029,1.50,1.50
2012.05.22 08:06:40.359,1.30002,1.30027,3.00,2.25
2012.05.22 08:06:40.439,1.3,1.30023,4.50,1.50
2012.05.22 08:06:42.004,1.30005,1.30025,1.50,2.25
2012.05.22 08:06:42.393,1.30005,1.30027,2.25,1.50
2012.05.22 08:06:42.465,1.30008,1.3003,1.50,1.10
2012.05.22 08:06:42.534,1.30006,1.3003,1.50,1.10
2012.05.22 08:06:43.126,1.30007,1.3003,1.50,1.10
2012.05.22 08:06:43.342,1.30005,1.30028,2.25,1.50
2012.05.22 08:06:43.656,1.30003,1.30025,2.85,1.50
2012.05.22 08:06:47.492,1.30004,1.30028,2.25,1.85
2012.05.22 08:06:49.373,1.30005,1.30025,1.50,1.50
2012.05.22 08:06:52.862,1.30005,1.30028,2.25,1.85
2012.05.22 08:06:53.548,1.30005,1.30028,2.25,1.85
2012.05.22 08:06:54.059,1.30004,1.30025,1.50,1.50
2012.05.22 08:06:54.375,1.30004,1.30028,3.00,1.50
2012.05.22 08:06:54.444,1.30004,1.30025,1.50,1.50
2012.05.22 08:06:55.784,1.30006,1.30029,1.50,2.85
2012.05.22 08:06:56.664,1.30004,1.30025,3.00,1.50
2012.05.22 08:06:57.326,1.30002,1.30023,1.91,1.50
2012.05.22 08:06:57.665,1.30002,1.30025,3.41,1.50
2012.05.22 08:06:57.803,1.30001,1.30022,2.66,1.50
2012.05.22 08:06:58.062,1.30002,1.30026,1.91,1.50
2012.05.22 08:06:59.562,1.30002,1.30023,2.66,1.50
2012.05.22 08:07:01.266,1.30002,1.30025,3.00,1.50
2012.05.22 08:07:01.334,1.30004,1.30029,2.25,2.85
2012.05.22 08:07:01.655,1.30002,1.30026,1.50,1.50
2012.05.22 08:07:01.984,1.3,1.30022,3.00,1.50
2012.05.22 08:07:02.516,1.30001,1.30026,2.25,2.25
2012.05.22 08:07:02.979,1.3,1.3002,1.50,1.50
2012.05.22 08:07:03.115,1.3,1.30022,1.50,1.50
2012.05.22 08:07:03.684,1.30001,1.30026,1.50,2.60
2012.05.22 08:07:03.882,1.30001,1.30023,1.50,1.35
2012.05.22 08:07:04.135,1.29999,1.30022,1.50,2.25
2012.05.22 08:07:04.701,1.29999,1.30023,2.25,1.35
2012.05.22 08:07:04.773,1.30002,1.30024,1.50,1.50
2012.05.22 08:07:05.336,1.3,1.30021,1.50,2.25
2012.05.22 08:07:05.472,1.29996,1.3002,2.25,2.25
2012.05.22 08:07:05.545,1.29995,1.30017,2.25,1.50
2012.05.22 08:07:08.432,1.29996,1.30019,2.25,3.00
2012.05.22 08:07:08.625,1.29994,1.30017,2.25,1.50
2012.05.22 08:07:08.934,1.30002,1.30018,1.50,1.50
2012.05.22 08:07:09.006,1.30002,1.30024,1.50,1.50
2012.05.22 08:07:09.543,1.30001,1.30024,1.50,1.50
2012.05.22 08:07:10.047,1.30005,1.30027,1.50,2.60
2012.05.22 08:07:10.116,1.3,1.30023,2.25,1.50
2012.05.22 08:07:10.446,1.29999,1.30022,2.25,1.50
2012.05.22 08:07:11.006,1.29997,1.3002,3.00,2.25
2012.05.22 08:07:11.585,1.29997,1.30017,1.50,1.50
2012.05.22 08:07:12.006,1.29995,1.30015,2.10,1.50
2012.05.22 08:07:12.362,1.29995,1.30017,1.35,1.50
2012.05.22 08:07:12.436,1.29997,1.3002,2.25,2.25
2012.05.22 08:07:12.508,1.29997,1.3002,2.25,2.85
2012.05.22 08:07:13.035,1.29999,1.30021,2.25,2.10
2012.05.22 08:07:13.104,1.29999,1.30022,2.25,1.85
2012.05.22 08:07:13.673,1.29998,1.30021,2.25,1.50
2012.05.22 08:07:16.246,1.29998,1.30019,1.50,1.50
2012.05.22 08:07:16.774,1.29996,1.30019,2.25,1.50
2012.05.22 08:07:17.442,1.29998,1.30022,2.25,1.50
2012.05.22 08:07:17.803,1.29998,1.30018,1.50,1.50
2012.05.22 08:07:18.983,1.29998,1.30021,1.50,2.25
2012.05.22 08:07:19.765,1.29995,1.30017,1.35,1.50
2012.05.22 08:07:20.372,1.29997,1.3002,2.25,2.25
2012.05.22 08:07:21.645,1.29996,1.30019,2.25,1.50
2012.05.22 08:07:22.305,1.29999,1.30022,2.25,3.60
2012.05.22 08:07:23.024,1.29999,1.30022,2.25,1.50
2012.05.22 08:07:23.608,1.29997,1.30019,1.50,1.50
2012.05.22 08:07:24.752,1.29998,1.30021,2.25,3.75
2012.05.22 08:07:25.284,1.30001,1.30023,1.50,1.50
2012.05.22 08:07:25.623,1.29993,1.30016,3.75,1.50
2012.05.22 08:07:25.697,1.29994,1.30016,1.50,2.25
2012.05.22 08:07:26.203,1.2999,1.30012,1.50,2.25
2012.05.22 08:07:26.755,1.2999,1.3001,1.50,1.50
2012.05.22 08:07:27.524,1.2999,1.30006,1.50,1.50
2012.05.22 08:07:27.592,1.2999,1.30009,1.50,3.00
2012.05.22 08:07:28.164,1.2999,1.30009,1.50,1.50
2012.05.22 08:07:28.935,1.2999,1.30013,1.50,1.50
2012.05.22 08:07:29.065,1.2999,1.3001,1.50,1.50
2012.05.22 08:07:29.344,1.2999,1.30012,1.50,3.75
2012.05.22 08:07:30.145,1.2999,1.30012,1.50,2.85
2012.05.22 08:07:30.275,1.2999,1.30007,1.50,1.50
2012.05.22 08:07:30.851,1.29986,1.30007,1.50,1.50
2012.05.22 08:07:30.930,1.29988,1.3001,1.50,2.25
2012.05.22 08:07:31.404,1.29988,1.30008,3.00,1.50
2012.05.22 08:07:31.476,1.2999,1.3001,2.25,1.50
2012.05.22 08:07:32.042,1.29988,1.30007,1.50,1.50
2012.05.22 08:07:32.552,1.29989,1.30006,1.50,1.50
2012.05.22 08:07:32.626,1.29989,1.30008,1.50,1.50
2012.05.22 08:07:32.764,1.29993,1.30008,1.50,1.50
2012.05.22 08:07:32.835,1.29993,1.30014,1.50,1.85
2012.05.22 08:07:32.903,1.29993,1.30014,1.50,1.50
2012.05.22 08:07:33.113,1.29993,1.30014,1.50,1.50
2012.05.22 08:07:33.185,1.29995,1.30018,2.25,2.10
2012.05.22 08:07:33.442,1.3,1.30021,1.50,1.10
2012.05.22 08:07:33.516,1.29993,1.30017,1.50,2.85
2012.05.22 08:07:33.585,1.29993,1.30007,1.50,2.10
2012.05.22 08:07:33.797,1.29992,1.30006,2.25,1.35
2012.05.22 08:07:34.338,1.2999,1.30012,1.50,3.57
2012.05.22 08:07:34.467,1.2999,1.30006,1.50,1.50
2012.05.22 08:07:34.847,1.2999,1.3001,1.50,1.85
2012.05.22 08:07:35.588,1.29988,1.3001,1.50,2.60
2012.05.22 08:07:35.904,1.29988,1.30002,1.50,1.50
2012.05.22 08:07:36.458,1.29986,1.30009,3.00,1.10
2012.05.22 08:07:36.996,1.29987,1.30008,1.50,2.10
2012.05.22 08:07:37.065,1.29987,1.30004,1.50,1.50
2012.05.22 08:07:37.201,1.29984,1.30007,2.25,2.25
2012.05.22 08:07:37.744,1.29982,1.30005,3.00,1.50
2012.05.22 08:07:38.277,1.29986,1.3001,2.25,4.10
2012.05.22 08:07:38.466,1.29986,1.30009,2.25,1.10
2012.05.22 08:07:39.546,1.29984,1.30003,1.50,1.50
2012.05.22 08:07:41.533,1.29983,1.30006,3.00,2.25
2012.05.22 08:07:44.122,1.29983,1.30005,3.00,1.50
2012.05.22 08:07:44.664,1.29985,1.3001,2.25,3.35
2012.05.22 08:07:45.373,1.29984,1.30006,1.50,1.50
2012.05.22 08:07:45.956,1.29986,1.30006,1.50,1.50
2012.05.22 08:07:46.146,1.29986,1.30003,1.50,1.50
2012.05.22 08:07:46.275,1.29986,1.30007,1.50,1.50
2012.05.22 08:07:46.405,1.29985,1.30007,1.50,2.25
2012.05.22 08:07:47.476,1.29985,1.30008,4.50,2.25
2012.05.22 08:07:48.546,1.29985,1.30008,3.00,2.25
2012.05.22 08:07:48.672,1.29985,1.30008,2.25,2.60
2012.05.22 08:07:56.551,1.2998,1.30003,3.00,1.50
2012.05.22 08:07:56.852,1.29983,1.30005,1.50,2.25
2012.05.22 08:07:56.925,1.2998,1.30003,3.00,1.50
2012.05.22 08:07:57.072,1.29982,1.30005,2.25,2.25
2012.05.22 08:07:57.345,1.29985,1.30009,1.50,2.60
2012.05.22 08:07:58.297,1.29988,1.30009,1.50,1.10
2012.05.22 08:07:58.965,1.29988,1.3001,2.25,1.10
2012.05.22 08:07:59.301,1.2999,1.30012,1.50,1.85
2012.05.22 08:08:01.095,1.29988,1.30011,3.00,2.25
2012.05.22 08:08:02.894,1.29991,1.30012,1.50,1.50
2012.05.22 08:08:03.152,1.29989,1.30011,1.50,2.25
2012.05.22 08:08:03.836,1.29988,1.30011,3.00,2.25
2012.05.22 08:08:03.904,1.2999,1.30012,1.50,1.50
2012.05.22 08:08:04.282,1.29988,1.30011,1.50,2.25
2012.05.22 08:08:06.292,1.29984,1.30008,2.25,1.50
2012.05.22 08:08:07.580,1.29985,1.30007,1.50,1.50
2012.05.22 08:08:07.900,1.29993,1.30012,1.50,1.85
2012.05.22 08:08:08.545,1.29994,1.30015,1.50,1.88
2012.05.22 08:08:09.056,1.29995,1.30015,1.50,1.88
2012.05.22 08:08:09.244,1.29992,1.30014,2.25,1.13
2012.05.22 08:08:09.514,1.29992,1.30011,1.50,1.50
2012.05.22 08:08:09.643,1.29987,1.3001,1.50,2.10
2012.05.22 08:08:10.354,1.29992,1.3001,1.50,1.35
2012.05.22 08:08:10.556,1.29988,1.3001,1.50,2.10
2012.05.22 08:08:11.056,1.29987,1.30009,1.50,3.00
2012.05.22 08:08:11.125,1.29985,1.30009,2.25,1.50
2012.05.22 08:08:11.326,1.29985,1.30007,1.50,2.25
2012.05.22 08:08:11.894,1.29983,1.30005,1.50,1.50
2012.05.22 08:08:12.508,1.29983,1.30005,1.50,2.25
2012.05.22 08:08:12.845,1.29983,1.30008,3.00,1.88
2012.05.22 08:08:13.033,1.29983,1.30004,1.50,1.50
2012.05.22 08:08:13.104,1.29983,1.30004,1.50,1.50
2012.05.22 08:08:13.246,1.29984,1.30006,1.50,1.10
2012.05.22 08:08:15.853,1.29986,1.30007,1.50,1.50
2012.05.22 08:08:16.392,1.29984,1.30007,3.00,1.13
2012.05.22 08:08:18.444,1.29984,1.30009,3.00,2.63
2012.05.22 08:08:18.575,1.29984,1.30009,3.00,2.25
2012.05.22 08:08:18.646,1.29984,1.30009,3.00,1.50
2012.05.22 08:08:19.162,1.29987,1.30012,1.50,3.35
2012.05.22 08:08:19.636,1.29984,1.30007,1.50,1.50
2012.05.22 08:08:20.546,1.29984,1.30006,2.25,1.50
2012.05.22 08:08:20.895,1.29983,1.30004,1.50,1.50
2012.05.22 08:08:21.224,1.29979,1.30004,2.25,3.00
2012.05.22 08:08:21.416,1.29979,1.3,1.50,2.25
2012.05.22 08:08:22.014,1.29978,1.29997,1.13,1.50
2012.05.22 08:08:22.389,1.29976,1.29997,1.13,1.50
2012.05.22 08:08:23.023,1.29977,1.3,1.88,1.35
2012.05.22 08:08:23.966,1.29976,1.29996,1.13,1.50
2012.05.22 08:08:24.991,1.29976,1.29996,1.13,1.50
2012.05.22 08:08:26.746,1.29976,1.29996,1.13,1.50
2012.05.22 08:08:26.815,1.29977,1.29999,1.13,2.25
2012.05.22 08:08:26.885,1.29977,1.29995,1.88,1.50
2012.05.22 08:08:27.015,1.29977,1.3,1.88,3.00
2012.05.22 08:08:27.323,1.29977,1.29992,1.88,1.50
2012.05.22 08:08:27.573,1.29977,1.29995,1.13,1.50
2012.05.22 08:08:28.244,1.29977,1.29995,1.13,1.50
2012.05.22 08:08:28.612,1.29977,1.29993,1.13,1.50
2012.05.22 08:08:28.947,1.29977,1.3,3.38,1.50
2012.05.22 08:08:29.394,1.29977,1.29998,1.88,1.50
2012.05.22 08:08:29.804,1.29977,1.29995,1.13,1.50
2012.05.22 08:08:32.128,1.29977,1.29995,1.13,1.50
2012.05.22 08:08:32.895,1.29977,1.29995,1.13,1.50
2012.05.22 08:08:33.685,1.29977,1.29995,1.13,1.50
2012.05.22 08:08:34.193,1.29977,1.29995,1.13,1.50
2012.05.22 08:08:34.505,1.29977,1.29998,1.13,3.00
2012.05.22 08:08:34.573,1.29977,1.29996,1.13,1.50
2012.05.22 08:08:34.918,1.29977,1.29992,1.13,1.50
2012.05.22 08:08:35.466,1.29977,1.29992,1.13,1.50
2012.05.22 08:08:35.984,1.29977,1.29992,1.13,1.50
2012.05.22 08:08:36.805,1.29977,1.29992,1.13,1.50
2012.05.22 08:08:36.874,1.29977,1.29997,1.13,1.50
2012.05.22 08:08:37.628,1.29975,1.29997,1.88,1.50
2012.05.22 08:08:39.232,1.29975,1.3,3.38,2.25
2012.05.22 08:08:40.264,1.29977,1.3,1.13,1.50
2012.05.22 08:08:40.743,1.29977,1.3,1.88,2.25
2012.05.22 08:08:41.973,1.29977,1.29997,1.13,1.50
2012.05.22 08:08:42.727,1.29977,1.29997,1.13,1.50
2012.05.22 08:08:43.695,1.29977,1.3,1.88,4.10
2012.05.22 08:08:44.012,1.29976,1.29998,1.13,2.25
2012.05.22 08:08:44.346,1.2998,1.29999,1.50,1.10
2012.05.22 08:08:44.416,1.2998,1.30001,1.50,1.47
2012.05.22 08:08:44.613,1.29978,1.30001,2.25,2.25
2012.05.22 08:08:45.835,1.2998,1.30002,2.25,1.50
2012.05.22 08:08:45.905,1.29979,1.3,1.50,1.50
2012.05.22 08:08:46.034,1.2998,1.30003,2.25,1.50
2012.05.22 08:08:46.233,1.29979,1.3,1.50,1.50
2012.05.22 08:08:46.625,1.29977,1.29999,2.63,1.50
2012.05.22 08:08:46.699,1.29977,1.3,1.88,3.38
2012.05.22 08:08:46.905,1.29977,1.29995,1.13,1.50
2012.05.22 08:08:46.981,1.29978,1.29997,1.50,1.50
2012.05.22 08:08:47.497,1.29977,1.29998,1.13,2.25
2012.05.22 08:08:48.042,1.29977,1.29998,1.13,2.25
2012.05.22 08:08:48.696,1.29977,1.29998,1.13,2.25
2012.05.22 08:08:49.278,1.29977,1.29999,1.13,1.50
2012.05.22 08:08:49.474,1.29975,1.29999,1.50,1.50
2012.05.22 08:08:52.624,1.29974,1.29999,1.50,3.00
2012.05.22 08:08:52.693,1.29977,1.29999,1.50,1.50
2012.05.22 08:08:52.937,1.29975,1.29998,3.00,2.25
2012.05.22 08:08:55.623,1.29975,1.29996,1.50,1.50
2012.05.22 08:08:55.816,1.29973,1.29992,1.50,1.50
2012.05.22 08:08:56.127,1.29971,1.29994,2.25,1.50
2012.05.22 08:08:56.195,1.29968,1.29991,2.25,1.50
2012.05.22 08:08:56.335,1.29974,1.29997,1.50,2.60
2012.05.22 08:08:56.404,1.29972,1.29994,3.75,1.50
2012.05.22 08:08:56.685,1.29972,1.29994,2.25,1.50
2012.05.22 08:08:56.815,1.29973,1.29998,2.25,1.85
2012.05.22 08:08:57.290,1.29974,1.29999,2.25,2.25
2012.05.22 08:08:57.733,1.29974,1.29999,2.25,2.85
2012.05.22 08:08:58.045,1.2997,1.2999,1.50,1.50
2012.05.22 08:08:58.116,1.29967,1.2999,1.50,2.85
2012.05.22 08:08:58.564,1.29967,1.29989,1.50,1.50
2012.05.22 08:09:00.445,1.29967,1.29989,2.25,1.50
2012.05.22 08:09:00.975,1.29967,1.2999,2.25,1.50
2012.05.22 08:09:01.173,1.29969,1.29993,2.25,2.25
2012.05.22 08:09:01.664,1.29972,1.29997,1.50,2.25
2012.05.22 08:09:02.726,1.2997,1.29992,2.25,2.25
2012.05.22 08:09:02.796,1.29968,1.2999,1.50,1.50
2012.05.22 08:09:02.989,1.29968,1.29992,3.00,2.25
2012.05.22 08:09:05.753,1.29968,1.29991,3.75,1.50
2012.05.22 08:09:06.594,1.2997,1.29993,3.00,2.25
2012.05.22 08:09:07.561,1.2997,1.29993,3.00,2.25
2012.05.22 08:09:08.345,1.29969,1.29991,2.25,1.50
2012.05.22 08:09:08.474,1.29973,1.29993,2.25,1.50
2012.05.22 08:09:08.546,1.29973,1.29996,2.25,1.50
2012.05.22 08:09:08.736,1.29975,1.3,2.25,2.22
2012.05.22 08:09:09.246,1.29975,1.29999,2.25,1.70
2012.05.22 08:09:09.572,1.29972,1.2999,1.50,1.50
2012.05.22 08:09:09.705,1.29969,1.29993,2.25,3.00
2012.05.22 08:09:09.893,1.29968,1.29991,2.85,1.50
2012.05.22 08:09:09.964,1.29969,1.29993,2.25,1.50
2012.05.22 08:09:10.153,1.29973,1.29996,2.25,4.50
2012.05.22 08:09:10.536,1.29971,1.29994,2.25,1.50
2012.05.22 08:09:10.875,1.29973,1.29995,2.25,1.50
2012.05.22 08:09:10.947,1.29973,1.29997,2.25,1.85
2012.05.22 08:09:11.084,1.29973,1.29998,2.25,1.85
2012.05.22 08:09:11.403,1.29972,1.29995,1.50,1.50
2012.05.22 08:09:11.476,1.29974,1.29999,2.25,2.45
2012.05.22 08:09:11.922,1.29974,1.29999,2.25,1.50
2012.05.22 08:09:12.286,1.29974,1.29997,2.25,1.50
2012.05.22 08:09:12.475,1.29973,1.29995,1.50,3.60
2012.05.22 08:09:12.544,1.2997,1.29994,2.25,1.35
2012.05.22 08:09:12.677,1.29969,1.2999,1.50,1.50
2012.05.22 08:09:13.039,1.29969,1.29993,2.25,1.50
2012.05.22 08:09:13.114,1.29969,1.29993,2.25,2.25
2012.05.22 08:09:13.770,1.29971,1.29995,2.25,1.85
2012.05.22 08:09:14.223,1.29971,1.29992,1.50,1.50
2012.05.22 08:09:14.693,1.29972,1.29994,2.25,1.50
2012.05.22 08:09:15.257,1.29972,1.29996,2.25,1.85
2012.05.22 08:09:15.325,1.29971,1.29993,3.00,1.50
2012.05.22 08:09:15.513,1.29974,1.29996,2.25,3.35
2012.05.22 08:09:15.804,1.29971,1.29993,2.25,1.50
2012.05.22 08:09:16.734,1.29973,1.29996,2.25,4.85
2012.05.22 08:09:17.326,1.29973,1.29995,2.25,1.10
2012.05.22 08:09:18.003,1.2997,1.29994,3.75,1.50
2012.05.22 08:09:18.083,1.29976,1.29999,1.35,1.88
2012.05.22 08:09:18.225,1.29979,1.30002,2.25,2.60
2012.05.22 08:09:18.297,1.29979,1.30002,1.50,3.35
2012.05.22 08:09:18.364,1.29976,1.29998,1.35,1.50
2012.05.22 08:09:18.633,1.29976,1.3,2.85,1.50
2012.05.22 08:09:18.857,1.29976,1.29997,1.35,1.50
2012.05.22 08:09:19.577,1.29976,1.30001,2.85,1.85
2012.05.22 08:09:20.390,1.29976,1.3,2.25,1.10
2012.05.22 08:09:21.645,1.29976,1.30001,2.25,3.35
2012.05.22 08:09:21.956,1.29975,1.29998,1.50,1.50
2012.05.22 08:09:22.222,1.29976,1.3,2.25,1.85
2012.05.22 08:09:22.444,1.29975,1.29997,1.50,1.50
2012.05.22 08:09:22.518,1.29975,1.29999,3.00,2.85
2012.05.22 08:09:22.776,1.29973,1.29997,3.00,1.50
2012.05.22 08:09:22.847,1.29979,1.29998,1.50,1.50
2012.05.22 08:09:23.108,1.29976,1.30001,2.25,2.22
2012.05.22 08:09:24.489,1.29976,1.29999,2.25,1.50
2012.05.22 08:09:24.622,1.29978,1.30002,2.25,2.60
2012.05.22 08:09:24.883,1.2998,1.30002,1.50,1.10
2012.05.22 08:09:25.234,1.29982,1.30002,1.50,1.10
2012.05.22 08:09:25.304,1.29982,1.30004,1.50,3.75
2012.05.22 08:09:25.746,1.29984,1.30004,1.50,2.25
2012.05.22 08:09:25.945,1.29981,1.30006,2.25,4.10
2012.05.22 08:09:26.017,1.29981,1.30006,2.25,4.10
2012.05.22 08:09:26.086,1.2998,1.30003,1.50,1.50
2012.05.22 08:09:26.403,1.29985,1.30008,1.50,2.60
2012.05.22 08:09:26.915,1.29988,1.30008,1.50,1.10
2012.05.22 08:09:27.202,1.29986,1.30007,1.50,1.85
2012.05.22 08:09:27.283,1.29982,1.30007,2.25,1.85
2012.05.22 08:09:28.124,1.29983,1.30007,1.50,1.85
2012.05.22 08:09:29.389,1.29985,1.30009,2.25,1.10
2012.05.22 08:09:29.534,1.29988,1.30012,2.25,3.35
2012.05.22 08:09:31.442,1.29988,1.30012,2.25,3.35
2012.05.22 08:09:31.574,1.29991,1.30012,1.50,1.10
2012.05.22 08:09:32.049,1.29994,1.30012,1.50,1.10
2012.05.22 08:09:32.122,1.29992,1.30012,1.50,1.10
2012.05.22 08:09:38.493,1.29992,1.30013,2.25,1.88
2012.05.22 08:09:40.231,1.29992,1.30013,2.25,1.47
2012.05.22 08:09:40.914,1.29992,1.30015,2.25,3.35
2012.05.22 08:09:41.984,1.29988,1.30013,2.25,1.50
2012.05.22 08:09:44.216,1.29992,1.30015,2.25,3.75
2012.05.22 08:09:44.346,1.29992,1.30015,2.25,1.50
2012.05.22 08:09:44.487,1.29994,1.30019,2.25,2.60
2012.05.22 08:09:44.624,1.29992,1.30015,2.25,1.50
2012.05.22 08:09:44.755,1.29993,1.30015,1.50,1.50
2012.05.22 08:09:44.984,1.29994,1.30019,2.25,2.25
2012.05.22 08:09:45.592,1.29998,1.3002,1.50,1.35
2012.05.22 08:09:47.455,1.29998,1.30021,1.50,2.25
2012.05.22 08:09:48.506,1.29994,1.30019,2.25,1.50
2012.05.22 08:09:49.017,1.29997,1.30021,2.25,2.25
2012.05.22 08:09:49.204,1.29995,1.30019,2.25,1.50
2012.05.22 08:09:49.417,1.29997,1.30022,2.25,3.00
2012.05.22 08:09:49.484,1.29994,1.30019,2.25,1.50
2012.05.22 08:09:49.802,1.29993,1.30016,1.50,1.50
2012.05.22 08:09:50.083,1.29996,1.30019,2.25,1.50
2012.05.22 08:09:51.823,1.29996,1.30018,2.25,1.50
2012.05.22 08:09:51.892,1.29993,1.30016,1.50,1.50
2012.05.22 08:09:51.964,1.29994,1.30018,2.25,1.50
2012.05.22 08:09:52.402,1.29998,1.30021,1.50,2.60
2012.05.22 08:09:52.593,1.30001,1.30021,1.50,2.25
2012.05.22 08:09:52.727,1.29996,1.30018,1.50,1.73
2012.05.22 08:09:53.281,1.29993,1.30016,3.00,1.50
2012.05.22 08:09:53.498,1.29991,1.30015,2.25,1.50
2012.05.22 08:09:53.565,1.29995,1.30017,1.50,2.25
2012.05.22 08:09:53.709,1.29994,1.30017,2.25,1.50
2012.05.22 08:09:54.266,1.29993,1.30014,1.50,1.50
2012.05.22 08:09:54.406,1.29993,1.30017,1.50,1.50
2012.05.22 08:09:54.943,1.29994,1.30018,2.25,1.50
2012.05.22 08:09:55.073,1.29993,1.30016,3.75,1.50
2012.05.22 08:09:55.604,1.29995,1.30018,2.25,1.50
2012.05.22 08:09:55.956,1.29993,1.30014,1.50,1.50
2012.05.22 08:09:56.026,1.29993,1.30014,2.25,2.25
2012.05.22 08:09:56.223,1.29993,1.30016,3.00,1.50
2012.05.22 08:09:56.603,1.29993,1.30018,2.25,3.60
2012.05.22 08:09:56.803,1.29992,1.30015,2.25,1.50
2012.05.22 08:09:56.933,1.29994,1.30018,2.25,2.10
2012.05.22 08:09:57.794,1.29994,1.30017,3.00,1.50
2012.05.22 08:09:58.325,1.29995,1.30018,2.25,1.50
2012.05.22 08:09:58.485,1.29993,1.30015,3.00,1.50
2012.05.22 08:09:58.555,1.29993,1.30015,1.50,1.50
2012.05.22 08:09:58.806,1.29987,1.30012,1.50,1.50
2012.05.22 08:09:58.935,1.29989,1.30014,2.25,2.25
2012.05.22 08:09:59.003,1.29989,1.30013,2.25,2.25
2012.05.22 08:09:59.203,1.29986,1.30012,2.25,1.50
2012.05.22 08:09:59.757,1.29989,1.30013,2.25,2.25
2012.05.22 08:10:00.475,1.29992,1.30017,2.25,3.35
2012.05.22 08:10:00.543,1.29996,1.30017,1.50,1.85
2012.05.22 08:10:00.747,1.29992,1.30016,2.25,1.50
2012.05.22 08:10:00.945,1.29995,1.30017,1.50,1.85
2012.05.22 08:10:01.492,1.29994,1.30017,1.50,3.35
2012.05.22 08:10:02.135,1.29994,1.30017,1.50,3.35
2012.05.22 08:10:02.476,1.29992,1.30018,2.25,4.10
2012.05.22 08:10:02.806,1.29999,1.30019,1.50,1.10
2012.05.22 08:10:03.006,1.29996,1.30017,1.50,1.10
2012.05.22 08:10:03.204,1.29992,1.30013,2.25,1.35
2012.05.22 08:10:03.273,1.29992,1.30013,2.25,1.35
2012.05.22 08:10:03.487,1.29987,1.30011,3.00,1.50
2012.05.22 08:10:03.624,1.29986,1.30009,1.50,3.00
2012.05.22 08:10:03.695,1.29988,1.30009,1.50,1.50
2012.05.22 08:10:04.103,1.29985,1.30009,1.50,2.25
2012.05.22 08:10:04.303,1.29985,1.30006,1.50,1.50
2012.05.22 08:10:04.376,1.29985,1.30009,1.50,2.25
2012.05.22 08:10:04.584,1.29986,1.3001,1.50,3.00
2012.05.22 08:10:04.913,1.29982,1.30008,2.25,1.50
2012.05.22 08:10:06.585,1.29979,1.30004,3.75,1.50
2012.05.22 08:10:07.104,1.29981,1.30005,2.25,1.13
2012.05.22 08:10:08.728,1.2998,1.30002,1.50,1.50
2012.05.22 08:10:09.794,1.29979,1.30002,1.50,1.50
2012.05.22 08:10:09.945,1.2998,1.30004,2.25,2.25
2012.05.22 08:10:10.793,1.29984,1.30005,1.50,1.88
2012.05.22 08:10:11.706,1.29981,1.30005,2.25,3.38
2012.05.22 08:10:11.777,1.2998,1.30005,2.25,3.38
2012.05.22 08:10:12.125,1.29983,1.30006,1.50,1.13
2012.05.22 08:10:13.586,1.29982,1.30005,1.50,2.25
2012.05.22 08:10:13.656,1.29982,1.30005,1.50,2.25
2012.05.22 08:10:14.173,1.29983,1.30007,1.50,1.50
2012.05.22 08:10:14.424,1.29981,1.30006,1.50,2.25
2012.05.22 08:10:14.744,1.29985,1.30007,1.50,3.00
2012.05.22 08:10:15.679,1.29985,1.30009,1.50,1.50
2012.05.22 08:10:17.755,1.29982,1.30003,2.25,1.50
2012.05.22 08:10:17.826,1.29979,1.30003,2.25,2.25
2012.05.22 08:10:17.897,1.29981,1.30008,1.50,4.50
2012.05.22 08:10:18.279,1.29983,1.30008,1.50,3.00
2012.05.22 08:10:18.797,1.29984,1.30009,1.50,2.25
2012.05.22 08:10:20.267,1.29984,1.30003,1.50,1.50
2012.05.22 08:10:20.335,1.29982,1.30002,2.25,1.50
2012.05.22 08:10:20.534,1.2998,1.3,2.25,1.50
2012.05.22 08:10:20.848,1.29983,1.30002,1.50,1.50
2012.05.22 08:10:21.198,1.29987,1.30002,1.50,1.50
2012.05.22 08:10:21.750,1.29984,1.30002,1.50,1.50
2012.05.22 08:10:22.265,1.29983,1.30002,1.50,1.50
2012.05.22 08:10:22.523,1.29981,1.30002,1.50,1.50
2012.05.22 08:10:22.652,1.29984,1.30002,1.50,1.50
2012.05.22 08:10:23.535,1.29986,1.30002,1.50,1.50
2012.05.22 08:10:23.733,1.29984,1.30002,1.50,1.50
2012.05.22 08:10:24.244,1.29982,1.30002,1.50,1.50
2012.05.22 08:10:24.313,1.29984,1.30002,1.50,1.50
2012.05.22 08:10:24.845,1.29982,1.30002,1.50,1.50
2012.05.22 08:10:25.912,1.29982,1.30004,2.25,2.48
2012.05.22 08:10:26.054,1.29986,1.30008,1.50,1.10
2012.05.22 08:10:26.123,1.29986,1.3001,1.50,2.85
2012.05.22 08:10:26.324,1.29986,1.30009,1.50,2.25
2012.05.22 08:10:26.764,1.29986,1.30009,2.25,1.50
2012.05.22 08:10:26.895,1.2999,1.30009,1.50,1.50
2012.05.22 08:10:27.425,1.29989,1.30009,1.50,1.50
2012.05.22 08:10:27.683,1.29987,1.30009,1.50,1.50
2012.05.22 08:10:28.251,1.29986,1.30009,3.00,1.50
2012.05.22 08:10:29.356,1.29985,1.30011,2.25,2.48
2012.05.22 08:10:29.664,1.29996,1.30013,1.50,2.22
2012.05.22 08:10:29.736,1.29993,1.30013,1.50,2.22
2012.05.22 08:10:29.925,1.29988,1.30013,2.25,2.97
2012.05.22 08:10:30.124,1.29992,1.30012,1.50,1.10
2012.05.22 08:10:30.338,1.2999,1.30012,2.25,1.10
2012.05.22 08:10:30.864,1.29988,1.30013,2.25,1.10
2012.05.22 08:10:31.015,1.29988,1.30013,2.25,1.85
2012.05.22 08:10:31.574,1.29988,1.30013,2.25,1.10
2012.05.22 08:10:31.766,1.29986,1.30011,2.25,3.00
2012.05.22 08:10:31.834,1.29985,1.30008,1.50,1.50
2012.05.22 08:10:32.022,1.29986,1.3001,2.25,2.25
2012.05.22 08:10:32.532,1.29986,1.30011,1.50,2.25
2012.05.22 08:10:32.797,1.29985,1.30008,1.50,1.13
2012.05.22 08:10:33.148,1.29986,1.30003,1.50,1.50
2012.05.22 08:10:33.356,1.29994,1.3001,1.50,1.50
2012.05.22 08:10:33.499,1.29991,1.30012,1.50,2.25
2012.05.22 08:10:33.852,1.29984,1.30007,3.75,1.35
2012.05.22 08:10:34.355,1.29982,1.30005,2.25,2.25
2012.05.22 08:10:34.684,1.29984,1.30006,2.25,1.35
2012.05.22 08:10:35.007,1.29985,1.30008,1.50,3.95
2012.05.22 08:10:35.076,1.29985,1.30008,1.50,3.95
2012.05.22 08:10:35.974,1.29988,1.30007,1.50,1.10
2012.05.22 08:10:36.714,1.29988,1.30008,1.50,1.50
2012.05.22 08:10:36.786,1.29991,1.3001,1.50,1.10
2012.05.22 08:10:37.055,1.29989,1.30009,1.50,1.85
2012.05.22 08:10:37.246,1.29995,1.30009,1.50,1.10
2012.05.22 08:10:37.314,1.29995,1.30009,1.50,1.10
2012.05.22 08:10:37.445,1.29993,1.30009,1.50,1.10
2012.05.22 08:10:37.515,1.29989,1.30009,1.50,2.45
2012.05.22 08:10:37.795,1.29995,1.30012,1.50,1.47
2012.05.22 08:10:37.989,1.29989,1.3001,1.50,1.10
2012.05.22 08:10:38.066,1.29986,1.30009,1.50,3.35
2012.05.22 08:10:38.595,1.29985,1.30009,1.50,1.10
2012.05.22 08:10:38.723,1.2999,1.30009,1.50,1.10
2012.05.22 08:10:38.794,1.29987,1.30009,1.50,2.25
2012.05.22 08:10:38.863,1.29985,1.30009,1.50,2.25
2012.05.22 08:10:39.386,1.29984,1.30009,2.25,2.25
2012.05.22 08:10:41.812,1.29982,1.30004,3.00,1.50
2012.05.22 08:10:42.162,1.29985,1.30008,1.50,2.25
2012.05.22 08:10:45.553,1.29989,1.30008,2.25,1.50
2012.05.22 08:10:45.863,1.29992,1.30013,1.50,1.47
2012.05.22 08:10:46.113,1.29992,1.30015,2.25,1.50
2012.05.22 08:10:46.183,1.29992,1.30015,2.25,1.50
2012.05.22 08:10:46.254,1.29992,1.30015,2.25,2.10
2012.05.22 08:10:46.322,1.29989,1.30012,2.25,1.50
2012.05.22 08:10:46.824,1.29991,1.30013,1.50,1.35
2012.05.22 08:10:47.280,1.29991,1.30013,1.50,1.35
2012.05.22 08:10:47.623,1.29986,1.30011,3.00,2.25
2012.05.22 08:10:48.604,1.29986,1.30009,2.25,1.50
2012.05.22 08:10:49.137,1.29991,1.30012,1.50,2.25
2012.05.22 08:10:50.353,1.29987,1.30012,2.25,3.75
2012.05.22 08:10:51.744,1.29987,1.30012,1.50,3.00
2012.05.22 08:10:52.295,1.2999,1.30012,1.50,2.25
2012.05.22 08:10:52.366,1.2999,1.30012,2.25,1.50
2012.05.22 08:10:52.436,1.29995,1.30016,1.50,1.85
2012.05.22 08:10:53.028,1.29995,1.30016,1.50,1.50
2012.05.22 08:10:53.102,1.29992,1.30015,2.25,2.25
2012.05.22 08:10:53.584,1.29995,1.30016,1.50,1.50
2012.05.22 08:10:54.704,1.29991,1.30016,2.25,3.00
2012.05.22 08:10:55.055,1.2999,1.30011,2.25,1.50
2012.05.22 08:10:56.536,1.2999,1.30015,3.00,2.25
2012.05.22 08:10:56.665,1.2999,1.30015,2.25,2.25
2012.05.22 08:10:57.005,1.29991,1.30014,1.50,4.10
2012.05.22 08:10:57.845,1.29986,1.30009,2.25,2.25
2012.05.22 08:10:59.775,1.29988,1.30011,1.50,2.25
2012.05.22 08:11:00.312,1.29987,1.30009,1.50,2.25
2012.05.22 08:11:00.746,1.29988,1.30011,2.25,2.25
2012.05.22 08:11:00.815,1.29991,1.30013,1.50,1.10
2012.05.22 08:11:01.324,1.29988,1.30011,2.25,1.50
2012.05.22 08:11:01.725,1.29993,1.30013,1.50,1.10
2012.05.22 08:11:02.015,1.29989,1.30014,1.50,2.60
2012.05.22 08:11:02.203,1.29988,1.30009,1.50,1.50
2012.05.22 08:11:02.601,1.29984,1.30009,4.50,1.50
2012.05.22 08:11:02.675,1.29988,1.30011,2.25,1.50
2012.05.22 08:11:02.785,1.29988,1.30011,2.25,1.50
2012.05.22 08:11:03.752,1.29991,1.30014,1.50,4.10
2012.05.22 08:11:04.287,1.29996,1.30018,2.25,2.22
2012.05.22 08:11:04.568,1.29994,1.30016,1.50,1.88
2012.05.22 08:11:04.709,1.3,1.3002,1.35,2.60
2012.05.22 08:11:05.203,1.30006,1.30025,1.50,1.85
2012.05.22 08:11:05.406,1.30003,1.30025,1.50,1.85
2012.05.22 08:11:05.663,1.30006,1.30025,1.50,1.85
2012.05.22 08:11:05.861,1.30006,1.30025,1.50,1.50
2012.05.22 08:11:06.456,1.30006,1.30025,1.50,2.25
2012.05.22 08:11:06.529,1.29999,1.30023,2.25,2.25
2012.05.22 08:11:06.662,1.30008,1.30023,1.50,1.50
2012.05.22 08:11:06.735,1.30005,1.30023,1.50,1.50
2012.05.22 08:11:06.805,1.30005,1.30025,1.50,1.13
2012.05.22 08:11:07.052,1.30008,1.30025,1.50,1.50
2012.05.22 08:11:07.583,1.30006,1.30025,1.50,1.50
2012.05.22 08:11:08.385,1.30005,1.30025,1.50,1.50
2012.05.22 08:11:08.595,1.30009,1.30027,1.50,1.10
2012.05.22 08:11:08.664,1.30009,1.30027,1.50,1.10
2012.05.22 08:11:09.329,1.3001,1.30027,1.50,1.10
2012.05.22 08:11:09.404,1.30008,1.30027,1.50,1.10
2012.05.22 08:11:09.835,1.30006,1.30027,1.50,1.10
2012.05.22 08:11:10.397,1.30001,1.30022,1.50,1.50
2012.05.22 08:11:10.644,1.30001,1.30025,1.50,2.25
2012.05.22 08:11:11.529,1.30001,1.30022,1.50,1.50
2012.05.22 08:11:12.174,1.30002,1.30025,2.25,2.25
2012.05.22 08:11:12.535,1.30004,1.30028,1.50,1.10
2012.05.22 08:11:12.863,1.30011,1.3003,1.50,1.10
2012.05.22 08:11:13.183,1.30013,1.30032,1.50,1.13
2012.05.22 08:11:13.686,1.3001,1.30031,2.25,1.13
2012.05.22 08:11:14.232,1.3001,1.3003,2.25,2.25
2012.05.22 08:11:14.365,1.30008,1.30028,2.25,1.50
2012.05.22 08:11:14.435,1.3001,1.30031,2.25,1.73
2012.05.22 08:11:14.874,1.30012,1.30031,1.50,1.73
2012.05.22 08:11:15.112,1.3001,1.30031,2.25,1.73
2012.05.22 08:11:15.673,1.30012,1.30031,1.50,1.35
2012.05.22 08:11:16.196,1.30015,1.30031,1.50,1.73
2012.05.22 08:11:16.339,1.30011,1.30031,1.50,1.73
2012.05.22 08:11:16.485,1.30015,1.30031,1.50,1.73
2012.05.22 08:11:16.747,1.30013,1.30036,2.25,1.85
2012.05.22 08:11:16.884,1.30013,1.30036,2.25,1.50
2012.05.22 08:11:17.389,1.30013,1.30036,1.50,3.60
2012.05.22 08:11:18.391,1.30011,1.30034,2.25,1.50
2012.05.22 08:11:18.529,1.30011,1.30032,2.25,1.50
2012.05.22 08:11:18.962,1.30004,1.30027,2.25,1.50
2012.05.22 08:11:19.037,1.30003,1.30023,2.25,1.50
2012.05.22 08:11:19.175,1.30003,1.30027,2.25,1.50
2012.05.22 08:11:20.353,1.30003,1.30027,1.50,1.50
2012.05.22 08:11:20.685,1.30008,1.30031,2.25,1.50
2012.05.22 08:11:20.757,1.30003,1.30027,2.25,1.50
2012.05.22 08:11:21.074,1.30003,1.30023,2.25,1.50
2012.05.22 08:11:21.335,1.30003,1.30025,1.50,1.50
2012.05.22 08:11:22.746,1.30003,1.30022,1.50,1.50
2012.05.22 08:11:23.398,1.30003,1.30026,1.50,1.50
2012.05.22 08:11:26.429,1.30005,1.30028,2.25,1.50
2012.05.22 08:11:26.973,1.30006,1.30029,1.50,2.25
2012.05.22 08:11:27.266,1.30006,1.30028,1.50,1.47
2012.05.22 08:11:27.336,1.30006,1.30028,1.50,1.47
2012.05.22 08:11:27.407,1.30006,1.30025,1.50,1.50
2012.05.22 08:11:27.476,1.30002,1.30025,1.50,1.50
2012.05.22 08:11:27.750,1.30012,1.30029,1.50,1.47
2012.05.22 08:11:28.096,1.30013,1.30032,1.50,1.50
2012.05.22 08:11:28.614,1.30013,1.30035,1.50,1.50
2012.05.22 08:11:28.685,1.30009,1.30032,2.25,2.25
2012.05.22 08:11:28.816,1.30012,1.30035,2.25,3.35
2012.05.22 08:11:29.155,1.30015,1.30035,1.50,1.85
2012.05.22 08:11:29.240,1.30011,1.30035,2.25,1.85
2012.05.22 08:11:29.464,1.30007,1.3003,3.00,1.50
2012.05.22 08:11:30.856,1.30014,1.30035,1.50,1.50
2012.05.22 08:11:30.925,1.30017,1.30035,1.50,1.50
2012.05.22 08:11:31.445,1.30017,1.30036,1.50,2.60
2012.05.22 08:11:31.804,1.30014,1.30035,2.25,1.10
2012.05.22 08:11:31.873,1.30017,1.30035,1.50,1.10
2012.05.22 08:11:32.393,1.30015,1.30035,1.50,1.10
2012.05.22 08:11:32.793,1.30017,1.30035,1.50,1.10
2012.05.22 08:11:33.325,1.30014,1.30035,2.25,1.10
2012.05.22 08:11:33.586,1.30017,1.30036,1.50,1.10
2012.05.22 08:11:34.118,1.30018,1.30041,1.50,1.50
2012.05.22 08:11:34.186,1.30018,1.30041,2.25,1.50
2012.05.22 08:11:34.376,1.3002,1.30042,1.50,1.10
2012.05.22 08:11:34.656,1.30026,1.30048,1.50,2.25
2012.05.22 08:11:34.939,1.30023,1.30045,1.50,1.50
2012.05.22 08:11:35.148,1.30019,1.30042,1.50,2.25
2012.05.22 08:11:35.555,1.30027,1.3004,1.50,3.00
2012.05.22 08:11:35.631,1.30016,1.30036,1.50,1.50
2012.05.22 08:11:35.779,1.30016,1.30038,1.50,3.00
2012.05.22 08:11:36.284,1.30016,1.30037,1.50,1.50
2012.05.22 08:11:36.489,1.30014,1.30036,1.73,1.50
2012.05.22 08:11:36.564,1.30014,1.30033,1.73,1.50
2012.05.22 08:11:36.877,1.30012,1.30035,3.00,2.25
2012.05.22 08:11:36.945,1.30012,1.30035,2.25,2.25
2012.05.22 08:11:37.206,1.30011,1.30032,1.50,1.50
2012.05.22 08:11:37.350,1.30014,1.30035,1.50,1.50
2012.05.22 08:11:41.064,1.30015,1.30037,1.50,2.60
2012.05.22 08:11:41.341,1.30016,1.30035,1.50,1.50
2012.05.22 08:11:41.420,1.30009,1.30031,1.50,2.25
2012.05.22 08:11:41.497,1.30009,1.30029,1.50,1.50
2012.05.22 08:11:41.624,1.30007,1.30029,1.50,1.50
2012.05.22 08:11:41.756,1.30008,1.30032,2.25,1.50
2012.05.22 08:11:41.945,1.30012,1.30032,1.50,1.50
2012.05.22 08:11:42.487,1.30013,1.30034,1.50,1.13
2012.05.22 08:11:43.005,1.30013,1.30035,1.50,2.25
2012.05.22 08:11:43.531,1.30013,1.30035,2.25,1.50
2012.05.22 08:11:46.325,1.30013,1.30033,1.50,1.35
2012.05.22 08:11:46.396,1.30013,1.30035,1.50,2.85
2012.05.22 08:11:46.467,1.30009,1.3003,1.50,1.50
2012.05.22 08:11:46.535,1.30009,1.30034,3.00,1.50
2012.05.22 08:11:46.724,1.30009,1.30031,2.25,1.50
2012.05.22 08:11:47.334,1.30009,1.30034,3.75,1.50
2012.05.22 08:11:49.345,1.30013,1.30036,2.25,1.50
2012.05.22 08:11:49.666,1.30018,1.30037,1.50,1.50
2012.05.22 08:11:50.103,1.30014,1.30037,2.25,1.50
2012.05.22 08:11:50.653,1.30017,1.30038,1.50,2.60
2012.05.22 08:11:50.997,1.30022,1.30039,1.50,1.10
2012.05.22 08:11:51.335,1.30024,1.30046,1.50,1.50
2012.05.22 08:11:51.407,1.30024,1.30047,1.50,1.88
2012.05.22 08:11:55.783,1.30021,1.30046,3.00,2.25
2012.05.22 08:11:56.752,1.30021,1.30046,2.25,3.00
2012.05.22 08:11:57.722,1.30021,1.30046,2.25,3.00
2012.05.22 08:11:58.875,1.3002,1.30041,2.25,1.50
2012.05.22 08:11:59.162,1.30021,1.30046,2.25,3.00
2012.05.22 08:12:00.535,1.30021,1.30044,1.50,1.50
2012.05.22 08:12:02.170,1.30021,1.30044,1.50,1.50
2012.05.22 08:12:02.975,1.30021,1.30046,1.50,3.75
2012.05.22 08:12:04.923,1.30018,1.30043,3.00,1.50
2012.05.22 08:12:05.213,1.30022,1.30044,1.50,1.50
2012.05.22 08:12:05.526,1.30015,1.30039,2.25,2.25
2012.05.22 08:12:06.275,1.30015,1.30039,1.50,3.00
2012.05.22 08:12:06.465,1.30014,1.30039,2.25,3.00
2012.05.22 08:12:06.925,1.30014,1.30038,2.25,1.10
2012.05.22 08:12:07.545,1.30014,1.30039,2.25,2.60
2012.05.22 08:12:08.089,1.30014,1.30039,2.25,1.85
2012.05.22 08:12:08.987,1.30019,1.30038,1.50,1.10
2012.05.22 08:12:09.782,1.30016,1.30038,2.25,1.85
2012.05.22 08:12:11.016,1.30016,1.30038,2.25,1.10
2012.05.22 08:12:11.204,1.30016,1.30039,2.25,1.10
2012.05.22 08:12:12.650,1.30016,1.30037,1.50,1.50
2012.05.22 08:12:12.727,1.30017,1.30039,2.25,1.50
2012.05.22 08:12:12.870,1.3002,1.30043,1.50,2.25
2012.05.22 08:12:14.515,1.30021,1.30043,1.50,2.25
2012.05.22 08:12:14.585,1.30024,1.30045,1.50,1.10
2012.05.22 08:12:16.335,1.30019,1.30042,2.25,1.50
2012.05.22 08:12:16.854,1.30019,1.30041,1.50,2.25
2012.05.22 08:12:18.694,1.30019,1.30041,1.50,2.25
2012.05.22 08:12:19.254,1.30017,1.30041,3.00,1.50
2012.05.22 08:12:20.513,1.30017,1.30041,3.00,1.50
2012.05.22 08:12:20.844,1.30017,1.30042,2.25,3.35
2012.05.22 08:12:21.133,1.30017,1.3004,1.50,1.50
2012.05.22 08:12:23.043,1.30015,1.3004,4.50,2.25
2012.05.22 08:12:23.736,1.30016,1.30037,1.50,1.50
2012.05.22 08:12:23.862,1.30016,1.3004,1.50,2.25
2012.05.22 08:12:24.068,1.30016,1.30037,1.50,1.50
2012.05.22 08:12:25.555,1.30016,1.30038,3.00,1.50
2012.05.22 08:12:26.084,1.30015,1.30039,2.25,2.25
2012.05.22 08:12:26.616,1.30013,1.30036,2.25,1.50
2012.05.22 08:12:29.298,1.30013,1.30036,2.25,2.25
2012.05.22 08:12:29.496,1.30015,1.30037,1.50,1.50
2012.05.22 08:12:29.625,1.3001,1.30033,3.00,1.50
2012.05.22 08:12:29.695,1.3001,1.30033,3.00,1.50
2012.05.22 08:12:29.995,1.3001,1.3003,1.50,1.50
2012.05.22 08:12:30.756,1.30009,1.30026,1.50,1.50
2012.05.22 08:12:31.282,1.30003,1.30027,2.48,1.50
2012.05.22 08:12:32.645,1.30006,1.30029,2.25,1.50
2012.05.22 08:12:32.775,1.30009,1.30032,2.25,1.50
2012.05.22 08:12:33.193,1.30011,1.30034,1.50,1.10
2012.05.22 08:12:33.549,1.30009,1.30031,1.50,2.25
2012.05.22 08:12:33.924,1.30008,1.30027,1.50,1.50
2012.05.22 08:12:34.456,1.30008,1.30027,1.50,1.50
2012.05.22 08:12:35.434,1.30008,1.30027,1.50,1.50
2012.05.22 08:12:36.341,1.30008,1.30027,1.50,1.50
2012.05.22 08:12:36.645,1.30006,1.30027,1.50,1.50
2012.05.22 08:12:37.724,1.30007,1.3003,2.25,3.00
2012.05.22 08:12:38.143,1.30004,1.30028,2.25,1.50
2012.05.22 08:12:40.807,1.30009,1.30029,1.50,1.50
2012.05.22 08:12:40.934,1.30006,1.30029,2.25,3.00
2012.05.22 08:12:41.125,1.30009,1.30032,1.50,2.25
2012.05.22 08:12:41.465,1.30011,1.30033,1.50,1.10
2012.05.22 08:12:41.593,1.30009,1.30032,1.50,2.25
2012.05.22 08:12:41.847,1.30013,1.30033,1.50,1.10
2012.05.22 08:12:42.556,1.30013,1.30034,1.50,1.10
2012.05.22 08:12:43.165,1.30016,1.30034,1.50,1.10
2012.05.22 08:12:44.615,1.30019,1.30034,1.50,1.10
2012.05.22 08:12:44.745,1.30019,1.30037,1.50,1.50
2012.05.22 08:12:45.276,1.30019,1.3004,1.50,1.10
2012.05.22 08:12:45.417,1.30013,1.30038,2.25,1.50
2012.05.22 08:12:45.490,1.3002,1.30038,1.50,1.50
2012.05.22 08:12:45.794,1.30025,1.30042,1.50,1.50
2012.05.22 08:12:45.872,1.30022,1.30043,1.50,1.50
2012.05.22 08:12:46.258,1.30026,1.30043,1.50,1.50
2012.05.22 08:12:46.505,1.30024,1.30043,1.50,1.50
2012.05.22 08:12:46.866,1.30022,1.30043,3.00,1.50
2012.05.22 08:12:47.207,1.3002,1.30043,1.50,3.00
2012.05.22 08:12:47.276,1.30018,1.30043,2.25,3.00
2012.05.22 08:12:47.418,1.30023,1.30043,1.50,1.50
2012.05.22 08:12:47.558,1.3002,1.30043,1.50,1.50
2012.05.22 08:12:47.955,1.3002,1.30043,1.50,1.50
2012.05.22 08:12:48.087,1.30015,1.30039,3.00,2.25
2012.05.22 08:12:48.156,1.30016,1.30039,1.50,1.50
2012.05.22 08:12:48.293,1.30019,1.30041,1.50,1.35
2012.05.22 08:12:48.636,1.30024,1.30045,1.50,1.85
2012.05.22 08:12:49.184,1.30021,1.30046,2.25,3.00
2012.05.22 08:12:49.687,1.30024,1.30047,1.50,1.50
2012.05.22 08:12:49.755,1.30024,1.30049,1.50,2.25
2012.05.22 08:12:50.275,1.30024,1.30049,1.50,2.25
2012.05.22 08:12:50.584,1.30028,1.3005,1.50,4.10
2012.05.22 08:12:50.655,1.30025,1.30048,3.00,1.50
2012.05.22 08:12:51.663,1.30025,1.30048,1.50,2.25
2012.05.22 08:12:52.093,1.30019,1.30043,2.25,2.60
2012.05.22 08:12:52.386,1.30026,1.30043,1.50,1.10
2012.05.22 08:12:53.524,1.30019,1.30042,2.25,1.50
2012.05.22 08:12:53.596,1.30022,1.30044,2.25,2.10
2012.05.22 08:12:53.789,1.30033,1.30045,1.50,2.60
2012.05.22 08:12:53.984,1.30022,1.30045,2.25,2.25
2012.05.22 08:12:54.322,1.30025,1.30046,1.50,2.45
2012.05.22 08:12:54.833,1.30018,1.30043,2.25,1.50
2012.05.22 08:12:55.459,1.30022,1.30044,2.25,1.10
2012.05.22 08:12:56.931,1.30028,1.30045,1.50,1.10
2012.05.22 08:12:58.994,1.30018,1.30043,2.25,1.50
2012.05.22 08:12:59.442,1.30029,1.30045,1.50,1.10
2012.05.22 08:12:59.515,1.30021,1.30045,2.25,1.10
2012.05.22 08:12:59.585,1.30028,1.30046,1.50,3.20
2012.05.22 08:12:59.736,1.30018,1.30043,2.25,1.50
2012.05.22 08:13:00.282,1.30026,1.30045,2.25,1.10
2012.05.22 08:13:00.851,1.30027,1.30045,1.50,1.10
2012.05.22 08:13:01.383,1.30023,1.30045,2.25,1.10
2012.05.22 08:13:01.574,1.30019,1.30042,2.25,1.50
2012.05.22 08:13:01.899,1.30024,1.30046,2.25,2.45
2012.05.22 08:13:02.050,1.30024,1.30046,2.25,2.45
2012.05.22 08:13:02.197,1.30019,1.30042,2.25,1.50
2012.05.22 08:13:02.408,1.30022,1.30044,2.25,2.25
2012.05.22 08:13:02.928,1.30019,1.30044,2.25,3.00
2012.05.22 08:13:03.003,1.30026,1.30044,1.50,1.50
2012.05.22 08:13:03.077,1.30023,1.30044,2.25,1.50
2012.05.22 08:13:03.675,1.30019,1.30044,2.25,3.75
2012.05.22 08:13:03.996,1.30021,1.30041,2.25,1.35
2012.05.22 08:13:04.404,1.30018,1.30041,2.25,2.85
2012.05.22 08:13:05.215,1.30014,1.30038,1.50,1.50
2012.05.22 08:13:05.547,1.30019,1.30043,2.25,2.60
2012.05.22 08:13:05.691,1.30022,1.30041,1.35,1.50
2012.05.22 08:13:05.769,1.30026,1.30041,2.25,1.50
2012.05.22 08:13:05.838,1.30023,1.30048,2.25,1.50
2012.05.22 08:13:06.119,1.30022,1.30044,2.10,1.50
2012.05.22 08:13:06.336,1.30023,1.30046,2.25,1.50
2012.05.22 08:13:06.479,1.30026,1.3004,2.25,1.50
2012.05.22 08:13:06.557,1.30021,1.30038,1.50,1.50
2012.05.22 08:13:06.768,1.30024,1.30047,2.25,2.85
2012.05.22 08:13:07.977,1.30024,1.30047,2.25,2.85
2012.05.22 08:13:08.184,1.30024,1.30047,1.50,2.85
2012.05.22 08:13:08.734,1.3002,1.30043,3.00,2.25
2012.05.22 08:13:09.064,1.30026,1.30045,1.50,1.13
2012.05.22 08:13:09.133,1.30023,1.30045,2.25,1.13
2012.05.22 08:13:09.265,1.30025,1.30045,1.50,1.13
2012.05.22 08:13:09.573,1.30023,1.30045,1.50,2.63
2012.05.22 08:13:09.643,1.30023,1.30044,1.50,3.00
2012.05.22 08:13:10.074,1.30024,1.30045,1.50,1.13
2012.05.22 08:13:10.145,1.30024,1.30043,1.50,1.50
2012.05.22 08:13:10.287,1.3002,1.30043,3.00,3.00
2012.05.22 08:13:10.558,1.30024,1.30046,2.25,1.10
2012.05.22 08:13:10.885,1.30023,1.30047,3.00,2.25
2012.05.22 08:13:11.325,1.30023,1.30041,1.50,1.50
2012.05.22 08:13:11.656,1.30028,1.30043,1.50,1.50
2012.05.22 08:13:11.727,1.30028,1.30047,1.50,1.85
2012.05.22 08:13:11.798,1.30022,1.30047,2.25,3.35
2012.05.22 08:13:12.005,1.30021,1.30042,1.50,1.50
2012.05.22 08:13:12.074,1.30021,1.30042,1.50,1.50
2012.05.22 08:13:12.396,1.30019,1.30043,1.35,2.25
2012.05.22 08:13:12.534,1.30018,1.30043,1.50,2.85
2012.05.22 08:13:12.604,1.30016,1.30039,4.43,2.25
2012.05.22 08:13:13.145,1.30017,1.30037,1.50,1.50
2012.05.22 08:13:13.705,1.30017,1.30037,1.50,1.50
2012.05.22 08:13:13.894,1.30016,1.30039,3.00,1.50
2012.05.22 08:13:14.243,1.30019,1.30041,1.50,2.25
2012.05.22 08:13:15.072,1.30019,1.30042,1.50,2.63
2012.05.22 08:13:15.663,1.30017,1.30039,1.50,1.50
2012.05.22 08:13:18.284,1.30019,1.30042,1.50,2.97
2012.05.22 08:13:18.712,1.30014,1.30035,3.00,1.50
2012.05.22 08:13:19.056,1.30015,1.30035,1.50,1.50
2012.05.22 08:13:19.136,1.3002,1.30045,2.25,1.85
2012.05.22 08:13:19.678,1.30021,1.30045,1.50,1.50
2012.05.22 08:13:19.886,1.30021,1.30046,3.00,2.25
2012.05.22 08:13:20.014,1.3002,1.30042,3.00,1.50
2012.05.22 08:13:20.437,1.30017,1.30039,1.73,1.50
2012.05.22 08:13:22.357,1.30019,1.30042,2.25,3.00
2012.05.22 08:13:23.102,1.30017,1.3004,1.73,1.50
2012.05.22 08:13:23.175,1.30019,1.30044,2.25,2.25
2012.05.22 08:13:23.305,1.30018,1.3004,1.50,1.50
2012.05.22 08:13:23.612,1.3002,1.30043,2.25,3.00
2012.05.22 08:13:25.215,1.3002,1.30043,2.25,1.50
2012.05.22 08:13:25.345,1.30023,1.30043,1.50,1.50
2012.05.22 08:13:25.662,1.30025,1.30044,1.50,1.50
2012.05.22 08:13:25.943,1.30022,1.30044,3.75,1.50
2012.05.22 08:13:27.420,1.30022,1.30045,2.25,1.50
2012.05.22 08:13:28.165,1.30025,1.30045,1.50,1.50
2012.05.22 08:13:28.847,1.30024,1.30042,1.50,1.50
2012.05.22 08:13:28.915,1.30018,1.30042,3.00,1.50
2012.05.22 08:13:29.537,1.30021,1.30045,2.25,4.50
2012.05.22 08:13:29.796,1.30026,1.30045,1.50,1.50
2012.05.22 08:13:29.866,1.30024,1.30045,1.50,1.50
2012.05.22 08:13:31.057,1.30024,1.30047,2.25,1.85
2012.05.22 08:13:31.327,1.30026,1.30047,1.50,1.10
2012.05.22 08:13:31.727,1.30028,1.30048,1.50,1.10
2012.05.22 08:13:32.254,1.30028,1.30049,1.50,1.25
2012.05.22 08:13:32.596,1.30029,1.30048,1.50,1.10
2012.05.22 08:13:32.728,1.30025,1.3005,2.25,2.25
2012.05.22 08:13:32.915,1.30023,1.30048,2.25,2.25
2012.05.22 08:13:32.985,1.30024,1.30048,1.50,2.25
2012.05.22 08:13:33.487,1.30024,1.30046,1.50,1.50
2012.05.22 08:13:33.676,1.30023,1.30048,3.00,2.25
2012.05.22 08:13:33.806,1.30023,1.30046,2.25,2.25
2012.05.22 08:13:34.134,1.30026,1.30052,1.50,3.75
2012.05.22 08:13:35.478,1.30024,1.30045,2.25,1.50
2012.05.22 08:13:35.619,1.3002,1.30044,3.00,1.50
2012.05.22 08:13:35.697,1.3002,1.30043,1.50,2.25
2012.05.22 08:13:36.287,1.30018,1.30042,3.00,2.25
2012.05.22 08:13:37.017,1.30018,1.30042,3.00,2.25
2012.05.22 08:13:40.171,1.3002,1.30043,1.50,1.70
2012.05.22 08:13:41.214,1.30019,1.30042,1.50,2.60
2012.05.22 08:13:41.724,1.30017,1.30039,2.25,1.50
2012.05.22 08:13:43.373,1.30018,1.30041,2.25,2.25
2012.05.22 08:13:46.073,1.30015,1.30039,2.25,1.50
2012.05.22 08:13:46.416,1.30013,1.30035,1.50,2.10
2012.05.22 08:13:46.605,1.30009,1.30034,2.25,2.25
2012.05.22 08:13:46.676,1.30011,1.30034,1.50,2.25
2012.05.22 08:13:47.186,1.3001,1.30033,1.50,1.50
2012.05.22 08:13:48.625,1.30011,1.30033,1.50,1.50
2012.05.22 08:13:48.954,1.30008,1.30029,1.50,1.50
2012.05.22 08:13:49.025,1.3001,1.30035,1.50,3.35
2012.05.22 08:13:49.166,1.30013,1.30031,1.50,1.50
2012.05.22 08:13:49.236,1.30011,1.30031,1.50,1.50
2012.05.22 08:13:49.309,1.30008,1.30031,1.50,3.00
2012.05.22 08:13:50.792,1.30006,1.30029,1.50,1.50
2012.05.22 08:13:51.274,1.30005,1.30029,1.50,2.25
2012.05.22 08:13:51.612,1.30008,1.3003,1.50,1.50
2012.05.22 08:13:51.683,1.30005,1.30028,1.50,2.25
2012.05.22 08:13:52.214,1.30003,1.30028,2.25,2.25
2012.05.22 08:13:52.877,1.30008,1.3003,1.50,1.85
2012.05.22 08:13:53.066,1.30005,1.30028,2.25,2.25
2012.05.22 08:13:53.596,1.30001,1.30024,2.25,1.50
2012.05.22 08:13:53.665,1.30003,1.30028,2.25,2.25
2012.05.22 08:13:54.359,1.30006,1.3003,1.50,1.85
2012.05.22 08:13:55.105,1.30005,1.30028,2.25,2.25
2012.05.22 08:13:55.366,1.30002,1.30024,2.25,1.50
2012.05.22 08:13:55.677,1.30002,1.30024,2.25,1.50
2012.05.22 08:13:56.076,1.30004,1.30029,2.25,1.85
2012.05.22 08:13:56.278,1.30009,1.3003,1.50,1.10
2012.05.22 08:13:56.907,1.30006,1.3003,2.25,1.47
2012.05.22 08:13:56.983,1.30006,1.30029,2.25,1.85
2012.05.22 08:13:57.333,1.3001,1.30031,1.50,2.45
2012.05.22 08:13:57.516,1.30007,1.3003,2.25,1.85
2012.05.22 08:13:57.717,1.3001,1.30031,1.50,2.45
2012.05.22 08:13:58.094,1.30006,1.30031,2.25,3.95
2012.05.22 08:13:58.299,1.30009,1.30031,1.50,2.45
2012.05.22 08:13:58.391,1.30006,1.30031,2.25,3.95
2012.05.22 08:13:59.585,1.30006,1.3003,2.25,1.10
2012.05.22 08:13:59.835,1.30009,1.3003,1.50,1.10
2012.05.22 08:14:00.332,1.30009,1.3003,1.50,1.10
2012.05.22 08:14:01.108,1.30008,1.3003,1.50,2.60
2012.05.22 08:14:01.743,1.30007,1.3003,1.50,2.60
2012.05.22 08:14:02.025,1.3001,1.3003,1.50,1.10
2012.05.22 08:14:02.274,1.30005,1.3003,3.00,2.60
2012.05.22 08:14:02.463,1.30009,1.3003,1.50,2.60
2012.05.22 08:14:02.848,1.30011,1.30031,1.50,2.45
2012.05.22 08:14:03.395,1.30006,1.30031,2.25,3.95
2012.05.22 08:14:03.537,1.3001,1.30031,1.50,2.45
2012.05.22 08:14:06.162,1.30006,1.30031,3.00,3.35
2012.05.22 08:14:06.474,1.3001,1.3003,1.50,1.10
2012.05.22 08:14:06.543,1.30007,1.3003,1.50,2.60
2012.05.22 08:14:07.343,1.3001,1.30031,1.50,2.45
2012.05.22 08:14:08.996,1.30007,1.3003,2.25,1.50
2012.05.22 08:14:09.064,1.30005,1.30028,1.50,1.50
2012.05.22 08:14:09.193,1.30006,1.30031,2.25,3.35
2012.05.22 08:14:10.273,1.30006,1.30031,2.25,3.35
2012.05.22 08:14:11.364,1.30004,1.30028,2.25,1.50
2012.05.22 08:14:11.435,1.30003,1.30028,2.25,1.50
2012.05.22 08:14:11.692,1.30005,1.30026,2.25,1.50
2012.05.22 08:14:12.324,1.30005,1.30028,2.25,1.50
2012.05.22 08:14:13.758,1.30005,1.30029,2.25,1.10
2012.05.22 08:14:14.805,1.30005,1.3003,2.25,2.60
2012.05.22 08:14:16.424,1.30008,1.3003,2.25,1.10
2012.05.22 08:14:18.268,1.30008,1.3003,2.25,1.10
2012.05.22 08:14:18.615,1.30015,1.30035,1.50,1.85
2012.05.22 08:14:18.950,1.30013,1.30034,1.50,1.85
2012.05.22 08:14:19.463,1.30013,1.30035,1.50,1.85
2012.05.22 08:14:20.169,1.30009,1.30034,2.25,1.85
2012.05.22 08:14:20.247,1.30014,1.30035,1.50,1.85
2012.05.22 08:14:20.384,1.3001,1.30035,2.25,3.35
2012.05.22 08:14:20.456,1.30007,1.3003,2.25,1.50
2012.05.22 08:14:20.706,1.30011,1.30033,2.25,1.85
2012.05.22 08:14:21.056,1.30006,1.30031,2.25,1.50
2012.05.22 08:14:21.709,1.30006,1.30031,2.25,2.25
2012.05.22 08:14:22.394,1.30011,1.30033,1.50,1.10
2012.05.22 08:14:22.918,1.30011,1.3003,1.50,1.10
2012.05.22 08:14:23.413,1.30004,1.30023,2.25,1.10
2012.05.22 08:14:23.767,1.30008,1.30023,1.50,1.10
2012.05.22 08:14:23.837,1.30005,1.30023,1.50,1.10
2012.05.22 08:14:24.585,1.30005,1.30023,1.50,1.10
2012.05.22 08:14:25.105,1.30001,1.30023,2.25,1.10
2012.05.22 08:14:25.626,1.30001,1.30023,2.25,1.10
2012.05.22 08:14:26.337,1.30001,1.30023,3.00,1.10
2012.05.22 08:14:26.887,1.30001,1.30023,2.25,1.10
2012.05.22 08:14:27.542,1.30001,1.30023,3.00,1.10
2012.05.22 08:14:27.792,1.30001,1.30025,3.00,2.22
2012.05.22 08:14:28.112,1.30004,1.30025,2.25,1.88
2012.05.22 08:14:28.373,1.30006,1.30025,1.50,2.22
2012.05.22 08:14:28.627,1.30003,1.30025,2.25,2.22
2012.05.22 08:14:29.460,1.30005,1.30025,1.50,1.50
2012.05.22 08:14:31.965,1.30005,1.30023,2.25,1.10
2012.05.22 08:14:32.154,1.30005,1.30024,1.50,1.10
2012.05.22 08:14:32.906,1.30007,1.30029,2.25,1.85
2012.05.22 08:14:34.392,1.30007,1.30029,2.25,1.10
2012.05.22 08:14:34.895,1.30005,1.30029,2.25,1.10
2012.05.22 08:14:34.964,1.30005,1.30029,2.25,1.10
2012.05.22 08:14:35.478,1.30009,1.30029,1.50,1.10
2012.05.22 08:14:36.588,1.30005,1.30029,3.00,2.60
2012.05.22 08:14:36.655,1.30005,1.30026,1.50,1.50
2012.05.22 08:14:37.203,1.30008,1.30029,2.25,1.10
2012.05.22 08:14:37.853,1.30005,1.30028,3.75,1.50
2012.05.22 08:14:38.712,1.30008,1.3003,2.25,2.60
2012.05.22 08:14:38.976,1.30005,1.30027,2.25,1.50
2012.05.22 08:14:39.044,1.30007,1.3003,2.25,5.60
2012.05.22 08:14:39.577,1.30003,1.30028,2.25,1.50
2012.05.22 08:14:40.127,1.30007,1.30029,2.25,1.10
2012.05.22 08:14:40.546,1.30004,1.30027,3.75,1.50
2012.05.22 08:14:41.513,1.30007,1.30029,2.25,1.10
2012.05.22 08:14:42.025,1.30007,1.30029,2.25,1.10
2012.05.22 08:14:42.572,1.30009,1.30029,1.50,1.10
2012.05.22 08:14:43.152,1.30009,1.30029,1.50,1.10
2012.05.22 08:14:43.804,1.30008,1.30029,2.25,1.10
2012.05.22 08:14:44.357,1.30003,1.30027,1.50,1.50
2012.05.22 08:14:44.429,1.30003,1.30027,1.50,1.50
2012.05.22 08:14:44.510,1.30007,1.30028,1.50,1.10
2012.05.22 08:14:44.796,1.30005,1.30029,2.25,1.85
2012.05.22 08:14:44.864,1.3001,1.3003,1.50,1.10
2012.05.22 08:14:45.216,1.30012,1.30033,1.50,1.85
2012.05.22 08:14:45.570,1.30008,1.30026,2.25,1.50
2012.05.22 08:14:45.716,1.30003,1.30026,2.25,1.50
2012.05.22 08:14:45.786,1.30006,1.30029,2.25,3.20
2012.05.22 08:14:46.334,1.30008,1.30028,1.50,1.85
2012.05.22 08:14:46.404,1.30007,1.30025,2.25,1.50
2012.05.22 08:14:46.599,1.30002,1.30025,3.00,1.50
2012.05.22 08:14:46.823,1.29999,1.3002,1.50,1.50
2012.05.22 08:14:46.968,1.3,1.30023,2.25,1.50
2012.05.22 08:14:47.321,1.30014,1.30023,1.50,1.10
2012.05.22 08:14:47.743,1.30016,1.30031,1.50,1.28
2012.05.22 08:14:47.826,1.30011,1.30034,2.25,1.28
2012.05.22 08:14:47.967,1.30016,1.30034,1.50,1.28
2012.05.22 08:14:48.107,1.30016,1.30034,1.50,1.10
2012.05.22 08:14:48.174,1.30014,1.30034,2.25,1.10
2012.05.22 08:14:51.105,1.30014,1.30034,2.25,1.85
2012.05.22 08:14:51.996,1.30014,1.30034,1.50,1.85
2012.05.22 08:14:53.331,1.30014,1.30034,1.50,1.85
2012.05.22 08:14:54.039,1.30007,1.3003,4.50,1.50
2012.05.22 08:14:54.188,1.30007,1.3003,3.00,1.50
2012.05.22 08:14:55.007,1.30012,1.30032,1.50,1.10
2012.05.22 08:14:55.077,1.30008,1.30032,2.25,1.10
2012.05.22 08:14:55.735,1.30012,1.30033,1.50,1.85
2012.05.22 08:14:56.614,1.30012,1.30033,1.50,1.85
2012.05.22 08:14:57.057,1.30012,1.30033,1.50,1.10
2012.05.22 08:14:57.125,1.30008,1.30032,2.25,1.85
2012.05.22 08:14:57.255,1.30004,1.30029,3.00,1.50
2012.05.22 08:14:57.585,1.30003,1.30026,1.13,1.85
2012.05.22 08:14:58.096,1.30001,1.30026,2.25,1.50
2012.05.22 08:14:58.405,1.3,1.30022,2.85,1.50
2012.05.22 08:14:58.798,1.3,1.30022,2.25,1.50
2012.05.22 08:14:58.866,1.30001,1.30026,2.25,3.00
2012.05.22 08:14:58.936,1.30003,1.30026,1.50,3.00
2012.05.22 08:14:59.256,1.29998,1.3002,1.95,1.50
2012.05.22 08:15:00.206,1.29997,1.3002,2.25,1.50
2012.05.22 08:15:00.457,1.29997,1.30016,1.50,1.50
2012.05.22 08:15:00.600,1.29997,1.3002,3.75,1.50
2012.05.22 08:15:00.814,1.30004,1.30028,2.25,1.10
2012.05.22 08:15:01.285,1.30004,1.30028,2.25,1.10
2012.05.22 08:15:01.930,1.30004,1.30029,2.25,2.22
2012.05.22 08:15:02.882,1.30008,1.30031,2.25,1.10
2012.05.22 08:15:03.237,1.30014,1.30035,1.50,1.10
2012.05.22 08:15:03.311,1.30008,1.30033,2.25,1.85
2012.05.22 08:15:03.519,1.30006,1.30029,3.75,1.50
2012.05.22 08:15:03.644,1.30009,1.30032,2.25,1.85
2012.05.22 08:15:03.787,1.30009,1.30032,2.25,1.50
2012.05.22 08:15:04.646,1.30012,1.30035,2.25,1.85
2012.05.22 08:15:05.412,1.30011,1.30035,2.25,1.85
2012.05.22 08:15:06.008,1.30012,1.30033,2.25,1.10
2012.05.22 08:15:06.622,1.30012,1.30033,2.25,1.10
2012.05.22 08:15:08.273,1.30012,1.30033,2.25,1.10
2012.05.22 08:15:08.404,1.30012,1.30035,2.25,1.10
2012.05.22 08:15:08.923,1.30012,1.30035,2.25,1.10
2012.05.22 08:15:09.195,1.30012,1.30035,1.50,1.85
2012.05.22 08:15:09.724,1.30011,1.30032,2.25,1.50
2012.05.22 08:15:09.793,1.30013,1.30035,1.50,1.85
2012.05.22 08:15:10.984,1.30013,1.30034,1.50,1.10
2012.05.22 08:15:11.363,1.30013,1.30034,1.50,1.85
2012.05.22 08:15:12.363,1.30013,1.30035,2.25,1.10
2012.05.22 08:15:13.583,1.30009,1.30034,2.25,1.85
2012.05.22 08:15:14.827,1.30009,1.30034,2.25,1.85
2012.05.22 08:15:16.165,1.30013,1.30035,2.25,1.10
2012.05.22 08:15:16.568,1.30019,1.30039,1.50,1.10
2012.05.22 08:15:16.778,1.30015,1.30034,1.50,1.10
2012.05.22 08:15:16.917,1.30009,1.30029,1.20,1.50
2012.05.22 08:15:17.115,1.30009,1.30033,1.50,2.25
2012.05.22 08:15:17.490,1.30006,1.30029,2.25,1.50
2012.05.22 08:15:18.197,1.30006,1.30029,2.25,1.50
2012.05.22 08:15:18.881,1.30009,1.30031,2.25,2.25
2012.05.22 08:15:19.436,1.30009,1.30031,1.50,3.75
2012.05.22 08:15:19.505,1.30005,1.30028,3.00,1.50
2012.05.22 08:15:19.866,1.30007,1.30031,1.50,2.25
2012.05.22 08:15:20.400,1.30006,1.30029,2.25,1.50
2012.05.22 08:15:20.548,1.30005,1.30027,1.50,1.50
2012.05.22 08:15:20.826,1.30003,1.30026,2.25,1.10
2012.05.22 08:15:22.664,1.30008,1.30027,1.50,1.10
2012.05.22 08:15:24.927,1.30006,1.30024,1.50,1.50
2012.05.22 08:15:24.995,1.30004,1.30027,1.50,4.10
2012.05.22 08:15:25.553,1.30003,1.30026,1.50,1.10
2012.05.22 08:15:28.325,1.30003,1.30025,1.50,1.10
2012.05.22 08:15:28.853,1.30004,1.30025,1.50,1.10
2012.05.22 08:15:29.599,1.30004,1.30025,1.50,1.10
2012.05.22 08:15:30.766,1.3,1.30023,2.25,1.85
2012.05.22 08:15:31.345,1.30003,1.30026,2.25,1.50
2012.05.22 08:15:31.978,1.3,1.30023,2.25,1.50
2012.05.22 08:15:32.664,1.30005,1.30027,1.50,1.50
2012.05.22 08:15:35.056,1.30001,1.30026,2.25,1.50
2012.05.22 08:15:35.594,1.30005,1.30029,1.50,1.85
2012.05.22 08:15:36.185,1.30008,1.30028,1.50,1.10
2012.05.22 08:15:36.495,1.3001,1.30028,1.50,1.10
2012.05.22 08:15:36.564,1.30006,1.30028,1.50,1.10
2012.05.22 08:15:37.826,1.30005,1.30028,3.75,1.85
2012.05.22 08:15:37.954,1.30008,1.30029,1.50,1.85
2012.05.22 08:15:38.447,1.30007,1.30032,2.25,2.25
2012.05.22 08:15:38.574,1.30007,1.30031,2.25,1.50
2012.05.22 08:15:38.658,1.30007,1.30031,2.25,1.50
2012.05.22 08:15:40.434,1.30007,1.30032,2.25,3.20
2012.05.22 08:15:40.827,1.30004,1.30026,2.25,1.50
2012.05.22 08:15:40.895,1.30006,1.30029,2.25,2.25
2012.05.22 08:15:41.083,1.30006,1.30027,2.25,1.50
2012.05.22 08:15:41.216,1.30007,1.3003,2.25,1.50
2012.05.22 08:15:42.285,1.30008,1.30031,1.50,2.25
2012.05.22 08:15:43.814,1.30008,1.30031,1.50,2.25
2012.05.22 08:15:45.475,1.30005,1.30029,1.50,2.25
2012.05.22 08:15:46.005,1.30007,1.30029,1.50,2.25
2012.05.22 08:15:46.073,1.30009,1.30031,1.50,2.25
2012.05.22 08:15:46.324,1.30006,1.30029,2.25,2.25
2012.05.22 08:15:46.625,1.30008,1.30033,1.50,2.60
2012.05.22 08:15:47.666,1.30008,1.30032,2.25,1.10
2012.05.22 08:15:48.774,1.3001,1.30033,1.50,2.25
2012.05.22 08:15:49.276,1.30011,1.30035,1.50,4.10
2012.05.22 08:15:53.047,1.30007,1.30028,1.50,1.50
2012.05.22 08:15:53.121,1.30003,1.30028,3.00,2.25
2012.05.22 08:15:53.199,1.30004,1.30027,2.25,2.25
2012.05.22 08:15:53.524,1.30003,1.30028,2.25,2.25
2012.05.22 08:15:53.593,1.30006,1.30028,1.50,2.25
2012.05.22 08:15:54.134,1.30007,1.30029,1.50,1.85
2012.05.22 08:15:54.636,1.30007,1.30028,1.50,1.10
2012.05.22 08:15:54.845,1.30004,1.30028,2.25,1.10
2012.05.22 08:15:55.431,1.30006,1.30028,1.50,1.10
2012.05.22 08:15:55.885,1.30009,1.30029,1.50,1.85
2012.05.22 08:15:59.825,1.30007,1.30026,1.50,1.50
2012.05.22 08:16:00.144,1.30005,1.30024,1.50,1.50
2012.05.22 08:16:00.456,1.30003,1.30028,2.25,3.00
2012.05.22 08:16:01.113,1.30007,1.30028,1.50,1.50
2012.05.22 08:16:01.675,1.30007,1.30029,2.25,1.50
2012.05.22 08:16:09.865,1.30012,1.30029,1.50,1.85
2012.05.22 08:16:11.467,1.30008,1.3003,2.25,1.10
2012.05.22 08:16:12.399,1.30008,1.30033,2.25,2.60
2012.05.22 08:16:12.471,1.30014,1.30034,1.50,1.50
2012.05.22 08:16:12.548,1.30014,1.30035,2.25,1.10
2012.05.22 08:16:13.058,1.30016,1.30036,1.50,1.55
2012.05.22 08:16:14.298,1.30016,1.30036,2.25,1.55
2012.05.22 08:16:19.145,1.30018,1.30036,2.25,1.55
2012.05.22 08:16:19.454,1.30018,1.30039,2.25,1.55
2012.05.22 08:16:19.615,1.30018,1.30039,2.25,1.55
2012.05.22 08:16:23.964,1.30014,1.30036,1.50,1.50
2012.05.22 08:16:24.484,1.30014,1.30038,3.00,1.10
2012.05.22 08:16:25.206,1.30014,1.30036,1.50,1.50
2012.05.22 08:16:25.339,1.30014,1.30034,1.50,1.50
2012.05.22 08:16:25.486,1.30014,1.30034,1.50,1.85
2012.05.22 08:16:26.316,1.30014,1.30037,3.00,3.35
2012.05.22 08:16:26.904,1.30014,1.30037,3.00,1.85
2012.05.22 08:16:26.974,1.30014,1.30032,1.50,1.85
2012.05.22 08:16:27.769,1.30014,1.30034,1.50,1.10
2012.05.22 08:16:28.832,1.30014,1.30034,3.00,1.10
2012.05.22 08:16:29.215,1.30014,1.30033,1.50,1.10
2012.05.22 08:16:29.289,1.30014,1.30033,1.50,1.10
2012.05.22 08:16:29.869,1.30014,1.30034,1.50,1.47
2012.05.22 08:16:30.426,1.30014,1.30034,1.50,1.47
2012.05.22 08:16:31.334,1.30015,1.30034,2.25,1.10
2012.05.22 08:16:31.883,1.30014,1.30034,1.50,1.10
2012.05.22 08:16:33.164,1.30016,1.30038,2.25,3.20
2012.05.22 08:16:33.711,1.30013,1.30033,2.25,1.35
2012.05.22 08:16:34.236,1.30014,1.30033,1.50,1.10
2012.05.22 08:16:34.445,1.30015,1.30037,1.50,1.54
2012.05.22 08:16:34.514,1.30014,1.30037,1.50,1.54
2012.05.22 08:16:35.034,1.30012,1.30032,1.50,1.35
2012.05.22 08:16:35.356,1.30014,1.30028,1.50,1.50
2012.05.22 08:16:35.638,1.30012,1.3003,1.50,1.85
2012.05.22 08:16:36.193,1.30014,1.30031,1.50,1.10
2012.05.22 08:16:36.826,1.30012,1.30031,1.50,1.10
2012.05.22 08:16:37.334,1.30012,1.30031,1.50,1.10
2012.05.22 08:16:37.905,1.30012,1.30031,1.50,1.10
2012.05.22 08:16:38.606,1.30012,1.3003,1.50,1.85
2012.05.22 08:16:39.475,1.30014,1.30031,1.50,2.60
2012.05.22 08:16:40.158,1.30012,1.30031,1.50,2.60
2012.05.22 08:16:40.693,1.30012,1.30031,1.50,2.60
2012.05.22 08:16:41.216,1.30013,1.30031,2.25,1.10
2012.05.22 08:16:42.853,1.30012,1.30031,2.25,1.10
2012.05.22 08:16:43.927,1.30012,1.30031,1.50,1.10
2012.05.22 08:16:44.527,1.30012,1.30031,1.50,1.10
2012.05.22 08:16:45.584,1.30012,1.30032,1.50,1.50
2012.05.22 08:16:48.067,1.30014,1.30033,2.25,1.50
2012.05.22 08:16:48.254,1.30014,1.30037,1.50,1.10
2012.05.22 08:16:48.325,1.30016,1.30037,2.25,1.10
2012.05.22 08:16:48.674,1.30013,1.30034,1.50,2.25
2012.05.22 08:16:49.207,1.30013,1.30033,1.50,2.25
2012.05.22 08:16:50.704,1.30014,1.30033,1.50,2.25
2012.05.22 08:16:51.232,1.30014,1.30035,2.25,1.50
2012.05.22 08:16:51.433,1.30014,1.30036,2.25,2.85
2012.05.22 08:16:51.565,1.30014,1.30031,2.25,1.50
2012.05.22 08:16:52.074,1.30012,1.30031,2.25,2.25
2012.05.22 08:16:52.779,1.30012,1.30031,1.50,2.25
2012.05.22 08:16:55.035,1.30013,1.3003,1.50,1.35
2012.05.22 08:16:56.362,1.30013,1.3003,1.50,1.35
2012.05.22 08:16:56.493,1.30008,1.3003,3.00,1.35
2012.05.22 08:16:57.085,1.30008,1.3003,2.25,1.35
2012.05.22 08:16:59.563,1.30008,1.30031,3.00,2.25
2012.05.22 08:17:00.917,1.30008,1.30031,3.00,2.25
2012.05.22 08:17:03.620,1.30008,1.30031,2.25,2.25
2012.05.22 08:17:04.125,1.30008,1.30031,1.50,3.00
2012.05.22 08:17:04.443,1.30005,1.30029,3.75,2.25
2012.05.22 08:17:04.828,1.30008,1.30031,1.50,4.50
2012.05.22 08:17:05.876,1.30005,1.30029,3.75,2.25
2012.05.22 08:17:06.065,1.30009,1.30032,1.50,2.85
2012.05.22 08:17:06.748,1.30009,1.30031,1.50,1.50
2012.05.22 08:17:09.397,1.30009,1.30032,2.25,3.60
2012.05.22 08:17:09.934,1.30009,1.30032,2.25,2.85
2012.05.22 08:17:14.786,1.30009,1.30032,2.25,2.85
2012.05.22 08:17:18.345,1.30006,1.30026,1.50,2.25
2012.05.22 08:17:18.846,1.30011,1.30028,1.50,1.10
2012.05.22 08:17:18.915,1.30008,1.30028,2.25,1.10
2012.05.22 08:17:19.206,1.30008,1.30031,2.25,1.85
2012.05.22 08:17:19.347,1.30008,1.30031,2.25,1.50
2012.05.22 08:17:19.417,1.30008,1.30033,2.25,4.88
2012.05.22 08:17:19.745,1.30012,1.30034,2.25,1.13
2012.05.22 08:17:20.294,1.3001,1.30033,2.25,3.00
2012.05.22 08:17:20.845,1.30006,1.30031,4.80,1.50
2012.05.22 08:17:21.214,1.30006,1.30031,4.35,1.50
2012.05.22 08:17:21.807,1.30006,1.30028,4.73,1.50
2012.05.22 08:17:22.010,1.30009,1.30031,2.25,1.50
2012.05.22 08:17:22.156,1.30007,1.30028,1.50,1.50
2012.05.22 08:17:23.246,1.30009,1.30031,1.50,2.25
2012.05.22 08:17:24.372,1.30008,1.30025,1.50,1.50
2012.05.22 08:17:24.585,1.30008,1.30029,1.50,2.25
2012.05.22 08:17:26.443,1.30004,1.30025,2.25,1.50
2012.05.22 08:17:26.893,1.30006,1.30028,2.25,2.25
2012.05.22 08:17:28.982,1.30012,1.3003,1.50,2.25
2012.05.22 08:17:29.439,1.30015,1.30031,1.50,1.10
2012.05.22 08:17:29.573,1.30011,1.30031,1.50,1.10
2012.05.22 08:17:30.013,1.30013,1.30031,1.50,1.10
2012.05.22 08:17:30.811,1.30015,1.30032,1.50,1.10
2012.05.22 08:17:31.016,1.30008,1.3003,2.25,2.25
2012.05.22 08:17:31.154,1.30004,1.30026,3.75,1.50
2012.05.22 08:17:31.407,1.30007,1.3003,2.25,2.25
2012.05.22 08:17:31.535,1.30007,1.3003,2.25,2.25
2012.05.22 08:17:32.159,1.30007,1.30028,1.50,1.50
2012.05.22 08:17:32.757,1.30007,1.3003,3.00,2.25
2012.05.22 08:17:35.589,1.30012,1.30031,1.50,2.25
2012.05.22 08:17:36.102,1.30012,1.30029,1.50,1.50
2012.05.22 08:17:36.734,1.30012,1.30032,1.50,2.25
2012.05.22 08:17:37.853,1.30012,1.30029,1.50,1.50
2012.05.22 08:17:38.206,1.30008,1.30024,1.16,1.50
2012.05.22 08:17:39.676,1.30004,1.30021,1.84,1.50
2012.05.22 08:17:41.664,1.30004,1.30025,1.84,1.50
2012.05.22 08:17:41.925,1.30004,1.30022,1.84,1.50
2012.05.22 08:17:42.425,1.30004,1.30026,2.31,2.25
2012.05.22 08:17:42.494,1.30006,1.30027,2.31,1.85
2012.05.22 08:17:42.814,1.30003,1.30023,2.16,1.50
2012.05.22 08:17:43.325,1.30003,1.30025,2.16,2.25
2012.05.22 08:17:46.523,1.30003,1.30025,1.42,2.25
2012.05.22 08:17:47.056,1.30003,1.30025,2.09,1.50
2012.05.22 08:17:47.247,1.30005,1.30028,3.06,1.50
2012.05.22 08:17:47.773,1.30005,1.30028,3.81,1.50
2012.05.22 08:17:48.234,1.30005,1.30028,3.06,1.50
2012.05.22 08:17:48.587,1.30003,1.30026,2.40,2.25
2012.05.22 08:17:49.052,1.30004,1.30027,2.35,3.35
2012.05.22 08:17:49.392,1.30007,1.3003,2.28,1.50
2012.05.22 08:17:49.917,1.30009,1.30034,2.28,3.35
2012.05.22 08:17:50.119,1.30009,1.30034,2.28,3.35
2012.05.22 08:17:50.554,1.30004,1.30027,4.56,1.50
2012.05.22 08:17:51.185,1.30006,1.30029,2.31,2.25
2012.05.22 08:17:53.144,1.30009,1.30032,2.28,1.10
2012.05.22 08:17:53.337,1.30016,1.30033,1.50,1.10
2012.05.22 08:17:53.544,1.30016,1.30034,1.50,1.10
2012.05.22 08:17:54.085,1.30017,1.30036,1.50,1.85
2012.05.22 08:17:54.664,1.30014,1.30036,2.25,1.85
2012.05.22 08:17:54.805,1.30012,1.30034,2.28,1.10
2012.05.22 08:17:55.340,1.30008,1.30034,2.28,1.10
2012.05.22 08:17:55.607,1.30008,1.30035,2.28,2.45
2012.05.22 08:17:55.735,1.30008,1.30034,2.28,1.10
2012.05.22 08:17:58.068,1.30007,1.30031,3.03,1.50
2012.05.22 08:17:59.277,1.30012,1.30034,2.28,2.60
2012.05.22 08:17:59.617,1.30018,1.30037,1.50,1.10
2012.05.22 08:17:59.757,1.30016,1.30034,1.50,1.10
2012.05.22 08:17:59.826,1.30013,1.30034,2.28,1.10
2012.05.22 08:17:59.898,1.30017,1.30034,1.50,1.10
2012.05.22 08:18:00.261,1.30022,1.30037,1.50,1.10
2012.05.22 08:18:00.345,1.30013,1.30037,2.28,1.10
2012.05.22 08:18:00.845,1.30016,1.30034,1.50,1.10
2012.05.22 08:18:02.286,1.30014,1.30034,2.28,1.10
2012.05.22 08:18:02.592,1.30014,1.30034,2.28,1.10
2012.05.22 08:18:03.137,1.30014,1.30034,2.28,1.10
2012.05.22 08:18:04.015,1.30014,1.30034,2.28,1.10
2012.05.22 08:18:04.291,1.30014,1.30036,2.28,1.10
2012.05.22 08:18:05.005,1.30015,1.30038,2.25,1.10
2012.05.22 08:18:05.634,1.30015,1.30038,2.25,1.10
2012.05.22 08:18:06.388,1.30015,1.30038,2.25,1.10
2012.05.22 08:18:08.546,1.3002,1.30038,1.50,1.10
2012.05.22 08:18:08.864,1.30021,1.30038,2.25,1.10
2012.05.22 08:18:09.483,1.30022,1.30042,2.25,1.85
2012.05.22 08:18:10.271,1.30022,1.30044,2.25,1.10
2012.05.22 08:18:10.706,1.3002,1.30041,1.50,1.10
2012.05.22 08:18:11.278,1.30021,1.30041,1.50,1.10
2012.05.22 08:18:11.827,1.3002,1.30041,1.50,1.10
2012.05.22 08:18:12.483,1.30022,1.30041,1.50,1.10
2012.05.22 08:18:12.614,1.30019,1.30041,2.25,1.10
2012.05.22 08:18:12.684,1.30023,1.30041,1.50,1.10
2012.05.22 08:18:13.775,1.30023,1.30041,1.50,1.10
2012.05.22 08:18:14.127,1.30023,1.30044,1.50,1.50
2012.05.22 08:18:14.195,1.30023,1.30046,1.50,2.10
2012.05.22 08:18:14.324,1.30019,1.30045,2.25,2.25
2012.05.22 08:18:14.526,1.30022,1.30046,1.50,2.48
2012.05.22 08:18:17.463,1.3002,1.30043,1.50,2.25
2012.05.22 08:18:17.854,1.30025,1.30046,1.50,2.48
2012.05.22 08:18:18.273,1.30023,1.30046,1.50,2.48
2012.05.22 08:18:18.541,1.30021,1.30046,1.50,2.48
2012.05.22 08:18:18.659,1.30022,1.30046,1.50,1.88
2012.05.22 08:18:20.155,1.30025,1.30045,1.50,1.35
2012.05.22 08:18:21.407,1.30023,1.30045,2.25,1.35
2012.05.22 08:18:22.454,1.30025,1.30045,1.50,1.35
2012.05.22 08:18:23.768,1.30021,1.30044,1.50,2.25
2012.05.22 08:18:24.826,1.30027,1.30044,1.50,2.25
2012.05.22 08:18:24.904,1.30021,1.30043,1.50,1.50
2012.05.22 08:18:25.155,1.30021,1.30041,1.50,1.50
2012.05.22 08:18:25.477,1.3002,1.30037,1.50,1.50
2012.05.22 08:18:25.997,1.30017,1.30037,1.50,2.60
2012.05.22 08:18:26.067,1.30019,1.30037,1.50,1.85
2012.05.22 08:18:26.327,1.3002,1.30041,2.25,1.10
2012.05.22 08:18:28.038,1.30019,1.30038,1.50,1.50
2012.05.22 08:18:28.931,1.30019,1.30042,1.50,1.10
2012.05.22 08:18:30.875,1.30026,1.3004,1.50,1.50
2012.05.22 08:18:31.065,1.30019,1.3004,1.50,1.50
2012.05.22 08:18:32.204,1.30019,1.3004,1.50,1.50
2012.05.22 08:18:32.455,1.30019,1.30037,1.50,1.50
2012.05.22 08:18:32.775,1.30017,1.30034,1.50,1.50
2012.05.22 08:18:32.906,1.3001,1.30032,1.73,2.25
2012.05.22 08:18:33.216,1.30005,1.30029,2.25,1.50
2012.05.22 08:18:34.416,1.30007,1.3003,2.25,1.50
2012.05.22 08:18:34.855,1.30007,1.3003,2.25,1.50
2012.05.22 08:18:35.460,1.30005,1.30027,2.25,1.50
2012.05.22 08:18:36.065,1.30003,1.30027,2.25,1.50
2012.05.22 08:18:36.372,1.30003,1.30028,2.25,2.25
2012.05.22 08:18:36.445,1.30003,1.30028,2.25,3.00
2012.05.22 08:18:36.517,1.30001,1.30024,1.50,1.50
2012.05.22 08:18:36.588,1.30002,1.30028,3.00,3.75
2012.05.22 08:18:37.124,1.30002,1.30027,2.25,1.10
2012.05.22 08:18:37.675,1.29999,1.30025,3.00,2.10
2012.05.22 08:18:37.877,1.29999,1.3002,1.50,1.50
2012.05.22 08:18:38.530,1.29999,1.3002,1.50,1.50
2012.05.22 08:18:40.098,1.29999,1.30022,1.50,1.50
2012.05.22 08:18:40.295,1.3,1.30023,2.25,1.13
2012.05.22 08:18:40.556,1.30002,1.30023,1.50,1.13
2012.05.22 08:18:41.128,1.30002,1.30023,1.50,1.28
2012.05.22 08:18:41.467,1.30002,1.30022,1.50,2.85
2012.05.22 08:18:41.737,1.30003,1.30023,1.50,1.13
2012.05.22 08:18:41.875,1.30005,1.30025,1.50,2.10
2012.05.22 08:18:42.264,1.30003,1.30025,1.50,2.10
2012.05.22 08:18:47.504,1.30001,1.30023,2.25,2.25
2012.05.22 08:18:52.615,1.29997,1.30021,1.50,1.50
2012.05.22 08:18:55.156,1.3,1.30022,2.25,2.25
2012.05.22 08:18:55.287,1.29997,1.30019,2.25,1.50
2012.05.22 08:18:55.536,1.30001,1.30023,1.50,1.88
2012.05.22 08:18:55.604,1.29998,1.30022,2.25,1.35
2012.05.22 08:18:56.226,1.30001,1.30022,1.50,1.35
2012.05.22 08:18:56.875,1.30005,1.30022,1.50,1.35
2012.05.22 08:18:57.005,1.30005,1.30026,1.50,1.10
2012.05.22 08:18:57.564,1.30005,1.30026,1.50,1.10
2012.05.22 08:18:57.694,1.3,1.30023,2.25,1.50
2012.05.22 08:19:10.065,1.29999,1.3002,2.25,1.50
2012.05.22 08:19:10.377,1.30001,1.30024,2.25,1.50
2012.05.22 08:19:10.633,1.30003,1.30026,1.50,2.25
2012.05.22 08:19:10.764,1.30003,1.30028,1.50,3.00
2012.05.22 08:19:12.054,1.30003,1.30028,2.25,3.35
2012.05.22 08:19:12.307,1.30006,1.30028,1.50,1.85
2012.05.22 08:19:12.556,1.30004,1.30027,2.25,2.25
2012.05.22 08:19:13.356,1.30006,1.30028,1.50,1.85
2012.05.22 08:19:14.794,1.30005,1.30026,1.50,1.50
2012.05.22 08:19:15.332,1.30004,1.30027,1.50,2.25
2012.05.22 08:19:15.756,1.30003,1.30025,1.80,1.35
2012.05.22 08:19:16.307,1.29998,1.30023,2.25,2.25
2012.05.22 08:19:16.377,1.30002,1.30025,1.50,2.25
2012.05.22 08:19:16.734,1.30005,1.30028,1.50,3.60
2012.05.22 08:19:17.458,1.30005,1.30022,1.50,1.73
2012.05.22 08:19:17.818,1.29999,1.30018,1.50,1.50
2012.05.22 08:19:17.892,1.29996,1.30018,2.25,1.50
2012.05.22 08:19:18.285,1.30001,1.30023,1.50,2.60
2012.05.22 08:19:18.546,1.29999,1.30022,1.50,2.60
2012.05.22 08:19:18.734,1.29999,1.30022,2.25,2.60
2012.05.22 08:19:19.516,1.30001,1.30023,1.50,1.85
2012.05.22 08:19:20.127,1.29998,1.30023,2.25,3.35
2012.05.22 08:19:20.987,1.29998,1.30023,1.50,3.35
2012.05.22 08:19:21.850,1.29997,1.3002,1.50,1.50
2012.05.22 08:19:21.988,1.29995,1.3002,2.25,2.25
2012.05.22 08:19:22.056,1.29993,1.30017,3.30,2.25
2012.05.22 08:19:22.538,1.29997,1.3002,1.50,2.25
2012.05.22 08:19:23.087,1.29996,1.30019,1.50,2.25
2012.05.22 08:19:23.417,1.3,1.30021,1.50,1.50
2012.05.22 08:19:23.696,1.3,1.30021,1.50,1.50
2012.05.22 08:19:23.768,1.29996,1.30021,1.50,3.00
2012.05.22 08:19:23.965,1.30002,1.30019,1.50,1.50
2012.05.22 08:19:24.095,1.29998,1.30023,1.50,3.95
2012.05.22 08:19:24.227,1.30002,1.30023,1.50,2.45
2012.05.22 08:19:25.523,1.29999,1.30022,1.50,2.25
2012.05.22 08:19:25.775,1.29996,1.30019,3.75,2.25
2012.05.22 08:19:26.326,1.29998,1.3002,1.50,2.25
2012.05.22 08:19:26.649,1.30001,1.30023,1.50,3.95
2012.05.22 08:19:26.717,1.29997,1.30022,1.50,2.25
2012.05.22 08:19:26.787,1.29997,1.30022,1.50,2.25
2012.05.22 08:19:35.249,1.29999,1.30018,1.50,1.35
2012.05.22 08:19:37.584,1.29997,1.30018,1.50,1.35
2012.05.22 08:19:39.958,1.29997,1.3002,2.25,2.45
2012.05.22 08:19:40.169,1.29999,1.3002,1.50,1.50
2012.05.22 08:19:40.235,1.30002,1.30023,1.50,1.50
2012.05.22 08:19:40.487,1.29999,1.30022,2.25,2.25
2012.05.22 08:19:40.561,1.30002,1.30023,1.50,1.50
2012.05.22 08:19:40.635,1.3,1.30023,1.50,3.00
2012.05.22 08:19:44.154,1.29998,1.30021,3.00,2.25
2012.05.22 08:19:44.972,1.29996,1.3002,2.25,1.50
2012.05.22 08:19:45.051,1.3,1.30021,1.50,1.50
2012.05.22 08:19:45.459,1.29996,1.30021,2.25,2.25
2012.05.22 08:19:45.715,1.30001,1.30022,1.50,2.25
2012.05.22 08:19:45.858,1.29995,1.30018,3.00,1.50
2012.05.22 08:19:46.121,1.29997,1.30022,1.50,2.25
2012.05.22 08:19:46.272,1.29997,1.30019,1.50,2.25
2012.05.22 08:19:46.406,1.29993,1.30016,3.00,1.50
2012.05.22 08:19:46.718,1.29997,1.30019,1.50,3.95
2012.05.22 08:19:47.236,1.29998,1.30018,1.50,1.10
2012.05.22 08:19:47.557,1.30002,1.30022,1.50,1.50
2012.05.22 08:19:47.906,1.30005,1.30024,1.50,1.70
2012.05.22 08:19:50.131,1.30008,1.30024,1.50,1.35
2012.05.22 08:19:50.281,1.30008,1.30029,1.50,1.50
2012.05.22 08:19:50.430,1.30005,1.30026,1.50,1.50
2012.05.22 08:19:50.566,1.30004,1.30026,1.50,2.25
2012.05.22 08:19:50.916,1.30006,1.30028,1.50,1.50
2012.05.22 08:19:51.044,1.30003,1.30026,2.25,2.25
2012.05.22 08:19:51.999,1.30006,1.30028,1.50,2.25
2012.05.22 08:19:52.066,1.30003,1.30025,2.25,1.50
2012.05.22 08:19:52.587,1.30001,1.30023,1.50,1.50
2012.05.22 08:19:54.503,1.3,1.3002,1.50,1.50
2012.05.22 08:19:54.947,1.3,1.30022,1.50,1.50
2012.05.22 08:19:55.203,1.30002,1.30025,1.50,1.35
2012.05.22 08:19:55.274,1.30006,1.30025,1.50,1.35
2012.05.22 08:19:55.346,1.30002,1.30025,1.50,1.35
2012.05.22 08:19:55.728,1.30006,1.30025,1.50,1.35
2012.05.22 08:19:56.065,1.30003,1.30026,1.50,2.25
2012.05.22 08:19:56.256,1.30006,1.30028,1.50,3.75
2012.05.22 08:19:56.804,1.30002,1.30027,1.50,2.25
2012.05.22 08:19:58.258,1.30004,1.30027,1.50,2.25
2012.05.22 08:19:58.786,1.30006,1.30028,1.50,2.25
2012.05.22 08:19:59.686,1.30004,1.30026,1.50,2.25
2012.05.22 08:19:59.755,1.30001,1.30026,2.25,2.25
2012.05.22 08:19:59.827,1.30005,1.30028,1.50,2.60
2012.05.22 08:20:01.595,1.30007,1.30028,1.50,1.10
2012.05.22 08:20:08.755,1.30003,1.30028,1.50,2.60
2012.05.22 08:20:08.824,1.30006,1.30028,1.50,1.10
2012.05.22 08:20:08.953,1.30004,1.30026,1.50,1.50
2012.05.22 08:20:09.444,1.3,1.30024,2.25,1.50
2012.05.22 08:20:10.027,1.30001,1.30023,2.25,1.50
2012.05.22 08:20:10.224,1.30002,1.30027,1.50,3.00
2012.05.22 08:20:10.788,1.30001,1.30023,3.75,1.50
2012.05.22 08:20:11.495,1.30004,1.30026,1.50,2.25
2012.05.22 08:20:13.156,1.30005,1.30026,1.50,2.25
2012.05.22 08:20:13.360,1.30007,1.3003,2.25,1.10
2012.05.22 08:20:13.439,1.30014,1.30031,1.50,1.50
2012.05.22 08:20:13.519,1.30011,1.30032,2.25,1.50
2012.05.22 08:20:13.655,1.3001,1.30031,1.50,1.50
2012.05.22 08:20:14.553,1.30007,1.30029,1.50,1.13
2012.05.22 08:20:16.335,1.30009,1.30031,1.50,1.50
2012.05.22 08:20:16.548,1.30011,1.30034,2.25,3.35
2012.05.22 08:20:16.986,1.30009,1.30033,2.25,1.50
2012.05.22 08:20:17.495,1.30013,1.30033,1.50,1.50
2012.05.22 08:20:17.944,1.30013,1.30033,1.50,1.85
2012.05.22 08:20:19.157,1.3001,1.30033,2.25,3.35
2012.05.22 08:20:19.406,1.30013,1.30033,1.50,1.85
2012.05.22 08:20:19.845,1.3001,1.30033,1.50,1.85
2012.05.22 08:20:20.034,1.30013,1.30034,1.50,1.85
2012.05.22 08:20:20.309,1.30009,1.30032,1.50,1.10
2012.05.22 08:20:20.378,1.3001,1.30034,2.25,1.85
2012.05.22 08:20:20.520,1.30012,1.30037,3.00,1.50
2012.05.22 08:20:20.671,1.30015,1.30037,2.25,1.10
2012.05.22 08:20:21.015,1.30009,1.30031,2.25,1.50
2012.05.22 08:20:21.406,1.30007,1.30031,2.25,1.50
2012.05.22 08:20:21.844,1.30011,1.3003,1.50,1.50
2012.05.22 08:20:22.346,1.30012,1.30031,1.50,1.10
2012.05.22 08:20:22.748,1.30008,1.30032,2.25,1.85
2012.05.22 08:20:23.679,1.30008,1.30032,2.25,2.60
2012.05.22 08:20:25.585,1.30006,1.3003,2.25,1.50
2012.05.22 08:20:26.893,1.30009,1.30031,2.25,1.50
2012.05.22 08:20:27.507,1.30009,1.30032,2.25,3.75
2012.05.22 08:20:28.244,1.30007,1.30029,2.25,1.50
2012.05.22 08:20:28.834,1.3001,1.30032,1.50,5.60
2012.05.22 08:20:29.916,1.30006,1.30031,2.25,1.85
2012.05.22 08:20:30.430,1.30006,1.30029,2.25,1.35
2012.05.22 08:20:30.513,1.30007,1.3003,1.50,2.10
2012.05.22 08:20:30.588,1.30005,1.3003,1.50,2.60
2012.05.22 08:20:30.726,1.30007,1.3003,1.50,1.10
2012.05.22 08:20:31.075,1.30009,1.3003,1.50,1.10
2012.05.22 08:20:31.144,1.30006,1.30028,1.50,1.50
2012.05.22 08:20:31.665,1.30002,1.30027,2.25,1.50
2012.05.22 08:20:32.136,1.30006,1.30029,1.50,2.60
2012.05.22 08:20:32.945,1.30004,1.30028,1.50,1.50
2012.05.22 08:20:33.534,1.30008,1.30029,1.50,2.60
2012.05.22 08:20:33.869,1.3001,1.30031,1.50,2.60
2012.05.22 08:20:33.996,1.3001,1.30033,1.50,1.85
2012.05.22 08:20:34.635,1.30013,1.30032,1.50,1.10
2012.05.22 08:20:34.763,1.30011,1.30032,3.00,1.10
2012.05.22 08:20:35.733,1.30005,1.30028,3.75,1.50
2012.05.22 08:20:36.415,1.30009,1.3003,1.50,1.50
2012.05.22 08:20:37.374,1.30005,1.3003,2.25,1.50
2012.05.22 08:20:42.393,1.30008,1.30032,2.25,2.60
2012.05.22 08:20:43.577,1.30008,1.30031,2.25,1.50
2012.05.22 08:20:43.839,1.30005,1.3003,2.25,3.00
2012.05.22 08:20:44.353,1.30008,1.30029,1.50,1.50
2012.05.22 08:20:44.685,1.30012,1.3003,1.50,1.50
2012.05.22 08:20:46.059,1.30012,1.30028,1.50,1.50
2012.05.22 08:20:46.315,1.30005,1.30028,3.00,3.00
2012.05.22 08:20:46.386,1.30012,1.30028,1.50,1.50
2012.05.22 08:20:47.466,1.30012,1.3003,1.50,2.25
2012.05.22 08:20:47.895,1.30012,1.3003,1.50,1.50
2012.05.22 08:20:48.156,1.3001,1.30032,1.50,1.50
2012.05.22 08:20:48.294,1.30008,1.30031,2.25,2.25
2012.05.22 08:20:48.788,1.30009,1.30034,1.50,4.70
2012.05.22 08:20:48.977,1.30012,1.30034,1.50,3.57
2012.05.22 08:20:49.175,1.30012,1.30034,1.50,3.57
2012.05.22 08:20:49.757,1.30012,1.30034,1.50,2.82
2012.05.22 08:20:49.956,1.30012,1.30033,1.50,1.10
2012.05.22 08:20:51.124,1.30012,1.30034,1.50,2.45
2012.05.22 08:20:51.518,1.30012,1.30034,1.50,2.45
2012.05.22 08:20:54.145,1.30009,1.30034,2.25,4.32
2012.05.22 08:20:54.216,1.30012,1.30034,1.50,1.70
2012.05.22 08:20:55.039,1.30012,1.30037,1.50,2.60
2012.05.22 08:20:55.377,1.30018,1.30039,1.50,1.10
2012.05.22 08:20:55.506,1.30015,1.30039,1.50,2.60
2012.05.22 08:20:55.943,1.30018,1.30039,1.50,1.10
2012.05.22 08:20:56.254,1.30021,1.30039,1.50,1.10
2012.05.22 08:20:56.803,1.30021,1.30042,1.50,1.50
2012.05.22 08:20:58.138,1.30018,1.30041,1.50,2.25
2012.05.22 08:20:58.207,1.30021,1.30042,1.50,1.50
2012.05.22 08:20:58.876,1.3002,1.30042,1.50,1.50
2012.05.22 08:20:59.355,1.30017,1.3004,1.50,2.25
2012.05.22 08:20:59.607,1.3002,1.30042,1.50,1.50
2012.05.22 08:21:00.297,1.30016,1.30041,1.50,2.25
2012.05.22 08:21:01.067,1.30016,1.30041,1.50,2.25
2012.05.22 08:21:01.137,1.30011,1.30033,1.50,1.50
2012.05.22 08:21:01.208,1.30014,1.30038,1.50,1.10
2012.05.22 08:21:01.584,1.30017,1.30035,1.50,1.50
2012.05.22 08:21:01.836,1.30011,1.30035,2.25,2.25
2012.05.22 08:21:01.904,1.30011,1.30035,1.50,2.25
2012.05.22 08:21:02.260,1.30009,1.30029,1.50,2.25
2012.05.22 08:21:02.340,1.30006,1.30025,2.25,1.35
2012.05.22 08:21:02.789,1.29999,1.3002,2.25,2.85
2012.05.22 08:21:02.860,1.30001,1.30024,1.50,1.35
2012.05.22 08:21:02.996,1.30005,1.30024,1.50,1.35
2012.05.22 08:21:03.445,1.30003,1.30024,1.50,1.35
2012.05.22 08:21:03.515,1.30008,1.30024,1.50,1.35
2012.05.22 08:21:03.716,1.30003,1.30024,1.50,1.35
2012.05.22 08:21:04.246,1.30003,1.30024,1.50,1.35
2012.05.22 08:21:04.316,1.30001,1.30024,2.25,2.85
2012.05.22 08:21:04.387,1.30006,1.30024,1.50,1.35
2012.05.22 08:21:04.579,1.30002,1.30024,1.50,1.35
2012.05.22 08:21:04.915,1.30004,1.30024,1.50,1.35
2012.05.22 08:21:05.244,1.30007,1.30024,1.50,1.35
2012.05.22 08:21:06.434,1.30011,1.30024,1.50,1.35
2012.05.22 08:21:06.505,1.30011,1.30026,1.50,1.10
2012.05.22 08:21:06.756,1.30009,1.30026,1.50,1.10
2012.05.22 08:21:06.957,1.30005,1.30025,1.50,2.25
2012.05.22 08:21:07.028,1.30002,1.30023,1.50,1.88
2012.05.22 08:21:07.094,1.30004,1.30023,1.50,1.88
2012.05.22 08:21:07.164,1.30002,1.30021,2.25,1.35
2012.05.22 08:21:07.413,1.30005,1.30021,1.50,1.35
2012.05.22 08:21:10.464,1.30005,1.30023,1.50,2.25
2012.05.22 08:21:10.535,1.30002,1.3002,2.25,1.50
2012.05.22 08:21:10.678,1.3,1.30022,1.50,2.25
2012.05.22 08:21:10.750,1.30002,1.30021,1.50,1.35
2012.05.22 08:21:11.323,1.30002,1.30023,2.25,1.50
2012.05.22 08:21:12.735,1.30005,1.30023,1.50,1.13
2012.05.22 08:21:12.864,1.30005,1.30025,1.50,1.35
2012.05.22 08:21:13.565,1.30001,1.30025,2.25,1.35
2012.05.22 08:21:13.635,1.30005,1.30025,1.50,1.35
2012.05.22 08:21:14.185,1.30009,1.30025,1.50,1.35
2012.05.22 08:21:14.314,1.30009,1.30027,1.50,1.50
2012.05.22 08:21:14.384,1.30009,1.30027,1.50,1.50
2012.05.22 08:21:14.776,1.30007,1.30028,1.50,1.50
2012.05.22 08:21:14.847,1.30004,1.30028,1.50,1.50
2012.05.22 08:21:15.665,1.30008,1.30028,1.50,1.50
2012.05.22 08:21:16.196,1.30003,1.30028,2.25,3.60
2012.05.22 08:21:16.589,1.30007,1.30028,1.50,1.35
2012.05.22 08:21:19.406,1.30002,1.30023,1.50,1.50
2012.05.22 08:21:19.537,1.30002,1.30025,1.50,3.00
2012.05.22 08:21:19.676,1.30001,1.30023,1.50,1.50
2012.05.22 08:21:19.926,1.30001,1.30023,1.50,1.50
2012.05.22 08:21:20.398,1.30005,1.30025,1.50,1.10
2012.05.22 08:21:24.125,1.30005,1.30029,1.50,1.50
2012.05.22 08:21:26.834,1.30009,1.30028,1.50,1.50
2012.05.22 08:21:27.541,1.30007,1.30028,1.50,1.50
2012.05.22 08:21:27.617,1.30005,1.30028,1.50,1.50
2012.05.22 08:21:28.148,1.30003,1.30026,2.25,2.25
2012.05.22 08:21:28.216,1.30004,1.30026,1.13,2.25
2012.05.22 08:21:28.428,1.30014,1.30033,1.50,1.35
2012.05.22 08:21:28.978,1.30014,1.30034,1.50,1.10
2012.05.22 08:21:30.775,1.30018,1.30034,1.50,1.10
2012.05.22 08:21:31.856,1.30018,1.30039,1.50,1.35
2012.05.22 08:21:31.989,1.30014,1.30037,1.50,2.25
2012.05.22 08:21:32.197,1.3001,1.30035,3.00,2.25
2012.05.22 08:21:32.386,1.30013,1.30037,1.50,1.50
2012.05.22 08:21:32.895,1.30013,1.30037,1.50,1.50
2012.05.22 08:21:33.325,1.30024,1.30036,1.50,1.50
2012.05.22 08:21:33.396,1.30021,1.30036,1.50,1.50
2012.05.22 08:21:33.464,1.30013,1.30036,1.50,1.50
2012.05.22 08:21:33.534,1.30016,1.30036,1.50,1.50
2012.05.22 08:21:33.795,1.30013,1.30036,1.50,1.50
2012.05.22 08:21:34.164,1.30026,1.30036,1.50,1.50
2012.05.22 08:21:34.295,1.30013,1.30034,1.50,1.35
2012.05.22 08:21:34.486,1.30018,1.30034,1.50,1.35
2012.05.22 08:21:35.064,1.3002,1.30036,1.50,1.50
2012.05.22 08:21:38.344,1.30011,1.30034,2.25,2.25
2012.05.22 08:21:39.265,1.30016,1.30034,1.50,2.25
2012.05.22 08:21:39.787,1.30018,1.30036,1.50,1.50
2012.05.22 08:21:43.484,1.30018,1.30036,1.50,1.50
2012.05.22 08:21:43.825,1.3001,1.30035,2.25,2.25
2012.05.22 08:21:44.360,1.30014,1.30038,1.50,2.45
2012.05.22 08:21:47.728,1.30014,1.30038,2.25,1.10
2012.05.22 08:21:48.361,1.30017,1.30041,1.50,1.50
2012.05.22 08:21:48.935,1.30021,1.30041,1.50,1.50
2012.05.22 08:21:49.005,1.30017,1.30041,2.25,1.50
2012.05.22 08:21:49.077,1.30017,1.30041,2.25,1.50
2012.05.22 08:21:49.397,1.30027,1.30042,1.50,1.10
2012.05.22 08:21:49.466,1.30027,1.30043,1.50,1.10
2012.05.22 08:21:49.607,1.3002,1.30043,1.50,1.10
2012.05.22 08:21:49.677,1.30023,1.30043,1.50,1.10
2012.05.22 08:21:49.806,1.30021,1.30043,1.50,1.10
2012.05.22 08:21:49.875,1.30014,1.30037,3.00,1.50
2012.05.22 08:21:50.103,1.30019,1.30043,2.25,1.10
2012.05.22 08:21:50.595,1.30017,1.3004,1.50,1.50
2012.05.22 08:21:50.906,1.3002,1.30043,1.50,1.10
2012.05.22 08:21:51.414,1.30021,1.30043,1.50,2.25
2012.05.22 08:21:52.806,1.30018,1.30042,1.50,1.50
2012.05.22 08:21:53.186,1.30021,1.30044,1.50,2.25
2012.05.22 08:21:53.956,1.30019,1.30041,1.50,1.50
2012.05.22 08:21:54.088,1.3002,1.30043,2.25,2.25
2012.05.22 08:21:54.645,1.30018,1.30042,1.50,1.50
2012.05.22 08:21:55.277,1.30022,1.30045,1.50,3.00
2012.05.22 08:21:55.604,1.30024,1.30048,1.50,2.25
2012.05.22 08:21:55.969,1.30019,1.30041,3.00,1.50
2012.05.22 08:21:56.034,1.30021,1.30044,1.50,2.25
2012.05.22 08:21:57.594,1.3002,1.30045,2.25,2.25
2012.05.22 08:21:57.737,1.30023,1.30048,1.50,2.85
2012.05.22 08:22:02.605,1.30021,1.30045,1.50,2.25
2012.05.22 08:22:02.905,1.30024,1.30047,1.50,2.25
2012.05.22 08:22:03.309,1.30021,1.30045,1.50,2.25
2012.05.22 08:22:04.298,1.30019,1.30042,1.50,1.50
2012.05.22 08:22:04.698,1.30019,1.30041,1.50,1.50
2012.05.22 08:22:04.767,1.30021,1.30041,2.25,1.50
2012.05.22 08:22:05.097,1.30018,1.30041,2.25,1.50
2012.05.22 08:22:05.406,1.30018,1.30041,2.25,1.50
2012.05.22 08:22:05.481,1.3002,1.30045,2.25,2.60
2012.05.22 08:22:07.845,1.30019,1.30041,2.40,1.50
2012.05.22 08:22:10.346,1.30018,1.30041,1.65,1.50
2012.05.22 08:22:10.534,1.30018,1.30041,1.95,1.50
2012.05.22 08:22:10.816,1.3002,1.30043,2.25,1.50
2012.05.22 08:22:14.577,1.3002,1.30043,2.25,1.50
2012.05.22 08:22:14.827,1.30024,1.30047,3.75,1.50
2012.05.22 08:22:14.896,1.30027,1.30048,1.50,1.10
2012.05.22 08:22:15.242,1.30018,1.30041,2.25,1.50
2012.05.22 08:22:15.319,1.30021,1.30043,2.25,1.50
2012.05.22 08:22:15.387,1.30021,1.30045,2.25,1.50
2012.05.22 08:22:15.838,1.30016,1.30039,3.75,1.50
2012.05.22 08:22:15.980,1.30019,1.30042,1.50,1.10
2012.05.22 08:22:16.128,1.30019,1.30038,2.25,1.50
2012.05.22 08:22:16.197,1.30018,1.30042,2.25,1.10
2012.05.22 08:22:16.325,1.30017,1.30039,1.50,1.50
2012.05.22 08:22:16.453,1.30017,1.30039,1.50,1.50
2012.05.22 08:22:17.437,1.30018,1.30042,1.50,1.10
2012.05.22 08:22:17.712,1.30016,1.30039,3.00,1.50
2012.05.22 08:22:18.025,1.30016,1.30036,1.50,1.50
2012.05.22 08:22:18.298,1.30016,1.30039,3.00,1.50
2012.05.22 08:22:18.369,1.30017,1.30039,1.50,1.50
2012.05.22 08:22:18.729,1.30023,1.30041,1.50,1.50
2012.05.22 08:22:18.799,1.30023,1.30044,1.50,1.10
2012.05.22 08:22:19.077,1.30025,1.30044,1.50,1.10
2012.05.22 08:22:19.285,1.30025,1.30049,2.25,2.60
2012.05.22 08:22:19.361,1.30028,1.30049,1.50,1.10
2012.05.22 08:22:19.664,1.30028,1.30049,1.50,1.10
2012.05.22 08:22:19.934,1.30024,1.30049,1.50,2.25
2012.05.22 08:22:20.328,1.30027,1.3005,1.50,1.10
2012.05.22 08:22:20.934,1.30026,1.30048,1.50,2.25
2012.05.22 08:22:21.074,1.30026,1.30048,1.50,2.25
2012.05.22 08:22:21.921,1.30028,1.30049,1.50,1.10
2012.05.22 08:22:25.673,1.3003,1.3005,1.50,1.10
2012.05.22 08:22:26.744,1.3003,1.30051,1.50,1.50
2012.05.22 08:22:28.803,1.3003,1.30055,1.50,3.35
2012.05.22 08:22:34.242,1.3003,1.30055,1.50,3.35
2012.05.22 08:22:36.086,1.3003,1.30054,1.50,1.10
2012.05.22 08:22:36.287,1.30028,1.30051,1.50,2.25
2012.05.22 08:22:36.483,1.3003,1.30055,1.50,3.35
2012.05.22 08:22:37.024,1.30034,1.30054,1.50,1.10
2012.05.22 08:22:37.762,1.30031,1.30054,1.50,2.60
2012.05.22 08:22:38.184,1.30033,1.30054,1.50,1.85
2012.05.22 08:22:38.736,1.30033,1.30054,1.50,1.85
2012.05.22 08:22:40.581,1.30029,1.30051,1.50,2.25
2012.05.22 08:22:40.914,1.30031,1.30055,1.50,3.00
2012.05.22 08:22:41.474,1.30032,1.30055,1.50,2.25
2012.05.22 08:22:41.785,1.30034,1.30056,1.50,1.85
2012.05.22 08:22:41.974,1.30031,1.30054,1.50,2.25
2012.05.22 08:22:42.486,1.30027,1.30052,1.50,2.25
2012.05.22 08:22:42.615,1.30031,1.30056,1.50,4.10
2012.05.22 08:22:45.114,1.30033,1.30051,1.50,1.50
2012.05.22 08:22:45.314,1.3003,1.30051,2.25,1.50
2012.05.22 08:22:47.245,1.30032,1.3005,1.50,1.50
2012.05.22 08:22:47.778,1.30027,1.3005,2.25,3.00
2012.05.22 08:22:48.086,1.30033,1.3005,1.50,1.50
2012.05.22 08:22:48.345,1.30029,1.3005,1.50,1.50
2012.05.22 08:22:49.868,1.30031,1.3005,1.50,1.50
2012.05.22 08:22:49.996,1.30031,1.3005,1.50,1.50
2012.05.22 08:22:50.519,1.30029,1.3005,2.25,1.50
2012.05.22 08:22:50.657,1.30026,1.30049,3.00,1.50
2012.05.22 08:22:51.215,1.30029,1.30049,2.25,1.50
2012.05.22 08:22:51.699,1.30032,1.30049,1.50,1.50
2012.05.22 08:22:51.825,1.30029,1.30049,1.50,1.50
2012.05.22 08:22:52.029,1.30032,1.30049,1.50,1.50
2012.05.22 08:22:52.806,1.30028,1.30049,2.25,1.50
2012.05.22 08:22:52.958,1.30028,1.30049,2.25,1.50
2012.05.22 08:22:53.026,1.3003,1.30049,1.50,1.50
2012.05.22 08:22:53.583,1.30027,1.30049,3.00,1.50
2012.05.22 08:22:54.120,1.30027,1.30049,2.25,1.50
2012.05.22 08:22:54.674,1.30031,1.30049,1.50,1.50
2012.05.22 08:22:54.808,1.30027,1.30049,3.00,1.50
2012.05.22 08:22:54.877,1.30034,1.30049,1.50,1.50
2012.05.22 08:22:55.209,1.30032,1.30049,1.50,1.50
2012.05.22 08:22:55.467,1.3003,1.30049,1.50,1.50
2012.05.22 08:22:56.007,1.30029,1.30049,1.50,1.50
2012.05.22 08:22:56.555,1.30032,1.30049,1.50,1.50
2012.05.22 08:22:58.436,1.30032,1.30049,1.50,2.25
2012.05.22 08:22:59.358,1.30033,1.30049,1.50,2.25
2012.05.22 08:22:59.425,1.30035,1.30049,1.50,2.25
2012.05.22 08:22:59.893,1.30032,1.30049,1.50,2.25
2012.05.22 08:23:02.475,1.30029,1.30049,3.00,2.25
2012.05.22 08:23:03.995,1.30031,1.30049,1.50,1.50
2012.05.22 08:23:07.217,1.30031,1.3005,1.50,2.25
2012.05.22 08:23:08.067,1.30031,1.3005,1.50,2.25
2012.05.22 08:23:09.974,1.30031,1.3005,1.50,1.50
2012.05.22 08:23:10.429,1.30031,1.3005,2.25,1.50
2012.05.22 08:23:10.736,1.30035,1.3005,1.50,1.50
2012.05.22 08:23:13.786,1.30034,1.3005,1.50,1.50
2012.05.22 08:23:13.855,1.30032,1.3005,2.25,1.50
2012.05.22 08:23:13.925,1.30034,1.3005,1.50,1.50
2012.05.22 08:23:14.315,1.30038,1.30051,1.50,1.50
2012.05.22 08:23:15.161,1.30035,1.30051,3.00,1.50
2012.05.22 08:23:15.938,1.30032,1.3005,3.00,1.50
2012.05.22 08:23:16.065,1.30036,1.3005,1.50,1.50
2012.05.22 08:23:16.576,1.30035,1.30049,1.50,1.50
2012.05.22 08:23:16.648,1.30029,1.30048,2.25,1.50
2012.05.22 08:23:17.683,1.30029,1.30049,1.50,1.50
2012.05.22 08:23:25.353,1.30026,1.30049,1.50,2.25
2012.05.22 08:23:25.527,1.30024,1.30047,1.50,2.25
2012.05.22 08:23:25.596,1.30027,1.30049,1.50,2.25
2012.05.22 08:23:25.986,1.30029,1.30049,1.50,2.25
2012.05.22 08:23:28.655,1.30028,1.30049,1.50,2.25
2012.05.22 08:23:28.727,1.30028,1.30051,1.50,3.75
2012.05.22 08:23:28.798,1.30032,1.30051,1.50,2.25
2012.05.22 08:23:29.203,1.30037,1.30051,1.50,2.25
2012.05.22 08:23:29.647,1.30032,1.30051,1.50,2.25
2012.05.22 08:23:29.907,1.30029,1.30049,2.25,1.50
2012.05.22 08:23:30.425,1.30029,1.30048,2.25,1.50
2012.05.22 08:23:30.559,1.30026,1.30048,1.50,1.50
2012.05.22 08:23:31.005,1.30028,1.30049,1.50,1.50
2012.05.22 08:23:31.728,1.30028,1.3005,1.50,2.25
2012.05.22 08:23:32.985,1.30027,1.30048,1.50,2.25
2012.05.22 08:23:33.054,1.30025,1.30048,2.25,2.25
2012.05.22 08:23:33.275,1.30027,1.3005,1.50,2.25
2012.05.22 08:23:34.943,1.30027,1.3005,1.50,2.25
2012.05.22 08:23:35.207,1.30027,1.3005,2.25,2.25
2012.05.22 08:23:35.917,1.30025,1.30048,3.00,1.50
2012.05.22 08:23:37.094,1.30027,1.30048,1.50,1.50
2012.05.22 08:23:37.495,1.30029,1.30048,1.50,1.50
2012.05.22 08:23:41.937,1.30029,1.30049,1.50,3.00
2012.05.22 08:23:42.894,1.30024,1.30047,3.00,1.50
2012.05.22 08:23:44.341,1.30028,1.3005,1.50,3.00
2012.05.22 08:23:44.684,1.30032,1.30052,1.50,2.25
2012.05.22 08:23:45.058,1.30036,1.30052,1.50,2.25
2012.05.22 08:23:45.195,1.30032,1.30052,1.50,2.25
2012.05.22 08:23:45.264,1.30037,1.30052,1.50,2.25
2012.05.22 08:23:45.869,1.30036,1.30052,1.50,2.25
2012.05.22 08:23:46.595,1.30037,1.30052,1.50,1.50
2012.05.22 08:23:46.984,1.3004,1.30052,1.50,1.50
2012.05.22 08:23:47.345,1.30037,1.30052,1.50,1.50
2012.05.22 08:23:47.854,1.30037,1.30052,1.50,1.50
2012.05.22 08:23:47.924,1.30035,1.30052,1.50,1.50
2012.05.22 08:23:47.998,1.30033,1.30052,2.25,1.50
2012.05.22 08:23:48.065,1.30033,1.30054,2.25,1.50
2012.05.22 08:23:48.397,1.30039,1.30051,1.50,1.50
2012.05.22 08:23:48.464,1.30035,1.30051,2.25,1.50
2012.05.22 08:23:48.595,1.30039,1.30051,1.50,1.50
2012.05.22 08:23:48.665,1.30033,1.30051,2.25,1.50
2012.05.22 08:23:49.224,1.30036,1.30051,1.50,1.50
2012.05.22 08:23:50.189,1.30034,1.30051,3.00,1.50
2012.05.22 08:23:50.727,1.30035,1.30051,1.50,1.50
2012.05.22 08:23:51.217,1.30038,1.30051,1.50,1.50
2012.05.22 08:23:53.158,1.30038,1.30053,1.50,1.50
2012.05.22 08:23:53.297,1.30034,1.30052,1.50,1.50
2012.05.22 08:23:53.442,1.30029,1.3005,1.28,3.00
2012.05.22 08:23:57.935,1.30029,1.30049,2.25,1.50
2012.05.22 08:23:58.838,1.30029,1.30049,2.10,1.50
2012.05.22 08:23:59.157,1.30029,1.3005,1.50,1.50
2012.05.22 08:24:01.435,1.30032,1.30049,1.50,1.50
2012.05.22 08:24:02.275,1.30033,1.30049,1.50,1.50
2012.05.22 08:24:02.635,1.30032,1.30049,1.50,2.25
2012.05.22 08:24:02.705,1.30029,1.30049,2.25,1.50
2012.05.22 08:24:02.775,1.30028,1.30049,2.18,1.50
2012.05.22 08:24:03.083,1.3003,1.30049,1.50,1.50
2012.05.22 08:24:03.879,1.30031,1.30049,1.50,1.50
2012.05.22 08:24:04.064,1.30028,1.30049,3.68,1.50
2012.05.22 08:24:07.285,1.30032,1.3005,1.50,2.25
2012.05.22 08:24:10.247,1.3003,1.3005,1.50,2.25
2012.05.22 08:24:10.334,1.30028,1.3005,3.38,2.25
2012.05.22 08:24:10.986,1.30031,1.3005,1.50,2.25
2012.05.22 08:24:12.095,1.30028,1.3005,4.43,2.25
2012.05.22 08:24:13.526,1.30028,1.3005,5.18,2.25
2012.05.22 08:24:13.717,1.30032,1.3005,1.50,1.50
2012.05.22 08:24:13.966,1.30029,1.3005,4.50,2.25
2012.05.22 08:24:14.525,1.30028,1.30049,1.50,2.25
2012.05.22 08:24:14.727,1.30027,1.30049,2.10,2.25
2012.05.22 08:24:15.008,1.30028,1.3005,2.25,2.25
2012.05.22 08:24:15.548,1.30028,1.30049,1.50,1.50
2012.05.22 08:24:16.566,1.30031,1.3005,1.50,1.50
2012.05.22 08:24:17.438,1.3003,1.30049,1.50,3.00
2012.05.22 08:24:17.997,1.3003,1.30049,1.50,1.50
2012.05.22 08:24:18.141,1.3003,1.3005,2.25,1.50
2012.05.22 08:24:18.218,1.30031,1.3005,1.50,1.50
2012.05.22 08:24:18.558,1.30039,1.3005,1.50,1.50
2012.05.22 08:24:18.896,1.30039,1.3005,2.25,1.50
2012.05.22 08:24:19.036,1.30039,1.30063,2.25,1.85
2012.05.22 08:24:19.587,1.30042,1.30063,1.50,1.85
2012.05.22 08:24:19.658,1.30042,1.30064,2.25,1.85
2012.05.22 08:24:19.855,1.30048,1.30066,1.50,1.50
2012.05.22 08:24:20.375,1.30047,1.30069,1.50,1.10
2012.05.22 08:24:20.895,1.3005,1.30069,1.50,1.10
2012.05.22 08:24:21.068,1.30048,1.30065,1.50,1.50
2012.05.22 08:24:21.136,1.30045,1.30067,1.50,2.25
2012.05.22 08:24:21.658,1.30045,1.30068,1.50,2.60
2012.05.22 08:24:21.796,1.30043,1.30062,1.50,2.25
2012.05.22 08:24:21.868,1.30039,1.30062,2.48,2.25
2012.05.22 08:24:22.057,1.30036,1.30059,5.48,1.50
2012.05.22 08:24:22.637,1.30036,1.30059,4.50,1.50
2012.05.22 08:24:23.173,1.30036,1.30059,2.25,2.25
2012.05.22 08:24:23.504,1.30039,1.30062,2.25,2.25
2012.05.22 08:24:24.687,1.30037,1.30058,1.50,1.50
2012.05.22 08:24:24.825,1.30038,1.30061,2.25,3.75
2012.05.22 08:24:27.049,1.30038,1.30061,1.50,3.00
2012.05.22 08:24:27.395,1.30034,1.30057,2.25,3.00
2012.05.22 08:24:27.943,1.30036,1.30059,1.50,2.97
2012.05.22 08:24:28.075,1.30036,1.30059,1.50,2.97
2012.05.22 08:24:28.266,1.30032,1.30054,1.50,1.50
2012.05.22 08:24:28.605,1.30036,1.30059,1.50,1.13
2012.05.22 08:24:28.988,1.30036,1.30061,1.50,3.00
2012.05.22 08:24:29.117,1.3004,1.30061,1.50,1.50
2012.05.22 08:24:29.186,1.30036,1.30061,1.50,3.00
2012.05.22 08:24:29.810,1.3004,1.30061,1.50,1.50
2012.05.22 08:24:31.846,1.3004,1.30061,1.50,1.50
2012.05.22 08:24:33.255,1.30036,1.30061,2.25,3.00
2012.05.22 08:24:33.447,1.30041,1.30061,1.50,1.50
2012.05.22 08:24:34.285,1.30036,1.30061,2.25,3.00
2012.05.22 08:24:36.263,1.30036,1.3006,2.25,1.50
2012.05.22 08:24:36.826,1.30036,1.30061,3.00,2.25
2012.05.22 08:24:39.445,1.30042,1.30062,1.50,2.25
2012.05.22 08:24:41.417,1.30044,1.30065,1.50,1.10
2012.05.22 08:24:41.607,1.3004,1.30063,1.35,2.25
2012.05.22 08:24:41.677,1.30045,1.30063,1.50,2.25
2012.05.22 08:24:42.204,1.30041,1.30062,1.76,2.25
2012.05.22 08:24:43.005,1.30042,1.30065,2.89,2.25
2012.05.22 08:24:43.358,1.30047,1.30068,1.50,2.25
2012.05.22 08:24:43.978,1.30047,1.30069,2.25,1.50
2012.05.22 08:24:44.121,1.30047,1.30069,1.50,1.50
2012.05.22 08:24:44.267,1.30047,1.30068,1.50,1.50
2012.05.22 08:24:44.340,1.30045,1.30068,1.50,1.50
2012.05.22 08:24:44.676,1.30043,1.30065,2.25,1.50
2012.05.22 08:24:45.195,1.30046,1.30068,1.50,2.25
2012.05.22 08:24:45.325,1.30048,1.3007,1.50,1.50
2012.05.22 08:24:45.597,1.30044,1.30069,2.25,2.25
2012.05.22 08:24:46.095,1.30048,1.30069,1.50,1.50
2012.05.22 08:24:46.355,1.30045,1.30068,1.50,2.25
2012.05.22 08:24:46.547,1.30043,1.30066,3.00,1.50
2012.05.22 08:24:48.793,1.30045,1.30068,1.50,2.25
2012.05.22 08:24:49.155,1.30044,1.30065,1.50,1.50
2012.05.22 08:24:50.984,1.30046,1.30069,1.50,2.25
2012.05.22 08:24:54.038,1.30046,1.30067,1.50,1.50
2012.05.22 08:24:54.107,1.30043,1.30066,1.50,1.50
2012.05.22 08:24:56.819,1.30044,1.30069,1.50,3.00
2012.05.22 08:24:57.365,1.30045,1.30067,1.50,1.50
2012.05.22 08:24:57.623,1.30042,1.30066,3.75,2.25
2012.05.22 08:24:57.903,1.30044,1.30068,1.50,1.50
2012.05.22 08:24:59.354,1.30043,1.30066,1.50,1.50
2012.05.22 08:24:59.430,1.30045,1.30067,1.50,2.25
2012.05.22 08:24:59.505,1.30043,1.30066,1.50,1.50
2012.05.22 08:25:00.034,1.30044,1.30069,1.50,2.25
2012.05.22 08:25:01.585,1.30046,1.30069,1.50,2.25
2012.05.22 08:25:01.885,1.30048,1.30071,1.50,3.00
2012.05.22 08:25:02.425,1.30045,1.30067,1.50,2.25
2012.05.22 08:25:02.971,1.30044,1.30067,3.00,2.25
2012.05.22 08:25:03.310,1.30049,1.30068,1.50,1.50
2012.05.22 08:25:03.456,1.3005,1.3007,1.50,1.50
2012.05.22 08:25:03.585,1.30046,1.3007,1.50,2.25
2012.05.22 08:25:03.847,1.30048,1.30071,1.50,2.25
2012.05.22 08:25:03.916,1.30046,1.3007,1.50,2.25
2012.05.22 08:25:04.226,1.30049,1.30071,1.50,2.25
2012.05.22 08:25:04.415,1.30045,1.30069,1.50,2.25
2012.05.22 08:25:04.543,1.30048,1.3007,1.50,1.50
2012.05.22 08:25:05.682,1.30046,1.30068,1.50,2.25
2012.05.22 08:25:05.758,1.30048,1.30069,1.50,1.50
2012.05.22 08:25:05.945,1.30044,1.30069,1.50,3.00
2012.05.22 08:25:06.908,1.30042,1.30066,3.00,2.25
2012.05.22 08:25:06.975,1.30044,1.30068,1.50,2.25
2012.05.22 08:25:07.518,1.30044,1.30069,1.50,2.63
2012.05.22 08:25:07.716,1.30044,1.30067,1.50,1.50
2012.05.22 08:25:08.537,1.30043,1.30066,2.25,2.25
2012.05.22 08:25:09.058,1.30045,1.30067,1.50,1.50
2012.05.22 08:25:09.667,1.30045,1.30067,2.25,1.50
2012.05.22 08:25:10.273,1.30042,1.30064,4.50,1.50
2012.05.22 08:25:10.704,1.30044,1.30067,2.25,2.25
2012.05.22 08:25:10.896,1.30042,1.30064,2.25,1.50
2012.05.22 08:25:11.036,1.30044,1.30067,2.25,2.25
2012.05.22 08:25:17.817,1.30044,1.30067,1.50,2.25
2012.05.22 08:25:18.146,1.30044,1.30066,1.50,1.50
2012.05.22 08:25:18.216,1.30044,1.30067,1.50,1.50
2012.05.22 08:25:18.346,1.30043,1.30064,1.50,1.50
2012.05.22 08:25:18.537,1.30043,1.30067,3.00,1.50
2012.05.22 08:25:18.605,1.30043,1.30068,3.00,3.00
2012.05.22 08:25:18.931,1.30055,1.30073,1.50,1.47
2012.05.22 08:25:19.008,1.30055,1.30076,1.50,1.70
2012.05.22 08:25:19.208,1.30056,1.30078,1.50,2.25
2012.05.22 08:25:19.574,1.30052,1.30075,2.25,1.50
2012.05.22 08:25:20.446,1.30052,1.30075,2.25,1.50
2012.05.22 08:25:20.825,1.30055,1.30077,2.25,1.50
2012.05.22 08:25:21.356,1.30055,1.30077,1.50,1.50
2012.05.22 08:25:22.034,1.30053,1.30076,2.25,1.50
2012.05.22 08:25:24.156,1.30051,1.30076,2.25,2.25
2012.05.22 08:25:24.580,1.3005,1.30071,1.50,2.25
2012.05.22 08:25:24.928,1.30044,1.30065,1.50,1.50
2012.05.22 08:25:25.270,1.30044,1.30068,1.50,3.00
2012.05.22 08:25:25.546,1.30043,1.30064,1.50,1.50
2012.05.22 08:25:25.942,1.30043,1.30061,1.50,1.50
2012.05.22 08:25:26.337,1.30043,1.30065,1.50,1.50
2012.05.22 08:25:26.529,1.30043,1.30062,1.50,1.50
2012.05.22 08:25:26.596,1.30043,1.30066,3.00,2.25
2012.05.22 08:25:26.917,1.30044,1.30064,1.50,1.50
2012.05.22 08:25:27.646,1.30044,1.30062,1.50,1.50
2012.05.22 08:25:28.311,1.30043,1.30066,2.25,2.25
2012.05.22 08:25:28.451,1.30046,1.30071,1.50,2.60
2012.05.22 08:25:28.775,1.30043,1.30068,3.00,2.25
2012.05.22 08:25:31.114,1.30042,1.30064,2.25,1.50
2012.05.22 08:25:36.736,1.30045,1.30066,1.50,2.25
2012.05.22 08:25:36.867,1.30043,1.30065,1.50,2.25
2012.05.22 08:25:37.465,1.30041,1.30065,1.50,2.25
2012.05.22 08:25:39.578,1.30046,1.30065,1.50,1.50
2012.05.22 08:25:39.649,1.30042,1.30065,1.50,1.50
2012.05.22 08:25:40.165,1.30041,1.30066,3.00,3.60
2012.05.22 08:25:40.308,1.30046,1.30064,1.50,2.25
2012.05.22 08:25:40.376,1.3004,1.30063,1.50,1.50
2012.05.22 08:25:40.913,1.30042,1.30065,1.50,3.00
2012.05.22 08:25:41.335,1.30045,1.30065,1.50,1.50
2012.05.22 08:25:41.607,1.30043,1.30065,1.50,3.00
2012.05.22 08:25:42.196,1.30042,1.30065,1.50,3.00
2012.05.22 08:25:42.453,1.30044,1.30065,1.50,1.50
2012.05.22 08:25:44.726,1.3004,1.30065,3.00,3.00
2012.05.22 08:25:45.943,1.30044,1.30065,1.50,1.50
2012.05.22 08:25:48.695,1.30041,1.30064,1.50,2.25
2012.05.22 08:25:49.683,1.30043,1.30065,1.50,1.50
2012.05.22 08:25:50.113,1.3004,1.30065,3.00,3.00
2012.05.22 08:25:51.727,1.3004,1.30065,1.50,3.00
2012.05.22 08:25:52.086,1.30043,1.30065,1.50,1.50
2012.05.22 08:25:52.306,1.30041,1.30064,1.50,2.25
2012.05.22 08:25:56.114,1.30038,1.30062,1.50,2.25
2012.05.22 08:25:57.736,1.3004,1.30063,1.50,2.25
2012.05.22 08:25:58.295,1.30038,1.30063,2.25,2.25
2012.05.22 08:25:58.634,1.30038,1.30059,1.50,1.50
2012.05.22 08:25:59.380,1.30038,1.30061,3.00,2.25
2012.05.22 08:25:59.778,1.30041,1.30064,1.50,3.75
2012.05.22 08:26:02.055,1.30041,1.30064,1.50,2.25
2012.05.22 08:26:02.564,1.30039,1.30061,1.50,2.25
2012.05.22 08:26:03.650,1.30039,1.30061,2.48,2.25
2012.05.22 08:26:03.937,1.30049,1.30072,2.25,2.60
2012.05.22 08:26:04.007,1.30052,1.30072,1.50,1.10
2012.05.22 08:26:04.194,1.30048,1.30072,2.25,1.10
2012.05.22 08:26:04.747,1.3005,1.30072,1.50,1.10
2012.05.22 08:26:05.158,1.30048,1.30072,1.50,1.10
2012.05.22 08:26:05.506,1.30051,1.30073,1.50,1.85
2012.05.22 08:26:05.647,1.30051,1.30073,1.50,1.50
2012.05.22 08:26:05.991,1.30051,1.30073,2.25,1.50
2012.05.22 08:26:06.067,1.30056,1.30076,2.25,1.50
2012.05.22 08:26:06.136,1.30056,1.30079,2.25,1.85
2012.05.22 08:26:06.297,1.30059,1.3008,1.50,1.85
2012.05.22 08:26:07.160,1.30059,1.3008,1.50,1.50
2012.05.22 08:26:08.965,1.30059,1.3008,1.50,1.50
2012.05.22 08:26:11.356,1.30057,1.30079,1.50,2.25
2012.05.22 08:26:11.423,1.30059,1.3008,1.50,1.50
2012.05.22 08:26:11.493,1.30059,1.30081,1.50,1.85
2012.05.22 08:26:13.195,1.30059,1.3008,1.50,1.50
2012.05.22 08:26:14.526,1.30059,1.30079,1.50,1.50
2012.05.22 08:26:15.056,1.30061,1.3008,1.50,1.50
2012.05.22 08:26:15.407,1.30059,1.3008,1.50,1.85
2012.05.22 08:26:16.224,1.30056,1.3008,2.25,1.10
2012.05.22 08:26:18.397,1.30066,1.3008,1.50,1.10
2012.05.22 08:26:18.763,1.30069,1.30087,1.50,1.10
2012.05.22 08:26:18.967,1.30071,1.30087,1.50,1.10
2012.05.22 08:26:19.236,1.30071,1.30091,1.50,1.10
2012.05.22 08:26:19.437,1.30071,1.30092,1.50,1.85
2012.05.22 08:26:19.564,1.30068,1.30091,3.00,1.85
2012.05.22 08:26:20.557,1.30071,1.30093,1.50,1.50
2012.05.22 08:26:24.157,1.30071,1.30093,1.50,1.50
2012.05.22 08:26:26.055,1.30071,1.30094,2.25,1.50
2012.05.22 08:26:26.516,1.30077,1.30095,1.50,1.50
2012.05.22 08:26:26.588,1.30074,1.30095,1.50,1.50
2012.05.22 08:26:26.775,1.30077,1.30095,1.50,1.50
2012.05.22 08:26:26.986,1.30075,1.30095,1.50,1.50
2012.05.22 08:26:27.355,1.30072,1.30095,1.50,1.50
2012.05.22 08:26:27.997,1.30076,1.30095,1.50,1.50
2012.05.22 08:26:28.787,1.30076,1.30097,2.25,1.10
2012.05.22 08:26:29.133,1.3008,1.30102,1.50,3.72
2012.05.22 08:26:29.337,1.3008,1.30101,1.50,1.13
2012.05.22 08:26:29.787,1.30074,1.30099,2.25,3.75
2012.05.22 08:26:29.927,1.30077,1.30098,2.25,1.35
2012.05.22 08:26:30.000,1.30073,1.30096,1.50,3.00
2012.05.22 08:26:30.065,1.30073,1.30096,1.50,3.00
2012.05.22 08:26:30.257,1.30071,1.30093,2.25,3.75
2012.05.22 08:26:31.311,1.30068,1.3009,2.25,3.00
2012.05.22 08:26:31.880,1.30067,1.30091,1.50,3.60
2012.05.22 08:26:32.034,1.30069,1.30091,1.50,3.60
2012.05.22 08:26:32.169,1.30065,1.3009,2.48,2.25
2012.05.22 08:26:32.684,1.30065,1.30089,2.25,2.45
2012.05.22 08:26:33.227,1.30065,1.30087,1.50,1.50
2012.05.22 08:26:34.104,1.30065,1.30087,1.50,1.50
2012.05.22 08:26:34.174,1.30065,1.30086,1.50,1.50
2012.05.22 08:26:34.376,1.30061,1.30085,2.25,1.50
2012.05.22 08:26:34.757,1.30059,1.30083,2.25,2.25
2012.05.22 08:26:35.067,1.30055,1.30078,2.25,1.35
2012.05.22 08:26:35.335,1.30055,1.30077,1.50,1.50
2012.05.22 08:26:35.584,1.30052,1.30077,3.00,3.00
2012.05.22 08:26:37.067,1.30051,1.30074,1.50,1.50
2012.05.22 08:26:37.576,1.30049,1.30074,2.25,2.25
2012.05.22 08:26:38.199,1.30052,1.30077,1.50,3.35
2012.05.22 08:26:38.744,1.3005,1.30073,2.25,1.50
2012.05.22 08:26:39.046,1.30049,1.30071,1.50,1.50
2012.05.22 08:26:39.118,1.30049,1.30074,3.00,1.50
2012.05.22 08:26:39.554,1.30048,1.3007,2.25,1.50
2012.05.22 08:26:39.877,1.30048,1.30071,1.50,2.25
2012.05.22 08:26:40.376,1.30047,1.30071,2.25,1.10
2012.05.22 08:26:40.987,1.30045,1.30068,2.25,1.50
2012.05.22 08:26:41.617,1.30048,1.3007,1.50,1.10
2012.05.22 08:26:42.814,1.30045,1.30068,3.75,1.50
2012.05.22 08:26:43.738,1.30045,1.30068,2.25,1.50
2012.05.22 08:26:44.242,1.30042,1.30065,2.25,1.50
2012.05.22 08:26:44.780,1.30042,1.30065,2.25,1.50
2012.05.22 08:26:44.847,1.30045,1.30067,2.25,1.50
2012.05.22 08:26:44.981,1.30049,1.3007,1.50,1.10
2012.05.22 08:26:45.267,1.30051,1.30072,2.25,1.50
2012.05.22 08:26:45.335,1.30051,1.30074,2.25,3.95
2012.05.22 08:26:45.405,1.30049,1.30072,2.25,1.50
2012.05.22 08:26:45.979,1.30051,1.30073,1.50,1.50
2012.05.22 08:26:46.848,1.30049,1.30071,2.25,1.50
2012.05.22 08:26:47.975,1.30051,1.30072,1.50,1.50
2012.05.22 08:26:48.505,1.30047,1.30072,2.25,3.00
2012.05.22 08:26:51.374,1.30047,1.30068,3.00,1.50
2012.05.22 08:26:51.445,1.30047,1.30068,1.50,1.50
2012.05.22 08:26:51.576,1.30051,1.3007,1.50,1.50
2012.05.22 08:26:51.645,1.30049,1.30068,1.50,1.50
2012.05.22 08:26:52.158,1.3005,1.3007,1.50,1.50
2012.05.22 08:26:52.296,1.30047,1.3007,1.50,1.50
2012.05.22 08:26:52.366,1.30047,1.30064,1.50,1.50
2012.05.22 08:26:52.614,1.30047,1.30066,1.50,1.50
2012.05.22 08:26:52.683,1.30047,1.3007,1.50,1.50
2012.05.22 08:26:53.327,1.30047,1.30066,1.50,1.50
2012.05.22 08:26:55.106,1.30047,1.3007,2.25,1.50
2012.05.22 08:26:57.464,1.30047,1.30067,2.25,1.50
2012.05.22 08:26:57.827,1.3005,1.3007,1.50,1.50
2012.05.22 08:26:58.728,1.30047,1.30065,2.25,1.50
2012.05.22 08:26:58.947,1.30045,1.30068,2.25,3.00
2012.05.22 08:26:59.146,1.30052,1.3007,1.50,1.50
2012.05.22 08:26:59.498,1.30049,1.30067,1.50,1.50
2012.05.22 08:26:59.577,1.30051,1.30069,1.50,1.35
2012.05.22 08:27:00.955,1.30049,1.30067,1.50,1.50
2012.05.22 08:27:01.149,1.30051,1.30069,1.50,2.85
2012.05.22 08:27:02.478,1.30051,1.3007,1.50,1.50
2012.05.22 08:27:03.627,1.30056,1.3007,1.50,1.50
2012.05.22 08:27:03.776,1.30049,1.30071,3.00,2.07
2012.05.22 08:27:03.849,1.30055,1.30071,1.50,2.07
2012.05.22 08:27:04.097,1.30049,1.30071,2.25,2.22
2012.05.22 08:27:04.284,1.30049,1.3007,2.25,1.10
2012.05.22 08:27:04.907,1.30056,1.30073,1.50,1.10
2012.05.22 08:27:05.364,1.30054,1.30073,1.50,1.10
2012.05.22 08:27:05.895,1.30054,1.30073,1.50,1.10
2012.05.22 08:27:06.447,1.30051,1.30074,2.25,1.85
2012.05.22 08:27:07.051,1.30054,1.30077,1.50,3.35
2012.05.22 08:27:07.759,1.30054,1.30077,1.50,3.35
2012.05.22 08:27:08.604,1.30054,1.30076,1.50,1.50
2012.05.22 08:27:08.679,1.30051,1.30074,2.25,1.50
2012.05.22 08:27:10.336,1.30054,1.30077,1.50,1.10
2012.05.22 08:27:13.148,1.30054,1.30077,2.25,1.10
2012.05.22 08:27:13.638,1.30054,1.30079,2.25,1.50
2012.05.22 08:27:13.708,1.30052,1.30076,2.25,1.50
2012.05.22 08:27:15.636,1.30051,1.30076,3.00,2.25
2012.05.22 08:27:19.471,1.30054,1.30077,2.25,1.50
2012.05.22 08:27:19.546,1.30054,1.30079,2.25,3.00
2012.05.22 08:27:19.793,1.30054,1.30079,2.25,3.00
2012.05.22 08:27:20.922,1.30051,1.30076,2.25,1.50
2012.05.22 08:27:23.524,1.30055,1.30078,2.25,2.25
2012.05.22 08:27:23.928,1.30052,1.30075,2.25,1.50
2012.05.22 08:27:25.156,1.30054,1.30079,2.25,3.00
2012.05.22 08:27:32.646,1.30058,1.3008,1.50,1.85
2012.05.22 08:27:32.718,1.30056,1.3008,1.50,3.35
2012.05.22 08:27:33.348,1.30055,1.3008,2.25,3.00
2012.05.22 08:27:34.596,1.30055,1.3008,1.50,3.00
2012.05.22 08:27:43.040,1.30055,1.30079,2.25,3.35
2012.05.22 08:27:43.170,1.30058,1.30079,1.50,1.85
2012.05.22 08:27:43.520,1.30059,1.30082,2.25,1.50
2012.05.22 08:27:44.058,1.30064,1.30083,1.50,1.50
2012.05.22 08:27:44.968,1.30061,1.30083,2.25,1.50
2012.05.22 08:27:45.334,1.30059,1.30082,1.50,2.25
2012.05.22 08:27:45.561,1.30057,1.3008,2.25,1.50
2012.05.22 08:27:46.485,1.30059,1.30081,1.50,1.50
2012.05.22 08:27:47.047,1.30059,1.30082,1.50,2.25
2012.05.22 08:27:47.517,1.30057,1.30079,1.50,1.50
2012.05.22 08:27:48.005,1.30059,1.30083,1.50,1.50
2012.05.22 08:27:48.447,1.30064,1.30083,1.50,1.50
2012.05.22 08:27:48.516,1.30061,1.30083,1.50,1.50
2012.05.22 08:27:52.005,1.30062,1.30083,1.50,1.50
2012.05.22 08:27:52.075,1.30065,1.30083,1.50,1.50
2012.05.22 08:27:53.355,1.30062,1.30083,1.50,1.50
2012.05.22 08:27:54.891,1.30065,1.30083,1.50,1.50
2012.05.22 08:27:56.337,1.30065,1.30083,1.50,1.50
2012.05.22 08:27:57.236,1.30065,1.30086,1.50,1.50
2012.05.22 08:27:58.114,1.30065,1.30087,1.50,1.10
2012.05.22 08:27:58.374,1.30073,1.30091,1.50,1.85
2012.05.22 08:27:58.566,1.30073,1.30092,1.50,1.10
2012.05.22 08:27:58.775,1.3007,1.30092,1.50,1.10
2012.05.22 08:27:59.286,1.30069,1.30092,2.25,1.10
2012.05.22 08:28:01.699,1.30073,1.30091,1.50,1.10
2012.05.22 08:28:03.000,1.3007,1.30092,2.25,1.10
2012.05.22 08:28:03.437,1.30071,1.30095,2.25,1.10
2012.05.22 08:28:03.707,1.3007,1.30093,2.25,3.35
2012.05.22 08:28:04.264,1.30067,1.3009,3.75,1.50
2012.05.22 08:28:06.694,1.30067,1.3009,2.25,1.50
2012.05.22 08:28:06.826,1.3007,1.30091,1.50,1.10
2012.05.22 08:28:09.168,1.3007,1.30091,2.25,1.85
2012.05.22 08:28:09.676,1.30067,1.30091,2.25,1.10
2012.05.22 08:28:10.306,1.30065,1.30088,2.25,1.50
2012.05.22 08:28:10.386,1.30067,1.3009,2.25,2.25
2012.05.22 08:28:10.909,1.30067,1.3009,2.25,1.50
2012.05.22 08:28:12.676,1.30069,1.30092,2.25,2.60
2012.05.22 08:28:17.975,1.3007,1.30091,1.50,1.10
2012.05.22 08:28:18.493,1.3007,1.30091,1.50,1.50
2012.05.22 08:28:19.186,1.3007,1.30092,1.50,1.85
2012.05.22 08:28:19.793,1.30066,1.30091,1.50,3.35
2012.05.22 08:28:20.387,1.30062,1.30086,2.25,1.50
2012.05.22 08:28:20.935,1.30064,1.30088,3.00,1.10
2012.05.22 08:28:21.604,1.30064,1.30086,1.50,1.50
2012.05.22 08:28:22.327,1.30066,1.30088,1.35,1.50
2012.05.22 08:28:22.395,1.30066,1.30088,2.10,1.50
2012.05.22 08:28:22.955,1.30068,1.30091,2.25,1.50
2012.05.22 08:28:23.147,1.3007,1.30095,2.25,3.00
2012.05.22 08:28:23.667,1.30067,1.30092,2.40,1.50
2012.05.22 08:28:24.181,1.30066,1.30091,4.43,1.50
2012.05.22 08:28:24.576,1.30071,1.30093,1.50,1.50
2012.05.22 08:28:24.647,1.30068,1.30091,2.40,1.50
2012.05.22 08:28:25.106,1.30072,1.30093,1.50,1.50
2012.05.22 08:28:25.707,1.30074,1.30093,1.50,1.50
2012.05.22 08:28:25.966,1.3007,1.30093,2.25,1.50
2012.05.22 08:28:29.016,1.3007,1.30095,1.50,3.75
2012.05.22 08:28:29.549,1.30074,1.30095,1.50,3.00
2012.05.22 08:28:29.907,1.30066,1.30085,1.05,2.25
2012.05.22 08:28:30.046,1.30061,1.30085,2.10,2.25
2012.05.22 08:28:30.374,1.30066,1.30086,1.50,1.10
2012.05.22 08:28:30.589,1.30063,1.30086,1.50,2.25
2012.05.22 08:28:30.869,1.30066,1.30087,1.50,1.50
2012.05.22 08:28:31.396,1.30065,1.30087,1.50,1.50
2012.05.22 08:28:32.397,1.30063,1.30086,1.50,2.25
2012.05.22 08:28:32.533,1.30066,1.30087,1.50,1.50
2012.05.22 08:28:33.725,1.30062,1.30085,3.00,1.50
2012.05.22 08:28:34.178,1.30067,1.30088,1.50,1.13
2012.05.22 08:28:36.070,1.30067,1.30089,1.50,1.13
2012.05.22 08:28:36.625,1.30067,1.3009,1.50,2.25
2012.05.22 08:28:38.616,1.30067,1.30089,1.50,1.50
2012.05.22 08:28:38.996,1.30062,1.30085,4.50,1.50
2012.05.22 08:28:39.135,1.30065,1.30087,2.25,1.50
2012.05.22 08:28:39.677,1.30065,1.30088,2.25,1.50
2012.05.22 08:28:39.865,1.30068,1.30091,1.50,4.85
2012.05.22 08:28:40.065,1.30066,1.30088,2.25,1.50
2012.05.22 08:28:40.687,1.30065,1.30088,2.25,2.25
2012.05.22 08:28:43.157,1.30066,1.30088,1.50,2.25
2012.05.22 08:28:43.225,1.30068,1.30089,1.50,1.50
2012.05.22 08:28:44.418,1.30068,1.30087,1.50,1.50
2012.05.22 08:28:44.548,1.30062,1.30083,1.50,2.25
2012.05.22 08:28:44.681,1.30062,1.30083,1.50,2.25
2012.05.22 08:28:45.358,1.30057,1.3008,2.25,2.25
2012.05.22 08:28:45.488,1.30065,1.30082,1.50,2.25
2012.05.22 08:28:45.556,1.30065,1.30082,1.50,1.50
2012.05.22 08:28:45.631,1.30062,1.30083,1.50,1.50
2012.05.22 08:28:46.157,1.30059,1.30082,2.25,1.50
2012.05.22 08:28:46.717,1.30062,1.30084,2.25,1.10
2012.05.22 08:28:47.644,1.30062,1.30085,1.50,2.25
2012.05.22 08:28:48.854,1.30057,1.30081,3.75,2.25
2012.05.22 08:28:49.207,1.30062,1.30085,1.50,2.25
2012.05.22 08:28:49.525,1.30064,1.30086,1.50,1.50
2012.05.22 08:28:50.764,1.30061,1.30084,1.50,2.25
2012.05.22 08:28:52.096,1.30064,1.30085,1.50,1.50
2012.05.22 08:28:53.797,1.30065,1.30086,1.50,1.50
2012.05.22 08:28:53.926,1.30061,1.30084,2.25,2.25
2012.05.22 08:28:54.248,1.3006,1.30082,2.25,1.50
2012.05.22 08:28:54.807,1.30062,1.30085,1.50,2.25
2012.05.22 08:28:55.587,1.30059,1.30083,2.25,2.25
2012.05.22 08:28:56.945,1.30062,1.30085,1.50,2.25
2012.05.22 08:28:57.611,1.3006,1.30082,3.75,1.50
2012.05.22 08:28:57.749,1.30062,1.30085,1.50,2.25
2012.05.22 08:28:58.064,1.30064,1.30087,1.50,1.50
2012.05.22 08:28:58.614,1.30065,1.30087,1.50,1.50
2012.05.22 08:28:58.805,1.30065,1.30087,1.50,1.50
2012.05.22 08:28:59.407,1.30066,1.30087,1.50,1.50
2012.05.22 08:28:59.475,1.30068,1.30087,1.50,1.50
2012.05.22 08:29:00.511,1.30068,1.30087,1.50,1.50
2012.05.22 08:29:02.135,1.30065,1.30089,2.25,1.50
2012.05.22 08:29:02.403,1.30069,1.30088,1.50,1.50
2012.05.22 08:29:03.183,1.30066,1.30086,2.25,1.50
2012.05.22 08:29:03.315,1.30063,1.30086,1.50,1.50
2012.05.22 08:29:03.717,1.30069,1.30091,1.50,2.22
2012.05.22 08:29:03.794,1.30065,1.3009,1.50,2.25
2012.05.22 08:29:06.347,1.30068,1.30091,1.50,1.88
2012.05.22 08:29:06.689,1.30066,1.3009,1.50,2.25
2012.05.22 08:29:07.457,1.30065,1.3009,1.50,2.25
2012.05.22 08:29:07.728,1.30067,1.3009,1.50,2.25
2012.05.22 08:29:08.264,1.30066,1.30089,1.50,2.25
2012.05.22 08:29:08.796,1.30068,1.3009,1.50,1.50
2012.05.22 08:29:11.016,1.30067,1.30089,1.50,2.25
2012.05.22 08:29:11.985,1.30068,1.30091,1.50,1.50
2012.05.22 08:29:12.114,1.30065,1.3009,1.50,2.25
2012.05.22 08:29:13.277,1.30069,1.30091,1.50,1.50
2012.05.22 08:29:15.186,1.30067,1.30089,1.50,2.25
2012.05.22 08:29:15.527,1.30066,1.30089,1.50,2.25
2012.05.22 08:29:15.974,1.30063,1.30086,2.25,2.25
2012.05.22 08:29:17.416,1.30063,1.30083,1.50,1.50
2012.05.22 08:29:17.547,1.30063,1.30086,1.50,2.25
2012.05.22 08:29:18.717,1.30062,1.30085,1.50,1.50
2012.05.22 08:29:18.788,1.30061,1.30084,3.00,2.10
2012.05.22 08:29:18.999,1.30057,1.30078,1.50,1.50
2012.05.22 08:29:19.066,1.30057,1.30078,1.50,1.50
2012.05.22 08:29:19.200,1.30059,1.3008,2.25,1.85
2012.05.22 08:29:19.407,1.3006,1.30083,1.50,2.63
2012.05.22 08:29:19.478,1.30063,1.30083,1.50,1.13
2012.05.22 08:29:20.007,1.30063,1.30084,1.50,2.25
2012.05.22 08:29:21.975,1.30063,1.30084,1.50,2.25
2012.05.22 08:29:22.540,1.30067,1.30084,1.50,2.25
2012.05.22 08:29:23.836,1.30064,1.30084,3.00,2.25
2012.05.22 08:29:26.964,1.30059,1.30084,1.50,3.75
2012.05.22 08:29:27.836,1.3006,1.30084,1.50,3.75
2012.05.22 08:29:27.903,1.30062,1.30084,1.50,2.25
2012.05.22 08:29:31.172,1.30062,1.30084,1.50,2.25
2012.05.22 08:29:33.344,1.30058,1.30084,2.25,3.75
2012.05.22 08:29:33.885,1.30058,1.30084,2.25,3.75
2012.05.22 08:29:34.213,1.30062,1.30084,1.50,2.25
2012.05.22 08:29:36.895,1.30059,1.30082,1.50,2.25
2012.05.22 08:29:37.410,1.30058,1.30082,2.25,2.25
2012.05.22 08:29:37.803,1.30061,1.30084,1.50,3.75
2012.05.22 08:29:39.309,1.30058,1.30081,3.75,2.25
2012.05.22 08:29:43.295,1.30055,1.30079,1.50,2.25
2012.05.22 08:29:43.836,1.30057,1.30082,1.50,2.25
2012.05.22 08:29:44.825,1.30055,1.3008,1.50,2.25
2012.05.22 08:29:45.778,1.30055,1.30076,1.50,1.50
2012.05.22 08:29:46.178,1.30055,1.30073,1.50,1.50
2012.05.22 08:29:46.527,1.30055,1.30076,1.50,1.50
2012.05.22 08:29:47.036,1.30056,1.3008,2.25,2.25
2012.05.22 08:29:47.788,1.30056,1.3008,1.50,2.25
2012.05.22 08:29:48.200,1.30054,1.30077,2.25,2.25
2012.05.22 08:29:48.677,1.30053,1.30078,2.25,2.25
2012.05.22 08:29:49.234,1.30051,1.30075,2.25,1.50
2012.05.22 08:29:49.835,1.30054,1.30077,2.25,3.00
2012.05.22 08:29:50.599,1.30052,1.30074,2.25,1.50
2012.05.22 08:29:50.979,1.30051,1.30074,2.25,1.50
2012.05.22 08:29:51.129,1.30053,1.30076,2.25,1.50
2012.05.22 08:29:51.330,1.30051,1.30074,3.75,1.50
2012.05.22 08:29:51.940,1.30049,1.30071,1.50,1.50
2012.05.22 08:29:52.017,1.30049,1.30071,1.50,1.50
2012.05.22 08:29:52.148,1.3005,1.30068,1.50,1.50
2012.05.22 08:29:52.219,1.30048,1.30071,3.00,3.00
2012.05.22 08:29:52.285,1.30048,1.30071,3.00,3.00
2012.05.22 08:29:52.479,1.30051,1.30074,1.50,3.75
2012.05.22 08:29:52.609,1.30051,1.30074,2.25,2.25
2012.05.22 08:29:52.680,1.30053,1.30075,1.50,1.50
2012.05.22 08:29:52.817,1.30051,1.30074,1.50,2.25
2012.05.22 08:29:52.888,1.30049,1.30072,2.25,1.50
2012.05.22 08:29:53.625,1.30047,1.30072,2.25,1.50
2012.05.22 08:29:54.735,1.30047,1.3007,2.25,1.50
2012.05.22 08:29:55.284,1.30048,1.30071,2.25,1.50
2012.05.22 08:29:56.306,1.30048,1.3007,2.25,1.50
2012.05.22 08:29:56.384,1.30045,1.30064,2.25,1.50
2012.05.22 08:29:56.591,1.30044,1.30067,3.00,1.50
2012.05.22 08:29:56.668,1.30044,1.30069,3.00,1.50
2012.05.22 08:29:56.916,1.30051,1.30073,1.50,3.00
2012.05.22 08:29:57.177,1.30047,1.3007,2.25,2.25
2012.05.22 08:29:57.678,1.3005,1.30073,1.50,3.35
2012.05.22 08:29:57.816,1.30048,1.30071,2.25,2.25
2012.05.22 08:29:58.237,1.30046,1.30071,1.50,2.25
2012.05.22 08:29:59.797,1.30046,1.30071,2.25,2.25
2012.05.22 08:30:00.273,1.30049,1.30071,1.50,1.50
2012.05.22 08:30:00.827,1.30049,1.30071,1.50,1.50
2012.05.22 08:30:01.580,1.30048,1.30066,1.50,1.50
2012.05.22 08:30:01.847,1.30044,1.30069,3.00,1.50
2012.05.22 08:30:02.378,1.30044,1.30069,2.25,2.25
2012.05.22 08:30:02.859,1.30048,1.30073,1.50,2.25
2012.05.22 08:30:04.408,1.30045,1.3007,2.25,2.25
2012.05.22 08:30:04.536,1.30048,1.30073,1.50,2.25
2012.05.22 08:30:05.195,1.30045,1.30072,2.25,2.25
2012.05.22 08:30:05.667,1.30044,1.30069,1.50,2.25
2012.05.22 08:30:06.015,1.30047,1.3007,1.50,2.25
2012.05.22 08:30:07.927,1.30044,1.30068,3.75,2.25
2012.05.22 08:30:08.563,1.30046,1.3007,1.50,2.60
2012.05.22 08:30:08.827,1.30042,1.30068,1.50,2.25
2012.05.22 08:30:08.896,1.30045,1.30069,1.50,2.25
2012.05.22 08:30:09.494,1.30041,1.30068,3.23,2.25
2012.05.22 08:30:09.939,1.30042,1.30064,2.25,1.50
2012.05.22 08:30:10.448,1.30041,1.30064,2.25,3.00
2012.05.22 08:30:10.790,1.30037,1.30061,2.25,1.50
2012.05.22 08:30:10.976,1.30037,1.30059,2.25,1.50
2012.05.22 08:30:11.587,1.30037,1.30058,1.50,1.50
2012.05.22 08:30:12.038,1.30037,1.30056,1.50,1.50
2012.05.22 08:30:13.377,1.30039,1.30058,1.50,1.50
2012.05.22 08:30:13.641,1.30034,1.3006,3.00,2.25
2012.05.22 08:30:13.974,1.30034,1.30056,1.50,1.50
2012.05.22 08:30:14.919,1.30033,1.30056,1.50,2.25
2012.05.22 08:30:15.275,1.30033,1.30056,1.50,1.88
2012.05.22 08:30:15.559,1.3004,1.30062,1.50,1.50
2012.05.22 08:30:15.628,1.30037,1.30062,2.25,1.50
2012.05.22 08:30:15.756,1.30043,1.30063,1.50,1.85
2012.05.22 08:30:16.112,1.30048,1.30066,1.50,1.50
2012.05.22 08:30:16.265,1.30045,1.30068,1.50,1.10
2012.05.22 08:30:16.406,1.30045,1.30069,1.50,2.25
2012.05.22 08:30:16.919,1.30043,1.30069,3.75,2.25
2012.05.22 08:30:17.767,1.30047,1.3007,1.50,2.25
2012.05.22 08:30:17.838,1.30047,1.30071,1.50,3.75
2012.05.22 08:30:17.907,1.30045,1.30069,2.25,2.25
2012.05.22 08:30:21.205,1.30045,1.30069,1.50,2.25
2012.05.22 08:30:21.409,1.30045,1.30069,2.25,2.85
2012.05.22 08:30:21.676,1.30041,1.30066,2.25,2.25
2012.05.22 08:30:21.746,1.30039,1.30063,3.00,1.50
2012.05.22 08:30:21.937,1.3004,1.30068,2.25,3.35
2012.05.22 08:30:22.186,1.30045,1.30068,2.25,1.10
2012.05.22 08:30:22.702,1.30042,1.30068,2.25,1.10
2012.05.22 08:30:23.587,1.30042,1.30068,2.25,1.10
2012.05.22 08:30:25.396,1.30042,1.30068,2.25,1.10
2012.05.22 08:30:25.737,1.30042,1.30069,2.25,2.25
2012.05.22 08:30:26.318,1.30042,1.30069,2.25,2.63
2012.05.22 08:30:26.391,1.30042,1.30065,2.25,1.50
2012.05.22 08:30:26.727,1.3004,1.30066,2.25,2.60
2012.05.22 08:30:27.211,1.30048,1.30072,2.25,1.50
2012.05.22 08:30:28.132,1.3005,1.30072,1.50,1.10
2012.05.22 08:30:28.278,1.3005,1.30075,2.25,1.85
2012.05.22 08:30:28.351,1.3005,1.30072,1.50,1.10
2012.05.22 08:30:28.643,1.30052,1.30072,1.50,1.10
2012.05.22 08:30:28.875,1.3005,1.30074,2.25,1.10
2012.05.22 08:30:29.688,1.30054,1.30073,1.50,1.10
2012.05.22 08:30:30.393,1.30054,1.30073,1.50,1.10
2012.05.22 08:30:30.816,1.30056,1.30073,1.50,1.10
2012.05.22 08:30:31.028,1.30053,1.30072,1.50,1.10
2012.05.22 08:30:31.962,1.30051,1.30073,3.00,1.10
2012.05.22 08:30:32.316,1.30053,1.30073,1.50,1.10
2012.05.22 08:30:32.857,1.30052,1.30073,1.50,1.10
2012.05.22 08:30:32.989,1.30049,1.30073,3.00,1.10
2012.05.22 08:30:33.357,1.30052,1.30073,1.50,1.10
2012.05.22 08:30:33.728,1.30057,1.30074,1.50,1.10
2012.05.22 08:30:34.228,1.30053,1.30076,3.00,1.10
2012.05.22 08:30:34.417,1.30053,1.30079,3.00,2.60
2012.05.22 08:30:34.545,1.30053,1.30079,3.00,2.60
2012.05.22 08:30:34.904,1.30053,1.30079,3.00,2.60
2012.05.22 08:30:35.448,1.30057,1.30079,1.50,1.85
2012.05.22 08:30:35.709,1.30054,1.30079,3.00,2.60
2012.05.22 08:30:36.219,1.30052,1.30074,2.25,2.25
2012.05.22 08:30:36.486,1.30054,1.30077,1.50,1.50
2012.05.22 08:30:36.866,1.30052,1.30075,2.25,2.25
2012.05.22 08:30:37.567,1.30052,1.30076,1.50,1.50
2012.05.22 08:30:37.708,1.3005,1.30072,1.50,2.25
2012.05.22 08:30:37.850,1.30049,1.30074,1.50,2.25
2012.05.22 08:30:38.459,1.30049,1.30073,2.25,2.25
2012.05.22 08:30:40.247,1.30046,1.30071,2.25,2.25
2012.05.22 08:30:40.768,1.30046,1.30067,2.25,1.50
2012.05.22 08:30:41.110,1.30047,1.30067,1.50,1.50
2012.05.22 08:30:41.366,1.30047,1.30069,2.25,1.47
2012.05.22 08:30:41.438,1.30044,1.30069,2.25,2.97
2012.05.22 08:30:41.568,1.30044,1.30069,2.25,2.97
2012.05.22 08:30:41.707,1.30046,1.30069,1.50,1.47
2012.05.22 08:30:41.778,1.30043,1.30069,2.25,1.47
2012.05.22 08:30:42.409,1.3004,1.30066,1.50,2.25
2012.05.22 08:30:42.736,1.30045,1.30068,1.50,1.50
2012.05.22 08:30:44.225,1.30045,1.30068,1.50,1.50
2012.05.22 08:30:45.207,1.30045,1.30067,1.50,2.25
2012.05.22 08:30:45.277,1.3004,1.30066,1.50,2.25
2012.05.22 08:30:45.836,1.30042,1.30068,1.50,3.35
2012.05.22 08:30:46.208,1.3004,1.30066,1.50,2.25
2012.05.22 08:30:48.205,1.30041,1.30066,2.25,1.10
2012.05.22 08:30:48.558,1.30044,1.30066,1.50,1.10
2012.05.22 08:30:49.577,1.30041,1.30066,2.25,1.10
2012.05.22 08:30:50.085,1.30041,1.30066,2.25,1.10
2012.05.22 08:30:50.344,1.30039,1.30066,3.00,2.60
2012.05.22 08:30:50.861,1.30041,1.30066,1.50,2.60
2012.05.22 08:30:50.942,1.30039,1.30061,1.50,1.50
2012.05.22 08:30:51.277,1.30037,1.30064,3.00,3.00
2012.05.22 08:30:52.606,1.3004,1.30064,1.50,3.00
2012.05.22 08:30:53.159,1.30041,1.30064,1.50,1.50
2012.05.22 08:30:53.385,1.30038,1.30064,2.25,3.00
2012.05.22 08:30:53.828,1.30041,1.30064,1.50,1.50
2012.05.22 08:30:53.896,1.30039,1.30063,3.75,2.25
2012.05.22 08:30:55.367,1.30037,1.30062,1.50,1.50
2012.05.22 08:30:55.556,1.30037,1.30062,1.50,2.25
2012.05.22 08:30:57.935,1.30041,1.30063,1.50,1.10
2012.05.22 08:30:58.157,1.30038,1.30063,2.25,2.60
2012.05.22 08:31:01.810,1.30035,1.30061,1.50,3.75
2012.05.22 08:31:01.877,1.30035,1.30061,1.50,3.00
2012.05.22 08:31:02.301,1.30034,1.30057,2.25,1.85
2012.05.22 08:31:02.780,1.3003,1.30056,3.00,2.25
2012.05.22 08:31:03.668,1.30028,1.30054,1.50,1.50
2012.05.22 08:31:03.739,1.30027,1.30054,2.25,1.85
2012.05.22 08:31:03.815,1.30027,1.30053,2.25,1.85
2012.05.22 08:31:04.007,1.30027,1.30051,2.25,1.50
2012.05.22 08:31:04.490,1.30022,1.30046,3.00,1.50
2012.05.22 08:31:04.767,1.30022,1.30046,2.25,1.85
2012.05.22 08:31:05.176,1.30025,1.30047,1.50,1.10
2012.05.22 08:31:05.485,1.30021,1.30047,2.25,3.35
2012.05.22 08:31:07.038,1.30021,1.30047,2.25,3.35
2012.05.22 08:31:07.259,1.30024,1.30045,3.00,1.10
2012.05.22 08:31:07.587,1.30024,1.30044,1.13,1.10
2012.05.22 08:31:07.728,1.30027,1.30051,1.50,1.10
2012.05.22 08:31:07.868,1.30032,1.30051,2.25,1.10
2012.05.22 08:31:08.389,1.30034,1.30057,1.50,1.85
2012.05.22 08:31:08.457,1.30034,1.30057,2.25,1.50
2012.05.22 08:31:08.998,1.30032,1.30056,2.25,2.25
2012.05.22 08:31:09.549,1.30032,1.30056,2.25,2.25
2012.05.22 08:31:10.390,1.30033,1.30056,1.50,3.00
2012.05.22 08:31:10.711,1.30032,1.3005,1.50,1.50
2012.05.22 08:31:10.934,1.30026,1.30051,3.75,3.00
2012.05.22 08:31:11.237,1.30026,1.30049,2.25,1.50
2012.05.22 08:31:11.606,1.30024,1.30046,1.50,1.88
2012.05.22 08:31:11.970,1.30024,1.30044,1.50,1.50
2012.05.22 08:31:12.169,1.30021,1.30044,1.50,1.50
2012.05.22 08:31:12.238,1.30028,1.30044,1.50,1.50
2012.05.22 08:31:12.451,1.30027,1.30044,1.50,1.50
2012.05.22 08:31:12.708,1.30026,1.30042,1.50,1.10
2012.05.22 08:31:12.908,1.30026,1.30047,1.50,1.47
2012.05.22 08:31:13.038,1.30023,1.30047,3.00,2.60
2012.05.22 08:31:13.106,1.30025,1.30047,1.50,1.10
2012.05.22 08:31:13.425,1.30025,1.30047,2.25,1.10
2012.05.22 08:31:13.769,1.30023,1.30044,2.63,1.50
2012.05.22 08:31:14.287,1.30022,1.30044,1.88,1.50
2012.05.22 08:31:14.598,1.30022,1.30046,1.50,3.00
2012.05.22 08:31:14.666,1.30022,1.30041,1.50,1.50
2012.05.22 08:31:15.437,1.30021,1.3004,3.00,1.50
2012.05.22 08:31:15.957,1.30021,1.30043,2.25,1.50
2012.05.22 08:31:16.031,1.3002,1.30041,2.25,1.50
2012.05.22 08:31:16.247,1.30016,1.30041,1.50,1.50
2012.05.22 08:31:16.317,1.30014,1.30039,3.00,2.25
2012.05.22 08:31:17.020,1.30016,1.3004,1.50,2.25
2012.05.22 08:31:17.460,1.30026,1.30042,1.50,1.85
2012.05.22 08:31:17.529,1.30024,1.30042,1.50,1.85
2012.05.22 08:31:17.659,1.30027,1.30042,1.50,1.85
2012.05.22 08:31:17.730,1.30027,1.30045,1.50,1.10
2012.05.22 08:31:17.797,1.30025,1.30045,3.00,1.10
2012.05.22 08:31:17.867,1.30025,1.30047,1.50,1.50
2012.05.22 08:31:18.778,1.30029,1.30047,1.50,1.85
2012.05.22 08:31:18.847,1.30027,1.30047,1.50,1.85
2012.05.22 08:31:18.915,1.30025,1.30047,1.50,1.85
2012.05.22 08:31:19.763,1.30031,1.30048,1.50,1.10
2012.05.22 08:31:20.315,1.30026,1.30048,1.50,1.85
2012.05.22 08:31:20.669,1.30043,1.3006,1.88,1.85
2012.05.22 08:31:21.180,1.30042,1.30064,1.13,1.85
2012.05.22 08:31:21.250,1.30043,1.30065,2.25,1.10
2012.05.22 08:31:21.462,1.30047,1.30064,1.50,1.50
2012.05.22 08:31:22.029,1.30046,1.30064,1.50,1.50
2012.05.22 08:31:26.215,1.30046,1.30064,1.50,1.50
2012.05.22 08:31:26.986,1.30049,1.30067,1.50,1.50
2012.05.22 08:31:27.295,1.30051,1.30064,1.50,1.50
2012.05.22 08:31:27.367,1.30049,1.30064,1.50,1.50
2012.05.22 08:31:27.946,1.30049,1.30067,1.50,1.50
2012.05.22 08:31:28.206,1.30049,1.30067,2.25,1.50
2012.05.22 08:31:28.551,1.30057,1.30071,1.50,1.50
2012.05.22 08:31:29.018,1.30052,1.30074,2.25,1.50
2012.05.22 08:31:29.688,1.30052,1.30074,2.25,1.85
2012.05.22 08:31:30.268,1.30049,1.30072,1.13,1.50
2012.05.22 08:31:33.068,1.30049,1.30072,2.63,1.50
2012.05.22 08:31:33.456,1.30048,1.30072,2.63,1.50
2012.05.22 08:31:33.530,1.30048,1.30072,2.63,2.25
2012.05.22 08:31:33.859,1.30051,1.3007,2.25,1.50
2012.05.22 08:31:33.929,1.30053,1.3007,1.50,1.50
2012.05.22 08:31:34.199,1.30051,1.3007,2.25,1.50
2012.05.22 08:31:34.271,1.30055,1.3007,1.50,1.50
2012.05.22 08:31:34.642,1.30052,1.3007,2.25,1.50
2012.05.22 08:31:34.986,1.30048,1.3007,2.25,1.50
2012.05.22 08:31:35.558,1.30046,1.3007,1.50,1.50
2012.05.22 08:31:36.010,1.3005,1.30068,1.50,1.50
2012.05.22 08:31:36.080,1.3005,1.30068,1.50,1.50
2012.05.22 08:31:36.542,1.3005,1.30068,1.50,1.50
2012.05.22 08:31:36.619,1.30047,1.30069,2.25,1.10
2012.05.22 08:31:37.048,1.3005,1.30069,1.50,1.10
2012.05.22 08:31:37.259,1.30047,1.30069,1.50,1.50
2012.05.22 08:31:37.975,1.30047,1.30069,1.50,1.50
2012.05.22 08:31:38.047,1.3005,1.30069,1.50,1.50
2012.05.22 08:31:38.219,1.30048,1.30069,1.50,1.50
2012.05.22 08:31:38.468,1.30053,1.30073,1.20,2.25
2012.05.22 08:31:38.811,1.30061,1.30071,1.88,1.50
2012.05.22 08:31:38.961,1.30051,1.30073,1.50,3.00
2012.05.22 08:31:39.099,1.30049,1.3007,1.88,1.35
2012.05.22 08:31:39.226,1.30047,1.30068,1.50,1.50
2012.05.22 08:31:39.296,1.30044,1.30068,2.25,2.25
2012.05.22 08:31:39.748,1.30052,1.30072,1.50,2.10
2012.05.22 08:31:39.817,1.30052,1.30072,1.50,1.50
2012.05.22 08:31:39.946,1.30052,1.30072,1.50,2.25
2012.05.22 08:31:40.016,1.3005,1.30072,1.50,1.50
2012.05.22 08:31:40.326,1.30047,1.30071,1.50,3.00
2012.05.22 08:31:40.768,1.3005,1.30071,1.50,2.25
2012.05.22 08:31:41.105,1.30052,1.30072,1.50,1.10
2012.05.22 08:31:41.452,1.3005,1.30072,1.50,1.10
2012.05.22 08:31:42.008,1.30048,1.30073,1.50,1.85
2012.05.22 08:31:42.078,1.30046,1.30073,2.25,1.85
2012.05.22 08:31:42.275,1.30044,1.30067,1.50,1.50
2012.05.22 08:31:42.584,1.30045,1.30066,1.50,1.50
2012.05.22 08:31:42.655,1.30045,1.30066,1.50,1.50
2012.05.22 08:31:42.729,1.30052,1.30071,1.13,1.50
2012.05.22 08:31:43.038,1.30044,1.30068,1.35,2.25
2012.05.22 08:31:43.528,1.30044,1.30061,1.13,1.50
2012.05.22 08:31:43.786,1.30044,1.30065,1.35,2.25
2012.05.22 08:31:46.306,1.30048,1.3007,1.50,1.50
2012.05.22 08:31:46.686,1.30052,1.30072,1.50,2.25
2012.05.22 08:31:46.817,1.30048,1.30072,1.50,1.50
2012.05.22 08:31:47.256,1.30054,1.30071,1.50,1.50
2012.05.22 08:31:47.592,1.30044,1.30069,3.83,2.85
2012.05.22 08:31:47.665,1.30044,1.30069,3.08,3.60
2012.05.22 08:31:48.120,1.30047,1.30067,1.50,1.50
2012.05.22 08:31:48.331,1.30049,1.30073,1.50,2.85
2012.05.22 08:31:48.411,1.3005,1.30072,4.50,1.50
2012.05.22 08:31:48.490,1.30051,1.30076,3.00,2.25
2012.05.22 08:31:48.628,1.30057,1.30075,1.50,1.50
2012.05.22 08:31:49.337,1.30053,1.30076,1.50,2.25
2012.05.22 08:31:49.750,1.30051,1.30075,1.88,2.25
2012.05.22 08:31:49.818,1.30051,1.30075,1.50,2.25
2012.05.22 08:31:49.948,1.30051,1.30072,1.50,2.25
2012.05.22 08:31:50.020,1.30045,1.30069,2.45,1.50
2012.05.22 08:31:50.089,1.30047,1.30071,2.25,2.25
2012.05.22 08:31:50.418,1.30052,1.30071,1.50,2.25
2012.05.22 08:31:50.758,1.30055,1.30076,1.50,1.50
2012.05.22 08:31:51.156,1.30051,1.30076,2.25,1.50
2012.05.22 08:31:51.608,1.30054,1.30078,1.50,1.69
2012.05.22 08:31:51.677,1.30052,1.30076,1.50,2.25
2012.05.22 08:31:51.746,1.30052,1.30076,2.25,3.00
2012.05.22 08:31:52.426,1.30053,1.30076,1.50,2.25
2012.05.22 08:31:52.758,1.30055,1.30079,1.50,2.60
2012.05.22 08:31:53.745,1.30055,1.3008,1.50,2.25
2012.05.22 08:31:54.369,1.30055,1.30078,1.50,1.50
2012.05.22 08:31:54.443,1.30054,1.30076,1.13,2.25
2012.05.22 08:31:59.739,1.30054,1.30075,1.13,3.00
2012.05.22 08:32:00.627,1.30054,1.30074,1.88,1.10
2012.05.22 08:32:01.777,1.30055,1.30074,1.13,1.10
2012.05.22 08:32:02.426,1.30055,1.30076,1.50,1.10
2012.05.22 08:32:03.020,1.30055,1.30076,1.50,1.10
2012.05.22 08:32:03.528,1.30055,1.30074,1.50,1.10
2012.05.22 08:32:04.094,1.30055,1.30073,1.13,1.85
2012.05.22 08:32:04.469,1.30051,1.3007,1.50,1.50
2012.05.22 08:32:04.536,1.30051,1.30074,1.50,2.60
2012.05.22 08:32:04.716,1.30051,1.30074,1.50,2.60
2012.05.22 08:32:05.271,1.30051,1.30074,1.50,2.60
2012.05.22 08:32:05.816,1.30051,1.30073,1.50,1.10
2012.05.22 08:32:05.888,1.30051,1.30073,1.50,1.10
2012.05.22 08:32:06.495,1.30051,1.30073,1.50,1.10
2012.05.22 08:32:07.307,1.30051,1.30074,1.50,1.85
2012.05.22 08:32:07.856,1.30051,1.30074,1.50,1.85
2012.05.22 08:32:08.071,1.30051,1.30074,1.50,2.60
2012.05.22 08:32:08.615,1.30051,1.30072,1.50,1.85
2012.05.22 08:32:09.566,1.30051,1.30072,1.50,1.85
2012.05.22 08:32:10.110,1.30051,1.30072,1.50,2.60
2012.05.22 08:32:11.289,1.30047,1.30071,3.00,1.50
2012.05.22 08:32:11.358,1.3005,1.30071,1.50,1.50
2012.05.22 08:32:11.876,1.30058,1.30072,2.25,1.10
2012.05.22 08:32:11.960,1.30058,1.30078,1.50,3.00
2012.05.22 08:32:12.030,1.30051,1.30078,2.25,3.00
2012.05.22 08:32:12.098,1.30056,1.30078,4.50,3.35
2012.05.22 08:32:14.758,1.3006,1.30078,1.13,1.10
2012.05.22 08:32:17.657,1.30061,1.30078,2.63,1.10
2012.05.22 08:32:20.699,1.3006,1.30081,1.13,1.50
2012.05.22 08:32:23.737,1.3006,1.30081,1.13,1.50
2012.05.22 08:32:24.018,1.30061,1.30081,2.25,1.50
2012.05.22 08:32:24.088,1.30059,1.30081,3.00,1.50
2012.05.22 08:32:24.158,1.30059,1.30081,1.50,1.50
2012.05.22 08:32:24.497,1.30056,1.3008,3.00,1.50
2012.05.22 08:32:24.625,1.30056,1.30075,1.50,1.50
2012.05.22 08:32:25.206,1.30054,1.30078,1.50,1.50
2012.05.22 08:32:25.365,1.30054,1.30075,1.50,1.50
2012.05.22 08:32:27.006,1.30056,1.30078,1.50,3.00
2012.05.22 08:32:28.022,1.30055,1.3008,2.25,2.25
2012.05.22 08:32:28.399,1.30053,1.30079,5.25,2.25
2012.05.22 08:32:28.725,1.30052,1.30075,1.88,1.50
2012.05.22 08:32:29.107,1.30055,1.30075,1.50,1.10
2012.05.22 08:32:29.295,1.30053,1.30075,3.75,1.10
2012.05.22 08:32:31.236,1.30053,1.30076,2.25,1.10
2012.05.22 08:32:31.555,1.30056,1.30076,1.50,1.10
2012.05.22 08:32:33.520,1.30056,1.30076,1.88,1.10
2012.05.22 08:32:33.870,1.30063,1.30081,2.25,1.10
2012.05.22 08:32:34.778,1.30066,1.30082,1.50,1.10
2012.05.22 08:32:34.847,1.30064,1.30082,1.50,1.10
2012.05.22 08:32:35.578,1.30062,1.30081,2.25,1.10
2012.05.22 08:32:35.779,1.30063,1.30084,2.63,1.85
2012.05.22 08:32:36.349,1.30063,1.30083,1.88,1.10
2012.05.22 08:32:36.868,1.30063,1.30083,1.88,1.10
2012.05.22 08:32:37.378,1.30063,1.30083,1.88,1.10
2012.05.22 08:32:37.888,1.30063,1.30085,1.13,2.60
2012.05.22 08:32:38.461,1.30064,1.30082,1.88,1.10
2012.05.22 08:32:38.941,1.30065,1.30086,4.88,2.25
2012.05.22 08:32:39.307,1.30066,1.30086,2.63,1.50
2012.05.22 08:32:39.809,1.30066,1.30087,2.63,1.50
2012.05.22 08:32:40.068,1.30061,1.30083,1.50,1.50
2012.05.22 08:32:40.138,1.3006,1.30082,2.25,1.50
2012.05.22 08:32:40.268,1.30058,1.3008,1.50,2.25
2012.05.22 08:32:40.347,1.30058,1.3008,1.50,2.25
2012.05.22 08:32:40.536,1.30058,1.3008,2.66,2.25
2012.05.22 08:32:40.730,1.30058,1.3008,2.25,2.25
2012.05.22 08:32:41.266,1.30058,1.3008,1.50,2.25
2012.05.22 08:32:42.098,1.30057,1.3008,1.50,3.00
2012.05.22 08:32:44.969,1.30057,1.3008,1.50,2.25
2012.05.22 08:32:45.324,1.30057,1.30076,1.50,1.50
2012.05.22 08:32:46.297,1.30056,1.30075,1.13,1.50
2012.05.22 08:32:46.629,1.30051,1.30071,1.50,1.50
2012.05.22 08:32:46.697,1.3005,1.30073,2.25,4.10
2012.05.22 08:32:47.237,1.30051,1.30073,3.00,1.10
2012.05.22 08:32:47.694,1.30049,1.30072,1.13,2.60
2012.05.22 08:32:48.287,1.3005,1.30071,2.25,1.35
2012.05.22 08:32:48.488,1.30047,1.30071,2.25,2.85
2012.05.22 08:32:48.746,1.30049,1.30072,1.50,2.60
2012.05.22 08:32:49.159,1.30051,1.30073,1.50,1.10
2012.05.22 08:32:49.487,1.30052,1.30075,3.00,1.10
2012.05.22 08:32:49.690,1.30054,1.30075,1.50,2.25
2012.05.22 08:32:49.758,1.30057,1.30078,1.50,1.50
2012.05.22 08:32:49.830,1.30057,1.3008,1.50,2.60
2012.05.22 08:32:49.896,1.30057,1.3008,1.50,2.60
2012.05.22 08:32:50.279,1.30057,1.3008,7.50,1.10
2012.05.22 08:32:50.558,1.30065,1.30086,1.50,1.85
2012.05.22 08:32:50.628,1.30065,1.30086,1.50,1.85
2012.05.22 08:32:50.698,1.30062,1.30083,2.25,1.50
2012.05.22 08:32:51.248,1.30059,1.30078,2.25,2.25
2012.05.22 08:32:51.319,1.30058,1.30082,1.50,2.85
2012.05.22 08:32:51.389,1.30057,1.30082,3.00,2.85
2012.05.22 08:32:51.715,1.30061,1.30081,1.50,1.35
2012.05.22 08:32:52.140,1.30061,1.30081,2.25,2.60
2012.05.22 08:32:52.689,1.30059,1.3008,1.50,1.50
2012.05.22 08:32:53.087,1.30058,1.3008,2.25,1.50
2012.05.22 08:32:54.049,1.30057,1.3008,3.38,3.35
2012.05.22 08:32:54.642,1.30057,1.3008,3.38,2.25
2012.05.22 08:33:01.009,1.3006,1.3008,1.50,1.10
2012.05.22 08:33:01.440,1.30063,1.30083,1.50,1.85
2012.05.22 08:33:01.509,1.30063,1.30083,1.50,1.10
2012.05.22 08:33:01.709,1.30065,1.30082,4.50,1.10
2012.05.22 08:33:02.063,1.30068,1.3009,1.13,1.10
2012.05.22 08:33:03.436,1.30067,1.30089,1.88,2.60
2012.05.22 08:33:03.920,1.30067,1.30086,1.88,1.50
2012.05.22 08:33:03.989,1.30068,1.30091,2.25,2.45
2012.05.22 08:33:04.499,1.30068,1.30091,2.63,2.45
2012.05.22 08:33:06.209,1.30068,1.30087,1.13,1.50
2012.05.22 08:33:07.760,1.30068,1.30086,1.13,1.50
2012.05.22 08:33:09.349,1.30068,1.30087,1.13,1.50
2012.05.22 08:33:09.491,1.30068,1.30089,1.13,1.50
2012.05.22 08:33:09.754,1.30068,1.30086,1.13,1.50
2012.05.22 08:33:09.824,1.30068,1.30088,1.13,3.00
2012.05.22 08:33:10.070,1.30068,1.30086,1.13,1.50
2012.05.22 08:33:10.141,1.30065,1.30086,1.50,2.10
2012.05.22 08:33:10.217,1.30061,1.30085,2.25,1.35
2012.05.22 08:33:10.349,1.30061,1.30085,2.25,1.35
2012.05.22 08:33:10.488,1.30061,1.30082,1.50,1.50
2012.05.22 08:33:10.618,1.30063,1.30085,1.50,1.35
2012.05.22 08:33:10.770,1.30061,1.30084,3.00,2.25
2012.05.22 08:33:11.284,1.30061,1.30081,1.50,1.50
2012.05.22 08:33:11.356,1.30061,1.30083,1.50,3.75
2012.05.22 08:33:13.337,1.30061,1.30079,1.50,1.50
2012.05.22 08:33:14.023,1.30061,1.30073,1.50,1.50
2012.05.22 08:33:14.344,1.30061,1.30077,1.50,1.50
2012.05.22 08:33:14.419,1.30061,1.30073,1.50,1.50
2012.05.22 08:33:14.767,1.30059,1.30069,2.10,1.50
2012.05.22 08:33:14.837,1.30059,1.30073,2.10,1.50
2012.05.22 08:33:15.447,1.30059,1.3008,1.50,1.50
2012.05.22 08:33:18.337,1.30061,1.30081,1.50,1.50
2012.05.22 08:33:18.707,1.30061,1.30079,1.50,1.50
2012.05.22 08:33:20.134,1.30059,1.30076,1.50,1.50
2012.05.22 08:33:20.210,1.30059,1.3008,1.50,1.50
2012.05.22 08:33:20.275,1.30059,1.30078,1.50,1.50
2012.05.22 08:33:20.979,1.30059,1.30074,1.50,1.50
2012.05.22 08:33:21.189,1.30055,1.30073,1.13,1.50
2012.05.22 08:33:21.267,1.30055,1.30075,1.13,1.50
2012.05.22 08:33:21.529,1.30055,1.30077,1.13,1.50
2012.05.22 08:33:21.800,1.30055,1.30074,1.13,1.50
2012.05.22 08:33:21.867,1.30055,1.3008,2.63,2.25
2012.05.22 08:33:22.506,1.30055,1.30077,1.88,1.50
2012.05.22 08:33:22.766,1.30055,1.30076,1.13,1.50
2012.05.22 08:33:22.897,1.30055,1.3008,2.63,2.25
2012.05.22 08:33:24.429,1.30056,1.3008,1.13,1.50
2012.05.22 08:33:24.999,1.30055,1.3008,3.38,1.50
2012.05.22 08:33:25.259,1.30058,1.30083,3.00,1.85
2012.05.22 08:33:25.701,1.30062,1.30078,1.13,1.50
2012.05.22 08:33:28.520,1.30061,1.30081,1.88,1.50
2012.05.22 08:33:28.589,1.30061,1.30079,1.88,1.50
2012.05.22 08:33:32.267,1.30061,1.30083,1.88,2.25
2012.05.22 08:33:32.328,1.30061,1.30079,2.10,1.50
2012.05.22 08:33:39.609,1.3006,1.30079,1.35,1.50
2012.05.22 08:33:39.679,1.3006,1.30079,1.35,2.10
2012.05.22 08:33:39.817,1.30058,1.30077,1.50,1.35
2012.05.22 08:33:40.015,1.30058,1.30079,1.50,2.25
2012.05.22 08:33:40.267,1.30055,1.3008,2.25,1.35
2012.05.22 08:33:41.958,1.30057,1.3008,1.50,1.35
2012.05.22 08:33:42.506,1.30055,1.3008,3.00,2.85
2012.05.22 08:33:44.829,1.30055,1.3008,3.00,2.85
2012.05.22 08:33:45.249,1.30058,1.3008,1.50,1.35
2012.05.22 08:33:49.466,1.30056,1.30078,1.50,1.50
2012.05.22 08:33:49.657,1.30055,1.30073,1.73,1.50
2012.05.22 08:33:49.845,1.30055,1.30075,2.25,1.50
2012.05.22 08:33:50.243,1.30057,1.3008,1.50,1.70
2012.05.22 08:33:50.498,1.30057,1.3008,1.50,1.35
2012.05.22 08:33:50.847,1.30054,1.3008,3.45,1.70
2012.05.22 08:33:51.507,1.30054,1.30076,1.73,1.50
2012.05.22 08:33:51.826,1.30057,1.30076,1.50,1.50
2012.05.22 08:33:52.334,1.30056,1.30079,1.50,2.25
2012.05.22 08:33:54.016,1.30057,1.3008,3.00,1.70
2012.05.22 08:33:54.159,1.30057,1.30076,1.50,1.50
2012.05.22 08:33:55.742,1.30055,1.30078,3.60,1.50
2012.05.22 08:33:56.341,1.30055,1.3008,3.60,3.20
2012.05.22 08:33:56.406,1.30055,1.30077,2.10,1.50
2012.05.22 08:33:57.586,1.30056,1.30074,1.50,1.50
2012.05.22 08:34:00.590,1.30049,1.30074,2.25,2.85
2012.05.22 08:34:00.658,1.30048,1.30066,3.00,1.50
2012.05.22 08:34:00.850,1.30047,1.30066,1.50,1.50
2012.05.22 08:34:00.992,1.30043,1.30066,3.64,1.50
2012.05.22 08:34:01.185,1.30043,1.30063,2.66,1.50
2012.05.22 08:34:01.567,1.30045,1.30065,2.25,1.50
2012.05.22 08:34:01.636,1.30045,1.30068,2.25,1.50
2012.05.22 08:34:02.017,1.30043,1.30063,3.00,1.50
2012.05.22 08:34:02.208,1.30044,1.30065,1.50,1.50
2012.05.22 08:34:02.336,1.30044,1.30067,3.00,1.50
2012.05.22 08:34:02.465,1.30045,1.30069,1.50,2.25
2012.05.22 08:34:02.721,1.30045,1.30066,1.50,1.50
2012.05.22 08:34:03.042,1.30042,1.30062,2.48,1.50
2012.05.22 08:34:03.946,1.30044,1.30062,1.50,1.50
2012.05.22 08:34:04.155,1.30043,1.30062,2.25,1.50
2012.05.22 08:34:05.838,1.30045,1.3007,2.25,3.75
2012.05.22 08:34:05.911,1.30045,1.3007,3.00,3.00
2012.05.22 08:34:06.247,1.30049,1.30072,2.25,1.10
2012.05.22 08:34:06.568,1.30048,1.30072,1.50,1.10
2012.05.22 08:34:06.827,1.30046,1.30071,1.50,2.25
2012.05.22 08:34:06.957,1.30046,1.30071,2.25,2.25
2012.05.22 08:34:07.116,1.30048,1.30071,2.25,2.25
2012.05.22 08:34:07.646,1.30047,1.3007,2.25,1.50
2012.05.22 08:34:07.876,1.30047,1.3007,3.00,1.50
2012.05.22 08:34:08.210,1.30043,1.30068,3.45,1.50
2012.05.22 08:34:08.396,1.30046,1.30071,2.25,2.25
2012.05.22 08:34:08.465,1.30047,1.30071,1.50,2.25
2012.05.22 08:34:08.556,1.30046,1.30071,2.25,2.25
2012.05.22 08:34:08.817,1.30044,1.30068,1.20,1.50
2012.05.22 08:34:10.006,1.30047,1.30068,1.50,1.50
2012.05.22 08:34:10.516,1.30043,1.30068,2.70,1.50
2012.05.22 08:34:10.838,1.30048,1.30071,2.25,1.85
2012.05.22 08:34:11.387,1.3005,1.30073,2.25,1.10
2012.05.22 08:34:11.676,1.30048,1.30069,1.50,1.10
2012.05.22 08:34:11.751,1.30045,1.30068,2.25,1.85
2012.05.22 08:34:11.946,1.30044,1.30068,1.50,2.60
2012.05.22 08:34:12.218,1.30044,1.30067,1.50,2.25
2012.05.22 08:34:12.291,1.30044,1.30067,1.50,2.25
2012.05.22 08:34:12.617,1.30041,1.30064,5.48,1.50
2012.05.22 08:34:12.867,1.30044,1.30066,1.50,2.25
2012.05.22 08:34:13.579,1.30043,1.30063,1.50,1.50
2012.05.22 08:34:13.713,1.30044,1.30065,1.50,1.50
2012.05.22 08:34:13.987,1.30044,1.30067,2.25,2.25
2012.05.22 08:34:14.115,1.30044,1.30067,1.50,2.25
2012.05.22 08:34:14.307,1.30046,1.30068,1.50,1.10
2012.05.22 08:34:14.377,1.30043,1.30066,1.50,2.25
2012.05.22 08:34:15.237,1.30043,1.30066,1.50,2.25
2012.05.22 08:34:15.647,1.30046,1.30066,1.50,1.50
2012.05.22 08:34:15.788,1.30049,1.30069,1.50,1.10
2012.05.22 08:34:15.859,1.30046,1.30069,1.50,1.10
2012.05.22 08:34:16.241,1.30043,1.30068,2.25,2.60
2012.05.22 08:34:16.379,1.30043,1.30068,2.25,2.60
2012.05.22 08:34:16.855,1.30046,1.30068,1.50,1.10
2012.05.22 08:34:17.415,1.30043,1.30068,2.25,2.60
2012.05.22 08:34:17.797,1.30041,1.30064,2.25,1.50
2012.05.22 08:34:18.107,1.30044,1.30067,1.50,2.25
2012.05.22 08:34:18.427,1.30048,1.30069,1.50,1.10
2012.05.22 08:34:18.499,1.30044,1.30067,1.50,2.25
2012.05.22 08:34:20.406,1.3004,1.30065,3.75,1.50
2012.05.22 08:34:20.606,1.30043,1.30066,2.25,1.50
2012.05.22 08:34:20.937,1.3005,1.30066,2.25,1.10
2012.05.22 08:34:21.007,1.3005,1.30068,2.25,1.10
2012.05.22 08:34:21.267,1.3005,1.30071,2.25,1.10
2012.05.22 08:34:21.827,1.30047,1.30071,2.25,1.85
2012.05.22 08:34:22.351,1.30044,1.30066,2.25,1.50
2012.05.22 08:34:22.545,1.30048,1.3007,2.25,1.85
2012.05.22 08:34:23.317,1.30048,1.30071,3.00,2.25
2012.05.22 08:34:23.777,1.30048,1.30069,3.00,1.50
2012.05.22 08:34:24.099,1.30049,1.30067,1.50,1.50
2012.05.22 08:34:24.225,1.30048,1.30071,2.25,1.50
2012.05.22 08:34:24.355,1.30048,1.30068,2.25,1.50
2012.05.22 08:34:26.167,1.30048,1.3007,1.50,1.50
2012.05.22 08:34:26.239,1.3005,1.30072,2.25,1.50
2012.05.22 08:34:26.507,1.30048,1.3007,3.75,1.50
2012.05.22 08:34:27.455,1.30048,1.30068,2.25,1.50
2012.05.22 08:34:27.826,1.30048,1.3007,2.25,3.00
2012.05.22 08:34:30.396,1.30056,1.30076,1.50,1.50
2012.05.22 08:34:30.469,1.30056,1.30074,1.50,1.50
2012.05.22 08:34:30.609,1.30056,1.30076,3.38,1.50
2012.05.22 08:34:30.683,1.30056,1.30081,3.00,2.25
2012.05.22 08:34:30.763,1.30057,1.3008,1.50,1.50
2012.05.22 08:34:32.107,1.30056,1.30079,2.63,3.00
2012.05.22 08:34:32.390,1.30056,1.30079,1.88,2.25
2012.05.22 08:34:35.568,1.30061,1.30079,1.13,1.50
2012.05.22 08:34:35.714,1.30063,1.30082,1.88,1.50
2012.05.22 08:34:35.790,1.30063,1.30087,3.38,2.10
2012.05.22 08:34:36.117,1.30066,1.30089,1.50,3.00
2012.05.22 08:34:36.709,1.30063,1.30088,3.00,1.50
2012.05.22 08:34:37.227,1.30063,1.30088,3.00,3.00
2012.05.22 08:34:37.358,1.30067,1.30089,1.50,4.85
2012.05.22 08:34:37.809,1.30064,1.30086,2.25,1.50
2012.05.22 08:34:39.025,1.30068,1.30088,1.50,1.50
2012.05.22 08:34:39.418,1.30068,1.3009,1.50,1.85
2012.05.22 08:34:40.035,1.30068,1.30089,1.50,1.50
2012.05.22 08:34:40.107,1.30068,1.30089,1.50,1.50
2012.05.22 08:34:40.178,1.3007,1.30091,1.50,1.10
2012.05.22 08:34:40.366,1.30068,1.3009,3.00,1.85
2012.05.22 08:34:41.011,1.30068,1.3009,3.00,1.85
2012.05.22 08:34:41.162,1.30068,1.3009,3.00,1.50
2012.05.22 08:34:41.311,1.30074,1.30095,2.25,2.60
2012.05.22 08:34:46.900,1.30073,1.30098,2.25,2.60
2012.05.22 08:34:47.209,1.30077,1.30099,1.50,2.60
2012.05.22 08:34:47.349,1.30075,1.30095,1.50,1.85
2012.05.22 08:34:47.415,1.30077,1.30098,1.50,2.60
2012.05.22 08:34:47.552,1.30074,1.30098,1.50,2.60
2012.05.22 08:34:48.486,1.30074,1.30098,1.13,2.60
2012.05.22 08:34:49.005,1.30073,1.30098,3.00,2.60
2012.05.22 08:34:49.075,1.30073,1.30098,2.25,3.35
2012.05.22 08:34:49.207,1.30071,1.30091,2.25,1.50
2012.05.22 08:34:50.257,1.3007,1.30091,1.50,1.50
2012.05.22 08:34:52.937,1.30068,1.30091,1.50,2.25
2012.05.22 08:34:53.067,1.30067,1.30088,2.25,1.50
2012.05.22 08:34:53.200,1.30069,1.30088,1.50,1.85
2012.05.22 08:34:53.340,1.30061,1.30081,1.13,1.50
2012.05.22 08:34:53.714,1.30061,1.30078,1.13,1.50
2012.05.22 08:34:53.846,1.30061,1.30078,1.13,1.50
2012.05.22 08:34:53.976,1.30061,1.30081,1.13,1.50
2012.05.22 08:34:54.047,1.30061,1.30079,1.13,1.50
2012.05.22 08:34:54.307,1.30058,1.30081,3.15,1.50
2012.05.22 08:34:54.517,1.30058,1.30079,1.65,1.50
2012.05.22 08:34:54.648,1.30058,1.30081,3.00,1.50
2012.05.22 08:34:55.216,1.3006,1.30083,2.25,1.50
2012.05.22 08:34:56.069,1.3006,1.30085,2.25,2.25
2012.05.22 08:34:56.141,1.30059,1.30079,2.25,1.50
2012.05.22 08:34:56.743,1.3006,1.30085,2.25,2.25
2012.05.22 08:34:56.956,1.30064,1.30084,1.50,1.50
2012.05.22 08:34:57.269,1.30062,1.30086,2.25,2.25
2012.05.22 08:34:57.470,1.30061,1.30083,2.25,1.50
2012.05.22 08:34:59.206,1.3006,1.30085,2.25,1.50
2012.05.22 08:34:59.707,1.30059,1.30084,2.25,2.25
2012.05.22 08:35:00.216,1.30062,1.30085,1.50,2.25
2012.05.22 08:35:00.788,1.30065,1.30087,1.50,2.25
2012.05.22 08:35:01.145,1.30061,1.30086,3.00,2.25
2012.05.22 08:35:01.225,1.30065,1.30087,2.25,3.35
2012.05.22 08:35:01.843,1.30065,1.30088,1.50,3.35
2012.05.22 08:35:02.389,1.30063,1.30085,2.25,1.50
2012.05.22 08:35:02.927,1.30061,1.30084,1.50,2.25
2012.05.22 08:35:03.284,1.3006,1.3008,1.88,1.50
2012.05.22 08:35:04.018,1.3006,1.30083,3.00,2.25
2012.05.22 08:35:04.338,1.30059,1.30078,1.50,1.50
2012.05.22 08:35:04.407,1.30055,1.30078,3.00,1.50
2012.05.22 08:35:04.717,1.30059,1.30081,2.25,2.25
2012.05.22 08:35:05.266,1.3006,1.30083,2.25,2.25
2012.05.22 08:35:07.216,1.3006,1.30083,2.25,2.25
2012.05.22 08:35:09.657,1.30061,1.30084,2.25,1.10
2012.05.22 08:35:10.507,1.30061,1.30084,2.25,1.10
2012.05.22 08:35:10.587,1.30061,1.30084,2.25,1.10
2012.05.22 08:35:10.736,1.30064,1.30084,1.50,1.10
2012.05.22 08:35:11.207,1.30064,1.30084,2.25,1.10
2012.05.22 08:35:11.349,1.30066,1.30088,1.50,2.25
2012.05.22 08:35:11.558,1.30066,1.3008,3.60,1.50
2012.05.22 08:35:11.820,1.30065,1.30082,1.50,1.50
2012.05.22 08:35:11.890,1.3006,1.30083,2.18,2.25
2012.05.22 08:35:11.960,1.30061,1.30083,1.05,3.60
2012.05.22 08:35:12.308,1.30055,1.30074,1.20,1.50
2012.05.22 08:35:12.378,1.30055,1.30072,1.05,2.25
2012.05.22 08:35:12.706,1.30051,1.3007,1.50,1.50
2012.05.22 08:35:12.836,1.3005,1.3007,1.50,1.50
2012.05.22 08:35:13.438,1.30049,1.3007,1.50,1.50
2012.05.22 08:35:14.602,1.30047,1.30071,1.50,2.25
2012.05.22 08:35:14.678,1.30046,1.30067,1.50,1.50
2012.05.22 08:35:15.138,1.30047,1.30072,2.25,2.25
2012.05.22 08:35:15.828,1.30051,1.30073,1.50,1.50
2012.05.22 08:35:17.805,1.30048,1.30072,1.50,2.25
2012.05.22 08:35:18.640,1.30048,1.30067,1.50,1.50
2012.05.22 08:35:19.177,1.30048,1.3007,2.25,1.13
2012.05.22 08:35:19.247,1.30048,1.30071,2.25,2.25
2012.05.22 08:35:19.319,1.30052,1.30072,1.50,1.50
2012.05.22 08:35:19.388,1.30048,1.30071,1.50,2.25
2012.05.22 08:35:19.915,1.30046,1.30069,2.25,1.10
2012.05.22 08:35:23.246,1.30046,1.30068,2.25,1.35
2012.05.22 08:35:31.646,1.30044,1.30068,1.50,1.85
2012.05.22 08:35:31.834,1.30044,1.30065,1.50,1.50
2012.05.22 08:35:32.837,1.30044,1.30067,2.25,1.85
2012.05.22 08:35:35.974,1.30044,1.30067,2.25,2.60
2012.05.22 08:35:36.600,1.30041,1.30064,2.25,1.50
2012.05.22 08:35:37.105,1.30042,1.30065,2.25,1.50
2012.05.22 08:35:40.048,1.30042,1.30065,3.00,1.50
2012.05.22 08:35:42.326,1.30045,1.30068,2.25,4.10
2012.05.22 08:35:42.910,1.30043,1.30065,2.25,1.50
2012.05.22 08:35:43.657,1.30043,1.30064,2.25,1.50
2012.05.22 08:35:44.016,1.3004,1.30062,1.50,1.50
2012.05.22 08:35:45.290,1.30041,1.30063,1.50,1.50
2012.05.22 08:35:45.419,1.30038,1.30066,3.75,1.50
2012.05.22 08:35:47.372,1.30038,1.30063,3.75,4.50
2012.05.22 08:35:47.448,1.30038,1.30061,2.25,1.50
2012.05.22 08:35:47.910,1.30038,1.30063,2.25,1.50
2012.05.22 08:35:48.469,1.30038,1.30062,1.50,1.10
2012.05.22 08:35:49.040,1.30038,1.30062,1.50,1.10
2012.05.22 08:35:49.778,1.30037,1.30062,1.50,1.10
2012.05.22 08:35:50.195,1.30039,1.30062,2.10,1.10
2012.05.22 08:35:50.516,1.30043,1.30068,1.80,1.10
2012.05.22 08:35:51.015,1.30039,1.30068,1.50,2.45
2012.05.22 08:35:51.563,1.30041,1.30069,1.50,1.50
2012.05.22 08:35:52.551,1.30047,1.30069,1.50,1.85
2012.05.22 08:35:52.620,1.30047,1.30069,1.50,1.10
2012.05.22 08:35:52.750,1.30044,1.30069,2.25,1.10
2012.05.22 08:35:52.819,1.30041,1.3007,2.25,1.85
2012.05.22 08:35:53.370,1.30039,1.30063,2.25,2.25
2012.05.22 08:35:53.557,1.30041,1.30066,2.25,2.25
2012.05.22 08:35:54.607,1.3004,1.30059,1.50,1.50
2012.05.22 08:35:54.752,1.30044,1.30065,1.50,1.50
2012.05.22 08:35:54.830,1.30044,1.30067,3.75,1.50
2012.05.22 08:35:55.311,1.30044,1.30064,1.50,1.50
2012.05.22 08:35:55.648,1.30042,1.30059,1.28,1.50
2012.05.22 08:35:55.990,1.30039,1.30059,2.25,1.50
2012.05.22 08:35:57.552,1.3004,1.30059,1.50,1.50
2012.05.22 08:35:57.634,1.30043,1.30068,3.00,3.00
2012.05.22 08:35:57.826,1.30043,1.30064,1.50,1.50
2012.05.22 08:35:58.158,1.30039,1.30061,2.25,2.25
2012.05.22 08:35:58.486,1.30041,1.30064,2.25,2.25
2012.05.22 08:36:00.057,1.30043,1.30064,1.50,1.50
2012.05.22 08:36:00.249,1.30046,1.30068,2.10,1.50
2012.05.22 08:36:00.317,1.30049,1.30068,1.50,1.50
2012.05.22 08:36:01.259,1.30047,1.30069,1.50,2.60
2012.05.22 08:36:01.818,1.30049,1.3007,1.50,1.10
2012.05.22 08:36:01.949,1.30045,1.30069,1.65,2.25
2012.05.22 08:36:02.018,1.30045,1.30069,1.65,1.50
2012.05.22 08:36:02.341,1.30045,1.30068,2.25,1.50
2012.05.22 08:36:02.492,1.30043,1.30066,1.13,2.25
2012.05.22 08:36:02.837,1.30043,1.30062,2.25,1.50
2012.05.22 08:36:03.098,1.30043,1.30067,1.65,2.25
2012.05.22 08:36:03.740,1.30046,1.30069,1.50,3.75
2012.05.22 08:36:04.236,1.30048,1.30069,1.50,2.25
2012.05.22 08:36:04.308,1.30048,1.3007,2.25,1.50
2012.05.22 08:36:04.377,1.30048,1.30071,2.25,1.10
2012.05.22 08:36:04.578,1.30049,1.30069,1.35,2.25
2012.05.22 08:36:04.707,1.30049,1.30066,1.50,1.50
2012.05.22 08:36:04.779,1.30049,1.3007,1.50,2.25
2012.05.22 08:36:05.490,1.30049,1.30069,1.50,1.50
2012.05.22 08:36:09.486,1.30049,1.30069,1.50,1.50
2012.05.22 08:36:13.030,1.30049,1.30068,1.50,1.50
2012.05.22 08:36:13.216,1.30048,1.30068,1.50,1.50
2012.05.22 08:36:13.479,1.30045,1.30068,1.35,2.25
2012.05.22 08:36:14.327,1.30043,1.30066,2.25,1.50
2012.05.22 08:36:14.885,1.30042,1.30065,2.10,1.50
2012.05.22 08:36:15.081,1.30047,1.30068,1.50,1.10
2012.05.22 08:36:16.541,1.30047,1.3007,2.25,1.10
2012.05.22 08:36:16.623,1.30046,1.30063,2.25,1.50
2012.05.22 08:36:16.817,1.30045,1.30067,1.35,1.50
2012.05.22 08:36:17.187,1.30045,1.30063,1.35,1.50
2012.05.22 08:36:17.809,1.30044,1.30065,2.55,1.50
2012.05.22 08:36:17.936,1.30044,1.30061,1.65,1.50
2012.05.22 08:36:18.440,1.30042,1.30061,1.50,1.50
2012.05.22 08:36:18.627,1.30042,1.30067,3.00,2.25
2012.05.22 08:36:19.545,1.30042,1.30067,3.00,2.60
2012.05.22 08:36:20.184,1.30042,1.30067,2.25,3.35
2012.05.22 08:36:20.946,1.30043,1.30067,1.50,1.85
2012.05.22 08:36:21.461,1.30045,1.30067,2.25,1.85
2012.05.22 08:36:21.651,1.30043,1.30065,2.25,1.10
2012.05.22 08:36:22.167,1.30039,1.30062,3.30,1.85
2012.05.22 08:36:22.684,1.30042,1.30066,2.25,1.10
2012.05.22 08:36:23.032,1.30049,1.30068,1.50,1.10
2012.05.22 08:36:23.110,1.30046,1.30067,2.25,1.10
2012.05.22 08:36:23.668,1.30042,1.30065,2.25,1.85
2012.05.22 08:36:24.110,1.30044,1.30065,2.25,1.10
2012.05.22 08:36:24.389,1.30039,1.30061,3.00,1.85
2012.05.22 08:36:24.519,1.30039,1.30056,3.00,1.50
2012.05.22 08:36:24.589,1.30038,1.30055,1.50,1.50
2012.05.22 08:36:24.797,1.30036,1.30059,1.50,1.50
2012.05.22 08:36:25.000,1.30042,1.3006,1.50,2.25
2012.05.22 08:36:25.139,1.30042,1.30063,2.25,2.45
2012.05.22 08:36:25.279,1.30045,1.30063,1.50,1.10
2012.05.22 08:36:26.019,1.30049,1.30068,1.50,2.75
2012.05.22 08:36:26.359,1.30046,1.30066,2.25,1.10
2012.05.22 08:36:26.908,1.30046,1.30068,2.25,1.10
2012.05.22 08:36:28.115,1.30045,1.30068,2.25,1.85
2012.05.22 08:36:28.718,1.3004,1.30064,3.00,1.10
2012.05.22 08:36:29.236,1.30042,1.30065,2.25,1.10
2012.05.22 08:36:29.822,1.30041,1.30061,1.50,1.85
2012.05.22 08:36:30.758,1.30043,1.30065,2.25,2.60
2012.05.22 08:36:31.310,1.30044,1.30065,1.50,1.10
2012.05.22 08:36:33.599,1.30041,1.30064,3.00,1.10
2012.05.22 08:36:36.396,1.30041,1.30066,2.25,2.60
2012.05.22 08:36:36.586,1.30046,1.30066,1.50,1.10
2012.05.22 08:36:36.718,1.30042,1.30066,2.25,1.10
2012.05.22 08:36:37.268,1.30043,1.30067,2.25,1.10
2012.05.22 08:36:37.827,1.30043,1.30066,2.25,1.10
2012.05.22 08:36:37.959,1.30045,1.30066,1.50,1.10
2012.05.22 08:36:38.086,1.3004,1.30062,1.50,1.85
2012.05.22 08:36:38.646,1.30042,1.30065,2.25,1.85
2012.05.22 08:36:40.026,1.30042,1.30063,2.25,1.10
2012.05.22 08:36:40.564,1.30042,1.30063,2.25,1.10
2012.05.22 08:36:41.674,1.30042,1.30064,2.25,1.10
2012.05.22 08:36:41.808,1.30045,1.30064,1.50,1.10
2012.05.22 08:36:42.626,1.30042,1.30064,2.25,2.60
2012.05.22 08:36:43.185,1.30041,1.30064,2.25,2.60
2012.05.22 08:36:43.864,1.30043,1.30065,2.25,1.10
2012.05.22 08:36:44.385,1.30043,1.30064,2.25,1.10
2012.05.22 08:36:45.540,1.30043,1.30064,2.85,1.10
2012.05.22 08:36:45.607,1.30043,1.30066,2.85,1.10
2012.05.22 08:36:46.156,1.30046,1.30066,1.50,1.85
2012.05.22 08:36:47.009,1.30043,1.30066,2.85,1.10
2012.05.22 08:36:47.596,1.30047,1.30066,1.50,1.10
2012.05.22 08:36:47.786,1.30044,1.30064,1.50,1.10
2012.05.22 08:36:47.857,1.30041,1.30063,1.50,1.85
2012.05.22 08:36:49.771,1.30046,1.30066,1.50,1.10
2012.05.22 08:36:50.091,1.30051,1.30067,1.50,1.10
2012.05.22 08:36:50.493,1.30049,1.30067,3.00,1.10
2012.05.22 08:36:50.637,1.30047,1.30067,1.50,1.10
2012.05.22 08:36:50.769,1.30049,1.30067,1.50,1.10
2012.05.22 08:36:52.347,1.3005,1.30067,1.50,1.10
2012.05.22 08:36:52.860,1.30055,1.30067,1.50,1.10
2012.05.22 08:36:53.238,1.30054,1.30078,1.50,1.50
2012.05.22 08:36:53.425,1.30051,1.30076,2.85,2.25
2012.05.22 08:36:54.344,1.30054,1.30078,1.50,1.50
2012.05.22 08:36:55.077,1.30055,1.30078,1.50,1.50
2012.05.22 08:36:55.587,1.30057,1.30078,1.50,1.50
2012.05.22 08:36:55.961,1.30057,1.30078,1.50,1.50
2012.05.22 08:36:56.035,1.30054,1.30078,1.50,1.50
2012.05.22 08:37:00.972,1.30052,1.30076,3.00,1.50
2012.05.22 08:37:01.047,1.30053,1.30076,2.85,1.50
2012.05.22 08:37:01.380,1.30056,1.30078,1.35,2.25
2012.05.22 08:37:01.648,1.30056,1.30076,1.35,1.50
2012.05.22 08:37:02.060,1.30053,1.30075,1.35,2.25
2012.05.22 08:37:02.331,1.30053,1.30072,1.35,1.50
2012.05.22 08:37:02.586,1.30053,1.30076,1.35,3.00
2012.05.22 08:37:03.166,1.30055,1.30078,1.50,3.75
2012.05.22 08:37:04.930,1.30052,1.30075,2.25,2.25
2012.05.22 08:37:05.519,1.30054,1.30078,1.50,1.50
2012.05.22 08:37:06.967,1.30052,1.30075,3.00,2.25
2012.05.22 08:37:07.378,1.30052,1.30073,1.50,1.50
2012.05.22 08:37:09.619,1.30051,1.30076,3.00,2.25
2012.05.22 08:37:10.457,1.30051,1.30076,3.00,2.25
2012.05.22 08:37:11.566,1.30051,1.30076,3.75,2.25
2012.05.22 08:37:11.638,1.30053,1.30076,2.10,2.25
2012.05.22 08:37:12.180,1.30056,1.30078,1.50,3.00
2012.05.22 08:37:12.248,1.30058,1.3008,1.50,1.13
2012.05.22 08:37:14.746,1.30054,1.30077,1.50,2.25
2012.05.22 08:37:15.231,1.30059,1.30078,1.50,1.35
2012.05.22 08:37:15.558,1.30054,1.30077,2.85,1.50
2012.05.22 08:37:16.419,1.30055,1.3008,2.25,2.25
2012.05.22 08:37:16.618,1.30054,1.30077,2.85,2.25
2012.05.22 08:37:17.145,1.30055,1.30075,1.50,1.50
2012.05.22 08:37:17.407,1.30054,1.30074,2.10,1.50
2012.05.22 08:37:17.739,1.30055,1.30074,1.50,1.50
2012.05.22 08:37:17.811,1.30056,1.30079,2.25,2.25
2012.05.22 08:37:17.947,1.30056,1.30079,1.50,2.25
2012.05.22 08:37:18.136,1.30056,1.30079,1.50,3.75
2012.05.22 08:37:18.278,1.30054,1.30076,1.35,2.25
2012.05.22 08:37:18.828,1.30053,1.30076,2.85,2.25
2012.05.22 08:37:20.255,1.30053,1.30073,1.35,1.50
2012.05.22 08:37:20.797,1.30053,1.30078,2.85,3.00
2012.05.22 08:37:21.159,1.30049,1.3007,1.50,1.50
2012.05.22 08:37:22.190,1.30048,1.3007,2.25,2.25
2012.05.22 08:37:28.613,1.30051,1.30075,1.50,2.25
2012.05.22 08:37:29.150,1.30049,1.30075,2.25,2.25
2012.05.22 08:37:29.957,1.30049,1.30075,3.00,2.25
2012.05.22 08:37:35.459,1.30049,1.3007,1.50,1.50
2012.05.22 08:37:36.020,1.30047,1.30065,1.50,1.50
2012.05.22 08:37:36.088,1.30048,1.30071,1.50,2.25
2012.05.22 08:37:36.388,1.30048,1.30068,1.50,1.50
2012.05.22 08:37:36.927,1.30048,1.3007,1.50,2.25
2012.05.22 08:37:37.447,1.30048,1.30067,1.50,1.50
2012.05.22 08:37:37.799,1.30047,1.30065,1.50,2.25
2012.05.22 08:37:37.867,1.30042,1.30064,1.50,1.35
2012.05.22 08:37:38.378,1.30042,1.30064,1.50,1.35
2012.05.22 08:37:39.104,1.30042,1.30064,2.25,2.10
2012.05.22 08:37:39.322,1.30043,1.30066,2.25,2.25
2012.05.22 08:37:39.598,1.30043,1.30067,1.50,1.50
2012.05.22 08:37:39.668,1.30043,1.30067,1.50,2.25
2012.05.22 08:37:39.810,1.30042,1.30067,3.75,2.25
2012.05.22 08:37:41.845,1.30044,1.30065,1.50,1.50
2012.05.22 08:37:45.664,1.30042,1.30065,3.00,1.50
2012.05.22 08:37:47.039,1.30043,1.30059,1.50,1.50
2012.05.22 08:37:50.498,1.30042,1.30056,1.50,1.50
2012.05.22 08:37:50.703,1.30036,1.30058,1.50,1.50
2012.05.22 08:37:50.782,1.30036,1.3006,1.50,1.50
2012.05.22 08:37:50.860,1.30036,1.30053,2.25,1.50
2012.05.22 08:37:50.929,1.30036,1.30053,2.25,1.50
2012.05.22 08:37:51.827,1.30036,1.30056,1.50,1.50
2012.05.22 08:37:51.897,1.30036,1.30052,1.50,1.50
2012.05.22 08:37:52.158,1.30032,1.30054,1.50,3.00
2012.05.22 08:37:53.258,1.30032,1.30058,3.75,3.00
2012.05.22 08:37:53.388,1.30032,1.30055,2.25,1.50
2012.05.22 08:37:54.059,1.30032,1.30055,2.25,1.50
2012.05.22 08:37:54.722,1.30033,1.30056,2.25,1.50
2012.05.22 08:37:56.197,1.30033,1.30056,2.25,1.50
2012.05.22 08:37:57.199,1.30032,1.30054,2.25,1.50
2012.05.22 08:37:57.746,1.30032,1.30054,3.00,1.50
2012.05.22 08:37:58.756,1.30032,1.3005,3.00,1.50
2012.05.22 08:37:59.087,1.30032,1.3005,2.25,1.50
2012.05.22 08:37:59.158,1.30032,1.30052,3.00,1.50
2012.05.22 08:37:59.558,1.30031,1.30049,1.50,1.50
2012.05.22 08:37:59.772,1.30026,1.30047,2.25,1.50
2012.05.22 08:38:00.070,1.30027,1.3005,2.25,2.25
2012.05.22 08:38:00.278,1.30026,1.30048,1.50,1.50
2012.05.22 08:38:00.350,1.3003,1.30054,2.25,1.88
2012.05.22 08:38:01.018,1.30026,1.30048,3.75,1.50
2012.05.22 08:38:01.091,1.30028,1.30051,2.25,4.50
2012.05.22 08:38:01.167,1.30026,1.30048,2.25,1.50
2012.05.22 08:38:01.384,1.30026,1.30048,1.50,1.50
2012.05.22 08:38:01.590,1.30026,1.30048,1.50,1.50
2012.05.22 08:38:02.726,1.30028,1.3005,2.25,1.50
2012.05.22 08:38:03.439,1.30031,1.3005,1.50,1.50
2012.05.22 08:38:03.508,1.30028,1.3005,1.50,1.50
2012.05.22 08:38:03.959,1.30032,1.3005,1.50,1.50
2012.05.22 08:38:04.297,1.30037,1.30053,1.50,1.13
2012.05.22 08:38:04.625,1.3004,1.30061,1.50,1.85
2012.05.22 08:38:05.175,1.3004,1.30062,2.25,1.85
2012.05.22 08:38:05.576,1.3004,1.30062,2.25,1.50
2012.05.22 08:38:05.826,1.30037,1.3006,3.00,1.50
2012.05.22 08:38:06.087,1.30039,1.3006,1.50,1.50
2012.05.22 08:38:06.401,1.30041,1.30062,1.50,1.50
2012.05.22 08:38:07.120,1.30039,1.30062,2.25,3.00
2012.05.22 08:38:08.038,1.30041,1.30062,1.50,1.50
2012.05.22 08:38:08.751,1.30038,1.30062,2.25,1.50
2012.05.22 08:38:10.238,1.30042,1.30062,1.50,1.50
2012.05.22 08:38:10.778,1.30043,1.30064,1.50,1.13
2012.05.22 08:38:11.799,1.3004,1.3006,1.50,2.25
2012.05.22 08:38:12.011,1.30037,1.3006,1.50,2.25
2012.05.22 08:38:12.220,1.30036,1.30059,2.25,2.25
2012.05.22 08:38:12.849,1.30037,1.3006,2.25,1.50
2012.05.22 08:38:13.109,1.30035,1.30058,3.00,1.50
2012.05.22 08:38:13.188,1.30037,1.3006,2.25,3.00
2012.05.22 08:38:13.507,1.30035,1.30058,1.50,1.50
2012.05.22 08:38:13.717,1.30036,1.30061,2.25,3.00
2012.05.22 08:38:15.998,1.30035,1.30057,3.00,1.50
2012.05.22 08:38:16.354,1.30036,1.30061,2.25,3.00
2012.05.22 08:38:16.431,1.30035,1.30057,1.50,1.50
2012.05.22 08:38:16.509,1.30037,1.30061,2.25,1.50
2012.05.22 08:38:17.935,1.30037,1.30058,1.50,1.50
2012.05.22 08:38:18.468,1.30037,1.30061,1.50,3.00
2012.05.22 08:38:20.093,1.30038,1.30061,1.50,3.38
2012.05.22 08:38:21.945,1.30036,1.3006,2.25,2.25
2012.05.22 08:38:23.757,1.30037,1.30057,1.50,1.50
2012.05.22 08:38:27.068,1.30037,1.3006,1.50,2.25
2012.05.22 08:38:27.388,1.30037,1.30054,1.50,1.50
2012.05.22 08:38:27.858,1.30037,1.30059,1.50,2.25
2012.05.22 08:38:27.928,1.30037,1.30055,1.50,1.50
2012.05.22 08:38:28.694,1.30033,1.30055,1.50,1.50
2012.05.22 08:38:30.121,1.30034,1.30053,1.50,1.50
2012.05.22 08:38:30.200,1.30034,1.30053,1.50,1.50
2012.05.22 08:38:30.620,1.30032,1.30055,1.50,1.50
2012.05.22 08:38:30.687,1.30032,1.30053,1.50,1.50
2012.05.22 08:38:30.945,1.30034,1.30056,1.50,1.85
2012.05.22 08:38:32.639,1.30034,1.30055,1.50,1.50
2012.05.22 08:38:33.107,1.30031,1.30053,1.50,1.50
2012.05.22 08:38:33.757,1.30029,1.30054,1.50,1.50
2012.05.22 08:38:34.024,1.30029,1.30054,1.50,2.63
2012.05.22 08:38:34.099,1.30029,1.3005,1.50,1.50
2012.05.22 08:38:34.438,1.30028,1.30047,1.50,1.50
2012.05.22 08:38:34.827,1.30028,1.30044,1.50,1.50
2012.05.22 08:38:34.957,1.30028,1.30046,1.50,1.50
2012.05.22 08:38:35.519,1.30028,1.30045,1.50,1.50
2012.05.22 08:38:35.709,1.30028,1.30051,3.00,1.85
2012.05.22 08:38:36.152,1.30033,1.30052,1.50,1.85
2012.05.22 08:38:36.580,1.3003,1.30052,2.25,1.10
2012.05.22 08:38:36.718,1.30033,1.30052,1.50,1.10
2012.05.22 08:38:37.178,1.30028,1.3005,1.50,1.85
2012.05.22 08:38:37.308,1.30033,1.30052,1.50,1.10
2012.05.22 08:38:37.380,1.3003,1.30052,2.25,1.10
2012.05.22 08:38:37.768,1.3003,1.30053,2.25,2.25
2012.05.22 08:38:37.981,1.3003,1.30053,2.25,2.25
2012.05.22 08:38:38.467,1.3003,1.3005,2.25,1.50
2012.05.22 08:38:38.610,1.30029,1.30052,2.25,3.00
2012.05.22 08:38:38.931,1.30029,1.30048,1.50,1.50
2012.05.22 08:38:39.258,1.30026,1.30046,1.50,1.50
2012.05.22 08:38:39.811,1.30026,1.30047,1.50,1.50
2012.05.22 08:38:39.939,1.30026,1.3005,1.50,1.50
2012.05.22 08:38:41.097,1.30027,1.3005,1.50,1.50
2012.05.22 08:38:41.168,1.30028,1.3005,1.50,1.50
2012.05.22 08:38:41.361,1.30031,1.30054,2.25,1.88
2012.05.22 08:38:41.632,1.30035,1.30052,1.50,1.50
2012.05.22 08:38:41.851,1.30031,1.30053,2.25,1.13
2012.05.22 08:38:41.991,1.30026,1.30048,1.50,1.50
2012.05.22 08:38:42.277,1.30026,1.30048,1.50,1.50
2012.05.22 08:38:42.357,1.30032,1.30055,2.25,3.35
2012.05.22 08:38:42.560,1.30032,1.30055,1.50,3.35
2012.05.22 08:38:42.865,1.30026,1.30048,1.50,1.50
2012.05.22 08:38:43.430,1.30026,1.30046,1.50,1.50
2012.05.22 08:38:43.769,1.30021,1.30042,3.00,1.50
2012.05.22 08:38:43.844,1.30021,1.30039,2.25,1.50
2012.05.22 08:38:43.920,1.30019,1.30036,1.50,1.50
2012.05.22 08:38:44.108,1.30018,1.30036,1.50,1.50
2012.05.22 08:38:44.183,1.30017,1.30039,5.25,1.50
2012.05.22 08:38:44.328,1.30018,1.30042,2.25,4.88
2012.05.22 08:38:45.078,1.30021,1.30042,1.50,1.88
2012.05.22 08:38:45.331,1.30019,1.30041,2.25,2.25
2012.05.22 08:38:45.482,1.30021,1.30042,1.50,1.88
2012.05.22 08:38:45.858,1.30019,1.30041,3.75,2.25
2012.05.22 08:38:46.047,1.30021,1.30042,1.50,1.88
2012.05.22 08:38:46.308,1.30018,1.3004,2.25,1.50
2012.05.22 08:38:46.690,1.30021,1.30042,1.50,1.88
2012.05.22 08:38:47.046,1.30019,1.30037,1.50,2.25
2012.05.22 08:38:47.115,1.30012,1.30037,3.00,2.25
2012.05.22 08:38:47.658,1.30015,1.3004,1.50,2.25
2012.05.22 08:38:48.170,1.30016,1.30041,1.50,3.00
2012.05.22 08:38:48.429,1.3002,1.30041,1.50,1.50
2012.05.22 08:38:48.499,1.30018,1.30041,1.50,1.50
2012.05.22 08:38:48.698,1.3002,1.30041,1.50,1.50
2012.05.22 08:38:48.900,1.30018,1.30041,2.25,1.50
2012.05.22 08:38:48.970,1.30023,1.30041,2.25,1.50
2012.05.22 08:38:49.319,1.30021,1.30043,2.25,2.63
2012.05.22 08:38:49.626,1.30022,1.30046,1.50,3.00
2012.05.22 08:38:49.775,1.30021,1.30046,2.25,3.00
2012.05.22 08:38:50.312,1.30022,1.30045,1.50,2.25
2012.05.22 08:38:50.608,1.30026,1.30046,1.50,1.50
2012.05.22 08:38:51.982,1.30027,1.30048,1.50,1.13
2012.05.22 08:38:52.131,1.30029,1.30052,2.25,1.47
2012.05.22 08:38:52.258,1.30033,1.30054,2.25,1.10
2012.05.22 08:38:52.328,1.30033,1.30056,2.25,2.25
2012.05.22 08:38:52.400,1.30031,1.30053,3.75,1.50
2012.05.22 08:38:52.648,1.30032,1.30057,2.25,1.50
2012.05.22 08:38:53.039,1.30032,1.30057,1.50,1.50
2012.05.22 08:38:53.310,1.30032,1.30057,1.50,2.25
2012.05.22 08:38:53.639,1.30027,1.3005,1.50,1.50
2012.05.22 08:38:53.836,1.30025,1.3005,3.00,2.25
2012.05.22 08:38:54.339,1.30025,1.3005,1.50,2.25
2012.05.22 08:38:54.469,1.30022,1.30047,3.00,1.50
2012.05.22 08:38:54.952,1.30022,1.30042,1.50,1.50
2012.05.22 08:38:55.030,1.30022,1.30045,3.00,1.50
2012.05.22 08:38:55.585,1.30025,1.30048,1.50,2.25
2012.05.22 08:38:56.257,1.30022,1.30045,3.00,2.25
2012.05.22 08:38:56.866,1.30022,1.30041,1.50,1.50
2012.05.22 08:38:57.404,1.3002,1.30041,1.50,1.50
2012.05.22 08:38:57.856,1.30021,1.30044,2.25,2.25
2012.05.22 08:38:58.699,1.30023,1.30047,1.50,1.10
2012.05.22 08:38:59.168,1.30023,1.30047,3.00,1.10
2012.05.22 08:39:00.216,1.30024,1.30048,1.13,2.25
2012.05.22 08:39:00.956,1.30024,1.30044,1.50,2.25
2012.05.22 08:39:01.667,1.30021,1.30044,3.38,2.25
2012.05.22 08:39:01.800,1.30021,1.30038,1.50,2.25
2012.05.22 08:39:02.320,1.3002,1.30042,2.25,2.25
2012.05.22 08:39:02.778,1.30024,1.30043,1.50,3.00
2012.05.22 08:39:02.909,1.30024,1.30043,1.50,1.50
2012.05.22 08:39:03.110,1.30019,1.30043,2.25,3.00
2012.05.22 08:39:03.908,1.30019,1.30039,1.50,2.25
2012.05.22 08:39:04.618,1.30017,1.3004,2.25,2.25
2012.05.22 08:39:05.428,1.3002,1.30041,1.50,2.25
2012.05.22 08:39:05.569,1.30018,1.30041,2.25,2.25
2012.05.22 08:39:08.368,1.30016,1.30037,1.50,3.00
2012.05.22 08:39:08.627,1.30019,1.30042,1.50,2.25
2012.05.22 08:39:08.970,1.30021,1.30044,1.50,1.85
2012.05.22 08:39:09.108,1.30021,1.30041,1.50,1.50
2012.05.22 08:39:09.622,1.30021,1.30041,1.50,1.50
2012.05.22 08:39:09.827,1.30017,1.30041,1.50,1.50
2012.05.22 08:39:10.089,1.30017,1.30042,1.50,2.25
2012.05.22 08:39:10.429,1.30022,1.30044,1.50,1.85
2012.05.22 08:39:10.796,1.30024,1.30043,1.50,1.50
2012.05.22 08:39:11.206,1.30024,1.30043,1.50,1.85
2012.05.22 08:39:13.967,1.30021,1.30043,1.50,1.10
2012.05.22 08:39:14.686,1.30022,1.30044,1.50,1.10
2012.05.22 08:39:15.110,1.3002,1.30043,1.50,2.25
2012.05.22 08:39:15.179,1.30018,1.30043,1.50,2.25
2012.05.22 08:39:15.379,1.30018,1.30043,2.25,2.25
2012.05.22 08:39:15.523,1.3002,1.30043,1.50,2.25
2012.05.22 08:39:15.873,1.30023,1.30043,1.50,1.10
2012.05.22 08:39:16.019,1.30021,1.30044,1.50,1.85
2012.05.22 08:39:16.212,1.30017,1.30042,3.00,2.25
2012.05.22 08:39:16.576,1.30015,1.30039,1.50,2.25
2012.05.22 08:39:16.649,1.30014,1.30037,2.40,1.50
2012.05.22 08:39:16.998,1.30013,1.30036,1.65,2.25
2012.05.22 08:39:17.212,1.30012,1.30036,1.65,2.25
2012.05.22 08:39:17.738,1.30012,1.30034,1.16,2.25
2012.05.22 08:39:17.989,1.30012,1.30037,2.25,2.25
2012.05.22 08:39:18.059,1.30013,1.30037,1.35,2.25
2012.05.22 08:39:18.200,1.3002,1.30039,1.50,1.50
2012.05.22 08:39:18.270,1.30017,1.30039,1.50,3.00
2012.05.22 08:39:18.672,1.30023,1.3004,1.50,1.50
2012.05.22 08:39:19.024,1.30026,1.30048,1.50,1.10
2012.05.22 08:39:19.217,1.3002,1.30042,1.50,2.25
2012.05.22 08:39:19.688,1.30023,1.30044,1.50,2.25
2012.05.22 08:39:20.358,1.3002,1.3004,3.00,1.50
2012.05.22 08:39:20.439,1.30017,1.30039,1.50,2.25
2012.05.22 08:39:20.796,1.30016,1.30035,1.73,2.25
2012.05.22 08:39:21.549,1.30013,1.30035,1.65,2.25
2012.05.22 08:39:21.681,1.30012,1.30035,3.41,2.25
2012.05.22 08:39:22.188,1.30012,1.30035,4.16,2.25
2012.05.22 08:39:22.751,1.30012,1.30035,4.16,2.25
2012.05.22 08:39:23.157,1.30014,1.30039,2.25,2.25
2012.05.22 08:39:23.845,1.30018,1.3004,1.50,2.25
2012.05.22 08:39:24.746,1.30014,1.30039,2.25,2.25
2012.05.22 08:39:25.096,1.30012,1.30035,1.91,2.25
2012.05.22 08:39:25.176,1.30011,1.30035,2.66,2.25
2012.05.22 08:39:25.648,1.30015,1.30036,1.50,2.25
2012.05.22 08:39:25.989,1.30018,1.30041,1.50,5.25
2012.05.22 08:39:26.119,1.30014,1.30039,1.50,2.25
2012.05.22 08:39:26.637,1.30013,1.30038,1.50,2.25
2012.05.22 08:39:27.133,1.30019,1.30042,1.50,2.60
2012.05.22 08:39:27.347,1.30019,1.30041,1.50,1.10
2012.05.22 08:39:27.632,1.3002,1.30041,1.50,1.10
2012.05.22 08:39:27.830,1.3002,1.30043,1.50,2.25
2012.05.22 08:39:27.901,1.30017,1.3004,3.75,2.25
2012.05.22 08:39:28.177,1.30012,1.30036,1.50,2.25
2012.05.22 08:39:28.328,1.30012,1.30036,1.50,2.25
2012.05.22 08:39:28.858,1.30011,1.30033,1.50,1.50
2012.05.22 08:39:29.047,1.30012,1.30037,2.25,2.25
2012.05.22 08:39:29.238,1.30012,1.30037,3.00,2.25
2012.05.22 08:39:30.009,1.30011,1.30034,1.50,1.50
2012.05.22 08:39:30.808,1.30012,1.30037,2.25,2.25
2012.05.22 08:39:30.999,1.30015,1.30039,1.50,1.50
2012.05.22 08:39:31.458,1.30012,1.30037,2.25,2.25
2012.05.22 08:39:32.576,1.30012,1.30037,1.50,2.25
2012.05.22 08:39:32.907,1.30016,1.30038,1.50,1.50
2012.05.22 08:39:33.276,1.3001,1.30034,3.00,2.25
2012.05.22 08:39:33.407,1.30009,1.30031,1.50,1.50
2012.05.22 08:39:33.728,1.30012,1.30037,1.50,2.25
2012.05.22 08:39:33.795,1.3001,1.30034,1.50,2.25
2012.05.22 08:39:35.488,1.3001,1.30034,1.50,1.50
2012.05.22 08:39:35.625,1.30013,1.30036,1.50,2.25
2012.05.22 08:39:35.968,1.3001,1.30033,3.00,1.50
2012.05.22 08:39:36.534,1.30011,1.30033,1.50,1.50
2012.05.22 08:39:36.867,1.30019,1.30038,1.50,1.10
2012.05.22 08:39:36.939,1.30014,1.30038,1.50,1.10
2012.05.22 08:39:37.782,1.30018,1.30039,1.50,1.10
2012.05.22 08:39:37.927,1.30015,1.30039,2.25,1.10
2012.05.22 08:39:38.445,1.30016,1.3004,1.50,2.25
2012.05.22 08:39:38.951,1.30016,1.3004,2.25,2.25
2012.05.22 08:39:39.307,1.3002,1.30043,1.50,2.25
2012.05.22 08:39:40.680,1.30023,1.30046,1.50,4.85
2012.05.22 08:39:41.094,1.3002,1.30043,1.50,2.25
2012.05.22 08:39:41.171,1.30017,1.3004,3.75,2.25
2012.05.22 08:39:41.712,1.30017,1.3004,3.00,2.25
2012.05.22 08:39:41.976,1.30019,1.30041,1.50,2.25
2012.05.22 08:39:42.248,1.30017,1.3004,1.50,2.25
2012.05.22 08:39:42.319,1.30017,1.3004,1.50,2.25
2012.05.22 08:39:43.130,1.30018,1.30042,2.25,2.25
2012.05.22 08:39:43.598,1.30018,1.30043,2.25,2.25
2012.05.22 08:39:44.225,1.3002,1.30043,1.50,2.25
2012.05.22 08:39:44.708,1.30019,1.30042,3.00,1.50
2012.05.22 08:39:46.507,1.30019,1.30044,3.00,2.25
2012.05.22 08:39:46.659,1.30022,1.30046,1.50,1.85
2012.05.22 08:39:46.977,1.30023,1.30042,1.50,1.50
2012.05.22 08:39:47.047,1.30023,1.30045,1.50,2.60
2012.05.22 08:39:48.587,1.30023,1.30043,1.50,1.50
2012.05.22 08:39:48.659,1.30023,1.30045,1.50,2.25
2012.05.22 08:39:48.800,1.30024,1.30045,1.50,1.85
2012.05.22 08:39:49.284,1.30026,1.3005,1.50,1.50
2012.05.22 08:39:49.596,1.30026,1.30049,3.75,2.25
2012.05.22 08:39:50.147,1.30027,1.3005,1.50,2.25
2012.05.22 08:39:50.219,1.30031,1.3005,3.53,1.50
2012.05.22 08:39:50.407,1.30033,1.30054,2.33,1.50
2012.05.22 08:39:50.478,1.30033,1.30054,2.25,1.50
2012.05.22 08:39:50.552,1.30033,1.30054,5.25,2.25
2012.05.22 08:39:50.689,1.30037,1.30057,1.13,1.50
2012.05.22 08:39:50.761,1.30037,1.30059,1.35,2.25
2012.05.22 08:39:50.901,1.30038,1.30062,3.45,1.50
2012.05.22 08:39:51.097,1.30038,1.30059,1.20,2.25
2012.05.22 08:39:51.552,1.30039,1.30062,1.73,2.25
2012.05.22 08:39:51.629,1.30043,1.30064,1.50,1.10
2012.05.22 08:39:51.768,1.3004,1.30063,1.50,2.60
2012.05.22 08:39:51.898,1.30043,1.30063,1.50,1.10
2012.05.22 08:39:52.111,1.30039,1.30064,2.25,2.60
2012.05.22 08:39:52.250,1.30039,1.30063,2.48,1.10
2012.05.22 08:39:53.833,1.30041,1.30063,1.35,1.10
2012.05.22 08:39:54.180,1.30044,1.30065,2.25,1.10
2012.05.22 08:39:54.556,1.30042,1.30067,2.85,2.25
2012.05.22 08:39:54.686,1.30042,1.30064,1.35,1.50
2012.05.22 08:39:55.175,1.30043,1.30066,2.25,2.25
2012.05.22 08:39:55.926,1.30046,1.30069,1.50,2.60
2012.05.22 08:39:56.717,1.30049,1.30069,1.50,1.10
2012.05.22 08:39:57.470,1.30046,1.30069,1.50,2.25
2012.05.22 08:39:57.998,1.30047,1.30069,2.10,2.60
2012.05.22 08:39:58.074,1.30048,1.3007,2.25,1.10
2012.05.22 08:39:58.289,1.30048,1.30069,1.95,1.50
2012.05.22 08:39:58.427,1.30046,1.30069,3.60,2.25
2012.05.22 08:39:58.978,1.30046,1.3007,2.25,3.00
2012.05.22 08:39:59.380,1.30046,1.30067,1.50,1.50
2012.05.22 08:39:59.721,1.3004,1.3006,1.50,1.50
2012.05.22 08:39:59.790,1.30039,1.30061,1.50,1.50
2012.05.22 08:40:00.290,1.30038,1.30061,1.35,1.50
2012.05.22 08:40:00.597,1.3004,1.30063,1.50,3.00
2012.05.22 08:40:01.101,1.30037,1.3006,2.25,3.60
2012.05.22 08:40:01.248,1.30033,1.30055,1.91,2.25
2012.05.22 08:40:01.323,1.30037,1.30058,1.50,1.50
2012.05.22 08:40:01.660,1.30039,1.30058,1.50,1.50
2012.05.22 08:40:02.500,1.30037,1.3006,3.00,2.25
2012.05.22 08:40:03.638,1.30036,1.30056,1.50,1.50
2012.05.22 08:40:04.488,1.30037,1.3006,1.50,2.25
2012.05.22 08:40:05.127,1.30039,1.30064,1.50,2.60
2012.05.22 08:40:05.357,1.30036,1.3006,3.08,2.25
2012.05.22 08:40:05.617,1.30039,1.30062,1.50,2.25
2012.05.22 08:40:05.918,1.30039,1.3006,1.50,1.50
2012.05.22 08:40:06.058,1.30043,1.30065,1.50,1.85
2012.05.22 08:40:06.127,1.30043,1.30065,1.50,1.85
2012.05.22 08:40:06.330,1.30041,1.30065,1.50,1.10
2012.05.22 08:40:07.468,1.30038,1.30063,2.25,2.25
2012.05.22 08:40:08.326,1.30038,1.30059,1.50,1.50
2012.05.22 08:40:08.396,1.30038,1.30059,2.25,1.50
2012.05.22 08:40:08.600,1.30037,1.30057,1.50,1.50
2012.05.22 08:40:08.787,1.30039,1.30062,1.50,2.25
2012.05.22 08:40:09.337,1.30039,1.30062,1.50,2.25
2012.05.22 08:40:09.480,1.30039,1.30062,2.25,2.25
2012.05.22 08:40:09.549,1.30041,1.30064,1.50,1.10
2012.05.22 08:40:09.678,1.30038,1.30061,2.25,2.25
2012.05.22 08:40:09.747,1.30041,1.30064,1.50,2.60
2012.05.22 08:40:09.878,1.30038,1.30062,1.50,2.25
2012.05.22 08:40:10.151,1.30035,1.30058,1.50,2.25
2012.05.22 08:40:10.538,1.30037,1.30062,1.50,3.75
2012.05.22 08:40:10.791,1.30037,1.3006,1.50,1.50
2012.05.22 08:40:12.216,1.30034,1.30059,3.00,2.25
2012.05.22 08:40:13.688,1.30037,1.30061,1.50,2.25
2012.05.22 08:40:14.027,1.30033,1.30054,2.10,1.50
2012.05.22 08:40:14.545,1.30033,1.30058,2.85,2.25
2012.05.22 08:40:15.441,1.30033,1.30055,2.25,2.10
2012.05.22 08:40:15.749,1.3003,1.30053,2.25,2.25
2012.05.22 08:40:16.000,1.30033,1.30057,1.50,1.50
2012.05.22 08:40:16.769,1.30031,1.30054,1.50,2.25
2012.05.22 08:40:17.600,1.30029,1.30054,2.70,2.25
2012.05.22 08:40:17.798,1.30029,1.30054,2.25,1.50
2012.05.22 08:40:19.521,1.30031,1.30054,1.50,1.50
2012.05.22 08:40:19.790,1.30037,1.30056,1.50,2.25
2012.05.22 08:40:20.147,1.30035,1.3005,1.50,1.50
2012.05.22 08:40:20.221,1.30034,1.30056,1.50,1.13
2012.05.22 08:40:20.291,1.30039,1.30056,1.50,1.13
2012.05.22 08:40:20.621,1.30041,1.30058,1.50,1.13
2012.05.22 08:40:20.830,1.30041,1.3006,1.50,1.73
2012.05.22 08:40:21.277,1.30043,1.30063,1.50,1.10
2012.05.22 08:40:21.405,1.30041,1.30063,1.50,3.35
2012.05.22 08:40:21.957,1.3004,1.30063,1.50,3.95
2012.05.22 08:40:22.228,1.30043,1.30063,1.50,1.85
2012.05.22 08:40:22.588,1.30046,1.30063,1.50,1.85
2012.05.22 08:40:22.998,1.30044,1.30063,1.50,1.85
2012.05.22 08:40:23.327,1.30042,1.30065,3.00,1.10
2012.05.22 08:40:23.395,1.30045,1.30065,1.50,1.10
2012.05.22 08:40:23.646,1.30041,1.30065,1.50,1.10
2012.05.22 08:40:24.588,1.30041,1.30066,1.50,2.60
2012.05.22 08:40:24.659,1.30039,1.30063,3.00,2.25
2012.05.22 08:40:24.928,1.30041,1.30064,1.50,2.25
2012.05.22 08:40:25.349,1.30042,1.30065,1.50,2.25
2012.05.22 08:40:25.687,1.30045,1.30065,1.50,1.10
2012.05.22 08:40:26.837,1.30046,1.30066,1.50,1.85
2012.05.22 08:40:27.027,1.30046,1.30066,1.50,1.85
2012.05.22 08:40:27.570,1.30039,1.30063,1.50,1.50
2012.05.22 08:40:30.376,1.30039,1.30063,1.35,1.50
2012.05.22 08:40:31.708,1.30041,1.30065,2.25,3.35
2012.05.22 08:40:31.837,1.3004,1.30062,2.25,1.50
2012.05.22 08:40:31.977,1.3004,1.30065,2.25,3.35
2012.05.22 08:40:32.327,1.30043,1.30065,1.50,1.10
2012.05.22 08:40:32.456,1.30041,1.30065,2.25,2.60
2012.05.22 08:40:32.680,1.3004,1.30065,2.25,1.85
2012.05.22 08:40:33.378,1.30046,1.30068,1.50,1.88
2012.05.22 08:40:33.517,1.30044,1.30068,2.25,3.00
2012.05.22 08:40:33.588,1.30047,1.30068,1.50,1.50
2012.05.22 08:40:33.718,1.30045,1.30067,3.00,2.25
2012.05.22 08:40:33.848,1.30047,1.30068,1.50,1.50
2012.05.22 08:40:34.301,1.30047,1.3007,1.50,2.60
2012.05.22 08:40:34.371,1.30042,1.30067,3.00,1.50
2012.05.22 08:40:35.759,1.30044,1.30067,2.25,2.25
2012.05.22 08:40:36.589,1.30044,1.30067,2.25,1.50
2012.05.22 08:40:36.891,1.30042,1.30065,1.50,1.50
2012.05.22 08:40:37.416,1.30042,1.30065,1.50,2.25
2012.05.22 08:40:37.493,1.3004,1.30062,1.50,1.50
2012.05.22 08:40:37.819,1.30041,1.30064,2.25,2.25
2012.05.22 08:40:38.508,1.30041,1.30064,1.50,2.85
2012.05.22 08:40:38.647,1.30038,1.30061,1.50,1.50
2012.05.22 08:40:38.719,1.30042,1.30065,1.50,3.00
2012.05.22 08:40:38.851,1.3004,1.30062,1.50,1.50
2012.05.22 08:40:39.186,1.30046,1.30067,1.50,1.50
2012.05.22 08:40:39.688,1.30042,1.30065,1.50,1.50
2012.05.22 08:40:39.759,1.30043,1.30067,2.25,1.50
2012.05.22 08:40:40.101,1.30043,1.30067,2.25,2.25
2012.05.22 08:40:40.449,1.30042,1.30062,1.50,1.50
2012.05.22 08:40:40.517,1.30042,1.30065,3.00,2.25
2012.05.22 08:40:41.122,1.30045,1.30068,1.50,2.25
2012.05.22 08:40:41.529,1.30042,1.30066,2.25,1.50
2012.05.22 08:40:42.174,1.30046,1.30066,1.50,1.50
2012.05.22 08:40:42.596,1.30044,1.30066,1.50,1.50
2012.05.22 08:40:43.109,1.30043,1.30066,2.25,1.50
2012.05.22 08:40:43.630,1.30042,1.30065,1.35,1.50
2012.05.22 08:40:43.759,1.30044,1.30066,2.25,1.50
2012.05.22 08:40:44.172,1.30047,1.30069,2.25,3.00
2012.05.22 08:40:44.500,1.30049,1.30069,1.50,1.50
2012.05.22 08:40:45.719,1.30049,1.30071,1.50,1.35
2012.05.22 08:40:46.617,1.30046,1.3007,3.75,1.50
2012.05.22 08:40:47.250,1.30047,1.30071,2.25,4.35
2012.05.22 08:40:47.316,1.30045,1.30066,2.25,1.50
2012.05.22 08:40:47.447,1.30047,1.30069,2.25,3.00
2012.05.22 08:40:47.635,1.30045,1.30066,2.25,1.50
2012.05.22 08:40:49.577,1.30045,1.30069,2.85,1.50
2012.05.22 08:40:50.111,1.30045,1.3007,2.85,1.50
2012.05.22 08:40:50.178,1.30049,1.30071,1.50,2.25
2012.05.22 08:40:54.936,1.30051,1.30073,1.50,1.10
2012.05.22 08:40:55.366,1.30049,1.30072,1.50,2.25
2012.05.22 08:40:55.575,1.30051,1.30074,1.50,1.10
2012.05.22 08:40:57.172,1.30053,1.30074,1.50,1.10
2012.05.22 08:40:57.409,1.30051,1.30074,1.50,2.60
2012.05.22 08:40:57.915,1.30052,1.30073,1.50,1.10
2012.05.22 08:40:58.751,1.30047,1.3007,3.00,1.50
2012.05.22 08:40:59.089,1.30047,1.3007,1.50,2.25
2012.05.22 08:40:59.159,1.30047,1.30066,1.50,1.50
2012.05.22 08:40:59.288,1.30044,1.30066,1.50,1.50
2012.05.22 08:40:59.357,1.30045,1.30068,1.50,1.50
2012.05.22 08:40:59.607,1.30049,1.3007,1.50,1.50
2012.05.22 08:41:01.036,1.30045,1.30068,1.50,1.50
2012.05.22 08:41:01.726,1.30045,1.30068,1.50,2.25
2012.05.22 08:41:02.826,1.30042,1.30065,4.50,1.50
2012.05.22 08:41:03.337,1.30044,1.30068,2.25,2.25
2012.05.22 08:41:03.688,1.30046,1.3007,1.50,1.50
2012.05.22 08:41:05.177,1.30043,1.30068,3.00,2.25
2012.05.22 08:41:06.620,1.30041,1.30065,2.25,2.25
2012.05.22 08:41:06.866,1.30043,1.30066,1.50,2.25
2012.05.22 08:41:07.717,1.30043,1.30067,1.50,2.25
2012.05.22 08:41:08.087,1.30041,1.30064,3.00,2.25
2012.05.22 08:41:08.836,1.30039,1.3006,2.25,1.50
2012.05.22 08:41:09.039,1.3004,1.30062,2.25,1.50
2012.05.22 08:41:09.167,1.30042,1.30066,1.50,2.25
2012.05.22 08:41:10.116,1.3004,1.30064,1.50,2.25
2012.05.22 08:41:11.111,1.30042,1.30067,1.50,2.25
2012.05.22 08:41:11.428,1.30045,1.30068,1.50,1.10
2012.05.22 08:41:13.320,1.30047,1.30068,1.50,1.10
2012.05.22 08:41:13.530,1.30048,1.3007,1.50,1.10
2012.05.22 08:41:14.061,1.30049,1.30072,1.50,2.25
2012.05.22 08:41:14.500,1.30045,1.30067,2.48,1.50
2012.05.22 08:41:14.848,1.30041,1.30062,1.50,1.50
2012.05.22 08:41:14.922,1.30043,1.30066,2.25,1.50
2012.05.22 08:41:15.118,1.30045,1.30069,2.25,2.60
2012.05.22 08:41:15.498,1.30042,1.30064,1.50,1.10
2012.05.22 08:41:15.828,1.30045,1.30067,1.50,1.85
2012.05.22 08:41:15.961,1.30048,1.3007,1.50,1.10
2012.05.22 08:41:16.159,1.30046,1.30069,1.50,1.85
2012.05.22 08:41:16.299,1.30048,1.3007,1.50,1.85
2012.05.22 08:41:16.499,1.30046,1.3007,3.00,3.35
2012.05.22 08:41:16.819,1.30048,1.3007,1.50,1.10
2012.05.22 08:41:17.359,1.30046,1.30069,2.25,2.60
2012.05.22 08:41:17.569,1.30043,1.30067,1.50,2.25
2012.05.22 08:41:17.757,1.30045,1.30069,1.50,3.75
2012.05.22 08:41:18.616,1.30048,1.3007,1.50,2.60
2012.05.22 08:41:18.808,1.30046,1.30068,3.00,2.25
2012.05.22 08:41:20.286,1.30047,1.3007,1.50,1.85
2012.05.22 08:41:20.515,1.30045,1.30068,1.50,2.25
2012.05.22 08:41:20.586,1.30043,1.30065,1.50,2.25
2012.05.22 08:41:22.519,1.30041,1.30062,1.50,2.25
2012.05.22 08:41:22.859,1.30045,1.3007,1.50,4.10
2012.05.22 08:41:23.117,1.30042,1.30068,1.50,2.25
2012.05.22 08:41:23.387,1.30039,1.30065,3.75,2.25
2012.05.22 08:41:23.757,1.30043,1.30066,1.50,2.25
2012.05.22 08:41:24.080,1.30043,1.30066,1.50,2.25
2012.05.22 08:41:25.429,1.30039,1.30063,1.50,2.25
2012.05.22 08:41:25.571,1.30037,1.30056,1.50,1.50
2012.05.22 08:41:25.783,1.30031,1.30054,3.75,1.50
2012.05.22 08:41:26.413,1.30031,1.30055,4.50,3.00
2012.05.22 08:41:26.494,1.30031,1.30053,2.25,1.50
2012.05.22 08:41:26.879,1.3003,1.30053,1.50,2.25
2012.05.22 08:41:27.210,1.3003,1.30053,1.50,2.25
2012.05.22 08:41:28.918,1.30031,1.30055,1.50,2.25
2012.05.22 08:41:29.500,1.30032,1.30055,1.50,2.25
2012.05.22 08:41:29.757,1.30028,1.30055,3.00,2.25
2012.05.22 08:41:30.518,1.30026,1.30051,2.25,2.25
2012.05.22 08:41:30.875,1.30022,1.30046,1.73,2.25
2012.05.22 08:41:31.034,1.30022,1.30046,1.73,2.25
2012.05.22 08:41:31.204,1.3002,1.30043,1.50,2.25
2012.05.22 08:41:31.349,1.30019,1.30039,1.50,2.25
2012.05.22 08:41:31.869,1.30019,1.30042,2.25,1.10
2012.05.22 08:41:32.518,1.30019,1.30043,2.25,1.10
2012.05.22 08:41:32.962,1.30017,1.30042,2.25,3.00
2012.05.22 08:41:33.189,1.30019,1.30041,2.25,1.50
2012.05.22 08:41:33.262,1.30019,1.30043,2.25,1.85
2012.05.22 08:41:33.340,1.30019,1.30042,2.25,1.10
2012.05.22 08:41:33.859,1.30022,1.30043,1.50,1.10
2012.05.22 08:41:33.928,1.3002,1.30043,2.10,1.10
2012.05.22 08:41:34.129,1.30023,1.30043,1.50,1.10
2012.05.22 08:41:34.389,1.3002,1.30043,1.50,1.10
2012.05.22 08:41:34.900,1.30017,1.30041,2.25,2.25
2012.05.22 08:41:35.026,1.30022,1.30042,1.50,1.10
2012.05.22 08:41:35.363,1.30019,1.30039,3.00,2.25
2012.05.22 08:41:35.960,1.30019,1.30039,1.50,2.25
2012.05.22 08:41:36.547,1.30018,1.30039,1.50,2.25
2012.05.22 08:41:36.677,1.30016,1.30039,1.50,2.25
2012.05.22 08:41:36.749,1.30017,1.30039,1.50,2.25
2012.05.22 08:41:36.937,1.30016,1.30039,1.50,2.25
2012.05.22 08:41:37.009,1.30015,1.30039,2.25,2.25
2012.05.22 08:41:37.087,1.30015,1.30039,2.25,2.25
2012.05.22 08:41:37.293,1.30013,1.30036,1.65,2.25
2012.05.22 08:41:37.965,1.30013,1.30036,1.65,2.25
2012.05.22 08:41:38.234,1.30013,1.30032,1.80,1.50
2012.05.22 08:41:38.317,1.30013,1.30037,2.40,2.25
2012.05.22 08:41:39.259,1.30013,1.30037,2.25,2.25
2012.05.22 08:41:39.332,1.30014,1.30037,1.50,2.25
2012.05.22 08:41:39.731,1.30013,1.30034,1.50,1.50
2012.05.22 08:41:39.815,1.30016,1.30037,1.35,2.25
2012.05.22 08:41:40.067,1.30016,1.30042,1.35,3.35
2012.05.22 08:41:40.136,1.30016,1.30042,1.35,3.35
2012.05.22 08:41:40.800,1.30017,1.30038,1.50,1.50
2012.05.22 08:41:40.928,1.30017,1.30042,1.50,2.60
2012.05.22 08:41:41.182,1.30017,1.3004,1.50,1.50
2012.05.22 08:41:41.402,1.30019,1.30044,3.75,1.50
2012.05.22 08:41:41.480,1.30019,1.30042,2.25,1.50
2012.05.22 08:41:41.978,1.3002,1.30045,2.25,2.25
2012.05.22 08:41:42.048,1.3002,1.30045,2.25,2.25
2012.05.22 08:41:42.388,1.30019,1.30042,2.25,2.25
2012.05.22 08:41:43.018,1.30019,1.30036,1.50,1.50
2012.05.22 08:41:43.809,1.30017,1.30038,1.50,2.25
2012.05.22 08:41:43.881,1.30016,1.30036,1.65,2.25
2012.05.22 08:41:43.950,1.30016,1.30033,1.65,1.50
2012.05.22 08:41:44.462,1.30014,1.30036,1.50,2.25
2012.05.22 08:41:44.540,1.30014,1.30033,1.50,1.50
2012.05.22 08:41:44.738,1.30014,1.30036,2.25,2.25
2012.05.22 08:41:44.867,1.30013,1.30033,1.80,1.50
2012.05.22 08:41:45.332,1.30013,1.30034,1.80,2.25
2012.05.22 08:41:46.109,1.30015,1.30038,1.50,2.25
2012.05.22 08:41:46.309,1.30015,1.30038,2.25,2.25
2012.05.22 08:41:46.439,1.30017,1.30038,1.50,1.50
2012.05.22 08:41:46.998,1.30017,1.30041,2.25,3.00
2012.05.22 08:41:47.550,1.30017,1.30041,2.25,3.00
2012.05.22 08:41:47.808,1.30017,1.3004,1.50,2.25
2012.05.22 08:41:48.172,1.30017,1.3004,1.50,2.25
2012.05.22 08:41:49.382,1.30018,1.30041,2.25,2.25
2012.05.22 08:41:49.850,1.30021,1.30044,1.50,2.25
2012.05.22 08:41:49.923,1.30019,1.30041,1.50,2.25
2012.05.22 08:41:50.002,1.30022,1.30044,1.50,3.75
2012.05.22 08:41:50.579,1.3002,1.30043,1.50,2.25
2012.05.22 08:41:50.648,1.30022,1.30044,1.50,2.25
2012.05.22 08:41:50.968,1.30024,1.30046,1.50,3.00
2012.05.22 08:41:51.108,1.30017,1.30038,1.50,1.50
2012.05.22 08:41:51.179,1.30017,1.30038,1.50,1.50
2012.05.22 08:41:51.509,1.30012,1.30033,2.25,1.50
2012.05.22 08:41:51.722,1.30014,1.30037,3.75,1.50
2012.05.22 08:41:51.793,1.30013,1.30033,1.50,1.50
2012.05.22 08:41:51.987,1.30012,1.30031,2.25,1.50
2012.05.22 08:41:52.318,1.30012,1.30034,2.25,2.25
2012.05.22 08:41:52.829,1.30013,1.30036,2.25,2.25
2012.05.22 08:41:53.345,1.30012,1.30034,1.50,1.50
2012.05.22 08:41:53.904,1.30017,1.30041,2.25,1.47
2012.05.22 08:41:54.429,1.30017,1.3004,1.50,2.25
2012.05.22 08:41:54.969,1.3002,1.30042,1.50,4.85
2012.05.22 08:41:55.161,1.30017,1.30041,1.50,2.25
2012.05.22 08:41:55.676,1.30016,1.30041,2.25,2.25
2012.05.22 08:41:56.267,1.30017,1.30041,1.50,2.60
2012.05.22 08:41:56.587,1.3002,1.30041,2.25,2.60
2012.05.22 08:41:56.938,1.30021,1.30041,1.50,1.85
2012.05.22 08:41:57.077,1.30021,1.30041,1.50,1.85
2012.05.22 08:41:57.148,1.30021,1.30038,1.50,1.50
2012.05.22 08:41:57.359,1.30021,1.30038,1.50,1.50
2012.05.22 08:41:57.487,1.30019,1.30038,1.50,1.50
2012.05.22 08:41:57.562,1.30016,1.30038,1.50,1.50
2012.05.22 08:41:57.711,1.30017,1.3004,1.50,2.25
2012.05.22 08:41:58.073,1.30015,1.30039,3.00,2.63
2012.05.22 08:41:58.151,1.30017,1.30039,1.50,1.13
2012.05.22 08:41:58.690,1.30017,1.3004,2.25,1.50
2012.05.22 08:41:58.958,1.30017,1.30041,2.25,2.60
2012.05.22 08:41:59.300,1.3002,1.30041,1.50,1.10
2012.05.22 08:41:59.753,1.30016,1.3004,2.25,2.60
2012.05.22 08:41:59.975,1.30017,1.30027,1.50,2.25
2012.05.22 08:42:00.050,1.30013,1.30025,1.13,2.25
2012.05.22 08:42:00.308,1.30007,1.3003,1.65,1.50
2012.05.22 08:42:00.838,1.30007,1.3003,3.15,3.00
2012.05.22 08:42:01.309,1.30005,1.30023,1.50,1.50
2012.05.22 08:42:01.871,1.30003,1.30024,1.50,2.25
2012.05.22 08:42:02.580,1.30002,1.30026,1.50,2.25
2012.05.22 08:42:02.783,1.29997,1.3002,1.50,2.25
2012.05.22 08:42:02.929,1.29997,1.3002,2.25,2.25
2012.05.22 08:42:03.340,1.30001,1.30023,1.50,3.00
2012.05.22 08:42:03.679,1.30005,1.30026,2.25,1.88
2012.05.22 08:42:03.754,1.30008,1.30026,1.50,1.88
2012.05.22 08:42:03.924,1.30008,1.30026,1.50,1.13
2012.05.22 08:42:04.141,1.30011,1.30029,1.50,1.10
2012.05.22 08:42:04.478,1.30013,1.30033,1.50,1.10
2012.05.22 08:42:04.860,1.30009,1.30033,1.50,2.60
2012.05.22 08:42:04.942,1.3001,1.30033,4.50,2.60
2012.05.22 08:42:05.341,1.30008,1.30032,2.63,1.10
2012.05.22 08:42:05.968,1.30008,1.3003,2.66,2.25
2012.05.22 08:42:06.048,1.30005,1.3003,2.25,2.25
2012.05.22 08:42:06.398,1.30007,1.30032,1.50,2.60
2012.05.22 08:42:07.007,1.30011,1.30036,1.50,3.00
2012.05.22 08:42:07.151,1.30009,1.30032,3.75,2.25
2012.05.22 08:42:07.221,1.30013,1.30036,1.50,1.85
2012.05.22 08:42:07.292,1.30011,1.30034,3.00,2.25
2012.05.22 08:42:07.639,1.30016,1.30036,1.50,2.60
2012.05.22 08:42:07.828,1.30008,1.30033,2.25,2.25
2012.05.22 08:42:08.029,1.30013,1.30036,1.50,2.60
2012.05.22 08:42:08.559,1.30014,1.30037,1.50,3.20
2012.05.22 08:42:08.768,1.30014,1.30037,1.50,2.45
2012.05.22 08:42:09.291,1.30014,1.30036,1.50,1.10
2012.05.22 08:42:09.618,1.30017,1.30037,1.50,2.45
2012.05.22 08:42:09.748,1.30014,1.30037,1.50,2.45
2012.05.22 08:42:09.961,1.30011,1.30036,1.50,2.25
2012.05.22 08:42:10.538,1.30013,1.30036,2.25,2.25
2012.05.22 08:42:10.842,1.3002,1.30038,1.50,1.85
2012.05.22 08:42:10.992,1.30018,1.3004,1.50,1.10
2012.05.22 08:42:11.069,1.30018,1.3004,1.50,2.25
2012.05.22 08:42:11.142,1.30014,1.30037,2.25,1.50
2012.05.22 08:42:11.490,1.30011,1.30032,1.50,3.75
2012.05.22 08:42:11.749,1.3001,1.30035,1.50,2.25
2012.05.22 08:42:11.891,1.30009,1.30032,2.25,1.50
2012.05.22 08:42:12.159,1.30008,1.3003,3.00,1.50
2012.05.22 08:42:12.468,1.30012,1.30037,1.50,1.50
2012.05.22 08:42:12.670,1.30012,1.30037,2.25,1.50
2012.05.22 08:42:12.881,1.30013,1.30038,2.25,2.25
2012.05.22 08:42:13.288,1.3002,1.30041,1.50,1.50
2012.05.22 08:42:13.358,1.30018,1.30038,1.50,2.25
2012.05.22 08:42:13.887,1.30015,1.30038,1.50,2.25
2012.05.22 08:42:14.219,1.30017,1.3004,4.35,2.25
2012.05.22 08:42:15.547,1.30018,1.30041,1.35,2.25
2012.05.22 08:42:16.019,1.30019,1.30041,1.35,1.50
2012.05.22 08:42:16.301,1.3002,1.30041,1.20,1.50
2012.05.22 08:42:16.829,1.30018,1.30041,3.11,2.25
2012.05.22 08:42:17.171,1.30019,1.30042,1.50,1.10
2012.05.22 08:42:17.300,1.30017,1.3004,1.50,3.75
2012.05.22 08:42:17.371,1.30014,1.30037,2.25,2.25
2012.05.22 08:42:17.568,1.30017,1.3004,1.50,2.25
2012.05.22 08:42:17.638,1.30017,1.3004,1.50,2.25
2012.05.22 08:42:17.989,1.30014,1.30037,2.25,2.25
2012.05.22 08:42:18.127,1.30017,1.30041,1.50,1.50
2012.05.22 08:42:19.069,1.30017,1.3004,1.50,1.50
2012.05.22 08:42:19.211,1.30017,1.30039,1.50,2.25
2012.05.22 08:42:19.280,1.30019,1.3004,1.50,1.50
2012.05.22 08:42:19.487,1.30015,1.3004,1.50,3.00
2012.05.22 08:42:19.618,1.30016,1.30041,1.50,3.75
2012.05.22 08:42:19.688,1.30013,1.30037,2.63,2.25
2012.05.22 08:42:20.214,1.30016,1.30039,1.50,2.25
2012.05.22 08:42:20.407,1.30016,1.30037,1.50,2.25
2012.05.22 08:42:20.480,1.30012,1.30035,1.13,2.25
2012.05.22 08:42:20.550,1.30011,1.30035,1.88,2.25
2012.05.22 08:42:20.757,1.30015,1.30038,1.50,2.25
2012.05.22 08:42:21.030,1.30014,1.30037,1.50,2.25
2012.05.22 08:42:21.099,1.30014,1.30037,1.50,2.25
2012.05.22 08:42:21.348,1.30016,1.30041,1.50,4.50
2012.05.22 08:42:21.820,1.30012,1.30033,3.00,1.50
2012.05.22 08:42:22.338,1.3001,1.30035,3.00,2.25
2012.05.22 08:42:22.487,1.30013,1.30035,1.50,2.25
2012.05.22 08:42:22.888,1.3001,1.30032,1.50,1.50
2012.05.22 08:42:22.958,1.30011,1.30036,2.25,2.85
2012.05.22 08:42:23.699,1.30011,1.30036,2.25,2.25
2012.05.22 08:42:24.259,1.30011,1.30036,2.25,2.25
2012.05.22 08:42:24.583,1.30016,1.30038,1.50,2.25
2012.05.22 08:42:24.661,1.30013,1.30037,1.50,2.25
2012.05.22 08:42:24.801,1.30016,1.30038,1.50,2.25
2012.05.22 08:42:25.127,1.30018,1.30041,1.50,2.25
2012.05.22 08:42:25.402,1.30018,1.30041,2.25,2.25
2012.05.22 08:42:25.483,1.30018,1.30041,2.25,2.25
2012.05.22 08:42:25.560,1.30023,1.30043,1.50,2.60
2012.05.22 08:42:25.706,1.30019,1.3004,1.50,1.50
2012.05.22 08:42:25.780,1.30019,1.30038,1.50,1.50
2012.05.22 08:42:26.118,1.30015,1.30036,1.50,1.50
2012.05.22 08:42:26.188,1.30014,1.30036,1.50,1.50
2012.05.22 08:42:26.808,1.30013,1.30036,3.00,1.50
2012.05.22 08:42:26.879,1.30013,1.30038,3.00,2.25
2012.05.22 08:42:26.948,1.30017,1.30039,1.50,1.50
2012.05.22 08:42:27.079,1.30013,1.30038,2.25,2.25
2012.05.22 08:42:27.737,1.3001,1.30035,3.75,2.25
2012.05.22 08:42:28.107,1.30014,1.30039,1.50,3.35
2012.05.22 08:42:29.031,1.30012,1.30035,1.50,2.25
2012.05.22 08:42:29.300,1.30014,1.30037,1.50,2.25
2012.05.22 08:42:29.636,1.30011,1.30036,1.73,2.25
2012.05.22 08:42:29.706,1.30014,1.30038,1.50,2.25
2012.05.22 08:42:32.998,1.30011,1.30036,1.50,2.25
2012.05.22 08:42:34.071,1.30012,1.30036,2.25,2.25
2012.05.22 08:42:34.139,1.30014,1.30037,1.50,1.35
2012.05.22 08:42:34.280,1.30014,1.30038,1.50,1.35
2012.05.22 08:42:34.478,1.30014,1.30037,1.50,1.50
2012.05.22 08:42:34.549,1.30011,1.30036,2.25,2.25
2012.05.22 08:42:34.621,1.30011,1.30036,2.25,2.25
2012.05.22 08:42:35.287,1.30011,1.30036,1.50,2.25
2012.05.22 08:42:35.359,1.30013,1.30036,1.50,2.25
2012.05.22 08:42:35.677,1.30015,1.30038,1.50,4.35
2012.05.22 08:42:35.748,1.30011,1.30036,1.50,2.25
2012.05.22 08:42:35.818,1.30015,1.30038,1.50,2.85
2012.05.22 08:42:35.948,1.30012,1.30035,1.50,2.25
2012.05.22 08:42:36.159,1.30014,1.30037,1.50,1.50
2012.05.22 08:42:36.806,1.30012,1.30035,1.50,2.25
2012.05.22 08:42:37.209,1.30009,1.30033,3.75,2.25
2012.05.22 08:42:37.910,1.30007,1.30031,3.00,1.50
2012.05.22 08:42:38.052,1.30007,1.30031,3.00,2.25
2012.05.22 08:42:38.128,1.30007,1.30031,3.75,2.25
2012.05.22 08:42:38.468,1.30007,1.30026,2.25,1.50
2012.05.22 08:42:38.600,1.30006,1.30028,3.00,2.25
2012.05.22 08:42:38.790,1.30009,1.30031,1.50,1.35
2012.05.22 08:42:39.106,1.30009,1.30031,1.50,2.10
2012.05.22 08:42:39.785,1.30009,1.30031,1.50,2.10
2012.05.22 08:42:40.590,1.30005,1.3003,2.25,2.25
2012.05.22 08:42:40.657,1.30004,1.30025,2.25,1.50
2012.05.22 08:42:41.559,1.30001,1.30022,1.50,1.50
2012.05.22 08:42:41.758,1.30001,1.30024,3.75,3.00
2012.05.22 08:42:41.886,1.30001,1.30024,3.75,1.50
2012.05.22 08:42:42.102,1.30001,1.30024,4.50,2.25
2012.05.22 08:42:42.628,1.3,1.30025,2.25,2.25
2012.05.22 08:42:43.073,1.30003,1.30025,1.50,2.25
2012.05.22 08:42:43.420,1.30005,1.30028,1.50,2.25
2012.05.22 08:42:43.773,1.29993,1.30018,3.75,2.25
2012.05.22 08:42:43.860,1.29993,1.30013,3.00,2.10
2012.05.22 08:42:44.214,1.29987,1.30002,2.25,1.50
2012.05.22 08:42:44.365,1.29982,1.30002,1.50,1.50
2012.05.22 08:42:44.443,1.29982,1.30002,1.50,1.50
2012.05.22 08:42:44.590,1.29976,1.3,1.13,2.25
2012.05.22 08:42:45.005,1.29976,1.3,1.50,2.25
2012.05.22 08:42:45.221,1.29981,1.30002,1.50,1.10
2012.05.22 08:42:45.780,1.29979,1.30002,1.50,2.25
2012.05.22 08:42:45.909,1.29982,1.30004,1.50,1.88
2012.05.22 08:42:46.231,1.29983,1.30002,1.50,2.25
2012.05.22 08:42:46.523,1.29977,1.29997,2.25,2.25
2012.05.22 08:42:46.610,1.29979,1.29997,1.50,2.25
2012.05.22 08:42:46.959,1.29975,1.29994,1.50,1.50
2012.05.22 08:42:47.311,1.29974,1.2999,1.50,1.50
2012.05.22 08:42:47.459,1.29973,1.2999,1.50,1.50
2012.05.22 08:42:48.308,1.29971,1.2999,1.50,1.50
2012.05.22 08:42:48.380,1.29971,1.29992,1.50,1.50
2012.05.22 08:42:48.762,1.29971,1.29994,1.50,1.50
2012.05.22 08:42:48.898,1.2997,1.29993,1.50,1.50
2012.05.22 08:42:48.974,1.2997,1.2999,1.50,1.50
2012.05.22 08:42:49.299,1.2997,1.29993,1.50,1.50
2012.05.22 08:42:49.437,1.2997,1.2999,1.50,1.50
2012.05.22 08:42:49.578,1.29969,1.29992,2.25,1.50
2012.05.22 08:42:49.928,1.29969,1.29992,1.50,1.50
2012.05.22 08:42:50.503,1.29972,1.29993,1.50,2.25
2012.05.22 08:42:51.224,1.29971,1.29993,1.50,3.00
2012.05.22 08:42:51.756,1.29971,1.29993,1.50,3.00
2012.05.22 08:42:53.650,1.29972,1.29993,1.50,2.25
2012.05.22 08:42:53.912,1.29974,1.29996,1.50,2.07
2012.05.22 08:42:53.993,1.29975,1.29993,1.35,1.50
2012.05.22 08:42:54.139,1.29973,1.29996,1.50,1.85
2012.05.22 08:42:54.208,1.29974,1.29998,2.25,1.65
2012.05.22 08:42:54.730,1.29976,1.29999,1.50,2.60
2012.05.22 08:42:54.858,1.29976,1.29996,1.50,1.50
2012.05.22 08:42:55.197,1.29972,1.29995,1.50,3.00
2012.05.22 08:42:55.649,1.29976,1.29996,1.50,1.50
2012.05.22 08:42:55.716,1.29976,1.29997,1.50,1.50
2012.05.22 08:42:56.022,1.29973,1.29997,3.00,1.50
2012.05.22 08:42:56.100,1.29977,1.29997,1.50,1.50
2012.05.22 08:42:58.120,1.29977,1.29998,3.00,2.10
2012.05.22 08:42:58.601,1.29977,1.30002,4.35,1.50
2012.05.22 08:42:58.801,1.29981,1.30004,2.25,1.50
2012.05.22 08:42:58.941,1.29983,1.30006,2.25,1.10
2012.05.22 08:42:59.372,1.29982,1.30001,2.25,1.50
2012.05.22 08:42:59.576,1.29979,1.30004,2.25,1.50
2012.05.22 08:43:00.105,1.29981,1.30003,1.50,1.50
2012.05.22 08:43:00.179,1.29978,1.30001,2.25,1.50
2012.05.22 08:43:00.391,1.29979,1.30006,3.00,3.35
2012.05.22 08:43:00.815,1.29978,1.29999,1.50,1.50
2012.05.22 08:43:01.107,1.29978,1.30001,1.50,1.50
2012.05.22 08:43:01.646,1.29978,1.30002,1.50,1.50
2012.05.22 08:43:02.608,1.29978,1.29998,1.50,1.50
2012.05.22 08:43:02.960,1.29974,1.29996,2.10,1.50
2012.05.22 08:43:03.100,1.29974,1.29996,2.10,1.50
2012.05.22 08:43:03.648,1.29974,1.29995,1.35,1.50
2012.05.22 08:43:03.859,1.29974,1.29998,1.35,2.25
2012.05.22 08:43:04.683,1.29976,1.29996,1.50,1.50
2012.05.22 08:43:05.048,1.29976,1.29994,1.50,1.50
2012.05.22 08:43:05.383,1.29976,1.29992,1.50,1.50
2012.05.22 08:43:05.741,1.29974,1.2999,1.50,1.50
2012.05.22 08:43:06.356,1.29973,1.2999,1.50,1.50
2012.05.22 08:43:06.558,1.29973,1.29987,1.50,1.50
2012.05.22 08:43:06.820,1.29971,1.29987,1.50,1.50
2012.05.22 08:43:07.130,1.29971,1.29987,1.50,1.50
2012.05.22 08:43:07.200,1.29973,1.29989,1.50,1.50
2012.05.22 08:43:07.269,1.29973,1.29992,1.50,2.25
2012.05.22 08:43:07.431,1.29973,1.29989,1.50,1.50
2012.05.22 08:43:08.856,1.29973,1.29991,1.50,1.50
2012.05.22 08:43:09.367,1.29973,1.29993,1.50,2.25
2012.05.22 08:43:09.437,1.29973,1.2999,1.50,1.50
2012.05.22 08:43:09.988,1.29969,1.2999,1.50,2.25
2012.05.22 08:43:10.769,1.29968,1.2999,2.85,2.25
2012.05.22 08:43:11.309,1.29968,1.29988,2.85,1.50
2012.05.22 08:43:11.797,1.29969,1.29988,1.50,1.50
2012.05.22 08:43:12.356,1.29969,1.29992,1.50,3.00
2012.05.22 08:43:12.896,1.29968,1.29991,2.85,2.25
2012.05.22 08:43:13.266,1.29968,1.29991,2.85,2.25
2012.05.22 08:43:14.107,1.29969,1.29991,1.50,2.25
2012.05.22 08:43:14.573,1.29966,1.29984,1.50,2.25
2012.05.22 08:43:14.650,1.29962,1.29986,2.25,2.10
2012.05.22 08:43:14.723,1.29962,1.29986,2.25,3.60
2012.05.22 08:43:15.259,1.29962,1.29986,2.25,2.10
2012.05.22 08:43:15.329,1.29962,1.29986,2.25,2.10
2012.05.22 08:43:15.531,1.2996,1.29985,1.50,2.25
2012.05.22 08:43:15.799,1.2996,1.29979,1.50,2.25
2012.05.22 08:43:16.248,1.29954,1.29976,1.05,2.25
2012.05.22 08:43:16.324,1.29954,1.29974,1.05,2.25
2012.05.22 08:43:16.688,1.2996,1.29975,2.25,1.10
2012.05.22 08:43:16.764,1.29962,1.29977,1.50,1.10
2012.05.22 08:43:16.839,1.29962,1.29977,2.25,1.10
2012.05.22 08:43:16.910,1.29955,1.29977,2.25,1.10
2012.05.22 08:43:16.977,1.29955,1.29977,2.25,1.10
2012.05.22 08:43:17.449,1.29961,1.29978,2.25,1.10
2012.05.22 08:43:17.526,1.29965,1.29979,1.50,1.10
2012.05.22 08:43:17.605,1.29961,1.29982,2.25,1.10
2012.05.22 08:43:17.884,1.29964,1.29982,1.50,1.10
2012.05.22 08:43:18.198,1.29964,1.29986,2.10,1.70
2012.05.22 08:43:18.273,1.29965,1.29986,1.05,1.70
2012.05.22 08:43:18.633,1.29962,1.29983,1.05,1.10
2012.05.22 08:43:18.768,1.2996,1.29983,3.75,1.10
2012.05.22 08:43:19.329,1.29957,1.29981,1.50,2.25
2012.05.22 08:43:20.032,1.29956,1.29979,2.25,1.35
2012.05.22 08:43:20.142,1.29953,1.29973,1.50,1.10
2012.05.22 08:43:20.432,1.29955,1.29973,1.50,1.10
2012.05.22 08:43:20.790,1.29948,1.29971,2.10,3.75
2012.05.22 08:43:20.858,1.29948,1.29969,2.10,1.50
2012.05.22 08:43:21.182,1.2995,1.2997,1.50,2.25
2012.05.22 08:43:22.187,1.2995,1.29968,1.50,2.25
2012.05.22 08:43:22.259,1.2995,1.29971,1.50,2.25
2012.05.22 08:43:22.392,1.29947,1.29972,1.35,2.60
2012.05.22 08:43:22.538,1.29948,1.29966,1.50,2.10
2012.05.22 08:43:22.896,1.29943,1.29956,2.18,1.50
2012.05.22 08:43:23.856,1.29939,1.29946,1.88,2.25
2012.05.22 08:43:24.037,1.29931,1.29943,1.50,1.50
2012.05.22 08:43:24.595,1.29925,1.29936,1.13,2.25
2012.05.22 08:43:24.812,1.2993,1.29935,1.13,1.50
2012.05.22 08:43:25.906,1.29918,1.29935,1.50,1.50
2012.05.22 08:43:26.034,1.29912,1.29926,1.13,2.25
2012.05.22 08:43:26.191,1.29907,1.29929,1.13,2.03
2012.05.22 08:43:26.304,1.29908,1.2993,1.50,1.85
2012.05.22 08:43:26.454,1.29905,1.29929,1.50,2.25
2012.05.22 08:43:26.533,1.29902,1.29925,3.00,2.25
2012.05.22 08:43:27.048,1.29906,1.29931,2.25,1.10
2012.05.22 08:43:27.132,1.29908,1.29932,1.50,1.50
2012.05.22 08:43:27.665,1.29913,1.29932,2.25,1.50
2012.05.22 08:43:28.022,1.2992,1.29938,2.85,1.88
2012.05.22 08:43:29.069,1.29921,1.29938,1.50,1.50
2012.05.22 08:43:29.212,1.29918,1.29942,1.50,2.25
2012.05.22 08:43:29.564,1.29918,1.29941,1.50,1.50
2012.05.22 08:43:29.849,1.29919,1.29944,1.50,1.35
2012.05.22 08:43:30.392,1.29918,1.29944,1.50,1.35
2012.05.22 08:43:30.739,1.2992,1.29944,1.50,1.35
2012.05.22 08:43:31.081,1.29925,1.29944,1.50,1.35
2012.05.22 08:43:31.217,1.29923,1.29944,1.50,1.35
2012.05.22 08:43:31.349,1.29926,1.29945,1.50,1.35
2012.05.22 08:43:31.551,1.29919,1.29944,3.75,1.35
2012.05.22 08:43:31.751,1.29928,1.29945,1.50,2.25
2012.05.22 08:43:32.590,1.29926,1.29948,1.50,1.50
2012.05.22 08:43:32.664,1.2992,1.29942,1.88,1.50
2012.05.22 08:43:32.741,1.29922,1.29946,2.25,2.25
2012.05.22 08:43:33.324,1.29926,1.29948,2.25,2.85
2012.05.22 08:43:33.793,1.29932,1.2995,1.50,1.50
2012.05.22 08:43:34.444,1.2993,1.29951,1.50,1.50
2012.05.22 08:43:34.660,1.29925,1.29948,1.50,2.25
2012.05.22 08:43:34.789,1.29923,1.29946,2.25,1.50
2012.05.22 08:43:34.859,1.29923,1.29946,1.50,3.75
2012.05.22 08:43:34.930,1.2992,1.29939,1.50,1.50
2012.05.22 08:43:35.351,1.29917,1.2994,2.25,2.25
2012.05.22 08:43:36.047,1.2992,1.29942,1.50,2.25
2012.05.22 08:43:36.122,1.29922,1.29945,1.50,2.60
2012.05.22 08:43:36.366,1.29919,1.29942,2.25,2.25
2012.05.22 08:43:36.500,1.29922,1.29943,1.50,1.10
2012.05.22 08:43:36.795,1.29922,1.29943,2.25,1.10
2012.05.22 08:43:37.387,1.29921,1.29944,2.25,1.10
2012.05.22 08:43:37.910,1.29925,1.29944,1.50,1.10
2012.05.22 08:43:38.050,1.29922,1.29943,2.25,1.10
2012.05.22 08:43:38.577,1.2992,1.29943,1.50,2.60
2012.05.22 08:43:38.774,1.29923,1.29946,1.50,1.50
2012.05.22 08:43:39.201,1.29924,1.29948,1.50,1.10
2012.05.22 08:43:39.401,1.2993,1.29949,1.50,1.10
2012.05.22 08:43:39.728,1.29933,1.2995,1.50,1.10
2012.05.22 08:43:39.799,1.29929,1.2995,2.25,1.70
2012.05.22 08:43:39.931,1.29921,1.29942,1.50,1.50
2012.05.22 08:43:40.072,1.29922,1.29945,1.50,1.50
2012.05.22 08:43:40.220,1.29919,1.29944,3.00,2.25
2012.05.22 08:43:40.349,1.29919,1.29942,1.50,1.50
2012.05.22 08:43:40.689,1.29916,1.29939,2.25,2.25
2012.05.22 08:43:41.153,1.29919,1.29944,2.25,1.85
2012.05.22 08:43:41.651,1.29919,1.29944,2.25,2.60
2012.05.22 08:43:41.990,1.29922,1.29944,1.50,1.10
2012.05.22 08:43:43.059,1.2992,1.29943,3.00,2.60
2012.05.22 08:43:43.424,1.29922,1.29943,1.50,1.10
2012.05.22 08:43:43.782,1.29918,1.29943,2.25,2.25
2012.05.22 08:43:43.850,1.29916,1.29939,3.00,3.00
2012.05.22 08:43:44.110,1.29916,1.29939,2.25,2.25
2012.05.22 08:43:44.179,1.29916,1.2994,1.50,1.50
2012.05.22 08:43:44.249,1.29914,1.29937,1.50,2.25
2012.05.22 08:43:44.449,1.29913,1.29937,1.50,2.25
2012.05.22 08:43:44.589,1.2991,1.29935,2.25,2.25
2012.05.22 08:43:44.719,1.2991,1.29935,2.25,2.25
2012.05.22 08:43:45.528,1.29911,1.29934,1.50,2.25
2012.05.22 08:43:45.598,1.29911,1.29934,1.50,2.25
2012.05.22 08:43:45.878,1.29909,1.2993,1.88,1.50
2012.05.22 08:43:46.261,1.29916,1.29939,2.25,1.85
2012.05.22 08:43:46.597,1.29914,1.29936,2.25,1.50
2012.05.22 08:43:46.811,1.29914,1.29937,2.25,1.50
2012.05.22 08:43:46.880,1.2991,1.29935,3.00,1.50
2012.05.22 08:43:47.240,1.29916,1.29938,1.50,1.10
2012.05.22 08:43:47.378,1.29914,1.29937,1.50,2.25
2012.05.22 08:43:47.510,1.29914,1.29937,2.25,1.85
2012.05.22 08:43:47.719,1.29918,1.2994,2.25,1.10
2012.05.22 08:43:47.858,1.29922,1.2994,1.50,1.10
2012.05.22 08:43:48.119,1.29922,1.29944,2.25,2.45
2012.05.22 08:43:48.628,1.29922,1.29945,2.25,1.10
2012.05.22 08:43:48.698,1.29922,1.29947,2.25,2.97
2012.05.22 08:43:49.260,1.29922,1.29947,2.25,2.97
2012.05.22 08:43:49.691,1.29926,1.29948,2.25,1.47
2012.05.22 08:43:50.199,1.29924,1.29947,2.25,1.50
2012.05.22 08:43:50.718,1.29927,1.29951,2.25,1.85
2012.05.22 08:43:50.858,1.29925,1.2995,2.25,2.25
2012.05.22 08:43:51.189,1.29923,1.29946,2.25,1.50
2012.05.22 08:43:51.510,1.29926,1.29949,2.25,1.10
2012.05.22 08:43:52.810,1.29926,1.29951,2.25,2.22
2012.05.22 08:43:52.879,1.29926,1.29951,2.25,1.85
2012.05.22 08:43:53.079,1.29926,1.29951,2.25,2.60
2012.05.22 08:43:53.572,1.29926,1.29947,2.25,1.50
2012.05.22 08:43:53.781,1.29926,1.29949,5.10,1.50
2012.05.22 08:43:53.848,1.29928,1.29953,3.00,1.85
2012.05.22 08:43:54.179,1.29935,1.29956,1.50,1.35
2012.05.22 08:43:54.598,1.29935,1.29956,1.50,1.35
2012.05.22 08:43:55.435,1.2994,1.2996,1.50,1.85
2012.05.22 08:43:55.769,1.29943,1.29961,1.50,1.50
2012.05.22 08:43:55.840,1.29943,1.29964,1.50,1.50
2012.05.22 08:43:56.310,1.2994,1.29964,1.35,3.35
2012.05.22 08:43:56.382,1.29941,1.29964,1.35,2.60
2012.05.22 08:43:56.802,1.29949,1.29971,1.50,1.35
2012.05.22 08:43:57.212,1.29944,1.29967,2.25,2.10
2012.05.22 08:43:57.284,1.29944,1.29967,1.50,2.85
2012.05.22 08:43:57.619,1.2994,1.29962,2.25,1.35
2012.05.22 08:43:57.818,1.29936,1.29959,3.00,2.25
2012.05.22 08:43:58.017,1.29936,1.29959,2.25,1.50
2012.05.22 08:43:58.278,1.29936,1.29959,2.25,2.25
2012.05.22 08:43:58.838,1.29938,1.29958,1.50,1.35
2012.05.22 08:43:59.521,1.29936,1.29959,2.63,2.25
2012.05.22 08:43:59.591,1.29939,1.29963,2.25,1.10
2012.05.22 08:44:00.298,1.29943,1.29964,1.50,1.85
2012.05.22 08:44:00.627,1.29945,1.29964,1.50,1.10
2012.05.22 08:44:00.698,1.29943,1.29964,1.50,1.10
2012.05.22 08:44:00.972,1.2994,1.29961,2.25,1.50
2012.05.22 08:44:01.170,1.29937,1.29961,1.50,1.50
2012.05.22 08:44:01.620,1.29943,1.29964,1.50,1.10
2012.05.22 08:44:01.687,1.29943,1.29964,1.50,1.10
2012.05.22 08:44:02.039,1.29943,1.29964,1.50,1.10
2012.05.22 08:44:02.300,1.29942,1.29965,1.50,2.25
2012.05.22 08:44:02.840,1.29942,1.29965,1.50,2.60
2012.05.22 08:44:03.379,1.29941,1.29965,1.50,1.10
2012.05.22 08:44:03.891,1.29941,1.29965,1.50,1.10
2012.05.22 08:44:04.427,1.29942,1.29962,1.50,1.10
2012.05.22 08:44:05.922,1.29942,1.29965,1.50,2.25
2012.05.22 08:44:06.129,1.29942,1.29965,2.25,2.25
2012.05.22 08:44:06.199,1.29945,1.29965,1.50,1.50
2012.05.22 08:44:06.271,1.29945,1.29968,3.00,1.50
2012.05.22 08:44:06.670,1.29948,1.29969,1.50,1.35
2012.05.22 08:44:07.023,1.2994,1.29962,2.25,1.70
2012.05.22 08:44:07.558,1.2994,1.29961,3.00,1.35
2012.05.22 08:44:08.090,1.29941,1.29961,1.50,1.35
2012.05.22 08:44:08.883,1.29935,1.29957,1.50,1.35
2012.05.22 08:44:08.957,1.29933,1.29957,3.00,1.35
2012.05.22 08:44:09.211,1.29939,1.2996,2.25,1.50
2012.05.22 08:44:09.423,1.29939,1.2996,1.50,1.50
2012.05.22 08:44:09.503,1.29941,1.2996,1.50,1.50
2012.05.22 08:44:09.858,1.29946,1.29961,1.50,1.10
2012.05.22 08:44:10.137,1.29946,1.29967,1.50,1.85
2012.05.22 08:44:10.280,1.29946,1.29967,1.50,1.50
2012.05.22 08:44:10.800,1.29946,1.29966,1.50,1.50
2012.05.22 08:44:11.311,1.29944,1.29966,3.00,1.50
2012.05.22 08:44:11.378,1.29947,1.29969,2.25,2.25
2012.05.22 08:44:11.448,1.29947,1.29968,2.25,2.25
2012.05.22 08:44:11.590,1.29945,1.29967,2.25,2.25
2012.05.22 08:44:11.948,1.29946,1.29971,2.25,2.25
2012.05.22 08:44:12.303,1.29944,1.29969,3.00,2.25
2012.05.22 08:44:12.449,1.29943,1.29966,3.00,2.25
2012.05.22 08:44:12.591,1.29946,1.29971,1.50,2.60
2012.05.22 08:44:13.081,1.2994,1.29963,2.25,3.00
2012.05.22 08:44:13.268,1.2994,1.29963,3.00,3.00
2012.05.22 08:44:13.924,1.29943,1.29964,1.50,1.70
2012.05.22 08:44:14.509,1.29939,1.29961,2.25,1.50
2012.05.22 08:44:14.830,1.29941,1.29962,1.50,1.85
2012.05.22 08:44:15.347,1.29942,1.29964,2.25,1.10
2012.05.22 08:44:15.740,1.29942,1.29964,1.50,1.10
2012.05.22 08:44:17.378,1.29942,1.29964,2.25,2.25
2012.05.22 08:44:17.574,1.29937,1.2996,2.25,2.10
2012.05.22 08:44:17.649,1.29937,1.2996,2.25,2.10
2012.05.22 08:44:18.109,1.29938,1.2996,3.00,2.85
2012.05.22 08:44:18.522,1.29938,1.2996,3.00,1.35
2012.05.22 08:44:19.040,1.29941,1.29963,1.50,2.25
2012.05.22 08:44:19.112,1.29941,1.29963,1.50,2.25
2012.05.22 08:44:19.458,1.29944,1.29959,1.50,1.50
2012.05.22 08:44:19.740,1.29944,1.29959,1.50,1.50
2012.05.22 08:44:19.892,1.2994,1.29959,1.50,1.50
2012.05.22 08:44:20.097,1.2994,1.29959,1.50,1.50
2012.05.22 08:44:21.358,1.2994,1.29959,1.50,1.50
2012.05.22 08:44:21.489,1.2994,1.29962,1.50,1.50
2012.05.22 08:44:21.561,1.29941,1.29964,2.25,1.70
2012.05.22 08:44:21.630,1.29943,1.29965,1.50,2.10
2012.05.22 08:44:22.019,1.29944,1.2996,1.50,1.50
2012.05.22 08:44:22.218,1.29943,1.2996,1.50,1.50
2012.05.22 08:44:22.817,1.2994,1.29959,1.50,1.50
2012.05.22 08:44:23.238,1.29943,1.29963,1.50,2.25
2012.05.22 08:44:24.180,1.29943,1.29962,1.50,1.50
2012.05.22 08:44:24.707,1.29943,1.29967,1.50,1.50
2012.05.22 08:44:25.230,1.29942,1.29967,1.50,1.50
2012.05.22 08:44:25.583,1.2994,1.29967,1.50,1.50
2012.05.22 08:44:25.937,1.29937,1.29964,1.50,1.70
2012.05.22 08:44:26.008,1.29941,1.29964,1.50,1.35
2012.05.22 08:44:26.148,1.29938,1.29964,1.50,1.35
2012.05.22 08:44:26.418,1.29938,1.29964,1.50,1.70
2012.05.22 08:44:26.682,1.29939,1.29964,1.50,1.70
2012.05.22 08:44:27.224,1.29939,1.29964,1.50,1.70
2012.05.22 08:44:27.998,1.29938,1.29962,2.25,1.50
2012.05.22 08:44:28.318,1.2994,1.29963,3.00,1.65
2012.05.22 08:44:28.390,1.29942,1.29965,2.25,2.60
2012.05.22 08:44:28.879,1.29943,1.29963,1.50,1.50
2012.05.22 08:44:29.288,1.29938,1.29963,3.00,1.50
2012.05.22 08:44:29.359,1.29938,1.2996,1.50,1.50
2012.05.22 08:44:29.545,1.29943,1.29965,2.25,1.85
2012.05.22 08:44:30.008,1.29943,1.29964,1.50,1.10
2012.05.22 08:44:31.356,1.29943,1.29965,1.50,2.60
2012.05.22 08:44:32.377,1.2994,1.29963,1.50,2.25
2012.05.22 08:44:33.647,1.2994,1.29962,1.50,1.10
2012.05.22 08:44:33.718,1.2994,1.29962,1.50,1.10
2012.05.22 08:44:34.239,1.29941,1.29963,1.50,2.60
2012.05.22 08:44:34.793,1.29942,1.29963,1.50,1.10
2012.05.22 08:44:35.329,1.29939,1.29962,3.00,2.25
2012.05.22 08:44:35.400,1.29942,1.29963,1.50,1.10
2012.05.22 08:44:35.588,1.2994,1.29962,1.50,1.10
2012.05.22 08:44:36.287,1.29941,1.29962,1.50,1.10
2012.05.22 08:44:36.359,1.29941,1.29965,2.25,1.85
2012.05.22 08:44:36.918,1.29943,1.29967,1.50,1.10
2012.05.22 08:44:37.438,1.29941,1.29964,2.25,1.85
2012.05.22 08:44:37.650,1.29947,1.29967,1.50,1.10
2012.05.22 08:44:37.782,1.29945,1.29967,2.25,2.60
2012.05.22 08:44:38.328,1.29941,1.29966,2.25,1.85
2012.05.22 08:44:38.400,1.29945,1.2997,2.25,2.60
2012.05.22 08:44:38.610,1.29946,1.29967,1.50,2.25
2012.05.22 08:44:38.813,1.2995,1.29971,1.50,1.10
2012.05.22 08:44:39.209,1.29949,1.29973,1.50,1.50
2012.05.22 08:44:39.436,1.29949,1.29974,2.25,2.45
2012.05.22 08:44:39.803,1.29949,1.29972,3.00,1.50
2012.05.22 08:44:39.886,1.29948,1.29971,1.50,2.25
2012.05.22 08:44:40.102,1.29945,1.29968,2.25,2.25
2012.05.22 08:44:40.378,1.29948,1.2997,1.50,1.10
2012.05.22 08:44:40.566,1.29943,1.29968,2.25,2.25
2012.05.22 08:44:41.088,1.29944,1.29967,1.50,2.25
2012.05.22 08:44:41.432,1.29946,1.29966,1.50,2.25
2012.05.22 08:44:41.982,1.29944,1.29967,2.25,2.25
2012.05.22 08:44:42.518,1.29944,1.29964,1.50,1.50
2012.05.22 08:44:42.868,1.29948,1.29969,1.50,1.10
2012.05.22 08:44:42.937,1.29945,1.29969,1.50,2.60
2012.05.22 08:44:43.128,1.29948,1.29969,1.50,1.10
2012.05.22 08:44:43.386,1.29946,1.29969,1.50,2.60
2012.05.22 08:44:43.456,1.29948,1.29969,1.50,1.10
2012.05.22 08:44:43.897,1.29951,1.29972,1.50,1.50
2012.05.22 08:44:44.029,1.29951,1.29972,1.50,1.50
2012.05.22 08:44:44.399,1.29946,1.29971,2.25,2.25
2012.05.22 08:44:45.018,1.29946,1.29969,2.25,2.25
2012.05.22 08:44:45.156,1.29948,1.29971,2.25,2.85
2012.05.22 08:44:45.590,1.29945,1.2997,2.25,2.25
2012.05.22 08:44:45.660,1.29944,1.29966,1.50,2.25
2012.05.22 08:44:45.799,1.29947,1.2997,1.50,2.25
2012.05.22 08:44:45.871,1.29947,1.2997,1.50,2.25
2012.05.22 08:44:46.328,1.29944,1.29968,1.50,2.25
2012.05.22 08:44:46.398,1.29945,1.29968,1.50,2.25
2012.05.22 08:44:46.790,1.29945,1.29968,1.50,2.25
2012.05.22 08:44:47.438,1.29944,1.29968,3.00,2.25
2012.05.22 08:44:47.590,1.29944,1.29968,3.75,2.25
2012.05.22 08:44:48.688,1.29945,1.29968,1.50,1.50
2012.05.22 08:44:49.358,1.29948,1.29971,2.25,2.25
2012.05.22 08:44:50.139,1.29949,1.29973,1.50,2.25
2012.05.22 08:44:50.270,1.29953,1.29975,1.50,2.60
2012.05.22 08:44:51.297,1.29953,1.29976,3.00,1.85
2012.05.22 08:44:51.810,1.29953,1.29976,1.50,2.25
2012.05.22 08:44:53.581,1.29951,1.29974,2.25,2.25
2012.05.22 08:44:53.828,1.29954,1.29976,1.50,2.25
2012.05.22 08:44:54.341,1.29954,1.29977,1.50,2.25
2012.05.22 08:44:55.007,1.29952,1.29974,1.50,2.25
2012.05.22 08:44:55.519,1.29951,1.29974,3.00,2.25
2012.05.22 08:44:55.652,1.29951,1.29974,3.00,2.25
2012.05.22 08:44:55.850,1.29944,1.29965,1.50,1.50
2012.05.22 08:44:56.218,1.29947,1.29969,1.50,1.35
2012.05.22 08:44:57.919,1.29945,1.29965,2.25,2.25
2012.05.22 08:44:58.450,1.29944,1.29969,2.25,2.85
2012.05.22 08:44:58.836,1.29944,1.29969,3.00,2.85
2012.05.22 08:45:00.652,1.29943,1.29965,1.50,3.00
2012.05.22 08:45:00.718,1.29943,1.29965,1.50,2.25
2012.05.22 08:45:00.860,1.29941,1.29966,2.25,2.25
2012.05.22 08:45:01.001,1.29942,1.29963,1.50,1.50
2012.05.22 08:45:01.320,1.29941,1.29963,1.50,2.25
2012.05.22 08:45:01.872,1.29942,1.29964,1.50,1.35
2012.05.22 08:45:03.099,1.2994,1.29964,1.50,2.25
2012.05.22 08:45:03.498,1.29938,1.29957,2.63,1.50
2012.05.22 08:45:04.007,1.29937,1.29957,1.88,1.50
2012.05.22 08:45:04.531,1.29939,1.29962,2.25,2.25
2012.05.22 08:45:05.498,1.29937,1.29957,2.63,1.50
2012.05.22 08:45:06.010,1.29937,1.29961,3.38,3.00
2012.05.22 08:45:07.229,1.29937,1.29961,1.88,2.25
2012.05.22 08:45:07.771,1.29938,1.29952,1.88,1.50
2012.05.22 08:45:08.319,1.29935,1.29952,1.13,2.25
2012.05.22 08:45:08.779,1.29936,1.29952,1.13,2.25
2012.05.22 08:45:09.296,1.29932,1.29953,1.50,2.25
2012.05.22 08:45:09.810,1.29932,1.29951,1.13,2.25
2012.05.22 08:45:10.122,1.29932,1.29953,1.13,2.25
2012.05.22 08:45:10.639,1.29932,1.29952,1.13,1.50
2012.05.22 08:45:11.050,1.29933,1.29949,1.13,1.50
2012.05.22 08:45:11.123,1.29929,1.29949,2.25,1.50
2012.05.22 08:45:11.269,1.29929,1.29949,1.50,1.50
2012.05.22 08:45:11.340,1.29923,1.29947,3.00,2.25
2012.05.22 08:45:11.879,1.29925,1.29947,1.50,2.25
2012.05.22 08:45:11.952,1.29927,1.29949,1.50,3.35
2012.05.22 08:45:12.086,1.29921,1.29944,1.50,1.50
2012.05.22 08:45:12.609,1.29923,1.29947,2.25,2.25
2012.05.22 08:45:12.807,1.2992,1.29943,2.25,2.25
2012.05.22 08:45:12.936,1.29923,1.29945,1.50,2.25
2012.05.22 08:45:13.378,1.29923,1.29945,2.25,2.25
2012.05.22 08:45:14.376,1.2992,1.29943,3.75,2.25
2012.05.22 08:45:14.710,1.29919,1.29937,1.50,2.25
2012.05.22 08:45:14.842,1.29916,1.2993,2.25,1.50
2012.05.22 08:45:15.061,1.29913,1.29932,1.13,2.25
2012.05.22 08:45:15.260,1.29913,1.29932,1.13,2.25
2012.05.22 08:45:15.398,1.29911,1.2993,1.50,1.50
2012.05.22 08:45:15.541,1.29913,1.29928,1.13,1.50
2012.05.22 08:45:15.756,1.29912,1.29932,2.25,1.50
2012.05.22 08:45:15.904,1.29912,1.29928,1.50,1.50
2012.05.22 08:45:16.054,1.2991,1.29935,2.25,3.00
2012.05.22 08:45:16.295,1.2991,1.29935,2.25,3.00
2012.05.22 08:45:16.817,1.2991,1.29935,2.25,3.00
2012.05.22 08:45:17.231,1.29909,1.29929,1.50,2.25
2012.05.22 08:45:17.512,1.29908,1.29926,1.50,2.25
2012.05.22 08:45:17.911,1.29908,1.2993,2.25,2.25
2012.05.22 08:45:17.987,1.29911,1.2993,1.50,2.25
2012.05.22 08:45:18.062,1.29912,1.29932,1.50,2.25
2012.05.22 08:45:18.269,1.29912,1.29933,2.25,1.50
2012.05.22 08:45:18.830,1.29913,1.29936,3.00,3.00
2012.05.22 08:45:18.970,1.2991,1.29933,1.50,2.25
2012.05.22 08:45:19.542,1.2991,1.29933,3.00,2.25
2012.05.22 08:45:19.919,1.2991,1.2993,3.00,2.25
2012.05.22 08:45:20.451,1.29914,1.29933,2.10,1.50
2012.05.22 08:45:20.520,1.29914,1.29933,2.85,1.50
2012.05.22 08:45:20.590,1.29914,1.29935,2.85,1.85
2012.05.22 08:45:20.664,1.29919,1.2994,1.50,1.85
2012.05.22 08:45:20.882,1.29918,1.2994,1.50,1.50
2012.05.22 08:45:21.008,1.29918,1.29939,1.50,1.50
2012.05.22 08:45:21.081,1.29919,1.29942,2.25,3.35
2012.05.22 08:45:21.330,1.29922,1.29942,1.50,1.10
2012.05.22 08:45:21.850,1.29922,1.29945,3.00,2.22
2012.05.22 08:45:22.238,1.29923,1.29948,2.25,2.22
2012.05.22 08:45:22.431,1.29923,1.29948,2.25,1.85
2012.05.22 08:45:22.832,1.29922,1.29945,1.50,1.50
2012.05.22 08:45:23.080,1.29926,1.29948,1.50,2.60
2012.05.22 08:45:23.351,1.29925,1.29944,1.50,1.50
2012.05.22 08:45:23.538,1.29923,1.29946,2.25,1.50
2012.05.22 08:45:23.990,1.29928,1.29947,1.50,1.10
2012.05.22 08:45:24.119,1.29924,1.29947,1.50,1.10
2012.05.22 08:45:24.258,1.29924,1.29948,2.25,1.70
2012.05.22 08:45:24.327,1.29924,1.29949,2.25,3.20
2012.05.22 08:45:24.939,1.29923,1.29946,3.60,1.50
2012.05.22 08:45:25.458,1.29923,1.29945,1.50,1.50
2012.05.22 08:45:25.855,1.29925,1.29949,1.50,2.25
2012.05.22 08:45:26.537,1.29928,1.2995,2.25,1.35
2012.05.22 08:45:26.666,1.29925,1.29947,1.50,1.50
2012.05.22 08:45:26.798,1.29926,1.2995,2.25,1.35
2012.05.22 08:45:26.939,1.29925,1.29948,2.25,1.50
2012.05.22 08:45:27.298,1.29927,1.2995,2.25,1.35
2012.05.22 08:45:27.651,1.29931,1.2995,1.50,1.35
2012.05.22 08:45:27.721,1.29928,1.2995,2.25,1.35
2012.05.22 08:45:27.851,1.2993,1.29953,2.25,2.10
2012.05.22 08:45:28.159,1.29933,1.29953,1.50,2.10
2012.05.22 08:45:28.702,1.29934,1.29953,1.50,2.10
2012.05.22 08:45:29.099,1.29931,1.29953,1.50,3.60
2012.05.22 08:45:29.656,1.2993,1.29951,3.00,1.35
2012.05.22 08:45:31.551,1.2993,1.2995,2.25,1.35
2012.05.22 08:45:31.978,1.29925,1.29946,1.35,2.25
2012.05.22 08:45:32.320,1.29924,1.29944,1.35,2.25
2012.05.22 08:45:33.198,1.29924,1.29943,1.35,2.25
2012.05.22 08:45:33.543,1.29924,1.29943,2.10,2.25
2012.05.22 08:45:33.892,1.2993,1.29947,1.13,1.50
2012.05.22 08:45:34.439,1.29933,1.29946,1.50,1.50
2012.05.22 08:45:34.511,1.29933,1.29952,1.50,2.25
2012.05.22 08:45:34.582,1.29933,1.29952,1.50,3.00
2012.05.22 08:45:34.938,1.29927,1.2995,1.88,2.25
2012.05.22 08:45:35.269,1.29927,1.29945,1.13,2.25
2012.05.22 08:45:35.341,1.29925,1.29946,2.85,2.25
2012.05.22 08:45:35.893,1.29925,1.29948,4.13,2.25
2012.05.22 08:45:35.982,1.29928,1.29951,2.25,2.25
2012.05.22 08:45:36.123,1.2993,1.29952,2.25,1.50
2012.05.22 08:45:36.537,1.29935,1.29954,1.50,2.10
2012.05.22 08:45:36.607,1.29935,1.29954,1.50,2.10
2012.05.22 08:45:37.151,1.29934,1.29957,1.50,1.50
2012.05.22 08:45:37.418,1.29934,1.29954,3.00,1.35
2012.05.22 08:45:37.802,1.29935,1.29956,1.50,1.50
2012.05.22 08:45:38.011,1.29936,1.29959,3.00,4.35
2012.05.22 08:45:38.349,1.29936,1.29955,1.50,1.50
2012.05.22 08:45:38.739,1.29935,1.29955,1.50,1.50
2012.05.22 08:45:38.872,1.29936,1.29955,1.88,1.50
2012.05.22 08:45:39.211,1.29938,1.2996,1.50,2.25
2012.05.22 08:45:39.859,1.29942,1.29959,1.50,2.25
2012.05.22 08:45:40.400,1.29942,1.29959,1.50,2.25
2012.05.22 08:45:40.780,1.29942,1.29962,1.50,1.50
2012.05.22 08:45:40.851,1.29942,1.29965,3.00,1.50
2012.05.22 08:45:40.920,1.29945,1.29965,1.50,1.50
2012.05.22 08:45:40.991,1.29947,1.29968,2.25,2.25
2012.05.22 08:45:41.061,1.2995,1.29967,1.50,1.50
2012.05.22 08:45:41.272,1.2995,1.29969,1.50,2.10
2012.05.22 08:45:41.888,1.29948,1.29966,1.50,1.50
2012.05.22 08:45:42.587,1.29948,1.29966,2.25,1.50
2012.05.22 08:45:42.910,1.29947,1.29966,1.50,1.50
2012.05.22 08:45:43.163,1.29945,1.29966,1.50,2.25
2012.05.22 08:45:43.238,1.29945,1.29963,1.50,2.10
2012.05.22 08:45:43.569,1.29945,1.29959,1.50,1.50
2012.05.22 08:45:43.637,1.29945,1.29962,1.50,3.00
2012.05.22 08:45:44.188,1.29945,1.29962,1.50,1.50
2012.05.22 08:45:44.439,1.2994,1.29962,1.65,1.50
2012.05.22 08:45:44.509,1.2994,1.29962,1.65,1.50
2012.05.22 08:45:45.071,1.2994,1.29963,3.15,1.35
2012.05.22 08:45:45.439,1.29939,1.29961,1.65,2.25
2012.05.22 08:45:45.789,1.29939,1.29957,1.65,1.35
2012.05.22 08:45:46.007,1.29941,1.29961,1.65,1.35
2012.05.22 08:45:46.561,1.29943,1.29964,2.40,1.50
2012.05.22 08:45:47.691,1.29938,1.29961,1.65,2.25
2012.05.22 08:45:48.382,1.29938,1.2996,1.65,3.00
2012.05.22 08:45:48.740,1.29935,1.29957,1.05,2.25
2012.05.22 08:45:49.165,1.29934,1.29957,1.80,2.25
2012.05.22 08:45:49.803,1.29934,1.29958,1.05,2.55
2012.05.22 08:45:49.883,1.29934,1.29958,1.05,1.80
2012.05.22 08:45:49.963,1.29936,1.29959,1.65,2.25
2012.05.22 08:45:50.498,1.29939,1.2996,1.65,1.35
2012.05.22 08:45:51.261,1.29939,1.29961,3.15,2.45
2012.05.22 08:45:51.999,1.29939,1.29961,3.15,1.10
2012.05.22 08:45:52.557,1.29944,1.29963,1.50,1.10
2012.05.22 08:45:52.898,1.29941,1.29963,1.65,1.10
2012.05.22 08:45:53.040,1.29946,1.29965,1.50,1.47
2012.05.22 08:45:53.518,1.29947,1.29971,1.13,3.00
2012.05.22 08:45:53.660,1.29949,1.29971,1.50,2.25
2012.05.22 08:45:54.132,1.29953,1.29976,2.25,3.00
2012.05.22 08:45:54.680,1.29952,1.29973,1.13,2.10
2012.05.22 08:45:55.243,1.29953,1.29972,1.50,1.35
2012.05.22 08:45:57.232,1.29953,1.29972,1.50,1.35
2012.05.22 08:45:57.583,1.29947,1.29968,2.25,1.35
2012.05.22 08:45:58.137,1.29947,1.29968,1.50,1.35
2012.05.22 08:45:58.352,1.29944,1.29966,1.50,1.50
2012.05.22 08:45:58.547,1.29942,1.29963,2.63,2.25
2012.05.22 08:45:59.216,1.29943,1.29966,1.50,2.25
2012.05.22 08:45:59.721,1.2994,1.29962,3.00,1.50
2012.05.22 08:45:59.787,1.2994,1.2996,1.50,1.50
2012.05.22 08:46:00.138,1.2994,1.29962,1.50,1.50
2012.05.22 08:46:00.543,1.2994,1.29961,1.50,2.25
2012.05.22 08:46:00.760,1.2994,1.2996,1.50,1.50
2012.05.22 08:46:00.971,1.29939,1.29955,1.50,1.50
2012.05.22 08:46:01.111,1.29939,1.29957,1.50,1.50
2012.05.22 08:46:01.359,1.29939,1.29955,1.50,1.50
2012.05.22 08:46:01.559,1.29936,1.29955,1.50,1.50
2012.05.22 08:46:01.750,1.29936,1.29955,1.50,1.50
2012.05.22 08:46:02.364,1.29938,1.29955,1.50,1.50
2012.05.22 08:46:02.449,1.29939,1.29962,2.25,2.25
2012.05.22 08:46:02.590,1.29938,1.29959,1.50,1.50
2012.05.22 08:46:02.859,1.29941,1.29966,2.25,2.25
2012.05.22 08:46:03.208,1.29941,1.29965,2.25,2.25
2012.05.22 08:46:03.768,1.2994,1.29963,2.25,1.50
2012.05.22 08:46:03.898,1.29939,1.29963,2.25,2.25
2012.05.22 08:46:04.496,1.29939,1.29963,2.25,2.25
2012.05.22 08:46:04.768,1.2994,1.29963,1.50,2.25
2012.05.22 08:46:04.906,1.29951,1.29969,1.50,1.50
2012.05.22 08:46:05.168,1.29947,1.29972,2.25,2.10
2012.05.22 08:46:05.570,1.29951,1.29971,2.25,1.50
2012.05.22 08:46:05.757,1.29951,1.29969,2.25,1.50
2012.05.22 08:46:06.561,1.29952,1.29973,2.25,1.35
2012.05.22 08:46:07.096,1.29953,1.29973,1.50,1.35
2012.05.22 08:46:07.596,1.29958,1.29979,2.25,1.50
2012.05.22 08:46:07.871,1.29963,1.29983,1.50,1.50
2012.05.22 08:46:07.943,1.29963,1.29983,1.50,1.50
2012.05.22 08:46:08.809,1.29963,1.29983,1.50,2.25
2012.05.22 08:46:09.108,1.29962,1.29981,1.50,2.25
2012.05.22 08:46:09.179,1.29962,1.2998,1.50,1.35
2012.05.22 08:46:09.514,1.29962,1.2998,1.50,1.35
2012.05.22 08:46:09.851,1.2996,1.2998,1.50,1.35
2012.05.22 08:46:10.229,1.2996,1.29977,1.50,2.25
2012.05.22 08:46:10.608,1.29956,1.29976,1.50,1.35
2012.05.22 08:46:10.808,1.29956,1.29976,1.50,1.35
2012.05.22 08:46:12.608,1.29956,1.29974,1.50,2.25
2012.05.22 08:46:12.961,1.29956,1.29975,1.50,2.25
2012.05.22 08:46:13.347,1.29956,1.29977,1.50,2.85
2012.05.22 08:46:13.609,1.29956,1.29977,1.50,2.25
2012.05.22 08:46:14.161,1.29962,1.29983,1.50,1.35
2012.05.22 08:46:14.711,1.29959,1.29983,2.25,1.35
2012.05.22 08:46:15.143,1.29957,1.2998,2.25,2.25
2012.05.22 08:46:15.503,1.29963,1.29984,1.50,1.50
2012.05.22 08:46:15.640,1.29965,1.29987,1.50,1.50
2012.05.22 08:46:15.712,1.29965,1.29988,1.50,1.35
2012.05.22 08:46:16.358,1.29961,1.29984,2.25,2.25
2012.05.22 08:46:16.431,1.29961,1.29984,1.50,2.25
2012.05.22 08:46:16.982,1.29961,1.29982,1.50,2.25
2012.05.22 08:46:18.200,1.29961,1.29982,1.80,2.25
2012.05.22 08:46:18.734,1.29962,1.2998,1.05,1.50
2012.05.22 08:46:19.287,1.29962,1.29982,1.05,2.25
2012.05.22 08:46:19.783,1.29962,1.29987,3.30,2.25
2012.05.22 08:46:19.861,1.29964,1.29987,1.13,2.25
2012.05.22 08:46:20.399,1.29964,1.29982,2.25,1.50
2012.05.22 08:46:20.669,1.29965,1.29986,1.50,2.25
2012.05.22 08:46:21.290,1.29966,1.29989,1.50,2.25
2012.05.22 08:46:21.848,1.29964,1.29986,2.63,2.25
2012.05.22 08:46:22.859,1.29964,1.29986,1.50,2.25
2012.05.22 08:46:23.261,1.29965,1.29986,1.50,2.25
2012.05.22 08:46:23.538,1.29968,1.2999,1.50,2.25
2012.05.22 08:46:24.539,1.29968,1.29991,2.25,2.25
2012.05.22 08:46:24.741,1.29967,1.29992,2.25,2.25
2012.05.22 08:46:24.949,1.29969,1.29993,1.50,1.50
2012.05.22 08:46:25.019,1.29969,1.29993,1.50,1.50
2012.05.22 08:46:25.268,1.29975,1.29994,1.50,1.35
2012.05.22 08:46:25.399,1.29972,1.29994,1.50,1.35
2012.05.22 08:46:25.958,1.29968,1.29993,2.25,2.25
2012.05.22 08:46:26.829,1.29966,1.29989,1.50,2.25
2012.05.22 08:46:29.756,1.29967,1.29992,2.25,2.25
2012.05.22 08:46:29.826,1.29971,1.29993,1.50,1.35
2012.05.22 08:46:30.341,1.29969,1.29991,2.25,2.25
2012.05.22 08:46:30.898,1.29972,1.29993,1.50,1.35
2012.05.22 08:46:33.299,1.2997,1.29992,2.25,2.25
2012.05.22 08:46:33.607,1.29971,1.29993,2.25,1.35
2012.05.22 08:46:33.951,1.29975,1.29997,1.50,1.10
2012.05.22 08:46:34.226,1.29977,1.29999,1.50,2.25
2012.05.22 08:46:34.433,1.29975,1.29992,1.50,1.50
2012.05.22 08:46:34.935,1.29975,1.29996,1.50,2.25
2012.05.22 08:46:35.491,1.29974,1.29999,2.25,2.25
2012.05.22 08:46:37.479,1.29975,1.29996,1.50,2.25
2012.05.22 08:46:37.691,1.29974,1.29996,1.50,2.25
2012.05.22 08:46:37.890,1.29974,1.29995,1.50,2.25
2012.05.22 08:46:38.097,1.29975,1.29996,1.50,2.25
2012.05.22 08:46:38.369,1.29975,1.29994,1.50,1.50
2012.05.22 08:46:38.909,1.29974,1.29994,1.50,2.25
2012.05.22 08:46:39.239,1.29971,1.29992,1.50,2.25
2012.05.22 08:46:39.610,1.29971,1.29994,2.25,2.25
2012.05.22 08:46:39.738,1.29973,1.29997,1.50,2.25
2012.05.22 08:46:40.061,1.29974,1.29998,1.50,4.35
2012.05.22 08:46:40.328,1.29974,1.29998,3.00,2.25
2012.05.22 08:46:40.639,1.29978,1.3,1.50,2.25
2012.05.22 08:46:41.676,1.29975,1.29997,3.75,2.25
2012.05.22 08:46:42.398,1.29977,1.29999,1.50,2.25
2012.05.22 08:46:42.588,1.29974,1.29999,3.00,2.25
2012.05.22 08:46:43.148,1.29975,1.29997,1.50,2.25
2012.05.22 08:46:43.647,1.29977,1.3,1.50,2.25
2012.05.22 08:46:43.887,1.29974,1.29997,2.25,2.25
2012.05.22 08:46:44.022,1.29974,1.29993,2.25,1.50
2012.05.22 08:46:44.538,1.29973,1.2999,1.13,1.50
2012.05.22 08:46:44.666,1.29973,1.29992,1.13,1.50
2012.05.22 08:46:44.796,1.29973,1.29989,1.13,1.50
2012.05.22 08:46:45.088,1.29971,1.29989,1.13,1.50
2012.05.22 08:46:45.162,1.29968,1.29991,4.13,1.50
2012.05.22 08:46:45.242,1.29968,1.29991,3.75,1.50
2012.05.22 08:46:45.310,1.2997,1.29995,1.50,2.25
2012.05.22 08:46:45.713,1.29968,1.29991,3.75,1.50
2012.05.22 08:46:45.978,1.2997,1.29995,1.50,2.60
2012.05.22 08:46:47.036,1.2997,1.29995,1.50,2.25
2012.05.22 08:46:48.817,1.2997,1.29995,1.50,2.25
2012.05.22 08:46:48.949,1.29968,1.29992,2.25,2.25
2012.05.22 08:46:49.018,1.29971,1.29994,1.50,2.25
2012.05.22 08:46:49.278,1.29967,1.2999,2.25,2.25
2012.05.22 08:46:49.588,1.29971,1.29994,1.50,2.60
2012.05.22 08:46:49.851,1.29968,1.29986,1.50,1.50
2012.05.22 08:46:49.921,1.2997,1.29993,1.50,2.25
2012.05.22 08:46:49.992,1.2997,1.29985,1.50,1.50
2012.05.22 08:46:50.329,1.29967,1.29982,1.50,1.50
2012.05.22 08:46:50.609,1.29967,1.29984,1.50,1.50
2012.05.22 08:46:51.488,1.29966,1.29987,2.25,1.50
2012.05.22 08:46:51.966,1.29968,1.2999,2.25,1.35
2012.05.22 08:46:52.577,1.29968,1.2999,2.25,1.35
2012.05.22 08:46:52.709,1.29968,1.29993,2.25,2.25
2012.05.22 08:46:53.243,1.29969,1.29991,1.50,2.10
2012.05.22 08:46:53.321,1.29969,1.2999,1.50,1.35
2012.05.22 08:46:53.449,1.29966,1.29989,3.00,2.25
2012.05.22 08:46:53.776,1.29969,1.2999,1.50,1.35
2012.05.22 08:46:54.290,1.2997,1.29991,1.50,1.35
2012.05.22 08:46:54.418,1.29967,1.29988,1.50,1.50
2012.05.22 08:46:54.589,1.29967,1.29991,1.50,2.10
2012.05.22 08:46:54.863,1.29969,1.29988,1.50,1.35
2012.05.22 08:46:54.941,1.29966,1.29988,1.50,1.35
2012.05.22 08:46:55.068,1.29969,1.29988,1.50,1.35
2012.05.22 08:46:55.207,1.29964,1.29988,3.00,1.35
2012.05.22 08:46:55.337,1.29965,1.29985,1.50,1.50
2012.05.22 08:46:55.657,1.29968,1.29987,1.50,1.35
2012.05.22 08:46:56.627,1.29966,1.29988,1.50,2.10
2012.05.22 08:46:58.126,1.29964,1.29986,1.50,2.10
2012.05.22 08:46:58.202,1.29964,1.29984,1.50,1.50
2012.05.22 08:46:58.546,1.29964,1.29987,1.50,2.85
2012.05.22 08:46:59.389,1.29964,1.29987,1.50,2.85
2012.05.22 08:46:59.710,1.29964,1.29987,1.50,2.85
2012.05.22 08:47:00.521,1.29964,1.29983,1.50,1.50
2012.05.22 08:47:00.768,1.29962,1.29983,1.50,1.50
2012.05.22 08:47:00.838,1.29963,1.29985,2.25,1.50
2012.05.22 08:47:01.399,1.29965,1.29985,1.50,1.50
2012.05.22 08:47:01.680,1.29965,1.29988,1.50,1.50
2012.05.22 08:47:01.749,1.29965,1.29988,1.50,1.50
2012.05.22 08:47:02.428,1.29969,1.2999,1.50,1.50
2012.05.22 08:47:02.860,1.29969,1.29988,1.50,1.50
2012.05.22 08:47:03.598,1.29965,1.29987,1.50,1.50
2012.05.22 08:47:04.159,1.29965,1.2999,3.00,2.25
2012.05.22 08:47:04.873,1.29967,1.29986,2.25,1.50
2012.05.22 08:47:08.346,1.29964,1.29986,1.88,2.25
2012.05.22 08:47:08.742,1.29967,1.29989,1.50,1.50
2012.05.22 08:47:08.940,1.29966,1.29989,3.00,2.25
2012.05.22 08:47:09.357,1.29967,1.29989,1.50,1.50
2012.05.22 08:47:09.489,1.29966,1.29989,3.00,2.25
2012.05.22 08:47:10.808,1.29967,1.29989,1.50,1.50
2012.05.22 08:47:11.488,1.29968,1.29992,1.50,1.50
2012.05.22 08:47:11.699,1.29969,1.29993,1.13,3.00
2012.05.22 08:47:11.838,1.29972,1.29995,3.00,2.85
2012.05.22 08:47:11.909,1.29972,1.29995,3.00,4.35
2012.05.22 08:47:12.280,1.29974,1.29993,1.50,1.35
2012.05.22 08:47:12.797,1.29971,1.29993,2.25,1.35
2012.05.22 08:47:13.129,1.29975,1.29997,1.50,1.35
2012.05.22 08:47:13.440,1.2997,1.29995,2.25,2.25
2012.05.22 08:47:15.159,1.29974,1.29996,1.50,2.25
2012.05.22 08:47:17.887,1.29974,1.29996,3.60,2.25
2012.05.22 08:47:18.167,1.29983,1.30004,2.25,1.65
2012.05.22 08:47:18.298,1.29983,1.30008,2.25,4.50
2012.05.22 08:47:18.801,1.29982,1.30004,1.13,1.50
2012.05.22 08:47:19.150,1.29982,1.30004,1.13,2.25
2012.05.22 08:47:23.502,1.29983,1.30007,1.50,1.50
2012.05.22 08:47:23.649,1.29981,1.30004,2.25,2.25
2012.05.22 08:47:26.579,1.29979,1.30001,1.88,2.25
2012.05.22 08:47:26.924,1.2998,1.29996,1.13,1.50
2012.05.22 08:47:27.259,1.2998,1.29994,1.13,2.25
2012.05.22 08:47:27.530,1.29978,1.29997,1.13,2.25
2012.05.22 08:47:28.037,1.29978,1.29997,1.13,2.25
2012.05.22 08:47:28.849,1.29978,1.29997,1.13,2.25
2012.05.22 08:47:28.918,1.29978,1.29994,1.13,1.50
2012.05.22 08:47:28.992,1.29978,1.29997,1.13,3.75
2012.05.22 08:47:29.198,1.29978,1.29997,1.13,2.25
2012.05.22 08:47:29.550,1.29978,1.29997,1.13,2.25
2012.05.22 08:47:30.401,1.29978,1.30002,3.38,1.50
2012.05.22 08:47:30.932,1.29978,1.30003,3.38,2.60
2012.05.22 08:47:31.001,1.29982,1.30003,1.50,1.10
2012.05.22 08:47:33.518,1.2998,1.29997,1.50,1.50
2012.05.22 08:47:33.591,1.29977,1.29997,1.50,1.50
2012.05.22 08:47:33.660,1.29979,1.29999,1.50,1.50
2012.05.22 08:47:33.728,1.29979,1.30003,1.50,1.50
2012.05.22 08:47:35.380,1.29978,1.29999,1.50,1.35
2012.05.22 08:47:35.591,1.29976,1.29999,2.25,2.25
2012.05.22 08:47:35.730,1.29981,1.30002,1.50,1.10
2012.05.22 08:47:36.011,1.29978,1.30001,1.50,2.25
2012.05.22 08:47:36.279,1.29981,1.30002,1.50,1.10
2012.05.22 08:47:36.828,1.29981,1.30001,1.50,1.10
2012.05.22 08:47:36.901,1.29974,1.29993,1.50,1.50
2012.05.22 08:47:37.039,1.29976,1.29993,1.50,1.50
2012.05.22 08:47:37.180,1.29978,1.30001,1.50,1.10
2012.05.22 08:47:38.228,1.29977,1.3,1.50,2.25
2012.05.22 08:47:38.750,1.29978,1.30002,1.50,1.85
2012.05.22 08:47:39.264,1.29979,1.30001,1.50,1.10
2012.05.22 08:47:40.082,1.29976,1.29994,1.50,1.50
2012.05.22 08:47:40.219,1.2998,1.30001,1.50,1.10
2012.05.22 08:47:43.506,1.2998,1.29999,1.50,1.35
2012.05.22 08:47:43.580,1.29975,1.29994,1.50,1.50
2012.05.22 08:47:44.297,1.29972,1.29995,1.50,2.25
2012.05.22 08:47:44.549,1.29975,1.29999,1.50,1.70
2012.05.22 08:47:45.556,1.29975,1.29998,1.50,1.10
2012.05.22 08:47:45.633,1.29973,1.29995,1.50,1.50
2012.05.22 08:47:45.980,1.29978,1.30003,1.50,2.25
2012.05.22 08:47:46.170,1.29978,1.30003,1.50,2.25
2012.05.22 08:47:46.684,1.29978,1.30003,3.00,2.25
2012.05.22 08:47:47.260,1.29982,1.30005,1.50,2.25
2012.05.22 08:47:47.446,1.29982,1.30005,1.50,2.25
2012.05.22 08:47:47.666,1.29982,1.30005,2.25,2.25
2012.05.22 08:47:47.990,1.29988,1.3001,1.50,1.13
2012.05.22 08:47:48.507,1.29987,1.30006,1.50,1.35
2012.05.22 08:47:49.213,1.29986,1.30006,1.50,1.35
2012.05.22 08:47:49.290,1.29986,1.30007,1.50,2.10
2012.05.22 08:47:49.858,1.29986,1.30005,1.50,2.25
2012.05.22 08:47:50.186,1.29986,1.30005,1.50,2.25
2012.05.22 08:47:51.209,1.29986,1.30005,1.50,2.25
2012.05.22 08:47:52.676,1.29981,1.30005,1.50,2.25
2012.05.22 08:47:53.880,1.29983,1.30005,1.50,2.25
2012.05.22 08:47:54.024,1.29985,1.30007,1.50,2.25
2012.05.22 08:47:54.162,1.29985,1.30007,1.50,2.25
2012.05.22 08:47:54.669,1.29988,1.30011,1.50,2.85
2012.05.22 08:47:54.920,1.29985,1.30007,1.50,2.25
2012.05.22 08:47:55.047,1.29984,1.30002,1.65,1.50
2012.05.22 08:47:55.354,1.29984,1.30004,1.50,2.25
2012.05.22 08:47:55.933,1.29984,1.30005,1.50,2.25
2012.05.22 08:47:57.050,1.29984,1.30002,1.50,1.50
2012.05.22 08:47:57.357,1.29985,1.30006,1.50,2.25
2012.05.22 08:47:57.428,1.29985,1.30002,1.50,1.50
2012.05.22 08:47:57.689,1.29983,1.30005,1.50,2.25
2012.05.22 08:47:58.499,1.29983,1.30007,3.00,2.85
2012.05.22 08:48:00.019,1.29984,1.30007,1.50,2.85
2012.05.22 08:48:01.907,1.29984,1.30007,1.50,2.85
2012.05.22 08:48:02.635,1.29985,1.3001,3.00,2.25
2012.05.22 08:48:02.779,1.29985,1.3001,1.50,2.25
2012.05.22 08:48:03.907,1.29985,1.3001,3.00,2.25
2012.05.22 08:48:04.599,1.29985,1.30006,1.50,1.50
2012.05.22 08:48:05.198,1.29984,1.30006,3.00,1.50
2012.05.22 08:48:05.701,1.29985,1.30007,1.50,2.25
2012.05.22 08:48:06.111,1.29985,1.30005,2.25,1.50
2012.05.22 08:48:06.309,1.29985,1.30007,1.50,2.25
2012.05.22 08:48:06.820,1.29987,1.30012,1.50,2.60
2012.05.22 08:48:07.679,1.2999,1.30012,1.50,1.10
2012.05.22 08:48:09.400,1.29992,1.30011,1.88,1.50
2012.05.22 08:48:09.471,1.29989,1.30014,4.80,1.50
2012.05.22 08:48:09.991,1.29991,1.30014,2.25,2.25
2012.05.22 08:48:10.388,1.29997,1.30018,1.50,1.10
2012.05.22 08:48:10.672,1.29989,1.30008,1.65,1.50
2012.05.22 08:48:10.870,1.29987,1.30011,3.00,2.25
2012.05.22 08:48:11.270,1.2999,1.30013,1.50,2.25
2012.05.22 08:48:11.842,1.29992,1.30014,1.50,3.35
2012.05.22 08:48:11.980,1.29992,1.30014,1.50,1.10
2012.05.22 08:48:13.487,1.29992,1.30017,2.25,2.25
2012.05.22 08:48:13.562,1.29992,1.30017,2.25,2.25
2012.05.22 08:48:13.631,1.29993,1.30017,1.50,2.25
2012.05.22 08:48:13.700,1.29998,1.30019,1.50,1.10
2012.05.22 08:48:13.958,1.29994,1.30018,1.50,2.25
2012.05.22 08:48:14.030,1.29997,1.30019,1.50,1.10
2012.05.22 08:48:14.578,1.29997,1.3002,1.50,3.35
2012.05.22 08:48:15.260,1.29994,1.30017,4.50,1.50
2012.05.22 08:48:15.329,1.29997,1.30019,2.25,2.25
2012.05.22 08:48:15.460,1.29994,1.30018,3.00,2.25
2012.05.22 08:48:15.719,1.29994,1.30017,2.25,2.25
2012.05.22 08:48:16.738,1.29994,1.30017,3.00,2.25
2012.05.22 08:48:17.269,1.29994,1.30017,3.00,2.25
2012.05.22 08:48:19.067,1.29994,1.30017,3.00,2.25
2012.05.22 08:48:19.379,1.29994,1.30019,2.25,2.25
2012.05.22 08:48:19.650,1.29996,1.30018,1.50,1.50
2012.05.22 08:48:19.717,1.29999,1.3002,1.50,1.50
2012.05.22 08:48:20.039,1.29996,1.30018,1.50,1.50
2012.05.22 08:48:20.440,1.29996,1.30009,1.50,1.50
2012.05.22 08:48:20.508,1.29995,1.30009,1.50,1.50
2012.05.22 08:48:20.580,1.29997,1.30012,1.50,1.50
2012.05.22 08:48:20.650,1.29995,1.30016,3.00,2.25
2012.05.22 08:48:20.718,1.29996,1.30016,1.50,2.25
2012.05.22 08:48:21.069,1.29998,1.30019,1.50,2.25
2012.05.22 08:48:21.521,1.29998,1.30019,1.50,2.25
2012.05.22 08:48:21.744,1.29995,1.30017,1.50,2.25
2012.05.22 08:48:21.939,1.29993,1.30017,1.50,2.25
2012.05.22 08:48:22.648,1.29993,1.30017,1.50,2.25
2012.05.22 08:48:23.479,1.29994,1.30017,1.50,2.25
2012.05.22 08:48:24.347,1.29995,1.30019,1.50,2.25
2012.05.22 08:48:24.417,1.29997,1.30021,1.50,1.50
2012.05.22 08:48:24.715,1.29995,1.30018,1.50,2.25
2012.05.22 08:48:25.196,1.29997,1.3002,1.50,2.25
2012.05.22 08:48:25.326,1.29994,1.30017,1.50,2.25
2012.05.22 08:48:25.639,1.29993,1.30014,2.25,1.50
2012.05.22 08:48:26.269,1.29993,1.30018,3.00,2.25
2012.05.22 08:48:26.396,1.29993,1.30014,1.50,1.50
2012.05.22 08:48:27.319,1.29993,1.30012,1.50,1.50
2012.05.22 08:48:27.508,1.29993,1.30016,3.00,2.25
2012.05.22 08:48:27.938,1.29993,1.30016,3.00,2.25
2012.05.22 08:48:29.608,1.29993,1.30016,3.00,2.25
2012.05.22 08:48:29.860,1.29995,1.30018,2.25,2.25
2012.05.22 08:48:30.501,1.29996,1.3002,2.25,2.25
2012.05.22 08:48:30.629,1.29999,1.30022,1.50,2.60
2012.05.22 08:48:32.133,1.29997,1.30021,1.50,2.25
2012.05.22 08:48:32.391,1.3,1.30022,1.50,2.25
2012.05.22 08:48:32.938,1.3,1.30023,2.25,2.60
2012.05.22 08:48:33.280,1.30004,1.30023,1.50,1.10
2012.05.22 08:48:33.560,1.30004,1.30023,1.50,1.10
2012.05.22 08:48:33.867,1.30004,1.30023,1.50,1.10
2012.05.22 08:48:35.348,1.3,1.30027,4.13,2.25
2012.05.22 08:48:35.417,1.3,1.30027,4.13,2.25
2012.05.22 08:48:36.024,1.30004,1.30028,1.50,3.75
2012.05.22 08:48:38.829,1.30001,1.30026,2.25,2.25
2012.05.22 08:48:39.337,1.3,1.30022,1.50,2.25
2012.05.22 08:48:40.362,1.29997,1.30022,1.50,2.25
2012.05.22 08:48:40.559,1.29999,1.30022,2.25,2.25
2012.05.22 08:48:41.258,1.29998,1.30023,2.25,2.25
2012.05.22 08:48:41.519,1.30002,1.30024,1.50,1.35
2012.05.22 08:48:45.058,1.30002,1.30025,1.50,2.25
2012.05.22 08:48:45.412,1.30004,1.30028,1.50,1.10
2012.05.22 08:48:45.548,1.30001,1.30026,3.00,2.25
2012.05.22 08:48:45.679,1.30004,1.30029,1.50,2.60
2012.05.22 08:48:46.100,1.30002,1.30023,1.50,2.25
2012.05.22 08:48:46.171,1.30004,1.30026,1.50,2.25
2012.05.22 08:48:46.479,1.30002,1.30022,1.50,2.25
2012.05.22 08:48:46.727,1.30004,1.30027,1.50,2.25
2012.05.22 08:48:47.040,1.30006,1.30027,1.50,1.35
2012.05.22 08:48:47.380,1.30009,1.30027,1.50,1.35
2012.05.22 08:48:47.949,1.30003,1.30026,2.25,2.25
2012.05.22 08:48:48.023,1.3001,1.30029,1.50,2.25
2012.05.22 08:48:48.348,1.30013,1.30034,1.50,1.85
2012.05.22 08:48:48.610,1.30007,1.30032,1.50,2.85
2012.05.22 08:48:48.739,1.30009,1.30032,1.50,2.85
2012.05.22 08:48:49.059,1.30013,1.30032,1.50,1.35
2012.05.22 08:48:49.379,1.30013,1.30032,1.50,1.35
2012.05.22 08:48:49.509,1.30014,1.30032,1.50,1.35
2012.05.22 08:48:49.856,1.30011,1.30035,2.25,2.25
2012.05.22 08:48:49.933,1.30015,1.30036,1.50,1.65
2012.05.22 08:48:50.012,1.30012,1.30034,3.75,2.25
2012.05.22 08:48:50.150,1.30012,1.30034,3.00,2.25
2012.05.22 08:48:50.519,1.30015,1.3004,3.00,2.85
2012.05.22 08:48:50.849,1.3002,1.3004,1.50,1.35
2012.05.22 08:48:51.120,1.3002,1.3004,1.50,1.35
2012.05.22 08:48:51.679,1.30015,1.3004,4.58,2.85
2012.05.22 08:48:51.750,1.30018,1.3004,2.10,2.85
2012.05.22 08:48:52.512,1.30019,1.3004,2.25,1.35
2012.05.22 08:48:53.019,1.30018,1.30039,1.50,2.25
2012.05.22 08:48:54.558,1.3002,1.30039,1.50,1.35
2012.05.22 08:48:55.458,1.3002,1.30039,2.25,1.35
2012.05.22 08:48:55.861,1.30023,1.30044,1.50,1.35
2012.05.22 08:48:56.380,1.30025,1.30044,1.50,1.35
2012.05.22 08:48:56.700,1.30027,1.30044,2.25,1.35
2012.05.22 08:48:56.767,1.30027,1.30044,2.25,1.35
2012.05.22 08:48:57.648,1.30022,1.30042,1.50,2.25
2012.05.22 08:48:58.160,1.30021,1.30044,2.25,1.35
2012.05.22 08:48:58.952,1.30021,1.30044,2.25,1.35
2012.05.22 08:48:59.021,1.30021,1.30044,2.25,1.35
2012.05.22 08:48:59.538,1.30021,1.30035,2.29,1.50
2012.05.22 08:48:59.616,1.30025,1.30046,1.50,1.69
2012.05.22 08:48:59.692,1.30027,1.30045,1.50,2.25
2012.05.22 08:49:00.028,1.30027,1.30048,2.25,1.35
2012.05.22 08:49:00.589,1.30029,1.30048,1.50,1.35
2012.05.22 08:49:02.488,1.30027,1.3005,1.50,2.25
2012.05.22 08:49:03.019,1.30027,1.30049,1.50,2.25
2012.05.22 08:49:03.735,1.30029,1.30049,1.50,2.25
2012.05.22 08:49:04.090,1.30028,1.30046,1.50,2.25
2012.05.22 08:49:04.599,1.30023,1.30046,3.00,2.25
2012.05.22 08:49:05.037,1.30023,1.30046,3.00,2.25
2012.05.22 08:49:05.308,1.30023,1.30046,4.50,2.25
2012.05.22 08:49:05.713,1.30025,1.30045,2.25,2.25
2012.05.22 08:49:05.789,1.30028,1.30051,1.50,2.25
2012.05.22 08:49:07.161,1.30025,1.30049,1.50,2.25
2012.05.22 08:49:07.499,1.30024,1.30046,1.50,2.25
2012.05.22 08:49:07.571,1.30024,1.30046,1.50,2.25
2012.05.22 08:49:07.641,1.30024,1.30046,3.00,2.25
2012.05.22 08:49:07.711,1.30027,1.3005,2.25,2.25
2012.05.22 08:49:07.899,1.3003,1.30053,1.50,2.25
2012.05.22 08:49:08.518,1.30029,1.3005,2.25,2.25
2012.05.22 08:49:08.967,1.30029,1.3005,1.50,2.25
2012.05.22 08:49:09.137,1.30029,1.3005,2.25,2.25
2012.05.22 08:49:09.401,1.30029,1.3005,2.25,2.25
2012.05.22 08:49:09.531,1.30033,1.30055,1.50,2.85
2012.05.22 08:49:09.657,1.30029,1.30052,3.75,2.25
2012.05.22 08:49:09.727,1.30029,1.30052,3.75,2.25
2012.05.22 08:49:10.117,1.30029,1.30052,3.75,2.25
2012.05.22 08:49:10.679,1.30029,1.30052,3.75,2.25
2012.05.22 08:49:11.270,1.30032,1.30052,1.50,2.25
2012.05.22 08:49:11.520,1.3003,1.30052,1.50,2.25
2012.05.22 08:49:12.969,1.3003,1.30049,1.50,2.25
2012.05.22 08:49:13.611,1.3003,1.3005,1.50,2.25
2012.05.22 08:49:14.967,1.30024,1.30044,1.50,2.25
2012.05.22 08:49:15.311,1.30027,1.30048,1.50,2.25
2012.05.22 08:49:15.629,1.30026,1.30051,3.00,2.25
2012.05.22 08:49:17.779,1.30029,1.30054,1.50,2.25
2012.05.22 08:49:17.849,1.30029,1.30054,1.50,2.25
2012.05.22 08:49:18.530,1.30029,1.30054,2.25,2.25
2012.05.22 08:49:20.970,1.30029,1.30054,2.25,2.25
2012.05.22 08:49:21.220,1.30027,1.30049,2.25,1.50
2012.05.22 08:49:21.738,1.30028,1.3005,1.50,2.25
2012.05.22 08:49:21.936,1.30028,1.30051,1.50,1.13
2012.05.22 08:49:22.066,1.30032,1.30051,1.50,1.13
2012.05.22 08:49:22.500,1.30029,1.30051,3.00,1.13
2012.05.22 08:49:23.029,1.30026,1.3005,1.50,2.25
2012.05.22 08:49:23.557,1.30026,1.3005,1.50,2.25
2012.05.22 08:49:23.750,1.30024,1.30047,1.50,2.25
2012.05.22 08:49:23.818,1.30023,1.30046,3.00,2.25
2012.05.22 08:49:24.171,1.30022,1.30041,3.75,1.50
2012.05.22 08:49:24.299,1.30022,1.30044,3.75,2.25
2012.05.22 08:49:24.710,1.30026,1.30049,1.50,2.25
2012.05.22 08:49:24.961,1.30022,1.30047,3.75,2.25
2012.05.22 08:49:25.101,1.30029,1.30051,1.50,1.50
2012.05.22 08:49:25.416,1.30033,1.30051,1.50,1.10
2012.05.22 08:49:25.607,1.30029,1.30052,1.50,2.60
2012.05.22 08:49:26.135,1.30029,1.30051,1.50,1.10
2012.05.22 08:49:26.281,1.30029,1.30048,1.50,1.35
2012.05.22 08:49:26.479,1.30023,1.30042,1.50,2.25
2012.05.22 08:49:26.980,1.30022,1.30043,1.50,2.25
2012.05.22 08:49:27.399,1.30026,1.30048,1.50,2.10
2012.05.22 08:49:27.529,1.30022,1.30046,2.25,2.25
2012.05.22 08:49:27.848,1.30024,1.30047,1.50,2.25
2012.05.22 08:49:27.917,1.30024,1.30047,2.25,2.25
2012.05.22 08:49:28.250,1.30031,1.30051,1.50,1.50
2012.05.22 08:49:28.323,1.30028,1.30049,1.50,2.25
2012.05.22 08:49:28.400,1.30026,1.30049,2.25,2.25
2012.05.22 08:49:28.470,1.30023,1.30046,1.50,2.25
2012.05.22 08:49:28.863,1.30027,1.30046,1.35,2.25
2012.05.22 08:49:29.083,1.3003,1.30055,1.73,2.25
2012.05.22 08:49:29.349,1.3003,1.30055,2.25,2.25
2012.05.22 08:49:29.420,1.30033,1.30056,1.50,2.25
2012.05.22 08:49:29.611,1.3003,1.30052,1.50,1.35
2012.05.22 08:49:29.800,1.30028,1.30048,2.33,2.25
2012.05.22 08:49:30.149,1.30025,1.30045,2.48,1.50
2012.05.22 08:49:30.289,1.30023,1.30047,2.25,1.35
2012.05.22 08:49:30.891,1.30022,1.30041,1.50,1.50
2012.05.22 08:49:31.032,1.30018,1.30041,2.25,3.00
2012.05.22 08:49:31.238,1.30018,1.30041,2.25,3.00
2012.05.22 08:49:31.760,1.3002,1.30041,1.50,2.25
2012.05.22 08:49:32.288,1.30017,1.30038,1.50,2.25
2012.05.22 08:49:33.667,1.30017,1.30039,1.73,2.25
2012.05.22 08:49:34.158,1.30019,1.30042,1.50,2.25
2012.05.22 08:49:34.809,1.30022,1.30045,1.50,1.10
2012.05.22 08:49:36.025,1.30022,1.30046,2.25,2.60
2012.05.22 08:49:36.782,1.30019,1.30041,2.25,3.00
2012.05.22 08:49:36.925,1.30022,1.30043,1.50,1.88
2012.05.22 08:49:37.456,1.30024,1.30047,1.50,1.85
2012.05.22 08:49:37.721,1.30024,1.30047,1.50,1.85
2012.05.22 08:49:38.626,1.30024,1.30047,1.50,1.85
2012.05.22 08:49:38.757,1.30021,1.30043,2.25,2.25
2012.05.22 08:49:39.071,1.3002,1.3004,1.50,2.25
2012.05.22 08:49:39.531,1.30019,1.30041,1.50,1.35
2012.05.22 08:49:39.850,1.30018,1.3004,1.50,2.25
2012.05.22 08:49:39.920,1.30017,1.3004,1.50,2.25
2012.05.22 08:49:40.051,1.30017,1.30041,3.00,1.35
2012.05.22 08:49:40.119,1.30018,1.30041,1.50,1.35
2012.05.22 08:49:40.472,1.30024,1.30047,2.25,2.25
2012.05.22 08:49:41.437,1.30024,1.30045,1.50,1.35
2012.05.22 08:49:41.510,1.30022,1.30045,3.00,1.35
2012.05.22 08:49:41.638,1.30022,1.30041,1.50,1.50
2012.05.22 08:49:41.948,1.30021,1.30038,1.50,1.50
2012.05.22 08:49:42.261,1.30019,1.30038,2.25,1.50
2012.05.22 08:49:42.400,1.30019,1.3004,3.75,1.50
2012.05.22 08:49:42.612,1.30023,1.30041,1.50,2.25
2012.05.22 08:49:42.753,1.30023,1.30047,1.50,1.35
2012.05.22 08:49:43.044,1.30022,1.30043,2.25,1.35
2012.05.22 08:49:44.481,1.30021,1.30044,1.50,2.25
2012.05.22 08:49:45.430,1.30022,1.30042,2.25,2.25
2012.05.22 08:49:45.502,1.30022,1.30042,1.50,2.25
2012.05.22 08:49:45.569,1.30023,1.30042,1.50,2.25
2012.05.22 08:49:46.754,1.30026,1.30047,1.50,1.13
2012.05.22 08:49:47.391,1.30021,1.30043,1.50,2.25
2012.05.22 08:49:47.958,1.30024,1.30046,1.50,2.25
2012.05.22 08:49:48.489,1.30025,1.30046,1.50,2.25
2012.05.22 08:49:50.131,1.30025,1.30041,1.50,1.50
2012.05.22 08:49:50.258,1.30023,1.30043,1.50,2.25
2012.05.22 08:49:50.387,1.30022,1.30042,2.33,2.25
2012.05.22 08:49:52.066,1.30024,1.30042,1.50,2.25
2012.05.22 08:49:52.821,1.30025,1.30042,1.50,2.25
2012.05.22 08:49:54.240,1.30021,1.30044,3.41,2.25
2012.05.22 08:49:54.310,1.30019,1.30041,1.50,2.25
2012.05.22 08:49:54.452,1.30019,1.30041,1.50,2.25
2012.05.22 08:49:54.520,1.30019,1.30041,1.50,2.25
2012.05.22 08:49:55.069,1.3002,1.30043,2.25,2.25
2012.05.22 08:49:55.718,1.30023,1.30046,1.50,2.85
2012.05.22 08:49:55.790,1.30023,1.30046,1.50,2.85
2012.05.22 08:49:55.920,1.30019,1.30043,3.00,2.25
2012.05.22 08:49:56.050,1.30022,1.30045,1.50,2.25
2012.05.22 08:49:56.380,1.30021,1.30044,1.50,2.25
2012.05.22 08:49:56.788,1.30021,1.30043,1.50,2.25
2012.05.22 08:49:57.307,1.30023,1.30044,1.50,2.25
2012.05.22 08:49:57.382,1.30026,1.30048,1.50,1.10
2012.05.22 08:49:57.450,1.30026,1.30048,1.50,1.10
2012.05.22 08:49:57.730,1.30026,1.30048,1.50,1.10
2012.05.22 08:49:57.993,1.3002,1.30043,2.25,2.25
2012.05.22 08:49:59.370,1.30018,1.30036,1.50,2.25
2012.05.22 08:49:59.710,1.30015,1.3004,2.25,2.25
2012.05.22 08:49:59.778,1.30015,1.30038,2.63,1.50
2012.05.22 08:49:59.909,1.30015,1.30038,2.63,1.50
2012.05.22 08:50:00.283,1.30015,1.30039,1.50,2.25
2012.05.22 08:50:00.366,1.30015,1.30039,2.25,2.25
2012.05.22 08:50:00.443,1.30016,1.30039,1.50,2.25
2012.05.22 08:50:00.521,1.30017,1.30039,1.50,2.25
2012.05.22 08:50:00.731,1.3002,1.30042,1.50,1.10
2012.05.22 08:50:01.053,1.30018,1.30042,2.25,2.25
2012.05.22 08:50:01.750,1.30018,1.30042,1.50,2.25
2012.05.22 08:50:01.827,1.30018,1.30041,2.25,2.25
2012.05.22 08:50:02.410,1.30018,1.30041,2.25,2.25
2012.05.22 08:50:03.237,1.30018,1.30041,2.25,2.25
2012.05.22 08:50:03.580,1.30017,1.30038,1.50,2.25
2012.05.22 08:50:03.782,1.30015,1.30039,2.25,2.25
2012.05.22 08:50:03.848,1.30019,1.3004,1.50,2.25
2012.05.22 08:50:04.101,1.30017,1.3004,1.50,2.25
2012.05.22 08:50:04.177,1.30015,1.3004,1.50,2.25
2012.05.22 08:50:04.319,1.30019,1.30041,1.50,3.35
2012.05.22 08:50:04.508,1.30016,1.3004,1.50,2.25
2012.05.22 08:50:04.759,1.30012,1.30033,1.50,2.25
2012.05.22 08:50:05.066,1.30011,1.30034,1.50,2.25
2012.05.22 08:50:05.557,1.30013,1.30036,1.50,2.25
2012.05.22 08:50:06.836,1.30011,1.30033,1.50,2.25
2012.05.22 08:50:07.139,1.30011,1.30036,2.25,2.25
2012.05.22 08:50:08.328,1.30011,1.30036,1.50,2.25
2012.05.22 08:50:08.889,1.3001,1.30033,1.50,2.25
2012.05.22 08:50:09.382,1.30014,1.30035,1.50,2.25
2012.05.22 08:50:09.509,1.30011,1.30034,1.50,2.25
2012.05.22 08:50:09.698,1.30009,1.30034,2.25,2.25
2012.05.22 08:50:10.746,1.30009,1.30034,2.25,2.25
2012.05.22 08:50:10.939,1.30008,1.3003,1.50,2.25
2012.05.22 08:50:11.023,1.3001,1.30033,1.50,2.25
2012.05.22 08:50:11.985,1.3001,1.30035,1.50,2.25
2012.05.22 08:50:12.061,1.30007,1.30032,3.75,2.25
2012.05.22 08:50:12.128,1.3001,1.30033,1.50,2.25
2012.05.22 08:50:12.259,1.30007,1.30031,2.25,2.25
2012.05.22 08:50:12.897,1.30009,1.30034,1.50,2.25
2012.05.22 08:50:13.270,1.30009,1.30033,1.50,1.35
2012.05.22 08:50:14.361,1.30009,1.30027,1.50,1.50
2012.05.22 08:50:14.701,1.3,1.30024,2.25,2.25
2012.05.22 08:50:15.228,1.30002,1.30026,1.50,1.10
2012.05.22 08:50:15.508,1.3,1.30023,2.25,2.25
2012.05.22 08:50:15.951,1.30002,1.30026,1.50,2.60
2012.05.22 08:50:16.077,1.3,1.30022,2.25,2.25
2012.05.22 08:50:16.207,1.30002,1.30024,1.50,2.25
2012.05.22 08:50:16.468,1.29999,1.30021,1.50,2.25
2012.05.22 08:50:16.539,1.30001,1.30026,1.50,2.60
2012.05.22 08:50:17.837,1.29999,1.30023,1.50,2.25
2012.05.22 08:50:18.097,1.30001,1.30026,1.50,2.60
2012.05.22 08:50:18.510,1.30001,1.30026,2.25,2.60
2012.05.22 08:50:18.832,1.3,1.30023,3.00,2.25
2012.05.22 08:50:18.960,1.3,1.30023,3.00,2.25
2012.05.22 08:50:19.298,1.3,1.30021,1.50,2.25
2012.05.22 08:50:19.932,1.30001,1.30024,2.25,1.10
2012.05.22 08:50:20.211,1.30001,1.30021,3.00,2.25
2012.05.22 08:50:20.479,1.30004,1.30025,2.25,1.10
2012.05.22 08:50:20.617,1.30007,1.30025,1.50,1.10
2012.05.22 08:50:20.821,1.30004,1.30027,2.25,3.00
2012.05.22 08:50:20.892,1.30004,1.30027,2.25,3.00
2012.05.22 08:50:21.532,1.30006,1.30024,1.50,2.25
2012.05.22 08:50:21.661,1.30006,1.3003,2.25,3.35
2012.05.22 08:50:21.729,1.30006,1.3003,2.25,3.00
2012.05.22 08:50:21.861,1.30006,1.30028,2.25,1.35
2012.05.22 08:50:22.214,1.30004,1.30024,1.50,2.25
2012.05.22 08:50:22.293,1.30006,1.30024,1.50,2.25
2012.05.22 08:50:22.503,1.30006,1.30029,2.25,2.25
2012.05.22 08:50:23.530,1.30009,1.30032,2.25,2.25
2012.05.22 08:50:24.082,1.30009,1.30032,2.25,2.25
2012.05.22 08:50:24.150,1.30009,1.30032,2.25,2.25
2012.05.22 08:50:24.280,1.30007,1.30029,1.50,2.25
2012.05.22 08:50:24.777,1.30005,1.30025,1.50,2.25
2012.05.22 08:50:26.362,1.30004,1.30025,1.50,2.25
2012.05.22 08:50:26.548,1.30001,1.30025,2.25,2.25
2012.05.22 08:50:26.937,1.30002,1.30022,1.50,2.25
2012.05.22 08:50:27.376,1.30001,1.30025,2.25,2.60
2012.05.22 08:50:27.642,1.30003,1.30024,1.50,2.25
2012.05.22 08:50:28.419,1.30004,1.30025,3.00,1.10
2012.05.22 08:50:28.491,1.30005,1.30025,1.50,1.10
2012.05.22 08:50:29.127,1.30005,1.30028,1.50,2.97
2012.05.22 08:50:29.271,1.30004,1.30028,3.00,2.63
2012.05.22 08:50:29.403,1.30006,1.30028,1.50,2.63
2012.05.22 08:50:29.901,1.30008,1.30028,1.50,2.25
2012.05.22 08:50:29.969,1.30008,1.30028,1.50,2.25
2012.05.22 08:50:30.280,1.30005,1.30028,1.50,2.63
2012.05.22 08:50:30.537,1.30006,1.30028,2.25,1.13
2012.05.22 08:50:30.980,1.30008,1.30022,1.50,1.50
2012.05.22 08:50:31.238,1.30005,1.30022,1.50,1.50
2012.05.22 08:50:31.909,1.30005,1.30026,1.50,2.25
2012.05.22 08:50:32.097,1.30005,1.30023,1.50,1.50
2012.05.22 08:50:32.328,1.30005,1.30023,1.50,1.50
2012.05.22 08:50:32.400,1.30005,1.30023,1.50,1.50
2012.05.22 08:50:32.760,1.30006,1.3002,1.50,1.50
2012.05.22 08:50:33.132,1.30002,1.30022,1.50,2.25
2012.05.22 08:50:33.200,1.30003,1.30024,1.50,2.25
2012.05.22 08:50:33.759,1.30002,1.30026,3.75,2.25
2012.05.22 08:50:34.018,1.30004,1.30029,2.25,2.97
2012.05.22 08:50:34.163,1.30002,1.30022,3.75,1.50
2012.05.22 08:50:34.523,1.30001,1.3002,2.25,1.50
2012.05.22 08:50:34.747,1.29997,1.30019,1.50,2.63
2012.05.22 08:50:34.962,1.3,1.3002,1.50,1.50
2012.05.22 08:50:35.098,1.3,1.30018,1.50,1.50
2012.05.22 08:50:35.312,1.30002,1.3002,2.25,1.50
2012.05.22 08:50:35.871,1.30002,1.30019,2.25,1.50
2012.05.22 08:50:36.379,1.30002,1.3002,2.25,1.50
2012.05.22 08:50:37.601,1.30002,1.30021,2.25,1.50
2012.05.22 08:50:37.952,1.30001,1.30017,1.50,1.50
2012.05.22 08:50:38.470,1.3,1.30021,1.50,2.60
2012.05.22 08:50:38.539,1.3,1.30021,1.50,2.25
2012.05.22 08:50:38.734,1.29998,1.30019,1.50,2.25
2012.05.22 08:50:38.814,1.29996,1.30019,2.25,2.60
2012.05.22 08:50:39.022,1.29996,1.30015,1.50,1.50
2012.05.22 08:50:39.360,1.29998,1.30015,1.50,1.50
2012.05.22 08:50:39.432,1.29998,1.3002,1.50,2.25
2012.05.22 08:50:39.572,1.29999,1.30019,1.50,1.50
2012.05.22 08:50:39.641,1.29999,1.30022,2.25,2.78
2012.05.22 08:50:39.970,1.29999,1.30022,1.50,2.25
2012.05.22 08:50:40.301,1.29995,1.30016,1.50,2.25
2012.05.22 08:50:40.699,1.29992,1.30015,2.25,2.25
2012.05.22 08:50:41.678,1.2999,1.30012,2.25,2.25
2012.05.22 08:50:41.749,1.2999,1.30008,2.25,1.50
2012.05.22 08:50:42.078,1.2999,1.30008,2.25,2.25
2012.05.22 08:50:42.149,1.2999,1.30008,2.25,2.25
2012.05.22 08:50:42.428,1.2999,1.30012,2.25,2.25
2012.05.22 08:50:42.902,1.29986,1.30005,1.50,2.25
2012.05.22 08:50:43.116,1.29988,1.30007,1.50,2.25
2012.05.22 08:50:43.192,1.29986,1.30007,1.50,2.25
2012.05.22 08:50:43.258,1.29985,1.30007,1.50,2.25
2012.05.22 08:50:43.331,1.29986,1.30007,2.25,2.25
2012.05.22 08:50:43.470,1.29988,1.3001,1.50,2.25
2012.05.22 08:50:43.840,1.2999,1.3001,2.25,2.25
2012.05.22 08:50:44.159,1.29987,1.30005,1.50,1.50
2012.05.22 08:50:44.232,1.29986,1.30005,1.50,2.25
2012.05.22 08:50:44.372,1.29985,1.30005,1.50,2.25
2012.05.22 08:50:44.443,1.29985,1.30005,1.50,2.25
2012.05.22 08:50:44.890,1.29985,1.30005,1.50,2.25
2012.05.22 08:50:45.101,1.29983,1.30003,3.00,1.50
2012.05.22 08:50:45.456,1.29989,1.30007,3.00,1.50
2012.05.22 08:50:45.532,1.29991,1.30012,2.25,1.10
2012.05.22 08:50:45.869,1.29988,1.3001,3.00,2.25
2012.05.22 08:50:46.402,1.29991,1.30011,1.50,2.25
2012.05.22 08:50:47.272,1.29991,1.30012,1.50,2.60
2012.05.22 08:50:47.342,1.2999,1.30012,1.50,1.85
2012.05.22 08:50:47.589,1.2999,1.3001,1.50,1.50
2012.05.22 08:50:47.858,1.29991,1.30012,1.50,1.50
2012.05.22 08:50:48.360,1.29991,1.30011,1.50,1.50
2012.05.22 08:50:48.712,1.29991,1.30011,1.50,1.50
2012.05.22 08:50:49.029,1.29991,1.30008,1.50,1.50
2012.05.22 08:50:49.219,1.29991,1.3001,1.50,1.50
2012.05.22 08:50:49.719,1.29991,1.30011,1.50,1.50
2012.05.22 08:50:50.191,1.2999,1.30011,2.25,2.25
2012.05.22 08:50:50.329,1.29991,1.30011,1.50,2.25
2012.05.22 08:50:50.400,1.29991,1.30009,1.50,1.50
2012.05.22 08:50:50.722,1.29991,1.30005,1.50,1.50
2012.05.22 08:50:50.790,1.29991,1.3001,1.50,2.25
2012.05.22 08:50:50.863,1.2999,1.30004,1.50,1.50
2012.05.22 08:50:50.943,1.29984,1.30004,1.50,1.50
2012.05.22 08:50:51.270,1.29986,1.30008,2.25,2.25
2012.05.22 08:50:51.401,1.29986,1.30009,2.25,2.25
2012.05.22 08:50:51.930,1.29987,1.30009,1.50,2.25
2012.05.22 08:50:52.310,1.29987,1.30006,1.50,1.50
2012.05.22 08:50:52.509,1.29986,1.30009,1.50,2.25
2012.05.22 08:50:52.880,1.29986,1.30005,2.25,1.50
2012.05.22 08:50:53.208,1.29985,1.30005,2.25,2.25
2012.05.22 08:50:53.349,1.29985,1.30005,2.25,2.25
2012.05.22 08:50:54.099,1.29986,1.30009,2.25,2.25
2012.05.22 08:50:54.648,1.29988,1.3001,2.25,1.50
2012.05.22 08:50:56.748,1.29989,1.30012,1.50,2.25
2012.05.22 08:50:56.990,1.29988,1.30012,3.00,2.25
2012.05.22 08:50:57.668,1.2999,1.30011,1.50,2.25
2012.05.22 08:50:58.219,1.29987,1.3001,3.00,2.25
2012.05.22 08:50:58.861,1.29985,1.30009,2.25,2.25
2012.05.22 08:50:59.331,1.29987,1.30008,1.50,3.00
2012.05.22 08:50:59.698,1.29987,1.30007,1.50,2.25
2012.05.22 08:50:59.889,1.29987,1.30008,1.50,1.50
2012.05.22 08:51:00.189,1.29987,1.30008,1.50,1.50
2012.05.22 08:51:01.218,1.29988,1.30008,2.25,1.50
2012.05.22 08:51:01.767,1.29986,1.30008,1.50,1.50
2012.05.22 08:51:02.019,1.29986,1.30008,2.25,1.50
2012.05.22 08:51:02.410,1.29993,1.3001,1.50,1.13
2012.05.22 08:51:02.960,1.2999,1.30012,2.25,1.10
2012.05.22 08:51:03.477,1.29989,1.30011,1.50,2.25
2012.05.22 08:51:03.762,1.29987,1.30011,1.50,2.25
2012.05.22 08:51:04.304,1.29987,1.3001,3.00,2.25
2012.05.22 08:51:05.511,1.29992,1.30012,1.50,2.25
2012.05.22 08:51:05.978,1.2999,1.30013,2.25,1.10
2012.05.22 08:51:06.238,1.2999,1.30012,2.25,1.10
2012.05.22 08:51:06.690,1.29988,1.30012,2.25,1.10
2012.05.22 08:51:06.936,1.29988,1.30013,2.25,2.60
2012.05.22 08:51:07.281,1.29987,1.30009,3.75,2.25
2012.05.22 08:51:08.310,1.29989,1.3001,1.50,2.25
2012.05.22 08:51:08.820,1.29988,1.30012,2.25,2.25
2012.05.22 08:51:09.339,1.29985,1.30011,2.25,2.25
2012.05.22 08:51:09.864,1.29986,1.30011,1.50,2.25
2012.05.22 08:51:09.938,1.29985,1.30011,3.00,2.25
2012.05.22 08:51:10.081,1.29985,1.30011,3.00,2.25
2012.05.22 08:51:10.289,1.29987,1.30012,2.25,2.25
2012.05.22 08:51:10.802,1.29989,1.30013,2.25,2.60
2012.05.22 08:51:10.873,1.29986,1.30007,2.25,2.25
2012.05.22 08:51:11.152,1.29983,1.30008,1.50,2.25
2012.05.22 08:51:11.288,1.29983,1.30002,1.50,1.50
2012.05.22 08:51:11.428,1.29982,1.30002,1.50,1.50
2012.05.22 08:51:11.700,1.29983,1.29999,1.50,1.50
2012.05.22 08:51:11.891,1.29981,1.30001,2.25,2.25
2012.05.22 08:51:11.965,1.29981,1.30006,1.50,2.63
2012.05.22 08:51:12.161,1.29984,1.30006,1.50,1.13
2012.05.22 08:51:12.859,1.29982,1.30005,2.25,2.25
2012.05.22 08:51:13.368,1.29983,1.30005,2.25,1.13
2012.05.22 08:51:14.861,1.2998,1.30005,3.00,1.13
2012.05.22 08:51:15.180,1.29985,1.30006,1.50,2.63
2012.05.22 08:51:15.391,1.29987,1.30004,1.50,1.50
2012.05.22 08:51:15.529,1.29986,1.30007,2.25,1.10
2012.05.22 08:51:15.658,1.29983,1.30007,1.50,2.60
2012.05.22 08:51:15.980,1.29982,1.30007,1.50,2.60
2012.05.22 08:51:16.981,1.29983,1.30007,1.50,2.63
2012.05.22 08:51:17.432,1.29984,1.30009,1.50,1.50
2012.05.22 08:51:17.500,1.29984,1.30007,1.50,1.50
2012.05.22 08:51:17.847,1.29986,1.30009,1.50,1.50
2012.05.22 08:51:19.084,1.29987,1.30009,1.50,1.50
2012.05.22 08:51:20.270,1.29985,1.30007,1.50,1.50
2012.05.22 08:51:20.788,1.29983,1.30007,2.85,1.50
2012.05.22 08:51:21.180,1.29985,1.30005,1.50,1.50
2012.05.22 08:51:21.918,1.29985,1.30004,1.50,1.50
2012.05.22 08:51:21.987,1.29985,1.30007,1.50,1.50
2012.05.22 08:51:22.598,1.29986,1.30008,1.50,1.10
2012.05.22 08:51:22.668,1.29983,1.30005,2.10,1.50
2012.05.22 08:51:25.347,1.29985,1.30005,1.50,1.50
2012.05.22 08:51:25.798,1.29986,1.30008,1.50,1.70
2012.05.22 08:51:26.007,1.29986,1.30004,1.50,1.50
2012.05.22 08:51:26.077,1.29986,1.30008,1.50,3.20
2012.05.22 08:51:26.591,1.29986,1.30008,1.50,1.50
2012.05.22 08:51:26.778,1.29987,1.3001,2.25,1.50
2012.05.22 08:51:27.257,1.29991,1.30011,1.50,2.10
2012.05.22 08:51:27.386,1.29988,1.30011,3.00,2.10
2012.05.22 08:51:29.251,1.29984,1.30009,3.00,3.00
2012.05.22 08:51:29.588,1.29984,1.30005,1.50,2.25
2012.05.22 08:51:30.007,1.29982,1.30005,2.25,2.25
2012.05.22 08:51:30.531,1.29983,1.30006,2.25,2.25
2012.05.22 08:51:31.246,1.29987,1.30009,1.50,1.10
2012.05.22 08:51:31.772,1.29984,1.30009,3.00,2.60
2012.05.22 08:51:32.451,1.29984,1.30009,4.50,2.60
2012.05.22 08:51:32.518,1.29984,1.30009,4.50,1.85
2012.05.22 08:51:32.911,1.29993,1.30006,1.50,1.50
2012.05.22 08:51:32.984,1.29985,1.30004,1.50,1.50
2012.05.22 08:51:33.063,1.29985,1.30004,1.50,1.50
2012.05.22 08:51:33.138,1.29985,1.30009,1.50,1.85
2012.05.22 08:51:33.399,1.29989,1.30011,1.50,1.70
2012.05.22 08:51:33.588,1.29985,1.3001,3.00,2.45
2012.05.22 08:51:34.151,1.29996,1.3001,1.50,2.45
2012.05.22 08:51:34.282,1.29989,1.30011,1.50,1.70
2012.05.22 08:51:34.862,1.29989,1.30011,2.25,1.70
2012.05.22 08:51:35.051,1.29989,1.30012,2.25,2.25
2012.05.22 08:51:35.190,1.29989,1.30012,3.00,2.25
2012.05.22 08:51:35.329,1.29991,1.30014,1.50,1.85
2012.05.22 08:51:35.869,1.29991,1.30012,1.50,1.50
2012.05.22 08:51:36.430,1.29991,1.30011,1.50,1.50
2012.05.22 08:51:36.556,1.29991,1.30015,1.50,1.85
2012.05.22 08:51:36.911,1.29991,1.30011,1.50,1.50
2012.05.22 08:51:37.671,1.29991,1.30014,1.50,1.85
2012.05.22 08:51:37.951,1.29988,1.30008,1.35,1.50
2012.05.22 08:51:38.090,1.29985,1.30008,3.75,1.50
2012.05.22 08:51:38.160,1.29985,1.30003,2.25,1.50
2012.05.22 08:51:38.437,1.2998,1.3,1.50,1.50
2012.05.22 08:51:39.063,1.29982,1.30005,1.50,1.50
2012.05.22 08:51:39.651,1.29985,1.30007,1.50,1.35
2012.05.22 08:51:39.982,1.29985,1.30008,2.25,2.45
2012.05.22 08:51:40.559,1.29983,1.30005,2.25,1.50
2012.05.22 08:51:41.623,1.29987,1.30009,1.50,2.10
2012.05.22 08:51:41.701,1.29988,1.30009,2.25,2.10
2012.05.22 08:51:42.433,1.29992,1.30012,1.50,2.85
2012.05.22 08:51:42.511,1.29989,1.30011,3.00,2.10
2012.05.22 08:51:42.650,1.29987,1.30006,1.50,1.50
2012.05.22 08:51:42.719,1.29987,1.30006,1.50,1.50
2012.05.22 08:51:42.791,1.29983,1.29999,2.25,1.50
2012.05.22 08:51:43.113,1.29982,1.29995,1.20,1.50
2012.05.22 08:51:43.189,1.29982,1.29995,1.20,1.50
2012.05.22 08:51:43.521,1.2998,1.29993,2.85,1.50
2012.05.22 08:51:43.939,1.2998,1.29997,1.65,1.50
2012.05.22 08:51:44.460,1.2998,1.29997,1.50,1.50
2012.05.22 08:51:44.882,1.29977,1.3,1.50,2.25
2012.05.22 08:51:45.283,1.29975,1.3,3.75,2.25
2012.05.22 08:51:45.363,1.29975,1.29997,3.00,1.50
2012.05.22 08:51:45.749,1.29975,1.29993,1.50,1.50
2012.05.22 08:51:45.878,1.29975,1.29997,1.50,2.25
2012.05.22 08:51:46.198,1.29976,1.29999,2.25,2.25
2012.05.22 08:51:46.331,1.29975,1.29996,2.25,1.50
2012.05.22 08:51:47.169,1.29975,1.29996,3.00,1.50
2012.05.22 08:51:48.472,1.29975,1.29992,1.50,1.50
2012.05.22 08:51:48.742,1.29975,1.29995,1.50,1.50
2012.05.22 08:51:48.808,1.29975,1.29996,1.50,1.50
2012.05.22 08:51:48.997,1.29976,1.29996,1.50,1.50
2012.05.22 08:51:49.128,1.29975,1.3,3.75,2.25
2012.05.22 08:51:49.400,1.29977,1.3,1.50,1.50
2012.05.22 08:51:49.858,1.29978,1.29998,1.50,1.50
2012.05.22 08:51:50.249,1.29979,1.30001,1.50,3.75
2012.05.22 08:51:52.601,1.29979,1.3,1.50,1.50
2012.05.22 08:51:52.671,1.29978,1.29998,1.50,1.50
2012.05.22 08:51:52.811,1.29975,1.29998,3.00,2.25
2012.05.22 08:51:53.331,1.29975,1.29998,2.25,2.25
2012.05.22 08:51:53.848,1.29975,1.29998,2.25,2.25
2012.05.22 08:51:54.107,1.29975,1.29998,1.50,2.25
2012.05.22 08:51:54.875,1.29973,1.29996,1.50,2.25
2012.05.22 08:51:57.038,1.29975,1.29996,1.50,1.50
2012.05.22 08:51:57.180,1.29975,1.29999,1.50,1.50
2012.05.22 08:51:58.029,1.29974,1.29999,3.75,2.85
2012.05.22 08:51:58.159,1.29974,1.29996,1.50,1.50
2012.05.22 08:51:58.410,1.29975,1.29998,2.25,1.50
2012.05.22 08:52:03.736,1.29975,1.29998,3.00,1.50
2012.05.22 08:52:03.809,1.29976,1.29998,1.50,1.50
2012.05.22 08:52:04.350,1.29976,1.29999,3.00,1.50
2012.05.22 08:52:04.718,1.29976,1.29996,1.50,1.50
2012.05.22 08:52:06.117,1.29977,1.3,3.00,1.85
2012.05.22 08:52:06.547,1.29977,1.29995,1.50,1.50
2012.05.22 08:52:06.680,1.29977,1.29998,3.00,1.50
2012.05.22 08:52:07.193,1.29977,1.3,3.00,2.60
2012.05.22 08:52:07.733,1.29974,1.29997,1.50,1.50
2012.05.22 08:52:07.869,1.29977,1.30001,1.50,2.60
2012.05.22 08:52:08.148,1.29975,1.29994,1.50,1.50
2012.05.22 08:52:09.078,1.29976,1.29994,1.50,1.50
2012.05.22 08:52:09.149,1.29976,1.29997,1.50,1.50
2012.05.22 08:52:09.668,1.29975,1.3,2.25,2.25
2012.05.22 08:52:09.919,1.29973,1.29996,3.00,2.25
2012.05.22 08:52:10.471,1.29973,1.2999,1.50,1.35
2012.05.22 08:52:10.682,1.29971,1.2999,1.50,2.10
2012.05.22 08:52:10.753,1.29975,1.29993,1.50,1.50
2012.05.22 08:52:10.902,1.29975,1.29998,2.25,1.50
2012.05.22 08:52:10.971,1.29975,1.29998,3.00,1.85
2012.05.22 08:52:11.369,1.29975,1.29999,1.50,2.25
2012.05.22 08:52:11.870,1.29977,1.29999,1.50,1.50
2012.05.22 08:52:12.253,1.29978,1.30001,1.50,3.35
2012.05.22 08:52:13.598,1.29976,1.29999,1.50,2.25
2012.05.22 08:52:14.151,1.29976,1.29999,1.50,2.25
2012.05.22 08:52:14.289,1.29976,1.29996,1.50,1.50
2012.05.22 08:52:14.441,1.29976,1.29999,1.50,2.25
2012.05.22 08:52:14.690,1.29976,1.29999,1.50,2.25
2012.05.22 08:52:14.999,1.29978,1.3,1.50,1.10
2012.05.22 08:52:15.070,1.29975,1.29998,3.00,2.25
2012.05.22 08:52:15.329,1.29978,1.30001,1.50,3.95
2012.05.22 08:52:16.377,1.29978,1.30001,1.50,3.35
2012.05.22 08:52:16.801,1.29976,1.29997,3.00,1.50
2012.05.22 08:52:17.149,1.29975,1.29995,1.50,3.00
2012.05.22 08:52:17.359,1.29977,1.29997,1.50,2.25
2012.05.22 08:52:17.798,1.29975,1.29998,1.50,2.25
2012.05.22 08:52:17.931,1.29975,1.29995,1.50,1.50
2012.05.22 08:52:18.292,1.29977,1.29995,1.50,1.50
2012.05.22 08:52:18.360,1.29975,1.29997,3.00,2.25
2012.05.22 08:52:19.690,1.29978,1.29999,1.50,1.35
2012.05.22 08:52:19.817,1.29975,1.29999,3.00,1.35
2012.05.22 08:52:20.250,1.29979,1.29999,1.50,1.35
2012.05.22 08:52:20.380,1.29975,1.29999,1.50,1.35
2012.05.22 08:52:24.149,1.29975,1.29999,2.25,1.35
2012.05.22 08:52:24.707,1.29974,1.29996,1.50,1.50
2012.05.22 08:52:26.248,1.29974,1.29996,1.50,2.25
2012.05.22 08:52:29.932,1.29973,1.2999,1.50,2.10
2012.05.22 08:52:30.142,1.2997,1.29991,2.25,1.35
2012.05.22 08:52:33.076,1.29969,1.2999,1.50,2.25
2012.05.22 08:52:33.871,1.29969,1.2999,1.50,2.25
2012.05.22 08:52:34.482,1.29969,1.2999,1.50,2.25
2012.05.22 08:52:34.880,1.29969,1.29988,1.50,2.25
2012.05.22 08:52:35.251,1.29969,1.29991,2.25,2.25
2012.05.22 08:52:35.626,1.29969,1.29991,1.50,2.25
2012.05.22 08:52:36.106,1.29967,1.29989,1.50,1.50
2012.05.22 08:52:36.531,1.29967,1.29987,1.50,1.50
2012.05.22 08:52:37.267,1.29967,1.29989,1.50,1.50
2012.05.22 08:52:39.376,1.29967,1.29987,1.50,1.50
2012.05.22 08:52:39.981,1.29969,1.29994,3.00,2.25
2012.05.22 08:52:40.048,1.29969,1.29994,3.00,2.25
2012.05.22 08:52:40.262,1.29974,1.29995,1.50,1.50
2012.05.22 08:52:40.402,1.29978,1.29996,1.50,2.25
2012.05.22 08:52:40.924,1.29978,1.29995,1.50,1.50
2012.05.22 08:52:41.003,1.29972,1.29993,1.50,1.50
2012.05.22 08:52:41.091,1.29972,1.29993,1.50,1.50
2012.05.22 08:52:44.389,1.29972,1.29993,3.00,1.50
2012.05.22 08:52:44.588,1.29974,1.29995,1.50,1.10
2012.05.22 08:52:45.498,1.29975,1.29996,1.50,1.85
2012.05.22 08:52:46.328,1.29976,1.29997,1.50,1.47
2012.05.22 08:52:47.160,1.29976,1.29999,1.50,2.25
2012.05.22 08:52:47.565,1.29976,1.29999,2.25,1.50
2012.05.22 08:52:48.328,1.29975,1.29996,1.50,1.50
2012.05.22 08:52:48.980,1.2998,1.30002,1.50,2.60
2012.05.22 08:52:49.119,1.29983,1.30003,1.50,1.70
2012.05.22 08:52:49.516,1.29981,1.30003,2.25,1.70
2012.05.22 08:52:49.890,1.29981,1.30003,2.25,1.35
2012.05.22 08:52:50.439,1.29979,1.30003,1.50,3.00
2012.05.22 08:52:50.508,1.29978,1.30003,1.50,2.85
2012.05.22 08:52:51.350,1.29978,1.29996,1.50,1.50
2012.05.22 08:52:51.563,1.29969,1.29986,1.88,1.50
2012.05.22 08:52:51.700,1.29966,1.29989,2.25,2.25
2012.05.22 08:52:52.337,1.29964,1.29986,1.50,1.50
2012.05.22 08:52:53.029,1.29965,1.29987,2.25,1.50
2012.05.22 08:52:53.099,1.29965,1.29987,3.00,1.50
2012.05.22 08:52:53.300,1.29965,1.29987,2.25,1.50
2012.05.22 08:52:53.660,1.29965,1.29987,3.00,1.50
2012.05.22 08:52:54.278,1.29965,1.29985,1.50,1.50
2012.05.22 08:52:55.857,1.29966,1.29988,1.50,1.50
2012.05.22 08:52:56.481,1.29966,1.29989,1.50,1.50
2012.05.22 08:52:59.196,1.29966,1.29989,1.50,2.25
2012.05.22 08:52:59.697,1.29966,1.29986,1.50,1.50
2012.05.22 08:53:00.528,1.29969,1.29987,1.50,2.25
2012.05.22 08:53:02.399,1.29968,1.29989,1.50,2.25
2012.05.22 08:53:02.919,1.29966,1.29989,1.50,2.25
2012.05.22 08:53:05.957,1.29966,1.29992,3.00,2.60
2012.05.22 08:53:06.480,1.29966,1.29992,3.00,2.60
2012.05.22 08:53:10.867,1.29968,1.29993,1.50,2.25
2012.05.22 08:53:12.668,1.29966,1.2999,3.00,2.25
2012.05.22 08:53:13.567,1.29966,1.29987,1.50,2.25
2012.05.22 08:53:13.869,1.29966,1.29992,1.50,2.25
2012.05.22 08:53:14.764,1.29966,1.29989,1.50,2.25
2012.05.22 08:53:17.996,1.29964,1.29989,3.00,2.25
2012.05.22 08:53:19.821,1.29965,1.29987,1.50,2.25
2012.05.22 08:53:20.382,1.29965,1.2999,1.50,2.25
2012.05.22 08:53:21.908,1.29964,1.2999,3.75,2.25
2012.05.22 08:53:25.198,1.29965,1.2999,1.50,2.25
2012.05.22 08:53:25.637,1.29965,1.2999,3.00,2.25
2012.05.22 08:53:25.777,1.29965,1.2999,2.25,3.00
2012.05.22 08:53:28.776,1.29965,1.2999,2.25,3.00
2012.05.22 08:53:29.288,1.29965,1.2999,1.50,3.00
2012.05.22 08:53:29.661,1.29962,1.29986,3.00,2.25
2012.05.22 08:53:30.201,1.29962,1.29986,3.00,2.25
2012.05.22 08:53:30.859,1.29962,1.29986,3.00,2.85
2012.05.22 08:53:32.083,1.29962,1.29985,1.50,3.00
2012.05.22 08:53:32.150,1.29962,1.29985,1.50,3.00
2012.05.22 08:53:33.471,1.29962,1.29984,1.50,1.50
2012.05.22 08:53:33.600,1.29964,1.29986,2.25,1.35
2012.05.22 08:53:36.806,1.29963,1.29986,1.50,2.85
2012.05.22 08:53:38.968,1.29967,1.29988,1.50,1.10
2012.05.22 08:53:39.279,1.29964,1.29987,2.25,3.00
2012.05.22 08:53:39.830,1.29962,1.29983,1.50,1.50
2012.05.22 08:53:40.078,1.29962,1.29987,3.00,3.00
2012.05.22 08:53:40.280,1.29962,1.29984,1.50,1.50
2012.05.22 08:53:40.612,1.29963,1.29984,1.50,1.50
2012.05.22 08:53:40.683,1.29965,1.29988,2.25,1.85
2012.05.22 08:53:40.820,1.29962,1.29985,1.50,1.50
2012.05.22 08:53:40.948,1.29965,1.29987,2.25,3.60
2012.05.22 08:53:41.260,1.29962,1.29983,1.50,1.50
2012.05.22 08:53:41.688,1.29962,1.29985,3.00,1.50
2012.05.22 08:53:42.270,1.29962,1.29982,1.50,1.50
2012.05.22 08:53:42.811,1.29962,1.29986,1.50,2.25
2012.05.22 08:53:43.702,1.29962,1.29985,3.00,1.50
2012.05.22 08:53:44.501,1.29964,1.29986,2.25,3.00
2012.05.22 08:53:44.689,1.29961,1.29981,1.50,1.50
2012.05.22 08:53:44.759,1.2996,1.29979,2.25,1.50
2012.05.22 08:53:45.029,1.29961,1.29983,1.50,1.50
2012.05.22 08:53:45.350,1.2996,1.29983,2.25,1.50
2012.05.22 08:53:45.770,1.2996,1.29983,2.10,2.25
2012.05.22 08:53:46.045,1.29968,1.29988,1.50,2.25
2012.05.22 08:53:46.189,1.29964,1.29987,1.50,2.25
2012.05.22 08:53:46.472,1.29964,1.29983,1.50,1.50
2012.05.22 08:53:46.881,1.29968,1.29989,1.50,1.10
2012.05.22 08:53:47.024,1.29967,1.29989,1.50,1.10
2012.05.22 08:53:47.879,1.29966,1.29987,1.50,1.50
2012.05.22 08:53:48.247,1.29967,1.2999,2.25,1.85
2012.05.22 08:53:48.448,1.29966,1.29988,1.50,1.50
2012.05.22 08:53:48.519,1.29967,1.29991,2.25,1.47
2012.05.22 08:53:49.222,1.29966,1.29988,1.50,1.50
2012.05.22 08:53:50.030,1.29966,1.29991,3.00,2.97
2012.05.22 08:53:50.590,1.29966,1.29988,1.50,1.50
2012.05.22 08:53:52.268,1.29967,1.29988,1.50,1.50
2012.05.22 08:53:52.518,1.29967,1.2999,3.00,2.22
2012.05.22 08:53:53.126,1.29968,1.2999,1.50,1.85
2012.05.22 08:53:53.849,1.29969,1.29992,2.25,2.25
2012.05.22 08:53:54.039,1.29967,1.29989,3.00,1.50
2012.05.22 08:53:54.581,1.29967,1.29989,1.50,1.50
2012.05.22 08:53:54.720,1.29964,1.29989,2.25,2.25
2012.05.22 08:53:54.795,1.29967,1.29987,1.50,2.25
2012.05.22 08:53:55.557,1.29969,1.29989,1.50,1.10
2012.05.22 08:53:55.758,1.29969,1.29991,1.50,1.10
2012.05.22 08:53:56.167,1.29969,1.29992,1.50,1.10
2012.05.22 08:53:57.830,1.29967,1.29987,2.25,2.25
2012.05.22 08:53:58.302,1.29966,1.29988,2.25,2.25
2012.05.22 08:53:58.637,1.29969,1.29991,1.50,1.10
2012.05.22 08:53:58.958,1.29965,1.29987,2.25,2.25
2012.05.22 08:53:59.521,1.29963,1.29983,1.50,1.50
2012.05.22 08:53:59.900,1.29963,1.29986,2.25,2.25
2012.05.22 08:54:00.580,1.29959,1.29983,1.50,2.25
2012.05.22 08:54:02.111,1.29963,1.29986,2.25,3.95
2012.05.22 08:54:02.448,1.29958,1.29983,3.00,2.25
2012.05.22 08:54:03.790,1.2996,1.2998,1.50,1.50
2012.05.22 08:54:04.110,1.2996,1.2998,1.50,1.50
2012.05.22 08:54:04.237,1.2996,1.29983,3.00,2.25
2012.05.22 08:54:04.902,1.2996,1.2998,1.50,1.50
2012.05.22 08:54:04.966,1.2996,1.2998,1.50,1.50
2012.05.22 08:54:05.271,1.2996,1.29982,1.50,2.25
2012.05.22 08:54:05.338,1.2996,1.29982,1.50,2.25
2012.05.22 08:54:05.527,1.2996,1.29982,1.50,2.25
2012.05.22 08:54:05.688,1.2996,1.29985,3.00,2.25
2012.05.22 08:54:06.042,1.2996,1.29981,1.50,1.50
2012.05.22 08:54:06.590,1.2996,1.29982,3.00,2.25
2012.05.22 08:54:06.851,1.2996,1.29983,3.00,2.25
2012.05.22 08:54:07.851,1.29962,1.29983,1.50,1.50
2012.05.22 08:54:08.389,1.29967,1.29991,2.25,2.25
2012.05.22 08:54:09.010,1.29965,1.2999,2.25,2.25
2012.05.22 08:54:09.321,1.29965,1.2999,2.25,2.25
2012.05.22 08:54:09.451,1.29965,1.2999,3.00,2.25
2012.05.22 08:54:09.522,1.2997,1.29993,1.50,2.60
2012.05.22 08:54:09.651,1.2997,1.29993,1.50,2.60
2012.05.22 08:54:09.779,1.2997,1.29993,2.25,2.60
2012.05.22 08:54:10.711,1.2997,1.29993,3.00,2.25
2012.05.22 08:54:10.778,1.2997,1.29993,3.00,2.25
2012.05.22 08:54:11.070,1.2997,1.2999,1.50,1.50
2012.05.22 08:54:11.752,1.2997,1.29992,1.50,2.25
2012.05.22 08:54:12.069,1.2997,1.29994,1.50,2.25
2012.05.22 08:54:12.469,1.2997,1.29985,1.50,1.50
2012.05.22 08:54:12.541,1.2997,1.29987,1.50,1.50
2012.05.22 08:54:12.609,1.2997,1.29993,1.50,2.25
2012.05.22 08:54:12.852,1.29971,1.29993,1.50,1.50
2012.05.22 08:54:13.059,1.29972,1.29995,3.75,2.25
2012.05.22 08:54:13.809,1.29975,1.29997,1.50,2.25
2012.05.22 08:54:17.088,1.29974,1.29992,1.65,1.50
2012.05.22 08:54:17.218,1.29974,1.29998,3.15,3.00
2012.05.22 08:54:17.749,1.29975,1.29998,1.73,3.00
2012.05.22 08:54:18.859,1.29975,1.29998,1.73,3.00
2012.05.22 08:54:18.928,1.29975,1.29995,1.73,1.50
2012.05.22 08:54:19.120,1.29974,1.29998,3.45,3.00
2012.05.22 08:54:19.188,1.29974,1.29998,2.70,3.00
2012.05.22 08:54:19.580,1.29974,1.29996,3.00,2.25
2012.05.22 08:54:19.768,1.29975,1.29998,2.48,1.50
2012.05.22 08:54:20.297,1.29974,1.29997,2.78,1.50
2012.05.22 08:54:20.825,1.29976,1.29998,2.25,2.25
2012.05.22 08:54:20.901,1.29974,1.29995,1.58,2.25
2012.05.22 08:54:21.591,1.29976,1.29997,2.25,1.50
2012.05.22 08:54:21.868,1.29974,1.29995,1.65,2.25
2012.05.22 08:54:22.399,1.29974,1.29997,3.15,1.50
2012.05.22 08:54:22.530,1.29975,1.29997,1.73,1.50
2012.05.22 08:54:23.346,1.29975,1.29995,1.73,1.50
2012.05.22 08:54:23.872,1.29974,1.29995,3.00,1.50
2012.05.22 08:54:24.209,1.29975,1.29995,1.73,1.50
2012.05.22 08:54:24.350,1.29977,1.29997,2.25,1.50
2012.05.22 08:54:24.729,1.29977,1.3,2.25,2.25
2012.05.22 08:54:26.213,1.29974,1.29997,4.28,2.25
2012.05.22 08:54:26.287,1.29978,1.30001,2.25,1.10
2012.05.22 08:54:26.621,1.29983,1.30001,1.50,1.10
2012.05.22 08:54:27.917,1.29981,1.30004,1.50,2.25
2012.05.22 08:54:28.180,1.29981,1.30004,2.25,2.25
2012.05.22 08:54:28.507,1.29983,1.30007,1.50,1.10
2012.05.22 08:54:28.863,1.29988,1.30006,1.50,1.10
2012.05.22 08:54:29.064,1.29983,1.30006,2.25,1.10
2012.05.22 08:54:29.283,1.29987,1.30009,1.50,1.50
2012.05.22 08:54:29.494,1.29988,1.30011,1.50,1.10
2012.05.22 08:54:29.574,1.29991,1.30011,1.50,1.10
2012.05.22 08:54:29.721,1.29985,1.3001,3.00,2.25
2012.05.22 08:54:30.289,1.29985,1.30008,2.25,2.25
2012.05.22 08:54:30.768,1.29989,1.30009,1.50,1.50
2012.05.22 08:54:31.160,1.29986,1.30009,3.00,3.00
2012.05.22 08:54:31.564,1.29984,1.30007,1.50,2.25
2012.05.22 08:54:31.641,1.29984,1.30007,1.50,2.25
2012.05.22 08:54:31.959,1.29986,1.30008,1.50,1.50
2012.05.22 08:54:32.100,1.29981,1.30001,2.25,1.50
2012.05.22 08:54:32.171,1.29983,1.30004,1.50,2.25
2012.05.22 08:54:32.310,1.2998,1.30005,1.50,3.00
2012.05.22 08:54:32.513,1.29982,1.30005,1.50,3.00
2012.05.22 08:54:32.842,1.29982,1.3,1.50,1.50
2012.05.22 08:54:32.913,1.29977,1.29999,1.50,1.10
2012.05.22 08:54:32.984,1.2998,1.29999,1.50,1.10
2012.05.22 08:54:33.122,1.2998,1.29999,1.50,1.10
2012.05.22 08:54:33.250,1.29977,1.29999,2.25,1.10
2012.05.22 08:54:33.524,1.2998,1.29999,1.50,1.10
2012.05.22 08:54:33.803,1.29973,1.29998,3.00,3.00
2012.05.22 08:54:33.939,1.29973,1.29998,2.25,3.00
2012.05.22 08:54:34.273,1.2997,1.29993,2.25,2.25
2012.05.22 08:54:34.421,1.29975,1.29998,1.50,1.50
2012.05.22 08:54:34.749,1.29975,1.29998,1.50,1.50
2012.05.22 08:54:35.563,1.29976,1.29999,2.25,1.10
2012.05.22 08:54:35.770,1.29975,1.29996,1.50,1.50
2012.05.22 08:54:36.101,1.29979,1.29999,1.50,1.10
2012.05.22 08:54:36.303,1.2998,1.3,1.50,1.10
2012.05.22 08:54:37.779,1.29978,1.30002,3.00,2.25
2012.05.22 08:54:37.920,1.29978,1.30002,1.50,2.25
2012.05.22 08:54:38.049,1.29978,1.30002,1.50,2.25
2012.05.22 08:54:38.300,1.2998,1.30003,1.50,1.10
2012.05.22 08:54:38.677,1.29978,1.30001,2.25,2.25
2012.05.22 08:54:39.288,1.29978,1.30001,3.00,2.25
2012.05.22 08:54:39.861,1.2998,1.29998,1.50,1.50
2012.05.22 08:54:40.217,1.2998,1.30001,1.50,2.25
2012.05.22 08:54:40.481,1.29977,1.29995,1.50,1.50
2012.05.22 08:54:40.621,1.29973,1.29995,1.50,1.50
2012.05.22 08:54:40.693,1.29973,1.29991,1.50,1.50
2012.05.22 08:54:41.106,1.29973,1.29993,1.50,1.50
2012.05.22 08:54:41.620,1.29971,1.29991,1.50,1.50
2012.05.22 08:54:41.692,1.29971,1.29993,1.50,1.50
2012.05.22 08:54:41.818,1.29971,1.29991,1.50,1.50
2012.05.22 08:54:41.887,1.29971,1.29993,1.50,1.50
2012.05.22 08:54:41.960,1.29971,1.2999,1.50,1.50
2012.05.22 08:54:42.470,1.29971,1.2999,1.50,1.50
2012.05.22 08:54:42.909,1.29971,1.29996,3.00,2.25
2012.05.22 08:54:43.749,1.29971,1.29993,1.50,2.25
2012.05.22 08:54:43.820,1.29971,1.29993,1.50,1.50
2012.05.22 08:54:44.165,1.29976,1.29998,2.25,1.50
2012.05.22 08:54:44.242,1.29976,1.3,2.25,1.85
2012.05.22 08:54:44.620,1.29975,1.29993,1.50,1.50
2012.05.22 08:54:44.822,1.29973,1.29994,2.25,1.50
2012.05.22 08:54:44.950,1.29971,1.29994,1.50,2.25
2012.05.22 08:54:45.081,1.29973,1.29996,1.50,2.85
2012.05.22 08:54:45.678,1.29969,1.29992,2.25,1.50
2012.05.22 08:54:45.750,1.29973,1.29997,2.25,1.35
2012.05.22 08:54:46.092,1.29975,1.29997,1.50,1.35
2012.05.22 08:54:46.158,1.2997,1.29991,1.50,1.50
2012.05.22 08:54:46.360,1.29971,1.29994,1.50,2.25
2012.05.22 08:54:46.800,1.2997,1.2999,1.50,1.50
2012.05.22 08:54:47.131,1.29974,1.29997,1.50,2.60
2012.05.22 08:54:47.202,1.29972,1.29995,1.50,2.25
2012.05.22 08:54:47.458,1.29972,1.29995,1.50,2.25
2012.05.22 08:54:47.962,1.29974,1.29997,2.25,3.75
2012.05.22 08:54:48.469,1.29972,1.29994,1.50,1.50
2012.05.22 08:54:48.899,1.29971,1.29991,2.25,1.50
2012.05.22 08:54:49.579,1.29971,1.29994,3.75,1.50
2012.05.22 08:54:49.733,1.29971,1.29991,2.25,1.50
2012.05.22 08:54:50.399,1.29972,1.29995,1.50,2.25
2012.05.22 08:54:50.609,1.29972,1.29991,1.50,1.50
2012.05.22 08:54:51.547,1.29971,1.29991,1.50,1.50
2012.05.22 08:54:52.117,1.29972,1.29994,3.00,2.25
2012.05.22 08:54:54.097,1.29971,1.29991,1.50,1.50
2012.05.22 08:54:54.740,1.29971,1.29991,1.50,1.50
2012.05.22 08:54:55.267,1.29968,1.29991,2.25,2.25
2012.05.22 08:54:57.998,1.2997,1.29995,2.25,2.60
2012.05.22 08:54:58.188,1.29971,1.29995,1.50,2.60
2012.05.22 08:54:58.257,1.29973,1.29995,1.50,1.10
2012.05.22 08:54:58.389,1.2997,1.29995,2.25,2.60
2012.05.22 08:54:58.800,1.29972,1.29996,1.50,1.10
2012.05.22 08:54:59.754,1.29971,1.29995,1.50,1.10
2012.05.22 08:55:00.769,1.29971,1.29996,2.25,2.60
2012.05.22 08:55:01.719,1.29973,1.29996,1.50,2.60
2012.05.22 08:55:01.788,1.29973,1.29996,1.50,2.60
2012.05.22 08:55:01.999,1.29976,1.29999,1.50,2.25
2012.05.22 08:55:02.070,1.29976,1.3,1.50,1.35
2012.05.22 08:55:02.748,1.29976,1.30001,2.25,2.60
2012.05.22 08:55:03.256,1.29979,1.30001,1.50,1.10
2012.05.22 08:55:03.885,1.29978,1.29999,1.50,1.50
2012.05.22 08:55:04.020,1.29971,1.29995,1.73,2.25
2012.05.22 08:55:04.091,1.29971,1.29995,1.73,2.25
2012.05.22 08:55:04.161,1.29975,1.29997,1.50,2.25
2012.05.22 08:55:04.440,1.29971,1.29996,3.00,2.25
2012.05.22 08:55:04.806,1.29975,1.29998,1.50,2.25
2012.05.22 08:55:05.020,1.29971,1.29996,3.00,2.25
2012.05.22 08:55:05.321,1.29974,1.29998,1.50,2.25
2012.05.22 08:55:05.881,1.29971,1.29994,1.50,2.25
2012.05.22 08:55:06.303,1.29975,1.29999,2.25,1.50
2012.05.22 08:55:06.432,1.29978,1.3,1.50,2.25
2012.05.22 08:55:08.489,1.29981,1.30004,1.50,3.75
2012.05.22 08:55:08.951,1.29981,1.30004,1.50,2.25
2012.05.22 08:55:09.091,1.29983,1.30005,1.50,1.10
2012.05.22 08:55:09.510,1.29979,1.30004,3.00,2.60
2012.05.22 08:55:09.580,1.29983,1.30004,1.50,1.10
2012.05.22 08:55:09.829,1.2998,1.30004,2.25,1.10
2012.05.22 08:55:10.337,1.2998,1.30004,3.00,1.10
2012.05.22 08:55:11.068,1.2998,1.30005,2.25,2.60
2012.05.22 08:55:11.939,1.2998,1.30004,3.00,1.10
2012.05.22 08:55:12.439,1.29984,1.30004,1.50,1.10
2012.05.22 08:55:12.626,1.29982,1.30004,2.25,2.60
2012.05.22 08:55:13.588,1.2998,1.30002,1.50,2.25
2012.05.22 08:55:13.780,1.29982,1.30006,1.50,2.25
2012.05.22 08:55:13.850,1.29982,1.30006,1.50,1.50
2012.05.22 08:55:13.979,1.29987,1.3001,1.50,2.60
2012.05.22 08:55:14.187,1.29984,1.30008,2.25,2.25
2012.05.22 08:55:14.700,1.29982,1.30007,3.00,1.50
2012.05.22 08:55:14.774,1.29985,1.30009,3.00,2.25
2012.05.22 08:55:15.590,1.29986,1.30009,2.25,2.25
2012.05.22 08:55:16.008,1.29983,1.30006,3.00,1.50
2012.05.22 08:55:16.892,1.29983,1.30003,1.50,1.50
2012.05.22 08:55:17.256,1.29983,1.30006,1.50,1.50
2012.05.22 08:55:17.778,1.29985,1.30008,2.25,3.00
2012.05.22 08:55:18.951,1.29985,1.30008,3.00,3.00
2012.05.22 08:55:19.580,1.29985,1.30008,2.25,3.00
2012.05.22 08:55:20.340,1.29984,1.30005,1.50,2.25
2012.05.22 08:55:21.098,1.29982,1.30005,3.00,1.50
2012.05.22 08:55:21.229,1.29984,1.30008,3.00,1.50
2012.05.22 08:55:23.677,1.29988,1.30009,1.95,2.10
2012.05.22 08:55:23.928,1.29993,1.30014,1.50,1.50
2012.05.22 08:55:23.999,1.29995,1.30016,1.50,1.10
2012.05.22 08:55:24.338,1.29993,1.30015,1.50,2.25
2012.05.22 08:55:25.041,1.29993,1.30015,1.50,3.75
2012.05.22 08:55:25.171,1.2999,1.30013,1.50,2.85
2012.05.22 08:55:25.941,1.2999,1.30012,2.25,2.25
2012.05.22 08:55:26.402,1.29987,1.30008,2.25,2.25
2012.05.22 08:55:26.739,1.29987,1.30006,1.50,1.50
2012.05.22 08:55:27.084,1.29985,1.3,1.50,1.50
2012.05.22 08:55:27.231,1.29985,1.30005,1.50,1.50
2012.05.22 08:55:27.358,1.29983,1.30005,1.50,1.50
2012.05.22 08:55:27.490,1.29982,1.30005,2.25,2.25
2012.05.22 08:55:27.628,1.2998,1.30003,3.00,2.25
2012.05.22 08:55:28.240,1.29981,1.30004,1.50,2.25
2012.05.22 08:55:28.630,1.29978,1.30001,3.00,2.25
2012.05.22 08:55:29.083,1.29982,1.29998,1.50,1.50
2012.05.22 08:55:29.166,1.29983,1.30008,2.25,2.25
2012.05.22 08:55:29.668,1.29983,1.30008,2.25,2.25
2012.05.22 08:55:29.740,1.29983,1.30008,2.25,2.25
2012.05.22 08:55:29.987,1.29984,1.30009,2.25,2.25
2012.05.22 08:55:30.508,1.29984,1.30009,2.25,2.25
2012.05.22 08:55:31.081,1.29984,1.30009,2.25,2.25
2012.05.22 08:55:31.408,1.29984,1.30009,2.25,2.25
2012.05.22 08:55:31.479,1.29984,1.30009,2.25,2.25
2012.05.22 08:55:31.947,1.29989,1.30012,1.50,3.75
2012.05.22 08:55:32.019,1.29986,1.30009,1.50,2.25
2012.05.22 08:55:32.329,1.29986,1.30009,2.25,2.25
2012.05.22 08:55:32.899,1.29986,1.30009,1.50,2.25
2012.05.22 08:55:34.089,1.29982,1.30004,1.50,2.25
2012.05.22 08:55:34.296,1.29983,1.30002,1.50,1.50
2012.05.22 08:55:34.722,1.29983,1.30005,1.50,2.25
2012.05.22 08:55:36.248,1.29982,1.30005,1.50,2.25
2012.05.22 08:55:37.252,1.29984,1.30007,2.25,2.25
2012.05.22 08:55:38.193,1.29987,1.3001,1.50,2.25
2012.05.22 08:55:38.709,1.29987,1.3001,1.50,2.25
2012.05.22 08:55:39.581,1.29989,1.30014,1.50,3.35
2012.05.22 08:55:39.647,1.29987,1.30009,2.25,2.25
2012.05.22 08:55:40.221,1.29988,1.30013,1.50,2.25
2012.05.22 08:55:41.589,1.29985,1.3001,3.00,2.25
2012.05.22 08:55:42.797,1.29984,1.30008,3.00,2.25
2012.05.22 08:55:43.231,1.29984,1.30006,1.50,2.25
2012.05.22 08:55:43.787,1.29986,1.30009,2.25,2.25
2012.05.22 08:55:44.436,1.29986,1.30009,2.25,2.25
2012.05.22 08:55:45.881,1.29985,1.30005,1.50,2.25
2012.05.22 08:55:51.868,1.29991,1.30013,1.50,1.10
2012.05.22 08:55:51.936,1.29987,1.30012,2.25,2.25
2012.05.22 08:55:53.227,1.29987,1.30012,2.25,2.25
2012.05.22 08:55:53.732,1.29985,1.30007,1.50,2.25
2012.05.22 08:55:54.540,1.29989,1.30013,1.50,1.10
2012.05.22 08:55:55.187,1.29986,1.30011,2.25,2.25
2012.05.22 08:55:55.653,1.29988,1.30011,1.50,2.25
2012.05.22 08:55:55.799,1.29993,1.30016,2.25,2.25
2012.05.22 08:55:55.931,1.29996,1.30019,1.50,2.60
2012.05.22 08:55:56.187,1.29993,1.30016,3.00,2.25
2012.05.22 08:55:56.489,1.29994,1.30016,1.50,2.25
2012.05.22 08:55:57.820,1.29989,1.30008,1.50,2.25
2012.05.22 08:55:57.891,1.29988,1.30008,2.25,2.25
2012.05.22 08:55:58.999,1.29988,1.30008,1.50,2.25
2012.05.22 08:55:59.310,1.29988,1.3001,1.35,2.25
2012.05.22 08:56:03.087,1.29987,1.30008,1.35,2.25
2012.05.22 08:56:03.397,1.29986,1.30004,1.50,2.25
2012.05.22 08:56:03.979,1.29986,1.30008,1.50,2.25
2012.05.22 08:56:05.349,1.29988,1.3001,1.50,1.50
2012.05.22 08:56:06.387,1.29986,1.30007,1.50,2.25
2012.05.22 08:56:07.057,1.29987,1.3001,2.25,2.25
2012.05.22 08:56:09.448,1.29985,1.30007,4.73,2.25
2012.05.22 08:56:10.412,1.29986,1.30003,1.50,2.25
2012.05.22 08:56:10.799,1.29985,1.30008,3.60,2.25
2012.05.22 08:56:10.938,1.29985,1.30008,2.85,2.25
2012.05.22 08:56:13.571,1.29981,1.30003,2.66,1.50
2012.05.22 08:56:13.785,1.29981,1.29997,1.16,2.25
2012.05.22 08:56:13.929,1.29976,1.29998,2.66,1.50
2012.05.22 08:56:14.371,1.29972,1.29994,3.00,1.10
2012.05.22 08:56:14.440,1.29972,1.29994,3.00,1.10
2012.05.22 08:56:15.329,1.29973,1.29995,1.50,1.10
2012.05.22 08:56:16.487,1.29973,1.29995,1.50,1.10
2012.05.22 08:56:16.679,1.29973,1.29994,1.50,1.10
2012.05.22 08:56:19.550,1.29971,1.29993,1.50,2.25
2012.05.22 08:56:20.011,1.29971,1.29991,1.50,1.50
2012.05.22 08:56:21.328,1.29971,1.29994,1.50,2.85
2012.05.22 08:56:23.069,1.29971,1.2999,1.50,1.50
2012.05.22 08:56:23.400,1.29966,1.29988,1.50,2.85
2012.05.22 08:56:23.589,1.29964,1.29987,1.73,1.35
2012.05.22 08:56:23.863,1.29964,1.29985,2.25,1.10
2012.05.22 08:56:24.421,1.29964,1.29985,1.50,1.10
2012.05.22 08:56:26.237,1.29964,1.29985,1.50,1.10
2012.05.22 08:56:27.893,1.29965,1.29985,2.25,1.85
2012.05.22 08:56:29.028,1.29964,1.29985,1.50,1.85
2012.05.22 08:56:29.549,1.29964,1.29985,1.50,1.50
2012.05.22 08:56:31.374,1.29965,1.29989,1.35,3.35
2012.05.22 08:56:31.700,1.29968,1.29989,2.25,1.10
2012.05.22 08:56:31.947,1.29968,1.29991,3.00,3.38
2012.05.22 08:56:32.477,1.29968,1.29991,2.25,2.63
2012.05.22 08:56:32.730,1.29966,1.29988,1.50,1.50
2012.05.22 08:56:33.043,1.29967,1.29992,2.25,1.50
2012.05.22 08:56:33.180,1.29971,1.29993,2.25,1.10
2012.05.22 08:56:33.692,1.29973,1.29996,2.25,1.85
2012.05.22 08:56:34.179,1.29973,1.29996,2.25,1.85
2012.05.22 08:56:34.259,1.29972,1.29995,1.50,1.50
2012.05.22 08:56:35.011,1.29976,1.29999,2.25,2.60
2012.05.22 08:56:35.080,1.29972,1.29995,1.50,1.50
2012.05.22 08:56:37.337,1.29972,1.29995,1.50,1.50
2012.05.22 08:56:37.598,1.29975,1.29997,1.80,1.50
2012.05.22 08:56:39.747,1.29975,1.29997,2.33,2.25
2012.05.22 08:56:42.508,1.29974,1.29994,1.50,1.50
2012.05.22 08:56:42.876,1.29976,1.29999,1.50,2.25
2012.05.22 08:56:47.774,1.29976,1.29999,2.48,2.25
2012.05.22 08:56:47.850,1.29977,1.29999,1.35,1.50
2012.05.22 08:56:47.921,1.29978,1.29999,1.50,1.50
2012.05.22 08:56:48.051,1.29981,1.30001,1.50,1.10
2012.05.22 08:56:48.369,1.29977,1.3,2.25,2.25
2012.05.22 08:56:48.692,1.29976,1.29998,1.50,2.25
2012.05.22 08:56:48.960,1.29982,1.3,1.50,1.10
2012.05.22 08:56:49.313,1.29985,1.30003,1.50,1.10
2012.05.22 08:56:49.381,1.29985,1.30006,1.50,1.10
2012.05.22 08:56:49.451,1.29985,1.30006,1.50,2.45
2012.05.22 08:56:49.666,1.29979,1.30001,1.50,1.50
2012.05.22 08:56:49.742,1.29977,1.30001,3.00,1.50
2012.05.22 08:56:49.872,1.29976,1.29993,1.50,1.50
2012.05.22 08:56:50.261,1.29976,1.29999,1.50,2.25
2012.05.22 08:56:50.663,1.29975,1.29999,1.50,2.25
2012.05.22 08:56:50.995,1.29976,1.29999,1.50,2.25
2012.05.22 08:56:51.357,1.29975,1.29999,1.50,2.25
2012.05.22 08:56:52.339,1.29975,1.29999,1.50,2.25
2012.05.22 08:56:54.036,1.29975,1.29998,1.50,2.25
2012.05.22 08:56:55.113,1.29975,1.29998,1.50,2.25
2012.05.22 08:56:55.467,1.29977,1.3,1.50,3.00
2012.05.22 08:56:56.250,1.29977,1.3,2.25,3.35
2012.05.22 08:56:56.785,1.2998,1.29999,1.50,1.10
2012.05.22 08:56:56.991,1.29976,1.29999,2.25,1.10
2012.05.22 08:56:57.389,1.29975,1.29996,1.50,1.50
2012.05.22 08:56:57.791,1.2997,1.29993,3.00,2.25
2012.05.22 08:56:57.863,1.29973,1.29993,1.50,1.50
2012.05.22 08:56:58.319,1.29978,1.29997,1.50,1.28
2012.05.22 08:56:58.830,1.29978,1.29997,1.50,1.10
2012.05.22 08:56:58.901,1.29973,1.29995,2.25,1.85
2012.05.22 08:56:59.443,1.29981,1.29999,1.50,1.10
2012.05.22 08:56:59.525,1.2998,1.3,1.50,2.25
2012.05.22 08:56:59.600,1.29982,1.30004,1.50,1.10
2012.05.22 08:57:01.461,1.29982,1.30004,1.50,1.10
2012.05.22 08:57:01.659,1.2998,1.30004,3.00,1.10
2012.05.22 08:57:02.113,1.29979,1.30003,2.25,1.10
2012.05.22 08:57:02.250,1.29982,1.30003,1.50,1.10
2012.05.22 08:57:02.951,1.29981,1.30002,2.25,2.25
2012.05.22 08:57:03.141,1.29982,1.30001,1.50,1.50
2012.05.22 08:57:03.351,1.29982,1.30004,2.25,2.60
2012.05.22 08:57:07.650,1.29981,1.30004,1.50,2.60
2012.05.22 08:57:08.342,1.29979,1.30001,1.50,2.25
2012.05.22 08:57:08.953,1.2998,1.30004,1.50,1.10
2012.05.22 08:57:09.217,1.2998,1.30004,1.50,1.10
2012.05.22 08:57:09.877,1.29979,1.3,3.00,1.50
2012.05.22 08:57:10.089,1.29981,1.30003,1.50,2.25
2012.05.22 08:57:11.070,1.29983,1.30006,1.50,2.25
2012.05.22 08:57:12.002,1.29981,1.30003,1.50,2.25
2012.05.22 08:57:12.537,1.2998,1.30004,1.50,2.25
2012.05.22 08:57:12.607,1.2998,1.30004,2.25,2.25
2012.05.22 08:57:13.139,1.29984,1.30006,1.50,2.25
2012.05.22 08:57:13.648,1.29982,1.30007,2.25,2.25
2012.05.22 08:57:17.107,1.29984,1.30008,1.50,1.10
2012.05.22 08:57:17.723,1.29983,1.30006,2.25,2.25
2012.05.22 08:57:18.307,1.29984,1.30007,1.50,1.10
2012.05.22 08:57:19.203,1.29983,1.30006,3.00,2.25
2012.05.22 08:57:19.844,1.29984,1.3001,1.50,2.60
2012.05.22 08:57:20.509,1.29988,1.30011,1.50,1.10
2012.05.22 08:57:20.580,1.29988,1.30011,1.50,1.10
2012.05.22 08:57:20.711,1.29992,1.30011,1.50,1.10
2012.05.22 08:57:20.782,1.29989,1.30011,1.50,1.10
2012.05.22 08:57:20.852,1.29985,1.30011,1.88,1.10
2012.05.22 08:57:20.981,1.29983,1.30004,2.63,1.50
2012.05.22 08:57:21.119,1.2998,1.30004,2.25,2.25
2012.05.22 08:57:21.769,1.29982,1.30007,1.50,2.25
2012.05.22 08:57:21.840,1.29982,1.30007,1.50,2.25
2012.05.22 08:57:21.981,1.29979,1.30005,2.25,2.25
2012.05.22 08:57:22.380,1.29977,1.3,1.50,1.50
2012.05.22 08:57:22.448,1.29977,1.3,1.50,1.50
2012.05.22 08:57:22.519,1.29978,1.30002,2.25,1.85
2012.05.22 08:57:22.783,1.29977,1.29999,1.50,1.50
2012.05.22 08:57:23.132,1.29974,1.29996,2.25,2.25
2012.05.22 08:57:23.599,1.29974,1.29996,1.50,3.00
2012.05.22 08:57:23.801,1.29974,1.3,3.00,2.25
2012.05.22 08:57:24.003,1.29977,1.30002,1.50,3.35
2012.05.22 08:57:24.071,1.29974,1.29998,3.00,1.50
2012.05.22 08:57:24.273,1.29977,1.30001,1.50,2.25
2012.05.22 08:57:24.458,1.29974,1.29999,3.00,3.00
2012.05.22 08:57:25.718,1.29974,1.29999,3.00,1.50
2012.05.22 08:57:25.932,1.29976,1.30002,2.25,2.25
2012.05.22 08:57:26.269,1.29979,1.30002,2.25,1.10
2012.05.22 08:57:26.817,1.29981,1.30005,1.50,2.25
2012.05.22 08:57:27.067,1.2998,1.30005,1.50,2.25
2012.05.22 08:57:27.396,1.29979,1.30005,3.75,2.25
2012.05.22 08:57:28.011,1.2998,1.30005,2.25,2.25
2012.05.22 08:57:28.587,1.2998,1.30005,2.25,2.25
2012.05.22 08:57:31.318,1.29986,1.3001,2.25,2.60
2012.05.22 08:57:31.391,1.29986,1.3001,2.25,2.25
2012.05.22 08:57:32.068,1.29986,1.30009,1.50,1.50
2012.05.22 08:57:32.161,1.29985,1.30009,1.50,2.25
2012.05.22 08:57:32.530,1.29982,1.30009,3.00,2.25
2012.05.22 08:57:32.929,1.29985,1.30009,2.25,1.50
2012.05.22 08:57:34.153,1.29982,1.30003,2.25,1.50
2012.05.22 08:57:34.418,1.29982,1.30003,2.25,1.50
2012.05.22 08:57:34.692,1.29985,1.30006,2.25,1.50
2012.05.22 08:57:34.974,1.29983,1.30004,1.50,1.50
2012.05.22 08:57:35.051,1.29983,1.30004,1.50,1.50
2012.05.22 08:57:35.320,1.29982,1.30001,1.50,1.50
2012.05.22 08:57:35.389,1.2998,1.30001,1.50,1.50
2012.05.22 08:57:35.519,1.29978,1.30001,1.50,1.50
2012.05.22 08:57:36.040,1.29979,1.30004,2.25,2.25
2012.05.22 08:57:36.171,1.29984,1.30005,1.50,2.25
2012.05.22 08:57:36.543,1.29982,1.30005,1.50,2.60
2012.05.22 08:57:37.261,1.29977,1.3,1.50,2.25
2012.05.22 08:57:38.058,1.29979,1.30002,1.50,2.25
2012.05.22 08:57:38.452,1.29982,1.30003,1.50,1.50
2012.05.22 08:57:44.137,1.29979,1.30001,1.50,2.25
2012.05.22 08:57:44.760,1.29978,1.30001,1.50,2.25
2012.05.22 08:57:46.100,1.29979,1.30001,1.50,3.20
2012.05.22 08:57:46.630,1.2998,1.30001,1.50,1.70
2012.05.22 08:57:50.038,1.2998,1.30001,1.50,1.10
2012.05.22 08:57:50.568,1.29981,1.30002,1.50,1.70
2012.05.22 08:57:53.038,1.29984,1.30003,1.50,1.70
2012.05.22 08:57:53.604,1.29984,1.30003,1.50,1.70
2012.05.22 08:57:54.118,1.29984,1.30003,1.50,2.45
2012.05.22 08:57:55.453,1.29984,1.30003,1.50,2.45
2012.05.22 08:57:57.988,1.29981,1.30001,1.50,1.10
2012.05.22 08:57:58.549,1.29979,1.30001,1.50,1.10
2012.05.22 08:58:01.240,1.2998,1.30001,1.50,1.10
2012.05.22 08:58:01.790,1.29979,1.30002,2.25,2.25
2012.05.22 08:58:02.052,1.29976,1.3,1.50,2.25
2012.05.22 08:58:02.262,1.29981,1.30005,1.50,1.85
2012.05.22 08:58:02.469,1.29981,1.30005,1.50,1.10
2012.05.22 08:58:02.540,1.29985,1.30005,1.50,1.10
2012.05.22 08:58:02.877,1.29981,1.30005,1.50,1.10
2012.05.22 08:58:03.818,1.29979,1.30002,1.50,2.25
2012.05.22 08:58:03.891,1.29975,1.3,4.35,2.25
2012.05.22 08:58:04.188,1.29975,1.3,3.00,2.25
2012.05.22 08:58:04.551,1.29974,1.29998,3.00,2.25
2012.05.22 08:58:04.682,1.29974,1.29998,2.25,2.25
2012.05.22 08:58:04.961,1.29976,1.29999,3.00,1.10
2012.05.22 08:58:05.419,1.29978,1.29999,2.25,1.10
2012.05.22 08:58:05.758,1.29981,1.30004,1.50,2.25
2012.05.22 08:58:06.062,1.29984,1.30004,1.50,1.10
2012.05.22 08:58:07.384,1.29984,1.30005,1.50,1.10
2012.05.22 08:58:07.430,1.29986,1.30005,1.50,1.10
2012.05.22 08:58:07.501,1.2998,1.30005,3.00,2.60
2012.05.22 08:58:07.780,1.29987,1.30008,1.50,2.25
2012.05.22 08:58:07.919,1.29984,1.30007,1.50,2.25
2012.05.22 08:58:08.283,1.29986,1.30007,1.50,1.50
2012.05.22 08:58:08.482,1.29983,1.30005,1.50,2.25
2012.05.22 08:58:08.669,1.29982,1.30005,1.50,2.25
2012.05.22 08:58:09.179,1.29978,1.30003,2.25,2.25
2012.05.22 08:58:10.390,1.29982,1.30004,1.50,1.10
2012.05.22 08:58:11.947,1.29982,1.30005,1.50,2.60
2012.05.22 08:58:12.320,1.29982,1.30004,1.50,2.25
2012.05.22 08:58:12.921,1.29979,1.30002,2.25,2.25
2012.05.22 08:58:13.371,1.29985,1.30007,1.50,1.85
2012.05.22 08:58:13.569,1.29981,1.30006,2.25,2.60
2012.05.22 08:58:13.836,1.29981,1.30005,2.25,1.50
2012.05.22 08:58:14.620,1.29981,1.30005,2.25,1.50
2012.05.22 08:58:16.303,1.29981,1.30002,1.50,1.50
2012.05.22 08:58:16.541,1.29976,1.3,1.50,2.25
2012.05.22 08:58:18.637,1.29975,1.3,2.25,2.25
2012.05.22 08:58:19.273,1.29975,1.3,1.50,2.25
2012.05.22 08:58:20.052,1.29979,1.30002,2.25,2.60
2012.05.22 08:58:20.131,1.2998,1.30002,1.35,2.60
2012.05.22 08:58:20.203,1.29979,1.30002,2.25,2.60
2012.05.22 08:58:20.459,1.29983,1.30001,1.50,1.10
2012.05.22 08:58:20.609,1.29979,1.30001,2.25,1.10
2012.05.22 08:58:20.683,1.29982,1.30005,1.50,1.50
2012.05.22 08:58:21.036,1.29986,1.30006,1.50,1.70
2012.05.22 08:58:23.485,1.29984,1.30006,3.00,1.35
2012.05.22 08:58:23.737,1.29984,1.30004,1.50,2.25
2012.05.22 08:58:24.680,1.29984,1.30001,1.50,1.50
2012.05.22 08:58:25.012,1.29974,1.29995,2.51,2.25
2012.05.22 08:58:25.152,1.29974,1.29999,4.01,2.25
2012.05.22 08:58:25.219,1.29974,1.29999,2.85,2.25
2012.05.22 08:58:26.449,1.29977,1.30001,1.50,1.10
2012.05.22 08:58:29.630,1.29975,1.29997,1.50,2.25
2012.05.22 08:58:29.701,1.29975,1.29997,1.50,2.25
2012.05.22 08:58:29.899,1.29968,1.29993,2.25,2.25
2012.05.22 08:58:29.968,1.29968,1.29993,2.25,2.25
2012.05.22 08:58:30.621,1.29968,1.29993,1.50,2.25
2012.05.22 08:58:31.461,1.29967,1.29988,1.50,2.25
2012.05.22 08:58:32.346,1.29966,1.29988,1.50,2.25
2012.05.22 08:58:33.279,1.29964,1.29987,1.50,2.25
2012.05.22 08:58:33.410,1.29962,1.29985,3.00,2.25
2012.05.22 08:58:33.549,1.29962,1.29987,2.25,2.60
2012.05.22 08:58:42.138,1.29962,1.29987,2.10,2.60
2012.05.22 08:58:42.210,1.29963,1.29987,1.50,2.25
2012.05.22 08:58:42.531,1.29967,1.29989,2.25,2.25
2012.05.22 08:58:43.579,1.29965,1.29988,2.25,2.25
2012.05.22 08:58:44.092,1.29966,1.29987,2.25,2.25
2012.05.22 08:58:46.031,1.29968,1.2999,1.50,2.25
2012.05.22 08:58:49.497,1.29965,1.29988,3.00,2.25
2012.05.22 08:58:50.208,1.29966,1.29988,1.50,2.25
2012.05.22 08:58:52.194,1.29966,1.29988,1.50,2.25
2012.05.22 08:58:52.522,1.29965,1.29986,2.25,2.25
2012.05.22 08:58:52.789,1.29963,1.29985,1.50,2.25
2012.05.22 08:58:52.981,1.29962,1.29985,2.25,2.25
2012.05.22 08:58:53.360,1.29963,1.29986,1.50,2.85
2012.05.22 08:58:53.741,1.29966,1.29986,1.50,1.35
2012.05.22 08:58:53.867,1.29961,1.29985,1.50,2.25
2012.05.22 08:58:54.090,1.29964,1.29986,1.50,1.35
2012.05.22 08:58:55.319,1.29961,1.29983,1.50,2.25
2012.05.22 08:58:55.779,1.29963,1.29986,1.50,2.85
2012.05.22 08:58:56.349,1.29963,1.29986,1.50,2.85
2012.05.22 08:58:56.679,1.29967,1.29986,1.50,1.35
2012.05.22 08:58:56.807,1.29964,1.29986,2.25,1.35
2012.05.22 08:58:57.404,1.29963,1.29984,1.50,1.50
2012.05.22 08:58:57.611,1.29964,1.29986,2.25,1.50
2012.05.22 08:58:58.119,1.29964,1.29987,2.25,2.25
2012.05.22 08:58:58.189,1.29964,1.29984,2.25,1.35
2012.05.22 08:58:58.510,1.2996,1.2998,1.80,2.25
2012.05.22 08:58:58.640,1.2996,1.2998,2.85,2.25
2012.05.22 08:58:58.780,1.29961,1.29984,1.50,1.47
2012.05.22 08:58:58.851,1.29961,1.29984,2.25,1.47
2012.05.22 08:58:59.461,1.29961,1.29984,2.25,1.10
2012.05.22 08:58:59.978,1.29961,1.29984,2.25,1.10
2012.05.22 08:59:00.699,1.29961,1.29984,2.25,1.10
2012.05.22 08:59:05.488,1.29958,1.29981,3.75,1.50
2012.05.22 08:59:05.955,1.2996,1.29983,2.25,1.10
2012.05.22 08:59:06.700,1.2996,1.29985,2.25,2.25
2012.05.22 08:59:06.771,1.2996,1.29985,2.25,2.25
2012.05.22 08:59:09.099,1.2996,1.29983,2.25,2.25
2012.05.22 08:59:09.447,1.2996,1.29983,2.25,2.25
2012.05.22 08:59:09.788,1.2996,1.29983,3.00,2.25
2012.05.22 08:59:15.672,1.2996,1.29983,1.50,1.35
2012.05.22 08:59:15.742,1.2996,1.29983,1.50,1.35
2012.05.22 08:59:16.268,1.29958,1.29981,1.50,2.25
2012.05.22 08:59:16.768,1.29963,1.29982,1.50,1.50
2012.05.22 08:59:17.719,1.2996,1.29982,3.75,1.50
2012.05.22 08:59:17.790,1.2996,1.29982,2.25,1.50
2012.05.22 08:59:20.150,1.2996,1.29983,1.50,2.25
2012.05.22 08:59:20.607,1.29958,1.29981,2.25,2.25
2012.05.22 08:59:22.108,1.29958,1.29981,1.50,2.25
2012.05.22 08:59:22.447,1.29956,1.29981,2.25,2.25
2012.05.22 08:59:23.478,1.29956,1.29981,2.25,2.25
2012.05.22 08:59:24.601,1.29961,1.29982,1.50,2.25
2012.05.22 08:59:25.357,1.29959,1.29982,3.00,3.75
2012.05.22 08:59:25.910,1.29955,1.29978,2.25,1.50
2012.05.22 08:59:26.169,1.29955,1.29978,2.25,2.25
2012.05.22 08:59:26.401,1.29955,1.29978,2.25,2.25
2012.05.22 08:59:29.954,1.29959,1.29979,1.50,1.50
2012.05.22 08:59:30.230,1.29956,1.29977,3.00,1.50
2012.05.22 08:59:31.710,1.29952,1.29974,1.50,2.25
2012.05.22 08:59:32.242,1.29952,1.29974,1.50,2.25
2012.05.22 08:59:33.048,1.29952,1.29974,1.50,2.25
2012.05.22 08:59:34.321,1.29952,1.29974,1.50,2.25
2012.05.22 08:59:34.519,1.29956,1.29978,1.50,1.50
2012.05.22 08:59:34.886,1.29956,1.29979,1.50,2.25
2012.05.22 08:59:35.957,1.29952,1.29977,2.25,2.25
2012.05.22 08:59:36.490,1.29958,1.29977,1.50,1.50
2012.05.22 08:59:36.693,1.29958,1.29977,1.50,1.10
2012.05.22 08:59:37.021,1.29955,1.29978,1.50,2.60
2012.05.22 08:59:37.910,1.29958,1.29978,1.50,1.10
2012.05.22 08:59:38.230,1.29954,1.29977,1.50,1.10
2012.05.22 08:59:38.732,1.29952,1.29975,2.25,2.25
2012.05.22 08:59:38.991,1.29958,1.29981,1.50,2.25
2012.05.22 08:59:40.218,1.29954,1.29977,1.50,2.25
2012.05.22 08:59:40.290,1.29957,1.29982,1.50,3.00
2012.05.22 08:59:40.848,1.29956,1.29979,1.50,2.25
2012.05.22 08:59:42.301,1.29956,1.29979,2.25,1.50
2012.05.22 08:59:42.488,1.29958,1.29982,1.50,1.85
2012.05.22 08:59:45.341,1.29958,1.29983,1.50,4.10
2012.05.22 08:59:45.409,1.29956,1.29979,1.50,2.25
2012.05.22 08:59:47.131,1.29952,1.29977,3.75,1.50
2012.05.22 08:59:49.328,1.29956,1.29978,1.50,1.50
2012.05.22 08:59:49.397,1.29956,1.2998,1.50,2.25
2012.05.22 08:59:49.829,1.29956,1.29975,1.50,1.50
2012.05.22 08:59:49.900,1.29956,1.2998,1.50,2.25
2012.05.22 08:59:50.550,1.29955,1.2998,2.25,2.25
2012.05.22 08:59:50.878,1.29956,1.29981,2.25,2.25
2012.05.22 08:59:51.020,1.29953,1.29978,1.88,2.25
2012.05.22 08:59:53.507,1.29954,1.29976,1.88,2.25
2012.05.22 08:59:56.448,1.29954,1.29974,2.63,1.50
2012.05.22 08:59:57.000,1.29952,1.29972,1.13,1.50
2012.05.22 08:59:57.076,1.29954,1.29978,1.88,3.00
2012.05.22 08:59:57.330,1.29954,1.29976,1.88,2.25
2012.05.22 08:59:57.520,1.29952,1.29974,1.13,1.50
2012.05.22 08:59:58.050,1.29952,1.29974,1.88,1.50
2012.05.22 08:59:58.381,1.29952,1.29971,1.13,1.50
2012.05.22 08:59:58.651,1.29951,1.29974,2.63,1.50
2012.05.22 08:59:59.191,1.29951,1.29974,2.63,1.50
