2017.01.11 03:00:00.435,1.39721,1.3974,1.00,1.00
2017.01.11 03:00:00.637,1.39721,1.39742,1.50,1.00
2017.01.11 03:00:00.738,1.3972,1.39739,1.00,1.00
2017.01.11 03:00:00.890,1.39714,1.39736,1.87,1.75
2017.01.11 03:00:00.989,1.39716,1.39737,1.00,1.75
2017.01.11 03:00:01.653,1.39719,1.39737,1.00,1.75
2017.01.11 03:00:02.050,1.39724,1.39746,1.50,3.37
2017.01.11 03:00:02.103,1.39725,1.39743,1.00,1.75
2017.01.11 03:00:02.154,1.39722,1.39744,3.00,2.25
2017.01.11 03:00:02.306,1.39722,1.39744,2.25,1.50
2017.01.11 03:00:02.357,1.39725,1.39745,1.00,3.00
2017.01.11 03:00:02.595,1.39726,1.39748,1.00,1.00
2017.01.11 03:00:02.647,1.39728,1.39745,1.00,1.00
2017.01.11 03:00:02.850,1.39724,1.39743,1.00,1.00
2017.01.11 03:00:03.377,1.39723,1.39744,1.00,1.50
2017.01.11 03:00:04.017,1.39723,1.39743,2.25,1.00
2017.01.11 03:00:04.528,1.39723,1.39743,2.81,1.00
2017.01.11 03:00:05.063,1.39723,1.39744,2.81,1.00
2017.01.11 03:00:06.123,1.39723,1.39745,2.81,1.00
2017.01.11 03:00:06.533,1.39722,1.39744,1.00,1.50
2017.01.11 03:00:06.802,1.39724,1.39745,1.75,1.50
2017.01.11 03:00:07.343,1.39724,1.39745,1.75,1.50
2017.01.11 03:00:08.019,1.39725,1.39745,1.75,1.00
2017.01.11 03:00:08.423,1.39723,1.39744,2.25,1.50
2017.01.11 03:00:08.474,1.39723,1.3974,1.75,1.00
2017.01.11 03:00:08.726,1.39719,1.39739,3.00,1.00
2017.01.11 03:00:09.233,1.39718,1.39738,1.00,1.12
2017.01.11 03:00:09.763,1.39717,1.39738,1.87,1.12
2017.01.11 03:00:10.296,1.39718,1.39739,1.00,1.50
2017.01.11 03:00:10.830,1.39717,1.39738,2.62,1.12
2017.01.11 03:00:11.419,1.39719,1.3974,2.25,1.12
2017.01.11 03:00:11.724,1.39717,1.39738,1.50,1.12
2017.01.11 03:00:12.125,1.39719,1.39741,3.00,1.12
2017.01.11 03:00:12.631,1.39719,1.3974,2.25,1.00
2017.01.11 03:00:12.714,1.39718,1.39738,1.00,1.50
2017.01.11 03:00:13.219,1.39717,1.3974,2.25,3.00
2017.01.11 03:00:13.421,1.39716,1.39737,1.50,1.12
2017.01.11 03:00:13.764,1.39711,1.39733,2.25,1.12
2017.01.11 03:00:16.102,1.3971,1.39731,2.25,1.00
2017.01.11 03:00:16.560,1.3971,1.39733,3.00,2.62
2017.01.11 03:00:19.414,1.39711,1.39732,1.75,1.00
2017.01.11 03:00:20.073,1.3971,1.39733,3.00,2.62
2017.01.11 03:00:20.624,1.3971,1.39732,1.75,1.00
2017.01.11 03:00:21.219,1.3971,1.39733,2.25,2.62
2017.01.11 03:00:21.845,1.3971,1.39732,2.25,1.00
2017.01.11 03:00:22.256,1.39709,1.39731,1.12,3.00
2017.01.11 03:00:23.580,1.39707,1.39729,2.25,1.00
2017.01.11 03:00:23.834,1.39709,1.39731,2.25,1.12
2017.01.11 03:00:31.558,1.39709,1.3973,2.25,1.00
2017.01.11 03:00:31.911,1.39703,1.39724,1.75,1.00
2017.01.11 03:00:31.962,1.39703,1.39723,1.37,1.00
2017.01.11 03:00:32.115,1.39707,1.39725,1.00,1.75
2017.01.11 03:00:32.166,1.39707,1.39728,1.00,2.25
2017.01.11 03:00:32.218,1.39709,1.39728,1.00,1.75
2017.01.11 03:00:32.370,1.39709,1.39731,1.12,3.75
2017.01.11 03:00:32.471,1.39709,1.39731,2.25,2.25
2017.01.11 03:00:32.978,1.3971,1.39732,1.75,1.50
2017.01.11 03:00:33.496,1.3971,1.39731,1.75,1.00
2017.01.11 03:00:34.061,1.3971,1.3973,1.75,1.00
2017.01.11 03:00:34.631,1.3971,1.39731,1.75,1.00
2017.01.11 03:00:35.310,1.39707,1.39726,1.37,1.37
2017.01.11 03:00:35.406,1.39705,1.39726,1.00,1.75
2017.01.11 03:00:35.560,1.39705,1.39726,1.37,1.12
2017.01.11 03:00:35.662,1.39705,1.39728,1.12,2.25
2017.01.11 03:00:36.321,1.39706,1.39728,1.00,2.25
2017.01.11 03:00:37.328,1.39707,1.39728,1.00,2.25
2017.01.11 03:00:38.610,1.39706,1.39728,1.00,2.25
2017.01.11 03:00:40.621,1.39707,1.39728,1.00,1.75
2017.01.11 03:00:40.874,1.39707,1.3973,1.50,3.75
2017.01.11 03:00:45.436,1.39709,1.3973,1.00,2.25
2017.01.11 03:00:46.006,1.39709,1.39731,1.37,1.87
2017.01.11 03:00:53.641,1.39711,1.39731,1.00,1.37
2017.01.11 03:00:55.555,1.3971,1.39731,1.12,1.37
2017.01.11 03:00:55.657,1.39709,1.39728,1.37,1.00
2017.01.11 03:00:55.708,1.39706,1.39728,1.50,1.50
2017.01.11 03:00:55.972,1.39704,1.39725,1.75,1.00
2017.01.11 03:00:56.023,1.39704,1.39724,1.00,1.00
2017.01.11 03:00:56.691,1.39705,1.39724,1.00,1.00
2017.01.11 03:00:57.226,1.39703,1.39724,1.00,1.00
2017.01.11 03:01:00.374,1.39702,1.39724,1.50,1.50
2017.01.11 03:01:00.879,1.39703,1.39724,1.00,1.50
2017.01.11 03:01:01.385,1.39702,1.39724,1.50,3.75
2017.01.11 03:01:01.924,1.39702,1.39723,1.00,1.00
2017.01.11 03:01:05.161,1.39702,1.39724,1.50,3.75
2017.01.11 03:01:05.292,1.39705,1.39724,1.00,1.50
2017.01.11 03:01:05.881,1.39704,1.39725,1.50,1.00
2017.01.11 03:01:06.433,1.39705,1.39725,1.00,1.00
2017.01.11 03:01:07.101,1.39704,1.39725,1.50,1.00
2017.01.11 03:01:08.051,1.39704,1.39726,1.50,2.25
2017.01.11 03:01:09.183,1.39704,1.39725,1.50,1.00
2017.01.11 03:01:09.485,1.39704,1.39725,1.00,1.75
2017.01.11 03:01:13.430,1.39704,1.39725,1.00,2.62
2017.01.11 03:01:14.181,1.39702,1.39724,1.00,1.75
2017.01.11 03:01:14.333,1.39706,1.39725,1.00,3.56
2017.01.11 03:01:14.452,1.39706,1.39723,1.00,1.62
2017.01.11 03:01:14.506,1.39704,1.39723,1.00,1.62
2017.01.11 03:01:15.013,1.39703,1.39723,1.00,1.31
2017.01.11 03:01:16.020,1.39702,1.39725,2.25,2.06
2017.01.11 03:01:16.324,1.39708,1.39727,1.00,1.75
2017.01.11 03:01:17.184,1.39706,1.39728,1.00,1.75
2017.01.11 03:01:19.381,1.39705,1.39727,1.50,2.62
2017.01.11 03:01:19.534,1.39703,1.39726,1.00,1.75
2017.01.11 03:01:19.838,1.39702,1.39723,1.00,1.75
2017.01.11 03:01:20.565,1.397,1.3972,1.00,1.62
2017.01.11 03:01:21.351,1.397,1.39722,1.00,2.25
2017.01.11 03:01:22.645,1.397,1.3972,1.00,1.50
2017.01.11 03:01:22.930,1.397,1.3972,1.00,2.25
2017.01.11 03:01:23.522,1.39701,1.3972,1.00,1.75
2017.01.11 03:01:23.624,1.39699,1.39721,2.25,1.75
2017.01.11 03:01:23.827,1.39702,1.39722,1.00,1.75
2017.01.11 03:01:23.979,1.39701,1.39723,1.87,3.00
2017.01.11 03:01:24.062,1.39701,1.39721,1.00,1.75
2017.01.11 03:01:24.366,1.39699,1.3972,1.00,2.25
2017.01.11 03:01:24.569,1.39699,1.39719,1.00,1.75
2017.01.11 03:01:24.779,1.39699,1.3972,1.00,2.25
2017.01.11 03:01:25.584,1.39701,1.3972,1.00,1.75
2017.01.11 03:01:25.636,1.39699,1.39718,1.00,1.00
2017.01.11 03:01:25.788,1.39701,1.3972,1.00,1.75
2017.01.11 03:01:26.093,1.39702,1.39723,2.06,3.00
2017.01.11 03:01:26.478,1.39703,1.39723,1.00,1.00
2017.01.11 03:01:27.238,1.39703,1.39724,1.00,1.00
2017.01.11 03:01:27.747,1.39704,1.39725,1.00,1.50
2017.01.11 03:01:28.772,1.39704,1.39726,1.00,3.75
2017.01.11 03:01:29.372,1.39704,1.39725,1.00,1.00
2017.01.11 03:01:29.769,1.39702,1.39724,1.50,1.50
2017.01.11 03:01:29.871,1.39702,1.39723,1.00,1.75
2017.01.11 03:01:30.157,1.39703,1.39723,1.00,1.50
2017.01.11 03:01:30.259,1.39702,1.39723,1.50,1.75
2017.01.11 03:01:30.769,1.39703,1.39724,1.50,1.75
2017.01.11 03:01:30.971,1.39701,1.39723,1.87,2.25
2017.01.11 03:01:31.073,1.39701,1.39723,1.50,3.00
2017.01.11 03:01:31.610,1.397,1.3972,1.00,1.50
2017.01.11 03:01:32.625,1.39701,1.39722,1.00,4.50
2017.01.11 03:01:33.492,1.39701,1.39722,1.50,3.00
2017.01.11 03:01:34.008,1.397,1.39722,1.00,3.00
2017.01.11 03:01:34.314,1.39702,1.39722,1.50,1.75
2017.01.11 03:01:34.365,1.39702,1.39724,1.50,1.75
2017.01.11 03:01:34.467,1.39702,1.39721,1.50,1.00
2017.01.11 03:01:34.671,1.39698,1.39716,1.00,1.00
2017.01.11 03:01:34.722,1.39695,1.39716,1.00,1.50
2017.01.11 03:01:34.774,1.39694,1.39716,1.00,3.75
2017.01.11 03:01:34.876,1.39691,1.39713,1.50,1.87
2017.01.11 03:01:34.927,1.39694,1.39714,1.00,2.25
2017.01.11 03:01:35.233,1.39694,1.39716,1.00,4.50
2017.01.11 03:01:35.284,1.39694,1.39716,1.00,3.75
2017.01.11 03:01:35.884,1.39693,1.39714,1.50,1.75
2017.01.11 03:01:36.397,1.39692,1.39715,3.00,2.25
2017.01.11 03:01:36.498,1.39694,1.39715,1.00,2.25
2017.01.11 03:01:38.595,1.39695,1.39715,1.00,1.75
2017.01.11 03:01:39.166,1.39695,1.39715,1.00,1.75
2017.01.11 03:01:39.787,1.39699,1.39715,1.00,1.75
2017.01.11 03:01:39.889,1.39699,1.39718,1.00,1.12
2017.01.11 03:01:40.093,1.39698,1.39719,1.00,1.75
2017.01.11 03:01:41.153,1.39697,1.39717,1.00,1.87
2017.01.11 03:01:41.459,1.39697,1.39717,1.00,2.25
2017.01.11 03:01:42.292,1.39696,1.39717,1.50,2.25
2017.01.11 03:01:43.836,1.39698,1.39718,1.00,1.75
2017.01.11 03:01:43.988,1.39698,1.39719,1.00,2.25
2017.01.11 03:01:44.701,1.39699,1.39719,1.00,1.75
2017.01.11 03:01:44.955,1.39699,1.3972,1.00,1.12
2017.01.11 03:01:45.006,1.39697,1.39718,2.25,1.75
2017.01.11 03:01:45.309,1.39699,1.39718,1.00,1.75
2017.01.11 03:01:45.512,1.39699,1.39719,1.00,1.00
2017.01.11 03:01:45.614,1.39698,1.3972,1.00,3.00
2017.01.11 03:01:46.776,1.39697,1.3972,1.00,3.75
2017.01.11 03:01:47.288,1.39698,1.39719,1.00,1.75
2017.01.11 03:01:47.793,1.39697,1.39719,1.00,1.75
2017.01.11 03:01:48.182,1.39699,1.39719,1.00,2.25
2017.01.11 03:01:48.283,1.39699,1.39719,1.00,1.50
2017.01.11 03:01:48.884,1.39698,1.39721,1.12,4.50
2017.01.11 03:01:49.086,1.39698,1.39718,1.00,1.75
2017.01.11 03:01:49.735,1.39697,1.39718,1.00,1.75
2017.01.11 03:01:50.781,1.39698,1.39719,1.00,1.75
2017.01.11 03:01:53.109,1.39697,1.39719,2.25,1.75
2017.01.11 03:01:53.623,1.39698,1.3972,1.00,1.75
2017.01.11 03:01:54.427,1.397,1.3972,1.00,1.75
2017.01.11 03:01:54.529,1.397,1.39722,1.00,3.00
2017.01.11 03:01:54.631,1.397,1.39722,1.12,2.25
2017.01.11 03:01:54.682,1.397,1.39722,1.12,2.25
2017.01.11 03:01:55.188,1.397,1.39721,1.00,1.75
2017.01.11 03:01:55.799,1.39702,1.39722,1.00,3.75
2017.01.11 03:01:55.850,1.397,1.3972,1.00,1.50
2017.01.11 03:01:56.002,1.397,1.3972,1.00,3.00
2017.01.11 03:01:56.609,1.39698,1.3972,1.31,3.00
2017.01.11 03:01:56.761,1.39698,1.3972,1.56,2.25
2017.01.11 03:01:58.266,1.39699,1.3972,1.31,1.75
2017.01.11 03:02:00.167,1.39699,1.3972,1.56,1.75
2017.01.11 03:02:00.612,1.39699,1.3972,1.69,1.37
2017.01.11 03:02:00.663,1.397,1.39721,2.06,1.50
2017.01.11 03:02:02.064,1.39699,1.3972,3.19,1.37
2017.01.11 03:02:02.968,1.39699,1.3972,1.69,1.37
2017.01.11 03:02:03.984,1.39699,1.3972,1.69,1.37
2017.01.11 03:02:05.204,1.39699,1.3972,1.19,1.37
2017.01.11 03:02:10.262,1.39699,1.39719,1.69,1.12
2017.01.11 03:02:10.465,1.39699,1.39719,1.31,1.12
2017.01.11 03:02:11.178,1.39697,1.39718,1.50,1.00
2017.01.11 03:02:11.229,1.39697,1.39718,1.00,1.37
2017.01.11 03:02:11.330,1.39698,1.39716,1.00,1.50
2017.01.11 03:02:12.369,1.39698,1.39716,1.31,1.50
2017.01.11 03:02:12.470,1.39695,1.39716,1.69,1.50
2017.01.11 03:02:12.597,1.39695,1.39716,1.31,1.75
2017.01.11 03:02:15.426,1.39696,1.39715,1.19,1.12
2017.01.11 03:02:15.534,1.39698,1.39716,1.31,1.50
2017.01.11 03:02:15.636,1.39698,1.39718,1.31,1.50
2017.01.11 03:02:16.153,1.397,1.3972,1.69,1.75
2017.01.11 03:02:16.204,1.39704,1.39719,1.00,1.50
2017.01.11 03:02:16.306,1.39703,1.39725,1.00,2.06
2017.01.11 03:02:16.458,1.39704,1.39726,1.31,2.25
2017.01.11 03:02:24.000,1.39701,1.39722,1.75,1.00
2017.01.11 03:02:24.051,1.39701,1.39722,1.37,1.12
2017.01.11 03:02:24.177,1.39698,1.3972,3.56,1.00
2017.01.11 03:02:24.481,1.39698,1.3972,3.19,1.75
2017.01.11 03:02:27.835,1.39699,1.3972,1.00,1.75
2017.01.11 03:02:30.314,1.39698,1.3972,1.12,3.00
2017.01.11 03:02:30.416,1.39694,1.39716,1.69,1.12
2017.01.11 03:02:30.619,1.39691,1.39714,1.75,1.00
2017.01.11 03:02:30.872,1.39693,1.39714,1.50,1.00
2017.01.11 03:02:30.923,1.39695,1.39713,1.00,1.00
2017.01.11 03:02:31.024,1.39698,1.39718,1.00,1.50
2017.01.11 03:02:31.226,1.39698,1.3972,1.00,2.25
2017.01.11 03:02:31.378,1.39698,1.39718,1.00,1.00
2017.01.11 03:02:32.018,1.397,1.39718,1.00,1.00
2017.01.11 03:02:33.316,1.39701,1.39718,1.00,1.00
2017.01.11 03:02:33.595,1.397,1.39722,1.50,2.25
2017.01.11 03:02:33.646,1.397,1.39722,1.37,4.50
2017.01.11 03:02:34.177,1.397,1.39721,1.00,1.75
2017.01.11 03:02:36.193,1.39701,1.39723,1.00,3.75
2017.01.11 03:02:36.391,1.39702,1.39723,1.00,1.75
2017.01.11 03:02:38.837,1.39703,1.39725,1.00,2.25
2017.01.11 03:02:38.888,1.39703,1.39725,1.00,2.25
2017.01.11 03:02:39.041,1.39701,1.39723,1.87,1.50
2017.01.11 03:02:39.296,1.39701,1.39723,1.00,3.75
2017.01.11 03:02:39.836,1.39699,1.39722,1.87,2.25
2017.01.11 03:02:42.096,1.39699,1.39721,1.50,1.75
2017.01.11 03:02:42.602,1.39698,1.3972,1.00,1.75
2017.01.11 03:02:42.995,1.397,1.39721,1.75,1.00
2017.01.11 03:02:43.300,1.39701,1.39723,1.75,1.00
2017.01.11 03:02:43.402,1.39701,1.39724,2.25,2.25
2017.01.11 03:02:47.307,1.39703,1.39722,1.00,1.12
2017.01.11 03:02:47.409,1.39706,1.39725,1.00,1.75
2017.01.11 03:02:47.510,1.39707,1.39729,1.50,1.87
2017.01.11 03:02:47.562,1.39707,1.39727,1.50,1.00
2017.01.11 03:02:47.663,1.39702,1.39725,1.75,2.62
2017.01.11 03:02:47.714,1.39702,1.39724,1.50,2.62
2017.01.11 03:02:48.052,1.39703,1.39725,1.00,3.00
2017.01.11 03:02:48.255,1.39701,1.39724,1.12,1.75
2017.01.11 03:02:48.407,1.397,1.39724,3.00,1.87
2017.01.11 03:02:48.741,1.397,1.39721,1.50,1.87
2017.01.11 03:02:49.633,1.39699,1.3972,1.75,1.00
2017.01.11 03:02:50.148,1.39698,1.39721,2.25,1.12
2017.01.11 03:02:50.654,1.39699,1.39718,1.75,1.00
2017.01.11 03:02:50.851,1.39699,1.3972,1.75,1.50
2017.01.11 03:02:51.431,1.39698,1.39721,2.25,1.87
2017.01.11 03:02:54.244,1.39698,1.3972,2.25,1.00
2017.01.11 03:02:54.436,1.39698,1.39719,1.50,1.12
2017.01.11 03:02:55.161,1.397,1.3972,1.00,1.50
2017.01.11 03:02:55.212,1.397,1.3972,1.75,1.00
2017.01.11 03:02:55.313,1.39699,1.39721,1.37,1.37
2017.01.11 03:02:55.617,1.39699,1.39721,2.25,1.00
2017.01.11 03:02:56.149,1.39699,1.39722,1.75,1.87
2017.01.11 03:02:56.827,1.39703,1.39723,1.00,2.25
2017.01.11 03:02:57.131,1.39702,1.3972,1.00,1.00
2017.01.11 03:02:57.233,1.397,1.3972,1.00,1.00
2017.01.11 03:02:57.780,1.39699,1.3972,1.25,1.00
2017.01.11 03:03:00.779,1.39698,1.39719,1.31,1.00
2017.01.11 03:03:00.880,1.39698,1.39717,1.31,1.00
2017.01.11 03:03:00.931,1.39695,1.39717,1.00,1.75
2017.01.11 03:03:01.438,1.39694,1.39715,1.00,1.75
2017.01.11 03:03:01.489,1.39692,1.39715,1.12,2.25
2017.01.11 03:03:06.016,1.39692,1.39714,1.50,1.37
2017.01.11 03:03:06.139,1.39692,1.39714,1.12,1.75
2017.01.11 03:03:09.496,1.39689,1.3971,2.06,1.00
2017.01.11 03:03:10.032,1.39689,1.3971,1.69,1.50
2017.01.11 03:03:10.173,1.39689,1.3971,1.69,1.50
2017.01.11 03:03:17.145,1.39689,1.3971,1.69,1.50
2017.01.11 03:03:18.841,1.39691,1.39711,1.00,1.75
2017.01.11 03:03:19.266,1.39688,1.39709,1.62,1.12
2017.01.11 03:03:19.368,1.39685,1.39707,2.06,1.00
2017.01.11 03:03:19.570,1.39685,1.39707,1.69,1.75
2017.01.11 03:03:24.260,1.39686,1.39705,1.00,1.12
2017.01.11 03:03:24.564,1.39686,1.39706,1.56,1.50
2017.01.11 03:03:27.153,1.39685,1.39707,1.69,2.25
2017.01.11 03:03:27.861,1.39685,1.39707,1.31,2.25
2017.01.11 03:03:35.927,1.39686,1.39707,1.00,1.75
2017.01.11 03:03:36.627,1.39685,1.39707,2.44,1.75
2017.01.11 03:03:40.153,1.39685,1.39706,1.69,1.50
2017.01.11 03:03:43.508,1.39685,1.39707,1.87,2.25
2017.01.11 03:03:44.009,1.39686,1.39707,1.00,2.25
2017.01.11 03:03:45.485,1.39687,1.39708,1.12,3.56
2017.01.11 03:03:45.586,1.39687,1.39709,1.75,3.56
2017.01.11 03:03:45.688,1.39689,1.39708,1.12,1.00
2017.01.11 03:03:45.865,1.39689,1.39708,1.50,1.00
2017.01.11 03:03:46.017,1.39689,1.39708,1.12,1.00
2017.01.11 03:03:46.220,1.39688,1.39706,1.00,1.00
2017.01.11 03:03:46.422,1.39689,1.39708,1.00,1.12
2017.01.11 03:03:46.473,1.3969,1.39708,1.31,1.50
2017.01.11 03:03:46.611,1.39691,1.39712,1.00,1.00
2017.01.11 03:03:46.713,1.39691,1.39711,1.00,1.50
2017.01.11 03:03:47.309,1.3969,1.39711,1.12,2.25
2017.01.11 03:03:47.613,1.39688,1.39708,1.50,1.12
2017.01.11 03:03:47.795,1.39687,1.39708,1.00,1.50
2017.01.11 03:03:47.897,1.39687,1.39708,1.00,1.75
2017.01.11 03:03:48.722,1.39687,1.39707,1.12,1.00
2017.01.11 03:03:49.734,1.39687,1.39709,1.12,3.00
2017.01.11 03:03:50.783,1.39689,1.39709,1.00,1.37
2017.01.11 03:03:51.036,1.39686,1.39708,1.87,1.37
2017.01.11 03:03:51.238,1.39685,1.39706,1.12,1.37
2017.01.11 03:03:51.879,1.39686,1.39706,1.00,1.37
2017.01.11 03:03:52.031,1.39687,1.39708,2.25,1.87
2017.01.11 03:03:52.335,1.39687,1.39709,2.25,1.00
2017.01.11 03:03:52.885,1.39687,1.3971,2.25,2.62
2017.01.11 03:03:54.593,1.39689,1.39711,1.75,1.87
2017.01.11 03:03:55.211,1.39689,1.39711,1.50,1.50
2017.01.11 03:03:57.218,1.3969,1.39711,1.75,1.00
2017.01.11 03:03:57.986,1.3969,1.39711,1.37,1.37
2017.01.11 03:03:58.038,1.39689,1.39709,1.12,1.12
2017.01.11 03:04:00.312,1.3969,1.3971,1.00,1.69
2017.01.11 03:04:00.414,1.3969,1.39711,1.50,1.12
2017.01.11 03:04:00.974,1.39692,1.39712,1.00,1.50
2017.01.11 03:04:01.547,1.39691,1.39713,1.12,1.75
2017.01.11 03:04:01.945,1.39692,1.39714,1.00,1.50
2017.01.11 03:04:02.524,1.39692,1.39714,3.00,1.75
2017.01.11 03:04:02.840,1.39696,1.39717,2.25,1.12
2017.01.11 03:04:04.097,1.39697,1.39719,3.00,1.87
2017.01.11 03:04:04.148,1.39697,1.39719,3.75,1.50
2017.01.11 03:04:04.249,1.39697,1.39719,3.00,1.87
2017.01.11 03:04:10.407,1.39697,1.39718,2.25,1.00
2017.01.11 03:04:10.559,1.39697,1.39719,1.87,1.75
2017.01.11 03:04:17.601,1.39698,1.39719,1.00,2.25
2017.01.11 03:04:19.053,1.39697,1.3972,1.87,2.25
2017.01.11 03:04:28.582,1.39698,1.3972,1.00,1.75
2017.01.11 03:04:29.192,1.39699,1.3972,1.50,1.75
2017.01.11 03:04:29.704,1.39699,1.3972,1.87,1.50
2017.01.11 03:04:37.436,1.39698,1.39718,1.50,1.00
2017.01.11 03:04:37.588,1.39695,1.39718,1.12,2.25
2017.01.11 03:04:37.689,1.39695,1.39717,1.00,3.00
2017.01.11 03:04:37.993,1.39693,1.39714,1.00,1.75
2017.01.11 03:04:39.616,1.39693,1.39715,1.12,2.25
2017.01.11 03:04:39.949,1.39689,1.39711,2.25,1.12
2017.01.11 03:04:40.000,1.39689,1.39711,2.25,1.50
2017.01.11 03:04:40.548,1.3969,1.39711,1.00,1.00
2017.01.11 03:04:41.083,1.3969,1.3971,1.00,1.00
2017.01.11 03:04:42.380,1.3969,1.39711,1.00,1.50
2017.01.11 03:04:43.820,1.3969,1.3971,1.00,1.00
2017.01.11 03:04:49.815,1.3969,1.39711,1.00,2.25
2017.01.11 03:04:50.017,1.39689,1.39709,1.50,1.00
2017.01.11 03:04:50.544,1.39689,1.39708,1.50,1.00
2017.01.11 03:04:51.136,1.39688,1.39709,1.50,1.75
2017.01.11 03:04:51.213,1.39688,1.39709,2.25,1.12
2017.01.11 03:04:51.769,1.39689,1.39708,1.12,1.00
2017.01.11 03:04:52.275,1.39688,1.3971,1.50,1.50
2017.01.11 03:04:52.547,1.39687,1.39705,2.25,1.00
2017.01.11 03:04:52.649,1.39683,1.39705,2.25,1.00
2017.01.11 03:04:52.750,1.39682,1.39704,1.50,1.50
2017.01.11 03:04:53.053,1.3968,1.39703,2.25,1.75
2017.01.11 03:04:54.115,1.39682,1.39703,1.00,2.25
2017.01.11 03:04:54.574,1.39684,1.39703,1.00,2.25
2017.01.11 03:04:54.625,1.39681,1.39701,1.00,1.75
2017.01.11 03:04:54.828,1.39681,1.39703,1.31,1.75
2017.01.11 03:04:55.182,1.39685,1.39704,1.00,1.37
2017.01.11 03:04:55.233,1.39682,1.39704,2.25,1.00
2017.01.11 03:04:55.334,1.39682,1.39705,1.87,2.25
2017.01.11 03:04:55.660,1.39681,1.39703,1.50,1.87
2017.01.11 03:04:56.267,1.39679,1.397,2.25,1.00
2017.01.11 03:04:56.571,1.39678,1.39701,1.50,3.75
2017.01.11 03:05:00.532,1.3968,1.39702,1.00,3.75
2017.01.11 03:05:00.633,1.3968,1.39702,1.50,3.75
2017.01.11 03:05:00.886,1.39678,1.39699,1.75,1.00
2017.01.11 03:05:01.072,1.39677,1.39699,1.50,1.50
2017.01.11 03:05:01.719,1.39679,1.397,1.00,2.25
2017.01.11 03:05:01.872,1.39679,1.39701,1.50,3.75
2017.01.11 03:05:04.103,1.39677,1.397,1.50,1.12
2017.01.11 03:05:04.255,1.39677,1.39699,1.00,1.00
2017.01.11 03:05:04.978,1.39677,1.39698,1.50,1.00
2017.01.11 03:05:07.868,1.39676,1.39698,1.50,2.25
2017.01.11 03:05:11.105,1.3968,1.39698,1.00,1.00
2017.01.11 03:05:11.346,1.3968,1.39701,1.12,1.50
2017.01.11 03:05:11.396,1.3968,1.39701,1.37,1.12
2017.01.11 03:05:11.548,1.3968,1.39701,1.12,1.50
2017.01.11 03:05:12.082,1.39677,1.39699,1.50,1.37
2017.01.11 03:05:12.133,1.39677,1.39699,1.12,1.75
2017.01.11 03:05:12.804,1.39676,1.39699,1.75,1.12
2017.01.11 03:05:13.273,1.39677,1.397,1.00,4.50
2017.01.11 03:05:14.205,1.39677,1.39698,1.00,1.50
2017.01.11 03:05:14.357,1.39677,1.39698,2.62,1.50
2017.01.11 03:05:15.233,1.39678,1.397,1.00,3.75
2017.01.11 03:05:15.756,1.39675,1.39697,1.75,1.12
2017.01.11 03:05:15.908,1.39674,1.39696,1.69,3.00
2017.01.11 03:05:15.959,1.39674,1.39696,1.31,3.37
2017.01.11 03:05:17.263,1.39673,1.39695,1.25,3.00
2017.01.11 03:05:17.581,1.39672,1.39695,2.81,3.00
2017.01.11 03:05:20.739,1.39673,1.39693,1.25,1.12
2017.01.11 03:05:22.067,1.39674,1.39694,1.00,1.50
2017.01.11 03:05:22.219,1.39674,1.39695,1.00,1.75
2017.01.11 03:05:22.321,1.39674,1.39695,1.12,1.50
2017.01.11 03:05:22.629,1.39676,1.39696,1.00,1.75
2017.01.11 03:05:23.135,1.39675,1.39696,1.00,1.75
2017.01.11 03:05:23.459,1.39677,1.39696,1.00,1.75
2017.01.11 03:05:23.560,1.39675,1.39697,1.87,2.25
2017.01.11 03:05:23.611,1.39675,1.39697,2.25,1.50
2017.01.11 03:05:23.967,1.39677,1.397,1.37,1.37
2017.01.11 03:05:24.018,1.39677,1.397,1.75,1.00
2017.01.11 03:05:24.555,1.39678,1.39701,1.75,1.12
2017.01.11 03:05:25.820,1.39677,1.39699,1.75,1.00
2017.01.11 03:05:26.023,1.39676,1.39698,1.00,3.00
2017.01.11 03:05:26.640,1.39676,1.39696,1.50,1.00
2017.01.11 03:05:30.048,1.39674,1.39696,1.87,1.37
2017.01.11 03:05:30.110,1.39674,1.39696,1.87,1.75
2017.01.11 03:05:30.276,1.39672,1.39692,1.75,1.00
2017.01.11 03:05:30.328,1.39672,1.39694,1.75,1.12
2017.01.11 03:05:30.429,1.39671,1.39694,1.50,3.00
2017.01.11 03:05:30.936,1.39671,1.39692,1.00,1.00
2017.01.11 03:05:34.156,1.39671,1.39691,1.00,1.00
2017.01.11 03:05:34.462,1.39669,1.39691,2.62,1.50
2017.01.11 03:05:35.065,1.3967,1.39692,1.00,2.25
2017.01.11 03:05:36.641,1.39671,1.39694,1.00,3.00
2017.01.11 03:05:36.692,1.39673,1.39694,1.00,2.25
2017.01.11 03:05:36.895,1.3967,1.39692,1.50,1.87
2017.01.11 03:05:37.047,1.39669,1.39689,1.00,1.00
2017.01.11 03:05:37.350,1.39669,1.39687,1.00,1.00
2017.01.11 03:05:38.052,1.39667,1.39687,1.00,1.00
2017.01.11 03:05:38.589,1.39669,1.39687,1.00,1.00
2017.01.11 03:05:38.690,1.39667,1.39687,1.25,1.00
2017.01.11 03:05:39.558,1.39667,1.39689,1.00,1.75
2017.01.11 03:05:41.589,1.39667,1.39689,1.00,1.75
2017.01.11 03:05:42.292,1.39669,1.3969,1.00,3.00
2017.01.11 03:05:42.393,1.39667,1.39689,2.25,1.75
2017.01.11 03:05:42.495,1.39667,1.39689,2.06,2.25
2017.01.11 03:05:42.596,1.39668,1.3969,2.06,3.00
2017.01.11 03:05:46.022,1.39667,1.39685,1.00,1.12
2017.01.11 03:05:46.123,1.39664,1.39683,1.00,1.00
2017.01.11 03:05:46.175,1.39662,1.39683,1.50,1.75
2017.01.11 03:05:46.479,1.39665,1.39687,1.00,5.62
2017.01.11 03:05:46.614,1.39665,1.39687,1.00,2.25
2017.01.11 03:05:46.664,1.39665,1.39687,1.00,3.00
2017.01.11 03:05:46.881,1.39665,1.39686,1.00,1.75
2017.01.11 03:05:47.392,1.3967,1.39688,1.00,1.75
2017.01.11 03:05:47.545,1.39668,1.3969,2.25,2.62
2017.01.11 03:05:47.697,1.39668,1.39691,1.50,3.00
2017.01.11 03:05:47.799,1.39668,1.3969,1.50,1.31
2017.01.11 03:05:48.252,1.39671,1.39692,1.00,3.75
2017.01.11 03:05:49.793,1.39672,1.39692,1.00,1.75
2017.01.11 03:05:51.518,1.39673,1.39692,1.00,1.75
2017.01.11 03:05:52.202,1.39669,1.39689,2.06,1.75
2017.01.11 03:05:52.253,1.39669,1.39689,1.00,1.75
2017.01.11 03:05:52.404,1.39667,1.39688,1.00,1.50
2017.01.11 03:05:52.506,1.39667,1.39688,1.00,1.75
2017.01.11 03:05:52.607,1.39667,1.39688,1.00,1.75
2017.01.11 03:05:53.211,1.39668,1.39688,1.00,1.75
2017.01.11 03:05:53.262,1.39672,1.39688,1.00,1.75
2017.01.11 03:05:53.515,1.3967,1.39692,1.00,2.25
2017.01.11 03:05:53.878,1.39669,1.3969,1.00,2.25
2017.01.11 03:05:54.081,1.39666,1.39688,1.00,1.75
2017.01.11 03:05:54.745,1.39668,1.39689,1.00,1.75
2017.01.11 03:05:55.248,1.39669,1.3969,1.00,2.25
2017.01.11 03:05:55.776,1.3967,1.39691,1.00,1.75
2017.01.11 03:05:56.080,1.39674,1.39694,1.00,2.81
2017.01.11 03:05:56.780,1.39675,1.39694,1.50,2.06
2017.01.11 03:05:56.881,1.39675,1.39694,1.50,1.31
2017.01.11 03:05:57.385,1.39676,1.39694,1.00,1.31
2017.01.11 03:05:58.084,1.39676,1.39696,1.50,2.06
2017.01.11 03:05:59.782,1.39676,1.39694,2.25,1.00
2017.01.11 03:06:00.483,1.39678,1.39697,1.00,1.12
2017.01.11 03:06:00.686,1.39678,1.39697,1.00,1.37
2017.01.11 03:06:01.220,1.39679,1.39697,1.00,1.00
2017.01.11 03:06:01.759,1.39677,1.39698,1.00,1.87
2017.01.11 03:06:01.810,1.39677,1.39695,1.00,1.00
2017.01.11 03:06:01.862,1.39674,1.39695,1.00,1.00
2017.01.11 03:06:01.912,1.39674,1.39696,1.00,1.87
2017.01.11 03:06:02.317,1.39672,1.39693,1.00,1.37
2017.01.11 03:06:02.419,1.3967,1.39693,1.31,3.00
2017.01.11 03:06:02.663,1.39671,1.39693,1.00,1.50
2017.01.11 03:06:02.790,1.39673,1.39695,1.00,3.03
2017.01.11 03:06:03.311,1.39673,1.39693,1.00,1.87
2017.01.11 03:06:03.362,1.39671,1.39693,3.00,1.37
2017.01.11 03:06:03.565,1.39674,1.39695,1.00,1.75
2017.01.11 03:06:04.070,1.39673,1.39694,1.50,1.75
2017.01.11 03:06:04.630,1.39671,1.39693,1.87,1.75
2017.01.11 03:06:05.020,1.39671,1.39692,1.00,1.50
2017.01.11 03:06:05.121,1.39669,1.39691,1.87,1.75
2017.01.11 03:06:07.199,1.39667,1.39688,1.37,1.37
2017.01.11 03:06:07.301,1.39665,1.39686,1.12,1.41
2017.01.11 03:06:07.403,1.39664,1.39686,1.00,1.78
2017.01.11 03:06:07.919,1.39664,1.39687,1.87,3.78
2017.01.11 03:06:08.222,1.39664,1.39684,1.00,1.78
2017.01.11 03:06:08.604,1.39662,1.39684,1.00,1.78
2017.01.11 03:06:13.026,1.39662,1.39684,1.12,2.28
2017.01.11 03:06:13.554,1.39662,1.39684,1.87,2.28
2017.01.11 03:06:14.125,1.39663,1.39685,1.00,2.28
2017.01.11 03:06:15.366,1.39663,1.39684,1.00,1.78
2017.01.11 03:06:17.280,1.39662,1.39683,1.87,1.53
2017.01.11 03:06:17.795,1.39662,1.39683,1.00,2.28
2017.01.11 03:06:18.555,1.39663,1.39682,1.00,1.78
2017.01.11 03:06:19.827,1.39662,1.39683,1.00,2.65
2017.01.11 03:06:22.241,1.3966,1.39682,1.50,1.78
2017.01.11 03:06:22.762,1.39661,1.39683,1.00,2.65
2017.01.11 03:06:23.304,1.39662,1.39683,1.00,1.90
2017.01.11 03:06:23.772,1.39662,1.39682,1.00,1.78
2017.01.11 03:06:25.439,1.39662,1.39682,1.00,1.78
2017.01.11 03:06:26.372,1.39662,1.39682,1.00,1.78
2017.01.11 03:06:29.290,1.3966,1.3968,1.50,1.62
2017.01.11 03:06:29.603,1.39662,1.3968,1.00,1.62
2017.01.11 03:06:29.765,1.3966,1.3968,1.50,1.62
2017.01.11 03:06:30.335,1.39661,1.3968,1.00,1.62
2017.01.11 03:06:31.637,1.39664,1.3968,1.00,1.62
2017.01.11 03:06:32.901,1.39662,1.3968,1.00,1.62
2017.01.11 03:06:37.104,1.39663,1.3968,1.00,1.62
2017.01.11 03:06:41.956,1.39665,1.3968,1.00,1.62
2017.01.11 03:06:42.494,1.39665,1.39682,1.00,1.31
2017.01.11 03:06:43.878,1.39665,1.39683,1.00,1.75
2017.01.11 03:06:46.889,1.39665,1.39682,1.00,1.31
2017.01.11 03:06:48.143,1.39662,1.39682,1.00,1.31
2017.01.11 03:06:48.345,1.39664,1.39682,1.00,1.31
2017.01.11 03:06:49.161,1.39662,1.39682,1.00,1.31
2017.01.11 03:06:49.952,1.39664,1.39682,1.00,1.31
2017.01.11 03:06:50.053,1.39661,1.39682,1.12,1.31
2017.01.11 03:06:50.598,1.39661,1.39682,1.12,1.62
2017.01.11 03:06:50.649,1.39663,1.39682,1.00,1.62
2017.01.11 03:06:50.953,1.39663,1.39684,2.25,1.56
2017.01.11 03:06:52.397,1.39664,1.39685,1.75,1.00
2017.01.11 03:06:52.550,1.39668,1.39689,1.00,3.00
2017.01.11 03:06:52.702,1.3967,1.39689,1.00,1.87
2017.01.11 03:06:55.180,1.3967,1.39688,1.00,1.00
2017.01.11 03:06:55.282,1.39671,1.3969,1.12,1.12
2017.01.11 03:06:55.484,1.3967,1.39688,1.00,1.00
2017.01.11 03:06:55.585,1.39668,1.39689,1.00,1.87
2017.01.11 03:06:56.103,1.39669,1.39691,1.00,3.00
2017.01.11 03:06:56.205,1.39671,1.39691,1.00,1.50
2017.01.11 03:06:56.724,1.39672,1.39691,1.00,1.31
2017.01.11 03:06:57.503,1.3968,1.39691,1.00,1.00
2017.01.11 03:06:59.425,1.3968,1.39695,1.00,1.50
2017.01.11 03:06:59.527,1.39679,1.39697,1.00,2.25
2017.01.11 03:06:59.889,1.39681,1.39699,1.00,1.75
2017.01.11 03:06:59.992,1.39676,1.39696,1.50,1.00
2017.01.11 03:07:00.094,1.39676,1.39694,1.50,1.12
2017.01.11 03:07:00.296,1.39674,1.39693,1.00,1.00
2017.01.11 03:07:00.499,1.39674,1.3969,1.00,1.00
2017.01.11 03:07:00.550,1.39672,1.3969,1.00,1.00
2017.01.11 03:07:00.877,1.39673,1.39687,1.00,1.00
2017.01.11 03:07:01.283,1.39674,1.3969,1.00,1.00
2017.01.11 03:07:01.807,1.39674,1.39691,1.00,1.00
2017.01.11 03:07:02.887,1.39673,1.39691,1.00,1.00
2017.01.11 03:07:03.244,1.39675,1.39692,1.00,1.87
2017.01.11 03:07:04.717,1.39674,1.39692,1.00,1.87
2017.01.11 03:07:05.257,1.39673,1.39691,1.00,1.00
2017.01.11 03:07:05.560,1.39677,1.39692,1.00,2.62
2017.01.11 03:07:06.177,1.39677,1.39691,1.00,1.00
2017.01.11 03:07:06.690,1.39676,1.39691,1.00,1.00
2017.01.11 03:07:06.892,1.39674,1.39691,1.00,1.50
2017.01.11 03:07:07.453,1.39674,1.3969,1.00,1.00
2017.01.11 03:07:07.584,1.39676,1.3969,1.00,1.00
2017.01.11 03:07:08.290,1.39676,1.39691,1.00,1.00
2017.01.11 03:07:08.801,1.39675,1.39691,1.00,1.00
2017.01.11 03:07:09.343,1.39674,1.39692,1.00,1.87
2017.01.11 03:07:09.912,1.39674,1.39691,1.00,1.00
2017.01.11 03:07:10.426,1.39675,1.39691,1.00,1.00
2017.01.11 03:07:11.051,1.39677,1.39691,1.00,1.00
2017.01.11 03:07:11.661,1.39676,1.39691,1.00,1.00
2017.01.11 03:07:13.655,1.39676,1.39692,1.00,1.87
2017.01.11 03:07:13.756,1.39674,1.39691,1.00,1.00
2017.01.11 03:07:14.327,1.39675,1.39691,1.00,1.50
2017.01.11 03:07:15.012,1.39674,1.3969,1.00,1.00
2017.01.11 03:07:15.690,1.39675,1.39691,1.00,3.00
2017.01.11 03:07:16.333,1.39676,1.39691,1.00,2.25
2017.01.11 03:07:16.586,1.39676,1.39694,1.00,1.87
2017.01.11 03:07:17.123,1.39675,1.39692,1.00,1.00
2017.01.11 03:07:17.628,1.39674,1.39692,1.00,1.50
2017.01.11 03:07:18.165,1.39674,1.39691,1.00,1.50
2017.01.11 03:07:18.778,1.39673,1.39691,1.00,1.50
2017.01.11 03:07:19.374,1.39671,1.39691,1.00,1.50
2017.01.11 03:07:19.424,1.39673,1.39691,1.00,1.00
2017.01.11 03:07:21.484,1.39672,1.39691,1.31,1.00
2017.01.11 03:07:24.032,1.3967,1.39691,1.50,1.00
2017.01.11 03:07:24.133,1.39675,1.39691,1.00,1.00
2017.01.11 03:07:25.246,1.39676,1.39691,1.00,1.00
2017.01.11 03:07:25.773,1.39676,1.39692,1.00,1.00
2017.01.11 03:07:26.330,1.39677,1.39693,1.00,1.87
2017.01.11 03:07:26.836,1.39678,1.39695,1.00,1.75
2017.01.11 03:07:27.293,1.39674,1.39694,1.00,1.50
2017.01.11 03:07:27.806,1.39675,1.39695,1.00,2.25
2017.01.11 03:07:28.361,1.39675,1.39695,1.12,2.25
2017.01.11 03:07:28.897,1.39674,1.39693,1.50,2.25
2017.01.11 03:07:29.049,1.39671,1.39693,3.00,2.25
2017.01.11 03:07:29.828,1.39673,1.39695,1.00,3.19
2017.01.11 03:07:38.161,1.39675,1.39695,1.00,3.19
2017.01.11 03:07:38.788,1.39674,1.39695,1.00,2.44
2017.01.11 03:07:39.330,1.39673,1.39695,1.87,1.69
2017.01.11 03:07:39.381,1.39673,1.39695,2.25,1.69
2017.01.11 03:07:42.866,1.39675,1.39695,1.00,2.44
2017.01.11 03:07:43.774,1.39674,1.39695,1.12,2.44
2017.01.11 03:07:47.139,1.39673,1.39695,1.87,2.00
2017.01.11 03:07:47.660,1.39673,1.39696,1.87,3.00
2017.01.11 03:07:53.355,1.39673,1.39696,2.62,2.62
2017.01.11 03:07:53.406,1.39673,1.39696,2.62,2.25
2017.01.11 03:07:58.438,1.39675,1.39697,1.75,3.37
2017.01.11 03:08:00.875,1.39676,1.39698,2.25,2.62
2017.01.11 03:08:01.378,1.39676,1.39696,1.75,1.00
2017.01.11 03:08:02.324,1.39671,1.39692,5.62,1.50
2017.01.11 03:08:02.425,1.39675,1.39691,1.00,1.00
2017.01.11 03:08:02.527,1.39672,1.39691,1.50,1.50
2017.01.11 03:08:02.629,1.39674,1.39691,1.00,1.50
2017.01.11 03:08:02.826,1.39674,1.39696,1.75,2.25
2017.01.11 03:08:03.131,1.39674,1.39695,1.50,1.12
2017.01.11 03:08:06.050,1.39675,1.39696,1.37,1.87
2017.01.11 03:08:06.408,1.39677,1.39698,1.75,1.50
2017.01.11 03:08:07.059,1.39677,1.39697,1.75,1.00
2017.01.11 03:08:08.707,1.39677,1.39698,1.75,1.50
2017.01.11 03:08:10.103,1.39677,1.39697,1.75,1.50
2017.01.11 03:08:10.397,1.39674,1.39695,1.75,2.25
2017.01.11 03:08:10.499,1.39674,1.39693,1.75,1.00
2017.01.11 03:08:10.601,1.39674,1.39693,1.12,1.00
2017.01.11 03:08:10.753,1.39674,1.39695,1.12,2.62
2017.01.11 03:08:11.457,1.39677,1.39695,1.12,1.00
2017.01.11 03:08:11.508,1.39677,1.39698,1.12,2.25
2017.01.11 03:08:12.046,1.39675,1.39696,2.25,1.00
2017.01.11 03:08:13.307,1.39675,1.39695,1.75,1.00
2017.01.11 03:08:13.810,1.39675,1.39696,1.75,1.50
2017.01.11 03:08:13.861,1.39674,1.39694,1.75,1.00
2017.01.11 03:08:14.214,1.39671,1.39692,2.06,1.00
2017.01.11 03:08:14.862,1.3967,1.39692,2.25,1.87
2017.01.11 03:08:15.383,1.39669,1.39691,3.75,1.50
2017.01.11 03:08:16.153,1.39669,1.3969,2.25,1.00
2017.01.11 03:08:16.956,1.39669,1.3969,1.50,1.50
2017.01.11 03:08:17.310,1.39672,1.39692,1.25,1.87
2017.01.11 03:08:19.179,1.39673,1.39693,1.00,3.00
2017.01.11 03:08:20.891,1.39672,1.39692,1.69,1.87
2017.01.11 03:08:21.441,1.39673,1.39692,1.00,1.87
2017.01.11 03:08:22.544,1.39672,1.39693,1.69,3.00
2017.01.11 03:08:23.068,1.39672,1.39691,1.25,1.00
2017.01.11 03:08:23.119,1.39671,1.39676,1.00,1.00
2017.01.11 03:08:23.220,1.39666,1.3968,1.50,1.00
2017.01.11 03:08:23.271,1.39661,1.3968,1.42,1.37
2017.01.11 03:08:23.322,1.3966,1.39674,1.00,1.00
2017.01.11 03:08:23.373,1.39657,1.39677,1.12,1.12
2017.01.11 03:08:23.474,1.39657,1.39671,1.12,1.00
2017.01.11 03:08:23.632,1.39655,1.39676,1.37,1.00
2017.01.11 03:08:23.683,1.39654,1.39674,1.12,1.12
2017.01.11 03:08:23.886,1.39656,1.39672,1.00,1.37
2017.01.11 03:08:23.937,1.39651,1.39671,1.00,1.31
2017.01.11 03:08:24.291,1.39648,1.39668,1.37,2.62
2017.01.11 03:08:24.343,1.39646,1.39668,1.50,2.25
2017.01.11 03:08:24.899,1.39648,1.3967,1.75,1.56
2017.01.11 03:08:25.051,1.39646,1.39668,2.25,2.06
2017.01.11 03:08:25.102,1.39646,1.39668,1.75,2.44
2017.01.11 03:08:25.154,1.39643,1.39667,3.00,2.06
2017.01.11 03:08:25.255,1.39643,1.39665,3.00,1.12
2017.01.11 03:08:25.306,1.39644,1.39666,1.50,1.69
2017.01.11 03:08:26.809,1.39643,1.39664,1.75,2.06
2017.01.11 03:08:27.130,1.39644,1.39666,1.75,1.50
2017.01.11 03:08:27.636,1.39647,1.39667,1.12,1.87
2017.01.11 03:08:28.169,1.39648,1.39668,1.12,1.00
2017.01.11 03:08:28.903,1.39648,1.39669,1.87,1.12
2017.01.11 03:08:29.221,1.39648,1.39667,1.12,1.56
2017.01.11 03:08:29.472,1.39641,1.39661,1.00,1.37
2017.01.11 03:08:29.523,1.39641,1.3966,1.00,1.37
2017.01.11 03:08:29.574,1.39639,1.3966,1.87,1.12
2017.01.11 03:08:29.676,1.39639,1.3966,1.37,1.00
2017.01.11 03:08:29.879,1.39639,1.39661,1.12,2.06
2017.01.11 03:08:30.384,1.39638,1.3966,1.50,1.75
2017.01.11 03:08:30.986,1.39637,1.39658,1.87,2.25
2017.01.11 03:08:31.471,1.39639,1.39659,1.00,1.75
2017.01.11 03:08:31.859,1.39632,1.39654,1.75,1.00
2017.01.11 03:08:32.062,1.39631,1.39652,3.00,1.00
2017.01.11 03:08:32.349,1.39631,1.39654,2.25,2.62
2017.01.11 03:08:33.485,1.39635,1.39655,1.50,1.50
2017.01.11 03:08:33.586,1.39635,1.39656,1.87,1.87
2017.01.11 03:08:33.738,1.39635,1.39657,2.25,1.12
2017.01.11 03:08:35.377,1.39635,1.39656,1.50,1.37
2017.01.11 03:08:35.580,1.39636,1.39657,1.50,1.00
2017.01.11 03:08:36.228,1.39636,1.39658,2.25,2.25
2017.01.11 03:08:37.437,1.39637,1.39658,1.00,1.00
2017.01.11 03:08:37.488,1.39639,1.39658,1.00,1.00
2017.01.11 03:08:37.793,1.39641,1.39658,1.00,1.00
2017.01.11 03:08:37.944,1.39639,1.39662,2.25,3.94
2017.01.11 03:08:37.995,1.39639,1.3966,1.37,1.37
2017.01.11 03:08:38.097,1.39638,1.39659,1.00,1.87
2017.01.11 03:08:38.948,1.39636,1.39658,1.00,2.06
2017.01.11 03:08:39.472,1.39633,1.39656,2.25,1.00
2017.01.11 03:08:39.930,1.39634,1.39656,1.50,1.00
2017.01.11 03:08:40.344,1.39636,1.39658,1.75,4.31
2017.01.11 03:08:40.974,1.39635,1.39657,1.12,1.00
2017.01.11 03:08:41.526,1.39635,1.39656,1.12,1.00
2017.01.11 03:08:42.177,1.39636,1.39658,2.25,1.31
2017.01.11 03:08:44.577,1.39635,1.39657,1.75,1.00
2017.01.11 03:08:45.184,1.39635,1.39658,1.75,2.25
2017.01.11 03:08:45.460,1.39635,1.39657,2.25,1.00
2017.01.11 03:08:46.032,1.39636,1.39658,1.75,2.25
2017.01.11 03:08:46.572,1.39636,1.39657,1.75,1.00
2017.01.11 03:08:49.217,1.39635,1.39658,1.75,1.50
2017.01.11 03:08:49.318,1.39634,1.39658,3.37,2.25
2017.01.11 03:08:51.007,1.39635,1.39658,2.25,1.87
2017.01.11 03:08:51.109,1.39635,1.39658,2.25,1.87
2017.01.11 03:08:57.363,1.39639,1.39659,1.00,2.25
2017.01.11 03:08:57.465,1.39637,1.39659,2.62,1.50
2017.01.11 03:08:57.768,1.3964,1.39662,1.00,2.25
2017.01.11 03:08:57.819,1.39638,1.39661,1.12,1.75
2017.01.11 03:08:58.122,1.39638,1.39661,1.87,1.37
2017.01.11 03:08:58.173,1.39638,1.39661,2.25,1.00
2017.01.11 03:08:58.717,1.39639,1.39662,2.25,1.00
2017.01.11 03:08:59.281,1.39642,1.39663,1.50,2.62
2017.01.11 03:08:59.433,1.39643,1.39664,1.87,1.12
2017.01.11 03:08:59.988,1.39644,1.39665,1.50,1.00
2017.01.11 03:09:03.371,1.39642,1.39664,3.00,1.50
2017.01.11 03:09:03.901,1.39642,1.39663,2.25,1.00
2017.01.11 03:09:04.543,1.39642,1.39664,1.75,3.00
2017.01.11 03:09:05.100,1.39642,1.39663,1.75,1.00
2017.01.11 03:09:06.148,1.39641,1.39664,2.25,3.00
2017.01.11 03:09:12.411,1.39641,1.39663,3.00,1.00
2017.01.11 03:09:13.873,1.39644,1.39663,1.00,1.00
2017.01.11 03:09:14.461,1.39642,1.39664,1.75,2.62
2017.01.11 03:09:14.654,1.39643,1.39665,1.50,3.37
2017.01.11 03:09:18.231,1.39643,1.39661,1.75,1.00
2017.01.11 03:09:18.333,1.3964,1.39661,2.25,1.00
2017.01.11 03:09:18.636,1.3964,1.39662,1.50,3.75
2017.01.11 03:09:18.972,1.39638,1.39659,1.75,1.00
2017.01.11 03:09:19.225,1.39638,1.3966,2.25,2.25
2017.01.11 03:09:19.276,1.39638,1.3966,2.25,1.87
2017.01.11 03:09:19.428,1.39638,1.3966,2.25,1.50
2017.01.11 03:09:19.479,1.39638,1.3966,2.25,1.12
2017.01.11 03:09:19.632,1.3964,1.3966,1.00,1.50
2017.01.11 03:09:22.316,1.39639,1.39661,1.12,2.25
2017.01.11 03:09:23.377,1.39641,1.39662,1.00,2.25
2017.01.11 03:09:23.731,1.3964,1.39663,1.50,1.75
2017.01.11 03:09:23.782,1.3964,1.39663,1.12,1.75
2017.01.11 03:09:24.539,1.39639,1.39661,1.12,1.75
2017.01.11 03:09:27.539,1.3964,1.39662,1.00,2.25
2017.01.11 03:09:27.954,1.39641,1.39663,1.12,2.25
2017.01.11 03:09:35.342,1.39642,1.39662,1.00,1.50
2017.01.11 03:09:36.262,1.39641,1.39665,1.87,1.87
2017.01.11 03:09:42.696,1.39643,1.39663,1.37,1.37
2017.01.11 03:09:43.069,1.39641,1.39661,1.50,1.00
2017.01.11 03:09:43.121,1.3964,1.39661,1.75,1.00
2017.01.11 03:09:43.631,1.3964,1.3966,1.75,1.00
2017.01.11 03:09:44.337,1.39641,1.39661,1.75,1.00
2017.01.11 03:09:47.887,1.39641,1.39663,1.75,2.25
2017.01.11 03:09:48.640,1.39644,1.39664,1.12,1.12
2017.01.11 03:09:48.741,1.39644,1.39664,1.37,1.00
2017.01.11 03:09:48.944,1.39644,1.39665,1.12,1.50
2017.01.11 03:09:49.049,1.39644,1.39665,1.75,1.00
2017.01.11 03:09:51.434,1.39644,1.39666,1.75,1.87
2017.01.11 03:09:52.362,1.3965,1.3967,1.00,3.00
2017.01.11 03:09:52.464,1.39651,1.39673,1.00,2.25
2017.01.11 03:09:52.767,1.39651,1.39674,1.00,2.25
2017.01.11 03:09:53.070,1.39651,1.3967,1.00,1.50
2017.01.11 03:09:53.171,1.39647,1.39667,1.50,1.00
2017.01.11 03:09:53.222,1.39647,1.39665,1.37,1.00
2017.01.11 03:09:53.528,1.39648,1.39663,1.75,1.00
2017.01.11 03:09:53.680,1.39648,1.39667,1.75,1.00
2017.01.11 03:09:54.186,1.39646,1.39666,1.00,1.00
2017.01.11 03:09:54.775,1.39646,1.39664,1.50,1.00
2017.01.11 03:09:56.748,1.39646,1.39667,1.50,1.50
2017.01.11 03:09:57.780,1.39646,1.39664,1.00,1.00
2017.01.11 03:09:58.085,1.3964,1.39661,1.75,1.31
2017.01.11 03:09:59.323,1.39642,1.39662,1.12,1.69
2017.01.11 03:09:59.596,1.39644,1.39662,1.00,1.69
2017.01.11 03:09:59.900,1.39636,1.39656,1.50,1.31
2017.01.11 03:10:00.052,1.39635,1.39655,1.50,1.12
2017.01.11 03:10:00.391,1.39638,1.39659,1.12,1.87
2017.01.11 03:10:00.607,1.39637,1.39655,1.50,1.00
2017.01.11 03:10:00.672,1.39635,1.39654,1.37,1.00
2017.01.11 03:10:00.981,1.39639,1.39656,1.00,1.12
2017.01.11 03:10:01.033,1.39637,1.39656,1.00,1.12
2017.01.11 03:10:01.538,1.39635,1.39656,1.50,1.37
2017.01.11 03:10:01.625,1.39635,1.39656,1.00,1.50
2017.01.11 03:10:02.244,1.39636,1.39656,1.00,1.87
2017.01.11 03:10:02.396,1.39636,1.39656,1.00,1.87
2017.01.11 03:10:02.898,1.39635,1.39655,1.12,1.12
2017.01.11 03:10:06.669,1.39634,1.39654,2.25,1.12
2017.01.11 03:10:07.241,1.39636,1.39655,1.00,1.12
2017.01.11 03:10:07.639,1.39638,1.39654,1.00,1.00
2017.01.11 03:10:07.689,1.39638,1.39657,1.00,1.00
2017.01.11 03:10:07.740,1.3964,1.39658,1.00,1.12
2017.01.11 03:10:08.048,1.3964,1.39658,1.75,1.00
2017.01.11 03:10:08.200,1.39638,1.39656,1.50,1.00
2017.01.11 03:10:08.807,1.39636,1.39656,1.50,1.00
2017.01.11 03:10:09.283,1.39636,1.39654,1.50,1.00
2017.01.11 03:10:13.673,1.39636,1.39653,1.50,1.00
2017.01.11 03:10:14.136,1.39635,1.39653,1.12,1.00
2017.01.11 03:10:14.389,1.39633,1.39652,1.12,1.00
2017.01.11 03:10:15.308,1.39634,1.39652,1.00,1.00
2017.01.11 03:10:15.587,1.39633,1.39655,1.87,2.25
2017.01.11 03:10:15.638,1.39638,1.39656,1.00,2.25
2017.01.11 03:10:15.982,1.39638,1.39657,1.50,1.00
2017.01.11 03:10:16.506,1.39639,1.39658,1.12,1.00
2017.01.11 03:10:17.563,1.39636,1.39658,1.75,2.62
2017.01.11 03:10:17.768,1.39634,1.39653,1.50,1.00
2017.01.11 03:10:17.819,1.39634,1.39653,1.50,1.00
2017.01.11 03:10:17.869,1.39634,1.39653,1.50,1.00
2017.01.11 03:10:18.373,1.39634,1.39654,1.75,1.00
2017.01.11 03:10:18.525,1.39636,1.39654,1.12,1.00
2017.01.11 03:10:18.576,1.39636,1.39653,1.37,1.00
2017.01.11 03:10:18.678,1.39636,1.39653,1.12,1.00
2017.01.11 03:10:19.270,1.39636,1.39654,1.50,1.00
2017.01.11 03:10:21.833,1.39636,1.39656,1.50,1.00
2017.01.11 03:10:24.104,1.39636,1.39656,1.12,1.37
2017.01.11 03:10:24.654,1.39636,1.39654,1.00,1.00
2017.01.11 03:10:25.193,1.39637,1.39654,1.00,1.00
2017.01.11 03:10:26.555,1.39636,1.39654,1.00,1.00
2017.01.11 03:10:27.530,1.39634,1.39654,1.37,1.00
2017.01.11 03:10:27.683,1.39634,1.39652,1.00,1.37
2017.01.11 03:10:27.733,1.39632,1.39652,1.50,1.50
2017.01.11 03:10:28.307,1.39627,1.39647,1.75,1.00
2017.01.11 03:10:28.459,1.39627,1.39647,1.75,1.00
2017.01.11 03:10:29.106,1.39627,1.39648,1.75,1.00
2017.01.11 03:10:32.203,1.39629,1.39648,1.37,1.00
2017.01.11 03:10:33.595,1.39632,1.3965,1.00,1.00
2017.01.11 03:10:33.696,1.39633,1.39652,1.37,1.12
2017.01.11 03:10:34.000,1.39633,1.3965,1.75,1.00
2017.01.11 03:10:34.428,1.39631,1.3965,1.75,1.00
2017.01.11 03:10:34.836,1.39631,1.3965,1.00,1.12
2017.01.11 03:10:40.017,1.39629,1.3965,1.50,1.12
2017.01.11 03:10:40.122,1.39626,1.39646,3.00,1.00
2017.01.11 03:10:40.223,1.39626,1.39646,3.00,1.12
2017.01.11 03:10:40.274,1.39627,1.39646,1.00,1.12
2017.01.11 03:10:40.325,1.39627,1.39646,1.37,1.00
2017.01.11 03:10:40.667,1.39626,1.39647,3.00,1.00
2017.01.11 03:10:40.889,1.39626,1.39647,1.75,1.00
2017.01.11 03:10:41.476,1.39627,1.39646,1.75,1.00
2017.01.11 03:10:43.112,1.39625,1.39646,2.25,1.00
2017.01.11 03:10:43.761,1.39626,1.39646,1.75,1.37
2017.01.11 03:10:43.963,1.39626,1.39646,1.75,1.37
2017.01.11 03:10:46.268,1.39627,1.39646,1.50,1.12
2017.01.11 03:10:46.804,1.39627,1.39647,1.50,1.00
2017.01.11 03:10:47.370,1.39625,1.39646,1.75,1.37
2017.01.11 03:10:47.511,1.39624,1.39645,1.87,1.87
2017.01.11 03:10:47.714,1.39622,1.39643,1.37,1.37
2017.01.11 03:10:48.054,1.39626,1.39645,1.00,3.75
2017.01.11 03:10:48.272,1.39621,1.39642,1.50,1.12
2017.01.11 03:10:49.876,1.39619,1.3964,2.25,1.12
2017.01.11 03:10:50.216,1.39622,1.3964,1.00,1.12
2017.01.11 03:10:50.763,1.39621,1.39642,1.50,2.44
2017.01.11 03:10:51.740,1.39622,1.39642,1.00,2.00
2017.01.11 03:10:52.161,1.39623,1.39642,1.00,1.12
2017.01.11 03:10:52.414,1.39622,1.3964,1.12,1.00
2017.01.11 03:10:52.719,1.39618,1.39636,1.50,1.00
2017.01.11 03:10:52.972,1.39621,1.39641,1.00,1.50
2017.01.11 03:10:53.023,1.39621,1.39641,1.37,1.12
2017.01.11 03:10:53.256,1.39621,1.3964,1.87,1.00
2017.01.11 03:10:53.849,1.39622,1.3964,1.00,1.00
2017.01.11 03:10:53.902,1.39625,1.3964,1.00,1.00
2017.01.11 03:10:54.206,1.39626,1.39644,2.25,1.00
2017.01.11 03:10:54.820,1.39626,1.39645,1.75,1.00
2017.01.11 03:10:54.972,1.39623,1.39644,1.75,1.00
2017.01.11 03:10:55.459,1.39625,1.39644,1.75,1.00
2017.01.11 03:10:56.045,1.39625,1.39645,1.75,1.00
2017.01.11 03:10:57.247,1.39625,1.39645,1.75,1.00
2017.01.11 03:10:58.138,1.39625,1.39642,1.75,1.50
2017.01.11 03:10:58.240,1.39623,1.39639,1.00,1.50
2017.01.11 03:10:58.746,1.39623,1.39638,1.00,1.00
2017.01.11 03:10:58.848,1.39615,1.39635,2.25,1.00
2017.01.11 03:10:58.929,1.39615,1.39634,1.12,1.00
2017.01.11 03:11:00.121,1.39614,1.39633,1.50,1.00
2017.01.11 03:11:00.197,1.39611,1.39631,1.75,1.00
2017.01.11 03:11:00.248,1.3961,1.39629,1.50,1.00
2017.01.11 03:11:00.300,1.39607,1.39627,2.25,1.00
2017.01.11 03:11:00.554,1.39612,1.39631,1.00,1.12
2017.01.11 03:11:00.859,1.39612,1.39633,1.75,1.50
2017.01.11 03:11:01.368,1.39613,1.39634,1.50,1.87
2017.01.11 03:11:01.776,1.39614,1.39635,1.75,1.00
2017.01.11 03:11:02.392,1.39614,1.39634,1.75,1.00
2017.01.11 03:11:02.793,1.39613,1.39633,1.50,1.00
2017.01.11 03:11:02.844,1.39609,1.39632,1.75,1.00
2017.01.11 03:11:02.946,1.39609,1.39632,2.06,2.25
2017.01.11 03:11:03.502,1.3961,1.3963,1.50,1.00
2017.01.11 03:11:04.623,1.3961,1.39631,1.50,1.12
2017.01.11 03:11:05.153,1.39611,1.3963,1.00,1.50
2017.01.11 03:11:05.258,1.39611,1.39632,1.00,2.25
2017.01.11 03:11:05.562,1.39613,1.39633,1.00,1.50
2017.01.11 03:11:06.204,1.39612,1.39633,1.12,2.25
2017.01.11 03:11:09.040,1.39612,1.39632,1.12,1.50
2017.01.11 03:11:09.361,1.3961,1.39632,1.12,1.75
2017.01.11 03:11:09.513,1.39609,1.39628,2.25,1.00
2017.01.11 03:11:09.615,1.39606,1.39628,2.25,1.50
2017.01.11 03:11:09.665,1.39606,1.39628,1.00,3.00
2017.01.11 03:11:10.450,1.39607,1.39627,1.00,1.75
2017.01.11 03:11:11.917,1.39606,1.39626,1.00,1.50
2017.01.11 03:11:13.859,1.39605,1.39626,1.00,2.25
2017.01.11 03:11:14.163,1.39606,1.39623,1.00,1.75
2017.01.11 03:11:14.482,1.39612,1.39629,1.00,2.62
2017.01.11 03:11:14.684,1.39614,1.39634,1.50,1.50
2017.01.11 03:11:14.786,1.39617,1.39633,1.00,1.00
2017.01.11 03:11:14.837,1.39618,1.39637,1.00,1.50
2017.01.11 03:11:14.888,1.3962,1.39638,1.00,1.50
2017.01.11 03:11:14.939,1.39618,1.39638,1.00,1.50
2017.01.11 03:11:15.190,1.39617,1.39637,1.00,1.37
2017.01.11 03:11:15.495,1.39616,1.39636,1.00,1.75
2017.01.11 03:11:16.295,1.39615,1.39636,1.00,2.25
2017.01.11 03:11:19.268,1.39615,1.39635,1.00,1.75
2017.01.11 03:11:19.688,1.39613,1.39632,1.00,1.75
2017.01.11 03:11:19.992,1.39614,1.39634,1.00,1.75
2017.01.11 03:11:20.649,1.39615,1.39632,1.00,1.75
2017.01.11 03:11:21.664,1.39614,1.39632,1.00,1.75
2017.01.11 03:11:23.165,1.39614,1.3963,1.00,1.00
2017.01.11 03:11:25.927,1.39618,1.39633,1.00,1.75
2017.01.11 03:11:26.079,1.3962,1.39638,1.00,2.25
2017.01.11 03:11:26.181,1.3962,1.39638,1.00,1.87
2017.01.11 03:11:30.168,1.39619,1.39638,1.00,1.12
2017.01.11 03:11:30.220,1.39621,1.39638,1.00,1.12
2017.01.11 03:11:30.475,1.39621,1.39642,1.12,1.87
2017.01.11 03:11:30.578,1.39621,1.39639,1.00,1.37
2017.01.11 03:11:30.680,1.39617,1.39637,1.00,1.37
2017.01.11 03:11:30.731,1.39615,1.39635,1.50,1.37
2017.01.11 03:11:31.034,1.39614,1.39636,1.50,2.25
2017.01.11 03:11:31.338,1.39614,1.39633,1.00,1.75
2017.01.11 03:11:31.492,1.39612,1.39633,1.50,1.75
2017.01.11 03:11:35.820,1.39611,1.39631,1.00,1.75
2017.01.11 03:11:36.607,1.39611,1.39631,1.37,1.37
2017.01.11 03:11:37.139,1.39612,1.39631,1.12,1.00
2017.01.11 03:11:38.008,1.39612,1.39633,1.12,2.25
2017.01.11 03:11:38.059,1.39614,1.39633,1.00,1.50
2017.01.11 03:11:38.839,1.39613,1.39632,1.00,1.12
2017.01.11 03:11:38.992,1.3961,1.39631,1.12,1.50
2017.01.11 03:11:39.623,1.3961,1.39631,1.12,1.12
2017.01.11 03:11:40.174,1.39611,1.39631,1.00,1.12
2017.01.11 03:11:41.105,1.3961,1.39631,1.12,1.12
2017.01.11 03:11:41.437,1.39609,1.3963,1.50,1.37
2017.01.11 03:11:42.579,1.39607,1.39628,1.75,1.00
2017.01.11 03:11:42.882,1.39607,1.39627,1.00,1.75
2017.01.11 03:11:44.396,1.39606,1.39627,1.00,1.75
2017.01.11 03:11:44.904,1.39607,1.39627,1.00,1.75
2017.01.11 03:11:45.460,1.39606,1.39628,1.50,1.75
2017.01.11 03:11:46.891,1.39608,1.39629,1.00,2.25
2017.01.11 03:11:47.197,1.39616,1.39635,1.00,1.75
2017.01.11 03:11:47.249,1.39616,1.39637,1.00,1.75
2017.01.11 03:11:47.350,1.39616,1.39638,1.12,4.12
2017.01.11 03:11:47.997,1.39617,1.39638,1.00,1.75
2017.01.11 03:11:48.503,1.39616,1.39638,1.12,1.75
2017.01.11 03:11:49.293,1.39618,1.39638,1.00,1.75
2017.01.11 03:11:50.001,1.39616,1.39638,1.12,1.75
2017.01.11 03:11:50.407,1.39621,1.3964,1.00,1.75
2017.01.11 03:11:50.611,1.39624,1.39644,1.00,1.75
2017.01.11 03:11:50.712,1.39624,1.39644,1.00,1.00
2017.01.11 03:11:51.223,1.39622,1.39644,1.31,3.75
2017.01.11 03:11:52.228,1.39621,1.39642,1.31,1.75
2017.01.11 03:11:56.310,1.39623,1.39643,1.00,1.75
2017.01.11 03:11:56.462,1.39623,1.39643,1.00,1.50
2017.01.11 03:11:56.996,1.39621,1.39643,2.81,3.00
2017.01.11 03:11:57.047,1.39621,1.39642,2.06,1.75
2017.01.11 03:11:57.866,1.3962,1.39642,2.44,2.25
2017.01.11 03:11:59.471,1.3962,1.39642,3.04,2.25
2017.01.11 03:11:59.775,1.3963,1.39642,1.00,1.00
2017.01.11 03:11:59.827,1.3963,1.3965,1.12,1.12
2017.01.11 03:12:00.377,1.39624,1.39646,2.81,1.00
2017.01.11 03:12:00.529,1.39624,1.39644,2.06,1.00
2017.01.11 03:12:00.731,1.3962,1.39642,2.81,1.00
2017.01.11 03:12:01.255,1.3962,1.39642,2.06,1.12
2017.01.11 03:12:01.656,1.39623,1.39645,1.37,2.62
2017.01.11 03:12:01.961,1.39624,1.39645,1.75,1.00
2017.01.11 03:12:02.503,1.39627,1.39646,1.00,2.62
2017.01.11 03:12:02.806,1.39623,1.39644,1.75,1.50
2017.01.11 03:12:04.604,1.39632,1.39645,1.00,1.00
2017.01.11 03:12:04.908,1.39634,1.39654,1.00,2.62
2017.01.11 03:12:05.060,1.39632,1.39654,2.06,2.62
2017.01.11 03:12:05.330,1.39632,1.39651,2.81,1.00
2017.01.11 03:12:05.443,1.39632,1.39651,1.12,1.50
2017.01.11 03:12:05.847,1.39631,1.39652,2.06,1.12
2017.01.11 03:12:06.254,1.39633,1.39654,2.06,1.12
2017.01.11 03:12:07.458,1.39633,1.39654,2.81,1.87
2017.01.11 03:12:08.152,1.39635,1.39654,1.25,1.87
2017.01.11 03:12:09.056,1.39634,1.39654,1.31,1.87
2017.01.11 03:12:09.471,1.39633,1.39654,2.44,1.12
2017.01.11 03:12:10.880,1.39634,1.39655,1.31,2.25
2017.01.11 03:12:11.249,1.39632,1.39651,1.75,1.00
2017.01.11 03:12:11.300,1.39634,1.39653,1.12,2.62
2017.01.11 03:12:11.351,1.39632,1.39651,1.75,1.00
2017.01.11 03:12:11.854,1.39633,1.39652,1.50,1.00
2017.01.11 03:12:12.158,1.39632,1.39653,1.75,3.56
2017.01.11 03:12:13.359,1.3963,1.39652,2.25,2.06
2017.01.11 03:12:16.642,1.39631,1.39653,1.87,2.06
2017.01.11 03:12:16.895,1.39629,1.39652,2.25,3.00
2017.01.11 03:12:20.367,1.39627,1.39648,1.87,1.37
2017.01.11 03:12:20.671,1.39629,1.39646,1.00,1.56
2017.01.11 03:12:21.327,1.39629,1.39646,1.00,1.50
2017.01.11 03:12:21.770,1.39627,1.39646,1.00,1.00
2017.01.11 03:12:22.073,1.39625,1.39647,1.50,1.00
2017.01.11 03:12:22.377,1.39629,1.39647,1.00,1.00
2017.01.11 03:12:23.042,1.3963,1.39647,1.00,1.50
2017.01.11 03:12:23.143,1.39628,1.39647,1.50,1.00
2017.01.11 03:12:23.325,1.39628,1.3965,2.25,3.00
2017.01.11 03:12:23.974,1.3963,1.3965,1.00,1.50
2017.01.11 03:12:24.484,1.39631,1.39652,1.00,2.81
2017.01.11 03:12:24.883,1.39631,1.39651,1.12,1.12
2017.01.11 03:12:25.088,1.3963,1.39652,1.12,3.94
2017.01.11 03:12:26.610,1.39628,1.3965,2.25,1.50
2017.01.11 03:12:26.913,1.39625,1.39646,1.75,1.25
2017.01.11 03:12:27.460,1.39625,1.39646,1.50,1.69
2017.01.11 03:12:32.282,1.39623,1.39646,1.75,2.62
2017.01.11 03:12:32.807,1.39623,1.39644,1.50,1.12
2017.01.11 03:12:33.937,1.39625,1.39645,1.50,1.50
2017.01.11 03:12:34.190,1.39625,1.39646,2.25,1.25
2017.01.11 03:12:35.728,1.39622,1.39644,3.37,1.00
2017.01.11 03:12:35.882,1.3962,1.3964,1.50,1.00
2017.01.11 03:12:36.337,1.39618,1.3964,1.00,3.00
2017.01.11 03:12:36.490,1.3962,1.3964,1.00,3.00
2017.01.11 03:12:36.798,1.39622,1.3964,1.00,3.00
2017.01.11 03:12:37.182,1.39618,1.39638,1.00,1.62
2017.01.11 03:12:37.732,1.39619,1.39639,1.00,3.00
2017.01.11 03:12:38.243,1.39618,1.39639,1.00,2.25
2017.01.11 03:12:39.319,1.39619,1.39638,1.00,2.06
2017.01.11 03:12:39.422,1.39619,1.39637,1.00,1.37
2017.01.11 03:12:39.476,1.39615,1.39634,1.87,1.00
2017.01.11 03:12:39.680,1.39614,1.39634,1.12,1.00
2017.01.11 03:12:39.833,1.39616,1.39636,1.00,1.50
2017.01.11 03:12:40.137,1.39618,1.3964,1.87,3.00
2017.01.11 03:12:40.692,1.3962,1.39638,1.00,1.31
2017.01.11 03:12:42.037,1.39618,1.39638,2.25,1.31
2017.01.11 03:12:42.298,1.39617,1.39637,1.50,1.69
2017.01.11 03:12:42.501,1.39614,1.39634,1.87,1.25
2017.01.11 03:12:42.825,1.39616,1.39634,1.00,1.69
2017.01.11 03:12:43.230,1.39617,1.39637,1.00,1.31
2017.01.11 03:12:43.433,1.39619,1.39638,1.00,1.00
2017.01.11 03:12:43.810,1.39616,1.39639,3.37,1.75
2017.01.11 03:12:43.912,1.39614,1.39636,1.50,1.69
2017.01.11 03:12:45.658,1.39616,1.39635,1.00,2.25
2017.01.11 03:12:46.147,1.39613,1.39633,1.50,1.00
2017.01.11 03:12:46.249,1.39613,1.39631,1.12,1.87
2017.01.11 03:12:46.300,1.3961,1.3963,1.00,1.31
2017.01.11 03:12:46.615,1.39612,1.39633,1.00,1.75
2017.01.11 03:12:46.666,1.3961,1.39631,1.12,1.12
2017.01.11 03:12:46.717,1.3961,1.39631,1.00,2.62
2017.01.11 03:12:46.819,1.39607,1.3963,2.25,2.06
2017.01.11 03:12:46.971,1.3961,1.3963,1.00,1.31
2017.01.11 03:12:47.125,1.3961,1.39631,1.00,1.00
2017.01.11 03:12:47.227,1.39609,1.3963,1.12,1.50
2017.01.11 03:12:47.531,1.39608,1.39629,1.12,2.81
2017.01.11 03:12:47.632,1.39608,1.39629,1.12,1.62
2017.01.11 03:12:48.010,1.39609,1.39628,1.00,1.50
2017.01.11 03:12:48.263,1.39607,1.39626,1.00,2.06
2017.01.11 03:12:48.769,1.39606,1.39626,1.00,2.06
2017.01.11 03:12:49.362,1.39605,1.39626,1.12,3.19
2017.01.11 03:12:49.869,1.39605,1.39624,1.12,1.31
2017.01.11 03:12:50.015,1.39605,1.39623,1.12,1.56
2017.01.11 03:12:50.320,1.39606,1.39626,1.00,3.56
2017.01.11 03:12:50.894,1.3961,1.39626,1.00,2.06
2017.01.11 03:12:51.449,1.39609,1.39626,1.00,2.06
2017.01.11 03:12:52.426,1.3961,1.39626,1.00,2.06
2017.01.11 03:12:52.676,1.39608,1.39626,1.00,2.06
2017.01.11 03:12:56.406,1.39611,1.39626,1.00,1.62
2017.01.11 03:12:56.550,1.39608,1.39626,1.00,1.62
2017.01.11 03:12:57.208,1.3961,1.39626,1.00,1.62
2017.01.11 03:12:57.407,1.39608,1.39626,1.00,1.62
2017.01.11 03:12:59.328,1.39605,1.39626,1.87,1.62
2017.01.11 03:12:59.480,1.39608,1.39627,1.00,3.00
2017.01.11 03:13:00.743,1.39609,1.39627,1.00,2.25
2017.01.11 03:13:01.047,1.39607,1.39627,1.12,1.50
2017.01.11 03:13:01.549,1.39605,1.39628,3.00,1.50
2017.01.11 03:13:02.473,1.39605,1.39626,3.00,1.00
2017.01.11 03:13:03.253,1.39605,1.39627,3.00,1.12
2017.01.11 03:13:03.759,1.39605,1.39626,2.25,1.00
2017.01.11 03:13:04.976,1.39605,1.39627,2.25,1.12
2017.01.11 03:13:06.427,1.39604,1.39626,3.00,1.00
2017.01.11 03:13:09.801,1.39605,1.39627,1.75,1.12
2017.01.11 03:13:10.207,1.39605,1.39625,2.25,1.00
2017.01.11 03:13:10.736,1.39605,1.39626,1.75,1.00
2017.01.11 03:13:11.277,1.39606,1.39627,1.50,1.12
2017.01.11 03:13:12.109,1.39606,1.39627,1.50,2.25
2017.01.11 03:13:12.622,1.39604,1.39625,2.25,1.00
2017.01.11 03:13:13.250,1.39604,1.39626,2.25,1.12
2017.01.11 03:13:14.101,1.39603,1.39625,1.37,1.75
2017.01.11 03:13:14.651,1.39603,1.39624,1.00,1.87
2017.01.11 03:13:15.740,1.39602,1.39623,2.62,1.50
2017.01.11 03:13:23.796,1.39605,1.39624,1.00,2.25
2017.01.11 03:13:24.321,1.39605,1.39624,1.00,1.12
2017.01.11 03:13:24.896,1.39603,1.39622,1.00,1.37
2017.01.11 03:13:25.401,1.39604,1.39625,2.62,1.75
2017.01.11 03:13:25.817,1.39604,1.39625,2.62,1.12
2017.01.11 03:13:26.801,1.39606,1.39626,1.50,1.00
2017.01.11 03:13:27.308,1.39607,1.39627,1.12,1.12
2017.01.11 03:13:27.615,1.39608,1.39628,1.75,1.00
2017.01.11 03:13:27.767,1.39607,1.39628,1.00,2.25
2017.01.11 03:13:28.552,1.39606,1.39628,2.62,2.25
2017.01.11 03:13:29.231,1.39605,1.39624,1.50,1.00
2017.01.11 03:13:29.384,1.39603,1.39624,1.50,1.12
2017.01.11 03:13:30.039,1.39602,1.39623,2.25,1.00
2017.01.11 03:13:31.262,1.39603,1.39624,1.50,1.87
2017.01.11 03:13:33.767,1.39603,1.39623,2.25,1.00
2017.01.11 03:13:34.531,1.39606,1.39626,1.00,3.00
2017.01.11 03:13:34.684,1.39607,1.39628,1.00,1.87
2017.01.11 03:13:35.204,1.39607,1.39628,1.50,1.12
2017.01.11 03:13:44.703,1.39607,1.39628,1.12,1.37
2017.01.11 03:13:45.247,1.39605,1.39627,1.87,3.00
2017.01.11 03:13:45.756,1.39606,1.39625,1.00,1.75
2017.01.11 03:13:46.227,1.39606,1.39627,1.50,1.12
2017.01.11 03:13:46.592,1.39609,1.39629,1.00,3.00
2017.01.11 03:13:46.794,1.3961,1.39631,1.00,1.75
2017.01.11 03:13:46.896,1.3961,1.39631,1.50,1.12
2017.01.11 03:13:47.412,1.3961,1.3963,2.81,1.00
2017.01.11 03:13:49.604,1.39611,1.39631,1.69,1.12
2017.01.11 03:13:55.568,1.3961,1.39632,2.81,1.50
2017.01.11 03:13:56.438,1.39613,1.39632,1.25,1.00
2017.01.11 03:13:56.946,1.39613,1.39631,1.25,1.00
2017.01.11 03:13:58.005,1.39612,1.39632,1.62,1.00
2017.01.11 03:13:58.259,1.39612,1.39631,1.31,1.00
2017.01.11 03:13:58.395,1.39612,1.39632,1.62,1.00
2017.01.11 03:13:58.547,1.3961,1.3963,1.31,1.50
2017.01.11 03:13:58.649,1.3961,1.3963,1.25,2.62
2017.01.11 03:13:58.750,1.3961,1.39627,1.25,1.00
2017.01.11 03:13:59.642,1.3961,1.39628,1.25,1.00
2017.01.11 03:14:00.403,1.39609,1.39627,1.62,1.00
2017.01.11 03:14:00.658,1.39609,1.3963,2.81,1.12
2017.01.11 03:14:01.164,1.39609,1.3963,1.50,1.87
2017.01.11 03:14:01.268,1.39609,1.39627,1.50,1.00
2017.01.11 03:14:02.451,1.39608,1.39628,2.81,1.00
2017.01.11 03:14:03.123,1.39608,1.3963,2.06,1.87
2017.01.11 03:14:03.717,1.39609,1.39629,1.31,1.00
2017.01.11 03:14:04.959,1.39608,1.39629,2.06,1.00
2017.01.11 03:14:08.198,1.39609,1.39629,1.31,1.00
2017.01.11 03:14:10.335,1.39609,1.3963,2.81,1.12
2017.01.11 03:14:10.894,1.3961,1.3963,1.12,1.12
2017.01.11 03:14:15.548,1.39611,1.3963,1.00,1.12
2017.01.11 03:14:16.178,1.39612,1.39631,1.00,2.25
2017.01.11 03:14:16.230,1.3961,1.39631,1.12,2.25
2017.01.11 03:14:16.282,1.3961,1.39631,1.69,2.25
2017.01.11 03:14:16.457,1.39612,1.39634,2.81,3.00
2017.01.11 03:14:16.559,1.39612,1.3963,1.00,1.00
2017.01.11 03:14:16.775,1.39608,1.39629,1.31,1.75
2017.01.11 03:14:16.976,1.39609,1.39629,1.25,1.12
2017.01.11 03:14:17.178,1.3961,1.39632,1.56,3.75
2017.01.11 03:14:17.729,1.3961,1.3963,1.50,1.50
2017.01.11 03:14:20.109,1.39611,1.39631,1.31,1.75
2017.01.11 03:14:20.414,1.39612,1.39632,1.56,1.50
2017.01.11 03:14:23.325,1.39613,1.39631,1.12,1.00
2017.01.11 03:14:23.427,1.39613,1.39631,1.69,1.00
2017.01.11 03:14:23.688,1.39614,1.39633,1.56,1.12
2017.01.11 03:14:24.484,1.39614,1.39633,1.69,1.00
2017.01.11 03:14:25.093,1.39614,1.39633,1.31,1.50
2017.01.11 03:14:26.321,1.39616,1.39634,1.00,1.75
2017.01.11 03:14:26.372,1.39616,1.39635,1.50,1.12
2017.01.11 03:14:26.423,1.39616,1.39636,1.56,1.50
2017.01.11 03:14:26.576,1.39618,1.39638,1.69,1.12
2017.01.11 03:14:27.082,1.39618,1.39637,1.12,1.00
2017.01.11 03:14:27.605,1.39618,1.39636,1.12,1.00
2017.01.11 03:14:28.123,1.39618,1.39636,1.00,1.37
2017.01.11 03:14:28.883,1.39616,1.39636,1.00,1.37
2017.01.11 03:14:29.494,1.39616,1.39636,1.56,1.37
2017.01.11 03:14:30.150,1.39618,1.39637,1.00,1.50
2017.01.11 03:14:30.454,1.39615,1.39635,1.75,1.37
2017.01.11 03:14:30.707,1.39614,1.39633,1.31,1.87
2017.01.11 03:14:30.809,1.39611,1.39631,1.12,1.12
2017.01.11 03:14:30.911,1.39608,1.39629,3.00,1.00
2017.01.11 03:14:31.215,1.39601,1.3962,1.75,1.00
2017.01.11 03:14:31.317,1.39599,1.39619,2.25,1.00
2017.01.11 03:14:31.759,1.39605,1.39623,1.00,3.00
2017.01.11 03:14:32.063,1.39607,1.39628,1.00,1.87
2017.01.11 03:14:33.103,1.39608,1.39627,1.00,1.87
2017.01.11 03:14:33.306,1.39608,1.39628,1.00,3.37
2017.01.11 03:14:33.916,1.39607,1.39627,1.00,3.00
2017.01.11 03:14:34.884,1.39605,1.39627,3.00,2.25
2017.01.11 03:14:34.985,1.39605,1.39627,1.50,2.25
2017.01.11 03:14:35.289,1.39607,1.39627,1.00,3.00
2017.01.11 03:14:35.509,1.39605,1.39628,1.50,2.25
2017.01.11 03:14:35.619,1.39608,1.39628,1.00,1.50
2017.01.11 03:14:36.173,1.39608,1.39628,1.12,1.00
2017.01.11 03:14:36.705,1.39608,1.39629,1.12,1.12
2017.01.11 03:14:37.255,1.39609,1.39629,1.00,1.12
2017.01.11 03:14:37.559,1.39611,1.39632,2.06,1.00
2017.01.11 03:14:37.827,1.39605,1.39627,2.06,2.25
2017.01.11 03:14:37.878,1.39608,1.39627,1.00,2.25
2017.01.11 03:14:38.383,1.39607,1.39627,1.00,2.25
2017.01.11 03:14:38.702,1.39605,1.39627,1.31,2.25
2017.01.11 03:14:38.905,1.39605,1.39626,2.06,1.50
2017.01.11 03:14:39.511,1.39605,1.39626,2.06,1.50
2017.01.11 03:14:39.896,1.39606,1.39627,1.56,1.50
2017.01.11 03:14:39.997,1.39606,1.39627,1.31,2.25
2017.01.11 03:14:41.265,1.39605,1.39626,1.56,1.00
2017.01.11 03:14:41.803,1.39605,1.39625,1.56,1.00
2017.01.11 03:14:42.351,1.39605,1.39624,1.56,1.00
2017.01.11 03:14:42.503,1.39601,1.39624,2.06,1.75
2017.01.11 03:14:42.604,1.39601,1.39624,1.56,2.25
2017.01.11 03:14:43.738,1.39603,1.39624,1.56,1.75
2017.01.11 03:14:45.490,1.39602,1.39625,3.19,2.25
2017.01.11 03:14:45.693,1.39607,1.39627,1.00,2.25
2017.01.11 03:14:45.855,1.39607,1.39627,1.56,1.50
2017.01.11 03:14:45.906,1.39609,1.3963,1.62,1.87
2017.01.11 03:14:46.446,1.39609,1.39628,1.62,1.00
2017.01.11 03:14:46.598,1.39607,1.39626,1.25,1.50
2017.01.11 03:14:46.750,1.39605,1.39625,1.31,1.00
2017.01.11 03:14:47.003,1.39606,1.39627,1.50,1.00
2017.01.11 03:14:47.104,1.39605,1.39627,2.06,1.00
2017.01.11 03:14:47.206,1.39605,1.39627,2.06,1.12
2017.01.11 03:14:49.533,1.39605,1.39625,1.31,1.00
2017.01.11 03:14:49.902,1.39603,1.39622,1.31,1.00
2017.01.11 03:14:50.413,1.39602,1.39622,1.31,1.00
2017.01.11 03:14:51.127,1.39602,1.39622,1.31,1.50
2017.01.11 03:14:51.654,1.39602,1.39623,2.06,1.87
2017.01.11 03:14:53.640,1.39602,1.39623,2.06,2.62
2017.01.11 03:14:54.278,1.39602,1.39622,2.06,1.00
2017.01.11 03:14:55.945,1.39602,1.39622,1.62,1.50
2017.01.11 03:14:56.489,1.39602,1.39622,1.31,1.50
2017.01.11 03:14:57.361,1.39602,1.39624,2.81,1.50
2017.01.11 03:14:57.513,1.39604,1.39625,2.06,1.12
2017.01.11 03:14:57.816,1.39604,1.39625,1.69,1.00
2017.01.11 03:14:58.334,1.39604,1.39626,3.19,3.00
2017.01.11 03:15:00.144,1.39608,1.39626,1.00,1.50
2017.01.11 03:15:00.246,1.39608,1.39629,1.69,1.50
2017.01.11 03:15:00.501,1.39607,1.39625,1.62,1.50
2017.01.11 03:15:00.653,1.39605,1.39625,1.00,1.00
2017.01.11 03:15:01.646,1.39605,1.39626,2.06,1.50
2017.01.11 03:15:01.748,1.39607,1.39626,1.31,1.00
2017.01.11 03:15:01.849,1.39609,1.39628,1.62,1.50
2017.01.11 03:15:02.001,1.39609,1.39626,1.62,1.00
2017.01.11 03:15:02.557,1.39609,1.39626,1.00,1.12
2017.01.11 03:15:02.659,1.39607,1.39627,1.31,1.50
2017.01.11 03:15:02.862,1.39608,1.39628,1.25,1.87
2017.01.11 03:15:03.312,1.39607,1.39625,1.50,1.00
2017.01.11 03:15:03.618,1.39603,1.39622,1.75,1.00
2017.01.11 03:15:03.770,1.39603,1.39622,2.06,1.12
2017.01.11 03:15:03.821,1.39603,1.39622,1.69,1.00
2017.01.11 03:15:03.973,1.39601,1.39622,2.81,1.00
2017.01.11 03:15:04.493,1.39601,1.39621,2.06,1.00
2017.01.11 03:15:05.256,1.39602,1.39623,1.31,3.00
2017.01.11 03:15:06.038,1.39602,1.39622,1.31,1.00
2017.01.11 03:15:07.162,1.39604,1.39623,1.25,2.25
2017.01.11 03:15:07.263,1.39603,1.39624,2.06,2.62
2017.01.11 03:15:07.466,1.39606,1.39626,1.31,1.00
2017.01.11 03:15:07.617,1.39606,1.39628,1.31,2.25
2017.01.11 03:15:07.668,1.39606,1.39628,1.31,1.50
2017.01.11 03:15:08.543,1.39605,1.39627,2.25,1.00
2017.01.11 03:15:08.644,1.39605,1.39627,2.25,1.00
2017.01.11 03:15:09.594,1.39604,1.39626,2.06,1.00
2017.01.11 03:15:15.564,1.39605,1.39627,1.75,2.25
2017.01.11 03:15:16.397,1.39605,1.39626,1.37,1.12
2017.01.11 03:15:16.583,1.39605,1.39626,1.12,2.25
2017.01.11 03:15:20.046,1.39603,1.39624,2.25,1.37
2017.01.11 03:15:20.349,1.39602,1.39621,1.12,1.50
2017.01.11 03:15:20.823,1.396,1.39621,1.00,2.62
2017.01.11 03:15:21.065,1.39603,1.39621,1.00,2.62
2017.01.11 03:15:21.414,1.39609,1.39626,1.56,1.75
2017.01.11 03:15:21.466,1.39607,1.39628,1.87,2.62
2017.01.11 03:15:22.038,1.39606,1.39626,1.69,2.25
2017.01.11 03:15:22.089,1.39606,1.39626,1.31,3.00
2017.01.11 03:15:23.654,1.39605,1.39626,1.00,3.00
2017.01.11 03:15:24.160,1.39606,1.39626,1.00,2.25
2017.01.11 03:15:24.414,1.39606,1.39628,1.12,1.12
2017.01.11 03:15:24.465,1.39606,1.39629,1.75,1.87
2017.01.11 03:15:24.769,1.39603,1.39625,1.75,1.50
2017.01.11 03:15:27.505,1.39604,1.39624,1.75,1.00
2017.01.11 03:15:28.378,1.39604,1.39625,1.75,1.50
2017.01.11 03:15:29.214,1.39603,1.39623,1.75,1.00
2017.01.11 03:15:29.265,1.39604,1.39625,1.75,1.50
2017.01.11 03:15:29.366,1.39606,1.39625,1.00,1.87
2017.01.11 03:15:29.518,1.39606,1.39626,1.50,1.87
2017.01.11 03:15:30.639,1.39605,1.39625,1.25,1.12
2017.01.11 03:15:31.315,1.39606,1.39625,1.00,1.12
2017.01.11 03:15:33.726,1.39605,1.39625,1.69,1.12
2017.01.11 03:15:33.828,1.3961,1.39626,1.00,1.37
2017.01.11 03:15:33.879,1.39608,1.39626,1.00,1.00
2017.01.11 03:15:34.384,1.39608,1.39628,1.00,2.62
2017.01.11 03:15:34.486,1.39604,1.39624,1.75,1.50
2017.01.11 03:15:34.588,1.39604,1.39624,1.75,1.50
2017.01.11 03:15:34.690,1.39604,1.39624,1.12,1.87
2017.01.11 03:15:35.266,1.39602,1.39621,1.37,1.87
2017.01.11 03:15:35.503,1.39604,1.39623,1.50,2.25
2017.01.11 03:15:35.657,1.39602,1.39623,1.00,1.75
2017.01.11 03:15:35.799,1.396,1.39618,1.50,1.00
2017.01.11 03:15:35.901,1.39597,1.39618,2.81,1.00
2017.01.11 03:15:36.055,1.39597,1.39618,1.56,1.50
2017.01.11 03:15:36.587,1.396,1.39619,1.00,1.50
2017.01.11 03:15:39.472,1.396,1.3962,1.37,1.37
2017.01.11 03:15:40.227,1.39601,1.3962,1.12,1.00
2017.01.11 03:15:44.028,1.39601,1.39621,1.12,1.12
2017.01.11 03:15:45.122,1.39602,1.39622,1.00,2.25
2017.01.11 03:15:49.284,1.39602,1.39623,1.37,1.37
2017.01.11 03:15:49.787,1.39602,1.39623,1.75,1.50
2017.01.11 03:15:50.305,1.39601,1.39622,3.00,1.00
2017.01.11 03:15:51.041,1.39601,1.39623,3.00,2.25
2017.01.11 03:15:51.565,1.39601,1.39622,2.25,1.50
2017.01.11 03:15:52.247,1.396,1.3962,2.25,1.00
2017.01.11 03:15:52.349,1.39597,1.39619,1.31,1.00
2017.01.11 03:15:52.400,1.39596,1.39619,1.56,1.75
2017.01.11 03:15:52.502,1.39597,1.39617,1.69,1.12
2017.01.11 03:15:52.655,1.39596,1.39615,1.50,1.00
2017.01.11 03:15:53.037,1.39592,1.39613,2.25,1.00
2017.01.11 03:15:53.546,1.39594,1.39614,2.25,1.50
2017.01.11 03:15:54.457,1.39593,1.39613,1.75,1.00
2017.01.11 03:15:54.508,1.39593,1.39613,1.00,2.25
2017.01.11 03:15:54.661,1.3959,1.39612,1.75,3.19
2017.01.11 03:15:55.218,1.39593,1.39612,1.00,1.25
2017.01.11 03:15:55.421,1.39592,1.39615,1.87,1.87
2017.01.11 03:15:55.623,1.39592,1.39611,1.12,1.00
2017.01.11 03:15:58.140,1.3959,1.3961,1.75,1.00
2017.01.11 03:15:58.730,1.3959,1.39611,2.25,1.50
2017.01.11 03:15:59.286,1.39591,1.39612,1.50,3.19
2017.01.11 03:16:01.634,1.39593,1.39615,1.00,2.06
2017.01.11 03:16:01.838,1.39592,1.39616,2.81,1.50
2017.01.11 03:16:02.041,1.39591,1.39615,3.56,1.87
2017.01.11 03:16:02.614,1.39599,1.39615,1.00,1.12
2017.01.11 03:16:02.718,1.39597,1.3962,2.06,1.75
2017.01.11 03:16:02.875,1.39599,1.39621,1.50,2.25
2017.01.11 03:16:03.130,1.39597,1.39618,1.94,1.00
2017.01.11 03:16:03.436,1.39597,1.39619,1.19,1.75
2017.01.11 03:16:03.539,1.39601,1.39625,1.19,3.00
2017.01.11 03:16:03.640,1.39601,1.39625,1.94,1.75
2017.01.11 03:16:04.244,1.39607,1.39628,1.12,2.62
2017.01.11 03:16:04.548,1.39609,1.39632,1.12,3.56
2017.01.11 03:16:04.851,1.39608,1.39632,1.75,2.81
2017.01.11 03:16:05.445,1.39607,1.39631,2.44,2.25
2017.01.11 03:16:06.239,1.39609,1.39631,1.75,1.12
2017.01.11 03:16:06.542,1.39606,1.39629,1.94,1.12
2017.01.11 03:16:07.348,1.39605,1.39628,2.44,1.37
2017.01.11 03:16:07.681,1.39604,1.39626,1.25,2.25
2017.01.11 03:16:08.188,1.39603,1.39624,1.00,1.75
2017.01.11 03:16:09.223,1.39609,1.39624,1.00,1.37
2017.01.11 03:16:09.274,1.39609,1.39626,1.00,1.50
2017.01.11 03:16:09.376,1.3961,1.39629,1.00,1.50
2017.01.11 03:16:09.582,1.3961,1.39631,1.12,2.25
2017.01.11 03:16:09.835,1.39607,1.3963,1.50,1.75
2017.01.11 03:16:10.340,1.39606,1.39628,1.12,1.75
2017.01.11 03:16:14.679,1.39605,1.39628,1.87,1.87
2017.01.11 03:16:14.985,1.39611,1.39631,1.00,1.50
2017.01.11 03:16:16.752,1.39611,1.39632,1.00,2.25
2017.01.11 03:16:16.855,1.39611,1.3963,1.00,1.00
2017.01.11 03:16:17.197,1.39609,1.39631,1.00,3.37
2017.01.11 03:16:17.601,1.39608,1.39629,1.00,1.87
2017.01.11 03:16:17.754,1.39605,1.39626,1.00,1.50
2017.01.11 03:16:17.855,1.39605,1.39626,1.00,2.25
2017.01.11 03:16:17.957,1.39605,1.39627,1.50,2.25
2017.01.11 03:16:18.058,1.39605,1.39628,2.25,1.75
2017.01.11 03:16:18.160,1.39606,1.39629,1.00,2.25
2017.01.11 03:16:18.576,1.39607,1.3963,1.75,3.94
2017.01.11 03:16:18.903,1.39612,1.39633,1.12,1.87
2017.01.11 03:16:18.954,1.39612,1.39633,1.50,1.87
2017.01.11 03:16:22.586,1.39611,1.39631,1.31,1.00
2017.01.11 03:16:23.655,1.39611,1.39633,1.31,3.37
2017.01.11 03:16:24.150,1.39611,1.39631,1.31,1.00
2017.01.11 03:16:24.789,1.39612,1.39633,2.06,1.12
2017.01.11 03:16:25.427,1.39612,1.39635,3.56,2.25
2017.01.11 03:16:25.478,1.39614,1.39635,1.62,1.87
2017.01.11 03:16:26.027,1.39616,1.39638,1.25,2.25
2017.01.11 03:16:26.946,1.39615,1.39638,1.31,3.00
2017.01.11 03:16:31.025,1.39616,1.39638,1.00,3.00
2017.01.11 03:16:33.285,1.39615,1.39638,1.87,2.25
2017.01.11 03:16:33.538,1.39618,1.39636,1.00,2.25
2017.01.11 03:16:33.589,1.39618,1.39637,1.50,1.00
2017.01.11 03:16:33.640,1.39619,1.3964,1.12,3.00
2017.01.11 03:16:34.102,1.39618,1.39637,1.00,1.12
2017.01.11 03:16:34.405,1.39616,1.39636,1.00,1.50
2017.01.11 03:16:34.709,1.39618,1.39639,1.00,3.00
2017.01.11 03:16:37.639,1.3962,1.39641,1.00,3.00
2017.01.11 03:16:37.690,1.3962,1.39641,1.00,2.25
2017.01.11 03:16:37.893,1.3962,1.39643,1.12,2.25
2017.01.11 03:16:38.501,1.39621,1.39643,1.00,2.25
2017.01.11 03:16:38.653,1.39623,1.39643,1.00,1.75
2017.01.11 03:16:38.797,1.39624,1.39647,1.50,2.25
2017.01.11 03:16:38.999,1.39625,1.39648,1.12,1.75
2017.01.11 03:16:42.682,1.39622,1.39642,1.75,1.00
2017.01.11 03:16:42.783,1.3962,1.39643,2.25,1.50
2017.01.11 03:16:42.885,1.39619,1.39642,1.50,1.75
2017.01.11 03:16:44.184,1.39622,1.39643,1.00,1.75
2017.01.11 03:16:44.488,1.39617,1.39639,1.50,1.12
2017.01.11 03:16:44.590,1.39621,1.39641,1.00,1.75
2017.01.11 03:16:44.691,1.39621,1.39643,1.50,1.75
2017.01.11 03:16:44.793,1.39622,1.39643,1.12,1.50
2017.01.11 03:16:45.265,1.39621,1.39642,1.00,1.87
2017.01.11 03:16:45.870,1.39619,1.39642,1.50,2.62
2017.01.11 03:16:46.390,1.39618,1.3964,1.12,1.75
2017.01.11 03:16:53.830,1.39615,1.39638,1.50,1.75
2017.01.11 03:16:54.805,1.39616,1.39636,1.00,1.50
2017.01.11 03:16:55.008,1.39617,1.3964,1.12,3.00
2017.01.11 03:16:56.203,1.3962,1.3964,1.00,1.50
2017.01.11 03:16:56.312,1.3962,1.39644,2.25,3.37
2017.01.11 03:16:56.743,1.3962,1.39643,1.00,3.37
2017.01.11 03:16:57.344,1.39618,1.39641,2.25,1.75
2017.01.11 03:16:58.496,1.3962,1.39641,1.00,1.75
2017.01.11 03:16:58.648,1.39621,1.39643,1.12,2.25
2017.01.11 03:17:04.463,1.39621,1.39643,1.75,1.12
2017.01.11 03:17:05.367,1.39623,1.39644,1.00,1.75
2017.01.11 03:17:05.917,1.39622,1.39645,2.25,1.75
2017.01.11 03:17:06.566,1.39623,1.39645,1.12,1.75
2017.01.11 03:17:06.870,1.39625,1.39645,1.00,2.25
2017.01.11 03:17:07.187,1.39627,1.39646,1.00,3.00
2017.01.11 03:17:07.238,1.39627,1.39646,1.00,1.87
2017.01.11 03:17:08.149,1.39625,1.39646,1.87,1.37
2017.01.11 03:17:08.352,1.39625,1.39646,2.25,1.00
2017.01.11 03:17:08.966,1.39625,1.39647,2.25,1.87
2017.01.11 03:17:09.504,1.39628,1.39648,1.00,3.00
2017.01.11 03:17:10.017,1.39626,1.39648,2.25,1.50
2017.01.11 03:17:10.572,1.39628,1.39649,1.00,1.75
2017.01.11 03:17:14.079,1.39627,1.39649,1.12,1.75
2017.01.11 03:17:14.418,1.39627,1.39649,1.75,1.00
2017.01.11 03:17:14.469,1.39626,1.39649,1.75,1.50
2017.01.11 03:17:17.217,1.39629,1.3965,1.00,3.00
2017.01.11 03:17:17.977,1.39628,1.39649,1.12,1.50
2017.01.11 03:17:18.079,1.39628,1.39651,1.75,1.87
2017.01.11 03:17:18.382,1.39622,1.39645,3.37,1.00
2017.01.11 03:17:18.484,1.39624,1.39645,1.50,1.00
2017.01.11 03:17:18.628,1.39624,1.39645,1.00,1.75
2017.01.11 03:17:19.615,1.39623,1.39646,1.87,3.00
2017.01.11 03:17:20.338,1.39624,1.39647,1.00,3.00
2017.01.11 03:17:20.642,1.39637,1.39654,1.00,1.50
2017.01.11 03:17:20.692,1.39635,1.39656,1.50,2.25
2017.01.11 03:17:20.946,1.39632,1.39651,1.75,1.00
2017.01.11 03:17:21.071,1.3963,1.39651,1.50,1.12
2017.01.11 03:17:21.678,1.39632,1.39654,1.00,3.00
2017.01.11 03:17:23.397,1.39633,1.39654,1.00,1.75
2017.01.11 03:17:25.720,1.39632,1.39654,1.00,1.75
2017.01.11 03:17:26.668,1.39631,1.39652,1.12,1.37
2017.01.11 03:17:30.329,1.39633,1.39652,1.00,1.50
2017.01.11 03:17:30.380,1.39631,1.39653,1.12,3.00
2017.01.11 03:17:30.481,1.39631,1.39653,2.25,1.12
2017.01.11 03:17:31.280,1.39634,1.39655,1.00,1.50
2017.01.11 03:17:31.769,1.39633,1.39655,1.50,1.75
2017.01.11 03:17:34.210,1.39634,1.39655,1.00,1.75
2017.01.11 03:17:34.311,1.39634,1.39656,1.37,2.62
2017.01.11 03:17:37.123,1.39636,1.39658,1.00,2.62
2017.01.11 03:17:37.633,1.39635,1.39658,1.87,2.62
2017.01.11 03:17:39.369,1.39635,1.39657,2.25,1.37
2017.01.11 03:17:39.420,1.39635,1.39657,2.25,1.12
2017.01.11 03:17:40.306,1.39634,1.39656,1.75,1.50
2017.01.11 03:17:40.508,1.39633,1.39655,1.50,2.25
2017.01.11 03:17:42.768,1.39635,1.39657,1.00,2.62
2017.01.11 03:17:42.920,1.39635,1.39658,2.25,3.00
2017.01.11 03:17:43.123,1.39634,1.39656,1.75,1.00
2017.01.11 03:17:43.224,1.39634,1.39656,1.50,1.50
2017.01.11 03:17:47.184,1.39633,1.39654,1.75,1.00
2017.01.11 03:17:47.336,1.39633,1.39654,1.00,2.25
2017.01.11 03:17:49.546,1.39631,1.39653,2.25,1.50
2017.01.11 03:17:51.369,1.3963,1.39651,2.25,1.00
2017.01.11 03:17:52.387,1.3963,1.39652,2.25,2.62
2017.01.11 03:17:52.930,1.3963,1.39651,2.25,1.00
2017.01.11 03:17:53.837,1.3963,1.39652,2.25,2.62
2017.01.11 03:17:54.384,1.3963,1.39651,2.25,1.00
2017.01.11 03:17:55.929,1.39631,1.39652,2.25,1.12
2017.01.11 03:17:56.274,1.39632,1.39654,1.75,1.12
2017.01.11 03:17:56.979,1.39632,1.39653,1.75,1.00
2017.01.11 03:17:57.646,1.39631,1.39653,2.25,2.25
2017.01.11 03:18:01.500,1.39633,1.39653,1.00,1.50
2017.01.11 03:18:01.619,1.39631,1.39653,1.75,1.50
2017.01.11 03:18:01.872,1.39631,1.39653,1.12,3.00
2017.01.11 03:18:05.243,1.39632,1.39653,1.00,1.75
2017.01.11 03:18:06.448,1.39631,1.39653,1.87,1.75
2017.01.11 03:18:10.143,1.39632,1.39654,1.00,2.62
2017.01.11 03:18:11.318,1.39633,1.39655,1.12,1.50
2017.01.11 03:18:11.407,1.39633,1.39656,2.25,1.75
2017.01.11 03:18:18.158,1.39635,1.39657,2.25,2.25
2017.01.11 03:18:18.261,1.39636,1.39657,2.25,1.00
2017.01.11 03:18:18.467,1.39636,1.3966,1.50,3.00
2017.01.11 03:18:18.670,1.39637,1.39658,1.00,1.31
2017.01.11 03:18:18.822,1.39634,1.39656,1.75,1.12
2017.01.11 03:18:19.169,1.39634,1.39654,1.00,1.00
2017.01.11 03:18:19.725,1.39635,1.39654,1.00,1.00
2017.01.11 03:18:20.401,1.39634,1.39654,1.00,1.00
2017.01.11 03:18:20.927,1.39633,1.39654,1.00,1.00
2017.01.11 03:18:28.234,1.39632,1.39654,2.06,1.00
2017.01.11 03:18:28.842,1.39633,1.39654,1.00,1.00
2017.01.11 03:18:29.190,1.39636,1.39658,1.50,2.25
2017.01.11 03:18:29.547,1.39636,1.3966,3.00,3.75
2017.01.11 03:18:29.598,1.39638,1.39659,1.75,1.50
2017.01.11 03:18:29.650,1.39638,1.39659,1.37,2.62
2017.01.11 03:18:29.701,1.39636,1.39659,1.56,3.00
2017.01.11 03:18:29.803,1.39636,1.39659,1.87,2.25
2017.01.11 03:18:30.336,1.39638,1.39659,1.00,1.75
2017.01.11 03:18:30.931,1.39644,1.39662,1.00,1.75
2017.01.11 03:18:30.982,1.39644,1.39665,1.31,1.00
2017.01.11 03:18:31.095,1.39643,1.39666,1.75,2.25
2017.01.11 03:18:31.878,1.39645,1.39667,1.50,2.25
2017.01.11 03:18:31.929,1.39645,1.39667,1.75,1.87
2017.01.11 03:18:32.030,1.39645,1.39667,1.50,1.37
2017.01.11 03:18:32.132,1.39647,1.39668,1.62,2.25
2017.01.11 03:18:33.981,1.39643,1.39667,3.00,3.56
2017.01.11 03:18:34.032,1.39643,1.39667,3.00,3.94
2017.01.11 03:18:39.546,1.39646,1.39666,1.00,1.87
2017.01.11 03:18:40.076,1.39644,1.39667,2.25,2.81
2017.01.11 03:18:40.601,1.39646,1.39667,1.00,2.81
2017.01.11 03:18:41.025,1.39649,1.39668,1.00,1.37
2017.01.11 03:18:41.122,1.39649,1.3967,1.87,3.37
2017.01.11 03:18:41.637,1.3965,1.3967,1.00,2.25
2017.01.11 03:18:42.146,1.39651,1.3967,1.00,2.25
2017.01.11 03:18:42.645,1.39648,1.3967,2.62,2.25
2017.01.11 03:18:46.103,1.3965,1.3967,1.00,1.50
2017.01.11 03:18:49.052,1.3965,1.39671,1.37,1.87
2017.01.11 03:18:53.218,1.39649,1.3967,2.62,1.00
2017.01.11 03:18:53.745,1.39652,1.39671,1.00,1.75
2017.01.11 03:18:54.431,1.39651,1.39671,1.00,1.75
2017.01.11 03:18:54.912,1.39649,1.39669,1.37,2.44
2017.01.11 03:18:54.963,1.39648,1.39668,1.00,1.75
2017.01.11 03:18:55.064,1.3965,1.39668,1.00,1.75
2017.01.11 03:18:55.673,1.39652,1.3967,1.00,1.75
2017.01.11 03:18:57.342,1.39653,1.3967,1.00,1.75
2017.01.11 03:18:57.443,1.39653,1.39671,1.00,1.75
2017.01.11 03:18:57.609,1.39653,1.39672,1.00,3.00
2017.01.11 03:18:57.764,1.3965,1.39672,1.12,3.00
2017.01.11 03:19:00.505,1.3965,1.39672,1.87,1.37
2017.01.11 03:19:00.556,1.3965,1.39672,1.75,1.00
2017.01.11 03:19:00.657,1.3965,1.39672,1.12,1.75
2017.01.11 03:19:00.935,1.39652,1.39672,1.00,2.25
2017.01.11 03:19:02.338,1.3965,1.39672,1.12,2.25
2017.01.11 03:19:05.327,1.39649,1.3967,1.37,1.50
2017.01.11 03:19:05.428,1.39648,1.3967,1.87,1.75
2017.01.11 03:19:15.054,1.39649,1.39671,1.00,3.00
2017.01.11 03:19:18.049,1.39648,1.39669,1.12,1.50
2017.01.11 03:19:19.265,1.39649,1.39671,1.00,3.75
2017.01.11 03:19:24.126,1.39648,1.3967,1.87,1.75
2017.01.11 03:19:25.858,1.39649,1.39671,1.50,3.75
2017.01.11 03:19:26.735,1.39652,1.39671,1.00,3.75
2017.01.11 03:19:27.541,1.39653,1.39672,1.00,1.75
2017.01.11 03:19:28.091,1.39652,1.39672,1.00,1.75
2017.01.11 03:19:34.563,1.39651,1.39672,1.00,1.75
2017.01.11 03:19:35.301,1.3965,1.39672,1.50,1.75
2017.01.11 03:19:35.607,1.39652,1.39673,1.00,2.25
2017.01.11 03:19:35.864,1.39652,1.39673,1.00,1.75
2017.01.11 03:19:48.322,1.39651,1.39674,1.12,1.75
2017.01.11 03:19:48.474,1.39652,1.39674,1.37,1.75
2017.01.11 03:19:48.778,1.39648,1.39668,1.69,1.87
2017.01.11 03:19:48.829,1.39648,1.39668,2.06,1.87
2017.01.11 03:19:49.011,1.39648,1.39668,1.12,1.12
2017.01.11 03:19:49.164,1.39649,1.39668,1.00,1.37
2017.01.11 03:19:49.794,1.3965,1.39668,1.00,2.25
2017.01.11 03:19:50.026,1.39649,1.39667,1.00,1.50
2017.01.11 03:19:50.178,1.3965,1.39665,1.00,1.00
2017.01.11 03:19:50.574,1.39648,1.39665,1.50,1.00
2017.01.11 03:19:50.881,1.39648,1.39669,1.50,1.00
2017.01.11 03:19:51.422,1.39648,1.39668,1.50,1.00
2017.01.11 03:19:52.026,1.39649,1.39668,1.00,1.00
2017.01.11 03:19:52.732,1.39649,1.39669,1.00,1.00
2017.01.11 03:19:58.840,1.39649,1.39668,1.00,1.00
2017.01.11 03:19:58.942,1.39649,1.3967,1.00,1.50
2017.01.11 03:19:58.993,1.39649,1.39672,3.37,2.62
2017.01.11 03:19:59.520,1.39651,1.39671,1.00,1.50
2017.01.11 03:20:00.165,1.39651,1.3967,1.00,1.00
2017.01.11 03:20:00.723,1.39651,1.39671,1.00,1.50
2017.01.11 03:20:01.530,1.39651,1.39672,1.50,1.50
2017.01.11 03:20:01.911,1.39651,1.3967,1.50,1.00
2017.01.11 03:20:02.734,1.39651,1.39671,1.50,1.00
2017.01.11 03:20:04.296,1.39651,1.39671,1.12,1.37
2017.01.11 03:20:04.498,1.39649,1.39669,1.87,1.12
2017.01.11 03:20:05.003,1.3965,1.39671,1.50,1.75
2017.01.11 03:20:05.526,1.39651,1.39671,1.50,1.75
2017.01.11 03:20:05.628,1.39651,1.39671,1.12,1.12
2017.01.11 03:20:05.881,1.39651,1.39668,1.12,1.00
2017.01.11 03:20:06.432,1.39651,1.39669,1.12,1.00
2017.01.11 03:20:06.977,1.39649,1.3967,3.00,1.00
2017.01.11 03:20:07.539,1.39649,1.39669,3.00,1.00
2017.01.11 03:20:08.202,1.39649,1.39669,1.00,1.50
2017.01.11 03:20:12.018,1.39649,1.3967,1.37,1.37
2017.01.11 03:20:12.069,1.39649,1.3967,1.75,1.00
2017.01.11 03:20:14.418,1.39649,1.39669,1.75,1.00
2017.01.11 03:20:15.467,1.39649,1.3967,2.25,1.00
2017.01.11 03:20:17.434,1.3965,1.39671,1.50,1.87
2017.01.11 03:20:17.585,1.39651,1.39671,1.75,1.00
2017.01.11 03:20:17.687,1.39651,1.39673,1.75,2.62
2017.01.11 03:20:17.990,1.3965,1.39672,1.50,2.62
2017.01.11 03:20:18.294,1.39649,1.39668,1.87,1.00
2017.01.11 03:20:19.161,1.39649,1.39669,1.12,1.12
2017.01.11 03:20:19.518,1.3965,1.3967,1.50,1.00
2017.01.11 03:20:20.691,1.3965,1.39669,1.50,1.00
2017.01.11 03:20:21.248,1.39648,1.3967,3.00,1.50
2017.01.11 03:20:21.786,1.3965,1.39671,1.50,1.87
2017.01.11 03:20:22.918,1.3965,1.3967,1.50,1.00
2017.01.11 03:20:27.026,1.39655,1.39672,1.00,1.50
2017.01.11 03:20:27.178,1.39658,1.39678,1.50,1.00
2017.01.11 03:20:27.229,1.39659,1.3968,1.37,1.12
2017.01.11 03:20:27.535,1.3966,1.3968,1.75,1.00
2017.01.11 03:20:27.687,1.3966,1.3968,1.50,1.00
2017.01.11 03:20:28.210,1.3966,1.39681,1.50,1.87
2017.01.11 03:20:33.598,1.39662,1.39679,1.00,1.00
2017.01.11 03:20:33.800,1.39658,1.3968,1.50,2.62
2017.01.11 03:20:34.302,1.39658,1.39678,1.37,1.56
2017.01.11 03:20:34.615,1.39656,1.39677,2.25,1.56
2017.01.11 03:20:35.124,1.39656,1.39677,1.50,1.56
2017.01.11 03:20:36.857,1.39656,1.39677,1.00,1.00
2017.01.11 03:20:38.080,1.39656,1.39673,1.00,1.00
2017.01.11 03:20:38.384,1.39648,1.39667,1.62,1.00
2017.01.11 03:20:39.050,1.39647,1.39667,1.69,1.12
2017.01.11 03:20:39.608,1.39647,1.39667,1.12,1.12
2017.01.11 03:20:41.173,1.39648,1.39667,1.00,1.12
2017.01.11 03:20:42.205,1.39647,1.39669,1.12,2.25
2017.01.11 03:20:45.155,1.39648,1.3967,1.50,1.87
2017.01.11 03:20:45.333,1.39651,1.3967,1.00,1.50
2017.01.11 03:20:45.462,1.39651,1.39672,1.00,1.75
2017.01.11 03:20:45.969,1.39652,1.39674,1.00,3.37
2017.01.11 03:20:47.281,1.39652,1.39674,1.12,2.25
2017.01.11 03:20:48.655,1.39652,1.39674,1.50,2.25
2017.01.11 03:20:49.861,1.39653,1.39674,1.00,1.75
2017.01.11 03:20:55.024,1.3965,1.39667,1.37,1.00
2017.01.11 03:20:55.177,1.39648,1.39667,1.12,1.00
2017.01.11 03:20:55.731,1.39648,1.39666,1.00,1.12
2017.01.11 03:20:57.683,1.39647,1.39666,1.00,1.12
2017.01.11 03:20:57.967,1.39647,1.39664,1.00,1.00
2017.01.11 03:20:58.271,1.3965,1.39666,1.00,1.75
2017.01.11 03:20:58.373,1.3965,1.39668,1.00,1.75
2017.01.11 03:20:58.474,1.39649,1.39668,1.00,1.12
2017.01.11 03:20:58.991,1.3965,1.39669,1.12,1.00
2017.01.11 03:21:00.720,1.3965,1.3967,1.12,1.12
2017.01.11 03:21:00.923,1.39647,1.39668,3.00,1.00
2017.01.11 03:21:01.075,1.39647,1.39668,1.87,2.25
2017.01.11 03:21:01.670,1.39648,1.39667,1.00,1.12
2017.01.11 03:21:02.215,1.39647,1.39666,1.12,1.00
2017.01.11 03:21:03.802,1.39648,1.39666,1.00,1.00
2017.01.11 03:21:04.340,1.39649,1.39669,1.12,1.87
2017.01.11 03:21:04.448,1.39649,1.39669,1.50,1.50
2017.01.11 03:21:04.952,1.39649,1.39668,1.50,1.00
2017.01.11 03:21:05.523,1.3965,1.39669,1.12,1.50
2017.01.11 03:21:06.186,1.39649,1.39669,1.50,2.06
2017.01.11 03:21:06.339,1.39651,1.3967,1.00,1.87
2017.01.11 03:21:06.652,1.39659,1.39678,1.00,1.50
2017.01.11 03:21:06.703,1.39659,1.39678,1.00,1.50
2017.01.11 03:21:06.855,1.39656,1.39678,1.37,1.75
2017.01.11 03:21:07.108,1.39659,1.39678,1.00,1.75
2017.01.11 03:21:08.056,1.39658,1.39678,1.00,1.75
2017.01.11 03:21:08.207,1.39658,1.39678,1.00,1.50
2017.01.11 03:21:08.765,1.39659,1.39679,1.00,1.75
2017.01.11 03:21:09.425,1.39658,1.39679,1.00,1.75
2017.01.11 03:21:10.047,1.39659,1.39678,1.00,1.50
2017.01.11 03:21:10.669,1.39658,1.3968,1.00,5.06
2017.01.11 03:21:11.265,1.39658,1.39678,1.00,1.75
2017.01.11 03:21:12.258,1.39659,1.39679,1.00,1.75
2017.01.11 03:21:12.787,1.39658,1.39678,1.00,1.75
2017.01.11 03:21:13.308,1.39659,1.39678,1.00,1.75
2017.01.11 03:21:14.014,1.39658,1.39678,1.00,1.75
2017.01.11 03:21:14.589,1.39659,1.39678,1.00,1.75
2017.01.11 03:21:15.222,1.39658,1.39676,1.00,1.50
2017.01.11 03:21:15.425,1.39655,1.39674,1.12,1.00
2017.01.11 03:21:15.933,1.39656,1.39674,1.00,1.00
2017.01.11 03:21:16.379,1.39654,1.39673,1.00,1.87
2017.01.11 03:21:18.017,1.39656,1.39673,1.00,1.12
2017.01.11 03:21:18.835,1.39655,1.39674,1.25,2.25
2017.01.11 03:21:21.514,1.39654,1.39675,2.44,1.12
2017.01.11 03:21:21.642,1.39654,1.39674,1.00,1.75
2017.01.11 03:21:22.147,1.39655,1.39674,1.00,1.75
2017.01.11 03:21:22.781,1.39656,1.39676,1.00,1.75
2017.01.11 03:21:24.326,1.39657,1.39676,1.00,1.75
2017.01.11 03:21:25.443,1.39657,1.39675,1.00,1.12
2017.01.11 03:21:26.334,1.39656,1.39676,1.00,2.25
2017.01.11 03:21:26.844,1.39657,1.39678,1.25,2.25
2017.01.11 03:21:27.980,1.39658,1.39678,1.00,2.25
2017.01.11 03:21:32.548,1.39659,1.39678,1.00,2.25
2017.01.11 03:21:36.418,1.39658,1.39678,1.00,2.25
2017.01.11 03:21:36.987,1.39658,1.39677,1.19,1.75
2017.01.11 03:21:37.089,1.39656,1.39675,1.19,1.12
2017.01.11 03:21:37.594,1.39656,1.39676,1.00,2.62
2017.01.11 03:21:37.797,1.39654,1.39676,2.06,2.62
2017.01.11 03:21:38.303,1.39654,1.39676,2.06,1.87
2017.01.11 03:21:40.468,1.39653,1.39674,2.44,1.12
2017.01.11 03:21:40.973,1.39653,1.39675,1.31,2.62
2017.01.11 03:21:41.285,1.39652,1.39674,2.44,2.62
2017.01.11 03:21:41.552,1.39652,1.39674,1.19,3.37
2017.01.11 03:21:41.647,1.39652,1.39673,1.19,1.75
2017.01.11 03:21:42.035,1.39652,1.39673,1.19,1.75
2017.01.11 03:21:43.092,1.39653,1.39674,1.19,2.25
2017.01.11 03:21:43.442,1.39654,1.39675,1.25,2.62
2017.01.11 03:21:43.594,1.39654,1.39676,2.25,2.25
2017.01.11 03:21:43.898,1.39649,1.39669,1.75,1.00
2017.01.11 03:21:44.202,1.39654,1.39671,1.00,1.75
2017.01.11 03:21:44.523,1.39657,1.39675,1.00,2.25
2017.01.11 03:21:44.574,1.39657,1.39675,1.00,1.75
2017.01.11 03:21:44.676,1.39657,1.39676,1.00,2.81
2017.01.11 03:21:44.727,1.39655,1.39676,1.50,2.81
2017.01.11 03:21:45.127,1.39658,1.39676,1.00,2.06
2017.01.11 03:21:45.724,1.39657,1.39676,1.00,1.50
2017.01.11 03:21:46.266,1.39658,1.39676,1.00,1.50
2017.01.11 03:21:48.138,1.39656,1.39676,1.00,2.25
2017.01.11 03:21:48.817,1.39655,1.39676,1.00,3.00
2017.01.11 03:21:48.918,1.39655,1.39675,1.00,2.06
2017.01.11 03:21:49.193,1.39656,1.39674,1.00,1.00
2017.01.11 03:21:49.816,1.39657,1.39674,1.00,1.00
2017.01.11 03:21:50.511,1.39655,1.39674,1.00,1.50
2017.01.11 03:21:51.186,1.39654,1.39674,1.00,2.25
2017.01.11 03:21:54.140,1.39655,1.39674,1.00,1.00
2017.01.11 03:21:55.053,1.39653,1.39674,1.50,1.50
2017.01.11 03:21:55.104,1.39653,1.39673,1.50,1.37
2017.01.11 03:21:55.619,1.39651,1.39671,2.25,1.00
2017.01.11 03:21:56.836,1.39652,1.39671,1.00,1.00
2017.01.11 03:21:56.887,1.39654,1.39671,1.00,1.00
2017.01.11 03:21:57.392,1.39653,1.39675,1.00,2.25
2017.01.11 03:21:58.738,1.39651,1.39673,2.25,1.50
2017.01.11 03:21:59.257,1.39653,1.39671,1.00,1.00
2017.01.11 03:22:00.542,1.39651,1.39671,1.50,1.00
2017.01.11 03:22:01.476,1.39651,1.3967,1.50,1.00
2017.01.11 03:22:01.983,1.39651,1.39671,1.50,1.00
2017.01.11 03:22:03.049,1.39652,1.39671,1.00,1.00
2017.01.11 03:22:07.881,1.39653,1.39671,1.00,1.00
2017.01.11 03:22:08.085,1.39653,1.39674,1.12,1.50
2017.01.11 03:22:10.035,1.39651,1.39673,1.87,2.25
2017.01.11 03:22:10.136,1.39651,1.39673,1.87,2.25
2017.01.11 03:22:15.821,1.39652,1.39672,1.00,1.50
2017.01.11 03:22:16.742,1.39651,1.39672,1.87,1.50
2017.01.11 03:22:17.725,1.39651,1.39672,1.50,1.37
2017.01.11 03:22:18.245,1.3965,1.39672,1.75,1.00
2017.01.11 03:22:18.887,1.3965,1.39673,1.75,3.37
2017.01.11 03:22:22.010,1.3965,1.39667,1.75,1.00
2017.01.11 03:22:22.061,1.39651,1.39669,1.37,1.00
2017.01.11 03:22:22.112,1.39651,1.39667,1.37,1.00
2017.01.11 03:22:22.163,1.39646,1.39667,2.25,1.00
2017.01.11 03:22:22.214,1.39646,1.39665,1.75,1.00
2017.01.11 03:22:22.316,1.39644,1.39665,1.75,2.25
2017.01.11 03:22:22.417,1.39643,1.39663,1.75,1.00
2017.01.11 03:22:22.834,1.39641,1.39662,1.87,1.56
2017.01.11 03:22:23.341,1.39641,1.3966,1.00,1.87
2017.01.11 03:22:24.635,1.39638,1.3966,1.87,1.87
2017.01.11 03:22:24.787,1.39641,1.3966,1.00,1.87
2017.01.11 03:22:25.326,1.39642,1.3966,1.00,1.37
2017.01.11 03:22:25.630,1.39645,1.39662,1.00,1.00
2017.01.11 03:22:25.909,1.39646,1.39664,1.00,1.00
2017.01.11 03:22:26.161,1.39648,1.39664,1.00,1.00
2017.01.11 03:22:26.688,1.39647,1.39664,1.00,1.00
2017.01.11 03:22:27.193,1.39646,1.39665,1.00,1.12
2017.01.11 03:22:27.709,1.39646,1.39665,1.56,1.12
2017.01.11 03:22:28.168,1.39647,1.39666,1.37,1.00
2017.01.11 03:22:28.269,1.39647,1.39667,1.00,1.50
2017.01.11 03:22:28.943,1.39648,1.39666,1.00,1.12
2017.01.11 03:22:36.055,1.39649,1.39667,1.31,1.50
2017.01.11 03:22:36.686,1.39649,1.39667,1.00,1.00
2017.01.11 03:22:37.280,1.39649,1.39668,1.00,1.00
2017.01.11 03:22:40.403,1.3965,1.39668,1.00,1.50
2017.01.11 03:22:42.797,1.39649,1.39668,1.00,1.00
2017.01.11 03:22:43.875,1.39649,1.39669,1.00,2.25
2017.01.11 03:22:44.396,1.39648,1.39668,1.00,1.00
2017.01.11 03:22:45.268,1.39648,1.39669,1.00,1.50
2017.01.11 03:22:46.530,1.3965,1.3967,1.00,1.50
2017.01.11 03:22:46.857,1.39653,1.39671,1.00,1.87
2017.01.11 03:22:46.959,1.3965,1.39671,1.50,1.12
2017.01.11 03:22:47.366,1.39653,1.39673,1.00,1.75
2017.01.11 03:22:47.417,1.39653,1.39673,1.12,1.12
2017.01.11 03:22:47.638,1.39655,1.39674,1.00,1.50
2017.01.11 03:22:47.891,1.39656,1.39675,1.00,1.25
2017.01.11 03:22:48.434,1.39654,1.39675,1.50,1.25
2017.01.11 03:22:49.856,1.39654,1.39674,1.50,1.00
2017.01.11 03:22:52.607,1.39653,1.39673,2.25,2.25
2017.01.11 03:22:52.708,1.39652,1.39673,1.50,1.87
2017.01.11 03:22:52.759,1.39653,1.39673,1.31,1.12
2017.01.11 03:22:52.911,1.39659,1.39676,1.00,1.12
2017.01.11 03:22:53.013,1.39659,1.39678,1.12,1.50
2017.01.11 03:22:53.417,1.39661,1.39679,1.00,1.12
2017.01.11 03:22:53.891,1.39659,1.3968,2.06,1.50
2017.01.11 03:22:53.942,1.39661,1.3968,1.00,1.50
2017.01.11 03:22:54.548,1.39657,1.39678,2.00,1.00
2017.01.11 03:22:54.699,1.39659,1.39679,1.00,2.25
2017.01.11 03:22:55.054,1.39657,1.39676,1.00,1.12
2017.01.11 03:22:55.585,1.39659,1.39675,1.00,1.00
2017.01.11 03:22:55.636,1.39658,1.39677,1.12,1.00
2017.01.11 03:22:56.142,1.39658,1.39676,1.12,1.00
2017.01.11 03:22:56.664,1.39656,1.39677,1.75,1.00
2017.01.11 03:22:57.231,1.39657,1.39679,1.50,1.50
2017.01.11 03:22:57.766,1.39661,1.39677,1.00,1.00
2017.01.11 03:22:57.920,1.39661,1.39679,1.12,1.00
2017.01.11 03:22:58.439,1.39661,1.39678,1.12,1.00
2017.01.11 03:22:59.194,1.3966,1.39679,1.50,1.00
2017.01.11 03:23:01.485,1.39662,1.39679,1.00,1.00
2017.01.11 03:23:02.241,1.39663,1.39679,1.00,1.00
2017.01.11 03:23:02.613,1.3966,1.39678,1.00,1.12
2017.01.11 03:23:02.747,1.39663,1.39678,1.00,1.12
2017.01.11 03:23:03.000,1.3966,1.39676,1.00,2.25
2017.01.11 03:23:03.051,1.39659,1.39674,1.75,1.00
2017.01.11 03:23:03.153,1.39658,1.39674,1.00,1.50
2017.01.11 03:23:03.412,1.39658,1.39672,1.00,1.00
2017.01.11 03:23:03.617,1.39656,1.39673,1.87,1.00
2017.01.11 03:23:03.669,1.39656,1.39675,1.12,1.00
2017.01.11 03:23:04.125,1.39655,1.39672,1.50,1.00
2017.01.11 03:23:04.227,1.3965,1.3967,1.75,1.12
2017.01.11 03:23:04.581,1.39649,1.39667,1.75,1.37
2017.01.11 03:23:04.632,1.39649,1.39667,1.50,2.62
2017.01.11 03:23:04.734,1.39645,1.39666,1.50,1.87
2017.01.11 03:23:04.989,1.39646,1.39662,1.00,1.00
2017.01.11 03:23:05.294,1.39649,1.39665,1.00,1.00
2017.01.11 03:23:05.816,1.39647,1.39665,1.50,1.00
2017.01.11 03:23:06.359,1.39649,1.39665,1.00,1.00
2017.01.11 03:23:07.524,1.39648,1.39665,1.12,1.00
2017.01.11 03:23:09.503,1.39648,1.39664,1.00,1.00
2017.01.11 03:23:10.381,1.39648,1.39665,1.00,1.00
2017.01.11 03:23:10.930,1.39648,1.39664,1.00,1.00
2017.01.11 03:23:11.247,1.39645,1.39662,1.37,1.00
2017.01.11 03:23:11.761,1.39644,1.39661,1.50,1.00
2017.01.11 03:23:13.147,1.39643,1.39662,1.75,1.00
2017.01.11 03:23:13.248,1.39643,1.39664,1.75,1.50
2017.01.11 03:23:15.657,1.39642,1.39664,2.25,2.81
2017.01.11 03:23:15.759,1.39642,1.39664,1.12,3.19
2017.01.11 03:23:16.485,1.39643,1.39662,1.00,1.12
2017.01.11 03:23:17.008,1.39642,1.39662,1.12,1.12
2017.01.11 03:23:18.777,1.39642,1.39662,1.12,1.31
2017.01.11 03:23:19.196,1.3964,1.39661,1.75,2.06
2017.01.11 03:23:19.499,1.3964,1.3966,1.12,1.69
2017.01.11 03:23:19.805,1.3964,1.39661,1.12,1.69
2017.01.11 03:23:21.971,1.39641,1.3966,1.00,1.12
2017.01.11 03:23:22.174,1.39642,1.39662,1.12,1.12
2017.01.11 03:23:22.225,1.39644,1.39662,1.00,1.12
2017.01.11 03:23:22.478,1.39645,1.39665,1.00,2.25
2017.01.11 03:23:23.027,1.39645,1.39664,1.50,1.00
2017.01.11 03:23:23.947,1.39643,1.39663,3.00,1.00
2017.01.11 03:23:24.677,1.39643,1.39663,1.50,1.00
2017.01.11 03:23:25.211,1.39641,1.39662,3.00,1.00
2017.01.11 03:23:25.262,1.39641,1.39662,2.25,1.12
2017.01.11 03:23:26.054,1.39641,1.3966,1.50,1.00
2017.01.11 03:23:26.357,1.39637,1.39656,1.00,1.50
2017.01.11 03:23:26.554,1.39639,1.39658,1.50,1.12
2017.01.11 03:23:27.954,1.39638,1.39659,2.62,1.50
2017.01.11 03:23:28.056,1.39637,1.39657,1.87,1.37
2017.01.11 03:23:31.482,1.39636,1.39656,1.12,1.12
2017.01.11 03:23:31.785,1.39634,1.39655,1.00,1.50
2017.01.11 03:23:32.089,1.39635,1.39655,1.50,1.00
2017.01.11 03:23:32.620,1.39635,1.39654,1.50,1.00
2017.01.11 03:23:33.129,1.39635,1.39655,1.50,1.00
2017.01.11 03:23:33.793,1.39635,1.39656,1.50,2.62
2017.01.11 03:23:35.988,1.39634,1.39656,1.75,1.50
2017.01.11 03:23:37.004,1.39636,1.39657,1.75,2.25
2017.01.11 03:23:37.929,1.39637,1.39656,1.50,1.00
2017.01.11 03:23:40.063,1.39636,1.39655,1.75,1.00
2017.01.11 03:23:40.368,1.39637,1.39658,1.87,2.25
2017.01.11 03:23:40.622,1.39639,1.39658,1.50,1.00
2017.01.11 03:23:41.284,1.39638,1.39659,1.75,1.50
2017.01.11 03:23:41.996,1.39638,1.39658,1.75,1.00
2017.01.11 03:23:42.510,1.39639,1.39659,1.50,1.00
2017.01.11 03:23:44.768,1.39639,1.3966,1.50,1.87
2017.01.11 03:23:45.369,1.39638,1.39659,1.75,1.00
2017.01.11 03:23:46.084,1.39639,1.39659,1.50,1.00
2017.01.11 03:23:47.517,1.39639,1.3966,1.75,1.50
2017.01.11 03:23:48.054,1.39639,1.39659,1.75,1.00
2017.01.11 03:23:48.365,1.3964,1.39661,1.87,1.00
2017.01.11 03:23:49.760,1.3964,1.39662,1.75,1.87
2017.01.11 03:23:50.313,1.3964,1.39661,1.75,1.00
2017.01.11 03:23:50.817,1.3964,1.39661,1.12,1.50
2017.01.11 03:23:52.105,1.39641,1.39662,1.00,2.25
2017.01.11 03:23:59.323,1.39641,1.39662,1.37,1.87
2017.01.11 03:23:59.395,1.39642,1.39662,1.00,1.50
2017.01.11 03:24:02.770,1.39642,1.39661,1.00,1.00
2017.01.11 03:24:03.262,1.39645,1.39666,1.12,2.62
2017.01.11 03:24:03.566,1.39648,1.39668,1.50,1.50
2017.01.11 03:24:03.617,1.39648,1.39667,1.50,1.00
2017.01.11 03:24:04.225,1.39645,1.39667,3.37,1.12
2017.01.11 03:24:04.760,1.39645,1.39666,2.62,1.00
2017.01.11 03:24:05.266,1.39646,1.39668,1.50,2.25
2017.01.11 03:24:06.203,1.3965,1.39669,1.00,1.75
2017.01.11 03:24:06.405,1.39653,1.39672,1.00,1.37
2017.01.11 03:24:06.456,1.39653,1.39676,1.87,3.00
2017.01.11 03:24:06.612,1.39653,1.39676,1.50,1.75
2017.01.11 03:24:07.056,1.39658,1.39679,1.56,1.87
2017.01.11 03:24:07.158,1.39658,1.39679,1.94,1.50
2017.01.11 03:24:07.682,1.39658,1.3968,1.94,2.25
2017.01.11 03:24:09.383,1.39662,1.39681,1.19,1.37
2017.01.11 03:24:09.636,1.39662,1.39683,2.44,1.00
2017.01.11 03:24:10.145,1.39662,1.39684,2.25,1.00
2017.01.11 03:24:10.564,1.39662,1.39682,1.75,1.00
2017.01.11 03:24:10.717,1.39658,1.3968,1.75,1.00
2017.01.11 03:24:10.818,1.39658,1.39681,1.75,3.00
2017.01.11 03:24:11.349,1.39661,1.39679,1.00,1.00
2017.01.11 03:24:11.889,1.39661,1.3968,1.00,1.12
2017.01.11 03:24:12.924,1.3966,1.39681,1.12,2.25
2017.01.11 03:24:12.975,1.3966,1.39678,1.12,1.50
2017.01.11 03:24:13.291,1.39653,1.39673,1.37,1.87
2017.01.11 03:24:13.343,1.39652,1.39673,1.12,2.25
2017.01.11 03:24:13.598,1.39652,1.3967,1.12,1.37
2017.01.11 03:24:13.845,1.39654,1.39672,1.00,1.00
2017.01.11 03:24:14.378,1.39654,1.39673,1.12,1.00
2017.01.11 03:24:14.911,1.39653,1.39672,2.25,1.00
2017.01.11 03:24:15.518,1.3965,1.39672,3.00,1.00
2017.01.11 03:24:16.023,1.3965,1.39671,3.00,1.00
2017.01.11 03:24:16.077,1.3965,1.39673,3.00,1.87
2017.01.11 03:24:19.605,1.3965,1.39671,1.75,1.00
2017.01.11 03:24:19.954,1.39651,1.39671,1.00,3.00
2017.01.11 03:24:21.338,1.39648,1.39669,1.50,1.12
2017.01.11 03:24:21.489,1.39648,1.39667,1.50,1.00
2017.01.11 03:24:22.107,1.39648,1.39668,2.25,1.00
2017.01.11 03:24:22.655,1.39647,1.39669,2.25,1.87
2017.01.11 03:24:24.415,1.39649,1.39668,1.12,1.00
2017.01.11 03:24:25.578,1.39647,1.39667,1.37,1.00
2017.01.11 03:24:25.693,1.39647,1.39667,1.12,1.12
2017.01.11 03:24:25.909,1.39649,1.39668,1.00,2.25
2017.01.11 03:24:27.122,1.3965,1.39668,1.00,2.25
2017.01.11 03:24:27.566,1.39647,1.39667,1.12,1.12
2017.01.11 03:24:27.667,1.39649,1.39669,1.00,3.00
2017.01.11 03:24:27.769,1.3965,1.39669,1.00,1.87
2017.01.11 03:24:28.073,1.39646,1.39667,1.75,1.00
2017.01.11 03:24:28.273,1.39646,1.39666,1.12,1.12
2017.01.11 03:24:29.738,1.39648,1.39667,1.00,2.25
2017.01.11 03:24:29.940,1.39648,1.39668,1.12,1.87
2017.01.11 03:24:30.930,1.39649,1.39668,1.00,1.12
2017.01.11 03:24:31.469,1.39648,1.39668,1.87,1.12
2017.01.11 03:24:31.584,1.39648,1.39668,2.25,1.00
2017.01.11 03:24:35.022,1.39648,1.39669,2.25,1.00
2017.01.11 03:24:35.326,1.39653,1.39671,1.50,1.00
2017.01.11 03:24:35.377,1.39653,1.39674,1.50,1.12
2017.01.11 03:24:35.976,1.39653,1.39673,1.50,1.50
2017.01.11 03:24:36.507,1.39653,1.39672,1.50,1.00
2017.01.11 03:24:37.087,1.39653,1.39673,1.50,1.50
2017.01.11 03:24:37.778,1.39652,1.39672,1.31,1.00
2017.01.11 03:24:38.007,1.39654,1.39673,2.06,1.00
2017.01.11 03:24:38.160,1.39654,1.39675,1.31,3.00
2017.01.11 03:24:41.089,1.39656,1.39673,1.31,1.00
2017.01.11 03:24:41.287,1.39656,1.39675,1.31,2.25
2017.01.11 03:24:41.491,1.39655,1.39673,1.69,1.00
2017.01.11 03:24:46.586,1.39655,1.39673,2.06,1.00
2017.01.11 03:24:46.687,1.39655,1.39676,3.19,1.12
2017.01.11 03:24:46.789,1.39657,1.39677,1.56,1.50
2017.01.11 03:24:46.911,1.39655,1.39678,2.06,2.25
2017.01.11 03:24:47.428,1.39658,1.39677,1.25,2.25
2017.01.11 03:24:47.743,1.39658,1.39678,1.00,1.00
2017.01.11 03:24:47.895,1.39658,1.39678,1.37,1.00
2017.01.11 03:24:49.822,1.3966,1.39677,1.37,1.00
2017.01.11 03:24:50.127,1.39657,1.39676,1.00,1.87
2017.01.11 03:24:50.178,1.39657,1.39674,1.00,1.12
2017.01.11 03:24:50.584,1.39653,1.39674,2.25,1.12
2017.01.11 03:24:50.635,1.39653,1.39671,1.50,1.00
2017.01.11 03:24:50.737,1.39651,1.3967,1.50,1.00
2017.01.11 03:24:50.839,1.3965,1.3967,1.12,1.69
2017.01.11 03:24:50.940,1.39651,1.39668,1.00,1.00
2017.01.11 03:24:51.452,1.3965,1.39668,1.12,1.00
2017.01.11 03:24:52.162,1.3965,1.39669,1.12,1.00
2017.01.11 03:24:53.666,1.39651,1.39669,1.00,1.00
2017.01.11 03:24:54.352,1.3965,1.39669,1.12,1.00
2017.01.11 03:24:54.942,1.39651,1.39669,1.00,1.00
2017.01.11 03:24:56.544,1.3965,1.39669,1.12,1.00
2017.01.11 03:24:57.330,1.3965,1.39667,1.12,1.00
2017.01.11 03:24:57.633,1.39649,1.3967,1.75,2.25
2017.01.11 03:24:58.148,1.39653,1.3967,1.00,1.00
2017.01.11 03:24:58.300,1.3965,1.39672,2.44,1.00
2017.01.11 03:24:58.840,1.39653,1.39672,1.00,1.12
2017.01.11 03:25:00.353,1.39654,1.39673,1.00,2.25
2017.01.11 03:25:00.505,1.39654,1.39674,1.12,1.12
2017.01.11 03:25:00.607,1.39654,1.39674,1.75,1.50
2017.01.11 03:25:01.237,1.39656,1.39678,1.69,3.00
2017.01.11 03:25:04.548,1.39655,1.39675,1.94,1.00
2017.01.11 03:25:04.751,1.39653,1.39673,1.69,1.00
2017.01.11 03:25:05.141,1.39651,1.39673,2.25,2.25
2017.01.11 03:25:05.251,1.3965,1.3967,2.25,1.00
2017.01.11 03:25:05.556,1.39649,1.39668,1.37,1.50
2017.01.11 03:25:05.607,1.39649,1.39668,1.00,1.50
2017.01.11 03:25:06.117,1.39648,1.39668,1.12,1.87
2017.01.11 03:25:07.274,1.39648,1.39668,1.31,2.25
2017.01.11 03:25:07.796,1.39648,1.39668,1.25,2.25
2017.01.11 03:25:08.746,1.39647,1.39667,1.25,1.50
2017.01.11 03:25:09.520,1.39648,1.39666,1.00,1.12
2017.01.11 03:25:10.078,1.39646,1.39666,1.12,1.12
2017.01.11 03:25:10.739,1.39648,1.39666,1.00,1.12
2017.01.11 03:25:11.510,1.39648,1.39665,1.00,1.00
2017.01.11 03:25:12.045,1.39647,1.39665,1.00,1.00
2017.01.11 03:25:13.520,1.39645,1.39664,1.50,1.00
2017.01.11 03:25:14.021,1.39645,1.39663,1.31,1.00
2017.01.11 03:25:14.726,1.39647,1.39663,1.00,1.00
2017.01.11 03:25:17.373,1.39647,1.39664,1.00,1.87
2017.01.11 03:25:17.900,1.39646,1.39664,1.00,1.00
2017.01.11 03:25:20.181,1.39646,1.39665,1.00,1.00
2017.01.11 03:25:24.282,1.39647,1.39665,1.00,1.00
2017.01.11 03:25:24.809,1.39647,1.39666,1.00,1.50
2017.01.11 03:25:26.700,1.39648,1.39666,1.00,1.00
2017.01.11 03:25:27.061,1.39645,1.39666,1.87,1.00
2017.01.11 03:25:27.602,1.39646,1.39667,1.50,1.00
2017.01.11 03:25:33.975,1.39647,1.39667,1.00,1.50
2017.01.11 03:25:36.267,1.3965,1.39669,1.31,1.37
2017.01.11 03:25:36.520,1.39655,1.39674,1.00,1.87
2017.01.11 03:25:37.048,1.39653,1.39674,2.25,1.87
2017.01.11 03:25:38.686,1.39655,1.39674,1.00,1.87
2017.01.11 03:25:39.225,1.39654,1.39674,1.12,1.12
2017.01.11 03:25:40.309,1.39654,1.39673,1.12,1.00
2017.01.11 03:25:40.562,1.39655,1.39675,1.37,1.12
2017.01.11 03:25:41.093,1.39654,1.39674,2.25,1.00
2017.01.11 03:25:42.008,1.39654,1.39675,2.06,1.00
2017.01.11 03:25:42.725,1.39656,1.39676,1.69,1.12
2017.01.11 03:25:45.851,1.39656,1.39676,1.69,1.12
2017.01.11 03:25:46.474,1.39654,1.39675,1.31,1.00
2017.01.11 03:25:47.021,1.39654,1.39676,1.31,1.87
2017.01.11 03:25:48.767,1.39654,1.39676,1.62,1.87
2017.01.11 03:25:49.105,1.39654,1.39674,1.62,1.00
2017.01.11 03:25:49.636,1.39653,1.39675,2.44,1.50
2017.01.11 03:25:51.841,1.39656,1.39676,1.00,1.75
2017.01.11 03:25:52.094,1.39657,1.39677,1.69,1.12
2017.01.11 03:25:52.196,1.39659,1.3968,1.56,1.75
2017.01.11 03:25:52.286,1.39661,1.39681,1.69,1.00
2017.01.11 03:25:52.488,1.39664,1.39683,1.25,1.00
2017.01.11 03:25:52.590,1.39663,1.39683,2.06,1.00
2017.01.11 03:25:53.139,1.39664,1.39682,1.69,1.00
2017.01.11 03:25:53.190,1.39662,1.39682,1.25,1.12
2017.01.11 03:25:53.393,1.39662,1.39682,3.19,1.00
2017.01.11 03:25:53.545,1.39665,1.39685,1.31,2.25
2017.01.11 03:25:53.596,1.39668,1.39685,1.25,1.50
2017.01.11 03:25:54.182,1.39667,1.39686,1.31,1.50
2017.01.11 03:25:54.756,1.39666,1.39686,1.75,1.50
2017.01.11 03:25:55.959,1.39667,1.39687,1.50,1.50
2017.01.11 03:26:01.261,1.39667,1.39688,2.25,1.87
2017.01.11 03:26:01.804,1.39669,1.39688,1.00,1.87
2017.01.11 03:26:04.127,1.3967,1.39689,1.00,1.50
2017.01.11 03:26:04.430,1.39675,1.39693,1.25,1.50
2017.01.11 03:26:05.166,1.39675,1.39694,1.25,1.50
2017.01.11 03:26:05.698,1.39675,1.39693,1.25,1.00
2017.01.11 03:26:06.561,1.39675,1.39694,1.25,1.50
2017.01.11 03:26:06.865,1.39678,1.39698,1.25,1.12
2017.01.11 03:26:06.916,1.39678,1.39698,1.56,1.12
2017.01.11 03:26:07.347,1.39679,1.39698,1.25,1.00
2017.01.11 03:26:07.856,1.39679,1.39697,1.69,1.00
2017.01.11 03:26:08.294,1.39679,1.39699,1.69,2.62
2017.01.11 03:26:08.875,1.39678,1.39698,1.31,1.50
2017.01.11 03:26:09.490,1.39679,1.39698,1.25,1.50
2017.01.11 03:26:10.550,1.39678,1.39698,1.31,1.00
2017.01.11 03:26:10.651,1.39678,1.39698,1.62,1.00
2017.01.11 03:26:11.161,1.39678,1.39699,1.62,1.87
2017.01.11 03:26:11.665,1.39678,1.39699,2.06,1.12
2017.01.11 03:26:12.019,1.3968,1.397,1.31,1.00
2017.01.11 03:26:12.605,1.3968,1.39701,1.12,2.25
2017.01.11 03:26:13.178,1.3968,1.397,1.12,1.00
2017.01.11 03:26:14.239,1.3968,1.39699,1.12,1.00
2017.01.11 03:26:14.736,1.39682,1.39701,1.37,1.00
2017.01.11 03:26:15.249,1.39682,1.39701,1.00,1.12
2017.01.11 03:26:15.451,1.3968,1.39699,1.50,1.00
2017.01.11 03:26:16.631,1.3968,1.39698,1.50,1.00
2017.01.11 03:26:17.147,1.39676,1.39697,1.87,1.50
2017.01.11 03:26:17.249,1.39676,1.39697,1.12,1.50
2017.01.11 03:26:17.300,1.39676,1.39695,1.12,1.00
2017.01.11 03:26:17.452,1.39675,1.39695,1.87,1.12
2017.01.11 03:26:17.503,1.39675,1.39693,1.87,1.00
2017.01.11 03:26:17.705,1.39675,1.39696,1.87,1.50
2017.01.11 03:26:18.336,1.39675,1.39694,1.12,1.00
2017.01.11 03:26:19.107,1.39673,1.39692,1.75,1.00
2017.01.11 03:26:19.209,1.3967,1.3969,3.75,1.00
2017.01.11 03:26:19.564,1.3967,1.39688,1.00,1.00
2017.01.11 03:26:20.114,1.39671,1.39691,1.00,2.25
2017.01.11 03:26:20.165,1.39672,1.39691,1.00,1.12
2017.01.11 03:26:20.688,1.39673,1.39694,1.00,2.25
2017.01.11 03:26:22.856,1.3967,1.39688,1.50,1.37
2017.01.11 03:26:23.160,1.39661,1.39681,1.12,1.69
2017.01.11 03:26:23.697,1.39661,1.3968,1.12,1.00
2017.01.11 03:26:26.487,1.39658,1.39678,2.44,1.00
2017.01.11 03:26:26.589,1.39656,1.39677,2.81,1.00
2017.01.11 03:26:26.994,1.39655,1.39676,2.06,1.12
2017.01.11 03:26:27.156,1.39656,1.39674,1.12,1.00
2017.01.11 03:26:27.793,1.39655,1.39675,1.56,1.00
2017.01.11 03:26:28.148,1.39656,1.39677,1.69,1.37
2017.01.11 03:26:28.249,1.39656,1.39678,2.44,1.87
2017.01.11 03:26:30.200,1.39657,1.39679,1.94,2.25
2017.01.11 03:26:30.302,1.39658,1.39679,1.94,1.00
2017.01.11 03:26:30.615,1.39659,1.3968,1.94,1.00
2017.01.11 03:26:30.665,1.39659,1.3968,1.69,1.87
2017.01.11 03:26:30.868,1.39658,1.39678,2.44,1.00
2017.01.11 03:26:34.613,1.39658,1.39678,2.25,1.37
2017.01.11 03:26:34.715,1.39658,1.39678,1.50,1.50
2017.01.11 03:26:38.071,1.39658,1.39678,1.00,2.06
2017.01.11 03:26:38.616,1.39659,1.39679,1.12,2.06
2017.01.11 03:26:38.996,1.3966,1.3968,1.50,1.00
2017.01.11 03:26:39.300,1.3966,1.39681,1.75,1.69
2017.01.11 03:26:45.591,1.39662,1.39682,1.50,1.00
2017.01.11 03:26:46.209,1.39662,1.39682,1.50,1.56
2017.01.11 03:26:48.007,1.39661,1.39682,2.25,1.31
2017.01.11 03:26:52.411,1.39662,1.39683,1.50,1.12
2017.01.11 03:26:52.723,1.39662,1.39684,2.25,1.50
2017.01.11 03:26:53.452,1.39662,1.39683,2.25,1.00
2017.01.11 03:26:54.077,1.39662,1.39682,1.75,1.00
2017.01.11 03:26:54.585,1.39661,1.39681,1.75,1.00
2017.01.11 03:26:54.636,1.39661,1.39681,1.75,1.00
2017.01.11 03:26:56.577,1.39661,1.39683,1.75,1.12
2017.01.11 03:26:56.661,1.39667,1.39684,1.00,1.50
2017.01.11 03:26:56.713,1.39667,1.39686,1.00,1.00
2017.01.11 03:26:56.815,1.39667,1.39686,1.50,1.00
2017.01.11 03:26:56.916,1.39668,1.39689,1.37,1.12
2017.01.11 03:26:57.169,1.39666,1.39687,1.75,1.00
2017.01.11 03:26:57.220,1.39666,1.39685,1.12,1.00
2017.01.11 03:26:57.510,1.39663,1.39683,1.75,1.00
2017.01.11 03:26:57.815,1.39663,1.39683,1.00,1.50
2017.01.11 03:26:57.866,1.39665,1.39685,1.00,1.75
2017.01.11 03:26:57.917,1.39665,1.39685,1.12,1.12
2017.01.11 03:26:58.019,1.39665,1.39684,1.75,1.00
2017.01.11 03:26:58.341,1.39661,1.39682,1.75,1.00
2017.01.11 03:26:58.442,1.39661,1.39681,1.75,1.00
2017.01.11 03:26:59.288,1.3966,1.39682,2.25,2.25
2017.01.11 03:26:59.440,1.39659,1.3968,1.75,1.00
2017.01.11 03:26:59.643,1.39658,1.39679,1.75,1.00
2017.01.11 03:26:59.845,1.39659,1.3968,1.75,1.00
2017.01.11 03:27:00.149,1.3966,1.39681,1.75,1.50
2017.01.11 03:27:00.758,1.39659,1.3968,1.75,1.00
2017.01.11 03:27:01.166,1.39659,1.3968,1.37,1.12
2017.01.11 03:27:02.195,1.39657,1.39679,1.75,1.00
2017.01.11 03:27:02.246,1.39657,1.39679,1.50,1.50
2017.01.11 03:27:03.036,1.39657,1.39678,1.50,1.00
2017.01.11 03:27:03.188,1.39659,1.39679,1.00,2.25
2017.01.11 03:27:04.162,1.39659,1.39678,1.00,1.00
2017.01.11 03:27:07.036,1.3966,1.39678,1.00,1.00
2017.01.11 03:27:09.869,1.3966,1.39679,1.50,1.00
2017.01.11 03:27:10.191,1.39661,1.39679,1.75,1.00
2017.01.11 03:27:11.513,1.39662,1.3968,1.50,1.00
2017.01.11 03:27:11.772,1.39664,1.39684,1.50,1.00
2017.01.11 03:27:11.873,1.39664,1.39684,1.75,1.00
2017.01.11 03:27:14.305,1.39665,1.39685,1.75,1.00
2017.01.11 03:27:14.609,1.39665,1.39687,2.25,1.50
2017.01.11 03:27:15.128,1.39667,1.39688,2.25,1.00
2017.01.11 03:27:15.675,1.39667,1.39687,2.25,1.00
2017.01.11 03:27:16.546,1.39668,1.39688,1.50,1.00
2017.01.11 03:27:17.175,1.39668,1.39687,1.50,1.00
2017.01.11 03:27:17.788,1.39668,1.39688,1.50,1.00
2017.01.11 03:27:18.328,1.39668,1.39687,1.50,1.00
2017.01.11 03:27:19.120,1.39667,1.39688,1.87,1.50
2017.01.11 03:27:19.640,1.39666,1.39687,2.62,1.00
2017.01.11 03:27:20.754,1.39666,1.39689,2.62,1.50
2017.01.11 03:27:20.856,1.3967,1.39691,1.12,1.87
2017.01.11 03:27:20.980,1.39671,1.39691,1.50,1.00
2017.01.11 03:27:21.283,1.39671,1.39691,1.75,1.00
2017.01.11 03:27:23.894,1.39671,1.39692,1.75,1.00
2017.01.11 03:27:24.579,1.39671,1.39692,1.75,1.50
2017.01.11 03:27:25.460,1.39672,1.39693,1.87,1.12
2017.01.11 03:27:26.013,1.39671,1.39692,1.12,1.00
2017.01.11 03:27:26.343,1.39671,1.39693,1.75,1.50
2017.01.11 03:27:26.394,1.39672,1.39693,1.00,1.50
2017.01.11 03:27:26.445,1.39672,1.39691,1.00,1.00
2017.01.11 03:27:26.950,1.39672,1.39693,2.25,1.00
2017.01.11 03:27:27.001,1.39673,1.39693,1.12,1.00
2017.01.11 03:27:28.667,1.39672,1.39694,2.25,1.50
2017.01.11 03:27:29.262,1.39671,1.39693,1.87,1.50
2017.01.11 03:27:29.767,1.39671,1.39692,1.87,1.00
2017.01.11 03:27:30.304,1.39671,1.39691,1.75,1.00
2017.01.11 03:27:31.913,1.3967,1.3969,1.75,1.00
2017.01.11 03:27:32.415,1.39669,1.39691,3.00,1.00
2017.01.11 03:27:35.905,1.39669,1.3969,3.00,1.00
2017.01.11 03:27:36.447,1.3967,1.39691,1.75,1.00
2017.01.11 03:27:38.276,1.39669,1.39689,2.25,1.00
2017.01.11 03:27:40.198,1.39669,1.39688,2.25,1.00
2017.01.11 03:27:40.743,1.39669,1.39689,2.25,1.00
2017.01.11 03:27:41.246,1.39669,1.39688,2.25,1.00
2017.01.11 03:27:41.793,1.39669,1.39689,2.25,1.00
2017.01.11 03:27:42.315,1.39669,1.39688,2.25,1.00
2017.01.11 03:27:43.032,1.39669,1.39689,2.25,1.00
2017.01.11 03:27:43.953,1.39669,1.3969,2.62,1.50
2017.01.11 03:27:44.526,1.39669,1.39689,2.25,1.00
2017.01.11 03:27:45.056,1.39669,1.39687,1.75,1.00
2017.01.11 03:27:45.241,1.39664,1.39685,1.75,1.00
2017.01.11 03:27:45.445,1.39662,1.39682,4.12,1.00
2017.01.11 03:27:45.804,1.39665,1.39685,1.87,1.00
2017.01.11 03:27:45.905,1.39665,1.39687,2.62,1.50
2017.01.11 03:27:45.956,1.39668,1.39687,1.00,1.00
2017.01.11 03:27:46.260,1.39666,1.39689,2.25,1.00
2017.01.11 03:27:46.569,1.39665,1.39685,2.25,1.00
2017.01.11 03:27:46.812,1.39666,1.39684,1.00,1.00
2017.01.11 03:27:47.216,1.39663,1.39684,2.25,1.12
2017.01.11 03:27:47.267,1.39661,1.39682,2.25,1.00
2017.01.11 03:27:47.571,1.39656,1.39678,1.75,1.00
2017.01.11 03:27:47.622,1.39655,1.39677,3.00,1.00
2017.01.11 03:27:47.723,1.39655,1.39677,2.25,1.87
2017.01.11 03:27:47.875,1.39656,1.39675,1.50,1.00
2017.01.11 03:27:47.976,1.39654,1.39677,3.00,2.62
2017.01.11 03:27:48.229,1.39656,1.39677,1.75,1.00
2017.01.11 03:27:49.022,1.39656,1.39678,1.75,1.00
2017.01.11 03:27:51.058,1.39656,1.39679,1.75,3.37
2017.01.11 03:27:51.464,1.39656,1.39677,1.75,1.00
2017.01.11 03:27:51.985,1.39656,1.39678,1.75,1.00
2017.01.11 03:27:54.423,1.39656,1.39677,1.75,1.00
2017.01.11 03:27:55.591,1.39657,1.39678,1.75,1.00
2017.01.11 03:27:55.894,1.39658,1.39679,1.75,1.00
2017.01.11 03:27:56.148,1.3966,1.39682,1.75,1.50
2017.01.11 03:27:56.250,1.3966,1.39682,2.25,1.00
2017.01.11 03:27:56.351,1.3966,1.39681,1.75,1.00
2017.01.11 03:27:56.885,1.3966,1.39682,1.75,1.00
2017.01.11 03:27:58.929,1.39662,1.39683,1.75,1.50
2017.01.11 03:28:00.269,1.39663,1.39684,1.75,1.50
2017.01.11 03:28:00.471,1.39667,1.39687,1.50,2.62
2017.01.11 03:28:00.574,1.39667,1.39687,1.75,1.12
2017.01.11 03:28:00.880,1.39667,1.39688,3.00,1.00
2017.01.11 03:28:01.392,1.39668,1.39689,1.75,1.00
2017.01.11 03:28:01.443,1.39671,1.39691,1.50,1.50
2017.01.11 03:28:01.645,1.39673,1.39693,1.12,1.00
2017.01.11 03:28:02.151,1.39673,1.39694,1.87,1.25
2017.01.11 03:28:02.666,1.39674,1.39692,1.00,1.00
2017.01.11 03:28:03.213,1.39673,1.39693,1.12,1.00
2017.01.11 03:28:03.574,1.39675,1.39695,1.00,1.87
2017.01.11 03:28:05.242,1.39673,1.39695,1.87,2.62
2017.01.11 03:28:05.368,1.39673,1.39695,1.00,3.00
2017.01.11 03:28:05.673,1.39673,1.3969,1.00,1.37
2017.01.11 03:28:05.774,1.39669,1.39687,2.25,1.00
2017.01.11 03:28:05.825,1.39672,1.39689,1.00,1.00
2017.01.11 03:28:05.876,1.39672,1.39691,1.50,1.31
2017.01.11 03:28:05.977,1.3967,1.3969,1.75,1.00
2017.01.11 03:28:06.079,1.3967,1.39689,1.75,1.00
2017.01.11 03:28:06.281,1.39671,1.39691,1.75,1.00
2017.01.11 03:28:06.806,1.39671,1.3969,1.75,1.00
2017.01.11 03:28:12.902,1.39669,1.39687,1.75,1.00
2017.01.11 03:28:15.146,1.39668,1.39688,2.25,1.00
2017.01.11 03:28:17.546,1.39667,1.39688,2.25,2.62
2017.01.11 03:28:17.699,1.39661,1.39684,3.37,2.25
2017.01.11 03:28:17.749,1.39661,1.3968,2.62,1.00
2017.01.11 03:28:17.800,1.39659,1.3968,1.75,1.00
2017.01.11 03:28:17.902,1.39661,1.39679,1.00,1.00
2017.01.11 03:28:18.003,1.39659,1.39678,1.50,1.50
2017.01.11 03:28:18.155,1.39659,1.39676,1.50,1.00
2017.01.11 03:28:18.257,1.39659,1.39679,1.50,1.00
2017.01.11 03:28:18.639,1.39659,1.39676,1.00,1.00
2017.01.11 03:28:19.175,1.39656,1.39678,3.00,1.50
2017.01.11 03:28:19.279,1.39659,1.39679,1.75,1.00
2017.01.11 03:28:19.331,1.39659,1.39681,1.75,1.50
2017.01.11 03:28:19.382,1.39659,1.39681,1.75,1.50
2017.01.11 03:28:19.584,1.39664,1.39682,1.00,1.00
2017.01.11 03:28:20.133,1.39664,1.39684,1.00,2.25
2017.01.11 03:28:20.863,1.39664,1.39683,1.00,1.00
2017.01.11 03:28:21.292,1.39666,1.39683,1.00,1.00
2017.01.11 03:28:21.343,1.39666,1.39686,1.00,1.00
2017.01.11 03:28:21.394,1.39667,1.39687,1.75,1.00
2017.01.11 03:28:21.445,1.39667,1.39689,1.75,3.37
2017.01.11 03:28:21.598,1.39668,1.39689,1.75,1.00
2017.01.11 03:28:21.906,1.39668,1.39689,1.75,1.50
2017.01.11 03:28:22.009,1.39668,1.39688,1.75,1.50
2017.01.11 03:28:22.213,1.39665,1.39686,1.75,1.00
2017.01.11 03:28:22.398,1.39665,1.39686,1.50,1.12
2017.01.11 03:28:22.651,1.39663,1.39684,1.75,1.00
2017.01.11 03:28:22.703,1.39662,1.39682,1.37,1.00
2017.01.11 03:28:22.979,1.39662,1.39682,2.25,1.50
2017.01.11 03:28:23.080,1.39662,1.39681,1.75,1.50
2017.01.11 03:28:23.233,1.39665,1.39683,1.12,1.50
2017.01.11 03:28:23.334,1.39665,1.39685,1.12,1.12
2017.01.11 03:28:23.385,1.39665,1.39685,1.75,1.00
2017.01.11 03:28:23.742,1.39665,1.39686,2.25,1.50
2017.01.11 03:28:24.857,1.39666,1.39685,1.75,1.00
2017.01.11 03:28:25.964,1.39665,1.39686,2.25,1.00
2017.01.11 03:28:29.267,1.39668,1.39689,1.12,2.25
2017.01.11 03:28:29.318,1.39668,1.39689,1.12,1.50
2017.01.11 03:28:29.726,1.39666,1.39689,2.25,1.50
2017.01.11 03:28:29.951,1.39666,1.39688,1.75,2.62
2017.01.11 03:28:30.002,1.39666,1.39688,1.12,3.00
2017.01.11 03:28:30.808,1.39666,1.39686,1.12,1.00
2017.01.11 03:28:30.909,1.39666,1.39686,1.75,1.00
2017.01.11 03:28:31.566,1.39665,1.39687,1.75,1.50
2017.01.11 03:28:31.909,1.39662,1.39678,1.75,1.00
2017.01.11 03:28:32.112,1.39656,1.39676,1.12,1.00
2017.01.11 03:28:32.163,1.39658,1.39675,1.00,1.00
2017.01.11 03:28:32.468,1.39656,1.39676,1.56,1.12
2017.01.11 03:28:33.036,1.39657,1.39676,1.56,1.12
2017.01.11 03:28:33.274,1.39652,1.39674,1.50,1.12
2017.01.11 03:28:33.414,1.3965,1.39672,2.06,1.50
2017.01.11 03:28:33.769,1.3965,1.39668,1.50,1.00
2017.01.11 03:28:34.213,1.3965,1.39669,2.06,1.00
2017.01.11 03:28:36.584,1.39654,1.39671,1.31,1.50
2017.01.11 03:28:36.720,1.39654,1.39673,2.06,1.00
2017.01.11 03:28:36.822,1.39657,1.39675,1.25,1.50
2017.01.11 03:28:37.126,1.39657,1.39675,2.06,1.00
2017.01.11 03:28:37.281,1.39657,1.39673,1.00,1.00
2017.01.11 03:28:37.431,1.39655,1.39674,1.87,1.00
2017.01.11 03:28:39.051,1.39653,1.39673,1.75,1.00
2017.01.11 03:28:41.152,1.39654,1.39674,2.25,1.50
2017.01.11 03:28:41.672,1.39654,1.39673,2.25,1.00
2017.01.11 03:28:42.069,1.39653,1.39675,2.25,3.00
2017.01.11 03:28:42.221,1.39654,1.39675,2.25,1.00
2017.01.11 03:28:42.788,1.39654,1.39674,2.25,1.00
2017.01.11 03:28:44.031,1.39658,1.39674,1.00,1.00
2017.01.11 03:28:44.284,1.39655,1.39676,1.75,1.25
2017.01.11 03:28:44.335,1.39655,1.39676,1.12,1.31
2017.01.11 03:28:44.930,1.39655,1.39675,1.12,1.00
2017.01.11 03:28:46.333,1.39656,1.39675,1.00,1.00
2017.01.11 03:28:46.536,1.39656,1.39677,1.37,1.87
2017.01.11 03:28:46.991,1.3966,1.39679,1.00,1.87
2017.01.11 03:28:47.093,1.39662,1.39678,1.00,1.00
2017.01.11 03:28:47.194,1.39665,1.39682,1.00,1.12
2017.01.11 03:28:47.728,1.39663,1.39683,2.06,1.00
2017.01.11 03:28:47.930,1.39658,1.39681,3.00,1.12
2017.01.11 03:28:47.981,1.39658,1.39679,1.75,1.00
2017.01.11 03:28:48.133,1.39655,1.39677,2.25,1.37
2017.01.11 03:28:48.664,1.39655,1.39677,1.12,1.75
2017.01.11 03:28:51.437,1.39657,1.39677,1.00,2.25
2017.01.11 03:28:51.741,1.39662,1.39679,1.00,1.50
2017.01.11 03:28:51.943,1.39663,1.39684,1.50,1.87
2017.01.11 03:28:52.045,1.39663,1.39684,1.50,1.50
2017.01.11 03:28:52.340,1.3966,1.39681,1.75,1.00
2017.01.11 03:28:52.671,1.39657,1.39678,1.75,1.00
2017.01.11 03:28:52.722,1.39657,1.39678,1.75,1.00
2017.01.11 03:28:53.770,1.39659,1.39679,2.25,1.00
2017.01.11 03:28:53.871,1.39663,1.39682,1.25,1.87
2017.01.11 03:28:55.215,1.39661,1.39682,1.31,2.25
2017.01.11 03:28:57.002,1.39662,1.39681,1.00,1.12
2017.01.11 03:28:57.526,1.39662,1.39682,1.50,1.00
2017.01.11 03:28:59.173,1.3966,1.39681,1.75,1.00
2017.01.11 03:28:59.694,1.3966,1.39683,1.75,1.12
2017.01.11 03:28:59.998,1.39662,1.39681,1.50,1.00
2017.01.11 03:29:01.054,1.39662,1.39682,1.50,1.00
2017.01.11 03:29:01.675,1.39664,1.39682,1.00,1.00
2017.01.11 03:29:02.205,1.39661,1.39682,1.75,1.50
2017.01.11 03:29:02.995,1.39662,1.39681,1.50,1.00
2017.01.11 03:29:03.197,1.39662,1.39684,1.50,3.00
2017.01.11 03:29:03.773,1.39663,1.39684,1.37,1.12
2017.01.11 03:29:04.026,1.39666,1.39686,1.00,1.00
2017.01.11 03:29:04.529,1.39666,1.39686,1.50,1.00
2017.01.11 03:29:05.080,1.39666,1.39685,1.50,1.00
2017.01.11 03:29:05.624,1.39667,1.39686,1.12,1.00
2017.01.11 03:29:06.007,1.39663,1.39684,1.75,1.00
2017.01.11 03:29:06.159,1.39663,1.39686,2.25,1.87
2017.01.11 03:29:06.679,1.39667,1.39686,1.00,1.37
2017.01.11 03:29:07.186,1.39667,1.39686,1.12,1.00
2017.01.11 03:29:08.874,1.39666,1.39684,1.50,1.00
2017.01.11 03:29:09.178,1.39668,1.39686,1.00,1.00
2017.01.11 03:29:09.712,1.39668,1.39687,1.00,1.00
2017.01.11 03:29:10.241,1.39667,1.39687,1.00,1.00
2017.01.11 03:29:10.443,1.39665,1.39687,1.12,1.37
2017.01.11 03:29:10.978,1.39666,1.39686,1.00,1.12
2017.01.11 03:29:11.480,1.39667,1.39687,1.87,1.12
2017.01.11 03:29:12.012,1.39668,1.39687,1.00,1.12
2017.01.11 03:29:12.553,1.39669,1.39688,1.00,1.50
2017.01.11 03:29:13.256,1.39671,1.3969,1.00,1.12
2017.01.11 03:29:13.509,1.39669,1.39691,1.87,2.06
2017.01.11 03:29:13.661,1.39669,1.3969,1.00,2.25
2017.01.11 03:29:13.712,1.39667,1.3969,1.50,3.56
2017.01.11 03:29:14.035,1.39669,1.39688,1.00,1.50
2017.01.11 03:29:14.187,1.39669,1.3969,1.12,1.50
2017.01.11 03:29:14.733,1.3967,1.39691,1.00,2.25
2017.01.11 03:29:15.251,1.39671,1.39692,1.00,1.75
2017.01.11 03:29:15.353,1.39673,1.39693,1.50,1.87
2017.01.11 03:29:15.506,1.39674,1.39696,1.37,2.25
2017.01.11 03:29:16.017,1.39675,1.39695,1.00,1.50
2017.01.11 03:29:17.390,1.39674,1.39692,1.50,1.00
2017.01.11 03:29:17.593,1.39673,1.39694,1.12,1.12
2017.01.11 03:29:18.432,1.39673,1.39693,1.12,1.00
2017.01.11 03:29:19.197,1.39673,1.39694,1.12,1.12
2017.01.11 03:29:19.703,1.39674,1.39695,1.12,1.75
2017.01.11 03:29:20.208,1.39675,1.39696,1.00,2.25
2017.01.11 03:29:21.221,1.39674,1.39695,1.12,1.50
2017.01.11 03:29:22.280,1.39672,1.39693,1.75,1.00
2017.01.11 03:29:22.380,1.39671,1.3969,1.50,1.00
2017.01.11 03:29:22.583,1.39671,1.39692,1.50,2.62
2017.01.11 03:29:23.275,1.3967,1.39692,1.37,3.00
2017.01.11 03:29:23.326,1.39669,1.3969,1.12,1.50
2017.01.11 03:29:24.551,1.39671,1.39691,1.00,1.75
2017.01.11 03:29:24.602,1.39671,1.39691,1.12,1.12
2017.01.11 03:29:25.953,1.39672,1.39692,1.00,2.25
2017.01.11 03:29:26.473,1.39671,1.39691,1.12,1.12
2017.01.11 03:29:31.026,1.39669,1.39691,1.12,2.25
2017.01.11 03:29:32.219,1.3967,1.3969,1.00,1.50
2017.01.11 03:29:32.525,1.39679,1.39697,1.00,1.75
2017.01.11 03:29:32.627,1.39678,1.39699,1.00,1.75
2017.01.11 03:29:32.754,1.39678,1.39699,1.00,1.00
2017.01.11 03:29:32.807,1.39677,1.39697,1.50,1.00
2017.01.11 03:29:33.111,1.39672,1.39694,1.50,1.87
2017.01.11 03:29:33.213,1.39672,1.39694,1.00,2.25
2017.01.11 03:29:35.360,1.39674,1.39692,1.00,1.50
2017.01.11 03:29:35.461,1.39671,1.39693,1.12,1.75
2017.01.11 03:29:35.714,1.39673,1.39694,1.00,1.87
2017.01.11 03:29:36.334,1.39673,1.39694,1.00,1.50
2017.01.11 03:29:36.786,1.39673,1.39692,1.00,1.00
2017.01.11 03:29:37.132,1.39672,1.39693,1.50,1.75
2017.01.11 03:29:37.897,1.39673,1.39693,1.00,1.75
2017.01.11 03:29:38.049,1.39674,1.39695,1.00,1.75
2017.01.11 03:29:39.148,1.39675,1.39696,1.50,2.25
2017.01.11 03:29:39.250,1.39675,1.39696,2.25,1.00
2017.01.11 03:29:39.351,1.39675,1.39697,1.50,1.75
2017.01.11 03:29:41.900,1.39673,1.39694,1.37,1.50
2017.01.11 03:29:42.206,1.39671,1.39691,1.37,1.87
2017.01.11 03:29:42.512,1.39674,1.39693,1.00,1.75
2017.01.11 03:29:42.665,1.39673,1.39694,1.12,1.50
2017.01.11 03:29:43.443,1.39671,1.39693,1.87,1.75
2017.01.11 03:29:45.877,1.39672,1.39693,1.00,1.75
2017.01.11 03:29:46.030,1.39672,1.39694,1.50,2.25
2017.01.11 03:29:49.492,1.39672,1.39692,1.50,1.00
2017.01.11 03:29:50.396,1.39671,1.39691,1.75,1.00
2017.01.11 03:29:50.607,1.39671,1.3969,1.87,1.00
2017.01.11 03:29:50.658,1.39674,1.3969,1.00,1.00
2017.01.11 03:29:50.709,1.39674,1.39694,1.00,1.50
2017.01.11 03:29:50.760,1.39674,1.39694,1.19,1.50
2017.01.11 03:29:51.307,1.39676,1.39695,1.19,1.50
2017.01.11 03:29:51.752,1.39675,1.39694,1.50,1.00
2017.01.11 03:29:52.127,1.39676,1.39696,1.50,1.00
2017.01.11 03:29:52.363,1.39676,1.39696,2.62,1.00
2017.01.11 03:29:53.734,1.39677,1.39695,1.69,1.00
2017.01.11 03:29:54.339,1.39677,1.39695,1.25,1.00
2017.01.11 03:29:54.862,1.39677,1.39696,1.19,1.87
2017.01.11 03:29:55.365,1.39677,1.39695,1.19,1.00
2017.01.11 03:29:55.638,1.39677,1.39695,1.00,1.00
2017.01.11 03:29:56.249,1.39676,1.39695,1.87,1.00
2017.01.11 03:29:56.904,1.39677,1.39696,2.25,1.00
2017.01.11 03:29:57.652,1.39676,1.39695,1.87,1.00
2017.01.11 03:29:58.073,1.39676,1.39694,1.00,1.00
2017.01.11 03:29:58.615,1.39676,1.39695,1.00,1.12
2017.01.11 03:29:59.183,1.39675,1.39695,1.00,1.12
2017.01.11 03:29:59.487,1.39674,1.39694,1.00,1.50
2017.01.11 03:29:59.999,1.39673,1.39693,1.12,1.12
2017.01.11 03:30:01.063,1.39671,1.39694,1.50,2.25
2017.01.11 03:30:01.367,1.39674,1.39693,1.00,1.12
2017.01.11 03:30:01.895,1.39673,1.39692,1.00,1.50
2017.01.11 03:30:01.997,1.39673,1.39693,1.12,1.12
2017.01.11 03:30:02.200,1.39675,1.39694,1.00,1.75
2017.01.11 03:30:02.252,1.39673,1.39693,1.00,1.75
2017.01.11 03:30:02.304,1.39676,1.39693,1.00,1.75
2017.01.11 03:30:02.508,1.39672,1.39693,1.50,1.87
2017.01.11 03:30:02.561,1.39671,1.39689,1.87,1.00
2017.01.11 03:30:02.612,1.39671,1.39689,1.12,1.00
2017.01.11 03:30:02.815,1.39669,1.39688,1.50,1.69
2017.01.11 03:30:02.865,1.39669,1.39688,1.50,2.06
2017.01.11 03:30:02.967,1.3967,1.39688,1.00,1.69
2017.01.11 03:30:03.172,1.39668,1.39687,1.12,1.00
2017.01.11 03:30:03.276,1.39668,1.39687,1.00,1.75
2017.01.11 03:30:03.479,1.3967,1.39689,1.00,1.75
2017.01.11 03:30:03.581,1.3967,1.3969,1.50,1.50
2017.01.11 03:30:03.885,1.39668,1.3969,1.00,3.75
2017.01.11 03:30:04.290,1.39669,1.39688,1.00,1.12
2017.01.11 03:30:04.497,1.39671,1.39689,1.00,1.50
2017.01.11 03:30:04.800,1.39676,1.39695,1.00,2.25
2017.01.11 03:30:04.902,1.39676,1.39696,1.00,1.75
2017.01.11 03:30:05.003,1.39676,1.39697,1.00,1.50
2017.01.11 03:30:05.206,1.39675,1.39694,1.50,1.00
2017.01.11 03:30:05.510,1.39673,1.39691,1.00,2.25
2017.01.11 03:30:06.083,1.39669,1.39689,1.00,1.50
2017.01.11 03:30:06.604,1.39668,1.39689,1.87,1.50
2017.01.11 03:30:07.256,1.39671,1.3969,1.00,1.75
2017.01.11 03:30:07.510,1.39673,1.39692,1.00,1.12
2017.01.11 03:30:08.058,1.39673,1.39691,1.00,1.00
2017.01.11 03:30:08.731,1.39672,1.39692,1.87,1.12
2017.01.11 03:30:09.259,1.39672,1.39691,1.12,1.37
2017.01.11 03:30:09.310,1.3967,1.39691,1.00,1.75
2017.01.11 03:30:09.872,1.39669,1.39688,1.00,1.12
2017.01.11 03:30:09.974,1.39674,1.39692,1.00,1.75
2017.01.11 03:30:10.126,1.39673,1.39695,1.00,2.25
2017.01.11 03:30:10.228,1.39673,1.39695,1.50,1.00
2017.01.11 03:30:10.754,1.39674,1.39695,1.00,1.50
2017.01.11 03:30:11.091,1.39671,1.39694,1.50,2.25
2017.01.11 03:30:11.435,1.39671,1.39692,1.00,1.75
2017.01.11 03:30:11.486,1.39671,1.39692,1.50,1.12
2017.01.11 03:30:12.045,1.39674,1.39694,1.00,1.75
2017.01.11 03:30:12.198,1.39676,1.39697,1.50,1.75
2017.01.11 03:30:12.991,1.39675,1.39698,1.50,1.75
2017.01.11 03:30:13.788,1.39677,1.39697,1.50,1.75
2017.01.11 03:30:13.890,1.39677,1.39698,2.25,1.12
2017.01.11 03:30:14.501,1.39677,1.39697,2.25,1.00
2017.01.11 03:30:15.442,1.39677,1.39698,2.25,1.12
2017.01.11 03:30:15.997,1.39679,1.397,1.00,1.75
2017.01.11 03:30:16.199,1.39681,1.39702,1.00,2.06
2017.01.11 03:30:16.705,1.39679,1.39701,1.00,2.25
2017.01.11 03:30:16.807,1.39678,1.39698,1.00,1.75
2017.01.11 03:30:17.117,1.39676,1.39697,1.12,1.50
2017.01.11 03:30:18.987,1.39677,1.39697,1.00,1.50
2017.01.11 03:30:19.986,1.39676,1.39696,1.87,1.12
2017.01.11 03:30:20.493,1.39673,1.39695,1.37,1.87
2017.01.11 03:30:20.544,1.39673,1.39694,1.00,1.00
2017.01.11 03:30:20.645,1.39672,1.39692,1.00,1.00
2017.01.11 03:30:21.043,1.3967,1.39691,1.12,1.50
2017.01.11 03:30:22.321,1.39671,1.39692,1.00,1.75
2017.01.11 03:30:22.913,1.39671,1.39689,1.00,1.00
2017.01.11 03:30:23.040,1.39667,1.39688,1.00,1.50
2017.01.11 03:30:23.573,1.39666,1.39688,1.50,1.50
2017.01.11 03:30:24.077,1.39666,1.39687,1.50,1.00
2017.01.11 03:30:24.702,1.39666,1.39688,1.50,1.00
2017.01.11 03:30:25.489,1.3967,1.39689,1.00,1.75
2017.01.11 03:30:25.743,1.39673,1.39695,1.00,1.87
2017.01.11 03:30:26.328,1.39673,1.39695,2.25,1.75
2017.01.11 03:30:26.868,1.39672,1.39693,2.62,1.50
2017.01.11 03:30:28.091,1.39671,1.39689,1.50,1.00
2017.01.11 03:30:28.243,1.39669,1.3969,2.25,1.12
2017.01.11 03:30:28.345,1.39669,1.39691,1.00,2.25
2017.01.11 03:30:28.648,1.39672,1.39694,1.50,3.00
2017.01.11 03:30:28.971,1.39674,1.39694,1.00,2.25
2017.01.11 03:30:29.919,1.39673,1.39694,1.00,1.75
2017.01.11 03:30:30.432,1.39671,1.3969,1.50,1.00
2017.01.11 03:30:30.736,1.39674,1.39696,1.00,1.75
2017.01.11 03:30:30.984,1.39675,1.39696,1.00,1.75
2017.01.11 03:30:33.934,1.39676,1.39696,1.50,1.75
2017.01.11 03:30:34.306,1.39673,1.39692,1.00,1.00
2017.01.11 03:30:34.357,1.3967,1.3969,1.00,1.00
2017.01.11 03:30:34.459,1.39668,1.39689,1.87,1.50
2017.01.11 03:30:34.762,1.39666,1.39687,1.87,1.50
2017.01.11 03:30:35.095,1.39666,1.39687,1.50,2.00
2017.01.11 03:30:36.632,1.39667,1.39687,1.00,1.75
2017.01.11 03:30:36.971,1.39667,1.39687,1.00,1.50
2017.01.11 03:30:39.373,1.39668,1.39687,1.00,1.00
2017.01.11 03:30:39.575,1.39672,1.39687,1.00,1.00
2017.01.11 03:30:39.677,1.39672,1.39694,1.87,2.25
2017.01.11 03:30:39.778,1.39673,1.39694,1.50,1.87
2017.01.11 03:30:40.604,1.39674,1.39693,1.12,1.00
2017.01.11 03:30:42.385,1.39675,1.39693,1.00,1.00
2017.01.11 03:30:42.915,1.39675,1.39694,1.00,1.12
2017.01.11 03:30:43.433,1.39675,1.39694,1.87,1.12
2017.01.11 03:30:43.534,1.39678,1.39699,1.50,2.25
2017.01.11 03:30:43.788,1.3968,1.39702,1.87,2.25
2017.01.11 03:30:44.328,1.39681,1.39701,1.00,1.75
2017.01.11 03:30:44.379,1.39683,1.39701,1.00,1.75
2017.01.11 03:30:44.683,1.39683,1.39702,1.00,1.50
2017.01.11 03:30:45.214,1.39683,1.39701,1.00,1.00
2017.01.11 03:30:49.521,1.39683,1.39702,1.00,1.87
2017.01.11 03:30:49.572,1.39683,1.39702,1.00,1.87
2017.01.11 03:30:50.705,1.39683,1.39701,1.00,1.12
2017.01.11 03:30:51.630,1.39682,1.39701,1.00,1.12
2017.01.11 03:30:51.934,1.39681,1.39699,1.87,1.00
2017.01.11 03:30:52.920,1.3968,1.39699,1.50,1.12
2017.01.11 03:30:53.842,1.3968,1.39699,1.00,1.50
2017.01.11 03:30:54.044,1.39674,1.39697,1.87,2.62
2017.01.11 03:30:54.569,1.39674,1.39694,1.50,1.00
2017.01.11 03:30:55.103,1.39675,1.39694,1.00,1.00
2017.01.11 03:30:55.840,1.39672,1.39693,2.25,1.00
2017.01.11 03:30:55.890,1.39672,1.39691,1.00,1.00
2017.01.11 03:30:55.992,1.39669,1.39691,1.87,1.75
2017.01.11 03:30:56.250,1.39676,1.39693,1.00,1.75
2017.01.11 03:30:56.402,1.39681,1.39702,1.00,1.75
2017.01.11 03:30:57.008,1.39679,1.39699,1.12,1.12
2017.01.11 03:30:57.557,1.39678,1.39698,2.25,1.00
2017.01.11 03:30:57.806,1.39677,1.39698,1.00,1.75
2017.01.11 03:30:58.311,1.39677,1.39695,1.00,1.00
2017.01.11 03:30:58.413,1.39673,1.39694,1.12,1.50
2017.01.11 03:30:58.565,1.39674,1.39693,1.00,1.50
2017.01.11 03:30:58.717,1.39674,1.39695,1.00,1.87
2017.01.11 03:31:00.096,1.39675,1.39695,1.00,1.75
2017.01.11 03:31:03.143,1.39675,1.39695,1.12,1.12
2017.01.11 03:31:03.724,1.39675,1.39694,1.12,1.00
2017.01.11 03:31:04.251,1.39674,1.39694,1.00,1.50
2017.01.11 03:31:04.630,1.39674,1.39694,1.00,1.75
2017.01.11 03:31:04.732,1.39672,1.39692,1.00,1.50
2017.01.11 03:31:04.783,1.3967,1.39692,1.37,3.00
2017.01.11 03:31:05.329,1.3967,1.39688,1.00,1.12
2017.01.11 03:31:05.680,1.39669,1.39688,1.00,1.75
2017.01.11 03:31:06.034,1.39669,1.39689,1.00,1.50
2017.01.11 03:31:07.986,1.39671,1.39689,1.00,1.50
2017.01.11 03:31:08.291,1.39676,1.39694,1.00,1.37
2017.01.11 03:31:08.733,1.39674,1.39693,1.00,1.12
2017.01.11 03:31:08.835,1.39673,1.39691,1.12,1.00
2017.01.11 03:31:09.039,1.39668,1.39688,1.00,1.50
2017.01.11 03:31:09.292,1.39666,1.39687,2.62,1.12
2017.01.11 03:31:09.427,1.39665,1.39685,1.37,1.87
2017.01.11 03:31:09.479,1.39661,1.39684,2.25,1.12
2017.01.11 03:31:09.530,1.39661,1.39684,1.87,2.25
2017.01.11 03:31:09.834,1.39665,1.39685,1.00,1.75
2017.01.11 03:31:09.935,1.39666,1.39686,1.87,1.12
2017.01.11 03:31:10.603,1.39668,1.39687,1.12,1.00
2017.01.11 03:31:12.157,1.39671,1.3969,1.00,1.75
2017.01.11 03:31:12.460,1.39673,1.39692,1.12,1.00
2017.01.11 03:31:13.207,1.39673,1.39693,1.12,1.12
2017.01.11 03:31:15.282,1.39674,1.39693,1.00,1.12
2017.01.11 03:31:17.313,1.39673,1.39693,1.12,1.12
2017.01.11 03:31:17.977,1.39673,1.39692,1.12,1.00
2017.01.11 03:31:18.510,1.39673,1.39693,1.87,1.12
2017.01.11 03:31:19.078,1.39674,1.39693,1.00,1.12
2017.01.11 03:31:19.486,1.39672,1.39693,1.50,1.75
2017.01.11 03:31:21.184,1.39671,1.39692,1.87,1.50
2017.01.11 03:31:21.286,1.39669,1.3969,1.00,1.87
2017.01.11 03:31:21.337,1.39668,1.39687,1.50,1.00
2017.01.11 03:31:21.640,1.39665,1.39685,1.00,1.50
2017.01.11 03:31:22.306,1.39666,1.39685,1.00,1.50
2017.01.11 03:31:22.752,1.39664,1.39684,1.12,1.12
2017.01.11 03:31:22.854,1.39661,1.39684,2.62,1.50
2017.01.11 03:31:22.904,1.39661,1.39683,2.62,1.75
2017.01.11 03:31:23.410,1.39662,1.39683,1.00,2.62
2017.01.11 03:31:25.113,1.39662,1.39682,1.00,1.12
2017.01.11 03:31:25.264,1.39662,1.39681,1.00,1.37
2017.01.11 03:31:26.104,1.39659,1.39681,3.75,1.37
2017.01.11 03:31:26.813,1.39659,1.39681,1.12,1.87
2017.01.11 03:31:26.965,1.39659,1.3968,1.12,1.50
2017.01.11 03:31:27.117,1.39661,1.39681,1.00,3.37
2017.01.11 03:31:27.269,1.39662,1.39682,1.00,1.75
2017.01.11 03:31:27.370,1.39662,1.39684,1.12,3.19
2017.01.11 03:31:27.877,1.39664,1.39684,1.12,1.50
2017.01.11 03:31:28.064,1.39664,1.39686,3.00,1.12
2017.01.11 03:31:31.988,1.39664,1.39685,1.75,1.00
2017.01.11 03:31:32.175,1.39662,1.39683,1.75,1.00
2017.01.11 03:31:32.227,1.39661,1.39683,2.25,1.50
2017.01.11 03:31:32.329,1.39659,1.39682,1.75,1.87
2017.01.11 03:31:32.482,1.3966,1.39681,1.50,2.25
2017.01.11 03:31:32.534,1.39663,1.39681,1.00,1.50
2017.01.11 03:31:32.766,1.39663,1.39685,1.12,2.62
2017.01.11 03:31:33.403,1.3966,1.39682,2.25,1.00
2017.01.11 03:31:33.912,1.39661,1.39683,1.75,2.25
2017.01.11 03:31:34.634,1.3966,1.39683,2.25,1.37
2017.01.11 03:31:35.168,1.39661,1.39683,1.12,1.75
2017.01.11 03:31:36.152,1.39662,1.39684,1.00,1.75
2017.01.11 03:31:36.355,1.39663,1.39685,1.12,1.75
2017.01.11 03:31:36.406,1.39663,1.39685,1.37,1.87
2017.01.11 03:31:36.507,1.39663,1.39685,1.50,1.87
2017.01.11 03:31:37.013,1.39663,1.39685,1.00,2.25
2017.01.11 03:31:37.114,1.39663,1.39685,1.50,1.12
2017.01.11 03:31:37.642,1.39665,1.39687,1.50,2.25
2017.01.11 03:31:37.947,1.39661,1.39684,2.25,1.37
2017.01.11 03:31:38.517,1.39661,1.39683,2.25,1.50
2017.01.11 03:31:39.145,1.39661,1.3968,1.50,1.00
2017.01.11 03:31:39.277,1.39659,1.3968,1.87,1.12
2017.01.11 03:31:39.531,1.39657,1.39681,2.25,4.12
2017.01.11 03:31:39.582,1.39657,1.39681,1.87,4.12
2017.01.11 03:31:39.633,1.39657,1.39679,1.87,1.00
2017.01.11 03:31:39.835,1.39657,1.3968,2.25,1.37
2017.01.11 03:31:41.137,1.39657,1.39678,1.00,1.87
2017.01.11 03:31:41.639,1.39655,1.39677,1.50,1.50
2017.01.11 03:31:44.792,1.39657,1.39676,1.00,1.12
2017.01.11 03:31:45.100,1.3966,1.39681,1.50,1.75
2017.01.11 03:31:45.252,1.39663,1.39683,1.12,1.00
2017.01.11 03:31:45.354,1.39663,1.39686,1.37,2.25
2017.01.11 03:31:45.867,1.39665,1.39686,1.12,1.50
2017.01.11 03:31:46.173,1.39665,1.39688,2.25,1.87
2017.01.11 03:31:46.376,1.39666,1.39687,1.50,1.00
2017.01.11 03:31:46.535,1.39666,1.39688,1.50,1.87
2017.01.11 03:31:47.251,1.39666,1.39685,1.75,1.00
2017.01.11 03:31:47.505,1.39659,1.39681,1.50,2.62
2017.01.11 03:31:47.865,1.39659,1.39678,1.50,1.00
2017.01.11 03:31:49.066,1.39658,1.39679,1.75,1.00
2017.01.11 03:31:49.592,1.39658,1.39678,1.75,1.00
2017.01.11 03:31:51.435,1.39657,1.39679,2.25,1.00
2017.01.11 03:31:51.860,1.39657,1.39677,1.75,1.50
2017.01.11 03:31:52.012,1.39654,1.39675,1.75,1.00
2017.01.11 03:31:52.527,1.39656,1.39676,1.12,1.12
2017.01.11 03:31:52.780,1.39656,1.39678,2.25,1.50
2017.01.11 03:31:53.318,1.39655,1.39677,1.75,1.00
2017.01.11 03:32:00.196,1.39656,1.39676,1.75,1.00
2017.01.11 03:32:01.920,1.39656,1.39677,1.75,1.00
2017.01.11 03:32:02.529,1.39657,1.39678,1.50,1.87
2017.01.11 03:32:03.038,1.39658,1.39678,1.50,1.12
2017.01.11 03:32:03.568,1.39659,1.39679,1.00,1.50
2017.01.11 03:32:04.396,1.39659,1.3968,1.12,1.50
2017.01.11 03:32:10.651,1.39661,1.39681,1.12,1.50
2017.01.11 03:32:10.954,1.39662,1.39682,1.37,1.50
2017.01.11 03:32:11.280,1.39659,1.39681,1.87,1.00
2017.01.11 03:32:11.331,1.39659,1.39681,1.87,1.00
2017.01.11 03:32:12.845,1.39661,1.39682,1.75,1.50
2017.01.11 03:32:13.189,1.39659,1.39682,2.25,1.75
2017.01.11 03:32:13.240,1.39659,1.39681,2.25,1.87
2017.01.11 03:32:22.787,1.39659,1.39679,1.37,1.00
2017.01.11 03:32:22.939,1.39659,1.39679,1.12,1.50
2017.01.11 03:32:27.085,1.39658,1.3968,1.75,2.25
2017.01.11 03:32:27.638,1.39657,1.39679,1.75,1.50
2017.01.11 03:32:27.839,1.39656,1.39677,1.75,1.50
2017.01.11 03:32:27.990,1.39655,1.39675,1.75,1.00
2017.01.11 03:32:28.041,1.39655,1.39675,1.12,1.12
2017.01.11 03:32:29.857,1.39652,1.39674,3.00,1.00
2017.01.11 03:32:29.958,1.39652,1.39672,1.50,1.50
2017.01.11 03:32:30.479,1.39649,1.39671,1.75,1.87
2017.01.11 03:32:31.117,1.39649,1.39668,1.75,1.00
2017.01.11 03:32:31.219,1.39648,1.39671,1.75,2.62
2017.01.11 03:32:31.371,1.39648,1.39671,1.00,2.25
2017.01.11 03:32:31.428,1.39648,1.39671,1.75,2.25
2017.01.11 03:32:32.724,1.39649,1.39671,1.50,1.87
2017.01.11 03:32:32.891,1.39651,1.39673,1.50,1.50
2017.01.11 03:32:32.941,1.39651,1.39673,1.75,1.00
2017.01.11 03:32:33.455,1.39651,1.39674,3.00,1.50
2017.01.11 03:32:35.587,1.39651,1.39673,3.00,1.00
2017.01.11 03:32:35.739,1.3965,1.39672,1.75,1.00
2017.01.11 03:32:36.464,1.39651,1.39672,1.75,1.00
2017.01.11 03:32:36.767,1.3965,1.39671,3.00,1.00
2017.01.11 03:32:38.982,1.39649,1.3967,3.00,1.00
2017.01.11 03:32:39.286,1.39651,1.39671,1.12,1.12
2017.01.11 03:32:39.336,1.39653,1.39672,1.00,1.50
2017.01.11 03:32:39.641,1.39651,1.3967,2.25,1.37
2017.01.11 03:32:39.794,1.39648,1.39669,1.50,1.50
2017.01.11 03:32:39.845,1.3965,1.39669,1.00,1.75
2017.01.11 03:32:40.148,1.3965,1.3967,1.12,1.12
2017.01.11 03:32:40.603,1.39649,1.39668,1.50,1.00
2017.01.11 03:32:40.705,1.39647,1.39668,1.50,1.00
2017.01.11 03:32:41.235,1.39647,1.39667,1.50,1.00
2017.01.11 03:32:41.772,1.39647,1.39666,1.00,1.00
2017.01.11 03:32:42.295,1.39647,1.39665,1.00,1.00
2017.01.11 03:32:42.471,1.39653,1.39668,1.00,1.00
2017.01.11 03:32:42.673,1.39657,1.39675,1.50,1.00
2017.01.11 03:32:42.862,1.39652,1.39674,2.25,2.25
2017.01.11 03:32:42.963,1.39654,1.39673,2.25,1.50
2017.01.11 03:32:43.176,1.39655,1.39677,1.12,1.12
2017.01.11 03:32:43.479,1.39659,1.39677,1.00,1.69
2017.01.11 03:32:43.632,1.39656,1.39678,3.37,2.25
2017.01.11 03:32:44.138,1.39654,1.39675,1.75,1.19
2017.01.11 03:32:44.189,1.39654,1.3967,1.12,1.00
2017.01.11 03:32:44.291,1.39651,1.3967,1.50,1.25
2017.01.11 03:32:45.799,1.39651,1.39671,1.50,1.00
2017.01.11 03:32:45.851,1.39654,1.39672,1.00,1.12
2017.01.11 03:32:46.163,1.3966,1.3968,1.75,1.19
2017.01.11 03:32:46.905,1.39659,1.39678,2.62,1.00
2017.01.11 03:32:47.408,1.39659,1.39679,1.37,1.00
2017.01.11 03:32:47.909,1.39659,1.39678,1.37,1.00
2017.01.11 03:32:49.428,1.39659,1.39679,1.37,1.00
2017.01.11 03:32:49.942,1.39659,1.39681,1.87,1.50
2017.01.11 03:32:50.328,1.39658,1.39678,1.75,1.00
2017.01.11 03:32:50.379,1.39657,1.39678,1.12,1.50
2017.01.11 03:32:50.582,1.39656,1.39678,1.87,1.00
2017.01.11 03:32:50.886,1.39659,1.3968,1.87,1.00
2017.01.11 03:32:51.420,1.39658,1.39679,1.87,1.25
2017.01.11 03:32:51.732,1.39656,1.39675,1.75,1.00
2017.01.11 03:32:51.884,1.39653,1.39673,1.75,1.00
2017.01.11 03:32:53.613,1.39655,1.39674,1.12,1.00
2017.01.11 03:32:53.918,1.39656,1.39677,1.87,1.94
2017.01.11 03:32:53.969,1.39659,1.39679,1.12,1.50
2017.01.11 03:32:54.071,1.3966,1.3968,1.75,1.00
2017.01.11 03:32:55.402,1.39658,1.39679,3.37,1.00
2017.01.11 03:32:56.081,1.39658,1.39677,2.25,1.00
2017.01.11 03:32:56.583,1.39659,1.39678,1.37,1.00
2017.01.11 03:32:56.708,1.3966,1.3968,1.12,1.12
2017.01.11 03:32:57.115,1.39657,1.39679,2.25,2.62
2017.01.11 03:32:57.418,1.39654,1.39674,1.75,1.00
2017.01.11 03:32:58.398,1.39654,1.39673,1.75,1.00
2017.01.11 03:32:58.783,1.39654,1.39672,1.12,1.00
2017.01.11 03:32:59.194,1.39652,1.39669,1.50,1.00
2017.01.11 03:32:59.296,1.39652,1.39671,1.00,2.62
2017.01.11 03:32:59.829,1.39654,1.39674,1.50,2.62
2017.01.11 03:32:59.880,1.39654,1.39674,1.50,1.50
2017.01.11 03:32:59.982,1.39654,1.39674,1.87,1.50
2017.01.11 03:33:00.286,1.39654,1.39673,1.12,1.00
2017.01.11 03:33:00.640,1.39651,1.39671,1.75,1.00
2017.01.11 03:33:00.691,1.39651,1.39671,1.50,1.00
2017.01.11 03:33:00.872,1.3965,1.39669,2.25,1.00
2017.01.11 03:33:00.966,1.3965,1.39671,2.25,1.00
2017.01.11 03:33:01.118,1.39654,1.39672,1.00,1.12
2017.01.11 03:33:01.322,1.39654,1.39674,1.50,1.00
2017.01.11 03:33:01.711,1.39656,1.39678,3.00,2.25
2017.01.11 03:33:02.223,1.39659,1.39679,1.12,2.06
2017.01.11 03:33:02.325,1.39659,1.39679,1.50,1.00
2017.01.11 03:33:02.477,1.39658,1.39679,1.75,1.19
2017.01.11 03:33:02.679,1.39655,1.39674,1.75,1.00
2017.01.11 03:33:02.730,1.39652,1.39672,1.75,1.00
2017.01.11 03:33:03.001,1.3965,1.3967,1.75,1.00
2017.01.11 03:33:03.253,1.39648,1.39668,1.75,1.00
2017.01.11 03:33:03.522,1.39648,1.3967,1.75,1.50
2017.01.11 03:33:03.674,1.39649,1.39672,3.00,1.87
2017.01.11 03:33:03.921,1.39651,1.39672,1.75,1.00
2017.01.11 03:33:04.264,1.39645,1.39666,2.62,1.00
2017.01.11 03:33:04.315,1.39644,1.39666,1.75,1.00
2017.01.11 03:33:04.517,1.39648,1.39668,1.37,1.12
2017.01.11 03:33:05.055,1.39644,1.39666,2.25,1.00
2017.01.11 03:33:05.403,1.39643,1.39665,1.75,1.00
2017.01.11 03:33:05.711,1.39645,1.39666,1.75,1.00
2017.01.11 03:33:06.799,1.39643,1.39665,3.00,1.00
2017.01.11 03:33:08.203,1.39643,1.39666,3.00,1.50
2017.01.11 03:33:09.933,1.39643,1.39665,2.25,1.00
2017.01.11 03:33:10.470,1.39644,1.39666,1.87,1.00
2017.01.11 03:33:12.426,1.39644,1.39666,1.75,1.00
2017.01.11 03:33:12.977,1.39645,1.39667,2.25,1.12
2017.01.11 03:33:13.479,1.39645,1.39666,2.25,1.00
2017.01.11 03:33:15.010,1.39645,1.39664,1.75,1.00
2017.01.11 03:33:15.517,1.39643,1.39665,3.75,1.00
2017.01.11 03:33:19.620,1.3965,1.39665,1.00,1.00
2017.01.11 03:33:19.823,1.3965,1.39667,1.12,1.50
2017.01.11 03:33:20.324,1.3965,1.39666,1.12,1.00
2017.01.11 03:33:20.662,1.39644,1.39662,1.75,1.87
2017.01.11 03:33:20.713,1.39644,1.39664,2.25,1.50
2017.01.11 03:33:20.764,1.39646,1.39661,1.75,1.00
2017.01.11 03:33:20.815,1.39646,1.39663,1.00,1.75
2017.01.11 03:33:20.866,1.39642,1.39663,1.50,1.12
2017.01.11 03:33:20.918,1.39642,1.39661,2.25,1.00
2017.01.11 03:33:21.171,1.39647,1.39666,1.00,1.75
2017.01.11 03:33:21.425,1.39647,1.39667,1.75,1.37
2017.01.11 03:33:21.526,1.39647,1.39665,1.00,1.12
2017.01.11 03:33:22.122,1.39647,1.39664,1.00,1.00
2017.01.11 03:33:23.911,1.39646,1.39664,1.12,1.00
2017.01.11 03:33:24.693,1.39646,1.39663,1.12,1.00
2017.01.11 03:33:25.194,1.39646,1.39664,1.12,1.00
2017.01.11 03:33:25.245,1.39648,1.39663,1.00,1.00
2017.01.11 03:33:25.296,1.39648,1.39666,1.00,2.25
2017.01.11 03:33:25.448,1.39647,1.39666,1.75,1.00
2017.01.11 03:33:25.640,1.39648,1.39666,1.00,1.37
2017.01.11 03:33:25.852,1.39645,1.39664,1.12,1.87
2017.01.11 03:33:30.267,1.39645,1.39663,1.12,1.00
2017.01.11 03:33:30.823,1.39645,1.39662,1.12,1.00
2017.01.11 03:33:36.206,1.39645,1.39661,1.12,1.00
2017.01.11 03:33:37.340,1.39644,1.39661,1.00,1.00
2017.01.11 03:33:38.564,1.39644,1.3966,1.00,1.00
2017.01.11 03:33:39.070,1.39646,1.39661,1.00,1.00
2017.01.11 03:33:39.273,1.39647,1.39667,1.50,3.00
2017.01.11 03:33:39.429,1.39644,1.39664,1.75,1.87
2017.01.11 03:33:39.581,1.39643,1.39663,1.75,1.87
2017.01.11 03:33:39.705,1.39643,1.39659,1.75,1.00
2017.01.11 03:33:40.523,1.39643,1.3966,1.75,1.00
2017.01.11 03:33:41.170,1.39643,1.3966,1.00,1.00
2017.01.11 03:33:41.372,1.39641,1.39659,1.12,1.12
2017.01.11 03:33:41.877,1.39641,1.39658,1.12,1.50
2017.01.11 03:33:43.385,1.39641,1.39659,1.00,1.50
2017.01.11 03:33:43.919,1.39642,1.39659,1.00,1.87
2017.01.11 03:33:44.071,1.39646,1.3966,1.00,1.00
2017.01.11 03:33:44.223,1.39644,1.39661,1.00,1.12
2017.01.11 03:33:45.577,1.39643,1.39661,1.00,1.50
2017.01.11 03:33:46.125,1.39643,1.3966,1.00,1.00
2017.01.11 03:33:53.072,1.39642,1.3966,1.00,1.00
2017.01.11 03:33:54.589,1.39642,1.39659,1.00,1.00
2017.01.11 03:33:55.127,1.39641,1.39658,1.12,1.00
2017.01.11 03:34:00.976,1.39641,1.39658,1.00,1.50
2017.01.11 03:34:01.577,1.39645,1.3966,1.00,1.75
2017.01.11 03:34:01.681,1.39647,1.39661,1.00,1.50
2017.01.11 03:34:01.883,1.39648,1.39665,1.00,1.37
2017.01.11 03:34:02.086,1.39647,1.39662,1.00,1.00
2017.01.11 03:34:02.137,1.39645,1.39662,1.00,1.00
2017.01.11 03:34:02.289,1.39644,1.3966,1.00,1.00
2017.01.11 03:34:02.898,1.39643,1.3966,1.00,1.00
2017.01.11 03:34:03.570,1.39643,1.39661,1.00,1.00
2017.01.11 03:34:04.663,1.39643,1.39661,1.00,1.87
2017.01.11 03:34:05.323,1.39642,1.3966,1.00,1.12
2017.01.11 03:34:05.626,1.39645,1.39661,1.00,1.00
2017.01.11 03:34:05.930,1.39642,1.3966,1.00,1.00
2017.01.11 03:34:06.513,1.39642,1.39661,1.00,1.12
2017.01.11 03:34:09.803,1.39647,1.3966,1.00,1.00
2017.01.11 03:34:10.342,1.39648,1.39661,1.00,1.87
2017.01.11 03:34:14.028,1.39645,1.39661,1.00,1.12
2017.01.11 03:34:19.278,1.39647,1.39663,1.00,1.75
2017.01.11 03:34:19.532,1.3965,1.39667,1.00,1.50
2017.01.11 03:34:20.040,1.39649,1.39666,1.00,1.12
2017.01.11 03:34:20.309,1.39647,1.39665,1.00,1.00
2017.01.11 03:34:27.391,1.3965,1.39666,1.00,2.62
2017.01.11 03:34:27.629,1.39648,1.39667,1.00,1.87
2017.01.11 03:34:27.680,1.39651,1.39667,1.00,1.50
2017.01.11 03:34:27.784,1.39651,1.39668,1.00,1.00
2017.01.11 03:34:28.294,1.39652,1.3967,1.00,2.62
2017.01.11 03:34:29.106,1.39651,1.3967,1.00,2.62
2017.01.11 03:34:29.504,1.39654,1.39669,1.00,1.12
2017.01.11 03:34:30.010,1.39654,1.39672,1.00,1.87
2017.01.11 03:34:30.411,1.39656,1.39672,1.00,1.12
2017.01.11 03:34:31.356,1.39657,1.39672,1.00,1.00
2017.01.11 03:34:31.691,1.39659,1.39675,1.00,2.62
2017.01.11 03:34:31.843,1.3966,1.39676,1.00,1.87
2017.01.11 03:34:32.347,1.39659,1.39675,1.00,1.00
2017.01.11 03:34:33.406,1.3966,1.39676,1.00,1.87
2017.01.11 03:34:33.956,1.39659,1.39676,1.00,1.50
2017.01.11 03:34:34.473,1.39658,1.39675,1.00,1.00
2017.01.11 03:34:36.537,1.39658,1.39674,1.00,1.00
2017.01.11 03:34:37.499,1.39656,1.39674,1.00,1.12
2017.01.11 03:34:37.600,1.39652,1.39671,2.25,1.00
2017.01.11 03:34:37.856,1.39645,1.39666,1.75,1.12
2017.01.11 03:34:37.959,1.39648,1.39664,1.00,1.00
2017.01.11 03:34:38.184,1.39648,1.39667,1.37,1.00
2017.01.11 03:34:38.286,1.39647,1.39667,1.00,2.62
2017.01.11 03:34:38.590,1.39649,1.39667,1.12,1.00
2017.01.11 03:34:39.171,1.39649,1.39666,1.12,1.00
2017.01.11 03:34:39.737,1.39646,1.39665,1.75,1.00
2017.01.11 03:34:39.889,1.39647,1.39664,1.00,1.00
2017.01.11 03:34:40.093,1.39646,1.39666,1.75,1.87
2017.01.11 03:34:40.195,1.39646,1.39664,1.00,1.50
2017.01.11 03:34:40.730,1.39644,1.39663,1.50,1.50
2017.01.11 03:34:42.040,1.39644,1.39662,1.50,1.00
2017.01.11 03:34:43.795,1.39648,1.39664,1.00,1.56
2017.01.11 03:34:44.945,1.39645,1.39663,1.12,1.56
2017.01.11 03:34:44.996,1.39647,1.39665,1.00,2.81
2017.01.11 03:34:45.300,1.39643,1.3966,1.50,1.56
2017.01.11 03:34:45.842,1.39643,1.3966,1.00,2.06
2017.01.11 03:34:46.235,1.3964,1.3966,1.50,3.19
2017.01.11 03:34:46.337,1.3964,1.39658,1.00,2.44
2017.01.11 03:34:46.640,1.39643,1.39658,1.00,1.69
2017.01.11 03:34:46.741,1.39641,1.39659,1.00,1.87
2017.01.11 03:34:47.253,1.3964,1.39659,1.00,1.37
2017.01.11 03:34:47.356,1.39638,1.39657,1.12,1.00
2017.01.11 03:34:47.508,1.39638,1.39655,1.12,1.00
2017.01.11 03:34:47.812,1.3964,1.39657,1.00,1.00
2017.01.11 03:34:48.324,1.3964,1.39658,1.00,1.50
2017.01.11 03:34:50.975,1.39635,1.39658,1.50,1.50
2017.01.11 03:34:51.530,1.39635,1.39657,1.87,1.00
2017.01.11 03:34:52.059,1.39636,1.39657,1.00,1.00
2017.01.11 03:34:52.318,1.39636,1.39657,1.50,1.00
2017.01.11 03:34:52.722,1.39636,1.39658,1.00,1.75
2017.01.11 03:34:53.212,1.39634,1.39655,1.75,1.00
2017.01.11 03:34:53.313,1.39632,1.39654,1.75,1.12
2017.01.11 03:34:53.415,1.39634,1.39654,1.75,1.00
2017.01.11 03:34:53.668,1.39634,1.39657,1.75,1.12
2017.01.11 03:34:53.820,1.39636,1.39657,1.00,1.75
2017.01.11 03:34:54.123,1.39636,1.39655,1.75,1.00
2017.01.11 03:34:55.694,1.39638,1.39658,1.50,1.00
2017.01.11 03:34:55.797,1.39641,1.3966,1.50,1.00
2017.01.11 03:34:56.142,1.39642,1.39662,1.75,1.00
2017.01.11 03:34:57.553,1.39642,1.39661,1.75,1.50
2017.01.11 03:34:57.799,1.39641,1.39659,1.00,1.00
2017.01.11 03:34:57.938,1.39641,1.39661,1.75,1.00
2017.01.11 03:34:58.478,1.39639,1.3966,1.75,1.00
2017.01.11 03:34:58.528,1.39639,1.3966,1.75,1.00
2017.01.11 03:34:58.882,1.39638,1.39659,1.37,1.12
2017.01.11 03:34:59.269,1.39637,1.39657,2.25,1.00
2017.01.11 03:35:00.300,1.39637,1.39658,2.25,1.00
2017.01.11 03:35:00.841,1.39643,1.3966,1.00,1.37
2017.01.11 03:35:00.942,1.39643,1.39661,1.00,1.50
2017.01.11 03:35:01.597,1.3964,1.39661,2.25,1.12
2017.01.11 03:35:01.950,1.39639,1.39663,1.75,3.00
2017.01.11 03:35:02.456,1.39644,1.39661,1.50,1.00
2017.01.11 03:35:02.811,1.39641,1.39662,1.12,1.37
2017.01.11 03:35:03.089,1.39639,1.39661,1.50,1.12
2017.01.11 03:35:03.190,1.39643,1.39661,1.00,1.00
2017.01.11 03:35:03.342,1.39643,1.39663,1.50,1.00
2017.01.11 03:35:03.645,1.39645,1.39663,1.00,1.00
2017.01.11 03:35:03.746,1.39645,1.39665,1.00,1.00
2017.01.11 03:35:04.857,1.39645,1.39665,1.37,1.50
2017.01.11 03:35:05.670,1.39645,1.39664,1.75,1.00
2017.01.11 03:35:06.266,1.39645,1.39665,1.75,1.50
2017.01.11 03:35:08.782,1.39643,1.39664,1.75,1.00
2017.01.11 03:35:10.363,1.39644,1.39665,1.75,1.00
2017.01.11 03:35:11.809,1.39651,1.39667,1.00,1.12
2017.01.11 03:35:12.012,1.39655,1.39674,1.00,2.25
2017.01.11 03:35:12.062,1.39657,1.39674,1.00,1.50
2017.01.11 03:35:12.164,1.39654,1.39674,1.12,1.37
2017.01.11 03:35:12.265,1.39653,1.39671,1.00,1.12
2017.01.11 03:35:12.568,1.39648,1.39668,1.75,1.00
2017.01.11 03:35:16.136,1.39648,1.39669,1.75,1.00
2017.01.11 03:35:17.040,1.39652,1.39669,1.00,1.00
2017.01.11 03:35:17.141,1.39653,1.39672,1.12,1.12
2017.01.11 03:35:17.192,1.39655,1.39672,1.00,1.00
2017.01.11 03:35:17.394,1.39655,1.39675,1.00,1.50
2017.01.11 03:35:17.853,1.39651,1.39672,2.25,1.00
2017.01.11 03:35:18.005,1.39649,1.39669,1.75,1.12
2017.01.11 03:35:18.217,1.39649,1.39668,1.12,1.00
2017.01.11 03:35:18.476,1.39649,1.39668,1.37,1.00
2017.01.11 03:35:19.320,1.39648,1.39669,1.75,1.00
2017.01.11 03:35:19.839,1.39647,1.39668,2.25,1.12
2017.01.11 03:35:20.034,1.39647,1.39667,1.50,1.00
2017.01.11 03:35:20.137,1.39645,1.39666,1.75,1.37
2017.01.11 03:35:20.239,1.39644,1.39662,1.00,1.00
2017.01.11 03:35:20.290,1.39642,1.39662,1.00,1.00
2017.01.11 03:35:20.816,1.39643,1.39661,1.00,1.12
2017.01.11 03:35:21.071,1.3964,1.39661,1.50,1.12
2017.01.11 03:35:21.672,1.3964,1.3966,1.50,1.00
2017.01.11 03:35:22.205,1.39642,1.39662,1.00,1.50
2017.01.11 03:35:22.765,1.39641,1.39661,1.12,1.12
2017.01.11 03:35:22.867,1.39638,1.39659,1.75,1.19
2017.01.11 03:35:23.460,1.39638,1.39659,2.25,1.00
2017.01.11 03:35:23.874,1.3964,1.39661,3.00,1.00
2017.01.11 03:35:24.078,1.39645,1.39664,1.12,1.25
2017.01.11 03:35:25.282,1.3964,1.39661,2.25,1.69
2017.01.11 03:35:25.333,1.3964,1.39661,1.50,2.06
2017.01.11 03:35:25.535,1.39638,1.39658,1.50,1.19
2017.01.11 03:35:26.195,1.39636,1.39657,1.75,1.56
2017.01.11 03:35:26.317,1.39635,1.39655,1.50,1.00
2017.01.11 03:35:29.752,1.39634,1.39654,1.75,1.00
2017.01.11 03:35:30.055,1.39633,1.39653,1.50,1.00
2017.01.11 03:35:31.673,1.39633,1.39653,1.50,1.00
2017.01.11 03:35:32.929,1.39634,1.39654,1.75,1.00
2017.01.11 03:35:33.233,1.39639,1.39657,1.50,1.00
2017.01.11 03:35:33.536,1.39639,1.39657,1.75,1.00
2017.01.11 03:35:34.586,1.39639,1.39658,1.75,1.00
2017.01.11 03:35:35.108,1.39639,1.39659,1.75,1.00
2017.01.11 03:35:35.463,1.3964,1.39659,1.12,1.00
2017.01.11 03:35:35.918,1.39638,1.39657,1.75,1.00
2017.01.11 03:35:36.070,1.39637,1.39657,1.37,1.00
2017.01.11 03:35:36.121,1.39637,1.39655,1.37,1.00
2017.01.11 03:35:36.323,1.39637,1.39657,1.37,1.00
2017.01.11 03:35:37.530,1.39637,1.39656,1.37,1.00
2017.01.11 03:35:38.120,1.39637,1.39657,1.37,1.00
2017.01.11 03:35:38.439,1.39636,1.39658,1.75,1.12
2017.01.11 03:35:38.673,1.39637,1.39658,1.87,1.12
2017.01.11 03:35:38.725,1.39637,1.39658,1.50,1.12
2017.01.11 03:35:38.878,1.39636,1.39656,1.50,1.00
2017.01.11 03:35:39.436,1.39634,1.39654,1.50,1.00
2017.01.11 03:35:40.100,1.39641,1.39654,1.00,1.00
2017.01.11 03:35:40.151,1.39642,1.39661,1.75,1.00
2017.01.11 03:35:40.252,1.39645,1.39664,1.12,1.50
2017.01.11 03:35:40.303,1.39645,1.39664,1.37,1.00
2017.01.11 03:35:40.455,1.39645,1.39663,1.50,1.00
2017.01.11 03:35:40.960,1.39642,1.39663,1.75,1.12
2017.01.11 03:35:46.216,1.39637,1.39659,2.25,1.00
2017.01.11 03:35:46.267,1.39637,1.39658,2.25,1.00
2017.01.11 03:35:46.368,1.39637,1.39658,1.75,1.00
2017.01.11 03:35:46.878,1.39637,1.39659,2.62,1.12
2017.01.11 03:35:49.570,1.39639,1.39661,1.50,2.25
2017.01.11 03:35:49.874,1.39643,1.39662,1.00,1.00
2017.01.11 03:35:50.077,1.3964,1.39663,1.00,1.50
2017.01.11 03:35:50.127,1.39639,1.39661,1.87,1.00
2017.01.11 03:35:50.430,1.39642,1.39663,1.00,1.25
2017.01.11 03:35:50.732,1.39642,1.3966,1.00,1.00
2017.01.11 03:35:51.439,1.39642,1.39661,1.00,1.00
2017.01.11 03:35:52.756,1.3964,1.39661,1.87,1.00
2017.01.11 03:35:53.428,1.39641,1.39661,1.00,1.00
2017.01.11 03:35:54.096,1.39641,1.3966,1.00,1.00
2017.01.11 03:35:54.664,1.39641,1.39659,1.00,1.00
2017.01.11 03:35:55.203,1.3964,1.39659,1.87,1.00
2017.01.11 03:35:55.736,1.3964,1.3966,1.87,1.00
2017.01.11 03:35:58.168,1.39641,1.3966,1.00,1.00
2017.01.11 03:36:00.492,1.39642,1.39662,2.25,1.00
2017.01.11 03:36:00.543,1.39646,1.39664,1.00,1.50
2017.01.11 03:36:00.645,1.39643,1.39664,1.00,1.00
2017.01.11 03:36:00.695,1.39643,1.39665,1.87,1.37
2017.01.11 03:36:01.000,1.39641,1.3966,1.37,1.12
2017.01.11 03:36:01.051,1.39641,1.3966,1.00,1.50
2017.01.11 03:36:01.254,1.39641,1.3966,2.25,1.00
2017.01.11 03:36:02.847,1.39637,1.39659,3.00,1.00
2017.01.11 03:36:02.999,1.3964,1.39657,1.00,1.00
2017.01.11 03:36:03.202,1.3964,1.39659,1.00,1.00
2017.01.11 03:36:03.789,1.3964,1.39658,1.00,1.00
2017.01.11 03:36:04.888,1.3964,1.3966,1.00,1.00
2017.01.11 03:36:05.397,1.3964,1.39659,1.00,1.00
2017.01.11 03:36:06.074,1.39641,1.39659,1.00,1.00
2017.01.11 03:36:06.698,1.39638,1.3966,2.25,1.50
2017.01.11 03:36:07.286,1.39638,1.39659,2.25,1.00
2017.01.11 03:36:07.690,1.39642,1.39662,1.12,1.12
2017.01.11 03:36:07.791,1.39642,1.39662,1.75,1.00
2017.01.11 03:36:07.965,1.39642,1.39662,1.12,1.12
2017.01.11 03:36:08.499,1.39641,1.39661,1.50,1.00
2017.01.11 03:36:09.492,1.3964,1.39662,2.62,1.87
2017.01.11 03:36:10.355,1.3964,1.39661,2.62,1.00
2017.01.11 03:36:11.407,1.3964,1.39662,2.62,1.87
2017.01.11 03:36:14.513,1.3964,1.39661,2.62,1.00
2017.01.11 03:36:16.243,1.3964,1.39662,2.62,1.12
2017.01.11 03:36:18.111,1.3964,1.39661,1.75,1.00
2017.01.11 03:36:18.740,1.3964,1.39662,1.75,1.87
2017.01.11 03:36:19.308,1.39641,1.39662,1.37,1.50
2017.01.11 03:36:19.582,1.39639,1.3966,1.50,1.00
2017.01.11 03:36:19.632,1.39637,1.39658,1.37,1.50
2017.01.11 03:36:19.683,1.39637,1.39658,1.12,1.87
2017.01.11 03:36:20.195,1.39637,1.39656,1.12,1.00
2017.01.11 03:36:21.101,1.39637,1.39657,1.12,1.87
2017.01.11 03:36:23.570,1.39639,1.39659,1.50,1.75
2017.01.11 03:36:24.127,1.39639,1.39659,1.87,1.00
2017.01.11 03:36:24.673,1.39639,1.39659,1.75,1.00
2017.01.11 03:36:25.505,1.39639,1.39661,1.75,1.12
2017.01.11 03:36:25.657,1.39639,1.39659,1.75,1.00
2017.01.11 03:36:26.112,1.39642,1.39662,1.00,1.37
2017.01.11 03:36:26.466,1.39642,1.39663,1.50,1.50
2017.01.11 03:36:30.363,1.39641,1.39662,1.75,1.00
2017.01.11 03:36:30.932,1.39641,1.39661,1.75,1.00
2017.01.11 03:36:31.453,1.39641,1.39662,1.75,1.00
2017.01.11 03:36:39.377,1.39639,1.39661,1.75,1.00
2017.01.11 03:36:39.896,1.39639,1.3966,1.75,1.00
2017.01.11 03:36:40.980,1.39639,1.39661,2.25,1.00
2017.01.11 03:36:43.357,1.39639,1.39661,2.25,1.12
2017.01.11 03:36:44.582,1.39643,1.39663,1.00,1.37
2017.01.11 03:36:44.633,1.39643,1.39663,1.12,1.12
2017.01.11 03:36:44.936,1.39642,1.39661,1.50,1.00
2017.01.11 03:36:45.038,1.39641,1.39661,1.87,1.12
2017.01.11 03:36:45.585,1.39641,1.3966,1.12,1.00
2017.01.11 03:36:46.052,1.39641,1.39662,1.75,1.50
2017.01.11 03:36:46.356,1.39639,1.3966,1.37,1.00
2017.01.11 03:36:46.457,1.39636,1.39658,3.75,1.00
2017.01.11 03:36:46.712,1.39636,1.39656,2.25,1.00
2017.01.11 03:36:46.886,1.39636,1.39656,1.75,1.00
2017.01.11 03:36:47.582,1.39635,1.39657,1.75,1.50
2017.01.11 03:36:48.088,1.39634,1.39656,1.75,1.00
2017.01.11 03:36:48.590,1.39634,1.39655,1.75,1.00
2017.01.11 03:36:48.743,1.39633,1.39654,1.75,1.87
2017.01.11 03:36:48.895,1.39629,1.3965,1.75,1.00
2017.01.11 03:36:48.946,1.39629,1.3965,1.75,1.00
2017.01.11 03:36:49.149,1.39633,1.39653,1.00,2.25
2017.01.11 03:36:49.200,1.39635,1.39655,1.12,1.37
2017.01.11 03:36:49.510,1.39639,1.3966,1.50,2.06
2017.01.11 03:36:49.662,1.39639,1.3966,1.50,1.00
2017.01.11 03:36:49.865,1.39637,1.39657,1.37,1.12
2017.01.11 03:36:49.967,1.39637,1.39657,1.00,1.50
2017.01.11 03:36:50.637,1.39634,1.39656,1.75,1.87
2017.01.11 03:36:51.139,1.39632,1.39655,2.25,1.50
2017.01.11 03:36:51.687,1.39632,1.39654,2.25,1.00
2017.01.11 03:36:52.711,1.39632,1.39653,2.25,1.00
2017.01.11 03:36:54.451,1.39632,1.39652,1.75,1.00
2017.01.11 03:36:54.552,1.39631,1.39652,1.75,1.12
2017.01.11 03:36:54.653,1.39629,1.3965,1.75,1.00
2017.01.11 03:36:54.755,1.39628,1.3965,2.25,1.12
2017.01.11 03:36:54.927,1.39628,1.39648,1.75,1.00
2017.01.11 03:36:55.181,1.39628,1.3965,3.00,1.12
2017.01.11 03:36:56.179,1.39628,1.39651,1.37,3.00
2017.01.11 03:36:56.282,1.39628,1.39651,1.12,3.00
2017.01.11 03:36:56.814,1.39629,1.3965,1.00,1.75
2017.01.11 03:36:57.911,1.3963,1.3965,1.00,1.75
2017.01.11 03:36:58.451,1.3963,1.3965,1.00,1.00
2017.01.11 03:36:58.502,1.39632,1.39651,1.00,1.50
2017.01.11 03:36:58.831,1.39639,1.3966,1.37,1.37
2017.01.11 03:36:59.135,1.39637,1.39656,1.75,1.00
2017.01.11 03:36:59.187,1.39636,1.39656,1.75,1.00
2017.01.11 03:36:59.339,1.39633,1.39653,2.62,1.00
2017.01.11 03:36:59.391,1.39632,1.39653,1.75,1.00
2017.01.11 03:36:59.492,1.39631,1.39653,2.25,1.50
2017.01.11 03:37:00.165,1.39631,1.39652,1.75,1.00
2017.01.11 03:37:00.693,1.39631,1.39653,1.75,1.00
2017.01.11 03:37:02.846,1.39631,1.39652,1.75,1.00
2017.01.11 03:37:03.049,1.3963,1.39649,1.75,1.00
2017.01.11 03:37:03.100,1.39632,1.39649,1.00,1.00
2017.01.11 03:37:03.252,1.3963,1.39651,1.75,1.00
2017.01.11 03:37:03.773,1.39631,1.3965,1.75,1.00
2017.01.11 03:37:04.082,1.39634,1.39652,1.00,1.00
2017.01.11 03:37:04.305,1.39634,1.39652,1.50,1.00
2017.01.11 03:37:04.836,1.39632,1.39651,1.75,1.00
2017.01.11 03:37:05.422,1.39631,1.39653,2.25,1.12
2017.01.11 03:37:05.473,1.39631,1.39653,2.25,1.50
2017.01.11 03:37:06.717,1.39634,1.39653,1.00,1.12
2017.01.11 03:37:06.869,1.39634,1.39654,1.75,1.00
2017.01.11 03:37:07.173,1.3964,1.39658,1.00,1.12
2017.01.11 03:37:07.376,1.3964,1.3966,1.12,1.12
2017.01.11 03:37:17.059,1.39641,1.39661,1.00,1.50
2017.01.11 03:37:17.568,1.39639,1.3966,2.25,1.12
2017.01.11 03:37:24.511,1.39639,1.39659,1.50,1.00
2017.01.11 03:37:25.190,1.39639,1.3966,1.12,1.50
2017.01.11 03:37:25.465,1.39641,1.3966,1.00,1.50
2017.01.11 03:37:25.819,1.3964,1.39661,1.50,1.12
2017.01.11 03:37:26.962,1.39641,1.3966,1.12,1.00
2017.01.11 03:37:27.623,1.39641,1.3966,1.00,1.50
2017.01.11 03:37:28.174,1.3964,1.3966,1.00,1.50
2017.01.11 03:37:28.973,1.39639,1.3966,1.12,1.50
2017.01.11 03:37:32.545,1.39638,1.39657,1.50,1.00
2017.01.11 03:37:33.072,1.39638,1.39658,1.50,1.00
2017.01.11 03:37:33.477,1.39636,1.39658,1.12,2.25
2017.01.11 03:37:33.528,1.39636,1.39658,2.25,1.87
2017.01.11 03:37:38.356,1.39638,1.3966,1.12,1.75
2017.01.11 03:37:38.866,1.39637,1.39659,1.00,1.75
2017.01.11 03:37:40.592,1.39637,1.39659,1.00,1.75
2017.01.11 03:37:40.845,1.39633,1.39656,1.50,3.00
2017.01.11 03:37:41.154,1.39636,1.39655,1.00,1.00
2017.01.11 03:37:41.660,1.39634,1.39656,1.37,1.50
2017.01.11 03:37:42.166,1.39633,1.39655,1.50,1.50
2017.01.11 03:37:42.506,1.39633,1.39653,1.87,1.37
2017.01.11 03:37:42.972,1.39635,1.39655,1.00,1.50
2017.01.11 03:37:43.275,1.39635,1.39656,1.00,1.37
2017.01.11 03:37:43.495,1.3963,1.39651,1.87,1.12
2017.01.11 03:37:43.597,1.39634,1.39653,1.00,1.75
2017.01.11 03:37:43.749,1.39635,1.39653,1.12,1.00
2017.01.11 03:37:43.852,1.39635,1.39657,1.12,1.50
2017.01.11 03:37:44.532,1.39633,1.39655,2.25,1.00
2017.01.11 03:37:45.061,1.39632,1.39654,1.75,1.00
2017.01.11 03:37:45.593,1.39633,1.39655,1.50,1.87
2017.01.11 03:37:46.178,1.39631,1.39654,2.25,1.12
2017.01.11 03:37:46.593,1.39636,1.39655,1.00,1.87
2017.01.11 03:37:46.694,1.39636,1.39656,1.12,1.12
2017.01.11 03:37:46.795,1.39636,1.39657,1.50,1.37
2017.01.11 03:37:47.305,1.39637,1.39657,1.75,1.00
2017.01.11 03:37:51.449,1.39637,1.39658,1.75,1.00
2017.01.11 03:37:51.951,1.39637,1.39657,1.75,1.00
2017.01.11 03:37:54.562,1.39637,1.39658,1.75,1.00
2017.01.11 03:37:54.885,1.39636,1.39657,1.00,1.50
2017.01.11 03:37:59.124,1.39636,1.39656,1.00,1.00
2017.01.11 03:37:59.654,1.39636,1.39655,1.00,1.00
2017.01.11 03:38:01.747,1.39636,1.39656,1.00,1.00
2017.01.11 03:38:02.603,1.39636,1.39655,1.00,1.00
2017.01.11 03:38:02.907,1.39633,1.39655,1.87,1.75
2017.01.11 03:38:03.772,1.39631,1.3965,1.75,1.00
2017.01.11 03:38:04.126,1.39631,1.39651,1.50,1.00
2017.01.11 03:38:05.613,1.39631,1.39652,1.50,1.00
2017.01.11 03:38:06.454,1.39632,1.39653,1.00,1.87
2017.01.11 03:38:06.534,1.39631,1.39651,1.50,1.00
2017.01.11 03:38:06.751,1.39629,1.3965,1.50,1.00
2017.01.11 03:38:06.913,1.39632,1.39651,1.12,1.00
2017.01.11 03:38:07.217,1.39635,1.39654,1.00,1.69
2017.01.11 03:38:07.863,1.39635,1.39654,1.00,1.69
2017.01.11 03:38:08.202,1.39631,1.39652,1.50,1.75
2017.01.11 03:38:08.798,1.39629,1.39651,2.25,2.25
2017.01.11 03:38:12.001,1.39631,1.39651,1.00,1.50
2017.01.11 03:38:12.355,1.39632,1.39653,1.12,1.50
2017.01.11 03:38:17.537,1.39631,1.39652,1.75,1.50
2017.01.11 03:38:17.638,1.3963,1.39652,1.75,1.87
2017.01.11 03:38:17.740,1.3963,1.3965,1.12,1.12
2017.01.11 03:38:18.346,1.39629,1.39649,1.50,1.00
2017.01.11 03:38:19.478,1.39629,1.3965,1.50,1.12
2017.01.11 03:38:19.781,1.39627,1.39649,2.62,1.75
2017.01.11 03:38:20.268,1.39629,1.39649,1.00,1.75
2017.01.11 03:38:21.789,1.39631,1.3965,1.00,1.75
2017.01.11 03:38:21.941,1.3963,1.39651,2.25,1.12
2017.01.11 03:38:22.143,1.39629,1.39651,2.25,2.25
2017.01.11 03:38:22.484,1.39629,1.39651,3.37,1.50
2017.01.11 03:38:26.642,1.3963,1.39652,1.50,1.87
2017.01.11 03:38:31.183,1.39632,1.39652,1.00,1.12
2017.01.11 03:38:31.487,1.39632,1.39652,2.25,1.00
2017.01.11 03:38:32.036,1.39632,1.39653,2.62,1.00
2017.01.11 03:38:32.540,1.39632,1.39652,1.87,1.00
2017.01.11 03:38:37.230,1.39631,1.39651,1.75,1.00
2017.01.11 03:38:37.281,1.39631,1.39651,1.00,1.00
2017.01.11 03:38:37.839,1.39629,1.39651,1.75,1.37
2017.01.11 03:38:37.941,1.39629,1.39648,1.50,1.00
2017.01.11 03:38:38.093,1.39627,1.39648,3.00,1.12
2017.01.11 03:38:38.398,1.3963,1.3965,1.00,1.75
2017.01.11 03:38:38.449,1.3963,1.3965,1.12,1.12
2017.01.11 03:38:38.669,1.3963,1.3965,1.75,1.00
2017.01.11 03:38:38.772,1.39628,1.3965,2.25,1.00
2017.01.11 03:38:39.341,1.39628,1.3965,2.25,1.00
2017.01.11 03:38:39.852,1.39629,1.3965,1.00,1.00
2017.01.11 03:38:40.639,1.3963,1.39651,1.00,1.50
2017.01.11 03:38:40.741,1.39632,1.39651,1.00,1.50
2017.01.11 03:38:40.996,1.39628,1.3965,1.75,1.87
2017.01.11 03:38:41.047,1.3963,1.3965,1.37,1.50
2017.01.11 03:38:47.456,1.39629,1.39651,1.75,1.50
2017.01.11 03:38:49.553,1.39631,1.39652,1.50,1.12
2017.01.11 03:38:49.869,1.39635,1.39656,1.75,1.00
2017.01.11 03:38:50.398,1.39635,1.39657,2.25,1.87
2017.01.11 03:38:52.912,1.39635,1.39656,2.25,1.00
2017.01.11 03:38:53.460,1.39635,1.39657,1.75,1.12
2017.01.11 03:38:54.315,1.39635,1.39656,2.25,1.00
2017.01.11 03:38:54.607,1.39635,1.39655,1.12,1.12
2017.01.11 03:38:54.709,1.39632,1.39654,1.50,1.50
2017.01.11 03:38:55.013,1.39633,1.39655,1.75,1.12
2017.01.11 03:38:55.881,1.39633,1.39654,1.75,1.00
2017.01.11 03:38:56.185,1.39632,1.39652,1.37,1.00
2017.01.11 03:38:57.012,1.39633,1.39651,1.12,1.00
2017.01.11 03:38:57.618,1.39631,1.39652,2.25,1.00
2017.01.11 03:38:59.981,1.3963,1.39651,1.50,1.00
2017.01.11 03:39:00.083,1.39629,1.39651,1.00,1.75
2017.01.11 03:39:00.487,1.39627,1.39648,1.50,1.50
2017.01.11 03:39:01.026,1.39628,1.39648,1.00,1.50
2017.01.11 03:39:03.254,1.39629,1.39649,1.50,1.75
2017.01.11 03:39:03.305,1.39629,1.39649,1.50,1.00
2017.01.11 03:39:03.810,1.39628,1.3965,1.50,1.50
2017.01.11 03:39:12.999,1.39628,1.39649,1.50,1.00
2017.01.11 03:39:13.695,1.39628,1.39648,1.00,1.00
2017.01.11 03:39:17.438,1.39627,1.39648,1.87,1.50
2017.01.11 03:39:19.448,1.39625,1.39646,2.25,1.00
2017.01.11 03:39:19.990,1.39625,1.39647,2.25,1.12
2017.01.11 03:39:20.532,1.39625,1.39646,1.75,1.00
2017.01.11 03:39:20.634,1.39625,1.39645,1.00,1.50
2017.01.11 03:39:21.139,1.39624,1.39646,1.12,1.75
2017.01.11 03:39:23.690,1.39629,1.39649,1.00,2.81
2017.01.11 03:39:23.944,1.39631,1.39652,1.50,1.75
2017.01.11 03:39:24.046,1.39631,1.39653,1.00,2.25
2017.01.11 03:39:24.628,1.39632,1.39653,1.00,1.75
2017.01.11 03:39:25.272,1.39633,1.39654,1.00,2.25
2017.01.11 03:39:25.808,1.39632,1.39654,1.50,1.75
2017.01.11 03:39:25.859,1.39632,1.39652,1.50,1.00
2017.01.11 03:39:26.636,1.39633,1.39652,1.00,1.00
2017.01.11 03:39:26.839,1.39634,1.39656,1.12,1.87
2017.01.11 03:39:27.341,1.39636,1.39658,1.75,1.50
2017.01.11 03:39:27.645,1.39636,1.39658,1.00,1.87
2017.01.11 03:39:29.713,1.39636,1.39657,1.50,1.12
2017.01.11 03:39:30.283,1.39634,1.39657,3.00,2.44
2017.01.11 03:39:30.385,1.39634,1.39656,1.50,1.69
2017.01.11 03:39:30.689,1.39634,1.39655,1.00,2.00
2017.01.11 03:39:35.924,1.39633,1.39654,1.00,1.50
2017.01.11 03:39:37.015,1.39632,1.39654,1.12,1.69
2017.01.11 03:39:37.323,1.39632,1.39654,1.00,2.44
2017.01.11 03:39:37.773,1.39632,1.39654,1.12,1.69
2017.01.11 03:39:38.516,1.39633,1.39655,1.00,1.75
2017.01.11 03:39:39.062,1.39632,1.39655,1.12,1.75
2017.01.11 03:39:39.365,1.39632,1.39655,1.50,1.37
2017.01.11 03:39:41.877,1.39631,1.39654,2.25,2.25
2017.01.11 03:39:42.229,1.39631,1.39654,1.12,3.00
2017.01.11 03:39:44.662,1.39631,1.39654,2.25,2.25
2017.01.11 03:39:53.547,1.39635,1.39655,1.00,2.25
2017.01.11 03:39:53.699,1.39635,1.39657,2.62,1.50
2017.01.11 03:39:53.994,1.39637,1.39658,1.00,1.87
2017.01.11 03:39:54.045,1.39636,1.39658,1.50,3.00
2017.01.11 03:39:54.551,1.39636,1.39658,1.50,2.25
2017.01.11 03:39:57.352,1.39635,1.39658,2.25,1.87
2017.01.11 03:39:57.863,1.39637,1.39659,1.75,1.87
2017.01.11 03:40:00.214,1.3964,1.3966,1.00,1.50
2017.01.11 03:40:00.554,1.3964,1.39662,1.75,1.50
2017.01.11 03:40:01.288,1.39639,1.39661,2.25,1.50
2017.01.11 03:40:01.340,1.39644,1.39664,1.00,2.25
2017.01.11 03:40:01.391,1.39644,1.39664,1.00,1.50
2017.01.11 03:40:01.442,1.39642,1.39665,1.12,1.75
2017.01.11 03:40:01.493,1.39646,1.39665,1.00,1.00
2017.01.11 03:40:01.595,1.39643,1.39665,1.87,1.00
2017.01.11 03:40:01.679,1.39644,1.39666,1.12,1.50
2017.01.11 03:40:02.000,1.39645,1.39666,1.75,1.12
2017.01.11 03:40:04.508,1.39645,1.39664,1.00,1.19
2017.01.11 03:40:04.975,1.39643,1.39665,1.50,2.62
2017.01.11 03:40:05.788,1.39645,1.39666,1.00,1.12
2017.01.11 03:40:05.890,1.39645,1.39667,1.75,2.62
2017.01.11 03:40:06.242,1.39646,1.39669,2.25,2.62
2017.01.11 03:40:06.495,1.39646,1.39668,1.50,1.50
2017.01.11 03:40:06.546,1.39648,1.39668,1.00,1.00
2017.01.11 03:40:06.866,1.39645,1.39667,1.75,1.50
2017.01.11 03:40:06.917,1.39645,1.39667,1.75,1.50
2017.01.11 03:40:07.018,1.39645,1.39667,1.50,2.25
2017.01.11 03:40:19.832,1.39645,1.39661,1.50,1.00
2017.01.11 03:40:19.933,1.39643,1.39661,1.12,1.00
2017.01.11 03:40:20.434,1.3964,1.3966,1.75,1.00
2017.01.11 03:40:20.808,1.39639,1.39662,1.87,2.62
2017.01.11 03:40:24.282,1.39639,1.39661,1.87,1.00
2017.01.11 03:40:24.927,1.3964,1.39662,3.00,1.87
2017.01.11 03:40:25.122,1.39645,1.39666,1.12,1.50
2017.01.11 03:40:25.232,1.39646,1.39667,1.00,1.00
2017.01.11 03:40:25.361,1.39646,1.39667,1.75,1.00
2017.01.11 03:40:26.014,1.39646,1.39668,2.25,1.00
2017.01.11 03:40:26.535,1.39647,1.39669,1.50,1.87
2017.01.11 03:40:27.048,1.39647,1.39668,1.50,1.00
2017.01.11 03:40:27.643,1.39649,1.39669,1.00,1.12
2017.01.11 03:40:27.953,1.39652,1.39672,1.00,1.50
2017.01.11 03:40:28.257,1.3965,1.39672,2.25,1.00
2017.01.11 03:40:29.024,1.39651,1.39672,1.00,1.50
2017.01.11 03:40:29.620,1.39651,1.39671,1.00,1.00
2017.01.11 03:40:29.993,1.39651,1.39668,1.00,1.00
2017.01.11 03:40:30.246,1.39646,1.39668,1.87,1.75
2017.01.11 03:40:32.872,1.39648,1.3967,1.00,3.00
2017.01.11 03:40:33.175,1.39651,1.39669,1.50,1.00
2017.01.11 03:40:33.226,1.39651,1.39672,1.12,2.25
2017.01.11 03:40:37.922,1.39648,1.39668,1.75,1.00
2017.01.11 03:40:38.226,1.39647,1.39668,1.37,1.50
2017.01.11 03:40:38.277,1.39648,1.39669,1.12,1.37
2017.01.11 03:40:38.463,1.39648,1.3967,1.75,1.87
2017.01.11 03:40:38.767,1.39648,1.39668,1.75,1.00
2017.01.11 03:40:39.293,1.39646,1.39667,1.75,1.00
2017.01.11 03:40:39.344,1.39646,1.39667,1.50,1.12
2017.01.11 03:40:40.029,1.39646,1.39668,1.50,1.12
2017.01.11 03:40:45.051,1.39647,1.39667,1.00,1.00
2017.01.11 03:40:49.809,1.39648,1.39668,1.12,1.00
2017.01.11 03:40:49.917,1.39649,1.3967,1.00,3.00
2017.01.11 03:40:49.968,1.39649,1.3967,2.25,1.00
2017.01.11 03:40:50.473,1.39646,1.39668,1.75,1.00
2017.01.11 03:40:50.575,1.39646,1.39668,1.75,1.12
2017.01.11 03:40:51.082,1.39646,1.39667,1.75,1.00
2017.01.11 03:40:51.622,1.39648,1.39668,1.50,1.12
2017.01.11 03:40:51.696,1.3965,1.39669,1.00,1.50
2017.01.11 03:40:51.797,1.39649,1.39671,1.75,1.12
2017.01.11 03:40:52.252,1.39647,1.39668,2.25,1.00
2017.01.11 03:40:55.872,1.39647,1.39669,2.25,1.00
2017.01.11 03:40:56.378,1.39646,1.39668,1.75,1.00
2017.01.11 03:40:57.493,1.39646,1.39669,1.75,1.00
2017.01.11 03:40:58.044,1.39646,1.39668,1.75,1.00
2017.01.11 03:40:58.569,1.39646,1.3967,1.75,2.25
2017.01.11 03:40:58.821,1.39646,1.39668,1.75,1.00
2017.01.11 03:41:04.300,1.39646,1.3967,2.25,3.00
2017.01.11 03:41:04.615,1.39646,1.39668,2.25,1.00
2017.01.11 03:41:05.134,1.39648,1.39669,2.25,1.00
2017.01.11 03:41:05.653,1.39648,1.3967,2.25,1.00
2017.01.11 03:41:06.162,1.39648,1.39669,2.25,1.00
2017.01.11 03:41:06.314,1.39648,1.39669,1.50,1.12
2017.01.11 03:41:08.152,1.39647,1.39668,1.12,1.00
2017.01.11 03:41:09.111,1.39647,1.39669,1.12,1.12
2017.01.11 03:41:09.617,1.39647,1.39668,1.12,1.00
2017.01.11 03:41:10.230,1.39647,1.39669,1.12,1.87
2017.01.11 03:41:10.590,1.39646,1.39667,2.62,1.00
2017.01.11 03:41:10.742,1.39646,1.39669,3.37,2.25
2017.01.11 03:41:11.095,1.39647,1.39669,1.00,1.12
2017.01.11 03:41:11.399,1.39647,1.39668,1.37,1.12
2017.01.11 03:41:11.866,1.39652,1.39672,1.00,2.25
2017.01.11 03:41:11.917,1.3965,1.39672,1.12,2.25
2017.01.11 03:41:12.083,1.3965,1.39672,2.62,1.50
2017.01.11 03:41:12.184,1.3965,1.3967,2.62,1.00
2017.01.11 03:41:13.474,1.39651,1.3967,1.00,1.00
2017.01.11 03:41:14.479,1.3965,1.3967,1.50,1.00
2017.01.11 03:41:14.999,1.3965,1.3967,1.00,1.50
2017.01.11 03:41:16.654,1.3965,1.39669,1.00,1.19
2017.01.11 03:41:17.159,1.39649,1.3967,1.50,2.06
2017.01.11 03:41:19.391,1.39649,1.39669,1.50,1.69
2017.01.11 03:41:19.922,1.39649,1.39669,1.50,1.12
2017.01.11 03:41:21.913,1.39647,1.39668,1.12,1.25
2017.01.11 03:41:22.249,1.39647,1.39667,1.12,1.56
2017.01.11 03:41:22.506,1.39645,1.39666,1.12,1.69
2017.01.11 03:41:23.771,1.39644,1.39666,1.50,1.12
2017.01.11 03:41:24.295,1.39645,1.39666,1.87,1.12
2017.01.11 03:41:25.345,1.39645,1.39666,1.12,1.12
2017.01.11 03:41:28.809,1.39645,1.39668,1.37,3.94
2017.01.11 03:41:33.188,1.39648,1.39669,1.00,1.75
2017.01.11 03:41:33.340,1.39648,1.3967,1.87,1.87
2017.01.11 03:41:37.568,1.39647,1.39669,2.25,1.31
2017.01.11 03:41:37.670,1.39646,1.39669,1.00,2.06
2017.01.11 03:41:37.821,1.39648,1.39669,2.25,2.06
2017.01.11 03:41:37.872,1.3965,1.39669,1.00,2.06
2017.01.11 03:41:38.380,1.39651,1.39669,1.00,1.19
2017.01.11 03:41:38.634,1.39652,1.39674,1.87,1.25
2017.01.11 03:41:38.736,1.39653,1.39674,1.12,1.69
2017.01.11 03:41:38.860,1.39653,1.39674,1.37,1.12
2017.01.11 03:41:40.209,1.39651,1.39671,1.87,1.00
2017.01.11 03:41:40.453,1.3965,1.39669,1.00,1.69
2017.01.11 03:41:41.085,1.39648,1.39669,1.50,1.69
2017.01.11 03:41:46.175,1.39649,1.3967,2.62,1.00
2017.01.11 03:41:46.685,1.39649,1.39671,2.62,1.12
2017.01.11 03:41:48.451,1.3965,1.39671,1.50,2.06
2017.01.11 03:41:52.075,1.3965,1.39671,1.50,1.12
2017.01.11 03:41:57.657,1.3965,1.39671,1.75,1.00
2017.01.11 03:41:58.176,1.3965,1.3967,1.75,1.00
2017.01.11 03:41:58.770,1.3965,1.39671,1.75,1.00
2017.01.11 03:41:59.276,1.3965,1.39672,1.75,1.50
2017.01.11 03:41:59.870,1.3965,1.39671,1.75,1.00
2017.01.11 03:42:01.339,1.3965,1.39672,1.75,1.50
2017.01.11 03:42:01.904,1.39652,1.39674,1.75,1.87
2017.01.11 03:42:02.125,1.39652,1.39675,2.62,1.87
2017.01.11 03:42:02.277,1.39655,1.39677,1.50,1.50
2017.01.11 03:42:02.821,1.39654,1.39675,1.75,1.00
2017.01.11 03:42:04.194,1.39653,1.39674,1.75,1.00
2017.01.11 03:42:04.295,1.39651,1.39674,1.75,4.12
2017.01.11 03:42:04.600,1.39651,1.39672,2.25,1.00
2017.01.11 03:42:04.903,1.39651,1.39671,1.12,1.12
2017.01.11 03:42:05.319,1.39649,1.39669,1.75,1.00
2017.01.11 03:42:05.622,1.39646,1.39667,1.75,1.00
2017.01.11 03:42:06.425,1.39647,1.39668,2.06,1.00
2017.01.11 03:42:06.728,1.3965,1.39672,1.56,3.37
2017.01.11 03:42:06.932,1.39649,1.39671,3.19,1.50
2017.01.11 03:42:07.033,1.39649,1.39671,3.19,1.50
2017.01.11 03:42:09.606,1.3965,1.39671,1.56,1.50
2017.01.11 03:42:12.291,1.39653,1.39674,1.69,1.75
2017.01.11 03:42:12.392,1.39655,1.39675,1.50,1.31
2017.01.11 03:42:12.495,1.39655,1.39676,2.25,1.87
2017.01.11 03:42:12.725,1.39654,1.39674,1.75,1.00
2017.01.11 03:42:12.830,1.39654,1.39675,2.25,1.12
2017.01.11 03:42:13.359,1.39654,1.39674,2.25,1.00
2017.01.11 03:42:14.245,1.39655,1.39675,1.25,1.12
2017.01.11 03:42:15.374,1.39655,1.39674,1.25,1.00
2017.01.11 03:42:16.427,1.39655,1.39676,1.50,1.62
2017.01.11 03:42:16.530,1.39656,1.39677,1.50,2.06
2017.01.11 03:42:16.632,1.39654,1.39676,1.75,3.19
2017.01.11 03:42:16.696,1.39654,1.39674,1.00,1.37
2017.01.11 03:42:17.230,1.39652,1.39673,2.25,1.00
2017.01.11 03:42:17.535,1.39654,1.39676,1.50,1.50
2017.01.11 03:42:17.586,1.39657,1.39677,1.00,1.75
2017.01.11 03:42:17.889,1.39659,1.3968,1.50,1.75
2017.01.11 03:42:18.146,1.39659,1.39682,1.87,3.75
2017.01.11 03:42:18.906,1.39659,1.39681,2.25,1.12
2017.01.11 03:42:19.109,1.39663,1.39684,1.50,1.12
2017.01.11 03:42:19.615,1.39663,1.39685,3.00,1.00
2017.01.11 03:42:22.769,1.39663,1.39684,3.00,1.00
2017.01.11 03:42:23.454,1.39663,1.39683,1.75,1.00
2017.01.11 03:42:24.368,1.39663,1.39684,1.75,1.00
2017.01.11 03:42:24.928,1.39662,1.39683,1.75,1.00
2017.01.11 03:42:25.029,1.39662,1.39683,1.37,1.12
2017.01.11 03:42:25.134,1.39659,1.39681,2.62,1.00
2017.01.11 03:42:25.439,1.39659,1.39679,1.00,1.50
2017.01.11 03:42:26.054,1.3966,1.39681,1.12,1.50
2017.01.11 03:42:26.105,1.39662,1.39681,1.00,1.50
2017.01.11 03:42:26.257,1.39662,1.39684,1.87,3.94
2017.01.11 03:42:26.358,1.39662,1.39684,2.25,2.44
2017.01.11 03:42:26.935,1.39662,1.39685,2.62,3.56
2017.01.11 03:42:27.263,1.39662,1.39682,1.75,1.00
2017.01.11 03:42:27.466,1.39661,1.39679,1.00,1.00
2017.01.11 03:42:27.567,1.39657,1.39679,1.75,2.06
2017.01.11 03:42:27.669,1.39656,1.39677,3.00,1.25
2017.01.11 03:42:30.413,1.39655,1.39676,1.75,1.12
2017.01.11 03:42:30.515,1.39653,1.39674,2.25,1.00
2017.01.11 03:42:30.848,1.39655,1.39676,1.75,1.00
2017.01.11 03:42:30.949,1.39655,1.39677,1.00,1.12
2017.01.11 03:42:31.151,1.39655,1.39676,1.50,1.75
2017.01.11 03:42:31.455,1.39661,1.3968,1.00,1.37
2017.01.11 03:42:31.557,1.39659,1.3968,1.12,1.37
2017.01.11 03:42:31.680,1.39658,1.39679,2.25,1.00
2017.01.11 03:42:32.629,1.39659,1.3968,2.25,1.00
2017.01.11 03:42:33.307,1.39659,1.39679,2.25,1.00
2017.01.11 03:42:37.594,1.39659,1.3968,2.25,1.00
2017.01.11 03:42:46.368,1.39659,1.39679,2.25,1.00
2017.01.11 03:42:48.737,1.39659,1.39677,1.37,1.00
2017.01.11 03:42:48.788,1.39657,1.39677,2.25,1.00
2017.01.11 03:42:48.992,1.39655,1.39676,1.50,1.12
2017.01.11 03:42:57.789,1.39651,1.39674,2.25,1.50
2017.01.11 03:42:57.992,1.3965,1.3967,1.00,1.56
2017.01.11 03:42:58.542,1.39649,1.3967,1.12,1.56
2017.01.11 03:42:59.237,1.39648,1.39671,2.62,2.25
2017.01.11 03:42:59.403,1.3965,1.39671,1.12,1.00
2017.01.11 03:42:59.955,1.3965,1.39672,1.12,4.12
2017.01.11 03:43:10.683,1.39649,1.39667,1.75,1.00
2017.01.11 03:43:10.835,1.39647,1.39665,1.75,1.00
2017.01.11 03:43:10.937,1.39643,1.39663,1.75,1.00
2017.01.11 03:43:11.039,1.39641,1.3966,1.00,1.56
2017.01.11 03:43:11.242,1.39644,1.39658,1.00,1.25
2017.01.11 03:43:11.344,1.39644,1.39665,1.12,2.81
2017.01.11 03:43:11.395,1.39644,1.39665,1.12,2.25
2017.01.11 03:43:11.598,1.39644,1.39666,1.75,2.25
2017.01.11 03:43:12.036,1.39645,1.39667,1.12,2.25
2017.01.11 03:43:13.734,1.39646,1.39668,1.87,2.81
2017.01.11 03:43:13.835,1.39646,1.39668,3.37,2.06
2017.01.11 03:43:14.373,1.39646,1.39667,3.37,1.00
2017.01.11 03:43:14.937,1.39646,1.39668,3.37,2.81
2017.01.11 03:43:16.467,1.39647,1.39668,1.00,2.81
2017.01.11 03:43:16.619,1.39648,1.39668,1.00,1.31
2017.01.11 03:43:16.847,1.39648,1.39669,1.00,2.06
2017.01.11 03:43:17.600,1.39649,1.39669,1.00,1.31
2017.01.11 03:43:17.815,1.39649,1.39668,1.00,1.31
2017.01.11 03:43:18.639,1.39649,1.39668,1.00,1.62
2017.01.11 03:43:18.740,1.39649,1.39668,1.00,1.31
2017.01.11 03:43:20.436,1.39645,1.39665,1.50,2.06
2017.01.11 03:43:20.638,1.39644,1.39665,2.25,1.50
2017.01.11 03:43:20.942,1.3965,1.3967,1.00,3.00
2017.01.11 03:43:21.043,1.3965,1.3967,1.00,1.50
2017.01.11 03:43:21.592,1.3965,1.3967,1.00,1.37
2017.01.11 03:43:22.637,1.3965,1.3967,1.50,1.00
2017.01.11 03:43:23.073,1.39648,1.39668,2.25,1.00
2017.01.11 03:43:23.225,1.39649,1.39669,1.00,1.50
2017.01.11 03:43:23.326,1.39648,1.39669,1.00,1.75
2017.01.11 03:43:23.466,1.39649,1.3967,1.00,3.00
2017.01.11 03:43:23.517,1.39643,1.39662,1.75,1.00
2017.01.11 03:43:23.669,1.39642,1.39663,1.75,1.00
2017.01.11 03:43:23.771,1.39642,1.39663,1.12,1.50
2017.01.11 03:43:23.873,1.39642,1.39663,1.75,1.00
2017.01.11 03:43:24.565,1.39642,1.39663,1.50,1.12
2017.01.11 03:43:25.040,1.39642,1.39662,1.00,1.37
2017.01.11 03:43:25.550,1.39639,1.39661,1.50,2.62
2017.01.11 03:43:28.866,1.39638,1.3966,1.75,1.00
2017.01.11 03:43:29.545,1.39637,1.39658,2.25,1.00
2017.01.11 03:43:29.703,1.39637,1.39659,2.25,1.50
2017.01.11 03:43:30.244,1.39636,1.39657,1.75,1.50
2017.01.11 03:43:34.080,1.39636,1.39658,1.75,3.37
2017.01.11 03:43:34.591,1.39636,1.39656,1.12,1.12
2017.01.11 03:43:43.822,1.39637,1.39656,1.00,1.87
2017.01.11 03:43:46.041,1.39637,1.39656,1.00,2.06
2017.01.11 03:43:48.746,1.39636,1.39653,1.12,1.56
2017.01.11 03:43:48.898,1.39632,1.39651,1.50,1.56
2017.01.11 03:43:49.452,1.39632,1.39651,1.00,2.44
2017.01.11 03:43:50.483,1.39631,1.39651,1.12,3.19
2017.01.11 03:43:51.020,1.3963,1.3965,1.00,1.31
2017.01.11 03:43:52.129,1.3963,1.3965,1.00,2.06
2017.01.11 03:43:53.268,1.39629,1.3965,1.87,2.81
2017.01.11 03:43:55.855,1.3963,1.3965,1.00,2.81
2017.01.11 03:43:58.862,1.39629,1.39648,1.87,1.00
2017.01.11 03:43:58.913,1.39629,1.39646,1.87,1.00
2017.01.11 03:43:59.260,1.39625,1.39645,1.50,2.81
2017.01.11 03:44:01.974,1.39625,1.39641,1.00,1.25
2017.01.11 03:44:02.499,1.39625,1.39641,1.00,1.62
2017.01.11 03:44:03.094,1.39625,1.39643,1.00,1.56
2017.01.11 03:44:03.398,1.39623,1.39641,1.00,1.31
2017.01.11 03:44:03.701,1.39622,1.39639,1.00,1.56
2017.01.11 03:44:03.963,1.39622,1.39639,1.00,2.06
2017.01.11 03:44:04.510,1.39622,1.3964,1.00,2.44
2017.01.11 03:44:05.298,1.39625,1.39641,1.00,1.50
2017.01.11 03:44:05.400,1.39626,1.39643,1.00,1.62
2017.01.11 03:44:05.653,1.39629,1.39646,1.00,1.31
2017.01.11 03:44:06.396,1.39629,1.39646,1.00,1.31
2017.01.11 03:44:08.630,1.39628,1.39648,1.00,1.31
2017.01.11 03:44:08.681,1.39628,1.39648,1.00,1.31
2017.01.11 03:44:09.206,1.39628,1.39648,1.00,1.31
2017.01.11 03:44:09.774,1.39627,1.39648,1.12,2.06
2017.01.11 03:44:09.876,1.39626,1.39648,2.25,2.06
2017.01.11 03:44:14.594,1.39626,1.39647,2.25,1.69
2017.01.11 03:44:14.695,1.39627,1.39647,1.12,1.69
2017.01.11 03:44:14.848,1.39629,1.39648,1.50,2.06
2017.01.11 03:44:14.899,1.39629,1.39647,1.50,1.25
2017.01.11 03:44:15.486,1.3963,1.3965,1.00,1.31
2017.01.11 03:44:15.992,1.39629,1.3965,2.62,1.31
2017.01.11 03:44:17.675,1.39629,1.3965,2.62,1.31
2017.01.11 03:44:18.607,1.39632,1.3965,1.00,1.31
2017.01.11 03:44:18.710,1.39632,1.39652,1.50,1.31
2017.01.11 03:44:18.894,1.39632,1.39652,1.37,1.69
2017.01.11 03:44:18.996,1.39632,1.39652,1.00,1.31
2017.01.11 03:44:19.300,1.39632,1.39652,1.00,1.56
2017.01.11 03:44:19.807,1.39631,1.39652,1.00,2.06
2017.01.11 03:44:20.112,1.3963,1.39648,1.00,1.31
2017.01.11 03:44:20.460,1.39628,1.39647,1.00,1.25
2017.01.11 03:44:20.511,1.39628,1.39648,1.00,1.31
2017.01.11 03:44:21.017,1.39627,1.39648,1.12,1.31
2017.01.11 03:44:22.523,1.39629,1.39647,1.00,1.25
2017.01.11 03:44:23.512,1.3963,1.39647,1.00,1.25
2017.01.11 03:44:24.241,1.39631,1.39647,1.00,1.25
2017.01.11 03:44:24.747,1.39631,1.39652,2.62,1.31
2017.01.11 03:44:25.817,1.39632,1.39652,1.00,1.31
2017.01.11 03:44:27.703,1.39629,1.39648,1.75,1.56
2017.01.11 03:44:28.008,1.39618,1.3964,1.75,1.56
2017.01.11 03:44:28.059,1.39618,1.3964,1.75,2.44
2017.01.11 03:44:28.160,1.39618,1.39638,1.00,1.31
2017.01.11 03:44:29.184,1.39618,1.39638,1.50,1.31
2017.01.11 03:44:29.235,1.39621,1.39638,1.00,1.31
2017.01.11 03:44:29.286,1.39621,1.39638,1.50,1.62
2017.01.11 03:44:29.437,1.39621,1.39643,3.00,1.69
2017.01.11 03:44:31.261,1.39625,1.39644,1.00,1.31
2017.01.11 03:44:31.414,1.39625,1.39643,1.87,1.25
2017.01.11 03:44:31.516,1.39621,1.3964,1.75,1.56
2017.01.11 03:44:31.668,1.39619,1.39639,1.00,1.31
2017.01.11 03:44:31.921,1.39618,1.3964,1.75,3.19
2017.01.11 03:44:33.233,1.39618,1.3964,1.75,1.69
2017.01.11 03:44:33.334,1.39618,1.3964,1.75,1.12
2017.01.11 03:44:33.637,1.3962,1.39642,3.00,1.12
2017.01.11 03:44:40.722,1.3962,1.3964,1.37,1.69
2017.01.11 03:44:40.773,1.39619,1.3964,1.12,2.06
2017.01.11 03:44:40.824,1.39618,1.3964,2.25,2.06
2017.01.11 03:44:41.193,1.39622,1.39639,1.00,1.62
2017.01.11 03:44:41.245,1.39622,1.39643,1.12,2.06
2017.01.11 03:44:43.465,1.39622,1.39643,1.12,1.37
2017.01.11 03:44:48.194,1.39623,1.39643,1.00,1.37
2017.01.11 03:44:48.734,1.39625,1.39646,1.12,2.25
2017.01.11 03:44:49.258,1.39625,1.39644,1.00,1.37
2017.01.11 03:44:53.495,1.39625,1.39645,1.00,1.12
2017.01.11 03:44:54.029,1.39625,1.39644,1.00,1.00
2017.01.11 03:44:54.567,1.39625,1.39645,1.00,1.87
2017.01.11 03:44:59.238,1.39623,1.39645,1.37,2.25
2017.01.11 03:44:59.289,1.39623,1.39645,1.12,2.62
2017.01.11 03:45:00.658,1.39621,1.39641,1.37,1.12
2017.01.11 03:45:00.709,1.39621,1.39641,1.00,1.50
2017.01.11 03:45:01.234,1.39619,1.39639,1.50,1.00
2017.01.11 03:45:02.390,1.39619,1.3964,1.50,1.12
2017.01.11 03:45:02.953,1.39619,1.39639,1.50,1.00
2017.01.11 03:45:04.133,1.3962,1.3964,1.87,1.12
2017.01.11 03:45:04.271,1.39623,1.39642,1.00,1.50
2017.01.11 03:45:04.322,1.39623,1.39642,1.00,1.50
2017.01.11 03:45:04.676,1.39625,1.39644,1.00,1.75
2017.01.11 03:45:04.930,1.39628,1.39648,1.00,1.75
2017.01.11 03:45:07.320,1.39627,1.39647,1.50,1.50
2017.01.11 03:45:12.400,1.39627,1.39647,1.50,1.00
2017.01.11 03:45:14.003,1.39627,1.39648,3.00,1.69
2017.01.11 03:45:14.996,1.39627,1.39647,3.00,1.00
2017.01.11 03:45:15.558,1.39627,1.39646,3.00,1.31
2017.01.11 03:45:16.063,1.39627,1.39647,3.00,1.00
2017.01.11 03:45:16.762,1.39627,1.39648,3.00,1.69
2017.01.11 03:45:16.863,1.39627,1.39648,3.00,1.69
2017.01.11 03:45:19.772,1.39629,1.39648,1.50,1.25
2017.01.11 03:45:19.823,1.3963,1.39649,1.50,1.56
2017.01.11 03:45:19.874,1.3963,1.39651,1.50,1.69
2017.01.11 03:45:20.228,1.39634,1.39651,1.00,1.12
2017.01.11 03:45:20.380,1.39634,1.39653,2.25,1.00
2017.01.11 03:45:20.960,1.39635,1.39654,1.87,1.31
2017.01.11 03:45:21.642,1.39635,1.39653,1.87,1.00
2017.01.11 03:45:22.252,1.39635,1.39654,1.87,1.31
2017.01.11 03:45:23.789,1.39634,1.39653,2.25,1.00
2017.01.11 03:45:26.778,1.39634,1.39653,3.00,1.56
2017.01.11 03:45:28.387,1.39634,1.39654,2.25,1.00
2017.01.11 03:45:28.997,1.39634,1.39655,1.50,1.12
2017.01.11 03:45:29.048,1.39633,1.39655,3.37,1.37
2017.01.11 03:45:29.590,1.39633,1.39653,2.62,1.12
2017.01.11 03:45:31.440,1.39634,1.39653,1.50,1.12
2017.01.11 03:45:31.754,1.39636,1.39655,2.62,1.37
2017.01.11 03:45:32.381,1.39636,1.39655,2.62,1.00
2017.01.11 03:45:33.647,1.39637,1.39654,1.12,1.00
2017.01.11 03:45:34.195,1.39637,1.39655,1.12,1.00
2017.01.11 03:45:34.921,1.39636,1.39656,1.37,1.00
2017.01.11 03:45:35.377,1.39635,1.39653,2.25,1.00
2017.01.11 03:45:36.129,1.39635,1.39654,1.50,1.00
2017.01.11 03:45:36.663,1.39635,1.39655,1.50,1.00
2017.01.11 03:45:42.616,1.39636,1.39656,1.37,1.00
2017.01.11 03:45:43.200,1.39636,1.39655,1.37,1.00
2017.01.11 03:45:46.769,1.39636,1.39656,1.37,1.00
2017.01.11 03:45:47.049,1.39635,1.39657,2.25,1.37
2017.01.11 03:45:47.578,1.39636,1.39655,1.00,1.12
2017.01.11 03:45:48.185,1.39636,1.39654,1.00,1.00
2017.01.11 03:45:49.015,1.39636,1.39655,1.00,1.12
2017.01.11 03:45:51.783,1.39637,1.39656,1.00,1.50
2017.01.11 03:45:51.935,1.39637,1.39657,1.50,1.00
2017.01.11 03:45:52.440,1.39637,1.39658,3.00,1.12
2017.01.11 03:45:52.692,1.39638,1.39656,1.00,1.00
2017.01.11 03:45:53.010,1.3964,1.39661,1.12,1.75
2017.01.11 03:45:53.061,1.39641,1.39661,1.00,1.50
2017.01.11 03:45:53.163,1.39639,1.39658,1.87,1.12
2017.01.11 03:45:53.688,1.39637,1.39658,2.25,1.12
2017.01.11 03:45:55.872,1.39638,1.39657,1.12,1.00
2017.01.11 03:45:58.323,1.39637,1.39656,1.50,1.00
2017.01.11 03:45:58.831,1.39636,1.39658,1.50,2.25
2017.01.11 03:45:59.136,1.39635,1.39655,1.87,1.12
2017.01.11 03:46:05.553,1.39637,1.39657,1.00,1.75
2017.01.11 03:46:05.856,1.39637,1.39657,1.37,1.00
2017.01.11 03:46:06.008,1.39636,1.39658,2.62,1.37
2017.01.11 03:46:18.763,1.39635,1.39656,1.87,1.50
2017.01.11 03:46:19.945,1.39636,1.39656,1.00,1.50
2017.01.11 03:46:20.299,1.39638,1.39657,1.00,1.00
2017.01.11 03:46:20.603,1.39637,1.39658,1.75,1.50
2017.01.11 03:46:20.806,1.39635,1.39656,2.25,1.75
2017.01.11 03:46:21.082,1.39636,1.39656,1.50,1.37
2017.01.11 03:46:22.692,1.39638,1.39657,1.00,1.50
2017.01.11 03:46:22.743,1.39635,1.39657,1.87,1.50
2017.01.11 03:46:22.844,1.39635,1.39657,1.37,1.87
2017.01.11 03:46:23.249,1.3964,1.39661,1.00,3.56
2017.01.11 03:46:23.517,1.39636,1.39659,1.37,1.87
2017.01.11 03:46:23.568,1.39636,1.39657,1.00,1.00
2017.01.11 03:46:24.142,1.39635,1.39656,2.25,1.00
2017.01.11 03:46:24.669,1.39636,1.39656,1.50,1.00
2017.01.11 03:46:25.202,1.39635,1.39656,1.00,1.50
2017.01.11 03:46:25.505,1.39634,1.39654,1.00,1.50
2017.01.11 03:46:25.817,1.3963,1.39651,1.50,1.12
2017.01.11 03:46:27.902,1.3963,1.3965,1.50,1.00
2017.01.11 03:46:28.446,1.3963,1.39651,2.25,1.12
2017.01.11 03:46:31.597,1.39633,1.39652,1.50,1.50
2017.01.11 03:46:31.701,1.39633,1.39653,1.50,1.00
2017.01.11 03:46:31.752,1.39632,1.39653,2.25,1.56
2017.01.11 03:46:31.904,1.3963,1.39649,1.50,1.25
2017.01.11 03:46:32.855,1.39629,1.39649,1.12,1.25
2017.01.11 03:46:33.567,1.39629,1.3965,1.87,1.31
2017.01.11 03:46:33.769,1.39629,1.3965,2.62,1.62
2017.01.11 03:46:33.972,1.39629,1.3965,1.87,1.31
2017.01.11 03:46:34.073,1.39629,1.3965,1.12,1.62
2017.01.11 03:46:34.464,1.39631,1.3965,1.00,1.62
2017.01.11 03:46:34.717,1.39632,1.39653,2.62,1.69
2017.01.11 03:46:35.172,1.39632,1.39652,1.00,1.37
2017.01.11 03:46:35.223,1.39629,1.39652,3.75,1.75
2017.01.11 03:46:35.324,1.39629,1.39651,2.62,1.50
2017.01.11 03:46:36.392,1.3963,1.39651,1.00,1.75
2017.01.11 03:46:39.524,1.39629,1.39649,1.00,1.50
2017.01.11 03:46:41.384,1.3963,1.3965,1.00,1.75
2017.01.11 03:46:41.536,1.3963,1.3965,2.25,1.00
2017.01.11 03:46:42.992,1.3963,1.39649,1.50,1.00
2017.01.11 03:46:43.599,1.39629,1.3965,1.75,1.00
2017.01.11 03:46:46.881,1.39632,1.3965,1.00,1.00
2017.01.11 03:46:47.084,1.39633,1.39653,2.62,1.50
2017.01.11 03:46:47.236,1.39634,1.39654,1.50,1.00
2017.01.11 03:46:48.515,1.39634,1.39655,2.25,1.00
2017.01.11 03:46:48.668,1.39635,1.39656,1.87,1.12
2017.01.11 03:46:50.944,1.39636,1.39657,2.62,1.12
2017.01.11 03:46:51.248,1.39639,1.39661,1.87,1.75
2017.01.11 03:46:51.451,1.3964,1.39662,3.37,1.50
2017.01.11 03:46:51.554,1.3964,1.39662,3.37,1.12
2017.01.11 03:46:51.716,1.39641,1.39661,1.12,1.12
2017.01.11 03:46:51.869,1.39642,1.39662,1.37,1.69
2017.01.11 03:46:51.970,1.39642,1.39662,1.50,1.25
2017.01.11 03:46:52.072,1.39641,1.39661,1.50,1.56
2017.01.11 03:46:52.324,1.39638,1.39659,2.25,1.12
2017.01.11 03:46:52.476,1.3964,1.3966,1.37,1.12
2017.01.11 03:46:53.965,1.39639,1.3966,2.25,1.56
2017.01.11 03:46:54.220,1.39637,1.39659,4.50,1.31
2017.01.11 03:46:54.272,1.39637,1.39659,3.75,1.56
2017.01.11 03:46:55.259,1.39637,1.39658,2.25,1.00
2017.01.11 03:46:55.702,1.39638,1.39659,1.37,1.69
2017.01.11 03:46:56.566,1.39638,1.3966,3.00,1.56
2017.01.11 03:46:58.208,1.39639,1.3966,1.50,1.94
2017.01.11 03:46:58.657,1.39639,1.39661,1.87,2.00
2017.01.11 03:46:59.064,1.39637,1.39658,1.75,1.19
2017.01.11 03:46:59.267,1.39637,1.39658,1.00,1.75
2017.01.11 03:46:59.791,1.39636,1.39657,2.62,1.50
2017.01.11 03:47:01.052,1.39637,1.39657,1.00,1.50
2017.01.11 03:47:01.641,1.39639,1.39659,1.00,1.75
2017.01.11 03:47:04.392,1.39637,1.3966,1.50,3.00
2017.01.11 03:47:04.518,1.39635,1.39658,2.62,1.75
2017.01.11 03:47:05.358,1.39633,1.39656,2.62,1.50
2017.01.11 03:47:06.450,1.39633,1.39656,1.87,2.25
2017.01.11 03:47:06.653,1.39632,1.39653,1.12,1.50
2017.01.11 03:47:06.957,1.39634,1.39655,1.00,2.81
2017.01.11 03:47:07.412,1.39634,1.39655,1.37,1.69
2017.01.11 03:47:12.585,1.39634,1.39655,2.25,1.19
2017.01.11 03:47:13.217,1.39633,1.39655,3.00,1.25
2017.01.11 03:47:13.734,1.39633,1.39654,3.00,1.00
2017.01.11 03:47:13.936,1.39633,1.39655,2.25,1.69
2017.01.11 03:47:17.696,1.3963,1.39653,2.25,4.87
2017.01.11 03:47:17.747,1.39631,1.39652,1.12,1.31
2017.01.11 03:47:17.899,1.39628,1.39651,1.75,1.69
2017.01.11 03:47:18.001,1.39629,1.3965,1.75,1.00
2017.01.11 03:47:18.405,1.39628,1.39648,1.75,1.00
2017.01.11 03:47:18.557,1.39625,1.39646,2.25,1.12
2017.01.11 03:47:18.900,1.39629,1.39649,1.00,2.25
2017.01.11 03:47:19.052,1.39631,1.3965,1.00,1.00
2017.01.11 03:47:19.592,1.39632,1.39652,1.00,1.50
2017.01.11 03:47:23.402,1.39632,1.39653,1.87,1.50
2017.01.11 03:47:23.815,1.39635,1.39655,1.00,1.75
2017.01.11 03:47:24.472,1.39634,1.39656,1.00,2.25
2017.01.11 03:47:25.051,1.39633,1.39656,1.12,2.25
2017.01.11 03:47:25.596,1.39632,1.39655,1.50,2.25
2017.01.11 03:47:26.288,1.39631,1.39653,1.87,1.50
2017.01.11 03:47:26.804,1.39632,1.39654,1.00,1.75
2017.01.11 03:47:28.922,1.39632,1.39654,1.87,1.50
2017.01.11 03:47:29.437,1.39633,1.39654,1.37,1.12
2017.01.11 03:47:30.243,1.39636,1.39655,1.00,1.37
2017.01.11 03:47:30.344,1.39636,1.39656,1.12,1.50
2017.01.11 03:47:30.850,1.39637,1.39657,1.00,1.87
2017.01.11 03:47:34.118,1.39636,1.39657,1.12,1.37
2017.01.11 03:47:35.013,1.39635,1.39655,1.50,1.50
2017.01.11 03:47:35.165,1.39634,1.39655,1.37,1.87
2017.01.11 03:47:35.802,1.39634,1.39654,1.00,1.75
2017.01.11 03:47:36.375,1.39633,1.39655,1.50,3.00
2017.01.11 03:47:36.577,1.39635,1.39656,1.12,1.50
2017.01.11 03:47:36.697,1.39637,1.39657,1.00,1.87
2017.01.11 03:47:36.798,1.39637,1.39658,1.50,2.25
2017.01.11 03:47:37.304,1.39637,1.3966,1.50,2.25
2017.01.11 03:47:37.417,1.39638,1.39656,1.50,1.00
2017.01.11 03:47:37.468,1.39638,1.39656,1.00,1.37
2017.01.11 03:47:37.620,1.39634,1.39655,1.50,1.87
2017.01.11 03:47:37.777,1.39636,1.39657,3.75,1.31
2017.01.11 03:47:38.081,1.39637,1.39658,3.00,1.19
2017.01.11 03:47:38.550,1.39637,1.39658,1.75,1.00
2017.01.11 03:47:39.099,1.39637,1.3966,2.25,3.00
2017.01.11 03:47:39.469,1.39636,1.39658,3.00,4.87
2017.01.11 03:47:40.005,1.39638,1.39659,1.00,1.50
2017.01.11 03:47:40.426,1.39638,1.39656,1.00,1.50
2017.01.11 03:47:40.528,1.39634,1.39656,1.75,1.87
2017.01.11 03:47:41.044,1.39636,1.39655,1.12,1.00
2017.01.11 03:47:45.585,1.39637,1.39656,1.00,1.12
2017.01.11 03:47:46.003,1.39637,1.39658,2.25,1.12
2017.01.11 03:47:46.833,1.39639,1.39659,1.00,1.50
2017.01.11 03:47:46.884,1.39639,1.39659,1.37,1.12
2017.01.11 03:47:47.136,1.39637,1.39658,3.00,1.00
2017.01.11 03:47:47.945,1.39641,1.39659,1.00,1.12
2017.01.11 03:47:48.259,1.39638,1.39657,1.75,1.00
2017.01.11 03:47:48.768,1.39639,1.3966,1.87,2.81
2017.01.11 03:47:48.869,1.3964,1.3966,1.87,1.25
2017.01.11 03:47:49.393,1.39642,1.39662,1.00,2.44
2017.01.11 03:47:55.232,1.39641,1.39662,1.87,1.31
2017.01.11 03:48:00.320,1.39642,1.39662,1.00,2.06
2017.01.11 03:48:00.713,1.39642,1.39662,1.00,2.06
2017.01.11 03:48:01.866,1.39642,1.39663,1.00,4.50
2017.01.11 03:48:02.384,1.39639,1.39659,1.75,1.37
2017.01.11 03:48:02.587,1.39636,1.39655,1.12,1.00
2017.01.11 03:48:03.111,1.39635,1.39657,2.25,3.00
2017.01.11 03:48:04.355,1.39637,1.39658,1.12,1.37
2017.01.11 03:48:04.406,1.39637,1.39658,1.50,1.87
2017.01.11 03:48:04.862,1.39638,1.39658,1.00,2.25
2017.01.11 03:48:05.404,1.39638,1.39657,1.12,1.00
2017.01.11 03:48:07.486,1.39636,1.39658,1.75,2.62
2017.01.11 03:48:07.801,1.39636,1.39657,1.12,1.50
2017.01.11 03:48:08.912,1.39634,1.39655,2.25,1.00
2017.01.11 03:48:09.217,1.39634,1.39656,2.62,1.75
2017.01.11 03:48:09.318,1.39634,1.39656,4.50,1.12
2017.01.11 03:48:09.665,1.39634,1.39654,1.37,1.50
2017.01.11 03:48:09.716,1.39632,1.39654,1.75,1.87
2017.01.11 03:48:10.391,1.39632,1.39653,1.75,1.00
2017.01.11 03:48:12.499,1.39632,1.39654,1.75,1.87
2017.01.11 03:48:13.175,1.39632,1.39653,1.75,1.00
2017.01.11 03:48:14.602,1.39632,1.39652,1.75,1.00
2017.01.11 03:48:14.697,1.39631,1.39652,1.50,3.00
2017.01.11 03:48:14.799,1.39629,1.39649,2.25,1.00
2017.01.11 03:48:14.900,1.39628,1.39649,1.50,1.00
2017.01.11 03:48:15.052,1.39627,1.39647,1.37,1.00
2017.01.11 03:48:15.103,1.39627,1.39649,1.87,1.75
2017.01.11 03:48:15.205,1.39627,1.39649,2.25,1.12
2017.01.11 03:48:15.754,1.39627,1.39648,3.00,1.00
2017.01.11 03:48:16.259,1.39629,1.39649,2.62,1.12
2017.01.11 03:48:17.620,1.39631,1.3965,1.00,1.50
2017.01.11 03:48:17.822,1.39632,1.39651,1.00,1.12
2017.01.11 03:48:18.446,1.39634,1.39652,1.00,1.50
2017.01.11 03:48:18.649,1.39634,1.39656,3.00,2.25
2017.01.11 03:48:18.750,1.39634,1.39656,1.50,1.87
2017.01.11 03:48:19.852,1.39634,1.39655,2.25,1.00
2017.01.11 03:48:20.853,1.39634,1.39656,2.25,2.62
2017.01.11 03:48:25.547,1.39634,1.39655,1.50,1.50
2017.01.11 03:48:26.081,1.39634,1.39656,2.25,1.12
2017.01.11 03:48:35.830,1.39635,1.39655,1.87,1.00
2017.01.11 03:48:36.627,1.39635,1.39656,1.37,1.12
2017.01.11 03:48:39.373,1.39635,1.39656,1.75,1.00
2017.01.11 03:48:41.117,1.39637,1.39657,1.12,1.12
2017.01.11 03:48:41.468,1.39636,1.39658,1.50,1.87
2017.01.11 03:48:41.795,1.39635,1.39656,2.25,1.00
2017.01.11 03:48:43.602,1.39635,1.39657,1.75,1.12
2017.01.11 03:48:44.222,1.39635,1.39656,1.75,1.00
2017.01.11 03:48:47.801,1.39634,1.39655,1.75,1.00
2017.01.11 03:48:48.289,1.39632,1.39655,1.87,1.50
2017.01.11 03:48:48.826,1.39632,1.39652,1.87,1.00
2017.01.11 03:48:49.347,1.39632,1.39653,1.87,1.12
2017.01.11 03:49:04.524,1.39632,1.39654,1.75,1.12
2017.01.11 03:49:10.139,1.39632,1.39655,2.62,1.00
2017.01.11 03:49:10.426,1.39631,1.39655,3.00,3.00
2017.01.11 03:49:25.445,1.39631,1.39653,1.50,1.50
2017.01.11 03:49:28.718,1.39633,1.39653,1.00,1.50
2017.01.11 03:49:29.044,1.39633,1.39654,1.75,1.00
2017.01.11 03:49:30.846,1.39633,1.39655,1.87,1.50
2017.01.11 03:49:31.743,1.39634,1.39654,1.50,1.00
2017.01.11 03:49:35.725,1.39634,1.39655,1.50,1.00
2017.01.11 03:49:36.029,1.39631,1.39653,2.25,1.00
2017.01.11 03:49:36.181,1.39631,1.39652,2.25,1.12
2017.01.11 03:49:43.490,1.39633,1.39653,1.00,1.50
2017.01.11 03:49:43.591,1.39634,1.39655,2.62,1.50
2017.01.11 03:49:43.743,1.39634,1.39655,2.62,1.12
2017.01.11 03:49:44.513,1.39634,1.39656,3.00,1.12
2017.01.11 03:49:47.341,1.39638,1.39658,1.00,1.75
2017.01.11 03:49:48.039,1.39639,1.39659,1.00,1.12
2017.01.11 03:49:48.090,1.39638,1.3966,2.25,1.87
2017.01.11 03:49:48.242,1.3964,1.39661,1.50,1.12
2017.01.11 03:49:48.747,1.3964,1.3966,1.50,1.00
2017.01.11 03:49:49.280,1.39638,1.39659,2.25,1.00
2017.01.11 03:49:49.332,1.39638,1.39657,2.25,1.00
2017.01.11 03:49:49.713,1.39638,1.39659,1.75,1.00
2017.01.11 03:49:50.683,1.39638,1.39659,1.50,1.12
2017.01.11 03:49:54.400,1.39635,1.39659,2.25,2.25
2017.01.11 03:49:54.703,1.39634,1.39655,1.12,1.50
2017.01.11 03:49:55.007,1.39637,1.39659,1.50,2.25
2017.01.11 03:49:55.310,1.3964,1.39662,1.00,2.25
2017.01.11 03:49:55.412,1.3964,1.39662,1.37,1.87
2017.01.11 03:49:55.693,1.3964,1.39663,2.25,1.87
2017.01.11 03:49:55.997,1.3964,1.39661,2.25,1.00
2017.01.11 03:49:56.098,1.39641,1.39662,1.00,1.50
2017.01.11 03:49:56.616,1.3964,1.39662,1.87,1.50
2017.01.11 03:49:57.630,1.39642,1.39663,1.00,1.75
2017.01.11 03:49:57.682,1.39642,1.39663,1.50,1.00
2017.01.11 03:49:57.834,1.39644,1.39664,1.00,1.12
2017.01.11 03:49:58.139,1.39649,1.3967,1.00,1.87
2017.01.11 03:49:58.915,1.39649,1.39668,1.00,1.00
2017.01.11 03:49:59.897,1.39649,1.39669,1.00,1.87
2017.01.11 03:50:00.438,1.39648,1.39669,1.00,1.12
2017.01.11 03:50:00.763,1.39652,1.39669,1.00,1.00
2017.01.11 03:50:00.814,1.39652,1.39672,1.00,1.50
2017.01.11 03:50:01.016,1.3965,1.39672,1.50,1.75
2017.01.11 03:50:01.118,1.3965,1.3967,1.00,1.31
2017.01.11 03:50:01.665,1.39647,1.39668,1.75,1.25
2017.01.11 03:50:02.813,1.39647,1.39667,1.75,1.00
2017.01.11 03:50:03.116,1.39647,1.39669,1.75,1.50
2017.01.11 03:50:03.732,1.39647,1.39668,1.75,1.00
2017.01.11 03:50:04.242,1.39648,1.39667,1.75,1.00
2017.01.11 03:50:04.755,1.39648,1.39668,1.75,1.00
2017.01.11 03:50:05.098,1.39648,1.39666,1.12,1.00
2017.01.11 03:50:05.872,1.39647,1.39664,1.50,1.00
2017.01.11 03:50:06.125,1.39645,1.39664,1.50,1.00
2017.01.11 03:50:06.328,1.39641,1.39664,3.00,1.87
2017.01.11 03:50:06.480,1.39641,1.39662,3.00,1.00
2017.01.11 03:50:06.756,1.39641,1.39664,2.25,2.62
2017.01.11 03:50:06.807,1.39641,1.39661,2.25,1.00
2017.01.11 03:50:06.908,1.39642,1.39661,1.75,1.50
2017.01.11 03:50:06.960,1.39639,1.39659,1.75,1.00
2017.01.11 03:50:07.132,1.39639,1.39659,1.75,1.00
2017.01.11 03:50:15.554,1.39643,1.39661,1.50,1.00
2017.01.11 03:50:15.605,1.39644,1.39663,1.12,1.00
2017.01.11 03:50:15.706,1.39646,1.39663,1.00,1.00
2017.01.11 03:50:16.010,1.39647,1.39665,1.00,1.00
2017.01.11 03:50:16.213,1.3965,1.39669,1.00,1.12
2017.01.11 03:50:16.415,1.39652,1.39671,1.12,1.00
2017.01.11 03:50:16.801,1.39656,1.39673,1.00,1.87
2017.01.11 03:50:17.131,1.39651,1.39669,1.75,1.00
2017.01.11 03:50:17.660,1.39652,1.3967,1.50,1.00
2017.01.11 03:50:18.286,1.39653,1.39669,1.12,1.00
2017.01.11 03:50:20.828,1.39654,1.3967,1.00,1.00
2017.01.11 03:50:21.740,1.39655,1.3967,1.00,1.00
2017.01.11 03:50:21.931,1.39655,1.39672,1.00,1.00
2017.01.11 03:50:22.083,1.39655,1.39674,1.50,1.00
2017.01.11 03:50:22.336,1.39659,1.39674,1.00,1.00
2017.01.11 03:50:22.841,1.39659,1.39675,1.00,1.00
2017.01.11 03:50:23.212,1.39659,1.39677,1.87,1.00
2017.01.11 03:50:23.392,1.39661,1.3968,1.00,1.12
2017.01.11 03:50:23.443,1.39664,1.3968,1.00,1.00
2017.01.11 03:50:23.647,1.3966,1.39677,1.12,1.00
2017.01.11 03:50:24.150,1.3966,1.39676,1.00,1.00
2017.01.11 03:50:24.817,1.39661,1.39678,1.00,3.00
2017.01.11 03:50:25.345,1.39661,1.39677,1.00,1.00
2017.01.11 03:50:25.700,1.39662,1.39679,1.00,1.00
2017.01.11 03:50:26.056,1.39664,1.39679,1.00,1.00
2017.01.11 03:50:26.531,1.39664,1.39682,1.00,1.00
2017.01.11 03:50:27.095,1.39664,1.39681,1.00,1.00
2017.01.11 03:50:27.624,1.39665,1.39682,1.00,1.50
2017.01.11 03:50:29.580,1.39663,1.39682,1.12,1.00
2017.01.11 03:50:29.630,1.39663,1.39682,1.00,1.87
2017.01.11 03:50:29.934,1.39661,1.3968,1.00,1.12
2017.01.11 03:50:30.536,1.39662,1.39682,1.00,2.25
2017.01.11 03:50:31.524,1.39662,1.39679,1.00,1.00
2017.01.11 03:50:32.692,1.39662,1.3968,1.00,1.12
2017.01.11 03:50:37.762,1.39661,1.3968,1.00,1.12
2017.01.11 03:50:39.774,1.39661,1.39679,1.00,1.00
2017.01.11 03:50:40.456,1.39661,1.39678,1.00,1.00
2017.01.11 03:50:40.558,1.39658,1.39678,1.50,1.75
2017.01.11 03:50:40.659,1.3966,1.39678,1.00,1.75
2017.01.11 03:50:40.761,1.3966,1.39678,1.00,1.00
2017.01.11 03:50:41.753,1.3966,1.39679,1.00,1.12
2017.01.11 03:50:43.474,1.3966,1.39678,1.00,1.00
2017.01.11 03:50:43.879,1.39662,1.3968,1.12,1.00
2017.01.11 03:50:44.132,1.39663,1.39682,1.50,1.50
2017.01.11 03:50:44.637,1.39663,1.39681,1.50,1.00
2017.01.11 03:50:45.241,1.39663,1.39682,1.00,1.12
2017.01.11 03:50:48.892,1.39664,1.39683,1.12,1.37
2017.01.11 03:50:49.407,1.39663,1.39681,1.00,1.00
2017.01.11 03:50:51.053,1.39663,1.3968,1.00,1.00
2017.01.11 03:50:55.387,1.39663,1.39681,1.00,1.00
2017.01.11 03:50:56.413,1.39663,1.39682,1.37,1.12
2017.01.11 03:50:57.478,1.39664,1.39681,1.00,1.00
2017.01.11 03:50:59.267,1.39664,1.39682,1.00,1.00
2017.01.11 03:50:59.815,1.39664,1.39683,1.00,1.87
2017.01.11 03:51:00.365,1.39664,1.39682,1.00,1.00
2017.01.11 03:51:01.185,1.39664,1.39681,1.00,1.00
2017.01.11 03:51:03.613,1.39665,1.39682,1.00,1.00
2017.01.11 03:51:03.869,1.39668,1.39683,1.00,1.00
2017.01.11 03:51:03.920,1.39668,1.39685,1.50,1.50
2017.01.11 03:51:04.275,1.39666,1.39684,1.12,1.50
2017.01.11 03:51:04.804,1.39666,1.39683,1.00,1.00
2017.01.11 03:51:06.709,1.39667,1.39683,1.00,1.00
2017.01.11 03:51:14.371,1.39667,1.39685,1.00,1.12
2017.01.11 03:51:14.523,1.39669,1.39686,1.00,1.00
2017.01.11 03:51:15.029,1.3967,1.39686,1.00,1.00
2017.01.11 03:51:16.816,1.3967,1.39685,1.00,1.00
2017.01.11 03:51:17.133,1.39669,1.39687,1.00,2.25
2017.01.11 03:51:17.675,1.3967,1.39687,1.00,1.50
2017.01.11 03:51:18.916,1.3967,1.39686,1.00,1.00
2017.01.11 03:51:19.770,1.3967,1.39687,1.00,2.25
2017.01.11 03:51:20.276,1.39671,1.39687,1.00,1.00
2017.01.11 03:51:23.660,1.3967,1.39687,1.00,1.12
2017.01.11 03:51:23.914,1.39672,1.39688,1.00,1.00
2017.01.11 03:51:24.513,1.39671,1.39688,1.00,1.00
2017.01.11 03:51:25.114,1.39671,1.39687,1.00,1.00
2017.01.11 03:51:26.544,1.39671,1.39688,1.00,1.00
2017.01.11 03:51:26.847,1.39673,1.39688,1.00,1.00
2017.01.11 03:51:27.842,1.39671,1.39688,1.00,1.00
2017.01.11 03:51:28.393,1.39672,1.39689,1.00,1.87
2017.01.11 03:51:28.995,1.39672,1.39687,1.00,1.00
2017.01.11 03:51:29.643,1.39671,1.39688,1.00,1.00
2017.01.11 03:51:30.234,1.39671,1.39687,1.00,1.00
2017.01.11 03:51:32.910,1.39671,1.39689,1.00,1.12
2017.01.11 03:51:32.961,1.39674,1.39692,1.00,1.75
2017.01.11 03:51:33.063,1.39675,1.39693,1.00,1.75
2017.01.11 03:51:33.164,1.39675,1.39693,1.00,1.12
2017.01.11 03:51:33.265,1.39677,1.39693,1.00,1.00
2017.01.11 03:51:33.814,1.39676,1.39694,1.00,1.50
2017.01.11 03:51:40.762,1.39677,1.39693,1.00,1.00
2017.01.11 03:51:41.304,1.39676,1.39693,1.00,1.00
2017.01.11 03:51:45.124,1.39676,1.39695,1.00,1.87
2017.01.11 03:51:47.622,1.39676,1.39693,1.00,1.00
2017.01.11 03:51:49.034,1.39676,1.39694,1.00,1.00
2017.01.11 03:51:49.337,1.39678,1.39694,1.00,1.00
2017.01.11 03:51:49.869,1.39679,1.39694,1.00,1.00
2017.01.11 03:51:50.398,1.39679,1.39693,1.00,1.00
2017.01.11 03:51:50.529,1.39677,1.39693,1.00,1.00
2017.01.11 03:51:51.060,1.39676,1.39693,1.00,1.00
2017.01.11 03:51:53.806,1.39676,1.39697,2.25,1.50
2017.01.11 03:51:53.908,1.39677,1.39698,1.37,2.25
2017.01.11 03:51:54.215,1.39686,1.39698,1.00,1.00
2017.01.11 03:51:54.266,1.39683,1.397,1.50,1.00
2017.01.11 03:51:54.469,1.39682,1.39699,1.00,1.00
2017.01.11 03:51:54.975,1.39682,1.39698,1.00,1.00
2017.01.11 03:51:55.600,1.39682,1.39699,1.00,1.00
2017.01.11 03:51:56.131,1.39682,1.39698,1.00,1.00
2017.01.11 03:51:58.889,1.39682,1.39699,1.00,1.00
2017.01.11 03:51:59.448,1.39683,1.39699,1.00,1.00
2017.01.11 03:52:01.573,1.39682,1.39697,1.00,1.00
2017.01.11 03:52:01.759,1.39681,1.397,1.87,1.00
2017.01.11 03:52:01.861,1.39684,1.397,1.00,1.00
2017.01.11 03:52:02.064,1.39681,1.397,1.12,1.00
2017.01.11 03:52:02.165,1.39685,1.397,1.00,1.00
2017.01.11 03:52:02.397,1.39683,1.397,1.12,1.50
2017.01.11 03:52:02.807,1.39683,1.39698,1.12,1.00
2017.01.11 03:52:04.502,1.39682,1.39698,1.00,1.00
2017.01.11 03:52:05.038,1.39681,1.39698,1.00,1.00
2017.01.11 03:52:05.830,1.3968,1.39698,1.00,1.00
2017.01.11 03:52:06.341,1.39679,1.39697,1.12,1.00
2017.01.11 03:52:07.400,1.39677,1.39697,1.00,1.50
2017.01.11 03:52:07.787,1.39677,1.39693,1.00,1.00
2017.01.11 03:52:07.990,1.39674,1.39693,1.12,1.00
2017.01.11 03:52:08.898,1.39674,1.39692,1.12,1.00
2017.01.11 03:52:15.137,1.39672,1.39691,2.25,1.00
2017.01.11 03:52:15.188,1.39671,1.39688,1.12,1.00
2017.01.11 03:52:15.289,1.3967,1.3969,2.25,1.00
2017.01.11 03:52:15.801,1.39672,1.39689,1.00,1.12
2017.01.11 03:52:16.004,1.39674,1.39692,1.00,1.75
2017.01.11 03:52:16.105,1.39674,1.39691,1.50,1.00
2017.01.11 03:52:16.207,1.39675,1.39693,1.00,1.12
2017.01.11 03:52:17.893,1.39677,1.39695,1.00,1.75
2017.01.11 03:52:18.096,1.3968,1.39698,1.00,1.12
2017.01.11 03:52:18.341,1.39681,1.397,1.00,1.50
2017.01.11 03:52:18.594,1.39679,1.39696,1.00,1.00
2017.01.11 03:52:18.864,1.39675,1.39693,1.00,1.12
2017.01.11 03:52:19.390,1.39673,1.39692,1.12,1.00
2017.01.11 03:52:19.662,1.39671,1.39691,1.87,1.12
2017.01.11 03:52:19.764,1.39671,1.39689,1.87,1.00
2017.01.11 03:52:20.397,1.3967,1.39689,1.50,1.12
2017.01.11 03:52:21.185,1.39671,1.3969,1.00,1.50
2017.01.11 03:52:21.733,1.39671,1.3969,1.12,1.00
2017.01.11 03:52:27.413,1.3967,1.39689,1.50,1.00
2017.01.11 03:52:27.834,1.39669,1.39689,1.87,1.12
2017.01.11 03:52:28.636,1.39669,1.39689,2.25,1.00
2017.01.11 03:52:29.377,1.39669,1.39688,1.50,1.50
2017.01.11 03:52:29.428,1.39669,1.39686,1.12,1.00
2017.01.11 03:52:30.790,1.39667,1.39685,1.75,1.00
2017.01.11 03:52:31.576,1.39666,1.39683,1.75,1.00
2017.01.11 03:52:31.712,1.39666,1.39683,1.87,1.00
2017.01.11 03:52:32.218,1.39666,1.39682,1.00,1.00
2017.01.11 03:52:32.622,1.39666,1.39684,1.00,1.00
2017.01.11 03:52:33.133,1.39666,1.39685,1.12,1.00
2017.01.11 03:52:33.335,1.39669,1.39686,1.00,1.00
2017.01.11 03:52:33.924,1.3967,1.39687,1.00,1.00
2017.01.11 03:52:34.026,1.39671,1.39689,1.00,1.87
2017.01.11 03:52:34.129,1.39675,1.3969,1.00,1.00
2017.01.11 03:52:34.445,1.39677,1.39694,1.00,2.25
2017.01.11 03:52:34.951,1.39676,1.39693,1.00,1.87
2017.01.11 03:52:35.926,1.39677,1.39695,1.00,1.87
2017.01.11 03:52:36.280,1.39678,1.39693,1.00,1.00
2017.01.11 03:52:36.361,1.39676,1.39693,1.00,1.00
2017.01.11 03:52:36.670,1.39677,1.39695,1.00,2.62
2017.01.11 03:52:36.974,1.39676,1.39693,1.00,1.00
2017.01.11 03:52:37.641,1.39677,1.39693,1.00,1.00
2017.01.11 03:52:37.843,1.39677,1.39695,1.00,1.87
2017.01.11 03:52:38.378,1.39678,1.39696,1.00,1.37
2017.01.11 03:52:38.898,1.39677,1.39696,1.00,1.87
2017.01.11 03:52:40.301,1.39677,1.39694,1.00,1.00
2017.01.11 03:52:40.403,1.39677,1.3969,1.00,1.00
2017.01.11 03:52:40.555,1.39674,1.39689,1.00,1.00
2017.01.11 03:52:40.758,1.39674,1.39691,1.00,1.00
2017.01.11 03:52:41.275,1.39675,1.39691,1.00,1.00
2017.01.11 03:52:41.478,1.39676,1.39694,1.00,1.12
2017.01.11 03:52:41.529,1.39678,1.39694,1.00,1.00
2017.01.11 03:52:42.062,1.39678,1.39695,1.00,1.00
2017.01.11 03:52:45.561,1.39678,1.39694,1.00,1.00
2017.01.11 03:52:47.612,1.39678,1.39695,1.00,1.50
2017.01.11 03:52:49.662,1.39678,1.39693,1.00,1.00
2017.01.11 03:52:50.023,1.39675,1.39692,1.50,1.00
2017.01.11 03:52:50.683,1.39675,1.39692,1.00,1.50
2017.01.11 03:52:51.283,1.39675,1.39692,1.00,1.00
2017.01.11 03:52:51.830,1.39675,1.39691,1.00,1.00
2017.01.11 03:52:52.033,1.39673,1.39691,1.00,1.87
2017.01.11 03:52:52.643,1.39674,1.39691,1.00,1.37
2017.01.11 03:52:53.155,1.39674,1.39689,1.00,1.00
2017.01.11 03:52:54.470,1.39673,1.39689,1.00,1.00
2017.01.11 03:52:55.069,1.39674,1.39689,1.00,1.00
2017.01.11 03:52:56.657,1.39674,1.39688,1.00,1.00
2017.01.11 03:52:57.194,1.39673,1.39688,1.00,1.00
2017.01.11 03:52:58.546,1.39672,1.39689,1.00,1.50
2017.01.11 03:52:59.223,1.39673,1.39689,1.00,1.50
2017.01.11 03:53:03.664,1.39672,1.39688,1.00,1.12
2017.01.11 03:53:04.252,1.39673,1.3969,1.00,1.75
2017.01.11 03:53:05.972,1.39673,1.3969,1.00,1.00
2017.01.11 03:53:07.660,1.39673,1.3969,1.00,2.25
2017.01.11 03:53:17.874,1.39673,1.3969,1.00,1.50
2017.01.11 03:53:19.015,1.39673,1.3969,1.00,2.25
2017.01.11 03:53:19.528,1.39673,1.3969,1.00,1.50
2017.01.11 03:53:20.066,1.39673,1.3969,1.00,1.37
2017.01.11 03:53:21.864,1.39673,1.39688,1.00,1.00
2017.01.11 03:53:22.558,1.39671,1.39689,1.00,1.87
2017.01.11 03:53:22.676,1.39673,1.39689,1.00,1.12
2017.01.11 03:53:26.961,1.39674,1.39689,1.00,1.12
2017.01.11 03:53:27.799,1.39674,1.39691,1.00,1.12
2017.01.11 03:53:28.103,1.39676,1.39692,1.00,1.00
2017.01.11 03:53:28.408,1.39678,1.39695,1.00,1.00
2017.01.11 03:53:28.773,1.39681,1.39697,1.00,1.50
2017.01.11 03:53:29.077,1.39679,1.39692,1.12,1.00
2017.01.11 03:53:29.431,1.39678,1.3969,1.00,1.00
2017.01.11 03:53:29.481,1.39676,1.39692,1.00,1.00
2017.01.11 03:53:29.583,1.39674,1.39689,1.00,1.00
2017.01.11 03:53:30.167,1.39673,1.39689,1.00,1.00
2017.01.11 03:53:32.263,1.39672,1.39689,1.00,1.00
2017.01.11 03:53:33.201,1.39673,1.39689,1.00,1.00
2017.01.11 03:53:37.321,1.39673,1.39688,1.00,1.00
2017.01.11 03:53:45.241,1.39673,1.39693,1.50,1.75
2017.01.11 03:53:45.328,1.39675,1.39693,1.00,2.25
2017.01.11 03:53:45.480,1.39678,1.39696,1.00,1.12
2017.01.11 03:53:45.582,1.3968,1.39697,1.00,2.25
2017.01.11 03:53:46.088,1.39682,1.39696,1.00,1.00
2017.01.11 03:53:46.320,1.39679,1.39696,1.37,1.00
2017.01.11 03:53:46.472,1.39679,1.39694,1.00,1.00
2017.01.11 03:53:47.024,1.39679,1.39695,1.12,1.00
2017.01.11 03:53:47.327,1.39681,1.39697,1.00,1.00
2017.01.11 03:53:47.966,1.39681,1.39696,1.00,1.00
2017.01.11 03:53:50.789,1.3968,1.39695,1.00,1.00
2017.01.11 03:53:51.393,1.3968,1.39696,1.00,1.50
2017.01.11 03:53:51.841,1.39681,1.39699,2.25,1.50
2017.01.11 03:53:51.892,1.39685,1.39701,1.56,1.87
2017.01.11 03:53:52.325,1.39685,1.39703,1.87,1.00
2017.01.11 03:53:52.376,1.39685,1.39705,2.25,1.12
2017.01.11 03:53:52.427,1.3969,1.39702,1.00,1.00
2017.01.11 03:53:52.726,1.39689,1.39704,1.00,1.50
2017.01.11 03:53:52.883,1.39689,1.39699,1.00,1.00
2017.01.11 03:53:52.934,1.39684,1.397,1.50,1.00
2017.01.11 03:53:52.985,1.39684,1.397,1.12,1.00
2017.01.11 03:53:53.630,1.39684,1.397,1.37,1.00
2017.01.11 03:53:53.833,1.39686,1.39702,1.00,1.00
2017.01.11 03:53:54.360,1.39686,1.39703,1.00,1.56
2017.01.11 03:53:54.411,1.39686,1.39703,1.00,1.00
2017.01.11 03:53:54.928,1.39687,1.39703,1.00,1.50
2017.01.11 03:53:55.595,1.39686,1.39702,1.00,1.50
2017.01.11 03:53:56.100,1.39687,1.39703,1.00,2.06
2017.01.11 03:53:56.601,1.39688,1.39703,1.00,1.31
2017.01.11 03:53:56.808,1.39685,1.39701,1.75,1.00
2017.01.11 03:53:56.859,1.39685,1.39702,1.50,1.00
2017.01.11 03:53:56.961,1.39685,1.39702,1.75,1.00
2017.01.11 03:53:57.265,1.39685,1.397,1.75,1.00
2017.01.11 03:53:57.626,1.39686,1.39698,1.75,1.00
2017.01.11 03:53:57.679,1.39686,1.39698,1.00,1.00
2017.01.11 03:53:57.730,1.39684,1.39698,1.12,1.00
2017.01.11 03:53:58.135,1.39685,1.397,1.00,1.00
2017.01.11 03:53:58.186,1.39686,1.39702,1.00,1.31
2017.01.11 03:53:58.338,1.39688,1.39704,1.37,1.00
2017.01.11 03:53:58.853,1.39689,1.39706,1.12,1.50
2017.01.11 03:53:58.903,1.39691,1.39707,1.37,1.00
2017.01.11 03:53:59.251,1.39693,1.39707,1.37,1.00
2017.01.11 03:53:59.405,1.39689,1.39706,1.75,1.00
2017.01.11 03:53:59.456,1.39689,1.39703,1.75,1.00
2017.01.11 03:53:59.661,1.39688,1.39703,1.50,1.00
2017.01.11 03:54:00.182,1.39688,1.39704,1.50,1.00
2017.01.11 03:54:01.516,1.39688,1.39705,1.50,1.50
2017.01.11 03:54:02.094,1.39689,1.39703,1.00,1.00
2017.01.11 03:54:02.145,1.39686,1.39703,1.50,1.00
2017.01.11 03:54:02.839,1.39686,1.39703,1.00,1.00
2017.01.11 03:54:02.940,1.39688,1.39704,1.00,1.87
2017.01.11 03:54:03.244,1.39685,1.397,1.50,1.00
2017.01.11 03:54:03.446,1.39684,1.39699,1.00,1.00
2017.01.11 03:54:04.045,1.39682,1.397,1.50,1.00
2017.01.11 03:54:05.105,1.39682,1.39699,1.50,1.00
2017.01.11 03:54:05.344,1.39681,1.39698,1.00,1.00
2017.01.11 03:54:05.858,1.39685,1.39701,1.00,1.12
2017.01.11 03:54:06.162,1.39688,1.39704,1.00,1.75
2017.01.11 03:54:06.313,1.39688,1.39704,1.00,1.00
2017.01.11 03:54:07.489,1.39688,1.39705,1.00,1.00
2017.01.11 03:54:08.364,1.39688,1.39704,1.00,1.00
2017.01.11 03:54:08.516,1.39688,1.39702,1.00,1.00
2017.01.11 03:54:09.031,1.39688,1.39704,1.00,1.00
2017.01.11 03:54:14.517,1.39688,1.39707,1.00,1.87
2017.01.11 03:54:14.568,1.39689,1.39707,1.00,1.50
2017.01.11 03:54:15.092,1.3969,1.39708,1.00,2.62
2017.01.11 03:54:15.792,1.3969,1.39707,1.00,1.00
2017.01.11 03:54:16.932,1.3969,1.39708,1.00,2.62
2017.01.11 03:54:17.134,1.39692,1.39708,1.00,1.87
2017.01.11 03:54:17.956,1.39693,1.3971,1.00,1.75
2017.01.11 03:54:18.549,1.39691,1.39707,1.00,1.00
2017.01.11 03:54:18.912,1.39691,1.39709,1.00,1.12
2017.01.11 03:54:19.468,1.39691,1.39708,1.00,1.00
2017.01.11 03:54:26.770,1.39692,1.39702,1.00,1.00
2017.01.11 03:54:26.885,1.39688,1.39701,1.00,1.00
2017.01.11 03:54:26.986,1.39686,1.39703,1.87,1.00
2017.01.11 03:54:27.037,1.39686,1.39704,1.87,1.75
2017.01.11 03:54:27.240,1.39689,1.39706,1.50,1.56
2017.01.11 03:54:27.835,1.3969,1.39706,1.00,1.56
2017.01.11 03:54:27.937,1.3969,1.39701,1.00,1.00
2017.01.11 03:54:27.988,1.39686,1.39701,1.50,1.00
2017.01.11 03:54:28.246,1.3969,1.39705,1.00,2.81
2017.01.11 03:54:28.347,1.3969,1.39706,1.00,2.06
2017.01.11 03:54:28.449,1.3969,1.39706,1.00,1.31
2017.01.11 03:54:29.155,1.3969,1.39705,1.00,1.00
2017.01.11 03:54:30.817,1.3969,1.39703,1.00,1.00
2017.01.11 03:54:30.918,1.3969,1.39706,1.00,1.00
2017.01.11 03:54:30.969,1.39691,1.39708,1.00,1.50
2017.01.11 03:54:31.141,1.39691,1.39709,1.00,2.25
2017.01.11 03:54:31.449,1.39693,1.39707,1.00,1.00
2017.01.11 03:54:31.703,1.39686,1.39702,1.37,1.00
2017.01.11 03:54:31.902,1.39687,1.397,1.00,1.00
2017.01.11 03:54:32.055,1.39682,1.39698,1.00,1.00
2017.01.11 03:54:32.107,1.39682,1.39694,1.00,1.00
2017.01.11 03:54:32.209,1.3968,1.39693,1.50,1.00
2017.01.11 03:54:32.422,1.39681,1.39695,1.00,1.00
2017.01.11 03:54:32.574,1.39679,1.39695,1.00,1.00
2017.01.11 03:54:34.958,1.39687,1.39699,1.05,1.37
2017.01.11 03:54:35.010,1.39686,1.397,1.67,1.00
2017.01.11 03:54:35.061,1.3969,1.39703,1.00,1.75
2017.01.11 03:54:35.213,1.3969,1.39703,1.50,1.00
2017.01.11 03:54:35.264,1.3969,1.397,1.50,1.00
2017.01.11 03:54:35.445,1.39688,1.397,1.00,1.00
2017.01.11 03:54:35.530,1.39686,1.39701,1.12,1.00
2017.01.11 03:54:36.431,1.39686,1.39699,1.00,1.00
2017.01.11 03:54:36.823,1.39684,1.397,1.00,1.12
2017.01.11 03:54:37.127,1.39685,1.39701,1.50,1.00
2017.01.11 03:54:39.285,1.39685,1.39699,1.50,1.00
2017.01.11 03:54:40.254,1.39685,1.397,1.50,1.00
2017.01.11 03:54:41.304,1.39685,1.39698,1.50,1.00
2017.01.11 03:54:41.847,1.39684,1.39699,1.87,1.00
2017.01.11 03:54:42.574,1.39683,1.39698,1.87,1.00
2017.01.11 03:54:42.811,1.39686,1.39701,1.50,1.00
2017.01.11 03:54:42.862,1.39686,1.39703,2.25,1.00
2017.01.11 03:54:42.963,1.39689,1.39704,1.56,1.00
2017.01.11 03:54:43.501,1.39691,1.39705,1.00,1.00
2017.01.11 03:54:44.012,1.39689,1.39704,1.37,1.00
2017.01.11 03:54:45.150,1.39689,1.39704,1.00,1.00
2017.01.11 03:54:46.262,1.39689,1.39703,1.00,1.00
2017.01.11 03:54:46.522,1.39688,1.39705,1.50,1.00
2017.01.11 03:54:46.625,1.39692,1.39706,1.00,1.00
2017.01.11 03:54:46.721,1.39692,1.3971,1.00,1.00
2017.01.11 03:54:47.025,1.39694,1.3971,1.00,1.50
2017.01.11 03:54:47.126,1.39692,1.39709,1.50,1.00
2017.01.11 03:54:47.539,1.39689,1.39706,1.69,1.00
2017.01.11 03:54:48.160,1.39689,1.39706,1.12,1.50
2017.01.11 03:54:48.581,1.39691,1.39706,1.00,1.00
2017.01.11 03:54:48.885,1.39686,1.397,1.50,1.00
2017.01.11 03:54:49.291,1.39685,1.39698,1.75,1.00
2017.01.11 03:54:49.342,1.39685,1.39698,1.00,1.00
2017.01.11 03:54:49.393,1.39685,1.39696,1.00,1.00
2017.01.11 03:54:49.494,1.39683,1.39698,1.50,1.00
2017.01.11 03:54:49.555,1.39683,1.39698,1.00,1.00
2017.01.11 03:54:49.984,1.39682,1.39696,1.12,1.00
2017.01.11 03:54:54.609,1.39682,1.39697,1.00,1.00
2017.01.11 03:54:55.113,1.39683,1.39697,1.00,1.00
2017.01.11 03:54:55.226,1.39683,1.39699,1.00,1.00
2017.01.11 03:54:55.733,1.39684,1.39698,1.00,1.00
2017.01.11 03:54:56.473,1.39684,1.397,1.00,1.00
2017.01.11 03:54:56.990,1.39684,1.39699,1.00,1.00
2017.01.11 03:54:58.888,1.39685,1.39699,1.00,1.00
2017.01.11 03:54:59.508,1.39685,1.397,1.00,1.00
2017.01.11 03:55:01.289,1.39684,1.397,1.00,1.00
2017.01.11 03:55:01.831,1.39684,1.39701,1.12,1.00
2017.01.11 03:55:01.943,1.39686,1.39701,1.00,1.00
2017.01.11 03:55:02.981,1.39686,1.397,1.00,1.00
2017.01.11 03:55:03.083,1.39684,1.397,1.50,1.00
2017.01.11 03:55:03.286,1.39686,1.397,1.00,1.00
2017.01.11 03:55:03.449,1.39684,1.397,1.50,1.00
2017.01.11 03:55:03.696,1.39684,1.39702,1.50,1.00
2017.01.11 03:55:04.029,1.39685,1.39702,1.37,1.00
2017.01.11 03:55:04.585,1.39685,1.39702,1.00,1.00
2017.01.11 03:55:04.932,1.39687,1.39701,1.00,1.00
2017.01.11 03:55:08.864,1.39688,1.39704,1.50,1.12
2017.01.11 03:55:09.067,1.39691,1.39705,1.00,1.50
2017.01.11 03:55:09.593,1.39691,1.39705,1.00,1.00
2017.01.11 03:55:11.410,1.39691,1.39706,1.00,1.00
2017.01.11 03:55:11.663,1.39691,1.39708,1.00,1.00
2017.01.11 03:55:12.187,1.39692,1.39708,1.00,1.00
2017.01.11 03:55:14.770,1.3969,1.39708,1.87,1.00
2017.01.11 03:55:15.349,1.39692,1.39708,1.00,1.00
2017.01.11 03:55:18.040,1.39692,1.39706,1.00,1.00
2017.01.11 03:55:18.751,1.39691,1.39706,1.12,1.00
2017.01.11 03:55:19.229,1.39689,1.39706,1.12,1.00
2017.01.11 03:55:19.280,1.39689,1.39704,1.12,1.00
2017.01.11 03:55:19.584,1.39686,1.39699,1.50,1.00
2017.01.11 03:55:19.786,1.39684,1.39701,2.06,1.00
2017.01.11 03:55:19.938,1.39685,1.39702,1.00,1.00
2017.01.11 03:55:22.409,1.39684,1.39702,1.00,1.00
2017.01.11 03:55:22.611,1.39684,1.39699,1.00,1.00
2017.01.11 03:55:23.740,1.39685,1.39699,1.00,1.00
2017.01.11 03:55:24.266,1.39685,1.397,1.50,1.00
2017.01.11 03:55:25.949,1.39686,1.397,1.00,1.00
2017.01.11 03:55:26.052,1.39687,1.39703,1.00,1.00
2017.01.11 03:55:26.104,1.39689,1.39703,1.00,1.00
2017.01.11 03:55:26.206,1.3969,1.39705,1.00,1.00
2017.01.11 03:55:26.409,1.39688,1.39704,1.00,1.00
2017.01.11 03:55:27.107,1.39688,1.39703,1.69,1.00
2017.01.11 03:55:27.259,1.39688,1.39705,1.50,1.00
2017.01.11 03:55:27.836,1.39689,1.39706,1.87,1.00
2017.01.11 03:55:29.343,1.39689,1.39705,1.87,1.00
2017.01.11 03:55:29.998,1.3969,1.39705,1.87,1.00
2017.01.11 03:55:30.535,1.39692,1.39706,1.00,1.00
2017.01.11 03:55:31.043,1.39691,1.39707,1.00,1.00
2017.01.11 03:55:34.682,1.39691,1.39705,1.12,1.00
2017.01.11 03:55:39.413,1.39689,1.39705,1.12,1.00
2017.01.11 03:55:40.197,1.39688,1.39704,1.50,1.00
2017.01.11 03:55:40.745,1.39688,1.39704,2.06,1.00
2017.01.11 03:55:41.825,1.39688,1.39705,2.44,1.00
2017.01.11 03:55:42.212,1.39691,1.39705,1.00,1.00
2017.01.11 03:55:42.743,1.39691,1.39706,1.00,1.00
2017.01.11 03:55:43.139,1.39689,1.39705,1.12,1.00
2017.01.11 03:55:43.242,1.39689,1.39702,1.12,1.00
2017.01.11 03:55:43.445,1.39685,1.397,1.12,1.00
2017.01.11 03:55:44.779,1.39684,1.39699,1.50,1.00
2017.01.11 03:55:45.763,1.39684,1.39697,1.50,1.00
2017.01.11 03:55:45.814,1.39683,1.39699,3.00,1.00
2017.01.11 03:55:46.782,1.39683,1.397,3.00,1.00
2017.01.11 03:55:52.026,1.39686,1.39702,1.00,1.00
2017.01.11 03:55:52.358,1.39687,1.397,1.00,1.00
2017.01.11 03:55:52.510,1.39684,1.397,3.00,1.00
2017.01.11 03:55:52.672,1.39685,1.39702,1.12,1.00
2017.01.11 03:55:53.213,1.39686,1.39702,1.00,1.00
2017.01.11 03:55:53.742,1.39686,1.39701,1.00,1.00
2017.01.11 03:55:56.929,1.39686,1.397,1.00,1.00
2017.01.11 03:55:57.475,1.39684,1.397,3.19,1.00
2017.01.11 03:55:57.727,1.39686,1.39702,1.00,1.00
2017.01.11 03:55:58.326,1.39684,1.39702,2.81,1.00
2017.01.11 03:56:00.158,1.39684,1.39699,2.25,1.00
2017.01.11 03:56:00.431,1.39683,1.39699,1.12,1.00
2017.01.11 03:56:00.684,1.39684,1.397,1.37,1.00
2017.01.11 03:56:00.987,1.39684,1.39702,2.25,1.00
2017.01.11 03:56:01.734,1.39686,1.39696,1.50,1.00
2017.01.11 03:56:02.142,1.39681,1.39695,1.00,1.00
2017.01.11 03:56:02.649,1.39682,1.39696,1.00,1.00
2017.01.11 03:56:05.360,1.39681,1.39696,1.00,1.00
2017.01.11 03:56:05.936,1.39682,1.39696,1.00,1.00
2017.01.11 03:56:07.690,1.39682,1.39695,1.00,1.00
2017.01.11 03:56:11.297,1.39682,1.39696,1.00,1.00
2017.01.11 03:56:12.763,1.39682,1.39694,1.00,1.00
2017.01.11 03:56:12.865,1.39678,1.39694,2.25,1.00
2017.01.11 03:56:13.119,1.39677,1.39693,1.00,1.00
2017.01.11 03:56:13.422,1.39681,1.39698,1.00,1.50
2017.01.11 03:56:13.574,1.39684,1.39699,1.00,1.00
2017.01.11 03:56:14.495,1.39684,1.397,1.00,1.12
2017.01.11 03:56:15.138,1.39684,1.39695,1.00,1.00
2017.01.11 03:56:15.189,1.39681,1.39698,1.50,1.00
2017.01.11 03:56:15.341,1.39678,1.39696,1.75,1.00
2017.01.11 03:56:15.444,1.39678,1.39695,1.12,1.00
2017.01.11 03:56:15.546,1.3968,1.39696,1.50,1.00
2017.01.11 03:56:19.127,1.3968,1.39698,2.25,1.00
2017.01.11 03:56:19.356,1.3968,1.39699,3.00,1.00
2017.01.11 03:56:19.457,1.39682,1.39699,1.12,1.00
2017.01.11 03:56:19.660,1.39683,1.39699,1.50,1.00
2017.01.11 03:56:20.167,1.39683,1.39699,1.00,1.00
2017.01.11 03:56:24.410,1.39683,1.39697,1.00,1.00
2017.01.11 03:56:24.461,1.39681,1.39697,1.00,1.00
2017.01.11 03:56:24.613,1.3968,1.39695,1.00,1.00
2017.01.11 03:56:24.765,1.39677,1.39696,1.00,1.12
2017.01.11 03:56:24.816,1.39677,1.39694,1.00,1.00
2017.01.11 03:56:25.342,1.39678,1.39695,1.00,1.00
2017.01.11 03:56:25.857,1.39677,1.39695,1.00,1.00
2017.01.11 03:56:26.175,1.39679,1.39695,1.00,1.00
2017.01.11 03:56:26.702,1.39677,1.39694,1.50,1.00
2017.01.11 03:56:27.505,1.39679,1.39694,1.00,1.00
2017.01.11 03:56:28.016,1.39677,1.39694,1.50,1.00
2017.01.11 03:56:29.331,1.39677,1.39695,1.50,1.00
2017.01.11 03:56:30.931,1.39677,1.39696,2.25,1.00
2017.01.11 03:56:31.491,1.39679,1.39696,1.00,1.00
2017.01.11 03:56:33.232,1.39677,1.39696,2.25,1.00
2017.01.11 03:56:34.109,1.39677,1.39695,2.25,1.00
2017.01.11 03:56:36.679,1.39677,1.39696,2.25,1.00
2017.01.11 03:56:37.329,1.39679,1.39696,1.00,1.00
2017.01.11 03:56:39.285,1.39679,1.39695,1.00,1.00
2017.01.11 03:56:40.058,1.3968,1.39695,1.00,1.00
2017.01.11 03:56:40.804,1.3968,1.39697,1.00,1.00
2017.01.11 03:56:41.006,1.39682,1.39699,1.00,1.50
2017.01.11 03:56:41.206,1.39685,1.39702,1.87,1.00
2017.01.11 03:56:41.257,1.39685,1.39702,1.75,1.50
2017.01.11 03:56:41.360,1.39686,1.39701,1.12,1.00
2017.01.11 03:56:41.463,1.39684,1.39701,1.12,1.00
2017.01.11 03:56:42.368,1.39682,1.39699,2.25,1.00
2017.01.11 03:56:43.040,1.39684,1.397,1.69,1.00
2017.01.11 03:56:43.193,1.39684,1.39705,1.12,3.00
2017.01.11 03:56:43.396,1.39684,1.39705,1.00,2.25
2017.01.11 03:56:43.699,1.39684,1.39704,1.75,1.00
2017.01.11 03:56:44.579,1.39684,1.39705,1.75,1.50
2017.01.11 03:56:48.642,1.39686,1.39706,1.87,1.87
2017.01.11 03:56:48.945,1.39689,1.39707,1.12,1.50
2017.01.11 03:56:49.483,1.39687,1.39706,2.25,1.00
2017.01.11 03:56:51.405,1.39687,1.39705,1.75,1.00
2017.01.11 03:56:51.506,1.39687,1.39705,1.12,1.50
2017.01.11 03:56:52.011,1.39688,1.39706,1.00,1.00
2017.01.11 03:56:53.584,1.39686,1.39706,3.00,1.00
2017.01.11 03:57:01.587,1.39686,1.39705,1.37,1.00
2017.01.11 03:57:01.955,1.39685,1.39705,1.12,1.12
2017.01.11 03:57:02.329,1.39685,1.39706,2.25,1.00
2017.01.11 03:57:02.632,1.39686,1.39704,1.00,1.00
2017.01.11 03:57:02.935,1.39685,1.39703,1.00,1.50
2017.01.11 03:57:03.313,1.39685,1.39704,1.00,1.12
2017.01.11 03:57:03.364,1.39687,1.39705,1.00,2.25
2017.01.11 03:57:03.517,1.39688,1.39706,1.00,1.12
2017.01.11 03:57:03.670,1.39687,1.39704,2.25,1.00
2017.01.11 03:57:03.973,1.39685,1.39702,1.75,1.00
2017.01.11 03:57:04.024,1.39685,1.39701,1.00,1.00
2017.01.11 03:57:04.530,1.39684,1.397,1.00,1.00
2017.01.11 03:57:04.997,1.39684,1.39702,1.12,1.00
2017.01.11 03:57:05.048,1.39684,1.39704,1.12,1.12
2017.01.11 03:57:05.100,1.39684,1.39704,1.75,1.00
2017.01.11 03:57:05.403,1.39688,1.39703,1.00,1.00
2017.01.11 03:57:08.401,1.39689,1.39703,1.00,1.00
2017.01.11 03:57:08.452,1.39687,1.39704,1.00,1.00
2017.01.11 03:57:09.021,1.39687,1.39703,1.00,1.00
2017.01.11 03:57:09.590,1.39688,1.39703,1.00,1.00
2017.01.11 03:57:09.793,1.39688,1.39706,1.50,1.00
2017.01.11 03:57:09.894,1.39686,1.39704,1.75,1.00
2017.01.11 03:57:09.945,1.39685,1.39704,2.25,1.00
2017.01.11 03:57:10.656,1.39685,1.39704,1.00,1.12
2017.01.11 03:57:11.306,1.39684,1.39703,1.87,1.00
2017.01.11 03:57:11.812,1.39684,1.39702,1.12,1.00
2017.01.11 03:57:16.334,1.39684,1.39703,1.87,1.00
2017.01.11 03:57:16.850,1.39684,1.39704,2.62,1.87
2017.01.11 03:57:17.401,1.39684,1.39703,1.87,1.00
2017.01.11 03:57:18.914,1.39684,1.39701,1.12,1.00
2017.01.11 03:57:19.216,1.3968,1.39698,1.12,1.00
2017.01.11 03:57:19.368,1.39683,1.397,1.00,1.00
2017.01.11 03:57:20.053,1.39683,1.39701,1.00,1.00
2017.01.11 03:57:21.625,1.39681,1.397,3.00,1.00
2017.01.11 03:57:22.437,1.3968,1.39699,2.44,1.00
2017.01.11 03:57:23.209,1.39679,1.39698,3.19,1.00
2017.01.11 03:57:23.753,1.3968,1.39699,2.25,1.00
2017.01.11 03:57:24.027,1.39682,1.39701,2.25,1.00
2017.01.11 03:57:24.813,1.39684,1.39701,1.12,1.00
2017.01.11 03:57:26.512,1.39683,1.39702,1.50,1.00
2017.01.11 03:57:27.652,1.39682,1.397,1.75,1.00
2017.01.11 03:57:27.855,1.39681,1.397,2.62,1.00
2017.01.11 03:57:28.610,1.39681,1.39699,1.12,1.00
2017.01.11 03:57:29.814,1.39681,1.39697,1.12,1.00
2017.01.11 03:57:30.068,1.39678,1.39695,1.00,1.00
2017.01.11 03:57:30.120,1.3968,1.39696,1.00,1.00
2017.01.11 03:57:30.425,1.39684,1.39702,1.00,1.75
2017.01.11 03:57:30.476,1.39684,1.39702,1.50,1.50
2017.01.11 03:57:30.624,1.39684,1.39704,1.87,1.00
2017.01.11 03:57:31.118,1.39685,1.39702,1.00,1.00
2017.01.11 03:57:31.423,1.39683,1.397,1.50,1.00
2017.01.11 03:57:31.474,1.39682,1.397,1.00,1.00
2017.01.11 03:57:31.830,1.3968,1.39696,1.50,1.00
2017.01.11 03:57:31.881,1.39678,1.39696,1.12,1.00
2017.01.11 03:57:33.710,1.39676,1.39697,3.00,1.00
2017.01.11 03:57:37.203,1.39676,1.39696,2.25,1.50
2017.01.11 03:57:37.607,1.39676,1.39697,1.87,2.25
2017.01.11 03:57:38.139,1.39677,1.39698,1.00,2.25
2017.01.11 03:57:40.952,1.39678,1.39698,1.00,1.37
2017.01.11 03:57:41.003,1.39678,1.39699,1.12,1.50
2017.01.11 03:57:41.053,1.3968,1.39699,1.00,1.50
2017.01.11 03:57:41.205,1.3968,1.397,1.87,1.00
2017.01.11 03:57:41.256,1.39682,1.397,1.00,1.00
2017.01.11 03:57:41.579,1.39679,1.39698,2.25,1.00
2017.01.11 03:57:42.084,1.39679,1.39698,1.00,1.12
2017.01.11 03:57:44.634,1.39679,1.39697,1.00,1.00
2017.01.11 03:57:45.165,1.39677,1.39697,2.25,1.00
2017.01.11 03:57:47.799,1.39678,1.39696,1.12,1.00
2017.01.11 03:57:48.305,1.39679,1.39697,1.00,1.00
2017.01.11 03:57:48.643,1.39679,1.39695,1.00,1.00
2017.01.11 03:57:49.180,1.39677,1.39695,2.25,1.00
2017.01.11 03:57:51.399,1.39675,1.39694,1.75,1.00
2017.01.11 03:57:51.703,1.39674,1.39694,1.75,1.00
2017.01.11 03:57:51.805,1.39676,1.39696,1.12,1.87
2017.01.11 03:57:51.906,1.39679,1.39698,1.00,2.81
2017.01.11 03:57:54.737,1.39679,1.39697,1.00,1.00
2017.01.11 03:57:55.941,1.39679,1.39698,1.00,1.12
2017.01.11 03:57:57.176,1.39678,1.39698,1.12,1.12
2017.01.11 03:57:58.946,1.39679,1.39698,1.00,1.12
2017.01.11 03:57:59.481,1.39679,1.39698,1.50,1.00
2017.01.11 03:58:00.966,1.3968,1.39699,1.12,1.00
2017.01.11 03:58:01.320,1.3968,1.39697,1.12,1.00
2017.01.11 03:58:02.630,1.3968,1.39698,1.12,1.00
2017.01.11 03:58:05.552,1.39679,1.39697,1.50,1.00
2017.01.11 03:58:05.654,1.39679,1.39699,1.50,1.00
2017.01.11 03:58:05.705,1.39677,1.39693,1.75,1.00
2017.01.11 03:58:05.891,1.39676,1.39696,1.37,1.37
2017.01.11 03:58:06.053,1.39675,1.39696,1.75,1.00
2017.01.11 03:58:06.380,1.39675,1.39693,1.75,1.00
2017.01.11 03:58:06.431,1.39675,1.39693,1.12,1.00
2017.01.11 03:58:07.169,1.39674,1.39691,1.00,1.00
2017.01.11 03:58:07.693,1.39674,1.39692,1.00,1.00
2017.01.11 03:58:08.369,1.39673,1.39692,1.12,1.00
2017.01.11 03:58:11.542,1.39673,1.39692,1.00,1.50
2017.01.11 03:58:11.846,1.39674,1.39695,1.12,1.50
2017.01.11 03:58:11.898,1.39678,1.39696,1.00,2.25
2017.01.11 03:58:12.154,1.39678,1.39698,1.00,1.50
2017.01.11 03:58:12.205,1.39682,1.397,1.00,1.75
2017.01.11 03:58:12.357,1.39682,1.39701,1.50,1.12
2017.01.11 03:58:12.510,1.39681,1.39698,1.12,1.00
2017.01.11 03:58:13.015,1.39681,1.39699,1.12,1.00
2017.01.11 03:58:13.616,1.3968,1.39697,1.50,1.00
2017.01.11 03:58:13.717,1.39679,1.39697,1.87,1.00
2017.01.11 03:58:15.143,1.39679,1.39696,1.12,1.00
2017.01.11 03:58:15.295,1.3968,1.39698,1.00,1.00
2017.01.11 03:58:15.598,1.3968,1.397,2.25,1.50
2017.01.11 03:58:15.649,1.3968,1.39696,2.25,1.00
2017.01.11 03:58:15.802,1.39678,1.39696,1.00,1.12
2017.01.11 03:58:16.312,1.39678,1.39695,1.00,1.00
2017.01.11 03:58:16.864,1.39677,1.39694,1.00,1.00
2017.01.11 03:58:17.016,1.39674,1.39691,1.75,1.00
2017.01.11 03:58:17.118,1.39673,1.39693,1.37,1.00
2017.01.11 03:58:17.169,1.39673,1.39693,1.12,1.12
2017.01.11 03:58:17.422,1.39675,1.39693,1.00,1.12
2017.01.11 03:58:19.321,1.39674,1.39693,1.75,1.00
2017.01.11 03:58:19.835,1.39674,1.39692,1.50,1.00
2017.01.11 03:58:20.676,1.39674,1.39691,2.25,1.00
2017.01.11 03:58:20.777,1.39672,1.39693,1.75,1.00
2017.01.11 03:58:20.957,1.39673,1.39693,1.00,1.00
2017.01.11 03:58:21.469,1.39672,1.39692,1.12,1.00
2017.01.11 03:58:22.254,1.39673,1.39692,1.00,1.00
2017.01.11 03:58:22.713,1.3967,1.39689,2.25,1.00
2017.01.11 03:58:23.021,1.39671,1.39687,1.00,1.00
2017.01.11 03:58:23.324,1.39676,1.39693,1.00,1.00
2017.01.11 03:58:23.871,1.39674,1.39693,1.50,1.00
2017.01.11 03:58:25.574,1.39673,1.39693,1.87,1.12
2017.01.11 03:58:27.534,1.39673,1.39692,1.12,1.00
2017.01.11 03:58:36.342,1.39672,1.39693,1.50,1.87
2017.01.11 03:58:36.898,1.39672,1.39692,1.00,1.50
2017.01.11 03:58:37.195,1.39674,1.39693,1.00,1.50
2017.01.11 03:58:37.743,1.39674,1.39692,1.00,1.00
2017.01.11 03:58:41.157,1.39674,1.39693,1.00,1.12
2017.01.11 03:58:41.684,1.39673,1.39693,1.12,1.12
2017.01.11 03:58:41.998,1.39674,1.39695,1.50,1.50
2017.01.11 03:58:42.568,1.39676,1.39696,1.00,1.12
2017.01.11 03:58:43.889,1.39676,1.39696,1.37,1.00
2017.01.11 03:58:48.960,1.39676,1.39694,1.37,1.00
2017.01.11 03:58:49.213,1.39674,1.39693,1.50,1.00
2017.01.11 03:58:49.520,1.39673,1.39691,2.25,1.00
2017.01.11 03:58:49.927,1.39669,1.39688,2.25,1.00
2017.01.11 03:58:50.080,1.39671,1.3969,1.00,1.12
2017.01.11 03:58:50.132,1.39673,1.3969,1.00,1.12
2017.01.11 03:58:50.183,1.39669,1.3969,2.25,1.12
2017.01.11 03:58:50.436,1.39669,1.39687,1.50,1.00
2017.01.11 03:58:50.769,1.39667,1.39685,1.75,1.00
2017.01.11 03:58:50.933,1.39663,1.39683,1.37,1.37
2017.01.11 03:58:51.088,1.39662,1.39682,1.87,1.37
2017.01.11 03:58:51.190,1.39667,1.39685,1.50,1.75
2017.01.11 03:58:51.241,1.39664,1.39682,1.00,1.50
2017.01.11 03:58:51.343,1.39668,1.39686,1.00,1.75
2017.01.11 03:58:51.496,1.39669,1.39688,1.12,1.37
2017.01.11 03:58:51.751,1.39667,1.39685,1.87,1.00
2017.01.11 03:58:51.853,1.39666,1.39686,1.87,1.12
2017.01.11 03:58:51.904,1.39666,1.39686,1.50,1.37
2017.01.11 03:58:52.210,1.39665,1.39684,1.00,1.37
2017.01.11 03:58:52.463,1.39663,1.39683,1.00,1.75
2017.01.11 03:58:52.767,1.39663,1.39684,2.62,1.50
2017.01.11 03:58:52.818,1.39663,1.3968,1.12,1.00
2017.01.11 03:58:52.970,1.39659,1.39679,1.87,1.12
2017.01.11 03:58:53.122,1.39659,1.39678,1.00,1.37
2017.01.11 03:58:53.792,1.39658,1.39678,1.50,1.75
2017.01.11 03:58:54.096,1.39659,1.39679,1.00,2.25
2017.01.11 03:58:54.349,1.39661,1.3968,1.00,1.50
2017.01.11 03:58:54.602,1.39661,1.39682,1.37,1.50
2017.01.11 03:58:54.704,1.39665,1.39683,1.00,1.37
2017.01.11 03:58:54.805,1.39665,1.39685,1.37,2.62
2017.01.11 03:58:54.907,1.3967,1.39688,1.00,3.00
2017.01.11 03:58:55.101,1.39672,1.39691,1.00,1.87
2017.01.11 03:58:55.153,1.39669,1.3969,1.50,1.37
2017.01.11 03:58:55.255,1.39667,1.39687,1.75,1.00
2017.01.11 03:58:55.407,1.39666,1.39686,1.00,1.37
2017.01.11 03:58:55.944,1.39665,1.39685,1.87,1.12
2017.01.11 03:58:56.475,1.39666,1.39686,1.00,1.37
2017.01.11 03:58:57.010,1.39665,1.39685,1.12,1.12
2017.01.11 03:58:57.223,1.39667,1.39687,1.00,2.25
2017.01.11 03:58:57.678,1.39664,1.39684,1.12,1.12
2017.01.11 03:58:59.516,1.39664,1.39683,1.12,1.00
2017.01.11 03:59:01.693,1.39664,1.39682,1.12,1.00
2017.01.11 03:59:02.231,1.39665,1.39682,1.00,1.00
2017.01.11 03:59:02.762,1.39663,1.39681,1.50,1.00
2017.01.11 03:59:03.039,1.39662,1.39681,1.00,1.50
2017.01.11 03:59:03.601,1.39661,1.3968,1.50,1.12
2017.01.11 03:59:06.892,1.39661,1.39678,1.00,1.00
2017.01.11 03:59:07.398,1.39659,1.39678,1.50,1.00
2017.01.11 03:59:08.004,1.3966,1.39679,1.12,1.50
2017.01.11 03:59:08.310,1.39664,1.3968,1.00,1.62
2017.01.11 03:59:08.412,1.39664,1.3968,1.00,1.25
2017.01.11 03:59:11.552,1.39664,1.39681,1.00,2.06
2017.01.11 03:59:12.076,1.39664,1.39681,1.00,1.50
2017.01.11 03:59:12.278,1.39662,1.39681,2.25,1.50
2017.01.11 03:59:12.822,1.39663,1.39681,1.00,1.50
2017.01.11 03:59:13.572,1.39663,1.39681,1.00,2.06
2017.01.11 03:59:15.078,1.39663,1.3968,1.00,1.25
2017.01.11 03:59:16.019,1.39662,1.3968,1.00,1.25
2017.01.11 03:59:16.523,1.39661,1.39681,1.00,1.50
2017.01.11 03:59:17.188,1.3966,1.39681,1.87,1.50
2017.01.11 03:59:18.759,1.39661,1.39681,1.00,1.00
2017.01.11 03:59:18.911,1.39661,1.39683,1.00,1.00
2017.01.11 03:59:19.013,1.39663,1.39682,1.00,1.00
2017.01.11 03:59:19.542,1.39662,1.39682,1.50,1.00
2017.01.11 03:59:20.146,1.39661,1.39682,1.50,1.00
2017.01.11 03:59:20.716,1.39662,1.39682,1.00,1.00
2017.01.11 03:59:21.442,1.39661,1.39682,1.50,1.00
2017.01.11 03:59:21.945,1.39662,1.39682,1.00,1.00
2017.01.11 03:59:22.528,1.39663,1.39682,1.00,1.00
2017.01.11 03:59:26.332,1.39663,1.39683,1.00,1.00
2017.01.11 03:59:26.689,1.39662,1.3968,1.50,1.00
2017.01.11 03:59:26.892,1.39661,1.3968,2.62,1.00
2017.01.11 03:59:27.407,1.39661,1.39679,1.00,1.00
2017.01.11 03:59:27.943,1.39661,1.3968,1.00,1.00
2017.01.11 03:59:28.688,1.39661,1.39681,1.00,1.00
2017.01.11 03:59:29.201,1.39662,1.39681,1.00,1.00
2017.01.11 03:59:30.333,1.39661,1.39681,1.00,1.00
2017.01.11 03:59:30.848,1.39662,1.39681,1.00,1.00
2017.01.11 03:59:31.456,1.3966,1.3968,3.00,1.00
2017.01.11 03:59:32.019,1.39662,1.39681,1.00,1.00
2017.01.11 03:59:32.606,1.39661,1.39681,1.87,1.00
2017.01.11 03:59:33.605,1.39662,1.39681,1.00,1.00
2017.01.11 03:59:34.245,1.39661,1.39681,1.87,1.00
2017.01.11 03:59:35.369,1.39662,1.39682,1.00,1.00
2017.01.11 03:59:35.874,1.39663,1.39683,1.00,1.00
2017.01.11 03:59:36.715,1.39663,1.39682,1.00,1.00
2017.01.11 03:59:36.817,1.39665,1.39683,1.00,1.00
2017.01.11 03:59:36.918,1.39665,1.39685,2.25,1.12
2017.01.11 03:59:37.020,1.39667,1.39684,1.00,1.00
2017.01.11 03:59:37.172,1.39666,1.39687,1.00,1.00
2017.01.11 03:59:37.767,1.39665,1.39686,1.87,1.50
2017.01.11 03:59:38.370,1.39666,1.39686,1.00,1.50
2017.01.11 03:59:39.211,1.39666,1.39685,1.00,1.00
2017.01.11 03:59:39.515,1.39664,1.39684,1.87,1.50
2017.01.11 03:59:39.691,1.39661,1.39683,1.00,1.12
2017.01.11 03:59:40.199,1.39662,1.39682,1.00,1.00
2017.01.11 03:59:40.712,1.39661,1.39681,1.12,1.00
2017.01.11 03:59:41.984,1.39661,1.3968,1.00,1.00
2017.01.11 03:59:42.086,1.39659,1.39679,1.50,1.00
2017.01.11 03:59:42.440,1.39657,1.39677,2.25,1.00
2017.01.11 03:59:43.001,1.39657,1.39677,1.00,1.00
2017.01.11 03:59:43.507,1.39657,1.39678,1.50,1.00
2017.01.11 03:59:44.507,1.39658,1.39678,1.00,1.00
2017.01.11 03:59:46.138,1.39657,1.39676,1.37,1.00
2017.01.11 03:59:47.338,1.39657,1.39677,1.00,1.00
2017.01.11 03:59:47.594,1.39658,1.39679,1.12,1.00
2017.01.11 03:59:47.847,1.39656,1.39678,1.12,1.50
2017.01.11 03:59:48.050,1.39656,1.39676,1.12,1.00
2017.01.11 03:59:49.346,1.39655,1.39676,1.00,1.00
2017.01.11 03:59:49.966,1.39656,1.39676,1.00,1.00
2017.01.11 03:59:50.721,1.39654,1.39675,1.00,1.87
2017.01.11 03:59:51.329,1.39655,1.39675,1.00,1.50
2017.01.11 03:59:51.744,1.39655,1.39677,2.25,1.12
2017.01.11 03:59:51.832,1.39657,1.39677,1.00,1.00
2017.01.11 03:59:53.731,1.39657,1.39678,1.00,1.50
2017.01.11 03:59:54.237,1.39657,1.39676,1.00,1.00
2017.01.11 03:59:54.559,1.39659,1.3968,1.00,1.87
2017.01.11 03:59:54.660,1.39661,1.3968,1.00,1.12
2017.01.11 03:59:55.166,1.39661,1.39681,1.00,1.50
2017.01.11 03:59:55.939,1.39661,1.3968,1.00,1.00
2017.01.11 03:59:56.464,1.39661,1.39681,1.00,1.50
2017.01.11 03:59:57.102,1.39661,1.3968,1.00,1.00
2017.01.11 03:59:57.612,1.39659,1.39678,2.25,1.00
2017.01.11 03:59:59.133,1.39661,1.39679,1.00,2.25
2017.01.11 03:59:59.286,1.39659,1.39679,1.50,1.50
2017.01.11 03:59:59.908,1.39659,1.3968,1.00,1.87
