2010.06.04 06:00:01.255,1.2672,1.2677,2.80,1.00
2010.06.04 06:00:01.773,1.26725,1.26775,1.00,1.20
2010.06.04 06:00:02.565,1.2673,1.2678,2.40,1.20
2010.06.04 06:00:02.903,1.2673,1.2678,2.40,1.00
2010.06.04 06:00:04.615,1.2673,1.2678,2.40,5.10
2010.06.04 06:00:04.807,1.26725,1.26775,3.60,1.00
2010.06.04 06:00:12.031,1.26725,1.26775,4.20,1.00
2010.06.04 06:00:15.681,1.2673,1.26775,1.00,1.00
2010.06.04 06:00:15.923,1.2673,1.2678,2.90,1.20
2010.06.04 06:00:16.162,1.26735,1.26785,1.00,1.30
2010.06.04 06:00:16.958,1.2674,1.2678,2.40,1.00
2010.06.04 06:00:21.472,1.2674,1.2678,1.00,3.90
2010.06.04 06:00:31.906,1.26755,1.2678,1.00,1.00
2010.06.04 06:00:32.123,1.2674,1.26775,1.30,1.50
2010.06.04 06:00:32.755,1.2674,1.2677,1.60,3.10
2010.06.04 06:00:33.101,1.2673,1.2677,2.00,3.90
2010.06.04 06:00:33.443,1.2673,1.26765,2.00,2.30
2010.06.04 06:00:33.803,1.2673,1.26765,1.60,2.30
2010.06.04 06:00:35.207,1.26725,1.26765,2.40,2.30
2010.06.04 06:00:36.875,1.26735,1.26765,2.40,1.50
2010.06.04 06:00:37.414,1.2674,1.2678,4.00,1.00
2010.06.04 06:00:37.494,1.2674,1.26785,4.00,2.30
2010.06.04 06:00:37.572,1.26745,1.26785,1.00,2.30
2010.06.04 06:00:37.727,1.26745,1.26785,1.00,1.50
2010.06.04 06:00:38.483,1.26745,1.2679,1.30,2.30
2010.06.04 06:00:38.513,1.26745,1.2679,2.90,2.30
2010.06.04 06:00:38.860,1.2674,1.2678,1.00,1.00
2010.06.04 06:00:39.138,1.26745,1.26785,1.00,4.30
2010.06.04 06:00:39.770,1.26745,1.26785,4.00,2.30
2010.06.04 06:00:40.045,1.2675,1.26785,1.00,3.10
2010.06.04 06:00:40.384,1.2674,1.2678,1.00,1.20
2010.06.04 06:00:41.124,1.2674,1.2678,1.00,1.40
2010.06.04 06:00:42.748,1.2674,1.2678,1.00,1.00
2010.06.04 06:00:43.026,1.2674,1.2678,1.00,1.40
2010.06.04 06:00:43.316,1.26735,1.26765,1.00,1.00
2010.06.04 06:00:43.602,1.2673,1.2677,1.00,1.00
2010.06.04 06:00:44.122,1.2673,1.2677,2.40,1.00
2010.06.04 06:00:44.439,1.2673,1.2677,1.00,1.40
2010.06.04 06:00:44.754,1.2673,1.2677,1.00,3.80
2010.06.04 06:00:45.043,1.2673,1.2677,1.00,3.00
2010.06.04 06:00:45.625,1.2673,1.26765,1.00,1.00
2010.06.04 06:00:46.501,1.2674,1.2677,1.00,3.00
2010.06.04 06:00:46.843,1.26755,1.2677,1.00,3.00
2010.06.04 06:00:47.107,1.26755,1.26775,1.00,4.90
2010.06.04 06:00:47.584,1.2675,1.26775,1.00,4.90
2010.06.04 06:00:47.851,1.2675,1.26775,1.00,3.30
2010.06.04 06:00:48.181,1.2675,1.26775,1.00,2.70
2010.06.04 06:00:50.156,1.2675,1.26775,1.00,2.30
2010.06.04 06:00:53.962,1.2675,1.2678,1.00,4.50
2010.06.04 06:00:55.053,1.26745,1.2678,1.00,4.50
2010.06.04 06:00:55.544,1.2674,1.26775,1.00,2.30
2010.06.04 06:00:55.823,1.26745,1.26775,1.00,2.30
2010.06.04 06:00:56.666,1.2674,1.26775,1.00,2.30
2010.06.04 06:00:58.195,1.2675,1.26775,1.00,1.50
2010.06.04 06:00:58.484,1.2674,1.2677,1.00,1.00
2010.06.04 06:00:59.108,1.26745,1.26775,1.00,2.30
2010.06.04 06:01:00.144,1.2675,1.2678,1.00,3.90
2010.06.04 06:01:00.983,1.2675,1.26775,1.00,2.30
2010.06.04 06:01:03.276,1.2675,1.26775,1.00,1.50
2010.06.04 06:01:03.493,1.2675,1.2678,1.00,2.30
2010.06.04 06:01:08.667,1.26755,1.2678,1.00,2.30
2010.06.04 06:01:08.825,1.2676,1.2678,1.00,1.00
2010.06.04 06:01:08.988,1.2676,1.26785,1.00,5.00
2010.06.04 06:01:09.668,1.26755,1.26785,1.00,5.00
2010.06.04 06:01:13.243,1.2675,1.2678,1.00,1.50
2010.06.04 06:01:13.593,1.26755,1.2678,1.00,2.30
2010.06.04 06:01:13.773,1.2676,1.2678,1.00,1.00
2010.06.04 06:01:13.954,1.26755,1.2678,1.00,1.00
2010.06.04 06:01:14.735,1.2676,1.2679,1.00,1.00
2010.06.04 06:01:15.726,1.26755,1.2679,1.00,3.90
2010.06.04 06:01:16.465,1.2675,1.26785,1.00,3.90
2010.06.04 06:01:18.290,1.2676,1.2679,1.00,3.90
2010.06.04 06:01:21.476,1.2676,1.26795,1.00,4.50
2010.06.04 06:01:21.714,1.2676,1.26795,1.00,3.90
2010.06.04 06:01:22.567,1.2676,1.2679,1.00,2.30
2010.06.04 06:01:23.323,1.2677,1.2679,1.00,2.30
2010.06.04 06:01:23.533,1.2677,1.2679,1.00,1.00
2010.06.04 06:01:23.744,1.26775,1.26795,1.00,3.90
2010.06.04 06:01:24.374,1.26785,1.26795,1.00,1.00
2010.06.04 06:01:24.650,1.26785,1.26805,1.00,2.30
2010.06.04 06:01:26.990,1.26785,1.26805,1.00,1.50
2010.06.04 06:01:27.191,1.26785,1.2681,1.00,3.90
2010.06.04 06:01:29.744,1.26785,1.2681,1.00,2.30
2010.06.04 06:01:29.844,1.26785,1.2681,1.00,1.00
2010.06.04 06:01:29.945,1.26785,1.26815,1.00,4.20
2010.06.04 06:01:31.933,1.26785,1.2681,1.00,1.00
2010.06.04 06:01:32.212,1.26785,1.2681,1.00,2.30
2010.06.04 06:01:32.764,1.26785,1.26815,1.00,4.20
2010.06.04 06:01:32.913,1.2679,1.26815,1.00,1.00
2010.06.04 06:01:47.761,1.26785,1.26815,1.00,1.00
2010.06.04 06:01:48.936,1.2679,1.26815,1.00,3.90
2010.06.04 06:01:49.204,1.26765,1.26805,1.60,1.00
2010.06.04 06:01:49.343,1.2676,1.26805,1.00,1.10
2010.06.04 06:01:49.910,1.2676,1.26795,1.00,1.00
2010.06.04 06:01:50.258,1.26755,1.26795,1.00,4.20
2010.06.04 06:01:50.604,1.2676,1.26795,1.00,1.90
2010.06.04 06:01:50.948,1.2676,1.268,1.60,1.50
2010.06.04 06:01:51.475,1.2676,1.268,1.00,2.20
2010.06.04 06:01:51.815,1.2676,1.268,1.00,6.10
2010.06.04 06:02:00.632,1.2676,1.26795,1.00,1.00
2010.06.04 06:02:02.074,1.26765,1.268,1.20,1.40
2010.06.04 06:02:02.223,1.26765,1.26795,1.00,1.00
2010.06.04 06:02:02.374,1.2676,1.26795,2.80,1.00
2010.06.04 06:02:02.522,1.2676,1.26795,2.00,1.00
2010.06.04 06:02:02.988,1.2676,1.26795,1.10,1.90
2010.06.04 06:02:03.339,1.2676,1.26795,1.00,1.90
2010.06.04 06:02:04.364,1.2676,1.26795,1.80,1.90
2010.06.04 06:02:05.125,1.2676,1.26795,1.20,1.10
2010.06.04 06:02:05.224,1.2676,1.26795,1.00,1.10
2010.06.04 06:02:05.812,1.2676,1.26795,1.20,1.10
2010.06.04 06:02:06.812,1.2676,1.26795,1.00,1.10
2010.06.04 06:02:08.696,1.2676,1.26795,1.00,1.00
2010.06.04 06:02:08.972,1.2676,1.268,1.00,5.40
2010.06.04 06:02:09.133,1.2676,1.268,1.00,5.40
2010.06.04 06:02:09.292,1.2676,1.268,1.00,6.10
2010.06.04 06:02:12.241,1.2676,1.26795,1.00,1.00
2010.06.04 06:02:12.785,1.2676,1.26795,1.00,1.00
2010.06.04 06:02:16.566,1.2676,1.26795,1.00,1.50
2010.06.04 06:02:16.804,1.2676,1.26795,1.00,2.30
2010.06.04 06:02:20.163,1.2676,1.26795,1.00,2.90
2010.06.04 06:02:20.492,1.2676,1.26795,1.00,2.90
2010.06.04 06:02:25.771,1.26755,1.26795,3.60,2.90
2010.06.04 06:02:26.589,1.26755,1.26795,3.60,2.60
2010.06.04 06:02:27.013,1.2676,1.26795,1.00,1.00
2010.06.04 06:02:27.223,1.2676,1.268,1.00,4.30
2010.06.04 06:02:27.433,1.2676,1.268,1.00,3.90
2010.06.04 06:02:33.053,1.2676,1.268,1.00,4.60
2010.06.04 06:02:33.222,1.2676,1.268,1.00,6.10
2010.06.04 06:02:33.827,1.2676,1.268,1.00,4.60
2010.06.04 06:02:34.136,1.2676,1.268,1.00,3.90
2010.06.04 06:02:36.084,1.2676,1.268,1.20,1.00
2010.06.04 06:02:36.901,1.2676,1.268,2.80,1.00
2010.06.04 06:02:37.061,1.26765,1.268,1.00,1.00
2010.06.04 06:02:37.222,1.26765,1.26805,1.00,4.50
2010.06.04 06:02:47.214,1.26765,1.26805,1.00,4.20
2010.06.04 06:02:48.440,1.2677,1.26805,1.00,4.20
2010.06.04 06:02:48.657,1.2677,1.26805,1.00,3.80
2010.06.04 06:02:50.338,1.2677,1.268,1.00,1.00
2010.06.04 06:02:50.637,1.26775,1.26805,1.60,1.00
2010.06.04 06:02:50.949,1.26775,1.2681,1.00,2.60
2010.06.04 06:02:51.653,1.2677,1.268,1.40,1.40
2010.06.04 06:02:51.965,1.26765,1.268,1.00,1.40
2010.06.04 06:02:52.589,1.2676,1.26795,2.00,1.00
2010.06.04 06:02:52.904,1.2676,1.26795,1.70,1.00
2010.06.04 06:02:53.234,1.2676,1.26795,2.70,1.00
2010.06.04 06:02:53.955,1.2676,1.26795,2.00,1.00
2010.06.04 06:02:54.104,1.2676,1.26795,1.20,1.00
2010.06.04 06:02:55.311,1.2676,1.2679,1.20,1.40
2010.06.04 06:02:57.645,1.2676,1.26795,1.20,1.00
2010.06.04 06:02:57.891,1.2676,1.26795,2.00,1.00
2010.06.04 06:03:01.951,1.2676,1.26795,1.20,1.00
2010.06.04 06:03:04.623,1.26765,1.268,1.20,1.00
2010.06.04 06:03:04.924,1.26765,1.268,1.00,1.60
2010.06.04 06:03:05.643,1.26765,1.26795,1.00,1.00
2010.06.04 06:03:05.821,1.2676,1.2679,1.20,1.40
2010.06.04 06:03:06.506,1.2676,1.2679,1.20,1.40
2010.06.04 06:03:06.673,1.26755,1.26785,1.50,1.00
2010.06.04 06:03:06.948,1.26755,1.2678,1.00,1.40
2010.06.04 06:03:07.469,1.2675,1.2678,1.20,3.00
2010.06.04 06:03:07.750,1.2675,1.2678,1.00,2.30
2010.06.04 06:03:09.252,1.26745,1.26775,1.00,1.00
2010.06.04 06:03:09.382,1.2674,1.26775,2.00,1.00
2010.06.04 06:03:09.850,1.2674,1.26775,2.00,1.00
2010.06.04 06:03:13.045,1.26745,1.2678,1.00,1.00
2010.06.04 06:03:13.194,1.26745,1.26785,1.20,3.00
2010.06.04 06:03:14.793,1.26745,1.26785,2.00,2.20
2010.06.04 06:03:15.137,1.26755,1.26785,1.00,1.00
2010.06.04 06:03:15.274,1.2676,1.26785,1.00,1.00
2010.06.04 06:03:15.774,1.2676,1.26795,1.00,3.20
2010.06.04 06:03:15.918,1.2676,1.26795,1.00,1.40
2010.06.04 06:03:16.052,1.2676,1.26795,1.00,1.00
2010.06.04 06:03:18.765,1.26765,1.268,1.00,3.80
2010.06.04 06:03:18.985,1.2676,1.26795,1.20,1.00
2010.06.04 06:03:19.203,1.2676,1.26795,1.00,1.00
2010.06.04 06:03:20.430,1.26765,1.268,1.00,1.60
2010.06.04 06:03:20.752,1.26765,1.268,1.20,1.60
2010.06.04 06:03:25.144,1.2676,1.2679,3.20,1.00
2010.06.04 06:03:25.464,1.26755,1.26795,3.60,1.50
2010.06.04 06:03:25.782,1.26755,1.26795,3.60,2.30
2010.06.04 06:03:26.103,1.26755,1.26795,3.60,2.10
2010.06.04 06:03:26.442,1.26755,1.26795,3.60,3.70
2010.06.04 06:03:27.140,1.26755,1.2679,1.80,1.00
2010.06.04 06:03:27.288,1.26755,1.2679,1.00,2.30
2010.06.04 06:03:27.436,1.26755,1.26775,1.00,1.00
2010.06.04 06:03:27.584,1.26755,1.26775,1.00,1.00
2010.06.04 06:03:27.724,1.2675,1.2677,1.00,1.00
2010.06.04 06:03:27.862,1.2674,1.2678,1.20,1.40
2010.06.04 06:03:28.003,1.2674,1.2678,1.00,2.20
2010.06.04 06:03:32.611,1.2674,1.26775,1.00,3.80
2010.06.04 06:03:32.712,1.2674,1.26775,1.00,5.40
2010.06.04 06:03:45.891,1.2674,1.26775,1.20,5.40
2010.06.04 06:03:46.462,1.2674,1.26775,1.20,2.20
2010.06.04 06:03:54.914,1.2674,1.26775,1.20,1.40
2010.06.04 06:03:55.072,1.2674,1.26775,2.00,1.40
2010.06.04 06:03:55.503,1.26745,1.26775,1.00,1.00
2010.06.04 06:03:55.781,1.26745,1.2678,1.20,2.30
2010.06.04 06:04:05.881,1.26745,1.2678,1.00,2.30
2010.06.04 06:04:12.847,1.26745,1.26775,1.00,1.40
2010.06.04 06:04:14.373,1.26745,1.26775,1.00,1.00
2010.06.04 06:04:14.453,1.2675,1.2678,1.00,2.30
2010.06.04 06:04:14.612,1.26745,1.26775,1.00,1.00
2010.06.04 06:04:15.424,1.2674,1.26775,2.00,1.40
2010.06.04 06:04:15.684,1.2674,1.26775,2.70,1.00
2010.06.04 06:04:15.943,1.2674,1.2678,2.70,2.30
2010.06.04 06:04:16.203,1.2674,1.2678,2.50,2.30
2010.06.04 06:04:17.604,1.2674,1.2678,2.00,2.30
2010.06.04 06:04:19.135,1.2674,1.26775,1.20,1.00
2010.06.04 06:04:20.404,1.2674,1.26775,1.70,1.00
2010.06.04 06:04:21.629,1.2674,1.26775,1.70,1.00
2010.06.04 06:04:21.772,1.2674,1.2678,2.00,2.30
2010.06.04 06:04:26.092,1.2675,1.2678,1.00,2.30
2010.06.04 06:04:26.314,1.26745,1.26785,1.70,1.00
2010.06.04 06:04:26.904,1.2675,1.26785,1.20,1.00
2010.06.04 06:04:27.087,1.26755,1.2679,1.20,3.90
2010.06.04 06:04:27.452,1.26755,1.2679,1.20,2.40
2010.06.04 06:04:27.632,1.2676,1.2679,1.00,1.00
2010.06.04 06:04:29.404,1.26755,1.26785,1.20,1.50
2010.06.04 06:04:29.453,1.26755,1.26785,1.20,3.20
2010.06.04 06:04:29.503,1.26755,1.26785,1.00,3.20
2010.06.04 06:04:29.989,1.26755,1.26785,1.00,4.00
2010.06.04 06:04:30.053,1.2675,1.26785,1.00,3.90
2010.06.04 06:04:30.924,1.2675,1.2678,1.00,2.30
2010.06.04 06:04:31.262,1.26745,1.2678,1.00,2.30
2010.06.04 06:04:31.770,1.26745,1.26775,1.00,1.00
2010.06.04 06:04:31.966,1.2674,1.26775,1.00,1.00
2010.06.04 06:04:32.138,1.2674,1.26775,1.00,1.60
2010.06.04 06:04:32.317,1.26745,1.26775,1.00,1.00
2010.06.04 06:04:32.880,1.2675,1.26775,1.00,1.00
2010.06.04 06:04:33.233,1.26755,1.268,2.00,3.00
2010.06.04 06:04:33.906,1.2676,1.268,1.00,3.00
2010.06.04 06:04:34.234,1.2676,1.26795,1.20,3.00
2010.06.04 06:04:38.673,1.2676,1.2679,1.00,1.00
2010.06.04 06:04:38.916,1.2676,1.268,1.00,4.50
2010.06.04 06:04:39.389,1.2676,1.268,1.00,4.50
2010.06.04 06:04:39.704,1.2676,1.268,1.90,4.50
2010.06.04 06:04:41.225,1.2676,1.268,1.90,3.90
2010.06.04 06:04:41.740,1.2676,1.268,1.90,4.00
2010.06.04 06:04:41.965,1.2676,1.26795,1.00,1.30
2010.06.04 06:04:44.632,1.26765,1.26795,1.00,1.00
2010.06.04 06:04:44.877,1.26765,1.268,1.00,3.90
2010.06.04 06:04:46.133,1.2677,1.26805,1.00,5.40
2010.06.04 06:04:47.563,1.2677,1.26805,1.00,3.80
2010.06.04 06:04:47.704,1.2677,1.26805,1.00,2.30
2010.06.04 06:04:47.846,1.2677,1.2681,1.60,4.60
2010.06.04 06:04:48.122,1.2677,1.2681,1.70,1.40
2010.06.04 06:04:48.264,1.26775,1.2681,1.00,1.40
2010.06.04 06:04:54.139,1.26775,1.2681,1.00,4.60
2010.06.04 06:04:54.395,1.26765,1.26805,2.00,2.30
2010.06.04 06:04:55.234,1.2676,1.268,2.80,1.00
2010.06.04 06:04:56.456,1.2677,1.26805,1.00,2.30
2010.06.04 06:04:56.723,1.2677,1.26805,1.70,2.30
2010.06.04 06:04:57.773,1.2677,1.26805,1.70,1.00
2010.06.04 06:05:00.484,1.26775,1.26805,1.00,1.00
2010.06.04 06:05:01.186,1.2677,1.26805,1.60,1.00
2010.06.04 06:05:01.486,1.2677,1.26805,1.00,1.00
2010.06.04 06:05:08.272,1.26775,1.26805,1.00,1.00
2010.06.04 06:05:08.573,1.26775,1.2681,1.00,2.30
2010.06.04 06:05:11.732,1.2677,1.2681,1.60,2.30
2010.06.04 06:05:11.942,1.2677,1.2681,1.00,2.30
2010.06.04 06:05:18.616,1.2677,1.2681,1.00,3.90
2010.06.04 06:05:18.979,1.2677,1.2681,1.00,4.60
2010.06.04 06:05:19.130,1.2676,1.26805,2.40,1.00
2010.06.04 06:05:19.276,1.2676,1.268,2.40,3.10
2010.06.04 06:05:19.414,1.2676,1.26795,1.00,3.10
2010.06.04 06:05:19.554,1.2676,1.26795,1.00,3.80
2010.06.04 06:05:19.694,1.2675,1.26795,2.80,4.60
2010.06.04 06:05:21.253,1.2675,1.2679,2.80,1.00
2010.06.04 06:05:21.503,1.2675,1.2679,4.40,1.00
2010.06.04 06:05:22.122,1.2675,1.26795,4.40,4.60
2010.06.04 06:05:34.631,1.2675,1.26795,4.00,4.60
2010.06.04 06:05:42.777,1.26755,1.26795,4.00,1.00
2010.06.04 06:05:48.694,1.26755,1.26795,1.00,3.00
2010.06.04 06:05:48.792,1.26755,1.26795,1.00,4.60
2010.06.04 06:05:48.895,1.26755,1.2679,1.00,1.00
2010.06.04 06:05:49.333,1.26755,1.2679,1.00,1.40
2010.06.04 06:05:54.433,1.2675,1.2679,2.40,2.20
2010.06.04 06:05:54.663,1.2675,1.26785,1.00,3.10
2010.06.04 06:05:54.804,1.26745,1.2678,1.00,1.00
2010.06.04 06:05:54.945,1.26745,1.2678,1.00,1.00
2010.06.04 06:05:55.085,1.2674,1.2678,1.00,1.40
2010.06.04 06:05:55.706,1.2674,1.2678,1.00,3.80
2010.06.04 06:05:57.064,1.2674,1.2678,2.40,1.00
2010.06.04 06:05:57.491,1.26745,1.2678,1.00,1.00
2010.06.04 06:05:57.664,1.26745,1.26785,1.00,2.30
2010.06.04 06:05:59.164,1.26745,1.2678,1.00,1.50
2010.06.04 06:05:59.656,1.2674,1.2678,1.00,2.30
2010.06.04 06:06:00.632,1.2674,1.2678,2.40,2.30
2010.06.04 06:06:01.575,1.2674,1.2678,1.00,2.30
2010.06.04 06:06:03.077,1.26745,1.26785,1.00,2.70
2010.06.04 06:06:03.519,1.26745,1.26785,1.00,2.30
2010.06.04 06:06:07.044,1.26745,1.26785,1.00,2.90
2010.06.04 06:06:07.748,1.2674,1.2678,2.40,1.00
2010.06.04 06:06:11.160,1.26745,1.2678,2.10,1.00
2010.06.04 06:06:11.388,1.2674,1.2678,4.40,1.00
2010.06.04 06:06:11.705,1.2674,1.2678,4.00,1.00
2010.06.04 06:06:12.024,1.2674,1.2678,2.40,1.00
2010.06.04 06:06:13.843,1.2674,1.2678,4.00,1.00
2010.06.04 06:06:14.034,1.2674,1.2678,4.90,1.00
2010.06.04 06:06:14.383,1.26745,1.26785,1.00,2.30
2010.06.04 06:06:16.170,1.2674,1.2678,4.00,1.00
2010.06.04 06:06:16.314,1.2674,1.2678,2.40,2.30
2010.06.04 06:06:16.617,1.2674,1.2678,1.00,2.30
2010.06.04 06:06:21.721,1.26735,1.26775,1.00,2.90
2010.06.04 06:06:21.873,1.26735,1.26775,1.00,4.50
2010.06.04 06:06:22.024,1.2673,1.2677,2.40,1.00
2010.06.04 06:06:22.323,1.2673,1.2677,4.00,1.00
2010.06.04 06:06:22.923,1.2673,1.2677,2.40,1.00
2010.06.04 06:06:25.803,1.2673,1.2677,2.40,2.30
2010.06.04 06:06:25.873,1.2673,1.2677,1.00,4.30
2010.06.04 06:06:26.084,1.2673,1.2677,1.00,6.30
2010.06.04 06:06:26.153,1.26725,1.26765,2.40,1.50
2010.06.04 06:06:26.225,1.26725,1.26765,1.00,1.50
2010.06.04 06:06:26.726,1.26725,1.26765,1.00,2.90
2010.06.04 06:06:29.112,1.26725,1.26765,1.00,3.00
2010.06.04 06:06:29.221,1.26725,1.26765,1.00,3.00
2010.06.04 06:06:29.321,1.2672,1.26765,4.00,3.00
2010.06.04 06:06:43.343,1.26725,1.26765,1.00,3.00
2010.06.04 06:06:43.522,1.26725,1.26765,2.40,2.90
2010.06.04 06:06:44.214,1.26725,1.2675,2.40,1.00
2010.06.04 06:06:44.418,1.2672,1.2675,1.00,1.00
2010.06.04 06:06:44.615,1.26725,1.2677,1.00,7.00
2010.06.04 06:06:44.814,1.26725,1.2677,1.00,1.20
2010.06.04 06:06:45.013,1.2673,1.2677,1.00,1.00
2010.06.04 06:06:45.214,1.2673,1.2677,1.00,1.00
2010.06.04 06:06:46.563,1.2673,1.2675,1.00,1.00
2010.06.04 06:06:47.148,1.2673,1.2677,1.00,1.00
2010.06.04 06:06:47.304,1.2673,1.2677,1.00,1.00
2010.06.04 06:06:48.355,1.26725,1.2676,1.60,1.30
2010.06.04 06:06:48.487,1.26715,1.26755,2.80,1.00
2010.06.04 06:06:49.215,1.26715,1.26755,2.40,1.30
2010.06.04 06:06:54.952,1.26715,1.2675,2.40,1.00
2010.06.04 06:06:55.024,1.2671,1.2675,1.00,1.00
2010.06.04 06:06:55.597,1.2671,1.2675,1.00,3.90
2010.06.04 06:06:55.880,1.26705,1.2674,1.00,1.00
2010.06.04 06:06:56.436,1.26705,1.2674,1.00,1.00
2010.06.04 06:06:57.125,1.26705,1.2674,1.00,1.00
2010.06.04 06:07:10.774,1.26705,1.2674,1.00,2.10
2010.06.04 06:07:11.295,1.267,1.2674,1.00,2.90
2010.06.04 06:07:16.872,1.267,1.2674,1.00,2.30
2010.06.04 06:07:17.043,1.267,1.2674,2.40,2.30
2010.06.04 06:07:17.214,1.267,1.2674,4.00,1.00
2010.06.04 06:07:17.382,1.267,1.26745,4.00,4.50
2010.06.04 06:07:19.813,1.267,1.26745,4.40,4.50
2010.06.04 06:07:20.025,1.26705,1.26745,1.60,3.90
2010.06.04 06:07:25.152,1.26705,1.26745,2.40,3.90
2010.06.04 06:07:25.273,1.26705,1.26745,5.40,2.30
2010.06.04 06:07:25.392,1.26705,1.26745,5.40,1.00
2010.06.04 06:07:27.812,1.26705,1.26745,4.60,1.00
2010.06.04 06:07:28.012,1.26705,1.26745,4.00,1.00
2010.06.04 06:07:28.212,1.2671,1.26745,1.60,1.00
2010.06.04 06:07:28.414,1.2671,1.26755,2.40,4.50
2010.06.04 06:07:29.178,1.2671,1.26755,4.00,4.50
2010.06.04 06:07:29.985,1.2671,1.26755,4.00,4.90
2010.06.04 06:07:30.489,1.2671,1.26755,4.00,4.50
2010.06.04 06:07:30.840,1.2671,1.26755,4.40,3.90
2010.06.04 06:07:31.186,1.2671,1.26755,4.00,4.50
2010.06.04 06:07:32.559,1.2671,1.26755,4.00,3.90
2010.06.04 06:07:32.893,1.26715,1.26755,1.00,3.90
2010.06.04 06:07:33.065,1.26715,1.26755,3.60,2.30
2010.06.04 06:07:33.235,1.26715,1.26755,4.40,1.00
2010.06.04 06:07:33.563,1.26715,1.26755,5.20,1.00
2010.06.04 06:07:34.370,1.2673,1.2676,3.00,1.00
2010.06.04 06:07:34.724,1.26735,1.26775,2.40,2.30
2010.06.04 06:07:35.402,1.2673,1.26775,4.00,2.30
2010.06.04 06:07:36.483,1.2673,1.2677,4.00,1.00
2010.06.04 06:07:38.942,1.2673,1.2677,2.40,1.00
2010.06.04 06:07:39.113,1.2673,1.2677,1.00,2.40
2010.06.04 06:07:39.322,1.2673,1.2677,1.00,3.90
2010.06.04 06:07:40.364,1.2673,1.26765,1.00,1.50
2010.06.04 06:07:40.483,1.26725,1.26765,2.40,2.90
2010.06.04 06:07:40.843,1.26725,1.26765,1.00,2.90
2010.06.04 06:07:41.554,1.26725,1.26765,1.00,2.90
2010.06.04 06:07:41.896,1.2672,1.26755,1.00,1.50
2010.06.04 06:07:42.998,1.26715,1.26755,1.00,2.30
2010.06.04 06:07:43.310,1.2671,1.2675,2.40,1.00
2010.06.04 06:07:46.163,1.26715,1.26755,1.00,2.30
2010.06.04 06:07:48.379,1.26715,1.2675,1.00,1.50
2010.06.04 06:07:48.569,1.2671,1.2675,2.40,2.30
2010.06.04 06:07:52.914,1.26715,1.26755,1.00,3.90
2010.06.04 06:07:53.431,1.26715,1.26755,4.00,1.00
2010.06.04 06:07:53.631,1.2672,1.2676,1.60,3.90
2010.06.04 06:07:57.433,1.2673,1.2676,1.00,3.90
2010.06.04 06:07:57.543,1.2673,1.2676,1.00,1.00
2010.06.04 06:07:57.656,1.2672,1.26765,6.00,2.30
2010.06.04 06:07:58.194,1.2672,1.2676,2.40,3.10
2010.06.04 06:07:58.526,1.2672,1.2676,1.60,3.90
2010.06.04 06:08:00.712,1.26715,1.2676,5.40,3.90
2010.06.04 06:08:06.862,1.2672,1.2676,1.00,2.30
2010.06.04 06:08:07.717,1.2672,1.2676,1.00,2.30
2010.06.04 06:08:14.969,1.26725,1.2676,1.00,1.50
2010.06.04 06:08:15.262,1.26725,1.26765,1.00,4.10
2010.06.04 06:08:15.326,1.26725,1.26765,1.00,2.50
2010.06.04 06:08:17.923,1.26725,1.26765,1.00,3.00
2010.06.04 06:08:18.017,1.26725,1.26765,1.00,2.50
2010.06.04 06:08:18.105,1.26725,1.2676,1.00,1.00
2010.06.04 06:08:18.195,1.26725,1.26765,1.00,3.30
2010.06.04 06:08:18.287,1.2673,1.26765,1.00,2.30
2010.06.04 06:08:18.735,1.2673,1.26765,1.00,1.50
2010.06.04 06:08:19.079,1.2673,1.2677,1.00,1.00
2010.06.04 06:08:19.423,1.2673,1.2677,1.60,1.00
2010.06.04 06:08:51.108,1.26735,1.26775,1.00,4.10
2010.06.04 06:08:51.222,1.26735,1.26775,1.00,3.90
2010.06.04 06:08:51.444,1.2674,1.26775,1.40,1.50
2010.06.04 06:08:51.634,1.2674,1.2678,1.40,4.10
2010.06.04 06:08:51.825,1.26745,1.26785,1.00,4.40
2010.06.04 06:08:52.433,1.26745,1.26785,1.00,5.00
2010.06.04 06:08:52.707,1.26745,1.2678,1.00,1.00
2010.06.04 06:08:56.194,1.2672,1.26765,1.00,3.50
2010.06.04 06:08:56.377,1.26715,1.2676,1.00,1.00
2010.06.04 06:08:56.569,1.26715,1.26765,1.00,4.30
2010.06.04 06:08:57.325,1.2672,1.2676,1.00,2.30
2010.06.04 06:08:58.346,1.2672,1.2676,1.00,3.70
2010.06.04 06:08:58.505,1.2672,1.26755,1.00,1.50
2010.06.04 06:08:58.663,1.26715,1.26755,1.00,2.30
2010.06.04 06:09:00.535,1.2671,1.2675,1.60,2.70
2010.06.04 06:09:00.834,1.26705,1.2675,2.40,5.30
2010.06.04 06:09:01.546,1.26705,1.26745,2.40,1.00
2010.06.04 06:09:02.752,1.26705,1.26745,1.00,2.30
2010.06.04 06:09:12.164,1.267,1.2674,2.40,2.30
2010.06.04 06:09:12.243,1.267,1.2674,1.00,2.30
2010.06.04 06:09:12.406,1.267,1.2674,1.00,2.90
2010.06.04 06:09:12.860,1.26695,1.26735,1.00,1.60
2010.06.04 06:09:12.957,1.26695,1.26735,1.00,3.90
2010.06.04 06:09:15.486,1.26695,1.26735,6.00,3.90
2010.06.04 06:09:15.616,1.2671,1.26735,1.00,1.00
2010.06.04 06:09:15.734,1.2671,1.2675,1.40,2.10
2010.06.04 06:09:15.853,1.26705,1.2675,2.40,2.10
2010.06.04 06:09:15.973,1.26705,1.2675,1.60,2.10
2010.06.04 06:09:16.093,1.267,1.26745,2.40,2.30
2010.06.04 06:09:16.213,1.267,1.26745,1.00,3.90
2010.06.04 06:09:17.515,1.26705,1.26745,1.00,4.50
2010.06.04 06:09:20.144,1.26705,1.26745,2.40,3.90
2010.06.04 06:09:20.855,1.26705,1.2674,1.00,1.00
2010.06.04 06:09:21.123,1.26705,1.26745,1.00,4.50
2010.06.04 06:09:22.843,1.26705,1.2674,1.00,1.30
2010.06.04 06:09:23.015,1.267,1.2674,1.00,3.70
2010.06.04 06:09:23.995,1.267,1.2674,1.00,2.90
2010.06.04 06:09:24.226,1.2671,1.26745,1.00,2.40
2010.06.04 06:09:24.455,1.26705,1.2674,1.00,1.00
2010.06.04 06:09:24.687,1.2671,1.2675,1.00,6.30
2010.06.04 06:09:25.303,1.2671,1.2675,1.00,5.40
2010.06.04 06:09:25.650,1.2671,1.2675,1.00,2.20
2010.06.04 06:09:26.337,1.26705,1.26735,2.40,1.00
2010.06.04 06:09:26.993,1.26705,1.26735,1.00,1.00
2010.06.04 06:09:31.324,1.26705,1.26745,1.00,4.30
2010.06.04 06:09:31.535,1.26705,1.26735,1.00,1.00
2010.06.04 06:09:33.466,1.267,1.26735,1.60,1.00
2010.06.04 06:09:33.554,1.267,1.26725,1.60,1.00
2010.06.04 06:09:33.644,1.267,1.26725,1.00,1.00
2010.06.04 06:09:33.735,1.26695,1.26725,2.40,1.00
2010.06.04 06:09:44.222,1.26695,1.2673,2.40,1.00
2010.06.04 06:09:44.283,1.267,1.26735,1.00,1.00
2010.06.04 06:09:44.534,1.267,1.26735,1.00,1.00
2010.06.04 06:09:45.371,1.26705,1.26735,1.00,1.00
2010.06.04 06:09:50.326,1.26705,1.26735,1.00,1.00
2010.06.04 06:09:50.365,1.267,1.26735,2.40,1.00
2010.06.04 06:09:52.598,1.267,1.26735,4.00,1.00
2010.06.04 06:09:54.444,1.26705,1.26735,1.00,1.00
2010.06.04 06:09:54.558,1.26705,1.26735,1.00,1.00
2010.06.04 06:09:55.544,1.26705,1.26745,2.40,2.30
2010.06.04 06:09:55.764,1.2671,1.2675,1.00,4.20
2010.06.04 06:09:56.394,1.2671,1.26735,1.00,1.00
2010.06.04 06:09:56.627,1.2671,1.2675,2.80,1.00
2010.06.04 06:09:56.928,1.2672,1.2676,1.00,3.80
2010.06.04 06:09:57.235,1.2672,1.26755,1.00,1.00
2010.06.04 06:09:57.535,1.26715,1.26755,2.40,1.00
2010.06.04 06:09:58.535,1.26715,1.26755,1.00,1.00
2010.06.04 06:09:58.773,1.26715,1.26755,1.00,3.00
2010.06.04 06:10:00.924,1.26715,1.2675,1.00,1.50
2010.06.04 06:10:01.084,1.26705,1.26745,2.40,3.00
2010.06.04 06:10:01.389,1.2671,1.26745,2.40,2.20
2010.06.04 06:10:01.538,1.2671,1.2675,2.40,2.30
2010.06.04 06:10:02.262,1.26705,1.26745,2.40,3.00
2010.06.04 06:10:02.606,1.26705,1.2674,1.60,1.00
2010.06.04 06:10:03.808,1.267,1.26735,1.00,1.40
2010.06.04 06:10:04.528,1.26705,1.26725,1.00,1.00
2010.06.04 06:10:04.740,1.2671,1.26735,1.00,1.00
2010.06.04 06:10:04.948,1.26705,1.26745,2.80,1.00
2010.06.04 06:10:05.718,1.26705,1.2675,2.40,5.30
2010.06.04 06:10:06.065,1.26705,1.2675,2.40,4.50
2010.06.04 06:10:06.406,1.26705,1.2675,2.40,3.90
2010.06.04 06:10:06.873,1.26705,1.26745,1.00,1.50
2010.06.04 06:10:07.293,1.26705,1.26745,1.00,2.30
2010.06.04 06:10:08.616,1.26705,1.26745,1.00,3.90
2010.06.04 06:10:08.954,1.267,1.2674,2.40,1.00
2010.06.04 06:10:10.123,1.267,1.2674,4.00,1.00
2010.06.04 06:10:13.692,1.26705,1.26745,1.00,2.30
2010.06.04 06:10:14.226,1.26705,1.26745,1.00,2.30
2010.06.04 06:10:16.981,1.26705,1.26745,2.40,2.30
2010.06.04 06:10:17.272,1.26715,1.26755,1.00,1.00
2010.06.04 06:10:20.076,1.26715,1.26755,1.00,1.30
2010.06.04 06:10:20.202,1.26715,1.26755,1.00,4.50
2010.06.04 06:10:20.333,1.2671,1.26755,2.40,4.50
2010.06.04 06:10:23.313,1.2671,1.2675,2.40,1.00
2010.06.04 06:10:23.405,1.26705,1.26745,1.20,2.30
2010.06.04 06:10:23.993,1.26705,1.26745,1.20,2.30
2010.06.04 06:10:24.340,1.267,1.26745,2.40,4.50
2010.06.04 06:10:24.683,1.267,1.26745,4.00,4.50
2010.06.04 06:10:25.028,1.26705,1.26745,1.00,1.00
2010.06.04 06:10:26.380,1.267,1.26745,2.40,4.50
2010.06.04 06:10:27.095,1.267,1.2674,1.00,3.70
2010.06.04 06:10:27.274,1.26695,1.2674,2.40,3.70
2010.06.04 06:10:27.533,1.26695,1.2674,2.40,5.30
2010.06.04 06:10:33.355,1.26685,1.26725,4.30,1.00
2010.06.04 06:10:33.869,1.26685,1.26725,5.20,1.00
2010.06.04 06:10:34.073,1.26695,1.2674,1.00,3.90
2010.06.04 06:10:34.414,1.26695,1.2674,2.40,3.90
2010.06.04 06:10:34.753,1.26695,1.2674,2.40,3.90
2010.06.04 06:10:36.352,1.26695,1.2674,2.90,3.90
2010.06.04 06:10:37.665,1.267,1.2674,1.00,2.40
2010.06.04 06:10:37.822,1.267,1.2674,1.00,1.00
2010.06.04 06:10:38.283,1.26705,1.26745,1.00,5.00
2010.06.04 06:10:38.445,1.26705,1.26745,1.00,3.40
2010.06.04 06:10:39.127,1.26705,1.26745,1.00,2.30
2010.06.04 06:10:39.333,1.26705,1.26745,1.00,2.90
2010.06.04 06:10:40.383,1.26705,1.2674,1.00,1.00
2010.06.04 06:10:41.136,1.26705,1.2674,1.60,1.00
2010.06.04 06:10:41.315,1.26705,1.26745,2.80,1.00
2010.06.04 06:10:41.985,1.2671,1.2675,1.60,2.90
2010.06.04 06:10:42.326,1.2671,1.26755,2.40,4.30
2010.06.04 06:10:43.004,1.2671,1.26755,2.40,3.90
2010.06.04 06:10:50.274,1.2671,1.26755,2.40,4.10
2010.06.04 06:10:50.427,1.26715,1.26755,1.00,4.10
2010.06.04 06:10:50.575,1.2672,1.26755,1.60,1.00
2010.06.04 06:10:51.296,1.2672,1.26755,2.40,1.00
2010.06.04 06:10:57.925,1.2672,1.2675,2.40,1.00
2010.06.04 06:10:58.045,1.2672,1.2675,1.00,1.00
2010.06.04 06:10:58.164,1.2672,1.2675,1.00,1.00
2010.06.04 06:10:58.283,1.26715,1.2675,1.00,1.00
2010.06.04 06:11:02.283,1.26715,1.26755,1.00,3.00
2010.06.04 06:11:02.756,1.26715,1.26755,1.00,1.50
2010.06.04 06:11:02.858,1.2672,1.26755,1.00,1.00
2010.06.04 06:11:02.964,1.2672,1.26755,2.40,1.00
2010.06.04 06:11:04.154,1.2672,1.2676,2.40,2.20
2010.06.04 06:11:04.274,1.2672,1.2676,2.40,2.10
2010.06.04 06:11:04.394,1.2672,1.2676,2.80,1.00
2010.06.04 06:11:04.514,1.26725,1.26765,1.00,1.20
2010.06.04 06:11:05.061,1.2673,1.2677,2.40,1.50
2010.06.04 06:11:05.613,1.2673,1.26765,2.40,1.00
2010.06.04 06:11:06.391,1.2673,1.2676,1.00,1.00
2010.06.04 06:11:06.840,1.2673,1.2675,1.00,1.00
2010.06.04 06:11:07.487,1.2672,1.2675,1.00,1.00
2010.06.04 06:11:07.828,1.2672,1.2676,1.00,5.40
2010.06.04 06:11:10.423,1.2672,1.2676,1.00,5.30
2010.06.04 06:11:12.884,1.2672,1.2676,1.00,5.40
2010.06.04 06:11:18.852,1.2672,1.2676,1.00,3.80
2010.06.04 06:11:18.994,1.2672,1.2676,2.40,1.40
2010.06.04 06:11:19.140,1.2673,1.2676,1.20,1.40
2010.06.04 06:11:19.288,1.26735,1.2676,1.60,1.00
2010.06.04 06:11:20.046,1.26735,1.2676,1.00,1.00
2010.06.04 06:11:20.354,1.2673,1.2676,2.40,1.00
2010.06.04 06:11:20.666,1.2673,1.2677,1.00,2.40
2010.06.04 06:11:21.142,1.2673,1.2677,1.00,3.90
2010.06.04 06:11:21.482,1.26715,1.26755,1.00,3.80
2010.06.04 06:11:21.820,1.2671,1.26755,2.40,3.10
2010.06.04 06:11:22.156,1.2671,1.26755,1.00,3.80
2010.06.04 06:11:22.582,1.2671,1.2675,1.00,5.40
2010.06.04 06:11:22.925,1.26705,1.2675,4.00,5.40
2010.06.04 06:11:24.554,1.26705,1.26745,2.40,3.90
2010.06.04 06:11:24.765,1.26705,1.26745,3.60,1.00
2010.06.04 06:11:24.974,1.26705,1.26745,5.30,1.00
2010.06.04 06:11:26.873,1.26705,1.26745,3.60,1.00
2010.06.04 06:11:27.073,1.26705,1.26745,2.80,1.00
2010.06.04 06:11:27.273,1.26705,1.26745,1.20,1.00
2010.06.04 06:11:27.474,1.26705,1.26745,1.00,3.90
2010.06.04 06:11:27.672,1.26705,1.26745,2.40,3.90
2010.06.04 06:11:28.197,1.26705,1.26745,2.90,3.90
2010.06.04 06:11:28.415,1.26705,1.26745,4.40,1.00
2010.06.04 06:11:31.784,1.26705,1.26745,2.80,1.00
2010.06.04 06:11:31.925,1.26705,1.26745,1.00,3.90
2010.06.04 06:11:32.204,1.26705,1.26745,2.40,1.00
2010.06.04 06:11:32.877,1.2671,1.2675,1.00,2.30
2010.06.04 06:11:35.929,1.26705,1.26745,2.40,1.00
2010.06.04 06:11:36.064,1.26705,1.2675,1.00,5.40
2010.06.04 06:11:36.324,1.26705,1.26745,1.00,3.30
2010.06.04 06:11:36.453,1.26705,1.26745,1.00,3.90
2010.06.04 06:11:36.843,1.267,1.26745,1.20,3.90
2010.06.04 06:11:36.973,1.267,1.26745,1.20,4.10
2010.06.04 06:11:37.924,1.26695,1.26735,2.40,1.50
2010.06.04 06:11:38.265,1.26695,1.26735,2.40,2.30
2010.06.04 06:11:48.662,1.26695,1.26735,2.40,1.50
2010.06.04 06:11:48.823,1.26695,1.2674,2.40,2.30
2010.06.04 06:11:48.993,1.267,1.26745,1.00,4.60
2010.06.04 06:11:58.067,1.267,1.26745,1.00,4.50
2010.06.04 06:12:12.585,1.267,1.2674,1.00,2.30
2010.06.04 06:12:25.073,1.267,1.2674,1.20,2.30
2010.06.04 06:12:25.436,1.267,1.2674,1.00,2.30
2010.06.04 06:12:26.457,1.267,1.2674,1.00,3.70
2010.06.04 06:12:26.796,1.26695,1.26735,1.00,1.00
2010.06.04 06:12:28.856,1.26695,1.26735,1.00,3.90
2010.06.04 06:12:28.939,1.26695,1.2673,1.00,1.00
2010.06.04 06:12:29.027,1.26695,1.2673,1.00,1.30
2010.06.04 06:12:29.108,1.26695,1.2673,1.00,1.00
2010.06.04 06:12:29.673,1.2669,1.26735,2.40,3.90
2010.06.04 06:12:30.021,1.267,1.26735,1.00,1.00
2010.06.04 06:12:30.368,1.267,1.2674,1.00,1.00
2010.06.04 06:12:31.142,1.267,1.2674,1.00,3.90
2010.06.04 06:12:31.488,1.267,1.26735,1.00,1.50
2010.06.04 06:12:31.833,1.26695,1.26735,1.00,2.30
2010.06.04 06:12:46.772,1.26695,1.26735,1.00,1.00
2010.06.04 06:12:46.972,1.267,1.2674,1.00,3.90
2010.06.04 06:13:04.370,1.26705,1.2674,1.00,1.60
2010.06.04 06:13:04.690,1.26705,1.2675,2.90,1.00
2010.06.04 06:13:05.196,1.2671,1.2675,1.00,1.00
2010.06.04 06:13:05.725,1.26715,1.2675,2.10,1.00
2010.06.04 06:13:06.057,1.26715,1.26755,1.60,4.40
2010.06.04 06:13:06.384,1.26715,1.26755,1.00,4.50
2010.06.04 06:13:07.874,1.2671,1.2675,1.00,1.00
2010.06.04 06:13:07.943,1.2671,1.2675,1.00,2.30
2010.06.04 06:13:14.362,1.2671,1.2675,1.00,2.40
2010.06.04 06:13:14.513,1.2671,1.2675,1.00,2.30
2010.06.04 06:13:22.180,1.26705,1.26745,1.20,1.00
2010.06.04 06:13:22.424,1.26705,1.26745,1.00,1.00
2010.06.04 06:13:24.195,1.26705,1.26745,2.10,1.00
2010.06.04 06:13:24.998,1.26715,1.26755,1.00,2.30
2010.06.04 06:13:26.246,1.2672,1.2676,1.00,4.50
2010.06.04 06:13:26.465,1.2672,1.2676,1.00,2.50
2010.06.04 06:13:26.907,1.2672,1.2676,1.00,5.80
2010.06.04 06:13:27.126,1.26715,1.2675,1.00,3.10
2010.06.04 06:13:27.424,1.26705,1.26745,2.40,1.00
2010.06.04 06:13:27.724,1.26705,1.26745,1.00,1.30
2010.06.04 06:13:28.590,1.26705,1.26745,1.00,4.50
2010.06.04 06:13:31.561,1.26705,1.26745,2.40,1.00
2010.06.04 06:13:31.688,1.26705,1.2675,2.40,3.90
2010.06.04 06:13:32.246,1.2671,1.2675,1.00,2.30
2010.06.04 06:13:37.223,1.26705,1.2675,2.40,2.30
2010.06.04 06:13:37.376,1.26705,1.2675,2.40,3.90
2010.06.04 06:13:37.712,1.26705,1.26745,1.00,1.50
2010.06.04 06:13:37.883,1.26705,1.26745,1.00,2.30
2010.06.04 06:13:38.055,1.2672,1.26745,1.00,2.30
2010.06.04 06:13:38.227,1.2672,1.26755,1.00,1.00
2010.06.04 06:13:38.838,1.26715,1.26745,1.00,1.00
2010.06.04 06:13:39.127,1.2671,1.2675,2.40,1.40
2010.06.04 06:13:39.405,1.26705,1.2675,3.60,3.90
2010.06.04 06:13:40.229,1.2671,1.2675,1.00,3.90
2010.06.04 06:13:40.917,1.2671,1.2675,1.00,2.30
2010.06.04 06:13:42.008,1.2671,1.2675,1.40,2.30
2010.06.04 06:13:43.134,1.2671,1.2675,1.80,2.30
2010.06.04 06:13:43.593,1.2671,1.2675,1.40,2.30
2010.06.04 06:13:44.934,1.26715,1.2675,1.00,1.00
2010.06.04 06:13:45.095,1.26715,1.26755,1.40,3.90
2010.06.04 06:13:46.529,1.2671,1.2675,1.70,1.00
2010.06.04 06:13:46.727,1.2671,1.2675,1.40,2.30
2010.06.04 06:13:49.184,1.26715,1.2675,1.00,2.30
2010.06.04 06:13:49.413,1.26715,1.2675,1.20,2.30
2010.06.04 06:13:50.193,1.2672,1.2675,1.00,2.30
2010.06.04 06:13:51.324,1.26715,1.2675,1.20,2.30
2010.06.04 06:13:52.443,1.26715,1.2675,2.00,1.50
2010.06.04 06:13:52.593,1.2672,1.26755,1.00,3.90
2010.06.04 06:13:52.903,1.2672,1.26755,1.20,3.90
2010.06.04 06:13:55.519,1.2672,1.26755,1.00,3.90
2010.06.04 06:13:55.683,1.26715,1.26755,2.00,3.90
2010.06.04 06:13:57.763,1.26715,1.2675,2.00,1.50
2010.06.04 06:13:58.024,1.26715,1.2675,1.20,2.30
2010.06.04 06:13:59.214,1.26715,1.26745,1.20,1.00
2010.06.04 06:13:59.826,1.26715,1.26745,1.00,1.00
2010.06.04 06:14:00.326,1.26715,1.26745,1.00,3.10
2010.06.04 06:14:02.019,1.26715,1.26745,1.00,2.30
2010.06.04 06:14:07.135,1.2671,1.26745,1.00,2.30
2010.06.04 06:14:09.285,1.2671,1.26745,1.20,2.30
2010.06.04 06:14:12.433,1.2671,1.26745,1.20,3.10
2010.06.04 06:14:14.634,1.2671,1.26745,1.20,2.30
2010.06.04 06:14:15.807,1.2671,1.26745,1.90,2.30
2010.06.04 06:14:19.901,1.2671,1.2674,1.10,1.00
2010.06.04 06:14:20.074,1.2671,1.2674,1.00,1.00
2010.06.04 06:14:27.372,1.2671,1.2674,1.00,1.60
2010.06.04 06:14:28.284,1.26715,1.2674,1.00,1.60
2010.06.04 06:14:28.366,1.26715,1.26745,1.00,3.90
2010.06.04 06:14:28.443,1.26715,1.26745,1.00,2.30
2010.06.04 06:14:34.805,1.2671,1.26745,1.20,2.30
2010.06.04 06:14:34.954,1.2671,1.26745,1.00,4.70
2010.06.04 06:14:35.096,1.26705,1.26745,1.80,4.70
2010.06.04 06:14:35.234,1.26705,1.2674,1.80,1.00
2010.06.04 06:14:35.690,1.26705,1.2674,1.80,3.90
2010.06.04 06:14:35.839,1.26705,1.2674,1.20,3.90
2010.06.04 06:14:43.064,1.26705,1.26735,1.20,2.30
2010.06.04 06:14:43.514,1.26705,1.26735,1.20,4.70
2010.06.04 06:14:43.735,1.267,1.2673,1.20,1.00
2010.06.04 06:14:46.235,1.26705,1.2673,1.00,1.00
2010.06.04 06:14:46.781,1.26705,1.2673,1.00,1.00
2010.06.04 06:14:46.956,1.267,1.2673,1.00,1.00
2010.06.04 06:14:50.016,1.2669,1.26725,1.00,3.10
2010.06.04 06:14:50.488,1.2669,1.26715,1.00,1.60
2010.06.04 06:14:50.609,1.2668,1.2671,1.00,3.10
2010.06.04 06:14:50.729,1.26685,1.26705,1.00,1.00
2010.06.04 06:14:51.847,1.26685,1.26715,1.00,1.00
2010.06.04 06:14:52.866,1.26685,1.2672,1.00,2.30
2010.06.04 06:14:53.664,1.2669,1.2672,1.00,1.00
2010.06.04 06:14:53.874,1.26695,1.26725,1.00,1.00
2010.06.04 06:14:54.659,1.26695,1.2673,1.00,3.90
2010.06.04 06:14:55.013,1.26705,1.26735,1.00,1.00
2010.06.04 06:14:55.357,1.26705,1.2674,1.00,1.00
2010.06.04 06:14:56.138,1.267,1.2674,2.80,1.00
2010.06.04 06:14:56.493,1.2669,1.26735,3.60,3.70
2010.06.04 06:14:56.837,1.267,1.26735,1.00,2.30
2010.06.04 06:14:57.944,1.267,1.2674,2.00,3.90
2010.06.04 06:14:58.098,1.267,1.2674,1.90,3.90
2010.06.04 06:14:58.397,1.267,1.2674,1.00,3.90
2010.06.04 06:14:59.435,1.267,1.2674,1.20,3.90
2010.06.04 06:15:01.818,1.26705,1.2674,1.00,3.90
2010.06.04 06:15:02.071,1.26705,1.2674,1.00,1.00
2010.06.04 06:15:02.314,1.26705,1.26745,1.00,3.90
2010.06.04 06:15:05.142,1.267,1.26745,3.80,3.90
2010.06.04 06:15:06.545,1.267,1.26745,3.80,4.10
2010.06.04 06:15:08.604,1.267,1.26745,3.80,3.90
2010.06.04 06:15:08.746,1.267,1.26745,3.80,4.10
2010.06.04 06:15:11.543,1.26705,1.26745,1.00,3.90
2010.06.04 06:15:12.005,1.2671,1.26745,1.00,3.10
2010.06.04 06:15:12.113,1.267,1.2675,4.60,3.90
2010.06.04 06:15:17.446,1.2671,1.2675,1.40,3.90
2010.06.04 06:15:17.765,1.2671,1.2675,2.20,3.90
2010.06.04 06:15:18.360,1.26705,1.2675,1.00,3.90
2010.06.04 06:15:23.157,1.2671,1.2675,1.00,3.90
2010.06.04 06:15:23.316,1.2671,1.2675,1.00,2.30
2010.06.04 06:15:25.134,1.2671,1.2675,3.80,2.30
2010.06.04 06:15:26.084,1.26715,1.26755,1.00,3.10
2010.06.04 06:15:27.034,1.26715,1.26755,1.00,3.70
2010.06.04 06:15:27.776,1.2671,1.2675,2.40,1.00
2010.06.04 06:15:28.617,1.26705,1.2675,3.00,3.90
2010.06.04 06:15:32.535,1.26705,1.2675,3.80,3.90
2010.06.04 06:15:33.259,1.2671,1.2675,1.00,3.90
2010.06.04 06:15:35.634,1.26705,1.2675,3.00,3.90
2010.06.04 06:15:37.308,1.26705,1.26745,3.00,1.00
2010.06.04 06:15:37.625,1.26705,1.26745,2.40,1.00
2010.06.04 06:15:39.523,1.26705,1.26745,2.40,1.60
2010.06.04 06:15:39.603,1.26705,1.26745,1.00,3.10
2010.06.04 06:15:45.323,1.26705,1.26745,1.00,2.30
2010.06.04 06:15:45.424,1.26705,1.26745,2.40,1.00
2010.06.04 06:15:45.814,1.26705,1.26745,2.90,1.00
2010.06.04 06:15:49.013,1.2671,1.26745,1.00,1.00
2010.06.04 06:15:49.759,1.2671,1.2675,1.00,2.30
2010.06.04 06:15:52.013,1.2671,1.2675,1.00,3.90
2010.06.04 06:15:52.236,1.2671,1.26745,1.00,1.50
2010.06.04 06:15:52.457,1.26705,1.26745,1.30,2.30
2010.06.04 06:15:52.965,1.26705,1.26745,1.30,1.00
2010.06.04 06:15:53.146,1.26705,1.2675,2.90,3.90
2010.06.04 06:15:55.564,1.26705,1.26745,2.40,1.00
2010.06.04 06:15:57.229,1.26705,1.26745,1.00,3.10
2010.06.04 06:16:09.723,1.26705,1.26745,2.40,2.30
2010.06.04 06:16:09.815,1.26705,1.26745,3.00,1.00
2010.06.04 06:16:09.903,1.26705,1.2675,3.00,3.90
2010.06.04 06:16:11.036,1.26705,1.2675,3.00,2.30
2010.06.04 06:16:11.134,1.2671,1.2675,1.00,2.30
2010.06.04 06:16:13.344,1.2671,1.2675,1.60,2.30
2010.06.04 06:16:13.444,1.2671,1.2675,2.40,2.30
2010.06.04 06:16:13.494,1.2671,1.2675,4.10,2.30
2010.06.04 06:16:13.544,1.26715,1.2675,1.00,2.30
2010.06.04 06:16:14.022,1.26715,1.2675,2.20,1.00
2010.06.04 06:16:14.077,1.26715,1.26755,3.00,1.00
2010.06.04 06:16:39.143,1.26715,1.26755,3.00,2.30
2010.06.04 06:16:39.339,1.26715,1.26755,1.00,3.90
2010.06.04 06:16:39.543,1.2671,1.26755,3.00,3.90
2010.06.04 06:16:44.356,1.2671,1.26755,3.80,3.90
2010.06.04 06:16:44.405,1.26715,1.26755,1.00,3.90
2010.06.04 06:16:44.556,1.26715,1.26755,1.00,4.70
2010.06.04 06:16:45.033,1.2671,1.26755,3.80,4.70
2010.06.04 06:16:46.055,1.2671,1.2675,3.80,1.50
2010.06.04 06:16:46.303,1.2671,1.2675,2.20,1.50
2010.06.04 06:16:48.512,1.2671,1.2675,2.20,2.30
2010.06.04 06:16:52.073,1.2671,1.2675,2.20,3.90
2010.06.04 06:16:52.369,1.26705,1.26745,2.40,1.00
2010.06.04 06:17:01.472,1.26705,1.26745,3.20,1.00
2010.06.04 06:17:01.613,1.26715,1.26745,1.00,1.00
2010.06.04 06:17:01.755,1.26715,1.2675,1.00,3.90
2010.06.04 06:17:01.893,1.26705,1.2675,2.40,3.90
2010.06.04 06:17:03.268,1.26705,1.26745,1.00,4.70
2010.06.04 06:17:03.925,1.26705,1.2675,3.20,5.40
2010.06.04 06:17:04.145,1.26705,1.2675,3.20,4.70
2010.06.04 06:17:07.584,1.26705,1.26745,2.40,1.00
2010.06.04 06:17:08.038,1.26705,1.26745,1.00,3.90
2010.06.04 06:17:08.165,1.267,1.2674,2.40,1.00
2010.06.04 06:17:09.465,1.267,1.2674,1.60,1.00
2010.06.04 06:17:09.610,1.267,1.2674,1.60,2.30
2010.06.04 06:17:10.737,1.267,1.2674,2.40,2.30
2010.06.04 06:17:10.981,1.2671,1.26745,1.00,3.90
2010.06.04 06:17:11.227,1.2671,1.2675,1.00,3.90
2010.06.04 06:17:11.468,1.26705,1.2674,2.40,1.50
2010.06.04 06:17:12.244,1.267,1.2674,2.20,2.30
2010.06.04 06:17:13.486,1.26705,1.2674,1.60,1.00
2010.06.04 06:17:14.215,1.26705,1.26745,3.00,1.00
2010.06.04 06:17:14.544,1.2671,1.26745,1.00,1.00
2010.06.04 06:17:14.717,1.2671,1.2675,1.00,2.30
2010.06.04 06:17:15.260,1.2671,1.2674,1.00,1.50
2010.06.04 06:17:15.615,1.267,1.2674,1.00,4.70
2010.06.04 06:17:15.958,1.26695,1.2674,2.40,3.90
2010.06.04 06:17:16.718,1.267,1.2674,1.00,3.90
2010.06.04 06:17:17.615,1.267,1.2674,2.20,1.00
2010.06.04 06:17:17.845,1.267,1.2674,1.60,1.60
2010.06.04 06:17:18.521,1.26705,1.26745,1.50,1.60
2010.06.04 06:17:18.779,1.26715,1.2675,1.00,1.60
2010.06.04 06:17:19.466,1.26715,1.26755,1.00,5.40
2010.06.04 06:17:19.722,1.2671,1.2675,2.40,1.60
2010.06.04 06:17:20.407,1.2671,1.2675,3.70,1.00
2010.06.04 06:17:21.159,1.26715,1.26755,2.40,1.00
2010.06.04 06:17:21.419,1.2671,1.2675,2.40,1.00
2010.06.04 06:17:21.925,1.2671,1.2675,1.00,3.10
2010.06.04 06:17:23.060,1.26705,1.26745,1.00,3.90
2010.06.04 06:17:23.195,1.267,1.26745,1.00,3.90
2010.06.04 06:17:23.722,1.267,1.2674,1.00,1.50
2010.06.04 06:17:24.081,1.26695,1.26735,1.60,3.90
2010.06.04 06:17:24.428,1.267,1.26735,1.00,1.00
2010.06.04 06:17:24.917,1.267,1.2674,1.30,2.30
2010.06.04 06:17:25.935,1.267,1.2674,1.00,3.10
2010.06.04 06:17:32.965,1.26695,1.2674,3.20,4.70
2010.06.04 06:17:36.843,1.26705,1.2674,1.00,3.90
2010.06.04 06:17:37.611,1.267,1.2674,3.20,1.00
2010.06.04 06:17:37.947,1.267,1.2674,2.90,1.00
2010.06.04 06:17:38.591,1.26705,1.2674,1.00,1.00
2010.06.04 06:17:38.796,1.26705,1.2674,1.00,1.00
2010.06.04 06:17:39.356,1.26705,1.2674,1.00,1.50
2010.06.04 06:17:40.119,1.26695,1.26735,1.00,3.10
2010.06.04 06:17:40.426,1.26695,1.2673,1.00,3.70
2010.06.04 06:17:40.724,1.26685,1.2673,1.00,4.50
2010.06.04 06:17:41.199,1.26685,1.26725,1.00,1.50
2010.06.04 06:17:41.444,1.26685,1.26725,1.00,2.30
2010.06.04 06:17:42.445,1.26685,1.2673,2.90,3.90
2010.06.04 06:17:43.352,1.26695,1.2673,1.00,1.00
2010.06.04 06:17:43.509,1.26695,1.26735,1.00,1.00
2010.06.04 06:17:43.662,1.26695,1.26735,1.30,1.00
2010.06.04 06:17:44.228,1.26695,1.26725,1.00,1.00
2010.06.04 06:17:44.378,1.26695,1.26735,1.00,3.10
2010.06.04 06:17:46.605,1.26695,1.26735,1.00,5.40
2010.06.04 06:17:46.815,1.2669,1.26725,2.40,1.00
2010.06.04 06:17:54.363,1.2669,1.26725,2.40,1.00
2010.06.04 06:17:54.464,1.2669,1.26725,1.00,1.40
2010.06.04 06:17:55.044,1.26685,1.26725,2.40,1.40
2010.06.04 06:17:55.395,1.26675,1.2672,2.40,1.00
2010.06.04 06:17:57.085,1.26675,1.2672,3.80,1.00
2010.06.04 06:17:59.007,1.26675,1.2672,3.80,3.90
2010.06.04 06:18:00.695,1.2668,1.2672,2.40,1.00
2010.06.04 06:18:03.464,1.26685,1.26725,1.00,3.10
2010.06.04 06:18:06.774,1.2669,1.26725,1.00,2.30
2010.06.04 06:18:07.055,1.2669,1.26725,1.00,1.00
2010.06.04 06:18:07.603,1.2669,1.26715,1.00,1.00
2010.06.04 06:18:11.699,1.2669,1.26725,1.00,1.00
2010.06.04 06:18:13.533,1.26685,1.26725,2.40,1.60
2010.06.04 06:18:14.045,1.26685,1.26725,2.40,3.10
2010.06.04 06:18:14.303,1.26685,1.26725,1.00,3.10
2010.06.04 06:18:17.394,1.26685,1.26725,1.00,2.30
2010.06.04 06:18:17.605,1.26685,1.26725,1.00,3.10
2010.06.04 06:18:18.025,1.26685,1.26725,1.00,3.70
2010.06.04 06:18:20.155,1.2668,1.2672,2.40,1.00
2010.06.04 06:18:27.356,1.2668,1.2672,3.20,1.30
2010.06.04 06:18:27.496,1.2668,1.2672,1.00,4.30
2010.06.04 06:18:27.634,1.2668,1.2672,1.00,4.50
2010.06.04 06:18:29.335,1.2668,1.26715,1.00,1.00
2010.06.04 06:18:30.005,1.2668,1.2672,1.00,4.50
2010.06.04 06:18:32.237,1.26675,1.26715,1.00,3.70
2010.06.04 06:18:32.354,1.26675,1.26715,1.00,2.90
2010.06.04 06:18:32.473,1.26675,1.26715,1.00,2.30
2010.06.04 06:18:32.714,1.2668,1.2672,1.00,4.30
2010.06.04 06:18:32.953,1.2668,1.2672,1.00,4.50
2010.06.04 06:18:34.314,1.2668,1.26715,1.00,1.00
2010.06.04 06:18:34.563,1.2668,1.26715,1.00,1.30
2010.06.04 06:18:34.696,1.26675,1.26715,1.00,2.10
2010.06.04 06:18:34.824,1.2666,1.26715,3.20,1.30
2010.06.04 06:18:35.275,1.2666,1.26715,4.80,1.30
2010.06.04 06:18:35.615,1.26665,1.2672,1.60,1.00
2010.06.04 06:18:35.955,1.26665,1.2672,1.40,1.00
2010.06.04 06:18:37.186,1.26665,1.2672,3.00,1.00
2010.06.04 06:18:37.788,1.26675,1.2672,1.00,1.00
2010.06.04 06:18:38.047,1.26675,1.2672,1.40,1.00
2010.06.04 06:18:38.734,1.26675,1.2673,2.20,1.00
2010.06.04 06:18:41.634,1.26675,1.2673,1.40,1.30
2010.06.04 06:18:41.814,1.26675,1.26725,1.00,1.30
2010.06.04 06:18:42.246,1.2667,1.26725,3.00,1.30
2010.06.04 06:18:42.924,1.2667,1.26725,2.20,1.30
2010.06.04 06:18:44.145,1.26675,1.26725,1.00,1.30
2010.06.04 06:18:44.276,1.26675,1.26725,1.00,1.00
2010.06.04 06:18:44.406,1.26675,1.2673,1.40,2.60
2010.06.04 06:18:44.536,1.26675,1.2673,1.40,2.50
2010.06.04 06:18:44.793,1.26675,1.2673,1.40,1.00
2010.06.04 06:18:45.053,1.26675,1.2673,1.40,1.00
2010.06.04 06:18:46.676,1.26675,1.2673,1.00,1.30
2010.06.04 06:18:46.715,1.26675,1.2673,1.00,2.90
2010.06.04 06:18:46.847,1.26675,1.26725,1.00,1.00
2010.06.04 06:18:46.884,1.2667,1.26725,4.40,1.00
2010.06.04 06:18:47.348,1.26675,1.26725,1.00,1.30
2010.06.04 06:18:47.694,1.26675,1.2673,1.00,1.20
2010.06.04 06:18:48.037,1.26675,1.2673,1.60,1.00
2010.06.04 06:18:48.377,1.26675,1.2673,1.50,1.00
2010.06.04 06:18:48.605,1.26675,1.26725,1.00,1.00
2010.06.04 06:18:49.216,1.26675,1.2672,1.00,1.00
2010.06.04 06:18:49.448,1.2667,1.26725,3.10,1.00
2010.06.04 06:18:49.747,1.2667,1.2673,3.50,2.10
2010.06.04 06:18:50.043,1.2667,1.2673,2.90,2.10
2010.06.04 06:18:50.787,1.26675,1.2673,1.60,2.10
2010.06.04 06:18:51.079,1.26675,1.26725,1.60,1.00
2010.06.04 06:18:52.196,1.2667,1.2672,2.00,1.00
2010.06.04 06:18:53.075,1.2667,1.2672,1.60,1.00
2010.06.04 06:18:57.679,1.26675,1.26725,1.00,1.20
2010.06.04 06:18:58.145,1.26675,1.26725,1.00,1.30
2010.06.04 06:18:58.285,1.26675,1.26725,1.40,1.30
2010.06.04 06:18:58.426,1.26675,1.26725,1.00,1.30
2010.06.04 06:19:03.824,1.26665,1.2672,6.00,1.00
2010.06.04 06:19:03.934,1.26665,1.2672,4.40,1.00
2010.06.04 06:19:04.469,1.26665,1.2672,1.60,1.00
2010.06.04 06:19:04.866,1.26665,1.2672,1.50,1.00
2010.06.04 06:19:05.734,1.2667,1.2672,1.00,1.00
2010.06.04 06:19:06.264,1.26675,1.2672,1.00,1.00
2010.06.04 06:19:06.961,1.26675,1.26725,1.00,3.70
2010.06.04 06:19:08.488,1.26675,1.2671,1.00,1.50
2010.06.04 06:19:08.836,1.26675,1.2671,1.00,2.30
2010.06.04 06:19:11.361,1.26685,1.2671,1.00,2.30
2010.06.04 06:19:11.506,1.26695,1.26735,1.40,2.30
2010.06.04 06:19:11.768,1.26695,1.26735,1.00,2.30
2010.06.04 06:19:12.291,1.2669,1.26735,1.40,3.90
2010.06.04 06:19:12.639,1.2669,1.26725,1.00,3.90
2010.06.04 06:19:13.883,1.26685,1.26725,1.00,3.90
2010.06.04 06:19:15.784,1.26685,1.26725,1.70,3.90
2010.06.04 06:19:16.065,1.2669,1.26725,1.00,1.00
2010.06.04 06:19:17.779,1.26685,1.26725,1.40,3.90
2010.06.04 06:19:18.743,1.26685,1.26725,1.60,3.90
2010.06.04 06:19:20.071,1.26685,1.26725,1.40,3.90
2010.06.04 06:19:20.347,1.2669,1.26725,1.00,3.90
2010.06.04 06:19:20.485,1.26685,1.26725,1.60,3.90
2010.06.04 06:19:20.626,1.26685,1.26725,1.40,3.90
2010.06.04 06:19:20.894,1.26685,1.26725,1.50,3.90
2010.06.04 06:19:21.815,1.26685,1.26725,1.60,3.90
2010.06.04 06:19:22.084,1.26685,1.26725,1.40,3.90
2010.06.04 06:19:23.824,1.26685,1.26725,1.60,3.90
2010.06.04 06:19:24.173,1.26685,1.26725,1.40,3.90
2010.06.04 06:19:24.333,1.26685,1.26725,1.60,3.90
2010.06.04 06:19:24.900,1.26685,1.26725,1.40,3.90
2010.06.04 06:19:25.067,1.26685,1.26725,1.60,3.90
2010.06.04 06:19:29.893,1.26685,1.26725,1.40,3.90
2010.06.04 06:19:32.746,1.26685,1.2672,1.40,1.50
2010.06.04 06:19:33.077,1.2668,1.2672,1.00,2.30
2010.06.04 06:19:36.444,1.2668,1.2672,1.00,2.30
2010.06.04 06:19:36.594,1.2668,1.2672,1.00,2.30
2010.06.04 06:19:39.916,1.2668,1.2672,1.00,2.30
2010.06.04 06:19:40.904,1.2668,1.2672,1.00,2.30
2010.06.04 06:19:41.115,1.26675,1.26715,1.60,1.00
2010.06.04 06:19:45.454,1.26675,1.26715,1.40,1.00
2010.06.04 06:19:45.993,1.26675,1.26715,1.00,2.40
2010.06.04 06:19:46.164,1.26675,1.26715,1.00,3.90
2010.06.04 06:19:47.565,1.26675,1.26715,1.60,2.30
2010.06.04 06:19:47.908,1.26675,1.26715,1.00,2.30
2010.06.04 06:19:48.244,1.26675,1.2671,1.00,1.00
2010.06.04 06:19:49.883,1.2667,1.2671,3.20,1.00
2010.06.04 06:19:51.214,1.2667,1.2671,2.50,1.00
2010.06.04 06:19:52.206,1.2668,1.26715,1.00,1.60
2010.06.04 06:19:52.341,1.2668,1.26715,2.40,1.00
2010.06.04 06:19:52.585,1.2668,1.2672,3.20,1.00
2010.06.04 06:19:58.633,1.2668,1.2672,2.40,1.60
2010.06.04 06:19:59.175,1.2668,1.2672,2.40,2.00
2010.06.04 06:19:59.677,1.2668,1.2671,1.60,1.00
2010.06.04 06:19:59.960,1.2668,1.2672,1.00,3.90
2010.06.04 06:20:01.954,1.2668,1.2672,1.00,3.90
2010.06.04 06:20:02.963,1.2668,1.2672,1.00,3.90
2010.06.04 06:20:08.634,1.2668,1.2672,1.00,4.50
2010.06.04 06:20:09.197,1.26675,1.26715,2.40,1.00
2010.06.04 06:20:09.485,1.26675,1.26715,2.50,1.00
2010.06.04 06:20:12.545,1.2668,1.2672,1.00,1.00
2010.06.04 06:20:15.016,1.2668,1.2672,1.30,1.00
2010.06.04 06:20:16.626,1.2668,1.2672,2.90,1.00
2010.06.04 06:20:19.255,1.2668,1.2672,2.40,1.60
2010.06.04 06:20:19.772,1.2668,1.2672,1.00,4.70
2010.06.04 06:20:20.118,1.26675,1.2672,2.40,3.90
2010.06.04 06:20:20.454,1.2668,1.2672,1.00,2.30
2010.06.04 06:20:20.794,1.2668,1.2672,1.00,2.30
2010.06.04 06:20:23.494,1.2668,1.2672,1.00,5.30
2010.06.04 06:20:23.595,1.2668,1.2672,1.00,5.30
2010.06.04 06:20:23.695,1.26675,1.26715,2.40,1.00
2010.06.04 06:20:29.677,1.26675,1.2672,2.90,3.90
2010.06.04 06:20:32.493,1.2668,1.2672,2.90,1.00
2010.06.04 06:20:33.869,1.2668,1.2672,2.40,1.00
2010.06.04 06:20:41.335,1.2668,1.2672,1.00,2.30
2010.06.04 06:20:42.816,1.2668,1.2672,1.00,3.90
2010.06.04 06:20:43.289,1.26675,1.26715,1.30,1.00
2010.06.04 06:20:46.828,1.2668,1.26715,1.00,1.00
2010.06.04 06:20:46.916,1.2668,1.2672,1.00,2.30
2010.06.04 06:20:52.605,1.2668,1.2672,2.40,1.00
2010.06.04 06:20:59.833,1.2668,1.26725,2.40,3.90
2010.06.04 06:21:01.318,1.2668,1.26725,3.20,3.90
2010.06.04 06:21:18.146,1.2668,1.26725,1.00,1.50
2010.06.04 06:21:18.354,1.2668,1.2673,1.00,1.00
2010.06.04 06:21:23.396,1.26675,1.26725,1.30,1.30
2010.06.04 06:21:24.103,1.26675,1.26725,1.00,1.30
2010.06.04 06:21:24.254,1.26675,1.26725,1.00,1.70
2010.06.04 06:21:24.536,1.26675,1.26725,1.00,2.30
2010.06.04 06:21:24.874,1.26675,1.26725,1.00,2.80
2010.06.04 06:21:25.214,1.26675,1.2672,1.00,1.00
2010.06.04 06:21:27.345,1.2667,1.2672,1.00,1.00
2010.06.04 06:21:27.465,1.26665,1.2672,3.10,1.00
2010.06.04 06:21:28.154,1.26665,1.26715,3.10,1.00
2010.06.04 06:21:28.837,1.26665,1.26715,1.00,1.20
2010.06.04 06:21:29.175,1.26665,1.2671,1.00,3.10
2010.06.04 06:21:30.085,1.26665,1.26705,1.30,1.00
2010.06.04 06:21:39.295,1.2667,1.2671,1.00,2.30
2010.06.04 06:21:43.766,1.26675,1.2671,1.00,1.50
2010.06.04 06:21:43.925,1.26675,1.26715,1.00,4.30
2010.06.04 06:21:45.086,1.26675,1.26715,1.00,3.90
2010.06.04 06:21:45.426,1.26675,1.26715,1.30,3.90
2010.06.04 06:21:47.475,1.26675,1.26715,1.30,2.40
2010.06.04 06:21:47.645,1.26675,1.26715,2.90,1.00
2010.06.04 06:21:54.636,1.26675,1.26715,1.30,3.90
2010.06.04 06:21:55.805,1.26675,1.26715,1.00,3.90
2010.06.04 06:21:57.334,1.2667,1.2671,1.00,2.30
2010.06.04 06:22:04.295,1.26675,1.26715,1.00,3.90
2010.06.04 06:22:04.469,1.26665,1.26705,1.30,2.30
2010.06.04 06:22:09.083,1.26665,1.26705,1.00,2.30
2010.06.04 06:22:09.553,1.26665,1.267,1.00,3.10
2010.06.04 06:22:09.686,1.2666,1.267,1.60,3.90
2010.06.04 06:22:11.316,1.2666,1.267,1.00,3.90
2010.06.04 06:22:12.545,1.2666,1.2669,1.00,1.60
2010.06.04 06:22:13.222,1.26645,1.26685,1.00,1.00
2010.06.04 06:22:13.500,1.2664,1.26685,4.70,4.70
2010.06.04 06:22:13.774,1.2664,1.26685,3.10,4.70
2010.06.04 06:22:14.830,1.2664,1.26675,1.00,1.00
2010.06.04 06:22:15.180,1.26645,1.2667,1.00,1.00
2010.06.04 06:22:15.978,1.2664,1.26675,2.70,1.00
2010.06.04 06:22:16.317,1.2665,1.26675,1.00,1.00
2010.06.04 06:22:17.110,1.26655,1.26685,1.60,1.00
2010.06.04 06:22:17.418,1.2666,1.267,1.00,2.30
2010.06.04 06:22:18.200,1.26655,1.26695,1.00,1.00
2010.06.04 06:22:18.888,1.26655,1.26695,2.40,1.00
2010.06.04 06:22:19.648,1.26655,1.267,2.40,3.00
2010.06.04 06:22:20.387,1.26655,1.26695,1.00,1.00
2010.06.04 06:22:21.907,1.26655,1.26695,1.00,3.90
2010.06.04 06:22:22.572,1.26655,1.26695,2.40,2.30
2010.06.04 06:22:22.911,1.26655,1.26695,1.00,1.00
2010.06.04 06:22:23.258,1.26655,1.26695,1.00,3.90
2010.06.04 06:22:28.287,1.26655,1.26695,1.00,4.70
2010.06.04 06:22:28.559,1.26645,1.2669,2.40,3.90
2010.06.04 06:22:28.837,1.26645,1.2669,3.00,3.90
2010.06.04 06:22:30.516,1.2666,1.2669,1.00,1.00
2010.06.04 06:22:30.856,1.26645,1.2669,1.00,2.20
2010.06.04 06:22:31.317,1.2664,1.2669,2.40,5.40
2010.06.04 06:22:31.663,1.2665,1.2669,2.40,2.30
2010.06.04 06:22:32.656,1.2665,1.2669,2.40,1.00
2010.06.04 06:22:33.328,1.2665,1.26695,3.00,2.30
2010.06.04 06:22:33.609,1.26655,1.267,1.00,3.90
2010.06.04 06:22:34.137,1.2665,1.26695,2.40,2.30
2010.06.04 06:22:35.368,1.26655,1.26695,2.40,1.00
2010.06.04 06:22:35.886,1.26655,1.26695,1.00,3.90
2010.06.04 06:22:36.324,1.2665,1.26695,2.40,3.90
2010.06.04 06:22:36.765,1.2665,1.26695,3.20,3.90
2010.06.04 06:22:37.462,1.26655,1.267,3.80,3.90
2010.06.04 06:22:38.211,1.2666,1.267,1.00,3.90
2010.06.04 06:22:38.458,1.26665,1.267,1.00,1.00
2010.06.04 06:22:39.097,1.26665,1.26705,1.00,2.30
2010.06.04 06:22:39.933,1.26665,1.26705,1.00,1.00
2010.06.04 06:22:40.282,1.2667,1.2671,1.30,1.00
2010.06.04 06:22:40.631,1.26675,1.26715,1.00,2.30
2010.06.04 06:22:43.181,1.26675,1.2671,1.00,1.00
2010.06.04 06:22:44.945,1.26675,1.26715,1.00,2.30
2010.06.04 06:22:46.026,1.26675,1.2671,1.00,1.00
2010.06.04 06:22:46.640,1.2667,1.2671,1.00,1.00
2010.06.04 06:22:50.373,1.2667,1.2671,2.40,1.00
2010.06.04 06:22:58.145,1.2667,1.2671,1.00,1.00
2010.06.04 06:22:58.295,1.2667,1.2671,1.00,1.00
2010.06.04 06:22:58.584,1.2667,1.2671,1.00,3.90
2010.06.04 06:22:58.880,1.26665,1.2671,2.40,4.50
2010.06.04 06:22:59.426,1.26665,1.26705,1.00,2.30
2010.06.04 06:23:01.601,1.26665,1.2671,2.90,2.30
2010.06.04 06:23:03.865,1.26665,1.2671,4.50,2.30
2010.06.04 06:23:04.705,1.26665,1.2671,2.90,2.30
2010.06.04 06:23:04.985,1.26665,1.26705,2.40,1.00
2010.06.04 06:23:05.926,1.26665,1.2671,2.40,3.00
2010.06.04 06:23:06.110,1.26665,1.2671,2.90,2.30
2010.06.04 06:23:07.722,1.26665,1.2671,4.50,2.30
2010.06.04 06:23:08.909,1.26665,1.26705,1.00,1.60
2010.06.04 06:23:09.084,1.26665,1.26705,1.00,3.10
2010.06.04 06:23:09.739,1.26655,1.26695,1.00,2.30
2010.06.04 06:23:11.626,1.26655,1.26695,1.00,2.30
2010.06.04 06:23:11.925,1.26655,1.26695,1.00,2.30
2010.06.04 06:23:15.709,1.2665,1.2669,1.00,2.30
2010.06.04 06:23:16.150,1.2665,1.2669,2.40,2.30
2010.06.04 06:23:16.484,1.26645,1.26685,1.00,3.90
2010.06.04 06:23:17.494,1.26645,1.26685,1.00,3.90
2010.06.04 06:23:17.675,1.2664,1.26685,6.30,3.90
2010.06.04 06:23:17.946,1.26655,1.26695,1.30,2.90
2010.06.04 06:23:18.535,1.2666,1.26695,2.10,1.00
2010.06.04 06:23:18.681,1.26665,1.26705,1.60,1.00
2010.06.04 06:23:18.965,1.26665,1.26705,2.40,1.00
2010.06.04 06:23:19.606,1.26665,1.267,1.00,1.50
2010.06.04 06:23:19.956,1.26655,1.26695,1.20,3.10
2010.06.04 06:23:20.298,1.26655,1.26695,1.00,3.90
2010.06.04 06:23:21.410,1.26655,1.2669,1.00,1.50
2010.06.04 06:23:21.759,1.2665,1.2668,1.00,1.50
2010.06.04 06:23:22.593,1.2665,1.26695,2.40,4.70
2010.06.04 06:23:22.937,1.26655,1.26695,1.00,3.90
2010.06.04 06:23:23.217,1.2665,1.26695,4.50,3.90
2010.06.04 06:23:24.158,1.2665,1.26685,3.20,1.50
2010.06.04 06:23:24.301,1.2665,1.2669,1.60,2.30
2010.06.04 06:23:25.274,1.2665,1.2669,1.00,3.90
2010.06.04 06:23:25.726,1.2665,1.2669,4.80,1.00
2010.06.04 06:23:26.420,1.2665,1.26695,6.10,2.30
2010.06.04 06:23:26.546,1.26655,1.267,2.40,3.90
2010.06.04 06:23:26.994,1.26655,1.26695,2.40,1.00
2010.06.04 06:23:27.784,1.2665,1.2669,1.60,2.30
2010.06.04 06:23:28.806,1.2666,1.26695,1.30,2.30
2010.06.04 06:23:29.433,1.2666,1.26695,1.30,1.00
2010.06.04 06:23:29.736,1.2666,1.267,2.10,2.30
2010.06.04 06:23:30.519,1.2666,1.26695,1.30,3.90
2010.06.04 06:23:31.205,1.2666,1.26695,1.00,3.90
2010.06.04 06:23:31.496,1.26655,1.26695,1.00,4.70
2010.06.04 06:23:33.522,1.26655,1.26695,1.00,5.30
2010.06.04 06:23:34.839,1.26655,1.26695,1.00,4.50
2010.06.04 06:23:35.130,1.26655,1.26695,1.00,3.90
2010.06.04 06:23:35.696,1.26655,1.2669,1.00,1.50
2010.06.04 06:23:36.533,1.2665,1.2669,1.60,2.30
2010.06.04 06:23:37.994,1.2665,1.2669,2.10,2.30
2010.06.04 06:23:40.966,1.26655,1.2669,1.00,2.30
2010.06.04 06:23:41.410,1.2665,1.2669,2.10,2.30
2010.06.04 06:23:42.926,1.2666,1.2669,1.30,1.00
2010.06.04 06:23:43.723,1.26655,1.26695,1.00,3.90
2010.06.04 06:23:43.849,1.2665,1.2669,5.60,1.00
2010.06.04 06:23:43.974,1.2665,1.2669,3.60,1.00
2010.06.04 06:23:44.097,1.2665,1.2669,2.00,1.00
2010.06.04 06:23:44.334,1.2665,1.2669,2.10,1.00
2010.06.04 06:23:44.792,1.2665,1.2669,2.90,1.00
2010.06.04 06:23:45.141,1.26655,1.26695,1.30,2.30
2010.06.04 06:24:03.155,1.26655,1.26695,2.10,2.30
2010.06.04 06:24:03.295,1.2666,1.26695,1.00,1.50
2010.06.04 06:24:03.437,1.2666,1.267,1.30,3.90
2010.06.04 06:24:05.796,1.2666,1.267,1.00,4.10
2010.06.04 06:24:06.015,1.26655,1.2669,2.90,1.00
2010.06.04 06:24:10.216,1.26655,1.2669,1.00,1.00
2010.06.04 06:24:10.437,1.2665,1.2669,2.40,1.00
2010.06.04 06:24:15.559,1.26655,1.2669,1.30,1.00
2010.06.04 06:24:17.210,1.26655,1.26695,1.30,1.60
2010.06.04 06:24:17.656,1.2666,1.26695,1.00,1.60
2010.06.04 06:24:17.843,1.26675,1.26705,1.00,1.00
2010.06.04 06:24:18.031,1.26675,1.26715,1.60,1.60
2010.06.04 06:24:18.219,1.26685,1.26715,1.00,1.00
2010.06.04 06:24:18.831,1.26695,1.2673,2.10,1.00
2010.06.04 06:24:19.178,1.267,1.2673,1.00,1.00
2010.06.04 06:24:19.799,1.267,1.2673,1.00,1.60
2010.06.04 06:24:20.145,1.26675,1.2672,1.00,2.30
2010.06.04 06:24:20.487,1.26675,1.2672,1.00,2.30
2010.06.04 06:24:21.623,1.2668,1.26715,1.00,1.50
2010.06.04 06:24:21.971,1.26675,1.2671,1.00,1.60
2010.06.04 06:24:22.701,1.2667,1.2671,1.00,3.90
2010.06.04 06:24:22.995,1.26665,1.26695,1.00,1.00
2010.06.04 06:24:23.746,1.26655,1.26705,1.00,6.10
2010.06.04 06:24:24.062,1.26655,1.267,1.00,6.10
2010.06.04 06:24:24.587,1.26655,1.267,1.00,4.50
2010.06.04 06:24:24.849,1.2666,1.267,1.00,3.90
2010.06.04 06:24:25.602,1.26665,1.26705,2.40,2.30
2010.06.04 06:24:27.846,1.26665,1.26705,1.00,2.30
2010.06.04 06:24:28.029,1.26665,1.26705,1.00,2.30
2010.06.04 06:24:30.358,1.26665,1.26705,2.90,2.30
2010.06.04 06:24:30.628,1.26665,1.2671,2.90,3.90
2010.06.04 06:24:31.358,1.26665,1.26705,2.40,1.40
2010.06.04 06:24:31.666,1.26665,1.26705,2.40,3.00
2010.06.04 06:24:36.048,1.2666,1.267,1.00,2.30
2010.06.04 06:24:36.159,1.2666,1.267,1.00,3.00
2010.06.04 06:24:36.260,1.26665,1.267,1.00,2.20
2010.06.04 06:24:36.360,1.26665,1.267,1.00,1.00
2010.06.04 06:24:36.458,1.26665,1.26705,1.00,2.30
2010.06.04 06:24:36.991,1.2666,1.267,1.00,2.20
2010.06.04 06:24:37.176,1.2666,1.267,1.00,2.30
2010.06.04 06:24:37.516,1.2666,1.267,1.60,1.00
2010.06.04 06:24:38.289,1.2666,1.26705,2.40,3.90
2010.06.04 06:24:38.858,1.2666,1.267,2.40,1.00
2010.06.04 06:24:39.100,1.2666,1.267,1.00,3.00
2010.06.04 06:24:39.348,1.2666,1.267,2.40,2.30
2010.06.04 06:24:39.537,1.2666,1.267,2.40,1.00
2010.06.04 06:24:40.135,1.2666,1.26705,2.40,4.70
2010.06.04 06:24:40.506,1.26665,1.26705,1.00,3.90
2010.06.04 06:24:40.846,1.26665,1.26705,2.20,2.30
2010.06.04 06:24:41.186,1.26665,1.26705,3.00,2.30
2010.06.04 06:24:41.525,1.2667,1.26705,1.00,2.30
2010.06.04 06:24:44.224,1.26665,1.26705,1.00,2.30
2010.06.04 06:24:44.434,1.26665,1.26705,1.00,3.10
2010.06.04 06:24:45.051,1.26665,1.26705,1.00,2.30
2010.06.04 06:24:46.716,1.26665,1.26705,1.60,2.30
2010.06.04 06:24:46.895,1.2667,1.26705,1.00,2.30
2010.06.04 06:24:47.613,1.26665,1.26705,1.00,2.30
2010.06.04 06:24:50.495,1.2666,1.267,3.00,1.00
2010.06.04 06:24:53.826,1.2666,1.267,2.20,3.90
2010.06.04 06:24:54.138,1.2666,1.267,3.00,3.90
2010.06.04 06:24:57.864,1.2666,1.267,2.20,3.90
2010.06.04 06:25:03.660,1.2665,1.2669,1.00,3.10
2010.06.04 06:25:03.837,1.2665,1.26685,1.00,1.00
2010.06.04 06:25:04.006,1.2665,1.26685,1.00,3.10
2010.06.04 06:25:04.347,1.26645,1.26685,1.00,3.90
2010.06.04 06:25:05.137,1.26645,1.26685,1.00,1.00
2010.06.04 06:25:07.835,1.26645,1.26685,2.40,1.00
2010.06.04 06:25:08.005,1.26645,1.26685,2.40,1.00
2010.06.04 06:25:09.111,1.2665,1.26685,1.00,1.50
2010.06.04 06:25:09.450,1.26645,1.26685,2.40,1.00
2010.06.04 06:25:10.173,1.2665,1.2669,1.00,3.90
2010.06.04 06:25:10.483,1.2665,1.2669,1.30,1.00
2010.06.04 06:25:10.827,1.2665,1.26695,2.90,2.30
2010.06.04 06:25:12.105,1.26655,1.267,2.40,6.50
2010.06.04 06:25:12.704,1.26655,1.267,2.40,6.10
2010.06.04 06:25:14.755,1.26655,1.267,2.40,6.20
2010.06.04 06:25:14.886,1.26655,1.26695,2.40,1.00
2010.06.04 06:25:19.256,1.26655,1.26695,1.00,3.90
2010.06.04 06:25:20.014,1.26655,1.26695,2.40,1.00
2010.06.04 06:25:26.060,1.26655,1.26695,2.40,1.60
2010.06.04 06:25:27.045,1.26665,1.267,1.60,1.00
2010.06.04 06:25:27.342,1.26665,1.26705,1.00,3.80
2010.06.04 06:25:27.610,1.26665,1.26705,1.00,3.50
2010.06.04 06:25:27.879,1.26665,1.26705,2.40,1.00
2010.06.04 06:25:28.573,1.2666,1.26695,1.00,1.00
2010.06.04 06:25:30.727,1.2666,1.26695,1.00,1.00
2010.06.04 06:25:31.035,1.26655,1.26685,1.00,1.00
2010.06.04 06:25:31.688,1.2665,1.26685,1.00,1.00
2010.06.04 06:25:31.941,1.2665,1.26685,2.40,1.00
2010.06.04 06:25:32.665,1.2665,1.2669,2.40,1.40
2010.06.04 06:25:32.915,1.2665,1.26685,2.40,1.00
2010.06.04 06:25:33.258,1.26655,1.2669,1.00,1.00
2010.06.04 06:25:34.008,1.26655,1.26695,1.00,3.50
2010.06.04 06:25:34.345,1.26655,1.26695,1.00,3.40
2010.06.04 06:25:34.605,1.26655,1.2669,1.00,1.10
2010.06.04 06:25:34.865,1.26655,1.26685,1.00,1.00
2010.06.04 06:25:34.997,1.2665,1.26685,1.00,1.00
2010.06.04 06:25:35.125,1.2665,1.2669,1.00,2.70
2010.06.04 06:25:35.555,1.2665,1.2669,1.00,2.30
2010.06.04 06:25:36.195,1.2665,1.2669,2.40,1.00
2010.06.04 06:25:36.718,1.26655,1.26695,1.00,5.30
2010.06.04 06:25:37.765,1.26655,1.2669,1.00,1.00
2010.06.04 06:25:38.005,1.2665,1.2669,1.00,2.30
2010.06.04 06:25:38.245,1.2665,1.2669,1.00,2.60
2010.06.04 06:25:38.365,1.26645,1.26685,2.10,1.00
2010.06.04 06:25:38.485,1.26645,1.26685,1.00,1.60
2010.06.04 06:25:38.988,1.26645,1.26685,3.70,1.00
2010.06.04 06:25:39.237,1.2665,1.26695,1.00,4.70
2010.06.04 06:25:39.831,1.2665,1.26695,2.40,4.70
2010.06.04 06:25:41.679,1.2666,1.26695,1.00,1.00
2010.06.04 06:25:42.154,1.26665,1.267,1.60,1.20
2010.06.04 06:25:42.371,1.26665,1.2671,2.80,3.90
2010.06.04 06:25:43.004,1.26665,1.2671,2.80,4.10
2010.06.04 06:25:44.336,1.26665,1.2671,2.80,3.90
2010.06.04 06:25:45.155,1.26665,1.2671,2.80,4.90
2010.06.04 06:25:45.315,1.26665,1.2671,2.80,7.30
2010.06.04 06:25:45.476,1.26665,1.26705,1.20,3.90
2010.06.04 06:25:46.138,1.26665,1.26705,1.20,4.00
2010.06.04 06:25:46.428,1.26665,1.26705,1.20,3.90
2010.06.04 06:25:46.805,1.26665,1.26705,1.20,4.70
2010.06.04 06:25:46.996,1.26665,1.26705,1.20,3.90
2010.06.04 06:25:47.186,1.26665,1.26705,1.00,5.30
2010.06.04 06:25:47.956,1.2666,1.267,1.60,2.30
2010.06.04 06:25:48.297,1.2666,1.267,2.40,2.30
2010.06.04 06:25:54.036,1.26655,1.267,2.80,2.30
2010.06.04 06:25:54.154,1.26655,1.267,2.40,2.30
2010.06.04 06:25:55.098,1.2666,1.267,1.00,2.30
2010.06.04 06:25:55.456,1.2666,1.267,1.30,1.50
2010.06.04 06:25:55.636,1.26665,1.26705,1.60,2.30
2010.06.04 06:25:55.815,1.26665,1.26705,2.40,2.30
2010.06.04 06:25:56.951,1.26665,1.26705,1.00,2.30
2010.06.04 06:25:57.298,1.26665,1.26695,1.00,1.00
2010.06.04 06:25:57.846,1.26665,1.26705,1.00,3.50
2010.06.04 06:25:58.740,1.26665,1.26705,1.00,3.10
2010.06.04 06:25:59.067,1.26665,1.26705,1.00,3.50
2010.06.04 06:26:00.384,1.26665,1.26705,1.00,3.10
2010.06.04 06:26:01.169,1.26665,1.26705,3.10,2.30
2010.06.04 06:26:04.146,1.26665,1.26705,2.40,3.10
2010.06.04 06:26:04.484,1.26665,1.26705,1.60,3.10
2010.06.04 06:26:04.594,1.2666,1.26705,3.10,3.10
2010.06.04 06:26:04.714,1.2666,1.26705,3.10,3.50
2010.06.04 06:26:07.195,1.2666,1.267,3.10,1.00
2010.06.04 06:26:08.734,1.2666,1.26705,3.10,3.50
2010.06.04 06:26:08.925,1.26665,1.26705,2.40,3.50
2010.06.04 06:26:09.115,1.26665,1.26705,2.40,3.10
2010.06.04 06:26:10.079,1.26665,1.26705,2.40,2.30
2010.06.04 06:26:10.279,1.2667,1.26705,1.00,1.60
2010.06.04 06:26:10.455,1.2667,1.2671,1.00,3.80
2010.06.04 06:26:11.136,1.2667,1.2671,1.00,4.00
2010.06.04 06:26:12.235,1.2667,1.2671,1.00,3.80
2010.06.04 06:26:12.555,1.2667,1.26705,1.00,1.00
2010.06.04 06:26:12.856,1.26665,1.26705,1.60,2.30
2010.06.04 06:26:14.503,1.2667,1.2671,1.00,4.70
2010.06.04 06:26:15.855,1.2667,1.2671,1.00,3.90
2010.06.04 06:26:19.628,1.26675,1.26715,1.00,4.30
2010.06.04 06:26:19.965,1.26675,1.26715,1.00,3.90
2010.06.04 06:26:20.315,1.26675,1.26715,1.00,4.10
2010.06.04 06:26:20.746,1.26675,1.26715,1.00,5.50
2010.06.04 06:26:20.994,1.26665,1.2671,3.20,3.90
2010.06.04 06:26:21.239,1.26675,1.2671,1.00,3.90
2010.06.04 06:26:21.479,1.26675,1.26715,1.60,4.30
2010.06.04 06:26:21.770,1.2668,1.2672,1.60,3.40
2010.06.04 06:26:22.685,1.2668,1.2672,1.00,3.40
2010.06.04 06:26:22.906,1.2668,1.2672,1.00,2.60
2010.06.04 06:26:23.125,1.2668,1.2672,2.40,1.90
2010.06.04 06:26:23.345,1.26685,1.2672,1.00,1.90
2010.06.04 06:26:23.567,1.267,1.26725,1.00,1.00
2010.06.04 06:26:23.757,1.26695,1.2673,1.00,1.20
2010.06.04 06:26:23.945,1.26695,1.2673,1.00,1.00
2010.06.04 06:26:24.134,1.26695,1.2673,1.00,1.00
2010.06.04 06:26:24.843,1.26695,1.2673,2.40,1.00
2010.06.04 06:26:25.000,1.267,1.2674,1.00,4.20
2010.06.04 06:26:25.157,1.267,1.2673,1.00,1.00
2010.06.04 06:26:26.248,1.2669,1.26725,1.00,2.10
2010.06.04 06:26:26.587,1.2669,1.2673,1.00,1.60
2010.06.04 06:26:30.894,1.2669,1.2673,1.00,1.00
2010.06.04 06:26:32.025,1.2669,1.2673,1.00,3.90
2010.06.04 06:26:35.287,1.2669,1.2673,1.00,5.00
2010.06.04 06:26:35.566,1.2669,1.26725,1.00,1.50
2010.06.04 06:26:36.311,1.26685,1.2672,1.00,2.30
2010.06.04 06:26:36.576,1.2668,1.26715,1.20,1.50
2010.06.04 06:26:36.839,1.26675,1.26715,1.00,2.30
2010.06.04 06:26:37.786,1.26675,1.26715,1.00,3.40
2010.06.04 06:26:38.132,1.2667,1.2671,1.00,1.00
2010.06.04 06:26:38.481,1.2667,1.2671,1.00,3.40
2010.06.04 06:26:39.249,1.2667,1.2671,1.00,2.30
2010.06.04 06:26:41.966,1.2667,1.2671,1.30,2.70
2010.06.04 06:26:42.558,1.2667,1.2671,1.00,1.60
2010.06.04 06:26:42.766,1.2667,1.2671,1.00,3.10
2010.06.04 06:26:48.224,1.2667,1.2671,1.00,3.90
2010.06.04 06:26:48.500,1.26665,1.26695,2.40,1.00
2010.06.04 06:26:50.735,1.26665,1.26695,1.00,1.00
2010.06.04 06:26:51.609,1.26665,1.26685,1.00,1.00
2010.06.04 06:26:52.353,1.26655,1.267,2.80,3.50
2010.06.04 06:26:52.696,1.26655,1.267,2.80,4.60
2010.06.04 06:26:53.716,1.26655,1.267,2.80,4.70
2010.06.04 06:26:54.944,1.26655,1.267,2.80,6.30
2010.06.04 06:26:54.985,1.26655,1.26695,2.80,1.00
2010.06.04 06:26:55.115,1.26655,1.26695,2.80,1.00
2010.06.04 06:26:55.154,1.26655,1.26695,1.20,1.00
2010.06.04 06:26:55.986,1.26655,1.26695,1.20,2.30
2010.06.04 06:26:56.313,1.2665,1.2669,1.00,4.10
2010.06.04 06:26:56.621,1.26645,1.26685,1.00,1.00
2010.06.04 06:26:57.366,1.2665,1.26685,1.00,1.00
2010.06.04 06:26:57.696,1.2665,1.26695,2.90,4.30
2010.06.04 06:26:58.016,1.2665,1.26695,2.90,3.90
2010.06.04 06:26:59.556,1.2665,1.2669,2.10,1.50
2010.06.04 06:26:59.812,1.26655,1.26695,1.00,3.90
2010.06.04 06:27:00.056,1.26655,1.26695,1.30,3.90
2010.06.04 06:27:00.306,1.26655,1.26695,2.10,3.90
2010.06.04 06:27:03.527,1.2666,1.26695,1.00,1.00
2010.06.04 06:27:07.784,1.26655,1.26695,3.70,1.00
2010.06.04 06:27:08.406,1.26655,1.26695,2.10,3.90
2010.06.04 06:27:08.659,1.26655,1.26695,3.70,1.00
2010.06.04 06:27:08.797,1.26655,1.267,3.70,3.90
2010.06.04 06:27:11.478,1.26655,1.267,2.90,3.90
2010.06.04 06:27:11.951,1.26655,1.267,2.40,4.30
2010.06.04 06:27:12.290,1.26655,1.267,2.90,5.10
2010.06.04 06:27:12.640,1.2666,1.267,2.40,1.00
2010.06.04 06:27:16.325,1.2666,1.267,1.00,2.30
2010.06.04 06:27:16.425,1.2666,1.267,1.00,3.10
2010.06.04 06:27:16.971,1.2666,1.267,1.20,3.10
2010.06.04 06:27:17.081,1.2666,1.267,2.80,1.00
2010.06.04 06:27:17.187,1.2666,1.26705,2.80,4.60
2010.06.04 06:27:17.286,1.2666,1.267,1.20,1.00
2010.06.04 06:27:17.618,1.2666,1.267,1.20,1.00
2010.06.04 06:27:17.949,1.2666,1.26705,1.20,5.00
2010.06.04 06:27:18.698,1.2666,1.267,2.80,1.00
2010.06.04 06:27:18.999,1.2666,1.26705,2.90,4.10
2010.06.04 06:27:19.310,1.2666,1.26705,2.90,4.50
2010.06.04 06:27:21.464,1.2666,1.26705,2.90,4.90
2010.06.04 06:27:22.276,1.2666,1.267,1.20,1.00
2010.06.04 06:27:22.466,1.2666,1.267,1.20,3.80
2010.06.04 06:27:22.980,1.2666,1.267,1.20,3.40
2010.06.04 06:27:24.093,1.2666,1.2669,1.00,1.00
2010.06.04 06:27:24.312,1.26655,1.26695,2.40,1.90
2010.06.04 06:27:24.956,1.2666,1.26695,1.00,1.90
2010.06.04 06:27:25.171,1.2666,1.267,1.20,2.30
2010.06.04 06:27:28.829,1.2666,1.26695,1.00,1.50
2010.06.04 06:27:29.410,1.2666,1.26695,1.00,3.10
2010.06.04 06:27:29.770,1.26655,1.26695,1.00,3.90
2010.06.04 06:27:32.405,1.26655,1.26695,1.00,4.10
2010.06.04 06:27:32.628,1.2665,1.2669,2.40,2.30
2010.06.04 06:27:33.180,1.2665,1.2669,1.00,2.30
2010.06.04 06:27:33.518,1.2665,1.2669,1.00,3.10
2010.06.04 06:27:34.756,1.2665,1.2669,1.00,4.70
2010.06.04 06:27:35.323,1.26645,1.26685,2.40,2.30
2010.06.04 06:27:35.532,1.26645,1.26685,1.00,2.30
2010.06.04 06:27:39.169,1.26645,1.2668,1.00,1.00
2010.06.04 06:27:39.318,1.26645,1.26685,1.00,3.70
2010.06.04 06:27:39.467,1.26645,1.26685,1.00,2.90
2010.06.04 06:27:39.845,1.26645,1.26685,1.00,2.30
2010.06.04 06:27:43.232,1.26645,1.26685,1.60,2.30
2010.06.04 06:27:47.048,1.26645,1.26685,4.00,2.30
2010.06.04 06:27:47.350,1.26655,1.2669,1.00,1.00
2010.06.04 06:27:50.195,1.26655,1.2669,1.00,1.00
2010.06.04 06:27:50.285,1.26655,1.2669,1.00,2.00
2010.06.04 06:27:50.807,1.26655,1.26685,1.00,1.60
2010.06.04 06:27:51.107,1.2663,1.26675,1.00,2.40
2010.06.04 06:27:51.403,1.2663,1.2666,1.00,1.00
2010.06.04 06:27:52.111,1.2662,1.2666,1.00,3.00
2010.06.04 06:27:52.459,1.26615,1.26645,1.00,1.00
2010.06.04 06:27:52.973,1.26615,1.26645,1.40,1.00
2010.06.04 06:27:53.323,1.26625,1.2667,1.00,1.00
2010.06.04 06:27:53.669,1.26625,1.2667,1.00,2.10
2010.06.04 06:27:54.113,1.26625,1.2667,1.00,3.70
2010.06.04 06:27:54.464,1.2661,1.2665,1.00,3.10
2010.06.04 06:27:54.812,1.2661,1.2665,2.20,3.10
2010.06.04 06:27:55.269,1.2661,1.2665,1.60,3.10
2010.06.04 06:27:55.614,1.26625,1.26665,1.00,1.00
2010.06.04 06:27:55.962,1.2663,1.2668,1.00,1.60
2010.06.04 06:27:56.431,1.2663,1.2668,1.00,2.20
2010.06.04 06:27:56.754,1.26635,1.2667,1.00,1.00
2010.06.04 06:27:57.074,1.2663,1.2667,1.00,4.50
2010.06.04 06:27:57.796,1.2663,1.2667,1.00,2.30
2010.06.04 06:27:58.142,1.2663,1.2667,1.00,1.00
2010.06.04 06:27:59.135,1.2663,1.2667,1.00,2.40
2010.06.04 06:27:59.856,1.2663,1.26665,1.00,1.50
2010.06.04 06:27:59.985,1.2663,1.26665,1.00,1.00
2010.06.04 06:28:00.229,1.26625,1.26665,1.00,1.00
2010.06.04 06:28:01.017,1.26625,1.2667,1.00,8.10
2010.06.04 06:28:01.369,1.26635,1.26675,1.00,2.90
2010.06.04 06:28:01.715,1.2663,1.26675,3.80,2.30
2010.06.04 06:28:02.164,1.26635,1.26675,1.00,2.30
2010.06.04 06:28:02.511,1.26635,1.26675,1.00,2.30
2010.06.04 06:28:02.859,1.26635,1.26675,1.60,2.30
2010.06.04 06:28:03.199,1.2664,1.2668,1.40,1.00
2010.06.04 06:28:06.075,1.2664,1.2668,3.00,1.00
2010.06.04 06:28:08.919,1.26635,1.26675,1.60,2.30
2010.06.04 06:28:09.077,1.26635,1.26675,1.00,2.30
2010.06.04 06:28:09.870,1.26635,1.26675,2.20,2.30
2010.06.04 06:28:12.509,1.2663,1.2667,1.00,2.30
2010.06.04 06:28:13.693,1.26625,1.2666,1.40,1.00
2010.06.04 06:28:16.226,1.26625,1.26665,2.20,2.30
2010.06.04 06:28:17.306,1.26625,1.26665,1.40,2.30
2010.06.04 06:28:18.073,1.26625,1.26665,2.20,2.30
2010.06.04 06:28:19.966,1.26625,1.26665,3.00,2.30
2010.06.04 06:28:20.561,1.26625,1.26665,1.40,2.30
2010.06.04 06:28:20.731,1.2662,1.2666,2.40,1.00
2010.06.04 06:28:21.653,1.2662,1.2666,1.00,3.90
2010.06.04 06:28:21.969,1.26615,1.2666,4.60,3.90
2010.06.04 06:28:23.012,1.26615,1.2666,4.80,3.90
2010.06.04 06:28:23.359,1.26615,1.2666,4.60,3.90
2010.06.04 06:28:23.697,1.26625,1.2666,1.00,4.70
2010.06.04 06:28:24.041,1.26615,1.26655,2.00,2.30
2010.06.04 06:28:24.768,1.26615,1.26655,1.60,2.30
2010.06.04 06:28:25.082,1.26615,1.26655,2.20,2.30
2010.06.04 06:28:25.371,1.26615,1.26655,3.00,2.30
2010.06.04 06:28:25.658,1.2662,1.26655,1.00,2.30
2010.06.04 06:28:26.332,1.2662,1.26655,1.00,1.50
2010.06.04 06:28:26.571,1.2662,1.2666,1.00,3.90
2010.06.04 06:28:29.047,1.26625,1.2666,1.40,3.90
2010.06.04 06:28:29.227,1.26625,1.2666,1.40,1.00
2010.06.04 06:28:29.405,1.26625,1.26665,1.40,3.90
2010.06.04 06:28:30.751,1.26625,1.2666,1.40,1.00
2010.06.04 06:28:30.886,1.26625,1.2666,1.40,3.90
2010.06.04 06:28:31.675,1.2662,1.2666,1.00,3.90
2010.06.04 06:28:32.286,1.26615,1.26655,2.20,3.90
2010.06.04 06:28:33.646,1.26615,1.26655,1.00,3.90
2010.06.04 06:28:34.624,1.26615,1.2665,1.00,2.30
2010.06.04 06:28:34.740,1.2661,1.2665,1.00,2.30
2010.06.04 06:28:38.979,1.26615,1.2665,1.00,2.30
2010.06.04 06:28:44.368,1.2661,1.2665,1.40,2.30
2010.06.04 06:28:44.395,1.2661,1.2665,1.00,2.30
2010.06.04 06:28:45.987,1.26615,1.2665,1.00,2.30
2010.06.04 06:28:46.550,1.26615,1.2665,1.00,3.90
2010.06.04 06:28:46.691,1.2661,1.26655,2.40,3.90
2010.06.04 06:28:48.851,1.26605,1.26645,1.60,2.30
2010.06.04 06:28:49.692,1.26605,1.2665,4.60,2.40
2010.06.04 06:28:50.035,1.2661,1.2665,1.60,1.00
2010.06.04 06:28:50.305,1.2661,1.2665,2.40,1.00
2010.06.04 06:28:51.538,1.2661,1.2665,3.20,1.00
2010.06.04 06:28:51.768,1.26615,1.2665,1.00,1.00
2010.06.04 06:28:53.288,1.26615,1.26655,1.00,2.30
2010.06.04 06:28:54.836,1.26615,1.26655,1.00,2.50
2010.06.04 06:28:55.382,1.2661,1.2665,1.00,3.90
2010.06.04 06:28:55.541,1.26605,1.2665,2.40,3.90
2010.06.04 06:28:55.701,1.26605,1.2665,4.60,3.90
2010.06.04 06:28:56.777,1.26605,1.2665,5.00,3.90
2010.06.04 06:29:05.298,1.2661,1.2665,1.00,3.90
2010.06.04 06:29:05.425,1.2661,1.2665,2.40,2.30
2010.06.04 06:29:05.490,1.26615,1.2665,1.00,1.00
2010.06.04 06:29:06.101,1.26615,1.26655,1.60,2.30
2010.06.04 06:29:07.547,1.2661,1.26655,2.80,3.90
2010.06.04 06:29:08.043,1.2661,1.26655,1.00,4.90
2010.06.04 06:29:08.276,1.2661,1.26655,1.00,4.70
2010.06.04 06:29:08.622,1.2661,1.2665,1.00,1.00
2010.06.04 06:29:09.396,1.2661,1.2665,1.20,1.00
2010.06.04 06:29:11.143,1.26615,1.2665,1.60,1.00
2010.06.04 06:29:11.468,1.26615,1.26655,3.00,2.30
2010.06.04 06:29:13.358,1.26615,1.26655,2.00,2.30
2010.06.04 06:29:14.036,1.26615,1.26655,1.60,2.30
2010.06.04 06:29:20.005,1.26615,1.26655,1.60,3.90
2010.06.04 06:29:20.104,1.26615,1.26655,1.00,3.90
2010.06.04 06:29:20.457,1.2661,1.2665,3.00,1.00
2010.06.04 06:29:20.617,1.2661,1.2665,1.20,3.10
2010.06.04 06:29:21.098,1.2661,1.2665,1.00,3.10
2010.06.04 06:29:21.260,1.26605,1.2665,2.00,3.10
2010.06.04 06:29:21.567,1.2661,1.2665,1.00,3.10
2010.06.04 06:29:26.664,1.2661,1.2665,1.40,3.10
2010.06.04 06:29:27.137,1.2662,1.2665,1.00,2.30
2010.06.04 06:29:32.877,1.26615,1.2665,1.00,2.30
2010.06.04 06:29:33.156,1.2661,1.2665,2.20,2.30
2010.06.04 06:29:33.435,1.2662,1.2665,1.00,2.30
2010.06.04 06:29:34.456,1.2662,1.2665,1.00,3.90
2010.06.04 06:29:34.962,1.26605,1.2664,1.20,2.30
2010.06.04 06:29:35.036,1.26605,1.2664,1.00,2.30
2010.06.04 06:29:44.337,1.26605,1.2664,1.60,2.30
2010.06.04 06:29:44.437,1.26605,1.2664,1.40,1.00
2010.06.04 06:29:44.536,1.26605,1.2664,1.00,1.00
2010.06.04 06:29:44.640,1.266,1.2664,5.80,1.00
2010.06.04 06:29:44.738,1.266,1.2664,2.20,3.90
2010.06.04 06:29:45.203,1.266,1.2664,1.00,5.40
2010.06.04 06:29:45.303,1.26595,1.2664,1.00,5.10
2010.06.04 06:29:45.846,1.26595,1.26635,1.00,2.30
2010.06.04 06:29:48.446,1.26595,1.26635,1.00,3.00
2010.06.04 06:29:49.189,1.26595,1.26635,1.00,3.00
2010.06.04 06:29:49.526,1.2659,1.26635,2.40,3.80
2010.06.04 06:29:50.547,1.2659,1.2663,2.40,1.00
2010.06.04 06:29:52.714,1.2659,1.2663,1.00,1.00
2010.06.04 06:29:53.559,1.2659,1.2663,1.00,1.00
2010.06.04 06:29:54.161,1.2659,1.2663,2.40,1.00
2010.06.04 06:29:54.511,1.26595,1.2663,1.00,1.50
2010.06.04 06:29:54.582,1.2659,1.2663,2.40,2.30
2010.06.04 06:29:55.045,1.2659,1.2663,3.00,2.30
2010.06.04 06:29:56.249,1.2659,1.2663,2.40,2.30
2010.06.04 06:29:56.529,1.2659,1.2663,1.00,3.90
2010.06.04 06:29:56.806,1.2659,1.26625,1.00,1.00
2010.06.04 06:30:00.324,1.2659,1.26625,1.00,2.30
2010.06.04 06:30:01.180,1.2659,1.2663,1.00,1.00
2010.06.04 06:30:01.329,1.2659,1.2663,1.20,1.00
2010.06.04 06:30:04.215,1.2659,1.2663,1.00,1.00
2010.06.04 06:30:06.198,1.2659,1.2663,1.60,1.00
2010.06.04 06:30:06.306,1.26595,1.2663,1.00,1.00
2010.06.04 06:30:09.709,1.266,1.2663,1.70,3.90
2010.06.04 06:30:09.811,1.26605,1.2663,1.00,2.30
2010.06.04 06:30:10.355,1.26605,1.2663,2.40,1.00
2010.06.04 06:30:10.464,1.26615,1.26645,1.00,1.00
2010.06.04 06:30:10.908,1.26615,1.2665,1.00,1.20
2010.06.04 06:30:11.246,1.26615,1.2665,1.00,4.30
2010.06.04 06:30:11.869,1.2661,1.2665,1.00,4.30
2010.06.04 06:30:12.016,1.2661,1.26645,1.00,1.50
2010.06.04 06:30:12.542,1.26615,1.26635,1.00,1.50
2010.06.04 06:30:12.701,1.26605,1.26635,1.00,2.30
2010.06.04 06:30:13.469,1.26595,1.2663,1.20,1.00
2010.06.04 06:30:13.796,1.26595,1.26625,1.00,1.00
2010.06.04 06:30:20.872,1.26585,1.26625,2.00,2.80
2010.06.04 06:30:20.999,1.26585,1.2662,2.00,1.50
2010.06.04 06:30:21.118,1.26585,1.26615,1.20,2.90
2010.06.04 06:30:21.238,1.26585,1.26615,1.00,4.50
2010.06.04 06:30:21.356,1.26585,1.26615,1.00,2.10
2010.06.04 06:30:22.129,1.2658,1.2662,2.00,3.90
2010.06.04 06:30:22.466,1.2658,1.2662,2.00,2.30
2010.06.04 06:30:25.007,1.26585,1.2662,1.00,2.30
2010.06.04 06:30:25.136,1.2658,1.2662,1.60,2.30
2010.06.04 06:30:25.475,1.26585,1.2662,1.00,3.90
2010.06.04 06:30:27.274,1.2658,1.2662,1.00,3.90
2010.06.04 06:30:29.252,1.2658,1.2661,1.00,1.00
2010.06.04 06:30:29.351,1.26575,1.2661,2.80,1.00
2010.06.04 06:30:29.446,1.26575,1.2661,1.20,1.00
2010.06.04 06:30:30.096,1.26585,1.26615,1.00,2.30
2010.06.04 06:30:30.442,1.26585,1.2663,3.60,3.10
2010.06.04 06:30:30.792,1.26585,1.2663,2.80,5.10
2010.06.04 06:30:31.579,1.26585,1.26625,1.20,2.30
2010.06.04 06:30:31.914,1.2658,1.2662,1.20,3.10
2010.06.04 06:30:32.247,1.2658,1.2662,1.20,3.90
2010.06.04 06:30:33.256,1.2658,1.2662,1.00,3.90
2010.06.04 06:30:33.596,1.26575,1.2662,3.60,3.90
2010.06.04 06:30:33.936,1.26575,1.26615,3.60,1.50
2010.06.04 06:30:34.648,1.26575,1.26615,1.20,1.50
2010.06.04 06:30:34.890,1.2657,1.2661,2.00,2.30
2010.06.04 06:30:35.126,1.26575,1.2661,1.00,2.30
2010.06.04 06:30:35.366,1.26585,1.2661,1.00,2.30
2010.06.04 06:30:35.607,1.266,1.26625,1.00,2.30
2010.06.04 06:30:36.108,1.26575,1.2662,1.00,1.60
2010.06.04 06:30:36.469,1.26565,1.2661,3.70,2.30
2010.06.04 06:30:36.815,1.2657,1.2661,1.00,2.30
2010.06.04 06:30:37.454,1.2657,1.26615,2.40,5.50
2010.06.04 06:30:37.680,1.26565,1.2661,3.60,3.10
2010.06.04 06:30:37.899,1.26565,1.2661,3.60,4.70
2010.06.04 06:30:38.659,1.26565,1.266,1.20,2.30
2010.06.04 06:30:39.003,1.2656,1.26605,2.00,3.90
2010.06.04 06:30:39.261,1.2657,1.26605,1.10,2.40
2010.06.04 06:30:39.518,1.26575,1.26605,1.00,1.00
2010.06.04 06:30:39.778,1.26575,1.2661,1.20,1.00
2010.06.04 06:30:40.500,1.26575,1.26615,1.20,1.00
2010.06.04 06:30:40.853,1.26585,1.2662,2.80,1.00
2010.06.04 06:30:41.202,1.2659,1.2663,1.20,1.00
2010.06.04 06:30:41.830,1.26595,1.2663,1.00,1.00
2010.06.04 06:30:43.241,1.26595,1.26635,1.20,2.30
2010.06.04 06:30:44.200,1.2659,1.2663,1.00,1.00
2010.06.04 06:30:44.962,1.26595,1.2663,1.00,1.00
2010.06.04 06:30:45.260,1.266,1.26635,1.00,2.30
2010.06.04 06:30:48.957,1.26595,1.2663,1.00,1.50
2010.06.04 06:30:49.208,1.2659,1.2663,1.20,2.30
2010.06.04 06:30:49.457,1.2659,1.26625,1.00,1.00
2010.06.04 06:30:49.965,1.26585,1.26625,2.40,1.00
2010.06.04 06:30:50.663,1.2659,1.26625,1.00,1.00
2010.06.04 06:30:50.928,1.2659,1.2663,1.00,1.00
2010.06.04 06:30:51.426,1.2659,1.2663,1.00,1.00
2010.06.04 06:30:52.089,1.2659,1.2663,1.00,1.00
2010.06.04 06:30:54.840,1.2659,1.2663,1.00,3.90
2010.06.04 06:30:55.045,1.26585,1.26625,1.20,3.10
2010.06.04 06:30:55.238,1.26585,1.26625,1.00,3.90
2010.06.04 06:31:02.782,1.26585,1.2663,3.20,3.90
2010.06.04 06:31:02.918,1.2659,1.2663,1.00,2.30
2010.06.04 06:31:03.495,1.26585,1.2663,1.20,3.90
2010.06.04 06:31:06.145,1.26585,1.2663,2.10,3.90
2010.06.04 06:31:06.726,1.26585,1.2663,4.40,3.90
2010.06.04 06:31:06.863,1.2659,1.2663,2.00,2.30
2010.06.04 06:31:07.001,1.26595,1.2663,1.00,1.00
2010.06.04 06:31:07.672,1.266,1.2664,1.00,3.90
2010.06.04 06:31:08.831,1.266,1.2664,3.20,1.00
2010.06.04 06:31:09.278,1.266,1.2664,3.60,1.00
2010.06.04 06:31:09.592,1.26605,1.26645,1.20,2.30
2010.06.04 06:31:10.695,1.26605,1.26645,2.80,1.00
2010.06.04 06:31:10.907,1.26605,1.2665,2.80,1.00
2010.06.04 06:31:11.444,1.26605,1.2665,2.80,1.00
2010.06.04 06:31:11.635,1.2661,1.2665,5.20,1.00
2010.06.04 06:31:11.819,1.26615,1.2665,1.00,1.00
2010.06.04 06:31:12.007,1.26615,1.2665,1.00,1.70
2010.06.04 06:31:12.778,1.2661,1.26635,1.00,1.00
2010.06.04 06:31:13.124,1.266,1.26635,1.00,3.90
2010.06.04 06:31:13.369,1.26595,1.26635,1.20,3.90
2010.06.04 06:31:14.977,1.26595,1.26635,2.80,3.90
2010.06.04 06:31:15.218,1.266,1.26635,1.00,3.90
2010.06.04 06:31:19.978,1.26595,1.26635,1.20,3.90
2010.06.04 06:31:24.155,1.26595,1.26635,2.10,3.10
2010.06.04 06:31:24.296,1.26595,1.2664,6.00,3.90
2010.06.04 06:31:25.081,1.26605,1.2664,1.00,3.90
2010.06.04 06:31:25.320,1.26605,1.2664,1.00,2.30
2010.06.04 06:31:25.578,1.26605,1.2664,1.00,1.50
2010.06.04 06:31:25.838,1.26605,1.26645,1.20,1.00
2010.06.04 06:31:26.346,1.2661,1.2665,1.00,2.50
2010.06.04 06:31:27.061,1.2661,1.26655,3.60,4.10
2010.06.04 06:31:27.347,1.2661,1.26655,3.60,2.50
2010.06.04 06:31:27.617,1.26615,1.26655,1.00,2.50
2010.06.04 06:31:30.796,1.26615,1.26655,1.00,2.30
2010.06.04 06:31:32.395,1.2662,1.26655,1.00,1.50
2010.06.04 06:31:32.741,1.2662,1.2666,1.60,2.30
2010.06.04 06:31:33.086,1.2662,1.2666,2.00,2.30
2010.06.04 06:31:35.088,1.2662,1.26665,3.20,2.50
2010.06.04 06:31:35.327,1.2662,1.26665,3.60,2.30
2010.06.04 06:31:35.567,1.26625,1.26665,1.00,2.50
2010.06.04 06:31:37.299,1.26625,1.26665,1.00,2.30
2010.06.04 06:31:37.415,1.26625,1.26665,1.00,2.40
2010.06.04 06:31:37.500,1.26625,1.26665,1.00,2.50
2010.06.04 06:31:43.157,1.2662,1.26665,3.60,2.50
2010.06.04 06:31:43.226,1.2662,1.26665,3.60,3.30
2010.06.04 06:31:43.296,1.2662,1.2666,2.80,1.00
2010.06.04 06:31:43.366,1.2662,1.2666,2.80,2.30
2010.06.04 06:31:43.556,1.2662,1.2666,1.00,2.30
2010.06.04 06:31:49.716,1.2662,1.2666,1.60,2.30
2010.06.04 06:31:54.034,1.2662,1.2666,1.60,2.30
2010.06.04 06:31:54.357,1.2662,1.2666,3.20,2.30
2010.06.04 06:32:00.495,1.2662,1.2666,3.20,1.50
2010.06.04 06:32:00.626,1.2662,1.26665,3.20,3.90
2010.06.04 06:32:01.015,1.2662,1.26665,3.60,3.90
2010.06.04 06:32:03.455,1.2662,1.26665,4.40,3.90
2010.06.04 06:32:10.629,1.26625,1.26665,1.00,3.90
2010.06.04 06:32:11.265,1.26625,1.26665,1.00,3.90
2010.06.04 06:32:11.585,1.26625,1.26665,1.60,3.90
2010.06.04 06:32:11.895,1.26625,1.26665,2.00,3.90
2010.06.04 06:32:13.717,1.26625,1.26665,1.20,3.90
2010.06.04 06:32:14.017,1.2662,1.26665,2.80,3.90
2010.06.04 06:32:16.516,1.2662,1.2666,2.80,1.00
2010.06.04 06:32:16.725,1.2662,1.2666,2.80,1.30
2010.06.04 06:32:17.466,1.2662,1.2666,2.40,1.30
2010.06.04 06:32:20.136,1.2662,1.2666,2.40,1.00
2010.06.04 06:32:20.307,1.2662,1.26665,2.40,4.50
2010.06.04 06:32:21.769,1.2662,1.26665,2.40,4.60
2010.06.04 06:32:23.087,1.2662,1.2666,2.40,3.70
2010.06.04 06:32:23.535,1.2662,1.2666,1.00,3.70
2010.06.04 06:32:25.366,1.2662,1.2666,1.00,2.90
2010.06.04 06:32:25.455,1.2662,1.2666,1.00,2.30
2010.06.04 06:32:27.289,1.26615,1.2665,1.20,1.50
2010.06.04 06:32:27.407,1.2661,1.2665,1.20,1.50
2010.06.04 06:32:27.637,1.2661,1.2665,1.20,2.30
2010.06.04 06:32:28.084,1.26615,1.2665,1.00,1.50
2010.06.04 06:32:28.897,1.26615,1.26655,1.00,2.90
2010.06.04 06:32:30.166,1.26615,1.26655,1.00,3.00
2010.06.04 06:32:30.427,1.26615,1.26655,1.00,2.90
2010.06.04 06:32:31.805,1.26615,1.26655,1.00,2.30
2010.06.04 06:32:35.256,1.26615,1.26655,2.40,1.00
2010.06.04 06:32:38.728,1.26615,1.26655,3.00,1.00
2010.06.04 06:32:41.429,1.2662,1.2666,1.00,2.30
2010.06.04 06:32:41.825,1.2662,1.2666,1.00,2.50
2010.06.04 06:32:43.245,1.2662,1.2666,1.00,2.30
2010.06.04 06:32:46.088,1.26625,1.26665,1.00,3.90
2010.06.04 06:32:46.713,1.26635,1.26665,1.00,1.00
2010.06.04 06:32:46.999,1.26635,1.2668,1.00,4.70
2010.06.04 06:32:47.289,1.26635,1.26675,2.40,1.00
2010.06.04 06:32:47.729,1.26635,1.2668,3.20,3.80
2010.06.04 06:32:48.077,1.2664,1.2668,1.00,5.00
2010.06.04 06:32:48.420,1.2664,1.2668,2.40,1.20
2010.06.04 06:32:49.218,1.26645,1.2668,1.00,1.20
2010.06.04 06:32:49.565,1.2664,1.26675,1.00,1.70
2010.06.04 06:32:49.912,1.2663,1.26675,3.80,3.90
2010.06.04 06:32:50.514,1.2663,1.26675,3.80,4.10
2010.06.04 06:32:50.775,1.26625,1.26665,1.00,3.10
2010.06.04 06:32:51.032,1.26625,1.2666,1.00,1.20
2010.06.04 06:32:51.740,1.2662,1.2666,1.00,5.30
2010.06.04 06:32:52.082,1.2661,1.2665,3.20,1.00
2010.06.04 06:32:56.291,1.2661,1.2665,2.00,2.30
2010.06.04 06:32:56.482,1.2661,1.2665,1.00,3.70
2010.06.04 06:32:56.778,1.26605,1.2665,1.00,4.50
2010.06.04 06:32:57.405,1.26605,1.26645,1.00,1.00
2010.06.04 06:32:57.720,1.2661,1.26645,1.00,1.00
2010.06.04 06:32:59.019,1.266,1.2664,2.80,1.00
2010.06.04 06:32:59.356,1.266,1.2664,2.40,1.00
2010.06.04 06:33:00.463,1.2661,1.26645,1.00,3.90
2010.06.04 06:33:00.711,1.2661,1.26645,1.00,1.00
2010.06.04 06:33:01.229,1.2661,1.26645,2.40,1.00
2010.06.04 06:33:01.508,1.2661,1.2665,3.20,1.00
2010.06.04 06:33:05.455,1.2662,1.2665,1.00,1.00
2010.06.04 06:33:06.115,1.2662,1.2666,1.00,2.50
2010.06.04 06:33:06.430,1.26615,1.26655,1.00,1.00
2010.06.04 06:33:06.751,1.2661,1.26655,3.20,1.00
2010.06.04 06:33:07.070,1.2661,1.2665,1.60,2.30
2010.06.04 06:33:07.752,1.2661,1.26645,1.00,2.30
2010.06.04 06:33:08.009,1.2661,1.26645,1.00,2.30
2010.06.04 06:33:08.258,1.26615,1.26645,1.00,1.00
2010.06.04 06:33:08.508,1.2663,1.2666,1.00,2.70
2010.06.04 06:33:09.278,1.2662,1.2666,1.00,2.30
2010.06.04 06:33:11.086,1.2662,1.26655,1.00,1.00
2010.06.04 06:33:11.753,1.26615,1.26645,1.00,2.90
2010.06.04 06:33:11.903,1.2661,1.26645,1.60,1.30
2010.06.04 06:33:12.603,1.26625,1.26645,1.00,1.00
2010.06.04 06:33:12.956,1.26635,1.26685,1.00,1.00
2010.06.04 06:33:13.698,1.26635,1.2667,2.40,1.60
2010.06.04 06:33:14.053,1.2664,1.26655,1.60,1.60
2010.06.04 06:33:14.405,1.2664,1.2666,2.40,1.60
2010.06.04 06:33:15.209,1.2664,1.26685,2.40,1.00
2010.06.04 06:33:15.469,1.26645,1.26685,1.00,1.00
2010.06.04 06:33:15.730,1.2665,1.26685,1.60,1.00
2010.06.04 06:33:16.288,1.2665,1.2669,1.60,1.60
2010.06.04 06:33:16.632,1.26655,1.26695,2.40,1.00
2010.06.04 06:33:17.752,1.26655,1.2669,1.00,1.00
2010.06.04 06:33:18.097,1.2665,1.2669,2.40,1.00
2010.06.04 06:33:20.526,1.2665,1.2669,2.40,1.00
2010.06.04 06:33:20.806,1.2665,1.2669,2.40,1.60
2010.06.04 06:33:20.946,1.2665,1.2669,2.40,2.10
2010.06.04 06:33:21.086,1.26655,1.2669,1.00,1.30
2010.06.04 06:33:21.671,1.2666,1.267,1.60,4.50
2010.06.04 06:33:22.019,1.2666,1.267,2.40,1.00
2010.06.04 06:33:22.358,1.26665,1.26705,1.00,3.30
2010.06.04 06:33:22.699,1.2667,1.2671,1.00,4.40
2010.06.04 06:33:23.407,1.26675,1.26715,1.00,4.60
2010.06.04 06:33:26.296,1.26675,1.26705,1.00,1.00
2010.06.04 06:33:26.417,1.26675,1.267,1.00,1.00
2010.06.04 06:33:26.538,1.26665,1.267,2.40,1.00
2010.06.04 06:33:27.016,1.26665,1.26705,2.40,1.00
2010.06.04 06:33:27.137,1.26665,1.26705,2.40,1.30
2010.06.04 06:33:27.256,1.26665,1.26705,2.40,1.00
2010.06.04 06:33:28.136,1.2667,1.2671,1.00,2.70
2010.06.04 06:33:28.425,1.2667,1.2671,1.00,2.30
2010.06.04 06:33:32.332,1.2667,1.26705,1.00,1.50
2010.06.04 06:33:32.370,1.2667,1.26695,1.00,1.00
2010.06.04 06:33:32.520,1.2666,1.26695,3.00,1.00
2010.06.04 06:33:32.557,1.2666,1.26695,2.40,1.00
2010.06.04 06:33:32.597,1.2666,1.26695,1.00,1.00
2010.06.04 06:33:33.147,1.26655,1.26695,2.40,1.00
2010.06.04 06:33:35.227,1.26655,1.26695,1.00,1.00
2010.06.04 06:33:35.388,1.2665,1.26695,2.40,4.50
2010.06.04 06:33:35.546,1.2665,1.2669,2.40,1.00
2010.06.04 06:33:38.007,1.2665,1.26695,2.40,2.40
2010.06.04 06:33:38.186,1.2665,1.26695,2.40,1.00
2010.06.04 06:33:39.456,1.26655,1.26695,1.60,1.00
2010.06.04 06:33:39.694,1.26655,1.26695,2.40,1.00
2010.06.04 06:33:41.609,1.2666,1.267,1.00,1.00
2010.06.04 06:33:44.696,1.2666,1.267,1.00,1.60
2010.06.04 06:33:45.043,1.2666,1.267,1.00,2.30
2010.06.04 06:33:47.485,1.2666,1.267,1.00,2.10
2010.06.04 06:33:48.074,1.2666,1.267,1.00,2.30
2010.06.04 06:33:50.106,1.2666,1.26685,1.00,1.00
2010.06.04 06:33:50.276,1.2666,1.26685,1.00,1.00
2010.06.04 06:33:50.447,1.26655,1.26685,1.00,1.00
2010.06.04 06:33:50.617,1.26655,1.267,1.60,1.00
2010.06.04 06:33:50.898,1.26655,1.26705,3.20,1.20
2010.06.04 06:33:51.177,1.26655,1.26695,2.40,2.10
2010.06.04 06:33:51.877,1.26655,1.26695,2.40,3.70
2010.06.04 06:33:51.977,1.26655,1.26695,1.00,3.70
2010.06.04 06:33:52.885,1.26655,1.26695,1.00,3.80
2010.06.04 06:33:57.518,1.26655,1.26695,1.00,3.70
2010.06.04 06:33:57.992,1.2666,1.267,1.00,2.70
2010.06.04 06:33:58.458,1.2666,1.267,1.00,2.30
2010.06.04 06:33:59.556,1.2666,1.26705,2.40,2.30
2010.06.04 06:33:59.906,1.2666,1.26705,2.40,3.10
2010.06.04 06:34:00.147,1.2666,1.26705,2.40,3.70
2010.06.04 06:34:00.966,1.2666,1.267,2.40,1.00
2010.06.04 06:34:01.553,1.26655,1.26695,1.00,3.10
2010.06.04 06:34:01.759,1.26655,1.267,2.40,5.30
2010.06.04 06:34:04.136,1.26655,1.267,2.40,5.40
2010.06.04 06:34:04.996,1.26655,1.26695,2.40,1.00
2010.06.04 06:34:05.627,1.26655,1.26685,1.00,1.00
2010.06.04 06:34:05.873,1.26645,1.26685,2.40,3.80
2010.06.04 06:34:06.219,1.26645,1.2669,1.00,5.40
2010.06.04 06:34:06.557,1.26645,1.2669,2.40,5.40
2010.06.04 06:34:07.237,1.26645,1.26685,2.40,1.00
2010.06.04 06:34:10.769,1.26645,1.2669,2.40,3.80
2010.06.04 06:34:14.588,1.26645,1.2669,3.20,5.50
2010.06.04 06:34:14.666,1.26645,1.26685,1.60,1.60
2010.06.04 06:34:14.745,1.26645,1.26675,1.00,1.00
2010.06.04 06:34:14.906,1.2664,1.26675,2.00,1.60
2010.06.04 06:34:15.065,1.2664,1.26675,1.00,1.60
2010.06.04 06:34:15.225,1.26635,1.26675,2.40,1.60
2010.06.04 06:34:15.831,1.26635,1.26675,2.40,2.20
2010.06.04 06:34:18.269,1.26635,1.26675,2.40,2.20
2010.06.04 06:34:18.391,1.26635,1.26675,1.00,2.20
2010.06.04 06:34:18.476,1.2663,1.26675,2.40,3.80
2010.06.04 06:34:18.559,1.2663,1.26675,2.40,5.40
2010.06.04 06:34:21.988,1.2663,1.26675,2.40,5.50
2010.06.04 06:34:24.635,1.2663,1.2667,1.00,2.30
2010.06.04 06:34:25.206,1.2663,1.26665,1.00,1.00
2010.06.04 06:34:25.327,1.2663,1.26665,1.00,1.00
2010.06.04 06:34:25.854,1.2663,1.26665,1.00,1.40
2010.06.04 06:34:26.200,1.26625,1.26665,2.40,2.20
2010.06.04 06:34:32.336,1.2662,1.26665,2.40,3.80
2010.06.04 06:34:39.666,1.26625,1.26665,1.60,2.20
2010.06.04 06:34:39.976,1.26625,1.26665,2.40,1.40
2010.06.04 06:34:40.945,1.26625,1.26665,1.00,3.00
2010.06.04 06:34:41.325,1.26625,1.26665,1.00,4.60
2010.06.04 06:34:41.517,1.26625,1.2666,1.00,1.00
2010.06.04 06:34:41.716,1.2662,1.2666,2.40,1.30
2010.06.04 06:34:44.256,1.26615,1.26655,2.40,1.00
2010.06.04 06:34:46.099,1.2661,1.2665,2.80,1.00
2010.06.04 06:34:46.615,1.2661,1.26655,2.40,6.20
2010.06.04 06:34:47.446,1.2661,1.2665,1.00,2.30
2010.06.04 06:34:54.055,1.2661,1.2665,2.20,2.30
2010.06.04 06:34:54.398,1.26605,1.2664,1.00,2.10
2010.06.04 06:34:54.969,1.26595,1.26635,1.20,1.70
2010.06.04 06:34:55.097,1.26595,1.26635,1.20,4.10
2010.06.04 06:34:55.611,1.266,1.26635,1.00,4.50
2010.06.04 06:34:55.752,1.26595,1.2663,1.00,1.00
2010.06.04 06:34:57.277,1.26595,1.26635,1.00,2.90
2010.06.04 06:34:57.367,1.26595,1.26635,1.00,2.30
2010.06.04 06:34:58.875,1.2658,1.26625,3.60,2.90
2010.06.04 06:34:59.220,1.2658,1.26625,1.60,5.30
2010.06.04 06:34:59.559,1.2658,1.26625,1.60,3.70
2010.06.04 06:35:00.298,1.26585,1.26625,1.20,2.30
2010.06.04 06:35:00.632,1.26595,1.2663,1.00,1.00
2010.06.04 06:35:00.863,1.26605,1.2663,1.00,1.00
2010.06.04 06:35:01.090,1.266,1.2664,2.40,1.00
2010.06.04 06:35:01.752,1.266,1.2664,2.40,1.00
2010.06.04 06:35:02.079,1.26605,1.26645,1.00,3.90
2010.06.04 06:35:02.398,1.26605,1.2665,1.00,4.60
2010.06.04 06:35:03.036,1.26605,1.2665,2.40,4.60
2010.06.04 06:35:03.277,1.26605,1.2665,2.40,4.50
2010.06.04 06:35:03.832,1.26605,1.2665,2.40,3.90
2010.06.04 06:35:06.596,1.26605,1.2665,2.40,4.00
2010.06.04 06:35:06.925,1.26605,1.2665,2.40,3.90
2010.06.04 06:35:10.246,1.2661,1.2665,1.00,3.90
2010.06.04 06:35:10.307,1.2661,1.2665,2.40,2.30
2010.06.04 06:35:10.347,1.2661,1.2665,2.40,1.00
2010.06.04 06:35:10.840,1.26615,1.26655,1.00,5.40
2010.06.04 06:35:10.875,1.26615,1.26655,1.00,4.90
2010.06.04 06:35:10.917,1.26615,1.26655,1.00,3.30
2010.06.04 06:35:10.957,1.26615,1.26655,1.00,2.50
2010.06.04 06:35:10.997,1.26615,1.26655,1.00,2.30
2010.06.04 06:35:11.514,1.26615,1.26655,1.00,3.30
2010.06.04 06:35:11.866,1.26615,1.2666,2.40,1.00
2010.06.04 06:35:12.212,1.2662,1.2666,1.00,3.10
2010.06.04 06:35:12.995,1.2662,1.2666,1.00,2.70
2010.06.04 06:35:14.459,1.2662,1.26655,1.00,6.80
2010.06.04 06:35:14.814,1.26615,1.2664,1.00,1.00
2010.06.04 06:35:15.016,1.266,1.2664,2.90,1.00
2010.06.04 06:35:15.587,1.266,1.2664,2.80,1.20
2010.06.04 06:35:15.975,1.26605,1.26645,2.40,1.00
2010.06.04 06:35:16.326,1.26605,1.26645,4.00,1.00
2010.06.04 06:35:16.769,1.26615,1.26645,1.00,1.00
2010.06.04 06:35:17.119,1.26615,1.2666,3.70,2.30
2010.06.04 06:35:17.408,1.2662,1.2666,1.00,2.30
2010.06.04 06:35:17.697,1.2662,1.2666,2.40,1.00
2010.06.04 06:35:17.988,1.2662,1.26655,2.40,1.00
2010.06.04 06:35:18.704,1.26615,1.2666,3.80,3.90
2010.06.04 06:35:19.024,1.2662,1.2666,1.60,3.90
2010.06.04 06:35:19.340,1.2662,1.2666,2.40,2.40
2010.06.04 06:35:19.816,1.2662,1.2666,2.40,1.00
2010.06.04 06:35:20.469,1.2662,1.2666,1.00,4.10
2010.06.04 06:35:21.039,1.26615,1.26655,1.00,1.00
2010.06.04 06:35:21.161,1.26615,1.2666,1.00,4.50
2010.06.04 06:35:21.277,1.26615,1.2666,2.40,4.50
2010.06.04 06:35:21.396,1.26615,1.2666,2.40,4.60
2010.06.04 06:35:24.240,1.26615,1.2666,2.90,3.90
2010.06.04 06:35:24.753,1.26615,1.26655,2.90,1.00
2010.06.04 06:35:24.934,1.26615,1.26655,1.00,3.10
2010.06.04 06:35:25.290,1.26615,1.26655,3.20,1.50
2010.06.04 06:35:25.471,1.26625,1.2666,1.60,1.00
2010.06.04 06:35:26.286,1.2664,1.26665,1.00,1.00
2010.06.04 06:35:26.633,1.2664,1.26665,1.00,1.00
2010.06.04 06:35:27.411,1.26635,1.26675,2.40,1.50
2010.06.04 06:35:27.760,1.26635,1.2666,1.00,1.00
2010.06.04 06:35:28.101,1.26635,1.26655,1.00,5.30
2010.06.04 06:35:28.871,1.266,1.26645,1.00,1.50
2010.06.04 06:35:29.415,1.26605,1.26645,1.00,2.10
2010.06.04 06:35:29.734,1.26595,1.26645,2.40,1.00
2010.06.04 06:35:30.050,1.26605,1.2665,2.40,4.60
2010.06.04 06:35:30.756,1.26605,1.2665,2.40,2.30
2010.06.04 06:35:31.067,1.26605,1.2665,2.40,7.00
2010.06.04 06:35:31.372,1.26605,1.2664,1.60,1.00
2010.06.04 06:35:31.670,1.266,1.26645,2.40,1.00
2010.06.04 06:35:32.397,1.26605,1.26645,1.00,5.40
2010.06.04 06:35:32.737,1.266,1.2664,2.40,1.00
2010.06.04 06:35:35.079,1.26605,1.26645,1.00,2.90
2010.06.04 06:35:35.187,1.26605,1.26645,1.00,2.30
2010.06.04 06:35:35.297,1.26605,1.26645,1.00,1.00
2010.06.04 06:35:35.875,1.2661,1.26645,1.00,1.00
2010.06.04 06:35:38.890,1.2661,1.26645,1.00,1.00
2010.06.04 06:35:38.947,1.2661,1.2664,1.00,1.00
2010.06.04 06:35:39.057,1.26605,1.2664,1.00,1.00
2010.06.04 06:35:39.401,1.26605,1.26645,1.00,5.40
2010.06.04 06:35:40.203,1.266,1.26645,4.00,2.30
2010.06.04 06:35:40.438,1.26605,1.26645,1.00,2.30
2010.06.04 06:35:40.677,1.26605,1.26645,1.00,2.30
2010.06.04 06:35:47.591,1.26605,1.26645,1.00,1.50
2010.06.04 06:35:48.309,1.2661,1.2665,1.00,2.30
2010.06.04 06:35:48.420,1.2661,1.26645,1.00,1.00
2010.06.04 06:35:48.526,1.2661,1.2665,1.00,4.10
2010.06.04 06:35:48.866,1.2661,1.2665,1.00,4.00
2010.06.04 06:35:49.207,1.2661,1.2665,1.00,2.40
2010.06.04 06:35:49.912,1.2662,1.2666,1.00,2.70
2010.06.04 06:35:50.153,1.2662,1.2666,2.40,1.00
2010.06.04 06:35:50.391,1.2662,1.2666,1.00,2.90
2010.06.04 06:35:51.149,1.26615,1.26655,2.40,1.00
2010.06.04 06:35:53.968,1.26615,1.26655,2.40,1.30
2010.06.04 06:35:54.018,1.26615,1.26655,2.40,2.10
2010.06.04 06:35:54.039,1.26615,1.26655,2.40,2.30
2010.06.04 06:35:54.820,1.2661,1.2665,1.00,1.00
2010.06.04 06:35:55.159,1.2661,1.2665,3.20,1.00
2010.06.04 06:35:57.780,1.26615,1.2666,1.00,5.40
2010.06.04 06:35:57.939,1.26615,1.2666,2.40,4.60
2010.06.04 06:35:58.176,1.26615,1.2666,2.40,5.40
2010.06.04 06:35:58.707,1.26615,1.2666,1.00,7.00
2010.06.04 06:35:59.046,1.26615,1.26655,1.00,2.30
2010.06.04 06:35:59.387,1.26615,1.2665,1.00,1.00
2010.06.04 06:35:59.726,1.2661,1.2665,3.20,1.00
2010.06.04 06:36:09.336,1.26615,1.26655,1.00,2.30
2010.06.04 06:36:09.956,1.26615,1.26655,1.00,2.50
2010.06.04 06:36:14.965,1.26615,1.26655,1.60,2.30
2010.06.04 06:36:15.392,1.26615,1.26655,2.20,2.30
2010.06.04 06:36:15.696,1.2662,1.2665,1.00,1.00
2010.06.04 06:36:15.892,1.26615,1.2665,1.00,1.00
2010.06.04 06:36:17.034,1.26615,1.26645,1.00,1.00
2010.06.04 06:36:17.379,1.2661,1.26645,1.00,1.40
2010.06.04 06:36:28.637,1.2661,1.26645,1.00,2.20
2010.06.04 06:36:29.443,1.26605,1.2664,1.00,1.40
2010.06.04 06:36:29.724,1.26605,1.26645,1.00,4.90
2010.06.04 06:36:29.937,1.26605,1.2664,1.00,1.30
2010.06.04 06:36:30.367,1.26605,1.2664,1.00,1.00
2010.06.04 06:36:32.168,1.266,1.2663,2.40,1.00
2010.06.04 06:36:32.371,1.266,1.26635,1.00,2.30
2010.06.04 06:36:33.100,1.26595,1.2663,1.00,1.00
2010.06.04 06:36:33.419,1.26595,1.2663,1.00,2.90
2010.06.04 06:36:33.919,1.26595,1.26625,1.00,2.40
2010.06.04 06:36:34.232,1.2658,1.2662,2.40,1.00
2010.06.04 06:36:36.006,1.2658,1.2662,1.00,2.30
2010.06.04 06:36:37.329,1.2658,1.26615,1.00,1.00
2010.06.04 06:36:37.568,1.2658,1.26615,2.40,1.00
2010.06.04 06:36:37.877,1.2658,1.2662,2.40,1.40
2010.06.04 06:36:38.185,1.26585,1.2662,1.00,1.00
2010.06.04 06:36:39.191,1.26585,1.26625,2.40,1.40
2010.06.04 06:36:39.462,1.26585,1.2663,2.40,4.30
2010.06.04 06:36:39.725,1.26585,1.2663,2.40,3.90
2010.06.04 06:36:40.208,1.2659,1.2663,1.00,2.30
2010.06.04 06:36:43.066,1.2659,1.2663,1.00,2.30
2010.06.04 06:36:43.719,1.2659,1.2663,1.00,3.70
2010.06.04 06:36:44.558,1.2659,1.2663,1.00,2.90
2010.06.04 06:36:44.866,1.2659,1.2663,1.00,2.30
2010.06.04 06:36:51.720,1.2659,1.26625,1.00,1.00
2010.06.04 06:36:54.026,1.2659,1.2663,1.00,3.00
2010.06.04 06:36:54.981,1.26595,1.2663,1.60,1.00
2010.06.04 06:36:55.210,1.266,1.2664,1.00,2.20
2010.06.04 06:36:55.437,1.266,1.2664,2.40,2.20
2010.06.04 06:36:57.105,1.266,1.2664,2.40,2.40
2010.06.04 06:36:57.826,1.266,1.26635,2.40,1.00
2010.06.04 06:36:58.196,1.266,1.2664,2.40,2.40
2010.06.04 06:36:58.389,1.266,1.26635,1.00,1.00
2010.06.04 06:37:00.852,1.266,1.2664,1.00,5.50
2010.06.04 06:37:01.160,1.266,1.2664,1.00,3.90
2010.06.04 06:37:02.602,1.26605,1.2664,1.00,1.00
2010.06.04 06:37:02.851,1.266,1.26645,2.40,4.60
2010.06.04 06:37:03.379,1.266,1.2664,2.40,1.00
2010.06.04 06:37:03.641,1.26605,1.26645,2.40,1.40
2010.06.04 06:37:03.898,1.26605,1.2664,2.40,1.00
2010.06.04 06:37:04.238,1.26605,1.2664,2.40,1.40
2010.06.04 06:37:04.727,1.26605,1.2664,1.00,3.80
2010.06.04 06:37:05.071,1.26595,1.26635,2.40,1.00
2010.06.04 06:37:05.362,1.266,1.26635,2.40,1.00
2010.06.04 06:37:06.068,1.2659,1.2663,2.40,1.00
2010.06.04 06:37:06.361,1.2659,1.2663,2.80,1.00
2010.06.04 06:37:08.568,1.2659,1.2663,2.80,1.30
2010.06.04 06:37:08.854,1.2659,1.26625,1.00,1.00
2010.06.04 06:37:10.887,1.2659,1.2663,1.00,4.50
2010.06.04 06:37:10.987,1.2659,1.2663,2.40,1.30
2010.06.04 06:37:11.523,1.26595,1.26635,1.60,1.00
2010.06.04 06:37:11.835,1.26595,1.26635,2.40,1.00
2010.06.04 06:37:14.345,1.266,1.2664,1.00,4.50
2010.06.04 06:37:14.415,1.266,1.2664,1.00,2.90
2010.06.04 06:37:18.205,1.266,1.2664,1.00,1.30
2010.06.04 06:37:18.225,1.266,1.2664,2.40,1.30
2010.06.04 06:37:19.468,1.26605,1.26645,1.00,3.90
2010.06.04 06:37:19.809,1.26605,1.26645,2.40,1.00
2010.06.04 06:37:21.387,1.2661,1.2665,2.40,1.00
2010.06.04 06:37:21.638,1.2661,1.2665,2.40,1.00
2010.06.04 06:37:21.866,1.2661,1.2665,2.40,1.70
2010.06.04 06:37:21.989,1.2661,1.2665,1.00,3.80
2010.06.04 06:37:23.308,1.26605,1.26645,1.00,1.00
2010.06.04 06:37:25.908,1.2661,1.2665,1.00,4.60
2010.06.04 06:37:25.958,1.2661,1.2665,2.40,3.00
2010.06.04 06:37:25.986,1.2661,1.2665,1.30,4.10
2010.06.04 06:37:26.479,1.2661,1.2665,2.90,1.70
2010.06.04 06:37:26.537,1.2661,1.2665,2.40,1.60
2010.06.04 06:37:26.570,1.2661,1.2664,1.00,1.00
2010.06.04 06:37:27.130,1.2661,1.26645,1.00,1.00
2010.06.04 06:37:27.480,1.266,1.2664,2.40,1.30
2010.06.04 06:37:31.195,1.266,1.2664,2.40,1.00
2010.06.04 06:37:31.286,1.266,1.26645,2.40,4.60
2010.06.04 06:37:31.805,1.26605,1.2664,1.00,1.00
2010.06.04 06:37:32.131,1.266,1.2664,1.00,3.70
2010.06.04 06:37:33.662,1.266,1.26635,1.00,1.00
2010.06.04 06:37:34.007,1.266,1.2664,1.00,3.70
2010.06.04 06:37:36.530,1.266,1.2664,1.00,3.70
2010.06.04 06:37:36.565,1.266,1.2664,1.00,2.10
2010.06.04 06:37:36.726,1.266,1.2664,2.40,2.10
2010.06.04 06:37:36.806,1.266,1.2664,2.90,1.60
2010.06.04 06:37:37.620,1.266,1.2664,2.40,1.30
2010.06.04 06:37:41.366,1.26605,1.2664,1.00,1.30
2010.06.04 06:37:41.458,1.26605,1.26645,1.00,3.10
2010.06.04 06:37:41.506,1.26605,1.26645,1.00,3.10
2010.06.04 06:37:41.636,1.26605,1.2664,1.00,1.40
2010.06.04 06:37:43.216,1.26605,1.26645,1.00,3.00
2010.06.04 06:37:43.386,1.26605,1.2664,1.00,1.40
2010.06.04 06:37:44.719,1.26605,1.2664,1.00,1.40
2010.06.04 06:37:45.057,1.266,1.2664,2.40,2.20
2010.06.04 06:37:45.648,1.266,1.2664,2.40,1.60
2010.06.04 06:37:45.755,1.266,1.2664,2.40,1.00
2010.06.04 06:37:55.985,1.266,1.2664,2.40,2.20
2010.06.04 06:38:02.673,1.26605,1.26645,2.40,1.00
2010.06.04 06:38:02.889,1.26605,1.2665,2.40,2.20
2010.06.04 06:38:03.106,1.2661,1.2665,1.60,2.20
2010.06.04 06:38:03.296,1.2661,1.2665,2.40,2.20
2010.06.04 06:38:08.305,1.26615,1.2665,1.60,1.00
2010.06.04 06:38:08.452,1.26615,1.26655,2.40,1.40
2010.06.04 06:38:08.598,1.26615,1.26655,2.40,1.60
2010.06.04 06:38:08.897,1.26615,1.26655,2.40,1.40
2010.06.04 06:38:10.717,1.26615,1.26655,2.40,1.00
2010.06.04 06:38:13.196,1.26615,1.26655,2.40,3.10
2010.06.04 06:38:13.287,1.2661,1.2665,2.80,1.00
2010.06.04 06:38:13.376,1.2661,1.2665,2.40,1.00
2010.06.04 06:38:14.609,1.2661,1.26655,2.40,1.40
2010.06.04 06:38:15.228,1.2661,1.2665,2.40,1.00
2010.06.04 06:38:17.601,1.26615,1.26655,1.00,1.00
2010.06.04 06:38:18.288,1.26615,1.2666,2.20,3.90
2010.06.04 06:38:18.467,1.26615,1.2666,4.20,2.30
2010.06.04 06:38:19.199,1.2662,1.2666,1.60,1.00
2010.06.04 06:38:19.528,1.2662,1.2666,2.40,1.00
2010.06.04 06:38:22.385,1.2662,1.2666,1.00,2.30
2010.06.04 06:38:23.837,1.2662,1.2666,1.00,2.50
2010.06.04 06:38:23.976,1.2662,1.26655,1.00,1.00
2010.06.04 06:38:24.118,1.2662,1.26655,1.00,1.40
2010.06.04 06:38:24.721,1.26615,1.26655,1.60,3.80
2010.06.04 06:38:24.858,1.2661,1.26655,2.80,3.80
2010.06.04 06:38:28.335,1.26615,1.26655,2.40,1.00
2010.06.04 06:38:28.400,1.2662,1.26655,1.60,1.00
2010.06.04 06:38:28.461,1.2662,1.2666,2.40,1.20
2010.06.04 06:38:28.580,1.2662,1.2666,1.00,1.20
2010.06.04 06:38:28.640,1.26615,1.2666,2.40,2.00
2010.06.04 06:38:29.082,1.26615,1.2666,1.00,5.10
2010.06.04 06:38:29.157,1.26615,1.2665,1.00,3.90
2010.06.04 06:38:29.217,1.26615,1.2665,1.00,4.70
2010.06.04 06:38:29.561,1.26605,1.26645,1.20,2.10
2010.06.04 06:38:29.909,1.26605,1.26645,1.00,2.30
2010.06.04 06:38:31.377,1.26605,1.2664,1.00,1.60
2010.06.04 06:38:31.488,1.266,1.2664,2.80,2.10
2010.06.04 06:38:31.597,1.266,1.2664,2.80,2.90
2010.06.04 06:38:31.708,1.266,1.26635,1.20,3.10
2010.06.04 06:38:32.329,1.26595,1.26635,1.00,2.90
2010.06.04 06:38:44.906,1.26595,1.26635,1.00,2.90
2010.06.04 06:38:45.416,1.2659,1.26635,2.40,2.90
2010.06.04 06:38:48.949,1.2659,1.2663,2.40,1.50
2010.06.04 06:38:49.139,1.2659,1.2663,1.00,2.90
2010.06.04 06:38:49.603,1.26595,1.2663,1.00,1.00
2010.06.04 06:38:49.774,1.26595,1.26635,2.40,1.30
2010.06.04 06:38:53.924,1.26595,1.26635,2.40,1.00
2010.06.04 06:38:53.959,1.26595,1.26635,2.40,1.40
2010.06.04 06:38:55.137,1.26595,1.2663,1.00,1.00
2010.06.04 06:38:55.247,1.26595,1.2663,1.00,1.40
2010.06.04 06:38:55.357,1.2659,1.2663,2.40,1.40
2010.06.04 06:38:57.597,1.2659,1.26635,2.40,5.00
2010.06.04 06:38:57.768,1.2659,1.26635,2.40,3.00
2010.06.04 06:38:58.359,1.26595,1.26635,1.00,3.00
2010.06.04 06:38:59.737,1.26595,1.2663,1.00,1.00
2010.06.04 06:38:59.967,1.2659,1.2663,2.40,1.40
2010.06.04 06:39:00.196,1.2659,1.2663,2.40,2.20
2010.06.04 06:39:03.235,1.2659,1.26625,2.40,1.00
2010.06.04 06:39:03.733,1.2659,1.26625,1.00,1.00
2010.06.04 06:39:03.844,1.2658,1.26625,2.40,2.90
2010.06.04 06:39:03.946,1.2658,1.26625,2.40,4.50
2010.06.04 06:39:04.398,1.2658,1.2662,2.40,1.00
2010.06.04 06:39:05.059,1.2658,1.26625,2.40,2.90
2010.06.04 06:39:06.788,1.26585,1.26625,1.00,1.00
2010.06.04 06:39:07.500,1.26585,1.26625,2.40,1.00
2010.06.04 06:39:07.780,1.26595,1.2663,1.00,1.00
2010.06.04 06:39:08.675,1.26595,1.26635,1.00,1.30
2010.06.04 06:39:09.006,1.26595,1.26635,1.00,1.00
2010.06.04 06:39:09.342,1.2659,1.2663,2.40,1.00
2010.06.04 06:39:10.453,1.2659,1.26625,1.60,1.30
2010.06.04 06:39:10.801,1.26585,1.26625,1.00,1.00
2010.06.04 06:39:10.938,1.26585,1.2663,2.40,3.70
2010.06.04 06:39:11.076,1.2659,1.2663,1.00,3.70
2010.06.04 06:39:11.217,1.2659,1.2663,1.00,3.70
2010.06.04 06:39:12.904,1.2658,1.26625,2.80,1.30
2010.06.04 06:39:13.086,1.2658,1.26625,2.80,1.00
2010.06.04 06:39:13.277,1.26585,1.26625,1.60,1.00
2010.06.04 06:39:13.376,1.26585,1.26625,2.40,1.00
2010.06.04 06:39:14.312,1.26585,1.26625,2.40,1.00
2010.06.04 06:39:14.633,1.26585,1.26625,1.00,1.00
2010.06.04 06:39:14.947,1.2658,1.26625,2.40,3.70
2010.06.04 06:39:15.684,1.26585,1.2662,1.00,1.00
2010.06.04 06:39:15.999,1.26585,1.26625,1.00,1.30
2010.06.04 06:39:16.303,1.2659,1.2663,1.00,2.90
2010.06.04 06:39:16.629,1.2659,1.26635,3.20,3.90
2010.06.04 06:39:16.948,1.2659,1.26635,3.60,3.90
2010.06.04 06:39:17.598,1.2659,1.26625,2.40,1.00
2010.06.04 06:39:18.726,1.2659,1.2663,2.40,1.30
2010.06.04 06:39:18.966,1.2659,1.2663,2.40,1.00
2010.06.04 06:39:19.671,1.2659,1.26625,1.00,1.00
2010.06.04 06:39:20.022,1.26595,1.26625,1.60,1.00
2010.06.04 06:39:20.810,1.266,1.26635,1.00,1.00
2010.06.04 06:39:21.133,1.266,1.2664,1.00,2.30
2010.06.04 06:39:21.452,1.266,1.2664,1.00,4.70
2010.06.04 06:39:22.164,1.26595,1.26635,1.20,1.00
2010.06.04 06:39:22.514,1.26595,1.26635,3.60,1.00
2010.06.04 06:39:22.861,1.266,1.2664,1.00,4.60
2010.06.04 06:39:23.360,1.266,1.2663,1.00,2.40
2010.06.04 06:39:23.679,1.2659,1.26625,1.00,1.00
2010.06.04 06:39:24.000,1.26595,1.2663,1.00,1.00
2010.06.04 06:39:24.318,1.26595,1.2664,1.20,5.30
2010.06.04 06:39:26.049,1.26595,1.26635,1.00,1.50
2010.06.04 06:39:26.497,1.2659,1.26635,3.60,2.30
2010.06.04 06:39:26.744,1.26595,1.26635,2.40,3.90
2010.06.04 06:39:26.983,1.2659,1.2663,2.80,2.10
2010.06.04 06:39:27.331,1.26585,1.2663,2.80,4.50
2010.06.04 06:39:28.144,1.26595,1.26635,1.00,2.30
2010.06.04 06:39:28.352,1.26595,1.2664,1.60,2.70
2010.06.04 06:39:28.562,1.26595,1.2664,1.60,2.90
2010.06.04 06:39:29.004,1.266,1.2664,1.00,2.90
2010.06.04 06:39:29.357,1.26595,1.26635,1.00,1.00
2010.06.04 06:39:30.376,1.26595,1.26635,1.00,1.60
2010.06.04 06:39:30.929,1.26595,1.2663,1.00,1.00
2010.06.04 06:39:31.205,1.26595,1.2663,1.00,1.40
2010.06.04 06:39:31.527,1.26595,1.26635,2.40,1.60
2010.06.04 06:39:31.699,1.26595,1.2662,2.40,1.00
2010.06.04 06:39:31.867,1.26595,1.2662,1.00,1.00
2010.06.04 06:39:32.037,1.2659,1.2663,2.40,2.00
2010.06.04 06:39:32.872,1.2659,1.2663,2.40,1.40
2010.06.04 06:39:33.207,1.2659,1.2663,2.40,2.20
2010.06.04 06:39:34.740,1.2659,1.2663,2.40,1.40
2010.06.04 06:39:35.027,1.2659,1.2663,2.40,1.00
2010.06.04 06:39:35.316,1.2659,1.26635,2.40,5.70
2010.06.04 06:39:35.886,1.2659,1.26635,2.40,5.50
2010.06.04 06:39:38.447,1.2659,1.26635,2.40,5.90
2010.06.04 06:39:38.467,1.2659,1.2663,2.40,1.00
2010.06.04 06:39:38.600,1.2659,1.26625,2.40,1.00
2010.06.04 06:39:38.648,1.2659,1.2662,2.40,1.00
2010.06.04 06:39:38.669,1.2659,1.2662,1.00,1.00
2010.06.04 06:39:38.817,1.26585,1.2662,2.80,1.00
2010.06.04 06:39:38.847,1.26585,1.26625,2.80,1.00
2010.06.04 06:39:39.624,1.2659,1.2663,2.40,1.00
2010.06.04 06:39:39.968,1.2659,1.26635,2.40,3.90
2010.06.04 06:39:40.307,1.26595,1.26635,1.00,2.30
2010.06.04 06:39:40.476,1.26595,1.26635,1.00,2.30
2010.06.04 06:39:40.817,1.26595,1.26635,1.00,1.00
2010.06.04 06:39:40.988,1.26595,1.26635,2.40,1.00
2010.06.04 06:39:42.233,1.26595,1.2664,2.40,4.60
2010.06.04 06:39:42.476,1.26595,1.2664,2.40,4.50
2010.06.04 06:39:43.838,1.266,1.2664,2.40,1.30
2010.06.04 06:39:44.006,1.266,1.2664,3.20,1.00
2010.06.04 06:39:44.176,1.266,1.26645,3.20,5.90
2010.06.04 06:39:44.346,1.266,1.26645,3.20,5.10
2010.06.04 06:39:44.517,1.26605,1.26645,1.00,3.10
2010.06.04 06:39:47.836,1.26605,1.26645,2.40,1.60
2010.06.04 06:39:48.038,1.26605,1.26645,2.40,1.00
2010.06.04 06:39:48.678,1.26605,1.2665,2.80,2.30
2010.06.04 06:39:52.168,1.26605,1.2665,2.80,3.00
2010.06.04 06:39:52.451,1.26605,1.2665,1.20,4.60
2010.06.04 06:39:52.738,1.26605,1.2665,1.00,4.60
2010.06.04 06:39:53.017,1.26605,1.2665,1.00,6.20
2010.06.04 06:39:53.967,1.26605,1.2665,1.00,4.60
2010.06.04 06:39:54.531,1.26605,1.2665,2.40,1.20
2010.06.04 06:39:54.764,1.2661,1.2665,2.40,1.00
2010.06.04 06:39:57.673,1.2661,1.2665,1.00,1.60
2010.06.04 06:39:57.835,1.2661,1.26645,1.00,6.10
2010.06.04 06:39:57.989,1.266,1.2664,2.40,1.00
2010.06.04 06:40:00.617,1.266,1.2664,2.50,1.00
2010.06.04 06:40:00.818,1.266,1.2664,2.90,1.00
2010.06.04 06:40:01.278,1.266,1.2664,2.80,1.00
2010.06.04 06:40:04.013,1.26605,1.2664,1.60,1.00
2010.06.04 06:40:04.109,1.26605,1.26645,2.40,1.00
2010.06.04 06:40:08.428,1.26605,1.26645,2.40,2.10
2010.06.04 06:40:09.219,1.26605,1.26645,2.40,3.70
2010.06.04 06:40:09.286,1.26605,1.26645,1.60,3.70
2010.06.04 06:40:09.617,1.266,1.26645,2.80,5.30
2010.06.04 06:40:12.116,1.266,1.26645,2.80,5.40
2010.06.04 06:40:12.470,1.266,1.2664,1.20,3.70
2010.06.04 06:40:13.079,1.26595,1.26635,2.40,2.10
2010.06.04 06:40:20.622,1.26595,1.26635,2.80,1.00
2010.06.04 06:40:21.050,1.266,1.2664,1.00,2.30
2010.06.04 06:40:26.497,1.266,1.2664,1.60,2.30
2010.06.04 06:40:26.650,1.266,1.2664,2.40,2.30
2010.06.04 06:40:27.231,1.26605,1.2664,1.60,1.00
2010.06.04 06:40:27.439,1.26605,1.26645,2.40,1.00
2010.06.04 06:40:28.167,1.2661,1.2665,1.00,3.90
2010.06.04 06:40:28.467,1.2661,1.2665,1.00,2.50
2010.06.04 06:40:29.067,1.2661,1.2665,1.00,2.90
2010.06.04 06:40:30.620,1.2661,1.2665,1.00,2.50
2010.06.04 06:40:37.099,1.2661,1.2665,1.00,2.30
2010.06.04 06:40:37.401,1.2661,1.2665,1.60,2.30
2010.06.04 06:40:37.553,1.26615,1.26655,1.00,4.30
2010.06.04 06:40:37.707,1.26615,1.26655,1.00,2.30
2010.06.04 06:40:38.630,1.26615,1.26655,1.20,3.80
2010.06.04 06:40:38.966,1.26615,1.26655,1.00,3.80
2010.06.04 06:40:39.566,1.26615,1.2665,1.00,1.50
2010.06.04 06:40:39.766,1.2661,1.2665,1.20,2.30
2010.06.04 06:40:41.177,1.2661,1.26645,1.00,3.80
2010.06.04 06:40:41.399,1.266,1.26645,3.60,3.80
2010.06.04 06:40:41.588,1.266,1.2664,2.00,1.00
2010.06.04 06:40:41.778,1.266,1.2664,2.00,2.30
2010.06.04 06:40:44.256,1.266,1.26645,2.80,3.80
2010.06.04 06:40:44.912,1.26605,1.26645,2.40,1.50
2010.06.04 06:40:46.320,1.26605,1.2665,2.80,3.10
2010.06.04 06:40:46.654,1.2661,1.2665,2.80,1.00
2010.06.04 06:40:48.109,1.2661,1.2665,2.40,1.00
2010.06.04 06:40:48.449,1.2661,1.2665,1.00,4.70
2010.06.04 06:40:48.786,1.26605,1.2665,2.80,4.70
2010.06.04 06:40:49.462,1.26605,1.2665,3.60,4.70
2010.06.04 06:40:49.811,1.26605,1.2665,3.80,3.90
2010.06.04 06:40:50.147,1.2661,1.2665,1.00,3.90
2010.06.04 06:40:51.147,1.2661,1.2665,1.00,4.70
2010.06.04 06:40:51.388,1.26605,1.2665,2.80,4.90
2010.06.04 06:40:51.867,1.26605,1.2665,2.80,4.70
2010.06.04 06:40:53.876,1.26605,1.2665,2.80,4.90
2010.06.04 06:40:54.526,1.26605,1.2665,2.80,4.70
2010.06.04 06:40:54.726,1.26605,1.2665,3.60,3.90
2010.06.04 06:40:54.927,1.2661,1.2665,2.00,3.90
2010.06.04 06:40:55.126,1.2661,1.2665,3.60,1.00
2010.06.04 06:40:56.296,1.2661,1.2665,3.20,1.00
2010.06.04 06:41:04.045,1.2661,1.2665,2.40,1.00
2010.06.04 06:41:05.728,1.2661,1.2665,2.80,1.00
2010.06.04 06:41:07.986,1.2661,1.2665,1.00,3.10
2010.06.04 06:41:08.316,1.26605,1.2665,2.80,3.70
2010.06.04 06:41:15.189,1.26615,1.2665,1.00,2.10
2010.06.04 06:41:15.775,1.26615,1.26655,1.00,1.20
2010.06.04 06:41:16.007,1.26625,1.26665,1.00,5.30
2010.06.04 06:41:16.692,1.2662,1.26665,2.80,5.30
2010.06.04 06:41:16.903,1.2662,1.2666,1.20,2.30
2010.06.04 06:41:18.926,1.26625,1.2666,1.60,1.00
2010.06.04 06:41:19.137,1.26625,1.26665,2.80,1.00
2010.06.04 06:41:19.688,1.26625,1.26665,2.80,2.10
2010.06.04 06:41:19.970,1.2662,1.2666,2.80,1.00
2010.06.04 06:41:27.518,1.26625,1.26665,1.00,1.00
2010.06.04 06:41:28.210,1.26625,1.2667,2.80,3.00
2010.06.04 06:41:30.187,1.26625,1.2667,2.80,2.90
2010.06.04 06:41:30.868,1.26625,1.2667,2.80,3.00
2010.06.04 06:41:31.321,1.2663,1.2667,2.80,1.00
2010.06.04 06:41:32.385,1.26635,1.26675,2.80,1.00
2010.06.04 06:41:36.069,1.26635,1.26675,2.80,1.60
2010.06.04 06:41:36.146,1.26635,1.26675,2.80,2.40
2010.06.04 06:41:36.231,1.26635,1.26675,2.80,2.50
2010.06.04 06:41:36.789,1.26635,1.2667,1.00,1.00
2010.06.04 06:41:36.877,1.2663,1.2667,2.80,1.00
2010.06.04 06:41:37.797,1.2663,1.2667,2.80,1.00
2010.06.04 06:41:38.907,1.2663,1.2667,3.60,1.00
2010.06.04 06:41:39.126,1.2663,1.26675,3.60,4.10
2010.06.04 06:41:39.606,1.2663,1.2667,1.20,1.50
2010.06.04 06:41:39.715,1.2663,1.2667,1.00,1.70
2010.06.04 06:41:39.810,1.2663,1.2667,1.00,1.50
2010.06.04 06:41:40.153,1.2663,1.2667,1.00,2.50
2010.06.04 06:41:40.924,1.26625,1.2666,1.20,3.10
2010.06.04 06:41:41.148,1.26615,1.2666,2.80,3.90
2010.06.04 06:41:41.586,1.26615,1.2666,1.20,3.90
2010.06.04 06:41:41.807,1.26615,1.26655,1.20,1.00
2010.06.04 06:41:45.421,1.26615,1.2665,1.20,1.00
2010.06.04 06:41:45.669,1.26615,1.2665,1.20,1.00
2010.06.04 06:41:46.320,1.26615,1.2665,1.00,1.00
2010.06.04 06:41:46.517,1.2661,1.2665,3.60,1.00
2010.06.04 06:41:47.346,1.2661,1.2665,3.20,1.00
2010.06.04 06:41:51.618,1.2661,1.2665,3.20,1.00
2010.06.04 06:41:51.870,1.2661,1.2665,3.80,1.00
2010.06.04 06:41:52.007,1.26615,1.2665,1.40,1.00
2010.06.04 06:41:52.057,1.2662,1.26655,1.00,4.10
2010.06.04 06:41:52.106,1.2662,1.26655,1.00,2.50
2010.06.04 06:41:52.156,1.2662,1.26655,1.00,1.50
2010.06.04 06:41:52.630,1.26615,1.26655,2.40,1.00
2010.06.04 06:41:53.307,1.26615,1.26655,3.20,1.00
2010.06.04 06:41:53.648,1.2662,1.26655,1.00,1.00
2010.06.04 06:41:54.259,1.26615,1.26655,2.80,1.00
2010.06.04 06:41:54.886,1.26615,1.26655,2.40,1.00
2010.06.04 06:41:55.386,1.26615,1.26655,1.00,1.00
2010.06.04 06:41:55.638,1.26615,1.26655,1.00,2.30
2010.06.04 06:41:57.117,1.26615,1.26655,1.00,2.50
2010.06.04 06:42:07.984,1.26615,1.2665,1.00,1.00
2010.06.04 06:42:08.244,1.2661,1.2665,2.00,1.00
2010.06.04 06:42:12.110,1.2661,1.2665,2.00,1.00
2010.06.04 06:42:12.201,1.26615,1.2665,1.00,1.00
2010.06.04 06:42:12.523,1.26615,1.26655,1.00,2.50
2010.06.04 06:42:14.704,1.26615,1.26655,2.80,1.00
2010.06.04 06:42:14.816,1.26615,1.26655,2.40,1.00
2010.06.04 06:42:15.099,1.26615,1.26655,2.80,1.00
2010.06.04 06:42:19.167,1.26615,1.26655,3.00,1.00
2010.06.04 06:42:19.348,1.2662,1.2666,2.40,1.00
2010.06.04 06:42:19.527,1.26625,1.26665,2.40,2.10
2010.06.04 06:42:20.678,1.2663,1.26665,1.60,1.00
2010.06.04 06:42:21.009,1.2663,1.2667,2.80,1.00
2010.06.04 06:42:21.653,1.2663,1.2667,1.20,2.30
2010.06.04 06:42:21.947,1.26625,1.2667,2.80,2.50
2010.06.04 06:42:22.567,1.26625,1.2667,2.40,2.50
2010.06.04 06:42:24.087,1.2663,1.2667,1.00,2.50
2010.06.04 06:42:24.184,1.2663,1.2667,1.00,2.30
2010.06.04 06:42:26.368,1.2663,1.2667,2.40,1.00
2010.06.04 06:42:26.487,1.2663,1.2667,3.20,1.00
2010.06.04 06:42:32.147,1.2663,1.2667,2.40,2.00
2010.06.04 06:42:33.856,1.2663,1.2667,2.40,1.20
2010.06.04 06:42:34.521,1.2663,1.2667,2.80,1.00
2010.06.04 06:42:34.830,1.2663,1.2666,1.00,1.00
2010.06.04 06:42:34.989,1.26625,1.26665,1.20,1.50
2010.06.04 06:42:35.298,1.26615,1.2666,2.80,2.10
2010.06.04 06:42:35.609,1.26615,1.26655,2.40,1.00
2010.06.04 06:42:36.323,1.26615,1.26655,1.00,1.30
2010.06.04 06:42:36.546,1.26615,1.2665,1.00,1.00
2010.06.04 06:42:36.667,1.26615,1.2665,1.00,1.00
2010.06.04 06:42:36.787,1.2661,1.2665,2.40,1.60
2010.06.04 06:42:36.907,1.2661,1.2665,2.40,1.00
2010.06.04 06:42:41.127,1.2661,1.2665,2.40,2.30
2010.06.04 06:42:41.258,1.2661,1.2665,1.00,2.30
2010.06.04 06:42:41.285,1.2661,1.2665,1.00,2.30
2010.06.04 06:42:41.479,1.26605,1.2665,2.80,2.30
2010.06.04 06:42:41.998,1.26605,1.2665,2.40,2.30
2010.06.04 06:42:48.326,1.26605,1.2665,3.20,2.30
2010.06.04 06:42:49.045,1.26605,1.2665,3.70,2.30
2010.06.04 06:42:49.160,1.26605,1.26645,2.40,1.00
2010.06.04 06:42:49.277,1.26605,1.26645,1.00,1.00
2010.06.04 06:42:49.400,1.26605,1.26645,1.00,1.40
2010.06.04 06:42:53.286,1.2661,1.26645,1.00,1.00
2010.06.04 06:42:53.577,1.2661,1.26645,1.00,1.00
2010.06.04 06:42:53.727,1.2661,1.2665,1.00,2.30
2010.06.04 06:42:54.906,1.26615,1.26655,1.00,1.00
2010.06.04 06:42:55.986,1.2662,1.2666,1.00,4.70
2010.06.04 06:42:56.408,1.2662,1.26655,1.00,1.00
2010.06.04 06:42:57.156,1.2662,1.2666,1.00,4.70
2010.06.04 06:42:57.286,1.2662,1.26655,1.00,1.00
2010.06.04 06:42:57.536,1.2662,1.2666,1.00,3.90
2010.06.04 06:42:57.787,1.2662,1.26655,1.00,1.00
2010.06.04 06:42:57.918,1.2662,1.2666,1.00,2.50
2010.06.04 06:42:58.478,1.2662,1.26655,1.00,1.00
2010.06.04 06:42:58.778,1.2662,1.2666,1.00,4.70
2010.06.04 06:42:59.076,1.2662,1.26655,1.00,1.00
2010.06.04 06:43:01.007,1.2662,1.2666,1.00,4.70
2010.06.04 06:43:01.259,1.2662,1.26655,1.00,1.00
2010.06.04 06:43:05.807,1.2662,1.2665,1.00,1.00
2010.06.04 06:43:05.916,1.2662,1.26645,1.00,1.00
2010.06.04 06:43:06.136,1.26615,1.26645,1.00,1.00
2010.06.04 06:43:07.536,1.26615,1.2665,1.00,1.60
2010.06.04 06:43:09.261,1.26615,1.26645,1.00,1.00
2010.06.04 06:43:09.428,1.26615,1.2665,1.00,1.40
2010.06.04 06:43:10.616,1.26615,1.2665,1.00,1.40
2010.06.04 06:43:10.958,1.2661,1.26645,2.40,1.00
2010.06.04 06:43:19.996,1.26615,1.26645,1.00,1.00
2010.06.04 06:43:20.377,1.26615,1.26645,1.00,1.00
2010.06.04 06:43:20.566,1.2661,1.26645,2.40,1.00
2010.06.04 06:43:22.537,1.2661,1.26645,2.40,1.00
2010.06.04 06:43:22.697,1.26605,1.26645,2.40,1.00
2010.06.04 06:43:25.347,1.26605,1.26645,2.40,2.30
2010.06.04 06:43:25.537,1.26605,1.26645,1.00,3.80
2010.06.04 06:43:25.730,1.26605,1.2664,1.00,1.00
2010.06.04 06:43:26.329,1.26605,1.2664,1.00,1.40
2010.06.04 06:43:26.530,1.266,1.26635,2.40,1.00
2010.06.04 06:43:31.837,1.26595,1.26635,2.40,1.60
2010.06.04 06:43:31.996,1.26595,1.26635,2.40,1.00
2010.06.04 06:43:35.718,1.266,1.2664,2.40,2.40
2010.06.04 06:43:35.928,1.266,1.2664,2.40,1.00
2010.06.04 06:43:37.578,1.26605,1.2664,1.00,1.00
2010.06.04 06:43:37.899,1.266,1.2664,2.40,1.00
2010.06.04 06:43:38.988,1.266,1.2664,2.40,1.00
2010.06.04 06:43:39.178,1.26605,1.2664,1.00,1.00
2010.06.04 06:43:39.367,1.266,1.2664,2.40,1.00
2010.06.04 06:43:53.478,1.2661,1.26645,1.00,1.00
2010.06.04 06:43:53.798,1.26615,1.26645,1.00,1.00
2010.06.04 06:43:54.243,1.26615,1.26645,1.00,1.00
2010.06.04 06:43:54.412,1.26615,1.26655,2.90,1.00
2010.06.04 06:43:54.759,1.26615,1.26655,1.20,1.00
2010.06.04 06:43:55.101,1.2662,1.26655,1.00,1.00
2010.06.04 06:43:56.230,1.2662,1.2666,1.00,2.50
2010.06.04 06:43:57.613,1.2662,1.26655,1.00,1.00
2010.06.04 06:43:58.636,1.2662,1.26655,1.00,1.00
2010.06.04 06:43:58.817,1.2662,1.2666,1.00,3.70
2010.06.04 06:43:59.726,1.2662,1.2666,1.00,3.80
2010.06.04 06:43:59.741,1.2662,1.2666,1.00,3.80
2010.06.04 06:43:59.900,1.26615,1.26655,2.40,1.00
2010.06.04 06:44:02.595,1.26615,1.26655,2.40,2.30
2010.06.04 06:44:02.786,1.2661,1.26655,3.60,3.90
2010.06.04 06:44:05.508,1.26615,1.26655,1.00,2.40
2010.06.04 06:44:06.194,1.26615,1.26655,2.40,1.00
2010.06.04 06:44:06.597,1.26615,1.26655,2.40,1.60
2010.06.04 06:44:06.708,1.26615,1.26655,2.40,1.70
2010.06.04 06:44:07.027,1.26615,1.2665,2.40,1.00
2010.06.04 06:44:07.138,1.26615,1.2665,2.40,1.30
2010.06.04 06:44:07.670,1.2661,1.26655,1.00,3.30
2010.06.04 06:44:07.999,1.26615,1.26655,1.00,3.50
2010.06.04 06:44:08.658,1.26615,1.26655,1.00,3.30
2010.06.04 06:44:08.976,1.26615,1.26655,1.00,3.70
2010.06.04 06:44:11.220,1.26615,1.2665,1.00,2.10
2010.06.04 06:44:11.419,1.2661,1.2665,1.00,2.30
2010.06.04 06:44:12.128,1.26615,1.26655,1.00,3.10
2010.06.04 06:44:15.731,1.26615,1.26655,2.40,1.60
2010.06.04 06:44:16.057,1.26615,1.26655,2.40,1.00
2010.06.04 06:44:19.313,1.2662,1.2666,2.40,1.60
2010.06.04 06:44:19.391,1.2663,1.2666,1.00,1.00
2010.06.04 06:44:19.470,1.26625,1.26665,2.40,1.20
2010.06.04 06:44:19.547,1.26625,1.2667,3.20,4.60
2010.06.04 06:44:19.628,1.26625,1.2667,2.40,5.40
2010.06.04 06:44:21.214,1.2662,1.2666,2.40,1.00
2010.06.04 06:44:21.901,1.2662,1.2666,1.00,5.40
2010.06.04 06:44:22.198,1.2661,1.2666,3.70,5.40
2010.06.04 06:44:22.682,1.2661,1.26655,3.70,1.50
2010.06.04 06:44:23.000,1.2661,1.2665,2.90,1.00
2010.06.04 06:44:23.251,1.2661,1.2665,2.40,1.00
2010.06.04 06:44:26.502,1.2661,1.2665,2.40,3.70
2010.06.04 06:44:28.357,1.2661,1.26645,1.00,1.50
2010.06.04 06:44:29.040,1.26605,1.26645,1.00,2.30
2010.06.04 06:44:29.185,1.266,1.26645,4.10,2.30
2010.06.04 06:44:29.936,1.266,1.26645,3.60,2.30
2010.06.04 06:44:31.442,1.26605,1.2665,2.40,2.20
2010.06.04 06:44:31.555,1.2661,1.2665,1.00,1.00
2010.06.04 06:44:31.658,1.2661,1.2665,1.60,1.00
2010.06.04 06:44:32.066,1.2661,1.2665,2.40,1.00
2010.06.04 06:44:32.176,1.2661,1.2665,3.20,1.00
2010.06.04 06:44:32.388,1.26615,1.26655,1.00,5.10
2010.06.04 06:44:32.920,1.26615,1.26655,1.00,2.30
2010.06.04 06:44:34.649,1.26615,1.26645,1.00,1.00
2010.06.04 06:44:35.609,1.26615,1.26655,1.00,2.30
2010.06.04 06:44:39.735,1.26615,1.26655,1.60,2.30
2010.06.04 06:44:41.886,1.26615,1.26655,2.10,2.30
2010.06.04 06:44:42.068,1.26615,1.26655,3.70,1.00
2010.06.04 06:44:42.337,1.2662,1.2666,1.00,1.00
2010.06.04 06:44:42.517,1.26625,1.2666,1.00,1.00
2010.06.04 06:44:43.721,1.2662,1.2666,2.80,1.00
2010.06.04 06:44:44.056,1.2662,1.2666,2.40,1.00
2010.06.04 06:44:45.057,1.2662,1.2666,2.40,1.70
2010.06.04 06:44:45.290,1.2662,1.2666,2.40,1.00
2010.06.04 06:44:45.518,1.26615,1.2666,3.70,3.90
2010.06.04 06:44:45.748,1.26615,1.2666,3.70,1.00
2010.06.04 06:44:45.977,1.2662,1.2666,1.00,1.00
2010.06.04 06:44:48.537,1.2662,1.2666,1.00,1.00
2010.06.04 06:44:48.717,1.2662,1.2666,1.00,5.30
2010.06.04 06:44:49.107,1.26615,1.26655,3.20,1.00
2010.06.04 06:44:50.072,1.2663,1.2666,1.00,1.50
2010.06.04 06:44:50.342,1.2662,1.2667,1.20,3.50
2010.06.04 06:44:50.608,1.2662,1.2667,1.00,3.50
2010.06.04 06:44:50.876,1.26615,1.2667,3.20,3.50
2010.06.04 06:44:53.627,1.26625,1.2667,3.20,4.30
2010.06.04 06:44:53.707,1.26625,1.2667,3.20,4.50
2010.06.04 06:44:53.786,1.26625,1.2667,1.60,6.10
2010.06.04 06:44:54.223,1.26625,1.26665,1.00,1.00
2010.06.04 06:44:54.313,1.2663,1.2667,1.20,1.00
2010.06.04 06:44:54.857,1.2663,1.2667,2.10,1.00
2010.06.04 06:44:55.170,1.26635,1.26675,1.00,1.00
2010.06.04 06:44:55.479,1.2664,1.26675,1.00,1.00
2010.06.04 06:44:55.789,1.2664,1.2668,2.20,1.00
2010.06.04 06:44:56.532,1.2664,1.26675,1.40,1.50
2010.06.04 06:44:56.725,1.2664,1.2668,1.00,2.30
2010.06.04 06:44:57.248,1.2664,1.2668,1.40,2.30
2010.06.04 06:44:57.891,1.2664,1.26685,3.80,3.90
2010.06.04 06:44:58.566,1.26645,1.26685,1.00,2.40
2010.06.04 06:44:58.908,1.26645,1.26685,1.00,1.00
2010.06.04 06:45:04.588,1.26645,1.26685,2.40,1.00
2010.06.04 06:45:04.676,1.2665,1.2669,1.00,2.90
2010.06.04 06:45:05.546,1.2665,1.2669,1.60,2.90
2010.06.04 06:45:05.810,1.2665,1.2669,4.60,1.00
2010.06.04 06:45:05.870,1.2665,1.2669,3.80,1.00
2010.06.04 06:45:06.341,1.26655,1.26695,1.00,1.00
2010.06.04 06:45:06.403,1.26655,1.267,1.20,6.90
2010.06.04 06:45:06.459,1.26655,1.26695,1.20,1.50
2010.06.04 06:45:06.579,1.26655,1.26695,1.00,2.30
2010.06.04 06:45:08.314,1.2665,1.2669,1.00,1.00
2010.06.04 06:45:15.989,1.2665,1.2669,2.20,1.00
2010.06.04 06:45:16.392,1.2665,1.2669,1.60,1.00
2010.06.04 06:45:16.841,1.2665,1.2669,1.60,2.30
2010.06.04 06:45:17.278,1.2665,1.2669,1.00,2.90
2010.06.04 06:45:17.557,1.26645,1.2669,2.40,2.90
2010.06.04 06:45:19.827,1.2665,1.2669,1.00,2.90
2010.06.04 06:45:19.958,1.2665,1.2669,3.80,1.00
2010.06.04 06:45:20.726,1.26655,1.26695,1.00,2.30
2010.06.04 06:45:21.076,1.2665,1.2669,1.00,2.20
2010.06.04 06:45:21.422,1.2665,1.26685,1.00,1.00
2010.06.04 06:45:22.517,1.2665,1.26685,1.00,1.60
2010.06.04 06:45:22.748,1.26645,1.2668,1.00,1.00
2010.06.04 06:45:23.420,1.2664,1.2668,1.40,1.00
2010.06.04 06:45:23.667,1.2664,1.2668,1.40,1.00
2010.06.04 06:45:24.557,1.2664,1.2668,2.20,1.00
2010.06.04 06:45:24.619,1.26645,1.26685,1.00,3.90
2010.06.04 06:45:24.677,1.26645,1.26685,1.40,3.90
2010.06.04 06:45:25.205,1.2665,1.26685,1.00,2.30
2010.06.04 06:45:25.273,1.2665,1.26685,3.00,1.00
2010.06.04 06:45:25.340,1.2665,1.2669,2.80,1.00
2010.06.04 06:45:25.832,1.2665,1.2669,3.60,1.00
2010.06.04 06:45:26.189,1.2666,1.26695,1.00,3.90
2010.06.04 06:45:26.530,1.2666,1.267,2.20,2.30
2010.06.04 06:45:27.843,1.26655,1.26695,3.20,2.30
2010.06.04 06:45:28.109,1.26655,1.2669,1.20,1.50
2010.06.04 06:45:28.371,1.26655,1.2669,1.00,2.30
2010.06.04 06:45:28.814,1.2665,1.2669,1.40,2.30
2010.06.04 06:45:29.716,1.2665,1.26695,3.00,3.90
2010.06.04 06:45:38.898,1.26655,1.26695,1.40,3.90
2010.06.04 06:45:39.049,1.26655,1.26695,1.40,2.30
2010.06.04 06:45:39.196,1.26655,1.26695,1.40,2.30
2010.06.04 06:45:39.997,1.2666,1.26695,1.00,2.30
2010.06.04 06:45:40.228,1.2666,1.26695,1.40,2.30
2010.06.04 06:45:40.871,1.2666,1.267,2.20,2.30
2010.06.04 06:45:44.588,1.2666,1.26695,1.40,1.00
2010.06.04 06:45:44.739,1.26655,1.26695,3.00,2.30
2010.06.04 06:45:44.886,1.26655,1.26695,1.80,2.30
2010.06.04 06:45:45.036,1.26655,1.26695,1.40,2.30
2010.06.04 06:45:48.216,1.2666,1.26695,1.00,2.30
2010.06.04 06:45:48.360,1.2666,1.26695,1.40,2.30
2010.06.04 06:45:48.498,1.2666,1.26695,1.40,1.00
2010.06.04 06:45:51.855,1.2666,1.26695,1.40,1.00
2010.06.04 06:45:51.956,1.2666,1.267,2.20,2.30
2010.06.04 06:45:53.571,1.2666,1.267,2.30,2.30
2010.06.04 06:45:53.716,1.2666,1.267,2.20,2.30
2010.06.04 06:46:00.936,1.2666,1.267,2.20,1.50
2010.06.04 06:46:01.046,1.2666,1.26705,3.80,3.90
2010.06.04 06:46:01.795,1.26665,1.26705,1.00,3.90
2010.06.04 06:46:08.218,1.2666,1.267,2.20,1.50
2010.06.04 06:46:08.871,1.2666,1.26705,3.80,3.90
2010.06.04 06:46:12.455,1.2666,1.26705,3.20,3.90
2010.06.04 06:46:12.561,1.2666,1.26705,2.40,3.90
2010.06.04 06:46:18.747,1.2666,1.26705,3.00,3.90
2010.06.04 06:46:18.859,1.2666,1.26705,3.80,3.90
2010.06.04 06:46:19.499,1.2666,1.26705,2.40,3.90
2010.06.04 06:46:20.037,1.2666,1.267,1.00,3.10
2010.06.04 06:46:20.307,1.26655,1.267,3.00,3.90
2010.06.04 06:46:34.470,1.26655,1.267,2.80,3.90
2010.06.04 06:46:54.247,1.26655,1.267,3.60,3.90
2010.06.04 06:46:54.358,1.2666,1.267,2.40,1.00
2010.06.04 06:46:54.470,1.26665,1.267,1.00,1.00
2010.06.04 06:46:55.246,1.26665,1.267,1.00,1.00
2010.06.04 06:46:55.508,1.2667,1.2671,1.00,3.90
2010.06.04 06:46:56.036,1.26665,1.26705,1.40,2.30
2010.06.04 06:46:57.760,1.26665,1.26705,1.20,2.30
2010.06.04 06:46:57.889,1.26665,1.267,1.00,1.00
2010.06.04 06:46:58.167,1.2666,1.267,3.80,1.00
2010.06.04 06:46:59.746,1.2666,1.267,2.20,2.40
2010.06.04 06:47:00.188,1.2666,1.267,2.20,3.90
2010.06.04 06:47:07.098,1.2666,1.267,1.00,3.90
2010.06.04 06:47:18.516,1.2666,1.267,1.00,4.50
2010.06.04 06:47:18.637,1.2666,1.26695,1.00,1.50
2010.06.04 06:47:18.867,1.26655,1.26695,1.00,2.30
2010.06.04 06:47:20.391,1.26655,1.26695,1.40,2.30
2010.06.04 06:47:20.621,1.2666,1.26695,1.00,1.50
2010.06.04 06:47:20.806,1.2666,1.267,1.00,3.90
2010.06.04 06:47:37.959,1.2666,1.267,2.20,2.40
2010.06.04 06:47:38.563,1.2666,1.267,3.80,1.00
2010.06.04 06:47:40.418,1.2666,1.267,2.40,1.00
2010.06.04 06:47:44.840,1.2666,1.26695,1.60,1.00
2010.06.04 06:47:45.059,1.2666,1.26695,1.00,1.00
2010.06.04 06:47:45.561,1.26655,1.26695,1.00,1.00
2010.06.04 06:47:45.747,1.2664,1.2668,3.30,1.00
2010.06.04 06:47:45.931,1.2664,1.2668,3.30,1.00
2010.06.04 06:47:46.491,1.26645,1.2668,1.00,1.00
2010.06.04 06:47:46.834,1.26645,1.2669,2.40,4.70
2010.06.04 06:47:49.875,1.26645,1.26685,2.40,1.50
2010.06.04 06:47:49.936,1.26645,1.26685,1.00,1.50
2010.06.04 06:47:49.996,1.26645,1.26685,1.00,2.30
2010.06.04 06:47:50.678,1.26645,1.26685,1.00,2.90
2010.06.04 06:47:50.949,1.2664,1.2668,2.80,1.00
2010.06.04 06:47:51.529,1.26645,1.2668,1.00,1.00
2010.06.04 06:47:51.802,1.26645,1.2669,1.00,5.30
2010.06.04 06:47:51.977,1.26645,1.2669,2.40,5.30
2010.06.04 06:47:55.897,1.2665,1.2669,1.00,4.70
2010.06.04 06:47:56.553,1.2665,1.2669,1.00,2.30
2010.06.04 06:47:56.615,1.2665,1.26695,1.20,2.30
2010.06.04 06:47:57.012,1.26645,1.2669,3.30,3.90
2010.06.04 06:47:57.786,1.26645,1.26685,1.00,3.90
2010.06.04 06:47:57.991,1.2664,1.26685,2.80,3.90
2010.06.04 06:47:58.200,1.2664,1.26685,2.80,4.70
2010.06.04 06:47:58.411,1.2664,1.2668,2.80,1.00
2010.06.04 06:47:59.042,1.26635,1.26675,1.20,3.90
2010.06.04 06:47:59.319,1.26635,1.26675,1.00,3.90
2010.06.04 06:47:59.598,1.26635,1.26675,1.00,3.90
2010.06.04 06:48:00.255,1.26635,1.26675,1.60,3.90
2010.06.04 06:48:00.602,1.2664,1.2668,1.00,1.00
2010.06.04 06:48:01.288,1.2664,1.2668,1.60,1.00
2010.06.04 06:48:07.326,1.2664,1.2668,2.10,1.00
2010.06.04 06:48:07.899,1.2664,1.2668,3.70,1.00
2010.06.04 06:48:07.992,1.26645,1.26685,1.00,2.40
2010.06.04 06:48:10.983,1.2665,1.26685,1.00,1.00
2010.06.04 06:48:11.179,1.2665,1.26695,1.00,4.10
2010.06.04 06:48:11.362,1.2665,1.2669,1.00,2.30
2010.06.04 06:48:11.631,1.2665,1.2669,1.00,3.50
2010.06.04 06:48:12.530,1.26645,1.26685,1.00,1.00
2010.06.04 06:48:13.087,1.26645,1.26685,1.00,2.20
2010.06.04 06:48:13.370,1.26645,1.26685,1.30,1.00
2010.06.04 06:48:14.152,1.26645,1.26685,3.60,1.00
2010.06.04 06:48:14.881,1.26645,1.2668,1.00,1.00
2010.06.04 06:48:15.501,1.2664,1.2668,2.10,2.30
2010.06.04 06:48:15.844,1.26645,1.26685,1.00,3.10
2010.06.04 06:48:16.188,1.26645,1.26685,1.00,2.30
2010.06.04 06:48:17.157,1.26645,1.26685,1.00,2.50
2010.06.04 06:48:17.920,1.26645,1.26685,1.00,4.10
2010.06.04 06:48:18.025,1.2664,1.2668,2.80,1.00
2010.06.04 06:48:18.566,1.2664,1.2668,2.40,1.00
2010.06.04 06:48:18.887,1.2664,1.2668,2.40,1.00
2010.06.04 06:48:20.428,1.26645,1.2668,1.00,1.00
2010.06.04 06:48:20.698,1.26645,1.26685,2.90,1.00
2010.06.04 06:48:21.389,1.26655,1.2669,1.00,1.00
2010.06.04 06:48:21.681,1.26655,1.26695,2.40,1.00
2010.06.04 06:48:22.728,1.26655,1.26695,1.00,2.30
2010.06.04 06:48:24.249,1.26655,1.26695,1.00,3.90
2010.06.04 06:48:24.567,1.2665,1.2669,1.00,1.00
2010.06.04 06:48:25.587,1.2665,1.2669,1.00,2.30
2010.06.04 06:48:25.797,1.26645,1.26685,2.40,1.00
2010.06.04 06:48:26.896,1.26645,1.2669,2.40,5.10
2010.06.04 06:48:27.200,1.26645,1.2668,1.00,3.10
2010.06.04 06:48:27.348,1.2664,1.26675,1.00,1.60
2010.06.04 06:48:28.058,1.26635,1.26675,2.80,1.00
2010.06.04 06:48:28.412,1.2664,1.2668,1.00,3.50
2010.06.04 06:48:28.949,1.2664,1.26675,1.00,1.00
2010.06.04 06:48:29.138,1.26635,1.26675,1.00,1.60
2010.06.04 06:48:29.708,1.26635,1.26675,1.00,3.10
2010.06.04 06:48:31.367,1.26635,1.26675,1.00,2.30
2010.06.04 06:48:32.282,1.26635,1.26665,1.00,1.00
2010.06.04 06:48:32.472,1.2663,1.26665,1.00,1.00
2010.06.04 06:48:33.122,1.26625,1.26655,1.00,1.00
2010.06.04 06:48:33.472,1.2662,1.26655,1.00,1.00
2010.06.04 06:48:34.928,1.2662,1.26655,1.00,1.60
2010.06.04 06:48:35.270,1.26615,1.26645,1.00,1.00
2010.06.04 06:48:35.569,1.2661,1.26645,1.00,1.00
2010.06.04 06:48:36.762,1.2661,1.2665,2.40,1.20
2010.06.04 06:48:37.166,1.2661,1.2665,2.40,1.00
2010.06.04 06:48:38.139,1.2661,1.2665,1.00,1.00
2010.06.04 06:48:38.482,1.26615,1.2665,1.00,1.00
2010.06.04 06:48:39.170,1.26615,1.26655,1.60,1.00
2010.06.04 06:48:39.423,1.26615,1.2666,1.60,2.30
2010.06.04 06:48:39.932,1.26615,1.26655,1.60,1.00
2010.06.04 06:48:40.636,1.26615,1.26655,1.00,1.60
2010.06.04 06:48:40.914,1.26615,1.2665,1.00,1.00
2010.06.04 06:48:44.436,1.26615,1.2665,1.00,1.00
2010.06.04 06:48:44.536,1.2661,1.2665,2.40,1.00
2010.06.04 06:48:49.308,1.2661,1.26655,2.40,5.30
2010.06.04 06:48:53.485,1.2661,1.2665,2.40,1.00
2010.06.04 06:48:56.560,1.2661,1.2665,2.40,1.30
2010.06.04 06:48:56.990,1.2661,1.26645,2.40,1.00
2010.06.04 06:48:57.114,1.2661,1.2664,1.60,1.00
2010.06.04 06:48:57.181,1.26605,1.2664,1.60,1.00
2010.06.04 06:48:57.693,1.266,1.2664,1.20,1.00
2010.06.04 06:48:58.047,1.266,1.2664,2.40,1.00
2010.06.04 06:48:58.729,1.266,1.26645,2.40,5.30
2010.06.04 06:49:04.876,1.266,1.26645,2.40,4.70
2010.06.04 06:49:05.383,1.26605,1.26645,1.00,3.90
2010.06.04 06:49:05.437,1.26605,1.26645,1.00,3.90
2010.06.04 06:49:10.647,1.26605,1.26645,1.60,3.90
2010.06.04 06:49:11.110,1.26615,1.26645,1.00,3.90
2010.06.04 06:49:11.240,1.2661,1.26645,1.00,1.00
2010.06.04 06:49:11.366,1.26605,1.26645,1.20,1.00
2010.06.04 06:49:11.626,1.26605,1.26645,1.00,1.00
2010.06.04 06:49:25.769,1.2661,1.26645,1.00,1.00
2010.06.04 06:49:26.009,1.2661,1.2665,1.00,2.30
2010.06.04 06:49:27.790,1.26615,1.26655,1.00,2.90
2010.06.04 06:49:27.897,1.26615,1.26655,1.00,2.30
2010.06.04 06:49:30.417,1.26615,1.26655,1.00,2.50
2010.06.04 06:49:30.467,1.26615,1.26655,1.00,3.30
2010.06.04 06:49:30.518,1.26615,1.26655,1.00,3.80
2010.06.04 06:49:33.630,1.26615,1.26655,1.00,4.60
2010.06.04 06:49:33.879,1.2661,1.2665,2.40,2.10
2010.06.04 06:49:34.545,1.2661,1.2665,1.00,2.10
2010.06.04 06:49:35.669,1.2661,1.26645,1.00,1.00
2010.06.04 06:49:35.888,1.2661,1.26635,1.00,1.00
2010.06.04 06:49:36.108,1.26605,1.26635,1.00,1.00
2010.06.04 06:49:37.101,1.26605,1.26645,1.00,2.00
2010.06.04 06:49:37.372,1.26605,1.26645,1.00,1.20
2010.06.04 06:49:37.628,1.26605,1.26645,1.00,1.00
2010.06.04 06:49:39.991,1.26605,1.26645,1.00,1.60
2010.06.04 06:49:41.347,1.26605,1.26645,1.00,1.60
2010.06.04 06:49:41.577,1.266,1.26645,3.20,4.70
2010.06.04 06:49:41.807,1.266,1.26645,2.40,5.70
2010.06.04 06:49:42.363,1.266,1.2664,2.40,1.00
2010.06.04 06:49:44.907,1.266,1.2664,2.40,1.00
2010.06.04 06:49:45.376,1.266,1.2664,2.40,1.50
2010.06.04 06:49:45.707,1.266,1.2664,2.40,1.30
2010.06.04 06:49:47.416,1.266,1.2664,2.40,1.00
2010.06.04 06:49:51.329,1.266,1.2664,3.20,1.00
2010.06.04 06:49:52.540,1.266,1.2664,3.20,1.00
2010.06.04 06:49:56.148,1.266,1.2664,3.20,1.00
2010.06.04 06:49:56.377,1.266,1.26645,3.20,4.50
2010.06.04 06:49:57.759,1.266,1.26645,4.00,4.50
2010.06.04 06:49:57.848,1.26615,1.26645,1.00,2.90
2010.06.04 06:49:57.940,1.26615,1.26645,1.00,1.30
2010.06.04 06:49:58.109,1.26625,1.26645,1.00,1.30
2010.06.04 06:49:58.600,1.26625,1.26645,1.00,1.00
2010.06.04 06:49:58.695,1.2659,1.2664,1.20,3.80
2010.06.04 06:49:59.037,1.2659,1.2664,1.20,5.40
2010.06.04 06:49:59.379,1.26585,1.2663,1.00,1.00
2010.06.04 06:50:00.186,1.2659,1.2663,1.00,2.30
2010.06.04 06:50:00.749,1.266,1.2663,1.00,2.30
2010.06.04 06:50:00.899,1.266,1.2663,1.30,2.30
2010.06.04 06:50:01.463,1.2661,1.2663,1.00,2.30
2010.06.04 06:50:01.814,1.266,1.2663,1.00,1.00
2010.06.04 06:50:02.157,1.26595,1.2663,1.00,1.00
2010.06.04 06:50:09.082,1.26595,1.2663,1.00,1.30
2010.06.04 06:50:09.642,1.2659,1.2663,1.00,4.50
2010.06.04 06:50:10.608,1.2659,1.2663,1.00,4.50
2010.06.04 06:50:10.897,1.26585,1.2663,2.40,4.50
2010.06.04 06:50:11.609,1.26585,1.2663,2.40,4.60
2010.06.04 06:50:14.686,1.26585,1.2663,2.40,4.50
2010.06.04 06:50:17.661,1.26585,1.26625,1.00,4.10
2010.06.04 06:50:17.832,1.2658,1.2662,1.20,1.30
2010.06.04 06:50:18.623,1.2658,1.2662,1.60,2.30
2010.06.04 06:50:18.968,1.2658,1.2662,1.00,2.30
2010.06.04 06:50:20.561,1.2658,1.2662,1.60,2.30
2010.06.04 06:50:22.194,1.2658,1.2662,4.60,1.00
2010.06.04 06:50:22.545,1.2659,1.26625,1.00,1.00
2010.06.04 06:50:22.939,1.26585,1.26625,1.00,2.10
2010.06.04 06:50:23.137,1.26585,1.26625,1.00,2.90
2010.06.04 06:50:23.998,1.26585,1.2662,1.00,1.30
2010.06.04 06:50:24.887,1.2658,1.2662,1.00,1.00
2010.06.04 06:50:24.951,1.2658,1.2662,1.00,1.90
2010.06.04 06:50:25.009,1.2658,1.2662,1.00,3.50
2010.06.04 06:50:25.479,1.26575,1.26615,1.00,1.60
2010.06.04 06:50:25.556,1.2657,1.26605,2.40,1.00
2010.06.04 06:50:25.627,1.2657,1.26605,4.00,1.00
2010.06.04 06:50:26.410,1.26585,1.26615,1.00,1.60
2010.06.04 06:50:26.754,1.2658,1.2663,1.00,1.00
2010.06.04 06:50:27.011,1.2658,1.2663,1.00,2.50
2010.06.04 06:50:27.989,1.26585,1.26625,2.40,1.00
2010.06.04 06:50:28.330,1.26585,1.2663,2.40,3.80
2010.06.04 06:50:29.012,1.26585,1.2662,1.60,1.00
2010.06.04 06:50:29.703,1.26575,1.2661,1.00,1.00
2010.06.04 06:50:29.959,1.2657,1.2661,1.00,3.00
2010.06.04 06:50:31.007,1.2657,1.26605,1.40,1.00
2010.06.04 06:50:31.264,1.26575,1.26615,1.60,3.90
2010.06.04 06:50:31.513,1.2658,1.26615,1.00,1.00
2010.06.04 06:50:31.767,1.2658,1.2662,1.00,2.30
2010.06.04 06:50:32.383,1.2658,1.2662,2.40,2.30
2010.06.04 06:50:32.633,1.26585,1.26625,1.00,1.00
2010.06.04 06:50:33.110,1.26585,1.26625,3.00,1.00
2010.06.04 06:50:33.684,1.26585,1.26625,4.60,1.00
2010.06.04 06:50:34.030,1.2659,1.2663,1.00,1.00
2010.06.04 06:50:35.915,1.2659,1.2663,1.00,1.30
2010.06.04 06:50:36.111,1.2659,1.2663,1.00,4.60
2010.06.04 06:50:36.878,1.2659,1.26625,1.00,1.00
2010.06.04 06:50:37.080,1.2659,1.26625,1.00,2.20
2010.06.04 06:50:37.843,1.26585,1.26625,1.00,3.00
2010.06.04 06:50:46.818,1.26585,1.26625,2.40,2.30
2010.06.04 06:50:46.998,1.2659,1.26625,1.40,1.00
2010.06.04 06:50:47.693,1.2659,1.2663,1.60,1.00
2010.06.04 06:50:47.878,1.2659,1.2663,2.40,1.00
2010.06.04 06:50:48.068,1.2659,1.2663,2.40,1.00
2010.06.04 06:50:52.269,1.2659,1.2663,3.20,1.00
2010.06.04 06:50:52.319,1.2659,1.2663,3.80,1.00
2010.06.04 06:50:52.420,1.26595,1.2663,1.00,1.00
2010.06.04 06:50:52.459,1.26595,1.2663,3.80,1.00
2010.06.04 06:50:52.496,1.26595,1.2663,3.80,1.00
2010.06.04 06:50:53.010,1.26595,1.26635,1.00,1.00
2010.06.04 06:50:53.098,1.26595,1.26635,1.00,2.10
2010.06.04 06:50:53.481,1.2659,1.2663,1.00,3.10
2010.06.04 06:50:53.820,1.2658,1.26625,2.40,5.40
2010.06.04 06:50:55.009,1.2658,1.2662,2.40,2.30
2010.06.04 06:50:55.129,1.2658,1.26615,1.00,1.00
2010.06.04 06:50:55.614,1.2658,1.26615,1.00,2.20
2010.06.04 06:50:55.959,1.26575,1.26615,1.00,3.00
2010.06.04 06:50:57.795,1.26575,1.2661,1.00,1.00
2010.06.04 06:50:58.077,1.2657,1.2661,3.20,2.30
2010.06.04 06:51:02.880,1.2657,1.2661,3.20,2.30
2010.06.04 06:51:02.977,1.2657,1.2661,1.60,2.30
2010.06.04 06:51:10.837,1.2657,1.2661,1.60,2.30
2010.06.04 06:51:11.068,1.2657,1.2661,1.60,1.50
2010.06.04 06:51:11.526,1.2657,1.26615,3.60,3.80
2010.06.04 06:51:11.757,1.26575,1.26615,1.00,3.80
2010.06.04 06:51:18.182,1.26575,1.26615,1.00,3.00
2010.06.04 06:51:20.046,1.26575,1.26615,1.00,3.10
2010.06.04 06:51:20.801,1.2657,1.2661,1.60,2.30
2010.06.04 06:51:27.886,1.2657,1.2661,2.40,2.30
2010.06.04 06:51:28.411,1.26575,1.2661,1.00,3.10
2010.06.04 06:51:28.589,1.2657,1.2661,1.20,4.50
2010.06.04 06:51:28.769,1.2657,1.2661,1.60,4.50
2010.06.04 06:51:28.948,1.2657,1.2661,1.60,2.70
2010.06.04 06:51:29.297,1.2657,1.2661,1.60,2.30
2010.06.04 06:51:37.667,1.2657,1.2661,2.40,2.30
2010.06.04 06:51:37.747,1.2658,1.2661,1.00,2.30
2010.06.04 06:51:37.989,1.2658,1.2661,1.00,1.00
2010.06.04 06:51:38.767,1.26575,1.2661,1.00,1.00
2010.06.04 06:51:39.111,1.2657,1.2661,1.20,2.20
2010.06.04 06:51:39.867,1.2657,1.2661,1.00,5.40
2010.06.04 06:51:40.837,1.2657,1.2661,1.00,6.20
2010.06.04 06:51:41.088,1.2657,1.266,1.00,1.00
2010.06.04 06:51:41.319,1.26565,1.266,1.00,1.00
2010.06.04 06:51:41.547,1.2656,1.266,2.40,1.00
2010.06.04 06:51:42.247,1.2656,1.26605,2.40,3.80
2010.06.04 06:51:42.367,1.2656,1.266,2.40,1.00
2010.06.04 06:51:44.128,1.2656,1.266,2.40,1.00
2010.06.04 06:51:44.367,1.2656,1.266,1.00,1.00
2010.06.04 06:51:46.946,1.2656,1.266,1.00,1.00
2010.06.04 06:51:49.330,1.26555,1.26595,1.00,2.30
2010.06.04 06:51:49.606,1.26555,1.26595,2.00,3.10
2010.06.04 06:51:49.791,1.26555,1.26595,1.20,1.50
2010.06.04 06:51:49.981,1.2656,1.26595,1.00,1.00
2010.06.04 06:51:50.579,1.26555,1.266,5.20,3.50
2010.06.04 06:51:50.770,1.2656,1.266,1.20,3.10
2010.06.04 06:51:51.114,1.26565,1.26605,1.60,1.00
2010.06.04 06:51:51.460,1.26565,1.2661,2.40,4.70
2010.06.04 06:51:52.667,1.2657,1.2661,1.00,1.60
2010.06.04 06:51:52.826,1.2657,1.2661,1.00,1.60
2010.06.04 06:51:57.627,1.2657,1.2661,1.60,2.40
2010.06.04 06:51:57.660,1.2657,1.2661,1.60,4.70
2010.06.04 06:51:57.724,1.2657,1.2661,1.00,4.70
2010.06.04 06:51:57.748,1.26565,1.2661,2.40,5.50
2010.06.04 06:52:11.776,1.26565,1.2661,4.00,5.50
2010.06.04 06:52:12.911,1.26565,1.26605,4.00,1.50
2010.06.04 06:52:12.996,1.26565,1.26605,2.40,1.50
2010.06.04 06:52:13.157,1.26565,1.26605,2.40,2.30
2010.06.04 06:52:16.298,1.26565,1.26605,3.70,1.00
2010.06.04 06:52:16.839,1.26575,1.26605,2.10,1.00
2010.06.04 06:52:16.986,1.2659,1.2662,2.40,1.20
2010.06.04 06:52:17.122,1.266,1.26625,1.00,1.00
2010.06.04 06:52:18.009,1.266,1.2663,1.00,1.40
2010.06.04 06:52:18.353,1.2659,1.2662,2.40,1.00
2010.06.04 06:52:18.698,1.26585,1.2662,4.00,1.00
2010.06.04 06:52:19.039,1.26585,1.26625,4.00,1.40
2010.06.04 06:52:19.457,1.2659,1.26625,1.60,1.40
2010.06.04 06:52:19.596,1.2659,1.2663,4.80,1.00
2010.06.04 06:52:19.729,1.26595,1.2663,1.60,1.00
2010.06.04 06:52:19.871,1.26595,1.2664,4.00,4.10
2010.06.04 06:52:20.008,1.26595,1.2664,2.40,4.60
2010.06.04 06:52:20.460,1.26595,1.26635,2.40,3.10
2010.06.04 06:52:20.798,1.26595,1.26635,1.00,3.90
2010.06.04 06:52:22.044,1.26595,1.26635,1.40,3.90
2010.06.04 06:52:22.377,1.26595,1.2664,4.60,3.90
2010.06.04 06:52:22.705,1.26595,1.26635,1.00,3.10
2010.06.04 06:52:22.879,1.26595,1.26635,1.00,3.90
2010.06.04 06:52:23.389,1.266,1.2664,1.00,4.50
2010.06.04 06:52:24.024,1.266,1.2664,1.00,3.90
2010.06.04 06:52:24.648,1.266,1.2664,3.20,1.00
2010.06.04 06:52:24.969,1.266,1.2664,2.40,1.00
2010.06.04 06:52:25.179,1.266,1.2664,1.00,3.70
2010.06.04 06:52:25.774,1.26595,1.2663,1.00,1.50
2010.06.04 06:52:25.985,1.2659,1.2663,1.60,4.50
2010.06.04 06:52:26.332,1.2659,1.2663,3.20,1.30
2010.06.04 06:52:27.098,1.26595,1.26635,1.00,2.30
2010.06.04 06:52:27.345,1.26595,1.26635,3.00,2.30
2010.06.04 06:52:29.192,1.266,1.2664,1.00,2.30
2010.06.04 06:52:29.959,1.266,1.26625,1.00,1.00
2010.06.04 06:52:30.158,1.26585,1.2662,1.00,3.10
2010.06.04 06:52:30.362,1.26575,1.2662,4.40,5.30
2010.06.04 06:52:30.521,1.26565,1.26615,2.80,2.90
2010.06.04 06:52:30.964,1.26565,1.26605,2.80,4.50
2010.06.04 06:52:31.121,1.26565,1.26605,2.80,3.90
2010.06.04 06:52:31.610,1.26565,1.26605,2.80,5.30
2010.06.04 06:52:31.949,1.26565,1.266,2.00,1.00
2010.06.04 06:52:33.059,1.26565,1.266,1.60,1.00
2010.06.04 06:52:35.040,1.2656,1.266,2.80,1.00
2010.06.04 06:52:37.425,1.26565,1.26605,1.00,1.00
2010.06.04 06:52:37.498,1.26565,1.26605,2.40,1.00
2010.06.04 06:52:37.991,1.26565,1.2659,1.20,1.00
2010.06.04 06:52:38.332,1.26565,1.266,1.00,2.40
2010.06.04 06:52:39.093,1.2656,1.26595,1.00,1.60
2010.06.04 06:52:39.331,1.2656,1.2659,1.00,2.30
2010.06.04 06:52:39.560,1.2656,1.2659,1.60,1.00
2010.06.04 06:52:39.790,1.26555,1.26595,4.70,1.00
2010.06.04 06:52:39.978,1.2656,1.266,1.00,2.30
2010.06.04 06:52:40.938,1.2656,1.2659,1.00,1.00
2010.06.04 06:52:41.513,1.26555,1.2659,1.00,1.00
2010.06.04 06:52:41.638,1.26555,1.2659,1.00,1.00
2010.06.04 06:52:41.887,1.26555,1.26595,2.90,1.00
2010.06.04 06:52:42.228,1.2656,1.266,1.00,2.30
2010.06.04 06:52:43.207,1.2656,1.26595,1.00,1.00
2010.06.04 06:52:43.569,1.2656,1.26595,1.00,1.60
2010.06.04 06:52:44.462,1.2655,1.26595,4.40,5.50
2010.06.04 06:52:44.812,1.2655,1.2659,1.00,1.50
2010.06.04 06:52:45.162,1.26545,1.26585,2.80,3.10
2010.06.04 06:52:45.954,1.26545,1.26585,2.80,3.90
2010.06.04 06:52:46.303,1.26545,1.2659,5.30,3.90
2010.06.04 06:52:46.910,1.2655,1.2659,1.00,3.90
2010.06.04 06:52:47.548,1.26565,1.2659,1.60,1.00
2010.06.04 06:52:47.815,1.2657,1.26625,1.00,3.90
2010.06.04 06:52:48.030,1.2657,1.26625,3.10,3.90
2010.06.04 06:52:48.241,1.2657,1.26625,3.10,1.00
2010.06.04 06:52:49.103,1.2659,1.2662,1.00,1.00
2010.06.04 06:52:49.456,1.26595,1.26635,2.40,1.50
2010.06.04 06:52:49.800,1.26595,1.26635,2.40,2.30
2010.06.04 06:52:51.547,1.26595,1.2663,2.40,1.00
2010.06.04 06:52:51.769,1.26595,1.2663,1.00,2.40
2010.06.04 06:52:51.992,1.26585,1.26625,2.80,2.30
2010.06.04 06:52:52.171,1.26585,1.26625,2.40,2.30
2010.06.04 06:52:52.768,1.2658,1.2662,2.80,1.00
2010.06.04 06:52:52.941,1.26585,1.2662,1.60,1.00
2010.06.04 06:52:53.617,1.26585,1.2662,2.00,1.00
2010.06.04 06:52:54.649,1.26585,1.26615,2.00,1.00
2010.06.04 06:52:54.848,1.26585,1.2661,1.00,1.00
2010.06.04 06:52:55.051,1.2658,1.2661,1.00,1.00
2010.06.04 06:52:55.888,1.26575,1.2661,2.80,1.00
2010.06.04 06:52:56.438,1.26575,1.26605,1.00,1.00
2010.06.04 06:52:56.568,1.26575,1.2661,1.00,2.40
2010.06.04 06:52:56.691,1.2657,1.2661,2.80,2.00
2010.06.04 06:52:56.929,1.2657,1.2661,2.40,2.00
2010.06.04 06:53:00.706,1.26575,1.26615,1.60,1.60
2010.06.04 06:53:00.828,1.26575,1.2662,2.40,5.70
2010.06.04 06:53:00.887,1.26575,1.2662,2.40,6.50
2010.06.04 06:53:01.007,1.26575,1.2662,2.80,6.10
2010.06.04 06:53:01.189,1.26575,1.2662,2.40,6.10
2010.06.04 06:53:03.263,1.2657,1.2661,4.40,2.00
2010.06.04 06:53:03.756,1.2657,1.2661,4.00,2.00
2010.06.04 06:53:04.377,1.2657,1.2661,4.00,2.00
2010.06.04 06:53:04.578,1.2657,1.266,1.00,1.00
2010.06.04 06:53:05.421,1.26565,1.266,2.40,1.00
2010.06.04 06:53:06.450,1.26565,1.26595,1.00,1.00
2010.06.04 06:53:07.099,1.26555,1.266,4.50,5.20
2010.06.04 06:53:07.351,1.26555,1.26595,4.40,1.00
2010.06.04 06:53:08.213,1.2656,1.26595,1.60,1.00
2010.06.04 06:53:08.561,1.2656,1.266,2.40,2.00
2010.06.04 06:53:10.790,1.2656,1.266,4.00,2.00
2010.06.04 06:53:13.017,1.2656,1.266,4.00,1.20
2010.06.04 06:53:13.219,1.2656,1.266,4.00,1.00
2010.06.04 06:53:14.239,1.26565,1.266,1.60,1.00
2010.06.04 06:53:15.301,1.26565,1.26605,2.40,3.90
2010.06.04 06:53:15.648,1.2656,1.2659,4.40,1.00
2010.06.04 06:53:15.820,1.26565,1.26605,1.00,4.30
2010.06.04 06:53:16.570,1.2656,1.26605,1.00,3.90
2010.06.04 06:53:16.827,1.2656,1.266,1.00,4.70
2010.06.04 06:53:17.612,1.2656,1.26595,1.00,5.20
2010.06.04 06:53:18.232,1.26555,1.2659,1.00,1.00
2010.06.04 06:53:18.388,1.2655,1.2659,4.00,1.00
2010.06.04 06:53:21.340,1.26555,1.26595,1.60,3.90
2010.06.04 06:53:21.537,1.26555,1.26595,3.20,1.00
2010.06.04 06:53:21.738,1.26555,1.266,4.00,6.00
2010.06.04 06:53:23.797,1.26555,1.266,4.10,6.00
2010.06.04 06:53:24.008,1.26555,1.266,4.00,6.00
2010.06.04 06:53:24.220,1.26555,1.26595,4.00,1.60
2010.06.04 06:53:24.850,1.26555,1.266,3.90,5.10
2010.06.04 06:53:25.100,1.26555,1.266,4.00,6.00
2010.06.04 06:53:26.076,1.26555,1.266,4.00,5.20
2010.06.04 06:53:27.539,1.26555,1.26595,4.00,1.00
2010.06.04 06:53:27.605,1.26555,1.2659,1.00,1.00
2010.06.04 06:53:32.649,1.2655,1.2659,2.40,3.10
2010.06.04 06:53:32.837,1.2655,1.26585,2.40,2.30
2010.06.04 06:53:32.877,1.2655,1.26585,2.40,3.90
2010.06.04 06:53:32.920,1.2655,1.26585,2.40,4.40
2010.06.04 06:53:32.958,1.2655,1.26585,1.00,4.40
2010.06.04 06:53:33.490,1.2655,1.26575,1.00,1.00
2010.06.04 06:53:33.823,1.2654,1.26575,4.10,1.00
2010.06.04 06:53:34.737,1.26545,1.26575,1.60,1.00
2010.06.04 06:53:35.000,1.2655,1.26585,1.60,1.00
2010.06.04 06:53:35.524,1.2655,1.2659,1.60,4.70
2010.06.04 06:53:35.732,1.26555,1.2659,1.60,1.00
2010.06.04 06:53:36.137,1.26555,1.2659,2.40,1.00
2010.06.04 06:53:36.887,1.26555,1.2659,1.00,1.00
2010.06.04 06:53:44.864,1.2655,1.2659,2.90,1.60
2010.06.04 06:53:46.248,1.26555,1.2659,1.60,1.00
2010.06.04 06:53:46.833,1.2656,1.2659,1.60,1.00
2010.06.04 06:53:47.056,1.26555,1.26595,4.40,1.00
2010.06.04 06:53:49.038,1.26555,1.26595,4.50,1.00
2010.06.04 06:53:49.167,1.26555,1.26595,4.10,1.00
2010.06.04 06:53:49.686,1.26555,1.26595,4.50,1.00
2010.06.04 06:53:52.099,1.26555,1.26595,4.40,1.00
2010.06.04 06:53:52.854,1.26555,1.2659,4.50,1.00
2010.06.04 06:53:53.032,1.26555,1.26595,4.50,1.00
2010.06.04 06:54:03.507,1.2656,1.26595,1.00,1.00
2010.06.04 06:54:03.767,1.2656,1.266,1.00,4.40
2010.06.04 06:54:05.490,1.2656,1.266,2.80,4.40
2010.06.04 06:54:05.550,1.2656,1.266,1.20,4.40
2010.06.04 06:54:05.706,1.2656,1.266,1.00,4.40
2010.06.04 06:54:07.168,1.2656,1.26595,1.00,1.00
2010.06.04 06:54:07.318,1.2656,1.2659,1.00,1.00
2010.06.04 06:54:07.468,1.2656,1.26595,1.00,1.00
2010.06.04 06:54:08.065,1.26555,1.26595,4.50,1.00
2010.06.04 06:54:08.849,1.2656,1.266,2.40,3.60
2010.06.04 06:54:09.377,1.26565,1.266,1.00,1.60
2010.06.04 06:54:09.737,1.2657,1.2661,1.00,5.90
2010.06.04 06:54:10.077,1.2657,1.2661,1.00,6.00
2010.06.04 06:54:15.616,1.2657,1.2661,2.40,6.00
2010.06.04 06:54:22.817,1.2657,1.2661,2.40,5.20
2010.06.04 06:54:23.031,1.26575,1.2661,1.00,1.00
2010.06.04 06:54:23.677,1.26575,1.26615,2.40,1.00
2010.06.04 06:54:27.457,1.26575,1.26615,1.00,1.00
2010.06.04 06:54:27.707,1.26575,1.26615,1.00,1.60
2010.06.04 06:54:28.290,1.26575,1.26615,1.00,2.30
2010.06.04 06:54:28.368,1.2657,1.26615,4.00,2.30
2010.06.04 06:54:28.527,1.2657,1.26615,4.40,2.30
2010.06.04 06:54:28.868,1.2657,1.26615,2.80,5.40
2010.06.04 06:54:29.207,1.2657,1.26615,2.40,5.40
2010.06.04 06:54:35.957,1.2657,1.26615,2.40,5.50
2010.06.04 06:54:36.048,1.2657,1.2661,2.40,1.40
2010.06.04 06:54:36.138,1.2657,1.26605,2.40,1.00
2010.06.04 06:54:36.229,1.2657,1.26605,1.00,1.00
2010.06.04 06:54:36.790,1.26565,1.266,1.00,1.00
2010.06.04 06:54:37.130,1.2656,1.266,1.00,3.00
2010.06.04 06:54:37.470,1.2656,1.266,1.00,2.20
2010.06.04 06:54:37.809,1.2656,1.266,4.00,1.60
2010.06.04 06:54:38.236,1.26565,1.266,1.00,1.60
2010.06.04 06:54:40.647,1.26565,1.266,1.20,1.60
2010.06.04 06:54:40.902,1.26565,1.266,1.00,1.00
2010.06.04 06:54:43.537,1.26565,1.266,1.00,1.00
2010.06.04 06:54:43.657,1.2656,1.266,2.90,1.00
2010.06.04 06:54:43.776,1.2656,1.266,2.50,1.00
2010.06.04 06:54:45.348,1.2656,1.266,2.40,1.00
2010.06.04 06:54:45.457,1.2656,1.266,4.00,1.00
2010.06.04 06:54:45.572,1.26565,1.266,1.00,1.00
2010.06.04 06:54:45.677,1.26565,1.266,1.00,1.00
2010.06.04 06:54:54.700,1.26565,1.26605,1.60,1.00
2010.06.04 06:54:54.988,1.26565,1.26605,1.00,1.00
2010.06.04 06:54:55.277,1.2656,1.26605,5.20,3.90
2010.06.04 06:54:56.858,1.26565,1.266,1.00,1.00
2010.06.04 06:54:57.017,1.2656,1.266,4.40,1.00
2010.06.04 06:55:02.576,1.26565,1.266,1.00,1.00
2010.06.04 06:55:03.098,1.26565,1.266,1.60,1.00
2010.06.04 06:55:03.109,1.26565,1.266,2.40,1.00
2010.06.04 06:55:03.251,1.26565,1.26605,4.80,1.00
2010.06.04 06:55:03.668,1.26565,1.26605,5.60,1.00
2010.06.04 06:55:03.809,1.2657,1.26605,3.40,1.00
2010.06.04 06:55:04.376,1.26575,1.2661,1.00,2.40
2010.06.04 06:55:04.719,1.26575,1.2661,1.00,1.00
2010.06.04 06:55:06.809,1.26575,1.2661,1.00,2.30
2010.06.04 06:55:06.936,1.2657,1.2661,3.10,3.10
2010.06.04 06:55:07.167,1.2657,1.2661,3.20,3.10
2010.06.04 06:55:07.287,1.2657,1.2661,4.90,3.10
2010.06.04 06:55:07.408,1.26575,1.2661,1.60,2.30
2010.06.04 06:55:07.528,1.26575,1.26615,2.40,3.90
2010.06.04 06:55:07.647,1.26575,1.26615,2.80,3.90
2010.06.04 06:55:09.087,1.26575,1.26615,3.60,3.90
2010.06.04 06:55:09.302,1.26575,1.26615,5.20,1.00
2010.06.04 06:55:09.518,1.2658,1.26615,1.60,1.00
2010.06.04 06:55:09.747,1.26585,1.26625,1.00,2.30
2010.06.04 06:55:10.738,1.2658,1.2662,5.70,1.00
2010.06.04 06:55:12.097,1.2658,1.2662,5.60,1.00
2010.06.04 06:55:14.058,1.2658,1.2662,5.70,1.00
2010.06.04 06:55:14.197,1.26585,1.2662,1.00,1.00
2010.06.04 06:55:14.339,1.26585,1.2662,2.00,1.00
2010.06.04 06:55:14.479,1.26585,1.2662,2.40,1.00
2010.06.04 06:55:14.678,1.26585,1.2662,4.00,1.00
2010.06.04 06:55:14.878,1.26585,1.2663,4.80,4.70
2010.06.04 06:55:15.078,1.26585,1.2663,5.60,3.90
2010.06.04 06:55:16.889,1.26585,1.2663,3.20,4.70
2010.06.04 06:55:16.997,1.26585,1.2663,2.80,4.70
2010.06.04 06:55:17.208,1.26585,1.26625,2.80,2.30
2010.06.04 06:55:17.319,1.26585,1.26625,1.20,4.70
2010.06.04 06:55:18.109,1.26585,1.26625,1.00,4.70
2010.06.04 06:55:18.928,1.2658,1.2662,2.90,2.30
2010.06.04 06:55:19.207,1.2658,1.2662,2.80,2.30
2010.06.04 06:55:20.147,1.2658,1.2662,2.90,2.30
2010.06.04 06:55:20.759,1.2658,1.2662,2.80,2.30
2010.06.04 06:55:20.818,1.2658,1.2662,2.90,2.30
2010.06.04 06:55:21.111,1.2658,1.2662,1.30,2.30
2010.06.04 06:55:21.167,1.2658,1.2662,1.20,2.30
2010.06.04 06:55:21.346,1.2658,1.2662,2.00,2.30
2010.06.04 06:55:22.197,1.2658,1.2662,3.60,2.30
2010.06.04 06:55:22.678,1.2658,1.2662,2.80,3.10
2010.06.04 06:55:23.308,1.26585,1.2662,1.60,3.10
2010.06.04 06:55:23.917,1.26585,1.2662,2.20,3.10
2010.06.04 06:55:24.130,1.26595,1.2662,1.60,1.00
2010.06.04 06:55:24.339,1.26595,1.2663,1.60,5.10
2010.06.04 06:55:24.528,1.26595,1.2662,1.60,1.00
2010.06.04 06:55:25.498,1.2659,1.2662,2.80,1.00
2010.06.04 06:55:25.698,1.26595,1.2662,1.60,1.00
2010.06.04 06:55:26.508,1.26595,1.2663,1.60,4.80
2010.06.04 06:55:26.998,1.26595,1.2663,1.60,4.70
2010.06.04 06:55:27.674,1.266,1.2663,1.00,4.70
2010.06.04 06:55:27.746,1.2661,1.2664,1.60,2.50
2010.06.04 06:55:27.802,1.2661,1.2664,2.30,1.00
2010.06.04 06:55:28.351,1.2661,1.2664,3.90,1.00
2010.06.04 06:55:28.416,1.26615,1.26645,3.30,1.00
2010.06.04 06:55:28.468,1.26615,1.26645,3.20,1.00
2010.06.04 06:55:29.142,1.26615,1.2665,4.00,1.00
2010.06.04 06:55:29.490,1.2662,1.2666,4.00,3.10
2010.06.04 06:55:29.834,1.26625,1.2666,1.60,1.00
2010.06.04 06:55:30.021,1.26625,1.2666,1.60,1.00
2010.06.04 06:55:30.644,1.26625,1.2666,2.40,1.00
2010.06.04 06:55:31.852,1.26625,1.2666,2.40,2.00
2010.06.04 06:55:32.039,1.2662,1.2665,4.00,1.00
2010.06.04 06:55:32.480,1.2662,1.2665,2.40,1.00
2010.06.04 06:55:32.675,1.2662,1.2665,1.60,1.00
2010.06.04 06:55:32.859,1.26615,1.2665,1.60,1.60
2010.06.04 06:55:34.651,1.26615,1.2665,3.20,1.60
2010.06.04 06:55:34.975,1.26615,1.2665,1.60,1.00
2010.06.04 06:55:35.660,1.2661,1.2665,2.40,1.00
2010.06.04 06:55:35.994,1.26615,1.2665,1.60,1.60
2010.06.04 06:55:36.322,1.26615,1.2665,2.40,1.00
2010.06.04 06:55:36.622,1.2662,1.26655,1.60,4.70
2010.06.04 06:55:37.296,1.2662,1.26655,1.60,3.10
2010.06.04 06:55:37.529,1.2662,1.2665,1.60,1.00
2010.06.04 06:55:40.071,1.26615,1.2665,2.40,1.00
2010.06.04 06:55:40.998,1.26615,1.2665,2.40,1.00
2010.06.04 06:55:41.694,1.26605,1.2664,3.60,1.00
2010.06.04 06:55:41.914,1.26605,1.2664,1.60,3.10
2010.06.04 06:55:42.971,1.266,1.26635,1.60,2.30
2010.06.04 06:55:43.650,1.26605,1.26635,1.60,2.30
2010.06.04 06:55:43.989,1.266,1.26635,1.70,2.30
2010.06.04 06:55:44.903,1.26605,1.26635,1.70,2.30
2010.06.04 06:55:45.024,1.2661,1.2664,2.40,1.00
2010.06.04 06:55:45.139,1.2661,1.2665,2.40,3.60
2010.06.04 06:55:45.259,1.2661,1.2665,2.40,3.10
2010.06.04 06:55:49.129,1.2661,1.2665,3.10,2.30
2010.06.04 06:55:49.771,1.2661,1.2665,2.40,3.10
2010.06.04 06:55:50.768,1.2661,1.2665,3.10,3.10
2010.06.04 06:55:50.929,1.26615,1.2665,1.60,3.10
2010.06.04 06:55:51.247,1.2661,1.2665,3.10,3.10
2010.06.04 06:55:51.407,1.2661,1.2665,2.80,3.10
2010.06.04 06:55:52.070,1.2661,1.2665,1.20,3.90
2010.06.04 06:55:52.410,1.2661,1.2665,1.60,3.10
2010.06.04 06:55:55.023,1.26605,1.2664,2.80,1.00
2010.06.04 06:55:55.098,1.26605,1.2664,2.40,1.00
2010.06.04 06:55:57.812,1.2661,1.2664,1.60,1.00
2010.06.04 06:55:57.957,1.2661,1.26645,1.60,2.30
2010.06.04 06:55:58.447,1.2662,1.26645,1.60,1.00
2010.06.04 06:55:58.493,1.2662,1.26645,1.00,1.00
2010.06.04 06:55:58.532,1.2662,1.26655,1.00,1.00
2010.06.04 06:55:58.609,1.2662,1.26655,1.60,1.00
2010.06.04 06:55:59.082,1.2662,1.2666,2.80,1.30
2010.06.04 06:55:59.768,1.2662,1.2666,2.80,1.00
2010.06.04 06:56:02.021,1.26625,1.2666,1.00,1.00
2010.06.04 06:56:02.251,1.2663,1.26665,1.00,1.00
2010.06.04 06:56:02.309,1.2663,1.2667,1.00,2.30
2010.06.04 06:56:02.370,1.2663,1.2667,1.00,1.00
2010.06.04 06:56:02.437,1.2663,1.2667,1.00,1.00
2010.06.04 06:56:02.557,1.26625,1.2667,4.40,1.00
2010.06.04 06:56:02.708,1.26625,1.2667,4.40,2.40
2010.06.04 06:56:02.768,1.26625,1.26665,4.40,1.00
2010.06.04 06:56:03.654,1.2663,1.26665,2.30,1.00
2010.06.04 06:56:04.659,1.2663,1.2666,2.30,1.00
2010.06.04 06:56:04.911,1.26625,1.2666,2.80,1.00
2010.06.04 06:56:05.158,1.26625,1.26665,2.00,3.10
2010.06.04 06:56:05.725,1.26625,1.2667,4.00,2.30
2010.06.04 06:56:11.197,1.26625,1.2667,4.80,2.30
2010.06.04 06:56:11.387,1.2663,1.2667,1.60,2.30
2010.06.04 06:56:11.581,1.26635,1.26675,1.00,3.10
2010.06.04 06:56:13.147,1.26635,1.26675,1.00,2.30
2010.06.04 06:56:13.298,1.26635,1.26675,1.60,2.30
2010.06.04 06:56:13.458,1.2664,1.26675,1.00,3.90
2010.06.04 06:56:13.619,1.2664,1.26675,3.10,1.00
2010.06.04 06:56:14.422,1.26645,1.26685,1.00,1.00
2010.06.04 06:56:14.769,1.26645,1.26685,1.00,1.30
2010.06.04 06:56:15.111,1.2664,1.2668,5.50,1.00
2010.06.04 06:56:16.598,1.2664,1.2668,3.90,1.00
2010.06.04 06:56:16.797,1.2664,1.2668,5.50,1.00
2010.06.04 06:56:21.170,1.2664,1.2668,6.30,1.00
2010.06.04 06:56:21.443,1.26645,1.2669,3.10,2.30
2010.06.04 06:56:21.709,1.2665,1.2669,1.00,2.30
2010.06.04 06:56:23.073,1.2665,1.26685,1.00,1.00
2010.06.04 06:56:23.391,1.2665,1.26685,1.00,1.00
2010.06.04 06:56:23.629,1.26645,1.26685,1.50,3.90
2010.06.04 06:56:23.868,1.26645,1.26685,1.00,3.90
2010.06.04 06:56:24.789,1.2664,1.2668,1.00,1.50
2010.06.04 06:56:25.075,1.2663,1.2667,1.20,4.40
2010.06.04 06:56:25.356,1.26625,1.2666,1.00,1.00
2010.06.04 06:56:26.702,1.2662,1.26665,4.80,1.00
2010.06.04 06:56:26.911,1.2663,1.26665,1.60,1.00
2010.06.04 06:56:27.378,1.2663,1.2667,1.60,1.00
2010.06.04 06:56:27.590,1.2663,1.2667,1.00,3.90
2010.06.04 06:56:29.776,1.26635,1.2667,1.00,3.90
2010.06.04 06:56:30.060,1.26635,1.2667,1.00,1.00
2010.06.04 06:56:30.888,1.26635,1.26675,1.00,2.30
2010.06.04 06:56:31.190,1.26635,1.26675,1.50,2.30
2010.06.04 06:56:31.792,1.26635,1.2668,3.10,4.10
2010.06.04 06:56:32.692,1.26635,1.2668,4.70,3.90
2010.06.04 06:56:33.429,1.26635,1.2668,4.70,2.40
2010.06.04 06:56:33.537,1.26635,1.2668,4.70,1.00
2010.06.04 06:56:33.839,1.26635,1.2668,4.70,1.00
2010.06.04 06:56:34.359,1.26635,1.2668,4.40,1.00
2010.06.04 06:56:35.113,1.2663,1.2667,2.80,1.00
2010.06.04 06:56:35.248,1.26625,1.2667,4.40,4.10
2010.06.04 06:56:35.370,1.26625,1.26665,2.80,1.00
2010.06.04 06:56:35.489,1.26625,1.26665,2.40,1.00
2010.06.04 06:56:36.101,1.26625,1.26665,2.40,2.30
2010.06.04 06:56:36.452,1.2663,1.26665,1.00,2.30
2010.06.04 06:56:38.948,1.2663,1.2667,1.60,2.30
2010.06.04 06:56:39.963,1.26625,1.2666,4.00,1.20
2010.06.04 06:56:40.300,1.26625,1.2666,1.60,1.60
2010.06.04 06:56:40.637,1.2662,1.2666,4.00,1.60
2010.06.04 06:56:40.978,1.2662,1.2666,4.10,1.60
2010.06.04 06:56:41.260,1.26625,1.2666,1.00,1.00
2010.06.04 06:56:41.952,1.2662,1.26665,5.50,2.90
2010.06.04 06:56:42.728,1.2662,1.2666,5.50,1.00
2010.06.04 06:56:43.381,1.2662,1.2666,2.40,1.60
2010.06.04 06:56:43.590,1.26615,1.26655,5.70,1.00
2010.06.04 06:56:43.801,1.26615,1.26655,2.40,1.00
2010.06.04 06:56:45.461,1.2662,1.26655,1.50,1.00
2010.06.04 06:56:45.659,1.2662,1.2666,2.30,2.30
2010.06.04 06:56:46.229,1.2662,1.2666,1.60,2.30
2010.06.04 06:56:46.435,1.2662,1.2666,1.00,4.90
2010.06.04 06:56:46.640,1.26615,1.26655,4.40,1.00
2010.06.04 06:56:47.404,1.26615,1.26655,4.70,1.00
2010.06.04 06:56:47.752,1.26615,1.26655,2.40,1.00
2010.06.04 06:56:48.519,1.26615,1.26655,2.40,2.30
2010.06.04 06:56:49.126,1.26615,1.26655,1.60,3.90
2010.06.04 06:56:49.449,1.26615,1.26655,3.10,1.50
2010.06.04 06:56:49.772,1.26615,1.26655,1.00,2.30
2010.06.04 06:56:52.248,1.26615,1.26655,1.50,2.30
2010.06.04 06:56:52.460,1.26615,1.26655,4.70,1.00
2010.06.04 06:56:53.285,1.26615,1.26655,4.00,1.20
2010.06.04 06:56:53.509,1.26615,1.2665,2.40,1.00
2010.06.04 06:56:53.738,1.26615,1.2665,1.00,1.00
2010.06.04 06:56:54.017,1.2661,1.2665,4.00,1.00
2010.06.04 06:56:54.569,1.2661,1.26655,4.00,5.20
2010.06.04 06:56:56.549,1.2661,1.26655,4.00,5.40
2010.06.04 06:56:57.827,1.2661,1.2665,4.00,1.50
2010.06.04 06:56:58.172,1.26605,1.26645,3.90,1.00
2010.06.04 06:56:58.262,1.26605,1.26645,1.60,3.90
2010.06.04 06:56:58.899,1.266,1.2664,4.00,1.00
2010.06.04 06:56:59.244,1.266,1.2664,2.40,3.10
2010.06.04 06:57:01.356,1.26605,1.26645,3.10,2.30
2010.06.04 06:57:01.544,1.266,1.2664,2.40,1.00
2010.06.04 06:57:01.729,1.266,1.2664,2.40,2.30
2010.06.04 06:57:02.423,1.266,1.2664,3.10,1.00
2010.06.04 06:57:03.239,1.26605,1.2664,1.60,1.00
2010.06.04 06:57:04.390,1.26605,1.2664,1.60,1.60
2010.06.04 06:57:04.563,1.266,1.2664,2.50,1.60
2010.06.04 06:57:04.734,1.266,1.2664,2.40,1.60
2010.06.04 06:57:05.326,1.266,1.2664,2.50,1.60
2010.06.04 06:57:05.490,1.266,1.2664,2.40,1.60
2010.06.04 06:57:07.791,1.266,1.2664,2.50,1.60
2010.06.04 06:57:07.962,1.266,1.2664,2.40,1.60
2010.06.04 06:57:08.880,1.26605,1.2664,1.00,1.60
2010.06.04 06:57:09.128,1.26605,1.2664,1.60,1.60
2010.06.04 06:57:09.681,1.26605,1.2664,1.60,1.00
2010.06.04 06:57:12.927,1.26605,1.26645,1.60,2.30
2010.06.04 06:57:13.043,1.266,1.26645,4.70,2.30
2010.06.04 06:57:16.079,1.266,1.26645,5.50,2.30
2010.06.04 06:57:16.158,1.26605,1.26645,1.00,2.30
2010.06.04 06:57:16.189,1.26605,1.26645,2.30,2.30
2010.06.04 06:57:16.266,1.26605,1.26645,3.10,2.30
2010.06.04 06:57:18.667,1.26605,1.26645,3.10,2.30
2010.06.04 06:57:18.880,1.26605,1.26645,2.40,2.50
2010.06.04 06:57:19.049,1.26605,1.2664,1.00,3.90
2010.06.04 06:57:19.659,1.266,1.2664,2.30,2.30
2010.06.04 06:57:19.838,1.26595,1.26635,2.80,1.50
2010.06.04 06:57:20.352,1.26595,1.26635,2.40,2.30
2010.06.04 06:57:21.578,1.26595,1.26635,4.00,2.30
2010.06.04 06:57:21.749,1.266,1.26635,1.60,2.30
2010.06.04 06:57:21.918,1.26595,1.26635,4.00,2.30
2010.06.04 06:57:23.219,1.26595,1.26635,4.00,1.00
2010.06.04 06:57:23.480,1.26595,1.2663,4.00,1.00
2010.06.04 06:57:23.898,1.26595,1.26635,4.00,2.00
2010.06.04 06:57:24.318,1.26595,1.2663,2.40,1.80
2010.06.04 06:57:24.529,1.26585,1.26625,2.80,1.00
2010.06.04 06:57:24.967,1.26585,1.26615,2.80,1.00
2010.06.04 06:57:25.317,1.26585,1.2662,2.40,1.00
2010.06.04 06:57:25.820,1.26585,1.2662,4.00,1.00
2010.06.04 06:57:25.979,1.26585,1.2662,4.10,1.00
2010.06.04 06:57:26.581,1.2659,1.2663,1.00,2.30
2010.06.04 06:57:27.909,1.2659,1.2663,2.40,2.30
2010.06.04 06:57:29.179,1.2659,1.2663,1.00,2.30
2010.06.04 06:57:30.978,1.2659,1.26625,1.00,2.30
2010.06.04 06:57:31.109,1.26585,1.26625,1.00,3.10
2010.06.04 06:57:31.950,1.26585,1.2662,1.00,1.00
2010.06.04 06:57:32.150,1.2658,1.2662,1.00,1.60
2010.06.04 06:57:44.683,1.2658,1.2662,2.40,1.00
2010.06.04 06:57:45.370,1.2658,1.2662,3.90,1.00
2010.06.04 06:57:45.807,1.26585,1.2662,1.60,1.00
2010.06.04 06:57:45.978,1.2659,1.2663,1.00,2.30
2010.06.04 06:57:46.320,1.2659,1.2663,1.00,2.30
2010.06.04 06:57:48.468,1.2659,1.2663,3.20,2.30
2010.06.04 06:57:48.630,1.26595,1.2663,1.50,1.00
2010.06.04 06:57:49.349,1.26595,1.26635,5.50,2.30
2010.06.04 06:57:51.818,1.26595,1.26635,5.50,2.50
2010.06.04 06:57:51.998,1.26595,1.26635,5.50,2.30
2010.06.04 06:57:52.179,1.266,1.26635,1.00,1.60
2010.06.04 06:57:53.001,1.26595,1.26625,1.00,1.00
2010.06.04 06:57:53.341,1.2659,1.2663,2.40,2.70
2010.06.04 06:57:53.679,1.2659,1.2663,2.40,2.30
2010.06.04 06:57:54.494,1.2659,1.26625,2.40,1.00
2010.06.04 06:57:54.848,1.2659,1.26615,1.00,1.00
2010.06.04 06:57:55.450,1.26585,1.2662,1.20,1.00
2010.06.04 06:57:55.732,1.26585,1.26615,1.00,1.00
2010.06.04 06:57:57.124,1.26585,1.2662,1.00,1.00
2010.06.04 06:57:57.256,1.26585,1.26625,1.60,3.10
2010.06.04 06:57:57.385,1.2658,1.26625,5.20,4.70
2010.06.04 06:57:57.510,1.2658,1.2662,5.20,1.00
2010.06.04 06:57:58.018,1.26585,1.26615,1.00,1.00
2010.06.04 06:57:58.145,1.26585,1.26625,2.40,2.00
2010.06.04 06:57:58.492,1.26585,1.26625,2.40,1.60
2010.06.04 06:58:00.259,1.26585,1.26625,2.40,2.40
2010.06.04 06:58:00.480,1.26585,1.2662,1.00,3.10
2010.06.04 06:58:00.699,1.2658,1.26615,1.60,1.00
2010.06.04 06:58:01.838,1.2658,1.26615,1.60,1.00
2010.06.04 06:58:02.070,1.2658,1.2662,2.40,2.30
2010.06.04 06:58:02.528,1.2658,1.2662,1.00,2.30
2010.06.04 06:58:06.216,1.2658,1.2662,2.40,2.30
2010.06.04 06:58:08.399,1.2658,1.26615,1.60,1.00
2010.06.04 06:58:10.197,1.2658,1.2662,1.00,3.90
2010.06.04 06:58:10.485,1.2659,1.2663,1.00,2.30
2010.06.04 06:58:10.761,1.2659,1.2663,1.00,3.10
2010.06.04 06:58:10.902,1.2659,1.26625,1.00,1.00
2010.06.04 06:58:11.468,1.2659,1.26625,1.00,2.30
2010.06.04 06:58:11.809,1.26585,1.26625,2.40,3.10
2010.06.04 06:58:13.689,1.26585,1.26625,2.40,2.30
2010.06.04 06:58:13.910,1.26585,1.2663,4.00,1.00
2010.06.04 06:58:14.109,1.26585,1.2663,4.00,3.90
2010.06.04 06:58:15.495,1.26585,1.26625,2.40,1.50
2010.06.04 06:58:15.845,1.26585,1.26625,2.40,3.10
2010.06.04 06:58:16.439,1.26585,1.26625,3.10,3.10
2010.06.04 06:58:16.531,1.2659,1.26625,1.60,3.10
2010.06.04 06:58:17.052,1.2659,1.2663,1.60,3.90
2010.06.04 06:58:17.732,1.26585,1.2663,4.70,3.90
2010.06.04 06:58:18.070,1.26585,1.2663,4.40,3.90
2010.06.04 06:58:18.764,1.26585,1.2663,4.40,4.70
2010.06.04 06:58:19.012,1.26585,1.26625,2.40,3.10
2010.06.04 06:58:24.471,1.26585,1.26625,2.40,2.30
2010.06.04 06:58:30.610,1.26585,1.26625,1.00,2.30
2010.06.04 06:58:31.600,1.26585,1.26625,2.30,2.30
2010.06.04 06:58:32.141,1.2659,1.26625,1.00,1.50
2010.06.04 06:58:32.455,1.2658,1.26625,4.00,6.00
2010.06.04 06:58:32.759,1.2658,1.2662,4.00,1.00
2010.06.04 06:58:33.802,1.2658,1.26625,4.00,4.40
2010.06.04 06:58:37.568,1.2658,1.26625,4.00,4.60
2010.06.04 06:58:37.908,1.2658,1.26625,4.00,4.40
2010.06.04 06:58:42.880,1.26585,1.26625,1.60,3.80
2010.06.04 06:58:43.596,1.26585,1.2662,1.00,1.00
2010.06.04 06:58:49.775,1.26585,1.2662,1.00,1.00
2010.06.04 06:58:49.972,1.2658,1.2662,2.80,1.00
2010.06.04 06:58:53.717,1.2658,1.2662,2.40,1.00
2010.06.04 06:58:53.987,1.26585,1.2662,1.60,1.00
2010.06.04 06:58:55.589,1.26585,1.2662,1.60,1.00
2010.06.04 06:58:56.749,1.2658,1.2662,2.40,1.00
2010.06.04 06:58:58.300,1.2658,1.2662,2.40,1.00
2010.06.04 06:59:00.308,1.26585,1.2662,1.00,1.00
2010.06.04 06:59:00.790,1.26585,1.2661,1.00,1.00
2010.06.04 06:59:02.153,1.2658,1.26615,1.00,3.50
2010.06.04 06:59:03.244,1.26575,1.266,1.20,1.00
2010.06.04 06:59:04.908,1.26575,1.2661,1.20,1.00
2010.06.04 06:59:06.633,1.26575,1.266,1.20,1.00
2010.06.04 06:59:11.991,1.26585,1.266,1.00,1.00
2010.06.04 06:59:12.179,1.26585,1.26605,1.20,1.00
2010.06.04 06:59:12.924,1.2658,1.2661,1.00,1.00
2010.06.04 06:59:13.228,1.2658,1.26615,1.00,3.50
2010.06.04 06:59:13.701,1.26575,1.26605,3.10,1.00
2010.06.04 06:59:14.222,1.26575,1.26605,3.10,2.30
2010.06.04 06:59:14.397,1.2657,1.26605,1.00,1.90
2010.06.04 06:59:15.082,1.2657,1.26605,1.00,3.30
2010.06.04 06:59:15.645,1.2657,1.26605,1.00,3.70
2010.06.04 06:59:22.419,1.2657,1.266,1.00,1.50
2010.06.04 06:59:22.516,1.2657,1.266,1.00,2.30
2010.06.04 06:59:22.549,1.2657,1.266,1.00,2.50
2010.06.04 06:59:23.004,1.2657,1.26585,1.00,1.00
2010.06.04 06:59:23.055,1.26565,1.2658,1.00,1.00
2010.06.04 06:59:23.176,1.2655,1.2658,1.00,1.00
2010.06.04 06:59:24.219,1.26545,1.2658,1.20,1.00
2010.06.04 06:59:25.579,1.26545,1.26585,2.80,4.70
2010.06.04 06:59:26.374,1.2655,1.2658,2.40,1.00
2010.06.04 06:59:26.688,1.2655,1.2658,1.00,1.00
2010.06.04 06:59:27.283,1.26545,1.2658,2.80,1.00
2010.06.04 06:59:27.629,1.26555,1.2658,1.00,1.00
2010.06.04 06:59:27.972,1.2655,1.26585,1.60,1.20
2010.06.04 06:59:28.716,1.26555,1.26585,1.00,1.00
2010.06.04 06:59:28.995,1.2656,1.2659,1.00,2.30
2010.06.04 06:59:29.273,1.2656,1.26595,1.00,1.20
2010.06.04 06:59:29.561,1.26565,1.26595,1.00,1.00
2010.06.04 06:59:30.246,1.26565,1.266,1.00,1.90
2010.06.04 06:59:30.542,1.26565,1.266,1.00,4.50
2010.06.04 06:59:30.768,1.2656,1.26595,2.00,1.30
2010.06.04 06:59:30.995,1.2656,1.2659,1.00,1.60
2010.06.04 06:59:31.621,1.26555,1.26585,1.00,1.50
2010.06.04 06:59:31.931,1.26555,1.26585,1.00,2.30
2010.06.04 06:59:34.050,1.26555,1.2658,1.00,1.00
2010.06.04 06:59:34.209,1.26545,1.2658,1.20,1.00
2010.06.04 06:59:34.518,1.26545,1.2658,1.00,1.00
2010.06.04 06:59:34.680,1.2655,1.26585,1.00,3.10
2010.06.04 06:59:37.569,1.2655,1.26585,1.00,3.90
2010.06.04 06:59:37.639,1.26545,1.2658,2.40,1.00
2010.06.04 06:59:37.709,1.2654,1.2657,1.20,1.00
2010.06.04 06:59:37.898,1.2654,1.2657,1.00,1.00
2010.06.04 06:59:38.159,1.2654,1.2658,1.00,5.90
2010.06.04 06:59:38.866,1.26545,1.2658,1.00,4.70
2010.06.04 06:59:40.943,1.26545,1.26575,1.00,2.30
2010.06.04 06:59:42.931,1.2654,1.2657,1.00,1.00
2010.06.04 06:59:43.074,1.26535,1.2657,3.20,1.60
2010.06.04 06:59:43.223,1.26535,1.2657,2.00,3.10
2010.06.04 06:59:43.812,1.26525,1.26565,2.50,1.00
2010.06.04 06:59:43.956,1.26525,1.26565,2.80,1.00
2010.06.04 06:59:44.305,1.26525,1.2656,1.00,1.00
2010.06.04 06:59:44.649,1.26525,1.2656,1.00,1.00
2010.06.04 06:59:45.430,1.26525,1.2656,1.00,3.10
2010.06.04 06:59:47.300,1.26525,1.2656,1.00,2.30
2010.06.04 06:59:47.725,1.26525,1.2656,1.00,1.00
2010.06.04 06:59:48.062,1.26525,1.26565,4.00,3.90
2010.06.04 06:59:48.404,1.2653,1.2657,1.20,4.30
2010.06.04 06:59:49.531,1.2653,1.2657,2.80,3.90
2010.06.04 06:59:52.138,1.2653,1.26565,2.80,1.50
2010.06.04 06:59:52.370,1.2653,1.26565,1.00,2.30
2010.06.04 06:59:52.719,1.2653,1.2656,1.00,2.30
2010.06.04 06:59:54.491,1.26525,1.2656,2.50,2.30
2010.06.04 06:59:54.923,1.26525,1.2656,1.00,2.30
2010.06.04 06:59:55.263,1.26525,1.2656,1.00,1.00
2010.06.04 06:59:57.271,1.2654,1.2656,1.00,1.00
2010.06.04 06:59:57.740,1.2654,1.2656,1.00,2.10
2010.06.04 06:59:57.960,1.2654,1.2656,1.00,5.30
2010.06.04 06:59:59.487,1.2653,1.2655,1.00,1.00
2010.06.04 06:59:59.869,1.26545,1.2655,1.00,1.00
