2016.05.16 19:00:00.015,1.4596,1.45981,1.75,1.12
2016.05.16 19:00:00.117,1.45961,1.45982,1.12,1.00
2016.05.16 19:00:00.330,1.4596,1.4598,1.50,1.00
2016.05.16 19:00:00.381,1.4596,1.4598,1.00,1.00
2016.05.16 19:00:00.584,1.4596,1.45978,1.00,1.00
2016.05.16 19:00:00.737,1.45954,1.45977,1.37,1.00
2016.05.16 19:00:00.788,1.45953,1.45973,1.37,1.16
2016.05.16 19:00:00.992,1.45947,1.4597,1.12,2.37
2016.05.16 19:00:01.238,1.45945,1.45969,2.62,1.87
2016.05.16 19:00:01.390,1.45946,1.45969,1.50,1.62
2016.05.16 19:00:01.931,1.45946,1.45966,2.25,1.00
2016.05.16 19:00:02.194,1.45944,1.45964,1.20,1.00
2016.05.16 19:00:02.245,1.45943,1.45965,1.87,1.00
2016.05.16 19:00:02.499,1.45946,1.45969,1.20,1.62
2016.05.16 19:00:02.702,1.45948,1.45971,1.20,1.16
2016.05.16 19:00:03.364,1.4595,1.45971,1.00,1.16
2016.05.16 19:00:04.220,1.45951,1.45972,1.00,1.12
2016.05.16 19:00:04.932,1.45951,1.45973,1.00,1.37
2016.05.16 19:00:07.227,1.45953,1.45974,1.00,1.49
2016.05.16 19:00:07.784,1.45954,1.45977,1.00,2.74
2016.05.16 19:00:07.836,1.45954,1.45977,1.00,2.74
2016.05.16 19:00:07.887,1.45954,1.45977,1.00,2.37
2016.05.16 19:00:08.403,1.45955,1.45978,1.00,1.24
2016.05.16 19:00:09.131,1.45955,1.45978,1.00,1.24
2016.05.16 19:00:09.334,1.45959,1.45982,1.12,1.00
2016.05.16 19:00:09.883,1.45958,1.45982,1.37,1.50
2016.05.16 19:00:09.934,1.45957,1.45982,1.50,1.87
2016.05.16 19:00:10.617,1.45957,1.45981,1.50,1.00
2016.05.16 19:00:11.790,1.45957,1.45981,1.50,1.00
2016.05.16 19:00:12.106,1.45957,1.45978,1.50,1.00
2016.05.16 19:00:14.097,1.4596,1.45981,1.12,1.12
2016.05.16 19:00:14.198,1.4596,1.45981,1.37,1.12
2016.05.16 19:00:14.877,1.45961,1.45984,1.57,1.00
2016.05.16 19:00:16.412,1.45964,1.45985,1.37,1.12
2016.05.16 19:00:16.818,1.45965,1.45987,1.87,1.87
2016.05.16 19:00:17.995,1.45966,1.45985,1.00,1.12
2016.05.16 19:00:18.506,1.45967,1.45986,1.50,1.00
2016.05.16 19:00:19.012,1.45967,1.45987,1.00,1.00
2016.05.16 19:00:20.159,1.45966,1.45987,1.50,1.00
2016.05.16 19:00:20.361,1.45966,1.45985,1.50,1.00
2016.05.16 19:00:25.124,1.45965,1.45984,1.37,1.00
2016.05.16 19:00:28.622,1.45965,1.45982,1.37,1.00
2016.05.16 19:00:28.926,1.45963,1.4598,1.87,1.00
2016.05.16 19:00:29.434,1.45963,1.45982,1.87,1.00
2016.05.16 19:00:30.139,1.45963,1.45982,2.62,1.00
2016.05.16 19:00:31.101,1.45963,1.45981,2.62,1.00
2016.05.16 19:00:33.478,1.45961,1.45978,1.12,1.00
2016.05.16 19:00:33.530,1.4596,1.45978,1.12,1.00
2016.05.16 19:00:34.055,1.4596,1.45977,1.12,1.00
2016.05.16 19:00:34.922,1.45959,1.45978,1.75,1.00
2016.05.16 19:00:35.911,1.45961,1.45978,1.37,1.50
2016.05.16 19:00:37.580,1.45961,1.45975,1.37,1.00
2016.05.16 19:00:37.631,1.45961,1.45975,1.00,1.00
2016.05.16 19:00:38.152,1.45961,1.45976,1.00,1.50
2016.05.16 19:00:38.254,1.45961,1.45978,1.00,1.50
2016.05.16 19:00:38.881,1.45961,1.45971,1.00,1.00
2016.05.16 19:00:38.983,1.45958,1.45972,2.62,1.00
2016.05.16 19:00:39.150,1.45952,1.45969,1.50,1.00
2016.05.16 19:00:39.667,1.45952,1.45972,1.50,1.37
2016.05.16 19:00:39.719,1.45952,1.45972,1.87,1.00
2016.05.16 19:00:40.326,1.45952,1.45972,1.87,1.00
2016.05.16 19:00:41.171,1.45952,1.45971,1.87,1.00
2016.05.16 19:00:41.680,1.45952,1.45971,1.87,1.00
2016.05.16 19:00:43.728,1.45952,1.45969,1.87,1.00
2016.05.16 19:00:44.250,1.45952,1.45969,1.37,1.00
2016.05.16 19:00:44.551,1.45952,1.45966,1.00,1.00
2016.05.16 19:00:44.653,1.45946,1.45966,1.87,1.00
2016.05.16 19:00:44.806,1.45946,1.45964,1.87,1.00
2016.05.16 19:00:46.020,1.45946,1.45964,2.25,1.00
2016.05.16 19:00:47.536,1.45946,1.45964,1.87,1.00
2016.05.16 19:00:48.331,1.45946,1.45964,1.50,1.00
2016.05.16 19:00:48.788,1.45946,1.45962,1.37,1.00
2016.05.16 19:00:49.133,1.45946,1.45964,1.37,1.87
2016.05.16 19:00:49.640,1.45946,1.45965,1.37,1.00
2016.05.16 19:00:50.890,1.45946,1.45967,1.37,1.87
2016.05.16 19:00:51.971,1.45945,1.45966,2.25,1.00
2016.05.16 19:00:52.774,1.45945,1.45965,2.25,1.00
2016.05.16 19:00:52.973,1.45945,1.45963,1.75,1.00
2016.05.16 19:00:53.952,1.45944,1.45963,1.50,1.00
2016.05.16 19:00:54.376,1.45944,1.45961,1.50,1.00
2016.05.16 19:00:55.178,1.45944,1.45963,1.75,1.00
2016.05.16 19:00:56.079,1.45944,1.45966,1.75,2.25
2016.05.16 19:00:56.690,1.45944,1.45966,1.87,1.50
2016.05.16 19:00:57.018,1.45944,1.45964,1.87,1.00
2016.05.16 19:00:57.836,1.45946,1.45966,1.37,1.00
2016.05.16 19:00:57.887,1.45946,1.45968,1.37,1.87
2016.05.16 19:00:57.938,1.45946,1.45966,1.37,1.00
2016.05.16 19:01:00.524,1.45947,1.45969,2.62,1.00
2016.05.16 19:01:00.778,1.45948,1.45969,1.50,1.00
2016.05.16 19:01:01.876,1.45947,1.45969,2.62,1.00
2016.05.16 19:01:02.341,1.45947,1.45967,2.62,1.00
2016.05.16 19:01:02.443,1.45947,1.45968,2.25,1.12
2016.05.16 19:01:05.884,1.45947,1.45968,1.87,1.12
2016.05.16 19:01:06.973,1.45947,1.45968,1.37,1.12
2016.05.16 19:01:08.375,1.45947,1.45968,1.87,1.12
2016.05.16 19:01:08.518,1.45947,1.45966,1.87,1.00
2016.05.16 19:01:08.569,1.45947,1.45966,1.12,1.00
2016.05.16 19:01:09.089,1.45947,1.45965,1.00,1.00
2016.05.16 19:01:09.274,1.45943,1.45965,1.12,1.00
2016.05.16 19:01:09.580,1.45945,1.45966,1.75,1.00
2016.05.16 19:01:11.268,1.45946,1.45966,1.37,1.00
2016.05.16 19:01:13.750,1.45945,1.45966,2.25,1.00
2016.05.16 19:01:13.996,1.45945,1.45964,2.25,1.00
2016.05.16 19:01:14.301,1.45943,1.45962,1.12,1.00
2016.05.16 19:01:14.759,1.45943,1.4596,1.37,1.00
2016.05.16 19:01:15.303,1.45942,1.45961,1.50,1.00
2016.05.16 19:01:15.455,1.45942,1.45963,1.50,1.00
2016.05.16 19:01:15.962,1.45945,1.45964,1.00,1.00
2016.05.16 19:01:18.548,1.45944,1.45964,1.12,1.00
2016.05.16 19:01:20.156,1.45944,1.45963,1.12,1.00
2016.05.16 19:01:20.359,1.45944,1.45963,1.00,1.00
2016.05.16 19:01:20.682,1.45942,1.45963,1.50,1.00
2016.05.16 19:01:20.786,1.45941,1.45962,1.87,1.00
2016.05.16 19:01:21.091,1.4594,1.45959,1.50,1.00
2016.05.16 19:01:21.142,1.4594,1.45959,1.00,1.00
2016.05.16 19:01:21.598,1.45938,1.45957,1.00,1.00
2016.05.16 19:01:22.189,1.45936,1.45957,1.37,1.12
2016.05.16 19:01:22.493,1.45935,1.45955,1.12,1.00
2016.05.16 19:01:22.804,1.45933,1.45952,1.00,1.00
2016.05.16 19:01:23.924,1.4593,1.45951,1.50,1.00
2016.05.16 19:01:25.443,1.45932,1.45952,1.37,1.00
2016.05.16 19:01:28.797,1.45933,1.45952,1.37,1.00
2016.05.16 19:01:30.127,1.45932,1.45951,1.87,1.00
2016.05.16 19:01:30.628,1.45932,1.45951,1.87,1.00
2016.05.16 19:01:35.334,1.45932,1.45953,1.87,1.00
2016.05.16 19:01:35.385,1.45932,1.45953,1.87,1.00
2016.05.16 19:01:35.690,1.45934,1.4595,1.00,1.00
2016.05.16 19:01:35.742,1.45932,1.4595,1.87,1.00
2016.05.16 19:01:40.147,1.45932,1.45948,1.00,1.00
2016.05.16 19:01:40.300,1.4593,1.45948,1.50,1.00
2016.05.16 19:01:40.352,1.4593,1.45946,1.50,1.00
2016.05.16 19:01:40.656,1.45927,1.45946,2.25,1.00
2016.05.16 19:01:41.055,1.45933,1.45949,1.00,1.00
2016.05.16 19:01:41.361,1.45939,1.45959,1.37,1.00
2016.05.16 19:01:41.463,1.45939,1.45957,1.37,1.00
2016.05.16 19:01:41.514,1.45938,1.45957,1.87,1.00
2016.05.16 19:01:42.245,1.45936,1.45957,1.75,1.00
2016.05.16 19:01:43.172,1.45937,1.45956,1.12,1.00
2016.05.16 19:01:43.427,1.45934,1.45954,1.87,1.00
2016.05.16 19:01:44.335,1.45934,1.45953,1.87,1.00
2016.05.16 19:01:44.488,1.45933,1.45951,1.37,1.00
2016.05.16 19:01:44.691,1.45932,1.45953,1.50,1.00
2016.05.16 19:01:44.843,1.45934,1.45953,1.31,1.00
2016.05.16 19:01:46.277,1.45934,1.45951,1.31,1.00
2016.05.16 19:01:46.783,1.45932,1.45951,1.56,1.00
2016.05.16 19:01:47.037,1.45931,1.4595,1.00,1.00
2016.05.16 19:01:48.736,1.45931,1.45953,1.69,1.00
2016.05.16 19:01:48.788,1.45934,1.45955,1.00,1.12
2016.05.16 19:01:49.093,1.45934,1.45955,2.62,1.00
2016.05.16 19:01:49.924,1.45934,1.45955,2.06,1.00
2016.05.16 19:01:52.546,1.45935,1.45956,1.69,1.50
2016.05.16 19:01:52.850,1.45936,1.45955,1.56,1.00
2016.05.16 19:01:53.154,1.45935,1.45953,1.81,1.00
2016.05.16 19:01:53.256,1.45934,1.45953,2.06,1.00
2016.05.16 19:01:53.661,1.45933,1.45952,1.00,1.50
2016.05.16 19:01:53.966,1.45932,1.4595,1.69,1.00
2016.05.16 19:01:55.423,1.45932,1.4595,2.06,1.00
2016.05.16 19:01:55.931,1.45933,1.45951,1.87,1.50
2016.05.16 19:01:56.664,1.45933,1.4595,1.12,1.00
2016.05.16 19:01:56.867,1.45931,1.4595,1.69,1.00
2016.05.16 19:01:56.918,1.45931,1.45948,1.12,1.00
2016.05.16 19:01:57.131,1.45928,1.45948,1.87,1.00
2016.05.16 19:01:57.640,1.45928,1.45948,1.50,1.00
2016.05.16 19:01:58.310,1.45929,1.45948,1.00,1.00
2016.05.16 19:01:59.462,1.45929,1.45952,2.25,1.87
2016.05.16 19:01:59.513,1.45929,1.45952,2.62,1.50
2016.05.16 19:02:00.070,1.45932,1.45953,1.00,1.95
2016.05.16 19:02:00.374,1.45931,1.45953,1.87,1.10
2016.05.16 19:02:02.227,1.4593,1.45953,1.50,1.10
2016.05.16 19:02:02.329,1.45929,1.45952,1.37,1.12
2016.05.16 19:02:02.500,1.45929,1.45953,1.50,1.50
2016.05.16 19:02:03.546,1.4593,1.45951,1.37,1.10
2016.05.16 19:02:03.952,1.45928,1.4595,1.37,1.87
2016.05.16 19:02:06.674,1.45921,1.45944,1.12,1.12
2016.05.16 19:02:06.726,1.45921,1.45942,1.81,1.12
2016.05.16 19:02:06.879,1.4592,1.45939,2.25,1.00
2016.05.16 19:02:06.981,1.45918,1.45939,1.25,1.00
2016.05.16 19:02:07.437,1.45917,1.45937,1.12,1.00
2016.05.16 19:02:09.524,1.45916,1.45939,1.12,2.32
2016.05.16 19:02:09.626,1.45919,1.45939,1.12,2.62
2016.05.16 19:02:10.132,1.45917,1.45938,1.12,1.00
2016.05.16 19:02:10.759,1.45917,1.45938,1.12,1.87
2016.05.16 19:02:11.481,1.45916,1.45938,1.12,1.87
2016.05.16 19:02:11.583,1.45922,1.45939,1.00,1.10
2016.05.16 19:02:11.837,1.45927,1.45947,1.12,1.50
2016.05.16 19:02:11.990,1.45927,1.45944,1.12,1.12
2016.05.16 19:02:12.041,1.4592,1.45944,2.06,1.12
2016.05.16 19:02:12.092,1.45919,1.45941,3.37,1.00
2016.05.16 19:02:12.596,1.45919,1.45942,3.37,1.00
2016.05.16 19:02:13.926,1.45919,1.45941,3.37,1.00
2016.05.16 19:02:16.897,1.4592,1.45942,1.12,1.00
2016.05.16 19:02:17.437,1.4592,1.45942,1.12,1.00
2016.05.16 19:02:19.566,1.4592,1.45943,1.12,1.00
2016.05.16 19:02:19.870,1.45925,1.45945,1.50,1.00
2016.05.16 19:02:20.200,1.45925,1.45945,1.75,1.00
2016.05.16 19:02:20.303,1.45925,1.45947,1.75,1.00
2016.05.16 19:02:20.832,1.45925,1.45948,1.75,1.12
2016.05.16 19:02:21.353,1.45925,1.45947,1.75,1.00
2016.05.16 19:02:21.854,1.45925,1.45947,1.75,1.00
2016.05.16 19:02:22.841,1.45924,1.45945,1.12,1.00
2016.05.16 19:02:22.944,1.45924,1.45945,1.25,1.12
2016.05.16 19:02:23.249,1.45922,1.45941,2.00,1.00
2016.05.16 19:02:23.403,1.45921,1.45941,1.12,1.00
2016.05.16 19:02:24.324,1.4592,1.45941,1.81,1.00
2016.05.16 19:02:24.550,1.4592,1.45943,1.81,1.00
2016.05.16 19:02:24.854,1.4592,1.45936,1.56,1.00
2016.05.16 19:02:25.379,1.45916,1.45933,1.24,1.00
2016.05.16 19:02:25.700,1.45911,1.45927,2.37,1.00
2016.05.16 19:02:25.751,1.45911,1.45927,1.00,1.00
2016.05.16 19:02:25.807,1.45908,1.45929,1.87,1.00
2016.05.16 19:02:25.858,1.45908,1.45929,1.87,1.12
2016.05.16 19:02:26.162,1.45917,1.45937,1.87,1.75
2016.05.16 19:02:26.214,1.45918,1.4594,1.62,1.87
2016.05.16 19:02:26.265,1.45919,1.4594,1.87,1.87
2016.05.16 19:02:26.417,1.45918,1.4594,2.37,1.00
2016.05.16 19:02:27.457,1.45918,1.4594,1.99,1.00
2016.05.16 19:02:29.133,1.45919,1.4594,1.87,1.00
2016.05.16 19:02:29.763,1.45919,1.4594,1.00,1.00
2016.05.16 19:02:30.273,1.45919,1.45939,1.00,1.00
2016.05.16 19:02:31.771,1.45917,1.45939,1.12,1.12
2016.05.16 19:02:32.277,1.45918,1.45939,1.00,1.12
2016.05.16 19:02:32.819,1.45919,1.4594,1.00,1.50
2016.05.16 19:02:35.483,1.45919,1.45937,1.00,1.00
2016.05.16 19:02:36.519,1.45917,1.45937,1.00,1.00
2016.05.16 19:02:37.109,1.45918,1.45937,1.00,1.00
2016.05.16 19:02:37.275,1.45918,1.45939,1.00,1.12
2016.05.16 19:02:37.692,1.45918,1.45937,1.00,1.00
2016.05.16 19:02:39.782,1.45918,1.45938,1.00,1.00
2016.05.16 19:02:42.414,1.45919,1.45938,1.00,1.00
2016.05.16 19:02:43.081,1.45919,1.45937,1.50,1.00
2016.05.16 19:02:43.670,1.45919,1.45938,1.50,1.00
2016.05.16 19:02:47.872,1.45923,1.45938,1.00,1.00
2016.05.16 19:02:47.923,1.45925,1.45942,1.00,1.12
2016.05.16 19:02:47.974,1.45925,1.45943,1.00,1.12
2016.05.16 19:02:48.180,1.45925,1.45946,1.50,1.50
2016.05.16 19:02:48.920,1.45927,1.45945,1.00,1.00
2016.05.16 19:02:49.072,1.45927,1.4595,1.00,2.70
2016.05.16 19:02:52.426,1.45926,1.45948,1.12,1.00
2016.05.16 19:02:52.990,1.45925,1.45948,1.00,2.25
2016.05.16 19:02:53.586,1.45924,1.45947,1.00,1.00
2016.05.16 19:02:53.991,1.45922,1.45947,2.25,1.50
2016.05.16 19:02:54.295,1.45922,1.45945,2.25,1.00
2016.05.16 19:02:55.285,1.45924,1.45945,1.00,1.50
2016.05.16 19:02:56.836,1.45924,1.45943,1.00,1.00
2016.05.16 19:02:57.369,1.45922,1.45943,2.25,1.00
2016.05.16 19:02:59.797,1.45922,1.45942,2.25,1.00
2016.05.16 19:03:00.340,1.45923,1.45943,1.12,1.00
2016.05.16 19:03:00.892,1.45924,1.45943,1.00,1.00
2016.05.16 19:03:01.539,1.45926,1.45943,1.00,1.00
2016.05.16 19:03:01.740,1.45926,1.45948,1.50,1.87
2016.05.16 19:03:02.250,1.45926,1.45946,1.87,1.00
2016.05.16 19:03:02.858,1.45926,1.45946,1.87,1.00
2016.05.16 19:03:03.386,1.45926,1.45948,1.87,1.37
2016.05.16 19:03:04.071,1.45926,1.45948,1.87,1.37
2016.05.16 19:03:05.081,1.45926,1.45948,1.87,1.37
2016.05.16 19:03:06.290,1.45928,1.45948,1.12,1.37
2016.05.16 19:03:07.963,1.45928,1.45948,1.12,1.12
2016.05.16 19:03:17.556,1.45929,1.45947,1.00,1.00
2016.05.16 19:03:18.065,1.45929,1.45949,1.00,1.37
2016.05.16 19:03:18.590,1.45929,1.45949,1.12,1.00
2016.05.16 19:03:21.650,1.45929,1.45949,1.12,1.37
2016.05.16 19:03:22.452,1.45929,1.45949,1.12,1.12
2016.05.16 19:03:22.793,1.45934,1.45949,1.37,1.00
2016.05.16 19:03:22.946,1.45938,1.45956,1.12,1.00
2016.05.16 19:03:23.453,1.45938,1.45957,1.12,1.00
2016.05.16 19:03:24.025,1.45938,1.45958,1.12,1.12
2016.05.16 19:03:24.542,1.45938,1.45957,1.00,1.00
2016.05.16 19:03:31.170,1.45937,1.45957,1.12,1.00
2016.05.16 19:03:31.693,1.45936,1.45956,1.50,1.00
2016.05.16 19:03:32.229,1.45937,1.45957,1.12,1.00
2016.05.16 19:03:33.925,1.45937,1.45957,1.37,1.00
2016.05.16 19:03:35.836,1.45938,1.45956,1.00,1.00
2016.05.16 19:03:36.082,1.45935,1.45956,1.50,1.12
2016.05.16 19:03:36.731,1.45935,1.45958,1.37,1.87
2016.05.16 19:03:41.235,1.45935,1.45956,1.37,1.00
2016.05.16 19:03:43.268,1.45935,1.45957,1.37,1.00
2016.05.16 19:03:43.783,1.45935,1.45957,1.37,1.00
2016.05.16 19:03:45.982,1.45935,1.45957,1.37,1.00
2016.05.16 19:03:46.158,1.4594,1.45957,1.00,1.00
2016.05.16 19:03:46.412,1.45945,1.45965,1.12,1.12
2016.05.16 19:03:46.514,1.45947,1.45965,1.37,1.00
2016.05.16 19:03:46.667,1.45947,1.45968,1.50,1.12
2016.05.16 19:03:46.920,1.45947,1.45968,1.50,1.75
2016.05.16 19:03:48.502,1.45947,1.45968,1.50,1.75
2016.05.16 19:03:49.182,1.45947,1.45967,1.50,1.50
2016.05.16 19:03:49.828,1.45947,1.45967,1.50,1.50
2016.05.16 19:03:51.688,1.45947,1.45968,1.50,1.50
2016.05.16 19:03:52.229,1.45947,1.45966,1.50,1.00
2016.05.16 19:03:52.584,1.45948,1.45968,1.37,1.00
2016.05.16 19:03:53.107,1.45948,1.45971,1.37,2.32
2016.05.16 19:03:53.481,1.45948,1.45968,1.37,1.00
2016.05.16 19:03:54.086,1.45948,1.45969,1.37,1.00
2016.05.16 19:03:54.592,1.45947,1.45968,1.50,1.12
2016.05.16 19:03:55.739,1.45949,1.4597,1.37,1.50
2016.05.16 19:03:56.246,1.45948,1.4597,1.37,1.87
2016.05.16 19:03:56.780,1.45948,1.4597,1.37,1.00
2016.05.16 19:03:57.471,1.45948,1.45971,1.37,1.12
2016.05.16 19:03:57.991,1.45951,1.45971,1.00,1.00
2016.05.16 19:03:58.884,1.45951,1.4597,1.00,1.00
2016.05.16 19:03:59.183,1.45954,1.45974,1.00,2.62
2016.05.16 19:03:59.336,1.45954,1.45974,1.00,1.50
2016.05.16 19:03:59.540,1.45955,1.45976,1.37,1.57
2016.05.16 19:04:00.151,1.45955,1.45975,1.37,1.87
2016.05.16 19:04:00.303,1.45952,1.45971,1.00,1.00
2016.05.16 19:04:00.806,1.45952,1.45972,1.00,1.00
2016.05.16 19:04:01.161,1.45951,1.4597,1.12,1.00
2016.05.16 19:04:03.005,1.45951,1.45967,1.00,1.00
2016.05.16 19:04:03.512,1.45949,1.45966,1.00,1.12
2016.05.16 19:04:03.715,1.45947,1.45965,1.00,1.00
2016.05.16 19:04:04.373,1.45947,1.45966,1.00,1.00
2016.05.16 19:04:05.014,1.45945,1.45966,1.00,1.00
2016.05.16 19:04:07.105,1.45946,1.45966,1.00,1.12
2016.05.16 19:04:07.620,1.45946,1.45966,1.37,1.00
2016.05.16 19:04:12.235,1.45948,1.45966,1.00,1.00
2016.05.16 19:04:13.867,1.45948,1.45965,1.00,1.00
2016.05.16 19:04:14.477,1.45949,1.45967,1.00,1.37
2016.05.16 19:04:14.580,1.45949,1.45968,1.00,1.00
2016.05.16 19:04:14.742,1.45951,1.45968,1.00,1.00
2016.05.16 19:04:15.267,1.45951,1.45969,1.00,1.12
2016.05.16 19:04:16.400,1.45949,1.45967,1.00,1.00
2016.05.16 19:04:16.961,1.45948,1.45967,1.00,1.00
2016.05.16 19:04:17.500,1.45948,1.45966,1.00,1.00
2016.05.16 19:04:18.215,1.45948,1.45968,1.00,1.00
2016.05.16 19:04:19.960,1.4595,1.45968,1.00,1.00
2016.05.16 19:04:20.467,1.4595,1.4597,1.00,3.37
2016.05.16 19:04:21.002,1.4595,1.4597,1.00,2.62
2016.05.16 19:04:21.578,1.45951,1.4597,1.00,1.87
2016.05.16 19:04:21.882,1.45951,1.45968,1.00,1.00
2016.05.16 19:04:23.594,1.45951,1.45971,1.00,1.00
2016.05.16 19:04:24.187,1.45952,1.45971,1.00,1.00
2016.05.16 19:04:24.697,1.45951,1.4597,1.12,1.00
2016.05.16 19:04:26.511,1.4595,1.45971,1.37,1.00
2016.05.16 19:04:27.036,1.4595,1.45971,1.37,1.00
2016.05.16 19:04:27.890,1.45951,1.4597,1.37,1.00
2016.05.16 19:04:28.432,1.45951,1.45967,1.37,1.00
2016.05.16 19:04:31.097,1.45951,1.45969,1.37,1.00
2016.05.16 19:04:31.199,1.45951,1.45972,1.37,1.00
2016.05.16 19:04:31.300,1.45951,1.45969,1.37,1.00
2016.05.16 19:04:32.122,1.45951,1.45969,1.12,1.00
2016.05.16 19:04:33.104,1.45951,1.4597,1.12,1.00
2016.05.16 19:04:33.806,1.45952,1.45971,1.50,1.00
2016.05.16 19:04:34.330,1.45952,1.45968,1.00,1.00
2016.05.16 19:04:34.483,1.4595,1.45968,1.00,1.00
2016.05.16 19:04:34.534,1.4595,1.4597,1.00,1.00
2016.05.16 19:04:34.801,1.45949,1.45967,1.00,1.00
2016.05.16 19:04:35.414,1.45949,1.45966,1.00,1.00
2016.05.16 19:04:35.858,1.45949,1.45966,1.37,1.00
2016.05.16 19:04:35.909,1.45949,1.4597,1.37,1.00
2016.05.16 19:04:36.020,1.45949,1.45967,1.37,1.00
2016.05.16 19:04:37.069,1.45949,1.45967,1.37,1.00
2016.05.16 19:04:39.130,1.45949,1.45969,1.37,1.00
2016.05.16 19:04:40.396,1.45949,1.45967,1.37,1.00
2016.05.16 19:04:42.454,1.45949,1.45967,1.50,1.00
2016.05.16 19:04:43.099,1.45951,1.45969,1.37,1.00
2016.05.16 19:04:43.625,1.45951,1.4597,1.37,1.00
2016.05.16 19:04:44.600,1.45951,1.45969,1.37,1.00
2016.05.16 19:04:51.124,1.4595,1.4597,2.25,1.00
2016.05.16 19:04:51.648,1.4595,1.45968,1.50,1.00
2016.05.16 19:04:52.306,1.45949,1.4597,1.75,1.00
2016.05.16 19:04:52.852,1.45949,1.45969,1.75,1.00
2016.05.16 19:04:55.009,1.45949,1.45967,1.75,1.00
2016.05.16 19:04:55.212,1.4595,1.45969,1.50,1.00
2016.05.16 19:04:55.314,1.45951,1.45971,1.37,1.12
2016.05.16 19:04:56.248,1.45951,1.45971,1.12,1.12
2016.05.16 19:04:56.864,1.45951,1.4597,1.12,1.00
2016.05.16 19:04:58.080,1.45949,1.4597,1.00,1.37
2016.05.16 19:04:58.435,1.45949,1.45966,1.00,1.00
2016.05.16 19:04:59.262,1.45949,1.45964,1.00,1.00
2016.05.16 19:05:01.250,1.45949,1.45967,1.00,1.00
2016.05.16 19:05:01.795,1.45949,1.45967,1.37,1.00
2016.05.16 19:05:02.551,1.45949,1.45965,1.37,1.00
2016.05.16 19:05:02.754,1.45949,1.45967,1.37,1.00
2016.05.16 19:05:05.031,1.45949,1.45968,1.37,1.00
2016.05.16 19:05:06.148,1.45949,1.45968,1.37,1.00
2016.05.16 19:05:07.152,1.45949,1.45968,1.37,1.00
2016.05.16 19:05:07.923,1.4595,1.45967,1.12,1.00
2016.05.16 19:05:09.628,1.4595,1.45969,1.12,1.00
2016.05.16 19:05:16.477,1.45949,1.45967,1.37,1.00
2016.05.16 19:05:17.019,1.45949,1.45966,1.37,1.00
2016.05.16 19:05:17.551,1.45948,1.45965,1.37,1.00
2016.05.16 19:05:18.173,1.45948,1.45966,1.37,1.00
2016.05.16 19:05:20.776,1.45948,1.45964,1.37,1.00
2016.05.16 19:05:20.877,1.45946,1.45965,2.62,1.00
2016.05.16 19:05:21.183,1.45946,1.45962,1.87,1.00
2016.05.16 19:05:21.742,1.45946,1.45964,1.87,1.00
2016.05.16 19:05:22.575,1.45946,1.45963,1.87,1.00
2016.05.16 19:05:23.277,1.45946,1.45963,1.87,1.00
2016.05.16 19:05:23.379,1.45947,1.45965,2.25,1.00
2016.05.16 19:05:23.907,1.45948,1.45966,1.37,1.00
2016.05.16 19:05:25.669,1.45948,1.45962,1.00,1.00
2016.05.16 19:05:27.161,1.45947,1.45962,1.87,1.00
2016.05.16 19:05:27.314,1.45944,1.4596,1.00,1.00
2016.05.16 19:05:27.467,1.45941,1.45958,1.12,1.00
2016.05.16 19:05:27.569,1.45938,1.45959,1.87,1.00
2016.05.16 19:05:28.162,1.45938,1.4596,1.12,1.50
2016.05.16 19:05:29.055,1.45939,1.4596,1.00,1.00
2016.05.16 19:05:29.157,1.45941,1.45963,1.50,1.50
2016.05.16 19:05:29.462,1.45943,1.45965,1.50,1.00
2016.05.16 19:05:33.950,1.45943,1.45966,2.25,1.50
2016.05.16 19:05:35.180,1.45943,1.45963,1.50,1.00
2016.05.16 19:05:36.281,1.45943,1.45966,1.50,1.50
2016.05.16 19:05:36.383,1.45942,1.45966,1.12,1.87
2016.05.16 19:05:37.531,1.45946,1.45964,1.12,1.00
2016.05.16 19:05:37.582,1.45948,1.45967,1.00,1.10
2016.05.16 19:05:37.633,1.4595,1.45967,1.37,1.10
2016.05.16 19:05:37.684,1.4595,1.45972,1.50,1.50
2016.05.16 19:05:37.887,1.4595,1.45969,2.25,1.00
2016.05.16 19:05:38.195,1.45949,1.45967,1.00,1.00
2016.05.16 19:05:38.398,1.45949,1.4597,1.00,1.00
2016.05.16 19:05:38.702,1.45949,1.45968,1.00,1.00
2016.05.16 19:05:41.392,1.45951,1.45968,1.00,1.00
2016.05.16 19:05:42.108,1.45951,1.45969,1.00,1.00
2016.05.16 19:05:42.620,1.45951,1.45968,1.00,1.00
2016.05.16 19:05:45.583,1.45951,1.45967,1.00,1.87
2016.05.16 19:05:45.736,1.45945,1.45963,1.00,1.12
2016.05.16 19:05:45.787,1.45942,1.45963,1.00,1.12
2016.05.16 19:05:47.420,1.4594,1.45963,1.50,2.62
2016.05.16 19:05:48.778,1.4594,1.4596,1.00,1.00
2016.05.16 19:05:50.440,1.4594,1.4596,1.00,1.37
2016.05.16 19:05:51.032,1.45939,1.4596,1.00,1.87
2016.05.16 19:05:51.539,1.45938,1.45959,1.00,1.37
2016.05.16 19:05:52.071,1.45938,1.45957,1.00,1.00
2016.05.16 19:05:55.524,1.45937,1.45957,1.00,1.00
2016.05.16 19:05:56.578,1.45937,1.45958,1.00,1.10
2016.05.16 19:06:08.097,1.45937,1.45956,1.00,1.00
2016.05.16 19:06:11.116,1.45937,1.45956,1.00,1.12
2016.05.16 19:06:13.685,1.45937,1.45959,1.00,2.25
2016.05.16 19:06:13.736,1.45939,1.45959,1.00,2.25
2016.05.16 19:06:13.994,1.45942,1.45964,1.00,1.12
2016.05.16 19:06:20.845,1.45941,1.45963,1.00,1.50
2016.05.16 19:06:25.277,1.45943,1.45963,1.00,1.12
2016.05.16 19:06:25.966,1.45945,1.45966,1.00,1.37
2016.05.16 19:06:26.125,1.45952,1.45967,1.00,1.00
2016.05.16 19:06:27.299,1.45952,1.45971,1.00,1.00
2016.05.16 19:06:28.051,1.45952,1.4597,1.00,1.00
2016.05.16 19:06:30.708,1.45952,1.45971,1.00,1.00
2016.05.16 19:06:34.146,1.45952,1.45971,1.00,1.37
2016.05.16 19:06:35.455,1.45953,1.45972,1.00,1.37
2016.05.16 19:06:35.507,1.45953,1.45972,1.00,1.12
2016.05.16 19:06:36.322,1.45953,1.45973,1.87,1.00
2016.05.16 19:06:36.849,1.45953,1.45972,1.87,1.00
2016.05.16 19:06:37.453,1.45952,1.45971,1.50,1.37
2016.05.16 19:06:37.656,1.45948,1.45971,1.00,1.87
2016.05.16 19:06:37.758,1.4595,1.45971,1.00,1.87
2016.05.16 19:06:37.809,1.4595,1.4597,1.00,1.00
2016.05.16 19:06:38.337,1.45951,1.45971,1.50,1.37
2016.05.16 19:06:39.133,1.45952,1.45974,1.00,1.50
2016.05.16 19:06:39.235,1.45952,1.45974,1.00,1.50
2016.05.16 19:06:39.698,1.45954,1.45974,1.00,1.50
2016.05.16 19:06:39.750,1.45954,1.45974,1.00,1.00
2016.05.16 19:06:40.288,1.45955,1.45976,1.00,1.37
2016.05.16 19:06:40.908,1.45955,1.45975,1.50,1.12
2016.05.16 19:06:41.414,1.45955,1.45974,1.50,1.00
2016.05.16 19:06:42.053,1.45955,1.45976,1.50,1.37
2016.05.16 19:06:42.598,1.45955,1.45976,1.50,1.37
2016.05.16 19:06:45.224,1.45956,1.45977,1.00,1.37
2016.05.16 19:06:45.326,1.45957,1.45979,1.00,1.57
2016.05.16 19:06:45.429,1.45962,1.45983,2.06,2.25
2016.05.16 19:06:45.735,1.45969,1.45987,1.12,1.00
2016.05.16 19:06:46.531,1.4597,1.45987,1.00,1.00
2016.05.16 19:06:46.633,1.45971,1.45992,1.00,1.57
2016.05.16 19:06:46.735,1.45974,1.45992,1.00,1.00
2016.05.16 19:06:46.837,1.45974,1.45995,1.50,2.25
2016.05.16 19:06:47.041,1.45974,1.45991,1.50,1.00
2016.05.16 19:06:47.590,1.45973,1.4599,1.87,1.00
2016.05.16 19:06:50.537,1.4597,1.4599,1.12,1.00
2016.05.16 19:06:50.639,1.45968,1.4599,1.87,1.12
2016.05.16 19:06:50.741,1.45968,1.45987,1.87,1.00
2016.05.16 19:06:51.328,1.45968,1.45986,1.87,1.00
2016.05.16 19:06:52.131,1.45968,1.45989,1.87,1.00
2016.05.16 19:06:52.436,1.45968,1.45987,2.25,1.00
2016.05.16 19:06:53.174,1.45968,1.45989,2.25,1.00
2016.05.16 19:06:53.327,1.45968,1.45987,2.25,1.00
2016.05.16 19:06:53.889,1.45968,1.45987,2.25,1.00
2016.05.16 19:06:54.230,1.45968,1.45989,2.25,1.00
2016.05.16 19:06:54.921,1.45968,1.45989,2.25,1.00
2016.05.16 19:06:56.131,1.45968,1.45991,2.25,1.50
2016.05.16 19:06:56.641,1.45968,1.45992,1.50,2.62
2016.05.16 19:06:59.107,1.45968,1.45992,1.12,1.87
2016.05.16 19:06:59.411,1.45969,1.45992,1.00,1.00
2016.05.16 19:07:00.339,1.45969,1.45993,1.00,3.37
2016.05.16 19:07:00.440,1.45969,1.45991,1.00,1.50
2016.05.16 19:07:00.542,1.45969,1.45992,1.00,1.12
2016.05.16 19:07:01.049,1.45968,1.45992,1.12,1.87
2016.05.16 19:07:06.561,1.45968,1.45991,1.12,1.00
2016.05.16 19:07:07.634,1.45968,1.45991,1.87,1.00
2016.05.16 19:07:08.418,1.45968,1.45992,1.87,1.12
2016.05.16 19:07:10.868,1.45968,1.45992,1.87,1.37
2016.05.16 19:07:11.923,1.45968,1.45992,1.87,1.12
2016.05.16 19:07:12.429,1.45968,1.45993,1.87,1.50
2016.05.16 19:07:14.258,1.45971,1.45993,1.37,1.12
2016.05.16 19:07:15.854,1.45971,1.45993,1.37,1.00
2016.05.16 19:07:17.048,1.45972,1.45993,1.37,1.37
2016.05.16 19:07:17.855,1.45972,1.45993,1.37,1.50
2016.05.16 19:07:19.672,1.45972,1.45995,1.37,1.37
2016.05.16 19:07:20.217,1.45972,1.45995,1.37,1.12
2016.05.16 19:07:20.770,1.45972,1.45995,1.37,1.12
2016.05.16 19:07:23.473,1.45971,1.45995,2.25,1.12
2016.05.16 19:07:26.882,1.45971,1.45995,1.50,1.37
2016.05.16 19:07:27.432,1.45971,1.45995,1.50,1.87
2016.05.16 19:07:28.191,1.45971,1.45994,1.50,1.00
2016.05.16 19:07:28.736,1.45971,1.45993,1.00,1.12
2016.05.16 19:07:29.368,1.45971,1.45993,1.00,1.37
2016.05.16 19:07:29.470,1.45969,1.45993,2.25,1.50
2016.05.16 19:07:29.623,1.45966,1.45987,1.12,1.12
2016.05.16 19:07:29.725,1.45965,1.45987,1.12,1.87
2016.05.16 19:07:29.828,1.45963,1.45987,1.87,2.25
2016.05.16 19:07:31.594,1.45965,1.45985,1.87,1.37
2016.05.16 19:07:31.740,1.45966,1.4599,1.50,2.62
2016.05.16 19:07:31.892,1.4597,1.45993,1.87,1.50
2016.05.16 19:07:31.944,1.45971,1.45995,1.87,1.12
2016.05.16 19:07:32.097,1.45978,1.45998,1.12,1.37
2016.05.16 19:07:32.148,1.45978,1.46001,1.50,1.50
2016.05.16 19:07:32.301,1.45985,1.46006,1.00,1.75
2016.05.16 19:07:32.352,1.45985,1.46007,1.00,1.87
2016.05.16 19:07:32.404,1.45986,1.46007,1.12,1.50
2016.05.16 19:07:32.751,1.45979,1.46001,1.50,1.50
2016.05.16 19:07:33.258,1.45979,1.46001,1.00,1.37
2016.05.16 19:07:33.843,1.45981,1.46003,1.00,1.87
2016.05.16 19:07:34.097,1.45984,1.46007,1.50,1.87
2016.05.16 19:07:34.199,1.45983,1.46007,1.00,1.95
2016.05.16 19:07:34.503,1.45981,1.46002,1.00,1.37
2016.05.16 19:07:35.053,1.45981,1.46004,1.00,1.87
2016.05.16 19:07:35.544,1.45981,1.46004,1.50,1.87
2016.05.16 19:07:36.612,1.45981,1.46004,1.50,1.00
2016.05.16 19:07:36.764,1.45983,1.46004,1.00,1.50
2016.05.16 19:07:37.108,1.45983,1.46004,1.00,1.87
2016.05.16 19:07:37.802,1.45983,1.46004,1.00,1.87
2016.05.16 19:07:38.698,1.45983,1.46004,1.00,1.50
2016.05.16 19:07:38.873,1.45981,1.46003,1.00,1.87
2016.05.16 19:07:39.720,1.45981,1.46002,1.00,1.12
2016.05.16 19:07:40.733,1.45982,1.46002,1.00,1.87
2016.05.16 19:07:40.784,1.45988,1.46002,1.00,1.87
2016.05.16 19:07:40.886,1.45987,1.46004,1.00,1.75
2016.05.16 19:07:40.937,1.45988,1.46007,1.50,2.25
2016.05.16 19:07:41.039,1.45988,1.46008,1.50,1.50
2016.05.16 19:07:41.545,1.45987,1.46005,1.00,1.00
2016.05.16 19:07:43.935,1.45987,1.46006,1.00,1.00
2016.05.16 19:07:44.138,1.45988,1.4601,1.00,1.12
2016.05.16 19:07:44.341,1.45988,1.46012,1.50,1.87
2016.05.16 19:07:44.442,1.4599,1.46012,1.50,1.00
2016.05.16 19:07:44.972,1.4599,1.46014,1.50,1.87
2016.05.16 19:07:45.327,1.45989,1.46013,1.00,1.57
2016.05.16 19:07:45.835,1.4599,1.46013,1.00,1.37
2016.05.16 19:07:47.714,1.4599,1.46014,2.25,1.00
2016.05.16 19:07:48.019,1.45993,1.46015,1.00,1.87
2016.05.16 19:07:52.451,1.45994,1.46014,1.00,1.00
2016.05.16 19:07:53.781,1.45993,1.46016,1.50,2.62
2016.05.16 19:07:54.091,1.45989,1.4601,1.50,1.12
2016.05.16 19:07:54.396,1.45988,1.4601,1.50,1.12
2016.05.16 19:07:55.649,1.4599,1.4601,1.00,1.12
2016.05.16 19:07:55.796,1.45991,1.46013,1.00,1.37
2016.05.16 19:07:55.949,1.45991,1.46015,1.50,2.25
2016.05.16 19:07:56.152,1.45993,1.46015,1.00,1.50
2016.05.16 19:07:56.706,1.45992,1.46015,1.00,1.50
2016.05.16 19:07:57.010,1.45994,1.46015,1.00,1.00
2016.05.16 19:07:57.523,1.45995,1.46015,1.00,1.00
2016.05.16 19:07:58.034,1.45996,1.46015,1.00,1.00
2016.05.16 19:08:08.211,1.45997,1.46015,1.00,1.00
2016.05.16 19:08:08.363,1.45997,1.46019,1.00,1.50
2016.05.16 19:08:08.566,1.45994,1.46017,1.20,1.00
2016.05.16 19:08:09.079,1.45994,1.46018,1.12,1.12
2016.05.16 19:08:09.890,1.45994,1.46018,1.50,1.12
2016.05.16 19:08:11.586,1.45994,1.46019,1.87,3.00
2016.05.16 19:08:12.882,1.45996,1.46019,1.00,1.50
2016.05.16 19:08:13.138,1.45999,1.46023,1.00,1.87
2016.05.16 19:08:13.341,1.45997,1.4602,1.50,1.00
2016.05.16 19:08:13.645,1.45997,1.4602,1.12,1.50
2016.05.16 19:08:13.747,1.45997,1.46019,1.37,1.00
2016.05.16 19:08:13.798,1.45997,1.46019,1.00,1.50
2016.05.16 19:08:15.647,1.45994,1.46018,1.87,1.37
2016.05.16 19:08:15.964,1.46008,1.46024,1.00,1.12
2016.05.16 19:08:16.218,1.46004,1.46028,3.37,1.50
2016.05.16 19:08:16.754,1.46004,1.46026,1.87,1.00
2016.05.16 19:08:16.905,1.46004,1.46024,1.87,1.00
2016.05.16 19:08:17.507,1.46004,1.46023,1.87,1.00
2016.05.16 19:08:18.008,1.46004,1.46023,1.87,1.00
2016.05.16 19:08:18.569,1.46004,1.46024,1.87,1.00
2016.05.16 19:08:19.779,1.46005,1.46028,2.25,1.12
2016.05.16 19:08:19.881,1.46007,1.4603,2.25,2.25
2016.05.16 19:08:20.388,1.46007,1.4603,3.00,1.00
2016.05.16 19:08:21.853,1.46007,1.4603,2.49,1.00
2016.05.16 19:08:22.974,1.46007,1.46029,2.49,1.00
2016.05.16 19:08:26.121,1.46007,1.4603,2.25,1.00
2016.05.16 19:08:26.425,1.46007,1.46028,1.32,1.00
2016.05.16 19:08:27.711,1.46007,1.46029,1.32,1.50
2016.05.16 19:08:28.680,1.46007,1.46029,1.24,1.00
2016.05.16 19:08:29.203,1.46008,1.4603,1.24,1.00
2016.05.16 19:08:30.505,1.46007,1.4603,2.49,1.50
2016.05.16 19:08:32.662,1.46007,1.4603,2.49,1.50
2016.05.16 19:08:34.200,1.46007,1.4603,1.74,2.25
2016.05.16 19:08:35.015,1.46007,1.46028,1.24,1.00
2016.05.16 19:08:35.556,1.46007,1.46029,1.74,1.00
2016.05.16 19:08:37.667,1.46007,1.46029,1.74,1.00
2016.05.16 19:08:38.199,1.46007,1.46029,1.74,1.50
2016.05.16 19:08:40.014,1.46007,1.4603,1.50,1.50
2016.05.16 19:08:40.115,1.4601,1.4603,1.32,1.00
2016.05.16 19:08:40.217,1.4601,1.46034,2.11,1.87
2016.05.16 19:08:40.773,1.46011,1.46034,1.00,1.12
2016.05.16 19:08:41.321,1.4601,1.46034,1.36,1.12
2016.05.16 19:08:41.473,1.46009,1.46033,1.69,1.50
2016.05.16 19:08:42.118,1.46009,1.46032,1.32,1.12
2016.05.16 19:08:42.923,1.46008,1.46032,1.74,1.87
2016.05.16 19:08:44.492,1.46008,1.46031,1.50,1.50
2016.05.16 19:08:45.100,1.46008,1.46031,1.74,1.50
2016.05.16 19:08:46.498,1.46008,1.46031,1.74,1.50
2016.05.16 19:08:47.291,1.46009,1.46032,1.00,1.12
2016.05.16 19:08:47.342,1.46009,1.46032,1.24,1.12
2016.05.16 19:08:48.342,1.46009,1.46032,1.00,1.12
2016.05.16 19:08:48.848,1.46008,1.46032,2.25,1.87
2016.05.16 19:08:52.054,1.46008,1.4603,1.37,1.12
2016.05.16 19:08:52.335,1.46008,1.46029,1.12,1.12
2016.05.16 19:08:52.437,1.46005,1.46027,1.00,1.00
2016.05.16 19:08:52.489,1.46005,1.46024,1.00,1.00
2016.05.16 19:08:52.540,1.46003,1.46024,1.00,1.00
2016.05.16 19:08:52.591,1.46003,1.46024,1.00,1.50
2016.05.16 19:08:53.337,1.46003,1.46023,1.00,1.12
2016.05.16 19:08:53.508,1.46,1.46023,1.37,1.12
2016.05.16 19:08:54.486,1.46,1.46022,1.37,1.12
2016.05.16 19:08:55.064,1.46,1.46021,1.00,1.12
2016.05.16 19:08:55.521,1.46,1.46021,1.50,1.12
2016.05.16 19:08:56.739,1.46,1.46021,1.75,1.12
2016.05.16 19:08:57.962,1.46,1.46023,2.25,1.37
2016.05.16 19:08:58.064,1.46,1.46021,1.75,1.12
2016.05.16 19:08:59.002,1.46,1.46021,1.37,1.12
2016.05.16 19:09:03.143,1.46,1.46021,1.37,1.87
2016.05.16 19:09:04.574,1.46001,1.46023,1.12,1.12
2016.05.16 19:09:04.625,1.46004,1.46026,1.37,2.62
2016.05.16 19:09:04.676,1.46004,1.46026,1.37,2.25
2016.05.16 19:09:05.031,1.46002,1.46025,1.37,1.12
2016.05.16 19:09:05.335,1.46002,1.46021,1.37,1.12
2016.05.16 19:09:06.043,1.46,1.46024,3.37,1.00
2016.05.16 19:09:06.145,1.46007,1.46024,1.00,1.00
2016.05.16 19:09:06.196,1.46005,1.46024,1.12,1.00
2016.05.16 19:09:06.247,1.46005,1.46024,1.75,1.00
2016.05.16 19:09:06.364,1.46005,1.46028,1.75,1.12
2016.05.16 19:09:06.415,1.46006,1.4603,1.75,1.12
2016.05.16 19:09:06.719,1.46007,1.4603,1.37,1.87
2016.05.16 19:09:06.821,1.46007,1.46028,1.37,1.37
2016.05.16 19:09:07.125,1.46005,1.46027,1.37,1.12
2016.05.16 19:09:08.247,1.46005,1.46024,1.37,1.37
2016.05.16 19:09:08.349,1.46002,1.46024,1.87,1.37
2016.05.16 19:09:08.451,1.46002,1.46022,1.37,1.12
2016.05.16 19:09:08.957,1.45998,1.46022,2.25,1.12
2016.05.16 19:09:09.611,1.45998,1.46022,2.25,1.12
2016.05.16 19:09:10.727,1.46001,1.46022,1.12,1.12
2016.05.16 19:09:13.575,1.46001,1.46024,1.50,1.87
2016.05.16 19:09:14.420,1.46005,1.46026,1.37,3.37
2016.05.16 19:09:14.725,1.46013,1.46032,1.00,1.87
2016.05.16 19:09:15.870,1.46013,1.46034,1.50,1.12
2016.05.16 19:09:16.287,1.46013,1.46034,1.00,1.75
2016.05.16 19:09:17.986,1.4601,1.46031,1.00,1.75
2016.05.16 19:09:22.162,1.4601,1.46027,1.00,1.00
2016.05.16 19:09:25.086,1.4601,1.46029,1.00,1.50
2016.05.16 19:09:30.200,1.46011,1.4603,1.00,1.37
2016.05.16 19:09:30.346,1.46013,1.46034,1.00,1.00
2016.05.16 19:09:30.448,1.46013,1.46036,1.00,2.25
2016.05.16 19:09:31.347,1.46013,1.46031,1.50,1.00
2016.05.16 19:09:31.870,1.46012,1.4603,1.12,1.00
2016.05.16 19:09:32.039,1.46008,1.46028,1.50,1.00
2016.05.16 19:09:32.395,1.46012,1.46028,1.00,1.00
2016.05.16 19:09:32.750,1.4601,1.46029,1.00,1.00
2016.05.16 19:09:33.054,1.46012,1.46027,1.00,1.00
2016.05.16 19:09:33.155,1.46012,1.46029,1.00,1.00
2016.05.16 19:09:33.207,1.4601,1.46029,1.00,1.00
2016.05.16 19:09:33.308,1.46007,1.46029,1.50,1.00
2016.05.16 19:09:33.818,1.46006,1.46029,1.50,1.50
2016.05.16 19:09:34.872,1.46007,1.46029,1.00,1.50
2016.05.16 19:09:38.124,1.46007,1.46027,1.00,1.00
2016.05.16 19:09:39.375,1.46004,1.46027,2.94,1.00
2016.05.16 19:09:39.882,1.46004,1.46028,2.25,1.00
2016.05.16 19:09:40.405,1.46005,1.46028,1.00,1.00
2016.05.16 19:09:40.703,1.46004,1.46027,1.00,1.37
2016.05.16 19:09:41.219,1.46003,1.46026,1.00,1.50
2016.05.16 19:09:41.549,1.45999,1.46025,1.37,1.87
2016.05.16 19:09:41.863,1.45999,1.46024,1.00,1.12
2016.05.16 19:09:41.965,1.46,1.46024,1.00,1.37
2016.05.16 19:09:42.269,1.46,1.4602,1.00,1.00
2016.05.16 19:09:42.578,1.45998,1.46017,1.00,1.00
2016.05.16 19:09:43.086,1.45998,1.46018,1.00,1.00
2016.05.16 19:09:43.390,1.45995,1.46015,1.00,1.37
2016.05.16 19:09:43.948,1.45994,1.46016,1.00,1.87
2016.05.16 19:09:44.118,1.45996,1.46019,1.00,1.87
2016.05.16 19:09:44.422,1.45994,1.46019,1.00,1.87
2016.05.16 19:09:45.163,1.45993,1.46018,1.12,1.37
2016.05.16 19:09:45.214,1.45993,1.46018,1.00,1.75
2016.05.16 19:09:45.518,1.45992,1.46013,1.00,1.00
2016.05.16 19:09:47.337,1.45992,1.46015,1.00,1.12
2016.05.16 19:09:47.388,1.45994,1.46015,1.00,1.12
2016.05.16 19:09:47.899,1.45994,1.46016,1.12,1.00
2016.05.16 19:09:48.434,1.45993,1.46015,1.12,1.12
2016.05.16 19:09:48.943,1.45992,1.46013,1.12,1.00
2016.05.16 19:09:49.492,1.45991,1.46014,1.00,1.87
2016.05.16 19:09:49.979,1.45994,1.46017,1.24,1.87
2016.05.16 19:09:50.081,1.45994,1.46018,1.36,1.12
2016.05.16 19:09:51.698,1.45995,1.46018,1.24,1.12
2016.05.16 19:09:52.312,1.45994,1.46015,1.24,1.00
2016.05.16 19:09:52.465,1.45994,1.46014,1.00,1.00
2016.05.16 19:09:52.516,1.45992,1.46014,1.00,1.00
2016.05.16 19:09:54.600,1.45991,1.46014,1.00,1.00
2016.05.16 19:09:55.108,1.45991,1.46015,1.00,1.50
2016.05.16 19:09:55.957,1.45992,1.46015,1.00,1.50
2016.05.16 19:09:57.374,1.45994,1.46015,1.36,1.50
2016.05.16 19:09:57.610,1.45996,1.46019,1.24,1.87
2016.05.16 19:09:58.669,1.45995,1.46019,1.00,1.12
2016.05.16 19:09:58.822,1.45993,1.46017,1.36,1.12
2016.05.16 19:09:58.873,1.45993,1.46017,1.12,1.50
2016.05.16 19:09:59.076,1.45991,1.46015,1.00,1.87
2016.05.16 19:09:59.601,1.4599,1.46014,1.00,1.00
2016.05.16 19:10:00.167,1.4599,1.46015,1.24,1.50
2016.05.16 19:10:00.674,1.45992,1.46015,1.00,1.00
2016.05.16 19:10:01.228,1.45992,1.46014,1.00,1.00
2016.05.16 19:10:02.575,1.45992,1.46015,1.00,1.50
2016.05.16 19:10:03.778,1.45994,1.46015,1.24,1.00
2016.05.16 19:10:03.880,1.45994,1.46015,1.12,1.00
2016.05.16 19:10:03.931,1.45994,1.46019,1.00,2.62
2016.05.16 19:10:04.083,1.45992,1.46017,2.25,1.50
2016.05.16 19:10:04.590,1.45991,1.46014,1.00,1.37
2016.05.16 19:10:07.885,1.45991,1.46014,1.00,1.12
2016.05.16 19:10:08.372,1.45999,1.46014,1.00,1.12
2016.05.16 19:10:08.525,1.45999,1.46022,1.12,1.37
2016.05.16 19:10:08.576,1.46004,1.46022,1.37,1.00
2016.05.16 19:10:08.830,1.46006,1.46028,1.00,1.75
2016.05.16 19:10:09.030,1.46006,1.4603,1.00,2.25
2016.05.16 19:10:12.675,1.46006,1.46031,2.62,1.00
2016.05.16 19:10:17.611,1.46005,1.46032,1.75,1.87
2016.05.16 19:10:17.915,1.46004,1.46028,1.50,1.00
2016.05.16 19:10:20.273,1.46006,1.46028,1.00,1.00
2016.05.16 19:10:20.375,1.46007,1.4603,1.00,1.00
2016.05.16 19:10:20.780,1.46006,1.46031,1.50,1.50
2016.05.16 19:10:22.377,1.46006,1.46031,1.87,1.50
2016.05.16 19:10:33.701,1.46005,1.4603,2.62,1.37
2016.05.16 19:10:35.304,1.46005,1.46028,1.12,1.37
2016.05.16 19:10:39.337,1.46006,1.46028,1.00,1.37
2016.05.16 19:10:44.168,1.46003,1.46026,1.37,1.00
2016.05.16 19:10:44.219,1.46001,1.46025,1.87,1.87
2016.05.16 19:10:44.372,1.45999,1.46024,2.81,1.12
2016.05.16 19:10:44.877,1.46,1.46023,1.00,1.50
2016.05.16 19:10:45.635,1.45999,1.46023,2.44,1.50
2016.05.16 19:10:47.081,1.45999,1.46021,1.69,1.00
2016.05.16 19:10:47.820,1.45999,1.46023,1.69,1.50
2016.05.16 19:10:48.374,1.45999,1.46021,1.69,1.00
2016.05.16 19:10:49.375,1.45999,1.4602,1.25,1.00
2016.05.16 19:10:49.426,1.45997,1.4602,2.62,1.87
2016.05.16 19:10:49.528,1.45997,1.4602,1.12,1.37
2016.05.16 19:10:49.681,1.45996,1.46019,1.69,1.12
2016.05.16 19:10:49.833,1.45996,1.46019,1.81,1.00
2016.05.16 19:10:50.369,1.45996,1.4602,1.81,1.12
2016.05.16 19:10:50.900,1.45996,1.46019,1.81,1.00
2016.05.16 19:10:53.654,1.45996,1.46019,1.25,1.12
2016.05.16 19:10:54.753,1.45995,1.4602,2.62,1.87
2016.05.16 19:10:56.790,1.45995,1.46019,2.62,1.00
2016.05.16 19:10:58.014,1.45996,1.4602,1.69,1.00
2016.05.16 19:10:58.065,1.45999,1.46021,1.12,1.50
2016.05.16 19:11:01.325,1.45996,1.4602,1.69,1.00
2016.05.16 19:11:02.264,1.45995,1.4602,2.25,2.62
2016.05.16 19:11:02.773,1.45995,1.46019,1.12,1.87
2016.05.16 19:11:03.019,1.45995,1.46019,2.19,1.00
2016.05.16 19:11:03.523,1.45995,1.4602,2.62,1.50
2016.05.16 19:11:05.671,1.45997,1.46021,1.12,2.62
2016.05.16 19:11:06.319,1.45997,1.46017,1.12,1.00
2016.05.16 19:11:06.421,1.45991,1.46015,1.87,3.00
2016.05.16 19:11:06.472,1.45991,1.46013,1.12,1.00
2016.05.16 19:11:06.625,1.45985,1.46009,1.12,1.00
2016.05.16 19:11:06.727,1.45986,1.46009,1.00,1.12
2016.05.16 19:11:06.931,1.45986,1.4601,1.12,1.00
2016.05.16 19:11:07.466,1.45987,1.46011,1.00,1.37
2016.05.16 19:11:07.598,1.45988,1.46012,1.12,1.37
2016.05.16 19:11:08.157,1.45991,1.46014,1.00,1.50
2016.05.16 19:11:08.259,1.45991,1.46013,1.12,1.00
2016.05.16 19:11:08.310,1.45992,1.46017,1.00,1.00
2016.05.16 19:11:08.766,1.45993,1.46018,1.00,1.37
2016.05.16 19:11:09.275,1.45992,1.46018,1.50,2.62
2016.05.16 19:11:16.787,1.45993,1.46017,1.00,1.87
2016.05.16 19:11:21.543,1.45993,1.46016,1.00,2.62
2016.05.16 19:11:25.646,1.45993,1.46016,1.00,1.87
2016.05.16 19:11:28.423,1.45992,1.46015,1.50,1.37
2016.05.16 19:11:29.198,1.45994,1.46017,1.00,1.87
2016.05.16 19:11:29.364,1.45994,1.46019,1.75,2.62
2016.05.16 19:11:29.667,1.45998,1.46021,1.00,1.87
2016.05.16 19:11:32.297,1.45998,1.46022,1.00,1.87
2016.05.16 19:11:35.286,1.45998,1.46018,1.00,1.00
2016.05.16 19:11:36.152,1.45998,1.46018,1.00,1.37
2016.05.16 19:11:42.608,1.45998,1.46018,1.00,1.12
2016.05.16 19:11:46.037,1.45996,1.4602,2.25,1.37
2016.05.16 19:11:47.790,1.45998,1.46021,1.12,1.37
2016.05.16 19:11:49.172,1.45996,1.46021,1.87,1.37
2016.05.16 19:11:50.274,1.45997,1.4602,1.12,2.25
2016.05.16 19:11:50.571,1.45995,1.46016,1.50,1.37
2016.05.16 19:11:52.691,1.45996,1.46019,1.12,1.37
2016.05.16 19:11:53.879,1.45998,1.46021,1.87,2.62
2016.05.16 19:11:55.103,1.45998,1.46021,1.87,2.62
2016.05.16 19:11:56.372,1.45998,1.46021,1.87,2.62
2016.05.16 19:12:02.681,1.45999,1.46022,1.50,1.37
2016.05.16 19:12:12.385,1.46,1.46023,1.12,1.87
2016.05.16 19:12:14.670,1.46,1.46022,1.50,1.87
2016.05.16 19:12:15.331,1.46,1.46022,1.87,1.87
2016.05.16 19:12:16.917,1.46,1.46024,2.25,1.37
2016.05.16 19:12:17.019,1.46002,1.46024,1.75,1.37
2016.05.16 19:12:17.559,1.46003,1.46023,1.12,1.12
2016.05.16 19:12:19.509,1.46003,1.46022,1.12,1.37
2016.05.16 19:12:23.558,1.46002,1.46022,1.37,1.37
2016.05.16 19:12:23.609,1.46001,1.46022,1.50,1.37
2016.05.16 19:12:24.196,1.46001,1.46022,1.50,1.00
2016.05.16 19:12:24.701,1.46001,1.46021,1.50,1.00
2016.05.16 19:12:30.536,1.46,1.4602,2.62,1.00
2016.05.16 19:12:33.564,1.46,1.46021,1.87,1.12
2016.05.16 19:12:37.333,1.46,1.46022,1.87,1.12
2016.05.16 19:12:38.508,1.46,1.46022,1.87,1.37
2016.05.16 19:12:41.623,1.46,1.4602,2.62,1.00
2016.05.16 19:12:42.163,1.46,1.46023,2.62,1.87
2016.05.16 19:12:42.667,1.46,1.46023,2.62,1.87
2016.05.16 19:12:44.220,1.46002,1.46024,1.50,1.37
2016.05.16 19:12:44.321,1.46004,1.46024,1.50,1.00
2016.05.16 19:12:52.351,1.46003,1.46024,1.12,1.87
2016.05.16 19:12:53.458,1.46003,1.46025,1.20,1.37
2016.05.16 19:12:55.055,1.46002,1.46022,1.50,1.12
2016.05.16 19:12:55.106,1.46001,1.46022,1.20,1.12
2016.05.16 19:12:56.254,1.46003,1.46022,1.37,1.12
2016.05.16 19:12:56.760,1.46004,1.46022,1.12,1.00
2016.05.16 19:13:04.244,1.46004,1.46022,1.12,1.87
2016.05.16 19:13:06.932,1.46004,1.46022,1.12,1.12
2016.05.16 19:13:08.136,1.46004,1.46022,1.12,1.37
2016.05.16 19:13:10.654,1.46004,1.46022,1.12,1.12
2016.05.16 19:13:13.751,1.46004,1.46024,1.12,1.50
2016.05.16 19:13:13.802,1.46004,1.46027,1.75,2.62
2016.05.16 19:13:14.318,1.46005,1.46029,1.87,1.37
2016.05.16 19:13:15.154,1.46006,1.46029,1.50,1.12
2016.05.16 19:13:15.459,1.46005,1.46027,1.50,1.12
2016.05.16 19:13:15.676,1.46002,1.46027,1.87,1.50
2016.05.16 19:13:19.388,1.46002,1.46026,1.87,1.00
2016.05.16 19:13:21.983,1.46002,1.46025,1.12,1.00
2016.05.16 19:13:22.470,1.46002,1.46023,1.12,1.00
2016.05.16 19:13:22.571,1.46001,1.46023,1.00,1.12
2016.05.16 19:13:23.078,1.46,1.46023,1.00,1.12
2016.05.16 19:13:24.230,1.46,1.4602,1.00,1.00
2016.05.16 19:13:25.050,1.46,1.46021,1.00,1.00
2016.05.16 19:13:26.130,1.46,1.4602,1.00,1.00
2016.05.16 19:13:26.232,1.45995,1.46018,1.87,1.50
2016.05.16 19:13:26.334,1.45995,1.46018,1.00,2.25
2016.05.16 19:13:26.846,1.45994,1.46016,1.00,1.00
2016.05.16 19:13:28.283,1.45994,1.46015,1.00,1.00
2016.05.16 19:13:29.320,1.45994,1.46007,1.00,1.00
2016.05.16 19:13:29.422,1.45987,1.46006,1.12,1.50
2016.05.16 19:13:29.473,1.45984,1.46002,1.75,1.00
2016.05.16 19:13:29.525,1.45982,1.46002,1.50,1.37
2016.05.16 19:13:29.659,1.45979,1.46002,1.00,1.12
2016.05.16 19:13:29.715,1.45977,1.46002,1.50,2.62
2016.05.16 19:13:29.918,1.45977,1.45999,1.12,1.37
2016.05.16 19:13:30.599,1.45974,1.45998,1.57,1.37
2016.05.16 19:13:30.802,1.45974,1.45997,1.20,1.12
2016.05.16 19:13:31.990,1.45972,1.45997,1.95,1.12
2016.05.16 19:13:34.156,1.45972,1.45995,1.20,1.50
2016.05.16 19:13:34.562,1.45972,1.45996,1.75,1.50
2016.05.16 19:13:34.967,1.45974,1.45998,1.37,1.50
2016.05.16 19:13:35.858,1.45975,1.45999,1.37,1.87
2016.05.16 19:13:40.871,1.45974,1.45999,1.87,1.87
2016.05.16 19:13:41.176,1.45983,1.46002,3.00,1.12
2016.05.16 19:13:41.227,1.45984,1.46006,1.37,1.00
2016.05.16 19:13:41.328,1.45986,1.4601,1.37,1.87
2016.05.16 19:13:43.667,1.45987,1.4601,1.87,1.12
2016.05.16 19:13:43.819,1.45987,1.46013,1.57,2.62
2016.05.16 19:13:43.870,1.45988,1.46013,1.37,1.87
2016.05.16 19:13:44.079,1.4599,1.46013,1.12,1.00
2016.05.16 19:13:44.383,1.45988,1.46013,2.25,2.25
2016.05.16 19:13:47.829,1.45987,1.4601,1.50,1.00
2016.05.16 19:13:47.881,1.45986,1.46009,1.37,1.12
2016.05.16 19:13:47.983,1.45983,1.46008,1.00,1.75
2016.05.16 19:13:48.086,1.45981,1.46005,1.12,1.87
2016.05.16 19:13:48.392,1.45979,1.46003,1.37,1.12
2016.05.16 19:13:49.311,1.45979,1.46003,1.37,1.75
2016.05.16 19:13:50.391,1.45977,1.46001,1.50,1.00
2016.05.16 19:13:50.543,1.45976,1.45998,1.37,1.37
2016.05.16 19:13:50.646,1.45976,1.46001,1.37,2.25
2016.05.16 19:13:51.691,1.45976,1.46001,1.37,1.87
2016.05.16 19:13:52.605,1.45977,1.46001,1.12,1.75
2016.05.16 19:13:52.707,1.45975,1.45999,1.57,1.37
2016.05.16 19:13:53.229,1.45974,1.45998,1.50,1.12
2016.05.16 19:13:53.897,1.45975,1.45998,1.10,1.12
2016.05.16 19:13:53.960,1.45975,1.45998,1.37,1.12
2016.05.16 19:13:54.062,1.45975,1.46,1.87,1.50
2016.05.16 19:13:54.568,1.45975,1.45999,1.37,1.50
2016.05.16 19:14:00.458,1.45976,1.46,1.57,1.50
2016.05.16 19:14:00.509,1.45976,1.46001,1.57,1.50
2016.05.16 19:14:02.106,1.45976,1.46001,1.57,1.37
2016.05.16 19:14:02.982,1.45977,1.46002,3.37,1.12
2016.05.16 19:14:03.134,1.4598,1.46004,1.75,1.12
2016.05.16 19:14:07.231,1.45982,1.46006,1.37,1.50
2016.05.16 19:14:13.089,1.45982,1.46006,1.00,1.37
2016.05.16 19:14:13.935,1.45981,1.46006,1.10,1.37
2016.05.16 19:14:16.853,1.45982,1.46006,1.00,1.50
2016.05.16 19:14:17.778,1.4598,1.46006,1.12,2.25
2016.05.16 19:14:18.118,1.45978,1.46003,1.87,1.87
2016.05.16 19:14:18.423,1.45977,1.45999,1.00,1.37
2016.05.16 19:14:21.151,1.45975,1.45999,1.57,1.37
2016.05.16 19:14:21.489,1.45975,1.46001,2.32,1.75
2016.05.16 19:14:21.540,1.45975,1.46001,2.70,1.00
2016.05.16 19:14:43.155,1.45976,1.46001,1.12,1.50
2016.05.16 19:14:46.427,1.45976,1.46,1.12,1.37
2016.05.16 19:14:46.529,1.45975,1.45997,1.00,1.00
2016.05.16 19:14:46.631,1.45971,1.45997,1.57,1.87
2016.05.16 19:14:48.438,1.45972,1.45997,1.50,1.12
2016.05.16 19:14:48.540,1.45973,1.45998,1.12,1.12
2016.05.16 19:14:50.663,1.45976,1.46001,1.37,1.12
2016.05.16 19:14:50.714,1.45976,1.46002,1.37,1.87
2016.05.16 19:14:51.495,1.45979,1.46002,1.00,1.87
2016.05.16 19:14:51.831,1.45983,1.46005,1.00,1.00
2016.05.16 19:14:54.736,1.45983,1.46006,1.50,1.12
2016.05.16 19:14:56.375,1.4598,1.46006,4.20,1.12
2016.05.16 19:14:56.426,1.4598,1.46006,2.32,1.75
2016.05.16 19:14:56.730,1.45977,1.46003,2.25,1.87
2016.05.16 19:14:56.781,1.45977,1.46003,1.50,2.25
2016.05.16 19:14:56.934,1.45978,1.46003,1.00,1.87
2016.05.16 19:14:56.985,1.4598,1.46004,2.25,1.12
2016.05.16 19:14:57.565,1.45981,1.46006,1.37,1.12
2016.05.16 19:14:58.156,1.45981,1.46007,1.37,1.12
2016.05.16 19:14:58.507,1.4598,1.46005,1.00,1.87
2016.05.16 19:14:58.559,1.4598,1.46005,1.00,2.25
2016.05.16 19:14:59.222,1.45979,1.46003,1.00,1.37
2016.05.16 19:14:59.461,1.45979,1.46003,3.00,1.37
2016.05.16 19:14:59.512,1.45979,1.46003,3.37,1.37
2016.05.16 19:14:59.837,1.45982,1.46005,1.12,1.37
2016.05.16 19:15:00.749,1.45985,1.46005,1.00,1.00
2016.05.16 19:15:00.850,1.45985,1.4601,2.25,1.37
2016.05.16 19:15:02.319,1.45983,1.46009,3.07,1.87
2016.05.16 19:15:02.370,1.45983,1.46009,2.70,2.62
2016.05.16 19:15:03.625,1.45982,1.46008,1.87,1.37
2016.05.16 19:15:04.747,1.45982,1.46008,1.87,4.12
2016.05.16 19:15:08.200,1.4598,1.46005,1.87,2.62
2016.05.16 19:15:08.988,1.4598,1.46003,1.12,1.50
2016.05.16 19:15:10.320,1.45978,1.46002,1.50,1.00
2016.05.16 19:15:16.210,1.45978,1.46003,1.50,2.62
2016.05.16 19:15:16.664,1.45978,1.46002,1.50,1.50
2016.05.16 19:15:17.186,1.45976,1.46001,1.50,2.25
2016.05.16 19:15:17.711,1.45976,1.46001,1.37,1.87
2016.05.16 19:15:19.952,1.45976,1.46001,1.75,1.87
2016.05.16 19:15:21.358,1.45977,1.46001,1.75,1.12
2016.05.16 19:15:21.511,1.4598,1.46005,1.50,1.87
2016.05.16 19:15:21.663,1.45981,1.46007,1.12,1.37
2016.05.16 19:15:21.844,1.45981,1.46007,1.75,1.50
2016.05.16 19:15:22.449,1.45981,1.46005,1.12,1.50
2016.05.16 19:15:22.550,1.45981,1.46002,1.37,1.00
2016.05.16 19:15:23.059,1.45977,1.46003,2.25,1.37
2016.05.16 19:15:28.528,1.45981,1.46003,1.00,1.00
2016.05.16 19:15:29.007,1.45981,1.46005,1.12,1.12
2016.05.16 19:15:29.514,1.45982,1.46008,1.87,2.25
2016.05.16 19:15:30.863,1.45984,1.46009,1.87,2.62
2016.05.16 19:15:30.925,1.45986,1.46009,1.00,1.12
2016.05.16 19:15:31.229,1.45987,1.46013,1.37,2.62
2016.05.16 19:15:31.872,1.45987,1.46013,2.62,1.50
2016.05.16 19:15:31.974,1.45989,1.46015,1.87,2.62
2016.05.16 19:15:32.126,1.45989,1.46015,1.37,2.25
2016.05.16 19:15:32.510,1.45988,1.46011,1.12,1.00
2016.05.16 19:15:32.561,1.45988,1.46012,1.00,1.12
2016.05.16 19:15:32.925,1.45985,1.46008,2.62,1.37
2016.05.16 19:15:33.230,1.45983,1.46006,1.12,1.00
2016.05.16 19:15:33.450,1.45983,1.46006,1.87,1.00
2016.05.16 19:15:34.000,1.45984,1.46008,1.12,1.37
2016.05.16 19:15:34.329,1.45984,1.46008,1.12,1.37
2016.05.16 19:15:35.627,1.45984,1.46008,1.87,1.37
2016.05.16 19:15:36.858,1.45984,1.46008,1.87,1.37
2016.05.16 19:15:37.112,1.45983,1.46007,1.50,1.12
2016.05.16 19:15:52.773,1.45983,1.46007,1.00,1.12
2016.05.16 19:15:53.976,1.45983,1.46007,1.00,1.12
2016.05.16 19:15:54.365,1.45983,1.46007,2.62,1.37
2016.05.16 19:15:58.882,1.45983,1.46007,1.12,1.37
2016.05.16 19:16:00.089,1.45983,1.46007,1.12,1.37
2016.05.16 19:16:03.048,1.4598,1.46006,1.99,2.25
2016.05.16 19:16:03.099,1.4598,1.46004,1.87,1.37
2016.05.16 19:16:03.606,1.45979,1.46001,1.53,1.00
2016.05.16 19:16:07.599,1.45979,1.46003,1.99,1.87
2016.05.16 19:16:14.534,1.4598,1.46001,1.37,1.00
2016.05.16 19:16:27.541,1.4598,1.46002,2.25,1.16
2016.05.16 19:16:27.846,1.45984,1.46002,1.00,1.00
2016.05.16 19:16:28.099,1.45982,1.46002,1.12,1.00
2016.05.16 19:16:28.442,1.45983,1.46006,1.00,1.24
2016.05.16 19:16:28.493,1.45984,1.46008,1.37,1.87
2016.05.16 19:16:28.747,1.4599,1.46013,1.12,1.16
2016.05.16 19:16:28.798,1.4599,1.46013,1.37,1.00
2016.05.16 19:16:29.052,1.45992,1.46016,1.37,2.37
2016.05.16 19:16:29.103,1.45991,1.46016,1.12,1.62
2016.05.16 19:16:29.306,1.4599,1.46014,1.00,1.24
2016.05.16 19:16:30.293,1.45989,1.46014,1.87,1.99
2016.05.16 19:16:31.775,1.4599,1.46014,1.00,1.99
2016.05.16 19:16:34.500,1.45989,1.46014,1.87,1.99
2016.05.16 19:16:35.041,1.45989,1.46013,1.87,1.00
2016.05.16 19:16:35.849,1.4599,1.46013,1.00,1.16
2016.05.16 19:16:36.365,1.45991,1.46013,1.00,1.16
2016.05.16 19:16:37.944,1.45991,1.46013,1.37,1.00
2016.05.16 19:16:38.096,1.45994,1.46016,1.00,1.00
2016.05.16 19:16:40.625,1.45993,1.46016,1.50,1.12
2016.05.16 19:16:45.250,1.45993,1.46018,1.87,1.00
2016.05.16 19:16:46.447,1.45994,1.46019,1.50,2.25
2016.05.16 19:16:47.075,1.45994,1.46012,1.00,1.00
2016.05.16 19:16:47.380,1.45984,1.46005,1.00,1.87
2016.05.16 19:16:47.685,1.45989,1.46008,1.12,1.00
2016.05.16 19:16:47.888,1.45986,1.46008,1.75,1.00
2016.05.16 19:16:47.939,1.45987,1.46007,1.37,1.75
2016.05.16 19:16:48.091,1.45983,1.46005,1.50,1.50
2016.05.16 19:16:48.244,1.45984,1.46003,1.87,1.00
2016.05.16 19:16:48.397,1.45982,1.46003,1.87,1.00
2016.05.16 19:16:50.542,1.45982,1.46001,1.37,1.00
2016.05.16 19:16:50.745,1.4598,1.46,1.37,1.00
2016.05.16 19:16:50.796,1.45979,1.46,1.37,1.00
2016.05.16 19:16:53.137,1.45979,1.46004,1.87,1.87
2016.05.16 19:16:53.406,1.45981,1.46005,1.87,1.37
2016.05.16 19:16:53.762,1.45984,1.46009,1.50,1.37
2016.05.16 19:16:53.863,1.45987,1.4601,1.37,1.00
2016.05.16 19:16:53.965,1.45989,1.46012,1.37,1.12
2016.05.16 19:16:54.118,1.4599,1.46013,1.12,1.00
2016.05.16 19:16:54.271,1.45991,1.46015,1.12,1.50
2016.05.16 19:16:54.778,1.45992,1.46017,1.87,1.87
2016.05.16 19:16:55.404,1.45992,1.46016,1.12,1.00
2016.05.16 19:16:56.023,1.45991,1.46007,1.12,1.00
2016.05.16 19:16:56.277,1.45978,1.46001,1.20,1.12
2016.05.16 19:16:56.683,1.45977,1.45999,1.37,1.00
2016.05.16 19:17:03.489,1.45977,1.46,1.87,1.00
2016.05.16 19:17:04.897,1.45977,1.46,1.87,1.37
2016.05.16 19:17:05.886,1.45977,1.46,1.87,1.50
2016.05.16 19:17:06.600,1.45986,1.46,1.00,1.50
2016.05.16 19:17:07.362,1.45986,1.46,1.00,1.12
2016.05.16 19:17:11.136,1.45986,1.46,1.00,1.87
2016.05.16 19:17:11.799,1.45985,1.45999,1.00,1.12
2016.05.16 19:17:12.103,1.45989,1.46001,1.00,2.25
2016.05.16 19:17:13.709,1.45989,1.46,1.00,1.00
2016.05.16 19:17:14.320,1.45989,1.45998,1.00,1.00
2016.05.16 19:17:14.623,1.45987,1.45998,1.00,1.00
2016.05.16 19:17:16.126,1.45987,1.46003,1.00,2.62
2016.05.16 19:17:16.228,1.45989,1.46003,1.00,1.37
2016.05.16 19:17:16.482,1.45992,1.46006,1.00,1.12
2016.05.16 19:17:16.584,1.45995,1.46008,1.00,1.37
2016.05.16 19:17:16.737,1.45995,1.46009,1.00,1.00
2016.05.16 19:17:16.788,1.45998,1.46009,1.00,1.00
2016.05.16 19:17:17.123,1.45995,1.46008,1.00,1.37
2016.05.16 19:17:17.739,1.45997,1.4601,1.00,1.50
2016.05.16 19:17:19.074,1.45997,1.4601,1.00,1.00
2016.05.16 19:17:20.123,1.45991,1.46013,1.00,1.50
2016.05.16 19:17:20.174,1.45991,1.46006,1.00,1.37
2016.05.16 19:17:20.277,1.45988,1.46004,1.87,1.75
2016.05.16 19:17:20.328,1.45988,1.46,1.00,1.00
2016.05.16 19:17:20.936,1.45988,1.46002,1.00,1.50
2016.05.16 19:17:21.235,1.45991,1.46003,1.00,1.50
2016.05.16 19:17:21.579,1.45999,1.46011,1.00,1.00
2016.05.16 19:17:21.681,1.45999,1.46011,1.00,1.37
2016.05.16 19:17:25.836,1.45996,1.46009,1.00,1.00
2016.05.16 19:17:25.888,1.45991,1.46009,1.00,1.87
2016.05.16 19:17:25.940,1.45984,1.45999,1.87,1.00
2016.05.16 19:17:25.991,1.45982,1.45997,1.75,1.75
2016.05.16 19:17:26.042,1.45976,1.45993,1.37,1.50
2016.05.16 19:17:26.144,1.45975,1.45988,1.00,1.00
2016.05.16 19:17:26.296,1.45978,1.4599,1.00,1.12
2016.05.16 19:17:27.246,1.45978,1.45991,1.00,1.37
2016.05.16 19:17:29.727,1.45981,1.45993,1.00,1.87
2016.05.16 19:17:29.778,1.45983,1.45995,1.00,1.50
2016.05.16 19:17:29.880,1.45986,1.45996,1.00,1.00
2016.05.16 19:17:29.982,1.45986,1.46,1.00,1.50
2016.05.16 19:17:30.952,1.45989,1.46002,1.00,1.75
2016.05.16 19:17:31.156,1.45989,1.46003,1.00,1.87
2016.05.16 19:17:33.395,1.45986,1.46002,1.00,1.37
2016.05.16 19:17:33.496,1.45986,1.46002,1.00,1.50
2016.05.16 19:17:34.684,1.45986,1.46001,1.00,1.37
2016.05.16 19:17:35.153,1.45986,1.46,1.00,1.37
2016.05.16 19:17:35.361,1.45983,1.45998,1.00,1.50
2016.05.16 19:17:38.762,1.45983,1.45997,1.00,1.50
2016.05.16 19:17:38.813,1.45981,1.45997,1.00,1.50
2016.05.16 19:17:42.356,1.45981,1.45996,1.00,1.75
2016.05.16 19:17:42.630,1.45977,1.45992,1.00,1.00
2016.05.16 19:17:42.682,1.45977,1.45992,1.00,1.37
2016.05.16 19:17:43.190,1.45977,1.45993,1.00,1.37
2016.05.16 19:17:43.241,1.4598,1.45993,1.00,1.37
2016.05.16 19:17:43.292,1.4598,1.45994,1.00,1.87
2016.05.16 19:17:43.445,1.45982,1.45995,1.00,1.50
2016.05.16 19:17:49.296,1.45982,1.45996,1.00,1.37
2016.05.16 19:17:51.698,1.45982,1.45996,1.00,1.37
2016.05.16 19:17:53.983,1.45982,1.45997,1.00,1.87
2016.05.16 19:17:55.106,1.45982,1.45998,1.00,1.87
2016.05.16 19:17:56.651,1.45978,1.45994,1.00,1.75
2016.05.16 19:17:56.704,1.45981,1.45994,1.00,1.75
2016.05.16 19:17:56.755,1.45978,1.45994,1.00,1.75
2016.05.16 19:17:56.807,1.45978,1.45993,1.00,1.37
2016.05.16 19:17:56.909,1.4598,1.45992,1.00,1.12
2016.05.16 19:17:57.061,1.45983,1.45995,1.00,1.37
2016.05.16 19:17:58.002,1.45983,1.45997,1.00,1.50
2016.05.16 19:17:59.216,1.45983,1.45997,1.00,1.50
2016.05.16 19:18:00.308,1.45983,1.45997,1.00,1.50
2016.05.16 19:18:01.129,1.45985,1.45998,1.00,1.37
2016.05.16 19:18:01.180,1.45985,1.45999,1.00,1.37
2016.05.16 19:18:05.166,1.45978,1.45996,1.50,1.50
2016.05.16 19:18:05.217,1.45979,1.45995,1.00,1.37
2016.05.16 19:18:05.470,1.45976,1.4599,1.00,1.37
2016.05.16 19:18:06.485,1.45976,1.45984,1.00,1.00
2016.05.16 19:18:06.536,1.45973,1.45984,1.00,1.00
2016.05.16 19:18:06.637,1.45973,1.45986,1.00,1.00
2016.05.16 19:18:10.554,1.45973,1.45988,1.00,1.37
2016.05.16 19:18:10.655,1.45978,1.45991,1.00,1.12
2016.05.16 19:18:10.706,1.4598,1.45992,1.00,1.12
2016.05.16 19:18:10.808,1.4598,1.45994,1.00,1.37
2016.05.16 19:18:10.859,1.45983,1.45994,1.00,1.37
2016.05.16 19:18:11.898,1.45983,1.45997,1.00,1.37
2016.05.16 19:18:12.613,1.45979,1.45995,1.00,1.50
2016.05.16 19:18:12.715,1.45979,1.45995,1.00,1.50
2016.05.16 19:18:14.564,1.45981,1.45995,1.00,1.50
2016.05.16 19:18:14.868,1.45981,1.45995,1.00,1.87
2016.05.16 19:18:16.112,1.45981,1.45994,1.00,1.12
2016.05.16 19:18:16.467,1.45984,1.45996,1.00,1.87
2016.05.16 19:18:16.518,1.4598,1.45995,1.00,1.00
2016.05.16 19:18:16.671,1.45974,1.45997,2.25,1.37
2016.05.16 19:18:16.722,1.45977,1.45993,1.00,1.12
2016.05.16 19:18:16.824,1.45974,1.45997,1.12,1.37
2016.05.16 19:18:16.959,1.45977,1.45997,1.00,1.37
2016.05.16 19:18:17.010,1.45977,1.46,1.12,1.12
2016.05.16 19:18:17.314,1.45975,1.45999,1.12,1.37
2016.05.16 19:18:18.131,1.45975,1.46,1.87,1.50
2016.05.16 19:18:18.233,1.45975,1.45998,1.12,1.37
2016.05.16 19:18:18.284,1.45973,1.45997,1.10,1.12
2016.05.16 19:18:19.870,1.45971,1.4599,1.87,1.00
2016.05.16 19:18:20.123,1.45964,1.45988,1.12,1.87
2016.05.16 19:18:21.138,1.45964,1.45987,1.87,1.37
2016.05.16 19:18:22.489,1.45964,1.45986,1.12,2.25
2016.05.16 19:18:22.692,1.4596,1.45983,1.12,2.25
2016.05.16 19:18:22.794,1.45957,1.4598,1.50,1.87
2016.05.16 19:18:23.386,1.45954,1.45979,2.62,1.37
2016.05.16 19:18:31.466,1.45955,1.45979,1.87,1.37
2016.05.16 19:18:31.972,1.45956,1.45981,1.12,3.37
2016.05.16 19:18:32.479,1.45955,1.45978,1.50,1.12
2016.05.16 19:18:32.530,1.45955,1.45978,1.50,1.75
2016.05.16 19:18:33.035,1.45954,1.45978,1.50,1.75
2016.05.16 19:18:33.339,1.45951,1.4597,1.12,1.37
2016.05.16 19:18:33.492,1.4595,1.4597,1.00,1.50
2016.05.16 19:18:33.594,1.45948,1.45968,1.00,1.00
2016.05.16 19:18:33.849,1.45946,1.4597,1.75,1.50
2016.05.16 19:18:33.900,1.45945,1.45968,1.87,1.37
2016.05.16 19:18:34.103,1.45944,1.45968,1.00,1.87
2016.05.16 19:18:34.334,1.45944,1.45969,1.50,2.62
2016.05.16 19:18:34.848,1.45945,1.4597,1.37,1.50
2016.05.16 19:18:35.110,1.45943,1.45966,1.12,1.50
2016.05.16 19:18:35.313,1.45941,1.45962,1.50,1.37
2016.05.16 19:18:37.318,1.45942,1.45964,1.00,1.00
2016.05.16 19:18:37.369,1.45949,1.45964,1.00,1.00
2016.05.16 19:18:37.420,1.4595,1.45969,1.00,1.87
2016.05.16 19:18:37.522,1.4595,1.45971,3.37,1.00
2016.05.16 19:18:37.623,1.45951,1.45977,2.25,1.87
2016.05.16 19:18:38.010,1.45954,1.45979,1.37,1.50
2016.05.16 19:18:38.920,1.45954,1.4598,1.37,1.12
2016.05.16 19:18:39.104,1.45954,1.45981,1.37,2.11
2016.05.16 19:18:39.517,1.45954,1.45971,1.37,1.00
2016.05.16 19:18:39.618,1.45951,1.4597,1.20,1.00
2016.05.16 19:18:39.669,1.4595,1.4597,1.12,1.87
2016.05.16 19:18:39.853,1.45944,1.45966,1.00,1.12
2016.05.16 19:18:39.956,1.45944,1.45968,1.12,1.87
2016.05.16 19:18:40.109,1.45947,1.45968,1.00,1.87
2016.05.16 19:18:40.211,1.45947,1.45968,1.00,1.12
2016.05.16 19:18:40.756,1.45946,1.45968,1.00,1.12
2016.05.16 19:18:41.292,1.45947,1.45968,1.00,1.12
2016.05.16 19:18:42.031,1.45949,1.4597,1.50,1.12
2016.05.16 19:18:42.234,1.45953,1.45977,1.50,1.12
2016.05.16 19:18:43.884,1.45954,1.45976,1.00,1.00
2016.05.16 19:18:44.407,1.45954,1.45977,1.00,1.12
2016.05.16 19:18:46.708,1.45954,1.45966,1.00,1.00
2016.05.16 19:18:46.963,1.45941,1.45956,1.00,1.00
2016.05.16 19:18:47.167,1.45938,1.45959,1.87,1.00
2016.05.16 19:18:47.421,1.45936,1.45958,1.37,1.00
2016.05.16 19:18:47.623,1.45936,1.45956,1.37,1.00
2016.05.16 19:18:47.776,1.45935,1.45958,2.70,1.00
2016.05.16 19:18:50.144,1.45938,1.4596,1.00,1.69
2016.05.16 19:18:50.335,1.45938,1.45962,1.12,1.50
2016.05.16 19:18:50.538,1.45941,1.45964,1.00,1.50
2016.05.16 19:18:52.704,1.45939,1.45964,1.50,1.50
2016.05.16 19:18:53.016,1.45939,1.4596,1.00,1.00
2016.05.16 19:18:53.320,1.45936,1.45955,1.00,1.00
2016.05.16 19:18:53.523,1.45933,1.45955,1.50,1.00
2016.05.16 19:18:54.974,1.45932,1.45954,1.12,1.00
2016.05.16 19:19:01.866,1.45934,1.45954,1.37,1.00
2016.05.16 19:19:01.917,1.45935,1.45956,1.87,1.00
2016.05.16 19:19:01.969,1.45935,1.45959,1.87,1.12
2016.05.16 19:19:02.070,1.45938,1.45959,1.37,1.00
2016.05.16 19:19:02.223,1.45939,1.45961,1.00,1.87
2016.05.16 19:19:03.138,1.45941,1.45961,1.00,1.12
2016.05.16 19:19:04.630,1.45941,1.45959,1.00,1.24
2016.05.16 19:19:04.681,1.45939,1.45957,1.00,1.00
2016.05.16 19:19:04.783,1.45935,1.45954,3.00,1.00
2016.05.16 19:19:04.834,1.45935,1.45954,1.12,1.00
2016.05.16 19:19:05.400,1.45934,1.45955,1.87,1.00
2016.05.16 19:19:09.035,1.45934,1.45956,1.37,1.50
2016.05.16 19:19:09.192,1.45936,1.45958,1.37,1.00
2016.05.16 19:19:09.821,1.45938,1.45961,1.12,1.37
2016.05.16 19:19:10.125,1.45941,1.45962,1.00,1.37
2016.05.16 19:19:10.278,1.45941,1.45962,1.00,1.00
2016.05.16 19:19:12.152,1.45944,1.45962,1.00,1.00
2016.05.16 19:19:12.722,1.45944,1.45957,1.00,1.00
2016.05.16 19:19:12.978,1.45934,1.45953,1.00,1.50
2016.05.16 19:19:13.111,1.45934,1.4595,1.00,1.12
2016.05.16 19:19:13.315,1.45926,1.45949,1.00,1.12
2016.05.16 19:19:13.822,1.45926,1.45945,1.00,1.00
2016.05.16 19:19:17.162,1.45926,1.45949,1.12,1.37
2016.05.16 19:19:17.348,1.45927,1.45953,1.12,3.37
2016.05.16 19:19:17.399,1.45928,1.45953,1.37,2.62
2016.05.16 19:19:17.450,1.45928,1.45952,1.00,1.50
2016.05.16 19:19:17.978,1.45929,1.45952,1.00,1.12
2016.05.16 19:19:19.022,1.45933,1.45952,1.00,1.12
2016.05.16 19:19:19.329,1.4594,1.45963,1.00,2.62
2016.05.16 19:19:19.956,1.4594,1.45951,1.00,1.12
2016.05.16 19:19:20.211,1.45923,1.45945,1.50,1.12
2016.05.16 19:19:21.579,1.45927,1.45947,1.00,1.12
2016.05.16 19:19:21.681,1.45927,1.45948,1.12,1.00
2016.05.16 19:19:21.782,1.4593,1.45951,1.00,1.87
2016.05.16 19:19:22.441,1.45928,1.45951,1.00,1.87
2016.05.16 19:19:23.017,1.4593,1.45949,1.00,1.12
2016.05.16 19:19:23.169,1.45932,1.45953,1.00,1.00
2016.05.16 19:19:23.271,1.45932,1.45953,1.50,1.00
2016.05.16 19:19:23.322,1.45932,1.45955,1.50,1.12
2016.05.16 19:19:23.843,1.45935,1.45958,1.12,1.95
2016.05.16 19:19:25.374,1.45935,1.45947,1.12,1.00
2016.05.16 19:19:25.578,1.45922,1.45945,3.75,2.25
2016.05.16 19:19:25.680,1.45921,1.45945,1.37,2.25
2016.05.16 19:19:25.782,1.45921,1.45941,1.37,1.00
2016.05.16 19:19:26.479,1.45921,1.45939,1.37,1.00
2016.05.16 19:19:26.682,1.45921,1.45941,1.37,1.50
2016.05.16 19:19:27.231,1.45921,1.4594,1.37,1.00
2016.05.16 19:19:28.036,1.45921,1.45939,1.37,1.00
2016.05.16 19:19:28.442,1.45921,1.45942,1.37,1.50
2016.05.16 19:19:28.594,1.45925,1.45945,1.12,1.00
2016.05.16 19:19:28.696,1.45925,1.45949,1.12,1.87
2016.05.16 19:19:28.798,1.45928,1.45949,1.12,1.50
2016.05.16 19:19:28.899,1.45928,1.45949,1.00,1.50
2016.05.16 19:19:29.001,1.45928,1.45949,1.87,1.00
2016.05.16 19:19:29.103,1.45928,1.45952,1.87,1.50
2016.05.16 19:19:29.205,1.4593,1.45952,1.37,1.50
2016.05.16 19:19:34.067,1.45932,1.45951,1.12,1.37
2016.05.16 19:19:34.169,1.45929,1.45948,1.37,1.50
2016.05.16 19:19:34.221,1.45929,1.45944,1.00,1.00
2016.05.16 19:19:34.323,1.45925,1.45944,1.00,1.50
2016.05.16 19:19:34.830,1.45925,1.45943,1.00,1.00
2016.05.16 19:19:35.235,1.45923,1.45944,1.12,1.50
2016.05.16 19:19:49.072,1.45923,1.45946,1.50,1.87
2016.05.16 19:19:49.124,1.45927,1.45947,1.12,1.00
2016.05.16 19:19:49.428,1.45927,1.4595,2.25,1.00
2016.05.16 19:19:49.479,1.4593,1.4595,1.00,1.00
2016.05.16 19:19:50.009,1.4593,1.45951,1.00,1.00
2016.05.16 19:19:50.398,1.4593,1.45952,1.00,1.12
2016.05.16 19:19:50.499,1.4593,1.45953,1.12,2.25
2016.05.16 19:19:50.703,1.4593,1.45952,1.00,1.12
2016.05.16 19:19:51.963,1.45931,1.45952,1.00,1.12
2016.05.16 19:19:52.116,1.45935,1.45958,1.00,1.50
2016.05.16 19:19:53.089,1.45935,1.45958,1.12,1.00
2016.05.16 19:19:53.141,1.45938,1.45961,1.00,1.87
2016.05.16 19:19:53.472,1.45942,1.45965,1.00,2.62
2016.05.16 19:19:54.893,1.45945,1.45965,1.00,1.87
2016.05.16 19:19:55.655,1.45945,1.45965,1.00,2.25
2016.05.16 19:19:56.254,1.45945,1.45965,1.00,1.87
2016.05.16 19:19:56.559,1.45953,1.45971,1.00,1.00
2016.05.16 19:19:56.661,1.45953,1.45973,1.00,1.00
2016.05.16 19:19:57.474,1.45953,1.45973,1.37,1.00
2016.05.16 19:19:57.576,1.45953,1.45975,1.37,1.87
2016.05.16 19:19:58.102,1.45955,1.45976,1.12,1.87
2016.05.16 19:19:58.305,1.45955,1.45973,1.12,1.00
2016.05.16 19:19:58.610,1.45955,1.45971,1.12,1.00
2016.05.16 19:20:02.973,1.45955,1.45974,1.12,2.25
2016.05.16 19:20:03.981,1.45955,1.45974,1.12,2.25
2016.05.16 19:20:04.993,1.45955,1.45974,1.12,1.50
2016.05.16 19:20:05.044,1.45955,1.45974,1.12,1.50
2016.05.16 19:20:05.096,1.45955,1.45974,1.12,1.50
2016.05.16 19:20:08.065,1.45955,1.45974,1.12,1.75
2016.05.16 19:20:09.248,1.45955,1.45974,1.12,1.50
2016.05.16 19:20:13.121,1.45955,1.45974,1.12,1.12
2016.05.16 19:20:13.223,1.45955,1.45974,1.50,1.12
2016.05.16 19:20:13.325,1.45957,1.45978,1.12,1.12
2016.05.16 19:20:13.429,1.4596,1.45979,1.12,1.12
2016.05.16 19:20:13.936,1.4596,1.4598,1.12,1.12
2016.05.16 19:20:14.466,1.4596,1.45981,1.12,1.00
2016.05.16 19:20:18.468,1.4596,1.45977,1.12,1.00
2016.05.16 19:20:18.772,1.4596,1.45975,1.12,1.00
2016.05.16 19:20:25.182,1.45956,1.45975,1.12,1.00
2016.05.16 19:20:30.139,1.45958,1.45977,1.00,1.00
2016.05.16 19:20:30.291,1.45962,1.45984,1.00,1.37
2016.05.16 19:20:31.319,1.45962,1.45982,1.00,1.00
2016.05.16 19:20:36.381,1.45962,1.45984,1.00,1.50
2016.05.16 19:20:47.330,1.45962,1.45984,1.37,1.87
2016.05.16 19:20:47.381,1.45968,1.45984,1.00,1.12
2016.05.16 19:20:47.483,1.45969,1.45987,1.50,1.00
2016.05.16 19:20:47.534,1.4597,1.4599,1.50,1.00
2016.05.16 19:20:47.585,1.4597,1.45992,2.25,1.00
2016.05.16 19:20:47.637,1.45973,1.45995,1.12,1.50
2016.05.16 19:20:47.890,1.45973,1.45997,1.50,1.95
2016.05.16 19:20:48.093,1.45973,1.45996,1.12,1.50
2016.05.16 19:20:51.102,1.4597,1.45993,1.50,1.50
2016.05.16 19:20:51.245,1.45968,1.45989,1.87,1.00
2016.05.16 19:20:51.296,1.45968,1.45989,1.00,1.50
2016.05.16 19:20:51.600,1.45968,1.45987,1.00,1.12
2016.05.16 19:20:52.262,1.45964,1.45987,1.12,1.12
2016.05.16 19:20:54.327,1.45964,1.45983,1.00,1.37
2016.05.16 19:20:54.429,1.45958,1.4598,1.12,1.00
2016.05.16 19:20:54.530,1.45962,1.4598,1.00,1.37
2016.05.16 19:20:54.835,1.45958,1.45981,1.00,1.75
2016.05.16 19:21:01.581,1.45958,1.4598,1.00,2.62
2016.05.16 19:21:01.757,1.45955,1.45977,1.87,1.87
2016.05.16 19:21:02.264,1.45955,1.45976,1.00,1.75
2016.05.16 19:21:08.988,1.45951,1.45976,2.62,2.25
2016.05.16 19:21:10.583,1.45951,1.45975,1.87,1.37
2016.05.16 19:21:15.343,1.45961,1.45975,1.00,1.37
2016.05.16 19:21:15.445,1.45963,1.4598,1.37,1.87
2016.05.16 19:21:15.496,1.45965,1.4598,1.37,1.37
2016.05.16 19:21:15.547,1.45966,1.45989,1.12,2.25
2016.05.16 19:21:15.699,1.45966,1.45991,1.87,1.12
2016.05.16 19:21:16.789,1.45968,1.45991,1.87,1.12
2016.05.16 19:21:20.056,1.45968,1.45991,1.00,1.12
2016.05.16 19:21:21.394,1.45968,1.45991,1.37,1.12
2016.05.16 19:21:25.135,1.45969,1.45994,1.00,3.00
2016.05.16 19:21:26.840,1.45972,1.45994,1.50,1.12
2016.05.16 19:21:27.145,1.45974,1.45999,1.87,1.87
2016.05.16 19:21:29.688,1.45974,1.45997,1.50,1.12
2016.05.16 19:21:31.065,1.45974,1.45997,1.87,1.12
2016.05.16 19:21:31.502,1.45974,1.45996,1.37,1.12
2016.05.16 19:21:31.605,1.45974,1.45996,1.50,1.12
2016.05.16 19:21:33.175,1.45974,1.45997,1.37,1.37
2016.05.16 19:21:33.813,1.45974,1.45997,1.00,2.25
2016.05.16 19:21:34.204,1.45974,1.45995,1.00,1.37
2016.05.16 19:21:35.431,1.45974,1.45994,1.00,1.37
2016.05.16 19:21:35.482,1.45971,1.45995,1.37,1.87
2016.05.16 19:21:35.533,1.45971,1.45995,1.37,1.12
2016.05.16 19:21:40.013,1.45976,1.45994,1.00,1.00
2016.05.16 19:21:40.064,1.45976,1.45998,1.00,3.37
2016.05.16 19:21:40.310,1.45979,1.46001,1.37,1.87
2016.05.16 19:21:40.361,1.45979,1.46001,1.87,1.00
2016.05.16 19:21:40.463,1.45979,1.46003,1.87,1.00
2016.05.16 19:21:41.012,1.45979,1.46005,2.62,2.62
2016.05.16 19:21:42.003,1.45982,1.46004,1.75,1.12
2016.05.16 19:21:42.156,1.45983,1.46007,1.12,1.12
2016.05.16 19:21:42.207,1.45982,1.46007,2.25,1.12
2016.05.16 19:21:42.258,1.45982,1.46006,1.50,1.12
2016.05.16 19:21:43.096,1.45982,1.46005,1.37,1.50
2016.05.16 19:21:43.148,1.45979,1.46004,2.25,1.12
2016.05.16 19:21:43.300,1.45979,1.46001,1.37,1.00
2016.05.16 19:21:43.476,1.45979,1.46001,1.12,1.87
2016.05.16 19:21:43.781,1.45977,1.46,1.12,1.50
2016.05.16 19:21:43.883,1.45977,1.45998,1.12,1.37
2016.05.16 19:21:44.187,1.45977,1.45998,1.37,1.37
2016.05.16 19:21:45.593,1.45977,1.45998,1.12,1.37
2016.05.16 19:21:45.695,1.45979,1.45998,1.37,1.37
2016.05.16 19:21:45.898,1.45983,1.46005,1.37,1.00
2016.05.16 19:21:45.949,1.45983,1.46007,1.37,1.12
2016.05.16 19:21:46.507,1.45986,1.46008,1.37,1.37
2016.05.16 19:21:50.524,1.45986,1.46008,1.37,1.50
2016.05.16 19:21:57.936,1.4599,1.46009,1.00,1.75
2016.05.16 19:21:58.089,1.45991,1.46016,1.87,1.00
2016.05.16 19:21:58.292,1.45992,1.46016,1.00,1.00
2016.05.16 19:21:58.495,1.45992,1.46013,1.00,1.00
2016.05.16 19:22:00.033,1.45991,1.46013,1.12,1.12
2016.05.16 19:22:00.344,1.45991,1.46012,1.00,1.87
2016.05.16 19:22:04.366,1.45992,1.46012,1.00,1.75
2016.05.16 19:22:04.519,1.45995,1.46016,1.00,1.37
2016.05.16 19:22:05.025,1.45995,1.46019,1.00,1.75
2016.05.16 19:22:05.228,1.45997,1.46019,1.00,1.75
2016.05.16 19:22:05.946,1.45997,1.46019,1.00,1.75
2016.05.16 19:22:06.814,1.45995,1.46018,1.00,1.37
2016.05.16 19:22:07.362,1.45995,1.46018,1.00,1.87
2016.05.16 19:22:12.437,1.45995,1.46019,1.00,3.37
2016.05.16 19:22:12.691,1.45998,1.46019,1.00,1.12
2016.05.16 19:22:13.549,1.45998,1.46018,1.00,1.00
2016.05.16 19:22:14.158,1.45998,1.46018,1.00,1.37
2016.05.16 19:22:23.053,1.45998,1.46017,1.00,1.37
2016.05.16 19:22:24.626,1.45995,1.46017,1.00,2.25
2016.05.16 19:22:30.436,1.45995,1.46019,1.50,1.87
2016.05.16 19:22:30.944,1.45995,1.46018,1.50,1.12
2016.05.16 19:22:43.902,1.45995,1.46016,1.50,1.37
2016.05.16 19:22:46.114,1.45995,1.46017,1.50,1.37
2016.05.16 19:22:47.460,1.45995,1.46018,1.12,1.87
2016.05.16 19:22:59.784,1.45993,1.46017,1.12,2.25
2016.05.16 19:23:00.090,1.45992,1.46016,1.12,2.25
2016.05.16 19:23:00.293,1.45992,1.46015,1.12,1.87
2016.05.16 19:23:01.053,1.4599,1.46013,1.12,1.50
2016.05.16 19:23:01.198,1.45992,1.46014,1.12,1.87
2016.05.16 19:23:02.500,1.45992,1.46015,1.12,1.50
2016.05.16 19:23:14.581,1.45991,1.46014,1.00,1.12
2016.05.16 19:23:15.038,1.45989,1.46012,1.12,1.00
2016.05.16 19:23:16.604,1.45989,1.46011,1.12,1.00
2016.05.16 19:23:25.005,1.45989,1.4601,1.12,1.00
2016.05.16 19:23:25.212,1.45987,1.4601,1.12,1.12
2016.05.16 19:23:28.089,1.45987,1.46011,2.25,1.50
2016.05.16 19:23:29.183,1.45988,1.46012,1.50,1.87
2016.05.16 19:23:37.611,1.45989,1.46013,1.12,1.12
2016.05.16 19:23:40.283,1.45988,1.46013,1.50,1.50
2016.05.16 19:23:43.694,1.45988,1.46013,1.50,1.50
2016.05.16 19:23:44.830,1.45988,1.46013,1.87,1.12
2016.05.16 19:23:46.664,1.45988,1.46012,1.87,1.00
2016.05.16 19:23:46.993,1.45988,1.46009,1.12,1.00
2016.05.16 19:23:47.095,1.45987,1.46009,1.37,1.00
2016.05.16 19:23:49.190,1.45985,1.46009,1.87,1.50
2016.05.16 19:23:50.501,1.45985,1.46008,1.87,1.00
2016.05.16 19:23:51.180,1.45985,1.46009,1.87,2.25
2016.05.16 19:23:52.001,1.45985,1.46007,1.87,1.00
2016.05.16 19:23:56.222,1.45985,1.46007,1.87,1.00
2016.05.16 19:23:57.351,1.45985,1.46008,1.87,1.00
2016.05.16 19:24:08.133,1.45987,1.46008,1.12,1.00
2016.05.16 19:24:08.723,1.45986,1.46008,1.12,1.12
2016.05.16 19:24:09.229,1.45987,1.46008,1.12,1.00
2016.05.16 19:24:12.371,1.45987,1.46009,1.12,1.00
2016.05.16 19:24:17.814,1.45987,1.46009,1.12,1.00
2016.05.16 19:24:19.082,1.45987,1.46011,1.12,2.25
2016.05.16 19:24:19.770,1.45987,1.4601,1.12,1.00
2016.05.16 19:24:20.648,1.45987,1.4601,1.12,1.00
2016.05.16 19:24:21.636,1.45987,1.46008,1.12,1.00
2016.05.16 19:24:21.739,1.45984,1.46008,1.50,1.12
2016.05.16 19:24:23.119,1.45986,1.46008,1.12,1.00
2016.05.16 19:24:24.721,1.45986,1.46008,1.75,1.00
2016.05.16 19:24:31.780,1.45988,1.4601,1.75,1.00
2016.05.16 19:24:31.882,1.45985,1.46011,1.87,3.00
2016.05.16 19:24:33.082,1.45985,1.4601,1.75,1.00
2016.05.16 19:24:34.150,1.45985,1.4601,1.87,1.00
2016.05.16 19:24:34.485,1.45985,1.46002,1.87,1.00
2016.05.16 19:24:34.663,1.45981,1.45998,1.00,1.00
2016.05.16 19:24:34.716,1.45977,1.45996,1.12,1.00
2016.05.16 19:24:34.768,1.45973,1.45996,1.00,1.37
2016.05.16 19:24:34.972,1.45973,1.45996,1.00,1.37
2016.05.16 19:24:35.733,1.45972,1.45996,1.37,1.50
2016.05.16 19:24:40.552,1.45971,1.45996,1.12,1.87
2016.05.16 19:24:42.336,1.45971,1.45994,1.12,1.37
2016.05.16 19:24:42.981,1.45971,1.45991,1.12,2.25
2016.05.16 19:24:43.033,1.45967,1.4599,1.00,1.37
2016.05.16 19:24:43.287,1.45964,1.4599,1.87,3.37
2016.05.16 19:24:44.175,1.45965,1.45989,1.50,1.00
2016.05.16 19:24:46.071,1.45964,1.4599,1.37,1.12
2016.05.16 19:24:48.523,1.45964,1.45989,1.87,1.00
2016.05.16 19:24:49.614,1.45965,1.4599,1.50,1.37
2016.05.16 19:24:50.301,1.45967,1.45991,1.37,2.62
2016.05.16 19:24:50.352,1.45968,1.45991,1.37,1.00
2016.05.16 19:24:51.916,1.45968,1.45991,1.00,1.87
2016.05.16 19:24:52.423,1.45967,1.4599,1.00,1.00
2016.05.16 19:24:53.142,1.45966,1.45991,1.87,3.37
2016.05.16 19:24:53.683,1.45968,1.45991,1.37,1.12
2016.05.16 19:24:54.246,1.45966,1.45991,1.87,1.87
2016.05.16 19:24:54.753,1.45967,1.4599,1.00,1.00
2016.05.16 19:25:01.881,1.45968,1.4599,1.00,1.00
2016.05.16 19:25:04.865,1.45968,1.45991,1.00,1.87
2016.05.16 19:25:06.129,1.45968,1.4599,1.00,1.00
2016.05.16 19:25:08.273,1.45967,1.4599,1.50,1.00
2016.05.16 19:25:10.142,1.45967,1.4599,1.12,1.50
2016.05.16 19:25:10.920,1.45967,1.45992,1.50,2.62
2016.05.16 19:25:11.022,1.45967,1.4599,1.50,1.50
2016.05.16 19:25:12.073,1.45965,1.4599,1.50,1.87
2016.05.16 19:25:13.143,1.45967,1.45991,1.37,1.87
2016.05.16 19:25:13.194,1.45969,1.45991,1.00,1.00
2016.05.16 19:25:13.408,1.45969,1.45989,1.00,1.00
2016.05.16 19:25:13.459,1.45967,1.45989,1.00,1.00
2016.05.16 19:25:13.966,1.45964,1.45988,2.62,1.12
2016.05.16 19:25:14.836,1.45964,1.45988,1.50,1.12
2016.05.16 19:25:15.351,1.45966,1.4599,1.87,1.50
2016.05.16 19:25:20.252,1.45967,1.4599,1.00,1.50
2016.05.16 19:25:23.130,1.45966,1.45991,2.25,2.62
2016.05.16 19:25:33.710,1.45968,1.45991,1.12,1.87
2016.05.16 19:25:36.214,1.45966,1.4599,1.87,1.37
2016.05.16 19:25:37.193,1.45968,1.4599,1.12,1.37
2016.05.16 19:25:39.173,1.45971,1.45993,1.12,1.12
2016.05.16 19:25:39.225,1.45974,1.45993,1.00,1.12
2016.05.16 19:25:39.529,1.45972,1.45992,1.00,1.00
2016.05.16 19:25:40.036,1.45971,1.45993,1.50,1.12
2016.05.16 19:25:40.680,1.45971,1.45992,1.50,1.00
2016.05.16 19:25:40.731,1.45973,1.45992,1.37,1.00
2016.05.16 19:25:41.162,1.45973,1.45994,1.37,1.12
2016.05.16 19:25:41.911,1.45976,1.45995,1.12,1.37
2016.05.16 19:25:44.198,1.45981,1.46001,1.12,1.37
2016.05.16 19:25:44.452,1.45983,1.46006,1.12,3.00
2016.05.16 19:25:46.749,1.45983,1.46005,1.12,1.37
2016.05.16 19:25:48.175,1.45983,1.46005,1.12,1.50
2016.05.16 19:25:49.424,1.45982,1.46005,1.50,1.50
2016.05.16 19:25:51.628,1.45983,1.46007,1.12,2.25
2016.05.16 19:25:52.771,1.45983,1.46007,1.12,1.75
2016.05.16 19:25:56.105,1.45983,1.46007,1.75,1.37
2016.05.16 19:26:00.989,1.45983,1.46008,1.75,2.62
2016.05.16 19:26:02.062,1.45983,1.46008,1.75,1.87
2016.05.16 19:26:03.158,1.45987,1.4601,1.50,1.47
2016.05.16 19:26:03.310,1.45992,1.46015,1.37,1.12
2016.05.16 19:26:03.564,1.45992,1.46017,1.87,1.00
2016.05.16 19:26:03.817,1.45994,1.46018,1.37,2.25
2016.05.16 19:26:04.172,1.45994,1.46014,1.37,1.37
2016.05.16 19:26:04.274,1.45986,1.4601,1.12,1.00
2016.05.16 19:26:04.325,1.45984,1.4601,1.12,1.50
2016.05.16 19:26:04.427,1.45982,1.46007,1.12,1.50
2016.05.16 19:26:04.624,1.45983,1.46009,1.12,2.25
2016.05.16 19:26:04.828,1.45979,1.46004,1.00,1.12
2016.05.16 19:26:04.931,1.4598,1.46005,1.50,1.00
2016.05.16 19:26:05.083,1.45985,1.46006,1.00,1.50
2016.05.16 19:26:05.590,1.45985,1.46006,1.00,1.12
2016.05.16 19:26:06.523,1.45985,1.46007,1.00,1.37
2016.05.16 19:26:06.624,1.45987,1.46009,1.00,1.50
2016.05.16 19:26:06.828,1.4599,1.4601,1.00,1.12
2016.05.16 19:26:07.031,1.4599,1.46012,1.00,1.87
2016.05.16 19:26:07.184,1.45987,1.46012,1.00,1.87
2016.05.16 19:26:07.337,1.45982,1.46007,2.25,1.12
2016.05.16 19:26:07.670,1.45979,1.46004,2.32,1.12
2016.05.16 19:26:08.075,1.45982,1.46004,1.00,1.12
2016.05.16 19:26:08.177,1.45982,1.46007,1.00,1.12
2016.05.16 19:26:09.876,1.45984,1.46009,1.87,1.87
2016.05.16 19:26:10.432,1.45985,1.46012,1.75,1.37
2016.05.16 19:26:10.483,1.45987,1.46012,1.12,1.00
2016.05.16 19:26:11.118,1.45988,1.46013,1.50,1.12
2016.05.16 19:26:14.531,1.4599,1.46015,1.00,1.87
2016.05.16 19:26:17.932,1.4599,1.46014,1.00,1.12
2016.05.16 19:26:24.651,1.45989,1.46014,1.87,2.62
2016.05.16 19:26:30.161,1.45989,1.46013,1.87,1.37
2016.05.16 19:26:32.018,1.4599,1.46013,1.00,1.37
2016.05.16 19:26:32.069,1.4599,1.46013,1.00,1.00
2016.05.16 19:26:32.171,1.4599,1.46016,1.87,2.62
2016.05.16 19:26:33.169,1.45991,1.46013,1.00,1.00
2016.05.16 19:26:34.271,1.45991,1.46014,1.00,1.12
2016.05.16 19:26:34.322,1.45989,1.46014,1.50,1.12
2016.05.16 19:26:34.872,1.45989,1.46014,1.12,1.12
2016.05.16 19:26:36.027,1.45991,1.46014,1.00,1.12
2016.05.16 19:26:36.579,1.45991,1.46016,1.50,1.87
2016.05.16 19:26:37.170,1.45991,1.46016,1.50,1.87
2016.05.16 19:26:42.932,1.45991,1.46015,1.50,1.37
2016.05.16 19:26:44.247,1.45991,1.46015,1.50,1.87
2016.05.16 19:26:54.738,1.45991,1.46015,1.00,2.25
2016.05.16 19:26:55.323,1.45992,1.46015,1.00,1.12
2016.05.16 19:26:59.045,1.45991,1.46015,1.00,1.12
2016.05.16 19:26:59.552,1.4599,1.46012,1.00,1.00
2016.05.16 19:26:59.884,1.4599,1.46013,1.00,1.87
2016.05.16 19:27:00.396,1.45989,1.46013,1.00,1.87
2016.05.16 19:27:00.917,1.4599,1.46013,1.00,1.75
2016.05.16 19:27:01.898,1.4599,1.46012,1.00,1.00
2016.05.16 19:27:02.219,1.45992,1.46015,1.00,1.12
2016.05.16 19:27:03.169,1.45992,1.46014,1.00,1.00
2016.05.16 19:27:04.494,1.45993,1.46014,1.00,1.00
2016.05.16 19:27:05.002,1.45994,1.46018,1.00,1.87
2016.05.16 19:27:05.327,1.45994,1.46018,1.00,1.50
2016.05.16 19:27:07.016,1.45992,1.46017,1.87,1.50
2016.05.16 19:27:13.911,1.45994,1.46017,1.00,1.50
2016.05.16 19:27:14.428,1.45995,1.46017,1.00,1.00
2016.05.16 19:27:23.104,1.45995,1.46019,1.00,1.87
2016.05.16 19:27:23.474,1.45996,1.4602,1.12,1.87
2016.05.16 19:27:23.780,1.45998,1.46021,1.00,1.50
2016.05.16 19:27:24.034,1.45998,1.46023,2.25,3.00
2016.05.16 19:27:24.136,1.45998,1.46021,1.87,1.00
2016.05.16 19:27:24.793,1.45998,1.46022,1.87,1.00
2016.05.16 19:27:25.127,1.45998,1.46022,1.87,1.37
2016.05.16 19:27:25.178,1.45998,1.46022,1.12,2.62
2016.05.16 19:27:25.844,1.45998,1.46022,1.12,2.62
2016.05.16 19:27:27.056,1.45999,1.46022,1.00,1.37
2016.05.16 19:27:27.622,1.45997,1.46021,1.50,1.00
2016.05.16 19:27:27.673,1.45997,1.46021,1.00,1.87
2016.05.16 19:27:28.179,1.45998,1.46021,1.00,1.50
2016.05.16 19:27:28.710,1.45998,1.46022,1.00,2.62
2016.05.16 19:27:30.880,1.45998,1.46022,1.50,1.50
2016.05.16 19:27:35.392,1.45998,1.46022,1.50,1.87
2016.05.16 19:27:40.409,1.45999,1.46021,1.00,1.00
2016.05.16 19:27:40.991,1.45999,1.46022,1.00,2.25
2016.05.16 19:27:43.168,1.45998,1.46021,1.50,1.37
2016.05.16 19:27:43.518,1.45997,1.4602,1.50,1.75
2016.05.16 19:27:43.988,1.45995,1.46016,1.00,1.12
2016.05.16 19:27:48.686,1.45995,1.46017,1.50,1.12
2016.05.16 19:27:49.812,1.45998,1.46017,1.00,1.12
2016.05.16 19:27:49.914,1.45998,1.4602,1.37,2.25
2016.05.16 19:27:49.965,1.46001,1.4602,1.00,1.87
2016.05.16 19:27:50.016,1.46001,1.4602,1.12,1.50
2016.05.16 19:27:57.846,1.46,1.4602,1.50,1.00
2016.05.16 19:28:00.415,1.45999,1.4602,1.50,1.37
2016.05.16 19:28:00.517,1.45998,1.4602,1.00,1.87
2016.05.16 19:28:00.619,1.45998,1.4602,1.00,1.99
2016.05.16 19:28:01.127,1.45997,1.4602,2.25,1.99
2016.05.16 19:28:01.229,1.45998,1.4602,1.12,1.50
2016.05.16 19:28:01.926,1.45997,1.4602,1.00,2.37
2016.05.16 19:28:02.281,1.45995,1.46018,1.00,1.62
2016.05.16 19:28:02.332,1.45995,1.46018,1.00,1.99
2016.05.16 19:28:04.331,1.45995,1.46016,1.50,1.12
2016.05.16 19:28:04.432,1.45995,1.46018,1.50,3.12
2016.05.16 19:28:05.303,1.45995,1.46018,1.00,1.62
2016.05.16 19:28:05.844,1.45996,1.46018,1.00,1.49
2016.05.16 19:28:06.448,1.45998,1.46018,1.00,1.49
2016.05.16 19:28:06.968,1.45997,1.46018,1.00,1.53
2016.05.16 19:28:08.165,1.45996,1.46018,1.00,1.53
2016.05.16 19:28:08.672,1.45994,1.46016,1.37,1.50
2016.05.16 19:28:09.353,1.45994,1.46016,1.12,1.50
2016.05.16 19:28:10.258,1.45991,1.46012,1.75,1.00
2016.05.16 19:28:10.309,1.45991,1.46012,1.37,1.00
2016.05.16 19:28:10.360,1.4599,1.46012,1.50,1.75
2016.05.16 19:28:10.411,1.45988,1.46012,1.12,1.75
2016.05.16 19:28:10.918,1.4599,1.46011,1.37,1.37
2016.05.16 19:28:11.019,1.4599,1.46013,1.37,1.50
2016.05.16 19:28:12.023,1.45991,1.46013,1.37,1.00
2016.05.16 19:28:16.217,1.45992,1.46016,1.37,3.00
2016.05.16 19:28:17.645,1.45991,1.46016,3.00,2.62
2016.05.16 19:28:18.078,1.45998,1.46016,1.00,2.62
2016.05.16 19:28:18.349,1.45988,1.46013,1.37,1.99
2016.05.16 19:28:19.164,1.45994,1.46013,1.00,1.12
2016.05.16 19:28:19.215,1.45992,1.46013,1.12,1.12
2016.05.16 19:28:19.519,1.45993,1.46015,1.00,1.53
2016.05.16 19:28:19.621,1.45993,1.46014,1.00,1.12
2016.05.16 19:28:20.053,1.45995,1.46014,1.87,1.12
2016.05.16 19:28:20.155,1.45995,1.46016,1.87,2.62
2016.05.16 19:28:20.256,1.45995,1.46016,1.87,1.00
2016.05.16 19:28:20.601,1.45998,1.46016,1.00,1.00
2016.05.16 19:28:21.118,1.45996,1.46016,1.37,1.00
2016.05.16 19:28:23.117,1.45996,1.46016,1.12,1.00
2016.05.16 19:28:24.989,1.45996,1.46019,1.12,2.25
2016.05.16 19:28:27.768,1.45996,1.46019,1.37,1.87
2016.05.16 19:28:30.223,1.45996,1.46019,1.50,1.87
2016.05.16 19:28:30.557,1.46007,1.4602,1.37,1.00
2016.05.16 19:28:30.709,1.46007,1.46023,1.37,1.00
2016.05.16 19:28:30.760,1.46006,1.46023,1.12,1.00
2016.05.16 19:28:30.862,1.46004,1.46023,1.00,1.00
2016.05.16 19:28:31.829,1.46003,1.46023,1.37,1.00
2016.05.16 19:28:32.180,1.46,1.46019,1.12,1.00
2016.05.16 19:28:32.336,1.46002,1.46021,1.00,1.12
2016.05.16 19:28:32.387,1.46,1.46018,1.00,1.00
2016.05.16 19:28:32.438,1.45997,1.46018,1.00,1.00
2016.05.16 19:28:33.461,1.45996,1.46018,1.00,1.50
2016.05.16 19:28:33.975,1.45996,1.46018,1.37,1.12
2016.05.16 19:28:34.026,1.46006,1.4602,1.37,1.50
2016.05.16 19:28:34.129,1.46005,1.46024,1.37,1.37
2016.05.16 19:28:34.267,1.46005,1.46027,1.37,1.12
2016.05.16 19:28:34.420,1.46004,1.46024,1.87,1.00
2016.05.16 19:28:34.471,1.46004,1.46024,1.12,1.00
2016.05.16 19:28:34.934,1.46002,1.46024,1.12,1.00
2016.05.16 19:28:35.036,1.46001,1.46021,1.37,1.00
2016.05.16 19:28:35.189,1.45999,1.4602,1.87,1.00
2016.05.16 19:28:35.720,1.46,1.46022,1.37,1.12
2016.05.16 19:28:35.773,1.46,1.46023,1.50,1.00
2016.05.16 19:28:35.978,1.46,1.46023,1.50,1.12
2016.05.16 19:28:36.333,1.46001,1.46023,1.37,1.12
2016.05.16 19:28:36.872,1.46001,1.46023,1.87,1.12
2016.05.16 19:28:37.369,1.46,1.46023,1.50,1.00
2016.05.16 19:28:37.642,1.46001,1.46026,1.75,1.12
2016.05.16 19:28:37.845,1.46008,1.46029,1.37,1.37
2016.05.16 19:28:37.947,1.46008,1.46026,1.00,1.12
2016.05.16 19:28:38.049,1.46004,1.46026,1.12,1.12
2016.05.16 19:28:38.454,1.46004,1.46026,1.12,1.47
2016.05.16 19:28:39.148,1.46004,1.46026,1.12,1.57
2016.05.16 19:28:39.351,1.46002,1.46023,1.00,1.37
2016.05.16 19:28:39.858,1.46002,1.46023,1.00,1.12
2016.05.16 19:28:40.654,1.46002,1.46023,1.00,1.37
2016.05.16 19:28:41.927,1.46001,1.46023,1.00,1.37
2016.05.16 19:28:42.131,1.46004,1.46026,1.00,1.57
2016.05.16 19:28:42.284,1.4601,1.46031,1.00,2.25
2016.05.16 19:28:42.335,1.4601,1.46028,1.00,1.37
2016.05.16 19:28:42.386,1.46008,1.46028,1.00,1.37
2016.05.16 19:28:42.437,1.46006,1.46028,1.12,1.37
2016.05.16 19:28:43.055,1.46006,1.46027,1.00,1.37
2016.05.16 19:28:43.157,1.46004,1.46027,1.12,1.37
2016.05.16 19:28:43.664,1.46003,1.46025,1.00,1.12
2016.05.16 19:28:44.212,1.46004,1.46025,1.00,1.12
2016.05.16 19:28:44.263,1.46004,1.46025,1.00,1.37
2016.05.16 19:28:44.812,1.46003,1.46025,1.00,1.37
2016.05.16 19:28:44.964,1.46004,1.46025,1.00,1.12
2016.05.16 19:28:45.491,1.46005,1.46025,1.00,1.00
2016.05.16 19:28:45.999,1.46006,1.46027,1.00,1.37
2016.05.16 19:28:46.406,1.46008,1.46028,1.00,1.37
2016.05.16 19:28:46.929,1.46008,1.46028,1.00,1.12
2016.05.16 19:28:48.532,1.46012,1.46028,1.00,1.12
2016.05.16 19:28:48.583,1.46012,1.4603,1.00,1.12
2016.05.16 19:28:48.837,1.46008,1.46031,2.25,1.87
2016.05.16 19:28:49.192,1.4601,1.46031,1.00,1.37
2016.05.16 19:28:51.612,1.46012,1.4603,1.00,1.50
2016.05.16 19:28:52.120,1.46012,1.46031,1.00,1.50
2016.05.16 19:28:52.781,1.46012,1.46031,1.00,1.50
2016.05.16 19:28:54.070,1.46012,1.4603,1.00,1.37
2016.05.16 19:28:54.121,1.4601,1.4603,1.00,1.37
2016.05.16 19:28:54.628,1.46009,1.4603,1.00,1.37
2016.05.16 19:28:55.138,1.46008,1.4603,1.00,1.37
2016.05.16 19:28:55.189,1.46008,1.46027,1.00,1.00
2016.05.16 19:29:00.118,1.46008,1.4603,1.00,1.37
2016.05.16 19:29:00.449,1.4601,1.4603,1.00,2.25
2016.05.16 19:29:01.328,1.4601,1.46029,1.00,1.00
2016.05.16 19:29:06.375,1.4601,1.46029,1.00,1.50
2016.05.16 19:29:06.426,1.46006,1.46029,1.00,1.50
2016.05.16 19:29:07.056,1.46005,1.46029,1.12,1.50
2016.05.16 19:29:07.577,1.46004,1.46029,1.50,2.62
2016.05.16 19:29:08.121,1.46004,1.46026,1.12,1.00
2016.05.16 19:29:09.025,1.46003,1.46024,1.00,1.00
2016.05.16 19:29:09.353,1.45995,1.46018,1.87,1.37
2016.05.16 19:29:09.505,1.45995,1.46018,1.00,1.87
2016.05.16 19:29:11.303,1.45995,1.46018,1.37,1.50
2016.05.16 19:29:11.749,1.45998,1.46019,1.12,1.37
2016.05.16 19:29:11.800,1.46,1.46023,1.12,1.75
2016.05.16 19:29:11.902,1.46004,1.46023,1.00,1.00
2016.05.16 19:29:12.257,1.46006,1.46023,1.00,1.00
2016.05.16 19:29:12.561,1.46005,1.46024,1.00,1.87
2016.05.16 19:29:12.612,1.46002,1.46024,1.00,1.87
2016.05.16 19:29:12.717,1.45998,1.46021,1.87,1.12
2016.05.16 19:29:12.768,1.45998,1.46021,1.50,1.37
2016.05.16 19:29:13.695,1.45996,1.46018,1.50,1.37
2016.05.16 19:29:13.796,1.45995,1.46018,1.00,1.37
2016.05.16 19:29:18.759,1.45995,1.4602,1.75,1.50
2016.05.16 19:29:19.363,1.46,1.4602,1.37,1.50
2016.05.16 19:29:19.414,1.46001,1.46022,1.37,1.00
2016.05.16 19:29:19.465,1.46001,1.46023,1.85,1.00
2016.05.16 19:29:19.516,1.46003,1.46025,1.87,1.00
2016.05.16 19:29:19.770,1.46005,1.46031,1.50,3.00
2016.05.16 19:29:20.175,1.46005,1.4603,1.95,1.12
2016.05.16 19:29:20.763,1.46004,1.46026,2.62,1.00
2016.05.16 19:29:21.188,1.46003,1.46027,1.57,1.75
2016.05.16 19:29:21.772,1.46002,1.46027,1.12,1.75
2016.05.16 19:29:26.772,1.46002,1.46026,1.12,1.37
2016.05.16 19:29:27.936,1.45999,1.46025,2.25,1.87
2016.05.16 19:29:28.240,1.45999,1.46024,1.12,1.75
2016.05.16 19:29:29.318,1.45997,1.46021,1.50,1.12
2016.05.16 19:29:29.521,1.45996,1.4602,2.62,1.12
2016.05.16 19:29:30.490,1.45994,1.46019,2.25,1.50
2016.05.16 19:29:31.067,1.45994,1.46017,1.50,1.00
2016.05.16 19:29:31.119,1.45994,1.46018,1.00,1.75
2016.05.16 19:29:31.425,1.4599,1.4601,1.00,1.00
2016.05.16 19:29:31.526,1.45986,1.4601,1.50,1.00
2016.05.16 19:29:32.049,1.45989,1.4601,1.00,1.00
2016.05.16 19:29:34.001,1.4599,1.46013,1.00,1.37
2016.05.16 19:29:35.070,1.45991,1.46013,1.00,1.37
2016.05.16 19:29:35.121,1.45991,1.46014,1.12,1.37
2016.05.16 19:29:35.273,1.45991,1.46014,2.62,1.00
2016.05.16 19:29:35.325,1.45992,1.46017,1.75,1.00
2016.05.16 19:29:35.376,1.45994,1.46018,1.37,1.50
2016.05.16 19:29:39.283,1.45996,1.46019,1.00,1.50
2016.05.16 19:29:39.435,1.45998,1.46021,1.00,1.37
2016.05.16 19:29:39.486,1.45998,1.46022,1.12,1.50
2016.05.16 19:29:39.588,1.45999,1.46023,1.50,1.37
2016.05.16 19:29:40.095,1.46,1.46026,1.37,1.87
2016.05.16 19:29:41.119,1.45999,1.46025,1.12,1.87
2016.05.16 19:29:41.374,1.45996,1.46022,1.85,1.50
2016.05.16 19:29:41.425,1.45996,1.46022,1.20,1.87
2016.05.16 19:29:42.528,1.45996,1.46019,1.12,1.37
2016.05.16 19:29:44.092,1.45996,1.46019,1.12,1.75
2016.05.16 19:29:44.318,1.45992,1.46018,1.12,1.87
2016.05.16 19:29:44.421,1.45992,1.46018,1.12,1.87
2016.05.16 19:29:45.889,1.45992,1.46017,1.12,1.50
2016.05.16 19:29:49.928,1.45992,1.46014,1.12,1.12
2016.05.16 19:29:50.080,1.45988,1.46014,1.12,2.25
2016.05.16 19:29:51.357,1.45988,1.46012,1.75,1.75
2016.05.16 19:29:58.246,1.45986,1.4601,1.12,1.75
2016.05.16 19:29:58.764,1.45984,1.46009,1.37,1.12
2016.05.16 19:29:58.967,1.45986,1.4601,1.12,1.75
2016.05.16 19:29:59.466,1.45984,1.46007,1.37,1.57
2016.05.16 19:29:59.517,1.45984,1.46006,1.00,1.75
2016.05.16 19:29:59.568,1.45979,1.46004,2.25,1.12
2016.05.16 19:30:01.166,1.45981,1.46005,1.00,1.12
2016.05.16 19:30:01.921,1.45981,1.46006,1.00,1.50
2016.05.16 19:30:06.472,1.45981,1.46006,1.37,1.50
2016.05.16 19:30:07.035,1.45981,1.46006,1.75,1.87
2016.05.16 19:30:09.561,1.45981,1.46006,1.50,1.87
2016.05.16 19:30:10.167,1.45981,1.46006,1.12,1.87
2016.05.16 19:30:11.953,1.45981,1.46006,1.50,1.50
2016.05.16 19:30:14.261,1.45985,1.46007,1.00,1.87
2016.05.16 19:30:14.363,1.45985,1.46007,1.12,1.75
2016.05.16 19:30:14.414,1.45988,1.46007,1.00,1.75
2016.05.16 19:30:14.566,1.45988,1.4601,1.00,1.12
2016.05.16 19:30:14.718,1.45991,1.4601,1.00,1.12
2016.05.16 19:30:15.570,1.4599,1.4601,1.00,1.12
2016.05.16 19:30:15.975,1.45993,1.4601,1.00,1.00
2016.05.16 19:30:16.229,1.45993,1.46016,1.50,1.75
2016.05.16 19:30:16.584,1.45994,1.46017,1.50,1.50
2016.05.16 19:30:19.008,1.45994,1.46017,1.12,2.62
2016.05.16 19:30:19.515,1.45992,1.46016,1.50,1.12
2016.05.16 19:30:19.566,1.45992,1.46015,1.12,1.47
2016.05.16 19:30:20.951,1.45992,1.46015,1.00,1.95
2016.05.16 19:30:21.563,1.45991,1.46012,1.00,1.12
2016.05.16 19:30:22.031,1.45989,1.46012,1.12,1.85
2016.05.16 19:30:22.538,1.4599,1.46012,1.00,1.20
2016.05.16 19:30:23.334,1.45989,1.46012,1.00,1.85
2016.05.16 19:30:23.841,1.45988,1.46012,1.00,1.87
2016.05.16 19:30:24.095,1.45991,1.46009,1.00,1.00
2016.05.16 19:30:24.247,1.45992,1.46013,1.12,1.12
2016.05.16 19:30:24.450,1.45994,1.46014,1.00,1.37
2016.05.16 19:30:24.978,1.45995,1.46016,1.00,1.50
2016.05.16 19:30:25.334,1.45991,1.46016,1.87,1.87
2016.05.16 19:30:25.742,1.45991,1.46015,1.12,1.20
2016.05.16 19:30:25.946,1.45988,1.46011,1.00,1.75
2016.05.16 19:30:26.453,1.45987,1.46011,1.12,1.75
2016.05.16 19:30:28.051,1.45988,1.46011,1.00,1.75
2016.05.16 19:30:28.256,1.45988,1.4601,1.87,1.00
2016.05.16 19:30:31.312,1.45989,1.46013,1.50,2.25
2016.05.16 19:30:33.065,1.4599,1.46013,1.00,1.37
2016.05.16 19:30:35.019,1.45989,1.46013,1.87,1.37
2016.05.16 19:30:35.611,1.45989,1.46013,1.50,1.75
2016.05.16 19:30:36.169,1.4599,1.46013,1.00,1.75
2016.05.16 19:30:37.031,1.45989,1.46013,1.00,2.25
2016.05.16 19:30:37.808,1.45988,1.46011,1.87,1.12
2016.05.16 19:30:41.185,1.4599,1.46011,1.00,1.12
2016.05.16 19:30:42.184,1.4599,1.46013,1.12,1.75
2016.05.16 19:30:49.097,1.45989,1.46013,1.00,1.87
2016.05.16 19:30:49.300,1.45987,1.4601,1.50,1.50
2016.05.16 19:30:49.705,1.45986,1.4601,1.12,1.47
2016.05.16 19:30:50.276,1.45986,1.4601,1.50,1.47
2016.05.16 19:30:50.819,1.45987,1.4601,1.37,1.47
2016.05.16 19:30:51.146,1.45986,1.4601,1.75,1.85
2016.05.16 19:30:51.248,1.45986,1.4601,1.00,1.85
2016.05.16 19:30:51.452,1.45986,1.4601,1.37,1.85
2016.05.16 19:30:51.655,1.45986,1.4601,1.12,1.85
2016.05.16 19:30:52.004,1.45988,1.4601,1.00,1.85
2016.05.16 19:30:52.055,1.45988,1.4601,1.12,1.47
2016.05.16 19:30:52.156,1.45988,1.46012,1.87,1.85
2016.05.16 19:30:54.550,1.45988,1.46013,1.37,3.00
2016.05.16 19:30:54.652,1.45988,1.46012,1.00,1.12
2016.05.16 19:30:55.186,1.45986,1.46012,2.25,1.12
2016.05.16 19:30:57.169,1.45986,1.46012,2.62,2.62
2016.05.16 19:30:58.570,1.45987,1.46012,1.00,2.25
2016.05.16 19:31:01.874,1.45986,1.46011,2.62,1.47
2016.05.16 19:31:02.871,1.45987,1.46011,1.50,1.47
2016.05.16 19:31:03.577,1.45987,1.46012,1.12,3.00
2016.05.16 19:31:04.632,1.45988,1.46012,1.00,3.00
2016.05.16 19:31:05.169,1.45987,1.4601,1.12,1.37
2016.05.16 19:31:05.683,1.45987,1.4601,1.50,1.37
2016.05.16 19:31:07.610,1.45987,1.46011,1.50,1.95
2016.05.16 19:31:11.300,1.45985,1.46008,1.12,1.75
2016.05.16 19:31:13.394,1.45985,1.46007,1.37,1.37
2016.05.16 19:31:13.740,1.45986,1.46007,1.12,1.12
2016.05.16 19:31:14.251,1.45985,1.46007,1.12,2.62
2016.05.16 19:31:14.966,1.45985,1.46007,1.00,2.62
2016.05.16 19:31:15.068,1.45985,1.46007,1.12,1.87
2016.05.16 19:31:15.474,1.45987,1.46007,1.00,1.37
2016.05.16 19:31:15.783,1.45992,1.46016,1.87,1.12
2016.05.16 19:31:16.239,1.45996,1.46018,1.00,1.12
2016.05.16 19:31:16.796,1.45996,1.46018,1.12,1.12
2016.05.16 19:31:17.386,1.45995,1.46018,1.00,1.12
2016.05.16 19:31:18.908,1.45995,1.46019,1.00,1.12
2016.05.16 19:31:19.607,1.45995,1.46019,1.00,1.37
2016.05.16 19:31:20.468,1.45995,1.46019,1.50,1.37
2016.05.16 19:31:21.632,1.45995,1.4602,2.25,1.12
2016.05.16 19:31:22.580,1.45995,1.4602,2.25,1.12
2016.05.16 19:31:22.631,1.45995,1.4602,2.25,1.12
2016.05.16 19:31:24.372,1.45995,1.4602,2.62,1.20
2016.05.16 19:31:24.889,1.45996,1.46021,1.37,1.87
2016.05.16 19:31:30.230,1.45996,1.46018,1.37,1.12
2016.05.16 19:31:30.555,1.46006,1.46022,1.75,1.00
2016.05.16 19:31:30.606,1.46012,1.46026,1.12,1.00
2016.05.16 19:31:30.709,1.46012,1.46033,1.12,1.12
2016.05.16 19:31:31.014,1.46008,1.46034,1.37,1.12
2016.05.16 19:31:32.943,1.46009,1.46034,1.37,1.12
2016.05.16 19:31:35.270,1.46012,1.46032,1.00,1.37
2016.05.16 19:31:35.321,1.46012,1.46034,1.00,1.50
2016.05.16 19:31:35.423,1.46012,1.46034,2.25,1.37
2016.05.16 19:31:36.245,1.46015,1.46037,1.00,1.50
2016.05.16 19:31:36.552,1.46015,1.46037,1.00,1.37
2016.05.16 19:31:39.040,1.46014,1.46038,1.87,2.62
2016.05.16 19:31:39.344,1.46019,1.46043,2.74,1.12
2016.05.16 19:31:39.396,1.46021,1.4604,1.49,1.00
2016.05.16 19:31:39.676,1.46017,1.4604,2.25,1.37
2016.05.16 19:31:39.727,1.4602,1.46043,1.00,1.50
2016.05.16 19:31:39.930,1.4602,1.46043,1.87,1.37
2016.05.16 19:31:41.143,1.4602,1.46043,1.12,1.75
2016.05.16 19:31:41.245,1.46017,1.46042,1.37,1.50
2016.05.16 19:31:41.928,1.46016,1.4604,1.87,1.50
2016.05.16 19:31:42.131,1.46012,1.46037,1.87,1.37
2016.05.16 19:31:43.563,1.46016,1.46037,1.00,1.50
2016.05.16 19:31:43.665,1.46017,1.46038,1.50,1.00
2016.05.16 19:31:44.171,1.46017,1.4604,2.25,1.37
2016.05.16 19:31:44.453,1.46019,1.4604,1.16,1.00
2016.05.16 19:31:45.025,1.4602,1.4604,1.00,1.00
2016.05.16 19:31:45.772,1.46018,1.4604,1.24,1.00
2016.05.16 19:31:47.783,1.46017,1.46039,1.49,1.00
2016.05.16 19:31:54.030,1.46016,1.4604,2.74,1.50
2016.05.16 19:31:54.133,1.46018,1.4604,1.12,1.50
2016.05.16 19:31:55.329,1.46019,1.4604,1.12,1.00
2016.05.16 19:31:58.408,1.46017,1.46039,1.99,1.00
2016.05.16 19:31:58.913,1.46017,1.4604,1.99,1.50
2016.05.16 19:32:01.598,1.46019,1.4604,1.12,1.00
2016.05.16 19:32:02.567,1.46019,1.46039,1.12,1.00
2016.05.16 19:32:03.117,1.46019,1.4604,1.12,1.50
2016.05.16 19:32:03.439,1.46017,1.46038,1.99,1.00
2016.05.16 19:32:03.801,1.46018,1.4604,1.12,1.00
2016.05.16 19:32:04.330,1.46018,1.4604,1.12,1.00
2016.05.16 19:32:04.865,1.46016,1.46041,2.74,2.25
2016.05.16 19:32:08.094,1.46017,1.46041,1.24,2.62
2016.05.16 19:32:08.398,1.46018,1.46041,1.24,1.00
2016.05.16 19:32:08.500,1.46018,1.46044,1.99,3.00
2016.05.16 19:32:09.843,1.46022,1.46044,1.00,1.12
2016.05.16 19:32:10.354,1.46022,1.46045,1.12,1.12
2016.05.16 19:32:18.528,1.46021,1.46044,1.12,1.50
2016.05.16 19:32:19.034,1.46021,1.46042,1.37,1.00
2016.05.16 19:32:19.183,1.46021,1.4604,1.37,1.00
2016.05.16 19:32:19.613,1.46019,1.46039,1.50,1.00
2016.05.16 19:32:20.120,1.46016,1.46041,4.12,1.50
2016.05.16 19:32:20.904,1.46017,1.46042,1.37,1.12
2016.05.16 19:32:28.144,1.4602,1.46043,1.12,1.75
2016.05.16 19:32:28.196,1.4602,1.46045,1.12,2.62
2016.05.16 19:32:28.607,1.46021,1.46045,1.87,1.12
2016.05.16 19:32:31.655,1.46022,1.46047,1.37,3.00
2016.05.16 19:32:33.305,1.46023,1.46048,1.37,1.75
2016.05.16 19:32:33.466,1.46025,1.46044,1.00,1.00
2016.05.16 19:32:33.568,1.46022,1.46044,1.87,1.50
2016.05.16 19:32:33.670,1.46021,1.46044,1.12,1.87
2016.05.16 19:32:37.119,1.4602,1.46042,1.37,1.00
2016.05.16 19:32:37.462,1.46019,1.46042,1.50,1.87
2016.05.16 19:32:38.466,1.46019,1.46042,1.37,1.12
2016.05.16 19:32:39.116,1.46021,1.46044,1.37,2.81
2016.05.16 19:32:39.372,1.46017,1.46039,1.87,1.00
2016.05.16 19:32:39.424,1.46014,1.46037,1.37,1.50
2016.05.16 19:32:39.627,1.46013,1.46036,1.00,1.50
2016.05.16 19:32:40.135,1.46013,1.46036,1.00,1.87
2016.05.16 19:32:40.682,1.46012,1.46035,1.37,1.00
2016.05.16 19:32:41.940,1.46011,1.46035,1.47,1.12
2016.05.16 19:32:42.328,1.46011,1.46033,1.20,1.50
2016.05.16 19:32:42.539,1.46016,1.46033,1.50,1.37
2016.05.16 19:32:42.640,1.46015,1.46036,1.50,1.12
2016.05.16 19:32:42.692,1.46015,1.46037,2.25,1.37
2016.05.16 19:32:42.743,1.46015,1.46037,2.62,1.37
2016.05.16 19:32:42.844,1.46015,1.46037,1.50,1.00
2016.05.16 19:32:43.352,1.46015,1.46038,1.12,1.12
2016.05.16 19:32:43.884,1.46017,1.46037,1.00,1.81
2016.05.16 19:32:44.398,1.46018,1.46037,1.00,1.81
2016.05.16 19:32:44.905,1.46018,1.46038,1.00,1.62
2016.05.16 19:32:45.774,1.46018,1.46038,1.00,2.19
2016.05.16 19:32:46.362,1.46018,1.46037,1.00,1.25
2016.05.16 19:32:47.938,1.46018,1.46038,1.00,1.25
2016.05.16 19:32:48.343,1.46017,1.46038,1.12,1.81
2016.05.16 19:32:52.068,1.46019,1.4604,1.00,2.00
2016.05.16 19:32:52.525,1.46017,1.46037,1.00,1.25
2016.05.16 19:32:53.234,1.46019,1.46039,1.00,1.50
2016.05.16 19:32:53.437,1.46016,1.46039,1.50,1.87
2016.05.16 19:32:54.752,1.46016,1.46037,1.00,1.81
2016.05.16 19:32:55.568,1.46016,1.46037,1.00,1.25
2016.05.16 19:32:58.473,1.46015,1.46037,1.12,1.69
2016.05.16 19:32:58.676,1.46015,1.46036,1.00,1.12
2016.05.16 19:33:00.039,1.46015,1.46037,1.12,1.69
2016.05.16 19:33:00.141,1.46015,1.46034,1.00,1.12
2016.05.16 19:33:00.344,1.46009,1.46032,2.25,1.12
2016.05.16 19:33:00.856,1.46009,1.46032,1.95,1.12
2016.05.16 19:33:01.263,1.4601,1.46035,1.50,1.12
2016.05.16 19:33:01.365,1.4601,1.46035,1.50,1.12
2016.05.16 19:33:03.883,1.4601,1.46034,1.50,1.50
2016.05.16 19:33:05.230,1.46009,1.46032,2.62,1.00
2016.05.16 19:33:06.370,1.46009,1.4603,2.25,1.00
2016.05.16 19:33:07.145,1.46009,1.4603,1.50,1.00
2016.05.16 19:33:07.275,1.46009,1.46032,1.50,1.00
2016.05.16 19:33:08.057,1.46009,1.46033,1.50,1.12
2016.05.16 19:33:08.209,1.46009,1.46033,1.50,1.87
2016.05.16 19:33:08.362,1.46009,1.46033,1.37,1.37
2016.05.16 19:33:09.260,1.46007,1.46033,1.87,1.87
2016.05.16 19:33:10.086,1.46009,1.46033,1.37,1.87
2016.05.16 19:33:10.391,1.46012,1.46035,1.87,1.12
2016.05.16 19:33:13.296,1.46011,1.46035,1.12,1.50
2016.05.16 19:33:13.550,1.46011,1.46032,1.12,1.00
2016.05.16 19:33:14.140,1.46011,1.46031,1.12,1.00
2016.05.16 19:33:15.152,1.46011,1.46033,1.50,1.00
2016.05.16 19:33:15.460,1.46011,1.46031,1.50,1.00
2016.05.16 19:33:16.242,1.46011,1.4603,1.50,1.00
2016.05.16 19:33:16.976,1.46011,1.46032,1.50,1.00
2016.05.16 19:33:17.496,1.46012,1.46033,1.12,1.00
2016.05.16 19:33:18.027,1.46012,1.46032,1.12,1.00
2016.05.16 19:33:19.144,1.46012,1.46033,1.12,1.00
2016.05.16 19:33:19.813,1.46012,1.46033,1.50,1.00
2016.05.16 19:33:20.432,1.46012,1.46033,1.75,1.00
2016.05.16 19:33:22.492,1.46012,1.46035,1.00,1.12
2016.05.16 19:33:22.594,1.46012,1.46032,1.00,1.00
2016.05.16 19:33:24.197,1.4601,1.46032,1.00,1.00
2016.05.16 19:33:24.249,1.46005,1.46026,1.00,1.00
2016.05.16 19:33:24.401,1.46002,1.46026,1.00,1.12
2016.05.16 19:33:25.709,1.46002,1.46027,1.37,1.50
2016.05.16 19:33:26.054,1.45998,1.46022,3.75,1.12
2016.05.16 19:33:26.459,1.45999,1.46024,1.12,1.50
2016.05.16 19:33:26.510,1.45998,1.46024,1.12,1.87
2016.05.16 19:33:26.815,1.45996,1.4602,1.37,1.12
2016.05.16 19:33:27.271,1.45993,1.4602,2.62,1.87
2016.05.16 19:33:28.462,1.45996,1.4602,1.00,1.12
2016.05.16 19:33:34.727,1.45996,1.46017,1.00,1.37
2016.05.16 19:33:35.714,1.45994,1.46017,1.12,1.50
2016.05.16 19:33:36.327,1.45994,1.46017,1.87,1.50
2016.05.16 19:33:36.992,1.45994,1.46017,1.87,1.37
2016.05.16 19:33:37.145,1.45999,1.46023,1.00,1.50
2016.05.16 19:33:37.196,1.46,1.46022,1.00,1.00
2016.05.16 19:33:37.400,1.46004,1.46026,1.00,1.37
2016.05.16 19:33:39.244,1.46002,1.46026,1.00,1.12
2016.05.16 19:33:39.497,1.46002,1.46026,1.00,2.25
2016.05.16 19:33:39.881,1.46,1.46019,1.50,1.00
2016.05.16 19:33:39.932,1.45999,1.46019,1.00,1.00
2016.05.16 19:33:41.691,1.45999,1.46018,1.00,1.00
2016.05.16 19:33:41.895,1.46,1.46022,1.00,1.00
2016.05.16 19:33:41.946,1.46,1.46022,1.75,1.00
2016.05.16 19:33:42.287,1.46002,1.46025,2.25,1.12
2016.05.16 19:33:42.869,1.46005,1.46026,1.00,1.37
2016.05.16 19:33:44.165,1.46005,1.46024,1.00,1.00
2016.05.16 19:33:44.672,1.46005,1.46026,1.00,1.37
2016.05.16 19:33:47.964,1.46005,1.46025,1.00,1.37
2016.05.16 19:33:48.511,1.46005,1.46023,1.00,1.00
2016.05.16 19:33:48.625,1.46005,1.46025,1.87,1.12
2016.05.16 19:33:48.677,1.46008,1.46027,1.00,1.12
2016.05.16 19:33:48.779,1.46008,1.46031,1.37,1.75
2016.05.16 19:33:48.881,1.46006,1.4603,1.37,1.50
2016.05.16 19:33:48.932,1.46006,1.4603,1.00,1.75
2016.05.16 19:33:49.325,1.46004,1.46028,1.00,1.12
2016.05.16 19:33:49.832,1.46005,1.46028,1.00,1.12
2016.05.16 19:33:51.022,1.46005,1.46027,1.00,1.00
2016.05.16 19:33:53.085,1.46005,1.46029,1.12,1.95
2016.05.16 19:33:53.441,1.46007,1.46029,1.00,1.57
2016.05.16 19:33:53.492,1.46007,1.46029,1.00,1.47
2016.05.16 19:33:53.998,1.46008,1.4603,1.00,1.12
2016.05.16 19:33:54.601,1.46008,1.46029,1.00,1.50
2016.05.16 19:33:55.281,1.46009,1.46028,1.00,1.00
2016.05.16 19:33:57.440,1.46008,1.4603,1.87,1.12
2016.05.16 19:33:57.693,1.46008,1.4603,1.12,1.12
2016.05.16 19:33:58.190,1.46015,1.46032,1.00,1.75
2016.05.16 19:33:58.343,1.46018,1.4604,1.50,1.00
2016.05.16 19:33:58.444,1.46018,1.46043,1.50,1.87
2016.05.16 19:33:58.953,1.46021,1.46045,1.00,1.87
2016.05.16 19:33:59.533,1.46022,1.46045,1.12,1.87
2016.05.16 19:34:00.190,1.46023,1.46046,1.00,1.87
2016.05.16 19:34:00.833,1.46022,1.46045,1.00,1.00
2016.05.16 19:34:01.139,1.46023,1.46046,1.37,1.50
2016.05.16 19:34:01.646,1.46024,1.46046,1.50,1.00
2016.05.16 19:34:01.949,1.46026,1.46044,1.12,1.00
2016.05.16 19:34:02.491,1.46026,1.46045,1.12,1.00
2016.05.16 19:34:02.795,1.46026,1.46049,1.12,1.12
2016.05.16 19:34:02.897,1.46029,1.46052,1.00,2.32
2016.05.16 19:34:02.999,1.4603,1.46053,1.37,1.50
2016.05.16 19:34:03.354,1.46039,1.46055,1.00,1.50
2016.05.16 19:34:03.543,1.46039,1.46057,1.12,1.12
2016.05.16 19:34:03.596,1.46036,1.46057,1.50,1.12
2016.05.16 19:34:03.700,1.46036,1.46058,1.37,1.75
2016.05.16 19:34:04.005,1.46033,1.46056,1.00,1.37
2016.05.16 19:34:04.056,1.46031,1.46052,1.12,1.00
2016.05.16 19:34:04.565,1.46032,1.46052,1.00,1.12
2016.05.16 19:34:05.113,1.46033,1.46052,1.00,1.00
2016.05.16 19:34:05.620,1.46032,1.46052,1.00,1.12
2016.05.16 19:34:05.831,1.46029,1.46052,2.25,1.12
2016.05.16 19:34:05.882,1.46029,1.46049,1.37,1.00
2016.05.16 19:34:05.984,1.46026,1.46049,1.00,1.87
2016.05.16 19:34:06.136,1.46026,1.46049,1.12,1.12
2016.05.16 19:34:08.124,1.46026,1.46049,1.50,1.00
2016.05.16 19:34:10.611,1.46026,1.46049,1.50,1.00
2016.05.16 19:34:11.496,1.46028,1.46049,1.50,1.00
2016.05.16 19:34:11.952,1.46027,1.46049,1.37,1.00
2016.05.16 19:34:12.622,1.46026,1.46049,1.50,1.00
2016.05.16 19:34:12.774,1.46027,1.46049,1.12,1.00
2016.05.16 19:34:14.719,1.46029,1.46049,1.12,1.00
2016.05.16 19:34:14.770,1.4603,1.46052,1.50,1.00
2016.05.16 19:34:14.973,1.46034,1.46055,1.75,1.00
2016.05.16 19:34:15.126,1.46033,1.46055,1.37,1.00
2016.05.16 19:34:15.815,1.46033,1.46052,1.50,1.50
2016.05.16 19:34:15.918,1.46031,1.46051,1.37,1.12
2016.05.16 19:34:15.969,1.4603,1.46049,1.37,1.00
2016.05.16 19:34:16.121,1.46029,1.46049,1.12,1.00
2016.05.16 19:34:16.172,1.46029,1.46049,1.75,1.00
2016.05.16 19:34:16.711,1.46031,1.46049,1.12,1.00
2016.05.16 19:34:16.982,1.46029,1.46048,1.37,1.00
2016.05.16 19:34:17.440,1.46027,1.46048,3.75,1.00
2016.05.16 19:34:17.491,1.46027,1.46048,4.87,1.00
2016.05.16 19:34:17.952,1.46028,1.46048,1.12,1.00
2016.05.16 19:34:20.155,1.46028,1.46048,1.75,1.37
2016.05.16 19:34:20.673,1.46028,1.46048,1.12,1.00
2016.05.16 19:34:20.977,1.46033,1.46048,1.37,1.00
2016.05.16 19:34:21.028,1.46035,1.4605,1.00,1.00
2016.05.16 19:34:21.079,1.46035,1.46054,1.00,1.57
2016.05.16 19:34:21.130,1.46033,1.46053,1.00,1.12
2016.05.16 19:34:21.638,1.46032,1.46052,1.12,1.00
2016.05.16 19:34:21.801,1.46031,1.46052,1.00,1.00
2016.05.16 19:34:22.162,1.46034,1.46055,1.00,1.50
2016.05.16 19:34:22.466,1.46036,1.46055,1.12,1.00
2016.05.16 19:34:23.728,1.46034,1.46055,1.12,1.37
2016.05.16 19:34:23.884,1.4603,1.46049,1.00,1.00
2016.05.16 19:34:24.036,1.46031,1.46047,1.00,1.00
2016.05.16 19:34:24.087,1.46028,1.4605,1.37,1.00
2016.05.16 19:34:25.203,1.4603,1.4605,1.12,1.00
2016.05.16 19:34:27.529,1.46033,1.46054,2.07,1.00
2016.05.16 19:34:27.581,1.46037,1.46054,1.00,1.00
2016.05.16 19:34:27.683,1.46033,1.46057,1.87,1.50
2016.05.16 19:34:27.734,1.46033,1.46057,2.25,1.12
2016.05.16 19:34:28.088,1.46035,1.46054,1.12,1.00
2016.05.16 19:34:28.241,1.46033,1.46054,1.50,1.00
2016.05.16 19:34:28.347,1.46032,1.46054,1.12,1.00
2016.05.16 19:34:28.550,1.46032,1.46051,1.12,1.00
2016.05.16 19:34:29.697,1.46031,1.46051,1.37,1.00
2016.05.16 19:34:29.749,1.4603,1.46051,1.50,1.00
2016.05.16 19:34:30.155,1.46029,1.46049,1.12,1.00
2016.05.16 19:34:30.813,1.46028,1.46049,1.37,1.00
2016.05.16 19:34:30.866,1.46026,1.46049,2.25,1.00
2016.05.16 19:34:31.862,1.46029,1.46049,1.00,1.00
2016.05.16 19:34:31.964,1.4603,1.46051,1.12,1.00
2016.05.16 19:34:32.268,1.46032,1.46051,1.00,1.00
2016.05.16 19:34:32.677,1.46033,1.46051,1.37,1.00
2016.05.16 19:34:32.729,1.46034,1.46055,1.50,1.37
2016.05.16 19:34:33.237,1.46035,1.46055,1.50,1.00
2016.05.16 19:34:38.855,1.46031,1.46054,3.00,1.00
2016.05.16 19:34:38.906,1.46031,1.46051,2.62,1.00
2016.05.16 19:34:39.008,1.46029,1.46051,1.75,1.00
2016.05.16 19:34:39.515,1.46028,1.46051,2.11,1.00
2016.05.16 19:34:40.242,1.46029,1.46051,2.25,1.00
2016.05.16 19:34:44.645,1.46032,1.46054,1.12,1.87
2016.05.16 19:34:45.759,1.46033,1.46054,1.50,1.00
2016.05.16 19:34:46.481,1.46034,1.46054,1.37,1.00
2016.05.16 19:34:46.668,1.46035,1.46054,1.75,1.00
2016.05.16 19:34:46.972,1.46039,1.46056,1.00,1.00
2016.05.16 19:34:47.277,1.46043,1.46059,1.37,1.00
2016.05.16 19:34:48.139,1.46041,1.46059,1.37,1.00
2016.05.16 19:34:48.190,1.4604,1.46059,1.37,1.00
2016.05.16 19:34:48.512,1.46038,1.46059,1.00,1.00
2016.05.16 19:34:48.564,1.46037,1.46056,1.37,1.00
2016.05.16 19:34:51.146,1.46037,1.46059,1.75,1.00
2016.05.16 19:34:51.197,1.46039,1.46059,1.37,1.00
2016.05.16 19:34:51.705,1.46042,1.46059,1.00,1.00
2016.05.16 19:34:53.362,1.46038,1.46058,1.00,1.00
2016.05.16 19:34:53.464,1.46039,1.46054,1.37,1.00
2016.05.16 19:34:53.594,1.46035,1.46054,1.12,1.00
2016.05.16 19:34:53.696,1.46035,1.46054,1.37,1.00
2016.05.16 19:34:54.000,1.46037,1.46054,1.12,1.00
2016.05.16 19:34:54.358,1.46033,1.46054,1.12,1.00
2016.05.16 19:34:55.349,1.46034,1.46054,1.00,1.00
2016.05.16 19:34:56.992,1.46032,1.46051,1.12,1.37
2016.05.16 19:34:57.168,1.46028,1.46051,1.87,1.37
2016.05.16 19:34:57.270,1.46029,1.46051,1.12,1.00
2016.05.16 19:35:00.667,1.4603,1.46051,1.00,1.00
2016.05.16 19:35:01.644,1.4603,1.46047,1.00,1.00
2016.05.16 19:35:03.060,1.46025,1.46047,1.12,1.00
2016.05.16 19:35:03.697,1.46025,1.46047,2.25,1.00
2016.05.16 19:35:05.281,1.46028,1.46047,1.12,1.00
2016.05.16 19:35:09.093,1.46031,1.46047,1.12,1.00
2016.05.16 19:35:11.180,1.4603,1.46047,1.75,1.00
2016.05.16 19:35:11.318,1.46027,1.46047,1.12,1.00
2016.05.16 19:35:11.369,1.46028,1.46047,1.00,1.00
2016.05.16 19:35:12.374,1.46027,1.46047,1.12,1.00
2016.05.16 19:35:13.580,1.46027,1.46047,2.25,1.00
2016.05.16 19:35:14.087,1.46029,1.46047,1.75,1.00
2016.05.16 19:35:14.189,1.46031,1.46051,1.37,1.00
2016.05.16 19:35:14.393,1.46028,1.46051,1.75,1.00
2016.05.16 19:35:16.795,1.46032,1.46053,1.50,1.00
2016.05.16 19:35:16.898,1.46033,1.46057,1.50,1.50
2016.05.16 19:35:16.949,1.46033,1.46057,1.50,1.50
2016.05.16 19:35:17.286,1.46035,1.46057,2.25,1.00
2016.05.16 19:35:18.377,1.46035,1.46057,3.00,1.00
2016.05.16 19:35:18.682,1.46038,1.46057,1.75,1.00
2016.05.16 19:35:20.577,1.46035,1.46057,1.87,1.37
2016.05.16 19:35:20.679,1.46033,1.46057,1.75,1.37
2016.05.16 19:35:21.815,1.46032,1.46057,1.50,1.75
2016.05.16 19:35:22.133,1.46032,1.46052,1.00,1.00
2016.05.16 19:35:22.415,1.46029,1.46052,1.50,1.12
2016.05.16 19:35:24.703,1.46029,1.46052,1.50,1.37
2016.05.16 19:35:26.400,1.46029,1.4605,1.00,1.00
2016.05.16 19:35:26.936,1.46029,1.46052,1.00,1.37
2016.05.16 19:35:27.441,1.46028,1.4605,1.37,1.12
2016.05.16 19:35:28.106,1.46027,1.4605,1.12,1.37
2016.05.16 19:35:30.278,1.46027,1.46046,1.12,1.00
2016.05.16 19:35:30.582,1.46023,1.46042,1.75,1.00
2016.05.16 19:35:30.633,1.46023,1.46042,1.00,1.00
2016.05.16 19:35:30.786,1.46023,1.46045,2.62,1.12
2016.05.16 19:35:31.090,1.46027,1.46045,1.50,1.00
2016.05.16 19:35:31.141,1.46027,1.46049,1.50,1.00
2016.05.16 19:35:31.192,1.46029,1.46049,1.75,1.00
2016.05.16 19:35:31.738,1.46033,1.46051,1.00,1.37
2016.05.16 19:35:32.322,1.46033,1.46051,1.00,1.87
2016.05.16 19:35:33.256,1.46029,1.46049,1.75,1.00
2016.05.16 19:35:33.307,1.46027,1.46049,1.37,1.37
2016.05.16 19:35:34.383,1.46027,1.46047,1.37,1.12
2016.05.16 19:35:35.632,1.46027,1.46047,1.37,1.37
2016.05.16 19:35:35.936,1.46026,1.46045,1.37,1.37
2016.05.16 19:35:37.827,1.46026,1.46042,1.37,1.00
2016.05.16 19:35:38.262,1.46026,1.46045,1.37,1.00
2016.05.16 19:35:38.553,1.46026,1.46045,1.37,1.87
2016.05.16 19:35:38.990,1.46026,1.46045,1.37,1.12
2016.05.16 19:35:39.193,1.46028,1.46047,1.12,1.12
2016.05.16 19:35:39.704,1.4603,1.4605,1.12,1.87
2016.05.16 19:35:41.399,1.4603,1.4605,1.12,1.87
2016.05.16 19:35:44.540,1.46029,1.46053,1.87,3.00
2016.05.16 19:35:44.591,1.46034,1.46053,1.00,2.25
2016.05.16 19:35:44.896,1.46038,1.46056,1.37,1.00
2016.05.16 19:35:45.203,1.46031,1.46048,1.12,1.00
2016.05.16 19:35:45.254,1.4603,1.46048,1.12,1.00
2016.05.16 19:35:45.356,1.46027,1.46048,1.00,1.50
2016.05.16 19:35:46.034,1.46026,1.46048,1.50,1.50
2016.05.16 19:35:46.237,1.46026,1.4605,1.87,1.87
2016.05.16 19:35:48.215,1.46025,1.46047,1.87,1.37
2016.05.16 19:35:48.266,1.46025,1.46047,1.50,1.37
2016.05.16 19:35:49.126,1.46024,1.46044,1.75,1.00
2016.05.16 19:35:50.257,1.46028,1.46044,1.00,1.00
2016.05.16 19:35:50.308,1.46028,1.46047,1.00,1.12
2016.05.16 19:35:51.858,1.46025,1.46047,1.50,1.12
2016.05.16 19:35:52.808,1.46024,1.46047,1.87,1.37
2016.05.16 19:35:54.121,1.46026,1.46047,1.50,1.50
2016.05.16 19:35:54.223,1.46028,1.46047,1.37,1.12
2016.05.16 19:35:54.842,1.46026,1.46047,1.87,1.37
2016.05.16 19:35:55.044,1.46024,1.46044,1.12,1.00
2016.05.16 19:35:55.352,1.46023,1.46042,1.37,1.00
2016.05.16 19:35:56.550,1.46022,1.46043,1.12,1.12
2016.05.16 19:35:56.853,1.46022,1.46041,1.12,1.37
2016.05.16 19:35:57.954,1.46022,1.46041,1.12,1.12
2016.05.16 19:35:58.110,1.46022,1.46041,1.00,1.12
2016.05.16 19:35:58.733,1.46022,1.46042,1.50,1.37
2016.05.16 19:35:59.404,1.46022,1.46043,1.87,1.37
2016.05.16 19:36:00.705,1.46022,1.46043,1.87,1.12
2016.05.16 19:36:06.245,1.46022,1.46042,1.87,1.00
2016.05.16 19:36:08.192,1.46022,1.46044,1.87,1.87
2016.05.16 19:36:11.248,1.46022,1.46042,1.87,1.00
2016.05.16 19:36:13.368,1.46022,1.46044,1.37,1.87
2016.05.16 19:36:14.769,1.46021,1.46044,2.25,1.87
2016.05.16 19:36:18.045,1.46021,1.46041,2.25,1.00
2016.05.16 19:36:18.451,1.46018,1.4604,2.25,1.12
2016.05.16 19:36:19.721,1.46018,1.4604,1.87,1.37
2016.05.16 19:36:21.126,1.4602,1.4604,1.00,1.00
2016.05.16 19:36:23.882,1.46018,1.46039,2.25,1.00
2016.05.16 19:36:25.066,1.4602,1.4604,1.00,1.00
2016.05.16 19:36:34.712,1.4602,1.4604,1.87,1.00
2016.05.16 19:36:40.175,1.46019,1.4604,1.87,1.37
2016.05.16 19:36:40.328,1.46017,1.4604,1.87,1.37
2016.05.16 19:36:43.158,1.46017,1.4604,2.62,1.12
2016.05.16 19:36:43.209,1.4602,1.4604,1.12,1.12
2016.05.16 19:36:47.625,1.46015,1.46035,3.37,1.00
2016.05.16 19:36:47.727,1.46015,1.4604,2.25,2.25
2016.05.16 19:36:48.393,1.46016,1.46038,1.87,1.37
2016.05.16 19:36:48.932,1.46018,1.46038,1.12,1.37
2016.05.16 19:36:51.569,1.46018,1.46035,1.12,1.37
2016.05.16 19:36:51.620,1.46014,1.46035,3.75,1.37
2016.05.16 19:36:51.672,1.46014,1.46033,1.87,1.37
2016.05.16 19:36:51.723,1.46014,1.46033,1.00,1.37
2016.05.16 19:36:52.282,1.46014,1.46033,1.00,1.00
2016.05.16 19:36:58.943,1.46018,1.46033,1.00,1.00
2016.05.16 19:36:59.251,1.46022,1.4604,1.00,1.12
2016.05.16 19:37:03.276,1.46022,1.4604,1.00,1.37
2016.05.16 19:37:04.360,1.4602,1.4604,1.50,1.37
2016.05.16 19:37:05.084,1.46023,1.4604,1.00,1.00
2016.05.16 19:37:05.641,1.46024,1.4604,1.12,1.00
2016.05.16 19:37:06.461,1.46023,1.4604,1.12,1.00
2016.05.16 19:37:12.241,1.46024,1.46044,1.12,1.12
2016.05.16 19:37:12.343,1.46028,1.46044,1.00,1.12
2016.05.16 19:37:12.394,1.46028,1.4605,1.37,2.62
2016.05.16 19:37:12.497,1.46032,1.4605,1.12,1.00
2016.05.16 19:37:12.801,1.46033,1.46053,1.12,1.00
2016.05.16 19:37:12.853,1.46032,1.46053,1.50,1.00
2016.05.16 19:37:13.062,1.46032,1.4605,1.00,1.00
2016.05.16 19:37:13.373,1.46024,1.46047,1.87,1.37
2016.05.16 19:37:18.398,1.46025,1.46047,1.50,1.37
2016.05.16 19:37:18.449,1.46027,1.46047,1.12,1.37
2016.05.16 19:37:18.967,1.46027,1.46047,1.12,1.00
2016.05.16 19:37:24.107,1.46033,1.46047,1.00,1.00
2016.05.16 19:37:24.158,1.46033,1.4605,1.00,1.00
2016.05.16 19:37:24.311,1.46031,1.4605,1.00,1.37
2016.05.16 19:37:24.616,1.46027,1.46047,1.12,1.12
2016.05.16 19:37:24.754,1.46022,1.46045,1.87,1.37
2016.05.16 19:37:25.260,1.46022,1.46045,1.87,1.37
2016.05.16 19:37:25.312,1.46025,1.46045,1.12,1.37
2016.05.16 19:37:26.160,1.46026,1.46045,1.75,1.37
2016.05.16 19:37:26.262,1.46028,1.46049,1.50,1.37
2016.05.16 19:37:26.313,1.46029,1.46049,1.00,1.00
2016.05.16 19:37:26.416,1.46032,1.46049,1.00,1.00
2016.05.16 19:37:26.800,1.46032,1.46049,1.12,1.50
2016.05.16 19:37:26.961,1.46027,1.46048,1.12,1.87
2016.05.16 19:37:27.316,1.46025,1.46044,1.87,1.37
2016.05.16 19:37:27.367,1.46025,1.46044,1.12,1.37
2016.05.16 19:37:27.785,1.46025,1.46044,1.50,1.37
2016.05.16 19:37:28.140,1.46027,1.46047,1.12,1.37
2016.05.16 19:37:28.191,1.46027,1.46047,1.12,1.12
2016.05.16 19:37:28.292,1.46027,1.46047,1.75,1.12
2016.05.16 19:37:33.425,1.46029,1.46047,1.12,1.37
2016.05.16 19:37:33.578,1.46026,1.46047,1.12,1.37
2016.05.16 19:37:35.446,1.46026,1.46047,1.87,1.37
2016.05.16 19:37:35.497,1.46027,1.46047,1.12,1.00
2016.05.16 19:37:36.374,1.46029,1.46049,1.12,1.37
2016.05.16 19:37:36.916,1.46029,1.46049,1.12,1.00
2016.05.16 19:37:46.129,1.46029,1.46049,1.50,1.00
2016.05.16 19:37:46.637,1.46031,1.46049,1.00,1.00
2016.05.16 19:37:50.487,1.46032,1.46049,1.00,1.00
2016.05.16 19:37:53.490,1.46029,1.46049,2.25,1.50
2016.05.16 19:37:54.082,1.46029,1.46049,1.50,1.00
2016.05.16 19:37:54.686,1.46029,1.46049,1.87,1.00
2016.05.16 19:37:55.194,1.4603,1.46049,1.37,1.00
2016.05.16 19:37:56.082,1.46031,1.46052,1.12,1.12
2016.05.16 19:37:56.133,1.46031,1.46052,1.50,1.00
2016.05.16 19:37:56.438,1.46034,1.46055,1.12,1.37
2016.05.16 19:37:57.476,1.46034,1.46051,1.12,1.00
2016.05.16 19:37:57.628,1.46031,1.46051,1.37,1.12
2016.05.16 19:37:57.730,1.46031,1.46049,1.37,1.00
2016.05.16 19:37:58.034,1.46025,1.46046,1.87,1.00
2016.05.16 19:37:58.187,1.46024,1.46043,1.12,1.00
2016.05.16 19:37:58.340,1.4602,1.46043,2.62,1.37
2016.05.16 19:37:58.647,1.4602,1.46043,2.25,1.00
2016.05.16 19:37:59.303,1.46022,1.46043,3.00,1.00
2016.05.16 19:37:59.608,1.46024,1.46043,1.37,1.00
2016.05.16 19:37:59.912,1.46024,1.46043,1.37,1.37
2016.05.16 19:38:00.015,1.46021,1.46043,1.50,1.37
2016.05.16 19:38:01.051,1.4602,1.46043,1.75,1.37
2016.05.16 19:38:09.632,1.46022,1.46043,1.00,1.00
2016.05.16 19:38:09.835,1.46024,1.46043,1.37,1.00
2016.05.16 19:38:11.377,1.46024,1.46046,1.50,1.12
2016.05.16 19:38:13.237,1.46024,1.46046,1.37,1.37
2016.05.16 19:38:13.440,1.46022,1.46043,1.12,1.00
2016.05.16 19:38:16.841,1.46022,1.46043,2.62,1.00
2016.05.16 19:38:18.142,1.46026,1.46043,1.50,1.00
2016.05.16 19:38:18.243,1.46026,1.46048,1.87,1.00
2016.05.16 19:38:19.551,1.46029,1.46051,1.12,1.12
2016.05.16 19:38:20.137,1.46029,1.46051,1.37,1.00
2016.05.16 19:38:20.656,1.46031,1.46051,1.50,1.00
2016.05.16 19:38:22.175,1.46032,1.46054,1.00,1.12
2016.05.16 19:38:23.531,1.46032,1.46054,1.50,1.12
2016.05.16 19:38:23.683,1.46032,1.46054,1.00,1.12
2016.05.16 19:38:24.214,1.46031,1.46054,1.75,1.00
2016.05.16 19:38:24.748,1.46031,1.46053,1.37,1.00
2016.05.16 19:38:27.907,1.46031,1.46054,1.37,1.12
2016.05.16 19:38:28.060,1.46033,1.46054,1.12,1.37
2016.05.16 19:38:29.160,1.46033,1.46054,1.12,1.00
2016.05.16 19:38:31.584,1.46033,1.46054,1.12,1.37
2016.05.16 19:38:32.735,1.46033,1.46054,1.12,1.37
2016.05.16 19:38:34.263,1.46033,1.46054,1.12,1.87
2016.05.16 19:38:34.770,1.46031,1.46054,1.37,1.87
2016.05.16 19:38:35.761,1.46031,1.46054,1.37,1.87
2016.05.16 19:38:36.461,1.46031,1.4605,1.37,1.00
2016.05.16 19:38:36.562,1.46028,1.4605,2.25,1.12
2016.05.16 19:38:47.988,1.46031,1.4605,1.37,1.00
2016.05.16 19:38:48.039,1.46031,1.46053,1.37,1.00
2016.05.16 19:38:48.660,1.46031,1.46053,1.00,1.37
2016.05.16 19:38:49.217,1.4603,1.46053,1.00,1.37
2016.05.16 19:38:50.341,1.4603,1.46049,1.00,1.50
2016.05.16 19:38:50.647,1.46021,1.46041,1.37,1.37
2016.05.16 19:38:51.896,1.46021,1.46041,1.37,1.37
2016.05.16 19:38:54.138,1.46021,1.46037,1.37,1.00
2016.05.16 19:38:54.291,1.46014,1.46037,1.85,1.37
2016.05.16 19:38:54.342,1.46014,1.46036,1.00,1.12
2016.05.16 19:38:55.038,1.46016,1.46036,1.00,1.12
2016.05.16 19:38:55.359,1.46028,1.46045,1.12,1.37
2016.05.16 19:38:55.461,1.4602,1.46042,1.12,1.37
2016.05.16 19:38:56.393,1.46017,1.46038,1.87,1.12
2016.05.16 19:38:56.495,1.46017,1.46037,1.00,1.37
2016.05.16 19:38:56.647,1.46014,1.46034,1.00,1.00
2016.05.16 19:38:57.178,1.46011,1.46033,1.12,1.37
2016.05.16 19:38:57.485,1.46002,1.46024,1.12,1.87
2016.05.16 19:39:00.128,1.46001,1.46021,1.12,1.12
2016.05.16 19:39:00.281,1.46003,1.46023,1.50,1.50
2016.05.16 19:39:00.434,1.46006,1.46028,1.37,1.87
2016.05.16 19:39:00.559,1.46007,1.46028,1.87,1.12
2016.05.16 19:39:01.467,1.46008,1.46028,1.37,1.00
2016.05.16 19:39:01.923,1.46008,1.46032,1.37,1.12
2016.05.16 19:39:03.968,1.46008,1.46029,1.50,1.00
2016.05.16 19:39:10.016,1.46007,1.46029,1.12,1.50
2016.05.16 19:39:10.320,1.46003,1.46023,1.12,1.37
2016.05.16 19:39:11.016,1.46004,1.46022,1.00,1.12
2016.05.16 19:39:12.541,1.46,1.46022,1.00,1.12
2016.05.16 19:39:12.794,1.45999,1.4602,1.37,1.00
2016.05.16 19:39:22.378,1.45999,1.46014,1.37,1.00
2016.05.16 19:39:22.479,1.45995,1.46012,1.00,1.00
2016.05.16 19:39:22.581,1.45991,1.46012,1.87,1.00
2016.05.16 19:39:23.631,1.45991,1.46012,1.37,1.00
2016.05.16 19:39:24.175,1.45991,1.46014,1.37,1.00
2016.05.16 19:39:26.668,1.45991,1.46014,1.12,1.00
2016.05.16 19:39:27.372,1.45991,1.46015,1.87,1.00
2016.05.16 19:39:29.074,1.45991,1.46015,1.12,1.00
2016.05.16 19:39:30.212,1.45991,1.46013,1.12,1.00
2016.05.16 19:39:30.365,1.45992,1.46013,1.00,1.00
2016.05.16 19:39:31.968,1.4599,1.4601,3.00,1.00
2016.05.16 19:39:32.071,1.45987,1.46009,1.12,1.12
2016.05.16 19:39:32.173,1.45985,1.46009,1.00,1.50
2016.05.16 19:39:33.283,1.45984,1.4601,1.12,2.62
2016.05.16 19:39:33.707,1.45985,1.46011,1.87,1.87
2016.05.16 19:39:33.860,1.45989,1.46013,1.75,2.25
2016.05.16 19:39:34.790,1.45989,1.46014,1.75,2.25
2016.05.16 19:39:35.044,1.45989,1.46014,1.50,2.25
2016.05.16 19:39:35.348,1.45984,1.46007,1.12,1.00
2016.05.16 19:39:35.895,1.45984,1.46009,1.12,1.50
2016.05.16 19:39:37.474,1.45983,1.46005,1.75,1.00
2016.05.16 19:39:37.792,1.4598,1.46001,1.12,1.75
2016.05.16 19:39:37.894,1.45975,1.46001,1.12,1.75
2016.05.16 19:39:38.249,1.45975,1.46001,1.37,2.62
2016.05.16 19:39:40.151,1.45974,1.46,2.25,1.87
2016.05.16 19:39:41.275,1.45972,1.45998,2.25,2.25
2016.05.16 19:39:42.356,1.45973,1.45998,1.37,2.25
2016.05.16 19:39:46.838,1.45974,1.46,1.37,2.62
2016.05.16 19:39:47.403,1.45975,1.46,1.12,1.87
2016.05.16 19:39:48.678,1.45976,1.46,1.12,1.00
2016.05.16 19:39:48.781,1.45978,1.46,1.37,1.00
2016.05.16 19:39:48.985,1.4598,1.46002,1.87,1.12
2016.05.16 19:39:49.036,1.45981,1.46005,1.37,1.12
2016.05.16 19:39:49.188,1.45981,1.46005,1.00,1.87
2016.05.16 19:39:52.482,1.45985,1.46005,1.00,1.12
2016.05.16 19:39:52.634,1.45983,1.46005,1.87,1.12
2016.05.16 19:39:52.685,1.45986,1.46005,1.50,1.12
2016.05.16 19:39:52.787,1.4599,1.46013,1.37,1.00
2016.05.16 19:39:52.990,1.45989,1.46014,1.12,1.50
2016.05.16 19:39:53.092,1.45986,1.46011,1.12,1.50
2016.05.16 19:39:53.396,1.45984,1.46009,1.87,1.00
2016.05.16 19:39:53.700,1.45985,1.46011,1.50,1.75
2016.05.16 19:39:54.004,1.45988,1.46012,1.12,1.37
2016.05.16 19:39:54.359,1.45989,1.46013,1.37,1.00
2016.05.16 19:39:54.995,1.45989,1.46015,1.12,2.25
2016.05.16 19:39:55.299,1.45991,1.46015,1.12,1.00
2016.05.16 19:39:55.806,1.45991,1.46017,1.75,2.25
2016.05.16 19:39:56.312,1.45992,1.46017,1.37,1.50
2016.05.16 19:39:57.469,1.45995,1.46018,1.37,1.12
2016.05.16 19:39:57.672,1.45994,1.46017,1.00,2.25
2016.05.16 19:39:57.875,1.45993,1.46019,1.50,1.12
2016.05.16 19:39:58.172,1.45997,1.46021,1.37,1.50
2016.05.16 19:39:58.581,1.45998,1.46022,1.12,1.37
2016.05.16 19:39:58.734,1.46001,1.46021,1.00,1.12
2016.05.16 19:39:59.307,1.46002,1.46021,1.00,1.00
2016.05.16 19:40:00.244,1.45999,1.46025,2.25,1.87
2016.05.16 19:40:00.295,1.45999,1.46023,1.12,1.12
2016.05.16 19:40:00.549,1.46002,1.46027,1.87,2.25
2016.05.16 19:40:00.600,1.46002,1.46027,1.57,2.25
2016.05.16 19:40:00.702,1.46003,1.46027,1.50,1.50
2016.05.16 19:40:00.803,1.46003,1.46029,1.87,2.25
2016.05.16 19:40:01.823,1.46005,1.4603,1.87,1.12
2016.05.16 19:40:02.173,1.46006,1.46031,2.62,1.50
2016.05.16 19:40:02.427,1.46008,1.46033,1.50,1.75
2016.05.16 19:40:03.733,1.46006,1.46032,3.00,2.25
2016.05.16 19:40:04.278,1.46006,1.46032,2.62,2.62
2016.05.16 19:40:04.812,1.46006,1.46032,1.87,2.62
2016.05.16 19:40:05.686,1.46006,1.46032,1.50,2.62
2016.05.16 19:40:06.964,1.46006,1.46032,1.87,3.37
2016.05.16 19:40:07.606,1.46006,1.46029,1.87,1.00
2016.05.16 19:40:08.764,1.46006,1.46032,1.12,2.62
2016.05.16 19:40:09.013,1.46006,1.46032,2.25,1.87
2016.05.16 19:40:09.701,1.46007,1.46031,1.20,1.12
2016.05.16 19:40:09.954,1.46,1.46024,1.47,1.37
2016.05.16 19:40:12.296,1.46,1.46022,1.37,1.37
2016.05.16 19:40:13.071,1.46001,1.46022,1.00,1.00
2016.05.16 19:40:13.578,1.46,1.46022,1.37,1.37
2016.05.16 19:40:18.859,1.46,1.46019,1.37,1.00
2016.05.16 19:40:19.315,1.45996,1.46018,1.12,1.00
2016.05.16 19:40:19.879,1.45996,1.46017,1.87,1.00
2016.05.16 19:40:20.031,1.45996,1.46019,1.87,2.62
2016.05.16 19:40:20.551,1.45996,1.46019,2.32,1.87
2016.05.16 19:40:22.632,1.45998,1.46019,1.12,1.00
2016.05.16 19:40:23.139,1.45999,1.46022,1.12,1.87
2016.05.16 19:40:25.990,1.45999,1.46019,1.12,1.00
2016.05.16 19:40:26.244,1.45995,1.46016,1.12,1.12
2016.05.16 19:40:26.295,1.45993,1.46016,1.12,1.37
2016.05.16 19:40:26.346,1.45992,1.46014,1.95,1.37
2016.05.16 19:40:27.486,1.45992,1.46014,1.12,1.37
2016.05.16 19:40:29.931,1.45991,1.46011,1.12,1.37
2016.05.16 19:40:30.236,1.45989,1.46008,1.37,1.12
2016.05.16 19:40:30.287,1.45987,1.46008,1.12,1.12
2016.05.16 19:40:30.389,1.45986,1.46008,1.00,1.12
2016.05.16 19:40:30.491,1.45987,1.4601,1.37,1.50
2016.05.16 19:40:30.795,1.4599,1.46012,1.37,1.37
2016.05.16 19:40:33.229,1.45991,1.46012,1.12,1.12
2016.05.16 19:40:33.331,1.45993,1.46016,1.50,1.37
2016.05.16 19:40:33.433,1.45995,1.46016,1.37,1.00
2016.05.16 19:40:33.888,1.45996,1.46016,1.12,1.37
2016.05.16 19:40:33.939,1.45993,1.46016,1.12,1.37
2016.05.16 19:40:33.991,1.45993,1.46016,1.12,1.50
2016.05.16 19:40:34.882,1.4599,1.46013,1.75,1.37
2016.05.16 19:40:34.988,1.45988,1.4601,1.75,1.12
2016.05.16 19:40:35.039,1.45988,1.4601,1.12,1.37
2016.05.16 19:40:36.056,1.45988,1.4601,1.12,1.37
2016.05.16 19:40:36.107,1.45991,1.46014,1.12,1.37
2016.05.16 19:40:36.209,1.45991,1.46014,1.85,1.00
2016.05.16 19:40:36.361,1.45993,1.46014,1.75,1.00
2016.05.16 19:40:36.812,1.45995,1.46016,1.12,1.00
2016.05.16 19:40:36.965,1.45997,1.46016,1.20,1.00
2016.05.16 19:40:37.016,1.45999,1.46019,1.12,1.87
2016.05.16 19:40:38.099,1.46001,1.4602,1.00,1.00
2016.05.16 19:40:38.748,1.46001,1.46021,1.00,1.00
2016.05.16 19:40:39.052,1.46001,1.46024,1.00,1.37
2016.05.16 19:40:40.194,1.46001,1.46024,1.57,1.12
2016.05.16 19:40:41.606,1.46001,1.46024,1.57,1.00
2016.05.16 19:40:44.438,1.46001,1.46024,1.57,1.12
2016.05.16 19:40:45.034,1.46,1.46022,1.12,1.00
2016.05.16 19:40:47.414,1.45999,1.46022,1.12,1.37
2016.05.16 19:40:47.821,1.45999,1.46022,1.12,1.00
2016.05.16 19:40:47.923,1.45999,1.46019,1.12,1.00
2016.05.16 19:40:54.669,1.45999,1.46019,1.37,1.00
2016.05.16 19:40:59.510,1.45999,1.46018,1.37,1.00
2016.05.16 19:41:04.575,1.45999,1.46017,1.37,1.00
2016.05.16 19:41:10.510,1.45999,1.46018,1.50,1.00
2016.05.16 19:41:10.662,1.45999,1.46021,1.50,1.00
2016.05.16 19:41:11.169,1.45999,1.46021,1.00,1.00
2016.05.16 19:41:11.675,1.45998,1.46021,1.87,1.00
2016.05.16 19:41:16.018,1.45998,1.4602,1.12,1.00
2016.05.16 19:41:17.632,1.45999,1.4602,1.00,1.00
2016.05.16 19:41:25.634,1.45998,1.4602,1.75,1.12
2016.05.16 19:41:25.786,1.45998,1.4602,1.37,1.12
2016.05.16 19:41:30.540,1.45998,1.4602,1.00,1.50
2016.05.16 19:41:31.998,1.45996,1.46019,2.25,1.00
2016.05.16 19:41:33.635,1.45995,1.46016,1.87,1.00
2016.05.16 19:41:33.737,1.45996,1.46016,1.00,1.00
2016.05.16 19:41:37.375,1.45996,1.46019,1.12,1.37
2016.05.16 19:41:37.477,1.45999,1.46019,1.75,1.00
2016.05.16 19:41:37.731,1.45999,1.46022,2.25,1.37
2016.05.16 19:41:37.985,1.45999,1.46021,1.12,1.37
2016.05.16 19:41:38.239,1.45993,1.46017,1.00,1.50
2016.05.16 19:41:38.342,1.45994,1.46017,1.37,1.37
2016.05.16 19:41:38.684,1.45996,1.46017,1.12,1.37
2016.05.16 19:41:39.363,1.45996,1.46017,1.12,1.12
2016.05.16 19:41:39.515,1.45994,1.46017,1.37,1.12
2016.05.16 19:41:39.667,1.45994,1.46017,1.37,1.37
2016.05.16 19:41:39.769,1.45992,1.46017,1.87,1.50
2016.05.16 19:41:40.211,1.45996,1.46017,1.00,1.37
2016.05.16 19:41:40.783,1.45996,1.46017,1.00,1.37
2016.05.16 19:41:41.703,1.45991,1.46015,2.70,1.12
2016.05.16 19:41:41.754,1.45992,1.46015,1.12,1.12
2016.05.16 19:41:43.176,1.45995,1.46015,1.12,1.37
2016.05.16 19:41:44.345,1.45995,1.46015,1.12,1.12
2016.05.16 19:41:44.873,1.45993,1.46015,1.12,1.12
2016.05.16 19:41:44.924,1.45991,1.46015,1.95,1.12
2016.05.16 19:41:45.178,1.45992,1.46017,1.87,1.37
2016.05.16 19:41:45.685,1.45994,1.46017,1.37,1.37
2016.05.16 19:41:46.885,1.45994,1.46017,1.37,1.37
2016.05.16 19:41:53.109,1.45995,1.46016,1.37,1.37
2016.05.16 19:41:53.448,1.45994,1.46016,1.37,1.37
2016.05.16 19:41:58.757,1.45994,1.46015,1.37,1.37
2016.05.16 19:41:59.011,1.45991,1.46015,1.57,1.37
2016.05.16 19:41:59.565,1.45991,1.46012,1.50,1.00
2016.05.16 19:42:00.343,1.45991,1.46015,1.50,1.12
2016.05.16 19:42:00.495,1.45991,1.46015,1.87,1.12
2016.05.16 19:42:06.384,1.45993,1.46015,1.12,1.37
2016.05.16 19:42:06.691,1.45988,1.46009,1.00,1.37
2016.05.16 19:42:06.742,1.45986,1.46009,1.12,1.37
2016.05.16 19:42:08.995,1.45984,1.46009,1.95,1.37
2016.05.16 19:42:10.274,1.45984,1.46007,1.87,1.12
2016.05.16 19:42:22.632,1.45987,1.46011,1.00,1.75
2016.05.16 19:42:23.138,1.45987,1.46011,1.00,1.12
2016.05.16 19:42:23.321,1.45988,1.46013,1.87,1.12
2016.05.16 19:42:23.632,1.45989,1.46015,1.37,3.37
2016.05.16 19:42:24.210,1.45988,1.46013,1.87,1.12
2016.05.16 19:42:24.736,1.45988,1.46013,1.50,1.12
2016.05.16 19:42:25.712,1.45988,1.46013,1.50,1.75
2016.05.16 19:42:27.182,1.45988,1.46013,1.50,1.12
2016.05.16 19:42:29.630,1.45987,1.46012,1.12,1.50
2016.05.16 19:42:29.732,1.45985,1.46011,1.47,1.12
2016.05.16 19:42:30.684,1.45985,1.46011,1.47,1.75
2016.05.16 19:42:50.652,1.45984,1.46008,1.12,2.25
2016.05.16 19:42:50.907,1.45982,1.46004,1.50,1.00
2016.05.16 19:42:51.212,1.45982,1.46008,1.87,1.50
2016.05.16 19:42:55.004,1.45985,1.4601,1.00,1.87
2016.05.16 19:42:55.534,1.45984,1.4601,1.00,2.62
2016.05.16 19:43:08.047,1.45983,1.46009,2.70,1.50
2016.05.16 19:43:11.049,1.45985,1.46009,1.00,1.50
2016.05.16 19:43:14.654,1.45984,1.4601,2.62,2.25
2016.05.16 19:43:26.230,1.45985,1.46009,1.00,1.50
2016.05.16 19:43:30.567,1.45984,1.46009,1.87,1.50
2016.05.16 19:43:33.006,1.45984,1.46009,1.37,2.25
2016.05.16 19:43:34.200,1.45985,1.46009,1.00,1.50
2016.05.16 19:43:37.889,1.45986,1.4601,1.75,1.50
2016.05.16 19:43:37.940,1.45987,1.4601,1.75,1.37
2016.05.16 19:43:38.277,1.45986,1.46011,1.50,1.12
2016.05.16 19:43:39.204,1.45986,1.46011,1.50,1.12
2016.05.16 19:43:40.826,1.45987,1.46011,1.00,1.12
2016.05.16 19:43:47.110,1.45987,1.46011,1.12,1.12
2016.05.16 19:43:50.776,1.45995,1.46011,1.00,1.12
2016.05.16 19:43:50.827,1.45995,1.46013,1.00,2.25
2016.05.16 19:43:51.081,1.45998,1.46014,1.00,1.12
2016.05.16 19:43:52.442,1.45998,1.46013,1.00,1.00
2016.05.16 19:43:55.964,1.45995,1.46013,1.00,1.00
2016.05.16 19:43:56.168,1.45995,1.46013,1.00,1.37
2016.05.16 19:44:04.636,1.45995,1.46012,1.00,1.12
2016.05.16 19:44:08.234,1.45995,1.46013,1.00,1.37
2016.05.16 19:44:08.541,1.45995,1.46012,1.00,2.25
2016.05.16 19:44:08.643,1.45995,1.46012,1.00,1.87
2016.05.16 19:44:09.048,1.45995,1.46013,1.00,1.87
2016.05.16 19:44:09.150,1.45995,1.46013,1.00,1.87
2016.05.16 19:44:19.063,1.45995,1.46013,1.00,3.00
2016.05.16 19:44:19.237,1.45995,1.46013,1.00,2.62
2016.05.16 19:44:52.240,1.45996,1.4601,1.00,1.87
2016.05.16 19:44:57.672,1.45997,1.4601,1.00,1.37
2016.05.16 19:45:00.681,1.45997,1.46012,1.00,1.87
2016.05.16 19:45:02.823,1.45996,1.46012,1.00,1.87
2016.05.16 19:45:03.469,1.45997,1.46012,1.00,1.87
2016.05.16 19:45:15.955,1.45996,1.46012,1.00,1.50
2016.05.16 19:45:20.403,1.45994,1.4601,1.00,1.37
2016.05.16 19:45:21.045,1.45994,1.46011,1.00,3.00
2016.05.16 19:45:21.405,1.45994,1.46011,1.00,1.37
2016.05.16 19:45:22.931,1.45994,1.46011,1.00,1.50
2016.05.16 19:45:36.584,1.45995,1.46011,1.00,1.37
2016.05.16 19:45:37.636,1.45995,1.46011,1.00,1.37
2016.05.16 19:45:45.166,1.45996,1.46013,1.00,3.00
2016.05.16 19:45:45.217,1.45996,1.46013,1.00,2.25
2016.05.16 19:45:45.268,1.45998,1.46013,1.00,2.25
2016.05.16 19:45:45.319,1.45998,1.46014,1.00,1.12
2016.05.16 19:45:45.875,1.46001,1.46014,1.00,1.00
2016.05.16 19:45:46.435,1.46001,1.46017,1.00,1.00
2016.05.16 19:45:46.842,1.46004,1.46019,1.00,1.75
2016.05.16 19:45:46.944,1.46004,1.4602,1.00,1.50
2016.05.16 19:45:47.096,1.46006,1.4602,1.00,1.50
2016.05.16 19:45:47.416,1.46008,1.46023,1.00,1.00
2016.05.16 19:45:50.325,1.46011,1.46026,1.00,1.00
2016.05.16 19:45:50.781,1.46013,1.46027,1.00,1.00
2016.05.16 19:45:51.237,1.46013,1.4603,1.00,1.37
2016.05.16 19:45:51.339,1.46013,1.46029,1.00,1.12
2016.05.16 19:45:51.643,1.46016,1.4603,1.00,1.37
2016.05.16 19:45:55.715,1.46016,1.46032,1.00,1.75
2016.05.16 19:45:56.322,1.46016,1.46033,1.00,1.87
2016.05.16 19:45:57.506,1.46018,1.46033,1.00,1.87
2016.05.16 19:46:02.948,1.46018,1.4603,1.00,1.37
2016.05.16 19:46:03.836,1.46013,1.4603,1.00,1.50
2016.05.16 19:46:03.926,1.46013,1.46026,1.00,1.00
2016.05.16 19:46:04.448,1.46013,1.46026,1.00,1.37
2016.05.16 19:46:08.767,1.46013,1.46029,1.00,1.12
2016.05.16 19:46:09.072,1.46015,1.46029,1.00,1.00
2016.05.16 19:46:09.859,1.46015,1.4603,1.00,1.87
2016.05.16 19:46:10.841,1.46015,1.46031,1.00,1.87
2016.05.16 19:46:11.146,1.46018,1.46033,1.00,1.87
2016.05.16 19:46:11.249,1.46018,1.46033,1.00,1.87
2016.05.16 19:46:11.454,1.46018,1.46033,1.00,1.12
2016.05.16 19:46:11.758,1.46018,1.46033,1.00,1.95
2016.05.16 19:46:13.272,1.46018,1.46033,1.00,1.87
2016.05.16 19:46:14.259,1.46018,1.46034,1.00,1.75
2016.05.16 19:46:14.766,1.46018,1.46033,1.00,1.12
2016.05.16 19:46:15.473,1.46021,1.46034,1.00,2.25
2016.05.16 19:46:15.677,1.46021,1.46035,1.00,1.37
2016.05.16 19:46:16.633,1.46021,1.46035,1.00,1.87
2016.05.16 19:46:19.643,1.46021,1.46037,1.00,2.62
2016.05.16 19:46:19.707,1.46021,1.46037,1.00,2.25
2016.05.16 19:46:19.758,1.46024,1.46037,1.00,1.87
2016.05.16 19:46:20.062,1.46024,1.46037,1.00,1.37
2016.05.16 19:46:20.330,1.46024,1.46037,1.00,1.12
2016.05.16 19:46:21.689,1.46021,1.46037,1.00,1.00
2016.05.16 19:46:22.380,1.46021,1.46039,1.00,1.00
2016.05.16 19:46:22.785,1.46028,1.46039,1.00,1.00
2016.05.16 19:46:22.837,1.46021,1.46041,1.00,1.87
2016.05.16 19:46:22.888,1.46021,1.46042,1.00,1.50
2016.05.16 19:46:22.939,1.46025,1.46042,1.00,1.50
2016.05.16 19:46:23.143,1.46025,1.46045,1.00,1.37
2016.05.16 19:46:23.295,1.46022,1.46041,1.12,1.00
2016.05.16 19:46:23.600,1.46018,1.46034,1.00,1.37
2016.05.16 19:46:23.701,1.46018,1.46035,1.00,1.00
2016.05.16 19:46:23.854,1.46015,1.46037,1.00,1.12
2016.05.16 19:46:23.905,1.46012,1.46035,1.50,1.37
2016.05.16 19:46:23.956,1.46012,1.46035,1.37,1.75
2016.05.16 19:46:24.134,1.46012,1.46033,1.00,1.37
2016.05.16 19:46:28.775,1.46012,1.46034,1.00,1.00
2016.05.16 19:46:28.826,1.46015,1.46034,1.00,1.00
2016.05.16 19:46:28.979,1.46015,1.46038,1.00,2.32
2016.05.16 19:46:29.689,1.46015,1.46038,1.12,1.50
2016.05.16 19:46:29.791,1.46018,1.46039,1.00,1.87
2016.05.16 19:46:30.567,1.46018,1.46039,1.00,2.25
2016.05.16 19:46:31.844,1.46018,1.46037,1.00,1.00
2016.05.16 19:46:32.285,1.46018,1.4604,1.00,1.50
2016.05.16 19:46:33.160,1.46018,1.46039,1.00,1.50
2016.05.16 19:46:33.261,1.46018,1.46038,1.00,1.50
2016.05.16 19:46:34.560,1.46018,1.46039,1.00,1.37
2016.05.16 19:46:35.133,1.46019,1.46039,1.00,1.37
2016.05.16 19:46:35.184,1.46019,1.46039,1.00,1.50
2016.05.16 19:46:35.235,1.46014,1.46039,1.50,1.50
2016.05.16 19:46:35.286,1.46014,1.46033,1.50,1.37
2016.05.16 19:46:35.388,1.4601,1.46033,1.00,1.50
2016.05.16 19:46:36.881,1.4601,1.4603,1.00,1.00
2016.05.16 19:46:42.891,1.46008,1.4603,1.00,1.00
2016.05.16 19:46:42.992,1.46008,1.46028,1.00,1.12
2016.05.16 19:46:43.901,1.46008,1.46028,1.00,1.87
2016.05.16 19:46:47.396,1.46008,1.46028,1.00,1.12
2016.05.16 19:46:47.700,1.46008,1.46025,1.00,1.75
2016.05.16 19:46:47.803,1.46008,1.46027,1.00,1.12
2016.05.16 19:46:48.563,1.46008,1.46026,1.00,1.00
2016.05.16 19:46:48.717,1.46011,1.46029,1.00,1.12
2016.05.16 19:46:59.710,1.4601,1.4603,1.00,1.37
2016.05.16 19:47:04.926,1.4601,1.46031,1.00,1.37
2016.05.16 19:47:10.009,1.46011,1.46031,1.00,1.37
2016.05.16 19:47:11.522,1.46011,1.46031,1.00,1.12
2016.05.16 19:47:12.623,1.46011,1.46032,1.00,1.00
2016.05.16 19:47:14.079,1.46011,1.46033,1.00,2.62
2016.05.16 19:47:18.074,1.46013,1.46033,1.00,1.87
2016.05.16 19:47:19.684,1.46013,1.46033,1.00,2.62
2016.05.16 19:47:23.201,1.46012,1.46033,1.00,2.62
2016.05.16 19:47:24.888,1.46012,1.46032,1.00,1.00
2016.05.16 19:47:33.198,1.4602,1.46034,1.00,1.12
2016.05.16 19:47:33.249,1.4602,1.46036,1.00,1.50
2016.05.16 19:47:33.553,1.46017,1.4604,1.12,1.37
2016.05.16 19:47:35.597,1.46017,1.46039,1.12,1.37
2016.05.16 19:47:38.300,1.46017,1.46039,1.12,1.37
2016.05.16 19:47:38.815,1.46018,1.46039,1.00,1.37
2016.05.16 19:47:39.732,1.46018,1.46039,1.00,1.37
2016.05.16 19:47:44.451,1.46019,1.46039,1.00,1.37
2016.05.16 19:47:45.928,1.46018,1.46039,1.00,1.37
2016.05.16 19:47:47.531,1.46021,1.4604,1.00,1.37
2016.05.16 19:47:48.107,1.46021,1.4604,1.00,1.12
2016.05.16 19:47:48.381,1.46018,1.4604,1.00,1.12
2016.05.16 19:47:49.257,1.46018,1.4604,1.00,2.25
2016.05.16 19:47:52.942,1.46018,1.46039,1.00,1.50
2016.05.16 19:47:53.323,1.46013,1.46021,1.87,1.00
2016.05.16 19:47:53.374,1.4601,1.46023,1.37,1.37
2016.05.16 19:47:53.426,1.46003,1.4601,2.25,1.00
2016.05.16 19:47:53.477,1.46003,1.46007,2.25,1.00
2016.05.16 19:47:53.580,1.45992,1.45999,9.79,1.37
2016.05.16 19:47:53.632,1.4599,1.45999,1.00,1.75
2016.05.16 19:47:53.734,1.45978,1.45999,1.00,1.75
2016.05.16 19:47:53.938,1.45978,1.46001,1.00,1.50
2016.05.16 19:47:54.196,1.45976,1.46001,1.00,1.87
2016.05.16 19:47:57.409,1.45976,1.45998,1.00,1.37
2016.05.16 19:48:05.611,1.45975,1.45997,1.50,1.00
2016.05.16 19:48:06.161,1.45975,1.45999,1.87,2.25
2016.05.16 19:48:06.827,1.45975,1.45998,1.87,1.37
2016.05.16 19:48:12.251,1.45975,1.45999,1.87,2.25
2016.05.16 19:48:14.552,1.45975,1.45999,1.87,1.87
2016.05.16 19:48:15.092,1.45975,1.45998,1.87,1.00
2016.05.16 19:48:16.900,1.45978,1.45998,1.00,1.00
2016.05.16 19:48:20.200,1.45979,1.46001,1.00,1.50
2016.05.16 19:48:20.914,1.45979,1.46001,1.00,1.50
2016.05.16 19:48:22.264,1.4598,1.46001,1.00,1.50
2016.05.16 19:48:22.805,1.45979,1.46,1.00,1.37
2016.05.16 19:48:23.110,1.45979,1.46001,1.00,1.37
2016.05.16 19:48:24.069,1.45979,1.46001,1.00,1.50
2016.05.16 19:48:24.610,1.4598,1.46002,1.00,1.95
2016.05.16 19:48:25.326,1.4598,1.46002,1.00,1.95
2016.05.16 19:48:26.428,1.4598,1.46002,1.00,1.95
2016.05.16 19:48:28.726,1.4598,1.46001,1.00,1.00
2016.05.16 19:48:29.529,1.45982,1.46001,1.00,1.00
2016.05.16 19:48:30.736,1.45982,1.46002,1.00,1.12
2016.05.16 19:48:31.596,1.45985,1.46002,1.00,1.12
2016.05.16 19:48:31.748,1.45988,1.46008,1.00,1.87
2016.05.16 19:48:33.110,1.45988,1.46008,1.00,1.87
2016.05.16 19:48:35.413,1.45988,1.46008,1.00,1.87
2016.05.16 19:48:39.993,1.45991,1.46009,1.00,1.12
2016.05.16 19:48:40.146,1.45991,1.46012,1.87,1.00
2016.05.16 19:48:40.684,1.45991,1.46013,1.50,1.00
2016.05.16 19:48:44.257,1.45991,1.46014,2.62,1.50
2016.05.16 19:48:44.973,1.45993,1.46014,1.00,1.50
2016.05.16 19:48:51.333,1.45991,1.46014,1.87,1.50
2016.05.16 19:48:51.486,1.4599,1.46012,1.37,1.87
2016.05.16 19:48:51.537,1.4599,1.4601,1.00,1.87
2016.05.16 19:48:52.057,1.45989,1.46009,1.00,1.37
2016.05.16 19:48:56.778,1.45988,1.46009,1.50,1.87
2016.05.16 19:49:01.153,1.45988,1.4601,1.87,1.75
2016.05.16 19:49:01.204,1.45988,1.4601,1.87,1.12
2016.05.16 19:49:01.306,1.45996,1.46012,1.00,1.57
2016.05.16 19:49:01.567,1.45999,1.46018,3.00,1.00
2016.05.16 19:49:01.669,1.45999,1.46021,3.00,1.00
2016.05.16 19:49:01.771,1.46003,1.46021,1.00,1.00
2016.05.16 19:49:01.822,1.46003,1.46024,1.00,1.87
2016.05.16 19:49:02.350,1.46003,1.46025,1.37,1.12
2016.05.16 19:49:02.853,1.46005,1.46024,1.00,1.12
2016.05.16 19:49:03.362,1.46005,1.46023,1.00,1.50
2016.05.16 19:49:03.869,1.46005,1.46022,1.00,1.12
2016.05.16 19:49:04.464,1.46005,1.46021,1.00,1.00
2016.05.16 19:49:07.213,1.46001,1.46021,1.50,1.00
2016.05.16 19:49:07.415,1.46001,1.46021,1.50,1.87
2016.05.16 19:49:09.369,1.45999,1.46016,1.00,1.00
2016.05.16 19:49:09.924,1.45999,1.46017,1.00,1.00
2016.05.16 19:49:10.627,1.45994,1.46017,1.87,1.00
2016.05.16 19:49:10.678,1.45994,1.46015,1.50,1.00
2016.05.16 19:49:11.018,1.45994,1.46014,1.00,1.75
2016.05.16 19:49:11.729,1.45994,1.46015,1.00,1.12
2016.05.16 19:49:14.042,1.45994,1.46014,1.00,1.00
2016.05.16 19:49:16.276,1.45995,1.46014,1.00,1.00
2016.05.16 19:49:17.426,1.45998,1.46014,1.00,1.00
2016.05.16 19:49:17.730,1.45995,1.46016,1.00,1.12
2016.05.16 19:49:18.146,1.45991,1.46013,1.00,1.37
2016.05.16 19:49:18.248,1.45989,1.4601,1.50,1.37
2016.05.16 19:49:18.792,1.45989,1.4601,1.00,1.37
2016.05.16 19:49:19.147,1.45992,1.46012,1.00,1.87
2016.05.16 19:49:19.198,1.45992,1.46012,1.00,1.87
2016.05.16 19:49:19.300,1.45995,1.46013,1.00,1.37
2016.05.16 19:49:19.351,1.45995,1.46013,1.00,1.37
2016.05.16 19:49:21.649,1.45995,1.46014,1.00,1.12
2016.05.16 19:49:22.460,1.45992,1.46014,1.50,1.12
2016.05.16 19:49:22.511,1.45992,1.46012,1.50,1.00
2016.05.16 19:49:22.815,1.45986,1.46006,1.00,1.50
2016.05.16 19:49:23.980,1.45986,1.46006,1.00,1.50
2016.05.16 19:49:33.395,1.45987,1.46007,1.00,1.87
2016.05.16 19:49:33.847,1.45989,1.46006,1.00,1.00
2016.05.16 19:49:33.949,1.45989,1.46011,1.00,1.50
2016.05.16 19:49:34.000,1.45989,1.46011,1.00,1.50
2016.05.16 19:49:36.067,1.45992,1.46012,1.00,1.87
2016.05.16 19:49:36.372,1.45995,1.46013,1.00,1.37
2016.05.16 19:49:37.304,1.45995,1.46014,1.00,1.12
2016.05.16 19:49:41.295,1.45994,1.46014,1.00,1.12
2016.05.16 19:49:41.957,1.45991,1.46012,1.75,1.00
2016.05.16 19:49:42.295,1.45983,1.46002,1.00,1.75
2016.05.16 19:49:43.678,1.45983,1.46003,1.00,1.75
2016.05.16 19:49:44.122,1.45983,1.46004,1.00,2.62
2016.05.16 19:49:45.405,1.45983,1.46004,1.00,2.25
2016.05.16 19:49:45.506,1.45983,1.46003,1.00,1.00
2016.05.16 19:49:45.608,1.45983,1.46004,1.00,2.25
2016.05.16 19:49:49.175,1.45982,1.46004,1.00,1.75
2016.05.16 19:49:51.710,1.45982,1.46001,1.00,1.12
2016.05.16 19:49:51.761,1.45978,1.46001,1.00,1.12
2016.05.16 19:49:52.150,1.45982,1.46001,1.00,1.12
2016.05.16 19:49:52.539,1.45982,1.46002,1.00,1.75
2016.05.16 19:49:53.071,1.45982,1.46005,1.00,2.25
2016.05.16 19:49:54.012,1.45982,1.46005,1.00,2.25
2016.05.16 19:49:58.125,1.45982,1.46005,1.00,1.50
2016.05.16 19:49:58.177,1.45982,1.46005,1.00,1.87
2016.05.16 19:49:59.035,1.45982,1.46004,1.00,2.25
2016.05.16 19:49:59.138,1.45982,1.46004,1.00,1.37
2016.05.16 19:49:59.494,1.45985,1.46004,1.00,1.37
2016.05.16 19:50:00.623,1.45985,1.46005,1.00,2.25
2016.05.16 19:50:02.415,1.45982,1.46006,1.00,1.75
2016.05.16 19:50:02.568,1.45982,1.46003,1.00,1.75
2016.05.16 19:50:02.823,1.45982,1.46002,1.00,1.50
2016.05.16 19:50:03.510,1.45985,1.46002,1.00,1.50
2016.05.16 19:50:04.223,1.45985,1.46002,1.00,1.00
2016.05.16 19:50:04.274,1.45985,1.46006,1.00,1.12
2016.05.16 19:50:05.348,1.45985,1.46006,1.00,1.37
2016.05.16 19:50:06.641,1.45985,1.46006,1.00,2.62
2016.05.16 19:50:08.566,1.45983,1.46004,1.00,1.37
2016.05.16 19:50:09.709,1.45979,1.46002,1.37,1.12
2016.05.16 19:50:09.760,1.45978,1.46001,1.12,1.37
2016.05.16 19:50:09.862,1.4598,1.46001,1.00,1.37
2016.05.16 19:50:14.510,1.45983,1.46001,1.00,1.37
2016.05.16 19:50:15.017,1.45983,1.46005,1.00,1.50
2016.05.16 19:50:17.462,1.45983,1.46005,1.00,1.37
2016.05.16 19:50:18.259,1.45983,1.46005,1.00,1.12
2016.05.16 19:50:18.680,1.45985,1.46005,1.00,1.12
2016.05.16 19:50:21.081,1.45985,1.46005,1.00,1.37
2016.05.16 19:50:24.663,1.45986,1.46005,1.00,1.37
2016.05.16 19:50:24.714,1.45981,1.46004,1.00,1.37
2016.05.16 19:50:24.765,1.4598,1.46004,1.00,3.00
2016.05.16 19:50:25.071,1.45979,1.45999,1.00,2.25
2016.05.16 19:50:25.766,1.45979,1.45999,1.00,1.12
2016.05.16 19:50:26.278,1.45979,1.46,1.00,1.12
2016.05.16 19:50:27.124,1.45981,1.46002,1.00,2.62
2016.05.16 19:50:27.175,1.45981,1.46,1.00,1.00
2016.05.16 19:50:29.891,1.45981,1.46002,1.00,1.00
2016.05.16 19:50:32.170,1.45982,1.46002,1.00,1.50
2016.05.16 19:50:32.691,1.45982,1.46003,1.00,1.87
2016.05.16 19:50:34.879,1.4598,1.46001,1.00,1.37
2016.05.16 19:50:34.930,1.4598,1.45998,1.00,1.00
2016.05.16 19:50:35.438,1.4598,1.45999,1.00,1.87
2016.05.16 19:50:37.023,1.4598,1.45998,1.00,1.00
2016.05.16 19:50:40.011,1.45981,1.46002,1.00,1.37
2016.05.16 19:50:41.787,1.45978,1.46002,1.12,1.37
2016.05.16 19:50:41.941,1.45978,1.45997,1.50,1.12
2016.05.16 19:50:42.094,1.45978,1.46001,1.50,1.12
2016.05.16 19:50:42.233,1.45978,1.45998,1.00,1.12
2016.05.16 19:50:42.334,1.45978,1.45998,1.00,1.75
2016.05.16 19:50:42.386,1.45973,1.45998,2.62,1.50
2016.05.16 19:50:42.437,1.45976,1.45998,1.00,1.75
2016.05.16 19:50:43.046,1.45973,1.45992,1.50,1.00
2016.05.16 19:50:43.200,1.4597,1.45992,1.87,1.00
2016.05.16 19:50:43.323,1.4597,1.45993,1.87,1.75
2016.05.16 19:50:43.425,1.4597,1.45992,1.50,1.00
2016.05.16 19:50:43.936,1.4597,1.45992,1.12,1.00
2016.05.16 19:50:44.258,1.45968,1.45992,1.37,2.25
2016.05.16 19:50:44.360,1.45967,1.45988,1.00,1.37
2016.05.16 19:50:44.851,1.45971,1.4599,1.00,1.50
2016.05.16 19:50:45.156,1.45979,1.46,1.37,1.37
2016.05.16 19:50:45.814,1.45983,1.46002,1.00,1.37
2016.05.16 19:50:46.058,1.45983,1.46006,1.87,1.87
2016.05.16 19:50:47.211,1.45983,1.46005,1.87,1.37
2016.05.16 19:50:47.741,1.45985,1.46007,1.00,1.87
2016.05.16 19:50:48.512,1.45985,1.46007,1.00,1.87
2016.05.16 19:50:49.075,1.45985,1.46007,1.37,1.87
2016.05.16 19:50:50.882,1.45985,1.46005,1.12,1.12
2016.05.16 19:50:52.416,1.45985,1.46006,1.00,1.87
2016.05.16 19:50:53.182,1.45984,1.46006,1.00,1.87
2016.05.16 19:50:58.298,1.45983,1.46005,1.00,1.50
2016.05.16 19:51:00.246,1.45983,1.46006,1.00,2.25
2016.05.16 19:51:00.500,1.45978,1.46001,2.62,1.87
2016.05.16 19:51:01.083,1.4598,1.46,1.00,1.00
2016.05.16 19:51:01.655,1.45978,1.46,2.62,1.00
2016.05.16 19:51:02.206,1.45978,1.46,1.87,1.00
2016.05.16 19:51:05.397,1.45979,1.46,1.00,1.00
2016.05.16 19:51:05.913,1.45978,1.46,1.87,1.00
2016.05.16 19:51:06.414,1.45978,1.46,1.87,1.37
2016.05.16 19:51:07.078,1.45978,1.46001,2.62,2.25
2016.05.16 19:51:07.179,1.4598,1.46001,1.00,1.87
2016.05.16 19:51:08.712,1.45982,1.46001,1.00,1.37
2016.05.16 19:51:09.016,1.45982,1.45996,1.00,1.00
2016.05.16 19:51:09.154,1.45982,1.46,1.00,1.12
2016.05.16 19:51:09.465,1.45982,1.46002,1.00,1.50
2016.05.16 19:51:10.585,1.45982,1.46002,1.50,1.12
2016.05.16 19:51:14.479,1.45983,1.46002,1.00,1.00
2016.05.16 19:51:19.818,1.45982,1.46002,1.12,1.00
2016.05.16 19:51:20.343,1.45983,1.46002,1.00,1.00
2016.05.16 19:51:22.575,1.45984,1.46002,1.00,1.00
2016.05.16 19:51:23.531,1.45984,1.46003,1.00,1.12
2016.05.16 19:51:24.055,1.45983,1.46003,1.00,1.12
2016.05.16 19:51:28.238,1.45983,1.46003,1.00,1.50
2016.05.16 19:51:31.125,1.45983,1.46003,1.00,1.12
2016.05.16 19:51:33.023,1.45981,1.46003,1.00,1.00
2016.05.16 19:51:33.523,1.45984,1.46003,1.00,1.00
2016.05.16 19:51:33.726,1.45984,1.46008,2.25,1.12
2016.05.16 19:51:33.777,1.45988,1.46008,1.37,1.12
2016.05.16 19:51:33.829,1.45989,1.46013,1.00,1.87
2016.05.16 19:51:34.234,1.45988,1.46013,1.50,1.87
2016.05.16 19:51:34.852,1.45988,1.46012,1.37,1.12
2016.05.16 19:51:36.425,1.45988,1.46014,2.25,2.25
2016.05.16 19:51:36.526,1.4599,1.46014,1.12,1.00
2016.05.16 19:51:36.681,1.4599,1.46014,1.37,1.00
2016.05.16 19:51:37.232,1.4599,1.46015,1.37,1.50
2016.05.16 19:51:37.789,1.4599,1.46015,1.37,1.50
2016.05.16 19:51:38.093,1.45996,1.46019,1.12,1.00
2016.05.16 19:51:38.615,1.45996,1.46021,2.25,3.00
2016.05.16 19:51:39.269,1.45996,1.46021,1.50,2.25
2016.05.16 19:51:39.775,1.46,1.46021,1.00,1.50
2016.05.16 19:51:40.079,1.45998,1.46021,1.87,1.50
2016.05.16 19:51:40.596,1.45998,1.4602,1.12,1.00
2016.05.16 19:51:41.107,1.45999,1.46021,1.00,1.00
2016.05.16 19:51:42.832,1.45999,1.46021,1.00,1.37
2016.05.16 19:51:43.085,1.45994,1.46019,3.37,1.50
2016.05.16 19:51:43.187,1.45994,1.46015,1.50,1.00
2016.05.16 19:51:43.492,1.45991,1.46012,1.00,1.87
2016.05.16 19:51:45.464,1.45991,1.46014,1.00,1.12
2016.05.16 19:51:46.113,1.45991,1.46015,1.37,2.25
2016.05.16 19:51:47.876,1.45991,1.46015,2.25,1.50
2016.05.16 19:51:48.180,1.45994,1.46017,1.37,1.87
2016.05.16 19:51:48.231,1.45994,1.46017,1.87,1.12
2016.05.16 19:51:49.364,1.45996,1.4602,1.50,1.37
2016.05.16 19:51:49.415,1.45996,1.46021,1.50,1.37
2016.05.16 19:51:49.668,1.45996,1.46021,1.87,1.87
2016.05.16 19:51:49.972,1.45999,1.46022,1.12,2.25
2016.05.16 19:51:52.624,1.45998,1.46021,1.00,1.87
2016.05.16 19:51:56.673,1.45998,1.46021,1.37,1.37
2016.05.16 19:51:57.212,1.45998,1.46021,1.00,1.50
2016.05.16 19:51:57.669,1.46,1.46022,1.00,1.87
2016.05.16 19:52:03.391,1.45999,1.46022,1.00,2.25
2016.05.16 19:52:05.550,1.45995,1.46021,2.25,2.25
2016.05.16 19:52:05.601,1.45995,1.46016,1.00,1.00
2016.05.16 19:52:05.753,1.45994,1.46016,1.37,1.37
2016.05.16 19:52:06.374,1.45992,1.46015,4.12,1.50
2016.05.16 19:52:06.907,1.45993,1.46016,1.12,1.00
2016.05.16 19:52:08.132,1.45993,1.46016,1.12,1.00
2016.05.16 19:52:08.857,1.45993,1.46016,1.75,1.00
2016.05.16 19:52:12.415,1.45996,1.46018,1.37,1.12
2016.05.16 19:52:14.232,1.45996,1.46019,1.12,3.37
2016.05.16 19:52:15.488,1.45994,1.46019,1.50,1.50
2016.05.16 19:52:16.918,1.45994,1.46018,1.50,1.50
2016.05.16 19:52:16.969,1.45994,1.46016,1.50,1.37
2016.05.16 19:52:17.273,1.45988,1.46005,1.75,1.37
2016.05.16 19:52:17.324,1.45981,1.46004,1.87,1.50
2016.05.16 19:52:17.375,1.45981,1.46004,1.12,3.00
2016.05.16 19:52:17.527,1.45981,1.46004,1.12,2.62
2016.05.16 19:52:18.329,1.4598,1.46005,1.12,2.25
2016.05.16 19:52:18.532,1.4598,1.46001,1.00,1.00
2016.05.16 19:52:18.634,1.45978,1.46001,1.87,1.00
2016.05.16 19:52:18.735,1.45979,1.46002,1.37,1.50
2016.05.16 19:52:19.242,1.45979,1.46001,1.00,1.12
2016.05.16 19:52:19.788,1.45976,1.46,1.87,1.12
2016.05.16 19:52:20.194,1.45974,1.45999,1.00,1.87
2016.05.16 19:52:20.296,1.45976,1.45999,1.37,2.62
2016.05.16 19:52:20.803,1.45977,1.46,1.12,1.75
2016.05.16 19:52:22.026,1.45977,1.46001,1.37,1.50
2016.05.16 19:52:22.555,1.45978,1.46001,1.50,1.00
2016.05.16 19:52:23.515,1.4598,1.46001,1.00,1.00
2016.05.16 19:52:26.328,1.4598,1.46003,1.12,1.37
2016.05.16 19:52:30.106,1.45978,1.46004,3.00,1.50
2016.05.16 19:52:35.775,1.45979,1.46004,1.37,2.25
2016.05.16 19:52:36.333,1.45979,1.46003,1.00,1.75
2016.05.16 19:52:37.107,1.45982,1.46005,1.37,1.87
2016.05.16 19:52:37.159,1.45982,1.46005,1.37,1.50
2016.05.16 19:52:37.413,1.45982,1.46006,1.50,1.50
2016.05.16 19:52:37.566,1.45979,1.46002,1.87,1.00
2016.05.16 19:52:37.768,1.45979,1.46001,1.00,1.37
2016.05.16 19:52:38.038,1.45979,1.46002,1.50,1.00
2016.05.16 19:52:38.639,1.45979,1.46002,1.12,1.50
2016.05.16 19:52:39.049,1.45979,1.46002,1.87,1.00
2016.05.16 19:52:43.110,1.45979,1.46002,1.50,1.37
2016.05.16 19:52:43.647,1.45979,1.46002,1.50,1.00
2016.05.16 19:52:44.601,1.45979,1.46002,1.50,1.37
2016.05.16 19:52:45.124,1.45979,1.46002,1.12,1.50
2016.05.16 19:52:45.176,1.45979,1.46002,1.12,1.00
2016.05.16 19:52:45.654,1.45982,1.46003,1.37,1.00
2016.05.16 19:52:45.834,1.45985,1.46008,1.37,1.87
2016.05.16 19:52:45.936,1.45984,1.46005,1.00,1.75
2016.05.16 19:52:46.049,1.45979,1.46002,1.00,1.75
2016.05.16 19:52:46.556,1.4598,1.46002,1.00,1.37
2016.05.16 19:52:48.829,1.4598,1.46003,1.50,1.75
2016.05.16 19:52:48.931,1.4598,1.46003,2.62,1.12
2016.05.16 19:52:49.084,1.45981,1.46005,1.75,1.50
2016.05.16 19:52:49.464,1.45981,1.46005,1.87,1.50
2016.05.16 19:52:50.063,1.45981,1.46005,1.87,1.50
2016.05.16 19:52:51.038,1.45983,1.46007,1.75,1.87
2016.05.16 19:52:51.292,1.45987,1.4601,1.00,1.87
2016.05.16 19:52:51.546,1.45983,1.46006,1.87,1.37
2016.05.16 19:52:51.695,1.45981,1.46003,1.50,1.37
2016.05.16 19:52:54.654,1.45984,1.46005,1.12,1.37
2016.05.16 19:52:54.705,1.45984,1.46006,1.12,1.50
2016.05.16 19:52:54.756,1.45984,1.46006,1.50,1.12
2016.05.16 19:52:54.858,1.45986,1.46009,1.00,2.25
2016.05.16 19:52:55.365,1.45984,1.46009,2.62,1.37
2016.05.16 19:52:55.881,1.45985,1.46009,1.00,1.37
2016.05.16 19:52:56.387,1.45984,1.4601,1.12,1.12
2016.05.16 19:52:57.340,1.45987,1.4601,1.00,1.12
2016.05.16 19:52:57.643,1.4599,1.4601,1.00,1.12
2016.05.16 19:52:57.846,1.4599,1.46014,1.00,1.12
2016.05.16 19:52:58.361,1.45991,1.46014,1.00,1.12
2016.05.16 19:52:58.888,1.45992,1.46014,1.00,1.12
2016.05.16 19:52:59.541,1.45991,1.46014,1.00,1.12
2016.05.16 19:53:00.138,1.45994,1.46014,1.00,1.12
2016.05.16 19:53:00.707,1.45994,1.46016,1.00,1.50
2016.05.16 19:53:01.214,1.45995,1.46017,1.00,1.37
2016.05.16 19:53:03.236,1.45997,1.46018,1.00,1.12
2016.05.16 19:53:03.742,1.45998,1.46018,1.00,1.12
2016.05.16 19:53:04.215,1.45995,1.46018,1.50,1.12
2016.05.16 19:53:06.354,1.45997,1.46018,1.00,1.12
2016.05.16 19:53:06.587,1.46002,1.46022,1.00,1.00
2016.05.16 19:53:06.638,1.46002,1.46026,1.50,1.87
2016.05.16 19:53:06.845,1.46006,1.46026,1.00,1.87
2016.05.16 19:53:07.673,1.46006,1.46027,1.00,1.87
2016.05.16 19:53:08.008,1.46008,1.46029,1.00,1.37
2016.05.16 19:53:08.338,1.46005,1.46029,1.50,1.37
2016.05.16 19:53:09.060,1.46005,1.46029,1.50,1.37
2016.05.16 19:53:11.222,1.46003,1.46027,1.87,1.00
2016.05.16 19:53:11.424,1.46003,1.46026,1.00,2.25
2016.05.16 19:53:11.931,1.46004,1.46026,1.00,1.87
2016.05.16 19:53:12.439,1.46003,1.46026,1.00,1.75
2016.05.16 19:53:12.745,1.45997,1.46022,1.50,1.12
2016.05.16 19:53:13.269,1.45997,1.46019,1.00,1.00
2016.05.16 19:53:13.742,1.46,1.46021,1.00,1.12
2016.05.16 19:53:13.935,1.46002,1.46024,1.00,1.75
2016.05.16 19:53:14.037,1.46005,1.46024,1.00,1.75
2016.05.16 19:53:14.139,1.46005,1.46026,1.00,1.37
2016.05.16 19:53:14.241,1.46004,1.46029,1.75,2.25
2016.05.16 19:53:14.445,1.46,1.46024,1.20,1.87
2016.05.16 19:53:14.749,1.45999,1.46022,1.00,1.12
2016.05.16 19:53:15.145,1.45999,1.46022,1.00,1.12
2016.05.16 19:53:15.659,1.45999,1.46022,1.00,1.12
2016.05.16 19:53:19.034,1.45997,1.46022,1.37,1.00
2016.05.16 19:53:21.147,1.45997,1.46023,2.25,1.75
2016.05.16 19:53:22.871,1.45996,1.4602,1.50,2.62
2016.05.16 19:53:23.013,1.45994,1.46018,1.50,1.37
2016.05.16 19:53:24.380,1.45993,1.46016,1.12,1.00
2016.05.16 19:53:24.582,1.45991,1.46016,2.25,1.12
2016.05.16 19:53:25.400,1.45991,1.46016,1.87,1.87
2016.05.16 19:53:25.902,1.45991,1.46016,1.87,1.50
2016.05.16 19:53:26.649,1.45991,1.46016,1.87,3.37
2016.05.16 19:53:26.885,1.45989,1.46012,1.37,1.37
2016.05.16 19:53:28.591,1.45988,1.46013,1.00,1.75
2016.05.16 19:53:29.095,1.45988,1.46012,1.00,1.75
2016.05.16 19:53:29.449,1.45985,1.46008,1.20,1.00
2016.05.16 19:53:29.905,1.45985,1.46011,1.87,2.62
2016.05.16 19:53:30.434,1.45988,1.46014,2.25,1.87
2016.05.16 19:53:30.485,1.4599,1.46014,1.00,1.12
2016.05.16 19:53:32.403,1.45991,1.46015,1.00,1.12
2016.05.16 19:53:32.555,1.45994,1.46018,1.37,1.75
2016.05.16 19:53:32.606,1.45994,1.46019,2.25,1.87
2016.05.16 19:53:33.114,1.45993,1.46018,1.12,1.50
2016.05.16 19:53:34.460,1.45993,1.46016,1.12,1.00
2016.05.16 19:53:34.612,1.45991,1.46016,1.50,1.12
2016.05.16 19:53:34.778,1.45991,1.46015,1.50,1.50
2016.05.16 19:53:35.083,1.45985,1.46011,2.62,1.87
2016.05.16 19:53:35.671,1.45988,1.46012,1.00,1.50
2016.05.16 19:53:37.635,1.45986,1.46012,2.25,1.50
2016.05.16 19:53:37.686,1.45986,1.46012,2.25,1.87
2016.05.16 19:53:38.091,1.45985,1.4601,1.50,1.12
2016.05.16 19:53:38.244,1.45987,1.4601,1.00,1.12
2016.05.16 19:53:38.855,1.45987,1.46011,1.12,1.37
2016.05.16 19:53:38.907,1.45987,1.46013,1.12,1.75
2016.05.16 19:53:39.128,1.45989,1.46013,1.37,1.12
2016.05.16 19:53:39.282,1.4599,1.46015,1.75,1.12
2016.05.16 19:53:39.789,1.4599,1.46017,1.87,1.50
2016.05.16 19:53:41.110,1.4599,1.46016,1.87,1.87
2016.05.16 19:53:41.414,1.45987,1.4601,1.50,1.37
2016.05.16 19:53:41.465,1.45987,1.4601,1.00,1.87
2016.05.16 19:53:42.388,1.45984,1.46009,1.12,1.87
2016.05.16 19:53:42.693,1.45986,1.46009,1.00,1.37
2016.05.16 19:53:43.802,1.45989,1.4601,1.00,1.12
2016.05.16 19:53:44.602,1.45989,1.46014,1.37,2.25
2016.05.16 19:53:44.652,1.4599,1.46014,1.37,1.50
2016.05.16 19:53:44.704,1.45989,1.46013,1.75,1.75
2016.05.16 19:53:44.755,1.45989,1.46012,1.00,1.75
2016.05.16 19:53:45.604,1.45991,1.46012,1.00,1.75
2016.05.16 19:53:45.756,1.45991,1.46015,1.00,3.00
2016.05.16 19:53:48.282,1.45994,1.46016,1.00,1.75
2016.05.16 19:53:48.385,1.45993,1.46019,2.62,1.12
2016.05.16 19:53:48.436,1.45993,1.46012,1.12,1.00
2016.05.16 19:53:48.589,1.4599,1.46012,1.00,1.87
2016.05.16 19:53:48.641,1.45988,1.46012,1.00,2.25
2016.05.16 19:53:50.079,1.45987,1.46013,1.87,1.00
2016.05.16 19:53:50.131,1.45985,1.46011,1.75,1.37
2016.05.16 19:53:50.182,1.45985,1.46011,1.12,1.87
2016.05.16 19:53:50.233,1.45987,1.46011,1.00,1.87
2016.05.16 19:53:50.963,1.45986,1.4601,1.12,1.00
2016.05.16 19:53:51.166,1.45985,1.4601,1.12,1.50
2016.05.16 19:53:51.320,1.45989,1.46009,1.00,1.12
2016.05.16 19:53:51.983,1.45989,1.46011,1.00,1.12
2016.05.16 19:53:52.484,1.45986,1.4601,1.12,1.00
2016.05.16 19:53:52.890,1.45989,1.46014,2.25,1.12
2016.05.16 19:53:53.447,1.45989,1.46014,2.25,1.87
2016.05.16 19:53:53.751,1.45992,1.46016,1.00,1.87
2016.05.16 19:53:54.070,1.45992,1.46016,1.87,1.00
2016.05.16 19:53:55.253,1.45992,1.46017,2.62,1.50
2016.05.16 19:53:58.212,1.45994,1.46018,1.50,1.12
2016.05.16 19:53:58.581,1.45996,1.46021,2.25,1.12
2016.05.16 19:53:58.885,1.45996,1.46023,3.00,1.87
2016.05.16 19:53:59.483,1.45996,1.46017,1.75,1.00
2016.05.16 19:53:59.534,1.45994,1.46017,1.87,1.12
2016.05.16 19:53:59.586,1.45992,1.46017,1.12,1.87
2016.05.16 19:53:59.738,1.45994,1.46017,1.00,1.37
2016.05.16 19:53:59.992,1.45994,1.46017,1.12,1.00
2016.05.16 19:54:00.195,1.45994,1.46017,1.00,1.87
2016.05.16 19:54:00.416,1.45996,1.46019,1.50,1.00
2016.05.16 19:54:00.923,1.45993,1.46018,1.12,1.37
2016.05.16 19:54:01.025,1.45991,1.46016,4.50,1.12
2016.05.16 19:54:01.126,1.4599,1.46014,1.37,1.50
2016.05.16 19:54:01.431,1.45988,1.46011,1.00,2.25
2016.05.16 19:54:02.231,1.45988,1.46007,1.00,1.00
2016.05.16 19:54:02.586,1.45981,1.46006,2.25,1.50
2016.05.16 19:54:03.095,1.45981,1.46005,2.25,1.00
2016.05.16 19:54:04.153,1.45983,1.46005,1.37,1.00
2016.05.16 19:54:04.457,1.45986,1.46006,1.12,1.50
2016.05.16 19:54:05.125,1.45986,1.46005,1.12,1.00
2016.05.16 19:54:05.670,1.45986,1.46006,1.12,2.25
2016.05.16 19:54:06.211,1.45986,1.46005,1.12,1.00
2016.05.16 19:54:07.128,1.45986,1.46002,1.12,1.00
2016.05.16 19:54:07.447,1.45983,1.46005,2.62,1.87
2016.05.16 19:54:07.498,1.45983,1.46005,1.50,1.87
2016.05.16 19:54:07.650,1.45983,1.46001,1.50,1.00
2016.05.16 19:54:07.854,1.45983,1.46003,1.50,1.00
2016.05.16 19:54:09.439,1.45982,1.46003,1.12,1.87
2016.05.16 19:54:09.642,1.45979,1.46001,1.87,2.62
2016.05.16 19:54:09.845,1.45979,1.45997,1.87,1.00
2016.05.16 19:54:10.159,1.45981,1.46004,1.00,1.50
2016.05.16 19:54:10.261,1.45981,1.46006,1.50,2.62
2016.05.16 19:54:10.696,1.4598,1.46006,1.37,3.75
2016.05.16 19:54:11.238,1.45979,1.46002,1.75,1.00
2016.05.16 19:54:11.796,1.45979,1.46003,1.75,1.00
2016.05.16 19:54:12.513,1.45979,1.46004,1.75,1.50
2016.05.16 19:54:14.615,1.45979,1.46004,1.75,1.87
2016.05.16 19:54:15.303,1.45979,1.46003,1.75,1.00
2016.05.16 19:54:15.821,1.45979,1.46002,1.75,1.00
2016.05.16 19:54:15.872,1.45979,1.46004,1.75,1.50
2016.05.16 19:54:17.507,1.4598,1.46006,1.87,3.75
2016.05.16 19:54:18.010,1.45984,1.46006,1.00,2.25
2016.05.16 19:54:18.491,1.45983,1.46003,1.37,1.00
2016.05.16 19:54:18.745,1.45969,1.45989,1.50,1.00
2016.05.16 19:54:18.898,1.45967,1.45989,1.00,1.00
2016.05.16 19:54:19.157,1.45967,1.45989,1.75,1.00
2016.05.16 19:54:19.461,1.45967,1.45987,1.75,1.00
2016.05.16 19:54:19.665,1.45966,1.45987,1.37,1.00
2016.05.16 19:54:20.461,1.45966,1.45987,1.00,1.00
2016.05.16 19:54:21.015,1.45965,1.45987,1.75,1.00
2016.05.16 19:54:21.521,1.45966,1.45987,1.00,1.00
2016.05.16 19:54:25.752,1.45964,1.45987,1.00,1.00
2016.05.16 19:54:26.072,1.45965,1.45987,1.37,1.00
2016.05.16 19:54:26.583,1.45965,1.45987,1.50,1.00
2016.05.16 19:54:27.134,1.45966,1.45987,1.00,1.00
2016.05.16 19:54:28.231,1.45965,1.45987,2.25,1.00
2016.05.16 19:54:28.592,1.45968,1.4599,1.00,1.12
2016.05.16 19:54:29.175,1.45968,1.4599,1.37,1.00
2016.05.16 19:54:29.680,1.45967,1.4599,1.87,1.00
2016.05.16 19:54:31.444,1.45969,1.4599,1.12,1.00
2016.05.16 19:54:35.576,1.45968,1.4599,1.50,1.50
2016.05.16 19:54:35.628,1.45967,1.45986,1.12,1.00
2016.05.16 19:54:35.679,1.45966,1.45986,1.00,1.00
2016.05.16 19:54:35.781,1.45966,1.45986,2.25,1.00
2016.05.16 19:54:36.086,1.45969,1.45986,1.12,1.00
2016.05.16 19:54:36.137,1.45969,1.45989,1.12,1.00
2016.05.16 19:54:36.625,1.45969,1.45986,1.12,1.00
2016.05.16 19:54:36.676,1.45965,1.45986,1.12,1.00
2016.05.16 19:54:40.261,1.45962,1.45986,1.12,1.31
2016.05.16 19:54:40.313,1.45962,1.45984,1.12,1.00
2016.05.16 19:54:40.415,1.45962,1.45987,1.12,1.74
2016.05.16 19:54:43.771,1.45962,1.45987,1.75,1.50
2016.05.16 19:54:49.001,1.45962,1.45985,1.12,1.00
2016.05.16 19:54:49.333,1.45962,1.4598,1.12,1.00
2016.05.16 19:54:49.930,1.45962,1.45982,1.12,1.50
2016.05.16 19:54:50.711,1.45962,1.4598,1.12,1.00
2016.05.16 19:54:52.435,1.45962,1.45982,1.12,1.50
2016.05.16 19:54:53.458,1.45962,1.4598,1.12,1.00
2016.05.16 19:54:55.776,1.45963,1.4598,1.00,1.00
2016.05.16 19:54:56.251,1.45961,1.45986,1.12,1.00
2016.05.16 19:54:56.555,1.45961,1.45982,1.75,1.00
2016.05.16 19:54:56.757,1.45958,1.45979,1.00,1.12
2016.05.16 19:54:57.264,1.45955,1.45979,2.25,1.12
2016.05.16 19:54:59.105,1.45958,1.45981,1.12,1.00
2016.05.16 19:54:59.156,1.45958,1.45981,1.50,1.00
2016.05.16 19:54:59.207,1.45958,1.45983,2.25,1.00
2016.05.16 19:54:59.461,1.45961,1.45984,1.12,1.00
2016.05.16 19:54:59.714,1.45957,1.45983,2.62,1.50
2016.05.16 19:55:00.260,1.45957,1.45981,1.12,1.00
2016.05.16 19:55:00.767,1.45959,1.45982,1.37,1.12
2016.05.16 19:55:00.920,1.45962,1.45985,1.12,1.00
2016.05.16 19:55:01.160,1.45962,1.45987,1.12,1.12
2016.05.16 19:55:01.212,1.4596,1.45986,1.87,2.62
2016.05.16 19:55:02.070,1.4596,1.45985,1.87,1.50
2016.05.16 19:55:02.657,1.4596,1.45984,1.87,1.12
2016.05.16 19:55:02.860,1.4596,1.45982,1.50,1.00
2016.05.16 19:55:03.367,1.45961,1.45982,1.00,1.00
2016.05.16 19:55:04.785,1.45962,1.45982,1.00,1.00
2016.05.16 19:55:04.887,1.4596,1.45982,1.12,1.00
2016.05.16 19:55:05.931,1.4596,1.45983,1.12,1.00
2016.05.16 19:55:06.083,1.45959,1.45983,1.12,1.00
2016.05.16 19:55:06.934,1.4596,1.45984,2.25,1.12
2016.05.16 19:55:07.340,1.45963,1.45986,1.37,1.12
2016.05.16 19:55:07.442,1.45966,1.45988,1.00,1.12
2016.05.16 19:55:07.573,1.45965,1.4599,1.75,1.75
2016.05.16 19:55:07.624,1.45966,1.4599,1.37,1.12
2016.05.16 19:55:07.878,1.45966,1.4599,1.87,1.12
2016.05.16 19:55:08.385,1.45966,1.45989,1.50,1.00
2016.05.16 19:55:09.388,1.45965,1.4599,1.50,1.12
2016.05.16 19:55:09.694,1.45967,1.45991,1.12,1.12
2016.05.16 19:55:09.796,1.45968,1.45993,1.75,1.00
2016.05.16 19:55:10.334,1.45969,1.45996,1.37,2.70
2016.05.16 19:55:12.394,1.45969,1.45995,1.87,1.50
2016.05.16 19:55:12.736,1.4597,1.45995,1.12,1.50
2016.05.16 19:55:18.766,1.4597,1.45995,1.50,1.37
2016.05.16 19:55:20.955,1.45972,1.45997,1.50,1.50
2016.05.16 19:55:21.006,1.45972,1.45997,1.75,1.00
2016.05.16 19:55:22.164,1.45973,1.45998,1.00,1.12
2016.05.16 19:55:23.365,1.45972,1.45998,1.37,1.12
2016.05.16 19:55:24.908,1.45973,1.45996,1.00,1.87
2016.05.16 19:55:24.959,1.45973,1.45992,1.00,1.00
2016.05.16 19:55:25.163,1.45965,1.45987,1.00,1.00
2016.05.16 19:55:25.674,1.45964,1.45987,1.12,1.00
2016.05.16 19:55:25.979,1.45963,1.45988,1.37,1.50
2016.05.16 19:55:26.317,1.45962,1.45985,1.12,1.37
2016.05.16 19:55:26.368,1.45962,1.45985,1.00,1.37
2016.05.16 19:55:27.480,1.45962,1.45985,1.37,1.00
2016.05.16 19:55:30.986,1.45962,1.45985,2.25,1.00
2016.05.16 19:55:31.894,1.45962,1.45986,2.25,1.50
2016.05.16 19:55:32.579,1.45963,1.45986,1.12,1.50
2016.05.16 19:55:36.933,1.45964,1.45987,1.75,1.00
2016.05.16 19:55:37.237,1.45977,1.45996,1.37,1.75
2016.05.16 19:55:37.288,1.45977,1.45998,1.87,1.00
2016.05.16 19:55:37.440,1.45979,1.45998,1.37,1.00
2016.05.16 19:55:37.492,1.45979,1.46002,1.75,1.12
2016.05.16 19:55:38.303,1.45981,1.46005,1.87,2.25
2016.05.16 19:55:39.479,1.45981,1.46005,1.50,2.25
2016.05.16 19:55:40.079,1.45981,1.46005,1.12,2.25
2016.05.16 19:55:40.858,1.45982,1.46005,1.00,1.50
2016.05.16 19:55:40.909,1.45982,1.46005,1.37,1.12
2016.05.16 19:55:44.622,1.45983,1.46007,1.12,2.25
2016.05.16 19:55:44.673,1.45983,1.46007,1.87,1.50
2016.05.16 19:55:46.008,1.45983,1.46006,1.37,1.00
2016.05.16 19:55:49.632,1.45986,1.46008,1.12,1.50
2016.05.16 19:55:49.937,1.46001,1.46022,1.12,1.12
2016.05.16 19:55:50.089,1.45998,1.46023,2.25,1.87
2016.05.16 19:55:50.444,1.45999,1.46019,1.00,1.00
2016.05.16 19:55:55.230,1.45999,1.46021,1.37,1.00
2016.05.16 19:55:55.687,1.45998,1.46019,1.75,1.00
2016.05.16 19:55:55.738,1.45997,1.46019,1.12,1.00
2016.05.16 19:55:55.943,1.45997,1.46014,1.12,1.00
2016.05.16 19:55:55.995,1.45994,1.46014,1.57,1.00
2016.05.16 19:56:00.832,1.45993,1.46014,1.12,1.00
2016.05.16 19:56:02.446,1.45992,1.46016,1.87,1.50
2016.05.16 19:56:03.400,1.45992,1.46016,1.12,2.25
2016.05.16 19:56:08.549,1.45991,1.46015,1.12,1.87
2016.05.16 19:56:08.904,1.45994,1.46017,1.12,1.00
2016.05.16 19:56:09.427,1.45994,1.46018,1.12,1.87
2016.05.16 19:56:09.936,1.45994,1.46017,1.00,1.00
2016.05.16 19:56:11.542,1.45993,1.46017,1.75,1.00
2016.05.16 19:56:21.231,1.45993,1.46016,1.37,1.12
2016.05.16 19:56:21.739,1.45992,1.46011,1.12,1.00
2016.05.16 19:56:21.802,1.4599,1.46014,1.87,1.50
2016.05.16 19:56:21.955,1.45991,1.46014,2.25,1.12
2016.05.16 19:56:22.260,1.45995,1.46016,1.75,1.00
2016.05.16 19:56:24.130,1.45994,1.46016,1.37,1.00
2016.05.16 19:56:26.373,1.45994,1.46017,1.87,1.00
2016.05.16 19:56:26.475,1.45995,1.46019,1.87,1.50
2016.05.16 19:56:26.982,1.45997,1.46019,1.37,1.00
2016.05.16 19:56:27.417,1.45998,1.46021,1.75,1.37
2016.05.16 19:56:27.923,1.45999,1.46021,1.37,1.12
2016.05.16 19:56:30.738,1.45999,1.46021,1.87,1.00
2016.05.16 19:56:31.043,1.46003,1.46025,1.37,1.87
2016.05.16 19:56:31.552,1.46003,1.46026,1.00,1.87
2016.05.16 19:56:31.939,1.46001,1.46023,1.50,1.12
2016.05.16 19:56:31.991,1.46001,1.46023,1.00,1.12
2016.05.16 19:56:32.042,1.45999,1.46023,1.12,1.50
2016.05.16 19:56:32.397,1.45997,1.46019,1.37,1.00
2016.05.16 19:56:32.905,1.45996,1.46019,1.75,1.37
2016.05.16 19:56:36.123,1.45996,1.46019,1.12,1.87
2016.05.16 19:56:37.330,1.45996,1.46019,1.75,1.12
2016.05.16 19:56:39.773,1.45998,1.46021,1.00,2.62
2016.05.16 19:56:43.252,1.45996,1.4602,2.62,1.37
2016.05.16 19:56:44.585,1.45996,1.4602,2.25,1.37
2016.05.16 19:56:51.746,1.45997,1.46019,1.37,1.12
2016.05.16 19:56:51.887,1.45995,1.46019,1.50,1.12
2016.05.16 19:56:51.989,1.45995,1.46017,1.00,1.00
2016.05.16 19:56:53.902,1.45995,1.46017,1.37,1.12
2016.05.16 19:56:56.005,1.45995,1.46017,1.87,1.00
2016.05.16 19:56:56.509,1.45995,1.46017,1.87,1.00
2016.05.16 19:56:57.016,1.45995,1.46017,1.50,1.00
2016.05.16 19:56:57.557,1.45995,1.46019,1.87,1.87
2016.05.16 19:57:00.415,1.45995,1.46019,1.87,1.87
2016.05.16 19:57:02.566,1.45996,1.46019,1.00,1.87
2016.05.16 19:57:03.076,1.45995,1.46019,1.87,1.87
2016.05.16 19:57:03.279,1.45997,1.46021,1.50,1.37
2016.05.16 19:57:03.331,1.45997,1.46021,1.87,1.37
2016.05.16 19:57:03.636,1.46,1.46024,1.87,2.25
2016.05.16 19:57:03.991,1.45999,1.46022,1.00,1.37
2016.05.16 19:57:06.010,1.46,1.46022,1.37,1.87
2016.05.16 19:57:06.112,1.45997,1.46022,1.87,1.87
2016.05.16 19:57:06.616,1.45997,1.46019,1.12,1.00
2016.05.16 19:57:07.125,1.45997,1.46021,1.50,1.37
2016.05.16 19:57:09.270,1.45997,1.46021,1.12,1.37
2016.05.16 19:57:10.690,1.45997,1.46022,1.37,1.87
2016.05.16 19:57:11.794,1.45997,1.46022,2.25,1.87
2016.05.16 19:57:12.331,1.45999,1.46023,1.12,1.37
2016.05.16 19:57:12.484,1.45999,1.46024,1.12,1.75
2016.05.16 19:57:12.637,1.45999,1.46024,1.37,1.50
2016.05.16 19:57:12.891,1.45998,1.46022,1.12,1.37
2016.05.16 19:57:14.032,1.45998,1.46019,1.12,1.12
2016.05.16 19:57:15.003,1.45996,1.46019,2.25,1.12
2016.05.16 19:57:15.784,1.45997,1.46019,1.12,1.12
2016.05.16 19:57:18.761,1.45998,1.46022,1.75,1.87
2016.05.16 19:57:19.406,1.46,1.46025,1.00,3.37
2016.05.16 19:57:19.457,1.46,1.46025,1.12,3.37
2016.05.16 19:57:19.508,1.46002,1.46025,1.50,2.62
2016.05.16 19:57:19.611,1.46001,1.46025,1.75,2.62
2016.05.16 19:57:19.814,1.46003,1.46025,1.12,1.12
2016.05.16 19:57:20.310,1.46,1.46025,3.00,1.50
2016.05.16 19:57:20.413,1.46002,1.46025,1.75,1.12
2016.05.16 19:57:20.820,1.46,1.46025,1.87,2.25
2016.05.16 19:57:21.337,1.46,1.46024,1.12,1.00
2016.05.16 19:57:21.721,1.46,1.46022,1.12,1.00
2016.05.16 19:57:22.245,1.45999,1.4602,1.85,1.00
2016.05.16 19:57:22.296,1.45999,1.4602,1.10,1.12
2016.05.16 19:57:24.155,1.45996,1.46017,1.37,1.00
2016.05.16 19:57:24.207,1.45996,1.46017,1.00,1.00
2016.05.16 19:57:24.816,1.45992,1.46015,2.25,1.00
2016.05.16 19:57:25.973,1.45992,1.46015,1.75,1.00
2016.05.16 19:57:29.882,1.45992,1.46015,1.75,1.50
2016.05.16 19:57:30.402,1.45994,1.46014,1.37,1.00
2016.05.16 19:57:30.930,1.45992,1.46014,1.75,1.00
2016.05.16 19:57:35.025,1.45992,1.46015,1.75,1.00
2016.05.16 19:57:36.441,1.45994,1.46015,1.37,1.00
2016.05.16 19:57:36.902,1.45994,1.46015,1.12,1.00
2016.05.16 19:57:38.669,1.45994,1.46017,1.12,2.62
2016.05.16 19:57:39.354,1.45994,1.46017,1.87,1.87
2016.05.16 19:57:39.804,1.45994,1.46017,2.25,1.12
2016.05.16 19:57:40.274,1.45998,1.46011,1.12,1.00
2016.05.16 19:57:40.325,1.45996,1.46015,1.12,1.37
2016.05.16 19:57:40.477,1.45996,1.46017,1.75,1.37
2016.05.16 19:57:40.529,1.45995,1.46018,1.00,2.62
2016.05.16 19:57:40.631,1.45995,1.46018,2.25,2.62
2016.05.16 19:57:40.732,1.45997,1.4602,1.00,1.12
2016.05.16 19:57:40.936,1.45995,1.4602,1.75,1.87
2016.05.16 19:57:42.305,1.45996,1.46019,1.50,1.87
2016.05.16 19:57:43.103,1.45997,1.4602,1.37,1.00
2016.05.16 19:57:43.407,1.45998,1.46012,1.12,1.00
2016.05.16 19:57:43.459,1.45998,1.46016,1.12,1.87
2016.05.16 19:57:43.510,1.45998,1.46016,1.12,1.50
2016.05.16 19:57:43.561,1.45995,1.46016,1.00,1.00
2016.05.16 19:57:43.764,1.45996,1.46016,1.37,1.00
2016.05.16 19:57:44.074,1.45993,1.46016,1.95,1.00
2016.05.16 19:57:44.176,1.45993,1.46016,1.00,1.12
2016.05.16 19:57:45.118,1.45991,1.46016,1.20,1.12
2016.05.16 19:57:45.621,1.45991,1.46012,1.20,1.00
2016.05.16 19:57:45.723,1.4599,1.46011,1.50,1.00
2016.05.16 19:57:45.774,1.45993,1.46011,1.20,1.00
2016.05.16 19:57:46.332,1.45993,1.4601,1.12,1.00
2016.05.16 19:57:46.529,1.45989,1.46009,1.50,1.00
2016.05.16 19:57:46.783,1.45987,1.46008,1.00,1.00
2016.05.16 19:57:46.885,1.45987,1.46008,1.37,1.12
2016.05.16 19:57:47.037,1.45987,1.46008,1.00,1.12
2016.05.16 19:57:47.139,1.45985,1.46005,1.75,1.00
2016.05.16 19:57:47.343,1.4598,1.46003,1.75,1.12
2016.05.16 19:57:47.935,1.4598,1.46002,1.75,1.00
2016.05.16 19:57:50.941,1.4598,1.46001,1.75,1.00
2016.05.16 19:57:51.093,1.45977,1.46001,1.12,1.50
2016.05.16 19:57:51.629,1.45978,1.46003,1.12,2.62
2016.05.16 19:57:52.415,1.45977,1.46003,1.75,2.62
2016.05.16 19:57:53.309,1.45977,1.46001,1.75,1.00
2016.05.16 19:57:57.527,1.45977,1.46001,1.12,1.50
2016.05.16 19:57:58.427,1.45977,1.45999,1.12,1.00
2016.05.16 19:58:00.315,1.45977,1.46001,1.12,1.00
2016.05.16 19:58:00.519,1.45977,1.45999,1.75,1.00
2016.05.16 19:58:01.944,1.45977,1.45999,1.12,1.00
2016.05.16 19:58:03.292,1.45979,1.46,1.12,1.00
2016.05.16 19:58:03.597,1.45983,1.46005,1.75,1.00
2016.05.16 19:58:03.750,1.45985,1.46006,1.37,1.12
2016.05.16 19:58:03.855,1.45983,1.46003,1.12,1.00
2016.05.16 19:58:04.394,1.45982,1.46002,1.75,1.00
2016.05.16 19:58:05.605,1.45982,1.46001,1.75,1.00
2016.05.16 19:58:06.143,1.45982,1.46,1.75,1.00
2016.05.16 19:58:07.561,1.45978,1.46,1.75,1.00
2016.05.16 19:58:08.077,1.45978,1.46,1.75,1.50
2016.05.16 19:58:08.585,1.45978,1.46,1.50,2.25
2016.05.16 19:58:09.201,1.45978,1.45998,1.50,1.00
2016.05.16 19:58:11.420,1.45976,1.45998,1.37,1.50
2016.05.16 19:58:11.978,1.45976,1.45996,1.37,1.00
2016.05.16 19:58:12.502,1.45974,1.45998,1.50,2.25
2016.05.16 19:58:12.706,1.45976,1.45999,1.37,2.25
2016.05.16 19:58:14.223,1.45976,1.46,1.37,1.50
2016.05.16 19:58:15.419,1.45976,1.46,2.25,1.00
2016.05.16 19:58:16.687,1.45976,1.45998,2.25,1.00
2016.05.16 19:58:16.789,1.45976,1.46,2.62,1.00
2016.05.16 19:58:17.397,1.45976,1.45999,1.87,1.00
2016.05.16 19:58:17.942,1.45976,1.45999,1.37,1.00
2016.05.16 19:58:18.448,1.45976,1.46,1.37,1.50
2016.05.16 19:58:19.046,1.45976,1.46,1.37,1.50
2016.05.16 19:58:20.655,1.45976,1.46,1.37,1.50
2016.05.16 19:58:20.952,1.45976,1.46,1.37,1.00
2016.05.16 19:58:21.276,1.45982,1.46,1.37,1.00
2016.05.16 19:58:21.327,1.45982,1.46004,1.37,1.12
2016.05.16 19:58:21.442,1.45989,1.46007,1.00,1.87
2016.05.16 19:58:21.746,1.45989,1.46004,1.00,1.50
2016.05.16 19:58:21.804,1.45985,1.46003,1.12,1.00
2016.05.16 19:58:21.906,1.45981,1.46003,1.12,1.00
2016.05.16 19:58:21.957,1.45982,1.46002,1.00,1.00
2016.05.16 19:58:22.110,1.45982,1.46,1.00,1.00
2016.05.16 19:58:22.211,1.45978,1.46,1.12,1.00
2016.05.16 19:58:23.302,1.45979,1.46,1.00,1.50
2016.05.16 19:58:23.927,1.45977,1.46,1.12,2.62
2016.05.16 19:58:24.231,1.45973,1.45995,1.75,1.12
2016.05.16 19:58:24.332,1.45976,1.45997,1.12,1.50
2016.05.16 19:58:24.865,1.45976,1.45998,1.12,1.50
2016.05.16 19:58:25.370,1.45976,1.45999,1.12,2.25
2016.05.16 19:58:26.684,1.45976,1.45998,1.12,1.00
2016.05.16 19:58:26.735,1.45975,1.45995,1.12,1.12
2016.05.16 19:58:26.938,1.45972,1.45992,1.20,1.00
2016.05.16 19:58:27.445,1.45971,1.45991,1.37,1.00
2016.05.16 19:58:27.964,1.45971,1.45991,1.00,1.00
2016.05.16 19:58:28.847,1.45972,1.45991,1.00,1.00
2016.05.16 19:58:31.352,1.45971,1.45991,1.00,1.00
2016.05.16 19:58:31.504,1.45971,1.45991,1.00,1.37
2016.05.16 19:58:32.011,1.45971,1.4599,1.00,1.50
2016.05.16 19:58:32.648,1.45968,1.4599,1.37,1.50
2016.05.16 19:58:33.157,1.45967,1.45989,1.37,1.50
2016.05.16 19:58:34.093,1.45968,1.45991,1.37,1.12
2016.05.16 19:58:35.816,1.45968,1.45989,1.12,1.12
2016.05.16 19:58:36.121,1.45967,1.45988,1.87,1.37
2016.05.16 19:58:36.652,1.45967,1.45988,1.87,1.00
2016.05.16 19:58:37.348,1.45967,1.45989,2.25,1.00
2016.05.16 19:58:44.550,1.45966,1.45989,1.12,1.00
2016.05.16 19:58:45.679,1.45966,1.45989,1.12,1.12
2016.05.16 19:58:47.021,1.45966,1.45989,1.12,1.37
2016.05.16 19:58:47.224,1.45965,1.45989,1.37,2.25
2016.05.16 19:58:48.021,1.45966,1.45989,1.37,1.12
2016.05.16 19:58:48.571,1.45966,1.45989,1.37,1.12
2016.05.16 19:58:54.366,1.45966,1.4599,1.87,1.50
2016.05.16 19:58:56.007,1.45966,1.45988,1.87,1.00
2016.05.16 19:58:56.160,1.45966,1.45986,1.00,1.00
2016.05.16 19:58:56.262,1.45966,1.45988,1.37,1.50
2016.05.16 19:58:56.768,1.45967,1.45989,1.12,1.00
2016.05.16 19:58:56.842,1.45967,1.45991,1.12,3.07
2016.05.16 19:58:57.548,1.45967,1.4599,1.12,1.00
2016.05.16 19:58:58.064,1.45967,1.45991,1.87,3.07
2016.05.16 19:58:58.600,1.4597,1.45991,1.37,1.00
2016.05.16 19:59:00.755,1.45971,1.45992,1.50,1.00
2016.05.16 19:59:02.160,1.45972,1.45992,1.00,1.00
2016.05.16 19:59:02.687,1.45976,1.45993,1.00,1.00
2016.05.16 19:59:02.891,1.45976,1.45998,1.12,1.00
2016.05.16 19:59:02.993,1.45979,1.46,1.00,1.12
2016.05.16 19:59:03.095,1.45979,1.46001,1.12,1.00
2016.05.16 19:59:04.570,1.45981,1.46003,1.50,1.50
2016.05.16 19:59:05.992,1.45983,1.46003,1.00,1.00
2016.05.16 19:59:06.569,1.45981,1.46004,1.87,1.50
2016.05.16 19:59:07.094,1.45981,1.46004,1.50,1.50
2016.05.16 19:59:07.364,1.45985,1.46004,1.00,1.50
2016.05.16 19:59:08.507,1.45983,1.46004,1.12,1.50
2016.05.16 19:59:11.585,1.45984,1.46004,1.00,1.00
2016.05.16 19:59:12.284,1.45982,1.46004,1.50,1.00
2016.05.16 19:59:14.971,1.4598,1.46005,2.25,3.37
2016.05.16 19:59:17.853,1.45983,1.46002,1.00,1.00
2016.05.16 19:59:17.905,1.4598,1.46004,1.87,2.25
2016.05.16 19:59:18.109,1.4598,1.46004,1.95,1.87
2016.05.16 19:59:18.415,1.45985,1.46005,1.37,1.00
2016.05.16 19:59:18.963,1.45985,1.46006,1.37,1.00
2016.05.16 19:59:20.256,1.45984,1.46007,1.57,1.00
2016.05.16 19:59:20.560,1.45984,1.46005,1.10,1.00
2016.05.16 19:59:21.510,1.45984,1.46004,1.10,1.00
2016.05.16 19:59:22.040,1.45984,1.46005,1.00,1.00
2016.05.16 19:59:22.665,1.45984,1.46006,1.12,1.00
2016.05.16 19:59:24.780,1.45984,1.46004,1.12,1.00
2016.05.16 19:59:25.325,1.45984,1.46005,1.00,1.00
2016.05.16 19:59:25.678,1.45984,1.46006,2.25,1.00
2016.05.16 19:59:26.017,1.45988,1.4601,1.47,1.00
2016.05.16 19:59:27.234,1.45988,1.46012,1.85,1.12
2016.05.16 19:59:27.887,1.4599,1.46013,1.12,1.87
2016.05.16 19:59:29.188,1.45988,1.46013,2.32,3.37
2016.05.16 19:59:31.622,1.4599,1.46013,1.87,1.12
2016.05.16 19:59:32.694,1.4599,1.46013,2.62,1.00
2016.05.16 19:59:33.617,1.45991,1.46014,1.37,1.50
2016.05.16 19:59:34.150,1.4599,1.46014,1.12,1.50
2016.05.16 19:59:35.346,1.45988,1.46012,1.95,1.12
2016.05.16 19:59:39.212,1.45989,1.46014,1.75,1.12
2016.05.16 19:59:39.313,1.45992,1.46015,1.12,1.12
2016.05.16 19:59:39.415,1.45992,1.46016,1.50,1.00
2016.05.16 19:59:39.935,1.45992,1.46015,1.50,1.00
2016.05.16 19:59:40.760,1.45992,1.46017,1.50,1.87
2016.05.16 19:59:42.842,1.45991,1.46013,1.50,1.00
2016.05.16 19:59:43.045,1.45989,1.46013,1.12,1.12
2016.05.16 19:59:46.293,1.45989,1.46013,1.50,1.12
2016.05.16 19:59:46.831,1.45992,1.46013,1.00,1.12
2016.05.16 19:59:47.714,1.45989,1.4601,1.50,1.00
2016.05.16 19:59:48.253,1.4599,1.4601,1.00,1.00
2016.05.16 19:59:48.772,1.45991,1.4601,1.00,1.00
2016.05.16 19:59:48.924,1.45989,1.4601,1.12,1.12
2016.05.16 19:59:49.911,1.4599,1.4601,1.00,1.12
2016.05.16 19:59:50.630,1.45989,1.46014,1.50,4.12
2016.05.16 19:59:50.680,1.45989,1.46011,1.37,1.50
2016.05.16 19:59:50.884,1.4599,1.46014,1.37,2.62
2016.05.16 19:59:51.165,1.45991,1.46011,1.12,1.00
2016.05.16 19:59:51.925,1.45987,1.46011,2.25,1.00
2016.05.16 19:59:52.465,1.45986,1.46011,1.87,1.12
2016.05.16 19:59:54.631,1.45986,1.46008,1.12,1.00
2016.05.16 19:59:55.102,1.45985,1.46006,1.87,1.00
2016.05.16 19:59:55.154,1.45984,1.46006,1.10,1.00
2016.05.16 19:59:55.205,1.45981,1.46003,2.25,1.00
2016.05.16 19:59:55.446,1.45982,1.46003,1.10,1.50
2016.05.16 19:59:55.548,1.4598,1.46003,1.00,1.50
2016.05.16 19:59:55.650,1.45981,1.46001,1.00,1.50
2016.05.16 19:59:55.956,1.45975,1.45997,1.50,1.00
2016.05.16 19:59:56.007,1.45975,1.45997,1.10,1.00
2016.05.16 19:59:56.058,1.45975,1.45995,1.10,1.00
2016.05.16 19:59:56.211,1.45973,1.45998,1.50,2.25
2016.05.16 19:59:56.262,1.45973,1.45995,1.50,1.00
2016.05.16 19:59:56.799,1.45975,1.45995,1.00,1.50
2016.05.16 19:59:57.125,1.45971,1.45995,1.87,1.50
2016.05.16 19:59:57.541,1.45971,1.45992,1.12,1.00
2016.05.16 19:59:57.761,1.45969,1.45992,1.12,1.00
2016.05.16 19:59:57.865,1.45968,1.45991,1.20,1.00
2016.05.16 19:59:57.970,1.45969,1.45993,2.25,1.00
2016.05.16 19:59:58.022,1.45971,1.45993,1.00,1.00
2016.05.16 19:59:58.530,1.45969,1.45992,2.62,1.00
2016.05.16 19:59:59.047,1.45965,1.4599,1.50,1.00
2016.05.16 19:59:59.200,1.45968,1.45992,1.37,1.00
2016.05.16 19:59:59.454,1.45973,1.45994,1.00,1.50
2016.05.16 19:59:59.657,1.45971,1.45994,1.00,1.50
2016.05.16 19:59:59.961,1.45975,1.45994,1.00,1.00
