2008.11.14 13:00:00.199,1.55035,1.55114,1.20,1.00
2008.11.14 13:00:00.599,1.55025,1.55099,1.20,1.00
2008.11.14 13:00:00.919,1.55025,1.55089,1.20,1.00
2008.11.14 13:00:01.379,1.5502,1.55089,1.20,1.00
2008.11.14 13:00:01.898,1.5502,1.55074,1.20,1.00
2008.11.14 13:00:02.578,1.5503,1.55074,1.00,1.00
2008.11.14 13:00:02.938,1.5503,1.55079,2.10,1.00
2008.11.14 13:00:03.338,1.5503,1.55079,1.20,1.00
2008.11.14 13:00:03.808,1.55035,1.55089,1.00,1.00
2008.11.14 13:00:04.318,1.5505,1.5512,1.00,1.50
2008.11.14 13:00:04.598,1.55055,1.5512,1.00,1.00
2008.11.14 13:00:05.188,1.5506,1.5512,1.00,1.00
2008.11.14 13:00:05.418,1.5506,1.5512,2.10,1.00
2008.11.14 13:00:05.937,1.5506,1.5512,1.50,1.00
2008.11.14 13:00:06.667,1.55065,1.5512,2.10,1.00
2008.11.14 13:00:07.167,1.55055,1.5512,1.00,1.00
2008.11.14 13:00:08.157,1.5505,1.5512,2.10,1.50
2008.11.14 13:00:08.497,1.5505,1.5512,1.00,1.50
2008.11.14 13:00:11.346,1.5505,1.5512,2.10,1.50
2008.11.14 13:00:11.636,1.55055,1.5512,1.00,1.30
2008.11.14 13:00:12.046,1.55055,1.5512,2.10,1.00
2008.11.14 13:00:15.345,1.55055,1.5512,2.10,1.00
2008.11.14 13:00:15.685,1.55055,1.5512,1.20,1.00
2008.11.14 13:00:15.975,1.5504,1.5512,2.10,1.00
2008.11.14 13:00:16.935,1.55035,1.55105,2.70,1.20
2008.11.14 13:00:17.275,1.5504,1.55105,1.20,1.20
2008.11.14 13:00:17.815,1.5504,1.55115,2.10,1.20
2008.11.14 13:00:18.105,1.5504,1.5512,2.10,1.00
2008.11.14 13:00:19.954,1.55035,1.55105,3.90,1.20
2008.11.14 13:00:20.244,1.55035,1.55105,2.10,1.20
2008.11.14 13:00:20.704,1.55035,1.55105,1.00,1.20
2008.11.14 13:00:22.203,1.55035,1.55105,2.10,1.20
2008.11.14 13:00:23.193,1.5504,1.55105,1.20,1.20
2008.11.14 13:00:23.923,1.55035,1.55105,1.00,1.20
2008.11.14 13:00:24.673,1.55035,1.5511,1.00,1.20
2008.11.14 13:00:25.023,1.55035,1.5511,2.10,1.20
2008.11.14 13:00:25.363,1.55045,1.5512,1.20,1.50
2008.11.14 13:00:25.753,1.5504,1.5512,2.10,1.50
2008.11.14 13:00:26.043,1.55045,1.55114,2.10,1.00
2008.11.14 13:00:26.443,1.55055,1.5512,1.00,1.00
2008.11.14 13:00:27.552,1.5505,1.5512,1.20,1.00
2008.11.14 13:00:27.952,1.5504,1.5512,2.70,1.00
2008.11.14 13:00:28.542,1.5505,1.5512,1.00,1.00
2008.11.14 13:00:28.942,1.5505,1.5512,2.10,1.00
2008.11.14 13:00:30.041,1.5505,1.5512,3.30,1.00
2008.11.14 13:00:30.391,1.5505,1.5512,2.40,1.00
2008.11.14 13:00:30.732,1.5506,1.5512,1.20,1.50
2008.11.14 13:00:31.371,1.55045,1.5512,1.20,1.00
2008.11.14 13:00:31.871,1.5501,1.55105,1.20,1.20
2008.11.14 13:00:32.201,1.5501,1.551,1.20,1.20
2008.11.14 13:00:33.231,1.5501,1.55105,1.20,1.20
2008.11.14 13:00:34.101,1.5501,1.55085,1.20,1.20
2008.11.14 13:00:34.571,1.5501,1.5508,1.20,1.20
2008.11.14 13:00:34.921,1.5501,1.55085,1.20,1.20
2008.11.14 13:00:35.271,1.5501,1.5508,1.20,1.20
2008.11.14 13:00:35.560,1.5501,1.55085,1.20,1.20
2008.11.14 13:00:36.011,1.5501,1.5509,1.20,1.20
2008.11.14 13:00:36.920,1.5501,1.55085,1.20,1.20
2008.11.14 13:00:37.650,1.5501,1.5508,1.20,1.20
2008.11.14 13:00:38.000,1.5501,1.55075,1.20,1.20
2008.11.14 13:00:38.740,1.5501,1.55065,1.20,1.20
2008.11.14 13:00:39.109,1.55025,1.551,1.00,2.40
2008.11.14 13:00:39.399,1.5502,1.55095,1.20,1.20
2008.11.14 13:00:39.720,1.55015,1.55095,2.10,1.20
2008.11.14 13:00:40.619,1.55025,1.551,1.00,1.20
2008.11.14 13:00:41.069,1.551,1.5512,2.10,1.00
2008.11.14 13:00:41.599,1.5512,1.5519,1.00,9.60
2008.11.14 13:00:42.059,1.5512,1.5521,2.10,2.40
2008.11.14 13:00:42.399,1.5512,1.552,2.10,1.20
2008.11.14 13:00:42.759,1.5512,1.552,1.00,1.00
2008.11.14 13:00:43.288,1.5512,1.5521,2.10,2.40
2008.11.14 13:00:44.818,1.5509,1.5512,2.00,1.00
2008.11.14 13:00:45.048,1.55065,1.552,1.20,1.20
2008.11.14 13:00:45.388,1.55065,1.5512,1.20,1.00
2008.11.14 13:00:46.188,1.5506,1.5512,1.20,1.00
2008.11.14 13:00:46.588,1.55055,1.5512,1.20,1.00
2008.11.14 13:00:47.368,1.5506,1.5512,1.20,1.00
2008.11.14 13:00:48.058,1.5504,1.5512,1.20,1.00
2008.11.14 13:00:49.357,1.5505,1.5512,1.20,1.00
2008.11.14 13:00:50.217,1.5505,1.5515,1.20,1.20
2008.11.14 13:00:51.067,1.5506,1.5516,1.20,1.20
2008.11.14 13:00:51.666,1.55055,1.55155,1.20,1.20
2008.11.14 13:00:52.816,1.5505,1.5515,1.20,1.20
2008.11.14 13:00:53.656,1.55045,1.5514,1.20,1.20
2008.11.14 13:00:54.336,1.5504,1.5514,1.20,1.20
2008.11.14 13:00:55.016,1.55045,1.55145,1.20,1.20
2008.11.14 13:00:55.865,1.5505,1.5515,1.20,1.20
2008.11.14 13:00:57.145,1.55065,1.5515,1.00,1.20
2008.11.14 13:00:57.315,1.55065,1.5515,2.10,1.20
2008.11.14 13:00:57.725,1.55065,1.55155,2.10,2.40
2008.11.14 13:00:58.335,1.5506,1.5515,2.10,2.40
2008.11.14 13:00:59.145,1.5506,1.55149,2.10,1.00
2008.11.14 13:00:59.495,1.55055,1.55145,1.00,2.40
2008.11.14 13:01:01.624,1.5506,1.55145,1.00,1.20
2008.11.14 13:01:01.914,1.55065,1.55145,1.00,1.00
2008.11.14 13:01:02.214,1.55065,1.5515,2.10,1.20
2008.11.14 13:01:03.144,1.55075,1.55155,1.00,1.20
2008.11.14 13:01:06.363,1.5508,1.5517,1.00,2.40
2008.11.14 13:01:07.163,1.5509,1.55175,1.00,1.20
2008.11.14 13:01:07.603,1.551,1.55185,1.00,2.40
2008.11.14 13:01:07.952,1.551,1.55185,2.10,1.20
2008.11.14 13:01:08.462,1.55105,1.55195,1.00,2.40
2008.11.14 13:01:09.033,1.55105,1.55195,2.10,2.40
2008.11.14 13:01:09.712,1.5511,1.55199,2.10,1.00
2008.11.14 13:01:10.012,1.5512,1.55195,1.00,1.20
2008.11.14 13:01:10.572,1.55115,1.552,1.20,2.40
2008.11.14 13:01:10.982,1.5511,1.552,2.10,2.40
2008.11.14 13:01:11.342,1.55105,1.5519,1.20,1.20
2008.11.14 13:01:12.022,1.55105,1.55189,1.20,1.00
2008.11.14 13:01:12.381,1.551,1.5519,1.00,1.20
2008.11.14 13:01:12.681,1.551,1.55189,1.00,1.00
2008.11.14 13:01:12.851,1.551,1.55189,2.10,1.00
2008.11.14 13:01:13.661,1.5511,1.55185,1.00,2.40
2008.11.14 13:01:14.071,1.5509,1.55164,1.00,1.00
2008.11.14 13:01:14.361,1.55075,1.55155,2.10,1.20
2008.11.14 13:01:15.051,1.55075,1.55154,2.10,1.00
2008.11.14 13:01:15.560,1.5507,1.55154,2.10,1.00
2008.11.14 13:01:16.201,1.55085,1.5516,1.00,1.20
2008.11.14 13:01:16.611,1.55085,1.5517,1.00,4.80
2008.11.14 13:01:17.000,1.5509,1.5517,1.00,4.80
2008.11.14 13:01:17.440,1.5509,1.5516,2.10,1.00
2008.11.14 13:01:18.010,1.55095,1.55179,1.00,1.00
2008.11.14 13:01:18.312,1.55085,1.55175,3.30,1.20
2008.11.14 13:01:18.820,1.55085,1.5516,1.00,1.20
2008.11.14 13:01:19.270,1.55075,1.55154,2.10,1.00
2008.11.14 13:01:20.000,1.55065,1.5515,3.30,2.40
2008.11.14 13:01:20.340,1.55065,1.5515,2.10,2.40
2008.11.14 13:01:21.119,1.55065,1.5515,2.10,3.60
2008.11.14 13:01:24.309,1.55065,1.55135,2.10,1.00
2008.11.14 13:01:25.678,1.5508,1.55135,1.00,1.00
2008.11.14 13:01:26.028,1.55085,1.5516,1.00,3.60
2008.11.14 13:01:26.328,1.55085,1.55164,1.00,1.00
2008.11.14 13:01:27.418,1.5509,1.55164,1.00,1.00
2008.11.14 13:01:27.828,1.55095,1.55164,2.10,1.00
2008.11.14 13:01:28.348,1.5511,1.5516,1.00,1.00
2008.11.14 13:01:28.748,1.55095,1.55164,2.10,1.00
2008.11.14 13:01:29.037,1.55095,1.55164,2.10,1.00
2008.11.14 13:01:30.007,1.5509,1.5516,1.20,1.00
2008.11.14 13:01:30.707,1.55095,1.5515,1.00,1.20
2008.11.14 13:01:30.997,1.5508,1.55145,2.10,1.00
2008.11.14 13:01:31.527,1.55075,1.55154,2.10,1.00
2008.11.14 13:01:31.917,1.55075,1.55145,2.10,1.20
2008.11.14 13:01:32.157,1.55075,1.55145,1.20,1.20
2008.11.14 13:01:32.497,1.55065,1.55139,1.00,1.00
2008.11.14 13:01:33.526,1.55065,1.5513,2.10,1.00
2008.11.14 13:01:33.966,1.55065,1.55139,1.00,1.00
2008.11.14 13:01:34.186,1.55055,1.55125,2.70,1.00
2008.11.14 13:01:34.516,1.55055,1.55135,2.10,2.20
2008.11.14 13:01:36.046,1.55055,1.55135,2.10,1.20
2008.11.14 13:01:37.016,1.55055,1.5512,2.10,1.00
2008.11.14 13:01:37.715,1.55055,1.5513,1.00,2.20
2008.11.14 13:01:38.155,1.5505,1.55129,2.40,1.00
2008.11.14 13:01:38.495,1.5505,1.55129,1.20,1.00
2008.11.14 13:01:38.775,1.5505,1.5512,1.20,1.20
2008.11.14 13:01:39.445,1.5505,1.5511,1.20,1.20
2008.11.14 13:01:39.915,1.5505,1.551,1.20,1.00
2008.11.14 13:01:40.205,1.5505,1.55115,1.20,1.20
2008.11.14 13:01:40.864,1.5505,1.551,1.20,1.00
2008.11.14 13:01:42.594,1.5505,1.5511,1.20,1.00
2008.11.14 13:01:42.924,1.55055,1.5511,2.10,1.00
2008.11.14 13:01:43.544,1.5506,1.55115,1.20,1.00
2008.11.14 13:01:43.944,1.5506,1.55129,2.10,1.00
2008.11.14 13:01:46.113,1.5506,1.5512,2.10,1.00
2008.11.14 13:01:46.573,1.55065,1.5512,1.20,1.00
2008.11.14 13:01:46.973,1.55055,1.5512,2.10,1.00
2008.11.14 13:01:47.393,1.55055,1.55115,1.20,1.00
2008.11.14 13:01:47.743,1.5505,1.55115,2.10,1.00
2008.11.14 13:01:48.383,1.5505,1.55125,1.20,1.20
2008.11.14 13:01:48.783,1.5505,1.551,1.20,1.20
2008.11.14 13:01:49.123,1.5505,1.551,1.20,2.40
2008.11.14 13:01:49.752,1.5505,1.551,1.20,1.20
2008.11.14 13:01:50.453,1.5505,1.55095,1.20,1.20
2008.11.14 13:01:50.792,1.5505,1.5511,1.20,2.20
2008.11.14 13:01:51.762,1.5505,1.551,1.20,1.00
2008.11.14 13:01:52.222,1.5505,1.5512,1.20,6.00
2008.11.14 13:01:52.622,1.5505,1.5512,1.20,2.40
2008.11.14 13:01:52.892,1.5505,1.5512,1.20,3.60
2008.11.14 13:01:53.241,1.5505,1.5511,1.20,1.00
2008.11.14 13:01:53.641,1.5505,1.55125,1.20,3.60
2008.11.14 13:01:54.691,1.5505,1.5512,1.20,1.20
2008.11.14 13:01:55.041,1.5505,1.55125,1.20,3.60
2008.11.14 13:01:56.251,1.5505,1.55125,1.20,4.80
2008.11.14 13:01:57.051,1.5505,1.5511,1.20,1.00
2008.11.14 13:02:00.996,1.5505,1.5512,1.20,3.60
2008.11.14 13:02:01.450,1.5505,1.5512,1.20,2.40
2008.11.14 13:02:02.799,1.5505,1.55115,1.20,1.20
2008.11.14 13:02:03.199,1.5505,1.55115,1.20,3.60
2008.11.14 13:02:03.599,1.5505,1.5511,1.20,1.20
2008.11.14 13:02:03.959,1.5505,1.55095,1.20,1.00
2008.11.14 13:02:04.569,1.5505,1.551,1.20,1.20
2008.11.14 13:02:05.859,1.5505,1.55105,1.20,1.20
2008.11.14 13:02:06.198,1.5505,1.5511,1.20,3.60
2008.11.14 13:02:07.218,1.5505,1.55095,1.20,1.00
2008.11.14 13:02:08.408,1.5505,1.55105,1.20,2.40
2008.11.14 13:02:08.698,1.5505,1.55079,1.20,1.00
2008.11.14 13:02:09.288,1.5505,1.55069,1.20,1.00
2008.11.14 13:02:09.578,1.54985,1.55069,2.10,1.00
2008.11.14 13:02:09.987,1.5499,1.55069,1.20,1.00
2008.11.14 13:02:10.277,1.5499,1.55075,2.10,1.20
2008.11.14 13:02:10.807,1.55035,1.55054,1.00,1.00
2008.11.14 13:02:11.327,1.5504,1.55074,1.00,1.00
2008.11.14 13:02:11.677,1.5504,1.5507,2.10,1.00
2008.11.14 13:02:12.127,1.55045,1.55105,1.00,1.20
2008.11.14 13:02:12.527,1.55055,1.5513,1.00,2.40
2008.11.14 13:02:12.867,1.55055,1.55135,1.00,1.20
2008.11.14 13:02:12.927,1.55045,1.5513,2.10,1.20
2008.11.14 13:02:13.937,1.55055,1.5513,1.00,2.40
2008.11.14 13:02:14.287,1.55055,1.55135,1.00,1.20
2008.11.14 13:02:14.746,1.5506,1.55125,1.00,1.20
2008.11.14 13:02:15.306,1.55065,1.5513,1.50,1.20
2008.11.14 13:02:15.596,1.55065,1.55145,2.10,2.40
2008.11.14 13:02:17.146,1.55065,1.5514,1.20,2.40
2008.11.14 13:02:17.476,1.55065,1.5514,2.10,1.20
2008.11.14 13:02:17.706,1.55065,1.5514,1.00,1.20
2008.11.14 13:02:18.106,1.55065,1.5514,2.10,1.20
2008.11.14 13:02:19.096,1.5508,1.5514,1.00,1.20
2008.11.14 13:02:19.545,1.55065,1.55145,2.10,1.20
2008.11.14 13:02:19.785,1.55085,1.55155,1.00,2.40
2008.11.14 13:02:20.186,1.5509,1.55155,1.00,1.20
2008.11.14 13:02:20.755,1.5509,1.5516,1.00,1.20
2008.11.14 13:02:21.545,1.5509,1.5517,1.00,1.20
2008.11.14 13:02:21.945,1.5509,1.5517,1.50,1.20
2008.11.14 13:02:22.345,1.55115,1.5518,1.00,1.20
2008.11.14 13:02:22.905,1.5511,1.5518,1.20,1.20
2008.11.14 13:02:23.404,1.55095,1.5517,1.20,1.20
2008.11.14 13:02:23.745,1.55095,1.5517,1.00,1.20
2008.11.14 13:02:24.154,1.55095,1.5517,2.10,1.20
2008.11.14 13:02:24.445,1.55095,1.55175,2.10,1.20
2008.11.14 13:02:25.364,1.55085,1.5517,2.40,1.20
2008.11.14 13:02:25.714,1.55095,1.55175,1.00,1.20
2008.11.14 13:02:25.894,1.55095,1.55175,2.10,1.20
2008.11.14 13:02:27.294,1.55115,1.55175,1.00,1.20
2008.11.14 13:02:27.523,1.55115,1.5518,1.00,1.20
2008.11.14 13:02:27.923,1.55115,1.55185,1.00,1.20
2008.11.14 13:02:28.313,1.55115,1.55195,1.00,2.40
2008.11.14 13:02:28.893,1.551,1.5518,2.10,1.20
2008.11.14 13:02:29.413,1.55115,1.55195,1.00,1.20
2008.11.14 13:02:29.953,1.55105,1.55179,1.20,1.00
2008.11.14 13:02:30.352,1.55095,1.55179,2.10,1.00
2008.11.14 13:02:30.693,1.55095,1.5517,1.20,3.60
2008.11.14 13:02:31.372,1.55085,1.55154,2.10,1.00
2008.11.14 13:02:31.772,1.55065,1.5515,3.90,1.20
2008.11.14 13:02:32.302,1.55085,1.55154,1.00,1.00
2008.11.14 13:02:32.932,1.55095,1.5516,1.50,1.20
2008.11.14 13:02:33.922,1.55105,1.55175,1.80,1.20
2008.11.14 13:02:34.262,1.5511,1.55175,2.10,1.00
2008.11.14 13:02:34.851,1.5514,1.552,1.00,2.40
2008.11.14 13:02:35.252,1.55155,1.5521,2.10,1.00
2008.11.14 13:02:35.652,1.55155,1.55235,2.10,1.20
2008.11.14 13:02:35.991,1.55155,1.55235,1.00,1.20
2008.11.14 13:02:36.401,1.55155,1.5522,1.00,1.20
2008.11.14 13:02:37.421,1.5515,1.55204,1.20,1.00
2008.11.14 13:02:37.761,1.5513,1.55155,1.20,1.20
2008.11.14 13:02:38.001,1.55125,1.55155,1.20,1.20
2008.11.14 13:02:38.501,1.5511,1.55145,1.00,1.20
2008.11.14 13:02:39.261,1.5511,1.5514,1.00,1.20
2008.11.14 13:02:40.021,1.5511,1.55145,1.00,1.20
2008.11.14 13:02:41.790,1.5511,1.55155,1.00,1.20
2008.11.14 13:02:42.170,1.5511,1.5514,1.00,1.20
2008.11.14 13:02:42.460,1.5511,1.55135,1.00,1.20
2008.11.14 13:02:43.519,1.5511,1.5514,1.00,1.20
2008.11.14 13:02:43.859,1.5511,1.55155,1.00,1.20
2008.11.14 13:02:44.319,1.5511,1.55145,1.00,1.20
2008.11.14 13:02:44.799,1.5511,1.55155,1.00,1.20
2008.11.14 13:02:45.899,1.5511,1.55145,1.00,1.20
2008.11.14 13:02:46.249,1.5511,1.55135,1.00,1.20
2008.11.14 13:02:46.609,1.55125,1.55165,1.00,1.20
2008.11.14 13:02:46.959,1.5511,1.55165,1.00,1.20
2008.11.14 13:02:47.499,1.5511,1.5518,1.00,1.20
2008.11.14 13:02:48.088,1.5511,1.5516,1.00,1.20
2008.11.14 13:02:48.428,1.5511,1.5515,1.00,1.20
2008.11.14 13:02:48.828,1.5513,1.5516,1.20,1.00
2008.11.14 13:02:49.238,1.55145,1.55195,1.20,1.20
2008.11.14 13:02:49.708,1.55135,1.55219,1.20,1.00
2008.11.14 13:02:49.948,1.55125,1.5521,1.00,1.20
2008.11.14 13:02:50.638,1.55135,1.55205,1.00,1.20
2008.11.14 13:02:52.638,1.5517,1.55205,1.00,1.00
2008.11.14 13:02:52.937,1.55165,1.55205,1.00,1.00
2008.11.14 13:02:53.337,1.55175,1.5524,1.00,3.60
2008.11.14 13:02:54.247,1.55165,1.5523,2.10,1.20
2008.11.14 13:02:54.667,1.55175,1.55235,1.00,1.20
2008.11.14 13:02:55.357,1.55235,1.5526,1.00,2.40
2008.11.14 13:02:55.717,1.5524,1.553,1.00,3.40
2008.11.14 13:02:56.117,1.5526,1.5531,1.00,2.40
2008.11.14 13:02:56.456,1.55245,1.5531,2.10,2.40
2008.11.14 13:02:56.686,1.5526,1.55319,1.00,1.00
2008.11.14 13:02:57.036,1.5526,1.55325,1.00,1.20
2008.11.14 13:02:57.366,1.5526,1.55325,1.00,1.00
2008.11.14 13:02:57.526,1.55285,1.55325,1.00,1.00
2008.11.14 13:02:57.876,1.55285,1.5533,1.00,2.40
2008.11.14 13:02:58.206,1.5528,1.55335,1.80,1.20
2008.11.14 13:02:58.616,1.5526,1.5534,1.00,1.20
2008.11.14 13:02:59.146,1.55245,1.55319,2.10,1.00
2008.11.14 13:02:59.495,1.55245,1.55319,1.00,1.00
2008.11.14 13:03:00.276,1.55235,1.55305,1.00,1.20
2008.11.14 13:03:00.675,1.55215,1.55284,2.10,1.00
2008.11.14 13:03:01.025,1.5521,1.55274,1.80,1.00
2008.11.14 13:03:01.385,1.552,1.55265,2.10,1.20
2008.11.14 13:03:02.005,1.5524,1.5527,1.00,1.20
2008.11.14 13:03:02.645,1.55235,1.5529,1.00,1.00
2008.11.14 13:03:03.105,1.5525,1.5531,1.80,2.40
2008.11.14 13:03:03.665,1.5524,1.5532,2.10,1.20
2008.11.14 13:03:04.195,1.55235,1.5528,2.40,1.20
2008.11.14 13:03:04.724,1.55225,1.55315,1.20,1.20
2008.11.14 13:03:05.145,1.552,1.55315,1.20,1.20
2008.11.14 13:03:05.474,1.55195,1.55259,1.20,1.00
2008.11.14 13:03:06.364,1.55185,1.55245,1.20,1.20
2008.11.14 13:03:06.774,1.5517,1.5524,1.20,1.20
2008.11.14 13:03:07.064,1.5512,1.5524,1.20,1.20
2008.11.14 13:03:07.514,1.5511,1.5523,1.20,1.00
2008.11.14 13:03:07.994,1.55115,1.5524,1.20,2.20
2008.11.14 13:03:08.353,1.55135,1.5523,1.20,1.20
2008.11.14 13:03:08.753,1.55135,1.5523,1.20,2.20
2008.11.14 13:03:09.263,1.55125,1.5523,1.20,2.20
2008.11.14 13:03:10.623,1.55125,1.5524,1.20,1.00
2008.11.14 13:03:10.963,1.55125,1.55255,1.20,1.20
2008.11.14 13:03:11.903,1.55125,1.5525,1.20,1.20
2008.11.14 13:03:12.712,1.5513,1.5525,1.20,1.20
2008.11.14 13:03:13.572,1.55105,1.55225,1.20,1.20
2008.11.14 13:03:13.912,1.5512,1.55235,1.20,1.20
2008.11.14 13:03:14.262,1.5511,1.5523,1.20,1.20
2008.11.14 13:03:15.002,1.55105,1.55225,1.20,1.20
2008.11.14 13:03:15.412,1.55095,1.5521,1.20,1.20
2008.11.14 13:03:16.062,1.5509,1.5521,7.20,1.20
2008.11.14 13:03:16.811,1.5509,1.55205,6.00,1.20
2008.11.14 13:03:17.321,1.5509,1.55185,6.00,1.20
2008.11.14 13:03:18.331,1.5509,1.55175,6.00,1.20
2008.11.14 13:03:20.151,1.5509,1.5518,6.00,1.20
2008.11.14 13:03:22.860,1.5509,1.5517,6.00,1.20
2008.11.14 13:03:23.150,1.5509,1.5516,6.00,1.20
2008.11.14 13:03:24.290,1.5509,1.55165,6.00,1.20
2008.11.14 13:03:24.671,1.5509,1.5518,6.00,1.20
2008.11.14 13:03:26.059,1.5509,1.5519,7.20,1.20
2008.11.14 13:03:26.879,1.5509,1.5518,6.00,1.20
2008.11.14 13:03:27.509,1.5509,1.55185,6.00,1.20
2008.11.14 13:03:29.608,1.5509,1.55175,6.00,1.20
2008.11.14 13:03:30.758,1.5509,1.5519,7.20,1.20
2008.11.14 13:03:32.028,1.5509,1.55185,6.00,1.20
2008.11.14 13:03:32.458,1.5509,1.5518,6.00,1.20
2008.11.14 13:03:33.067,1.5509,1.55185,7.20,1.20
2008.11.14 13:03:33.408,1.5509,1.5519,7.20,1.20
2008.11.14 13:03:34.108,1.55095,1.55195,1.20,1.20
2008.11.14 13:03:36.277,1.5509,1.5519,7.20,1.20
2008.11.14 13:03:36.896,1.55095,1.55195,1.20,1.20
2008.11.14 13:03:38.686,1.551,1.552,1.20,1.20
2008.11.14 13:03:39.107,1.55105,1.55205,1.20,1.20
2008.11.14 13:03:39.606,1.551,1.552,1.20,1.20
2008.11.14 13:03:40.236,1.55105,1.55205,1.20,1.20
2008.11.14 13:03:41.086,1.551,1.552,1.20,1.20
2008.11.14 13:03:41.935,1.55095,1.55195,1.20,1.20
2008.11.14 13:03:42.595,1.5509,1.5519,7.20,1.20
2008.11.14 13:03:45.774,1.55095,1.5519,1.20,1.20
2008.11.14 13:03:48.004,1.5509,1.55185,6.00,1.20
2008.11.14 13:03:48.514,1.5509,1.5518,6.00,1.20
2008.11.14 13:03:49.144,1.5509,1.55185,6.00,1.20
2008.11.14 13:03:52.233,1.5509,1.5519,7.20,1.20
2008.11.14 13:03:52.573,1.55095,1.55195,1.20,1.20
2008.11.14 13:03:54.552,1.55105,1.552,1.20,1.20
2008.11.14 13:03:54.972,1.5512,1.5522,1.20,1.20
2008.11.14 13:03:56.342,1.5515,1.5525,1.20,1.20
2008.11.14 13:03:57.042,1.55145,1.5524,1.20,1.20
2008.11.14 13:03:58.152,1.5515,1.55245,2.40,1.20
2008.11.14 13:03:58.551,1.5515,1.55249,2.40,1.00
2008.11.14 13:04:00.411,1.5517,1.55249,1.20,1.00
2008.11.14 13:04:03.780,1.5518,1.55259,1.20,1.00
2008.11.14 13:04:04.820,1.55185,1.55259,1.20,1.00
2008.11.14 13:04:06.510,1.55195,1.55259,1.00,1.00
2008.11.14 13:04:07.289,1.55195,1.55259,2.10,1.00
2008.11.14 13:04:08.279,1.55185,1.55259,1.00,1.00
2008.11.14 13:04:11.308,1.55185,1.55259,2.10,1.00
2008.11.14 13:04:12.158,1.55185,1.55259,1.00,1.00
2008.11.14 13:04:13.068,1.55185,1.55259,2.10,1.00
2008.11.14 13:04:17.677,1.55185,1.5527,2.10,1.20
2008.11.14 13:04:18.827,1.5519,1.5528,2.10,1.20
2008.11.14 13:04:19.227,1.5519,1.5528,2.10,2.40
2008.11.14 13:04:20.206,1.55195,1.5528,1.00,1.00
2008.11.14 13:04:20.556,1.55195,1.55285,1.00,1.20
2008.11.14 13:04:21.046,1.552,1.5529,2.10,1.20
2008.11.14 13:04:21.556,1.55195,1.55285,3.90,1.20
2008.11.14 13:04:21.846,1.552,1.55285,1.20,1.20
2008.11.14 13:04:24.495,1.5521,1.55295,1.00,2.20
2008.11.14 13:04:24.775,1.5521,1.55295,2.10,1.20
2008.11.14 13:04:25.265,1.55215,1.55305,2.10,1.20
2008.11.14 13:04:25.605,1.5521,1.553,1.80,1.20
2008.11.14 13:04:26.005,1.552,1.553,2.40,1.20
2008.11.14 13:04:26.415,1.55175,1.55255,1.20,1.20
2008.11.14 13:04:26.634,1.55155,1.55255,1.20,1.20
2008.11.14 13:04:29.764,1.5515,1.55245,1.20,1.20
2008.11.14 13:04:30.234,1.5517,1.55265,1.20,2.40
2008.11.14 13:04:30.654,1.55175,1.55275,1.20,1.20
2008.11.14 13:04:30.874,1.55195,1.5528,1.00,1.20
2008.11.14 13:04:35.793,1.55195,1.55285,1.00,2.40
2008.11.14 13:04:38.142,1.552,1.55285,1.00,1.20
2008.11.14 13:04:38.422,1.552,1.55285,2.10,1.20
2008.11.14 13:04:38.892,1.552,1.5529,2.10,2.40
2008.11.14 13:04:39.342,1.5521,1.5529,1.00,1.20
2008.11.14 13:04:39.682,1.5517,1.5523,2.40,1.20
2008.11.14 13:04:40.032,1.5512,1.5523,3.60,1.20
2008.11.14 13:04:40.611,1.5512,1.55225,1.20,1.20
2008.11.14 13:04:41.071,1.5513,1.5523,1.20,1.20
2008.11.14 13:04:42.771,1.5517,1.5523,1.20,1.20
2008.11.14 13:04:43.051,1.552,1.55255,1.00,1.20
2008.11.14 13:04:43.690,1.55195,1.5523,1.20,1.20
2008.11.14 13:04:44.150,1.5514,1.55225,1.20,1.20
2008.11.14 13:04:44.490,1.55135,1.55225,2.10,1.20
2008.11.14 13:04:46.710,1.5513,1.5522,2.10,1.20
2008.11.14 13:04:47.879,1.55125,1.55215,2.70,1.20
2008.11.14 13:04:48.110,1.55125,1.55215,2.10,1.20
2008.11.14 13:04:48.909,1.55135,1.55215,1.20,1.20
2008.11.14 13:04:49.079,1.55155,1.55225,1.00,1.20
2008.11.14 13:04:50.719,1.55165,1.55225,1.00,1.20
2008.11.14 13:04:51.179,1.55165,1.55225,1.20,1.20
2008.11.14 13:04:51.569,1.55155,1.5521,1.00,1.00
2008.11.14 13:04:51.848,1.5516,1.5521,1.00,1.00
2008.11.14 13:04:52.079,1.5516,1.55225,2.10,1.20
2008.11.14 13:04:52.648,1.5517,1.5523,1.00,1.20
2008.11.14 13:04:53.098,1.55165,1.5523,1.80,1.20
2008.11.14 13:04:53.448,1.5516,1.55215,1.20,1.20
2008.11.14 13:04:53.798,1.55135,1.5522,1.20,1.20
2008.11.14 13:04:54.118,1.5513,1.5522,2.10,1.20
2008.11.14 13:04:54.968,1.55135,1.5522,1.20,1.20
2008.11.14 13:04:55.297,1.55135,1.55215,1.20,2.40
2008.11.14 13:04:55.518,1.5513,1.55215,1.20,3.60
2008.11.14 13:04:55.697,1.55125,1.55215,2.10,3.60
2008.11.14 13:04:55.867,1.55125,1.55215,2.10,1.20
2008.11.14 13:04:57.378,1.55125,1.55215,3.30,1.20
2008.11.14 13:04:58.067,1.55125,1.55215,2.10,1.20
2008.11.14 13:05:01.066,1.55125,1.55215,3.30,1.20
2008.11.14 13:05:02.806,1.55125,1.55215,2.10,1.20
2008.11.14 13:05:02.856,1.55135,1.5521,1.20,1.00
2008.11.14 13:05:03.356,1.55125,1.55215,3.30,1.20
2008.11.14 13:05:03.626,1.5513,1.5522,2.10,1.20
2008.11.14 13:05:04.656,1.55125,1.55194,2.10,1.00
2008.11.14 13:05:05.405,1.55115,1.55194,2.10,1.00
2008.11.14 13:05:06.355,1.55115,1.55184,1.20,1.00
2008.11.14 13:05:06.865,1.551,1.5518,2.10,2.40
2008.11.14 13:05:07.735,1.551,1.55175,1.20,1.20
2008.11.14 13:05:08.095,1.5512,1.55185,1.00,2.40
2008.11.14 13:05:08.214,1.5512,1.55185,1.00,1.20
2008.11.14 13:05:08.644,1.55125,1.55185,1.00,1.20
2008.11.14 13:05:09.634,1.5512,1.55185,2.10,1.20
2008.11.14 13:05:10.214,1.5512,1.55195,1.00,2.40
2008.11.14 13:05:10.664,1.5512,1.552,2.10,2.40
2008.11.14 13:05:11.184,1.55125,1.55215,1.00,1.20
2008.11.14 13:05:11.704,1.5514,1.5522,1.00,1.20
2008.11.14 13:05:12.244,1.5517,1.5523,1.00,2.40
2008.11.14 13:05:12.603,1.5517,1.5523,1.00,1.20
2008.11.14 13:05:13.233,1.55165,1.5523,1.80,1.20
2008.11.14 13:05:13.683,1.5516,1.5523,2.10,1.20
2008.11.14 13:05:14.383,1.55155,1.55225,1.00,1.20
2008.11.14 13:05:14.763,1.55155,1.5522,1.00,1.20
2008.11.14 13:05:16.132,1.5516,1.5522,1.00,1.20
2008.11.14 13:05:16.552,1.5516,1.5522,2.10,1.20
2008.11.14 13:05:16.792,1.55125,1.5519,1.00,1.20
2008.11.14 13:05:17.262,1.55125,1.552,1.00,1.20
2008.11.14 13:05:17.422,1.55125,1.55215,2.10,2.40
2008.11.14 13:05:19.442,1.55135,1.55215,1.20,2.40
2008.11.14 13:05:19.732,1.5516,1.5522,2.10,1.20
2008.11.14 13:05:20.242,1.5516,1.55215,2.10,1.20
2008.11.14 13:05:20.362,1.55155,1.55215,1.00,1.20
2008.11.14 13:05:20.702,1.55155,1.5522,1.00,2.40
2008.11.14 13:05:21.021,1.5516,1.5522,1.00,1.20
2008.11.14 13:05:21.371,1.5516,1.5522,2.10,1.20
2008.11.14 13:05:21.782,1.5516,1.5521,2.10,1.20
2008.11.14 13:05:22.251,1.5515,1.5521,1.00,1.20
2008.11.14 13:05:22.591,1.55145,1.5521,2.10,1.20
2008.11.14 13:05:23.031,1.55145,1.5521,1.00,1.20
2008.11.14 13:05:23.941,1.5515,1.5521,1.00,1.20
2008.11.14 13:05:24.511,1.5515,1.552,1.00,1.20
2008.11.14 13:05:25.171,1.55145,1.552,1.00,1.20
2008.11.14 13:05:28.050,1.5514,1.552,1.50,1.20
2008.11.14 13:05:28.340,1.5514,1.55195,1.00,1.20
2008.11.14 13:05:29.239,1.55125,1.5519,2.10,1.20
2008.11.14 13:05:29.589,1.5512,1.55185,1.00,1.20
2008.11.14 13:05:30.010,1.5512,1.55175,1.00,1.20
2008.11.14 13:05:30.409,1.55115,1.5517,1.00,1.20
2008.11.14 13:05:32.599,1.55115,1.55175,1.00,2.20
2008.11.14 13:05:33.779,1.55115,1.55175,1.00,1.20
2008.11.14 13:05:35.238,1.55125,1.55175,1.00,1.20
2008.11.14 13:05:35.588,1.55125,1.5518,1.00,1.20
2008.11.14 13:05:36.339,1.55125,1.5518,2.10,1.20
2008.11.14 13:05:36.568,1.55125,1.5518,1.20,1.20
2008.11.14 13:05:37.037,1.5512,1.5518,1.00,1.20
2008.11.14 13:05:39.507,1.5512,1.55185,1.00,1.20
2008.11.14 13:05:39.747,1.5512,1.55175,1.00,1.20
2008.11.14 13:05:40.227,1.55125,1.55184,2.10,1.00
2008.11.14 13:05:40.617,1.5513,1.5519,2.10,1.20
2008.11.14 13:05:40.847,1.5514,1.5519,1.00,1.20
2008.11.14 13:05:41.207,1.55135,1.5519,1.80,1.20
2008.11.14 13:05:41.556,1.5513,1.5519,2.10,1.20
2008.11.14 13:05:42.516,1.5513,1.5519,1.20,1.20
2008.11.14 13:05:43.146,1.55125,1.55185,1.00,2.20
2008.11.14 13:05:43.446,1.55125,1.55185,2.10,1.20
2008.11.14 13:05:43.736,1.5513,1.55195,1.00,1.20
2008.11.14 13:05:43.916,1.5513,1.552,2.10,2.40
2008.11.14 13:05:44.386,1.5513,1.55184,2.10,1.00
2008.11.14 13:05:44.786,1.55125,1.5518,1.00,1.20
2008.11.14 13:05:45.226,1.55125,1.5518,2.10,1.20
2008.11.14 13:05:47.185,1.55125,1.5518,1.20,1.20
2008.11.14 13:05:47.295,1.551,1.55175,2.10,1.20
2008.11.14 13:05:47.575,1.551,1.55175,2.10,2.20
2008.11.14 13:05:48.265,1.551,1.5517,2.10,1.20
2008.11.14 13:05:49.275,1.551,1.55165,2.10,1.20
2008.11.14 13:05:49.565,1.5508,1.55165,2.10,3.60
2008.11.14 13:05:49.864,1.5508,1.55165,1.00,3.60
2008.11.14 13:05:50.604,1.55085,1.55165,1.20,3.60
2008.11.14 13:05:51.934,1.55085,1.55159,2.10,1.00
2008.11.14 13:05:52.944,1.5509,1.55159,1.00,1.00
2008.11.14 13:05:53.174,1.55095,1.55159,1.20,1.00
2008.11.14 13:05:53.454,1.55085,1.55149,3.30,1.00
2008.11.14 13:05:53.624,1.55095,1.55159,1.00,1.00
2008.11.14 13:05:53.974,1.55095,1.55159,1.20,1.00
2008.11.14 13:05:54.333,1.5509,1.55159,1.00,1.00
2008.11.14 13:05:55.393,1.5509,1.55149,1.00,1.00
2008.11.14 13:05:55.683,1.55085,1.55149,2.10,1.00
2008.11.14 13:05:56.933,1.5509,1.55159,2.10,1.00
2008.11.14 13:05:57.343,1.55095,1.55159,1.20,1.00
2008.11.14 13:05:57.683,1.55095,1.55159,2.10,1.00
2008.11.14 13:05:58.162,1.55095,1.55159,1.20,1.00
2008.11.14 13:05:58.892,1.5509,1.55169,1.50,1.00
2008.11.14 13:05:59.122,1.55105,1.55169,1.20,1.00
2008.11.14 13:05:59.462,1.5512,1.55195,1.00,2.20
2008.11.14 13:05:59.882,1.5512,1.55195,2.10,1.20
2008.11.14 13:06:00.472,1.55115,1.55195,1.50,1.20
2008.11.14 13:06:00.812,1.55115,1.55184,1.00,1.00
2008.11.14 13:06:01.142,1.55115,1.55195,1.00,1.20
2008.11.14 13:06:01.672,1.55145,1.55195,1.00,1.20
2008.11.14 13:06:02.071,1.5516,1.5524,1.00,1.20
2008.11.14 13:06:02.431,1.5517,1.5525,1.00,1.20
2008.11.14 13:06:03.101,1.55145,1.55235,2.10,1.20
2008.11.14 13:06:03.441,1.5514,1.55194,1.20,1.00
2008.11.14 13:06:05.521,1.5514,1.55209,1.20,1.00
2008.11.14 13:06:08.660,1.5514,1.55199,1.20,1.00
2008.11.14 13:06:08.830,1.5514,1.55199,2.40,1.00
2008.11.14 13:06:09.640,1.5514,1.55189,2.40,1.00
2008.11.14 13:06:10.099,1.5514,1.55189,1.20,1.00
2008.11.14 13:06:10.390,1.5514,1.55209,1.20,1.00
2008.11.14 13:06:10.799,1.5514,1.55194,1.20,1.00
2008.11.14 13:06:11.530,1.55125,1.55194,1.20,1.00
2008.11.14 13:06:11.879,1.55125,1.55199,1.20,1.00
2008.11.14 13:06:12.159,1.5512,1.55199,1.20,1.00
2008.11.14 13:06:13.289,1.5513,1.5519,1.20,1.20
2008.11.14 13:06:13.749,1.551,1.55184,4.80,1.00
2008.11.14 13:06:14.099,1.55095,1.55184,2.10,1.00
2008.11.14 13:06:15.298,1.5509,1.5518,2.10,1.20
2008.11.14 13:06:17.328,1.55085,1.55175,2.70,1.20
2008.11.14 13:06:17.558,1.5509,1.55175,1.20,2.40
2008.11.14 13:06:19.907,1.5509,1.55175,2.10,1.20
2008.11.14 13:06:20.197,1.5509,1.55175,2.10,1.00
2008.11.14 13:06:20.307,1.5509,1.5518,2.10,2.40
2008.11.14 13:06:20.837,1.5509,1.5518,2.10,1.20
2008.11.14 13:06:22.067,1.5509,1.5518,1.00,1.20
2008.11.14 13:06:22.657,1.55085,1.55175,1.00,1.20
2008.11.14 13:06:23.176,1.5509,1.5518,1.00,1.20
2008.11.14 13:06:23.516,1.55085,1.55175,3.90,1.20
2008.11.14 13:06:23.996,1.55085,1.55175,2.10,3.60
2008.11.14 13:06:24.286,1.55085,1.55165,2.10,1.20
2008.11.14 13:06:26.196,1.5508,1.55165,1.50,3.60
2008.11.14 13:06:26.606,1.5508,1.5516,1.00,1.20
2008.11.14 13:06:27.066,1.55085,1.55165,1.00,2.40
2008.11.14 13:06:27.865,1.5507,1.55155,2.10,1.20
2008.11.14 13:06:28.955,1.55065,1.55144,1.00,1.00
2008.11.14 13:06:30.265,1.55065,1.5514,1.00,1.20
2008.11.14 13:06:30.665,1.5506,1.5514,1.00,1.20
2008.11.14 13:06:31.435,1.5506,1.55125,1.00,1.20
2008.11.14 13:06:31.614,1.55055,1.55125,1.20,1.20
2008.11.14 13:06:32.025,1.55055,1.55115,1.20,1.20
2008.11.14 13:06:32.524,1.55035,1.55115,2.10,1.20
2008.11.14 13:06:32.944,1.55045,1.55115,1.20,2.40
2008.11.14 13:06:34.094,1.5505,1.55115,1.20,1.20
2008.11.14 13:06:34.434,1.55055,1.55125,1.00,1.00
2008.11.14 13:06:34.884,1.5506,1.55135,1.00,1.20
2008.11.14 13:06:35.274,1.5506,1.5514,1.00,1.20
2008.11.14 13:06:35.814,1.55065,1.55144,1.00,1.00
2008.11.14 13:06:36.283,1.5507,1.55144,1.20,1.00
2008.11.14 13:06:37.303,1.5506,1.5514,2.70,1.20
2008.11.14 13:06:38.053,1.5504,1.5513,2.70,1.20
2008.11.14 13:06:38.463,1.5504,1.5513,2.10,1.20
2008.11.14 13:06:38.743,1.55055,1.5513,1.00,1.20
2008.11.14 13:06:39.083,1.55055,1.55134,1.00,1.00
2008.11.14 13:06:39.843,1.5506,1.55135,1.00,1.20
2008.11.14 13:06:40.243,1.55045,1.55125,2.10,1.20
2008.11.14 13:06:40.702,1.5506,1.5514,1.00,1.20
2008.11.14 13:06:41.162,1.55045,1.55125,2.10,1.20
2008.11.14 13:06:41.442,1.5505,1.55125,1.20,1.20
2008.11.14 13:06:42.352,1.5504,1.55125,2.10,1.20
2008.11.14 13:06:42.532,1.5504,1.55125,2.10,1.20
2008.11.14 13:06:44.601,1.5504,1.5511,1.20,1.20
2008.11.14 13:06:44.781,1.5503,1.5511,1.20,1.20
2008.11.14 13:06:46.111,1.55025,1.5511,1.20,2.40
2008.11.14 13:06:46.961,1.5502,1.55105,1.20,1.20
2008.11.14 13:06:47.371,1.55025,1.5509,1.20,1.20
2008.11.14 13:06:47.781,1.54995,1.55069,2.40,1.00
2008.11.14 13:06:48.070,1.5501,1.55075,1.00,1.00
2008.11.14 13:06:48.350,1.5501,1.551,1.00,3.60
2008.11.14 13:06:49.210,1.5502,1.551,1.00,2.40
2008.11.14 13:06:49.660,1.5502,1.551,2.10,1.20
2008.11.14 13:06:51.100,1.5501,1.551,2.70,2.40
2008.11.14 13:06:51.390,1.55015,1.551,1.00,1.20
2008.11.14 13:06:51.730,1.5503,1.55094,1.00,1.00
2008.11.14 13:06:52.180,1.55025,1.55094,1.00,1.00
2008.11.14 13:06:52.469,1.55025,1.55059,1.00,1.00
2008.11.14 13:06:52.919,1.5499,1.55059,2.10,1.00
2008.11.14 13:06:53.149,1.54985,1.55049,1.00,1.00
2008.11.14 13:06:53.829,1.5499,1.55049,1.00,1.00
2008.11.14 13:06:54.599,1.54985,1.55049,1.50,1.00
2008.11.14 13:06:54.949,1.54975,1.55034,1.00,1.00
2008.11.14 13:06:55.359,1.54965,1.55024,2.10,1.00
2008.11.14 13:06:56.099,1.54975,1.55024,1.00,1.00
2008.11.14 13:06:56.558,1.5497,1.55024,1.20,1.00
2008.11.14 13:06:56.848,1.5495,1.55034,1.00,1.00
2008.11.14 13:06:57.868,1.5494,1.55024,1.20,1.00
2008.11.14 13:06:58.038,1.5496,1.55024,1.00,1.00
2008.11.14 13:06:58.438,1.5495,1.55024,1.00,1.00
2008.11.14 13:06:58.788,1.54935,1.55009,2.10,1.00
2008.11.14 13:06:59.178,1.54935,1.55009,1.00,1.00
2008.11.14 13:06:59.508,1.5493,1.54999,1.00,1.00
2008.11.14 13:07:00.387,1.5492,1.54999,1.50,1.00
2008.11.14 13:07:00.737,1.5492,1.55,1.00,1.20
2008.11.14 13:07:01.357,1.5492,1.55,1.50,1.20
2008.11.14 13:07:01.588,1.5492,1.55005,1.00,1.20
2008.11.14 13:07:01.927,1.54925,1.55005,1.00,1.20
2008.11.14 13:07:02.517,1.54905,1.55,2.40,1.20
2008.11.14 13:07:02.917,1.549,1.55,1.20,1.20
2008.11.14 13:07:03.547,1.5492,1.55,1.00,1.20
2008.11.14 13:07:03.907,1.5492,1.55005,1.50,2.40
2008.11.14 13:07:04.527,1.54925,1.55005,1.00,1.20
2008.11.14 13:07:04.876,1.54935,1.55015,1.00,1.20
2008.11.14 13:07:05.276,1.54935,1.55015,2.10,1.20
2008.11.14 13:07:05.627,1.54935,1.5501,1.20,1.20
2008.11.14 13:07:06.006,1.54945,1.55025,1.00,1.20
2008.11.14 13:07:06.746,1.54945,1.5502,1.00,1.20
2008.11.14 13:07:07.426,1.5494,1.55005,1.80,1.20
2008.11.14 13:07:07.946,1.5492,1.55005,1.50,3.60
2008.11.14 13:07:08.696,1.54905,1.54985,1.50,1.20
2008.11.14 13:07:09.395,1.54905,1.5498,2.10,1.20
2008.11.14 13:07:09.815,1.549,1.5497,1.00,1.20
2008.11.14 13:07:10.105,1.5489,1.5497,1.00,1.20
2008.11.14 13:07:10.525,1.54885,1.5496,1.80,1.20
2008.11.14 13:07:11.305,1.5487,1.5495,2.10,1.20
2008.11.14 13:07:11.835,1.54865,1.54945,1.00,1.20
2008.11.14 13:07:12.305,1.5487,1.5495,1.00,1.20
2008.11.14 13:07:12.654,1.54875,1.54954,1.00,1.00
2008.11.14 13:07:13.115,1.5488,1.5496,1.00,1.20
2008.11.14 13:07:13.824,1.5488,1.54964,1.00,1.00
2008.11.14 13:07:14.114,1.5489,1.5497,1.00,1.20
2008.11.14 13:07:20.132,1.54885,1.5497,1.80,2.40
2008.11.14 13:07:20.293,1.54885,1.5496,1.80,1.20
2008.11.14 13:07:20.593,1.5488,1.5496,2.10,1.20
2008.11.14 13:07:21.122,1.5488,1.5495,2.10,2.40
2008.11.14 13:07:21.413,1.5488,1.5496,1.20,3.60
2008.11.14 13:07:21.742,1.54875,1.54954,1.00,1.00
2008.11.14 13:07:22.712,1.54885,1.54954,1.00,1.00
2008.11.14 13:07:23.252,1.54885,1.5496,1.00,1.20
2008.11.14 13:07:23.582,1.54875,1.5496,1.00,1.20
2008.11.14 13:07:23.992,1.5488,1.5496,1.00,1.20
2008.11.14 13:07:24.352,1.5488,1.5496,2.10,1.20
2008.11.14 13:07:25.222,1.54915,1.5496,1.00,1.20
2008.11.14 13:07:25.511,1.54915,1.54985,1.00,1.20
2008.11.14 13:07:27.481,1.54915,1.5498,1.00,1.20
2008.11.14 13:07:27.821,1.54905,1.5498,2.10,1.20
2008.11.14 13:07:28.061,1.54955,1.54985,1.20,1.20
2008.11.14 13:07:28.461,1.54965,1.54985,1.00,1.00
2008.11.14 13:07:28.800,1.5499,1.55075,1.00,2.40
2008.11.14 13:07:30.250,1.5499,1.55075,2.10,1.20
2008.11.14 13:07:30.650,1.55,1.5508,1.20,2.40
2008.11.14 13:07:31.200,1.55,1.55085,3.30,1.20
2008.11.14 13:07:31.590,1.5501,1.55089,1.00,1.00
2008.11.14 13:07:32.420,1.5501,1.55085,1.00,1.00
2008.11.14 13:07:32.770,1.5502,1.55105,3.30,3.60
2008.11.14 13:07:33.130,1.55025,1.55105,2.10,1.20
2008.11.14 13:07:33.470,1.55025,1.55105,1.20,1.20
2008.11.14 13:07:33.920,1.55015,1.5509,1.20,1.20
2008.11.14 13:07:34.259,1.55,1.55085,1.20,1.20
2008.11.14 13:07:34.609,1.55,1.55095,1.20,1.20
2008.11.14 13:07:35.579,1.5499,1.5509,1.20,1.20
2008.11.14 13:07:36.389,1.5499,1.5509,1.20,2.40
2008.11.14 13:07:36.739,1.5499,1.5509,1.20,1.20
2008.11.14 13:07:37.209,1.54985,1.55085,1.20,1.20
2008.11.14 13:07:38.348,1.55,1.5509,1.00,2.40
2008.11.14 13:07:38.638,1.55,1.5509,2.10,1.20
2008.11.14 13:07:39.318,1.54995,1.55085,2.70,1.20
2008.11.14 13:07:39.698,1.55005,1.55085,1.20,1.20
2008.11.14 13:07:40.098,1.55015,1.551,1.00,2.40
2008.11.14 13:07:40.338,1.55015,1.551,1.00,1.20
2008.11.14 13:07:41.198,1.55025,1.55115,2.10,1.20
2008.11.14 13:07:41.538,1.5504,1.5512,1.20,1.20
2008.11.14 13:07:41.887,1.55025,1.55115,2.10,1.20
2008.11.14 13:07:42.297,1.5503,1.5512,2.10,1.20
2008.11.14 13:07:42.677,1.5504,1.55124,1.00,1.00
2008.11.14 13:07:43.077,1.5504,1.55125,1.00,1.20
2008.11.14 13:07:43.477,1.5504,1.55125,2.10,1.20
2008.11.14 13:07:44.407,1.55035,1.5512,1.80,1.20
2008.11.14 13:07:44.467,1.55025,1.5512,2.40,1.20
2008.11.14 13:07:44.587,1.55025,1.5512,1.20,1.20
2008.11.14 13:07:47.186,1.55035,1.55135,1.20,1.20
2008.11.14 13:07:47.476,1.55045,1.5514,1.20,3.60
2008.11.14 13:07:48.476,1.55055,1.55155,1.20,1.20
2008.11.14 13:07:48.856,1.5506,1.5516,1.20,1.20
2008.11.14 13:07:49.436,1.5504,1.5514,1.20,1.20
2008.11.14 13:07:49.886,1.5505,1.5515,1.20,1.20
2008.11.14 13:07:50.305,1.5505,1.55145,1.20,1.20
2008.11.14 13:07:51.575,1.5505,1.5515,1.20,1.20
2008.11.14 13:07:53.195,1.55055,1.55155,1.20,1.20
2008.11.14 13:07:54.844,1.55065,1.55165,1.20,1.20
2008.11.14 13:07:55.774,1.5507,1.5517,1.20,1.20
2008.11.14 13:07:56.514,1.55065,1.5516,1.20,1.20
2008.11.14 13:07:56.814,1.5506,1.5516,1.20,1.20
2008.11.14 13:07:57.664,1.55055,1.55155,1.20,1.20
2008.11.14 13:07:59.093,1.55065,1.5516,1.20,1.20
2008.11.14 13:07:59.543,1.55055,1.55155,1.20,1.20
2008.11.14 13:08:00.453,1.5505,1.5515,1.20,1.20
2008.11.14 13:08:01.243,1.5504,1.5514,1.20,1.20
2008.11.14 13:08:02.122,1.5503,1.5513,1.20,1.20
2008.11.14 13:08:02.982,1.55025,1.55125,1.20,1.20
2008.11.14 13:08:03.542,1.5502,1.5512,1.20,1.20
2008.11.14 13:08:04.042,1.55025,1.55125,1.20,1.20
2008.11.14 13:08:04.603,1.5502,1.5512,1.20,1.20
2008.11.14 13:08:05.132,1.5501,1.55105,1.20,1.20
2008.11.14 13:08:05.662,1.55015,1.55115,1.20,1.20
2008.11.14 13:08:06.002,1.5501,1.5511,1.20,1.20
2008.11.14 13:08:06.292,1.5501,1.55105,1.20,1.20
2008.11.14 13:08:07.271,1.55015,1.5511,1.20,1.20
2008.11.14 13:08:08.401,1.5502,1.55115,1.20,1.20
2008.11.14 13:08:09.171,1.5504,1.5514,1.20,1.20
2008.11.14 13:08:09.781,1.5506,1.55155,1.20,1.20
2008.11.14 13:08:10.470,1.55045,1.55145,1.20,1.20
2008.11.14 13:08:10.701,1.5506,1.55155,1.20,1.20
2008.11.14 13:08:10.990,1.55065,1.55165,1.20,1.20
2008.11.14 13:08:11.950,1.5506,1.55155,1.20,1.20
2008.11.14 13:08:12.170,1.55045,1.55145,1.20,1.20
2008.11.14 13:08:12.390,1.55025,1.5512,1.20,1.20
2008.11.14 13:08:12.920,1.5502,1.5511,1.20,1.20
2008.11.14 13:08:13.370,1.55015,1.5511,1.20,1.20
2008.11.14 13:08:14.279,1.55065,1.55145,2.40,1.20
2008.11.14 13:08:14.700,1.55105,1.5516,1.00,1.00
2008.11.14 13:08:14.929,1.551,1.55185,1.00,1.20
2008.11.14 13:08:15.559,1.551,1.55185,2.10,1.20
2008.11.14 13:08:16.299,1.55095,1.55185,2.10,2.40
2008.11.14 13:08:16.989,1.55085,1.55175,2.10,3.60
2008.11.14 13:08:17.389,1.55085,1.5516,1.20,2.40
2008.11.14 13:08:17.799,1.55045,1.55145,1.20,1.20
2008.11.14 13:08:18.938,1.55035,1.55135,1.20,1.20
2008.11.14 13:08:19.508,1.55025,1.55125,1.20,1.20
2008.11.14 13:08:20.318,1.5499,1.5509,1.20,1.20
2008.11.14 13:08:20.658,1.54985,1.55085,1.20,1.20
2008.11.14 13:08:22.048,1.5497,1.5507,1.20,1.20
2008.11.14 13:08:24.927,1.5497,1.55065,1.20,1.20
2008.11.14 13:08:25.677,1.5503,1.551,1.20,1.20
2008.11.14 13:08:26.067,1.5503,1.5511,1.20,1.00
2008.11.14 13:08:26.287,1.5503,1.55125,1.20,1.20
2008.11.14 13:08:29.826,1.5504,1.5513,1.20,1.20
2008.11.14 13:08:30.228,1.55055,1.55145,1.20,1.20
2008.11.14 13:08:30.616,1.5506,1.5515,1.20,4.80
2008.11.14 13:08:31.296,1.5506,1.5515,1.20,2.40
2008.11.14 13:08:32.305,1.5506,1.55115,1.20,1.20
2008.11.14 13:08:32.715,1.55015,1.55115,1.20,1.20
2008.11.14 13:08:33.175,1.5499,1.5509,1.20,1.20
2008.11.14 13:08:34.165,1.5501,1.5511,1.20,2.40
2008.11.14 13:08:34.395,1.5501,1.5511,1.20,1.20
2008.11.14 13:08:34.725,1.55015,1.5511,1.20,1.20
2008.11.14 13:08:35.235,1.55015,1.55115,1.20,1.20
2008.11.14 13:08:35.974,1.55025,1.5512,1.20,1.20
2008.11.14 13:08:36.144,1.55025,1.55125,1.20,1.20
2008.11.14 13:08:37.774,1.55035,1.55135,1.20,1.20
2008.11.14 13:08:38.344,1.5503,1.5513,1.20,1.20
2008.11.14 13:08:39.504,1.5502,1.5512,1.20,1.20
2008.11.14 13:08:40.293,1.55015,1.55115,1.20,1.20
2008.11.14 13:08:41.433,1.5501,1.5511,1.20,1.20
2008.11.14 13:08:42.023,1.5502,1.55115,1.20,1.20
2008.11.14 13:08:42.423,1.55025,1.55125,1.20,1.20
2008.11.14 13:08:43.293,1.55035,1.5512,1.20,1.20
2008.11.14 13:08:43.623,1.55025,1.55125,1.20,1.20
2008.11.14 13:08:44.982,1.5501,1.55105,1.20,1.20
2008.11.14 13:08:45.452,1.55,1.551,1.20,1.20
2008.11.14 13:08:45.802,1.5499,1.5509,1.20,1.20
2008.11.14 13:08:46.442,1.54985,1.5508,1.20,1.20
2008.11.14 13:08:46.612,1.54975,1.55075,1.20,1.20
2008.11.14 13:08:48.751,1.5504,1.55075,1.20,1.20
2008.11.14 13:08:48.921,1.55055,1.5513,1.20,3.60
2008.11.14 13:08:49.521,1.55075,1.5513,1.00,3.60
2008.11.14 13:08:49.801,1.5508,1.5513,1.00,2.40
2008.11.14 13:08:50.091,1.5508,1.5516,3.30,3.40
2008.11.14 13:08:50.381,1.5508,1.5515,1.20,1.20
2008.11.14 13:08:50.661,1.55055,1.5515,1.20,1.20
2008.11.14 13:08:50.831,1.5504,1.5514,1.20,1.20
2008.11.14 13:08:51.621,1.55025,1.55125,1.20,1.20
2008.11.14 13:08:51.971,1.5504,1.5512,1.20,1.20
2008.11.14 13:08:52.312,1.55045,1.5512,1.00,1.20
2008.11.14 13:08:52.600,1.55055,1.55124,1.00,1.00
2008.11.14 13:08:52.901,1.55065,1.55135,1.00,1.00
2008.11.14 13:08:53.470,1.55065,1.55145,1.00,2.20
2008.11.14 13:08:53.750,1.5507,1.55149,1.00,1.00
2008.11.14 13:08:54.140,1.55075,1.5515,1.00,2.40
2008.11.14 13:08:54.360,1.55075,1.5515,2.10,1.20
2008.11.14 13:08:55.560,1.55075,1.55155,2.10,1.20
2008.11.14 13:08:56.539,1.55075,1.55155,1.20,1.20
2008.11.14 13:08:56.829,1.55065,1.55145,1.80,1.20
2008.11.14 13:08:56.999,1.5506,1.55145,1.20,1.20
2008.11.14 13:08:57.469,1.55055,1.5513,1.00,1.20
2008.11.14 13:08:57.819,1.55055,1.55125,1.00,1.20
2008.11.14 13:08:58.329,1.55045,1.5513,3.90,1.20
2008.11.14 13:09:01.858,1.5505,1.55125,1.20,2.40
2008.11.14 13:09:04.297,1.55045,1.55125,1.80,2.40
2008.11.14 13:09:05.618,1.5505,1.5513,2.10,1.20
2008.11.14 13:09:06.497,1.55055,1.55135,2.10,2.20
2008.11.14 13:09:06.657,1.55055,1.55135,2.10,1.20
2008.11.14 13:09:07.327,1.5506,1.55135,1.00,1.20
2008.11.14 13:09:08.627,1.55055,1.5513,2.10,1.20
2008.11.14 13:09:09.106,1.5505,1.55135,1.00,3.60
2008.11.14 13:09:09.616,1.5505,1.55135,1.00,2.40
2008.11.14 13:09:09.846,1.55055,1.5514,1.00,3.60
2008.11.14 13:09:10.246,1.5505,1.55135,1.50,2.40
2008.11.14 13:09:10.546,1.5505,1.5513,2.10,1.20
2008.11.14 13:09:10.896,1.5507,1.55125,1.00,1.20
2008.11.14 13:09:11.306,1.5507,1.5514,1.00,2.40
2008.11.14 13:09:11.776,1.55055,1.5513,2.10,2.40
2008.11.14 13:09:12.206,1.5506,1.5514,1.80,3.60
2008.11.14 13:09:12.536,1.5506,1.5513,1.00,1.20
2008.11.14 13:09:12.776,1.5505,1.5513,2.10,2.40
2008.11.14 13:09:13.155,1.5505,1.55125,2.10,1.20
2008.11.14 13:09:13.325,1.5505,1.55125,2.10,1.20
2008.11.14 13:09:14.615,1.55055,1.5513,2.10,1.20
2008.11.14 13:09:15.435,1.5505,1.5513,1.50,1.20
2008.11.14 13:09:15.705,1.55055,1.55125,1.20,1.20
2008.11.14 13:09:16.195,1.5505,1.55125,2.10,2.40
2008.11.14 13:09:16.525,1.5506,1.5513,1.20,1.20
2008.11.14 13:09:16.755,1.55045,1.5512,1.20,1.20
2008.11.14 13:09:17.104,1.55045,1.5512,1.20,1.20
2008.11.14 13:09:17.395,1.5504,1.5512,2.10,1.20
2008.11.14 13:09:18.014,1.5505,1.5512,2.10,1.20
2008.11.14 13:09:18.404,1.5505,1.55125,2.10,1.20
2008.11.14 13:09:18.794,1.5505,1.55125,1.00,1.20
2008.11.14 13:09:19.134,1.55045,1.5512,1.80,1.20
2008.11.14 13:09:19.574,1.55035,1.5512,2.10,2.40
2008.11.14 13:09:21.154,1.5504,1.5512,1.20,2.40
2008.11.14 13:09:21.504,1.5503,1.5511,3.00,1.20
2008.11.14 13:09:21.683,1.5504,1.551,1.20,1.20
2008.11.14 13:09:21.974,1.5503,1.551,2.10,2.40
2008.11.14 13:09:22.253,1.5503,1.551,1.00,1.20
2008.11.14 13:09:23.493,1.55025,1.551,2.70,1.20
2008.11.14 13:09:23.793,1.55025,1.551,2.10,1.20
2008.11.14 13:09:24.203,1.55025,1.551,1.00,1.20
2008.11.14 13:09:25.523,1.55025,1.551,1.80,2.40
2008.11.14 13:09:26.042,1.55005,1.5507,1.20,1.20
2008.11.14 13:09:26.502,1.5498,1.55075,1.20,1.20
2008.11.14 13:09:27.902,1.5497,1.5507,1.20,1.20
2008.11.14 13:09:29.691,1.54965,1.55065,1.20,1.20
2008.11.14 13:09:30.401,1.54975,1.55075,1.20,1.20
2008.11.14 13:09:30.861,1.5496,1.5505,1.20,1.20
2008.11.14 13:09:31.491,1.54955,1.5504,1.20,1.20
2008.11.14 13:09:32.411,1.5496,1.5504,1.20,1.20
2008.11.14 13:09:32.701,1.5496,1.55045,1.20,1.20
2008.11.14 13:09:34.290,1.54955,1.55045,1.20,1.20
2008.11.14 13:09:35.100,1.54945,1.55045,1.20,2.40
2008.11.14 13:09:35.540,1.54935,1.55035,1.20,1.20
2008.11.14 13:09:35.780,1.54935,1.55035,1.20,2.40
2008.11.14 13:09:36.350,1.54935,1.5503,1.20,1.20
2008.11.14 13:09:36.940,1.54925,1.55025,1.20,1.20
2008.11.14 13:09:40.789,1.5493,1.5503,1.20,1.20
2008.11.14 13:09:41.498,1.54935,1.55035,1.20,1.20
2008.11.14 13:09:41.858,1.54935,1.55035,2.40,1.20
2008.11.14 13:09:42.308,1.5494,1.5504,1.20,1.20
2008.11.14 13:09:44.178,1.54945,1.55045,1.20,1.20
2008.11.14 13:09:44.768,1.54935,1.55035,2.40,1.20
2008.11.14 13:09:45.228,1.54945,1.55045,1.20,1.20
2008.11.14 13:09:48.447,1.54965,1.55065,1.20,1.20
2008.11.14 13:09:48.737,1.54965,1.55065,2.40,1.20
2008.11.14 13:09:49.697,1.54965,1.55065,1.20,1.20
2008.11.14 13:09:50.147,1.5496,1.5506,1.20,1.20
2008.11.14 13:09:50.436,1.54975,1.5506,1.00,1.20
2008.11.14 13:09:50.876,1.54975,1.5506,2.10,1.20
2008.11.14 13:09:51.176,1.5497,1.5506,1.50,2.40
2008.11.14 13:09:51.396,1.54975,1.5506,1.00,1.20
2008.11.14 13:09:51.846,1.54985,1.5506,1.00,1.20
2008.11.14 13:09:52.466,1.54975,1.55055,2.10,1.20
2008.11.14 13:09:53.106,1.54975,1.5506,2.10,1.20
2008.11.14 13:09:54.116,1.54975,1.55065,2.10,2.40
2008.11.14 13:09:55.605,1.54975,1.5506,2.10,1.20
2008.11.14 13:09:56.065,1.54965,1.55055,1.00,2.40
2008.11.14 13:09:56.705,1.5497,1.5506,1.00,2.40
2008.11.14 13:09:57.005,1.5497,1.55055,2.10,1.20
2008.11.14 13:09:57.805,1.54975,1.5506,1.00,1.20
2008.11.14 13:09:58.045,1.54975,1.5506,2.10,1.20
2008.11.14 13:09:59.414,1.5497,1.55055,2.10,1.20
2008.11.14 13:10:01.764,1.54975,1.55055,1.00,1.20
2008.11.14 13:10:02.523,1.54975,1.55055,2.10,1.20
2008.11.14 13:10:03.843,1.54975,1.5506,2.10,1.20
2008.11.14 13:10:04.063,1.54975,1.55065,2.10,2.40
2008.11.14 13:10:05.773,1.54985,1.55065,1.00,1.20
2008.11.14 13:10:06.173,1.54985,1.5507,1.00,2.40
2008.11.14 13:10:06.522,1.54985,1.5507,1.50,2.40
2008.11.14 13:10:06.743,1.5498,1.55065,1.20,1.20
2008.11.14 13:10:07.512,1.5496,1.5506,2.40,1.20
2008.11.14 13:10:07.852,1.5496,1.5506,1.20,1.20
2008.11.14 13:10:08.472,1.5495,1.5505,1.20,1.20
2008.11.14 13:10:08.802,1.54955,1.5505,1.20,1.20
2008.11.14 13:10:10.202,1.5494,1.5504,1.20,1.20
2008.11.14 13:10:10.552,1.54935,1.55035,1.20,1.20
2008.11.14 13:10:12.261,1.54945,1.5504,1.20,1.20
2008.11.14 13:10:12.791,1.5496,1.55045,1.20,1.20
2008.11.14 13:10:13.301,1.5497,1.55045,1.00,1.20
2008.11.14 13:10:13.801,1.5495,1.55045,1.20,1.20
2008.11.14 13:10:14.681,1.54945,1.55045,2.40,1.20
2008.11.14 13:10:15.371,1.54955,1.55055,1.20,1.20
2008.11.14 13:10:15.661,1.5495,1.55045,1.20,1.20
2008.11.14 13:10:22.979,1.5503,1.55075,1.00,1.20
2008.11.14 13:10:23.149,1.5503,1.55065,1.00,1.20
2008.11.14 13:10:23.498,1.5503,1.55065,1.20,1.20
2008.11.14 13:10:24.268,1.54995,1.55065,1.00,1.20
2008.11.14 13:10:24.678,1.5499,1.5508,2.10,2.40
2008.11.14 13:10:25.838,1.54985,1.55075,2.10,3.60
2008.11.14 13:10:26.178,1.54985,1.5507,1.20,2.40
2008.11.14 13:10:26.568,1.54975,1.55065,2.70,1.20
2008.11.14 13:10:26.908,1.54975,1.5506,1.50,1.20
2008.11.14 13:10:27.238,1.54975,1.5506,1.00,1.20
2008.11.14 13:10:27.568,1.5497,1.55055,2.10,2.40
2008.11.14 13:10:27.967,1.5497,1.55055,1.00,2.40
2008.11.14 13:10:28.618,1.5499,1.5506,1.00,1.00
2008.11.14 13:10:28.907,1.5499,1.5508,2.10,3.60
2008.11.14 13:10:30.327,1.54995,1.5508,1.20,3.60
2008.11.14 13:10:31.117,1.54995,1.55075,1.20,1.20
2008.11.14 13:10:31.577,1.5499,1.55075,2.10,1.20
2008.11.14 13:10:32.257,1.5498,1.55065,1.50,1.20
2008.11.14 13:10:32.656,1.5498,1.55065,1.00,1.20
2008.11.14 13:10:32.776,1.54975,1.55055,1.50,1.20
2008.11.14 13:10:33.346,1.54975,1.55055,2.10,1.20
2008.11.14 13:10:33.696,1.54975,1.5506,1.00,2.40
2008.11.14 13:10:35.576,1.54975,1.5506,2.10,2.40
2008.11.14 13:10:36.215,1.5498,1.5506,1.00,2.40
2008.11.14 13:10:36.615,1.5498,1.5506,2.10,1.20
2008.11.14 13:10:36.835,1.5499,1.55075,1.00,1.20
2008.11.14 13:10:37.165,1.54985,1.55065,1.50,1.20
2008.11.14 13:10:37.555,1.5498,1.55065,1.50,2.40
2008.11.14 13:10:38.055,1.55015,1.55065,1.20,1.20
2008.11.14 13:10:38.405,1.55025,1.55095,1.00,1.20
2008.11.14 13:10:39.205,1.5502,1.5509,2.10,1.20
2008.11.14 13:10:39.605,1.5501,1.55085,2.10,1.20
2008.11.14 13:10:41.284,1.5502,1.5509,2.10,2.40
2008.11.14 13:10:41.574,1.5501,1.55085,3.00,1.20
2008.11.14 13:10:42.494,1.55005,1.5508,2.10,1.20
2008.11.14 13:10:42.884,1.55025,1.5511,2.10,4.80
2008.11.14 13:10:43.294,1.55025,1.55105,2.10,1.20
2008.11.14 13:10:43.893,1.5503,1.55105,1.20,1.20
2008.11.14 13:10:44.923,1.55045,1.5511,1.00,3.60
2008.11.14 13:10:45.203,1.55045,1.5511,2.10,2.40
2008.11.14 13:10:45.493,1.55045,1.5511,2.10,3.60
2008.11.14 13:10:45.893,1.55045,1.5511,1.20,4.80
2008.11.14 13:10:46.483,1.55045,1.55099,1.20,1.00
2008.11.14 13:10:46.783,1.5502,1.55105,2.10,3.60
2008.11.14 13:10:47.133,1.55045,1.55105,1.20,3.60
2008.11.14 13:10:48.182,1.55045,1.55105,2.10,2.40
2008.11.14 13:10:48.402,1.5505,1.5511,2.10,2.40
2008.11.14 13:10:48.962,1.55055,1.5511,1.00,2.40
2008.11.14 13:10:49.432,1.55055,1.5511,3.30,2.40
2008.11.14 13:10:49.772,1.5506,1.5511,2.10,2.40
2008.11.14 13:10:50.552,1.55055,1.5511,3.30,2.40
2008.11.14 13:10:51.002,1.55075,1.5511,1.20,2.40
2008.11.14 13:10:51.232,1.55055,1.5511,2.10,2.40
2008.11.14 13:10:51.582,1.55055,1.5511,1.20,2.40
2008.11.14 13:10:51.932,1.5507,1.5511,1.20,2.40
2008.11.14 13:10:52.971,1.55075,1.5511,1.20,2.40
2008.11.14 13:10:54.291,1.55075,1.55105,1.20,1.20
2008.11.14 13:10:54.411,1.55045,1.55105,1.20,2.40
2008.11.14 13:10:54.531,1.5503,1.55095,3.60,1.20
2008.11.14 13:10:55.001,1.55,1.55095,1.20,1.20
2008.11.14 13:10:56.611,1.55,1.551,1.20,2.40
2008.11.14 13:10:56.890,1.5505,1.551,1.00,1.20
2008.11.14 13:10:57.300,1.5505,1.5511,1.00,2.40
2008.11.14 13:10:58.160,1.55055,1.5511,1.00,2.40
2008.11.14 13:10:58.760,1.5506,1.5511,2.10,2.40
2008.11.14 13:10:59.320,1.5506,1.5511,2.10,2.40
2008.11.14 13:11:00.679,1.55065,1.5511,1.80,2.40
2008.11.14 13:11:01.130,1.5507,1.5511,2.10,2.40
2008.11.14 13:11:01.299,1.5508,1.5511,1.20,2.40
2008.11.14 13:11:01.579,1.5507,1.5511,3.90,2.40
2008.11.14 13:11:01.749,1.5508,1.5511,1.20,2.40
2008.11.14 13:11:02.039,1.55075,1.5511,2.10,2.40
2008.11.14 13:11:03.129,1.5507,1.5511,2.10,2.40
2008.11.14 13:11:03.529,1.5508,1.5511,1.20,2.40
2008.11.14 13:11:04.059,1.5502,1.5511,1.20,2.40
2008.11.14 13:11:04.879,1.55015,1.5511,1.20,2.40
2008.11.14 13:11:05.278,1.55155,1.55239,2.10,1.00
2008.11.14 13:11:05.618,1.55155,1.5524,2.10,12.00
2008.11.14 13:11:06.398,1.55155,1.55225,1.20,1.20
2008.11.14 13:11:06.798,1.55155,1.552,1.20,1.20
2008.11.14 13:11:07.268,1.5511,1.55205,1.20,2.40
2008.11.14 13:11:07.438,1.55055,1.5519,2.40,1.20
2008.11.14 13:11:08.108,1.55075,1.5519,1.20,1.20
2008.11.14 13:11:08.628,1.5505,1.55195,1.20,1.20
2008.11.14 13:11:08.958,1.55065,1.55205,1.20,1.20
2008.11.14 13:11:09.788,1.5511,1.552,1.20,1.20
2008.11.14 13:11:10.177,1.5511,1.5521,1.20,1.20
2008.11.14 13:11:11.727,1.55085,1.5521,1.20,1.20
2008.11.14 13:11:11.907,1.5508,1.55195,1.20,1.20
2008.11.14 13:11:12.347,1.5508,1.55195,4.80,1.20
2008.11.14 13:11:12.727,1.55075,1.5519,1.20,1.20
2008.11.14 13:11:13.177,1.5508,1.5519,1.20,1.20
2008.11.14 13:11:13.517,1.55085,1.5518,1.20,1.20
2008.11.14 13:11:13.876,1.55065,1.55165,1.20,1.20
2008.11.14 13:11:15.156,1.5506,1.55155,1.20,1.20
2008.11.14 13:11:15.456,1.55055,1.55155,1.20,1.20
2008.11.14 13:11:18.125,1.5505,1.5515,1.20,1.20
2008.11.14 13:11:18.685,1.55045,1.55145,1.20,1.20
2008.11.14 13:11:19.715,1.5509,1.55165,1.20,1.20
2008.11.14 13:11:20.175,1.55095,1.5517,1.20,1.20
2008.11.14 13:11:20.465,1.551,1.5518,1.20,1.20
2008.11.14 13:11:20.855,1.5511,1.55205,1.20,1.20
2008.11.14 13:11:21.314,1.55115,1.55215,2.40,1.20
2008.11.14 13:11:22.574,1.5513,1.55215,1.00,1.20
2008.11.14 13:11:24.724,1.5513,1.5522,1.00,2.40
2008.11.14 13:11:29.943,1.5513,1.5522,1.00,3.60
2008.11.14 13:11:30.172,1.5513,1.55215,1.00,1.20
2008.11.14 13:11:30.693,1.55125,1.55215,1.80,1.20
2008.11.14 13:11:30.982,1.5509,1.5519,1.20,1.20
2008.11.14 13:11:31.662,1.55085,1.5518,1.20,1.20
2008.11.14 13:11:32.232,1.5509,1.5519,1.20,1.20
2008.11.14 13:11:32.932,1.55075,1.55175,1.20,1.20
2008.11.14 13:11:33.841,1.5507,1.5517,1.20,1.20
2008.11.14 13:11:34.141,1.55065,1.55165,1.20,1.20
2008.11.14 13:11:34.771,1.5508,1.5518,1.20,1.20
2008.11.14 13:11:35.171,1.55065,1.55165,1.20,1.20
2008.11.14 13:11:35.611,1.5507,1.5517,1.20,1.20
2008.11.14 13:11:35.952,1.55065,1.55165,1.20,1.20
2008.11.14 13:11:36.361,1.5506,1.5516,1.20,1.20
2008.11.14 13:11:39.140,1.55075,1.55175,1.20,1.20
2008.11.14 13:11:39.820,1.5508,1.5518,1.20,1.20
2008.11.14 13:11:40.730,1.5509,1.55185,1.20,1.20
2008.11.14 13:11:41.550,1.55085,1.5518,1.20,1.20
2008.11.14 13:11:42.319,1.5509,1.5519,1.20,1.20
2008.11.14 13:11:42.609,1.5505,1.55135,3.60,1.20
2008.11.14 13:11:42.959,1.5505,1.55135,2.40,1.20
2008.11.14 13:11:45.029,1.55135,1.5521,1.20,9.60
2008.11.14 13:11:45.239,1.55135,1.5521,2.40,7.20
2008.11.14 13:11:45.419,1.5514,1.55224,2.40,1.00
2008.11.14 13:11:45.659,1.5514,1.55224,1.20,1.00
2008.11.14 13:11:46.179,1.5514,1.5522,1.20,1.20
2008.11.14 13:11:46.518,1.5511,1.55205,1.20,1.20
2008.11.14 13:11:46.818,1.551,1.552,1.20,1.20
2008.11.14 13:11:47.708,1.55095,1.55195,1.20,1.20
2008.11.14 13:11:48.058,1.5509,1.5519,1.20,1.20
2008.11.14 13:11:48.398,1.5509,1.55185,1.20,1.20
2008.11.14 13:11:49.038,1.5509,1.5519,1.20,1.20
2008.11.14 13:11:49.599,1.55085,1.55185,1.20,1.20
2008.11.14 13:11:50.068,1.55095,1.5519,1.20,1.20
2008.11.14 13:11:51.008,1.5508,1.5518,1.20,1.20
2008.11.14 13:11:51.467,1.5508,1.55175,1.20,1.20
2008.11.14 13:11:51.767,1.55065,1.55165,1.20,1.20
2008.11.14 13:11:52.847,1.5507,1.5517,1.20,1.20
2008.11.14 13:11:53.127,1.5507,1.5514,1.20,1.20
2008.11.14 13:11:53.427,1.55055,1.5514,1.20,1.20
2008.11.14 13:11:54.247,1.5506,1.55149,1.20,1.00
2008.11.14 13:11:54.577,1.5506,1.5515,1.20,1.20
2008.11.14 13:11:55.027,1.5506,1.5514,1.20,1.20
2008.11.14 13:11:55.426,1.55055,1.5514,1.20,1.20
2008.11.14 13:11:56.816,1.55105,1.5514,1.20,1.20
2008.11.14 13:11:57.056,1.5512,1.55165,1.20,1.00
2008.11.14 13:11:57.236,1.5511,1.5518,1.20,1.20
2008.11.14 13:11:57.526,1.55125,1.5518,1.00,1.20
2008.11.14 13:11:58.326,1.5512,1.5518,1.80,1.20
2008.11.14 13:11:58.506,1.5508,1.5518,1.20,2.40
2008.11.14 13:11:58.726,1.55075,1.55175,1.20,1.20
2008.11.14 13:11:59.075,1.55065,1.55165,1.20,1.20
2008.11.14 13:12:00.165,1.5506,1.5516,1.20,1.20
2008.11.14 13:12:02.645,1.55055,1.55155,1.20,1.20
2008.11.14 13:12:03.045,1.5506,1.55155,1.20,1.20
2008.11.14 13:12:04.944,1.55045,1.5514,1.20,1.20
2008.11.14 13:12:05.634,1.5505,1.5515,1.20,1.20
2008.11.14 13:12:06.034,1.55055,1.55155,1.20,1.20
2008.11.14 13:12:07.863,1.5505,1.55145,1.20,1.20
2008.11.14 13:12:08.043,1.5505,1.5515,1.20,1.20
2008.11.14 13:12:09.823,1.5505,1.55145,1.20,1.20
2008.11.14 13:12:11.692,1.5506,1.5516,1.20,1.20
2008.11.14 13:12:12.502,1.5505,1.5515,1.20,1.20
2008.11.14 13:12:13.102,1.55045,1.55145,1.20,1.20
2008.11.14 13:12:13.552,1.5505,1.55145,1.20,1.20
2008.11.14 13:12:14.942,1.55025,1.55125,2.40,1.20
2008.11.14 13:12:15.402,1.55,1.55065,1.20,1.20
2008.11.14 13:12:16.091,1.54965,1.55045,6.60,1.20
2008.11.14 13:12:16.551,1.5495,1.55045,7.20,1.20
2008.11.14 13:12:17.221,1.5495,1.55035,6.00,1.20
2008.11.14 13:12:17.841,1.5495,1.5504,6.00,1.20
2008.11.14 13:12:18.191,1.5495,1.5502,6.00,1.20
2008.11.14 13:12:18.931,1.5495,1.55,6.00,1.20
2008.11.14 13:12:20.011,1.5495,1.55015,6.00,1.20
2008.11.14 13:12:20.700,1.5495,1.5503,6.00,2.40
2008.11.14 13:12:21.111,1.5495,1.5503,6.00,1.20
2008.11.14 13:12:21.451,1.5495,1.55035,6.00,1.20
2008.11.14 13:12:23.440,1.5497,1.5505,1.20,1.20
2008.11.14 13:12:23.900,1.5495,1.5504,7.20,2.40
2008.11.14 13:12:24.539,1.5495,1.5504,6.00,1.20
2008.11.14 13:12:25.239,1.5495,1.55035,6.00,1.20
2008.11.14 13:12:25.579,1.5495,1.55045,7.20,1.20
2008.11.14 13:12:26.799,1.5495,1.5505,8.40,1.20
2008.11.14 13:12:29.118,1.54955,1.55055,2.40,1.20
2008.11.14 13:12:29.818,1.5496,1.55045,1.20,1.20
2008.11.14 13:12:30.168,1.5495,1.5505,7.20,2.40
2008.11.14 13:12:31.088,1.5496,1.55055,2.40,1.20
2008.11.14 13:12:31.598,1.5497,1.5506,1.00,3.60
2008.11.14 13:12:32.178,1.5497,1.55055,1.00,1.20
2008.11.14 13:12:32.587,1.54975,1.55055,1.20,1.20
2008.11.14 13:12:32.928,1.54965,1.55055,1.00,3.60
2008.11.14 13:12:33.328,1.5496,1.5506,1.20,1.20
2008.11.14 13:12:34.317,1.5494,1.5504,4.80,1.20
2008.11.14 13:12:34.717,1.5494,1.5504,2.40,1.20
2008.11.14 13:12:35.227,1.54925,1.55025,1.20,1.20
2008.11.14 13:12:35.517,1.5492,1.55,2.40,1.20
2008.11.14 13:12:36.087,1.549,1.54995,3.60,1.20
2008.11.14 13:12:36.446,1.5489,1.54985,1.20,1.20
2008.11.14 13:12:37.526,1.5486,1.5496,4.80,1.20
2008.11.14 13:12:37.916,1.54855,1.54955,2.40,1.20
2008.11.14 13:12:38.496,1.54855,1.54945,1.20,1.20
2008.11.14 13:12:38.886,1.5484,1.5494,1.20,1.20
2008.11.14 13:12:39.796,1.5484,1.54935,1.20,1.20
2008.11.14 13:12:40.665,1.54855,1.54955,1.20,1.20
2008.11.14 13:12:41.345,1.54865,1.54965,1.20,2.40
2008.11.14 13:12:41.745,1.5488,1.54975,1.20,1.20
2008.11.14 13:12:42.095,1.5488,1.5498,1.20,1.20
2008.11.14 13:12:42.436,1.5489,1.54985,1.20,3.60
2008.11.14 13:12:43.075,1.54925,1.54985,1.00,2.40
2008.11.14 13:12:43.765,1.5493,1.5498,2.10,1.20
2008.11.14 13:12:44.215,1.549,1.5498,2.10,1.20
2008.11.14 13:12:45.204,1.54915,1.5498,1.00,1.20
2008.11.14 13:12:45.554,1.54915,1.54995,1.00,1.20
2008.11.14 13:12:46.174,1.5493,1.5499,2.10,1.20
2008.11.14 13:12:47.044,1.54925,1.54985,1.50,1.20
2008.11.14 13:12:47.394,1.54915,1.55,2.10,2.40
2008.11.14 13:12:48.064,1.5492,1.55,1.00,2.40
2008.11.14 13:12:48.713,1.54915,1.54995,1.50,1.20
2008.11.14 13:12:49.094,1.54915,1.54995,1.00,1.20
2008.11.14 13:12:49.413,1.54925,1.55,1.00,1.20
2008.11.14 13:12:49.883,1.54925,1.55005,1.00,2.40
2008.11.14 13:12:50.583,1.5493,1.55005,1.00,2.40
2008.11.14 13:12:50.863,1.5493,1.55005,2.10,1.20
2008.11.14 13:12:51.783,1.54945,1.55005,1.00,1.20
2008.11.14 13:12:52.413,1.54945,1.5502,1.00,1.20
2008.11.14 13:12:53.732,1.5495,1.5502,1.00,1.20
2008.11.14 13:12:54.092,1.5496,1.5504,1.00,1.20
2008.11.14 13:12:54.602,1.54975,1.55045,1.00,1.20
2008.11.14 13:12:55.442,1.5497,1.55045,2.10,1.20
2008.11.14 13:12:55.832,1.5496,1.5504,2.10,1.20
2008.11.14 13:12:57.481,1.5496,1.5503,2.10,1.20
2008.11.14 13:12:57.891,1.5495,1.5503,1.00,1.20
2008.11.14 13:13:00.111,1.5495,1.5503,1.00,2.40
2008.11.14 13:13:00.461,1.54955,1.55035,1.00,1.20
2008.11.14 13:13:00.970,1.5496,1.55035,1.00,1.20
2008.11.14 13:13:01.360,1.5496,1.55035,2.10,1.20
2008.11.14 13:13:01.930,1.5496,1.5504,2.10,1.20
2008.11.14 13:13:02.100,1.54975,1.55045,1.00,1.20
2008.11.14 13:13:02.380,1.54975,1.55055,1.00,2.40
2008.11.14 13:13:02.720,1.5497,1.55045,1.50,1.20
2008.11.14 13:13:03.040,1.5495,1.5503,2.10,2.40
2008.11.14 13:13:03.430,1.54945,1.55025,1.50,1.20
2008.11.14 13:13:03.710,1.54955,1.5503,1.00,1.20
2008.11.14 13:13:04.280,1.54955,1.5503,1.20,1.20
2008.11.14 13:13:04.570,1.5495,1.5503,1.00,1.20
2008.11.14 13:13:05.020,1.54945,1.55025,1.20,1.20
2008.11.14 13:13:05.419,1.5494,1.5502,2.10,1.20
2008.11.14 13:13:05.989,1.5495,1.55025,1.00,1.20
2008.11.14 13:13:06.509,1.54935,1.55035,2.40,1.20
2008.11.14 13:13:06.859,1.54945,1.5504,1.20,1.20
2008.11.14 13:13:08.679,1.5494,1.5504,1.20,1.20
2008.11.14 13:13:09.329,1.5493,1.55025,1.20,1.20
2008.11.14 13:13:10.958,1.54925,1.5502,1.20,1.20
2008.11.14 13:13:11.638,1.54925,1.55,1.20,1.20
2008.11.14 13:13:11.808,1.5491,1.55,1.20,1.20
2008.11.14 13:13:12.558,1.54905,1.5499,3.60,1.20
2008.11.14 13:13:12.788,1.54915,1.55005,1.20,1.20
2008.11.14 13:13:13.187,1.5492,1.5501,1.20,1.20
2008.11.14 13:13:13.507,1.5493,1.55015,1.20,2.40
2008.11.14 13:13:13.837,1.5493,1.55015,1.20,1.20
2008.11.14 13:13:14.667,1.5494,1.55025,1.20,1.20
2008.11.14 13:13:15.517,1.5494,1.5503,2.40,2.40
2008.11.14 13:13:15.967,1.54945,1.55035,1.00,2.40
2008.11.14 13:13:16.247,1.54945,1.55035,2.10,2.40
2008.11.14 13:13:17.247,1.5496,1.55035,1.00,2.40
2008.11.14 13:13:17.486,1.5497,1.5505,1.20,1.20
2008.11.14 13:13:17.826,1.5497,1.55055,1.20,2.40
2008.11.14 13:13:18.176,1.5498,1.55065,2.10,2.40
2008.11.14 13:13:18.526,1.54985,1.55065,1.20,2.40
2008.11.14 13:13:19.146,1.54985,1.5506,1.20,2.40
2008.11.14 13:13:19.486,1.5498,1.55045,1.50,1.20
2008.11.14 13:13:19.776,1.54965,1.55035,3.60,1.20
2008.11.14 13:13:20.116,1.54965,1.55035,2.40,1.20
2008.11.14 13:13:20.756,1.5497,1.55035,1.20,1.00
2008.11.14 13:13:21.156,1.54985,1.55085,1.20,1.20
2008.11.14 13:13:21.516,1.5498,1.5508,1.20,1.20
2008.11.14 13:13:22.775,1.54985,1.55085,1.20,1.20
2008.11.14 13:13:23.465,1.5499,1.5509,1.20,1.20
2008.11.14 13:13:25.255,1.54995,1.5509,1.20,1.20
2008.11.14 13:13:25.755,1.5499,1.5509,1.20,2.40
2008.11.14 13:13:26.284,1.54995,1.5509,1.20,1.20
2008.11.14 13:13:27.144,1.54985,1.55085,1.20,1.20
2008.11.14 13:13:27.494,1.55005,1.55095,1.20,1.20
2008.11.14 13:13:27.954,1.55015,1.55115,1.20,1.20
2008.11.14 13:13:28.234,1.5502,1.5512,1.20,1.20
2008.11.14 13:13:28.984,1.55025,1.55125,1.20,1.20
2008.11.14 13:13:29.384,1.5503,1.5513,1.20,1.20
2008.11.14 13:13:30.304,1.5502,1.5512,1.20,1.20
2008.11.14 13:13:31.863,1.55015,1.55105,1.00,1.20
2008.11.14 13:13:32.313,1.5502,1.5511,2.10,2.40
2008.11.14 13:13:33.133,1.5501,1.55095,1.00,1.20
2008.11.14 13:13:33.752,1.5501,1.5509,1.00,1.20
2008.11.14 13:13:34.033,1.5502,1.5509,1.00,1.20
2008.11.14 13:13:34.373,1.55035,1.551,2.40,1.00
2008.11.14 13:13:34.942,1.55065,1.5513,1.20,2.20
2008.11.14 13:13:35.642,1.55065,1.55135,2.40,1.20
2008.11.14 13:13:35.972,1.55075,1.55135,1.20,1.20
2008.11.14 13:13:36.382,1.55075,1.55145,1.20,1.20
2008.11.14 13:13:37.242,1.55085,1.5515,1.20,1.20
2008.11.14 13:13:37.592,1.5508,1.5515,1.20,1.20
2008.11.14 13:13:37.992,1.5508,1.55145,1.20,1.20
2008.11.14 13:13:38.341,1.5507,1.55135,1.20,1.20
2008.11.14 13:13:38.741,1.5505,1.55125,2.40,1.20
2008.11.14 13:13:39.191,1.5505,1.5512,1.20,1.20
2008.11.14 13:13:39.491,1.55055,1.5512,1.20,1.20
2008.11.14 13:13:40.191,1.5505,1.5512,1.20,1.20
2008.11.14 13:13:40.701,1.55055,1.55119,2.40,1.00
2008.11.14 13:13:41.151,1.55055,1.55155,2.40,1.20
2008.11.14 13:13:42.150,1.5506,1.5516,1.20,1.20
2008.11.14 13:13:42.600,1.5506,1.5516,2.40,1.20
2008.11.14 13:13:43.080,1.5506,1.5516,1.20,1.20
2008.11.14 13:13:43.590,1.5507,1.5517,1.20,1.20
2008.11.14 13:13:44.000,1.55075,1.55175,1.20,1.20
2008.11.14 13:13:45.380,1.5508,1.55175,1.20,1.20
2008.11.14 13:13:45.890,1.5508,1.5518,2.40,1.20
2008.11.14 13:13:46.709,1.5508,1.5518,1.20,1.20
2008.11.14 13:13:54.277,1.5508,1.5517,2.10,1.20
2008.11.14 13:13:55.487,1.55085,1.5517,1.20,1.20
2008.11.14 13:13:55.717,1.551,1.55175,1.20,1.20
2008.11.14 13:13:56.017,1.5508,1.5516,1.80,1.20
2008.11.14 13:13:56.307,1.55075,1.5516,1.20,2.40
2008.11.14 13:13:56.647,1.5509,1.5516,1.20,1.00
2008.11.14 13:13:56.827,1.551,1.55175,1.20,1.20
2008.11.14 13:13:59.417,1.5509,1.5517,1.20,2.40
2008.11.14 13:13:59.707,1.55065,1.5516,1.20,1.20
2008.11.14 13:14:00.106,1.55065,1.5516,1.20,2.40
2008.11.14 13:14:00.676,1.5506,1.55145,2.10,1.20
2008.11.14 13:14:01.036,1.5506,1.55145,1.00,1.20
2008.11.14 13:14:03.606,1.5506,1.55145,2.10,1.20
2008.11.14 13:14:04.225,1.55095,1.5516,1.00,1.20
2008.11.14 13:14:04.716,1.55075,1.55165,2.10,2.40
2008.11.14 13:14:05.105,1.5506,1.55145,1.00,1.20
2008.11.14 13:14:05.555,1.55055,1.5507,1.80,2.20
2008.11.14 13:14:05.905,1.5501,1.5507,1.00,1.20
2008.11.14 13:14:06.245,1.55,1.5505,1.00,1.00
2008.11.14 13:14:06.635,1.5501,1.5509,1.00,1.20
2008.11.14 13:14:07.334,1.5501,1.551,1.00,1.20
2008.11.14 13:14:07.914,1.5501,1.55095,1.00,1.20
2008.11.14 13:14:08.254,1.54985,1.55035,1.00,1.20
2008.11.14 13:14:08.834,1.5499,1.5503,1.00,1.20
2008.11.14 13:14:09.124,1.54975,1.5502,1.00,1.20
2008.11.14 13:14:09.884,1.54975,1.55015,1.00,1.20
2008.11.14 13:14:10.334,1.5497,1.55015,1.00,1.20
2008.11.14 13:14:10.844,1.5496,1.55005,1.00,1.20
2008.11.14 13:14:11.364,1.5497,1.55005,1.00,1.20
2008.11.14 13:14:11.703,1.549,1.55,1.20,1.20
2008.11.14 13:14:12.103,1.5489,1.5499,1.20,1.20
2008.11.14 13:14:12.683,1.54935,1.55015,1.20,1.20
2008.11.14 13:14:13.023,1.5494,1.55025,1.20,1.20
2008.11.14 13:14:15.513,1.54955,1.55025,1.20,1.20
2008.11.14 13:14:15.743,1.5496,1.5504,2.40,2.40
2008.11.14 13:14:16.142,1.54985,1.5509,1.20,1.20
2008.11.14 13:14:16.482,1.5499,1.55085,1.20,1.20
2008.11.14 13:14:17.752,1.5498,1.5508,1.20,1.20
2008.11.14 13:14:20.431,1.5498,1.55075,1.20,1.20
2008.11.14 13:14:21.411,1.5497,1.5507,1.20,1.20
2008.11.14 13:14:22.361,1.5497,1.55035,1.20,1.20
2008.11.14 13:14:22.581,1.5494,1.5503,1.20,1.20
2008.11.14 13:14:22.871,1.54945,1.55035,1.20,1.20
2008.11.14 13:14:23.221,1.54945,1.55035,2.40,1.20
2008.11.14 13:14:26.470,1.54945,1.5504,2.40,1.20
2008.11.14 13:14:26.760,1.54955,1.5504,1.20,1.20
2008.11.14 13:14:27.230,1.5496,1.5504,1.20,1.20
2008.11.14 13:14:27.520,1.5496,1.55045,1.20,1.20
2008.11.14 13:14:28.130,1.54955,1.5504,1.20,1.20
2008.11.14 13:14:28.759,1.5496,1.5504,1.20,1.20
2008.11.14 13:14:29.039,1.54945,1.55035,2.40,1.20
2008.11.14 13:14:29.379,1.54945,1.55035,2.10,2.40
2008.11.14 13:14:29.889,1.5495,1.55035,1.20,2.40
2008.11.14 13:14:30.439,1.5495,1.5504,2.10,3.60
2008.11.14 13:14:30.849,1.5495,1.5504,2.10,2.40
2008.11.14 13:14:31.249,1.5495,1.5504,3.30,2.40
2008.11.14 13:14:32.149,1.54955,1.5504,2.40,2.40
2008.11.14 13:14:32.508,1.5496,1.55044,2.10,1.00
2008.11.14 13:14:33.088,1.5496,1.55045,3.30,1.20
2008.11.14 13:14:33.528,1.54965,1.55055,3.30,2.40
2008.11.14 13:14:34.828,1.5497,1.55055,1.20,2.40
2008.11.14 13:14:35.578,1.54975,1.5506,1.20,2.40
2008.11.14 13:14:36.198,1.54995,1.55075,1.20,2.40
2008.11.14 13:14:36.787,1.55,1.55085,2.10,1.00
2008.11.14 13:14:37.077,1.55,1.55075,1.20,1.20
2008.11.14 13:14:37.428,1.54995,1.55075,1.80,1.20
2008.11.14 13:14:37.717,1.54995,1.55075,1.20,2.40
2008.11.14 13:14:38.177,1.55,1.5509,1.00,2.40
2008.11.14 13:14:38.817,1.55,1.5509,2.10,2.40
2008.11.14 13:14:39.657,1.55,1.5509,1.00,2.40
2008.11.14 13:14:40.007,1.55,1.55085,1.20,2.40
2008.11.14 13:14:40.347,1.55005,1.5509,1.20,2.40
2008.11.14 13:14:40.646,1.55005,1.5509,1.20,3.60
2008.11.14 13:14:41.586,1.55005,1.5509,2.40,3.60
2008.11.14 13:14:41.977,1.55005,1.55095,3.30,2.40
2008.11.14 13:14:42.616,1.55005,1.5509,2.40,2.40
2008.11.14 13:14:42.796,1.55005,1.5509,1.20,2.40
2008.11.14 13:14:46.805,1.5499,1.55075,3.30,2.40
2008.11.14 13:14:47.155,1.54995,1.55075,2.10,1.20
2008.11.14 13:14:47.515,1.54995,1.55085,2.10,2.40
2008.11.14 13:14:48.825,1.5499,1.55075,1.50,1.20
2008.11.14 13:14:49.284,1.54995,1.55075,1.20,2.40
2008.11.14 13:14:49.824,1.54985,1.5507,3.00,2.40
2008.11.14 13:14:50.284,1.55,1.55085,1.00,1.00
2008.11.14 13:14:50.624,1.55,1.5509,2.10,2.40
2008.11.14 13:14:50.964,1.55005,1.55095,2.10,3.60
2008.11.14 13:14:51.354,1.55005,1.55095,2.10,2.40
2008.11.14 13:14:51.954,1.5501,1.55095,1.80,1.20
2008.11.14 13:14:52.574,1.55015,1.551,1.00,2.40
2008.11.14 13:14:52.983,1.5501,1.55095,1.80,2.40
2008.11.14 13:14:53.274,1.55005,1.55095,2.10,3.60
2008.11.14 13:14:53.733,1.55005,1.5509,2.10,1.00
2008.11.14 13:14:53.843,1.55005,1.5509,1.20,2.40
2008.11.14 13:14:54.493,1.55,1.5509,2.10,2.40
2008.11.14 13:14:54.893,1.55,1.5507,1.20,2.40
2008.11.14 13:14:55.353,1.5498,1.5507,2.10,2.40
2008.11.14 13:14:56.093,1.54985,1.5507,1.20,2.40
2008.11.14 13:14:56.912,1.5498,1.5507,2.10,2.40
2008.11.14 13:14:57.082,1.54975,1.5506,3.00,1.20
2008.11.14 13:14:57.562,1.54965,1.55055,1.50,3.60
2008.11.14 13:14:57.912,1.5496,1.55045,1.50,1.20
2008.11.14 13:14:58.193,1.5496,1.55045,1.00,2.40
2008.11.14 13:14:58.592,1.54965,1.5504,1.20,1.20
2008.11.14 13:14:59.002,1.5495,1.5504,2.10,2.40
2008.11.14 13:14:59.712,1.5495,1.5504,2.10,2.40
2008.11.14 13:15:00.282,1.54945,1.55035,2.10,2.40
2008.11.14 13:15:01.092,1.5495,1.5504,2.10,3.60
2008.11.14 13:15:01.371,1.5495,1.5504,2.10,2.40
2008.11.14 13:15:01.821,1.5496,1.5504,1.00,1.00
2008.11.14 13:15:02.051,1.5496,1.55045,1.00,2.40
2008.11.14 13:15:02.621,1.5496,1.55045,2.10,2.40
2008.11.14 13:15:03.191,1.5497,1.5506,2.10,2.40
2008.11.14 13:15:03.591,1.5498,1.55065,2.10,1.20
2008.11.14 13:15:03.891,1.5499,1.5507,1.00,1.00
2008.11.14 13:15:04.241,1.5499,1.55075,1.00,2.40
2008.11.14 13:15:04.881,1.54985,1.55075,1.50,2.40
2008.11.14 13:15:05.281,1.5504,1.551,1.20,2.40
2008.11.14 13:15:05.630,1.55025,1.55125,1.20,1.20
2008.11.14 13:15:06.930,1.5499,1.5509,1.20,2.40
2008.11.14 13:15:07.560,1.54995,1.5509,1.20,1.20
2008.11.14 13:15:07.860,1.54995,1.55095,1.20,1.20
2008.11.14 13:15:09.300,1.55005,1.551,1.20,1.20
2008.11.14 13:15:09.860,1.55005,1.55105,1.20,1.20
2008.11.14 13:15:12.159,1.5501,1.5511,1.20,1.20
2008.11.14 13:15:14.369,1.54995,1.55095,1.20,1.20
2008.11.14 13:15:14.708,1.54995,1.55085,1.20,1.20
2008.11.14 13:15:15.298,1.54985,1.5507,1.20,1.20
2008.11.14 13:15:16.288,1.5499,1.5507,1.20,1.20
2008.11.14 13:15:16.518,1.5499,1.55075,1.20,1.20
2008.11.14 13:15:17.028,1.54995,1.55085,1.20,1.20
2008.11.14 13:15:19.367,1.55005,1.5509,1.20,1.20
2008.11.14 13:15:20.297,1.5502,1.55085,1.20,1.20
2008.11.14 13:15:20.517,1.55015,1.55085,1.20,1.20
2008.11.14 13:15:21.797,1.5503,1.55084,1.00,1.00
2008.11.14 13:15:22.147,1.55025,1.55085,1.50,1.00
2008.11.14 13:15:22.606,1.55025,1.5511,1.00,1.20
2008.11.14 13:15:23.656,1.5503,1.5512,1.00,2.40
2008.11.14 13:15:23.836,1.5503,1.5512,1.00,1.20
2008.11.14 13:15:24.606,1.5505,1.5512,1.00,1.00
2008.11.14 13:15:25.116,1.5505,1.55135,1.00,1.20
2008.11.14 13:15:25.606,1.5505,1.55135,2.10,1.20
2008.11.14 13:15:26.535,1.55055,1.55145,1.00,1.20
2008.11.14 13:15:27.036,1.5506,1.5515,1.00,1.20
2008.11.14 13:15:29.005,1.55055,1.55145,1.00,1.20
2008.11.14 13:15:29.175,1.55055,1.55145,2.10,1.20
2008.11.14 13:15:29.625,1.55055,1.55145,1.00,1.20
2008.11.14 13:15:30.915,1.5505,1.55145,1.80,1.00
2008.11.14 13:15:31.144,1.5507,1.55145,1.20,1.00
2008.11.14 13:15:31.624,1.55065,1.55165,1.20,1.20
2008.11.14 13:15:33.404,1.5506,1.5516,1.20,1.20
2008.11.14 13:15:33.984,1.5505,1.5515,1.20,1.20
2008.11.14 13:15:36.213,1.5506,1.5516,1.20,1.20
2008.11.14 13:15:40.202,1.55075,1.5517,1.20,1.20
2008.11.14 13:15:40.662,1.55065,1.55165,1.20,1.20
2008.11.14 13:15:43.801,1.5506,1.5516,1.20,1.20
2008.11.14 13:15:44.071,1.55065,1.55165,1.20,1.20
2008.11.14 13:15:46.321,1.5506,1.55155,1.20,1.20
2008.11.14 13:15:47.061,1.5507,1.5517,1.20,1.20
2008.11.14 13:15:47.590,1.5507,1.55165,1.20,1.20
2008.11.14 13:15:47.981,1.5507,1.5517,1.20,1.20
2008.11.14 13:15:49.430,1.5508,1.5518,1.20,1.20
2008.11.14 13:15:49.790,1.55075,1.55175,1.20,1.20
2008.11.14 13:15:50.290,1.5508,1.5518,1.20,1.20
2008.11.14 13:15:50.690,1.55085,1.55185,1.20,1.20
2008.11.14 13:15:51.750,1.55075,1.55175,1.20,1.20
2008.11.14 13:15:52.089,1.55085,1.55185,1.20,1.20
2008.11.14 13:15:52.729,1.5509,1.5519,1.20,1.20
2008.11.14 13:15:53.129,1.55085,1.55185,1.20,1.20
2008.11.14 13:15:53.489,1.5509,1.5519,1.20,1.20
2008.11.14 13:15:54.170,1.55125,1.55215,1.20,1.20
2008.11.14 13:15:54.849,1.5514,1.5523,1.20,1.20
2008.11.14 13:15:55.938,1.55145,1.55225,1.20,1.20
2008.11.14 13:15:56.588,1.55135,1.55225,1.00,1.20
2008.11.14 13:15:56.989,1.55105,1.55205,1.20,1.20
2008.11.14 13:15:57.348,1.551,1.552,1.20,1.20
2008.11.14 13:15:58.358,1.55115,1.55215,1.20,1.20
2008.11.14 13:15:59.317,1.5511,1.5521,1.20,1.20
2008.11.14 13:15:59.657,1.55115,1.55215,1.20,1.20
2008.11.14 13:16:02.227,1.5511,1.5521,1.20,1.20
2008.11.14 13:16:02.937,1.55115,1.55215,1.20,2.40
2008.11.14 13:16:03.356,1.55115,1.55215,1.20,1.20
2008.11.14 13:16:03.597,1.5512,1.5522,1.20,1.20
2008.11.14 13:16:04.466,1.55115,1.5521,1.20,1.20
2008.11.14 13:16:05.167,1.55105,1.552,1.20,1.20
2008.11.14 13:16:05.846,1.5511,1.5521,1.20,1.20
2008.11.14 13:16:06.136,1.55095,1.55195,1.20,1.20
2008.11.14 13:16:06.826,1.55125,1.5519,1.20,1.20
2008.11.14 13:16:07.166,1.55125,1.55215,1.20,1.20
2008.11.14 13:16:07.925,1.55125,1.5522,2.40,1.20
2008.11.14 13:16:08.315,1.551,1.552,1.20,1.20
2008.11.14 13:16:09.345,1.5508,1.5518,1.20,1.20
2008.11.14 13:16:10.535,1.55065,1.5516,1.20,1.20
2008.11.14 13:16:10.944,1.5508,1.5518,1.20,1.20
2008.11.14 13:16:11.684,1.5507,1.5517,1.20,1.20
2008.11.14 13:16:12.035,1.55055,1.55155,1.20,1.20
2008.11.14 13:16:13.154,1.5506,1.5516,1.20,1.20
2008.11.14 13:16:14.254,1.5505,1.5515,1.20,1.20
2008.11.14 13:16:14.884,1.5506,1.5516,1.20,1.20
2008.11.14 13:16:15.563,1.55055,1.5515,1.20,1.20
2008.11.14 13:16:16.143,1.55045,1.55145,1.20,1.20
2008.11.14 13:16:16.763,1.5501,1.55085,1.20,2.40
2008.11.14 13:16:17.103,1.5497,1.5504,2.40,1.20
2008.11.14 13:16:17.393,1.5497,1.5504,1.20,1.20
2008.11.14 13:16:17.793,1.5497,1.55035,1.20,1.20
2008.11.14 13:16:18.354,1.54965,1.55035,1.20,1.20
2008.11.14 13:16:18.973,1.5497,1.5503,1.20,1.00
2008.11.14 13:16:19.543,1.54965,1.55035,1.20,1.20
2008.11.14 13:16:20.063,1.54985,1.55039,1.20,1.00
2008.11.14 13:16:20.412,1.54995,1.5509,1.20,1.20
2008.11.14 13:16:21.272,1.55005,1.55105,1.20,1.20
2008.11.14 13:16:22.152,1.5501,1.55105,1.20,1.20
2008.11.14 13:16:22.902,1.5502,1.55115,1.20,1.20
2008.11.14 13:16:26.881,1.55015,1.55115,1.20,1.20
2008.11.14 13:16:28.041,1.5502,1.55115,1.20,1.20
2008.11.14 13:16:29.030,1.5502,1.55115,2.40,1.20
2008.11.14 13:16:29.330,1.55045,1.5514,2.40,1.20
2008.11.14 13:16:30.490,1.55045,1.55135,1.20,1.20
2008.11.14 13:16:31.000,1.5504,1.55125,1.20,1.20
2008.11.14 13:16:31.470,1.5504,1.55135,2.40,1.20
2008.11.14 13:16:31.940,1.55045,1.55135,1.20,1.20
2008.11.14 13:16:32.170,1.5505,1.5513,1.20,1.20
2008.11.14 13:16:32.640,1.5505,1.55135,1.20,1.20
2008.11.14 13:16:33.019,1.5505,1.5514,2.40,1.20
2008.11.14 13:16:33.829,1.5505,1.55145,1.20,1.20
2008.11.14 13:16:34.069,1.55045,1.55145,3.60,2.40
2008.11.14 13:16:34.559,1.5505,1.5514,1.20,3.60
2008.11.14 13:16:34.789,1.55045,1.55135,1.20,1.20
2008.11.14 13:16:35.249,1.5504,1.55135,2.40,1.20
2008.11.14 13:16:35.939,1.5504,1.55135,2.40,3.60
2008.11.14 13:16:36.458,1.55055,1.55135,1.20,3.60
2008.11.14 13:16:39.318,1.55035,1.5513,3.60,1.20
2008.11.14 13:16:39.828,1.55035,1.5513,2.40,2.40
2008.11.14 13:16:40.178,1.5503,1.55125,4.80,1.20
2008.11.14 13:16:40.687,1.55035,1.5513,1.20,3.60
2008.11.14 13:16:40.797,1.55035,1.5513,2.40,2.40
2008.11.14 13:16:40.917,1.55035,1.5513,2.40,3.60
2008.11.14 13:16:41.087,1.55035,1.55125,2.40,1.20
2008.11.14 13:16:41.717,1.55035,1.55125,1.20,1.20
2008.11.14 13:16:42.528,1.5503,1.55115,3.60,1.20
2008.11.14 13:16:42.937,1.5503,1.5511,1.20,1.20
2008.11.14 13:16:43.897,1.55035,1.55115,1.20,1.20
2008.11.14 13:16:44.347,1.55045,1.5513,1.20,1.20
2008.11.14 13:16:45.516,1.5504,1.55135,2.40,4.80
2008.11.14 13:16:45.926,1.55055,1.55125,1.20,1.00
2008.11.14 13:16:46.266,1.55055,1.5514,1.20,1.20
2008.11.14 13:16:46.966,1.55075,1.55145,1.20,1.20
2008.11.14 13:16:47.366,1.55055,1.55135,1.20,1.20
2008.11.14 13:16:47.726,1.55075,1.55144,1.20,1.00
2008.11.14 13:16:48.066,1.55065,1.55145,1.20,1.20
2008.11.14 13:16:48.526,1.55055,1.5514,1.20,1.20
2008.11.14 13:16:48.946,1.5505,1.55135,1.20,1.20
2008.11.14 13:16:49.456,1.55045,1.5512,2.40,1.20
2008.11.14 13:16:49.855,1.5504,1.55105,1.20,1.20
2008.11.14 13:16:50.215,1.5503,1.55105,2.40,1.20
2008.11.14 13:16:50.625,1.55035,1.55104,1.20,1.00
2008.11.14 13:16:51.125,1.55045,1.55104,1.20,1.00
2008.11.14 13:16:51.645,1.5505,1.55104,1.20,1.00
2008.11.14 13:16:52.215,1.5505,1.55115,1.20,1.20
2008.11.14 13:16:52.734,1.55045,1.55105,1.20,1.20
2008.11.14 13:16:53.014,1.5504,1.55105,1.20,1.20
2008.11.14 13:16:53.524,1.55065,1.55125,1.20,1.20
2008.11.14 13:16:53.934,1.5505,1.55115,2.40,1.20
2008.11.14 13:16:54.385,1.55045,1.55115,2.40,1.00
2008.11.14 13:16:54.724,1.55055,1.55125,1.20,1.20
2008.11.14 13:16:55.594,1.55085,1.5516,3.00,1.20
2008.11.14 13:16:55.864,1.55085,1.5516,1.20,1.20
2008.11.14 13:16:56.264,1.5509,1.55145,1.20,1.20
2008.11.14 13:16:56.614,1.5508,1.55145,1.20,1.20
2008.11.14 13:16:57.004,1.5508,1.5515,1.20,1.20
2008.11.14 13:16:57.294,1.55085,1.5515,1.20,1.00
2008.11.14 13:16:57.643,1.55085,1.5515,1.80,1.20
2008.11.14 13:16:57.983,1.5511,1.5516,1.20,1.00
2008.11.14 13:16:58.364,1.551,1.5519,1.50,2.40
2008.11.14 13:16:58.723,1.551,1.55185,1.50,2.40
2008.11.14 13:16:59.413,1.5511,1.55195,1.00,2.40
2008.11.14 13:16:59.773,1.55105,1.55195,2.10,3.60
2008.11.14 13:17:00.693,1.551,1.55185,1.50,1.20
2008.11.14 13:17:00.963,1.551,1.5519,2.10,3.60
2008.11.14 13:17:01.433,1.55105,1.5519,1.00,2.40
2008.11.14 13:17:01.722,1.55105,1.5519,2.10,1.20
2008.11.14 13:17:01.842,1.551,1.5519,1.50,3.60
2008.11.14 13:17:02.082,1.55105,1.5519,1.20,4.80
2008.11.14 13:17:02.252,1.55105,1.55185,1.20,1.20
2008.11.14 13:17:05.502,1.551,1.55185,1.00,1.20
2008.11.14 13:17:06.251,1.55095,1.55175,2.10,1.20
2008.11.14 13:17:06.491,1.55085,1.55175,3.30,1.20
2008.11.14 13:17:06.701,1.55085,1.55175,2.10,1.20
2008.11.14 13:17:07.081,1.55095,1.5517,2.10,1.00
2008.11.14 13:17:07.601,1.55095,1.5518,1.00,2.40
2008.11.14 13:17:09.311,1.55095,1.5518,1.00,1.20
2008.11.14 13:17:09.541,1.5509,1.5518,1.20,2.40
2008.11.14 13:17:09.861,1.5508,1.5517,2.10,1.20
2008.11.14 13:17:10.321,1.55075,1.55155,1.20,1.20
2008.11.14 13:17:10.660,1.55055,1.55155,1.20,1.20
2008.11.14 13:17:11.120,1.5505,1.5515,1.20,1.20
2008.11.14 13:17:19.019,1.5503,1.5513,1.20,1.20
2008.11.14 13:17:19.298,1.5503,1.55125,1.20,1.20
2008.11.14 13:17:20.878,1.55025,1.55115,1.20,1.20
2008.11.14 13:17:21.828,1.5502,1.55115,1.20,2.40
2008.11.14 13:17:22.187,1.5502,1.55115,1.20,1.20
2008.11.14 13:17:22.527,1.55025,1.55115,1.20,1.20
2008.11.14 13:17:22.997,1.5502,1.55115,1.20,1.20
2008.11.14 13:17:23.407,1.55015,1.55115,1.20,2.40
2008.11.14 13:17:24.017,1.55015,1.5511,1.20,1.20
2008.11.14 13:17:24.917,1.5502,1.5511,1.20,1.20
2008.11.14 13:17:25.557,1.55025,1.5512,1.20,1.20
2008.11.14 13:17:28.116,1.5502,1.5512,1.20,2.40
2008.11.14 13:17:28.956,1.5502,1.5511,1.20,1.20
2008.11.14 13:17:29.416,1.5502,1.55115,1.20,2.40
2008.11.14 13:17:30.575,1.55025,1.55115,2.10,3.60
2008.11.14 13:17:31.295,1.55045,1.55115,1.00,1.00
2008.11.14 13:17:31.535,1.55035,1.5512,2.10,2.40
2008.11.14 13:17:32.326,1.55035,1.55119,1.20,1.00
2008.11.14 13:17:32.675,1.5504,1.5514,1.20,1.20
2008.11.14 13:17:33.495,1.55045,1.55135,1.00,1.20
2008.11.14 13:17:34.295,1.55045,1.55135,2.10,1.20
2008.11.14 13:17:35.204,1.55045,1.55135,2.10,2.40
2008.11.14 13:17:35.374,1.55045,1.55125,1.20,1.20
2008.11.14 13:17:35.824,1.55035,1.55125,2.10,1.20
2008.11.14 13:17:36.284,1.55035,1.55119,2.10,1.00
2008.11.14 13:17:36.744,1.5503,1.55115,1.00,1.20
2008.11.14 13:17:37.248,1.5503,1.55115,2.10,1.20
2008.11.14 13:17:38.614,1.5504,1.5512,1.00,1.20
2008.11.14 13:17:38.953,1.5504,1.5513,1.00,1.20
2008.11.14 13:17:39.293,1.5504,1.5513,2.10,2.40
2008.11.14 13:17:39.473,1.55045,1.55135,2.10,2.40
2008.11.14 13:17:39.963,1.55045,1.5513,2.10,1.20
2008.11.14 13:17:40.493,1.55045,1.5513,1.20,2.40
2008.11.14 13:17:43.062,1.5504,1.5513,2.10,2.40
2008.11.14 13:17:43.512,1.5505,1.5513,1.20,1.20
2008.11.14 13:17:43.743,1.5504,1.5514,1.20,1.20
2008.11.14 13:17:44.082,1.55035,1.5513,1.20,1.20
2008.11.14 13:17:44.612,1.55035,1.55135,1.20,1.20
2008.11.14 13:17:45.082,1.5504,1.5514,1.20,1.20
2008.11.14 13:17:45.752,1.5503,1.5513,1.20,1.20
2008.11.14 13:17:46.112,1.5504,1.55135,1.20,1.20
2008.11.14 13:17:46.772,1.55025,1.5512,1.20,1.20
2008.11.14 13:17:47.122,1.55015,1.55115,1.20,1.20
2008.11.14 13:17:47.971,1.55015,1.5511,1.20,1.20
2008.11.14 13:17:48.261,1.55,1.551,1.20,1.20
2008.11.14 13:17:48.711,1.5497,1.5503,6.00,1.20
2008.11.14 13:17:49.101,1.54955,1.55025,1.20,1.20
2008.11.14 13:17:49.511,1.5495,1.5503,3.00,3.40
2008.11.14 13:17:50.071,1.5495,1.55025,2.40,2.40
2008.11.14 13:17:50.830,1.54965,1.55025,1.20,2.40
2008.11.14 13:17:51.291,1.54965,1.5503,1.20,2.40
2008.11.14 13:17:51.750,1.5495,1.5503,1.00,2.40
2008.11.14 13:17:53.580,1.55,1.5503,1.00,1.20
2008.11.14 13:17:53.700,1.55,1.5503,2.10,1.20
2008.11.14 13:17:54.050,1.55,1.5507,2.10,2.40
2008.11.14 13:17:54.410,1.55,1.55095,1.20,1.20
2008.11.14 13:17:54.880,1.54985,1.55095,1.20,1.20
2008.11.14 13:17:55.340,1.5498,1.55095,1.20,1.20
2008.11.14 13:17:56.679,1.5497,1.5503,2.40,1.20
2008.11.14 13:17:57.309,1.5496,1.55025,3.60,1.20
2008.11.14 13:17:57.719,1.5496,1.55025,1.20,1.20
2008.11.14 13:17:57.959,1.54965,1.55025,1.20,1.00
2008.11.14 13:17:58.249,1.54965,1.5503,1.20,1.20
2008.11.14 13:17:58.889,1.5495,1.5501,3.60,1.20
2008.11.14 13:17:59.249,1.54955,1.5501,1.20,1.20
2008.11.14 13:17:59.649,1.5495,1.55025,2.40,1.20
2008.11.14 13:17:59.999,1.5496,1.55019,1.20,1.00
2008.11.14 13:18:00.378,1.54945,1.55015,1.20,1.20
2008.11.14 13:18:00.668,1.54935,1.55015,3.60,1.20
2008.11.14 13:18:01.098,1.5495,1.55019,1.20,1.00
2008.11.14 13:18:01.498,1.5495,1.5503,1.80,2.40
2008.11.14 13:18:01.838,1.5495,1.55025,1.80,2.40
2008.11.14 13:18:02.508,1.5495,1.55025,1.00,1.20
2008.11.14 13:18:03.098,1.5495,1.55005,1.00,1.20
2008.11.14 13:18:03.457,1.54945,1.55015,1.20,1.20
2008.11.14 13:18:04.997,1.54935,1.55015,2.40,1.20
2008.11.14 13:18:05.277,1.5496,1.55015,1.80,1.20
2008.11.14 13:18:05.627,1.5496,1.5503,1.80,2.20
2008.11.14 13:18:05.957,1.5495,1.55025,1.20,1.20
2008.11.14 13:18:06.197,1.5496,1.55025,1.20,1.00
2008.11.14 13:18:06.567,1.5496,1.5504,2.40,1.20
2008.11.14 13:18:06.987,1.54965,1.5505,1.20,2.40
2008.11.14 13:18:07.467,1.54965,1.55045,1.20,1.20
2008.11.14 13:18:07.877,1.54965,1.55035,1.20,1.20
2008.11.14 13:18:08.166,1.54965,1.55045,1.20,1.20
2008.11.14 13:18:08.326,1.5496,1.5504,1.20,2.40
2008.11.14 13:18:08.686,1.5495,1.5503,1.50,1.20
2008.11.14 13:18:09.166,1.54955,1.5503,1.20,1.20
2008.11.14 13:18:09.586,1.5495,1.5503,1.00,1.20
2008.11.14 13:18:12.376,1.5495,1.55025,1.00,2.40
2008.11.14 13:18:12.725,1.54945,1.55025,1.00,2.40
2008.11.14 13:18:13.365,1.5494,1.55015,1.80,1.20
2008.11.14 13:18:13.815,1.5491,1.5501,1.20,1.20
2008.11.14 13:18:14.175,1.54905,1.55005,1.20,1.20
2008.11.14 13:18:16.194,1.54905,1.55,1.20,1.20
2008.11.14 13:18:16.974,1.5491,1.5501,2.40,1.20
2008.11.14 13:18:17.324,1.5491,1.55005,2.40,1.20
2008.11.14 13:18:19.154,1.5491,1.55,1.20,1.20
2008.11.14 13:18:19.564,1.549,1.55,2.40,1.20
2008.11.14 13:18:22.213,1.549,1.55,1.20,1.20
2008.11.14 13:18:22.393,1.54895,1.54995,2.40,1.20
2008.11.14 13:18:22.913,1.549,1.55,1.20,1.20
2008.11.14 13:18:23.153,1.54895,1.54995,2.40,1.20
2008.11.14 13:18:23.913,1.5492,1.5501,1.20,1.20
2008.11.14 13:18:24.933,1.5493,1.5502,1.20,1.20
2008.11.14 13:18:25.682,1.54945,1.55025,1.20,2.40
2008.11.14 13:18:25.922,1.54945,1.5503,2.40,1.20
2008.11.14 13:18:26.652,1.5495,1.5503,1.00,1.20
2008.11.14 13:18:27.003,1.54955,1.5503,1.20,1.20
2008.11.14 13:18:27.282,1.54945,1.5503,2.40,1.20
2008.11.14 13:18:30.151,1.54945,1.5503,3.60,1.20
2008.11.14 13:18:31.221,1.5496,1.5503,1.20,1.20
2008.11.14 13:18:33.960,1.54945,1.5503,2.40,1.20
2008.11.14 13:18:34.930,1.54965,1.5503,1.20,1.20
2008.11.14 13:18:36.610,1.54965,1.55035,1.20,1.20
2008.11.14 13:18:36.969,1.54965,1.5503,1.20,1.20
2008.11.14 13:18:37.609,1.54965,1.55025,1.20,1.20
2008.11.14 13:18:38.029,1.5494,1.55025,2.40,1.20
2008.11.14 13:18:39.009,1.54945,1.5503,2.40,1.20
2008.11.14 13:18:40.159,1.54945,1.5503,2.40,2.40
2008.11.14 13:18:40.399,1.54955,1.55035,1.20,2.40
2008.11.14 13:18:40.639,1.54955,1.55035,2.40,2.40
2008.11.14 13:18:41.148,1.54955,1.55035,2.40,3.60
2008.11.14 13:18:41.708,1.54965,1.55015,1.20,1.20
2008.11.14 13:18:42.038,1.5495,1.5503,1.00,2.40
2008.11.14 13:18:43.088,1.54965,1.5503,1.20,2.40
2008.11.14 13:18:44.178,1.54965,1.5502,1.20,1.20
2008.11.14 13:18:44.758,1.5495,1.5502,1.00,1.20
2008.11.14 13:18:45.968,1.54965,1.5502,1.20,1.20
2008.11.14 13:18:47.267,1.54965,1.55005,1.20,1.20
2008.11.14 13:18:47.977,1.5495,1.55015,1.20,2.40
2008.11.14 13:18:48.267,1.5494,1.55019,3.00,1.00
2008.11.14 13:18:48.617,1.54965,1.5502,1.20,1.20
2008.11.14 13:18:50.466,1.54965,1.55015,1.20,1.20
2008.11.14 13:18:50.766,1.54965,1.55015,1.20,2.40
2008.11.14 13:18:51.226,1.5494,1.5502,1.80,1.20
2008.11.14 13:18:51.686,1.54965,1.55015,1.20,2.40
2008.11.14 13:18:52.196,1.54935,1.55015,2.40,2.40
2008.11.14 13:18:52.846,1.5494,1.55015,1.80,1.20
2008.11.14 13:18:53.256,1.54965,1.5502,1.20,1.20
2008.11.14 13:18:53.496,1.54965,1.55015,1.20,2.40
2008.11.14 13:18:54.225,1.54955,1.55015,1.20,2.40
2008.11.14 13:18:54.815,1.54955,1.55015,1.20,1.20
2008.11.14 13:18:56.145,1.54945,1.55015,2.40,1.20
2008.11.14 13:18:56.555,1.54955,1.55025,1.20,3.60
2008.11.14 13:18:57.005,1.5494,1.5502,1.20,2.40
2008.11.14 13:18:57.414,1.5494,1.5502,2.40,1.20
2008.11.14 13:18:57.834,1.54925,1.55015,2.70,1.20
2008.11.14 13:18:58.194,1.54935,1.55015,1.20,2.40
2008.11.14 13:18:58.414,1.54935,1.55015,2.40,2.40
2008.11.14 13:18:58.944,1.54935,1.5501,2.40,1.20
2008.11.14 13:18:59.234,1.54935,1.55005,1.20,1.20
2008.11.14 13:18:59.794,1.5492,1.55005,3.60,2.40
2008.11.14 13:19:00.774,1.54945,1.55005,1.00,1.20
2008.11.14 13:19:01.873,1.5495,1.55015,1.00,1.20
2008.11.14 13:19:02.113,1.5495,1.55015,2.10,1.20
2008.11.14 13:19:02.513,1.5496,1.55015,1.00,1.20
2008.11.14 13:19:04.733,1.5496,1.5501,1.00,1.20
2008.11.14 13:19:05.083,1.54945,1.55005,2.10,1.20
2008.11.14 13:19:05.483,1.54955,1.5502,1.20,1.20
2008.11.14 13:19:05.823,1.54945,1.55005,1.00,1.20
2008.11.14 13:19:06.462,1.5495,1.55015,1.00,1.20
2008.11.14 13:19:06.812,1.5495,1.55015,2.10,1.20
2008.11.14 13:19:07.372,1.5495,1.5502,2.10,1.20
2008.11.14 13:19:07.722,1.5496,1.55025,1.00,2.40
2008.11.14 13:19:08.522,1.54965,1.55025,1.00,1.20
2008.11.14 13:19:08.872,1.54955,1.55005,1.00,1.20
2008.11.14 13:19:09.451,1.5496,1.55025,1.00,2.40
2008.11.14 13:19:10.142,1.54965,1.55025,1.00,1.20
2008.11.14 13:19:10.891,1.54965,1.55035,1.00,1.20
2008.11.14 13:19:11.181,1.54965,1.5502,1.20,1.20
2008.11.14 13:19:11.531,1.54955,1.5502,1.20,1.20
2008.11.14 13:19:11.651,1.54955,1.5502,2.10,1.20
2008.11.14 13:19:12.491,1.54955,1.5502,2.10,1.20
2008.11.14 13:19:16.900,1.54955,1.5502,1.00,1.20
2008.11.14 13:19:17.010,1.5495,1.5502,2.10,1.20
2008.11.14 13:19:17.770,1.5495,1.55015,2.10,1.20
2008.11.14 13:19:18.120,1.5495,1.55015,1.20,1.20
2008.11.14 13:19:18.459,1.54945,1.55015,1.00,1.20
2008.11.14 13:19:19.269,1.5495,1.55015,1.20,2.20
2008.11.14 13:19:19.709,1.5495,1.55005,1.20,1.20
2008.11.14 13:19:20.229,1.54945,1.5499,1.00,1.00
2008.11.14 13:19:20.819,1.5494,1.5501,2.10,1.20
2008.11.14 13:19:21.119,1.5494,1.5501,1.00,1.20
2008.11.14 13:19:22.039,1.54945,1.5501,1.00,1.20
2008.11.14 13:19:22.518,1.5495,1.5501,1.20,1.20
2008.11.14 13:19:25.538,1.5495,1.55015,1.80,2.20
2008.11.14 13:19:25.938,1.54965,1.55005,1.00,1.20
2008.11.14 13:19:26.338,1.54955,1.55015,1.00,1.20
2008.11.14 13:19:26.667,1.54955,1.55015,2.10,1.20
2008.11.14 13:19:27.768,1.5496,1.55015,1.00,1.20
2008.11.14 13:19:34.516,1.54955,1.5501,1.20,3.60
2008.11.14 13:19:35.076,1.54945,1.55005,1.00,1.20
2008.11.14 13:19:35.366,1.54945,1.55005,1.00,2.40
2008.11.14 13:19:35.665,1.5494,1.54985,1.20,1.20
2008.11.14 13:19:36.055,1.5493,1.5499,1.00,1.20
2008.11.14 13:19:36.345,1.5493,1.5495,1.20,1.20
2008.11.14 13:19:37.215,1.5489,1.5496,1.00,1.20
2008.11.14 13:19:37.775,1.5488,1.54965,2.10,2.40
2008.11.14 13:19:38.065,1.54895,1.54965,1.00,1.20
2008.11.14 13:19:38.415,1.5489,1.54965,1.00,1.20
2008.11.14 13:19:38.934,1.5487,1.54945,1.00,1.20
2008.11.14 13:19:39.664,1.54865,1.54945,1.50,1.20
2008.11.14 13:19:40.104,1.5487,1.54935,1.00,1.20
2008.11.14 13:19:40.454,1.5487,1.54935,2.10,1.20
2008.11.14 13:19:41.124,1.5486,1.54929,1.00,1.00
2008.11.14 13:19:41.614,1.5485,1.54924,2.10,1.00
2008.11.14 13:19:42.034,1.54875,1.5493,1.00,4.60
2008.11.14 13:19:42.423,1.54875,1.54945,2.10,1.20
2008.11.14 13:19:42.654,1.54885,1.54945,1.00,1.20
2008.11.14 13:19:43.464,1.54885,1.5495,1.00,1.20
2008.11.14 13:19:43.933,1.5488,1.54945,1.80,1.20
2008.11.14 13:19:44.163,1.54885,1.54945,1.00,1.20
2008.11.14 13:19:44.973,1.5488,1.54909,1.20,1.00
2008.11.14 13:19:45.373,1.54835,1.549,1.50,1.20
2008.11.14 13:19:45.943,1.54855,1.5491,1.00,1.20
2008.11.14 13:19:46.383,1.5484,1.54865,1.20,1.20
2008.11.14 13:19:46.903,1.54805,1.5486,1.00,2.40
2008.11.14 13:19:48.483,1.54865,1.5489,1.80,2.40
2008.11.14 13:19:48.763,1.5489,1.54955,1.00,1.20
2008.11.14 13:19:49.422,1.5489,1.5496,1.00,1.20
2008.11.14 13:19:49.772,1.5489,1.54955,1.20,2.40
2008.11.14 13:19:50.112,1.54885,1.54955,1.00,1.20
2008.11.14 13:19:50.402,1.5489,1.5496,1.00,3.60
2008.11.14 13:19:50.802,1.54895,1.54955,1.00,1.20
2008.11.14 13:19:51.252,1.549,1.54965,1.20,1.20
2008.11.14 13:19:51.532,1.54895,1.54965,1.00,1.20
2008.11.14 13:19:51.862,1.54895,1.54955,1.00,1.20
2008.11.14 13:19:52.701,1.54885,1.5496,2.10,2.40
2008.11.14 13:19:52.931,1.54885,1.5496,2.10,1.20
2008.11.14 13:19:53.101,1.54885,1.54955,2.10,1.20
2008.11.14 13:19:53.671,1.54885,1.5495,2.10,1.20
2008.11.14 13:19:54.021,1.54885,1.54949,2.10,1.00
2008.11.14 13:19:54.521,1.5489,1.54949,1.00,1.00
2008.11.14 13:19:54.991,1.5489,1.54949,2.10,1.00
2008.11.14 13:19:55.510,1.54905,1.54964,1.00,1.00
2008.11.14 13:19:56.001,1.549,1.54964,1.80,1.00
2008.11.14 13:19:56.180,1.549,1.54959,2.10,1.00
2008.11.14 13:19:56.520,1.549,1.54959,1.00,1.00
2008.11.14 13:19:57.220,1.5489,1.54949,1.20,1.00
2008.11.14 13:19:57.690,1.54885,1.54959,1.00,1.00
2008.11.14 13:19:58.830,1.5488,1.54959,1.80,1.00
2008.11.14 13:19:59.010,1.54875,1.54959,1.20,1.00
2008.11.14 13:19:59.420,1.54865,1.5495,1.80,1.20
2008.11.14 13:19:59.999,1.5488,1.5495,1.00,1.00
2008.11.14 13:20:00.330,1.5489,1.5497,1.00,2.40
2008.11.14 13:20:00.969,1.5491,1.5497,1.00,1.20
2008.11.14 13:20:01.249,1.54925,1.54984,1.00,1.00
2008.11.14 13:20:01.999,1.5492,1.54975,1.80,1.20
2008.11.14 13:20:02.409,1.5491,1.5497,1.00,1.20
2008.11.14 13:20:02.739,1.54915,1.54975,1.00,1.20
2008.11.14 13:20:03.239,1.54915,1.54975,2.10,1.20
2008.11.14 13:20:03.759,1.54925,1.5498,1.00,1.20
2008.11.14 13:20:04.498,1.5493,1.54995,1.50,1.20
2008.11.14 13:20:05.138,1.54915,1.54935,1.20,1.20
2008.11.14 13:20:05.538,1.54905,1.5498,1.00,2.40
2008.11.14 13:20:06.008,1.54925,1.55005,1.00,1.20
2008.11.14 13:20:06.568,1.54965,1.55004,1.00,1.00
2008.11.14 13:20:07.028,1.5496,1.5499,1.20,2.40
2008.11.14 13:20:07.638,1.5494,1.54989,1.20,1.00
2008.11.14 13:20:08.367,1.5495,1.54995,1.00,1.20
2008.11.14 13:20:08.708,1.54915,1.5498,1.00,1.20
2008.11.14 13:20:09.107,1.5491,1.54989,1.80,1.00
2008.11.14 13:20:09.517,1.549,1.54974,2.10,1.00
2008.11.14 13:20:10.027,1.549,1.54979,2.10,1.00
2008.11.14 13:20:10.548,1.5488,1.54935,2.40,1.20
2008.11.14 13:20:10.727,1.54855,1.54935,1.20,1.20
2008.11.14 13:20:10.787,1.54845,1.54935,1.00,2.40
2008.11.14 13:20:11.337,1.5485,1.54935,1.20,1.00
2008.11.14 13:20:11.807,1.54805,1.549,1.20,1.20
2008.11.14 13:20:12.936,1.5481,1.5491,1.20,1.20
2008.11.14 13:20:13.286,1.548,1.549,1.20,1.20
2008.11.14 13:20:13.966,1.5479,1.5489,1.20,1.20
2008.11.14 13:20:14.656,1.54795,1.54895,1.20,1.20
2008.11.14 13:20:15.216,1.5478,1.54875,13.20,1.20
2008.11.14 13:20:15.606,1.5478,1.5484,12.00,1.20
2008.11.14 13:20:16.006,1.5478,1.54825,12.00,1.20
2008.11.14 13:20:17.945,1.5478,1.5484,12.00,1.20
2008.11.14 13:20:18.245,1.5478,1.54845,12.00,1.20
2008.11.14 13:20:19.065,1.5478,1.54855,12.00,1.20
2008.11.14 13:20:19.465,1.5478,1.54865,12.00,1.20
2008.11.14 13:20:20.055,1.5478,1.5487,12.00,2.40
2008.11.14 13:20:20.654,1.5478,1.54875,12.00,2.40
2008.11.14 13:20:21.274,1.54785,1.54885,2.40,1.20
2008.11.14 13:20:22.134,1.54785,1.5488,1.20,1.20
2008.11.14 13:20:22.654,1.5478,1.54875,14.40,1.20
2008.11.14 13:20:23.064,1.5478,1.54875,13.20,1.20
2008.11.14 13:20:23.364,1.5479,1.54889,1.20,1.00
2008.11.14 13:20:23.814,1.54795,1.54889,1.20,1.00
2008.11.14 13:20:24.744,1.5479,1.5489,1.20,1.20
2008.11.14 13:20:25.593,1.54805,1.54899,1.80,1.00
2008.11.14 13:20:26.203,1.54805,1.54899,2.40,1.00
2008.11.14 13:20:26.663,1.5481,1.54889,1.20,1.00
2008.11.14 13:20:27.183,1.5481,1.54889,1.00,1.00
2008.11.14 13:20:27.533,1.54795,1.54874,2.40,1.00
2008.11.14 13:20:27.883,1.548,1.5488,2.10,1.00
2008.11.14 13:20:28.282,1.54805,1.54889,1.20,1.00
2008.11.14 13:20:28.732,1.548,1.54889,2.10,1.00
2008.11.14 13:20:29.892,1.54795,1.54864,1.20,1.00
2008.11.14 13:20:30.442,1.54785,1.5484,1.20,1.20
2008.11.14 13:20:31.043,1.5479,1.5484,1.20,1.20
2008.11.14 13:20:31.552,1.5478,1.5483,13.20,1.20
2008.11.14 13:20:31.792,1.5478,1.54815,12.00,2.40
2008.11.14 13:20:32.132,1.5478,1.54815,12.00,1.20
2008.11.14 13:20:32.481,1.5478,1.5482,12.00,1.20
2008.11.14 13:20:33.051,1.5478,1.54825,12.00,1.20
2008.11.14 13:20:33.452,1.5479,1.54845,2.10,1.20
2008.11.14 13:20:33.741,1.5479,1.5485,2.10,1.20
2008.11.14 13:20:34.381,1.5481,1.54845,1.00,1.20
2008.11.14 13:20:34.961,1.5481,1.5486,1.00,1.20
2008.11.14 13:20:35.411,1.5481,1.54895,1.00,1.20
2008.11.14 13:20:35.861,1.54805,1.54895,2.10,1.20
2008.11.14 13:20:36.162,1.54785,1.54854,1.20,1.00
2008.11.14 13:20:37.040,1.5478,1.54854,13.20,1.00
2008.11.14 13:20:37.370,1.54785,1.54845,1.20,1.20
2008.11.14 13:20:37.650,1.54795,1.54849,1.00,1.00
2008.11.14 13:20:38.060,1.54795,1.54845,1.00,1.00
2008.11.14 13:20:38.420,1.5479,1.54864,1.50,1.00
2008.11.14 13:20:38.820,1.54795,1.54849,2.10,1.00
2008.11.14 13:20:39.120,1.5478,1.54845,12.00,2.40
2008.11.14 13:20:39.620,1.5478,1.54835,12.00,2.40
2008.11.14 13:20:41.010,1.5478,1.54835,12.00,1.00
2008.11.14 13:20:41.469,1.5478,1.5484,12.00,1.20
2008.11.14 13:20:41.809,1.5478,1.5484,12.00,2.40
2008.11.14 13:20:42.049,1.5478,1.54825,12.00,1.20
2008.11.14 13:20:42.489,1.5478,1.54835,12.00,2.40
2008.11.14 13:20:42.729,1.5478,1.54825,12.00,1.20
2008.11.14 13:20:43.509,1.5478,1.5481,12.00,1.20
2008.11.14 13:20:44.189,1.5478,1.54805,12.00,2.40
2008.11.14 13:20:45.298,1.5478,1.5479,12.00,1.70
2008.11.14 13:20:45.978,1.54725,1.54785,1.00,1.20
2008.11.14 13:20:46.318,1.54725,1.5479,2.10,1.20
2008.11.14 13:20:47.078,1.5475,1.5479,1.00,1.20
2008.11.14 13:20:47.418,1.54745,1.5479,2.10,1.20
2008.11.14 13:20:47.838,1.5475,1.54795,1.00,1.20
2008.11.14 13:20:48.358,1.5475,1.54785,1.50,1.20
2008.11.14 13:20:48.738,1.5476,1.54785,1.00,1.20
2008.11.14 13:20:49.228,1.54755,1.5479,1.20,1.20
2008.11.14 13:20:49.508,1.5476,1.5479,1.00,1.20
2008.11.14 13:20:49.867,1.5476,1.5479,2.10,1.20
2008.11.14 13:20:50.507,1.5477,1.5481,1.00,1.20
2008.11.14 13:20:50.847,1.54785,1.5481,1.00,1.20
2008.11.14 13:20:51.977,1.54785,1.5482,1.00,1.20
2008.11.14 13:20:52.337,1.548,1.54825,1.00,1.20
2008.11.14 13:20:53.096,1.54805,1.5482,1.00,1.20
2008.11.14 13:20:53.496,1.54805,1.5483,1.00,1.20
2008.11.14 13:20:53.816,1.54805,1.54845,1.20,1.20
2008.11.14 13:20:54.436,1.54805,1.5484,2.10,1.20
2008.11.14 13:20:54.836,1.54815,1.54855,1.00,1.20
2008.11.14 13:20:55.696,1.548,1.54865,2.10,2.40
2008.11.14 13:20:55.986,1.5479,1.5485,1.00,1.00
2008.11.14 13:20:56.286,1.5478,1.54829,1.20,1.00
2008.11.14 13:20:56.646,1.548,1.5485,1.00,1.00
2008.11.14 13:20:57.235,1.54815,1.5487,1.00,2.40
2008.11.14 13:20:58.086,1.5481,1.5487,1.00,1.20
2008.11.14 13:20:59.115,1.54815,1.5487,1.50,1.20
2008.11.14 13:20:59.865,1.54815,1.5484,2.10,1.20
2008.11.14 13:21:00.265,1.5482,1.54865,1.20,1.20
2008.11.14 13:21:00.605,1.548,1.54869,1.20,1.00
2008.11.14 13:21:00.995,1.54795,1.54864,2.10,1.00
2008.11.14 13:21:04.094,1.5479,1.54845,1.00,1.00
2008.11.14 13:21:04.314,1.54795,1.54864,1.00,1.00
2008.11.14 13:21:04.654,1.54795,1.54864,2.10,1.00
2008.11.14 13:21:05.174,1.5483,1.54855,1.00,1.20
2008.11.14 13:21:05.614,1.54825,1.54865,1.80,1.20
2008.11.14 13:21:06.003,1.5483,1.5487,1.00,1.20
2008.11.14 13:21:06.574,1.54835,1.54885,1.00,1.20
2008.11.14 13:21:06.983,1.5483,1.5488,1.20,1.20
2008.11.14 13:21:07.333,1.5482,1.54885,1.50,1.20
2008.11.14 13:21:08.103,1.5481,1.5488,1.00,1.20
2008.11.14 13:21:09.203,1.54805,1.5489,2.10,2.40
2008.11.14 13:21:09.692,1.54815,1.5488,1.50,1.20
2008.11.14 13:21:10.372,1.5482,1.5488,1.00,1.20
2008.11.14 13:21:10.982,1.54815,1.54885,1.00,1.20
2008.11.14 13:21:11.263,1.54815,1.54895,2.10,1.20
2008.11.14 13:21:11.782,1.54815,1.54895,1.20,3.60
2008.11.14 13:21:12.292,1.54805,1.5489,1.20,1.20
2008.11.14 13:21:12.942,1.54815,1.54895,1.00,1.20
2008.11.14 13:21:13.272,1.5484,1.54895,1.00,1.20
2008.11.14 13:21:13.742,1.54825,1.54885,2.40,2.40
2008.11.14 13:21:14.262,1.54795,1.54854,1.20,1.00
2008.11.14 13:21:14.891,1.54795,1.54854,1.00,1.00
2008.11.14 13:21:15.291,1.54815,1.54875,1.20,1.20
2008.11.14 13:21:15.761,1.5482,1.54875,1.20,1.20
2008.11.14 13:21:16.271,1.5481,1.54875,1.20,1.20
2008.11.14 13:21:16.661,1.5479,1.5487,1.20,1.20
2008.11.14 13:21:17.221,1.5478,1.5486,1.20,1.20
2008.11.14 13:21:17.701,1.54805,1.54845,1.00,1.20
2008.11.14 13:21:18.091,1.54805,1.54885,2.10,2.40
2008.11.14 13:21:19.070,1.54805,1.54885,1.20,1.20
2008.11.14 13:21:19.420,1.548,1.54885,1.00,1.20
2008.11.14 13:21:20.071,1.548,1.5489,1.00,3.60
2008.11.14 13:21:20.620,1.54805,1.5489,2.10,2.40
2008.11.14 13:21:21.200,1.54785,1.54885,1.20,1.20
2008.11.14 13:21:22.140,1.54775,1.54875,2.40,2.40
2008.11.14 13:21:22.580,1.54775,1.5487,1.20,1.20
2008.11.14 13:21:22.929,1.5478,1.54865,1.20,1.20
2008.11.14 13:21:23.269,1.54765,1.54865,2.40,1.20
2008.11.14 13:21:24.349,1.5477,1.5487,2.40,1.20
2008.11.14 13:21:24.919,1.5478,1.5488,1.20,1.20
2008.11.14 13:21:26.219,1.54765,1.54865,1.20,1.20
2008.11.14 13:21:26.799,1.5476,1.5486,2.40,1.20
2008.11.14 13:21:29.128,1.54765,1.54865,1.20,1.20
2008.11.14 13:21:29.578,1.5478,1.5488,1.20,1.20
2008.11.14 13:21:30.908,1.54775,1.54875,1.20,1.20
2008.11.14 13:21:31.468,1.5478,1.5488,1.20,1.20
2008.11.14 13:21:32.117,1.5478,1.5488,2.40,1.20
2008.11.14 13:21:32.477,1.54775,1.54875,1.20,1.20
2008.11.14 13:21:32.947,1.5478,1.5488,1.20,1.20
2008.11.14 13:21:33.297,1.54785,1.54885,1.20,1.20
2008.11.14 13:21:35.117,1.5478,1.5488,1.20,1.20
2008.11.14 13:21:36.776,1.5479,1.5489,1.20,1.20
2008.11.14 13:21:37.246,1.54785,1.5488,2.40,1.20
2008.11.14 13:21:37.646,1.54785,1.5488,1.20,1.20
2008.11.14 13:21:37.986,1.5479,1.5489,2.40,1.20
2008.11.14 13:21:38.556,1.54785,1.54885,2.40,1.20
2008.11.14 13:21:39.415,1.54775,1.54875,1.20,1.20
2008.11.14 13:21:40.845,1.54765,1.54865,1.20,1.20
2008.11.14 13:21:41.365,1.5476,1.54845,1.20,1.20
2008.11.14 13:21:41.765,1.54735,1.54835,1.20,1.20
2008.11.14 13:21:41.975,1.5473,1.5483,1.20,1.20
2008.11.14 13:21:42.325,1.54725,1.5482,1.20,1.20
2008.11.14 13:21:43.315,1.547,1.548,1.20,1.20
2008.11.14 13:21:44.005,1.5472,1.5482,1.20,1.20
2008.11.14 13:21:44.334,1.54715,1.5481,1.20,1.20
2008.11.14 13:21:44.734,1.5472,1.5482,1.20,1.20
2008.11.14 13:21:46.054,1.54715,1.54815,1.20,1.20
2008.11.14 13:21:47.024,1.5471,1.5481,1.20,1.20
2008.11.14 13:21:47.374,1.54675,1.54755,1.20,2.40
2008.11.14 13:21:47.764,1.54675,1.54755,1.20,1.20
2008.11.14 13:21:48.113,1.5468,1.54765,1.20,1.20
2008.11.14 13:21:48.503,1.54695,1.5478,1.00,2.40
2008.11.14 13:21:48.853,1.54715,1.54785,1.20,1.00
2008.11.14 13:21:49.723,1.54715,1.54815,1.20,1.20
2008.11.14 13:21:52.492,1.5469,1.5479,1.20,2.40
2008.11.14 13:21:52.992,1.5469,1.5478,1.20,1.20
2008.11.14 13:21:53.282,1.54685,1.54785,1.20,1.20
2008.11.14 13:21:54.382,1.5469,1.5479,1.20,2.40
2008.11.14 13:21:55.322,1.54695,1.54795,1.20,1.20
2008.11.14 13:21:56.051,1.547,1.548,1.20,1.20
2008.11.14 13:21:56.911,1.5471,1.548,1.00,3.40
2008.11.14 13:21:57.611,1.54705,1.54759,2.10,1.00
2008.11.14 13:21:57.961,1.5469,1.54735,1.20,1.20
2008.11.14 13:21:58.521,1.5466,1.54735,2.10,1.20
2008.11.14 13:21:58.941,1.54675,1.5474,1.00,1.20
2008.11.14 13:21:59.711,1.54675,1.54745,1.00,2.40
2008.11.14 13:22:00.181,1.54675,1.54739,1.00,1.00
2008.11.14 13:22:00.520,1.5467,1.54739,1.80,1.00
2008.11.14 13:22:00.990,1.54675,1.54729,1.00,1.00
2008.11.14 13:22:01.510,1.54675,1.54735,1.00,1.20
2008.11.14 13:22:01.860,1.5467,1.54735,1.20,1.20
2008.11.14 13:22:02.140,1.54665,1.5473,1.20,2.40
2008.11.14 13:22:02.540,1.5466,1.54725,2.10,1.20
2008.11.14 13:22:02.780,1.5466,1.54715,1.20,1.20
2008.11.14 13:22:03.240,1.54625,1.54715,2.10,3.60
2008.11.14 13:22:05.180,1.5463,1.54715,1.00,2.40
2008.11.14 13:22:05.639,1.5463,1.54715,1.00,1.20
2008.11.14 13:22:06.389,1.54615,1.547,1.20,2.40
2008.11.14 13:22:07.009,1.54595,1.54685,2.10,1.20
2008.11.14 13:22:07.399,1.54595,1.54685,1.00,1.20
2008.11.14 13:22:07.799,1.54595,1.54685,1.50,1.20
2008.11.14 13:22:08.199,1.54595,1.54685,1.00,1.20
2008.11.14 13:22:08.538,1.54595,1.54685,1.00,2.40
2008.11.14 13:22:09.998,1.5459,1.54675,1.50,1.20
2008.11.14 13:22:10.288,1.5458,1.5467,2.10,1.20
2008.11.14 13:22:10.918,1.5459,1.54674,1.20,1.00
2008.11.14 13:22:11.758,1.54575,1.54665,1.20,1.20
2008.11.14 13:22:12.158,1.54575,1.5465,1.20,1.20
2008.11.14 13:22:12.447,1.5457,1.5466,2.10,1.20
2008.11.14 13:22:12.787,1.5457,1.5466,1.20,1.00
2008.11.14 13:22:13.187,1.54575,1.5467,1.20,1.20
2008.11.14 13:22:14.097,1.54585,1.54685,1.20,1.20
2008.11.14 13:22:14.557,1.546,1.547,1.20,1.20
2008.11.14 13:22:15.188,1.5462,1.5472,1.20,1.20
2008.11.14 13:22:15.617,1.5464,1.5474,1.20,1.20
2008.11.14 13:22:17.366,1.5465,1.5475,1.20,1.20
2008.11.14 13:22:21.415,1.54645,1.54745,1.20,1.20
2008.11.14 13:22:22.396,1.5465,1.5475,1.20,1.20
2008.11.14 13:22:22.785,1.5466,1.5476,1.20,1.20
2008.11.14 13:22:23.705,1.54645,1.54745,1.20,1.20
2008.11.14 13:22:24.655,1.54635,1.5473,1.20,1.20
2008.11.14 13:22:25.115,1.5463,1.5473,1.20,1.20
2008.11.14 13:22:25.404,1.54635,1.5473,1.20,1.20
2008.11.14 13:22:26.414,1.5463,1.5473,1.20,1.20
2008.11.14 13:22:26.804,1.54625,1.54725,1.20,1.20
2008.11.14 13:22:28.644,1.5463,1.5473,1.20,1.20
2008.11.14 13:22:29.664,1.54605,1.54705,1.20,1.20
2008.11.14 13:22:30.733,1.54605,1.547,1.20,1.20
2008.11.14 13:22:31.013,1.54605,1.54705,1.20,1.20
2008.11.14 13:22:31.753,1.5463,1.54725,1.20,1.20
2008.11.14 13:22:32.932,1.54615,1.54715,2.40,1.20
2008.11.14 13:22:33.423,1.5464,1.5474,2.40,1.20
2008.11.14 13:22:34.162,1.5464,1.54735,1.20,1.20
2008.11.14 13:22:34.555,1.54635,1.54735,2.40,1.20
2008.11.14 13:22:35.312,1.5463,1.54725,1.20,1.20
2008.11.14 13:22:35.552,1.54625,1.54725,2.40,1.20
2008.11.14 13:22:35.952,1.5465,1.54745,1.20,1.20
2008.11.14 13:22:36.242,1.54625,1.54725,1.20,2.40
2008.11.14 13:22:36.832,1.5462,1.54715,1.20,1.20
2008.11.14 13:22:37.181,1.5462,1.5471,1.20,1.20
2008.11.14 13:22:37.472,1.5461,1.5471,2.40,1.20
2008.11.14 13:22:37.881,1.546,1.54695,1.20,1.20
2008.11.14 13:22:38.621,1.5459,1.5469,2.40,1.20
2008.11.14 13:22:38.971,1.546,1.54695,1.20,1.20
2008.11.14 13:22:39.321,1.54605,1.547,1.20,2.40
2008.11.14 13:22:39.781,1.5459,1.5469,2.40,1.20
2008.11.14 13:22:40.221,1.5459,1.5468,1.20,1.20
2008.11.14 13:22:40.781,1.546,1.54695,1.20,1.20
2008.11.14 13:22:41.291,1.54615,1.5471,1.20,1.20
2008.11.14 13:22:41.700,1.5462,1.5471,1.20,1.20
2008.11.14 13:22:41.990,1.5463,1.54735,1.20,1.20
2008.11.14 13:22:42.850,1.54625,1.54735,2.40,1.20
2008.11.14 13:22:43.450,1.5463,1.5473,1.20,1.20
2008.11.14 13:22:44.320,1.5463,1.54725,1.20,1.20
2008.11.14 13:22:45.300,1.54685,1.5474,1.00,1.20
2008.11.14 13:22:45.719,1.54665,1.54745,1.00,1.20
2008.11.14 13:22:46.490,1.5466,1.5474,1.80,1.20
2008.11.14 13:22:47.069,1.54665,1.5475,1.50,1.20
2008.11.14 13:22:47.519,1.547,1.54755,1.00,1.20
2008.11.14 13:22:47.869,1.54715,1.54744,1.00,1.00
2008.11.14 13:22:48.449,1.54705,1.5476,1.00,1.20
2008.11.14 13:22:48.899,1.54715,1.5477,1.00,1.20
2008.11.14 13:22:49.468,1.54715,1.5477,2.10,1.20
2008.11.14 13:22:50.089,1.54685,1.54745,1.20,1.20
2008.11.14 13:22:50.448,1.54665,1.54745,1.00,1.20
2008.11.14 13:22:51.248,1.5465,1.5474,2.10,2.40
2008.11.14 13:22:51.708,1.5466,1.5474,1.00,1.20
2008.11.14 13:22:51.948,1.54665,1.5474,1.00,1.20
2008.11.14 13:22:52.238,1.54665,1.5475,1.00,1.20
2008.11.14 13:22:53.258,1.54665,1.54745,1.00,1.20
2008.11.14 13:22:54.757,1.5467,1.54745,1.00,1.20
2008.11.14 13:22:57.367,1.54665,1.5475,1.80,2.40
2008.11.14 13:22:57.836,1.5466,1.5475,2.10,2.40
2008.11.14 13:22:58.117,1.54655,1.54745,1.50,2.40
2008.11.14 13:22:58.296,1.5465,1.54735,1.50,1.20
2008.11.14 13:22:58.536,1.54655,1.54735,1.20,1.20
2008.11.14 13:22:58.656,1.54645,1.5471,2.10,1.20
2008.11.14 13:22:59.436,1.5464,1.5471,1.00,2.40
2008.11.14 13:22:59.836,1.54635,1.54695,1.00,1.20
2008.11.14 13:23:02.356,1.54615,1.54695,1.80,2.40
2008.11.14 13:23:02.935,1.5461,1.54705,1.20,1.20
2008.11.14 13:23:03.586,1.54605,1.54705,1.20,1.20
2008.11.14 13:23:04.085,1.54685,1.54735,1.00,1.20
2008.11.14 13:23:04.715,1.54695,1.5474,1.00,1.20
2008.11.14 13:23:05.355,1.54695,1.54739,1.20,1.00
2008.11.14 13:23:05.635,1.54675,1.54739,2.10,1.00
2008.11.14 13:23:06.455,1.54675,1.54739,1.20,1.00
2008.11.14 13:23:06.954,1.54675,1.5471,1.20,1.20
2008.11.14 13:23:07.454,1.5462,1.5471,2.10,2.40
2008.11.14 13:23:07.744,1.54635,1.54705,1.00,1.20
2008.11.14 13:23:08.084,1.54635,1.547,1.00,1.20
2008.11.14 13:23:08.484,1.54635,1.54695,1.00,1.20
2008.11.14 13:23:09.694,1.54635,1.547,1.50,1.20
2008.11.14 13:23:10.094,1.54625,1.54695,2.10,1.20
2008.11.14 13:23:10.504,1.5462,1.54685,1.50,1.20
2008.11.14 13:23:10.853,1.5462,1.54695,1.00,2.40
2008.11.14 13:23:11.143,1.54615,1.54695,1.80,2.40
2008.11.14 13:23:11.613,1.5461,1.547,2.10,6.00
2008.11.14 13:23:12.063,1.54605,1.54695,2.10,3.60
2008.11.14 13:23:12.403,1.546,1.54685,1.50,1.20
2008.11.14 13:23:12.843,1.546,1.54685,1.00,2.40
2008.11.14 13:23:13.243,1.5462,1.54695,1.00,2.40
2008.11.14 13:23:13.763,1.5464,1.54695,1.20,1.20
2008.11.14 13:23:14.103,1.5463,1.54705,2.10,2.40
2008.11.14 13:23:14.513,1.5463,1.54705,2.10,1.20
2008.11.14 13:23:15.082,1.5462,1.54695,1.00,1.20
2008.11.14 13:23:15.382,1.54625,1.547,2.10,2.40
2008.11.14 13:23:15.862,1.54625,1.547,2.10,3.60
2008.11.14 13:23:16.152,1.54625,1.54695,2.10,1.20
2008.11.14 13:23:16.802,1.54625,1.54705,1.20,3.60
2008.11.14 13:23:17.102,1.54605,1.54705,4.60,3.60
2008.11.14 13:23:17.492,1.5462,1.5472,2.40,3.60
2008.11.14 13:23:17.672,1.5462,1.5472,2.40,1.20
2008.11.14 13:23:18.801,1.5463,1.54725,1.20,1.20
2008.11.14 13:23:19.332,1.54695,1.54725,1.00,1.20
2008.11.14 13:23:19.671,1.54695,1.54745,1.00,1.20
2008.11.14 13:23:20.251,1.54675,1.54745,2.10,1.20
2008.11.14 13:23:20.821,1.5468,1.5472,1.20,2.40
2008.11.14 13:23:21.421,1.54635,1.5471,1.20,1.20
2008.11.14 13:23:21.841,1.5468,1.5474,2.10,1.20
2008.11.14 13:23:22.281,1.5464,1.54725,1.20,4.80
2008.11.14 13:23:22.681,1.54655,1.54725,1.20,3.60
2008.11.14 13:23:23.080,1.54645,1.54705,2.10,1.20
2008.11.14 13:23:23.490,1.54625,1.54705,2.10,2.40
2008.11.14 13:23:23.760,1.5462,1.547,1.20,2.40
2008.11.14 13:23:24.240,1.546,1.547,3.60,1.20
2008.11.14 13:23:24.590,1.546,1.547,1.20,1.20
2008.11.14 13:23:26.889,1.54595,1.54695,1.20,1.20
2008.11.14 13:23:27.519,1.5459,1.5469,1.20,1.20
2008.11.14 13:23:29.759,1.54595,1.54695,1.20,1.20
2008.11.14 13:23:31.728,1.54605,1.54705,1.20,1.20
2008.11.14 13:23:32.948,1.5461,1.5471,1.20,1.20
2008.11.14 13:23:33.408,1.54605,1.547,1.20,1.20
2008.11.14 13:23:33.808,1.5461,1.5471,1.20,2.40
2008.11.14 13:23:34.088,1.54605,1.547,1.20,1.20
2008.11.14 13:23:35.527,1.5461,1.5471,1.20,1.20
2008.11.14 13:23:36.277,1.5462,1.5472,1.20,1.20
2008.11.14 13:23:36.957,1.54625,1.54725,1.20,1.20
2008.11.14 13:23:37.187,1.54635,1.54735,1.20,1.20
2008.11.14 13:23:37.707,1.54645,1.54735,1.00,1.20
2008.11.14 13:23:38.207,1.54655,1.54735,1.00,1.20
2008.11.14 13:23:39.007,1.5466,1.54744,1.00,1.00
2008.11.14 13:23:39.466,1.5466,1.54755,1.80,1.20
2008.11.14 13:23:39.746,1.5468,1.5478,1.20,1.20
2008.11.14 13:23:40.147,1.5467,1.5477,1.20,1.20
2008.11.14 13:23:40.496,1.54675,1.54775,1.20,1.20
2008.11.14 13:23:40.896,1.54675,1.54775,1.20,2.40
2008.11.14 13:23:41.196,1.54675,1.54775,1.20,1.20
2008.11.14 13:23:41.847,1.5467,1.5477,1.20,1.20
2008.11.14 13:23:42.356,1.5466,1.5476,1.20,1.20
2008.11.14 13:23:42.916,1.5467,1.5477,1.20,1.20
2008.11.14 13:23:43.316,1.5468,1.5478,1.20,1.20
2008.11.14 13:23:43.605,1.5468,1.54765,1.20,1.20
2008.11.14 13:23:43.945,1.5466,1.5476,1.20,1.20
2008.11.14 13:23:44.635,1.54665,1.54765,1.20,1.20
2008.11.14 13:23:45.045,1.54665,1.54755,2.10,3.60
2008.11.14 13:23:45.435,1.54665,1.54755,2.10,2.40
2008.11.14 13:23:45.775,1.5467,1.54755,2.10,1.20
2008.11.14 13:23:46.455,1.5467,1.5476,2.10,2.40
2008.11.14 13:23:47.065,1.54675,1.54765,2.10,1.20
2008.11.14 13:23:47.585,1.5468,1.5476,1.20,2.40
2008.11.14 13:23:47.984,1.5468,1.5475,1.00,1.20
2008.11.14 13:23:48.494,1.5467,1.54745,2.10,1.20
2008.11.14 13:23:48.834,1.5467,1.54734,1.20,1.00
2008.11.14 13:23:49.294,1.54665,1.54734,2.10,1.00
2008.11.14 13:23:49.684,1.5467,1.5474,1.00,1.20
2008.11.14 13:23:50.024,1.5466,1.54734,1.50,1.00
2008.11.14 13:23:50.614,1.54655,1.54724,2.10,1.00
2008.11.14 13:23:51.544,1.5466,1.5473,1.00,1.20
2008.11.14 13:23:51.883,1.5465,1.5472,1.00,1.20
2008.11.14 13:23:52.343,1.54655,1.54725,1.00,1.20
2008.11.14 13:23:52.624,1.5466,1.54725,1.00,1.20
2008.11.14 13:23:52.973,1.5466,1.54734,1.00,1.00
2008.11.14 13:23:53.224,1.54665,1.54735,2.10,2.40
2008.11.14 13:23:53.453,1.54665,1.5474,2.10,2.40
2008.11.14 13:23:53.923,1.5467,1.54745,1.20,2.40
2008.11.14 13:23:54.223,1.54675,1.54755,1.20,2.40
2008.11.14 13:23:54.803,1.54685,1.5477,1.00,3.60
2008.11.14 13:23:55.293,1.5468,1.54765,1.80,2.40
2008.11.14 13:23:55.703,1.5468,1.54765,1.20,3.60
2008.11.14 13:23:56.102,1.54675,1.54765,2.10,3.60
2008.11.14 13:23:56.572,1.5468,1.54765,1.00,2.40
2008.11.14 13:23:56.782,1.54685,1.54765,1.00,1.20
2008.11.14 13:23:57.082,1.5469,1.54765,1.00,1.20
2008.11.14 13:23:57.582,1.5469,1.5477,1.00,2.40
2008.11.14 13:23:58.622,1.54675,1.5476,2.10,1.20
2008.11.14 13:23:59.032,1.54685,1.5477,1.80,2.40
2008.11.14 13:23:59.611,1.54685,1.54765,1.20,1.20
2008.11.14 13:23:59.952,1.5468,1.54765,2.10,1.20
2008.11.14 13:24:01.111,1.5468,1.5476,1.20,2.40
2008.11.14 13:24:01.461,1.54675,1.5476,2.10,3.60
2008.11.14 13:24:01.801,1.54675,1.54755,1.20,1.20
2008.11.14 13:24:02.261,1.54655,1.54745,3.30,1.20
2008.11.14 13:24:02.671,1.5465,1.54735,2.10,1.20
2008.11.14 13:24:03.081,1.54645,1.5473,1.50,2.40
2008.11.14 13:24:03.541,1.5464,1.5471,2.10,1.20
2008.11.14 13:24:03.881,1.54625,1.5471,2.10,2.40
2008.11.14 13:24:04.500,1.54625,1.547,1.20,2.40
2008.11.14 13:24:05.130,1.54595,1.5468,2.10,1.20
2008.11.14 13:24:05.650,1.5459,1.5467,1.20,1.20
2008.11.14 13:24:06.040,1.5458,1.54655,1.00,1.20
2008.11.14 13:24:06.620,1.5458,1.5466,1.00,2.40
2008.11.14 13:24:06.950,1.54585,1.5465,1.20,1.20
2008.11.14 13:24:07.230,1.5458,1.5465,1.20,1.20
2008.11.14 13:24:07.730,1.54575,1.54655,1.00,1.20
2008.11.14 13:24:08.010,1.54585,1.54655,1.00,1.20
2008.11.14 13:24:08.750,1.546,1.5465,1.00,1.20
2008.11.14 13:24:08.979,1.54605,1.5466,2.10,1.20
2008.11.14 13:24:09.609,1.54635,1.54665,1.20,1.20
2008.11.14 13:24:10.069,1.54615,1.5465,2.40,1.20
2008.11.14 13:24:10.529,1.5462,1.5466,2.40,1.20
2008.11.14 13:24:10.889,1.54655,1.54725,1.00,1.20
2008.11.14 13:24:11.419,1.5466,1.54725,1.00,1.20
2008.11.14 13:24:12.049,1.5466,1.54745,2.10,1.20
2008.11.14 13:24:12.378,1.5467,1.54699,1.80,1.00
2008.11.14 13:24:12.719,1.5466,1.54699,1.00,1.00
2008.11.14 13:24:13.119,1.5468,1.54725,1.00,1.00
2008.11.14 13:24:13.458,1.5468,1.5475,1.00,2.40
2008.11.14 13:24:14.098,1.5468,1.5475,2.10,1.20
2008.11.14 13:24:14.488,1.54685,1.5476,1.00,2.40
2008.11.14 13:24:15.128,1.5469,1.5471,1.50,1.20
2008.11.14 13:24:15.798,1.54705,1.5476,1.00,1.20
2008.11.14 13:24:16.248,1.5469,1.5477,2.10,1.20
2008.11.14 13:24:16.647,1.5469,1.54765,1.20,1.20
2008.11.14 13:24:16.988,1.5469,1.54765,2.10,1.20
2008.11.14 13:24:17.447,1.54685,1.54765,2.10,1.20
2008.11.14 13:24:18.027,1.54685,1.54764,2.10,1.00
2008.11.14 13:24:18.367,1.54685,1.54704,1.20,1.00
2008.11.14 13:24:18.777,1.5465,1.5469,1.20,1.20
2008.11.14 13:24:19.177,1.5466,1.5469,1.20,1.20
2008.11.14 13:24:19.707,1.5467,1.5469,1.20,1.20
2008.11.14 13:24:20.167,1.54675,1.5469,1.20,1.20
2008.11.14 13:24:20.637,1.54625,1.5472,2.40,1.20
2008.11.14 13:24:21.166,1.54625,1.54695,1.20,1.20
2008.11.14 13:24:21.576,1.54635,1.54695,1.20,1.20
2008.11.14 13:24:22.316,1.54635,1.54735,1.20,1.20
2008.11.14 13:24:22.657,1.5464,1.54735,1.20,1.20
2008.11.14 13:24:23.306,1.5465,1.54745,1.20,1.20
2008.11.14 13:24:23.696,1.5465,1.5475,1.20,1.20
2008.11.14 13:24:24.336,1.5467,1.54755,1.20,1.20
2008.11.14 13:24:24.796,1.54645,1.54745,1.20,1.20
2008.11.14 13:24:25.375,1.5464,1.54735,1.20,1.20
2008.11.14 13:24:25.785,1.5463,1.54725,2.40,1.20
2008.11.14 13:24:26.165,1.5465,1.5475,1.20,1.20
2008.11.14 13:24:26.565,1.5466,1.5476,1.20,3.60
2008.11.14 13:24:26.965,1.54655,1.54755,1.20,1.20
2008.11.14 13:24:27.475,1.5466,1.5476,1.20,2.40
2008.11.14 13:24:27.875,1.5466,1.5476,1.20,1.20
2008.11.14 13:24:28.265,1.5466,1.5476,1.20,2.40
2008.11.14 13:24:29.005,1.5467,1.5476,1.00,3.60
2008.11.14 13:24:29.775,1.54675,1.54755,1.00,1.20
2008.11.14 13:24:30.344,1.54675,1.54755,2.10,1.20
2008.11.14 13:24:31.384,1.5466,1.54745,1.00,2.40
2008.11.14 13:24:32.784,1.54675,1.54745,1.00,1.20
2008.11.14 13:24:33.893,1.54675,1.5476,2.10,1.20
2008.11.14 13:24:34.413,1.54685,1.54765,1.00,2.40
2008.11.14 13:24:35.693,1.54695,1.54765,2.10,1.20
2008.11.14 13:24:36.043,1.54685,1.54765,1.00,2.40
2008.11.14 13:24:36.723,1.5468,1.54705,1.80,1.20
2008.11.14 13:24:37.123,1.54665,1.5475,1.00,2.40
2008.11.14 13:24:37.472,1.54655,1.54755,1.20,1.20
2008.11.14 13:24:37.822,1.54665,1.5475,1.20,1.20
2008.11.14 13:24:38.153,1.5467,1.5475,1.00,1.20
2008.11.14 13:24:38.562,1.5467,1.5475,2.10,1.20
2008.11.14 13:24:39.472,1.5467,1.5475,1.50,1.20
2008.11.14 13:24:39.812,1.54675,1.5475,2.10,1.20
2008.11.14 13:24:40.282,1.5468,1.54715,2.10,1.20
2008.11.14 13:24:40.622,1.54685,1.54755,1.20,1.20
2008.11.14 13:24:41.242,1.54675,1.54755,1.00,1.20
2008.11.14 13:24:41.992,1.54675,1.54745,1.00,1.20
2008.11.14 13:24:42.342,1.5467,1.5474,1.80,1.20
2008.11.14 13:24:42.802,1.54675,1.5475,1.00,1.20
2008.11.14 13:24:43.201,1.54675,1.54755,1.50,1.20
2008.11.14 13:24:43.551,1.54675,1.5475,1.00,1.20
2008.11.14 13:24:44.231,1.54675,1.54755,1.00,1.20
2008.11.14 13:24:44.641,1.54675,1.54755,1.00,2.40
2008.11.14 13:24:45.620,1.5468,1.5476,1.00,1.20
2008.11.14 13:24:46.010,1.5468,1.54765,1.00,2.40
2008.11.14 13:24:46.410,1.5468,1.54765,1.00,1.20
2008.11.14 13:24:47.000,1.54685,1.5477,1.00,1.20
2008.11.14 13:24:47.390,1.54695,1.5477,1.00,1.20
2008.11.14 13:24:47.770,1.54705,1.54775,1.00,1.20
2008.11.14 13:24:48.120,1.547,1.54775,1.80,1.20
2008.11.14 13:24:48.450,1.5469,1.54775,2.10,2.40
2008.11.14 13:24:48.790,1.54685,1.5477,2.10,1.20
2008.11.14 13:24:49.210,1.54685,1.5477,1.00,1.20
2008.11.14 13:24:49.570,1.5469,1.54765,1.20,2.40
2008.11.14 13:24:49.900,1.54675,1.54755,1.20,1.20
2008.11.14 13:24:50.829,1.5467,1.54755,3.30,1.20
2008.11.14 13:24:51.279,1.5467,1.54755,1.20,2.40
2008.11.14 13:24:51.629,1.54665,1.5475,2.10,1.20
2008.11.14 13:24:52.189,1.54685,1.54765,1.00,2.40
2008.11.14 13:24:52.819,1.54685,1.54765,1.00,1.20
2008.11.14 13:24:55.358,1.54685,1.54765,1.00,3.60
2008.11.14 13:24:55.638,1.5467,1.5475,2.10,1.20
2008.11.14 13:24:56.968,1.54665,1.54745,1.50,1.20
2008.11.14 13:24:57.148,1.54665,1.5474,1.20,1.20
2008.11.14 13:24:57.948,1.5466,1.5474,1.00,1.20
2008.11.14 13:24:59.857,1.5466,1.54735,1.00,1.20
2008.11.14 13:25:00.307,1.5466,1.5474,1.00,1.20
2008.11.14 13:25:01.537,1.5466,1.54735,1.00,1.20
2008.11.14 13:25:02.066,1.54655,1.54735,1.00,1.20
2008.11.14 13:25:02.856,1.5465,1.54735,1.80,2.40
2008.11.14 13:25:03.376,1.54655,1.54735,1.00,1.20
2008.11.14 13:25:03.746,1.5465,1.54735,1.80,2.40
2008.11.14 13:25:04.106,1.54655,1.54735,1.00,2.40
2008.11.14 13:25:04.396,1.54655,1.54735,1.50,1.20
2008.11.14 13:25:04.697,1.5466,1.5474,1.00,1.20
2008.11.14 13:25:09.385,1.54655,1.54735,2.10,1.20
2008.11.14 13:25:09.735,1.54645,1.54735,3.30,2.40
2008.11.14 13:25:10.185,1.54645,1.54725,2.10,1.20
2008.11.14 13:25:10.424,1.54655,1.54735,1.00,1.20
2008.11.14 13:25:13.494,1.5465,1.54735,1.20,2.40
2008.11.14 13:25:13.904,1.5465,1.54725,1.20,1.20
2008.11.14 13:25:14.184,1.54655,1.54735,1.00,1.20
2008.11.14 13:25:15.263,1.54645,1.54725,2.10,1.20
2008.11.14 13:25:15.713,1.5464,1.54715,2.10,1.20
2008.11.14 13:25:16.103,1.5463,1.54715,1.50,2.40
2008.11.14 13:25:16.783,1.5462,1.54695,2.10,1.20
2008.11.14 13:25:17.133,1.5461,1.54695,1.00,1.20
2008.11.14 13:25:17.763,1.5461,1.54695,2.10,1.20
2008.11.14 13:25:18.582,1.5461,1.54685,1.80,1.20
2008.11.14 13:25:19.032,1.54635,1.54685,1.00,1.20
2008.11.14 13:25:19.422,1.54635,1.547,1.00,1.20
2008.11.14 13:25:19.822,1.5464,1.54705,1.00,2.40
2008.11.14 13:25:20.162,1.54645,1.54705,2.10,1.20
2008.11.14 13:25:21.092,1.5464,1.54705,1.00,2.40
2008.11.14 13:25:22.602,1.5464,1.5472,2.10,1.20
2008.11.14 13:25:23.071,1.5465,1.5473,1.00,2.40
2008.11.14 13:25:23.692,1.5465,1.54735,1.50,1.20
2008.11.14 13:25:24.051,1.54655,1.54735,1.00,2.40
2008.11.14 13:25:24.451,1.5466,1.5474,1.00,2.40
2008.11.14 13:25:24.981,1.54665,1.54745,1.00,2.40
2008.11.14 13:25:25.381,1.5467,1.5475,1.00,2.40
2008.11.14 13:25:25.781,1.5467,1.5475,2.10,1.20
2008.11.14 13:25:27.131,1.54675,1.5475,1.00,1.20
2008.11.14 13:25:27.471,1.5467,1.5475,2.10,1.20
2008.11.14 13:25:27.800,1.5467,1.54745,2.10,1.20
2008.11.14 13:25:28.210,1.5467,1.5475,2.10,2.40
2008.11.14 13:25:28.720,1.54665,1.54735,1.50,1.20
2008.11.14 13:25:29.060,1.5466,1.5473,1.00,1.20
2008.11.14 13:25:29.400,1.5465,1.5473,2.10,1.20
2008.11.14 13:25:29.930,1.5466,1.5474,1.00,2.40
2008.11.14 13:25:30.440,1.54645,1.54725,2.10,1.20
2008.11.14 13:25:31.099,1.54645,1.54725,1.20,2.40
2008.11.14 13:25:31.479,1.5464,1.54715,1.00,1.20
2008.11.14 13:25:31.889,1.5464,1.54725,1.00,1.20
2008.11.14 13:25:32.389,1.54635,1.54715,1.80,1.20
2008.11.14 13:25:32.859,1.54635,1.5472,1.50,1.20
2008.11.14 13:25:33.139,1.54635,1.54715,2.10,1.20
2008.11.14 13:25:33.489,1.54635,1.54715,1.00,1.20
2008.11.14 13:25:34.369,1.5463,1.5471,1.80,1.20
2008.11.14 13:25:34.929,1.54635,1.54715,1.00,2.40
2008.11.14 13:25:35.798,1.5465,1.54715,1.00,1.20
2008.11.14 13:25:36.148,1.54645,1.54725,1.00,2.40
2008.11.14 13:25:36.619,1.54645,1.5473,1.50,3.60
2008.11.14 13:25:37.008,1.54645,1.54725,1.00,1.20
2008.11.14 13:25:37.538,1.54645,1.5472,1.20,1.20
2008.11.14 13:25:38.068,1.5464,1.5472,1.00,2.40
2008.11.14 13:25:38.278,1.5464,1.5472,2.10,1.20
2008.11.14 13:25:40.467,1.5464,1.5472,1.00,1.20
2008.11.14 13:25:41.047,1.54645,1.5472,1.00,1.20
2008.11.14 13:25:41.337,1.54645,1.54725,1.00,2.40
2008.11.14 13:25:41.507,1.54645,1.54725,1.00,1.20
2008.11.14 13:25:42.267,1.54645,1.54735,1.50,4.80
2008.11.14 13:25:42.497,1.54645,1.54735,1.50,3.60
2008.11.14 13:25:42.787,1.5465,1.54735,2.10,2.40
2008.11.14 13:25:43.477,1.5466,1.5474,1.00,2.40
2008.11.14 13:25:43.997,1.5465,1.54735,2.10,1.20
2008.11.14 13:25:44.516,1.54655,1.54735,1.00,1.20
2008.11.14 13:25:44.846,1.5465,1.54735,2.10,1.20
2008.11.14 13:25:45.186,1.5467,1.54735,1.00,1.20
2008.11.14 13:25:45.646,1.5466,1.5474,1.00,2.40
2008.11.14 13:25:46.316,1.54665,1.54745,1.00,3.60
2008.11.14 13:25:46.666,1.5467,1.54745,1.00,1.20
2008.11.14 13:25:47.236,1.54665,1.5474,1.20,1.20
2008.11.14 13:25:47.696,1.54655,1.5474,2.10,1.20
2008.11.14 13:25:49.586,1.5467,1.54745,1.00,1.20
2008.11.14 13:25:49.865,1.5467,1.5475,1.00,3.60
2008.11.14 13:25:51.595,1.5467,1.54745,1.00,1.20
2008.11.14 13:25:52.134,1.54665,1.5474,1.00,1.20
2008.11.14 13:25:52.424,1.54665,1.54745,1.00,2.40
2008.11.14 13:25:53.005,1.5466,1.54745,1.50,2.40
2008.11.14 13:25:53.304,1.5466,1.54745,2.10,3.60
2008.11.14 13:25:53.414,1.54655,1.5474,1.50,2.40
2008.11.14 13:25:53.584,1.54655,1.5474,1.00,2.40
2008.11.14 13:25:53.754,1.54655,1.5474,1.00,1.20
2008.11.14 13:25:54.184,1.5465,1.5474,2.10,2.40
2008.11.14 13:25:54.594,1.5465,1.5474,2.10,2.40
2008.11.14 13:25:55.324,1.54655,1.54735,1.00,1.00
2008.11.14 13:25:55.564,1.54655,1.54745,1.00,4.80
2008.11.14 13:25:55.903,1.5466,1.54745,1.00,2.40
2008.11.14 13:25:56.323,1.5466,1.54745,1.20,3.60
2008.11.14 13:25:56.673,1.54645,1.5472,1.00,1.20
2008.11.14 13:25:57.703,1.54645,1.5472,1.00,2.40
2008.11.14 13:25:58.113,1.5464,1.5471,2.10,1.20
2008.11.14 13:25:58.623,1.5464,1.5471,1.00,1.20
2008.11.14 13:25:59.353,1.5463,1.54705,2.10,1.20
2008.11.14 13:25:59.764,1.54635,1.5471,1.20,1.20
2008.11.14 13:26:00.342,1.54635,1.5471,2.10,1.20
2008.11.14 13:26:00.852,1.54635,1.5471,3.30,1.20
2008.11.14 13:26:01.262,1.54645,1.5472,1.80,1.20
2008.11.14 13:26:01.592,1.54635,1.54705,2.10,1.20
2008.11.14 13:26:02.762,1.5464,1.54715,2.10,1.20
2008.11.14 13:26:03.692,1.5465,1.5472,1.00,2.40
2008.11.14 13:26:04.131,1.54655,1.5474,2.10,3.60
2008.11.14 13:26:04.671,1.54655,1.5474,2.10,2.40
2008.11.14 13:26:06.941,1.5465,1.54735,1.20,2.40
2008.11.14 13:26:08.251,1.5465,1.54735,2.40,2.40
2008.11.14 13:26:10.181,1.5465,1.54735,1.20,2.40
2008.11.14 13:26:10.291,1.5465,1.5473,1.20,1.20
2008.11.14 13:26:10.530,1.54645,1.5473,3.60,2.40
2008.11.14 13:26:10.690,1.5465,1.5473,1.20,1.00
2008.11.14 13:26:10.860,1.5465,1.54735,1.20,2.40
2008.11.14 13:26:12.020,1.5466,1.54745,1.20,1.20
2008.11.14 13:26:20.308,1.5467,1.54745,1.20,1.20
2008.11.14 13:26:20.548,1.54675,1.5475,1.20,1.20
2008.11.14 13:26:21.977,1.54675,1.54755,2.40,2.40
2008.11.14 13:26:22.197,1.54675,1.5475,1.20,1.20
2008.11.14 13:26:22.767,1.5467,1.5475,1.20,1.20
2008.11.14 13:26:23.047,1.54675,1.5475,1.20,1.20
2008.11.14 13:26:23.457,1.54675,1.54755,1.20,2.40
2008.11.14 13:26:28.546,1.5467,1.5475,2.40,1.20
2008.11.14 13:26:28.895,1.5467,1.5475,1.20,1.20
2008.11.14 13:26:29.926,1.5467,1.5475,2.40,2.40
2008.11.14 13:26:30.385,1.5467,1.5475,1.20,1.20
2008.11.14 13:26:30.785,1.5466,1.5475,1.20,2.40
2008.11.14 13:26:31.185,1.5467,1.5475,1.20,1.20
2008.11.14 13:26:32.225,1.5467,1.5474,1.20,1.20
2008.11.14 13:26:32.625,1.54675,1.5473,1.20,1.20
2008.11.14 13:26:32.865,1.54655,1.5473,2.40,1.20
2008.11.14 13:26:33.624,1.54655,1.5473,1.20,1.20
2008.11.14 13:26:33.795,1.54645,1.54725,1.20,1.20
2008.11.14 13:26:34.125,1.54645,1.54725,2.40,1.20
2008.11.14 13:26:34.475,1.5464,1.5472,2.40,1.20
2008.11.14 13:26:34.764,1.54635,1.54715,2.40,1.20
2008.11.14 13:26:35.274,1.5464,1.5472,2.40,1.20
2008.11.14 13:26:35.744,1.5464,1.5472,1.20,2.40
2008.11.14 13:26:37.004,1.54645,1.5472,1.20,1.20
2008.11.14 13:26:37.574,1.5464,1.5472,1.20,2.40
2008.11.14 13:26:39.004,1.5464,1.5472,1.20,3.60
2008.11.14 13:26:39.793,1.5464,1.54715,1.20,1.20
2008.11.14 13:26:40.093,1.54635,1.547,1.20,1.20
2008.11.14 13:26:40.553,1.54615,1.54695,2.40,2.40
2008.11.14 13:26:40.843,1.5461,1.5469,1.20,2.40
2008.11.14 13:26:41.593,1.54605,1.5468,1.20,1.20
2008.11.14 13:26:42.303,1.54605,1.54674,1.20,1.00
2008.11.14 13:26:43.482,1.54605,1.54679,1.20,1.00
2008.11.14 13:26:44.002,1.54615,1.54689,1.20,1.00
2008.11.14 13:26:44.392,1.5463,1.54699,1.20,1.00
2008.11.14 13:26:44.802,1.5462,1.54699,1.20,1.00
2008.11.14 13:26:45.282,1.5462,1.54695,2.40,1.00
2008.11.14 13:26:46.151,1.54635,1.54695,1.20,1.00
2008.11.14 13:26:46.612,1.54615,1.54689,1.20,1.00
2008.11.14 13:26:48.401,1.54635,1.54695,1.20,1.20
2008.11.14 13:26:48.641,1.54635,1.547,1.20,1.20
2008.11.14 13:26:49.041,1.54645,1.54699,1.20,1.00
2008.11.14 13:26:49.421,1.5462,1.54699,2.40,1.00
2008.11.14 13:26:50.050,1.5462,1.547,3.00,1.20
2008.11.14 13:26:50.351,1.5463,1.54695,1.20,1.00
2008.11.14 13:26:50.771,1.5464,1.547,1.20,1.00
2008.11.14 13:26:51.170,1.5463,1.5471,3.00,1.20
2008.11.14 13:26:51.610,1.54635,1.54714,1.20,1.00
2008.11.14 13:26:52.900,1.54635,1.54705,2.40,1.00
2008.11.14 13:26:53.340,1.54655,1.5471,1.20,1.00
2008.11.14 13:26:54.750,1.54635,1.54714,1.20,1.00
2008.11.14 13:26:55.839,1.5463,1.5471,2.40,3.60
2008.11.14 13:26:56.239,1.54645,1.547,1.20,1.20
2008.11.14 13:26:56.539,1.5462,1.547,3.60,1.20
2008.11.14 13:26:57.399,1.54625,1.547,1.20,1.20
2008.11.14 13:26:57.619,1.5463,1.5471,1.20,2.40
2008.11.14 13:26:58.369,1.54625,1.547,2.40,1.20
2008.11.14 13:26:58.768,1.5462,1.547,1.20,1.20
2008.11.14 13:26:59.908,1.5462,1.547,2.40,1.20
2008.11.14 13:27:00.248,1.5463,1.54705,1.20,1.20
2008.11.14 13:27:00.428,1.5462,1.547,2.40,1.20
2008.11.14 13:27:00.768,1.5462,1.5471,1.20,2.40
2008.11.14 13:27:03.427,1.5462,1.547,1.20,1.20
2008.11.14 13:27:04.817,1.5461,1.5469,1.20,1.20
2008.11.14 13:27:07.086,1.54605,1.54655,1.20,1.20
2008.11.14 13:27:07.316,1.54585,1.54655,1.20,1.20
2008.11.14 13:27:10.836,1.5458,1.54655,2.40,1.20
2008.11.14 13:27:11.235,1.5458,1.54655,1.20,1.20
2008.11.14 13:27:13.365,1.5458,1.54649,1.20,1.00
2008.11.14 13:27:13.655,1.54575,1.54645,2.40,1.20
2008.11.14 13:27:13.775,1.54575,1.54645,1.20,1.20
2008.11.14 13:27:14.375,1.5458,1.5464,1.20,1.00
2008.11.14 13:27:16.164,1.5458,1.5464,2.40,1.00
2008.11.14 13:27:16.614,1.54585,1.54655,1.20,1.20
2008.11.14 13:27:19.184,1.5458,1.54655,3.60,1.20
2008.11.14 13:27:19.413,1.54585,1.54655,1.20,1.20
2008.11.14 13:27:22.123,1.54585,1.54655,2.40,1.20
2008.11.14 13:27:24.772,1.54585,1.5465,3.60,1.00
2008.11.14 13:27:25.042,1.5459,1.54665,1.20,2.40
2008.11.14 13:27:26.372,1.54585,1.54655,2.40,1.20
2008.11.14 13:27:32.390,1.5461,1.54655,1.20,1.20
2008.11.14 13:27:32.610,1.5463,1.5465,1.20,1.00
2008.11.14 13:27:32.900,1.5463,1.5471,1.20,2.40
2008.11.14 13:27:37.179,1.5463,1.5471,2.40,1.20
2008.11.14 13:27:37.840,1.5464,1.5472,1.20,1.20
2008.11.14 13:27:40.458,1.5464,1.5472,1.20,2.40
2008.11.14 13:27:40.849,1.54635,1.54715,1.20,2.40
2008.11.14 13:27:42.788,1.54655,1.54715,1.00,1.20
2008.11.14 13:27:42.908,1.5466,1.54725,1.20,2.20
2008.11.14 13:27:43.248,1.5466,1.54715,1.20,1.20
2008.11.14 13:27:43.308,1.5461,1.54664,1.20,1.00
2008.11.14 13:27:43.598,1.546,1.54664,2.40,1.00
2008.11.14 13:27:43.768,1.54615,1.5471,2.40,1.20
2008.11.14 13:27:43.998,1.54615,1.54675,2.40,1.20
2008.11.14 13:27:44.178,1.5461,1.54664,1.20,1.00
2008.11.14 13:27:44.357,1.5459,1.54664,2.40,1.00
2008.11.14 13:27:45.967,1.546,1.54664,1.20,1.00
2008.11.14 13:27:46.257,1.546,1.54649,1.20,1.00
2008.11.14 13:27:46.717,1.5458,1.54649,1.20,1.00
2008.11.14 13:27:47.407,1.54585,1.54655,1.20,1.20
2008.11.14 13:27:47.857,1.5459,1.54664,1.20,1.00
2008.11.14 13:27:49.226,1.54585,1.54664,1.20,1.00
2008.11.14 13:27:49.626,1.54575,1.54645,1.20,1.20
2008.11.14 13:27:50.406,1.5458,1.54645,1.20,1.20
2008.11.14 13:27:50.816,1.5458,1.5465,1.20,1.20
2008.11.14 13:27:51.886,1.54575,1.54645,2.40,1.20
2008.11.14 13:27:52.226,1.54635,1.54645,1.00,1.20
2008.11.14 13:27:52.696,1.54615,1.5464,2.40,1.00
2008.11.14 13:27:53.225,1.54615,1.54695,1.20,1.20
2008.11.14 13:27:53.675,1.5464,1.547,1.20,1.20
2008.11.14 13:27:54.315,1.54655,1.5472,1.20,2.40
2008.11.14 13:27:54.435,1.54655,1.5471,1.20,1.20
2008.11.14 13:27:55.125,1.54645,1.5472,1.00,2.40
2008.11.14 13:27:55.575,1.54655,1.54725,1.20,1.20
2008.11.14 13:27:56.085,1.54655,1.5472,1.20,1.20
2008.11.14 13:27:56.314,1.54645,1.5472,1.80,1.20
2008.11.14 13:27:57.014,1.5464,1.5471,1.20,1.20
2008.11.14 13:27:57.414,1.5464,1.54705,1.20,1.20
2008.11.14 13:27:57.704,1.54635,1.54705,1.20,1.20
2008.11.14 13:27:59.484,1.54635,1.54705,2.40,1.20
2008.11.14 13:28:00.254,1.54635,1.547,2.40,1.20
2008.11.14 13:28:00.544,1.54645,1.547,1.20,1.20
2008.11.14 13:28:00.944,1.5463,1.547,1.20,1.20
2008.11.14 13:28:01.513,1.54625,1.54695,2.40,1.20
2008.11.14 13:28:01.864,1.54625,1.54695,1.20,1.20
2008.11.14 13:28:02.253,1.54625,1.54685,1.20,1.20
2008.11.14 13:28:02.763,1.546,1.5469,2.40,1.20
2008.11.14 13:28:03.123,1.54585,1.5467,1.20,1.20
2008.11.14 13:28:04.592,1.54615,1.5468,1.20,1.00
2008.11.14 13:28:04.892,1.54615,1.54685,1.20,1.20
2008.11.14 13:28:06.242,1.54625,1.54695,1.20,1.20
2008.11.14 13:28:06.712,1.54615,1.54685,1.20,1.20
2008.11.14 13:28:07.172,1.54615,1.5469,1.20,1.20
2008.11.14 13:28:07.632,1.54625,1.547,1.20,1.20
2008.11.14 13:28:08.221,1.54625,1.54705,1.20,1.20
2008.11.14 13:28:08.512,1.54635,1.54705,1.20,1.20
2008.11.14 13:28:12.600,1.54635,1.54705,2.40,1.20
2008.11.14 13:28:18.589,1.54635,1.54705,2.40,2.40
2008.11.14 13:28:18.989,1.5463,1.547,1.20,1.20
2008.11.14 13:28:19.269,1.5463,1.54685,1.20,1.20
2008.11.14 13:28:19.729,1.5461,1.54685,1.20,1.20
2008.11.14 13:28:20.399,1.54625,1.54685,1.20,1.20
2008.11.14 13:28:22.249,1.54615,1.54685,1.20,1.20
2008.11.14 13:28:22.978,1.5463,1.54695,1.20,3.60
2008.11.14 13:28:23.388,1.54625,1.54695,1.20,1.20
2008.11.14 13:28:24.308,1.54625,1.54665,1.20,1.20
2008.11.14 13:28:24.768,1.54595,1.5467,2.40,2.40
2008.11.14 13:28:25.118,1.546,1.54675,1.20,1.20
2008.11.14 13:28:28.177,1.546,1.54664,1.20,1.00
2008.11.14 13:28:28.477,1.5458,1.54655,1.20,1.20
2008.11.14 13:28:28.877,1.54595,1.54655,1.20,1.20
2008.11.14 13:28:29.167,1.54595,1.5464,1.20,1.20
2008.11.14 13:28:29.516,1.54595,1.5465,1.20,1.20
2008.11.14 13:28:30.166,1.54575,1.5464,1.20,2.40
2008.11.14 13:28:30.507,1.5458,1.54645,1.00,1.20
2008.11.14 13:28:32.266,1.54585,1.54645,1.20,1.20
2008.11.14 13:28:32.626,1.5454,1.54625,2.40,1.20
2008.11.14 13:28:33.126,1.54535,1.54625,1.20,1.20
2008.11.14 13:28:35.245,1.5452,1.5462,2.40,1.20
2008.11.14 13:28:35.695,1.5452,1.5461,1.20,1.20
2008.11.14 13:28:36.895,1.5452,1.54605,1.20,1.20
2008.11.14 13:28:37.415,1.5452,1.54615,1.20,2.40
2008.11.14 13:28:37.925,1.5451,1.546,1.20,1.20
2008.11.14 13:28:38.454,1.5451,1.54605,1.20,1.20
2008.11.14 13:28:38.845,1.5453,1.54615,1.20,1.20
2008.11.14 13:28:39.294,1.5453,1.54625,1.20,1.20
2008.11.14 13:28:39.804,1.54535,1.54635,1.20,1.20
2008.11.14 13:28:40.304,1.5453,1.54625,1.20,1.20
2008.11.14 13:28:40.764,1.5454,1.5464,1.20,1.20
2008.11.14 13:28:41.154,1.54535,1.54635,1.20,1.20
2008.11.14 13:28:45.693,1.54525,1.54625,2.40,1.20
2008.11.14 13:28:46.153,1.5453,1.5463,1.20,1.20
2008.11.14 13:28:48.052,1.54555,1.5463,1.20,1.20
2008.11.14 13:28:48.222,1.54575,1.5463,1.20,1.20
2008.11.14 13:28:48.272,1.54575,1.5465,1.20,2.40
2008.11.14 13:28:51.331,1.54595,1.54665,1.20,1.20
2008.11.14 13:28:51.851,1.54575,1.5466,1.20,2.40
2008.11.14 13:28:52.141,1.54585,1.5466,1.20,1.20
2008.11.14 13:28:53.081,1.5455,1.546,2.40,1.20
2008.11.14 13:28:53.600,1.5453,1.5461,1.20,2.40
2008.11.14 13:28:54.100,1.5454,1.54615,1.20,3.60
2008.11.14 13:28:54.521,1.5454,1.54615,1.20,2.40
2008.11.14 13:28:54.911,1.54545,1.54615,1.20,1.20
2008.11.14 13:28:55.200,1.54545,1.54629,1.20,1.00
2008.11.14 13:28:55.530,1.54545,1.54625,1.20,1.20
2008.11.14 13:28:56.150,1.54565,1.54625,1.20,1.00
2008.11.14 13:28:56.550,1.54565,1.5465,2.10,2.40
2008.11.14 13:28:56.890,1.5457,1.54655,1.20,2.40
2008.11.14 13:28:57.220,1.5457,1.54655,1.20,3.60
2008.11.14 13:28:58.090,1.5457,1.54655,1.20,2.40
2008.11.14 13:28:58.590,1.5457,1.5466,2.10,2.40
2008.11.14 13:29:00.609,1.5457,1.5465,1.20,2.40
2008.11.14 13:29:00.959,1.54565,1.5465,1.20,3.60
2008.11.14 13:29:01.259,1.54565,1.5465,1.20,2.40
2008.11.14 13:29:01.639,1.5457,1.54655,1.20,3.60
2008.11.14 13:29:01.979,1.5457,1.5465,1.20,1.20
2008.11.14 13:29:02.328,1.54565,1.5465,1.20,3.60
2008.11.14 13:29:03.058,1.54565,1.5464,1.20,1.20
2008.11.14 13:29:03.458,1.54555,1.54635,1.20,1.20
2008.11.14 13:29:03.908,1.5456,1.5464,1.20,1.20
2008.11.14 13:29:05.088,1.5456,1.54645,1.20,4.80
2008.11.14 13:29:05.318,1.5456,1.54645,2.10,1.20
2008.11.14 13:29:05.608,1.54555,1.54645,2.10,2.40
2008.11.14 13:29:06.018,1.5458,1.54645,1.20,1.00
2008.11.14 13:29:06.478,1.5458,1.5466,1.20,4.80
2008.11.14 13:29:06.877,1.5457,1.54654,2.10,1.00
2008.11.14 13:29:07.397,1.54565,1.54645,1.20,1.20
2008.11.14 13:29:07.908,1.5456,1.54645,2.10,1.20
2008.11.14 13:29:08.327,1.5457,1.5464,1.20,1.20
2008.11.14 13:29:08.737,1.5457,1.5466,2.70,2.40
2008.11.14 13:29:09.297,1.54575,1.54665,2.10,3.60
2008.11.14 13:29:09.637,1.5457,1.54645,1.80,1.20
2008.11.14 13:29:09.818,1.5457,1.5466,2.10,1.20
2008.11.14 13:29:10.587,1.54575,1.54665,1.00,3.60
2008.11.14 13:29:10.947,1.54585,1.5467,1.20,1.00
2008.11.14 13:29:11.416,1.54585,1.54685,1.20,1.20
2008.11.14 13:29:11.786,1.546,1.5469,1.00,2.40
2008.11.14 13:29:12.196,1.546,1.5469,2.10,2.40
2008.11.14 13:29:12.486,1.54595,1.54685,2.70,1.20
2008.11.14 13:29:12.946,1.54595,1.54685,2.10,2.40
2008.11.14 13:29:13.356,1.54595,1.54685,3.30,2.40
2008.11.14 13:29:13.776,1.54595,1.5468,2.40,1.20
2008.11.14 13:29:14.046,1.54595,1.5467,2.40,1.20
2008.11.14 13:29:14.266,1.54595,1.5467,1.20,1.20
2008.11.14 13:29:14.856,1.54595,1.54674,1.00,1.00
2008.11.14 13:29:15.076,1.54585,1.54665,1.20,2.40
2008.11.14 13:29:15.476,1.5457,1.5466,5.10,1.20
2008.11.14 13:29:15.955,1.54575,1.5466,1.00,1.20
2008.11.14 13:29:16.355,1.5457,1.5466,3.30,2.40
2008.11.14 13:29:16.685,1.5457,1.5466,4.50,2.40
2008.11.14 13:29:17.905,1.5458,1.54655,1.20,2.40
2008.11.14 13:29:18.295,1.54575,1.54665,1.20,1.20
2008.11.14 13:29:18.795,1.5457,1.54665,2.40,2.40
2008.11.14 13:29:19.025,1.5457,1.54665,2.40,1.20
2008.11.14 13:29:20.154,1.5457,1.5467,2.40,1.20
2008.11.14 13:29:21.904,1.54575,1.5467,1.20,1.20
2008.11.14 13:29:22.254,1.5458,1.5468,1.20,1.20
2008.11.14 13:29:23.625,1.54575,1.5467,1.20,1.20
2008.11.14 13:29:24.433,1.54575,1.54675,1.20,1.20
2008.11.14 13:29:25.183,1.5458,1.5468,1.20,1.20
2008.11.14 13:29:25.643,1.5456,1.5466,3.60,1.20
2008.11.14 13:29:26.213,1.5456,1.54655,3.60,1.20
2008.11.14 13:29:26.613,1.54575,1.5467,1.20,1.20
2008.11.14 13:29:27.163,1.5458,1.54665,1.00,2.40
2008.11.14 13:29:27.633,1.54585,1.54669,1.00,1.00
2008.11.14 13:29:27.983,1.54585,1.54675,1.00,2.40
2008.11.14 13:29:30.062,1.54605,1.54675,1.00,1.20
2008.11.14 13:29:30.362,1.54605,1.54675,1.80,1.20
2008.11.14 13:29:30.762,1.54605,1.5468,1.80,1.20
2008.11.14 13:29:31.152,1.5459,1.5468,1.50,1.20
2008.11.14 13:29:31.452,1.54595,1.5468,1.20,1.20
2008.11.14 13:29:31.802,1.5459,1.5468,1.00,1.20
2008.11.14 13:29:32.711,1.546,1.5468,1.00,1.00
2008.11.14 13:29:33.121,1.546,1.54685,1.00,1.00
2008.11.14 13:29:33.351,1.546,1.5469,2.10,1.20
2008.11.14 13:29:37.181,1.546,1.54695,1.00,1.20
2008.11.14 13:29:38.170,1.54595,1.5469,2.10,1.20
2008.11.14 13:29:38.520,1.54595,1.5469,1.00,1.20
2008.11.14 13:29:39.969,1.5459,1.54665,1.20,1.20
2008.11.14 13:29:40.250,1.54585,1.54665,1.20,1.20
2008.11.14 13:29:40.490,1.5457,1.54665,4.50,1.20
2008.11.14 13:29:40.729,1.5457,1.5468,2.40,1.20
2008.11.14 13:29:41.179,1.5457,1.54679,2.40,1.00
2008.11.14 13:29:42.159,1.5457,1.54675,2.40,1.20
2008.11.14 13:29:42.559,1.5458,1.54675,1.20,1.20
2008.11.14 13:29:44.678,1.5458,1.54689,1.20,1.00
2008.11.14 13:29:46.178,1.54565,1.54689,3.60,1.00
2008.11.14 13:29:46.698,1.5458,1.5469,1.20,1.20
2008.11.14 13:29:47.738,1.54575,1.54675,1.20,2.40
2008.11.14 13:29:48.088,1.5459,1.54675,1.20,2.40
2008.11.14 13:29:48.318,1.5458,1.54675,2.40,2.40
2008.11.14 13:29:50.857,1.5459,1.54675,1.20,2.40
2008.11.14 13:29:52.127,1.5458,1.54675,2.40,2.40
2008.11.14 13:29:52.357,1.5457,1.54675,2.40,2.40
2008.11.14 13:29:55.576,1.5457,1.54675,2.40,1.20
2008.11.14 13:29:55.866,1.5457,1.5471,2.40,2.40
2008.11.14 13:29:57.165,1.54565,1.5472,1.20,2.40
2008.11.14 13:29:57.405,1.5455,1.54715,3.60,1.20
2008.11.14 13:29:57.575,1.5455,1.54715,3.60,1.20
2008.11.14 13:29:58.435,1.54555,1.54715,1.20,1.20
2008.11.14 13:29:58.655,1.5455,1.54715,2.40,1.20
2008.11.14 13:30:00.625,1.5455,1.54705,2.40,1.20
2008.11.14 13:30:00.895,1.5455,1.5471,2.40,2.20
2008.11.14 13:30:01.215,1.5458,1.5471,1.20,1.00
2008.11.14 13:30:01.814,1.5458,1.5472,1.20,2.40
2008.11.14 13:30:03.654,1.5462,1.5479,1.20,18.00
2008.11.14 13:30:03.994,1.54605,1.5479,1.20,19.20
2008.11.14 13:30:04.804,1.5461,1.5478,1.20,1.20
2008.11.14 13:30:05.203,1.546,1.54735,1.20,1.20
2008.11.14 13:30:05.774,1.5458,1.5476,1.20,2.20
2008.11.14 13:30:06.363,1.5456,1.547,2.40,1.20
2008.11.14 13:30:06.913,1.54605,1.54744,1.20,1.00
2008.11.14 13:30:07.363,1.5458,1.54739,2.40,1.00
2008.11.14 13:30:07.753,1.54615,1.54739,1.20,1.00
2008.11.14 13:30:08.223,1.54615,1.5474,1.20,1.20
2008.11.14 13:30:08.933,1.5468,1.5479,1.20,18.00
2008.11.14 13:30:09.283,1.54625,1.54775,1.20,1.20
2008.11.14 13:30:09.762,1.5463,1.54774,1.20,1.00
2008.11.14 13:30:10.272,1.546,1.54774,1.20,1.00
2008.11.14 13:30:10.792,1.5459,1.54714,4.80,1.00
2008.11.14 13:30:11.152,1.5456,1.5471,1.20,1.20
2008.11.14 13:30:11.502,1.54545,1.5471,1.00,1.20
2008.11.14 13:30:12.302,1.5459,1.5471,1.00,1.20
2008.11.14 13:30:12.922,1.5459,1.5472,2.40,1.00
2008.11.14 13:30:13.202,1.5459,1.5474,1.20,1.20
2008.11.14 13:30:13.931,1.5457,1.54735,1.20,1.20
2008.11.14 13:30:14.281,1.54555,1.54724,1.20,1.00
2008.11.14 13:30:14.681,1.5456,1.54724,3.60,1.00
2008.11.14 13:30:15.101,1.5456,1.54709,2.40,1.00
2008.11.14 13:30:15.451,1.5457,1.54709,2.40,1.00
2008.11.14 13:30:16.421,1.54575,1.54715,1.20,1.20
2008.11.14 13:30:17.331,1.54585,1.54715,1.20,1.20
2008.11.14 13:30:17.801,1.5459,1.54735,1.00,2.40
2008.11.14 13:30:18.210,1.54585,1.54735,1.20,1.20
2008.11.14 13:30:18.450,1.54585,1.54725,1.20,1.20
2008.11.14 13:30:18.860,1.54575,1.54709,1.20,1.00
2008.11.14 13:30:19.260,1.54575,1.5468,1.00,1.20
2008.11.14 13:30:19.660,1.5455,1.54649,1.00,1.00
2008.11.14 13:30:20.010,1.54555,1.54645,1.20,1.00
2008.11.14 13:30:20.310,1.5455,1.54645,1.80,1.00
2008.11.14 13:30:21.699,1.5456,1.54645,1.00,1.00
2008.11.14 13:30:22.099,1.54575,1.54665,1.00,1.00
2008.11.14 13:30:22.390,1.54575,1.54669,1.80,1.00
2008.11.14 13:30:24.609,1.546,1.5468,1.20,2.40
2008.11.14 13:30:24.899,1.5461,1.5468,1.20,1.00
2008.11.14 13:30:25.649,1.5461,1.54684,1.20,1.00
2008.11.14 13:30:26.108,1.54625,1.547,1.20,1.20
2008.11.14 13:30:26.398,1.54625,1.54685,1.20,1.20
2008.11.14 13:30:26.788,1.54615,1.54685,1.20,1.20
2008.11.14 13:30:27.478,1.5461,1.54685,1.20,1.20
2008.11.14 13:30:28.438,1.54615,1.54695,1.00,1.20
2008.11.14 13:30:28.938,1.5463,1.54685,1.20,1.20
2008.11.14 13:30:29.388,1.546,1.5468,1.20,2.40
2008.11.14 13:30:29.777,1.546,1.5468,1.20,1.20
2008.11.14 13:30:30.458,1.54615,1.5469,1.20,1.20
2008.11.14 13:30:31.107,1.54615,1.54695,2.10,1.20
2008.11.14 13:30:31.557,1.54615,1.54695,2.40,1.20
2008.11.14 13:30:31.917,1.54605,1.5469,3.30,2.40
2008.11.14 13:30:32.447,1.546,1.5463,1.80,1.20
2008.11.14 13:30:32.727,1.5458,1.5462,1.20,1.20
2008.11.14 13:30:33.037,1.5458,1.54625,1.20,2.40
2008.11.14 13:30:34.007,1.5458,1.5459,1.20,1.20
2008.11.14 13:30:34.346,1.5459,1.54594,1.20,1.80
2008.11.14 13:30:34.626,1.5456,1.5458,2.40,1.20
2008.11.14 13:30:35.447,1.545,1.5458,2.40,1.20
2008.11.14 13:30:37.506,1.54485,1.5456,1.20,1.20
2008.11.14 13:30:38.215,1.545,1.5451,1.20,2.40
2008.11.14 13:30:38.675,1.5437,1.54485,1.20,1.20
2008.11.14 13:30:38.905,1.54355,1.5447,1.20,1.20
2008.11.14 13:30:39.255,1.54505,1.5451,1.20,2.00
2008.11.14 13:30:40.065,1.5436,1.54445,2.00,1.20
2008.11.14 13:30:40.855,1.54505,1.5451,1.20,2.60
2008.11.14 13:30:41.285,1.5449,1.54494,1.20,2.60
2008.11.14 13:30:41.665,1.5448,1.54494,1.20,2.60
2008.11.14 13:30:42.714,1.5438,1.5445,1.20,2.70
2008.11.14 13:30:43.174,1.5437,1.5445,1.20,3.00
2008.11.14 13:30:43.494,1.54355,1.5436,1.20,1.90
2008.11.14 13:30:43.884,1.5436,1.5443,1.20,2.70
2008.11.14 13:30:44.164,1.5436,1.54455,1.20,2.80
2008.11.14 13:30:44.824,1.54345,1.54425,1.20,1.20
2008.11.14 13:30:45.154,1.5434,1.54425,1.20,1.20
2008.11.14 13:30:45.824,1.54325,1.54425,1.20,1.20
2008.11.14 13:30:46.303,1.54335,1.5442,1.20,1.20
2008.11.14 13:30:46.643,1.5432,1.5442,2.40,1.20
2008.11.14 13:30:47.153,1.5433,1.5443,1.20,1.20
2008.11.14 13:30:47.633,1.5432,1.54405,1.20,1.20
2008.11.14 13:30:48.323,1.5434,1.54415,1.20,1.20
2008.11.14 13:30:48.713,1.54315,1.54415,1.20,1.20
2008.11.14 13:30:48.993,1.5432,1.5442,1.20,2.40
2008.11.14 13:30:49.333,1.5432,1.5442,2.40,1.20
2008.11.14 13:30:49.743,1.5432,1.5442,2.40,2.40
2008.11.14 13:30:50.333,1.54325,1.54425,1.20,1.20
2008.11.14 13:30:50.903,1.5432,1.54415,2.40,1.20
2008.11.14 13:30:51.383,1.54325,1.54425,1.20,1.20
2008.11.14 13:30:51.732,1.54355,1.5443,1.20,1.20
2008.11.14 13:30:52.292,1.54355,1.5444,1.20,1.20
2008.11.14 13:30:52.842,1.5436,1.5445,1.20,1.20
2008.11.14 13:30:53.242,1.54345,1.54435,1.20,1.20
2008.11.14 13:30:53.882,1.54335,1.54425,1.00,2.40
2008.11.14 13:30:54.371,1.54335,1.54415,1.00,1.20
2008.11.14 13:30:54.721,1.5433,1.5442,2.10,2.40
2008.11.14 13:30:55.121,1.5434,1.5442,1.00,1.20
2008.11.14 13:30:55.811,1.54355,1.5442,1.00,1.00
2008.11.14 13:30:56.151,1.54355,1.54435,1.00,1.20
2008.11.14 13:30:56.561,1.54375,1.5445,1.80,1.20
2008.11.14 13:30:56.972,1.54385,1.54445,1.00,1.20
2008.11.14 13:30:57.301,1.5438,1.5444,2.10,1.20
2008.11.14 13:30:57.641,1.54375,1.54445,2.70,1.20
2008.11.14 13:30:58.051,1.54375,1.54455,2.10,1.20
2008.11.14 13:30:58.741,1.54365,1.5445,2.10,1.20
2008.11.14 13:30:59.181,1.54355,1.54445,2.10,2.40
2008.11.14 13:30:59.461,1.54355,1.54445,1.00,2.40
2008.11.14 13:30:59.751,1.5435,1.5444,1.00,3.60
2008.11.14 13:31:00.100,1.54345,1.5443,2.10,1.20
2008.11.14 13:31:00.820,1.5434,1.54425,1.80,2.40
2008.11.14 13:31:01.220,1.54335,1.5442,1.20,3.60
2008.11.14 13:31:01.570,1.54325,1.54415,2.70,2.40
2008.11.14 13:31:02.030,1.5432,1.54405,2.10,1.20
2008.11.14 13:31:02.370,1.5433,1.54415,1.20,2.40
2008.11.14 13:31:02.840,1.5433,1.54395,1.00,1.00
2008.11.14 13:31:03.189,1.5431,1.5439,1.20,2.40
2008.11.14 13:31:03.920,1.54365,1.5439,1.20,2.40
2008.11.14 13:31:04.259,1.5436,1.544,1.20,3.40
2008.11.14 13:31:04.999,1.54365,1.544,1.20,1.20
2008.11.14 13:31:05.289,1.54365,1.54425,1.20,2.40
2008.11.14 13:31:05.649,1.54365,1.5444,1.80,1.20
2008.11.14 13:31:05.999,1.54365,1.5444,1.50,1.20
2008.11.14 13:31:06.349,1.5436,1.54435,2.10,2.40
2008.11.14 13:31:06.769,1.5437,1.5443,1.00,1.20
2008.11.14 13:31:07.069,1.5436,1.5443,2.10,1.20
2008.11.14 13:31:07.528,1.5437,1.5444,2.10,1.20
2008.11.14 13:31:08.068,1.5437,1.5444,2.10,2.40
2008.11.14 13:31:08.979,1.5437,1.5442,2.10,1.20
2008.11.14 13:31:09.608,1.5434,1.54405,2.10,1.20
2008.11.14 13:31:09.998,1.54335,1.54395,2.10,1.20
2008.11.14 13:31:10.618,1.54335,1.54395,1.20,1.20
2008.11.14 13:31:10.678,1.54335,1.54395,1.20,2.40
2008.11.14 13:31:11.138,1.5433,1.54395,1.00,1.20
2008.11.14 13:31:12.157,1.54305,1.54365,1.80,1.20
2008.11.14 13:31:12.838,1.54295,1.54345,1.20,1.20
2008.11.14 13:31:13.407,1.5432,1.5435,1.20,1.00
2008.11.14 13:31:13.757,1.5434,1.5435,1.20,2.40
2008.11.14 13:31:14.337,1.54345,1.5435,1.20,1.20
2008.11.14 13:31:14.737,1.5435,1.54365,1.20,5.30
2008.11.14 13:31:15.487,1.5424,1.54305,2.10,1.20
2008.11.14 13:31:15.837,1.5421,1.5426,1.20,1.20
2008.11.14 13:31:16.376,1.5418,1.5426,2.10,1.20
2008.11.14 13:31:16.836,1.5418,1.5425,2.10,1.20
2008.11.14 13:31:17.346,1.5416,1.5423,1.80,1.20
2008.11.14 13:31:17.746,1.5415,1.54225,6.00,1.20
2008.11.14 13:31:18.037,1.5415,1.54219,8.10,1.00
2008.11.14 13:31:18.496,1.54175,1.54219,2.10,1.00
2008.11.14 13:31:19.185,1.54275,1.5428,1.20,7.30
2008.11.14 13:31:19.636,1.5426,1.54265,1.20,5.50
2008.11.14 13:31:20.035,1.54265,1.5427,1.20,3.30
2008.11.14 13:31:20.316,1.54245,1.5425,1.20,1.20
2008.11.14 13:31:20.655,1.54255,1.54265,1.20,1.20
2008.11.14 13:31:21.015,1.5426,1.54265,1.20,1.20
2008.11.14 13:31:21.515,1.54245,1.54275,1.20,1.20
2008.11.14 13:31:21.855,1.5422,1.54275,1.20,1.20
2008.11.14 13:31:22.435,1.5421,1.54275,2.10,1.20
2008.11.14 13:31:22.775,1.5422,1.5428,1.00,1.20
2008.11.14 13:31:23.165,1.5423,1.54265,1.50,1.20
2008.11.14 13:31:23.825,1.54205,1.5426,1.50,1.20
2008.11.14 13:31:24.055,1.54205,1.5425,2.10,1.20
2008.11.14 13:31:24.464,1.542,1.5423,1.50,1.20
2008.11.14 13:31:24.885,1.54225,1.54275,1.00,2.00
2008.11.14 13:31:25.344,1.54225,1.54285,2.10,1.20
2008.11.14 13:31:25.684,1.54215,1.54225,2.10,1.20
2008.11.14 13:31:26.034,1.5422,1.54245,1.00,1.20
2008.11.14 13:31:26.414,1.54225,1.5426,1.00,1.20
2008.11.14 13:31:26.754,1.54225,1.54255,1.00,1.20
2008.11.14 13:31:27.084,1.54225,1.54265,1.00,1.20
2008.11.14 13:31:27.904,1.5421,1.54275,2.10,2.40
2008.11.14 13:31:28.353,1.5425,1.54275,1.00,1.20
2008.11.14 13:31:29.004,1.54255,1.54275,1.00,1.20
2008.11.14 13:31:29.763,1.5426,1.543,1.20,1.20
2008.11.14 13:31:30.223,1.543,1.5436,1.20,5.20
2008.11.14 13:31:30.553,1.54295,1.5436,1.20,5.20
2008.11.14 13:31:30.773,1.5427,1.54275,2.90,1.20
2008.11.14 13:31:31.233,1.54315,1.5436,1.20,5.20
2008.11.14 13:31:32.033,1.54325,1.5436,1.20,5.20
2008.11.14 13:31:32.393,1.54335,1.5436,1.20,5.20
2008.11.14 13:31:32.752,1.543,1.5436,4.10,5.20
2008.11.14 13:31:33.282,1.54335,1.5436,1.20,6.00
2008.11.14 13:31:33.752,1.54265,1.5429,7.70,1.20
2008.11.14 13:31:34.032,1.5431,1.54315,2.00,1.20
2008.11.14 13:31:34.612,1.54315,1.54335,2.00,1.20
2008.11.14 13:31:34.902,1.54345,1.5436,1.20,5.20
2008.11.14 13:31:35.242,1.54345,1.5436,1.20,6.00
2008.11.14 13:31:36.212,1.54335,1.5436,1.20,6.00
2008.11.14 13:31:36.492,1.54325,1.5436,1.20,6.00
2008.11.14 13:31:37.011,1.54335,1.5436,1.20,6.00
2008.11.14 13:31:37.631,1.54295,1.5436,1.20,6.00
2008.11.14 13:31:38.091,1.54305,1.5436,1.20,6.00
2008.11.14 13:31:38.721,1.543,1.5436,2.40,6.00
2008.11.14 13:31:39.012,1.54305,1.5436,1.20,6.00
2008.11.14 13:31:39.471,1.5431,1.5436,1.20,6.00
2008.11.14 13:31:39.701,1.54305,1.5436,1.20,6.00
2008.11.14 13:31:40.391,1.5432,1.5436,1.20,6.00
2008.11.14 13:31:41.090,1.54315,1.5436,1.20,6.00
2008.11.14 13:31:41.910,1.54325,1.5436,1.20,6.00
2008.11.14 13:31:43.520,1.54325,1.5436,2.40,6.00
2008.11.14 13:31:44.030,1.54325,1.5436,1.20,6.00
2008.11.14 13:31:44.430,1.5435,1.5436,1.20,6.00
2008.11.14 13:31:45.299,1.5436,1.5439,1.20,10.00
2008.11.14 13:31:45.590,1.5436,1.54425,1.20,1.20
2008.11.14 13:31:46.509,1.54365,1.54425,1.20,1.20
2008.11.14 13:31:46.859,1.54355,1.54425,2.40,1.20
2008.11.14 13:31:47.319,1.5435,1.54425,1.20,1.20
2008.11.14 13:31:47.659,1.5434,1.54405,4.80,1.20
2008.11.14 13:31:48.129,1.5434,1.54405,1.20,1.20
2008.11.14 13:31:48.349,1.54365,1.54405,1.20,1.20
2008.11.14 13:31:48.699,1.54345,1.54405,1.20,1.20
2008.11.14 13:31:49.058,1.5434,1.54405,1.20,1.20
2008.11.14 13:31:49.468,1.54335,1.54405,1.20,1.20
2008.11.14 13:31:49.938,1.54345,1.5443,1.20,2.40
2008.11.14 13:31:50.288,1.5437,1.5443,1.20,1.20
2008.11.14 13:31:50.648,1.5434,1.5442,3.60,1.20
2008.11.14 13:31:51.288,1.5437,1.54429,1.20,1.00
2008.11.14 13:31:51.628,1.54365,1.5444,1.20,1.20
2008.11.14 13:31:52.138,1.5436,1.5444,1.20,2.40
2008.11.14 13:31:52.668,1.54395,1.54445,1.20,1.20
2008.11.14 13:31:53.067,1.54395,1.5445,1.20,1.20
2008.11.14 13:31:53.427,1.54395,1.5447,1.20,1.00
2008.11.14 13:31:55.647,1.5438,1.5447,2.40,1.00
2008.11.14 13:31:56.147,1.5438,1.5447,1.20,1.00
2008.11.14 13:31:56.566,1.54385,1.5447,1.20,1.00
2008.11.14 13:31:56.926,1.54395,1.5447,1.20,1.00
2008.11.14 13:31:57.277,1.54405,1.5447,1.20,1.00
2008.11.14 13:31:57.986,1.54405,1.545,1.20,1.20
2008.11.14 13:31:59.166,1.5441,1.545,1.20,1.20
2008.11.14 13:32:00.476,1.54415,1.5451,1.20,2.40
2008.11.14 13:32:00.916,1.5441,1.5451,1.20,2.40
2008.11.14 13:32:01.365,1.5442,1.54515,1.20,1.20
2008.11.14 13:32:01.695,1.54425,1.54525,2.40,1.20
2008.11.14 13:32:02.066,1.54425,1.54525,1.20,1.20
2008.11.14 13:32:02.585,1.54445,1.54545,1.20,1.20
2008.11.14 13:32:04.095,1.5445,1.5455,1.20,1.20
2008.11.14 13:32:04.585,1.54455,1.5455,1.20,1.20
2008.11.14 13:32:04.925,1.5446,1.54555,1.20,1.20
2008.11.14 13:32:05.264,1.5448,1.54575,1.20,1.20
2008.11.14 13:32:05.615,1.5449,1.54575,1.20,1.20
2008.11.14 13:32:05.985,1.5451,1.54565,1.20,1.20
2008.11.14 13:32:06.444,1.54515,1.5459,1.20,1.20
2008.11.14 13:32:06.975,1.5453,1.546,1.20,1.20
2008.11.14 13:32:07.374,1.5454,1.5463,1.20,1.20
2008.11.14 13:32:08.064,1.54515,1.54615,1.20,1.20
2008.11.14 13:32:08.584,1.5451,1.5461,1.20,1.20
2008.11.14 13:32:09.133,1.54505,1.5459,1.20,1.20
2008.11.14 13:32:09.594,1.5452,1.54565,1.20,1.20
2008.11.14 13:32:10.344,1.5452,1.54545,1.20,1.20
2008.11.14 13:32:11.083,1.54495,1.5454,1.20,1.20
2008.11.14 13:32:11.483,1.5448,1.54535,1.20,1.20
2008.11.14 13:32:11.893,1.54465,1.54535,1.20,1.20
2008.11.14 13:32:12.233,1.54455,1.5454,1.20,2.40
2008.11.14 13:32:13.183,1.54445,1.5454,1.20,1.20
2008.11.14 13:32:13.473,1.54445,1.54545,1.20,1.20
2008.11.14 13:32:13.942,1.54455,1.54555,1.20,2.40
2008.11.14 13:32:14.292,1.54475,1.54569,1.20,1.00
2008.11.14 13:32:15.052,1.54475,1.54565,1.20,1.20
2008.11.14 13:32:15.392,1.54445,1.54525,2.40,1.20
2008.11.14 13:32:16.092,1.54445,1.54525,1.20,1.20
2008.11.14 13:32:16.532,1.5444,1.5452,2.40,1.20
2008.11.14 13:32:16.992,1.5445,1.5453,2.10,1.20
2008.11.14 13:32:17.752,1.5445,1.5453,2.40,1.20
2008.11.14 13:32:18.021,1.54445,1.54525,2.40,1.20
2008.11.14 13:32:18.751,1.54445,1.54525,3.00,1.20
2008.11.14 13:32:19.102,1.54455,1.5452,2.10,1.20
2008.11.14 13:32:19.381,1.54455,1.5452,1.20,1.20
2008.11.14 13:32:19.791,1.54455,1.54535,1.00,1.20
2008.11.14 13:32:20.131,1.5444,1.5452,3.60,1.20
2008.11.14 13:32:20.421,1.5446,1.5453,1.00,1.20
2008.11.14 13:32:21.121,1.54465,1.5453,2.10,1.20
2008.11.14 13:32:21.481,1.5448,1.5453,1.00,1.20
2008.11.14 13:32:21.831,1.5448,1.54525,1.00,1.20
2008.11.14 13:32:22.410,1.54485,1.54525,1.00,1.20
2008.11.14 13:32:22.880,1.54475,1.54535,1.80,1.20
2008.11.14 13:32:23.291,1.54475,1.5453,1.00,1.20
2008.11.14 13:32:23.640,1.54465,1.5453,1.00,1.20
2008.11.14 13:32:23.870,1.5445,1.5454,1.20,1.20
2008.11.14 13:32:24.270,1.54435,1.54535,3.60,1.20
2008.11.14 13:32:24.660,1.54445,1.5453,1.20,1.20
2008.11.14 13:32:25.700,1.545,1.5454,1.20,1.20
2008.11.14 13:32:25.939,1.545,1.54565,1.20,1.20
2008.11.14 13:32:26.219,1.5449,1.5457,1.20,1.20
2008.11.14 13:32:26.959,1.5449,1.54575,2.40,1.20
2008.11.14 13:32:27.369,1.5449,1.5457,1.20,1.20
2008.11.14 13:32:27.909,1.54485,1.54565,1.20,1.20
2008.11.14 13:32:28.329,1.54495,1.5457,1.20,1.20
2008.11.14 13:32:28.619,1.54495,1.54585,1.20,1.20
2008.11.14 13:32:29.499,1.54495,1.54575,1.20,1.20
2008.11.14 13:32:30.070,1.54495,1.54585,1.20,1.20
2008.11.14 13:32:30.478,1.54485,1.54575,1.20,1.20
2008.11.14 13:32:31.269,1.5448,1.54525,1.20,1.20
2008.11.14 13:32:31.609,1.54475,1.5454,2.10,1.20
2008.11.14 13:32:32.198,1.54485,1.5454,1.20,1.20
2008.11.14 13:32:32.478,1.5449,1.5452,1.20,1.20
2008.11.14 13:32:32.888,1.5448,1.5451,1.20,1.20
2008.11.14 13:32:33.448,1.5447,1.545,1.20,1.20
2008.11.14 13:32:33.728,1.5446,1.545,1.20,1.20
2008.11.14 13:32:34.308,1.5446,1.54495,1.20,1.20
2008.11.14 13:32:34.488,1.54355,1.5445,2.00,1.20
2008.11.14 13:32:35.488,1.5436,1.5446,2.00,1.20
2008.11.14 13:32:36.177,1.54465,1.54475,1.20,2.00
2008.11.14 13:32:36.827,1.5447,1.54485,1.20,2.00
2008.11.14 13:32:37.887,1.54455,1.5446,1.20,1.20
2008.11.14 13:32:38.367,1.54465,1.545,1.20,2.00
2008.11.14 13:32:38.996,1.54455,1.54465,1.20,1.20
2008.11.14 13:32:39.386,1.5446,1.54465,1.20,1.20
2008.11.14 13:32:39.766,1.54455,1.54465,1.20,1.20
2008.11.14 13:32:39.946,1.5445,1.54465,1.20,1.20
2008.11.14 13:32:40.336,1.54465,1.54495,1.20,2.00
2008.11.14 13:32:40.506,1.54435,1.54465,1.20,1.20
2008.11.14 13:32:40.956,1.5443,1.54465,1.20,1.20
2008.11.14 13:32:41.426,1.5442,1.5447,1.20,1.20
2008.11.14 13:32:42.125,1.5437,1.5447,1.20,1.20
2008.11.14 13:32:43.475,1.5438,1.54475,1.20,1.20
2008.11.14 13:32:43.765,1.54385,1.54485,2.40,1.20
2008.11.14 13:32:45.015,1.54395,1.54495,1.20,2.40
2008.11.14 13:32:45.565,1.54385,1.54485,1.20,1.20
2008.11.14 13:32:45.905,1.5441,1.545,1.20,1.20
2008.11.14 13:32:46.475,1.544,1.545,1.20,2.40
2008.11.14 13:32:46.864,1.54415,1.545,1.20,1.20
2008.11.14 13:32:47.614,1.544,1.54495,1.20,1.20
2008.11.14 13:32:48.354,1.54405,1.54505,1.20,2.40
2008.11.14 13:32:49.184,1.54405,1.545,1.20,1.20
2008.11.14 13:32:49.594,1.54405,1.54505,1.20,1.20
2008.11.14 13:32:50.124,1.544,1.545,1.20,1.20
2008.11.14 13:32:50.524,1.5446,1.5452,1.20,1.20
2008.11.14 13:32:51.983,1.5446,1.54535,1.20,1.20
2008.11.14 13:32:52.363,1.5446,1.5453,1.20,1.20
2008.11.14 13:32:52.713,1.54455,1.54525,1.20,1.20
2008.11.14 13:32:53.173,1.54455,1.54535,1.20,1.20
2008.11.14 13:32:53.783,1.54455,1.54535,2.40,1.20
2008.11.14 13:32:54.183,1.5449,1.5454,1.20,1.20
2008.11.14 13:32:54.423,1.54485,1.5454,1.20,1.20
2008.11.14 13:32:54.713,1.54465,1.54535,1.20,1.20
2008.11.14 13:32:55.333,1.5447,1.54535,1.20,1.20
2008.11.14 13:32:56.172,1.54485,1.54535,1.20,1.20
2008.11.14 13:32:56.452,1.54465,1.54545,2.40,2.40
2008.11.14 13:32:56.852,1.54465,1.5454,2.40,1.20
2008.11.14 13:32:57.252,1.5446,1.5449,1.20,1.20
2008.11.14 13:32:57.592,1.54465,1.5449,1.20,1.20
2008.11.14 13:32:58.112,1.54455,1.5449,1.20,1.20
2008.11.14 13:32:58.582,1.5445,1.5449,1.20,1.20
2008.11.14 13:32:58.862,1.5446,1.5449,1.20,1.20
2008.11.14 13:32:59.202,1.54455,1.5448,1.20,1.20
2008.11.14 13:32:59.531,1.5445,1.5448,1.20,1.20
2008.11.14 13:32:59.881,1.54385,1.5448,1.20,1.20
2008.11.14 13:33:00.561,1.54375,1.54475,1.20,1.20
2008.11.14 13:33:01.261,1.54365,1.54465,1.20,1.20
2008.11.14 13:33:01.661,1.54385,1.54475,1.20,1.20
2008.11.14 13:33:02.191,1.5438,1.54475,1.20,1.20
2008.11.14 13:33:02.521,1.5437,1.5447,2.40,1.20
2008.11.14 13:33:03.561,1.5437,1.54455,1.20,1.20
2008.11.14 13:33:04.021,1.5436,1.5445,1.20,1.20
2008.11.14 13:33:04.640,1.5436,1.54445,1.20,1.20
2008.11.14 13:33:04.870,1.54355,1.54445,1.20,1.20
2008.11.14 13:33:05.390,1.5436,1.5446,2.40,1.20
2008.11.14 13:33:05.750,1.5436,1.54455,1.20,1.20
2008.11.14 13:33:06.410,1.5437,1.5446,1.20,1.20
2008.11.14 13:33:06.820,1.5438,1.54465,1.20,1.20
2008.11.14 13:33:07.370,1.5439,1.5448,1.20,1.20
2008.11.14 13:33:07.769,1.54385,1.54485,2.40,1.20
2008.11.14 13:33:09.099,1.5439,1.54485,1.20,1.20
2008.11.14 13:33:09.499,1.5439,1.5449,2.40,2.40
2008.11.14 13:33:09.829,1.5439,1.5449,2.40,1.20
2008.11.14 13:33:10.399,1.54395,1.54495,1.20,1.20
2008.11.14 13:33:10.989,1.54395,1.5449,1.20,1.20
2008.11.14 13:33:11.329,1.54395,1.54495,2.40,2.40
2008.11.14 13:33:11.779,1.54395,1.54495,2.40,1.20
2008.11.14 13:33:12.258,1.54415,1.5451,1.20,1.20
2008.11.14 13:33:12.609,1.54415,1.54505,1.20,1.20
2008.11.14 13:33:13.098,1.54405,1.54505,1.20,1.20
2008.11.14 13:33:13.688,1.54405,1.545,1.20,1.20
2008.11.14 13:33:14.658,1.54415,1.5451,1.20,1.20
2008.11.14 13:33:15.277,1.54415,1.54505,1.20,1.20
2008.11.14 13:33:15.699,1.54415,1.5451,1.20,1.20
2008.11.14 13:33:16.257,1.54425,1.5452,1.20,1.20
2008.11.14 13:33:16.547,1.5442,1.54515,1.20,1.20
2008.11.14 13:33:16.897,1.5442,1.5451,1.20,1.20
2008.11.14 13:33:17.297,1.5442,1.54515,1.20,1.20
2008.11.14 13:33:18.497,1.5442,1.5451,2.40,1.20
2008.11.14 13:33:18.787,1.5443,1.5452,1.20,1.20
2008.11.14 13:33:19.087,1.54445,1.5453,1.20,1.20
2008.11.14 13:33:19.936,1.54445,1.54525,1.20,1.20
2008.11.14 13:33:20.576,1.54445,1.54535,1.20,1.20
2008.11.14 13:33:21.106,1.54445,1.5453,1.20,1.20
2008.11.14 13:33:21.396,1.5444,1.5453,1.20,1.20
2008.11.14 13:33:22.086,1.5444,1.54515,1.20,1.20
2008.11.14 13:33:22.466,1.5443,1.54505,1.20,1.20
2008.11.14 13:33:23.236,1.5444,1.54515,1.00,1.20
2008.11.14 13:33:23.916,1.5444,1.54515,2.10,1.20
2008.11.14 13:33:24.025,1.54445,1.54525,1.20,1.20
2008.11.14 13:33:24.775,1.54455,1.54525,1.20,1.20
2008.11.14 13:33:25.055,1.54475,1.54575,1.20,1.20
2008.11.14 13:33:25.395,1.5448,1.5458,1.20,1.20
2008.11.14 13:33:26.075,1.54485,1.54585,1.20,1.20
2008.11.14 13:33:26.845,1.5449,1.5459,1.20,1.20
2008.11.14 13:33:27.664,1.54485,1.54585,1.20,1.20
2008.11.14 13:33:31.524,1.54485,1.5458,1.20,1.20
2008.11.14 13:33:32.024,1.54485,1.54585,1.20,1.20
2008.11.14 13:33:36.692,1.54485,1.5458,1.20,1.20
2008.11.14 13:33:38.482,1.5448,1.5458,1.20,1.20
2008.11.14 13:33:40.741,1.5449,1.5459,1.20,1.20
2008.11.14 13:33:42.091,1.5448,1.5458,1.20,1.20
2008.11.14 13:33:42.441,1.5446,1.5456,1.20,1.20
2008.11.14 13:33:42.831,1.5448,1.5458,1.20,1.20
2008.11.14 13:33:43.461,1.5448,1.5458,1.20,2.40
2008.11.14 13:33:43.791,1.5449,1.54585,1.20,2.40
2008.11.14 13:33:44.071,1.5448,1.5456,1.20,1.20
2008.11.14 13:33:44.461,1.54465,1.5456,1.20,1.20
2008.11.14 13:33:46.120,1.5447,1.5456,1.20,1.20
2008.11.14 13:33:46.470,1.54465,1.5456,1.20,1.20
2008.11.14 13:33:46.830,1.5446,1.54555,1.20,1.20
2008.11.14 13:33:47.751,1.5446,1.54555,1.20,2.40
2008.11.14 13:33:48.210,1.54435,1.5453,1.20,2.40
2008.11.14 13:33:48.620,1.5444,1.5454,1.20,1.20
2008.11.14 13:33:49.499,1.54445,1.54545,1.20,2.40
2008.11.14 13:33:49.849,1.5444,1.54535,1.20,2.40
2008.11.14 13:33:50.469,1.54435,1.54535,1.20,2.40
2008.11.14 13:33:50.769,1.5442,1.5452,1.20,1.20
2008.11.14 13:33:51.289,1.5443,1.5453,1.20,2.40
2008.11.14 13:33:51.799,1.54425,1.54525,1.20,1.20
2008.11.14 13:33:52.189,1.5442,1.5452,1.20,2.40
2008.11.14 13:33:53.058,1.54415,1.5451,1.20,1.20
2008.11.14 13:33:53.819,1.5442,1.5451,1.20,1.20
2008.11.14 13:33:54.178,1.54405,1.54505,1.20,2.40
2008.11.14 13:33:54.948,1.544,1.54495,1.20,1.20
2008.11.14 13:33:55.408,1.54395,1.5449,1.20,1.20
2008.11.14 13:33:56.378,1.54375,1.54475,1.20,1.20
2008.11.14 13:33:56.788,1.5437,1.54465,1.20,1.20
2008.11.14 13:33:57.248,1.5438,1.5448,1.20,1.20
2008.11.14 13:33:57.587,1.54395,1.54495,1.20,1.20
2008.11.14 13:33:58.717,1.5439,1.5449,1.20,1.20
2008.11.14 13:33:59.567,1.5439,1.54485,1.20,1.20
2008.11.14 13:33:59.857,1.54365,1.54455,1.20,1.20
2008.11.14 13:34:00.837,1.5438,1.54475,1.20,2.40
2008.11.14 13:34:01.317,1.54395,1.54495,1.20,1.20
2008.11.14 13:34:01.666,1.5439,1.5449,1.20,1.20
2008.11.14 13:34:02.576,1.54395,1.54495,1.20,1.20
2008.11.14 13:34:02.976,1.54405,1.545,1.20,1.20
2008.11.14 13:34:03.446,1.5441,1.5451,1.20,1.20
2008.11.14 13:34:04.066,1.54415,1.54515,1.20,1.20
2008.11.14 13:34:05.246,1.54425,1.54525,1.20,1.20
2008.11.14 13:34:05.925,1.5443,1.5453,1.20,1.20
2008.11.14 13:34:06.445,1.5444,1.5454,1.20,1.20
2008.11.14 13:34:06.726,1.54455,1.54555,1.20,1.20
2008.11.14 13:34:07.315,1.54465,1.54565,1.20,1.20
2008.11.14 13:34:07.965,1.5448,1.54575,1.20,1.20
2008.11.14 13:34:08.185,1.5449,1.5459,1.20,1.20
2008.11.14 13:34:08.945,1.54495,1.54595,1.20,1.20
2008.11.14 13:34:09.724,1.545,1.546,1.20,1.20
2008.11.14 13:34:10.134,1.54505,1.54605,1.20,1.20
2008.11.14 13:34:10.964,1.5448,1.54575,1.20,1.20
2008.11.14 13:34:11.544,1.54475,1.54575,1.20,1.20
2008.11.14 13:34:12.134,1.5449,1.5453,1.20,1.00
2008.11.14 13:34:12.484,1.54495,1.5453,1.20,1.00
2008.11.14 13:34:12.774,1.5449,1.5453,1.20,1.00
2008.11.14 13:34:13.384,1.54485,1.5453,1.20,1.00
2008.11.14 13:34:13.974,1.5448,1.5453,1.20,1.00
2008.11.14 13:34:14.803,1.54475,1.5453,1.20,1.00
2008.11.14 13:34:15.243,1.5448,1.5453,1.20,1.00
2008.11.14 13:34:16.153,1.54475,1.5453,1.20,1.00
2008.11.14 13:34:16.553,1.5448,1.5453,1.20,1.00
2008.11.14 13:34:18.393,1.54495,1.5453,1.20,1.00
2008.11.14 13:34:19.332,1.545,1.5453,1.20,1.00
2008.11.14 13:34:19.902,1.5448,1.54509,1.20,1.00
2008.11.14 13:34:20.262,1.5448,1.5453,3.60,1.00
2008.11.14 13:34:20.832,1.5449,1.5453,1.20,1.00
2008.11.14 13:34:21.062,1.5448,1.5453,2.40,1.00
2008.11.14 13:34:21.351,1.54485,1.5453,1.00,1.00
2008.11.14 13:34:21.922,1.545,1.5453,1.20,1.00
2008.11.14 13:34:22.381,1.54505,1.5453,1.20,1.00
2008.11.14 13:34:22.852,1.5451,1.5453,1.20,1.00
2008.11.14 13:34:23.371,1.545,1.5453,1.20,1.00
2008.11.14 13:34:23.951,1.54485,1.5453,1.20,1.00
2008.11.14 13:34:24.191,1.5448,1.5453,1.20,1.00
2008.11.14 13:34:24.711,1.54475,1.5453,1.20,1.00
2008.11.14 13:34:25.981,1.5447,1.5453,1.20,1.00
2008.11.14 13:34:26.321,1.54465,1.5453,1.20,1.00
2008.11.14 13:34:27.320,1.5446,1.5453,1.20,1.00
2008.11.14 13:34:28.480,1.5447,1.5453,1.20,1.00
2008.11.14 13:34:29.070,1.54465,1.5453,1.20,1.00
2008.11.14 13:34:29.460,1.5446,1.5453,1.20,1.00
2008.11.14 13:34:30.610,1.54445,1.5453,1.20,1.00
2008.11.14 13:34:30.909,1.54455,1.5453,1.20,1.00
2008.11.14 13:34:31.259,1.54425,1.54525,2.10,1.20
2008.11.14 13:34:31.669,1.54425,1.54525,1.20,1.20
2008.11.14 13:34:32.869,1.54435,1.5453,1.20,1.00
2008.11.14 13:34:33.329,1.54425,1.54525,1.20,1.20
2008.11.14 13:34:33.849,1.54405,1.54505,1.20,1.20
2008.11.14 13:34:34.598,1.544,1.545,1.20,1.20
2008.11.14 13:34:34.948,1.5441,1.5451,1.20,1.20
2008.11.14 13:34:35.578,1.54405,1.54505,1.20,1.20
2008.11.14 13:34:36.468,1.5441,1.5451,1.20,1.20
2008.11.14 13:34:37.008,1.5441,1.54505,1.20,1.20
2008.11.14 13:34:37.368,1.54415,1.54515,1.20,1.20
2008.11.14 13:34:37.758,1.54435,1.5453,1.20,1.00
2008.11.14 13:34:38.627,1.54425,1.5452,1.20,1.20
2008.11.14 13:34:39.218,1.5442,1.5452,1.20,1.20
2008.11.14 13:34:39.737,1.54425,1.54525,1.20,1.20
2008.11.14 13:34:40.777,1.5442,1.54515,1.20,1.20
2008.11.14 13:34:41.267,1.5441,1.5451,1.20,1.20
2008.11.14 13:34:41.607,1.54405,1.545,1.20,1.20
2008.11.14 13:34:42.307,1.54405,1.54505,1.20,1.20
2008.11.14 13:34:42.697,1.54395,1.54495,1.20,1.20
2008.11.14 13:34:43.096,1.5439,1.5449,1.20,1.20
2008.11.14 13:34:43.846,1.54375,1.54475,1.20,1.20
2008.11.14 13:34:44.606,1.54375,1.54445,1.20,1.20
2008.11.14 13:34:45.006,1.54345,1.54445,1.20,2.40
2008.11.14 13:34:45.416,1.54345,1.5444,1.20,1.20
2008.11.14 13:34:47.856,1.54345,1.5444,1.20,1.20
2008.11.14 13:34:49.085,1.54345,1.54435,1.20,1.20
2008.11.14 13:34:49.515,1.5434,1.54435,1.20,1.20
2008.11.14 13:34:49.865,1.5434,1.54435,2.40,1.20
2008.11.14 13:34:50.745,1.5434,1.54435,1.20,1.20
2008.11.14 13:34:50.914,1.54345,1.54435,1.20,1.20
2008.11.14 13:34:52.174,1.5434,1.54435,1.20,1.20
2008.11.14 13:34:52.694,1.5435,1.54425,1.00,1.20
2008.11.14 13:34:53.134,1.5434,1.54415,1.20,1.20
2008.11.14 13:34:53.544,1.54365,1.54425,1.20,1.20
2008.11.14 13:34:53.834,1.5436,1.54415,1.20,1.20
2008.11.14 13:34:54.284,1.5433,1.5441,1.00,1.20
2008.11.14 13:34:55.363,1.54325,1.5441,2.10,1.20
2008.11.14 13:34:55.713,1.5433,1.5441,1.00,1.20
2008.11.14 13:34:56.513,1.5433,1.54405,1.00,2.40
2008.11.14 13:34:57.083,1.5431,1.5439,1.00,1.20
2008.11.14 13:34:57.423,1.5431,1.5439,2.10,1.20
2008.11.14 13:34:58.063,1.5432,1.54385,1.00,1.20
2008.11.14 13:34:58.533,1.54315,1.54385,1.20,1.20
2008.11.14 13:34:58.993,1.54295,1.54385,2.10,2.40
2008.11.14 13:34:59.463,1.54295,1.54375,1.00,1.20
2008.11.14 13:34:59.702,1.543,1.5438,1.00,1.20
2008.11.14 13:35:00.032,1.54295,1.54375,1.20,1.20
2008.11.14 13:35:00.472,1.54305,1.5439,2.10,1.20
2008.11.14 13:35:00.712,1.5431,1.5439,2.10,1.20
2008.11.14 13:35:02.002,1.5433,1.544,1.00,1.20
2008.11.14 13:35:02.362,1.5433,1.54405,1.00,1.20
2008.11.14 13:35:03.211,1.54325,1.544,2.10,1.20
2008.11.14 13:35:03.622,1.5432,1.5439,1.20,1.20
2008.11.14 13:35:03.911,1.543,1.5439,1.00,2.40
2008.11.14 13:35:04.601,1.5431,1.5439,1.00,1.20
2008.11.14 13:35:05.231,1.54335,1.54404,2.10,1.00
2008.11.14 13:35:05.811,1.5431,1.544,2.10,1.20
2008.11.14 13:35:06.221,1.5434,1.544,1.20,1.20
2008.11.14 13:35:06.551,1.54365,1.544,1.20,1.20
2008.11.14 13:35:07.131,1.54345,1.54405,1.20,1.20
2008.11.14 13:35:07.700,1.54325,1.5441,1.00,2.40
2008.11.14 13:35:08.172,1.54315,1.54365,1.20,1.20
2008.11.14 13:35:08.451,1.54285,1.54355,1.20,1.20
2008.11.14 13:35:09.660,1.5428,1.54349,2.40,1.00
2008.11.14 13:35:10.130,1.54295,1.5435,1.20,1.20
2008.11.14 13:35:10.410,1.54295,1.54365,2.10,1.20
2008.11.14 13:35:10.800,1.54325,1.5438,1.00,1.00
2008.11.14 13:35:11.210,1.5431,1.544,2.70,2.40
2008.11.14 13:35:11.560,1.54315,1.544,2.10,1.20
2008.11.14 13:35:12.079,1.54315,1.54395,2.10,1.20
2008.11.14 13:35:12.549,1.5431,1.54395,2.10,1.20
2008.11.14 13:35:13.239,1.54305,1.54395,1.00,2.40
2008.11.14 13:35:14.799,1.54305,1.54355,1.20,1.20
2008.11.14 13:35:15.099,1.5427,1.54355,1.20,2.40
2008.11.14 13:35:15.909,1.5428,1.54355,1.20,1.20
2008.11.14 13:35:16.379,1.5428,1.54359,2.10,1.00
2008.11.14 13:35:16.728,1.5428,1.54359,1.20,1.00
2008.11.14 13:35:17.479,1.54275,1.54355,1.20,2.40
2008.11.14 13:35:17.818,1.5428,1.5435,1.00,1.20
2008.11.14 13:35:18.108,1.54285,1.5436,1.00,1.20
2008.11.14 13:35:18.518,1.54305,1.54365,1.00,1.20
2008.11.14 13:35:19.048,1.5432,1.5437,1.00,1.00
2008.11.14 13:35:19.408,1.54315,1.544,2.10,1.20
2008.11.14 13:35:19.728,1.54315,1.544,1.00,1.20
2008.11.14 13:35:19.847,1.54305,1.544,1.20,1.20
2008.11.14 13:35:20.317,1.5431,1.5441,2.40,1.20
2008.11.14 13:35:20.887,1.5432,1.54415,1.20,1.20
2008.11.14 13:35:22.097,1.54325,1.54425,1.20,1.20
2008.11.14 13:35:22.597,1.5433,1.5443,1.20,1.20
2008.11.14 13:35:23.397,1.5436,1.54455,1.20,1.20
2008.11.14 13:35:23.847,1.54355,1.5445,1.20,1.20
2008.11.14 13:35:24.606,1.54335,1.54435,1.20,1.20
2008.11.14 13:35:25.006,1.54355,1.54455,1.20,1.20
2008.11.14 13:35:25.366,1.54335,1.54399,1.20,1.00
2008.11.14 13:35:25.716,1.54325,1.54385,2.40,1.20
2008.11.14 13:35:26.376,1.5433,1.5438,1.20,1.20
2008.11.14 13:35:26.726,1.5432,1.54375,1.20,1.20
2008.11.14 13:35:27.596,1.5432,1.54375,2.40,1.20
2008.11.14 13:35:28.455,1.5432,1.5437,2.40,1.20
2008.11.14 13:35:28.845,1.5432,1.5437,1.20,2.40
2008.11.14 13:35:29.245,1.54295,1.54375,2.10,1.20
2008.11.14 13:35:29.655,1.54295,1.54379,1.00,1.00
2008.11.14 13:35:30.155,1.54285,1.54374,3.30,1.00
2008.11.14 13:35:30.675,1.5431,1.5441,1.20,1.20
2008.11.14 13:35:31.095,1.5432,1.5442,1.20,1.20
2008.11.14 13:35:32.205,1.54335,1.5443,1.20,1.20
2008.11.14 13:35:32.605,1.54335,1.54435,1.20,1.20
2008.11.14 13:35:33.004,1.54335,1.5443,1.20,2.40
2008.11.14 13:35:33.624,1.5431,1.5438,1.20,1.20
2008.11.14 13:35:34.414,1.543,1.5438,3.60,1.20
2008.11.14 13:35:34.774,1.543,1.54385,2.40,1.20
2008.11.14 13:35:35.414,1.54295,1.54385,1.20,1.20
2008.11.14 13:35:35.754,1.54295,1.54375,1.20,1.20
2008.11.14 13:35:36.324,1.543,1.54385,1.20,1.20
2008.11.14 13:35:36.844,1.54295,1.5439,1.20,1.20
2008.11.14 13:35:37.543,1.543,1.5439,1.20,1.20
2008.11.14 13:35:38.293,1.543,1.5438,1.20,1.20
2008.11.14 13:35:38.693,1.54315,1.5438,1.20,1.20
2008.11.14 13:35:38.983,1.54325,1.54425,1.20,1.20
2008.11.14 13:35:39.273,1.5432,1.5442,1.20,1.20
2008.11.14 13:35:39.613,1.5432,1.5442,1.20,2.40
2008.11.14 13:35:40.003,1.5432,1.5442,2.40,1.20
2008.11.14 13:35:40.583,1.5432,1.5442,1.20,1.20
2008.11.14 13:35:41.052,1.54325,1.54425,1.20,1.20
2008.11.14 13:35:41.542,1.54325,1.54425,1.20,2.40
2008.11.14 13:35:42.112,1.54325,1.54425,1.20,1.20
2008.11.14 13:35:42.552,1.5433,1.5443,1.20,1.20
2008.11.14 13:35:43.712,1.54335,1.54435,1.20,1.20
2008.11.14 13:35:44.182,1.54335,1.54435,1.20,2.40
2008.11.14 13:35:44.502,1.5434,1.5444,1.20,1.20
2008.11.14 13:35:44.842,1.5435,1.5445,1.20,1.20
2008.11.14 13:35:45.242,1.54355,1.54455,1.20,1.20
2008.11.14 13:35:45.581,1.5436,1.5446,1.20,2.40
2008.11.14 13:35:46.002,1.5436,1.5446,1.20,1.20
2008.11.14 13:35:46.471,1.54365,1.54465,1.20,2.40
2008.11.14 13:35:46.931,1.5438,1.54475,1.20,1.20
2008.11.14 13:35:47.271,1.54375,1.54475,1.20,1.20
2008.11.14 13:35:47.621,1.5438,1.54475,1.20,1.20
2008.11.14 13:35:48.091,1.5438,1.5447,1.00,2.40
2008.11.14 13:35:48.391,1.5438,1.5447,1.00,1.20
2008.11.14 13:35:49.440,1.54385,1.5447,1.00,1.00
2008.11.14 13:35:49.550,1.54385,1.54475,1.00,3.60
2008.11.14 13:35:49.781,1.54385,1.54475,1.00,1.20
2008.11.14 13:35:50.310,1.54385,1.54475,2.10,1.20
2008.11.14 13:35:50.660,1.5439,1.54475,1.00,1.00
2008.11.14 13:35:50.890,1.5439,1.5448,1.00,2.40
2008.11.14 13:35:52.780,1.54385,1.5448,1.80,1.00
2008.11.14 13:35:53.120,1.54385,1.54485,1.20,1.20
2008.11.14 13:35:53.500,1.544,1.545,1.20,1.20
2008.11.14 13:35:53.789,1.5441,1.5451,1.20,1.20
2008.11.14 13:35:57.110,1.54405,1.54505,1.20,1.20
2008.11.14 13:35:57.628,1.544,1.545,1.20,1.20
2008.11.14 13:35:58.618,1.54395,1.54495,1.20,1.20
2008.11.14 13:35:59.138,1.54375,1.54475,1.20,1.20
2008.11.14 13:36:00.048,1.5439,1.5449,1.20,1.20
2008.11.14 13:36:00.998,1.54405,1.54505,1.20,1.20
2008.11.14 13:36:01.298,1.544,1.54495,1.20,1.20
2008.11.14 13:36:01.688,1.5438,1.5448,1.20,2.40
2008.11.14 13:36:02.037,1.54385,1.5448,1.20,1.20
2008.11.14 13:36:02.477,1.54385,1.54485,1.20,2.40
2008.11.14 13:36:02.827,1.54395,1.54485,1.20,1.20
2008.11.14 13:36:03.117,1.54385,1.54485,1.20,2.40
2008.11.14 13:36:04.207,1.54375,1.5447,1.20,1.20
2008.11.14 13:36:04.547,1.5437,1.5447,1.20,1.20
2008.11.14 13:36:04.896,1.54375,1.54475,1.20,1.20
2008.11.14 13:36:05.406,1.5437,1.5447,2.40,1.20
2008.11.14 13:36:06.156,1.54365,1.54465,2.40,1.20
2008.11.14 13:36:06.647,1.5436,1.54425,2.40,1.20
2008.11.14 13:36:06.926,1.5435,1.54425,1.20,1.20
2008.11.14 13:36:07.386,1.5434,1.5441,5.10,1.20
2008.11.14 13:36:07.726,1.54345,1.54415,1.20,1.20
2008.11.14 13:36:08.076,1.54345,1.54425,2.40,1.20
2008.11.14 13:36:08.586,1.5436,1.54435,1.20,1.00
2008.11.14 13:36:08.936,1.5436,1.5446,1.20,1.20
2008.11.14 13:36:10.725,1.5437,1.54465,1.20,1.20
2008.11.14 13:36:11.065,1.54365,1.54465,2.40,1.20
2008.11.14 13:36:11.515,1.54365,1.54455,1.20,1.20
2008.11.14 13:36:11.805,1.54355,1.54455,2.40,1.20
2008.11.14 13:36:12.145,1.5435,1.5445,2.40,1.20
2008.11.14 13:36:12.665,1.5435,1.54445,1.20,1.20
2008.11.14 13:36:13.005,1.5434,1.54435,1.20,1.20
2008.11.14 13:36:13.355,1.54335,1.5443,1.20,1.20
2008.11.14 13:36:14.095,1.54335,1.54435,2.40,1.20
2008.11.14 13:36:14.754,1.5434,1.54435,1.20,1.20
2008.11.14 13:36:15.094,1.54345,1.54445,1.20,1.20
2008.11.14 13:36:15.384,1.54345,1.54445,2.40,1.20
2008.11.14 13:36:15.784,1.54355,1.54455,2.40,1.20
2008.11.14 13:36:16.084,1.54355,1.54445,1.20,1.20
2008.11.14 13:36:17.113,1.5435,1.54445,2.40,1.20
2008.11.14 13:36:17.494,1.54345,1.5444,1.20,1.20
2008.11.14 13:36:17.914,1.5435,1.54445,2.40,1.20
2008.11.14 13:36:19.343,1.54345,1.54445,2.40,1.20
2008.11.14 13:36:19.613,1.54345,1.5444,1.20,1.20
2008.11.14 13:36:19.963,1.54335,1.5443,1.20,1.20
2008.11.14 13:36:21.003,1.54335,1.54435,2.40,1.20
2008.11.14 13:36:21.593,1.54325,1.5442,1.20,1.20
2008.11.14 13:36:22.342,1.54335,1.54435,1.20,2.40
2008.11.14 13:36:22.693,1.54335,1.54435,1.20,1.20
2008.11.14 13:36:23.102,1.5434,1.54435,1.20,1.20
2008.11.14 13:36:23.492,1.5435,1.54445,1.20,1.20
2008.11.14 13:36:24.202,1.5434,1.5444,2.40,1.20
2008.11.14 13:36:25.082,1.54345,1.54445,1.20,1.20
2008.11.14 13:36:25.362,1.5435,1.5445,2.40,1.20
2008.11.14 13:36:26.702,1.5435,1.5445,1.20,1.20
2008.11.14 13:36:29.845,1.5436,1.5446,1.20,2.40
2008.11.14 13:36:30.221,1.54365,1.5446,1.20,1.20
2008.11.14 13:36:30.551,1.54375,1.5446,1.00,2.40
2008.11.14 13:36:30.950,1.5438,1.54465,1.00,1.20
2008.11.14 13:36:31.740,1.5439,1.5448,2.10,2.40
2008.11.14 13:36:32.040,1.54395,1.5448,2.10,1.20
2008.11.14 13:36:32.560,1.54405,1.5449,1.00,2.40
2008.11.14 13:36:33.850,1.5442,1.5451,2.10,2.40
2008.11.14 13:36:34.260,1.54435,1.5452,1.00,1.20
2008.11.14 13:36:34.610,1.54445,1.54524,1.00,1.00
2008.11.14 13:36:34.969,1.54455,1.54525,1.00,1.00
2008.11.14 13:36:35.949,1.5445,1.5454,2.10,1.20
2008.11.14 13:36:36.419,1.54455,1.54545,2.10,1.20
2008.11.14 13:36:36.759,1.5444,1.54525,1.50,1.20
2008.11.14 13:36:37.109,1.5443,1.5452,2.10,1.20
2008.11.14 13:36:37.549,1.5443,1.54515,1.20,1.20
2008.11.14 13:36:37.899,1.54425,1.54515,2.10,1.20
2008.11.14 13:36:38.429,1.5442,1.54505,1.00,1.20
2008.11.14 13:36:38.829,1.5439,1.54485,1.20,1.20
2008.11.14 13:36:39.209,1.54375,1.54475,1.20,1.20
2008.11.14 13:36:40.008,1.5437,1.54465,1.20,1.20
2008.11.14 13:36:40.358,1.54375,1.54475,1.20,1.20
2008.11.14 13:36:42.578,1.54365,1.54465,1.20,1.80
2008.11.14 13:36:42.817,1.54365,1.54465,1.20,2.40
2008.11.14 13:36:43.167,1.5437,1.54465,1.20,1.20
2008.11.14 13:36:44.007,1.5437,1.5447,2.40,1.20
2008.11.14 13:36:44.357,1.54365,1.5446,1.20,1.20
2008.11.14 13:36:45.027,1.54375,1.5447,1.20,1.20
2008.11.14 13:36:45.387,1.5439,1.5449,1.20,1.20
2008.11.14 13:36:46.597,1.54395,1.54495,1.20,1.20
2008.11.14 13:36:47.097,1.54365,1.54465,1.20,1.20
2008.11.14 13:36:47.866,1.54335,1.54435,1.20,2.40
2008.11.14 13:36:48.736,1.54315,1.54415,1.20,2.40
2008.11.14 13:36:49.196,1.5429,1.5439,1.20,1.20
2008.11.14 13:36:49.486,1.54285,1.54385,1.20,1.20
2008.11.14 13:36:49.956,1.5428,1.5438,1.20,1.20
2008.11.14 13:36:50.276,1.5427,1.5437,1.20,1.20
2008.11.14 13:36:51.146,1.54265,1.54365,1.20,1.20
2008.11.14 13:36:52.145,1.5426,1.5436,1.20,1.20
2008.11.14 13:36:52.535,1.54245,1.54325,1.20,2.40
2008.11.14 13:36:52.995,1.5422,1.54295,2.40,2.40
2008.11.14 13:36:53.115,1.5422,1.54295,1.20,1.20
2008.11.14 13:36:53.895,1.5422,1.543,2.40,1.20
2008.11.14 13:36:54.365,1.5422,1.54304,1.20,1.00
2008.11.14 13:36:54.775,1.54225,1.5431,2.10,1.20
2008.11.14 13:36:55.064,1.54225,1.5431,4.50,1.20
2008.11.14 13:36:55.504,1.5424,1.54305,1.20,2.40
2008.11.14 13:36:56.114,1.5424,1.5431,1.00,1.00
2008.11.14 13:36:56.524,1.54225,1.54305,1.20,2.40
2008.11.14 13:36:57.114,1.54235,1.5431,2.10,1.00
2008.11.14 13:36:57.624,1.5423,1.5432,3.30,3.60
2008.11.14 13:36:58.024,1.5423,1.5432,2.10,3.60
2008.11.14 13:36:58.355,1.5423,1.54315,2.10,1.20
2008.11.14 13:36:58.724,1.5422,1.54305,2.10,2.40
2008.11.14 13:36:59.124,1.54215,1.5429,1.80,1.20
2008.11.14 13:36:59.524,1.542,1.5429,4.50,2.40
2008.11.14 13:36:59.863,1.54215,1.54315,1.20,1.20
2008.11.14 13:37:00.633,1.5421,1.5431,1.20,1.20
2008.11.14 13:37:01.443,1.5424,1.54325,1.20,1.20
2008.11.14 13:37:01.783,1.54265,1.54345,1.20,1.20
2008.11.14 13:37:02.283,1.54255,1.5434,1.20,2.40
2008.11.14 13:37:02.684,1.54265,1.54344,1.20,1.00
2008.11.14 13:37:03.433,1.54285,1.54344,1.20,1.00
2008.11.14 13:37:03.962,1.5429,1.54365,1.20,1.20
2008.11.14 13:37:04.702,1.54285,1.5435,1.20,1.20
2008.11.14 13:37:04.992,1.54275,1.54354,1.20,1.00
2008.11.14 13:37:05.392,1.5428,1.5435,1.20,1.20
2008.11.14 13:37:05.862,1.5428,1.5432,1.20,1.20
2008.11.14 13:37:06.442,1.54265,1.54325,1.20,2.40
2008.11.14 13:37:07.132,1.5424,1.54325,3.30,1.20
2008.11.14 13:37:07.591,1.5425,1.54325,2.10,1.20
2008.11.14 13:37:07.882,1.5426,1.5432,1.20,2.40
2008.11.14 13:37:08.231,1.5424,1.54294,3.60,1.00
2008.11.14 13:37:09.011,1.542,1.54235,2.40,1.20
2008.11.14 13:37:09.481,1.5422,1.5424,1.20,1.20
2008.11.14 13:37:09.771,1.5421,1.5424,1.20,1.20
2008.11.14 13:37:10.061,1.542,1.54245,1.20,2.40
2008.11.14 13:37:10.741,1.5416,1.5423,6.00,1.20
2008.11.14 13:37:13.200,1.5416,1.54225,6.00,1.20
2008.11.14 13:37:13.610,1.5416,1.5423,6.00,1.20
2008.11.14 13:37:15.790,1.5416,1.54225,6.00,1.20
2008.11.14 13:37:16.190,1.5416,1.5422,6.00,1.20
2008.11.14 13:37:16.819,1.5416,1.54245,9.00,1.20
2008.11.14 13:37:17.499,1.54175,1.5425,1.20,1.20
2008.11.14 13:37:18.019,1.54175,1.5426,2.40,1.20
2008.11.14 13:37:18.609,1.54175,1.54235,1.20,1.20
2008.11.14 13:37:19.099,1.5415,1.54235,1.00,1.20
2008.11.14 13:37:19.679,1.5414,1.5423,2.10,1.20
2008.11.14 13:37:20.009,1.5414,1.54225,1.20,1.20
2008.11.14 13:37:20.928,1.5414,1.5423,2.10,1.20
2008.11.14 13:37:21.218,1.5414,1.54225,2.10,1.20
2008.11.14 13:37:21.558,1.54145,1.54235,1.00,2.40
2008.11.14 13:37:21.838,1.54145,1.54229,1.00,1.00
2008.11.14 13:37:22.308,1.54145,1.54235,1.00,3.60
2008.11.14 13:37:23.728,1.54155,1.54235,1.00,1.20
2008.11.14 13:37:24.357,1.54155,1.54245,1.00,2.40
2008.11.14 13:37:24.888,1.5418,1.54255,1.20,1.20
2008.11.14 13:37:25.227,1.54185,1.5427,3.30,1.20
2008.11.14 13:37:25.937,1.54185,1.5427,2.10,1.20
2008.11.14 13:37:26.297,1.5418,1.54255,1.20,1.20
2008.11.14 13:37:27.117,1.5418,1.5424,1.20,1.20
2008.11.14 13:37:27.947,1.54165,1.54245,2.10,1.00
2008.11.14 13:37:28.587,1.54155,1.54235,1.20,1.20
2008.11.14 13:37:29.237,1.54155,1.5423,1.50,1.20
2008.11.14 13:37:29.646,1.5414,1.54205,3.60,1.20
2008.11.14 13:37:30.306,1.5415,1.54205,1.20,1.20
2008.11.14 13:37:30.756,1.5415,1.54215,2.10,1.20
2008.11.14 13:37:31.166,1.5414,1.542,1.20,1.20
2008.11.14 13:37:31.746,1.5413,1.5421,2.10,1.20
2008.11.14 13:37:32.086,1.54125,1.5421,1.50,1.20
2008.11.14 13:37:32.486,1.54135,1.5421,1.20,1.20
2008.11.14 13:37:32.885,1.54135,1.54205,1.20,1.20
2008.11.14 13:37:33.365,1.5414,1.5421,1.20,2.40
2008.11.14 13:37:33.885,1.5415,1.5421,1.50,1.20
2008.11.14 13:37:34.295,1.5417,1.54205,3.30,1.20
2008.11.14 13:37:34.635,1.5417,1.54205,1.20,1.20
2008.11.14 13:37:35.205,1.54175,1.54205,1.20,1.20
2008.11.14 13:37:35.495,1.54175,1.5423,1.20,1.20
2008.11.14 13:37:36.175,1.5417,1.5423,2.10,1.20
2008.11.14 13:37:36.804,1.54175,1.5425,1.20,1.20
2008.11.14 13:37:37.245,1.5416,1.54245,5.70,1.20
2008.11.14 13:37:37.585,1.5416,1.5424,1.20,2.40
2008.11.14 13:37:37.924,1.54165,1.5424,1.20,2.40
2008.11.14 13:37:38.204,1.5417,1.54225,1.20,1.20
2008.11.14 13:37:38.844,1.5415,1.54209,3.60,1.00
2008.11.14 13:37:39.254,1.5416,1.5421,1.20,1.20
2008.11.14 13:37:39.584,1.5416,1.54215,1.20,1.20
2008.11.14 13:37:40.454,1.5417,1.54209,1.20,1.00
2008.11.14 13:37:41.943,1.54175,1.54209,1.20,1.00
2008.11.14 13:37:42.283,1.5416,1.54185,1.20,2.40
2008.11.14 13:37:42.693,1.54155,1.5418,1.20,1.20
2008.11.14 13:37:43.233,1.5416,1.5417,1.20,1.20
2008.11.14 13:37:43.763,1.54135,1.54175,1.20,1.20
2008.11.14 13:37:44.043,1.54135,1.54175,1.20,2.40
2008.11.14 13:37:44.964,1.54135,1.54165,1.20,2.40
2008.11.14 13:37:45.772,1.5413,1.54165,1.20,1.20
2008.11.14 13:37:46.122,1.54125,1.54145,1.20,1.20
2008.11.14 13:37:46.762,1.54135,1.54169,1.20,1.00
2008.11.14 13:37:47.102,1.54155,1.54174,1.00,1.00
2008.11.14 13:37:48.322,1.54145,1.5422,1.20,1.20
2008.11.14 13:37:48.792,1.5413,1.54215,1.00,2.40
2008.11.14 13:37:49.182,1.5412,1.54205,1.20,2.40
2008.11.14 13:37:49.861,1.54115,1.5419,3.30,1.20
2008.11.14 13:37:50.252,1.54115,1.54185,1.20,3.60
2008.11.14 13:37:50.611,1.5412,1.5419,1.00,2.40
2008.11.14 13:37:51.351,1.5413,1.5418,1.00,1.20
2008.11.14 13:37:51.861,1.54135,1.54175,1.20,1.20
2008.11.14 13:37:52.411,1.5417,1.54185,1.00,1.20
2008.11.14 13:37:52.820,1.54165,1.5417,1.00,1.20
2008.11.14 13:37:53.450,1.54165,1.54175,1.00,1.20
2008.11.14 13:37:53.960,1.5417,1.54255,1.00,2.80
2008.11.14 13:37:54.310,1.5417,1.54255,1.80,2.00
2008.11.14 13:37:54.650,1.54205,1.5428,1.20,2.80
2008.11.14 13:37:54.950,1.542,1.5423,1.20,1.20
2008.11.14 13:37:55.340,1.54205,1.5421,1.20,1.20
2008.11.14 13:37:55.870,1.5422,1.54235,1.20,1.20
2008.11.14 13:37:56.440,1.542,1.54215,1.20,1.20
2008.11.14 13:37:57.129,1.54225,1.54284,1.20,1.80
2008.11.14 13:37:57.539,1.542,1.54205,2.00,1.20
2008.11.14 13:37:58.019,1.5423,1.54284,1.20,1.80
2008.11.14 13:37:58.559,1.5419,1.54274,2.40,1.00
2008.11.14 13:37:58.909,1.542,1.54274,1.20,1.80
2008.11.14 13:37:59.239,1.542,1.5421,1.20,1.20
2008.11.14 13:38:00.129,1.542,1.5421,1.20,1.20
2008.11.14 13:38:00.469,1.5419,1.5423,1.20,1.20
2008.11.14 13:38:00.759,1.54205,1.5423,1.20,1.20
2008.11.14 13:38:01.029,1.54225,1.54245,1.20,1.20
2008.11.14 13:38:01.420,1.54275,1.54299,1.20,1.80
2008.11.14 13:38:01.738,1.54235,1.5427,2.80,1.20
2008.11.14 13:38:02.459,1.5427,1.5432,1.20,6.00
2008.11.14 13:38:02.868,1.54265,1.5432,1.20,6.00
2008.11.14 13:38:03.278,1.54265,1.54295,1.20,1.20
2008.11.14 13:38:03.618,1.54255,1.5432,1.20,6.00
2008.11.14 13:38:04.588,1.5427,1.5432,1.20,6.00
2008.11.14 13:38:05.038,1.54265,1.5431,1.20,1.20
2008.11.14 13:38:05.338,1.5423,1.5431,1.20,1.20
2008.11.14 13:38:05.668,1.5423,1.54305,1.20,1.20
2008.11.14 13:38:05.997,1.54235,1.5431,1.20,1.20
2008.11.14 13:38:06.868,1.54235,1.54295,1.20,1.20
2008.11.14 13:38:07.507,1.54265,1.5431,1.20,1.20
2008.11.14 13:38:08.017,1.54245,1.54315,1.80,1.20
2008.11.14 13:38:08.257,1.5425,1.5432,2.10,6.00
2008.11.14 13:38:08.697,1.5426,1.5432,1.20,6.00
2008.11.14 13:38:09.317,1.54245,1.5432,1.20,6.00
2008.11.14 13:38:09.967,1.5424,1.54315,2.40,1.20
2008.11.14 13:38:10.716,1.5423,1.54265,1.20,1.20
2008.11.14 13:38:11.147,1.5422,1.54285,1.20,1.20
2008.11.14 13:38:11.436,1.5422,1.54255,1.20,1.20
2008.11.14 13:38:12.086,1.5422,1.5424,1.20,1.20
2008.11.14 13:38:12.656,1.5423,1.5424,1.20,1.20
2008.11.14 13:38:13.266,1.54185,1.5424,1.20,1.20
2008.11.14 13:38:13.836,1.54195,1.5424,1.20,1.20
2008.11.14 13:38:14.296,1.5421,1.5426,1.20,1.20
2008.11.14 13:38:15.045,1.5421,1.5423,1.20,1.20
2008.11.14 13:38:15.405,1.5423,1.5424,1.20,2.00
2008.11.14 13:38:15.765,1.5414,1.54225,5.20,1.20
2008.11.14 13:38:16.106,1.54245,1.54265,1.20,4.10
2008.11.14 13:38:16.905,1.5425,1.54265,1.20,4.10
2008.11.14 13:38:17.405,1.54235,1.5424,1.20,2.50
2008.11.14 13:38:17.806,1.5425,1.54255,1.20,4.10
2008.11.14 13:38:18.275,1.54165,1.5425,2.10,1.20
2008.11.14 13:38:18.714,1.5416,1.5425,2.10,3.60
2008.11.14 13:38:19.135,1.54255,1.54259,1.20,3.40
2008.11.14 13:38:19.494,1.54245,1.5425,1.20,4.40
2008.11.14 13:38:20.064,1.54235,1.5424,1.20,2.40
2008.11.14 13:38:20.514,1.54225,1.54245,1.20,1.00
2008.11.14 13:38:21.004,1.54225,1.54255,1.20,2.20
2008.11.14 13:38:21.414,1.5418,1.54255,2.10,2.20
2008.11.14 13:38:21.774,1.5418,1.54255,1.00,2.20
2008.11.14 13:38:22.164,1.5419,1.54255,1.00,2.20
2008.11.14 13:38:22.523,1.5419,1.54275,1.00,2.40
2008.11.14 13:38:23.143,1.5419,1.54275,1.00,3.60
2008.11.14 13:38:23.433,1.54195,1.54275,1.00,2.40
2008.11.14 13:38:23.893,1.54195,1.54275,2.10,2.40
2008.11.14 13:38:24.293,1.542,1.54275,2.10,2.40
2008.11.14 13:38:24.693,1.5422,1.54275,1.00,2.40
2008.11.14 13:38:25.093,1.5422,1.5428,1.00,1.20
2008.11.14 13:38:25.544,1.5422,1.5429,2.40,1.20
2008.11.14 13:38:25.883,1.54245,1.5429,1.20,1.20
2008.11.14 13:38:26.283,1.54225,1.5427,1.20,1.20
2008.11.14 13:38:26.863,1.5422,1.54255,1.20,1.20
2008.11.14 13:38:27.392,1.5425,1.54339,1.20,1.80
2008.11.14 13:38:27.772,1.54215,1.54245,2.00,1.20
2008.11.14 13:38:28.122,1.54255,1.54324,1.20,1.80
2008.11.14 13:38:28.522,1.5422,1.54235,2.80,1.20
2008.11.14 13:38:28.812,1.54265,1.54324,1.20,1.80
2008.11.14 13:38:29.442,1.54245,1.5425,1.20,1.20
2008.11.14 13:38:29.852,1.54215,1.54235,2.00,1.20
2008.11.14 13:38:30.172,1.5421,1.54245,2.00,1.20
2008.11.14 13:38:30.472,1.54245,1.5426,1.20,1.20
2008.11.14 13:38:30.822,1.5425,1.54265,1.20,1.20
2008.11.14 13:38:31.351,1.5425,1.5427,1.20,1.20
2008.11.14 13:38:31.751,1.54295,1.54319,1.20,1.80
2008.11.14 13:38:32.142,1.5429,1.54314,1.20,1.00
2008.11.14 13:38:32.491,1.54285,1.54324,2.40,1.00
2008.11.14 13:38:32.891,1.54285,1.54355,2.40,1.20
2008.11.14 13:38:33.421,1.5429,1.54364,1.20,1.00
2008.11.14 13:38:34.541,1.5426,1.5436,1.20,1.20
2008.11.14 13:38:35.590,1.5425,1.54345,1.20,1.20
2008.11.14 13:38:36.240,1.54255,1.54345,1.20,1.20
2008.11.14 13:38:36.700,1.54255,1.54335,1.20,1.20
2008.11.14 13:38:37.160,1.5426,1.54335,1.20,1.20
2008.11.14 13:38:37.800,1.54265,1.54314,1.20,1.00
2008.11.14 13:38:38.150,1.5427,1.54314,1.20,1.00
2008.11.14 13:38:38.490,1.54225,1.54314,2.40,1.00
2008.11.14 13:38:39.219,1.54225,1.54314,1.20,1.00
2008.11.14 13:38:39.549,1.54215,1.54299,1.20,1.00
2008.11.14 13:38:40.179,1.54215,1.5431,1.20,1.20
2008.11.14 13:38:40.849,1.54215,1.54314,1.20,1.00
2008.11.14 13:38:44.848,1.54215,1.54315,1.20,1.20
2008.11.14 13:38:45.258,1.54225,1.54324,1.20,1.00
2008.11.14 13:38:46.298,1.542,1.543,1.20,1.20
2008.11.14 13:38:46.588,1.542,1.54289,1.20,1.00
2008.11.14 13:38:47.228,1.54205,1.54279,1.20,1.00
2008.11.14 13:38:47.807,1.54215,1.54279,1.20,1.00
2008.11.14 13:38:48.617,1.5421,1.54289,1.20,1.00
2008.11.14 13:38:49.127,1.5421,1.54304,1.20,1.00
2008.11.14 13:38:49.237,1.5421,1.54289,1.20,1.00
2008.11.14 13:38:50.627,1.54215,1.54289,1.20,1.00
2008.11.14 13:38:51.916,1.542,1.54279,1.20,1.00
2008.11.14 13:38:52.276,1.54205,1.54279,1.20,1.00
2008.11.14 13:38:52.956,1.54205,1.54289,1.20,1.00
2008.11.14 13:38:53.296,1.54205,1.54279,1.20,1.00
2008.11.14 13:38:53.986,1.54205,1.54254,1.20,1.00
2008.11.14 13:38:54.336,1.5421,1.54264,1.20,1.00
2008.11.14 13:38:54.736,1.54215,1.54264,1.20,1.00
2008.11.14 13:38:55.476,1.5421,1.54264,1.20,1.00
2008.11.14 13:38:55.915,1.54225,1.54279,1.20,1.00
2008.11.14 13:38:58.505,1.54265,1.54339,1.20,1.00
2008.11.14 13:38:59.045,1.54265,1.54364,1.20,1.00
2008.11.14 13:38:59.554,1.5426,1.5436,1.20,1.20
2008.11.14 13:38:59.894,1.54245,1.54345,1.80,1.20
2008.11.14 13:39:00.294,1.5424,1.54335,1.20,1.20
2008.11.14 13:39:01.264,1.5423,1.5433,1.80,1.20
2008.11.14 13:39:01.724,1.54245,1.54339,1.80,1.00
2008.11.14 13:39:02.244,1.54245,1.5433,1.00,1.20
2008.11.14 13:39:02.754,1.54235,1.54324,1.20,1.00
2008.11.14 13:39:03.134,1.5423,1.5433,1.20,1.20
2008.11.14 13:39:03.484,1.54235,1.54335,1.20,1.20
2008.11.14 13:39:03.833,1.54215,1.5431,1.20,1.20
2008.11.14 13:39:04.593,1.5421,1.543,1.20,1.20
2008.11.14 13:39:04.933,1.5421,1.54305,1.20,1.20
2008.11.14 13:39:05.713,1.5421,1.5431,2.40,1.20
2008.11.14 13:39:06.003,1.5421,1.5429,1.20,1.20
2008.11.14 13:39:06.743,1.54205,1.54285,1.20,2.40
2008.11.14 13:39:07.143,1.54205,1.5429,2.40,2.40
2008.11.14 13:39:08.973,1.5421,1.54295,1.00,1.20
2008.11.14 13:39:09.322,1.54215,1.54295,1.20,1.20
2008.11.14 13:39:09.713,1.5422,1.54305,1.80,1.20
2008.11.14 13:39:09.952,1.54215,1.54295,2.40,1.20
2008.11.14 13:39:10.352,1.54225,1.54299,1.20,1.00
2008.11.14 13:39:10.752,1.5422,1.5432,1.20,1.20
2008.11.14 13:39:11.082,1.5422,1.5432,1.20,2.40
2008.11.14 13:39:11.722,1.54205,1.543,1.20,1.20
2008.11.14 13:39:12.062,1.5421,1.54305,1.20,1.20
2008.11.14 13:39:12.522,1.54195,1.54285,2.10,1.20
2008.11.14 13:39:13.051,1.54195,1.54275,1.20,1.20
2008.11.14 13:39:13.452,1.54195,1.54285,1.00,4.80
2008.11.14 13:39:13.871,1.54195,1.54285,2.10,2.40
2008.11.14 13:39:14.361,1.5419,1.5428,3.90,1.20
2008.11.14 13:39:14.871,1.54195,1.54285,2.10,3.60
2008.11.14 13:39:15.231,1.5419,1.5428,2.10,1.20
2008.11.14 13:39:15.911,1.5419,1.5427,1.20,1.20
2008.11.14 13:39:16.201,1.5418,1.54265,2.40,1.20
2008.11.14 13:39:16.660,1.54255,1.54295,1.00,1.20
2008.11.14 13:39:17.060,1.54225,1.54305,1.20,1.20
2008.11.14 13:39:17.340,1.54225,1.5431,2.40,1.20
2008.11.14 13:39:17.870,1.54235,1.5433,1.00,2.40
2008.11.14 13:39:18.370,1.5423,1.5433,1.20,1.20
2008.11.14 13:39:19.080,1.54225,1.5431,1.20,1.20
2008.11.14 13:39:19.360,1.542,1.54295,1.20,1.20
2008.11.14 13:39:19.760,1.54195,1.54295,1.20,1.20
2008.11.14 13:39:20.679,1.54205,1.54305,1.20,1.20
2008.11.14 13:39:21.199,1.542,1.543,1.20,1.20
2008.11.14 13:39:23.129,1.54195,1.54295,1.20,1.20
2008.11.14 13:39:24.499,1.5419,1.5429,1.20,1.20
2008.11.14 13:39:25.179,1.54195,1.54295,1.20,1.20
2008.11.14 13:39:25.479,1.54245,1.54325,1.20,1.20
2008.11.14 13:39:25.898,1.54245,1.54339,1.20,1.00
2008.11.14 13:39:26.238,1.5429,1.54339,1.20,1.00
2008.11.14 13:39:26.628,1.54285,1.54339,1.20,1.00
2008.11.14 13:39:26.978,1.5428,1.54324,1.20,1.00
2008.11.14 13:39:27.368,1.54275,1.54324,2.40,1.00
2008.11.14 13:39:27.718,1.54285,1.54339,1.20,1.00
2008.11.14 13:39:29.027,1.5429,1.54364,1.20,1.00
2008.11.14 13:39:29.917,1.54315,1.54364,1.20,1.00
2008.11.14 13:39:30.327,1.5431,1.54339,1.20,1.00
2008.11.14 13:39:31.367,1.5431,1.54324,1.20,1.00
2008.11.14 13:39:31.767,1.5431,1.54314,1.20,1.00
2008.11.14 13:39:32.167,1.54315,1.54415,1.20,1.70
2008.11.14 13:39:32.527,1.54315,1.54339,1.20,1.00
2008.11.14 13:39:33.916,1.54305,1.54339,1.20,1.00
2008.11.14 13:39:34.556,1.543,1.54339,1.20,1.00
2008.11.14 13:39:34.776,1.54295,1.54339,1.20,1.00
2008.11.14 13:39:35.126,1.54295,1.54324,1.20,1.00
2008.11.14 13:39:35.886,1.54275,1.54324,1.20,1.00
2008.11.14 13:39:36.296,1.5427,1.54304,1.20,1.00
2008.11.14 13:39:36.646,1.54265,1.54289,1.20,1.00
2008.11.14 13:39:37.005,1.54265,1.54304,1.20,1.00
2008.11.14 13:39:38.305,1.5428,1.54324,1.20,1.00
2008.11.14 13:39:38.875,1.54285,1.54329,1.20,1.00
2008.11.14 13:39:39.225,1.5429,1.54339,1.20,1.00
2008.11.14 13:39:39.855,1.5429,1.54349,1.20,1.00
2008.11.14 13:39:40.305,1.54295,1.54339,1.20,1.00
2008.11.14 13:39:40.665,1.543,1.54354,1.20,1.00
2008.11.14 13:39:41.745,1.54305,1.54354,1.20,1.00
2008.11.14 13:39:42.084,1.5431,1.54354,1.00,1.00
2008.11.14 13:39:42.494,1.5431,1.54354,3.30,1.00
2008.11.14 13:39:43.114,1.5433,1.54354,1.00,1.00
2008.11.14 13:39:43.634,1.54315,1.54364,1.00,1.00
2008.11.14 13:39:43.964,1.54315,1.54364,2.10,1.00
2008.11.14 13:39:44.244,1.54305,1.54354,3.90,1.00
2008.11.14 13:39:44.644,1.5431,1.54364,2.10,1.00
2008.11.14 13:39:45.114,1.543,1.54354,4.50,1.00
2008.11.14 13:39:45.713,1.5431,1.54364,1.00,1.00
2008.11.14 13:39:46.164,1.54305,1.54364,1.00,1.00
2008.11.14 13:39:46.573,1.543,1.54354,2.10,1.00
2008.11.14 13:39:46.983,1.543,1.54354,1.00,1.00
2008.11.14 13:39:47.393,1.54295,1.54349,2.10,1.00
2008.11.14 13:39:47.863,1.54295,1.54344,1.00,1.00
2008.11.14 13:39:48.733,1.54295,1.54324,1.20,1.00
2008.11.14 13:39:49.342,1.5428,1.54329,1.20,1.00
2008.11.14 13:39:49.852,1.54275,1.54329,2.10,1.00
2008.11.14 13:39:52.302,1.54275,1.54324,2.10,1.00
2008.11.14 13:39:52.762,1.54265,1.54319,1.00,1.00
2008.11.14 13:39:53.801,1.54255,1.54345,3.30,1.20
2008.11.14 13:39:54.022,1.5426,1.5434,1.20,1.20
2008.11.14 13:39:54.541,1.5426,1.5433,1.20,1.20
2008.11.14 13:39:55.231,1.54245,1.54315,1.20,1.20
2008.11.14 13:39:55.681,1.5425,1.54319,1.20,1.00
2008.11.14 13:39:55.971,1.54245,1.54319,2.10,1.00
2008.11.14 13:39:56.141,1.5424,1.5431,1.20,1.20
2008.11.14 13:39:56.421,1.54235,1.5431,1.80,1.20
2008.11.14 13:39:56.751,1.54245,1.54299,1.20,1.00
2008.11.14 13:39:57.051,1.5423,1.54299,1.20,1.00
2008.11.14 13:39:57.440,1.5423,1.54279,1.20,1.00
2008.11.14 13:39:58.030,1.5422,1.54284,1.20,1.00
2008.11.14 13:39:58.380,1.5423,1.54279,1.20,1.00
2008.11.14 13:39:58.810,1.5421,1.54269,1.20,1.00
2008.11.14 13:39:59.260,1.5422,1.54275,1.00,1.20
2008.11.14 13:39:59.660,1.54225,1.54279,1.00,1.00
2008.11.14 13:40:00.120,1.54205,1.54254,2.10,1.00
2008.11.14 13:40:00.410,1.542,1.54244,1.20,1.00
2008.11.14 13:40:00.690,1.5418,1.5425,2.10,1.20
2008.11.14 13:40:01.030,1.5418,1.54254,2.10,1.00
2008.11.14 13:40:01.440,1.5422,1.54255,1.00,1.20
2008.11.14 13:40:01.830,1.5424,1.543,2.10,2.40
2008.11.14 13:40:02.389,1.54245,1.5429,2.10,2.40
2008.11.14 13:40:02.719,1.5426,1.54335,1.20,1.00
2008.11.14 13:40:03.060,1.5428,1.5438,2.40,1.20
2008.11.14 13:40:03.449,1.54305,1.54405,1.20,1.20
2008.11.14 13:40:04.119,1.5433,1.5442,1.20,1.20
2008.11.14 13:40:04.569,1.543,1.54355,1.20,1.20
2008.11.14 13:40:04.849,1.5432,1.5437,1.20,1.20
2008.11.14 13:40:05.129,1.54295,1.5437,1.00,2.40
2008.11.14 13:40:05.419,1.543,1.54375,1.00,2.40
2008.11.14 13:40:05.929,1.54315,1.5437,1.00,1.20
2008.11.14 13:40:06.338,1.543,1.5437,6.00,1.20
2008.11.14 13:40:06.908,1.5429,1.54355,1.00,1.20
2008.11.14 13:40:07.248,1.5427,1.54344,2.40,1.00
2008.11.14 13:40:07.588,1.54265,1.54329,2.10,1.00
2008.11.14 13:40:07.938,1.5427,1.54345,1.00,1.20
2008.11.14 13:40:08.348,1.5427,1.5434,1.00,1.20
2008.11.14 13:40:08.688,1.54265,1.5434,1.00,1.20
2008.11.14 13:40:09.018,1.5428,1.54355,1.20,1.00
2008.11.14 13:40:09.368,1.5427,1.54344,1.20,1.00
2008.11.14 13:40:09.668,1.54265,1.54329,1.20,1.00
2008.11.14 13:40:10.578,1.54255,1.54325,2.40,1.20
2008.11.14 13:40:10.928,1.5425,1.54304,1.20,1.00
2008.11.14 13:40:11.207,1.5424,1.54319,3.30,1.00
2008.11.14 13:40:11.837,1.5425,1.54319,1.20,1.00
2008.11.14 13:40:12.247,1.54235,1.54315,2.40,1.20
2008.11.14 13:40:12.747,1.5425,1.54325,2.10,1.20
2008.11.14 13:40:13.037,1.54255,1.54325,1.80,2.40
2008.11.14 13:40:13.327,1.54255,1.54315,1.20,1.20
2008.11.14 13:40:13.857,1.54245,1.54315,1.00,1.20
2008.11.14 13:40:14.177,1.5423,1.543,1.20,1.20
2008.11.14 13:40:14.926,1.5424,1.54294,1.00,1.00
2008.11.14 13:40:15.396,1.5425,1.5431,2.10,1.20
2008.11.14 13:40:15.696,1.5424,1.543,1.00,1.20
2008.11.14 13:40:16.056,1.5424,1.54304,1.00,1.00
2008.11.14 13:40:16.456,1.54245,1.54319,2.70,1.00
2008.11.14 13:40:16.806,1.5425,1.54315,1.20,1.20
2008.11.14 13:40:17.256,1.54245,1.54309,2.10,1.00
2008.11.14 13:40:17.706,1.54245,1.54304,1.20,1.00
2008.11.14 13:40:18.186,1.54245,1.54309,1.20,1.00
2008.11.14 13:40:18.885,1.54245,1.54315,1.20,1.20
2008.11.14 13:40:19.355,1.5423,1.54305,3.30,1.20
2008.11.14 13:40:19.645,1.5423,1.54294,2.10,1.00
2008.11.14 13:40:20.005,1.54265,1.54294,1.00,1.00
2008.11.14 13:40:20.705,1.5427,1.54329,1.20,1.00
2008.11.14 13:40:21.155,1.5425,1.54319,1.20,1.00
2008.11.14 13:40:21.395,1.5424,1.54305,1.20,2.40
2008.11.14 13:40:21.805,1.5423,1.54305,1.20,2.40
2008.11.14 13:40:22.135,1.54225,1.543,1.20,1.20
2008.11.14 13:40:22.594,1.54215,1.54295,2.40,1.20
2008.11.14 13:40:22.995,1.542,1.5428,1.20,1.20
2008.11.14 13:40:23.414,1.5419,1.5427,1.80,2.40
2008.11.14 13:40:23.994,1.54185,1.54265,1.20,1.20
2008.11.14 13:40:24.784,1.54185,1.5427,1.20,1.20
2008.11.14 13:40:25.074,1.54185,1.54265,3.00,2.40
2008.11.14 13:40:25.454,1.54195,1.54265,1.00,1.20
2008.11.14 13:40:25.734,1.54205,1.54265,1.00,1.20
2008.11.14 13:40:26.184,1.54205,1.54285,1.00,2.40
2008.11.14 13:40:26.454,1.5421,1.54285,2.10,2.40
2008.11.14 13:40:26.923,1.5421,1.54275,1.20,1.20
2008.11.14 13:40:27.323,1.5419,1.5426,1.20,1.20
2008.11.14 13:40:27.643,1.542,1.5427,1.20,1.20
2008.11.14 13:40:27.983,1.54205,1.5427,1.20,1.20
2008.11.14 13:40:28.273,1.542,1.5427,1.20,1.20
2008.11.14 13:40:28.853,1.54195,1.5427,3.30,1.20
2008.11.14 13:40:29.273,1.54225,1.54284,1.00,1.00
2008.11.14 13:40:29.603,1.5423,1.54295,1.00,1.20
2008.11.14 13:40:30.233,1.5423,1.543,2.10,1.20
2008.11.14 13:40:31.092,1.5423,1.54305,2.10,2.40
2008.11.14 13:40:31.502,1.5422,1.5429,1.20,1.20
2008.11.14 13:40:31.852,1.54225,1.5429,1.00,1.20
2008.11.14 13:40:32.422,1.54215,1.5429,1.20,1.20
2008.11.14 13:40:32.812,1.5421,1.54285,2.10,1.20
2008.11.14 13:40:33.382,1.5422,1.5428,1.20,1.20
2008.11.14 13:40:34.942,1.5422,1.5428,1.20,2.40
2008.11.14 13:40:35.121,1.5422,1.5428,1.20,1.20
2008.11.14 13:40:36.351,1.54225,1.5428,1.20,1.20
2008.11.14 13:40:37.051,1.54225,1.54295,1.20,3.60
2008.11.14 13:40:37.621,1.5422,1.54295,1.00,3.60
2008.11.14 13:40:38.191,1.54225,1.54295,1.00,1.20
2008.11.14 13:40:38.591,1.54225,1.543,2.10,1.20
2008.11.14 13:40:38.991,1.5423,1.543,2.10,1.20
2008.11.14 13:40:39.401,1.54225,1.543,1.00,2.40
2008.11.14 13:40:39.900,1.5422,1.543,2.70,2.40
2008.11.14 13:40:40.350,1.5423,1.5428,1.20,1.20
2008.11.14 13:40:40.690,1.54185,1.54255,1.20,1.20
2008.11.14 13:40:41.100,1.5418,1.54245,2.40,1.20
2008.11.14 13:40:41.560,1.54195,1.54245,1.20,1.20
2008.11.14 13:40:41.900,1.54195,1.54235,1.20,1.20
2008.11.14 13:40:42.420,1.5422,1.54244,1.00,1.00
2008.11.14 13:40:42.820,1.5422,1.54294,1.00,1.00
2008.11.14 13:40:44.029,1.5423,1.5428,1.20,1.20
2008.11.14 13:40:44.559,1.54195,1.54275,1.20,2.40
2008.11.14 13:40:45.069,1.54195,1.54275,3.60,2.40
2008.11.14 13:40:45.409,1.542,1.5428,1.20,2.40
2008.11.14 13:40:46.109,1.5422,1.54285,1.20,1.20
2008.11.14 13:40:47.639,1.5422,1.543,1.20,3.60
2008.11.14 13:40:48.099,1.5422,1.54295,1.00,1.20
2008.11.14 13:40:48.499,1.54225,1.54295,1.00,1.20
2008.11.14 13:40:48.798,1.5424,1.54295,1.20,1.20
2008.11.14 13:40:49.078,1.54215,1.54295,4.50,1.20
2008.11.14 13:40:49.248,1.54215,1.54285,3.30,1.20
2008.11.14 13:40:49.898,1.54215,1.54285,4.50,1.20
2008.11.14 13:40:51.327,1.5423,1.54285,1.20,1.20
2008.11.14 13:40:52.347,1.5423,1.5429,1.20,1.20
2008.11.14 13:40:52.897,1.54225,1.5428,2.10,1.20
2008.11.14 13:40:53.377,1.54225,1.5428,1.20,1.20
2008.11.14 13:40:54.147,1.54225,1.54275,1.20,1.20
2008.11.14 13:40:54.537,1.5421,1.54275,1.20,1.20
2008.11.14 13:40:54.837,1.5421,1.54275,1.20,2.40
2008.11.14 13:40:55.187,1.5421,1.54255,1.20,1.20
2008.11.14 13:40:55.566,1.5419,1.54255,1.20,1.20
2008.11.14 13:40:56.236,1.54185,1.54255,2.10,1.20
2008.11.14 13:40:56.626,1.542,1.5425,1.20,2.40
2008.11.14 13:40:57.216,1.54175,1.5425,1.00,1.20
2008.11.14 13:40:57.496,1.5419,1.5425,1.20,2.40
2008.11.14 13:40:57.946,1.5419,1.5425,1.20,1.20
2008.11.14 13:40:58.286,1.54175,1.54255,2.70,1.20
2008.11.14 13:40:58.916,1.5418,1.5425,1.00,1.20
2008.11.14 13:40:59.266,1.54165,1.5424,1.20,2.40
2008.11.14 13:40:59.586,1.5415,1.5424,2.10,2.40
2008.11.14 13:41:00.615,1.54155,1.5424,2.10,1.20
2008.11.14 13:41:00.905,1.54175,1.54245,2.10,1.00
2008.11.14 13:41:01.295,1.5418,1.54264,1.00,1.00
2008.11.14 13:41:01.635,1.5419,1.5427,1.20,2.40
2008.11.14 13:41:01.925,1.5419,1.5428,2.10,2.40
2008.11.14 13:41:02.635,1.5419,1.5428,2.10,1.20
2008.11.14 13:41:06.474,1.5419,1.5428,3.30,1.20
2008.11.14 13:41:06.925,1.542,1.5428,1.20,1.00
2008.11.14 13:41:07.154,1.542,1.54285,1.20,2.40
2008.11.14 13:41:08.793,1.5423,1.54289,1.00,1.00
2008.11.14 13:41:08.913,1.5423,1.543,1.00,2.20
2008.11.14 13:41:09.293,1.5423,1.543,1.00,1.20
2008.11.14 13:41:09.413,1.54225,1.543,2.70,1.20
2008.11.14 13:41:09.583,1.54225,1.5429,1.50,1.20
2008.11.14 13:41:09.813,1.5422,1.5429,1.20,2.40
2008.11.14 13:41:10.383,1.54225,1.5429,1.00,1.20
2008.11.14 13:41:10.683,1.5422,1.54295,1.80,1.20
2008.11.14 13:41:11.023,1.54215,1.54295,2.10,1.20
2008.11.14 13:41:11.323,1.54215,1.54295,2.10,1.20
2008.11.14 13:41:11.655,1.54215,1.543,2.10,2.40
2008.11.14 13:41:12.183,1.5422,1.543,1.20,2.40
2008.11.14 13:41:13.322,1.5422,1.54295,1.20,1.20
2008.11.14 13:41:13.722,1.54215,1.54295,2.10,1.20
2008.11.14 13:41:14.192,1.54225,1.54295,2.10,1.20
2008.11.14 13:41:14.582,1.54225,1.54305,1.00,2.40
2008.11.14 13:41:14.862,1.5427,1.54305,1.00,2.40
2008.11.14 13:41:15.202,1.54265,1.5431,1.00,1.20
2008.11.14 13:41:15.622,1.5422,1.5429,2.40,2.40
2008.11.14 13:41:15.972,1.5421,1.54275,1.20,1.20
2008.11.14 13:41:16.262,1.5419,1.5427,2.40,2.40
2008.11.14 13:41:16.671,1.54185,1.5427,1.20,2.40
2008.11.14 13:41:17.412,1.54185,1.54265,1.20,1.20
2008.11.14 13:41:17.811,1.54175,1.54265,2.10,1.20
2008.11.14 13:41:18.101,1.54185,1.54265,1.20,1.00
2008.11.14 13:41:18.461,1.54185,1.5427,1.20,2.40
2008.11.14 13:41:18.801,1.5418,1.54265,2.40,2.40
2008.11.14 13:41:19.091,1.54195,1.54265,1.20,2.40
2008.11.14 13:41:20.030,1.5417,1.5425,4.80,2.40
2008.11.14 13:41:20.581,1.5417,1.5424,1.20,2.40
2008.11.14 13:41:20.800,1.54165,1.5424,1.20,2.40
2008.11.14 13:41:21.210,1.5416,1.5424,1.20,2.40
2008.11.14 13:41:22.061,1.54155,1.5424,3.60,2.40
2008.11.14 13:41:22.740,1.54155,1.5422,1.20,1.20
2008.11.14 13:41:23.390,1.54195,1.54244,1.20,1.00
2008.11.14 13:41:23.840,1.54195,1.5425,2.10,1.20
2008.11.14 13:41:24.180,1.54195,1.5424,2.10,1.20
2008.11.14 13:41:25.049,1.54195,1.54254,2.10,1.00
2008.11.14 13:41:25.390,1.54195,1.54254,1.20,1.00
2008.11.14 13:41:25.739,1.5419,1.54254,1.00,1.00
2008.11.14 13:41:26.649,1.542,1.54269,1.00,1.00
2008.11.14 13:41:27.099,1.5419,1.54285,2.40,1.20
2008.11.14 13:41:27.639,1.54195,1.5429,1.20,1.20
2008.11.14 13:41:27.989,1.54195,1.54279,1.20,1.00
2008.11.14 13:41:28.439,1.54195,1.54269,1.20,1.00
2008.11.14 13:41:28.939,1.54185,1.54269,1.20,1.00
2008.11.14 13:41:29.609,1.5418,1.54269,1.20,1.00
2008.11.14 13:41:29.998,1.5416,1.54255,1.20,1.20
2008.11.14 13:41:30.398,1.54165,1.54265,1.20,2.40
2008.11.14 13:41:31.378,1.54175,1.54275,1.20,2.40
2008.11.14 13:41:31.768,1.5417,1.5427,1.20,1.20
2008.11.14 13:41:32.348,1.5417,1.5427,1.20,2.40
2008.11.14 13:41:36.117,1.54165,1.54265,1.20,1.20
2008.11.14 13:41:36.577,1.54165,1.54265,1.20,2.40
2008.11.14 13:41:36.917,1.5417,1.5427,1.20,2.40
2008.11.14 13:41:38.026,1.54175,1.5426,1.20,1.20
2008.11.14 13:41:39.046,1.5417,1.5425,1.20,1.20
2008.11.14 13:41:43.535,1.54175,1.54254,1.20,1.00
2008.11.14 13:41:43.875,1.54175,1.5426,1.20,2.40
2008.11.14 13:41:44.265,1.5418,1.5426,1.20,1.20
2008.11.14 13:41:45.244,1.5418,1.54265,1.20,2.40
2008.11.14 13:41:45.595,1.54185,1.54264,1.20,1.00
2008.11.14 13:41:45.935,1.54185,1.5426,1.20,1.00
2008.11.14 13:41:46.234,1.5418,1.5426,1.20,1.00
2008.11.14 13:41:46.734,1.54175,1.5426,2.40,1.00
2008.11.14 13:41:47.405,1.5418,1.54264,1.20,1.00
2008.11.14 13:41:47.745,1.5417,1.54255,3.30,1.20
2008.11.14 13:41:48.314,1.5417,1.54254,3.30,1.00
2008.11.14 13:41:48.664,1.5418,1.54254,1.00,1.00
2008.11.14 13:41:49.314,1.5418,1.54254,2.10,1.00
2008.11.14 13:41:49.893,1.5419,1.54254,2.10,1.00
2008.11.14 13:41:50.283,1.5419,1.54254,1.20,1.00
2008.11.14 13:41:50.623,1.54185,1.54269,1.20,1.00
2008.11.14 13:41:51.253,1.54185,1.54254,1.20,1.00
2008.11.14 13:41:52.283,1.54185,1.54254,2.40,1.00
2008.11.14 13:41:52.523,1.5419,1.54269,2.10,1.00
2008.11.14 13:41:53.033,1.5419,1.54269,3.30,1.00
2008.11.14 13:41:53.563,1.5418,1.54254,3.30,1.00
2008.11.14 13:41:54.032,1.5418,1.54254,1.20,1.00
2008.11.14 13:41:54.492,1.54175,1.54244,1.20,1.00
2008.11.14 13:41:54.942,1.542,1.54244,1.00,1.00
2008.11.14 13:41:55.412,1.5419,1.54239,1.00,1.00
2008.11.14 13:41:55.762,1.5418,1.54229,2.10,1.00
2008.11.14 13:41:56.062,1.5418,1.54234,2.70,1.00
2008.11.14 13:41:56.482,1.5418,1.54234,1.00,1.00
2008.11.14 13:41:56.882,1.54175,1.54234,1.80,1.00
2008.11.14 13:41:57.502,1.54165,1.54224,2.10,1.00
2008.11.14 13:41:57.741,1.54165,1.54224,2.10,1.00
2008.11.14 13:41:58.491,1.5417,1.54224,1.20,1.00
2008.11.14 13:41:59.181,1.5418,1.54224,1.00,1.00
2008.11.14 13:41:59.801,1.54185,1.54234,1.20,1.00
2008.11.14 13:42:00.271,1.5418,1.54234,1.00,1.00
2008.11.14 13:42:00.601,1.5419,1.54234,1.00,1.00
2008.11.14 13:42:00.991,1.54195,1.54244,1.00,1.00
2008.11.14 13:42:01.511,1.542,1.54259,1.80,1.00
2008.11.14 13:42:01.801,1.542,1.54259,1.20,1.00
2008.11.14 13:42:02.271,1.5421,1.54244,1.20,1.00
2008.11.14 13:42:02.680,1.54195,1.54244,2.10,1.00
2008.11.14 13:42:03.250,1.54195,1.54254,2.10,1.00
2008.11.14 13:42:03.890,1.54195,1.5426,2.10,1.20
2008.11.14 13:42:04.380,1.5421,1.5426,1.20,1.20
2008.11.14 13:42:05.150,1.5421,1.54259,1.20,1.00
2008.11.14 13:42:08.270,1.54205,1.54259,1.20,1.00
2008.11.14 13:42:09.509,1.542,1.5427,2.10,1.20
2008.11.14 13:42:10.239,1.54215,1.5428,1.00,1.20
2008.11.14 13:42:11.558,1.5421,1.54275,1.00,1.20
2008.11.14 13:42:12.018,1.54215,1.5428,1.00,1.20
2008.11.14 13:42:12.408,1.5421,1.54275,1.00,1.20
2008.11.14 13:42:13.518,1.5421,1.54275,1.00,2.40
2008.11.14 13:42:14.038,1.54225,1.5427,1.20,1.20
2008.11.14 13:42:14.397,1.54185,1.54255,1.00,1.20
2008.11.14 13:42:15.068,1.54185,1.54255,2.10,1.20
2008.11.14 13:42:15.417,1.54205,1.54255,1.20,1.20
2008.11.14 13:42:16.977,1.542,1.54275,1.20,1.20
2008.11.14 13:42:17.397,1.542,1.54275,2.40,1.20
2008.11.14 13:42:18.837,1.542,1.5428,2.40,4.80
2008.11.14 13:42:19.066,1.542,1.5428,1.20,3.60
2008.11.14 13:42:19.696,1.5421,1.5427,1.20,2.40
2008.11.14 13:42:19.936,1.54195,1.5427,2.10,2.40
2008.11.14 13:42:22.216,1.54195,1.54265,2.10,1.20
2008.11.14 13:42:22.486,1.54195,1.54265,2.70,1.20
2008.11.14 13:42:22.985,1.54215,1.5427,1.20,2.40
2008.11.14 13:42:23.435,1.54195,1.5427,2.10,2.40
2008.11.14 13:42:24.085,1.54195,1.5427,2.10,1.20
2008.11.14 13:42:25.055,1.54215,1.5428,1.00,1.20
2008.11.14 13:42:25.635,1.5421,1.5428,2.70,2.40
2008.11.14 13:42:26.085,1.542,1.5428,2.10,2.40
2008.11.14 13:42:26.495,1.54195,1.5427,2.10,1.20
2008.11.14 13:42:26.784,1.54195,1.5427,2.10,3.60
2008.11.14 13:42:27.176,1.54195,1.5427,2.10,2.40
2008.11.14 13:42:27.604,1.5421,1.5427,1.00,1.20
2008.11.14 13:42:28.125,1.542,1.54275,2.10,1.20
2008.11.14 13:42:28.474,1.54205,1.54275,1.00,1.20
2008.11.14 13:42:29.424,1.54205,1.54275,2.10,1.20
2008.11.14 13:42:29.714,1.54225,1.54295,1.50,1.20
2008.11.14 13:42:30.354,1.54225,1.54295,1.00,1.20
2008.11.14 13:42:32.004,1.5424,1.54295,1.00,1.20
2008.11.14 13:42:32.803,1.5425,1.5431,1.20,3.60
2008.11.14 13:42:33.523,1.5423,1.543,2.10,1.20
2008.11.14 13:42:33.863,1.5423,1.54295,1.20,1.20
2008.11.14 13:42:34.313,1.54225,1.54295,1.00,1.20
2008.11.14 13:42:35.473,1.5422,1.54295,1.50,1.20
2008.11.14 13:42:35.992,1.5422,1.54295,2.10,2.40
2008.11.14 13:42:36.692,1.54215,1.5428,1.20,1.20
2008.11.14 13:42:37.042,1.5422,1.54284,1.00,1.00
2008.11.14 13:42:37.392,1.54215,1.54284,2.10,1.00
2008.11.14 13:42:37.982,1.54215,1.5428,1.00,2.40
2008.11.14 13:42:38.392,1.54215,1.54275,1.00,1.20
2008.11.14 13:42:39.331,1.5422,1.5428,1.00,1.20
2008.11.14 13:42:39.621,1.5422,1.5428,2.10,1.20
2008.11.14 13:42:39.841,1.5422,1.54284,2.10,1.00
2008.11.14 13:42:40.261,1.54215,1.54284,1.00,1.00
2008.11.14 13:42:40.842,1.5421,1.5428,1.20,2.40
2008.11.14 13:42:41.251,1.54215,1.54274,1.20,1.00
2008.11.14 13:42:41.532,1.5421,1.5428,1.50,1.20
2008.11.14 13:42:41.821,1.54225,1.54285,1.20,1.20
2008.11.14 13:42:42.281,1.5421,1.543,2.10,3.60
2008.11.14 13:42:42.801,1.54215,1.5429,1.00,1.20
2008.11.14 13:42:43.370,1.54235,1.543,1.00,1.20
2008.11.14 13:42:43.711,1.54225,1.543,2.10,2.40
2008.11.14 13:42:44.220,1.54235,1.54295,1.00,1.20
2008.11.14 13:42:45.400,1.54235,1.54295,2.10,1.20
2008.11.14 13:42:45.790,1.54235,1.543,2.10,1.20
2008.11.14 13:42:46.190,1.54235,1.54295,2.10,1.20
2008.11.14 13:42:46.780,1.5424,1.54295,1.00,1.20
2008.11.14 13:42:47.290,1.54245,1.54305,2.10,1.20
2008.11.14 13:42:47.589,1.5425,1.54305,1.20,1.20
2008.11.14 13:42:47.929,1.5425,1.54315,2.10,1.20
2008.11.14 13:42:48.510,1.54255,1.54315,1.20,1.20
2008.11.14 13:42:48.909,1.54255,1.5432,2.10,1.20
2008.11.14 13:42:49.369,1.5427,1.5434,1.00,2.40
2008.11.14 13:42:49.709,1.54275,1.54345,1.00,3.60
2008.11.14 13:42:50.059,1.54275,1.54345,2.10,3.60
2008.11.14 13:42:50.409,1.5427,1.54335,1.50,1.20
2008.11.14 13:42:50.679,1.54275,1.54335,1.20,1.20
2008.11.14 13:42:51.499,1.5427,1.54335,1.00,1.20
2008.11.14 13:42:51.849,1.54255,1.54325,2.10,1.20
2008.11.14 13:42:52.249,1.54255,1.5432,2.10,1.20
2008.11.14 13:42:53.338,1.54245,1.5432,2.10,2.40
2008.11.14 13:42:53.688,1.54255,1.5432,1.00,1.20
2008.11.14 13:42:54.048,1.54255,1.5432,2.10,1.20
2008.11.14 13:42:55.598,1.5425,1.5432,2.10,1.20
2008.11.14 13:42:55.707,1.54255,1.5432,2.40,1.20
2008.11.14 13:42:56.008,1.54255,1.54335,3.30,2.40
2008.11.14 13:42:56.127,1.5426,1.5434,2.40,1.20
2008.11.14 13:42:56.358,1.5426,1.54349,3.60,1.00
2008.11.14 13:42:56.478,1.5426,1.54355,6.00,1.20
2008.11.14 13:42:56.697,1.54265,1.54355,1.20,1.20
2008.11.14 13:42:57.587,1.5426,1.54355,4.80,1.20
2008.11.14 13:42:57.797,1.54265,1.54355,1.20,1.20
2008.11.14 13:42:58.257,1.5426,1.54355,1.20,1.20
2008.11.14 13:42:58.707,1.5426,1.54355,2.40,1.20
2008.11.14 13:42:59.247,1.54265,1.5436,1.20,1.20
2008.11.14 13:43:01.216,1.5427,1.54365,1.20,1.20
2008.11.14 13:43:01.386,1.54265,1.54365,2.40,1.20
2008.11.14 13:43:01.626,1.54265,1.54365,1.20,1.20
2008.11.14 13:43:01.676,1.5432,1.5439,1.00,1.20
2008.11.14 13:43:01.966,1.5432,1.54394,1.00,1.00
2008.11.14 13:43:02.366,1.5432,1.54394,2.10,1.00
2008.11.14 13:43:02.806,1.5432,1.544,2.10,1.20
2008.11.14 13:43:03.046,1.5432,1.54405,2.10,1.20
2008.11.14 13:43:03.666,1.54325,1.54405,1.20,1.20
2008.11.14 13:43:04.186,1.54365,1.5441,1.00,4.80
2008.11.14 13:43:04.596,1.5436,1.5443,1.80,1.20
2008.11.14 13:43:04.886,1.54385,1.54445,1.00,1.20
2008.11.14 13:43:05.166,1.54385,1.54435,2.10,1.20
2008.11.14 13:43:05.465,1.5438,1.5442,1.20,1.20
2008.11.14 13:43:05.585,1.5438,1.54425,1.20,1.20
2008.11.14 13:43:05.825,1.54335,1.54425,2.10,1.20
2008.11.14 13:43:05.995,1.54335,1.54435,1.20,2.20
2008.11.14 13:43:06.275,1.54335,1.54425,2.10,1.20
2008.11.14 13:43:07.085,1.54335,1.5441,1.20,1.20
2008.11.14 13:43:07.485,1.54325,1.54395,2.10,1.20
2008.11.14 13:43:08.334,1.5433,1.54395,1.20,1.20
2008.11.14 13:43:09.794,1.54335,1.54405,1.00,1.20
2008.11.14 13:43:10.214,1.54345,1.54405,1.00,1.20
2008.11.14 13:43:10.554,1.54345,1.54415,1.00,1.20
2008.11.14 13:43:11.054,1.54345,1.5441,1.00,1.20
2008.11.14 13:43:11.334,1.54335,1.5441,2.10,1.20
2008.11.14 13:43:11.734,1.54335,1.54405,1.00,1.20
2008.11.14 13:43:12.214,1.5434,1.5441,1.00,1.20
2008.11.14 13:43:12.733,1.54335,1.54405,3.90,1.20
2008.11.14 13:43:13.253,1.54335,1.54405,1.00,1.20
2008.11.14 13:43:13.783,1.5434,1.54405,1.20,1.20
2008.11.14 13:43:15.973,1.5434,1.54405,2.10,1.20
2008.11.14 13:43:16.083,1.5434,1.5441,2.10,1.20
2008.11.14 13:43:16.362,1.54345,1.5441,1.20,1.20
2008.11.14 13:43:16.652,1.54335,1.5441,2.70,1.20
2008.11.14 13:43:16.713,1.54335,1.54405,1.00,1.20
2008.11.14 13:43:17.912,1.54335,1.54405,2.10,1.20
2008.11.14 13:43:18.202,1.54325,1.54395,2.10,1.20
2008.11.14 13:43:18.552,1.5434,1.54405,1.20,1.20
2008.11.14 13:43:18.952,1.54335,1.54405,1.00,1.20
2008.11.14 13:43:19.372,1.5433,1.54395,1.80,1.20
2008.11.14 13:43:19.782,1.54335,1.54405,1.00,1.20
2008.11.14 13:43:20.242,1.5434,1.54405,1.00,1.20
2008.11.14 13:43:20.532,1.5434,1.5441,1.00,2.40
2008.11.14 13:43:20.712,1.5434,1.5441,2.10,2.40
2008.11.14 13:43:20.942,1.5435,1.5442,1.00,1.20
2008.11.14 13:43:21.612,1.54365,1.54415,1.20,1.20
2008.11.14 13:43:22.012,1.5435,1.5442,2.70,1.20
2008.11.14 13:43:22.291,1.54355,1.54425,2.10,1.20
2008.11.14 13:43:22.592,1.54355,1.5442,1.20,1.20
2008.11.14 13:43:23.291,1.54285,1.54365,1.20,1.20
2008.11.14 13:43:23.741,1.5427,1.54335,1.20,1.20
2008.11.14 13:43:24.021,1.5426,1.54325,2.40,1.20
2008.11.14 13:43:24.430,1.5424,1.5432,7.20,1.20
2008.11.14 13:43:24.721,1.54245,1.54325,1.20,1.00
2008.11.14 13:43:25.401,1.54245,1.54345,1.20,1.20
2008.11.14 13:43:26.820,1.5425,1.54345,1.20,1.20
2008.11.14 13:43:27.110,1.5425,1.5435,1.20,2.40
2008.11.14 13:43:27.400,1.5424,1.5434,7.20,1.20
2008.11.14 13:43:27.820,1.5424,1.54335,7.20,1.20
2008.11.14 13:43:28.680,1.5425,1.54335,1.20,1.20
2008.11.14 13:43:29.060,1.5425,1.5435,1.20,2.40
2008.11.14 13:43:29.509,1.5426,1.54335,1.20,1.20
2008.11.14 13:43:29.740,1.5426,1.5434,1.20,1.20
2008.11.14 13:43:30.539,1.5427,1.54355,1.20,1.20
2008.11.14 13:43:33.279,1.54275,1.54355,1.00,1.00
2008.11.14 13:43:33.739,1.54285,1.54365,1.20,2.20
2008.11.14 13:43:34.028,1.54285,1.54365,1.20,1.20
2008.11.14 13:43:34.618,1.5428,1.54365,1.20,1.20
2008.11.14 13:43:35.168,1.5427,1.54355,1.20,1.20
2008.11.14 13:43:35.498,1.54275,1.5436,1.20,1.20
2008.11.14 13:43:36.348,1.5428,1.54365,1.20,1.20
2008.11.14 13:43:37.198,1.54285,1.54365,1.20,1.20
2008.11.14 13:43:38.187,1.5428,1.54365,1.20,1.20
2008.11.14 13:43:38.647,1.5427,1.54355,1.80,1.20
2008.11.14 13:43:39.217,1.5427,1.5436,2.10,1.20
2008.11.14 13:43:39.567,1.5427,1.54355,1.20,1.00
2008.11.14 13:43:40.317,1.5427,1.54345,1.20,1.20
2008.11.14 13:43:40.717,1.5427,1.54355,1.20,1.20
2008.11.14 13:43:41.407,1.5428,1.54365,1.20,2.40
2008.11.14 13:43:41.697,1.5427,1.54355,1.20,1.20
2008.11.14 13:43:43.346,1.5427,1.54355,1.20,1.00
2008.11.14 13:43:43.736,1.5427,1.54355,1.20,1.20
2008.11.14 13:43:44.246,1.54265,1.5433,1.20,1.20
2008.11.14 13:43:44.646,1.54265,1.54335,2.10,1.20
2008.11.14 13:43:45.405,1.54265,1.54335,3.30,1.20
2008.11.14 13:43:46.306,1.5428,1.5435,2.10,1.20
2008.11.14 13:43:47.345,1.5428,1.5435,3.30,1.20
2008.11.14 13:43:48.545,1.5429,1.5435,1.20,1.20
2008.11.14 13:43:48.785,1.54275,1.54345,2.10,1.20
2008.11.14 13:43:49.505,1.54285,1.54345,1.20,1.20
2008.11.14 13:43:49.735,1.54285,1.54355,2.10,1.20
2008.11.14 13:43:51.304,1.543,1.54355,1.20,1.20
2008.11.14 13:43:53.414,1.54285,1.54355,2.10,1.20
2008.11.14 13:43:54.803,1.54285,1.54355,3.30,1.20
2008.11.14 13:43:55.203,1.54295,1.54345,1.20,1.20
2008.11.14 13:43:55.593,1.5428,1.5435,2.10,1.20
2008.11.14 13:43:55.933,1.5428,1.5435,1.00,1.20
2008.11.14 13:43:56.443,1.54275,1.54345,2.10,1.20
2008.11.14 13:43:56.803,1.5428,1.5435,3.30,1.20
2008.11.14 13:43:57.383,1.5428,1.5435,2.10,1.20
2008.11.14 13:43:57.833,1.543,1.54355,1.20,1.20
2008.11.14 13:43:58.463,1.5428,1.5435,2.10,1.20
2008.11.14 13:43:58.982,1.54275,1.54345,2.10,1.20
2008.11.14 13:43:59.392,1.5428,1.5435,2.10,1.20
2008.11.14 13:44:00.003,1.5428,1.5435,3.30,1.20
2008.11.14 13:44:01.621,1.54285,1.54355,2.10,1.20
2008.11.14 13:44:01.732,1.543,1.5435,1.20,1.20
2008.11.14 13:44:02.492,1.54285,1.5435,1.00,1.20
2008.11.14 13:44:02.831,1.5427,1.54335,1.80,1.20
2008.11.14 13:44:03.122,1.54265,1.54335,2.10,1.20
2008.11.14 13:44:03.521,1.54255,1.5431,1.20,1.20
2008.11.14 13:44:04.241,1.54255,1.54319,2.10,1.00
2008.11.14 13:44:04.591,1.5425,1.54319,1.00,1.00
2008.11.14 13:44:05.051,1.54255,1.54325,2.70,1.20
2008.11.14 13:44:05.461,1.5427,1.54345,1.20,2.40
2008.11.14 13:44:05.801,1.5427,1.54345,1.20,1.20
2008.11.14 13:44:06.501,1.54275,1.54345,2.40,1.00
2008.11.14 13:44:06.741,1.5428,1.5438,1.20,1.20
2008.11.14 13:44:06.920,1.5429,1.54385,1.20,1.20
2008.11.14 13:44:08.470,1.54295,1.54395,1.20,1.20
2008.11.14 13:44:09.190,1.5429,1.5439,1.20,1.20
2008.11.14 13:44:10.060,1.5431,1.54405,1.20,1.20
2008.11.14 13:44:11.069,1.543,1.54395,1.20,1.20
2008.11.14 13:44:11.180,1.5429,1.5439,1.20,1.20
2008.11.14 13:44:12.309,1.54285,1.5438,1.20,1.20
2008.11.14 13:44:13.369,1.5428,1.54375,1.20,1.20
2008.11.14 13:44:14.089,1.5428,1.5438,1.20,2.40
2008.11.14 13:44:16.418,1.5426,1.5431,1.20,1.20
2008.11.14 13:44:16.648,1.5426,1.5434,1.20,1.20
2008.11.14 13:44:17.048,1.5426,1.54344,2.10,1.00
2008.11.14 13:44:17.268,1.54265,1.54345,2.10,1.00
2008.11.14 13:44:17.658,1.54265,1.5435,1.20,1.20
2008.11.14 13:44:18.118,1.54255,1.5434,2.10,1.20
2008.11.14 13:44:18.637,1.54265,1.54344,1.20,1.00
2008.11.14 13:44:18.817,1.54265,1.5435,1.20,1.20
2008.11.14 13:44:20.907,1.54265,1.54335,1.20,1.20
2008.11.14 13:44:21.197,1.5426,1.54335,2.40,1.20
2008.11.14 13:44:21.307,1.5425,1.5433,3.60,1.20
2008.11.14 13:44:21.597,1.54255,1.54334,2.10,1.00
2008.11.14 13:44:21.997,1.54265,1.5433,1.20,1.00
2008.11.14 13:44:22.297,1.54255,1.54355,1.20,1.20
2008.11.14 13:44:22.757,1.54255,1.5435,1.20,1.20
2008.11.14 13:44:23.506,1.5426,1.5436,1.20,1.20
2008.11.14 13:44:23.966,1.54275,1.54375,1.20,1.20
2008.11.14 13:44:24.426,1.5428,1.54375,1.20,1.20
2008.11.14 13:44:24.896,1.5428,1.5438,2.40,1.20
2008.11.14 13:44:25.526,1.54285,1.54385,1.20,2.40
2008.11.14 13:44:26.126,1.54285,1.5438,1.20,1.20
2008.11.14 13:44:27.505,1.54285,1.54385,1.20,1.20
2008.11.14 13:44:28.365,1.5429,1.5439,1.20,1.20
2008.11.14 13:44:29.835,1.54295,1.54395,1.20,1.20
2008.11.14 13:44:30.615,1.5429,1.5439,1.20,1.20
2008.11.14 13:44:31.464,1.54295,1.54395,1.20,1.20
2008.11.14 13:44:31.864,1.5429,1.5439,1.20,1.20
2008.11.14 13:44:32.644,1.54285,1.54385,1.20,1.20
2008.11.14 13:44:33.444,1.54295,1.54395,2.40,1.20
2008.11.14 13:44:33.804,1.543,1.544,1.20,1.20
2008.11.14 13:44:34.594,1.5431,1.54405,1.20,1.20
2008.11.14 13:44:35.364,1.54315,1.54405,1.20,1.20
2008.11.14 13:44:35.813,1.54325,1.54425,1.20,1.20
2008.11.14 13:44:36.173,1.5434,1.5444,1.20,1.20
2008.11.14 13:44:36.523,1.54345,1.54445,1.20,1.20
2008.11.14 13:44:37.383,1.54345,1.5444,1.20,1.20
2008.11.14 13:44:38.283,1.54345,1.54445,2.40,1.20
2008.11.14 13:44:38.573,1.54345,1.54445,1.20,2.40
2008.11.14 13:44:39.432,1.5435,1.5443,1.20,1.20
2008.11.14 13:44:39.792,1.54335,1.5443,1.20,1.20
2008.11.14 13:44:40.202,1.5433,1.5442,2.40,2.40
2008.11.14 13:44:40.552,1.5432,1.5441,1.20,1.20
2008.11.14 13:44:40.842,1.54315,1.5441,2.40,1.20
2008.11.14 13:44:41.772,1.54315,1.54405,1.20,1.20
2008.11.14 13:44:42.122,1.54305,1.5439,1.20,1.20
2008.11.14 13:44:42.642,1.54305,1.54395,1.20,1.20
2008.11.14 13:44:46.942,1.54305,1.54395,2.40,1.20
2008.11.14 13:44:47.401,1.5431,1.54405,2.40,1.20
2008.11.14 13:44:48.090,1.5431,1.54405,1.20,2.40
2008.11.14 13:44:48.661,1.54305,1.54395,1.20,1.20
2008.11.14 13:44:49.270,1.54305,1.5439,1.20,1.20
2008.11.14 13:44:49.651,1.5431,1.54405,2.40,1.20
2008.11.14 13:44:50.400,1.5433,1.5442,1.20,1.20
2008.11.14 13:44:50.800,1.5434,1.5443,1.20,3.60
2008.11.14 13:44:51.480,1.54345,1.5442,1.00,1.20
2008.11.14 13:44:51.839,1.5436,1.54435,2.10,1.20
2008.11.14 13:44:52.239,1.5436,1.5444,2.10,1.20
2008.11.14 13:44:52.579,1.5435,1.54435,3.30,1.20
2008.11.14 13:44:52.919,1.5435,1.54435,3.40,1.20
2008.11.14 13:44:53.379,1.54345,1.5443,2.10,1.20
2008.11.14 13:44:53.710,1.54345,1.5443,1.20,3.60
2008.11.14 13:44:53.949,1.54345,1.5442,1.20,1.20
2008.11.14 13:44:54.369,1.5434,1.5442,1.00,1.20
2008.11.14 13:44:54.589,1.54335,1.5442,2.10,2.40
2008.11.14 13:44:54.879,1.5433,1.54415,1.50,1.20
2008.11.14 13:44:55.629,1.5434,1.54405,1.20,1.20
2008.11.14 13:44:56.079,1.54315,1.54395,3.30,1.20
2008.11.14 13:44:56.708,1.54315,1.54395,2.10,1.20
2008.11.14 13:44:57.039,1.54315,1.544,1.00,1.20
2008.11.14 13:44:58.708,1.5433,1.54405,1.20,1.20
2008.11.14 13:44:59.168,1.5434,1.54415,1.00,1.20
2008.11.14 13:44:59.448,1.5434,1.5442,1.00,2.40
2008.11.14 13:44:59.688,1.54345,1.5442,1.00,1.20
2008.11.14 13:44:59.867,1.54345,1.54425,1.20,1.20
2008.11.14 13:45:00.547,1.54345,1.54425,2.10,1.20
2008.11.14 13:45:00.767,1.54345,1.54425,1.20,1.20
2008.11.14 13:45:01.277,1.54345,1.54425,2.10,1.20
2008.11.14 13:45:01.677,1.54345,1.54425,1.20,1.20
2008.11.14 13:45:02.127,1.5436,1.54425,1.20,1.20
2008.11.14 13:45:03.809,1.5436,1.5443,1.20,2.40
2008.11.14 13:45:06.736,1.54345,1.5443,2.40,1.20
2008.11.14 13:45:06.916,1.54355,1.5443,1.20,1.20
2008.11.14 13:45:07.356,1.5434,1.5443,3.30,1.20
2008.11.14 13:45:09.865,1.54345,1.5443,2.10,1.00
2008.11.14 13:45:09.975,1.54345,1.54425,1.20,1.20
2008.11.14 13:45:10.095,1.54345,1.54425,2.40,2.40
2008.11.14 13:45:10.665,1.54355,1.54414,1.20,1.00
2008.11.14 13:45:10.785,1.5432,1.54405,3.60,3.60
2008.11.14 13:45:11.385,1.5432,1.54405,4.80,3.60
2008.11.14 13:45:11.675,1.5432,1.544,4.80,1.20
2008.11.14 13:45:12.175,1.5431,1.544,2.10,2.40
2008.11.14 13:45:12.624,1.54315,1.544,2.40,2.40
2008.11.14 13:45:13.794,1.54305,1.54385,3.90,1.20
2008.11.14 13:45:14.204,1.543,1.5438,1.20,1.20
2008.11.14 13:45:14.434,1.543,1.54385,1.00,2.40
2008.11.14 13:45:14.834,1.54295,1.5438,1.20,1.20
2008.11.14 13:45:15.244,1.5431,1.54384,1.20,1.00
2008.11.14 13:45:15.624,1.5431,1.5439,1.20,1.20
2008.11.14 13:45:16.894,1.54315,1.544,2.40,2.40
2008.11.14 13:45:17.394,1.5432,1.54405,1.20,2.40
2008.11.14 13:45:18.453,1.54335,1.54405,1.20,2.40
2008.11.14 13:45:19.203,1.54315,1.544,2.40,2.40
2008.11.14 13:45:19.903,1.54315,1.544,3.30,1.20
2008.11.14 13:45:20.253,1.5432,1.54405,2.40,2.40
2008.11.14 13:45:20.542,1.54335,1.54405,1.20,2.40
2008.11.14 13:45:21.093,1.54325,1.5441,3.60,2.40
2008.11.14 13:45:21.212,1.54325,1.5441,2.40,2.40
2008.11.14 13:45:21.492,1.5433,1.5441,1.20,2.40
2008.11.14 13:45:22.242,1.54325,1.5441,2.40,2.40
2008.11.14 13:45:22.582,1.5434,1.5441,1.20,2.40
2008.11.14 13:45:22.872,1.5434,1.54405,1.20,1.20
2008.11.14 13:45:23.442,1.54335,1.544,1.20,1.20
2008.11.14 13:45:23.862,1.54325,1.544,2.40,1.20
2008.11.14 13:45:24.252,1.5433,1.5441,2.10,1.20
2008.11.14 13:45:24.472,1.5433,1.544,2.10,1.20
2008.11.14 13:45:24.752,1.5434,1.544,1.20,1.20
2008.11.14 13:45:25.202,1.5433,1.5441,2.40,2.40
2008.11.14 13:45:25.432,1.5433,1.5441,1.20,2.40
2008.11.14 13:45:27.341,1.54345,1.5441,1.20,2.40
2008.11.14 13:45:28.421,1.5433,1.5441,1.20,2.40
2008.11.14 13:45:29.460,1.54345,1.5441,1.20,2.40
2008.11.14 13:45:31.730,1.5434,1.5441,1.20,1.20
2008.11.14 13:45:32.080,1.5434,1.5442,1.20,1.20
2008.11.14 13:45:32.380,1.5434,1.5442,2.40,1.20
2008.11.14 13:45:32.720,1.5433,1.5441,1.20,2.40
2008.11.14 13:45:33.129,1.54345,1.5441,1.20,2.40
2008.11.14 13:45:34.659,1.54335,1.5441,2.40,1.20
2008.11.14 13:45:34.949,1.5433,1.5441,2.40,2.40
2008.11.14 13:45:35.119,1.54335,1.54415,2.40,2.40
2008.11.14 13:45:35.589,1.5435,1.54415,1.20,2.40
2008.11.14 13:45:37.159,1.5435,1.5441,1.20,2.40
2008.11.14 13:45:37.279,1.54345,1.544,1.20,1.20
2008.11.14 13:45:37.798,1.54325,1.544,2.40,1.20
2008.11.14 13:45:40.578,1.5434,1.5441,1.20,1.20
2008.11.14 13:45:40.908,1.5434,1.544,1.20,1.20
2008.11.14 13:45:41.088,1.54325,1.544,2.40,1.20
2008.11.14 13:45:41.427,1.54335,1.544,2.10,1.20
2008.11.14 13:45:41.828,1.54335,1.54415,2.10,1.20
2008.11.14 13:45:42.117,1.5435,1.54415,1.20,2.40
2008.11.14 13:45:42.407,1.5435,1.5441,1.20,1.20
2008.11.14 13:45:42.997,1.5434,1.544,1.20,1.20
2008.11.14 13:45:43.287,1.5431,1.54395,4.80,1.20
2008.11.14 13:45:43.847,1.54305,1.54385,3.30,1.20
2008.11.14 13:45:44.088,1.5432,1.54385,1.20,1.20
2008.11.14 13:45:44.897,1.54325,1.5439,1.20,1.20
2008.11.14 13:45:46.226,1.54315,1.5439,1.20,1.20
2008.11.14 13:45:46.816,1.5432,1.544,1.20,2.40
2008.11.14 13:45:47.468,1.54325,1.54415,2.10,3.60
2008.11.14 13:45:47.806,1.54325,1.54415,2.10,2.40
2008.11.14 13:45:48.766,1.5434,1.54415,1.20,1.00
2008.11.14 13:45:49.096,1.54325,1.54415,3.30,2.40
2008.11.14 13:45:49.775,1.5433,1.54415,1.00,1.20
2008.11.14 13:45:50.106,1.5434,1.54415,1.00,1.00
2008.11.14 13:45:50.565,1.54345,1.54425,1.00,1.20
2008.11.14 13:45:51.085,1.54355,1.5443,1.20,1.20
2008.11.14 13:45:51.495,1.5437,1.5443,1.20,1.20
2008.11.14 13:45:53.005,1.5436,1.5444,2.40,2.40
2008.11.14 13:45:53.405,1.54365,1.5443,2.10,1.20
2008.11.14 13:45:54.044,1.5437,1.5443,1.00,1.20
2008.11.14 13:45:54.505,1.54375,1.54445,1.00,1.20
2008.11.14 13:45:54.954,1.5438,1.54445,1.00,1.20
2008.11.14 13:45:56.444,1.5438,1.54445,2.10,1.20
2008.11.14 13:45:56.944,1.5439,1.54455,1.00,1.20
2008.11.14 13:45:57.414,1.5439,1.54455,1.20,1.20
2008.11.14 13:45:57.804,1.5439,1.5444,2.10,1.20
2008.11.14 13:45:58.383,1.5438,1.54445,1.00,1.20
2008.11.14 13:45:59.014,1.54375,1.5444,2.10,1.20
2008.11.14 13:45:59.253,1.54375,1.5444,1.00,1.20
2008.11.14 13:46:00.343,1.54375,1.5444,2.10,1.20
2008.11.14 13:46:01.463,1.54375,1.5444,1.20,1.20
2008.11.14 13:46:01.813,1.54375,1.5444,2.10,1.20
2008.11.14 13:46:02.442,1.54385,1.5445,1.00,1.20
2008.11.14 13:46:02.772,1.54385,1.54455,1.50,1.20
2008.11.14 13:46:02.992,1.5439,1.54455,2.10,1.20
2008.11.14 13:46:04.792,1.5439,1.54465,1.00,1.20
2008.11.14 13:46:05.072,1.544,1.54465,1.20,1.20
2008.11.14 13:46:05.772,1.54405,1.5448,2.10,1.20
2008.11.14 13:46:06.122,1.54415,1.5448,1.00,1.20
2008.11.14 13:46:06.521,1.54405,1.5447,1.20,1.20
2008.11.14 13:46:06.852,1.5439,1.5444,1.20,1.20
2008.11.14 13:46:07.302,1.5437,1.5444,1.20,2.40
2008.11.14 13:46:07.651,1.5435,1.54435,1.20,2.40
2008.11.14 13:46:08.001,1.5435,1.5445,1.20,2.20
2008.11.14 13:46:08.271,1.54355,1.54455,1.20,1.20
2008.11.14 13:46:08.721,1.5436,1.54455,1.20,1.20
2008.11.14 13:46:09.591,1.5435,1.5442,3.60,1.20
2008.11.14 13:46:09.921,1.54335,1.5442,3.30,1.20
2008.11.14 13:46:11.521,1.54345,1.5442,1.20,1.20
2008.11.14 13:46:11.810,1.54345,1.54425,1.20,2.40
2008.11.14 13:46:12.140,1.54345,1.54425,1.20,3.60
2008.11.14 13:46:12.320,1.54345,1.5442,1.20,1.20
2008.11.14 13:46:12.620,1.5434,1.54415,3.60,1.20
2008.11.14 13:46:13.040,1.5434,1.54415,1.20,1.20
2008.11.14 13:46:13.510,1.54345,1.5442,1.20,1.20
2008.11.14 13:46:13.910,1.5436,1.54415,1.20,1.20
2008.11.14 13:46:14.140,1.5436,1.5442,1.20,1.20
2008.11.14 13:46:14.600,1.5436,1.54415,1.20,1.20
2008.11.14 13:46:14.890,1.5434,1.54415,1.20,1.20
2008.11.14 13:46:15.530,1.5433,1.5441,4.20,1.20
2008.11.14 13:46:16.039,1.54335,1.544,1.00,1.20
2008.11.14 13:46:16.309,1.54335,1.544,1.00,2.40
2008.11.14 13:46:16.819,1.5433,1.544,1.50,2.40
2008.11.14 13:46:17.319,1.54335,1.544,1.20,2.40
2008.11.14 13:46:17.819,1.5433,1.54415,2.10,3.60
2008.11.14 13:46:18.288,1.54335,1.54409,2.10,1.00
2008.11.14 13:46:18.848,1.5432,1.5442,3.60,2.20
2008.11.14 13:46:19.198,1.5432,1.5442,1.20,1.20
2008.11.14 13:46:19.479,1.54325,1.54425,1.20,1.20
2008.11.14 13:46:22.558,1.5433,1.5443,2.40,1.20
2008.11.14 13:46:22.907,1.5433,1.54425,2.40,1.20
2008.11.14 13:46:23.797,1.5439,1.54425,1.00,1.20
2008.11.14 13:46:24.357,1.54395,1.54455,1.00,1.20
2008.11.14 13:46:24.767,1.5439,1.5446,2.10,2.40
2008.11.14 13:46:25.167,1.5439,1.54455,1.20,2.40
2008.11.14 13:46:25.677,1.5441,1.54465,1.00,1.20
2008.11.14 13:46:26.787,1.54415,1.5448,1.00,2.40
2008.11.14 13:46:27.126,1.5442,1.54465,1.00,1.20
2008.11.14 13:46:27.467,1.54415,1.5448,1.00,1.20
2008.11.14 13:46:27.886,1.5442,1.5448,2.10,1.20
2008.11.14 13:46:28.396,1.5442,1.5447,1.20,2.40
2008.11.14 13:46:28.736,1.54405,1.54465,1.20,1.20
2008.11.14 13:46:29.076,1.54395,1.54465,1.20,1.20
2008.11.14 13:46:29.356,1.5442,1.5448,2.10,1.20
2008.11.14 13:46:30.746,1.54435,1.54495,1.00,1.20
2008.11.14 13:46:31.136,1.54455,1.54515,1.00,1.20
2008.11.14 13:46:31.425,1.54455,1.5451,1.20,2.40
2008.11.14 13:46:31.785,1.5444,1.54505,1.20,1.20
2008.11.14 13:46:32.125,1.54455,1.54509,1.00,1.00
2008.11.14 13:46:32.295,1.54455,1.5451,1.00,1.20
2008.11.14 13:46:32.635,1.5446,1.54515,1.00,1.20
2008.11.14 13:46:32.985,1.54455,1.54505,1.80,1.20
2008.11.14 13:46:33.325,1.54415,1.545,2.10,1.20
2008.11.14 13:46:33.675,1.54455,1.5451,1.00,1.20
2008.11.14 13:46:34.125,1.5446,1.5451,1.00,1.20
2008.11.14 13:46:34.695,1.5446,1.5452,2.10,1.20
2008.11.14 13:46:34.975,1.5447,1.5453,1.00,1.20
2008.11.14 13:46:35.495,1.54465,1.5452,1.80,1.20
2008.11.14 13:46:35.944,1.5443,1.54515,2.10,1.20
2008.11.14 13:46:36.754,1.54475,1.54535,1.00,3.60
2008.11.14 13:46:37.164,1.5447,1.5453,2.10,1.20
2008.11.14 13:46:37.564,1.5447,1.5451,1.20,1.20
2008.11.14 13:46:38.014,1.54445,1.54525,1.20,4.80
2008.11.14 13:46:38.714,1.54445,1.5451,1.00,1.20
2008.11.14 13:46:39.064,1.54445,1.545,1.20,2.40
2008.11.14 13:46:39.464,1.54415,1.545,2.40,2.40
2008.11.14 13:46:39.693,1.5445,1.545,1.00,1.00
2008.11.14 13:46:39.984,1.5445,1.54504,2.10,1.00
2008.11.14 13:46:40.723,1.5445,1.545,1.20,1.20
2008.11.14 13:46:41.084,1.5445,1.5451,1.00,1.20
2008.11.14 13:46:41.383,1.5445,1.54494,1.00,1.00
2008.11.14 13:46:41.773,1.54445,1.54494,1.80,1.00
2008.11.14 13:46:42.103,1.544,1.54475,2.40,1.20
2008.11.14 13:46:42.393,1.5441,1.5448,2.10,2.40
2008.11.14 13:46:42.953,1.54415,1.5448,1.20,2.40
2008.11.14 13:46:45.652,1.54405,1.54475,2.70,1.20
2008.11.14 13:46:45.762,1.5441,1.54475,1.20,2.40
2008.11.14 13:46:48.601,1.54405,1.5447,1.00,1.20
2008.11.14 13:46:49.521,1.5441,1.5447,1.20,1.20
2008.11.14 13:46:50.101,1.5441,1.5447,2.10,1.20
2008.11.14 13:46:51.181,1.5441,1.54475,2.10,2.40
2008.11.14 13:46:51.471,1.54415,1.54475,1.00,1.20
2008.11.14 13:46:51.750,1.54415,1.54475,2.10,1.20
2008.11.14 13:46:53.240,1.54415,1.5448,1.20,3.60
2008.11.14 13:46:53.590,1.54405,1.54475,2.10,2.40
2008.11.14 13:46:53.990,1.54405,1.54475,2.10,1.20
2008.11.14 13:46:54.290,1.54405,1.5447,1.20,1.20
2008.11.14 13:46:54.590,1.544,1.5447,1.20,1.20
2008.11.14 13:46:55.160,1.54395,1.5446,1.20,1.20
2008.11.14 13:46:55.730,1.54415,1.54475,1.00,1.20
2008.11.14 13:46:57.049,1.5443,1.54475,1.00,1.20
2008.11.14 13:46:57.329,1.5443,1.5448,1.00,1.20
2008.11.14 13:46:57.669,1.5442,1.54484,1.00,1.00
2008.11.14 13:46:58.129,1.54425,1.54485,1.00,1.20
2008.11.14 13:46:58.599,1.54435,1.54495,1.20,2.40
2008.11.14 13:46:59.009,1.54435,1.5449,1.20,1.20
2008.11.14 13:46:59.479,1.5442,1.5448,1.20,1.20
2008.11.14 13:46:59.769,1.544,1.5448,1.20,1.20
2008.11.14 13:47:00.158,1.54435,1.54489,1.00,1.00
2008.11.14 13:47:00.608,1.54445,1.545,1.00,1.20
2008.11.14 13:47:01.228,1.5445,1.545,1.00,1.20
2008.11.14 13:47:01.698,1.54455,1.54515,1.80,2.40
2008.11.14 13:47:02.038,1.54455,1.54515,1.20,2.40
2008.11.14 13:47:02.378,1.54435,1.54535,1.20,1.20
2008.11.14 13:47:03.148,1.54455,1.5455,1.20,1.20
2008.11.14 13:47:03.538,1.54455,1.54555,2.40,1.20
2008.11.14 13:47:04.218,1.54455,1.5455,1.20,1.20
2008.11.14 13:47:04.567,1.5445,1.5455,1.20,1.20
2008.11.14 13:47:04.848,1.5452,1.5458,1.20,1.20
2008.11.14 13:47:05.407,1.54475,1.5456,1.20,1.20
2008.11.14 13:47:05.697,1.545,1.54545,1.20,2.40
2008.11.14 13:47:06.047,1.54505,1.54545,1.00,1.00
2008.11.14 13:47:06.337,1.54495,1.54545,2.10,1.20
2008.11.14 13:47:07.147,1.54465,1.5454,1.20,1.20
2008.11.14 13:47:07.497,1.545,1.54535,1.00,1.00
2008.11.14 13:47:08.047,1.5448,1.54554,1.80,1.00
2008.11.14 13:47:08.447,1.54465,1.5453,1.00,1.20
2008.11.14 13:47:08.787,1.54465,1.54525,1.20,1.20
2008.11.14 13:47:09.166,1.54475,1.54515,1.20,2.40
2008.11.14 13:47:09.576,1.54445,1.54525,2.40,2.40
2008.11.14 13:47:09.956,1.5448,1.54515,1.20,1.00
2008.11.14 13:47:10.526,1.5446,1.5452,1.20,1.20
2008.11.14 13:47:11.616,1.5448,1.5453,1.00,1.20
2008.11.14 13:47:12.246,1.5453,1.54535,2.60,1.20
2008.11.14 13:47:12.706,1.54545,1.54615,1.00,2.00
2008.11.14 13:47:13.056,1.54545,1.54555,1.20,1.20
2008.11.14 13:47:13.455,1.54545,1.54555,1.00,1.20
2008.11.14 13:47:14.205,1.545,1.54555,2.40,2.40
2008.11.14 13:47:14.545,1.54495,1.54545,1.20,1.20
2008.11.14 13:47:15.125,1.54495,1.54525,1.20,1.20
2008.11.14 13:47:15.575,1.5452,1.5456,1.00,1.20
2008.11.14 13:47:15.865,1.54525,1.5459,1.00,2.40
2008.11.14 13:47:16.215,1.5453,1.54595,1.00,1.20
2008.11.14 13:47:16.615,1.54525,1.54585,1.00,1.20
2008.11.14 13:47:17.354,1.5452,1.54585,2.10,1.20
2008.11.14 13:47:18.034,1.5453,1.5459,1.00,1.20
2008.11.14 13:47:18.444,1.5448,1.54555,1.20,1.20
2008.11.14 13:47:19.304,1.5448,1.54545,2.10,1.20
2008.11.14 13:47:19.774,1.54485,1.5457,1.00,1.20
2008.11.14 13:47:20.114,1.54495,1.54575,1.20,1.20
2008.11.14 13:47:20.614,1.54495,1.5458,2.10,1.20
2008.11.14 13:47:20.884,1.54495,1.54584,1.20,1.00
2008.11.14 13:47:21.174,1.545,1.5459,2.40,1.20
2008.11.14 13:47:21.583,1.54505,1.54585,1.20,1.20
2008.11.14 13:47:22.083,1.545,1.54595,2.40,1.20
2008.11.14 13:47:22.373,1.54505,1.54605,1.20,2.40
2008.11.14 13:47:22.723,1.5451,1.546,1.20,1.20
2008.11.14 13:47:23.123,1.5451,1.54595,1.20,1.20
2008.11.14 13:47:24.443,1.5453,1.546,1.20,1.20
2008.11.14 13:47:25.063,1.5453,1.5463,1.20,2.40
2008.11.14 13:47:25.462,1.54535,1.5463,1.20,1.20
2008.11.14 13:47:26.012,1.54545,1.5464,1.20,2.40
2008.11.14 13:47:26.592,1.54545,1.5464,1.20,1.20
2008.11.14 13:47:28.512,1.54545,1.54645,1.20,1.20
2008.11.14 13:47:29.381,1.54595,1.54675,1.20,1.20
2008.11.14 13:47:30.131,1.5463,1.5467,1.20,1.20
2008.11.14 13:47:30.481,1.546,1.5466,1.00,1.20
2008.11.14 13:47:31.041,1.54605,1.54665,1.00,1.20
2008.11.14 13:47:31.511,1.54605,1.5466,1.20,1.20
2008.11.14 13:47:31.841,1.54595,1.54645,1.80,1.20
2008.11.14 13:47:32.381,1.54605,1.54645,1.20,1.20
2008.11.14 13:47:33.071,1.5461,1.54645,1.20,1.20
2008.11.14 13:47:33.710,1.546,1.54665,1.20,1.20
2008.11.14 13:47:34.330,1.5459,1.54645,1.20,1.20
2008.11.14 13:47:34.860,1.54585,1.54645,1.20,1.00
2008.11.14 13:47:35.160,1.54585,1.54655,1.20,1.20
2008.11.14 13:47:35.790,1.54585,1.54635,1.20,1.20
2008.11.14 13:47:36.250,1.54555,1.54635,1.20,1.20
2008.11.14 13:47:36.600,1.5455,1.54634,1.00,1.00
2008.11.14 13:47:36.950,1.5455,1.54635,2.10,1.20
2008.11.14 13:47:37.240,1.5455,1.54635,3.30,1.20
2008.11.14 13:47:37.990,1.54555,1.54635,1.20,1.20
2008.11.14 13:47:39.469,1.5455,1.5463,1.20,1.20
2008.11.14 13:47:39.939,1.5456,1.54634,1.00,1.00
2008.11.14 13:47:40.299,1.5456,1.5464,1.00,1.20
2008.11.14 13:47:40.409,1.5456,1.5464,2.10,1.20
2008.11.14 13:47:41.899,1.54565,1.5464,1.00,1.20
2008.11.14 13:47:42.009,1.5457,1.54655,1.00,2.40
2008.11.14 13:47:42.518,1.5457,1.54655,1.20,2.40
2008.11.14 13:47:42.938,1.5457,1.54655,1.20,1.20
2008.11.14 13:47:43.508,1.5459,1.54645,1.00,1.20
2008.11.14 13:47:44.028,1.5459,1.54655,1.00,1.20
2008.11.14 13:47:44.718,1.546,1.54665,2.10,1.20
2008.11.14 13:47:45.048,1.546,1.54665,1.00,1.20
2008.11.14 13:47:45.388,1.546,1.54665,2.10,1.20
2008.11.14 13:47:45.847,1.546,1.54665,1.20,1.20
2008.11.14 13:47:46.078,1.54595,1.5466,2.10,1.20
2008.11.14 13:47:46.777,1.54595,1.5466,1.20,1.20
2008.11.14 13:47:47.067,1.5459,1.54665,1.00,1.20
2008.11.14 13:47:49.697,1.54585,1.54665,1.50,1.20
2008.11.14 13:47:49.927,1.54585,1.54655,2.10,2.40
2008.11.14 13:47:50.557,1.54575,1.54655,2.10,1.20
2008.11.14 13:47:52.686,1.54585,1.54655,1.00,2.40
2008.11.14 13:47:54.855,1.5458,1.54645,1.20,1.20
2008.11.14 13:47:55.195,1.54575,1.54655,2.10,1.20
2008.11.14 13:47:55.725,1.54585,1.54655,1.00,1.20
2008.11.14 13:47:56.065,1.54585,1.5466,1.00,1.20
2008.11.14 13:47:56.355,1.54585,1.5466,2.10,1.20
2008.11.14 13:47:57.325,1.54575,1.54655,2.40,1.20
2008.11.14 13:47:57.765,1.54575,1.54655,2.10,1.20
2008.11.14 13:47:58.455,1.5456,1.54635,2.10,1.00
2008.11.14 13:47:59.424,1.5456,1.54635,1.00,1.00
2008.11.14 13:47:59.705,1.54565,1.5464,1.00,1.20
2008.11.14 13:48:00.234,1.5457,1.5465,1.00,1.20
2008.11.14 13:48:00.644,1.5457,1.54655,2.10,3.60
2008.11.14 13:48:01.104,1.5457,1.54645,2.10,1.20
2008.11.14 13:48:01.494,1.5456,1.54635,2.10,1.20
2008.11.14 13:48:01.834,1.5457,1.54655,1.00,3.60
2008.11.14 13:48:02.054,1.5457,1.54655,2.10,3.60
2008.11.14 13:48:02.284,1.5457,1.54655,2.10,2.40
2008.11.14 13:48:02.623,1.5457,1.54645,1.80,1.20
2008.11.14 13:48:03.264,1.54565,1.54645,2.40,1.20
2008.11.14 13:48:03.793,1.54565,1.5464,2.40,2.40
2008.11.14 13:48:04.523,1.54555,1.5463,3.60,1.20
2008.11.14 13:48:04.943,1.54555,1.5463,1.20,1.20
2008.11.14 13:48:06.033,1.54565,1.54634,1.00,1.00
2008.11.14 13:48:06.263,1.54565,1.54635,2.10,1.20
2008.11.14 13:48:06.613,1.54565,1.54635,1.20,1.20
2008.11.14 13:48:07.062,1.5456,1.5463,1.00,1.20
2008.11.14 13:48:07.402,1.5456,1.54635,1.00,1.20
2008.11.14 13:48:07.972,1.5456,1.5463,1.00,1.20
2008.11.14 13:48:08.472,1.5454,1.54615,2.10,1.20
2008.11.14 13:48:09.452,1.5454,1.5461,1.20,1.20
2008.11.14 13:48:09.912,1.54545,1.5462,1.00,3.60
2008.11.14 13:48:10.452,1.54535,1.5461,1.00,1.20
2008.11.14 13:48:10.852,1.54535,1.5461,2.10,1.20
2008.11.14 13:48:11.211,1.5456,1.5461,1.00,1.20
2008.11.14 13:48:11.611,1.5456,1.5461,1.00,1.00
2008.11.14 13:48:11.971,1.54555,1.54625,1.00,1.20
2008.11.14 13:48:12.562,1.54555,1.5463,1.00,1.20
2008.11.14 13:48:14.261,1.5456,1.5463,1.00,1.20
2008.11.14 13:48:14.712,1.54565,1.5464,2.10,2.40
2008.11.14 13:48:15.230,1.54565,1.5464,2.10,1.20
2008.11.14 13:48:15.930,1.54565,1.54645,3.90,1.20
2008.11.14 13:48:16.390,1.5458,1.54655,1.00,2.40
2008.11.14 13:48:17.080,1.5459,1.5466,1.00,1.20
2008.11.14 13:48:17.430,1.5459,1.54665,2.10,1.20
2008.11.14 13:48:17.950,1.5461,1.5468,1.00,3.60
2008.11.14 13:48:18.350,1.5461,1.5468,1.00,1.20
2008.11.14 13:48:18.740,1.54605,1.5468,1.50,1.20
2008.11.14 13:48:19.260,1.54595,1.54665,2.10,1.20
2008.11.14 13:48:19.999,1.54595,1.5466,1.20,2.40
2008.11.14 13:48:20.279,1.54575,1.54645,1.20,1.20
2008.11.14 13:48:20.569,1.54575,1.54635,1.20,1.20
2008.11.14 13:48:21.009,1.5457,1.54635,1.20,1.20
2008.11.14 13:48:21.539,1.5457,1.54625,1.20,1.20
2008.11.14 13:48:21.709,1.5459,1.5466,1.00,2.20
2008.11.14 13:48:21.949,1.5459,1.5465,1.00,1.00
2008.11.14 13:48:22.069,1.5459,1.5466,2.10,1.00
2008.11.14 13:48:22.829,1.5459,1.54639,2.10,1.00
2008.11.14 13:48:23.730,1.5458,1.54639,3.30,1.00
2008.11.14 13:48:24.138,1.5458,1.54645,1.00,1.20
2008.11.14 13:48:24.578,1.5458,1.5464,1.00,1.20
2008.11.14 13:48:26.498,1.54585,1.5465,1.20,1.20
2008.11.14 13:48:26.888,1.54605,1.54675,1.00,2.40
2008.11.14 13:48:27.187,1.54605,1.54675,1.00,1.20
2008.11.14 13:48:27.577,1.54605,1.5467,3.90,1.00
2008.11.14 13:48:27.917,1.54615,1.54689,1.00,1.00
2008.11.14 13:48:28.357,1.54615,1.54689,2.10,1.00
2008.11.14 13:48:28.707,1.54625,1.5468,1.00,1.00
2008.11.14 13:48:29.257,1.54635,1.5471,1.00,2.40
2008.11.14 13:48:29.927,1.54645,1.5472,2.10,2.40
2008.11.14 13:48:30.447,1.54645,1.5472,1.00,1.20
2008.11.14 13:48:30.747,1.5464,1.54715,2.10,1.20
2008.11.14 13:48:31.087,1.54645,1.5472,1.00,1.20
2008.11.14 13:48:31.387,1.5464,1.5472,3.90,1.20
2008.11.14 13:48:31.846,1.54645,1.54715,2.10,1.20
2008.11.14 13:48:32.196,1.54645,1.547,1.20,1.20
2008.11.14 13:48:32.646,1.5464,1.547,2.10,1.20
2008.11.14 13:48:33.147,1.54635,1.547,2.70,1.20
2008.11.14 13:48:33.736,1.54635,1.54695,2.10,1.20
2008.11.14 13:48:35.046,1.5464,1.54695,1.00,1.20
2008.11.14 13:48:35.506,1.54645,1.54705,1.00,1.20
2008.11.14 13:48:36.035,1.54655,1.54705,1.00,1.20
2008.11.14 13:48:36.325,1.54655,1.54715,1.00,1.20
2008.11.14 13:48:38.615,1.54655,1.54715,2.10,1.20
2008.11.14 13:48:39.135,1.54645,1.54705,2.10,1.20
2008.11.14 13:48:39.475,1.5464,1.547,3.30,1.20
2008.11.14 13:48:39.904,1.54645,1.547,1.50,1.20
2008.11.14 13:48:40.245,1.5465,1.5472,1.00,2.40
2008.11.14 13:48:40.694,1.54645,1.5471,1.20,1.00
2008.11.14 13:48:41.104,1.54635,1.54695,2.10,1.00
2008.11.14 13:48:41.404,1.54635,1.54689,1.20,1.00
2008.11.14 13:48:41.674,1.5463,1.54685,1.20,1.20
2008.11.14 13:48:42.134,1.54625,1.54675,1.20,1.20
2008.11.14 13:48:42.794,1.5462,1.54675,1.20,1.20
2008.11.14 13:48:43.134,1.5461,1.54665,2.10,1.20
2008.11.14 13:48:43.534,1.54605,1.54665,1.20,1.20
2008.11.14 13:48:44.254,1.546,1.5467,2.10,1.20
2008.11.14 13:48:44.653,1.5462,1.54685,1.80,1.20
2008.11.14 13:48:45.163,1.5463,1.54675,1.00,1.20
2008.11.14 13:48:45.613,1.54635,1.54685,1.00,1.20
2008.11.14 13:48:46.023,1.54635,1.54685,2.10,1.20
2008.11.14 13:48:46.303,1.54635,1.5469,2.10,1.20
2008.11.14 13:48:46.763,1.5464,1.54695,1.00,1.20
2008.11.14 13:48:46.993,1.5466,1.54705,1.20,1.20
2008.11.14 13:48:47.403,1.5467,1.54705,1.20,1.20
2008.11.14 13:48:48.083,1.5468,1.54715,1.00,1.20
2008.11.14 13:48:48.432,1.54685,1.54725,1.20,1.20
2008.11.14 13:48:48.842,1.5468,1.54725,2.40,1.20
2008.11.14 13:48:49.462,1.5469,1.54755,1.20,1.20
2008.11.14 13:48:49.862,1.54745,1.5477,1.00,1.20
2008.11.14 13:48:50.322,1.54745,1.5479,1.00,1.20
2008.11.14 13:48:50.782,1.54745,1.54795,1.00,1.20
2008.11.14 13:48:51.062,1.54745,1.548,1.00,1.20
2008.11.14 13:48:51.352,1.54735,1.54799,1.20,1.00
2008.11.14 13:48:51.681,1.54725,1.54795,1.00,1.20
2008.11.14 13:48:52.082,1.54735,1.5481,1.00,1.20
2008.11.14 13:48:52.262,1.54735,1.5481,2.10,2.40
2008.11.14 13:48:53.701,1.54735,1.54805,2.10,1.20
2008.11.14 13:48:54.051,1.5471,1.54785,2.10,1.20
2008.11.14 13:48:54.481,1.5471,1.5477,1.20,1.20
2008.11.14 13:48:55.001,1.547,1.5477,2.10,1.20
2008.11.14 13:48:55.701,1.547,1.5477,1.20,1.20
2008.11.14 13:48:55.870,1.54685,1.5476,3.30,1.20
2008.11.14 13:48:56.191,1.5468,1.5475,4.50,1.20
2008.11.14 13:48:56.421,1.5469,1.5475,1.20,1.20
2008.11.14 13:48:56.541,1.5468,1.54764,1.20,1.00
2008.11.14 13:48:56.830,1.5468,1.54765,1.20,1.20
2008.11.14 13:48:57.170,1.54675,1.54749,1.20,1.00
2008.11.14 13:48:57.290,1.54665,1.54745,1.20,1.20
2008.11.14 13:48:58.160,1.54665,1.54755,2.10,2.40
2008.11.14 13:48:58.600,1.5467,1.54755,1.20,2.40
2008.11.14 13:48:59.010,1.547,1.54755,1.00,1.20
2008.11.14 13:48:59.400,1.54695,1.54765,1.00,1.20
2008.11.14 13:48:59.790,1.5469,1.54764,1.20,1.00
2008.11.14 13:49:00.299,1.54675,1.54749,1.20,1.00
2008.11.14 13:49:00.699,1.54665,1.54745,1.20,1.20
2008.11.14 13:49:01.329,1.5466,1.54715,1.20,1.20
2008.11.14 13:49:01.969,1.5464,1.54714,4.50,1.00
2008.11.14 13:49:02.669,1.5466,1.54735,1.00,1.20
2008.11.14 13:49:02.959,1.54665,1.5474,1.20,1.20
2008.11.14 13:49:04.019,1.54665,1.54745,1.20,3.40
2008.11.14 13:49:04.699,1.54665,1.54745,2.10,2.20
2008.11.14 13:49:05.028,1.54675,1.5475,2.10,1.20
2008.11.14 13:49:07.568,1.54675,1.5474,2.10,1.20
2008.11.14 13:49:08.028,1.54665,1.5474,1.20,2.20
2008.11.14 13:49:08.518,1.5467,1.5475,1.20,1.20
2008.11.14 13:49:09.288,1.5467,1.5475,1.20,2.20
2008.11.14 13:49:09.627,1.54665,1.5474,1.20,1.20
2008.11.14 13:49:10.837,1.54675,1.5474,1.00,1.20
2008.11.14 13:49:11.297,1.54685,1.5474,1.20,1.20
2008.11.14 13:49:11.417,1.54685,1.54745,1.20,2.20
2008.11.14 13:49:11.807,1.54685,1.54735,1.20,1.00
2008.11.14 13:49:12.217,1.54685,1.54735,2.10,1.00
2008.11.14 13:49:12.797,1.54685,1.54755,2.10,1.20
2008.11.14 13:49:13.486,1.54685,1.54755,2.10,2.40
2008.11.14 13:49:14.286,1.54685,1.54755,2.10,2.40
2008.11.14 13:49:15.096,1.547,1.54755,1.00,2.40
2008.11.14 13:49:15.446,1.547,1.54765,1.00,1.20
2008.11.14 13:49:16.226,1.547,1.5477,1.00,2.40
2008.11.14 13:49:17.076,1.54705,1.5478,1.00,2.40
2008.11.14 13:49:17.425,1.54705,1.54775,1.00,1.20
2008.11.14 13:49:18.055,1.54715,1.54795,1.20,4.80
2008.11.14 13:49:18.625,1.5472,1.54795,1.00,1.20
2008.11.14 13:49:19.025,1.54725,1.5481,2.10,1.20
2008.11.14 13:49:19.945,1.5473,1.5482,2.10,2.40
2008.11.14 13:49:20.465,1.5474,1.5482,1.20,1.00
2008.11.14 13:49:20.865,1.5474,1.54825,1.20,2.40
2008.11.14 13:49:21.494,1.54735,1.54825,2.10,2.40
2008.11.14 13:49:21.725,1.54745,1.54825,1.20,1.20
2008.11.14 13:49:22.114,1.5476,1.5485,2.10,2.40
2008.11.14 13:49:22.454,1.54755,1.5484,2.10,1.20
2008.11.14 13:49:22.964,1.54755,1.54839,1.20,1.00
2008.11.14 13:49:23.364,1.5474,1.5482,1.20,1.20
2008.11.14 13:49:23.705,1.54735,1.54825,2.10,1.20
2008.11.14 13:49:24.254,1.54725,1.54805,1.20,1.20
2008.11.14 13:49:24.534,1.5472,1.5482,1.20,3.60
2008.11.14 13:49:25.154,1.5472,1.54805,2.10,1.20
2008.11.14 13:49:25.493,1.54715,1.54805,1.20,1.20
2008.11.14 13:49:26.123,1.54715,1.54795,1.20,1.20
2008.11.14 13:49:26.603,1.54705,1.5479,2.10,1.20
2008.11.14 13:49:27.603,1.5469,1.54775,1.80,1.20
2008.11.14 13:49:27.983,1.54695,1.54775,1.20,1.20
2008.11.14 13:49:28.333,1.54705,1.54785,1.20,1.00
2008.11.14 13:49:29.283,1.54705,1.54805,1.20,1.20
2008.11.14 13:49:29.752,1.547,1.548,1.20,2.40
2008.11.14 13:49:30.142,1.54695,1.54795,1.20,1.20
2008.11.14 13:49:32.972,1.5469,1.5479,1.20,1.20
2008.11.14 13:49:34.042,1.54685,1.54785,1.20,1.20
2008.11.14 13:49:36.891,1.54695,1.54785,1.00,1.20
2008.11.14 13:49:37.290,1.54695,1.54785,1.00,2.40
2008.11.14 13:49:37.861,1.54695,1.5478,1.00,1.20
2008.11.14 13:49:38.480,1.5468,1.5477,3.30,1.20
2008.11.14 13:49:38.871,1.5468,1.5477,2.10,1.20
2008.11.14 13:49:40.140,1.5468,1.54769,2.10,1.00
2008.11.14 13:49:40.820,1.5467,1.5476,2.10,1.20
2008.11.14 13:49:41.750,1.54675,1.54765,1.00,1.20
2008.11.14 13:49:42.099,1.5467,1.5476,2.10,1.20
2008.11.14 13:49:42.479,1.54665,1.54745,1.80,1.20
2008.11.14 13:49:42.810,1.54655,1.54745,2.10,1.20
2008.11.14 13:49:44.519,1.54655,1.54745,1.20,1.20
2008.11.14 13:49:44.639,1.5465,1.54745,1.20,1.20
2008.11.14 13:49:46.349,1.5465,1.5475,1.20,1.20
2008.11.14 13:49:46.629,1.54655,1.54755,1.20,1.20
2008.11.14 13:49:46.978,1.5466,1.5476,1.20,1.20
2008.11.14 13:49:47.098,1.5466,1.5476,2.40,1.20
2008.11.14 13:49:47.818,1.54665,1.54765,1.20,1.20
2008.11.14 13:49:48.208,1.54665,1.54765,2.40,1.20
2008.11.14 13:49:48.618,1.54675,1.54775,1.20,1.20
2008.11.14 13:49:49.028,1.5468,1.5478,1.20,1.20
2008.11.14 13:49:49.468,1.54685,1.54785,1.20,1.20
2008.11.14 13:49:50.038,1.54735,1.54795,1.00,1.20
2008.11.14 13:49:50.437,1.5473,1.54795,2.10,1.20
2008.11.14 13:49:50.837,1.54735,1.548,1.00,1.20
2008.11.14 13:49:51.007,1.5475,1.5481,1.00,2.40
2008.11.14 13:49:51.297,1.5475,1.5481,1.00,1.20
2008.11.14 13:49:51.657,1.54745,1.54795,1.80,1.20
2008.11.14 13:49:52.217,1.54715,1.54764,1.20,1.00
2008.11.14 13:49:52.567,1.54685,1.54755,2.10,1.20
2008.11.14 13:49:52.917,1.5469,1.5476,1.00,1.20
2008.11.14 13:49:53.247,1.5468,1.54755,2.10,1.20
2008.11.14 13:49:53.577,1.5468,1.54755,1.00,2.40
2008.11.14 13:49:53.987,1.5473,1.54755,1.00,2.40
2008.11.14 13:49:54.497,1.5472,1.548,2.40,1.20
2008.11.14 13:49:54.896,1.54715,1.548,2.10,1.20
2008.11.14 13:49:55.197,1.5472,1.548,1.20,2.20
2008.11.14 13:49:55.556,1.54725,1.54805,1.00,1.20
2008.11.14 13:49:55.856,1.54725,1.5481,1.00,1.20
2008.11.14 13:49:56.416,1.54725,1.5481,2.10,1.20
2008.11.14 13:49:56.696,1.54725,1.5479,1.20,1.20
2008.11.14 13:49:57.106,1.5471,1.5479,2.10,1.20
2008.11.14 13:49:57.466,1.5472,1.548,1.00,3.60
2008.11.14 13:49:57.826,1.54725,1.54795,1.50,1.20
2008.11.14 13:49:58.116,1.54735,1.54795,1.00,1.20
2008.11.14 13:49:58.535,1.54735,1.548,2.10,1.20
2008.11.14 13:49:58.935,1.5477,1.5483,1.00,3.40
2008.11.14 13:49:59.485,1.5478,1.5483,1.00,1.20
2008.11.14 13:49:59.885,1.54765,1.5484,1.00,1.20
2008.11.14 13:50:00.225,1.5477,1.5484,1.00,1.20
2008.11.14 13:50:01.105,1.54765,1.5484,1.80,3.60
2008.11.14 13:50:01.325,1.5475,1.54825,1.00,1.20
2008.11.14 13:50:01.605,1.5475,1.5482,1.00,1.20
2008.11.14 13:50:01.895,1.5473,1.5481,2.40,1.20
2008.11.14 13:50:02.075,1.5473,1.54805,1.20,1.20
2008.11.14 13:50:02.194,1.5478,1.5481,1.00,1.20
2008.11.14 13:50:02.864,1.54795,1.54855,1.00,2.40
2008.11.14 13:50:03.304,1.54795,1.5486,1.50,1.20
2008.11.14 13:50:03.815,1.54795,1.54855,1.50,1.20
2008.11.14 13:50:04.224,1.54795,1.54855,1.00,1.20
2008.11.14 13:50:04.854,1.5479,1.5484,1.80,1.20
2008.11.14 13:50:05.294,1.5475,1.548,1.20,1.20
2008.11.14 13:50:05.684,1.5475,1.54805,1.00,1.00
2008.11.14 13:50:06.314,1.5475,1.54799,1.00,1.00
2008.11.14 13:50:06.484,1.54745,1.54799,2.10,1.00
2008.11.14 13:50:06.943,1.54745,1.54815,2.10,1.20
2008.11.14 13:50:07.293,1.54755,1.54815,1.00,3.60
2008.11.14 13:50:07.923,1.5473,1.54805,2.70,2.40
2008.11.14 13:50:08.333,1.54735,1.54805,2.10,1.20
2008.11.14 13:50:09.773,1.54755,1.54805,1.00,1.20
2008.11.14 13:50:10.193,1.54755,1.54825,1.00,1.20
2008.11.14 13:50:10.553,1.5476,1.54825,1.00,1.20
2008.11.14 13:50:11.373,1.5476,1.54835,2.10,2.40
2008.11.14 13:50:11.772,1.5475,1.5481,1.20,1.20
2008.11.14 13:50:12.362,1.5474,1.5481,2.10,1.20
2008.11.14 13:50:12.812,1.5474,1.5481,1.00,1.20
2008.11.14 13:50:13.472,1.54745,1.5481,1.00,1.20
2008.11.14 13:50:13.862,1.54725,1.54795,2.10,1.20
2008.11.14 13:50:14.202,1.5473,1.54795,1.20,1.20
2008.11.14 13:50:14.602,1.54725,1.54795,2.10,1.20
2008.11.14 13:50:15.611,1.5473,1.54795,1.00,1.20
2008.11.14 13:50:15.891,1.5473,1.548,1.00,1.20
2008.11.14 13:50:16.241,1.5473,1.548,2.10,1.20
2008.11.14 13:50:16.411,1.5474,1.5481,1.00,2.40
2008.11.14 13:50:17.951,1.54735,1.5481,1.80,2.40
2008.11.14 13:50:18.241,1.54735,1.5481,1.80,1.20
2008.11.14 13:50:18.471,1.54725,1.54795,2.70,1.20
2008.11.14 13:50:18.871,1.5472,1.54795,2.70,1.20
2008.11.14 13:50:19.451,1.5472,1.5479,1.00,1.20
2008.11.14 13:50:19.800,1.54725,1.548,2.10,1.20
2008.11.14 13:50:20.300,1.5473,1.548,1.00,1.20
2008.11.14 13:50:20.580,1.5473,1.548,2.10,1.20
2008.11.14 13:50:23.040,1.5474,1.548,1.00,1.20
2008.11.14 13:50:23.490,1.5474,1.5481,1.00,2.40
2008.11.14 13:50:24.069,1.54735,1.5479,1.20,1.20
2008.11.14 13:50:24.409,1.5473,1.548,1.00,1.20
2008.11.14 13:50:24.699,1.5473,1.548,2.10,1.20
2008.11.14 13:50:25.719,1.5473,1.54795,1.20,1.20
2008.11.14 13:50:26.069,1.5473,1.548,2.10,1.20
2008.11.14 13:50:27.669,1.54735,1.548,1.00,1.20
2008.11.14 13:50:28.189,1.54735,1.5481,1.00,2.40
2008.11.14 13:50:28.538,1.5473,1.54805,2.10,2.40
2008.11.14 13:50:28.878,1.5473,1.548,2.10,1.20
2008.11.14 13:50:29.398,1.54745,1.5481,1.00,2.40
2008.11.14 13:50:29.958,1.54735,1.548,1.20,1.20
2008.11.14 13:50:30.358,1.54735,1.54805,2.10,1.20
2008.11.14 13:50:30.908,1.5473,1.548,2.10,1.20
2008.11.14 13:50:31.778,1.5473,1.5481,3.30,1.20
2008.11.14 13:50:32.128,1.5475,1.5482,1.00,2.20
2008.11.14 13:50:32.527,1.5475,1.54825,1.00,1.20
2008.11.14 13:50:33.537,1.54755,1.54825,1.00,1.20
2008.11.14 13:50:35.877,1.5476,1.54835,1.00,2.40
2008.11.14 13:50:36.176,1.5476,1.5483,2.10,1.20
2008.11.14 13:50:36.816,1.5476,1.54825,2.10,1.20
2008.11.14 13:50:37.236,1.54755,1.54825,1.00,1.20
2008.11.14 13:50:37.866,1.5475,1.5482,1.00,1.20
2008.11.14 13:50:38.197,1.5475,1.5482,1.00,2.40
2008.11.14 13:50:38.606,1.54725,1.54795,2.10,1.20
2008.11.14 13:50:38.966,1.5473,1.548,1.00,2.40
2008.11.14 13:50:39.306,1.54725,1.5479,1.00,1.20
2008.11.14 13:50:39.766,1.5471,1.5479,4.50,1.20
2008.11.14 13:50:40.105,1.54725,1.54795,2.10,1.20
2008.11.14 13:50:40.486,1.5472,1.5477,2.10,1.20
2008.11.14 13:50:40.885,1.5471,1.5478,1.00,1.20
2008.11.14 13:50:41.475,1.5471,1.5478,1.00,2.40
2008.11.14 13:50:42.665,1.54725,1.5478,1.00,1.20
2008.11.14 13:50:43.005,1.5472,1.5479,1.00,2.40
2008.11.14 13:50:44.984,1.54725,1.5479,1.00,2.40
2008.11.14 13:50:45.314,1.54725,1.5479,2.10,1.20
2008.11.14 13:50:45.614,1.5473,1.54795,2.10,1.20
2008.11.14 13:50:46.064,1.5474,1.54795,1.00,1.20
2008.11.14 13:50:46.474,1.5473,1.548,1.20,1.20
2008.11.14 13:50:46.764,1.54715,1.54805,3.30,2.40
2008.11.14 13:50:47.094,1.54715,1.54805,3.30,3.60
2008.11.14 13:50:47.504,1.54725,1.54789,1.20,1.00
2008.11.14 13:50:47.914,1.54705,1.54789,2.10,1.00
2008.11.14 13:50:48.373,1.54705,1.5479,2.10,2.40
2008.11.14 13:50:48.954,1.54705,1.54785,2.10,1.20
2008.11.14 13:50:49.433,1.547,1.5478,3.30,1.20
2008.11.14 13:50:51.683,1.547,1.5478,2.40,1.20
2008.11.14 13:50:51.863,1.54695,1.5478,2.10,2.40
2008.11.14 13:50:52.263,1.54695,1.5478,2.10,3.60
2008.11.14 13:50:52.672,1.547,1.5477,2.10,1.20
2008.11.14 13:50:53.262,1.547,1.5477,1.20,1.20
2008.11.14 13:50:53.552,1.5469,1.5477,3.30,1.20
2008.11.14 13:50:53.782,1.547,1.54775,2.10,1.20
2008.11.14 13:50:54.422,1.547,1.54785,3.30,3.60
2008.11.14 13:50:54.982,1.547,1.5478,2.10,1.20
2008.11.14 13:50:55.362,1.54715,1.5478,1.00,1.20
2008.11.14 13:50:55.592,1.54715,1.54785,2.10,2.20
2008.11.14 13:50:56.232,1.5472,1.54785,1.00,2.20
2008.11.14 13:50:56.572,1.54725,1.5479,1.00,1.20
2008.11.14 13:50:57.101,1.54725,1.548,1.00,1.20
2008.11.14 13:50:57.391,1.54735,1.5481,1.20,1.20
2008.11.14 13:50:57.731,1.54735,1.54795,1.20,1.00
2008.11.14 13:50:58.751,1.5475,1.54805,1.00,1.00
2008.11.14 13:50:59.102,1.54755,1.54825,1.00,2.20
2008.11.14 13:50:59.491,1.54755,1.54825,2.10,1.20
2008.11.14 13:51:00.701,1.54755,1.54825,1.20,1.20
2008.11.14 13:51:01.061,1.5475,1.5482,1.00,1.20
2008.11.14 13:51:01.340,1.54745,1.5482,1.50,1.20
2008.11.14 13:51:01.690,1.54745,1.5482,2.10,1.20
2008.11.14 13:51:02.150,1.54745,1.54805,2.10,1.00
2008.11.14 13:51:02.950,1.54745,1.54815,2.10,2.20
2008.11.14 13:51:03.520,1.54745,1.54805,2.10,1.00
2008.11.14 13:51:03.870,1.54745,1.5482,2.10,2.40
2008.11.14 13:51:04.440,1.5475,1.5482,1.00,1.20
2008.11.14 13:51:05.250,1.54745,1.54805,2.10,1.00
2008.11.14 13:51:05.709,1.5475,1.54805,1.00,1.00
2008.11.14 13:51:06.189,1.54755,1.54825,1.00,1.20
2008.11.14 13:51:06.529,1.5476,1.54825,1.20,1.20
2008.11.14 13:51:07.169,1.5476,1.5482,1.20,1.00
2008.11.14 13:51:07.409,1.54755,1.54825,1.00,1.20
2008.11.14 13:51:07.639,1.54755,1.54825,2.10,1.20
2008.11.14 13:51:07.979,1.5476,1.5483,2.10,1.20
2008.11.14 13:51:08.848,1.5476,1.54835,2.10,1.20
2008.11.14 13:51:09.238,1.5477,1.54839,1.20,1.00
2008.11.14 13:51:09.559,1.54775,1.5484,1.00,1.20
2008.11.14 13:51:09.858,1.5477,1.5484,2.10,1.20
2008.11.14 13:51:10.198,1.5477,1.5484,1.00,1.20
2008.11.14 13:51:11.738,1.54765,1.5484,1.80,1.20
2008.11.14 13:51:12.038,1.54755,1.5483,1.00,1.20
2008.11.14 13:51:12.498,1.54755,1.54825,1.00,1.20
2008.11.14 13:51:12.728,1.54755,1.54825,2.10,1.20
2008.11.14 13:51:13.118,1.54775,1.54825,1.00,1.20
2008.11.14 13:51:13.477,1.54775,1.54845,1.00,2.40
2008.11.14 13:51:13.868,1.5477,1.54835,1.20,1.20
2008.11.14 13:51:15.167,1.5477,1.54835,1.20,2.40
2008.11.14 13:51:15.717,1.54775,1.54835,1.00,1.20
2008.11.14 13:51:16.137,1.54775,1.5484,1.00,1.20
2008.11.14 13:51:19.066,1.54785,1.54845,1.00,1.20
2008.11.14 13:51:19.476,1.54785,1.5485,2.10,1.20
2008.11.14 13:51:21.036,1.54785,1.54845,2.10,1.20
2008.11.14 13:51:21.505,1.54785,1.54845,1.20,1.20
2008.11.14 13:51:22.165,1.54775,1.54845,1.00,2.20
2008.11.14 13:51:22.975,1.5476,1.54839,2.10,1.00
2008.11.14 13:51:23.385,1.5475,1.54824,2.70,1.00
2008.11.14 13:51:23.735,1.54755,1.5482,1.20,1.20
2008.11.14 13:51:24.365,1.54755,1.54814,1.20,1.00
2008.11.14 13:51:25.205,1.5476,1.54814,2.10,1.00
2008.11.14 13:51:25.585,1.5477,1.54825,1.20,2.40
2008.11.14 13:51:25.994,1.5477,1.54825,1.20,1.20
2008.11.14 13:51:26.254,1.54765,1.54825,1.20,1.20
2008.11.14 13:51:26.594,1.5477,1.5483,1.20,1.20
2008.11.14 13:51:27.454,1.5477,1.54835,2.10,1.20
2008.11.14 13:51:27.795,1.5477,1.54835,1.20,1.20
2008.11.14 13:51:28.464,1.54765,1.5483,1.20,1.20
2008.11.14 13:51:28.644,1.5474,1.5482,2.40,1.20
2008.11.14 13:51:29.164,1.5474,1.5482,2.40,2.40
2008.11.14 13:51:29.564,1.5474,1.54815,1.20,1.20
2008.11.14 13:51:30.393,1.5474,1.54805,1.20,1.20
2008.11.14 13:51:30.994,1.5474,1.5481,1.20,1.20
2008.11.14 13:51:31.753,1.54735,1.5481,2.10,1.20
2008.11.14 13:51:34.562,1.54735,1.54805,1.20,1.20
2008.11.14 13:51:34.722,1.54735,1.5481,1.20,2.40
2008.11.14 13:51:34.842,1.5473,1.5481,2.10,2.40
2008.11.14 13:51:35.272,1.5473,1.54805,2.10,1.20
2008.11.14 13:51:35.612,1.5472,1.5479,2.10,1.20
2008.11.14 13:51:35.732,1.5473,1.54799,1.00,1.00
2008.11.14 13:51:35.902,1.5473,1.54805,2.10,2.40
2008.11.14 13:51:37.042,1.54745,1.548,1.00,2.40
2008.11.14 13:51:37.332,1.54745,1.548,1.00,3.60
2008.11.14 13:51:37.661,1.5472,1.54795,1.00,1.20
2008.11.14 13:51:37.992,1.5471,1.54795,2.10,2.40
2008.11.14 13:51:38.392,1.54715,1.5478,1.00,1.20
2008.11.14 13:51:38.971,1.5471,1.54774,2.10,1.00
2008.11.14 13:51:39.581,1.5471,1.54764,1.00,1.00
2008.11.14 13:51:40.101,1.5471,1.54755,1.00,1.20
2008.11.14 13:51:40.661,1.547,1.54755,2.10,1.20
2008.11.14 13:51:41.291,1.547,1.54755,1.00,1.20
2008.11.14 13:51:41.571,1.547,1.54755,2.10,1.20
2008.11.14 13:51:42.491,1.547,1.5475,2.10,1.20
2008.11.14 13:51:42.831,1.5471,1.5475,1.00,1.20
2008.11.14 13:51:43.520,1.5472,1.54765,1.00,1.20
2008.11.14 13:51:43.870,1.5472,1.54765,1.20,2.40
2008.11.14 13:51:44.560,1.5472,1.54775,2.10,1.20
2008.11.14 13:51:44.840,1.54715,1.54775,1.00,2.40
2008.11.14 13:51:45.510,1.5472,1.5478,1.00,1.20
2008.11.14 13:51:45.970,1.5472,1.5477,1.20,1.20
2008.11.14 13:51:46.320,1.54715,1.5477,1.00,1.20
2008.11.14 13:51:46.660,1.5471,1.54765,2.10,1.20
2008.11.14 13:51:46.900,1.5471,1.54765,1.00,1.20
2008.11.14 13:51:47.419,1.54715,1.5477,1.00,1.20
2008.11.14 13:51:47.699,1.54725,1.5477,1.00,1.20
2008.11.14 13:51:47.929,1.5472,1.54785,1.00,2.20
2008.11.14 13:51:48.099,1.54725,1.54775,1.20,1.20
2008.11.14 13:51:48.459,1.5472,1.54775,2.10,1.20
2008.11.14 13:51:48.739,1.5472,1.5477,1.20,1.20
2008.11.14 13:51:49.099,1.54715,1.5477,1.50,1.00
2008.11.14 13:51:49.379,1.5472,1.54775,2.10,1.20
2008.11.14 13:51:49.729,1.54725,1.5478,1.00,1.20
2008.11.14 13:51:50.129,1.54735,1.5478,1.00,1.20
2008.11.14 13:51:50.308,1.54725,1.54775,1.20,1.20
2008.11.14 13:51:50.419,1.5472,1.54775,2.10,1.20
2008.11.14 13:51:50.848,1.54725,1.5478,1.00,1.20
2008.11.14 13:51:51.349,1.54725,1.54779,2.10,1.00
2008.11.14 13:51:51.648,1.54745,1.5478,1.00,1.20
2008.11.14 13:51:52.108,1.54755,1.54805,1.00,1.20
2008.11.14 13:51:52.458,1.54745,1.54805,1.00,1.20
2008.11.14 13:51:52.978,1.5474,1.54795,1.50,1.20
2008.11.14 13:51:53.248,1.5474,1.54795,2.10,1.20
2008.11.14 13:51:53.488,1.5474,1.54795,1.00,1.20
2008.11.14 13:51:54.647,1.5474,1.5479,1.00,1.20
2008.11.14 13:51:54.927,1.5474,1.54774,1.00,1.00
2008.11.14 13:51:55.157,1.54735,1.5479,1.00,1.20
2008.11.14 13:51:55.518,1.54745,1.5479,1.00,1.20
2008.11.14 13:51:55.867,1.54745,1.54805,1.00,1.20
2008.11.14 13:51:56.037,1.54745,1.548,1.00,1.20
2008.11.14 13:51:57.957,1.5474,1.54795,2.10,1.20
2008.11.14 13:51:58.247,1.54745,1.54795,1.00,1.20
2008.11.14 13:51:58.417,1.54745,1.548,1.00,1.20
2008.11.14 13:51:58.946,1.54745,1.54805,1.00,2.40
2008.11.14 13:51:59.886,1.54745,1.54795,1.00,1.00
2008.11.14 13:52:00.066,1.5475,1.54805,1.20,1.20
2008.11.14 13:52:00.346,1.54745,1.54805,1.00,1.20
2008.11.14 13:52:00.646,1.5474,1.54805,1.50,1.20
2008.11.14 13:52:00.996,1.54735,1.54789,1.50,1.00
2008.11.14 13:52:01.756,1.54735,1.54789,1.00,1.00
2008.11.14 13:52:02.196,1.5474,1.54795,1.00,1.20
2008.11.14 13:52:02.546,1.54745,1.5479,1.00,1.00
2008.11.14 13:52:02.706,1.54745,1.54805,1.00,1.20
2008.11.14 13:52:03.056,1.5475,1.54805,1.00,1.20
2008.11.14 13:52:03.615,1.5474,1.54795,2.10,1.20
2008.11.14 13:52:03.955,1.5475,1.54805,2.10,1.20
2008.11.14 13:52:04.485,1.5474,1.54795,2.10,1.20
2008.11.14 13:52:04.775,1.5474,1.54795,1.00,1.20
2008.11.14 13:52:05.235,1.5474,1.5478,1.00,1.20
2008.11.14 13:52:05.645,1.5474,1.54795,1.00,1.20
2008.11.14 13:52:05.995,1.5474,1.5479,1.00,1.20
2008.11.14 13:52:06.445,1.5474,1.54795,1.00,1.20
2008.11.14 13:52:06.834,1.5474,1.548,1.00,2.40
2008.11.14 13:52:07.394,1.5474,1.54795,1.00,1.20
2008.11.14 13:52:10.974,1.54735,1.54795,1.50,1.20
2008.11.14 13:52:11.374,1.54735,1.5479,2.10,1.20
2008.11.14 13:52:11.893,1.54735,1.5479,1.00,1.20
2008.11.14 13:52:12.183,1.5473,1.5478,1.20,1.20
2008.11.14 13:52:12.583,1.5472,1.54775,1.50,1.20
2008.11.14 13:52:13.023,1.54725,1.54775,2.10,1.20
2008.11.14 13:52:13.423,1.5472,1.54774,2.10,1.00
2008.11.14 13:52:14.053,1.5472,1.5477,1.20,1.20
2008.11.14 13:52:14.393,1.5471,1.5477,1.00,2.40
2008.11.14 13:52:16.222,1.5471,1.5477,1.00,3.60
2008.11.14 13:52:16.702,1.54705,1.5476,1.50,1.00
2008.11.14 13:52:17.052,1.54705,1.54764,1.00,1.00
2008.11.14 13:52:17.752,1.5471,1.54764,1.00,1.00
2008.11.14 13:52:17.972,1.5471,1.54755,1.00,1.00
2008.11.14 13:52:18.722,1.54705,1.5475,1.00,1.00
2008.11.14 13:52:20.232,1.547,1.54754,1.20,1.00
2008.11.14 13:52:20.501,1.547,1.5475,1.20,1.20
2008.11.14 13:52:20.921,1.547,1.54755,1.00,1.20
2008.11.14 13:52:21.271,1.5471,1.54755,1.00,1.00
2008.11.14 13:52:21.501,1.5471,1.5476,2.10,1.20
2008.11.14 13:52:21.801,1.5472,1.5476,1.00,1.20
2008.11.14 13:52:22.451,1.54725,1.5476,1.00,1.20
2008.11.14 13:52:23.421,1.5473,1.5476,1.00,1.20
2008.11.14 13:52:24.251,1.54725,1.5476,1.50,1.20
2008.11.14 13:52:24.591,1.54725,1.5476,1.00,1.20
2008.11.14 13:52:24.890,1.54745,1.5476,1.00,1.20
2008.11.14 13:52:27.540,1.5475,1.54795,1.00,2.40
2008.11.14 13:52:28.110,1.54755,1.5476,1.00,1.20
2008.11.14 13:52:28.629,1.5475,1.5476,1.50,1.20
2008.11.14 13:52:28.969,1.5475,1.5476,1.00,1.20
2008.11.14 13:52:29.589,1.54755,1.54805,1.00,1.20
2008.11.14 13:52:30.660,1.5476,1.54805,1.00,1.20
2008.11.14 13:52:30.949,1.5476,1.5481,1.00,1.20
2008.11.14 13:52:31.289,1.5476,1.5481,2.10,1.20
2008.11.14 13:52:31.909,1.54785,1.54825,1.00,2.00
2008.11.14 13:52:32.768,1.5479,1.54845,2.10,1.20
2008.11.14 13:52:33.228,1.54785,1.54845,2.10,1.20
2008.11.14 13:52:33.638,1.54785,1.5485,1.20,1.20
2008.11.14 13:52:33.938,1.5478,1.54845,2.10,1.00
2008.11.14 13:52:34.418,1.54775,1.54845,1.50,1.80
2008.11.14 13:52:34.778,1.54775,1.54835,2.10,1.20
2008.11.14 13:52:35.178,1.54775,1.54835,2.10,2.40
2008.11.14 13:52:35.687,1.54775,1.5483,1.20,1.20
2008.11.14 13:52:36.068,1.5477,1.5483,1.00,1.20
2008.11.14 13:52:36.707,1.5477,1.54824,1.00,1.00
2008.11.14 13:52:37.007,1.54765,1.5481,1.20,1.20
2008.11.14 13:52:37.517,1.54755,1.54805,2.10,1.20
2008.11.14 13:52:37.877,1.54745,1.54805,1.00,1.20
2008.11.14 13:52:38.397,1.5474,1.54805,1.50,1.20
2008.11.14 13:52:38.867,1.54745,1.54805,1.00,1.20
2008.11.14 13:52:39.437,1.5476,1.54815,1.00,1.20
2008.11.14 13:52:39.837,1.54745,1.5481,2.10,1.20
2008.11.14 13:52:40.277,1.54745,1.5481,1.00,2.40
2008.11.14 13:52:40.846,1.5475,1.54805,1.20,1.20
2008.11.14 13:52:41.306,1.5474,1.548,2.10,1.20
2008.11.14 13:52:41.726,1.54735,1.548,1.00,2.40
2008.11.14 13:52:41.966,1.5474,1.548,1.00,1.20
2008.11.14 13:52:42.466,1.54735,1.54795,1.50,1.20
2008.11.14 13:52:42.996,1.54725,1.5479,2.10,1.20
2008.11.14 13:52:44.386,1.54725,1.54775,1.20,1.20
2008.11.14 13:52:44.785,1.5472,1.54775,1.00,1.20
2008.11.14 13:52:45.137,1.5472,1.54775,1.20,1.20
2008.11.14 13:52:45.547,1.5471,1.54775,1.50,1.20
2008.11.14 13:52:45.775,1.5471,1.54775,1.50,2.40
2008.11.14 13:52:46.125,1.5471,1.54775,1.50,3.60
2008.11.14 13:52:46.295,1.5471,1.54765,1.00,1.20
2008.11.14 13:52:46.695,1.5471,1.54765,1.00,1.20
2008.11.14 13:52:47.035,1.54715,1.54775,1.00,1.20
2008.11.14 13:52:49.744,1.5471,1.54774,2.10,1.00
2008.11.14 13:52:50.004,1.5471,1.5477,2.10,1.20
2008.11.14 13:52:50.414,1.5471,1.5477,1.00,2.40
2008.11.14 13:52:51.274,1.5471,1.5477,1.50,2.40
2008.11.14 13:52:51.564,1.54715,1.54775,1.00,1.20
2008.11.14 13:52:51.734,1.5472,1.5478,1.00,2.40
2008.11.14 13:52:51.904,1.54725,1.54785,1.00,1.20
2008.11.14 13:52:52.244,1.5472,1.5479,1.50,3.40
2008.11.14 13:52:52.704,1.54745,1.5479,1.00,1.20
2008.11.14 13:52:53.483,1.5475,1.5479,1.00,1.20
2008.11.14 13:52:53.863,1.5475,1.5479,2.10,1.20
2008.11.14 13:52:54.943,1.5476,1.5479,1.00,1.20
2008.11.14 13:52:55.293,1.54745,1.5479,2.10,1.20
2008.11.14 13:52:55.873,1.5476,1.5479,1.00,1.20
2008.11.14 13:52:56.433,1.54765,1.5479,1.00,1.20
2008.11.14 13:52:58.432,1.548,1.54855,1.00,1.20
2008.11.14 13:52:58.842,1.548,1.5485,1.80,1.20
2008.11.14 13:52:59.312,1.5476,1.5479,1.50,1.20
2008.11.14 13:52:59.762,1.54755,1.5479,1.20,1.20
2008.11.14 13:53:01.621,1.5474,1.5479,1.20,1.20
2008.11.14 13:53:03.171,1.54795,1.54824,1.00,1.80
2008.11.14 13:53:03.561,1.548,1.54824,1.00,1.00
2008.11.14 13:53:03.911,1.54805,1.5486,2.10,3.90
2008.11.14 13:53:04.321,1.54805,1.5486,1.20,1.60
2008.11.14 13:53:04.721,1.54805,1.54865,2.10,1.20
2008.11.14 13:53:05.060,1.548,1.54855,1.00,1.20
2008.11.14 13:53:05.780,1.54805,1.54864,1.00,1.00
2008.11.14 13:53:06.060,1.54805,1.5485,1.20,1.20
2008.11.14 13:53:06.230,1.54795,1.54849,1.00,1.00
2008.11.14 13:53:07.210,1.54795,1.54849,2.10,1.00
2008.11.14 13:53:07.660,1.5482,1.5486,1.00,1.20
2008.11.14 13:53:08.130,1.5482,1.5487,1.00,1.20
2008.11.14 13:53:08.510,1.5482,1.5488,1.00,2.40
2008.11.14 13:53:09.189,1.5483,1.5489,1.00,2.40
2008.11.14 13:53:09.620,1.5483,1.5489,2.10,2.40
2008.11.14 13:53:10.179,1.54825,1.5488,1.50,1.20
2008.11.14 13:53:10.399,1.54825,1.5488,1.00,1.20
2008.11.14 13:53:10.669,1.5482,1.5488,2.10,1.20
2008.11.14 13:53:11.119,1.5482,1.54855,1.20,1.20
2008.11.14 13:53:11.519,1.5479,1.5485,1.20,1.20
2008.11.14 13:53:11.989,1.54775,1.5485,1.20,1.20
2008.11.14 13:53:12.269,1.5477,1.5485,2.40,1.20
2008.11.14 13:53:12.899,1.5477,1.5484,2.40,1.20
2008.11.14 13:53:13.009,1.5477,1.5484,1.20,1.20
2008.11.14 13:53:13.249,1.5476,1.5484,3.60,1.20
2008.11.14 13:53:13.419,1.5476,1.5484,1.20,1.20
2008.11.14 13:53:13.759,1.54765,1.54845,2.10,1.00
2008.11.14 13:53:14.278,1.54765,1.5485,3.30,1.20
2008.11.14 13:53:14.848,1.54775,1.5486,1.20,1.20
2008.11.14 13:53:16.188,1.54775,1.54865,2.10,2.40
2008.11.14 13:53:16.608,1.5478,1.5487,1.00,1.20
2008.11.14 13:53:16.888,1.5478,1.5487,2.10,1.20
2008.11.14 13:53:17.797,1.5481,1.54895,1.20,1.20
2008.11.14 13:53:18.258,1.54815,1.54875,1.00,1.20
2008.11.14 13:53:18.727,1.5482,1.5488,1.00,1.20
2008.11.14 13:53:19.067,1.5482,1.54875,2.10,1.20
2008.11.14 13:53:19.638,1.54795,1.54855,2.10,1.20
2008.11.14 13:53:20.207,1.54795,1.54855,1.00,1.20
2008.11.14 13:53:20.727,1.5481,1.5486,1.80,1.20
2008.11.14 13:53:21.237,1.5479,1.5486,1.50,2.40
2008.11.14 13:53:21.466,1.5479,1.54855,1.00,1.20
2008.11.14 13:53:22.327,1.5479,1.54855,1.00,2.40
2008.11.14 13:53:22.736,1.54805,1.54855,1.00,2.20
2008.11.14 13:53:22.966,1.54795,1.54865,1.50,2.40
2008.11.14 13:53:23.306,1.548,1.54855,1.20,1.20
2008.11.14 13:53:23.656,1.54795,1.54855,1.00,1.20
2008.11.14 13:53:24.186,1.54795,1.54855,1.00,2.40
2008.11.14 13:53:24.566,1.54785,1.54845,1.20,1.20
2008.11.14 13:53:24.916,1.5478,1.54845,2.10,1.20
2008.11.14 13:53:25.266,1.5479,1.5484,1.00,1.20
2008.11.14 13:53:25.736,1.54795,1.54855,1.00,2.40
2008.11.14 13:53:26.266,1.5479,1.5485,2.10,1.20
2008.11.14 13:53:26.555,1.5479,1.5485,1.00,1.20
2008.11.14 13:53:26.955,1.54775,1.54835,1.50,1.20
2008.11.14 13:53:27.185,1.5477,1.5483,2.10,1.20
2008.11.14 13:53:27.645,1.5477,1.54835,1.00,2.40
2008.11.14 13:53:27.875,1.54765,1.54825,1.50,1.20
2008.11.14 13:53:28.795,1.54815,1.5483,1.00,1.00
2008.11.14 13:53:29.265,1.5483,1.54895,1.00,2.40
2008.11.14 13:53:29.685,1.54825,1.5489,2.10,1.20
2008.11.14 13:53:30.035,1.54825,1.5488,2.10,1.20
2008.11.14 13:53:30.705,1.5482,1.5488,1.00,1.20
2008.11.14 13:53:31.524,1.5485,1.5491,1.00,7.20
2008.11.14 13:53:31.804,1.54845,1.54905,1.50,1.20
2008.11.14 13:53:32.154,1.54845,1.54905,1.00,1.20
2008.11.14 13:53:33.184,1.54845,1.54915,1.50,2.40
2008.11.14 13:53:33.474,1.5484,1.54895,1.80,1.20
2008.11.14 13:53:33.904,1.5484,1.54895,1.20,2.40
2008.11.14 13:53:34.483,1.54805,1.5489,2.40,2.40
2008.11.14 13:53:34.983,1.54805,1.54875,1.20,1.20
2008.11.14 13:53:35.573,1.54795,1.54875,1.20,1.20
2008.11.14 13:53:36.603,1.54795,1.54875,1.20,1.00
2008.11.14 13:53:36.883,1.54795,1.5488,1.80,1.20
2008.11.14 13:53:37.253,1.548,1.54885,1.00,1.20
2008.11.14 13:53:37.543,1.54825,1.5489,1.20,1.00
2008.11.14 13:53:37.883,1.54825,1.54905,2.10,1.20
2008.11.14 13:53:38.233,1.5483,1.5491,1.20,2.40
2008.11.14 13:53:38.702,1.54845,1.54905,1.00,1.20
2008.11.14 13:53:40.122,1.54845,1.54905,1.00,1.00
2008.11.14 13:53:40.962,1.54845,1.54905,1.00,1.80
2008.11.14 13:53:41.462,1.54845,1.54905,1.00,2.40
2008.11.14 13:53:41.812,1.5483,1.54905,2.40,1.20
2008.11.14 13:53:42.152,1.5483,1.549,1.20,1.20
2008.11.14 13:53:42.501,1.5482,1.549,1.20,2.40
2008.11.14 13:53:43.031,1.5482,1.54895,1.20,1.20
2008.11.14 13:53:43.361,1.5481,1.5489,1.20,1.20
2008.11.14 13:53:43.711,1.5481,1.5489,1.20,2.40
2008.11.14 13:53:44.111,1.5479,1.5487,1.20,2.40
2008.11.14 13:53:44.511,1.54795,1.5487,1.20,1.00
2008.11.14 13:53:45.151,1.54795,1.54875,1.20,1.20
2008.11.14 13:53:45.571,1.54805,1.5489,1.20,1.20
2008.11.14 13:53:46.051,1.54815,1.54895,1.20,2.40
2008.11.14 13:53:46.441,1.5482,1.549,1.20,2.40
2008.11.14 13:53:47.281,1.54815,1.54895,1.20,2.40
2008.11.14 13:53:48.840,1.54815,1.5489,1.20,1.20
2008.11.14 13:53:49.350,1.5481,1.5489,3.60,2.40
2008.11.14 13:53:49.700,1.5481,1.5489,2.40,2.40
2008.11.14 13:53:50.520,1.5481,1.5489,1.20,1.20
2008.11.14 13:53:50.869,1.54815,1.54895,1.20,2.40
2008.11.14 13:53:53.349,1.5481,1.5489,2.40,2.40
2008.11.14 13:53:53.739,1.54795,1.54875,3.60,1.20
2008.11.14 13:53:54.079,1.548,1.5488,1.20,1.20
2008.11.14 13:53:55.368,1.54845,1.5488,1.00,1.20
2008.11.14 13:53:55.698,1.54835,1.5489,1.00,1.20
2008.11.14 13:53:56.218,1.5483,1.5488,1.00,1.20
2008.11.14 13:53:56.398,1.548,1.5488,1.20,1.20
2008.11.14 13:53:57.948,1.548,1.5488,1.20,2.40
2008.11.14 13:53:58.048,1.54795,1.54875,2.40,1.20
2008.11.14 13:53:58.348,1.54795,1.54875,1.20,1.20
2008.11.14 13:53:59.107,1.5479,1.5487,2.40,2.40
2008.11.14 13:53:59.447,1.5478,1.54865,1.20,2.40
2008.11.14 13:54:00.207,1.54775,1.54855,3.30,1.20
2008.11.14 13:54:00.667,1.54775,1.54855,2.40,1.20
2008.11.14 13:54:00.847,1.54785,1.5486,1.20,1.20
2008.11.14 13:54:01.297,1.54775,1.54855,2.40,1.20
2008.11.14 13:54:01.637,1.54795,1.5485,1.20,1.20
2008.11.14 13:54:02.047,1.5477,1.5485,3.60,1.20
2008.11.14 13:54:02.347,1.54775,1.54855,1.20,1.20
2008.11.14 13:54:02.736,1.5477,1.5485,2.40,1.20
2008.11.14 13:54:03.176,1.54775,1.5485,1.20,1.20
2008.11.14 13:54:03.457,1.5478,1.54855,1.20,1.20
2008.11.14 13:54:03.736,1.54775,1.54855,2.40,1.20
2008.11.14 13:54:04.216,1.54785,1.54865,1.20,3.60
2008.11.14 13:54:04.656,1.54785,1.54865,1.20,2.40
2008.11.14 13:54:05.466,1.54775,1.54855,1.20,1.20
2008.11.14 13:54:05.746,1.5479,1.54855,1.20,2.40
2008.11.14 13:54:05.976,1.54785,1.5486,1.20,1.20
2008.11.14 13:54:06.216,1.54775,1.54855,2.40,1.20
2008.11.14 13:54:06.496,1.54775,1.54855,1.20,1.20
2008.11.14 13:54:07.925,1.54775,1.54855,1.20,2.40
2008.11.14 13:54:07.985,1.5477,1.5485,2.40,1.20
2008.11.14 13:54:08.095,1.5479,1.5485,1.20,1.20
2008.11.14 13:54:08.875,1.54775,1.54855,1.20,1.20
2008.11.14 13:54:09.955,1.5477,1.54855,1.00,1.20
2008.11.14 13:54:10.185,1.54775,1.54855,1.00,1.20
2008.11.14 13:54:10.595,1.548,1.54845,1.20,1.20
2008.11.14 13:54:11.105,1.54765,1.54845,1.20,2.40
2008.11.14 13:54:11.864,1.54755,1.54825,1.20,1.20
2008.11.14 13:54:12.275,1.54775,1.54835,1.00,2.40
2008.11.14 13:54:12.624,1.5477,1.54825,2.10,1.20
2008.11.14 13:54:13.034,1.5478,1.5484,1.00,2.40
2008.11.14 13:54:13.614,1.5478,1.5484,1.00,1.20
2008.11.14 13:54:14.244,1.54775,1.5484,1.80,1.20
2008.11.14 13:54:14.774,1.54755,1.5482,1.50,1.20
2008.11.14 13:54:15.064,1.54765,1.54825,2.10,1.20
2008.11.14 13:54:16.983,1.54775,1.5482,1.20,1.20
2008.11.14 13:54:17.223,1.54755,1.54815,1.00,1.20
2008.11.14 13:54:18.013,1.54755,1.54815,2.10,1.20
2008.11.14 13:54:18.363,1.548,1.54845,1.00,1.20
2008.11.14 13:54:18.723,1.54795,1.5485,1.00,1.20
2008.11.14 13:54:19.102,1.548,1.54855,1.00,1.20
2008.11.14 13:54:20.013,1.54795,1.5485,1.50,1.20
2008.11.14 13:54:20.532,1.54795,1.54845,1.00,1.20
2008.11.14 13:54:20.772,1.54795,1.54845,1.00,2.40
2008.11.14 13:54:20.992,1.5479,1.5484,2.10,1.20
2008.11.14 13:54:21.282,1.5479,1.54845,1.00,1.20
2008.11.14 13:54:21.572,1.54795,1.54845,1.00,1.20
2008.11.14 13:54:22.972,1.5479,1.54845,1.50,1.20
2008.11.14 13:54:23.321,1.5479,1.5484,1.50,1.20
2008.11.14 13:54:23.492,1.54795,1.5484,1.00,1.20
2008.11.14 13:54:24.181,1.5479,1.5484,1.00,1.20
2008.11.14 13:54:24.761,1.54795,1.54845,1.00,1.20
2008.11.14 13:54:25.221,1.5479,1.5484,2.10,1.20
2008.11.14 13:54:25.662,1.548,1.5484,1.00,1.20
2008.11.14 13:54:26.061,1.54795,1.54845,1.50,1.20
2008.11.14 13:54:26.341,1.548,1.5485,1.00,1.20
2008.11.14 13:54:26.841,1.54795,1.5485,1.50,1.20
2008.11.14 13:54:27.171,1.548,1.54855,1.00,1.20
2008.11.14 13:54:27.831,1.548,1.5485,1.00,1.20
2008.11.14 13:54:30.300,1.54805,1.5486,1.00,1.20
2008.11.14 13:54:30.590,1.54805,1.5486,2.10,1.20
2008.11.14 13:54:31.060,1.5481,1.54865,1.00,1.20
2008.11.14 13:54:31.470,1.54815,1.54865,1.20,1.20
2008.11.14 13:54:31.939,1.5481,1.54865,2.10,1.20
2008.11.14 13:54:32.679,1.54805,1.54865,2.10,1.20
2008.11.14 13:54:33.259,1.5481,1.54865,1.00,1.20
2008.11.14 13:54:33.609,1.5482,1.5487,1.00,1.20
2008.11.14 13:54:34.649,1.54825,1.5488,1.00,1.20
2008.11.14 13:54:34.989,1.5483,1.54885,1.00,1.20
2008.11.14 13:54:35.499,1.5483,1.54885,2.10,1.20
2008.11.14 13:54:36.128,1.5482,1.54875,1.00,2.40
2008.11.14 13:54:36.708,1.54815,1.5486,1.20,3.60
2008.11.14 13:54:37.158,1.54795,1.5485,1.00,1.20
2008.11.14 13:54:37.498,1.5479,1.54845,1.80,1.20
2008.11.14 13:54:37.728,1.5479,1.5484,1.20,1.20
2008.11.14 13:54:38.378,1.54755,1.5484,2.10,1.20
2008.11.14 13:54:39.378,1.54755,1.5484,3.30,1.20
2008.11.14 13:54:39.738,1.548,1.54845,1.00,1.00
2008.11.14 13:54:40.038,1.54805,1.54855,1.00,1.20
2008.11.14 13:54:40.268,1.54795,1.5485,2.10,1.20
2008.11.14 13:54:40.498,1.54795,1.5485,1.00,1.20
2008.11.14 13:54:40.727,1.5479,1.5485,1.50,1.20
2008.11.14 13:54:40.787,1.5479,1.54845,2.10,1.20
2008.11.14 13:54:41.018,1.5479,1.54845,1.00,2.40
2008.11.14 13:54:42.647,1.5479,1.5484,1.00,1.20
2008.11.14 13:54:42.757,1.54785,1.5484,1.20,1.20
2008.11.14 13:54:42.927,1.5478,1.5484,2.10,1.20
2008.11.14 13:54:43.477,1.54785,1.5484,1.00,1.20
2008.11.14 13:54:43.927,1.5479,1.5484,1.00,1.20
2008.11.14 13:54:44.386,1.5479,1.54845,1.00,2.40
2008.11.14 13:54:44.736,1.5478,1.54835,1.20,1.20
2008.11.14 13:54:45.256,1.54785,1.5484,2.10,2.40
2008.11.14 13:54:45.597,1.5478,1.5484,2.10,2.40
2008.11.14 13:54:46.336,1.5478,1.54835,2.10,1.20
2008.11.14 13:54:46.787,1.5478,1.54835,1.20,1.20
2008.11.14 13:54:46.966,1.5477,1.54829,2.70,1.00
2008.11.14 13:54:47.566,1.54775,1.5481,1.20,1.20
2008.11.14 13:54:47.916,1.54755,1.5481,1.00,1.20
2008.11.14 13:54:48.216,1.54755,1.54805,1.00,1.20
2008.11.14 13:54:48.736,1.5475,1.54805,1.00,1.20
2008.11.14 13:54:49.086,1.5474,1.5479,1.20,1.20
2008.11.14 13:54:49.715,1.54735,1.5479,2.10,1.20
2008.11.14 13:54:50.055,1.5474,1.54805,2.10,1.20
2008.11.14 13:54:50.705,1.5475,1.54805,1.50,1.20
2008.11.14 13:54:51.215,1.5476,1.54815,1.00,2.40
2008.11.14 13:54:51.495,1.54755,1.5481,2.10,1.20
2008.11.14 13:54:51.945,1.5476,1.54815,1.00,1.20
2008.11.14 13:54:52.225,1.5476,1.54825,1.50,1.20
2008.11.14 13:54:52.644,1.54765,1.54825,1.00,1.20
2008.11.14 13:54:53.105,1.54765,1.5482,1.00,1.20
2008.11.14 13:54:53.644,1.54755,1.5481,1.00,1.20
2008.11.14 13:54:54.044,1.54765,1.5483,1.00,2.40
2008.11.14 13:54:54.444,1.54745,1.54815,1.20,1.20
2008.11.14 13:54:54.834,1.54805,1.54815,1.00,1.20
2008.11.14 13:54:55.174,1.54805,1.5485,1.00,3.00
2008.11.14 13:54:55.694,1.54815,1.54865,1.00,1.20
2008.11.14 13:54:56.254,1.54815,1.54865,2.10,1.20
2008.11.14 13:54:56.584,1.5481,1.5487,1.00,3.60
2008.11.14 13:54:57.093,1.54805,1.54855,1.20,1.20
2008.11.14 13:54:57.563,1.548,1.54855,1.00,1.20
2008.11.14 13:54:58.893,1.54795,1.54855,1.50,1.20
2008.11.14 13:54:59.173,1.54795,1.54855,2.10,1.20
2008.11.14 13:54:59.633,1.54805,1.54855,1.00,1.20
2008.11.14 13:54:59.803,1.54805,1.5486,1.00,1.20
2008.11.14 13:55:00.803,1.54805,1.54864,1.50,1.00
2008.11.14 13:55:01.203,1.54805,1.5486,1.50,1.20
2008.11.14 13:55:01.373,1.54805,1.5486,1.00,1.20
2008.11.14 13:55:02.572,1.548,1.5486,1.50,1.20
2008.11.14 13:55:02.922,1.548,1.5485,2.10,1.00
2008.11.14 13:55:03.382,1.548,1.54854,1.00,1.00
2008.11.14 13:55:04.302,1.548,1.5485,1.00,1.00
2008.11.14 13:55:04.892,1.5482,1.54855,1.00,1.20
2008.11.14 13:55:05.172,1.54825,1.54865,1.00,1.20
2008.11.14 13:55:05.451,1.5483,1.54865,1.00,1.20
2008.11.14 13:55:05.961,1.5482,1.54865,2.10,2.40
2008.11.14 13:55:06.371,1.5482,1.54865,1.00,1.20
2008.11.14 13:55:06.551,1.5482,1.5487,1.00,1.20
2008.11.14 13:55:06.671,1.54815,1.54865,1.20,1.20
2008.11.14 13:55:06.991,1.5481,1.5486,2.10,1.20
2008.11.14 13:55:11.260,1.5481,1.54865,2.10,2.40
2008.11.14 13:55:11.820,1.54815,1.54865,1.00,2.40
2008.11.14 13:55:12.120,1.5481,1.54865,2.10,2.40
2008.11.14 13:55:12.600,1.5482,1.54865,1.00,2.40
2008.11.14 13:55:12.769,1.5482,1.5487,1.00,1.20
2008.11.14 13:55:13.390,1.54815,1.54865,1.20,2.40
2008.11.14 13:55:13.740,1.54805,1.5486,2.10,2.40
2008.11.14 13:55:14.379,1.54805,1.54865,1.00,1.20
2008.11.14 13:55:15.129,1.548,1.54855,1.80,1.20
2008.11.14 13:55:15.519,1.548,1.54855,1.00,1.20
2008.11.14 13:55:16.919,1.54795,1.54855,1.80,1.20
2008.11.14 13:55:17.198,1.548,1.54835,1.00,1.20
2008.11.14 13:55:17.358,1.548,1.54855,1.00,1.20
2008.11.14 13:55:20.878,1.548,1.54855,1.00,2.40
2008.11.14 13:55:21.218,1.54795,1.5485,2.10,1.20
2008.11.14 13:55:21.498,1.54795,1.5485,1.00,1.20
2008.11.14 13:55:22.897,1.54795,1.54839,1.00,1.00
2008.11.14 13:55:23.257,1.5479,1.54839,1.20,1.00
2008.11.14 13:55:23.597,1.54785,1.54839,2.10,1.00
2008.11.14 13:55:24.587,1.54795,1.54839,1.00,1.00
2008.11.14 13:55:25.277,1.5479,1.54839,1.20,1.00
2008.11.14 13:55:25.737,1.54785,1.54839,2.10,1.00
2008.11.14 13:55:26.147,1.54785,1.54829,2.10,1.00
2008.11.14 13:55:26.656,1.54775,1.54819,1.00,1.00
2008.11.14 13:55:27.126,1.54775,1.54829,1.00,1.00
2008.11.14 13:55:27.366,1.54775,1.54825,1.00,1.20
2008.11.14 13:55:27.856,1.548,1.54835,1.00,1.20
2008.11.14 13:55:28.326,1.54805,1.54845,1.00,1.20
2008.11.14 13:55:28.736,1.548,1.54844,1.50,1.00
2008.11.14 13:55:29.076,1.5481,1.54845,1.00,1.00
2008.11.14 13:55:29.476,1.5481,1.5485,1.00,1.20
2008.11.14 13:55:29.816,1.54805,1.54854,2.10,1.00
2008.11.14 13:55:30.465,1.5481,1.54859,1.00,1.00
2008.11.14 13:55:30.915,1.5481,1.54854,1.20,1.00
2008.11.14 13:55:31.385,1.54805,1.54854,2.10,1.00
2008.11.14 13:55:31.835,1.54805,1.54855,2.10,1.00
2008.11.14 13:55:32.475,1.5481,1.54855,1.00,1.00
2008.11.14 13:55:32.765,1.54805,1.54854,1.20,1.00
2008.11.14 13:55:33.235,1.54795,1.5485,2.10,2.40
2008.11.14 13:55:33.525,1.54795,1.5485,1.00,2.40
2008.11.14 13:55:34.215,1.54785,1.5484,2.10,1.20
2008.11.14 13:55:34.785,1.54785,1.54839,2.10,1.00
2008.11.14 13:55:35.754,1.54785,1.54839,1.20,1.00
2008.11.14 13:55:36.214,1.5477,1.54835,1.00,1.20
2008.11.14 13:55:36.624,1.5477,1.5484,1.50,1.20
2008.11.14 13:55:36.974,1.54775,1.5484,1.80,1.20
2008.11.14 13:55:37.544,1.5478,1.54855,2.10,1.20
2008.11.14 13:55:37.814,1.54785,1.54855,2.10,1.20
2008.11.14 13:55:38.054,1.54795,1.54865,1.00,2.40
2008.11.14 13:55:38.513,1.5479,1.54855,1.20,1.20
2008.11.14 13:55:38.903,1.5479,1.5486,1.20,2.40
2008.11.14 13:55:39.753,1.54785,1.5486,2.10,2.40
2008.11.14 13:55:41.253,1.54795,1.5486,1.20,1.20
2008.11.14 13:55:41.693,1.54805,1.5486,2.10,1.00
2008.11.14 13:55:42.043,1.54805,1.54885,2.10,2.40
2008.11.14 13:55:42.683,1.548,1.54875,3.30,1.20
2008.11.14 13:55:43.252,1.5481,1.5489,2.10,2.40
2008.11.14 13:55:43.712,1.5482,1.54885,1.20,1.20
2008.11.14 13:55:44.112,1.54805,1.54885,4.50,1.20
2008.11.14 13:55:44.562,1.5481,1.5488,2.10,1.20
2008.11.14 13:55:45.062,1.54825,1.54899,1.20,1.00
2008.11.14 13:55:45.622,1.5483,1.54905,2.10,1.20
2008.11.14 13:55:46.092,1.5483,1.5491,3.30,1.20
2008.11.14 13:55:46.482,1.54825,1.54895,1.20,2.40
2008.11.14 13:55:46.772,1.5481,1.5489,3.30,1.20
2008.11.14 13:55:47.351,1.54805,1.5488,1.20,1.20
2008.11.14 13:55:47.631,1.5478,1.5486,1.20,1.20
2008.11.14 13:55:48.081,1.5478,1.54865,1.20,1.20
2008.11.14 13:55:48.261,1.5478,1.5486,1.20,1.00
2008.11.14 13:55:48.491,1.5477,1.5487,1.20,2.40
2008.11.14 13:55:48.951,1.5476,1.5486,1.20,1.20
2008.11.14 13:55:49.221,1.5475,1.5485,1.20,2.40
2008.11.14 13:55:49.611,1.54765,1.5486,1.20,1.20
2008.11.14 13:55:50.021,1.5475,1.5485,1.20,1.20
2008.11.14 13:55:50.371,1.54745,1.54845,1.20,1.20
2008.11.14 13:55:51.071,1.5473,1.5483,1.20,1.20
2008.11.14 13:55:52.580,1.5471,1.5481,1.20,1.20
2008.11.14 13:55:53.090,1.54705,1.54805,1.20,1.20
2008.11.14 13:55:53.530,1.5477,1.54835,1.20,1.20
2008.11.14 13:55:53.980,1.54725,1.54815,2.10,1.20
2008.11.14 13:55:54.670,1.5472,1.5481,2.10,2.40
2008.11.14 13:55:55.299,1.5476,1.5481,1.00,1.20
2008.11.14 13:55:55.889,1.5476,1.5483,2.10,1.20
2008.11.14 13:55:56.299,1.5476,1.54835,2.10,1.20
2008.11.14 13:55:56.639,1.5476,1.54835,1.20,1.20
2008.11.14 13:55:57.039,1.54755,1.54835,2.10,2.40
2008.11.14 13:55:57.159,1.54755,1.5483,2.10,1.20
2008.11.14 13:55:57.939,1.54755,1.5482,1.20,1.20
2008.11.14 13:55:58.279,1.54745,1.54815,2.70,1.20
2008.11.14 13:55:58.679,1.54745,1.5482,1.20,1.20
2008.11.14 13:55:58.959,1.5474,1.5482,3.30,1.20
2008.11.14 13:56:01.208,1.5477,1.54855,1.20,2.40
2008.11.14 13:56:01.438,1.5477,1.54855,1.20,1.20
2008.11.14 13:56:01.498,1.5478,1.54855,1.20,1.20
2008.11.14 13:56:01.678,1.5478,1.54875,1.20,1.20
2008.11.14 13:56:02.299,1.5477,1.5486,1.00,1.20
2008.11.14 13:56:02.748,1.54775,1.5486,1.20,1.00
2008.11.14 13:56:03.037,1.5478,1.5488,1.20,1.20
2008.11.14 13:56:03.667,1.54795,1.54885,2.10,2.40
2008.11.14 13:56:04.417,1.54795,1.5488,1.20,2.40
2008.11.14 13:56:04.837,1.5479,1.5488,1.00,2.40
2008.11.14 13:56:05.077,1.5479,1.54875,1.00,1.20
2008.11.14 13:56:05.397,1.54785,1.54875,1.00,2.40
2008.11.14 13:56:05.907,1.5478,1.5486,1.80,1.20
2008.11.14 13:56:06.257,1.5476,1.5486,1.20,1.20
2008.11.14 13:56:07.177,1.54755,1.54855,1.20,1.20
2008.11.14 13:56:07.626,1.5475,1.54845,1.20,1.20
2008.11.14 13:56:08.256,1.5474,1.5484,1.20,1.20
2008.11.14 13:56:09.006,1.54735,1.54835,1.20,1.20
2008.11.14 13:56:09.536,1.5473,1.5483,1.20,1.20
2008.11.14 13:56:10.176,1.54735,1.54835,1.20,1.20
2008.11.14 13:56:11.216,1.5474,1.5484,1.20,1.20
2008.11.14 13:56:11.955,1.54775,1.54875,1.20,1.20
2008.11.14 13:56:12.476,1.5478,1.5488,1.20,1.20
2008.11.14 13:56:14.895,1.54785,1.54885,1.20,2.40
2008.11.14 13:56:15.125,1.5479,1.54885,1.20,2.40
2008.11.14 13:56:15.974,1.54785,1.54885,1.20,2.40
2008.11.14 13:56:16.214,1.54785,1.54869,1.20,1.00
2008.11.14 13:56:16.454,1.54785,1.54885,1.20,2.40
2008.11.14 13:56:16.684,1.5477,1.5487,2.40,1.20
2008.11.14 13:56:16.804,1.5478,1.54875,1.20,1.20
2008.11.14 13:56:20.333,1.54785,1.5488,1.20,1.20
2008.11.14 13:56:20.613,1.5478,1.54875,1.20,1.20
2008.11.14 13:56:21.283,1.54785,1.54885,1.20,1.20
2008.11.14 13:56:24.612,1.54795,1.54885,1.00,2.40
2008.11.14 13:56:24.782,1.54795,1.54885,2.10,1.20
2008.11.14 13:56:25.242,1.54795,1.5488,1.20,2.40
2008.11.14 13:56:25.362,1.5478,1.5488,1.20,2.40
2008.11.14 13:56:26.232,1.5478,1.54875,1.20,1.20
2008.11.14 13:56:26.342,1.5481,1.5489,1.20,3.60
2008.11.14 13:56:26.512,1.5483,1.54895,1.20,1.20
2008.11.14 13:56:26.752,1.5483,1.549,1.20,3.60
2008.11.14 13:56:26.922,1.5483,1.549,1.20,1.20
2008.11.14 13:56:28.651,1.5483,1.5489,1.20,1.20
2008.11.14 13:56:28.941,1.5481,1.5488,1.80,1.20
2008.11.14 13:56:29.291,1.5481,1.54875,1.20,1.20
2008.11.14 13:56:29.471,1.5481,1.54865,1.20,1.20
2008.11.14 13:56:29.641,1.54765,1.54865,1.20,1.20
2008.11.14 13:56:29.911,1.5476,1.5486,1.20,1.20
2008.11.14 13:56:30.091,1.54745,1.5484,1.20,1.20
2008.11.14 13:56:30.781,1.5473,1.5483,1.20,1.20
2008.11.14 13:56:31.361,1.54725,1.54825,1.20,1.20
2008.11.14 13:56:31.911,1.5472,1.54815,1.20,1.20
2008.11.14 13:56:32.461,1.5472,1.5481,1.20,1.20
2008.11.14 13:56:32.750,1.54705,1.54805,1.20,1.20
2008.11.14 13:56:33.090,1.54775,1.54845,1.20,1.20
2008.11.14 13:56:33.370,1.5477,1.54845,1.20,1.20
2008.11.14 13:56:33.710,1.5477,1.5485,1.20,1.20
2008.11.14 13:56:34.220,1.54775,1.54865,1.20,2.40
2008.11.14 13:56:34.800,1.54775,1.5486,1.20,1.20
2008.11.14 13:56:35.780,1.54775,1.54855,1.20,2.40
2008.11.14 13:56:37.759,1.54775,1.54855,1.20,3.60
2008.11.14 13:56:40.619,1.54775,1.5485,1.20,1.20
2008.11.14 13:56:40.909,1.5476,1.54835,1.20,2.40
2008.11.14 13:56:41.268,1.5475,1.5483,2.10,1.20
2008.11.14 13:56:41.568,1.5475,1.5483,1.20,2.40
2008.11.14 13:56:42.738,1.54755,1.54835,1.20,2.40
2008.11.14 13:56:43.138,1.54755,1.54835,2.10,2.40
2008.11.14 13:56:43.588,1.5477,1.54845,1.20,1.20
2008.11.14 13:56:44.067,1.54765,1.5484,1.20,2.40
2008.11.14 13:56:44.428,1.5473,1.5481,1.20,1.20
2008.11.14 13:56:45.057,1.54715,1.5481,1.20,1.20
2008.11.14 13:56:45.468,1.5471,1.54805,3.10,1.20
2008.11.14 13:56:45.757,1.54705,1.54805,1.20,1.20
2008.11.14 13:56:46.217,1.5469,1.54805,1.20,1.20
2008.11.14 13:56:46.727,1.5468,1.548,1.20,1.20
2008.11.14 13:56:47.607,1.54685,1.548,1.20,1.20
2008.11.14 13:56:47.777,1.5468,1.548,1.20,1.20
2008.11.14 13:56:48.187,1.5468,1.54795,1.20,1.20
2008.11.14 13:56:48.417,1.54735,1.54815,2.40,1.20
2008.11.14 13:56:49.906,1.5473,1.5481,2.40,1.20
2008.11.14 13:56:50.186,1.5475,1.5482,1.20,1.20
2008.11.14 13:56:50.406,1.5475,1.5483,1.20,1.20
2008.11.14 13:56:51.017,1.54745,1.5482,1.20,1.20
2008.11.14 13:56:51.076,1.5474,1.5482,1.20,1.20
2008.11.14 13:56:52.026,1.5476,1.5484,1.20,6.00
2008.11.14 13:56:52.376,1.5476,1.54835,1.20,1.20
2008.11.14 13:56:52.675,1.5474,1.5483,2.40,1.20
2008.11.14 13:56:53.176,1.54735,1.54815,3.60,1.20
2008.11.14 13:56:53.516,1.5475,1.5483,1.20,1.20
2008.11.14 13:56:55.595,1.5474,1.5482,1.20,1.20
2008.11.14 13:56:56.185,1.54755,1.5483,1.20,1.20
2008.11.14 13:56:56.415,1.54755,1.54835,1.20,2.40
2008.11.14 13:56:56.825,1.5474,1.5483,1.20,1.20
2008.11.14 13:56:57.105,1.54755,1.54835,1.20,1.20
2008.11.14 13:56:57.464,1.5475,1.5483,1.20,1.20
2008.11.14 13:56:59.084,1.54755,1.54835,1.20,1.20
2008.11.14 13:56:59.355,1.5475,1.5483,1.20,1.20
2008.11.14 13:57:00.514,1.5474,1.5482,1.20,1.20
2008.11.14 13:57:01.193,1.54735,1.54815,3.60,1.20
2008.11.14 13:57:01.524,1.5474,1.5482,3.60,1.20
2008.11.14 13:57:02.153,1.5475,1.54815,1.20,1.20
2008.11.14 13:57:02.493,1.54745,1.5482,1.20,1.20
2008.11.14 13:57:02.853,1.54755,1.5483,1.20,1.20
2008.11.14 13:57:03.223,1.54755,1.54835,1.20,3.60
2008.11.14 13:57:04.473,1.54765,1.54835,1.20,2.20
2008.11.14 13:57:05.003,1.54765,1.5484,1.20,1.20
2008.11.14 13:57:05.352,1.54765,1.5484,2.40,1.20
2008.11.14 13:57:05.573,1.54775,1.5484,1.20,1.20
2008.11.14 13:57:06.042,1.54785,1.54855,1.20,1.20
2008.11.14 13:57:06.452,1.5479,1.54865,1.20,1.20
2008.11.14 13:57:06.913,1.54785,1.5486,1.20,1.20
2008.11.14 13:57:07.512,1.5477,1.54835,1.20,1.20
2008.11.14 13:57:07.992,1.54745,1.54825,3.00,1.20
2008.11.14 13:57:08.502,1.54735,1.548,1.80,1.20
2008.11.14 13:57:08.852,1.5472,1.548,2.40,1.20
2008.11.14 13:57:09.132,1.5472,1.54795,1.20,1.20
2008.11.14 13:57:09.552,1.54725,1.54795,1.20,2.40
2008.11.14 13:57:10.002,1.5471,1.5479,3.60,2.40
2008.11.14 13:57:10.831,1.5471,1.54785,1.20,1.20
2008.11.14 13:57:11.482,1.54725,1.54785,1.20,1.00
2008.11.14 13:57:11.541,1.54725,1.54805,1.20,1.20
2008.11.14 13:57:12.351,1.5473,1.54805,1.20,1.20
2008.11.14 13:57:12.631,1.5473,1.54805,2.40,1.20
2008.11.14 13:57:13.081,1.54735,1.5481,1.20,2.40
2008.11.14 13:57:13.990,1.5475,1.54805,1.20,1.00
2008.11.14 13:57:14.350,1.5476,1.5482,1.20,1.00
2008.11.14 13:57:14.920,1.54755,1.54835,1.20,3.60
2008.11.14 13:57:15.310,1.5476,1.5482,1.20,2.40
2008.11.14 13:57:15.720,1.5475,1.5482,1.20,2.40
2008.11.14 13:57:16.100,1.54745,1.54815,1.20,1.20
2008.11.14 13:57:16.620,1.54745,1.5481,1.20,2.40
2008.11.14 13:57:16.890,1.54745,1.5481,1.20,1.00
2008.11.14 13:57:17.230,1.54745,1.5482,1.20,2.40
2008.11.14 13:57:17.410,1.54745,1.5482,2.40,2.40
2008.11.14 13:57:17.810,1.54745,1.5482,2.40,1.20
2008.11.14 13:57:18.089,1.5476,1.54815,1.20,1.20
2008.11.14 13:57:18.489,1.5475,1.5482,1.20,3.60
2008.11.14 13:57:18.949,1.5476,1.54815,1.20,1.00
2008.11.14 13:57:19.369,1.5476,1.54835,1.20,1.20
2008.11.14 13:57:19.879,1.5476,1.54835,1.20,2.40
2008.11.14 13:57:20.059,1.5476,1.5484,1.20,2.40
2008.11.14 13:57:20.349,1.5476,1.5484,2.40,2.40
2008.11.14 13:57:23.538,1.54765,1.54844,1.20,1.00
2008.11.14 13:57:23.768,1.5477,1.54845,1.20,2.40
2008.11.14 13:57:23.998,1.54765,1.54825,1.20,1.20
2008.11.14 13:57:24.568,1.54765,1.54829,1.20,1.00
2008.11.14 13:57:25.018,1.54765,1.5484,1.20,1.20
2008.11.14 13:57:25.608,1.54755,1.54835,2.40,1.20
2008.11.14 13:57:26.147,1.5475,1.54835,2.40,1.20
2008.11.14 13:57:26.907,1.54755,1.54835,1.20,1.20
2008.11.14 13:57:27.407,1.5476,1.54835,1.20,1.20
2008.11.14 13:57:27.917,1.5476,1.5484,1.20,1.20
2008.11.14 13:57:28.277,1.5476,1.54835,2.40,1.00
2008.11.14 13:57:28.557,1.5476,1.54839,2.40,1.00
2008.11.14 13:57:29.267,1.5476,1.5484,2.40,1.20
2008.11.14 13:57:29.507,1.5479,1.54865,1.00,1.20
2008.11.14 13:57:29.847,1.5479,1.5487,2.10,1.20
2008.11.14 13:57:30.517,1.54785,1.5486,1.20,1.20
2008.11.14 13:57:30.916,1.5478,1.5486,2.40,3.60
2008.11.14 13:57:31.307,1.5478,1.54855,1.20,1.20
2008.11.14 13:57:32.006,1.5478,1.5485,1.20,1.20
2008.11.14 13:57:33.066,1.5478,1.54845,1.20,1.20
2008.11.14 13:57:33.356,1.54765,1.54845,2.40,3.60
2008.11.14 13:57:34.055,1.5476,1.54835,2.40,1.20
2008.11.14 13:57:34.405,1.5476,1.54835,1.20,1.20
2008.11.14 13:57:37.845,1.54765,1.5484,1.20,1.20
2008.11.14 13:57:40.684,1.5477,1.54845,1.20,1.20
2008.11.14 13:57:40.984,1.5476,1.54835,1.20,1.20
2008.11.14 13:57:41.314,1.5476,1.5484,1.20,1.20
2008.11.14 13:57:41.784,1.5477,1.5484,1.20,1.00
2008.11.14 13:57:42.184,1.5477,1.5485,2.40,2.20
2008.11.14 13:57:42.643,1.54775,1.5485,2.40,1.20
2008.11.14 13:57:43.033,1.54775,1.5486,2.40,1.20
2008.11.14 13:57:43.264,1.54775,1.5486,1.20,1.00
2008.11.14 13:57:43.664,1.5476,1.5486,1.20,1.20
2008.11.14 13:57:44.353,1.5474,1.5484,1.20,1.20
2008.11.14 13:57:45.463,1.5475,1.5485,1.20,1.20
2008.11.14 13:57:45.823,1.54755,1.54855,1.20,1.20
2008.11.14 13:57:46.153,1.5475,1.5485,1.20,1.20
2008.11.14 13:57:46.953,1.54745,1.54845,1.20,1.20
2008.11.14 13:57:47.592,1.54735,1.54835,1.20,1.20
2008.11.14 13:57:48.512,1.5474,1.5484,1.20,1.20
2008.11.14 13:57:48.952,1.5475,1.5485,1.20,1.20
2008.11.14 13:57:50.342,1.5475,1.54845,1.20,1.20
2008.11.14 13:57:50.632,1.5475,1.5485,1.20,1.20
2008.11.14 13:57:53.211,1.54765,1.54865,1.20,1.20
2008.11.14 13:57:56.880,1.5477,1.5487,1.20,1.20
2008.11.14 13:57:58.320,1.54785,1.54885,1.20,1.20
2008.11.14 13:57:59.069,1.54795,1.54895,1.20,1.20
2008.11.14 13:57:59.440,1.5479,1.5489,1.20,1.20
2008.11.14 13:58:00.369,1.5477,1.5487,1.20,2.40
2008.11.14 13:58:01.609,1.54755,1.54855,1.20,2.40
2008.11.14 13:58:02.019,1.54765,1.54865,1.20,2.40
2008.11.14 13:58:03.879,1.5477,1.54865,1.20,1.20
2008.11.14 13:58:04.218,1.5476,1.54845,1.20,1.20
2008.11.14 13:58:04.748,1.5479,1.54885,1.20,1.20
2008.11.14 13:58:05.248,1.5479,1.5489,1.20,1.20
2008.11.14 13:58:06.568,1.54805,1.549,1.20,1.20
2008.11.14 13:58:06.748,1.5479,1.54885,1.20,1.20
2008.11.14 13:58:07.008,1.54765,1.54799,1.20,1.00
2008.11.14 13:58:07.298,1.5475,1.5477,2.40,1.20
2008.11.14 13:58:07.708,1.5475,1.5477,1.20,1.20
2008.11.14 13:58:08.057,1.5475,1.54825,1.20,1.20
2008.11.14 13:58:08.358,1.5475,1.5482,1.20,1.00
2008.11.14 13:58:08.707,1.5475,1.5485,1.20,1.20
2008.11.14 13:58:08.877,1.54755,1.54855,1.20,1.20
2008.11.14 13:58:09.757,1.5476,1.54855,1.20,1.20
2008.11.14 13:58:10.647,1.54765,1.54865,1.20,1.20
2008.11.14 13:58:11.976,1.5476,1.5486,1.20,1.20
2008.11.14 13:58:12.386,1.5473,1.54825,1.20,1.20
2008.11.14 13:58:12.856,1.5473,1.54815,1.20,1.20
2008.11.14 13:58:13.156,1.5472,1.54815,2.40,1.20
2008.11.14 13:58:13.606,1.54715,1.5481,1.20,2.40
2008.11.14 13:58:14.306,1.54705,1.5479,1.20,1.20
2008.11.14 13:58:14.766,1.547,1.54775,1.20,1.20
2008.11.14 13:58:15.446,1.547,1.5476,1.20,1.20
2008.11.14 13:58:16.105,1.54685,1.54755,1.20,1.20
2008.11.14 13:58:16.455,1.54675,1.5475,1.20,1.20
2008.11.14 13:58:16.855,1.54675,1.5473,1.20,1.20
2008.11.14 13:58:17.085,1.5468,1.5473,1.20,1.20
2008.11.14 13:58:17.546,1.5468,1.54725,1.20,1.20
2008.11.14 13:58:17.995,1.54675,1.54725,1.20,1.20
2008.11.14 13:58:18.665,1.5466,1.54665,1.20,1.40
2008.11.14 13:58:19.126,1.5465,1.5471,1.20,1.20
2008.11.14 13:58:19.525,1.54645,1.54704,1.20,1.00
2008.11.14 13:58:20.464,1.54645,1.5472,1.20,1.20
2008.11.14 13:58:20.874,1.5464,1.54735,2.40,1.20
2008.11.14 13:58:21.204,1.5464,1.5473,2.40,1.20
2008.11.14 13:58:21.554,1.54645,1.54685,1.20,1.20
2008.11.14 13:58:21.914,1.5465,1.5472,1.20,1.20
2008.11.14 13:58:22.644,1.5465,1.5473,1.20,1.20
2008.11.14 13:58:22.994,1.54675,1.5473,1.20,1.20
2008.11.14 13:58:23.394,1.5469,1.54725,1.20,1.20
2008.11.14 13:58:24.074,1.5467,1.5475,2.40,1.20
2008.11.14 13:58:24.473,1.54655,1.5475,1.20,1.20
2008.11.14 13:58:24.823,1.54665,1.5475,1.20,1.20
2008.11.14 13:58:25.224,1.5472,1.54765,1.80,1.20
2008.11.14 13:58:25.873,1.54675,1.5476,1.20,1.20
2008.11.14 13:58:26.543,1.5467,1.54745,1.00,1.20
2008.11.14 13:58:26.953,1.5464,1.54705,1.20,1.20
2008.11.14 13:58:27.713,1.5464,1.5469,1.20,1.20
2008.11.14 13:58:28.012,1.54645,1.54695,1.20,1.20
2008.11.14 13:58:28.522,1.54645,1.547,1.20,1.20
2008.11.14 13:58:29.092,1.54655,1.54665,1.20,1.20
2008.11.14 13:58:29.722,1.54645,1.5467,1.20,1.20
2008.11.14 13:58:30.122,1.5464,1.5467,1.20,1.20
2008.11.14 13:58:30.652,1.5464,1.54675,1.20,1.00
2008.11.14 13:58:31.012,1.54715,1.5472,1.20,1.20
2008.11.14 13:58:31.742,1.5471,1.54735,1.20,1.20
2008.11.14 13:58:32.142,1.5464,1.54735,1.20,1.20
2008.11.14 13:58:32.542,1.54645,1.5474,1.20,1.20
2008.11.14 13:58:33.011,1.54645,1.54745,2.40,1.20
2008.11.14 13:58:33.621,1.5465,1.5475,1.20,1.20
2008.11.14 13:58:33.911,1.5466,1.5472,1.20,1.20
2008.11.14 13:58:34.291,1.54675,1.5471,1.20,1.20
2008.11.14 13:58:34.931,1.54675,1.547,1.20,1.20
2008.11.14 13:58:35.281,1.5469,1.547,1.20,1.20
2008.11.14 13:58:35.751,1.547,1.548,1.20,2.00
2008.11.14 13:58:36.160,1.54765,1.54825,1.20,2.00
2008.11.14 13:58:36.630,1.54695,1.54825,1.70,2.00
2008.11.14 13:58:37.190,1.5472,1.5482,1.20,2.00
2008.11.14 13:58:37.571,1.5471,1.5481,1.20,2.00
2008.11.14 13:58:38.240,1.54705,1.5475,1.20,1.20
2008.11.14 13:58:38.720,1.5474,1.54745,1.20,1.20
2008.11.14 13:58:39.070,1.54735,1.54765,1.20,1.20
2008.11.14 13:58:39.420,1.5472,1.5477,1.20,1.20
2008.11.14 13:58:39.879,1.54735,1.5477,1.20,1.20
2008.11.14 13:58:40.320,1.54725,1.54775,1.20,1.20
2008.11.14 13:58:40.720,1.5472,1.5479,1.20,1.20
2008.11.14 13:58:41.010,1.5472,1.54785,1.20,1.20
2008.11.14 13:58:41.419,1.5472,1.5479,1.20,1.20
2008.11.14 13:58:41.949,1.5472,1.548,1.20,2.40
2008.11.14 13:58:42.639,1.5472,1.548,1.20,1.20
2008.11.14 13:58:42.799,1.5472,1.54795,1.20,1.20
2008.11.14 13:58:43.139,1.5472,1.548,1.20,1.20
2008.11.14 13:58:44.149,1.54715,1.54795,2.40,1.20
2008.11.14 13:58:44.679,1.5474,1.54795,1.20,2.40
2008.11.14 13:58:44.909,1.5472,1.548,1.20,2.40
2008.11.14 13:58:45.199,1.5472,1.548,2.10,1.20
2008.11.14 13:58:45.548,1.54725,1.54805,1.20,1.20
2008.11.14 13:58:45.848,1.54725,1.54805,1.20,1.20
2008.11.14 13:58:46.198,1.54725,1.54805,1.20,2.40
2008.11.14 13:58:47.348,1.5472,1.54805,2.10,1.20
2008.11.14 13:58:47.808,1.54725,1.54805,1.20,1.20
2008.11.14 13:58:48.198,1.54725,1.54809,1.20,1.00
2008.11.14 13:58:48.458,1.5473,1.5481,1.20,1.20
2008.11.14 13:58:48.968,1.54725,1.5481,3.60,1.20
2008.11.14 13:58:49.248,1.54725,1.54805,2.40,2.40
2008.11.14 13:58:49.627,1.54725,1.54805,3.60,2.40
2008.11.14 13:58:50.727,1.54725,1.54805,2.40,3.60
2008.11.14 13:58:51.837,1.54725,1.54805,3.60,2.40
2008.11.14 13:58:52.187,1.54735,1.5479,1.20,1.20
2008.11.14 13:58:52.467,1.5472,1.5479,1.20,1.20
2008.11.14 13:58:52.906,1.54725,1.5479,1.20,1.20
2008.11.14 13:58:53.436,1.54735,1.5479,1.20,1.20
2008.11.14 13:58:53.727,1.5472,1.548,1.20,1.20
2008.11.14 13:58:54.116,1.54725,1.54805,1.20,1.20
2008.11.14 13:58:54.456,1.54725,1.5479,1.20,1.20
2008.11.14 13:58:54.816,1.54725,1.548,1.20,1.20
2008.11.14 13:58:55.996,1.5472,1.548,1.20,1.20
2008.11.14 13:58:56.296,1.54715,1.54795,1.20,1.20
2008.11.14 13:58:56.526,1.54715,1.548,1.20,1.20
2008.11.14 13:58:56.756,1.5472,1.548,1.20,1.20
2008.11.14 13:58:57.646,1.54715,1.548,2.40,1.20
2008.11.14 13:58:58.045,1.54715,1.54799,2.40,1.00
2008.11.14 13:58:58.335,1.54715,1.54799,1.20,1.00
2008.11.14 13:58:58.745,1.54715,1.548,2.40,1.20
2008.11.14 13:59:00.775,1.5472,1.54804,2.10,1.00
2008.11.14 13:59:01.125,1.5472,1.54805,2.10,2.40
2008.11.14 13:59:01.384,1.5472,1.54805,3.30,1.20
2008.11.14 13:59:01.834,1.5473,1.54809,1.00,1.00
2008.11.14 13:59:02.255,1.5473,1.5482,2.10,2.40
2008.11.14 13:59:02.754,1.5473,1.5479,1.20,1.20
2008.11.14 13:59:03.024,1.5471,1.54785,3.60,1.20
2008.11.14 13:59:03.654,1.5471,1.54785,1.20,1.20
2008.11.14 13:59:03.944,1.5471,1.54789,1.20,1.00
2008.11.14 13:59:04.404,1.5471,1.5479,2.40,1.20
2008.11.14 13:59:05.084,1.54715,1.5479,1.20,1.20
2008.11.14 13:59:05.784,1.54715,1.54794,1.20,1.00
2008.11.14 13:59:06.004,1.54715,1.548,2.40,1.20
2008.11.14 13:59:07.593,1.54725,1.548,1.20,1.20
2008.11.14 13:59:08.063,1.54725,1.54805,1.20,2.40
2008.11.14 13:59:10.573,1.54725,1.54805,3.30,1.20
2008.11.14 13:59:10.992,1.54735,1.54805,1.20,1.20
2008.11.14 13:59:11.812,1.54725,1.548,1.20,1.20
2008.11.14 13:59:12.152,1.54765,1.54809,1.20,1.00
2008.11.14 13:59:12.602,1.5477,1.54835,1.20,2.40
2008.11.14 13:59:13.142,1.54755,1.54835,1.20,3.60
2008.11.14 13:59:13.652,1.54755,1.5483,1.20,1.20
2008.11.14 13:59:14.331,1.5475,1.5483,3.30,1.20
2008.11.14 13:59:14.742,1.5475,1.5483,3.30,2.40
2008.11.14 13:59:15.481,1.5475,1.5483,2.10,2.40
2008.11.14 13:59:16.181,1.5475,1.5483,3.30,2.40
2008.11.14 13:59:17.101,1.5476,1.5482,1.20,2.40
2008.11.14 13:59:17.381,1.5474,1.5482,1.20,2.40
2008.11.14 13:59:20.240,1.54735,1.54815,2.40,1.20
2008.11.14 13:59:20.590,1.5474,1.54815,1.20,1.20
2008.11.14 13:59:20.990,1.54735,1.54815,4.50,1.20
2008.11.14 13:59:21.500,1.5473,1.54805,1.20,1.20
2008.11.14 13:59:21.800,1.54735,1.5481,1.20,1.20
2008.11.14 13:59:22.089,1.54735,1.54815,1.20,2.40
2008.11.14 13:59:23.289,1.54735,1.54815,1.20,1.20
2008.11.14 13:59:23.849,1.5473,1.54805,1.20,1.20
2008.11.14 13:59:24.919,1.54725,1.54805,4.50,1.20
2008.11.14 13:59:28.358,1.54725,1.548,3.60,1.20
2008.11.14 13:59:28.478,1.54725,1.54799,2.40,1.00
2008.11.14 13:59:28.588,1.5473,1.54795,1.20,1.20
2008.11.14 13:59:29.108,1.5473,1.54795,1.20,2.40
2008.11.14 13:59:29.458,1.5472,1.54765,1.20,2.40
2008.11.14 13:59:29.758,1.5468,1.54765,1.20,2.40
2008.11.14 13:59:31.357,1.5468,1.5477,2.10,2.40
2008.11.14 13:59:35.527,1.54695,1.54775,1.00,1.20
2008.11.14 13:59:35.816,1.54695,1.5478,1.00,1.20
2008.11.14 13:59:36.326,1.54695,1.54785,1.00,3.60
2008.11.14 13:59:36.636,1.54705,1.54785,1.20,1.20
2008.11.14 13:59:37.216,1.54705,1.5479,1.00,1.20
2008.11.14 13:59:37.616,1.54705,1.5479,2.10,1.20
2008.11.14 13:59:38.396,1.54705,1.5479,1.20,3.60
2008.11.14 13:59:38.866,1.5471,1.54795,1.20,1.20
2008.11.14 13:59:39.265,1.54715,1.548,1.20,3.60
2008.11.14 13:59:39.605,1.5471,1.548,2.10,3.60
2008.11.14 13:59:40.395,1.5471,1.54795,2.10,2.40
2008.11.14 13:59:40.915,1.54715,1.54795,1.00,2.40
2008.11.14 13:59:41.245,1.5472,1.548,1.00,1.20
2008.11.14 13:59:41.595,1.5472,1.54805,1.00,3.60
2008.11.14 13:59:42.125,1.5472,1.54805,1.00,2.40
2008.11.14 13:59:42.635,1.5471,1.54785,3.60,2.40
2008.11.14 13:59:43.114,1.54705,1.54785,3.30,1.20
2008.11.14 13:59:43.794,1.54705,1.5478,2.10,1.20
2008.11.14 13:59:43.905,1.54695,1.5477,1.20,1.20
2008.11.14 13:59:44.354,1.54715,1.54785,1.20,1.20
2008.11.14 13:59:45.634,1.54715,1.54785,1.20,2.40
2008.11.14 13:59:46.674,1.54715,1.54775,1.20,1.20
2008.11.14 13:59:46.734,1.5469,1.5477,1.20,1.20
2008.11.14 13:59:47.163,1.5469,1.54765,1.20,1.20
2008.11.14 13:59:47.564,1.54685,1.54765,2.10,1.20
2008.11.14 13:59:48.773,1.5469,1.54765,1.20,1.20
2008.11.14 13:59:49.243,1.547,1.54775,1.00,1.00
2008.11.14 13:59:49.653,1.547,1.5478,2.10,1.20
2008.11.14 13:59:50.983,1.547,1.54765,1.20,1.20
2008.11.14 13:59:51.392,1.5467,1.5475,3.30,1.20
2008.11.14 13:59:51.742,1.54675,1.5476,2.10,2.40
2008.11.14 13:59:52.012,1.54675,1.5476,1.00,1.20
2008.11.14 13:59:52.692,1.5466,1.54745,4.50,1.20
2008.11.14 13:59:53.162,1.54695,1.54749,2.40,1.00
2008.11.14 13:59:53.782,1.547,1.54745,2.10,1.20
2008.11.14 13:59:54.132,1.54715,1.54795,1.80,2.40
2008.11.14 13:59:54.621,1.5472,1.5479,1.00,1.20
2008.11.14 13:59:54.981,1.5472,1.548,1.00,1.20
2008.11.14 13:59:55.901,1.54715,1.54795,1.20,1.20
2008.11.14 13:59:56.261,1.5471,1.54795,2.10,1.20
2008.11.14 13:59:56.731,1.54725,1.54795,1.00,1.20
2008.11.14 13:59:57.061,1.5473,1.5481,1.00,1.20
2008.11.14 13:59:57.461,1.5473,1.54805,1.00,1.20
2008.11.14 13:59:57.791,1.54725,1.54805,1.00,1.20
2008.11.14 13:59:58.191,1.5473,1.5481,1.00,1.20
2008.11.14 13:59:58.591,1.54725,1.5481,2.70,1.20
2008.11.14 13:59:58.931,1.5473,1.54805,1.00,1.20
2008.11.14 13:59:59.220,1.5473,1.5481,1.00,1.20
