2008.11.12 13:00:00.646,1.5174,1.5182,1.50,1.20
2008.11.12 13:00:01.056,1.5174,1.5182,1.50,2.40
2008.11.12 13:00:01.636,1.5174,1.5182,1.50,1.20
2008.11.12 13:00:01.996,1.51755,1.5182,1.50,1.20
2008.11.12 13:00:02.666,1.51755,1.5182,1.00,1.20
2008.11.12 13:00:02.946,1.5175,1.5182,1.50,1.20
2008.11.12 13:00:03.365,1.51755,1.5182,1.50,1.20
2008.11.12 13:00:03.716,1.5176,1.5182,1.00,1.20
2008.11.12 13:00:04.175,1.51765,1.5182,1.50,1.20
2008.11.12 13:00:04.585,1.5176,1.5182,2.70,1.20
2008.11.12 13:00:04.756,1.5176,1.5182,1.50,1.20
2008.11.12 13:00:08.724,1.5175,1.5182,1.50,1.20
2008.11.12 13:00:09.294,1.5176,1.5182,1.00,1.20
2008.11.12 13:00:09.854,1.5176,1.5182,1.50,1.20
2008.11.12 13:00:12.384,1.51765,1.5182,1.50,1.20
2008.11.12 13:00:12.833,1.5175,1.5182,1.80,1.20
2008.11.12 13:00:13.183,1.5175,1.5182,1.50,1.20
2008.11.12 13:00:14.533,1.51755,1.5182,1.50,1.20
2008.11.12 13:00:15.523,1.51755,1.5181,1.00,2.40
2008.11.12 13:00:15.822,1.51725,1.5181,2.70,1.20
2008.11.12 13:00:16.162,1.51725,1.5179,1.00,1.20
2008.11.12 13:00:16.722,1.51705,1.5179,2.70,1.60
2008.11.12 13:00:17.212,1.51715,1.518,1.50,3.90
2008.11.12 13:00:18.022,1.5172,1.518,1.00,2.70
2008.11.12 13:00:18.352,1.5172,1.51805,1.50,1.20
2008.11.12 13:00:19.052,1.51715,1.518,1.50,5.10
2008.11.12 13:00:19.392,1.51725,1.518,1.50,1.20
2008.11.12 13:00:20.121,1.5175,1.51795,1.00,2.80
2008.11.12 13:00:20.632,1.51745,1.51795,1.50,2.80
2008.11.12 13:00:20.911,1.51745,1.51785,1.00,1.60
2008.11.12 13:00:21.431,1.51745,1.51785,1.50,2.80
2008.11.12 13:00:21.832,1.5174,1.5178,1.50,1.60
2008.11.12 13:00:22.171,1.51715,1.518,1.50,6.30
2008.11.12 13:00:22.761,1.51725,1.518,1.50,1.20
2008.11.12 13:00:23.101,1.5173,1.5181,1.50,1.20
2008.11.12 13:00:23.791,1.51725,1.518,1.50,1.20
2008.11.12 13:00:24.081,1.51715,1.518,1.50,3.30
2008.11.12 13:00:24.381,1.51725,1.518,1.00,2.10
2008.11.12 13:00:25.080,1.51725,1.518,1.50,1.20
2008.11.12 13:00:25.430,1.5173,1.51815,1.50,1.20
2008.11.12 13:00:27.003,1.51775,1.51815,1.50,2.80
2008.11.12 13:00:27.330,1.51775,1.51815,1.50,1.20
2008.11.12 13:00:27.850,1.51725,1.5181,1.50,1.20
2008.11.12 13:00:28.150,1.5173,1.5181,1.50,1.20
2008.11.12 13:00:28.889,1.5172,1.5181,2.70,3.30
2008.11.12 13:00:29.219,1.51725,1.5181,1.20,3.30
2008.11.12 13:00:29.560,1.51735,1.5182,1.50,2.40
2008.11.12 13:00:30.279,1.5173,1.51815,1.50,1.20
2008.11.12 13:00:30.739,1.51735,1.5182,1.50,1.20
2008.11.12 13:00:31.129,1.51735,1.5182,1.50,2.40
2008.11.12 13:00:31.429,1.51735,1.5182,1.80,3.60
2008.11.12 13:00:31.839,1.5173,1.5182,1.50,4.50
2008.11.12 13:00:33.538,1.5173,1.51815,1.50,1.20
2008.11.12 13:00:34.108,1.51725,1.51815,1.50,4.50
2008.11.12 13:00:37.107,1.5172,1.51805,1.50,1.20
2008.11.12 13:00:37.967,1.5173,1.51815,1.50,1.20
2008.11.12 13:00:38.707,1.5173,1.5182,1.50,4.50
2008.11.12 13:00:41.296,1.51735,1.5182,1.00,2.10
2008.11.12 13:00:41.656,1.51735,1.5182,1.50,1.20
2008.11.12 13:00:43.536,1.51735,1.5182,2.70,1.20
2008.11.12 13:00:44.166,1.51745,1.5182,1.50,1.20
2008.11.12 13:00:45.375,1.51735,1.5182,2.70,1.20
2008.11.12 13:00:45.915,1.51755,1.5182,1.50,1.20
2008.11.12 13:00:46.295,1.5176,1.5182,1.00,1.20
2008.11.12 13:00:46.585,1.5176,1.5182,1.50,1.20
2008.11.12 13:00:47.115,1.51765,1.5182,1.50,1.20
2008.11.12 13:00:47.575,1.5178,1.5182,1.50,1.20
2008.11.12 13:00:49.355,1.5179,1.5182,1.00,1.20
2008.11.12 13:00:50.294,1.518,1.5182,1.00,1.20
2008.11.12 13:00:50.694,1.5179,1.5182,2.70,1.20
2008.11.12 13:00:51.216,1.518,1.5182,1.50,1.20
2008.11.12 13:00:51.674,1.5181,1.5182,1.00,1.20
2008.11.12 13:00:52.014,1.518,1.5189,2.70,2.10
2008.11.12 13:00:52.244,1.51815,1.519,1.50,2.20
2008.11.12 13:00:52.584,1.51815,1.519,1.50,1.20
2008.11.12 13:00:52.984,1.51815,1.51895,1.50,1.20
2008.11.12 13:00:53.424,1.518,1.5189,2.70,3.30
2008.11.12 13:00:53.783,1.518,1.5189,2.70,2.10
2008.11.12 13:00:54.713,1.518,1.5189,2.70,4.50
2008.11.12 13:00:54.953,1.518,1.51885,2.70,1.20
2008.11.12 13:00:55.243,1.51795,1.5187,2.70,2.80
2008.11.12 13:00:55.714,1.51795,1.5187,1.50,2.80
2008.11.12 13:00:56.063,1.5179,1.5185,1.00,1.20
2008.11.12 13:00:56.533,1.51785,1.5185,1.00,2.80
2008.11.12 13:00:56.893,1.51785,1.5184,1.50,2.80
2008.11.12 13:00:57.282,1.5179,1.5186,1.50,4.50
2008.11.12 13:00:57.562,1.5178,1.5185,1.50,3.90
2008.11.12 13:00:58.232,1.5178,1.51835,1.00,1.00
2008.11.12 13:00:58.632,1.5179,1.51835,1.00,1.00
2008.11.12 13:00:59.102,1.5179,1.5183,1.50,1.20
2008.11.12 13:00:59.552,1.51785,1.51835,1.50,2.10
2008.11.12 13:00:59.902,1.5179,1.51835,1.50,1.20
2008.11.12 13:01:00.362,1.51785,1.5183,1.50,1.20
2008.11.12 13:01:01.702,1.51785,1.51835,1.50,1.20
2008.11.12 13:01:02.591,1.5178,1.51815,1.20,1.20
2008.11.12 13:01:02.931,1.5176,1.5184,1.50,5.10
2008.11.12 13:01:03.281,1.5176,1.5184,1.50,3.90
2008.11.12 13:01:03.621,1.5175,1.5184,3.90,6.00
2008.11.12 13:01:03.861,1.51765,1.5184,1.00,4.80
2008.11.12 13:01:04.311,1.51765,1.5184,1.50,3.90
2008.11.12 13:01:04.661,1.5177,1.5184,1.00,3.90
2008.11.12 13:01:05.001,1.51765,1.5184,2.40,3.90
2008.11.12 13:01:05.341,1.51765,1.5184,1.50,3.90
2008.11.12 13:01:06.411,1.5177,1.5184,1.50,3.90
2008.11.12 13:01:06.710,1.5178,1.5184,1.50,3.90
2008.11.12 13:01:07.180,1.5177,1.5184,2.70,3.90
2008.11.12 13:01:07.580,1.5177,1.5184,1.50,3.90
2008.11.12 13:01:09.489,1.51785,1.5184,1.00,3.90
2008.11.12 13:01:09.729,1.51785,1.5184,2.70,3.90
2008.11.12 13:01:09.970,1.5179,1.5184,1.20,3.90
2008.11.12 13:01:10.200,1.5177,1.5184,1.50,3.90
2008.11.12 13:01:10.709,1.5177,1.5184,2.10,3.90
2008.11.12 13:01:10.989,1.51765,1.5184,2.70,3.90
2008.11.12 13:01:11.399,1.51765,1.5184,2.10,3.90
2008.11.12 13:01:11.919,1.5176,1.5184,2.70,3.90
2008.11.12 13:01:12.419,1.51765,1.5184,1.80,3.90
2008.11.12 13:01:12.719,1.5176,1.5184,1.50,3.90
2008.11.12 13:01:14.389,1.5177,1.5184,1.20,3.90
2008.11.12 13:01:14.908,1.5176,1.5184,1.50,3.90
2008.11.12 13:01:15.708,1.5177,1.5184,1.20,3.90
2008.11.12 13:01:15.938,1.5177,1.5184,1.20,5.10
2008.11.12 13:01:16.178,1.5177,1.5184,1.20,6.30
2008.11.12 13:01:16.458,1.51755,1.5184,1.50,6.30
2008.11.12 13:01:17.508,1.51755,1.5184,2.70,6.30
2008.11.12 13:01:18.287,1.51755,1.5184,2.70,8.10
2008.11.12 13:01:18.588,1.5175,1.51835,1.50,3.30
2008.11.12 13:01:18.937,1.51785,1.5183,1.00,1.20
2008.11.12 13:01:19.347,1.51785,1.5182,1.00,1.20
2008.11.12 13:01:19.807,1.51775,1.5182,1.50,1.20
2008.11.12 13:01:20.307,1.51775,1.51815,1.50,1.20
2008.11.12 13:01:20.717,1.51775,1.51815,1.00,2.40
2008.11.12 13:01:21.057,1.5176,1.51815,1.50,2.40
2008.11.12 13:01:21.407,1.51755,1.51805,1.50,1.20
2008.11.12 13:01:21.697,1.5176,1.51805,1.80,1.20
2008.11.12 13:01:22.176,1.5176,1.51805,1.50,1.20
2008.11.12 13:01:22.636,1.51765,1.51805,1.00,1.20
2008.11.12 13:01:22.986,1.5177,1.51815,1.20,2.40
2008.11.12 13:01:23.336,1.51765,1.51805,1.80,1.20
2008.11.12 13:01:23.676,1.51765,1.5182,1.50,2.40
2008.11.12 13:01:24.416,1.51735,1.51815,2.70,1.20
2008.11.12 13:01:25.006,1.51735,1.5181,2.70,1.20
2008.11.12 13:01:26.236,1.51735,1.5181,2.70,2.40
2008.11.12 13:01:26.525,1.51725,1.51805,1.50,1.20
2008.11.12 13:01:27.195,1.5177,1.51805,1.50,2.40
2008.11.12 13:01:27.435,1.51775,1.5181,1.50,1.20
2008.11.12 13:01:27.945,1.51775,1.518,1.00,1.20
2008.11.12 13:01:28.535,1.51775,1.518,1.00,1.20
2008.11.12 13:01:28.655,1.51775,1.51815,1.50,1.20
2008.11.12 13:01:29.185,1.51775,1.5181,1.50,1.20
2008.11.12 13:01:29.605,1.51785,1.51825,1.00,1.20
2008.11.12 13:01:30.125,1.5178,1.51825,1.50,1.20
2008.11.12 13:01:30.524,1.518,1.5184,1.00,1.20
2008.11.12 13:01:30.864,1.51785,1.51835,1.50,1.20
2008.11.12 13:01:31.254,1.51775,1.5184,1.50,1.20
2008.11.12 13:01:31.774,1.5179,1.51835,1.20,1.20
2008.11.12 13:01:32.174,1.51785,1.5183,2.70,1.20
2008.11.12 13:01:32.504,1.5178,1.51825,1.50,1.20
2008.11.12 13:01:33.014,1.51775,1.5182,2.70,1.20
2008.11.12 13:01:33.414,1.51775,1.51815,1.50,1.20
2008.11.12 13:01:33.704,1.5178,1.5182,2.70,1.20
2008.11.12 13:01:34.044,1.51775,1.51815,1.50,1.20
2008.11.12 13:01:34.833,1.5178,1.51825,1.50,2.40
2008.11.12 13:01:36.574,1.5178,1.51825,1.80,2.40
2008.11.12 13:01:36.973,1.51785,1.51825,1.50,1.20
2008.11.12 13:01:37.723,1.51785,1.5182,1.20,1.20
2008.11.12 13:01:38.003,1.5177,1.5182,1.50,1.20
2008.11.12 13:01:38.282,1.5177,1.51815,1.50,1.20
2008.11.12 13:01:39.942,1.51775,1.5182,1.50,1.20
2008.11.12 13:01:40.742,1.5178,1.5182,1.00,1.20
2008.11.12 13:01:40.922,1.5178,1.5182,1.00,1.20
2008.11.12 13:01:41.042,1.51775,1.5182,2.70,1.20
2008.11.12 13:01:41.442,1.51775,1.5182,1.50,1.20
2008.11.12 13:01:41.562,1.51775,1.51825,1.00,3.60
2008.11.12 13:01:41.772,1.51775,1.51825,1.00,5.20
2008.11.12 13:01:41.882,1.51775,1.51825,1.00,5.20
2008.11.12 13:01:42.242,1.5177,1.5182,1.50,1.20
2008.11.12 13:01:42.771,1.51775,1.5182,1.50,1.20
2008.11.12 13:01:43.121,1.5178,1.5183,1.50,2.40
2008.11.12 13:01:43.411,1.5179,1.51825,1.00,1.20
2008.11.12 13:01:43.801,1.5179,1.5183,1.50,1.20
2008.11.12 13:01:44.161,1.51795,1.5183,1.50,1.20
2008.11.12 13:01:44.511,1.51795,1.51835,1.00,2.40
2008.11.12 13:01:45.041,1.5179,1.5183,1.50,1.20
2008.11.12 13:01:45.461,1.518,1.5183,1.00,1.20
2008.11.12 13:01:45.911,1.51795,1.51835,1.50,1.20
2008.11.12 13:01:46.191,1.51795,1.5184,1.00,2.40
2008.11.12 13:01:46.491,1.5179,1.51835,1.00,1.20
2008.11.12 13:01:47.061,1.51795,1.51835,1.00,1.20
2008.11.12 13:01:47.410,1.51805,1.5184,1.00,1.20
2008.11.12 13:01:47.800,1.51815,1.5184,1.00,1.20
2008.11.12 13:01:48.090,1.51815,1.5184,1.00,1.20
2008.11.12 13:01:48.440,1.5178,1.5184,1.50,1.20
2008.11.12 13:01:48.890,1.51775,1.5184,1.50,1.20
2008.11.12 13:01:49.240,1.5178,1.5184,1.50,1.20
2008.11.12 13:01:49.580,1.5178,1.5184,1.00,1.20
2008.11.12 13:01:49.920,1.5178,1.5184,1.50,1.20
2008.11.12 13:01:50.480,1.51775,1.5184,1.50,1.20
2008.11.12 13:01:50.900,1.5178,1.5184,1.00,1.20
2008.11.12 13:01:51.080,1.51785,1.5184,1.00,1.20
2008.11.12 13:01:51.309,1.51785,1.5184,1.50,1.20
2008.11.12 13:01:51.640,1.5182,1.5184,1.00,1.20
2008.11.12 13:01:51.879,1.5182,1.5184,1.80,1.20
2008.11.12 13:01:52.229,1.51815,1.5184,2.70,1.20
2008.11.12 13:01:52.639,1.5181,1.5184,2.70,1.20
2008.11.12 13:01:53.049,1.51805,1.5184,1.00,1.20
2008.11.12 13:01:53.409,1.51805,1.5184,1.50,1.20
2008.11.12 13:01:54.679,1.518,1.5184,1.50,1.20
2008.11.12 13:01:55.149,1.5181,1.5184,1.50,1.20
2008.11.12 13:01:56.948,1.5182,1.5184,1.00,1.20
2008.11.12 13:01:57.418,1.51815,1.5184,1.80,1.20
2008.11.12 13:01:57.718,1.51815,1.5184,1.50,1.20
2008.11.12 13:01:58.698,1.51825,1.5184,1.00,1.20
2008.11.12 13:01:59.298,1.51825,1.5185,1.00,2.40
2008.11.12 13:01:59.598,1.51825,1.5184,1.00,1.20
2008.11.12 13:01:59.937,1.51815,1.5184,1.50,1.20
2008.11.12 13:02:00.577,1.51815,1.5184,1.80,1.20
2008.11.12 13:02:00.867,1.5181,1.5184,1.50,1.20
2008.11.12 13:02:02.137,1.51815,1.5184,1.00,1.20
2008.11.12 13:02:02.477,1.51815,1.5184,1.50,1.20
2008.11.12 13:02:05.126,1.5181,1.5184,1.00,1.20
2008.11.12 13:02:05.586,1.51825,1.5185,2.10,2.40
2008.11.12 13:02:06.146,1.51825,1.5185,1.50,2.40
2008.11.12 13:02:07.685,1.5182,1.5184,1.50,1.20
2008.11.12 13:02:12.854,1.5181,1.5184,1.50,1.20
2008.11.12 13:02:13.024,1.51805,1.5184,2.70,1.20
2008.11.12 13:02:13.544,1.51805,1.5184,1.50,1.20
2008.11.12 13:02:13.834,1.5181,1.5184,1.50,1.20
2008.11.12 13:02:14.584,1.5182,1.5184,1.50,1.20
2008.11.12 13:02:15.283,1.51835,1.5184,1.00,1.20
2008.11.12 13:02:16.094,1.51835,1.5184,1.20,1.20
2008.11.12 13:02:16.383,1.51825,1.5185,1.50,2.40
2008.11.12 13:02:16.723,1.51825,1.5185,1.00,2.40
2008.11.12 13:02:17.123,1.51815,1.5184,1.20,1.20
2008.11.12 13:02:17.473,1.51825,1.5185,1.00,2.40
2008.11.12 13:02:17.823,1.51825,1.5184,1.50,1.20
2008.11.12 13:02:18.223,1.5183,1.5184,1.00,1.20
2008.11.12 13:02:18.513,1.5182,1.5184,2.70,1.20
2008.11.12 13:02:18.843,1.5182,1.5184,1.50,1.20
2008.11.12 13:02:20.103,1.51845,1.5187,1.50,1.20
2008.11.12 13:02:20.442,1.5186,1.5192,1.20,1.20
2008.11.12 13:02:20.743,1.5185,1.51925,1.50,7.20
2008.11.12 13:02:21.042,1.51855,1.5193,1.00,1.20
2008.11.12 13:02:21.322,1.51855,1.5193,1.50,1.20
2008.11.12 13:02:21.922,1.51855,1.51935,1.50,2.40
2008.11.12 13:02:22.272,1.5185,1.5193,1.50,1.20
2008.11.12 13:02:24.102,1.51855,1.51935,1.00,2.80
2008.11.12 13:02:24.281,1.51855,1.51935,1.00,2.40
2008.11.12 13:02:24.631,1.51855,1.51905,1.50,1.60
2008.11.12 13:02:24.972,1.51865,1.51915,1.50,2.80
2008.11.12 13:02:25.312,1.51865,1.51915,1.50,5.20
2008.11.12 13:02:26.031,1.51865,1.519,1.80,1.20
2008.11.12 13:02:26.601,1.51835,1.51895,1.20,1.20
2008.11.12 13:02:26.931,1.51835,1.51895,1.20,3.30
2008.11.12 13:02:27.401,1.51835,1.51895,1.20,4.50
2008.11.12 13:02:27.821,1.5181,1.51895,4.80,4.50
2008.11.12 13:02:28.101,1.5182,1.51895,1.20,2.10
2008.11.12 13:02:28.731,1.5182,1.5189,1.20,1.00
2008.11.12 13:02:29.181,1.5183,1.51905,1.20,1.20
2008.11.12 13:02:29.770,1.51865,1.5191,1.00,2.10
2008.11.12 13:02:30.000,1.51865,1.5192,1.50,1.20
2008.11.12 13:02:30.470,1.51865,1.5192,2.10,1.20
2008.11.12 13:02:30.820,1.51855,1.5193,1.50,1.20
2008.11.12 13:02:31.180,1.51875,1.5193,1.50,1.20
2008.11.12 13:02:31.360,1.51875,1.5192,1.50,1.20
2008.11.12 13:02:31.700,1.51875,1.51925,1.50,1.20
2008.11.12 13:02:33.289,1.51875,1.5193,1.50,1.20
2008.11.12 13:02:34.929,1.51875,1.51935,1.50,3.90
2008.11.12 13:02:35.259,1.51875,1.51935,2.70,3.90
2008.11.12 13:02:35.679,1.51875,1.5193,1.50,1.20
2008.11.12 13:02:36.608,1.5188,1.51935,1.00,2.80
2008.11.12 13:02:36.789,1.5188,1.51935,1.00,1.20
2008.11.12 13:02:37.368,1.51875,1.51935,1.50,3.90
2008.11.12 13:02:37.638,1.51875,1.51925,1.50,1.20
2008.11.12 13:02:38.048,1.51875,1.5192,1.50,1.20
2008.11.12 13:02:38.448,1.51865,1.51915,1.50,1.20
2008.11.12 13:02:38.798,1.5186,1.51915,1.50,1.20
2008.11.12 13:02:39.808,1.5186,1.5191,1.80,1.20
2008.11.12 13:02:40.148,1.51855,1.5191,1.50,1.20
2008.11.12 13:02:40.388,1.51855,1.5191,1.00,1.20
2008.11.12 13:02:40.678,1.5186,1.5191,1.00,1.20
2008.11.12 13:02:41.018,1.5185,1.519,1.50,1.20
2008.11.12 13:02:41.358,1.5185,1.51905,1.50,1.20
2008.11.12 13:02:41.907,1.51855,1.51905,1.00,2.40
2008.11.12 13:02:42.247,1.5185,1.5189,1.50,1.20
2008.11.12 13:02:42.777,1.51845,1.5189,1.50,1.20
2008.11.12 13:02:43.367,1.51845,1.51885,1.00,1.20
2008.11.12 13:02:43.887,1.51845,1.5189,1.50,2.40
2008.11.12 13:02:44.676,1.51855,1.5189,1.00,1.20
2008.11.12 13:02:45.027,1.5186,1.519,1.50,2.40
2008.11.12 13:02:45.426,1.51845,1.519,1.50,4.00
2008.11.12 13:02:45.886,1.51845,1.5189,1.50,1.20
2008.11.12 13:02:46.646,1.51855,1.5189,1.50,1.20
2008.11.12 13:02:47.066,1.5185,1.519,1.50,2.40
2008.11.12 13:02:47.586,1.51865,1.51895,1.50,1.20
2008.11.12 13:02:48.316,1.51865,1.51905,1.50,1.20
2008.11.12 13:02:48.885,1.51865,1.5191,1.50,1.20
2008.11.12 13:02:49.296,1.5187,1.5191,1.50,1.20
2008.11.12 13:02:49.705,1.5188,1.51905,1.00,1.20
2008.11.12 13:02:49.975,1.5187,1.5191,2.10,1.20
2008.11.12 13:02:50.095,1.51865,1.51905,1.50,1.20
2008.11.12 13:02:50.915,1.51855,1.51905,1.50,2.40
2008.11.12 13:02:51.245,1.5186,1.51895,1.50,1.20
2008.11.12 13:02:51.955,1.5186,1.519,1.50,1.20
2008.11.12 13:02:52.655,1.5186,1.51895,1.50,1.20
2008.11.12 13:02:53.005,1.51855,1.51885,1.00,1.20
2008.11.12 13:02:53.585,1.5184,1.5188,1.50,1.20
2008.11.12 13:02:53.884,1.51835,1.5188,1.50,1.20
2008.11.12 13:02:54.754,1.51835,1.51885,1.50,1.20
2008.11.12 13:02:55.104,1.51835,1.5188,1.50,1.20
2008.11.12 13:02:56.694,1.5183,1.5188,1.50,1.20
2008.11.12 13:02:57.104,1.51845,1.51885,1.50,1.20
2008.11.12 13:02:57.454,1.51845,1.5189,1.50,1.20
2008.11.12 13:02:57.803,1.51845,1.51885,1.50,1.20
2008.11.12 13:03:01.822,1.5184,1.51885,2.70,1.20
2008.11.12 13:03:02.172,1.5184,1.51885,1.50,1.20
2008.11.12 13:03:11.670,1.5184,1.5188,1.50,1.20
2008.11.12 13:03:15.509,1.5184,1.5188,1.00,1.20
2008.11.12 13:03:16.419,1.51845,1.51885,1.50,1.20
2008.11.12 13:03:16.819,1.5185,1.51895,1.50,1.20
2008.11.12 13:03:17.279,1.51865,1.51905,1.50,1.20
2008.11.12 13:03:17.739,1.5186,1.519,1.50,1.20
2008.11.12 13:03:18.099,1.51855,1.519,1.50,1.20
2008.11.12 13:03:19.149,1.51855,1.51905,1.50,1.20
2008.11.12 13:03:19.948,1.5186,1.51905,1.00,1.20
2008.11.12 13:03:20.218,1.5186,1.51905,1.50,1.20
2008.11.12 13:03:23.717,1.51875,1.5191,1.00,1.20
2008.11.12 13:03:23.997,1.51875,1.5192,1.00,1.20
2008.11.12 13:03:24.347,1.51875,1.5192,1.50,1.20
2008.11.12 13:03:24.817,1.5188,1.5192,1.00,1.20
2008.11.12 13:03:25.207,1.51895,1.5192,1.50,1.20
2008.11.12 13:03:29.586,1.5191,1.5192,1.00,1.20
2008.11.12 13:03:29.936,1.51905,1.5196,1.50,1.20
2008.11.12 13:03:31.165,1.51905,1.51955,1.50,1.20
2008.11.12 13:03:32.775,1.51905,1.5196,1.50,1.20
2008.11.12 13:03:33.065,1.51905,1.51955,1.50,1.20
2008.11.12 13:03:33.405,1.519,1.51955,1.50,1.20
2008.11.12 13:03:33.865,1.51905,1.5196,1.50,1.20
2008.11.12 13:03:34.215,1.51905,1.51955,1.50,1.20
2008.11.12 13:03:34.605,1.51905,1.5196,1.50,1.20
2008.11.12 13:03:35.115,1.51905,1.51955,1.50,1.20
2008.11.12 13:03:35.814,1.51905,1.51955,1.80,1.20
2008.11.12 13:03:36.155,1.519,1.5192,1.50,1.20
2008.11.12 13:03:36.504,1.51905,1.5192,1.00,1.20
2008.11.12 13:03:36.864,1.51905,1.5195,1.50,1.20
2008.11.12 13:03:37.204,1.51905,1.51955,1.00,1.20
2008.11.12 13:03:37.544,1.5191,1.5196,1.00,2.40
2008.11.12 13:03:37.954,1.5191,1.5196,1.50,1.20
2008.11.12 13:03:38.474,1.5192,1.51965,1.50,1.20
2008.11.12 13:03:38.824,1.5192,1.5197,1.50,2.40
2008.11.12 13:03:39.153,1.51925,1.5197,1.50,1.20
2008.11.12 13:03:39.893,1.5192,1.5197,1.50,1.20
2008.11.12 13:03:40.243,1.5193,1.5197,1.50,1.20
2008.11.12 13:03:40.583,1.5193,1.51975,1.50,1.20
2008.11.12 13:03:41.443,1.5193,1.5198,1.50,2.40
2008.11.12 13:03:42.013,1.51925,1.5198,1.50,2.40
2008.11.12 13:03:42.573,1.51945,1.5199,1.50,1.20
2008.11.12 13:03:43.303,1.5195,1.52,1.50,2.40
2008.11.12 13:03:43.653,1.51945,1.51985,1.50,1.20
2008.11.12 13:03:44.052,1.5193,1.5198,1.50,1.20
2008.11.12 13:03:44.742,1.51935,1.51985,1.50,1.20
2008.11.12 13:03:45.033,1.51935,1.5198,1.50,1.20
2008.11.12 13:03:45.322,1.5193,1.5198,1.50,1.20
2008.11.12 13:03:46.062,1.5193,1.51985,1.50,1.20
2008.11.12 13:03:47.092,1.5193,1.5199,1.50,2.40
2008.11.12 13:03:47.382,1.5194,1.51985,1.00,1.20
2008.11.12 13:03:47.731,1.5194,1.5199,1.50,1.20
2008.11.12 13:03:48.241,1.5194,1.51995,1.50,1.20
2008.11.12 13:03:49.131,1.51955,1.52,1.50,1.20
2008.11.12 13:03:50.830,1.51965,1.5201,1.80,1.20
2008.11.12 13:03:51.331,1.51965,1.5201,1.50,1.20
2008.11.12 13:03:52.330,1.51965,1.52005,1.50,1.20
2008.11.12 13:03:52.680,1.51955,1.52005,1.00,2.40
2008.11.12 13:03:52.970,1.5195,1.52,1.50,2.40
2008.11.12 13:03:53.380,1.5195,1.51995,1.00,1.20
2008.11.12 13:03:53.920,1.5194,1.5198,1.20,2.10
2008.11.12 13:03:54.320,1.5191,1.5198,1.20,2.10
2008.11.12 13:03:54.760,1.5192,1.51975,1.20,3.30
2008.11.12 13:03:55.240,1.5191,1.5198,1.20,2.10
2008.11.12 13:03:55.749,1.5193,1.5198,1.20,2.10
2008.11.12 13:03:56.459,1.5193,1.51975,1.20,1.20
2008.11.12 13:03:56.749,1.519,1.51975,2.40,2.10
2008.11.12 13:03:57.149,1.5189,1.51975,1.20,2.10
2008.11.12 13:03:57.379,1.5188,1.5198,1.20,1.20
2008.11.12 13:04:01.458,1.51885,1.51985,1.20,1.20
2008.11.12 13:04:02.458,1.51885,1.5198,1.20,1.20
2008.11.12 13:04:05.497,1.51885,1.5196,1.20,1.20
2008.11.12 13:04:05.847,1.51875,1.5196,1.20,2.10
2008.11.12 13:04:06.017,1.51875,1.51955,1.20,2.10
2008.11.12 13:04:06.357,1.51875,1.5196,1.20,3.30
2008.11.12 13:04:06.637,1.51875,1.5196,1.20,2.10
2008.11.12 13:04:07.677,1.51875,1.51955,1.20,2.10
2008.11.12 13:04:08.077,1.51875,1.5196,2.40,2.10
2008.11.12 13:04:08.477,1.51875,1.5196,1.20,2.10
2008.11.12 13:04:09.587,1.51885,1.51975,2.70,3.30
2008.11.12 13:04:09.926,1.51885,1.51965,1.20,2.10
2008.11.12 13:04:10.216,1.5188,1.51965,3.90,2.10
2008.11.12 13:04:11.336,1.5188,1.51965,2.70,2.10
2008.11.12 13:04:11.756,1.5188,1.51955,2.70,1.00
2008.11.12 13:04:12.095,1.51895,1.5198,2.40,4.50
2008.11.12 13:04:12.495,1.519,1.51985,1.20,2.10
2008.11.12 13:04:13.136,1.51905,1.51985,1.20,2.10
2008.11.12 13:04:13.495,1.5192,1.52,1.20,3.30
2008.11.12 13:04:13.836,1.51915,1.52,4.20,2.20
2008.11.12 13:04:14.185,1.51915,1.52005,3.90,3.30
2008.11.12 13:04:14.475,1.51915,1.52,1.00,1.20
2008.11.12 13:04:14.835,1.51915,1.52005,3.90,3.30
2008.11.12 13:04:15.175,1.5192,1.52005,2.10,2.10
2008.11.12 13:04:15.515,1.5193,1.52,1.20,2.10
2008.11.12 13:04:15.865,1.51915,1.52,1.20,3.30
2008.11.12 13:04:16.515,1.51915,1.52,2.40,3.30
2008.11.12 13:04:16.854,1.51915,1.52,1.20,3.30
2008.11.12 13:04:17.374,1.5191,1.52,2.70,3.30
2008.11.12 13:04:18.404,1.5191,1.52,1.50,3.30
2008.11.12 13:04:18.824,1.5191,1.52,1.00,2.10
2008.11.12 13:04:19.174,1.519,1.51995,1.20,1.20
2008.11.12 13:04:19.804,1.5189,1.5199,1.20,1.20
2008.11.12 13:04:20.254,1.5187,1.5192,1.20,1.00
2008.11.12 13:04:20.624,1.5186,1.5191,3.60,1.20
2008.11.12 13:04:21.093,1.5186,1.5191,1.50,1.20
2008.11.12 13:04:21.453,1.51865,1.519,1.50,1.20
2008.11.12 13:04:22.043,1.51865,1.51925,1.50,1.20
2008.11.12 13:04:22.433,1.5187,1.5195,1.20,2.20
2008.11.12 13:04:23.073,1.5187,1.5195,1.20,1.20
2008.11.12 13:04:23.523,1.51885,1.5195,1.20,1.20
2008.11.12 13:04:24.043,1.5188,1.5195,1.20,1.20
2008.11.12 13:04:25.182,1.51885,1.5195,1.00,1.20
2008.11.12 13:04:25.412,1.51885,1.5195,1.50,1.20
2008.11.12 13:04:25.702,1.51885,1.5195,1.20,1.20
2008.11.12 13:04:25.882,1.51875,1.5195,1.20,1.20
2008.11.12 13:04:26.232,1.51885,1.5195,1.20,1.20
2008.11.12 13:04:26.982,1.51885,1.5195,2.40,1.20
2008.11.12 13:04:27.422,1.519,1.5195,1.20,1.20
2008.11.12 13:04:29.502,1.51895,1.5195,1.80,1.20
2008.11.12 13:04:29.891,1.51895,1.5195,1.20,1.20
2008.11.12 13:04:30.181,1.51885,1.5195,2.40,1.20
2008.11.12 13:04:30.641,1.51895,1.5195,1.20,1.20
2008.11.12 13:04:32.241,1.51885,1.5195,3.90,1.20
2008.11.12 13:04:32.881,1.5188,1.5195,1.20,1.20
2008.11.12 13:04:33.400,1.51865,1.5195,1.20,1.20
2008.11.12 13:04:33.520,1.5185,1.51935,1.20,1.20
2008.11.12 13:04:33.910,1.51845,1.51945,2.40,1.20
2008.11.12 13:04:34.311,1.51845,1.51945,1.20,1.20
2008.11.12 13:04:34.770,1.5185,1.5195,1.20,2.40
2008.11.12 13:04:38.039,1.5184,1.5194,1.20,1.20
2008.11.12 13:04:39.329,1.51845,1.51945,1.20,1.20
2008.11.12 13:04:39.609,1.51855,1.51945,1.20,1.20
2008.11.12 13:04:41.318,1.51855,1.5195,2.40,2.40
2008.11.12 13:04:41.478,1.51845,1.5194,1.20,1.20
2008.11.12 13:04:42.039,1.51845,1.51935,1.20,1.20
2008.11.12 13:04:43.058,1.51835,1.5193,1.20,2.40
2008.11.12 13:04:43.508,1.51845,1.51935,1.20,1.20
2008.11.12 13:04:44.188,1.5185,1.5193,1.20,1.20
2008.11.12 13:04:44.648,1.51835,1.5193,1.20,2.40
2008.11.12 13:04:44.937,1.51845,1.5193,1.20,2.40
2008.11.12 13:04:45.287,1.5183,1.5192,4.80,1.20
2008.11.12 13:04:45.527,1.5183,1.5192,2.40,1.20
2008.11.12 13:04:45.808,1.5183,1.5192,1.20,1.20
2008.11.12 13:04:46.707,1.5184,1.5192,1.20,1.20
2008.11.12 13:04:47.627,1.5183,1.5192,1.20,1.20
2008.11.12 13:04:47.957,1.5183,1.5193,2.40,2.40
2008.11.12 13:04:48.307,1.5185,1.5193,1.20,2.40
2008.11.12 13:04:48.767,1.51845,1.51935,1.20,1.20
2008.11.12 13:04:49.227,1.51845,1.5193,1.20,1.20
2008.11.12 13:04:49.626,1.51845,1.51935,1.20,1.20
2008.11.12 13:04:50.726,1.51845,1.5193,1.20,1.20
2008.11.12 13:04:51.836,1.5183,1.5193,4.80,1.20
2008.11.12 13:04:53.666,1.5184,1.5194,2.40,1.20
2008.11.12 13:04:54.085,1.51855,1.51945,2.40,2.40
2008.11.12 13:04:54.377,1.519,1.51945,1.00,1.20
2008.11.12 13:04:54.765,1.519,1.51945,1.50,1.20
2008.11.12 13:04:55.175,1.51895,1.5194,1.00,1.20
2008.11.12 13:04:55.525,1.5189,1.5194,1.50,1.20
2008.11.12 13:04:55.885,1.519,1.51945,1.00,1.20
2008.11.12 13:04:56.055,1.51895,1.51945,1.80,1.20
2008.11.12 13:04:56.285,1.51895,1.51945,1.00,2.40
2008.11.12 13:04:56.645,1.51895,1.51945,1.50,2.40
2008.11.12 13:04:57.065,1.519,1.51945,1.50,1.20
2008.11.12 13:04:58.024,1.519,1.51945,1.00,1.20
2008.11.12 13:04:58.414,1.51895,1.51945,1.50,1.20
2008.11.12 13:04:59.874,1.519,1.51945,1.50,1.20
2008.11.12 13:05:02.664,1.51905,1.51945,1.00,1.20
2008.11.12 13:05:03.013,1.51905,1.5195,1.50,2.40
2008.11.12 13:05:04.043,1.5191,1.5195,1.00,2.40
2008.11.12 13:05:04.263,1.5191,1.5195,1.50,2.40
2008.11.12 13:05:04.613,1.51915,1.5195,1.50,1.20
2008.11.12 13:05:06.813,1.5192,1.5195,1.00,1.20
2008.11.12 13:05:07.283,1.51915,1.5195,1.50,1.20
2008.11.12 13:05:08.232,1.5192,1.5195,1.50,1.20
2008.11.12 13:05:12.401,1.51925,1.5195,1.00,1.20
2008.11.12 13:05:12.681,1.51935,1.5197,1.50,2.40
2008.11.12 13:05:13.721,1.51935,1.5197,1.50,1.20
2008.11.12 13:05:14.161,1.5195,1.5197,1.50,1.20
2008.11.12 13:05:17.170,1.51955,1.5199,1.50,1.20
2008.11.12 13:05:17.520,1.5196,1.51995,1.50,1.20
2008.11.12 13:05:17.930,1.5196,1.51995,1.80,2.40
2008.11.12 13:05:18.220,1.5196,1.51995,1.50,2.40
2008.11.12 13:05:18.510,1.5196,1.5199,1.50,1.20
2008.11.12 13:05:18.869,1.51955,1.51995,1.50,1.20
2008.11.12 13:05:19.279,1.51955,1.5199,1.80,1.20
2008.11.12 13:05:19.689,1.5195,1.5197,1.50,1.20
2008.11.12 13:05:20.089,1.51945,1.5197,1.50,1.20
2008.11.12 13:05:20.499,1.51945,1.5197,2.10,1.20
2008.11.12 13:05:20.849,1.5194,1.5197,1.50,1.20
2008.11.12 13:05:22.179,1.51945,1.5197,1.50,1.20
2008.11.12 13:05:22.589,1.5195,1.5197,1.00,1.20
2008.11.12 13:05:22.979,1.5195,1.5197,1.50,1.20
2008.11.12 13:05:23.848,1.5196,1.52,1.50,1.20
2008.11.12 13:05:24.998,1.5196,1.52005,1.50,1.20
2008.11.12 13:05:25.278,1.51985,1.52025,1.00,1.20
2008.11.12 13:05:25.578,1.5199,1.5203,1.50,1.20
2008.11.12 13:05:26.228,1.52,1.52045,1.50,1.20
2008.11.12 13:05:27.087,1.52,1.5205,1.50,1.20
2008.11.12 13:05:27.618,1.5194,1.52015,3.60,4.50
2008.11.12 13:05:27.967,1.51925,1.5202,1.20,1.20
2008.11.12 13:05:28.307,1.5192,1.5199,2.40,2.10
2008.11.12 13:05:28.717,1.5192,1.5197,2.40,1.20
2008.11.12 13:05:29.297,1.51905,1.51965,1.20,2.10
2008.11.12 13:05:29.597,1.519,1.51955,2.40,2.20
2008.11.12 13:05:30.217,1.51885,1.51955,2.40,3.30
2008.11.12 13:05:30.847,1.51895,1.5195,1.20,1.20
2008.11.12 13:05:31.317,1.51895,1.5195,1.20,2.20
2008.11.12 13:05:31.856,1.51895,1.5196,1.20,2.10
2008.11.12 13:05:32.307,1.51895,1.5196,2.40,1.20
2008.11.12 13:05:32.836,1.5192,1.5197,1.50,1.20
2008.11.12 13:05:33.226,1.5191,1.5197,1.50,1.60
2008.11.12 13:05:34.026,1.51915,1.5197,1.50,1.20
2008.11.12 13:05:34.846,1.5191,1.5197,1.50,1.60
2008.11.12 13:05:35.066,1.51905,1.51965,1.50,1.60
2008.11.12 13:05:35.355,1.51915,1.51975,1.50,2.80
2008.11.12 13:05:35.745,1.51915,1.5197,1.00,2.80
2008.11.12 13:05:36.505,1.5192,1.51975,1.50,1.20
2008.11.12 13:05:36.845,1.5192,1.5198,1.50,2.80
2008.11.12 13:05:37.195,1.5192,1.5198,1.50,1.60
2008.11.12 13:05:37.585,1.51915,1.51975,1.50,1.60
2008.11.12 13:05:37.815,1.51925,1.5199,1.50,1.20
2008.11.12 13:05:38.455,1.5194,1.5198,1.50,1.20
2008.11.12 13:05:38.855,1.5194,1.51995,1.50,1.20
2008.11.12 13:05:40.024,1.5194,1.52,1.50,1.60
2008.11.12 13:05:40.434,1.5194,1.52,1.50,2.80
2008.11.12 13:05:40.724,1.5194,1.52,1.50,1.60
2008.11.12 13:05:41.744,1.5194,1.52005,1.50,4.00
2008.11.12 13:05:41.964,1.5195,1.52005,1.00,4.00
2008.11.12 13:05:42.494,1.51945,1.52005,1.50,1.20
2008.11.12 13:05:42.854,1.51945,1.52005,1.20,2.70
2008.11.12 13:05:43.194,1.5193,1.51995,1.50,1.60
2008.11.12 13:05:43.524,1.51945,1.51995,1.00,1.60
2008.11.12 13:05:43.814,1.51955,1.52005,1.00,1.60
2008.11.12 13:05:44.153,1.51955,1.5201,1.50,1.20
2008.11.12 13:05:44.573,1.5195,1.52005,1.50,1.20
2008.11.12 13:05:45.083,1.5195,1.52005,1.80,1.20
2008.11.12 13:05:45.673,1.51935,1.5199,1.20,2.80
2008.11.12 13:05:46.033,1.51925,1.5199,1.50,2.80
2008.11.12 13:05:46.423,1.51925,1.51975,1.20,1.60
2008.11.12 13:05:46.713,1.5194,1.51975,1.00,1.60
2008.11.12 13:05:46.983,1.51935,1.5198,1.20,1.60
2008.11.12 13:05:47.333,1.51925,1.5198,1.00,1.60
2008.11.12 13:05:47.852,1.5197,1.52005,1.00,1.00
2008.11.12 13:05:48.422,1.51965,1.5201,1.20,1.20
2008.11.12 13:05:48.652,1.51965,1.52015,1.50,1.20
2008.11.12 13:05:49.172,1.5195,1.52015,1.50,4.00
2008.11.12 13:05:49.532,1.51955,1.52015,2.10,2.80
2008.11.12 13:05:49.942,1.5195,1.52005,1.50,1.20
2008.11.12 13:05:50.462,1.5195,1.52,1.50,1.20
2008.11.12 13:05:50.802,1.5195,1.5199,1.50,1.20
2008.11.12 13:05:51.102,1.51945,1.5199,1.00,1.20
2008.11.12 13:05:51.271,1.51945,1.52,1.00,1.20
2008.11.12 13:05:51.492,1.51945,1.52,1.50,1.20
2008.11.12 13:05:51.892,1.5194,1.5199,1.00,1.60
2008.11.12 13:05:52.421,1.5194,1.52005,1.50,4.00
2008.11.12 13:05:53.741,1.51945,1.52005,1.00,1.60
2008.11.12 13:05:54.071,1.51975,1.52025,1.50,1.20
2008.11.12 13:05:54.461,1.51965,1.52025,2.70,2.80
2008.11.12 13:05:54.741,1.51965,1.52025,1.50,2.80
2008.11.12 13:05:55.031,1.5197,1.52015,1.00,1.20
2008.11.12 13:05:55.670,1.5197,1.5203,1.50,1.60
2008.11.12 13:05:56.021,1.51985,1.52045,1.00,2.80
2008.11.12 13:05:56.670,1.5199,1.52035,1.00,1.20
2008.11.12 13:05:57.071,1.5196,1.52025,1.50,1.20
2008.11.12 13:05:57.700,1.51955,1.52025,1.20,1.20
2008.11.12 13:05:57.980,1.51955,1.52005,1.20,1.60
2008.11.12 13:05:58.330,1.5194,1.52,1.00,1.60
2008.11.12 13:05:58.790,1.51945,1.52005,1.50,1.60
2008.11.12 13:05:59.180,1.51945,1.5201,1.50,1.60
2008.11.12 13:05:59.520,1.51945,1.5202,1.50,2.80
2008.11.12 13:05:59.999,1.5196,1.52025,1.50,1.60
2008.11.12 13:06:01.289,1.51965,1.52025,1.20,5.10
2008.11.12 13:06:01.409,1.5196,1.52025,1.20,5.10
2008.11.12 13:06:01.639,1.5196,1.52025,1.20,3.90
2008.11.12 13:06:02.049,1.5196,1.5202,1.20,1.20
2008.11.12 13:06:02.339,1.51935,1.5202,1.20,5.10
2008.11.12 13:06:02.749,1.5194,1.5202,1.20,5.10
2008.11.12 13:06:02.979,1.5195,1.5202,1.20,3.90
2008.11.12 13:06:03.319,1.5195,1.52015,1.20,1.00
2008.11.12 13:06:03.728,1.5195,1.52025,2.40,2.10
2008.11.12 13:06:04.069,1.5196,1.52025,1.20,1.20
2008.11.12 13:06:04.248,1.5196,1.52015,1.20,1.20
2008.11.12 13:06:04.479,1.5196,1.52015,1.20,2.10
2008.11.12 13:06:04.998,1.51945,1.52015,1.20,3.30
2008.11.12 13:06:05.348,1.51945,1.52025,1.20,2.10
2008.11.12 13:06:07.558,1.51935,1.52015,2.40,2.40
2008.11.12 13:06:07.847,1.51935,1.52015,1.20,4.50
2008.11.12 13:06:08.627,1.5194,1.5201,1.20,1.00
2008.11.12 13:06:09.138,1.51935,1.52015,1.20,3.30
2008.11.12 13:06:09.588,1.5194,1.5202,1.20,3.30
2008.11.12 13:06:09.987,1.51925,1.52015,2.70,3.30
2008.11.12 13:06:10.397,1.51925,1.52,1.20,2.10
2008.11.12 13:06:12.377,1.51945,1.52,1.20,2.10
2008.11.12 13:06:12.826,1.5193,1.52005,2.40,2.10
2008.11.12 13:06:13.176,1.5193,1.52005,1.20,2.10
2008.11.12 13:06:13.876,1.5193,1.52015,3.90,3.30
2008.11.12 13:06:14.336,1.51935,1.52015,1.20,2.10
2008.11.12 13:06:14.816,1.51935,1.5202,1.20,3.30
2008.11.12 13:06:16.476,1.5194,1.5202,1.20,5.10
2008.11.12 13:06:16.705,1.5194,1.5202,2.40,3.30
2008.11.12 13:06:17.045,1.51945,1.52025,1.20,3.30
2008.11.12 13:06:18.835,1.51945,1.52025,2.40,3.30
2008.11.12 13:06:19.465,1.51945,1.52025,2.40,2.10
2008.11.12 13:06:19.875,1.5195,1.5203,1.20,3.90
2008.11.12 13:06:20.225,1.5195,1.52005,1.20,1.00
2008.11.12 13:06:20.564,1.5193,1.52005,1.20,3.90
2008.11.12 13:06:20.775,1.51925,1.52,1.20,2.10
2008.11.12 13:06:21.344,1.51935,1.52,1.20,3.90
2008.11.12 13:06:23.174,1.51935,1.52,1.20,2.70
2008.11.12 13:06:23.454,1.51945,1.52,1.20,1.60
2008.11.12 13:06:23.674,1.51945,1.5201,1.20,2.10
2008.11.12 13:06:24.774,1.51955,1.5201,1.20,3.90
2008.11.12 13:06:25.173,1.5194,1.5201,1.20,2.10
2008.11.12 13:06:25.643,1.5194,1.52015,1.20,2.10
2008.11.12 13:06:25.823,1.5195,1.52015,1.20,2.10
2008.11.12 13:06:26.223,1.5195,1.52015,1.20,2.10
2008.11.12 13:06:26.463,1.5195,1.5202,1.20,5.10
2008.11.12 13:06:26.873,1.5194,1.52015,1.20,2.10
2008.11.12 13:06:27.693,1.51955,1.52015,1.20,2.10
2008.11.12 13:06:29.063,1.5196,1.52015,1.20,2.10
2008.11.12 13:06:29.363,1.5196,1.5202,1.20,2.10
2008.11.12 13:06:29.643,1.5194,1.52015,1.20,2.10
2008.11.12 13:06:30.872,1.51955,1.52015,1.20,2.10
2008.11.12 13:06:33.112,1.5195,1.5201,1.20,3.90
2008.11.12 13:06:33.811,1.51935,1.5201,1.20,3.90
2008.11.12 13:06:34.541,1.5195,1.5201,1.20,3.90
2008.11.12 13:06:37.340,1.5195,1.5201,1.20,5.10
2008.11.12 13:06:37.741,1.5194,1.52,1.20,2.10
2008.11.12 13:06:38.260,1.51925,1.51995,1.20,1.20
2008.11.12 13:06:38.780,1.51925,1.51995,1.20,2.10
2008.11.12 13:06:39.180,1.5193,1.52,1.20,2.10
2008.11.12 13:06:39.710,1.5194,1.52,1.20,2.10
2008.11.12 13:06:40.910,1.5194,1.51995,1.20,1.20
2008.11.12 13:06:40.970,1.5194,1.51995,1.20,2.10
2008.11.12 13:06:41.319,1.5192,1.51995,1.20,2.10
2008.11.12 13:06:41.729,1.5192,1.51995,2.40,2.10
2008.11.12 13:06:42.079,1.5193,1.52,1.20,2.10
2008.11.12 13:06:42.429,1.51935,1.5201,1.20,5.10
2008.11.12 13:06:42.599,1.5193,1.52,1.20,2.10
2008.11.12 13:06:43.469,1.5193,1.51995,1.20,1.20
2008.11.12 13:06:43.929,1.5194,1.51995,1.20,2.10
2008.11.12 13:06:44.329,1.5193,1.52,1.20,3.30
2008.11.12 13:06:44.659,1.51935,1.52,1.20,3.30
2008.11.12 13:06:44.899,1.5195,1.52,1.20,1.00
2008.11.12 13:06:45.138,1.5195,1.5201,1.20,5.10
2008.11.12 13:06:48.008,1.51945,1.52,1.20,2.10
2008.11.12 13:06:48.827,1.5194,1.51995,1.20,2.10
2008.11.12 13:06:49.167,1.51935,1.51995,2.40,1.00
2008.11.12 13:06:49.678,1.5193,1.52,1.20,2.10
2008.11.12 13:06:50.557,1.5194,1.51995,1.20,2.10
2008.11.12 13:06:50.847,1.51935,1.51995,2.40,2.10
2008.11.12 13:06:51.187,1.51935,1.5201,1.20,5.10
2008.11.12 13:06:51.767,1.51945,1.5201,1.20,5.10
2008.11.12 13:06:52.007,1.51945,1.52,1.20,2.10
2008.11.12 13:06:53.907,1.51945,1.52,1.20,2.10
2008.11.12 13:06:54.366,1.51935,1.5202,3.60,2.10
2008.11.12 13:06:54.826,1.51935,1.5202,3.60,3.30
2008.11.12 13:06:55.066,1.51935,1.52015,3.60,1.20
2008.11.12 13:06:55.466,1.51935,1.5202,2.40,2.10
2008.11.12 13:06:55.756,1.51935,1.52015,4.80,2.10
2008.11.12 13:06:55.986,1.5194,1.5203,2.70,3.30
2008.11.12 13:06:56.276,1.51945,1.5203,1.00,2.10
2008.11.12 13:06:56.556,1.5195,1.5204,1.50,4.50
2008.11.12 13:06:56.966,1.5195,1.52035,1.80,1.20
2008.11.12 13:06:57.266,1.5196,1.5204,1.00,2.10
2008.11.12 13:06:57.776,1.5196,1.5205,1.50,4.50
2008.11.12 13:06:57.996,1.5196,1.52045,1.50,1.20
2008.11.12 13:06:58.275,1.51965,1.52045,1.00,1.20
2008.11.12 13:06:58.785,1.51985,1.52045,1.00,1.20
2008.11.12 13:06:59.015,1.51985,1.5206,1.00,1.20
2008.11.12 13:06:59.485,1.51985,1.52055,1.00,1.20
2008.11.12 13:06:59.935,1.5199,1.5207,1.00,1.20
2008.11.12 13:07:00.295,1.51995,1.5208,1.50,1.20
2008.11.12 13:07:00.465,1.51995,1.52075,1.50,2.40
2008.11.12 13:07:00.645,1.5199,1.52075,2.70,2.40
2008.11.12 13:07:00.875,1.5199,1.52075,1.50,2.40
2008.11.12 13:07:01.385,1.5199,1.52075,2.10,1.20
2008.11.12 13:07:01.915,1.51985,1.52065,1.20,4.50
2008.11.12 13:07:02.755,1.51985,1.5206,2.40,1.20
2008.11.12 13:07:03.044,1.51975,1.5205,2.40,1.20
2008.11.12 13:07:03.375,1.51975,1.5205,1.20,2.10
2008.11.12 13:07:03.835,1.51975,1.5205,1.20,1.20
2008.11.12 13:07:04.364,1.51975,1.52055,1.20,2.10
2008.11.12 13:07:04.834,1.51975,1.5205,1.20,2.10
2008.11.12 13:07:05.194,1.51975,1.5205,1.20,1.00
2008.11.12 13:07:05.434,1.5197,1.5205,1.20,2.10
2008.11.12 13:07:05.834,1.5198,1.5205,1.20,2.10
2008.11.12 13:07:06.184,1.51975,1.52045,1.20,3.30
2008.11.12 13:07:06.593,1.5198,1.5205,1.20,1.20
2008.11.12 13:07:06.884,1.51965,1.5205,1.20,2.10
2008.11.12 13:07:07.423,1.51965,1.52045,1.20,1.20
2008.11.12 13:07:07.603,1.5197,1.52045,2.10,1.00
2008.11.12 13:07:08.073,1.51955,1.52045,6.30,2.10
2008.11.12 13:07:08.523,1.5196,1.5203,1.20,1.20
2008.11.12 13:07:09.053,1.5194,1.52025,5.10,2.10
2008.11.12 13:07:09.453,1.5193,1.5202,5.10,2.10
2008.11.12 13:07:09.812,1.5193,1.5202,3.90,2.10
2008.11.12 13:07:10.612,1.5195,1.52035,2.70,1.20
2008.11.12 13:07:11.013,1.5196,1.52035,1.00,1.20
2008.11.12 13:07:11.462,1.5196,1.5204,1.50,1.20
2008.11.12 13:07:11.632,1.51965,1.5204,1.50,1.20
2008.11.12 13:07:11.972,1.51965,1.5205,2.70,1.20
2008.11.12 13:07:12.142,1.5197,1.5205,1.80,1.20
2008.11.12 13:07:12.312,1.5197,1.5205,1.50,1.20
2008.11.12 13:07:12.832,1.51965,1.52045,3.90,1.20
2008.11.12 13:07:13.122,1.5198,1.52045,1.20,1.20
2008.11.12 13:07:13.582,1.5194,1.52015,6.00,1.00
2008.11.12 13:07:14.101,1.51925,1.5199,1.20,2.10
2008.11.12 13:07:14.392,1.5191,1.5199,2.40,2.10
2008.11.12 13:07:14.741,1.51905,1.5198,1.20,2.10
2008.11.12 13:07:15.132,1.519,1.51985,1.20,3.30
2008.11.12 13:07:16.361,1.51905,1.51985,2.40,3.30
2008.11.12 13:07:16.691,1.51905,1.5198,2.70,1.00
2008.11.12 13:07:17.091,1.51915,1.5198,1.20,1.00
2008.11.12 13:07:17.591,1.5191,1.51995,2.40,2.10
2008.11.12 13:07:17.931,1.5191,1.5198,1.00,2.20
2008.11.12 13:07:18.321,1.5191,1.5199,1.00,1.20
2008.11.12 13:07:19.131,1.5192,1.51995,2.10,2.10
2008.11.12 13:07:19.540,1.5192,1.52,2.70,1.60
2008.11.12 13:07:20.710,1.5193,1.52,1.20,1.60
2008.11.12 13:07:21.330,1.5192,1.51985,2.40,1.20
2008.11.12 13:07:21.620,1.51945,1.51985,1.50,1.00
2008.11.12 13:07:22.080,1.51925,1.5201,1.50,2.10
2008.11.12 13:07:22.310,1.5192,1.52,1.20,3.30
2008.11.12 13:07:22.670,1.51905,1.51995,1.50,3.30
2008.11.12 13:07:22.940,1.51905,1.51985,1.00,1.20
2008.11.12 13:07:23.290,1.519,1.51985,1.50,2.10
2008.11.12 13:07:24.819,1.5189,1.5198,1.50,3.30
2008.11.12 13:07:25.239,1.519,1.51985,1.50,3.30
2008.11.12 13:07:25.589,1.519,1.51985,1.00,2.10
2008.11.12 13:07:25.939,1.51895,1.51985,1.50,2.10
2008.11.12 13:07:26.408,1.519,1.51985,1.20,2.10
2008.11.12 13:07:26.689,1.519,1.5199,2.70,2.10
2008.11.12 13:07:27.098,1.519,1.51985,1.80,1.20
2008.11.12 13:07:27.328,1.51895,1.51985,1.80,2.10
2008.11.12 13:07:27.659,1.51895,1.5198,1.20,1.20
2008.11.12 13:07:27.939,1.5189,1.5198,1.50,2.10
2008.11.12 13:07:28.398,1.51885,1.51955,1.20,2.10
2008.11.12 13:07:28.748,1.51875,1.51955,1.20,3.30
2008.11.12 13:07:29.788,1.51865,1.5194,1.80,1.20
2008.11.12 13:07:30.118,1.5186,1.5194,1.20,2.10
2008.11.12 13:07:30.538,1.5185,1.51935,1.20,2.10
2008.11.12 13:07:30.878,1.5185,1.5193,1.20,1.00
2008.11.12 13:07:31.158,1.5185,1.5193,1.20,2.10
2008.11.12 13:07:31.617,1.51875,1.5193,1.20,2.10
2008.11.12 13:07:31.937,1.51875,1.5193,2.40,1.00
2008.11.12 13:07:32.218,1.5189,1.5196,2.70,1.00
2008.11.12 13:07:32.737,1.519,1.5198,1.20,1.20
2008.11.12 13:07:33.137,1.51905,1.5198,1.20,1.20
2008.11.12 13:07:33.607,1.519,1.5198,1.20,1.20
2008.11.12 13:07:35.147,1.519,1.5198,3.30,1.20
2008.11.12 13:07:35.487,1.51905,1.5198,1.20,1.20
2008.11.12 13:07:36.236,1.51905,1.51985,1.20,2.10
2008.11.12 13:07:36.746,1.519,1.51985,3.60,2.10
2008.11.12 13:07:37.216,1.51915,1.51985,1.00,2.10
2008.11.12 13:07:37.446,1.51915,1.51985,2.10,1.00
2008.11.12 13:07:37.746,1.5191,1.51985,2.40,2.10
2008.11.12 13:07:38.026,1.51905,1.51985,1.20,2.10
2008.11.12 13:07:38.306,1.51935,1.5203,1.20,1.20
2008.11.12 13:07:38.646,1.5194,1.5204,1.20,1.20
2008.11.12 13:07:39.396,1.51945,1.52045,1.20,1.20
2008.11.12 13:07:39.666,1.51955,1.5204,1.50,2.10
2008.11.12 13:07:39.965,1.51955,1.5204,1.50,2.10
2008.11.12 13:07:40.255,1.51955,1.52045,1.50,4.50
2008.11.12 13:07:41.515,1.51955,1.5204,1.00,2.40
2008.11.12 13:07:41.875,1.5195,1.5204,1.50,4.50
2008.11.12 13:07:42.405,1.5195,1.52035,1.50,1.20
2008.11.12 13:07:42.855,1.51945,1.5203,1.50,2.10
2008.11.12 13:07:43.245,1.5195,1.5204,1.50,4.50
2008.11.12 13:07:43.954,1.5195,1.5204,1.50,6.30
2008.11.12 13:07:45.294,1.51955,1.5204,1.20,6.30
2008.11.12 13:07:45.354,1.51965,1.5204,1.20,3.90
2008.11.12 13:07:45.584,1.5197,1.5204,1.20,3.90
2008.11.12 13:07:45.694,1.51975,1.5205,1.20,5.10
2008.11.12 13:07:45.924,1.5196,1.5202,1.50,1.60
2008.11.12 13:07:46.214,1.5196,1.5202,1.00,3.90
2008.11.12 13:07:46.614,1.51945,1.5202,1.20,5.10
2008.11.12 13:07:47.404,1.51945,1.52025,1.20,3.30
2008.11.12 13:07:47.864,1.51945,1.5202,1.20,5.10
2008.11.12 13:07:48.403,1.5195,1.5202,1.20,3.90
2008.11.12 13:07:49.053,1.5195,1.52035,3.90,3.30
2008.11.12 13:07:49.514,1.5197,1.52055,1.50,2.10
2008.11.12 13:07:49.933,1.51975,1.52055,1.00,3.30
2008.11.12 13:07:50.273,1.51955,1.52045,2.70,3.30
2008.11.12 13:07:50.953,1.5196,1.5205,3.90,4.50
2008.11.12 13:07:52.123,1.5197,1.52045,1.20,1.20
2008.11.12 13:07:52.352,1.5197,1.52045,2.40,1.20
2008.11.12 13:07:52.692,1.51975,1.52045,1.20,1.00
2008.11.12 13:07:53.143,1.5196,1.52045,1.80,2.20
2008.11.12 13:07:53.482,1.5196,1.5203,4.20,1.20
2008.11.12 13:07:53.842,1.5195,1.52035,2.70,2.10
2008.11.12 13:07:54.362,1.51975,1.5204,1.20,2.10
2008.11.12 13:07:54.702,1.51975,1.52075,1.20,2.20
2008.11.12 13:07:55.272,1.52,1.5208,1.00,1.60
2008.11.12 13:07:55.682,1.52,1.5208,1.50,1.20
2008.11.12 13:07:55.922,1.52005,1.5209,1.00,2.10
2008.11.12 13:07:56.321,1.52005,1.52055,1.20,1.20
2008.11.12 13:07:56.602,1.52,1.52085,2.70,2.40
2008.11.12 13:07:56.781,1.52015,1.5209,1.50,1.60
2008.11.12 13:07:57.131,1.52015,1.521,1.50,3.30
2008.11.12 13:07:57.311,1.52015,1.52095,1.50,1.20
2008.11.12 13:07:58.741,1.5202,1.521,1.00,2.10
2008.11.12 13:07:59.141,1.5202,1.521,1.50,1.20
2008.11.12 13:07:59.381,1.52005,1.52095,2.70,3.30
2008.11.12 13:07:59.670,1.52005,1.5209,2.70,1.20
2008.11.12 13:08:00.710,1.52005,1.5209,3.90,1.20
2008.11.12 13:08:01.350,1.52025,1.521,1.50,2.80
2008.11.12 13:08:01.640,1.5202,1.52095,1.00,2.40
2008.11.12 13:08:01.970,1.52015,1.52095,1.20,3.30
2008.11.12 13:08:02.080,1.52015,1.52095,1.20,4.50
2008.11.12 13:08:02.430,1.52025,1.52095,1.20,1.20
2008.11.12 13:08:02.820,1.5202,1.521,1.20,5.10
2008.11.12 13:08:03.110,1.5202,1.52095,1.20,1.20
2008.11.12 13:08:03.590,1.5202,1.5209,1.20,1.20
2008.11.12 13:08:03.940,1.5202,1.52085,1.20,1.20
2008.11.12 13:08:04.639,1.5203,1.521,1.20,1.20
2008.11.12 13:08:05.699,1.5202,1.521,1.50,1.20
2008.11.12 13:08:05.929,1.5202,1.52095,1.00,1.20
2008.11.12 13:08:06.279,1.52015,1.52095,3.90,1.20
2008.11.12 13:08:06.669,1.52015,1.5209,3.90,1.20
2008.11.12 13:08:07.059,1.52005,1.5209,2.70,1.20
2008.11.12 13:08:07.519,1.52005,1.52085,2.10,1.20
2008.11.12 13:08:07.819,1.5201,1.5209,1.50,1.20
2008.11.12 13:08:08.499,1.52005,1.5208,2.10,1.20
2008.11.12 13:08:08.839,1.52005,1.52085,2.70,1.20
2008.11.12 13:08:09.588,1.52015,1.52085,1.20,1.20
2008.11.12 13:08:10.108,1.52015,1.52095,1.50,4.00
2008.11.12 13:08:10.388,1.52025,1.52095,1.20,1.20
2008.11.12 13:08:10.738,1.52025,1.52095,1.20,2.40
2008.11.12 13:08:11.798,1.52025,1.52095,1.20,1.20
2008.11.12 13:08:12.038,1.5203,1.521,2.10,1.00
2008.11.12 13:08:12.368,1.5203,1.52115,2.70,2.40
2008.11.12 13:08:12.658,1.52035,1.52115,1.00,2.40
2008.11.12 13:08:13.357,1.5205,1.52115,1.20,1.20
2008.11.12 13:08:13.707,1.52045,1.5212,1.00,1.20
2008.11.12 13:08:13.987,1.52045,1.52115,1.00,1.20
2008.11.12 13:08:14.407,1.52045,1.5212,2.70,1.20
2008.11.12 13:08:16.567,1.52045,1.5212,1.50,1.20
2008.11.12 13:08:17.086,1.5203,1.52095,2.40,3.90
2008.11.12 13:08:17.476,1.5203,1.5207,1.20,3.90
2008.11.12 13:08:17.926,1.51995,1.5207,1.20,3.90
2008.11.12 13:08:18.626,1.52005,1.5207,1.20,2.70
2008.11.12 13:08:18.966,1.52005,1.52085,1.20,5.10
2008.11.12 13:08:19.776,1.5201,1.52085,1.20,1.00
2008.11.12 13:08:20.286,1.52025,1.52095,1.20,2.10
2008.11.12 13:08:20.646,1.5202,1.52095,1.20,2.10
2008.11.12 13:08:21.056,1.5203,1.521,1.20,1.60
2008.11.12 13:08:21.346,1.5203,1.52105,1.20,3.90
2008.11.12 13:08:21.865,1.5203,1.52105,1.20,2.70
2008.11.12 13:08:21.985,1.52025,1.521,1.20,1.20
2008.11.12 13:08:22.275,1.52035,1.521,1.20,2.10
2008.11.12 13:08:22.685,1.52015,1.52105,1.50,2.10
2008.11.12 13:08:23.315,1.52025,1.52105,1.20,2.10
2008.11.12 13:08:23.595,1.5203,1.52105,1.00,2.10
2008.11.12 13:08:24.165,1.52035,1.52125,1.50,3.30
2008.11.12 13:08:24.565,1.52055,1.5214,1.50,2.20
2008.11.12 13:08:25.084,1.5206,1.5215,1.50,2.10
2008.11.12 13:08:25.894,1.5206,1.5215,2.70,2.10
2008.11.12 13:08:26.364,1.5206,1.52145,1.80,1.20
2008.11.12 13:08:26.824,1.5205,1.5214,2.70,3.30
2008.11.12 13:08:27.064,1.5206,1.52145,1.00,1.00
2008.11.12 13:08:27.524,1.52045,1.5213,3.60,2.10
2008.11.12 13:08:27.914,1.52045,1.5213,1.20,2.10
2008.11.12 13:08:28.204,1.5204,1.5213,3.90,2.10
2008.11.12 13:08:28.544,1.5204,1.52115,1.20,3.30
2008.11.12 13:08:29.134,1.52035,1.52105,1.20,2.10
2008.11.12 13:08:29.424,1.5202,1.5207,2.40,2.10
2008.11.12 13:08:30.163,1.52,1.5207,1.20,2.10
2008.11.12 13:08:30.843,1.5199,1.5206,2.40,2.10
2008.11.12 13:08:31.183,1.5199,1.5206,1.20,3.30
2008.11.12 13:08:31.543,1.5198,1.5205,1.20,2.10
2008.11.12 13:08:32.243,1.51985,1.5204,1.20,1.00
2008.11.12 13:08:32.593,1.51985,1.52055,1.20,1.00
2008.11.12 13:08:32.933,1.51955,1.5203,1.20,3.30
2008.11.12 13:08:33.322,1.5196,1.52035,2.40,3.30
2008.11.12 13:08:34.002,1.5197,1.52035,1.20,2.20
2008.11.12 13:08:34.472,1.5197,1.52045,1.20,2.10
2008.11.12 13:08:34.702,1.51975,1.52045,1.20,2.10
2008.11.12 13:08:35.182,1.51985,1.52045,1.20,1.20
2008.11.12 13:08:35.652,1.5199,1.5206,1.20,2.10
2008.11.12 13:08:35.822,1.5199,1.52065,1.20,3.30
2008.11.12 13:08:36.792,1.52005,1.52065,1.00,2.10
2008.11.12 13:08:36.962,1.52015,1.5206,1.20,1.00
2008.11.12 13:08:37.252,1.52015,1.52095,1.20,3.30
2008.11.12 13:08:37.372,1.5202,1.52095,1.20,3.30
2008.11.12 13:08:37.541,1.5202,1.52095,1.20,1.20
2008.11.12 13:08:38.131,1.52015,1.52095,1.20,3.30
2008.11.12 13:08:38.811,1.5202,1.5204,2.40,1.20
2008.11.12 13:08:39.041,1.52025,1.5203,1.20,1.20
2008.11.12 13:08:39.271,1.52025,1.5203,1.20,2.10
2008.11.12 13:08:39.551,1.51975,1.5203,1.80,3.90
2008.11.12 13:08:39.871,1.5198,1.5203,1.20,3.90
2008.11.12 13:08:41.071,1.5198,1.5203,1.20,1.60
2008.11.12 13:08:41.750,1.5197,1.5203,1.20,1.60
2008.11.12 13:08:42.210,1.5196,1.52025,1.20,3.90
2008.11.12 13:08:42.500,1.51955,1.5202,1.20,3.90
2008.11.12 13:08:44.010,1.5197,1.5202,1.20,3.90
2008.11.12 13:08:44.370,1.5197,1.5202,1.20,1.00
2008.11.12 13:08:44.660,1.5197,1.52035,1.20,3.30
2008.11.12 13:08:44.830,1.5197,1.52035,1.20,2.20
2008.11.12 13:08:45.170,1.5198,1.5204,1.20,3.30
2008.11.12 13:08:45.350,1.51975,1.5204,2.40,3.30
2008.11.12 13:08:45.639,1.51975,1.5204,1.20,3.30
2008.11.12 13:08:46.600,1.5197,1.5204,1.20,3.30
2008.11.12 13:08:46.939,1.5197,1.52035,1.20,3.30
2008.11.12 13:08:47.059,1.51985,1.5203,1.20,1.00
2008.11.12 13:08:47.359,1.51985,1.52045,1.20,2.10
2008.11.12 13:08:48.030,1.51985,1.5204,1.20,1.20
2008.11.12 13:08:48.469,1.5198,1.5204,1.20,2.10
2008.11.12 13:08:51.758,1.51945,1.5201,2.40,1.00
2008.11.12 13:08:52.508,1.51945,1.52005,2.40,1.20
2008.11.12 13:08:52.908,1.51935,1.51995,1.20,2.10
2008.11.12 13:08:53.138,1.51945,1.51995,1.20,2.10
2008.11.12 13:08:53.668,1.51945,1.51985,1.20,2.10
2008.11.12 13:08:54.248,1.51925,1.51985,1.20,2.10
2008.11.12 13:08:54.607,1.5194,1.5199,1.20,2.10
2008.11.12 13:08:55.357,1.5194,1.5198,1.20,1.20
2008.11.12 13:08:55.867,1.5193,1.5198,1.20,3.30
2008.11.12 13:08:56.277,1.5193,1.5199,1.20,2.10
2008.11.12 13:08:56.518,1.5193,1.5199,2.40,2.10
2008.11.12 13:08:56.807,1.51945,1.51995,2.40,1.00
2008.11.12 13:08:57.107,1.51945,1.52005,2.40,3.30
2008.11.12 13:08:59.237,1.5195,1.51995,1.20,1.20
2008.11.12 13:08:59.536,1.5195,1.51995,1.20,2.10
2008.11.12 13:08:59.756,1.51945,1.51995,1.20,2.10
2008.11.12 13:09:00.626,1.51935,1.51995,2.40,2.10
2008.11.12 13:09:00.986,1.5194,1.51995,1.20,2.10
2008.11.12 13:09:01.307,1.51945,1.52005,1.20,3.30
2008.11.12 13:09:01.646,1.5195,1.5201,2.40,3.30
2008.11.12 13:09:01.815,1.51955,1.52015,1.20,2.10
2008.11.12 13:09:02.146,1.5195,1.5201,1.20,2.10
2008.11.12 13:09:02.485,1.51955,1.52015,1.20,2.10
2008.11.12 13:09:02.896,1.51955,1.5201,1.20,1.20
2008.11.12 13:09:03.355,1.5195,1.5201,1.20,3.30
2008.11.12 13:09:03.795,1.51945,1.52005,2.40,3.30
2008.11.12 13:09:04.965,1.51945,1.52005,1.20,3.30
2008.11.12 13:09:05.835,1.51945,1.52005,2.40,3.30
2008.11.12 13:09:06.295,1.5195,1.5199,1.20,1.20
2008.11.12 13:09:06.415,1.5194,1.5199,1.20,1.00
2008.11.12 13:09:07.354,1.51935,1.51995,2.40,2.10
2008.11.12 13:09:07.704,1.51945,1.5199,1.20,1.00
2008.11.12 13:09:08.164,1.51945,1.51995,1.20,2.10
2008.11.12 13:09:08.904,1.51945,1.5199,1.20,1.20
2008.11.12 13:09:09.354,1.5194,1.5199,1.20,2.10
2008.11.12 13:09:09.764,1.5193,1.5199,1.20,2.10
2008.11.12 13:09:10.643,1.5194,1.5199,1.20,2.10
2008.11.12 13:09:11.233,1.5192,1.51975,1.20,3.30
2008.11.12 13:09:11.333,1.5192,1.51965,1.20,1.20
2008.11.12 13:09:11.614,1.51905,1.51965,2.40,2.10
2008.11.12 13:09:12.083,1.51905,1.51965,1.20,2.10
2008.11.12 13:09:12.643,1.519,1.51955,1.20,2.10
2008.11.12 13:09:12.823,1.51905,1.51955,1.20,1.20
2008.11.12 13:09:13.453,1.51895,1.51955,1.20,2.10
2008.11.12 13:09:13.733,1.5189,1.51955,2.40,3.30
2008.11.12 13:09:14.073,1.5189,1.5195,2.40,2.10
2008.11.12 13:09:14.523,1.51895,1.51935,1.20,2.10
2008.11.12 13:09:15.043,1.5188,1.5194,1.20,2.10
2008.11.12 13:09:15.382,1.51875,1.51935,1.20,2.10
2008.11.12 13:09:15.933,1.5188,1.5193,1.20,2.10
2008.11.12 13:09:16.802,1.5187,1.5191,1.20,1.20
2008.11.12 13:09:17.262,1.5185,1.5191,1.20,2.10
2008.11.12 13:09:17.542,1.5186,1.5192,1.20,2.10
2008.11.12 13:09:17.832,1.51855,1.5192,1.20,3.30
2008.11.12 13:09:18.182,1.51865,1.5192,1.20,3.30
2008.11.12 13:09:18.702,1.51875,1.51935,1.20,2.10
2008.11.12 13:09:19.052,1.5187,1.51935,1.20,1.20
2008.11.12 13:09:19.341,1.5188,1.5194,1.20,1.00
2008.11.12 13:09:19.692,1.51885,1.5194,1.20,1.00
2008.11.12 13:09:19.992,1.51895,1.5196,1.20,2.10
2008.11.12 13:09:20.381,1.519,1.51975,1.20,3.30
2008.11.12 13:09:20.841,1.51905,1.5197,1.80,1.00
2008.11.12 13:09:21.201,1.5191,1.51995,1.20,4.50
2008.11.12 13:09:21.481,1.5193,1.51995,1.20,4.50
2008.11.12 13:09:21.721,1.51935,1.51995,1.20,4.50
2008.11.12 13:09:22.071,1.5194,1.5202,1.20,3.60
2008.11.12 13:09:22.481,1.5194,1.52025,1.20,3.30
2008.11.12 13:09:22.821,1.51945,1.5201,1.20,2.10
2008.11.12 13:09:23.361,1.51945,1.5202,1.20,4.50
2008.11.12 13:09:23.600,1.51935,1.5202,1.20,4.50
2008.11.12 13:09:24.070,1.5193,1.5201,3.00,2.10
2008.11.12 13:09:24.360,1.5194,1.52005,1.20,2.10
2008.11.12 13:09:24.810,1.51935,1.52005,1.20,2.10
2008.11.12 13:09:25.100,1.51925,1.52005,1.20,3.30
2008.11.12 13:09:25.810,1.51925,1.52005,1.20,2.10
2008.11.12 13:09:26.210,1.5192,1.51995,1.20,3.30
2008.11.12 13:09:26.510,1.5191,1.51995,1.20,4.50
2008.11.12 13:09:26.800,1.5193,1.51995,1.20,4.50
2008.11.12 13:09:27.610,1.5191,1.51995,1.20,4.50
2008.11.12 13:09:28.989,1.51925,1.5199,1.20,6.30
2008.11.12 13:09:29.339,1.51925,1.5198,1.20,1.20
2008.11.12 13:09:29.669,1.51925,1.5201,1.50,1.20
2008.11.12 13:09:30.019,1.5193,1.52015,1.50,1.20
2008.11.12 13:09:30.539,1.5192,1.52,1.00,1.20
2008.11.12 13:09:30.989,1.51915,1.52,1.50,1.20
2008.11.12 13:09:31.498,1.5192,1.52005,1.00,2.10
2008.11.12 13:09:31.908,1.5191,1.5199,2.40,2.10
2008.11.12 13:09:32.428,1.5192,1.5199,1.50,1.00
2008.11.12 13:09:32.878,1.519,1.5199,1.50,2.10
2008.11.12 13:09:33.298,1.5192,1.5199,1.00,2.10
2008.11.12 13:09:33.568,1.5192,1.5199,1.00,1.20
2008.11.12 13:09:33.988,1.51915,1.5199,1.50,1.00
2008.11.12 13:09:34.328,1.5192,1.5201,1.50,4.50
2008.11.12 13:09:35.068,1.51925,1.52005,1.50,1.00
2008.11.12 13:09:35.468,1.51925,1.5201,1.50,1.20
2008.11.12 13:09:35.887,1.51925,1.52005,1.50,1.20
2008.11.12 13:09:36.118,1.51925,1.52005,1.00,3.40
2008.11.12 13:09:36.517,1.51915,1.52005,1.50,4.50
2008.11.12 13:09:36.987,1.51915,1.52,1.50,1.20
2008.11.12 13:09:38.797,1.51915,1.52005,1.50,4.50
2008.11.12 13:09:39.487,1.5192,1.52005,1.20,3.30
2008.11.12 13:09:39.836,1.5192,1.5201,1.50,4.50
2008.11.12 13:09:40.396,1.5192,1.52005,1.00,1.20
2008.11.12 13:09:40.666,1.51915,1.52005,1.50,3.30
2008.11.12 13:09:41.676,1.51955,1.52,1.00,1.00
2008.11.12 13:09:42.016,1.51955,1.52015,1.80,1.20
2008.11.12 13:09:42.236,1.5195,1.52015,1.20,2.10
2008.11.12 13:09:42.636,1.5194,1.52,1.20,2.10
2008.11.12 13:09:43.955,1.5196,1.52005,1.80,1.00
2008.11.12 13:09:44.346,1.5197,1.5204,1.00,2.40
2008.11.12 13:09:44.525,1.5197,1.52055,1.50,1.20
2008.11.12 13:09:44.765,1.5197,1.52055,1.50,2.40
2008.11.12 13:09:45.595,1.5197,1.52055,1.50,1.20
2008.11.12 13:09:46.105,1.5197,1.52055,1.00,2.10
2008.11.12 13:09:46.215,1.5196,1.5203,1.00,1.20
2008.11.12 13:09:46.755,1.5195,1.52035,2.70,2.40
2008.11.12 13:09:47.195,1.5196,1.52045,1.50,4.50
2008.11.12 13:09:47.545,1.5197,1.52055,2.70,1.20
2008.11.12 13:09:48.174,1.51975,1.52055,1.50,1.20
2008.11.12 13:09:48.574,1.51965,1.5202,1.20,2.10
2008.11.12 13:09:49.724,1.5198,1.5202,1.20,2.10
2008.11.12 13:09:50.414,1.51955,1.5201,1.20,2.10
2008.11.12 13:09:50.714,1.51955,1.52015,1.20,3.30
2008.11.12 13:09:50.994,1.5196,1.52015,1.20,3.30
2008.11.12 13:09:51.394,1.5196,1.52015,1.20,2.10
2008.11.12 13:09:51.734,1.5197,1.52015,1.20,2.10
2008.11.12 13:09:52.773,1.51975,1.5202,1.20,3.30
2008.11.12 13:09:52.943,1.51985,1.5202,1.20,2.10
2008.11.12 13:09:53.443,1.51985,1.5201,1.20,1.20
2008.11.12 13:09:53.663,1.51985,1.5201,1.20,2.10
2008.11.12 13:09:54.083,1.5195,1.5201,1.20,2.10
2008.11.12 13:09:54.493,1.5195,1.5201,2.40,2.10
2008.11.12 13:09:55.823,1.5197,1.5201,1.20,2.10
2008.11.12 13:09:59.492,1.51945,1.52005,2.40,2.10
2008.11.12 13:09:59.882,1.5195,1.52005,2.40,1.20
2008.11.12 13:10:00.462,1.5194,1.51995,2.40,2.10
2008.11.12 13:10:00.811,1.5196,1.51995,1.20,2.10
2008.11.12 13:10:01.421,1.51985,1.5202,1.20,2.10
2008.11.12 13:10:01.771,1.51965,1.5202,1.20,2.10
2008.11.12 13:10:03.741,1.5194,1.51975,1.20,1.00
2008.11.12 13:10:04.141,1.5194,1.51995,2.40,2.10
2008.11.12 13:10:04.481,1.51945,1.51995,1.20,2.10
2008.11.12 13:10:04.940,1.5195,1.51995,1.20,1.00
2008.11.12 13:10:05.290,1.5195,1.52,1.20,2.10
2008.11.12 13:10:05.631,1.5195,1.52,2.40,2.10
2008.11.12 13:10:05.920,1.51965,1.52,1.20,1.00
2008.11.12 13:10:06.380,1.51965,1.5202,1.20,2.10
2008.11.12 13:10:07.700,1.51975,1.5202,1.20,2.10
2008.11.12 13:10:07.940,1.5198,1.5204,2.40,2.10
2008.11.12 13:10:08.340,1.5199,1.5204,1.20,2.10
2008.11.12 13:10:08.640,1.51995,1.52045,1.20,1.00
2008.11.12 13:10:08.980,1.51995,1.5205,2.40,2.10
2008.11.12 13:10:09.399,1.52005,1.5205,1.20,1.00
2008.11.12 13:10:09.849,1.51985,1.52045,1.20,2.10
2008.11.12 13:10:10.259,1.5201,1.52055,1.20,2.10
2008.11.12 13:10:11.049,1.51995,1.5205,1.20,2.10
2008.11.12 13:10:11.399,1.51985,1.5205,1.20,2.10
2008.11.12 13:10:11.629,1.5199,1.52045,1.20,2.10
2008.11.12 13:10:11.899,1.52015,1.52065,1.20,2.10
2008.11.12 13:10:12.539,1.5201,1.52065,1.20,1.00
2008.11.12 13:10:12.889,1.5203,1.5205,1.20,1.20
2008.11.12 13:10:13.468,1.52015,1.5205,1.20,1.20
2008.11.12 13:10:13.818,1.5202,1.5205,1.20,1.00
2008.11.12 13:10:14.218,1.5202,1.5205,1.20,2.10
2008.11.12 13:10:14.738,1.52,1.52055,3.60,2.10
2008.11.12 13:10:15.078,1.52,1.52055,1.20,2.10
2008.11.12 13:10:15.548,1.52005,1.52065,1.20,2.10
2008.11.12 13:10:15.948,1.5201,1.5206,1.20,1.20
2008.11.12 13:10:16.308,1.5201,1.52065,1.20,2.10
2008.11.12 13:10:16.818,1.52015,1.5204,1.20,1.20
2008.11.12 13:10:17.387,1.51995,1.5204,1.20,2.10
2008.11.12 13:10:18.067,1.5197,1.5205,3.60,2.70
2008.11.12 13:10:18.417,1.5196,1.52045,1.00,2.80
2008.11.12 13:10:18.777,1.51945,1.52045,1.20,2.80
2008.11.12 13:10:20.377,1.5194,1.52035,1.20,1.60
2008.11.12 13:10:20.736,1.5194,1.5204,1.20,2.80
2008.11.12 13:10:21.087,1.5194,1.5204,1.20,1.20
2008.11.12 13:10:21.446,1.51945,1.52045,1.20,1.20
2008.11.12 13:10:22.686,1.5195,1.5205,1.20,1.20
2008.11.12 13:10:23.146,1.5196,1.5206,1.20,1.20
2008.11.12 13:10:23.846,1.51965,1.52065,1.20,1.20
2008.11.12 13:10:24.136,1.51975,1.5207,1.20,2.80
2008.11.12 13:10:24.876,1.5197,1.5207,1.20,2.80
2008.11.12 13:10:25.336,1.51965,1.5206,1.20,2.80
2008.11.12 13:10:25.636,1.5197,1.5207,1.20,2.80
2008.11.12 13:10:26.315,1.51975,1.5207,1.20,1.60
2008.11.12 13:10:27.745,1.51965,1.52065,1.20,1.20
2008.11.12 13:10:28.315,1.51965,1.52065,1.20,2.80
2008.11.12 13:10:28.785,1.5196,1.5206,1.20,1.20
2008.11.12 13:10:29.225,1.5196,1.5204,1.20,1.00
2008.11.12 13:10:29.694,1.5195,1.52035,1.20,2.10
2008.11.12 13:10:30.024,1.5195,1.52035,1.20,1.00
2008.11.12 13:10:30.424,1.51955,1.52055,1.20,2.80
2008.11.12 13:10:32.524,1.51955,1.52055,1.20,5.10
2008.11.12 13:10:32.914,1.5194,1.52035,1.20,1.60
2008.11.12 13:10:33.254,1.51925,1.5202,1.20,1.20
2008.11.12 13:10:33.593,1.51925,1.52015,1.20,1.60
2008.11.12 13:10:33.874,1.5191,1.5201,1.20,2.80
2008.11.12 13:10:34.563,1.51905,1.52005,1.20,2.80
2008.11.12 13:10:34.903,1.5191,1.52005,1.20,1.60
2008.11.12 13:10:35.263,1.5191,1.5201,1.20,1.20
2008.11.12 13:10:35.723,1.51915,1.52015,1.20,2.80
2008.11.12 13:10:36.053,1.5192,1.52015,2.40,1.20
2008.11.12 13:10:36.403,1.5192,1.52015,1.20,1.20
2008.11.12 13:10:36.743,1.5192,1.52015,2.40,1.20
2008.11.12 13:10:37.253,1.51935,1.5203,1.20,1.20
2008.11.12 13:10:37.603,1.5194,1.5204,1.20,2.80
2008.11.12 13:10:39.282,1.51935,1.52035,1.20,1.20
2008.11.12 13:10:39.962,1.5193,1.5203,1.20,1.20
2008.11.12 13:10:40.362,1.5193,1.5203,1.20,2.80
2008.11.12 13:10:40.582,1.5193,1.5203,1.20,1.20
2008.11.12 13:10:41.622,1.5193,1.5203,1.20,2.40
2008.11.12 13:10:41.851,1.5192,1.5202,1.20,1.20
2008.11.12 13:10:42.202,1.5193,1.52015,1.20,1.60
2008.11.12 13:10:42.622,1.5193,1.5203,1.20,1.20
2008.11.12 13:10:44.351,1.51935,1.5203,1.20,1.20
2008.11.12 13:10:45.460,1.51935,1.52035,1.20,2.80
2008.11.12 13:10:47.280,1.5194,1.5203,1.00,1.20
2008.11.12 13:10:47.390,1.5194,1.5203,1.50,2.10
2008.11.12 13:10:47.680,1.5194,1.5203,1.50,3.30
2008.11.12 13:10:48.770,1.51935,1.52025,1.50,2.10
2008.11.12 13:10:48.880,1.5194,1.5202,1.50,1.00
2008.11.12 13:10:49.160,1.5194,1.5203,1.50,3.30
2008.11.12 13:10:49.800,1.5195,1.52035,1.20,2.10
2008.11.12 13:10:50.190,1.5196,1.5204,1.00,1.20
2008.11.12 13:10:50.589,1.5197,1.52055,1.00,2.10
2008.11.12 13:10:51.099,1.51965,1.52055,1.50,3.30
2008.11.12 13:10:51.489,1.5198,1.5206,1.20,2.10
2008.11.12 13:10:51.849,1.51985,1.5207,1.50,2.10
2008.11.12 13:10:52.089,1.5199,1.5207,1.00,2.10
2008.11.12 13:10:52.719,1.5199,1.52075,1.50,2.10
2008.11.12 13:10:53.079,1.51985,1.52075,1.50,2.10
2008.11.12 13:10:53.409,1.5198,1.52065,1.20,2.10
2008.11.12 13:10:53.929,1.51975,1.52055,1.80,1.20
2008.11.12 13:10:54.289,1.5197,1.52055,1.20,3.30
2008.11.12 13:10:54.928,1.5197,1.5202,1.20,2.10
2008.11.12 13:10:55.328,1.5197,1.5206,2.70,5.10
2008.11.12 13:10:55.968,1.5198,1.5206,2.10,2.10
2008.11.12 13:10:56.438,1.51975,1.52065,3.90,2.10
2008.11.12 13:10:56.768,1.51985,1.5207,1.50,3.30
2008.11.12 13:10:57.268,1.51975,1.52035,1.20,2.10
2008.11.12 13:10:58.248,1.51985,1.52035,1.20,2.10
2008.11.12 13:10:59.167,1.51985,1.5203,1.20,1.20
2008.11.12 13:10:59.577,1.51985,1.52015,1.20,1.20
2008.11.12 13:10:59.857,1.5198,1.52015,1.20,2.10
2008.11.12 13:11:00.247,1.51975,1.5203,2.40,2.10
2008.11.12 13:11:01.057,1.51975,1.52035,2.40,3.30
2008.11.12 13:11:01.407,1.5198,1.52035,1.20,2.10
2008.11.12 13:11:01.687,1.51985,1.5202,1.20,1.20
2008.11.12 13:11:01.987,1.5199,1.52035,2.40,2.10
2008.11.12 13:11:02.227,1.5199,1.52045,2.40,1.20
2008.11.12 13:11:02.636,1.52015,1.5205,1.20,2.10
2008.11.12 13:11:03.206,1.5201,1.5206,1.20,2.10
2008.11.12 13:11:03.486,1.5201,1.5207,1.20,2.10
2008.11.12 13:11:03.996,1.52005,1.52065,1.80,1.20
2008.11.12 13:11:04.416,1.52005,1.52065,2.40,2.10
2008.11.12 13:11:05.136,1.5202,1.5207,2.40,3.30
2008.11.12 13:11:05.656,1.5202,1.52045,1.20,1.20
2008.11.12 13:11:06.006,1.52015,1.5205,1.20,2.20
2008.11.12 13:11:06.506,1.5201,1.5205,1.20,2.10
2008.11.12 13:11:06.905,1.52025,1.5205,1.20,2.10
2008.11.12 13:11:07.415,1.52025,1.52045,1.20,2.10
2008.11.12 13:11:07.636,1.52,1.5205,1.20,2.10
2008.11.12 13:11:08.045,1.51995,1.5205,2.40,2.10
2008.11.12 13:11:09.075,1.52,1.5203,2.40,1.20
2008.11.12 13:11:09.495,1.52,1.52035,1.20,2.10
2008.11.12 13:11:09.785,1.52,1.52035,1.20,2.10
2008.11.12 13:11:10.125,1.51995,1.52045,1.20,2.10
2008.11.12 13:11:10.425,1.5202,1.52045,1.50,1.00
2008.11.12 13:11:10.814,1.52025,1.52045,1.50,1.00
2008.11.12 13:11:11.225,1.5202,1.52115,1.20,1.20
2008.11.12 13:11:12.154,1.5202,1.5212,1.20,1.20
2008.11.12 13:11:14.154,1.52025,1.52115,1.00,2.10
2008.11.12 13:11:14.394,1.52025,1.5212,1.20,1.20
2008.11.12 13:11:15.074,1.5203,1.52125,1.20,1.20
2008.11.12 13:11:15.883,1.5202,1.5212,1.20,1.20
2008.11.12 13:11:18.243,1.5203,1.52125,1.20,1.20
2008.11.12 13:11:19.692,1.5202,1.5212,1.20,1.20
2008.11.12 13:11:20.132,1.52025,1.52125,1.20,1.20
2008.11.12 13:11:20.632,1.5202,1.5212,1.20,1.20
2008.11.12 13:11:21.492,1.52025,1.52125,1.20,1.20
2008.11.12 13:11:23.362,1.5203,1.5213,1.20,1.20
2008.11.12 13:11:23.751,1.52025,1.5212,1.20,1.20
2008.11.12 13:11:24.032,1.52035,1.5213,1.20,1.20
2008.11.12 13:11:24.441,1.52045,1.52145,1.20,1.20
2008.11.12 13:11:25.181,1.5204,1.5214,1.20,1.20
2008.11.12 13:11:25.751,1.52045,1.52145,1.20,1.20
2008.11.12 13:11:26.271,1.5204,1.5214,1.20,1.20
2008.11.12 13:11:27.460,1.52035,1.52135,1.20,1.20
2008.11.12 13:11:28.331,1.5203,1.5213,1.20,1.20
2008.11.12 13:11:28.670,1.5202,1.5212,1.20,1.20
2008.11.12 13:11:31.670,1.5203,1.5213,1.20,1.20
2008.11.12 13:11:31.969,1.52025,1.52125,1.20,1.20
2008.11.12 13:11:32.839,1.5202,1.5212,1.20,1.20
2008.11.12 13:11:34.989,1.5201,1.5211,1.20,1.20
2008.11.12 13:11:36.039,1.5201,1.52105,1.20,1.20
2008.11.12 13:11:37.338,1.52015,1.52115,1.20,1.20
2008.11.12 13:11:38.028,1.5201,1.52105,1.20,1.20
2008.11.12 13:11:40.467,1.52,1.521,1.20,1.20
2008.11.12 13:11:40.867,1.51995,1.52095,1.20,1.20
2008.11.12 13:11:41.427,1.5199,1.5209,1.20,1.20
2008.11.12 13:11:41.957,1.51995,1.52095,1.20,1.20
2008.11.12 13:11:44.256,1.5199,1.5209,1.20,1.20
2008.11.12 13:11:45.046,1.51995,1.52095,1.20,1.20
2008.11.12 13:11:46.496,1.52,1.521,1.20,1.20
2008.11.12 13:11:46.796,1.52005,1.521,1.20,1.20
2008.11.12 13:11:48.006,1.52,1.521,1.20,1.20
2008.11.12 13:11:52.804,1.51995,1.52095,1.20,1.20
2008.11.12 13:11:52.974,1.52005,1.521,1.20,1.20
2008.11.12 13:11:53.604,1.51995,1.52095,1.20,1.20
2008.11.12 13:11:54.124,1.52005,1.521,1.20,1.20
2008.11.12 13:11:54.884,1.52015,1.5211,1.20,1.20
2008.11.12 13:11:57.523,1.5201,1.5211,1.20,1.20
2008.11.12 13:11:59.473,1.52005,1.52105,1.20,1.20
2008.11.12 13:12:00.713,1.52,1.52095,1.20,1.20
2008.11.12 13:12:01.062,1.52005,1.52105,1.20,1.20
2008.11.12 13:12:01.452,1.52,1.521,1.20,1.20
2008.11.12 13:12:07.191,1.52015,1.5211,1.20,1.20
2008.11.12 13:12:08.001,1.5201,1.5211,1.20,1.20
2008.11.12 13:12:08.581,1.52015,1.52115,1.20,1.20
2008.11.12 13:12:10.000,1.5201,1.5211,1.20,1.20
2008.11.12 13:12:10.680,1.52015,1.52115,1.20,1.20
2008.11.12 13:12:10.920,1.52005,1.52105,1.20,2.80
2008.11.12 13:12:11.590,1.52,1.521,1.20,2.80
2008.11.12 13:12:11.700,1.52,1.521,1.20,1.20
2008.11.12 13:12:11.870,1.52005,1.52105,1.20,2.80
2008.11.12 13:12:12.690,1.5201,1.5211,1.20,1.20
2008.11.12 13:12:13.439,1.52005,1.52105,1.20,1.20
2008.11.12 13:12:16.879,1.52005,1.52095,2.10,1.20
2008.11.12 13:12:17.049,1.52005,1.52095,1.50,2.10
2008.11.12 13:12:17.448,1.52,1.5209,2.70,3.30
2008.11.12 13:12:18.078,1.52,1.5209,1.50,3.30
2008.11.12 13:12:18.398,1.51995,1.52085,2.70,3.30
2008.11.12 13:12:18.848,1.51995,1.52085,1.80,2.10
2008.11.12 13:12:19.148,1.5199,1.5209,1.20,1.20
2008.11.12 13:12:19.838,1.51975,1.52075,1.20,1.20
2008.11.12 13:12:21.618,1.51985,1.52085,1.20,1.20
2008.11.12 13:12:22.458,1.51995,1.5209,1.20,1.20
2008.11.12 13:12:23.557,1.5202,1.52115,1.20,1.20
2008.11.12 13:12:23.967,1.52035,1.5212,1.20,1.00
2008.11.12 13:12:24.427,1.52035,1.52135,2.40,1.20
2008.11.12 13:12:24.927,1.52055,1.52155,1.20,2.20
2008.11.12 13:12:25.467,1.52065,1.5213,1.00,1.60
2008.11.12 13:12:25.816,1.5205,1.52085,1.20,2.10
2008.11.12 13:12:26.106,1.5204,1.52085,1.20,2.10
2008.11.12 13:12:29.176,1.52025,1.52075,1.20,2.10
2008.11.12 13:12:29.585,1.5203,1.52075,1.20,2.10
2008.11.12 13:12:30.085,1.5202,1.52075,2.40,2.10
2008.11.12 13:12:30.415,1.5202,1.52075,1.20,2.10
2008.11.12 13:12:30.765,1.5203,1.52075,1.20,2.10
2008.11.12 13:12:31.695,1.5202,1.5208,1.20,3.30
2008.11.12 13:12:32.035,1.52025,1.52075,1.20,1.20
2008.11.12 13:12:32.315,1.5203,1.5208,1.20,2.10
2008.11.12 13:12:32.425,1.5203,1.52075,1.20,2.10
2008.11.12 13:12:33.875,1.52035,1.52075,1.20,2.10
2008.11.12 13:12:34.234,1.52035,1.5208,1.20,2.10
2008.11.12 13:12:34.634,1.5204,1.52085,1.20,2.10
2008.11.12 13:12:35.264,1.52045,1.52085,1.20,1.00
2008.11.12 13:12:35.784,1.52045,1.52095,1.20,2.10
2008.11.12 13:12:36.184,1.52045,1.52095,1.20,1.20
2008.11.12 13:12:36.476,1.5206,1.52095,1.20,1.00
2008.11.12 13:12:36.884,1.5206,1.52105,1.20,2.10
2008.11.12 13:12:37.234,1.52055,1.521,1.20,2.10
2008.11.12 13:12:37.614,1.5206,1.52105,1.20,2.10
2008.11.12 13:12:38.193,1.52055,1.52105,2.40,2.10
2008.11.12 13:12:38.784,1.52045,1.5207,1.20,1.00
2008.11.12 13:12:39.513,1.5203,1.52085,3.60,1.00
2008.11.12 13:12:39.793,1.5204,1.52085,1.20,1.00
2008.11.12 13:12:40.023,1.52045,1.52085,1.20,1.20
2008.11.12 13:12:40.523,1.5203,1.52085,1.20,2.10
2008.11.12 13:12:40.703,1.5203,1.52075,1.20,2.10
2008.11.12 13:12:41.163,1.5205,1.5208,1.20,1.00
2008.11.12 13:12:41.563,1.5207,1.521,1.20,2.10
2008.11.12 13:12:41.853,1.52075,1.5212,1.20,2.10
2008.11.12 13:12:42.083,1.52045,1.5213,1.20,1.20
2008.11.12 13:12:42.572,1.52045,1.5213,1.20,2.10
2008.11.12 13:12:43.962,1.5204,1.5212,1.20,2.10
2008.11.12 13:12:44.422,1.52035,1.5212,1.20,3.30
2008.11.12 13:12:45.072,1.5203,1.5211,1.00,1.00
2008.11.12 13:12:45.462,1.52025,1.5211,1.50,2.10
2008.11.12 13:12:45.812,1.52015,1.52105,2.70,2.10
2008.11.12 13:12:46.451,1.52015,1.52105,2.70,3.90
2008.11.12 13:12:46.782,1.52015,1.521,1.20,2.10
2008.11.12 13:12:47.171,1.5201,1.521,2.70,2.10
2008.11.12 13:12:47.531,1.5201,1.521,2.70,3.90
2008.11.12 13:12:47.881,1.5201,1.52095,1.20,3.30
2008.11.12 13:12:48.391,1.5201,1.521,2.70,2.10
2008.11.12 13:12:49.691,1.5201,1.521,1.80,2.10
2008.11.12 13:12:50.031,1.52005,1.521,1.20,1.20
2008.11.12 13:12:50.320,1.5202,1.52115,1.20,1.20
2008.11.12 13:12:52.000,1.5201,1.5211,1.20,1.20
2008.11.12 13:12:53.060,1.5201,1.5211,1.20,2.40
2008.11.12 13:12:53.510,1.5198,1.5208,1.20,1.20
2008.11.12 13:12:53.850,1.51975,1.52075,1.20,1.20
2008.11.12 13:12:54.320,1.5198,1.5208,1.20,1.20
2008.11.12 13:12:54.780,1.51975,1.52075,1.20,1.20
2008.11.12 13:12:55.079,1.5197,1.5207,1.20,1.20
2008.11.12 13:12:55.479,1.51975,1.52075,1.20,1.20
2008.11.12 13:12:55.829,1.5197,1.5207,1.20,1.20
2008.11.12 13:12:56.329,1.5198,1.5201,1.20,1.20
2008.11.12 13:12:56.669,1.51965,1.5201,1.20,2.10
2008.11.12 13:12:59.659,1.5196,1.52,6.00,2.10
2008.11.12 13:13:00.128,1.5196,1.52005,7.20,2.10
2008.11.12 13:13:00.408,1.5196,1.5201,7.20,2.10
2008.11.12 13:13:00.758,1.5196,1.52,6.00,2.10
2008.11.12 13:13:01.378,1.5196,1.52015,6.00,2.10
2008.11.12 13:13:02.008,1.5196,1.52015,6.00,1.00
2008.11.12 13:13:02.398,1.5196,1.5202,6.00,2.10
2008.11.12 13:13:03.168,1.5196,1.52025,7.20,3.30
2008.11.12 13:13:03.697,1.5196,1.52015,6.00,2.10
2008.11.12 13:13:04.037,1.5196,1.52015,7.20,2.10
2008.11.12 13:13:05.897,1.5196,1.52,6.00,2.10
2008.11.12 13:13:06.247,1.5196,1.52005,6.00,2.10
2008.11.12 13:13:08.696,1.5198,1.5206,1.50,3.60
2008.11.12 13:13:08.986,1.5198,1.5206,1.50,1.20
2008.11.12 13:13:12.135,1.5198,1.5206,2.40,2.10
2008.11.12 13:13:12.605,1.51995,1.5207,1.50,1.20
2008.11.12 13:13:12.885,1.5199,1.52075,1.50,1.20
2008.11.12 13:13:13.585,1.5199,1.5203,1.00,1.20
2008.11.12 13:13:14.085,1.5197,1.5203,1.20,2.10
2008.11.12 13:13:14.605,1.5196,1.5201,7.20,1.20
2008.11.12 13:13:15.065,1.5197,1.5203,2.40,2.10
2008.11.12 13:13:15.604,1.5197,1.5203,3.60,2.10
2008.11.12 13:13:16.004,1.5197,1.5203,2.40,2.10
2008.11.12 13:13:17.174,1.5197,1.5203,1.20,2.10
2008.11.12 13:13:17.284,1.51965,1.5202,3.60,1.20
2008.11.12 13:13:17.344,1.51965,1.5202,2.40,2.10
2008.11.12 13:13:17.804,1.5197,1.5202,1.20,2.10
2008.11.12 13:13:20.413,1.5197,1.5202,2.40,2.10
2008.11.12 13:13:20.643,1.5197,1.5202,1.20,1.20
2008.11.12 13:13:21.263,1.51975,1.5203,2.40,2.10
2008.11.12 13:13:21.603,1.5198,1.52035,1.20,2.10
2008.11.12 13:13:22.093,1.5198,1.5204,2.40,2.10
2008.11.12 13:13:22.383,1.51995,1.52045,1.20,1.20
2008.11.12 13:13:22.803,1.51995,1.5206,1.20,3.30
2008.11.12 13:13:23.043,1.51995,1.5206,1.20,2.10
2008.11.12 13:13:23.513,1.51995,1.52055,1.20,2.10
2008.11.12 13:13:24.242,1.51995,1.52045,1.20,1.00
2008.11.12 13:13:24.582,1.5199,1.52045,2.40,2.10
2008.11.12 13:13:24.992,1.5199,1.52045,1.20,2.10
2008.11.12 13:13:25.842,1.51995,1.52045,1.20,2.10
2008.11.12 13:13:26.292,1.52,1.52045,1.20,1.20
2008.11.12 13:13:26.532,1.52005,1.5206,1.20,2.10
2008.11.12 13:13:27.641,1.51995,1.52055,1.20,2.10
2008.11.12 13:13:28.161,1.5199,1.52045,1.20,2.10
2008.11.12 13:13:28.401,1.5199,1.52045,2.40,2.10
2008.11.12 13:13:28.741,1.51995,1.52045,1.20,2.10
2008.11.12 13:13:29.551,1.5199,1.5204,3.60,1.20
2008.11.12 13:13:29.731,1.52,1.5204,1.20,2.10
2008.11.12 13:13:30.061,1.51985,1.52045,3.60,2.10
2008.11.12 13:13:30.531,1.5199,1.5205,1.20,2.10
2008.11.12 13:13:30.891,1.51985,1.5204,1.20,2.10
2008.11.12 13:13:31.540,1.5198,1.52035,2.40,2.10
2008.11.12 13:13:32.121,1.51985,1.5203,1.20,1.20
2008.11.12 13:13:32.320,1.51985,1.5203,1.20,2.10
2008.11.12 13:13:34.020,1.5198,1.5202,1.20,2.10
2008.11.12 13:13:34.850,1.51965,1.5202,2.40,2.10
2008.11.12 13:13:35.650,1.5198,1.5202,1.20,2.10
2008.11.12 13:13:36.949,1.51975,1.5202,2.40,2.10
2008.11.12 13:13:37.169,1.51975,1.5202,2.40,1.00
2008.11.12 13:13:37.519,1.5199,1.52035,1.20,2.10
2008.11.12 13:13:37.749,1.51975,1.52035,1.20,2.10
2008.11.12 13:13:38.139,1.5197,1.5203,2.40,2.10
2008.11.12 13:13:38.889,1.5198,1.5203,1.20,2.10
2008.11.12 13:13:39.289,1.5198,1.5202,1.20,2.10
2008.11.12 13:13:40.938,1.51975,1.5202,2.40,1.20
2008.11.12 13:13:41.268,1.51975,1.5203,2.40,2.10
2008.11.12 13:13:41.508,1.5198,1.5203,1.20,2.10
2008.11.12 13:13:43.638,1.5198,1.5202,1.20,1.20
2008.11.12 13:13:43.928,1.5198,1.5202,1.20,2.10
2008.11.12 13:13:47.217,1.5198,1.5202,1.20,1.20
2008.11.12 13:13:47.447,1.5197,1.5202,1.20,1.20
2008.11.12 13:13:47.727,1.51965,1.5202,2.40,1.20
2008.11.12 13:13:47.847,1.5197,1.5203,1.20,2.10
2008.11.12 13:13:49.446,1.5198,1.5203,1.20,2.10
2008.11.12 13:13:52.306,1.51965,1.5202,1.20,2.10
2008.11.12 13:13:52.796,1.5197,1.5202,1.20,1.00
2008.11.12 13:13:53.026,1.5197,1.5203,2.40,2.10
2008.11.12 13:13:53.725,1.51975,1.52035,2.40,2.10
2008.11.12 13:13:54.085,1.51975,1.5203,1.20,1.20
2008.11.12 13:13:54.435,1.5197,1.5202,1.20,2.10
2008.11.12 13:13:54.855,1.5197,1.5203,2.40,2.10
2008.11.12 13:13:55.725,1.51965,1.5202,1.20,2.10
2008.11.12 13:13:58.674,1.51965,1.52015,1.20,1.20
2008.11.12 13:13:59.024,1.51955,1.52015,2.40,2.10
2008.11.12 13:13:59.314,1.51945,1.5201,2.40,2.10
2008.11.12 13:13:59.604,1.5195,1.5201,1.20,2.10
2008.11.12 13:13:59.894,1.5195,1.5201,2.40,2.10
2008.11.12 13:14:00.294,1.5195,1.52005,2.40,2.10
2008.11.12 13:14:00.704,1.51955,1.52005,1.20,2.10
2008.11.12 13:14:01.123,1.5195,1.52005,2.40,2.10
2008.11.12 13:14:01.353,1.51965,1.51995,1.20,1.20
2008.11.12 13:14:01.683,1.5194,1.51995,1.20,2.10
2008.11.12 13:14:01.863,1.5194,1.51995,2.40,2.10
2008.11.12 13:14:03.063,1.51945,1.51995,1.20,2.10
2008.11.12 13:14:04.033,1.5194,1.51995,1.20,2.10
2008.11.12 13:14:04.313,1.51935,1.51995,2.40,2.10
2008.11.12 13:14:07.392,1.51935,1.5199,1.20,1.00
2008.11.12 13:14:07.792,1.51935,1.5199,1.20,2.10
2008.11.12 13:14:08.322,1.51945,1.5199,1.20,1.00
2008.11.12 13:14:08.672,1.5194,1.52,1.20,2.10
2008.11.12 13:14:10.511,1.5194,1.52,2.40,2.10
2008.11.12 13:14:11.591,1.5194,1.51985,2.40,1.20
2008.11.12 13:14:11.891,1.5195,1.51985,1.20,1.20
2008.11.12 13:14:12.071,1.5193,1.51985,1.20,2.10
2008.11.12 13:14:14.360,1.51935,1.51985,2.40,2.10
2008.11.12 13:14:15.000,1.51935,1.51985,1.20,2.10
2008.11.12 13:14:15.280,1.5194,1.5199,1.20,3.30
2008.11.12 13:14:15.750,1.5194,1.5199,1.20,1.00
2008.11.12 13:14:15.980,1.5194,1.52,1.20,2.10
2008.11.12 13:14:16.340,1.5194,1.52,2.40,2.10
2008.11.12 13:14:16.510,1.51945,1.51995,1.20,1.20
2008.11.12 13:14:16.800,1.51945,1.51995,2.40,2.10
2008.11.12 13:14:17.090,1.5194,1.51985,1.20,2.10
2008.11.12 13:14:17.209,1.5194,1.5199,2.40,2.10
2008.11.12 13:14:17.630,1.5194,1.5198,1.20,1.20
2008.11.12 13:14:17.869,1.51925,1.5198,2.40,2.10
2008.11.12 13:14:18.209,1.5193,1.5198,1.20,2.10
2008.11.12 13:14:18.909,1.5194,1.51975,1.20,2.10
2008.11.12 13:14:19.249,1.5192,1.51975,2.40,2.10
2008.11.12 13:14:20.519,1.5192,1.51975,2.40,2.10
2008.11.12 13:14:20.859,1.5194,1.5198,1.20,2.10
2008.11.12 13:14:22.198,1.5193,1.51975,1.20,2.10
2008.11.12 13:14:22.768,1.519,1.5196,1.20,2.10
2008.11.12 13:14:22.878,1.5191,1.51955,1.20,2.10
2008.11.12 13:14:23.168,1.51895,1.5195,2.40,2.10
2008.11.12 13:14:23.568,1.519,1.5195,1.20,2.10
2008.11.12 13:14:23.908,1.51905,1.5195,1.20,2.10
2008.11.12 13:14:24.298,1.519,1.5195,2.40,2.10
2008.11.12 13:14:24.748,1.51875,1.5193,2.40,1.20
2008.11.12 13:14:25.038,1.5188,1.51935,1.20,2.10
2008.11.12 13:14:25.837,1.51875,1.5193,1.20,2.10
2008.11.12 13:14:26.238,1.5188,1.5193,2.40,1.20
2008.11.12 13:14:26.647,1.5188,1.5193,1.20,2.10
2008.11.12 13:14:27.087,1.51895,1.51935,1.20,2.10
2008.11.12 13:14:27.427,1.5189,1.51935,2.40,2.10
2008.11.12 13:14:27.987,1.5189,1.51935,1.20,1.00
2008.11.12 13:14:28.277,1.5188,1.51935,2.40,2.10
2008.11.12 13:14:28.907,1.51895,1.51935,1.20,2.10
2008.11.12 13:14:29.947,1.51895,1.5193,1.20,1.20
2008.11.12 13:14:30.406,1.5188,1.5193,2.40,2.10
2008.11.12 13:14:30.856,1.5188,1.51935,2.40,2.10
2008.11.12 13:14:31.256,1.5188,1.51925,1.20,2.10
2008.11.12 13:14:31.606,1.5188,1.51925,1.20,2.10
2008.11.12 13:14:31.776,1.51875,1.51925,2.40,2.10
2008.11.12 13:14:32.766,1.5188,1.51925,1.20,2.10
2008.11.12 13:14:32.986,1.5188,1.5193,1.20,3.30
2008.11.12 13:14:33.336,1.51885,1.5193,1.20,2.10
2008.11.12 13:14:33.845,1.5188,1.51935,2.40,2.10
2008.11.12 13:14:34.625,1.51885,1.51935,1.20,2.10
2008.11.12 13:14:35.225,1.5189,1.5194,2.40,2.10
2008.11.12 13:14:35.965,1.51895,1.5195,1.20,2.10
2008.11.12 13:14:36.425,1.519,1.51955,1.20,2.10
2008.11.12 13:14:36.895,1.51915,1.51955,1.20,1.20
2008.11.12 13:14:37.125,1.51915,1.5196,1.20,2.10
2008.11.12 13:14:37.975,1.51895,1.5195,2.40,2.10
2008.11.12 13:14:38.315,1.51895,1.5194,1.20,2.10
2008.11.12 13:14:38.655,1.519,1.5195,1.20,2.10
2008.11.12 13:14:39.834,1.51905,1.5195,1.20,1.00
2008.11.12 13:14:40.244,1.51915,1.5196,1.20,2.10
2008.11.12 13:14:40.474,1.5191,1.5196,2.40,2.10
2008.11.12 13:14:40.764,1.51915,1.5196,1.20,2.10
2008.11.12 13:14:40.994,1.51905,1.51955,1.20,2.10
2008.11.12 13:14:41.174,1.5191,1.51955,1.20,2.10
2008.11.12 13:14:41.524,1.51915,1.51955,1.20,2.10
2008.11.12 13:14:41.814,1.51905,1.5196,1.20,2.10
2008.11.12 13:14:42.044,1.5191,1.5196,1.20,2.10
2008.11.12 13:14:44.983,1.519,1.5196,3.60,2.10
2008.11.12 13:14:45.223,1.5191,1.51955,1.20,2.10
2008.11.12 13:14:46.023,1.5191,1.5195,1.20,1.20
2008.11.12 13:14:46.192,1.51895,1.5195,2.40,1.20
2008.11.12 13:14:46.752,1.51905,1.5195,1.20,1.20
2008.11.12 13:14:47.203,1.5191,1.51955,1.20,1.20
2008.11.12 13:14:47.842,1.519,1.51955,1.20,1.20
2008.11.12 13:14:48.312,1.51915,1.51955,1.20,2.10
2008.11.12 13:14:48.702,1.519,1.51955,1.20,2.10
2008.11.12 13:14:48.982,1.5191,1.5195,1.20,2.10
2008.11.12 13:14:49.382,1.51895,1.5195,1.20,2.10
2008.11.12 13:14:49.842,1.51895,1.51955,2.40,2.10
2008.11.12 13:14:50.361,1.51895,1.5195,1.20,2.10
2008.11.12 13:14:50.812,1.51905,1.5195,1.20,2.10
2008.11.12 13:14:52.011,1.519,1.5195,2.40,2.10
2008.11.12 13:14:52.461,1.51915,1.51955,1.20,2.10
2008.11.12 13:14:52.901,1.519,1.51955,1.20,2.10
2008.11.12 13:14:53.261,1.519,1.51955,1.20,1.00
2008.11.12 13:14:53.621,1.51925,1.51965,1.20,2.10
2008.11.12 13:14:53.921,1.5191,1.51965,2.40,2.10
2008.11.12 13:14:54.500,1.51915,1.51965,1.20,2.10
2008.11.12 13:14:54.850,1.51925,1.51965,1.20,2.10
2008.11.12 13:14:55.131,1.51925,1.51965,1.20,1.00
2008.11.12 13:14:55.480,1.51925,1.5197,1.20,1.00
2008.11.12 13:14:55.880,1.51935,1.5196,1.20,2.10
2008.11.12 13:14:56.290,1.519,1.5196,2.40,2.10
2008.11.12 13:14:56.640,1.519,1.5196,3.60,2.10
2008.11.12 13:14:57.100,1.519,1.5196,2.40,2.10
2008.11.12 13:14:57.460,1.51895,1.51955,2.40,2.10
2008.11.12 13:14:58.999,1.51905,1.51955,1.20,2.10
2008.11.12 13:14:59.269,1.5189,1.5194,1.20,1.20
2008.11.12 13:14:59.779,1.5189,1.5194,1.20,2.10
2008.11.12 13:15:00.079,1.519,1.5194,1.20,1.00
2008.11.12 13:15:00.499,1.5191,1.51955,1.20,2.10
2008.11.12 13:15:01.019,1.5189,1.51955,1.20,2.10
2008.11.12 13:15:01.369,1.5189,1.5194,1.20,2.10
2008.11.12 13:15:01.669,1.51885,1.5194,1.20,2.10
2008.11.12 13:15:02.419,1.51885,1.5194,2.40,2.10
2008.11.12 13:15:02.828,1.51895,1.51935,1.20,1.00
2008.11.12 13:15:03.329,1.51875,1.51935,2.40,2.10
2008.11.12 13:15:03.968,1.51875,1.51935,1.20,2.10
2008.11.12 13:15:04.508,1.51865,1.51905,3.60,2.10
2008.11.12 13:15:04.788,1.51865,1.51915,2.40,2.10
2008.11.12 13:15:05.188,1.51875,1.51915,1.20,1.00
2008.11.12 13:15:05.478,1.51865,1.51915,1.20,2.10
2008.11.12 13:15:06.428,1.51855,1.51905,2.40,1.20
2008.11.12 13:15:06.828,1.51875,1.51915,1.20,1.00
2008.11.12 13:15:07.058,1.5187,1.5193,2.40,2.10
2008.11.12 13:15:07.468,1.5187,1.51925,1.20,2.10
2008.11.12 13:15:07.798,1.5186,1.51915,1.20,2.10
2008.11.12 13:15:08.268,1.5185,1.5191,3.60,2.10
2008.11.12 13:15:08.737,1.5185,1.51935,2.70,2.10
2008.11.12 13:15:09.197,1.51845,1.5193,2.40,2.10
2008.11.12 13:15:09.837,1.5185,1.5193,1.20,2.10
2008.11.12 13:15:10.357,1.51855,1.51945,3.90,5.70
2008.11.12 13:15:10.607,1.51855,1.5193,3.30,1.00
2008.11.12 13:15:10.827,1.5184,1.5193,3.90,3.30
2008.11.12 13:15:11.237,1.5184,1.5193,1.50,5.10
2008.11.12 13:15:12.216,1.51855,1.5193,1.50,1.20
2008.11.12 13:15:12.736,1.5185,1.5193,1.50,2.80
2008.11.12 13:15:13.206,1.5184,1.51925,2.10,3.90
2008.11.12 13:15:13.426,1.5184,1.51925,2.70,2.80
2008.11.12 13:15:14.636,1.5184,1.51925,3.90,2.80
2008.11.12 13:15:15.576,1.5183,1.51915,2.70,4.00
2008.11.12 13:15:17.395,1.5183,1.5191,1.50,1.20
2008.11.12 13:15:18.385,1.5183,1.519,1.50,1.20
2008.11.12 13:15:18.945,1.51825,1.519,1.50,1.20
2008.11.12 13:15:19.295,1.51815,1.51895,1.80,2.80
2008.11.12 13:15:19.595,1.51815,1.5189,1.50,1.60
2008.11.12 13:15:20.045,1.5181,1.5189,1.50,1.20
2008.11.12 13:15:20.804,1.5181,1.51895,1.50,1.60
2008.11.12 13:15:21.034,1.51815,1.51895,1.50,1.60
2008.11.12 13:15:21.264,1.51815,1.5189,2.10,1.20
2008.11.12 13:15:21.654,1.51815,1.5189,1.00,2.80
2008.11.12 13:15:21.944,1.5183,1.51895,1.00,1.20
2008.11.12 13:15:22.244,1.51825,1.519,1.50,1.20
2008.11.12 13:15:22.534,1.5183,1.519,1.50,1.20
2008.11.12 13:15:22.934,1.5183,1.51895,1.50,1.20
2008.11.12 13:15:23.563,1.5183,1.519,1.50,2.40
2008.11.12 13:15:23.914,1.5183,1.519,1.50,1.20
2008.11.12 13:15:25.113,1.5183,1.51905,1.50,4.00
2008.11.12 13:15:25.343,1.51835,1.519,1.80,1.20
2008.11.12 13:15:25.563,1.51835,1.519,1.20,2.10
2008.11.12 13:15:25.843,1.5182,1.5189,1.20,1.20
2008.11.12 13:15:26.193,1.51825,1.5188,1.20,2.10
2008.11.12 13:15:26.643,1.5182,1.51895,1.20,2.10
2008.11.12 13:15:27.053,1.51815,1.51895,2.40,2.10
2008.11.12 13:15:27.693,1.51815,1.51895,3.60,2.10
2008.11.12 13:15:28.033,1.51815,1.51885,2.40,1.00
2008.11.12 13:15:28.333,1.51815,1.51885,1.20,2.10
2008.11.12 13:15:29.702,1.51815,1.51885,2.40,2.10
2008.11.12 13:15:30.452,1.51815,1.51875,2.40,1.20
2008.11.12 13:15:30.632,1.5182,1.51875,1.20,1.20
2008.11.12 13:15:30.982,1.51815,1.51875,2.40,2.10
2008.11.12 13:15:31.212,1.51815,1.51875,3.60,2.10
2008.11.12 13:15:33.171,1.5181,1.5187,2.40,2.10
2008.11.12 13:15:33.411,1.5182,1.5186,1.20,2.10
2008.11.12 13:15:33.821,1.51815,1.5186,2.40,1.00
2008.11.12 13:15:34.111,1.51815,1.5187,2.40,2.10
2008.11.12 13:15:34.401,1.5182,1.5187,1.20,2.10
2008.11.12 13:15:34.681,1.51825,1.5187,1.20,2.10
2008.11.12 13:15:34.971,1.5182,1.5187,2.40,2.10
2008.11.12 13:15:35.371,1.5182,1.51875,1.20,2.10
2008.11.12 13:15:35.781,1.5183,1.51885,2.40,3.30
2008.11.12 13:15:36.111,1.51835,1.51885,2.40,2.10
2008.11.12 13:15:36.501,1.51835,1.5188,2.40,1.20
2008.11.12 13:15:36.910,1.5183,1.5188,1.20,2.10
2008.11.12 13:15:37.151,1.51835,1.5188,1.20,2.10
2008.11.12 13:15:37.370,1.51855,1.5189,1.20,2.10
2008.11.12 13:15:37.850,1.51825,1.5188,1.20,2.10
2008.11.12 13:15:38.130,1.5184,1.5188,1.20,2.10
2008.11.12 13:15:38.420,1.51845,1.51885,1.20,2.10
2008.11.12 13:15:38.830,1.51845,1.5188,1.20,2.10
2008.11.12 13:15:39.300,1.51835,1.5188,2.40,1.20
2008.11.12 13:15:39.690,1.5183,1.5188,1.20,2.10
2008.11.12 13:15:40.040,1.5184,1.5188,1.20,2.10
2008.11.12 13:15:44.189,1.5184,1.5187,1.20,1.20
2008.11.12 13:15:44.529,1.5183,1.5187,1.20,2.10
2008.11.12 13:15:45.148,1.5183,1.5187,1.20,1.00
2008.11.12 13:15:45.618,1.5183,1.5187,1.20,1.00
2008.11.12 13:15:46.018,1.5183,1.519,1.20,3.30
2008.11.12 13:15:46.368,1.5183,1.519,1.20,2.10
2008.11.12 13:15:46.608,1.5183,1.51895,1.20,1.00
2008.11.12 13:15:46.838,1.5183,1.51905,1.20,3.30
2008.11.12 13:15:47.068,1.5183,1.519,1.20,3.30
2008.11.12 13:15:47.538,1.5183,1.51905,1.20,4.50
2008.11.12 13:15:48.148,1.5183,1.51895,1.20,1.20
2008.11.12 13:15:48.608,1.5183,1.5189,1.20,2.10
2008.11.12 13:15:49.078,1.51815,1.5189,2.40,2.10
2008.11.12 13:15:50.397,1.5183,1.5189,1.20,1.00
2008.11.12 13:15:50.907,1.5181,1.51895,1.20,4.50
2008.11.12 13:15:51.307,1.5183,1.51905,1.20,4.50
2008.11.12 13:15:52.857,1.5182,1.519,1.20,3.30
2008.11.12 13:15:53.416,1.5182,1.519,2.40,3.30
2008.11.12 13:15:53.596,1.5182,1.51895,2.40,1.00
2008.11.12 13:15:54.066,1.51825,1.519,1.20,3.30
2008.11.12 13:15:54.217,1.51825,1.5189,1.20,1.00
2008.11.12 13:15:54.556,1.51825,1.519,1.20,4.50
2008.11.12 13:15:55.816,1.51825,1.519,1.20,3.30
2008.11.12 13:15:56.896,1.51825,1.5189,1.20,1.20
2008.11.12 13:15:57.016,1.51825,1.5189,1.20,2.10
2008.11.12 13:15:57.775,1.51815,1.5189,2.40,2.10
2008.11.12 13:15:58.115,1.51815,1.5189,3.60,2.10
2008.11.12 13:15:58.476,1.51815,1.5189,4.50,2.10
2008.11.12 13:15:58.885,1.51825,1.51905,3.60,2.10
2008.11.12 13:15:59.125,1.51835,1.5191,2.40,2.10
2008.11.12 13:15:59.455,1.5186,1.51915,1.20,1.00
2008.11.12 13:15:59.865,1.5186,1.5196,1.20,3.00
2008.11.12 13:16:00.205,1.51865,1.5196,1.20,3.00
2008.11.12 13:16:00.435,1.51895,1.5196,1.20,1.80
2008.11.12 13:16:01.304,1.51905,1.5196,1.20,1.80
2008.11.12 13:16:01.604,1.51895,1.5196,1.20,1.80
2008.11.12 13:16:02.124,1.51905,1.5196,1.20,1.80
2008.11.12 13:16:02.404,1.5191,1.5196,1.20,1.80
2008.11.12 13:16:02.644,1.5192,1.5196,1.20,1.80
2008.11.12 13:16:03.794,1.51915,1.5196,1.20,1.80
2008.11.12 13:16:04.134,1.5192,1.5196,1.20,1.80
2008.11.12 13:16:05.844,1.51925,1.5196,1.20,1.80
2008.11.12 13:16:06.753,1.5193,1.5196,1.20,1.80
2008.11.12 13:16:09.333,1.5194,1.5196,1.20,1.80
2008.11.12 13:16:10.082,1.51945,1.5196,1.20,1.80
2008.11.12 13:16:10.822,1.51925,1.5196,1.20,1.80
2008.11.12 13:16:11.232,1.51915,1.5196,2.40,1.80
2008.11.12 13:16:11.562,1.5192,1.5196,1.20,1.80
2008.11.12 13:16:11.952,1.51895,1.5196,1.20,1.80
2008.11.12 13:16:12.572,1.5189,1.5196,1.20,1.80
2008.11.12 13:16:13.202,1.51885,1.5196,1.20,1.80
2008.11.12 13:16:13.441,1.5189,1.5196,1.20,1.80
2008.11.12 13:16:14.331,1.51895,1.5196,1.20,1.80
2008.11.12 13:16:15.971,1.5189,1.5196,1.20,1.80
2008.11.12 13:16:16.701,1.51895,1.5196,1.20,1.80
2008.11.12 13:16:17.671,1.519,1.5196,1.20,1.80
2008.11.12 13:16:18.360,1.51885,1.5196,1.20,1.80
2008.11.12 13:16:19.510,1.5189,1.5196,1.20,1.80
2008.11.12 13:16:19.970,1.5188,1.5196,1.20,1.80
2008.11.12 13:16:20.440,1.51885,1.5196,1.20,1.80
2008.11.12 13:16:22.069,1.5189,1.5196,1.20,1.80
2008.11.12 13:16:22.530,1.51885,1.5196,1.20,1.80
2008.11.12 13:16:22.819,1.51885,1.51955,1.20,1.20
2008.11.12 13:16:23.159,1.5188,1.5196,1.20,3.00
2008.11.12 13:16:23.559,1.5187,1.5196,2.40,3.00
2008.11.12 13:16:24.239,1.51875,1.5196,1.20,3.00
2008.11.12 13:16:24.759,1.5188,1.5196,1.20,3.00
2008.11.12 13:16:25.149,1.5187,1.5196,1.20,3.00
2008.11.12 13:16:25.889,1.5187,1.51955,3.60,1.20
2008.11.12 13:16:26.218,1.51885,1.5196,1.20,1.80
2008.11.12 13:16:26.808,1.51895,1.5196,1.20,1.80
2008.11.12 13:16:28.188,1.519,1.5196,1.20,1.80
2008.11.12 13:16:29.878,1.5191,1.5196,1.20,1.80
2008.11.12 13:16:30.927,1.51915,1.5196,1.20,1.80
2008.11.12 13:16:31.157,1.5191,1.5196,1.20,1.80
2008.11.12 13:16:31.847,1.51915,1.5196,1.20,1.80
2008.11.12 13:16:40.365,1.51905,1.5196,1.20,1.80
2008.11.12 13:16:40.885,1.519,1.5196,1.20,1.80
2008.11.12 13:16:42.075,1.51895,1.5196,1.20,1.80
2008.11.12 13:16:42.475,1.5191,1.5196,1.20,1.80
2008.11.12 13:16:42.885,1.51915,1.5196,2.40,1.80
2008.11.12 13:16:43.165,1.5191,1.5196,2.40,1.80
2008.11.12 13:16:47.164,1.51915,1.5196,1.20,1.80
2008.11.12 13:16:47.334,1.51935,1.5196,1.20,1.80
2008.11.12 13:16:47.733,1.5191,1.5196,3.60,1.80
2008.11.12 13:16:48.023,1.51915,1.5196,1.20,1.80
2008.11.12 13:16:48.373,1.5191,1.5196,1.20,1.80
2008.11.12 13:16:48.713,1.51925,1.5196,1.20,1.80
2008.11.12 13:16:49.183,1.5192,1.5196,2.40,1.80
2008.11.12 13:16:49.633,1.51925,1.5196,2.40,1.80
2008.11.12 13:16:50.143,1.5194,1.5196,1.20,1.80
2008.11.12 13:16:50.433,1.5194,1.5196,1.50,1.80
2008.11.12 13:16:50.783,1.5194,1.5196,1.20,1.80
2008.11.12 13:16:51.932,1.51935,1.5196,3.90,1.80
2008.11.12 13:16:52.802,1.5194,1.5196,3.90,1.80
2008.11.12 13:16:53.202,1.5194,1.5196,1.80,1.80
2008.11.12 13:16:53.832,1.5194,1.5196,1.00,1.80
2008.11.12 13:16:54.122,1.519,1.5196,2.40,1.80
2008.11.12 13:16:54.462,1.5189,1.5196,1.20,1.80
2008.11.12 13:16:54.742,1.5188,1.5196,1.20,1.80
2008.11.12 13:16:57.111,1.5191,1.5196,1.00,1.80
2008.11.12 13:16:57.381,1.5191,1.5196,1.50,1.80
2008.11.12 13:16:57.721,1.51915,1.5196,1.50,1.80
2008.11.12 13:16:58.631,1.5192,1.5196,1.00,1.80
2008.11.12 13:16:58.980,1.5192,1.5196,1.50,1.80
2008.11.12 13:16:59.790,1.51915,1.5196,1.50,1.80
2008.11.12 13:17:00.130,1.5191,1.5196,1.50,1.80
2008.11.12 13:17:02.000,1.51905,1.5196,1.50,1.80
2008.11.12 13:17:02.580,1.5191,1.5196,1.50,1.80
2008.11.12 13:17:04.509,1.51925,1.5196,1.00,1.80
2008.11.12 13:17:04.739,1.5191,1.5196,1.50,1.80
2008.11.12 13:17:05.249,1.51905,1.5196,1.50,1.80
2008.11.12 13:17:05.719,1.5191,1.5196,1.50,1.80
2008.11.12 13:17:07.509,1.51905,1.5196,1.50,1.80
2008.11.12 13:17:08.208,1.5191,1.5196,1.00,1.80
2008.11.12 13:17:08.678,1.5191,1.5196,1.50,1.80
2008.11.12 13:17:11.778,1.51905,1.5196,1.50,1.80
2008.11.12 13:17:12.007,1.5191,1.5196,1.50,1.80
2008.11.12 13:17:14.397,1.51905,1.5196,1.50,1.80
2008.11.12 13:17:15.347,1.519,1.5196,2.70,1.80
2008.11.12 13:17:15.737,1.519,1.5196,1.50,1.80
2008.11.12 13:17:17.026,1.519,1.5196,1.00,1.80
2008.11.12 13:17:17.676,1.519,1.5196,1.50,1.80
2008.11.12 13:17:18.636,1.51915,1.5196,1.20,1.80
2008.11.12 13:17:19.666,1.5191,1.5196,1.20,1.80
2008.11.12 13:17:20.015,1.51945,1.5201,1.00,3.30
2008.11.12 13:17:20.425,1.51945,1.52025,1.50,1.20
2008.11.12 13:17:20.765,1.5194,1.5196,1.50,1.80
2008.11.12 13:17:20.945,1.51945,1.5202,1.50,1.20
2008.11.12 13:17:21.705,1.51945,1.5196,1.00,1.80
2008.11.12 13:17:21.885,1.51925,1.5196,1.20,1.80
2008.11.12 13:17:23.055,1.5192,1.5196,1.20,1.80
2008.11.12 13:17:24.374,1.51915,1.5196,2.40,1.80
2008.11.12 13:17:25.074,1.5192,1.5196,1.20,1.80
2008.11.12 13:17:25.764,1.51915,1.5196,1.20,1.80
2008.11.12 13:17:26.164,1.5192,1.5196,2.40,1.80
2008.11.12 13:17:26.434,1.5193,1.5196,2.40,1.80
2008.11.12 13:17:27.134,1.5193,1.5196,1.20,1.80
2008.11.12 13:17:27.484,1.5193,1.5196,2.40,1.80
2008.11.12 13:17:28.014,1.51925,1.5196,1.20,1.80
2008.11.12 13:17:28.933,1.51935,1.5196,2.10,1.80
2008.11.12 13:17:29.273,1.51945,1.5196,1.20,1.80
2008.11.12 13:17:29.683,1.51965,1.5202,1.50,1.20
2008.11.12 13:17:32.662,1.51965,1.5202,1.50,2.20
2008.11.12 13:17:32.932,1.51965,1.52015,1.50,1.20
2008.11.12 13:17:33.272,1.51965,1.5201,1.20,2.90
2008.11.12 13:17:33.802,1.51915,1.5196,2.40,1.80
2008.11.12 13:17:36.482,1.5192,1.5196,1.20,1.80
2008.11.12 13:17:37.001,1.5193,1.5196,1.20,1.80
2008.11.12 13:17:37.301,1.5193,1.5196,3.60,1.80
2008.11.12 13:17:38.091,1.51935,1.5196,1.20,1.80
2008.11.12 13:17:38.451,1.51915,1.5196,3.60,1.80
2008.11.12 13:17:38.931,1.51915,1.5196,1.20,1.80
2008.11.12 13:17:39.331,1.51915,1.5196,2.40,1.80
2008.11.12 13:17:39.781,1.5191,1.5196,1.20,1.80
2008.11.12 13:17:40.871,1.5192,1.5196,1.20,1.80
2008.11.12 13:17:41.100,1.5192,1.5196,2.40,1.80
2008.11.12 13:17:42.100,1.5192,1.5196,1.20,1.80
2008.11.12 13:17:42.500,1.51925,1.5196,1.20,1.80
2008.11.12 13:17:42.850,1.51935,1.5196,1.20,1.80
2008.11.12 13:17:43.140,1.5194,1.5196,1.20,1.80
2008.11.12 13:17:43.470,1.5195,1.5196,1.20,1.80
2008.11.12 13:17:43.820,1.5195,1.52025,1.20,2.10
2008.11.12 13:17:44.220,1.5195,1.52025,1.20,2.10
2008.11.12 13:17:44.610,1.5195,1.52025,1.20,3.30
2008.11.12 13:17:45.639,1.51955,1.52025,1.20,2.10
2008.11.12 13:17:45.929,1.51955,1.5203,1.20,2.10
2008.11.12 13:17:46.509,1.51955,1.52025,2.40,3.30
2008.11.12 13:17:46.789,1.5196,1.52005,1.20,1.20
2008.11.12 13:17:47.069,1.5194,1.52005,1.20,1.20
2008.11.12 13:17:47.239,1.5194,1.52005,1.20,2.10
2008.11.12 13:17:47.469,1.5194,1.52,1.20,3.30
2008.11.12 13:17:49.118,1.5194,1.52,1.20,2.10
2008.11.12 13:17:49.409,1.5194,1.52005,1.20,2.10
2008.11.12 13:17:50.568,1.5194,1.52005,1.20,2.10
2008.11.12 13:17:50.918,1.51945,1.52015,1.20,2.10
2008.11.12 13:17:51.088,1.5194,1.52015,3.60,2.10
2008.11.12 13:17:52.118,1.5194,1.52005,3.60,1.20
2008.11.12 13:17:52.518,1.5194,1.52005,2.40,2.10
2008.11.12 13:17:52.748,1.51945,1.5201,1.20,3.30
2008.11.12 13:17:53.038,1.51945,1.5201,1.20,2.10
2008.11.12 13:17:53.217,1.5194,1.5201,1.20,2.10
2008.11.12 13:17:53.447,1.5194,1.52015,2.40,2.10
2008.11.12 13:17:53.617,1.51945,1.52015,1.20,2.10
2008.11.12 13:17:54.178,1.51955,1.52015,1.20,2.10
2008.11.12 13:17:54.507,1.51955,1.52025,1.20,3.30
2008.11.12 13:17:55.197,1.51955,1.52025,1.20,2.10
2008.11.12 13:17:55.487,1.51965,1.5203,1.20,3.30
2008.11.12 13:17:55.727,1.5195,1.52015,1.20,2.10
2008.11.12 13:17:56.707,1.5195,1.52015,2.40,2.10
2008.11.12 13:17:57.796,1.5195,1.52015,2.40,1.20
2008.11.12 13:17:58.086,1.5195,1.52015,1.20,1.00
2008.11.12 13:17:58.376,1.5195,1.52025,1.20,3.30
2008.11.12 13:17:59.516,1.5195,1.52025,2.40,3.30
2008.11.12 13:18:00.006,1.5195,1.52015,2.40,2.10
2008.11.12 13:18:01.895,1.51955,1.52015,1.20,2.10
2008.11.12 13:18:02.945,1.5194,1.5201,1.20,2.10
2008.11.12 13:18:03.175,1.5194,1.5201,1.20,2.10
2008.11.12 13:18:04.035,1.5194,1.5201,1.20,3.30
2008.11.12 13:18:04.435,1.5194,1.5201,1.20,2.10
2008.11.12 13:18:04.715,1.51945,1.52015,1.20,3.30
2008.11.12 13:18:05.025,1.51945,1.52015,1.20,2.10
2008.11.12 13:18:08.264,1.5195,1.52015,1.20,2.10
2008.11.12 13:18:11.443,1.5195,1.52005,1.20,1.20
2008.11.12 13:18:11.733,1.51935,1.52005,2.40,2.10
2008.11.12 13:18:12.033,1.5194,1.52005,1.20,2.10
2008.11.12 13:18:12.393,1.5194,1.52005,1.20,2.10
2008.11.12 13:18:12.633,1.51945,1.52015,1.20,2.10
2008.11.12 13:18:13.043,1.5194,1.5201,1.20,1.20
2008.11.12 13:18:13.273,1.51945,1.52015,1.20,2.10
2008.11.12 13:18:14.082,1.51945,1.52015,2.40,1.00
2008.11.12 13:18:14.493,1.5194,1.52015,2.40,2.10
2008.11.12 13:18:14.792,1.5195,1.52015,1.20,2.10
2008.11.12 13:18:15.202,1.51945,1.52015,2.40,1.20
2008.11.12 13:18:15.623,1.51945,1.52015,2.40,2.10
2008.11.12 13:18:15.972,1.51945,1.52015,3.60,2.10
2008.11.12 13:18:16.362,1.51945,1.52025,1.20,3.30
2008.11.12 13:18:16.532,1.51945,1.52025,2.40,3.30
2008.11.12 13:18:17.862,1.51955,1.52025,1.20,3.30
2008.11.12 13:18:18.271,1.51955,1.5202,1.20,1.20
2008.11.12 13:18:18.332,1.5195,1.5202,1.20,3.30
2008.11.12 13:18:18.631,1.51945,1.5202,2.40,3.30
2008.11.12 13:18:19.411,1.5195,1.5202,1.20,3.30
2008.11.12 13:18:19.631,1.51955,1.5202,1.20,3.30
2008.11.12 13:18:20.761,1.51945,1.5201,1.20,2.10
2008.11.12 13:18:20.991,1.5194,1.5201,2.40,2.10
2008.11.12 13:18:21.341,1.5194,1.52005,1.20,2.10
2008.11.12 13:18:21.581,1.5194,1.5201,1.20,2.10
2008.11.12 13:18:22.160,1.51935,1.52015,2.40,2.10
2008.11.12 13:18:22.441,1.51935,1.5202,2.40,4.50
2008.11.12 13:18:22.780,1.5194,1.5202,1.20,3.30
2008.11.12 13:18:23.350,1.51945,1.5201,1.20,1.20
2008.11.12 13:18:23.460,1.51945,1.5201,1.20,2.10
2008.11.12 13:18:25.460,1.51945,1.5201,1.20,2.10
2008.11.12 13:18:25.800,1.5194,1.5201,2.40,2.10
2008.11.12 13:18:26.020,1.51955,1.5202,1.20,3.30
2008.11.12 13:18:27.509,1.5194,1.5201,3.60,1.20
2008.11.12 13:18:27.799,1.5194,1.5201,2.40,1.20
2008.11.12 13:18:28.089,1.51945,1.5201,1.20,3.30
2008.11.12 13:18:28.479,1.5194,1.52005,1.20,2.10
2008.11.12 13:18:35.997,1.5194,1.52005,1.20,2.10
2008.11.12 13:18:36.347,1.5194,1.5201,1.20,3.30
2008.11.12 13:18:36.517,1.51945,1.5201,1.20,2.10
2008.11.12 13:18:36.817,1.51945,1.5201,1.20,3.30
2008.11.12 13:18:37.167,1.5192,1.51995,1.20,2.20
2008.11.12 13:18:37.567,1.5192,1.52,2.40,3.30
2008.11.12 13:18:39.066,1.51925,1.52,1.20,3.30
2008.11.12 13:18:41.566,1.51925,1.52,2.40,3.30
2008.11.12 13:18:41.976,1.5193,1.51985,1.20,1.20
2008.11.12 13:18:42.256,1.51915,1.51985,2.40,2.10
2008.11.12 13:18:42.597,1.51915,1.51995,2.40,3.30
2008.11.12 13:18:44.535,1.5193,1.52,1.20,4.50
2008.11.12 13:18:45.045,1.5193,1.52,1.20,3.30
2008.11.12 13:18:45.515,1.51925,1.52,1.20,3.30
2008.11.12 13:18:45.855,1.51935,1.52005,1.20,2.10
2008.11.12 13:18:46.255,1.51935,1.52005,2.40,2.10
2008.11.12 13:18:46.494,1.51935,1.52005,1.20,2.10
2008.11.12 13:18:46.784,1.5193,1.52,1.20,2.10
2008.11.12 13:18:47.175,1.5193,1.51995,1.20,1.00
2008.11.12 13:18:47.734,1.5194,1.51985,1.20,1.00
2008.11.12 13:18:48.274,1.51935,1.52005,1.20,2.10
2008.11.12 13:18:48.624,1.5194,1.52005,1.20,2.10
2008.11.12 13:18:48.744,1.51935,1.52005,2.40,2.10
2008.11.12 13:18:49.104,1.51935,1.52005,1.20,1.20
2008.11.12 13:18:49.324,1.51935,1.52005,1.20,2.10
2008.11.12 13:18:49.794,1.51945,1.52005,1.20,1.00
2008.11.12 13:18:50.314,1.51935,1.5198,1.20,2.10
2008.11.12 13:18:50.714,1.5193,1.5201,1.80,1.20
2008.11.12 13:18:51.043,1.51935,1.52015,2.40,2.10
2008.11.12 13:18:52.253,1.51935,1.52015,3.60,2.10
2008.11.12 13:18:52.543,1.5193,1.5201,1.20,1.20
2008.11.12 13:18:53.283,1.5192,1.52005,1.20,5.10
2008.11.12 13:18:53.693,1.5192,1.52005,1.20,6.30
2008.11.12 13:18:53.983,1.5193,1.51995,1.20,1.00
2008.11.12 13:18:55.123,1.51965,1.51995,1.00,1.00
2008.11.12 13:18:55.582,1.5198,1.5202,1.00,1.20
2008.11.12 13:18:55.982,1.51965,1.52015,2.70,1.20
2008.11.12 13:18:56.322,1.51975,1.5203,1.00,5.20
2008.11.12 13:18:56.772,1.5197,1.52025,1.20,1.60
2008.11.12 13:18:56.882,1.5196,1.52025,1.50,4.00
2008.11.12 13:18:57.462,1.5196,1.52015,1.50,1.20
2008.11.12 13:18:57.742,1.5196,1.5201,1.00,2.80
2008.11.12 13:18:58.092,1.5195,1.52005,1.50,2.80
2008.11.12 13:18:58.412,1.5195,1.5199,1.50,1.20
2008.11.12 13:18:58.582,1.5194,1.5199,1.00,1.20
2008.11.12 13:18:58.801,1.5194,1.5199,1.50,1.20
2008.11.12 13:18:59.302,1.5194,1.51995,1.50,1.20
2008.11.12 13:19:01.171,1.5194,1.51995,1.50,2.40
2008.11.12 13:19:01.561,1.51935,1.5199,1.50,1.20
2008.11.12 13:19:01.951,1.51935,1.51985,1.50,1.20
2008.11.12 13:19:02.991,1.51935,1.51995,1.50,1.20
2008.11.12 13:19:03.101,1.51955,1.51995,1.50,1.20
2008.11.12 13:19:03.511,1.51955,1.5199,1.00,1.20
2008.11.12 13:19:03.630,1.5195,1.5199,1.50,1.20
2008.11.12 13:19:05.260,1.5195,1.51995,1.50,3.40
2008.11.12 13:19:05.480,1.51955,1.51995,1.50,1.20
2008.11.12 13:19:05.771,1.5195,1.51985,1.20,1.20
2008.11.12 13:19:06.180,1.5194,1.51985,1.50,1.20
2008.11.12 13:19:06.410,1.5194,1.5199,1.80,1.20
2008.11.12 13:19:06.980,1.5194,1.51995,1.50,2.40
2008.11.12 13:19:07.659,1.51925,1.5198,1.50,2.80
2008.11.12 13:19:08.109,1.51925,1.51975,1.50,1.20
2008.11.12 13:19:08.699,1.51925,1.5198,1.50,2.80
2008.11.12 13:19:08.989,1.5193,1.5198,1.00,2.80
2008.11.12 13:19:09.269,1.51935,1.51995,1.50,3.40
2008.11.12 13:19:09.559,1.51935,1.51995,1.50,2.40
2008.11.12 13:19:10.039,1.51935,1.5199,1.50,1.20
2008.11.12 13:19:10.329,1.51935,1.5199,2.10,1.20
2008.11.12 13:19:10.619,1.5193,1.5199,1.50,2.80
2008.11.12 13:19:12.328,1.5193,1.51985,1.50,1.20
2008.11.12 13:19:13.478,1.5193,1.5199,1.00,4.00
2008.11.12 13:19:13.828,1.51925,1.51985,1.50,1.20
2008.11.12 13:19:14.948,1.51925,1.51975,1.50,1.20
2008.11.12 13:19:15.308,1.51925,1.51985,1.00,2.40
2008.11.12 13:19:15.727,1.5192,1.51975,1.50,1.60
2008.11.12 13:19:19.937,1.51925,1.51975,1.00,1.60
2008.11.12 13:19:20.517,1.51925,1.5198,1.50,2.80
2008.11.12 13:19:21.096,1.51925,1.5198,1.50,1.60
2008.11.12 13:19:21.446,1.51935,1.51995,1.50,2.40
2008.11.12 13:19:21.776,1.51935,1.52,1.50,2.80
2008.11.12 13:19:22.186,1.5195,1.52,1.00,3.90
2008.11.12 13:19:22.526,1.5195,1.52005,1.50,1.20
2008.11.12 13:19:22.876,1.5195,1.52,1.50,1.20
2008.11.12 13:19:23.266,1.5195,1.52,1.50,2.10
2008.11.12 13:19:23.606,1.5195,1.52,1.50,1.00
2008.11.12 13:19:24.006,1.5195,1.5201,1.50,1.20
2008.11.12 13:19:24.286,1.5194,1.51995,2.70,1.20
2008.11.12 13:19:24.755,1.5195,1.51995,1.50,1.20
2008.11.12 13:19:25.206,1.5194,1.51985,2.70,1.20
2008.11.12 13:19:25.775,1.5194,1.51985,1.50,1.20
2008.11.12 13:19:26.415,1.5195,1.5199,1.50,1.20
2008.11.12 13:19:26.765,1.5194,1.5199,1.50,1.20
2008.11.12 13:19:29.764,1.5194,1.5198,1.50,1.20
2008.11.12 13:19:30.064,1.5193,1.51975,1.50,1.20
2008.11.12 13:19:30.474,1.5193,1.51975,1.00,1.60
2008.11.12 13:19:30.824,1.51925,1.51975,1.50,1.60
2008.11.12 13:19:31.504,1.5193,1.51975,1.00,1.60
2008.11.12 13:19:31.854,1.5193,1.5199,1.00,4.00
2008.11.12 13:19:32.203,1.5193,1.5199,1.50,2.80
2008.11.12 13:19:32.763,1.5193,1.5199,1.50,4.00
2008.11.12 13:19:33.433,1.5193,1.5199,1.50,2.80
2008.11.12 13:19:33.773,1.51935,1.5199,1.80,1.20
2008.11.12 13:19:33.893,1.51925,1.5199,1.50,1.20
2008.11.12 13:19:34.124,1.5193,1.5199,1.00,1.20
2008.11.12 13:19:34.533,1.51935,1.5199,1.50,1.20
2008.11.12 13:19:35.243,1.51935,1.51995,1.50,2.40
2008.11.12 13:19:35.603,1.5195,1.5199,1.00,1.20
2008.11.12 13:19:35.923,1.5194,1.5199,1.50,1.20
2008.11.12 13:19:36.333,1.5195,1.51995,1.00,1.20
2008.11.12 13:19:36.683,1.5195,1.51995,1.00,2.80
2008.11.12 13:19:36.972,1.5194,1.51995,1.50,1.60
2008.11.12 13:19:37.512,1.5194,1.51995,1.50,2.80
2008.11.12 13:19:39.402,1.5195,1.52,1.50,1.60
2008.11.12 13:19:39.672,1.5195,1.52,1.00,1.60
2008.11.12 13:19:40.002,1.5196,1.52005,1.50,1.20
2008.11.12 13:19:40.222,1.5196,1.5201,1.50,2.40
2008.11.12 13:19:40.581,1.51955,1.5201,1.50,2.40
2008.11.12 13:19:40.872,1.5196,1.5201,1.50,1.20
2008.11.12 13:19:42.431,1.5196,1.5201,1.00,1.20
2008.11.12 13:19:42.781,1.51955,1.5201,1.50,4.00
2008.11.12 13:19:43.071,1.5195,1.52,1.50,1.60
2008.11.12 13:19:43.541,1.51955,1.52,1.00,2.80
2008.11.12 13:19:44.061,1.51955,1.52,1.50,1.20
2008.11.12 13:19:45.550,1.5196,1.52005,1.00,2.40
2008.11.12 13:19:45.890,1.5196,1.52005,1.50,2.40
2008.11.12 13:19:46.180,1.51955,1.52005,1.50,1.20
2008.11.12 13:19:48.859,1.51955,1.52,1.50,1.00
2008.11.12 13:19:50.089,1.51955,1.52005,1.50,1.20
2008.11.12 13:19:50.939,1.51955,1.52005,1.50,2.40
2008.11.12 13:19:51.289,1.51965,1.52005,1.80,1.20
2008.11.12 13:19:51.649,1.5194,1.52005,1.50,1.20
2008.11.12 13:19:52.069,1.5194,1.52005,1.50,2.40
2008.11.12 13:19:52.359,1.51935,1.52,1.80,2.80
2008.11.12 13:19:52.698,1.51935,1.52,1.00,2.80
2008.11.12 13:19:52.819,1.51935,1.52,1.50,1.60
2008.11.12 13:19:54.678,1.5194,1.52,1.00,2.80
2008.11.12 13:19:54.968,1.5194,1.52,1.50,1.20
2008.11.12 13:19:58.138,1.5194,1.52,1.80,1.20
2008.11.12 13:19:58.367,1.51935,1.52,1.50,1.20
2008.11.12 13:19:58.777,1.5194,1.52,1.00,1.20
2008.11.12 13:19:58.887,1.5194,1.52,1.50,1.20
2008.11.12 13:19:58.997,1.5194,1.51995,1.50,1.20
2008.11.12 13:20:00.587,1.5195,1.51995,1.50,1.20
2008.11.12 13:20:01.887,1.5195,1.51995,1.00,1.20
2008.11.12 13:20:02.246,1.51935,1.5199,1.50,1.20
2008.11.12 13:20:02.296,1.51935,1.5199,1.80,1.20
2008.11.12 13:20:02.596,1.5193,1.5199,1.50,1.20
2008.11.12 13:20:02.826,1.5193,1.51995,1.50,2.80
2008.11.12 13:20:03.226,1.5194,1.52,1.50,2.40
2008.11.12 13:20:03.646,1.5194,1.52,1.00,4.00
2008.11.12 13:20:03.936,1.51935,1.52,1.50,4.00
2008.11.12 13:20:04.226,1.51935,1.5199,2.10,1.20
2008.11.12 13:20:04.566,1.5193,1.5199,1.50,1.20
2008.11.12 13:20:05.036,1.5193,1.51985,1.50,1.20
2008.11.12 13:20:05.426,1.5192,1.51985,1.50,1.20
2008.11.12 13:20:05.727,1.5192,1.5198,1.50,1.20
2008.11.12 13:20:06.125,1.5192,1.51975,1.50,1.60
2008.11.12 13:20:07.006,1.51925,1.5198,1.00,1.20
2008.11.12 13:20:07.526,1.5193,1.5198,1.50,1.20
2008.11.12 13:20:07.825,1.5193,1.51985,1.50,2.40
2008.11.12 13:20:08.285,1.5193,1.51985,1.50,1.20
2008.11.12 13:20:08.625,1.51935,1.51995,1.50,2.80
2008.11.12 13:20:08.915,1.5194,1.51995,1.00,1.20
2008.11.12 13:20:09.275,1.51935,1.51995,1.50,2.40
2008.11.12 13:20:09.615,1.51935,1.52,1.50,4.00
2008.11.12 13:20:10.075,1.5194,1.52,1.50,1.20
2008.11.12 13:20:10.544,1.5194,1.52015,1.50,1.00
2008.11.12 13:20:10.894,1.5194,1.52025,1.50,1.20
2008.11.12 13:20:16.503,1.5195,1.5203,1.50,1.20
2008.11.12 13:20:17.972,1.5195,1.52035,1.50,3.30
2008.11.12 13:20:18.023,1.5196,1.52035,1.00,1.20
2008.11.12 13:20:18.432,1.51975,1.52045,1.50,1.20
2008.11.12 13:20:19.003,1.5198,1.5205,1.00,1.20
2008.11.12 13:20:19.302,1.5198,1.52055,1.50,1.20
2008.11.12 13:20:22.751,1.5198,1.5205,1.00,1.20
2008.11.12 13:20:23.051,1.51975,1.5205,1.50,1.20
2008.11.12 13:20:23.521,1.51965,1.5205,2.70,1.20
2008.11.12 13:20:24.041,1.51975,1.5205,1.50,1.20
2008.11.12 13:20:24.561,1.51965,1.52045,2.70,1.20
2008.11.12 13:20:24.841,1.51965,1.52045,1.50,1.20
2008.11.12 13:20:25.121,1.51965,1.5205,1.50,1.20
2008.11.12 13:20:26.081,1.5196,1.5205,1.50,3.30
2008.11.12 13:20:26.471,1.51975,1.52045,1.50,1.20
2008.11.12 13:20:26.990,1.51965,1.52045,1.80,1.20
2008.11.12 13:20:27.310,1.51975,1.52045,1.50,1.20
2008.11.12 13:20:27.770,1.51975,1.5204,1.50,1.60
2008.11.12 13:20:28.580,1.51985,1.5204,1.00,1.60
2008.11.12 13:20:28.980,1.51985,1.5205,1.50,1.60
2008.11.12 13:20:31.369,1.51995,1.5205,1.00,1.60
2008.11.12 13:20:32.029,1.51995,1.5206,1.50,1.60
2008.11.12 13:20:32.659,1.52,1.5206,1.50,1.20
2008.11.12 13:20:32.779,1.51995,1.5206,1.50,1.60
2008.11.12 13:20:35.208,1.51995,1.5206,1.50,2.80
2008.11.12 13:20:36.158,1.51995,1.52055,1.50,1.20
2008.11.12 13:20:36.379,1.51985,1.5205,2.70,1.60
2008.11.12 13:20:36.668,1.51985,1.5205,1.50,1.60
2008.11.12 13:20:36.898,1.51985,1.5205,1.50,2.80
2008.11.12 13:20:37.488,1.51985,1.5205,1.50,4.00
2008.11.12 13:20:39.877,1.52,1.5205,1.00,1.60
2008.11.12 13:20:40.307,1.52,1.52055,1.50,3.40
2008.11.12 13:20:40.767,1.52,1.52055,1.50,2.40
2008.11.12 13:20:41.167,1.5199,1.52055,2.70,1.20
2008.11.12 13:20:41.407,1.5199,1.52055,1.50,1.20
2008.11.12 13:20:42.087,1.51985,1.52045,2.70,1.20
2008.11.12 13:20:42.427,1.51985,1.52045,1.50,1.20
2008.11.12 13:20:42.877,1.51985,1.5204,1.50,1.20
2008.11.12 13:20:43.167,1.51975,1.52035,1.50,1.20
2008.11.12 13:20:43.456,1.5197,1.52035,1.50,2.80
2008.11.12 13:20:43.746,1.5197,1.52025,1.50,1.20
2008.11.12 13:20:44.166,1.5196,1.5202,1.50,1.60
2008.11.12 13:20:44.446,1.5195,1.5201,1.00,1.60
2008.11.12 13:20:44.786,1.5194,1.5201,2.70,2.80
2008.11.12 13:20:45.246,1.5194,1.5201,1.50,4.00
2008.11.12 13:20:45.646,1.5194,1.52,1.50,1.20
2008.11.12 13:20:46.886,1.5194,1.52005,1.50,2.40
2008.11.12 13:20:47.165,1.5193,1.52,2.70,1.60
2008.11.12 13:20:47.515,1.5193,1.52,1.50,2.80
2008.11.12 13:20:48.205,1.5193,1.52,1.50,1.60
2008.11.12 13:20:48.545,1.51945,1.52,1.00,1.60
2008.11.12 13:20:48.845,1.51945,1.52005,1.50,1.20
2008.11.12 13:20:49.145,1.5195,1.52005,1.00,1.20
2008.11.12 13:20:49.485,1.51955,1.52005,1.00,1.20
2008.11.12 13:20:49.865,1.51955,1.52015,1.50,1.20
2008.11.12 13:20:50.215,1.51955,1.5202,1.50,1.20
2008.11.12 13:20:51.035,1.5196,1.52025,1.50,2.80
2008.11.12 13:20:51.435,1.5197,1.52025,1.50,1.20
2008.11.12 13:20:51.944,1.51975,1.5203,1.00,1.20
2008.11.12 13:20:52.564,1.5197,1.5203,1.50,1.20
2008.11.12 13:20:52.844,1.51975,1.52035,1.50,1.20
2008.11.12 13:20:53.114,1.5198,1.5204,1.50,4.00
2008.11.12 13:20:53.394,1.5198,1.5204,1.50,2.20
2008.11.12 13:20:54.034,1.51985,1.5205,1.50,2.40
2008.11.12 13:20:54.604,1.51995,1.5205,1.50,1.20
2008.11.12 13:20:54.953,1.52,1.52055,1.50,1.20
2008.11.12 13:20:55.743,1.5198,1.5204,1.50,1.20
2008.11.12 13:20:56.394,1.5198,1.52035,1.50,1.20
2008.11.12 13:20:57.093,1.51995,1.52045,1.50,1.20
2008.11.12 13:20:58.023,1.51995,1.52045,1.00,1.20
2008.11.12 13:20:58.353,1.51995,1.5204,1.00,1.20
2008.11.12 13:20:58.683,1.5195,1.52045,1.20,1.60
2008.11.12 13:20:59.083,1.51975,1.5206,1.20,3.60
2008.11.12 13:20:59.413,1.51975,1.5207,1.20,1.20
2008.11.12 13:21:01.822,1.51965,1.5204,1.20,1.20
2008.11.12 13:21:02.002,1.5199,1.52045,1.50,1.20
2008.11.12 13:21:05.221,1.52,1.52045,1.50,1.20
2008.11.12 13:21:05.701,1.5199,1.52045,1.50,1.20
2008.11.12 13:21:06.061,1.5199,1.5205,2.70,1.20
2008.11.12 13:21:06.411,1.5199,1.5205,1.50,1.20
2008.11.12 13:21:07.301,1.51995,1.5205,1.00,1.20
2008.11.12 13:21:07.760,1.51995,1.52045,1.00,1.20
2008.11.12 13:21:08.111,1.51985,1.52045,1.50,1.20
2008.11.12 13:21:08.501,1.51995,1.5205,1.00,1.20
2008.11.12 13:21:09.021,1.5199,1.5202,1.20,1.20
2008.11.12 13:21:09.540,1.51935,1.52,1.20,2.10
2008.11.12 13:21:10.000,1.51915,1.52,8.10,1.20
2008.11.12 13:21:10.280,1.5192,1.52005,1.50,1.20
2008.11.12 13:21:10.850,1.5192,1.5201,1.50,3.30
2008.11.12 13:21:11.180,1.5193,1.5201,1.50,1.20
2008.11.12 13:21:12.110,1.5193,1.52015,1.50,3.30
2008.11.12 13:21:12.230,1.5192,1.52015,2.40,1.20
2008.11.12 13:21:12.590,1.5192,1.52015,1.20,1.20
2008.11.12 13:21:13.229,1.5193,1.52025,1.20,1.20
2008.11.12 13:21:13.849,1.51935,1.52025,1.50,3.30
2008.11.12 13:21:14.249,1.5194,1.5202,1.50,1.00
2008.11.12 13:21:14.609,1.5194,1.5203,1.50,4.50
2008.11.12 13:21:15.249,1.51945,1.52035,1.50,3.30
2008.11.12 13:21:15.959,1.51945,1.52025,1.50,1.20
2008.11.12 13:21:16.239,1.5194,1.52025,1.00,4.50
2008.11.12 13:21:16.698,1.5194,1.52025,1.50,1.20
2008.11.12 13:21:17.208,1.51935,1.5202,1.50,1.20
2008.11.12 13:21:17.718,1.5193,1.5201,1.20,3.90
2008.11.12 13:21:18.168,1.5192,1.5201,2.70,3.90
2008.11.12 13:21:18.578,1.51935,1.5201,1.00,2.70
2008.11.12 13:21:18.928,1.51935,1.5202,1.50,1.60
2008.11.12 13:21:21.178,1.5194,1.5202,1.00,1.60
2008.11.12 13:21:21.407,1.5194,1.52025,1.50,1.60
2008.11.12 13:21:22.047,1.51945,1.52025,1.20,3.30
2008.11.12 13:21:22.327,1.5195,1.52035,1.50,1.20
2008.11.12 13:21:22.747,1.5195,1.5204,2.70,7.50
2008.11.12 13:21:23.037,1.51945,1.52035,2.70,6.30
2008.11.12 13:21:23.367,1.51945,1.52035,1.50,6.30
2008.11.12 13:21:23.707,1.5196,1.5202,1.50,1.60
2008.11.12 13:21:25.306,1.5196,1.52015,1.50,1.20
2008.11.12 13:21:25.766,1.5195,1.52,1.00,1.60
2008.11.12 13:21:26.046,1.51935,1.5198,1.50,1.60
2008.11.12 13:21:26.396,1.5194,1.5198,1.00,1.60
2008.11.12 13:21:26.796,1.5194,1.5198,1.50,1.60
2008.11.12 13:21:27.256,1.5194,1.52015,1.50,1.20
2008.11.12 13:21:27.656,1.51985,1.5203,1.00,2.10
2008.11.12 13:21:28.066,1.51975,1.52035,1.50,1.60
2008.11.12 13:21:28.356,1.5197,1.52035,1.50,2.80
2008.11.12 13:21:28.706,1.51965,1.5201,1.20,2.10
2008.11.12 13:21:29.065,1.5193,1.52015,1.50,3.90
2008.11.12 13:21:29.896,1.51935,1.5202,1.50,2.80
2008.11.12 13:21:30.285,1.51945,1.52005,1.50,1.60
2008.11.12 13:21:31.565,1.5196,1.51995,1.00,1.60
2008.11.12 13:21:32.035,1.5197,1.5201,1.50,1.00
2008.11.12 13:21:32.315,1.5197,1.5201,1.00,2.70
2008.11.12 13:21:32.694,1.51975,1.5201,1.50,1.00
2008.11.12 13:21:32.985,1.5198,1.5203,1.50,1.20
2008.11.12 13:21:33.345,1.51985,1.52035,1.50,2.20
2008.11.12 13:21:33.634,1.5196,1.5201,1.00,1.20
2008.11.12 13:21:33.944,1.51955,1.5201,2.10,1.20
2008.11.12 13:21:34.274,1.5195,1.52,1.50,1.60
2008.11.12 13:21:35.394,1.5195,1.52,1.50,2.80
2008.11.12 13:21:36.374,1.5195,1.52,1.50,1.60
2008.11.12 13:21:38.583,1.51955,1.52005,1.50,1.60
2008.11.12 13:21:39.293,1.51955,1.52005,1.50,2.80
2008.11.12 13:21:39.573,1.5195,1.51995,1.50,1.60
2008.11.12 13:21:40.303,1.51935,1.5198,1.50,1.60
2008.11.12 13:21:40.663,1.5195,1.51975,1.00,1.60
2008.11.12 13:21:41.253,1.5193,1.51975,1.50,1.60
2008.11.12 13:21:41.662,1.51935,1.51975,1.50,1.60
2008.11.12 13:21:42.003,1.5194,1.5199,1.50,1.60
2008.11.12 13:21:42.352,1.5195,1.5199,1.00,1.60
2008.11.12 13:21:42.752,1.5194,1.5199,1.50,1.60
2008.11.12 13:21:45.311,1.5194,1.51965,1.20,1.60
2008.11.12 13:21:45.721,1.5193,1.5198,1.00,2.10
2008.11.12 13:21:46.071,1.5193,1.5199,1.50,2.40
2008.11.12 13:21:46.301,1.5193,1.5199,1.50,1.20
2008.11.12 13:21:46.881,1.5193,1.5199,1.00,1.20
2008.11.12 13:21:47.111,1.51925,1.51985,1.50,4.00
2008.11.12 13:21:48.311,1.51925,1.5198,1.50,1.20
2008.11.12 13:21:49.070,1.51925,1.51985,1.00,5.10
2008.11.12 13:21:49.481,1.51915,1.5198,2.70,2.80
2008.11.12 13:21:50.001,1.51925,1.51975,1.50,1.20
2008.11.12 13:21:50.470,1.51915,1.51975,1.50,1.20
2008.11.12 13:21:51.770,1.5193,1.51985,1.00,1.20
2008.11.12 13:21:52.180,1.51935,1.5199,1.50,1.20
2008.11.12 13:21:52.470,1.51955,1.52,1.50,1.20
2008.11.12 13:21:53.050,1.51955,1.52,1.00,1.20
2008.11.12 13:21:53.730,1.51935,1.51995,1.50,1.60
2008.11.12 13:21:54.140,1.519,1.51965,1.90,1.60
2008.11.12 13:21:54.489,1.51895,1.5198,1.00,2.10
2008.11.12 13:21:54.789,1.5189,1.5198,1.50,6.30
2008.11.12 13:21:55.239,1.5189,1.51965,1.50,1.60
2008.11.12 13:21:55.699,1.51875,1.51965,2.70,3.90
2008.11.12 13:21:56.449,1.51875,1.51965,1.50,5.10
2008.11.12 13:21:56.749,1.51885,1.51965,1.50,2.40
2008.11.12 13:21:57.149,1.51875,1.51965,1.50,5.10
2008.11.12 13:21:57.928,1.51875,1.5196,1.50,1.20
2008.11.12 13:21:58.688,1.5187,1.5196,1.50,3.30
2008.11.12 13:21:59.388,1.5187,1.51955,1.80,2.80
2008.11.12 13:22:00.288,1.51865,1.51955,1.50,6.30
2008.11.12 13:22:00.458,1.51865,1.5195,1.50,1.60
2008.11.12 13:22:00.988,1.51865,1.5195,1.00,4.00
2008.11.12 13:22:01.318,1.5186,1.5195,1.50,6.30
2008.11.12 13:22:02.067,1.5187,1.51955,1.50,1.20
2008.11.12 13:22:02.357,1.5186,1.5195,1.50,6.30
2008.11.12 13:22:03.277,1.51855,1.5195,1.20,2.80
2008.11.12 13:22:03.447,1.51855,1.51935,2.40,1.20
2008.11.12 13:22:03.967,1.51865,1.5193,1.50,1.60
2008.11.12 13:22:04.767,1.51875,1.51935,1.50,1.60
2008.11.12 13:22:05.057,1.5188,1.51945,1.50,1.60
2008.11.12 13:22:05.357,1.51885,1.5195,1.50,1.60
2008.11.12 13:22:05.837,1.51895,1.5195,1.50,1.60
2008.11.12 13:22:06.356,1.51895,1.5196,1.50,1.60
2008.11.12 13:22:06.827,1.51905,1.51965,1.50,2.80
2008.11.12 13:22:07.246,1.519,1.5196,1.20,1.60
2008.11.12 13:22:07.707,1.5189,1.5196,1.50,1.60
2008.11.12 13:22:08.456,1.51895,1.51955,1.00,1.20
2008.11.12 13:22:08.896,1.51905,1.51955,1.50,1.20
2008.11.12 13:22:09.176,1.51905,1.51965,1.50,2.80
2008.11.12 13:22:09.805,1.51905,1.5196,1.00,2.80
2008.11.12 13:22:10.085,1.51895,1.5196,1.50,3.90
2008.11.12 13:22:10.435,1.51895,1.5196,1.50,1.60
2008.11.12 13:22:12.805,1.5191,1.5196,1.50,1.60
2008.11.12 13:22:13.035,1.5191,1.5197,1.50,2.80
2008.11.12 13:22:13.275,1.5191,1.51965,1.50,1.20
2008.11.12 13:22:13.784,1.5191,1.5197,1.50,2.80
2008.11.12 13:22:14.924,1.5191,1.5197,1.50,1.60
2008.11.12 13:22:15.264,1.5191,1.5197,1.50,2.80
2008.11.12 13:22:15.554,1.5191,1.51965,1.50,1.20
2008.11.12 13:22:15.914,1.51915,1.51965,1.00,1.20
2008.11.12 13:22:16.364,1.51915,1.5197,1.50,1.20
2008.11.12 13:22:16.774,1.51915,1.51975,1.50,1.20
2008.11.12 13:22:17.004,1.5192,1.5198,1.00,1.20
2008.11.12 13:22:17.284,1.5192,1.5198,1.50,1.20
2008.11.12 13:22:17.684,1.5192,1.51985,1.50,4.00
2008.11.12 13:22:18.154,1.5192,1.51985,1.50,2.80
2008.11.12 13:22:19.583,1.5192,1.51985,1.50,4.00
2008.11.12 13:22:20.463,1.5193,1.51985,1.00,4.00
2008.11.12 13:22:20.803,1.5193,1.5198,1.50,1.20
2008.11.12 13:22:21.743,1.5193,1.5198,1.00,1.20
2008.11.12 13:22:21.983,1.51925,1.5198,1.50,1.20
2008.11.12 13:22:24.782,1.5193,1.5198,1.00,1.20
2008.11.12 13:22:25.052,1.51925,1.5198,1.80,1.20
2008.11.12 13:22:25.342,1.5192,1.5198,2.70,1.20
2008.11.12 13:22:25.642,1.5192,1.5198,1.50,1.20
2008.11.12 13:22:26.821,1.5192,1.5198,1.00,4.00
2008.11.12 13:22:27.181,1.51915,1.51965,2.70,1.20
2008.11.12 13:22:27.422,1.51915,1.51965,1.50,1.20
2008.11.12 13:22:27.721,1.51915,1.51965,1.00,1.20
2008.11.12 13:22:27.772,1.5191,1.51965,1.50,1.20
2008.11.12 13:22:28.641,1.51915,1.51965,1.00,1.20
2008.11.12 13:22:28.991,1.51915,1.51965,1.50,1.20
2008.11.12 13:22:30.141,1.51915,1.51965,1.50,2.40
2008.11.12 13:22:30.381,1.51915,1.5196,1.80,1.20
2008.11.12 13:22:30.861,1.5191,1.51955,1.50,1.20
2008.11.12 13:22:31.211,1.51905,1.51955,1.50,1.20
2008.11.12 13:22:31.840,1.519,1.51955,1.20,1.20
2008.11.12 13:22:32.130,1.5187,1.51955,1.50,1.20
2008.11.12 13:22:32.880,1.5187,1.51955,1.50,2.40
2008.11.12 13:22:33.110,1.5187,1.5194,1.50,1.00
2008.11.12 13:22:34.659,1.5187,1.5193,1.50,1.20
2008.11.12 13:22:35.010,1.51865,1.5193,1.50,1.20
2008.11.12 13:22:35.249,1.51865,1.51915,1.80,1.60
2008.11.12 13:22:35.479,1.51855,1.51915,1.50,1.60
2008.11.12 13:22:35.869,1.51865,1.5193,1.50,1.60
2008.11.12 13:22:36.739,1.5187,1.51935,1.50,1.60
2008.11.12 13:22:37.139,1.5188,1.5194,1.50,1.60
2008.11.12 13:22:37.429,1.51875,1.5194,1.50,2.80
2008.11.12 13:22:37.599,1.51875,1.51935,1.50,1.20
2008.11.12 13:22:38.179,1.5187,1.51935,1.50,2.80
2008.11.12 13:22:38.619,1.51865,1.5193,1.50,4.00
2008.11.12 13:22:38.789,1.51875,1.5193,1.50,2.20
2008.11.12 13:22:38.969,1.51875,1.51925,1.50,1.20
2008.11.12 13:22:39.139,1.51865,1.51925,1.50,1.20
2008.11.12 13:22:39.948,1.51865,1.5193,1.50,4.00
2008.11.12 13:22:40.238,1.5187,1.5193,1.00,4.00
2008.11.12 13:22:40.678,1.5187,1.51935,1.50,4.00
2008.11.12 13:22:41.538,1.5187,1.51935,1.50,2.80
2008.11.12 13:22:42.707,1.5187,1.51925,1.50,1.00
2008.11.12 13:22:43.797,1.5187,1.51925,1.00,1.00
2008.11.12 13:22:43.857,1.51865,1.5193,1.50,4.00
2008.11.12 13:22:44.208,1.51865,1.51925,1.50,1.20
2008.11.12 13:22:47.147,1.51865,1.5192,1.50,1.20
2008.11.12 13:22:47.657,1.51875,1.5193,1.00,5.20
2008.11.12 13:22:48.006,1.51865,1.5193,1.50,4.00
2008.11.12 13:22:48.126,1.51865,1.51925,1.50,1.20
2008.11.12 13:22:48.756,1.51865,1.51925,1.50,2.40
2008.11.12 13:22:49.096,1.5186,1.5192,1.50,2.80
2008.11.12 13:22:49.336,1.5187,1.51925,1.50,1.20
2008.11.12 13:22:49.856,1.5187,1.5193,1.50,1.20
2008.11.12 13:22:52.145,1.5187,1.5193,1.50,2.20
2008.11.12 13:22:56.104,1.5187,1.51925,1.50,1.00
2008.11.12 13:22:57.354,1.51875,1.51935,1.50,1.20
2008.11.12 13:22:57.584,1.51875,1.51945,1.50,4.00
2008.11.12 13:22:57.934,1.5188,1.51945,1.80,2.80
2008.11.12 13:22:58.464,1.51875,1.5194,1.50,1.20
2008.11.12 13:22:59.254,1.51875,1.5194,1.80,1.20
2008.11.12 13:22:59.604,1.5187,1.5194,2.70,2.80
2008.11.12 13:22:59.903,1.51875,1.5194,1.50,1.20
2008.11.12 13:23:00.333,1.5187,1.51935,1.50,1.20
2008.11.12 13:23:00.733,1.51875,1.5194,1.50,2.40
2008.11.12 13:23:01.033,1.51875,1.5194,1.50,1.20
2008.11.12 13:23:01.913,1.51885,1.5194,1.00,1.20
2008.11.12 13:23:02.243,1.5189,1.5194,1.00,1.00
2008.11.12 13:23:02.603,1.5189,1.51955,1.50,1.20
2008.11.12 13:23:02.893,1.5185,1.5193,1.20,2.10
2008.11.12 13:23:03.413,1.5183,1.51915,1.20,3.30
2008.11.12 13:23:05.222,1.51825,1.51915,2.70,3.30
2008.11.12 13:23:09.931,1.51825,1.51915,1.50,3.30
2008.11.12 13:23:10.401,1.5183,1.5192,1.50,4.50
2008.11.12 13:23:10.701,1.5183,1.51905,1.00,1.20
2008.11.12 13:23:11.041,1.5185,1.51915,1.50,1.20
2008.11.12 13:23:11.561,1.51845,1.51905,2.70,1.20
2008.11.12 13:23:12.151,1.51845,1.51905,1.50,1.20
2008.11.12 13:23:15.070,1.51845,1.519,1.50,1.20
2008.11.12 13:23:15.540,1.51845,1.51905,2.10,1.20
2008.11.12 13:23:15.940,1.51845,1.5191,1.50,2.10
2008.11.12 13:23:16.730,1.51845,1.5191,1.50,1.00
2008.11.12 13:23:17.080,1.51845,1.51905,1.50,1.20
2008.11.12 13:23:17.529,1.5186,1.5189,1.00,1.20
2008.11.12 13:23:17.869,1.51835,1.5189,1.50,1.20
2008.11.12 13:23:18.849,1.51835,1.5188,1.00,1.20
2008.11.12 13:23:19.079,1.51805,1.5188,1.50,2.40
2008.11.12 13:23:19.559,1.51805,1.5188,1.20,3.30
2008.11.12 13:23:19.849,1.518,1.51885,1.50,2.20
2008.11.12 13:23:20.239,1.51795,1.5188,1.50,2.10
2008.11.12 13:23:20.748,1.51825,1.5188,1.00,1.00
2008.11.12 13:23:21.028,1.51825,1.51915,1.50,4.50
2008.11.12 13:23:21.488,1.51825,1.51915,1.50,3.30
2008.11.12 13:23:21.958,1.5184,1.5191,1.20,1.00
2008.11.12 13:23:22.248,1.5184,1.5194,1.20,1.20
2008.11.12 13:23:22.718,1.5185,1.5195,1.20,1.20
2008.11.12 13:23:23.938,1.51855,1.51955,1.20,1.20
2008.11.12 13:23:24.238,1.5186,1.51955,1.20,1.20
2008.11.12 13:23:27.927,1.5186,1.5196,1.20,1.20
2008.11.12 13:23:28.266,1.5188,1.5196,1.20,1.20
2008.11.12 13:23:28.447,1.5188,1.5198,1.20,3.10
2008.11.12 13:23:29.557,1.5187,1.5197,1.20,1.20
2008.11.12 13:23:29.896,1.5186,1.5196,1.20,1.20
2008.11.12 13:23:33.985,1.51865,1.51965,1.20,1.20
2008.11.12 13:23:34.335,1.51855,1.51955,1.20,1.20
2008.11.12 13:23:35.185,1.5186,1.5196,1.20,1.20
2008.11.12 13:23:36.984,1.5188,1.5196,1.00,1.20
2008.11.12 13:23:37.224,1.5188,1.51965,2.10,1.20
2008.11.12 13:23:37.335,1.5188,1.51965,1.50,1.20
2008.11.12 13:23:40.024,1.5188,1.5197,1.50,3.30
2008.11.12 13:23:41.764,1.51875,1.51965,3.90,3.30
2008.11.12 13:23:41.933,1.51875,1.51965,1.50,4.50
2008.11.12 13:23:42.523,1.51875,1.51965,1.50,6.30
2008.11.12 13:23:42.763,1.5187,1.51955,1.50,2.10
2008.11.12 13:23:43.103,1.51875,1.51955,1.00,2.10
2008.11.12 13:23:43.573,1.5189,1.5196,1.50,4.00
2008.11.12 13:23:46.132,1.5189,1.51955,1.50,1.20
2008.11.12 13:23:46.413,1.5189,1.5196,1.50,5.10
2008.11.12 13:23:46.652,1.5188,1.5196,2.70,2.80
2008.11.12 13:23:46.932,1.51885,1.51975,1.50,4.50
2008.11.12 13:23:47.233,1.5188,1.5197,1.50,2.10
2008.11.12 13:23:47.582,1.51885,1.5197,1.00,1.20
2008.11.12 13:23:47.932,1.5188,1.5197,1.50,4.50
2008.11.12 13:23:48.232,1.51875,1.5196,2.70,2.10
2008.11.12 13:23:48.452,1.51875,1.5196,1.50,2.10
2008.11.12 13:23:49.052,1.51875,1.5195,1.00,1.20
2008.11.12 13:23:49.352,1.5187,1.51955,1.50,2.10
2008.11.12 13:23:49.732,1.5187,1.5195,1.00,2.10
2008.11.12 13:23:50.142,1.51865,1.5195,1.20,2.10
2008.11.12 13:23:50.361,1.5186,1.5195,3.90,2.10
2008.11.12 13:23:51.001,1.51875,1.5195,1.00,2.70
2008.11.12 13:23:51.461,1.51875,1.5195,1.50,1.60
2008.11.12 13:23:52.041,1.5187,1.51945,1.20,3.90
2008.11.12 13:23:52.321,1.5185,1.51935,1.80,1.20
2008.11.12 13:23:52.621,1.5185,1.5193,1.20,1.20
2008.11.12 13:23:52.901,1.51845,1.51925,1.20,2.10
2008.11.12 13:23:53.131,1.51835,1.51925,2.70,2.10
2008.11.12 13:23:53.470,1.51835,1.51915,1.80,1.20
2008.11.12 13:23:53.830,1.5183,1.51905,1.20,2.10
2008.11.12 13:23:54.231,1.51825,1.51915,1.50,3.30
2008.11.12 13:23:54.930,1.51815,1.519,1.20,2.10
2008.11.12 13:23:55.940,1.51805,1.5189,1.20,3.30
2008.11.12 13:23:56.700,1.51845,1.5189,1.00,2.10
2008.11.12 13:23:57.060,1.51855,1.5191,1.50,2.20
2008.11.12 13:23:57.410,1.51855,1.5191,1.50,1.20
2008.11.12 13:23:57.880,1.5187,1.5192,1.00,2.40
2008.11.12 13:23:58.169,1.5185,1.51905,1.20,1.60
2008.11.12 13:23:58.500,1.51835,1.519,1.50,1.20
2008.11.12 13:23:58.839,1.51855,1.51915,1.50,2.10
2008.11.12 13:23:59.059,1.5185,1.51905,1.50,1.60
2008.11.12 13:23:59.439,1.51845,1.5192,1.50,2.20
2008.11.12 13:23:59.779,1.5185,1.5192,1.50,1.00
2008.11.12 13:24:00.179,1.5185,1.5192,1.80,1.00
2008.11.12 13:24:00.529,1.51845,1.5192,1.20,1.00
2008.11.12 13:24:04.748,1.5185,1.5192,1.20,1.00
2008.11.12 13:24:06.148,1.51875,1.5192,1.50,1.00
2008.11.12 13:24:07.687,1.5188,1.5192,1.00,1.00
2008.11.12 13:24:08.388,1.5192,1.5198,1.50,1.80
2008.11.12 13:24:08.737,1.5187,1.5192,2.70,1.00
2008.11.12 13:24:09.317,1.51875,1.5192,1.50,1.00
2008.11.12 13:24:11.166,1.5187,1.5192,2.70,1.00
2008.11.12 13:24:11.566,1.51865,1.5192,1.50,1.00
2008.11.12 13:24:11.746,1.51865,1.5192,1.00,1.00
2008.11.12 13:24:11.976,1.5186,1.5192,1.50,1.00
2008.11.12 13:24:13.806,1.5186,1.5192,1.00,2.20
2008.11.12 13:24:14.376,1.51845,1.5192,1.50,2.20
2008.11.12 13:24:14.726,1.5185,1.5192,1.00,2.20
2008.11.12 13:24:14.955,1.5186,1.5192,1.00,2.20
2008.11.12 13:24:15.365,1.5186,1.5192,1.50,1.00
2008.11.12 13:24:15.755,1.5185,1.5192,1.50,2.20
2008.11.12 13:24:16.055,1.5185,1.5192,1.50,1.80
2008.11.12 13:24:16.655,1.5185,1.5192,1.50,1.00
2008.11.12 13:24:18.935,1.5185,1.5192,1.50,1.80
2008.11.12 13:24:19.234,1.5185,1.5192,1.50,3.40
2008.11.12 13:24:19.514,1.5185,1.5192,1.50,1.00
2008.11.12 13:24:20.144,1.51845,1.5192,1.50,2.20
2008.11.12 13:24:22.164,1.51865,1.5192,1.50,1.00
2008.11.12 13:24:23.034,1.51865,1.5192,1.00,1.00
2008.11.12 13:24:23.433,1.5185,1.5192,1.50,1.00
2008.11.12 13:24:24.353,1.51855,1.5192,1.00,1.00
2008.11.12 13:24:24.713,1.51855,1.5192,1.50,1.00
2008.11.12 13:24:24.933,1.51855,1.51915,1.50,1.00
2008.11.12 13:24:26.413,1.51855,1.51915,1.00,1.00
2008.11.12 13:24:26.693,1.5184,1.5191,1.50,1.60
2008.11.12 13:24:27.443,1.5184,1.5191,1.50,2.80
2008.11.12 13:24:27.683,1.51835,1.51905,1.50,2.80
2008.11.12 13:24:28.392,1.51835,1.519,1.50,1.20
2008.11.12 13:24:29.482,1.51835,1.51905,1.50,2.80
2008.11.12 13:24:29.842,1.5183,1.519,1.50,1.60
2008.11.12 13:24:30.192,1.5183,1.519,1.50,2.80
2008.11.12 13:24:30.902,1.51825,1.51895,1.50,1.60
2008.11.12 13:24:31.232,1.51825,1.51895,1.50,2.80
2008.11.12 13:24:32.141,1.51825,1.5189,1.50,1.20
2008.11.12 13:24:32.531,1.51815,1.5189,1.50,1.60
2008.11.12 13:24:32.751,1.51815,1.5189,1.50,2.80
2008.11.12 13:24:33.681,1.51815,1.5189,1.50,1.60
2008.11.12 13:24:33.911,1.51815,1.519,1.50,2.10
2008.11.12 13:24:34.081,1.51815,1.519,1.50,2.40
2008.11.12 13:24:34.421,1.51815,1.5186,1.20,2.10
2008.11.12 13:24:34.881,1.5179,1.5185,2.40,1.20
2008.11.12 13:24:35.121,1.51765,1.5185,1.20,1.00
2008.11.12 13:24:35.451,1.51765,1.51865,1.20,1.20
2008.11.12 13:24:36.840,1.51775,1.5187,1.20,1.20
2008.11.12 13:24:37.070,1.51765,1.51865,1.20,1.20
2008.11.12 13:24:37.600,1.51775,1.5187,1.20,1.20
2008.11.12 13:24:38.820,1.51765,1.51865,1.20,1.20
2008.11.12 13:24:41.079,1.5177,1.5187,1.20,1.20
2008.11.12 13:24:47.677,1.51775,1.5187,1.20,1.20
2008.11.12 13:24:50.497,1.51775,1.51875,1.20,1.20
2008.11.12 13:24:51.367,1.51775,1.5187,1.20,1.20
2008.11.12 13:24:51.707,1.5182,1.5187,1.00,2.10
2008.11.12 13:24:52.227,1.51825,1.5188,1.00,1.20
2008.11.12 13:24:52.396,1.51825,1.51875,1.20,1.20
2008.11.12 13:24:52.916,1.5182,1.51875,1.00,1.20
2008.11.12 13:24:53.216,1.51815,1.51875,1.50,1.20
2008.11.12 13:24:53.976,1.5181,1.5186,1.20,1.20
2008.11.12 13:24:54.256,1.5179,1.51865,1.00,2.20
2008.11.12 13:24:54.706,1.5178,1.5186,1.50,2.80
2008.11.12 13:24:55.296,1.51775,1.51855,1.50,4.00
2008.11.12 13:24:55.686,1.51775,1.51845,1.50,1.60
2008.11.12 13:24:56.016,1.51775,1.5183,1.20,1.60
2008.11.12 13:24:56.465,1.5178,1.51845,1.50,1.20
2008.11.12 13:24:56.965,1.5178,1.51835,1.50,1.60
2008.11.12 13:24:57.615,1.5178,1.51835,1.80,1.60
2008.11.12 13:24:57.845,1.51775,1.5183,2.70,1.60
2008.11.12 13:24:58.126,1.51775,1.5183,1.50,1.60
2008.11.12 13:24:58.655,1.5178,1.51835,1.50,1.60
2008.11.12 13:24:59.005,1.5178,1.51835,1.80,1.60
2008.11.12 13:24:59.465,1.5179,1.5184,1.00,2.80
2008.11.12 13:24:59.815,1.51765,1.51835,1.50,1.60
2008.11.12 13:25:00.284,1.5177,1.5184,1.50,2.80
2008.11.12 13:25:00.624,1.51775,1.51845,1.50,1.20
2008.11.12 13:25:00.954,1.51775,1.5185,1.50,4.00
2008.11.12 13:25:01.415,1.51785,1.5185,1.00,2.40
2008.11.12 13:25:01.814,1.51785,1.5185,1.50,1.20
2008.11.12 13:25:02.144,1.5179,1.5185,1.50,1.20
2008.11.12 13:25:04.094,1.51785,1.5185,1.50,1.20
2008.11.12 13:25:04.563,1.51785,1.5185,1.50,2.40
2008.11.12 13:25:05.083,1.51775,1.51845,2.70,1.20
2008.11.12 13:25:05.583,1.51775,1.51835,1.80,1.60
2008.11.12 13:25:05.933,1.5177,1.51835,1.50,1.60
2008.11.12 13:25:06.333,1.5177,1.51835,1.50,2.80
2008.11.12 13:25:06.613,1.5177,1.5183,1.80,2.80
2008.11.12 13:25:06.903,1.51765,1.5183,1.50,4.00
2008.11.12 13:25:07.023,1.51775,1.5183,1.00,4.00
2008.11.12 13:25:07.553,1.5177,1.51825,1.00,1.00
2008.11.12 13:25:08.063,1.5177,1.5183,1.50,1.20
2008.11.12 13:25:08.512,1.51775,1.51835,1.50,4.00
2008.11.12 13:25:08.793,1.51775,1.51835,1.50,2.20
2008.11.12 13:25:09.212,1.5177,1.51835,1.50,2.80
2008.11.12 13:25:09.662,1.5177,1.51825,1.50,1.00
2008.11.12 13:25:10.302,1.51765,1.5182,1.50,1.00
2008.11.12 13:25:11.722,1.51765,1.5183,1.50,2.80
2008.11.12 13:25:12.631,1.51765,1.5182,1.50,1.00
2008.11.12 13:25:13.901,1.5176,1.5182,1.20,1.20
2008.11.12 13:25:14.241,1.51765,1.51825,1.50,1.20
2008.11.12 13:25:14.461,1.5176,1.51825,1.50,2.80
2008.11.12 13:25:14.881,1.5176,1.51815,1.50,1.00
2008.11.12 13:25:15.451,1.5176,1.5182,1.50,2.20
2008.11.12 13:25:15.841,1.5175,1.51805,1.50,1.00
2008.11.12 13:25:16.430,1.5175,1.51825,1.50,2.80
2008.11.12 13:25:16.731,1.5175,1.51815,1.80,2.80
2008.11.12 13:25:17.210,1.51745,1.51815,1.50,2.80
2008.11.12 13:25:17.550,1.5175,1.51815,1.50,2.80
2008.11.12 13:25:18.981,1.51765,1.51815,1.00,2.80
2008.11.12 13:25:19.210,1.51765,1.5182,1.00,2.20
2008.11.12 13:25:19.550,1.51765,1.51825,1.00,1.20
2008.11.12 13:25:19.940,1.51765,1.51825,1.50,1.20
2008.11.12 13:25:20.350,1.5178,1.51835,1.50,1.20
2008.11.12 13:25:20.689,1.5178,1.5184,1.50,2.80
2008.11.12 13:25:21.559,1.5178,1.5184,1.50,4.00
2008.11.12 13:25:22.499,1.5177,1.51835,2.10,1.20
2008.11.12 13:25:22.959,1.5176,1.51835,2.70,2.80
2008.11.12 13:25:23.499,1.51765,1.51835,1.50,2.80
2008.11.12 13:25:23.609,1.51765,1.5183,1.50,1.60
2008.11.12 13:25:23.729,1.51765,1.51835,1.50,2.80
2008.11.12 13:25:24.249,1.51765,1.51835,1.50,1.60
2008.11.12 13:25:24.659,1.51765,1.5184,1.50,5.10
2008.11.12 13:25:25.009,1.51765,1.5183,2.10,1.00
2008.11.12 13:25:25.478,1.5176,1.5183,1.50,1.20
2008.11.12 13:25:25.879,1.51785,1.5184,1.50,1.20
2008.11.12 13:25:26.208,1.5178,1.5184,1.50,2.20
2008.11.12 13:25:27.248,1.51785,1.51835,1.00,1.00
2008.11.12 13:25:27.718,1.51785,1.51845,2.10,2.20
2008.11.12 13:25:28.068,1.5178,1.51845,1.50,2.20
2008.11.12 13:25:28.468,1.5178,1.5184,1.50,1.00
2008.11.12 13:25:28.758,1.5179,1.5184,1.00,1.00
2008.11.12 13:25:29.038,1.5179,1.51855,1.50,2.20
2008.11.12 13:25:29.748,1.5179,1.51855,1.50,1.60
2008.11.12 13:25:30.087,1.518,1.5186,1.00,4.00
2008.11.12 13:25:30.317,1.518,1.5186,1.50,2.80
2008.11.12 13:25:30.667,1.518,1.5186,1.00,2.80
2008.11.12 13:25:31.067,1.51785,1.5185,1.50,1.20
2008.11.12 13:25:32.327,1.5179,1.51855,2.10,1.60
2008.11.12 13:25:32.607,1.51825,1.5187,1.00,2.80
2008.11.12 13:25:32.937,1.51825,1.5188,1.00,2.10
2008.11.12 13:25:33.397,1.518,1.5187,1.50,2.80
2008.11.12 13:25:34.677,1.518,1.5187,1.00,2.80
2008.11.12 13:25:35.026,1.5179,1.5186,1.80,1.60
2008.11.12 13:25:35.376,1.5179,1.5186,1.50,1.60
2008.11.12 13:25:35.916,1.518,1.51865,1.00,1.20
2008.11.12 13:25:36.246,1.5179,1.5186,1.50,2.80
2008.11.12 13:25:36.536,1.51805,1.51855,1.50,1.00
2008.11.12 13:25:37.865,1.5181,1.51855,1.00,1.00
2008.11.12 13:25:38.095,1.5181,1.5187,1.00,2.80
2008.11.12 13:25:38.366,1.51815,1.5187,1.00,2.80
2008.11.12 13:25:38.645,1.5181,1.5186,1.80,2.80
2008.11.12 13:25:38.875,1.51815,1.5187,1.00,1.20
2008.11.12 13:25:39.235,1.51815,1.5187,1.50,2.20
2008.11.12 13:25:39.525,1.5181,1.5187,2.70,2.20
2008.11.12 13:25:39.985,1.5181,1.5187,1.00,2.20
2008.11.12 13:25:40.385,1.5181,1.5187,1.50,2.80
2008.11.12 13:25:40.805,1.51805,1.51865,1.50,1.60
2008.11.12 13:25:41.324,1.51805,1.51865,1.50,4.00
2008.11.12 13:25:41.715,1.5181,1.5186,1.50,1.00
2008.11.12 13:25:42.004,1.5181,1.5187,1.50,2.80
2008.11.12 13:25:42.705,1.5181,1.5187,1.50,4.00
2008.11.12 13:25:43.404,1.5183,1.5187,1.00,2.80
2008.11.12 13:25:43.514,1.5183,1.51865,1.50,1.00
2008.11.12 13:25:43.574,1.5183,1.51865,1.00,1.00
2008.11.12 13:25:43.634,1.51825,1.51885,1.20,1.00
2008.11.12 13:25:43.874,1.51825,1.5188,1.20,1.60
2008.11.12 13:25:44.044,1.5181,1.5188,1.50,1.20
2008.11.12 13:25:45.554,1.51825,1.51885,1.50,1.00
2008.11.12 13:25:45.893,1.51825,1.5188,1.50,1.00
2008.11.12 13:25:46.713,1.51825,1.5188,1.00,1.00
2008.11.12 13:25:47.053,1.51815,1.5188,2.70,1.00
2008.11.12 13:25:47.403,1.51815,1.5187,2.70,1.00
2008.11.12 13:25:47.623,1.51825,1.5187,1.50,1.00
2008.11.12 13:25:48.083,1.51825,1.51895,1.50,1.20
2008.11.12 13:25:48.373,1.51825,1.5189,1.50,1.80
2008.11.12 13:25:48.603,1.51825,1.5189,1.50,1.20
2008.11.12 13:25:48.903,1.51825,1.5188,1.50,1.00
2008.11.12 13:25:50.053,1.5184,1.5188,1.00,1.00
2008.11.12 13:25:50.333,1.5184,1.519,1.50,1.20
2008.11.12 13:25:50.872,1.5185,1.519,1.80,1.20
2008.11.12 13:25:51.222,1.5185,1.519,1.00,1.20
2008.11.12 13:25:51.792,1.5185,1.519,1.80,1.20
2008.11.12 13:25:52.212,1.5187,1.519,1.20,1.20
2008.11.12 13:25:52.502,1.5188,1.519,1.00,1.20
2008.11.12 13:25:52.792,1.5187,1.519,1.20,1.20
2008.11.12 13:25:53.192,1.5188,1.519,1.20,1.20
2008.11.12 13:25:53.772,1.51885,1.519,1.20,1.20
2008.11.12 13:25:54.681,1.5189,1.519,1.20,1.20
2008.11.12 13:25:55.501,1.51865,1.519,3.60,1.20
2008.11.12 13:25:55.841,1.51865,1.519,2.40,1.20
2008.11.12 13:25:57.571,1.51855,1.519,1.20,1.20
2008.11.12 13:26:00.460,1.51865,1.519,1.20,1.20
2008.11.12 13:26:00.850,1.51855,1.519,2.40,1.20
2008.11.12 13:26:01.540,1.51855,1.519,1.20,1.20
2008.11.12 13:26:06.918,1.5184,1.519,1.20,1.20
2008.11.12 13:26:07.218,1.51835,1.519,1.20,1.20
2008.11.12 13:26:07.568,1.5184,1.519,1.20,1.20
2008.11.12 13:26:07.838,1.51845,1.519,1.20,1.20
2008.11.12 13:26:08.058,1.5184,1.519,2.40,1.20
2008.11.12 13:26:08.778,1.51835,1.519,1.20,1.20
2008.11.12 13:26:09.528,1.5183,1.519,1.20,1.20
2008.11.12 13:26:09.808,1.5183,1.5189,1.20,1.60
2008.11.12 13:26:10.158,1.5182,1.5189,1.20,1.60
2008.11.12 13:26:10.568,1.51815,1.5186,1.20,1.60
2008.11.12 13:26:10.917,1.51795,1.51855,1.20,1.60
2008.11.12 13:26:11.468,1.5179,1.51845,1.20,1.60
2008.11.12 13:26:11.828,1.5178,1.5186,1.20,1.60
2008.11.12 13:26:12.337,1.5184,1.5186,1.20,1.60
2008.11.12 13:26:12.787,1.51845,1.5186,5.10,1.20
2008.11.12 13:26:13.117,1.52005,1.52145,2.50,2.80
2008.11.12 13:26:13.457,1.52005,1.52145,2.50,2.80
2008.11.12 13:26:13.867,1.51975,1.52135,1.20,2.00
2008.11.12 13:26:14.436,1.5194,1.52115,1.20,2.00
2008.11.12 13:26:14.856,1.5188,1.51905,4.80,1.20
2008.11.12 13:26:15.206,1.5187,1.51905,2.40,1.20
2008.11.12 13:26:15.556,1.51845,1.519,1.20,1.20
2008.11.12 13:26:15.896,1.5185,1.519,1.20,1.20
2008.11.12 13:26:16.256,1.5187,1.52025,1.20,1.20
2008.11.12 13:26:16.736,1.5187,1.52025,1.20,2.20
2008.11.12 13:26:17.086,1.51875,1.5203,2.40,1.20
2008.11.12 13:26:17.736,1.51875,1.52025,2.40,1.20
2008.11.12 13:26:17.956,1.5189,1.5203,1.20,1.20
2008.11.12 13:26:18.286,1.5189,1.52035,1.20,1.20
2008.11.12 13:26:18.456,1.51895,1.52035,2.40,1.20
2008.11.12 13:26:18.935,1.51895,1.5203,2.40,1.20
2008.11.12 13:26:19.216,1.519,1.5203,1.20,1.20
2008.11.12 13:26:19.515,1.51905,1.5203,2.40,1.20
2008.11.12 13:26:20.045,1.5191,1.5203,1.20,1.20
2008.11.12 13:26:20.515,1.51905,1.5203,2.40,1.20
2008.11.12 13:26:21.325,1.519,1.5203,1.20,1.20
2008.11.12 13:26:21.555,1.519,1.52025,1.20,1.20
2008.11.12 13:26:21.785,1.51885,1.52025,2.40,1.20
2008.11.12 13:26:22.245,1.5189,1.52025,1.20,1.20
2008.11.12 13:26:22.595,1.51965,1.5206,1.20,7.20
2008.11.12 13:26:22.825,1.51965,1.5208,1.20,1.20
2008.11.12 13:26:23.514,1.51965,1.5208,1.20,2.80
2008.11.12 13:26:23.864,1.5197,1.52085,1.20,2.80
2008.11.12 13:26:25.544,1.51975,1.5209,1.20,1.20
2008.11.12 13:26:25.944,1.5197,1.5206,1.20,1.60
2008.11.12 13:26:26.534,1.51955,1.52035,1.00,1.20
2008.11.12 13:26:26.994,1.5195,1.5203,1.00,1.20
2008.11.12 13:26:27.274,1.5192,1.5203,1.20,1.20
2008.11.12 13:26:27.623,1.519,1.5203,1.20,1.20
2008.11.12 13:26:27.843,1.5189,1.52025,1.20,1.20
2008.11.12 13:26:28.193,1.51885,1.52025,2.40,1.20
2008.11.12 13:26:28.713,1.5189,1.52025,1.20,1.20
2008.11.12 13:26:30.173,1.51895,1.52025,1.20,1.20
2008.11.12 13:26:30.533,1.51895,1.52025,2.40,1.20
2008.11.12 13:26:31.843,1.5189,1.52025,1.20,1.20
2008.11.12 13:26:33.402,1.5189,1.52025,2.40,1.20
2008.11.12 13:26:34.202,1.5189,1.52025,1.20,1.20
2008.11.12 13:26:34.432,1.51885,1.5202,3.60,1.20
2008.11.12 13:26:36.141,1.5189,1.52005,1.20,1.20
2008.11.12 13:26:37.351,1.51905,1.52,1.20,1.20
2008.11.12 13:26:38.761,1.5191,1.5201,1.20,1.20
2008.11.12 13:26:39.950,1.51905,1.52,1.20,1.20
2008.11.12 13:26:41.840,1.51905,1.52005,1.20,1.20
2008.11.12 13:26:45.599,1.5191,1.5201,1.20,1.20
2008.11.12 13:26:46.069,1.519,1.52,1.20,1.20
2008.11.12 13:26:46.749,1.519,1.51995,1.20,1.20
2008.11.12 13:26:47.159,1.51905,1.52,1.20,1.20
2008.11.12 13:26:48.309,1.51905,1.52005,1.20,1.20
2008.11.12 13:26:48.869,1.5192,1.5202,1.20,1.20
2008.11.12 13:26:49.148,1.51935,1.5203,1.20,1.20
2008.11.12 13:26:49.868,1.5194,1.5204,1.20,1.20
2008.11.12 13:26:50.268,1.51935,1.52035,1.20,1.20
2008.11.12 13:26:51.058,1.51945,1.52045,1.20,1.20
2008.11.12 13:26:51.738,1.5194,1.5204,1.20,1.20
2008.11.12 13:26:52.817,1.51935,1.5203,1.20,1.20
2008.11.12 13:26:53.287,1.51915,1.52,1.20,2.10
2008.11.12 13:26:53.457,1.51915,1.5199,2.40,1.00
2008.11.12 13:26:53.757,1.51925,1.5199,1.50,1.00
2008.11.12 13:26:54.117,1.51925,1.51985,1.50,1.60
2008.11.12 13:26:54.947,1.5192,1.52015,2.40,2.20
2008.11.12 13:26:55.237,1.51945,1.5204,1.20,1.20
2008.11.12 13:26:57.696,1.5194,1.5204,1.20,1.20
2008.11.12 13:27:00.245,1.51935,1.52035,1.20,1.20
2008.11.12 13:27:00.775,1.5196,1.5206,1.20,1.20
2008.11.12 13:27:01.245,1.51975,1.52075,1.20,1.20
2008.11.12 13:27:07.164,1.51965,1.52055,1.20,1.20
2008.11.12 13:27:07.454,1.51955,1.52055,1.20,1.20
2008.11.12 13:27:07.744,1.5197,1.52065,1.20,1.20
2008.11.12 13:27:08.514,1.5196,1.5206,1.20,1.20
2008.11.12 13:27:08.853,1.51995,1.5206,1.20,1.20
2008.11.12 13:27:09.543,1.52005,1.52065,1.20,1.20
2008.11.12 13:27:09.833,1.5199,1.52045,1.20,1.20
2008.11.12 13:27:10.223,1.51955,1.52005,1.20,1.60
2008.11.12 13:27:10.463,1.51945,1.52005,1.50,1.60
2008.11.12 13:27:11.003,1.5195,1.5201,1.00,1.60
2008.11.12 13:27:11.393,1.51945,1.52005,1.50,1.60
2008.11.12 13:27:11.803,1.5195,1.5201,1.50,1.60
2008.11.12 13:27:12.253,1.5195,1.5201,1.50,2.80
2008.11.12 13:27:12.613,1.5196,1.52005,1.50,2.80
2008.11.12 13:27:12.953,1.51995,1.52025,1.20,2.20
2008.11.12 13:27:13.292,1.52025,1.52055,1.80,7.20
2008.11.12 13:27:13.752,1.52025,1.52075,1.20,2.40
2008.11.12 13:27:14.232,1.52025,1.5208,1.50,1.20
2008.11.12 13:27:14.502,1.5202,1.5207,1.20,1.20
2008.11.12 13:27:14.842,1.5197,1.52065,1.20,1.20
2008.11.12 13:27:15.362,1.51945,1.5201,6.00,1.20
2008.11.12 13:27:15.712,1.51895,1.51995,1.20,1.20
2008.11.12 13:27:16.462,1.5191,1.52005,1.20,1.20
2008.11.12 13:27:16.802,1.51905,1.52,1.20,1.20
2008.11.12 13:27:17.391,1.519,1.52,1.20,1.20
2008.11.12 13:27:18.091,1.51925,1.52025,1.20,1.20
2008.11.12 13:27:18.381,1.5193,1.5203,1.20,1.20
2008.11.12 13:27:19.201,1.51925,1.52025,1.20,1.20
2008.11.12 13:27:19.831,1.5193,1.5203,1.20,1.20
2008.11.12 13:27:20.581,1.5192,1.5202,1.20,1.20
2008.11.12 13:27:21.161,1.52005,1.52065,1.20,8.40
2008.11.12 13:27:21.750,1.52,1.5206,1.20,1.20
2008.11.12 13:27:22.090,1.51965,1.52035,1.00,1.20
2008.11.12 13:27:22.720,1.5193,1.52025,2.40,1.60
2008.11.12 13:27:23.060,1.51915,1.5199,1.20,3.30
2008.11.12 13:27:24.030,1.51905,1.51975,1.20,1.20
2008.11.12 13:27:24.480,1.5191,1.5199,1.20,3.30
2008.11.12 13:27:24.770,1.51905,1.51975,1.20,1.20
2008.11.12 13:27:25.110,1.51905,1.51975,1.20,2.10
2008.11.12 13:27:25.910,1.51895,1.5197,1.20,2.10
2008.11.12 13:27:27.470,1.51895,1.5197,1.20,2.10
2008.11.12 13:27:27.699,1.51895,1.51975,1.20,2.10
2008.11.12 13:27:28.159,1.51905,1.51975,1.20,1.00
2008.11.12 13:27:28.329,1.51905,1.52005,1.20,1.20
2008.11.12 13:27:28.739,1.51915,1.52015,1.20,1.20
2008.11.12 13:27:36.477,1.5195,1.52015,1.00,1.20
2008.11.12 13:27:36.707,1.51965,1.52045,1.20,2.10
2008.11.12 13:27:37.176,1.5199,1.52045,1.20,2.10
2008.11.12 13:27:41.226,1.5199,1.5204,1.20,1.20
2008.11.12 13:27:41.566,1.51985,1.5204,1.20,3.30
2008.11.12 13:27:42.255,1.51985,1.5204,1.20,4.50
2008.11.12 13:27:43.975,1.5194,1.52015,1.20,1.20
2008.11.12 13:27:44.275,1.5192,1.52015,1.00,1.20
2008.11.12 13:27:44.625,1.51915,1.52015,1.20,1.20
2008.11.12 13:27:45.155,1.5191,1.5201,1.20,1.20
2008.11.12 13:27:45.944,1.51905,1.52,1.20,1.20
2008.11.12 13:27:46.244,1.5191,1.5201,1.20,1.20
2008.11.12 13:27:46.485,1.51905,1.52005,1.20,1.20
2008.11.12 13:27:48.074,1.51895,1.51995,1.20,1.20
2008.11.12 13:27:49.194,1.5189,1.5199,1.20,1.20
2008.11.12 13:27:49.764,1.5188,1.5198,1.20,1.20
2008.11.12 13:27:50.054,1.5189,1.5199,1.20,1.20
2008.11.12 13:27:50.623,1.519,1.52,1.20,1.20
2008.11.12 13:27:51.143,1.51905,1.52005,1.20,1.20
2008.11.12 13:27:51.843,1.519,1.52,1.20,1.20
2008.11.12 13:27:52.363,1.5188,1.51925,1.20,1.20
2008.11.12 13:27:52.773,1.5188,1.5192,1.20,1.60
2008.11.12 13:27:53.303,1.5187,1.5195,1.20,1.60
2008.11.12 13:27:53.653,1.51885,1.5196,1.20,1.20
2008.11.12 13:27:53.883,1.5191,1.52,1.20,7.20
2008.11.12 13:27:54.233,1.5191,1.5201,1.20,1.20
2008.11.12 13:27:54.912,1.519,1.52,1.20,1.20
2008.11.12 13:27:55.183,1.5192,1.5202,1.20,8.40
2008.11.12 13:27:55.462,1.5192,1.5202,1.20,7.20
2008.11.12 13:27:55.932,1.5191,1.5201,1.20,1.20
2008.11.12 13:27:56.332,1.5192,1.5202,1.20,8.40
2008.11.12 13:27:56.802,1.5192,1.5202,1.20,7.20
2008.11.12 13:27:58.012,1.51945,1.5202,1.20,6.00
2008.11.12 13:28:00.861,1.51945,1.52015,1.20,1.60
2008.11.12 13:28:01.021,1.51925,1.5201,3.60,1.20
2008.11.12 13:28:01.191,1.51925,1.5201,2.40,1.20
2008.11.12 13:28:03.740,1.51925,1.5201,3.60,1.20
2008.11.12 13:28:04.030,1.51925,1.51985,3.60,1.20
2008.11.12 13:28:04.140,1.51935,1.51985,1.20,3.30
2008.11.12 13:28:07.229,1.5195,1.51985,1.00,2.10
2008.11.12 13:28:07.569,1.51955,1.5201,1.00,2.40
2008.11.12 13:28:08.039,1.51955,1.5201,1.50,1.20
2008.11.12 13:28:08.659,1.51955,1.52015,1.50,1.20
2008.11.12 13:28:08.779,1.5196,1.52015,1.00,1.20
2008.11.12 13:28:08.949,1.5196,1.52015,1.50,1.20
2008.11.12 13:28:09.369,1.51955,1.5202,2.70,7.20
2008.11.12 13:28:09.699,1.5196,1.5202,1.50,7.20
2008.11.12 13:28:10.039,1.5196,1.5202,1.50,6.00
2008.11.12 13:28:10.489,1.5198,1.5202,1.50,6.00
2008.11.12 13:28:11.229,1.5197,1.5202,1.50,6.00
2008.11.12 13:28:11.628,1.51975,1.5202,1.50,6.00
2008.11.12 13:28:12.128,1.51975,1.5202,1.00,6.00
2008.11.12 13:28:12.408,1.5195,1.5202,2.10,6.00
2008.11.12 13:28:12.768,1.5195,1.5202,1.50,6.00
2008.11.12 13:28:14.628,1.5195,1.5202,2.70,6.00
2008.11.12 13:28:14.978,1.51955,1.5202,1.50,6.00
2008.11.12 13:28:15.887,1.51965,1.5202,1.20,6.00
2008.11.12 13:28:16.827,1.5197,1.5202,1.20,6.00
2008.11.12 13:28:19.436,1.5195,1.5202,2.70,6.00
2008.11.12 13:28:20.176,1.51945,1.5202,1.50,6.00
2008.11.12 13:28:21.336,1.51955,1.5202,1.50,6.00
2008.11.12 13:28:21.786,1.51965,1.5202,1.50,6.00
2008.11.12 13:28:22.856,1.51965,1.5202,1.00,6.00
2008.11.12 13:28:23.256,1.51955,1.5202,1.50,6.00
2008.11.12 13:28:23.676,1.5197,1.5202,1.50,6.00
2008.11.12 13:28:24.075,1.5198,1.5202,1.00,6.00
2008.11.12 13:28:24.375,1.5198,1.5202,1.80,6.00
2008.11.12 13:28:24.555,1.5197,1.5202,2.70,6.00
2008.11.12 13:28:24.945,1.51975,1.5202,1.50,6.00
2008.11.12 13:28:26.405,1.51975,1.5202,1.00,6.00
2008.11.12 13:28:26.755,1.5197,1.5202,3.00,6.00
2008.11.12 13:28:27.145,1.5198,1.5202,1.20,6.00
2008.11.12 13:28:27.564,1.51975,1.5202,1.20,6.00
2008.11.12 13:28:28.764,1.5197,1.5202,1.20,6.00
2008.11.12 13:28:29.054,1.5197,1.5202,2.10,6.00
2008.11.12 13:28:29.384,1.51975,1.5202,1.20,6.00
2008.11.12 13:28:29.674,1.51975,1.5202,2.10,6.00
2008.11.12 13:28:30.194,1.51975,1.5202,2.70,6.00
2008.11.12 13:28:30.894,1.52,1.5202,1.20,6.00
2008.11.12 13:28:31.184,1.52,1.5202,2.70,6.00
2008.11.12 13:28:32.273,1.51985,1.5202,1.20,6.00
2008.11.12 13:28:32.753,1.51985,1.5202,1.50,6.00
2008.11.12 13:28:32.933,1.5199,1.5202,1.20,6.00
2008.11.12 13:28:33.173,1.5198,1.5202,1.20,6.00
2008.11.12 13:28:34.783,1.5197,1.5202,1.00,6.00
2008.11.12 13:28:35.143,1.5198,1.5202,1.20,6.00
2008.11.12 13:28:35.423,1.5199,1.5202,1.50,6.00
2008.11.12 13:28:36.452,1.52005,1.5202,1.00,6.00
2008.11.12 13:28:36.752,1.52005,1.5207,1.50,1.60
2008.11.12 13:28:37.742,1.52005,1.5207,2.70,1.60
2008.11.12 13:28:38.202,1.5201,1.5202,1.20,6.00
2008.11.12 13:28:38.492,1.51965,1.5202,2.70,6.00
2008.11.12 13:28:39.691,1.51965,1.5202,3.90,6.00
2008.11.12 13:28:39.981,1.51965,1.5202,2.70,6.00
2008.11.12 13:28:41.831,1.51965,1.5202,1.50,6.00
2008.11.12 13:28:43.541,1.51965,1.5202,1.00,6.00
2008.11.12 13:28:43.791,1.5196,1.5202,2.70,6.00
2008.11.12 13:28:44.190,1.5197,1.5202,1.50,6.00
2008.11.12 13:28:46.960,1.5197,1.5202,1.80,6.00
2008.11.12 13:28:47.190,1.51965,1.5202,5.10,6.00
2008.11.12 13:28:49.829,1.51965,1.5202,3.00,6.00
2008.11.12 13:28:50.119,1.51965,1.5202,1.20,6.00
2008.11.12 13:28:51.149,1.5199,1.5202,2.10,6.00
2008.11.12 13:28:51.549,1.51995,1.5202,2.70,6.00
2008.11.12 13:28:52.299,1.52,1.5202,2.70,6.00
2008.11.12 13:28:53.798,1.5201,1.5202,1.20,6.00
2008.11.12 13:28:54.338,1.51995,1.5202,2.70,6.00
2008.11.12 13:28:54.638,1.51995,1.52075,2.70,1.20
2008.11.12 13:28:55.888,1.5201,1.52075,1.20,1.20
2008.11.12 13:28:56.947,1.52015,1.52075,1.20,1.20
2008.11.12 13:28:57.397,1.52015,1.5205,1.20,1.00
2008.11.12 13:28:57.907,1.51985,1.52075,1.50,3.30
2008.11.12 13:29:03.686,1.51985,1.52075,2.70,3.30
2008.11.12 13:29:06.665,1.51985,1.5207,1.20,2.10
2008.11.12 13:29:06.955,1.51985,1.5207,1.20,3.30
2008.11.12 13:29:08.025,1.51985,1.52065,1.20,1.00
2008.11.12 13:29:08.245,1.51985,1.52085,1.20,1.20
2008.11.12 13:29:09.224,1.52035,1.521,1.20,1.20
2008.11.12 13:29:09.496,1.52035,1.5211,1.20,1.20
2008.11.12 13:29:09.724,1.52,1.52085,1.20,1.20
2008.11.12 13:29:10.015,1.51985,1.5208,1.20,1.20
2008.11.12 13:29:10.694,1.51985,1.52085,2.40,1.20
2008.11.12 13:29:13.063,1.51985,1.52085,1.20,1.20
2008.11.12 13:29:13.503,1.5198,1.52065,1.90,1.20
2008.11.12 13:29:14.443,1.5198,1.5207,1.90,1.20
2008.11.12 13:29:14.843,1.5198,1.52065,1.90,1.20
2008.11.12 13:29:15.833,1.5198,1.5207,1.90,1.20
2008.11.12 13:29:17.372,1.5198,1.52065,1.90,1.20
2008.11.12 13:29:18.812,1.5198,1.5208,3.10,2.40
2008.11.12 13:29:19.052,1.5198,1.5208,3.10,1.20
2008.11.12 13:29:19.462,1.5199,1.52085,2.40,1.20
2008.11.12 13:29:20.132,1.5199,1.5208,1.20,1.20
2008.11.12 13:29:20.372,1.5199,1.52075,1.20,1.20
2008.11.12 13:29:20.702,1.5198,1.52075,1.90,2.10
2008.11.12 13:29:21.101,1.5198,1.5207,1.90,1.60
2008.11.12 13:29:21.452,1.5198,1.52075,1.90,3.90
2008.11.12 13:29:21.921,1.5198,1.5206,2.80,2.10
2008.11.12 13:29:22.301,1.5198,1.5207,3.40,4.50
2008.11.12 13:29:22.641,1.5198,1.5206,1.90,2.10
2008.11.12 13:29:24.721,1.5198,1.52055,1.90,2.10
2008.11.12 13:29:25.061,1.5198,1.52055,1.90,2.10
2008.11.12 13:29:25.180,1.51985,1.52065,1.20,1.20
2008.11.12 13:29:26.940,1.51985,1.5207,1.00,5.10
2008.11.12 13:29:27.110,1.51985,1.52075,2.70,7.50
2008.11.12 13:29:27.740,1.51985,1.5207,2.70,1.20
2008.11.12 13:29:28.590,1.51985,1.52055,1.80,1.20
2008.11.12 13:29:29.329,1.5198,1.52055,3.10,5.10
2008.11.12 13:29:29.659,1.5198,1.52065,3.40,2.10
2008.11.12 13:29:31.949,1.5198,1.5206,2.50,2.80
2008.11.12 13:29:32.229,1.5198,1.52055,1.90,2.10
2008.11.12 13:29:32.629,1.5198,1.5206,3.10,3.90
2008.11.12 13:29:36.778,1.5198,1.52055,3.10,3.90
2008.11.12 13:29:37.068,1.5198,1.52055,1.90,2.10
2008.11.12 13:29:37.538,1.5198,1.5206,3.10,3.90
2008.11.12 13:29:38.647,1.5198,1.52055,3.10,2.80
2008.11.12 13:29:38.817,1.5198,1.52055,1.90,2.10
2008.11.12 13:29:38.987,1.5198,1.5206,1.90,5.10
2008.11.12 13:29:39.287,1.5198,1.52055,3.10,3.90
2008.11.12 13:29:39.457,1.5198,1.5206,1.90,3.90
2008.11.12 13:29:39.857,1.5198,1.52055,3.10,3.90
2008.11.12 13:29:40.087,1.5199,1.52055,1.20,2.10
2008.11.12 13:29:40.437,1.5199,1.52075,3.90,1.20
2008.11.12 13:29:40.777,1.5198,1.5206,3.70,1.20
2008.11.12 13:29:41.127,1.5198,1.5207,4.60,6.30
2008.11.12 13:29:41.537,1.5198,1.5207,3.40,5.10
2008.11.12 13:29:42.556,1.5198,1.52075,1.90,1.20
2008.11.12 13:29:43.366,1.5198,1.5207,1.90,1.20
2008.11.12 13:29:53.354,1.5198,1.5206,1.90,1.20
2008.11.12 13:29:55.103,1.5198,1.52055,1.90,1.20
2008.11.12 13:29:55.753,1.5198,1.52045,1.90,1.20
2008.11.12 13:29:58.263,1.5198,1.5205,1.90,1.20
2008.11.12 13:29:59.812,1.5198,1.52045,1.90,1.20
2008.11.12 13:30:00.152,1.5198,1.5204,1.90,1.20
2008.11.12 13:30:04.531,1.5198,1.52035,1.90,1.20
2008.11.12 13:30:06.021,1.5198,1.5203,1.90,1.20
2008.11.12 13:30:06.611,1.5198,1.5203,1.90,2.80
2008.11.12 13:30:08.430,1.5198,1.52025,1.90,1.20
2008.11.12 13:30:09.000,1.5198,1.52025,1.90,2.80
2008.11.12 13:30:09.290,1.5198,1.52025,1.90,1.20
2008.11.12 13:30:09.640,1.5198,1.52025,1.90,2.80
2008.11.12 13:30:10.000,1.5198,1.5203,1.90,1.20
2008.11.12 13:30:10.390,1.5198,1.52025,1.90,1.20
2008.11.12 13:30:12.629,1.5198,1.52025,1.90,2.80
2008.11.12 13:30:14.529,1.5198,1.52025,1.90,1.20
2008.11.12 13:30:16.718,1.5198,1.5203,1.90,2.80
2008.11.12 13:30:19.648,1.5198,1.52025,1.90,1.20
2008.11.12 13:30:19.888,1.5198,1.52025,1.90,2.80
2008.11.12 13:30:22.826,1.5198,1.5202,1.90,1.20
2008.11.12 13:30:27.136,1.5198,1.5203,1.90,2.80
2008.11.12 13:30:27.476,1.5198,1.5202,1.90,1.20
2008.11.12 13:30:27.926,1.5198,1.52025,1.90,1.20
2008.11.12 13:30:28.455,1.5198,1.5202,1.90,1.20
2008.11.12 13:30:32.244,1.5198,1.52015,1.90,1.20
2008.11.12 13:30:32.825,1.5198,1.52005,1.90,1.60
2008.11.12 13:30:33.244,1.5198,1.5201,1.90,1.20
2008.11.12 13:30:33.794,1.5198,1.52015,1.90,2.80
2008.11.12 13:30:34.034,1.5198,1.52015,1.90,1.20
2008.11.12 13:30:34.754,1.5198,1.5202,1.90,1.20
2008.11.12 13:30:35.084,1.5198,1.52015,1.90,1.20
2008.11.12 13:30:36.873,1.5198,1.52015,1.90,2.40
2008.11.12 13:30:37.163,1.5198,1.5201,1.90,1.20
2008.11.12 13:30:37.513,1.5198,1.52005,1.90,2.80
2008.11.12 13:30:38.073,1.5198,1.5201,1.90,1.20
2008.11.12 13:30:38.943,1.5198,1.52005,1.90,1.20
2008.11.12 13:30:39.053,1.5198,1.5201,1.90,1.20
2008.11.12 13:30:39.703,1.5198,1.52015,1.90,1.20
2008.11.12 13:30:40.052,1.5198,1.52015,1.90,2.80
2008.11.12 13:30:40.622,1.5198,1.52005,1.90,1.60
2008.11.12 13:30:40.912,1.5198,1.5201,1.90,1.20
2008.11.12 13:30:41.532,1.5198,1.52005,1.90,2.80
2008.11.12 13:30:42.182,1.5198,1.52,1.90,1.60
2008.11.12 13:30:42.462,1.5198,1.52,1.90,2.80
2008.11.12 13:30:43.482,1.519,1.52,1.20,2.80
2008.11.12 13:30:44.222,1.51895,1.51995,1.20,1.20
2008.11.12 13:30:44.451,1.51895,1.51995,1.20,2.80
2008.11.12 13:30:44.791,1.5189,1.5199,2.40,1.20
2008.11.12 13:30:45.081,1.5189,1.5199,1.20,2.80
2008.11.12 13:30:45.202,1.5189,1.51985,1.20,1.20
2008.11.12 13:30:48.601,1.51885,1.51985,1.20,1.20
2008.11.12 13:30:49.010,1.51885,1.51985,1.20,2.80
2008.11.12 13:30:49.180,1.5188,1.5198,1.20,1.20
2008.11.12 13:30:49.350,1.51875,1.5195,1.20,1.60
2008.11.12 13:30:49.520,1.5187,1.5195,1.20,2.80
2008.11.12 13:30:49.800,1.51865,1.51945,2.40,1.60
2008.11.12 13:30:50.020,1.51865,1.51945,1.20,1.60
2008.11.12 13:30:50.770,1.51865,1.51945,1.20,2.80
2008.11.12 13:30:51.010,1.51865,1.5194,1.20,1.60
2008.11.12 13:30:51.740,1.51865,1.51945,1.20,1.60
2008.11.12 13:30:52.880,1.51855,1.5193,1.20,1.20
2008.11.12 13:30:53.289,1.51825,1.51925,1.20,2.80
2008.11.12 13:30:53.919,1.5182,1.5192,1.20,1.20
2008.11.12 13:30:55.969,1.51815,1.51915,1.20,1.20
2008.11.12 13:30:56.319,1.5183,1.51915,1.50,1.20
2008.11.12 13:30:56.728,1.51825,1.51915,1.50,3.30
2008.11.12 13:30:57.088,1.51825,1.51915,1.50,4.50
2008.11.12 13:30:57.788,1.5183,1.51915,1.50,1.20
2008.11.12 13:30:58.988,1.5183,1.5192,1.50,4.50
2008.11.12 13:31:00.487,1.51835,1.5192,1.00,2.10
2008.11.12 13:31:00.887,1.5183,1.5192,1.50,2.10
2008.11.12 13:31:01.288,1.5183,1.5192,1.50,3.30
2008.11.12 13:31:02.287,1.51835,1.5192,1.20,2.10
2008.11.12 13:31:02.567,1.51845,1.5192,1.20,2.10
2008.11.12 13:31:06.756,1.5184,1.5192,1.20,2.10
2008.11.12 13:31:06.936,1.5184,1.51915,1.20,3.30
2008.11.12 13:31:07.446,1.51845,1.51915,1.20,2.10
2008.11.12 13:31:07.856,1.5184,1.5191,1.20,2.10
2008.11.12 13:31:08.306,1.51845,1.5191,1.20,2.10
2008.11.12 13:31:08.646,1.51835,1.5191,1.20,3.30
2008.11.12 13:31:10.585,1.51835,1.5191,2.40,3.30
2008.11.12 13:31:11.045,1.5184,1.51915,1.20,2.10
2008.11.12 13:31:11.685,1.5185,1.51925,1.20,3.30
2008.11.12 13:31:12.105,1.5185,1.51925,2.40,2.10
2008.11.12 13:31:13.064,1.5186,1.51925,1.20,2.10
2008.11.12 13:31:13.464,1.51855,1.5193,2.40,2.10
2008.11.12 13:31:13.865,1.51855,1.5193,1.20,2.10
2008.11.12 13:31:14.614,1.51855,1.5193,2.40,2.10
2008.11.12 13:31:16.794,1.5185,1.51925,2.40,2.10
2008.11.12 13:31:21.732,1.51855,1.5193,1.20,3.30
2008.11.12 13:31:22.083,1.51855,1.5193,2.40,2.10
2008.11.12 13:31:22.312,1.5186,1.5193,1.20,2.10
2008.11.12 13:31:22.602,1.5187,1.51945,1.20,3.30
2008.11.12 13:31:23.932,1.5187,1.51945,1.20,2.10
2008.11.12 13:31:24.952,1.5187,1.51945,1.20,3.30
2008.11.12 13:31:28.131,1.51885,1.51955,1.50,2.40
2008.11.12 13:31:28.481,1.51885,1.51955,1.00,1.20
2008.11.12 13:31:28.881,1.5188,1.51955,1.50,1.20
2008.11.12 13:31:29.061,1.51875,1.51955,1.50,4.00
2008.11.12 13:31:29.521,1.51875,1.5195,1.50,1.20
2008.11.12 13:31:29.881,1.5187,1.5195,1.50,2.40
2008.11.12 13:31:30.220,1.51875,1.51945,1.50,1.20
2008.11.12 13:31:30.680,1.51875,1.51945,1.00,1.20
2008.11.12 13:31:31.140,1.51865,1.51945,1.50,1.20
2008.11.12 13:31:31.430,1.51865,1.5194,1.50,1.20
2008.11.12 13:31:32.020,1.51865,1.51935,1.80,1.20
2008.11.12 13:31:32.360,1.5186,1.51935,1.50,2.40
2008.11.12 13:31:32.791,1.5187,1.5194,1.50,1.60
2008.11.12 13:31:33.190,1.5187,1.51945,1.50,2.40
2008.11.12 13:31:33.649,1.51875,1.51945,1.50,2.40
2008.11.12 13:31:34.050,1.51875,1.51945,1.50,1.20
2008.11.12 13:31:34.630,1.51875,1.5195,1.50,2.40
2008.11.12 13:31:34.800,1.51875,1.5195,1.50,1.20
2008.11.12 13:31:35.779,1.51875,1.51955,1.50,2.80
2008.11.12 13:31:36.109,1.51885,1.51955,1.50,1.20
2008.11.12 13:31:38.039,1.5189,1.5196,1.00,1.20
2008.11.12 13:31:38.338,1.5189,1.5196,1.50,1.20
2008.11.12 13:31:38.749,1.51885,1.5196,1.50,1.20
2008.11.12 13:31:39.558,1.51885,1.5196,1.50,2.40
2008.11.12 13:31:47.536,1.5189,1.5196,1.00,2.40
2008.11.12 13:31:47.836,1.5189,1.51965,1.00,4.00
2008.11.12 13:31:48.126,1.51885,1.51965,1.50,4.00
2008.11.12 13:31:48.426,1.51885,1.51965,1.50,2.80
2008.11.12 13:31:48.726,1.5189,1.51965,1.00,1.20
2008.11.12 13:31:48.846,1.5189,1.51965,1.00,2.80
2008.11.12 13:31:49.086,1.51885,1.51965,1.50,2.80
2008.11.12 13:31:49.436,1.5189,1.51965,1.50,1.20
2008.11.12 13:31:49.666,1.5189,1.5197,1.50,2.80
2008.11.12 13:31:51.215,1.5191,1.5197,1.50,2.80
2008.11.12 13:31:51.635,1.51925,1.51995,1.50,1.20
2008.11.12 13:31:51.927,1.51945,1.52005,1.00,1.60
2008.11.12 13:31:52.325,1.5194,1.52005,2.10,1.00
2008.11.12 13:31:52.665,1.5194,1.5202,3.90,3.60
2008.11.12 13:31:53.135,1.51935,1.5202,5.10,1.20
2008.11.12 13:31:53.735,1.5195,1.5203,1.80,3.60
2008.11.12 13:31:54.135,1.5195,1.5203,2.70,1.20
2008.11.12 13:31:54.475,1.51945,1.5202,3.90,1.00
2008.11.12 13:31:56.444,1.51945,1.52025,2.70,2.20
2008.11.12 13:31:56.974,1.5196,1.52035,1.00,1.00
2008.11.12 13:31:57.214,1.5196,1.5204,1.50,2.40
2008.11.12 13:31:57.544,1.51945,1.5203,3.90,1.20
2008.11.12 13:31:58.174,1.5196,1.52045,1.50,1.20
2008.11.12 13:31:58.574,1.5196,1.5205,1.50,4.50
2008.11.12 13:31:59.074,1.5196,1.5205,1.50,3.30
2008.11.12 13:31:59.653,1.5196,1.5205,2.70,2.10
2008.11.12 13:32:02.233,1.51965,1.5205,1.50,2.10
2008.11.12 13:32:02.583,1.51965,1.52055,1.50,2.10
2008.11.12 13:32:03.203,1.51975,1.52055,1.00,2.10
2008.11.12 13:32:03.792,1.51975,1.5206,1.50,2.10
2008.11.12 13:32:04.262,1.5199,1.5207,1.50,1.20
2008.11.12 13:32:04.652,1.51995,1.5207,1.50,1.20
2008.11.12 13:32:04.982,1.5199,1.5207,2.70,2.80
2008.11.12 13:32:05.462,1.52005,1.5207,1.00,1.20
2008.11.12 13:32:06.032,1.5199,1.5207,1.50,2.80
2008.11.12 13:32:06.992,1.5199,1.5207,2.70,2.80
2008.11.12 13:32:07.372,1.51995,1.5207,1.50,1.20
2008.11.12 13:32:07.841,1.51995,1.5207,1.00,1.20
2008.11.12 13:32:08.361,1.51995,1.5207,2.70,1.20
2008.11.12 13:32:08.771,1.52005,1.5207,1.80,2.80
2008.11.12 13:32:09.111,1.5199,1.5207,1.50,2.80
2008.11.12 13:32:09.451,1.51995,1.5207,1.00,2.80
2008.11.12 13:32:09.851,1.51995,1.5207,2.70,1.20
2008.11.12 13:32:10.181,1.5199,1.5207,2.70,1.20
2008.11.12 13:32:10.581,1.51985,1.5207,2.70,2.20
2008.11.12 13:32:11.690,1.51985,1.52065,1.80,2.40
2008.11.12 13:32:12.340,1.5198,1.52055,1.20,1.60
2008.11.12 13:32:12.980,1.51985,1.5206,1.50,1.60
2008.11.12 13:32:13.330,1.5198,1.5206,2.10,1.60
2008.11.12 13:32:13.660,1.5198,1.52055,1.20,1.60
2008.11.12 13:32:14.240,1.5197,1.5205,2.70,1.60
2008.11.12 13:32:14.530,1.51965,1.52035,1.20,1.60
2008.11.12 13:32:15.000,1.51965,1.5203,1.20,1.60
2008.11.12 13:32:15.459,1.51945,1.5201,1.20,1.60
2008.11.12 13:32:15.680,1.5194,1.52005,1.20,1.60
2008.11.12 13:32:16.039,1.5193,1.52005,2.70,1.60
2008.11.12 13:32:17.249,1.5194,1.52015,1.00,1.20
2008.11.12 13:32:17.589,1.5194,1.52015,3.00,1.20
2008.11.12 13:32:17.989,1.5194,1.5203,2.70,2.10
2008.11.12 13:32:18.439,1.51945,1.52035,2.70,3.30
2008.11.12 13:32:18.739,1.51945,1.52035,2.70,2.10
2008.11.12 13:32:20.038,1.51945,1.5203,1.50,1.60
2008.11.12 13:32:20.498,1.51945,1.5203,2.70,1.60
2008.11.12 13:32:21.828,1.5195,1.52035,1.50,1.60
2008.11.12 13:32:22.888,1.51955,1.52035,1.00,1.60
2008.11.12 13:32:23.397,1.51955,1.52035,1.50,2.80
2008.11.12 13:32:23.847,1.51945,1.5203,2.70,1.60
2008.11.12 13:32:27.747,1.51945,1.5203,2.70,2.80
2008.11.12 13:32:29.256,1.51945,1.5203,3.90,2.80
2008.11.12 13:32:29.666,1.5196,1.5204,1.50,1.60
2008.11.12 13:32:30.296,1.5197,1.52045,1.00,1.00
2008.11.12 13:32:30.646,1.51975,1.5206,1.50,5.20
2008.11.12 13:32:31.056,1.51975,1.5206,1.50,1.60
2008.11.12 13:32:31.396,1.51985,1.52065,1.50,2.70
2008.11.12 13:32:32.106,1.51985,1.52065,1.50,1.60
2008.11.12 13:32:32.685,1.51985,1.52065,1.20,1.60
2008.11.12 13:32:33.285,1.5198,1.52055,1.20,1.60
2008.11.12 13:32:34.215,1.5198,1.5205,1.20,1.60
2008.11.12 13:32:34.735,1.51965,1.5204,2.70,1.60
2008.11.12 13:32:35.215,1.5196,1.52035,2.70,1.60
2008.11.12 13:32:35.555,1.51965,1.5205,1.50,1.60
2008.11.12 13:32:36.654,1.51965,1.52035,1.50,1.60
2008.11.12 13:32:37.065,1.51965,1.5204,2.70,1.60
2008.11.12 13:32:38.144,1.5197,1.5205,1.50,1.60
2008.11.12 13:32:39.844,1.51965,1.5204,3.90,1.60
2008.11.12 13:32:40.134,1.51965,1.5204,2.70,1.60
2008.11.12 13:32:43.303,1.51965,1.5204,3.90,1.60
2008.11.12 13:32:43.523,1.5197,1.5205,2.10,1.60
2008.11.12 13:32:44.093,1.5197,1.5205,2.70,1.60
2008.11.12 13:32:45.082,1.51975,1.5205,1.00,1.60
2008.11.12 13:32:45.253,1.51975,1.5205,1.50,1.60
2008.11.12 13:32:45.482,1.5197,1.5205,3.90,1.60
2008.11.12 13:32:45.752,1.51975,1.5206,1.50,1.60
2008.11.12 13:32:46.372,1.51975,1.5206,1.50,4.00
2008.11.12 13:32:46.602,1.5197,1.5206,1.50,6.30
2008.11.12 13:32:46.882,1.5197,1.5206,2.70,6.30
2008.11.12 13:32:47.722,1.5197,1.5205,2.70,1.60
2008.11.12 13:32:49.081,1.5197,1.5205,3.90,1.60
2008.11.12 13:32:49.371,1.51985,1.52065,1.00,2.70
2008.11.12 13:32:49.661,1.51985,1.52065,1.50,1.60
2008.11.12 13:32:49.901,1.51985,1.52065,1.50,2.80
2008.11.12 13:32:52.600,1.51985,1.5206,1.00,1.60
2008.11.12 13:32:52.941,1.5197,1.5205,5.10,1.60
2008.11.12 13:32:53.220,1.51975,1.5206,1.80,2.80
2008.11.12 13:32:53.590,1.5197,1.5205,2.70,1.60
2008.11.12 13:32:55.490,1.5197,1.5205,3.90,1.60
2008.11.12 13:32:55.940,1.51975,1.5205,1.50,1.60
2008.11.12 13:32:56.280,1.5197,1.5205,2.70,1.60
2008.11.12 13:32:58.169,1.5197,1.5205,3.90,1.60
2008.11.12 13:32:58.749,1.5197,1.5205,2.70,1.60
2008.11.12 13:32:59.109,1.51975,1.5205,1.00,1.60
2008.11.12 13:32:59.579,1.5197,1.5206,3.90,5.10
2008.11.12 13:32:59.879,1.51975,1.5205,2.10,1.60
2008.11.12 13:33:00.219,1.51975,1.5206,1.00,2.70
2008.11.12 13:33:00.559,1.51975,1.5206,1.50,1.60
2008.11.12 13:33:00.908,1.51985,1.52065,1.50,1.60
2008.11.12 13:33:01.478,1.51975,1.5206,2.70,1.60
2008.11.12 13:33:01.988,1.51975,1.5205,2.10,1.60
2008.11.12 13:33:02.398,1.5197,1.5205,2.70,1.60
2008.11.12 13:33:06.257,1.51975,1.5206,1.50,1.60
2008.11.12 13:33:06.587,1.51985,1.52065,1.00,2.10
2008.11.12 13:33:06.937,1.51985,1.5207,1.50,1.60
2008.11.12 13:33:07.647,1.51975,1.5206,2.70,1.60
2008.11.12 13:33:07.997,1.51975,1.5206,1.50,1.60
2008.11.12 13:33:10.816,1.51975,1.5206,2.70,1.60
2008.11.12 13:33:11.166,1.51985,1.5207,1.50,2.80
2008.11.12 13:33:12.066,1.5199,1.52065,1.50,1.00
2008.11.12 13:33:12.486,1.52,1.5208,1.00,6.30
2008.11.12 13:33:12.876,1.52,1.5208,1.50,1.60
2008.11.12 13:33:14.195,1.51995,1.52075,3.90,1.60
2008.11.12 13:33:14.425,1.51995,1.52075,2.70,1.60
2008.11.12 13:33:16.345,1.52005,1.52075,1.20,1.60
2008.11.12 13:33:16.685,1.52005,1.5208,1.20,1.60
2008.11.12 13:33:17.085,1.5201,1.5208,1.20,1.60
2008.11.12 13:33:17.476,1.52015,1.5208,2.10,1.60
2008.11.12 13:33:17.934,1.5201,1.5208,1.20,1.60
2008.11.12 13:33:18.275,1.5201,1.52085,1.20,1.60
2008.11.12 13:33:18.684,1.52015,1.52085,1.20,1.60
2008.11.12 13:33:18.974,1.52015,1.5209,2.70,1.60
2008.11.12 13:33:19.314,1.5202,1.5209,1.20,1.60
2008.11.12 13:33:20.174,1.52025,1.5209,1.20,1.60
2008.11.12 13:33:20.644,1.5203,1.521,1.20,1.00
2008.11.12 13:33:21.244,1.5203,1.5209,1.20,1.60
2008.11.12 13:33:21.593,1.5203,1.52095,1.20,1.60
2008.11.12 13:33:22.263,1.5203,1.52105,1.20,1.60
2008.11.12 13:33:23.113,1.52035,1.52095,1.20,1.00
2008.11.12 13:33:23.443,1.52035,1.52105,1.20,1.60
2008.11.12 13:33:23.723,1.5204,1.52115,1.50,1.60
2008.11.12 13:33:24.003,1.52035,1.52105,1.20,1.60
2008.11.12 13:33:25.393,1.52035,1.52105,2.40,1.60
2008.11.12 13:33:25.562,1.5204,1.52105,1.20,1.60
2008.11.12 13:33:26.322,1.5204,1.5211,1.20,1.60
2008.11.12 13:33:26.603,1.52045,1.52115,1.20,1.60
2008.11.12 13:33:28.212,1.52055,1.52115,1.20,1.00
2008.11.12 13:33:28.582,1.52055,1.5212,1.20,1.60
2008.11.12 13:33:28.982,1.5206,1.5212,1.20,1.60
2008.11.12 13:33:29.502,1.5206,1.52125,1.20,1.00
2008.11.12 13:33:29.892,1.52065,1.52135,1.20,1.60
2008.11.12 13:33:30.291,1.52075,1.5214,1.20,1.60
2008.11.12 13:33:30.581,1.5208,1.52145,1.20,1.60
2008.11.12 13:33:31.161,1.52085,1.5215,1.20,1.60
2008.11.12 13:33:31.331,1.52085,1.5216,1.20,1.60
2008.11.12 13:33:31.861,1.5209,1.5216,1.20,1.60
2008.11.12 13:33:32.331,1.52105,1.5217,1.20,1.60
2008.11.12 13:33:32.851,1.52115,1.5218,1.20,4.00
2008.11.12 13:33:33.251,1.52115,1.5218,1.20,1.60
2008.11.12 13:33:33.851,1.5212,1.52185,1.20,1.20
2008.11.12 13:33:34.201,1.5211,1.52155,1.20,1.60
2008.11.12 13:33:34.600,1.521,1.52145,1.20,1.60
2008.11.12 13:33:35.140,1.52095,1.5214,1.20,1.00
2008.11.12 13:33:35.440,1.5209,1.5214,1.20,1.00
2008.11.12 13:33:35.890,1.5207,1.5215,3.90,1.60
2008.11.12 13:33:36.190,1.52075,1.52125,1.20,1.60
2008.11.12 13:33:37.050,1.5207,1.52125,1.20,1.60
2008.11.12 13:33:37.390,1.5205,1.5212,1.20,1.60
2008.11.12 13:33:37.780,1.52045,1.5212,1.80,2.80
2008.11.12 13:33:38.160,1.52045,1.5212,1.20,1.60
2008.11.12 13:33:38.629,1.5205,1.5212,1.20,1.60
2008.11.12 13:33:39.140,1.5206,1.5213,1.50,1.20
2008.11.12 13:33:39.479,1.52085,1.5213,1.80,1.20
2008.11.12 13:33:39.829,1.52085,1.52135,1.50,1.20
2008.11.12 13:33:40.339,1.52095,1.52145,1.00,1.20
2008.11.12 13:33:40.739,1.52095,1.52155,1.50,1.20
2008.11.12 13:33:41.089,1.52095,1.52165,1.50,1.20
2008.11.12 13:33:41.469,1.5211,1.52155,1.00,1.20
2008.11.12 13:33:42.049,1.521,1.52165,2.10,1.20
2008.11.12 13:33:42.679,1.5209,1.52165,2.70,2.20
2008.11.12 13:33:42.979,1.5209,1.52165,2.40,4.00
2008.11.12 13:33:43.389,1.52095,1.52155,1.20,1.60
2008.11.12 13:33:43.738,1.521,1.52165,1.20,2.80
2008.11.12 13:33:44.028,1.52095,1.52165,1.20,2.80
2008.11.12 13:33:44.358,1.521,1.52155,1.00,1.60
2008.11.12 13:33:44.778,1.5209,1.52125,2.40,2.10
2008.11.12 13:33:45.188,1.5207,1.5212,1.20,1.20
2008.11.12 13:33:45.528,1.52075,1.52095,1.20,2.10
2008.11.12 13:33:46.038,1.52075,1.52095,1.20,1.00
2008.11.12 13:33:46.498,1.52065,1.52095,1.20,1.20
2008.11.12 13:33:46.797,1.5204,1.52095,1.20,2.10
2008.11.12 13:33:47.137,1.5204,1.52105,1.20,2.10
2008.11.12 13:33:47.667,1.5203,1.52115,1.20,3.30
2008.11.12 13:33:48.067,1.5203,1.5211,1.80,1.20
2008.11.12 13:33:48.707,1.52025,1.52095,1.80,1.60
2008.11.12 13:33:49.047,1.5202,1.521,2.70,1.60
2008.11.12 13:33:49.207,1.52025,1.52095,1.20,1.20
2008.11.12 13:33:49.497,1.5203,1.52095,1.80,1.20
2008.11.12 13:33:49.917,1.52035,1.5212,1.50,3.60
2008.11.12 13:33:50.197,1.52015,1.5209,1.20,1.60
2008.11.12 13:33:50.537,1.5202,1.5209,1.20,1.60
2008.11.12 13:33:50.886,1.5204,1.5209,1.20,1.60
2008.11.12 13:33:51.237,1.5204,1.52105,1.50,1.20
2008.11.12 13:33:51.576,1.5204,1.5209,1.20,1.60
2008.11.12 13:33:51.916,1.5201,1.5209,1.50,1.60
2008.11.12 13:33:52.276,1.5201,1.5209,2.70,1.60
2008.11.12 13:33:53.156,1.5201,1.5209,1.50,1.60
2008.11.12 13:33:53.667,1.52025,1.52095,2.10,1.20
2008.11.12 13:33:54.016,1.5202,1.5209,1.00,1.20
2008.11.12 13:33:54.366,1.52,1.52075,2.70,1.60
2008.11.12 13:33:54.966,1.52,1.5207,1.20,1.60
2008.11.12 13:33:55.136,1.51995,1.52075,1.00,1.60
2008.11.12 13:33:55.536,1.52,1.52075,1.50,1.60
2008.11.12 13:33:55.866,1.5202,1.5208,1.00,1.20
2008.11.12 13:33:56.155,1.52,1.52075,1.50,1.60
2008.11.12 13:33:56.505,1.52005,1.52075,1.20,1.60
2008.11.12 13:33:57.085,1.52005,1.5208,2.70,1.60
2008.11.12 13:33:57.475,1.5203,1.52105,1.50,1.20
2008.11.12 13:33:57.885,1.5202,1.52095,1.20,1.60
2008.11.12 13:33:58.365,1.52015,1.5209,1.20,1.60
2008.11.12 13:33:58.845,1.52025,1.5209,1.00,1.60
2008.11.12 13:33:59.144,1.52025,1.5208,1.00,1.60
2008.11.12 13:33:59.414,1.52005,1.5208,2.70,1.60
2008.11.12 13:33:59.924,1.52025,1.5208,1.00,1.60
2008.11.12 13:34:00.374,1.52025,1.5211,1.50,1.20
2008.11.12 13:34:00.774,1.52035,1.52125,1.20,1.20
2008.11.12 13:34:01.234,1.52025,1.52095,1.20,1.60
2008.11.12 13:34:01.534,1.5202,1.52095,1.00,1.60
2008.11.12 13:34:02.394,1.5203,1.5212,1.50,4.50
2008.11.12 13:34:02.904,1.52005,1.5208,1.50,1.60
2008.11.12 13:34:03.133,1.52,1.52075,1.20,1.60
2008.11.12 13:34:03.523,1.5201,1.52075,1.50,1.60
2008.11.12 13:34:03.693,1.5201,1.521,1.50,2.10
2008.11.12 13:34:04.033,1.5201,1.5209,1.00,1.20
2008.11.12 13:34:04.263,1.52005,1.5208,2.70,1.60
2008.11.12 13:34:04.733,1.5201,1.5208,1.20,1.60
2008.11.12 13:34:05.243,1.5201,1.5209,2.70,1.60
2008.11.12 13:34:05.473,1.52005,1.52075,2.40,1.60
2008.11.12 13:34:05.643,1.52,1.52075,2.70,1.60
2008.11.12 13:34:06.103,1.52005,1.5208,2.70,1.60
2008.11.12 13:34:06.863,1.5201,1.52085,2.70,1.60
2008.11.12 13:34:07.262,1.52005,1.5208,1.50,1.60
2008.11.12 13:34:08.182,1.5201,1.5208,1.00,1.60
2008.11.12 13:34:08.402,1.52,1.52075,5.70,1.60
2008.11.12 13:34:08.572,1.52,1.52075,4.50,1.60
2008.11.12 13:34:09.382,1.5201,1.52085,1.00,4.00
2008.11.12 13:34:09.492,1.5201,1.52075,1.50,1.00
2008.11.12 13:34:09.852,1.5201,1.52075,1.80,1.20
2008.11.12 13:34:10.142,1.5201,1.5207,1.20,1.60
2008.11.12 13:34:10.422,1.51995,1.5207,1.50,2.80
2008.11.12 13:34:10.702,1.51995,1.5207,1.80,4.00
2008.11.12 13:34:10.932,1.5198,1.5207,1.50,2.10
2008.11.12 13:34:11.222,1.5198,1.5205,1.80,1.60
2008.11.12 13:34:11.632,1.51975,1.5205,1.20,1.60
2008.11.12 13:34:12.222,1.51975,1.5205,2.10,1.60
2008.11.12 13:34:12.621,1.5198,1.52055,1.20,1.60
2008.11.12 13:34:13.321,1.51975,1.52055,2.70,1.60
2008.11.12 13:34:13.841,1.5198,1.52065,1.20,3.30
2008.11.12 13:34:14.251,1.5198,1.52055,1.20,1.60
2008.11.12 13:34:15.231,1.5198,1.52055,2.40,1.60
2008.11.12 13:34:15.621,1.51985,1.52055,1.20,1.60
2008.11.12 13:34:16.370,1.51985,1.5207,1.50,1.60
2008.11.12 13:34:16.670,1.51985,1.5207,2.70,1.60
2008.11.12 13:34:17.470,1.51985,1.5207,2.70,2.80
2008.11.12 13:34:17.870,1.51985,1.5207,2.70,1.60
2008.11.12 13:34:18.500,1.51985,1.5207,1.50,1.60
2008.11.12 13:34:18.620,1.5198,1.5207,3.90,3.90
2008.11.12 13:34:18.900,1.5198,1.5206,4.20,1.20
2008.11.12 13:34:19.070,1.5198,1.5206,3.90,1.60
2008.11.12 13:34:19.370,1.51985,1.5206,1.20,1.60
2008.11.12 13:34:20.240,1.5199,1.52055,1.20,1.60
2008.11.12 13:34:20.599,1.5199,1.5206,1.20,1.20
2008.11.12 13:34:20.999,1.5198,1.52055,1.20,1.60
2008.11.12 13:34:21.180,1.51975,1.52055,3.00,1.60
2008.11.12 13:34:21.479,1.51975,1.5205,1.80,1.60
2008.11.12 13:34:21.869,1.51975,1.5205,1.20,1.60
2008.11.12 13:34:22.219,1.51975,1.52055,2.40,1.60
2008.11.12 13:34:22.439,1.51975,1.5205,1.20,1.60
2008.11.12 13:34:23.599,1.5197,1.5205,1.20,5.10
2008.11.12 13:34:23.888,1.5197,1.5205,1.20,2.80
2008.11.12 13:34:24.699,1.51965,1.52045,2.70,1.20
2008.11.12 13:34:25.089,1.51965,1.5204,1.50,1.20
2008.11.12 13:34:25.539,1.51965,1.5203,1.20,1.60
2008.11.12 13:34:25.838,1.5196,1.5203,1.20,1.60
2008.11.12 13:34:26.368,1.5196,1.5203,1.20,2.70
2008.11.12 13:34:26.718,1.5196,1.5203,1.20,3.90
2008.11.12 13:34:27.448,1.5196,1.5203,1.20,5.10
2008.11.12 13:34:28.028,1.5196,1.52025,1.20,2.10
2008.11.12 13:34:28.378,1.5196,1.5202,1.20,3.90
2008.11.12 13:34:28.897,1.5196,1.5202,1.20,1.60
2008.11.12 13:34:29.127,1.5196,1.5202,1.20,2.80
2008.11.12 13:34:30.167,1.5196,1.52015,1.20,2.80
2008.11.12 13:34:30.877,1.5196,1.52015,1.20,1.60
2008.11.12 13:34:31.177,1.5196,1.52035,1.20,2.40
2008.11.12 13:34:31.697,1.5196,1.52035,1.20,1.20
2008.11.12 13:34:32.786,1.5196,1.52045,2.40,3.30
2008.11.12 13:34:33.286,1.5196,1.52045,1.20,2.10
2008.11.12 13:34:35.246,1.5196,1.5204,1.20,1.20
2008.11.12 13:34:35.836,1.5196,1.5202,1.20,1.20
2008.11.12 13:34:39.115,1.5196,1.5201,1.20,2.10
2008.11.12 13:34:39.905,1.5196,1.51995,1.20,1.20
2008.11.12 13:34:40.195,1.5196,1.51995,1.20,2.70
2008.11.12 13:34:40.655,1.5196,1.51995,1.20,5.10
2008.11.12 13:34:40.935,1.5196,1.5199,1.20,3.30
2008.11.12 13:34:41.345,1.5196,1.51985,1.20,1.20
2008.11.12 13:34:42.064,1.5196,1.5198,1.20,1.20
2008.11.12 13:34:42.394,1.519,1.51965,1.00,1.20
2008.11.12 13:34:42.734,1.519,1.5196,1.50,1.20
2008.11.12 13:34:43.084,1.519,1.5198,2.10,4.00
2008.11.12 13:34:43.414,1.519,1.51975,1.50,1.20
2008.11.12 13:34:44.254,1.51885,1.5194,1.00,1.00
2008.11.12 13:34:44.544,1.51875,1.51955,1.20,2.10
2008.11.12 13:34:44.894,1.51875,1.51975,1.20,1.20
2008.11.12 13:34:45.283,1.5189,1.5199,1.20,3.00
2008.11.12 13:34:46.213,1.5188,1.5194,1.20,1.60
2008.11.12 13:34:46.673,1.5191,1.52,1.20,1.00
2008.11.12 13:34:47.023,1.519,1.5199,2.10,1.20
2008.11.12 13:34:47.423,1.51905,1.5199,1.20,1.00
2008.11.12 13:34:47.773,1.51915,1.52,1.20,1.00
2008.11.12 13:34:48.563,1.51885,1.51965,1.20,2.80
2008.11.12 13:34:49.372,1.5188,1.51965,2.70,2.80
2008.11.12 13:34:50.422,1.5188,1.5196,1.80,1.60
2008.11.12 13:34:50.542,1.5188,1.5196,1.20,1.60
2008.11.12 13:34:50.932,1.51875,1.5196,3.90,2.80
2008.11.12 13:34:51.432,1.51875,1.51955,2.70,1.20
2008.11.12 13:34:51.832,1.519,1.51975,1.50,2.80
2008.11.12 13:34:52.272,1.51895,1.51965,1.90,1.60
2008.11.12 13:34:52.612,1.5188,1.51965,1.00,2.10
2008.11.12 13:34:52.951,1.51875,1.51965,2.70,3.30
2008.11.12 13:34:53.231,1.5188,1.5196,1.50,1.00
2008.11.12 13:34:53.531,1.5188,1.5197,1.50,2.10
2008.11.12 13:34:53.881,1.51875,1.51975,1.20,1.20
2008.11.12 13:34:54.341,1.5188,1.51975,1.20,1.20
2008.11.12 13:34:54.781,1.5188,1.5198,1.20,1.20
2008.11.12 13:34:55.491,1.51885,1.51985,1.20,1.20
2008.11.12 13:34:59.070,1.5188,1.5198,1.20,1.20
2008.11.12 13:34:59.980,1.51875,1.51975,1.20,1.20
2008.11.12 13:35:00.670,1.5187,1.5197,1.20,1.20
2008.11.12 13:35:01.360,1.51865,1.5195,1.20,1.20
2008.11.12 13:35:01.770,1.5186,1.51945,1.20,2.10
2008.11.12 13:35:02.479,1.51865,1.5194,1.20,1.20
2008.11.12 13:35:02.869,1.51865,1.51965,1.20,3.40
2008.11.12 13:35:03.209,1.51885,1.51985,1.20,2.40
2008.11.12 13:35:03.669,1.51885,1.5198,1.20,1.20
2008.11.12 13:35:04.299,1.51875,1.51975,1.20,1.20
2008.11.12 13:35:04.629,1.5188,1.5198,1.20,1.20
2008.11.12 13:35:04.959,1.5189,1.5199,1.20,1.20
2008.11.12 13:35:05.579,1.51895,1.51995,1.20,1.20
2008.11.12 13:35:05.929,1.5189,1.51985,1.20,1.20
2008.11.12 13:35:06.398,1.5188,1.5198,1.20,1.20
2008.11.12 13:35:07.198,1.51875,1.51975,1.20,1.20
2008.11.12 13:35:07.648,1.5189,1.51985,1.20,1.20
2008.11.12 13:35:08.158,1.51895,1.51995,1.20,2.20
2008.11.12 13:35:08.558,1.51895,1.51995,1.20,1.20
2008.11.12 13:35:08.888,1.519,1.52,1.20,1.20
2008.11.12 13:35:09.338,1.5191,1.5201,1.20,1.20
2008.11.12 13:35:09.627,1.51905,1.52005,1.20,1.20
2008.11.12 13:35:10.887,1.5191,1.5201,1.20,1.20
2008.11.12 13:35:11.247,1.51915,1.52015,1.20,1.20
2008.11.12 13:35:12.347,1.5191,1.5201,1.20,1.20
2008.11.12 13:35:12.967,1.51905,1.52,1.20,1.20
2008.11.12 13:35:14.086,1.51875,1.51955,1.20,1.60
2008.11.12 13:35:14.436,1.51875,1.5195,1.50,1.60
2008.11.12 13:35:14.667,1.51885,1.51955,1.50,1.60
2008.11.12 13:35:15.026,1.51885,1.51955,1.00,1.60
2008.11.12 13:35:15.206,1.51885,1.51945,1.00,1.60
2008.11.12 13:35:15.486,1.51875,1.51945,1.50,1.60
2008.11.12 13:35:15.726,1.5187,1.5194,1.50,1.60
2008.11.12 13:35:16.336,1.51875,1.51945,1.50,1.60
2008.11.12 13:35:16.576,1.5187,1.5194,2.70,1.60
2008.11.12 13:35:16.976,1.5187,1.5194,3.90,1.60
2008.11.12 13:35:17.366,1.51875,1.51945,1.50,1.60
2008.11.12 13:35:17.776,1.51885,1.5195,1.50,1.20
2008.11.12 13:35:18.585,1.51885,1.5195,1.00,1.60
2008.11.12 13:35:18.925,1.5188,1.51935,1.20,1.60
2008.11.12 13:35:19.265,1.51875,1.5194,1.50,1.20
2008.11.12 13:35:19.545,1.51885,1.51945,1.50,1.20
2008.11.12 13:35:19.905,1.51885,1.5195,1.50,1.20
2008.11.12 13:35:20.295,1.51885,1.5195,1.00,1.20
2008.11.12 13:35:20.655,1.51875,1.5195,1.50,2.80
2008.11.12 13:35:20.835,1.51885,1.5195,1.50,2.80
2008.11.12 13:35:23.574,1.51885,1.5195,1.00,2.80
2008.11.12 13:35:23.814,1.51875,1.51935,1.20,1.60
2008.11.12 13:35:24.034,1.51865,1.51935,1.50,1.60
2008.11.12 13:35:25.994,1.51865,1.51935,1.50,2.80
2008.11.12 13:35:26.553,1.51865,1.5193,1.50,1.20
2008.11.12 13:35:26.903,1.51865,1.5193,1.50,2.20
2008.11.12 13:35:29.933,1.51865,1.5192,1.50,1.00
2008.11.12 13:35:30.113,1.51865,1.51925,1.50,2.80
2008.11.12 13:35:30.223,1.5186,1.51925,1.50,1.60
2008.11.12 13:35:30.633,1.5186,1.51915,1.50,1.00
2008.11.12 13:35:31.032,1.51865,1.51915,1.50,1.00
2008.11.12 13:35:31.492,1.51885,1.5192,1.50,1.00
2008.11.12 13:35:32.132,1.5189,1.51965,1.50,2.40
2008.11.12 13:35:32.352,1.5189,1.5196,1.50,1.60
2008.11.12 13:35:32.712,1.5189,1.5195,1.50,1.60
2008.11.12 13:35:32.992,1.5189,1.5196,1.50,2.80
2008.11.12 13:35:33.701,1.5189,1.5196,1.50,1.60
2008.11.12 13:35:34.202,1.5189,1.5196,1.00,1.60
2008.11.12 13:35:34.321,1.51885,1.51965,1.50,1.20
2008.11.12 13:35:34.372,1.5189,1.5197,1.50,2.40
2008.11.12 13:35:34.661,1.5189,1.5197,1.50,1.20
2008.11.12 13:35:34.772,1.5189,1.51975,1.20,1.00
2008.11.12 13:35:35.131,1.5189,1.5199,1.20,1.20
2008.11.12 13:35:35.491,1.51885,1.51985,1.20,1.20
2008.11.12 13:35:40.700,1.5189,1.51985,1.20,1.20
2008.11.12 13:35:41.050,1.5189,1.5199,1.20,1.20
2008.11.12 13:35:41.840,1.51895,1.51995,1.20,1.20
2008.11.12 13:35:44.009,1.51895,1.51965,1.20,1.00
2008.11.12 13:35:44.239,1.51885,1.51955,1.50,1.60
2008.11.12 13:35:45.169,1.51885,1.51955,1.00,1.60
2008.11.12 13:35:45.569,1.51885,1.5195,1.00,1.60
2008.11.12 13:35:45.869,1.51875,1.51945,1.50,1.60
2008.11.12 13:35:46.149,1.51895,1.51945,1.50,1.60
2008.11.12 13:35:46.319,1.51895,1.5197,1.50,1.60
2008.11.12 13:35:47.948,1.519,1.5197,1.50,1.60
2008.11.12 13:35:48.278,1.5191,1.51975,1.50,2.80
2008.11.12 13:35:49.718,1.5191,1.5197,1.50,1.20
2008.11.12 13:35:51.048,1.51915,1.5197,1.50,1.20
2008.11.12 13:35:51.447,1.51905,1.5197,2.70,1.20
2008.11.12 13:35:51.787,1.5192,1.5198,1.50,1.20
2008.11.12 13:35:52.257,1.5193,1.5198,1.00,1.20
2008.11.12 13:35:52.667,1.5194,1.5199,1.00,1.20
2008.11.12 13:35:53.087,1.51945,1.51995,1.50,1.20
2008.11.12 13:35:53.427,1.51955,1.52,1.50,1.20
2008.11.12 13:35:53.887,1.51925,1.52,3.90,2.80
2008.11.12 13:35:54.237,1.51925,1.52,2.70,2.80
2008.11.12 13:35:54.937,1.5192,1.5199,1.00,1.00
2008.11.12 13:35:55.356,1.51905,1.5197,1.20,1.60
2008.11.12 13:35:56.037,1.519,1.51975,1.50,2.80
2008.11.12 13:35:56.686,1.51895,1.5197,1.50,2.40
2008.11.12 13:35:56.866,1.51895,1.51965,1.50,1.60
2008.11.12 13:35:57.526,1.519,1.5197,1.50,2.80
2008.11.12 13:35:57.926,1.51905,1.51965,1.20,1.60
2008.11.12 13:35:58.266,1.51895,1.51965,1.50,1.60
2008.11.12 13:35:58.666,1.519,1.51965,1.00,1.20
2008.11.12 13:35:59.176,1.519,1.5197,1.50,1.60
2008.11.12 13:35:59.355,1.519,1.5197,1.50,2.80
2008.11.12 13:35:59.595,1.519,1.5197,1.50,4.00
2008.11.12 13:36:00.815,1.519,1.5197,1.50,2.80
2008.11.12 13:36:02.095,1.519,1.5197,1.50,4.00
2008.11.12 13:36:03.925,1.5191,1.5197,1.00,1.20
2008.11.12 13:36:04.154,1.51905,1.51965,1.80,1.00
2008.11.12 13:36:04.325,1.519,1.5197,1.50,2.80
2008.11.12 13:36:04.564,1.5191,1.51965,1.00,1.20
2008.11.12 13:36:06.614,1.5192,1.51965,1.00,1.20
2008.11.12 13:36:06.894,1.5192,1.5197,1.50,2.20
2008.11.12 13:36:07.004,1.5192,1.5197,1.50,1.20
2008.11.12 13:36:08.583,1.5193,1.51975,1.50,2.20
2008.11.12 13:36:08.813,1.5193,1.5197,1.80,1.20
2008.11.12 13:36:09.153,1.51915,1.5197,1.50,1.20
2008.11.12 13:36:09.623,1.5192,1.51975,1.50,1.20
2008.11.12 13:36:10.892,1.5192,1.51975,1.50,2.20
2008.11.12 13:36:11.742,1.51925,1.51975,1.00,2.20
2008.11.12 13:36:12.102,1.51925,1.51975,1.50,1.20
2008.11.12 13:36:12.372,1.51915,1.5197,1.50,1.20
2008.11.12 13:36:12.552,1.51905,1.51965,2.70,1.20
2008.11.12 13:36:12.952,1.51905,1.51965,1.50,1.20
2008.11.12 13:36:14.002,1.51905,1.51955,1.80,1.20
2008.11.12 13:36:14.122,1.51905,1.5196,1.20,2.80
2008.11.12 13:36:14.462,1.5189,1.5196,1.50,2.80
2008.11.12 13:36:15.612,1.5189,1.5196,1.50,4.00
2008.11.12 13:36:16.651,1.5189,1.5196,2.70,2.80
2008.11.12 13:36:16.941,1.51905,1.51955,1.00,1.00
2008.11.12 13:36:17.701,1.5191,1.5198,1.50,5.20
2008.11.12 13:36:18.111,1.5191,1.5198,2.70,1.60
2008.11.12 13:36:18.501,1.5192,1.51995,1.50,2.80
2008.11.12 13:36:18.851,1.5193,1.51995,1.50,1.20
2008.11.12 13:36:19.131,1.5193,1.51995,1.00,1.20
2008.11.12 13:36:19.421,1.5192,1.51995,1.50,4.00
2008.11.12 13:36:19.981,1.5192,1.51995,1.50,2.80
2008.11.12 13:36:21.440,1.5192,1.5199,1.80,1.20
2008.11.12 13:36:21.890,1.51925,1.5199,1.20,1.20
2008.11.12 13:36:22.450,1.5192,1.5199,1.50,1.20
2008.11.12 13:36:22.890,1.5192,1.5199,2.70,1.20
2008.11.12 13:36:23.670,1.5192,1.5199,2.10,2.80
2008.11.12 13:36:23.960,1.51915,1.5199,1.50,2.80
2008.11.12 13:36:24.250,1.51915,1.51985,1.50,1.20
2008.11.12 13:36:24.609,1.5191,1.51975,1.20,1.60
2008.11.12 13:36:24.729,1.5191,1.51975,1.20,1.60
2008.11.12 13:36:25.769,1.51915,1.51985,1.50,1.20
2008.11.12 13:36:26.739,1.51915,1.5199,1.50,1.20
2008.11.12 13:36:27.139,1.5192,1.5198,2.10,1.60
2008.11.12 13:36:27.769,1.51915,1.5198,1.50,1.60
2008.11.12 13:36:28.178,1.51905,1.5198,2.70,1.60
2008.11.12 13:36:28.828,1.51915,1.5198,1.20,1.60
2008.11.12 13:36:29.628,1.51915,1.5199,2.70,2.80
2008.11.12 13:36:30.598,1.5192,1.5199,1.20,2.80
2008.11.12 13:36:30.838,1.51915,1.5198,1.20,1.60
2008.11.12 13:36:31.918,1.5192,1.5198,1.20,1.60
2008.11.12 13:36:32.318,1.51925,1.5199,1.20,2.80
2008.11.12 13:36:32.907,1.51915,1.5199,1.50,2.80
2008.11.12 13:36:33.957,1.51925,1.5199,1.20,2.80
2008.11.12 13:36:34.367,1.51925,1.51985,1.20,1.20
2008.11.12 13:36:34.757,1.5192,1.51985,2.10,1.20
2008.11.12 13:36:35.057,1.5192,1.51985,2.70,1.20
2008.11.12 13:36:35.277,1.5192,1.5199,2.70,1.20
2008.11.12 13:36:35.617,1.5192,1.51985,2.10,1.20
2008.11.12 13:36:35.837,1.51915,1.51985,1.50,1.20
2008.11.12 13:36:36.067,1.51915,1.5199,1.50,2.80
2008.11.12 13:36:36.467,1.51915,1.51975,1.50,1.00
2008.11.12 13:36:38.896,1.51925,1.51975,1.00,1.00
2008.11.12 13:36:39.126,1.51925,1.5199,1.00,1.20
2008.11.12 13:36:39.466,1.51925,1.52,1.50,1.60
2008.11.12 13:36:39.806,1.51935,1.52,1.50,1.60
2008.11.12 13:36:40.216,1.51935,1.5201,1.50,1.20
2008.11.12 13:36:40.565,1.51945,1.52015,2.70,1.20
2008.11.12 13:36:41.335,1.5196,1.52015,1.00,1.20
2008.11.12 13:36:41.855,1.5197,1.52025,1.50,1.20
2008.11.12 13:36:42.205,1.51985,1.5203,1.50,1.20
2008.11.12 13:36:42.565,1.5197,1.5203,1.50,1.20
2008.11.12 13:36:42.855,1.5197,1.52025,1.50,1.20
2008.11.12 13:36:43.565,1.5197,1.52015,1.50,1.20
2008.11.12 13:36:44.135,1.5197,1.5202,1.50,1.20
2008.11.12 13:36:44.585,1.5197,1.52025,1.50,2.80
2008.11.12 13:36:45.435,1.5198,1.5203,1.00,1.20
2008.11.12 13:36:45.765,1.51975,1.52025,1.20,1.60
2008.11.12 13:36:46.174,1.5196,1.52025,1.50,1.60
2008.11.12 13:36:47.224,1.52,1.52025,1.50,1.60
2008.11.12 13:36:47.564,1.5196,1.5204,1.00,1.20
2008.11.12 13:36:48.044,1.51965,1.5204,1.00,1.20
2008.11.12 13:36:48.384,1.5197,1.5203,1.50,1.60
2008.11.12 13:36:49.154,1.52015,1.52045,1.50,1.20
2008.11.12 13:36:49.513,1.5201,1.52055,1.20,1.20
2008.11.12 13:36:49.803,1.51975,1.5206,1.50,2.80
2008.11.12 13:36:50.213,1.51975,1.52045,1.00,1.60
2008.11.12 13:36:50.543,1.5197,1.52045,1.50,1.60
2008.11.12 13:36:50.823,1.5197,1.52055,1.50,3.90
2008.11.12 13:36:51.483,1.5198,1.5206,1.50,2.40
2008.11.12 13:36:51.823,1.5203,1.52085,1.50,2.40
2008.11.12 13:36:52.233,1.5203,1.5208,1.00,1.20
2008.11.12 13:36:52.693,1.5202,1.5209,1.50,3.60
2008.11.12 13:36:53.222,1.5202,1.5209,1.50,1.20
2008.11.12 13:36:53.852,1.5202,1.52075,1.80,1.20
2008.11.12 13:36:54.532,1.52015,1.52075,1.50,1.20
2008.11.12 13:36:54.952,1.52005,1.5208,1.20,3.30
2008.11.12 13:36:55.182,1.5199,1.52075,2.70,1.60
2008.11.12 13:36:55.472,1.51995,1.5207,1.20,1.00
2008.11.12 13:36:55.592,1.51985,1.5207,2.10,1.00
2008.11.12 13:36:57.491,1.5198,1.5207,3.90,2.10
2008.11.12 13:36:57.942,1.5198,1.5207,1.50,6.30
2008.11.12 13:36:58.381,1.5199,1.52075,1.50,1.20
2008.11.12 13:36:58.981,1.5199,1.5208,1.50,6.30
2008.11.12 13:36:59.262,1.5199,1.5208,1.50,5.10
2008.11.12 13:36:59.651,1.52,1.52085,1.50,5.10
2008.11.12 13:37:00.131,1.52005,1.52085,1.50,1.20
2008.11.12 13:37:00.431,1.52005,1.5209,1.50,1.20
2008.11.12 13:37:00.711,1.5201,1.52095,1.50,2.80
2008.11.12 13:37:01.161,1.52075,1.521,1.00,5.10
2008.11.12 13:37:01.570,1.52085,1.52135,1.50,1.20
2008.11.12 13:37:01.871,1.521,1.5215,1.00,2.40
2008.11.12 13:37:02.510,1.52095,1.5215,2.70,2.40
2008.11.12 13:37:02.880,1.52105,1.5217,1.50,2.40
2008.11.12 13:37:03.280,1.521,1.5218,1.50,5.20
2008.11.12 13:37:03.740,1.5209,1.52165,2.70,1.60
2008.11.12 13:37:04.090,1.52095,1.5217,1.50,1.60
2008.11.12 13:37:04.480,1.52095,1.5217,1.50,2.80
2008.11.12 13:37:04.710,1.52135,1.5217,1.00,2.80
2008.11.12 13:37:04.940,1.52135,1.52175,1.00,1.20
2008.11.12 13:37:05.300,1.5213,1.5219,1.50,2.40
2008.11.12 13:37:05.700,1.5213,1.5219,1.50,1.60
2008.11.12 13:37:06.099,1.52125,1.5219,1.20,1.60
2008.11.12 13:37:06.549,1.52105,1.5218,1.50,1.60
2008.11.12 13:37:07.969,1.521,1.5218,1.50,1.60
2008.11.12 13:37:08.429,1.521,1.52175,1.50,1.20
2008.11.12 13:37:08.899,1.52085,1.52165,1.50,1.60
2008.11.12 13:37:09.249,1.5208,1.52155,2.70,1.60
2008.11.12 13:37:09.789,1.5208,1.52155,1.00,2.80
2008.11.12 13:37:09.969,1.52075,1.5215,2.70,1.60
2008.11.12 13:37:10.578,1.5207,1.52135,1.20,1.60
2008.11.12 13:37:10.849,1.52055,1.52115,1.00,1.20
2008.11.12 13:37:11.148,1.52125,1.5215,1.50,1.50
2008.11.12 13:37:11.548,1.52135,1.5214,1.50,1.00
2008.11.12 13:37:11.958,1.52165,1.52235,1.50,1.20
2008.11.12 13:37:12.468,1.5216,1.5223,2.70,1.20
2008.11.12 13:37:12.808,1.5216,1.5223,1.50,1.20
2008.11.12 13:37:13.158,1.5216,1.52235,1.50,2.80
2008.11.12 13:37:13.558,1.52155,1.5223,1.50,1.60
2008.11.12 13:37:14.028,1.52155,1.5223,1.50,2.80
2008.11.12 13:37:14.207,1.5215,1.52225,1.50,1.20
2008.11.12 13:37:14.617,1.5215,1.52225,1.50,2.80
2008.11.12 13:37:14.967,1.52155,1.52225,1.00,2.80
2008.11.12 13:37:15.077,1.52155,1.52225,1.50,1.60
2008.11.12 13:37:15.367,1.52155,1.5223,1.50,2.80
2008.11.12 13:37:15.687,1.52155,1.52225,1.00,1.20
2008.11.12 13:37:16.137,1.5215,1.52225,1.50,1.20
2008.11.12 13:37:16.717,1.52145,1.52215,2.70,2.40
2008.11.12 13:37:16.987,1.52145,1.5221,1.50,1.20
2008.11.12 13:37:17.267,1.5214,1.5221,1.50,1.20
2008.11.12 13:37:17.706,1.5211,1.5217,2.40,1.60
2008.11.12 13:37:18.116,1.5208,1.5213,11.70,1.20
2008.11.12 13:37:18.467,1.5208,1.5213,11.70,2.10
2008.11.12 13:37:18.796,1.5208,1.5216,11.70,1.20
2008.11.12 13:37:19.376,1.5208,1.52135,11.70,1.00
2008.11.12 13:37:19.656,1.5208,1.52115,11.70,1.60
2008.11.12 13:37:19.996,1.5208,1.52095,11.70,1.20
2008.11.12 13:37:20.286,1.5208,1.52115,11.70,1.60
2008.11.12 13:37:21.126,1.5208,1.5212,11.70,1.20
2008.11.12 13:37:21.476,1.5208,1.5213,11.70,2.80
2008.11.12 13:37:21.866,1.5204,1.5207,24.00,1.60
2008.11.12 13:37:22.226,1.5207,1.5208,3.60,1.60
2008.11.12 13:37:23.316,1.5207,1.5209,3.60,1.00
2008.11.12 13:37:23.705,1.5208,1.5211,11.70,1.20
2008.11.12 13:37:24.125,1.5208,1.52125,11.70,7.20
2008.11.12 13:37:24.415,1.5208,1.52135,11.70,1.20
2008.11.12 13:37:25.905,1.5208,1.5213,11.70,1.20
2008.11.12 13:37:26.474,1.52115,1.5215,1.50,2.40
2008.11.12 13:37:26.825,1.5211,1.5215,1.50,2.40
2008.11.12 13:37:27.114,1.5211,1.5216,1.50,1.00
2008.11.12 13:37:28.044,1.521,1.5216,1.20,1.00
2008.11.12 13:37:28.974,1.521,1.5216,2.40,1.00
2008.11.12 13:37:30.993,1.5211,1.5216,1.00,1.00
2008.11.12 13:37:31.113,1.5211,1.5216,2.70,1.00
2008.11.12 13:37:31.453,1.5211,1.5216,1.80,1.00
2008.11.12 13:37:31.813,1.5211,1.5216,1.00,1.00
2008.11.12 13:37:32.153,1.521,1.5216,2.40,1.00
2008.11.12 13:37:34.123,1.52085,1.5216,1.20,1.00
2008.11.12 13:37:34.472,1.5208,1.5215,11.70,1.20
2008.11.12 13:37:34.762,1.5208,1.52145,11.70,1.20
2008.11.12 13:37:36.432,1.5208,1.5214,11.70,1.20
2008.11.12 13:37:36.782,1.5208,1.5212,11.70,1.20
2008.11.12 13:37:38.272,1.5208,1.52125,11.70,1.20
2008.11.12 13:37:38.851,1.5208,1.5212,11.70,1.20
2008.11.12 13:37:39.941,1.5208,1.52125,11.70,1.20
2008.11.12 13:37:41.721,1.5208,1.5212,11.70,1.20
2008.11.12 13:37:43.151,1.5208,1.5213,11.70,1.20
2008.11.12 13:37:44.001,1.5208,1.5212,11.70,1.20
2008.11.12 13:37:47.879,1.5208,1.52115,11.70,1.20
2008.11.12 13:37:48.299,1.5208,1.5211,11.70,1.20
2008.11.12 13:37:49.469,1.5208,1.52095,11.70,1.20
2008.11.12 13:37:49.759,1.5208,1.52085,11.70,1.20
2008.11.12 13:37:50.159,1.5208,1.52105,11.70,2.70
2008.11.12 13:37:50.739,1.5208,1.52105,11.70,2.70
2008.11.12 13:37:51.399,1.5199,1.5206,19.70,1.20
2008.11.12 13:37:51.848,1.51955,1.52055,1.20,1.20
2008.11.12 13:37:52.318,1.5195,1.5205,1.20,1.20
2008.11.12 13:37:52.668,1.51935,1.52035,1.20,1.20
2008.11.12 13:37:53.228,1.51945,1.5204,1.20,1.20
2008.11.12 13:37:53.638,1.5195,1.5205,1.20,1.20
2008.11.12 13:37:54.288,1.51955,1.52055,1.20,1.20
2008.11.12 13:37:55.188,1.5198,1.52075,1.20,1.20
2008.11.12 13:37:55.997,1.51985,1.52085,1.20,3.40
2008.11.12 13:37:56.398,1.51995,1.52085,2.40,1.20
2008.11.12 13:37:56.787,1.5201,1.52085,1.20,1.20
2008.11.12 13:37:57.127,1.52015,1.521,1.20,1.20
2008.11.12 13:37:57.477,1.5202,1.5212,1.20,2.40
2008.11.12 13:37:57.837,1.52025,1.5211,1.20,1.20
2008.11.12 13:37:58.187,1.5203,1.52105,1.00,1.60
2008.11.12 13:37:58.707,1.52035,1.5211,1.00,1.20
2008.11.12 13:37:59.057,1.5203,1.52105,2.10,1.00
2008.11.12 13:37:59.677,1.5203,1.521,1.20,2.10
2008.11.12 13:38:00.076,1.52055,1.5211,1.50,1.20
2008.11.12 13:38:00.356,1.52055,1.52115,1.50,1.20
2008.11.12 13:38:00.746,1.5205,1.52115,1.00,1.20
2008.11.12 13:38:01.036,1.52045,1.5212,1.20,1.20
2008.11.12 13:38:01.566,1.5205,1.5211,1.20,1.20
2008.11.12 13:38:01.906,1.5205,1.52125,1.20,1.00
2008.11.12 13:38:02.216,1.52045,1.5213,2.40,2.10
2008.11.12 13:38:02.686,1.5205,1.5213,1.20,2.10
2008.11.12 13:38:02.966,1.5205,1.5212,1.50,1.20
2008.11.12 13:38:03.326,1.52055,1.52135,1.00,2.10
2008.11.12 13:38:03.726,1.52055,1.52135,1.50,1.20
2008.11.12 13:38:04.595,1.52055,1.5214,2.70,1.20
2008.11.12 13:38:05.625,1.52055,1.5213,1.50,1.20
2008.11.12 13:38:05.975,1.52065,1.5213,1.00,2.40
2008.11.12 13:38:06.095,1.52065,1.52145,2.70,1.20
2008.11.12 13:38:06.425,1.5207,1.52145,1.20,1.20
2008.11.12 13:38:06.775,1.52065,1.52145,2.10,1.20
2008.11.12 13:38:07.135,1.52055,1.5213,1.20,2.10
2008.11.12 13:38:07.485,1.52045,1.5213,2.70,2.10
2008.11.12 13:38:09.954,1.52065,1.5213,1.20,2.10
2008.11.12 13:38:10.124,1.52065,1.52145,1.20,1.20
2008.11.12 13:38:11.504,1.5206,1.52135,1.50,1.20
2008.11.12 13:38:12.024,1.5205,1.52125,1.00,1.20
2008.11.12 13:38:12.354,1.5203,1.52115,1.80,1.20
2008.11.12 13:38:12.643,1.5203,1.52105,1.20,2.10
2008.11.12 13:38:12.993,1.52015,1.52085,1.80,1.20
2008.11.12 13:38:13.523,1.5201,1.52085,1.20,2.10
2008.11.12 13:38:14.403,1.5202,1.521,1.20,3.30
2008.11.12 13:38:14.693,1.5202,1.52095,1.20,1.20
2008.11.12 13:38:15.033,1.52025,1.5209,1.20,1.00
2008.11.12 13:38:15.483,1.52025,1.52105,1.20,2.10
2008.11.12 13:38:16.282,1.5202,1.521,1.20,2.10
2008.11.12 13:38:16.603,1.5202,1.521,1.20,3.30
2008.11.12 13:38:17.472,1.5202,1.52095,1.20,3.30
2008.11.12 13:38:17.952,1.52015,1.52095,1.20,3.30
2008.11.12 13:38:18.322,1.5202,1.52095,1.20,3.30
2008.11.12 13:38:19.192,1.52025,1.52095,1.00,2.10
2008.11.12 13:38:19.432,1.52025,1.521,1.50,1.20
2008.11.12 13:38:19.732,1.52025,1.521,1.00,1.20
2008.11.12 13:38:20.062,1.52025,1.52095,1.20,1.00
2008.11.12 13:38:20.241,1.5202,1.52095,1.20,1.00
2008.11.12 13:38:20.641,1.52015,1.521,2.70,2.20
2008.11.12 13:38:20.752,1.52015,1.521,3.90,2.20
2008.11.12 13:38:20.932,1.52015,1.52095,3.00,1.20
2008.11.12 13:38:21.281,1.52005,1.52085,3.00,1.20
2008.11.12 13:38:21.611,1.52005,1.52085,2.40,2.10
2008.11.12 13:38:22.061,1.52005,1.52075,1.20,2.10
2008.11.12 13:38:22.411,1.51995,1.52075,1.20,2.10
2008.11.12 13:38:22.861,1.52,1.52075,1.20,2.10
2008.11.12 13:38:23.861,1.51995,1.5207,1.20,2.10
2008.11.12 13:38:24.501,1.51985,1.52055,1.20,2.10
2008.11.12 13:38:24.970,1.51985,1.5205,1.20,1.20
2008.11.12 13:38:25.381,1.5198,1.52065,2.40,4.50
2008.11.12 13:38:25.660,1.5198,1.52065,1.20,4.50
2008.11.12 13:38:26.200,1.5198,1.52055,1.20,1.20
2008.11.12 13:38:26.830,1.51985,1.52055,1.20,1.00
2008.11.12 13:38:27.010,1.51985,1.52055,1.20,2.10
2008.11.12 13:38:27.350,1.51985,1.52065,1.20,3.30
2008.11.12 13:38:28.210,1.5199,1.52065,1.00,3.40
2008.11.12 13:38:28.679,1.52,1.5208,1.20,2.10
2008.11.12 13:38:29.030,1.52005,1.52085,1.00,2.10
2008.11.12 13:38:29.259,1.52005,1.52085,1.50,1.20
2008.11.12 13:38:30.899,1.52005,1.52085,2.70,1.20
2008.11.12 13:38:32.358,1.5201,1.5207,1.20,1.20
2008.11.12 13:38:32.649,1.52,1.5208,1.00,2.40
2008.11.12 13:38:33.178,1.5199,1.52075,2.70,1.20
2008.11.12 13:38:33.538,1.52,1.5208,1.50,1.20
2008.11.12 13:38:35.718,1.52,1.52085,2.70,1.20
2008.11.12 13:38:35.838,1.5201,1.52085,1.20,2.20
2008.11.12 13:38:36.807,1.5201,1.5208,1.20,3.30
2008.11.12 13:38:37.098,1.51995,1.5208,1.20,3.30
2008.11.12 13:38:37.797,1.51995,1.52075,1.20,1.20
2008.11.12 13:38:38.098,1.5199,1.52075,1.20,3.30
2008.11.12 13:38:39.277,1.51995,1.52075,1.20,2.40
2008.11.12 13:38:39.617,1.51995,1.5207,1.20,1.20
2008.11.12 13:38:39.897,1.51985,1.52065,1.20,2.10
2008.11.12 13:38:40.127,1.51985,1.52065,1.20,3.30
2008.11.12 13:38:40.567,1.5198,1.52065,1.20,4.50
2008.11.12 13:38:41.256,1.5198,1.52055,1.20,2.10
2008.11.12 13:38:42.296,1.5198,1.52055,1.20,1.20
2008.11.12 13:38:42.646,1.51975,1.52065,3.90,4.50
2008.11.12 13:38:43.056,1.51975,1.52055,2.10,2.10
2008.11.12 13:38:43.396,1.51975,1.52055,1.20,2.10
2008.11.12 13:38:45.205,1.51975,1.52055,2.40,2.10
2008.11.12 13:38:45.546,1.5198,1.52055,1.20,1.00
2008.11.12 13:38:45.836,1.5198,1.52065,1.20,4.50
2008.11.12 13:38:46.815,1.51975,1.5206,1.80,3.40
2008.11.12 13:38:47.106,1.5198,1.52065,1.00,3.30
2008.11.12 13:38:47.455,1.5198,1.52055,2.70,1.00
2008.11.12 13:38:47.875,1.5198,1.52065,1.20,4.50
2008.11.12 13:38:48.165,1.5197,1.5205,1.20,2.10
2008.11.12 13:38:49.035,1.51965,1.5205,1.20,3.30
2008.11.12 13:38:49.844,1.51965,1.5204,1.20,1.00
2008.11.12 13:38:50.354,1.5197,1.5204,1.20,1.00
2008.11.12 13:38:50.884,1.5197,1.5204,2.10,1.00
2008.11.12 13:38:51.254,1.51975,1.5206,1.20,4.50
2008.11.12 13:38:51.524,1.5198,1.52055,1.20,1.00
2008.11.12 13:38:52.824,1.5198,1.52065,1.20,4.50
2008.11.12 13:38:53.164,1.5198,1.52055,1.20,1.00
2008.11.12 13:38:53.524,1.51985,1.5207,1.20,3.30
2008.11.12 13:38:53.884,1.51985,1.5207,2.70,1.20
2008.11.12 13:38:54.303,1.5199,1.52075,1.20,4.50
2008.11.12 13:38:54.633,1.5199,1.52075,1.20,3.30
2008.11.12 13:38:55.013,1.51995,1.5207,1.00,1.20
2008.11.12 13:38:55.373,1.51995,1.5207,1.20,2.20
2008.11.12 13:38:55.673,1.52,1.5207,1.20,2.20
2008.11.12 13:38:57.133,1.52,1.5207,1.20,4.50
2008.11.12 13:38:57.713,1.51995,1.5207,1.00,1.20
2008.11.12 13:38:58.063,1.51995,1.52075,1.50,1.20
2008.11.12 13:38:58.412,1.52,1.5208,2.70,1.20
2008.11.12 13:38:58.822,1.5201,1.52085,1.50,1.20
2008.11.12 13:38:59.052,1.52005,1.52085,2.70,1.20
2008.11.12 13:39:01.012,1.52015,1.52085,1.20,1.20
2008.11.12 13:39:04.281,1.52015,1.52085,2.10,1.20
2008.11.12 13:39:04.401,1.52015,1.52085,1.50,1.20
2008.11.12 13:39:04.681,1.52015,1.5209,1.50,2.20
2008.11.12 13:39:07.570,1.52015,1.5206,1.00,1.60
2008.11.12 13:39:07.841,1.5198,1.5205,2.70,1.60
2008.11.12 13:39:08.140,1.5198,1.52055,1.50,1.20
2008.11.12 13:39:08.420,1.5197,1.52055,1.20,3.30
2008.11.12 13:39:08.760,1.51965,1.52045,1.20,1.20
2008.11.12 13:39:10.160,1.5199,1.52045,1.50,1.00
2008.11.12 13:39:10.390,1.51975,1.52055,1.20,2.10
2008.11.12 13:39:10.789,1.5198,1.52055,1.00,2.10
2008.11.12 13:39:11.190,1.5198,1.5206,2.70,2.40
2008.11.12 13:39:11.549,1.5197,1.5205,1.80,1.20
2008.11.12 13:39:11.999,1.51965,1.5205,3.90,1.20
2008.11.12 13:39:12.399,1.5197,1.5205,1.20,1.20
2008.11.12 13:39:13.489,1.51965,1.5204,1.20,1.20
2008.11.12 13:39:14.109,1.5195,1.52015,1.20,1.00
2008.11.12 13:39:14.458,1.5194,1.52015,2.70,1.00
2008.11.12 13:39:14.858,1.5194,1.52025,2.70,1.20
2008.11.12 13:39:15.208,1.5194,1.52025,1.80,2.40
2008.11.12 13:39:15.548,1.51935,1.5202,2.70,1.20
2008.11.12 13:39:16.168,1.5194,1.5202,1.00,1.20
2008.11.12 13:39:16.448,1.5194,1.5202,1.50,1.20
2008.11.12 13:39:16.908,1.51935,1.5202,3.90,1.20
2008.11.12 13:39:17.428,1.51935,1.5202,2.70,1.20
2008.11.12 13:39:17.768,1.51935,1.52005,2.40,1.00
2008.11.12 13:39:18.287,1.51955,1.52025,1.00,2.40
2008.11.12 13:39:18.617,1.5194,1.5202,1.20,4.50
2008.11.12 13:39:19.007,1.5194,1.5202,1.50,1.20
2008.11.12 13:39:19.407,1.51965,1.52015,1.50,1.20
2008.11.12 13:39:19.937,1.51965,1.5204,1.50,1.20
2008.11.12 13:39:22.066,1.51985,1.52055,1.50,1.20
2008.11.12 13:39:22.417,1.51985,1.5205,1.20,1.20
2008.11.12 13:39:23.006,1.5197,1.5205,1.50,1.20
2008.11.12 13:39:23.656,1.5197,1.52045,1.50,1.20
2008.11.12 13:39:24.057,1.51975,1.5205,1.50,1.20
2008.11.12 13:39:24.866,1.5198,1.52055,1.00,1.20
2008.11.12 13:39:25.176,1.5198,1.52055,1.50,1.20
2008.11.12 13:39:25.566,1.5197,1.52045,2.70,1.20
2008.11.12 13:39:25.866,1.51985,1.5205,1.00,1.20
2008.11.12 13:39:26.206,1.51985,1.5205,1.50,1.20
2008.11.12 13:39:26.605,1.51985,1.52055,1.50,1.20
2008.11.12 13:39:27.055,1.52025,1.5208,1.50,2.40
2008.11.12 13:39:27.585,1.52035,1.521,1.50,1.20
2008.11.12 13:39:28.025,1.5203,1.52095,2.70,1.20
2008.11.12 13:39:28.315,1.5203,1.52095,1.50,1.20
2008.11.12 13:39:28.615,1.52035,1.521,1.50,1.20
2008.11.12 13:39:29.015,1.5204,1.5211,1.50,2.20
2008.11.12 13:39:29.355,1.5204,1.5211,1.50,1.20
2008.11.12 13:39:29.805,1.5204,1.52115,1.50,2.40
2008.11.12 13:39:30.205,1.5205,1.52115,1.00,1.20
2008.11.12 13:39:30.545,1.5204,1.52125,1.80,2.40
2008.11.12 13:39:30.844,1.52035,1.5212,1.00,2.40
2008.11.12 13:39:31.025,1.5203,1.5212,1.50,4.50
2008.11.12 13:39:31.894,1.52035,1.5212,1.00,2.40
2008.11.12 13:39:32.234,1.52025,1.52115,1.50,4.50
2008.11.12 13:39:32.574,1.52025,1.5211,1.50,1.20
2008.11.12 13:39:33.034,1.52015,1.52095,1.20,2.10
2008.11.12 13:39:33.384,1.52005,1.52085,1.80,1.20
2008.11.12 13:39:33.804,1.52,1.52085,1.50,1.20
2008.11.12 13:39:34.394,1.52005,1.52085,1.00,1.20
2008.11.12 13:39:34.684,1.5201,1.52085,1.50,1.20
2008.11.12 13:39:34.973,1.52025,1.5209,1.50,1.20
2008.11.12 13:39:35.254,1.52025,1.521,1.50,1.20
2008.11.12 13:39:35.783,1.5202,1.521,1.50,1.20
2008.11.12 13:39:36.143,1.5203,1.52105,1.00,2.10
2008.11.12 13:39:36.443,1.52035,1.52105,1.50,1.20
2008.11.12 13:39:36.793,1.5204,1.52115,1.50,1.20
2008.11.12 13:39:37.793,1.52035,1.52115,2.10,1.20
2008.11.12 13:39:38.373,1.5203,1.5211,1.50,1.20
2008.11.12 13:39:38.833,1.52025,1.52105,1.00,2.10
2008.11.12 13:39:39.123,1.52025,1.521,1.50,1.20
2008.11.12 13:39:39.522,1.52015,1.521,1.50,1.20
2008.11.12 13:39:39.932,1.52025,1.521,1.00,1.20
2008.11.12 13:39:40.352,1.52025,1.52095,1.50,1.20
2008.11.12 13:39:40.752,1.52015,1.52095,1.50,1.20
2008.11.12 13:39:41.052,1.52005,1.5209,1.50,3.30
2008.11.12 13:39:41.272,1.5201,1.5209,1.50,1.20
2008.11.12 13:39:41.452,1.5201,1.5208,1.00,1.20
2008.11.12 13:39:41.852,1.5199,1.52075,2.70,1.20
2008.11.12 13:39:42.252,1.5199,1.52075,1.50,2.40
2008.11.12 13:39:42.602,1.5199,1.5207,1.50,2.40
2008.11.12 13:39:44.282,1.5199,1.52065,1.50,1.20
2008.11.12 13:39:44.641,1.51985,1.52065,1.50,1.20
2008.11.12 13:39:45.171,1.51985,1.5206,1.50,1.20
2008.11.12 13:39:46.321,1.51995,1.52065,1.50,1.20
2008.11.12 13:39:46.771,1.51995,1.5207,1.50,1.20
2008.11.12 13:39:48.440,1.51995,1.52065,1.20,1.20
2008.11.12 13:39:48.620,1.51985,1.52065,2.70,1.20
2008.11.12 13:39:49.610,1.51985,1.52065,1.50,1.20
2008.11.12 13:39:51.280,1.51995,1.52075,1.00,3.30
2008.11.12 13:39:51.579,1.51995,1.5208,2.70,1.20
2008.11.12 13:39:52.329,1.52,1.52085,1.20,3.30
2008.11.12 13:39:52.729,1.5201,1.5209,1.50,1.20
2008.11.12 13:39:53.189,1.5201,1.5208,1.50,1.00
2008.11.12 13:39:54.209,1.5201,1.5208,1.80,1.00
2008.11.12 13:39:54.739,1.52005,1.52075,1.20,1.00
2008.11.12 13:39:55.069,1.5199,1.52075,2.10,1.00
2008.11.12 13:39:55.868,1.51995,1.52085,1.50,4.50
2008.11.12 13:39:56.328,1.51995,1.52085,1.50,3.30
2008.11.12 13:39:56.718,1.52005,1.52085,1.50,1.20
2008.11.12 13:39:57.468,1.52015,1.52085,1.50,1.20
2008.11.12 13:39:57.698,1.5201,1.52085,1.50,1.20
2008.11.12 13:39:58.288,1.5201,1.52085,1.00,2.40
2008.11.12 13:39:58.648,1.5201,1.5209,1.50,1.20
2008.11.12 13:39:59.048,1.52005,1.52085,1.20,2.10
2008.11.12 13:39:59.438,1.5201,1.5209,1.50,1.20
2008.11.12 13:39:59.888,1.5202,1.5209,1.00,1.20
2008.11.12 13:40:00.288,1.5201,1.52095,1.50,1.20
2008.11.12 13:40:01.457,1.52005,1.52065,1.20,3.30
2008.11.12 13:40:01.807,1.51985,1.52065,1.00,2.10
2008.11.12 13:40:02.247,1.51975,1.5206,1.50,2.40
2008.11.12 13:40:03.507,1.51975,1.5205,1.80,1.20
2008.11.12 13:40:04.207,1.5196,1.52035,1.50,1.20
2008.11.12 13:40:04.556,1.51955,1.52025,1.20,2.10
2008.11.12 13:40:05.086,1.5194,1.52015,1.50,1.20
2008.11.12 13:40:05.506,1.51935,1.5201,1.00,1.20
2008.11.12 13:40:06.167,1.5192,1.5201,1.20,1.00
2008.11.12 13:40:06.516,1.5191,1.5201,1.20,1.20
2008.11.12 13:40:09.065,1.51915,1.52015,1.20,1.20
2008.11.12 13:40:09.395,1.5194,1.5203,1.20,1.20
2008.11.12 13:40:09.895,1.51935,1.5203,1.20,1.20
2008.11.12 13:40:10.295,1.51935,1.52035,1.20,1.20
2008.11.12 13:40:10.715,1.51935,1.52035,1.20,2.40
2008.11.12 13:40:10.995,1.5193,1.5203,1.20,1.20
2008.11.12 13:40:11.665,1.5193,1.52025,1.20,1.20
2008.11.12 13:40:12.145,1.51935,1.5203,1.20,1.20
2008.11.12 13:40:12.544,1.51935,1.52035,1.20,1.20
2008.11.12 13:40:13.064,1.5194,1.5204,1.20,1.20
2008.11.12 13:40:13.585,1.51935,1.52035,1.20,1.20
2008.11.12 13:40:14.004,1.5194,1.5204,1.20,1.20
2008.11.12 13:40:14.764,1.51935,1.52035,1.20,1.20
2008.11.12 13:40:20.822,1.51925,1.52025,1.20,1.20
2008.11.12 13:40:21.212,1.5192,1.52015,1.20,1.20
2008.11.12 13:40:21.782,1.51915,1.52015,1.20,1.20
2008.11.12 13:40:22.402,1.5191,1.5201,1.20,1.20
2008.11.12 13:40:23.612,1.51915,1.5201,1.20,1.20
2008.11.12 13:40:24.742,1.5191,1.5201,1.20,1.20
2008.11.12 13:40:25.132,1.51915,1.5201,1.20,1.20
2008.11.12 13:40:25.361,1.5192,1.5202,1.20,1.20
2008.11.12 13:40:25.841,1.51925,1.52025,1.20,1.20
2008.11.12 13:40:26.131,1.51915,1.5201,1.20,2.40
2008.11.12 13:40:26.421,1.51915,1.51995,1.20,2.10
2008.11.12 13:40:27.501,1.51925,1.52,1.20,3.30
2008.11.12 13:40:27.901,1.51925,1.52,1.20,2.10
2008.11.12 13:40:28.480,1.51925,1.52,1.20,2.10
2008.11.12 13:40:28.810,1.51925,1.52005,1.20,3.30
2008.11.12 13:40:29.221,1.5192,1.51995,1.80,1.20
2008.11.12 13:40:29.340,1.51915,1.51995,1.20,2.10
2008.11.12 13:40:30.440,1.5192,1.51995,1.20,2.10
2008.11.12 13:40:30.800,1.51925,1.52005,1.20,3.30
2008.11.12 13:40:31.210,1.51925,1.5199,1.20,2.10
2008.11.12 13:40:31.490,1.51915,1.51995,1.80,1.20
2008.11.12 13:40:31.830,1.51925,1.51995,1.20,2.10
2008.11.12 13:40:32.060,1.5192,1.51995,1.20,1.20
2008.11.12 13:40:32.719,1.5192,1.51995,1.20,1.00
2008.11.12 13:40:33.059,1.51925,1.52005,1.20,3.30
2008.11.12 13:40:34.219,1.51925,1.52005,1.20,1.20
2008.11.12 13:40:34.639,1.51925,1.5201,1.20,4.50
2008.11.12 13:40:35.359,1.5197,1.5203,1.00,2.40
2008.11.12 13:40:35.659,1.5197,1.5204,1.50,1.20
2008.11.12 13:40:36.229,1.51975,1.5204,1.00,1.20
2008.11.12 13:40:36.569,1.51975,1.5204,1.50,1.20
2008.11.12 13:40:36.679,1.51975,1.5205,1.50,2.10
2008.11.12 13:40:37.079,1.51975,1.5205,1.50,1.20
2008.11.12 13:40:41.858,1.5199,1.5205,1.50,1.20
2008.11.12 13:40:42.458,1.5199,1.52055,1.50,1.20
2008.11.12 13:40:42.937,1.51985,1.52055,1.50,1.20
2008.11.12 13:40:43.467,1.51995,1.52065,1.50,1.20
2008.11.12 13:40:43.857,1.52,1.52075,1.80,1.20
2008.11.12 13:40:44.267,1.52,1.52075,1.50,1.20
2008.11.12 13:40:45.096,1.52,1.52075,1.00,1.20
2008.11.12 13:40:45.506,1.51995,1.5207,1.50,1.20
2008.11.12 13:40:46.126,1.51995,1.52065,1.50,1.20
2008.11.12 13:40:46.526,1.5199,1.52065,1.50,2.40
2008.11.12 13:40:46.966,1.5199,1.5206,1.00,2.40
2008.11.12 13:40:47.316,1.5198,1.5206,1.50,1.20
2008.11.12 13:40:47.717,1.5198,1.52065,1.50,2.40
2008.11.12 13:40:48.106,1.5199,1.5206,1.50,1.20
2008.11.12 13:40:48.456,1.5198,1.52055,1.80,1.20
2008.11.12 13:40:48.916,1.5198,1.52055,1.20,3.30
2008.11.12 13:40:49.096,1.5198,1.5206,1.00,3.30
2008.11.12 13:40:49.446,1.51965,1.52055,1.50,3.30
2008.11.12 13:40:50.435,1.5197,1.52055,1.00,2.10
2008.11.12 13:40:50.665,1.5197,1.52055,1.50,1.20
2008.11.12 13:40:53.295,1.5197,1.5205,2.10,1.20
2008.11.12 13:40:53.824,1.5197,1.5205,1.00,1.20
2008.11.12 13:40:54.164,1.5197,1.5205,1.50,1.20
2008.11.12 13:40:54.674,1.51965,1.5205,2.70,1.20
2008.11.12 13:40:55.094,1.51965,1.5205,1.50,1.20
2008.11.12 13:40:55.394,1.51965,1.5205,1.80,1.20
2008.11.12 13:40:55.854,1.5198,1.52055,1.50,1.20
2008.11.12 13:40:56.534,1.5198,1.5205,1.50,1.20
2008.11.12 13:40:56.814,1.51975,1.5205,1.20,1.20
2008.11.12 13:40:57.164,1.5197,1.5205,1.50,1.20
2008.11.12 13:40:58.253,1.51965,1.52045,1.50,1.20
2008.11.12 13:41:00.463,1.51965,1.5204,2.10,1.20
2008.11.12 13:41:00.863,1.5196,1.5204,1.50,1.20
2008.11.12 13:41:01.273,1.51965,1.52045,1.50,1.20
2008.11.12 13:41:04.332,1.51965,1.5205,1.50,1.20
2008.11.12 13:41:04.562,1.5198,1.5205,1.00,1.20
2008.11.12 13:41:04.902,1.5197,1.5205,2.10,1.20
2008.11.12 13:41:05.192,1.5198,1.52055,1.50,1.20
2008.11.12 13:41:06.511,1.5197,1.5205,2.10,1.20
2008.11.12 13:41:06.792,1.51965,1.5205,1.50,1.20
2008.11.12 13:41:06.971,1.5196,1.52045,1.50,1.20
2008.11.12 13:41:07.431,1.51955,1.5204,1.50,1.20
2008.11.12 13:41:08.361,1.51955,1.52035,1.50,1.20
2008.11.12 13:41:08.821,1.5195,1.52025,1.20,1.20
2008.11.12 13:41:09.221,1.5194,1.52025,1.50,1.20
2008.11.12 13:41:10.041,1.5195,1.52025,1.50,1.20
2008.11.12 13:41:10.340,1.5195,1.52025,1.00,1.20
2008.11.12 13:41:10.460,1.5194,1.52025,1.50,1.20
2008.11.12 13:41:10.690,1.51955,1.52025,1.00,1.20
2008.11.12 13:41:10.930,1.51955,1.52035,1.50,1.20
2008.11.12 13:41:11.380,1.51955,1.5204,1.50,1.20
2008.11.12 13:41:11.970,1.5196,1.5204,1.00,1.20
2008.11.12 13:41:12.200,1.5196,1.5204,1.50,1.20
2008.11.12 13:41:12.930,1.5196,1.52045,1.50,1.20
2008.11.12 13:41:16.929,1.5196,1.5204,1.00,1.20
2008.11.12 13:41:17.099,1.5196,1.5204,1.50,1.20
2008.11.12 13:41:18.178,1.5196,1.5204,1.00,1.20
2008.11.12 13:41:18.588,1.5196,1.5204,1.50,1.20
2008.11.12 13:41:18.980,1.5196,1.52045,1.50,1.20
2008.11.12 13:41:22.807,1.5196,1.5204,1.50,1.20
2008.11.12 13:41:23.047,1.51955,1.52035,1.50,1.20
2008.11.12 13:41:23.338,1.5195,1.52035,1.50,3.30
2008.11.12 13:41:23.807,1.5195,1.5203,1.50,1.20
2008.11.12 13:41:24.157,1.5194,1.5203,2.70,3.30
2008.11.12 13:41:24.487,1.51955,1.5203,1.00,1.20
2008.11.12 13:41:25.007,1.51955,1.52035,1.00,2.10
2008.11.12 13:41:25.407,1.51955,1.5203,1.00,1.20
2008.11.12 13:41:25.887,1.5195,1.52035,1.20,1.20
2008.11.12 13:41:26.237,1.51935,1.52035,1.20,1.20
2008.11.12 13:41:26.987,1.5194,1.5204,1.20,1.20
2008.11.12 13:41:28.436,1.51935,1.52035,1.20,1.20
2008.11.12 13:41:28.786,1.5193,1.52025,1.20,1.20
2008.11.12 13:41:29.716,1.51935,1.52035,1.20,1.20
2008.11.12 13:41:29.886,1.51925,1.52025,1.20,1.20
2008.11.12 13:41:30.056,1.5194,1.52035,1.20,1.20
2008.11.12 13:41:30.465,1.51935,1.52035,1.20,1.20
2008.11.12 13:41:32.755,1.5193,1.5203,2.40,1.20
2008.11.12 13:41:32.995,1.5193,1.5203,1.20,1.20
2008.11.12 13:41:33.295,1.51935,1.52035,1.20,1.20
2008.11.12 13:41:35.485,1.51945,1.52045,1.20,1.20
2008.11.12 13:41:35.704,1.51945,1.52045,2.40,1.20
2008.11.12 13:41:35.824,1.51945,1.52045,1.20,1.20
2008.11.12 13:41:36.454,1.5194,1.52035,1.20,1.20
2008.11.12 13:41:36.914,1.51925,1.52025,1.20,1.20
2008.11.12 13:41:37.474,1.51935,1.52035,1.20,1.20
2008.11.12 13:41:37.754,1.5193,1.5203,1.20,1.20
2008.11.12 13:41:38.104,1.5194,1.52035,1.20,1.20
2008.11.12 13:41:38.374,1.51925,1.5201,1.20,3.90
2008.11.12 13:41:39.263,1.51925,1.5201,2.40,1.00
2008.11.12 13:41:39.603,1.5193,1.52015,1.20,1.60
2008.11.12 13:41:39.893,1.51925,1.52015,2.40,1.60
2008.11.12 13:41:40.473,1.5193,1.52015,1.20,4.00
2008.11.12 13:41:40.533,1.5193,1.52015,1.20,2.40
2008.11.12 13:41:40.773,1.5193,1.52015,1.20,3.30
2008.11.12 13:41:41.003,1.5193,1.52015,1.20,4.50
2008.11.12 13:41:43.482,1.5193,1.52015,2.10,3.30
2008.11.12 13:41:43.762,1.5193,1.52015,2.70,2.20
2008.11.12 13:41:43.992,1.5193,1.52015,2.70,1.20
2008.11.12 13:41:44.802,1.5194,1.5202,1.50,2.10
2008.11.12 13:41:45.032,1.5194,1.5202,1.50,1.20
2008.11.12 13:41:45.832,1.5194,1.52015,1.80,1.20
2008.11.12 13:41:46.232,1.51935,1.52015,1.20,2.10
2008.11.12 13:41:46.532,1.51925,1.52005,1.50,1.20
2008.11.12 13:41:46.882,1.5192,1.5199,1.20,1.00
2008.11.12 13:41:47.152,1.51915,1.5199,2.70,1.00
2008.11.12 13:41:47.502,1.51905,1.5199,1.20,3.30
2008.11.12 13:41:48.591,1.51915,1.5199,1.20,1.20
2008.11.12 13:41:49.221,1.51915,1.5199,1.20,2.40
2008.11.12 13:41:49.621,1.51905,1.5199,1.20,3.30
2008.11.12 13:41:49.951,1.519,1.51985,2.70,1.20
2008.11.12 13:41:50.401,1.51905,1.51985,1.20,3.30
2008.11.12 13:41:51.741,1.5191,1.5198,1.20,1.00
2008.11.12 13:41:52.260,1.51905,1.51985,1.20,4.50
2008.11.12 13:41:52.720,1.51905,1.51985,1.20,3.30
2008.11.12 13:41:53.000,1.519,1.51985,1.20,4.50
2008.11.12 13:41:53.300,1.51905,1.5198,1.50,1.00
2008.11.12 13:41:53.871,1.5191,1.5198,1.50,1.00
2008.11.12 13:41:54.280,1.51905,1.5199,1.50,3.30
2008.11.12 13:41:56.279,1.51905,1.5198,1.00,2.40
2008.11.12 13:41:56.849,1.5189,1.51965,2.10,1.00
2008.11.12 13:41:57.079,1.51885,1.51965,1.00,1.20
2008.11.12 13:41:57.479,1.51885,1.51975,1.50,3.30
2008.11.12 13:41:57.819,1.51895,1.5197,1.50,1.00
2008.11.12 13:41:58.169,1.51895,1.51985,1.50,3.30
2008.11.12 13:41:58.989,1.51895,1.51975,1.20,2.10
2008.11.12 13:41:59.279,1.51885,1.51975,1.50,4.50
2008.11.12 13:41:59.639,1.5189,1.51975,1.50,1.20
2008.11.12 13:41:59.919,1.51905,1.5198,1.00,2.10
2008.11.12 13:42:00.098,1.51905,1.5199,1.50,3.30
2008.11.12 13:42:00.398,1.51895,1.51985,2.70,2.10
2008.11.12 13:42:00.729,1.51895,1.51985,1.50,2.10
2008.11.12 13:42:02.308,1.5189,1.5198,2.70,2.10
2008.11.12 13:42:02.768,1.5189,1.5198,1.50,2.10
2008.11.12 13:42:03.528,1.5189,1.5198,1.50,3.30
2008.11.12 13:42:03.887,1.51895,1.5198,1.00,2.10
2008.11.12 13:42:04.418,1.51895,1.51985,1.50,3.30
2008.11.12 13:42:04.837,1.51905,1.5199,1.50,4.50
2008.11.12 13:42:05.177,1.51905,1.5199,1.50,3.30
2008.11.12 13:42:05.517,1.5191,1.5199,1.50,1.20
2008.11.12 13:42:05.907,1.5191,1.51995,1.00,3.40
2008.11.12 13:42:06.457,1.51905,1.51995,1.50,4.50
2008.11.12 13:42:06.917,1.51915,1.5199,1.50,1.00
2008.11.12 13:42:07.097,1.51925,1.52005,1.50,1.20
2008.11.12 13:42:07.437,1.51915,1.52005,1.50,4.50
2008.11.12 13:42:08.697,1.5191,1.52,1.50,3.30
2008.11.12 13:42:09.156,1.51905,1.51995,1.50,4.50
2008.11.12 13:42:09.546,1.51905,1.51985,1.50,1.20
2008.11.12 13:42:09.896,1.51895,1.5198,1.50,2.10
2008.11.12 13:42:10.186,1.51895,1.51975,1.50,1.20
2008.11.12 13:42:10.486,1.5188,1.5197,7.50,3.30
2008.11.12 13:42:10.726,1.5188,1.5196,7.50,1.20
2008.11.12 13:42:11.196,1.5188,1.51955,6.90,2.10
2008.11.12 13:42:11.536,1.5188,1.51945,6.00,2.40
2008.11.12 13:42:11.816,1.5188,1.51945,6.00,3.30
2008.11.12 13:42:12.985,1.5188,1.5194,6.00,2.10
2008.11.12 13:42:13.326,1.5188,1.5194,6.00,1.20
2008.11.12 13:42:13.725,1.5188,1.51945,6.90,2.10
2008.11.12 13:42:14.116,1.51885,1.5196,1.50,1.00
2008.11.12 13:42:14.455,1.5189,1.51975,1.80,3.60
2008.11.12 13:42:14.805,1.51905,1.51985,1.50,1.20
2008.11.12 13:42:15.195,1.51915,1.51995,1.50,2.20
2008.11.12 13:42:15.665,1.5191,1.5198,1.00,1.20
2008.11.12 13:42:16.055,1.51895,1.5197,2.10,1.20
2008.11.12 13:42:16.695,1.51885,1.5197,1.80,2.40
2008.11.12 13:42:17.155,1.5188,1.51945,6.00,1.00
2008.11.12 13:42:17.784,1.5188,1.51945,6.00,3.30
2008.11.12 13:42:18.114,1.5188,1.51945,6.00,2.10
2008.11.12 13:42:18.574,1.51885,1.51965,1.50,2.40
2008.11.12 13:42:19.094,1.51885,1.51955,1.00,1.20
2008.11.12 13:42:19.374,1.5188,1.51955,6.60,1.20
2008.11.12 13:42:19.784,1.5188,1.51955,7.50,1.20
2008.11.12 13:42:20.064,1.5188,1.5195,6.00,2.40
2008.11.12 13:42:20.473,1.5188,1.5194,6.00,1.20
2008.11.12 13:42:20.764,1.51885,1.5195,1.00,1.20
2008.11.12 13:42:21.274,1.51885,1.51965,1.50,1.20
2008.11.12 13:42:21.713,1.51885,1.5197,1.50,4.50
2008.11.12 13:42:22.003,1.51885,1.5197,1.50,3.30
2008.11.12 13:42:22.403,1.5189,1.5197,1.00,2.40
2008.11.12 13:42:22.703,1.5189,1.5197,1.50,1.20
2008.11.12 13:42:23.463,1.51895,1.51975,1.50,2.40
2008.11.12 13:42:23.793,1.51895,1.5197,1.50,1.20
2008.11.12 13:42:26.012,1.519,1.5197,1.50,1.20
2008.11.12 13:42:26.302,1.519,1.51975,1.50,1.20
2008.11.12 13:42:26.892,1.51905,1.5198,1.00,1.20
2008.11.12 13:42:27.352,1.51905,1.5198,1.00,1.20
2008.11.12 13:42:27.712,1.51905,1.5198,1.50,1.20
2008.11.12 13:42:28.132,1.5191,1.5199,1.00,2.40
2008.11.12 13:42:28.492,1.5191,1.51995,1.50,1.20
2008.11.12 13:42:28.892,1.51925,1.52,1.50,1.20
2008.11.12 13:42:29.232,1.51915,1.52005,1.50,4.50
2008.11.12 13:42:29.631,1.51925,1.52,1.50,1.20
2008.11.12 13:42:29.981,1.5193,1.52,1.00,1.20
2008.11.12 13:42:30.321,1.51935,1.52015,1.00,1.20
2008.11.12 13:42:30.671,1.51925,1.52015,1.50,3.30
2008.11.12 13:42:31.121,1.5193,1.5202,2.70,3.90
2008.11.12 13:42:31.601,1.51935,1.5202,1.50,5.20
2008.11.12 13:42:31.891,1.51935,1.5202,1.50,2.40
2008.11.12 13:42:32.331,1.51935,1.52015,1.50,1.20
2008.11.12 13:42:32.851,1.5194,1.5202,1.00,3.30
2008.11.12 13:42:33.351,1.5194,1.52015,1.50,1.20
2008.11.12 13:42:34.490,1.5194,1.5201,1.80,1.20
2008.11.12 13:42:34.880,1.51955,1.52015,1.50,1.20
2008.11.12 13:42:35.501,1.5194,1.52015,1.00,2.40
2008.11.12 13:42:35.950,1.5194,1.5202,1.20,1.20
2008.11.12 13:42:36.300,1.5195,1.5202,1.50,1.20
2008.11.12 13:42:36.640,1.5196,1.5203,1.50,1.20
2008.11.12 13:42:36.880,1.51965,1.5203,1.00,1.20
2008.11.12 13:42:37.239,1.51975,1.52045,1.00,1.20
2008.11.12 13:42:37.799,1.5198,1.5205,1.50,1.20
2008.11.12 13:42:38.140,1.51975,1.52035,1.20,1.20
2008.11.12 13:42:38.529,1.51975,1.5204,1.00,1.20
2008.11.12 13:42:38.939,1.5198,1.52045,1.50,2.80
2008.11.12 13:42:39.449,1.51975,1.52045,1.50,1.20
2008.11.12 13:42:39.849,1.51965,1.5204,1.50,1.20
2008.11.12 13:42:40.199,1.51985,1.52055,1.00,1.20
2008.11.12 13:42:40.589,1.51985,1.5206,1.50,2.10
2008.11.12 13:42:41.249,1.5199,1.52065,2.10,2.20
2008.11.12 13:42:41.529,1.5199,1.52065,1.50,1.20
2008.11.12 13:42:42.068,1.5199,1.52035,1.80,1.20
2008.11.12 13:42:42.468,1.51975,1.5204,1.20,1.20
2008.11.12 13:42:42.918,1.5197,1.5204,1.20,2.40
2008.11.12 13:42:43.269,1.5196,1.5203,2.70,1.20
2008.11.12 13:42:43.738,1.5196,1.5203,1.20,1.20
2008.11.12 13:42:44.138,1.51955,1.5203,1.50,2.10
2008.11.12 13:42:44.598,1.5193,1.5201,2.70,2.80
2008.11.12 13:42:44.718,1.5193,1.5201,1.50,2.80
2008.11.12 13:42:45.068,1.51965,1.5201,1.50,1.60
2008.11.12 13:42:45.358,1.51975,1.5205,1.00,10.80
2008.11.12 13:42:45.588,1.5198,1.5205,1.50,3.60
2008.11.12 13:42:45.927,1.5198,1.52045,1.50,1.20
2008.11.12 13:42:46.318,1.5199,1.5206,1.00,3.60
2008.11.12 13:42:46.717,1.51975,1.52055,1.20,3.90
2008.11.12 13:42:47.237,1.51995,1.5205,1.00,1.20
2008.11.12 13:42:47.757,1.51995,1.52065,1.50,1.20
2008.11.12 13:42:48.797,1.51995,1.5205,1.80,1.20
2008.11.12 13:42:49.097,1.51985,1.5205,1.20,2.10
2008.11.12 13:42:49.327,1.52,1.5206,1.20,1.60
2008.11.12 13:42:49.677,1.5198,1.5206,1.00,1.60
2008.11.12 13:42:49.968,1.51965,1.52055,2.70,2.10
2008.11.12 13:42:50.136,1.51965,1.52055,1.50,2.10
2008.11.12 13:42:51.096,1.5198,1.5206,1.00,3.30
2008.11.12 13:42:51.556,1.51985,1.5206,1.50,1.20
2008.11.12 13:42:51.896,1.51985,1.52065,1.50,1.20
2008.11.12 13:42:52.286,1.5199,1.5207,1.50,1.20
2008.11.12 13:42:52.796,1.51985,1.5207,2.70,1.20
2008.11.12 13:42:53.365,1.5199,1.5207,1.50,1.20
2008.11.12 13:42:54.195,1.5199,1.5206,1.50,1.20
2008.11.12 13:42:54.645,1.51965,1.5205,1.50,1.20
2008.11.12 13:42:55.295,1.51965,1.52045,1.50,1.20
2008.11.12 13:42:55.475,1.51955,1.52045,1.50,6.30
2008.11.12 13:42:55.805,1.51955,1.52045,1.50,4.50
2008.11.12 13:42:56.435,1.5195,1.5204,1.00,3.30
2008.11.12 13:42:56.805,1.5193,1.5203,1.20,1.20
2008.11.12 13:42:58.484,1.51935,1.52035,1.20,1.20
2008.11.12 13:42:59.024,1.5193,1.5203,1.20,1.20
2008.11.12 13:42:59.384,1.51935,1.52035,1.20,1.20
2008.11.12 13:43:00.714,1.5194,1.5204,1.20,1.20
2008.11.12 13:43:01.234,1.51945,1.52045,1.20,1.20
2008.11.12 13:43:01.414,1.5198,1.5205,1.50,1.00
2008.11.12 13:43:02.033,1.51975,1.5205,1.50,1.00
2008.11.12 13:43:03.063,1.51965,1.5205,2.70,1.00
2008.11.12 13:43:03.413,1.51965,1.5205,1.50,1.00
2008.11.12 13:43:04.043,1.51965,1.5205,2.70,1.00
2008.11.12 13:43:04.893,1.5199,1.5205,2.70,1.00
2008.11.12 13:43:05.483,1.5199,1.5205,1.50,1.00
2008.11.12 13:43:05.933,1.51965,1.5205,2.70,1.00
2008.11.12 13:43:06.572,1.51975,1.5205,1.00,1.00
2008.11.12 13:43:06.912,1.51965,1.5205,1.50,1.00
2008.11.12 13:43:07.312,1.51965,1.52045,1.20,2.10
2008.11.12 13:43:07.772,1.51955,1.52045,2.70,3.30
2008.11.12 13:43:08.343,1.5195,1.5204,1.50,4.50
2008.11.12 13:43:08.622,1.5195,1.5204,1.50,6.30
2008.11.12 13:43:08.972,1.5195,1.5204,1.50,4.50
2008.11.12 13:43:09.882,1.51955,1.5204,1.50,1.60
2008.11.12 13:43:10.401,1.51935,1.52025,1.50,2.10
2008.11.12 13:43:11.641,1.51935,1.52025,2.70,2.10
2008.11.12 13:43:11.981,1.51945,1.5203,1.50,3.30
2008.11.12 13:43:12.201,1.51945,1.5203,1.50,2.10
2008.11.12 13:43:12.551,1.51955,1.5203,1.00,2.10
2008.11.12 13:43:13.081,1.51955,1.52045,1.50,4.50
2008.11.12 13:43:17.460,1.5196,1.52045,1.00,2.10
2008.11.12 13:43:17.850,1.51965,1.5205,1.50,1.30
2008.11.12 13:43:18.210,1.5196,1.5205,1.50,3.40
2008.11.12 13:43:19.909,1.5196,1.5205,2.70,2.20
2008.11.12 13:43:20.189,1.51965,1.5205,1.50,1.00
2008.11.12 13:43:20.649,1.51965,1.5205,2.70,1.00
2008.11.12 13:43:20.879,1.51975,1.5205,1.20,1.00
2008.11.12 13:43:21.209,1.51985,1.5205,1.50,1.00
2008.11.12 13:43:21.509,1.5198,1.5205,1.50,1.00
2008.11.12 13:43:22.559,1.51975,1.5205,2.70,1.00
2008.11.12 13:43:22.959,1.51975,1.5205,1.50,1.00
2008.11.12 13:43:25.998,1.51975,1.5205,1.00,1.00
2008.11.12 13:43:26.528,1.5197,1.5205,1.20,1.00
2008.11.12 13:43:26.807,1.51965,1.5203,1.20,1.00
2008.11.12 13:43:27.327,1.51945,1.5203,2.70,2.10
2008.11.12 13:43:27.937,1.51955,1.5203,1.50,1.00
2008.11.12 13:43:28.287,1.5195,1.5204,2.70,3.30
2008.11.12 13:43:28.807,1.5195,1.5204,1.50,3.30
2008.11.12 13:43:29.387,1.51965,1.52045,1.50,1.00
2008.11.12 13:43:29.737,1.51955,1.5204,1.20,3.30
2008.11.12 13:43:30.187,1.51965,1.5204,1.00,2.10
2008.11.12 13:43:30.547,1.51955,1.52035,1.20,2.10
2008.11.12 13:43:30.827,1.5196,1.52035,1.20,2.10
2008.11.12 13:43:31.357,1.51975,1.52045,1.20,2.10
2008.11.12 13:43:31.776,1.51965,1.5204,2.40,2.10
2008.11.12 13:43:32.116,1.51975,1.5205,1.50,1.00
2008.11.12 13:43:32.936,1.5198,1.5205,1.50,1.00
2008.11.12 13:43:33.336,1.5196,1.5205,2.70,2.20
2008.11.12 13:43:33.736,1.5196,1.5205,1.50,2.20
2008.11.12 13:43:34.666,1.5196,1.5204,1.20,2.10
2008.11.12 13:43:35.006,1.5195,1.5204,1.50,3.30
2008.11.12 13:43:36.125,1.5197,1.5204,1.00,2.10
2008.11.12 13:43:36.535,1.5197,1.52045,1.50,1.20
2008.11.12 13:43:39.355,1.51965,1.52045,1.50,1.20
2008.11.12 13:43:39.754,1.5196,1.52045,2.70,1.20
2008.11.12 13:43:40.114,1.5196,1.5204,1.50,1.20
2008.11.12 13:43:41.594,1.5196,1.5203,1.50,1.20
2008.11.12 13:43:41.884,1.5195,1.5203,1.20,1.20
2008.11.12 13:43:42.064,1.5196,1.5204,1.50,2.20
2008.11.12 13:43:42.514,1.51955,1.5204,3.30,2.40
2008.11.12 13:43:43.034,1.51945,1.52025,2.70,1.20
2008.11.12 13:43:43.484,1.51955,1.52035,2.10,2.10
2008.11.12 13:43:43.773,1.5196,1.52045,2.70,1.20
2008.11.12 13:43:44.063,1.5196,1.5204,1.20,2.10
2008.11.12 13:43:44.444,1.5196,1.52045,3.90,1.20
2008.11.12 13:43:44.903,1.51965,1.52045,1.20,1.20
2008.11.12 13:43:45.493,1.5198,1.52045,1.50,1.20
2008.11.12 13:43:45.733,1.5198,1.52045,1.50,1.00
2008.11.12 13:43:46.073,1.5198,1.5205,1.50,1.00
2008.11.12 13:43:47.163,1.51985,1.5205,1.00,1.00
2008.11.12 13:43:47.623,1.51985,1.5205,1.50,1.00
2008.11.12 13:43:47.863,1.51995,1.5205,1.00,1.00
2008.11.12 13:43:48.222,1.51995,1.5205,1.20,1.00
2008.11.12 13:43:48.573,1.51985,1.5205,1.50,1.00
2008.11.12 13:43:49.982,1.51985,1.5205,2.70,1.00
2008.11.12 13:43:50.662,1.51995,1.5205,1.20,1.00
2008.11.12 13:43:50.773,1.51995,1.52045,1.20,1.20
2008.11.12 13:43:51.112,1.5196,1.52045,1.80,2.10
2008.11.12 13:43:51.292,1.51955,1.52045,1.50,3.30
2008.11.12 13:43:51.811,1.51955,1.5203,1.50,1.20
2008.11.12 13:43:52.231,1.51935,1.5203,2.40,1.20
2008.11.12 13:43:52.641,1.51935,1.5203,1.20,1.20
2008.11.12 13:43:53.261,1.51925,1.5201,2.70,2.10
2008.11.12 13:43:53.621,1.51925,1.5201,1.80,2.10
2008.11.12 13:43:54.071,1.51925,1.52025,1.20,1.20
2008.11.12 13:43:55.511,1.51935,1.52035,1.20,1.20
2008.11.12 13:43:55.801,1.51945,1.52045,1.20,1.20
2008.11.12 13:43:56.141,1.5202,1.5205,1.00,1.00
2008.11.12 13:43:56.710,1.52025,1.5205,1.00,1.00
2008.11.12 13:43:57.060,1.52025,1.5205,1.50,1.00
2008.11.12 13:43:57.640,1.5202,1.5205,1.50,1.00
2008.11.12 13:44:00.109,1.5204,1.5211,1.50,4.50
2008.11.12 13:44:00.460,1.5204,1.5211,1.00,3.40
2008.11.12 13:44:00.749,1.52025,1.5205,1.50,1.00
2008.11.12 13:44:01.089,1.5201,1.5205,1.20,1.00
2008.11.12 13:44:01.369,1.52015,1.5205,1.20,1.00
2008.11.12 13:44:01.829,1.5201,1.5205,1.20,1.00
2008.11.12 13:44:02.389,1.5201,1.5205,2.40,1.00
2008.11.12 13:44:02.909,1.52015,1.5205,1.20,1.00
2008.11.12 13:44:03.419,1.5202,1.5205,1.50,1.00
2008.11.12 13:44:04.449,1.52015,1.5205,4.00,1.00
2008.11.12 13:44:04.779,1.52015,1.5205,2.70,1.00
2008.11.12 13:44:04.889,1.52015,1.5205,1.50,1.00
2008.11.12 13:44:05.179,1.52015,1.5205,1.00,1.00
2008.11.12 13:44:05.518,1.52005,1.5205,1.20,1.00
2008.11.12 13:44:05.978,1.52,1.5205,1.20,1.00
2008.11.12 13:44:06.489,1.52005,1.5205,1.20,1.00
2008.11.12 13:44:06.848,1.5199,1.5205,1.00,1.00
2008.11.12 13:44:07.198,1.51985,1.5205,2.70,1.00
2008.11.12 13:44:07.658,1.52005,1.5205,1.20,1.00
2008.11.12 13:44:08.168,1.52,1.5205,2.70,1.00
2008.11.12 13:44:08.568,1.5202,1.5205,2.10,1.00
2008.11.12 13:44:08.907,1.5202,1.5205,1.20,1.00
2008.11.12 13:44:09.247,1.5202,1.5205,2.40,1.00
2008.11.12 13:44:09.477,1.52025,1.5205,1.20,1.00
2008.11.12 13:44:09.887,1.52025,1.5205,1.80,1.00
2008.11.12 13:44:10.167,1.52025,1.5205,3.90,1.00
2008.11.12 13:44:10.627,1.5203,1.5205,1.20,1.00
2008.11.12 13:44:11.367,1.5202,1.5205,5.10,1.00
2008.11.12 13:44:11.897,1.5202,1.5205,3.90,1.00
2008.11.12 13:44:12.297,1.5202,1.5205,2.70,1.00
2008.11.12 13:44:12.757,1.52015,1.5205,1.80,1.00
2008.11.12 13:44:13.346,1.52015,1.5205,1.20,1.00
2008.11.12 13:44:14.087,1.5201,1.5205,1.80,1.00
2008.11.12 13:44:14.476,1.5201,1.5205,2.70,1.00
2008.11.12 13:44:14.776,1.52015,1.5205,1.20,1.00
2008.11.12 13:44:15.096,1.52015,1.5205,2.70,1.00
2008.11.12 13:44:15.436,1.52015,1.5205,1.50,1.00
2008.11.12 13:44:15.776,1.5201,1.5205,3.90,1.00
2008.11.12 13:44:17.406,1.5202,1.5205,1.20,1.00
2008.11.12 13:44:21.844,1.52015,1.5205,1.00,1.00
2008.11.12 13:44:22.424,1.5201,1.5205,3.90,1.00
2008.11.12 13:44:23.704,1.5201,1.5205,3.00,1.00
2008.11.12 13:44:23.934,1.5201,1.5205,1.20,1.00
2008.11.12 13:44:24.624,1.52005,1.5205,1.20,1.00
2008.11.12 13:44:24.914,1.52005,1.5205,2.40,1.00
2008.11.12 13:44:25.203,1.5201,1.5205,1.20,1.00
2008.11.12 13:44:25.993,1.5201,1.5205,3.90,1.00
2008.11.12 13:44:30.532,1.52015,1.5205,1.20,1.00
2008.11.12 13:44:32.672,1.5201,1.5205,1.20,1.00
2008.11.12 13:44:33.312,1.52015,1.5205,1.20,1.00
2008.11.12 13:44:34.451,1.5201,1.5205,2.40,1.00
2008.11.12 13:44:35.131,1.52015,1.5205,2.70,1.00
2008.11.12 13:44:38.170,1.52015,1.5205,1.80,1.00
2008.11.12 13:44:38.690,1.5201,1.5205,1.20,1.00
2008.11.12 13:44:43.069,1.52005,1.5205,3.90,1.00
2008.11.12 13:44:43.249,1.52005,1.5205,2.70,1.00
2008.11.12 13:44:46.198,1.5201,1.5205,1.00,1.00
2008.11.12 13:44:46.708,1.5201,1.5205,1.50,1.00
2008.11.12 13:44:47.378,1.5201,1.5205,1.20,1.00
2008.11.12 13:44:47.678,1.52,1.5205,3.90,1.00
2008.11.12 13:44:48.028,1.52,1.5205,2.70,1.00
2008.11.12 13:44:49.588,1.5201,1.5205,1.00,1.00
2008.11.12 13:44:49.978,1.52015,1.5205,1.00,1.00
2008.11.12 13:44:50.317,1.52015,1.5205,1.50,1.00
2008.11.12 13:44:50.707,1.52015,1.5205,1.00,1.00
2008.11.12 13:44:51.067,1.5201,1.5205,2.70,1.00
2008.11.12 13:44:52.517,1.5201,1.5205,2.10,1.00
2008.11.12 13:44:52.857,1.5201,1.5205,1.00,1.00
2008.11.12 13:44:53.097,1.5199,1.5205,1.50,1.00
2008.11.12 13:44:53.607,1.51985,1.5205,2.70,1.00
2008.11.12 13:44:53.947,1.5199,1.5205,1.20,1.00
2008.11.12 13:44:54.236,1.52,1.5205,1.50,1.00
2008.11.12 13:44:55.006,1.5201,1.5205,1.50,1.00
2008.11.12 13:44:56.106,1.52005,1.5205,1.20,1.00
2008.11.12 13:44:56.326,1.51995,1.5205,2.70,1.00
2008.11.12 13:44:56.506,1.51995,1.5205,1.50,1.00
2008.11.12 13:44:57.665,1.5198,1.5205,1.20,1.00
2008.11.12 13:44:58.335,1.51975,1.5205,1.20,2.20
2008.11.12 13:44:58.846,1.51965,1.5204,1.20,2.10
2008.11.12 13:44:59.265,1.51955,1.5202,1.20,2.10
2008.11.12 13:44:59.555,1.5197,1.52035,3.30,1.00
2008.11.12 13:44:59.895,1.51965,1.52035,2.40,2.10
2008.11.12 13:45:00.245,1.5197,1.5205,1.50,1.00
2008.11.12 13:45:00.945,1.51965,1.5205,2.70,1.00
2008.11.12 13:45:01.165,1.51965,1.5205,2.70,1.30
2008.11.12 13:45:01.515,1.5196,1.52045,1.00,1.20
2008.11.12 13:45:01.815,1.51955,1.52045,3.90,3.30
2008.11.12 13:45:02.225,1.51955,1.52015,1.20,2.10
2008.11.12 13:45:02.695,1.5196,1.5203,1.00,1.00
2008.11.12 13:45:03.134,1.51955,1.52045,3.90,3.30
2008.11.12 13:45:03.704,1.51965,1.52045,2.40,3.30
2008.11.12 13:45:04.294,1.51985,1.5205,1.50,1.00
2008.11.12 13:45:05.444,1.51985,1.5205,1.00,1.00
2008.11.12 13:45:05.884,1.5198,1.5205,1.50,1.00
2008.11.12 13:45:08.353,1.51985,1.5205,1.00,1.00
2008.11.12 13:45:08.803,1.51995,1.5205,1.50,1.00
2008.11.12 13:45:10.672,1.51995,1.5205,1.00,1.00
2008.11.12 13:45:11.053,1.5198,1.5205,1.50,1.00
2008.11.12 13:45:11.712,1.5198,1.5205,1.00,1.00
2008.11.12 13:45:11.992,1.51965,1.5205,2.10,4.00
2008.11.12 13:45:12.342,1.51965,1.5205,1.50,1.00
2008.11.12 13:45:13.492,1.5197,1.5205,1.50,1.00
2008.11.12 13:45:14.472,1.5199,1.5205,1.00,1.00
2008.11.12 13:45:15.002,1.5199,1.5205,1.00,1.00
2008.11.12 13:45:15.232,1.5199,1.5205,1.50,1.00
2008.11.12 13:45:16.391,1.5198,1.5205,2.70,1.00
2008.11.12 13:45:16.801,1.51995,1.5205,1.00,1.00
2008.11.12 13:45:17.501,1.52,1.5205,1.00,1.00
2008.11.12 13:45:17.831,1.52005,1.5205,1.50,1.00
2008.11.12 13:45:18.171,1.52015,1.5205,1.50,1.00
2008.11.12 13:45:18.510,1.52005,1.5205,2.70,1.00
2008.11.12 13:45:18.901,1.5199,1.5205,3.90,1.00
2008.11.12 13:45:19.351,1.5199,1.5205,1.50,1.00
2008.11.12 13:45:19.691,1.51995,1.5205,1.00,1.00
2008.11.12 13:45:19.970,1.51995,1.5205,1.50,1.00
2008.11.12 13:45:22.290,1.52,1.5205,1.80,1.00
2008.11.12 13:45:22.700,1.51995,1.5205,1.50,1.00
2008.11.12 13:45:23.000,1.5199,1.5205,1.50,1.00
2008.11.12 13:45:23.439,1.5202,1.5205,1.50,1.00
2008.11.12 13:45:23.779,1.52025,1.5205,1.00,1.00
2008.11.12 13:45:24.239,1.5203,1.5205,1.00,1.00
2008.11.12 13:45:24.639,1.5203,1.5205,1.50,1.00
2008.11.12 13:45:25.049,1.5204,1.52105,1.50,1.20
2008.11.12 13:45:25.739,1.5204,1.521,1.50,1.20
2008.11.12 13:45:26.079,1.52035,1.5205,1.20,1.00
2008.11.12 13:45:26.259,1.52015,1.5205,2.70,1.00
2008.11.12 13:45:26.499,1.52015,1.5205,1.80,1.00
2008.11.12 13:45:26.849,1.5201,1.5205,1.50,1.00
2008.11.12 13:45:27.538,1.5202,1.5205,1.50,1.00
2008.11.12 13:45:27.889,1.52025,1.5205,1.00,1.00
2008.11.12 13:45:28.229,1.52025,1.5205,1.50,1.00
2008.11.12 13:45:28.768,1.5203,1.5205,1.50,1.00
2008.11.12 13:45:30.058,1.52045,1.5213,1.50,3.60
2008.11.12 13:45:30.458,1.5205,1.5214,1.50,7.50
2008.11.12 13:45:30.738,1.5205,1.5214,1.50,5.10
2008.11.12 13:45:32.537,1.5205,1.52135,1.50,1.20
2008.11.12 13:45:32.977,1.52045,1.52135,1.50,6.30
2008.11.12 13:45:33.307,1.5205,1.52135,1.50,2.20
2008.11.12 13:45:33.547,1.52045,1.52135,2.70,3.90
2008.11.12 13:45:34.067,1.52045,1.52135,1.50,6.30
2008.11.12 13:45:34.767,1.52045,1.5213,1.50,1.20
2008.11.12 13:45:35.386,1.52055,1.5214,2.70,1.20
2008.11.12 13:45:35.906,1.52055,1.52135,1.50,1.20
2008.11.12 13:45:36.536,1.5206,1.52135,1.00,1.20
2008.11.12 13:45:36.996,1.5206,1.52135,1.50,1.20
2008.11.12 13:45:37.746,1.5209,1.5215,1.00,2.80
2008.11.12 13:45:38.146,1.52065,1.5214,1.50,1.20
2008.11.12 13:45:38.666,1.5208,1.5215,1.00,4.00
2008.11.12 13:45:38.906,1.5208,1.52145,1.50,1.20
2008.11.12 13:45:39.375,1.5208,1.5215,1.00,2.80
2008.11.12 13:45:39.986,1.5208,1.5215,2.70,1.60
2008.11.12 13:45:40.696,1.52085,1.5216,1.50,1.20
2008.11.12 13:45:41.085,1.52095,1.52165,2.10,1.20
2008.11.12 13:45:41.495,1.52095,1.5218,3.90,1.30
2008.11.12 13:45:42.005,1.52105,1.5218,2.10,1.30
2008.11.12 13:45:42.365,1.52095,1.52175,2.70,2.20
2008.11.12 13:45:42.765,1.52105,1.52175,1.00,1.20
2008.11.12 13:45:43.045,1.52115,1.5218,1.50,1.00
2008.11.12 13:45:43.925,1.5211,1.5218,1.50,1.00
2008.11.12 13:45:44.325,1.5212,1.5218,1.00,1.00
2008.11.12 13:45:44.774,1.5211,1.5218,1.00,1.00
2008.11.12 13:45:45.124,1.52115,1.5218,1.00,1.00
2008.11.12 13:45:45.404,1.52115,1.5218,1.50,1.00
2008.11.12 13:45:45.754,1.52105,1.5218,1.00,1.00
2008.11.12 13:45:46.044,1.52105,1.5218,1.00,4.20
2008.11.12 13:45:46.404,1.521,1.5218,1.50,1.00
2008.11.12 13:45:46.744,1.521,1.52175,1.00,2.40
2008.11.12 13:45:47.084,1.52085,1.5217,2.70,1.20
2008.11.12 13:45:47.304,1.52085,1.52165,1.80,1.20
2008.11.12 13:45:47.704,1.52085,1.5216,1.00,1.20
2008.11.12 13:45:48.113,1.5207,1.5215,3.90,2.40
2008.11.12 13:45:48.413,1.52065,1.52135,1.00,1.20
2008.11.12 13:45:48.763,1.52055,1.52135,1.50,1.20
2008.11.12 13:45:49.323,1.5206,1.5214,1.50,1.20
2008.11.12 13:45:49.743,1.5206,1.52135,1.00,1.20
2008.11.12 13:45:50.133,1.5206,1.52135,2.70,1.20
2008.11.12 13:45:50.483,1.52065,1.52135,1.20,1.20
2008.11.12 13:45:50.703,1.52055,1.52135,2.70,1.20
2008.11.12 13:45:51.293,1.52055,1.52135,1.50,1.20
2008.11.12 13:45:51.633,1.52045,1.5212,1.50,1.20
2008.11.12 13:45:51.993,1.5204,1.5212,2.70,1.20
2008.11.12 13:45:52.342,1.5206,1.52135,1.00,3.40
2008.11.12 13:45:52.623,1.52045,1.52125,1.20,2.40
2008.11.12 13:45:53.092,1.52045,1.5212,1.50,1.20
2008.11.12 13:45:53.623,1.5207,1.5215,1.00,2.40
2008.11.12 13:45:54.432,1.5206,1.52145,1.20,3.30
2008.11.12 13:45:54.902,1.52065,1.5215,1.20,3.30
2008.11.12 13:45:55.482,1.5205,1.5213,1.20,2.10
2008.11.12 13:45:55.951,1.52045,1.52125,4.50,1.00
2008.11.12 13:45:56.352,1.5205,1.5213,1.20,2.10
2008.11.12 13:45:57.431,1.52045,1.52125,2.10,2.10
2008.11.12 13:45:57.951,1.52045,1.5213,2.70,2.10
2008.11.12 13:45:58.301,1.5205,1.5214,1.50,3.30
2008.11.12 13:45:58.761,1.52045,1.5213,2.70,2.10
2008.11.12 13:45:59.171,1.5204,1.52125,1.20,2.20
2008.11.12 13:45:59.681,1.5204,1.52115,1.50,1.00
2008.11.12 13:46:00.211,1.5204,1.5213,1.00,2.10
2008.11.12 13:46:00.510,1.5203,1.5213,1.20,1.20
2008.11.12 13:46:01.250,1.52025,1.52125,1.20,1.20
2008.11.12 13:46:01.940,1.5202,1.5212,1.20,1.20
2008.11.12 13:46:02.280,1.52015,1.52115,1.20,1.20
2008.11.12 13:46:02.920,1.52005,1.52105,1.20,1.20
2008.11.12 13:46:03.420,1.5201,1.5211,1.20,1.20
2008.11.12 13:46:03.770,1.52015,1.52115,1.20,1.20
2008.11.12 13:46:04.469,1.52015,1.52105,1.50,2.10
2008.11.12 13:46:05.279,1.52015,1.52105,1.50,3.30
2008.11.12 13:46:05.389,1.5203,1.52115,1.50,3.30
2008.11.12 13:46:05.969,1.5202,1.5211,1.50,2.10
2008.11.12 13:46:06.489,1.5202,1.5211,1.50,3.30
2008.11.12 13:46:07.019,1.52015,1.52105,1.50,2.10
2008.11.12 13:46:07.259,1.52015,1.52105,1.50,3.30
2008.11.12 13:46:07.559,1.52015,1.52085,1.80,1.20
2008.11.12 13:46:07.799,1.52005,1.52085,1.20,3.30
2008.11.12 13:46:08.419,1.51995,1.5208,1.50,1.20
2008.11.12 13:46:08.819,1.51995,1.52075,1.00,2.10
2008.11.12 13:46:09.288,1.5199,1.5207,1.80,1.20
2008.11.12 13:46:09.638,1.5199,1.52075,2.70,2.10
2008.11.12 13:46:09.918,1.5199,1.5206,1.20,2.10
2008.11.12 13:46:10.158,1.5198,1.5206,1.20,2.10
2008.11.12 13:46:10.558,1.5199,1.5206,2.10,2.10
2008.11.12 13:46:10.738,1.52,1.5208,1.00,1.20
2008.11.12 13:46:11.068,1.52,1.5208,2.70,1.20
2008.11.12 13:46:11.188,1.52,1.5209,2.70,5.70
2008.11.12 13:46:11.538,1.52,1.5209,2.70,4.50
2008.11.12 13:46:11.778,1.52,1.5209,3.90,3.30
2008.11.12 13:46:12.088,1.5201,1.52095,1.20,3.30
2008.11.12 13:46:12.568,1.5201,1.521,2.70,3.30
2008.11.12 13:46:12.907,1.52005,1.5209,2.40,3.30
2008.11.12 13:46:13.417,1.5201,1.52095,3.00,2.40
2008.11.12 13:46:13.820,1.5202,1.52095,1.20,2.10
2008.11.12 13:46:14.277,1.52025,1.52105,1.20,2.10
2008.11.12 13:46:14.677,1.52035,1.52105,1.00,2.10
2008.11.12 13:46:14.907,1.52035,1.5212,3.90,1.20
2008.11.12 13:46:15.187,1.52045,1.52125,3.00,1.20
2008.11.12 13:46:15.647,1.5205,1.5213,1.20,2.10
2008.11.12 13:46:15.997,1.5206,1.5213,1.20,2.10
2008.11.12 13:46:16.397,1.5206,1.5213,1.20,1.00
2008.11.12 13:46:16.687,1.52055,1.5214,2.40,4.50
2008.11.12 13:46:17.017,1.52055,1.5214,1.20,4.50
2008.11.12 13:46:18.166,1.52055,1.5213,1.20,2.10
2008.11.12 13:46:18.796,1.52055,1.5214,1.20,4.50
2008.11.12 13:46:19.086,1.52065,1.52145,3.00,1.20
2008.11.12 13:46:19.476,1.52075,1.52145,1.20,1.20
2008.11.12 13:46:19.766,1.52075,1.52155,1.20,2.10
2008.11.12 13:46:20.046,1.5209,1.5216,1.20,2.10
2008.11.12 13:46:20.636,1.5209,1.5217,1.20,1.20
2008.11.12 13:46:20.996,1.52085,1.5217,3.90,1.20
2008.11.12 13:46:21.585,1.521,1.5217,1.20,4.50
2008.11.12 13:46:22.975,1.521,1.52165,1.20,1.00
2008.11.12 13:46:23.495,1.521,1.5218,1.20,2.40
2008.11.12 13:46:23.855,1.521,1.5218,1.20,1.20
2008.11.12 13:46:24.914,1.52105,1.52185,1.50,1.20
2008.11.12 13:46:25.425,1.52095,1.5218,3.90,1.20
2008.11.12 13:46:25.785,1.521,1.52185,2.70,1.20
2008.11.12 13:46:26.464,1.521,1.5218,2.70,1.20
2008.11.12 13:46:26.864,1.5211,1.52175,1.20,1.20
2008.11.12 13:46:27.834,1.5211,1.5217,1.20,2.40
2008.11.12 13:46:28.354,1.52085,1.5217,3.90,3.30
2008.11.12 13:46:28.794,1.5208,1.52165,1.20,3.30
2008.11.12 13:46:29.354,1.52085,1.52165,1.20,3.30
2008.11.12 13:46:29.753,1.52095,1.5216,1.20,1.20
2008.11.12 13:46:30.103,1.5209,1.5217,1.20,2.10
2008.11.12 13:46:30.393,1.52085,1.5217,2.70,3.30
2008.11.12 13:46:30.923,1.52085,1.52165,2.70,1.20
2008.11.12 13:46:31.143,1.52085,1.5216,1.00,1.20
2008.11.12 13:46:31.383,1.52085,1.5217,2.70,3.30
2008.11.12 13:46:31.553,1.52085,1.5216,1.80,1.20
2008.11.12 13:46:31.853,1.52085,1.5215,2.10,1.00
2008.11.12 13:46:32.133,1.52085,1.5217,2.70,3.30
2008.11.12 13:46:32.493,1.52095,1.52175,1.50,3.40
2008.11.12 13:46:33.083,1.5209,1.52165,1.20,2.10
2008.11.12 13:46:33.443,1.5208,1.52155,1.00,1.20
2008.11.12 13:46:33.792,1.52065,1.52145,1.80,1.20
2008.11.12 13:46:34.312,1.52065,1.5214,1.00,1.20
2008.11.12 13:46:34.692,1.5206,1.5214,1.20,2.10
2008.11.12 13:46:35.322,1.52055,1.5214,1.20,2.10
2008.11.12 13:46:35.922,1.52045,1.5213,1.20,3.30
2008.11.12 13:46:36.252,1.52045,1.52135,3.90,3.30
2008.11.12 13:46:36.582,1.52055,1.52145,1.50,3.30
2008.11.12 13:46:36.982,1.52055,1.5214,2.70,1.20
2008.11.12 13:46:37.492,1.5206,1.5214,1.20,1.20
2008.11.12 13:46:37.791,1.5206,1.5213,1.20,1.20
2008.11.12 13:46:38.132,1.5206,1.5213,1.20,2.10
2008.11.12 13:46:38.541,1.52055,1.5213,1.20,2.10
2008.11.12 13:46:40.251,1.52055,1.52125,1.20,2.10
2008.11.12 13:46:40.591,1.5205,1.52125,1.20,2.10
2008.11.12 13:46:41.031,1.5205,1.52125,1.20,2.10
2008.11.12 13:46:41.771,1.52065,1.52125,1.50,2.10
2008.11.12 13:46:42.221,1.52075,1.52165,2.10,3.30
2008.11.12 13:46:42.570,1.52085,1.5217,1.50,4.50
2008.11.12 13:46:43.020,1.52085,1.52165,1.00,2.10
2008.11.12 13:46:43.310,1.52085,1.5217,1.50,3.30
2008.11.12 13:46:44.340,1.52085,1.5217,1.50,2.10
2008.11.12 13:46:46.929,1.5209,1.5217,1.00,1.20
2008.11.12 13:46:47.329,1.5211,1.52175,1.50,1.00
2008.11.12 13:46:47.739,1.52105,1.52185,1.20,3.90
2008.11.12 13:46:47.979,1.5211,1.52195,1.50,3.30
2008.11.12 13:46:48.509,1.5212,1.52195,1.00,1.20
2008.11.12 13:46:48.859,1.52115,1.52195,1.50,2.40
2008.11.12 13:46:49.329,1.52115,1.52195,1.50,1.20
2008.11.12 13:46:49.799,1.5211,1.52195,1.50,3.30
2008.11.12 13:46:50.249,1.5211,1.52185,1.50,1.20
2008.11.12 13:46:50.599,1.521,1.52185,2.70,1.00
2008.11.12 13:46:50.769,1.521,1.5219,1.50,2.10
2008.11.12 13:46:51.238,1.521,1.52185,1.80,2.40
2008.11.12 13:46:51.458,1.52095,1.52185,2.70,3.30
2008.11.12 13:46:51.688,1.52095,1.52185,1.50,4.50
2008.11.12 13:46:52.088,1.52095,1.52185,1.50,3.30
2008.11.12 13:46:52.438,1.521,1.52185,1.00,2.10
2008.11.12 13:46:53.328,1.521,1.5219,1.50,3.30
2008.11.12 13:46:53.688,1.521,1.52185,1.50,1.20
2008.11.12 13:46:53.978,1.521,1.52185,1.00,3.30
2008.11.12 13:46:54.427,1.52095,1.52185,1.50,4.50
2008.11.12 13:46:55.098,1.521,1.5218,1.50,1.00
2008.11.12 13:46:55.437,1.521,1.5218,1.00,2.10
2008.11.12 13:46:55.797,1.52095,1.52175,2.70,1.60
2008.11.12 13:46:56.198,1.5209,1.52165,2.40,3.30
2008.11.12 13:46:56.547,1.5209,1.5215,1.20,2.10
2008.11.12 13:46:57.127,1.5209,1.52145,1.20,2.10
2008.11.12 13:46:57.597,1.5207,1.52155,1.50,3.30
2008.11.12 13:46:58.067,1.52075,1.52155,1.20,2.10
2008.11.12 13:46:58.236,1.52065,1.52145,1.20,2.10
2008.11.12 13:47:00.326,1.5207,1.5215,2.70,1.20
2008.11.12 13:47:00.676,1.5207,1.52155,2.70,3.30
2008.11.12 13:47:01.016,1.52085,1.52155,3.30,2.10
2008.11.12 13:47:01.266,1.52095,1.52165,1.20,1.20
2008.11.12 13:47:01.676,1.52095,1.52165,1.20,1.00
2008.11.12 13:47:02.026,1.521,1.52185,1.20,6.30
2008.11.12 13:47:02.496,1.5211,1.52185,2.10,1.20
2008.11.12 13:47:02.836,1.52115,1.5219,1.50,1.20
2008.11.12 13:47:03.165,1.52115,1.522,1.20,4.50
2008.11.12 13:47:03.545,1.52115,1.522,1.20,3.30
2008.11.12 13:47:03.955,1.5211,1.52195,2.70,1.20
2008.11.12 13:47:05.155,1.52105,1.52185,2.70,1.20
2008.11.12 13:47:06.125,1.52105,1.5218,1.50,1.20
2008.11.12 13:47:06.525,1.52095,1.5218,2.70,3.30
2008.11.12 13:47:06.865,1.52095,1.52175,1.50,1.20
2008.11.12 13:47:07.324,1.52095,1.5217,1.00,1.20
2008.11.12 13:47:07.744,1.52085,1.52165,1.20,1.20
2008.11.12 13:47:08.094,1.5208,1.5216,2.70,1.20
2008.11.12 13:47:08.385,1.5208,1.5216,1.20,1.20
2008.11.12 13:47:08.914,1.5207,1.52155,2.70,1.20
2008.11.12 13:47:09.844,1.52075,1.5215,1.20,1.00
2008.11.12 13:47:10.304,1.52075,1.5215,1.00,2.10
2008.11.12 13:47:10.597,1.52075,1.5216,3.90,2.20
2008.11.12 13:47:10.714,1.52075,1.52155,2.70,1.20
2008.11.12 13:47:10.933,1.52075,1.52155,1.50,1.20
2008.11.12 13:47:11.053,1.5207,1.5215,1.20,2.10
2008.11.12 13:47:11.334,1.5207,1.5215,1.20,4.50
2008.11.12 13:47:11.753,1.5207,1.52145,1.20,1.20
2008.11.12 13:47:12.093,1.5206,1.5214,1.20,1.20
2008.11.12 13:47:12.503,1.52065,1.52145,1.50,2.20
2008.11.12 13:47:12.953,1.52065,1.5214,1.00,1.20
2008.11.12 13:47:13.353,1.5207,1.5215,1.50,1.20
2008.11.12 13:47:13.743,1.52075,1.52145,1.20,4.50
2008.11.12 13:47:14.133,1.52075,1.5214,1.20,1.20
2008.11.12 13:47:14.833,1.52075,1.52145,1.20,4.50
2008.11.12 13:47:16.942,1.52075,1.52135,1.20,1.00
2008.11.12 13:47:17.292,1.52065,1.52145,2.70,1.20
2008.11.12 13:47:17.642,1.52065,1.5215,2.70,3.30
2008.11.12 13:47:18.112,1.52075,1.5215,1.20,2.10
2008.11.12 13:47:18.632,1.5209,1.52155,1.20,1.20
2008.11.12 13:47:18.993,1.5208,1.5216,1.20,2.10
2008.11.12 13:47:19.401,1.52075,1.52155,5.10,1.00
2008.11.12 13:47:19.902,1.52075,1.52165,5.10,3.30
2008.11.12 13:47:21.461,1.52075,1.5216,4.20,1.20
2008.11.12 13:47:21.871,1.52075,1.5216,3.60,2.10
2008.11.12 13:47:22.211,1.5207,1.52155,1.80,1.20
2008.11.12 13:47:22.431,1.5207,1.52155,3.30,2.10
2008.11.12 13:47:22.771,1.52075,1.52165,2.70,3.30
2008.11.12 13:47:23.401,1.5207,1.5214,1.80,1.20
2008.11.12 13:47:23.810,1.52045,1.52135,2.70,2.10
2008.11.12 13:47:24.150,1.52045,1.52135,1.50,2.10
2008.11.12 13:47:25.200,1.52045,1.52135,1.50,4.50
2008.11.12 13:47:25.700,1.52035,1.5212,3.90,2.10
2008.11.12 13:47:26.210,1.52045,1.52125,1.20,2.10
2008.11.12 13:47:26.440,1.5205,1.5213,1.20,1.20
2008.11.12 13:47:26.790,1.5205,1.52125,1.20,1.00
2008.11.12 13:47:27.130,1.5205,1.5213,1.20,1.20
2008.11.12 13:47:27.360,1.52045,1.5212,1.20,2.10
2008.11.12 13:47:27.939,1.5204,1.5212,1.20,2.10
2008.11.12 13:47:28.619,1.5204,1.52115,1.20,1.20
2008.11.12 13:47:28.979,1.5203,1.52105,1.20,2.10
2008.11.12 13:47:29.559,1.52025,1.52105,1.20,3.30
2008.11.12 13:47:29.919,1.52015,1.521,2.70,2.20
2008.11.12 13:47:30.379,1.52015,1.521,2.70,1.20
2008.11.12 13:47:30.969,1.52025,1.52095,1.00,2.10
2008.11.12 13:47:31.249,1.52025,1.5211,2.70,1.20
2008.11.12 13:47:31.549,1.52035,1.52115,1.00,4.50
2008.11.12 13:47:31.839,1.52035,1.52115,2.10,2.10
2008.11.12 13:47:32.298,1.5204,1.52115,1.00,2.10
2008.11.12 13:47:32.588,1.5205,1.5213,1.20,1.00
2008.11.12 13:47:32.859,1.52055,1.5213,1.20,3.30
2008.11.12 13:47:33.188,1.5206,1.52125,1.20,1.00
2008.11.12 13:47:33.578,1.52065,1.5214,2.70,1.20
2008.11.12 13:47:33.928,1.5207,1.5214,1.20,1.20
2008.11.12 13:47:34.318,1.52075,1.5214,1.20,1.20
2008.11.12 13:47:35.298,1.52075,1.5214,2.10,1.20
2008.11.12 13:47:35.588,1.52085,1.5214,1.20,1.20
2008.11.12 13:47:35.808,1.52085,1.5214,2.70,1.20
2008.11.12 13:47:36.158,1.5209,1.5214,1.20,1.20
2008.11.12 13:47:36.497,1.5209,1.5214,2.10,1.20
2008.11.12 13:47:36.777,1.52085,1.5214,1.50,1.20
2008.11.12 13:47:37.997,1.52085,1.5214,2.70,1.20
2008.11.12 13:47:41.866,1.52085,1.5213,1.80,1.20
2008.11.12 13:47:42.036,1.5206,1.5213,1.20,3.30
2008.11.12 13:47:42.426,1.5206,1.52125,1.20,1.60
2008.11.12 13:47:42.766,1.5206,1.52125,1.20,1.20
2008.11.12 13:47:43.916,1.52055,1.52125,2.40,1.00
2008.11.12 13:47:44.306,1.5206,1.52135,1.20,4.50
2008.11.12 13:47:45.055,1.5205,1.52135,2.40,4.50
2008.11.12 13:47:45.455,1.5205,1.5213,2.40,1.20
2008.11.12 13:47:46.145,1.5204,1.52115,2.40,1.20
2008.11.12 13:47:46.555,1.52045,1.52115,1.20,2.10
2008.11.12 13:47:47.085,1.52065,1.5212,1.00,2.10
2008.11.12 13:47:47.475,1.52065,1.5214,1.00,2.40
2008.11.12 13:47:47.764,1.5207,1.5214,2.10,1.20
2008.11.12 13:47:48.085,1.5207,1.5214,2.70,1.20
2008.11.12 13:47:48.745,1.5208,1.5214,3.00,1.20
2008.11.12 13:47:49.224,1.52055,1.52135,4.20,1.20
2008.11.12 13:47:49.734,1.5207,1.5214,1.20,3.30
2008.11.12 13:47:50.084,1.5207,1.5214,3.90,1.20
2008.11.12 13:47:50.374,1.5208,1.5214,2.10,1.20
2008.11.12 13:47:51.304,1.52085,1.5214,1.20,1.20
2008.11.12 13:47:52.094,1.5209,1.5214,1.20,1.20
2008.11.12 13:47:52.733,1.5208,1.5214,1.20,1.20
2008.11.12 13:47:53.243,1.52075,1.52135,1.20,2.10
2008.11.12 13:47:53.703,1.5207,1.5211,1.20,2.20
2008.11.12 13:47:54.233,1.5206,1.52095,1.20,2.10
2008.11.12 13:47:54.653,1.5205,1.5208,1.20,1.00
2008.11.12 13:47:55.173,1.52035,1.5211,1.20,3.30
2008.11.12 13:47:55.523,1.5203,1.5211,1.20,1.20
2008.11.12 13:47:55.863,1.52025,1.521,2.70,1.20
2008.11.12 13:47:56.153,1.52035,1.521,1.20,1.20
2008.11.12 13:47:56.563,1.52035,1.521,3.00,1.20
2008.11.12 13:47:57.182,1.52035,1.5211,3.00,1.20
2008.11.12 13:47:57.482,1.5207,1.5212,1.00,1.20
2008.11.12 13:47:58.072,1.5208,1.52125,1.20,1.20
2008.11.12 13:47:58.642,1.5209,1.5212,1.20,1.20
2008.11.12 13:47:59.112,1.5206,1.52125,3.90,1.20
2008.11.12 13:47:59.642,1.52065,1.52145,1.50,1.20
2008.11.12 13:48:00.032,1.52105,1.52155,1.20,2.10
2008.11.12 13:48:00.372,1.52095,1.52155,1.20,2.10
2008.11.12 13:48:01.082,1.52095,1.5215,1.20,2.10
2008.11.12 13:48:01.442,1.5207,1.52145,1.20,1.20
2008.11.12 13:48:01.901,1.52065,1.5214,1.20,4.50
2008.11.12 13:48:02.361,1.52065,1.52135,1.20,1.20
2008.11.12 13:48:03.071,1.52065,1.5213,1.20,1.80
2008.11.12 13:48:03.591,1.52065,1.52115,1.20,2.10
2008.11.12 13:48:03.942,1.52055,1.5213,1.20,3.30
2008.11.12 13:48:04.491,1.5205,1.5213,1.80,1.20
2008.11.12 13:48:04.891,1.52055,1.5213,1.80,1.20
2008.11.12 13:48:05.510,1.52045,1.52115,1.20,2.10
2008.11.12 13:48:06.020,1.52045,1.52115,4.20,1.00
2008.11.12 13:48:06.420,1.52045,1.5213,3.00,3.40
2008.11.12 13:48:06.720,1.5205,1.5213,1.20,2.20
2008.11.12 13:48:07.130,1.5205,1.52125,1.20,2.10
2008.11.12 13:48:07.410,1.5205,1.52115,1.20,2.10
2008.11.12 13:48:08.000,1.52045,1.52115,1.20,2.10
2008.11.12 13:48:08.629,1.52045,1.5209,1.20,2.10
2008.11.12 13:48:09.469,1.52045,1.5213,2.70,3.30
2008.11.12 13:48:09.699,1.52045,1.5212,1.50,1.20
2008.11.12 13:48:10.109,1.52045,1.52105,1.50,1.20
2008.11.12 13:48:10.469,1.52045,1.52135,1.50,4.50
2008.11.12 13:48:11.339,1.5205,1.52135,1.20,4.50
2008.11.12 13:48:11.509,1.5205,1.52135,1.20,3.30
2008.11.12 13:48:12.029,1.52055,1.52135,1.20,2.10
2008.11.12 13:48:12.419,1.5205,1.52135,2.40,2.10
2008.11.12 13:48:12.769,1.5205,1.52135,2.40,2.10
2008.11.12 13:48:13.229,1.52045,1.52135,2.70,2.10
2008.11.12 13:48:13.339,1.5204,1.5213,5.10,2.10
2008.11.12 13:48:13.689,1.5204,1.5213,2.70,4.50
2008.11.12 13:48:13.978,1.5203,1.52115,2.70,2.10
2008.11.12 13:48:14.308,1.52025,1.5211,2.40,2.10
2008.11.12 13:48:14.718,1.52055,1.52125,1.80,1.20
2008.11.12 13:48:15.238,1.52065,1.5214,1.50,1.20
2008.11.12 13:48:15.639,1.5206,1.52145,1.50,3.30
2008.11.12 13:48:16.218,1.5206,1.52145,2.70,2.10
2008.11.12 13:48:16.608,1.52065,1.52145,1.20,2.10
2008.11.12 13:48:17.078,1.52075,1.52145,1.20,1.00
2008.11.12 13:48:17.707,1.52085,1.52155,1.20,1.20
2008.11.12 13:48:18.097,1.5209,1.52165,1.20,1.20
2008.11.12 13:48:18.397,1.52095,1.52175,1.20,2.10
2008.11.12 13:48:18.747,1.52105,1.5218,2.40,2.20
2008.11.12 13:48:19.277,1.5211,1.5218,1.20,1.20
2008.11.12 13:48:19.667,1.5212,1.5218,1.20,1.20
2008.11.12 13:48:20.007,1.5212,1.52195,1.20,1.20
2008.11.12 13:48:20.587,1.52115,1.52195,2.40,1.00
2008.11.12 13:48:21.267,1.52125,1.5218,1.20,1.20
2008.11.12 13:48:21.686,1.52125,1.52165,1.20,1.00
2008.11.12 13:48:22.157,1.52105,1.5218,1.20,1.20
2008.11.12 13:48:22.546,1.521,1.52145,1.20,1.20
2008.11.12 13:48:22.896,1.5209,1.52145,1.20,3.30
2008.11.12 13:48:23.366,1.52065,1.5213,1.20,1.20
2008.11.12 13:48:23.946,1.5205,1.5212,3.00,1.00
2008.11.12 13:48:24.296,1.5205,1.52125,1.80,1.20
2008.11.12 13:48:25.146,1.5205,1.5211,1.80,1.20
2008.11.12 13:48:25.596,1.5205,1.52095,1.80,1.20
2008.11.12 13:48:26.175,1.5205,1.521,1.80,1.20
2008.11.12 13:48:26.466,1.5205,1.52105,1.80,1.20
2008.11.12 13:48:27.605,1.5205,1.5211,1.80,2.40
2008.11.12 13:48:28.185,1.5205,1.5211,1.80,1.20
2008.11.12 13:48:28.765,1.5205,1.5212,1.80,1.20
2008.11.12 13:48:29.405,1.5205,1.52125,1.80,2.80
2008.11.12 13:48:29.804,1.5205,1.5213,1.80,2.80
2008.11.12 13:48:30.164,1.5205,1.5213,1.80,1.60
2008.11.12 13:48:30.564,1.5205,1.52135,1.80,1.20
2008.11.12 13:48:30.915,1.5205,1.52135,1.80,2.40
2008.11.12 13:48:31.254,1.5205,1.5213,1.80,1.20
2008.11.12 13:48:33.114,1.5205,1.5213,1.80,1.60
2008.11.12 13:48:33.923,1.5205,1.52125,1.80,2.80
2008.11.12 13:48:35.943,1.5205,1.52115,1.80,2.80
2008.11.12 13:48:36.453,1.5205,1.5212,1.80,1.60
2008.11.12 13:48:36.743,1.5205,1.5212,1.80,3.90
2008.11.12 13:48:37.213,1.5205,1.5212,1.80,5.10
2008.11.12 13:48:37.972,1.5205,1.5212,1.80,3.90
2008.11.12 13:48:38.443,1.5205,1.5212,1.80,2.10
2008.11.12 13:48:38.862,1.5205,1.52125,1.80,2.10
2008.11.12 13:48:39.272,1.5205,1.5213,1.80,5.10
2008.11.12 13:48:40.192,1.5205,1.5213,3.60,3.30
2008.11.12 13:48:40.612,1.52055,1.5213,1.20,2.10
2008.11.12 13:48:41.012,1.52055,1.52125,1.20,2.10
2008.11.12 13:48:42.371,1.52055,1.5213,1.20,3.30
2008.11.12 13:48:42.721,1.52055,1.5213,1.20,2.10
2008.11.12 13:48:44.311,1.5206,1.5213,1.20,2.10
2008.11.12 13:48:44.611,1.5206,1.52135,1.20,2.10
2008.11.12 13:48:45.311,1.52065,1.52135,1.20,2.10
2008.11.12 13:48:45.701,1.5208,1.52145,1.20,3.30
2008.11.12 13:48:46.491,1.52085,1.5214,2.70,1.00
2008.11.12 13:48:46.770,1.52095,1.5217,1.20,4.50
2008.11.12 13:48:47.061,1.52105,1.5217,1.20,1.00
2008.11.12 13:48:47.341,1.52105,1.52185,1.20,1.20
2008.11.12 13:48:47.821,1.5211,1.52195,1.20,3.30
2008.11.12 13:48:49.200,1.52115,1.522,1.50,2.70
2008.11.12 13:48:49.860,1.52105,1.5219,2.70,2.80
2008.11.12 13:48:50.150,1.5212,1.52185,1.20,1.00
2008.11.12 13:48:50.550,1.5212,1.52175,1.20,3.30
2008.11.12 13:48:51.079,1.52105,1.5217,1.20,2.10
2008.11.12 13:48:51.489,1.52095,1.52155,1.20,2.10
2008.11.12 13:48:51.839,1.5209,1.52145,1.20,2.10
2008.11.12 13:48:52.129,1.5208,1.52145,1.20,2.10
2008.11.12 13:48:52.709,1.52075,1.52145,1.20,3.30
2008.11.12 13:48:53.589,1.5207,1.52145,2.40,3.30
2008.11.12 13:48:53.979,1.52075,1.52145,1.20,3.30
2008.11.12 13:48:54.369,1.5208,1.52145,1.20,2.10
2008.11.12 13:48:54.758,1.52075,1.52145,1.20,3.30
2008.11.12 13:48:55.098,1.5207,1.52145,2.40,3.30
2008.11.12 13:48:55.388,1.5207,1.52145,3.60,3.30
2008.11.12 13:48:55.798,1.52075,1.52145,1.20,3.30
2008.11.12 13:48:58.058,1.52075,1.5214,1.20,3.30
2008.11.12 13:48:58.458,1.5207,1.5214,1.20,3.30
2008.11.12 13:48:58.688,1.52075,1.52125,1.20,1.20
2008.11.12 13:48:59.047,1.52065,1.52125,1.20,2.10
2008.11.12 13:48:59.437,1.5206,1.52125,1.20,2.10
2008.11.12 13:49:00.447,1.52065,1.52125,1.20,2.10
2008.11.12 13:49:01.157,1.52065,1.52125,1.20,2.10
2008.11.12 13:49:01.317,1.52065,1.5213,1.20,2.10
2008.11.12 13:49:02.807,1.52055,1.52125,1.20,2.10
2008.11.12 13:49:03.147,1.5205,1.5212,1.20,1.20
2008.11.12 13:49:03.386,1.5205,1.5211,2.40,1.20
2008.11.12 13:49:03.656,1.5204,1.5211,1.20,3.30
2008.11.12 13:49:04.007,1.52035,1.521,1.20,1.20
2008.11.12 13:49:04.426,1.52035,1.52095,1.20,2.10
2008.11.12 13:49:04.946,1.52025,1.5209,1.20,2.10
2008.11.12 13:49:05.347,1.5202,1.52085,1.20,1.00
2008.11.12 13:49:05.986,1.5202,1.52085,1.20,2.10
2008.11.12 13:49:06.666,1.52015,1.5208,1.20,2.10
2008.11.12 13:49:07.246,1.52005,1.52075,1.20,2.10
2008.11.12 13:49:07.645,1.52005,1.5208,1.20,2.10
2008.11.12 13:49:08.205,1.52005,1.52085,1.20,4.50
2008.11.12 13:49:08.555,1.52005,1.5208,1.20,2.10
2008.11.12 13:49:09.355,1.51995,1.52075,3.00,1.20
2008.11.12 13:49:09.705,1.51995,1.52075,1.20,3.30
2008.11.12 13:49:09.995,1.51995,1.5207,1.20,3.30
2008.11.12 13:49:11.154,1.5199,1.5207,2.40,3.30
2008.11.12 13:49:11.514,1.51995,1.5206,1.20,2.10
2008.11.12 13:49:12.064,1.51995,1.52075,1.20,3.30
2008.11.12 13:49:12.624,1.51995,1.52065,1.20,2.10
2008.11.12 13:49:12.964,1.5199,1.52065,2.40,2.10
2008.11.12 13:49:13.425,1.51985,1.5206,3.60,1.00
2008.11.12 13:49:13.824,1.5199,1.52065,1.20,2.10
2008.11.12 13:49:14.814,1.5199,1.5205,1.20,1.20
2008.11.12 13:49:15.224,1.5198,1.5205,1.20,1.00
2008.11.12 13:49:15.625,1.5197,1.52055,3.90,2.20
2008.11.12 13:49:16.093,1.5198,1.5205,1.20,1.00
2008.11.12 13:49:16.493,1.5198,1.5206,1.20,1.20
2008.11.12 13:49:16.853,1.51995,1.5206,1.50,1.00
2008.11.12 13:49:17.194,1.5199,1.52075,1.20,3.30
2008.11.12 13:49:17.493,1.5198,1.52055,2.70,1.60
2008.11.12 13:49:17.833,1.5198,1.52045,1.20,2.10
2008.11.12 13:49:18.183,1.5198,1.52045,1.20,1.00
2008.11.12 13:49:18.983,1.51985,1.5207,1.20,3.30
2008.11.12 13:49:19.333,1.51985,1.5206,1.20,1.20
2008.11.12 13:49:19.732,1.51975,1.5206,1.20,3.30
2008.11.12 13:49:20.082,1.5197,1.5206,3.90,4.50
2008.11.12 13:49:20.552,1.51975,1.5206,1.20,4.50
2008.11.12 13:49:20.842,1.51975,1.5206,2.40,4.50
2008.11.12 13:49:23.321,1.51975,1.5206,1.20,4.50
2008.11.12 13:49:23.672,1.5198,1.52055,3.90,1.00
2008.11.12 13:49:24.012,1.51995,1.5207,1.00,2.10
2008.11.12 13:49:24.342,1.51995,1.52075,2.10,2.10
2008.11.12 13:49:24.841,1.52005,1.52095,3.90,3.30
2008.11.12 13:49:25.661,1.52005,1.5209,1.80,1.20
2008.11.12 13:49:25.891,1.52005,1.52085,3.90,1.00
2008.11.12 13:49:26.291,1.52005,1.52095,5.10,3.30
2008.11.12 13:49:26.821,1.52005,1.52095,2.70,2.10
2008.11.12 13:49:27.351,1.5201,1.52095,1.20,2.10
2008.11.12 13:49:27.980,1.5201,1.52095,2.10,2.10
2008.11.12 13:49:28.310,1.52015,1.52095,2.40,2.10
2008.11.12 13:49:28.590,1.5202,1.52095,1.80,1.00
2008.11.12 13:49:28.920,1.52025,1.52115,2.70,2.10
2008.11.12 13:49:29.490,1.5203,1.5212,3.90,3.30
2008.11.12 13:49:29.830,1.5203,1.5212,5.10,3.30
2008.11.12 13:49:30.400,1.52025,1.52115,1.50,2.10
2008.11.12 13:49:31.200,1.5203,1.52115,2.70,1.20
2008.11.12 13:49:31.490,1.52025,1.5211,1.80,1.20
2008.11.12 13:49:31.780,1.5204,1.52115,1.00,2.10
2008.11.12 13:49:32.130,1.5204,1.5212,1.50,2.20
2008.11.12 13:49:32.429,1.5204,1.5212,1.50,1.20
2008.11.12 13:49:33.569,1.5204,1.52115,1.00,2.20
2008.11.12 13:49:33.929,1.5204,1.52115,1.50,1.20
2008.11.12 13:49:34.909,1.5203,1.52105,1.20,2.10
2008.11.12 13:49:35.149,1.52025,1.52105,1.20,2.70
2008.11.12 13:49:35.729,1.52025,1.52105,1.20,3.30
2008.11.12 13:49:39.068,1.52025,1.52105,2.40,2.10
2008.11.12 13:49:39.408,1.5203,1.5211,1.80,1.20
2008.11.12 13:49:39.908,1.5205,1.52115,1.00,1.00
2008.11.12 13:49:40.318,1.5205,1.5212,2.70,1.20
2008.11.12 13:49:40.607,1.52055,1.5212,1.20,1.20
2008.11.12 13:49:40.957,1.52055,1.5212,4.50,1.20
2008.11.12 13:49:41.597,1.5206,1.5212,1.20,1.20
2008.11.12 13:49:41.877,1.52055,1.5212,3.00,1.20
2008.11.12 13:49:42.217,1.52055,1.5212,1.00,1.20
2008.11.12 13:49:42.547,1.5205,1.5212,1.20,1.20
2008.11.12 13:49:43.197,1.5205,1.5212,2.40,1.20
2008.11.12 13:49:44.767,1.5205,1.5212,1.20,2.20
2008.11.12 13:49:45.276,1.52055,1.5212,1.20,1.20
2008.11.12 13:49:45.807,1.5207,1.5212,1.50,1.20
2008.11.12 13:49:46.156,1.52065,1.5212,2.10,1.20
2008.11.12 13:49:46.736,1.5207,1.5212,1.50,1.20
2008.11.12 13:49:47.076,1.52065,1.5212,1.20,1.20
2008.11.12 13:49:47.776,1.5206,1.5212,1.20,1.20
2008.11.12 13:49:48.816,1.5206,1.5212,2.40,1.20
2008.11.12 13:49:49.196,1.5208,1.5212,1.20,1.20
2008.11.12 13:49:50.125,1.5207,1.5212,1.20,1.20
2008.11.12 13:49:50.995,1.52075,1.5212,1.20,1.20
2008.11.12 13:49:52.085,1.52075,1.5212,2.40,1.20
2008.11.12 13:49:52.764,1.5208,1.5212,1.20,1.20
2008.11.12 13:49:53.095,1.5207,1.5212,1.20,1.20
2008.11.12 13:49:53.365,1.5206,1.5212,1.20,1.20
2008.11.12 13:49:54.284,1.5207,1.5212,2.40,1.20
2008.11.12 13:49:54.764,1.52075,1.5212,2.40,1.20
2008.11.12 13:49:55.154,1.5208,1.5212,2.70,1.20
2008.11.12 13:49:55.514,1.521,1.5212,1.20,1.20
2008.11.12 13:49:56.194,1.52095,1.5212,1.20,1.20
2008.11.12 13:49:56.534,1.521,1.5212,2.40,1.20
2008.11.12 13:49:56.823,1.52095,1.5212,2.10,1.20
2008.11.12 13:49:57.154,1.521,1.5212,1.20,1.20
2008.11.12 13:49:57.903,1.52105,1.5212,1.00,1.20
2008.11.12 13:49:58.473,1.521,1.5212,1.20,1.20
2008.11.12 13:49:58.853,1.52105,1.5214,1.50,1.50
2008.11.12 13:49:59.373,1.52115,1.5214,1.20,1.50
2008.11.12 13:49:59.773,1.52115,1.52195,1.20,1.20
2008.11.12 13:50:00.473,1.5211,1.5219,1.80,1.20
2008.11.12 13:50:00.753,1.521,1.5218,1.00,1.00
2008.11.12 13:50:01.093,1.5209,1.5218,5.10,2.10
2008.11.12 13:50:01.513,1.5209,1.5218,2.70,5.10
2008.11.12 13:50:01.802,1.5209,1.5217,1.20,1.20
2008.11.12 13:50:02.142,1.5209,1.5217,1.20,3.30
2008.11.12 13:50:02.502,1.5208,1.5217,5.10,3.30
2008.11.12 13:50:02.842,1.5208,1.52165,3.00,1.20
2008.11.12 13:50:03.233,1.52075,1.52165,2.70,3.30
2008.11.12 13:50:03.522,1.52075,1.5216,2.70,2.10
2008.11.12 13:50:04.032,1.5208,1.5216,1.60,1.00
2008.11.12 13:50:04.382,1.5208,1.5216,3.00,1.20
2008.11.12 13:50:04.981,1.5208,1.5216,1.20,2.10
2008.11.12 13:50:05.321,1.52075,1.5216,2.70,2.10
2008.11.12 13:50:05.781,1.52075,1.5216,3.90,2.10
2008.11.12 13:50:06.251,1.5208,1.5216,2.10,2.10
2008.11.12 13:50:06.601,1.5207,1.5216,5.10,3.90
2008.11.12 13:50:06.901,1.5209,1.52165,1.50,1.20
2008.11.12 13:50:07.671,1.5209,1.52155,1.80,1.20
2008.11.12 13:50:08.081,1.5209,1.5216,1.20,2.10
2008.11.12 13:50:08.481,1.52095,1.52165,1.00,4.00
2008.11.12 13:50:08.771,1.5209,1.52175,2.70,1.20
2008.11.12 13:50:09.081,1.52085,1.5217,2.70,1.20
2008.11.12 13:50:09.901,1.5209,1.52175,2.70,2.20
2008.11.12 13:50:10.320,1.52095,1.52165,1.00,1.00
2008.11.12 13:50:10.780,1.5209,1.5218,5.10,3.30
2008.11.12 13:50:11.060,1.52095,1.5218,1.20,3.30
2008.11.12 13:50:11.740,1.521,1.52175,1.20,1.20
2008.11.12 13:50:11.910,1.521,1.52175,1.20,3.30
2008.11.12 13:50:12.190,1.52095,1.52175,1.20,3.30
2008.11.12 13:50:12.480,1.52095,1.52165,1.20,2.10
2008.11.12 13:50:12.820,1.52095,1.52165,1.20,2.10
2008.11.12 13:50:12.990,1.521,1.52175,1.20,3.30
2008.11.12 13:50:13.339,1.52095,1.5218,1.20,4.50
2008.11.12 13:50:13.680,1.52095,1.5218,1.20,5.70
2008.11.12 13:50:14.029,1.52095,1.5218,1.20,4.50
2008.11.12 13:50:14.889,1.5209,1.52175,2.70,1.20
2008.11.12 13:50:15.129,1.5209,1.52165,1.20,2.10
2008.11.12 13:50:15.469,1.521,1.52185,1.20,4.50
2008.11.12 13:50:15.819,1.52105,1.52185,1.20,2.10
2008.11.12 13:50:16.062,1.52105,1.52185,1.20,3.30
2008.11.12 13:50:16.709,1.5212,1.5219,1.20,2.10
2008.11.12 13:50:16.939,1.5213,1.5219,1.20,1.00
2008.11.12 13:50:17.269,1.5213,1.52205,1.20,4.50
2008.11.12 13:50:18.179,1.5212,1.52195,1.20,2.10
2008.11.12 13:50:19.178,1.5212,1.52205,1.20,4.50
2008.11.12 13:50:19.468,1.52115,1.5219,2.40,2.10
2008.11.12 13:50:19.759,1.52115,1.5219,1.20,2.10
2008.11.12 13:50:20.118,1.52105,1.52185,3.60,1.20
2008.11.12 13:50:20.338,1.52115,1.52185,1.20,3.30
2008.11.12 13:50:20.558,1.52115,1.5218,1.20,2.10
2008.11.12 13:50:21.068,1.521,1.5218,1.20,3.30
2008.11.12 13:50:21.467,1.52095,1.5218,3.90,2.20
2008.11.12 13:50:21.818,1.52095,1.5217,1.20,2.10
2008.11.12 13:50:22.277,1.52095,1.5217,2.40,1.00
2008.11.12 13:50:22.638,1.521,1.5218,1.20,3.30
2008.11.12 13:50:22.927,1.521,1.5218,2.40,3.30
2008.11.12 13:50:24.007,1.52105,1.5217,1.20,1.20
2008.11.12 13:50:24.417,1.52095,1.5217,1.20,2.10
2008.11.12 13:50:24.637,1.5209,1.52175,1.20,3.30
2008.11.12 13:50:24.917,1.5209,1.52175,2.40,3.30
2008.11.12 13:50:25.267,1.5209,1.5218,3.90,3.30
2008.11.12 13:50:25.617,1.52095,1.52185,1.50,2.10
2008.11.12 13:50:25.737,1.52095,1.52185,1.50,3.30
2008.11.12 13:50:26.136,1.52095,1.5218,1.80,1.20
2008.11.12 13:50:26.246,1.52105,1.52185,1.20,2.10
2008.11.12 13:50:26.776,1.5211,1.5219,1.20,2.10
2008.11.12 13:50:27.286,1.52105,1.5219,2.40,2.10
2008.11.12 13:50:27.396,1.521,1.5219,5.10,2.10
2008.11.12 13:50:27.746,1.521,1.52185,4.20,2.40
2008.11.12 13:50:28.106,1.521,1.52185,2.40,3.30
2008.11.12 13:50:29.116,1.52105,1.52175,1.20,2.20
2008.11.12 13:50:29.406,1.521,1.5217,2.40,1.00
2008.11.12 13:50:29.755,1.521,1.5218,2.40,4.50
2008.11.12 13:50:31.315,1.52095,1.52175,2.40,3.30
2008.11.12 13:50:32.005,1.521,1.52175,1.20,3.30
2008.11.12 13:50:32.335,1.52085,1.52165,2.10,2.10
2008.11.12 13:50:32.615,1.52085,1.52165,1.20,3.90
2008.11.12 13:50:33.085,1.5208,1.5216,1.20,4.50
2008.11.12 13:50:33.415,1.5207,1.5214,1.20,2.10
2008.11.12 13:50:34.165,1.52075,1.5214,1.20,2.10
2008.11.12 13:50:34.514,1.52065,1.5214,2.40,1.20
2008.11.12 13:50:34.864,1.52075,1.52155,2.40,3.30
2008.11.12 13:50:35.264,1.52075,1.52155,2.40,2.10
2008.11.12 13:50:35.504,1.5208,1.5216,1.20,4.50
2008.11.12 13:50:35.954,1.52085,1.52165,1.80,2.20
2008.11.12 13:50:36.294,1.5209,1.52175,1.20,4.50
2008.11.12 13:50:37.294,1.5209,1.52165,1.20,1.00
2008.11.12 13:50:37.534,1.5209,1.52175,1.20,6.30
2008.11.12 13:50:37.864,1.5209,1.5216,1.20,2.10
2008.11.12 13:50:38.195,1.52085,1.52155,1.20,2.10
2008.11.12 13:50:41.493,1.5208,1.5215,1.20,1.20
2008.11.12 13:50:41.843,1.52065,1.52135,1.20,1.20
2008.11.12 13:50:42.452,1.5205,1.52125,1.80,1.00
2008.11.12 13:50:42.852,1.5205,1.52125,1.20,2.10
2008.11.12 13:50:44.062,1.5206,1.5213,1.20,2.10
2008.11.12 13:50:44.362,1.5206,1.5213,1.20,1.00
2008.11.12 13:50:44.762,1.52055,1.52135,1.20,2.10
2008.11.12 13:50:45.152,1.52065,1.52135,1.20,1.20
2008.11.12 13:50:45.612,1.52065,1.52145,1.20,3.30
2008.11.12 13:50:46.122,1.52075,1.52145,1.20,2.10
2008.11.12 13:50:46.702,1.5208,1.5216,3.90,1.20
2008.11.12 13:50:47.112,1.521,1.52175,1.80,2.20
2008.11.12 13:50:47.471,1.52105,1.5218,1.20,1.20
2008.11.12 13:50:48.071,1.521,1.52185,1.20,3.30
2008.11.12 13:50:48.671,1.52095,1.5218,3.00,1.20
2008.11.12 13:50:49.091,1.521,1.5217,1.20,1.20
2008.11.12 13:50:49.671,1.5209,1.52175,1.20,4.50
2008.11.12 13:50:50.011,1.52085,1.52165,1.20,2.10
2008.11.12 13:50:50.462,1.5208,1.5216,2.40,2.10
2008.11.12 13:50:50.861,1.52075,1.52135,2.40,1.20
2008.11.12 13:50:51.260,1.5207,1.52135,1.20,2.10
2008.11.12 13:50:51.320,1.5207,1.5215,1.20,2.10
2008.11.12 13:50:51.850,1.5207,1.5215,1.20,3.30
2008.11.12 13:50:53.350,1.52065,1.52145,3.90,1.00
2008.11.12 13:50:53.590,1.52065,1.52145,5.10,1.00
2008.11.12 13:50:54.230,1.52065,1.52145,1.20,1.20
2008.11.12 13:50:54.579,1.52065,1.52145,1.20,3.30
2008.11.12 13:50:55.050,1.52055,1.52135,3.30,2.10
2008.11.12 13:50:55.469,1.5206,1.52145,2.40,3.30
2008.11.12 13:50:55.709,1.52065,1.52145,1.20,2.10
2008.11.12 13:50:55.999,1.5207,1.5215,1.20,3.30
2008.11.12 13:50:56.579,1.5207,1.52145,1.20,1.00
2008.11.12 13:50:57.099,1.52075,1.5216,2.40,2.10
2008.11.12 13:50:57.559,1.52085,1.52155,2.40,1.00
2008.11.12 13:50:58.019,1.52085,1.52175,2.70,3.30
2008.11.12 13:50:58.779,1.52085,1.52165,2.40,2.10
2008.11.12 13:50:59.259,1.52085,1.52175,2.70,3.30
2008.11.12 13:50:59.708,1.52085,1.52165,3.00,1.20
2008.11.12 13:51:00.058,1.52085,1.52165,1.20,2.10
2008.11.12 13:51:00.418,1.52085,1.52165,2.10,2.10
2008.11.12 13:51:00.758,1.52085,1.52175,2.70,4.50
2008.11.12 13:51:00.978,1.5209,1.52165,1.20,1.20
2008.11.12 13:51:01.268,1.52095,1.5218,1.20,4.50
2008.11.12 13:51:02.288,1.52095,1.5218,1.20,5.70
2008.11.12 13:51:02.588,1.5209,1.52175,2.10,3.30
2008.11.12 13:51:02.767,1.5209,1.52175,3.90,1.20
2008.11.12 13:51:03.158,1.52095,1.5218,2.10,3.30
2008.11.12 13:51:03.497,1.521,1.52185,1.20,4.50
2008.11.12 13:51:05.077,1.52095,1.52175,2.40,2.10
2008.11.12 13:51:05.487,1.52095,1.5218,1.20,4.50
2008.11.12 13:51:05.777,1.521,1.5218,1.20,3.30
2008.11.12 13:51:06.227,1.521,1.52175,1.20,1.20
2008.11.12 13:51:06.577,1.521,1.52185,1.20,3.30
2008.11.12 13:51:06.927,1.52095,1.5218,1.20,4.50
2008.11.12 13:51:08.706,1.52095,1.5218,2.70,2.20
2008.11.12 13:51:09.156,1.52095,1.5218,3.90,1.20
2008.11.12 13:51:09.726,1.521,1.5218,1.20,1.20
2008.11.12 13:51:10.726,1.521,1.5218,2.40,1.20
2008.11.12 13:51:12.715,1.5211,1.5218,1.00,1.20
2008.11.12 13:51:13.105,1.52115,1.5219,1.20,2.40
2008.11.12 13:51:13.565,1.5211,1.5219,1.50,1.20
2008.11.12 13:51:14.165,1.5211,1.52185,1.50,1.20
2008.11.12 13:51:14.465,1.5211,1.52185,1.00,1.20
2008.11.12 13:51:14.815,1.52105,1.52185,1.50,1.20
2008.11.12 13:51:15.894,1.52105,1.52185,2.70,1.20
2008.11.12 13:51:17.494,1.52105,1.52185,1.80,1.20
2008.11.12 13:51:17.904,1.521,1.5218,2.40,1.20
2008.11.12 13:51:18.314,1.521,1.5218,1.20,1.20
2008.11.12 13:51:18.614,1.5211,1.52185,1.00,1.20
2008.11.12 13:51:18.974,1.5212,1.5219,1.20,3.30
2008.11.12 13:51:19.314,1.52115,1.52195,1.20,3.30
2008.11.12 13:51:19.893,1.5212,1.52195,1.20,2.10
2008.11.12 13:51:20.273,1.52125,1.52205,1.20,1.20
2008.11.12 13:51:20.683,1.52125,1.5221,1.20,4.50
2008.11.12 13:51:21.033,1.5213,1.5221,1.20,3.30
2008.11.12 13:51:23.532,1.5213,1.52195,1.20,1.20
2008.11.12 13:51:24.162,1.5212,1.52195,1.20,2.10
2008.11.12 13:51:24.523,1.52125,1.52195,1.20,2.10
2008.11.12 13:51:24.862,1.52125,1.52205,1.20,3.30
2008.11.12 13:51:25.302,1.52125,1.5221,1.20,4.50
2008.11.12 13:51:26.122,1.52125,1.5221,1.20,6.30
2008.11.12 13:51:26.422,1.52125,1.52205,1.20,3.30
2008.11.12 13:51:26.822,1.52125,1.52205,1.20,2.10
2008.11.12 13:51:27.272,1.5213,1.52205,1.20,1.20
2008.11.12 13:51:27.562,1.5213,1.52205,1.20,2.10
2008.11.12 13:51:28.022,1.52135,1.52205,1.20,2.10
2008.11.12 13:51:29.221,1.5213,1.522,1.20,3.30
2008.11.12 13:51:30.201,1.5213,1.522,1.20,2.10
2008.11.12 13:51:30.491,1.5213,1.522,1.20,1.20
2008.11.12 13:51:30.731,1.5213,1.522,1.20,3.30
2008.11.12 13:51:32.110,1.52125,1.522,1.20,3.30
2008.11.12 13:51:33.440,1.52125,1.522,1.20,2.20
2008.11.12 13:51:33.560,1.52125,1.52205,3.60,2.10
2008.11.12 13:51:33.840,1.5213,1.52205,1.20,2.10
2008.11.12 13:51:34.400,1.5213,1.52205,1.20,2.10
2008.11.12 13:51:34.980,1.5214,1.5221,1.20,2.10
2008.11.12 13:51:35.380,1.52135,1.52205,1.20,2.10
2008.11.12 13:51:35.840,1.52135,1.52205,1.20,2.10
2008.11.12 13:51:36.290,1.5213,1.52205,1.20,2.10
2008.11.12 13:51:36.570,1.5213,1.522,1.20,2.10
2008.11.12 13:51:36.810,1.5213,1.522,1.20,3.30
2008.11.12 13:51:37.681,1.5212,1.52185,1.20,2.10
2008.11.12 13:51:38.379,1.5212,1.52175,1.20,2.10
2008.11.12 13:51:38.879,1.52115,1.52175,1.20,2.10
2008.11.12 13:51:41.958,1.52115,1.5217,1.20,1.20
2008.11.12 13:51:42.368,1.521,1.5217,2.40,3.30
2008.11.12 13:51:43.058,1.5211,1.5218,1.20,3.30
2008.11.12 13:51:43.348,1.5211,1.5218,1.20,2.10
2008.11.12 13:51:43.917,1.521,1.52175,1.20,2.10
2008.11.12 13:51:44.738,1.5212,1.52175,1.20,1.20
2008.11.12 13:51:45.267,1.5212,1.5219,1.20,1.20
2008.11.12 13:51:45.667,1.52125,1.522,1.20,4.50
2008.11.12 13:51:46.137,1.52125,1.522,2.40,4.50
2008.11.12 13:51:46.657,1.52125,1.52195,1.20,1.20
2008.11.12 13:51:46.887,1.5212,1.5219,1.20,2.10
2008.11.12 13:51:47.397,1.52115,1.5219,1.20,3.30
2008.11.12 13:51:47.787,1.5213,1.52195,1.20,3.30
2008.11.12 13:51:48.517,1.5213,1.5219,1.20,1.20
2008.11.12 13:51:48.756,1.5211,1.5219,1.20,3.30
2008.11.12 13:51:49.356,1.5212,1.5219,1.20,3.30
2008.11.12 13:51:49.996,1.5211,1.5219,1.20,3.30
2008.11.12 13:51:50.466,1.52115,1.52195,1.20,3.30
2008.11.12 13:51:51.036,1.52115,1.5219,1.20,3.30
2008.11.12 13:51:51.216,1.52115,1.5219,1.20,1.20
2008.11.12 13:51:51.446,1.52115,1.52195,1.20,3.30
2008.11.12 13:51:51.806,1.52115,1.5219,1.20,1.20
2008.11.12 13:51:52.386,1.52115,1.5219,1.20,2.10
2008.11.12 13:51:52.865,1.52115,1.52195,1.20,2.10
2008.11.12 13:51:53.866,1.52135,1.52195,1.20,2.10
2008.11.12 13:51:54.745,1.52135,1.52195,1.20,2.10
2008.11.12 13:51:55.085,1.52135,1.522,1.20,7.00
2008.11.12 13:51:55.375,1.52115,1.522,2.70,6.00
2008.11.12 13:51:55.905,1.52115,1.522,1.80,7.20
2008.11.12 13:51:55.965,1.52115,1.5219,2.40,1.00
2008.11.12 13:51:57.094,1.5212,1.52195,1.20,2.20
2008.11.12 13:51:57.434,1.52115,1.52195,2.10,2.20
2008.11.12 13:51:57.774,1.52115,1.522,2.70,7.20
2008.11.12 13:51:57.884,1.52115,1.522,2.70,6.00
2008.11.12 13:51:58.844,1.5213,1.522,1.20,4.80
2008.11.12 13:51:59.194,1.5214,1.522,1.20,2.40
2008.11.12 13:52:00.694,1.52135,1.522,3.90,2.40
2008.11.12 13:52:01.483,1.52135,1.522,2.70,2.40
2008.11.12 13:52:01.883,1.5214,1.522,1.50,2.40
2008.11.12 13:52:02.233,1.5214,1.522,1.00,2.40
2008.11.12 13:52:02.703,1.52135,1.522,3.90,2.40
2008.11.12 13:52:02.983,1.5214,1.522,1.50,2.40
2008.11.12 13:52:03.953,1.5214,1.522,2.70,2.40
2008.11.12 13:52:04.423,1.52145,1.522,1.50,2.40
2008.11.12 13:52:05.183,1.5215,1.522,2.70,2.40
2008.11.12 13:52:05.763,1.52155,1.522,2.10,2.40
2008.11.12 13:52:06.292,1.5216,1.522,1.20,2.40
2008.11.12 13:52:06.702,1.5217,1.522,1.00,2.40
2008.11.12 13:52:07.052,1.52155,1.522,2.40,2.40
2008.11.12 13:52:07.382,1.52155,1.522,2.10,2.40
2008.11.12 13:52:07.732,1.5215,1.522,1.20,2.40
2008.11.12 13:52:08.122,1.5213,1.522,1.20,2.40
2008.11.12 13:52:08.462,1.5213,1.522,1.50,2.40
2008.11.12 13:52:08.972,1.52125,1.522,1.00,2.40
2008.11.12 13:52:09.262,1.52135,1.522,1.00,2.40
2008.11.12 13:52:09.611,1.52135,1.522,1.50,2.40
2008.11.12 13:52:10.401,1.52145,1.522,1.50,2.40
2008.11.12 13:52:11.791,1.52155,1.522,1.50,2.40
2008.11.12 13:52:12.831,1.52165,1.522,1.50,2.40
2008.11.12 13:52:13.231,1.5216,1.522,1.20,2.40
2008.11.12 13:52:13.731,1.5216,1.522,1.50,2.40
2008.11.12 13:52:14.200,1.5214,1.522,1.20,2.40
2008.11.12 13:52:15.070,1.52145,1.522,1.20,2.40
2008.11.12 13:52:19.459,1.5214,1.522,1.20,2.40
2008.11.12 13:52:20.879,1.52135,1.522,1.20,2.40
2008.11.12 13:52:21.998,1.5213,1.522,1.20,2.40
2008.11.12 13:52:22.798,1.5214,1.522,1.20,2.40
2008.11.12 13:52:24.328,1.5213,1.522,1.20,2.40
2008.11.12 13:52:26.088,1.52125,1.522,1.20,2.40
2008.11.12 13:52:29.857,1.5211,1.522,1.20,2.40
2008.11.12 13:52:30.256,1.52085,1.52185,9.00,1.20
2008.11.12 13:52:30.606,1.52085,1.52175,2.10,1.20
2008.11.12 13:52:31.026,1.5208,1.5217,1.50,4.50
2008.11.12 13:52:31.646,1.52085,1.5217,1.00,2.10
2008.11.12 13:52:31.936,1.5208,1.5217,1.50,3.30
2008.11.12 13:52:32.106,1.5208,1.52155,1.00,1.00
2008.11.12 13:52:32.346,1.52065,1.52155,2.70,2.10
2008.11.12 13:52:32.686,1.52075,1.52155,1.20,2.10
2008.11.12 13:52:33.076,1.5206,1.5215,1.50,3.30
2008.11.12 13:52:33.606,1.52055,1.52135,2.40,2.10
2008.11.12 13:52:33.966,1.5206,1.5215,2.70,3.30
2008.11.12 13:52:34.356,1.52055,1.52135,1.20,2.10
2008.11.12 13:52:34.985,1.5206,1.52145,1.20,3.30
2008.11.12 13:52:36.885,1.5207,1.52145,1.20,3.30
2008.11.12 13:52:37.115,1.5207,1.5215,1.20,3.30
2008.11.12 13:52:38.395,1.5207,1.5215,1.20,2.20
2008.11.12 13:52:38.804,1.5207,1.52145,1.20,1.00
2008.11.12 13:52:39.025,1.5207,1.52155,1.20,2.10
2008.11.12 13:52:40.324,1.52075,1.5216,1.20,3.30
2008.11.12 13:52:40.664,1.52075,1.5216,1.20,2.10
2008.11.12 13:52:41.514,1.5207,1.5216,2.70,2.10
2008.11.12 13:52:41.744,1.5208,1.5216,1.00,1.00
2008.11.12 13:52:42.074,1.5208,1.52165,1.50,2.10
2008.11.12 13:52:42.943,1.5208,1.5216,1.00,1.20
2008.11.12 13:52:43.584,1.5207,1.52155,2.10,2.10
2008.11.12 13:52:43.983,1.5207,1.52155,1.20,2.10
2008.11.12 13:52:44.403,1.5207,1.52155,3.00,1.20
2008.11.12 13:52:44.743,1.5208,1.52165,1.50,2.10
2008.11.12 13:52:46.233,1.52085,1.52175,1.50,3.30
2008.11.12 13:52:46.453,1.52085,1.5217,1.00,1.20
2008.11.12 13:52:46.803,1.52075,1.52165,3.90,2.10
2008.11.12 13:52:47.152,1.52075,1.52165,2.70,2.10
2008.11.12 13:52:47.752,1.5208,1.52165,1.20,2.10
2008.11.12 13:52:48.043,1.5208,1.5217,3.90,2.10
2008.11.12 13:52:48.382,1.5208,1.5217,2.70,2.10
2008.11.12 13:52:48.672,1.5208,1.52165,1.20,2.10
2008.11.12 13:52:48.952,1.52075,1.52165,2.70,2.10
2008.11.12 13:52:49.652,1.52075,1.52165,1.50,3.30
2008.11.12 13:52:50.202,1.52065,1.52145,2.40,2.10
2008.11.12 13:52:50.611,1.5208,1.52145,1.80,1.00
2008.11.12 13:52:50.942,1.5208,1.52145,1.00,1.00
2008.11.12 13:52:51.281,1.52075,1.5216,2.40,2.10
2008.11.12 13:52:51.572,1.5208,1.5216,2.40,2.10
2008.11.12 13:52:51.961,1.52085,1.5216,1.20,2.10
2008.11.12 13:52:52.301,1.52075,1.5216,1.20,3.30
2008.11.12 13:52:53.061,1.52065,1.52145,1.20,2.10
2008.11.12 13:52:53.521,1.52075,1.52145,2.70,1.00
2008.11.12 13:52:54.021,1.52075,1.52155,1.20,2.10
2008.11.12 13:52:54.371,1.52075,1.5216,2.10,2.10
2008.11.12 13:52:54.611,1.52075,1.5216,1.80,1.20
2008.11.12 13:52:54.881,1.5207,1.52155,1.20,3.30
2008.11.12 13:52:55.291,1.5207,1.5216,3.90,3.30
2008.11.12 13:52:55.640,1.5207,1.5216,2.70,3.30
2008.11.12 13:52:55.940,1.5208,1.5217,2.70,2.10
2008.11.12 13:52:56.331,1.5208,1.5217,2.70,3.30
2008.11.12 13:52:56.620,1.5208,1.5217,1.50,2.10
2008.11.12 13:52:56.860,1.5208,1.5217,3.90,2.10
2008.11.12 13:52:57.550,1.5208,1.5216,1.00,1.20
2008.11.12 13:52:58.000,1.52085,1.5217,1.20,3.30
2008.11.12 13:52:58.530,1.52095,1.52175,1.80,1.20
2008.11.12 13:52:58.920,1.52095,1.52185,1.50,3.30
2008.11.12 13:52:59.250,1.52095,1.52185,2.70,3.30
2008.11.12 13:52:59.819,1.521,1.52185,1.20,3.30
2008.11.12 13:53:00.679,1.52105,1.5218,2.10,1.00
2008.11.12 13:53:01.079,1.52095,1.52185,2.70,3.30
2008.11.12 13:53:01.359,1.5209,1.52175,2.70,2.10
2008.11.12 13:53:01.699,1.52095,1.5218,1.50,2.20
2008.11.12 13:53:01.989,1.5208,1.52165,1.80,1.20
2008.11.12 13:53:02.349,1.52085,1.5217,1.20,2.10
2008.11.12 13:53:02.629,1.52085,1.5216,1.20,3.30
2008.11.12 13:53:03.209,1.5208,1.52165,1.20,2.10
2008.11.12 13:53:03.499,1.5208,1.5216,1.20,3.30
2008.11.12 13:53:04.148,1.52075,1.5216,2.40,3.30
2008.11.12 13:53:04.488,1.52085,1.52155,1.20,1.00
2008.11.12 13:53:04.888,1.5208,1.5216,1.20,2.10
2008.11.12 13:53:05.278,1.5208,1.52165,1.20,2.10
2008.11.12 13:53:05.558,1.5208,1.5217,2.70,3.30
2008.11.12 13:53:05.828,1.5208,1.5217,2.70,2.10
2008.11.12 13:53:06.708,1.5208,1.52165,1.20,2.10
2008.11.12 13:53:06.948,1.52085,1.5217,2.40,3.30
2008.11.12 13:53:07.247,1.52085,1.5217,2.40,2.10
2008.11.12 13:53:07.368,1.5209,1.5217,1.20,2.10
2008.11.12 13:53:07.838,1.52085,1.5217,1.20,2.10
2008.11.12 13:53:08.448,1.5209,1.5217,2.40,2.10
2008.11.12 13:53:08.677,1.5209,1.52175,2.70,2.10
2008.11.12 13:53:08.967,1.52095,1.52175,1.20,2.10
2008.11.12 13:53:09.357,1.52095,1.52175,2.10,2.10
2008.11.12 13:53:09.717,1.521,1.52185,1.20,3.30
2008.11.12 13:53:10.067,1.52085,1.52165,2.40,2.10
2008.11.12 13:53:10.477,1.5208,1.5215,1.20,1.20
2008.11.12 13:53:11.297,1.5208,1.5215,1.20,2.10
2008.11.12 13:53:12.826,1.5207,1.5214,1.20,1.00
2008.11.12 13:53:13.156,1.5207,1.5214,1.20,3.30
2008.11.12 13:53:15.296,1.52065,1.52135,1.20,2.10
2008.11.12 13:53:15.706,1.52065,1.52135,1.20,2.10
2008.11.12 13:53:15.876,1.52065,1.52135,1.20,3.30
2008.11.12 13:53:16.045,1.52065,1.52135,1.20,2.10
2008.11.12 13:53:16.455,1.5207,1.5214,1.20,3.30
2008.11.12 13:53:16.616,1.52065,1.52135,1.20,2.10
2008.11.12 13:53:17.335,1.52065,1.52135,1.20,3.30
2008.11.12 13:53:18.365,1.52065,1.52135,1.20,2.20
2008.11.12 13:53:18.765,1.52065,1.52135,1.20,2.10
2008.11.12 13:53:18.995,1.52065,1.52135,1.20,3.30
2008.11.12 13:53:19.395,1.5207,1.52145,1.20,3.30
2008.11.12 13:53:19.795,1.52065,1.52135,1.20,2.10
2008.11.12 13:53:20.195,1.52065,1.5214,1.20,2.10
2008.11.12 13:53:20.485,1.5207,1.5213,1.20,1.00
2008.11.12 13:53:20.774,1.5207,1.5214,1.20,2.10
2008.11.12 13:53:21.294,1.52065,1.5214,1.20,2.10
2008.11.12 13:53:21.414,1.52065,1.52135,1.20,3.30
2008.11.12 13:53:21.654,1.5207,1.52135,1.20,3.30
2008.11.12 13:53:21.824,1.5207,1.52135,1.20,1.00
2008.11.12 13:53:22.054,1.5207,1.5214,1.20,2.10
2008.11.12 13:53:22.624,1.52065,1.5214,1.20,2.10
2008.11.12 13:53:23.214,1.52075,1.5214,1.20,2.10
2008.11.12 13:53:23.714,1.5208,1.5215,1.20,2.10
2008.11.12 13:53:24.583,1.52085,1.5215,1.20,2.10
2008.11.12 13:53:25.164,1.5209,1.5216,1.20,3.30
2008.11.12 13:53:25.523,1.5209,1.52165,1.20,2.10
2008.11.12 13:53:25.763,1.52085,1.5216,2.40,1.20
2008.11.12 13:53:26.163,1.52085,1.5216,1.20,2.10
2008.11.12 13:53:26.603,1.52085,1.5216,1.20,3.30
2008.11.12 13:53:28.663,1.52085,1.5216,1.20,2.10
2008.11.12 13:53:28.992,1.52085,1.52165,2.40,2.10
2008.11.12 13:53:29.442,1.521,1.5217,1.20,3.30
2008.11.12 13:53:29.672,1.52095,1.52165,1.20,2.10
2008.11.12 13:53:30.312,1.521,1.5217,1.00,1.20
2008.11.12 13:53:30.882,1.521,1.5217,1.50,1.20
2008.11.12 13:53:31.292,1.52095,1.5217,2.70,1.20
2008.11.12 13:53:31.962,1.5209,1.5217,1.50,1.20
2008.11.12 13:53:33.451,1.5209,1.5217,2.70,1.20
2008.11.12 13:53:33.851,1.52095,1.5217,1.50,1.20
2008.11.12 13:53:36.890,1.521,1.5217,1.00,1.20
2008.11.12 13:53:37.240,1.521,1.5217,2.10,1.20
2008.11.12 13:53:37.530,1.52095,1.5217,1.20,1.20
2008.11.12 13:53:37.992,1.52085,1.5217,1.50,2.20
2008.11.12 13:53:38.580,1.5209,1.5217,1.00,1.20
2008.11.12 13:53:38.930,1.52085,1.5217,2.70,1.20
2008.11.12 13:53:39.350,1.52085,1.5217,1.50,2.20
2008.11.12 13:53:40.640,1.52075,1.5216,1.20,2.10
2008.11.12 13:53:41.160,1.5207,1.52155,1.20,2.10
2008.11.12 13:53:41.459,1.52075,1.5216,1.20,2.10
2008.11.12 13:53:43.269,1.52075,1.52155,1.20,2.10
2008.11.12 13:53:43.489,1.5208,1.5216,1.80,1.20
2008.11.12 13:53:43.779,1.5208,1.52155,1.00,2.10
2008.11.12 13:53:44.249,1.5207,1.52155,1.20,2.10
2008.11.12 13:53:44.599,1.5207,1.5216,2.70,2.10
2008.11.12 13:53:45.918,1.5207,1.5216,1.50,2.10
2008.11.12 13:53:46.138,1.52065,1.52155,3.90,2.10
2008.11.12 13:53:46.308,1.52065,1.52155,2.70,2.10
2008.11.12 13:53:46.588,1.52075,1.52155,1.20,1.00
2008.11.12 13:53:46.878,1.52075,1.5216,1.20,2.10
2008.11.12 13:53:48.778,1.5207,1.5215,1.20,2.10
2008.11.12 13:53:49.138,1.5206,1.5215,3.90,3.30
2008.11.12 13:53:50.357,1.5206,1.5213,2.40,2.10
2008.11.12 13:53:50.647,1.5205,1.5213,2.40,2.10
2008.11.12 13:53:51.317,1.5205,1.5213,1.20,2.10
2008.11.12 13:53:51.777,1.5205,1.5213,1.20,2.10
2008.11.12 13:53:52.107,1.5205,1.5213,1.20,1.00
2008.11.12 13:53:52.277,1.5205,1.5215,1.20,1.20
2008.11.12 13:53:52.567,1.52045,1.5214,1.20,1.20
2008.11.12 13:53:53.067,1.52035,1.52135,1.20,1.20
2008.11.12 13:53:53.466,1.52035,1.5213,1.20,1.20
2008.11.12 13:53:53.816,1.52035,1.5212,1.20,4.00
2008.11.12 13:53:54.146,1.52025,1.52105,1.20,1.20
2008.11.12 13:53:54.556,1.5201,1.52105,3.60,2.40
2008.11.12 13:53:54.896,1.52005,1.521,2.40,1.20
2008.11.12 13:53:55.536,1.52005,1.52105,2.40,4.00
2008.11.12 13:53:56.226,1.5201,1.52105,1.20,4.00
2008.11.12 13:53:56.626,1.5201,1.52105,3.00,2.40
2008.11.12 13:53:56.906,1.52015,1.52105,1.20,1.20
2008.11.12 13:53:57.465,1.52,1.521,1.20,1.20
2008.11.12 13:53:59.615,1.52005,1.521,1.20,1.20
2008.11.12 13:53:59.855,1.52005,1.52105,2.40,4.00
2008.11.12 13:54:00.885,1.52005,1.5209,1.20,1.20
2008.11.12 13:54:01.415,1.51995,1.5209,2.40,1.20
2008.11.12 13:54:01.654,1.51995,1.52095,2.40,4.00
2008.11.12 13:54:02.184,1.52,1.5209,1.20,1.20
2008.11.12 13:54:02.594,1.51995,1.5209,1.20,1.20
2008.11.12 13:54:03.045,1.51995,1.52095,2.40,4.00
2008.11.12 13:54:03.614,1.51995,1.52085,1.20,1.20
2008.11.12 13:54:03.894,1.5199,1.52085,1.20,2.40
2008.11.12 13:54:04.184,1.51995,1.52085,1.20,1.20
2008.11.12 13:54:04.574,1.51995,1.52085,2.40,1.20
2008.11.12 13:54:04.964,1.5199,1.52075,1.20,1.20
2008.11.12 13:54:05.653,1.51985,1.52065,1.20,1.20
2008.11.12 13:54:06.123,1.5199,1.52065,1.50,1.20
2008.11.12 13:54:06.413,1.5199,1.5207,2.70,1.20
2008.11.12 13:54:06.683,1.51995,1.52075,1.20,1.20
2008.11.12 13:54:06.853,1.51995,1.52075,3.90,1.20
2008.11.12 13:54:07.083,1.51995,1.52075,3.30,1.20
2008.11.12 13:54:07.433,1.51995,1.52075,2.40,1.20
2008.11.12 13:54:07.883,1.52005,1.5209,1.20,4.50
2008.11.12 13:54:08.213,1.5201,1.52085,1.00,1.20
2008.11.12 13:54:08.713,1.5201,1.5208,1.20,1.20
2008.11.12 13:54:09.063,1.51995,1.5208,3.90,2.10
2008.11.12 13:54:09.413,1.51995,1.52075,1.20,2.10
2008.11.12 13:54:10.342,1.5198,1.5207,3.90,2.10
2008.11.12 13:54:10.682,1.5198,1.52065,1.20,2.10
2008.11.12 13:54:10.982,1.51975,1.52065,2.70,3.30
2008.11.12 13:54:11.462,1.51975,1.52065,2.70,4.50
2008.11.12 13:54:11.912,1.51975,1.52065,3.90,4.50
2008.11.12 13:54:12.312,1.5198,1.5205,1.20,1.20
2008.11.12 13:54:12.602,1.5197,1.5205,1.00,1.20
2008.11.12 13:54:12.992,1.51965,1.5205,3.90,2.10
2008.11.12 13:54:13.292,1.51965,1.5205,2.70,2.10
2008.11.12 13:54:14.202,1.5197,1.52045,1.20,1.20
2008.11.12 13:54:14.551,1.51975,1.52045,1.80,1.00
2008.11.12 13:54:14.831,1.51975,1.5205,2.10,2.10
2008.11.12 13:54:15.291,1.51965,1.5205,1.50,3.30
2008.11.12 13:54:15.691,1.51965,1.5205,3.90,2.10
2008.11.12 13:54:16.221,1.51965,1.5205,2.70,2.10
2008.11.12 13:54:16.661,1.51955,1.52015,2.40,3.90
2008.11.12 13:54:16.901,1.5196,1.52035,2.40,3.30
2008.11.12 13:54:17.300,1.51965,1.5203,1.20,1.00
2008.11.12 13:54:17.641,1.51965,1.5204,1.20,1.20
2008.11.12 13:54:18.150,1.5197,1.52045,1.20,2.10
2008.11.12 13:54:18.510,1.51975,1.5205,1.20,2.10
2008.11.12 13:54:19.140,1.51975,1.5205,2.40,2.10
2008.11.12 13:54:19.550,1.5198,1.5206,1.20,6.30
2008.11.12 13:54:19.830,1.5197,1.5205,1.20,3.30
2008.11.12 13:54:20.190,1.51975,1.52045,1.20,2.10
2008.11.12 13:54:20.580,1.5198,1.5205,1.20,3.30
2008.11.12 13:54:21.100,1.51975,1.5205,1.20,3.30
2008.11.12 13:54:21.900,1.51975,1.5205,1.20,2.10
2008.11.12 13:54:22.349,1.51985,1.5206,1.20,4.50
2008.11.12 13:54:23.049,1.51985,1.52065,1.20,2.20
2008.11.12 13:54:23.330,1.51995,1.52065,1.20,3.30
2008.11.12 13:54:24.019,1.5199,1.5206,2.40,1.00
2008.11.12 13:54:24.589,1.52,1.5207,1.20,3.30
2008.11.12 13:54:27.218,1.51995,1.5207,2.40,3.30
2008.11.12 13:54:28.928,1.52,1.5207,1.20,3.30
2008.11.12 13:54:29.278,1.51985,1.5206,2.40,3.30
2008.11.12 13:54:29.618,1.5199,1.5206,1.20,3.30
2008.11.12 13:54:30.018,1.51975,1.52045,1.20,2.10
2008.11.12 13:54:30.368,1.51975,1.52045,1.20,1.00
2008.11.12 13:54:30.837,1.5197,1.5204,2.40,1.00
2008.11.12 13:54:31.067,1.5197,1.5205,1.20,2.10
2008.11.12 13:54:31.297,1.51965,1.5204,3.00,1.20
2008.11.12 13:54:31.887,1.5196,1.5204,2.40,4.50
2008.11.12 13:54:32.587,1.5196,1.52035,2.40,1.20
2008.11.12 13:54:32.867,1.51955,1.52035,1.20,4.50
2008.11.12 13:54:33.907,1.5196,1.52035,1.20,3.30
2008.11.12 13:54:34.347,1.51965,1.5203,1.20,1.00
2008.11.12 13:54:34.856,1.51965,1.5204,1.20,2.10
2008.11.12 13:54:35.546,1.5196,1.52025,1.20,3.30
2008.11.12 13:54:35.876,1.5197,1.5204,1.20,2.10
2008.11.12 13:54:36.496,1.5197,1.52045,1.20,3.30
2008.11.12 13:54:37.186,1.51985,1.52045,1.20,2.20
2008.11.12 13:54:37.596,1.51965,1.52045,3.60,1.00
2008.11.12 13:54:37.936,1.51965,1.52045,1.20,2.20
2008.11.12 13:54:38.865,1.51965,1.52045,2.40,3.30
2008.11.12 13:54:39.325,1.51985,1.5204,1.20,2.10
2008.11.12 13:54:39.736,1.51975,1.5204,1.20,3.30
2008.11.12 13:54:40.086,1.51965,1.5202,1.20,2.10
2008.11.12 13:54:40.475,1.5195,1.5202,2.40,1.20
2008.11.12 13:54:40.985,1.5195,1.5203,2.40,3.30
2008.11.12 13:54:41.275,1.51955,1.5204,1.20,4.50
2008.11.12 13:54:41.675,1.5196,1.5203,1.20,2.10
2008.11.12 13:54:42.005,1.51965,1.5203,1.20,2.10
2008.11.12 13:54:42.405,1.5196,1.5204,1.20,3.30
2008.11.12 13:54:43.264,1.51955,1.5204,1.20,4.50
2008.11.12 13:54:43.604,1.51965,1.5203,1.20,2.10
2008.11.12 13:54:45.994,1.51965,1.5203,1.20,2.10
2008.11.12 13:54:46.444,1.5197,1.52035,1.20,1.00
2008.11.12 13:54:46.844,1.51975,1.52045,1.20,3.30
2008.11.12 13:54:47.424,1.51975,1.5204,3.90,1.00
2008.11.12 13:54:47.833,1.5197,1.52045,2.40,2.20
2008.11.12 13:54:48.123,1.5197,1.52045,2.40,1.20
2008.11.12 13:54:48.623,1.5197,1.5205,2.40,2.10
2008.11.12 13:54:50.103,1.5197,1.52045,1.20,3.30
2008.11.12 13:54:51.293,1.5197,1.5204,1.20,2.10
2008.11.12 13:54:51.632,1.51965,1.5204,1.20,3.30
2008.11.12 13:54:52.262,1.51965,1.52035,1.20,2.10
2008.11.12 13:54:52.742,1.51965,1.5203,1.20,2.10
2008.11.12 13:54:53.222,1.5195,1.52025,2.40,2.10
2008.11.12 13:54:53.512,1.5195,1.52025,2.40,2.10
2008.11.12 13:54:53.872,1.51955,1.5203,1.20,2.10
2008.11.12 13:54:54.173,1.5196,1.5203,1.20,1.20
2008.11.12 13:54:54.522,1.5197,1.5204,1.20,3.30
2008.11.12 13:54:54.922,1.5196,1.5204,3.60,1.00
2008.11.12 13:54:55.322,1.5197,1.5204,1.20,3.30
2008.11.12 13:54:55.842,1.51965,1.52045,2.40,3.30
2008.11.12 13:54:56.192,1.51975,1.52045,1.20,3.30
2008.11.12 13:54:56.711,1.5197,1.52045,1.20,3.30
2008.11.12 13:54:57.042,1.5197,1.52045,1.20,2.10
2008.11.12 13:54:57.321,1.5197,1.52045,1.20,2.10
2008.11.12 13:54:57.611,1.51965,1.5204,2.40,2.10
2008.11.12 13:54:57.851,1.51965,1.5204,1.20,2.10
2008.11.12 13:54:58.541,1.51965,1.5204,3.00,1.20
2008.11.12 13:54:58.942,1.51965,1.5204,2.10,1.00
2008.11.12 13:54:59.511,1.5196,1.52045,3.30,2.10
2008.11.12 13:54:59.870,1.5197,1.52045,1.00,2.10
2008.11.12 13:55:00.560,1.5197,1.5206,1.50,4.50
2008.11.12 13:55:00.970,1.51965,1.5204,1.20,2.10
2008.11.12 13:55:02.230,1.51965,1.5205,1.20,3.30
2008.11.12 13:55:03.949,1.51965,1.5205,1.80,1.20
2008.11.12 13:55:04.289,1.51965,1.5204,1.20,2.10
2008.11.12 13:55:04.969,1.51955,1.5203,1.20,2.10
2008.11.12 13:55:05.589,1.5195,1.5203,1.20,2.10
2008.11.12 13:55:06.000,1.51945,1.52025,1.20,3.30
2008.11.12 13:55:06.519,1.51935,1.5202,2.10,2.10
2008.11.12 13:55:07.039,1.5193,1.5202,2.70,3.30
2008.11.12 13:55:07.598,1.51935,1.5202,1.20,3.30
2008.11.12 13:55:07.938,1.5194,1.52025,1.20,2.10
2008.11.12 13:55:08.288,1.51945,1.52025,1.20,1.20
2008.11.12 13:55:08.868,1.51955,1.5203,1.20,2.10
2008.11.12 13:55:09.338,1.5196,1.5203,1.20,1.00
2008.11.12 13:55:09.808,1.51965,1.5204,1.50,1.00
2008.11.12 13:55:10.168,1.51985,1.52055,1.20,2.10
2008.11.12 13:55:10.558,1.5199,1.5206,1.50,1.00
2008.11.12 13:55:11.158,1.51985,1.52065,2.40,2.10
2008.11.12 13:55:11.557,1.51995,1.5207,2.70,1.20
2008.11.12 13:55:11.898,1.51995,1.5208,3.90,1.20
2008.11.12 13:55:12.558,1.52,1.5208,2.70,1.20
2008.11.12 13:55:13.427,1.52015,1.52085,1.00,1.20
2008.11.12 13:55:14.047,1.52,1.5207,2.40,2.10
2008.11.12 13:55:14.497,1.52,1.52075,1.20,2.10
2008.11.12 13:55:15.087,1.52,1.5207,1.20,2.10
2008.11.12 13:55:15.487,1.52,1.5206,1.20,2.10
2008.11.12 13:55:16.007,1.52,1.52065,1.20,3.30
2008.11.12 13:55:16.567,1.52,1.5205,1.20,2.10
2008.11.12 13:55:17.276,1.5199,1.5205,1.20,2.10
2008.11.12 13:55:17.616,1.51995,1.5203,1.20,2.10
2008.11.12 13:55:18.156,1.5199,1.5203,1.20,2.10
2008.11.12 13:55:18.496,1.5199,1.5202,1.20,2.10
2008.11.12 13:55:18.906,1.5198,1.52025,1.20,2.10
2008.11.12 13:55:19.246,1.5198,1.5202,1.20,2.10
2008.11.12 13:55:19.546,1.5197,1.52015,1.20,1.20
2008.11.12 13:55:19.906,1.5197,1.5202,1.20,2.10
2008.11.12 13:55:20.196,1.5197,1.5202,1.20,1.00
2008.11.12 13:55:20.555,1.51965,1.5202,1.20,2.10
2008.11.12 13:55:20.886,1.5196,1.5203,2.40,2.10
2008.11.12 13:55:21.345,1.5196,1.5204,1.20,3.30
2008.11.12 13:55:21.575,1.51965,1.5204,1.20,3.30
2008.11.12 13:55:22.015,1.51965,1.5204,1.20,2.10
2008.11.12 13:55:22.255,1.51965,1.52035,1.20,1.20
2008.11.12 13:55:22.545,1.51965,1.5204,1.20,2.10
2008.11.12 13:55:22.845,1.51965,1.52035,1.20,1.20
2008.11.12 13:55:23.395,1.51965,1.5204,1.20,3.30
2008.11.12 13:55:23.745,1.51965,1.5204,2.40,2.10
2008.11.12 13:55:24.095,1.5197,1.5204,1.20,2.10
2008.11.12 13:55:24.504,1.5197,1.5204,1.20,2.10
2008.11.12 13:55:24.964,1.5197,1.52045,2.40,2.10
2008.11.12 13:55:25.504,1.5198,1.52045,1.20,2.10
2008.11.12 13:55:25.974,1.5199,1.5206,1.20,3.30
2008.11.12 13:55:26.574,1.5199,1.5206,1.20,2.10
2008.11.12 13:55:26.914,1.52,1.52065,1.20,2.10
2008.11.12 13:55:27.374,1.52,1.52075,1.20,3.30
2008.11.12 13:55:27.894,1.51995,1.52075,1.20,3.30
2008.11.12 13:55:28.294,1.52005,1.5209,2.70,1.60
2008.11.12 13:55:28.643,1.52005,1.5208,1.20,2.10
2008.11.12 13:55:28.983,1.52005,1.52075,1.20,1.20
2008.11.12 13:55:29.473,1.52005,1.52075,1.20,2.10
2008.11.12 13:55:29.873,1.52005,1.52075,1.20,3.30
2008.11.12 13:55:31.553,1.52005,1.52065,1.20,1.20
2008.11.12 13:55:31.973,1.51995,1.52065,1.20,2.10
2008.11.12 13:55:32.572,1.52,1.5207,1.20,3.30
2008.11.12 13:55:32.792,1.52,1.5207,1.20,2.10
2008.11.12 13:55:36.502,1.52,1.5207,1.20,2.10
2008.11.12 13:55:37.301,1.51995,1.52065,1.20,1.20
2008.11.12 13:55:37.692,1.5201,1.52065,1.20,1.00
2008.11.12 13:55:37.811,1.5201,1.5208,1.20,2.10
2008.11.12 13:55:38.111,1.5201,1.5208,1.20,1.20
2008.11.12 13:55:38.341,1.5201,1.5208,1.20,2.10
2008.11.12 13:55:38.741,1.52015,1.5209,1.20,2.10
2008.11.12 13:55:39.321,1.5202,1.5209,1.20,2.10
2008.11.12 13:55:39.691,1.5201,1.52085,1.20,1.20
2008.11.12 13:55:40.091,1.5202,1.5209,1.20,2.10
2008.11.12 13:55:41.240,1.5202,1.52085,1.20,1.20
2008.11.12 13:55:41.700,1.52015,1.52085,1.20,2.10
2008.11.12 13:55:41.990,1.5201,1.5208,1.20,1.00
2008.11.12 13:55:42.330,1.5202,1.5209,1.20,2.10
2008.11.12 13:55:42.620,1.52015,1.5209,1.20,2.10
2008.11.12 13:55:43.150,1.5202,1.5209,1.20,2.10
2008.11.12 13:55:43.740,1.52025,1.5209,1.20,1.00
2008.11.12 13:55:44.140,1.52015,1.5209,2.40,2.10
2008.11.12 13:55:44.700,1.5201,1.5208,1.20,2.10
2008.11.12 13:55:45.100,1.5202,1.5209,1.20,2.10
2008.11.12 13:55:45.500,1.52015,1.5209,2.40,1.00
2008.11.12 13:55:45.899,1.52015,1.5209,2.40,2.10
2008.11.12 13:55:46.639,1.5201,1.52075,1.20,1.00
2008.11.12 13:55:46.869,1.52015,1.5208,1.20,1.20
2008.11.12 13:55:47.159,1.5201,1.5208,1.20,1.20
2008.11.12 13:55:47.609,1.5201,1.5208,1.20,2.10
2008.11.12 13:55:48.009,1.52005,1.5208,1.20,2.10
2008.11.12 13:55:48.449,1.51995,1.52075,2.40,2.20
2008.11.12 13:55:48.669,1.51995,1.52075,2.40,3.30
2008.11.12 13:55:49.078,1.51985,1.52055,1.20,2.10
2008.11.12 13:55:49.868,1.52,1.52065,1.20,1.60
2008.11.12 13:55:50.268,1.52,1.52065,1.20,2.40
2008.11.12 13:55:50.788,1.52005,1.5207,1.20,2.20
2008.11.12 13:55:51.078,1.52,1.52075,1.20,3.30
2008.11.12 13:55:51.298,1.52005,1.5207,1.20,1.00
2008.11.12 13:55:51.468,1.5201,1.5207,1.20,1.00
2008.11.12 13:55:51.818,1.5201,1.5208,1.20,2.10
2008.11.12 13:55:52.148,1.5201,1.5208,1.20,3.30
2008.11.12 13:55:53.008,1.5201,1.5208,1.20,2.10
2008.11.12 13:55:53.577,1.52015,1.5208,1.20,1.20
2008.11.12 13:55:54.268,1.5201,1.5208,1.20,3.30
2008.11.12 13:55:54.697,1.5201,1.5208,1.20,1.20
2008.11.12 13:55:55.107,1.5201,1.5208,1.20,3.30
2008.11.12 13:55:56.237,1.52,1.5208,1.20,3.30
2008.11.12 13:55:56.987,1.51995,1.5207,1.20,3.30
2008.11.12 13:55:58.017,1.51995,1.5207,2.40,2.10
2008.11.12 13:55:58.306,1.51995,1.52075,1.20,3.30
2008.11.12 13:55:58.536,1.52,1.52075,1.20,3.30
2008.11.12 13:55:58.776,1.5201,1.5207,1.20,1.00
2008.11.12 13:55:59.066,1.5201,1.5208,1.20,4.50
2008.11.12 13:55:59.337,1.52015,1.5208,1.20,3.30
2008.11.12 13:55:59.896,1.52015,1.5208,1.20,1.20
2008.11.12 13:56:00.246,1.5202,1.5208,1.20,1.20
2008.11.12 13:56:01.016,1.5203,1.5208,1.20,1.20
2008.11.12 13:56:01.975,1.52025,1.5208,1.20,1.20
2008.11.12 13:56:02.315,1.52015,1.5208,1.20,1.20
2008.11.12 13:56:02.495,1.52015,1.5208,1.20,2.20
2008.11.12 13:56:03.535,1.5202,1.5208,1.20,1.20
2008.11.12 13:56:05.455,1.52015,1.5208,1.20,1.20
2008.11.12 13:56:06.205,1.5203,1.5208,1.20,1.20
2008.11.12 13:56:06.734,1.52015,1.5208,1.20,1.20
2008.11.12 13:56:07.154,1.52015,1.5208,1.20,2.20
2008.11.12 13:56:09.034,1.5202,1.5208,1.20,2.20
2008.11.12 13:56:09.424,1.5202,1.5208,1.20,1.20
2008.11.12 13:56:09.814,1.52035,1.5208,1.20,1.20
2008.11.12 13:56:16.073,1.52045,1.5208,1.20,1.20
2008.11.12 13:56:16.822,1.52055,1.5208,1.20,1.20
2008.11.12 13:56:18.812,1.52065,1.5208,1.20,1.20
2008.11.12 13:56:22.750,1.5206,1.5208,1.20,1.20
2008.11.12 13:56:23.200,1.52065,1.5208,1.20,1.20
2008.11.12 13:56:26.339,1.52055,1.5208,2.40,1.20
2008.11.12 13:56:27.669,1.5207,1.5208,1.20,1.20
2008.11.12 13:56:28.869,1.5207,1.5214,1.20,2.10
2008.11.12 13:56:33.898,1.52075,1.5214,1.20,2.10
2008.11.12 13:56:34.508,1.5207,1.5214,1.20,2.10
2008.11.12 13:56:34.857,1.5207,1.52135,1.20,1.20
2008.11.12 13:56:35.207,1.5207,1.52135,1.20,2.10
2008.11.12 13:56:35.617,1.52065,1.5213,1.20,3.30
2008.11.12 13:56:36.147,1.5206,1.52125,1.20,2.20
2008.11.12 13:56:36.557,1.52055,1.52125,1.20,3.30
2008.11.12 13:56:37.527,1.52045,1.5211,2.40,1.20
2008.11.12 13:56:37.817,1.5204,1.52105,1.20,2.10
2008.11.12 13:56:38.937,1.52035,1.52095,1.20,1.00
2008.11.12 13:56:39.357,1.52035,1.521,1.20,2.10
2008.11.12 13:56:39.696,1.52035,1.521,1.20,3.30
2008.11.12 13:56:40.386,1.5203,1.52095,1.20,1.20
2008.11.12 13:56:40.996,1.52015,1.52085,1.20,1.00
2008.11.12 13:56:41.286,1.52025,1.52095,1.20,2.10
2008.11.12 13:56:41.646,1.52025,1.5209,1.20,1.00
2008.11.12 13:56:41.876,1.5203,1.52105,1.20,2.10
2008.11.12 13:56:42.276,1.5203,1.52105,1.20,3.30
2008.11.12 13:56:42.626,1.5203,1.52105,1.20,2.10
2008.11.12 13:56:43.096,1.5203,1.52105,1.20,1.00
2008.11.12 13:56:43.515,1.5203,1.52115,1.20,3.30
2008.11.12 13:56:43.855,1.52035,1.5211,1.20,1.00
2008.11.12 13:56:44.725,1.52035,1.52115,1.20,2.80
2008.11.12 13:56:45.225,1.52025,1.521,1.80,1.20
2008.11.12 13:56:45.755,1.5204,1.52115,1.20,2.10
2008.11.12 13:56:46.055,1.5204,1.5211,1.20,1.00
2008.11.12 13:56:46.995,1.5204,1.52115,1.20,1.00
2008.11.12 13:56:47.165,1.52045,1.52115,1.20,1.00
2008.11.12 13:56:47.905,1.52045,1.5212,1.20,2.80
2008.11.12 13:56:48.264,1.5204,1.5212,1.20,5.10
2008.11.12 13:56:48.684,1.52045,1.5211,1.20,1.00
2008.11.12 13:56:49.004,1.52045,1.52125,1.20,2.10
2008.11.12 13:56:49.544,1.5204,1.5212,1.20,3.90
2008.11.12 13:56:50.124,1.5204,1.52125,1.20,2.10
2008.11.12 13:56:51.334,1.5205,1.5213,1.20,2.10
2008.11.12 13:56:51.953,1.5205,1.5213,1.00,2.10
2008.11.12 13:56:52.303,1.5205,1.52135,1.50,3.30
2008.11.12 13:56:52.943,1.5205,1.5213,1.00,1.20
2008.11.12 13:56:53.093,1.5205,1.5213,1.80,1.20
2008.11.12 13:56:53.373,1.5205,1.5213,1.20,2.10
2008.11.12 13:56:53.723,1.5205,1.5212,1.20,1.00
2008.11.12 13:56:53.943,1.52045,1.5212,1.20,1.00
2008.11.12 13:56:54.413,1.52045,1.5212,1.20,1.20
2008.11.12 13:56:54.723,1.5204,1.5211,1.80,1.00
2008.11.12 13:56:55.123,1.5204,1.5211,1.20,1.00
2008.11.12 13:56:56.322,1.52045,1.5211,1.20,1.00
2008.11.12 13:56:56.612,1.52045,1.52115,1.20,1.00
2008.11.12 13:56:57.992,1.5204,1.5212,2.70,1.00
2008.11.12 13:56:58.392,1.5204,1.52125,1.20,3.30
2008.11.12 13:56:58.622,1.52045,1.52125,1.20,3.30
2008.11.12 13:56:58.982,1.52045,1.5211,1.20,1.00
2008.11.12 13:56:59.202,1.5204,1.5211,1.20,1.00
2008.11.12 13:57:01.141,1.5204,1.5212,1.20,2.80
2008.11.12 13:57:01.671,1.52035,1.5212,2.70,1.20
2008.11.12 13:57:01.951,1.52035,1.52115,1.20,3.90
2008.11.12 13:57:02.171,1.5203,1.52095,1.20,1.00
2008.11.12 13:57:02.761,1.5203,1.52105,1.20,1.00
2008.11.12 13:57:03.041,1.5203,1.52105,1.20,1.20
2008.11.12 13:57:03.551,1.5203,1.52105,1.20,2.10
2008.11.12 13:57:04.080,1.5203,1.52115,1.20,3.30
2008.11.12 13:57:04.610,1.5203,1.52105,1.20,1.20
2008.11.12 13:57:05.080,1.5203,1.52095,1.20,1.00
2008.11.12 13:57:05.420,1.5202,1.52095,1.00,1.20
2008.11.12 13:57:05.770,1.52015,1.52085,1.20,1.00
2008.11.12 13:57:06.740,1.52005,1.5209,1.20,3.30
2008.11.12 13:57:07.150,1.51995,1.5207,1.20,2.10
2008.11.12 13:57:07.390,1.51995,1.5206,1.20,2.10
2008.11.12 13:57:07.900,1.52005,1.5206,1.20,2.10
2008.11.12 13:57:08.189,1.52005,1.52065,1.20,2.10
2008.11.12 13:57:08.539,1.51995,1.52065,1.20,2.10
2008.11.12 13:57:08.939,1.51995,1.5206,1.20,1.20
2008.11.12 13:57:09.449,1.51995,1.5206,1.20,1.00
2008.11.12 13:57:09.959,1.52005,1.5206,1.20,1.00
2008.11.12 13:57:10.359,1.52015,1.5209,1.20,2.10
2008.11.12 13:57:10.659,1.52015,1.52085,1.20,1.00
2008.11.12 13:57:11.189,1.52015,1.5209,1.20,2.80
2008.11.12 13:57:11.359,1.5201,1.5209,1.00,5.20
2008.11.12 13:57:11.909,1.52005,1.5209,1.20,5.10
2008.11.12 13:57:12.148,1.52005,1.5208,1.20,1.00
2008.11.12 13:57:13.928,1.52005,1.5209,1.20,5.10
2008.11.12 13:57:14.718,1.52005,1.52085,1.20,1.20
2008.11.12 13:57:15.178,1.52,1.52075,2.70,1.00
2008.11.12 13:57:15.778,1.51995,1.52075,1.80,3.30
2008.11.12 13:57:16.117,1.5199,1.52075,2.40,5.10
2008.11.12 13:57:16.407,1.5199,1.52075,1.20,3.30
2008.11.12 13:57:17.167,1.52,1.5207,1.20,1.00
2008.11.12 13:57:17.567,1.52,1.5208,1.20,3.30
2008.11.12 13:57:19.597,1.52,1.5208,2.40,3.30
2008.11.12 13:57:20.007,1.52005,1.5208,1.20,3.30
2008.11.12 13:57:21.136,1.52,1.5208,1.20,3.30
2008.11.12 13:57:21.437,1.52,1.52075,1.20,1.00
2008.11.12 13:57:21.826,1.52005,1.52085,1.20,2.10
2008.11.12 13:57:24.486,1.5202,1.52085,1.20,2.10
2008.11.12 13:57:24.876,1.5202,1.5209,1.20,2.10
2008.11.12 13:57:25.115,1.52025,1.52105,1.20,3.30
2008.11.12 13:57:25.635,1.5203,1.52105,1.20,3.30
2008.11.12 13:57:26.205,1.52035,1.521,3.30,2.10
2008.11.12 13:57:26.595,1.52045,1.5212,1.00,1.00
2008.11.12 13:57:26.825,1.52055,1.52125,1.20,1.20
2008.11.12 13:57:27.175,1.5206,1.52135,1.50,2.20
2008.11.12 13:57:27.515,1.5206,1.52135,1.50,1.20
2008.11.12 13:57:28.025,1.5205,1.52125,1.20,1.00
2008.11.12 13:57:29.014,1.5205,1.52135,1.20,3.30
2008.11.12 13:57:29.304,1.52055,1.5212,1.20,1.00
2008.11.12 13:57:30.714,1.5206,1.5212,1.00,1.00
2008.11.12 13:57:31.044,1.5206,1.5214,2.10,5.10
2008.11.12 13:57:31.464,1.5206,1.52135,1.20,2.10
2008.11.12 13:57:31.744,1.5205,1.52135,1.20,3.30
2008.11.12 13:57:32.034,1.52055,1.52135,1.00,2.10
2008.11.12 13:57:32.494,1.52055,1.52135,1.50,1.20
2008.11.12 13:57:32.844,1.5205,1.52135,1.20,3.30
2008.11.12 13:57:33.134,1.52055,1.5214,2.70,3.30
2008.11.12 13:57:33.813,1.52055,1.52135,1.00,2.40
2008.11.12 13:57:33.993,1.52055,1.52135,1.50,1.20
2008.11.12 13:57:35.003,1.52055,1.5213,1.50,1.20
2008.11.12 13:57:35.543,1.5205,1.5213,1.20,1.20
2008.11.12 13:57:36.083,1.52055,1.52115,1.20,1.00
2008.11.12 13:57:36.473,1.5207,1.52135,1.20,1.00
2008.11.12 13:57:36.763,1.5207,1.5215,1.20,3.30
2008.11.12 13:57:40.852,1.52085,1.5215,1.20,2.10
2008.11.12 13:57:41.321,1.52085,1.5215,1.20,1.00
2008.11.12 13:57:41.551,1.5208,1.5215,2.40,1.00
2008.11.12 13:57:41.941,1.5209,1.5215,1.20,1.00
2008.11.12 13:57:42.121,1.5207,1.5215,2.40,3.30
2008.11.12 13:57:42.751,1.52065,1.52145,1.20,3.30
2008.11.12 13:57:43.721,1.52065,1.5214,1.20,1.00
2008.11.12 13:57:44.131,1.52095,1.5214,1.50,1.00
2008.11.12 13:57:44.811,1.5209,1.52155,1.00,2.80
2008.11.12 13:57:45.200,1.52085,1.5215,1.50,1.20
2008.11.12 13:57:45.550,1.5209,1.52155,1.50,1.20
2008.11.12 13:57:45.840,1.5209,1.52155,1.80,2.80
2008.11.12 13:57:46.140,1.52085,1.52155,1.50,1.20
2008.11.12 13:57:46.850,1.5208,1.52155,1.50,1.20
2008.11.12 13:57:47.080,1.5208,1.52155,1.50,2.20
2008.11.12 13:57:47.310,1.52075,1.52155,2.70,2.20
2008.11.12 13:57:47.610,1.52075,1.5214,1.50,1.00
2008.11.12 13:57:48.300,1.5208,1.52145,2.70,1.00
2008.11.12 13:57:49.289,1.52085,1.5215,1.20,2.20
2008.11.12 13:57:49.769,1.52065,1.5215,2.70,1.20
2008.11.12 13:57:50.109,1.52065,1.5213,2.70,1.00
2008.11.12 13:57:52.259,1.5207,1.5213,2.10,1.00
2008.11.12 13:57:52.429,1.52065,1.5214,1.50,2.20
2008.11.12 13:57:53.009,1.52065,1.5214,1.80,2.20
2008.11.12 13:57:53.418,1.5206,1.52135,1.00,1.20
2008.11.12 13:57:53.748,1.5206,1.52135,1.50,1.20
2008.11.12 13:57:54.218,1.5206,1.52135,2.70,2.20
2008.11.12 13:57:55.268,1.52065,1.5214,1.50,1.20
2008.11.12 13:57:55.908,1.5206,1.5214,1.50,1.20
2008.11.12 13:57:56.738,1.52065,1.5214,1.00,1.20
2008.11.12 13:57:57.028,1.52065,1.5214,1.50,1.20
2008.11.12 13:57:58.237,1.52065,1.5214,1.80,1.20
2008.11.12 13:57:58.577,1.52065,1.5214,1.00,2.20
2008.11.12 13:57:58.807,1.52065,1.5214,1.50,1.20
2008.11.12 13:57:59.867,1.52065,1.52135,2.70,2.20
2008.11.12 13:58:00.717,1.5207,1.52135,1.50,2.20
2008.11.12 13:58:02.107,1.5205,1.52115,1.50,1.00
2008.11.12 13:58:03.026,1.5205,1.52125,1.50,1.20
2008.11.12 13:58:04.056,1.5205,1.52115,1.50,1.00
2008.11.12 13:58:04.516,1.5205,1.52115,1.80,1.00
2008.11.12 13:58:04.996,1.5205,1.5212,1.80,2.20
2008.11.12 13:58:05.336,1.5205,1.5211,1.50,1.00
2008.11.12 13:58:05.836,1.5205,1.52115,1.50,1.00
2008.11.12 13:58:06.125,1.52055,1.52115,2.70,1.00
2008.11.12 13:58:06.406,1.5209,1.52145,1.20,3.30
2008.11.12 13:58:06.815,1.52055,1.52145,2.70,3.30
2008.11.12 13:58:07.165,1.52055,1.52145,3.90,2.10
2008.11.12 13:58:08.175,1.52055,1.52125,1.20,3.30
2008.11.12 13:58:08.525,1.5206,1.52125,1.20,2.10
2008.11.12 13:58:08.825,1.5206,1.52135,1.20,3.30
2008.11.12 13:58:09.395,1.5206,1.5214,1.20,2.10
2008.11.12 13:58:10.035,1.5206,1.52135,1.20,1.20
2008.11.12 13:58:10.255,1.5206,1.52135,1.20,3.30
2008.11.12 13:58:11.824,1.5206,1.5214,2.40,3.30
2008.11.12 13:58:12.064,1.5206,1.52135,1.20,2.10
2008.11.12 13:58:12.474,1.52055,1.52135,1.20,3.30
2008.11.12 13:58:12.714,1.52055,1.52135,2.40,2.10
2008.11.12 13:58:13.104,1.52055,1.5212,2.40,1.00
2008.11.12 13:58:13.454,1.5204,1.52115,1.20,1.20
2008.11.12 13:58:13.983,1.5204,1.5212,2.40,2.10
2008.11.12 13:58:14.434,1.52055,1.52115,1.20,2.10
2008.11.12 13:58:14.943,1.5206,1.5212,1.20,1.00
2008.11.12 13:58:16.973,1.5206,1.5213,1.20,2.10
2008.11.12 13:58:17.673,1.5207,1.5213,1.20,2.10
2008.11.12 13:58:17.973,1.52075,1.5213,1.20,1.00
2008.11.12 13:58:18.323,1.52075,1.5215,1.20,2.10
2008.11.12 13:58:18.882,1.52085,1.52155,1.20,3.30
2008.11.12 13:58:19.302,1.5209,1.5216,1.20,3.30
2008.11.12 13:58:19.652,1.52105,1.5217,1.20,2.10
2008.11.12 13:58:20.112,1.52085,1.52165,1.20,1.60
2008.11.12 13:58:20.472,1.52085,1.52155,1.20,2.10
2008.11.12 13:58:20.942,1.52085,1.52145,1.20,1.00
2008.11.12 13:58:22.251,1.52085,1.5215,1.20,1.00
2008.11.12 13:58:23.391,1.52075,1.5214,1.20,1.00
2008.11.12 13:58:23.731,1.5208,1.5214,1.20,1.00
2008.11.12 13:58:24.731,1.52075,1.5214,1.20,1.00
2008.11.12 13:58:25.031,1.52075,1.52145,1.20,2.10
2008.11.12 13:58:25.601,1.52065,1.5214,1.20,1.20
2008.11.12 13:58:25.951,1.52065,1.52145,2.40,3.30
2008.11.12 13:58:26.461,1.52065,1.52135,2.40,1.00
2008.11.12 13:58:27.090,1.5208,1.52155,1.20,3.30
2008.11.12 13:58:27.491,1.5208,1.52155,1.20,2.10
2008.11.12 13:58:27.850,1.5208,1.52155,1.20,1.20
2008.11.12 13:58:28.200,1.5208,1.52145,1.20,1.00
2008.11.12 13:58:29.180,1.5208,1.5215,1.20,2.10
2008.11.12 13:58:29.660,1.5208,1.52155,1.20,2.10
2008.11.12 13:58:29.950,1.5208,1.52145,2.40,1.00
2008.11.12 13:58:30.340,1.5209,1.5216,1.20,3.30
2008.11.12 13:58:30.800,1.5209,1.5217,3.00,1.20
2008.11.12 13:58:31.139,1.52105,1.5218,3.90,1.00
2008.11.12 13:58:31.479,1.52105,1.52195,3.90,4.50
2008.11.12 13:58:32.289,1.5211,1.5219,1.20,2.10
2008.11.12 13:58:32.569,1.5211,1.5219,1.20,3.30
2008.11.12 13:58:32.919,1.52105,1.5218,2.10,1.00
2008.11.12 13:58:33.209,1.5211,1.5219,1.20,1.20
2008.11.12 13:58:34.179,1.52105,1.5218,2.10,1.00
2008.11.12 13:58:34.709,1.52105,1.5218,1.20,3.30
2008.11.12 13:58:35.379,1.52095,1.52175,1.50,1.20
2008.11.12 13:58:35.829,1.521,1.5218,1.20,2.10
2008.11.12 13:58:36.238,1.521,1.5218,1.20,3.30
2008.11.12 13:58:37.148,1.521,1.52185,5.10,1.20
2008.11.12 13:58:37.438,1.521,1.52185,3.90,1.20
2008.11.12 13:58:37.898,1.5211,1.52185,1.20,2.20
2008.11.12 13:58:38.748,1.5211,1.5218,1.20,1.20
2008.11.12 13:58:39.138,1.521,1.5218,2.40,4.50
2008.11.12 13:58:40.287,1.521,1.5218,1.20,3.30
2008.11.12 13:58:40.637,1.52095,1.5218,2.70,3.30
2008.11.12 13:58:40.977,1.52105,1.5218,1.20,4.50
2008.11.12 13:58:41.597,1.5209,1.52175,1.20,3.30
2008.11.12 13:58:42.547,1.5209,1.5217,1.20,1.00
2008.11.12 13:58:42.896,1.52085,1.5217,1.20,4.50
2008.11.12 13:58:43.117,1.5209,1.5217,1.20,2.10
2008.11.12 13:58:43.397,1.5209,1.52165,1.20,1.00
2008.11.12 13:58:43.757,1.5209,1.52175,1.20,3.30
2008.11.12 13:58:44.156,1.52085,1.52165,1.20,3.30
2008.11.12 13:58:44.566,1.5208,1.52165,1.20,4.50
2008.11.12 13:58:45.226,1.5209,1.52165,1.20,4.50
2008.11.12 13:58:46.046,1.52075,1.52155,2.40,2.10
2008.11.12 13:58:46.226,1.52075,1.5216,5.10,2.20
2008.11.12 13:58:46.456,1.52075,1.52155,1.80,2.40
2008.11.12 13:58:46.626,1.52085,1.52155,1.20,3.30
2008.11.12 13:58:48.185,1.52105,1.52165,1.20,1.20
2008.11.12 13:58:48.485,1.52105,1.5217,1.20,1.20
2008.11.12 13:58:48.775,1.52085,1.52165,1.20,2.10
2008.11.12 13:58:49.335,1.52085,1.5216,1.20,2.10
2008.11.12 13:58:49.645,1.5208,1.5216,1.20,3.30
2008.11.12 13:58:50.165,1.5208,1.52155,1.20,1.20
2008.11.12 13:58:50.505,1.52075,1.52155,2.40,4.50
2008.11.12 13:58:51.834,1.52075,1.52155,1.20,3.30
2008.11.12 13:58:52.364,1.52075,1.5216,2.40,3.30
2008.11.12 13:58:52.544,1.52075,1.5216,4.20,3.30
2008.11.12 13:58:52.774,1.52085,1.5216,1.20,1.20
2008.11.12 13:58:53.124,1.52085,1.52165,1.20,2.10
2008.11.12 13:58:53.344,1.52085,1.52165,2.10,2.10
2008.11.12 13:58:53.694,1.5209,1.52175,1.20,4.50
2008.11.12 13:58:54.684,1.52095,1.5218,2.10,3.30
2008.11.12 13:58:55.134,1.521,1.5218,1.20,3.30
2008.11.12 13:58:55.474,1.52105,1.52185,1.80,1.20
2008.11.12 13:58:55.934,1.52115,1.5219,1.20,2.10
2008.11.12 13:58:56.793,1.52115,1.52175,1.20,1.00
2008.11.12 13:58:57.703,1.5211,1.52175,1.20,1.00
2008.11.12 13:58:58.153,1.5212,1.5219,1.20,1.00
2008.11.12 13:58:58.443,1.52115,1.52185,2.40,2.10
2008.11.12 13:58:58.683,1.52115,1.52185,1.20,3.30
2008.11.12 13:58:59.083,1.52115,1.52185,1.20,2.10
2008.11.12 13:58:59.383,1.5212,1.52185,1.20,3.30
2008.11.12 13:58:59.773,1.52115,1.52185,1.20,3.30
2008.11.12 13:59:00.653,1.52115,1.5218,1.20,1.00
2008.11.12 13:59:01.012,1.52125,1.5219,1.20,1.00
2008.11.12 13:59:01.732,1.5213,1.5219,1.20,1.00
2008.11.12 13:59:02.122,1.52125,1.52195,1.20,3.30
2008.11.12 13:59:02.352,1.52125,1.52195,1.20,2.10
2008.11.12 13:59:02.652,1.52125,1.52195,1.20,3.30
2008.11.12 13:59:03.802,1.52125,1.52195,1.20,2.10
2008.11.12 13:59:04.261,1.5212,1.52195,1.20,2.10
2008.11.12 13:59:05.091,1.5212,1.5219,1.20,2.10
2008.11.12 13:59:05.551,1.5212,1.5218,1.20,1.00
2008.11.12 13:59:06.021,1.52115,1.52185,1.20,3.30
2008.11.12 13:59:06.361,1.5211,1.52185,1.20,3.30
2008.11.12 13:59:06.531,1.52105,1.52185,1.20,4.50
2008.11.12 13:59:06.931,1.52105,1.5218,1.20,3.30
2008.11.12 13:59:07.491,1.52105,1.52175,1.20,1.20
2008.11.12 13:59:08.020,1.52095,1.5217,1.20,2.10
2008.11.12 13:59:08.291,1.5209,1.5215,1.20,1.00
2008.11.12 13:59:08.631,1.5209,1.52165,1.20,3.30
2008.11.12 13:59:09.150,1.52085,1.52145,1.20,2.10
2008.11.12 13:59:09.440,1.52085,1.52165,1.20,2.10
2008.11.12 13:59:09.730,1.5209,1.52165,1.20,1.20
2008.11.12 13:59:10.340,1.521,1.52165,1.20,1.20
2008.11.12 13:59:11.720,1.52105,1.52165,1.20,1.20
2008.11.12 13:59:12.070,1.52115,1.52165,1.20,1.20
2008.11.12 13:59:12.700,1.52115,1.5218,1.20,1.00
2008.11.12 13:59:13.059,1.5211,1.5219,1.20,2.10
2008.11.12 13:59:13.299,1.52115,1.5219,1.20,2.10
2008.11.12 13:59:14.049,1.5211,1.5219,1.20,2.10
2008.11.12 13:59:15.949,1.52105,1.5219,1.20,3.30
2008.11.12 13:59:17.108,1.52115,1.5219,1.20,3.30
2008.11.12 13:59:17.328,1.52115,1.5219,1.20,2.10
2008.11.12 13:59:18.068,1.52115,1.5219,1.20,2.10
2008.11.12 13:59:18.358,1.5211,1.5219,1.20,1.20
2008.11.12 13:59:18.698,1.5212,1.5218,1.20,2.10
2008.11.12 13:59:18.988,1.5212,1.52195,1.20,2.10
2008.11.12 13:59:19.338,1.52125,1.52205,1.20,2.10
2008.11.12 13:59:20.169,1.5213,1.52215,1.20,6.30
2008.11.12 13:59:20.557,1.52125,1.52205,1.20,1.00
2008.11.12 13:59:20.908,1.52125,1.52205,1.20,2.10
2008.11.12 13:59:21.437,1.52125,1.5221,1.20,6.30
2008.11.12 13:59:21.657,1.5213,1.5221,1.20,6.30
2008.11.12 13:59:22.237,1.5213,1.5221,1.20,7.50
2008.11.12 13:59:22.537,1.52115,1.5219,1.20,5.10
2008.11.12 13:59:22.837,1.52115,1.52195,1.20,3.30
2008.11.12 13:59:23.317,1.52115,1.52195,1.20,2.10
2008.11.12 13:59:25.426,1.5211,1.5219,1.20,2.80
2008.11.12 13:59:25.707,1.5211,1.5219,1.20,3.90
2008.11.12 13:59:27.156,1.52105,1.5219,1.20,3.90
2008.11.12 13:59:27.506,1.52115,1.52185,1.20,5.10
2008.11.12 13:59:27.846,1.521,1.52175,1.20,1.00
2008.11.12 13:59:28.266,1.521,1.52175,1.20,2.10
2008.11.12 13:59:29.965,1.52105,1.52175,1.00,2.10
2008.11.12 13:59:30.375,1.52105,1.52175,3.90,1.00
2008.11.12 13:59:30.655,1.5211,1.52195,1.20,3.30
2008.11.12 13:59:31.115,1.5211,1.5219,2.40,5.10
2008.11.12 13:59:32.175,1.5211,1.52195,1.20,3.30
2008.11.12 13:59:32.575,1.5211,1.5219,1.20,3.90
2008.11.12 13:59:32.854,1.52115,1.5219,1.20,3.90
2008.11.12 13:59:33.215,1.52115,1.52195,2.40,2.10
2008.11.12 13:59:33.494,1.52135,1.52195,1.20,1.00
2008.11.12 13:59:33.815,1.52145,1.5222,1.00,2.10
2008.11.12 13:59:34.164,1.52145,1.52225,1.20,2.10
2008.11.12 13:59:34.734,1.5214,1.52225,1.20,3.30
2008.11.12 13:59:35.094,1.52145,1.52225,2.10,2.10
2008.11.12 13:59:35.444,1.5214,1.5222,1.20,2.10
2008.11.12 13:59:35.784,1.5213,1.52215,1.20,6.30
2008.11.12 13:59:36.644,1.52135,1.5221,1.20,1.00
2008.11.12 13:59:36.814,1.52135,1.52215,1.20,3.30
2008.11.12 13:59:37.444,1.5214,1.52215,2.40,3.30
2008.11.12 13:59:37.683,1.5214,1.52225,2.40,3.30
2008.11.12 13:59:38.463,1.52145,1.52225,2.40,2.10
2008.11.12 13:59:38.933,1.5216,1.5223,1.20,3.30
2008.11.12 13:59:40.413,1.5216,1.5223,1.20,4.50
2008.11.12 13:59:40.942,1.5216,1.52225,1.20,1.20
2008.11.12 13:59:41.243,1.5216,1.52225,1.20,3.30
2008.11.12 13:59:41.632,1.5216,1.5222,1.20,2.10
2008.11.12 13:59:42.052,1.52145,1.5222,1.20,2.10
2008.11.12 13:59:43.252,1.5214,1.5222,1.20,3.30
2008.11.12 13:59:43.632,1.52135,1.52215,1.20,1.20
2008.11.12 13:59:43.862,1.52135,1.52215,2.40,5.20
2008.11.12 13:59:44.262,1.52125,1.522,1.20,2.10
2008.11.12 13:59:44.622,1.5213,1.522,1.20,3.30
2008.11.12 13:59:45.611,1.5213,1.522,1.20,1.20
2008.11.12 13:59:45.952,1.52125,1.52205,1.50,1.20
2008.11.12 13:59:46.421,1.5214,1.5221,1.20,1.20
2008.11.12 13:59:46.701,1.5214,1.52195,1.20,1.20
2008.11.12 13:59:47.081,1.5214,1.5221,1.20,3.30
2008.11.12 13:59:47.471,1.5213,1.5221,2.40,3.30
2008.11.12 13:59:47.641,1.52135,1.5221,1.20,4.50
2008.11.12 13:59:47.931,1.52135,1.5221,1.20,3.30
2008.11.12 13:59:48.391,1.5213,1.52215,1.20,6.30
2008.11.12 13:59:50.180,1.5213,1.5221,1.20,1.20
2008.11.12 13:59:50.291,1.5213,1.5221,1.20,4.00
2008.11.12 13:59:51.020,1.5213,1.52205,1.20,1.00
2008.11.12 13:59:51.430,1.521,1.5216,3.60,1.00
2008.11.12 13:59:51.770,1.52105,1.5217,1.20,1.00
2008.11.12 13:59:52.040,1.52105,1.5219,2.40,3.30
2008.11.12 13:59:52.330,1.52105,1.5219,3.60,3.30
2008.11.12 13:59:52.810,1.5211,1.52185,2.40,1.00
2008.11.12 13:59:53.230,1.5212,1.52195,1.20,2.10
2008.11.12 13:59:53.620,1.5212,1.52185,1.20,2.10
2008.11.12 13:59:53.900,1.52115,1.52185,1.20,3.30
2008.11.12 13:59:54.349,1.5212,1.52185,1.20,2.10
2008.11.12 13:59:54.650,1.52125,1.5219,1.20,2.10
2008.11.12 13:59:55.049,1.52125,1.52195,1.20,2.10
2008.11.12 13:59:55.609,1.5212,1.52195,1.20,2.10
2008.11.12 13:59:56.069,1.5213,1.52195,1.20,2.10
2008.11.12 13:59:56.699,1.5213,1.52195,1.20,2.10
2008.11.12 13:59:57.209,1.5214,1.5221,1.20,3.30
2008.11.12 13:59:57.439,1.5212,1.52195,1.20,2.10
2008.11.12 13:59:58.009,1.52115,1.52185,1.20,2.10
2008.11.12 13:59:58.359,1.52115,1.5218,2.40,1.00
2008.11.12 13:59:58.738,1.5212,1.5219,1.20,2.10
2008.11.12 13:59:59.388,1.5211,1.52195,2.40,2.10
2008.11.12 13:59:59.838,1.52115,1.5219,1.20,3.30
