2014.03.04 03:00:01.628,1.52204,1.52231,1.20,1.15
2014.03.04 03:00:01.730,1.52204,1.52231,1.10,2.33
2014.03.04 03:00:01.985,1.52201,1.5223,1.18,2.89
2014.03.04 03:00:02.191,1.52201,1.52229,1.20,2.70
2014.03.04 03:00:02.642,1.52201,1.52226,1.00,1.50
2014.03.04 03:00:02.986,1.52201,1.52227,1.10,1.15
2014.03.04 03:00:04.143,1.52199,1.52229,3.08,1.34
2014.03.04 03:00:04.245,1.52202,1.5223,1.18,1.47
2014.03.04 03:00:04.397,1.52207,1.5223,1.00,1.47
2014.03.04 03:00:04.918,1.52208,1.52231,1.00,1.72
2014.03.04 03:00:05.612,1.52209,1.52231,1.00,1.72
2014.03.04 03:00:06.909,1.52211,1.52231,1.00,1.72
2014.03.04 03:00:09.548,1.52206,1.52231,1.00,1.72
2014.03.04 03:00:09.654,1.52206,1.52231,1.08,1.72
2014.03.04 03:00:10.159,1.52209,1.52234,1.00,1.02
2014.03.04 03:00:10.901,1.52209,1.52235,1.08,2.44
2014.03.04 03:00:11.640,1.52212,1.52237,1.00,3.64
2014.03.04 03:00:12.215,1.52212,1.52237,1.00,2.22
2014.03.04 03:00:12.849,1.52215,1.52237,1.00,2.22
2014.03.04 03:00:13.220,1.52218,1.52238,1.00,1.39
2014.03.04 03:00:13.271,1.52218,1.52239,1.00,1.09
2014.03.04 03:00:13.322,1.52211,1.52237,1.65,1.47
2014.03.04 03:00:13.424,1.52211,1.52235,1.08,1.20
2014.03.04 03:00:13.526,1.52211,1.52235,1.00,1.88
2014.03.04 03:00:15.059,1.52211,1.52234,1.00,2.25
2014.03.04 03:00:15.604,1.52211,1.52233,1.00,1.50
2014.03.04 03:00:16.529,1.52212,1.52232,1.00,1.20
2014.03.04 03:00:18.174,1.52211,1.52232,1.00,1.20
2014.03.04 03:00:30.598,1.52209,1.52232,1.00,2.93
2014.03.04 03:00:30.700,1.52209,1.5223,1.00,1.99
2014.03.04 03:00:31.003,1.52211,1.52231,1.00,1.64
2014.03.04 03:00:31.054,1.52211,1.52231,1.00,1.08
2014.03.04 03:00:31.688,1.52211,1.52231,1.10,1.00
2014.03.04 03:00:33.088,1.52209,1.52231,1.10,1.08
2014.03.04 03:00:33.562,1.52209,1.52231,1.00,1.15
2014.03.04 03:00:35.058,1.52209,1.5223,1.00,1.30
2014.03.04 03:00:36.316,1.52208,1.5223,1.00,1.69
2014.03.04 03:00:42.621,1.52207,1.5223,1.00,2.07
2014.03.04 03:00:42.925,1.52205,1.52228,1.00,2.25
2014.03.04 03:00:47.904,1.52207,1.52226,1.00,1.15
2014.03.04 03:01:01.962,1.5221,1.52229,1.00,1.20
2014.03.04 03:01:02.718,1.5221,1.5223,1.00,1.20
2014.03.04 03:01:16.456,1.52211,1.5223,1.00,1.20
2014.03.04 03:01:17.243,1.52212,1.5223,1.00,1.20
2014.03.04 03:01:20.894,1.52212,1.52232,1.00,2.03
2014.03.04 03:01:26.356,1.52216,1.52233,1.00,2.07
2014.03.04 03:01:27.346,1.52214,1.52233,1.00,2.07
2014.03.04 03:01:27.548,1.52214,1.5223,1.00,1.20
2014.03.04 03:01:28.069,1.52214,1.5223,1.00,1.88
2014.03.04 03:01:32.418,1.5221,1.5223,1.00,1.88
2014.03.04 03:01:32.469,1.5221,1.52232,1.00,1.39
2014.03.04 03:01:35.598,1.52212,1.52232,1.00,1.39
2014.03.04 03:01:37.568,1.52212,1.52233,1.00,1.09
2014.03.04 03:01:48.597,1.52214,1.52233,1.00,1.09
2014.03.04 03:01:49.261,1.52214,1.52233,1.00,1.09
2014.03.04 03:01:53.304,1.52213,1.52234,1.00,1.78
2014.03.04 03:01:56.291,1.52213,1.52234,1.00,1.78
2014.03.04 03:01:57.596,1.52213,1.52234,1.00,1.47
2014.03.04 03:02:06.505,1.52214,1.52234,1.00,1.47
2014.03.04 03:02:07.090,1.52218,1.52234,1.00,1.47
2014.03.04 03:02:09.820,1.52214,1.52234,1.00,1.47
2014.03.04 03:02:10.394,1.52214,1.52234,1.00,1.28
2014.03.04 03:02:10.926,1.52213,1.52234,1.00,1.28
2014.03.04 03:03:00.660,1.52213,1.52234,1.00,1.47
2014.03.04 03:03:00.762,1.52213,1.52233,1.00,1.77
2014.03.04 03:03:17.949,1.52213,1.52232,1.00,1.95
2014.03.04 03:03:18.408,1.52213,1.5223,1.00,1.77
2014.03.04 03:03:32.334,1.52212,1.5223,1.00,1.77
2014.03.04 03:03:32.871,1.52211,1.5223,1.00,1.77
2014.03.04 03:03:35.304,1.52206,1.5223,1.00,1.77
2014.03.04 03:03:35.586,1.52206,1.5223,1.00,2.14
2014.03.04 03:03:36.234,1.52205,1.52228,1.00,1.39
2014.03.04 03:03:46.343,1.5221,1.52228,1.00,1.39
2014.03.04 03:03:47.126,1.52211,1.52228,1.00,1.39
2014.03.04 03:04:03.352,1.52211,1.52229,1.00,2.37
2014.03.04 03:04:03.867,1.52212,1.52229,1.00,2.14
2014.03.04 03:04:05.022,1.52212,1.5223,1.00,1.77
2014.03.04 03:04:05.072,1.52212,1.5223,1.00,1.09
2014.03.04 03:04:09.098,1.52212,1.5223,1.00,1.77
2014.03.04 03:04:09.343,1.52209,1.5223,1.00,2.52
2014.03.04 03:04:09.903,1.52209,1.52229,1.00,2.44
2014.03.04 03:04:11.579,1.52209,1.52227,1.00,2.44
2014.03.04 03:04:11.629,1.52207,1.52227,1.00,2.44
2014.03.04 03:04:14.282,1.52208,1.52225,1.00,1.39
2014.03.04 03:04:19.350,1.5221,1.52226,1.00,1.78
2014.03.04 03:04:19.552,1.5221,1.52228,1.00,1.84
2014.03.04 03:04:20.138,1.52211,1.52228,1.00,1.84
2014.03.04 03:04:27.558,1.52211,1.52227,1.00,1.68
2014.03.04 03:04:29.303,1.52211,1.52226,1.00,1.20
2014.03.04 03:04:37.622,1.52211,1.52226,1.00,2.70
2014.03.04 03:04:40.393,1.52209,1.52224,1.00,1.50
2014.03.04 03:04:40.899,1.52208,1.52222,1.00,1.15
2014.03.04 03:04:41.051,1.52207,1.52222,1.00,1.83
2014.03.04 03:04:41.152,1.52207,1.52222,1.00,1.15
2014.03.04 03:04:41.254,1.52207,1.52222,1.00,1.83
2014.03.04 03:04:41.355,1.52207,1.52222,1.00,1.15
2014.03.04 03:04:41.608,1.52205,1.52222,1.00,1.58
2014.03.04 03:04:41.811,1.52205,1.52221,1.00,1.98
2014.03.04 03:04:42.372,1.52204,1.52221,1.00,1.98
2014.03.04 03:04:51.286,1.52203,1.52221,1.00,1.98
2014.03.04 03:04:53.269,1.52203,1.52219,1.00,2.44
2014.03.04 03:04:57.785,1.52207,1.52219,1.00,1.50
2014.03.04 03:04:57.886,1.52207,1.52222,1.00,2.82
2014.03.04 03:05:01.064,1.52207,1.52222,1.00,2.52
2014.03.04 03:05:01.166,1.52207,1.52222,1.00,1.34
2014.03.04 03:05:03.933,1.52206,1.52222,1.00,1.34
2014.03.04 03:05:05.415,1.52202,1.52222,1.00,1.34
2014.03.04 03:05:09.125,1.52203,1.52224,1.00,1.39
2014.03.04 03:05:12.624,1.52208,1.52224,1.00,1.39
2014.03.04 03:05:13.222,1.52206,1.52224,1.00,1.39
2014.03.04 03:05:19.773,1.52205,1.52222,1.00,1.09
2014.03.04 03:05:20.944,1.52205,1.52222,1.00,1.77
2014.03.04 03:05:30.773,1.52207,1.52222,1.00,1.77
2014.03.04 03:05:30.975,1.52207,1.52224,1.00,1.09
2014.03.04 03:05:31.026,1.52211,1.52224,1.00,1.09
2014.03.04 03:05:31.178,1.52211,1.52226,1.00,1.15
2014.03.04 03:05:31.229,1.52215,1.52228,1.00,1.15
2014.03.04 03:05:31.740,1.52215,1.52231,1.00,1.47
2014.03.04 03:05:32.494,1.52214,1.52231,1.00,1.47
2014.03.04 03:05:37.204,1.52214,1.52231,1.00,1.84
2014.03.04 03:05:37.508,1.52209,1.52227,1.00,2.14
2014.03.04 03:05:37.609,1.52209,1.52225,1.00,1.39
2014.03.04 03:05:38.187,1.52211,1.52225,1.00,1.39
2014.03.04 03:05:38.845,1.52211,1.52226,1.00,2.82
2014.03.04 03:05:39.367,1.52209,1.52225,1.00,1.39
2014.03.04 03:05:39.878,1.52209,1.52226,1.00,2.82
2014.03.04 03:05:40.405,1.5221,1.52226,1.00,2.44
2014.03.04 03:05:40.940,1.52209,1.52226,1.00,2.44
2014.03.04 03:05:43.503,1.52207,1.52226,1.00,2.82
2014.03.04 03:05:44.873,1.52206,1.52226,1.00,2.82
2014.03.04 03:05:45.056,1.52206,1.52223,1.00,1.77
2014.03.04 03:05:49.067,1.52205,1.52223,1.00,1.77
2014.03.04 03:05:53.444,1.52206,1.52223,1.00,1.77
2014.03.04 03:06:10.113,1.52206,1.52223,1.00,1.34
2014.03.04 03:06:16.467,1.52207,1.52223,1.00,1.15
2014.03.04 03:06:18.894,1.52205,1.52226,1.00,1.84
2014.03.04 03:06:19.001,1.52205,1.52225,1.00,1.39
2014.03.04 03:06:21.365,1.52205,1.52226,1.00,2.14
2014.03.04 03:06:21.784,1.52203,1.52226,1.00,2.14
2014.03.04 03:06:22.292,1.52203,1.52225,1.00,1.68
2014.03.04 03:06:24.096,1.52201,1.52224,1.00,1.34
2014.03.04 03:06:24.424,1.52203,1.52224,1.00,1.34
2014.03.04 03:06:24.970,1.52202,1.52224,1.00,1.34
2014.03.04 03:06:29.583,1.52207,1.52225,1.00,1.20
2014.03.04 03:06:29.735,1.52207,1.52228,1.00,1.70
2014.03.04 03:06:29.887,1.52207,1.52224,1.10,1.19
2014.03.04 03:06:30.412,1.52207,1.52224,1.00,1.34
2014.03.04 03:06:36.843,1.52209,1.52226,1.00,2.14
2014.03.04 03:06:37.531,1.52208,1.52226,1.00,2.14
2014.03.04 03:06:38.494,1.52206,1.52224,1.00,1.39
2014.03.04 03:06:39.584,1.52209,1.52224,1.00,1.39
2014.03.04 03:06:46.873,1.5221,1.52226,1.00,1.47
2014.03.04 03:06:50.989,1.5221,1.52228,1.00,1.77
2014.03.04 03:06:51.040,1.52212,1.52228,1.00,1.77
2014.03.04 03:06:51.091,1.52212,1.52228,1.00,1.09
2014.03.04 03:06:51.608,1.52212,1.52228,1.00,1.09
2014.03.04 03:06:53.784,1.52212,1.5223,1.00,1.15
2014.03.04 03:06:54.016,1.52212,1.52229,1.00,1.00
2014.03.04 03:06:55.569,1.52212,1.5223,1.00,1.10
2014.03.04 03:06:56.294,1.52217,1.5223,1.00,1.10
2014.03.04 03:06:57.722,1.52215,1.52229,1.00,1.00
2014.03.04 03:07:02.372,1.52215,1.52231,1.00,1.09
2014.03.04 03:07:06.633,1.52214,1.52231,1.00,1.09
2014.03.04 03:07:06.842,1.5221,1.52231,1.00,1.09
2014.03.04 03:07:07.292,1.52208,1.52231,1.00,1.09
2014.03.04 03:07:07.818,1.52208,1.52231,1.18,1.02
2014.03.04 03:07:08.431,1.52207,1.52232,1.15,1.02
2014.03.04 03:07:10.957,1.52207,1.52233,1.15,1.09
2014.03.04 03:07:27.764,1.52207,1.52233,1.15,1.09
2014.03.04 03:07:33.872,1.52207,1.52234,1.18,1.09
2014.03.04 03:07:43.323,1.52208,1.52236,1.15,1.09
2014.03.04 03:07:46.662,1.52209,1.52237,1.15,1.72
2014.03.04 03:07:53.198,1.52214,1.52238,1.20,1.09
2014.03.04 03:07:53.300,1.52214,1.52239,1.58,1.65
2014.03.04 03:07:53.401,1.52215,1.5224,1.28,1.58
2014.03.04 03:07:53.906,1.52217,1.52239,1.10,1.00
2014.03.04 03:07:55.599,1.52217,1.5224,1.10,1.58
2014.03.04 03:07:57.004,1.52215,1.5224,1.13,2.03
2014.03.04 03:07:57.207,1.52205,1.52233,2.55,1.09
2014.03.04 03:07:57.308,1.52205,1.52231,1.00,1.68
2014.03.04 03:07:57.663,1.522,1.52226,1.85,1.30
2014.03.04 03:07:57.714,1.522,1.52226,1.48,1.30
2014.03.04 03:07:58.286,1.52197,1.52227,2.33,1.39
2014.03.04 03:08:05.722,1.52201,1.52227,1.38,1.98
2014.03.04 03:08:05.831,1.52201,1.52228,1.58,1.84
2014.03.04 03:08:06.044,1.52201,1.52227,1.48,1.02
2014.03.04 03:08:12.473,1.52197,1.52225,1.15,1.84
2014.03.04 03:08:16.287,1.522,1.52225,1.00,1.84
2014.03.04 03:08:29.729,1.522,1.52225,1.10,2.52
2014.03.04 03:08:31.929,1.522,1.52225,1.08,1.84
2014.03.04 03:08:32.748,1.522,1.52225,1.08,1.84
2014.03.04 03:08:39.810,1.52204,1.52225,1.00,1.09
2014.03.04 03:08:41.026,1.52206,1.52225,1.00,1.09
2014.03.04 03:08:41.571,1.52203,1.52225,1.00,1.09
2014.03.04 03:08:44.650,1.522,1.52227,1.15,1.72
2014.03.04 03:08:45.289,1.522,1.52227,1.18,1.20
2014.03.04 03:08:49.960,1.52202,1.52227,1.00,1.20
2014.03.04 03:08:50.264,1.52205,1.52228,1.00,1.53
2014.03.04 03:08:50.971,1.52204,1.52227,1.10,1.53
2014.03.04 03:08:53.543,1.52202,1.52227,1.00,1.20
2014.03.04 03:08:54.176,1.52201,1.52227,1.10,1.20
2014.03.04 03:09:00.092,1.52205,1.52227,1.00,1.20
2014.03.04 03:09:00.597,1.52205,1.52228,1.10,1.95
2014.03.04 03:09:03.741,1.52205,1.52228,1.10,1.48
2014.03.04 03:09:07.340,1.52209,1.52228,1.00,1.48
2014.03.04 03:09:08.119,1.52209,1.52228,1.00,1.45
2014.03.04 03:09:18.227,1.52208,1.52228,1.00,1.53
2014.03.04 03:09:24.167,1.52209,1.52228,1.00,1.53
2014.03.04 03:09:28.739,1.52209,1.52228,1.00,1.53
2014.03.04 03:09:29.258,1.52208,1.52233,1.15,2.03
2014.03.04 03:09:34.375,1.52208,1.52235,1.15,2.22
2014.03.04 03:09:41.569,1.52212,1.52236,1.00,1.39
2014.03.04 03:09:42.368,1.52212,1.52236,1.20,1.78
2014.03.04 03:09:52.892,1.52214,1.52236,1.00,1.78
2014.03.04 03:09:52.943,1.52214,1.52236,1.00,1.78
2014.03.04 03:09:53.247,1.52216,1.52238,1.00,1.84
2014.03.04 03:09:53.944,1.52217,1.52239,1.10,1.09
2014.03.04 03:10:02.265,1.52215,1.52239,1.10,1.09
2014.03.04 03:10:05.082,1.52214,1.52236,1.18,1.09
2014.03.04 03:10:24.923,1.52215,1.52237,1.10,1.09
2014.03.04 03:10:26.035,1.52215,1.52236,1.10,1.37
2014.03.04 03:10:26.137,1.52212,1.52236,1.08,1.37
2014.03.04 03:10:37.323,1.52214,1.52237,1.00,1.09
2014.03.04 03:10:37.839,1.52215,1.52238,1.00,1.84
2014.03.04 03:10:46.758,1.52215,1.52238,1.00,1.84
2014.03.04 03:10:48.163,1.52215,1.52238,1.08,1.47
2014.03.04 03:10:52.936,1.52214,1.52238,1.20,1.47
2014.03.04 03:10:53.089,1.52212,1.52238,1.20,2.52
2014.03.04 03:11:13.320,1.52212,1.52236,1.18,1.72
2014.03.04 03:11:15.852,1.52212,1.52235,1.18,1.37
2014.03.04 03:11:19.847,1.52214,1.52235,1.00,1.37
2014.03.04 03:11:19.999,1.52214,1.52239,1.15,1.48
2014.03.04 03:11:20.201,1.52214,1.52243,2.14,2.48
2014.03.04 03:11:20.506,1.52223,1.52243,1.10,1.48
2014.03.04 03:11:21.210,1.52221,1.52243,1.10,1.45
2014.03.04 03:11:21.463,1.52217,1.52244,1.20,1.78
2014.03.04 03:11:23.243,1.52216,1.52243,1.15,1.53
2014.03.04 03:11:23.755,1.52216,1.52243,1.65,1.53
2014.03.04 03:11:24.900,1.52223,1.52243,1.00,1.53
2014.03.04 03:11:25.254,1.52221,1.52243,1.00,1.53
2014.03.04 03:11:32.338,1.52219,1.52244,1.15,1.53
2014.03.04 03:11:34.465,1.52219,1.52244,1.15,1.53
2014.03.04 03:11:36.261,1.52219,1.52247,1.58,2.25
2014.03.04 03:11:36.634,1.52223,1.52249,1.95,1.88
2014.03.04 03:11:40.367,1.52225,1.52249,1.09,1.00
2014.03.04 03:11:40.418,1.52228,1.52251,1.10,1.10
2014.03.04 03:11:40.468,1.52228,1.52251,1.48,1.10
2014.03.04 03:11:40.800,1.52229,1.52253,1.15,1.13
2014.03.04 03:11:41.312,1.52229,1.52253,1.15,1.20
2014.03.04 03:11:44.700,1.52229,1.52253,1.53,1.13
2014.03.04 03:11:57.789,1.5223,1.5226,1.47,1.53
2014.03.04 03:12:11.377,1.52232,1.52261,1.40,1.53
2014.03.04 03:12:12.165,1.5223,1.5226,2.22,2.63
2014.03.04 03:12:12.368,1.5223,1.52258,1.09,1.53
2014.03.04 03:12:12.672,1.52228,1.52257,1.09,1.20
2014.03.04 03:12:13.206,1.52228,1.52257,1.09,1.88
2014.03.04 03:12:28.076,1.52233,1.52257,1.00,1.88
2014.03.04 03:12:28.278,1.52238,1.52262,1.00,1.53
2014.03.04 03:12:28.379,1.52238,1.52261,1.15,1.00
2014.03.04 03:12:28.989,1.52239,1.52266,1.18,1.72
2014.03.04 03:12:30.299,1.52239,1.52266,1.08,1.77
2014.03.04 03:12:30.350,1.52239,1.52265,1.00,1.77
2014.03.04 03:12:30.401,1.52234,1.52265,1.53,1.77
2014.03.04 03:12:30.552,1.52235,1.52262,1.55,1.20
2014.03.04 03:12:36.619,1.52233,1.52261,1.65,1.77
2014.03.04 03:12:44.729,1.52233,1.52261,1.10,2.52
2014.03.04 03:12:53.449,1.52233,1.52261,1.15,1.84
2014.03.04 03:13:02.445,1.52235,1.52261,1.53,1.28
2014.03.04 03:13:02.748,1.52235,1.52265,2.70,1.65
2014.03.04 03:13:11.130,1.52237,1.52265,1.77,1.45
2014.03.04 03:13:11.434,1.52247,1.52267,1.00,1.45
2014.03.04 03:13:13.614,1.52244,1.52268,1.47,1.55
2014.03.04 03:13:14.173,1.52245,1.52268,1.10,1.55
2014.03.04 03:13:18.513,1.52243,1.52268,1.15,1.18
2014.03.04 03:13:19.204,1.52243,1.5227,1.18,1.20
2014.03.04 03:13:19.508,1.52241,1.52268,1.45,1.30
2014.03.04 03:13:25.521,1.52241,1.52267,1.38,1.50
2014.03.04 03:13:41.176,1.52238,1.52266,1.15,1.20
2014.03.04 03:13:45.763,1.52238,1.52266,1.15,1.20
2014.03.04 03:14:04.799,1.52238,1.52266,1.15,1.45
2014.03.04 03:14:04.850,1.52239,1.52267,1.15,1.78
2014.03.04 03:14:04.952,1.5224,1.52267,1.15,1.53
2014.03.04 03:14:05.054,1.5224,1.52267,2.25,1.48
2014.03.04 03:14:05.780,1.52253,1.52272,1.50,1.39
2014.03.04 03:14:05.934,1.52257,1.52277,2.63,1.00
2014.03.04 03:14:06.036,1.52258,1.52286,1.53,2.18
2014.03.04 03:14:06.087,1.52258,1.52286,1.53,1.15
2014.03.04 03:14:06.239,1.52258,1.52284,1.48,1.15
2014.03.04 03:14:07.397,1.52261,1.52284,1.00,1.15
2014.03.04 03:14:07.448,1.52261,1.52284,1.00,1.15
2014.03.04 03:14:07.995,1.52261,1.52288,1.10,1.95
2014.03.04 03:14:09.665,1.52261,1.52287,1.00,1.20
2014.03.04 03:14:10.287,1.52261,1.52287,1.08,1.20
2014.03.04 03:14:14.287,1.52261,1.52287,1.00,1.20
2014.03.04 03:14:19.066,1.52261,1.52288,1.10,1.95
2014.03.04 03:14:28.503,1.52261,1.52288,1.08,1.53
2014.03.04 03:14:29.019,1.52261,1.52288,1.18,1.53
2014.03.04 03:14:48.726,1.52261,1.52288,1.18,1.95
2014.03.04 03:14:52.338,1.52261,1.52288,1.18,1.53
2014.03.04 03:14:58.397,1.52262,1.52288,1.10,1.53
2014.03.04 03:14:58.651,1.52265,1.52288,1.00,1.53
2014.03.04 03:14:58.803,1.52265,1.52292,1.08,2.70
2014.03.04 03:15:18.817,1.52265,1.52292,1.10,1.88
2014.03.04 03:15:57.674,1.52262,1.52291,1.47,1.20
2014.03.04 03:15:57.725,1.52262,1.52293,2.14,2.70
2014.03.04 03:16:17.775,1.52261,1.52292,1.77,1.20
2014.03.04 03:16:52.216,1.52261,1.52289,1.13,3.08
2014.03.04 03:16:52.483,1.52261,1.52291,1.53,2.63
2014.03.04 03:17:07.664,1.52263,1.52291,1.20,2.63
2014.03.04 03:17:12.722,1.52261,1.52291,1.78,1.88
2014.03.04 03:17:16.805,1.5226,1.5229,2.89,1.28
2014.03.04 03:17:18.529,1.52262,1.5229,1.20,1.28
2014.03.04 03:17:19.044,1.52264,1.52291,1.15,1.53
2014.03.04 03:17:35.199,1.52264,1.52291,2.48,1.00
2014.03.04 03:17:40.161,1.52266,1.52295,1.15,1.53
2014.03.04 03:17:46.677,1.52266,1.52295,1.95,1.55
2014.03.04 03:17:46.980,1.52277,1.523,1.13,1.15
2014.03.04 03:17:47.081,1.52277,1.52305,1.28,1.15
2014.03.04 03:17:48.023,1.5228,1.52307,1.65,1.53
2014.03.04 03:17:49.123,1.52281,1.52311,1.02,2.40
2014.03.04 03:17:49.642,1.52283,1.52311,1.15,3.15
2014.03.04 03:18:02.779,1.52283,1.52311,1.28,3.15
2014.03.04 03:18:02.830,1.52283,1.52311,1.28,2.78
2014.03.04 03:18:09.749,1.52283,1.52311,1.28,1.28
2014.03.04 03:18:22.922,1.52285,1.52313,1.18,2.22
2014.03.04 03:18:43.759,1.52285,1.52311,1.15,1.47
2014.03.04 03:18:46.397,1.52284,1.52311,1.15,1.47
2014.03.04 03:18:49.289,1.52284,1.5231,1.08,2.97
2014.03.04 03:18:49.441,1.5228,1.52304,1.55,1.02
2014.03.04 03:18:49.988,1.52277,1.52301,1.53,1.33
2014.03.04 03:18:50.370,1.52277,1.52301,1.15,1.39
2014.03.04 03:18:50.775,1.52275,1.52301,1.15,2.22
2014.03.04 03:18:51.949,1.52276,1.52301,1.20,1.02
2014.03.04 03:18:52.455,1.52278,1.52303,1.15,1.02
2014.03.04 03:18:52.759,1.52281,1.52305,1.15,1.39
2014.03.04 03:18:53.063,1.52281,1.52304,1.58,1.32
2014.03.04 03:19:10.372,1.52281,1.52306,1.58,1.32
2014.03.04 03:19:28.030,1.52284,1.5231,1.15,2.14
2014.03.04 03:19:28.640,1.52284,1.5231,1.15,1.67
2014.03.04 03:19:43.626,1.52284,1.5231,1.15,1.10
2014.03.04 03:19:48.704,1.52284,1.52312,1.15,2.82
2014.03.04 03:19:53.263,1.52284,1.52311,1.15,1.09
2014.03.04 03:20:00.433,1.52284,1.5231,1.20,2.97
2014.03.04 03:20:00.600,1.52284,1.5231,1.10,3.64
2014.03.04 03:20:01.014,1.5228,1.52306,1.53,1.53
2014.03.04 03:20:01.065,1.5228,1.52306,1.38,1.95
2014.03.04 03:20:01.267,1.52278,1.52302,1.45,1.28
2014.03.04 03:20:01.842,1.52275,1.52302,1.53,2.03
2014.03.04 03:20:11.952,1.52272,1.52301,1.65,1.28
2014.03.04 03:20:13.485,1.52278,1.52302,1.10,1.65
2014.03.04 03:20:13.535,1.5228,1.52303,1.00,1.15
2014.03.04 03:20:13.738,1.5228,1.52307,1.28,2.03
2014.03.04 03:20:14.429,1.52282,1.52308,1.18,2.40
2014.03.04 03:20:14.480,1.52282,1.52308,1.15,2.40
2014.03.04 03:20:14.581,1.52282,1.52308,1.18,2.40
2014.03.04 03:20:15.145,1.5228,1.52308,1.28,2.59
2014.03.04 03:20:20.565,1.5228,1.52307,1.15,1.55
2014.03.04 03:20:29.671,1.5228,1.52307,2.25,1.48
2014.03.04 03:20:35.417,1.52282,1.52307,1.28,1.10
2014.03.04 03:20:36.305,1.52284,1.52313,1.15,1.95
2014.03.04 03:20:36.712,1.52284,1.52312,1.18,1.95
2014.03.04 03:20:38.697,1.52288,1.52312,1.00,1.95
2014.03.04 03:20:39.278,1.52288,1.52313,1.10,1.65
2014.03.04 03:20:47.445,1.52288,1.5231,1.00,1.45
2014.03.04 03:20:47.985,1.52284,1.5231,1.15,1.53
2014.03.04 03:20:59.034,1.52284,1.5231,1.08,1.95
2014.03.04 03:20:59.087,1.52284,1.5231,1.00,2.63
2014.03.04 03:20:59.138,1.5228,1.52308,1.55,1.20
2014.03.04 03:20:59.442,1.52277,1.52302,2.03,1.08
2014.03.04 03:21:05.463,1.52277,1.52302,2.03,1.08
2014.03.04 03:21:14.933,1.52275,1.523,1.15,1.20
2014.03.04 03:21:16.276,1.52275,1.52305,2.33,1.58
2014.03.04 03:21:16.789,1.52278,1.52307,1.15,3.53
2014.03.04 03:21:31.058,1.52278,1.52307,1.28,2.78
2014.03.04 03:21:31.797,1.52278,1.52308,1.28,3.15
2014.03.04 03:21:36.746,1.52278,1.52308,2.03,2.70
2014.03.04 03:21:38.238,1.52278,1.52308,2.03,2.03
2014.03.04 03:21:47.318,1.5228,1.52308,1.74,2.03
2014.03.04 03:21:47.864,1.52282,1.52308,1.47,1.53
2014.03.04 03:21:53.609,1.52284,1.52308,1.47,1.53
2014.03.04 03:22:00.881,1.52282,1.5231,1.15,1.78
2014.03.04 03:22:01.185,1.5228,1.52307,1.15,1.20
2014.03.04 03:22:05.292,1.5228,1.52308,1.65,1.20
2014.03.04 03:22:05.797,1.5228,1.52309,1.65,1.58
2014.03.04 03:22:08.520,1.5228,1.52308,1.65,1.20
2014.03.04 03:22:08.571,1.5228,1.52307,1.65,1.20
2014.03.04 03:22:09.417,1.5228,1.52308,1.65,1.88
2014.03.04 03:22:18.161,1.52282,1.5231,1.15,1.77
2014.03.04 03:22:38.918,1.52284,1.5231,1.17,1.20
2014.03.04 03:22:38.968,1.52285,1.52312,1.84,3.08
2014.03.04 03:22:39.070,1.52287,1.52312,1.15,1.58
2014.03.04 03:22:39.323,1.52293,1.52313,1.00,1.18
2014.03.04 03:22:39.525,1.52293,1.5232,1.15,1.15
2014.03.04 03:22:43.551,1.52295,1.52321,1.10,1.30
2014.03.04 03:22:43.930,1.52295,1.52319,1.00,1.50
2014.03.04 03:22:43.981,1.52291,1.52318,2.22,1.95
2014.03.04 03:22:44.032,1.52291,1.52318,1.39,2.70
2014.03.04 03:22:44.133,1.5229,1.52316,1.50,1.02
2014.03.04 03:22:44.184,1.5229,1.52315,1.00,1.02
2014.03.04 03:22:44.285,1.52286,1.52313,1.18,1.39
2014.03.04 03:22:44.639,1.52286,1.52311,1.18,1.09
2014.03.04 03:22:44.842,1.52283,1.52308,1.10,1.20
2014.03.04 03:22:48.798,1.52283,1.52309,1.10,1.20
2014.03.04 03:22:48.899,1.52283,1.5231,1.10,1.53
2014.03.04 03:22:49.118,1.52283,1.5231,1.08,1.53
2014.03.04 03:22:54.027,1.52284,1.52311,2.10,1.55
2014.03.04 03:22:54.636,1.52291,1.52311,1.10,1.10
2014.03.04 03:22:54.687,1.52291,1.52319,1.50,1.20
2014.03.04 03:22:54.739,1.52292,1.5232,1.15,1.53
2014.03.04 03:23:07.434,1.52292,1.52319,1.08,1.95
2014.03.04 03:23:07.536,1.52292,1.52318,1.00,1.50
2014.03.04 03:23:08.187,1.52291,1.52318,1.00,1.50
2014.03.04 03:23:08.597,1.52291,1.52321,1.65,1.58
2014.03.04 03:23:08.647,1.52291,1.52321,1.65,1.58
2014.03.04 03:23:09.175,1.52291,1.52322,2.33,1.58
2014.03.04 03:23:26.472,1.52296,1.52323,1.15,1.53
2014.03.04 03:23:46.713,1.52297,1.52324,1.15,1.20
2014.03.04 03:23:49.403,1.52297,1.52325,1.08,1.65
2014.03.04 03:24:09.767,1.52297,1.52327,1.15,2.78
2014.03.04 03:24:19.446,1.52298,1.52325,1.15,1.15
2014.03.04 03:24:23.222,1.52298,1.52323,1.00,2.25
2014.03.04 03:24:23.273,1.52295,1.52323,1.58,2.25
2014.03.04 03:24:23.755,1.52293,1.52318,1.45,1.08
2014.03.04 03:24:24.008,1.52288,1.52317,1.15,1.58
2014.03.04 03:24:24.168,1.52288,1.52313,1.18,1.15
2014.03.04 03:24:24.760,1.52288,1.52313,1.00,1.15
2014.03.04 03:24:28.892,1.52284,1.52313,1.65,1.15
2014.03.04 03:24:44.689,1.52283,1.52314,1.53,1.95
2014.03.04 03:24:45.248,1.52283,1.52314,1.53,2.63
2014.03.04 03:25:07.497,1.52283,1.52312,1.95,1.28
2014.03.04 03:25:18.834,1.52283,1.52312,1.95,1.20
2014.03.04 03:25:18.885,1.52282,1.52308,1.53,1.18
2014.03.04 03:25:19.190,1.52283,1.52313,1.28,2.70
2014.03.04 03:25:19.246,1.52283,1.52313,1.28,1.53
2014.03.04 03:25:19.924,1.52285,1.52313,1.15,1.20
2014.03.04 03:25:25.109,1.52285,1.52314,1.65,1.20
2014.03.04 03:25:25.862,1.52285,1.52315,1.65,1.20
2014.03.04 03:25:27.363,1.52292,1.52316,1.50,3.00
2014.03.04 03:25:27.667,1.52295,1.52317,1.95,1.13
2014.03.04 03:25:27.870,1.52305,1.5233,1.20,2.55
2014.03.04 03:25:27.920,1.52305,1.5233,1.18,2.55
2014.03.04 03:25:30.635,1.52305,1.5233,1.10,1.20
2014.03.04 03:25:31.143,1.52303,1.5233,1.08,1.20
2014.03.04 03:25:35.386,1.52303,1.52332,1.08,2.25
2014.03.04 03:25:39.216,1.52305,1.52334,1.08,2.25
2014.03.04 03:25:40.037,1.52305,1.52335,1.83,3.08
2014.03.04 03:25:40.291,1.52312,1.52334,1.15,1.00
2014.03.04 03:25:40.596,1.52312,1.52341,1.15,1.20
2014.03.04 03:25:41.147,1.52312,1.52339,1.10,1.20
2014.03.04 03:25:42.250,1.52312,1.52338,1.00,1.20
2014.03.04 03:25:43.026,1.52308,1.52338,1.53,1.88
2014.03.04 03:25:56.432,1.52308,1.52337,1.15,1.53
2014.03.04 03:26:13.318,1.52308,1.52336,1.15,1.53
2014.03.04 03:26:56.618,1.52304,1.52336,1.65,1.38
2014.03.04 03:26:56.959,1.52304,1.52336,1.65,1.45
2014.03.04 03:26:57.699,1.52305,1.52337,1.20,1.53
2014.03.04 03:27:00.182,1.52305,1.52336,1.88,1.53
2014.03.04 03:27:00.734,1.52305,1.52336,1.88,1.53
2014.03.04 03:27:13.594,1.52305,1.52324,2.63,1.00
2014.03.04 03:27:13.696,1.52301,1.52324,1.83,1.00
2014.03.04 03:27:14.200,1.523,1.52327,1.65,1.18
2014.03.04 03:27:14.802,1.523,1.52327,1.65,1.18
2014.03.04 03:27:15.334,1.52299,1.52327,1.18,1.95
2014.03.04 03:27:15.435,1.52299,1.52327,1.95,1.88
2014.03.04 03:27:15.531,1.52301,1.52327,1.50,1.13
2014.03.04 03:27:15.632,1.52304,1.52331,1.20,1.18
2014.03.04 03:27:15.785,1.52304,1.52335,1.88,1.53
2014.03.04 03:27:19.439,1.52308,1.52336,1.50,1.58
2014.03.04 03:27:21.177,1.5231,1.52337,1.15,2.03
2014.03.04 03:27:24.148,1.5231,1.52337,2.33,1.45
2014.03.04 03:27:24.300,1.5231,1.52337,1.65,1.48
2014.03.04 03:27:24.958,1.5231,1.52338,1.18,1.95
2014.03.04 03:27:25.059,1.52309,1.52338,1.18,1.95
2014.03.04 03:27:25.467,1.52309,1.52338,1.18,1.95
2014.03.04 03:27:29.205,1.5231,1.52339,1.83,1.55
2014.03.04 03:27:31.355,1.52312,1.52341,2.25,1.53
2014.03.04 03:27:32.161,1.52312,1.52341,2.63,1.53
2014.03.04 03:27:46.443,1.52314,1.52341,1.83,1.45
2014.03.04 03:27:48.475,1.52316,1.52341,1.20,1.00
2014.03.04 03:27:49.949,1.52317,1.52341,1.50,1.00
2014.03.04 03:27:50.482,1.52317,1.52341,1.58,1.10
2014.03.04 03:27:51.119,1.52317,1.52341,1.15,1.10
2014.03.04 03:28:05.745,1.52317,1.52341,1.08,1.08
2014.03.04 03:28:05.796,1.52317,1.52341,1.00,1.15
2014.03.04 03:28:05.847,1.52314,1.52341,1.10,1.15
2014.03.04 03:28:05.898,1.52314,1.52334,1.10,1.00
2014.03.04 03:28:08.141,1.52311,1.52334,1.53,1.00
2014.03.04 03:28:08.944,1.52311,1.52333,1.53,1.00
2014.03.04 03:28:09.407,1.52313,1.52337,1.20,1.15
2014.03.04 03:28:09.509,1.52314,1.52337,1.08,1.08
2014.03.04 03:28:09.610,1.52316,1.52337,1.15,1.00
2014.03.04 03:28:09.661,1.52316,1.52341,1.15,1.00
2014.03.04 03:28:09.712,1.52316,1.52341,2.70,1.00
2014.03.04 03:28:10.217,1.52321,1.52344,1.15,1.38
2014.03.04 03:28:12.167,1.52321,1.52344,1.15,1.48
2014.03.04 03:28:12.471,1.52319,1.5234,1.15,1.00
2014.03.04 03:28:13.691,1.52319,1.52339,1.15,1.00
2014.03.04 03:28:14.461,1.52319,1.52341,1.15,1.00
2014.03.04 03:28:15.782,1.52319,1.52333,1.15,1.00
2014.03.04 03:28:16.036,1.52315,1.52333,1.15,1.00
2014.03.04 03:28:16.188,1.52315,1.52333,2.33,1.00
2014.03.04 03:28:16.430,1.52315,1.52333,2.33,1.00
2014.03.04 03:28:16.481,1.52315,1.52331,1.15,1.00
2014.03.04 03:28:16.990,1.52313,1.52331,1.28,1.00
2014.03.04 03:28:18.828,1.52313,1.52331,1.88,1.00
2014.03.04 03:28:19.513,1.52312,1.52331,3.38,1.00
2014.03.04 03:28:20.853,1.52313,1.52342,1.28,1.34
2014.03.04 03:28:21.005,1.52313,1.52343,1.20,2.03
2014.03.04 03:28:21.056,1.52314,1.52343,1.50,2.03
2014.03.04 03:28:21.564,1.52316,1.52343,2.25,1.38
2014.03.04 03:28:23.358,1.52321,1.52348,1.37,1.55
2014.03.04 03:28:23.561,1.52322,1.52349,2.07,1.00
2014.03.04 03:28:25.063,1.52324,1.5235,1.28,1.20
2014.03.04 03:28:25.764,1.52324,1.5235,2.63,1.00
2014.03.04 03:28:27.990,1.52324,1.52349,2.14,1.08
2014.03.04 03:28:28.750,1.52324,1.52349,1.47,1.18
2014.03.04 03:28:30.479,1.52322,1.52351,1.77,1.15
2014.03.04 03:28:30.530,1.52322,1.52351,1.09,1.15
2014.03.04 03:28:31.213,1.52322,1.52351,1.68,1.15
2014.03.04 03:28:32.544,1.52323,1.52352,1.53,1.28
2014.03.04 03:28:33.372,1.52323,1.52352,1.53,1.28
2014.03.04 03:28:40.553,1.52323,1.52352,1.53,1.20
2014.03.04 03:28:41.018,1.52323,1.52353,1.53,1.53
2014.03.04 03:28:41.628,1.52323,1.52354,1.53,2.03
2014.03.04 03:28:48.277,1.52327,1.52354,1.08,2.03
2014.03.04 03:28:48.378,1.52326,1.52357,2.63,2.03
2014.03.04 03:28:48.531,1.52331,1.52358,1.08,1.53
2014.03.04 03:28:48.582,1.52334,1.52362,1.55,1.02
2014.03.04 03:28:48.632,1.52334,1.52364,1.55,2.85
2014.03.04 03:28:48.944,1.52339,1.52368,1.58,1.53
2014.03.04 03:28:49.269,1.52336,1.52367,1.95,1.95
2014.03.04 03:28:49.724,1.52336,1.52364,1.28,1.20
2014.03.04 03:28:49.825,1.52332,1.52363,1.53,1.15
2014.03.04 03:28:50.709,1.52334,1.52363,1.20,1.15
2014.03.04 03:28:50.829,1.52334,1.52366,2.63,1.88
2014.03.04 03:28:56.075,1.52334,1.52357,2.63,1.00
2014.03.04 03:28:56.378,1.52332,1.52356,1.50,1.20
2014.03.04 03:28:56.480,1.52332,1.52358,1.10,1.20
2014.03.04 03:28:56.531,1.52332,1.52358,1.18,1.13
2014.03.04 03:28:57.138,1.52332,1.52362,1.58,1.53
2014.03.04 03:29:01.588,1.52333,1.52361,1.65,1.20
2014.03.04 03:29:01.639,1.52333,1.52364,2.59,2.33
2014.03.04 03:29:01.792,1.52338,1.52368,2.63,3.00
2014.03.04 03:29:02.146,1.52346,1.52372,1.28,1.15
2014.03.04 03:29:02.197,1.52346,1.52372,1.95,1.08
2014.03.04 03:29:02.248,1.52349,1.52372,1.15,1.00
2014.03.04 03:29:02.349,1.52346,1.52372,1.28,1.00
2014.03.04 03:29:02.710,1.52344,1.52375,2.70,1.83
2014.03.04 03:29:02.811,1.52344,1.52374,2.03,1.50
2014.03.04 03:29:03.903,1.52344,1.52372,1.95,1.15
2014.03.04 03:29:04.158,1.52346,1.52375,1.95,1.15
2014.03.04 03:29:04.279,1.52347,1.52375,1.50,1.20
2014.03.04 03:29:04.380,1.52344,1.52373,2.25,1.58
2014.03.04 03:29:04.482,1.52344,1.52372,1.20,1.88
2014.03.04 03:29:09.105,1.52347,1.52372,1.00,2.63
2014.03.04 03:29:09.257,1.52347,1.52374,2.33,1.50
2014.03.04 03:29:09.409,1.52349,1.52374,1.58,1.00
2014.03.04 03:29:09.510,1.5235,1.52382,2.33,1.60
2014.03.04 03:29:15.542,1.52351,1.52383,1.15,3.08
2014.03.04 03:29:16.053,1.52348,1.52377,2.33,1.15
2014.03.04 03:29:16.104,1.52348,1.52377,1.65,1.58
2014.03.04 03:29:16.155,1.52345,1.52372,1.24,1.18
2014.03.04 03:29:16.206,1.52345,1.52372,1.24,1.15
2014.03.04 03:29:16.257,1.52345,1.52372,1.05,1.15
2014.03.04 03:29:17.009,1.52341,1.52371,1.20,1.53
2014.03.04 03:29:18.092,1.52342,1.52371,1.20,2.03
2014.03.04 03:29:18.193,1.52342,1.52371,1.88,2.03
2014.03.04 03:29:27.312,1.52348,1.5237,1.20,1.00
2014.03.04 03:29:27.363,1.52351,1.5238,2.22,4.13
2014.03.04 03:29:27.414,1.52353,1.5238,1.08,3.38
2014.03.04 03:29:27.465,1.52356,1.5238,1.15,1.13
2014.03.04 03:29:27.566,1.52356,1.52376,1.15,1.00
2014.03.04 03:29:27.921,1.52356,1.52384,1.15,1.53
2014.03.04 03:29:30.263,1.52356,1.52384,1.15,1.26
2014.03.04 03:29:30.794,1.52356,1.52384,1.58,1.26
2014.03.04 03:29:30.845,1.52356,1.52384,2.25,1.26
2014.03.04 03:29:31.280,1.52356,1.52384,1.15,1.26
2014.03.04 03:29:41.387,1.52356,1.52384,1.83,1.08
2014.03.04 03:29:47.389,1.52356,1.52377,1.83,1.00
2014.03.04 03:29:47.440,1.52356,1.52377,1.15,1.00
2014.03.04 03:29:48.002,1.52354,1.52377,1.15,1.00
2014.03.04 03:29:50.789,1.52354,1.52377,1.15,1.10
2014.03.04 03:29:51.240,1.52351,1.52377,1.08,1.08
2014.03.04 03:29:51.291,1.52351,1.52377,1.00,1.15
2014.03.04 03:29:51.342,1.52351,1.52371,1.00,1.08
2014.03.04 03:29:51.545,1.52343,1.52371,1.08,2.44
2014.03.04 03:29:52.373,1.52341,1.52372,1.72,2.25
2014.03.04 03:29:52.525,1.52341,1.52372,1.72,1.15
2014.03.04 03:29:52.626,1.52341,1.52371,1.15,1.58
2014.03.04 03:29:53.337,1.52341,1.52371,1.15,1.58
2014.03.04 03:29:54.250,1.52341,1.5237,1.15,1.58
2014.03.04 03:29:54.301,1.52339,1.5237,1.34,3.00
2014.03.04 03:29:59.171,1.52339,1.52367,1.18,2.33
2014.03.04 03:29:59.222,1.52339,1.52367,1.10,2.33
2014.03.04 03:29:59.273,1.52338,1.52367,1.09,3.08
2014.03.04 03:29:59.583,1.52335,1.52357,1.02,1.00
2014.03.04 03:29:59.736,1.52326,1.52357,1.47,1.15
2014.03.04 03:30:01.590,1.52327,1.52354,1.77,1.18
2014.03.04 03:30:02.251,1.52327,1.52356,2.44,1.15
2014.03.04 03:30:04.333,1.52332,1.52361,1.18,1.50
2014.03.04 03:30:04.587,1.52338,1.52369,1.58,2.25
2014.03.04 03:30:04.638,1.52338,1.52367,1.15,1.68
2014.03.04 03:30:04.689,1.52335,1.52365,1.15,1.15
2014.03.04 03:30:04.790,1.52335,1.52365,1.58,1.18
2014.03.04 03:30:04.841,1.52335,1.52364,1.15,1.75
2014.03.04 03:30:04.892,1.52335,1.52364,2.40,2.25
2014.03.04 03:30:04.994,1.52337,1.5236,3.00,1.08
2014.03.04 03:30:05.214,1.52337,1.52358,1.18,1.00
2014.03.04 03:30:05.519,1.52335,1.52365,1.58,1.47
2014.03.04 03:30:05.875,1.52335,1.52366,2.25,1.47
2014.03.04 03:30:05.976,1.52335,1.52366,1.58,1.47
2014.03.04 03:30:08.245,1.52335,1.52366,3.00,1.15
2014.03.04 03:30:08.855,1.52335,1.52366,3.00,1.15
2014.03.04 03:30:09.340,1.52335,1.52366,3.00,1.15
2014.03.04 03:30:09.652,1.52335,1.52366,1.15,2.44
2014.03.04 03:30:10.849,1.52335,1.52365,1.15,1.50
2014.03.04 03:30:10.900,1.52335,1.52364,1.15,1.50
2014.03.04 03:30:12.854,1.52342,1.52362,1.00,1.15
2014.03.04 03:30:13.309,1.52345,1.52362,1.00,1.15
2014.03.04 03:30:13.635,1.5235,1.52365,1.00,2.25
2014.03.04 03:30:13.839,1.5235,1.52371,1.00,1.15
2014.03.04 03:30:13.940,1.5235,1.52374,1.18,2.18
2014.03.04 03:30:19.626,1.52343,1.52372,1.58,1.18
2014.03.04 03:30:19.728,1.52343,1.52371,1.50,1.18
2014.03.04 03:30:19.829,1.52341,1.52371,1.53,2.33
2014.03.04 03:30:20.143,1.52341,1.52361,1.15,1.00
2014.03.04 03:30:20.245,1.52336,1.52361,1.50,1.00
2014.03.04 03:30:20.348,1.52335,1.52357,1.83,1.00
2014.03.04 03:30:20.399,1.52335,1.52357,1.18,1.00
2014.03.04 03:30:20.501,1.52332,1.52357,1.08,1.08
2014.03.04 03:30:20.603,1.52332,1.52357,1.10,1.15
2014.03.04 03:30:24.435,1.52327,1.52355,1.08,1.18
2014.03.04 03:30:24.539,1.52324,1.52355,1.78,1.15
2014.03.04 03:30:24.725,1.52327,1.52356,1.15,1.58
2014.03.04 03:30:24.775,1.52327,1.52358,1.15,1.65
2014.03.04 03:30:24.826,1.52327,1.52358,1.15,2.33
2014.03.04 03:30:24.877,1.52327,1.52357,1.15,1.50
2014.03.04 03:30:25.080,1.52322,1.52351,1.09,1.15
2014.03.04 03:30:26.389,1.52321,1.52351,1.39,1.65
2014.03.04 03:30:26.490,1.52321,1.52351,1.39,1.65
2014.03.04 03:30:26.642,1.5232,1.52345,3.00,1.00
2014.03.04 03:30:26.997,1.5232,1.52345,1.15,1.20
2014.03.04 03:30:27.539,1.5232,1.52344,1.15,1.00
2014.03.04 03:30:27.640,1.52317,1.5234,2.82,1.00
2014.03.04 03:30:27.742,1.52317,1.5234,1.47,1.00
2014.03.04 03:30:28.126,1.52312,1.52327,2.25,1.00
2014.03.04 03:30:28.382,1.52307,1.52327,2.03,1.00
2014.03.04 03:30:28.584,1.52302,1.52327,1.43,1.00
2014.03.04 03:30:28.840,1.523,1.52323,3.00,1.00
2014.03.04 03:30:29.145,1.52306,1.52323,2.25,1.00
2014.03.04 03:30:29.196,1.52306,1.52329,3.75,1.00
2014.03.04 03:30:29.504,1.52308,1.5233,1.18,1.10
2014.03.04 03:30:30.025,1.52306,1.52331,1.15,1.10
2014.03.04 03:30:30.177,1.52306,1.52333,1.15,1.10
2014.03.04 03:30:30.278,1.52306,1.52333,1.83,1.00
2014.03.04 03:30:30.638,1.52307,1.52324,1.50,1.00
2014.03.04 03:30:31.036,1.52304,1.52324,1.00,1.15
2014.03.04 03:30:31.138,1.52299,1.52317,1.13,1.00
2014.03.04 03:30:31.341,1.52291,1.52317,1.58,1.10
2014.03.04 03:30:31.594,1.52291,1.52312,1.15,1.00
2014.03.04 03:30:32.122,1.52291,1.52312,1.15,1.00
2014.03.04 03:30:32.173,1.52291,1.52316,1.15,1.20
2014.03.04 03:30:32.837,1.52291,1.52314,1.15,1.00
2014.03.04 03:30:33.361,1.52291,1.52318,1.15,1.18
2014.03.04 03:30:33.564,1.52291,1.52318,1.58,1.00
2014.03.04 03:30:33.897,1.52291,1.52318,1.58,1.08
2014.03.04 03:30:34.231,1.52289,1.5232,1.15,2.44
2014.03.04 03:30:34.613,1.52289,1.5232,1.17,3.00
2014.03.04 03:30:34.932,1.52292,1.5232,2.14,1.15
2014.03.04 03:30:34.983,1.52291,1.5232,1.39,1.15
2014.03.04 03:30:35.292,1.52287,1.52319,1.39,1.58
2014.03.04 03:30:35.343,1.52287,1.52319,1.39,1.58
2014.03.04 03:30:35.495,1.52287,1.52313,1.32,1.75
2014.03.04 03:30:35.748,1.52286,1.52317,1.72,1.50
2014.03.04 03:30:35.800,1.52286,1.52316,1.74,2.25
2014.03.04 03:30:36.204,1.52289,1.5232,1.47,3.00
2014.03.04 03:30:36.255,1.52289,1.5232,1.47,3.00
2014.03.04 03:30:36.458,1.52289,1.52318,1.40,1.50
2014.03.04 03:30:36.661,1.52288,1.52318,1.27,1.50
2014.03.04 03:30:36.966,1.52281,1.52314,1.72,1.50
2014.03.04 03:30:38.017,1.5229,1.52315,1.00,1.50
2014.03.04 03:30:38.344,1.52292,1.52313,1.00,1.08
2014.03.04 03:30:38.395,1.52292,1.52318,1.00,1.50
2014.03.04 03:30:38.907,1.52292,1.5232,1.08,2.25
2014.03.04 03:30:39.060,1.52292,1.52319,1.00,3.08
2014.03.04 03:30:39.162,1.52291,1.52319,1.08,1.83
2014.03.04 03:30:39.313,1.52295,1.52319,1.00,1.83
2014.03.04 03:30:40.201,1.52294,1.52319,1.00,2.33
2014.03.04 03:30:40.302,1.5229,1.52319,1.09,2.33
2014.03.04 03:30:42.803,1.52292,1.52318,1.00,1.50
2014.03.04 03:30:42.854,1.52292,1.52318,1.32,1.50
2014.03.04 03:30:43.057,1.52292,1.5232,1.39,1.58
2014.03.04 03:30:43.612,1.52296,1.5232,1.00,1.58
2014.03.04 03:30:44.393,1.52293,1.52319,1.33,1.58
2014.03.04 03:30:44.758,1.52293,1.52316,1.25,2.33
2014.03.04 03:30:44.910,1.52293,1.52316,1.25,1.50
2014.03.04 03:30:46.144,1.52298,1.52316,1.00,1.50
2014.03.04 03:30:46.499,1.52294,1.52316,1.00,1.50
2014.03.04 03:30:46.652,1.52294,1.52313,1.00,1.50
2014.03.04 03:30:46.956,1.52297,1.52317,1.00,1.50
2014.03.04 03:30:47.280,1.523,1.52319,1.00,2.25
2014.03.04 03:30:47.408,1.523,1.52319,1.00,2.25
2014.03.04 03:30:48.116,1.523,1.52313,1.00,1.00
2014.03.04 03:30:48.319,1.523,1.52319,1.00,1.15
2014.03.04 03:30:48.370,1.52292,1.52319,1.10,1.15
2014.03.04 03:30:48.623,1.52291,1.52318,1.19,2.25
2014.03.04 03:30:49.116,1.52297,1.52318,1.00,1.83
2014.03.04 03:30:49.420,1.52297,1.52316,1.00,1.50
2014.03.04 03:30:49.723,1.52307,1.52319,1.00,1.10
2014.03.04 03:30:49.876,1.52307,1.52328,1.15,1.00
2014.03.04 03:30:49.927,1.52319,1.52328,1.00,1.00
2014.03.04 03:30:49.978,1.52319,1.5234,1.00,1.50
2014.03.04 03:30:50.079,1.52319,1.52347,1.15,1.50
2014.03.04 03:30:50.130,1.52325,1.52347,1.00,1.50
2014.03.04 03:30:50.181,1.52325,1.5235,1.00,2.25
2014.03.04 03:30:50.283,1.52325,1.5235,1.15,1.10
2014.03.04 03:30:50.384,1.52325,1.52354,1.08,2.25
2014.03.04 03:30:50.909,1.52331,1.52355,1.00,2.33
2014.03.04 03:30:50.961,1.52331,1.52356,1.00,2.25
2014.03.04 03:30:51.178,1.52331,1.52356,1.00,2.25
2014.03.04 03:30:51.534,1.52336,1.52357,1.00,1.83
2014.03.04 03:30:51.586,1.52336,1.52357,1.00,1.15
2014.03.04 03:30:51.941,1.52336,1.5236,1.00,1.58
2014.03.04 03:30:51.992,1.52338,1.5236,1.00,1.58
2014.03.04 03:30:52.081,1.52334,1.5236,1.10,1.58
2014.03.04 03:30:52.490,1.52332,1.52363,1.15,3.38
2014.03.04 03:30:53.487,1.52332,1.5236,1.15,1.50
2014.03.04 03:30:54.090,1.52334,1.5236,1.00,1.50
2014.03.04 03:30:54.815,1.52335,1.5236,1.00,1.50
2014.03.04 03:30:55.050,1.52339,1.5236,1.00,1.50
2014.03.04 03:30:55.616,1.52338,1.5236,1.00,1.50
2014.03.04 03:30:56.369,1.52338,1.52362,1.00,1.50
2014.03.04 03:30:56.731,1.52338,1.5236,1.00,1.50
2014.03.04 03:30:57.241,1.52339,1.5236,1.00,1.50
2014.03.04 03:30:57.292,1.52336,1.5236,1.00,1.50
2014.03.04 03:30:57.445,1.52336,1.52357,1.00,1.58
2014.03.04 03:30:57.850,1.52341,1.52358,1.00,1.50
2014.03.04 03:30:58.053,1.52341,1.52359,1.00,1.08
2014.03.04 03:30:58.154,1.52341,1.52364,1.00,1.50
2014.03.04 03:30:58.591,1.52337,1.52364,1.02,1.50
2014.03.04 03:30:59.332,1.52337,1.52363,1.25,1.50
2014.03.04 03:30:59.591,1.52341,1.52363,1.00,1.50
2014.03.04 03:31:00.118,1.52338,1.52363,1.00,1.50
2014.03.04 03:31:00.659,1.52339,1.52363,1.00,1.50
2014.03.04 03:31:01.119,1.52343,1.52363,1.00,1.50
2014.03.04 03:31:01.748,1.52343,1.52361,1.00,1.50
2014.03.04 03:31:02.052,1.52346,1.5236,1.00,1.58
2014.03.04 03:31:02.597,1.52346,1.52362,1.00,1.50
2014.03.04 03:31:06.291,1.52342,1.52362,1.00,1.50
2014.03.04 03:31:06.400,1.5234,1.52362,1.00,1.50
2014.03.04 03:31:07.351,1.5234,1.52359,1.00,1.83
2014.03.04 03:31:07.402,1.52327,1.52358,1.15,2.25
2014.03.04 03:31:07.506,1.52327,1.52355,1.08,1.83
2014.03.04 03:31:07.557,1.52327,1.52353,1.00,1.50
2014.03.04 03:31:08.929,1.52325,1.52353,1.20,1.50
2014.03.04 03:31:11.092,1.52325,1.52351,1.10,1.83
2014.03.04 03:31:11.143,1.52315,1.5235,2.25,1.50
2014.03.04 03:31:11.194,1.52313,1.52343,2.25,1.75
2014.03.04 03:31:11.396,1.52312,1.52336,1.45,1.15
2014.03.04 03:31:11.447,1.52312,1.52336,1.00,1.15
2014.03.04 03:31:12.710,1.52312,1.52336,1.00,2.25
2014.03.04 03:31:13.110,1.52309,1.52336,1.20,2.25
2014.03.04 03:31:13.585,1.52307,1.52332,1.00,1.34
2014.03.04 03:31:13.888,1.52307,1.52327,1.00,1.15
2014.03.04 03:31:13.990,1.52305,1.52327,1.00,1.15
2014.03.04 03:31:14.142,1.523,1.52327,1.18,1.15
2014.03.04 03:31:15.214,1.52296,1.52322,1.08,1.75
2014.03.04 03:31:15.265,1.52296,1.52322,1.00,2.25
2014.03.04 03:31:15.316,1.5229,1.5232,1.13,1.15
2014.03.04 03:31:15.417,1.5229,1.52319,1.43,1.34
2014.03.04 03:31:15.721,1.52286,1.5231,1.18,1.18
2014.03.04 03:31:15.772,1.52286,1.5231,1.10,1.18
2014.03.04 03:31:16.853,1.52288,1.52312,1.00,1.50
2014.03.04 03:31:16.954,1.52288,1.52313,1.00,1.65
2014.03.04 03:31:17.055,1.52288,1.52313,1.00,2.33
2014.03.04 03:31:17.360,1.52295,1.52308,1.00,2.25
2014.03.04 03:31:17.621,1.52292,1.52308,1.00,2.25
2014.03.04 03:31:18.179,1.52291,1.52308,1.00,1.50
2014.03.04 03:31:18.630,1.52295,1.52308,1.00,1.50
2014.03.04 03:31:18.852,1.52291,1.52308,1.00,1.50
2014.03.04 03:31:18.903,1.52291,1.5231,1.00,1.83
2014.03.04 03:31:19.822,1.52296,1.5231,1.00,1.83
2014.03.04 03:31:20.442,1.52296,1.52313,1.00,1.83
2014.03.04 03:31:20.645,1.52296,1.52313,1.00,1.58
2014.03.04 03:31:21.192,1.52296,1.52314,1.00,2.25
2014.03.04 03:31:22.404,1.52295,1.52314,1.25,2.25
2014.03.04 03:31:22.936,1.52296,1.52314,1.00,2.25
2014.03.04 03:31:23.476,1.52293,1.52313,1.19,1.83
2014.03.04 03:31:23.841,1.52297,1.52313,1.00,1.83
2014.03.04 03:31:24.384,1.52295,1.52311,1.00,1.58
2014.03.04 03:31:24.606,1.52295,1.5231,1.00,1.50
2014.03.04 03:31:26.669,1.52293,1.5231,1.00,1.50
2014.03.04 03:31:27.181,1.52294,1.5231,1.00,1.50
2014.03.04 03:31:29.217,1.52293,1.5231,1.00,1.50
2014.03.04 03:31:29.650,1.52284,1.52309,1.32,1.83
2014.03.04 03:31:29.956,1.52282,1.52308,1.57,1.50
2014.03.04 03:31:30.057,1.52282,1.52309,1.57,2.25
2014.03.04 03:31:31.295,1.52289,1.52309,1.00,1.15
2014.03.04 03:31:31.853,1.52289,1.52312,1.00,1.50
2014.03.04 03:31:32.636,1.52287,1.52309,1.00,1.15
2014.03.04 03:31:32.687,1.52287,1.5231,1.19,1.50
2014.03.04 03:31:32.839,1.52287,1.5231,1.00,1.15
2014.03.04 03:31:32.941,1.52287,1.5231,1.00,2.25
2014.03.04 03:31:33.145,1.52289,1.52312,1.25,1.50
2014.03.04 03:31:33.297,1.52285,1.52311,1.18,1.58
2014.03.04 03:31:33.349,1.52285,1.52308,1.00,1.50
2014.03.04 03:31:33.451,1.52285,1.52308,1.00,1.50
2014.03.04 03:31:33.603,1.5229,1.52311,1.00,3.00
2014.03.04 03:31:33.705,1.5229,1.52311,1.00,1.50
2014.03.04 03:31:33.756,1.52293,1.52311,1.00,1.50
2014.03.04 03:31:34.265,1.52293,1.52314,1.00,1.50
2014.03.04 03:31:34.316,1.52296,1.52314,1.00,1.50
2014.03.04 03:31:34.727,1.52299,1.52314,1.00,1.50
2014.03.04 03:31:36.162,1.52294,1.52314,1.00,1.50
2014.03.04 03:31:36.371,1.52299,1.52314,1.00,1.50
2014.03.04 03:31:38.570,1.52302,1.52314,1.00,1.50
2014.03.04 03:31:39.147,1.52302,1.52314,1.00,1.50
2014.03.04 03:31:40.452,1.52305,1.52319,1.00,2.33
2014.03.04 03:31:40.503,1.52305,1.52321,1.00,2.25
2014.03.04 03:31:40.807,1.52305,1.52326,1.00,1.43
2014.03.04 03:31:40.909,1.52314,1.52328,1.00,1.50
2014.03.04 03:31:41.062,1.52315,1.52329,1.00,1.15
2014.03.04 03:31:41.553,1.52309,1.52329,1.00,1.65
2014.03.04 03:31:42.573,1.52309,1.52336,1.10,2.03
2014.03.04 03:31:42.675,1.52311,1.52333,1.00,1.58
2014.03.04 03:31:43.100,1.52308,1.52333,1.00,1.58
2014.03.04 03:31:43.602,1.52306,1.52333,1.18,1.58
2014.03.04 03:31:44.072,1.52309,1.52333,1.00,1.58
2014.03.04 03:31:44.418,1.52311,1.52332,1.00,1.50
2014.03.04 03:31:45.391,1.5231,1.52332,1.00,1.50
2014.03.04 03:31:46.075,1.5231,1.52332,1.00,1.50
2014.03.04 03:31:46.278,1.5231,1.52333,1.00,1.15
2014.03.04 03:31:46.941,1.52307,1.52333,1.15,1.15
2014.03.04 03:31:47.216,1.52307,1.52333,1.10,1.58
2014.03.04 03:31:47.930,1.52308,1.52333,1.00,1.58
2014.03.04 03:31:52.979,1.52307,1.52333,1.10,1.58
2014.03.04 03:31:58.309,1.52312,1.52333,1.00,1.58
2014.03.04 03:31:58.825,1.52311,1.52333,1.00,1.58
2014.03.04 03:31:59.917,1.52311,1.52333,1.00,1.83
2014.03.04 03:32:00.812,1.52307,1.52333,1.00,2.25
2014.03.04 03:32:01.454,1.52307,1.52333,1.00,1.15
2014.03.04 03:32:02.170,1.52307,1.52332,1.00,1.50
2014.03.04 03:32:02.373,1.52301,1.52331,1.18,3.00
2014.03.04 03:32:02.626,1.52301,1.52331,1.15,2.33
2014.03.04 03:32:04.592,1.52308,1.52331,1.10,1.58
2014.03.04 03:32:04.744,1.52308,1.52335,1.58,1.08
2014.03.04 03:32:04.947,1.52308,1.52333,1.00,1.50
2014.03.04 03:32:04.997,1.52305,1.52333,1.20,1.50
2014.03.04 03:32:05.678,1.52307,1.52335,1.75,1.20
2014.03.04 03:32:05.729,1.52308,1.52337,1.88,1.10
2014.03.04 03:32:05.931,1.52312,1.52342,1.58,1.15
2014.03.04 03:32:06.033,1.52313,1.52344,1.58,1.65
2014.03.04 03:32:08.112,1.52315,1.52346,1.83,1.15
2014.03.04 03:32:08.214,1.52316,1.52346,1.83,1.15
2014.03.04 03:32:08.617,1.52315,1.52346,1.58,1.15
2014.03.04 03:32:12.714,1.52315,1.52346,1.15,1.83
2014.03.04 03:32:12.917,1.52316,1.52344,1.15,1.15
2014.03.04 03:32:12.968,1.52316,1.52344,1.83,1.18
2014.03.04 03:32:13.276,1.52317,1.52346,2.25,1.02
2014.03.04 03:32:13.377,1.52317,1.52346,1.58,1.40
2014.03.04 03:32:20.490,1.52317,1.52345,1.15,1.58
2014.03.04 03:32:27.362,1.52318,1.52348,1.83,2.33
2014.03.04 03:32:27.413,1.52319,1.52349,1.50,2.40
2014.03.04 03:32:29.191,1.52318,1.52349,2.33,2.33
2014.03.04 03:32:30.131,1.52327,1.52349,1.00,2.33
2014.03.04 03:32:30.283,1.52326,1.52352,1.00,1.83
2014.03.04 03:32:30.334,1.52332,1.52352,1.00,1.83
2014.03.04 03:32:30.639,1.52333,1.52357,1.08,3.00
2014.03.04 03:32:30.690,1.52333,1.52357,1.83,1.00
2014.03.04 03:32:31.045,1.52333,1.52357,1.15,1.00
2014.03.04 03:32:31.939,1.52333,1.52357,1.15,1.00
2014.03.04 03:32:32.040,1.52333,1.52364,1.58,1.15
2014.03.04 03:32:32.142,1.52333,1.52364,2.25,1.15
2014.03.04 03:32:33.697,1.52333,1.52364,2.25,1.15
2014.03.04 03:32:33.799,1.52333,1.52364,1.58,1.83
2014.03.04 03:32:34.053,1.52331,1.52361,1.58,2.03
2014.03.04 03:32:34.154,1.52331,1.52361,1.15,1.95
2014.03.04 03:32:34.205,1.52331,1.52361,1.58,1.35
2014.03.04 03:32:34.257,1.52331,1.52357,1.50,1.58
2014.03.04 03:32:34.308,1.52331,1.52357,1.00,2.25
2014.03.04 03:32:34.410,1.52325,1.52357,1.15,2.25
2014.03.04 03:32:35.248,1.52325,1.52355,1.58,1.08
2014.03.04 03:32:35.299,1.52325,1.52358,2.25,1.15
2014.03.04 03:32:37.281,1.52326,1.52358,3.08,1.15
2014.03.04 03:32:38.504,1.52329,1.52359,1.15,1.50
2014.03.04 03:32:39.283,1.52329,1.5236,2.44,1.15
2014.03.04 03:32:42.702,1.52331,1.52362,1.58,1.58
2014.03.04 03:32:43.996,1.52331,1.52362,1.65,1.83
2014.03.04 03:32:44.453,1.52331,1.52361,1.15,1.50
2014.03.04 03:32:45.174,1.52329,1.5236,1.58,1.58
2014.03.04 03:32:45.225,1.52329,1.5236,2.25,1.15
2014.03.04 03:32:46.205,1.52331,1.5236,1.50,1.15
2014.03.04 03:32:46.459,1.5233,1.52362,1.65,1.50
2014.03.04 03:32:48.270,1.5233,1.52362,1.15,2.63
2014.03.04 03:32:48.321,1.5233,1.5236,1.15,1.50
2014.03.04 03:32:52.020,1.52328,1.52359,2.33,1.15
2014.03.04 03:32:53.434,1.52328,1.52359,6.00,1.15
2014.03.04 03:32:55.516,1.5233,1.52359,1.58,1.02
2014.03.04 03:32:56.077,1.52329,1.52359,1.58,1.02
2014.03.04 03:32:58.968,1.52331,1.5236,1.83,1.02
2014.03.04 03:32:59.069,1.52335,1.52364,1.65,2.14
2014.03.04 03:32:59.171,1.52335,1.52365,1.58,1.69
2014.03.04 03:33:02.925,1.52334,1.52365,2.25,1.72
2014.03.04 03:33:03.026,1.52334,1.52364,1.15,1.39
2014.03.04 03:33:04.579,1.52334,1.52365,1.15,2.07
2014.03.04 03:33:09.498,1.52334,1.52363,1.83,1.34
2014.03.04 03:33:09.599,1.52334,1.52359,1.15,1.10
2014.03.04 03:33:09.650,1.5233,1.52359,2.25,1.67
2014.03.04 03:33:09.853,1.52333,1.52362,1.58,1.34
2014.03.04 03:33:09.903,1.52333,1.5236,1.50,1.30
2014.03.04 03:33:09.954,1.52334,1.5236,1.00,1.98
2014.03.04 03:33:10.005,1.52334,1.52361,1.08,1.02
2014.03.04 03:33:10.056,1.52334,1.52364,1.58,1.72
2014.03.04 03:33:10.107,1.52334,1.52364,1.58,1.72
2014.03.04 03:33:10.259,1.5233,1.52359,1.65,1.72
2014.03.04 03:33:10.360,1.5233,1.52356,1.00,1.39
2014.03.04 03:33:10.613,1.52324,1.52355,1.15,2.14
2014.03.04 03:33:10.816,1.5232,1.52349,1.28,1.34
2014.03.04 03:33:14.039,1.52318,1.52348,1.65,1.02
2014.03.04 03:33:14.567,1.52321,1.52348,1.20,1.69
2014.03.04 03:33:16.231,1.52317,1.52346,1.15,2.14
2014.03.04 03:33:16.282,1.52317,1.52345,1.15,1.02
2014.03.04 03:33:20.112,1.52317,1.52346,1.15,2.14
2014.03.04 03:33:20.765,1.52317,1.52346,1.58,1.47
2014.03.04 03:33:26.219,1.52319,1.52346,1.15,1.72
2014.03.04 03:33:27.445,1.52319,1.52349,1.15,1.84
2014.03.04 03:33:30.858,1.52326,1.52349,1.00,1.40
2014.03.04 03:33:31.010,1.52326,1.52352,1.08,2.14
2014.03.04 03:33:31.061,1.52331,1.52352,1.00,1.18
2014.03.04 03:33:31.162,1.52331,1.52352,1.00,1.15
2014.03.04 03:33:31.264,1.52331,1.52353,1.00,1.09
2014.03.04 03:33:32.046,1.52333,1.52355,1.00,1.34
2014.03.04 03:33:32.838,1.52325,1.52355,1.50,1.72
2014.03.04 03:33:33.093,1.52322,1.52351,1.15,1.39
2014.03.04 03:33:36.886,1.52324,1.52354,1.15,2.33
2014.03.04 03:33:36.996,1.52324,1.52355,1.15,2.25
2014.03.04 03:33:37.576,1.52324,1.52354,1.15,1.39
2014.03.04 03:33:37.627,1.52322,1.52351,1.18,1.39
2014.03.04 03:33:40.493,1.5233,1.52351,1.00,1.39
2014.03.04 03:33:40.595,1.52334,1.52359,1.18,1.87
2014.03.04 03:33:40.899,1.52336,1.52363,1.50,1.19
2014.03.04 03:33:41.000,1.52338,1.52365,1.08,1.39
2014.03.04 03:33:41.102,1.52337,1.52363,1.18,1.02
2014.03.04 03:33:41.406,1.52335,1.5236,1.00,2.14
2014.03.04 03:33:41.710,1.52335,1.52354,1.00,1.50
2014.03.04 03:33:41.913,1.52333,1.52354,1.00,1.50
2014.03.04 03:33:42.120,1.52323,1.52353,1.15,1.39
2014.03.04 03:33:43.077,1.52327,1.52354,2.25,1.32
2014.03.04 03:33:43.128,1.52333,1.52355,1.18,1.10
2014.03.04 03:33:43.230,1.52336,1.5236,1.08,1.39
2014.03.04 03:33:43.331,1.52338,1.52361,1.10,2.44
2014.03.04 03:33:43.433,1.52338,1.52362,1.15,1.29
2014.03.04 03:33:43.787,1.52338,1.52364,1.00,1.50
2014.03.04 03:33:43.900,1.52335,1.52363,1.18,1.58
2014.03.04 03:33:44.010,1.52332,1.52361,3.08,1.08
2014.03.04 03:33:44.214,1.52332,1.52359,1.00,1.50
2014.03.04 03:33:44.843,1.52328,1.52359,1.58,1.58
2014.03.04 03:33:45.334,1.5234,1.52362,1.08,2.25
2014.03.04 03:33:45.436,1.5234,1.52363,1.15,1.13
2014.03.04 03:33:45.537,1.52341,1.52369,1.50,2.03
2014.03.04 03:33:45.740,1.52341,1.52364,1.00,1.88
2014.03.04 03:33:45.842,1.52341,1.52361,1.00,1.50
2014.03.04 03:33:45.893,1.52332,1.52361,1.15,1.50
2014.03.04 03:33:45.944,1.52332,1.52356,1.08,2.33
2014.03.04 03:33:46.045,1.52329,1.52353,1.00,2.25
2014.03.04 03:33:46.096,1.52327,1.52353,1.00,2.25
2014.03.04 03:33:46.198,1.52327,1.52348,1.00,1.18
2014.03.04 03:33:46.503,1.52327,1.5235,1.00,2.25
2014.03.04 03:33:46.860,1.52327,1.52348,1.00,1.50
2014.03.04 03:33:46.919,1.52327,1.5235,1.00,2.25
2014.03.04 03:33:46.972,1.52327,1.52349,1.00,1.50
2014.03.04 03:33:47.074,1.52327,1.52348,1.00,1.15
2014.03.04 03:33:47.177,1.52327,1.52348,1.00,2.33
2014.03.04 03:33:47.329,1.52325,1.52348,1.00,2.33
2014.03.04 03:33:47.550,1.52322,1.52348,1.00,2.33
2014.03.04 03:33:48.289,1.52322,1.52348,1.10,1.65
2014.03.04 03:33:50.032,1.52322,1.52348,1.18,1.15
2014.03.04 03:33:50.083,1.52332,1.52348,1.00,1.15
2014.03.04 03:33:50.387,1.52332,1.5235,1.00,1.50
2014.03.04 03:33:51.247,1.52332,1.52352,1.00,1.83
2014.03.04 03:33:51.298,1.52334,1.52351,1.10,1.50
2014.03.04 03:33:51.349,1.52334,1.52351,1.18,1.00
2014.03.04 03:33:51.501,1.52334,1.52364,1.15,2.70
2014.03.04 03:33:51.653,1.52332,1.52356,1.08,1.75
2014.03.04 03:33:51.704,1.52331,1.52355,1.00,1.50
2014.03.04 03:33:51.754,1.52333,1.5235,1.00,1.08
2014.03.04 03:33:52.260,1.52333,1.52352,1.00,1.15
2014.03.04 03:33:52.481,1.52333,1.52349,1.00,1.08
2014.03.04 03:33:54.043,1.52333,1.52352,1.00,2.25
2014.03.04 03:33:54.145,1.52336,1.52352,1.00,2.25
2014.03.04 03:33:54.398,1.52333,1.52354,1.00,1.50
2014.03.04 03:33:56.156,1.52333,1.52352,1.00,1.15
2014.03.04 03:33:56.257,1.52333,1.52352,1.00,1.58
2014.03.04 03:33:56.359,1.52327,1.52352,1.00,1.58
2014.03.04 03:33:56.460,1.52325,1.52352,1.00,2.25
2014.03.04 03:33:56.724,1.52331,1.52352,1.00,2.25
2014.03.04 03:33:57.261,1.52333,1.52352,1.00,2.25
2014.03.04 03:33:57.809,1.52332,1.52352,1.00,2.25
2014.03.04 03:33:58.314,1.52331,1.52352,1.00,2.25
2014.03.04 03:33:58.466,1.52331,1.52354,1.00,1.50
2014.03.04 03:33:59.666,1.52331,1.52353,1.00,1.58
2014.03.04 03:33:59.768,1.52329,1.52353,1.10,1.15
2014.03.04 03:33:59.869,1.52329,1.52354,1.20,1.15
2014.03.04 03:34:00.947,1.52329,1.52353,1.18,1.08
2014.03.04 03:34:01.456,1.52329,1.52353,1.15,1.10
2014.03.04 03:34:02.878,1.52337,1.52353,1.00,1.10
2014.03.04 03:34:02.979,1.52337,1.52356,1.10,1.00
2014.03.04 03:34:03.030,1.52337,1.52359,1.10,1.10
2014.03.04 03:34:03.081,1.52342,1.52359,1.00,1.10
2014.03.04 03:34:03.234,1.52341,1.52364,1.00,1.15
2014.03.04 03:34:03.285,1.52341,1.52364,1.00,1.83
2014.03.04 03:34:03.589,1.52341,1.52366,1.08,2.33
2014.03.04 03:34:03.640,1.52341,1.52367,1.15,1.28
2014.03.04 03:34:04.141,1.52341,1.52368,1.15,1.65
2014.03.04 03:34:04.192,1.52341,1.52368,1.15,1.65
2014.03.04 03:34:04.807,1.5234,1.52368,2.33,1.15
2014.03.04 03:34:04.858,1.5234,1.52368,1.65,1.15
2014.03.04 03:34:04.910,1.5234,1.52368,1.58,1.83
2014.03.04 03:34:04.961,1.5234,1.52366,1.00,1.50
2014.03.04 03:34:05.114,1.52336,1.52366,1.15,1.50
2014.03.04 03:34:05.613,1.52333,1.52363,1.15,1.15
2014.03.04 03:34:06.458,1.52333,1.52363,1.83,1.08
2014.03.04 03:34:06.560,1.52334,1.52365,3.00,1.15
2014.03.04 03:34:06.712,1.52337,1.52367,2.33,1.15
2014.03.04 03:34:06.814,1.52337,1.5237,3.00,1.58
2014.03.04 03:34:06.864,1.52345,1.5237,1.00,1.58
2014.03.04 03:34:07.429,1.52345,1.52372,1.10,1.95
2014.03.04 03:34:07.803,1.52345,1.52373,1.15,1.65
2014.03.04 03:34:09.875,1.52344,1.52373,1.15,2.33
2014.03.04 03:34:10.306,1.52344,1.52369,1.08,2.33
2014.03.04 03:34:10.408,1.52337,1.52368,1.13,1.50
2014.03.04 03:34:10.560,1.52336,1.52368,1.95,2.33
2014.03.04 03:34:10.865,1.52342,1.52368,1.08,2.25
2014.03.04 03:34:11.254,1.52345,1.52368,1.00,1.58
2014.03.04 03:34:12.242,1.52346,1.52368,1.00,1.58
2014.03.04 03:34:12.293,1.52346,1.52368,1.00,1.15
2014.03.04 03:34:12.344,1.52351,1.52368,1.00,1.15
2014.03.04 03:34:12.497,1.52351,1.52372,1.20,1.00
2014.03.04 03:34:12.548,1.52351,1.52374,1.20,1.65
2014.03.04 03:34:12.751,1.52351,1.52374,1.10,1.15
2014.03.04 03:34:13.720,1.52351,1.52374,1.18,1.08
2014.03.04 03:34:14.504,1.52351,1.52375,1.00,1.65
2014.03.04 03:34:14.808,1.52351,1.52372,1.00,1.50
2014.03.04 03:34:14.859,1.52345,1.52371,1.20,1.15
2014.03.04 03:34:14.960,1.52345,1.52369,1.00,1.15
2014.03.04 03:34:16.456,1.52345,1.52368,1.00,1.50
2014.03.04 03:34:16.659,1.52338,1.52366,1.15,2.33
2014.03.04 03:34:16.832,1.52338,1.52365,1.00,1.50
2014.03.04 03:34:17.757,1.52337,1.52362,1.00,1.15
2014.03.04 03:34:20.269,1.52336,1.52362,1.10,1.15
2014.03.04 03:34:21.943,1.52331,1.52361,1.65,1.58
2014.03.04 03:34:23.497,1.5233,1.52359,1.15,1.58
2014.03.04 03:34:23.802,1.52335,1.52359,1.15,1.18
2014.03.04 03:34:24.106,1.52335,1.52362,1.58,1.18
2014.03.04 03:34:24.412,1.52335,1.52362,1.15,1.15
2014.03.04 03:34:24.762,1.52337,1.52362,1.18,1.18
2014.03.04 03:34:25.557,1.52337,1.52363,1.74,1.65
2014.03.04 03:34:25.878,1.52339,1.52363,2.52,1.00
2014.03.04 03:34:27.647,1.52339,1.52363,1.15,1.00
2014.03.04 03:34:28.096,1.52349,1.52362,1.00,1.00
2014.03.04 03:34:28.198,1.52349,1.52373,1.10,2.10
2014.03.04 03:34:28.831,1.52349,1.52373,1.10,1.18
2014.03.04 03:34:31.557,1.52349,1.52373,1.08,1.10
2014.03.04 03:34:31.899,1.52351,1.52373,1.15,1.00
2014.03.04 03:34:32.463,1.5235,1.52374,1.15,1.10
2014.03.04 03:34:32.996,1.52356,1.52374,2.25,1.00
2014.03.04 03:34:33.300,1.52374,1.5239,5.58,1.00
2014.03.04 03:34:33.503,1.52403,1.52421,1.00,1.50
2014.03.04 03:34:33.554,1.52399,1.52418,2.25,2.03
2014.03.04 03:34:33.604,1.52399,1.52412,2.25,1.50
2014.03.04 03:34:33.656,1.5238,1.52406,1.15,1.95
2014.03.04 03:34:33.808,1.52375,1.524,1.45,1.88
2014.03.04 03:34:33.909,1.52371,1.52395,1.08,1.18
2014.03.04 03:34:34.162,1.5236,1.52389,1.15,1.15
2014.03.04 03:34:34.264,1.52359,1.52388,1.08,2.25
2014.03.04 03:34:34.438,1.52357,1.52387,1.65,2.63
2014.03.04 03:34:34.591,1.52357,1.52387,1.15,1.20
2014.03.04 03:34:36.967,1.52358,1.52386,1.18,1.88
2014.03.04 03:34:37.307,1.5236,1.52387,1.08,1.20
2014.03.04 03:34:39.112,1.52362,1.52387,1.00,1.20
2014.03.04 03:34:39.823,1.52362,1.52389,1.08,1.83
2014.03.04 03:34:40.076,1.52369,1.52398,1.58,1.75
2014.03.04 03:34:40.178,1.52375,1.52397,1.00,1.43
2014.03.04 03:34:40.330,1.52373,1.52398,1.08,1.65
2014.03.04 03:34:40.432,1.52367,1.52398,1.15,2.25
2014.03.04 03:34:40.483,1.52367,1.52398,1.00,1.15
2014.03.04 03:34:40.534,1.52364,1.52396,1.13,1.18
2014.03.04 03:34:40.585,1.52364,1.52383,1.00,1.50
2014.03.04 03:34:40.788,1.52355,1.52372,1.00,1.00
2014.03.04 03:34:40.839,1.52349,1.52372,1.00,1.53
2014.03.04 03:34:40.890,1.52356,1.52372,1.13,1.65
2014.03.04 03:34:41.042,1.52356,1.52375,1.00,1.08
2014.03.04 03:34:41.093,1.52351,1.52376,1.00,1.18
2014.03.04 03:34:41.144,1.52351,1.52378,1.00,1.08
2014.03.04 03:34:41.246,1.52352,1.52373,1.00,1.10
2014.03.04 03:34:41.347,1.52349,1.52373,1.00,1.18
2014.03.04 03:34:41.550,1.52346,1.52373,1.00,2.03
2014.03.04 03:34:41.601,1.52346,1.52371,1.00,1.88
2014.03.04 03:34:41.855,1.5234,1.52371,1.47,1.88
2014.03.04 03:34:41.907,1.5234,1.5237,1.83,1.28
2014.03.04 03:34:41.959,1.52341,1.5237,1.50,1.28
2014.03.04 03:34:42.010,1.5234,1.5237,1.85,1.95
2014.03.04 03:34:42.061,1.52337,1.52369,2.33,1.20
2014.03.04 03:34:42.365,1.52337,1.5237,3.00,1.95
2014.03.04 03:34:42.703,1.52337,1.52368,1.58,1.58
2014.03.04 03:34:43.338,1.52337,1.52366,1.58,1.15
2014.03.04 03:34:43.389,1.52337,1.52366,1.15,1.15
2014.03.04 03:34:43.440,1.52337,1.52366,1.15,1.83
2014.03.04 03:34:43.961,1.52335,1.52365,1.34,1.50
2014.03.04 03:34:44.245,1.52335,1.52364,1.77,1.15
2014.03.04 03:34:44.347,1.52335,1.52364,1.34,1.15
2014.03.04 03:34:44.701,1.52334,1.52364,1.72,1.15
2014.03.04 03:34:45.231,1.52336,1.52364,1.39,1.18
2014.03.04 03:34:45.332,1.52337,1.52364,1.39,1.10
2014.03.04 03:34:45.434,1.52337,1.52364,2.14,1.65
2014.03.04 03:34:45.738,1.52333,1.52361,1.47,1.15
2014.03.04 03:34:46.042,1.52329,1.52358,1.39,1.08
2014.03.04 03:34:46.324,1.5233,1.52358,2.25,1.20
2014.03.04 03:34:47.113,1.5233,1.52361,2.33,1.58
2014.03.04 03:34:47.656,1.5233,1.52361,1.65,1.58
2014.03.04 03:34:48.105,1.5233,1.52361,1.83,1.65
2014.03.04 03:34:49.206,1.5233,1.52361,2.25,1.15
2014.03.04 03:34:49.408,1.52333,1.52359,1.15,1.08
2014.03.04 03:34:49.459,1.5233,1.52359,2.25,1.15
2014.03.04 03:34:49.510,1.52333,1.52359,2.33,1.08
2014.03.04 03:34:49.561,1.52336,1.52359,1.50,1.00
2014.03.04 03:34:49.612,1.5234,1.52364,1.40,1.58
2014.03.04 03:34:49.663,1.5234,1.52364,2.08,1.00
2014.03.04 03:34:49.713,1.52342,1.5237,1.58,1.05
2014.03.04 03:34:49.815,1.52342,1.52371,2.25,1.53
2014.03.04 03:34:50.114,1.52344,1.52372,1.50,1.20
2014.03.04 03:34:50.926,1.52344,1.52371,3.00,1.00
2014.03.04 03:34:51.190,1.52342,1.5237,1.43,1.75
2014.03.04 03:34:51.291,1.52342,1.52369,1.43,1.08
2014.03.04 03:34:51.393,1.52344,1.52371,1.50,1.00
2014.03.04 03:34:51.894,1.52344,1.52374,2.25,1.65
2014.03.04 03:34:53.678,1.52346,1.52371,1.00,1.50
2014.03.04 03:34:53.729,1.52342,1.52371,2.70,1.50
2014.03.04 03:34:53.932,1.52338,1.52368,1.43,1.50
2014.03.04 03:34:54.349,1.52335,1.52363,2.25,1.37
2014.03.04 03:34:54.604,1.52329,1.5236,1.58,1.40
2014.03.04 03:34:55.749,1.52329,1.52361,1.58,1.77
2014.03.04 03:34:56.278,1.52329,1.5236,1.15,1.30
2014.03.04 03:34:58.261,1.5233,1.52362,1.50,1.84
2014.03.04 03:34:58.363,1.5233,1.52356,1.50,1.00
2014.03.04 03:34:58.515,1.52327,1.52356,1.15,1.34
2014.03.04 03:34:59.888,1.52327,1.52355,1.15,1.30
2014.03.04 03:34:59.990,1.52324,1.52351,1.50,2.63
2014.03.04 03:35:00.243,1.52315,1.52345,2.78,1.00
2014.03.04 03:35:00.345,1.52315,1.52334,1.68,1.00
2014.03.04 03:35:00.650,1.52314,1.52341,1.15,1.15
2014.03.04 03:35:00.803,1.52315,1.52345,2.25,1.37
2014.03.04 03:35:00.905,1.52318,1.52346,2.25,1.84
2014.03.04 03:35:01.209,1.52318,1.52348,1.18,1.50
2014.03.04 03:35:01.542,1.52326,1.52349,1.50,1.50
2014.03.04 03:35:01.644,1.52326,1.52351,2.25,1.00
2014.03.04 03:35:01.943,1.52326,1.52354,2.25,1.15
2014.03.04 03:35:02.097,1.52327,1.52354,1.50,1.10
2014.03.04 03:35:02.658,1.52326,1.52354,1.58,1.18
2014.03.04 03:35:04.019,1.52326,1.52352,1.58,1.18
2014.03.04 03:35:04.070,1.52326,1.52352,1.15,1.15
2014.03.04 03:35:04.514,1.52324,1.52352,2.25,1.00
2014.03.04 03:35:05.345,1.52326,1.52352,2.33,1.00
2014.03.04 03:35:05.396,1.52327,1.52357,2.25,1.15
2014.03.04 03:35:05.498,1.52331,1.52358,1.50,1.00
2014.03.04 03:35:06.049,1.52331,1.52359,1.50,1.20
2014.03.04 03:35:06.363,1.5233,1.52361,2.25,1.95
2014.03.04 03:35:06.668,1.52334,1.52363,1.58,1.58
2014.03.04 03:35:06.719,1.52334,1.52364,1.58,1.65
2014.03.04 03:35:07.023,1.52338,1.52366,1.15,1.34
2014.03.04 03:35:07.074,1.52338,1.5237,1.65,2.25
2014.03.04 03:35:07.176,1.52339,1.52372,1.58,3.45
2014.03.04 03:35:07.480,1.52341,1.52372,1.50,3.08
2014.03.04 03:35:09.919,1.52341,1.52371,1.50,1.34
2014.03.04 03:35:10.478,1.52341,1.52371,1.50,1.72
2014.03.04 03:35:10.782,1.52338,1.52362,1.50,1.57
2014.03.04 03:35:10.935,1.52334,1.52362,2.25,1.74
2014.03.04 03:35:12.941,1.52334,1.52364,3.00,1.65
2014.03.04 03:35:12.992,1.52335,1.52365,1.50,1.18
2014.03.04 03:35:19.378,1.52334,1.52359,2.25,1.57
2014.03.04 03:35:19.480,1.52332,1.52358,1.18,1.34
2014.03.04 03:35:19.581,1.52327,1.52343,1.75,1.00
2014.03.04 03:35:19.733,1.52322,1.52343,3.49,1.00
2014.03.04 03:35:19.784,1.52322,1.52343,1.85,1.50
2014.03.04 03:35:19.885,1.52312,1.52343,1.83,2.33
2014.03.04 03:35:20.088,1.52313,1.52342,1.15,1.20
2014.03.04 03:35:20.604,1.52309,1.5234,1.83,1.47
2014.03.04 03:35:20.705,1.52309,1.5234,1.15,1.47
2014.03.04 03:35:21.009,1.52307,1.52335,1.20,1.08
2014.03.04 03:35:21.373,1.52306,1.52337,1.83,1.39
2014.03.04 03:35:21.677,1.52306,1.52337,1.83,1.39
2014.03.04 03:35:22.160,1.52308,1.52338,1.83,1.97
2014.03.04 03:35:22.230,1.52309,1.5234,2.33,1.39
2014.03.04 03:35:22.334,1.52313,1.5234,1.15,1.39
2014.03.04 03:35:22.386,1.52313,1.52344,1.58,1.99
2014.03.04 03:35:22.488,1.52314,1.52345,1.83,1.39
2014.03.04 03:35:22.928,1.52315,1.52339,3.83,1.82
2014.03.04 03:35:23.083,1.52315,1.52339,2.33,1.82
2014.03.04 03:35:23.134,1.52315,1.52338,2.33,1.57
2014.03.04 03:35:24.963,1.52315,1.52338,2.25,1.57
2014.03.04 03:35:25.184,1.52313,1.52338,2.10,1.57
2014.03.04 03:35:25.235,1.52313,1.52338,1.15,1.25
2014.03.04 03:35:25.995,1.52313,1.52337,1.15,1.10
2014.03.04 03:35:26.208,1.52316,1.52343,1.50,1.08
2014.03.04 03:35:26.260,1.52316,1.52344,1.58,1.09
2014.03.04 03:35:29.545,1.52317,1.52344,1.97,1.18
2014.03.04 03:35:29.647,1.52328,1.52348,1.10,1.00
2014.03.04 03:35:29.799,1.52328,1.52353,1.15,1.28
2014.03.04 03:35:29.951,1.52324,1.52353,1.58,2.14
2014.03.04 03:35:30.001,1.52322,1.52353,1.58,2.89
2014.03.04 03:35:30.153,1.52319,1.52345,2.03,1.10
2014.03.04 03:35:30.457,1.52317,1.52345,2.25,1.08
2014.03.04 03:35:30.978,1.52317,1.52345,2.25,1.08
2014.03.04 03:35:31.029,1.52317,1.52345,2.25,1.00
2014.03.04 03:35:31.624,1.52319,1.5235,1.40,1.65
2014.03.04 03:35:36.017,1.52319,1.5235,2.08,1.65
2014.03.04 03:35:36.576,1.5232,1.5235,1.58,1.15
2014.03.04 03:35:37.109,1.5232,1.5235,1.15,1.15
2014.03.04 03:35:39.318,1.5232,1.52351,1.83,1.15
2014.03.04 03:35:40.847,1.5232,1.52343,1.83,1.00
2014.03.04 03:35:40.948,1.52318,1.52344,1.50,1.10
2014.03.04 03:35:42.808,1.52318,1.52349,1.34,1.50
2014.03.04 03:35:45.218,1.52319,1.5235,1.30,2.33
2014.03.04 03:35:46.020,1.52321,1.52352,1.83,3.83
2014.03.04 03:35:46.071,1.52327,1.52352,1.18,1.65
2014.03.04 03:35:46.121,1.52327,1.52352,1.83,1.08
2014.03.04 03:35:46.659,1.52329,1.52352,2.25,1.00
2014.03.04 03:35:47.468,1.52329,1.52352,1.83,1.00
2014.03.04 03:35:49.881,1.52329,1.52357,1.83,1.18
2014.03.04 03:35:49.982,1.52333,1.52357,1.08,1.10
2014.03.04 03:35:50.333,1.52332,1.5236,2.25,1.37
2014.03.04 03:35:50.766,1.52336,1.52366,1.15,1.47
2014.03.04 03:35:50.867,1.52336,1.52366,1.83,1.47
2014.03.04 03:35:51.302,1.52336,1.5236,1.00,1.50
2014.03.04 03:35:51.405,1.52332,1.52358,1.15,1.28
2014.03.04 03:35:51.557,1.52328,1.52357,1.15,1.95
2014.03.04 03:35:51.861,1.52326,1.52356,1.34,2.25
2014.03.04 03:35:52.386,1.52325,1.52355,1.39,1.50
2014.03.04 03:35:52.437,1.52323,1.52354,2.97,1.50
2014.03.04 03:35:53.298,1.52323,1.52354,2.40,2.07
2014.03.04 03:35:55.777,1.52325,1.52354,1.40,1.33
2014.03.04 03:35:55.828,1.52325,1.52356,2.08,1.47
2014.03.04 03:35:56.030,1.52331,1.52359,1.15,1.72
2014.03.04 03:35:56.132,1.52331,1.52361,1.77,1.77
2014.03.04 03:35:56.385,1.52334,1.52361,1.15,1.40
2014.03.04 03:36:08.590,1.52335,1.52361,1.15,1.10
2014.03.04 03:36:11.843,1.52338,1.52368,3.00,1.74
2014.03.04 03:36:11.945,1.52344,1.52369,1.08,1.15
2014.03.04 03:36:12.046,1.52344,1.52369,1.50,1.08
2014.03.04 03:36:12.097,1.52344,1.52373,1.58,1.47
2014.03.04 03:36:14.279,1.52344,1.52375,1.15,2.14
2014.03.04 03:36:14.484,1.52344,1.52375,1.83,2.89
2014.03.04 03:36:15.243,1.52344,1.52373,1.15,1.39
2014.03.04 03:36:19.038,1.52344,1.52372,1.15,1.98
2014.03.04 03:36:25.688,1.52344,1.52372,1.15,1.30
2014.03.04 03:36:25.738,1.52344,1.52373,1.53,1.47
2014.03.04 03:36:27.014,1.52345,1.52374,1.20,1.09
2014.03.04 03:36:28.165,1.52345,1.52374,1.20,1.77
2014.03.04 03:36:28.216,1.52343,1.52374,1.53,2.44
2014.03.04 03:36:28.717,1.52343,1.52374,1.20,1.77
2014.03.04 03:36:29.374,1.52343,1.52374,1.88,1.09
2014.03.04 03:36:30.024,1.52343,1.52368,1.88,1.00
2014.03.04 03:36:30.672,1.52341,1.52368,1.53,1.20
2014.03.04 03:36:33.857,1.5234,1.52368,1.88,2.03
2014.03.04 03:36:34.162,1.52333,1.52357,1.95,1.29
2014.03.04 03:36:34.213,1.5233,1.52357,1.88,1.39
2014.03.04 03:36:34.263,1.5233,1.52357,1.88,1.37
2014.03.04 03:36:34.567,1.52327,1.52356,1.78,1.69
2014.03.04 03:36:37.790,1.52331,1.52358,1.77,3.00
2014.03.04 03:36:39.256,1.52334,1.52358,1.38,1.15
2014.03.04 03:36:41.924,1.52335,1.52358,1.77,1.15
2014.03.04 03:36:42.447,1.52335,1.52361,1.77,1.58
2014.03.04 03:36:43.163,1.52335,1.52361,1.02,3.00
2014.03.04 03:36:43.826,1.52333,1.5236,2.04,1.50
2014.03.04 03:36:44.535,1.52333,1.5236,1.94,1.50
2014.03.04 03:36:45.216,1.52331,1.52361,1.09,3.00
2014.03.04 03:36:46.877,1.5233,1.52356,2.03,1.34
2014.03.04 03:36:47.181,1.52322,1.52348,1.67,2.70
2014.03.04 03:36:47.232,1.52317,1.52348,2.40,2.14
2014.03.04 03:36:47.384,1.52317,1.52346,2.40,1.50
2014.03.04 03:36:48.364,1.52317,1.52345,1.75,2.25
2014.03.04 03:36:49.019,1.52317,1.52348,1.65,2.82
2014.03.04 03:36:49.120,1.52317,1.52348,2.33,1.30
2014.03.04 03:36:49.272,1.52322,1.52349,1.20,1.84
2014.03.04 03:36:49.323,1.52323,1.52349,2.25,1.27
2014.03.04 03:36:49.374,1.52325,1.5235,1.50,1.19
2014.03.04 03:36:49.475,1.52331,1.5235,2.25,1.19
2014.03.04 03:36:49.907,1.52333,1.5235,1.15,1.69
2014.03.04 03:36:50.352,1.52331,1.5235,1.18,1.69
2014.03.04 03:36:50.566,1.52331,1.5235,1.15,1.69
2014.03.04 03:36:50.617,1.52331,1.5235,1.15,1.13
2014.03.04 03:36:51.022,1.52331,1.5235,1.18,1.13
2014.03.04 03:36:51.230,1.52331,1.5235,1.15,1.13
2014.03.04 03:36:51.458,1.52331,1.5235,1.15,1.88
2014.03.04 03:36:55.492,1.52331,1.5235,1.15,1.13
2014.03.04 03:36:55.897,1.52333,1.52355,1.09,1.38
2014.03.04 03:36:55.998,1.52333,1.52361,1.77,1.45
2014.03.04 03:36:56.507,1.52333,1.52358,2.25,1.94
2014.03.04 03:36:57.711,1.52333,1.52358,1.15,1.94
2014.03.04 03:37:11.489,1.52333,1.52358,1.15,1.63
2014.03.04 03:37:12.058,1.52333,1.52359,2.25,1.67
2014.03.04 03:37:12.412,1.52339,1.52362,1.08,4.02
2014.03.04 03:37:12.615,1.5234,1.52362,1.15,1.00
2014.03.04 03:37:12.666,1.5234,1.52362,1.83,1.00
2014.03.04 03:37:12.717,1.5234,1.52368,2.25,1.70
2014.03.04 03:37:12.818,1.52342,1.52367,1.58,1.02
2014.03.04 03:37:12.870,1.52342,1.52361,1.15,1.00
2014.03.04 03:37:12.971,1.52339,1.52361,1.13,1.88
2014.03.04 03:37:13.022,1.52338,1.52361,1.13,1.95
2014.03.04 03:37:13.174,1.52334,1.52359,1.80,1.58
2014.03.04 03:37:13.681,1.52334,1.52359,1.10,1.58
2014.03.04 03:37:15.506,1.52334,1.52361,1.18,1.09
2014.03.04 03:37:15.609,1.52334,1.52361,1.15,1.09
2014.03.04 03:37:16.767,1.52335,1.52362,1.15,1.09
2014.03.04 03:37:17.552,1.52335,1.52362,1.15,1.09
2014.03.04 03:37:19.218,1.52338,1.52362,1.00,2.15
2014.03.04 03:37:19.269,1.52338,1.52362,3.00,2.00
2014.03.04 03:37:19.686,1.52343,1.52368,1.18,1.84
2014.03.04 03:37:19.838,1.52343,1.5237,1.65,1.09
2014.03.04 03:37:19.939,1.52343,1.5237,1.84,1.48
2014.03.04 03:37:22.634,1.52346,1.52372,1.08,1.53
2014.03.04 03:37:24.059,1.52348,1.52371,1.15,1.38
2014.03.04 03:37:24.451,1.52353,1.52376,1.00,1.72
2014.03.04 03:37:24.502,1.52353,1.52376,1.75,1.64
2014.03.04 03:37:24.654,1.52354,1.52376,1.50,1.19
2014.03.04 03:37:24.906,1.52357,1.52386,1.40,1.95
2014.03.04 03:37:25.008,1.52357,1.52386,2.08,1.53
2014.03.04 03:37:25.311,1.52361,1.52389,1.15,1.77
2014.03.04 03:37:26.947,1.52361,1.52389,1.83,1.84
2014.03.04 03:37:40.398,1.52361,1.5239,2.25,1.84
2014.03.04 03:37:44.064,1.52361,1.52386,1.50,1.13
2014.03.04 03:37:44.115,1.52357,1.52382,1.53,1.02
2014.03.04 03:37:44.541,1.52357,1.5238,1.18,2.14
2014.03.04 03:37:44.600,1.52357,1.5238,1.20,2.14
2014.03.04 03:37:45.665,1.52351,1.52376,1.83,1.19
2014.03.04 03:37:45.716,1.52351,1.52376,1.15,1.39
2014.03.04 03:37:50.281,1.52353,1.52376,1.15,1.19
2014.03.04 03:37:50.585,1.52353,1.52378,2.25,1.38
2014.03.04 03:37:50.889,1.52358,1.52383,1.58,3.19
2014.03.04 03:37:51.811,1.52359,1.52383,1.83,2.00
2014.03.04 03:37:52.165,1.52361,1.5239,1.39,1.89
2014.03.04 03:37:52.217,1.52363,1.52391,2.25,1.02
2014.03.04 03:37:52.671,1.52369,1.52396,1.08,1.20
2014.03.04 03:37:52.773,1.52371,1.524,1.50,1.72
2014.03.04 03:37:53.085,1.52373,1.52401,1.10,2.25
2014.03.04 03:37:53.439,1.52372,1.52396,1.08,1.55
2014.03.04 03:37:55.592,1.52368,1.52397,1.15,2.14
2014.03.04 03:37:57.605,1.52368,1.52391,1.15,1.19
2014.03.04 03:37:57.909,1.52368,1.52396,1.15,1.09
2014.03.04 03:37:58.426,1.52368,1.52393,1.15,1.84
2014.03.04 03:38:09.802,1.52366,1.52391,1.08,1.32
2014.03.04 03:38:09.854,1.52366,1.5239,1.00,1.20
2014.03.04 03:38:10.358,1.52363,1.52392,1.58,1.09
2014.03.04 03:38:14.157,1.52364,1.52393,1.02,1.53
2014.03.04 03:38:15.670,1.52366,1.52395,1.15,1.53
2014.03.04 03:38:20.870,1.52371,1.52396,1.00,1.68
2014.03.04 03:38:21.174,1.52375,1.52398,1.23,1.13
2014.03.04 03:38:21.225,1.52375,1.52405,1.98,1.78
2014.03.04 03:38:21.427,1.52378,1.52406,1.39,1.53
2014.03.04 03:38:21.743,1.5238,1.52406,1.77,1.45
2014.03.04 03:38:22.046,1.52384,1.52407,1.15,1.38
2014.03.04 03:38:23.232,1.5238,1.52406,2.59,1.48
2014.03.04 03:38:26.694,1.52381,1.52406,1.02,1.48
2014.03.04 03:38:27.425,1.52383,1.52407,1.58,1.38
2014.03.04 03:38:28.529,1.52383,1.52407,1.95,1.00
2014.03.04 03:38:32.511,1.52384,1.52409,1.15,1.13
2014.03.04 03:38:32.663,1.52389,1.52414,1.08,1.15
2014.03.04 03:38:32.866,1.52391,1.5242,2.25,1.15
2014.03.04 03:38:33.019,1.52389,1.52417,3.00,1.60
2014.03.04 03:38:33.121,1.52389,1.52412,1.00,1.09
2014.03.04 03:38:33.222,1.52385,1.52412,1.18,1.68
2014.03.04 03:38:33.323,1.52383,1.52414,2.33,2.52
2014.03.04 03:38:33.637,1.52385,1.52416,1.83,1.20
2014.03.04 03:38:35.266,1.52393,1.52418,2.25,1.13
2014.03.04 03:38:35.317,1.52393,1.52419,2.33,1.00
2014.03.04 03:38:36.601,1.52395,1.52419,1.50,1.00
2014.03.04 03:38:37.162,1.52395,1.5242,1.50,1.13
2014.03.04 03:38:46.755,1.52393,1.5242,1.72,1.28
2014.03.04 03:38:47.108,1.52393,1.5242,1.72,1.28
2014.03.04 03:38:47.621,1.52394,1.52419,1.39,1.10
2014.03.04 03:38:50.314,1.52395,1.52419,1.39,1.00
2014.03.04 03:38:50.872,1.52395,1.52424,1.39,1.53
2014.03.04 03:38:52.785,1.52395,1.52424,1.77,1.53
2014.03.04 03:38:54.121,1.52395,1.52424,1.09,1.53
2014.03.04 03:38:56.268,1.52392,1.52418,2.14,2.33
2014.03.04 03:38:56.420,1.52389,1.52413,1.50,1.15
2014.03.04 03:38:56.471,1.52388,1.52414,1.77,2.70
2014.03.04 03:38:56.816,1.52388,1.52412,1.69,1.95
2014.03.04 03:38:58.182,1.52389,1.52412,1.00,1.95
2014.03.04 03:38:58.490,1.52389,1.52409,1.00,1.20
2014.03.04 03:38:58.642,1.52383,1.52409,1.10,1.20
2014.03.04 03:38:59.048,1.52382,1.52406,1.74,1.45
2014.03.04 03:39:00.623,1.52381,1.5241,1.37,1.20
2014.03.04 03:39:00.725,1.52381,1.52405,1.27,1.45
2014.03.04 03:39:01.029,1.52381,1.52403,1.19,2.33
2014.03.04 03:39:01.636,1.52381,1.52402,1.19,1.15
2014.03.04 03:39:02.453,1.52381,1.52402,1.00,1.15
2014.03.04 03:39:03.795,1.5238,1.52402,1.25,1.15
2014.03.04 03:39:04.159,1.52378,1.52405,1.10,1.20
2014.03.04 03:39:04.260,1.52378,1.52403,1.58,1.20
2014.03.04 03:39:04.564,1.52381,1.52406,1.47,1.53
2014.03.04 03:39:05.066,1.52382,1.52407,1.37,1.53
2014.03.04 03:39:06.704,1.52381,1.52406,1.39,1.20
2014.03.04 03:39:07.221,1.52381,1.52407,1.47,2.03
2014.03.04 03:39:07.971,1.52383,1.52407,1.33,1.53
2014.03.04 03:39:08.700,1.52383,1.52407,1.00,1.53
2014.03.04 03:39:08.751,1.52381,1.52406,1.10,1.53
2014.03.04 03:39:08.903,1.52379,1.52403,1.00,2.07
2014.03.04 03:39:09.888,1.52379,1.52402,1.00,1.65
2014.03.04 03:39:16.953,1.52379,1.52402,1.08,1.45
2014.03.04 03:39:17.257,1.52382,1.52406,1.47,1.45
2014.03.04 03:39:17.565,1.52382,1.52407,3.27,1.00
2014.03.04 03:39:22.631,1.52384,1.52409,1.15,1.00
2014.03.04 03:39:22.681,1.52384,1.52416,2.25,2.07
2014.03.04 03:39:23.139,1.52384,1.52415,1.15,1.88
2014.03.04 03:39:23.566,1.52384,1.52417,2.25,2.52
2014.03.04 03:39:33.715,1.52385,1.52417,1.20,2.52
2014.03.04 03:39:34.302,1.52384,1.52416,1.53,1.68
2014.03.04 03:39:36.452,1.52386,1.52416,1.20,1.68
2014.03.04 03:39:39.140,1.52386,1.52417,1.20,3.27
2014.03.04 03:39:39.241,1.52386,1.52417,1.20,2.59
2014.03.04 03:39:45.083,1.52387,1.52416,1.53,1.68
2014.03.04 03:39:45.715,1.52385,1.52416,1.53,2.82
2014.03.04 03:39:48.395,1.52381,1.52414,3.94,2.63
2014.03.04 03:39:50.112,1.52381,1.52414,3.94,2.63
2014.03.04 03:39:50.213,1.52385,1.52416,1.58,1.09
2014.03.04 03:39:56.064,1.52385,1.52402,1.58,1.00
2014.03.04 03:39:56.216,1.52383,1.52402,1.45,1.00
2014.03.04 03:39:56.419,1.52383,1.52411,1.33,1.20
2014.03.04 03:39:56.470,1.52384,1.52413,1.08,3.08
2014.03.04 03:39:56.520,1.52384,1.52413,1.50,1.15
2014.03.04 03:39:56.874,1.52385,1.52416,2.25,1.78
2014.03.04 03:39:57.963,1.52391,1.52416,1.08,1.55
2014.03.04 03:40:04.496,1.52391,1.52418,1.08,1.20
2014.03.04 03:40:04.598,1.52391,1.52416,1.00,1.20
2014.03.04 03:40:04.902,1.52393,1.52416,1.00,1.20
2014.03.04 03:40:05.104,1.5239,1.52417,1.39,1.20
2014.03.04 03:40:05.155,1.5239,1.52419,1.47,3.75
2014.03.04 03:40:05.256,1.5239,1.52416,1.39,1.88
2014.03.04 03:40:14.211,1.52386,1.52415,1.53,1.98
2014.03.04 03:40:14.769,1.52383,1.52413,1.53,2.25
2014.03.04 03:40:16.382,1.5238,1.52411,2.70,1.20
2014.03.04 03:40:16.433,1.5238,1.52408,1.28,1.20
2014.03.04 03:40:16.535,1.52379,1.52407,1.53,2.07
2014.03.04 03:40:16.586,1.5238,1.52406,1.20,1.95
2014.03.04 03:40:17.126,1.52372,1.52403,1.84,1.15
2014.03.04 03:40:22.576,1.52372,1.52399,1.53,1.18
2014.03.04 03:40:22.678,1.5237,1.52401,1.58,1.65
2014.03.04 03:40:23.355,1.52371,1.52402,1.15,1.95
2014.03.04 03:40:39.128,1.52373,1.52399,1.13,1.50
2014.03.04 03:40:39.432,1.5237,1.52395,1.38,1.02
2014.03.04 03:40:41.492,1.52367,1.52395,2.03,1.02
2014.03.04 03:40:52.112,1.52367,1.52394,1.48,1.98
2014.03.04 03:40:55.201,1.52367,1.52393,1.10,1.20
2014.03.04 03:40:55.852,1.52371,1.52395,1.08,1.72
2014.03.04 03:40:56.157,1.52369,1.52394,1.20,1.77
2014.03.04 03:40:56.463,1.52369,1.52395,1.28,1.55
2014.03.04 03:40:56.615,1.52367,1.52396,2.08,1.95
2014.03.04 03:40:56.830,1.52367,1.52396,1.58,1.90
2014.03.04 03:40:57.134,1.52372,1.52397,1.50,2.40
2014.03.04 03:40:57.475,1.52375,1.52402,1.15,1.09
2014.03.04 03:40:59.441,1.52375,1.52405,1.58,2.44
2014.03.04 03:40:59.499,1.52378,1.52405,1.18,1.68
2014.03.04 03:40:59.550,1.52378,1.52406,1.18,1.09
2014.03.04 03:40:59.854,1.52384,1.52409,1.18,2.40
2014.03.04 03:41:00.157,1.5239,1.52413,1.00,1.20
2014.03.04 03:41:00.208,1.5239,1.52416,1.00,2.22
2014.03.04 03:41:04.952,1.5239,1.52415,1.00,1.68
2014.03.04 03:41:05.686,1.5239,1.52414,1.00,1.20
2014.03.04 03:41:10.359,1.5239,1.52409,1.00,1.02
2014.03.04 03:41:10.511,1.52384,1.524,1.00,1.00
2014.03.04 03:41:10.612,1.5238,1.52404,1.00,1.09
2014.03.04 03:41:10.663,1.5238,1.52403,1.00,1.68
2014.03.04 03:41:10.916,1.52379,1.52405,1.00,1.88
2014.03.04 03:41:11.470,1.5238,1.52406,1.10,1.20
2014.03.04 03:41:12.261,1.52382,1.52406,1.00,1.20
2014.03.04 03:41:21.433,1.52382,1.52408,1.08,1.53
2014.03.04 03:41:22.011,1.52385,1.5241,1.08,1.09
2014.03.04 03:41:22.113,1.52385,1.52408,1.10,1.13
2014.03.04 03:41:22.214,1.52383,1.52406,1.10,1.53
2014.03.04 03:41:25.482,1.52383,1.52406,1.00,1.65
2014.03.04 03:41:25.684,1.52383,1.52407,1.64,1.65
2014.03.04 03:41:26.038,1.52386,1.52407,1.00,1.55
2014.03.04 03:41:26.140,1.52383,1.52407,1.00,1.53
2014.03.04 03:41:29.605,1.52383,1.52406,1.00,1.20
2014.03.04 03:41:29.757,1.52381,1.52404,1.00,1.58
2014.03.04 03:41:29.859,1.52378,1.52398,1.13,1.00
2014.03.04 03:41:30.431,1.52378,1.52397,1.13,1.20
2014.03.04 03:41:33.534,1.52378,1.52397,1.13,1.18
2014.03.04 03:41:34.165,1.52375,1.52397,1.00,1.53
2014.03.04 03:41:34.216,1.52375,1.52396,1.00,1.20
2014.03.04 03:41:34.368,1.52372,1.52396,1.00,1.20
2014.03.04 03:41:34.673,1.52372,1.52394,1.00,1.65
2014.03.04 03:41:34.876,1.52369,1.52394,1.47,1.15
2014.03.04 03:41:35.382,1.52369,1.52395,1.34,2.03
2014.03.04 03:41:35.433,1.52369,1.52393,1.39,1.08
2014.03.04 03:41:35.535,1.52369,1.52395,1.39,2.63
2014.03.04 03:41:35.687,1.5237,1.52397,1.09,1.88
2014.03.04 03:41:35.738,1.52373,1.52397,1.00,1.88
2014.03.04 03:41:36.041,1.52379,1.52402,1.00,1.65
2014.03.04 03:41:36.883,1.52379,1.52402,1.00,1.95
2014.03.04 03:41:37.390,1.52379,1.52402,1.00,1.90
2014.03.04 03:41:38.016,1.52375,1.52402,1.70,3.08
2014.03.04 03:41:38.219,1.52373,1.52395,1.60,1.20
2014.03.04 03:41:38.423,1.52373,1.52397,1.00,2.03
2014.03.04 03:41:38.524,1.52373,1.52397,1.18,1.48
2014.03.04 03:41:38.677,1.52378,1.52401,1.00,2.52
2014.03.04 03:41:39.345,1.52375,1.524,1.20,1.68
2014.03.04 03:41:42.629,1.52375,1.52399,1.00,1.20
2014.03.04 03:41:47.822,1.52375,1.52399,1.08,1.45
2014.03.04 03:41:48.224,1.52379,1.52401,1.10,1.45
2014.03.04 03:41:49.108,1.52379,1.52401,1.10,1.20
2014.03.04 03:41:50.349,1.52379,1.52402,1.15,1.50
2014.03.04 03:41:50.695,1.52381,1.52402,1.00,2.03
2014.03.04 03:41:50.897,1.52381,1.52402,1.10,2.33
2014.03.04 03:41:52.511,1.52381,1.52402,1.15,1.38
2014.03.04 03:41:52.815,1.52384,1.52408,1.18,2.33
2014.03.04 03:41:56.711,1.52388,1.52408,1.00,2.33
2014.03.04 03:41:58.174,1.52388,1.52408,1.18,2.25
2014.03.04 03:42:00.805,1.52388,1.52408,1.00,2.33
2014.03.04 03:42:04.146,1.52388,1.52408,1.00,2.33
2014.03.04 03:42:04.247,1.52388,1.52407,1.00,1.00
2014.03.04 03:42:06.114,1.52388,1.52407,1.08,1.00
2014.03.04 03:42:06.317,1.5239,1.52408,1.20,1.13
2014.03.04 03:42:09.982,1.52393,1.52415,1.10,1.53
2014.03.04 03:42:15.526,1.52393,1.52414,1.08,1.38
2014.03.04 03:42:16.102,1.52393,1.52412,1.00,1.48
2014.03.04 03:42:16.355,1.52389,1.52412,1.00,1.53
2014.03.04 03:42:18.132,1.52389,1.5241,1.00,1.53
2014.03.04 03:42:18.335,1.52387,1.52406,1.00,1.10
2014.03.04 03:42:23.388,1.52387,1.52407,1.00,1.13
2014.03.04 03:42:23.974,1.52387,1.52407,1.00,1.28
2014.03.04 03:42:30.947,1.52387,1.52407,1.00,1.28
2014.03.04 03:42:31.099,1.52384,1.52406,1.00,1.15
2014.03.04 03:42:31.150,1.52384,1.52406,1.00,2.08
2014.03.04 03:42:31.353,1.52379,1.52396,1.00,1.20
2014.03.04 03:42:32.935,1.52379,1.52397,1.00,1.10
2014.03.04 03:42:37.217,1.52379,1.52398,1.00,1.20
2014.03.04 03:42:37.319,1.52376,1.52398,1.00,1.28
2014.03.04 03:42:37.470,1.52376,1.52398,1.00,1.95
2014.03.04 03:42:37.774,1.52372,1.52398,1.50,2.70
2014.03.04 03:42:38.130,1.52368,1.52375,1.90,1.00
2014.03.04 03:42:38.181,1.52367,1.52375,1.38,1.13
2014.03.04 03:42:38.232,1.52367,1.52375,1.00,1.20
2014.03.04 03:42:38.283,1.52363,1.52375,1.20,1.28
2014.03.04 03:42:38.386,1.52357,1.5237,1.53,1.00
2014.03.04 03:42:38.487,1.52357,1.5237,1.00,1.25
2014.03.04 03:42:38.538,1.52351,1.5237,1.83,1.25
2014.03.04 03:42:38.690,1.52351,1.5237,1.00,1.25
2014.03.04 03:43:16.190,1.52351,1.5237,1.00,1.33
2014.03.04 03:43:19.538,1.52353,1.5237,1.00,1.27
2014.03.04 03:43:19.640,1.52353,1.52379,1.50,1.20
2014.03.04 03:43:19.741,1.52353,1.5238,2.33,1.08
2014.03.04 03:43:19.792,1.52357,1.52385,1.10,1.95
2014.03.04 03:43:19.843,1.52357,1.52384,1.00,1.83
2014.03.04 03:43:21.390,1.52357,1.52381,1.00,1.50
2014.03.04 03:43:21.491,1.52357,1.52385,1.18,1.95
2014.03.04 03:43:21.593,1.52358,1.52382,1.00,1.08
2014.03.04 03:43:21.847,1.52363,1.52387,1.00,2.22
2014.03.04 03:43:21.998,1.5236,1.52385,1.10,1.47
2014.03.04 03:43:22.049,1.5236,1.52383,1.10,1.18
2014.03.04 03:43:22.406,1.52355,1.52381,1.38,1.50
2014.03.04 03:43:27.543,1.52355,1.52376,1.00,1.47
2014.03.04 03:43:28.590,1.52355,1.52374,1.00,1.00
2014.03.04 03:43:29.339,1.52355,1.52374,1.00,1.19
2014.03.04 03:43:32.513,1.52353,1.52373,1.00,1.25
2014.03.04 03:43:34.437,1.52353,1.52374,1.00,1.20
2014.03.04 03:43:34.589,1.52353,1.52374,1.00,1.15
2014.03.04 03:43:34.842,1.52353,1.52382,1.15,1.84
2014.03.04 03:43:34.943,1.52357,1.52382,1.00,1.84
2014.03.04 03:43:40.042,1.52357,1.52378,1.00,1.20
2014.03.04 03:43:40.143,1.52353,1.52379,1.00,1.84
2014.03.04 03:43:40.447,1.52353,1.52378,1.00,1.39
2014.03.04 03:43:46.761,1.52349,1.52376,1.65,1.39
2014.03.04 03:43:46.812,1.52349,1.52376,1.58,1.39
2014.03.04 03:43:56.372,1.52349,1.52377,1.28,1.77
2014.03.04 03:44:07.686,1.52349,1.52375,1.08,1.68
2014.03.04 03:44:13.662,1.52349,1.52372,1.00,2.33
2014.03.04 03:44:13.915,1.52344,1.52372,1.95,1.50
2014.03.04 03:44:14.460,1.52344,1.52373,1.95,2.25
2014.03.04 03:44:16.197,1.52347,1.52375,1.53,1.72
2014.03.04 03:44:16.350,1.52347,1.52374,2.03,1.39
2014.03.04 03:44:16.877,1.52347,1.52374,1.38,1.88
2014.03.04 03:44:18.050,1.52348,1.52374,1.20,1.20
2014.03.04 03:44:18.553,1.52348,1.52375,1.20,1.68
2014.03.04 03:44:22.921,1.52348,1.52373,1.10,1.20
2014.03.04 03:44:23.670,1.52348,1.52374,1.08,1.39
2014.03.04 03:44:24.472,1.52348,1.52375,1.08,1.77
2014.03.04 03:44:34.680,1.52345,1.52373,1.15,1.09
2014.03.04 03:44:38.055,1.52345,1.52372,1.18,1.20
2014.03.04 03:44:39.599,1.52345,1.52373,1.15,1.09
2014.03.04 03:44:46.205,1.52345,1.52373,1.18,1.58
2014.03.04 03:44:46.256,1.52345,1.52373,1.20,2.63
2014.03.04 03:44:46.610,1.52351,1.52373,1.00,2.25
2014.03.04 03:44:46.914,1.52344,1.52374,1.65,1.84
2014.03.04 03:44:47.016,1.52344,1.52374,1.65,2.89
2014.03.04 03:44:47.117,1.52346,1.52374,1.28,1.72
2014.03.04 03:44:47.430,1.52348,1.52373,1.18,1.09
2014.03.04 03:44:51.567,1.52348,1.52368,1.18,1.00
2014.03.04 03:44:51.770,1.52343,1.52368,1.73,1.72
2014.03.04 03:44:52.153,1.52339,1.52368,1.15,2.82
2014.03.04 03:44:53.328,1.52343,1.52368,1.00,2.07
2014.03.04 03:44:53.580,1.52343,1.52372,1.65,1.39
2014.03.04 03:44:57.301,1.52343,1.52372,1.15,2.07
2014.03.04 03:44:58.174,1.52346,1.52373,1.15,1.09
2014.03.04 03:44:58.802,1.52346,1.52373,1.15,1.09
2014.03.04 03:45:00.356,1.52346,1.52368,1.08,1.64
2014.03.04 03:45:00.407,1.52346,1.52368,1.00,1.72
2014.03.04 03:45:00.458,1.52342,1.52368,1.35,1.72
2014.03.04 03:45:00.610,1.52342,1.52368,1.10,1.72
2014.03.04 03:45:00.812,1.52342,1.52367,1.10,1.39
2014.03.04 03:45:01.395,1.52342,1.52366,1.00,1.02
2014.03.04 03:45:01.915,1.52339,1.52366,1.65,1.02
2014.03.04 03:45:03.097,1.52343,1.52367,1.00,1.88
2014.03.04 03:45:03.250,1.52343,1.5237,1.10,1.58
2014.03.04 03:45:03.302,1.52343,1.5237,1.18,1.58
2014.03.04 03:45:03.353,1.52343,1.52371,1.15,2.59
2014.03.04 03:45:03.403,1.52343,1.52371,1.58,2.59
2014.03.04 03:45:03.937,1.52345,1.5237,1.15,2.33
2014.03.04 03:45:05.272,1.52345,1.5237,1.15,2.33
2014.03.04 03:45:07.425,1.52346,1.52368,1.15,1.00
2014.03.04 03:45:09.158,1.52346,1.52368,1.15,1.10
2014.03.04 03:45:15.328,1.52345,1.52369,1.08,2.22
2014.03.04 03:45:15.379,1.52345,1.52368,1.00,1.34
2014.03.04 03:45:15.834,1.52345,1.52368,1.18,1.00
2014.03.04 03:45:16.037,1.52345,1.52369,1.15,1.00
2014.03.04 03:45:17.065,1.52345,1.5237,1.15,1.00
2014.03.04 03:45:17.621,1.52345,1.52374,1.15,1.84
2014.03.04 03:45:20.320,1.52346,1.52374,1.35,1.09
2014.03.04 03:45:20.635,1.52348,1.5237,1.00,1.72
2014.03.04 03:45:20.797,1.52345,1.52369,1.00,1.39
2014.03.04 03:45:21.583,1.52342,1.52369,1.18,1.39
2014.03.04 03:45:21.739,1.52341,1.52368,1.18,1.77
2014.03.04 03:45:23.158,1.52341,1.52368,1.15,1.09
2014.03.04 03:45:23.840,1.52341,1.52367,1.08,1.09
2014.03.04 03:45:24.155,1.52344,1.52371,1.08,1.20
2014.03.04 03:45:24.458,1.52348,1.5237,1.00,1.10
2014.03.04 03:45:25.000,1.52345,1.52372,2.03,1.33
2014.03.04 03:45:25.051,1.52345,1.52373,3.30,1.37
2014.03.04 03:45:25.368,1.52351,1.52373,1.15,1.19
2014.03.04 03:45:25.891,1.52351,1.52373,1.15,1.00
2014.03.04 03:45:26.687,1.52351,1.52372,1.28,1.00
2014.03.04 03:45:27.191,1.52353,1.52372,1.18,1.00
2014.03.04 03:45:27.241,1.52358,1.52384,1.15,1.74
2014.03.04 03:45:27.459,1.52362,1.52385,1.08,1.64
2014.03.04 03:45:27.762,1.52362,1.52386,1.15,1.02
2014.03.04 03:45:27.864,1.52362,1.52388,1.15,1.55
2014.03.04 03:45:28.117,1.52366,1.52388,1.15,1.94
2014.03.04 03:45:28.370,1.52363,1.52386,1.18,1.02
2014.03.04 03:45:29.632,1.52363,1.52378,1.08,1.57
2014.03.04 03:45:29.683,1.52359,1.52378,1.60,1.57
2014.03.04 03:45:30.202,1.52359,1.52378,1.08,1.57
2014.03.04 03:45:32.921,1.52357,1.52378,1.15,1.57
2014.03.04 03:45:34.821,1.52357,1.52378,1.10,1.67
2014.03.04 03:45:35.240,1.52357,1.52376,1.15,1.19
2014.03.04 03:45:36.309,1.52359,1.52376,1.18,1.19
2014.03.04 03:45:36.360,1.52359,1.52385,1.15,1.72
2014.03.04 03:45:36.461,1.52359,1.52386,2.70,1.02
2014.03.04 03:45:36.801,1.52364,1.52387,1.18,2.04
2014.03.04 03:45:37.933,1.52364,1.52387,1.18,1.94
2014.03.04 03:45:42.237,1.52368,1.52387,1.15,1.94
2014.03.04 03:45:42.864,1.52368,1.52387,1.00,1.57
2014.03.04 03:45:52.648,1.52363,1.52389,1.53,1.64
2014.03.04 03:45:52.699,1.52363,1.52389,1.53,1.72
2014.03.04 03:45:54.297,1.52363,1.52386,1.53,1.82
2014.03.04 03:45:54.449,1.52359,1.52377,1.60,1.32
2014.03.04 03:45:54.652,1.52359,1.52388,1.15,2.82
2014.03.04 03:45:54.703,1.52359,1.52388,1.15,2.14
2014.03.04 03:45:55.215,1.52362,1.52388,1.15,1.74
2014.03.04 03:46:00.098,1.52362,1.52378,1.15,1.00
2014.03.04 03:46:00.402,1.52358,1.52378,1.18,1.57
2014.03.04 03:46:01.441,1.52355,1.52378,1.15,1.57
2014.03.04 03:46:01.949,1.52355,1.52378,1.08,1.64
2014.03.04 03:46:10.943,1.52355,1.52378,1.20,1.57
2014.03.04 03:46:13.954,1.52355,1.5238,1.88,1.47
2014.03.04 03:46:14.106,1.52359,1.5238,1.00,1.32
2014.03.04 03:46:14.410,1.52359,1.52382,1.15,1.69
2014.03.04 03:46:15.288,1.5236,1.52382,1.15,1.69
2014.03.04 03:46:15.490,1.52364,1.52382,1.00,1.13
2014.03.04 03:46:15.541,1.52364,1.52385,1.45,1.08
2014.03.04 03:46:16.111,1.52366,1.52385,1.15,1.00
2014.03.04 03:46:17.946,1.52366,1.52384,1.15,1.00
2014.03.04 03:46:23.140,1.52366,1.52384,1.15,1.00
2014.03.04 03:46:23.894,1.52369,1.52393,1.15,1.53
2014.03.04 03:46:23.995,1.52371,1.52397,1.08,1.32
2014.03.04 03:46:24.299,1.52376,1.52398,1.35,1.84
2014.03.04 03:46:25.797,1.52376,1.52391,1.00,1.19
2014.03.04 03:46:25.899,1.52374,1.52396,1.00,1.72
2014.03.04 03:46:26.001,1.52371,1.52396,1.80,1.72
2014.03.04 03:46:26.102,1.52375,1.52396,1.00,1.72
2014.03.04 03:46:28.681,1.52377,1.52398,1.20,1.55
2014.03.04 03:46:28.999,1.5238,1.52398,1.00,1.48
2014.03.04 03:46:31.803,1.5238,1.52396,1.00,1.00
2014.03.04 03:46:31.904,1.52378,1.52396,1.10,1.00
2014.03.04 03:46:32.427,1.52378,1.52396,1.00,1.18
2014.03.04 03:46:34.300,1.52378,1.52396,1.10,1.00
2014.03.04 03:46:34.416,1.52378,1.52398,1.10,1.00
2014.03.04 03:46:38.167,1.52378,1.52395,1.10,1.00
2014.03.04 03:46:38.319,1.52373,1.52392,1.55,1.00
2014.03.04 03:46:38.471,1.52373,1.52392,1.38,1.08
2014.03.04 03:46:38.673,1.5237,1.52392,1.58,1.20
2014.03.04 03:46:41.405,1.5237,1.52389,1.58,1.00
2014.03.04 03:46:45.120,1.5237,1.52391,1.38,1.00
2014.03.04 03:46:47.415,1.5237,1.52391,1.00,1.00
2014.03.04 03:46:50.158,1.5237,1.52389,1.00,1.00
2014.03.04 03:46:50.958,1.52373,1.52389,1.00,1.00
2014.03.04 03:46:52.490,1.52373,1.52387,1.00,1.00
2014.03.04 03:46:52.748,1.52371,1.52387,1.00,1.00
2014.03.04 03:46:53.044,1.52371,1.52389,1.10,1.00
2014.03.04 03:46:53.578,1.52371,1.52389,1.18,1.00
2014.03.04 03:46:55.000,1.52371,1.52389,1.18,1.38
2014.03.04 03:46:55.102,1.52367,1.52389,1.00,1.65
2014.03.04 03:46:55.893,1.52371,1.52389,1.00,1.65
2014.03.04 03:46:56.095,1.52371,1.52389,1.00,1.00
2014.03.04 03:46:56.146,1.52373,1.5239,1.10,1.00
2014.03.04 03:46:56.248,1.52373,1.52393,1.10,1.38
2014.03.04 03:47:01.847,1.52368,1.52386,2.18,1.00
2014.03.04 03:47:01.898,1.52368,1.52386,1.68,1.00
2014.03.04 03:47:01.949,1.52366,1.52386,1.80,1.00
2014.03.04 03:47:02.050,1.52366,1.52386,1.00,1.00
2014.03.04 03:47:02.555,1.52366,1.52386,1.08,1.00
2014.03.04 03:47:03.011,1.52366,1.52385,1.00,1.15
2014.03.04 03:47:03.061,1.52363,1.52382,1.38,1.10
2014.03.04 03:47:03.365,1.52363,1.52384,1.38,1.00
2014.03.04 03:47:05.130,1.52363,1.52384,1.00,1.38
2014.03.04 03:47:05.584,1.52361,1.52384,1.00,1.65
2014.03.04 03:47:06.492,1.52357,1.52383,1.10,1.58
2014.03.04 03:47:08.436,1.52353,1.52381,1.53,1.72
2014.03.04 03:47:08.487,1.52353,1.52378,1.55,1.37
2014.03.04 03:47:08.588,1.52353,1.52378,1.55,1.34
2014.03.04 03:47:09.521,1.52353,1.52379,1.55,1.34
2014.03.04 03:47:10.066,1.52353,1.52379,1.53,1.34
2014.03.04 03:47:12.292,1.52353,1.52379,1.48,1.15
2014.03.04 03:47:16.096,1.52353,1.52379,1.48,1.34
2014.03.04 03:47:16.147,1.52353,1.5237,1.48,1.00
2014.03.04 03:47:16.302,1.52349,1.5237,1.13,1.18
2014.03.04 03:47:16.403,1.52347,1.52375,1.05,2.70
2014.03.04 03:47:16.909,1.5235,1.52375,1.00,2.25
2014.03.04 03:47:17.213,1.52353,1.52376,1.20,1.95
2014.03.04 03:47:18.898,1.52353,1.52376,1.20,1.20
2014.03.04 03:47:22.476,1.52353,1.52376,1.10,1.18
2014.03.04 03:47:22.526,1.52353,1.52376,1.10,1.15
2014.03.04 03:47:22.628,1.52353,1.52376,1.10,1.10
2014.03.04 03:47:27.345,1.52353,1.52376,1.18,1.10
2014.03.04 03:47:27.498,1.52356,1.52382,1.28,1.28
2014.03.04 03:47:27.599,1.52359,1.52385,1.53,1.65
2014.03.04 03:47:27.902,1.52368,1.52394,1.15,1.53
2014.03.04 03:47:28.206,1.52372,1.52397,1.18,2.40
2014.03.04 03:47:28.560,1.52372,1.52387,1.08,1.00
2014.03.04 03:47:28.864,1.52353,1.52376,2.18,1.10
2014.03.04 03:47:29.016,1.5236,1.52381,1.10,1.38
2014.03.04 03:47:29.218,1.5236,1.52382,1.15,1.75
2014.03.04 03:47:29.751,1.52364,1.52382,1.00,1.75
2014.03.04 03:47:32.183,1.52364,1.52389,1.08,1.53
2014.03.04 03:47:32.284,1.52365,1.5239,1.08,1.53
2014.03.04 03:47:32.588,1.52371,1.52395,1.10,1.90
2014.03.04 03:47:35.170,1.52371,1.52391,1.18,1.38
2014.03.04 03:47:40.621,1.52371,1.52393,1.58,1.38
2014.03.04 03:47:40.773,1.52372,1.52394,1.13,1.63
2014.03.04 03:47:41.340,1.52374,1.52394,1.00,1.63
2014.03.04 03:47:42.382,1.52374,1.52387,1.00,1.00
2014.03.04 03:47:42.484,1.52371,1.52386,1.08,3.75
2014.03.04 03:47:42.637,1.5236,1.52382,1.45,2.03
2014.03.04 03:47:42.789,1.52359,1.52384,1.09,2.40
2014.03.04 03:47:42.890,1.52357,1.5237,1.00,1.00
2014.03.04 03:47:43.194,1.52358,1.5237,1.15,1.00
2014.03.04 03:47:43.447,1.52361,1.52385,1.08,2.78
2014.03.04 03:47:51.345,1.52361,1.52374,1.08,1.00
2014.03.04 03:47:51.497,1.52355,1.52374,1.10,1.00
2014.03.04 03:47:51.751,1.52355,1.52381,1.75,1.58
2014.03.04 03:47:52.192,1.52359,1.52381,1.10,1.58
2014.03.04 03:47:57.502,1.52359,1.52381,1.10,1.20
2014.03.04 03:48:04.019,1.52359,1.52381,1.15,1.50
2014.03.04 03:48:05.415,1.52359,1.52381,1.15,1.50
2014.03.04 03:48:05.718,1.52366,1.52382,1.00,1.13
2014.03.04 03:48:06.235,1.52366,1.52382,1.08,1.13
2014.03.04 03:48:15.943,1.52366,1.52382,1.10,1.13
2014.03.04 03:48:17.038,1.52365,1.52382,1.00,1.00
2014.03.04 03:48:17.240,1.5236,1.52382,1.00,2.25
2014.03.04 03:48:17.495,1.52359,1.52377,1.00,1.13
2014.03.04 03:48:18.029,1.52355,1.52378,1.38,1.28
2014.03.04 03:48:18.584,1.52356,1.52377,1.55,1.20
2014.03.04 03:48:19.669,1.52356,1.52377,1.18,2.33
2014.03.04 03:48:19.770,1.52354,1.52377,1.58,1.45
2014.03.04 03:48:22.754,1.52356,1.52377,1.00,1.45
2014.03.04 03:48:23.226,1.52356,1.52377,1.18,1.38
2014.03.04 03:48:23.479,1.52361,1.52386,1.65,1.50
2014.03.04 03:48:23.581,1.52361,1.52378,1.53,1.00
2014.03.04 03:48:23.733,1.52359,1.52378,1.58,1.00
2014.03.04 03:48:24.264,1.52359,1.52378,1.00,1.00
2014.03.04 03:48:25.643,1.52359,1.52377,1.00,1.00
2014.03.04 03:48:25.846,1.52353,1.52377,1.00,1.15
2014.03.04 03:48:25.896,1.52353,1.52371,1.00,1.00
2014.03.04 03:48:26.049,1.5235,1.5237,1.08,1.13
2014.03.04 03:48:26.563,1.5235,1.5237,1.00,1.00
2014.03.04 03:48:26.614,1.52353,1.5237,1.00,1.00
2014.03.04 03:48:26.766,1.52353,1.52374,1.15,1.88
2014.03.04 03:48:27.274,1.52356,1.52374,1.00,1.13
2014.03.04 03:48:33.513,1.52356,1.52375,1.20,1.00
2014.03.04 03:48:56.152,1.52356,1.52375,1.15,1.00
2014.03.04 03:48:56.203,1.52356,1.52378,1.15,1.00
2014.03.04 03:48:56.253,1.52356,1.52378,1.58,1.00
2014.03.04 03:48:56.487,1.52362,1.52388,1.50,2.07
2014.03.04 03:48:56.994,1.52368,1.52386,1.00,1.38
2014.03.04 03:49:02.710,1.52368,1.52386,1.00,1.00
2014.03.04 03:49:06.477,1.52368,1.52386,1.18,1.00
2014.03.04 03:49:07.150,1.52368,1.52386,1.00,1.00
2014.03.04 03:49:09.887,1.52368,1.52386,1.18,1.00
2014.03.04 03:49:13.306,1.52368,1.52386,1.15,1.00
2014.03.04 03:49:13.509,1.52368,1.52391,1.15,1.13
2014.03.04 03:49:14.170,1.52368,1.52392,1.15,1.10
2014.03.04 03:49:17.886,1.5237,1.52391,1.08,1.00
2014.03.04 03:49:20.970,1.5237,1.52392,1.08,1.58
2014.03.04 03:49:23.426,1.5237,1.5239,1.08,1.00
2014.03.04 03:49:23.586,1.52368,1.5239,1.00,1.18
2014.03.04 03:49:34.475,1.52368,1.52391,1.08,1.18
2014.03.04 03:49:38.203,1.52368,1.52389,1.08,1.18
2014.03.04 03:49:38.929,1.52368,1.52389,1.00,1.00
2014.03.04 03:49:41.214,1.52368,1.52391,1.00,2.03
2014.03.04 03:49:41.416,1.52368,1.52391,1.18,1.00
2014.03.04 03:49:42.163,1.52368,1.52391,1.58,1.00
2014.03.04 03:49:42.890,1.52372,1.52392,1.18,1.13
2014.03.04 03:49:43.423,1.52372,1.52392,1.15,1.13
2014.03.04 03:49:44.291,1.52372,1.52392,1.58,1.13
2014.03.04 03:49:48.139,1.52372,1.52392,1.15,1.13
2014.03.04 03:49:48.241,1.52372,1.52392,1.15,1.13
2014.03.04 03:49:48.342,1.52372,1.52392,1.15,1.69
2014.03.04 03:49:48.595,1.5237,1.52391,1.18,1.19
2014.03.04 03:49:53.552,1.5237,1.52391,1.10,2.22
2014.03.04 03:49:55.733,1.52367,1.52391,1.15,1.74
2014.03.04 03:49:55.900,1.52367,1.5239,1.10,1.67
2014.03.04 03:49:57.530,1.52367,1.5239,1.10,1.67
2014.03.04 03:50:00.123,1.52367,1.5239,1.10,2.52
2014.03.04 03:50:02.083,1.52367,1.52389,1.10,1.57
2014.03.04 03:50:04.140,1.52364,1.52389,1.15,1.64
2014.03.04 03:50:04.689,1.52364,1.52389,1.10,1.72
2014.03.04 03:50:06.206,1.52362,1.52384,1.20,1.00
2014.03.04 03:50:06.459,1.52359,1.52384,1.28,1.18
2014.03.04 03:50:06.510,1.52359,1.52384,1.28,1.18
2014.03.04 03:50:07.443,1.52359,1.52385,1.28,1.74
2014.03.04 03:50:08.264,1.52359,1.52385,1.28,1.72
2014.03.04 03:50:08.517,1.52359,1.52382,1.00,1.09
2014.03.04 03:50:08.618,1.52356,1.52381,1.15,1.47
2014.03.04 03:50:09.583,1.52356,1.52381,1.15,1.84
2014.03.04 03:50:10.842,1.52356,1.5238,1.15,1.39
2014.03.04 03:50:11.573,1.52356,1.5238,1.34,1.00
2014.03.04 03:50:11.625,1.52365,1.5238,1.00,1.00
2014.03.04 03:50:11.726,1.52365,1.52388,1.00,1.20
2014.03.04 03:50:11.827,1.52365,1.52391,1.08,1.58
2014.03.04 03:50:11.929,1.52368,1.52391,1.00,1.20
2014.03.04 03:50:12.496,1.52368,1.52393,1.10,1.72
2014.03.04 03:50:16.528,1.52368,1.52392,1.18,1.02
2014.03.04 03:50:19.743,1.52368,1.52393,1.10,1.72
2014.03.04 03:50:20.906,1.52368,1.52393,1.10,1.78
2014.03.04 03:50:22.094,1.52368,1.52393,1.18,1.78
2014.03.04 03:50:22.195,1.52368,1.52393,1.15,1.70
2014.03.04 03:50:22.499,1.52371,1.52398,1.20,2.33
2014.03.04 03:50:22.550,1.52372,1.52398,1.20,1.88
2014.03.04 03:50:22.601,1.52374,1.52394,1.15,1.00
2014.03.04 03:50:22.803,1.52373,1.52394,1.10,1.47
2014.03.04 03:50:24.604,1.52373,1.52397,1.10,1.65
2014.03.04 03:50:24.705,1.52373,1.52398,1.18,1.45
2014.03.04 03:50:25.010,1.52369,1.52395,1.63,1.47
2014.03.04 03:50:25.313,1.52366,1.52393,1.90,1.30
2014.03.04 03:50:27.070,1.52369,1.52393,1.00,1.30
2014.03.04 03:50:30.816,1.52369,1.52391,1.10,1.15
2014.03.04 03:50:34.150,1.52369,1.52391,1.00,1.28
2014.03.04 03:50:36.468,1.52369,1.52392,1.00,1.47
2014.03.04 03:50:37.020,1.52369,1.52392,1.00,1.47
2014.03.04 03:50:37.618,1.52369,1.52392,1.18,1.28
2014.03.04 03:50:39.005,1.52369,1.52392,1.10,1.28
2014.03.04 03:50:49.746,1.52369,1.52392,1.10,1.39
2014.03.04 03:51:08.038,1.52369,1.52391,1.10,1.00
2014.03.04 03:51:09.867,1.52372,1.52391,1.00,1.00
2014.03.04 03:51:11.178,1.52372,1.52397,1.08,1.02
2014.03.04 03:51:14.677,1.52376,1.52401,1.18,1.18
2014.03.04 03:51:15.314,1.52376,1.52404,1.15,2.22
2014.03.04 03:51:22.896,1.52377,1.52406,1.58,3.64
2014.03.04 03:51:23.566,1.52379,1.52406,1.15,2.22
2014.03.04 03:51:32.714,1.52379,1.52405,1.00,1.72
2014.03.04 03:51:33.315,1.52377,1.52405,1.18,1.72
2014.03.04 03:51:33.366,1.52377,1.52405,1.43,1.72
2014.03.04 03:51:34.130,1.5238,1.52405,1.15,1.72
2014.03.04 03:51:45.118,1.5238,1.52406,1.15,1.58
2014.03.04 03:51:45.423,1.52383,1.52408,1.15,1.93
2014.03.04 03:51:45.474,1.52383,1.52408,1.18,1.90
2014.03.04 03:51:45.865,1.52384,1.52411,1.20,1.83
2014.03.04 03:51:45.928,1.52384,1.52414,1.95,1.53
2014.03.04 03:51:46.081,1.52386,1.52409,1.15,1.00
2014.03.04 03:51:46.637,1.52386,1.52412,1.18,1.15
2014.03.04 03:51:47.055,1.52389,1.52412,1.18,1.08
2014.03.04 03:51:49.253,1.52389,1.52417,1.15,1.53
2014.03.04 03:51:52.823,1.52389,1.52402,1.15,1.00
2014.03.04 03:51:52.976,1.52386,1.52402,1.10,1.00
2014.03.04 03:51:53.078,1.52382,1.52402,1.55,1.00
2014.03.04 03:51:53.230,1.52383,1.52411,1.20,1.95
2014.03.04 03:51:53.281,1.52383,1.52411,1.88,1.15
2014.03.04 03:51:53.484,1.52385,1.52411,2.25,1.00
2014.03.04 03:51:53.585,1.52385,1.52416,2.25,1.53
2014.03.04 03:51:55.733,1.5239,1.52418,1.18,1.20
2014.03.04 03:51:56.268,1.5239,1.52419,1.15,1.90
2014.03.04 03:51:56.319,1.5239,1.52408,1.15,1.00
2014.03.04 03:51:56.534,1.5239,1.52408,1.20,1.00
2014.03.04 03:51:56.982,1.5239,1.5241,1.20,1.00
2014.03.04 03:52:01.388,1.5239,1.52402,1.20,1.00
2014.03.04 03:52:01.439,1.52385,1.52402,1.53,1.00
2014.03.04 03:52:01.490,1.52385,1.52402,1.00,1.00
2014.03.04 03:52:01.743,1.52383,1.52402,1.10,1.00
2014.03.04 03:52:01.845,1.52383,1.52409,1.10,2.33
2014.03.04 03:52:01.946,1.52383,1.52409,1.18,2.25
2014.03.04 03:52:02.300,1.52384,1.52409,2.25,1.38
2014.03.04 03:52:02.833,1.52384,1.52406,1.15,1.38
2014.03.04 03:52:05.809,1.52384,1.52408,1.15,1.38
2014.03.04 03:52:09.393,1.52387,1.52407,1.55,1.38
2014.03.04 03:52:09.900,1.5239,1.52413,1.28,2.40
2014.03.04 03:52:12.170,1.52388,1.52411,1.08,1.45
2014.03.04 03:52:12.642,1.52388,1.52411,1.20,1.20
2014.03.04 03:52:12.844,1.52388,1.52406,1.20,1.00
2014.03.04 03:52:14.209,1.52388,1.52409,1.20,1.00
2014.03.04 03:52:14.823,1.52388,1.52416,1.20,2.63
2014.03.04 03:52:15.370,1.52388,1.52416,1.18,1.20
2014.03.04 03:52:15.422,1.52388,1.52417,1.15,1.53
2014.03.04 03:52:17.937,1.5239,1.52418,1.18,1.20
2014.03.04 03:52:22.134,1.5239,1.52418,1.18,1.20
2014.03.04 03:52:22.236,1.52389,1.52411,1.00,1.50
2014.03.04 03:52:22.286,1.52385,1.52409,2.10,1.15
2014.03.04 03:52:22.337,1.52385,1.52408,1.73,2.25
2014.03.04 03:52:23.561,1.5238,1.52408,1.20,3.00
2014.03.04 03:52:28.380,1.5238,1.52408,1.95,1.58
2014.03.04 03:52:28.684,1.52385,1.52408,1.20,1.38
2014.03.04 03:52:28.937,1.52386,1.52408,1.08,1.48
2014.03.04 03:52:28.988,1.52386,1.52408,1.00,1.48
2014.03.04 03:52:29.190,1.52384,1.52411,1.20,2.33
2014.03.04 03:52:32.331,1.52382,1.52408,1.15,1.90
2014.03.04 03:52:32.856,1.52382,1.52406,1.00,1.53
2014.03.04 03:52:34.069,1.52382,1.52405,1.00,1.53
2014.03.04 03:52:35.169,1.52382,1.52405,1.00,1.53
2014.03.04 03:52:35.862,1.52385,1.52409,1.15,1.45
2014.03.04 03:52:36.930,1.52385,1.52409,1.10,1.53
2014.03.04 03:52:38.527,1.52385,1.52408,1.10,1.15
2014.03.04 03:52:42.714,1.52381,1.52411,1.65,1.20
2014.03.04 03:52:42.816,1.52381,1.52411,1.55,1.88
2014.03.04 03:52:43.120,1.52378,1.52404,1.88,1.18
2014.03.04 03:52:43.459,1.52378,1.52404,1.38,2.25
2014.03.04 03:52:47.558,1.52377,1.52402,1.00,1.20
2014.03.04 03:52:47.659,1.52374,1.52402,1.10,1.20
2014.03.04 03:52:52.415,1.52374,1.524,1.10,1.20
2014.03.04 03:52:58.834,1.52374,1.524,1.08,1.20
2014.03.04 03:52:59.389,1.52374,1.52401,1.08,1.20
2014.03.04 03:53:04.457,1.52374,1.52404,1.58,1.20
2014.03.04 03:53:10.717,1.52378,1.52406,1.18,1.58
2014.03.04 03:53:12.751,1.52379,1.52405,1.15,1.53
2014.03.04 03:53:18.639,1.52379,1.52405,1.15,1.28
2014.03.04 03:53:22.669,1.52379,1.52407,1.15,1.20
2014.03.04 03:53:22.997,1.52379,1.52408,1.18,2.25
2014.03.04 03:53:28.659,1.52374,1.52399,1.65,1.15
2014.03.04 03:53:28.912,1.52372,1.52399,1.50,2.63
2014.03.04 03:53:28.963,1.52372,1.52397,1.00,1.58
2014.03.04 03:53:32.635,1.52372,1.52397,1.08,1.13
2014.03.04 03:53:32.686,1.52374,1.52398,1.18,1.45
2014.03.04 03:53:32.788,1.52374,1.52399,1.00,1.53
2014.03.04 03:53:32.889,1.52374,1.52398,1.15,1.45
2014.03.04 03:53:32.991,1.52374,1.52399,1.00,1.53
2014.03.04 03:53:33.244,1.52371,1.52398,1.15,1.53
2014.03.04 03:53:33.295,1.52371,1.52397,1.08,1.20
2014.03.04 03:53:33.599,1.52365,1.52393,1.13,1.20
2014.03.04 03:53:38.350,1.52364,1.52377,1.53,1.00
2014.03.04 03:53:38.505,1.5236,1.52377,1.50,1.00
2014.03.04 03:53:38.605,1.52356,1.52385,1.50,2.03
2014.03.04 03:53:38.886,1.52358,1.52388,1.18,1.50
2014.03.04 03:53:39.403,1.52358,1.52388,1.15,1.50
2014.03.04 03:53:40.620,1.52358,1.52389,1.15,1.20
2014.03.04 03:53:40.672,1.52358,1.52389,1.58,1.20
2014.03.04 03:53:45.031,1.52358,1.52389,1.58,1.88
2014.03.04 03:53:45.082,1.52358,1.52388,1.15,1.50
2014.03.04 03:53:45.133,1.52358,1.52383,1.15,1.09
2014.03.04 03:53:45.335,1.52355,1.52382,1.18,2.59
2014.03.04 03:53:45.487,1.52355,1.52382,1.15,1.65
2014.03.04 03:53:45.993,1.52355,1.52385,1.58,2.33
2014.03.04 03:53:47.750,1.52357,1.52385,1.77,1.65
2014.03.04 03:53:47.801,1.52357,1.52385,1.77,1.65
2014.03.04 03:53:49.928,1.52358,1.52387,1.58,1.15
2014.03.04 03:53:52.329,1.52359,1.52378,1.48,1.00
2014.03.04 03:53:52.536,1.52356,1.52378,1.20,1.10
2014.03.04 03:53:52.981,1.52358,1.52385,1.65,1.08
2014.03.04 03:53:53.184,1.52362,1.52391,1.15,1.65
2014.03.04 03:53:53.732,1.52362,1.52391,1.15,2.40
2014.03.04 03:53:54.183,1.52362,1.52391,2.78,1.65
2014.03.04 03:54:05.989,1.52365,1.52391,1.10,1.65
2014.03.04 03:54:07.211,1.52362,1.52391,1.55,1.95
2014.03.04 03:54:11.127,1.52362,1.52388,1.00,1.20
2014.03.04 03:54:11.380,1.5236,1.52388,1.20,1.20
2014.03.04 03:54:13.061,1.5236,1.52386,1.20,1.20
2014.03.04 03:54:13.680,1.5236,1.52387,1.28,1.20
2014.03.04 03:54:14.265,1.5236,1.52388,1.55,1.88
2014.03.04 03:54:17.824,1.5236,1.52388,1.28,1.50
2014.03.04 03:54:20.646,1.5236,1.52389,1.28,1.50
2014.03.04 03:54:20.848,1.52362,1.5239,1.18,1.95
2014.03.04 03:54:33.471,1.52363,1.52389,1.58,1.08
2014.03.04 03:54:33.522,1.52365,1.52389,1.58,1.00
2014.03.04 03:54:33.625,1.52365,1.52389,3.00,1.00
2014.03.04 03:54:35.245,1.52367,1.5239,1.58,1.00
2014.03.04 03:54:35.548,1.52371,1.5239,1.15,1.00
2014.03.04 03:54:43.217,1.52371,1.52396,1.15,1.10
2014.03.04 03:54:43.520,1.52371,1.52394,2.40,1.10
2014.03.04 03:54:43.672,1.52371,1.52394,1.35,1.18
2014.03.04 03:54:45.841,1.52368,1.52393,2.48,1.00
2014.03.04 03:54:49.500,1.52368,1.52393,1.95,1.08
2014.03.04 03:54:49.550,1.52368,1.52393,1.28,1.18
2014.03.04 03:54:49.847,1.52368,1.52392,1.28,1.20
2014.03.04 03:54:50.152,1.52366,1.52386,1.55,1.00
2014.03.04 03:54:50.687,1.52366,1.52385,1.18,1.00
2014.03.04 03:54:56.798,1.52366,1.52386,1.18,1.00
2014.03.04 03:55:01.748,1.52366,1.52387,1.18,1.00
2014.03.04 03:55:07.444,1.52366,1.52387,1.20,1.10
2014.03.04 03:55:27.449,1.52363,1.52388,1.28,1.08
2014.03.04 03:55:27.600,1.52367,1.52388,1.15,1.00
2014.03.04 03:55:27.651,1.52367,1.52392,1.15,1.18
2014.03.04 03:55:28.158,1.52367,1.52392,1.15,1.58
2014.03.04 03:55:28.974,1.52367,1.52389,1.15,1.00
2014.03.04 03:55:29.126,1.52367,1.52389,1.00,1.20
2014.03.04 03:55:29.648,1.52367,1.52387,1.00,1.00
2014.03.04 03:55:38.287,1.52367,1.52386,1.00,1.00
2014.03.04 03:55:41.697,1.52367,1.52388,1.00,1.00
2014.03.04 03:55:42.055,1.52368,1.52392,1.28,1.70
2014.03.04 03:55:42.358,1.52372,1.52393,1.15,1.88
2014.03.04 03:55:51.199,1.52372,1.52393,1.15,1.38
2014.03.04 03:55:51.749,1.52377,1.52393,1.00,1.38
2014.03.04 03:55:52.567,1.52375,1.52392,1.08,1.38
2014.03.04 03:55:52.820,1.52375,1.52396,1.80,1.00
2014.03.04 03:55:55.311,1.5238,1.52396,1.00,1.00
2014.03.04 03:55:56.728,1.52378,1.52396,1.10,1.00
2014.03.04 03:55:57.417,1.52378,1.52396,1.18,1.00
2014.03.04 03:55:58.464,1.52378,1.52394,1.18,1.00
2014.03.04 03:56:02.269,1.52378,1.52394,1.18,1.38
2014.03.04 03:56:02.421,1.5237,1.52387,1.70,1.00
2014.03.04 03:56:02.573,1.52367,1.52387,1.70,1.57
2014.03.04 03:56:02.877,1.52364,1.5238,1.20,1.00
2014.03.04 03:56:04.170,1.52364,1.52389,1.20,1.65
2014.03.04 03:56:04.283,1.52367,1.52391,1.08,1.55
2014.03.04 03:56:04.337,1.52367,1.52391,1.15,1.55
2014.03.04 03:56:04.933,1.52369,1.52391,1.15,1.63
2014.03.04 03:56:05.059,1.52369,1.52391,1.15,1.63
2014.03.04 03:56:06.398,1.52369,1.5239,1.18,1.57
2014.03.04 03:56:10.773,1.52369,1.52392,1.58,1.57
2014.03.04 03:56:12.489,1.52372,1.52394,1.18,1.88
2014.03.04 03:56:15.673,1.52372,1.52394,1.35,1.88
2014.03.04 03:56:17.703,1.52372,1.52394,1.35,1.19
2014.03.04 03:56:18.212,1.52372,1.52392,1.10,1.00
2014.03.04 03:56:30.044,1.52368,1.5239,1.28,1.32
2014.03.04 03:56:30.146,1.52368,1.5239,1.18,1.47
2014.03.04 03:56:32.579,1.52368,1.5239,1.18,1.37
2014.03.04 03:56:37.856,1.52368,1.5239,1.18,1.47
2014.03.04 03:56:43.682,1.52368,1.5239,1.00,1.47
2014.03.04 03:56:49.497,1.52365,1.5239,1.18,1.47
2014.03.04 03:56:51.319,1.52365,1.5239,1.18,1.47
2014.03.04 03:56:53.490,1.52367,1.52393,1.08,1.72
2014.03.04 03:56:54.192,1.52367,1.52393,1.15,1.72
2014.03.04 03:56:54.900,1.52367,1.52394,1.50,1.02
2014.03.04 03:57:06.311,1.52367,1.52393,1.15,1.00
2014.03.04 03:57:06.362,1.52367,1.52391,1.15,1.00
2014.03.04 03:57:11.598,1.52367,1.52393,1.50,1.00
2014.03.04 03:57:14.066,1.52369,1.52394,1.45,1.10
2014.03.04 03:57:14.118,1.52369,1.52394,2.13,1.00
2014.03.04 03:57:14.657,1.52373,1.52396,1.15,1.38
2014.03.04 03:57:24.608,1.52373,1.52395,1.15,1.00
2014.03.04 03:57:43.092,1.52373,1.52395,1.15,1.00
2014.03.04 03:57:43.231,1.52375,1.524,1.20,1.90
2014.03.04 03:57:43.334,1.52375,1.524,1.18,1.93
2014.03.04 03:57:43.988,1.52375,1.52399,1.15,1.48
2014.03.04 03:57:44.653,1.52377,1.52399,1.15,1.38
2014.03.04 03:57:44.959,1.52381,1.52402,1.15,1.38
2014.03.04 03:57:52.831,1.52381,1.52403,1.15,1.00
2014.03.04 03:57:53.339,1.52381,1.52404,1.15,1.10
2014.03.04 03:57:53.748,1.52383,1.52407,1.15,2.25
2014.03.04 03:58:00.608,1.52383,1.52407,1.15,1.38
2014.03.04 03:58:03.289,1.52383,1.52407,1.15,2.03
2014.03.04 03:58:03.593,1.52383,1.52407,1.10,2.59
2014.03.04 03:58:03.915,1.52383,1.52407,1.15,2.03
2014.03.04 03:58:06.200,1.52381,1.52406,1.15,1.18
2014.03.04 03:58:06.706,1.52381,1.52407,2.25,3.19
2014.03.04 03:58:08.607,1.52384,1.52407,1.15,1.69
2014.03.04 03:58:25.846,1.52384,1.52407,1.15,1.20
2014.03.04 03:58:26.075,1.52384,1.52407,1.15,1.77
2014.03.04 03:58:26.277,1.52381,1.524,1.10,1.10
2014.03.04 03:58:26.381,1.52375,1.524,1.98,1.18
2014.03.04 03:58:26.483,1.52375,1.524,1.08,1.15
2014.03.04 03:58:32.837,1.52375,1.52393,1.08,1.00
2014.03.04 03:58:32.989,1.52372,1.52393,1.53,1.00
2014.03.04 03:58:33.141,1.52372,1.52395,1.53,1.02
2014.03.04 03:58:33.242,1.52369,1.52395,1.55,1.40
2014.03.04 03:58:41.011,1.52368,1.52394,1.28,1.19
2014.03.04 03:58:41.410,1.52367,1.52392,1.38,1.50
2014.03.04 03:58:41.511,1.52367,1.52393,1.53,1.40
2014.03.04 03:58:41.613,1.52363,1.52389,1.43,1.39
2014.03.04 03:58:41.918,1.52362,1.52385,1.48,1.40
2014.03.04 03:58:42.257,1.52359,1.52384,1.20,1.28
2014.03.04 03:58:42.735,1.52359,1.52382,1.00,1.15
2014.03.04 03:59:02.943,1.52357,1.52382,1.48,1.34
2014.03.04 03:59:05.973,1.52357,1.52382,1.45,1.40
2014.03.04 03:59:06.296,1.52357,1.52378,1.55,1.57
2014.03.04 03:59:13.314,1.52357,1.52378,1.13,1.67
2014.03.04 03:59:14.304,1.52357,1.5238,1.20,1.72
2014.03.04 03:59:26.570,1.52357,1.5238,1.28,1.74
2014.03.04 03:59:27.125,1.52357,1.52378,1.13,1.77
2014.03.04 03:59:42.986,1.52354,1.52376,1.80,1.57
2014.03.04 03:59:43.494,1.52351,1.52369,1.38,1.32
2014.03.04 03:59:43.582,1.52351,1.52369,1.00,1.32
2014.03.04 03:59:43.633,1.52349,1.52369,1.50,1.32
2014.03.04 03:59:44.161,1.52349,1.52367,1.00,1.00
2014.03.04 03:59:44.776,1.52349,1.52367,1.00,1.57
2014.03.04 03:59:46.938,1.52349,1.52367,1.00,1.19
2014.03.04 03:59:49.199,1.52349,1.52367,1.00,1.57
2014.03.04 03:59:49.350,1.52342,1.52366,1.53,1.67
