2011.11.10 10:00:00.112,1.39009,1.39035,1.73,1.50
2011.11.10 10:00:00.242,1.39012,1.39043,1.73,2.25
2011.11.10 10:00:00.729,1.39012,1.39042,1.73,1.50
2011.11.10 10:00:00.857,1.39012,1.3904,1.73,1.50
2011.11.10 10:00:01.106,1.39012,1.39039,1.73,1.50
2011.11.10 10:00:01.559,1.39013,1.39039,1.50,1.50
2011.11.10 10:00:02.042,1.39013,1.39044,2.25,2.25
2011.11.10 10:00:02.334,1.39019,1.39046,1.13,1.50
2011.11.10 10:00:02.462,1.39027,1.39052,1.50,1.50
2011.11.10 10:00:02.705,1.3903,1.39061,1.73,1.50
2011.11.10 10:00:02.828,1.39025,1.39054,1.73,1.50
2011.11.10 10:00:03.195,1.39032,1.3906,1.50,1.50
2011.11.10 10:00:03.677,1.39035,1.39065,1.73,1.50
2011.11.10 10:00:04.261,1.39041,1.39071,1.73,1.50
2011.11.10 10:00:04.394,1.3904,1.39071,2.48,1.50
2011.11.10 10:00:04.521,1.39037,1.39065,1.73,1.50
2011.11.10 10:00:04.646,1.39036,1.39065,2.11,1.50
2011.11.10 10:00:04.888,1.39033,1.39061,1.73,2.25
2011.11.10 10:00:05.253,1.39031,1.39059,1.73,1.50
2011.11.10 10:00:05.895,1.39032,1.39059,1.73,1.50
2011.11.10 10:00:06.834,1.3903,1.39059,2.11,1.50
2011.11.10 10:00:07.077,1.39031,1.39059,1.73,1.50
2011.11.10 10:00:07.323,1.39031,1.39059,1.73,1.50
2011.11.10 10:00:07.893,1.39031,1.39059,2.11,1.50
2011.11.10 10:00:08.015,1.39031,1.39061,2.11,1.50
2011.11.10 10:00:10.240,1.39037,1.39067,1.50,2.25
2011.11.10 10:00:10.714,1.39036,1.39067,2.48,1.50
2011.11.10 10:00:11.294,1.39039,1.39065,1.36,1.50
2011.11.10 10:00:11.659,1.39042,1.39065,2.11,1.50
2011.11.10 10:00:12.121,1.39042,1.39065,2.11,1.50
2011.11.10 10:00:12.247,1.39037,1.39066,1.73,1.50
2011.11.10 10:00:12.366,1.39037,1.39066,1.73,1.50
2011.11.10 10:00:12.500,1.39036,1.39066,1.73,1.50
2011.11.10 10:00:12.625,1.3904,1.39066,1.50,1.50
2011.11.10 10:00:12.865,1.39038,1.39069,1.36,1.50
2011.11.10 10:00:13.443,1.39044,1.39074,2.11,1.50
2011.11.10 10:00:13.905,1.39046,1.39074,1.73,1.50
2011.11.10 10:00:14.442,1.3905,1.39077,1.73,1.50
2011.11.10 10:00:14.687,1.39046,1.39073,1.50,1.50
2011.11.10 10:00:14.935,1.39046,1.39076,1.50,1.50
2011.11.10 10:00:15.056,1.39046,1.39073,1.50,1.50
2011.11.10 10:00:15.391,1.39046,1.39076,1.73,1.50
2011.11.10 10:00:15.512,1.39046,1.39073,1.73,1.50
2011.11.10 10:00:15.866,1.39051,1.39078,1.50,1.50
2011.11.10 10:00:16.095,1.39058,1.3908,1.50,2.25
2011.11.10 10:00:16.670,1.39066,1.39092,1.35,1.46
2011.11.10 10:00:16.794,1.39066,1.39088,2.48,1.50
2011.11.10 10:00:16.918,1.39068,1.39098,1.73,1.50
2011.11.10 10:00:17.053,1.39059,1.39085,1.73,2.25
2011.11.10 10:00:17.177,1.39057,1.39085,1.36,2.25
2011.11.10 10:00:17.428,1.39054,1.39079,1.36,1.50
2011.11.10 10:00:17.903,1.39055,1.39083,1.73,1.50
2011.11.10 10:00:18.385,1.39056,1.39086,1.73,1.50
2011.11.10 10:00:18.734,1.39076,1.39094,1.50,1.50
2011.11.10 10:00:18.858,1.39076,1.39101,2.25,1.50
2011.11.10 10:00:18.992,1.39071,1.39096,1.73,1.35
2011.11.10 10:00:19.121,1.3907,1.39093,2.48,1.50
2011.11.10 10:00:19.364,1.39054,1.39085,1.70,1.50
2011.11.10 10:00:20.068,1.39058,1.39085,1.73,1.50
2011.11.10 10:00:20.208,1.39061,1.39084,1.13,1.50
2011.11.10 10:00:20.583,1.39067,1.39096,1.50,1.50
2011.11.10 10:00:20.935,1.39059,1.39086,1.73,2.25
2011.11.10 10:00:21.067,1.39059,1.39082,1.47,1.50
2011.11.10 10:00:21.836,1.3905,1.39076,1.73,1.50
2011.11.10 10:00:21.961,1.39053,1.39083,1.73,2.25
2011.11.10 10:00:22.084,1.39051,1.3908,1.50,1.50
2011.11.10 10:00:22.569,1.39051,1.3908,1.50,2.25
2011.11.10 10:00:22.698,1.39046,1.39077,1.73,1.50
2011.11.10 10:00:22.829,1.3905,1.39079,1.50,2.25
2011.11.10 10:00:23.194,1.39058,1.39083,2.25,1.50
2011.11.10 10:00:23.807,1.3906,1.39085,2.25,1.13
2011.11.10 10:00:24.416,1.39054,1.39082,2.25,1.50
2011.11.10 10:00:24.535,1.39056,1.39085,1.50,1.71
2011.11.10 10:00:24.896,1.39051,1.39081,1.50,1.50
2011.11.10 10:00:25.257,1.39046,1.39076,1.50,2.25
2011.11.10 10:00:25.848,1.39046,1.39076,1.50,3.00
2011.11.10 10:00:26.444,1.39046,1.39075,1.50,1.50
2011.11.10 10:00:26.808,1.39043,1.39069,1.50,1.50
2011.11.10 10:00:26.937,1.39037,1.39066,1.13,2.25
2011.11.10 10:00:27.069,1.39044,1.39071,1.50,1.34
2011.11.10 10:00:27.316,1.39047,1.39076,1.50,2.25
2011.11.10 10:00:28.081,1.3905,1.39082,1.36,2.33
2011.11.10 10:00:28.202,1.39053,1.39086,1.73,2.33
2011.11.10 10:00:28.324,1.39058,1.39088,1.50,1.50
2011.11.10 10:00:28.912,1.39058,1.39089,2.48,1.50
2011.11.10 10:00:29.147,1.39059,1.39091,1.50,1.50
2011.11.10 10:00:29.763,1.39058,1.39088,1.50,1.50
2011.11.10 10:00:30.201,1.39058,1.39086,1.50,1.50
2011.11.10 10:00:30.569,1.39049,1.39077,1.50,1.50
2011.11.10 10:00:30.824,1.39048,1.39067,1.50,4.50
2011.11.10 10:00:30.947,1.3904,1.39064,1.50,1.50
2011.11.10 10:00:31.199,1.39033,1.39062,1.50,1.50
2011.11.10 10:00:31.324,1.39028,1.39062,1.28,1.50
2011.11.10 10:00:31.798,1.39027,1.39053,1.50,4.50
2011.11.10 10:00:32.459,1.39023,1.39053,1.73,4.50
2011.11.10 10:00:32.697,1.39032,1.39061,1.35,1.54
2011.11.10 10:00:32.829,1.39036,1.39062,1.50,1.16
2011.11.10 10:00:32.960,1.39032,1.39063,1.58,1.50
2011.11.10 10:00:33.086,1.39039,1.39071,1.50,1.84
2011.11.10 10:00:33.331,1.3904,1.39072,1.50,2.55
2011.11.10 10:00:33.697,1.39045,1.3907,1.50,1.50
2011.11.10 10:00:33.827,1.39041,1.39068,1.73,1.50
2011.11.10 10:00:34.522,1.39041,1.39068,1.50,1.50
2011.11.10 10:00:34.649,1.3904,1.39068,1.50,1.50
2011.11.10 10:00:35.248,1.3904,1.39071,2.63,2.25
2011.11.10 10:00:35.383,1.39046,1.39078,2.25,1.50
2011.11.10 10:00:35.962,1.39046,1.39078,3.23,1.50
2011.11.10 10:00:36.542,1.39048,1.39078,1.50,1.50
2011.11.10 10:00:37.132,1.39048,1.39071,1.50,1.50
2011.11.10 10:00:37.519,1.39045,1.39072,1.50,1.50
2011.11.10 10:00:37.771,1.39046,1.39075,1.50,2.10
2011.11.10 10:00:37.897,1.39046,1.39071,1.50,4.50
2011.11.10 10:00:38.032,1.39044,1.39071,1.73,4.50
2011.11.10 10:00:38.164,1.3905,1.39074,1.50,1.50
2011.11.10 10:00:39.014,1.39046,1.39073,1.50,1.50
2011.11.10 10:00:39.491,1.39047,1.39075,1.50,1.50
2011.11.10 10:00:39.617,1.39048,1.39075,1.50,1.50
2011.11.10 10:00:39.988,1.39052,1.39079,1.58,1.50
2011.11.10 10:00:40.234,1.39052,1.3908,1.58,1.50
2011.11.10 10:00:40.478,1.39051,1.3908,1.50,1.35
2011.11.10 10:00:40.608,1.39051,1.39076,1.50,4.50
2011.11.10 10:00:41.177,1.39044,1.39071,2.48,1.50
2011.11.10 10:00:42.573,1.39046,1.39074,1.50,1.50
2011.11.10 10:00:42.940,1.3906,1.39081,1.58,1.58
2011.11.10 10:00:43.464,1.3907,1.39095,1.50,5.25
2011.11.10 10:00:43.714,1.39067,1.39092,1.50,1.50
2011.11.10 10:00:43.841,1.39062,1.3909,1.58,1.50
2011.11.10 10:00:44.305,1.39078,1.39088,2.25,1.50
2011.11.10 10:00:45.303,1.39092,1.39106,1.50,1.13
2011.11.10 10:00:45.437,1.39093,1.3912,1.50,1.50
2011.11.10 10:00:45.566,1.39092,1.39118,1.13,1.50
2011.11.10 10:00:45.689,1.39086,1.39119,1.13,1.50
2011.11.10 10:00:45.822,1.39089,1.39115,1.35,1.50
2011.11.10 10:00:46.145,1.39089,1.39115,1.35,1.50
2011.11.10 10:00:47.215,1.3909,1.39118,1.50,1.50
2011.11.10 10:00:47.333,1.39088,1.39118,1.50,1.50
2011.11.10 10:00:47.568,1.39085,1.39113,1.50,2.25
2011.11.10 10:00:47.697,1.39078,1.39108,1.13,1.50
2011.11.10 10:00:47.828,1.39076,1.39105,1.50,1.50
2011.11.10 10:00:48.081,1.3907,1.39102,1.73,1.50
2011.11.10 10:00:48.207,1.3907,1.391,1.73,1.50
2011.11.10 10:00:48.341,1.39073,1.39101,1.73,1.50
2011.11.10 10:00:48.586,1.39076,1.39104,1.73,1.50
2011.11.10 10:00:49.095,1.39079,1.39104,1.36,1.50
2011.11.10 10:00:49.460,1.39079,1.39109,1.13,1.50
2011.11.10 10:00:49.710,1.39075,1.39105,1.36,1.50
2011.11.10 10:00:50.305,1.39076,1.39105,1.88,1.50
2011.11.10 10:00:50.433,1.39095,1.39114,1.73,1.50
2011.11.10 10:00:50.916,1.39098,1.39123,1.73,1.54
2011.11.10 10:00:51.168,1.39097,1.39122,1.13,1.50
2011.11.10 10:00:51.774,1.39096,1.39122,2.10,1.50
2011.11.10 10:00:52.358,1.39092,1.39113,1.73,1.50
2011.11.10 10:00:52.491,1.39095,1.39117,2.10,1.50
2011.11.10 10:00:52.615,1.39095,1.39123,2.10,1.50
2011.11.10 10:00:53.170,1.39097,1.39122,1.35,1.50
2011.11.10 10:00:53.538,1.39102,1.39125,1.13,1.50
2011.11.10 10:00:53.668,1.39102,1.39129,1.13,1.50
2011.11.10 10:00:54.285,1.39099,1.39129,1.13,1.50
2011.11.10 10:00:54.403,1.39099,1.3913,1.13,2.25
2011.11.10 10:00:54.862,1.391,1.39128,1.50,1.50
2011.11.10 10:00:55.106,1.39095,1.39122,2.05,2.25
2011.11.10 10:00:55.646,1.39092,1.39119,1.65,1.50
2011.11.10 10:00:55.772,1.39092,1.39119,2.10,2.25
2011.11.10 10:00:56.604,1.39093,1.39119,1.35,1.50
2011.11.10 10:00:56.955,1.39094,1.39123,1.35,1.50
2011.11.10 10:00:57.185,1.39093,1.39123,1.35,1.50
2011.11.10 10:00:57.937,1.39093,1.39123,1.35,1.50
2011.11.10 10:00:58.895,1.39092,1.39117,1.35,1.50
2011.11.10 10:00:59.471,1.39093,1.39123,2.10,1.50
2011.11.10 10:00:59.872,1.39091,1.39116,1.50,1.50
2011.11.10 10:01:00.349,1.39091,1.39109,1.35,1.50
2011.11.10 10:01:00.488,1.39096,1.39123,1.50,1.50
2011.11.10 10:01:01.052,1.39096,1.39123,1.73,1.50
2011.11.10 10:01:01.414,1.39095,1.39123,1.58,1.50
2011.11.10 10:01:02.517,1.39094,1.39121,2.25,1.50
2011.11.10 10:01:02.897,1.3909,1.3911,1.50,4.50
2011.11.10 10:01:03.153,1.39087,1.3911,1.50,4.50
2011.11.10 10:01:03.280,1.39088,1.3911,1.58,5.25
2011.11.10 10:01:03.409,1.39087,1.39109,1.50,3.75
2011.11.10 10:01:03.537,1.39091,1.39115,1.50,1.50
2011.11.10 10:01:04.042,1.39103,1.39129,1.50,1.54
2011.11.10 10:01:04.175,1.39105,1.39133,1.73,1.50
2011.11.10 10:01:04.297,1.39107,1.39133,3.23,1.50
2011.11.10 10:01:04.672,1.39103,1.39128,1.50,1.50
2011.11.10 10:01:04.802,1.39093,1.39121,1.58,1.50
2011.11.10 10:01:04.923,1.39092,1.39121,1.70,1.50
2011.11.10 10:01:05.164,1.39093,1.39121,1.47,1.50
2011.11.10 10:01:05.792,1.39092,1.39112,1.73,1.50
2011.11.10 10:01:05.926,1.39093,1.39124,3.08,2.25
2011.11.10 10:01:06.164,1.39093,1.39123,1.73,1.58
2011.11.10 10:01:06.769,1.39088,1.39116,1.73,2.25
2011.11.10 10:01:06.898,1.39088,1.39115,1.50,1.50
2011.11.10 10:01:07.034,1.39086,1.39113,2.33,1.50
2011.11.10 10:01:07.276,1.39092,1.39122,2.10,2.25
2011.11.10 10:01:07.882,1.39092,1.39123,1.50,1.50
2011.11.10 10:01:08.744,1.39092,1.39122,1.50,1.50
2011.11.10 10:01:09.209,1.39092,1.39116,1.50,1.50
2011.11.10 10:01:09.338,1.39085,1.39111,1.50,1.50
2011.11.10 10:01:09.468,1.3908,1.3911,1.50,1.50
2011.11.10 10:01:09.597,1.3908,1.39111,1.50,1.50
2011.11.10 10:01:10.310,1.39094,1.39115,2.10,1.58
2011.11.10 10:01:10.437,1.39096,1.39121,1.35,1.50
2011.11.10 10:01:10.679,1.39097,1.39125,1.50,1.50
2011.11.10 10:01:10.809,1.39097,1.39127,1.50,1.50
2011.11.10 10:01:11.164,1.391,1.39127,1.73,1.50
2011.11.10 10:01:11.522,1.39097,1.39123,1.73,1.58
2011.11.10 10:01:12.150,1.39095,1.39119,1.73,1.50
2011.11.10 10:01:12.294,1.39098,1.39127,1.73,1.50
2011.11.10 10:01:12.545,1.39094,1.39122,1.73,1.50
2011.11.10 10:01:12.668,1.39086,1.39116,1.73,1.50
2011.11.10 10:01:12.918,1.39082,1.39112,1.73,2.25
2011.11.10 10:01:13.286,1.39074,1.39105,1.73,1.50
2011.11.10 10:01:14.374,1.3907,1.39101,1.73,1.50
2011.11.10 10:01:15.303,1.3907,1.39098,2.11,1.50
2011.11.10 10:01:16.283,1.39075,1.39098,1.50,1.50
2011.11.10 10:01:16.407,1.39081,1.39109,1.50,1.71
2011.11.10 10:01:16.535,1.39081,1.3911,1.50,1.13
2011.11.10 10:01:16.653,1.39082,1.39111,1.50,1.34
2011.11.10 10:01:16.992,1.39082,1.39113,1.73,1.50
2011.11.10 10:01:17.468,1.39081,1.39113,2.48,1.50
2011.11.10 10:01:18.299,1.39082,1.39113,1.73,1.50
2011.11.10 10:01:19.175,1.39084,1.39107,1.73,1.50
2011.11.10 10:01:19.419,1.39082,1.39107,1.50,1.50
2011.11.10 10:01:19.552,1.39077,1.39107,1.73,1.50
2011.11.10 10:01:20.256,1.39078,1.39107,1.73,1.50
2011.11.10 10:01:20.849,1.39076,1.39107,1.73,1.50
2011.11.10 10:01:21.084,1.39077,1.39107,1.50,1.50
2011.11.10 10:01:21.447,1.39082,1.39112,1.73,1.50
2011.11.10 10:01:22.042,1.39086,1.39115,1.50,1.50
2011.11.10 10:01:22.406,1.39085,1.39114,1.50,1.50
2011.11.10 10:01:23.129,1.39086,1.39112,1.73,1.50
2011.11.10 10:01:23.485,1.39091,1.39119,1.50,5.25
2011.11.10 10:01:23.609,1.39091,1.39119,1.50,5.25
2011.11.10 10:01:23.858,1.39082,1.39111,1.73,1.50
2011.11.10 10:01:23.986,1.39081,1.39108,1.50,1.50
2011.11.10 10:01:24.104,1.3908,1.39107,1.50,1.50
2011.11.10 10:01:24.681,1.39076,1.39106,1.50,2.25
2011.11.10 10:01:25.643,1.39076,1.39107,1.50,2.25
2011.11.10 10:01:26.007,1.39088,1.39113,1.50,4.50
2011.11.10 10:01:26.588,1.39089,1.39113,1.50,4.50
2011.11.10 10:01:26.955,1.39089,1.39113,1.50,4.50
2011.11.10 10:01:27.522,1.39084,1.39113,1.50,4.50
2011.11.10 10:01:28.108,1.39084,1.39113,2.33,4.50
2011.11.10 10:01:28.462,1.39091,1.39113,1.50,4.50
2011.11.10 10:01:28.584,1.39091,1.39113,1.50,4.50
2011.11.10 10:01:28.922,1.39085,1.39113,2.48,4.50
2011.11.10 10:01:31.692,1.39085,1.39113,1.50,4.50
2011.11.10 10:01:32.145,1.39085,1.39113,1.50,4.50
2011.11.10 10:01:33.340,1.39085,1.39113,1.50,4.50
2011.11.10 10:01:33.587,1.39078,1.39108,2.48,1.50
2011.11.10 10:01:33.718,1.39076,1.39103,2.48,2.25
2011.11.10 10:01:34.325,1.39079,1.39103,1.73,1.50
2011.11.10 10:01:35.184,1.39079,1.39108,2.86,1.50
2011.11.10 10:01:35.766,1.39089,1.39109,1.73,1.50
2011.11.10 10:01:36.785,1.39089,1.39115,1.73,1.50
2011.11.10 10:01:37.356,1.39089,1.39116,1.73,1.50
2011.11.10 10:01:38.485,1.39089,1.39116,1.50,1.50
2011.11.10 10:01:38.849,1.39084,1.39111,2.25,2.25
2011.11.10 10:01:39.205,1.39073,1.39102,1.58,1.50
2011.11.10 10:01:41.267,1.39081,1.39106,1.35,1.50
2011.11.10 10:01:41.398,1.39085,1.3911,1.50,1.50
2011.11.10 10:01:41.525,1.39085,1.39112,1.73,2.25
2011.11.10 10:01:41.646,1.39085,1.39112,2.48,1.50
2011.11.10 10:01:41.993,1.39086,1.39114,1.50,1.50
2011.11.10 10:01:42.334,1.39086,1.39116,2.48,2.25
2011.11.10 10:01:42.815,1.39085,1.39113,1.73,2.25
2011.11.10 10:01:43.954,1.39083,1.39111,2.10,1.50
2011.11.10 10:01:44.877,1.39081,1.39111,1.50,1.50
2011.11.10 10:01:46.082,1.39085,1.39109,1.58,1.50
2011.11.10 10:01:46.217,1.39091,1.3912,2.25,1.50
2011.11.10 10:01:46.345,1.39085,1.39108,1.65,1.50
2011.11.10 10:01:46.705,1.39084,1.39101,1.58,4.50
2011.11.10 10:01:46.830,1.39075,1.39101,1.50,4.50
2011.11.10 10:01:46.959,1.39072,1.39099,1.73,1.50
2011.11.10 10:01:48.858,1.39066,1.39096,2.48,2.25
2011.11.10 10:01:48.986,1.39066,1.39096,1.73,2.25
2011.11.10 10:01:49.346,1.39066,1.39096,1.50,2.25
2011.11.10 10:01:49.710,1.39073,1.39096,1.35,1.50
2011.11.10 10:01:50.290,1.39076,1.39103,1.50,1.50
2011.11.10 10:01:50.414,1.39073,1.391,1.21,2.25
2011.11.10 10:01:50.536,1.39073,1.391,1.21,2.25
2011.11.10 10:01:50.896,1.39082,1.39104,1.50,1.50
2011.11.10 10:01:51.376,1.39084,1.39114,1.50,2.25
2011.11.10 10:01:51.501,1.39088,1.39113,2.25,1.50
2011.11.10 10:01:52.242,1.39082,1.3911,1.73,1.50
2011.11.10 10:01:52.377,1.39086,1.39113,1.73,1.50
2011.11.10 10:01:52.738,1.39094,1.39117,1.73,1.50
2011.11.10 10:01:52.987,1.39104,1.39127,1.36,2.25
2011.11.10 10:01:53.118,1.39108,1.39129,1.50,1.50
2011.11.10 10:01:53.248,1.39111,1.39138,1.36,1.54
2011.11.10 10:01:53.373,1.39111,1.39139,1.36,1.54
2011.11.10 10:01:53.738,1.39111,1.39138,2.33,1.50
2011.11.10 10:01:54.374,1.39108,1.39133,1.36,1.50
2011.11.10 10:01:54.513,1.3911,1.39138,1.73,1.50
2011.11.10 10:01:54.641,1.39113,1.39143,2.11,1.50
2011.11.10 10:01:55.112,1.39115,1.39143,1.36,1.50
2011.11.10 10:01:55.455,1.39114,1.39143,1.36,1.50
2011.11.10 10:01:55.913,1.39121,1.39143,1.13,1.50
2011.11.10 10:01:56.036,1.39124,1.39145,1.73,1.50
2011.11.10 10:01:56.159,1.39124,1.39149,2.11,1.50
2011.11.10 10:01:56.654,1.39124,1.39144,1.50,1.35
2011.11.10 10:01:56.786,1.39104,1.39129,1.70,2.25
2011.11.10 10:01:57.128,1.39103,1.39127,1.73,4.50
2011.11.10 10:01:57.261,1.39105,1.39126,1.50,1.50
2011.11.10 10:01:57.507,1.39107,1.39133,1.73,1.50
2011.11.10 10:01:57.757,1.39109,1.39132,1.50,1.50
2011.11.10 10:01:58.127,1.39109,1.39132,1.73,1.50
2011.11.10 10:01:58.629,1.39105,1.39132,1.73,1.50
2011.11.10 10:01:58.767,1.39106,1.39134,1.50,1.50
2011.11.10 10:01:59.009,1.39106,1.39134,2.48,1.50
2011.11.10 10:01:59.904,1.39107,1.39134,1.73,1.50
2011.11.10 10:02:00.025,1.39107,1.39134,1.73,1.50
2011.11.10 10:02:00.627,1.39108,1.39135,1.58,1.50
2011.11.10 10:02:01.286,1.39101,1.39128,1.50,1.50
2011.11.10 10:02:01.889,1.39106,1.39125,1.50,1.50
2011.11.10 10:02:02.256,1.39103,1.39127,2.48,1.50
2011.11.10 10:02:03.386,1.39103,1.39125,1.50,1.50
2011.11.10 10:02:03.513,1.39098,1.39125,1.50,1.50
2011.11.10 10:02:03.748,1.39098,1.39125,1.50,1.50
2011.11.10 10:02:04.456,1.39101,1.39126,1.50,1.50
2011.11.10 10:02:04.844,1.39101,1.39129,1.50,1.50
2011.11.10 10:02:05.090,1.39105,1.39133,1.50,1.50
2011.11.10 10:02:05.330,1.39104,1.39133,1.50,1.50
2011.11.10 10:02:05.844,1.39104,1.39133,2.25,1.50
2011.11.10 10:02:05.976,1.39104,1.39133,3.00,1.50
2011.11.10 10:02:06.339,1.39106,1.39133,2.48,1.50
2011.11.10 10:02:06.883,1.39109,1.39133,1.50,1.50
2011.11.10 10:02:07.807,1.39104,1.39133,2.48,2.25
2011.11.10 10:02:08.612,1.39103,1.39133,1.50,2.25
2011.11.10 10:02:08.747,1.39104,1.39133,1.73,2.25
2011.11.10 10:02:09.108,1.39103,1.39133,1.50,2.25
2011.11.10 10:02:09.466,1.39103,1.39133,1.50,2.25
2011.11.10 10:02:09.708,1.39099,1.39129,1.50,1.50
2011.11.10 10:02:09.972,1.39097,1.39129,1.73,1.50
2011.11.10 10:02:10.987,1.39099,1.39121,1.50,1.50
2011.11.10 10:02:11.354,1.39103,1.39124,1.50,5.25
2011.11.10 10:02:12.505,1.39101,1.39119,1.36,1.50
2011.11.10 10:02:12.982,1.39107,1.39134,1.50,1.50
2011.11.10 10:02:13.596,1.39108,1.39134,1.50,1.50
2011.11.10 10:02:13.723,1.39105,1.39133,2.86,1.50
2011.11.10 10:02:13.854,1.39107,1.39133,1.36,1.50
2011.11.10 10:02:13.979,1.39111,1.39134,1.73,1.50
2011.11.10 10:02:14.216,1.39109,1.39134,1.73,1.50
2011.11.10 10:02:14.778,1.39108,1.39134,1.73,1.50
2011.11.10 10:02:15.017,1.39112,1.39135,1.50,1.50
2011.11.10 10:02:15.147,1.39106,1.39134,1.58,1.50
2011.11.10 10:02:15.609,1.39106,1.39134,1.50,1.50
2011.11.10 10:02:15.977,1.39111,1.39137,1.50,1.50
2011.11.10 10:02:16.097,1.39111,1.39137,1.50,1.50
2011.11.10 10:02:17.815,1.39106,1.39134,3.23,1.50
2011.11.10 10:02:18.334,1.39106,1.39134,1.73,1.50
2011.11.10 10:02:18.466,1.39109,1.39135,1.73,1.50
2011.11.10 10:02:18.945,1.39106,1.39129,2.86,4.50
2011.11.10 10:02:19.306,1.39104,1.39129,1.50,4.50
2011.11.10 10:02:19.424,1.39106,1.39129,2.25,4.50
2011.11.10 10:02:19.671,1.39106,1.39134,2.25,2.25
2011.11.10 10:02:20.131,1.39109,1.39135,1.13,1.50
2011.11.10 10:02:20.266,1.39107,1.39136,1.73,1.50
2011.11.10 10:02:20.386,1.39107,1.39135,1.73,1.50
2011.11.10 10:02:20.504,1.39105,1.39131,1.73,1.50
2011.11.10 10:02:20.745,1.39099,1.3913,3.23,1.50
2011.11.10 10:02:21.096,1.39099,1.39126,3.23,1.50
2011.11.10 10:02:21.457,1.39099,1.39126,3.23,1.50
2011.11.10 10:02:21.583,1.39099,1.39129,3.23,1.50
2011.11.10 10:02:22.107,1.39104,1.39129,1.73,1.50
2011.11.10 10:02:23.296,1.39105,1.39133,1.50,2.25
2011.11.10 10:02:23.545,1.39105,1.39133,1.50,2.25
2011.11.10 10:02:23.666,1.39105,1.39133,1.50,2.25
2011.11.10 10:02:23.895,1.39109,1.39133,1.50,1.50
2011.11.10 10:02:24.946,1.39111,1.39137,1.50,1.50
2011.11.10 10:02:25.183,1.39113,1.3914,1.50,1.50
2011.11.10 10:02:25.633,1.39113,1.39143,2.25,1.50
2011.11.10 10:02:25.883,1.39109,1.3913,1.73,1.50
2011.11.10 10:02:26.013,1.39107,1.3913,1.96,1.50
2011.11.10 10:02:26.136,1.39107,1.3913,1.96,1.50
2011.11.10 10:02:26.771,1.39109,1.3913,1.36,1.50
2011.11.10 10:02:27.473,1.3911,1.39132,1.36,1.50
2011.11.10 10:02:27.716,1.39114,1.39138,1.21,1.50
2011.11.10 10:02:27.843,1.39114,1.39138,1.96,1.50
2011.11.10 10:02:27.967,1.3912,1.3914,1.13,1.50
2011.11.10 10:02:28.218,1.3912,1.39142,1.36,2.25
2011.11.10 10:02:28.354,1.39114,1.39139,1.73,1.50
2011.11.10 10:02:28.481,1.39106,1.39134,1.70,2.25
2011.11.10 10:02:29.283,1.39096,1.39123,2.10,2.25
2011.11.10 10:02:29.417,1.391,1.39127,1.50,1.50
2011.11.10 10:02:29.537,1.391,1.39127,1.50,1.50
2011.11.10 10:02:29.782,1.39106,1.39127,1.50,1.50
2011.11.10 10:02:30.035,1.39109,1.39134,1.35,1.50
2011.11.10 10:02:30.161,1.39113,1.39136,1.73,1.50
2011.11.10 10:02:30.528,1.39115,1.39142,1.73,2.25
2011.11.10 10:02:31.228,1.39116,1.39142,1.50,1.50
2011.11.10 10:02:31.358,1.39099,1.39123,1.50,1.50
2011.11.10 10:02:32.132,1.39098,1.39128,2.48,1.50
2011.11.10 10:02:32.269,1.39099,1.39128,1.50,1.50
2011.11.10 10:02:32.640,1.39097,1.39128,2.86,1.50
2011.11.10 10:02:33.177,1.39093,1.3912,1.13,1.50
2011.11.10 10:02:33.324,1.39096,1.39121,1.73,1.50
2011.11.10 10:02:33.450,1.39103,1.3913,1.50,1.64
2011.11.10 10:02:33.580,1.39107,1.3913,2.10,1.05
2011.11.10 10:02:33.974,1.39113,1.39141,2.48,1.54
2011.11.10 10:02:34.098,1.39125,1.39147,1.50,1.54
2011.11.10 10:02:34.225,1.39125,1.39153,1.73,1.54
2011.11.10 10:02:34.344,1.39124,1.39153,1.13,1.54
2011.11.10 10:02:34.841,1.39122,1.39153,1.50,1.54
2011.11.10 10:02:35.336,1.39115,1.39142,1.73,1.50
2011.11.10 10:02:35.685,1.39117,1.39147,3.31,1.50
2011.11.10 10:02:35.926,1.39124,1.39152,2.25,2.25
2011.11.10 10:02:36.047,1.39119,1.39149,1.50,1.50
2011.11.10 10:02:36.287,1.39115,1.39143,1.73,1.50
2011.11.10 10:02:36.853,1.3911,1.3914,2.11,1.50
2011.11.10 10:02:37.395,1.39108,1.39139,2.11,1.50
2011.11.10 10:02:37.866,1.39114,1.39142,2.25,1.50
2011.11.10 10:02:37.989,1.39118,1.39148,1.50,1.50
2011.11.10 10:02:38.238,1.39118,1.39149,1.50,2.25
2011.11.10 10:02:39.023,1.39126,1.39155,1.73,1.50
2011.11.10 10:02:39.147,1.39124,1.39155,1.36,1.50
2011.11.10 10:02:39.275,1.39124,1.39145,1.13,1.35
2011.11.10 10:02:39.637,1.39118,1.39137,1.58,1.50
2011.11.10 10:02:39.764,1.39114,1.39137,1.73,1.50
2011.11.10 10:02:39.886,1.39118,1.39143,1.50,1.58
2011.11.10 10:02:40.005,1.39118,1.39146,1.50,2.25
2011.11.10 10:02:40.125,1.39118,1.39146,1.50,1.50
2011.11.10 10:02:40.901,1.39124,1.39152,2.48,1.50
2011.11.10 10:02:41.257,1.39121,1.39148,1.73,1.50
2011.11.10 10:02:41.715,1.39118,1.39148,2.48,1.50
2011.11.10 10:02:41.838,1.3912,1.39148,1.35,1.50
2011.11.10 10:02:42.193,1.39118,1.39148,1.50,2.25
2011.11.10 10:02:42.314,1.39118,1.39148,1.50,3.00
2011.11.10 10:02:42.677,1.39115,1.39144,1.58,1.50
2011.11.10 10:02:43.271,1.39114,1.39143,1.73,1.50
2011.11.10 10:02:43.503,1.39114,1.39142,1.50,1.50
2011.11.10 10:02:44.637,1.39114,1.39142,1.73,1.50
2011.11.10 10:02:44.768,1.39119,1.39143,1.35,1.50
2011.11.10 10:02:45.345,1.39123,1.39152,1.13,1.50
2011.11.10 10:02:45.471,1.39123,1.39148,1.13,1.50
2011.11.10 10:02:45.597,1.39118,1.39148,3.23,2.25
2011.11.10 10:02:45.716,1.39118,1.39147,2.48,2.25
2011.11.10 10:02:46.189,1.39115,1.39144,1.73,1.50
2011.11.10 10:02:46.558,1.39108,1.39134,1.50,1.50
2011.11.10 10:02:46.689,1.39108,1.39134,1.50,1.50
2011.11.10 10:02:46.824,1.39105,1.39135,1.50,3.83
2011.11.10 10:02:47.295,1.39104,1.39135,1.73,2.25
2011.11.10 10:02:47.428,1.39108,1.39137,1.50,1.50
2011.11.10 10:02:47.555,1.3911,1.39137,1.50,1.50
2011.11.10 10:02:47.914,1.39108,1.39137,1.50,1.50
2011.11.10 10:02:48.035,1.39105,1.39133,1.50,1.50
2011.11.10 10:02:48.274,1.39105,1.39136,2.33,1.50
2011.11.10 10:02:48.515,1.39109,1.39138,1.50,1.50
2011.11.10 10:02:48.635,1.39109,1.39139,1.73,1.50
2011.11.10 10:02:48.864,1.39109,1.3914,1.50,1.50
2011.11.10 10:02:49.468,1.39109,1.3914,1.50,1.50
2011.11.10 10:02:49.817,1.39116,1.39143,2.10,1.50
2011.11.10 10:02:50.177,1.39115,1.39143,2.48,1.50
2011.11.10 10:02:50.424,1.39113,1.39139,1.73,1.50
2011.11.10 10:02:50.773,1.39113,1.39138,1.58,1.50
2011.11.10 10:02:51.018,1.39109,1.39136,2.48,1.50
2011.11.10 10:02:51.148,1.39104,1.39134,2.48,1.50
2011.11.10 10:02:51.278,1.3911,1.39139,1.73,1.50
2011.11.10 10:02:51.778,1.39109,1.39139,2.85,1.50
2011.11.10 10:02:52.023,1.39109,1.39139,2.10,1.50
2011.11.10 10:02:52.144,1.39109,1.39139,2.10,1.50
2011.11.10 10:02:52.502,1.3911,1.39139,1.73,1.50
2011.11.10 10:02:52.847,1.39113,1.39139,1.50,1.50
2011.11.10 10:02:53.096,1.39105,1.39131,1.13,1.50
2011.11.10 10:02:53.336,1.39106,1.39136,2.10,1.50
2011.11.10 10:02:53.563,1.39109,1.39135,1.35,1.50
2011.11.10 10:02:54.730,1.39109,1.39136,1.35,1.50
2011.11.10 10:02:54.857,1.39109,1.39136,3.08,1.50
2011.11.10 10:02:55.225,1.39109,1.39134,2.33,1.50
2011.11.10 10:02:55.346,1.39107,1.39132,1.73,1.50
2011.11.10 10:02:55.464,1.39106,1.39131,1.50,1.50
2011.11.10 10:02:55.824,1.39099,1.39125,1.50,2.10
2011.11.10 10:02:55.947,1.39091,1.39115,1.50,1.50
2011.11.10 10:02:56.444,1.39083,1.39111,1.13,1.50
2011.11.10 10:02:56.567,1.39081,1.3911,2.10,1.50
2011.11.10 10:02:56.938,1.39076,1.39103,1.50,1.50
2011.11.10 10:02:57.184,1.39074,1.39101,1.50,1.50
2011.11.10 10:02:57.309,1.39076,1.39102,1.58,1.50
2011.11.10 10:02:57.677,1.39083,1.39111,1.50,3.00
2011.11.10 10:02:58.182,1.3908,1.39106,1.50,2.25
2011.11.10 10:02:58.314,1.39076,1.39102,1.50,1.35
2011.11.10 10:02:59.274,1.39081,1.39108,2.25,1.50
2011.11.10 10:02:59.394,1.39074,1.39098,1.81,1.50
2011.11.10 10:02:59.520,1.39071,1.39091,1.50,1.50
2011.11.10 10:02:59.648,1.39064,1.39095,1.50,1.50
2011.11.10 10:03:00.086,1.39068,1.39096,1.35,1.50
2011.11.10 10:03:00.216,1.39072,1.39099,1.50,1.50
2011.11.10 10:03:00.698,1.3907,1.39097,1.50,1.50
2011.11.10 10:03:01.072,1.39082,1.39101,1.36,1.50
2011.11.10 10:03:01.806,1.39079,1.39098,1.73,1.35
2011.11.10 10:03:02.159,1.39065,1.39089,1.50,1.50
2011.11.10 10:03:02.288,1.39057,1.39083,1.73,1.50
2011.11.10 10:03:02.643,1.39057,1.39087,1.73,1.50
2011.11.10 10:03:03.009,1.39052,1.39082,1.50,1.50
2011.11.10 10:03:03.798,1.39053,1.39083,2.25,1.50
2011.11.10 10:03:03.932,1.39057,1.39085,1.50,1.50
2011.11.10 10:03:04.179,1.39057,1.39088,1.50,1.50
2011.11.10 10:03:04.773,1.39062,1.39088,1.73,1.50
2011.11.10 10:03:05.014,1.39063,1.39093,2.48,1.50
2011.11.10 10:03:05.133,1.39064,1.39094,1.73,1.50
2011.11.10 10:03:06.174,1.39068,1.39095,1.50,1.50
2011.11.10 10:03:06.573,1.39069,1.39098,1.50,1.50
2011.11.10 10:03:06.698,1.39071,1.39098,1.35,1.50
2011.11.10 10:03:07.063,1.39078,1.39106,1.35,1.50
2011.11.10 10:03:07.186,1.39083,1.39108,1.50,1.50
2011.11.10 10:03:07.310,1.39087,1.3911,1.50,1.50
2011.11.10 10:03:07.677,1.39087,1.39105,1.50,1.50
2011.11.10 10:03:07.801,1.39079,1.39103,2.03,1.50
2011.11.10 10:03:08.394,1.39082,1.39113,3.08,1.50
2011.11.10 10:03:08.523,1.39088,1.39116,1.50,1.50
2011.11.10 10:03:08.769,1.39088,1.39116,1.50,1.50
2011.11.10 10:03:09.453,1.39085,1.39115,2.48,1.50
2011.11.10 10:03:09.693,1.39079,1.3911,1.50,1.50
2011.11.10 10:03:10.165,1.3908,1.3911,1.50,1.50
2011.11.10 10:03:10.834,1.39084,1.39112,1.50,1.50
2011.11.10 10:03:11.195,1.3908,1.3911,1.36,1.50
2011.11.10 10:03:11.554,1.39068,1.39096,1.50,1.50
2011.11.10 10:03:11.674,1.39062,1.39091,1.73,1.50
2011.11.10 10:03:11.793,1.39062,1.39091,1.73,1.50
2011.11.10 10:03:12.024,1.39061,1.39091,1.50,1.50
2011.11.10 10:03:13.033,1.39062,1.39091,1.36,1.50
2011.11.10 10:03:13.404,1.39074,1.39104,1.50,2.25
2011.11.10 10:03:14.127,1.39072,1.39101,1.50,2.25
2011.11.10 10:03:14.380,1.39069,1.39096,1.50,1.50
2011.11.10 10:03:14.629,1.39068,1.39095,1.50,1.50
2011.11.10 10:03:15.106,1.39067,1.39099,1.50,1.50
2011.11.10 10:03:16.509,1.39068,1.39097,1.50,1.50
2011.11.10 10:03:16.755,1.39063,1.39093,1.73,1.50
2011.11.10 10:03:16.879,1.39063,1.39092,1.50,1.50
2011.11.10 10:03:17.010,1.39059,1.39087,2.25,2.25
2011.11.10 10:03:17.839,1.39059,1.39086,1.50,1.50
2011.11.10 10:03:18.311,1.39067,1.39095,1.50,2.25
2011.11.10 10:03:18.443,1.39071,1.39099,1.50,2.10
2011.11.10 10:03:19.036,1.39073,1.39103,2.10,1.50
2011.11.10 10:03:20.297,1.39073,1.39103,1.50,1.50
2011.11.10 10:03:21.729,1.39069,1.39099,2.25,1.50
2011.11.10 10:03:22.096,1.39072,1.39099,1.50,1.50
2011.11.10 10:03:22.448,1.39082,1.39106,1.50,1.50
2011.11.10 10:03:22.579,1.39086,1.39114,1.50,2.25
2011.11.10 10:03:22.705,1.39086,1.39113,2.33,1.50
2011.11.10 10:03:23.210,1.39092,1.39119,1.50,1.50
2011.11.10 10:03:23.321,1.39093,1.39121,2.48,1.50
2011.11.10 10:03:23.897,1.39097,1.39122,2.48,1.50
2011.11.10 10:03:24.024,1.39098,1.39128,1.73,1.50
2011.11.10 10:03:24.144,1.39102,1.39132,1.50,2.25
2011.11.10 10:03:24.391,1.39099,1.39128,1.73,2.25
2011.11.10 10:03:24.517,1.39098,1.39128,1.73,2.25
2011.11.10 10:03:24.766,1.39099,1.39128,1.73,1.50
2011.11.10 10:03:25.281,1.39108,1.39133,2.25,1.50
2011.11.10 10:03:25.417,1.3911,1.39137,1.50,1.50
2011.11.10 10:03:25.542,1.39108,1.39136,1.50,1.50
2011.11.10 10:03:25.905,1.3911,1.39139,2.11,1.50
2011.11.10 10:03:26.029,1.39111,1.39139,1.36,1.50
2011.11.10 10:03:26.272,1.3911,1.39138,1.73,1.50
2011.11.10 10:03:26.626,1.39114,1.39142,1.50,1.50
2011.11.10 10:03:26.873,1.39115,1.39145,2.10,1.50
2011.11.10 10:03:27.407,1.39116,1.39139,1.73,1.50
2011.11.10 10:03:27.544,1.39107,1.39136,1.73,1.50
2011.11.10 10:03:28.377,1.39107,1.39135,1.73,1.50
2011.11.10 10:03:28.847,1.39108,1.39138,1.50,1.50
2011.11.10 10:03:28.976,1.39116,1.39141,1.50,2.25
2011.11.10 10:03:29.334,1.39118,1.39147,1.50,1.54
2011.11.10 10:03:30.994,1.39116,1.39143,1.73,2.25
2011.11.10 10:03:31.345,1.39112,1.39141,1.73,1.50
2011.11.10 10:03:31.695,1.39111,1.3914,1.50,1.50
2011.11.10 10:03:32.606,1.39107,1.39135,2.25,2.25
2011.11.10 10:03:33.188,1.39107,1.39137,1.50,1.50
2011.11.10 10:03:33.317,1.39111,1.39139,1.50,1.50
2011.11.10 10:03:33.694,1.39111,1.39141,1.50,2.25
2011.11.10 10:03:34.058,1.39121,1.39145,1.50,1.50
2011.11.10 10:03:34.183,1.39121,1.39147,2.25,2.25
2011.11.10 10:03:34.977,1.39121,1.39146,2.25,1.50
2011.11.10 10:03:35.332,1.39121,1.39135,1.50,1.50
2011.11.10 10:03:35.568,1.3911,1.39136,1.50,1.50
2011.11.10 10:03:36.186,1.39116,1.39137,1.50,1.50
2011.11.10 10:03:36.547,1.39111,1.39135,1.50,1.50
2011.11.10 10:03:36.898,1.39105,1.39134,1.50,1.50
2011.11.10 10:03:37.025,1.39105,1.39134,1.50,1.50
2011.11.10 10:03:37.145,1.39103,1.39134,1.50,1.50
2011.11.10 10:03:37.484,1.39103,1.39135,1.50,1.50
2011.11.10 10:03:38.897,1.39112,1.39135,1.50,1.50
2011.11.10 10:03:39.496,1.39112,1.39139,1.50,1.50
2011.11.10 10:03:39.613,1.39112,1.39139,1.50,1.50
2011.11.10 10:03:40.088,1.39106,1.39136,1.73,1.50
2011.11.10 10:03:40.447,1.39106,1.39133,1.50,1.50
2011.11.10 10:03:40.957,1.39106,1.39131,1.50,1.50
2011.11.10 10:03:41.854,1.39106,1.39132,1.50,1.50
2011.11.10 10:03:41.977,1.39106,1.39132,1.58,2.25
2011.11.10 10:03:42.101,1.39105,1.39132,1.50,1.50
2011.11.10 10:03:44.113,1.39105,1.39131,1.50,1.50
2011.11.10 10:03:44.724,1.391,1.39128,1.50,1.50
2011.11.10 10:03:45.295,1.39101,1.39129,1.50,1.50
2011.11.10 10:03:45.414,1.39107,1.39129,1.50,1.50
2011.11.10 10:03:45.775,1.39101,1.39132,1.50,1.50
2011.11.10 10:03:46.018,1.3911,1.39132,1.50,2.25
2011.11.10 10:03:46.514,1.39111,1.39139,2.25,2.25
2011.11.10 10:03:46.642,1.39106,1.39133,1.50,1.50
2011.11.10 10:03:46.888,1.39108,1.39134,1.50,1.50
2011.11.10 10:03:47.474,1.39109,1.39137,1.50,1.50
2011.11.10 10:03:47.595,1.39114,1.39137,1.50,1.50
2011.11.10 10:03:47.720,1.39111,1.39139,1.50,1.50
2011.11.10 10:03:47.847,1.39113,1.3914,2.25,1.50
2011.11.10 10:03:47.976,1.39113,1.3914,2.25,1.50
2011.11.10 10:03:48.465,1.39116,1.39144,1.50,2.25
2011.11.10 10:03:48.826,1.39114,1.39144,1.50,2.25
2011.11.10 10:03:50.066,1.3911,1.39127,1.50,1.58
2011.11.10 10:03:50.195,1.391,1.39119,1.96,2.25
2011.11.10 10:03:50.325,1.391,1.39116,1.13,1.13
2011.11.10 10:03:50.731,1.39094,1.39116,1.80,1.13
2011.11.10 10:03:50.978,1.39098,1.3912,1.50,1.50
2011.11.10 10:03:51.229,1.39094,1.39118,2.40,1.50
2011.11.10 10:03:51.359,1.39088,1.39114,1.50,1.50
2011.11.10 10:03:51.489,1.39083,1.39111,1.47,1.13
2011.11.10 10:03:51.738,1.39076,1.39103,2.45,1.50
2011.11.10 10:03:52.223,1.39074,1.39101,1.73,1.50
2011.11.10 10:03:53.222,1.39074,1.391,2.48,1.50
2011.11.10 10:03:53.686,1.39074,1.391,1.73,1.50
2011.11.10 10:03:54.593,1.39073,1.391,1.73,1.50
2011.11.10 10:03:56.070,1.39085,1.39109,1.50,1.91
2011.11.10 10:03:56.206,1.3908,1.39108,1.73,1.50
2011.11.10 10:03:56.444,1.39075,1.39105,3.61,2.25
2011.11.10 10:03:58.357,1.39075,1.39105,2.48,1.50
2011.11.10 10:03:58.480,1.39077,1.39105,1.73,2.25
2011.11.10 10:03:58.848,1.39079,1.39106,2.48,1.50
2011.11.10 10:03:59.216,1.39082,1.39106,1.73,1.50
2011.11.10 10:03:59.573,1.39082,1.39107,1.50,1.50
2011.11.10 10:04:00.400,1.39079,1.39108,3.23,2.25
2011.11.10 10:04:01.759,1.39079,1.39108,2.48,2.25
2011.11.10 10:04:03.435,1.39079,1.39104,2.48,1.50
2011.11.10 10:04:04.504,1.39079,1.39108,2.10,1.50
2011.11.10 10:04:04.856,1.39085,1.39108,1.50,1.50
2011.11.10 10:04:05.098,1.39079,1.39108,2.33,1.50
2011.11.10 10:04:05.227,1.39079,1.39106,2.33,1.50
2011.11.10 10:04:05.572,1.39079,1.39104,1.50,1.50
2011.11.10 10:04:06.894,1.39079,1.39108,1.50,1.50
2011.11.10 10:04:07.014,1.39081,1.39108,1.50,1.50
2011.11.10 10:04:07.378,1.39085,1.39108,1.50,1.50
2011.11.10 10:04:07.962,1.39085,1.39108,1.50,1.50
2011.11.10 10:04:08.503,1.39079,1.39108,1.50,1.50
2011.11.10 10:04:09.086,1.39079,1.39105,1.50,1.50
2011.11.10 10:04:09.536,1.39079,1.39105,1.50,1.50
2011.11.10 10:04:09.962,1.39076,1.39106,1.50,1.50
2011.11.10 10:04:10.564,1.3908,1.39105,2.25,1.50
2011.11.10 10:04:11.134,1.39084,1.39107,1.50,1.50
2011.11.10 10:04:14.734,1.39087,1.3911,1.50,4.50
2011.11.10 10:04:14.975,1.39091,1.39113,1.50,1.50
2011.11.10 10:04:15.571,1.39091,1.39116,1.50,1.50
2011.11.10 10:04:15.820,1.39091,1.39116,1.50,1.50
2011.11.10 10:04:15.950,1.39096,1.3912,1.50,1.50
2011.11.10 10:04:16.316,1.39096,1.39111,1.50,1.50
2011.11.10 10:04:16.561,1.39082,1.39106,1.73,1.50
2011.11.10 10:04:16.691,1.39079,1.39106,1.73,2.25
2011.11.10 10:04:17.057,1.39073,1.39101,1.58,1.50
2011.11.10 10:04:17.177,1.39073,1.39101,2.33,1.50
2011.11.10 10:04:17.298,1.39075,1.39106,1.50,2.63
2011.11.10 10:04:17.787,1.39077,1.39106,1.73,1.88
2011.11.10 10:04:17.910,1.39077,1.39106,2.48,1.50
2011.11.10 10:04:18.278,1.3908,1.39096,1.50,4.50
2011.11.10 10:04:18.407,1.39069,1.39094,1.05,1.50
2011.11.10 10:04:18.645,1.39064,1.39087,1.50,1.50
2011.11.10 10:04:24.577,1.39054,1.39084,1.73,1.50
2011.11.10 10:04:25.367,1.39051,1.39081,1.73,4.50
2011.11.10 10:04:25.614,1.39051,1.39081,2.48,5.25
2011.11.10 10:04:26.625,1.39051,1.3908,2.86,1.50
2011.11.10 10:04:27.738,1.39052,1.39081,1.73,4.50
2011.11.10 10:04:28.933,1.39052,1.39081,1.73,4.50
2011.11.10 10:04:29.496,1.39051,1.39081,1.73,5.25
2011.11.10 10:04:29.725,1.39051,1.39082,1.73,1.50
2011.11.10 10:04:29.850,1.39056,1.39082,1.35,1.50
2011.11.10 10:04:30.405,1.39062,1.39087,1.50,4.50
2011.11.10 10:04:31.344,1.39066,1.39087,1.50,4.50
2011.11.10 10:04:31.830,1.39069,1.39095,2.10,1.54
2011.11.10 10:04:31.962,1.39073,1.39096,1.35,1.50
2011.11.10 10:04:32.494,1.39073,1.39098,1.35,1.50
2011.11.10 10:04:32.612,1.39063,1.39082,1.05,5.25
2011.11.10 10:04:33.309,1.39059,1.3908,1.58,2.25
2011.11.10 10:04:33.439,1.39056,1.39083,2.25,1.50
2011.11.10 10:04:33.918,1.39059,1.39087,1.50,1.50
2011.11.10 10:04:34.050,1.39061,1.39087,1.50,1.50
2011.11.10 10:04:34.173,1.39065,1.39091,1.50,1.50
2011.11.10 10:04:34.293,1.39065,1.39091,1.50,1.50
2011.11.10 10:04:35.054,1.39072,1.39103,1.50,2.25
2011.11.10 10:04:35.555,1.39072,1.39102,1.50,1.50
2011.11.10 10:04:35.916,1.39078,1.39105,1.50,1.50
2011.11.10 10:04:36.278,1.39078,1.39108,2.48,1.50
2011.11.10 10:04:36.409,1.39078,1.39108,1.50,1.50
2011.11.10 10:04:36.537,1.39077,1.39108,1.50,2.25
2011.11.10 10:04:37.326,1.3908,1.39108,2.10,2.25
2011.11.10 10:04:37.463,1.39087,1.39118,2.86,2.25
2011.11.10 10:04:37.590,1.39098,1.39118,2.10,2.25
2011.11.10 10:04:37.958,1.39104,1.39131,1.35,1.50
2011.11.10 10:04:38.327,1.39103,1.39131,1.73,1.50
2011.11.10 10:04:38.994,1.39106,1.39136,2.25,1.50
2011.11.10 10:04:40.245,1.39107,1.39137,1.50,1.50
2011.11.10 10:04:40.822,1.39109,1.39138,1.73,1.50
2011.11.10 10:04:41.173,1.39112,1.39143,1.50,1.50
2011.11.10 10:04:41.297,1.39113,1.39143,1.50,1.50
2011.11.10 10:04:41.427,1.39113,1.39143,2.10,2.25
2011.11.10 10:04:41.920,1.39118,1.39147,1.73,1.50
2011.11.10 10:04:42.288,1.39121,1.3915,2.25,1.50
2011.11.10 10:04:42.768,1.39124,1.39152,1.50,1.50
2011.11.10 10:04:43.256,1.39122,1.39152,1.50,1.50
2011.11.10 10:04:43.804,1.39129,1.39153,1.50,1.50
2011.11.10 10:04:43.934,1.39127,1.39152,1.50,1.35
2011.11.10 10:04:44.061,1.39127,1.39151,1.50,1.50
2011.11.10 10:04:44.193,1.39125,1.39152,1.50,1.50
2011.11.10 10:04:44.322,1.39127,1.39155,2.48,1.50
2011.11.10 10:04:44.448,1.39127,1.39151,1.73,1.50
2011.11.10 10:04:44.938,1.39122,1.39149,1.73,1.50
2011.11.10 10:04:45.709,1.39124,1.39154,1.73,1.50
2011.11.10 10:04:46.086,1.39134,1.39162,1.50,1.50
2011.11.10 10:04:46.328,1.39134,1.39161,1.35,1.50
2011.11.10 10:04:46.461,1.39135,1.39162,1.35,2.25
2011.11.10 10:04:46.583,1.39134,1.39161,2.10,1.50
2011.11.10 10:04:47.396,1.39133,1.39157,1.50,1.50
2011.11.10 10:04:47.529,1.39122,1.39149,1.50,1.50
2011.11.10 10:04:47.779,1.39121,1.39147,1.50,1.50
2011.11.10 10:04:47.906,1.39122,1.39147,1.50,2.25
2011.11.10 10:04:48.028,1.39127,1.39149,2.85,1.50
2011.11.10 10:04:48.157,1.39136,1.39155,1.35,1.50
2011.11.10 10:04:48.404,1.39136,1.39162,1.35,1.50
2011.11.10 10:04:48.635,1.39137,1.39163,1.35,2.25
2011.11.10 10:04:49.494,1.39137,1.39165,1.35,2.25
2011.11.10 10:04:49.633,1.39133,1.39163,1.73,2.25
2011.11.10 10:04:49.757,1.39133,1.39162,1.50,1.50
2011.11.10 10:04:50.120,1.39133,1.39163,1.50,1.50
2011.11.10 10:04:50.495,1.39128,1.39156,1.50,1.50
2011.11.10 10:04:50.627,1.39123,1.39152,1.35,1.50
2011.11.10 10:04:50.754,1.39118,1.39146,2.85,1.50
2011.11.10 10:04:50.985,1.39123,1.39151,1.35,1.50
2011.11.10 10:04:51.377,1.39123,1.39152,1.35,3.00
2011.11.10 10:04:51.497,1.39126,1.39154,1.50,1.35
2011.11.10 10:04:51.625,1.39128,1.39155,1.50,1.50
2011.11.10 10:04:51.749,1.39128,1.39156,1.50,1.50
2011.11.10 10:04:52.002,1.39128,1.39153,1.50,1.50
2011.11.10 10:04:52.125,1.39124,1.39151,1.50,1.50
2011.11.10 10:04:52.703,1.3912,1.39148,1.73,1.50
2011.11.10 10:04:53.669,1.39133,1.39148,1.50,1.50
2011.11.10 10:04:53.814,1.39141,1.39171,1.35,1.54
2011.11.10 10:04:53.940,1.39148,1.39173,1.35,1.50
2011.11.10 10:04:54.071,1.39142,1.39169,1.35,1.50
2011.11.10 10:04:54.196,1.39142,1.39169,1.35,1.50
2011.11.10 10:04:54.437,1.39142,1.39169,1.35,1.50
2011.11.10 10:04:54.675,1.39139,1.39167,2.48,1.88
2011.11.10 10:04:55.626,1.3914,1.39168,1.73,1.50
2011.11.10 10:04:55.985,1.39139,1.39166,1.50,1.50
2011.11.10 10:04:56.224,1.39139,1.39166,1.50,1.50
2011.11.10 10:04:56.563,1.39139,1.39166,1.50,1.50
2011.11.10 10:04:56.683,1.39139,1.39166,1.50,1.50
2011.11.10 10:04:57.035,1.39139,1.39167,1.50,2.25
2011.11.10 10:04:57.494,1.39139,1.39166,1.50,1.50
2011.11.10 10:04:57.890,1.39139,1.39163,1.50,1.50
2011.11.10 10:04:58.370,1.39138,1.39163,1.50,1.50
2011.11.10 10:04:58.506,1.39141,1.39167,1.35,1.50
2011.11.10 10:04:58.871,1.39143,1.39173,1.50,2.25
2011.11.10 10:04:59.292,1.39146,1.39171,2.25,1.50
2011.11.10 10:04:59.764,1.39146,1.3917,1.50,1.50
2011.11.10 10:04:59.886,1.3914,1.39167,1.73,1.50
2011.11.10 10:05:00.472,1.3914,1.39167,1.73,1.50
2011.11.10 10:05:00.607,1.39141,1.3917,1.50,2.25
2011.11.10 10:05:01.207,1.39141,1.3917,1.50,2.25
2011.11.10 10:05:01.444,1.39143,1.39173,2.25,2.25
2011.11.10 10:05:01.564,1.39145,1.39174,1.50,1.50
2011.11.10 10:05:02.142,1.39145,1.39175,1.50,3.00
2011.11.10 10:05:03.281,1.39144,1.39175,1.50,3.00
2011.11.10 10:05:03.790,1.39145,1.39175,1.50,3.00
2011.11.10 10:05:04.352,1.39149,1.39173,1.50,1.50
2011.11.10 10:05:04.473,1.39151,1.39177,1.50,2.25
2011.11.10 10:05:04.592,1.39151,1.39178,1.50,1.50
2011.11.10 10:05:05.175,1.3915,1.39179,1.50,2.25
2011.11.10 10:05:05.871,1.39146,1.39175,1.35,1.50
2011.11.10 10:05:08.554,1.39151,1.39175,1.35,1.50
2011.11.10 10:05:09.142,1.39151,1.39176,1.35,1.50
2011.11.10 10:05:09.274,1.3915,1.39178,1.50,1.50
2011.11.10 10:05:09.629,1.39153,1.39182,1.50,1.50
2011.11.10 10:05:09.862,1.39153,1.39182,2.25,1.50
2011.11.10 10:05:11.864,1.39154,1.39182,1.50,2.25
2011.11.10 10:05:12.613,1.39155,1.39184,2.10,2.25
2011.11.10 10:05:12.748,1.39159,1.39182,1.50,1.50
2011.11.10 10:05:13.344,1.39158,1.39183,2.10,2.25
2011.11.10 10:05:13.826,1.39159,1.39184,1.50,1.50
2011.11.10 10:05:13.949,1.3916,1.39185,1.35,1.50
2011.11.10 10:05:14.715,1.39171,1.39194,1.35,1.50
2011.11.10 10:05:15.089,1.3917,1.3919,1.58,1.50
2011.11.10 10:05:15.344,1.39166,1.39195,1.50,1.50
2011.11.10 10:05:15.468,1.39164,1.3919,2.48,1.50
2011.11.10 10:05:15.714,1.39162,1.39188,1.13,1.50
2011.11.10 10:05:16.553,1.39164,1.3919,1.35,2.25
2011.11.10 10:05:16.685,1.39164,1.3919,2.10,1.50
2011.11.10 10:05:16.805,1.39165,1.39191,1.50,1.50
2011.11.10 10:05:17.170,1.39154,1.39179,1.88,2.25
2011.11.10 10:05:17.297,1.39157,1.39184,1.50,1.50
2011.11.10 10:05:17.418,1.39158,1.39185,1.50,1.35
2011.11.10 10:05:17.774,1.39157,1.39179,1.50,1.50
2011.11.10 10:05:18.005,1.39157,1.3918,1.50,1.50
2011.11.10 10:05:18.827,1.3915,1.39175,2.25,4.50
2011.11.10 10:05:18.957,1.39152,1.39179,1.50,1.50
2011.11.10 10:05:19.094,1.39159,1.39181,1.35,1.50
2011.11.10 10:05:19.466,1.39167,1.39189,2.10,1.50
2011.11.10 10:05:19.590,1.39168,1.39195,1.50,1.50
2011.11.10 10:05:19.840,1.39168,1.39197,1.50,1.50
2011.11.10 10:05:19.964,1.3917,1.39198,1.50,1.50
2011.11.10 10:05:20.323,1.39171,1.392,1.73,1.50
2011.11.10 10:05:20.977,1.39171,1.39194,1.50,1.50
2011.11.10 10:05:21.348,1.39177,1.39197,2.33,1.50
2011.11.10 10:05:21.602,1.39181,1.39209,1.50,1.50
2011.11.10 10:05:21.733,1.39181,1.39211,1.73,1.50
2011.11.10 10:05:21.854,1.39181,1.39215,1.73,2.29
2011.11.10 10:05:21.976,1.39181,1.39215,2.48,2.25
2011.11.10 10:05:22.715,1.3919,1.39221,1.50,1.50
2011.11.10 10:05:22.839,1.3919,1.39221,1.73,1.50
2011.11.10 10:05:23.086,1.39191,1.39221,1.73,1.50
2011.11.10 10:05:23.566,1.39191,1.39221,1.73,1.50
2011.11.10 10:05:24.025,1.39191,1.39218,1.73,1.50
2011.11.10 10:05:24.649,1.39182,1.39208,1.13,1.50
2011.11.10 10:05:25.010,1.39192,1.39222,1.73,1.50
2011.11.10 10:05:25.365,1.39197,1.39226,1.73,1.50
2011.11.10 10:05:25.607,1.39199,1.39228,1.50,1.50
2011.11.10 10:05:25.857,1.39207,1.39232,1.50,1.50
2011.11.10 10:05:26.564,1.39211,1.3924,1.73,1.50
2011.11.10 10:05:26.692,1.39211,1.39238,1.73,1.50
2011.11.10 10:05:26.941,1.39211,1.39239,1.73,1.50
2011.11.10 10:05:27.068,1.3921,1.39238,1.58,2.25
2011.11.10 10:05:27.321,1.39213,1.39244,1.73,1.50
2011.11.10 10:05:27.444,1.39215,1.39245,1.58,1.50
2011.11.10 10:05:28.519,1.39228,1.39248,1.73,1.50
2011.11.10 10:05:29.059,1.39221,1.39243,1.50,1.50
2011.11.10 10:05:29.187,1.39216,1.39243,1.50,1.50
2011.11.10 10:05:29.315,1.39216,1.39243,1.50,1.50
2011.11.10 10:05:29.440,1.39207,1.3924,1.36,1.50
2011.11.10 10:05:29.568,1.39205,1.39238,2.48,1.50
2011.11.10 10:05:29.935,1.39207,1.39238,1.73,1.50
2011.11.10 10:05:30.484,1.39209,1.39241,2.48,1.50
2011.11.10 10:05:30.724,1.39215,1.39244,1.50,2.25
2011.11.10 10:05:30.953,1.39215,1.39245,1.50,2.25
2011.11.10 10:05:31.526,1.39215,1.39245,1.50,1.50
2011.11.10 10:05:31.764,1.39215,1.39246,1.50,1.50
2011.11.10 10:05:32.624,1.39217,1.39247,1.73,1.50
2011.11.10 10:05:32.752,1.39217,1.39247,1.73,1.50
2011.11.10 10:05:33.560,1.39217,1.39245,1.73,1.50
2011.11.10 10:05:33.808,1.39215,1.39241,1.36,2.25
2011.11.10 10:05:34.300,1.39218,1.39245,1.13,1.50
2011.11.10 10:05:34.806,1.39222,1.39253,1.73,1.50
2011.11.10 10:05:35.288,1.39232,1.39256,1.50,1.50
2011.11.10 10:05:35.656,1.39236,1.39264,3.08,1.50
2011.11.10 10:05:35.776,1.39234,1.39266,3.08,1.50
2011.11.10 10:05:36.464,1.39234,1.39266,3.08,1.50
2011.11.10 10:05:36.597,1.39235,1.39266,1.36,1.50
2011.11.10 10:05:36.715,1.39238,1.39268,1.73,1.50
2011.11.10 10:05:37.322,1.39232,1.39238,1.13,1.58
2011.11.10 10:05:37.687,1.39206,1.39229,1.13,1.73
2011.11.10 10:05:37.807,1.39202,1.39222,1.15,1.13
2011.11.10 10:05:37.938,1.39193,1.39222,1.85,1.13
2011.11.10 10:05:38.463,1.3919,1.39216,1.73,1.50
2011.11.10 10:05:38.599,1.39185,1.39216,1.35,1.50
2011.11.10 10:05:38.848,1.39183,1.3921,1.67,1.50
2011.11.10 10:05:38.976,1.39178,1.3921,2.10,1.50
2011.11.10 10:05:39.094,1.39178,1.39209,2.10,1.50
2011.11.10 10:05:39.217,1.39178,1.39209,2.10,1.50
2011.11.10 10:05:39.705,1.3918,1.39208,1.67,1.50
2011.11.10 10:05:40.564,1.39187,1.3921,1.13,1.20
2011.11.10 10:05:40.686,1.39185,1.3921,1.13,1.20
2011.11.10 10:05:40.805,1.39189,1.39211,1.50,1.88
2011.11.10 10:05:40.927,1.39182,1.39211,2.10,1.88
2011.11.10 10:05:41.057,1.39178,1.39207,1.50,1.50
2011.11.10 10:05:41.298,1.39176,1.39203,2.11,1.50
2011.11.10 10:05:41.545,1.39173,1.39203,1.96,2.25
2011.11.10 10:05:42.024,1.39172,1.39203,1.58,2.25
2011.11.10 10:05:42.959,1.39173,1.39203,1.58,2.25
2011.11.10 10:05:43.332,1.39183,1.39212,1.36,1.50
2011.11.10 10:05:43.458,1.39183,1.39212,1.73,1.50
2011.11.10 10:05:43.591,1.39182,1.39208,1.73,4.50
2011.11.10 10:05:43.837,1.39181,1.39207,1.58,1.50
2011.11.10 10:05:44.955,1.39176,1.39203,1.13,1.50
2011.11.10 10:05:45.078,1.39182,1.39211,1.50,1.50
2011.11.10 10:05:45.195,1.39182,1.39211,1.50,1.50
2011.11.10 10:05:45.748,1.39173,1.39203,1.50,1.50
2011.11.10 10:05:45.863,1.39177,1.39205,1.50,1.50
2011.11.10 10:05:45.986,1.39177,1.39207,1.73,1.50
2011.11.10 10:05:46.106,1.39179,1.39212,1.35,2.33
2011.11.10 10:05:46.333,1.39183,1.39208,1.50,1.50
2011.11.10 10:05:46.903,1.39178,1.39208,1.73,1.50
2011.11.10 10:05:47.490,1.39178,1.39209,1.73,2.25
2011.11.10 10:05:48.086,1.3918,1.39208,1.13,1.50
2011.11.10 10:05:48.439,1.39184,1.39213,3.23,4.50
2011.11.10 10:05:48.569,1.39179,1.3921,1.50,1.50
2011.11.10 10:05:48.939,1.39174,1.39205,1.13,1.50
2011.11.10 10:05:49.495,1.39173,1.39205,2.48,1.50
2011.11.10 10:05:49.627,1.39173,1.39201,1.58,1.50
2011.11.10 10:05:50.558,1.3917,1.39198,2.86,1.50
2011.11.10 10:05:50.687,1.39172,1.39198,1.73,2.25
2011.11.10 10:05:50.814,1.3917,1.39198,1.73,2.25
2011.11.10 10:05:51.783,1.39167,1.39198,1.73,3.00
2011.11.10 10:05:51.914,1.39166,1.39198,2.48,3.00
2011.11.10 10:05:52.492,1.39166,1.39196,1.73,1.50
2011.11.10 10:05:52.865,1.39165,1.39193,1.58,1.50
2011.11.10 10:05:53.645,1.39161,1.39191,2.33,1.50
2011.11.10 10:05:53.764,1.39161,1.39191,2.33,2.25
2011.11.10 10:05:54.535,1.39155,1.39181,1.50,4.50
2011.11.10 10:05:54.663,1.39156,1.39181,1.35,1.35
2011.11.10 10:05:54.785,1.39156,1.39184,1.35,1.50
2011.11.10 10:05:54.910,1.39156,1.39184,1.35,1.50
2011.11.10 10:05:55.514,1.39158,1.39186,1.13,1.50
2011.11.10 10:05:55.634,1.39161,1.39188,1.13,1.50
2011.11.10 10:05:55.756,1.39161,1.39189,1.13,1.50
2011.11.10 10:05:56.252,1.3916,1.39184,1.13,1.50
2011.11.10 10:05:56.818,1.39159,1.39188,2.25,1.50
2011.11.10 10:05:57.066,1.39159,1.39188,1.50,1.50
2011.11.10 10:05:57.634,1.3916,1.39188,1.50,1.50
2011.11.10 10:05:58.224,1.39159,1.39188,1.50,1.50
2011.11.10 10:05:59.093,1.39154,1.39175,1.73,1.50
2011.11.10 10:05:59.222,1.39151,1.39181,2.11,1.50
2011.11.10 10:05:59.345,1.39151,1.3918,1.88,1.50
2011.11.10 10:05:59.685,1.39151,1.39179,1.13,1.50
2011.11.10 10:06:00.562,1.39149,1.39179,1.50,1.50
2011.11.10 10:06:00.698,1.39145,1.39174,1.73,1.50
2011.11.10 10:06:00.947,1.39133,1.39163,2.45,2.25
2011.11.10 10:06:01.555,1.39134,1.39158,1.50,1.50
2011.11.10 10:06:02.243,1.39142,1.39165,1.35,2.25
2011.11.10 10:06:02.589,1.39143,1.39166,1.73,1.50
2011.11.10 10:06:02.729,1.39143,1.39171,2.48,1.50
2011.11.10 10:06:03.219,1.39144,1.39171,1.73,1.50
2011.11.10 10:06:03.981,1.39143,1.39167,1.50,1.50
2011.11.10 10:06:04.120,1.39132,1.39162,1.50,1.50
2011.11.10 10:06:04.489,1.39131,1.39159,2.10,1.50
2011.11.10 10:06:04.738,1.39136,1.39164,1.13,2.25
2011.11.10 10:06:04.868,1.39137,1.39164,1.35,2.25
2011.11.10 10:06:05.003,1.39137,1.39164,2.10,1.50
2011.11.10 10:06:05.128,1.3914,1.39168,1.73,2.25
2011.11.10 10:06:05.648,1.39136,1.39165,2.71,1.50
2011.11.10 10:06:05.777,1.39136,1.39163,2.71,1.50
2011.11.10 10:06:06.139,1.3913,1.39155,1.36,1.50
2011.11.10 10:06:06.748,1.3913,1.39156,1.36,1.50
2011.11.10 10:06:07.238,1.39132,1.39159,1.73,1.50
2011.11.10 10:06:07.366,1.39132,1.39159,1.73,1.50
2011.11.10 10:06:07.907,1.39132,1.39159,1.73,2.25
2011.11.10 10:06:08.695,1.39134,1.39159,1.73,1.50
2011.11.10 10:06:08.925,1.39131,1.39159,2.86,1.50
2011.11.10 10:06:09.385,1.39134,1.39159,1.73,1.50
2011.11.10 10:06:10.206,1.39133,1.39159,1.73,1.50
2011.11.10 10:06:10.553,1.39129,1.39153,1.73,1.50
2011.11.10 10:06:11.081,1.39125,1.39149,2.25,1.50
2011.11.10 10:06:11.326,1.39125,1.39153,1.50,2.25
2011.11.10 10:06:11.447,1.39122,1.39149,1.73,1.50
2011.11.10 10:06:12.608,1.39125,1.39151,1.35,1.50
2011.11.10 10:06:12.739,1.39125,1.39153,1.50,1.50
2011.11.10 10:06:13.218,1.39125,1.39155,1.50,2.25
2011.11.10 10:06:13.576,1.39125,1.39153,1.50,1.50
2011.11.10 10:06:13.936,1.39121,1.39149,1.73,1.50
2011.11.10 10:06:14.300,1.3913,1.39149,1.50,1.50
2011.11.10 10:06:14.429,1.39131,1.39154,1.50,1.79
2011.11.10 10:06:14.559,1.3913,1.39154,1.50,1.88
2011.11.10 10:06:15.014,1.39129,1.39153,1.50,1.50
2011.11.10 10:06:15.149,1.39119,1.39146,1.50,1.50
2011.11.10 10:06:16.657,1.39119,1.39143,1.50,1.50
2011.11.10 10:06:17.007,1.39119,1.39141,1.50,1.50
2011.11.10 10:06:17.726,1.39113,1.3914,2.25,1.50
2011.11.10 10:06:19.043,1.39113,1.39139,1.50,1.50
2011.11.10 10:06:19.166,1.39113,1.39141,1.50,1.13
2011.11.10 10:06:19.848,1.39108,1.39137,1.50,1.50
2011.11.10 10:06:20.545,1.39091,1.39119,1.73,2.25
2011.11.10 10:06:20.668,1.39091,1.39119,1.73,2.25
2011.11.10 10:06:20.915,1.39091,1.39119,1.50,1.50
2011.11.10 10:06:21.039,1.39091,1.39113,1.50,1.50
2011.11.10 10:06:21.169,1.39089,1.39112,1.50,1.50
2011.11.10 10:06:21.298,1.39084,1.39108,1.50,1.50
2011.11.10 10:06:21.430,1.39077,1.39107,1.88,1.50
2011.11.10 10:06:21.560,1.39077,1.39104,1.88,1.50
2011.11.10 10:06:22.144,1.39077,1.39099,1.50,1.50
2011.11.10 10:06:22.278,1.39073,1.39101,1.50,2.09
2011.11.10 10:06:22.407,1.39076,1.39101,2.25,1.34
2011.11.10 10:06:25.754,1.39073,1.39097,1.50,1.13
2011.11.10 10:06:25.995,1.39056,1.39083,1.65,2.10
2011.11.10 10:06:26.114,1.39056,1.39082,1.50,1.50
2011.11.10 10:06:26.356,1.39047,1.3908,1.50,1.71
2011.11.10 10:06:26.722,1.39042,1.39076,1.73,1.50
2011.11.10 10:06:27.300,1.39043,1.3908,2.48,1.71
2011.11.10 10:06:27.755,1.39052,1.39078,1.50,1.13
2011.11.10 10:06:27.967,1.39052,1.39078,1.50,1.13
2011.11.10 10:06:28.533,1.39043,1.3908,2.48,1.34
2011.11.10 10:06:29.124,1.39043,1.3908,3.23,1.34
2011.11.10 10:06:29.244,1.39048,1.39081,1.35,1.71
2011.11.10 10:06:29.490,1.3905,1.39076,1.88,1.50
2011.11.10 10:06:29.737,1.39046,1.39076,2.33,1.50
2011.11.10 10:06:30.177,1.39046,1.39075,1.35,1.50
2011.11.10 10:06:30.741,1.39044,1.39075,1.50,2.84
2011.11.10 10:06:31.227,1.39045,1.39077,1.58,1.56
2011.11.10 10:06:31.591,1.39049,1.39073,1.50,1.28
2011.11.10 10:06:31.716,1.39049,1.39075,1.50,1.34
2011.11.10 10:06:31.836,1.39045,1.39076,1.50,3.00
2011.11.10 10:06:32.824,1.39045,1.3907,1.50,1.50
2011.11.10 10:06:33.776,1.39044,1.39072,1.50,1.50
2011.11.10 10:06:34.122,1.39048,1.39072,1.50,1.50
2011.11.10 10:06:35.555,1.39045,1.39072,1.50,1.88
2011.11.10 10:06:35.678,1.39043,1.39072,1.50,2.48
2011.11.10 10:06:35.926,1.39043,1.39069,1.50,1.50
2011.11.10 10:06:36.048,1.39037,1.39069,2.25,2.25
2011.11.10 10:06:36.652,1.39038,1.39071,1.36,1.50
2011.11.10 10:06:36.775,1.39042,1.39074,1.50,1.50
2011.11.10 10:06:37.125,1.39051,1.3908,1.50,2.25
2011.11.10 10:06:37.726,1.39051,1.3908,1.50,1.50
2011.11.10 10:06:37.971,1.39048,1.39085,1.58,6.00
2011.11.10 10:06:38.103,1.3905,1.39085,1.36,4.50
2011.11.10 10:06:38.229,1.39045,1.39082,2.86,2.25
2011.11.10 10:06:38.358,1.39045,1.39082,3.23,2.25
2011.11.10 10:06:38.594,1.39045,1.39084,2.48,2.25
2011.11.10 10:06:38.716,1.39046,1.39084,1.73,1.50
2011.11.10 10:06:38.955,1.39049,1.39086,2.33,1.50
2011.11.10 10:06:39.196,1.39052,1.39086,1.50,1.50
2011.11.10 10:06:39.772,1.39052,1.39086,1.35,1.50
2011.11.10 10:06:40.695,1.3905,1.39085,2.33,1.13
2011.11.10 10:06:40.820,1.3905,1.39082,2.10,1.50
2011.11.10 10:06:40.946,1.39048,1.39082,2.48,1.50
2011.11.10 10:06:41.521,1.39048,1.39082,1.73,1.50
2011.11.10 10:06:41.643,1.39048,1.39084,1.73,1.50
2011.11.10 10:06:41.988,1.39053,1.39085,2.10,1.88
2011.11.10 10:06:42.364,1.39058,1.39092,2.85,1.50
2011.11.10 10:06:42.816,1.39062,1.39092,1.35,1.50
2011.11.10 10:06:42.948,1.39066,1.39096,1.35,1.50
2011.11.10 10:06:43.316,1.3906,1.39094,1.73,3.00
2011.11.10 10:06:43.875,1.3906,1.39092,1.50,1.50
2011.11.10 10:06:44.557,1.39066,1.39093,1.50,1.50
2011.11.10 10:06:46.796,1.39068,1.39096,1.50,1.50
2011.11.10 10:06:46.914,1.39071,1.39099,1.50,1.73
2011.11.10 10:06:47.267,1.39072,1.39102,1.50,1.88
2011.11.10 10:06:47.394,1.39076,1.39103,1.50,1.34
2011.11.10 10:06:47.971,1.39076,1.39103,1.50,1.50
2011.11.10 10:06:48.703,1.39076,1.39103,1.50,1.50
2011.11.10 10:06:48.824,1.39076,1.39103,1.50,1.50
2011.11.10 10:06:49.066,1.3907,1.39101,1.50,2.25
2011.11.10 10:06:49.667,1.39073,1.39101,1.50,1.50
2011.11.10 10:06:50.014,1.39081,1.39106,1.50,1.50
2011.11.10 10:06:50.252,1.39081,1.39108,1.50,3.38
2011.11.10 10:06:50.815,1.39085,1.39108,1.50,1.50
2011.11.10 10:06:50.942,1.39085,1.3911,1.50,1.50
2011.11.10 10:06:51.299,1.39085,1.39114,1.50,1.50
2011.11.10 10:06:51.547,1.39085,1.39114,1.50,1.50
2011.11.10 10:06:52.016,1.39085,1.3911,1.50,1.50
2011.11.10 10:06:52.801,1.39085,1.3911,1.50,1.50
2011.11.10 10:06:53.037,1.39079,1.39108,1.50,1.50
2011.11.10 10:06:53.705,1.39079,1.39109,1.50,2.10
2011.11.10 10:06:54.263,1.39079,1.39108,1.50,1.50
2011.11.10 10:06:56.234,1.39079,1.39108,1.50,1.50
2011.11.10 10:06:56.596,1.39079,1.39104,1.50,1.13
2011.11.10 10:06:56.934,1.39079,1.39105,1.50,1.50
2011.11.10 10:06:57.527,1.39079,1.39102,1.50,1.13
2011.11.10 10:06:57.764,1.39075,1.39103,1.50,2.63
2011.11.10 10:06:57.884,1.39075,1.39103,1.50,2.63
2011.11.10 10:06:58.004,1.39072,1.39103,1.50,2.63
2011.11.10 10:06:58.242,1.39078,1.39103,1.50,1.88
2011.11.10 10:06:59.598,1.39081,1.39109,1.50,1.13
2011.11.10 10:06:59.719,1.39081,1.39108,1.50,1.50
2011.11.10 10:06:59.845,1.39076,1.39106,1.73,2.25
2011.11.10 10:06:59.964,1.39074,1.39106,3.23,2.25
2011.11.10 10:07:00.885,1.39074,1.39102,1.50,1.50
2011.11.10 10:07:01.354,1.39076,1.39105,2.10,1.50
2011.11.10 10:07:01.474,1.39076,1.39106,2.10,1.50
2011.11.10 10:07:02.274,1.39078,1.3911,1.50,2.25
2011.11.10 10:07:02.405,1.39076,1.39108,2.33,1.50
2011.11.10 10:07:02.647,1.39078,1.3911,1.50,2.25
2011.11.10 10:07:03.617,1.39081,1.39113,1.50,3.23
2011.11.10 10:07:04.503,1.39082,1.39114,1.58,1.50
2011.11.10 10:07:04.624,1.39083,1.39115,1.73,1.50
2011.11.10 10:07:05.369,1.39083,1.39115,1.73,2.25
2011.11.10 10:07:05.609,1.39083,1.39115,1.73,2.85
2011.11.10 10:07:06.667,1.39084,1.39114,1.50,1.50
2011.11.10 10:07:06.904,1.39084,1.39115,1.73,1.50
2011.11.10 10:07:08.655,1.39084,1.39114,1.50,1.50
2011.11.10 10:07:08.899,1.39083,1.39113,1.50,1.50
2011.11.10 10:07:09.271,1.39079,1.3911,1.50,1.50
2011.11.10 10:07:09.404,1.3908,1.39112,1.50,1.50
2011.11.10 10:07:09.529,1.39081,1.39112,1.50,1.50
2011.11.10 10:07:10.173,1.39088,1.39118,1.50,1.50
2011.11.10 10:07:10.298,1.39088,1.39118,1.50,1.50
2011.11.10 10:07:11.301,1.39088,1.39118,1.50,2.25
2011.11.10 10:07:14.139,1.39088,1.39118,1.50,2.25
2011.11.10 10:07:14.512,1.39086,1.39118,1.73,2.25
2011.11.10 10:07:14.643,1.39092,1.39116,1.50,1.50
2011.11.10 10:07:14.876,1.39091,1.39118,1.50,1.50
2011.11.10 10:07:14.993,1.39089,1.39118,1.50,1.88
2011.11.10 10:07:15.116,1.39088,1.39118,1.88,1.88
2011.11.10 10:07:15.632,1.39082,1.39113,1.50,1.50
2011.11.10 10:07:15.993,1.39083,1.39112,1.50,2.25
2011.11.10 10:07:16.478,1.39083,1.39106,1.50,1.13
2011.11.10 10:07:16.849,1.39076,1.391,2.33,1.88
2011.11.10 10:07:16.983,1.39075,1.39099,1.50,1.13
2011.11.10 10:07:17.109,1.39069,1.39097,1.50,1.13
2011.11.10 10:07:17.611,1.39065,1.39095,2.48,1.50
2011.11.10 10:07:18.412,1.39068,1.39095,1.73,2.25
2011.11.10 10:07:19.798,1.39068,1.39098,3.98,1.50
2011.11.10 10:07:19.926,1.3907,1.39099,1.50,2.25
2011.11.10 10:07:20.493,1.39078,1.39105,1.50,1.50
2011.11.10 10:07:21.064,1.39075,1.39105,2.11,1.50
2011.11.10 10:07:21.426,1.3908,1.39116,2.71,1.50
2011.11.10 10:07:21.546,1.3908,1.39116,2.33,1.50
2011.11.10 10:07:21.665,1.3908,1.39118,2.33,1.50
2011.11.10 10:07:21.893,1.3908,1.39114,1.36,2.25
2011.11.10 10:07:22.235,1.39084,1.39112,1.50,2.25
2011.11.10 10:07:22.887,1.3908,1.39109,1.36,2.25
2011.11.10 10:07:23.239,1.3907,1.39099,1.73,1.50
2011.11.10 10:07:23.370,1.3907,1.39097,1.50,2.25
2011.11.10 10:07:23.741,1.39071,1.39101,1.13,2.25
2011.11.10 10:07:24.822,1.39077,1.39105,1.50,1.50
2011.11.10 10:07:25.070,1.39081,1.39111,1.50,1.50
2011.11.10 10:07:25.195,1.39081,1.39112,1.50,1.50
2011.11.10 10:07:25.906,1.39085,1.39115,2.25,2.25
2011.11.10 10:07:27.725,1.39085,1.39115,1.50,2.25
2011.11.10 10:07:27.845,1.39081,1.39109,1.50,1.50
2011.11.10 10:07:27.964,1.39079,1.39109,2.48,1.50
2011.11.10 10:07:28.083,1.39079,1.39109,3.23,1.50
2011.11.10 10:07:28.323,1.39079,1.3911,3.61,1.50
2011.11.10 10:07:28.565,1.39079,1.3911,2.86,1.50
2011.11.10 10:07:28.812,1.39081,1.39107,1.50,1.50
2011.11.10 10:07:29.665,1.39081,1.39109,1.50,1.50
2011.11.10 10:07:30.428,1.3908,1.39108,1.50,1.50
2011.11.10 10:07:30.677,1.39075,1.39105,1.50,1.50
2011.11.10 10:07:30.807,1.39075,1.39106,1.50,2.10
2011.11.10 10:07:31.295,1.39081,1.39108,1.50,1.13
2011.11.10 10:07:31.848,1.39081,1.3911,1.50,1.50
2011.11.10 10:07:32.204,1.39085,1.39115,1.50,3.00
2011.11.10 10:07:32.662,1.39085,1.39115,1.50,2.25
2011.11.10 10:07:33.185,1.39085,1.39115,1.50,2.25
2011.11.10 10:07:33.744,1.39085,1.39115,1.50,2.25
2011.11.10 10:07:35.690,1.39085,1.39116,1.50,2.25
2011.11.10 10:07:35.817,1.39085,1.39114,1.50,1.50
2011.11.10 10:07:36.289,1.39085,1.39115,2.25,1.50
2011.11.10 10:07:36.873,1.39089,1.39119,1.50,1.50
2011.11.10 10:07:37.213,1.39092,1.3912,1.50,2.25
2011.11.10 10:07:37.338,1.39092,1.3912,1.50,1.50
2011.11.10 10:07:37.855,1.39092,1.39119,1.50,1.50
2011.11.10 10:07:38.203,1.39087,1.39115,2.10,1.50
2011.11.10 10:07:38.449,1.39087,1.39115,2.10,2.25
2011.11.10 10:07:38.574,1.39087,1.39115,1.50,3.00
2011.11.10 10:07:38.911,1.39087,1.39115,1.50,2.25
2011.11.10 10:07:39.255,1.39087,1.39115,1.50,2.25
2011.11.10 10:07:39.377,1.39085,1.3911,1.50,1.50
2011.11.10 10:07:39.517,1.39082,1.39109,1.50,1.50
2011.11.10 10:07:39.996,1.39083,1.39113,1.50,1.50
2011.11.10 10:07:40.342,1.39082,1.39112,1.50,1.50
2011.11.10 10:07:40.809,1.39083,1.39115,1.73,1.50
2011.11.10 10:07:41.045,1.39083,1.39114,1.73,1.50
2011.11.10 10:07:42.220,1.39089,1.39118,1.50,2.25
2011.11.10 10:07:42.586,1.39086,1.39113,2.25,1.50
2011.11.10 10:07:42.706,1.39084,1.39112,1.88,1.50
2011.11.10 10:07:42.828,1.39078,1.39108,3.23,1.50
2011.11.10 10:07:42.954,1.39078,1.39108,2.48,1.50
2011.11.10 10:07:43.074,1.39081,1.39109,1.50,1.50
2011.11.10 10:07:43.196,1.39087,1.39113,1.88,1.50
2011.11.10 10:07:43.317,1.3909,1.39114,1.50,1.50
2011.11.10 10:07:43.434,1.3909,1.39118,1.50,1.50
2011.11.10 10:07:43.992,1.3909,1.3912,1.73,1.50
2011.11.10 10:07:45.634,1.39095,1.39125,1.50,2.25
2011.11.10 10:07:45.767,1.39106,1.39136,1.50,2.25
2011.11.10 10:07:46.587,1.39106,1.39137,2.48,2.25
2011.11.10 10:07:46.935,1.39102,1.39128,1.13,1.50
2011.11.10 10:07:48.130,1.39102,1.3913,1.88,3.00
2011.11.10 10:07:48.265,1.39107,1.39135,2.48,1.50
2011.11.10 10:07:48.739,1.39107,1.39135,2.25,1.50
2011.11.10 10:07:48.987,1.39105,1.39131,2.25,1.50
2011.11.10 10:07:49.337,1.39105,1.39128,1.50,1.50
2011.11.10 10:07:49.901,1.39107,1.39129,1.50,1.50
2011.11.10 10:07:50.510,1.39107,1.39137,1.50,2.25
2011.11.10 10:07:50.999,1.39107,1.39135,1.50,2.25
2011.11.10 10:07:51.466,1.39105,1.39132,2.25,1.54
2011.11.10 10:07:51.818,1.39071,1.39096,1.65,1.13
2011.11.10 10:07:51.947,1.39061,1.39091,1.13,1.58
2011.11.10 10:07:52.066,1.39056,1.39078,1.73,1.65
2011.11.10 10:07:52.189,1.39047,1.39083,1.47,1.58
2011.11.10 10:07:52.313,1.39043,1.39083,2.45,1.50
2011.11.10 10:07:52.437,1.39043,1.39079,1.47,1.58
2011.11.10 10:07:52.553,1.39038,1.39072,1.73,1.50
2011.11.10 10:07:52.676,1.39043,1.39084,1.50,3.38
2011.11.10 10:07:53.285,1.39036,1.39066,1.50,1.50
2011.11.10 10:07:53.420,1.39035,1.39065,1.50,1.50
2011.11.10 10:07:53.547,1.39035,1.39065,1.50,1.50
2011.11.10 10:07:53.683,1.39032,1.39062,1.13,1.50
2011.11.10 10:07:53.813,1.39034,1.39062,1.50,1.50
2011.11.10 10:07:54.058,1.39032,1.39061,1.13,1.50
2011.11.10 10:07:54.188,1.3903,1.39059,1.88,2.25
2011.11.10 10:07:54.318,1.39026,1.39055,1.50,1.50
2011.11.10 10:07:54.445,1.39025,1.39055,1.50,1.50
2011.11.10 10:07:54.567,1.39026,1.39055,1.50,1.50
2011.11.10 10:07:55.112,1.3903,1.3906,1.50,1.50
2011.11.10 10:07:55.477,1.39036,1.39065,1.50,2.25
2011.11.10 10:07:55.818,1.39041,1.39068,1.50,1.50
2011.11.10 10:07:56.068,1.39047,1.39077,1.50,1.50
2011.11.10 10:07:56.319,1.39054,1.39082,1.50,1.50
2011.11.10 10:07:56.445,1.39054,1.39084,2.25,2.25
2011.11.10 10:07:56.903,1.39056,1.39084,1.50,1.50
2011.11.10 10:07:57.022,1.39059,1.39086,1.50,1.50
2011.11.10 10:07:57.864,1.39056,1.39083,1.50,1.50
2011.11.10 10:07:57.988,1.39054,1.39083,2.25,1.50
2011.11.10 10:07:58.742,1.39059,1.39084,1.50,1.50
2011.11.10 10:07:58.870,1.39062,1.39087,2.25,1.50
2011.11.10 10:07:58.997,1.39062,1.39089,2.25,2.29
2011.11.10 10:07:59.118,1.39059,1.39087,1.50,1.50
2011.11.10 10:07:59.356,1.3906,1.39087,1.50,1.50
2011.11.10 10:07:59.476,1.39061,1.3909,1.50,2.25
2011.11.10 10:08:00.116,1.39061,1.39087,1.50,1.50
2011.11.10 10:08:00.706,1.39061,1.3909,1.50,1.50
2011.11.10 10:08:00.947,1.39062,1.3909,1.50,2.25
2011.11.10 10:08:01.524,1.3906,1.39087,1.50,1.50
2011.11.10 10:08:01.983,1.39062,1.3909,1.50,1.50
2011.11.10 10:08:03.174,1.39061,1.39089,1.73,1.50
2011.11.10 10:08:04.664,1.39061,1.39088,1.50,1.50
2011.11.10 10:08:05.028,1.39057,1.39084,1.50,1.50
2011.11.10 10:08:05.400,1.39054,1.39081,1.50,1.50
2011.11.10 10:08:05.876,1.39055,1.39083,1.50,1.50
2011.11.10 10:08:06.243,1.39058,1.39086,1.73,1.50
2011.11.10 10:08:06.365,1.39058,1.39088,1.73,1.50
2011.11.10 10:08:06.745,1.39061,1.39093,1.50,3.08
2011.11.10 10:08:06.871,1.39063,1.39093,2.25,2.25
2011.11.10 10:08:07.002,1.39063,1.39087,2.25,1.50
2011.11.10 10:08:07.130,1.39054,1.39082,1.73,1.50
2011.11.10 10:08:07.365,1.39054,1.39084,1.73,2.25
2011.11.10 10:08:08.204,1.39056,1.39084,1.73,1.50
2011.11.10 10:08:09.603,1.39056,1.39084,1.73,2.25
2011.11.10 10:08:10.070,1.39054,1.39082,1.50,1.50
2011.11.10 10:08:11.486,1.39054,1.39082,1.50,1.50
2011.11.10 10:08:11.827,1.39052,1.39082,1.50,1.50
2011.11.10 10:08:11.944,1.39054,1.39082,1.50,1.50
2011.11.10 10:08:12.286,1.39054,1.39082,1.50,1.50
2011.11.10 10:08:12.639,1.39059,1.39087,1.50,1.50
2011.11.10 10:08:12.874,1.39059,1.39088,1.50,1.50
2011.11.10 10:08:13.773,1.39059,1.39087,1.50,1.50
2011.11.10 10:08:13.903,1.39057,1.39086,1.50,1.50
2011.11.10 10:08:14.032,1.39053,1.39079,1.73,1.50
2011.11.10 10:08:14.279,1.39049,1.39079,1.73,1.50
2011.11.10 10:08:14.410,1.3905,1.3908,1.73,2.25
2011.11.10 10:08:14.780,1.39049,1.39078,1.73,1.50
2011.11.10 10:08:14.910,1.39045,1.39074,2.25,1.50
2011.11.10 10:08:15.039,1.39045,1.39073,1.50,1.50
2011.11.10 10:08:15.807,1.39045,1.39073,2.33,1.50
2011.11.10 10:08:15.932,1.39045,1.39076,2.33,2.25
2011.11.10 10:08:18.600,1.39049,1.39077,2.25,1.50
2011.11.10 10:08:18.736,1.39055,1.3908,1.50,1.50
2011.11.10 10:08:18.979,1.39061,1.39089,1.50,2.25
2011.11.10 10:08:19.229,1.39061,1.39089,1.73,1.50
2011.11.10 10:08:19.475,1.3906,1.39089,1.73,1.50
2011.11.10 10:08:19.827,1.39059,1.39089,1.50,1.50
2011.11.10 10:08:19.959,1.39051,1.39082,1.73,3.00
2011.11.10 10:08:20.814,1.39043,1.39071,1.35,2.25
2011.11.10 10:08:21.164,1.39051,1.3908,1.50,2.25
2011.11.10 10:08:21.284,1.39052,1.3908,1.50,2.25
2011.11.10 10:08:21.980,1.39054,1.39084,1.50,1.50
2011.11.10 10:08:22.107,1.39057,1.39085,1.50,2.25
2011.11.10 10:08:22.693,1.39057,1.39085,1.50,1.50
2011.11.10 10:08:23.290,1.39051,1.39082,2.33,1.50
2011.11.10 10:08:23.664,1.39051,1.39081,1.50,1.50
2011.11.10 10:08:24.016,1.39048,1.39077,1.35,1.50
2011.11.10 10:08:24.258,1.39048,1.39077,1.35,1.50
2011.11.10 10:08:25.095,1.39051,1.39081,1.50,1.50
2011.11.10 10:08:25.664,1.39051,1.39081,1.50,1.50
2011.11.10 10:08:26.192,1.39047,1.39078,1.73,2.25
2011.11.10 10:08:26.451,1.39043,1.39072,1.73,1.50
2011.11.10 10:08:26.821,1.39046,1.39076,2.25,1.50
2011.11.10 10:08:26.950,1.39049,1.39078,1.50,1.50
2011.11.10 10:08:27.184,1.39049,1.39077,1.50,1.50
2011.11.10 10:08:27.304,1.39052,1.39079,1.50,1.50
2011.11.10 10:08:27.534,1.39053,1.39083,1.50,2.25
2011.11.10 10:08:28.372,1.39053,1.39078,1.50,1.35
2011.11.10 10:08:28.505,1.39047,1.39075,1.50,1.50
2011.11.10 10:08:29.095,1.39046,1.39073,2.25,1.50
2011.11.10 10:08:29.663,1.39042,1.39072,1.50,1.50
2011.11.10 10:08:30.148,1.39042,1.39072,1.50,1.50
2011.11.10 10:08:30.706,1.39033,1.3906,1.73,1.50
2011.11.10 10:08:30.837,1.39018,1.39048,1.73,1.50
2011.11.10 10:08:30.956,1.39023,1.39051,1.50,1.50
2011.11.10 10:08:31.316,1.39023,1.39054,1.50,2.25
2011.11.10 10:08:32.038,1.39021,1.39047,1.50,1.50
2011.11.10 10:08:32.562,1.39016,1.3904,1.58,1.50
2011.11.10 10:08:32.699,1.39011,1.39039,1.50,1.50
2011.11.10 10:08:32.822,1.39013,1.39039,1.35,1.50
2011.11.10 10:08:33.188,1.39014,1.39041,1.50,1.50
2011.11.10 10:08:33.320,1.39014,1.39044,2.25,2.25
2011.11.10 10:08:34.015,1.39015,1.39045,1.50,2.25
2011.11.10 10:08:34.446,1.39015,1.39044,1.50,1.88
2011.11.10 10:08:34.575,1.39014,1.3904,1.50,1.50
2011.11.10 10:08:35.736,1.39014,1.39039,1.50,2.25
2011.11.10 10:08:36.185,1.39021,1.3904,1.50,2.25
2011.11.10 10:08:36.431,1.3903,1.39057,1.50,2.12
2011.11.10 10:08:36.566,1.3903,1.39057,2.25,2.25
2011.11.10 10:08:37.124,1.39032,1.39057,2.25,1.50
2011.11.10 10:08:37.251,1.39035,1.3906,1.50,1.50
2011.11.10 10:08:37.380,1.39036,1.3906,1.50,1.50
2011.11.10 10:08:37.506,1.39037,1.39061,1.50,1.50
2011.11.10 10:08:37.628,1.39037,1.39062,2.25,1.50
2011.11.10 10:08:37.874,1.39038,1.39064,1.50,1.50
2011.11.10 10:08:38.489,1.39037,1.39061,1.50,2.25
2011.11.10 10:08:38.848,1.39037,1.39061,1.50,1.50
2011.11.10 10:08:38.973,1.39037,1.39063,1.50,1.50
2011.11.10 10:08:40.053,1.39039,1.39064,1.50,1.50
2011.11.10 10:08:40.297,1.39037,1.39062,1.50,1.88
2011.11.10 10:08:40.421,1.39034,1.3906,1.35,1.50
2011.11.10 10:08:40.547,1.39034,1.3906,1.35,1.88
2011.11.10 10:08:40.681,1.39034,1.3906,1.35,1.50
2011.11.10 10:08:40.807,1.39034,1.39061,1.50,1.50
2011.11.10 10:08:41.165,1.39034,1.39058,1.50,1.50
2011.11.10 10:08:41.736,1.39033,1.3906,1.50,1.50
2011.11.10 10:08:41.856,1.39034,1.3906,1.35,1.50
2011.11.10 10:08:42.400,1.39037,1.39063,1.50,1.35
2011.11.10 10:08:42.646,1.39035,1.39063,1.50,1.50
2011.11.10 10:08:42.769,1.39035,1.39064,1.50,2.25
2011.11.10 10:08:43.367,1.39034,1.39062,1.50,1.50
2011.11.10 10:08:43.836,1.39033,1.39058,1.50,1.50
2011.11.10 10:08:44.511,1.39033,1.39058,1.50,2.25
2011.11.10 10:08:45.497,1.39027,1.39055,2.25,1.50
2011.11.10 10:08:46.787,1.39027,1.39052,2.85,1.50
2011.11.10 10:08:49.664,1.39026,1.39055,1.35,1.50
2011.11.10 10:08:49.783,1.39032,1.39055,2.33,1.50
2011.11.10 10:08:50.024,1.39036,1.39062,1.35,1.50
2011.11.10 10:08:50.729,1.39038,1.39062,1.58,1.50
2011.11.10 10:08:51.319,1.39038,1.39062,1.58,1.50
2011.11.10 10:08:51.778,1.39041,1.39062,1.35,1.50
2011.11.10 10:08:52.145,1.39037,1.39065,1.73,1.50
2011.11.10 10:08:52.509,1.39037,1.39064,1.73,1.50
2011.11.10 10:08:52.750,1.39036,1.39066,1.35,1.50
2011.11.10 10:08:53.117,1.39036,1.39069,2.10,1.50
2011.11.10 10:08:53.874,1.39039,1.39069,1.73,1.50
2011.11.10 10:08:56.746,1.39039,1.39067,1.73,1.50
2011.11.10 10:08:56.873,1.39035,1.39062,1.73,1.50
2011.11.10 10:08:56.994,1.39034,1.39062,1.73,1.50
2011.11.10 10:08:57.333,1.39034,1.39062,1.73,1.50
2011.11.10 10:08:57.926,1.39032,1.39059,1.36,1.50
2011.11.10 10:08:58.408,1.39031,1.39056,1.73,1.13
2011.11.10 10:08:59.118,1.39027,1.39059,1.73,1.50
2011.11.10 10:08:59.244,1.39027,1.39057,1.73,1.50
2011.11.10 10:08:59.605,1.39027,1.39054,1.73,1.05
2011.11.10 10:09:00.111,1.39027,1.39054,1.73,1.80
2011.11.10 10:09:00.247,1.39021,1.3905,1.50,2.25
2011.11.10 10:09:00.834,1.39025,1.3905,1.50,1.50
2011.11.10 10:09:01.174,1.39027,1.39052,1.35,1.71
2011.11.10 10:09:01.883,1.39027,1.39052,1.35,1.71
2011.11.10 10:09:02.490,1.39027,1.3905,1.35,1.71
2011.11.10 10:09:02.864,1.39028,1.39052,2.10,1.34
2011.11.10 10:09:02.990,1.39026,1.39051,1.35,1.34
2011.11.10 10:09:03.240,1.39026,1.39052,1.50,1.35
2011.11.10 10:09:03.370,1.39025,1.39051,1.13,1.50
2011.11.10 10:09:03.619,1.39024,1.39051,1.50,1.50
2011.11.10 10:09:04.139,1.39024,1.39051,1.50,1.50
2011.11.10 10:09:04.263,1.3902,1.39049,1.73,1.50
2011.11.10 10:09:04.606,1.39027,1.39052,1.50,2.46
2011.11.10 10:09:04.733,1.39027,1.39053,2.25,1.34
2011.11.10 10:09:04.976,1.39027,1.39054,2.48,1.73
2011.11.10 10:09:05.093,1.39027,1.39054,1.73,1.50
2011.11.10 10:09:05.677,1.39027,1.39054,1.73,1.73
2011.11.10 10:09:06.159,1.39025,1.3905,2.48,1.50
2011.11.10 10:09:06.460,1.39025,1.39051,2.25,1.50
2011.11.10 10:09:06.885,1.3902,1.39049,2.48,1.50
2011.11.10 10:09:07.010,1.39021,1.3905,1.73,1.50
2011.11.10 10:09:07.896,1.39021,1.39049,1.73,1.50
2011.11.10 10:09:08.489,1.39019,1.39048,2.48,1.50
2011.11.10 10:09:09.193,1.39015,1.39044,1.50,1.50
2011.11.10 10:09:09.316,1.39021,1.39045,1.50,1.71
2011.11.10 10:09:09.882,1.39018,1.39045,2.25,2.46
2011.11.10 10:09:10.457,1.39018,1.39042,1.50,1.50
2011.11.10 10:09:11.165,1.3902,1.39046,1.73,1.71
2011.11.10 10:09:11.779,1.3902,1.39046,1.50,1.88
2011.11.10 10:09:11.892,1.39016,1.39043,1.50,1.50
2011.11.10 10:09:12.018,1.39014,1.39041,1.50,1.50
2011.11.10 10:09:13.065,1.39013,1.39041,1.50,2.25
2011.11.10 10:09:13.188,1.39011,1.3904,1.50,1.50
2011.11.10 10:09:13.317,1.3901,1.3904,1.50,1.50
2011.11.10 10:09:13.910,1.3901,1.39038,1.50,1.50
2011.11.10 10:09:14.028,1.39008,1.39031,1.50,1.35
2011.11.10 10:09:14.398,1.39003,1.39029,1.50,2.84
2011.11.10 10:09:14.523,1.39003,1.39031,1.50,2.25
2011.11.10 10:09:14.885,1.39003,1.39031,1.50,2.25
2011.11.10 10:09:15.551,1.39008,1.39031,1.35,3.00
2011.11.10 10:09:15.776,1.39015,1.39042,1.35,1.50
2011.11.10 10:09:15.895,1.39012,1.39037,1.50,2.10
2011.11.10 10:09:16.017,1.39012,1.39038,1.50,1.13
2011.11.10 10:09:16.259,1.39008,1.39036,1.50,1.50
2011.11.10 10:09:16.385,1.39002,1.39029,1.73,1.50
2011.11.10 10:09:17.517,1.39001,1.39029,1.50,1.50
2011.11.10 10:09:18.026,1.39007,1.39034,1.50,2.25
2011.11.10 10:09:18.146,1.39013,1.39034,1.50,2.25
2011.11.10 10:09:18.266,1.39013,1.39034,1.50,1.50
2011.11.10 10:09:18.388,1.39014,1.39041,1.50,2.29
2011.11.10 10:09:18.523,1.39017,1.3904,1.50,1.35
2011.11.10 10:09:18.651,1.39012,1.39039,1.50,2.25
2011.11.10 10:09:18.786,1.3901,1.39038,1.50,1.50
2011.11.10 10:09:19.025,1.39009,1.39036,1.50,1.50
2011.11.10 10:09:19.888,1.39008,1.3903,1.50,1.28
2011.11.10 10:09:20.128,1.39002,1.39029,1.50,1.50
2011.11.10 10:09:20.256,1.39002,1.3903,1.50,2.25
2011.11.10 10:09:20.614,1.38999,1.39029,2.48,1.50
2011.11.10 10:09:20.845,1.39005,1.39033,2.48,1.50
2011.11.10 10:09:24.452,1.39005,1.39035,1.73,1.50
2011.11.10 10:09:24.792,1.39005,1.39035,2.11,1.50
2011.11.10 10:09:25.997,1.39005,1.39033,1.73,1.50
2011.11.10 10:09:26.491,1.39002,1.3903,1.50,1.50
2011.11.10 10:09:26.627,1.38997,1.39026,1.73,1.50
2011.11.10 10:09:26.749,1.38997,1.39026,1.73,1.50
2011.11.10 10:09:27.121,1.38993,1.39018,1.50,1.50
2011.11.10 10:09:27.730,1.38993,1.39023,1.50,1.50
2011.11.10 10:09:27.856,1.38995,1.39025,1.50,2.25
2011.11.10 10:09:28.451,1.38996,1.39025,1.58,1.50
2011.11.10 10:09:29.389,1.38995,1.39019,1.73,1.50
2011.11.10 10:09:29.759,1.38988,1.39018,1.50,1.50
2011.11.10 10:09:29.888,1.38988,1.39019,1.50,3.00
2011.11.10 10:09:30.567,1.38988,1.39019,1.50,2.25
2011.11.10 10:09:30.696,1.38988,1.39018,1.50,1.50
2011.11.10 10:09:30.816,1.38988,1.3902,1.50,2.25
2011.11.10 10:09:30.935,1.38988,1.39018,1.50,1.50
2011.11.10 10:09:31.299,1.38998,1.39023,1.50,1.50
2011.11.10 10:09:31.428,1.39008,1.39029,1.50,1.54
2011.11.10 10:09:31.556,1.39003,1.39029,1.58,1.50
2011.11.10 10:09:31.797,1.39009,1.39033,2.25,1.50
2011.11.10 10:09:31.919,1.3901,1.39038,1.50,1.54
2011.11.10 10:09:32.165,1.3901,1.3904,1.50,3.00
2011.11.10 10:09:33.107,1.39008,1.39039,2.25,1.50
2011.11.10 10:09:33.349,1.39011,1.39039,1.50,1.50
2011.11.10 10:09:33.475,1.39011,1.39039,1.50,1.50
2011.11.10 10:09:33.834,1.39012,1.39042,1.73,1.50
2011.11.10 10:09:33.959,1.39012,1.39042,1.73,2.25
2011.11.10 10:09:34.533,1.39011,1.39041,2.86,2.25
2011.11.10 10:09:34.855,1.39011,1.39039,2.86,1.50
2011.11.10 10:09:35.574,1.39011,1.39039,1.50,1.50
2011.11.10 10:09:36.024,1.39011,1.39035,1.50,1.35
2011.11.10 10:09:36.144,1.39008,1.39034,1.73,1.50
2011.11.10 10:09:36.266,1.39003,1.39025,1.28,1.50
2011.11.10 10:09:36.385,1.39001,1.39025,1.13,2.10
2011.11.10 10:09:36.503,1.38997,1.39024,1.50,1.35
2011.11.10 10:09:36.733,1.38997,1.39023,1.50,1.35
2011.11.10 10:09:36.979,1.38997,1.39024,1.50,1.35
2011.11.10 10:09:37.337,1.38997,1.39026,1.50,1.50
2011.11.10 10:09:38.167,1.38996,1.39028,1.73,1.50
2011.11.10 10:09:38.416,1.39004,1.3903,2.48,1.50
2011.11.10 10:09:38.539,1.39003,1.39033,1.50,1.50
2011.11.10 10:09:38.791,1.39003,1.39028,1.88,1.50
2011.11.10 10:09:38.923,1.38999,1.39022,2.25,1.50
2011.11.10 10:09:39.049,1.38999,1.39025,2.25,2.85
2011.11.10 10:09:39.176,1.38999,1.3902,1.50,1.50
2011.11.10 10:09:39.420,1.38999,1.39025,1.50,3.00
2011.11.10 10:09:39.965,1.38995,1.39023,1.50,2.25
2011.11.10 10:09:40.195,1.38995,1.39023,1.50,1.50
2011.11.10 10:09:40.536,1.38994,1.39021,1.50,1.50
2011.11.10 10:09:40.773,1.38992,1.3902,1.50,1.50
2011.11.10 10:09:41.376,1.38989,1.39019,2.18,1.50
2011.11.10 10:09:41.496,1.38995,1.39022,1.50,1.50
2011.11.10 10:09:41.737,1.38995,1.3902,1.50,1.50
2011.11.10 10:09:42.374,1.38995,1.39021,1.50,1.50
2011.11.10 10:09:42.498,1.38997,1.39022,1.50,1.50
2011.11.10 10:09:42.748,1.38999,1.39024,1.50,1.50
2011.11.10 10:09:43.118,1.39004,1.3903,1.50,1.50
2011.11.10 10:09:43.245,1.39006,1.39031,1.50,2.29
2011.11.10 10:09:43.604,1.39009,1.39034,2.25,1.50
2011.11.10 10:09:43.849,1.39009,1.39036,2.25,1.50
2011.11.10 10:09:44.204,1.39012,1.39037,1.50,1.50
2011.11.10 10:09:45.076,1.39012,1.39037,1.50,1.50
2011.11.10 10:09:45.303,1.39012,1.39037,1.50,1.50
2011.11.10 10:09:45.545,1.39011,1.39036,1.50,1.50
2011.11.10 10:09:45.784,1.39011,1.39036,1.50,1.50
2011.11.10 10:09:45.906,1.39012,1.3904,1.50,1.50
2011.11.10 10:09:46.030,1.39017,1.39043,1.50,1.50
2011.11.10 10:09:46.278,1.3901,1.3904,2.11,1.50
2011.11.10 10:09:46.409,1.39011,1.39041,1.36,1.50
2011.11.10 10:09:47.163,1.39018,1.39048,1.73,1.50
2011.11.10 10:09:47.290,1.39018,1.39048,1.50,2.63
2011.11.10 10:09:47.661,1.39013,1.39038,1.50,1.50
2011.11.10 10:09:47.789,1.39012,1.3904,1.50,2.25
2011.11.10 10:09:48.995,1.39012,1.39041,1.50,1.50
2011.11.10 10:09:49.116,1.39012,1.39039,1.50,1.50
2011.11.10 10:09:50.521,1.39012,1.3904,2.11,1.50
2011.11.10 10:09:50.649,1.39017,1.39046,1.50,1.50
2011.11.10 10:09:50.778,1.39022,1.39047,1.50,1.50
2011.11.10 10:09:50.909,1.3902,1.39048,1.50,1.50
2011.11.10 10:09:51.499,1.39022,1.3905,1.50,3.23
2011.11.10 10:09:51.638,1.39015,1.39043,1.50,3.00
2011.11.10 10:09:51.882,1.39015,1.39042,1.73,1.50
2011.11.10 10:09:52.010,1.39018,1.39046,1.50,2.25
2011.11.10 10:09:52.134,1.39022,1.3905,1.50,2.25
2011.11.10 10:09:52.557,1.39022,1.3905,1.50,1.50
2011.11.10 10:09:53.138,1.39022,1.3905,2.48,1.50
2011.11.10 10:09:53.864,1.39022,1.3905,1.73,1.50
2011.11.10 10:09:54.485,1.39022,1.3905,1.73,1.50
2011.11.10 10:09:54.949,1.39022,1.39047,2.11,1.50
2011.11.10 10:09:55.438,1.39026,1.39051,1.58,1.50
2011.11.10 10:09:55.991,1.39032,1.39059,1.50,2.10
2011.11.10 10:09:56.360,1.39031,1.39054,2.48,1.35
2011.11.10 10:09:56.616,1.3902,1.39048,1.73,1.35
2011.11.10 10:09:56.739,1.3902,1.39049,1.50,1.50
2011.11.10 10:09:56.973,1.3902,1.3905,1.50,2.25
2011.11.10 10:09:58.425,1.3902,1.39048,1.73,1.50
2011.11.10 10:09:58.545,1.3902,1.39046,1.50,1.50
2011.11.10 10:10:00.544,1.39016,1.39043,1.50,2.85
2011.11.10 10:10:00.895,1.39011,1.39041,1.73,2.25
2011.11.10 10:10:01.475,1.39016,1.39046,1.73,1.50
2011.11.10 10:10:01.838,1.39021,1.39049,1.50,2.10
2011.11.10 10:10:02.208,1.39021,1.39049,1.50,2.10
2011.11.10 10:10:02.457,1.39018,1.39048,1.73,1.50
2011.11.10 10:10:02.577,1.39022,1.39048,3.08,1.50
2011.11.10 10:10:03.265,1.39024,1.39052,1.50,1.50
2011.11.10 10:10:03.391,1.39024,1.39051,1.50,1.50
2011.11.10 10:10:03.763,1.39028,1.39058,1.50,3.23
2011.11.10 10:10:04.133,1.39028,1.39054,1.50,1.50
2011.11.10 10:10:04.258,1.39023,1.39053,1.73,1.50
2011.11.10 10:10:05.025,1.39023,1.39053,1.50,2.25
2011.11.10 10:10:05.391,1.39026,1.39051,1.50,1.50
2011.11.10 10:10:05.745,1.39023,1.39051,1.50,1.50
2011.11.10 10:10:05.986,1.39021,1.39051,3.00,1.50
2011.11.10 10:10:06.443,1.39023,1.39054,2.25,1.50
2011.11.10 10:10:06.808,1.39028,1.39057,1.50,1.50
2011.11.10 10:10:07.217,1.39028,1.39058,1.50,2.25
2011.11.10 10:10:07.341,1.39028,1.39059,1.73,1.50
2011.11.10 10:10:07.580,1.39033,1.3906,1.50,1.35
2011.11.10 10:10:08.175,1.39033,1.3906,1.50,1.50
2011.11.10 10:10:10.175,1.39033,1.3906,1.50,1.50
2011.11.10 10:10:10.295,1.39033,1.3906,1.50,1.50
2011.11.10 10:10:10.859,1.39033,1.3906,1.50,1.50
2011.11.10 10:10:11.208,1.39033,1.39054,1.50,1.50
2011.11.10 10:10:11.577,1.39013,1.39037,1.47,1.50
2011.11.10 10:10:11.703,1.3901,1.39034,2.22,1.35
2011.11.10 10:10:11.834,1.39009,1.39031,1.47,1.35
2011.11.10 10:10:11.956,1.39006,1.39028,1.47,2.85
2011.11.10 10:10:12.486,1.39013,1.3903,2.10,1.50
2011.11.10 10:10:12.846,1.3902,1.39046,1.50,1.50
2011.11.10 10:10:12.967,1.39021,1.39051,1.50,1.50
2011.11.10 10:10:13.327,1.39021,1.39052,1.50,2.25
2011.11.10 10:10:14.468,1.39021,1.39052,1.73,1.50
2011.11.10 10:10:15.023,1.39027,1.39055,1.50,1.50
2011.11.10 10:10:15.386,1.39027,1.39052,1.50,1.50
2011.11.10 10:10:15.744,1.39022,1.3905,1.50,1.50
2011.11.10 10:10:16.081,1.39022,1.3905,1.50,1.50
2011.11.10 10:10:16.715,1.39022,1.3905,1.50,3.00
2011.11.10 10:10:17.732,1.39022,1.3905,1.50,3.00
2011.11.10 10:10:18.574,1.39022,1.39048,1.50,1.50
2011.11.10 10:10:18.816,1.39022,1.39049,1.50,1.50
2011.11.10 10:10:19.314,1.39022,1.39048,1.50,1.50
2011.11.10 10:10:19.654,1.3902,1.39044,2.25,1.50
2011.11.10 10:10:19.775,1.3902,1.39045,1.50,1.50
2011.11.10 10:10:20.930,1.3902,1.3905,1.50,1.50
2011.11.10 10:10:21.461,1.3902,1.39051,1.50,1.50
2011.11.10 10:10:21.595,1.3902,1.39051,1.50,1.50
2011.11.10 10:10:21.951,1.3902,1.39048,1.50,1.50
2011.11.10 10:10:22.079,1.3902,1.39048,1.50,1.50
2011.11.10 10:10:22.204,1.39018,1.39048,1.50,2.25
2011.11.10 10:10:22.569,1.39015,1.39044,1.50,1.50
2011.11.10 10:10:22.695,1.39013,1.39044,3.00,1.50
2011.11.10 10:10:22.816,1.3902,1.39047,1.73,1.50
2011.11.10 10:10:23.175,1.39025,1.39054,2.25,2.09
2011.11.10 10:10:23.639,1.39028,1.39054,1.50,1.50
2011.11.10 10:10:24.004,1.39018,1.39046,1.73,1.50
2011.11.10 10:10:24.353,1.39023,1.39051,1.73,1.50
2011.11.10 10:10:24.692,1.39018,1.39048,2.48,1.50
2011.11.10 10:10:24.922,1.39018,1.39048,2.48,2.25
2011.11.10 10:10:25.493,1.39018,1.39048,2.48,1.50
2011.11.10 10:10:25.725,1.39018,1.39047,1.50,1.50
2011.11.10 10:10:25.970,1.39013,1.39043,1.50,1.50
2011.11.10 10:10:26.099,1.39019,1.39045,1.50,1.50
2011.11.10 10:10:26.833,1.39019,1.39047,1.50,2.63
2011.11.10 10:10:27.422,1.39019,1.39046,1.50,1.50
2011.11.10 10:10:27.898,1.39019,1.39044,1.50,1.50
2011.11.10 10:10:28.135,1.39019,1.39044,1.50,1.50
2011.11.10 10:10:28.485,1.39028,1.39044,1.50,1.50
2011.11.10 10:10:28.611,1.39024,1.3905,1.88,1.34
2011.11.10 10:10:28.735,1.39029,1.39053,1.50,2.12
2011.11.10 10:10:29.232,1.39036,1.39067,2.33,2.25
2011.11.10 10:10:29.365,1.39037,1.39067,1.50,1.50
2011.11.10 10:10:29.612,1.39038,1.39067,1.73,1.50
2011.11.10 10:10:29.974,1.39038,1.39067,1.73,2.25
2011.11.10 10:10:30.336,1.39035,1.39061,1.73,1.50
2011.11.10 10:10:30.695,1.39033,1.39061,2.48,1.50
2011.11.10 10:10:31.058,1.39033,1.3906,2.48,1.50
2011.11.10 10:10:31.598,1.39029,1.39057,1.73,1.50
2011.11.10 10:10:31.728,1.39027,1.39057,1.50,1.50
2011.11.10 10:10:32.204,1.39037,1.39063,1.50,1.50
2011.11.10 10:10:32.434,1.3904,1.3907,1.73,1.50
2011.11.10 10:10:32.897,1.39038,1.3907,2.25,3.00
2011.11.10 10:10:33.261,1.39038,1.3907,2.25,3.00
2011.11.10 10:10:34.456,1.3904,1.3907,1.50,1.50
2011.11.10 10:10:34.580,1.3904,1.3907,1.50,1.50
2011.11.10 10:10:34.935,1.3904,1.3907,1.88,1.50
2011.11.10 10:10:35.293,1.39038,1.3907,3.23,1.50
2011.11.10 10:10:35.416,1.3904,1.3907,1.73,1.50
2011.11.10 10:10:35.777,1.3904,1.3907,1.73,1.50
2011.11.10 10:10:37.637,1.39037,1.39066,1.73,2.25
2011.11.10 10:10:37.992,1.39028,1.39053,2.48,1.50
2011.11.10 10:10:38.121,1.39024,1.39052,2.48,1.50
2011.11.10 10:10:38.367,1.39029,1.39052,1.58,1.50
2011.11.10 10:10:38.814,1.39035,1.39061,1.50,1.13
2011.11.10 10:10:38.944,1.39033,1.39065,2.25,2.25
2011.11.10 10:10:40.227,1.39033,1.39064,1.73,1.50
2011.11.10 10:10:40.466,1.39036,1.39064,1.50,1.50
2011.11.10 10:10:40.825,1.3904,1.3907,1.50,3.96
2011.11.10 10:10:41.530,1.3904,1.39068,1.50,1.13
2011.11.10 10:10:43.014,1.3904,1.39067,1.50,1.50
2011.11.10 10:10:43.853,1.3904,1.39068,1.50,1.50
2011.11.10 10:10:44.431,1.39038,1.39066,2.48,1.50
2011.11.10 10:10:45.071,1.3904,1.39067,1.50,2.09
2011.11.10 10:10:45.207,1.39037,1.39063,1.73,1.13
2011.11.10 10:10:45.825,1.39036,1.39063,2.48,1.13
2011.11.10 10:10:46.460,1.39038,1.39063,1.73,1.13
2011.11.10 10:10:48.112,1.39039,1.39064,1.73,1.13
2011.11.10 10:10:48.658,1.3904,1.39064,1.50,1.13
2011.11.10 10:10:49.003,1.39043,1.39063,1.50,1.13
2011.11.10 10:10:49.957,1.39043,1.39066,1.50,1.13
2011.11.10 10:10:51.602,1.39038,1.39064,1.73,1.13
2011.11.10 10:10:52.194,1.39037,1.39064,1.50,1.13
2011.11.10 10:10:52.549,1.39035,1.39063,1.73,1.88
2011.11.10 10:10:52.680,1.39034,1.39061,1.73,1.50
2011.11.10 10:10:53.265,1.39036,1.39063,3.23,1.13
2011.11.10 10:10:54.242,1.39036,1.39063,2.48,1.13
2011.11.10 10:10:54.369,1.39036,1.39063,2.86,1.13
2011.11.10 10:10:54.736,1.39041,1.39068,1.50,2.18
2011.11.10 10:10:54.853,1.3904,1.39067,2.48,1.13
2011.11.10 10:10:55.196,1.39041,1.39067,1.73,1.13
2011.11.10 10:10:55.560,1.39051,1.39072,1.50,1.43
2011.11.10 10:10:56.174,1.39051,1.39072,1.50,1.43
2011.11.10 10:10:56.421,1.39045,1.39071,1.73,1.43
2011.11.10 10:10:56.666,1.39043,1.39066,1.50,1.13
2011.11.10 10:10:57.017,1.39043,1.39062,1.50,1.13
2011.11.10 10:10:57.257,1.39035,1.39063,1.50,1.88
2011.11.10 10:10:58.196,1.39032,1.3906,1.73,2.25
2011.11.10 10:10:58.326,1.39033,1.3906,1.50,1.50
2011.11.10 10:10:58.447,1.39036,1.39063,1.50,1.13
2011.11.10 10:10:58.810,1.39037,1.39062,1.50,1.13
2011.11.10 10:10:59.177,1.39043,1.39066,1.50,1.13
2011.11.10 10:10:59.535,1.39046,1.3907,1.50,1.43
2011.11.10 10:10:59.767,1.39042,1.39067,1.73,1.43
2011.11.10 10:11:00.128,1.39041,1.39065,1.50,1.13
2011.11.10 10:11:01.197,1.3904,1.39066,1.73,1.13
2011.11.10 10:11:01.676,1.3904,1.39065,1.50,1.13
2011.11.10 10:11:01.795,1.3904,1.39065,1.50,1.13
2011.11.10 10:11:02.158,1.39045,1.39065,1.50,1.13
2011.11.10 10:11:02.527,1.3905,1.39071,1.50,1.43
2011.11.10 10:11:03.147,1.3905,1.39071,1.50,1.43
2011.11.10 10:11:03.676,1.39045,1.39069,1.73,1.43
2011.11.10 10:11:04.618,1.39045,1.39069,1.73,1.13
2011.11.10 10:11:04.990,1.39035,1.39066,2.25,1.13
2011.11.10 10:11:05.118,1.39041,1.39065,1.50,1.34
2011.11.10 10:11:05.372,1.39042,1.39067,1.73,1.71
2011.11.10 10:11:06.007,1.39046,1.39069,1.36,1.50
2011.11.10 10:11:06.476,1.39046,1.3907,2.11,1.13
2011.11.10 10:11:06.812,1.39053,1.39077,1.50,1.13
2011.11.10 10:11:08.063,1.39053,1.39077,1.50,1.13
2011.11.10 10:11:08.549,1.3906,1.39085,1.50,1.43
2011.11.10 10:11:09.245,1.39061,1.39084,1.35,1.05
2011.11.10 10:11:09.365,1.39061,1.39089,1.35,1.50
2011.11.10 10:11:09.611,1.39053,1.39081,1.73,1.50
2011.11.10 10:11:11.215,1.39058,1.39083,1.13,1.50
2011.11.10 10:11:11.568,1.3906,1.39087,1.36,1.50
2011.11.10 10:11:11.993,1.3906,1.39089,1.73,3.21
2011.11.10 10:11:12.120,1.39059,1.39087,2.86,1.50
2011.11.10 10:11:12.684,1.39059,1.39087,2.48,1.50
2011.11.10 10:11:13.198,1.39059,1.39087,1.73,1.50
2011.11.10 10:11:13.998,1.39059,1.39087,1.73,1.50
2011.11.10 10:11:14.364,1.39056,1.39082,1.50,1.50
2011.11.10 10:11:15.013,1.39066,1.3909,1.58,1.13
2011.11.10 10:11:15.497,1.3907,1.39094,1.73,1.13
2011.11.10 10:11:16.154,1.3907,1.39094,1.73,1.13
2011.11.10 10:11:16.745,1.3907,1.39094,1.73,1.13
2011.11.10 10:11:17.258,1.3907,1.39094,1.50,1.13
2011.11.10 10:11:17.961,1.3907,1.39096,2.48,1.13
2011.11.10 10:11:18.095,1.39067,1.39093,1.73,2.63
2011.11.10 10:11:18.453,1.39064,1.39092,1.73,1.50
2011.11.10 10:11:18.684,1.39063,1.39092,2.48,1.50
2011.11.10 10:11:18.802,1.39063,1.39092,2.48,1.50
2011.11.10 10:11:19.145,1.39063,1.39091,2.48,1.50
2011.11.10 10:11:19.509,1.39067,1.39093,1.50,1.13
2011.11.10 10:11:19.745,1.39067,1.39093,1.50,1.13
2011.11.10 10:11:19.866,1.39068,1.39093,1.50,1.13
2011.11.10 10:11:20.568,1.39069,1.39096,2.10,1.35
2011.11.10 10:11:21.244,1.39069,1.39096,2.10,1.35
2011.11.10 10:11:21.992,1.39069,1.39096,2.10,1.35
2011.11.10 10:11:22.115,1.39069,1.39097,2.10,1.50
2011.11.10 10:11:22.685,1.39069,1.39097,2.10,1.50
2011.11.10 10:11:23.245,1.39069,1.39097,1.35,1.50
2011.11.10 10:11:23.476,1.39067,1.39094,1.73,1.13
2011.11.10 10:11:24.094,1.39071,1.39095,1.50,1.34
2011.11.10 10:11:24.216,1.39071,1.39095,1.50,1.35
2011.11.10 10:11:24.575,1.39071,1.39086,1.50,1.50
2011.11.10 10:11:24.693,1.39071,1.39088,1.50,1.50
2011.11.10 10:11:24.821,1.39059,1.39087,1.73,1.50
2011.11.10 10:11:24.943,1.39059,1.39087,1.73,1.50
2011.11.10 10:11:25.068,1.39062,1.39091,1.50,1.71
2011.11.10 10:11:25.437,1.39067,1.39092,1.50,1.50
2011.11.10 10:11:25.558,1.39063,1.39092,1.58,1.50
2011.11.10 10:11:25.793,1.39066,1.39092,1.35,1.50
2011.11.10 10:11:27.227,1.39067,1.39095,1.50,1.50
2011.11.10 10:11:27.343,1.3907,1.39097,1.50,1.50
2011.11.10 10:11:27.586,1.3907,1.39098,1.96,2.09
2011.11.10 10:11:27.818,1.39075,1.39101,1.50,1.50
2011.11.10 10:11:27.937,1.39072,1.39099,1.51,1.50
2011.11.10 10:11:28.063,1.39069,1.39099,1.73,2.25
2011.11.10 10:11:28.186,1.39069,1.39099,2.48,1.50
2011.11.10 10:11:29.259,1.39066,1.39091,1.36,1.50
2011.11.10 10:11:29.504,1.39061,1.39091,2.11,1.50
2011.11.10 10:11:29.734,1.39057,1.39085,1.36,1.13
2011.11.10 10:11:30.216,1.39056,1.39085,2.11,1.34
2011.11.10 10:11:30.776,1.39056,1.39085,1.73,1.13
2011.11.10 10:11:31.124,1.39057,1.39085,2.11,1.71
2011.11.10 10:11:31.742,1.39056,1.39084,1.50,1.50
2011.11.10 10:11:32.333,1.39054,1.39084,2.33,1.50
2011.11.10 10:11:34.277,1.39055,1.39081,1.73,1.34
2011.11.10 10:11:34.655,1.39057,1.39084,1.36,1.50
2011.11.10 10:11:35.154,1.39061,1.39088,1.73,1.34
2011.11.10 10:11:35.281,1.39057,1.39085,1.73,2.25
2011.11.10 10:11:35.635,1.39057,1.39085,1.73,2.25
2011.11.10 10:11:36.099,1.39057,1.39083,1.73,1.50
2011.11.10 10:11:36.455,1.39052,1.39081,3.23,2.09
2011.11.10 10:11:36.573,1.39052,1.39081,2.48,3.21
2011.11.10 10:11:37.391,1.39058,1.39086,1.73,2.46
2011.11.10 10:11:37.758,1.39053,1.3908,1.73,1.50
2011.11.10 10:11:38.003,1.39053,1.3908,1.73,1.50
2011.11.10 10:11:38.358,1.39052,1.39081,1.73,1.13
2011.11.10 10:11:38.959,1.39052,1.39082,1.73,2.46
2011.11.10 10:11:39.930,1.39057,1.39082,1.50,1.50
2011.11.10 10:11:40.299,1.39058,1.39087,2.86,1.71
2011.11.10 10:11:40.425,1.3906,1.39087,1.73,1.71
2011.11.10 10:11:40.766,1.39061,1.39087,2.11,1.71
2011.11.10 10:11:40.995,1.39061,1.39086,2.11,1.34
2011.11.10 10:11:41.345,1.39057,1.39086,2.48,1.71
2011.11.10 10:11:41.813,1.39054,1.39084,1.36,1.50
2011.11.10 10:11:42.053,1.39053,1.39084,1.73,1.50
2011.11.10 10:11:42.877,1.39054,1.39084,1.73,1.50
2011.11.10 10:11:43.323,1.39059,1.39087,1.73,2.31
2011.11.10 10:11:43.444,1.3906,1.39087,1.73,1.73
2011.11.10 10:11:43.679,1.39066,1.39087,1.73,1.34
2011.11.10 10:11:44.046,1.39067,1.39094,1.58,2.25
2011.11.10 10:11:44.560,1.39067,1.39086,1.73,1.50
2011.11.10 10:11:44.806,1.39052,1.39078,1.73,1.35
2011.11.10 10:11:44.925,1.39051,1.39078,1.50,2.10
2011.11.10 10:11:45.514,1.39049,1.39075,2.25,1.35
2011.11.10 10:11:48.080,1.39049,1.39078,1.50,1.50
2011.11.10 10:11:48.675,1.39049,1.39072,1.50,1.50
2011.11.10 10:11:48.916,1.39052,1.39077,1.50,1.50
2011.11.10 10:11:49.035,1.39052,1.3908,1.50,1.50
2011.11.10 10:11:49.839,1.39051,1.39077,1.73,1.50
2011.11.10 10:11:49.964,1.3905,1.39076,1.50,1.50
2011.11.10 10:11:51.046,1.39048,1.39075,1.50,1.50
2011.11.10 10:11:51.294,1.39045,1.39073,1.50,1.50
2011.11.10 10:11:51.924,1.39047,1.39072,1.50,1.50
2011.11.10 10:11:52.274,1.39042,1.39071,1.50,2.25
2011.11.10 10:11:56.216,1.39042,1.39071,1.50,1.50
2011.11.10 10:11:56.665,1.39039,1.39068,1.73,1.50
2011.11.10 10:11:58.315,1.39038,1.39068,2.48,1.50
2011.11.10 10:11:59.056,1.39038,1.39068,2.48,1.50
2011.11.10 10:11:59.412,1.39041,1.39069,1.73,1.50
2011.11.10 10:11:59.997,1.39044,1.39075,2.48,1.50
2011.11.10 10:12:00.356,1.39047,1.39077,2.48,1.50
2011.11.10 10:12:00.954,1.39048,1.39078,1.73,3.00
2011.11.10 10:12:03.926,1.39049,1.39078,1.73,2.25
2011.11.10 10:12:05.217,1.39048,1.39076,1.50,1.50
2011.11.10 10:12:05.827,1.39048,1.39073,1.50,1.50
2011.11.10 10:12:06.067,1.39042,1.39071,1.73,1.50
2011.11.10 10:12:06.646,1.39043,1.39072,1.50,1.50
2011.11.10 10:12:07.362,1.39041,1.39071,1.73,1.50
2011.11.10 10:12:08.117,1.39041,1.3907,1.73,1.50
2011.11.10 10:12:08.242,1.39036,1.39065,1.50,1.50
2011.11.10 10:12:08.488,1.3904,1.39068,1.50,1.50
2011.11.10 10:12:08.733,1.39045,1.39072,1.50,1.50
2011.11.10 10:12:09.884,1.39045,1.39074,1.50,1.50
2011.11.10 10:12:11.548,1.39044,1.39075,2.25,1.50
2011.11.10 10:12:11.679,1.39044,1.39071,2.25,1.50
2011.11.10 10:12:12.386,1.39041,1.39069,2.48,2.25
2011.11.10 10:12:13.855,1.39041,1.39068,2.48,1.50
2011.11.10 10:12:14.095,1.39041,1.39068,1.50,1.50
2011.11.10 10:12:14.218,1.39039,1.39068,1.73,1.50
2011.11.10 10:12:14.565,1.39041,1.39069,2.25,1.50
2011.11.10 10:12:14.684,1.39041,1.39069,2.25,2.25
2011.11.10 10:12:14.808,1.39041,1.39069,1.50,1.50
2011.11.10 10:12:15.287,1.39041,1.39067,1.73,1.50
2011.11.10 10:12:15.644,1.39038,1.39066,1.50,1.50
2011.11.10 10:12:16.232,1.39038,1.39066,1.50,1.50
2011.11.10 10:12:16.361,1.39038,1.39069,1.50,2.25
2011.11.10 10:12:16.609,1.39041,1.39069,1.50,1.50
2011.11.10 10:12:17.185,1.39038,1.39069,1.50,2.25
2011.11.10 10:12:17.304,1.39038,1.39069,1.50,3.00
2011.11.10 10:12:17.537,1.39034,1.39064,1.73,1.50
2011.11.10 10:12:17.885,1.39034,1.39062,1.73,1.50
2011.11.10 10:12:18.248,1.39035,1.39061,1.50,1.50
2011.11.10 10:12:18.727,1.39028,1.39058,1.73,2.25
2011.11.10 10:12:18.845,1.39028,1.39058,1.73,2.25
2011.11.10 10:12:21.387,1.39033,1.39061,1.50,2.25
2011.11.10 10:12:21.504,1.39032,1.39059,1.50,1.50
2011.11.10 10:12:21.962,1.39031,1.39059,1.50,1.50
2011.11.10 10:12:22.202,1.39029,1.39058,1.50,1.50
2011.11.10 10:12:22.550,1.3904,1.39067,1.50,3.00
2011.11.10 10:12:22.982,1.39034,1.39062,1.50,2.25
2011.11.10 10:12:23.113,1.39034,1.39059,1.50,1.50
2011.11.10 10:12:24.015,1.39031,1.39059,2.25,1.50
2011.11.10 10:12:24.864,1.39034,1.39059,1.50,1.50
2011.11.10 10:12:26.093,1.39028,1.39059,2.48,2.25
2011.11.10 10:12:27.143,1.39034,1.39061,1.50,1.50
2011.11.10 10:12:28.077,1.39034,1.39062,1.50,1.50
2011.11.10 10:12:28.668,1.39036,1.39063,1.50,1.50
2011.11.10 10:12:28.922,1.39032,1.39063,1.73,2.25
2011.11.10 10:12:30.119,1.39033,1.39063,1.50,2.25
2011.11.10 10:12:30.253,1.39033,1.39061,1.50,1.50
2011.11.10 10:12:30.835,1.39029,1.39058,2.48,1.50
2011.11.10 10:12:31.514,1.39028,1.39056,2.48,4.50
2011.11.10 10:12:31.854,1.39028,1.39056,2.48,4.50
2011.11.10 10:12:32.514,1.39028,1.39054,2.25,1.50
2011.11.10 10:12:33.295,1.39028,1.39051,2.25,1.50
2011.11.10 10:12:33.818,1.39021,1.39043,1.73,1.50
2011.11.10 10:12:33.951,1.39021,1.3904,2.25,1.50
2011.11.10 10:12:34.081,1.39019,1.39042,1.50,1.50
2011.11.10 10:12:34.327,1.39019,1.39046,1.50,1.50
2011.11.10 10:12:34.450,1.39023,1.39046,1.50,1.50
2011.11.10 10:12:34.813,1.39023,1.3905,1.50,1.50
2011.11.10 10:12:34.938,1.39024,1.39052,1.50,2.25
2011.11.10 10:12:35.165,1.39024,1.39052,1.50,2.25
2011.11.10 10:12:35.583,1.39024,1.39053,1.50,3.00
2011.11.10 10:12:36.887,1.39024,1.39052,1.50,1.50
2011.11.10 10:12:37.115,1.39024,1.39049,1.50,1.50
2011.11.10 10:12:38.017,1.39018,1.39044,1.50,1.50
2011.11.10 10:12:38.540,1.39017,1.39041,1.50,1.50
2011.11.10 10:12:38.660,1.39016,1.39039,1.50,1.35
2011.11.10 10:12:38.789,1.39016,1.3904,1.50,1.50
2011.11.10 10:12:38.923,1.39012,1.3904,1.50,2.10
2011.11.10 10:12:39.050,1.3901,1.3904,2.25,2.85
2011.11.10 10:12:39.180,1.39009,1.3904,2.48,2.85
2011.11.10 10:12:39.308,1.39009,1.3904,1.73,4.35
2011.11.10 10:12:39.555,1.3901,1.3904,1.50,5.10
2011.11.10 10:12:39.917,1.3901,1.3904,2.10,3.00
2011.11.10 10:12:40.336,1.3901,1.39037,1.50,1.35
2011.11.10 10:12:40.696,1.39004,1.39029,1.50,2.25
2011.11.10 10:12:40.818,1.39003,1.39029,1.50,2.25
2011.11.10 10:12:41.058,1.39003,1.39029,1.50,1.50
2011.11.10 10:12:41.427,1.38999,1.39026,2.10,1.50
2011.11.10 10:12:41.787,1.39001,1.39026,1.35,1.50
2011.11.10 10:12:42.388,1.39003,1.39028,1.50,1.35
2011.11.10 10:12:42.746,1.38996,1.39024,2.10,2.25
2011.11.10 10:12:43.086,1.38996,1.39022,1.35,1.50
2011.11.10 10:12:43.205,1.38996,1.39022,1.35,1.50
2011.11.10 10:12:44.018,1.38995,1.39023,1.13,1.50
2011.11.10 10:12:44.537,1.38996,1.39024,1.50,2.25
2011.11.10 10:12:44.658,1.39003,1.39026,1.50,1.50
2011.11.10 10:12:44.906,1.38995,1.39022,1.50,1.50
2011.11.10 10:12:45.364,1.38995,1.39023,1.50,5.25
2011.11.10 10:12:46.133,1.38999,1.39023,1.50,5.25
2011.11.10 10:12:46.957,1.38998,1.39026,1.50,1.50
2011.11.10 10:12:47.182,1.38999,1.39028,1.50,2.25
2011.11.10 10:12:48.040,1.39,1.39028,1.50,2.25
2011.11.10 10:12:48.408,1.39,1.39029,1.50,1.50
2011.11.10 10:12:48.997,1.39,1.39028,2.48,1.50
2011.11.10 10:12:49.578,1.38998,1.39028,2.25,1.50
2011.11.10 10:12:49.704,1.38994,1.39025,3.23,2.25
2011.11.10 10:12:50.607,1.38997,1.39026,1.50,1.50
2011.11.10 10:12:50.729,1.38999,1.39027,1.50,1.50
2011.11.10 10:12:50.974,1.39001,1.39029,1.50,2.25
2011.11.10 10:12:51.593,1.39004,1.39029,1.50,1.50
2011.11.10 10:12:52.038,1.39004,1.39028,1.50,1.50
2011.11.10 10:12:52.844,1.39,1.39026,2.25,1.50
2011.11.10 10:12:52.963,1.39,1.39026,1.50,1.50
2011.11.10 10:12:53.198,1.38999,1.39025,1.50,1.50
2011.11.10 10:12:53.544,1.38994,1.39022,1.88,1.50
2011.11.10 10:12:53.784,1.3899,1.39018,2.25,1.50
2011.11.10 10:12:54.629,1.38986,1.39015,1.35,1.50
2011.11.10 10:12:55.532,1.38986,1.39014,1.35,1.50
2011.11.10 10:12:56.094,1.38986,1.39015,1.35,2.25
2011.11.10 10:12:56.335,1.38986,1.39014,1.35,1.50
2011.11.10 10:12:56.934,1.38986,1.39015,1.35,2.25
2011.11.10 10:12:57.746,1.38984,1.39014,1.73,2.25
2011.11.10 10:12:58.467,1.38984,1.39012,1.50,1.50
2011.11.10 10:12:59.614,1.38984,1.38997,1.50,4.50
2011.11.10 10:12:59.738,1.38978,1.38992,1.36,2.25
2011.11.10 10:12:59.856,1.38976,1.38992,1.13,2.25
2011.11.10 10:12:59.979,1.38967,1.38992,1.50,1.50
2011.11.10 10:13:00.108,1.38968,1.38996,1.50,1.50
2011.11.10 10:13:01.075,1.38968,1.38996,1.50,1.50
2011.11.10 10:13:01.426,1.38968,1.38987,1.35,1.50
2011.11.10 10:13:01.664,1.38956,1.38981,1.50,1.50
2011.11.10 10:13:02.225,1.38959,1.38981,1.35,1.50
2011.11.10 10:13:02.576,1.38969,1.38995,1.35,1.37
2011.11.10 10:13:02.805,1.38976,1.39001,1.35,1.50
2011.11.10 10:13:03.045,1.38973,1.39002,2.33,2.25
2011.11.10 10:13:03.275,1.38973,1.39002,2.33,3.00
2011.11.10 10:13:04.013,1.3898,1.39002,1.50,1.50
2011.11.10 10:13:04.134,1.38982,1.3901,1.50,2.25
2011.11.10 10:13:04.364,1.38977,1.39008,2.33,1.50
2011.11.10 10:13:04.724,1.38964,1.38988,1.50,1.50
2011.11.10 10:13:04.844,1.38965,1.38995,2.25,3.00
2011.11.10 10:13:04.965,1.38967,1.38996,1.50,1.50
2011.11.10 10:13:05.652,1.38967,1.38995,1.50,1.50
2011.11.10 10:13:06.389,1.38979,1.39006,1.35,1.50
2011.11.10 10:13:06.763,1.38988,1.39012,1.50,1.50
2011.11.10 10:13:07.364,1.38982,1.39012,1.50,3.00
2011.11.10 10:13:07.485,1.38982,1.39011,1.50,1.50
2011.11.10 10:13:08.250,1.38982,1.3901,1.50,1.50
2011.11.10 10:13:08.978,1.38982,1.39012,1.50,2.25
2011.11.10 10:13:09.336,1.38982,1.39012,2.48,1.50
2011.11.10 10:13:10.494,1.38983,1.39012,1.73,1.50
2011.11.10 10:13:11.517,1.38982,1.39012,1.50,2.25
2011.11.10 10:13:13.264,1.38982,1.39011,1.50,1.50
2011.11.10 10:13:17.135,1.38982,1.39011,1.50,1.50
2011.11.10 10:13:17.732,1.38982,1.39012,1.73,2.25
2011.11.10 10:13:18.557,1.38982,1.39012,2.48,1.50
2011.11.10 10:13:19.844,1.38988,1.39013,1.50,1.50
2011.11.10 10:13:20.211,1.38982,1.39005,2.48,1.50
2011.11.10 10:13:20.457,1.38973,1.39005,3.61,1.50
2011.11.10 10:13:21.038,1.38976,1.39003,1.50,1.50
2011.11.10 10:13:21.666,1.38973,1.39003,2.25,1.50
2011.11.10 10:13:22.154,1.38977,1.39005,3.08,1.50
2011.11.10 10:13:22.279,1.38983,1.39006,1.50,1.50
2011.11.10 10:13:22.410,1.38984,1.39008,1.50,2.25
2011.11.10 10:13:22.542,1.38983,1.39007,1.50,1.50
2011.11.10 10:13:22.678,1.38981,1.39006,1.50,1.50
2011.11.10 10:13:22.800,1.3898,1.39006,1.50,1.50
2011.11.10 10:13:23.413,1.3898,1.39006,1.50,1.50
2011.11.10 10:13:23.757,1.3898,1.39008,1.50,1.50
2011.11.10 10:13:24.102,1.3898,1.39005,1.50,1.50
2011.11.10 10:13:24.886,1.38979,1.39009,1.50,2.25
2011.11.10 10:13:25.569,1.38979,1.39008,1.50,1.50
2011.11.10 10:13:25.703,1.38979,1.39009,1.50,3.00
2011.11.10 10:13:25.945,1.38979,1.39007,1.50,1.50
2011.11.10 10:13:26.311,1.38975,1.39,1.35,1.50
2011.11.10 10:13:26.443,1.38977,1.39004,1.50,1.50
2011.11.10 10:13:26.575,1.38977,1.39006,1.50,2.25
2011.11.10 10:13:27.054,1.38977,1.39003,1.50,1.50
2011.11.10 10:13:27.687,1.38977,1.39006,1.50,1.50
2011.11.10 10:13:28.468,1.38977,1.39008,1.50,1.50
2011.11.10 10:13:28.925,1.38977,1.39005,2.33,1.50
2011.11.10 10:13:29.046,1.38977,1.39006,2.33,1.50
2011.11.10 10:13:29.165,1.38978,1.39006,1.73,1.50
2011.11.10 10:13:29.411,1.38974,1.39004,1.50,2.25
2011.11.10 10:13:29.903,1.38972,1.38999,2.48,1.50
2011.11.10 10:13:30.145,1.38974,1.39006,2.10,2.25
2011.11.10 10:13:30.506,1.38974,1.39003,1.50,1.50
2011.11.10 10:13:30.747,1.38974,1.39002,1.50,1.50
2011.11.10 10:13:31.208,1.38976,1.39005,1.35,2.25
2011.11.10 10:13:31.574,1.38979,1.39006,1.50,1.50
2011.11.10 10:13:32.270,1.38979,1.39006,1.50,1.50
2011.11.10 10:13:32.869,1.38979,1.39009,1.50,2.25
2011.11.10 10:13:33.121,1.38979,1.39007,1.50,1.50
2011.11.10 10:13:33.675,1.38979,1.39009,1.50,1.50
2011.11.10 10:13:33.796,1.38979,1.3901,1.50,2.25
2011.11.10 10:13:34.034,1.3898,1.3901,1.50,3.00
2011.11.10 10:13:34.279,1.38984,1.39012,1.50,1.50
2011.11.10 10:13:34.836,1.38984,1.39009,1.50,1.50
2011.11.10 10:13:34.955,1.38984,1.39013,1.50,1.50
2011.11.10 10:13:35.075,1.38984,1.39013,1.50,1.50
2011.11.10 10:13:35.193,1.38984,1.39013,1.50,1.50
2011.11.10 10:13:35.548,1.38984,1.39011,1.50,1.50
2011.11.10 10:13:36.123,1.38983,1.39009,1.50,1.50
2011.11.10 10:13:36.486,1.38983,1.39009,1.50,1.50
2011.11.10 10:13:36.979,1.38978,1.39002,1.50,1.50
2011.11.10 10:13:37.109,1.38979,1.39004,1.50,1.50
2011.11.10 10:13:37.463,1.38979,1.39006,1.50,1.50
2011.11.10 10:13:38.058,1.38979,1.39009,2.11,1.50
2011.11.10 10:13:40.086,1.38981,1.39009,1.73,2.25
2011.11.10 10:13:40.716,1.38979,1.39005,2.48,1.50
2011.11.10 10:13:40.956,1.38977,1.39004,1.73,1.50
2011.11.10 10:13:41.078,1.38974,1.39004,2.48,2.25
2011.11.10 10:13:41.652,1.38974,1.39002,2.48,1.50
2011.11.10 10:13:42.114,1.38974,1.39001,1.50,1.50
2011.11.10 10:13:42.234,1.38974,1.39001,1.50,1.50
2011.11.10 10:13:42.596,1.38965,1.38993,1.73,1.50
2011.11.10 10:13:42.719,1.38965,1.38993,2.48,1.50
2011.11.10 10:13:43.244,1.38965,1.38993,2.48,1.50
2011.11.10 10:13:43.485,1.38971,1.38999,1.50,2.25
2011.11.10 10:13:43.605,1.38971,1.38999,1.50,1.50
2011.11.10 10:13:43.727,1.38971,1.38988,1.50,1.35
2011.11.10 10:13:44.083,1.38969,1.38983,1.50,1.50
2011.11.10 10:13:44.206,1.38953,1.3898,1.50,1.50
2011.11.10 10:13:44.326,1.38951,1.3898,1.50,1.50
2011.11.10 10:13:44.445,1.38952,1.38979,1.50,1.50
2011.11.10 10:13:44.678,1.38952,1.38982,1.50,2.25
2011.11.10 10:13:46.446,1.38952,1.38977,1.50,2.10
2011.11.10 10:13:46.564,1.38951,1.38975,1.50,1.50
2011.11.10 10:13:46.917,1.3895,1.38976,1.50,1.50
2011.11.10 10:13:47.034,1.3895,1.38978,1.50,1.50
2011.11.10 10:13:47.154,1.3895,1.38979,1.50,1.50
2011.11.10 10:13:47.397,1.3895,1.38979,1.50,1.50
2011.11.10 10:13:47.514,1.3895,1.38979,1.50,1.50
2011.11.10 10:13:48.211,1.3895,1.3898,1.50,2.25
2011.11.10 10:13:48.344,1.3895,1.3898,1.50,1.50
2011.11.10 10:13:48.914,1.3895,1.38979,1.50,1.50
2011.11.10 10:13:49.033,1.3895,1.38978,1.50,1.50
2011.11.10 10:13:49.624,1.3895,1.38977,1.50,1.50
2011.11.10 10:13:51.487,1.3895,1.38974,1.50,1.50
2011.11.10 10:13:51.728,1.38948,1.38974,2.25,1.50
2011.11.10 10:13:52.193,1.38945,1.38971,1.50,1.50
2011.11.10 10:13:52.763,1.38944,1.38971,1.50,1.50
2011.11.10 10:13:53.104,1.38945,1.38973,1.50,1.50
2011.11.10 10:13:53.336,1.38945,1.38974,1.50,2.85
2011.11.10 10:13:53.452,1.38945,1.38973,1.50,1.50
2011.11.10 10:13:53.961,1.38945,1.38973,1.50,2.25
2011.11.10 10:13:54.206,1.38945,1.38973,1.50,2.25
2011.11.10 10:13:54.435,1.38945,1.38973,1.50,1.50
2011.11.10 10:13:54.673,1.38943,1.38973,1.50,1.50
2011.11.10 10:13:54.905,1.38945,1.38973,1.50,1.50
2011.11.10 10:13:55.138,1.38938,1.38968,1.50,2.10
2011.11.10 10:13:55.505,1.38936,1.38963,1.50,1.50
2011.11.10 10:13:56.419,1.38936,1.38963,2.25,1.50
2011.11.10 10:13:56.554,1.38933,1.38963,1.50,4.35
2011.11.10 10:13:56.920,1.38939,1.38963,1.50,2.78
2011.11.10 10:13:57.173,1.38942,1.38967,1.13,1.50
2011.11.10 10:13:57.302,1.38947,1.38968,1.50,4.50
2011.11.10 10:13:57.432,1.38947,1.38973,1.50,1.05
2011.11.10 10:13:57.558,1.38951,1.38978,1.58,1.54
2011.11.10 10:13:57.680,1.38953,1.38982,1.73,1.50
2011.11.10 10:13:58.041,1.38953,1.3898,1.73,1.50
2011.11.10 10:13:58.163,1.38953,1.38982,1.73,2.25
2011.11.10 10:13:59.528,1.38953,1.38979,1.73,1.35
2011.11.10 10:14:00.003,1.38948,1.38978,1.50,1.50
2011.11.10 10:14:00.685,1.38948,1.38979,2.48,2.25
2011.11.10 10:14:01.200,1.38958,1.38982,1.35,1.50
2011.11.10 10:14:01.559,1.38961,1.3899,1.36,1.50
2011.11.10 10:14:01.807,1.38953,1.38982,1.73,1.50
2011.11.10 10:14:02.153,1.38952,1.38982,1.73,2.25
2011.11.10 10:14:02.384,1.38952,1.38982,1.73,1.50
2011.11.10 10:14:02.738,1.38954,1.38982,1.73,1.50
2011.11.10 10:14:03.462,1.38955,1.38982,1.73,1.50
2011.11.10 10:14:04.175,1.38955,1.38983,1.73,1.50
2011.11.10 10:14:04.421,1.38962,1.38989,1.73,1.50
2011.11.10 10:14:04.911,1.38965,1.38992,1.58,1.50
2011.11.10 10:14:05.683,1.38971,1.38994,1.73,1.50
2011.11.10 10:14:05.817,1.38971,1.38999,1.36,1.50
2011.11.10 10:14:06.156,1.3897,1.38998,1.73,2.25
2011.11.10 10:14:06.285,1.38964,1.38998,3.23,2.25
2011.11.10 10:14:06.406,1.38964,1.38995,3.23,1.50
2011.11.10 10:14:06.528,1.38967,1.38997,1.73,1.50
2011.11.10 10:14:06.660,1.38972,1.39,1.73,1.50
2011.11.10 10:14:06.788,1.38973,1.39,1.58,1.50
2011.11.10 10:14:07.194,1.38977,1.39005,2.48,1.50
2011.11.10 10:14:08.011,1.38977,1.39005,2.48,1.50
2011.11.10 10:14:08.134,1.38979,1.39006,1.73,1.50
2011.11.10 10:14:08.707,1.38979,1.39005,1.73,1.50
2011.11.10 10:14:09.166,1.38981,1.39008,1.36,2.25
2011.11.10 10:14:09.509,1.38981,1.39011,2.86,1.50
2011.11.10 10:14:09.991,1.38985,1.39013,1.73,1.50
2011.11.10 10:14:10.116,1.38989,1.3902,1.50,1.50
2011.11.10 10:14:10.552,1.38988,1.39019,1.50,1.50
2011.11.10 10:14:10.795,1.38989,1.39019,1.50,1.50
2011.11.10 10:14:11.024,1.38989,1.39019,1.50,1.50
2011.11.10 10:14:11.383,1.38987,1.39019,2.48,1.50
2011.11.10 10:14:11.504,1.38989,1.39019,1.50,1.50
2011.11.10 10:14:12.175,1.38989,1.39019,1.50,1.50
2011.11.10 10:14:12.656,1.38989,1.39019,1.73,1.50
2011.11.10 10:14:13.554,1.38989,1.39019,2.11,1.50
2011.11.10 10:14:13.928,1.38987,1.39018,1.73,1.50
2011.11.10 10:14:14.287,1.38988,1.39019,1.73,2.25
2011.11.10 10:14:14.823,1.38989,1.39019,1.50,2.25
2011.11.10 10:14:15.476,1.38987,1.39015,1.73,1.50
2011.11.10 10:14:16.367,1.38976,1.38999,1.73,2.10
2011.11.10 10:14:16.497,1.38971,1.38998,1.50,2.25
2011.11.10 10:14:16.859,1.38971,1.38998,2.10,1.50
2011.11.10 10:14:18.915,1.38971,1.38997,1.50,1.50
2011.11.10 10:14:21.032,1.38972,1.38997,1.50,1.50
2011.11.10 10:14:21.603,1.38969,1.38997,2.25,1.50
2011.11.10 10:14:22.884,1.38972,1.39,1.50,1.50
2011.11.10 10:14:23.449,1.38974,1.39,1.50,1.50
2011.11.10 10:14:23.588,1.38977,1.39006,1.73,1.50
2011.11.10 10:14:23.827,1.38975,1.39004,3.23,1.50
2011.11.10 10:14:24.795,1.38976,1.39005,2.11,1.50
2011.11.10 10:14:25.147,1.38977,1.39007,1.88,1.50
2011.11.10 10:14:25.266,1.38985,1.39011,1.50,1.50
2011.11.10 10:14:25.506,1.38985,1.39012,1.50,1.50
2011.11.10 10:14:25.624,1.38985,1.39015,1.50,1.13
2011.11.10 10:14:25.745,1.38985,1.39016,1.50,2.25
2011.11.10 10:14:25.975,1.38985,1.39012,1.50,1.50
2011.11.10 10:14:26.403,1.38985,1.39012,1.50,1.50
2011.11.10 10:14:26.545,1.38975,1.39004,1.50,1.50
2011.11.10 10:14:26.788,1.38976,1.39005,2.48,1.50
2011.11.10 10:14:27.542,1.3898,1.39005,1.73,1.50
2011.11.10 10:14:31.462,1.3899,1.39012,1.73,1.50
2011.11.10 10:14:31.588,1.3899,1.39013,1.73,1.50
2011.11.10 10:14:32.135,1.38985,1.39014,2.11,2.25
2011.11.10 10:14:32.257,1.38986,1.39014,2.11,2.25
2011.11.10 10:14:32.799,1.38987,1.39014,2.11,1.50
2011.11.10 10:14:33.460,1.38989,1.39014,1.73,1.50
2011.11.10 10:14:35.344,1.38986,1.39011,1.73,1.50
2011.11.10 10:14:35.706,1.3897,1.38995,2.48,1.50
2011.11.10 10:14:35.825,1.38969,1.38992,2.25,1.50
2011.11.10 10:14:35.945,1.38969,1.38992,1.50,1.50
2011.11.10 10:14:36.174,1.38969,1.38993,1.50,1.50
2011.11.10 10:14:37.204,1.38971,1.38993,1.73,1.50
2011.11.10 10:14:37.809,1.38972,1.38993,1.58,1.50
2011.11.10 10:14:38.179,1.38975,1.38999,1.73,1.58
2011.11.10 10:14:38.309,1.38975,1.39003,1.73,1.50
2011.11.10 10:14:39.240,1.38972,1.39002,1.73,1.50
2011.11.10 10:14:39.369,1.38977,1.39007,1.50,2.25
2011.11.10 10:14:40.009,1.38977,1.39007,1.50,2.25
2011.11.10 10:14:40.153,1.38975,1.39,1.50,2.25
2011.11.10 10:14:40.518,1.38972,1.39,1.50,1.50
2011.11.10 10:14:40.634,1.38972,1.39,1.50,1.50
2011.11.10 10:14:41.876,1.38972,1.39001,1.73,1.50
2011.11.10 10:14:43.237,1.38977,1.39005,1.50,1.50
2011.11.10 10:14:43.812,1.38977,1.39005,1.50,1.50
2011.11.10 10:14:43.935,1.38977,1.39004,1.50,1.50
2011.11.10 10:14:44.554,1.38977,1.39004,1.73,1.50
2011.11.10 10:14:45.385,1.38977,1.39003,1.73,1.50
2011.11.10 10:14:45.503,1.38977,1.39003,1.50,1.50
2011.11.10 10:14:46.646,1.38977,1.39003,2.25,1.50
2011.11.10 10:14:46.766,1.38977,1.39005,2.48,1.50
2011.11.10 10:14:47.379,1.38986,1.39016,1.50,2.84
2011.11.10 10:14:47.512,1.38994,1.39016,1.13,1.50
2011.11.10 10:14:47.883,1.39001,1.39032,2.48,2.25
2011.11.10 10:14:48.244,1.39002,1.39033,1.73,2.25
2011.11.10 10:14:48.368,1.39008,1.39035,1.50,1.50
2011.11.10 10:14:48.727,1.39007,1.39035,1.50,2.25
2011.11.10 10:14:48.848,1.39007,1.39032,1.50,1.50
2011.11.10 10:14:49.758,1.39001,1.3903,1.73,1.50
2011.11.10 10:14:50.805,1.39001,1.3903,1.50,1.50
2011.11.10 10:14:50.927,1.39001,1.39031,1.50,2.25
2011.11.10 10:14:51.525,1.39001,1.39031,1.50,1.50
2011.11.10 10:14:51.880,1.39001,1.39029,1.50,1.50
2011.11.10 10:14:52.004,1.39,1.39025,2.25,1.50
2011.11.10 10:14:52.361,1.38994,1.3902,1.73,1.50
2011.11.10 10:14:53.075,1.38992,1.3902,1.73,1.50
2011.11.10 10:14:53.207,1.38996,1.39023,1.50,1.50
2011.11.10 10:14:53.544,1.38996,1.39024,1.50,2.25
2011.11.10 10:14:53.888,1.38996,1.39024,2.25,2.10
2011.11.10 10:14:54.142,1.38995,1.39019,1.50,1.50
2011.11.10 10:14:54.499,1.38996,1.39023,1.50,1.35
2011.11.10 10:14:55.484,1.38993,1.39013,1.73,1.35
2011.11.10 10:14:55.849,1.38979,1.39008,1.50,1.50
2011.11.10 10:14:56.085,1.38981,1.39008,1.50,1.50
2011.11.10 10:14:56.316,1.38984,1.39012,1.50,1.35
2011.11.10 10:14:56.673,1.38984,1.3901,1.50,1.50
2011.11.10 10:14:56.796,1.38984,1.39014,1.50,1.50
2011.11.10 10:14:58.318,1.38985,1.39014,1.73,1.50
2011.11.10 10:14:59.234,1.3899,1.39014,1.35,1.50
2011.11.10 10:14:59.573,1.38991,1.39021,2.10,1.50
2011.11.10 10:15:00.160,1.38991,1.39021,1.50,2.25
2011.11.10 10:15:00.285,1.38991,1.39017,1.50,1.35
2011.11.10 10:15:00.643,1.38986,1.39015,1.36,1.50
2011.11.10 10:15:01.115,1.3899,1.39018,1.73,1.50
2011.11.10 10:15:01.637,1.38993,1.39021,1.50,2.10
2011.11.10 10:15:01.767,1.38996,1.39024,1.50,1.50
2011.11.10 10:15:02.917,1.38993,1.39024,2.48,1.50
2011.11.10 10:15:03.393,1.38993,1.39024,2.48,1.50
2011.11.10 10:15:03.628,1.38995,1.39024,1.73,1.50
2011.11.10 10:15:04.326,1.39,1.3903,1.73,1.50
2011.11.10 10:15:04.913,1.38999,1.39029,2.25,1.50
2011.11.10 10:15:05.038,1.38999,1.39029,1.50,1.50
2011.11.10 10:15:05.275,1.38995,1.39025,1.73,1.50
2011.11.10 10:15:05.974,1.38994,1.39023,1.73,1.50
2011.11.10 10:15:06.698,1.38998,1.39025,1.35,2.25
2011.11.10 10:15:06.948,1.39,1.39028,1.50,1.50
2011.11.10 10:15:07.516,1.38999,1.39028,2.25,1.13
2011.11.10 10:15:07.759,1.38992,1.39023,2.25,1.50
2011.11.10 10:15:08.008,1.38992,1.39019,2.25,1.13
2011.11.10 10:15:08.736,1.38997,1.39025,1.35,1.50
2011.11.10 10:15:09.322,1.38995,1.39023,1.50,2.25
2011.11.10 10:15:09.724,1.38998,1.39025,2.25,1.50
2011.11.10 10:15:10.427,1.38998,1.39015,1.50,2.10
2011.11.10 10:15:10.667,1.38984,1.39009,2.03,1.50
2011.11.10 10:15:10.789,1.38987,1.39009,1.50,1.50
2011.11.10 10:15:10.917,1.38988,1.39009,2.48,1.50
2011.11.10 10:15:11.256,1.38989,1.39013,1.73,1.50
2011.11.10 10:15:11.829,1.38995,1.39022,1.50,1.50
2011.11.10 10:15:11.956,1.38995,1.3902,1.50,1.50
2011.11.10 10:15:12.084,1.38995,1.39022,1.50,1.88
2011.11.10 10:15:12.209,1.38995,1.39023,1.50,3.00
2011.11.10 10:15:12.341,1.38995,1.39022,1.50,1.50
2011.11.10 10:15:12.926,1.38995,1.39022,1.50,1.50
2011.11.10 10:15:13.794,1.38995,1.39022,1.50,1.50
2011.11.10 10:15:14.356,1.38995,1.3902,1.50,1.50
2011.11.10 10:15:15.115,1.38995,1.39023,1.50,1.50
2011.11.10 10:15:15.247,1.38999,1.39027,1.50,1.50
2011.11.10 10:15:15.491,1.39002,1.39027,1.73,1.50
2011.11.10 10:15:16.096,1.38999,1.39026,1.50,1.50
2011.11.10 10:15:17.179,1.38999,1.39026,1.50,1.50
2011.11.10 10:15:17.667,1.38995,1.39023,1.50,1.50
2011.11.10 10:15:17.787,1.38995,1.39023,1.50,1.50
2011.11.10 10:15:17.905,1.38995,1.39023,1.50,1.50
2011.11.10 10:15:18.026,1.38995,1.39023,1.50,1.50
2011.11.10 10:15:18.265,1.38995,1.39023,1.50,2.25
2011.11.10 10:15:19.706,1.38995,1.39021,1.50,1.50
2011.11.10 10:15:19.832,1.38989,1.39018,1.73,1.13
2011.11.10 10:15:20.338,1.38991,1.39018,1.50,2.25
2011.11.10 10:15:20.695,1.38996,1.39021,1.50,3.00
2011.11.10 10:15:21.935,1.38996,1.39019,1.50,1.50
2011.11.10 10:15:22.542,1.38995,1.39023,1.50,1.50
2011.11.10 10:15:22.654,1.38994,1.39022,1.50,3.75
2011.11.10 10:15:22.774,1.38994,1.39019,1.50,1.50
2011.11.10 10:15:22.893,1.38991,1.39019,1.50,2.25
2011.11.10 10:15:23.473,1.3899,1.39015,1.50,1.50
2011.11.10 10:15:23.594,1.38988,1.39013,2.25,2.25
2011.11.10 10:15:23.713,1.38985,1.39013,1.50,2.25
2011.11.10 10:15:24.405,1.38985,1.3901,1.50,1.50
2011.11.10 10:15:26.303,1.38985,1.39008,1.50,1.50
2011.11.10 10:15:26.544,1.38985,1.39008,1.50,1.50
2011.11.10 10:15:27.148,1.38983,1.39005,2.25,1.88
2011.11.10 10:15:27.379,1.3898,1.39001,1.50,1.50
2011.11.10 10:15:27.516,1.3898,1.39001,1.50,1.50
2011.11.10 10:15:27.759,1.38972,1.38999,1.50,2.25
2011.11.10 10:15:28.008,1.38977,1.39,1.50,1.50
2011.11.10 10:15:28.591,1.3898,1.39001,1.50,1.50
2011.11.10 10:15:29.229,1.38981,1.39002,1.50,1.50
2011.11.10 10:15:29.732,1.38976,1.39002,1.50,1.50
2011.11.10 10:15:30.205,1.38976,1.39002,1.50,1.50
2011.11.10 10:15:30.696,1.38981,1.39006,1.50,2.25
2011.11.10 10:15:30.936,1.38981,1.39005,1.50,1.50
2011.11.10 10:15:31.058,1.38981,1.39005,1.50,1.50
2011.11.10 10:15:31.298,1.3898,1.39007,2.10,1.50
2011.11.10 10:15:31.416,1.38983,1.3901,1.50,1.50
2011.11.10 10:15:32.006,1.38985,1.39013,1.50,1.50
2011.11.10 10:15:32.923,1.3898,1.3901,1.73,1.50
2011.11.10 10:15:33.633,1.3898,1.3901,1.73,2.25
2011.11.10 10:15:34.745,1.3898,1.39008,1.50,3.00
2011.11.10 10:15:34.866,1.38975,1.39004,2.48,1.50
2011.11.10 10:15:34.986,1.38976,1.39006,1.50,2.25
2011.11.10 10:15:35.108,1.3898,1.39007,1.50,1.50
2011.11.10 10:15:35.989,1.3898,1.39007,1.73,1.50
2011.11.10 10:15:36.129,1.38985,1.39013,1.50,1.50
2011.11.10 10:15:36.261,1.38985,1.39014,1.50,1.50
2011.11.10 10:15:36.386,1.38987,1.39016,1.73,2.25
2011.11.10 10:15:36.511,1.38989,1.39018,1.73,1.50
2011.11.10 10:15:36.640,1.38989,1.39019,1.73,1.50
2011.11.10 10:15:36.765,1.38989,1.39019,1.73,1.50
2011.11.10 10:15:37.284,1.38989,1.39019,1.73,1.50
2011.11.10 10:15:37.525,1.38989,1.39019,1.73,1.50
2011.11.10 10:15:37.644,1.38989,1.39019,1.73,2.25
2011.11.10 10:15:38.331,1.38989,1.39019,1.73,2.25
2011.11.10 10:15:38.586,1.38985,1.39013,1.50,1.50
2011.11.10 10:15:38.825,1.38983,1.39008,2.25,2.25
2011.11.10 10:15:39.070,1.38985,1.39009,1.50,1.50
2011.11.10 10:15:40.615,1.38979,1.39007,1.73,1.50
2011.11.10 10:15:41.097,1.38977,1.39006,1.73,1.50
2011.11.10 10:15:42.016,1.38983,1.39005,1.50,1.50
2011.11.10 10:15:42.579,1.38983,1.39007,1.50,1.50
2011.11.10 10:15:42.997,1.38983,1.39007,1.50,1.50
2011.11.10 10:15:43.128,1.38983,1.39011,1.50,1.50
2011.11.10 10:15:43.490,1.38988,1.39015,1.50,1.50
2011.11.10 10:15:43.954,1.38988,1.39015,1.50,1.50
2011.11.10 10:15:44.185,1.38988,1.39018,1.50,2.14
2011.11.10 10:15:44.306,1.38988,1.39019,1.50,1.54
2011.11.10 10:15:44.426,1.38994,1.39021,2.25,2.25
2011.11.10 10:15:44.547,1.38994,1.39018,1.50,1.50
2011.11.10 10:15:45.167,1.38988,1.39018,1.73,1.50
2011.11.10 10:15:45.699,1.38988,1.39018,1.73,1.50
2011.11.10 10:15:45.829,1.38988,1.39018,1.73,1.50
2011.11.10 10:15:46.078,1.38988,1.39015,1.50,1.50
2011.11.10 10:15:46.439,1.38988,1.39015,1.50,1.50
2011.11.10 10:15:46.572,1.38987,1.39014,2.48,1.50
2011.11.10 10:15:47.333,1.38988,1.39017,1.73,1.50
2011.11.10 10:15:47.699,1.38992,1.3902,1.50,1.50
2011.11.10 10:15:49.112,1.38992,1.39021,2.25,1.50
2011.11.10 10:15:49.238,1.38992,1.39019,2.25,1.50
2011.11.10 10:15:50.129,1.38992,1.39018,1.50,1.50
2011.11.10 10:15:50.705,1.38993,1.39021,1.50,2.25
2011.11.10 10:15:52.012,1.38993,1.39018,1.50,1.50
2011.11.10 10:15:52.899,1.38993,1.39018,1.50,1.50
2011.11.10 10:15:53.028,1.38993,1.39017,1.50,1.50
2011.11.10 10:15:53.153,1.38997,1.39017,1.50,1.50
2011.11.10 10:15:54.044,1.38999,1.39021,1.50,1.50
2011.11.10 10:15:54.285,1.38992,1.39021,1.50,2.25
2011.11.10 10:15:54.867,1.38993,1.39022,1.50,2.25
2011.11.10 10:15:55.204,1.38995,1.39022,1.50,2.25
2011.11.10 10:15:56.516,1.38992,1.39014,1.50,1.50
2011.11.10 10:15:56.637,1.3899,1.39014,1.50,1.50
2011.11.10 10:15:56.758,1.38989,1.39012,1.50,2.25
2011.11.10 10:15:56.877,1.38984,1.39012,1.50,3.00
2011.11.10 10:15:56.994,1.38982,1.39007,1.50,2.25
2011.11.10 10:16:00.786,1.38982,1.39006,1.50,1.50
2011.11.10 10:16:01.573,1.38978,1.39007,1.50,3.00
2011.11.10 10:16:01.806,1.38977,1.39007,1.50,2.25
2011.11.10 10:16:02.376,1.38977,1.39007,1.50,2.25
2011.11.10 10:16:03.520,1.38978,1.39005,1.50,1.50
2011.11.10 10:16:04.914,1.38979,1.39007,1.50,3.00
2011.11.10 10:16:07.158,1.38979,1.39007,1.50,1.50
2011.11.10 10:16:07.504,1.38985,1.39012,2.33,1.50
2011.11.10 10:16:07.871,1.38979,1.38999,1.50,1.50
2011.11.10 10:16:08.001,1.38976,1.39004,1.50,1.50
2011.11.10 10:16:08.126,1.38979,1.39005,1.50,1.13
2011.11.10 10:16:08.488,1.38983,1.3901,1.50,2.25
2011.11.10 10:16:08.604,1.38984,1.3901,1.50,1.50
2011.11.10 10:16:09.127,1.38986,1.3901,1.50,1.50
2011.11.10 10:16:09.258,1.38989,1.39014,1.50,1.50
2011.11.10 10:16:09.496,1.38989,1.39017,1.50,2.25
2011.11.10 10:16:09.619,1.38989,1.39018,1.50,2.25
2011.11.10 10:16:09.975,1.38989,1.39019,1.50,3.00
2011.11.10 10:16:10.434,1.38993,1.39019,1.50,1.50
2011.11.10 10:16:10.797,1.38988,1.39012,2.25,1.50
2011.11.10 10:16:11.155,1.38982,1.3901,1.50,2.25
2011.11.10 10:16:11.687,1.38978,1.39004,1.50,1.88
2011.11.10 10:16:11.813,1.38978,1.39003,1.50,1.50
2011.11.10 10:16:12.415,1.38978,1.39006,1.50,1.50
2011.11.10 10:16:12.995,1.38978,1.39008,1.50,2.25
2011.11.10 10:16:13.534,1.38978,1.39006,1.50,1.50
2011.11.10 10:16:13.766,1.38978,1.39007,1.50,1.50
2011.11.10 10:16:14.660,1.3898,1.39008,1.50,2.25
2011.11.10 10:16:15.014,1.3898,1.39008,1.50,3.00
2011.11.10 10:16:15.956,1.3898,1.39008,1.50,1.50
2011.11.10 10:16:16.198,1.3898,1.39008,1.50,2.25
2011.11.10 10:16:16.657,1.3898,1.39008,2.25,2.25
2011.11.10 10:16:16.778,1.38982,1.39012,1.50,1.50
2011.11.10 10:16:16.906,1.38983,1.39014,1.50,1.50
2011.11.10 10:16:17.730,1.38982,1.39012,2.25,2.25
2011.11.10 10:16:17.866,1.38984,1.39014,1.50,1.50
2011.11.10 10:16:18.105,1.38984,1.39012,1.50,1.50
2011.11.10 10:16:18.543,1.38982,1.39013,1.50,1.50
2011.11.10 10:16:18.775,1.38983,1.39014,1.50,2.25
2011.11.10 10:16:18.898,1.38986,1.39014,1.58,3.00
2011.11.10 10:16:19.033,1.38994,1.39019,1.50,2.25
2011.11.10 10:16:19.282,1.38994,1.39022,1.50,1.50
2011.11.10 10:16:19.410,1.38994,1.39017,1.50,4.50
2011.11.10 10:16:19.923,1.38987,1.39009,1.58,1.50
2011.11.10 10:16:20.058,1.38995,1.39023,1.50,2.12
2011.11.10 10:16:20.297,1.38995,1.39024,1.50,1.50
2011.11.10 10:16:20.644,1.38997,1.39025,2.25,1.50
2011.11.10 10:16:21.180,1.38998,1.39024,1.50,1.50
2011.11.10 10:16:21.536,1.38997,1.39023,1.50,1.50
2011.11.10 10:16:22.534,1.38994,1.39022,1.50,1.50
2011.11.10 10:16:22.664,1.38995,1.39024,1.50,1.50
2011.11.10 10:16:22.785,1.38995,1.39023,1.50,1.50
2011.11.10 10:16:24.855,1.38995,1.39023,1.50,3.00
2011.11.10 10:16:25.204,1.38993,1.39017,1.50,1.50
2011.11.10 10:16:25.543,1.38989,1.39017,1.50,3.00
2011.11.10 10:16:25.664,1.38986,1.39017,2.25,3.00
2011.11.10 10:16:28.794,1.38989,1.39015,1.50,1.50
2011.11.10 10:16:29.610,1.38987,1.39015,1.50,1.50
2011.11.10 10:16:30.224,1.38986,1.39013,2.25,1.50
2011.11.10 10:16:30.565,1.38986,1.39013,2.25,1.50
2011.11.10 10:16:34.534,1.38987,1.39014,1.50,1.50
2011.11.10 10:16:37.156,1.38989,1.39013,1.50,1.50
2011.11.10 10:16:37.278,1.38993,1.39017,1.50,1.50
2011.11.10 10:16:37.394,1.38993,1.39018,1.50,1.50
2011.11.10 10:16:37.959,1.38993,1.3902,1.50,1.50
2011.11.10 10:16:38.802,1.38993,1.39021,1.50,1.50
2011.11.10 10:16:39.143,1.38993,1.3902,1.50,1.50
2011.11.10 10:16:40.083,1.38993,1.3902,1.50,1.50
2011.11.10 10:16:40.601,1.38993,1.3902,1.50,1.50
2011.11.10 10:16:40.734,1.38989,1.39017,1.50,1.50
2011.11.10 10:16:41.305,1.38989,1.39017,1.50,1.50
2011.11.10 10:16:41.924,1.38986,1.39013,2.25,1.50
2011.11.10 10:16:42.052,1.38986,1.39013,2.25,1.50
2011.11.10 10:16:42.415,1.38989,1.39017,1.50,3.00
2011.11.10 10:16:42.657,1.38982,1.39013,1.50,1.50
2011.11.10 10:16:42.902,1.38982,1.39011,1.50,1.50
2011.11.10 10:16:43.152,1.38978,1.39005,1.50,1.50
2011.11.10 10:16:43.278,1.38979,1.39008,1.50,1.50
2011.11.10 10:16:43.814,1.38985,1.39013,1.50,2.25
2011.11.10 10:16:43.936,1.38985,1.39013,1.50,1.50
2011.11.10 10:16:44.295,1.38983,1.3901,1.35,2.25
2011.11.10 10:16:44.635,1.38979,1.3901,1.50,2.25
2011.11.10 10:16:45.223,1.38976,1.39003,1.50,1.50
2011.11.10 10:16:45.469,1.38974,1.39003,1.13,2.25
2011.11.10 10:16:46.022,1.38977,1.39007,1.50,1.50
2011.11.10 10:16:46.478,1.38977,1.39007,1.50,1.50
2011.11.10 10:16:46.836,1.38977,1.39,1.50,1.88
2011.11.10 10:16:47.080,1.38972,1.38997,1.50,1.50
2011.11.10 10:16:47.209,1.38972,1.38999,1.50,1.50
2011.11.10 10:16:47.337,1.38972,1.39,1.50,1.50
2011.11.10 10:16:47.927,1.38969,1.38997,1.73,1.50
2011.11.10 10:16:48.055,1.38973,1.39002,1.50,1.56
2011.11.10 10:16:48.302,1.38973,1.39003,1.73,2.09
2011.11.10 10:16:48.873,1.38973,1.39003,1.73,2.09
2011.11.10 10:16:49.214,1.38973,1.39003,1.73,2.69
2011.11.10 10:16:49.577,1.38973,1.39001,1.50,2.48
2011.11.10 10:16:49.694,1.38969,1.38999,1.73,1.50
2011.11.10 10:16:50.350,1.38969,1.38997,1.50,1.50
2011.11.10 10:16:50.729,1.38963,1.3899,1.73,1.50
2011.11.10 10:16:51.100,1.38965,1.38993,1.73,1.65
2011.11.10 10:16:51.231,1.38965,1.38993,1.73,1.50
2011.11.10 10:16:52.536,1.38965,1.38993,1.50,1.50
2011.11.10 10:16:53.210,1.38963,1.38993,1.50,1.50
2011.11.10 10:16:53.456,1.38965,1.38993,1.50,1.88
2011.11.10 10:16:53.582,1.38955,1.38986,1.50,1.50
2011.11.10 10:16:53.938,1.38955,1.38986,1.50,2.85
2011.11.10 10:16:54.179,1.38954,1.3898,1.50,1.50
2011.11.10 10:16:54.663,1.3895,1.3898,1.50,1.50
2011.11.10 10:16:56.677,1.3895,1.3898,1.50,2.25
2011.11.10 10:16:56.918,1.38948,1.38977,1.50,1.50
2011.11.10 10:16:57.874,1.3895,1.38978,1.50,1.50
2011.11.10 10:16:57.997,1.3895,1.38979,1.50,1.50
2011.11.10 10:16:58.358,1.3895,1.38979,1.50,1.50
2011.11.10 10:16:59.624,1.3895,1.38979,1.50,1.50
2011.11.10 10:16:59.857,1.3895,1.38979,1.50,1.50
2011.11.10 10:17:00.206,1.38945,1.38975,1.50,1.50
2011.11.10 10:17:00.748,1.38945,1.38976,1.50,1.50
2011.11.10 10:17:02.233,1.38945,1.38975,1.50,1.50
2011.11.10 10:17:02.585,1.38945,1.38975,1.50,1.50
2011.11.10 10:17:02.952,1.38941,1.38969,1.50,1.50
2011.11.10 10:17:03.316,1.38937,1.38966,1.13,1.50
2011.11.10 10:17:04.041,1.38941,1.38968,1.50,1.50
2011.11.10 10:17:04.390,1.38939,1.3897,1.50,1.50
2011.11.10 10:17:04.523,1.38939,1.38969,1.50,1.50
2011.11.10 10:17:04.764,1.3894,1.38969,1.50,1.50
2011.11.10 10:17:05.116,1.38944,1.38974,1.50,1.50
2011.11.10 10:17:05.777,1.38942,1.38969,1.73,1.50
2011.11.10 10:17:06.417,1.38945,1.38972,1.50,3.00
2011.11.10 10:17:06.776,1.38947,1.38974,1.73,1.50
2011.11.10 10:17:07.318,1.38952,1.3898,1.50,1.50
2011.11.10 10:17:09.027,1.38952,1.3898,1.50,2.25
2011.11.10 10:17:09.155,1.38949,1.38972,1.50,1.50
2011.11.10 10:17:09.634,1.3894,1.38969,1.50,1.50
2011.11.10 10:17:12.319,1.3894,1.38966,1.50,2.25
2011.11.10 10:17:12.572,1.38942,1.38968,1.50,1.50
2011.11.10 10:17:12.934,1.38947,1.38977,1.50,2.25
2011.11.10 10:17:14.099,1.38947,1.38975,1.50,2.25
2011.11.10 10:17:14.228,1.38947,1.38975,1.50,2.25
2011.11.10 10:17:14.740,1.38947,1.38975,1.50,1.50
2011.11.10 10:17:14.864,1.38947,1.38975,1.50,1.50
2011.11.10 10:17:15.203,1.38947,1.38975,1.50,1.50
2011.11.10 10:17:16.360,1.38952,1.38979,1.50,1.50
2011.11.10 10:17:16.487,1.38952,1.38982,1.50,1.50
2011.11.10 10:17:16.944,1.38952,1.38983,2.25,1.50
2011.11.10 10:17:17.506,1.38952,1.38982,1.50,1.50
2011.11.10 10:17:17.854,1.38952,1.38982,1.50,1.50
2011.11.10 10:17:18.636,1.38952,1.38982,1.50,1.50
2011.11.10 10:17:19.267,1.38952,1.38982,1.50,1.50
2011.11.10 10:17:20.865,1.38952,1.38982,1.50,1.50
2011.11.10 10:17:21.219,1.38952,1.38982,1.50,2.25
2011.11.10 10:17:21.791,1.38952,1.38982,1.50,2.25
2011.11.10 10:17:21.908,1.38952,1.38982,1.50,1.50
2011.11.10 10:17:22.032,1.38952,1.3898,1.50,1.50
2011.11.10 10:17:22.605,1.38952,1.3898,1.50,1.50
2011.11.10 10:17:23.071,1.38948,1.38978,1.50,1.50
2011.11.10 10:17:23.203,1.38948,1.38977,1.50,2.25
2011.11.10 10:17:23.570,1.38953,1.38979,1.50,1.50
2011.11.10 10:17:23.692,1.38953,1.38981,1.50,1.50
2011.11.10 10:17:23.818,1.38951,1.3898,1.50,1.50
2011.11.10 10:17:24.426,1.38948,1.38977,1.50,1.50
2011.11.10 10:17:24.548,1.38946,1.38975,1.50,1.50
2011.11.10 10:17:24.668,1.38946,1.38977,1.50,2.25
2011.11.10 10:17:25.028,1.38947,1.38977,1.50,1.50
2011.11.10 10:17:25.150,1.38952,1.3898,1.50,1.50
2011.11.10 10:17:25.269,1.38955,1.38985,1.50,2.25
2011.11.10 10:17:25.634,1.38945,1.38973,1.73,1.88
2011.11.10 10:17:25.759,1.38944,1.38972,1.50,1.50
2011.11.10 10:17:26.107,1.38939,1.38969,1.50,1.50
2011.11.10 10:17:26.337,1.38939,1.38967,1.50,1.50
2011.11.10 10:17:26.989,1.3893,1.38959,1.50,1.50
2011.11.10 10:17:27.329,1.38931,1.38956,1.50,1.50
2011.11.10 10:17:28.054,1.38939,1.38967,1.50,1.50
2011.11.10 10:17:29.167,1.38939,1.38967,1.50,1.50
2011.11.10 10:17:29.521,1.38939,1.38967,1.50,1.50
2011.11.10 10:17:29.746,1.38939,1.3897,1.50,3.00
2011.11.10 10:17:30.443,1.38941,1.3897,1.50,2.25
2011.11.10 10:17:30.567,1.38944,1.38972,1.50,1.50
2011.11.10 10:17:30.686,1.38944,1.38972,1.50,1.50
2011.11.10 10:17:31.035,1.3894,1.38969,1.73,1.50
2011.11.10 10:17:31.285,1.38937,1.38964,3.23,1.50
2011.11.10 10:17:31.797,1.38932,1.38963,2.48,1.50
2011.11.10 10:17:32.148,1.38936,1.38966,1.50,1.50
2011.11.10 10:17:32.268,1.38932,1.38962,1.73,1.50
2011.11.10 10:17:32.618,1.3893,1.38958,1.73,1.50
2011.11.10 10:17:32.739,1.3893,1.38958,1.73,1.50
2011.11.10 10:17:33.341,1.38933,1.38958,1.50,1.50
2011.11.10 10:17:33.460,1.38936,1.38958,1.50,1.50
2011.11.10 10:17:34.012,1.38935,1.38963,1.50,1.50
2011.11.10 10:17:34.948,1.38939,1.38963,1.50,1.50
2011.11.10 10:17:35.306,1.38942,1.38967,1.50,1.50
2011.11.10 10:17:35.661,1.3894,1.38967,1.58,1.50
2011.11.10 10:17:35.782,1.3894,1.38966,1.58,1.50
2011.11.10 10:17:36.269,1.38934,1.38961,1.73,1.50
2011.11.10 10:17:36.400,1.38935,1.38963,1.50,1.50
2011.11.10 10:17:36.520,1.38935,1.38964,1.50,1.35
2011.11.10 10:17:37.176,1.38937,1.38965,1.50,1.50
2011.11.10 10:17:37.649,1.3894,1.38967,1.50,1.50
2011.11.10 10:17:37.771,1.3894,1.38968,1.50,1.50
2011.11.10 10:17:38.348,1.38935,1.38965,1.73,1.50
2011.11.10 10:17:39.219,1.38935,1.38963,1.50,1.50
2011.11.10 10:17:40.480,1.38935,1.38963,1.50,1.50
2011.11.10 10:17:40.719,1.38935,1.38965,1.50,1.50
2011.11.10 10:17:41.166,1.38935,1.38965,1.50,2.25
2011.11.10 10:17:41.512,1.38933,1.38958,1.50,1.13
2011.11.10 10:17:41.885,1.38925,1.38954,1.50,1.50
2011.11.10 10:17:42.328,1.38925,1.38954,1.50,2.25
2011.11.10 10:17:42.458,1.38929,1.38958,1.50,1.50
2011.11.10 10:17:42.700,1.38929,1.38959,1.50,1.50
2011.11.10 10:17:43.181,1.38929,1.38958,1.50,1.50
2011.11.10 10:17:43.526,1.38929,1.38956,1.50,1.50
2011.11.10 10:17:43.650,1.38929,1.38959,2.25,1.50
2011.11.10 10:17:44.757,1.38929,1.3896,1.73,1.50
2011.11.10 10:17:45.121,1.38925,1.38955,2.48,2.25
2011.11.10 10:17:45.467,1.38927,1.38957,1.50,2.25
2011.11.10 10:17:45.589,1.3893,1.38957,1.50,2.25
2011.11.10 10:17:45.709,1.3893,1.38956,1.50,1.50
2011.11.10 10:17:47.444,1.3893,1.3896,2.25,2.25
2011.11.10 10:17:47.803,1.38933,1.38964,1.88,1.50
2011.11.10 10:17:47.929,1.38936,1.38964,1.50,1.50
2011.11.10 10:17:48.268,1.38936,1.38964,1.50,2.25
2011.11.10 10:17:48.512,1.38944,1.38966,1.50,1.50
2011.11.10 10:17:48.638,1.38944,1.38972,1.50,2.25
2011.11.10 10:17:48.757,1.38944,1.3897,1.50,1.50
2011.11.10 10:17:48.998,1.38944,1.38973,1.50,2.25
2011.11.10 10:17:49.243,1.38943,1.3897,2.25,1.35
2011.11.10 10:17:50.097,1.3894,1.38969,1.50,1.50
2011.11.10 10:17:50.339,1.38942,1.3897,1.50,1.50
2011.11.10 10:17:50.689,1.38945,1.38972,1.50,1.50
2011.11.10 10:17:51.262,1.38945,1.38974,1.50,1.35
2011.11.10 10:17:51.499,1.38941,1.3897,1.50,1.50
2011.11.10 10:17:52.579,1.38941,1.38969,2.25,1.50
2011.11.10 10:17:53.155,1.38941,1.38971,2.25,2.25
2011.11.10 10:17:53.418,1.38941,1.38969,1.50,1.50
2011.11.10 10:17:53.538,1.3894,1.38966,1.50,1.50
2011.11.10 10:17:53.657,1.38942,1.38966,1.13,1.50
2011.11.10 10:17:53.781,1.38949,1.38977,1.88,2.25
2011.11.10 10:17:53.900,1.3895,1.38978,1.50,2.25
2011.11.10 10:17:54.020,1.38959,1.38987,1.73,2.29
2011.11.10 10:17:54.139,1.38962,1.38987,1.13,2.25
2011.11.10 10:17:54.262,1.38966,1.38995,1.50,2.25
2011.11.10 10:17:54.394,1.38964,1.38989,1.73,1.50
2011.11.10 10:17:54.524,1.38954,1.38979,1.73,1.50
2011.11.10 10:17:55.012,1.38948,1.38978,1.73,2.25
2011.11.10 10:17:55.381,1.38948,1.38978,3.23,2.25
2011.11.10 10:17:55.839,1.38948,1.38979,3.23,1.50
2011.11.10 10:17:55.961,1.38948,1.38978,3.23,1.50
2011.11.10 10:17:56.308,1.38946,1.38978,2.48,1.50
2011.11.10 10:17:56.429,1.38946,1.38976,2.25,1.50
2011.11.10 10:17:56.658,1.38948,1.38978,1.50,1.50
2011.11.10 10:17:57.239,1.38944,1.38973,2.48,1.50
2011.11.10 10:17:58.091,1.38944,1.38974,1.73,1.50
2011.11.10 10:17:58.649,1.38944,1.38972,1.73,1.50
2011.11.10 10:17:58.769,1.38944,1.38972,2.25,1.50
2011.11.10 10:17:59.009,1.38944,1.38972,1.50,1.50
2011.11.10 10:17:59.236,1.38943,1.38972,1.73,1.50
2011.11.10 10:17:59.591,1.38946,1.38975,1.50,5.18
2011.11.10 10:17:59.708,1.38946,1.38975,1.50,4.35
2011.11.10 10:17:59.828,1.38946,1.38973,1.50,2.10
2011.11.10 10:18:00.507,1.38945,1.38973,1.73,2.85
2011.11.10 10:18:01.059,1.38943,1.38973,2.25,1.50
2011.11.10 10:18:01.299,1.38946,1.38973,1.50,1.50
2011.11.10 10:18:01.890,1.38945,1.38972,1.50,1.35
2011.11.10 10:18:02.010,1.38945,1.38972,1.50,1.35
2011.11.10 10:18:02.131,1.38943,1.38972,1.73,1.35
2011.11.10 10:18:02.707,1.38943,1.38973,1.73,1.50
2011.11.10 10:18:03.304,1.38939,1.38968,1.36,1.50
2011.11.10 10:18:03.427,1.38941,1.38968,1.36,1.50
2011.11.10 10:18:03.550,1.38942,1.38969,1.36,1.50
2011.11.10 10:18:03.789,1.38942,1.3897,1.36,1.50
2011.11.10 10:18:04.127,1.38945,1.3897,1.73,1.50
2011.11.10 10:18:04.274,1.38945,1.38972,1.73,2.25
2011.11.10 10:18:04.402,1.38945,1.38972,1.73,1.50
2011.11.10 10:18:05.208,1.38945,1.38971,1.73,1.50
2011.11.10 10:18:05.328,1.38942,1.38969,1.73,2.25
2011.11.10 10:18:05.449,1.38939,1.38969,3.23,2.25
2011.11.10 10:18:06.548,1.38939,1.38969,3.23,1.50
2011.11.10 10:18:06.912,1.38942,1.38973,1.73,1.50
2011.11.10 10:18:07.509,1.38942,1.38973,1.50,1.50
2011.11.10 10:18:07.872,1.38955,1.38975,1.50,1.05
2011.11.10 10:18:08.378,1.38957,1.38976,2.25,1.50
2011.11.10 10:18:08.501,1.38959,1.38986,1.50,2.21
2011.11.10 10:18:08.741,1.38958,1.38986,1.73,1.88
2011.11.10 10:18:08.867,1.38955,1.38985,1.88,3.00
2011.11.10 10:18:09.468,1.38957,1.38983,1.50,1.50
2011.11.10 10:18:09.711,1.38963,1.38988,1.50,1.35
2011.11.10 10:18:10.222,1.38965,1.38995,1.50,1.50
2011.11.10 10:18:10.709,1.38965,1.38991,1.73,1.50
2011.11.10 10:18:10.827,1.38965,1.38995,1.50,2.25
2011.11.10 10:18:11.740,1.38965,1.38995,1.50,2.25
2011.11.10 10:18:12.133,1.38967,1.38995,1.13,1.50
2011.11.10 10:18:12.736,1.38964,1.38994,1.50,2.25
2011.11.10 10:18:13.588,1.38964,1.38994,1.50,1.50
2011.11.10 10:18:13.819,1.38964,1.38995,1.50,2.25
2011.11.10 10:18:14.866,1.38971,1.38995,1.35,1.50
2011.11.10 10:18:14.990,1.38974,1.39,1.50,1.50
2011.11.10 10:18:15.585,1.38968,1.38995,1.50,1.50
2011.11.10 10:18:15.939,1.38966,1.38994,1.50,2.25
2011.11.10 10:18:16.510,1.38966,1.3899,1.50,1.50
2011.11.10 10:18:16.870,1.38966,1.3899,1.50,2.25
2011.11.10 10:18:17.635,1.38962,1.3899,1.73,1.50
2011.11.10 10:18:18.098,1.3896,1.38987,3.00,1.50
2011.11.10 10:18:18.340,1.3896,1.38987,1.50,2.25
2011.11.10 10:18:19.071,1.38955,1.38987,3.83,1.50
2011.11.10 10:18:19.430,1.38961,1.38989,1.50,1.50
2011.11.10 10:18:19.929,1.38955,1.38983,1.73,1.35
2011.11.10 10:18:20.051,1.38953,1.38979,1.73,1.50
2011.11.10 10:18:20.291,1.38953,1.38979,1.73,1.50
2011.11.10 10:18:20.649,1.38963,1.38987,2.33,1.05
2011.11.10 10:18:20.769,1.38969,1.38996,1.50,2.29
2011.11.10 10:18:21.218,1.38969,1.38996,1.50,1.50
2011.11.10 10:18:21.448,1.38969,1.38992,1.50,1.50
2011.11.10 10:18:22.195,1.38965,1.38987,1.50,1.65
2011.11.10 10:18:22.330,1.38965,1.38991,1.50,2.10
2011.11.10 10:18:22.454,1.38961,1.38988,1.50,1.35
2011.11.10 10:18:22.703,1.38957,1.38984,1.50,1.13
2011.11.10 10:18:23.408,1.38953,1.38983,1.50,3.00
2011.11.10 10:18:23.648,1.38953,1.38982,1.50,1.50
2011.11.10 10:18:24.099,1.38951,1.38979,2.25,1.50
2011.11.10 10:18:25.131,1.3895,1.38976,2.25,1.50
2011.11.10 10:18:25.260,1.38953,1.38982,1.50,1.50
2011.11.10 10:18:26.789,1.38957,1.38987,1.50,1.50
2011.11.10 10:18:27.146,1.38957,1.38988,1.50,1.50
2011.11.10 10:18:27.566,1.38963,1.3899,1.50,2.25
2011.11.10 10:18:27.696,1.38963,1.3899,1.50,1.50
2011.11.10 10:18:27.943,1.38963,1.38992,1.50,1.50
2011.11.10 10:18:28.197,1.38963,1.38991,1.50,1.50
2011.11.10 10:18:28.886,1.38958,1.38988,1.50,2.25
2011.11.10 10:18:29.006,1.38958,1.38986,1.50,1.50
2011.11.10 10:18:30.585,1.38958,1.38986,1.50,1.50
2011.11.10 10:18:30.952,1.38964,1.38994,1.50,1.50
2011.11.10 10:18:31.201,1.38968,1.38996,1.50,1.50
2011.11.10 10:18:31.321,1.38969,1.38996,1.50,1.50
2011.11.10 10:18:31.454,1.38964,1.38992,1.50,2.85
2011.11.10 10:18:32.578,1.3896,1.38988,1.50,1.35
2011.11.10 10:18:33.498,1.38958,1.38988,1.73,1.50
2011.11.10 10:18:33.739,1.3896,1.38988,1.50,1.50
2011.11.10 10:18:34.309,1.3896,1.38988,1.50,1.50
2011.11.10 10:18:35.457,1.3896,1.38989,1.50,3.60
2011.11.10 10:18:35.946,1.3896,1.38989,1.50,2.25
2011.11.10 10:18:36.073,1.38965,1.38992,1.50,1.88
2011.11.10 10:18:36.678,1.38965,1.38993,1.50,2.25
2011.11.10 10:18:37.466,1.38965,1.38993,1.50,1.50
2011.11.10 10:18:38.060,1.38969,1.38994,1.50,1.50
2011.11.10 10:18:42.906,1.38965,1.38994,1.50,2.25
2011.11.10 10:18:43.042,1.38965,1.38993,1.50,1.50
2011.11.10 10:18:43.522,1.38963,1.38991,1.50,1.50
2011.11.10 10:18:43.652,1.38959,1.3899,1.50,1.50
2011.11.10 10:18:44.217,1.38959,1.38989,1.50,1.50
2011.11.10 10:18:47.381,1.3896,1.38989,1.73,1.50
2011.11.10 10:18:49.487,1.38959,1.38989,1.73,1.50
2011.11.10 10:18:49.609,1.38958,1.38989,1.50,1.50
2011.11.10 10:18:51.703,1.38959,1.38991,1.50,1.50
2011.11.10 10:18:52.307,1.38959,1.38989,1.50,1.50
2011.11.10 10:18:53.184,1.38959,1.3899,2.48,1.50
2011.11.10 10:18:53.768,1.38963,1.3899,1.50,2.10
2011.11.10 10:18:54.108,1.3896,1.38988,1.50,1.50
2011.11.10 10:18:56.610,1.3896,1.38987,1.50,2.25
2011.11.10 10:18:58.384,1.3896,1.38987,1.50,1.50
2011.11.10 10:18:58.513,1.38957,1.38982,2.25,1.50
2011.11.10 10:18:59.438,1.3896,1.38987,1.50,2.25
2011.11.10 10:18:59.956,1.3896,1.38987,1.50,2.25
2011.11.10 10:19:02.654,1.38954,1.38984,2.48,1.50
2011.11.10 10:19:02.780,1.38954,1.38984,2.48,1.50
2011.11.10 10:19:03.009,1.38954,1.38984,2.48,1.50
2011.11.10 10:19:03.128,1.38954,1.38982,2.48,1.50
2011.11.10 10:19:03.727,1.38953,1.38979,1.50,1.50
2011.11.10 10:19:04.763,1.38947,1.38977,1.50,2.25
2011.11.10 10:19:05.010,1.38946,1.38976,1.50,1.50
2011.11.10 10:19:05.490,1.38946,1.38971,1.50,1.50
2011.11.10 10:19:06.390,1.38946,1.38971,1.50,1.50
2011.11.10 10:19:07.377,1.38946,1.38979,3.31,1.13
2011.11.10 10:19:07.790,1.38953,1.38983,1.50,2.25
2011.11.10 10:19:09.321,1.38954,1.38983,1.50,1.50
2011.11.10 10:19:10.726,1.38953,1.38981,1.50,1.35
2011.11.10 10:19:11.089,1.38953,1.38983,1.50,3.60
2011.11.10 10:19:12.349,1.38953,1.38981,1.50,1.35
2011.11.10 10:19:12.949,1.38953,1.38981,1.50,1.35
2011.11.10 10:19:14.117,1.38953,1.38981,1.50,1.35
2011.11.10 10:19:14.540,1.3895,1.38977,1.73,1.35
2011.11.10 10:19:15.137,1.38948,1.38976,1.50,1.35
2011.11.10 10:19:17.351,1.38948,1.38978,1.50,1.50
2011.11.10 10:19:17.709,1.38948,1.38979,1.50,2.25
2011.11.10 10:19:18.052,1.3895,1.38979,1.36,1.50
2011.11.10 10:19:18.299,1.38953,1.38983,1.73,1.50
2011.11.10 10:19:18.859,1.38949,1.38979,1.73,1.50
2011.11.10 10:19:21.237,1.38949,1.38979,1.73,1.50
2011.11.10 10:19:21.468,1.38953,1.38983,1.50,1.50
2011.11.10 10:19:21.819,1.38951,1.38979,1.50,1.50
2011.11.10 10:19:21.938,1.38949,1.38977,1.73,1.50
2011.11.10 10:19:22.169,1.38944,1.38974,1.58,1.50
2011.11.10 10:19:22.289,1.38944,1.38973,1.58,1.50
2011.11.10 10:19:23.339,1.3895,1.38977,1.73,1.50
2011.11.10 10:19:23.461,1.38949,1.38978,3.08,1.50
2011.11.10 10:19:23.811,1.38954,1.38982,1.50,1.50
2011.11.10 10:19:27.228,1.38952,1.38981,2.25,1.35
2011.11.10 10:19:27.588,1.38951,1.38979,1.35,1.50
2011.11.10 10:19:27.709,1.38949,1.38979,2.63,1.50
2011.11.10 10:19:29.270,1.38946,1.38971,2.48,1.50
2011.11.10 10:19:29.508,1.38944,1.38971,1.73,1.50
2011.11.10 10:19:29.626,1.38942,1.38968,1.73,1.50
2011.11.10 10:19:29.857,1.3894,1.38968,1.73,1.50
2011.11.10 10:19:30.759,1.38942,1.38968,2.48,1.50
2011.11.10 10:19:31.097,1.38945,1.38971,1.58,1.50
2011.11.10 10:19:31.335,1.38949,1.38977,1.50,1.50
2011.11.10 10:19:31.796,1.38948,1.38977,1.50,1.50
2011.11.10 10:19:32.285,1.38946,1.38974,1.50,1.50
2011.11.10 10:19:32.519,1.38943,1.38971,2.48,1.50
2011.11.10 10:19:32.760,1.38943,1.38971,2.48,1.50
2011.11.10 10:19:34.739,1.38943,1.38971,2.48,1.50
2011.11.10 10:19:36.249,1.38949,1.38974,1.35,2.25
2011.11.10 10:19:36.734,1.38947,1.38974,1.13,2.25
2011.11.10 10:19:36.862,1.3895,1.38978,1.50,2.25
2011.11.10 10:19:37.231,1.38955,1.38983,1.50,1.50
2011.11.10 10:19:38.112,1.38955,1.38985,1.73,2.25
2011.11.10 10:19:39.298,1.38955,1.38983,1.50,1.50
2011.11.10 10:19:42.016,1.38955,1.38985,1.50,1.50
2011.11.10 10:19:43.336,1.38961,1.38988,1.50,3.00
2011.11.10 10:19:43.461,1.38961,1.38988,1.50,2.25
2011.11.10 10:19:43.716,1.38958,1.38987,1.50,1.50
2011.11.10 10:19:43.838,1.38961,1.3899,1.50,1.50
2011.11.10 10:19:44.430,1.38961,1.3899,1.50,3.00
2011.11.10 10:19:44.668,1.3896,1.38989,1.50,1.50
2011.11.10 10:19:45.662,1.38961,1.38992,2.33,1.50
2011.11.10 10:19:45.793,1.38968,1.38998,1.50,1.50
2011.11.10 10:19:46.390,1.38967,1.38997,1.50,1.50
2011.11.10 10:19:46.513,1.38967,1.38997,1.50,2.25
2011.11.10 10:19:46.877,1.38956,1.38985,1.50,1.50
2011.11.10 10:19:47.327,1.38956,1.38984,1.50,1.50
2011.11.10 10:19:48.099,1.38954,1.38984,2.25,1.50
2011.11.10 10:19:48.330,1.38954,1.38981,1.50,1.50
2011.11.10 10:19:48.559,1.38951,1.38981,1.50,1.50
2011.11.10 10:19:48.911,1.38951,1.38979,1.50,1.50
2011.11.10 10:19:49.151,1.38944,1.38974,2.48,1.50
2011.11.10 10:19:49.510,1.38948,1.38975,1.50,1.50
2011.11.10 10:19:49.629,1.38949,1.3898,2.25,2.25
2011.11.10 10:19:50.340,1.3895,1.38978,1.50,1.35
2011.11.10 10:19:50.699,1.38946,1.38975,1.50,1.50
2011.11.10 10:19:51.002,1.38946,1.38976,1.50,1.50
2011.11.10 10:19:52.160,1.38946,1.38976,2.25,1.50
2011.11.10 10:19:52.738,1.38946,1.38974,1.50,1.50
2011.11.10 10:19:52.980,1.38943,1.38972,1.50,1.50
2011.11.10 10:19:53.099,1.38943,1.3897,1.50,1.50
2011.11.10 10:19:53.218,1.38945,1.38973,1.50,1.50
2011.11.10 10:19:54.139,1.38945,1.38975,2.48,1.50
2011.11.10 10:19:55.656,1.38945,1.38977,1.73,3.00
2011.11.10 10:19:56.490,1.38945,1.38975,1.73,1.50
2011.11.10 10:19:58.268,1.38945,1.38975,1.50,1.50
2011.11.10 10:19:59.008,1.38951,1.38976,2.48,1.50
2011.11.10 10:19:59.251,1.38955,1.38985,2.10,1.50
2011.11.10 10:19:59.492,1.38955,1.38985,2.10,1.50
2011.11.10 10:19:59.862,1.38949,1.38979,2.48,1.50
2011.11.10 10:20:00.113,1.38949,1.38979,2.48,1.50
2011.11.10 10:20:00.456,1.38949,1.3898,2.48,1.50
2011.11.10 10:20:01.387,1.38954,1.38984,1.50,1.50
2011.11.10 10:20:01.970,1.38954,1.38985,1.50,1.50
2011.11.10 10:20:02.089,1.38954,1.38984,1.50,1.50
2011.11.10 10:20:02.330,1.38955,1.38984,1.73,1.50
2011.11.10 10:20:02.692,1.38954,1.38985,2.48,1.50
2011.11.10 10:20:03.163,1.3896,1.3899,2.25,2.25
2011.11.10 10:20:03.704,1.3896,1.38989,1.50,1.50
2011.11.10 10:20:04.501,1.38962,1.38989,2.85,1.50
2011.11.10 10:20:04.622,1.38961,1.38989,1.50,1.50
2011.11.10 10:20:04.751,1.38962,1.3899,1.50,1.50
2011.11.10 10:20:04.873,1.38961,1.3899,1.50,1.50
2011.11.10 10:20:05.121,1.38963,1.38992,1.50,1.50
2011.11.10 10:20:05.240,1.38962,1.38992,2.25,1.50
2011.11.10 10:20:05.478,1.3896,1.3899,3.23,1.50
2011.11.10 10:20:06.576,1.38963,1.38988,1.50,1.50
2011.11.10 10:20:07.190,1.38963,1.38993,1.50,2.25
2011.11.10 10:20:07.312,1.38962,1.38992,1.50,1.50
2011.11.10 10:20:07.440,1.38963,1.38992,1.50,2.25
2011.11.10 10:20:07.558,1.38963,1.38992,1.50,1.50
2011.11.10 10:20:07.911,1.38968,1.38997,1.50,1.50
2011.11.10 10:20:08.032,1.38967,1.38997,2.10,1.50
2011.11.10 10:20:08.656,1.38967,1.38997,1.50,3.00
2011.11.10 10:20:08.792,1.38962,1.38992,2.10,1.50
2011.11.10 10:20:08.923,1.38962,1.38993,2.85,1.50
2011.11.10 10:20:09.967,1.38963,1.38992,1.73,1.50
2011.11.10 10:20:10.526,1.38964,1.38993,1.73,1.50
2011.11.10 10:20:11.345,1.3897,1.38996,1.50,1.50
2011.11.10 10:20:11.472,1.38971,1.38999,1.73,1.50
2011.11.10 10:20:11.839,1.38971,1.38998,1.50,1.50
2011.11.10 10:20:12.189,1.38968,1.38994,2.10,1.50
2011.11.10 10:20:12.309,1.38971,1.38999,1.50,1.50
2011.11.10 10:20:12.550,1.38971,1.38999,1.50,1.50
2011.11.10 10:20:12.778,1.38971,1.38999,1.50,1.50
2011.11.10 10:20:13.533,1.38971,1.39001,2.25,2.63
2011.11.10 10:20:13.661,1.38976,1.39003,1.50,1.50
2011.11.10 10:20:14.023,1.38976,1.39006,1.50,2.25
2011.11.10 10:20:14.487,1.38976,1.39006,1.50,2.25
2011.11.10 10:20:14.849,1.38976,1.39006,1.50,1.50
2011.11.10 10:20:15.339,1.38975,1.39002,1.50,1.50
2011.11.10 10:20:15.567,1.38971,1.39,1.50,1.35
2011.11.10 10:20:16.301,1.38958,1.38987,1.50,1.50
2011.11.10 10:20:16.424,1.38959,1.38988,1.50,1.50
2011.11.10 10:20:16.781,1.38961,1.38989,1.50,1.50
2011.11.10 10:20:17.019,1.38964,1.38991,1.50,1.35
2011.11.10 10:20:17.929,1.38964,1.38992,1.73,1.50
2011.11.10 10:20:18.531,1.38967,1.38992,2.25,1.50
2011.11.10 10:20:18.893,1.3897,1.38998,1.73,2.10
2011.11.10 10:20:19.025,1.3897,1.38999,2.48,1.50
2011.11.10 10:20:19.270,1.38971,1.38998,1.50,1.50
2011.11.10 10:20:19.748,1.38968,1.38994,1.50,1.50
2011.11.10 10:20:20.411,1.38964,1.38995,1.50,2.25
2011.11.10 10:20:22.457,1.38965,1.38995,1.73,2.25
2011.11.10 10:20:23.415,1.38965,1.38994,1.73,1.05
2011.11.10 10:20:24.120,1.38965,1.38995,1.73,2.25
2011.11.10 10:20:24.485,1.38971,1.38995,1.13,1.50
2011.11.10 10:20:24.733,1.38972,1.38999,1.73,2.25
2011.11.10 10:20:24.860,1.3897,1.38999,1.73,2.25
2011.11.10 10:20:25.986,1.3897,1.38999,1.73,1.50
2011.11.10 10:20:27.250,1.38975,1.39,1.13,1.50
2011.11.10 10:20:27.614,1.38975,1.39001,1.73,1.50
2011.11.10 10:20:27.739,1.38976,1.39001,1.36,1.50
2011.11.10 10:20:28.101,1.38981,1.39009,1.36,2.25
2011.11.10 10:20:28.218,1.38983,1.39012,1.50,1.50
2011.11.10 10:20:28.773,1.38983,1.39013,1.50,2.25
2011.11.10 10:20:28.907,1.38982,1.39009,1.73,1.50
2011.11.10 10:20:29.504,1.38982,1.39009,1.73,2.25
2011.11.10 10:20:29.633,1.3898,1.39007,1.73,1.50
2011.11.10 10:20:29.765,1.38979,1.39006,1.50,1.50
2011.11.10 10:20:29.895,1.38978,1.39005,1.50,1.50
2011.11.10 10:20:30.499,1.38979,1.39007,1.50,1.50
2011.11.10 10:20:30.730,1.38977,1.39007,1.50,1.50
2011.11.10 10:20:30.848,1.38976,1.39004,1.50,1.50
2011.11.10 10:20:31.346,1.38973,1.39003,2.48,1.50
2011.11.10 10:20:31.589,1.38973,1.39004,2.48,2.25
2011.11.10 10:20:32.406,1.38973,1.39004,2.48,1.50
2011.11.10 10:20:33.320,1.38977,1.39003,1.73,2.25
2011.11.10 10:20:34.021,1.38984,1.39004,1.50,1.50
2011.11.10 10:20:34.263,1.38983,1.39013,1.50,1.50
2011.11.10 10:20:34.391,1.38982,1.39012,1.50,1.50
2011.11.10 10:20:34.745,1.38979,1.39006,1.50,2.25
2011.11.10 10:20:34.875,1.38974,1.39003,1.50,1.50
2011.11.10 10:20:34.998,1.38969,1.38999,1.73,1.50
2011.11.10 10:20:35.122,1.38969,1.38999,1.50,2.25
2011.11.10 10:20:35.253,1.38968,1.38997,1.50,1.50
2011.11.10 10:20:35.844,1.38969,1.38995,1.50,1.50
2011.11.10 10:20:35.973,1.38969,1.38997,2.25,1.50
2011.11.10 10:20:36.220,1.38969,1.39,2.25,1.50
2011.11.10 10:20:36.789,1.38969,1.38999,1.50,1.50
2011.11.10 10:20:37.030,1.38969,1.38999,1.50,1.50
2011.11.10 10:20:37.153,1.38974,1.39001,1.58,2.25
2011.11.10 10:20:37.289,1.38981,1.39002,1.50,1.50
2011.11.10 10:20:37.411,1.38978,1.39005,1.50,2.63
2011.11.10 10:20:37.768,1.38975,1.39005,1.50,3.00
2011.11.10 10:20:38.345,1.38971,1.38999,2.86,1.50
2011.11.10 10:20:38.697,1.38971,1.38999,2.86,1.50
2011.11.10 10:20:39.419,1.38975,1.39005,1.50,1.50
2011.11.10 10:20:39.783,1.38975,1.39005,1.50,1.50
2011.11.10 10:20:39.911,1.38975,1.39005,1.50,1.50
2011.11.10 10:20:40.153,1.38978,1.39006,1.50,1.50
2011.11.10 10:20:40.687,1.38978,1.39006,2.25,1.50
2011.11.10 10:20:40.932,1.38979,1.39009,1.50,1.50
2011.11.10 10:20:42.433,1.38978,1.39009,2.48,1.50
2011.11.10 10:20:43.547,1.38981,1.39009,1.50,1.50
2011.11.10 10:20:43.912,1.38985,1.39016,1.73,1.50
2011.11.10 10:20:44.268,1.38985,1.39016,2.11,1.50
2011.11.10 10:20:45.221,1.38988,1.39016,1.73,1.50
2011.11.10 10:20:46.130,1.38985,1.39016,1.50,1.50
2011.11.10 10:20:46.603,1.38984,1.39015,2.25,1.50
2011.11.10 10:20:47.091,1.38983,1.39014,1.50,1.50
2011.11.10 10:20:47.913,1.38983,1.39014,1.73,1.50
2011.11.10 10:20:48.514,1.38982,1.39015,2.48,1.50
2011.11.10 10:20:48.879,1.38988,1.39018,1.73,1.50
2011.11.10 10:20:49.118,1.38984,1.39012,1.50,1.50
2011.11.10 10:20:49.364,1.38983,1.39012,1.50,2.25
2011.11.10 10:20:49.970,1.38978,1.39008,1.73,1.50
2011.11.10 10:20:50.442,1.38978,1.39009,1.73,2.25
2011.11.10 10:20:51.030,1.38981,1.39015,1.73,3.08
2011.11.10 10:20:51.259,1.38984,1.39015,1.50,2.25
2011.11.10 10:20:53.303,1.38985,1.39015,1.50,1.50
2011.11.10 10:20:53.432,1.38989,1.39017,1.50,2.25
2011.11.10 10:20:53.560,1.38989,1.39019,1.50,2.10
2011.11.10 10:20:54.558,1.38986,1.39019,1.50,2.93
2011.11.10 10:20:54.917,1.38984,1.39015,2.48,1.50
2011.11.10 10:20:55.470,1.38984,1.39014,1.50,1.50
2011.11.10 10:20:55.708,1.3898,1.3901,1.73,1.50
2011.11.10 10:20:56.050,1.38984,1.39015,1.50,1.50
2011.11.10 10:20:56.532,1.38984,1.39015,1.50,1.50
2011.11.10 10:20:57.412,1.38981,1.39013,1.50,1.50
2011.11.10 10:20:58.100,1.3898,1.39009,1.50,1.50
2011.11.10 10:20:58.658,1.38981,1.39013,1.73,1.50
2011.11.10 10:20:58.777,1.38983,1.39013,1.50,1.50
2011.11.10 10:20:59.439,1.38983,1.39011,1.50,1.50
2011.11.10 10:20:59.681,1.38983,1.39013,1.73,1.50
2011.11.10 10:21:00.558,1.38983,1.39013,3.98,1.50
2011.11.10 10:21:00.798,1.38989,1.39021,1.73,2.25
2011.11.10 10:21:00.919,1.38989,1.39019,1.73,1.50
2011.11.10 10:21:01.043,1.38988,1.39016,1.50,1.50
2011.11.10 10:21:01.282,1.38984,1.39016,2.48,1.50
2011.11.10 10:21:01.515,1.38984,1.39016,2.48,1.50
2011.11.10 10:21:01.967,1.38984,1.39016,2.48,1.50
2011.11.10 10:21:02.729,1.38985,1.39011,1.13,1.50
2011.11.10 10:21:02.856,1.38985,1.39009,1.13,1.50
2011.11.10 10:21:02.981,1.38982,1.39006,1.50,1.50
2011.11.10 10:21:03.105,1.38978,1.39003,2.48,1.50
2011.11.10 10:21:03.595,1.38974,1.39,1.50,1.50
2011.11.10 10:21:03.727,1.38973,1.38999,1.50,1.50
2011.11.10 10:21:03.854,1.38971,1.38996,1.50,1.50
2011.11.10 10:21:04.446,1.38964,1.38993,2.48,1.50
2011.11.10 10:21:04.930,1.38968,1.38993,1.73,1.50
2011.11.10 10:21:05.756,1.38969,1.39,3.23,1.50
2011.11.10 10:21:06.836,1.38969,1.38991,1.73,1.50
2011.11.10 10:21:06.971,1.3897,1.38997,1.50,1.35
2011.11.10 10:21:07.092,1.3897,1.38997,1.50,1.50
2011.11.10 10:21:07.224,1.3897,1.38997,1.50,1.50
2011.11.10 10:21:07.353,1.3897,1.38998,1.50,1.50
2011.11.10 10:21:07.604,1.38975,1.39001,1.50,1.50
2011.11.10 10:21:07.730,1.38975,1.39005,1.50,1.50
2011.11.10 10:21:08.214,1.38985,1.39015,1.50,2.25
2011.11.10 10:21:08.341,1.38985,1.39015,1.50,1.50
2011.11.10 10:21:08.981,1.3899,1.3902,1.50,2.25
2011.11.10 10:21:09.339,1.38988,1.3902,2.25,2.25
2011.11.10 10:21:09.907,1.38988,1.3902,1.50,2.25
2011.11.10 10:21:11.317,1.3899,1.3902,1.50,2.25
2011.11.10 10:21:12.220,1.38981,1.39009,1.73,1.50
2011.11.10 10:21:12.459,1.3898,1.39009,1.73,1.50
2011.11.10 10:21:13.040,1.38979,1.39009,3.23,1.50
2011.11.10 10:21:13.499,1.38981,1.39009,1.50,1.50
2011.11.10 10:21:13.850,1.38981,1.39011,1.50,1.50
2011.11.10 10:21:14.687,1.3898,1.39014,1.73,1.50
2011.11.10 10:21:15.172,1.38984,1.39014,2.11,1.50
2011.11.10 10:21:15.530,1.38989,1.3902,1.50,2.25
2011.11.10 10:21:16.164,1.38989,1.39015,1.50,1.50
2011.11.10 10:21:16.297,1.38985,1.39013,1.73,1.50
2011.11.10 10:21:16.425,1.38982,1.39013,1.50,2.25
2011.11.10 10:21:17.504,1.38985,1.39013,1.50,2.25
2011.11.10 10:21:18.630,1.38985,1.39013,1.50,1.50
2011.11.10 10:21:19.111,1.38987,1.39017,2.25,1.13
2011.11.10 10:21:19.231,1.38989,1.39017,1.50,1.13
2011.11.10 10:21:20.397,1.38989,1.39018,1.50,1.50
2011.11.10 10:21:20.634,1.38993,1.3902,1.50,1.50
2011.11.10 10:21:20.880,1.38994,1.39024,1.50,2.63
2011.11.10 10:21:21.121,1.38985,1.39016,1.73,1.50
2011.11.10 10:21:21.241,1.38985,1.39014,1.50,1.50
2011.11.10 10:21:21.785,1.38984,1.39014,1.50,1.50
2011.11.10 10:21:22.396,1.38986,1.39016,2.25,1.50
2011.11.10 10:21:22.538,1.38994,1.39022,2.25,1.71
2011.11.10 10:21:22.900,1.38994,1.39021,2.25,1.34
2011.11.10 10:21:25.739,1.3899,1.3902,1.50,2.25
2011.11.10 10:21:26.210,1.3899,1.3902,1.50,1.50
2011.11.10 10:21:27.038,1.3899,1.3902,1.50,1.50
2011.11.10 10:21:27.512,1.38986,1.39017,2.25,1.50
2011.11.10 10:21:28.130,1.38986,1.39016,1.73,2.59
2011.11.10 10:21:28.262,1.38993,1.39021,1.50,1.05
2011.11.10 10:21:28.389,1.38994,1.39022,1.50,1.50
2011.11.10 10:21:28.633,1.38998,1.39029,1.50,1.50
2011.11.10 10:21:29.006,1.38998,1.39028,2.25,1.50
2011.11.10 10:21:29.134,1.39002,1.39029,1.50,1.50
2011.11.10 10:21:29.380,1.39004,1.39032,1.50,1.50
2011.11.10 10:21:30.017,1.39009,1.39041,1.50,1.50
2011.11.10 10:21:30.149,1.39011,1.3904,1.73,1.50
2011.11.10 10:21:30.272,1.39009,1.39036,1.73,1.50
2011.11.10 10:21:30.408,1.39008,1.39034,1.13,1.50
2011.11.10 10:21:30.532,1.39005,1.39026,1.50,1.13
2011.11.10 10:21:30.904,1.39,1.39022,1.58,1.50
2011.11.10 10:21:31.033,1.38996,1.39022,1.50,2.25
2011.11.10 10:21:31.159,1.38991,1.3902,1.88,1.50
2011.11.10 10:21:31.402,1.3899,1.3902,1.50,1.50
2011.11.10 10:21:32.188,1.38993,1.39027,1.50,3.08
2011.11.10 10:21:32.312,1.38994,1.39027,2.25,2.25
2011.11.10 10:21:32.903,1.38994,1.3902,1.73,1.50
2011.11.10 10:21:33.149,1.38991,1.3902,1.73,1.50
2011.11.10 10:21:33.273,1.3899,1.39019,1.50,1.50
2011.11.10 10:21:33.400,1.38988,1.39019,1.50,1.50
2011.11.10 10:21:34.202,1.38986,1.39018,1.50,3.00
2011.11.10 10:21:34.814,1.38986,1.39016,1.73,1.50
2011.11.10 10:21:34.943,1.38986,1.39016,2.48,1.50
2011.11.10 10:21:35.298,1.38986,1.39018,3.23,1.50
2011.11.10 10:21:37.349,1.38986,1.39021,1.13,3.00
2011.11.10 10:21:37.471,1.3899,1.39022,2.48,1.50
2011.11.10 10:21:37.712,1.38991,1.39021,1.73,1.50
2011.11.10 10:21:38.315,1.38994,1.39021,1.73,1.50
2011.11.10 10:21:38.858,1.38996,1.39026,1.73,1.50
2011.11.10 10:21:38.987,1.38997,1.39028,1.73,2.33
2011.11.10 10:21:39.350,1.39001,1.39031,1.36,1.58
2011.11.10 10:21:39.853,1.39002,1.39031,2.11,1.58
2011.11.10 10:21:40.450,1.39002,1.39031,1.73,1.58
2011.11.10 10:21:42.863,1.39001,1.39031,1.73,1.58
2011.11.10 10:21:42.989,1.39,1.39031,2.48,1.58
2011.11.10 10:21:43.344,1.38997,1.39025,1.50,1.50
2011.11.10 10:21:43.471,1.38997,1.39022,1.50,1.50
2011.11.10 10:21:44.064,1.38992,1.3902,1.50,1.50
2011.11.10 10:21:45.462,1.38989,1.3902,1.50,1.50
2011.11.10 10:21:45.697,1.3899,1.3902,1.50,1.50
2011.11.10 10:21:49.102,1.38992,1.39021,1.50,1.50
2011.11.10 10:21:49.228,1.38992,1.39022,1.50,1.50
2011.11.10 10:21:49.690,1.38995,1.39025,2.25,1.50
2011.11.10 10:21:50.826,1.38989,1.3902,2.48,1.50
2011.11.10 10:21:51.387,1.38989,1.39018,2.48,1.50
2011.11.10 10:21:51.518,1.38986,1.39017,2.48,1.50
2011.11.10 10:21:51.638,1.38989,1.39017,1.73,1.50
2011.11.10 10:21:51.758,1.38989,1.39017,1.73,1.50
2011.11.10 10:21:52.614,1.38989,1.39019,1.73,1.50
2011.11.10 10:21:52.964,1.38989,1.3902,1.73,1.50
2011.11.10 10:21:53.212,1.38993,1.39023,1.50,2.25
2011.11.10 10:21:54.349,1.38993,1.39023,1.50,1.50
2011.11.10 10:21:56.677,1.38993,1.39023,3.61,1.50
2011.11.10 10:21:57.018,1.38993,1.39023,2.48,1.50
2011.11.10 10:21:59.967,1.38994,1.39023,1.36,1.50
2011.11.10 10:22:00.212,1.38999,1.39027,1.50,1.58
2011.11.10 10:22:00.343,1.39002,1.39031,1.50,1.58
2011.11.10 10:22:00.712,1.38997,1.39027,1.73,1.58
2011.11.10 10:22:01.397,1.38997,1.39027,3.23,1.58
2011.11.10 10:22:01.527,1.38997,1.39027,2.25,1.58
2011.11.10 10:22:01.998,1.38997,1.39027,2.33,1.58
2011.11.10 10:22:02.360,1.38997,1.39028,3.08,1.58
2011.11.10 10:22:03.750,1.38997,1.39028,2.33,1.50
2011.11.10 10:22:04.395,1.39008,1.39034,1.13,2.25
2011.11.10 10:22:04.749,1.3901,1.39038,1.73,1.50
2011.11.10 10:22:05.220,1.39005,1.39033,1.73,1.50
2011.11.10 10:22:05.339,1.39004,1.39033,1.73,1.50
2011.11.10 10:22:05.457,1.39002,1.39027,1.73,1.50
2011.11.10 10:22:05.920,1.39,1.39027,1.73,1.50
2011.11.10 10:22:06.039,1.38999,1.39027,2.48,1.50
2011.11.10 10:22:06.268,1.39003,1.39033,1.50,1.50
2011.11.10 10:22:08.384,1.38999,1.3903,2.48,1.50
2011.11.10 10:22:08.984,1.39001,1.39028,1.73,1.50
2011.11.10 10:22:09.716,1.38999,1.39025,1.73,1.50
2011.11.10 10:22:09.850,1.38996,1.39025,1.73,1.50
2011.11.10 10:22:09.968,1.38993,1.39025,2.48,1.50
2011.11.10 10:22:10.743,1.38988,1.39014,1.73,1.50
2011.11.10 10:22:10.871,1.38983,1.39014,1.81,1.50
2011.11.10 10:22:11.457,1.38983,1.39013,1.58,1.50
2011.11.10 10:22:12.195,1.38981,1.39007,1.06,1.50
2011.11.10 10:22:15.177,1.38979,1.39006,1.06,1.50
2011.11.10 10:22:15.712,1.38976,1.39007,1.58,1.50
2011.11.10 10:22:18.758,1.38979,1.39007,1.06,1.50
2011.11.10 10:22:18.881,1.38979,1.39007,1.06,1.50
2011.11.10 10:22:19.004,1.38983,1.39011,2.33,1.50
2011.11.10 10:22:19.579,1.38983,1.39011,1.58,2.25
2011.11.10 10:22:19.941,1.38982,1.39011,1.58,1.50
2011.11.10 10:22:21.553,1.38978,1.39007,1.81,1.50
2011.11.10 10:22:22.971,1.38978,1.39003,1.06,2.25
2011.11.10 10:22:23.337,1.38975,1.38999,1.28,1.50
2011.11.10 10:22:24.507,1.38975,1.39001,1.28,1.50
2011.11.10 10:22:25.077,1.38973,1.39001,1.89,1.50
2011.11.10 10:22:28.297,1.38973,1.38998,1.08,1.35
2011.11.10 10:22:28.868,1.38973,1.39,1.90,2.10
2011.11.10 10:22:29.441,1.38973,1.38998,1.02,1.35
2011.11.10 10:22:29.681,1.38974,1.39003,1.12,1.50
2011.11.10 10:22:30.691,1.38974,1.39001,1.12,1.88
2011.11.10 10:22:31.056,1.38977,1.39005,1.58,2.09
2011.11.10 10:22:31.185,1.38981,1.39007,1.66,1.50
2011.11.10 10:22:31.312,1.3898,1.39007,1.43,1.50
2011.11.10 10:22:32.060,1.38977,1.39007,1.58,1.50
2011.11.10 10:22:32.188,1.38974,1.39004,1.47,1.50
2011.11.10 10:22:33.360,1.38973,1.39004,2.11,1.50
2011.11.10 10:22:33.719,1.38973,1.39003,1.11,1.13
2011.11.10 10:22:35.829,1.38972,1.39001,1.83,1.50
2011.11.10 10:22:36.187,1.38974,1.39004,1.08,1.50
2011.11.10 10:22:36.734,1.38974,1.39004,1.13,1.50
2011.11.10 10:22:39.395,1.38974,1.39004,1.30,1.50
2011.11.10 10:22:39.991,1.38973,1.39004,1.15,2.25
2011.11.10 10:22:40.559,1.38973,1.39002,1.08,2.25
2011.11.10 10:22:41.290,1.38974,1.39002,1.03,2.25
2011.11.10 10:22:41.419,1.38976,1.39007,2.40,2.25
2011.11.10 10:22:42.228,1.38974,1.39003,1.11,2.25
2011.11.10 10:22:42.930,1.38973,1.39003,1.13,2.25
2011.11.10 10:22:43.502,1.38976,1.39003,1.58,1.50
2011.11.10 10:22:44.037,1.38976,1.39005,1.65,1.50
2011.11.10 10:22:44.561,1.38976,1.39005,1.65,1.50
2011.11.10 10:22:45.678,1.38977,1.39005,1.58,1.50
2011.11.10 10:22:48.059,1.38977,1.39005,1.58,1.50
2011.11.10 10:22:48.596,1.38977,1.39007,1.58,2.25
2011.11.10 10:22:53.140,1.38976,1.39005,1.88,1.50
2011.11.10 10:22:53.621,1.38978,1.39007,1.81,1.50
2011.11.10 10:22:53.740,1.38984,1.39013,1.58,2.25
2011.11.10 10:22:54.581,1.38984,1.39014,1.58,1.50
2011.11.10 10:22:56.228,1.38984,1.39014,1.50,1.50
2011.11.10 10:22:56.908,1.38984,1.39014,1.58,1.50
2011.11.10 10:23:03.866,1.38984,1.39014,1.58,1.50
2011.11.10 10:23:04.319,1.38984,1.39016,1.58,2.25
2011.11.10 10:23:04.439,1.38984,1.39014,1.58,1.50
2011.11.10 10:23:04.681,1.38984,1.39015,2.56,1.50
2011.11.10 10:23:07.518,1.38984,1.39014,1.81,1.50
2011.11.10 10:23:07.880,1.38991,1.39015,1.50,1.50
2011.11.10 10:23:08.005,1.38989,1.39014,1.50,1.50
2011.11.10 10:23:08.369,1.38986,1.39014,1.73,1.50
2011.11.10 10:23:09.065,1.38986,1.39013,1.73,1.50
2011.11.10 10:23:09.650,1.3899,1.39019,1.50,1.50
2011.11.10 10:23:09.767,1.3899,1.39019,2.11,1.50
2011.11.10 10:23:10.117,1.3899,1.3902,2.86,2.25
2011.11.10 10:23:10.717,1.38994,1.39024,1.50,1.50
2011.11.10 10:23:11.079,1.38994,1.39024,1.50,1.50
2011.11.10 10:23:11.200,1.38999,1.39024,1.13,1.50
2011.11.10 10:23:11.731,1.38993,1.39021,1.73,1.50
2011.11.10 10:23:12.194,1.3899,1.39019,1.73,1.50
2011.11.10 10:23:12.806,1.38992,1.39019,1.36,1.50
2011.11.10 10:23:12.934,1.38997,1.39026,1.50,1.50
2011.11.10 10:23:13.708,1.39004,1.39031,1.50,1.50
2011.11.10 10:23:13.940,1.39006,1.39032,1.50,1.50
2011.11.10 10:23:14.058,1.39004,1.39032,1.73,1.50
2011.11.10 10:23:14.603,1.39004,1.39032,2.11,1.50
2011.11.10 10:23:16.485,1.39003,1.39032,1.73,1.50
2011.11.10 10:23:17.298,1.39002,1.39032,1.13,1.50
2011.11.10 10:23:17.531,1.39,1.39027,1.35,1.50
2011.11.10 10:23:17.761,1.38996,1.39027,2.25,1.50
2011.11.10 10:23:18.004,1.38997,1.39027,2.25,1.50
2011.11.10 10:23:18.865,1.38999,1.39027,1.50,1.50
2011.11.10 10:23:19.355,1.38998,1.39027,1.13,1.50
2011.11.10 10:23:19.719,1.38997,1.39027,1.73,1.50
2011.11.10 10:23:21.058,1.38999,1.39027,1.50,1.50
2011.11.10 10:23:21.697,1.38997,1.39027,1.50,1.50
2011.11.10 10:23:21.831,1.38999,1.39027,1.13,1.50
2011.11.10 10:23:22.078,1.38999,1.39026,1.13,1.50
2011.11.10 10:23:22.542,1.38996,1.39021,2.48,1.50
2011.11.10 10:23:22.673,1.38992,1.39021,1.73,1.50
2011.11.10 10:23:22.797,1.38992,1.39021,1.73,1.50
2011.11.10 10:23:23.151,1.38993,1.39021,1.73,1.50
2011.11.10 10:23:23.877,1.38992,1.39021,1.73,1.50
2011.11.10 10:23:23.999,1.38991,1.39021,2.48,1.50
2011.11.10 10:23:24.467,1.3899,1.39021,1.73,1.50
2011.11.10 10:23:24.700,1.38991,1.39021,1.50,1.50
2011.11.10 10:23:25.269,1.38991,1.39021,2.25,1.50
2011.11.10 10:23:26.568,1.38993,1.39021,1.50,1.50
2011.11.10 10:23:26.908,1.38991,1.39021,1.50,1.50
2011.11.10 10:23:29.172,1.38991,1.39021,1.73,1.50
2011.11.10 10:23:29.509,1.38997,1.39025,1.50,1.50
2011.11.10 10:23:29.859,1.38993,1.39021,1.73,1.50
2011.11.10 10:23:31.008,1.38993,1.39021,1.50,1.50
2011.11.10 10:23:33.908,1.38992,1.39021,1.73,1.50
2011.11.10 10:23:34.480,1.38993,1.39021,1.50,1.50
2011.11.10 10:23:34.598,1.38994,1.39021,1.50,1.50
2011.11.10 10:23:34.717,1.38994,1.39024,1.50,3.00
2011.11.10 10:23:34.953,1.38993,1.39021,1.50,1.50
2011.11.10 10:23:35.680,1.38992,1.39022,1.73,1.50
2011.11.10 10:23:36.651,1.38995,1.39022,1.73,1.50
2011.11.10 10:23:37.230,1.38992,1.39022,1.73,1.50
2011.11.10 10:23:39.178,1.38995,1.39022,1.50,1.50
2011.11.10 10:23:39.303,1.38998,1.39026,1.50,2.25
2011.11.10 10:23:39.657,1.38996,1.39026,2.25,3.00
2011.11.10 10:23:39.776,1.38994,1.39022,1.58,1.50
2011.11.10 10:23:40.079,1.38992,1.39022,1.73,2.25
2011.11.10 10:23:40.309,1.38989,1.39017,1.73,1.50
2011.11.10 10:23:40.433,1.38988,1.39017,1.73,1.50
2011.11.10 10:23:40.802,1.3899,1.39018,3.23,1.50
2011.11.10 10:23:41.372,1.38997,1.39024,1.73,1.50
2011.11.10 10:23:41.718,1.38994,1.39024,2.48,1.50
2011.11.10 10:23:41.840,1.38994,1.39018,1.73,2.63
2011.11.10 10:23:42.205,1.38993,1.39008,1.50,1.35
2011.11.10 10:23:42.580,1.38991,1.39016,1.50,1.50
2011.11.10 10:23:43.089,1.38992,1.39017,2.10,1.50
2011.11.10 10:23:43.221,1.38997,1.39024,1.73,1.50
2011.11.10 10:23:43.339,1.38998,1.39025,1.50,1.50
2011.11.10 10:23:43.701,1.38996,1.39025,2.48,1.50
2011.11.10 10:23:44.047,1.38996,1.39024,2.48,1.50
2011.11.10 10:23:44.279,1.38996,1.39024,2.48,1.50
2011.11.10 10:23:44.837,1.38996,1.39025,2.48,1.50
2011.11.10 10:23:45.729,1.38998,1.39025,1.73,1.50
2011.11.10 10:23:45.864,1.39002,1.3903,1.50,1.50
2011.11.10 10:23:45.990,1.38997,1.39026,1.73,1.50
2011.11.10 10:23:46.499,1.38996,1.39021,1.50,1.50
2011.11.10 10:23:46.745,1.39001,1.39026,2.25,1.50
2011.11.10 10:23:46.874,1.39005,1.39031,1.35,1.50
2011.11.10 10:23:47.243,1.39005,1.39031,1.58,1.50
2011.11.10 10:23:47.693,1.39009,1.39033,1.73,1.50
2011.11.10 10:23:47.830,1.3901,1.39033,1.73,1.50
2011.11.10 10:23:47.954,1.39009,1.39037,2.48,1.50
2011.11.10 10:23:48.730,1.39009,1.39037,2.48,1.50
2011.11.10 10:23:49.339,1.39011,1.39039,2.48,1.50
2011.11.10 10:23:50.002,1.39008,1.39032,2.48,1.50
2011.11.10 10:23:50.120,1.39004,1.39031,1.73,1.50
2011.11.10 10:23:50.349,1.39004,1.3903,1.73,1.50
2011.11.10 10:23:50.592,1.39,1.39028,1.73,1.50
2011.11.10 10:23:50.932,1.39003,1.39027,1.50,1.50
2011.11.10 10:23:51.179,1.3901,1.39037,1.50,1.35
2011.11.10 10:23:51.303,1.39013,1.39042,2.25,2.25
2011.11.10 10:23:51.429,1.39017,1.39043,1.13,1.50
2011.11.10 10:23:51.669,1.39022,1.39049,1.35,1.65
2011.11.10 10:23:52.663,1.39022,1.39049,1.58,2.25
2011.11.10 10:23:55.300,1.3902,1.39047,1.50,1.50
2011.11.10 10:23:55.532,1.39017,1.39043,1.73,1.50
2011.11.10 10:23:55.895,1.39013,1.39042,2.48,1.50
2011.11.10 10:23:56.426,1.39011,1.39034,1.13,1.50
2011.11.10 10:23:56.550,1.39003,1.39028,1.13,1.50
2011.11.10 10:23:56.890,1.39003,1.39028,1.73,1.50
2011.11.10 10:23:57.398,1.39005,1.39028,2.48,1.50
2011.11.10 10:23:58.009,1.39005,1.39028,2.48,1.50
2011.11.10 10:23:58.365,1.39005,1.39034,2.48,2.25
2011.11.10 10:24:00.558,1.39004,1.39032,1.36,1.50
2011.11.10 10:24:00.793,1.39004,1.39032,2.11,1.50
2011.11.10 10:24:01.161,1.39005,1.39032,1.36,1.50
2011.11.10 10:24:01.867,1.39005,1.39032,1.36,1.50
2011.11.10 10:24:04.269,1.39007,1.39038,1.35,2.63
2011.11.10 10:24:04.627,1.39008,1.39038,2.48,1.50
2011.11.10 10:24:06.932,1.39008,1.39038,1.73,1.50
2011.11.10 10:24:07.420,1.39009,1.39037,1.73,1.50
2011.11.10 10:24:07.780,1.39009,1.39037,1.73,1.50
2011.11.10 10:24:08.393,1.39014,1.39043,2.48,1.50
2011.11.10 10:24:08.627,1.39014,1.39043,1.73,1.50
2011.11.10 10:24:09.092,1.39012,1.39033,1.73,1.50
2011.11.10 10:24:09.229,1.39003,1.39031,1.50,2.25
2011.11.10 10:24:09.350,1.39001,1.39031,1.50,2.25
2011.11.10 10:24:09.467,1.39003,1.39031,1.50,2.25
2011.11.10 10:24:09.592,1.39003,1.39031,2.25,2.25
2011.11.10 10:24:09.831,1.39005,1.39033,1.50,1.50
2011.11.10 10:24:10.072,1.39003,1.39031,1.73,1.50
2011.11.10 10:24:10.788,1.38996,1.39024,1.50,1.50
2011.11.10 10:24:12.009,1.38994,1.39024,2.25,1.50
2011.11.10 10:24:13.979,1.38994,1.39024,1.50,1.88
2011.11.10 10:24:14.329,1.38989,1.39017,2.48,1.50
2011.11.10 10:24:15.909,1.38988,1.39017,1.73,1.50
2011.11.10 10:24:16.032,1.38994,1.3902,1.50,1.50
2011.11.10 10:24:16.391,1.39004,1.3903,2.25,1.50
2011.11.10 10:24:17.017,1.39004,1.39024,1.50,1.35
2011.11.10 10:24:17.277,1.38996,1.39023,1.35,3.00
2011.11.10 10:24:17.527,1.38994,1.39024,1.50,1.50
2011.11.10 10:24:17.882,1.38994,1.39023,1.50,1.50
2011.11.10 10:24:18.251,1.39,1.39025,1.35,1.13
2011.11.10 10:24:18.907,1.39,1.39028,1.73,1.50
2011.11.10 10:24:19.534,1.38998,1.39028,3.23,1.50
2011.11.10 10:24:20.594,1.38998,1.39028,2.25,1.50
2011.11.10 10:24:22.538,1.38999,1.39028,1.73,1.50
2011.11.10 10:24:23.008,1.38999,1.39028,1.73,1.50
2011.11.10 10:24:23.588,1.38999,1.39028,2.48,1.50
2011.11.10 10:24:23.818,1.38999,1.39025,1.73,2.25
2011.11.10 10:24:24.502,1.38991,1.39014,1.73,1.50
2011.11.10 10:24:24.640,1.38985,1.39015,1.50,1.50
2011.11.10 10:24:25.243,1.38985,1.39013,1.50,2.25
2011.11.10 10:24:25.820,1.38982,1.39007,2.33,1.50
2011.11.10 10:24:26.399,1.3898,1.39007,1.58,1.50
2011.11.10 10:24:27.289,1.38987,1.39014,1.50,3.60
2011.11.10 10:24:27.530,1.3899,1.39017,1.50,1.50
2011.11.10 10:24:29.317,1.3899,1.39018,1.50,2.10
2011.11.10 10:24:30.141,1.3899,1.39018,1.50,1.50
2011.11.10 10:24:30.715,1.3899,1.39018,1.73,2.25
2011.11.10 10:24:31.126,1.3899,1.39018,1.50,1.50
2011.11.10 10:24:31.261,1.38994,1.39024,1.50,1.50
2011.11.10 10:24:31.385,1.38994,1.39024,1.50,1.50
2011.11.10 10:24:32.126,1.38994,1.39024,1.50,2.25
2011.11.10 10:24:32.492,1.38994,1.39023,1.50,1.50
2011.11.10 10:24:32.622,1.38993,1.39021,2.25,1.50
2011.11.10 10:24:33.101,1.38994,1.39023,1.50,1.50
2011.11.10 10:24:33.750,1.38994,1.39022,1.50,3.60
2011.11.10 10:24:34.222,1.38986,1.39016,1.73,1.50
2011.11.10 10:24:34.343,1.38989,1.39016,1.50,2.25
2011.11.10 10:24:36.148,1.38991,1.39019,1.50,1.50
2011.11.10 10:24:36.270,1.38992,1.39022,1.50,3.60
2011.11.10 10:24:36.497,1.3899,1.39022,2.48,3.60
2011.11.10 10:24:37.291,1.38993,1.39022,1.73,1.50
2011.11.10 10:24:37.419,1.38994,1.39023,1.36,1.50
2011.11.10 10:24:38.022,1.38992,1.39023,1.73,2.25
2011.11.10 10:24:38.370,1.38996,1.39023,2.25,1.50
2011.11.10 10:24:38.709,1.38998,1.39018,1.50,1.13
2011.11.10 10:24:38.948,1.38985,1.39016,1.73,2.85
2011.11.10 10:24:39.814,1.38985,1.39016,1.50,1.50
2011.11.10 10:24:42.105,1.38984,1.39013,2.33,1.50
2011.11.10 10:24:42.790,1.38981,1.39013,1.81,1.50
2011.11.10 10:24:43.021,1.38987,1.39015,1.50,1.50
2011.11.10 10:24:43.613,1.38987,1.39014,1.50,1.50
2011.11.10 10:24:43.862,1.38982,1.39013,1.95,2.25
2011.11.10 10:24:44.873,1.38986,1.39015,1.50,1.50
2011.11.10 10:24:45.000,1.38986,1.39016,1.50,1.50
2011.11.10 10:24:47.360,1.38986,1.39016,1.50,2.25
2011.11.10 10:24:47.719,1.38986,1.39013,1.50,1.50
2011.11.10 10:24:48.350,1.38982,1.39009,1.58,1.88
2011.11.10 10:24:48.477,1.38982,1.39005,1.58,1.50
2011.11.10 10:24:48.601,1.38982,1.39008,1.58,2.25
2011.11.10 10:24:49.168,1.38979,1.39006,1.58,1.50
2011.11.10 10:24:49.570,1.38981,1.39009,1.58,1.50
2011.11.10 10:24:50.157,1.38978,1.39004,1.58,1.35
2011.11.10 10:24:50.738,1.38973,1.38998,1.22,1.50
2011.11.10 10:24:51.871,1.38973,1.38998,1.30,1.50
2011.11.10 10:24:53.099,1.38973,1.38998,1.18,1.50
2011.11.10 10:24:54.440,1.38971,1.38996,1.12,1.50
2011.11.10 10:24:54.561,1.3897,1.38996,1.05,1.50
2011.11.10 10:24:55.160,1.38966,1.38996,1.58,1.50
2011.11.10 10:24:55.831,1.38966,1.38996,1.58,1.50
2011.11.10 10:24:57.328,1.38967,1.38998,2.33,2.25
2011.11.10 10:24:57.692,1.38974,1.38998,1.81,1.50
2011.11.10 10:24:57.824,1.38983,1.39008,1.50,1.50
2011.11.10 10:24:57.953,1.38986,1.39014,1.50,3.04
2011.11.10 10:24:58.199,1.38986,1.39014,1.50,1.50
2011.11.10 10:24:59.710,1.38986,1.39015,1.50,1.50
2011.11.10 10:25:01.337,1.38983,1.3901,2.48,1.50
2011.11.10 10:25:01.698,1.38988,1.39016,1.50,2.25
2011.11.10 10:25:02.304,1.38991,1.39019,1.50,1.50
2011.11.10 10:25:05.439,1.38992,1.39019,1.50,1.50
2011.11.10 10:25:05.864,1.38994,1.3902,1.50,1.50
2011.11.10 10:25:07.299,1.38995,1.39021,1.50,1.50
2011.11.10 10:25:07.418,1.38995,1.39024,1.50,2.25
2011.11.10 10:25:07.543,1.38994,1.39024,1.50,1.50
2011.11.10 10:25:08.150,1.38998,1.39025,1.50,1.50
2011.11.10 10:25:08.861,1.38996,1.39024,1.73,1.50
2011.11.10 10:25:08.985,1.38992,1.39019,1.73,1.50
2011.11.10 10:25:09.237,1.3899,1.39019,1.13,1.50
2011.11.10 10:25:09.607,1.38991,1.39015,1.50,1.50
2011.11.10 10:25:09.959,1.38987,1.39011,1.50,1.50
2011.11.10 10:25:10.526,1.3898,1.39011,1.50,2.25
2011.11.10 10:25:11.346,1.3898,1.39011,2.25,1.50
2011.11.10 10:25:12.519,1.3898,1.39011,1.50,1.50
2011.11.10 10:25:14.727,1.3898,1.3901,1.50,2.25
2011.11.10 10:25:15.311,1.3898,1.3901,1.50,1.50
2011.11.10 10:25:15.999,1.3898,1.3901,1.50,1.50
2011.11.10 10:25:17.609,1.3898,1.3901,2.25,1.50
2011.11.10 10:25:18.277,1.3898,1.39011,2.48,2.25
2011.11.10 10:25:18.660,1.3899,1.39015,1.50,1.50
2011.11.10 10:25:18.900,1.3899,1.39017,1.50,1.50
2011.11.10 10:25:19.457,1.3899,1.39018,1.50,3.00
2011.11.10 10:25:19.917,1.3899,1.39018,1.50,2.25
2011.11.10 10:25:20.988,1.38991,1.39019,1.50,1.50
2011.11.10 10:25:21.554,1.38991,1.39021,1.50,1.50
2011.11.10 10:25:23.587,1.38992,1.39021,1.50,1.50
2011.11.10 10:25:23.832,1.38994,1.39024,2.25,1.50
2011.11.10 10:25:24.776,1.38996,1.39025,1.73,1.50
2011.11.10 10:25:24.910,1.39001,1.39031,1.50,2.25
2011.11.10 10:25:25.967,1.39001,1.39029,1.73,1.50
2011.11.10 10:25:26.547,1.39001,1.39031,1.73,1.50
2011.11.10 10:25:28.487,1.39001,1.39029,1.73,1.50
2011.11.10 10:25:28.829,1.39001,1.3903,2.25,2.25
2011.11.10 10:25:30.421,1.39005,1.39032,1.50,1.50
2011.11.10 10:25:30.546,1.39006,1.39034,1.73,1.50
2011.11.10 10:25:30.888,1.39006,1.39033,1.50,1.50
2011.11.10 10:25:31.250,1.38999,1.3903,1.50,1.50
2011.11.10 10:25:31.597,1.39004,1.39031,1.50,3.75
2011.11.10 10:25:32.119,1.39004,1.39031,1.50,3.00
2011.11.10 10:25:32.686,1.39004,1.39031,1.50,4.35
2011.11.10 10:25:33.230,1.39004,1.39031,1.50,3.60
2011.11.10 10:25:34.358,1.39004,1.3903,1.50,1.13
2011.11.10 10:25:34.483,1.39003,1.39025,1.50,2.10
2011.11.10 10:25:34.736,1.3901,1.3903,1.50,1.13
2011.11.10 10:25:34.866,1.3901,1.39032,1.50,1.50
2011.11.10 10:25:35.343,1.3902,1.39041,1.58,1.54
2011.11.10 10:25:35.461,1.39026,1.39055,2.25,1.50
2011.11.10 10:25:36.138,1.39031,1.3906,1.50,1.88
2011.11.10 10:25:36.258,1.39031,1.3906,1.50,1.88
2011.11.10 10:25:37.213,1.39031,1.39058,1.50,1.50
2011.11.10 10:25:37.339,1.39025,1.39055,2.48,1.50
2011.11.10 10:25:37.461,1.39025,1.39055,1.73,1.50
2011.11.10 10:25:38.209,1.39027,1.39055,2.48,1.50
2011.11.10 10:25:38.450,1.39027,1.39055,1.50,1.50
2011.11.10 10:25:38.688,1.39026,1.39055,1.50,2.25
2011.11.10 10:25:40.381,1.39027,1.39055,1.50,1.50
2011.11.10 10:25:40.502,1.39031,1.39058,2.25,1.50
2011.11.10 10:25:40.626,1.39023,1.3905,1.73,1.50
2011.11.10 10:25:41.100,1.39028,1.39055,1.50,2.25
2011.11.10 10:25:41.232,1.39044,1.39058,1.35,1.50
2011.11.10 10:25:41.593,1.39039,1.39063,1.73,1.50
2011.11.10 10:25:41.722,1.39033,1.39061,1.73,1.50
2011.11.10 10:25:41.840,1.39033,1.39061,1.73,1.50
2011.11.10 10:25:42.179,1.39032,1.39061,1.50,2.25
2011.11.10 10:25:42.545,1.39026,1.39057,1.50,1.50
2011.11.10 10:25:42.670,1.39025,1.39057,2.25,1.50
2011.11.10 10:25:43.254,1.39021,1.39051,2.48,1.50
2011.11.10 10:25:43.506,1.39026,1.39055,1.50,2.10
2011.11.10 10:25:43.875,1.39032,1.3906,1.50,2.25
2011.11.10 10:25:44.247,1.39036,1.39063,1.50,1.35
2011.11.10 10:25:44.373,1.39033,1.39061,1.50,1.50
2011.11.10 10:25:45.240,1.39038,1.39066,1.50,2.25
2011.11.10 10:25:45.589,1.39038,1.39066,1.50,1.50
2011.11.10 10:25:46.067,1.39038,1.39066,1.50,2.25
2011.11.10 10:25:46.552,1.39038,1.39066,1.50,2.25
2011.11.10 10:25:47.129,1.39042,1.39069,1.50,1.50
2011.11.10 10:25:47.697,1.39041,1.39069,1.50,1.50
2011.11.10 10:25:47.822,1.39042,1.39069,1.50,1.50
2011.11.10 10:25:49.609,1.39037,1.39067,2.48,1.50
2011.11.10 10:25:49.732,1.39037,1.39067,1.50,2.25
2011.11.10 10:25:50.970,1.39037,1.39067,1.50,2.25
2011.11.10 10:25:52.756,1.39037,1.39059,1.50,1.50
2011.11.10 10:25:53.004,1.39025,1.39055,2.25,1.35
2011.11.10 10:25:53.254,1.39029,1.39059,1.50,1.50
2011.11.10 10:25:53.671,1.3903,1.39059,1.58,1.50
2011.11.10 10:25:53.803,1.39036,1.39066,2.33,1.50
2011.11.10 10:25:54.050,1.39041,1.39067,2.33,1.50
2011.11.10 10:25:54.176,1.39046,1.39073,1.50,2.25
2011.11.10 10:25:54.541,1.39051,1.39079,1.81,1.50
2011.11.10 10:25:54.783,1.39057,1.39086,1.50,1.80
2011.11.10 10:25:55.267,1.39057,1.39079,1.50,1.50
2011.11.10 10:25:56.081,1.39057,1.39082,1.50,1.50
2011.11.10 10:25:56.559,1.39057,1.39087,1.50,1.50
2011.11.10 10:25:56.681,1.39057,1.39081,1.50,1.50
2011.11.10 10:25:57.020,1.39057,1.39083,1.50,1.50
2011.11.10 10:25:57.263,1.39051,1.39079,1.73,1.50
2011.11.10 10:25:57.726,1.39049,1.39079,2.25,1.50
2011.11.10 10:25:57.855,1.39057,1.39084,1.50,1.50
2011.11.10 10:25:58.434,1.39058,1.39088,1.50,2.25
2011.11.10 10:25:59.190,1.39054,1.39082,1.73,1.50
2011.11.10 10:25:59.773,1.39054,1.39082,1.73,1.50
2011.11.10 10:26:00.022,1.39053,1.39079,1.73,1.50
2011.11.10 10:26:00.923,1.39053,1.39079,2.48,1.50
2011.11.10 10:26:01.293,1.39053,1.39079,1.73,1.50
2011.11.10 10:26:01.659,1.39053,1.39079,1.73,1.50
2011.11.10 10:26:02.488,1.39053,1.39079,1.73,1.50
2011.11.10 10:26:03.048,1.39053,1.39079,1.73,1.50
2011.11.10 10:26:03.996,1.39056,1.39084,1.73,1.50
2011.11.10 10:26:04.238,1.39055,1.39083,1.73,1.50
2011.11.10 10:26:04.584,1.39056,1.3908,1.73,1.50
2011.11.10 10:26:05.177,1.39055,1.39082,1.73,1.50
2011.11.10 10:26:05.307,1.39056,1.39083,1.50,1.50
2011.11.10 10:26:05.434,1.39056,1.39081,1.50,1.35
2011.11.10 10:26:06.157,1.39049,1.39074,1.73,1.50
2011.11.10 10:26:08.292,1.39047,1.39074,1.73,1.50
2011.11.10 10:26:08.773,1.39049,1.39077,2.48,1.50
2011.11.10 10:26:08.904,1.3905,1.3908,2.11,1.50
2011.11.10 10:26:09.472,1.39056,1.39084,1.88,1.50
2011.11.10 10:26:09.598,1.39057,1.39087,1.13,1.50
2011.11.10 10:26:12.107,1.39061,1.39089,1.50,1.50
2011.11.10 10:26:12.789,1.3906,1.39087,1.50,1.50
2011.11.10 10:26:13.389,1.39058,1.39085,1.73,1.50
2011.11.10 10:26:14.179,1.39058,1.39085,1.73,1.50
2011.11.10 10:26:14.527,1.39058,1.3908,1.73,1.50
2011.11.10 10:26:14.758,1.39058,1.3908,1.73,1.50
2011.11.10 10:26:16.471,1.39056,1.3908,1.73,1.50
2011.11.10 10:26:16.973,1.39056,1.39076,1.73,1.50
2011.11.10 10:26:17.349,1.39043,1.39066,1.73,1.50
2011.11.10 10:26:17.476,1.3904,1.39066,2.48,1.50
2011.11.10 10:26:17.848,1.39037,1.39063,1.50,2.25
2011.11.10 10:26:18.528,1.39034,1.39059,1.88,2.25
2011.11.10 10:26:18.641,1.39036,1.39059,1.58,2.25
2011.11.10 10:26:18.760,1.39034,1.39059,1.88,2.25
2011.11.10 10:26:18.885,1.39034,1.39059,1.13,2.25
2011.11.10 10:26:19.012,1.39036,1.39059,1.50,1.50
2011.11.10 10:26:19.372,1.39047,1.39059,1.50,1.50
2011.11.10 10:26:19.492,1.39045,1.39073,1.50,1.50
2011.11.10 10:26:19.613,1.3905,1.39076,1.50,1.50
2011.11.10 10:26:19.741,1.39052,1.39079,1.50,1.50
2011.11.10 10:26:20.469,1.39049,1.39079,1.50,1.50
2011.11.10 10:26:20.593,1.39045,1.39074,1.73,1.50
2011.11.10 10:26:21.102,1.39046,1.39074,2.25,1.50
2011.11.10 10:26:21.660,1.39045,1.39074,1.50,1.50
2011.11.10 10:26:22.221,1.39046,1.39074,1.50,1.50
2011.11.10 10:26:22.621,1.39041,1.39069,1.13,1.50
2011.11.10 10:26:22.741,1.39038,1.39063,1.73,1.50
2011.11.10 10:26:22.977,1.39034,1.39062,1.73,1.50
2011.11.10 10:26:25.218,1.39032,1.39062,2.48,1.50
2011.11.10 10:26:25.448,1.39032,1.39062,2.48,1.50
2011.11.10 10:26:26.077,1.39032,1.39062,2.48,1.50
2011.11.10 10:26:28.782,1.39032,1.39057,1.73,1.50
2011.11.10 10:26:31.428,1.39032,1.39061,2.48,1.35
2011.11.10 10:26:32.464,1.39034,1.39062,1.36,1.50
2011.11.10 10:26:32.591,1.39036,1.39066,2.48,1.50
2011.11.10 10:26:33.072,1.39039,1.39066,1.73,1.50
2011.11.10 10:26:35.185,1.39037,1.39067,1.88,1.50
2011.11.10 10:26:35.555,1.39044,1.39072,1.73,1.35
2011.11.10 10:26:36.138,1.39043,1.39071,2.48,1.50
2011.11.10 10:26:36.371,1.39043,1.39071,2.48,1.50
2011.11.10 10:26:39.338,1.39041,1.39071,2.48,1.50
2011.11.10 10:26:39.462,1.39041,1.39071,2.48,1.50
2011.11.10 10:26:39.594,1.39043,1.39071,1.50,1.50
2011.11.10 10:26:39.724,1.39041,1.3907,1.50,1.50
2011.11.10 10:26:39.854,1.39038,1.39066,1.73,1.50
2011.11.10 10:26:40.451,1.39037,1.39065,1.73,1.50
2011.11.10 10:26:41.050,1.3904,1.39064,1.73,1.50
2011.11.10 10:26:41.402,1.39037,1.39064,1.73,2.25
2011.11.10 10:26:42.088,1.39037,1.39058,1.73,1.50
2011.11.10 10:26:43.889,1.39037,1.39058,1.73,1.50
2011.11.10 10:26:44.015,1.39041,1.39063,1.58,1.50
2011.11.10 10:26:44.143,1.39043,1.39071,1.88,2.25
2011.11.10 10:26:44.271,1.39048,1.39078,1.50,1.50
2011.11.10 10:26:45.086,1.39048,1.39079,1.73,1.50
2011.11.10 10:26:49.622,1.39047,1.39076,1.73,1.50
2011.11.10 10:26:49.969,1.39039,1.39067,2.11,1.50
2011.11.10 10:26:50.091,1.39038,1.39068,1.73,2.25
2011.11.10 10:26:50.331,1.39038,1.39067,2.48,1.50
2011.11.10 10:26:50.448,1.39037,1.39067,2.48,1.50
2011.11.10 10:26:50.568,1.39037,1.39067,2.48,1.50
2011.11.10 10:26:50.803,1.39037,1.39068,2.48,2.25
2011.11.10 10:26:50.935,1.3904,1.39072,1.50,1.50
2011.11.10 10:26:51.063,1.39042,1.39074,1.73,2.25
2011.11.10 10:26:51.551,1.39042,1.3907,1.73,1.58
2011.11.10 10:26:51.663,1.39034,1.39058,1.73,1.50
2011.11.10 10:26:51.791,1.39034,1.39061,1.73,1.50
2011.11.10 10:26:51.913,1.39039,1.39064,1.73,2.25
2011.11.10 10:26:52.281,1.39039,1.39064,1.73,1.50
2011.11.10 10:26:53.289,1.39035,1.39062,1.50,1.50
2011.11.10 10:26:53.409,1.39035,1.39062,1.50,1.50
2011.11.10 10:26:53.531,1.39032,1.39059,1.50,1.50
2011.11.10 10:26:53.650,1.39033,1.39059,1.50,1.50
2011.11.10 10:26:54.196,1.39033,1.39062,1.73,1.50
2011.11.10 10:26:54.326,1.39033,1.39062,2.48,1.50
2011.11.10 10:26:54.454,1.39034,1.39062,2.48,1.50
2011.11.10 10:26:54.820,1.3904,1.39065,1.50,2.25
2011.11.10 10:26:54.942,1.39041,1.39069,2.10,2.25
2011.11.10 10:26:55.061,1.39043,1.39071,1.73,1.50
2011.11.10 10:26:55.410,1.39046,1.39073,1.50,1.50
2011.11.10 10:26:55.533,1.39046,1.39074,1.50,1.50
2011.11.10 10:26:56.011,1.39046,1.39076,1.73,1.50
2011.11.10 10:26:56.128,1.3905,1.3908,1.50,1.50
2011.11.10 10:26:56.821,1.3905,1.3908,2.48,1.50
2011.11.10 10:26:57.612,1.3905,1.39079,1.73,1.88
2011.11.10 10:26:57.854,1.39047,1.39077,1.50,1.50
2011.11.10 10:26:57.983,1.3905,1.39078,1.50,1.50
2011.11.10 10:26:58.110,1.39046,1.39077,1.50,1.50
2011.11.10 10:26:58.231,1.39043,1.39074,1.73,1.50
2011.11.10 10:26:58.352,1.39046,1.39077,2.48,1.50
2011.11.10 10:26:58.600,1.3905,1.39079,1.50,1.13
2011.11.10 10:26:58.719,1.39049,1.3908,1.50,1.50
2011.11.10 10:26:59.322,1.39046,1.39074,1.50,1.50
2011.11.10 10:26:59.797,1.39043,1.39068,1.36,1.50
2011.11.10 10:26:59.924,1.39039,1.39068,2.48,1.50
2011.11.10 10:27:00.413,1.39043,1.39074,1.50,2.63
2011.11.10 10:27:00.662,1.3904,1.39068,1.73,1.50
2011.11.10 10:27:01.286,1.39042,1.39068,1.73,1.50
2011.11.10 10:27:01.409,1.39042,1.39068,1.73,1.50
2011.11.10 10:27:01.759,1.39042,1.39069,1.73,1.50
2011.11.10 10:27:02.340,1.39045,1.39075,1.73,1.50
2011.11.10 10:27:02.464,1.39045,1.39075,1.73,1.50
2011.11.10 10:27:02.830,1.39052,1.39075,1.36,1.50
2011.11.10 10:27:02.955,1.39052,1.39075,1.36,1.50
2011.11.10 10:27:03.589,1.39052,1.39075,1.36,1.50
2011.11.10 10:27:04.063,1.39054,1.39084,1.73,1.50
2011.11.10 10:27:04.540,1.39054,1.39084,1.73,1.50
2011.11.10 10:27:04.781,1.39056,1.39084,1.36,1.50
2011.11.10 10:27:05.251,1.39055,1.39084,1.36,1.50
2011.11.10 10:27:05.479,1.39054,1.39084,2.11,1.50
2011.11.10 10:27:06.067,1.39054,1.39084,1.73,1.50
2011.11.10 10:27:06.671,1.39054,1.39084,1.73,1.50
2011.11.10 10:27:07.021,1.39052,1.39084,1.73,1.50
2011.11.10 10:27:07.266,1.39049,1.39079,1.73,1.50
2011.11.10 10:27:07.618,1.39049,1.39079,2.11,1.50
2011.11.10 10:27:08.125,1.39049,1.39079,1.73,1.50
2011.11.10 10:27:08.255,1.39047,1.39076,1.73,1.13
2011.11.10 10:27:08.850,1.39045,1.39073,1.50,1.50
2011.11.10 10:27:09.087,1.39046,1.39073,1.36,1.50
2011.11.10 10:27:09.207,1.39046,1.39075,1.50,1.50
2011.11.10 10:27:09.328,1.39046,1.39073,1.50,1.50
2011.11.10 10:27:09.447,1.39046,1.39073,1.73,1.50
2011.11.10 10:27:09.679,1.39044,1.39074,2.48,1.50
2011.11.10 10:27:09.798,1.39044,1.39074,1.73,1.50
2011.11.10 10:27:10.599,1.39043,1.39074,2.48,1.50
2011.11.10 10:27:11.068,1.39038,1.39068,2.48,1.50
2011.11.10 10:27:11.596,1.39043,1.39072,1.50,1.13
2011.11.10 10:27:11.840,1.39045,1.39072,1.50,1.13
2011.11.10 10:27:12.660,1.39045,1.39073,1.73,1.13
2011.11.10 10:27:13.009,1.39045,1.39075,1.73,1.50
2011.11.10 10:27:13.351,1.39043,1.39075,2.48,1.50
2011.11.10 10:27:14.098,1.39044,1.39075,1.73,1.50
2011.11.10 10:27:14.782,1.39045,1.39075,1.73,1.50
2011.11.10 10:27:15.228,1.39044,1.39075,1.50,2.25
2011.11.10 10:27:15.579,1.3904,1.3907,1.73,1.50
2011.11.10 10:27:17.309,1.39038,1.3907,2.48,1.50
2011.11.10 10:27:17.673,1.39038,1.39065,2.48,1.50
2011.11.10 10:27:18.269,1.39038,1.39064,1.50,1.50
2011.11.10 10:27:18.629,1.39033,1.3906,1.13,1.50
2011.11.10 10:27:18.979,1.39032,1.3906,1.13,1.50
2011.11.10 10:27:19.510,1.3903,1.3906,1.50,2.25
2011.11.10 10:27:19.861,1.39034,1.39056,1.50,1.50
2011.11.10 10:27:19.983,1.39036,1.39065,2.25,1.50
2011.11.10 10:27:20.110,1.39035,1.39065,1.50,1.50
2011.11.10 10:27:20.461,1.39032,1.3906,1.50,1.50
2011.11.10 10:27:20.583,1.39032,1.3906,1.50,2.25
2011.11.10 10:27:20.821,1.3903,1.3906,1.50,2.25
2011.11.10 10:27:21.466,1.39028,1.39055,1.13,1.50
2011.11.10 10:27:22.008,1.39027,1.39055,1.50,1.50
2011.11.10 10:27:22.249,1.39028,1.39055,1.50,1.50
2011.11.10 10:27:22.497,1.39033,1.39062,1.50,1.50
2011.11.10 10:27:22.622,1.39034,1.39063,2.25,2.25
2011.11.10 10:27:22.751,1.39035,1.39063,1.50,2.25
2011.11.10 10:27:23.856,1.39034,1.39063,1.50,2.25
2011.11.10 10:27:24.213,1.39033,1.39057,1.73,1.35
2011.11.10 10:27:24.583,1.39026,1.39051,1.58,1.50
2011.11.10 10:27:25.070,1.39022,1.39051,1.50,1.50
2011.11.10 10:27:25.603,1.39022,1.39052,1.50,1.50
2011.11.10 10:27:25.743,1.39027,1.39055,1.50,1.50
2011.11.10 10:27:25.860,1.39027,1.39057,1.50,2.25
2011.11.10 10:27:26.221,1.39033,1.39061,1.50,2.25
2011.11.10 10:27:26.341,1.39031,1.39059,1.50,1.50
2011.11.10 10:27:27.382,1.39033,1.39061,1.50,1.88
2011.11.10 10:27:27.908,1.39036,1.39061,1.50,1.88
2011.11.10 10:27:28.043,1.39033,1.39062,1.50,2.25
2011.11.10 10:27:28.782,1.39032,1.3906,2.48,1.50
2011.11.10 10:27:29.369,1.39033,1.3906,1.73,1.50
2011.11.10 10:27:30.329,1.39032,1.3906,2.48,1.50
2011.11.10 10:27:31.117,1.39032,1.3906,1.73,1.50
2011.11.10 10:27:31.760,1.3903,1.3906,2.25,1.50
2011.11.10 10:27:32.126,1.39026,1.39054,1.13,1.50
2011.11.10 10:27:32.251,1.39024,1.39054,1.50,1.50
2011.11.10 10:27:32.371,1.39024,1.39055,1.50,2.25
2011.11.10 10:27:33.254,1.3903,1.3906,1.50,1.50
2011.11.10 10:27:33.494,1.39031,1.39059,1.50,1.50
2011.11.10 10:27:34.674,1.39031,1.39059,1.50,1.50
2011.11.10 10:27:35.614,1.3903,1.39059,1.73,1.50
2011.11.10 10:27:36.198,1.39028,1.39059,1.50,1.50
2011.11.10 10:27:36.536,1.39028,1.39058,1.50,1.50
2011.11.10 10:27:37.580,1.39024,1.39054,1.73,1.50
2011.11.10 10:27:37.699,1.39023,1.39053,1.73,1.50
2011.11.10 10:27:38.178,1.39025,1.39052,1.50,1.50
2011.11.10 10:27:39.012,1.39023,1.39052,1.50,2.25
2011.11.10 10:27:39.369,1.39021,1.3905,1.50,2.63
2011.11.10 10:27:39.597,1.3902,1.3905,1.50,2.63
2011.11.10 10:27:40.200,1.39019,1.39049,1.50,1.50
2011.11.10 10:27:42.761,1.39019,1.3905,1.50,2.25
2011.11.10 10:27:42.882,1.39015,1.39045,1.73,1.50
2011.11.10 10:27:43.134,1.39015,1.39042,1.50,1.50
2011.11.10 10:27:43.506,1.3901,1.39035,1.50,2.25
2011.11.10 10:27:43.633,1.39006,1.39034,2.25,1.50
2011.11.10 10:27:44.195,1.3901,1.39037,1.73,2.25
2011.11.10 10:27:44.329,1.39017,1.39045,1.50,1.50
2011.11.10 10:27:44.456,1.39015,1.39045,1.73,1.50
2011.11.10 10:27:44.814,1.39015,1.39047,2.48,3.00
2011.11.10 10:27:45.278,1.3901,1.39039,1.50,1.50
2011.11.10 10:27:45.507,1.39012,1.39039,1.50,1.50
2011.11.10 10:27:49.124,1.39008,1.39038,1.50,1.50
2011.11.10 10:27:49.255,1.39008,1.39036,1.50,1.50
2011.11.10 10:27:49.502,1.39008,1.39036,1.50,1.50
2011.11.10 10:27:49.732,1.39006,1.39036,1.73,2.25
2011.11.10 10:27:51.005,1.39006,1.39033,1.50,1.50
2011.11.10 10:27:51.142,1.39003,1.39032,1.35,1.50
2011.11.10 10:27:51.265,1.39005,1.39033,1.50,1.50
2011.11.10 10:27:51.395,1.39007,1.39035,1.50,1.50
2011.11.10 10:27:51.524,1.39007,1.39036,1.50,1.50
2011.11.10 10:27:51.771,1.39,1.39029,2.48,1.50
2011.11.10 10:27:52.119,1.38993,1.39021,2.48,1.50
2011.11.10 10:27:52.243,1.38993,1.39021,2.48,1.50
2011.11.10 10:27:53.404,1.38993,1.3902,1.50,1.50
2011.11.10 10:27:53.761,1.38988,1.39019,2.25,1.50
2011.11.10 10:27:54.119,1.38989,1.39019,1.50,1.50
2011.11.10 10:27:54.358,1.38992,1.3902,1.50,1.50
2011.11.10 10:27:55.367,1.38994,1.39022,1.50,1.50
2011.11.10 10:27:55.912,1.38995,1.39022,1.50,1.50
2011.11.10 10:27:56.554,1.38995,1.3902,1.50,1.50
2011.11.10 10:27:57.986,1.38995,1.39022,1.50,1.50
2011.11.10 10:27:58.685,1.38996,1.39023,2.86,1.50
2011.11.10 10:27:58.816,1.39001,1.3903,1.50,2.25
2011.11.10 10:28:00.612,1.39005,1.39031,1.50,1.50
2011.11.10 10:28:00.737,1.39006,1.39037,2.25,1.50
2011.11.10 10:28:00.863,1.39011,1.39039,1.50,2.25
2011.11.10 10:28:01.279,1.39011,1.39041,1.50,3.00
2011.11.10 10:28:01.519,1.3901,1.39041,1.50,3.00
2011.11.10 10:28:01.979,1.39005,1.39035,1.73,1.50
2011.11.10 10:28:02.329,1.39005,1.39035,1.73,1.50
2011.11.10 10:28:03.942,1.39005,1.39036,2.48,1.50
2011.11.10 10:28:04.281,1.39011,1.39041,1.50,2.25
2011.11.10 10:28:06.840,1.39011,1.39041,1.50,2.25
2011.11.10 10:28:07.425,1.39011,1.39041,1.50,2.25
2011.11.10 10:28:10.456,1.39011,1.39037,1.50,1.50
2011.11.10 10:28:10.820,1.39006,1.39034,1.50,1.50
2011.11.10 10:28:10.940,1.39006,1.39034,1.50,1.50
2011.11.10 10:28:11.870,1.39003,1.39033,3.23,1.50
2011.11.10 10:28:12.977,1.39003,1.39033,3.23,2.25
2011.11.10 10:28:14.889,1.39003,1.39032,1.73,1.50
2011.11.10 10:28:16.128,1.39001,1.39031,1.50,1.35
2011.11.10 10:28:16.834,1.38999,1.39027,1.50,1.58
2011.11.10 10:28:16.970,1.38999,1.3902,1.50,1.50
2011.11.10 10:28:17.093,1.39,1.39025,1.50,1.50
2011.11.10 10:28:17.460,1.39007,1.39033,1.50,2.25
2011.11.10 10:28:18.030,1.39007,1.39032,1.50,1.35
2011.11.10 10:28:18.261,1.39004,1.39032,2.25,2.10
2011.11.10 10:28:18.381,1.39001,1.39029,2.25,1.50
2011.11.10 10:28:18.981,1.39001,1.39029,1.50,2.85
2011.11.10 10:28:19.208,1.39001,1.39028,1.50,1.35
2011.11.10 10:28:20.701,1.38999,1.39029,1.50,1.50
2011.11.10 10:28:21.206,1.39001,1.39029,1.50,1.50
2011.11.10 10:28:22.199,1.39001,1.39027,1.50,1.35
2011.11.10 10:28:22.442,1.38995,1.3902,1.50,1.50
2011.11.10 10:28:22.691,1.38991,1.39019,1.50,1.50
2011.11.10 10:28:22.932,1.38991,1.39019,1.35,1.50
2011.11.10 10:28:23.175,1.38999,1.39026,1.73,1.50
2011.11.10 10:28:23.421,1.39005,1.3903,1.50,1.50
2011.11.10 10:28:23.902,1.39003,1.3903,1.50,1.50
2011.11.10 10:28:24.491,1.39001,1.39031,1.73,1.50
2011.11.10 10:28:24.611,1.39001,1.39022,1.50,1.50
2011.11.10 10:28:24.960,1.38998,1.39021,1.50,1.50
2011.11.10 10:28:25.080,1.38998,1.39021,1.50,1.50
2011.11.10 10:28:25.204,1.38992,1.39022,1.50,1.88
2011.11.10 10:28:25.328,1.38992,1.39022,1.50,1.88
2011.11.10 10:28:25.668,1.3899,1.3902,2.25,1.50
2011.11.10 10:28:26.260,1.38992,1.39022,1.73,1.50
2011.11.10 10:28:26.598,1.38992,1.39022,1.73,1.50
2011.11.10 10:28:27.170,1.38992,1.39021,1.50,1.50
2011.11.10 10:28:27.292,1.38998,1.39024,1.50,1.50
2011.11.10 10:28:27.531,1.38998,1.39026,1.50,3.38
2011.11.10 10:28:27.867,1.38998,1.39026,1.50,3.38
2011.11.10 10:28:29.235,1.39,1.39026,1.50,2.25
2011.11.10 10:28:29.370,1.39005,1.39032,1.50,1.35
2011.11.10 10:28:29.500,1.39009,1.39033,1.50,1.50
2011.11.10 10:28:29.865,1.3901,1.3904,1.73,2.25
2011.11.10 10:28:29.997,1.39008,1.39038,2.48,1.50
2011.11.10 10:28:30.126,1.39007,1.39034,1.50,1.50
2011.11.10 10:28:30.496,1.39003,1.39032,1.88,1.50
2011.11.10 10:28:31.092,1.3899,1.39021,2.25,1.50
2011.11.10 10:28:31.647,1.38991,1.39022,1.50,1.50
2011.11.10 10:28:32.208,1.38988,1.39018,1.73,1.50
2011.11.10 10:28:32.559,1.38982,1.39013,2.48,2.25
2011.11.10 10:28:33.133,1.38982,1.39007,1.73,1.13
2011.11.10 10:28:33.500,1.38973,1.38998,1.06,2.25
2011.11.10 10:28:33.966,1.38971,1.38998,1.06,2.25
2011.11.10 10:28:35.320,1.38973,1.39001,1.58,1.50
2011.11.10 10:28:35.440,1.3898,1.39004,1.50,2.25
2011.11.10 10:28:35.787,1.3898,1.39008,1.50,1.13
2011.11.10 10:28:36.251,1.38988,1.39014,1.50,1.50
2011.11.10 10:28:36.491,1.3899,1.39019,1.50,2.25
2011.11.10 10:28:37.117,1.38988,1.39018,2.48,1.58
2011.11.10 10:28:37.241,1.38989,1.3902,2.48,1.50
2011.11.10 10:28:38.082,1.38989,1.39019,1.50,1.50
2011.11.10 10:28:38.430,1.38989,1.3902,1.50,1.50
2011.11.10 10:28:39.087,1.38989,1.3902,1.73,1.50
2011.11.10 10:28:39.782,1.38984,1.39016,3.23,1.50
2011.11.10 10:28:40.358,1.38984,1.39016,1.50,2.25
2011.11.10 10:28:41.406,1.38984,1.39009,1.50,1.50
2011.11.10 10:28:41.937,1.38979,1.39007,1.13,1.50
2011.11.10 10:28:42.062,1.38985,1.39012,1.50,2.63
2011.11.10 10:28:42.423,1.38984,1.39012,1.50,1.13
2011.11.10 10:28:42.550,1.38981,1.39009,2.25,1.50
2011.11.10 10:28:42.670,1.38981,1.39009,3.00,1.50
2011.11.10 10:28:42.909,1.38986,1.39016,1.50,1.88
2011.11.10 10:28:43.274,1.38992,1.39023,1.50,1.50
2011.11.10 10:28:43.913,1.38991,1.3902,1.50,2.10
2011.11.10 10:28:44.283,1.38979,1.39008,2.63,1.50
2011.11.10 10:28:44.411,1.38981,1.39011,2.25,2.25
2011.11.10 10:28:44.639,1.38981,1.39011,1.50,2.25
2011.11.10 10:28:44.761,1.38981,1.39008,1.50,1.50
2011.11.10 10:28:44.882,1.38981,1.39008,1.50,1.50
2011.11.10 10:28:45.001,1.38981,1.39009,1.50,1.50
2011.11.10 10:28:45.232,1.38981,1.39011,1.50,1.88
2011.11.10 10:28:45.927,1.38981,1.39012,2.63,1.50
2011.11.10 10:28:47.050,1.38981,1.39012,3.38,1.88
2011.11.10 10:28:48.391,1.38982,1.39012,1.50,1.88
2011.11.10 10:28:48.757,1.38992,1.39015,1.50,1.50
2011.11.10 10:28:48.879,1.38992,1.39017,2.48,1.34
2011.11.10 10:28:49.002,1.38999,1.39027,1.36,1.13
2011.11.10 10:28:49.242,1.39001,1.39029,1.88,2.29
2011.11.10 10:28:49.362,1.39002,1.39029,1.50,1.50
2011.11.10 10:28:49.858,1.39001,1.39029,2.11,1.50
2011.11.10 10:28:50.438,1.39001,1.39031,1.88,1.50
2011.11.10 10:28:50.801,1.39008,1.39031,1.88,1.50
2011.11.10 10:28:51.041,1.3901,1.39038,1.50,1.88
2011.11.10 10:28:51.284,1.39007,1.39031,1.88,1.50
2011.11.10 10:28:51.534,1.38999,1.3902,1.50,1.50
2011.11.10 10:28:51.666,1.38992,1.3902,2.25,1.50
2011.11.10 10:28:52.212,1.39,1.39019,1.50,1.50
2011.11.10 10:28:52.341,1.39009,1.39032,1.88,1.54
2011.11.10 10:28:52.580,1.39005,1.39032,1.50,1.50
2011.11.10 10:28:52.702,1.39002,1.39028,1.67,1.50
2011.11.10 10:28:52.934,1.39002,1.39029,1.13,1.50
2011.11.10 10:28:53.168,1.39002,1.39028,2.05,1.50
2011.11.10 10:28:53.531,1.39001,1.39023,1.45,1.50
2011.11.10 10:28:53.893,1.38996,1.39018,1.50,2.25
2011.11.10 10:28:54.025,1.38995,1.39016,1.13,2.10
2011.11.10 10:28:54.559,1.38989,1.39013,1.13,1.50
2011.11.10 10:28:55.288,1.38989,1.39013,1.88,1.50
2011.11.10 10:28:55.918,1.38989,1.39013,1.88,1.50
2011.11.10 10:28:56.406,1.38987,1.39012,2.25,2.63
2011.11.10 10:28:57.305,1.38983,1.39007,2.63,1.50
2011.11.10 10:28:58.138,1.38983,1.3901,2.63,2.25
2011.11.10 10:28:58.600,1.38984,1.39008,1.13,1.50
2011.11.10 10:28:59.332,1.38984,1.39009,1.13,2.25
2011.11.10 10:28:59.666,1.38984,1.39006,1.13,1.50
2011.11.10 10:29:00.277,1.38983,1.39008,1.88,3.00
2011.11.10 10:29:01.196,1.38981,1.39006,1.50,1.50
2011.11.10 10:29:05.039,1.38983,1.39008,1.50,1.50
2011.11.10 10:29:05.162,1.38984,1.39008,1.50,1.50
2011.11.10 10:29:05.404,1.38993,1.3902,1.13,2.25
2011.11.10 10:29:05.533,1.38998,1.3902,1.50,1.50
2011.11.10 10:29:06.457,1.38999,1.39023,1.13,3.00
2011.11.10 10:29:06.757,1.38999,1.39023,1.13,2.25
2011.11.10 10:29:07.146,1.38995,1.39023,2.63,2.25
2011.11.10 10:29:07.396,1.38995,1.39025,1.50,1.50
2011.11.10 10:29:07.858,1.38999,1.39029,1.50,2.25
2011.11.10 10:29:08.040,1.38999,1.39029,1.50,2.25
2011.11.10 10:29:08.471,1.38999,1.39023,1.50,1.35
2011.11.10 10:29:08.710,1.38986,1.39014,1.50,1.50
2011.11.10 10:29:09.270,1.38988,1.39019,1.50,3.00
2011.11.10 10:29:09.719,1.38988,1.39016,1.50,2.25
2011.11.10 10:29:10.297,1.38988,1.39016,1.50,2.25
2011.11.10 10:29:14.282,1.38988,1.39016,1.50,2.25
2011.11.10 10:29:14.519,1.38988,1.39015,1.50,3.23
2011.11.10 10:29:14.638,1.38986,1.39012,1.50,1.50
2011.11.10 10:29:15.233,1.38982,1.39012,2.25,1.50
2011.11.10 10:29:15.364,1.38984,1.39014,1.13,1.50
2011.11.10 10:29:16.067,1.38988,1.39018,1.50,3.00
2011.11.10 10:29:16.199,1.38988,1.39016,1.50,1.50
2011.11.10 10:29:16.670,1.38988,1.39016,1.50,3.75
2011.11.10 10:29:17.152,1.38988,1.39015,1.50,1.50
2011.11.10 10:29:17.274,1.3899,1.39016,1.13,1.50
2011.11.10 10:29:17.406,1.38993,1.39021,1.13,1.50
2011.11.10 10:29:17.536,1.38997,1.39025,1.88,1.50
2011.11.10 10:29:17.663,1.38997,1.39027,2.63,1.50
2011.11.10 10:29:17.782,1.38997,1.39027,2.63,2.25
2011.11.10 10:29:18.402,1.38998,1.39027,1.50,1.50
2011.11.10 10:29:18.757,1.38998,1.39027,1.50,1.50
2011.11.10 10:29:19.368,1.38998,1.39026,1.50,1.50
2011.11.10 10:29:19.492,1.38997,1.39027,1.50,1.50
2011.11.10 10:29:21.287,1.38997,1.39027,1.50,2.25
2011.11.10 10:29:22.482,1.38997,1.39025,1.50,1.50
2011.11.10 10:29:22.854,1.38992,1.39017,1.50,2.10
2011.11.10 10:29:23.419,1.38992,1.39017,1.50,2.85
2011.11.10 10:29:23.548,1.38992,1.39017,1.50,1.50
2011.11.10 10:29:24.448,1.38992,1.39017,1.50,1.50
2011.11.10 10:29:26.634,1.38987,1.39015,1.13,2.25
2011.11.10 10:29:26.770,1.38986,1.39015,1.88,2.25
2011.11.10 10:29:27.790,1.38985,1.39013,1.50,1.50
2011.11.10 10:29:28.508,1.38984,1.39014,2.25,1.50
2011.11.10 10:29:28.740,1.38983,1.39014,2.25,2.63
2011.11.10 10:29:29.320,1.38981,1.3901,1.88,2.25
2011.11.10 10:29:29.682,1.38986,1.39012,1.50,1.35
2011.11.10 10:29:29.803,1.38986,1.39014,2.25,3.60
2011.11.10 10:29:29.933,1.38986,1.39014,2.25,3.00
2011.11.10 10:29:30.068,1.38986,1.39012,1.50,2.10
2011.11.10 10:29:30.198,1.38985,1.39011,1.88,1.50
2011.11.10 10:29:30.323,1.38988,1.39018,2.86,1.50
2011.11.10 10:29:30.694,1.38991,1.3902,1.88,1.50
2011.11.10 10:29:31.298,1.38993,1.39023,1.50,2.25
2011.11.10 10:29:31.429,1.38993,1.39021,1.50,1.50
2011.11.10 10:29:31.548,1.38992,1.39021,3.00,1.50
2011.11.10 10:29:32.024,1.38992,1.3902,2.25,1.50
2011.11.10 10:29:32.390,1.38991,1.39017,1.50,1.50
2011.11.10 10:29:32.749,1.38992,1.3902,1.50,1.50
2011.11.10 10:29:33.331,1.3899,1.3902,1.50,2.25
2011.11.10 10:29:34.014,1.38985,1.39016,1.88,2.25
2011.11.10 10:29:34.608,1.38985,1.39016,2.63,1.50
2011.11.10 10:29:35.191,1.38985,1.39016,1.88,2.25
2011.11.10 10:29:35.418,1.38985,1.39016,1.88,1.50
2011.11.10 10:29:35.762,1.38985,1.39015,1.50,1.50
2011.11.10 10:29:35.879,1.38985,1.39015,1.50,1.50
2011.11.10 10:29:36.117,1.38985,1.39016,1.88,2.25
2011.11.10 10:29:36.831,1.38984,1.39011,1.13,2.25
2011.11.10 10:29:38.169,1.38983,1.39011,1.50,1.50
2011.11.10 10:29:38.409,1.38983,1.39011,1.73,2.25
2011.11.10 10:29:38.648,1.38984,1.39011,1.73,1.50
2011.11.10 10:29:38.771,1.38986,1.39015,1.50,1.50
2011.11.10 10:29:38.890,1.38985,1.39016,1.50,2.25
2011.11.10 10:29:39.721,1.38988,1.39016,1.50,2.25
2011.11.10 10:29:39.959,1.38988,1.39016,1.50,2.25
2011.11.10 10:29:42.861,1.3899,1.3902,1.13,2.25
2011.11.10 10:29:43.222,1.38993,1.3902,1.50,2.25
2011.11.10 10:29:43.463,1.38996,1.39024,1.50,2.25
2011.11.10 10:29:44.051,1.38996,1.39025,1.50,1.50
2011.11.10 10:29:44.884,1.3899,1.39021,1.50,2.25
2011.11.10 10:29:45.227,1.3899,1.3902,1.50,1.50
2011.11.10 10:29:45.901,1.38989,1.39016,1.13,1.50
2011.11.10 10:29:46.862,1.38988,1.39016,1.88,1.50
2011.11.10 10:29:48.094,1.38993,1.39016,1.88,1.50
2011.11.10 10:29:48.777,1.38993,1.39016,1.13,1.50
2011.11.10 10:29:49.009,1.38994,1.3902,1.50,1.50
2011.11.10 10:29:49.360,1.38996,1.3902,1.13,1.50
2011.11.10 10:29:49.950,1.38998,1.3902,2.63,1.50
2011.11.10 10:29:50.413,1.38999,1.39024,1.88,1.50
2011.11.10 10:29:50.541,1.38999,1.39025,1.88,1.50
2011.11.10 10:29:54.287,1.38999,1.39025,1.13,1.50
2011.11.10 10:29:56.354,1.38998,1.39024,1.50,1.50
2011.11.10 10:29:56.479,1.38993,1.3902,1.50,1.50
2011.11.10 10:29:57.200,1.38995,1.3902,1.50,1.50
2011.11.10 10:29:57.768,1.38992,1.3902,1.50,1.50
2011.11.10 10:29:58.318,1.38994,1.3902,1.50,1.50
2011.11.10 10:29:59.192,1.38992,1.39019,1.50,1.50
2011.11.10 10:29:59.632,1.38994,1.39014,1.73,1.50
2011.11.10 10:29:59.993,1.39,1.39014,2.48,1.50
2011.11.10 10:30:00.245,1.39002,1.39021,1.73,1.58
2011.11.10 10:30:00.591,1.39002,1.3903,1.73,1.50
2011.11.10 10:30:01.168,1.39002,1.3903,1.73,1.50
2011.11.10 10:30:01.791,1.39,1.3903,2.33,1.50
2011.11.10 10:30:01.923,1.39008,1.39035,1.36,1.50
2011.11.10 10:30:02.297,1.39016,1.39035,1.73,1.50
2011.11.10 10:30:02.900,1.39009,1.39035,1.73,1.50
2011.11.10 10:30:03.350,1.39009,1.39033,1.73,1.50
2011.11.10 10:30:04.109,1.38995,1.39024,1.73,1.50
2011.11.10 10:30:04.242,1.38995,1.3902,1.73,1.50
2011.11.10 10:30:04.809,1.38991,1.3902,1.73,1.50
2011.11.10 10:30:05.480,1.38992,1.3902,1.13,1.50
2011.11.10 10:30:05.728,1.38992,1.3902,1.13,2.25
2011.11.10 10:30:06.420,1.38994,1.3902,1.36,1.50
2011.11.10 10:30:06.653,1.38994,1.39023,1.36,1.50
2011.11.10 10:30:07.012,1.38994,1.39025,1.36,1.50
2011.11.10 10:30:07.133,1.39003,1.39028,1.13,1.50
2011.11.10 10:30:07.262,1.39006,1.39033,1.13,2.25
2011.11.10 10:30:07.385,1.39009,1.39037,1.50,1.50
2011.11.10 10:30:07.630,1.39009,1.39037,1.50,1.50
2011.11.10 10:30:09.692,1.39009,1.39037,1.50,2.25
2011.11.10 10:30:10.051,1.3901,1.39036,2.33,1.50
2011.11.10 10:30:10.291,1.39014,1.39042,2.25,1.50
2011.11.10 10:30:10.841,1.39016,1.39044,1.50,1.50
2011.11.10 10:30:11.351,1.39016,1.39039,1.50,1.50
2011.11.10 10:30:11.591,1.3901,1.39039,2.86,1.50
2011.11.10 10:30:11.951,1.39015,1.39039,1.73,1.50
2011.11.10 10:30:12.299,1.39015,1.39039,1.73,1.50
2011.11.10 10:30:12.542,1.39015,1.39043,1.73,1.50
2011.11.10 10:30:12.661,1.39015,1.39043,1.73,1.50
2011.11.10 10:30:13.851,1.39017,1.39044,1.73,2.25
2011.11.10 10:30:14.198,1.39018,1.39044,1.73,1.50
2011.11.10 10:30:16.077,1.39018,1.39049,2.48,1.50
2011.11.10 10:30:17.531,1.39024,1.39053,1.50,2.25
2011.11.10 10:30:17.649,1.39025,1.39053,1.50,2.25
2011.11.10 10:30:19.066,1.39025,1.39054,1.50,1.50
2011.11.10 10:30:19.192,1.39025,1.39053,1.50,1.50
2011.11.10 10:30:19.423,1.39025,1.39053,1.50,1.50
2011.11.10 10:30:19.560,1.39023,1.39053,1.73,1.50
2011.11.10 10:30:20.054,1.39024,1.39053,1.13,2.25
2011.11.10 10:30:20.189,1.39027,1.39055,1.50,1.50
2011.11.10 10:30:20.552,1.39021,1.39052,1.73,1.50
2011.11.10 10:30:20.792,1.39021,1.39052,2.48,2.25
2011.11.10 10:30:22.955,1.39021,1.3905,1.73,1.50
2011.11.10 10:30:23.445,1.39024,1.3905,1.35,1.50
2011.11.10 10:30:23.575,1.39022,1.39052,1.50,2.25
2011.11.10 10:30:23.703,1.3902,1.39052,1.50,2.25
2011.11.10 10:30:24.062,1.39021,1.39047,1.50,1.50
2011.11.10 10:30:24.712,1.39021,1.39046,1.50,1.50
2011.11.10 10:30:24.837,1.39015,1.39043,1.73,1.50
2011.11.10 10:30:25.080,1.39017,1.39047,1.73,1.50
2011.11.10 10:30:25.420,1.39017,1.39047,1.73,1.50
2011.11.10 10:30:25.868,1.39013,1.39042,1.73,1.50
2011.11.10 10:30:26.800,1.39013,1.39042,1.73,1.50
2011.11.10 10:30:27.528,1.39018,1.39043,1.50,1.50
2011.11.10 10:30:28.096,1.39022,1.39046,1.50,1.13
2011.11.10 10:30:28.235,1.39019,1.3905,2.48,1.50
2011.11.10 10:30:28.815,1.39019,1.39049,1.73,2.85
2011.11.10 10:30:28.942,1.39019,1.39048,1.50,1.50
2011.11.10 10:30:29.308,1.39019,1.39049,1.73,1.50
2011.11.10 10:30:30.866,1.39019,1.39049,1.73,1.50
2011.11.10 10:30:31.111,1.39019,1.39049,1.73,1.50
2011.11.10 10:30:33.835,1.39017,1.39046,1.73,2.25
2011.11.10 10:30:37.938,1.39017,1.39044,1.73,1.50
2011.11.10 10:30:38.599,1.39014,1.39041,1.50,1.73
2011.11.10 10:30:38.733,1.39009,1.39038,1.73,1.35
2011.11.10 10:30:39.307,1.39009,1.39039,1.73,2.10
2011.11.10 10:30:40.000,1.39009,1.39039,1.73,1.35
2011.11.10 10:30:40.583,1.39009,1.39038,1.73,1.35
2011.11.10 10:30:41.332,1.39009,1.39039,1.73,1.50
2011.11.10 10:30:42.118,1.39009,1.3904,1.50,2.25
2011.11.10 10:30:42.928,1.39009,1.3904,2.25,1.50
2011.11.10 10:30:43.717,1.3901,1.3904,1.73,2.25
2011.11.10 10:30:44.444,1.39014,1.39043,1.13,2.25
2011.11.10 10:30:44.572,1.39015,1.39045,1.73,2.25
2011.11.10 10:30:44.697,1.3902,1.39046,1.50,1.13
2011.11.10 10:30:45.059,1.39022,1.39049,1.50,1.50
2011.11.10 10:30:45.772,1.39019,1.39048,1.73,1.50
2011.11.10 10:30:46.279,1.39016,1.39043,1.73,1.50
2011.11.10 10:30:46.408,1.39016,1.39043,1.73,1.50
2011.11.10 10:30:48.679,1.39016,1.39044,1.73,1.50
2011.11.10 10:30:49.258,1.39016,1.39042,1.73,1.50
2011.11.10 10:30:49.599,1.39017,1.39044,1.73,2.25
2011.11.10 10:30:51.110,1.39014,1.39042,2.86,1.50
2011.11.10 10:30:51.558,1.39014,1.39042,2.86,1.50
2011.11.10 10:30:53.929,1.39014,1.39042,2.48,1.50
2011.11.10 10:30:55.798,1.39015,1.39044,1.73,1.50
2011.11.10 10:30:55.932,1.39019,1.3905,1.73,1.88
2011.11.10 10:30:58.569,1.3902,1.3905,1.73,1.50
2011.11.10 10:30:58.799,1.39019,1.3905,1.50,2.25
2011.11.10 10:30:59.043,1.39018,1.39046,1.50,1.50
2011.11.10 10:30:59.402,1.39016,1.39044,1.50,1.50
2011.11.10 10:31:04.003,1.39021,1.39051,1.73,1.50
2011.11.10 10:31:04.244,1.39021,1.3905,1.50,2.25
2011.11.10 10:31:04.733,1.3902,1.39048,1.50,1.50
2011.11.10 10:31:05.079,1.39021,1.39049,1.50,2.25
2011.11.10 10:31:05.443,1.39021,1.39051,1.73,1.50
2011.11.10 10:31:06.219,1.39021,1.39049,1.73,1.50
2011.11.10 10:31:06.473,1.39016,1.39043,1.50,1.50
2011.11.10 10:31:06.712,1.39014,1.39043,1.50,1.50
2011.11.10 10:31:07.069,1.39015,1.39044,1.50,1.50
2011.11.10 10:31:07.714,1.39016,1.39045,1.50,1.50
2011.11.10 10:31:08.419,1.39016,1.39047,2.48,2.25
2011.11.10 10:31:08.547,1.39021,1.39049,1.50,1.50
2011.11.10 10:31:08.671,1.39021,1.39051,1.50,1.50
2011.11.10 10:31:08.940,1.39026,1.39053,1.50,1.50
2011.11.10 10:31:09.072,1.3902,1.39049,1.73,1.50
2011.11.10 10:31:09.413,1.39019,1.39045,1.50,1.50
2011.11.10 10:31:09.966,1.3901,1.3904,1.73,1.50
2011.11.10 10:31:10.535,1.39009,1.3904,3.23,1.50
2011.11.10 10:31:10.660,1.39009,1.3904,2.48,1.50
2011.11.10 10:31:13.351,1.39006,1.39034,1.50,1.50
2011.11.10 10:31:13.598,1.39009,1.39038,1.50,2.25
2011.11.10 10:31:14.054,1.3901,1.3904,1.73,3.00
2011.11.10 10:31:14.652,1.3901,1.3904,1.50,2.25
2011.11.10 10:31:15.251,1.39005,1.39035,2.48,1.50
2011.11.10 10:31:15.610,1.39009,1.39037,2.11,1.50
2011.11.10 10:31:16.293,1.39012,1.39041,1.73,1.50
2011.11.10 10:31:17.079,1.39012,1.3904,1.73,1.50
2011.11.10 10:31:17.441,1.39009,1.39036,1.73,1.50
2011.11.10 10:31:17.562,1.39009,1.39035,1.73,1.50
2011.11.10 10:31:19.509,1.39009,1.39036,1.73,1.50
2011.11.10 10:31:20.249,1.39009,1.39036,1.73,1.50
2011.11.10 10:31:21.055,1.39008,1.39036,1.73,1.50
2011.11.10 10:31:21.189,1.39011,1.39039,1.73,1.50
2011.11.10 10:31:21.307,1.39011,1.39041,1.73,2.25
2011.11.10 10:31:21.912,1.39013,1.39039,1.73,1.50
2011.11.10 10:31:22.446,1.39011,1.39039,1.50,1.50
2011.11.10 10:31:22.581,1.39009,1.39039,1.73,2.25
2011.11.10 10:31:23.562,1.39007,1.39034,2.11,1.50
2011.11.10 10:31:24.314,1.39006,1.39034,1.73,1.50
2011.11.10 10:31:24.561,1.39004,1.39034,1.73,1.50
2011.11.10 10:31:28.051,1.39006,1.39034,1.88,1.50
2011.11.10 10:31:28.664,1.39006,1.39034,2.11,1.50
2011.11.10 10:31:28.797,1.39006,1.39034,2.11,1.50
2011.11.10 10:31:30.333,1.39006,1.39034,1.73,2.25
2011.11.10 10:31:30.457,1.39001,1.39026,1.73,2.25
2011.11.10 10:31:30.702,1.38997,1.39026,1.50,2.25
2011.11.10 10:31:30.824,1.38997,1.3902,1.50,1.50
2011.11.10 10:31:31.440,1.38988,1.39017,2.48,1.50
2011.11.10 10:31:31.575,1.38989,1.39019,2.25,1.50
2011.11.10 10:31:31.699,1.38994,1.39021,1.50,1.13
2011.11.10 10:31:31.826,1.38994,1.39023,1.50,1.50
2011.11.10 10:31:32.301,1.38997,1.39022,1.73,1.50
2011.11.10 10:31:32.887,1.38994,1.39022,2.48,1.50
2011.11.10 10:31:34.265,1.38998,1.39025,1.73,1.50
2011.11.10 10:31:34.633,1.38999,1.39029,1.50,1.50
2011.11.10 10:31:35.460,1.38994,1.39026,2.48,1.50
2011.11.10 10:31:36.130,1.39003,1.39028,1.50,1.50
2011.11.10 10:31:37.860,1.39003,1.39031,1.50,1.50
2011.11.10 10:31:38.636,1.39003,1.39031,1.50,1.50
2011.11.10 10:31:39.004,1.39001,1.39029,2.11,1.50
2011.11.10 10:31:39.720,1.39001,1.39032,2.48,1.50
2011.11.10 10:31:39.841,1.39001,1.39033,3.23,1.50
2011.11.10 10:31:41.052,1.39001,1.39033,3.23,1.50
2011.11.10 10:31:42.422,1.39004,1.39033,1.73,1.50
2011.11.10 10:31:43.460,1.39002,1.39032,1.73,1.50
2011.11.10 10:31:44.029,1.39004,1.39032,1.73,1.50
2011.11.10 10:31:44.147,1.39004,1.39033,1.73,2.63
2011.11.10 10:31:48.555,1.39004,1.39032,1.73,1.50
2011.11.10 10:31:48.801,1.39002,1.39032,1.73,1.50
2011.11.10 10:31:50.723,1.39002,1.39031,1.73,1.13
2011.11.10 10:31:53.581,1.39003,1.39032,1.73,1.50
2011.11.10 10:31:53.705,1.39002,1.39032,1.73,1.50
2011.11.10 10:31:54.533,1.39002,1.39033,1.50,1.88
2011.11.10 10:31:54.779,1.39009,1.39037,1.50,1.50
2011.11.10 10:31:55.360,1.39009,1.39037,1.50,1.50
2011.11.10 10:32:00.361,1.39014,1.39041,1.73,1.50
2011.11.10 10:32:00.481,1.39019,1.39048,1.50,1.50
2011.11.10 10:32:00.719,1.39023,1.39044,1.50,1.50
2011.11.10 10:32:01.082,1.39013,1.3904,1.73,1.50
2011.11.10 10:32:01.652,1.39011,1.39041,1.50,1.50
2011.11.10 10:32:01.772,1.39011,1.39039,1.50,1.50
2011.11.10 10:32:03.219,1.39011,1.39039,1.50,1.73
2011.11.10 10:32:03.771,1.39011,1.39032,1.50,1.50
2011.11.10 10:32:03.904,1.39016,1.39045,1.50,1.50
2011.11.10 10:32:04.368,1.39016,1.39046,1.50,1.50
2011.11.10 10:32:04.598,1.39017,1.39047,1.36,1.50
2011.11.10 10:32:05.824,1.39018,1.39047,2.11,1.50
2011.11.10 10:32:06.156,1.39026,1.39053,1.13,2.33
2011.11.10 10:32:06.705,1.39035,1.39061,1.73,1.50
2011.11.10 10:32:06.850,1.39042,1.39067,1.73,1.50
2011.11.10 10:32:07.217,1.39045,1.39065,1.73,1.50
2011.11.10 10:32:07.801,1.39029,1.39053,1.47,1.35
2011.11.10 10:32:07.926,1.39028,1.39053,1.58,1.35
2011.11.10 10:32:08.055,1.39022,1.39049,3.23,1.50
2011.11.10 10:32:08.850,1.39021,1.39048,1.73,1.50
2011.11.10 10:32:09.211,1.39013,1.3904,1.73,1.50
2011.11.10 10:32:09.328,1.39013,1.3904,2.48,1.50
2011.11.10 10:32:09.880,1.39013,1.3904,2.48,1.50
2011.11.10 10:32:10.238,1.39017,1.39042,1.73,1.50
2011.11.10 10:32:11.573,1.39018,1.39042,1.73,1.50
2011.11.10 10:32:11.702,1.3902,1.39047,2.25,2.09
2011.11.10 10:32:11.950,1.39022,1.39045,1.50,4.50
2011.11.10 10:32:12.076,1.39022,1.3905,1.50,1.37
2011.11.10 10:32:12.441,1.39022,1.39051,2.48,1.50
2011.11.10 10:32:12.565,1.39027,1.39055,1.50,1.50
2011.11.10 10:32:12.924,1.39027,1.39055,1.50,1.50
2011.11.10 10:32:14.122,1.39028,1.39058,1.73,1.88
2011.11.10 10:32:14.245,1.39028,1.39056,1.73,2.25
2011.11.10 10:32:14.605,1.39027,1.39052,1.50,1.50
2011.11.10 10:32:14.734,1.3902,1.39046,1.73,1.50
2011.11.10 10:32:14.981,1.39018,1.39041,1.73,1.50
2011.11.10 10:32:15.461,1.39011,1.39041,1.36,1.50
2011.11.10 10:32:15.595,1.3901,1.39041,2.25,1.50
2011.11.10 10:32:15.836,1.39013,1.39041,2.48,1.50
2011.11.10 10:32:16.439,1.3902,1.39048,1.50,2.33
2011.11.10 10:32:16.562,1.39019,1.3905,1.73,1.50
2011.11.10 10:32:16.684,1.39019,1.39049,1.50,1.50
2011.11.10 10:32:16.931,1.3902,1.39051,1.73,1.50
2011.11.10 10:32:17.367,1.39023,1.39054,1.50,1.50
2011.11.10 10:32:17.496,1.39023,1.39055,1.50,2.25
2011.11.10 10:32:17.990,1.39023,1.39055,1.50,1.50
2011.11.10 10:32:18.472,1.39018,1.39052,2.48,2.25
2011.11.10 10:32:20.151,1.3902,1.39052,1.73,2.25
2011.11.10 10:32:21.391,1.3902,1.39051,2.25,1.50
2011.11.10 10:32:23.055,1.39026,1.39055,1.73,1.88
2011.11.10 10:32:23.184,1.39026,1.39054,1.73,1.13
2011.11.10 10:32:23.424,1.39027,1.39055,1.73,1.13
2011.11.10 10:32:23.913,1.39039,1.3907,1.50,2.25
2011.11.10 10:32:24.262,1.39044,1.39075,1.73,1.13
2011.11.10 10:32:25.113,1.39045,1.39076,1.50,1.50
2011.11.10 10:32:25.370,1.39024,1.3905,1.47,1.13
2011.11.10 10:32:25.735,1.39026,1.39053,1.50,1.71
2011.11.10 10:32:26.081,1.39026,1.39056,1.50,1.50
2011.11.10 10:32:26.324,1.39028,1.39058,1.50,3.00
2011.11.10 10:32:26.681,1.39035,1.39063,1.50,1.13
2011.11.10 10:32:31.729,1.39032,1.39061,1.50,1.50
2011.11.10 10:32:32.632,1.39032,1.3906,1.50,1.50
2011.11.10 10:32:32.863,1.3903,1.3906,1.73,1.50
2011.11.10 10:32:33.219,1.39024,1.39054,1.73,2.25
2011.11.10 10:32:33.700,1.3902,1.39049,1.50,1.50
2011.11.10 10:32:34.893,1.3902,1.39051,1.50,2.25
2011.11.10 10:32:35.479,1.3902,1.39048,1.50,1.50
2011.11.10 10:32:36.197,1.3902,1.39051,1.50,2.25
2011.11.10 10:32:38.091,1.39023,1.39051,1.88,1.50
2011.11.10 10:32:38.215,1.39029,1.39056,1.73,1.13
2011.11.10 10:32:38.827,1.3903,1.39059,1.73,1.50
2011.11.10 10:32:39.790,1.39029,1.39057,1.73,1.50
2011.11.10 10:32:39.919,1.39033,1.39063,1.50,1.88
2011.11.10 10:32:40.282,1.39033,1.39061,1.50,1.50
2011.11.10 10:32:41.128,1.39033,1.39063,1.50,1.50
2011.11.10 10:32:43.028,1.39032,1.39062,1.50,1.50
2011.11.10 10:32:43.620,1.39028,1.39057,2.48,1.50
2011.11.10 10:32:44.191,1.39031,1.39063,2.11,1.95
2011.11.10 10:32:44.311,1.39034,1.39063,1.50,1.13
2011.11.10 10:32:45.282,1.39034,1.39064,1.73,1.50
2011.11.10 10:32:46.769,1.39034,1.39065,2.48,1.50
2011.11.10 10:32:49.180,1.39037,1.39068,2.25,1.50
2011.11.10 10:32:49.540,1.39039,1.39066,1.73,2.25
2011.11.10 10:32:49.890,1.39034,1.39063,1.73,1.50
2011.11.10 10:32:50.572,1.39034,1.39062,1.73,1.50
2011.11.10 10:32:55.449,1.39034,1.39062,1.73,2.25
2011.11.10 10:32:57.172,1.39034,1.39062,1.73,2.25
2011.11.10 10:32:57.290,1.39034,1.39062,1.73,2.25
2011.11.10 10:32:57.648,1.39034,1.39062,1.73,2.25
2011.11.10 10:32:57.766,1.39034,1.39062,1.73,2.25
2011.11.10 10:32:58.598,1.39034,1.39062,1.73,2.25
2011.11.10 10:32:58.943,1.39034,1.39062,1.50,3.00
2011.11.10 10:32:59.073,1.39028,1.39058,1.73,1.50
2011.11.10 10:32:59.724,1.39027,1.39059,2.48,3.00
2011.11.10 10:33:02.785,1.39027,1.39053,1.73,1.50
2011.11.10 10:33:03.333,1.39017,1.39047,1.50,1.50
2011.11.10 10:33:03.451,1.39017,1.39048,2.25,1.50
2011.11.10 10:33:03.999,1.39017,1.39047,2.25,1.50
2011.11.10 10:33:04.121,1.39017,1.39047,2.25,1.50
2011.11.10 10:33:04.751,1.39017,1.39048,1.50,2.25
2011.11.10 10:33:04.871,1.39017,1.39047,1.50,1.50
2011.11.10 10:33:05.715,1.39013,1.39041,1.50,1.50
2011.11.10 10:33:05.844,1.39013,1.39041,1.50,1.50
2011.11.10 10:33:06.095,1.39013,1.39041,1.50,1.50
2011.11.10 10:33:06.225,1.39007,1.39038,2.11,1.50
2011.11.10 10:33:06.359,1.39009,1.39037,1.50,1.50
2011.11.10 10:33:06.490,1.39015,1.39043,1.50,1.88
2011.11.10 10:33:06.617,1.39017,1.39043,1.50,1.13
2011.11.10 10:33:06.745,1.39017,1.39047,1.50,3.00
2011.11.10 10:33:06.873,1.3902,1.39047,2.25,1.50
2011.11.10 10:33:07.525,1.3902,1.39052,1.50,1.50
2011.11.10 10:33:07.667,1.39017,1.39049,1.73,2.25
2011.11.10 10:33:07.788,1.39017,1.39049,1.50,3.00
2011.11.10 10:33:08.151,1.39014,1.39041,1.73,1.50
2011.11.10 10:33:08.389,1.39011,1.39041,1.73,2.25
2011.11.10 10:33:11.348,1.39011,1.3904,1.73,1.50
2011.11.10 10:33:11.477,1.3901,1.39036,1.50,1.50
2011.11.10 10:33:11.604,1.39009,1.39036,1.50,2.25
2011.11.10 10:33:11.977,1.39006,1.39034,1.50,2.25
2011.11.10 10:33:12.212,1.39005,1.39032,1.50,1.50
2011.11.10 10:33:12.570,1.39001,1.39027,1.50,1.50
2011.11.10 10:33:12.689,1.38997,1.39027,1.50,1.50
2011.11.10 10:33:13.134,1.38997,1.39028,1.50,3.00
2011.11.10 10:33:13.274,1.38997,1.39028,1.50,2.25
2011.11.10 10:33:14.096,1.39002,1.39028,1.50,1.50
2011.11.10 10:33:14.739,1.39002,1.39028,1.50,1.50
2011.11.10 10:33:15.090,1.39001,1.3903,1.50,2.25
2011.11.10 10:33:15.732,1.39001,1.39031,1.50,1.50
2011.11.10 10:33:16.660,1.39002,1.39032,1.50,1.50
2011.11.10 10:33:18.097,1.39002,1.39031,1.50,1.50
2011.11.10 10:33:20.520,1.39001,1.39032,1.50,2.25
2011.11.10 10:33:20.884,1.39009,1.39036,1.73,1.50
2011.11.10 10:33:21.456,1.39009,1.39039,1.73,1.50
2011.11.10 10:33:22.924,1.39008,1.39038,1.50,1.50
2011.11.10 10:33:24.992,1.39008,1.39036,1.50,1.50
2011.11.10 10:33:27.346,1.39008,1.39036,1.50,2.25
2011.11.10 10:33:27.715,1.39008,1.39034,1.50,1.50
2011.11.10 10:33:28.088,1.39011,1.39042,2.25,2.25
2011.11.10 10:33:28.216,1.39017,1.39045,1.50,1.13
2011.11.10 10:33:28.579,1.39012,1.39041,1.73,1.50
2011.11.10 10:33:30.073,1.39008,1.39038,1.73,1.50
2011.11.10 10:33:30.319,1.39008,1.39038,1.73,1.50
2011.11.10 10:33:31.433,1.3901,1.39041,2.25,3.38
2011.11.10 10:33:31.563,1.39013,1.39039,1.50,1.50
2011.11.10 10:33:32.385,1.39008,1.39036,1.50,1.50
2011.11.10 10:33:32.509,1.39014,1.39042,1.13,1.50
2011.11.10 10:33:32.859,1.39016,1.39043,1.50,2.25
2011.11.10 10:33:33.442,1.39016,1.39043,1.50,1.50
2011.11.10 10:33:33.909,1.39015,1.39042,2.11,1.50
2011.11.10 10:33:34.491,1.39012,1.39042,1.50,2.25
2011.11.10 10:33:34.901,1.39012,1.39041,1.50,1.50
2011.11.10 10:33:35.031,1.3901,1.39038,1.50,2.25
2011.11.10 10:33:35.272,1.3901,1.39038,1.50,1.50
2011.11.10 10:33:35.631,1.39012,1.39042,1.50,1.50
2011.11.10 10:33:36.213,1.39013,1.39042,1.13,1.50
2011.11.10 10:33:36.334,1.39011,1.39037,1.50,1.50
2011.11.10 10:33:36.460,1.39007,1.39036,1.73,1.50
2011.11.10 10:33:36.813,1.39003,1.39033,1.73,1.50
2011.11.10 10:33:37.756,1.39008,1.39037,1.13,1.50
2011.11.10 10:33:37.988,1.39007,1.39038,2.86,1.50
2011.11.10 10:33:38.437,1.39008,1.39038,1.50,1.50
2011.11.10 10:33:40.268,1.39007,1.39037,2.48,1.50
2011.11.10 10:33:40.622,1.39007,1.39036,1.50,1.50
2011.11.10 10:33:40.981,1.39005,1.39034,2.25,1.50
2011.11.10 10:33:41.784,1.39008,1.39039,1.73,1.50
2011.11.10 10:33:42.373,1.39007,1.39039,2.48,1.50
2011.11.10 10:33:42.947,1.39007,1.39039,2.48,1.50
2011.11.10 10:33:43.507,1.39007,1.39039,2.48,1.50
2011.11.10 10:33:44.542,1.39011,1.39042,2.48,1.50
2011.11.10 10:33:44.673,1.39007,1.39034,1.73,1.50
2011.11.10 10:33:45.040,1.38999,1.39027,1.73,1.50
2011.11.10 10:33:45.761,1.38999,1.39027,1.50,3.00
2011.11.10 10:33:46.124,1.38997,1.39019,1.50,1.13
2011.11.10 10:33:46.254,1.3899,1.39016,1.50,1.50
2011.11.10 10:33:46.905,1.38985,1.39007,1.50,1.13
2011.11.10 10:33:47.045,1.38984,1.39006,1.50,1.50
2011.11.10 10:33:47.175,1.38984,1.39004,1.50,1.50
2011.11.10 10:33:47.429,1.38983,1.39014,1.35,1.05
2011.11.10 10:33:47.564,1.38988,1.39016,1.50,1.50
2011.11.10 10:33:47.814,1.3899,1.39015,1.50,1.50
2011.11.10 10:33:48.199,1.38992,1.39022,1.50,3.59
2011.11.10 10:33:48.676,1.38992,1.39018,1.50,2.25
2011.11.10 10:33:48.807,1.38988,1.39016,1.50,1.50
2011.11.10 10:33:49.156,1.38988,1.39012,1.50,1.13
2011.11.10 10:33:49.285,1.38981,1.39011,1.73,1.50
2011.11.10 10:33:49.414,1.38985,1.39015,2.48,1.13
2011.11.10 10:33:49.665,1.38985,1.39017,1.50,1.50
2011.11.10 10:33:49.918,1.38985,1.39016,1.50,1.50
2011.11.10 10:33:50.045,1.3899,1.39017,2.25,1.50
2011.11.10 10:33:50.174,1.38986,1.39014,1.50,1.13
2011.11.10 10:33:50.303,1.38986,1.39011,1.50,1.50
2011.11.10 10:33:50.874,1.38986,1.39015,1.50,1.88
2011.11.10 10:33:51.000,1.38986,1.39015,1.50,1.88
2011.11.10 10:33:51.452,1.38982,1.39013,1.50,2.25
2011.11.10 10:33:53.290,1.38994,1.39023,1.50,1.50
2011.11.10 10:33:53.533,1.38994,1.39022,1.50,1.50
2011.11.10 10:33:53.652,1.38994,1.39024,1.50,1.50
2011.11.10 10:33:53.893,1.38994,1.39023,1.50,1.50
2011.11.10 10:33:55.531,1.38994,1.39021,1.50,2.25
2011.11.10 10:33:56.012,1.38988,1.39017,1.50,1.50
2011.11.10 10:33:56.722,1.38992,1.39018,1.50,1.13
2011.11.10 10:33:56.845,1.38992,1.39022,1.50,1.13
2011.11.10 10:33:57.647,1.38992,1.39022,1.50,1.50
2011.11.10 10:33:57.779,1.38981,1.39008,1.73,2.25
2011.11.10 10:33:58.026,1.38983,1.39012,1.73,1.50
2011.11.10 10:33:58.157,1.38982,1.39009,2.48,1.50
2011.11.10 10:33:58.408,1.38979,1.39009,1.50,3.00
2011.11.10 10:33:58.780,1.38984,1.39013,1.50,1.13
2011.11.10 10:33:58.903,1.38984,1.39013,1.50,1.50
2011.11.10 10:33:59.156,1.38982,1.39007,1.50,1.50
2011.11.10 10:33:59.726,1.38981,1.39009,1.50,1.50
2011.11.10 10:33:59.853,1.38981,1.39011,1.50,1.50
2011.11.10 10:34:00.099,1.38985,1.39012,1.50,1.50
2011.11.10 10:34:00.230,1.38987,1.39012,1.73,1.50
2011.11.10 10:34:00.597,1.38984,1.39008,1.50,1.50
2011.11.10 10:34:01.309,1.38984,1.39005,1.50,1.50
2011.11.10 10:34:01.443,1.38972,1.38999,1.58,1.50
2011.11.10 10:34:02.043,1.38975,1.39,1.50,1.50
2011.11.10 10:34:02.173,1.38976,1.39004,1.50,1.13
2011.11.10 10:34:02.418,1.38976,1.39004,1.50,1.50
2011.11.10 10:34:02.970,1.38967,1.38993,1.58,1.35
2011.11.10 10:34:03.456,1.38965,1.38993,1.65,2.10
2011.11.10 10:34:03.823,1.38963,1.38993,1.83,2.10
2011.11.10 10:34:04.059,1.38963,1.38993,1.74,1.35
2011.11.10 10:34:05.071,1.38964,1.38993,1.12,2.25
2011.11.10 10:34:05.195,1.38964,1.38991,1.12,1.50
2011.11.10 10:34:05.447,1.38964,1.38993,1.12,1.50
2011.11.10 10:34:05.810,1.38964,1.38993,1.12,1.50
2011.11.10 10:34:06.127,1.38963,1.38988,1.20,2.25
2011.11.10 10:34:06.452,1.38958,1.38988,1.50,2.25
2011.11.10 10:34:06.577,1.38956,1.38984,1.50,1.50
2011.11.10 10:34:07.596,1.38959,1.38984,1.73,1.50
2011.11.10 10:34:07.727,1.38959,1.38988,1.73,1.13
2011.11.10 10:34:07.855,1.38958,1.38986,1.50,1.50
2011.11.10 10:34:08.329,1.38958,1.38988,1.50,1.13
2011.11.10 10:34:08.695,1.38952,1.38981,1.50,1.35
2011.11.10 10:34:08.821,1.38952,1.38981,1.50,1.35
2011.11.10 10:34:10.089,1.38957,1.38982,1.50,1.35
2011.11.10 10:34:11.078,1.38962,1.38986,1.50,1.50
2011.11.10 10:34:11.320,1.38957,1.38985,1.88,1.35
2011.11.10 10:34:11.661,1.38962,1.38987,1.50,2.25
2011.11.10 10:34:11.787,1.38964,1.38991,1.50,2.85
2011.11.10 10:34:12.301,1.38969,1.38997,1.50,1.50
2011.11.10 10:34:12.426,1.38969,1.38998,1.50,1.50
2011.11.10 10:34:12.790,1.38969,1.38997,1.50,1.50
2011.11.10 10:34:13.020,1.38969,1.38995,1.50,1.50
2011.11.10 10:34:13.609,1.38966,1.38997,1.50,2.25
2011.11.10 10:34:15.362,1.38966,1.38995,1.50,2.25
2011.11.10 10:34:15.480,1.38966,1.38992,1.50,1.50
2011.11.10 10:34:15.601,1.38962,1.38992,1.50,2.25
2011.11.10 10:34:16.159,1.38962,1.3899,1.50,2.25
2011.11.10 10:34:18.383,1.38966,1.38992,1.50,1.50
2011.11.10 10:34:18.754,1.38972,1.39001,1.50,1.50
2011.11.10 10:34:19.341,1.38972,1.39,1.50,1.50
2011.11.10 10:34:19.690,1.38969,1.38999,1.50,1.50
2011.11.10 10:34:20.052,1.38966,1.38995,1.50,2.25
2011.11.10 10:34:21.980,1.38966,1.38995,1.50,1.50
2011.11.10 10:34:22.337,1.38967,1.38997,1.50,1.50
2011.11.10 10:34:23.035,1.38971,1.38999,1.50,1.50
2011.11.10 10:34:23.541,1.38971,1.38999,1.50,1.50
2011.11.10 10:34:24.032,1.38971,1.39001,1.50,1.50
2011.11.10 10:34:24.158,1.38971,1.38998,1.50,1.50
2011.11.10 10:34:25.084,1.38967,1.38997,1.50,1.50
2011.11.10 10:34:25.212,1.38965,1.38996,1.73,1.50
2011.11.10 10:34:26.447,1.38965,1.38996,1.73,1.50
2011.11.10 10:34:27.137,1.38965,1.38996,1.50,1.50
2011.11.10 10:34:28.806,1.38965,1.38995,1.50,2.25
2011.11.10 10:34:29.268,1.38965,1.38992,1.50,1.50
2011.11.10 10:34:29.785,1.38955,1.38986,1.50,2.25
2011.11.10 10:34:30.022,1.38961,1.38988,1.50,1.50
2011.11.10 10:34:30.268,1.3896,1.38986,1.50,1.50
2011.11.10 10:34:30.386,1.38956,1.38986,1.50,3.00
2011.11.10 10:34:30.871,1.38954,1.38983,1.50,2.10
2011.11.10 10:34:30.989,1.38954,1.38982,1.50,2.25
2011.11.10 10:34:32.050,1.3895,1.38977,1.50,1.50
2011.11.10 10:34:32.289,1.38951,1.38979,1.50,2.10
2011.11.10 10:34:32.628,1.38945,1.38976,2.48,1.50
2011.11.10 10:34:32.970,1.38952,1.38981,1.50,1.50
2011.11.10 10:34:33.558,1.38952,1.38979,1.50,1.50
2011.11.10 10:34:34.502,1.38948,1.38978,1.73,1.50
2011.11.10 10:34:34.644,1.38962,1.38984,1.50,1.13
2011.11.10 10:34:34.771,1.38962,1.38987,2.25,1.50
2011.11.10 10:34:34.892,1.38965,1.38991,1.50,1.50
2011.11.10 10:34:36.248,1.38965,1.38991,1.50,2.85
2011.11.10 10:34:36.369,1.38962,1.38989,1.50,1.50
2011.11.10 10:34:36.600,1.38952,1.38982,1.50,2.25
2011.11.10 10:34:37.739,1.38961,1.38989,1.50,2.10
2011.11.10 10:34:38.083,1.38961,1.38989,1.50,2.10
2011.11.10 10:34:38.450,1.38959,1.38987,1.50,2.25
2011.11.10 10:34:38.678,1.38959,1.38985,1.50,1.50
2011.11.10 10:34:38.924,1.38957,1.38982,1.50,2.25
2011.11.10 10:34:39.050,1.38952,1.38982,1.50,2.25
2011.11.10 10:34:39.490,1.38952,1.38982,1.50,1.50
2011.11.10 10:34:39.852,1.38952,1.38981,1.50,1.35
2011.11.10 10:34:40.225,1.38951,1.38976,2.25,1.50
2011.11.10 10:34:40.664,1.38948,1.38976,1.50,2.25
2011.11.10 10:34:40.900,1.38948,1.38974,1.50,1.50
2011.11.10 10:34:41.020,1.38946,1.38974,1.50,2.25
2011.11.10 10:34:41.840,1.38937,1.38969,1.50,2.25
2011.11.10 10:34:42.653,1.38944,1.38973,1.50,1.50
2011.11.10 10:34:42.894,1.38944,1.38974,1.50,1.50
2011.11.10 10:34:43.019,1.38944,1.38973,1.50,2.10
2011.11.10 10:34:43.370,1.38948,1.38977,1.50,1.50
2011.11.10 10:34:44.366,1.38948,1.38975,1.50,1.13
2011.11.10 10:34:44.613,1.38948,1.38973,1.50,1.50
2011.11.10 10:34:44.979,1.38948,1.38973,1.50,1.50
2011.11.10 10:34:45.338,1.38948,1.38968,1.50,1.50
2011.11.10 10:34:45.681,1.38948,1.38972,1.50,1.50
2011.11.10 10:34:45.797,1.38948,1.38974,1.50,1.50
2011.11.10 10:34:45.917,1.38941,1.38968,1.13,1.50
2011.11.10 10:34:46.308,1.38946,1.38976,1.73,1.50
2011.11.10 10:34:47.034,1.38946,1.38974,1.50,2.10
2011.11.10 10:34:47.821,1.38944,1.38975,1.73,1.50
2011.11.10 10:34:48.169,1.38945,1.38975,1.88,1.50
2011.11.10 10:34:48.293,1.38949,1.38977,1.50,1.50
2011.11.10 10:34:48.421,1.38949,1.38979,1.50,1.88
2011.11.10 10:34:48.541,1.38949,1.3897,1.50,1.50
2011.11.10 10:34:48.666,1.38943,1.38971,1.50,3.75
2011.11.10 10:34:48.794,1.38943,1.38971,1.50,3.00
2011.11.10 10:34:49.040,1.38943,1.3897,1.50,1.50
2011.11.10 10:34:49.656,1.3895,1.38979,1.50,2.25
2011.11.10 10:34:50.021,1.38941,1.38963,1.73,1.35
2011.11.10 10:34:50.138,1.38939,1.38963,1.73,1.35
2011.11.10 10:34:50.367,1.38935,1.38965,1.73,1.50
2011.11.10 10:34:50.486,1.38935,1.38965,1.73,1.50
2011.11.10 10:34:50.940,1.38936,1.38965,1.73,2.25
2011.11.10 10:34:51.182,1.38939,1.38969,1.73,1.50
2011.11.10 10:34:52.254,1.38939,1.38969,3.23,1.50
2011.11.10 10:34:52.619,1.38944,1.38969,1.73,1.50
2011.11.10 10:34:55.203,1.3894,1.38969,1.73,1.50
2011.11.10 10:34:56.040,1.38939,1.38969,1.73,2.25
2011.11.10 10:34:56.283,1.38933,1.38961,1.36,1.50
2011.11.10 10:34:56.411,1.3893,1.38959,2.11,1.50
2011.11.10 10:34:56.771,1.3893,1.38961,2.11,1.50
2011.11.10 10:34:56.890,1.38935,1.38964,1.50,1.50
2011.11.10 10:34:57.007,1.38935,1.38963,1.50,1.50
2011.11.10 10:34:58.279,1.38934,1.38963,1.50,2.25
2011.11.10 10:34:58.641,1.38928,1.38956,1.50,2.25
2011.11.10 10:34:58.762,1.38928,1.38955,1.50,1.50
2011.11.10 10:34:59.008,1.38928,1.38956,1.50,2.25
2011.11.10 10:34:59.248,1.38932,1.38957,1.50,1.50
2011.11.10 10:34:59.371,1.38933,1.3896,1.50,1.50
2011.11.10 10:35:00.152,1.38935,1.38961,1.50,1.50
2011.11.10 10:35:00.284,1.38937,1.38963,2.10,1.50
2011.11.10 10:35:00.413,1.38937,1.38967,2.10,1.50
2011.11.10 10:35:00.792,1.38948,1.38975,1.50,1.50
2011.11.10 10:35:01.168,1.38946,1.38973,1.50,2.25
2011.11.10 10:35:01.982,1.38944,1.38968,1.50,1.35
2011.11.10 10:35:02.111,1.38938,1.38967,1.73,1.35
2011.11.10 10:35:02.473,1.38937,1.38964,1.50,1.50
2011.11.10 10:35:02.605,1.38933,1.38961,1.73,1.50
2011.11.10 10:35:02.733,1.38933,1.38961,1.73,1.50
2011.11.10 10:35:02.986,1.38938,1.38962,1.50,1.50
2011.11.10 10:35:03.229,1.38938,1.38963,1.73,1.50
2011.11.10 10:35:03.470,1.3894,1.3897,1.50,2.25
2011.11.10 10:35:04.275,1.3894,1.38969,2.48,1.50
2011.11.10 10:35:04.818,1.38944,1.38973,1.50,1.50
2011.11.10 10:35:05.185,1.38944,1.38974,1.50,1.50
2011.11.10 10:35:05.845,1.38944,1.38974,1.50,1.50
2011.11.10 10:35:06.091,1.38943,1.38971,1.50,1.50
2011.11.10 10:35:06.584,1.38936,1.38965,1.50,1.50
2011.11.10 10:35:07.615,1.3894,1.38967,1.88,1.50
2011.11.10 10:35:07.745,1.38941,1.38969,1.50,1.50
2011.11.10 10:35:08.328,1.38942,1.38971,1.73,1.50
2011.11.10 10:35:09.080,1.38947,1.38974,1.73,1.50
2011.11.10 10:35:09.211,1.38952,1.3898,1.50,1.50
2011.11.10 10:35:09.552,1.38952,1.38978,1.50,2.25
2011.11.10 10:35:10.432,1.38947,1.38977,1.50,2.25
2011.11.10 10:35:10.559,1.38947,1.38976,1.50,1.50
2011.11.10 10:35:10.805,1.38947,1.38976,1.50,1.50
2011.11.10 10:35:11.419,1.38947,1.38975,1.50,1.50
2011.11.10 10:35:11.758,1.38947,1.38976,1.50,1.50
2011.11.10 10:35:12.206,1.38947,1.38976,1.50,1.50
2011.11.10 10:35:13.242,1.38951,1.38981,1.50,1.50
2011.11.10 10:35:14.153,1.38957,1.38984,1.58,1.50
2011.11.10 10:35:14.290,1.38963,1.38991,1.73,1.50
2011.11.10 10:35:15.208,1.38961,1.38989,1.50,1.50
2011.11.10 10:35:15.794,1.38957,1.38986,1.50,2.25
2011.11.10 10:35:16.040,1.38956,1.38986,1.50,2.25
2011.11.10 10:35:16.498,1.38956,1.38986,1.50,1.50
2011.11.10 10:35:17.100,1.38955,1.38986,1.50,1.50
2011.11.10 10:35:17.340,1.38955,1.38986,1.50,1.50
2011.11.10 10:35:18.143,1.38956,1.38986,1.73,1.50
2011.11.10 10:35:18.269,1.38956,1.38986,2.48,1.50
2011.11.10 10:35:19.577,1.38959,1.38988,1.73,1.50
2011.11.10 10:35:19.809,1.38962,1.3899,1.50,1.50
2011.11.10 10:35:20.172,1.38965,1.38992,2.11,1.50
2011.11.10 10:35:20.892,1.38969,1.38998,1.73,1.50
2011.11.10 10:35:21.589,1.38972,1.39002,1.50,2.25
2011.11.10 10:35:21.818,1.38971,1.39002,1.73,3.00
2011.11.10 10:35:21.939,1.38972,1.39002,1.50,3.00
2011.11.10 10:35:22.276,1.38972,1.39002,1.73,1.50
2011.11.10 10:35:23.488,1.3897,1.38997,1.36,1.50
2011.11.10 10:35:23.828,1.38973,1.38998,1.73,1.50
2011.11.10 10:35:24.860,1.38977,1.39006,1.73,1.50
2011.11.10 10:35:25.577,1.38977,1.39006,1.73,1.50
2011.11.10 10:35:26.162,1.38977,1.39004,1.73,1.50
2011.11.10 10:35:26.284,1.38977,1.39007,1.73,1.50
2011.11.10 10:35:26.536,1.38975,1.39001,2.48,1.50
2011.11.10 10:35:27.032,1.38975,1.39003,1.13,1.50
2011.11.10 10:35:28.195,1.38973,1.39002,1.73,1.50
2011.11.10 10:35:28.324,1.38972,1.39002,2.48,1.50
2011.11.10 10:35:29.239,1.38972,1.39002,2.48,1.50
2011.11.10 10:35:29.686,1.38972,1.39002,2.25,1.50
2011.11.10 10:35:30.036,1.38971,1.39002,1.73,1.50
2011.11.10 10:35:30.558,1.38972,1.39002,1.73,1.50
2011.11.10 10:35:31.659,1.38975,1.39002,1.73,1.50
2011.11.10 10:35:32.527,1.38974,1.39002,1.73,1.50
2011.11.10 10:35:32.760,1.38972,1.39002,1.73,1.50
2011.11.10 10:35:33.543,1.38976,1.39003,1.21,1.50
2011.11.10 10:35:33.676,1.38978,1.39003,1.13,1.50
2011.11.10 10:35:33.806,1.38984,1.39009,1.50,1.50
2011.11.10 10:35:33.935,1.38984,1.39009,1.73,1.50
2011.11.10 10:35:34.058,1.38982,1.39009,1.73,2.25
2011.11.10 10:35:34.303,1.38978,1.39008,2.48,1.50
2011.11.10 10:35:34.915,1.38978,1.39004,1.73,1.50
2011.11.10 10:35:35.794,1.38978,1.39005,1.73,2.25
2011.11.10 10:35:36.164,1.3898,1.39005,1.73,1.50
2011.11.10 10:35:36.290,1.3898,1.3901,1.73,1.50
2011.11.10 10:35:37.008,1.3898,1.3901,1.73,2.25
2011.11.10 10:35:37.571,1.3898,1.39008,1.36,1.88
2011.11.10 10:35:38.149,1.38976,1.39003,2.48,1.50
2011.11.10 10:35:38.396,1.3897,1.39,3.23,2.25
2011.11.10 10:35:38.521,1.3897,1.38999,2.48,1.50
2011.11.10 10:35:38.880,1.38965,1.38994,1.50,1.50
2011.11.10 10:35:39.243,1.38965,1.38992,1.50,1.50
2011.11.10 10:35:39.802,1.38965,1.38992,1.50,2.25
2011.11.10 10:35:40.160,1.38961,1.38989,1.50,1.50
2011.11.10 10:35:40.399,1.38962,1.38989,1.50,1.50
2011.11.10 10:35:40.520,1.38962,1.38987,1.50,1.50
2011.11.10 10:35:40.641,1.38962,1.38983,1.50,1.50
2011.11.10 10:35:40.882,1.38958,1.38983,1.50,1.28
2011.11.10 10:35:41.012,1.38962,1.38985,1.50,1.50
2011.11.10 10:35:41.605,1.38964,1.38991,1.50,1.58
2011.11.10 10:35:41.740,1.38964,1.38995,1.50,2.25
2011.11.10 10:35:41.985,1.38962,1.38993,1.73,1.50
2011.11.10 10:35:42.352,1.38965,1.38993,1.73,1.50
2011.11.10 10:35:42.606,1.38968,1.38999,1.36,1.50
2011.11.10 10:35:42.733,1.38976,1.39004,1.50,2.25
2011.11.10 10:35:42.860,1.38976,1.39002,1.50,1.50
2011.11.10 10:35:42.978,1.38976,1.39002,1.50,1.50
2011.11.10 10:35:43.102,1.38976,1.39002,1.50,1.50
2011.11.10 10:35:43.340,1.38976,1.39003,1.50,1.50
2011.11.10 10:35:43.459,1.38971,1.39002,1.50,1.50
2011.11.10 10:35:44.833,1.38971,1.38997,2.48,1.50
2011.11.10 10:35:45.086,1.38962,1.38993,2.48,1.50
2011.11.10 10:35:45.452,1.38962,1.38993,1.50,1.50
2011.11.10 10:35:45.588,1.38965,1.38992,1.50,1.50
2011.11.10 10:35:45.718,1.38965,1.38997,2.48,2.25
2011.11.10 10:35:46.176,1.38967,1.38997,1.50,1.50
2011.11.10 10:35:46.311,1.38974,1.39002,1.50,1.50
2011.11.10 10:35:46.429,1.38969,1.39001,2.48,2.25
2011.11.10 10:35:47.693,1.38969,1.39,3.23,2.25
2011.11.10 10:35:48.062,1.38964,1.38995,2.48,2.25
2011.11.10 10:35:48.714,1.38964,1.38995,2.48,1.50
2011.11.10 10:35:49.076,1.3897,1.38999,1.50,1.50
2011.11.10 10:35:50.012,1.3897,1.38998,1.50,1.50
2011.11.10 10:35:50.256,1.38976,1.39001,1.13,1.50
2011.11.10 10:35:50.618,1.38969,1.38997,1.50,1.50
2011.11.10 10:35:50.739,1.3897,1.38999,1.50,2.25
2011.11.10 10:35:51.178,1.3897,1.38999,1.50,3.00
2011.11.10 10:35:51.304,1.38969,1.38999,2.48,1.50
2011.11.10 10:35:53.161,1.38969,1.39001,2.48,3.75
2011.11.10 10:35:53.507,1.3897,1.38999,1.73,1.50
2011.11.10 10:35:54.176,1.3897,1.38999,1.73,1.50
2011.11.10 10:35:54.839,1.38969,1.38999,2.48,1.50
2011.11.10 10:35:55.615,1.3897,1.39,2.20,1.50
2011.11.10 10:35:56.728,1.3897,1.38999,1.73,1.50
2011.11.10 10:35:57.290,1.38969,1.38999,1.73,1.50
2011.11.10 10:35:57.739,1.38969,1.38999,1.73,1.50
2011.11.10 10:35:58.083,1.38967,1.38992,1.73,2.10
2011.11.10 10:35:58.573,1.38963,1.38991,1.50,1.50
2011.11.10 10:35:58.709,1.38962,1.38992,1.73,2.85
2011.11.10 10:35:58.828,1.38964,1.38992,1.50,2.85
2011.11.10 10:36:00.634,1.38964,1.38992,1.50,2.85
2011.11.10 10:36:01.353,1.38962,1.38987,1.50,1.50
2011.11.10 10:36:01.598,1.38958,1.38986,1.50,1.50
2011.11.10 10:36:02.320,1.38962,1.38988,1.50,1.50
2011.11.10 10:36:02.452,1.38963,1.38988,1.50,1.50
2011.11.10 10:36:04.349,1.38963,1.3899,1.50,1.50
2011.11.10 10:36:04.712,1.38968,1.38993,1.50,1.50
2011.11.10 10:36:05.341,1.38968,1.38997,1.50,2.25
2011.11.10 10:36:05.463,1.38968,1.38998,1.50,3.75
2011.11.10 10:36:07.100,1.38968,1.38998,1.50,2.25
2011.11.10 10:36:07.780,1.38968,1.38998,1.50,1.50
2011.11.10 10:36:08.129,1.38968,1.38998,1.50,2.25
2011.11.10 10:36:12.066,1.38968,1.38996,1.50,1.50
2011.11.10 10:36:12.193,1.38962,1.38991,2.25,1.50
2011.11.10 10:36:12.997,1.38962,1.38991,2.25,1.50
2011.11.10 10:36:14.198,1.38961,1.38988,1.50,1.50
2011.11.10 10:36:14.736,1.38958,1.38987,1.50,1.50
2011.11.10 10:36:15.559,1.38958,1.38988,1.50,1.50
2011.11.10 10:36:15.790,1.38954,1.38982,1.73,1.50
2011.11.10 10:36:18.357,1.38954,1.38982,1.50,2.25
2011.11.10 10:36:19.136,1.38954,1.38982,1.50,2.25
2011.11.10 10:36:20.196,1.38954,1.38982,1.50,2.25
2011.11.10 10:36:20.551,1.38954,1.38982,1.50,1.50
2011.11.10 10:36:20.793,1.38954,1.38982,1.50,2.25
2011.11.10 10:36:21.027,1.38954,1.38982,1.50,2.25
2011.11.10 10:36:21.367,1.38954,1.38979,1.50,1.50
2011.11.10 10:36:22.258,1.38952,1.38978,2.25,1.50
2011.11.10 10:36:23.087,1.38953,1.3898,1.50,1.50
2011.11.10 10:36:23.645,1.38953,1.3898,1.50,1.50
2011.11.10 10:36:30.408,1.38953,1.38981,1.50,1.50
2011.11.10 10:36:30.798,1.38947,1.38979,1.73,1.50
2011.11.10 10:36:31.165,1.38945,1.38964,1.50,1.50
2011.11.10 10:36:31.537,1.38939,1.38964,1.13,2.25
2011.11.10 10:36:31.663,1.38939,1.38965,1.13,1.50
2011.11.10 10:36:32.352,1.3894,1.38967,1.88,2.10
2011.11.10 10:36:32.478,1.38947,1.38972,1.50,1.35
2011.11.10 10:36:32.709,1.38947,1.38975,1.50,1.35
2011.11.10 10:36:33.047,1.38952,1.38979,1.50,1.50
2011.11.10 10:36:33.287,1.38958,1.38984,1.50,1.50
2011.11.10 10:36:33.860,1.38954,1.38982,1.73,1.50
2011.11.10 10:36:33.977,1.38952,1.38982,2.25,1.50
2011.11.10 10:36:34.223,1.38955,1.38981,1.50,1.50
2011.11.10 10:36:35.056,1.38955,1.38982,1.50,1.50
2011.11.10 10:36:35.302,1.38946,1.38976,2.48,1.50
2011.11.10 10:36:38.493,1.38946,1.38976,1.50,1.50
2011.11.10 10:36:38.740,1.38949,1.38978,1.50,2.25
2011.11.10 10:36:42.872,1.38952,1.38978,1.50,2.25
2011.11.10 10:36:42.994,1.38956,1.38982,1.50,1.50
2011.11.10 10:36:44.498,1.38957,1.38985,1.50,1.50
2011.11.10 10:36:46.131,1.38952,1.38983,2.48,1.50
2011.11.10 10:36:46.370,1.38952,1.38982,2.48,1.50
2011.11.10 10:36:46.938,1.38952,1.38983,1.50,1.50
2011.11.10 10:36:47.555,1.38958,1.38985,1.50,1.50
2011.11.10 10:36:47.690,1.38952,1.38982,1.50,1.50
2011.11.10 10:36:48.381,1.38952,1.38982,1.50,1.50
2011.11.10 10:36:48.502,1.38952,1.38982,1.50,1.50
2011.11.10 10:36:50.150,1.38952,1.38984,3.23,1.50
2011.11.10 10:36:50.266,1.38957,1.38985,1.50,1.50
2011.11.10 10:36:51.214,1.38957,1.38987,1.50,3.00
2011.11.10 10:36:54.793,1.38951,1.38977,1.73,1.50
2011.11.10 10:36:54.923,1.38949,1.38977,1.50,1.50
2011.11.10 10:36:56.187,1.38949,1.38973,1.50,1.50
2011.11.10 10:36:56.859,1.38947,1.38973,1.50,1.50
2011.11.10 10:36:58.778,1.38949,1.38973,1.50,1.50
2011.11.10 10:36:59.009,1.38949,1.38977,1.50,1.50
2011.11.10 10:36:59.518,1.38949,1.38975,1.50,1.50
2011.11.10 10:36:59.639,1.38944,1.38974,1.50,2.25
2011.11.10 10:36:59.867,1.38944,1.38974,1.50,3.00
2011.11.10 10:37:01.857,1.38943,1.38972,1.50,1.50
2011.11.10 10:37:02.461,1.38947,1.38974,2.25,1.50
2011.11.10 10:37:04.098,1.38947,1.38974,2.25,1.50
2011.11.10 10:37:04.339,1.38947,1.38971,1.50,2.25
2011.11.10 10:37:04.572,1.38941,1.38971,1.50,3.00
2011.11.10 10:37:05.128,1.38941,1.38969,1.50,1.50
2011.11.10 10:37:09.052,1.38944,1.38971,2.25,2.25
2011.11.10 10:37:09.176,1.38946,1.38973,1.50,1.13
2011.11.10 10:37:09.419,1.38946,1.38973,1.50,1.50
2011.11.10 10:37:09.538,1.38946,1.38973,1.50,1.50
2011.11.10 10:37:09.769,1.38946,1.38973,1.50,2.25
2011.11.10 10:37:11.110,1.38952,1.38974,1.13,1.50
2011.11.10 10:37:11.464,1.38955,1.38978,1.36,4.50
2011.11.10 10:37:11.592,1.38955,1.38982,2.11,1.71
2011.11.10 10:37:11.711,1.38956,1.38986,1.73,3.00
2011.11.10 10:37:11.837,1.38959,1.38986,1.50,1.50
2011.11.10 10:37:12.178,1.38961,1.38991,1.50,1.65
2011.11.10 10:37:13.287,1.38959,1.38987,1.73,1.50
2011.11.10 10:37:13.516,1.38957,1.38987,2.48,1.50
2011.11.10 10:37:13.877,1.38956,1.38986,1.50,1.50
2011.11.10 10:37:14.119,1.38956,1.38987,2.25,1.50
2011.11.10 10:37:15.551,1.38971,1.38989,1.50,1.50
2011.11.10 10:37:15.791,1.38964,1.3899,2.25,1.50
2011.11.10 10:37:16.350,1.38965,1.38996,1.73,1.50
2011.11.10 10:37:16.590,1.38966,1.38996,1.73,1.50
2011.11.10 10:37:16.830,1.38971,1.39,1.50,1.50
2011.11.10 10:37:16.951,1.38972,1.39,1.50,1.50
2011.11.10 10:37:17.191,1.38972,1.39,1.50,1.50
2011.11.10 10:37:18.872,1.38971,1.39,1.50,1.50
2011.11.10 10:37:18.994,1.38967,1.38995,2.48,1.50
2011.11.10 10:37:19.471,1.3897,1.38996,1.50,1.50
2011.11.10 10:37:19.817,1.38971,1.38999,1.50,2.10
2011.11.10 10:37:20.347,1.38971,1.38999,1.50,1.50
2011.11.10 10:37:20.708,1.3897,1.38999,2.25,2.25
2011.11.10 10:37:21.222,1.38967,1.38997,2.25,1.50
2011.11.10 10:37:22.443,1.38971,1.38998,1.50,1.50
2011.11.10 10:37:24.401,1.38971,1.38998,1.50,1.50
2011.11.10 10:37:24.644,1.38964,1.38996,1.50,1.50
2011.11.10 10:37:25.124,1.38963,1.38994,1.50,1.50
2011.11.10 10:37:26.183,1.3896,1.38988,2.11,1.50
2011.11.10 10:37:26.310,1.3896,1.38988,1.13,1.50
2011.11.10 10:37:26.429,1.3896,1.3899,1.88,3.00
2011.11.10 10:37:26.552,1.38963,1.38991,1.50,1.50
2011.11.10 10:37:27.440,1.38964,1.38993,1.50,1.50
2011.11.10 10:37:28.119,1.38965,1.38994,1.73,1.50
2011.11.10 10:37:28.359,1.38969,1.38998,1.50,1.50
2011.11.10 10:37:28.920,1.38969,1.38994,1.50,1.58
2011.11.10 10:37:29.268,1.38966,1.38991,1.50,1.50
2011.11.10 10:37:29.497,1.38968,1.38996,1.50,1.50
2011.11.10 10:37:30.881,1.3897,1.38998,1.50,2.25
2011.11.10 10:37:31.006,1.38971,1.38998,1.50,1.50
2011.11.10 10:37:31.131,1.3897,1.38998,2.25,2.25
2011.11.10 10:37:31.479,1.3897,1.38998,1.50,2.25
2011.11.10 10:37:32.427,1.3897,1.38996,1.50,1.50
2011.11.10 10:37:32.658,1.38965,1.38996,1.73,3.00
2011.11.10 10:37:33.798,1.38965,1.38996,1.50,2.25
2011.11.10 10:37:34.039,1.38966,1.38995,1.50,1.50
2011.11.10 10:37:34.874,1.38966,1.38995,1.50,1.50
2011.11.10 10:37:35.697,1.38971,1.38995,1.50,2.25
2011.11.10 10:37:36.308,1.38969,1.38998,1.50,2.25
2011.11.10 10:37:36.552,1.38963,1.38991,1.50,1.35
2011.11.10 10:37:36.673,1.38963,1.3899,1.50,1.50
2011.11.10 10:37:37.351,1.3896,1.3899,1.50,1.50
2011.11.10 10:37:37.470,1.3896,1.3899,1.50,1.50
2011.11.10 10:37:37.596,1.38958,1.38987,1.73,2.25
2011.11.10 10:37:37.838,1.38956,1.38987,1.73,1.50
2011.11.10 10:37:38.071,1.38959,1.38991,1.50,2.25
2011.11.10 10:37:38.418,1.38964,1.38991,1.50,1.50
2011.11.10 10:37:38.662,1.38965,1.38995,1.73,1.50
2011.11.10 10:37:38.785,1.38967,1.38998,1.50,2.09
2011.11.10 10:37:39.211,1.38968,1.38999,1.50,1.50
2011.11.10 10:37:39.687,1.38969,1.39,2.25,2.25
2011.11.10 10:37:39.813,1.38963,1.38992,1.73,1.50
2011.11.10 10:37:40.302,1.3896,1.38984,1.50,1.50
2011.11.10 10:37:40.912,1.38957,1.38985,1.50,1.50
2011.11.10 10:37:41.529,1.38959,1.38987,1.50,1.50
2011.11.10 10:37:42.221,1.38959,1.38987,1.50,1.50
2011.11.10 10:37:42.719,1.3896,1.38987,1.73,1.50
2011.11.10 10:37:44.438,1.38957,1.38987,1.73,1.50
2011.11.10 10:37:45.214,1.38957,1.38987,1.50,2.25
2011.11.10 10:37:45.896,1.38957,1.38987,1.50,2.25
2011.11.10 10:37:47.227,1.38956,1.38985,1.50,1.50
2011.11.10 10:37:47.632,1.3895,1.3898,1.73,1.50
2011.11.10 10:37:48.373,1.38947,1.38975,1.50,1.50
2011.11.10 10:37:48.499,1.38944,1.38975,2.25,2.63
2011.11.10 10:37:48.616,1.38947,1.38975,1.50,1.88
2011.11.10 10:37:49.216,1.38956,1.3898,1.50,1.71
2011.11.10 10:37:49.345,1.38956,1.38986,2.25,3.00
2011.11.10 10:37:49.477,1.38956,1.38981,1.50,1.35
2011.11.10 10:37:49.842,1.38956,1.38978,1.50,1.73
2011.11.10 10:37:50.479,1.38944,1.38975,1.73,2.09
2011.11.10 10:37:50.613,1.38948,1.38976,1.50,1.34
2011.11.10 10:37:50.744,1.38947,1.38976,1.50,2.09
2011.11.10 10:37:51.351,1.38945,1.38975,1.50,1.50
2011.11.10 10:37:51.580,1.38943,1.38974,1.50,2.25
2011.11.10 10:37:52.521,1.3894,1.38971,2.48,1.50
2011.11.10 10:37:53.341,1.38939,1.3897,2.25,1.50
2011.11.10 10:37:53.569,1.38946,1.38974,1.50,1.50
2011.11.10 10:37:53.931,1.38946,1.38976,1.50,1.50
2011.11.10 10:37:54.294,1.38944,1.38971,1.13,1.50
2011.11.10 10:37:54.921,1.38945,1.38976,2.48,1.50
2011.11.10 10:37:55.949,1.38945,1.38976,2.48,1.50
2011.11.10 10:37:57.657,1.38945,1.38975,1.50,1.50
2011.11.10 10:37:58.587,1.38945,1.38975,1.50,1.50
2011.11.10 10:37:58.945,1.38944,1.38973,1.50,1.50
2011.11.10 10:37:59.187,1.38939,1.38965,1.88,1.50
2011.11.10 10:37:59.428,1.38934,1.38964,2.48,1.50
2011.11.10 10:37:59.548,1.38934,1.3896,1.73,1.50
2011.11.10 10:38:01.349,1.38932,1.3896,1.73,1.50
2011.11.10 10:38:01.593,1.38937,1.38967,1.50,1.50
2011.11.10 10:38:01.829,1.38942,1.38971,1.50,1.50
2011.11.10 10:38:01.949,1.38942,1.38973,1.50,2.25
2011.11.10 10:38:02.543,1.38942,1.38972,1.50,1.88
2011.11.10 10:38:03.304,1.38949,1.38972,1.35,1.13
2011.11.10 10:38:03.676,1.38954,1.38982,1.50,1.50
2011.11.10 10:38:03.801,1.38954,1.38983,1.50,1.50
2011.11.10 10:38:04.699,1.38954,1.38982,1.50,2.25
2011.11.10 10:38:06.008,1.38954,1.38985,1.50,3.23
2011.11.10 10:38:06.253,1.38954,1.38982,1.50,1.50
2011.11.10 10:38:06.384,1.38954,1.38985,2.48,2.10
2011.11.10 10:38:06.631,1.38954,1.38983,1.50,1.50
2011.11.10 10:38:07.700,1.38949,1.38971,1.73,1.50
2011.11.10 10:38:08.322,1.38943,1.3897,1.50,1.50
2011.11.10 10:38:08.454,1.38935,1.38967,2.48,1.50
2011.11.10 10:38:09.791,1.38935,1.38967,2.48,1.50
2011.11.10 10:38:09.912,1.3894,1.38971,1.50,3.00
2011.11.10 10:38:11.682,1.3894,1.38971,1.50,1.50
2011.11.10 10:38:12.045,1.3894,1.38969,1.50,2.25
2011.11.10 10:38:12.169,1.3894,1.38971,1.50,1.50
2011.11.10 10:38:13.342,1.3894,1.3897,1.50,1.13
2011.11.10 10:38:13.889,1.38939,1.38968,1.50,1.34
2011.11.10 10:38:14.018,1.38936,1.38964,1.50,1.50
2011.11.10 10:38:14.717,1.38934,1.38964,1.73,1.50
2011.11.10 10:38:15.182,1.38933,1.38963,1.73,1.50
2011.11.10 10:38:15.548,1.38931,1.38959,2.48,1.50
2011.11.10 10:38:16.779,1.38928,1.38959,1.73,1.50
2011.11.10 10:38:17.590,1.38928,1.38954,1.50,1.35
2011.11.10 10:38:18.219,1.38925,1.38952,1.73,1.50
2011.11.10 10:38:18.569,1.38936,1.38964,2.10,3.21
2011.11.10 10:38:18.804,1.38936,1.38966,1.73,1.50
2011.11.10 10:38:19.169,1.38941,1.38966,1.73,1.50
2011.11.10 10:38:19.397,1.38941,1.38969,1.73,1.50
2011.11.10 10:38:20.919,1.38944,1.38969,1.73,1.50
2011.11.10 10:38:21.047,1.38943,1.38964,1.50,4.50
2011.11.10 10:38:21.302,1.38929,1.38954,1.73,1.50
2011.11.10 10:38:21.543,1.38933,1.38964,1.73,1.50
2011.11.10 10:38:21.909,1.38933,1.38964,1.73,1.50
2011.11.10 10:38:22.359,1.38933,1.38964,1.73,2.25
2011.11.10 10:38:23.207,1.38933,1.38964,1.73,1.50
2011.11.10 10:38:24.668,1.38933,1.38963,1.73,1.50
2011.11.10 10:38:25.158,1.38933,1.38963,1.73,2.25
2011.11.10 10:38:25.531,1.38928,1.3895,1.73,1.50
2011.11.10 10:38:25.768,1.38928,1.38953,1.50,1.50
2011.11.10 10:38:25.889,1.38917,1.38949,1.73,1.50
2011.11.10 10:38:26.448,1.38918,1.38949,1.73,1.50
2011.11.10 10:38:27.542,1.38923,1.38953,1.50,1.50
2011.11.10 10:38:30.765,1.38923,1.38953,1.73,1.50
2011.11.10 10:38:32.138,1.38923,1.38953,1.73,1.50
2011.11.10 10:38:34.709,1.38928,1.38959,1.88,2.25
2011.11.10 10:38:35.054,1.38928,1.38957,1.50,2.25
2011.11.10 10:38:35.302,1.38926,1.38954,1.73,1.50
2011.11.10 10:38:35.430,1.38927,1.38957,1.73,1.50
2011.11.10 10:38:35.788,1.38927,1.38957,1.73,1.50
2011.11.10 10:38:36.638,1.38927,1.38957,1.73,2.25
2011.11.10 10:38:37.328,1.38923,1.38953,1.50,2.25
2011.11.10 10:38:38.237,1.38923,1.38951,1.50,2.25
2011.11.10 10:38:38.817,1.38923,1.38951,1.50,1.50
2011.11.10 10:38:38.936,1.38923,1.38954,1.73,1.50
2011.11.10 10:38:40.863,1.38923,1.38953,1.50,1.50
2011.11.10 10:38:41.990,1.38923,1.38952,1.50,1.50
2011.11.10 10:38:44.300,1.38923,1.38954,1.73,1.50
2011.11.10 10:38:44.989,1.38926,1.38954,1.73,1.50
2011.11.10 10:38:45.106,1.38928,1.38959,1.50,3.00
2011.11.10 10:38:47.378,1.38928,1.38956,1.50,1.50
2011.11.10 10:38:47.995,1.38928,1.38959,1.50,3.00
2011.11.10 10:38:48.362,1.38929,1.38959,1.50,1.50
2011.11.10 10:38:48.947,1.38928,1.38959,1.50,1.50
2011.11.10 10:38:49.488,1.38929,1.38959,1.73,1.50
2011.11.10 10:38:50.069,1.38928,1.38956,1.73,1.50
2011.11.10 10:38:51.027,1.38926,1.38955,1.73,1.50
2011.11.10 10:38:54.597,1.38923,1.38954,1.73,1.50
2011.11.10 10:38:55.297,1.38922,1.38952,1.73,1.50
2011.11.10 10:38:56.902,1.38922,1.38952,1.73,1.50
2011.11.10 10:38:57.270,1.3892,1.38948,1.73,1.50
2011.11.10 10:39:03.521,1.38918,1.38948,1.73,1.50
2011.11.10 10:39:03.750,1.38917,1.38947,1.50,1.50
2011.11.10 10:39:04.327,1.38917,1.38948,1.50,3.00
2011.11.10 10:39:05.369,1.38918,1.38948,1.13,1.50
2011.11.10 10:39:05.610,1.38917,1.38948,1.73,1.50
2011.11.10 10:39:09.270,1.38917,1.38948,2.48,1.50
2011.11.10 10:39:11.152,1.38926,1.3895,1.13,2.10
2011.11.10 10:39:11.697,1.38918,1.3895,2.48,1.50
2011.11.10 10:39:12.059,1.38929,1.38949,1.35,1.58
2011.11.10 10:39:12.425,1.3893,1.38949,2.11,1.58
2011.11.10 10:39:12.552,1.3893,1.38949,1.73,1.58
2011.11.10 10:39:13.401,1.38932,1.38962,1.73,1.50
2011.11.10 10:39:13.845,1.38932,1.3896,1.73,1.50
2011.11.10 10:39:14.302,1.38933,1.38963,1.73,2.10
2011.11.10 10:39:14.547,1.38933,1.3896,1.73,1.50
2011.11.10 10:39:14.901,1.38932,1.3896,2.48,1.50
2011.11.10 10:39:15.144,1.38932,1.3896,1.50,1.50
2011.11.10 10:39:15.504,1.38933,1.3896,1.73,1.50
2011.11.10 10:39:16.240,1.38932,1.3896,1.50,1.50
2011.11.10 10:39:16.357,1.38931,1.3896,1.50,1.50
2011.11.10 10:39:17.748,1.38932,1.3896,1.50,2.25
2011.11.10 10:39:18.329,1.38931,1.38957,1.73,1.50
2011.11.10 10:39:18.781,1.38931,1.38962,2.11,2.25
2011.11.10 10:39:18.900,1.38932,1.38962,1.73,2.25
2011.11.10 10:39:19.619,1.38935,1.38962,1.73,1.50
2011.11.10 10:39:20.180,1.38935,1.38962,1.73,1.50
2011.11.10 10:39:20.422,1.38935,1.38962,1.73,1.50
2011.11.10 10:39:20.782,1.38932,1.3896,1.73,1.50
2011.11.10 10:39:21.010,1.38932,1.3896,1.73,2.25
2011.11.10 10:39:21.740,1.38946,1.38963,1.35,1.58
2011.11.10 10:39:21.874,1.38944,1.38972,1.73,1.50
2011.11.10 10:39:22.005,1.38946,1.38977,1.73,2.25
2011.11.10 10:39:22.134,1.3895,1.38979,1.50,1.50
2011.11.10 10:39:22.265,1.38951,1.38981,2.25,1.50
2011.11.10 10:39:22.395,1.38956,1.38984,1.50,1.50
2011.11.10 10:39:22.527,1.38951,1.38981,1.73,1.50
2011.11.10 10:39:23.453,1.38947,1.38974,1.50,1.50
2011.11.10 10:39:23.591,1.38943,1.38974,1.50,2.25
2011.11.10 10:39:23.834,1.38941,1.38973,1.73,1.50
2011.11.10 10:39:24.203,1.38943,1.38973,1.50,2.25
2011.11.10 10:39:24.329,1.38943,1.38974,1.50,1.50
2011.11.10 10:39:24.930,1.38943,1.38974,1.50,1.50
2011.11.10 10:39:25.742,1.38943,1.38974,2.25,1.50
2011.11.10 10:39:26.708,1.38943,1.38973,2.48,1.50
2011.11.10 10:39:27.316,1.38943,1.38973,1.73,1.50
2011.11.10 10:39:28.375,1.38946,1.38974,1.50,1.50
2011.11.10 10:39:28.745,1.38946,1.38976,1.50,1.50
2011.11.10 10:39:29.341,1.38946,1.38976,1.73,2.33
2011.11.10 10:39:29.690,1.38946,1.38976,1.50,2.25
2011.11.10 10:39:29.816,1.38946,1.38976,1.50,2.25
2011.11.10 10:39:29.938,1.38946,1.38976,1.50,1.50
2011.11.10 10:39:30.365,1.38945,1.38975,1.50,1.50
2011.11.10 10:39:30.505,1.38941,1.38971,2.25,1.50
2011.11.10 10:39:33.356,1.38941,1.38973,2.25,2.25
2011.11.10 10:39:33.600,1.38956,1.3898,2.25,1.50
2011.11.10 10:39:34.126,1.38957,1.38987,1.50,1.50
2011.11.10 10:39:34.255,1.38957,1.38987,1.50,1.50
2011.11.10 10:39:34.828,1.38956,1.38983,1.50,2.25
2011.11.10 10:39:36.372,1.38952,1.38979,2.48,1.50
2011.11.10 10:39:37.220,1.38953,1.38982,1.50,1.50
2011.11.10 10:39:37.807,1.38954,1.38982,1.50,1.50
2011.11.10 10:39:39.179,1.38954,1.38982,1.50,1.50
2011.11.10 10:39:41.716,1.38954,1.38982,1.50,1.50
2011.11.10 10:39:43.166,1.38954,1.38983,1.50,1.50
2011.11.10 10:39:43.767,1.38954,1.38981,1.50,1.35
2011.11.10 10:39:44.438,1.38956,1.38982,1.35,1.50
2011.11.10 10:39:44.679,1.38957,1.38985,1.35,2.25
2011.11.10 10:39:45.439,1.38958,1.38983,1.35,1.50
2011.11.10 10:39:45.799,1.38964,1.38992,1.50,1.50
2011.11.10 10:39:50.879,1.38961,1.38988,2.48,1.50
2011.11.10 10:39:51.478,1.38959,1.38989,1.73,1.50
2011.11.10 10:39:51.957,1.38959,1.38987,1.73,1.50
2011.11.10 10:39:52.197,1.38956,1.38983,1.50,1.50
2011.11.10 10:39:52.317,1.38953,1.38981,1.50,1.50
2011.11.10 10:39:53.612,1.38953,1.38983,1.50,2.25
2011.11.10 10:39:54.489,1.38956,1.38983,1.50,1.50
2011.11.10 10:39:55.058,1.38956,1.38983,1.50,3.00
2011.11.10 10:39:55.659,1.38953,1.38981,1.50,2.25
2011.11.10 10:39:56.010,1.38946,1.38977,1.50,1.13
2011.11.10 10:39:56.568,1.38952,1.3898,1.50,2.48
2011.11.10 10:39:57.140,1.38947,1.38976,1.73,1.50
2011.11.10 10:39:58.356,1.38946,1.38976,2.48,1.50
2011.11.10 10:39:58.960,1.38947,1.38977,1.36,1.50
2011.11.10 10:39:59.199,1.38949,1.38977,1.73,2.25
2011.11.10 10:40:00.322,1.38947,1.38977,1.73,1.50
2011.11.10 10:40:01.489,1.38947,1.38977,1.73,1.50
2011.11.10 10:40:01.849,1.38946,1.38976,1.50,2.63
2011.11.10 10:40:02.218,1.38946,1.38976,2.48,1.13
2011.11.10 10:40:05.827,1.38946,1.38976,2.48,1.50
2011.11.10 10:40:06.070,1.38946,1.38975,1.50,1.50
2011.11.10 10:40:06.420,1.38947,1.38975,1.73,1.50
2011.11.10 10:40:06.646,1.38947,1.38977,1.73,1.88
2011.11.10 10:40:06.991,1.38947,1.38975,1.73,1.50
2011.11.10 10:40:08.297,1.38946,1.38973,1.73,1.50
2011.11.10 10:40:09.117,1.38941,1.38972,2.11,1.50
2011.11.10 10:40:10.767,1.38947,1.38972,1.88,1.50
2011.11.10 10:40:11.539,1.38947,1.38966,1.13,1.35
2011.11.10 10:40:11.669,1.38942,1.38964,1.13,2.25
2011.11.10 10:40:12.044,1.38943,1.3897,1.50,1.50
2011.11.10 10:40:12.160,1.38942,1.3897,1.88,2.25
2011.11.10 10:40:12.869,1.38943,1.3897,1.50,1.50
2011.11.10 10:40:12.991,1.38943,1.38962,1.50,2.10
2011.11.10 10:40:13.237,1.38936,1.38959,1.50,3.00
2011.11.10 10:40:13.362,1.38936,1.38965,1.50,1.88
2011.11.10 10:40:13.479,1.3894,1.38969,1.50,1.54
2011.11.10 10:40:13.606,1.38944,1.38973,1.50,1.09
2011.11.10 10:40:14.117,1.38943,1.3897,1.50,1.50
2011.11.10 10:40:14.475,1.38948,1.38974,1.50,1.50
2011.11.10 10:40:14.724,1.3895,1.38978,1.73,1.50
2011.11.10 10:40:15.207,1.3895,1.38978,1.73,1.50
2011.11.10 10:40:15.563,1.38954,1.38984,1.73,1.50
2011.11.10 10:40:15.692,1.38956,1.38986,1.96,1.50
2011.11.10 10:40:16.482,1.38958,1.38984,1.73,1.50
2011.11.10 10:40:16.598,1.38956,1.38984,1.13,1.50
2011.11.10 10:40:17.080,1.38954,1.38984,1.73,1.50
2011.11.10 10:40:17.309,1.38954,1.38984,1.73,1.50
2011.11.10 10:40:17.432,1.38953,1.3898,1.73,1.50
2011.11.10 10:40:17.559,1.38952,1.3898,1.73,2.25
2011.11.10 10:40:19.130,1.38955,1.38984,1.73,1.50
2011.11.10 10:40:19.469,1.38956,1.38985,1.73,1.50
2011.11.10 10:40:20.559,1.38956,1.38985,1.73,1.50
2011.11.10 10:40:20.898,1.38959,1.3899,1.50,2.25
2011.11.10 10:40:21.127,1.38959,1.38989,1.50,1.50
2011.11.10 10:40:21.253,1.38956,1.38983,1.73,1.50
2011.11.10 10:40:21.743,1.38952,1.38983,2.48,2.10
2011.11.10 10:40:22.230,1.38952,1.3898,1.50,1.88
2011.11.10 10:40:22.363,1.38945,1.38976,1.73,2.25
2011.11.10 10:40:22.951,1.38945,1.38975,1.73,1.50
2011.11.10 10:40:23.069,1.38945,1.38972,1.73,1.50
2011.11.10 10:40:23.304,1.38939,1.3897,1.50,1.50
2011.11.10 10:40:23.432,1.38939,1.38968,1.50,1.13
2011.11.10 10:40:23.548,1.38935,1.38963,1.73,1.50
2011.11.10 10:40:23.674,1.38935,1.38963,1.73,1.50
2011.11.10 10:40:24.840,1.38933,1.38963,1.73,1.50
2011.11.10 10:40:25.433,1.38938,1.38963,1.13,1.50
2011.11.10 10:40:25.803,1.38936,1.38963,2.11,1.50
2011.11.10 10:40:25.929,1.3894,1.38968,1.13,1.50
2011.11.10 10:40:26.160,1.38942,1.38968,2.11,1.50
2011.11.10 10:40:26.280,1.38942,1.38972,2.86,1.13
2011.11.10 10:40:26.919,1.38942,1.38973,1.50,1.50
2011.11.10 10:40:27.051,1.38938,1.38969,2.11,1.50
2011.11.10 10:40:27.175,1.38938,1.38969,2.11,2.25
2011.11.10 10:40:27.303,1.38944,1.38969,1.13,2.25
2011.11.10 10:40:27.434,1.38944,1.38971,1.36,1.50
2011.11.10 10:40:27.669,1.38945,1.38972,1.73,1.50
2011.11.10 10:40:28.010,1.38945,1.38972,2.11,1.50
2011.11.10 10:40:28.687,1.38951,1.38974,1.13,1.50
2011.11.10 10:40:30.505,1.38946,1.38973,1.73,1.50
2011.11.10 10:40:31.104,1.38944,1.38973,1.73,1.50
2011.11.10 10:40:32.561,1.38943,1.38969,1.73,1.50
2011.11.10 10:40:33.343,1.3894,1.38969,1.73,1.50
2011.11.10 10:40:33.738,1.3894,1.38969,1.73,1.50
2011.11.10 10:40:34.325,1.3894,1.38969,2.11,1.50
2011.11.10 10:40:34.917,1.3894,1.38969,1.73,2.25
2011.11.10 10:40:35.163,1.38938,1.38967,2.11,1.50
2011.11.10 10:40:35.412,1.38938,1.38965,1.73,1.35
2011.11.10 10:40:36.066,1.38933,1.38963,2.48,1.50
2011.11.10 10:40:36.641,1.38934,1.38963,1.73,1.50
2011.11.10 10:40:36.986,1.38934,1.38963,2.11,1.50
2011.11.10 10:40:38.351,1.3894,1.38968,1.73,1.50
2011.11.10 10:40:38.709,1.38945,1.38972,1.50,1.50
2011.11.10 10:40:39.237,1.38945,1.38972,1.73,1.50
2011.11.10 10:40:39.468,1.38945,1.38972,1.73,1.50
2011.11.10 10:40:39.829,1.3895,1.38972,1.73,1.50
2011.11.10 10:40:40.554,1.38946,1.38972,1.73,1.50
2011.11.10 10:40:41.398,1.38946,1.38972,1.73,1.50
2011.11.10 10:40:42.005,1.3895,1.38973,1.73,1.50
2011.11.10 10:40:42.130,1.38945,1.38973,1.73,1.50
2011.11.10 10:40:43.415,1.38945,1.38973,1.73,2.25
2011.11.10 10:40:43.986,1.38945,1.38973,1.73,1.50
2011.11.10 10:40:44.450,1.38943,1.38972,1.50,1.50
2011.11.10 10:40:44.997,1.38943,1.38974,1.50,2.85
2011.11.10 10:40:45.361,1.38948,1.38976,1.50,1.50
2011.11.10 10:40:45.964,1.38948,1.38975,1.50,1.50
2011.11.10 10:40:46.451,1.38946,1.38975,2.25,1.50
2011.11.10 10:40:47.047,1.38949,1.38978,1.73,2.10
2011.11.10 10:40:47.618,1.38948,1.38978,1.73,1.50
2011.11.10 10:40:47.982,1.38936,1.38965,1.50,1.50
2011.11.10 10:40:48.104,1.38936,1.38966,1.50,1.13
2011.11.10 10:40:48.234,1.38938,1.38966,1.73,1.88
2011.11.10 10:40:49.193,1.38935,1.38963,1.73,1.50
2011.11.10 10:40:50.493,1.38935,1.38963,1.73,1.50
2011.11.10 10:40:50.620,1.38934,1.38963,1.73,2.25
2011.11.10 10:40:50.741,1.38937,1.38963,1.73,1.50
2011.11.10 10:40:50.859,1.38938,1.38965,1.13,1.13
2011.11.10 10:40:50.979,1.38942,1.38966,2.10,1.50
2011.11.10 10:40:51.104,1.3895,1.38977,1.50,1.50
2011.11.10 10:40:51.232,1.38948,1.38973,1.73,1.50
2011.11.10 10:40:51.761,1.38942,1.38971,1.73,1.50
2011.11.10 10:40:52.209,1.38942,1.3897,1.73,2.25
2011.11.10 10:40:52.557,1.38939,1.38965,1.73,1.50
2011.11.10 10:40:53.103,1.38941,1.3897,1.73,1.50
2011.11.10 10:40:53.352,1.38936,1.38965,1.73,1.50
2011.11.10 10:40:53.491,1.38935,1.38955,1.73,2.10
2011.11.10 10:40:53.616,1.38928,1.38953,1.67,1.35
2011.11.10 10:40:53.747,1.38923,1.38954,2.97,1.50
2011.11.10 10:40:54.856,1.38923,1.38953,2.25,1.50
2011.11.10 10:40:54.984,1.38931,1.38957,1.88,1.13
2011.11.10 10:40:55.118,1.38936,1.38962,1.73,1.34
2011.11.10 10:40:55.253,1.38936,1.38963,2.48,1.50
2011.11.10 10:40:55.386,1.38938,1.38966,1.36,1.50
2011.11.10 10:40:55.756,1.38938,1.38962,1.36,4.50
2011.11.10 10:40:56.318,1.3894,1.38961,1.50,1.50
2011.11.10 10:40:56.455,1.38928,1.38958,2.48,1.50
2011.11.10 10:40:56.702,1.38928,1.38958,1.73,1.50
2011.11.10 10:40:57.281,1.38928,1.38959,1.73,1.50
2011.11.10 10:40:57.403,1.38936,1.38963,1.50,1.88
2011.11.10 10:40:57.532,1.38938,1.38963,1.50,1.13
2011.11.10 10:40:58.279,1.38933,1.38958,1.50,1.13
2011.11.10 10:40:58.410,1.38924,1.38954,1.50,1.50
2011.11.10 10:40:58.533,1.38924,1.38954,1.50,2.25
2011.11.10 10:40:58.787,1.38924,1.3895,1.50,1.50
2011.11.10 10:40:58.914,1.38919,1.38949,1.73,1.50
2011.11.10 10:40:59.044,1.38919,1.38946,1.73,1.13
2011.11.10 10:40:59.177,1.38916,1.38946,1.13,2.63
2011.11.10 10:40:59.547,1.3892,1.38946,1.50,1.50
2011.11.10 10:41:00.269,1.38927,1.38955,1.50,2.25
2011.11.10 10:41:00.394,1.38927,1.38955,1.73,1.50
2011.11.10 10:41:00.526,1.38927,1.38956,2.48,1.50
2011.11.10 10:41:00.657,1.38932,1.38961,1.50,1.50
2011.11.10 10:41:00.790,1.38939,1.38962,1.50,1.50
2011.11.10 10:41:01.039,1.38939,1.38966,1.50,1.34
2011.11.10 10:41:01.169,1.38939,1.38964,1.73,1.50
2011.11.10 10:41:01.890,1.3893,1.38958,1.36,1.50
2011.11.10 10:41:02.134,1.38933,1.38963,1.50,3.83
2011.11.10 10:41:02.265,1.38931,1.38963,1.50,3.00
2011.11.10 10:41:02.401,1.38938,1.38963,1.50,1.50
2011.11.10 10:41:02.765,1.38938,1.38965,2.25,1.88
2011.11.10 10:41:03.610,1.38938,1.38961,2.25,1.13
2011.11.10 10:41:04.142,1.38938,1.38965,2.25,1.71
2011.11.10 10:41:04.498,1.3893,1.38957,1.50,1.71
2011.11.10 10:41:04.865,1.38932,1.38957,1.50,1.13
2011.11.10 10:41:04.992,1.38932,1.3896,1.50,1.50
2011.11.10 10:41:05.109,1.38934,1.3896,1.35,1.50
2011.11.10 10:41:05.472,1.38933,1.38965,1.73,3.00
2011.11.10 10:41:06.089,1.3894,1.38969,2.48,1.50
2011.11.10 10:41:06.771,1.38943,1.38975,2.48,2.25
2011.11.10 10:41:07.617,1.3894,1.38967,1.73,1.50
2011.11.10 10:41:07.747,1.38936,1.38966,1.50,2.25
2011.11.10 10:41:08.412,1.38932,1.3896,1.50,1.50
2011.11.10 10:41:08.761,1.38936,1.38966,1.50,1.50
2011.11.10 10:41:09.120,1.38935,1.38965,1.73,2.25
2011.11.10 10:41:09.700,1.38932,1.38962,2.48,1.50
2011.11.10 10:41:10.443,1.38937,1.38962,1.73,1.50
2011.11.10 10:41:10.564,1.38939,1.38966,1.73,1.50
2011.11.10 10:41:10.817,1.38942,1.38967,1.73,1.50
2011.11.10 10:41:11.063,1.38942,1.38971,2.48,1.50
2011.11.10 10:41:12.145,1.38942,1.3897,1.73,1.50
2011.11.10 10:41:12.628,1.38942,1.38973,1.73,2.25
2011.11.10 10:41:13.230,1.38942,1.3897,1.50,2.25
2011.11.10 10:41:13.591,1.38936,1.38966,1.73,1.50
2011.11.10 10:41:14.168,1.38936,1.38967,1.73,1.50
2011.11.10 10:41:14.729,1.38939,1.38967,1.73,1.50
2011.11.10 10:41:15.251,1.3893,1.3896,1.50,1.50
2011.11.10 10:41:15.719,1.38927,1.38956,1.73,2.25
2011.11.10 10:41:16.400,1.38927,1.38955,1.73,1.50
2011.11.10 10:41:16.525,1.38925,1.38954,1.73,1.35
2011.11.10 10:41:16.894,1.38919,1.38945,1.50,1.50
2011.11.10 10:41:17.024,1.38914,1.38945,1.50,2.25
2011.11.10 10:41:17.536,1.38914,1.38944,1.50,1.50
2011.11.10 10:41:18.023,1.38918,1.38948,1.50,1.50
2011.11.10 10:41:18.261,1.38924,1.38951,1.50,1.50
2011.11.10 10:41:18.500,1.38925,1.38956,1.50,1.50
2011.11.10 10:41:18.621,1.38931,1.38958,1.50,2.63
2011.11.10 10:41:18.866,1.38931,1.38959,1.50,1.13
2011.11.10 10:41:18.993,1.38931,1.38961,1.50,1.50
2011.11.10 10:41:19.120,1.38931,1.38961,1.50,1.50
2011.11.10 10:41:19.730,1.3893,1.38957,1.50,1.50
2011.11.10 10:41:20.309,1.38925,1.38956,1.73,1.50
2011.11.10 10:41:20.540,1.38924,1.3895,1.73,1.50
2011.11.10 10:41:20.785,1.38922,1.38949,1.50,2.25
2011.11.10 10:41:20.917,1.38921,1.38949,1.50,2.25
2011.11.10 10:41:21.281,1.38914,1.38942,3.23,1.50
2011.11.10 10:41:21.801,1.38914,1.38942,2.25,1.50
2011.11.10 10:41:22.619,1.38915,1.38943,1.50,1.50
2011.11.10 10:41:23.201,1.38915,1.38942,1.50,1.50
2011.11.10 10:41:23.564,1.38901,1.38932,1.73,1.50
2011.11.10 10:41:24.398,1.38905,1.38926,1.73,1.50
2011.11.10 10:41:24.529,1.38896,1.38926,1.73,2.25
2011.11.10 10:41:24.653,1.38901,1.38928,1.50,1.50
2011.11.10 10:41:24.784,1.38901,1.38924,1.50,1.35
2011.11.10 10:41:25.036,1.38905,1.38928,1.50,1.50
2011.11.10 10:41:25.163,1.38905,1.38933,1.50,1.50
2011.11.10 10:41:25.284,1.38906,1.38933,1.50,1.50
2011.11.10 10:41:25.529,1.38906,1.38936,1.50,1.50
2011.11.10 10:41:26.054,1.38906,1.38936,1.50,1.50
2011.11.10 10:41:26.207,1.38912,1.38937,1.50,1.50
2011.11.10 10:41:26.337,1.38916,1.38944,1.50,2.63
2011.11.10 10:41:26.467,1.38912,1.38943,1.73,2.25
2011.11.10 10:41:26.713,1.38914,1.38944,1.50,1.13
2011.11.10 10:41:26.844,1.38916,1.38946,1.50,1.88
2011.11.10 10:41:26.970,1.38916,1.38947,1.88,1.50
2011.11.10 10:41:27.331,1.38921,1.38948,1.50,1.50
2011.11.10 10:41:27.573,1.38921,1.38948,1.50,3.00
2011.11.10 10:41:28.122,1.38916,1.38946,1.50,1.50
2011.11.10 10:41:28.468,1.38916,1.38948,1.50,2.25
2011.11.10 10:41:28.918,1.38917,1.38948,1.36,1.50
2011.11.10 10:41:29.166,1.38922,1.38949,1.50,1.50
2011.11.10 10:41:29.298,1.38915,1.38946,1.73,1.50
2011.11.10 10:41:29.427,1.38915,1.38945,1.73,1.50
2011.11.10 10:41:29.670,1.38915,1.38946,1.73,1.50
2011.11.10 10:41:30.270,1.3892,1.3895,1.50,1.50
2011.11.10 10:41:30.733,1.38919,1.38949,1.50,2.10
2011.11.10 10:41:31.200,1.3892,1.38946,1.50,1.50
2011.11.10 10:41:31.905,1.3892,1.38947,1.50,1.50
2011.11.10 10:41:32.044,1.38915,1.38945,1.50,1.50
2011.11.10 10:41:32.569,1.38915,1.38944,1.50,1.50
2011.11.10 10:41:32.696,1.38915,1.38942,1.50,3.00
2011.11.10 10:41:32.819,1.38915,1.38942,1.50,3.75
2011.11.10 10:41:33.158,1.38911,1.38942,1.50,2.25
2011.11.10 10:41:33.609,1.38915,1.38943,1.50,1.50
2011.11.10 10:41:34.184,1.38915,1.38942,1.50,1.50
2011.11.10 10:41:34.542,1.38921,1.38945,1.50,1.13
2011.11.10 10:41:35.201,1.38913,1.3894,1.73,1.50
2011.11.10 10:41:35.322,1.38911,1.3894,1.73,2.25
2011.11.10 10:41:35.889,1.38908,1.38938,1.73,1.50
2011.11.10 10:41:36.457,1.38908,1.38938,3.23,2.25
2011.11.10 10:41:37.027,1.38908,1.38938,2.48,2.25
2011.11.10 10:41:37.669,1.38908,1.38938,3.23,2.25
2011.11.10 10:41:38.129,1.38908,1.38937,2.48,1.50
2011.11.10 10:41:38.749,1.38904,1.38932,1.50,2.25
2011.11.10 10:41:39.307,1.38904,1.38932,1.50,2.25
2011.11.10 10:41:39.669,1.38904,1.38932,1.50,1.88
2011.11.10 10:41:39.788,1.38904,1.38932,1.50,1.88
2011.11.10 10:41:40.017,1.38904,1.38932,1.50,2.63
2011.11.10 10:41:40.598,1.38901,1.38929,1.73,1.50
2011.11.10 10:41:41.071,1.389,1.38929,1.73,1.50
2011.11.10 10:41:41.407,1.389,1.38929,1.73,1.50
2011.11.10 10:41:42.017,1.38898,1.38928,1.50,1.50
2011.11.10 10:41:42.507,1.38903,1.38933,1.50,1.88
2011.11.10 10:41:42.996,1.38907,1.38936,1.50,2.25
2011.11.10 10:41:44.818,1.38908,1.38935,1.50,1.50
2011.11.10 10:41:45.735,1.38934,1.38945,1.13,1.43
2011.11.10 10:41:46.104,1.38949,1.38969,1.13,1.50
2011.11.10 10:41:46.231,1.38949,1.38976,1.13,1.50
2011.11.10 10:41:46.989,1.38944,1.38969,1.50,1.50
2011.11.10 10:41:47.120,1.38939,1.38969,1.50,1.50
2011.11.10 10:41:47.241,1.38938,1.38969,1.50,1.50
2011.11.10 10:41:47.700,1.38938,1.38969,1.50,1.50
2011.11.10 10:41:48.092,1.38945,1.38971,1.50,1.50
2011.11.10 10:41:48.334,1.38945,1.38972,1.50,1.50
2011.11.10 10:41:48.462,1.38945,1.38973,1.50,2.25
2011.11.10 10:41:49.670,1.38945,1.38973,2.25,1.50
2011.11.10 10:41:50.358,1.38945,1.38973,2.25,1.50
2011.11.10 10:41:51.732,1.38945,1.38973,2.25,1.50
2011.11.10 10:41:51.850,1.38945,1.38973,2.25,1.50
2011.11.10 10:41:52.186,1.38945,1.38973,2.25,1.50
2011.11.10 10:41:53.169,1.38951,1.38978,1.50,2.25
2011.11.10 10:41:53.411,1.38951,1.38979,1.50,1.13
2011.11.10 10:41:53.650,1.38951,1.38977,1.50,1.50
2011.11.10 10:41:54.230,1.38948,1.38976,1.50,1.50
2011.11.10 10:41:54.571,1.3895,1.38977,1.50,1.50
2011.11.10 10:41:55.052,1.38954,1.38981,1.50,1.50
2011.11.10 10:41:56.077,1.38954,1.38982,1.50,2.25
2011.11.10 10:41:56.663,1.38954,1.38982,1.50,2.25
2011.11.10 10:41:56.798,1.38954,1.38982,1.50,2.25
2011.11.10 10:41:56.919,1.38954,1.38982,1.50,2.25
2011.11.10 10:41:57.284,1.3896,1.38985,2.48,1.50
2011.11.10 10:41:57.411,1.38963,1.38993,1.73,1.50
2011.11.10 10:41:57.887,1.38968,1.38996,2.85,1.50
2011.11.10 10:41:58.130,1.38971,1.38996,1.50,1.50
2011.11.10 10:41:59.339,1.38968,1.38998,2.25,1.50
2011.11.10 10:41:59.459,1.38968,1.38997,1.50,1.50
2011.11.10 10:42:00.040,1.38967,1.38996,1.73,1.50
2011.11.10 10:42:00.827,1.38968,1.38998,1.50,1.50
2011.11.10 10:42:01.879,1.38967,1.38996,3.23,1.50
2011.11.10 10:42:02.364,1.38965,1.3899,1.73,1.50
2011.11.10 10:42:02.738,1.3895,1.38982,3.72,2.85
2011.11.10 10:42:04.914,1.3895,1.38981,1.50,1.50
2011.11.10 10:42:05.042,1.38947,1.38975,1.73,1.50
2011.11.10 10:42:05.765,1.38946,1.38973,1.73,1.50
2011.11.10 10:42:06.122,1.3894,1.38971,1.58,2.25
2011.11.10 10:42:06.240,1.38939,1.3897,2.25,1.50
2011.11.10 10:42:07.935,1.38942,1.3897,1.35,1.50
2011.11.10 10:42:08.301,1.38949,1.38975,1.88,1.50
2011.11.10 10:42:08.424,1.38955,1.3898,1.13,1.50
2011.11.10 10:42:08.669,1.38961,1.38988,2.25,1.35
2011.11.10 10:42:09.261,1.38961,1.38987,1.50,1.50
2011.11.10 10:42:09.719,1.38954,1.38981,1.73,1.50
2011.11.10 10:42:10.330,1.38957,1.38981,1.73,1.50
2011.11.10 10:42:10.736,1.38957,1.38981,1.73,1.50
2011.11.10 10:42:11.319,1.38956,1.38986,2.48,1.50
2011.11.10 10:42:12.277,1.38956,1.38984,2.48,1.35
2011.11.10 10:42:12.730,1.38956,1.38986,2.86,1.50
2011.11.10 10:42:12.968,1.38957,1.38986,1.73,1.50
2011.11.10 10:42:13.555,1.38963,1.38993,1.50,2.25
2011.11.10 10:42:14.029,1.38965,1.38992,1.73,1.50
2011.11.10 10:42:15.453,1.38964,1.38991,1.73,1.50
2011.11.10 10:42:15.708,1.38961,1.38991,2.25,1.50
2011.11.10 10:42:16.059,1.38958,1.38986,2.25,1.50
2011.11.10 10:42:16.532,1.38958,1.38984,1.50,2.25
2011.11.10 10:42:16.654,1.38952,1.38982,3.23,1.50
2011.11.10 10:42:17.215,1.38957,1.38982,1.50,1.50
2011.11.10 10:42:17.569,1.38959,1.38989,1.50,2.25
2011.11.10 10:42:18.078,1.38959,1.38989,1.50,2.25
2011.11.10 10:42:18.531,1.38958,1.38988,1.50,1.35
2011.11.10 10:42:18.761,1.38959,1.38989,1.50,2.85
2011.11.10 10:42:18.988,1.38959,1.38988,1.50,1.35
2011.11.10 10:42:19.587,1.38955,1.38984,2.48,1.50
2011.11.10 10:42:20.861,1.38959,1.38989,1.50,2.25
2011.11.10 10:42:21.207,1.38959,1.38989,1.50,2.25
2011.11.10 10:42:21.552,1.38959,1.38989,1.50,2.25
2011.11.10 10:42:22.146,1.38955,1.38984,2.48,1.50
2011.11.10 10:42:23.126,1.38959,1.38985,1.50,1.50
2011.11.10 10:42:23.262,1.38961,1.38988,1.73,1.50
2011.11.10 10:42:23.506,1.3896,1.38988,2.48,1.50
2011.11.10 10:42:23.634,1.38958,1.38988,3.08,1.50
2011.11.10 10:42:23.882,1.38958,1.38986,1.73,1.50
2011.11.10 10:42:24.481,1.38959,1.38986,1.50,1.50
2011.11.10 10:42:24.948,1.38956,1.38984,1.35,1.50
2011.11.10 10:42:25.461,1.38954,1.38984,3.08,1.50
2011.11.10 10:42:25.930,1.38953,1.38979,1.73,1.50
2011.11.10 10:42:26.169,1.38955,1.38984,2.33,1.50
2011.11.10 10:42:26.408,1.38955,1.38983,2.33,1.50
2011.11.10 10:42:27.551,1.38956,1.38985,1.50,2.25
2011.11.10 10:42:28.181,1.38956,1.38985,1.73,2.25
2011.11.10 10:42:28.642,1.38955,1.38983,1.73,1.50
2011.11.10 10:42:28.999,1.38953,1.38978,1.50,1.50
2011.11.10 10:42:29.120,1.38954,1.38981,1.50,1.50
2011.11.10 10:42:29.236,1.38954,1.38981,1.50,2.25
2011.11.10 10:42:30.083,1.38948,1.3898,1.73,1.58
2011.11.10 10:42:30.329,1.38946,1.38973,2.48,1.50
2011.11.10 10:42:31.412,1.38948,1.38975,1.58,2.25
2011.11.10 10:42:31.536,1.3895,1.38978,2.10,1.50
2011.11.10 10:42:32.587,1.38952,1.38978,1.73,1.50
2011.11.10 10:42:32.952,1.38954,1.38983,2.25,5.25
2011.11.10 10:42:33.533,1.38954,1.38984,2.25,1.50
2011.11.10 10:42:35.082,1.38954,1.38985,2.25,1.50
2011.11.10 10:42:35.329,1.38962,1.38989,1.50,2.25
2011.11.10 10:42:35.453,1.38962,1.38989,1.50,2.25
2011.11.10 10:42:36.149,1.38959,1.38986,1.13,2.25
2011.11.10 10:42:36.515,1.38955,1.38983,2.25,1.50
2011.11.10 10:42:37.103,1.38955,1.38983,1.50,2.25
2011.11.10 10:42:38.604,1.38953,1.38982,1.50,2.25
2011.11.10 10:42:39.094,1.38948,1.38974,1.50,1.50
2011.11.10 10:42:39.719,1.38948,1.38975,1.50,2.25
2011.11.10 10:42:40.300,1.38948,1.38978,1.50,2.25
2011.11.10 10:42:40.663,1.38948,1.38979,1.50,2.25
2011.11.10 10:42:41.299,1.38953,1.38984,2.48,1.50
2011.11.10 10:42:41.422,1.38953,1.38983,1.73,1.50
2011.11.10 10:42:41.770,1.38953,1.38984,1.73,1.50
2011.11.10 10:42:42.684,1.38953,1.38983,1.50,1.50
2011.11.10 10:42:42.816,1.38953,1.38984,1.50,1.50
2011.11.10 10:42:43.299,1.38957,1.3898,1.50,1.50
2011.11.10 10:42:43.425,1.38958,1.3898,1.50,1.50
2011.11.10 10:42:44.030,1.38952,1.3898,1.50,1.50
2011.11.10 10:42:44.630,1.38952,1.3898,1.50,1.50
2011.11.10 10:42:45.439,1.38952,1.38982,1.50,2.25
2011.11.10 10:42:45.556,1.38952,1.38982,1.50,1.50
2011.11.10 10:42:46.139,1.38952,1.38982,1.50,1.50
2011.11.10 10:42:46.738,1.38953,1.38984,2.25,1.50
2011.11.10 10:42:47.322,1.38953,1.38982,1.50,1.50
2011.11.10 10:42:48.339,1.38953,1.38984,1.50,1.50
2011.11.10 10:42:49.626,1.38953,1.38983,1.50,1.13
2011.11.10 10:42:50.110,1.38954,1.38983,1.50,1.88
2011.11.10 10:42:50.568,1.38953,1.3898,1.50,1.50
2011.11.10 10:42:52.478,1.38953,1.38987,2.25,1.50
2011.11.10 10:42:52.616,1.38957,1.38987,1.50,1.50
2011.11.10 10:42:52.985,1.38954,1.38984,1.50,1.50
2011.11.10 10:42:53.362,1.3895,1.3898,2.48,1.50
2011.11.10 10:42:54.388,1.3895,1.3898,1.50,1.50
2011.11.10 10:42:56.098,1.38949,1.3898,1.73,1.50
2011.11.10 10:42:56.401,1.3895,1.3898,1.50,1.50
2011.11.10 10:42:56.968,1.38949,1.3898,2.48,1.50
2011.11.10 10:42:57.416,1.38949,1.38979,1.50,2.25
2011.11.10 10:42:58.019,1.38949,1.38975,1.50,1.50
2011.11.10 10:42:58.147,1.38945,1.38975,1.50,2.25
2011.11.10 10:42:58.717,1.38945,1.38975,1.50,1.50
2011.11.10 10:42:58.951,1.38945,1.38974,2.25,1.50
2011.11.10 10:42:59.189,1.38949,1.38974,1.13,1.50
2011.11.10 10:42:59.312,1.38951,1.38978,1.50,1.50
2011.11.10 10:43:00.545,1.38951,1.38978,1.50,1.50
2011.11.10 10:43:00.780,1.38951,1.38978,1.50,1.50
2011.11.10 10:43:01.262,1.38944,1.38974,1.50,2.25
2011.11.10 10:43:01.885,1.38944,1.38974,2.25,2.25
2011.11.10 10:43:02.357,1.38949,1.38974,1.50,1.50
2011.11.10 10:43:02.992,1.38948,1.38974,1.50,1.50
2011.11.10 10:43:03.232,1.38949,1.38974,1.50,1.35
2011.11.10 10:43:03.473,1.38943,1.38972,1.50,1.50
2011.11.10 10:43:03.829,1.38944,1.38972,1.50,2.25
2011.11.10 10:43:04.799,1.38941,1.38963,1.50,1.35
2011.11.10 10:43:05.149,1.38942,1.38969,1.50,1.50
2011.11.10 10:43:05.377,1.38943,1.3897,1.50,3.38
2011.11.10 10:43:05.638,1.3894,1.38969,1.50,1.50
2011.11.10 10:43:06.419,1.3894,1.38969,2.25,1.50
2011.11.10 10:43:07.471,1.38943,1.38972,1.50,1.50
2011.11.10 10:43:08.066,1.38941,1.3897,1.36,1.50
2011.11.10 10:43:08.309,1.38944,1.3897,1.73,1.50
2011.11.10 10:43:08.430,1.38946,1.38972,1.73,1.35
2011.11.10 10:43:09.276,1.38947,1.38976,1.73,1.50
2011.11.10 10:43:09.411,1.38951,1.3898,1.73,1.50
2011.11.10 10:43:09.538,1.38956,1.38979,1.50,1.50
2011.11.10 10:43:09.786,1.38957,1.38984,1.50,1.50
2011.11.10 10:43:09.918,1.38957,1.38986,1.50,1.50
2011.11.10 10:43:10.045,1.38957,1.38981,1.50,1.35
2011.11.10 10:43:10.411,1.3895,1.38969,1.58,1.50
2011.11.10 10:43:10.535,1.38941,1.38967,1.50,1.50
2011.11.10 10:43:10.661,1.38934,1.38961,1.73,1.50
2011.11.10 10:43:11.174,1.38927,1.38951,1.73,1.13
2011.11.10 10:43:11.293,1.38926,1.3895,1.50,1.88
2011.11.10 10:43:11.660,1.38924,1.38946,1.50,1.50
2011.11.10 10:43:11.891,1.38919,1.38946,1.50,1.50
2011.11.10 10:43:12.131,1.38915,1.38945,1.50,2.25
2011.11.10 10:43:12.490,1.38911,1.38941,1.88,1.50
2011.11.10 10:43:12.718,1.38916,1.38943,2.25,1.50
2011.11.10 10:43:13.282,1.38912,1.38942,1.13,2.25
2011.11.10 10:43:13.948,1.38911,1.38941,1.13,1.50
2011.11.10 10:43:14.197,1.3891,1.3894,1.50,3.60
2011.11.10 10:43:14.565,1.38924,1.38951,1.73,1.50
2011.11.10 10:43:14.932,1.38932,1.38956,1.50,1.13
2011.11.10 10:43:15.379,1.38932,1.3896,1.50,1.50
2011.11.10 10:43:15.969,1.38931,1.38962,1.13,1.50
2011.11.10 10:43:16.093,1.38933,1.38962,1.73,1.50
2011.11.10 10:43:16.221,1.38933,1.38962,1.73,1.50
2011.11.10 10:43:16.340,1.38934,1.38962,1.73,1.50
2011.11.10 10:43:17.477,1.38933,1.38962,1.73,1.50
2011.11.10 10:43:18.030,1.38933,1.38962,1.73,1.50
2011.11.10 10:43:18.153,1.38931,1.38962,1.73,1.50
2011.11.10 10:43:18.862,1.38936,1.38968,1.73,2.25
2011.11.10 10:43:18.984,1.38935,1.38966,2.48,1.50
2011.11.10 10:43:19.644,1.38936,1.38966,1.73,1.50
2011.11.10 10:43:19.774,1.38945,1.38971,1.50,1.50
2011.11.10 10:43:20.142,1.38939,1.38969,1.50,2.25
2011.11.10 10:43:20.260,1.38939,1.38969,1.50,2.25
2011.11.10 10:43:20.843,1.38939,1.38969,1.50,1.50
2011.11.10 10:43:21.559,1.38939,1.38971,1.73,2.25
2011.11.10 10:43:22.020,1.38938,1.38969,1.50,2.25
2011.11.10 10:43:22.502,1.38939,1.38969,2.48,1.50
2011.11.10 10:43:22.860,1.38944,1.38973,1.50,3.00
2011.11.10 10:43:23.221,1.38945,1.38973,1.50,1.50
2011.11.10 10:43:23.346,1.38944,1.38974,1.50,3.00
2011.11.10 10:43:23.929,1.38944,1.38971,1.50,1.50
2011.11.10 10:43:24.519,1.38943,1.38973,1.50,1.50
2011.11.10 10:43:25.638,1.38944,1.38973,1.50,2.25
2011.11.10 10:43:26.094,1.3895,1.38975,1.50,1.50
2011.11.10 10:43:26.462,1.38955,1.38983,1.73,2.33
2011.11.10 10:43:26.896,1.38955,1.38985,1.73,2.25
2011.11.10 10:43:27.478,1.38955,1.38983,1.50,2.25
2011.11.10 10:43:27.602,1.38955,1.38982,1.50,1.13
2011.11.10 10:43:27.719,1.3895,1.38977,1.50,2.25
2011.11.10 10:43:27.837,1.3895,1.38976,1.50,1.50
2011.11.10 10:43:28.419,1.3895,1.38978,1.50,2.25
2011.11.10 10:43:29.218,1.38949,1.38977,1.50,1.50
2011.11.10 10:43:31.507,1.38948,1.38977,1.50,1.50
2011.11.10 10:43:31.879,1.38941,1.38969,1.73,1.50
2011.11.10 10:43:32.332,1.38939,1.38964,2.33,1.50
2011.11.10 10:43:32.693,1.38933,1.38964,1.73,1.50
2011.11.10 10:43:34.680,1.38935,1.38964,1.73,1.50
2011.11.10 10:43:35.258,1.38933,1.38964,1.73,1.50
2011.11.10 10:43:37.333,1.38933,1.38965,1.73,2.10
2011.11.10 10:43:37.703,1.38935,1.38965,1.88,2.10
2011.11.10 10:43:37.830,1.38939,1.38965,1.50,1.35
2011.11.10 10:43:38.181,1.38939,1.38968,1.50,1.50
2011.11.10 10:43:38.778,1.3894,1.3896,1.36,1.50
2011.11.10 10:43:39.320,1.38932,1.38959,1.73,1.50
2011.11.10 10:43:39.440,1.3893,1.38959,2.48,1.50
2011.11.10 10:43:39.808,1.38931,1.38958,1.58,1.50
2011.11.10 10:43:40.169,1.38932,1.3896,1.73,1.50
2011.11.10 10:43:40.514,1.38935,1.38965,1.50,1.50
2011.11.10 10:43:40.758,1.38936,1.38965,1.50,1.50
2011.11.10 10:43:42.600,1.38941,1.38965,1.50,1.50
2011.11.10 10:43:43.481,1.38941,1.38966,1.50,1.50
2011.11.10 10:43:43.602,1.38947,1.38966,1.50,1.50
2011.11.10 10:43:44.072,1.38948,1.38968,1.13,1.50
2011.11.10 10:43:44.593,1.38946,1.38968,1.13,1.50
2011.11.10 10:43:45.095,1.38943,1.38968,1.50,1.50
2011.11.10 10:43:46.377,1.38943,1.38968,1.88,1.50
2011.11.10 10:43:47.697,1.38943,1.38968,1.88,1.50
2011.11.10 10:43:48.256,1.38942,1.38969,1.73,1.50
2011.11.10 10:43:48.599,1.38942,1.38972,1.50,1.50
2011.11.10 10:43:49.726,1.38942,1.38969,1.50,1.50
2011.11.10 10:43:50.435,1.38941,1.3897,1.50,1.50
2011.11.10 10:43:50.671,1.38941,1.38969,1.50,1.50
2011.11.10 10:43:51.039,1.38928,1.38956,1.47,1.50
2011.11.10 10:43:51.165,1.38927,1.38955,1.50,1.50
2011.11.10 10:43:51.292,1.38922,1.38952,1.50,1.50
2011.11.10 10:43:51.412,1.38927,1.38955,1.50,1.50
2011.11.10 10:43:51.535,1.38927,1.38955,1.50,1.50
2011.11.10 10:43:51.924,1.38923,1.3895,1.50,2.25
2011.11.10 10:43:52.065,1.38911,1.38936,1.47,1.50
2011.11.10 10:43:52.194,1.38912,1.38936,1.50,1.50
2011.11.10 10:43:52.809,1.38905,1.38932,1.50,1.35
2011.11.10 10:43:52.933,1.38905,1.38928,1.50,2.85
2011.11.10 10:43:53.596,1.38899,1.38923,1.47,1.50
2011.11.10 10:43:53.725,1.38891,1.3892,2.25,1.35
2011.11.10 10:43:53.858,1.38892,1.38918,1.13,1.50
2011.11.10 10:43:53.987,1.38891,1.38916,1.13,1.35
2011.11.10 10:43:54.240,1.38892,1.38914,1.50,1.13
2011.11.10 10:43:55.724,1.38892,1.38913,1.50,1.13
2011.11.10 10:43:55.900,1.38907,1.38925,2.25,1.50
2011.11.10 10:43:56.032,1.38918,1.38939,1.50,1.54
2011.11.10 10:43:56.273,1.38927,1.38955,1.50,1.54
2011.11.10 10:43:56.393,1.3893,1.3896,1.50,1.50
2011.11.10 10:43:56.632,1.38932,1.3896,1.50,1.50
2011.11.10 10:43:57.361,1.38935,1.3896,1.50,1.50
2011.11.10 10:43:57.480,1.38935,1.38963,2.25,1.50
2011.11.10 10:43:57.600,1.38937,1.38969,1.50,1.50
2011.11.10 10:43:57.965,1.38932,1.38962,1.58,1.50
2011.11.10 10:43:58.091,1.38932,1.38962,1.58,1.50
2011.11.10 10:43:58.328,1.38932,1.38962,2.33,1.50
2011.11.10 10:43:58.460,1.38932,1.38962,1.50,3.00
2011.11.10 10:43:58.990,1.38932,1.38958,1.50,1.35
2011.11.10 10:43:59.360,1.38921,1.38951,1.50,1.50
2011.11.10 10:43:59.609,1.38921,1.38951,1.50,1.50
2011.11.10 10:43:59.740,1.38921,1.38952,2.25,1.50
2011.11.10 10:43:59.870,1.3892,1.3895,1.50,1.50
2011.11.10 10:44:00.490,1.38929,1.38958,1.50,2.25
2011.11.10 10:44:00.611,1.38929,1.38958,1.50,1.50
2011.11.10 10:44:00.740,1.38932,1.38958,2.10,1.35
2011.11.10 10:44:01.111,1.38938,1.38968,1.88,1.50
2011.11.10 10:44:01.541,1.38943,1.38971,1.50,1.50
2011.11.10 10:44:02.037,1.38945,1.38974,1.50,1.50
2011.11.10 10:44:02.396,1.38947,1.38975,1.50,1.50
2011.11.10 10:44:02.566,1.38944,1.38972,1.50,1.50
2011.11.10 10:44:02.620,1.38944,1.38972,3.68,2.25
2011.11.10 10:44:02.750,1.38946,1.38972,1.47,1.50
2011.11.10 10:44:02.874,1.38944,1.38974,1.50,1.50
2011.11.10 10:44:03.125,1.38942,1.38965,1.13,2.10
2011.11.10 10:44:03.254,1.38941,1.38962,1.47,1.50
2011.11.10 10:44:03.825,1.3894,1.38963,1.58,2.25
2011.11.10 10:44:03.961,1.38936,1.38958,1.50,1.35
2011.11.10 10:44:04.084,1.38935,1.38962,1.50,2.85
2011.11.10 10:44:04.214,1.38931,1.38958,1.88,1.35
2011.11.10 10:44:04.344,1.38936,1.38963,1.50,1.13
2011.11.10 10:44:04.714,1.3893,1.3896,1.50,1.50
2011.11.10 10:44:05.355,1.38928,1.38958,2.25,2.25
2011.11.10 10:44:05.493,1.38933,1.38963,2.25,1.13
2011.11.10 10:44:05.627,1.38933,1.38961,1.50,1.50
2011.11.10 10:44:05.757,1.38928,1.38956,1.50,1.50
2011.11.10 10:44:06.360,1.38926,1.38956,1.50,1.50
2011.11.10 10:44:07.548,1.38927,1.38955,1.50,1.50
2011.11.10 10:44:07.676,1.38927,1.38957,1.50,1.50
2011.11.10 10:44:08.043,1.38922,1.38952,1.50,1.50
2011.11.10 10:44:08.273,1.38918,1.38948,1.50,1.13
2011.11.10 10:44:09.029,1.38921,1.38951,1.50,1.50
2011.11.10 10:44:09.166,1.38924,1.38953,2.25,1.13
2011.11.10 10:44:09.542,1.38932,1.3896,1.13,1.88
2011.11.10 10:44:09.904,1.38944,1.38971,1.50,1.54
2011.11.10 10:44:10.642,1.38945,1.38972,1.58,1.50
2011.11.10 10:44:11.328,1.38947,1.38975,1.50,1.50
2011.11.10 10:44:11.451,1.38944,1.38971,1.50,1.50
2011.11.10 10:44:11.810,1.3895,1.3898,1.50,2.25
2011.11.10 10:44:12.394,1.38949,1.38979,1.50,1.50
2011.11.10 10:44:12.840,1.38945,1.38974,1.50,1.50
2011.11.10 10:44:13.206,1.3895,1.38977,1.50,1.13
2011.11.10 10:44:13.578,1.38946,1.38976,1.50,2.25
2011.11.10 10:44:13.944,1.38942,1.38971,1.13,1.50
2011.11.10 10:44:14.688,1.38947,1.38974,1.13,1.50
2011.11.10 10:44:14.822,1.38947,1.38973,1.13,1.35
2011.11.10 10:44:15.151,1.38945,1.38973,1.50,1.35
2011.11.10 10:44:15.274,1.38944,1.38963,1.50,1.35
2011.11.10 10:44:15.401,1.38935,1.38962,1.10,1.50
2011.11.10 10:44:15.522,1.38934,1.3896,1.13,1.35
2011.11.10 10:44:15.880,1.38927,1.38954,2.25,2.10
2011.11.10 10:44:16.000,1.38926,1.38955,1.50,1.35
2011.11.10 10:44:16.612,1.38926,1.38955,1.50,1.35
2011.11.10 10:44:16.976,1.38932,1.38961,1.50,1.50
2011.11.10 10:44:17.224,1.38927,1.38958,1.50,1.50
2011.11.10 10:44:17.467,1.38927,1.38958,1.50,1.50
2011.11.10 10:44:17.593,1.38927,1.38955,1.50,1.50
2011.11.10 10:44:17.725,1.38927,1.38955,1.50,1.50
2011.11.10 10:44:18.613,1.38927,1.38957,1.50,1.50
2011.11.10 10:44:18.748,1.38936,1.38967,1.50,2.25
2011.11.10 10:44:18.870,1.38936,1.38968,1.50,1.50
2011.11.10 10:44:19.624,1.38942,1.38972,1.50,2.25
2011.11.10 10:44:19.754,1.38942,1.38972,1.50,1.50
2011.11.10 10:44:20.112,1.38942,1.38973,1.50,2.25
2011.11.10 10:44:20.615,1.38942,1.3897,1.50,1.50
2011.11.10 10:44:20.755,1.38934,1.38964,1.50,2.25
2011.11.10 10:44:21.121,1.38938,1.38964,1.88,1.50
2011.11.10 10:44:21.472,1.3894,1.38968,1.50,1.50
2011.11.10 10:44:21.819,1.38943,1.38969,1.50,5.25
2011.11.10 10:44:22.161,1.3894,1.38969,1.50,1.50
2011.11.10 10:44:22.281,1.38939,1.38969,1.50,1.50
2011.11.10 10:44:23.083,1.38945,1.38972,1.50,1.35
2011.11.10 10:44:23.431,1.38944,1.38972,1.50,1.35
2011.11.10 10:44:23.795,1.38949,1.38975,1.88,2.48
2011.11.10 10:44:24.283,1.38954,1.38975,1.50,1.13
2011.11.10 10:44:25.043,1.38954,1.38976,1.50,1.35
2011.11.10 10:44:25.172,1.38949,1.38974,1.88,1.35
2011.11.10 10:44:25.297,1.38951,1.3898,1.50,1.35
2011.11.10 10:44:25.420,1.38951,1.38979,1.50,2.85
2011.11.10 10:44:25.544,1.38949,1.38981,1.50,1.50
2011.11.10 10:44:25.912,1.38955,1.38984,1.50,1.35
2011.11.10 10:44:26.032,1.38956,1.38985,1.50,1.50
2011.11.10 10:44:26.274,1.38961,1.38991,1.13,1.50
2011.11.10 10:44:26.524,1.38978,1.39001,1.13,1.50
2011.11.10 10:44:27.066,1.38977,1.39006,1.13,1.54
2011.11.10 10:44:27.204,1.38976,1.39006,1.50,1.50
2011.11.10 10:44:27.816,1.38983,1.39013,1.50,1.50
2011.11.10 10:44:27.943,1.38984,1.39014,1.50,1.50
2011.11.10 10:44:28.062,1.38984,1.39014,1.50,1.50
2011.11.10 10:44:28.300,1.38984,1.39014,1.50,1.50
2011.11.10 10:44:29.461,1.38983,1.39013,1.50,1.50
2011.11.10 10:44:30.030,1.38981,1.39013,1.50,1.50
2011.11.10 10:44:30.620,1.38981,1.39013,3.00,1.50
2011.11.10 10:44:30.986,1.38983,1.39013,1.50,1.50
2011.11.10 10:44:31.510,1.38986,1.39018,1.50,1.50
2011.11.10 10:44:31.649,1.38983,1.39011,1.50,1.50
2011.11.10 10:44:31.775,1.38981,1.3901,1.50,1.50
2011.11.10 10:44:32.145,1.38969,1.38999,1.13,1.50
2011.11.10 10:44:32.272,1.38977,1.38999,1.13,1.50
2011.11.10 10:44:32.399,1.3898,1.39008,3.00,1.50
2011.11.10 10:44:32.523,1.38982,1.39009,1.50,1.50
2011.11.10 10:44:32.649,1.38982,1.39012,1.50,1.50
2011.11.10 10:44:32.880,1.3898,1.39012,2.25,1.50
2011.11.10 10:44:33.448,1.38976,1.38997,1.50,1.50
2011.11.10 10:44:33.588,1.38974,1.39005,1.50,2.09
2011.11.10 10:44:33.838,1.38977,1.39005,1.50,1.50
2011.11.10 10:44:34.443,1.38974,1.39005,2.25,1.50
2011.11.10 10:44:35.130,1.38976,1.39006,1.50,1.50
2011.11.10 10:44:35.374,1.38974,1.39004,1.50,1.13
2011.11.10 10:44:35.505,1.3897,1.39,1.50,2.25
2011.11.10 10:44:35.753,1.38963,1.38993,2.33,1.50
2011.11.10 10:44:35.890,1.3896,1.38991,1.50,1.50
2011.11.10 10:44:36.016,1.3896,1.38991,1.50,1.50
2011.11.10 10:44:36.254,1.3896,1.38991,1.50,1.50
2011.11.10 10:44:36.514,1.38959,1.38989,1.50,1.50
2011.11.10 10:44:37.053,1.38965,1.38994,1.50,1.13
2011.11.10 10:44:37.280,1.38967,1.38997,1.50,2.84
2011.11.10 10:44:37.870,1.38966,1.38995,1.50,1.50
2011.11.10 10:44:38.236,1.38961,1.38992,1.50,1.50
2011.11.10 10:44:38.761,1.38966,1.38997,1.50,1.50
2011.11.10 10:44:38.894,1.38971,1.39003,1.50,1.50
2011.11.10 10:44:39.264,1.38969,1.39001,1.50,2.25
2011.11.10 10:44:39.741,1.38971,1.39001,1.50,1.50
2011.11.10 10:44:40.088,1.38971,1.39001,1.50,2.25
2011.11.10 10:44:40.323,1.38971,1.39,1.50,1.50
2011.11.10 10:44:40.555,1.38971,1.39,2.25,1.50
2011.11.10 10:44:41.061,1.38967,1.38998,1.50,1.50
2011.11.10 10:44:41.307,1.38974,1.39003,1.50,1.71
2011.11.10 10:44:43.241,1.38974,1.39004,1.50,1.50
2011.11.10 10:44:43.592,1.38974,1.38999,1.50,1.50
2011.11.10 10:44:43.944,1.38969,1.38999,1.50,1.50
2011.11.10 10:44:44.073,1.38969,1.39001,1.50,1.50
2011.11.10 10:44:44.193,1.38973,1.39004,1.50,1.50
2011.11.10 10:44:44.322,1.38979,1.39007,1.50,1.50
2011.11.10 10:44:44.441,1.38979,1.39008,1.50,1.50
2011.11.10 10:44:44.560,1.38978,1.39008,1.50,1.50
2011.11.10 10:44:44.908,1.38975,1.39005,1.50,2.25
2011.11.10 10:44:47.259,1.38973,1.39003,2.25,1.50
2011.11.10 10:44:47.610,1.38975,1.39005,1.50,1.50
2011.11.10 10:44:48.170,1.38975,1.39003,1.50,1.50
2011.11.10 10:44:48.737,1.38968,1.38998,1.50,1.50
2011.11.10 10:44:48.866,1.38968,1.38998,1.50,1.50
2011.11.10 10:44:49.113,1.38971,1.39003,1.73,1.50
2011.11.10 10:44:49.233,1.38973,1.39004,1.50,1.50
2011.11.10 10:44:49.924,1.38979,1.39006,1.50,1.50
2011.11.10 10:44:50.294,1.38979,1.39009,1.50,1.50
2011.11.10 10:44:50.838,1.38978,1.39009,1.50,2.25
2011.11.10 10:44:51.087,1.38974,1.39004,1.50,1.50
2011.11.10 10:44:51.337,1.38974,1.38998,1.50,4.50
2011.11.10 10:44:51.587,1.38967,1.38991,1.13,1.50
2011.11.10 10:44:51.715,1.38968,1.38996,1.13,1.50
2011.11.10 10:44:52.080,1.38973,1.39003,2.25,2.25
2011.11.10 10:44:52.622,1.38978,1.39003,1.50,1.50
2011.11.10 10:44:52.748,1.38979,1.39007,1.50,1.50
2011.11.10 10:44:52.993,1.38981,1.39009,1.50,2.25
2011.11.10 10:44:53.119,1.38981,1.39011,1.50,1.50
2011.11.10 10:44:53.246,1.38983,1.39011,1.35,1.50
2011.11.10 10:44:53.612,1.38991,1.39026,1.36,1.80
2011.11.10 10:44:54.080,1.38991,1.39023,1.21,1.50
2011.11.10 10:44:54.760,1.38979,1.39017,1.73,2.25
2011.11.10 10:44:54.891,1.3898,1.39016,1.73,1.50
2011.11.10 10:44:55.017,1.38981,1.39016,1.73,1.50
2011.11.10 10:44:55.493,1.38986,1.39014,1.50,1.50
2011.11.10 10:44:55.747,1.38982,1.39016,1.50,1.50
2011.11.10 10:44:55.876,1.38982,1.39012,1.50,1.50
2011.11.10 10:44:56.004,1.38982,1.39012,1.73,2.33
2011.11.10 10:44:56.132,1.38979,1.39005,2.11,1.50
2011.11.10 10:44:56.947,1.38979,1.39007,1.73,1.50
2011.11.10 10:44:57.070,1.38973,1.3901,2.11,2.25
2011.11.10 10:44:57.666,1.3898,1.39012,1.58,1.50
2011.11.10 10:44:57.791,1.38981,1.39012,1.50,1.50
2011.11.10 10:44:58.138,1.38981,1.39015,3.00,1.50
2011.11.10 10:44:58.259,1.38981,1.39016,3.23,1.50
2011.11.10 10:44:59.268,1.38987,1.39018,1.50,1.50
2011.11.10 10:44:59.638,1.38985,1.39013,1.50,2.25
2011.11.10 10:44:59.765,1.38982,1.3901,1.50,1.50
2011.11.10 10:44:59.892,1.38982,1.3901,1.50,1.50
2011.11.10 10:45:00.476,1.38979,1.39002,1.50,1.35
2011.11.10 10:45:00.726,1.38968,1.38996,1.50,2.63
2011.11.10 10:45:01.228,1.38966,1.38996,1.50,1.50
2011.11.10 10:45:01.714,1.38967,1.38998,1.73,1.50
2011.11.10 10:45:02.321,1.38967,1.39002,1.36,1.50
2011.11.10 10:45:02.440,1.3897,1.39002,1.50,1.50
2011.11.10 10:45:02.681,1.38969,1.38999,1.50,2.10
2011.11.10 10:45:03.028,1.38962,1.38996,1.73,1.35
2011.11.10 10:45:03.490,1.38959,1.38995,1.73,1.50
2011.11.10 10:45:03.854,1.38964,1.38993,1.50,1.50
2011.11.10 10:45:04.222,1.38962,1.38992,1.50,1.50
2011.11.10 10:45:04.583,1.38964,1.38994,2.25,1.50
2011.11.10 10:45:04.924,1.38964,1.3899,1.50,1.50
2011.11.10 10:45:05.174,1.38967,1.38995,2.25,1.50
2011.11.10 10:45:05.598,1.3897,1.38999,1.50,2.10
2011.11.10 10:45:05.970,1.38968,1.38996,1.50,1.50
2011.11.10 10:45:06.441,1.38969,1.38999,1.50,2.25
2011.11.10 10:45:06.671,1.38973,1.39,2.25,1.50
2011.11.10 10:45:07.582,1.38969,1.38999,2.33,1.88
2011.11.10 10:45:08.009,1.38969,1.38998,1.50,1.50
2011.11.10 10:45:08.141,1.38971,1.38999,1.50,2.25
2011.11.10 10:45:09.239,1.38973,1.38999,2.25,1.50
2011.11.10 10:45:09.600,1.38968,1.38999,1.50,3.00
2011.11.10 10:45:09.719,1.38967,1.38996,1.50,1.50
2011.11.10 10:45:10.841,1.38967,1.38996,1.50,1.50
2011.11.10 10:45:11.999,1.38967,1.38998,1.73,1.50
2011.11.10 10:45:12.343,1.38974,1.39001,1.50,1.50
2011.11.10 10:45:12.590,1.38975,1.39004,1.50,1.50
2011.11.10 10:45:12.710,1.38975,1.39005,1.50,1.50
2011.11.10 10:45:13.337,1.38978,1.39006,2.25,1.88
2011.11.10 10:45:13.827,1.38974,1.39001,1.50,1.88
2011.11.10 10:45:13.958,1.38972,1.39,1.50,1.50
2011.11.10 10:45:14.084,1.38969,1.39002,1.50,2.25
2011.11.10 10:45:14.438,1.38968,1.38998,1.50,1.50
2011.11.10 10:45:14.950,1.38966,1.38997,1.50,1.50
2011.11.10 10:45:16.119,1.3897,1.39,1.50,1.50
2011.11.10 10:45:16.243,1.3897,1.39001,1.50,2.25
2011.11.10 10:45:17.296,1.3897,1.39,1.50,1.50
2011.11.10 10:45:18.261,1.3897,1.38998,1.50,1.13
2011.11.10 10:45:18.665,1.38966,1.38994,1.50,2.25
2011.11.10 10:45:19.130,1.38966,1.38994,1.50,2.25
2011.11.10 10:45:19.371,1.38966,1.38994,1.50,3.00
2011.11.10 10:45:19.611,1.38962,1.38989,1.50,1.13
2011.11.10 10:45:19.730,1.38962,1.38985,1.50,1.50
2011.11.10 10:45:20.569,1.38961,1.3898,1.50,1.50
2011.11.10 10:45:21.057,1.38954,1.3898,2.25,1.50
2011.11.10 10:45:21.184,1.38954,1.38984,2.25,1.50
2011.11.10 10:45:21.658,1.38956,1.38985,1.50,1.50
2011.11.10 10:45:22.229,1.38958,1.38985,1.50,1.50
2011.11.10 10:45:22.706,1.38955,1.38985,1.73,1.50
2011.11.10 10:45:22.839,1.38956,1.38986,1.50,2.25
2011.11.10 10:45:23.289,1.38956,1.38986,1.50,3.00
2011.11.10 10:45:23.639,1.38956,1.38986,1.50,3.00
2011.11.10 10:45:24.121,1.3896,1.38988,1.50,1.13
2011.11.10 10:45:25.178,1.3896,1.3899,1.50,1.50
2011.11.10 10:45:25.531,1.38959,1.3899,2.25,1.50
2011.11.10 10:45:26.350,1.38954,1.38985,1.73,1.50
2011.11.10 10:45:28.007,1.38953,1.38985,1.73,2.25
2011.11.10 10:45:28.592,1.38951,1.38982,3.00,1.50
2011.11.10 10:45:29.522,1.38951,1.38978,1.50,1.50
2011.11.10 10:45:29.869,1.38948,1.38978,1.50,2.25
2011.11.10 10:45:30.400,1.38941,1.3897,1.50,1.50
2011.11.10 10:45:30.765,1.38946,1.38974,1.50,2.25
2011.11.10 10:45:30.891,1.38943,1.38974,1.50,3.00
2011.11.10 10:45:31.602,1.38947,1.38974,1.50,1.50
2011.11.10 10:45:31.845,1.3895,1.38978,1.50,2.25
2011.11.10 10:45:32.477,1.38948,1.38978,1.50,1.50
2011.11.10 10:45:32.613,1.3895,1.3898,1.50,1.50
2011.11.10 10:45:32.861,1.3895,1.3898,1.50,1.50
2011.11.10 10:45:33.226,1.38955,1.38983,1.50,2.25
2011.11.10 10:45:33.351,1.38955,1.38983,1.50,1.50
2011.11.10 10:45:33.835,1.38955,1.38983,1.50,1.50
2011.11.10 10:45:34.084,1.38949,1.38979,2.48,1.50
2011.11.10 10:45:34.676,1.38949,1.3898,1.50,2.25
2011.11.10 10:45:35.524,1.38949,1.38979,1.50,1.50
2011.11.10 10:45:35.761,1.38949,1.38979,1.50,2.25
2011.11.10 10:45:35.882,1.38954,1.38979,1.50,1.50
2011.11.10 10:45:36.123,1.38954,1.38981,2.25,1.13
2011.11.10 10:45:36.255,1.38954,1.38981,1.50,1.13
2011.11.10 10:45:36.386,1.3895,1.3898,2.25,1.50
2011.11.10 10:45:36.515,1.3895,1.3898,1.50,1.50
2011.11.10 10:45:37.649,1.38948,1.38977,1.50,1.50
2011.11.10 10:45:37.880,1.38946,1.38977,1.50,3.00
2011.11.10 10:45:37.997,1.38943,1.38973,1.73,1.50
2011.11.10 10:45:38.570,1.38946,1.38974,1.50,1.13
2011.11.10 10:45:38.803,1.38944,1.38972,1.73,1.50
2011.11.10 10:45:38.919,1.38944,1.38972,1.50,1.50
2011.11.10 10:45:40.513,1.38944,1.38971,1.50,1.50
2011.11.10 10:45:40.998,1.38944,1.38974,1.50,2.25
2011.11.10 10:45:41.230,1.38942,1.38972,1.73,1.50
2011.11.10 10:45:41.473,1.38943,1.38972,1.50,1.88
2011.11.10 10:45:41.599,1.38943,1.3897,1.50,1.50
2011.11.10 10:45:42.070,1.38942,1.38963,1.50,1.13
2011.11.10 10:45:42.590,1.38942,1.38961,1.50,1.88
2011.11.10 10:45:42.724,1.38939,1.38969,1.50,1.50
2011.11.10 10:45:43.071,1.3894,1.3897,1.50,1.50
2011.11.10 10:45:43.316,1.3894,1.3897,1.50,2.25
2011.11.10 10:45:43.443,1.3894,1.38969,1.50,1.50
2011.11.10 10:45:43.913,1.38935,1.38966,2.48,1.50
2011.11.10 10:45:44.387,1.38935,1.38965,1.50,1.50
2011.11.10 10:45:44.516,1.38937,1.38961,1.50,1.50
2011.11.10 10:45:44.986,1.38937,1.38967,2.25,1.50
2011.11.10 10:45:45.128,1.38943,1.38968,1.50,1.50
2011.11.10 10:45:45.376,1.38943,1.38968,1.50,1.50
2011.11.10 10:45:45.509,1.38944,1.38969,2.25,1.50
2011.11.10 10:45:46.097,1.38948,1.38969,1.50,1.50
2011.11.10 10:45:46.346,1.3895,1.3898,1.50,2.25
2011.11.10 10:45:46.829,1.3895,1.3898,2.25,2.25
2011.11.10 10:45:46.960,1.38959,1.38986,1.50,1.50
2011.11.10 10:45:47.192,1.38957,1.38983,1.50,1.50
2011.11.10 10:45:47.320,1.38956,1.38983,1.50,2.63
2011.11.10 10:45:47.561,1.38945,1.38975,1.73,1.50
2011.11.10 10:45:47.787,1.38945,1.38975,1.50,1.50
2011.11.10 10:45:49.582,1.38959,1.38983,1.50,1.34
2011.11.10 10:45:49.707,1.38959,1.38985,1.50,1.50
2011.11.10 10:45:49.838,1.3896,1.38986,1.50,1.50
2011.11.10 10:45:50.071,1.38959,1.38982,1.50,1.50
2011.11.10 10:45:50.194,1.3895,1.3898,1.50,1.50
2011.11.10 10:45:50.321,1.3895,1.3898,1.50,1.50
2011.11.10 10:45:50.566,1.38945,1.38975,1.50,1.50
2011.11.10 10:45:50.695,1.38945,1.38976,1.50,2.25
2011.11.10 10:45:51.782,1.38945,1.38975,1.50,3.00
2011.11.10 10:45:52.349,1.38944,1.38973,1.50,1.50
2011.11.10 10:45:53.499,1.38944,1.38973,1.50,1.50
2011.11.10 10:45:54.422,1.38948,1.38976,1.50,1.50
2011.11.10 10:45:55.089,1.38949,1.38977,1.50,2.25
2011.11.10 10:45:55.210,1.3895,1.3898,2.25,1.50
2011.11.10 10:45:55.331,1.38954,1.38981,2.25,1.88
2011.11.10 10:45:55.694,1.38955,1.38984,1.50,1.50
2011.11.10 10:45:56.642,1.38958,1.38988,2.25,1.50
2011.11.10 10:45:57.002,1.38958,1.38983,1.50,1.50
2011.11.10 10:45:57.128,1.38954,1.38983,1.50,2.25
2011.11.10 10:45:57.254,1.38954,1.38983,1.50,2.25
2011.11.10 10:45:57.491,1.38954,1.38985,2.25,3.38
2011.11.10 10:45:57.730,1.38954,1.38985,1.50,2.25
2011.11.10 10:45:58.093,1.38952,1.38978,1.50,1.50
2011.11.10 10:45:58.664,1.38958,1.38978,1.50,1.50
2011.11.10 10:45:58.805,1.38962,1.38987,1.50,1.50
2011.11.10 10:45:59.152,1.3896,1.38987,1.50,2.25
2011.11.10 10:45:59.282,1.38956,1.38985,1.50,1.50
2011.11.10 10:45:59.526,1.38956,1.38985,1.50,1.50
2011.11.10 10:46:00.362,1.38956,1.38975,1.50,1.35
2011.11.10 10:46:00.915,1.38949,1.38978,1.50,1.50
2011.11.10 10:46:01.055,1.38955,1.38985,1.58,1.50
2011.11.10 10:46:01.422,1.38956,1.38985,1.73,1.50
2011.11.10 10:46:01.785,1.38951,1.38979,1.50,1.50
2011.11.10 10:46:01.912,1.38948,1.38979,3.23,1.50
2011.11.10 10:46:02.035,1.38949,1.38979,1.81,1.50
2011.11.10 10:46:02.640,1.38959,1.38984,1.50,1.50
2011.11.10 10:46:03.001,1.38952,1.38979,1.50,1.50
2011.11.10 10:46:03.590,1.38952,1.38978,1.50,2.10
2011.11.10 10:46:03.836,1.38953,1.38978,1.50,1.50
2011.11.10 10:46:03.962,1.38956,1.38978,1.50,1.50
2011.11.10 10:46:04.084,1.38959,1.38987,1.50,2.25
2011.11.10 10:46:04.483,1.38961,1.38988,2.25,1.50
2011.11.10 10:46:04.847,1.38966,1.3899,1.50,1.35
2011.11.10 10:46:05.207,1.38968,1.3899,2.25,1.35
2011.11.10 10:46:05.337,1.38957,1.38982,1.13,1.35
2011.11.10 10:46:05.702,1.38956,1.38976,1.50,1.50
2011.11.10 10:46:06.286,1.38952,1.38979,1.58,2.10
2011.11.10 10:46:06.423,1.38953,1.38979,1.50,2.10
2011.11.10 10:46:06.774,1.38948,1.38976,1.50,1.50
2011.11.10 10:46:06.902,1.38949,1.38979,1.50,3.00
2011.11.10 10:46:07.138,1.38949,1.38979,1.50,2.25
2011.11.10 10:46:07.720,1.38952,1.38979,1.50,1.50
2011.11.10 10:46:08.073,1.38949,1.38977,1.50,1.50
2011.11.10 10:46:08.579,1.38948,1.38977,2.25,2.25
2011.11.10 10:46:08.810,1.38949,1.38977,1.50,2.25
2011.11.10 10:46:10.019,1.38952,1.38982,2.25,1.50
2011.11.10 10:46:11.000,1.38958,1.38988,2.25,1.50
2011.11.10 10:46:12.061,1.38957,1.38985,1.50,1.50
2011.11.10 10:46:12.757,1.38956,1.38983,1.50,1.50
2011.11.10 10:46:13.189,1.38953,1.38982,1.73,1.50
2011.11.10 10:46:13.319,1.38956,1.38983,2.25,1.50
2011.11.10 10:46:14.039,1.38956,1.38986,1.73,1.50
2011.11.10 10:46:14.729,1.38958,1.38986,1.50,1.50
2011.11.10 10:46:14.851,1.38961,1.38987,1.50,1.50
2011.11.10 10:46:15.530,1.38966,1.38988,1.50,1.50
2011.11.10 10:46:15.666,1.38976,1.39002,1.50,1.50
2011.11.10 10:46:16.273,1.38976,1.39006,2.25,1.50
2011.11.10 10:46:16.620,1.38978,1.39006,1.50,1.50
2011.11.10 10:46:17.173,1.38978,1.39008,1.50,2.25
2011.11.10 10:46:18.685,1.38988,1.39011,1.50,1.50
2011.11.10 10:46:19.057,1.38985,1.39011,1.50,2.85
2011.11.10 10:46:19.185,1.38979,1.39004,1.73,1.50
2011.11.10 10:46:19.550,1.38974,1.38999,2.48,1.50
2011.11.10 10:46:19.671,1.38973,1.39,1.73,2.25
2011.11.10 10:46:20.232,1.38962,1.38991,1.50,1.35
2011.11.10 10:46:21.166,1.38967,1.38992,1.50,1.35
2011.11.10 10:46:21.536,1.38969,1.38999,1.73,1.50
2011.11.10 10:46:21.784,1.38971,1.38999,1.73,1.50
2011.11.10 10:46:22.291,1.38969,1.38999,1.73,1.50
2011.11.10 10:46:22.425,1.38966,1.38994,1.50,1.50
2011.11.10 10:46:22.551,1.38964,1.38996,2.48,1.50
2011.11.10 10:46:22.673,1.38964,1.38991,1.50,2.25
2011.11.10 10:46:22.805,1.38962,1.38989,1.50,1.13
2011.11.10 10:46:23.413,1.38963,1.3899,1.13,1.50
2011.11.10 10:46:23.651,1.38967,1.38995,1.50,1.50
2011.11.10 10:46:24.358,1.38967,1.38998,1.50,3.00
2011.11.10 10:46:24.959,1.38967,1.38995,1.50,1.50
2011.11.10 10:46:25.319,1.38966,1.38995,1.73,1.50
2011.11.10 10:46:25.770,1.38964,1.38994,2.25,1.35
2011.11.10 10:46:26.583,1.38977,1.39008,2.10,1.50
2011.11.10 10:46:26.713,1.38977,1.39009,2.85,1.50
2011.11.10 10:46:27.301,1.38977,1.39009,2.48,1.50
2011.11.10 10:46:27.772,1.3898,1.39009,1.73,1.50
2011.11.10 10:46:28.936,1.38979,1.39009,1.50,1.50
2011.11.10 10:46:29.287,1.38979,1.39009,1.50,1.88
2011.11.10 10:46:29.649,1.38979,1.39009,1.50,2.63
2011.11.10 10:46:29.892,1.38985,1.39009,1.50,1.50
2011.11.10 10:46:30.012,1.38986,1.39014,1.50,1.50
2011.11.10 10:46:30.134,1.38982,1.39012,1.50,1.50
2011.11.10 10:46:30.260,1.38982,1.3901,1.50,1.50
2011.11.10 10:46:30.786,1.38982,1.3901,2.25,1.50
2011.11.10 10:46:30.917,1.38982,1.39013,1.50,1.50
2011.11.10 10:46:31.163,1.38986,1.39015,1.50,1.50
2011.11.10 10:46:31.746,1.38988,1.39015,1.13,1.50
2011.11.10 10:46:31.993,1.3899,1.39016,1.50,1.50
2011.11.10 10:46:32.337,1.38984,1.39013,1.73,2.10
2011.11.10 10:46:32.462,1.3898,1.39009,1.70,1.50
2011.11.10 10:46:32.993,1.38979,1.39007,1.50,1.50
2011.11.10 10:46:33.583,1.38979,1.39011,1.50,1.50
2011.11.10 10:46:34.040,1.38979,1.39013,3.31,1.50
2011.11.10 10:46:34.404,1.38984,1.39015,1.50,1.50
2011.11.10 10:46:35.243,1.38986,1.39016,1.73,1.50
2011.11.10 10:46:35.613,1.38985,1.39013,1.50,1.50
2011.11.10 10:46:35.973,1.38983,1.39013,1.50,2.25
2011.11.10 10:46:36.101,1.38982,1.39009,1.50,1.50
2011.11.10 10:46:36.223,1.38979,1.39009,3.23,1.50
2011.11.10 10:46:36.795,1.38979,1.39011,1.50,3.00
2011.11.10 10:46:37.299,1.38984,1.39011,2.25,1.50
2011.11.10 10:46:37.422,1.38991,1.39011,1.50,1.50
2011.11.10 10:46:37.902,1.38991,1.39015,1.50,1.50
2011.11.10 10:46:38.022,1.38987,1.39015,1.13,2.25
2011.11.10 10:46:38.834,1.38984,1.39011,1.50,2.25
2011.11.10 10:46:38.960,1.38984,1.3901,1.50,1.50
2011.11.10 10:46:39.486,1.3898,1.39007,2.25,1.50
2011.11.10 10:46:39.622,1.3898,1.39007,1.50,2.63
2011.11.10 10:46:39.751,1.38977,1.39005,1.50,2.25
2011.11.10 10:46:39.873,1.38976,1.39004,1.50,1.50
2011.11.10 10:46:40.459,1.38976,1.39001,1.50,1.50
2011.11.10 10:46:41.034,1.38976,1.39001,1.50,2.25
2011.11.10 10:46:41.667,1.38976,1.39001,1.50,1.13
2011.11.10 10:46:41.801,1.38967,1.38996,1.50,1.50
2011.11.10 10:46:42.150,1.38967,1.38994,1.50,1.50
2011.11.10 10:46:42.504,1.38967,1.38995,1.50,1.50
2011.11.10 10:46:42.874,1.38976,1.39002,1.50,1.50
2011.11.10 10:46:43.008,1.38983,1.39008,1.50,1.50
2011.11.10 10:46:43.135,1.3899,1.39014,1.50,1.54
2011.11.10 10:46:43.269,1.3899,1.39015,1.50,1.54
2011.11.10 10:46:43.687,1.3899,1.39012,1.50,1.50
2011.11.10 10:46:43.823,1.38987,1.39011,1.50,1.50
2011.11.10 10:46:44.286,1.38992,1.39015,1.50,1.50
2011.11.10 10:46:44.652,1.38992,1.39016,1.50,1.50
2011.11.10 10:46:44.777,1.38992,1.39016,2.25,1.50
2011.11.10 10:46:44.901,1.38992,1.39016,2.25,1.50
2011.11.10 10:46:45.023,1.38987,1.39014,2.25,1.50
2011.11.10 10:46:45.139,1.38987,1.39014,1.50,1.50
2011.11.10 10:46:45.889,1.38987,1.39014,1.50,1.50
2011.11.10 10:46:46.468,1.38986,1.39013,1.50,1.50
2011.11.10 10:46:46.830,1.38983,1.39009,1.50,2.25
2011.11.10 10:46:47.168,1.38982,1.39008,4.50,1.50
2011.11.10 10:46:47.621,1.38982,1.39009,4.50,2.25
2011.11.10 10:46:48.367,1.38982,1.39009,4.50,2.25
2011.11.10 10:46:48.720,1.38979,1.39006,1.50,1.50
2011.11.10 10:46:49.401,1.3898,1.39006,1.50,1.50
2011.11.10 10:46:49.629,1.3898,1.39005,1.50,2.10
2011.11.10 10:46:49.759,1.38976,1.39002,1.50,1.50
2011.11.10 10:46:50.274,1.38976,1.39005,2.25,2.10
2011.11.10 10:46:51.166,1.38977,1.39007,1.50,1.50
2011.11.10 10:46:51.415,1.38981,1.39008,1.50,1.50
2011.11.10 10:46:52.005,1.38982,1.39009,1.50,1.50
2011.11.10 10:46:52.370,1.38989,1.39014,2.25,2.25
2011.11.10 10:46:52.612,1.38989,1.39017,2.25,1.50
2011.11.10 10:46:53.179,1.38989,1.39018,1.50,1.50
2011.11.10 10:46:53.314,1.38995,1.39022,1.50,2.25
2011.11.10 10:46:53.441,1.38995,1.39022,1.50,2.25
2011.11.10 10:46:53.674,1.38995,1.39019,1.50,2.10
2011.11.10 10:46:53.808,1.38989,1.39017,1.50,1.13
2011.11.10 10:46:53.939,1.38988,1.39012,1.50,1.50
2011.11.10 10:46:54.429,1.38988,1.39018,3.08,1.50
2011.11.10 10:46:54.673,1.38992,1.3902,1.50,3.00
2011.11.10 10:46:55.352,1.38993,1.39019,1.50,1.50
2011.11.10 10:46:55.705,1.3899,1.39018,1.50,1.50
2011.11.10 10:46:55.830,1.38989,1.39018,2.25,1.50
2011.11.10 10:46:55.951,1.38989,1.39018,2.25,1.50
2011.11.10 10:46:57.711,1.38989,1.39018,1.50,1.50
2011.11.10 10:46:58.290,1.38989,1.39018,2.25,1.50
2011.11.10 10:46:58.642,1.38993,1.39018,1.50,1.50
2011.11.10 10:47:00.839,1.38991,1.39018,1.50,1.50
2011.11.10 10:47:01.087,1.38995,1.39021,3.08,1.50
2011.11.10 10:47:01.215,1.39,1.39025,1.50,1.50
2011.11.10 10:47:01.342,1.39,1.39027,1.50,1.50
2011.11.10 10:47:02.274,1.39002,1.39011,1.50,1.35
2011.11.10 10:47:02.825,1.38969,1.39001,1.73,1.50
2011.11.10 10:47:02.955,1.38973,1.39001,1.50,2.25
2011.11.10 10:47:03.327,1.38978,1.39005,1.50,1.50
2011.11.10 10:47:03.457,1.38985,1.39014,1.50,2.29
2011.11.10 10:47:03.586,1.38985,1.39012,1.50,1.50
2011.11.10 10:47:03.709,1.38983,1.39012,1.50,1.50
2011.11.10 10:47:03.832,1.38981,1.3901,1.50,1.50
2011.11.10 10:47:04.994,1.38983,1.3901,1.13,1.50
2011.11.10 10:47:05.134,1.3899,1.3902,1.73,1.50
2011.11.10 10:47:05.266,1.38994,1.39022,1.50,1.50
2011.11.10 10:47:05.501,1.38995,1.39026,1.50,2.25
2011.11.10 10:47:05.619,1.38995,1.39026,1.50,1.50
2011.11.10 10:47:06.209,1.38995,1.39026,1.50,2.25
2011.11.10 10:47:06.332,1.38995,1.39025,1.50,1.50
2011.11.10 10:47:06.572,1.38992,1.39023,1.50,2.25
2011.11.10 10:47:07.265,1.38992,1.39022,1.50,1.50
2011.11.10 10:47:07.503,1.38999,1.39027,1.50,1.50
2011.11.10 10:47:08.192,1.38996,1.39026,1.50,1.50
2011.11.10 10:47:08.541,1.38992,1.3902,1.50,2.25
2011.11.10 10:47:10.424,1.38989,1.39017,1.50,1.50
2011.11.10 10:47:10.551,1.38989,1.3902,2.10,2.25
2011.11.10 10:47:10.781,1.38996,1.39023,1.50,1.50
2011.11.10 10:47:10.898,1.38997,1.39025,1.50,1.50
2011.11.10 10:47:11.484,1.38995,1.39026,2.25,2.25
2011.11.10 10:47:12.649,1.38994,1.39023,1.13,1.50
2011.11.10 10:47:12.771,1.38994,1.39021,1.13,1.50
2011.11.10 10:47:13.459,1.38993,1.39021,2.25,1.50
2011.11.10 10:47:13.816,1.38997,1.39025,1.50,1.50
2011.11.10 10:47:14.068,1.3899,1.39015,1.13,1.50
2011.11.10 10:47:14.666,1.38978,1.39008,1.50,2.25
2011.11.10 10:47:15.303,1.38978,1.39008,1.50,3.00
2011.11.10 10:47:15.663,1.38978,1.39008,1.50,1.50
2011.11.10 10:47:17.084,1.3898,1.39008,2.25,1.50
2011.11.10 10:47:17.443,1.38967,1.38995,1.70,1.50
2011.11.10 10:47:17.578,1.38963,1.38994,1.47,1.13
2011.11.10 10:47:17.707,1.38959,1.38991,1.88,1.50
2011.11.10 10:47:17.834,1.3896,1.38994,1.50,1.50
2011.11.10 10:47:18.623,1.38959,1.38992,1.73,1.50
2011.11.10 10:47:19.103,1.38958,1.38989,1.50,1.50
2011.11.10 10:47:19.468,1.38951,1.38978,1.50,1.50
2011.11.10 10:47:19.597,1.38952,1.38982,1.50,2.25
2011.11.10 10:47:19.962,1.38954,1.38979,1.50,1.65
2011.11.10 10:47:20.572,1.38954,1.38979,2.10,1.65
2011.11.10 10:47:21.164,1.38954,1.38978,2.10,1.13
2011.11.10 10:47:21.415,1.38951,1.38978,2.71,1.50
2011.11.10 10:47:21.545,1.38955,1.38978,1.13,1.50
2011.11.10 10:47:21.792,1.38959,1.38989,1.50,2.84
2011.11.10 10:47:21.911,1.38958,1.38989,2.25,2.84
2011.11.10 10:47:22.140,1.38955,1.38985,2.11,1.50
2011.11.10 10:47:23.273,1.38959,1.38983,1.50,1.13
2011.11.10 10:47:23.509,1.38961,1.38986,1.50,1.13
2011.11.10 10:47:24.078,1.38961,1.38989,1.50,1.50
2011.11.10 10:47:26.060,1.38959,1.38989,1.73,1.50
2011.11.10 10:47:26.545,1.3896,1.38986,1.50,2.10
2011.11.10 10:47:26.794,1.38955,1.38984,1.50,1.50
2011.11.10 10:47:27.044,1.38955,1.38982,1.50,1.50
2011.11.10 10:47:27.175,1.38952,1.38983,1.50,1.88
2011.11.10 10:47:27.305,1.38956,1.38983,1.50,1.13
2011.11.10 10:47:27.941,1.38956,1.38986,1.50,1.50
2011.11.10 10:47:28.060,1.38956,1.38986,1.50,1.50
2011.11.10 10:47:28.185,1.38951,1.38982,2.25,1.50
2011.11.10 10:47:28.311,1.3895,1.38981,2.48,1.50
2011.11.10 10:47:28.433,1.38949,1.38975,1.73,1.13
2011.11.10 10:47:28.685,1.38939,1.38969,1.73,1.50
2011.11.10 10:47:28.933,1.38939,1.38965,1.47,1.50
2011.11.10 10:47:29.053,1.38934,1.38964,1.73,1.50
2011.11.10 10:47:29.700,1.38934,1.38965,1.50,1.50
2011.11.10 10:47:29.823,1.38941,1.38968,1.13,2.63
2011.11.10 10:47:29.943,1.38951,1.3897,1.35,2.09
2011.11.10 10:47:30.173,1.38957,1.3898,1.13,1.54
2011.11.10 10:47:30.288,1.38957,1.38987,1.88,2.40
2011.11.10 10:47:30.862,1.3896,1.38987,1.36,1.50
2011.11.10 10:47:31.093,1.38963,1.38991,1.73,1.50
2011.11.10 10:47:31.208,1.38963,1.38993,1.73,1.13
2011.11.10 10:47:32.236,1.38961,1.38991,1.73,1.50
2011.11.10 10:47:32.804,1.38954,1.38984,1.50,1.50
2011.11.10 10:47:32.929,1.38954,1.38982,1.50,1.50
2011.11.10 10:47:33.052,1.38952,1.38982,1.73,1.88
2011.11.10 10:47:33.413,1.38949,1.38979,2.48,1.50
2011.11.10 10:47:34.248,1.38949,1.3898,1.50,2.25
2011.11.10 10:47:34.375,1.38949,1.3898,1.50,2.25
2011.11.10 10:47:36.086,1.38947,1.38977,1.73,1.50
2011.11.10 10:47:36.336,1.38942,1.38974,2.11,2.25
2011.11.10 10:47:36.997,1.38953,1.38977,1.13,2.25
2011.11.10 10:47:37.363,1.38978,1.38985,1.50,1.50
2011.11.10 10:47:37.484,1.38978,1.39003,1.50,1.54
2011.11.10 10:47:37.611,1.38978,1.39004,1.50,1.50
2011.11.10 10:47:37.730,1.3898,1.39006,1.50,2.25
2011.11.10 10:47:38.184,1.3898,1.39008,1.73,1.50
2011.11.10 10:47:38.555,1.38987,1.39016,1.50,1.50
2011.11.10 10:47:39.182,1.38988,1.39018,2.25,1.50
2011.11.10 10:47:39.629,1.38993,1.39021,1.50,1.50
2011.11.10 10:47:39.860,1.38993,1.39018,1.50,2.25
2011.11.10 10:47:40.223,1.38978,1.39001,1.47,1.50
2011.11.10 10:47:40.341,1.3897,1.38997,2.48,1.50
2011.11.10 10:47:40.465,1.38969,1.38995,1.50,1.50
2011.11.10 10:47:41.389,1.38965,1.38996,1.73,1.50
2011.11.10 10:47:41.525,1.3898,1.39005,1.88,1.50
2011.11.10 10:47:41.774,1.38981,1.39011,1.50,2.25
2011.11.10 10:47:42.023,1.38981,1.3901,1.50,2.10
2011.11.10 10:47:42.154,1.38981,1.39007,1.50,1.50
2011.11.10 10:47:42.730,1.38975,1.39005,1.50,2.25
2011.11.10 10:47:43.083,1.38974,1.39003,1.50,1.50
2011.11.10 10:47:43.703,1.38974,1.39003,2.25,1.50
2011.11.10 10:47:43.831,1.3897,1.39,2.48,1.50
2011.11.10 10:47:43.954,1.38972,1.39,1.50,1.50
2011.11.10 10:47:44.631,1.38972,1.39003,2.25,2.25
2011.11.10 10:47:44.752,1.38976,1.39003,1.50,1.50
2011.11.10 10:47:45.343,1.38976,1.39006,1.50,1.50
2011.11.10 10:47:45.466,1.3898,1.39007,1.13,1.50
2011.11.10 10:47:46.045,1.38986,1.39013,2.25,1.50
2011.11.10 10:47:46.181,1.38988,1.39016,1.50,1.50
2011.11.10 10:47:46.892,1.38988,1.39018,1.50,1.50
2011.11.10 10:47:47.132,1.38989,1.39019,1.73,1.50
2011.11.10 10:47:47.372,1.38991,1.39019,2.48,1.50
2011.11.10 10:47:47.931,1.38994,1.39022,1.50,1.50
2011.11.10 10:47:48.617,1.38998,1.39028,1.50,2.25
2011.11.10 10:47:48.755,1.39004,1.39035,1.50,1.50
2011.11.10 10:47:48.883,1.39006,1.39036,1.50,2.25
2011.11.10 10:47:49.000,1.39004,1.39036,1.50,2.25
2011.11.10 10:47:49.580,1.39004,1.39036,1.50,2.25
2011.11.10 10:47:50.118,1.39005,1.39036,1.50,2.25
2011.11.10 10:47:50.469,1.3901,1.39036,1.50,2.25
2011.11.10 10:47:50.594,1.3901,1.39038,2.25,1.50
2011.11.10 10:47:51.781,1.3901,1.39038,1.50,1.50
2011.11.10 10:47:51.903,1.39004,1.39034,1.73,2.25
2011.11.10 10:47:52.021,1.39,1.3903,2.48,1.50
2011.11.10 10:47:52.140,1.39,1.3903,1.50,1.50
2011.11.10 10:47:52.654,1.39,1.3903,1.50,1.50
2011.11.10 10:47:52.783,1.39,1.39025,1.50,1.35
2011.11.10 10:47:53.030,1.38995,1.39022,1.50,1.50
2011.11.10 10:47:53.154,1.38995,1.39023,1.50,1.50
2011.11.10 10:47:53.521,1.38992,1.39019,1.50,1.50
2011.11.10 10:47:53.642,1.3899,1.39019,1.50,1.50
2011.11.10 10:47:54.146,1.3899,1.39021,2.25,1.50
2011.11.10 10:47:54.270,1.38992,1.3902,1.50,1.50
2011.11.10 10:47:56.612,1.38991,1.3902,1.50,1.50
2011.11.10 10:47:57.321,1.38992,1.3902,1.50,1.50
2011.11.10 10:47:57.671,1.38998,1.39023,1.73,1.50
2011.11.10 10:47:58.033,1.39001,1.39025,1.13,1.50
2011.11.10 10:47:58.151,1.39003,1.39034,1.50,1.50
2011.11.10 10:47:58.269,1.39003,1.39034,2.25,1.50
2011.11.10 10:47:58.392,1.39002,1.3903,1.73,1.50
2011.11.10 10:47:58.850,1.39006,1.39034,2.33,1.50
2011.11.10 10:47:59.082,1.39006,1.39037,2.33,2.25
2011.11.10 10:48:01.070,1.39007,1.39034,1.73,1.50
2011.11.10 10:48:01.191,1.39006,1.39034,2.10,1.50
2011.11.10 10:48:01.314,1.39003,1.39027,1.50,1.50
2011.11.10 10:48:01.548,1.39,1.39027,1.13,2.25
2011.11.10 10:48:02.291,1.38999,1.39027,1.50,2.25
2011.11.10 10:48:03.211,1.3899,1.39018,1.73,1.50
2011.11.10 10:48:03.331,1.3899,1.3902,1.73,1.50
2011.11.10 10:48:03.911,1.38995,1.39025,1.50,3.00
2011.11.10 10:48:04.262,1.38994,1.39021,1.50,1.50
2011.11.10 10:48:04.387,1.38989,1.39015,1.50,1.50
2011.11.10 10:48:04.517,1.38988,1.39018,2.25,1.50
2011.11.10 10:48:04.643,1.38988,1.39018,2.25,1.50
2011.11.10 10:48:05.107,1.38988,1.39015,1.50,1.50
2011.11.10 10:48:05.758,1.38987,1.39014,1.50,1.50
2011.11.10 10:48:07.498,1.38987,1.39014,1.50,2.25
2011.11.10 10:48:08.686,1.3899,1.39014,1.58,2.25
2011.11.10 10:48:09.055,1.38992,1.39014,3.08,1.50
2011.11.10 10:48:09.292,1.38994,1.3902,1.50,1.50
2011.11.10 10:48:09.795,1.38992,1.39017,2.33,1.50
2011.11.10 10:48:09.921,1.38992,1.39014,2.33,2.25
2011.11.10 10:48:10.280,1.38995,1.39014,1.50,1.50
2011.11.10 10:48:10.402,1.38992,1.39014,1.58,1.50
2011.11.10 10:48:12.031,1.38989,1.39014,1.73,1.50
2011.11.10 10:48:12.729,1.38988,1.39014,1.50,2.25
2011.11.10 10:48:14.460,1.38988,1.39014,1.50,1.50
2011.11.10 10:48:15.071,1.38991,1.39014,1.73,1.50
2011.11.10 10:48:15.718,1.38993,1.39021,1.73,1.35
2011.11.10 10:48:15.851,1.38993,1.39023,2.25,1.43
2011.11.10 10:48:16.323,1.38993,1.39024,2.25,2.25
2011.11.10 10:48:17.176,1.38993,1.39024,1.73,3.08
2011.11.10 10:48:17.311,1.38989,1.39019,3.08,1.50
2011.11.10 10:48:18.352,1.38989,1.39019,2.48,1.50
2011.11.10 10:48:18.970,1.38989,1.39019,2.48,1.50
2011.11.10 10:48:19.927,1.38987,1.39015,1.73,1.50
2011.11.10 10:48:20.055,1.38985,1.39015,1.73,1.50
2011.11.10 10:48:22.660,1.38985,1.39015,1.73,1.50
2011.11.10 10:48:23.402,1.38988,1.39018,1.50,1.50
2011.11.10 10:48:23.960,1.38987,1.39012,1.50,1.50
2011.11.10 10:48:24.304,1.38984,1.39012,1.73,1.50
2011.11.10 10:48:25.109,1.38984,1.39012,1.50,2.25
2011.11.10 10:48:25.472,1.38978,1.39005,2.25,1.50
2011.11.10 10:48:26.070,1.38978,1.39005,2.10,1.50
2011.11.10 10:48:26.529,1.38978,1.39005,1.35,1.50
2011.11.10 10:48:28.480,1.38978,1.39,1.13,1.50
2011.11.10 10:48:28.844,1.38977,1.38999,1.13,1.88
2011.11.10 10:48:29.097,1.38978,1.39003,1.13,2.25
2011.11.10 10:48:29.343,1.38979,1.39005,1.50,1.50
2011.11.10 10:48:29.896,1.38976,1.38996,1.50,2.85
2011.11.10 10:48:30.383,1.38971,1.38992,1.50,1.35
2011.11.10 10:48:30.742,1.38982,1.39011,1.35,1.54
2011.11.10 10:48:30.863,1.38986,1.39014,1.50,1.50
2011.11.10 10:48:31.101,1.38986,1.39014,1.50,2.25
2011.11.10 10:48:31.224,1.38986,1.39014,2.25,2.25
2011.11.10 10:48:31.595,1.38987,1.39015,1.50,1.50
2011.11.10 10:48:32.249,1.38986,1.39013,3.00,1.50
2011.11.10 10:48:32.783,1.38983,1.39013,2.86,2.25
2011.11.10 10:48:33.256,1.3898,1.39009,1.50,1.50
2011.11.10 10:48:33.504,1.38978,1.39007,2.48,1.50
2011.11.10 10:48:34.121,1.38978,1.39007,1.50,1.50
2011.11.10 10:48:34.254,1.3898,1.39007,1.50,1.50
2011.11.10 10:48:34.480,1.38978,1.39007,2.25,1.50
2011.11.10 10:48:34.820,1.38978,1.39009,2.25,2.25
2011.11.10 10:48:35.181,1.38972,1.39,1.50,2.25
2011.11.10 10:48:35.419,1.38969,1.38999,1.50,1.50
2011.11.10 10:48:35.929,1.38969,1.38999,1.50,1.50
2011.11.10 10:48:36.479,1.38969,1.38996,1.50,1.50
2011.11.10 10:48:36.610,1.38963,1.38993,1.50,1.50
2011.11.10 10:48:36.732,1.38962,1.38992,2.25,1.88
2011.11.10 10:48:37.333,1.38961,1.38987,1.50,1.58
2011.11.10 10:48:37.461,1.38953,1.38981,2.11,1.50
2011.11.10 10:48:37.707,1.38951,1.38984,2.25,1.50
2011.11.10 10:48:37.955,1.38958,1.38984,1.35,1.50
2011.11.10 10:48:38.493,1.38958,1.38988,1.35,2.09
2011.11.10 10:48:38.622,1.38958,1.38988,1.35,1.50
2011.11.10 10:48:38.740,1.38958,1.38989,2.10,1.50
2011.11.10 10:48:39.091,1.38969,1.38993,1.50,1.50
2011.11.10 10:48:39.211,1.3897,1.38996,1.50,2.25
2011.11.10 10:48:39.571,1.3897,1.39,2.25,1.50
2011.11.10 10:48:39.689,1.38971,1.39001,1.50,2.63
2011.11.10 10:48:40.149,1.3897,1.38997,1.50,1.50
2011.11.10 10:48:41.040,1.38971,1.39,1.50,1.13
2011.11.10 10:48:43.875,1.38974,1.39001,1.50,1.50
2011.11.10 10:48:44.024,1.38974,1.39,2.25,1.35
2011.11.10 10:48:44.149,1.38969,1.38997,2.48,1.50
2011.11.10 10:48:44.274,1.38969,1.38997,2.48,1.50
2011.11.10 10:48:44.861,1.38969,1.38997,1.50,2.25
2011.11.10 10:48:45.090,1.38967,1.38997,1.73,1.50
2011.11.10 10:48:45.822,1.38966,1.38994,1.58,1.50
2011.11.10 10:48:46.080,1.38967,1.38992,1.73,1.50
2011.11.10 10:48:46.206,1.38969,1.38992,2.48,1.50
2011.11.10 10:48:46.335,1.38971,1.39001,1.73,1.50
2011.11.10 10:48:46.465,1.3897,1.39001,1.50,1.50
2011.11.10 10:48:46.833,1.38967,1.38993,1.13,1.50
2011.11.10 10:48:47.196,1.3897,1.39001,2.48,1.50
2011.11.10 10:48:47.672,1.3897,1.38997,2.11,1.50
2011.11.10 10:48:47.803,1.38964,1.38991,1.50,2.25
2011.11.10 10:48:48.839,1.38961,1.38991,2.48,1.50
2011.11.10 10:48:49.293,1.38961,1.38989,2.48,1.50
2011.11.10 10:48:49.940,1.3896,1.38985,1.73,1.50
2011.11.10 10:48:50.077,1.38952,1.38977,1.13,1.50
2011.11.10 10:48:50.209,1.38947,1.38976,1.73,1.50
2011.11.10 10:48:50.575,1.38946,1.38974,1.73,2.33
2011.11.10 10:48:50.710,1.38942,1.38967,1.50,2.25
2011.11.10 10:48:50.841,1.38938,1.38967,1.50,2.25
2011.11.10 10:48:51.641,1.38936,1.38967,2.48,1.50
2011.11.10 10:48:51.771,1.38936,1.38962,1.50,1.50
2011.11.10 10:48:52.016,1.38931,1.38961,1.50,1.50
2011.11.10 10:48:52.148,1.38935,1.38962,1.50,1.50
2011.11.10 10:48:52.518,1.38935,1.38966,1.50,2.10
2011.11.10 10:48:52.646,1.38931,1.38961,1.50,1.50
2011.11.10 10:48:52.775,1.38929,1.38959,2.86,1.35
2011.11.10 10:48:52.908,1.3892,1.38948,1.62,1.50
2011.11.10 10:48:53.519,1.38917,1.38941,1.47,1.50
2011.11.10 10:48:54.115,1.38914,1.38941,2.25,1.50
2011.11.10 10:48:54.481,1.38916,1.38941,1.50,1.50
2011.11.10 10:48:54.831,1.38911,1.38941,2.48,1.50
2011.11.10 10:48:55.734,1.38911,1.38941,3.00,1.50
2011.11.10 10:48:55.865,1.38907,1.38937,3.23,1.50
2011.11.10 10:48:55.993,1.38912,1.38937,1.50,1.50
2011.11.10 10:48:56.235,1.38906,1.38931,1.36,2.25
2011.11.10 10:48:56.365,1.38904,1.38926,1.50,1.50
2011.11.10 10:48:56.835,1.38909,1.38931,1.50,1.50
2011.11.10 10:48:56.967,1.3891,1.38934,1.50,1.50
2011.11.10 10:48:57.778,1.3891,1.38936,1.50,1.50
2011.11.10 10:48:57.926,1.3893,1.3896,1.50,1.91
2011.11.10 10:48:58.041,1.3893,1.3896,1.50,1.88
2011.11.10 10:48:58.492,1.38925,1.38959,1.73,1.50
2011.11.10 10:48:58.606,1.38924,1.38956,2.48,2.63
2011.11.10 10:48:58.842,1.38923,1.38956,2.63,3.45
2011.11.10 10:48:59.880,1.38923,1.38952,1.50,1.50
2011.11.10 10:49:00.232,1.38921,1.38949,2.11,1.50
2011.11.10 10:49:00.805,1.38932,1.38958,2.25,2.09
2011.11.10 10:49:01.050,1.38933,1.3896,1.50,1.50
2011.11.10 10:49:03.001,1.38933,1.3896,1.50,1.50
2011.11.10 10:49:03.121,1.38926,1.38954,2.48,1.50
2011.11.10 10:49:03.351,1.38926,1.38954,1.73,1.50
2011.11.10 10:49:03.950,1.38919,1.38951,3.31,1.88
2011.11.10 10:49:04.191,1.38919,1.38949,2.48,1.50
2011.11.10 10:49:04.554,1.38921,1.38951,2.48,1.88
2011.11.10 10:49:05.087,1.38925,1.38955,1.50,1.50
2011.11.10 10:49:06.468,1.38923,1.38955,1.50,1.50
2011.11.10 10:49:06.712,1.38925,1.38956,1.50,1.50
2011.11.10 10:49:07.769,1.38927,1.38955,1.50,1.50
2011.11.10 10:49:07.912,1.38922,1.38952,1.50,1.50
2011.11.10 10:49:08.396,1.38926,1.38955,1.50,1.50
2011.11.10 10:49:08.629,1.38926,1.38958,1.50,2.63
2011.11.10 10:49:09.089,1.38926,1.38957,1.50,1.50
2011.11.10 10:49:10.535,1.38926,1.38958,1.50,1.88
2011.11.10 10:49:10.779,1.38926,1.38958,1.50,2.25
2011.11.10 10:49:11.142,1.38926,1.38958,2.11,1.50
2011.11.10 10:49:14.123,1.38922,1.38943,1.50,2.10
2011.11.10 10:49:14.478,1.38922,1.38942,1.50,1.35
2011.11.10 10:49:15.728,1.38922,1.38943,1.50,2.25
2011.11.10 10:49:16.201,1.38922,1.38944,1.50,1.50
2011.11.10 10:49:16.748,1.38924,1.3895,1.13,1.50
2011.11.10 10:49:17.317,1.38925,1.38954,1.50,1.50
2011.11.10 10:49:17.925,1.38924,1.38954,1.50,1.50
2011.11.10 10:49:18.478,1.38924,1.38954,1.88,1.50
2011.11.10 10:49:19.018,1.38924,1.38954,1.50,1.50
2011.11.10 10:49:19.888,1.38922,1.38954,1.50,1.50
2011.11.10 10:49:20.017,1.38925,1.38954,1.50,1.50
2011.11.10 10:49:20.620,1.38925,1.38954,1.50,1.50
2011.11.10 10:49:21.123,1.38922,1.38951,1.50,1.50
2011.11.10 10:49:21.249,1.38919,1.38951,1.50,2.25
2011.11.10 10:49:21.374,1.38923,1.38953,1.50,1.50
2011.11.10 10:49:21.504,1.38925,1.38953,1.50,1.50
2011.11.10 10:49:21.759,1.38929,1.38957,1.50,2.25
2011.11.10 10:49:22.004,1.38922,1.38954,2.25,2.25
2011.11.10 10:49:22.254,1.38918,1.38951,1.50,1.50
2011.11.10 10:49:22.384,1.38915,1.38945,2.11,1.50
2011.11.10 10:49:22.633,1.38914,1.38944,1.50,2.25
2011.11.10 10:49:23.218,1.38914,1.38943,1.50,1.13
2011.11.10 10:49:23.463,1.38918,1.38946,1.50,1.88
2011.11.10 10:49:23.597,1.38911,1.38943,1.50,1.50
2011.11.10 10:49:24.077,1.38916,1.38946,1.50,1.88
2011.11.10 10:49:25.024,1.38916,1.38946,1.50,2.25
2011.11.10 10:49:25.741,1.38914,1.3894,2.25,1.35
2011.11.10 10:49:25.867,1.38913,1.38938,1.50,1.35
2011.11.10 10:49:25.998,1.38911,1.38934,1.50,1.50
2011.11.10 10:49:26.363,1.38931,1.38958,1.50,2.12
2011.11.10 10:49:26.485,1.38931,1.38958,1.50,1.34
2011.11.10 10:49:26.731,1.38926,1.38956,1.50,2.25
2011.11.10 10:49:26.973,1.38926,1.38954,1.50,1.50
2011.11.10 10:49:27.749,1.38926,1.38956,1.50,2.25
2011.11.10 10:49:28.765,1.38926,1.38956,1.50,2.25
2011.11.10 10:49:30.200,1.38921,1.38951,2.25,1.50
2011.11.10 10:49:30.802,1.38923,1.38952,1.35,2.25
2011.11.10 10:49:30.921,1.38925,1.38957,1.50,1.50
2011.11.10 10:49:31.043,1.38928,1.38957,1.50,1.50
2011.11.10 10:49:31.547,1.38933,1.3896,1.50,2.25
2011.11.10 10:49:31.804,1.38938,1.38965,2.25,1.13
2011.11.10 10:49:32.323,1.38938,1.38963,1.50,1.88
2011.11.10 10:49:32.452,1.38931,1.38961,2.25,1.50
2011.11.10 10:49:32.572,1.38931,1.38961,1.50,1.50
2011.11.10 10:49:33.672,1.38932,1.38962,1.50,1.50
2011.11.10 10:49:33.793,1.38933,1.38965,1.50,3.00
2011.11.10 10:49:34.271,1.38936,1.38968,2.25,1.88
2011.11.10 10:49:34.935,1.38938,1.3897,1.50,3.00
2011.11.10 10:49:35.764,1.38943,1.38975,1.73,3.00
2011.11.10 10:49:38.242,1.38949,1.38975,1.50,1.50
2011.11.10 10:49:38.601,1.38946,1.38973,1.36,1.50
2011.11.10 10:49:38.850,1.38939,1.38968,2.03,1.50
2011.11.10 10:49:38.973,1.38939,1.38967,1.73,1.35
2011.11.10 10:49:39.783,1.38938,1.38968,1.50,1.50
2011.11.10 10:49:39.911,1.38936,1.38964,1.73,1.50
2011.11.10 10:49:40.274,1.3894,1.38964,1.73,1.50
2011.11.10 10:49:40.752,1.38935,1.38964,1.50,1.50
2011.11.10 10:49:42.302,1.38932,1.38962,2.48,1.50
2011.11.10 10:49:42.666,1.38935,1.38966,1.50,1.50
2011.11.10 10:49:42.913,1.38935,1.38965,1.50,1.50
2011.11.10 10:49:43.379,1.38934,1.38966,1.50,2.33
2011.11.10 10:49:43.612,1.38932,1.3896,1.50,1.50
2011.11.10 10:49:43.733,1.38929,1.3896,1.73,2.25
2011.11.10 10:49:44.312,1.38927,1.38956,1.73,1.50
2011.11.10 10:49:45.458,1.38928,1.38956,1.73,1.50
2011.11.10 10:49:45.580,1.38929,1.38961,1.73,1.50
2011.11.10 10:49:46.384,1.38929,1.38961,1.73,1.50
2011.11.10 10:49:47.437,1.38931,1.38961,1.73,1.50
2011.11.10 10:49:48.015,1.38931,1.38961,2.48,1.50
2011.11.10 10:49:51.622,1.38936,1.38961,1.50,1.50
2011.11.10 10:49:51.746,1.38934,1.3897,1.58,1.50
2011.11.10 10:49:51.874,1.38938,1.3897,1.50,1.50
2011.11.10 10:49:52.249,1.38944,1.38968,1.36,1.50
2011.11.10 10:49:52.492,1.38946,1.38969,1.35,1.50
2011.11.10 10:49:52.612,1.38945,1.3897,1.21,1.50
2011.11.10 10:49:52.733,1.38946,1.38976,1.35,1.50
2011.11.10 10:49:53.275,1.38945,1.38974,1.58,1.50
2011.11.10 10:49:53.518,1.38943,1.3897,2.48,1.50
2011.11.10 10:49:53.765,1.38946,1.3897,1.73,1.50
2011.11.10 10:49:53.893,1.38946,1.38975,1.73,1.50
2011.11.10 10:49:54.351,1.38948,1.38976,1.73,1.50
2011.11.10 10:49:55.838,1.38946,1.38975,1.73,1.50
2011.11.10 10:49:56.185,1.38944,1.38971,2.48,1.50
2011.11.10 10:49:56.318,1.38941,1.38969,2.48,1.50
2011.11.10 10:49:56.682,1.38945,1.38973,1.50,1.50
2011.11.10 10:49:57.029,1.38946,1.38975,1.73,1.50
2011.11.10 10:49:57.151,1.3895,1.38977,1.50,1.50
2011.11.10 10:49:57.274,1.3895,1.38977,2.48,1.50
2011.11.10 10:49:57.523,1.38956,1.38984,2.25,2.25
2011.11.10 10:49:58.030,1.38959,1.38986,1.73,1.50
2011.11.10 10:49:59.293,1.38956,1.38984,1.73,1.35
2011.11.10 10:49:59.537,1.38951,1.3898,1.73,1.50
2011.11.10 10:49:59.668,1.38953,1.38982,1.50,1.50
2011.11.10 10:49:59.794,1.38957,1.38987,1.50,1.50
2011.11.10 10:50:00.349,1.38962,1.38992,2.48,2.25
2011.11.10 10:50:00.469,1.38962,1.38992,1.73,2.25
2011.11.10 10:50:01.471,1.38959,1.38987,1.73,1.50
2011.11.10 10:50:01.925,1.38956,1.38987,2.48,1.50
2011.11.10 10:50:02.054,1.38962,1.38992,1.50,1.50
2011.11.10 10:50:03.399,1.38963,1.38993,1.73,2.25
2011.11.10 10:50:03.535,1.38966,1.38996,1.50,1.50
2011.11.10 10:50:03.770,1.38972,1.39001,1.50,2.10
2011.11.10 10:50:04.358,1.38972,1.39001,1.50,1.35
2011.11.10 10:50:04.479,1.38972,1.39001,1.50,1.35
2011.11.10 10:50:06.137,1.38968,1.38998,1.73,1.50
2011.11.10 10:50:06.746,1.38962,1.38991,1.50,1.50
2011.11.10 10:50:06.872,1.38962,1.38994,1.50,2.25
2011.11.10 10:50:07.120,1.38969,1.38998,2.25,1.50
2011.11.10 10:50:07.246,1.38971,1.38999,1.50,1.50
2011.11.10 10:50:07.849,1.38974,1.39001,1.73,1.50
2011.11.10 10:50:07.970,1.38977,1.39006,1.73,1.50
2011.11.10 10:50:08.327,1.38977,1.39006,1.73,1.50
2011.11.10 10:50:09.070,1.38977,1.39006,1.73,1.50
2011.11.10 10:50:09.198,1.38976,1.39006,1.36,1.50
2011.11.10 10:50:09.561,1.38977,1.39006,1.50,1.50
2011.11.10 10:50:09.793,1.38977,1.39006,1.73,1.50
2011.11.10 10:50:10.154,1.3898,1.39012,1.73,1.50
2011.11.10 10:50:10.390,1.3898,1.39011,1.73,1.50
2011.11.10 10:50:10.515,1.38977,1.39007,1.73,1.50
2011.11.10 10:50:10.859,1.38981,1.3901,1.50,1.50
2011.11.10 10:50:11.416,1.38987,1.39016,1.50,1.13
2011.11.10 10:50:12.023,1.38988,1.39018,1.50,3.00
2011.11.10 10:50:12.140,1.38988,1.39018,1.73,1.50
2011.11.10 10:50:12.930,1.38988,1.39017,1.73,1.50
2011.11.10 10:50:13.052,1.38988,1.39018,1.73,1.50
2011.11.10 10:50:13.643,1.38988,1.39017,1.73,1.50
2011.11.10 10:50:14.303,1.38988,1.39011,1.13,1.50
2011.11.10 10:50:14.666,1.38987,1.39015,1.43,1.50
2011.11.10 10:50:14.911,1.38987,1.39017,2.18,2.25
2011.11.10 10:50:15.155,1.38993,1.39017,1.73,1.50
2011.11.10 10:50:15.406,1.38998,1.39026,1.50,1.13
2011.11.10 10:50:15.534,1.38996,1.39026,1.50,1.88
2011.11.10 10:50:15.890,1.38996,1.39024,1.50,1.50
2011.11.10 10:50:16.478,1.38992,1.39021,1.50,1.50
2011.11.10 10:50:16.606,1.38993,1.39021,1.73,1.50
2011.11.10 10:50:16.972,1.38999,1.39028,1.73,1.50
2011.11.10 10:50:17.900,1.39002,1.39032,1.73,1.50
2011.11.10 10:50:18.410,1.39006,1.39034,1.73,1.50
2011.11.10 10:50:18.642,1.39007,1.39036,1.50,1.50
2011.11.10 10:50:19.103,1.39007,1.39034,1.50,1.35
2011.11.10 10:50:19.464,1.38998,1.39027,2.25,1.35
2011.11.10 10:50:19.595,1.38998,1.39025,1.50,1.35
2011.11.10 10:50:20.173,1.38996,1.39019,1.50,1.35
2011.11.10 10:50:20.289,1.39001,1.39027,1.50,1.50
2011.11.10 10:50:20.531,1.39001,1.39024,1.50,1.50
2011.11.10 10:50:20.772,1.38995,1.39017,1.58,1.50
2011.11.10 10:50:20.895,1.3899,1.39019,2.86,1.50
2011.11.10 10:50:21.145,1.3899,1.3902,2.86,1.50
2011.11.10 10:50:21.923,1.38997,1.39022,1.50,1.50
2011.11.10 10:50:22.025,1.39,1.39026,1.50,1.50
2011.11.10 10:50:22.159,1.39004,1.39029,1.88,1.50
2011.11.10 10:50:22.284,1.39004,1.39027,1.50,1.50
2011.11.10 10:50:22.653,1.38988,1.39006,1.10,1.35
2011.11.10 10:50:23.430,1.38983,1.39006,1.43,1.35
2011.11.10 10:50:24.019,1.38984,1.39001,1.43,1.50
2011.11.10 10:50:24.147,1.38984,1.39008,1.43,1.50
2011.11.10 10:50:24.276,1.38984,1.39001,1.13,1.13
2011.11.10 10:50:24.762,1.38981,1.39007,1.13,1.50
2011.11.10 10:50:25.322,1.38974,1.38997,1.13,1.50
2011.11.10 10:50:25.897,1.38974,1.38997,1.13,1.50
2011.11.10 10:50:26.250,1.38972,1.38993,1.13,1.50
2011.11.10 10:50:26.609,1.38968,1.38991,1.13,1.13
2011.11.10 10:50:26.730,1.38968,1.38991,1.13,1.88
2011.11.10 10:50:26.961,1.38961,1.38984,1.50,1.50
2011.11.10 10:50:27.204,1.38956,1.38984,1.05,2.25
2011.11.10 10:50:27.716,1.38956,1.38984,1.05,2.25
2011.11.10 10:50:27.850,1.38957,1.38984,1.05,1.50
2011.11.10 10:50:28.200,1.38959,1.38986,1.88,2.25
2011.11.10 10:50:28.542,1.38965,1.38988,1.50,1.50
2011.11.10 10:50:28.784,1.38961,1.38989,2.25,1.50
2011.11.10 10:50:28.913,1.38961,1.38991,1.50,2.25
2011.11.10 10:50:29.500,1.38963,1.38991,1.50,3.00
2011.11.10 10:50:30.648,1.38961,1.3899,1.50,1.50
2011.11.10 10:50:32.119,1.38961,1.38989,1.88,2.25
2011.11.10 10:50:32.958,1.38961,1.38986,1.13,1.50
2011.11.10 10:50:34.212,1.38962,1.38988,1.50,1.50
2011.11.10 10:50:34.332,1.38962,1.3899,1.50,1.88
2011.11.10 10:50:35.026,1.38962,1.3899,1.50,1.88
2011.11.10 10:50:36.160,1.38962,1.3899,1.50,1.50
2011.11.10 10:50:37.660,1.38962,1.3899,1.50,1.50
2011.11.10 10:50:37.890,1.38962,1.38993,1.50,1.50
2011.11.10 10:50:38.118,1.38962,1.38993,1.50,2.25
2011.11.10 10:50:38.239,1.38958,1.38989,2.48,1.50
2011.11.10 10:50:40.425,1.38958,1.38989,2.48,2.25
2011.11.10 10:50:40.552,1.38958,1.38988,2.48,1.50
2011.11.10 10:50:42.807,1.38958,1.38986,1.50,1.50
2011.11.10 10:50:42.934,1.38958,1.38983,1.50,1.13
2011.11.10 10:50:43.663,1.38952,1.38982,1.88,1.50
2011.11.10 10:50:43.784,1.38958,1.38986,1.50,1.50
2011.11.10 10:50:43.910,1.38958,1.38987,1.50,1.50
2011.11.10 10:50:44.383,1.38967,1.38988,1.50,1.50
2011.11.10 10:50:44.981,1.38967,1.38993,1.50,1.50
2011.11.10 10:50:45.104,1.38967,1.38992,1.50,1.50
2011.11.10 10:50:45.735,1.38972,1.38992,1.50,1.50
2011.11.10 10:50:45.871,1.38967,1.38993,1.50,1.50
2011.11.10 10:50:46.348,1.38964,1.38994,1.50,1.50
2011.11.10 10:50:46.479,1.38965,1.38992,1.73,1.35
2011.11.10 10:50:46.843,1.38958,1.38986,2.25,4.35
2011.11.10 10:50:47.786,1.38958,1.38987,1.50,1.50
2011.11.10 10:50:48.150,1.38969,1.38992,1.50,2.85
2011.11.10 10:50:48.268,1.38969,1.38992,1.50,2.25
2011.11.10 10:50:48.390,1.38969,1.38992,1.50,2.25
2011.11.10 10:50:48.971,1.38969,1.3899,1.50,1.50
2011.11.10 10:50:49.531,1.38964,1.3899,1.50,1.50
2011.11.10 10:50:50.309,1.38964,1.38991,1.50,1.50
2011.11.10 10:50:50.659,1.38962,1.3899,1.50,1.50
2011.11.10 10:50:51.147,1.38964,1.38991,1.50,1.50
2011.11.10 10:50:51.278,1.38964,1.38992,1.50,1.88
2011.11.10 10:50:52.314,1.38964,1.38992,1.50,2.25
2011.11.10 10:50:52.444,1.38964,1.38992,1.50,1.50
2011.11.10 10:50:52.800,1.38964,1.38991,1.50,1.50
2011.11.10 10:50:53.360,1.38964,1.38991,1.50,1.50
2011.11.10 10:50:53.479,1.38964,1.38992,1.50,1.50
2011.11.10 10:50:53.818,1.38964,1.38992,1.50,2.25
2011.11.10 10:50:53.942,1.38958,1.38988,1.73,1.13
2011.11.10 10:50:54.185,1.3895,1.38979,2.48,1.50
2011.11.10 10:50:54.437,1.38953,1.38983,1.50,1.50
2011.11.10 10:50:54.923,1.38956,1.38984,1.50,2.10
2011.11.10 10:50:55.063,1.3896,1.38984,1.50,1.35
2011.11.10 10:50:55.425,1.38966,1.38992,1.50,1.88
2011.11.10 10:50:55.553,1.38966,1.3899,1.50,1.13
2011.11.10 10:50:55.674,1.38956,1.38987,1.50,3.00
2011.11.10 10:50:55.923,1.38956,1.38984,1.50,1.50
2011.11.10 10:50:56.164,1.38951,1.38981,1.73,1.50
2011.11.10 10:50:56.293,1.38951,1.38981,1.73,1.50
2011.11.10 10:50:57.151,1.38961,1.38986,1.50,1.58
2011.11.10 10:50:57.275,1.38963,1.38989,1.50,1.88
2011.11.10 10:50:58.800,1.38963,1.38989,1.50,1.50
2011.11.10 10:50:59.043,1.38963,1.38989,1.50,1.50
2011.11.10 10:50:59.887,1.38963,1.38992,1.50,2.63
2011.11.10 10:51:00.018,1.38963,1.38991,1.50,1.50
2011.11.10 10:51:00.617,1.38963,1.38993,1.73,1.50
2011.11.10 10:51:00.865,1.38958,1.38988,2.11,1.50
2011.11.10 10:51:01.367,1.38958,1.38989,1.88,1.50
2011.11.10 10:51:02.030,1.38958,1.38989,1.50,1.50
2011.11.10 10:51:02.153,1.38958,1.38986,1.50,1.50
2011.11.10 10:51:02.783,1.38962,1.38989,2.25,1.50
2011.11.10 10:51:03.144,1.38962,1.38993,1.73,1.50
2011.11.10 10:51:04.084,1.38962,1.38992,1.50,1.50
2011.11.10 10:51:04.444,1.38962,1.38992,1.50,3.75
2011.11.10 10:51:05.594,1.38962,1.38992,1.50,1.50
2011.11.10 10:51:05.963,1.38973,1.38999,1.50,1.50
2011.11.10 10:51:06.323,1.38963,1.38993,1.50,1.50
2011.11.10 10:51:06.548,1.38963,1.38993,1.50,1.50
2011.11.10 10:51:07.395,1.38963,1.38992,1.50,1.50
2011.11.10 10:51:07.881,1.38963,1.38991,1.50,2.25
2011.11.10 10:51:08.559,1.38963,1.38989,1.50,1.50
2011.11.10 10:51:08.923,1.38963,1.38992,1.50,1.50
2011.11.10 10:51:09.390,1.38963,1.38994,1.50,2.25
2011.11.10 10:51:10.218,1.38964,1.38994,1.58,3.00
2011.11.10 10:51:10.462,1.38964,1.38993,1.35,1.88
2011.11.10 10:51:10.808,1.38958,1.38989,2.48,1.50
2011.11.10 10:51:10.931,1.38958,1.38988,1.50,1.50
2011.11.10 10:51:11.501,1.38958,1.38989,1.50,1.50
2011.11.10 10:51:12.665,1.38958,1.38988,2.48,1.50
2011.11.10 10:51:14.973,1.38961,1.38989,2.25,1.50
2011.11.10 10:51:15.214,1.38961,1.38991,1.50,1.50
2011.11.10 10:51:15.343,1.38961,1.38991,1.50,1.50
2011.11.10 10:51:16.187,1.38961,1.38991,1.50,2.25
2011.11.10 10:51:16.432,1.38961,1.3899,1.50,1.50
2011.11.10 10:51:17.186,1.38956,1.38987,2.25,1.50
2011.11.10 10:51:17.315,1.38956,1.38986,1.50,1.50
2011.11.10 10:51:17.897,1.38956,1.38986,1.50,1.50
2011.11.10 10:51:18.261,1.38955,1.38984,2.25,1.50
2011.11.10 10:51:20.241,1.38956,1.38986,1.50,1.50
2011.11.10 10:51:21.150,1.38956,1.38986,1.88,1.50
2011.11.10 10:51:21.382,1.38961,1.38989,1.50,1.35
2011.11.10 10:51:21.508,1.38961,1.38989,1.50,1.35
2011.11.10 10:51:22.083,1.38961,1.38986,1.50,1.50
2011.11.10 10:51:23.039,1.38961,1.38988,1.50,2.25
2011.11.10 10:51:23.163,1.38961,1.3899,1.50,1.50
2011.11.10 10:51:23.285,1.38961,1.3899,1.50,1.13
2011.11.10 10:51:23.871,1.38961,1.38986,1.50,1.50
2011.11.10 10:51:26.727,1.38962,1.38988,1.50,2.25
2011.11.10 10:51:27.087,1.3896,1.38986,1.50,2.25
2011.11.10 10:51:27.213,1.38956,1.38986,2.48,1.50
2011.11.10 10:51:27.345,1.38956,1.38983,1.50,1.50
2011.11.10 10:51:27.472,1.38957,1.38985,1.50,2.25
2011.11.10 10:51:27.982,1.38962,1.38989,1.50,1.50
2011.11.10 10:51:28.344,1.38961,1.38988,1.50,1.50
2011.11.10 10:51:28.716,1.3896,1.38986,1.50,1.50
2011.11.10 10:51:29.081,1.38958,1.38987,1.50,1.50
2011.11.10 10:51:30.484,1.38961,1.38991,1.50,1.50
2011.11.10 10:51:32.393,1.38961,1.38989,1.50,1.50
2011.11.10 10:51:32.644,1.38971,1.38995,1.50,1.19
2011.11.10 10:51:33.105,1.38971,1.38998,1.50,1.50
2011.11.10 10:51:33.241,1.38972,1.39,1.50,2.25
2011.11.10 10:51:33.713,1.38972,1.39,1.50,1.50
2011.11.10 10:51:34.289,1.38972,1.39002,1.50,1.50
2011.11.10 10:51:34.529,1.3897,1.38997,1.73,1.50
2011.11.10 10:51:35.073,1.3897,1.38999,1.50,1.50
2011.11.10 10:51:35.679,1.38973,1.38998,1.50,1.50
2011.11.10 10:51:35.921,1.38973,1.39001,1.50,1.50
2011.11.10 10:51:36.832,1.38975,1.39,1.50,1.50
2011.11.10 10:51:37.311,1.38977,1.39002,3.00,1.50
2011.11.10 10:51:37.460,1.3898,1.39006,1.50,4.13
2011.11.10 10:51:37.577,1.38971,1.38998,1.73,1.50
2011.11.10 10:51:39.477,1.38967,1.38997,1.50,1.50
2011.11.10 10:51:39.954,1.38972,1.38999,2.25,1.13
2011.11.10 10:51:40.297,1.38974,1.39005,1.50,1.50
2011.11.10 10:51:40.661,1.38974,1.39004,1.50,1.50
2011.11.10 10:51:40.906,1.38974,1.39004,1.50,1.50
2011.11.10 10:51:41.517,1.38974,1.39004,1.50,1.50
2011.11.10 10:51:42.002,1.38969,1.39001,3.23,1.50
2011.11.10 10:51:42.239,1.38969,1.39001,3.23,1.50
2011.11.10 10:51:44.093,1.38971,1.39001,1.36,1.50
2011.11.10 10:51:44.884,1.38973,1.39001,1.73,1.50
2011.11.10 10:51:45.469,1.38977,1.39006,1.73,1.50
2011.11.10 10:51:46.035,1.38976,1.39006,1.73,2.25
2011.11.10 10:51:46.616,1.38974,1.39005,2.48,1.50
2011.11.10 10:51:49.089,1.38974,1.39005,2.48,1.50
2011.11.10 10:51:49.693,1.38974,1.39005,1.50,1.50
2011.11.10 10:51:50.970,1.38973,1.38999,1.73,1.50
2011.11.10 10:51:51.099,1.38973,1.39003,1.73,1.50
2011.11.10 10:51:51.335,1.38976,1.39007,2.25,1.50
2011.11.10 10:51:52.253,1.38979,1.39007,1.50,2.25
2011.11.10 10:51:52.621,1.38985,1.39014,1.50,2.25
2011.11.10 10:51:52.740,1.38984,1.39013,1.50,1.50
2011.11.10 10:51:53.316,1.38979,1.39009,1.50,1.50
2011.11.10 10:51:53.658,1.38977,1.39009,1.50,1.50
2011.11.10 10:51:53.888,1.38974,1.39001,1.73,1.50
2011.11.10 10:51:54.254,1.38975,1.39005,2.48,1.50
2011.11.10 10:51:54.500,1.38975,1.39004,1.73,1.50
2011.11.10 10:51:54.841,1.38977,1.39005,1.73,1.50
2011.11.10 10:51:55.422,1.38978,1.39008,1.73,1.50
2011.11.10 10:51:56.211,1.38982,1.39011,1.50,1.13
2011.11.10 10:51:56.576,1.38988,1.39017,2.48,1.34
2011.11.10 10:51:56.703,1.38988,1.39017,2.48,1.34
2011.11.10 10:51:56.949,1.3899,1.39016,1.13,1.34
2011.11.10 10:51:57.480,1.38987,1.39005,1.13,1.35
2011.11.10 10:51:57.614,1.38973,1.39001,1.50,2.25
2011.11.10 10:51:58.219,1.38975,1.39,3.23,1.50
2011.11.10 10:51:58.340,1.38981,1.39006,1.73,1.13
2011.11.10 10:51:58.998,1.38981,1.39007,2.48,1.50
2011.11.10 10:52:00.551,1.38978,1.39006,1.73,1.50
2011.11.10 10:52:00.797,1.38974,1.39001,1.73,1.50
2011.11.10 10:52:02.256,1.38983,1.39012,1.73,1.50
2011.11.10 10:52:02.778,1.38983,1.39012,1.73,1.50
2011.11.10 10:52:02.897,1.38987,1.39016,1.50,1.50
2011.11.10 10:52:03.242,1.38987,1.39015,1.50,1.50
2011.11.10 10:52:03.609,1.38986,1.39015,1.50,1.50
2011.11.10 10:52:04.175,1.38981,1.39011,1.50,1.50
2011.11.10 10:52:04.998,1.38982,1.39013,1.73,1.50
2011.11.10 10:52:05.921,1.38981,1.39011,1.50,1.50
2011.11.10 10:52:06.400,1.38981,1.39011,1.50,1.50
2011.11.10 10:52:06.525,1.38981,1.3901,1.50,1.50
2011.11.10 10:52:06.650,1.38979,1.39008,1.50,1.50
2011.11.10 10:52:06.768,1.38977,1.39008,1.50,2.25
2011.11.10 10:52:06.893,1.38975,1.39005,2.48,1.50
2011.11.10 10:52:07.680,1.38977,1.39008,1.50,3.00
2011.11.10 10:52:07.804,1.38978,1.39008,1.50,2.25
2011.11.10 10:52:08.410,1.3898,1.39008,1.50,1.50
2011.11.10 10:52:10.733,1.38977,1.39005,2.11,1.50
2011.11.10 10:52:11.148,1.38981,1.39005,2.48,1.50
2011.11.10 10:52:12.162,1.38981,1.39005,2.48,1.50
2011.11.10 10:52:12.414,1.38986,1.3901,1.50,1.50
2011.11.10 10:52:13.358,1.38981,1.39009,1.13,1.50
2011.11.10 10:52:13.910,1.38978,1.39009,1.50,1.50
2011.11.10 10:52:14.033,1.38979,1.3901,1.50,2.25
2011.11.10 10:52:14.639,1.3898,1.39009,2.11,1.50
2011.11.10 10:52:14.881,1.38983,1.3901,1.50,1.50
2011.11.10 10:52:15.241,1.38985,1.39015,1.73,1.50
2011.11.10 10:52:17.309,1.38989,1.39019,1.50,2.25
2011.11.10 10:52:17.428,1.38989,1.39021,1.73,1.50
2011.11.10 10:52:18.263,1.38988,1.39017,1.73,1.50
2011.11.10 10:52:18.641,1.38983,1.39013,1.50,2.25
2011.11.10 10:52:19.103,1.38984,1.39015,1.50,1.50
2011.11.10 10:52:20.259,1.38982,1.39015,1.50,1.50
2011.11.10 10:52:23.101,1.38986,1.39014,1.50,1.50
2011.11.10 10:52:24.285,1.38986,1.39016,1.50,1.50
2011.11.10 10:52:30.498,1.38984,1.39014,2.48,1.50
2011.11.10 10:52:30.849,1.3898,1.3901,2.48,1.50
2011.11.10 10:52:30.967,1.3898,1.3901,1.73,1.50
2011.11.10 10:52:33.794,1.3898,1.3901,1.73,1.50
2011.11.10 10:52:34.616,1.3898,1.39012,2.48,1.50
2011.11.10 10:52:34.740,1.3898,1.39012,2.25,1.50
2011.11.10 10:52:34.980,1.38982,1.39012,1.50,1.50
2011.11.10 10:52:35.429,1.38985,1.39016,1.50,2.25
2011.11.10 10:52:37.208,1.38985,1.39016,1.50,1.50
2011.11.10 10:52:39.467,1.38985,1.39016,1.50,1.50
2011.11.10 10:52:41.787,1.38991,1.39016,1.50,1.50
2011.11.10 10:52:42.029,1.38986,1.39014,1.73,1.50
2011.11.10 10:52:43.109,1.38985,1.39014,1.73,1.50
2011.11.10 10:52:43.350,1.38986,1.39015,1.50,1.50
2011.11.10 10:52:46.606,1.38986,1.39014,1.50,2.10
2011.11.10 10:52:46.739,1.38984,1.3901,1.50,1.50
2011.11.10 10:52:46.860,1.38978,1.39008,1.50,1.50
2011.11.10 10:52:52.839,1.38978,1.39008,1.73,1.50
2011.11.10 10:52:52.972,1.38983,1.39013,1.50,2.25
2011.11.10 10:52:53.342,1.38984,1.39015,1.36,2.25
2011.11.10 10:52:53.706,1.38984,1.39015,2.11,1.50
2011.11.10 10:52:53.828,1.38985,1.39013,1.73,1.50
2011.11.10 10:52:54.397,1.38986,1.39013,1.73,1.50
2011.11.10 10:52:55.170,1.38986,1.39009,1.73,1.50
2011.11.10 10:52:55.410,1.38983,1.39015,3.08,3.00
2011.11.10 10:52:55.527,1.38983,1.39013,3.23,1.50
2011.11.10 10:52:56.206,1.38986,1.39015,1.73,1.13
2011.11.10 10:52:56.456,1.3898,1.39009,1.73,2.25
2011.11.10 10:53:00.216,1.38983,1.39013,1.50,1.50
2011.11.10 10:53:00.987,1.38982,1.39013,2.25,2.25
2011.11.10 10:53:01.956,1.38983,1.39013,1.50,2.25
2011.11.10 10:53:04.927,1.38983,1.39011,1.50,1.50
2011.11.10 10:53:05.637,1.38983,1.39011,1.50,1.88
2011.11.10 10:53:05.993,1.38978,1.39006,2.48,1.50
2011.11.10 10:53:06.124,1.38983,1.3901,1.50,1.50
2011.11.10 10:53:06.488,1.38983,1.39011,1.50,1.50
2011.11.10 10:53:06.851,1.38982,1.39011,1.50,1.50
2011.11.10 10:53:07.698,1.38983,1.39011,1.50,2.25
2011.11.10 10:53:08.061,1.38983,1.39008,1.50,1.50
2011.11.10 10:53:08.627,1.38981,1.39006,2.25,1.50
2011.11.10 10:53:09.109,1.38977,1.39007,1.50,1.50
2011.11.10 10:53:09.235,1.38977,1.39007,1.73,1.50
2011.11.10 10:53:09.819,1.38977,1.39007,1.73,1.50
2011.11.10 10:53:12.780,1.38982,1.39012,2.48,1.50
2011.11.10 10:53:12.901,1.38983,1.39012,1.36,1.50
2011.11.10 10:53:14.105,1.38986,1.39017,1.50,2.25
2011.11.10 10:53:15.319,1.38987,1.39017,1.50,2.25
2011.11.10 10:53:17.846,1.38987,1.39017,1.73,1.50
2011.11.10 10:53:18.941,1.38987,1.39018,1.73,1.50
2011.11.10 10:53:19.385,1.3899,1.39018,1.50,1.50
2011.11.10 10:53:19.741,1.3899,1.39013,1.73,1.13
2011.11.10 10:53:19.866,1.38988,1.39015,1.50,1.13
2011.11.10 10:53:19.993,1.38988,1.39017,1.50,1.71
2011.11.10 10:53:20.357,1.38989,1.3902,1.50,3.00
2011.11.10 10:53:20.479,1.38989,1.39019,1.50,1.50
2011.11.10 10:53:20.962,1.38989,1.3902,1.50,2.25
2011.11.10 10:53:22.267,1.38989,1.39019,1.50,1.50
2011.11.10 10:53:22.618,1.38989,1.3902,2.48,1.50
2011.11.10 10:53:23.200,1.38994,1.39022,1.50,1.50
2011.11.10 10:53:23.321,1.38994,1.39024,2.25,1.50
2011.11.10 10:53:24.249,1.38994,1.39024,1.50,1.50
2011.11.10 10:53:27.883,1.38994,1.39025,1.73,1.50
2011.11.10 10:53:28.018,1.38994,1.39025,2.48,1.50
2011.11.10 10:53:28.599,1.38994,1.39025,1.50,1.50
2011.11.10 10:53:29.089,1.38995,1.39026,1.50,2.25
2011.11.10 10:53:29.330,1.38995,1.39025,1.73,1.50
2011.11.10 10:53:29.447,1.38994,1.39024,1.50,1.50
2011.11.10 10:53:29.899,1.38994,1.39024,1.50,1.50
2011.11.10 10:53:30.395,1.38995,1.3902,1.50,1.50
2011.11.10 10:53:30.533,1.39001,1.3903,1.50,2.25
2011.11.10 10:53:30.664,1.38998,1.39028,1.50,1.13
2011.11.10 10:53:30.791,1.38993,1.39023,1.73,1.50
2011.11.10 10:53:31.271,1.38992,1.39021,1.50,1.50
2011.11.10 10:53:31.858,1.38988,1.39018,2.48,2.25
2011.11.10 10:53:33.788,1.38988,1.39018,1.50,2.25
2011.11.10 10:53:34.145,1.38986,1.39014,1.50,1.50
2011.11.10 10:53:34.273,1.38983,1.39012,1.50,2.25
2011.11.10 10:53:36.783,1.38983,1.39012,2.25,1.50
2011.11.10 10:53:37.273,1.38985,1.39014,2.48,1.50
2011.11.10 10:53:37.401,1.38988,1.39018,1.50,1.50
2011.11.10 10:53:39.212,1.38988,1.39019,1.50,1.50
2011.11.10 10:53:40.369,1.38991,1.39022,2.25,1.50
2011.11.10 10:53:41.930,1.3899,1.39022,1.73,2.25
2011.11.10 10:53:42.047,1.38989,1.3902,1.73,1.50
2011.11.10 10:53:42.627,1.38989,1.3902,1.50,2.25
2011.11.10 10:53:44.399,1.38988,1.39018,1.50,1.50
2011.11.10 10:53:45.660,1.38989,1.39018,1.50,1.50
2011.11.10 10:53:45.907,1.38993,1.39021,1.50,1.50
2011.11.10 10:53:46.449,1.38993,1.39023,1.50,1.50
2011.11.10 10:53:46.799,1.38993,1.39023,1.50,1.50
2011.11.10 10:53:48.319,1.38993,1.39022,1.50,1.50
2011.11.10 10:53:48.887,1.38993,1.39022,1.50,1.50
2011.11.10 10:53:50.256,1.38993,1.39022,1.50,1.50
2011.11.10 10:53:54.488,1.38993,1.39021,1.50,1.50
2011.11.10 10:53:54.842,1.38995,1.39025,1.50,1.50
2011.11.10 10:53:55.289,1.38995,1.39023,1.50,1.50
2011.11.10 10:53:56.057,1.38995,1.39023,1.50,1.50
2011.11.10 10:53:57.329,1.38995,1.39024,1.50,1.50
2011.11.10 10:54:00.929,1.3899,1.3902,1.73,1.50
2011.11.10 10:54:02.377,1.3899,1.39022,1.73,2.25
2011.11.10 10:54:03.054,1.3899,1.39022,1.73,1.50
2011.11.10 10:54:05.566,1.38996,1.39024,1.50,2.25
2011.11.10 10:54:07.368,1.38996,1.39022,1.50,1.13
2011.11.10 10:54:07.489,1.38989,1.39019,1.73,1.50
2011.11.10 10:54:07.611,1.38985,1.39015,1.73,2.25
2011.11.10 10:54:07.735,1.38983,1.39012,1.73,1.50
2011.11.10 10:54:08.322,1.38978,1.3901,2.25,2.25
2011.11.10 10:54:08.454,1.38979,1.39011,1.58,1.50
2011.11.10 10:54:08.580,1.38986,1.39012,1.50,1.13
2011.11.10 10:54:08.821,1.38984,1.39012,1.50,1.88
2011.11.10 10:54:08.942,1.38981,1.39012,1.50,2.63
2011.11.10 10:54:09.547,1.38982,1.3901,1.73,1.50
2011.11.10 10:54:10.599,1.38983,1.39012,1.58,1.50
2011.11.10 10:54:13.018,1.38987,1.39012,1.73,1.50
2011.11.10 10:54:13.630,1.38985,1.39012,1.73,2.25
2011.11.10 10:54:14.786,1.38981,1.3901,3.98,1.50
2011.11.10 10:54:15.033,1.38985,1.39013,2.48,1.13
2011.11.10 10:54:15.282,1.38985,1.39015,1.73,1.50
2011.11.10 10:54:16.706,1.38985,1.39015,1.50,2.25
2011.11.10 10:54:17.978,1.38985,1.39015,1.50,1.50
2011.11.10 10:54:18.768,1.38989,1.39016,1.50,1.50
2011.11.10 10:54:19.680,1.38988,1.39016,1.73,1.50
2011.11.10 10:54:20.396,1.38985,1.39016,2.48,1.50
2011.11.10 10:54:22.072,1.3899,1.3902,1.50,2.25
2011.11.10 10:54:22.190,1.3899,1.3902,1.50,1.50
2011.11.10 10:54:23.093,1.3899,1.39021,1.50,1.50
2011.11.10 10:54:23.452,1.38994,1.3902,1.13,1.50
2011.11.10 10:54:24.038,1.3899,1.3902,1.73,1.50
2011.11.10 10:54:24.169,1.38987,1.39015,1.73,1.50
2011.11.10 10:54:24.410,1.38985,1.39015,2.48,1.50
2011.11.10 10:54:25.848,1.38987,1.39015,1.73,1.50
2011.11.10 10:54:26.307,1.3899,1.3902,1.50,1.50
2011.11.10 10:54:26.871,1.38995,1.39026,1.50,2.25
2011.11.10 10:54:27.413,1.38991,1.3902,2.48,1.50
2011.11.10 10:54:27.998,1.38991,1.39019,1.50,1.50
2011.11.10 10:54:30.419,1.38995,1.39022,1.50,1.50
2011.11.10 10:54:30.661,1.38997,1.39024,1.50,1.13
2011.11.10 10:54:32.857,1.38995,1.39025,1.50,1.13
2011.11.10 10:54:32.980,1.38992,1.39021,1.50,1.13
2011.11.10 10:54:33.475,1.38988,1.39017,1.50,1.50
2011.11.10 10:54:33.602,1.38988,1.39015,1.50,1.13
2011.11.10 10:54:34.157,1.38988,1.39014,1.50,1.13
2011.11.10 10:54:34.407,1.38996,1.39015,1.50,1.50
2011.11.10 10:54:34.650,1.38996,1.39025,1.50,2.09
2011.11.10 10:54:34.768,1.38996,1.39025,1.50,1.50
2011.11.10 10:54:36.257,1.38996,1.39026,1.50,1.50
2011.11.10 10:54:36.860,1.38992,1.39021,1.73,1.50
2011.11.10 10:54:37.207,1.38991,1.39019,1.50,1.88
2011.11.10 10:54:38.633,1.38989,1.39021,2.48,3.21
2011.11.10 10:54:39.246,1.38984,1.39015,2.48,1.50
2011.11.10 10:54:39.614,1.38984,1.39014,2.48,1.50
2011.11.10 10:54:39.742,1.38984,1.39014,2.48,2.25
2011.11.10 10:54:39.866,1.38984,1.39014,1.50,2.25
2011.11.10 10:54:40.437,1.38979,1.3901,1.50,2.25
2011.11.10 10:54:41.017,1.38979,1.3901,1.73,1.50
2011.11.10 10:54:42.027,1.38984,1.39014,1.50,3.00
2011.11.10 10:54:42.158,1.38984,1.39014,1.50,2.25
2011.11.10 10:54:42.501,1.38984,1.39015,1.50,1.50
2011.11.10 10:54:45.248,1.3898,1.39011,2.48,1.50
2011.11.10 10:54:45.807,1.3898,1.3901,2.48,1.50
2011.11.10 10:54:47.754,1.3898,1.39008,1.50,1.50
2011.11.10 10:54:48.669,1.38975,1.39005,1.73,1.50
2011.11.10 10:54:49.035,1.38985,1.39002,1.88,2.25
2011.11.10 10:54:49.279,1.38988,1.39017,1.13,2.29
2011.11.10 10:54:49.867,1.39001,1.39028,1.50,1.50
2011.11.10 10:54:50.458,1.39002,1.39031,1.13,3.00
2011.11.10 10:54:51.351,1.39,1.39028,1.50,1.50
2011.11.10 10:54:51.470,1.38998,1.39026,1.73,1.50
2011.11.10 10:54:51.808,1.38998,1.39028,1.73,2.85
2011.11.10 10:54:52.353,1.38998,1.39027,1.73,1.50
2011.11.10 10:54:52.486,1.38997,1.39027,2.48,1.88
2011.11.10 10:54:52.609,1.38997,1.39026,2.48,1.50
2011.11.10 10:54:52.848,1.38997,1.39023,1.73,1.50
2011.11.10 10:54:54.287,1.38997,1.39023,1.73,1.50
2011.11.10 10:54:56.151,1.38997,1.39023,1.73,2.25
2011.11.10 10:54:56.895,1.38989,1.39014,1.73,1.88
2011.11.10 10:54:57.144,1.38994,1.39024,1.50,1.50
2011.11.10 10:54:57.272,1.38994,1.39024,1.50,1.50
2011.11.10 10:54:57.846,1.38995,1.39024,1.73,1.50
2011.11.10 10:54:58.212,1.38995,1.39024,3.23,1.50
2011.11.10 10:54:58.342,1.38998,1.39025,1.73,1.50
2011.11.10 10:54:58.929,1.38999,1.3903,1.73,2.25
2011.11.10 10:55:00.585,1.38995,1.39025,1.73,1.50
2011.11.10 10:55:00.716,1.38994,1.39024,2.48,1.50
2011.11.10 10:55:01.288,1.38994,1.39024,3.23,1.50
2011.11.10 10:55:02.699,1.38994,1.39024,2.25,1.50
2011.11.10 10:55:02.941,1.38999,1.39026,1.50,1.50
2011.11.10 10:55:03.528,1.38998,1.39029,3.00,1.50
2011.11.10 10:55:04.321,1.38997,1.39027,1.50,2.25
2011.11.10 10:55:05.141,1.38996,1.39027,2.25,2.25
2011.11.10 10:55:05.709,1.38996,1.39027,1.50,2.25
2011.11.10 10:55:05.831,1.3899,1.3902,2.25,1.50
2011.11.10 10:55:06.057,1.38989,1.3902,1.50,1.50
2011.11.10 10:55:06.567,1.38988,1.3902,2.25,3.00
2011.11.10 10:55:08.409,1.38992,1.3902,1.50,2.25
2011.11.10 10:55:08.783,1.38988,1.39014,1.50,1.35
2011.11.10 10:55:09.152,1.38975,1.39003,1.73,1.50
2011.11.10 10:55:09.281,1.38975,1.39003,1.50,1.50
2011.11.10 10:55:09.747,1.38973,1.39003,1.73,1.50
2011.11.10 10:55:12.239,1.38969,1.38999,1.73,1.50
2011.11.10 10:55:12.361,1.38969,1.39,2.48,2.25
2011.11.10 10:55:14.568,1.38969,1.38999,1.50,2.25
2011.11.10 10:55:14.932,1.38981,1.39007,1.50,2.33
2011.11.10 10:55:15.180,1.38977,1.39007,1.50,2.33
2011.11.10 10:55:15.414,1.38985,1.39007,1.50,1.58
2011.11.10 10:55:15.543,1.38985,1.39011,1.50,1.50
2011.11.10 10:55:15.669,1.38985,1.39011,1.50,1.50
2011.11.10 10:55:15.791,1.38985,1.39014,1.50,1.88
2011.11.10 10:55:19.868,1.38985,1.39015,1.50,1.50
2011.11.10 10:55:20.110,1.38991,1.39018,1.50,1.50
2011.11.10 10:55:20.349,1.38991,1.39019,1.50,1.13
2011.11.10 10:55:21.490,1.38991,1.39019,1.50,2.25
2011.11.10 10:55:21.609,1.38991,1.39018,1.50,1.50
2011.11.10 10:55:22.186,1.38991,1.3902,1.50,1.50
2011.11.10 10:55:25.021,1.38991,1.3902,1.50,1.50
2011.11.10 10:55:29.789,1.38991,1.3902,1.50,1.50
2011.11.10 10:55:30.034,1.38991,1.39019,1.50,1.50
2011.11.10 10:55:30.400,1.38987,1.39012,1.50,1.50
2011.11.10 10:55:30.643,1.38984,1.39011,1.50,1.50
2011.11.10 10:55:32.110,1.38986,1.39016,1.50,1.50
2011.11.10 10:55:32.468,1.38991,1.39018,1.50,1.50
2011.11.10 10:55:34.086,1.38991,1.39021,1.50,2.25
2011.11.10 10:55:35.038,1.3899,1.39021,2.25,2.25
2011.11.10 10:55:35.529,1.38984,1.39013,1.73,1.50
2011.11.10 10:55:36.478,1.38983,1.39011,1.50,1.50
2011.11.10 10:55:36.603,1.38981,1.39007,1.50,1.50
2011.11.10 10:55:36.850,1.38982,1.39008,1.73,1.50
2011.11.10 10:55:37.084,1.38983,1.39013,1.73,1.50
2011.11.10 10:55:37.646,1.38983,1.39013,1.50,1.50
2011.11.10 10:55:42.431,1.3898,1.39008,2.48,1.50
2011.11.10 10:55:42.552,1.38979,1.39004,1.73,1.50
2011.11.10 10:55:42.669,1.38975,1.39004,1.50,1.50
2011.11.10 10:55:42.793,1.38975,1.39007,1.50,1.50
2011.11.10 10:55:43.898,1.38974,1.39003,1.36,1.50
2011.11.10 10:55:47.110,1.38978,1.39009,2.48,1.50
2011.11.10 10:55:47.235,1.38983,1.39011,1.73,1.50
2011.11.10 10:55:47.360,1.38983,1.39013,2.11,1.88
2011.11.10 10:55:47.602,1.38988,1.39013,1.50,1.88
2011.11.10 10:55:47.845,1.38991,1.39017,1.50,2.25
2011.11.10 10:55:48.095,1.38992,1.39017,1.35,1.50
2011.11.10 10:55:48.219,1.38995,1.3902,2.48,1.50
2011.11.10 10:55:48.807,1.39,1.39024,1.50,1.58
2011.11.10 10:55:48.939,1.38997,1.39024,2.48,1.50
2011.11.10 10:55:49.723,1.38997,1.39026,3.00,1.50
2011.11.10 10:55:51.509,1.38998,1.39026,1.50,1.50
2011.11.10 10:55:51.636,1.38998,1.39025,1.50,1.50
2011.11.10 10:55:51.763,1.38998,1.39025,1.50,1.50
2011.11.10 10:55:52.012,1.38998,1.39028,1.50,1.50
2011.11.10 10:55:52.874,1.38999,1.3903,1.36,1.50
2011.11.10 10:55:53.011,1.39003,1.39033,1.73,1.50
2011.11.10 10:55:53.258,1.39007,1.39035,1.50,1.50
2011.11.10 10:55:53.379,1.39009,1.39038,1.50,1.88
2011.11.10 10:55:53.500,1.39007,1.39038,1.50,1.13
2011.11.10 10:55:53.738,1.39007,1.39038,1.50,1.35
2011.11.10 10:55:54.318,1.39008,1.39038,1.50,1.35
2011.11.10 10:55:55.350,1.39009,1.39037,1.50,1.50
2011.11.10 10:55:56.058,1.39009,1.39039,1.50,2.25
2011.11.10 10:55:56.287,1.39009,1.39039,1.50,1.50
2011.11.10 10:55:57.141,1.39007,1.39039,1.50,2.25
2011.11.10 10:55:59.089,1.39007,1.39032,1.50,1.50
2011.11.10 10:55:59.449,1.39002,1.39031,2.25,1.50
2011.11.10 10:56:00.037,1.39004,1.39032,1.50,1.50
2011.11.10 10:56:00.157,1.39003,1.39031,1.50,1.50
2011.11.10 10:56:00.893,1.39001,1.39029,1.50,1.50
2011.11.10 10:56:01.144,1.38999,1.39026,1.50,1.50
2011.11.10 10:56:01.620,1.38999,1.39029,1.50,2.25
2011.11.10 10:56:02.754,1.38998,1.39029,1.50,2.25
2011.11.10 10:56:03.003,1.38999,1.39029,1.50,2.25
2011.11.10 10:56:03.634,1.39004,1.3903,1.50,1.50
2011.11.10 10:56:04.028,1.39002,1.39032,1.73,1.50
2011.11.10 10:56:04.608,1.39002,1.3903,2.48,1.50
2011.11.10 10:56:05.071,1.39002,1.39032,1.73,1.50
2011.11.10 10:56:05.417,1.39002,1.39032,1.73,1.50
2011.11.10 10:56:06.493,1.39002,1.39032,1.73,1.50
2011.11.10 10:56:06.978,1.39002,1.39033,1.50,2.25
2011.11.10 10:56:07.217,1.39002,1.39033,1.50,3.00
2011.11.10 10:56:07.572,1.39002,1.39031,1.50,1.50
2011.11.10 10:56:08.356,1.38998,1.39028,1.50,1.50
2011.11.10 10:56:08.716,1.39006,1.39029,1.50,1.50
2011.11.10 10:56:09.320,1.39001,1.39031,1.50,1.50
2011.11.10 10:56:09.450,1.38997,1.39026,1.36,1.50
2011.11.10 10:56:10.038,1.38998,1.39026,3.23,1.50
2011.11.10 10:56:10.398,1.39001,1.3903,1.35,1.50
2011.11.10 10:56:10.521,1.39003,1.39031,1.50,1.50
2011.11.10 10:56:11.509,1.38997,1.39027,2.10,2.25
2011.11.10 10:56:12.885,1.39002,1.39029,1.50,1.50
2011.11.10 10:56:13.953,1.38998,1.39026,1.73,1.50
2011.11.10 10:56:14.203,1.38995,1.39016,1.50,2.10
2011.11.10 10:56:14.333,1.38985,1.39013,2.37,1.35
2011.11.10 10:56:14.460,1.38983,1.39009,1.50,2.48
2011.11.10 10:56:14.579,1.38977,1.39007,1.85,2.48
2011.11.10 10:56:14.812,1.38976,1.39007,1.50,2.48
2011.11.10 10:56:15.173,1.38975,1.39005,2.25,1.50
2011.11.10 10:56:15.539,1.38975,1.39,1.50,1.13
2011.11.10 10:56:15.901,1.38971,1.38999,1.50,1.50
2011.11.10 10:56:16.018,1.38965,1.38999,1.50,1.50
2011.11.10 10:56:16.872,1.38959,1.38994,1.88,1.50
2011.11.10 10:56:17.241,1.38963,1.38988,2.25,1.50
2011.11.10 10:56:17.482,1.38968,1.38995,1.50,3.00
2011.11.10 10:56:17.709,1.38963,1.38988,1.50,1.50
2011.11.10 10:56:18.227,1.38963,1.38988,1.50,2.25
2011.11.10 10:56:18.908,1.38963,1.38989,1.50,1.50
2011.11.10 10:56:19.367,1.38974,1.38989,1.50,1.50
2011.11.10 10:56:19.499,1.38975,1.39005,1.50,2.25
2011.11.10 10:56:19.861,1.38982,1.39007,1.50,1.50
2011.11.10 10:56:20.100,1.38982,1.39009,1.50,1.50
2011.11.10 10:56:20.693,1.38982,1.3901,1.73,1.50
2011.11.10 10:56:20.927,1.38982,1.39012,1.73,1.50
2011.11.10 10:56:21.158,1.38981,1.3901,1.50,1.50
2011.11.10 10:56:21.386,1.38979,1.39009,2.25,1.50
2011.11.10 10:56:25.059,1.38985,1.3901,1.50,1.50
2011.11.10 10:56:25.734,1.3898,1.39012,2.25,1.50
2011.11.10 10:56:25.864,1.3898,1.39009,2.25,1.50
2011.11.10 10:56:26.983,1.3898,1.39005,1.50,2.25
2011.11.10 10:56:27.115,1.38974,1.39002,1.50,1.50
2011.11.10 10:56:27.243,1.3897,1.38997,1.50,1.50
2011.11.10 10:56:27.374,1.38972,1.38997,1.50,1.50
2011.11.10 10:56:27.504,1.38974,1.38999,1.50,1.50
2011.11.10 10:56:27.630,1.38976,1.39002,1.50,2.25
2011.11.10 10:56:28.529,1.38976,1.39002,1.50,1.50
2011.11.10 10:56:29.370,1.38978,1.39005,1.50,1.50
2011.11.10 10:56:30.057,1.38978,1.39008,1.50,1.50
2011.11.10 10:56:30.398,1.38978,1.39008,1.50,1.50
2011.11.10 10:56:32.707,1.38978,1.39008,2.25,2.25
2011.11.10 10:56:33.159,1.38981,1.39009,1.50,1.50
2011.11.10 10:56:33.992,1.38983,1.39012,1.50,1.50
2011.11.10 10:56:34.118,1.38981,1.39011,1.50,1.50
2011.11.10 10:56:34.878,1.38976,1.39001,1.58,2.63
2011.11.10 10:56:35.015,1.38968,1.38994,1.50,1.50
2011.11.10 10:56:35.485,1.38966,1.38994,1.50,1.50
2011.11.10 10:56:35.850,1.38965,1.38994,1.50,1.50
2011.11.10 10:56:36.282,1.38964,1.38992,1.50,1.50
2011.11.10 10:56:36.413,1.3896,1.38988,1.50,1.50
2011.11.10 10:56:37.236,1.38963,1.38989,1.50,1.50
2011.11.10 10:56:37.927,1.38961,1.38988,1.50,1.50
2011.11.10 10:56:38.277,1.38963,1.38994,2.25,2.25
2011.11.10 10:56:38.507,1.38964,1.38994,1.50,2.25
2011.11.10 10:56:39.184,1.38964,1.38994,1.50,2.25
2011.11.10 10:56:39.557,1.38971,1.39002,1.50,2.25
2011.11.10 10:56:39.681,1.38972,1.39002,1.50,1.50
2011.11.10 10:56:40.181,1.38972,1.38999,1.50,1.50
2011.11.10 10:56:40.638,1.38972,1.38999,1.50,1.50
2011.11.10 10:56:41.722,1.38972,1.38997,1.50,2.25
2011.11.10 10:56:42.090,1.38977,1.39002,1.50,1.50
2011.11.10 10:56:42.210,1.38977,1.39006,1.50,1.50
2011.11.10 10:56:42.565,1.38977,1.39005,1.50,1.73
2011.11.10 10:56:42.691,1.3897,1.38996,1.50,1.50
2011.11.10 10:56:43.107,1.3897,1.38996,1.50,2.25
2011.11.10 10:56:43.362,1.38968,1.38995,3.00,1.50
2011.11.10 10:56:43.481,1.38973,1.38997,1.50,1.50
2011.11.10 10:56:43.598,1.38974,1.39002,1.50,1.50
2011.11.10 10:56:43.724,1.3898,1.39005,1.50,1.50
2011.11.10 10:56:43.971,1.38981,1.3901,1.50,1.50
2011.11.10 10:56:44.090,1.38981,1.39009,1.50,1.50
2011.11.10 10:56:45.901,1.38981,1.39011,2.48,1.50
2011.11.10 10:56:46.251,1.38986,1.39015,1.50,1.50
2011.11.10 10:56:46.964,1.38986,1.39012,1.50,1.88
2011.11.10 10:56:47.761,1.38977,1.39002,1.50,1.13
2011.11.10 10:56:47.898,1.38974,1.38999,1.50,1.50
2011.11.10 10:56:48.023,1.38968,1.38998,1.50,1.50
2011.11.10 10:56:48.153,1.38968,1.38996,1.50,1.50
2011.11.10 10:56:48.401,1.38968,1.38998,1.73,1.50
2011.11.10 10:56:48.640,1.38976,1.39005,1.50,1.58
2011.11.10 10:56:49.116,1.38977,1.39005,1.50,1.58
2011.11.10 10:56:49.623,1.38977,1.39008,1.50,2.25
2011.11.10 10:56:49.760,1.38977,1.39007,1.50,2.25
2011.11.10 10:56:50.327,1.38977,1.39007,1.50,3.00
2011.11.10 10:56:51.008,1.3897,1.39001,1.73,1.50
2011.11.10 10:56:51.129,1.3897,1.39,1.73,1.50
2011.11.10 10:56:51.251,1.38972,1.39,1.50,1.50
2011.11.10 10:56:52.336,1.3897,1.39,1.88,1.50
2011.11.10 10:56:52.916,1.3897,1.38998,1.50,1.50
2011.11.10 10:56:53.436,1.38971,1.38998,4.50,1.50
2011.11.10 10:56:53.679,1.3898,1.39004,1.50,1.50
2011.11.10 10:56:53.923,1.38974,1.39004,1.50,2.25
2011.11.10 10:56:54.051,1.3897,1.38998,1.50,1.50
2011.11.10 10:56:54.387,1.38968,1.38998,1.50,1.50
2011.11.10 10:56:55.107,1.3897,1.38998,1.13,1.50
2011.11.10 10:56:55.242,1.38964,1.38994,1.73,2.25
2011.11.10 10:56:56.732,1.38967,1.38994,1.50,2.25
2011.11.10 10:56:57.870,1.38965,1.38992,1.73,1.50
2011.11.10 10:56:59.101,1.38965,1.38992,1.73,1.50
2011.11.10 10:56:59.546,1.38967,1.38994,1.50,2.25
2011.11.10 10:56:59.668,1.38967,1.38994,1.50,2.25
2011.11.10 10:56:59.792,1.38967,1.38997,2.48,1.50
2011.11.10 10:56:59.923,1.38967,1.38998,2.48,2.25
2011.11.10 10:57:00.499,1.38967,1.38997,2.48,1.50
2011.11.10 10:57:00.730,1.38967,1.38998,2.48,1.50
2011.11.10 10:57:01.691,1.38967,1.38998,2.86,1.50
2011.11.10 10:57:02.041,1.38967,1.38997,2.48,1.50
2011.11.10 10:57:02.160,1.38963,1.38992,1.73,1.50
2011.11.10 10:57:02.632,1.38961,1.38989,2.48,1.58
2011.11.10 10:57:02.989,1.38958,1.38985,1.73,1.50
2011.11.10 10:57:03.442,1.38958,1.38988,3.23,1.50
2011.11.10 10:57:03.569,1.38961,1.38989,1.50,1.50
2011.11.10 10:57:04.051,1.38958,1.38989,3.98,1.50
2011.11.10 10:57:04.499,1.38962,1.38989,1.73,1.50
2011.11.10 10:57:05.067,1.38962,1.38989,1.73,1.50
2011.11.10 10:57:05.189,1.38962,1.38989,1.73,1.50
2011.11.10 10:57:08.090,1.38961,1.38988,1.73,1.50
2011.11.10 10:57:08.573,1.38963,1.38991,1.50,2.10
2011.11.10 10:57:08.702,1.38965,1.38991,1.50,1.35
2011.11.10 10:57:09.058,1.38966,1.38996,1.50,1.50
2011.11.10 10:57:09.299,1.38968,1.38997,1.50,2.25
2011.11.10 10:57:09.916,1.38966,1.38997,2.25,1.50
2011.11.10 10:57:10.540,1.38968,1.38996,1.50,1.50
2011.11.10 10:57:13.422,1.38972,1.38996,1.50,1.50
2011.11.10 10:57:13.670,1.38978,1.39005,1.50,1.50
2011.11.10 10:57:14.031,1.38974,1.38995,1.73,1.50
2011.11.10 10:57:14.150,1.38969,1.38995,1.73,1.50
2011.11.10 10:57:14.272,1.38969,1.38995,1.50,1.50
2011.11.10 10:57:14.395,1.38965,1.38995,1.50,1.50
2011.11.10 10:57:14.526,1.38968,1.38996,1.50,1.50
2011.11.10 10:57:14.770,1.3897,1.38998,1.50,1.50
2011.11.10 10:57:15.700,1.38969,1.38997,1.50,1.50
2011.11.10 10:57:17.642,1.38969,1.38996,1.50,1.50
2011.11.10 10:57:17.760,1.38968,1.38993,1.50,1.50
2011.11.10 10:57:17.887,1.38961,1.38989,1.73,2.10
2011.11.10 10:57:18.017,1.38957,1.38987,1.73,1.50
2011.11.10 10:57:18.382,1.38957,1.38987,2.25,1.50
2011.11.10 10:57:18.501,1.38958,1.38987,1.50,1.50
2011.11.10 10:57:19.341,1.38957,1.38987,1.73,2.25
2011.11.10 10:57:20.004,1.3896,1.38987,1.50,2.25
2011.11.10 10:57:20.132,1.38962,1.38989,1.50,1.50
2011.11.10 10:57:20.829,1.38962,1.3899,1.50,1.35
2011.11.10 10:57:21.411,1.38963,1.38991,1.50,2.10
2011.11.10 10:57:21.529,1.38963,1.3899,1.50,1.35
2011.11.10 10:57:22.380,1.38963,1.38992,1.50,1.50
2011.11.10 10:57:22.608,1.38963,1.38991,1.50,1.50
2011.11.10 10:57:22.852,1.38963,1.38992,1.50,2.85
2011.11.10 10:57:22.976,1.38969,1.38993,1.50,1.50
2011.11.10 10:57:23.220,1.38967,1.38994,1.50,1.50
2011.11.10 10:57:23.343,1.38965,1.38993,1.50,1.50
2011.11.10 10:57:23.581,1.38962,1.3899,1.50,1.50
2011.11.10 10:57:23.698,1.38959,1.3899,1.73,2.25
2011.11.10 10:57:24.476,1.38959,1.3899,1.50,2.25
2011.11.10 10:57:25.038,1.38959,1.3899,2.25,2.25
2011.11.10 10:57:25.641,1.38962,1.38993,1.50,1.50
2011.11.10 10:57:26.218,1.3896,1.38993,1.50,1.50
2011.11.10 10:57:27.481,1.38962,1.38993,1.50,1.50
2011.11.10 10:57:28.224,1.38958,1.38986,1.73,1.50
2011.11.10 10:57:28.830,1.38956,1.38987,1.50,2.25
2011.11.10 10:57:29.190,1.38956,1.38986,1.50,1.50
2011.11.10 10:57:29.990,1.38956,1.38986,1.50,1.50
2011.11.10 10:57:30.119,1.38956,1.38986,2.48,1.50
2011.11.10 10:57:31.191,1.38958,1.38987,1.73,1.50
2011.11.10 10:57:31.961,1.3896,1.38986,1.73,1.50
2011.11.10 10:57:32.688,1.38952,1.38979,1.65,1.50
2011.11.10 10:57:33.051,1.38949,1.38978,2.25,1.50
2011.11.10 10:57:33.290,1.3895,1.38978,1.50,1.50
2011.11.10 10:57:33.538,1.3895,1.38977,1.50,1.50
2011.11.10 10:57:33.902,1.38953,1.38979,1.50,1.13
2011.11.10 10:57:34.648,1.38954,1.38984,1.50,1.34
2011.11.10 10:57:35.241,1.38954,1.38985,1.50,1.88
2011.11.10 10:57:35.482,1.38953,1.38984,1.50,1.50
2011.11.10 10:57:36.416,1.38949,1.3898,1.50,1.50
2011.11.10 10:57:36.542,1.38949,1.38976,1.50,1.13
2011.11.10 10:57:37.338,1.38945,1.38976,2.48,2.63
2011.11.10 10:57:37.917,1.38945,1.38974,1.50,1.50
2011.11.10 10:57:38.274,1.38939,1.38971,1.73,2.25
2011.11.10 10:57:38.400,1.38939,1.38971,1.50,2.25
2011.11.10 10:57:38.524,1.38944,1.38972,1.50,1.50
2011.11.10 10:57:38.653,1.3895,1.38975,2.25,2.25
2011.11.10 10:57:39.395,1.38962,1.3899,1.50,2.25
2011.11.10 10:57:39.978,1.38962,1.38992,2.48,2.25
2011.11.10 10:57:40.723,1.38962,1.38992,1.73,3.08
2011.11.10 10:57:40.850,1.38962,1.3899,2.48,2.01
2011.11.10 10:57:40.976,1.38958,1.38986,1.13,1.50
2011.11.10 10:57:41.343,1.38948,1.38979,1.73,2.25
2011.11.10 10:57:41.475,1.38947,1.38979,1.50,2.25
2011.11.10 10:57:42.019,1.38944,1.38972,1.50,1.50
2011.11.10 10:57:42.797,1.38944,1.38972,1.50,1.50
2011.11.10 10:57:46.118,1.38944,1.38972,1.50,1.50
2011.11.10 10:57:46.486,1.3895,1.38979,1.50,1.50
2011.11.10 10:57:46.615,1.38952,1.38982,2.25,2.25
2011.11.10 10:57:47.106,1.38952,1.38982,1.50,2.25
2011.11.10 10:57:48.010,1.38952,1.38982,1.50,3.00
2011.11.10 10:57:50.034,1.38952,1.38979,1.50,1.50
2011.11.10 10:57:50.400,1.38948,1.38976,1.50,1.50
2011.11.10 10:57:50.761,1.38956,1.38981,1.50,1.50
2011.11.10 10:57:51.377,1.38952,1.38979,1.50,1.50
2011.11.10 10:57:52.917,1.38952,1.3898,1.50,2.25
2011.11.10 10:57:53.530,1.38953,1.3898,1.50,2.25
2011.11.10 10:57:53.779,1.38956,1.38985,1.50,1.50
2011.11.10 10:57:54.389,1.38942,1.38972,1.73,1.50
2011.11.10 10:57:54.637,1.38942,1.38971,1.50,1.50
2011.11.10 10:57:58.191,1.38938,1.38969,1.50,1.50
2011.11.10 10:57:58.749,1.38936,1.38969,1.73,1.50
2011.11.10 10:58:01.577,1.38936,1.38968,2.25,2.25
2011.11.10 10:58:06.070,1.38935,1.38963,1.47,1.50
2011.11.10 10:58:06.429,1.38939,1.38966,1.50,1.50
2011.11.10 10:58:07.097,1.38939,1.38966,1.50,1.50
2011.11.10 10:58:08.844,1.38939,1.38967,1.50,2.25
2011.11.10 10:58:09.516,1.38939,1.38965,1.50,1.50
2011.11.10 10:58:10.337,1.38939,1.38967,1.50,3.00
2011.11.10 10:58:10.678,1.38939,1.38967,1.50,1.50
2011.11.10 10:58:11.250,1.38939,1.38967,1.50,1.50
2011.11.10 10:58:11.369,1.38939,1.38966,1.50,2.25
2011.11.10 10:58:12.219,1.38939,1.38964,1.50,1.50
2011.11.10 10:58:13.008,1.38939,1.38966,1.50,1.50
2011.11.10 10:58:13.696,1.38942,1.38967,1.50,1.50
2011.11.10 10:58:14.062,1.38956,1.3898,1.50,1.13
2011.11.10 10:58:14.184,1.38956,1.38983,1.50,1.34
2011.11.10 10:58:14.849,1.38956,1.38984,1.50,1.50
2011.11.10 10:58:14.972,1.38954,1.38984,2.25,1.50
2011.11.10 10:58:15.092,1.38951,1.38979,1.73,1.50
2011.11.10 10:58:16.812,1.38955,1.38981,1.58,1.50
2011.11.10 10:58:16.941,1.38959,1.38986,1.50,2.25
2011.11.10 10:58:17.064,1.38958,1.38986,1.50,2.25
2011.11.10 10:58:17.614,1.38952,1.38983,1.88,1.50
2011.11.10 10:58:17.968,1.38952,1.38982,1.50,2.25
2011.11.10 10:58:18.318,1.38952,1.38982,2.48,1.50
2011.11.10 10:58:18.439,1.38956,1.38982,1.50,1.50
2011.11.10 10:58:18.806,1.38965,1.38994,1.50,1.50
2011.11.10 10:58:19.042,1.38957,1.38986,1.73,1.50
2011.11.10 10:58:19.613,1.38946,1.38977,2.11,1.50
2011.11.10 10:58:19.861,1.38946,1.38976,1.13,1.50
2011.11.10 10:58:20.338,1.38943,1.38972,1.50,1.50
2011.11.10 10:58:20.937,1.38946,1.38975,1.50,1.50
2011.11.10 10:58:21.168,1.38946,1.38976,1.88,1.50
2011.11.10 10:58:21.760,1.38946,1.38977,1.73,2.25
2011.11.10 10:58:22.127,1.38964,1.38982,1.13,1.50
2011.11.10 10:58:22.250,1.38964,1.38993,1.36,1.50
2011.11.10 10:58:22.372,1.38968,1.38996,1.50,1.16
2011.11.10 10:58:22.738,1.38968,1.38987,1.50,1.50
2011.11.10 10:58:22.987,1.38954,1.38981,2.22,1.88
2011.11.10 10:58:23.463,1.38953,1.3898,1.50,1.50
2011.11.10 10:58:23.810,1.38951,1.38979,1.50,3.00
2011.11.10 10:58:23.933,1.3895,1.38977,1.50,2.25
2011.11.10 10:58:24.177,1.38947,1.38977,1.50,2.63
2011.11.10 10:58:24.301,1.38942,1.38972,2.11,1.50
2011.11.10 10:58:24.893,1.38951,1.38977,1.50,1.13
2011.11.10 10:58:25.258,1.38957,1.38983,1.50,1.58
2011.11.10 10:58:25.379,1.38959,1.38989,1.73,1.50
2011.11.10 10:58:26.229,1.38962,1.38991,1.50,1.50
2011.11.10 10:58:26.354,1.38966,1.38993,1.50,1.50
2011.11.10 10:58:26.603,1.3896,1.38989,1.73,1.50
2011.11.10 10:58:26.735,1.3896,1.38985,1.73,1.50
2011.11.10 10:58:26.861,1.38959,1.38989,1.36,2.25
2011.11.10 10:58:26.981,1.38957,1.38984,1.50,1.50
2011.11.10 10:58:27.101,1.38954,1.38982,1.50,1.50
2011.11.10 10:58:27.692,1.38953,1.38983,1.50,1.50
2011.11.10 10:58:28.193,1.38954,1.38983,1.50,1.50
2011.11.10 10:58:28.539,1.38954,1.38983,1.50,1.50
2011.11.10 10:58:29.682,1.38954,1.38983,2.25,1.50
2011.11.10 10:58:31.058,1.38954,1.38981,2.25,1.50
2011.11.10 10:58:31.180,1.38954,1.38982,2.25,1.50
2011.11.10 10:58:31.741,1.38954,1.38984,2.48,1.50
2011.11.10 10:58:31.982,1.38956,1.38984,1.50,1.50
2011.11.10 10:58:32.098,1.38956,1.38984,1.50,1.50
2011.11.10 10:58:36.942,1.38962,1.38986,1.73,1.50
2011.11.10 10:58:37.185,1.38967,1.38994,1.50,1.50
2011.11.10 10:58:37.309,1.38967,1.38995,1.50,1.50
2011.11.10 10:58:37.429,1.38966,1.38996,1.50,1.50
2011.11.10 10:58:37.955,1.38963,1.38991,1.50,1.50
2011.11.10 10:58:38.078,1.38963,1.38991,1.13,1.50
2011.11.10 10:58:38.919,1.38961,1.38989,1.50,1.88
2011.11.10 10:58:39.162,1.38955,1.38985,1.50,1.50
2011.11.10 10:58:39.281,1.38955,1.38983,1.50,1.50
2011.11.10 10:58:40.140,1.38955,1.38982,1.50,2.25
2011.11.10 10:58:40.492,1.38955,1.38985,1.73,1.88
2011.11.10 10:58:40.863,1.3895,1.38981,1.73,2.25
2011.11.10 10:58:41.217,1.3895,1.38981,1.73,1.50
2011.11.10 10:58:42.180,1.38943,1.3897,1.73,1.50
2011.11.10 10:58:42.768,1.38941,1.3897,2.11,2.25
2011.11.10 10:58:43.668,1.38943,1.3897,1.50,2.25
2011.11.10 10:58:43.798,1.38944,1.38972,1.73,1.50
2011.11.10 10:58:44.574,1.38944,1.38973,1.50,1.50
2011.11.10 10:58:44.930,1.38944,1.38971,1.50,1.50
2011.11.10 10:58:45.053,1.38942,1.38968,1.73,1.50
2011.11.10 10:58:45.304,1.38938,1.38968,1.73,1.50
2011.11.10 10:58:45.879,1.38938,1.3897,1.50,3.00
2011.11.10 10:58:46.921,1.38938,1.38968,1.73,1.50
2011.11.10 10:58:47.569,1.38936,1.38964,1.73,1.50
2011.11.10 10:58:47.688,1.38936,1.38964,1.73,1.50
2011.11.10 10:58:48.511,1.38934,1.38959,1.73,1.50
2011.11.10 10:58:48.996,1.38928,1.38959,1.50,2.25
2011.11.10 10:58:49.351,1.3893,1.3896,1.50,3.00
2011.11.10 10:58:49.470,1.38932,1.38962,2.25,1.50
2011.11.10 10:58:49.592,1.38932,1.38963,2.48,2.25
2011.11.10 10:58:50.041,1.38938,1.38964,1.50,1.50
2011.11.10 10:58:50.527,1.38938,1.38965,1.50,2.25
2011.11.10 10:58:50.650,1.38939,1.38967,1.50,1.50
2011.11.10 10:58:51.120,1.38939,1.3897,1.73,1.13
2011.11.10 10:58:51.479,1.38945,1.38973,1.50,1.34
2011.11.10 10:58:51.602,1.38939,1.38971,1.73,1.50
2011.11.10 10:58:52.279,1.38937,1.38963,1.73,2.25
2011.11.10 10:58:52.412,1.38932,1.38958,1.13,1.50
2011.11.10 10:58:52.658,1.38932,1.38961,1.88,1.13
2011.11.10 10:58:53.349,1.38933,1.38963,1.50,1.50
2011.11.10 10:58:53.918,1.38933,1.38963,1.50,2.25
2011.11.10 10:58:54.409,1.38933,1.38964,1.50,2.25
2011.11.10 10:58:54.988,1.3894,1.38968,1.50,1.50
2011.11.10 10:58:55.220,1.3894,1.38968,1.50,1.50
2011.11.10 10:58:55.339,1.38946,1.38973,1.50,1.34
2011.11.10 10:58:56.709,1.38946,1.38974,1.50,2.25
2011.11.10 10:58:56.833,1.38946,1.38966,1.50,1.13
2011.11.10 10:58:57.422,1.38938,1.38954,1.50,1.50
2011.11.10 10:58:57.564,1.38934,1.38959,1.50,2.25
2011.11.10 10:58:57.859,1.38932,1.38959,1.50,2.25
2011.11.10 10:58:58.306,1.38932,1.38961,1.50,2.09
2011.11.10 10:58:58.877,1.38932,1.3896,1.50,2.25
2011.11.10 10:58:59.940,1.38932,1.3896,1.50,1.50
2011.11.10 10:59:00.068,1.38935,1.38967,3.23,1.50
2011.11.10 10:59:00.190,1.38935,1.38966,3.23,1.50
2011.11.10 10:59:00.310,1.38937,1.38967,1.50,1.50
2011.11.10 10:59:00.431,1.38937,1.38967,1.50,1.50
2011.11.10 10:59:00.768,1.38937,1.38967,1.50,1.50
2011.11.10 10:59:00.889,1.38937,1.38967,1.50,2.25
2011.11.10 10:59:01.251,1.38937,1.38967,1.50,1.50
2011.11.10 10:59:01.372,1.38937,1.38967,1.50,1.50
2011.11.10 10:59:01.489,1.38937,1.38965,1.50,1.50
2011.11.10 10:59:01.607,1.38937,1.38965,1.50,1.50
2011.11.10 10:59:02.206,1.38938,1.38969,1.73,1.50
2011.11.10 10:59:02.450,1.38937,1.38969,1.50,1.50
2011.11.10 10:59:02.807,1.38934,1.38961,1.73,2.25
2011.11.10 10:59:03.173,1.38935,1.38961,1.73,1.50
2011.11.10 10:59:04.109,1.38931,1.38961,1.73,1.50
2011.11.10 10:59:05.433,1.3893,1.3896,1.73,1.50
2011.11.10 10:59:08.726,1.3893,1.38961,2.48,1.50
2011.11.10 10:59:09.553,1.3893,1.3896,1.50,1.50
2011.11.10 10:59:09.680,1.3893,1.38958,1.50,1.50
2011.11.10 10:59:10.191,1.3893,1.3896,1.50,1.50
2011.11.10 10:59:10.751,1.3893,1.38959,1.50,1.88
2011.11.10 10:59:11.262,1.38923,1.38952,1.50,1.50
2011.11.10 10:59:11.382,1.38921,1.38951,1.73,1.50
2011.11.10 10:59:11.610,1.38926,1.38956,1.50,2.25
2011.11.10 10:59:12.094,1.38926,1.38956,1.50,1.50
2011.11.10 10:59:12.571,1.38927,1.38956,1.50,1.50
2011.11.10 10:59:14.328,1.38926,1.38956,1.73,1.50
2011.11.10 10:59:14.563,1.38931,1.38959,1.50,2.25
2011.11.10 10:59:14.698,1.38937,1.38961,1.73,2.25
2011.11.10 10:59:15.063,1.38935,1.38962,1.50,1.13
2011.11.10 10:59:15.190,1.38932,1.38962,1.73,1.13
2011.11.10 10:59:15.308,1.38932,1.38962,1.73,1.88
2011.11.10 10:59:15.427,1.38932,1.38962,1.73,1.13
2011.11.10 10:59:16.036,1.38932,1.38963,1.73,1.50
2011.11.10 10:59:16.950,1.38932,1.38961,1.50,1.50
2011.11.10 10:59:17.679,1.38932,1.38963,1.50,3.00
2011.11.10 10:59:18.540,1.38934,1.38963,2.33,1.50
2011.11.10 10:59:19.283,1.38932,1.38963,1.50,2.25
2011.11.10 10:59:19.777,1.38929,1.38962,2.48,2.33
2011.11.10 10:59:20.145,1.38923,1.3895,1.50,1.50
2011.11.10 10:59:20.527,1.3893,1.38957,1.50,1.50
2011.11.10 10:59:20.654,1.38937,1.38957,1.13,1.50
2011.11.10 10:59:21.019,1.38939,1.38967,2.48,1.50
2011.11.10 10:59:21.432,1.38939,1.38968,2.48,1.50
2011.11.10 10:59:22.637,1.38942,1.38971,1.50,1.50
2011.11.10 10:59:22.763,1.38947,1.38972,1.50,1.88
2011.11.10 10:59:22.889,1.38948,1.38972,1.50,1.13
2011.11.10 10:59:23.131,1.38948,1.38979,2.48,1.50
2011.11.10 10:59:23.598,1.38951,1.38979,1.73,1.50
2011.11.10 10:59:24.315,1.38948,1.38976,2.48,1.50
2011.11.10 10:59:24.566,1.38941,1.3897,3.23,1.50
2011.11.10 10:59:24.693,1.38941,1.38969,3.23,1.50
2011.11.10 10:59:25.065,1.38945,1.38971,1.73,1.50
2011.11.10 10:59:25.195,1.38947,1.38973,1.73,1.50
2011.11.10 10:59:25.327,1.38947,1.38976,1.73,1.50
2011.11.10 10:59:25.454,1.38947,1.38977,1.73,1.50
2011.11.10 10:59:25.941,1.38944,1.38973,2.11,1.50
2011.11.10 10:59:26.091,1.38945,1.38973,2.11,1.50
2011.11.10 10:59:26.673,1.38945,1.38973,2.48,1.50
2011.11.10 10:59:27.027,1.38945,1.38973,1.73,1.50
2011.11.10 10:59:27.939,1.38945,1.38973,1.73,1.50
2011.11.10 10:59:29.860,1.38944,1.3897,1.73,1.50
2011.11.10 10:59:30.100,1.38946,1.38973,1.13,1.88
2011.11.10 10:59:30.556,1.38948,1.38973,1.73,1.88
2011.11.10 10:59:32.716,1.38948,1.38973,1.73,1.50
2011.11.10 10:59:35.470,1.38948,1.38973,1.73,1.50
2011.11.10 10:59:36.029,1.38943,1.38973,1.73,1.50
2011.11.10 10:59:36.624,1.38943,1.38973,1.73,1.50
2011.11.10 10:59:37.204,1.38942,1.3897,1.73,1.50
2011.11.10 10:59:37.333,1.38942,1.3897,1.73,2.25
2011.11.10 10:59:37.688,1.38941,1.38967,1.73,1.50
2011.11.10 10:59:38.043,1.38942,1.3897,1.73,1.50
2011.11.10 10:59:38.290,1.38942,1.38972,1.73,1.13
2011.11.10 10:59:38.853,1.38945,1.38972,1.13,1.13
2011.11.10 10:59:39.330,1.38953,1.38983,1.50,2.09
2011.11.10 10:59:39.457,1.38954,1.38983,1.50,1.50
2011.11.10 10:59:39.583,1.38958,1.38985,1.73,1.50
2011.11.10 10:59:39.956,1.38963,1.38986,1.73,1.50
2011.11.10 10:59:40.090,1.38965,1.38993,1.73,1.50
2011.11.10 10:59:40.217,1.38962,1.3899,1.73,1.50
2011.11.10 10:59:40.341,1.38962,1.38988,1.50,1.50
2011.11.10 10:59:41.067,1.3896,1.38988,1.50,1.50
2011.11.10 10:59:41.311,1.3896,1.3899,1.73,1.50
2011.11.10 10:59:41.431,1.38966,1.38995,1.50,1.50
2011.11.10 10:59:42.008,1.38966,1.38996,1.50,2.25
2011.11.10 10:59:42.591,1.38969,1.38996,1.50,2.25
2011.11.10 10:59:43.308,1.38969,1.38996,2.25,1.50
2011.11.10 10:59:44.940,1.38967,1.38995,1.50,1.50
2011.11.10 10:59:45.180,1.38965,1.38995,1.50,1.50
2011.11.10 10:59:45.761,1.38977,1.38998,1.50,1.50
2011.11.10 10:59:46.206,1.38975,1.38999,1.50,1.50
2011.11.10 10:59:46.338,1.38968,1.38998,1.50,2.25
2011.11.10 10:59:46.898,1.38968,1.38998,1.50,1.50
2011.11.10 10:59:47.141,1.38959,1.38987,1.73,1.50
2011.11.10 10:59:47.262,1.38963,1.38992,1.35,1.50
2011.11.10 10:59:47.618,1.38968,1.38994,1.35,1.50
2011.11.10 10:59:47.738,1.38969,1.38998,1.50,1.50
2011.11.10 10:59:48.189,1.38969,1.38998,1.50,2.10
2011.11.10 10:59:48.310,1.38968,1.38997,1.73,1.50
2011.11.10 10:59:48.538,1.38969,1.38997,1.50,1.50
2011.11.10 10:59:49.126,1.38963,1.38991,1.35,1.50
2011.11.10 10:59:49.255,1.38965,1.38994,1.50,1.50
2011.11.10 10:59:49.384,1.38965,1.38995,1.50,1.50
2011.11.10 10:59:49.750,1.38965,1.38992,1.50,2.25
2011.11.10 10:59:49.990,1.38965,1.38993,1.50,1.50
2011.11.10 10:59:50.112,1.38965,1.38992,1.50,1.50
2011.11.10 10:59:50.339,1.38964,1.38991,1.50,3.00
2011.11.10 10:59:50.699,1.38959,1.38989,1.50,3.00
2011.11.10 10:59:51.541,1.38959,1.38986,1.50,1.50
2011.11.10 10:59:51.902,1.38955,1.38986,1.50,1.50
2011.11.10 10:59:52.021,1.38959,1.38988,1.50,2.25
2011.11.10 10:59:52.611,1.38959,1.38988,1.50,1.50
2011.11.10 10:59:55.177,1.38959,1.38989,1.50,1.50
2011.11.10 10:59:55.415,1.38959,1.38987,1.50,1.50
2011.11.10 10:59:55.870,1.3896,1.38988,1.50,2.25
2011.11.10 10:59:56.232,1.38952,1.38983,1.50,1.50
2011.11.10 10:59:56.352,1.38952,1.3898,1.50,2.85
2011.11.10 10:59:56.590,1.38952,1.3898,1.50,2.10
2011.11.10 10:59:57.187,1.38952,1.3898,1.50,1.35
2011.11.10 10:59:59.836,1.38952,1.38981,2.48,1.50
