2010.11.03 01:00:01.543,1.41535,1.41581,1.50,1.50
2010.11.03 01:00:03.796,1.41535,1.41574,1.50,1.40
2010.11.03 01:00:05.821,1.41535,1.41574,1.50,1.40
2010.11.03 01:00:07.902,1.41538,1.4158,1.50,1.40
2010.11.03 01:00:10.006,1.41538,1.4158,1.50,1.40
2010.11.03 01:00:12.082,1.41538,1.4158,1.70,1.40
2010.11.03 01:00:14.334,1.41538,1.4158,1.70,1.40
2010.11.03 01:00:16.363,1.41538,1.4158,1.70,1.40
2010.11.03 01:00:18.373,1.41538,1.4158,1.70,1.40
2010.11.03 01:00:20.400,1.41538,1.4158,1.70,1.40
2010.11.03 01:00:22.413,1.41542,1.41586,1.50,1.40
2010.11.03 01:00:24.460,1.41542,1.41586,1.50,1.40
2010.11.03 01:00:26.505,1.41535,1.41578,1.50,2.30
2010.11.03 01:00:28.560,1.4154,1.41584,1.50,2.30
2010.11.03 01:00:30.575,1.4154,1.41584,1.50,2.30
2010.11.03 01:00:32.633,1.4154,1.41584,1.50,2.30
2010.11.03 01:00:34.672,1.41542,1.41584,1.50,1.80
2010.11.03 01:00:36.790,1.41542,1.41584,1.50,1.40
2010.11.03 01:00:38.834,1.41542,1.41584,1.50,1.40
2010.11.03 01:00:40.843,1.41542,1.41584,1.50,1.50
2010.11.03 01:00:42.853,1.41542,1.41584,1.50,1.40
2010.11.03 01:00:45.116,1.41542,1.41584,1.50,1.50
2010.11.03 01:00:47.237,1.41542,1.41582,1.50,1.60
2010.11.03 01:00:49.231,1.41532,1.41575,1.50,2.30
2010.11.03 01:00:51.336,1.41532,1.41576,1.50,1.40
2010.11.03 01:00:53.404,1.41532,1.41575,1.50,2.30
2010.11.03 01:00:55.581,1.41532,1.41575,1.50,2.30
2010.11.03 01:00:57.607,1.41532,1.41575,1.50,2.30
2010.11.03 01:00:59.612,1.41532,1.41576,1.50,1.40
2010.11.03 01:01:01.618,1.41536,1.41578,1.50,1.40
2010.11.03 01:01:03.642,1.41536,1.41578,1.50,1.40
2010.11.03 01:01:05.722,1.41536,1.41578,1.70,1.40
2010.11.03 01:01:07.771,1.41536,1.41578,1.70,1.40
2010.11.03 01:01:09.833,1.4154,1.41581,1.50,1.40
2010.11.03 01:01:11.857,1.4154,1.41581,1.50,1.40
2010.11.03 01:01:13.884,1.4154,1.41581,1.50,1.40
2010.11.03 01:01:15.941,1.41544,1.41586,1.70,1.40
2010.11.03 01:01:17.961,1.41544,1.41586,1.70,1.40
2010.11.03 01:01:20.281,1.41546,1.4159,1.50,1.40
2010.11.03 01:01:22.344,1.41546,1.4159,1.50,1.40
2010.11.03 01:01:24.618,1.41546,1.4159,1.50,1.40
2010.11.03 01:01:26.640,1.41546,1.4159,1.50,1.40
2010.11.03 01:01:28.670,1.41546,1.4159,1.50,1.40
2010.11.03 01:01:30.700,1.41546,1.4159,1.50,1.40
2010.11.03 01:01:32.754,1.41546,1.4159,1.50,1.50
2010.11.03 01:01:34.904,1.41546,1.4159,1.50,1.50
2010.11.03 01:01:36.923,1.41546,1.4159,1.50,1.50
2010.11.03 01:01:38.990,1.41546,1.4159,1.50,1.50
2010.11.03 01:01:41.060,1.41546,1.4159,1.50,1.60
2010.11.03 01:01:43.083,1.41554,1.41596,1.50,1.40
2010.11.03 01:01:45.305,1.41554,1.41596,1.50,1.40
2010.11.03 01:01:47.400,1.41554,1.41596,1.50,1.40
2010.11.03 01:01:49.491,1.41554,1.41596,1.50,1.40
2010.11.03 01:01:51.580,1.41554,1.41596,1.50,1.40
2010.11.03 01:01:53.843,1.41554,1.41596,1.50,1.40
2010.11.03 01:01:55.855,1.41554,1.41596,1.50,1.40
2010.11.03 01:01:58.013,1.41554,1.41596,1.50,1.40
2010.11.03 01:02:00.119,1.41554,1.41596,1.50,1.40
2010.11.03 01:02:02.200,1.41551,1.41593,1.50,1.40
2010.11.03 01:02:04.291,1.41551,1.41593,1.50,1.40
2010.11.03 01:02:05.469,1.41545,1.41586,1.50,1.40
2010.11.03 01:02:07.492,1.41545,1.41586,1.70,1.40
2010.11.03 01:02:09.605,1.41545,1.41586,1.70,1.40
2010.11.03 01:02:11.814,1.41545,1.41586,1.70,1.40
2010.11.03 01:02:14.143,1.41545,1.41586,1.80,1.40
2010.11.03 01:02:16.230,1.41545,1.41586,1.70,1.40
2010.11.03 01:02:17.930,1.41536,1.41582,1.20,1.60
2010.11.03 01:02:18.595,1.41528,1.41567,1.70,1.50
2010.11.03 01:02:20.611,1.41524,1.41568,1.50,1.50
2010.11.03 01:02:22.652,1.41524,1.41567,1.50,1.10
2010.11.03 01:02:24.671,1.41522,1.41564,1.50,1.50
2010.11.03 01:02:26.836,1.41522,1.41564,1.50,1.60
2010.11.03 01:02:28.941,1.41522,1.41564,1.50,1.40
2010.11.03 01:02:29.385,1.41526,1.41569,1.60,1.20
2010.11.03 01:02:31.455,1.41526,1.4157,1.60,1.40
2010.11.03 01:02:33.463,1.41528,1.41571,1.70,1.40
2010.11.03 01:02:35.573,1.41528,1.41571,1.70,1.50
2010.11.03 01:02:37.493,1.41535,1.41571,2.50,1.40
2010.11.03 01:02:38.573,1.41535,1.41572,1.50,1.60
2010.11.03 01:02:39.514,1.41524,1.41564,2.50,1.40
2010.11.03 01:02:41.080,1.41527,1.41568,1.70,1.60
2010.11.03 01:02:43.410,1.41522,1.41566,1.50,2.30
2010.11.03 01:02:43.439,1.41516,1.4156,1.50,1.40
2010.11.03 01:02:45.535,1.41514,1.41557,3.20,1.40
2010.11.03 01:02:47.601,1.41514,1.41557,1.70,1.40
2010.11.03 01:02:49.874,1.41514,1.41557,1.70,1.40
2010.11.03 01:02:51.793,1.41513,1.41557,1.70,1.40
2010.11.03 01:02:53.881,1.41511,1.41552,1.70,1.60
2010.11.03 01:02:55.882,1.41511,1.41552,1.70,1.40
2010.11.03 01:02:56.580,1.41515,1.41559,1.10,1.40
2010.11.03 01:02:58.671,1.41524,1.41568,1.70,1.50
2010.11.03 01:03:00.992,1.41524,1.41568,1.70,1.50
2010.11.03 01:03:02.836,1.41521,1.41564,1.70,1.40
2010.11.03 01:03:04.851,1.41524,1.41568,2.50,1.50
2010.11.03 01:03:06.950,1.41526,1.41568,1.70,1.50
2010.11.03 01:03:09.100,1.41526,1.41568,1.70,1.50
2010.11.03 01:03:11.101,1.41526,1.41567,1.50,1.70
2010.11.03 01:03:13.172,1.4152,1.41564,2.50,1.50
2010.11.03 01:03:15.231,1.41518,1.4156,2.50,1.50
2010.11.03 01:03:16.112,1.41518,1.4156,1.70,1.50
2010.11.03 01:03:18.457,1.41518,1.41562,1.70,1.60
2010.11.03 01:03:20.533,1.41512,1.41557,1.50,17.60
2010.11.03 01:03:20.866,1.41509,1.41547,1.50,1.70
2010.11.03 01:03:21.619,1.41503,1.41546,1.70,1.40
2010.11.03 01:03:23.651,1.41508,1.41547,1.50,1.60
2010.11.03 01:03:24.554,1.41509,1.41551,1.70,1.20
2010.11.03 01:03:26.689,1.41524,1.4157,1.70,1.50
2010.11.03 01:03:28.761,1.41528,1.4157,1.70,1.40
2010.11.03 01:03:30.791,1.41517,1.41559,1.70,1.40
2010.11.03 01:03:32.891,1.41514,1.41555,1.70,2.90
2010.11.03 01:03:34.986,1.41514,1.41555,1.70,2.90
2010.11.03 01:03:37.020,1.41514,1.41555,1.70,2.90
2010.11.03 01:03:38.982,1.41506,1.41551,1.70,1.60
2010.11.03 01:03:39.098,1.41505,1.41545,1.50,1.40
2010.11.03 01:03:41.191,1.41504,1.41545,1.70,1.40
2010.11.03 01:03:43.319,1.41507,1.41553,3.20,3.00
2010.11.03 01:03:45.391,1.41511,1.41552,4.00,1.40
2010.11.03 01:03:47.481,1.41516,1.41559,1.70,1.60
2010.11.03 01:03:49.551,1.41521,1.41559,2.50,1.40
2010.11.03 01:03:49.865,1.41522,1.41564,2.50,1.40
2010.11.03 01:03:51.872,1.41527,1.41569,1.70,1.50
2010.11.03 01:03:53.907,1.41527,1.41569,1.70,1.50
2010.11.03 01:03:55.979,1.41527,1.41569,1.70,1.50
2010.11.03 01:03:58.048,1.41527,1.41569,1.70,1.40
2010.11.03 01:04:00.116,1.41527,1.41569,1.50,1.60
2010.11.03 01:04:02.170,1.41519,1.41563,1.70,1.40
2010.11.03 01:04:02.392,1.4152,1.41563,1.70,1.40
2010.11.03 01:04:04.404,1.4152,1.41563,3.20,1.60
2010.11.03 01:04:06.502,1.4152,1.41563,3.20,1.60
2010.11.03 01:04:08.600,1.41513,1.41559,2.50,1.60
2010.11.03 01:04:10.704,1.41513,1.41556,1.70,1.50
2010.11.03 01:04:12.759,1.41513,1.41556,1.70,1.50
2010.11.03 01:04:14.869,1.41513,1.41556,1.70,1.50
2010.11.03 01:04:16.962,1.41512,1.41554,1.70,1.70
2010.11.03 01:04:18.971,1.41512,1.41554,1.70,1.70
2010.11.03 01:04:21.080,1.41512,1.41554,1.70,1.70
2010.11.03 01:04:23.131,1.41513,1.41553,1.70,1.70
2010.11.03 01:04:23.986,1.41502,1.41543,2.30,1.70
2010.11.03 01:04:24.213,1.41499,1.41533,1.50,1.50
2010.11.03 01:04:26.222,1.41499,1.41533,1.50,1.50
2010.11.03 01:04:28.300,1.41499,1.41533,1.50,1.50
2010.11.03 01:04:30.540,1.41496,1.41534,1.70,1.50
2010.11.03 01:04:33.111,1.41496,1.41534,1.70,1.50
2010.11.03 01:04:35.149,1.41496,1.41533,1.70,1.50
2010.11.03 01:04:37.179,1.41496,1.41533,1.70,1.50
2010.11.03 01:04:39.409,1.41496,1.4154,2.50,1.50
2010.11.03 01:04:41.434,1.41495,1.41525,2.50,1.50
2010.11.03 01:04:41.982,1.41487,1.41529,1.50,1.50
2010.11.03 01:04:42.094,1.41495,1.41529,1.70,1.40
2010.11.03 01:04:42.930,1.41492,1.41536,2.50,2.90
2010.11.03 01:04:43.484,1.41505,1.41547,1.70,2.70
2010.11.03 01:04:45.512,1.41507,1.41547,2.50,1.60
2010.11.03 01:04:47.521,1.41505,1.41546,1.50,2.20
2010.11.03 01:04:49.767,1.41505,1.41546,1.50,2.20
2010.11.03 01:04:51.851,1.41507,1.41547,1.50,1.50
2010.11.03 01:04:53.902,1.41507,1.41547,1.70,1.50
2010.11.03 01:04:55.936,1.4151,1.41547,1.70,1.50
2010.11.03 01:04:56.921,1.41511,1.41547,1.70,1.50
2010.11.03 01:04:58.923,1.41511,1.41553,3.20,1.40
2010.11.03 01:05:01.001,1.41511,1.41553,3.20,1.40
2010.11.03 01:05:03.200,1.41516,1.41555,1.70,1.50
2010.11.03 01:05:05.313,1.41519,1.4156,2.50,1.60
2010.11.03 01:05:07.311,1.41519,1.4156,1.70,1.70
2010.11.03 01:05:09.480,1.41519,1.4156,1.70,1.70
2010.11.03 01:05:11.581,1.41519,1.4156,1.70,1.70
2010.11.03 01:05:13.794,1.41519,1.4156,1.70,1.60
2010.11.03 01:05:14.447,1.41519,1.4156,2.50,1.60
2010.11.03 01:05:15.027,1.41524,1.41569,4.00,1.80
2010.11.03 01:05:17.258,1.41532,1.41576,1.70,1.50
2010.11.03 01:05:19.290,1.41532,1.41576,1.70,1.50
2010.11.03 01:05:21.381,1.41536,1.41578,1.70,1.40
2010.11.03 01:05:23.383,1.41536,1.41578,1.50,2.30
2010.11.03 01:05:25.472,1.41525,1.41569,1.70,1.50
2010.11.03 01:05:27.744,1.41525,1.41569,1.70,1.60
2010.11.03 01:05:29.790,1.41525,1.41569,1.70,1.60
2010.11.03 01:05:31.852,1.41526,1.41569,1.70,1.60
2010.11.03 01:05:32.777,1.41517,1.41562,2.50,1.60
2010.11.03 01:05:34.833,1.4152,1.41564,1.70,1.50
2010.11.03 01:05:36.881,1.4152,1.41564,1.70,1.40
2010.11.03 01:05:39.155,1.41522,1.41564,2.50,1.40
2010.11.03 01:05:41.484,1.41522,1.41564,2.50,1.40
2010.11.03 01:05:41.701,1.4152,1.41564,1.70,1.50
2010.11.03 01:05:43.829,1.4152,1.41564,1.70,1.50
2010.11.03 01:05:44.396,1.4152,1.41564,1.70,2.70
2010.11.03 01:05:44.741,1.41508,1.41554,2.90,1.60
2010.11.03 01:05:46.766,1.41508,1.41551,1.70,1.50
2010.11.03 01:05:47.543,1.41512,1.41554,1.70,3.00
2010.11.03 01:05:47.765,1.41504,1.41545,2.30,1.60
2010.11.03 01:05:48.123,1.41499,1.41545,1.70,1.70
2010.11.03 01:05:50.164,1.41504,1.41546,1.70,1.40
2010.11.03 01:05:52.324,1.41504,1.41546,1.70,1.40
2010.11.03 01:05:54.401,1.41504,1.41546,1.70,1.50
2010.11.03 01:05:56.411,1.41502,1.41545,1.70,3.10
2010.11.03 01:05:58.441,1.41498,1.41542,2.50,1.60
2010.11.03 01:06:00.550,1.41496,1.41539,1.70,1.40
2010.11.03 01:06:02.631,1.415,1.41542,2.60,1.40
2010.11.03 01:06:04.777,1.41504,1.41547,1.70,1.40
2010.11.03 01:06:06.871,1.41504,1.41547,1.70,1.40
2010.11.03 01:06:08.893,1.41504,1.41547,1.70,1.40
2010.11.03 01:06:09.988,1.41509,1.4155,1.70,1.40
2010.11.03 01:06:10.104,1.41506,1.4155,1.70,1.40
2010.11.03 01:06:10.433,1.41502,1.41544,1.70,1.40
2010.11.03 01:06:12.491,1.41502,1.41544,1.70,1.40
2010.11.03 01:06:14.511,1.41497,1.41541,3.20,1.40
2010.11.03 01:06:16.820,1.41502,1.41543,2.50,1.40
2010.11.03 01:06:16.938,1.41505,1.41549,3.20,1.40
2010.11.03 01:06:18.742,1.415,1.41547,1.70,1.50
2010.11.03 01:06:20.814,1.41496,1.4154,1.70,1.40
2010.11.03 01:06:22.824,1.41495,1.4154,1.70,1.40
2010.11.03 01:06:24.851,1.41502,1.41546,1.70,1.50
2010.11.03 01:06:26.980,1.41502,1.41546,1.70,1.50
2010.11.03 01:06:29.001,1.41502,1.41546,1.70,1.50
2010.11.03 01:06:31.117,1.41502,1.41546,1.70,1.50
2010.11.03 01:06:33.160,1.41502,1.41546,1.70,1.50
2010.11.03 01:06:35.244,1.41503,1.41546,1.70,1.40
2010.11.03 01:06:37.342,1.41503,1.41545,1.70,1.60
2010.11.03 01:06:39.431,1.41503,1.41545,1.70,1.60
2010.11.03 01:06:41.493,1.41503,1.41545,1.70,1.50
2010.11.03 01:06:43.540,1.41503,1.41545,1.70,1.50
2010.11.03 01:06:45.557,1.41503,1.41545,1.50,1.50
2010.11.03 01:06:47.560,1.41506,1.41548,1.50,1.40
2010.11.03 01:06:49.621,1.41508,1.41551,1.50,1.50
2010.11.03 01:06:51.663,1.41508,1.41551,1.50,1.50
2010.11.03 01:06:53.720,1.41512,1.41553,1.50,1.40
2010.11.03 01:06:55.722,1.41515,1.41557,1.50,1.40
2010.11.03 01:06:57.764,1.41515,1.41557,1.50,1.50
2010.11.03 01:06:59.774,1.41515,1.41557,1.50,1.40
2010.11.03 01:07:01.780,1.41515,1.41557,1.50,1.40
2010.11.03 01:07:03.843,1.41518,1.41561,1.50,1.50
2010.11.03 01:07:05.851,1.41518,1.41561,1.50,1.50
2010.11.03 01:07:07.906,1.41518,1.41561,1.50,1.50
2010.11.03 01:07:09.917,1.41522,1.41566,1.50,1.50
2010.11.03 01:07:11.925,1.41522,1.41566,1.50,1.50
2010.11.03 01:07:14.051,1.41522,1.41566,1.50,1.50
2010.11.03 01:07:16.344,1.41522,1.41566,1.50,1.50
2010.11.03 01:07:18.408,1.41522,1.41566,1.50,1.50
2010.11.03 01:07:20.462,1.41519,1.41561,1.50,2.30
2010.11.03 01:07:22.765,1.41524,1.41564,1.50,1.40
2010.11.03 01:07:24.773,1.4152,1.41563,1.50,1.40
2010.11.03 01:07:27.060,1.4152,1.41563,1.50,1.40
2010.11.03 01:07:29.103,1.41522,1.41563,1.50,1.40
2010.11.03 01:07:29.214,1.41526,1.41569,1.50,1.20
2010.11.03 01:07:31.289,1.41531,1.41573,1.50,1.40
2010.11.03 01:07:33.271,1.41531,1.41573,1.50,1.40
2010.11.03 01:07:35.223,1.41526,1.41567,1.50,1.40
2010.11.03 01:07:37.475,1.41522,1.41564,1.50,1.40
2010.11.03 01:07:39.602,1.41525,1.41569,1.50,1.40
2010.11.03 01:07:41.671,1.41525,1.41569,1.50,1.40
2010.11.03 01:07:43.312,1.4153,1.41577,1.50,1.40
2010.11.03 01:07:43.785,1.41526,1.41571,1.50,1.40
2010.11.03 01:07:45.817,1.4153,1.41571,1.50,1.40
2010.11.03 01:07:47.821,1.41533,1.41575,1.50,1.50
2010.11.03 01:07:50.022,1.41533,1.41575,1.50,1.50
2010.11.03 01:07:52.073,1.41533,1.41575,1.50,1.40
2010.11.03 01:07:52.771,1.41525,1.41569,1.50,1.40
2010.11.03 01:07:54.883,1.41523,1.41568,3.00,1.40
2010.11.03 01:07:57.062,1.4152,1.41563,1.50,1.40
2010.11.03 01:07:59.143,1.4152,1.41563,1.50,1.40
2010.11.03 01:08:01.145,1.4152,1.41563,1.50,2.20
2010.11.03 01:08:01.506,1.41514,1.41556,1.50,1.40
2010.11.03 01:08:03.572,1.41511,1.41553,1.50,1.40
2010.11.03 01:08:05.610,1.41511,1.41553,1.50,1.40
2010.11.03 01:08:07.735,1.41511,1.41553,1.50,1.40
2010.11.03 01:08:09.957,1.41515,1.41561,1.50,1.40
2010.11.03 01:08:12.003,1.41515,1.41561,1.50,1.40
2010.11.03 01:08:14.005,1.41519,1.41561,1.50,1.40
2010.11.03 01:08:16.021,1.41519,1.41561,1.50,1.40
2010.11.03 01:08:16.416,1.41519,1.41543,1.50,4.50
2010.11.03 01:08:16.753,1.41498,1.41541,1.50,1.20
2010.11.03 01:08:16.862,1.41495,1.41549,1.50,1.30
2010.11.03 01:08:16.974,1.41495,1.41541,1.70,1.20
2010.11.03 01:08:18.243,1.41509,1.41553,1.50,1.40
2010.11.03 01:08:20.264,1.41508,1.41552,1.50,1.40
2010.11.03 01:08:21.143,1.41503,1.41545,1.50,1.40
2010.11.03 01:08:21.253,1.41503,1.41544,1.50,1.10
2010.11.03 01:08:23.266,1.41494,1.41535,1.50,1.50
2010.11.03 01:08:25.377,1.41494,1.41535,1.50,1.50
2010.11.03 01:08:26.235,1.41499,1.4154,1.50,1.50
2010.11.03 01:08:26.453,1.41505,1.41546,1.50,1.30
2010.11.03 01:08:28.523,1.41514,1.41555,1.50,1.40
2010.11.03 01:08:30.603,1.41514,1.41553,1.50,2.30
2010.11.03 01:08:31.041,1.41508,1.41553,1.50,2.30
2010.11.03 01:08:33.305,1.41508,1.41551,1.50,1.50
2010.11.03 01:08:35.310,1.41508,1.41551,1.50,1.60
2010.11.03 01:08:37.411,1.41508,1.41551,1.50,1.70
2010.11.03 01:08:38.913,1.41509,1.41554,1.50,1.20
2010.11.03 01:08:40.946,1.41515,1.41556,1.50,1.40
2010.11.03 01:08:43.240,1.41515,1.41556,1.50,1.40
2010.11.03 01:08:45.283,1.41517,1.41561,1.50,1.60
2010.11.03 01:08:47.473,1.41513,1.41557,1.50,2.90
2010.11.03 01:08:49.545,1.41513,1.41557,1.50,1.60
2010.11.03 01:08:51.572,1.41513,1.41554,1.50,1.50
2010.11.03 01:08:53.763,1.4151,1.41554,1.50,1.40
2010.11.03 01:08:55.835,1.41513,1.41553,1.50,1.90
2010.11.03 01:08:57.933,1.4151,1.41553,1.50,1.10
2010.11.03 01:08:59.955,1.41513,1.41553,1.50,1.10
2010.11.03 01:09:00.282,1.41506,1.41551,1.50,1.70
2010.11.03 01:09:02.352,1.41503,1.41544,1.50,2.40
2010.11.03 01:09:03.054,1.41498,1.41541,1.50,1.70
2010.11.03 01:09:05.085,1.41498,1.41542,1.50,2.40
2010.11.03 01:09:07.134,1.41498,1.41543,1.50,1.50
2010.11.03 01:09:09.316,1.41502,1.41545,1.50,1.70
2010.11.03 01:09:11.435,1.41505,1.41543,1.50,1.50
2010.11.03 01:09:13.517,1.41505,1.41543,1.50,1.50
2010.11.03 01:09:15.845,1.41505,1.41543,1.50,1.50
2010.11.03 01:09:17.874,1.41505,1.41546,1.50,2.40
2010.11.03 01:09:19.947,1.41505,1.41546,1.50,2.40
2010.11.03 01:09:22.001,1.41509,1.41552,1.50,2.40
2010.11.03 01:09:24.208,1.41509,1.41545,1.50,1.50
2010.11.03 01:09:26.416,1.41509,1.41545,1.50,1.50
2010.11.03 01:09:28.566,1.41509,1.41547,1.50,1.50
2010.11.03 01:09:30.774,1.41509,1.41547,1.50,1.50
2010.11.03 01:09:32.904,1.41509,1.41547,1.50,1.50
2010.11.03 01:09:34.965,1.41512,1.41551,1.50,1.50
2010.11.03 01:09:37.224,1.41512,1.41551,1.50,1.50
2010.11.03 01:09:39.281,1.41516,1.41551,1.50,1.50
2010.11.03 01:09:40.592,1.41511,1.41547,1.50,1.50
2010.11.03 01:09:42.656,1.41508,1.41546,1.50,1.50
2010.11.03 01:09:44.718,1.41497,1.41535,1.50,1.50
2010.11.03 01:09:46.794,1.41497,1.41535,1.50,1.50
2010.11.03 01:09:48.871,1.41497,1.41535,1.50,1.60
2010.11.03 01:09:49.532,1.41495,1.41532,1.50,1.10
2010.11.03 01:09:51.621,1.4149,1.41528,1.50,2.40
2010.11.03 01:09:53.691,1.4149,1.41528,1.50,2.40
2010.11.03 01:09:55.745,1.41486,1.41528,1.50,1.10
2010.11.03 01:09:57.771,1.41484,1.41524,1.50,1.70
2010.11.03 01:09:59.832,1.41484,1.41525,1.50,1.60
2010.11.03 01:10:01.871,1.41484,1.41525,1.50,1.50
2010.11.03 01:10:03.923,1.41484,1.41523,1.50,1.60
2010.11.03 01:10:06.002,1.41484,1.41523,1.50,6.10
2010.11.03 01:10:07.024,1.41474,1.41518,1.50,3.30
2010.11.03 01:10:07.711,1.41467,1.41511,1.50,4.50
2010.11.03 01:10:09.719,1.4146,1.41505,1.70,1.80
2010.11.03 01:10:11.739,1.41468,1.41504,1.50,1.50
2010.11.03 01:10:13.990,1.41468,1.41504,1.50,1.50
2010.11.03 01:10:16.035,1.41464,1.41503,1.50,1.50
2010.11.03 01:10:18.102,1.41465,1.41507,1.50,3.10
2010.11.03 01:10:20.201,1.41465,1.41507,1.50,3.20
2010.11.03 01:10:22.329,1.41465,1.41506,1.70,1.70
2010.11.03 01:10:24.421,1.41467,1.41508,1.70,1.70
2010.11.03 01:10:26.512,1.41476,1.41516,1.70,1.70
2010.11.03 01:10:28.592,1.41476,1.41516,1.50,1.60
2010.11.03 01:10:30.625,1.41476,1.41516,1.50,1.70
2010.11.03 01:10:32.720,1.41476,1.41518,1.50,2.40
2010.11.03 01:10:34.741,1.41476,1.41518,1.50,2.40
2010.11.03 01:10:36.791,1.41476,1.41516,1.50,1.70
2010.11.03 01:10:38.882,1.41476,1.41518,1.50,2.40
2010.11.03 01:10:40.901,1.41476,1.41519,1.50,2.60
2010.11.03 01:10:41.391,1.41471,1.41511,1.50,3.30
2010.11.03 01:10:41.946,1.41475,1.41511,1.50,1.70
2010.11.03 01:10:43.953,1.41466,1.41508,1.50,2.50
2010.11.03 01:10:46.042,1.41466,1.41508,1.50,3.10
2010.11.03 01:10:48.112,1.41466,1.41508,1.50,3.80
2010.11.03 01:10:50.194,1.41466,1.41508,1.50,3.80
2010.11.03 01:10:51.725,1.41451,1.41492,1.50,1.50
2010.11.03 01:10:52.722,1.41464,1.41502,1.50,1.50
2010.11.03 01:10:53.052,1.41471,1.41514,1.50,1.50
2010.11.03 01:10:53.273,1.41476,1.41519,1.50,1.20
2010.11.03 01:10:54.513,1.41476,1.41519,1.50,3.40
2010.11.03 01:10:56.608,1.41476,1.41517,1.50,1.10
2010.11.03 01:10:58.611,1.41476,1.41519,1.50,1.50
2010.11.03 01:11:00.654,1.41476,1.41519,1.50,1.60
2010.11.03 01:11:02.682,1.41476,1.4152,1.50,1.50
2010.11.03 01:11:04.721,1.41476,1.41519,1.50,1.60
2010.11.03 01:11:06.741,1.4148,1.41522,1.50,1.80
2010.11.03 01:11:08.771,1.4148,1.41523,1.50,3.10
2010.11.03 01:11:10.904,1.4148,1.41522,1.50,3.20
2010.11.03 01:11:12.956,1.4148,1.41522,1.50,1.70
2010.11.03 01:11:15.031,1.4148,1.41522,1.50,1.60
2010.11.03 01:11:17.068,1.4148,1.41522,1.50,1.60
2010.11.03 01:11:19.241,1.4148,1.41522,1.50,1.60
2010.11.03 01:11:21.255,1.4148,1.41522,1.50,1.60
2010.11.03 01:11:23.344,1.4148,1.41522,1.50,1.60
2010.11.03 01:11:25.365,1.4148,1.41522,1.50,2.30
2010.11.03 01:11:27.392,1.4148,1.41522,1.50,2.30
2010.11.03 01:11:29.431,1.41484,1.41526,1.50,3.80
2010.11.03 01:11:31.506,1.41487,1.4153,1.50,1.70
2010.11.03 01:11:33.612,1.41487,1.41531,1.50,1.40
2010.11.03 01:11:34.104,1.41491,1.4154,1.50,2.40
2010.11.03 01:11:36.292,1.41497,1.41539,1.50,2.30
2010.11.03 01:11:38.303,1.41497,1.41539,1.50,2.30
2010.11.03 01:11:40.315,1.41497,1.41539,1.50,2.20
2010.11.03 01:11:42.402,1.415,1.41542,1.50,2.30
2010.11.03 01:11:44.423,1.415,1.41542,1.50,2.30
2010.11.03 01:11:46.786,1.415,1.41541,1.50,4.60
2010.11.03 01:11:48.846,1.415,1.41541,1.50,2.30
2010.11.03 01:11:50.952,1.415,1.41541,1.50,2.30
2010.11.03 01:11:53.199,1.415,1.41541,1.50,2.30
2010.11.03 01:11:55.222,1.415,1.41538,1.50,1.20
2010.11.03 01:11:55.552,1.41493,1.41535,1.50,2.30
2010.11.03 01:11:57.652,1.41493,1.41534,1.50,1.10
2010.11.03 01:11:59.671,1.41493,1.41534,1.50,1.10
2010.11.03 01:12:01.702,1.41498,1.41535,1.50,1.60
2010.11.03 01:12:03.791,1.41498,1.41535,1.50,1.80
2010.11.03 01:12:05.844,1.41498,1.41542,1.50,1.90
2010.11.03 01:12:07.933,1.41504,1.41545,1.50,1.90
2010.11.03 01:12:10.246,1.41506,1.41545,1.50,1.90
2010.11.03 01:12:10.371,1.41488,1.41526,1.20,1.70
2010.11.03 01:12:10.489,1.41487,1.41523,1.50,1.50
2010.11.03 01:12:10.713,1.41486,1.41531,1.50,1.50
2010.11.03 01:12:12.771,1.41492,1.41531,1.50,1.60
2010.11.03 01:12:14.856,1.41492,1.41531,1.50,1.70
2010.11.03 01:12:16.965,1.41494,1.41538,1.50,1.50
2010.11.03 01:12:19.103,1.41493,1.41535,1.50,2.60
2010.11.03 01:12:21.252,1.41487,1.41531,1.50,1.10
2010.11.03 01:12:23.313,1.41487,1.41532,1.50,4.30
2010.11.03 01:12:25.433,1.41487,1.41532,1.50,4.30
2010.11.03 01:12:27.487,1.41487,1.41532,1.50,4.30
2010.11.03 01:12:29.676,1.41487,1.41532,1.50,4.30
2010.11.03 01:12:31.797,1.41487,1.41532,1.50,4.30
2010.11.03 01:12:34.367,1.4149,1.41532,1.50,4.10
2010.11.03 01:12:36.329,1.4149,1.41532,1.50,4.10
2010.11.03 01:12:38.455,1.4149,1.41532,1.50,4.10
2010.11.03 01:12:40.774,1.4149,1.41532,1.50,4.10
2010.11.03 01:12:42.822,1.41495,1.41535,1.50,2.30
2010.11.03 01:12:45.006,1.41495,1.41535,1.50,2.30
2010.11.03 01:12:47.330,1.41495,1.41535,1.50,2.30
2010.11.03 01:12:49.391,1.41495,1.41535,1.50,2.30
2010.11.03 01:12:51.415,1.41495,1.41535,1.50,2.30
2010.11.03 01:12:53.670,1.41495,1.41535,1.50,2.30
2010.11.03 01:12:55.800,1.41495,1.41535,1.50,2.30
2010.11.03 01:12:58.144,1.41495,1.41535,1.50,1.80
2010.11.03 01:13:00.254,1.41495,1.41535,1.50,1.80
2010.11.03 01:13:02.375,1.41485,1.41527,1.50,1.10
2010.11.03 01:13:04.408,1.41482,1.41522,1.50,1.10
2010.11.03 01:13:06.551,1.41482,1.41522,1.50,1.10
2010.11.03 01:13:08.770,1.41479,1.4152,1.50,1.80
2010.11.03 01:13:10.873,1.41469,1.4151,1.50,1.80
2010.11.03 01:13:13.166,1.41466,1.41508,1.50,1.80
2010.11.03 01:13:15.223,1.41466,1.41508,1.50,1.80
2010.11.03 01:13:17.406,1.41468,1.41512,1.50,1.50
2010.11.03 01:13:18.522,1.41471,1.41517,1.50,1.10
2010.11.03 01:13:20.365,1.41473,1.41517,1.50,1.10
2010.11.03 01:13:22.548,1.41473,1.41518,1.50,1.70
2010.11.03 01:13:24.602,1.41477,1.41517,1.50,1.60
2010.11.03 01:13:26.696,1.41477,1.41517,1.50,1.60
2010.11.03 01:13:27.252,1.4148,1.4152,1.50,1.40
2010.11.03 01:13:29.274,1.41475,1.4152,1.50,2.20
2010.11.03 01:13:31.361,1.41475,1.4152,1.50,1.60
2010.11.03 01:13:33.382,1.41479,1.4152,1.50,1.40
2010.11.03 01:13:35.391,1.41475,1.41517,1.50,1.50
2010.11.03 01:13:37.461,1.41475,1.41517,1.50,1.50
2010.11.03 01:13:39.685,1.41475,1.41517,1.50,1.50
2010.11.03 01:13:41.851,1.41475,1.41517,1.50,1.50
2010.11.03 01:13:43.995,1.41475,1.41517,1.50,1.50
2010.11.03 01:13:46.004,1.41475,1.41517,1.50,1.40
2010.11.03 01:13:48.023,1.41478,1.41516,1.50,1.10
2010.11.03 01:13:50.225,1.41478,1.41515,1.50,1.10
2010.11.03 01:13:52.514,1.41478,1.41514,1.50,1.10
2010.11.03 01:13:54.535,1.41478,1.41514,1.50,1.10
2010.11.03 01:13:56.544,1.41477,1.41518,1.50,1.10
2010.11.03 01:13:58.665,1.41477,1.41518,1.50,1.10
2010.11.03 01:13:59.972,1.41478,1.41523,1.50,1.20
2010.11.03 01:14:02.062,1.41481,1.41526,1.50,2.40
2010.11.03 01:14:04.085,1.4149,1.41532,1.50,1.60
2010.11.03 01:14:06.093,1.41492,1.41535,1.50,1.70
2010.11.03 01:14:07.069,1.41485,1.41528,1.50,1.60
2010.11.03 01:14:07.296,1.41485,1.41522,1.50,1.20
2010.11.03 01:14:09.308,1.41481,1.41515,1.50,1.50
2010.11.03 01:14:11.133,1.41482,1.41505,1.50,1.50
2010.11.03 01:14:11.243,1.41474,1.41505,1.50,1.50
2010.11.03 01:14:13.252,1.4145,1.41485,1.50,1.70
2010.11.03 01:14:15.315,1.4145,1.41485,1.50,1.50
2010.11.03 01:14:17.361,1.4145,1.41485,1.50,1.70
2010.11.03 01:14:18.192,1.41454,1.41495,1.50,1.60
2010.11.03 01:14:20.201,1.41461,1.41495,1.50,1.60
2010.11.03 01:14:21.827,1.41471,1.41507,1.50,1.30
2010.11.03 01:14:23.885,1.41467,1.41505,1.50,4.70
2010.11.03 01:14:25.892,1.4147,1.41512,1.50,1.10
2010.11.03 01:14:27.904,1.4147,1.41512,1.50,1.10
2010.11.03 01:14:30.085,1.4147,1.41512,1.50,1.10
2010.11.03 01:14:32.181,1.4147,1.41513,1.50,3.00
2010.11.03 01:14:34.202,1.4147,1.41513,1.50,2.80
2010.11.03 01:14:36.214,1.41468,1.4151,1.50,1.70
2010.11.03 01:14:38.296,1.41468,1.4151,1.50,1.70
2010.11.03 01:14:40.315,1.41468,1.4151,1.50,1.70
2010.11.03 01:14:42.494,1.41468,1.4151,1.50,1.60
2010.11.03 01:14:44.511,1.41468,1.4151,1.50,1.70
2010.11.03 01:14:46.531,1.41468,1.4151,1.50,1.60
2010.11.03 01:14:48.552,1.41463,1.41505,1.50,1.60
2010.11.03 01:14:50.695,1.41463,1.41504,1.50,1.10
2010.11.03 01:14:52.797,1.41464,1.41507,1.50,2.00
2010.11.03 01:14:54.287,1.41461,1.41491,1.50,1.50
2010.11.03 01:14:56.304,1.41455,1.41495,1.50,1.60
2010.11.03 01:14:58.698,1.41453,1.41495,1.50,3.10
2010.11.03 01:15:00.732,1.41452,1.41495,1.50,1.70
2010.11.03 01:15:02.843,1.4146,1.41495,1.50,1.50
2010.11.03 01:15:04.912,1.41463,1.41502,1.50,1.10
2010.11.03 01:15:06.962,1.41463,1.41505,1.50,1.70
2010.11.03 01:15:08.983,1.41466,1.41505,1.50,1.80
2010.11.03 01:15:09.832,1.41473,1.41512,1.50,1.10
2010.11.03 01:15:11.865,1.41475,1.41515,1.50,1.70
2010.11.03 01:15:13.881,1.41475,1.41515,1.50,1.70
2010.11.03 01:15:15.902,1.41477,1.41515,1.50,1.80
2010.11.03 01:15:17.972,1.41481,1.41523,1.50,4.90
2010.11.03 01:15:20.226,1.41478,1.4152,1.50,1.60
2010.11.03 01:15:22.265,1.41478,1.4152,1.50,1.60
2010.11.03 01:15:24.371,1.4148,1.41523,3.00,2.80
2010.11.03 01:15:26.375,1.4148,1.41523,3.00,2.80
2010.11.03 01:15:28.393,1.4148,1.41523,3.00,2.80
2010.11.03 01:15:30.404,1.4148,1.41515,1.50,1.60
2010.11.03 01:15:32.513,1.4148,1.41523,3.00,3.00
2010.11.03 01:15:34.533,1.41484,1.41524,1.50,1.60
2010.11.03 01:15:35.689,1.41485,1.41525,1.50,1.80
2010.11.03 01:15:37.684,1.41485,1.41525,1.50,1.70
2010.11.03 01:15:39.692,1.41485,1.41525,1.50,1.70
2010.11.03 01:15:42.016,1.41487,1.41525,1.50,1.70
2010.11.03 01:15:44.126,1.41487,1.41525,1.50,1.70
2010.11.03 01:15:46.444,1.41487,1.41525,1.50,1.80
2010.11.03 01:15:48.542,1.41487,1.41525,1.50,1.70
2010.11.03 01:15:50.654,1.41487,1.41525,1.50,1.70
2010.11.03 01:15:51.093,1.41487,1.4153,1.50,1.50
2010.11.03 01:15:51.602,1.41496,1.41543,1.50,4.50
2010.11.03 01:15:53.165,1.41494,1.41523,1.50,1.50
2010.11.03 01:15:53.384,1.41489,1.41531,1.50,3.30
2010.11.03 01:15:55.495,1.41491,1.41531,1.50,1.70
2010.11.03 01:15:57.655,1.41491,1.41531,1.50,1.60
2010.11.03 01:15:59.692,1.41494,1.41521,1.50,1.50
2010.11.03 01:16:01.815,1.41494,1.41521,1.50,1.50
2010.11.03 01:16:04.157,1.41494,1.41531,1.50,1.70
2010.11.03 01:16:06.242,1.41494,1.41531,1.50,1.70
2010.11.03 01:16:08.252,1.41494,1.41531,1.50,1.70
2010.11.03 01:16:10.461,1.41494,1.41531,3.00,1.70
2010.11.03 01:16:12.797,1.41494,1.41531,3.00,1.70
2010.11.03 01:16:15.113,1.41494,1.41531,2.30,1.70
2010.11.03 01:16:17.116,1.41494,1.41531,2.30,1.70
2010.11.03 01:16:18.712,1.415,1.41541,2.30,2.40
2010.11.03 01:16:20.732,1.41505,1.41541,1.50,1.60
2010.11.03 01:16:21.117,1.41509,1.41551,2.30,2.70
2010.11.03 01:16:21.453,1.41515,1.41556,1.50,1.90
2010.11.03 01:16:21.564,1.41515,1.41555,1.50,1.20
2010.11.03 01:16:23.602,1.41521,1.41551,1.50,1.50
2010.11.03 01:16:24.033,1.41515,1.41541,1.50,1.50
2010.11.03 01:16:24.363,1.41516,1.4155,1.50,1.20
2010.11.03 01:16:26.653,1.41512,1.41551,1.50,1.60
2010.11.03 01:16:28.674,1.41509,1.41551,1.50,3.00
2010.11.03 01:16:30.940,1.41505,1.41541,1.50,1.70
2010.11.03 01:16:31.498,1.41497,1.41539,1.50,2.30
2010.11.03 01:16:33.592,1.41495,1.4154,2.30,1.50
2010.11.03 01:16:35.692,1.41495,1.41538,1.50,1.20
2010.11.03 01:16:37.733,1.41495,1.41538,1.50,1.30
2010.11.03 01:16:39.738,1.41491,1.41531,1.50,1.50
2010.11.03 01:16:40.074,1.41485,1.41503,1.50,1.50
2010.11.03 01:16:40.294,1.41485,1.41525,1.50,1.50
2010.11.03 01:16:41.126,1.41491,1.41536,2.30,1.20
2010.11.03 01:16:41.235,1.41495,1.41538,1.50,1.20
2010.11.03 01:16:41.674,1.41496,1.41541,3.00,1.20
2010.11.03 01:16:43.742,1.41502,1.41544,1.50,1.40
2010.11.03 01:16:45.823,1.41498,1.41542,1.50,1.40
2010.11.03 01:16:47.836,1.41498,1.41542,1.50,1.40
2010.11.03 01:16:50.010,1.41498,1.41542,1.50,1.40
2010.11.03 01:16:52.154,1.41498,1.41542,1.50,1.40
2010.11.03 01:16:54.188,1.41498,1.41542,1.50,1.40
2010.11.03 01:16:56.237,1.41498,1.41542,1.50,1.40
2010.11.03 01:16:58.282,1.41498,1.41542,1.50,1.40
2010.11.03 01:17:00.312,1.41498,1.41542,1.50,1.40
2010.11.03 01:17:02.356,1.41498,1.41542,1.50,1.40
2010.11.03 01:17:04.495,1.41498,1.41542,1.50,1.40
2010.11.03 01:17:06.512,1.41498,1.41542,1.50,1.40
2010.11.03 01:17:08.629,1.41498,1.41542,1.50,1.40
2010.11.03 01:17:10.656,1.41498,1.41542,1.50,1.40
2010.11.03 01:17:12.636,1.41498,1.41542,1.50,1.40
2010.11.03 01:17:14.675,1.41498,1.41542,1.50,1.40
2010.11.03 01:17:16.732,1.41501,1.41545,1.50,1.40
2010.11.03 01:17:18.773,1.41501,1.41545,1.50,1.40
2010.11.03 01:17:20.872,1.41497,1.41541,1.50,1.40
2010.11.03 01:17:23.177,1.41497,1.41541,1.50,1.40
2010.11.03 01:17:24.357,1.41498,1.41546,1.50,1.40
2010.11.03 01:17:24.477,1.41504,1.41551,1.50,1.40
2010.11.03 01:17:26.582,1.41507,1.41551,1.50,1.40
2010.11.03 01:17:28.663,1.41504,1.41549,1.50,1.40
2010.11.03 01:17:30.693,1.41507,1.4155,1.50,1.40
2010.11.03 01:17:32.582,1.41498,1.4154,1.50,1.40
2010.11.03 01:17:34.815,1.41498,1.4154,1.50,1.40
2010.11.03 01:17:36.974,1.41498,1.4154,1.50,1.40
2010.11.03 01:17:38.990,1.41498,1.4154,1.50,1.40
2010.11.03 01:17:41.002,1.41498,1.4154,1.50,1.40
2010.11.03 01:17:43.177,1.41502,1.41544,1.50,1.40
2010.11.03 01:17:45.195,1.41504,1.41548,1.50,1.40
2010.11.03 01:17:47.506,1.41504,1.41548,1.50,1.40
2010.11.03 01:17:49.614,1.41502,1.41544,1.50,2.20
2010.11.03 01:17:51.721,1.41497,1.41541,3.00,1.40
2010.11.03 01:17:53.731,1.41494,1.41536,1.50,1.50
2010.11.03 01:17:55.831,1.41494,1.41536,1.50,1.50
2010.11.03 01:17:57.956,1.41494,1.41536,1.50,1.60
2010.11.03 01:18:00.037,1.41494,1.41536,1.50,1.50
2010.11.03 01:18:02.326,1.41494,1.41536,1.50,1.50
2010.11.03 01:18:04.389,1.41494,1.41536,1.50,1.50
2010.11.03 01:18:06.720,1.41494,1.41536,1.50,1.50
2010.11.03 01:18:08.534,1.41494,1.41536,1.50,1.50
2010.11.03 01:18:10.847,1.41494,1.41536,1.50,1.50
2010.11.03 01:18:12.907,1.41494,1.41536,1.50,1.50
2010.11.03 01:18:15.003,1.41494,1.41536,1.50,1.60
2010.11.03 01:18:17.070,1.41494,1.41536,1.50,1.60
2010.11.03 01:18:18.864,1.41498,1.41543,2.30,1.20
2010.11.03 01:18:20.952,1.41503,1.41547,1.50,1.60
2010.11.03 01:18:23.062,1.41503,1.41547,1.50,1.60
2010.11.03 01:18:25.051,1.41503,1.41547,1.50,1.60
2010.11.03 01:18:27.154,1.41503,1.41547,1.50,1.60
2010.11.03 01:18:29.255,1.41503,1.41547,1.50,1.50
2010.11.03 01:18:31.295,1.41503,1.41547,1.50,1.50
2010.11.03 01:18:33.418,1.41503,1.41547,1.50,1.60
2010.11.03 01:18:35.734,1.41503,1.41547,1.50,1.60
2010.11.03 01:18:37.985,1.41503,1.41547,1.50,1.60
2010.11.03 01:18:40.013,1.41503,1.41547,1.50,1.60
2010.11.03 01:18:42.125,1.41503,1.41547,1.50,1.60
2010.11.03 01:18:44.246,1.41503,1.41547,1.50,1.60
2010.11.03 01:18:46.474,1.41503,1.41547,1.50,1.60
2010.11.03 01:18:48.544,1.41503,1.41547,1.50,1.60
2010.11.03 01:18:50.865,1.41503,1.41547,1.50,1.60
2010.11.03 01:18:53.042,1.41503,1.41547,1.50,1.60
2010.11.03 01:18:55.054,1.41503,1.41545,1.50,1.70
2010.11.03 01:18:57.134,1.41503,1.41545,1.50,1.70
2010.11.03 01:18:59.194,1.41503,1.41547,1.50,1.40
2010.11.03 01:19:01.245,1.41506,1.4155,1.50,1.40
2010.11.03 01:19:03.257,1.41506,1.41548,1.50,1.20
2010.11.03 01:19:05.495,1.41504,1.41546,1.50,1.40
2010.11.03 01:19:07.621,1.41504,1.41546,1.50,1.60
2010.11.03 01:19:09.633,1.41504,1.41546,1.50,1.60
2010.11.03 01:19:11.797,1.41504,1.41546,1.50,1.60
2010.11.03 01:19:12.172,1.41504,1.41537,1.50,1.40
2010.11.03 01:19:14.527,1.41493,1.41536,3.00,1.40
2010.11.03 01:19:16.592,1.41498,1.41542,3.20,1.40
2010.11.03 01:19:18.632,1.41498,1.41542,3.20,1.40
2010.11.03 01:19:20.895,1.41498,1.41542,3.20,1.40
2010.11.03 01:19:22.982,1.415,1.41542,1.50,1.40
2010.11.03 01:19:25.001,1.41501,1.41545,1.50,1.40
2010.11.03 01:19:27.021,1.41501,1.41545,1.50,1.40
2010.11.03 01:19:29.061,1.41501,1.41545,1.50,1.40
2010.11.03 01:19:31.138,1.41501,1.41545,1.50,1.40
2010.11.03 01:19:33.154,1.41501,1.41545,1.50,1.40
2010.11.03 01:19:35.207,1.41501,1.41545,1.50,1.40
2010.11.03 01:19:37.485,1.41501,1.41545,1.50,1.40
2010.11.03 01:19:39.675,1.41506,1.41548,1.50,1.40
2010.11.03 01:19:41.708,1.41506,1.41548,1.50,1.40
2010.11.03 01:19:43.774,1.41506,1.41548,1.50,1.40
2010.11.03 01:19:45.885,1.41506,1.41548,1.50,1.40
2010.11.03 01:19:47.974,1.41506,1.41548,1.50,1.40
2010.11.03 01:19:50.066,1.41506,1.41548,1.50,1.40
2010.11.03 01:19:52.255,1.41506,1.41548,1.50,1.40
2010.11.03 01:19:54.311,1.41506,1.41548,1.50,1.40
2010.11.03 01:19:56.396,1.41503,1.41546,1.50,1.40
2010.11.03 01:19:58.411,1.41503,1.41546,1.50,1.40
2010.11.03 01:20:00.584,1.41498,1.4154,1.70,1.40
2010.11.03 01:20:02.635,1.41498,1.4154,1.50,1.40
2010.11.03 01:20:04.655,1.41498,1.4154,1.50,1.40
2010.11.03 01:20:06.827,1.41498,1.4154,1.50,1.40
2010.11.03 01:20:08.843,1.41498,1.4154,1.50,1.40
2010.11.03 01:20:10.942,1.41498,1.4154,1.50,1.40
2010.11.03 01:20:13.012,1.41498,1.4154,1.50,1.40
2010.11.03 01:20:15.092,1.41498,1.4154,1.50,1.40
2010.11.03 01:20:17.132,1.41498,1.4154,1.50,1.40
2010.11.03 01:20:19.185,1.41498,1.4154,1.50,1.50
2010.11.03 01:20:21.337,1.41498,1.4154,1.50,1.50
2010.11.03 01:20:23.665,1.41498,1.4154,1.50,1.50
2010.11.03 01:20:25.916,1.41502,1.41544,1.50,1.50
2010.11.03 01:20:27.966,1.41502,1.41544,1.50,1.40
2010.11.03 01:20:30.033,1.41496,1.41539,1.50,1.40
2010.11.03 01:20:32.133,1.41496,1.41539,1.50,1.40
2010.11.03 01:20:34.175,1.41496,1.41539,1.50,1.40
2010.11.03 01:20:36.262,1.41496,1.41539,1.50,1.50
2010.11.03 01:20:38.436,1.41496,1.41539,1.50,1.50
2010.11.03 01:20:40.462,1.41496,1.41539,1.50,1.50
2010.11.03 01:20:42.504,1.41496,1.41539,1.50,1.50
2010.11.03 01:20:44.584,1.41496,1.41539,1.50,1.50
2010.11.03 01:20:46.895,1.41496,1.41539,1.50,1.50
2010.11.03 01:20:49.055,1.41496,1.41539,1.50,1.50
2010.11.03 01:20:51.100,1.41496,1.41539,1.50,1.50
2010.11.03 01:20:53.157,1.41496,1.41539,1.50,1.50
2010.11.03 01:20:55.510,1.41496,1.41539,1.50,1.60
2010.11.03 01:20:57.824,1.41496,1.41539,1.50,1.60
2010.11.03 01:20:59.877,1.41496,1.41539,1.50,1.40
2010.11.03 01:21:02.005,1.41496,1.41539,1.50,1.50
2010.11.03 01:21:04.101,1.41496,1.41539,1.50,1.50
2010.11.03 01:21:06.353,1.41496,1.41539,1.50,1.40
2010.11.03 01:21:08.353,1.41496,1.41539,1.50,1.40
2010.11.03 01:21:10.388,1.41496,1.41539,1.50,1.40
2010.11.03 01:21:12.443,1.41496,1.41539,1.50,1.40
2010.11.03 01:21:14.715,1.41496,1.41539,1.50,1.40
2010.11.03 01:21:16.801,1.41499,1.41542,1.50,1.60
2010.11.03 01:21:18.956,1.41499,1.41542,1.50,1.60
2010.11.03 01:21:21.021,1.41499,1.41542,1.50,1.60
2010.11.03 01:21:23.299,1.41499,1.41542,1.50,1.60
2010.11.03 01:21:25.381,1.41499,1.41542,1.50,1.40
2010.11.03 01:21:27.316,1.41494,1.41538,1.50,2.30
2010.11.03 01:21:29.322,1.41491,1.41531,1.50,1.40
2010.11.03 01:21:31.331,1.41491,1.41531,1.50,1.40
2010.11.03 01:21:33.353,1.41491,1.41531,1.50,1.40
2010.11.03 01:21:35.469,1.41491,1.41535,1.50,1.50
2010.11.03 01:21:37.475,1.41491,1.41535,1.50,1.50
2010.11.03 01:21:39.562,1.41499,1.41543,1.50,1.60
2010.11.03 01:21:41.592,1.41499,1.41544,1.50,1.50
2010.11.03 01:21:43.642,1.41499,1.41544,1.50,3.00
2010.11.03 01:21:45.672,1.41499,1.41544,1.50,1.50
2010.11.03 01:21:47.742,1.41499,1.41544,1.50,3.10
2010.11.03 01:21:49.865,1.41499,1.41544,1.50,3.00
2010.11.03 01:21:51.885,1.41492,1.41537,1.60,1.40
2010.11.03 01:21:53.605,1.41489,1.41528,1.50,1.10
2010.11.03 01:21:53.715,1.4148,1.41524,1.50,1.50
2010.11.03 01:21:57.912,1.41483,1.41527,1.50,1.40
2010.11.03 01:21:59.963,1.41483,1.41527,1.70,1.40
2010.11.03 01:22:02.013,1.41483,1.41527,1.50,1.40
2010.11.03 01:22:04.131,1.4148,1.41524,1.50,1.40
2010.11.03 01:22:06.245,1.4148,1.41524,1.50,1.40
2010.11.03 01:22:08.336,1.4148,1.41524,1.50,1.50
2010.11.03 01:22:10.376,1.4148,1.41524,1.50,1.60
2010.11.03 01:22:12.599,1.41487,1.41526,1.50,1.40
2010.11.03 01:22:14.188,1.4148,1.41518,1.50,1.50
2010.11.03 01:22:14.303,1.4148,1.41525,1.50,2.90
2010.11.03 01:22:16.413,1.4148,1.41525,1.50,1.40
2010.11.03 01:22:18.596,1.41483,1.41526,1.50,1.40
2010.11.03 01:22:20.625,1.41483,1.41526,1.50,1.40
2010.11.03 01:22:22.630,1.4148,1.41525,1.50,2.30
2010.11.03 01:22:24.668,1.4148,1.41526,1.50,1.40
2010.11.03 01:22:25.742,1.41481,1.41512,1.50,1.50
2010.11.03 01:22:25.964,1.41472,1.41509,1.50,1.50
2010.11.03 01:22:27.992,1.41469,1.41514,1.50,1.40
2010.11.03 01:22:30.179,1.41469,1.41514,1.50,1.40
2010.11.03 01:22:32.239,1.41469,1.41514,1.50,1.40
2010.11.03 01:22:34.246,1.41469,1.41509,1.50,1.50
2010.11.03 01:22:36.331,1.41469,1.41509,1.50,1.50
2010.11.03 01:22:38.336,1.41469,1.41509,1.50,1.50
2010.11.03 01:22:40.496,1.41469,1.41509,1.50,1.50
2010.11.03 01:22:42.672,1.41469,1.41509,1.50,1.60
2010.11.03 01:22:44.756,1.41477,1.41516,1.50,1.50
2010.11.03 01:22:47.022,1.41481,1.4152,1.50,1.50
2010.11.03 01:22:47.140,1.4148,1.41527,1.60,2.90
2010.11.03 01:22:49.162,1.41486,1.41527,1.50,1.50
2010.11.03 01:22:51.223,1.41476,1.41519,1.50,2.40
2010.11.03 01:22:53.262,1.41476,1.41519,1.50,2.30
2010.11.03 01:22:55.544,1.41476,1.41519,1.50,2.30
2010.11.03 01:22:55.762,1.41476,1.4151,1.50,1.50
2010.11.03 01:22:56.128,1.41464,1.41509,1.50,1.60
2010.11.03 01:22:58.143,1.41464,1.41506,1.50,1.60
2010.11.03 01:23:00.177,1.41464,1.41506,1.50,1.60
2010.11.03 01:23:02.186,1.41464,1.41506,1.50,1.60
2010.11.03 01:23:04.213,1.41464,1.41506,1.50,1.60
2010.11.03 01:23:06.497,1.41464,1.41506,1.50,1.60
2010.11.03 01:23:08.516,1.41464,1.41506,1.50,1.60
2010.11.03 01:23:10.587,1.41464,1.41506,1.50,1.60
2010.11.03 01:23:12.596,1.41454,1.41495,1.50,1.50
2010.11.03 01:23:14.855,1.4145,1.4149,1.50,1.70
2010.11.03 01:23:16.967,1.4145,1.4149,1.50,1.70
2010.11.03 01:23:19.001,1.4145,1.4149,1.50,1.70
2010.11.03 01:23:21.223,1.4145,1.4149,1.50,1.70
2010.11.03 01:23:23.256,1.4145,1.4149,1.50,1.70
2010.11.03 01:23:25.322,1.4145,1.4149,1.50,1.70
2010.11.03 01:23:27.436,1.4145,1.4149,1.50,1.70
2010.11.03 01:23:29.442,1.41447,1.41489,1.50,3.10
2010.11.03 01:23:31.472,1.41447,1.41489,1.50,3.20
2010.11.03 01:23:33.573,1.41448,1.41489,1.50,3.20
2010.11.03 01:23:35.743,1.41448,1.41489,1.50,3.20
2010.11.03 01:23:37.842,1.41448,1.41489,1.50,3.10
2010.11.03 01:23:39.905,1.41448,1.41489,1.50,3.10
2010.11.03 01:23:42.066,1.41444,1.41486,1.50,1.50
2010.11.03 01:23:44.325,1.41444,1.41486,1.50,1.50
2010.11.03 01:23:46.366,1.41439,1.41483,1.50,1.60
2010.11.03 01:23:48.443,1.41439,1.41483,1.50,1.40
2010.11.03 01:23:50.446,1.41439,1.41483,1.60,1.40
2010.11.03 01:23:50.666,1.41446,1.41489,1.50,3.00
2010.11.03 01:23:50.778,1.41448,1.41492,1.80,1.20
2010.11.03 01:23:50.894,1.41457,1.41497,1.50,1.20
2010.11.03 01:23:52.948,1.41457,1.41502,3.00,1.40
2010.11.03 01:23:53.286,1.41467,1.41502,1.50,1.40
2010.11.03 01:23:55.182,1.41458,1.41502,1.50,1.40
2010.11.03 01:23:56.424,1.41467,1.41502,1.50,1.40
2010.11.03 01:23:58.513,1.41467,1.41502,1.50,1.40
2010.11.03 01:23:59.054,1.41458,1.41502,1.70,1.40
2010.11.03 01:24:01.102,1.41458,1.41502,1.50,1.40
2010.11.03 01:24:03.117,1.41458,1.41502,1.50,1.40
2010.11.03 01:24:05.368,1.41458,1.41502,1.50,1.40
2010.11.03 01:24:07.415,1.41458,1.41502,1.50,1.40
2010.11.03 01:24:09.512,1.41461,1.415,1.50,1.50
2010.11.03 01:24:11.705,1.41461,1.41505,1.50,1.50
2010.11.03 01:24:13.785,1.41461,1.41505,1.50,1.50
2010.11.03 01:24:15.803,1.41461,1.415,1.50,1.50
2010.11.03 01:24:17.853,1.41461,1.415,1.50,1.50
2010.11.03 01:24:19.881,1.41461,1.415,1.50,1.50
2010.11.03 01:24:22.056,1.41461,1.415,1.50,1.50
2010.11.03 01:24:23.716,1.41454,1.41489,1.50,1.70
2010.11.03 01:24:23.940,1.41445,1.41489,3.00,2.40
2010.11.03 01:24:24.618,1.41438,1.41479,1.50,1.50
2010.11.03 01:24:26.694,1.41445,1.41489,1.50,3.10
2010.11.03 01:24:28.731,1.41445,1.41489,1.50,3.10
2010.11.03 01:24:31.053,1.41449,1.41489,1.50,1.60
2010.11.03 01:24:33.095,1.41449,1.41489,1.50,1.60
2010.11.03 01:24:35.175,1.41449,1.41489,1.50,1.60
2010.11.03 01:24:37.216,1.41449,1.41489,1.50,1.60
2010.11.03 01:24:39.346,1.41449,1.41489,1.50,1.70
2010.11.03 01:24:41.574,1.41449,1.41489,1.50,1.70
2010.11.03 01:24:43.858,1.41449,1.41489,1.50,1.70
2010.11.03 01:24:45.853,1.41449,1.41479,1.50,1.50
2010.11.03 01:24:45.975,1.41442,1.41479,1.50,1.50
2010.11.03 01:24:48.002,1.41442,1.41479,1.50,1.50
2010.11.03 01:24:50.092,1.41442,1.41479,1.50,1.50
2010.11.03 01:24:52.137,1.41443,1.41484,1.50,1.40
2010.11.03 01:24:53.255,1.41448,1.41487,1.70,1.50
2010.11.03 01:24:53.475,1.41457,1.41496,1.50,1.80
2010.11.03 01:24:53.583,1.41465,1.41499,1.50,1.20
2010.11.03 01:24:55.626,1.41465,1.41502,1.50,1.40
2010.11.03 01:24:57.692,1.41465,1.41502,1.50,1.40
2010.11.03 01:24:59.998,1.41465,1.41502,1.50,1.40
2010.11.03 01:25:02.093,1.41465,1.41504,1.70,1.40
2010.11.03 01:25:04.118,1.41465,1.41509,3.20,1.40
2010.11.03 01:25:06.154,1.41465,1.41509,3.40,1.40
2010.11.03 01:25:08.193,1.41466,1.41509,1.10,1.40
2010.11.03 01:25:10.192,1.41466,1.41509,1.10,1.40
2010.11.03 01:25:12.263,1.41466,1.41509,1.10,1.40
2010.11.03 01:25:14.408,1.41466,1.41509,1.10,1.40
2010.11.03 01:25:16.427,1.41461,1.41505,1.50,1.40
2010.11.03 01:25:17.327,1.41445,1.41492,3.50,1.40
2010.11.03 01:25:17.449,1.41441,1.41484,2.10,1.40
2010.11.03 01:25:19.647,1.41442,1.41484,1.50,1.40
2010.11.03 01:25:21.695,1.41445,1.41488,2.60,1.40
2010.11.03 01:25:22.309,1.41448,1.4149,2.60,1.40
2010.11.03 01:25:24.325,1.4145,1.4149,1.70,1.40
2010.11.03 01:25:26.352,1.41455,1.41493,1.70,1.40
2010.11.03 01:25:28.432,1.41455,1.41493,1.70,1.40
2010.11.03 01:25:30.445,1.41455,1.41493,1.70,1.40
2010.11.03 01:25:31.520,1.41452,1.41493,1.50,1.40
2010.11.03 01:25:33.715,1.41452,1.41493,1.50,1.40
2010.11.03 01:25:35.762,1.41448,1.4149,1.50,1.40
2010.11.03 01:25:37.773,1.41448,1.4149,1.50,1.40
2010.11.03 01:25:39.852,1.41448,1.4149,1.50,1.40
2010.11.03 01:25:42.066,1.41448,1.4149,1.50,1.40
2010.11.03 01:25:44.073,1.41448,1.4149,1.50,1.50
2010.11.03 01:25:45.779,1.41455,1.415,1.10,2.90
2010.11.03 01:25:47.985,1.41461,1.41504,1.50,1.40
2010.11.03 01:25:50.030,1.41461,1.41504,1.50,1.40
2010.11.03 01:25:52.116,1.41453,1.41496,1.50,1.40
2010.11.03 01:25:54.173,1.41453,1.41496,1.50,1.50
2010.11.03 01:25:56.331,1.41453,1.41496,1.50,1.50
2010.11.03 01:25:58.411,1.41453,1.41496,1.50,1.50
2010.11.03 01:26:00.627,1.41453,1.41496,1.70,1.40
2010.11.03 01:26:02.675,1.41453,1.41496,1.50,1.50
2010.11.03 01:26:04.692,1.41453,1.41496,1.70,1.40
2010.11.03 01:26:06.775,1.41451,1.41494,2.30,1.50
2010.11.03 01:26:09.048,1.41443,1.41487,1.50,1.40
2010.11.03 01:26:11.072,1.41448,1.4149,1.50,1.40
2010.11.03 01:26:13.133,1.41448,1.4149,1.50,1.50
2010.11.03 01:26:15.202,1.41448,1.4149,1.50,1.50
2010.11.03 01:26:17.246,1.41448,1.4149,1.50,1.50
2010.11.03 01:26:19.278,1.41448,1.4149,1.50,1.50
2010.11.03 01:26:20.868,1.41435,1.41481,1.50,1.60
2010.11.03 01:26:20.989,1.41431,1.41475,1.50,1.60
2010.11.03 01:26:23.111,1.41435,1.41476,1.70,1.40
2010.11.03 01:26:25.227,1.41438,1.41483,1.70,1.50
2010.11.03 01:26:27.308,1.41455,1.41483,1.50,1.40
2010.11.03 01:26:27.533,1.41455,1.41493,1.50,1.40
2010.11.03 01:26:28.476,1.41463,1.41492,1.50,3.20
2010.11.03 01:26:28.589,1.4145,1.41478,1.50,1.50
2010.11.03 01:26:28.704,1.41437,1.41478,1.90,1.50
2010.11.03 01:26:30.743,1.41431,1.41473,3.00,1.40
2010.11.03 01:26:32.761,1.41431,1.41473,3.00,1.40
2010.11.03 01:26:34.843,1.4143,1.41471,1.50,1.40
2010.11.03 01:26:36.970,1.41434,1.41476,1.70,1.40
2010.11.03 01:26:38.976,1.41438,1.4148,1.50,1.40
2010.11.03 01:26:41.037,1.41438,1.4148,1.50,1.40
2010.11.03 01:26:43.122,1.41438,1.4148,3.00,1.40
2010.11.03 01:26:45.146,1.41438,1.4148,1.50,1.40
2010.11.03 01:26:47.223,1.41442,1.41483,3.40,1.40
2010.11.03 01:26:49.272,1.41442,1.41483,3.00,1.40
2010.11.03 01:26:51.346,1.41442,1.41483,2.10,1.40
2010.11.03 01:26:53.352,1.41445,1.41486,1.50,1.40
2010.11.03 01:26:55.408,1.41445,1.41486,1.50,1.40
2010.11.03 01:26:57.488,1.41445,1.41486,1.50,1.40
2010.11.03 01:26:59.572,1.41445,1.41486,1.50,1.40
2010.11.03 01:27:01.623,1.41445,1.41486,1.50,1.40
2010.11.03 01:27:03.662,1.41445,1.41486,1.50,1.40
2010.11.03 01:27:05.956,1.41445,1.41486,1.50,1.40
2010.11.03 01:27:08.052,1.41445,1.41486,1.50,1.40
2010.11.03 01:27:10.165,1.41445,1.41486,1.50,1.40
2010.11.03 01:27:12.196,1.41445,1.41486,1.50,1.40
2010.11.03 01:27:14.222,1.41445,1.41486,1.50,1.40
2010.11.03 01:27:16.287,1.41445,1.41486,1.50,1.40
2010.11.03 01:27:18.392,1.41445,1.41486,1.50,1.40
2010.11.03 01:27:20.437,1.41445,1.41486,1.50,1.40
2010.11.03 01:27:22.666,1.41445,1.41486,1.50,1.40
2010.11.03 01:27:24.675,1.41445,1.41486,1.50,1.40
2010.11.03 01:27:26.677,1.41441,1.41484,2.30,1.40
2010.11.03 01:27:29.006,1.41441,1.41484,2.30,1.40
2010.11.03 01:27:31.042,1.41441,1.41484,2.30,1.40
2010.11.03 01:27:33.072,1.41441,1.41484,2.30,1.40
2010.11.03 01:27:35.153,1.41444,1.41486,1.90,1.50
2010.11.03 01:27:37.378,1.41444,1.41486,1.50,1.50
2010.11.03 01:27:39.415,1.41444,1.41486,1.70,1.50
2010.11.03 01:27:41.497,1.41444,1.41486,1.70,1.50
2010.11.03 01:27:43.522,1.41444,1.41486,3.20,1.40
2010.11.03 01:27:45.823,1.41444,1.41486,3.20,1.40
2010.11.03 01:27:48.100,1.41444,1.41486,3.20,1.40
2010.11.03 01:27:50.203,1.41444,1.41486,1.50,1.60
2010.11.03 01:27:52.294,1.41444,1.41486,1.50,1.60
2010.11.03 01:27:54.566,1.41444,1.41486,1.50,1.60
2010.11.03 01:27:56.680,1.41446,1.41491,2.30,1.40
2010.11.03 01:27:58.739,1.41447,1.41491,1.50,1.40
2010.11.03 01:28:00.785,1.41447,1.41491,1.50,1.40
2010.11.03 01:28:02.807,1.41447,1.41491,1.50,1.40
2010.11.03 01:28:05.027,1.41447,1.41491,1.50,1.40
2010.11.03 01:28:07.103,1.41447,1.41491,3.00,1.40
2010.11.03 01:28:09.282,1.41447,1.41491,3.00,1.40
2010.11.03 01:28:11.286,1.41447,1.41491,3.00,1.40
2010.11.03 01:28:13.486,1.41447,1.41491,3.00,1.40
2010.11.03 01:28:15.513,1.41449,1.41491,1.50,1.40
2010.11.03 01:28:17.582,1.41449,1.41491,1.50,1.40
2010.11.03 01:28:19.593,1.41449,1.41491,1.50,1.40
2010.11.03 01:28:21.666,1.41449,1.41491,1.50,1.40
2010.11.03 01:28:23.725,1.41447,1.41491,3.00,2.20
2010.11.03 01:28:25.752,1.41446,1.4149,1.50,1.60
2010.11.03 01:28:27.995,1.41443,1.41486,2.90,1.40
2010.11.03 01:28:29.923,1.41443,1.41486,2.30,1.40
2010.11.03 01:28:32.054,1.41437,1.4148,1.50,1.50
2010.11.03 01:28:34.108,1.41437,1.4148,1.50,1.60
2010.11.03 01:28:34.446,1.41429,1.41475,1.90,4.50
2010.11.03 01:28:36.759,1.41424,1.41466,1.50,1.40
2010.11.03 01:28:38.394,1.41426,1.41469,3.20,1.40
2010.11.03 01:28:40.407,1.41428,1.41469,3.60,1.40
2010.11.03 01:28:42.487,1.41426,1.41469,2.70,1.40
2010.11.03 01:28:44.680,1.4143,1.41472,2.90,1.40
2010.11.03 01:28:46.716,1.41427,1.41471,1.20,1.50
2010.11.03 01:28:48.783,1.41421,1.41463,3.00,1.40
2010.11.03 01:28:51.131,1.41419,1.4146,1.50,1.40
2010.11.03 01:28:53.173,1.41422,1.4146,1.70,1.40
2010.11.03 01:28:55.224,1.41422,1.4146,1.50,1.40
2010.11.03 01:28:57.256,1.41422,1.4146,1.50,1.40
2010.11.03 01:28:59.363,1.41422,1.4146,1.70,1.40
2010.11.03 01:29:01.397,1.41422,1.41462,2.00,1.40
2010.11.03 01:29:02.197,1.41432,1.41462,1.50,1.40
2010.11.03 01:29:02.781,1.41418,1.41459,1.50,1.40
2010.11.03 01:29:04.824,1.41418,1.41459,1.50,1.40
2010.11.03 01:29:06.873,1.41419,1.41461,1.50,1.40
2010.11.03 01:29:08.917,1.41419,1.41461,1.50,1.40
2010.11.03 01:29:10.962,1.41419,1.41461,1.50,1.40
2010.11.03 01:29:13.053,1.41419,1.41461,1.50,1.40
2010.11.03 01:29:15.250,1.41425,1.41461,1.50,1.40
2010.11.03 01:29:15.369,1.41426,1.4147,1.50,1.60
2010.11.03 01:29:17.393,1.41424,1.41465,1.50,1.40
2010.11.03 01:29:19.413,1.41423,1.41465,1.50,1.50
2010.11.03 01:29:21.494,1.41423,1.41465,1.50,1.60
2010.11.03 01:29:23.536,1.41423,1.41465,1.50,1.60
2010.11.03 01:29:25.800,1.41426,1.41468,1.50,2.20
2010.11.03 01:29:27.823,1.41419,1.41464,1.90,1.50
2010.11.03 01:29:29.846,1.41415,1.41458,2.70,1.40
2010.11.03 01:29:31.944,1.41415,1.41458,1.20,1.40
2010.11.03 01:29:34.277,1.41412,1.41454,1.50,1.40
2010.11.03 01:29:36.313,1.41409,1.41452,1.20,1.40
2010.11.03 01:29:38.333,1.41411,1.41455,1.90,1.40
2010.11.03 01:29:40.384,1.41411,1.41455,2.50,1.40
2010.11.03 01:29:42.456,1.41415,1.41457,1.90,1.40
2010.11.03 01:29:44.518,1.41415,1.41457,1.50,1.40
2010.11.03 01:29:45.374,1.41422,1.41457,1.50,1.40
2010.11.03 01:29:47.491,1.41422,1.41464,1.50,1.40
2010.11.03 01:29:49.607,1.41422,1.41464,1.50,1.40
2010.11.03 01:29:50.540,1.41432,1.41467,1.50,1.40
2010.11.03 01:29:50.660,1.41425,1.41467,1.50,1.40
2010.11.03 01:29:52.777,1.41429,1.41474,1.50,1.40
2010.11.03 01:29:54.917,1.41429,1.41474,1.50,1.40
2010.11.03 01:29:56.925,1.41429,1.41474,1.50,1.40
2010.11.03 01:29:59.050,1.41429,1.41474,1.50,1.40
2010.11.03 01:30:01.094,1.41437,1.41479,1.50,1.40
2010.11.03 01:30:03.133,1.41442,1.41484,3.00,1.40
2010.11.03 01:30:05.347,1.41442,1.41484,3.00,1.40
2010.11.03 01:30:07.451,1.41442,1.41484,1.50,1.60
2010.11.03 01:30:09.480,1.41442,1.41484,1.50,1.40
2010.11.03 01:30:10.467,1.41433,1.4148,1.90,1.40
2010.11.03 01:30:11.155,1.41439,1.41484,1.50,1.40
2010.11.03 01:30:13.233,1.41439,1.41484,1.50,1.50
2010.11.03 01:30:15.265,1.41439,1.41484,1.50,1.60
2010.11.03 01:30:17.390,1.41439,1.41484,1.50,1.60
2010.11.03 01:30:19.729,1.41439,1.41484,1.50,1.60
2010.11.03 01:30:21.725,1.41439,1.41484,1.50,1.50
2010.11.03 01:30:23.783,1.41439,1.41484,1.50,1.50
2010.11.03 01:30:25.794,1.41438,1.4148,1.50,1.50
2010.11.03 01:30:28.111,1.4144,1.41483,1.50,1.50
2010.11.03 01:30:30.203,1.41448,1.41492,1.50,1.40
2010.11.03 01:30:30.733,1.4145,1.41497,2.30,1.40
2010.11.03 01:30:32.825,1.41451,1.41493,1.50,1.40
2010.11.03 01:30:34.826,1.41446,1.41488,1.50,1.40
2010.11.03 01:30:36.883,1.41446,1.41489,1.50,1.70
2010.11.03 01:30:38.892,1.41446,1.41489,1.50,1.60
2010.11.03 01:30:39.764,1.41439,1.41489,1.50,2.30
2010.11.03 01:30:42.037,1.41439,1.41491,1.50,4.70
2010.11.03 01:30:44.046,1.41439,1.41491,1.50,4.70
2010.11.03 01:30:46.218,1.41441,1.41491,1.50,4.70
2010.11.03 01:30:48.293,1.41441,1.41491,1.50,2.40
2010.11.03 01:30:50.342,1.41441,1.41491,1.50,4.70
2010.11.03 01:30:52.432,1.41441,1.41491,1.50,4.90
2010.11.03 01:30:54.503,1.41441,1.41489,1.50,4.50
2010.11.03 01:30:56.776,1.41441,1.41489,1.50,4.50
2010.11.03 01:30:59.116,1.41441,1.41489,1.50,4.50
2010.11.03 01:31:01.246,1.41441,1.41489,1.50,4.50
2010.11.03 01:31:03.316,1.41441,1.41488,1.50,1.10
2010.11.03 01:31:05.373,1.4144,1.41481,1.50,1.60
2010.11.03 01:31:06.067,1.41441,1.4149,1.50,1.60
2010.11.03 01:31:06.288,1.41441,1.41482,1.50,1.70
2010.11.03 01:31:07.356,1.41447,1.41491,1.50,3.70
2010.11.03 01:31:09.430,1.41445,1.41492,1.50,1.60
2010.11.03 01:31:10.246,1.41437,1.41487,3.40,1.10
2010.11.03 01:31:12.588,1.41438,1.41489,1.50,2.30
2010.11.03 01:31:14.606,1.4144,1.41489,1.50,2.30
2010.11.03 01:31:16.851,1.4144,1.41489,1.50,2.30
2010.11.03 01:31:19.125,1.4144,1.41489,1.50,2.30
2010.11.03 01:31:21.223,1.41444,1.41493,1.50,1.60
2010.11.03 01:31:23.293,1.41442,1.41493,1.50,1.80
2010.11.03 01:31:25.367,1.41438,1.41485,1.50,1.70
2010.11.03 01:31:27.638,1.41438,1.41485,1.50,1.70
2010.11.03 01:31:29.646,1.41439,1.41485,1.50,1.70
2010.11.03 01:31:31.847,1.41439,1.41485,1.50,1.70
2010.11.03 01:31:33.866,1.41439,1.41485,1.50,1.70
2010.11.03 01:31:35.876,1.41439,1.41485,1.50,1.70
2010.11.03 01:31:37.920,1.41439,1.41485,1.50,1.70
2010.11.03 01:31:39.933,1.41439,1.41485,1.50,1.70
2010.11.03 01:31:41.430,1.41448,1.41495,1.50,1.70
2010.11.03 01:31:41.984,1.41446,1.4149,1.50,4.50
2010.11.03 01:31:44.318,1.41442,1.41481,1.50,1.50
2010.11.03 01:31:46.285,1.41446,1.41493,1.50,1.20
2010.11.03 01:31:48.528,1.41446,1.41495,1.50,1.50
2010.11.03 01:31:50.542,1.41446,1.41495,1.50,1.60
2010.11.03 01:31:52.041,1.41446,1.41488,1.50,1.10
2010.11.03 01:31:52.155,1.41437,1.41485,3.40,1.70
2010.11.03 01:31:54.296,1.41437,1.41485,1.50,1.50
2010.11.03 01:31:56.372,1.41442,1.41486,1.50,3.10
2010.11.03 01:31:57.896,1.41437,1.41486,1.70,1.60
2010.11.03 01:31:59.915,1.41437,1.41485,1.50,1.70
2010.11.03 01:32:02.036,1.41439,1.41485,1.50,1.70
2010.11.03 01:32:04.061,1.41439,1.41485,1.50,1.60
2010.11.03 01:32:06.177,1.41439,1.41485,1.50,1.70
2010.11.03 01:32:08.252,1.41437,1.41483,1.50,1.10
2010.11.03 01:32:08.474,1.41445,1.41483,1.70,1.10
2010.11.03 01:32:08.700,1.41451,1.41494,1.50,1.70
2010.11.03 01:32:08.817,1.41443,1.4149,1.90,1.10
2010.11.03 01:32:09.281,1.41441,1.41481,1.50,2.30
2010.11.03 01:32:11.314,1.41436,1.41481,1.50,2.60
2010.11.03 01:32:13.382,1.4144,1.41484,1.50,2.60
2010.11.03 01:32:15.640,1.41434,1.41478,1.50,1.60
2010.11.03 01:32:17.463,1.41433,1.41478,1.50,1.60
2010.11.03 01:32:19.473,1.41433,1.41478,1.50,1.70
2010.11.03 01:32:21.530,1.41431,1.41478,1.50,1.70
2010.11.03 01:32:23.561,1.41429,1.41475,1.50,2.30
2010.11.03 01:32:25.720,1.41429,1.41475,1.50,2.30
2010.11.03 01:32:27.898,1.41429,1.41475,1.50,2.30
2010.11.03 01:32:29.942,1.41432,1.41475,1.50,1.50
2010.11.03 01:32:31.984,1.41432,1.41475,1.50,1.60
2010.11.03 01:32:34.007,1.41435,1.41486,1.50,1.10
2010.11.03 01:32:36.074,1.41435,1.41481,1.50,2.40
2010.11.03 01:32:38.289,1.4144,1.41481,1.50,1.50
2010.11.03 01:32:40.283,1.4144,1.41491,1.50,4.90
2010.11.03 01:32:42.344,1.41437,1.41481,1.50,1.60
2010.11.03 01:32:43.349,1.41438,1.4148,1.50,2.10
2010.11.03 01:32:43.685,1.41434,1.41477,1.50,1.60
2010.11.03 01:32:45.689,1.41428,1.41474,1.50,3.10
2010.11.03 01:32:47.695,1.4143,1.41474,1.50,1.50
2010.11.03 01:32:49.723,1.41427,1.41474,1.50,3.10
2010.11.03 01:32:51.754,1.41427,1.41474,1.50,6.30
2010.11.03 01:32:53.987,1.41427,1.4147,1.50,1.60
2010.11.03 01:32:56.226,1.41427,1.4147,1.50,1.60
2010.11.03 01:32:58.306,1.41427,1.4147,1.50,1.50
2010.11.03 01:33:00.478,1.41427,1.4147,1.50,1.50
2010.11.03 01:33:02.494,1.41427,1.4147,1.50,1.50
2010.11.03 01:33:04.515,1.41427,1.4147,1.50,1.50
2010.11.03 01:33:06.556,1.41425,1.4147,1.50,1.60
2010.11.03 01:33:08.626,1.41427,1.4147,1.50,1.60
2010.11.03 01:33:10.666,1.41426,1.4147,1.50,1.60
2010.11.03 01:33:12.796,1.41426,1.4147,1.50,1.60
2010.11.03 01:33:14.823,1.41426,1.4147,1.50,1.50
2010.11.03 01:33:16.893,1.41424,1.4147,1.50,1.60
2010.11.03 01:33:18.954,1.41424,1.4147,1.50,1.60
2010.11.03 01:33:20.964,1.41436,1.41482,1.50,2.30
2010.11.03 01:33:22.973,1.41431,1.41482,1.50,2.30
2010.11.03 01:33:25.135,1.41431,1.41482,1.50,2.30
2010.11.03 01:33:27.192,1.41436,1.41481,1.50,1.60
2010.11.03 01:33:29.350,1.41436,1.41481,1.50,1.50
2010.11.03 01:33:31.418,1.41436,1.41485,1.50,2.40
2010.11.03 01:33:33.766,1.41436,1.41485,1.50,2.40
2010.11.03 01:33:35.843,1.41436,1.41485,1.50,2.40
2010.11.03 01:33:37.967,1.41433,1.41476,1.50,1.60
2010.11.03 01:33:40.034,1.41432,1.41476,1.50,1.60
2010.11.03 01:33:42.093,1.41433,1.41476,1.50,1.60
2010.11.03 01:33:44.201,1.41426,1.41474,1.50,2.40
2010.11.03 01:33:46.227,1.41426,1.41474,1.50,2.40
2010.11.03 01:33:47.325,1.41436,1.41465,1.50,1.40
2010.11.03 01:33:47.799,1.41422,1.41466,1.90,1.50
2010.11.03 01:33:49.918,1.41422,1.41464,1.50,1.40
2010.11.03 01:33:52.027,1.41422,1.41464,1.50,1.40
2010.11.03 01:33:54.133,1.41422,1.41464,1.50,1.60
2010.11.03 01:33:56.234,1.41422,1.41464,1.50,1.50
2010.11.03 01:33:58.278,1.41422,1.41464,1.50,1.50
2010.11.03 01:33:59.059,1.41414,1.41456,2.40,1.50
2010.11.03 01:33:59.164,1.41426,1.41464,1.50,1.40
2010.11.03 01:34:00.545,1.41434,1.4147,1.50,2.30
2010.11.03 01:34:00.780,1.41443,1.41477,1.50,1.60
2010.11.03 01:34:01.006,1.41443,1.41483,1.40,1.40
2010.11.03 01:34:01.224,1.41451,1.41494,1.50,1.50
2010.11.03 01:34:03.325,1.41451,1.41495,1.50,1.40
2010.11.03 01:34:05.343,1.41451,1.41498,1.50,1.60
2010.11.03 01:34:07.402,1.41451,1.41498,1.50,1.40
2010.11.03 01:34:09.492,1.41453,1.41498,1.50,1.50
2010.11.03 01:34:10.006,1.41447,1.41491,1.60,1.40
2010.11.03 01:34:12.034,1.4145,1.41495,1.50,1.40
2010.11.03 01:34:14.087,1.4145,1.41495,1.90,1.40
2010.11.03 01:34:16.316,1.4145,1.41495,1.50,1.40
2010.11.03 01:34:18.356,1.4145,1.41495,1.50,1.40
2010.11.03 01:34:20.772,1.41453,1.415,1.50,1.60
2010.11.03 01:34:22.817,1.41455,1.41506,1.50,2.40
2010.11.03 01:34:25.171,1.41453,1.41506,2.30,2.40
2010.11.03 01:34:26.966,1.41453,1.41506,2.30,2.40
2010.11.03 01:34:28.074,1.41463,1.41506,1.50,1.70
2010.11.03 01:34:28.735,1.41463,1.41512,1.50,1.70
2010.11.03 01:34:31.216,1.41467,1.41518,1.50,1.70
2010.11.03 01:34:33.218,1.41467,1.41518,1.50,1.80
2010.11.03 01:34:35.317,1.41467,1.41518,1.50,1.80
2010.11.03 01:34:37.457,1.41467,1.41517,1.50,1.10
2010.11.03 01:34:39.537,1.41467,1.41518,1.50,2.80
2010.11.03 01:34:41.812,1.41467,1.41518,1.50,1.80
2010.11.03 01:34:43.370,1.41473,1.41514,1.50,1.60
2010.11.03 01:34:45.368,1.41473,1.41514,1.50,1.40
2010.11.03 01:34:47.415,1.41473,1.41514,1.50,1.40
2010.11.03 01:34:49.452,1.41473,1.41514,1.50,1.40
2010.11.03 01:34:51.459,1.41473,1.41514,1.50,1.40
2010.11.03 01:34:53.702,1.41473,1.41514,1.50,1.50
2010.11.03 01:34:55.010,1.41458,1.41503,2.30,1.40
2010.11.03 01:34:55.345,1.4145,1.4149,1.90,1.40
2010.11.03 01:34:56.115,1.4144,1.41481,1.90,1.40
2010.11.03 01:34:58.164,1.41438,1.41479,1.50,1.40
2010.11.03 01:35:00.303,1.41434,1.41475,3.00,2.20
2010.11.03 01:35:02.299,1.41431,1.41468,1.50,2.90
2010.11.03 01:35:04.337,1.41431,1.41468,1.50,3.10
2010.11.03 01:35:06.356,1.41431,1.41468,1.50,3.10
2010.11.03 01:35:08.369,1.41431,1.41468,1.50,3.10
2010.11.03 01:35:10.417,1.41431,1.41468,1.50,3.00
2010.11.03 01:35:12.516,1.41431,1.41468,1.50,3.20
2010.11.03 01:35:13.937,1.4144,1.41468,1.50,1.40
2010.11.03 01:35:14.155,1.4143,1.41468,2.30,1.70
2010.11.03 01:35:16.460,1.41428,1.41468,1.50,2.90
2010.11.03 01:35:18.560,1.41428,1.41468,1.50,3.00
2010.11.03 01:35:20.670,1.41428,1.41468,1.50,3.10
2010.11.03 01:35:22.837,1.41428,1.41468,1.50,3.10
2010.11.03 01:35:24.883,1.41428,1.41468,1.50,3.10
2010.11.03 01:35:26.907,1.41428,1.41468,1.50,3.10
2010.11.03 01:35:28.975,1.41428,1.41468,1.50,3.10
2010.11.03 01:35:31.056,1.4143,1.41468,1.50,3.10
2010.11.03 01:35:33.117,1.4143,1.41468,1.50,3.10
2010.11.03 01:35:35.137,1.4143,1.41468,1.50,3.10
2010.11.03 01:35:37.326,1.4143,1.41468,1.50,3.10
2010.11.03 01:35:39.438,1.41426,1.41465,1.50,2.40
2010.11.03 01:35:41.600,1.41426,1.41465,1.50,2.20
2010.11.03 01:35:43.634,1.4142,1.41465,1.50,2.20
2010.11.03 01:35:44.878,1.4143,1.41474,1.50,1.50
2010.11.03 01:35:46.963,1.4143,1.41474,1.50,1.40
2010.11.03 01:35:49.053,1.4143,1.41474,1.50,1.40
2010.11.03 01:35:51.046,1.4143,1.41474,1.50,1.40
2010.11.03 01:35:53.056,1.4143,1.41474,1.50,1.40
2010.11.03 01:35:55.306,1.4143,1.41474,1.50,1.40
2010.11.03 01:35:57.346,1.41423,1.41465,1.50,1.40
2010.11.03 01:35:59.389,1.41427,1.41471,1.50,1.40
2010.11.03 01:36:01.397,1.41428,1.41471,2.30,1.40
2010.11.03 01:36:03.537,1.41435,1.41479,1.50,1.40
2010.11.03 01:36:05.615,1.41435,1.41479,1.50,1.50
2010.11.03 01:36:07.730,1.41435,1.41476,1.50,1.40
2010.11.03 01:36:09.743,1.41435,1.41476,1.50,1.40
2010.11.03 01:36:11.788,1.41435,1.41476,1.50,1.40
2010.11.03 01:36:14.087,1.41435,1.41476,1.50,1.40
2010.11.03 01:36:16.265,1.41434,1.4148,1.50,1.40
2010.11.03 01:36:17.079,1.41433,1.41483,1.70,2.90
2010.11.03 01:36:19.156,1.41438,1.41482,1.50,2.30
2010.11.03 01:36:21.217,1.41437,1.41471,1.50,1.50
2010.11.03 01:36:23.357,1.41437,1.41471,1.50,1.50
2010.11.03 01:36:25.487,1.41437,1.41471,1.50,1.50
2010.11.03 01:36:27.686,1.41437,1.41471,1.50,1.50
2010.11.03 01:36:28.685,1.41436,1.4148,1.50,1.70
2010.11.03 01:36:29.068,1.41448,1.41485,1.50,1.50
2010.11.03 01:36:29.283,1.41452,1.41494,1.50,1.50
2010.11.03 01:36:29.504,1.41452,1.41479,1.50,1.70
2010.11.03 01:36:29.614,1.41433,1.4148,2.70,4.50
2010.11.03 01:36:30.014,1.41433,1.41477,2.30,1.30
2010.11.03 01:36:30.132,1.41446,1.41486,1.50,2.30
2010.11.03 01:36:31.855,1.41451,1.41498,1.50,1.20
2010.11.03 01:36:33.180,1.41447,1.41471,1.50,1.50
2010.11.03 01:36:33.294,1.41447,1.41471,1.50,1.50
2010.11.03 01:36:34.762,1.41446,1.41487,1.50,1.50
2010.11.03 01:36:36.800,1.41447,1.41488,1.50,1.50
2010.11.03 01:36:36.918,1.41447,1.41482,1.50,1.50
2010.11.03 01:36:37.622,1.41434,1.41475,1.50,1.50
2010.11.03 01:36:39.631,1.41433,1.41476,1.50,1.60
2010.11.03 01:36:41.797,1.41433,1.41476,1.50,1.60
2010.11.03 01:36:43.874,1.41433,1.41476,1.50,1.60
2010.11.03 01:36:45.934,1.41433,1.41471,1.50,1.60
2010.11.03 01:36:47.969,1.41433,1.41471,1.50,1.60
2010.11.03 01:36:50.218,1.41433,1.41471,1.50,1.70
2010.11.03 01:36:52.243,1.41433,1.41471,1.50,1.70
2010.11.03 01:36:54.283,1.41429,1.41471,1.50,1.70
2010.11.03 01:36:56.617,1.41429,1.41471,1.50,1.70
2010.11.03 01:36:58.860,1.41429,1.41471,1.50,1.70
2010.11.03 01:37:00.875,1.41429,1.41471,1.50,1.70
2010.11.03 01:37:02.904,1.41429,1.41471,1.50,1.50
2010.11.03 01:37:05.092,1.41429,1.41471,1.50,1.60
2010.11.03 01:37:07.101,1.41435,1.41474,1.50,1.50
2010.11.03 01:37:09.221,1.41435,1.41476,1.50,1.50
2010.11.03 01:37:11.385,1.41435,1.41476,1.50,1.50
2010.11.03 01:37:13.697,1.41435,1.41476,1.50,1.50
2010.11.03 01:37:15.770,1.41435,1.41479,1.50,1.40
2010.11.03 01:37:17.795,1.41431,1.41471,1.50,1.50
2010.11.03 01:37:19.864,1.41431,1.41473,1.50,2.90
2010.11.03 01:37:22.149,1.41423,1.41465,1.50,1.50
2010.11.03 01:37:24.253,1.41422,1.41465,1.50,2.90
2010.11.03 01:37:26.333,1.41422,1.41465,1.50,2.90
2010.11.03 01:37:28.497,1.41422,1.41465,1.50,2.90
2010.11.03 01:37:30.516,1.41422,1.41465,1.50,2.90
2010.11.03 01:37:32.708,1.41422,1.41465,1.50,2.90
2010.11.03 01:37:34.733,1.41422,1.41465,1.50,2.90
2010.11.03 01:37:36.858,1.41425,1.41468,1.50,2.30
2010.11.03 01:37:38.910,1.41425,1.41468,1.50,2.30
2010.11.03 01:37:40.956,1.41425,1.41468,1.50,2.30
2010.11.03 01:37:43.116,1.41425,1.41468,1.50,2.30
2010.11.03 01:37:45.133,1.41425,1.41468,1.50,2.30
2010.11.03 01:37:47.408,1.41425,1.41468,1.50,2.30
2010.11.03 01:37:49.444,1.41425,1.41468,1.50,2.30
2010.11.03 01:37:51.756,1.41425,1.41468,1.50,2.30
2010.11.03 01:37:53.783,1.41429,1.41471,1.50,2.90
2010.11.03 01:37:55.833,1.41429,1.4147,1.50,1.50
2010.11.03 01:37:57.863,1.41429,1.4147,1.50,1.50
2010.11.03 01:38:00.034,1.41429,1.41471,1.50,1.40
2010.11.03 01:38:02.156,1.41429,1.41471,1.50,1.40
2010.11.03 01:38:04.360,1.41429,1.41471,1.50,1.40
2010.11.03 01:38:06.610,1.41429,1.41471,1.50,1.40
2010.11.03 01:38:08.713,1.41429,1.41471,1.50,2.90
2010.11.03 01:38:10.870,1.41429,1.41471,1.50,2.90
2010.11.03 01:38:12.933,1.41429,1.41471,1.50,2.90
2010.11.03 01:38:14.938,1.41424,1.41465,1.50,1.50
2010.11.03 01:38:17.525,1.41424,1.41465,1.50,1.50
2010.11.03 01:38:19.781,1.41424,1.41465,1.50,1.50
2010.11.03 01:38:21.777,1.41424,1.41465,1.50,1.50
2010.11.03 01:38:24.003,1.41424,1.41465,1.50,1.50
2010.11.03 01:38:26.084,1.41426,1.4147,1.50,2.90
2010.11.03 01:38:28.144,1.41426,1.4147,1.50,2.90
2010.11.03 01:38:30.464,1.41426,1.4147,1.50,2.90
2010.11.03 01:38:32.507,1.41426,1.4147,1.50,2.90
2010.11.03 01:38:34.538,1.41426,1.4147,1.50,2.90
2010.11.03 01:38:36.634,1.41426,1.41468,1.50,1.50
2010.11.03 01:38:38.643,1.41426,1.41468,1.50,1.50
2010.11.03 01:38:40.909,1.41426,1.41468,1.50,1.50
2010.11.03 01:38:43.100,1.41426,1.41468,1.50,1.50
2010.11.03 01:38:45.148,1.41426,1.41468,1.50,1.50
2010.11.03 01:38:45.714,1.41432,1.41476,1.50,1.40
2010.11.03 01:38:47.807,1.41437,1.41478,1.50,1.50
2010.11.03 01:38:49.913,1.41437,1.41478,1.50,1.50
2010.11.03 01:38:52.138,1.4144,1.41482,1.50,1.40
2010.11.03 01:38:54.749,1.4145,1.41494,1.50,3.00
2010.11.03 01:38:57.013,1.41454,1.4149,1.50,1.50
2010.11.03 01:38:58.756,1.41454,1.41474,1.50,1.50
2010.11.03 01:38:58.864,1.41438,1.41474,1.20,1.50
2010.11.03 01:38:58.977,1.41438,1.41483,1.50,1.50
2010.11.03 01:39:01.056,1.41438,1.41478,1.50,1.40
2010.11.03 01:39:01.779,1.41444,1.41478,1.50,1.40
2010.11.03 01:39:02.268,1.4145,1.41488,1.70,1.50
2010.11.03 01:39:02.486,1.41452,1.415,1.50,1.50
2010.11.03 01:39:04.646,1.41452,1.41497,1.50,1.40
2010.11.03 01:39:06.875,1.41452,1.41497,1.50,1.40
2010.11.03 01:39:09.099,1.41457,1.41499,1.70,1.40
2010.11.03 01:39:09.218,1.41459,1.41503,2.50,2.90
2010.11.03 01:39:11.417,1.41462,1.41504,1.40,1.40
2010.11.03 01:39:13.425,1.41466,1.41508,1.50,1.40
2010.11.03 01:39:15.678,1.41466,1.41508,1.50,1.40
2010.11.03 01:39:16.886,1.41458,1.41496,1.20,2.40
2010.11.03 01:39:17.106,1.41443,1.41488,1.20,2.30
2010.11.03 01:39:19.123,1.41434,1.41475,2.60,1.40
2010.11.03 01:39:21.455,1.41432,1.41472,2.10,1.40
2010.11.03 01:39:23.324,1.41432,1.41472,2.10,1.40
2010.11.03 01:39:25.620,1.41434,1.41478,1.50,1.60
2010.11.03 01:39:27.948,1.41434,1.41474,1.50,1.50
2010.11.03 01:39:28.705,1.41422,1.41467,2.30,1.40
2010.11.03 01:39:28.925,1.41422,1.41467,1.50,1.40
2010.11.03 01:39:29.367,1.41414,1.4146,1.50,4.40
2010.11.03 01:39:29.474,1.41409,1.41454,1.90,1.40
2010.11.03 01:39:31.507,1.41406,1.41449,2.50,1.40
2010.11.03 01:39:33.613,1.41406,1.41449,2.10,1.40
2010.11.03 01:39:35.616,1.41406,1.41449,2.10,1.40
2010.11.03 01:39:37.860,1.41406,1.41449,2.10,1.40
2010.11.03 01:39:39.927,1.41406,1.41449,2.10,1.40
2010.11.03 01:39:40.037,1.41412,1.41449,1.80,1.40
2010.11.03 01:39:41.061,1.41406,1.41447,1.50,1.40
2010.11.03 01:39:43.089,1.41408,1.41452,1.50,1.40
2010.11.03 01:39:45.155,1.41403,1.41444,1.50,1.40
2010.11.03 01:39:47.164,1.41411,1.41453,1.20,1.40
2010.11.03 01:39:49.394,1.41411,1.41453,1.20,1.40
2010.11.03 01:39:51.419,1.41411,1.41453,1.20,1.40
2010.11.03 01:39:53.487,1.41411,1.41453,1.20,1.40
2010.11.03 01:39:55.815,1.41411,1.41453,1.20,1.40
2010.11.03 01:39:57.843,1.41411,1.41453,1.20,1.40
2010.11.03 01:39:59.947,1.41411,1.41453,1.20,1.40
2010.11.03 01:40:02.040,1.41411,1.41453,1.40,1.40
2010.11.03 01:40:04.081,1.41411,1.41453,1.20,1.40
2010.11.03 01:40:06.115,1.41414,1.41455,1.50,1.40
2010.11.03 01:40:08.220,1.41414,1.41455,1.50,1.40
2010.11.03 01:40:10.399,1.41414,1.41455,1.50,1.40
2010.11.03 01:40:12.486,1.41414,1.41455,1.50,1.40
2010.11.03 01:40:14.507,1.41414,1.41455,1.50,1.40
2010.11.03 01:40:16.513,1.41414,1.41455,1.50,1.40
2010.11.03 01:40:18.515,1.41411,1.41453,1.20,1.40
2010.11.03 01:40:20.635,1.41411,1.41453,1.20,1.40
2010.11.03 01:40:22.950,1.41411,1.41453,1.20,1.40
2010.11.03 01:40:25.024,1.41414,1.41456,3.00,1.40
2010.11.03 01:40:27.269,1.41414,1.41456,3.00,1.40
2010.11.03 01:40:29.353,1.4141,1.41452,1.50,1.40
2010.11.03 01:40:31.355,1.4141,1.41452,2.30,1.40
2010.11.03 01:40:33.369,1.41414,1.41456,1.50,1.40
2010.11.03 01:40:35.415,1.41418,1.4146,1.50,1.40
2010.11.03 01:40:37.446,1.41421,1.4146,1.50,1.40
2010.11.03 01:40:37.557,1.41424,1.41465,1.10,1.40
2010.11.03 01:40:39.638,1.41416,1.41459,1.50,1.40
2010.11.03 01:40:41.862,1.41424,1.41465,1.20,1.40
2010.11.03 01:40:42.209,1.41416,1.41458,2.30,1.40
2010.11.03 01:40:44.314,1.41423,1.41465,1.50,1.40
2010.11.03 01:40:46.394,1.41418,1.41462,1.90,1.40
2010.11.03 01:40:48.485,1.41422,1.41462,1.50,1.40
2010.11.03 01:40:50.555,1.41422,1.41462,1.50,1.40
2010.11.03 01:40:52.603,1.41422,1.41462,1.50,1.40
2010.11.03 01:40:54.644,1.41422,1.41462,1.50,1.40
2010.11.03 01:40:56.677,1.41422,1.41462,1.50,1.40
2010.11.03 01:40:58.717,1.41422,1.41464,1.50,1.40
2010.11.03 01:41:00.599,1.41417,1.41459,1.20,1.40
2010.11.03 01:41:02.646,1.41422,1.41459,1.50,1.40
2010.11.03 01:41:04.841,1.41421,1.41461,1.50,1.40
2010.11.03 01:41:06.856,1.41422,1.41461,1.90,1.40
2010.11.03 01:41:08.927,1.41428,1.41471,2.30,1.40
2010.11.03 01:41:09.036,1.41429,1.41471,1.50,1.40
2010.11.03 01:41:11.083,1.4143,1.41471,1.50,1.40
2010.11.03 01:41:12.258,1.4142,1.41462,1.20,1.40
2010.11.03 01:41:14.256,1.41418,1.41462,1.50,1.40
2010.11.03 01:41:16.258,1.41416,1.41462,2.30,1.40
2010.11.03 01:41:18.446,1.41416,1.41462,2.30,1.40
2010.11.03 01:41:20.495,1.41422,1.41465,1.20,1.40
2010.11.03 01:41:22.506,1.41426,1.41468,1.50,1.40
2010.11.03 01:41:24.537,1.4143,1.41472,1.50,1.40
2010.11.03 01:41:26.565,1.4143,1.41472,1.50,1.40
2010.11.03 01:41:28.674,1.41428,1.4147,1.50,1.40
2010.11.03 01:41:30.676,1.4143,1.41473,1.20,1.60
2010.11.03 01:41:31.007,1.41422,1.41466,1.50,2.60
2010.11.03 01:41:31.454,1.41413,1.41457,1.90,1.50
2010.11.03 01:41:33.799,1.41418,1.41463,1.50,1.40
2010.11.03 01:41:35.628,1.41414,1.41459,1.20,1.40
2010.11.03 01:41:37.704,1.41414,1.41455,1.20,1.40
2010.11.03 01:41:39.774,1.41414,1.41455,1.20,1.40
2010.11.03 01:41:41.788,1.41414,1.41455,1.20,1.40
2010.11.03 01:41:44.096,1.41414,1.41455,1.20,1.40
2010.11.03 01:41:46.308,1.41414,1.41455,1.20,1.40
2010.11.03 01:41:48.353,1.41414,1.41455,1.20,1.40
2010.11.03 01:41:50.488,1.41414,1.41455,1.20,1.40
2010.11.03 01:41:52.559,1.41412,1.41455,1.90,1.40
2010.11.03 01:41:54.577,1.41412,1.41455,1.90,1.40
2010.11.03 01:41:56.577,1.41412,1.41455,1.90,1.40
2010.11.03 01:41:58.743,1.41412,1.41455,1.90,1.40
2010.11.03 01:42:00.988,1.41412,1.41455,1.90,1.40
2010.11.03 01:42:03.078,1.41416,1.41459,1.50,1.40
2010.11.03 01:42:05.334,1.41416,1.41459,1.50,1.40
2010.11.03 01:42:07.077,1.41421,1.41463,1.50,1.40
2010.11.03 01:42:09.185,1.41423,1.41466,3.40,1.40
2010.11.03 01:42:11.226,1.41426,1.41469,1.90,1.40
2010.11.03 01:42:12.384,1.41418,1.4146,1.50,1.40
2010.11.03 01:42:14.395,1.41418,1.41461,1.20,1.40
2010.11.03 01:42:16.479,1.41418,1.41461,1.20,1.40
2010.11.03 01:42:18.530,1.41421,1.41463,1.90,1.40
2010.11.03 01:42:20.549,1.41421,1.41463,1.90,1.40
2010.11.03 01:42:22.656,1.41421,1.41463,2.10,1.40
2010.11.03 01:42:24.682,1.41421,1.41463,2.10,1.40
2010.11.03 01:42:26.689,1.41426,1.41453,1.50,1.50
2010.11.03 01:42:26.802,1.41426,1.41468,1.50,1.50
2010.11.03 01:42:29.073,1.41426,1.41468,1.50,1.50
2010.11.03 01:42:29.715,1.41426,1.41466,1.50,1.70
2010.11.03 01:42:30.045,1.41419,1.41465,2.50,1.80
2010.11.03 01:42:30.485,1.41418,1.41468,3.00,1.40
2010.11.03 01:42:32.749,1.41426,1.41468,1.50,1.40
2010.11.03 01:42:34.794,1.41419,1.41463,1.50,1.40
2010.11.03 01:42:36.835,1.41419,1.41463,1.50,1.40
2010.11.03 01:42:38.904,1.41419,1.41463,1.50,1.40
2010.11.03 01:42:40.907,1.41419,1.41463,1.50,1.40
2010.11.03 01:42:43.187,1.41419,1.41463,1.50,1.40
2010.11.03 01:42:45.223,1.41419,1.41463,1.50,1.40
2010.11.03 01:42:47.324,1.41415,1.41459,1.50,1.40
2010.11.03 01:42:49.467,1.41411,1.41453,1.50,1.40
2010.11.03 01:42:51.494,1.41411,1.41453,1.50,1.40
2010.11.03 01:42:53.570,1.41411,1.41453,1.50,1.40
2010.11.03 01:42:55.675,1.41416,1.41458,1.20,1.40
2010.11.03 01:42:57.739,1.41416,1.41458,1.20,1.40
2010.11.03 01:42:59.878,1.41415,1.41458,1.50,1.60
2010.11.03 01:43:01.937,1.41415,1.41458,1.50,1.60
2010.11.03 01:43:04.148,1.41415,1.41458,1.50,1.40
2010.11.03 01:43:06.449,1.41415,1.41458,1.50,1.40
2010.11.03 01:43:08.618,1.41425,1.41467,1.50,1.40
2010.11.03 01:43:10.657,1.41425,1.41467,1.50,1.40
2010.11.03 01:43:12.827,1.41425,1.41467,1.50,1.40
2010.11.03 01:43:14.904,1.41422,1.41464,1.50,1.40
2010.11.03 01:43:17.119,1.41422,1.41464,1.50,1.50
2010.11.03 01:43:19.137,1.41422,1.41464,1.50,1.50
2010.11.03 01:43:21.211,1.41422,1.41464,1.50,1.50
2010.11.03 01:43:23.361,1.41418,1.41461,1.90,1.40
2010.11.03 01:43:25.425,1.41418,1.41461,1.90,1.60
2010.11.03 01:43:25.865,1.41407,1.41454,3.40,1.60
2010.11.03 01:43:27.910,1.41407,1.41449,1.50,1.40
2010.11.03 01:43:30.017,1.41407,1.41449,1.50,1.40
2010.11.03 01:43:32.073,1.41407,1.41449,1.50,1.40
2010.11.03 01:43:34.103,1.41407,1.41449,1.50,1.40
2010.11.03 01:43:36.229,1.41407,1.41449,1.90,1.40
2010.11.03 01:43:38.234,1.41412,1.41454,1.50,1.40
2010.11.03 01:43:40.367,1.41412,1.41454,1.50,1.40
2010.11.03 01:43:42.547,1.41412,1.41454,1.50,1.40
2010.11.03 01:43:44.560,1.41412,1.41454,2.10,1.40
2010.11.03 01:43:46.584,1.41412,1.41454,2.10,1.40
2010.11.03 01:43:48.837,1.41417,1.41459,1.20,1.40
2010.11.03 01:43:50.934,1.41417,1.41459,1.20,1.40
2010.11.03 01:43:53.018,1.41417,1.41459,1.20,1.40
2010.11.03 01:43:55.024,1.41425,1.41467,1.90,1.60
2010.11.03 01:43:57.107,1.41425,1.41467,1.50,1.40
2010.11.03 01:43:59.114,1.41419,1.41463,1.50,1.60
2010.11.03 01:44:01.165,1.41419,1.41463,1.50,1.60
2010.11.03 01:44:03.168,1.41419,1.41463,1.50,1.60
2010.11.03 01:44:05.208,1.41419,1.41463,1.50,1.50
2010.11.03 01:44:07.239,1.41419,1.41463,1.50,1.50
2010.11.03 01:44:09.310,1.41416,1.41462,1.90,2.90
2010.11.03 01:44:11.562,1.41413,1.41455,2.30,1.40
2010.11.03 01:44:13.628,1.41413,1.41455,2.30,1.40
2010.11.03 01:44:15.685,1.41409,1.41453,1.50,1.50
2010.11.03 01:44:17.996,1.41409,1.41453,1.50,1.50
2010.11.03 01:44:20.064,1.41409,1.41453,1.50,1.50
2010.11.03 01:44:22.205,1.41409,1.41453,1.50,1.50
2010.11.03 01:44:24.400,1.41409,1.41453,1.50,1.60
2010.11.03 01:44:26.505,1.41409,1.41449,1.50,1.50
2010.11.03 01:44:28.658,1.41409,1.41449,1.50,1.50
2010.11.03 01:44:30.705,1.41403,1.41445,1.90,1.50
2010.11.03 01:44:32.734,1.41403,1.41445,1.50,1.50
2010.11.03 01:44:34.845,1.41403,1.41445,1.90,1.40
2010.11.03 01:44:37.127,1.41403,1.41445,1.90,1.40
2010.11.03 01:44:39.143,1.41403,1.41445,1.90,1.40
2010.11.03 01:44:41.278,1.41403,1.41445,1.90,1.40
2010.11.03 01:44:43.373,1.41403,1.41445,1.90,1.50
2010.11.03 01:44:45.586,1.41403,1.41445,1.90,1.40
2010.11.03 01:44:47.598,1.41403,1.41445,1.90,1.60
2010.11.03 01:44:49.863,1.41403,1.41445,1.90,1.60
2010.11.03 01:44:52.090,1.41403,1.41445,1.90,1.40
2010.11.03 01:44:54.173,1.41403,1.41445,1.90,1.40
2010.11.03 01:44:56.341,1.41403,1.41445,1.90,1.40
2010.11.03 01:44:58.358,1.41403,1.41445,1.90,1.40
2010.11.03 01:45:00.436,1.414,1.41443,2.30,1.40
2010.11.03 01:45:00.766,1.41407,1.41449,1.50,1.40
2010.11.03 01:45:02.864,1.4141,1.41454,1.50,2.60
2010.11.03 01:45:04.904,1.4141,1.41453,1.50,1.10
2010.11.03 01:45:06.899,1.4141,1.41453,1.50,1.10
2010.11.03 01:45:09.068,1.41407,1.41451,1.50,1.60
2010.11.03 01:45:11.095,1.41407,1.41451,1.50,1.60
2010.11.03 01:45:13.144,1.41407,1.41451,1.50,1.60
2010.11.03 01:45:15.397,1.41407,1.41451,1.50,1.60
2010.11.03 01:45:17.444,1.41407,1.41451,1.50,1.60
2010.11.03 01:45:19.697,1.41407,1.41451,1.50,1.60
2010.11.03 01:45:21.717,1.41407,1.41451,1.50,1.50
2010.11.03 01:45:23.969,1.41407,1.41451,1.50,1.50
2010.11.03 01:45:25.988,1.41407,1.41451,1.50,1.50
2010.11.03 01:45:28.120,1.41407,1.41451,1.50,1.50
2010.11.03 01:45:30.157,1.41407,1.41451,1.50,1.50
2010.11.03 01:45:32.178,1.4141,1.41454,1.50,1.40
2010.11.03 01:45:34.229,1.41406,1.4145,1.50,1.40
2010.11.03 01:45:36.363,1.41406,1.4145,1.50,1.60
2010.11.03 01:45:38.369,1.41406,1.4145,1.50,1.60
2010.11.03 01:45:40.378,1.41406,1.4145,1.50,1.60
2010.11.03 01:45:42.475,1.41406,1.4145,1.50,1.50
2010.11.03 01:45:43.577,1.41408,1.4145,1.70,1.40
2010.11.03 01:45:45.675,1.4141,1.41454,1.50,1.60
2010.11.03 01:45:47.744,1.4141,1.41454,1.90,1.40
2010.11.03 01:45:49.992,1.4141,1.41454,1.90,1.40
2010.11.03 01:45:52.277,1.4141,1.41454,1.90,1.40
2010.11.03 01:45:54.046,1.4141,1.41454,1.90,1.40
2010.11.03 01:45:55.149,1.41413,1.4146,1.50,1.50
2010.11.03 01:45:57.281,1.41417,1.41459,1.50,1.50
2010.11.03 01:45:59.375,1.41417,1.41459,1.50,1.50
2010.11.03 01:46:01.389,1.41417,1.41459,1.50,1.50
2010.11.03 01:46:03.518,1.41417,1.41459,1.50,1.50
2010.11.03 01:46:05.547,1.41417,1.41459,1.50,1.50
2010.11.03 01:46:07.655,1.41417,1.41459,1.50,1.40
2010.11.03 01:46:09.717,1.41417,1.41459,1.50,1.40
2010.11.03 01:46:11.745,1.41417,1.41459,1.50,1.40
2010.11.03 01:46:13.766,1.41417,1.41459,1.50,1.40
2010.11.03 01:46:15.761,1.41417,1.41459,1.50,1.40
2010.11.03 01:46:17.035,1.41421,1.41453,1.50,1.50
2010.11.03 01:46:19.035,1.41421,1.41453,1.50,1.50
2010.11.03 01:46:19.475,1.41421,1.41462,1.50,1.50
2010.11.03 01:46:21.285,1.41421,1.41453,1.50,1.50
2010.11.03 01:46:23.383,1.4142,1.41453,1.50,1.50
2010.11.03 01:46:23.504,1.4142,1.41463,1.50,3.00
2010.11.03 01:46:25.520,1.4142,1.41463,1.50,3.10
2010.11.03 01:46:27.574,1.4142,1.41453,1.50,1.50
2010.11.03 01:46:29.617,1.41417,1.41453,1.50,1.50
2010.11.03 01:46:31.695,1.41417,1.41453,1.50,1.50
2010.11.03 01:46:33.893,1.41417,1.41453,1.50,1.50
2010.11.03 01:46:36.008,1.41417,1.41453,1.50,1.50
2010.11.03 01:46:38.176,1.41417,1.41453,1.50,1.50
2010.11.03 01:46:40.248,1.41417,1.41453,1.50,1.50
2010.11.03 01:46:42.338,1.41417,1.41453,1.50,1.50
2010.11.03 01:46:44.354,1.41415,1.41453,1.50,1.50
2010.11.03 01:46:46.438,1.41415,1.41453,1.50,1.50
2010.11.03 01:46:48.526,1.41415,1.41453,1.50,1.60
2010.11.03 01:46:50.617,1.41415,1.41453,1.50,1.50
2010.11.03 01:46:52.625,1.41415,1.41453,1.50,1.50
2010.11.03 01:46:54.648,1.41415,1.41453,1.50,1.50
2010.11.03 01:46:56.745,1.41418,1.41462,1.50,1.60
2010.11.03 01:46:58.854,1.41418,1.41453,1.50,1.50
2010.11.03 01:47:00.958,1.41418,1.41462,1.50,1.60
2010.11.03 01:47:01.987,1.41403,1.41443,1.50,1.60
2010.11.03 01:47:04.015,1.41404,1.41443,1.50,1.60
2010.11.03 01:47:06.466,1.41404,1.41443,1.50,1.50
2010.11.03 01:47:08.493,1.41404,1.41448,1.50,1.60
2010.11.03 01:47:10.525,1.41404,1.41443,1.50,1.60
2010.11.03 01:47:12.789,1.41404,1.41443,1.50,1.60
2010.11.03 01:47:14.900,1.41404,1.41443,1.50,1.60
2010.11.03 01:47:16.995,1.41404,1.41443,1.50,1.60
2010.11.03 01:47:19.027,1.41404,1.41442,1.50,1.70
2010.11.03 01:47:21.047,1.41404,1.41442,1.50,1.70
2010.11.03 01:47:23.066,1.41404,1.41442,1.50,1.70
2010.11.03 01:47:25.112,1.41404,1.41442,1.50,1.70
2010.11.03 01:47:27.139,1.41404,1.41442,1.50,1.70
2010.11.03 01:47:29.215,1.41404,1.41443,1.50,1.60
2010.11.03 01:47:31.286,1.41404,1.41443,1.50,1.70
2010.11.03 01:47:31.617,1.41397,1.41439,1.50,1.60
2010.11.03 01:47:31.982,1.41397,1.41433,1.50,1.70
2010.11.03 01:47:33.980,1.41394,1.41433,1.50,1.70
2010.11.03 01:47:36.007,1.41394,1.41433,1.50,1.70
2010.11.03 01:47:38.218,1.41394,1.41433,1.50,1.70
2010.11.03 01:47:40.243,1.41394,1.41433,1.50,1.70
2010.11.03 01:47:42.344,1.41394,1.41433,1.50,1.70
2010.11.03 01:47:44.556,1.41394,1.41432,1.50,1.60
2010.11.03 01:47:46.579,1.41394,1.41432,1.50,1.60
2010.11.03 01:47:48.628,1.41394,1.41432,1.50,1.60
2010.11.03 01:47:50.893,1.41394,1.41441,1.50,1.10
2010.11.03 01:47:51.013,1.41405,1.4145,1.50,1.90
2010.11.03 01:47:53.015,1.4141,1.41451,1.50,1.60
2010.11.03 01:47:55.104,1.4141,1.41451,1.50,1.60
2010.11.03 01:47:57.228,1.4141,1.41451,1.50,1.60
2010.11.03 01:47:59.557,1.4141,1.41451,1.50,1.60
2010.11.03 01:48:01.789,1.4141,1.41451,1.50,1.50
2010.11.03 01:48:03.798,1.4141,1.41451,1.50,1.50
2010.11.03 01:48:05.876,1.4141,1.41451,1.50,1.50
2010.11.03 01:48:07.887,1.41409,1.41453,1.50,1.50
2010.11.03 01:48:09.908,1.41409,1.41453,1.50,1.50
2010.11.03 01:48:11.984,1.41409,1.41453,1.50,1.50
2010.11.03 01:48:14.095,1.41409,1.41456,1.50,1.70
2010.11.03 01:48:16.219,1.41409,1.41456,1.50,1.60
2010.11.03 01:48:18.227,1.41409,1.41456,1.50,2.60
2010.11.03 01:48:20.295,1.41409,1.41456,1.50,2.60
2010.11.03 01:48:22.407,1.4141,1.41451,1.50,1.50
2010.11.03 01:48:24.468,1.4141,1.41451,1.50,1.50
2010.11.03 01:48:26.706,1.4141,1.41451,1.50,1.50
2010.11.03 01:48:28.897,1.4141,1.41451,1.50,1.50
2010.11.03 01:48:31.000,1.4141,1.41451,1.50,1.50
2010.11.03 01:48:33.065,1.4141,1.41451,1.50,1.50
2010.11.03 01:48:35.147,1.4141,1.41451,1.50,1.50
2010.11.03 01:48:37.198,1.4141,1.41451,1.50,1.50
2010.11.03 01:48:39.203,1.4141,1.41451,1.50,1.50
2010.11.03 01:48:41.613,1.4141,1.41451,1.50,1.50
2010.11.03 01:48:43.618,1.4141,1.41451,1.50,1.50
2010.11.03 01:48:45.638,1.4141,1.41451,1.50,1.50
2010.11.03 01:48:47.686,1.41409,1.41452,1.50,1.50
2010.11.03 01:48:49.718,1.41409,1.41452,1.50,1.50
2010.11.03 01:48:51.788,1.41409,1.41452,1.50,1.50
2010.11.03 01:48:54.097,1.41409,1.41452,1.50,1.50
2010.11.03 01:48:56.136,1.41409,1.41452,1.50,1.50
2010.11.03 01:48:58.144,1.41409,1.41452,1.50,1.50
2010.11.03 01:49:00.263,1.41407,1.41451,1.50,1.60
2010.11.03 01:49:02.364,1.41407,1.41451,1.50,1.60
2010.11.03 01:49:04.561,1.41407,1.41451,1.50,1.60
2010.11.03 01:49:06.587,1.41407,1.41451,1.50,1.60
2010.11.03 01:49:08.595,1.41407,1.41451,1.50,1.60
2010.11.03 01:49:10.737,1.41407,1.41448,1.50,1.60
2010.11.03 01:49:12.974,1.41403,1.41449,1.50,1.50
2010.11.03 01:49:14.979,1.41409,1.41453,1.50,1.50
2010.11.03 01:49:17.078,1.41409,1.41453,1.50,1.50
2010.11.03 01:49:19.187,1.41409,1.41453,1.50,1.50
2010.11.03 01:49:21.391,1.41409,1.41453,1.50,1.50
2010.11.03 01:49:23.518,1.41409,1.41453,1.50,1.50
2010.11.03 01:49:25.848,1.41409,1.41453,1.50,1.50
2010.11.03 01:49:27.944,1.41409,1.41453,1.50,1.50
2010.11.03 01:49:30.121,1.41409,1.41453,1.50,1.50
2010.11.03 01:49:32.229,1.41409,1.41453,1.50,1.60
2010.11.03 01:49:34.235,1.41412,1.41456,1.50,1.60
2010.11.03 01:49:36.244,1.41412,1.41456,1.50,1.60
2010.11.03 01:49:37.940,1.41401,1.41445,1.90,1.40
2010.11.03 01:49:39.954,1.41414,1.41457,1.50,1.40
2010.11.03 01:49:42.205,1.41414,1.41457,1.50,1.40
2010.11.03 01:49:44.076,1.41414,1.41443,1.50,1.50
2010.11.03 01:49:46.105,1.41402,1.41444,1.50,1.50
2010.11.03 01:49:48.410,1.4141,1.41448,1.50,1.40
2010.11.03 01:49:49.831,1.41412,1.41453,1.50,1.50
2010.11.03 01:49:51.866,1.4141,1.41452,1.50,1.40
2010.11.03 01:49:53.934,1.4141,1.41452,1.50,1.40
2010.11.03 01:49:55.958,1.4141,1.41452,1.50,1.40
2010.11.03 01:49:57.959,1.4141,1.41452,1.50,1.40
2010.11.03 01:49:59.991,1.4141,1.41452,1.50,1.40
2010.11.03 01:50:02.007,1.4141,1.41452,1.50,1.40
2010.11.03 01:50:04.095,1.41417,1.41459,1.50,3.10
2010.11.03 01:50:04.487,1.4141,1.41454,3.00,3.00
2010.11.03 01:50:06.600,1.4141,1.41454,3.00,3.00
2010.11.03 01:50:08.759,1.4141,1.41454,3.00,3.00
2010.11.03 01:50:10.787,1.4141,1.41454,3.00,3.10
2010.11.03 01:50:12.834,1.4141,1.41454,3.00,3.00
2010.11.03 01:50:14.884,1.4141,1.41454,3.00,3.10
2010.11.03 01:50:17.091,1.4141,1.41454,3.00,3.10
2010.11.03 01:50:17.214,1.41421,1.41454,1.50,1.40
2010.11.03 01:50:17.437,1.41421,1.41462,1.50,1.40
2010.11.03 01:50:19.452,1.41423,1.41465,1.50,2.40
2010.11.03 01:50:21.487,1.41423,1.41465,1.50,2.40
2010.11.03 01:50:23.766,1.41423,1.41465,1.50,2.40
2010.11.03 01:50:26.238,1.41423,1.41465,1.50,2.40
2010.11.03 01:50:28.304,1.41423,1.41465,1.50,2.40
2010.11.03 01:50:30.344,1.41423,1.41465,1.50,2.40
2010.11.03 01:50:32.667,1.41423,1.41465,1.50,2.40
2010.11.03 01:50:34.714,1.41423,1.41465,1.50,2.40
2010.11.03 01:50:36.770,1.41423,1.41465,1.50,2.40
2010.11.03 01:50:38.809,1.41421,1.41465,3.00,3.10
2010.11.03 01:50:40.929,1.41421,1.41465,3.00,3.10
2010.11.03 01:50:42.174,1.41417,1.41454,1.50,1.50
2010.11.03 01:50:44.400,1.41414,1.41454,1.50,1.50
2010.11.03 01:50:46.489,1.41414,1.41454,1.50,1.50
2010.11.03 01:50:48.554,1.41414,1.41454,1.50,1.70
2010.11.03 01:50:50.810,1.41412,1.41454,1.50,3.00
2010.11.03 01:50:52.842,1.41412,1.41454,1.50,3.00
2010.11.03 01:50:54.910,1.41412,1.41454,1.50,3.00
2010.11.03 01:50:57.136,1.41412,1.41454,1.50,3.00
2010.11.03 01:50:59.190,1.41412,1.41454,1.50,2.40
2010.11.03 01:51:03.437,1.41416,1.41454,1.50,1.50
2010.11.03 01:51:05.515,1.41416,1.41454,1.50,1.50
2010.11.03 01:51:07.586,1.41416,1.41454,1.50,1.50
2010.11.03 01:51:09.744,1.41416,1.41454,1.50,1.50
2010.11.03 01:51:12.004,1.41416,1.41454,1.50,1.50
2010.11.03 01:51:13.216,1.41421,1.41465,3.00,3.10
2010.11.03 01:51:15.220,1.41421,1.41465,3.00,3.10
2010.11.03 01:51:17.490,1.41421,1.41462,1.50,1.60
2010.11.03 01:51:19.587,1.41421,1.41462,1.50,1.60
2010.11.03 01:51:21.628,1.41418,1.41462,1.50,1.50
2010.11.03 01:51:23.884,1.41418,1.41462,1.50,1.50
2010.11.03 01:51:26.006,1.41418,1.41462,1.50,1.50
2010.11.03 01:51:28.084,1.41421,1.41462,1.50,1.50
2010.11.03 01:51:30.358,1.41421,1.41462,1.50,1.50
2010.11.03 01:51:32.499,1.41414,1.41456,1.50,1.40
2010.11.03 01:51:32.966,1.41414,1.4145,1.50,1.50
2010.11.03 01:51:33.673,1.41414,1.41456,1.50,1.40
2010.11.03 01:51:33.786,1.41414,1.4145,1.50,1.50
2010.11.03 01:51:34.226,1.41416,1.41459,1.50,2.30
2010.11.03 01:51:36.292,1.41416,1.41459,1.50,2.30
2010.11.03 01:51:38.506,1.41416,1.41459,1.50,2.40
2010.11.03 01:51:39.188,1.41416,1.4145,1.50,1.50
2010.11.03 01:51:41.235,1.41413,1.4145,1.50,1.50
2010.11.03 01:51:43.478,1.41413,1.4145,1.50,1.50
2010.11.03 01:51:45.519,1.41413,1.4145,1.50,1.50
2010.11.03 01:51:47.626,1.41413,1.41454,1.50,1.40
2010.11.03 01:51:49.665,1.41413,1.41454,1.50,1.40
2010.11.03 01:51:51.714,1.41413,1.41454,1.50,1.40
2010.11.03 01:51:53.832,1.41413,1.41454,1.50,1.40
2010.11.03 01:51:55.916,1.41413,1.41454,1.50,1.40
2010.11.03 01:51:58.014,1.41413,1.41454,1.50,1.40
2010.11.03 01:52:00.050,1.41413,1.41456,1.70,1.40
2010.11.03 01:52:00.419,1.41418,1.41462,1.50,1.40
2010.11.03 01:52:02.470,1.41415,1.41456,1.50,1.50
2010.11.03 01:52:04.568,1.41415,1.41456,1.50,1.50
2010.11.03 01:52:06.856,1.41413,1.41454,1.50,1.40
2010.11.03 01:52:08.896,1.41417,1.41461,1.50,1.40
2010.11.03 01:52:10.976,1.41417,1.41461,1.50,1.40
2010.11.03 01:52:13.137,1.41417,1.41461,1.70,1.40
2010.11.03 01:52:15.156,1.41412,1.41454,1.70,1.50
2010.11.03 01:52:17.289,1.41412,1.41454,1.70,1.50
2010.11.03 01:52:19.327,1.41412,1.41454,1.70,1.50
2010.11.03 01:52:21.438,1.41412,1.41454,1.70,1.50
2010.11.03 01:52:23.489,1.41412,1.41454,1.70,1.50
2010.11.03 01:52:25.618,1.41412,1.41449,1.50,1.50
2010.11.03 01:52:27.662,1.41412,1.41449,1.50,1.50
2010.11.03 01:52:29.805,1.41412,1.41449,1.50,1.50
2010.11.03 01:52:31.918,1.41412,1.41449,1.50,1.50
2010.11.03 01:52:34.620,1.41404,1.41444,1.70,1.50
2010.11.03 01:52:36.508,1.41392,1.41434,1.70,1.50
2010.11.03 01:52:37.468,1.41393,1.41434,1.70,1.50
2010.11.03 01:52:39.598,1.41397,1.41439,1.70,1.40
2010.11.03 01:52:41.647,1.41397,1.41439,1.70,1.40
2010.11.03 01:52:43.890,1.41397,1.41439,1.70,1.40
2010.11.03 01:52:45.930,1.41397,1.41439,1.70,1.40
2010.11.03 01:52:48.038,1.41402,1.41443,1.70,1.40
2010.11.03 01:52:50.061,1.41402,1.41443,1.70,1.40
2010.11.03 01:52:52.338,1.41402,1.41443,1.70,1.40
2010.11.03 01:52:54.623,1.41402,1.41443,2.50,1.40
2010.11.03 01:52:56.689,1.41402,1.41443,2.50,1.40
2010.11.03 01:52:58.779,1.41402,1.41443,2.50,1.40
2010.11.03 01:53:00.795,1.41402,1.41443,2.50,1.40
2010.11.03 01:53:02.840,1.41403,1.41446,2.50,2.40
2010.11.03 01:53:04.869,1.41403,1.41446,2.50,2.40
2010.11.03 01:53:06.886,1.41399,1.41443,1.70,1.50
2010.11.03 01:53:08.960,1.41399,1.41443,1.70,1.50
2010.11.03 01:53:10.986,1.41399,1.41443,1.70,1.40
2010.11.03 01:53:13.157,1.41399,1.41443,1.50,1.60
2010.11.03 01:53:15.219,1.41399,1.41443,1.50,1.60
2010.11.03 01:53:17.256,1.41399,1.41443,1.50,1.60
2010.11.03 01:53:19.346,1.41399,1.41443,1.50,1.60
2010.11.03 01:53:21.395,1.41399,1.41443,1.50,1.60
2010.11.03 01:53:23.424,1.41399,1.41443,1.50,1.60
2010.11.03 01:53:25.445,1.41399,1.41443,1.50,1.60
2010.11.03 01:53:27.729,1.41399,1.41443,1.50,1.60
2010.11.03 01:53:29.818,1.41399,1.41443,1.50,1.60
2010.11.03 01:53:31.918,1.41397,1.41439,1.50,1.40
2010.11.03 01:53:33.958,1.41397,1.41439,1.50,1.40
2010.11.03 01:53:35.981,1.41397,1.41439,1.50,1.40
2010.11.03 01:53:38.065,1.41406,1.4145,1.50,1.40
2010.11.03 01:53:40.296,1.41415,1.41456,1.50,1.50
2010.11.03 01:53:42.448,1.41415,1.41456,1.50,1.50
2010.11.03 01:53:44.185,1.41412,1.41447,1.50,2.40
2010.11.03 01:53:44.531,1.41413,1.41451,1.50,1.40
2010.11.03 01:53:44.647,1.41404,1.4145,1.50,1.20
2010.11.03 01:53:44.756,1.41405,1.41451,1.50,1.40
2010.11.03 01:53:46.847,1.41395,1.41435,1.90,1.50
2010.11.03 01:53:48.945,1.41395,1.41436,1.50,1.60
2010.11.03 01:53:51.143,1.41394,1.4144,1.90,1.60
2010.11.03 01:53:53.158,1.41394,1.4144,1.50,1.60
2010.11.03 01:53:55.179,1.41394,1.4144,1.50,1.60
2010.11.03 01:53:57.199,1.41394,1.4144,1.90,1.60
2010.11.03 01:53:59.209,1.41397,1.4144,1.50,1.60
2010.11.03 01:54:01.228,1.41397,1.4144,1.50,1.50
2010.11.03 01:54:03.246,1.41397,1.4144,1.50,1.50
2010.11.03 01:54:05.402,1.41394,1.4144,1.50,1.40
2010.11.03 01:54:07.554,1.41399,1.41444,1.20,1.50
2010.11.03 01:54:09.558,1.41402,1.41443,1.50,1.60
2010.11.03 01:54:11.749,1.41402,1.41443,1.50,1.60
2010.11.03 01:54:13.778,1.41402,1.41443,1.50,1.60
2010.11.03 01:54:15.874,1.41402,1.41443,1.50,1.60
2010.11.03 01:54:17.903,1.41404,1.41448,1.50,1.60
2010.11.03 01:54:20.067,1.41401,1.41443,1.50,1.40
2010.11.03 01:54:22.069,1.41401,1.41443,1.70,1.60
2010.11.03 01:54:24.105,1.41401,1.41443,1.50,1.60
2010.11.03 01:54:26.195,1.41401,1.41443,1.50,1.60
2010.11.03 01:54:28.378,1.41401,1.41443,1.50,1.60
2010.11.03 01:54:30.450,1.41401,1.41443,1.70,1.50
2010.11.03 01:54:32.532,1.41401,1.41443,1.70,1.50
2010.11.03 01:54:34.536,1.41401,1.41443,1.70,1.50
2010.11.03 01:54:36.687,1.41401,1.41443,1.70,1.50
2010.11.03 01:54:38.838,1.41401,1.41443,1.70,1.50
2010.11.03 01:54:40.879,1.41401,1.41443,1.70,1.50
2010.11.03 01:54:41.457,1.41401,1.41443,2.50,1.40
2010.11.03 01:54:43.549,1.41401,1.41443,1.70,1.60
2010.11.03 01:54:45.641,1.41401,1.41443,1.70,1.50
2010.11.03 01:54:47.780,1.41403,1.41446,1.70,2.30
2010.11.03 01:54:50.003,1.41403,1.41446,1.70,2.30
2010.11.03 01:54:52.085,1.41403,1.41446,1.70,2.30
2010.11.03 01:54:54.136,1.41403,1.41447,4.00,1.40
2010.11.03 01:54:58.407,1.41406,1.4145,1.70,1.50
2010.11.03 01:55:00.416,1.41404,1.41446,1.70,2.30
2010.11.03 01:55:02.257,1.41403,1.41434,1.50,1.40
2010.11.03 01:55:02.813,1.4139,1.41417,1.50,1.50
2010.11.03 01:55:03.174,1.4139,1.41417,2.50,1.50
2010.11.03 01:55:03.297,1.41403,1.4143,1.50,1.40
2010.11.03 01:55:03.413,1.41386,1.41421,1.40,1.50
2010.11.03 01:55:04.777,1.41392,1.41431,2.50,1.50
2010.11.03 01:55:05.202,1.41405,1.41446,1.50,1.30
2010.11.03 01:55:05.332,1.41415,1.41457,1.70,1.50
2010.11.03 01:55:05.451,1.41422,1.41459,1.50,1.50
2010.11.03 01:55:05.788,1.41412,1.41454,1.50,1.10
2010.11.03 01:55:06.102,1.41412,1.41454,1.50,1.70
2010.11.03 01:55:07.263,1.41395,1.41436,1.50,2.40
2010.11.03 01:55:07.487,1.41395,1.41434,1.50,1.20
2010.11.03 01:55:08.304,1.41393,1.41436,1.50,2.40
2010.11.03 01:55:09.425,1.41396,1.41436,1.70,1.50
2010.11.03 01:55:11.487,1.41405,1.41447,1.50,1.50
2010.11.03 01:55:13.527,1.41405,1.41447,1.50,1.60
2010.11.03 01:55:15.637,1.41405,1.41447,1.50,1.60
2010.11.03 01:55:17.695,1.41405,1.41447,1.50,1.50
2010.11.03 01:55:19.697,1.41405,1.41447,1.50,1.60
2010.11.03 01:55:21.770,1.41405,1.41447,1.50,1.60
2010.11.03 01:55:23.948,1.41405,1.41447,1.50,1.60
2010.11.03 01:55:25.975,1.41405,1.41447,1.50,1.60
2010.11.03 01:55:26.640,1.41409,1.41456,1.50,3.00
2010.11.03 01:55:27.342,1.41407,1.4145,1.50,1.50
2010.11.03 01:55:29.369,1.41406,1.4145,1.50,2.30
2010.11.03 01:55:31.446,1.4141,1.41453,1.50,3.20
2010.11.03 01:55:32.094,1.414,1.41442,1.50,1.60
2010.11.03 01:55:33.665,1.41384,1.41431,1.70,1.70
2010.11.03 01:55:33.999,1.41385,1.41432,1.50,2.50
2010.11.03 01:55:36.199,1.41385,1.41428,1.50,1.60
2010.11.03 01:55:38.211,1.41385,1.41428,1.50,1.70
2010.11.03 01:55:40.306,1.41385,1.41429,1.50,1.70
2010.11.03 01:55:40.417,1.41389,1.41432,1.50,2.10
2010.11.03 01:55:42.502,1.41395,1.41437,1.50,2.30
2010.11.03 01:55:44.609,1.41395,1.41437,1.50,2.30
2010.11.03 01:55:46.748,1.41395,1.41437,1.50,2.30
2010.11.03 01:55:47.087,1.41395,1.41434,1.50,4.50
2010.11.03 01:55:47.309,1.41385,1.4143,1.50,1.10
2010.11.03 01:55:49.430,1.41386,1.41426,1.50,1.10
2010.11.03 01:55:51.447,1.41384,1.41428,1.50,1.80
2010.11.03 01:55:53.555,1.41388,1.41432,1.50,1.50
2010.11.03 01:55:55.727,1.41388,1.41432,1.50,1.60
2010.11.03 01:55:57.794,1.41388,1.41432,1.50,1.60
2010.11.03 01:55:59.865,1.41388,1.41432,1.50,1.60
2010.11.03 01:56:01.896,1.41388,1.41432,1.50,1.60
2010.11.03 01:56:03.935,1.41388,1.41432,1.50,1.60
2010.11.03 01:56:06.107,1.41388,1.41432,1.50,1.60
2010.11.03 01:56:08.147,1.41388,1.41432,1.50,1.60
2010.11.03 01:56:10.176,1.41388,1.41432,1.50,1.60
2010.11.03 01:56:12.245,1.41388,1.41432,1.50,1.60
2010.11.03 01:56:14.329,1.41386,1.41428,1.50,2.30
2010.11.03 01:56:16.356,1.41387,1.41428,1.50,1.50
2010.11.03 01:56:18.538,1.41387,1.41428,1.50,1.50
2010.11.03 01:56:20.606,1.41387,1.41428,1.50,1.50
2010.11.03 01:56:22.675,1.41387,1.41428,1.50,2.30
2010.11.03 01:56:24.835,1.41387,1.41428,1.50,2.30
2010.11.03 01:56:26.855,1.41387,1.41428,1.50,4.50
2010.11.03 01:56:29.005,1.41387,1.41427,1.50,1.10
2010.11.03 01:56:31.066,1.41387,1.41427,1.50,1.10
2010.11.03 01:56:31.628,1.4138,1.41424,1.50,1.70
2010.11.03 01:56:33.791,1.4138,1.41424,1.50,1.70
2010.11.03 01:56:35.882,1.41385,1.41427,1.50,2.30
2010.11.03 01:56:38.152,1.41385,1.41427,1.50,2.30
2010.11.03 01:56:40.176,1.41385,1.41427,1.50,2.30
2010.11.03 01:56:42.744,1.41385,1.41427,1.50,2.50
2010.11.03 01:56:44.789,1.41388,1.41431,1.50,2.30
2010.11.03 01:56:46.365,1.41388,1.41432,1.50,3.20
2010.11.03 01:56:48.661,1.41385,1.41428,1.50,1.40
2010.11.03 01:56:50.935,1.41385,1.41428,1.50,1.50
2010.11.03 01:56:53.069,1.41385,1.41428,1.50,1.60
2010.11.03 01:56:55.165,1.41387,1.41429,1.50,1.10
2010.11.03 01:56:57.389,1.41387,1.41429,1.50,1.10
2010.11.03 01:56:58.376,1.41386,1.41435,1.50,1.50
2010.11.03 01:57:00.060,1.41393,1.41435,1.50,1.50
2010.11.03 01:57:00.970,1.41393,1.41428,1.50,1.10
2010.11.03 01:57:01.188,1.41386,1.41428,1.50,1.10
2010.11.03 01:57:03.319,1.41386,1.41426,1.50,1.70
2010.11.03 01:57:05.381,1.41386,1.41426,1.50,1.70
2010.11.03 01:57:07.498,1.41386,1.41426,1.50,1.70
2010.11.03 01:57:09.509,1.41386,1.4143,1.50,1.60
2010.11.03 01:57:11.515,1.41386,1.4143,1.50,1.70
2010.11.03 01:57:13.749,1.41386,1.4143,1.50,1.70
2010.11.03 01:57:15.805,1.41385,1.41426,1.50,1.60
2010.11.03 01:57:17.846,1.41385,1.41426,1.50,1.60
2010.11.03 01:57:20.156,1.41385,1.41426,1.50,1.60
2010.11.03 01:57:22.175,1.41385,1.41426,1.50,1.60
2010.11.03 01:57:28.054,1.41385,1.41426,1.50,1.60
2010.11.03 01:57:30.095,1.41385,1.41426,1.50,1.60
2010.11.03 01:57:32.137,1.41383,1.41426,1.50,2.20
2010.11.03 01:57:34.156,1.41383,1.41426,1.50,2.20
2010.11.03 01:57:36.236,1.41387,1.41426,1.50,1.40
2010.11.03 01:57:37.227,1.41379,1.41424,1.20,1.50
2010.11.03 01:57:37.667,1.41376,1.41423,1.50,1.60
2010.11.03 01:57:39.725,1.41377,1.41421,1.50,2.30
2010.11.03 01:57:41.765,1.41377,1.41421,1.50,2.30
2010.11.03 01:57:43.628,1.41366,1.41416,1.50,1.50
2010.11.03 01:57:44.040,1.4138,1.41423,2.30,1.40
2010.11.03 01:57:44.476,1.41381,1.41428,1.50,1.40
2010.11.03 01:57:45.288,1.41386,1.41432,1.20,1.60
2010.11.03 01:57:47.302,1.4138,1.41423,1.50,1.40
2010.11.03 01:57:48.704,1.41371,1.41412,2.30,1.40
2010.11.03 01:57:50.786,1.41371,1.41413,1.50,1.40
2010.11.03 01:57:52.887,1.41371,1.41413,1.50,1.40
2010.11.03 01:57:54.996,1.41375,1.41416,1.50,1.50
2010.11.03 01:57:57.016,1.41375,1.41421,1.70,1.60
2010.11.03 01:57:57.697,1.41384,1.41424,1.50,1.50
2010.11.03 01:57:59.726,1.41384,1.41424,1.50,1.50
2010.11.03 01:58:01.914,1.41379,1.41425,1.50,2.60
2010.11.03 01:58:04.074,1.41379,1.41425,1.50,2.60
2010.11.03 01:58:06.094,1.4138,1.41421,1.50,1.50
2010.11.03 01:58:08.326,1.4138,1.41421,1.50,1.50
2010.11.03 01:58:10.449,1.4138,1.41421,1.50,1.50
2010.11.03 01:58:12.468,1.41374,1.41415,1.50,1.40
2010.11.03 01:58:14.496,1.41374,1.41415,1.50,1.40
2010.11.03 01:58:16.508,1.4137,1.41413,1.20,1.40
2010.11.03 01:58:18.526,1.4137,1.41413,1.20,1.40
2010.11.03 01:58:20.605,1.4137,1.41413,1.20,1.40
2010.11.03 01:58:22.849,1.4137,1.41413,1.20,1.40
2010.11.03 01:58:24.926,1.41383,1.41423,1.50,1.40
2010.11.03 01:58:26.953,1.41383,1.41423,1.50,1.50
2010.11.03 01:58:28.972,1.41383,1.41423,1.50,1.50
2010.11.03 01:58:31.018,1.41394,1.41436,1.50,1.40
2010.11.03 01:58:33.061,1.41394,1.41436,1.50,1.40
2010.11.03 01:58:35.249,1.41394,1.41436,1.50,1.40
2010.11.03 01:58:37.329,1.4139,1.41434,1.50,1.40
2010.11.03 01:58:39.340,1.4139,1.41434,1.50,1.40
2010.11.03 01:58:41.347,1.4139,1.41434,1.50,1.40
2010.11.03 01:58:43.435,1.41387,1.41429,1.50,1.40
2010.11.03 01:58:45.526,1.41387,1.41429,1.50,1.40
2010.11.03 01:58:47.576,1.41387,1.41429,1.50,1.40
2010.11.03 01:58:49.576,1.41387,1.41429,1.50,1.40
2010.11.03 01:58:51.183,1.41385,1.41432,1.50,1.60
2010.11.03 01:58:53.187,1.4139,1.41431,1.50,1.50
2010.11.03 01:58:55.296,1.4139,1.41431,1.50,1.50
2010.11.03 01:58:57.397,1.41384,1.41428,1.50,1.60
2010.11.03 01:58:59.446,1.41384,1.41428,1.50,1.40
2010.11.03 01:59:00.947,1.41395,1.41438,1.70,1.40
2010.11.03 01:59:01.352,1.41403,1.41445,1.50,1.40
2010.11.03 01:59:02.127,1.41396,1.4144,1.50,1.40
2010.11.03 01:59:04.133,1.41396,1.4144,1.50,1.40
2010.11.03 01:59:06.269,1.41396,1.4144,1.50,1.60
2010.11.03 01:59:07.926,1.414,1.41441,1.50,1.10
2010.11.03 01:59:09.988,1.41393,1.41435,1.50,1.40
2010.11.03 01:59:12.129,1.41393,1.41435,1.50,1.40
2010.11.03 01:59:14.218,1.41397,1.41438,1.50,1.40
2010.11.03 01:59:16.228,1.41392,1.4144,1.50,1.40
2010.11.03 01:59:18.256,1.41397,1.41439,1.50,1.40
2010.11.03 01:59:20.270,1.41397,1.41439,1.50,1.40
2010.11.03 01:59:22.277,1.41393,1.41437,1.50,1.40
2010.11.03 01:59:24.296,1.41393,1.41437,1.50,1.40
2010.11.03 01:59:26.413,1.41393,1.41437,1.50,1.40
2010.11.03 01:59:28.467,1.41393,1.41437,1.50,1.40
2010.11.03 01:59:30.499,1.41393,1.41437,1.50,1.40
2010.11.03 01:59:32.639,1.41393,1.41437,1.50,1.40
2010.11.03 01:59:34.707,1.41393,1.41437,1.50,1.40
2010.11.03 01:59:36.746,1.41393,1.41437,1.50,1.40
2010.11.03 01:59:38.046,1.41394,1.41441,1.50,1.40
2010.11.03 01:59:40.181,1.41391,1.41432,1.50,1.40
2010.11.03 01:59:42.269,1.41386,1.41427,1.50,1.40
2010.11.03 01:59:44.595,1.41386,1.41427,1.50,1.40
2010.11.03 01:59:46.668,1.41386,1.41431,1.50,1.40
2010.11.03 01:59:48.350,1.41386,1.41421,1.50,4.50
2010.11.03 01:59:48.580,1.41369,1.41415,1.20,1.70
2010.11.03 01:59:50.889,1.41368,1.41409,1.50,2.30
2010.11.03 01:59:52.972,1.41368,1.41409,1.50,2.30
2010.11.03 01:59:54.098,1.41371,1.41417,1.50,1.80
2010.11.03 01:59:56.147,1.41375,1.41417,1.50,1.50
2010.11.03 01:59:58.262,1.41375,1.41416,1.50,1.60
