2017.03.06 17:00:00.104,1.41947,1.41959,1.00,1.50
2017.03.06 17:00:00.307,1.41945,1.41958,1.00,1.50
2017.03.06 17:00:00.358,1.41945,1.41956,1.00,1.00
2017.03.06 17:00:00.837,1.41947,1.41958,1.00,1.00
2017.03.06 17:00:01.142,1.41953,1.41962,1.00,1.00
2017.03.06 17:00:01.243,1.41954,1.41965,1.00,1.87
2017.03.06 17:00:01.295,1.41951,1.41963,1.00,1.00
2017.03.06 17:00:01.631,1.41957,1.41965,1.00,2.25
2017.03.06 17:00:01.834,1.41958,1.4197,1.00,1.75
2017.03.06 17:00:01.885,1.41962,1.41971,1.00,1.75
2017.03.06 17:00:01.936,1.41965,1.41975,1.00,2.92
2017.03.06 17:00:01.987,1.41967,1.41975,1.00,2.17
2017.03.06 17:00:02.088,1.41964,1.41976,1.00,3.00
2017.03.06 17:00:02.139,1.41962,1.41976,1.00,2.62
2017.03.06 17:00:02.341,1.41964,1.41976,1.00,1.12
2017.03.06 17:00:02.639,1.41962,1.41976,1.00,1.12
2017.03.06 17:00:02.804,1.41964,1.41976,1.00,1.12
2017.03.06 17:00:03.310,1.41964,1.41975,1.00,1.00
2017.03.06 17:00:03.891,1.41963,1.41976,1.00,1.00
2017.03.06 17:00:04.225,1.41965,1.41976,1.00,1.00
2017.03.06 17:00:04.758,1.41965,1.41977,1.00,1.00
2017.03.06 17:00:06.018,1.41967,1.41978,1.00,1.87
2017.03.06 17:00:06.516,1.41965,1.41978,1.00,1.87
2017.03.06 17:00:07.492,1.41964,1.41977,1.12,1.00
2017.03.06 17:00:07.760,1.41963,1.41978,2.25,1.12
2017.03.06 17:00:08.165,1.41969,1.41977,1.00,1.00
2017.03.06 17:00:08.705,1.41968,1.41977,1.00,1.00
2017.03.06 17:00:09.380,1.41973,1.41984,1.00,1.75
2017.03.06 17:00:09.431,1.41974,1.41984,1.00,1.50
2017.03.06 17:00:09.532,1.41975,1.41985,1.00,1.00
2017.03.06 17:00:09.734,1.41973,1.41985,1.00,1.00
2017.03.06 17:00:09.836,1.41975,1.41985,1.00,1.00
2017.03.06 17:00:10.190,1.41978,1.41987,1.00,1.00
2017.03.06 17:00:10.241,1.41975,1.41987,1.00,1.00
2017.03.06 17:00:10.802,1.41976,1.41987,1.00,1.00
2017.03.06 17:00:11.242,1.41971,1.41984,1.00,1.12
2017.03.06 17:00:11.846,1.41971,1.41983,1.00,2.25
2017.03.06 17:00:12.381,1.4197,1.41983,1.75,1.00
2017.03.06 17:00:12.432,1.4197,1.41985,1.75,2.25
2017.03.06 17:00:12.534,1.41972,1.41985,1.12,1.75
2017.03.06 17:00:12.635,1.41971,1.41985,1.75,1.75
2017.03.06 17:00:13.041,1.41972,1.41985,1.50,1.75
2017.03.06 17:00:14.169,1.41972,1.41986,1.50,1.12
2017.03.06 17:00:14.776,1.41974,1.41987,1.12,1.00
2017.03.06 17:00:15.298,1.41973,1.41988,1.37,1.50
2017.03.06 17:00:15.858,1.41973,1.41989,1.37,1.50
2017.03.06 17:00:16.646,1.41973,1.41987,1.37,1.50
2017.03.06 17:00:16.970,1.41975,1.41985,1.00,1.12
2017.03.06 17:00:17.282,1.41975,1.4199,1.00,3.75
2017.03.06 17:00:17.333,1.41975,1.41989,2.25,1.50
2017.03.06 17:00:17.537,1.41975,1.41993,2.62,1.50
2017.03.06 17:00:17.639,1.41975,1.4199,2.25,1.00
2017.03.06 17:00:17.741,1.41975,1.4199,1.87,1.00
2017.03.06 17:00:17.842,1.41974,1.4199,2.62,1.50
2017.03.06 17:00:18.109,1.41972,1.41989,3.37,1.12
2017.03.06 17:00:18.163,1.41972,1.41988,2.62,2.25
2017.03.06 17:00:18.678,1.41972,1.41988,4.12,1.00
2017.03.06 17:00:19.365,1.41973,1.41988,2.85,1.00
2017.03.06 17:00:19.963,1.41973,1.41987,2.85,1.00
2017.03.06 17:00:20.486,1.41972,1.41987,2.47,1.00
2017.03.06 17:00:20.988,1.41973,1.41989,1.72,2.25
2017.03.06 17:00:21.291,1.41974,1.41991,3.22,3.00
2017.03.06 17:00:21.342,1.41975,1.41991,1.30,3.00
2017.03.06 17:00:21.890,1.41975,1.41989,1.30,1.00
2017.03.06 17:00:22.439,1.41974,1.41989,1.00,1.00
2017.03.06 17:00:24.428,1.41975,1.4199,1.50,1.12
2017.03.06 17:00:24.783,1.41973,1.4199,1.35,1.87
2017.03.06 17:00:25.471,1.41974,1.4199,1.00,1.87
2017.03.06 17:00:25.521,1.41974,1.4199,1.00,2.21
2017.03.06 17:00:25.572,1.41974,1.4199,1.00,2.62
2017.03.06 17:00:26.086,1.41972,1.41989,1.72,1.50
2017.03.06 17:00:27.754,1.41972,1.4199,1.72,3.37
2017.03.06 17:00:29.473,1.41974,1.4199,1.00,1.87
2017.03.06 17:00:30.299,1.41973,1.4199,1.35,1.87
2017.03.06 17:00:31.061,1.41975,1.4199,1.00,1.87
2017.03.06 17:00:31.706,1.41972,1.41989,3.22,1.00
2017.03.06 17:00:35.239,1.41972,1.41988,1.50,1.00
2017.03.06 17:00:35.744,1.41972,1.41989,2.05,1.50
2017.03.06 17:00:40.016,1.41972,1.41983,1.00,1.00
2017.03.06 17:00:40.270,1.41966,1.4198,1.00,1.87
2017.03.06 17:00:40.321,1.41963,1.4198,1.50,1.50
2017.03.06 17:00:40.576,1.41965,1.4198,1.00,1.00
2017.03.06 17:00:40.728,1.41968,1.41985,1.30,3.00
2017.03.06 17:00:40.880,1.41971,1.41983,1.00,1.00
2017.03.06 17:00:40.982,1.41966,1.41983,2.05,1.00
2017.03.06 17:00:41.134,1.41966,1.41985,3.22,2.25
2017.03.06 17:00:41.663,1.41966,1.41984,3.97,1.00
2017.03.06 17:00:42.438,1.41967,1.41985,2.47,1.00
2017.03.06 17:00:42.489,1.41971,1.41987,1.00,1.87
2017.03.06 17:00:42.591,1.41971,1.41989,1.00,3.37
2017.03.06 17:00:42.692,1.41971,1.41989,2.25,2.62
2017.03.06 17:00:43.247,1.41971,1.41988,1.97,1.00
2017.03.06 17:00:43.348,1.41973,1.4199,1.50,1.00
2017.03.06 17:00:43.399,1.41976,1.4199,1.00,1.00
2017.03.06 17:00:43.803,1.41972,1.41988,1.35,1.00
2017.03.06 17:00:44.467,1.41977,1.4199,1.72,1.12
2017.03.06 17:00:44.670,1.41978,1.41992,1.00,1.37
2017.03.06 17:00:44.721,1.41978,1.41994,1.12,1.00
2017.03.06 17:00:45.237,1.41978,1.41993,1.12,1.00
2017.03.06 17:00:46.127,1.41981,1.41997,1.00,1.75
2017.03.06 17:00:46.228,1.41982,1.41999,1.00,1.50
2017.03.06 17:00:46.431,1.41982,1.42,3.00,1.00
2017.03.06 17:00:48.114,1.41983,1.42001,1.50,3.00
2017.03.06 17:00:48.417,1.41978,1.41992,1.12,1.00
2017.03.06 17:00:48.519,1.41975,1.41992,3.75,1.12
2017.03.06 17:00:48.620,1.41974,1.41988,1.50,1.00
2017.03.06 17:00:48.924,1.41965,1.41983,2.25,1.50
2017.03.06 17:00:49.025,1.41966,1.41984,1.50,1.50
2017.03.06 17:00:49.428,1.41968,1.41986,1.00,2.25
2017.03.06 17:00:49.580,1.41966,1.41984,1.87,1.37
2017.03.06 17:00:50.036,1.41968,1.41986,1.00,3.75
2017.03.06 17:00:50.238,1.41963,1.41981,1.50,1.00
2017.03.06 17:00:50.809,1.41963,1.41981,1.12,1.50
2017.03.06 17:00:52.122,1.41965,1.41983,1.00,3.00
2017.03.06 17:00:52.426,1.41966,1.41984,1.50,1.75
2017.03.06 17:00:52.700,1.4197,1.41986,1.50,1.37
2017.03.06 17:00:53.206,1.4197,1.41987,1.50,1.50
2017.03.06 17:00:54.135,1.41971,1.41988,1.00,1.75
2017.03.06 17:00:54.747,1.4197,1.41984,1.00,1.00
2017.03.06 17:00:54.798,1.41968,1.41986,1.87,1.12
2017.03.06 17:00:54.849,1.41968,1.41981,1.12,1.00
2017.03.06 17:00:55.000,1.41965,1.41981,1.00,1.87
2017.03.06 17:00:55.570,1.41965,1.4198,1.00,1.00
2017.03.06 17:00:55.773,1.41963,1.4198,2.10,1.00
2017.03.06 17:00:56.364,1.41964,1.4198,1.00,1.00
2017.03.06 17:00:57.110,1.41964,1.41981,1.00,1.75
2017.03.06 17:00:57.777,1.41963,1.41981,1.50,2.25
2017.03.06 17:00:57.878,1.41961,1.41977,3.37,1.12
2017.03.06 17:00:58.030,1.41961,1.41976,1.00,1.50
2017.03.06 17:00:58.081,1.41958,1.41974,1.50,1.00
2017.03.06 17:00:58.234,1.4196,1.41977,1.00,1.75
2017.03.06 17:00:58.285,1.41957,1.41975,3.75,1.87
2017.03.06 17:00:58.539,1.41959,1.41974,1.00,1.00
2017.03.06 17:00:58.690,1.41957,1.41975,4.12,1.75
2017.03.06 17:00:58.741,1.41957,1.41975,1.87,1.12
2017.03.06 17:00:58.944,1.41957,1.41974,1.00,2.25
2017.03.06 17:00:59.449,1.41956,1.41972,1.00,1.12
2017.03.06 17:00:59.954,1.41955,1.41971,1.00,1.00
2017.03.06 17:01:00.499,1.41955,1.4197,1.00,1.00
2017.03.06 17:01:00.804,1.41953,1.4197,1.00,3.37
2017.03.06 17:01:00.855,1.41953,1.4197,1.00,1.75
2017.03.06 17:01:00.906,1.41953,1.41971,1.37,1.37
2017.03.06 17:01:00.957,1.41953,1.41971,1.75,1.00
2017.03.06 17:01:01.059,1.41953,1.41971,1.12,1.12
2017.03.06 17:01:01.601,1.41952,1.4197,2.25,1.00
2017.03.06 17:01:02.138,1.41953,1.41971,1.12,1.12
2017.03.06 17:01:02.189,1.41955,1.41972,1.00,1.50
2017.03.06 17:01:02.341,1.41956,1.41973,1.12,1.50
2017.03.06 17:01:02.543,1.41956,1.41975,2.25,3.00
2017.03.06 17:01:03.049,1.41956,1.41974,4.87,1.50
2017.03.06 17:01:05.339,1.41956,1.41974,4.87,2.62
2017.03.06 17:01:08.074,1.41958,1.41974,2.62,1.87
2017.03.06 17:01:08.411,1.41961,1.41975,2.62,1.00
2017.03.06 17:01:08.715,1.41959,1.41973,1.00,1.12
2017.03.06 17:01:09.019,1.41959,1.41973,1.00,1.75
2017.03.06 17:01:09.573,1.41959,1.41974,1.00,2.25
2017.03.06 17:01:09.675,1.41959,1.41974,1.37,2.25
2017.03.06 17:01:11.177,1.41965,1.41975,1.00,1.75
2017.03.06 17:01:11.279,1.41965,1.41977,1.00,1.00
2017.03.06 17:01:11.431,1.41965,1.41974,1.00,1.00
2017.03.06 17:01:11.482,1.41961,1.41974,1.00,1.00
2017.03.06 17:01:12.053,1.41958,1.41974,3.75,2.62
2017.03.06 17:01:12.756,1.41957,1.41974,1.75,2.62
2017.03.06 17:01:13.290,1.41959,1.41976,1.50,2.10
2017.03.06 17:01:13.442,1.41958,1.41974,4.12,1.12
2017.03.06 17:01:13.947,1.41958,1.41973,3.75,1.30
2017.03.06 17:01:17.870,1.41958,1.41973,3.00,2.47
2017.03.06 17:01:18.004,1.41957,1.41973,1.00,1.72
2017.03.06 17:01:18.512,1.41957,1.41971,1.00,1.00
2017.03.06 17:01:18.913,1.41957,1.41969,1.00,2.10
2017.03.06 17:01:19.267,1.41953,1.41969,1.00,2.85
2017.03.06 17:01:21.072,1.41953,1.41969,1.75,3.60
2017.03.06 17:01:23.125,1.41953,1.41968,1.75,1.30
2017.03.06 17:01:23.228,1.41953,1.4197,1.00,1.35
2017.03.06 17:01:23.279,1.41954,1.41971,4.12,2.47
2017.03.06 17:01:23.482,1.41954,1.4197,1.75,1.35
2017.03.06 17:01:23.584,1.41954,1.4197,1.75,2.10
2017.03.06 17:01:24.158,1.4195,1.41968,6.37,1.50
2017.03.06 17:01:24.707,1.4195,1.41967,3.00,2.25
2017.03.06 17:01:25.474,1.41951,1.41969,1.12,4.35
2017.03.06 17:01:26.000,1.41951,1.41968,1.12,1.12
2017.03.06 17:01:26.569,1.41951,1.41969,1.87,3.60
2017.03.06 17:01:27.074,1.41955,1.41969,1.00,3.60
2017.03.06 17:01:27.660,1.41957,1.41967,1.00,1.00
2017.03.06 17:01:27.964,1.41959,1.41969,1.00,3.60
2017.03.06 17:01:29.659,1.41955,1.41969,1.50,2.85
2017.03.06 17:01:29.962,1.41955,1.41973,1.50,2.85
2017.03.06 17:01:32.505,1.41955,1.41972,1.87,1.50
2017.03.06 17:01:33.549,1.41955,1.41972,1.00,1.12
2017.03.06 17:01:34.278,1.41956,1.41972,1.50,1.12
2017.03.06 17:01:38.944,1.41956,1.41971,1.50,2.10
2017.03.06 17:01:38.995,1.41954,1.41967,1.00,1.00
2017.03.06 17:01:39.410,1.41952,1.41967,1.00,1.00
2017.03.06 17:01:42.019,1.41952,1.41968,2.25,1.00
2017.03.06 17:01:42.607,1.41952,1.41967,2.25,1.00
2017.03.06 17:01:43.617,1.41951,1.41968,2.62,1.00
2017.03.06 17:01:43.719,1.41951,1.41969,4.12,1.12
2017.03.06 17:01:44.225,1.41952,1.41967,3.75,1.00
2017.03.06 17:01:45.225,1.41952,1.41967,2.62,1.00
2017.03.06 17:01:48.704,1.41951,1.41968,1.37,1.00
2017.03.06 17:01:49.058,1.4195,1.41966,2.25,1.00
2017.03.06 17:01:49.210,1.4195,1.41966,3.37,1.00
2017.03.06 17:01:50.354,1.4195,1.41967,4.12,1.12
2017.03.06 17:01:50.996,1.41952,1.41968,2.25,2.25
2017.03.06 17:01:52.596,1.4195,1.41968,4.87,2.25
2017.03.06 17:01:54.694,1.41954,1.41968,1.00,2.25
2017.03.06 17:01:55.022,1.41952,1.41968,3.00,1.50
2017.03.06 17:01:55.225,1.41953,1.41969,1.75,1.00
2017.03.06 17:01:55.579,1.41954,1.41971,1.37,2.47
2017.03.06 17:01:57.008,1.41954,1.41971,1.12,1.72
2017.03.06 17:01:58.375,1.41953,1.4197,1.87,1.00
2017.03.06 17:01:59.350,1.41953,1.41969,1.87,1.00
2017.03.06 17:01:59.401,1.41953,1.41968,1.87,1.00
2017.03.06 17:01:59.908,1.41952,1.41968,2.10,1.35
2017.03.06 17:01:59.959,1.41952,1.41969,2.47,1.12
2017.03.06 17:02:00.236,1.41953,1.41969,1.00,1.00
2017.03.06 17:02:01.089,1.41952,1.41969,2.25,1.12
2017.03.06 17:02:01.619,1.41951,1.41969,4.87,1.12
2017.03.06 17:02:02.633,1.41953,1.4197,1.37,1.37
2017.03.06 17:02:03.185,1.41953,1.4197,2.62,1.37
2017.03.06 17:02:03.818,1.41953,1.41971,2.25,2.25
2017.03.06 17:02:04.397,1.41955,1.41971,1.37,1.50
2017.03.06 17:02:04.650,1.41959,1.41974,1.00,1.12
2017.03.06 17:02:04.953,1.4196,1.41974,1.37,1.12
2017.03.06 17:02:05.736,1.41959,1.41975,1.00,2.25
2017.03.06 17:02:06.578,1.41959,1.41975,1.50,1.50
2017.03.06 17:02:08.392,1.41959,1.41974,1.00,1.12
2017.03.06 17:02:08.443,1.41958,1.41974,3.37,1.12
2017.03.06 17:02:08.766,1.4196,1.41974,2.25,1.00
2017.03.06 17:02:08.867,1.41961,1.41978,1.50,2.25
2017.03.06 17:02:09.019,1.4196,1.41974,2.25,1.00
2017.03.06 17:02:09.162,1.41961,1.41978,1.50,1.75
2017.03.06 17:02:09.446,1.4196,1.41974,2.62,1.00
2017.03.06 17:02:09.497,1.41961,1.41978,1.37,1.75
2017.03.06 17:02:09.548,1.41962,1.41979,1.50,1.87
2017.03.06 17:02:09.700,1.41963,1.41978,1.00,1.00
2017.03.06 17:02:09.751,1.41966,1.41978,1.00,1.00
2017.03.06 17:02:09.903,1.41964,1.4198,1.12,1.00
2017.03.06 17:02:10.099,1.41963,1.41981,2.25,1.75
2017.03.06 17:02:10.918,1.41963,1.41982,5.25,1.75
2017.03.06 17:02:11.437,1.41966,1.41983,1.37,3.00
2017.03.06 17:02:12.028,1.41966,1.41983,1.37,2.25
2017.03.06 17:02:12.717,1.41966,1.41983,1.37,1.75
2017.03.06 17:02:12.869,1.41967,1.41984,1.37,1.75
2017.03.06 17:02:12.921,1.41969,1.41985,1.50,1.75
2017.03.06 17:02:13.075,1.4197,1.41987,1.50,1.75
2017.03.06 17:02:13.420,1.41972,1.41986,1.37,1.00
2017.03.06 17:02:13.624,1.41972,1.41988,1.50,1.12
2017.03.06 17:02:13.928,1.41972,1.4199,3.75,1.12
2017.03.06 17:02:14.466,1.41972,1.41989,3.00,1.00
2017.03.06 17:02:16.584,1.41974,1.4199,2.62,1.12
2017.03.06 17:02:17.640,1.41974,1.4199,2.62,1.50
2017.03.06 17:02:18.066,1.41972,1.41988,3.00,1.12
2017.03.06 17:02:18.117,1.4197,1.41986,3.00,1.00
2017.03.06 17:02:18.222,1.41969,1.41986,1.50,1.50
2017.03.06 17:02:18.759,1.41969,1.41986,1.50,1.50
2017.03.06 17:02:19.341,1.41969,1.41986,3.00,1.50
2017.03.06 17:02:19.824,1.41968,1.41985,3.00,1.75
2017.03.06 17:02:20.957,1.41969,1.41986,1.37,2.25
2017.03.06 17:02:24.539,1.41969,1.41984,1.87,1.12
2017.03.06 17:02:26.825,1.41969,1.41987,4.24,1.75
2017.03.06 17:02:26.927,1.4197,1.41986,1.49,1.50
2017.03.06 17:02:27.098,1.41967,1.41984,4.24,1.50
2017.03.06 17:02:28.053,1.41971,1.41987,1.49,1.75
2017.03.06 17:02:28.104,1.41971,1.41986,1.49,1.00
2017.03.06 17:02:29.326,1.41971,1.41986,1.49,1.00
2017.03.06 17:02:30.087,1.41973,1.41984,1.00,1.00
2017.03.06 17:02:30.138,1.41967,1.41985,2.25,2.25
2017.03.06 17:02:30.240,1.41968,1.41983,1.00,1.12
2017.03.06 17:02:30.543,1.41968,1.41984,1.00,3.00
2017.03.06 17:02:30.846,1.41967,1.41984,3.75,1.75
2017.03.06 17:02:30.949,1.41969,1.41984,1.00,1.75
2017.03.06 17:02:32.118,1.41968,1.41984,1.00,3.00
2017.03.06 17:02:35.146,1.41971,1.41986,1.00,2.25
2017.03.06 17:02:35.473,1.41977,1.41987,1.00,1.75
2017.03.06 17:02:36.231,1.41974,1.4199,5.25,1.75
2017.03.06 17:02:36.332,1.41974,1.41992,3.75,5.62
2017.03.06 17:02:36.434,1.41974,1.41989,3.00,1.00
2017.03.06 17:02:38.866,1.41973,1.41987,1.75,1.00
2017.03.06 17:02:39.018,1.41972,1.41986,3.00,1.50
2017.03.06 17:02:39.322,1.41974,1.41986,3.00,1.75
2017.03.06 17:02:39.827,1.41977,1.41988,1.00,2.62
2017.03.06 17:02:39.928,1.41977,1.41989,1.00,3.00
2017.03.06 17:02:40.558,1.41977,1.41985,1.00,1.00
2017.03.06 17:02:41.106,1.41977,1.41988,1.00,1.75
2017.03.06 17:02:41.460,1.41977,1.4199,1.00,1.75
2017.03.06 17:02:41.965,1.41974,1.4199,2.25,1.75
2017.03.06 17:02:42.474,1.41974,1.41986,2.25,1.00
2017.03.06 17:02:42.778,1.41975,1.41984,1.00,1.75
2017.03.06 17:02:43.880,1.41975,1.41982,1.00,1.50
2017.03.06 17:02:43.931,1.41972,1.41982,1.00,1.75
2017.03.06 17:02:44.995,1.41972,1.41984,1.37,1.75
2017.03.06 17:02:45.048,1.41972,1.41984,1.37,1.75
2017.03.06 17:02:45.974,1.41972,1.41987,1.37,3.00
2017.03.06 17:02:46.529,1.41973,1.41987,1.37,3.00
2017.03.06 17:02:47.777,1.41972,1.41982,1.37,1.12
2017.03.06 17:02:47.879,1.41969,1.4198,1.37,1.00
2017.03.06 17:02:47.980,1.41966,1.41981,1.37,1.00
2017.03.06 17:02:48.031,1.41969,1.41981,1.37,1.37
2017.03.06 17:02:49.129,1.41969,1.41981,1.37,1.75
2017.03.06 17:02:49.480,1.41966,1.41978,1.37,1.12
2017.03.06 17:02:49.582,1.41961,1.41978,1.44,1.00
2017.03.06 17:02:49.936,1.41964,1.4198,1.44,2.25
2017.03.06 17:02:50.037,1.41965,1.41982,1.44,1.00
2017.03.06 17:02:50.139,1.41965,1.41983,1.94,1.12
2017.03.06 17:02:50.241,1.41965,1.41981,1.47,1.00
2017.03.06 17:02:50.780,1.41965,1.4198,2.62,1.12
2017.03.06 17:02:51.330,1.41966,1.41984,2.25,1.75
2017.03.06 17:02:51.663,1.41966,1.41984,2.25,1.37
2017.03.06 17:02:52.568,1.41967,1.41984,1.00,1.37
2017.03.06 17:02:53.733,1.41968,1.41984,1.00,1.37
2017.03.06 17:02:55.238,1.41969,1.41984,1.00,1.37
2017.03.06 17:02:55.709,1.41969,1.41978,1.00,1.00
2017.03.06 17:02:56.088,1.41968,1.41985,1.00,2.62
2017.03.06 17:02:56.614,1.41967,1.41985,1.00,1.50
2017.03.06 17:02:58.878,1.41968,1.41984,1.00,1.37
2017.03.06 17:03:00.494,1.41967,1.41985,1.50,1.50
2017.03.06 17:03:02.249,1.41966,1.41986,1.50,3.75
2017.03.06 17:03:02.853,1.41966,1.41982,1.00,1.00
2017.03.06 17:03:03.206,1.41964,1.41977,1.37,1.00
2017.03.06 17:03:03.257,1.41964,1.4198,1.37,1.50
2017.03.06 17:03:03.359,1.41963,1.4198,1.00,2.25
2017.03.06 17:03:03.561,1.41965,1.41981,1.00,1.75
2017.03.06 17:03:03.662,1.41965,1.41981,1.00,1.00
2017.03.06 17:03:04.247,1.41964,1.41979,1.12,1.00
2017.03.06 17:03:04.502,1.41964,1.41981,1.12,1.00
2017.03.06 17:03:05.210,1.41965,1.41981,1.00,1.00
2017.03.06 17:03:07.549,1.41964,1.41978,1.12,1.00
2017.03.06 17:03:07.803,1.4196,1.41976,2.25,1.00
2017.03.06 17:03:08.312,1.41959,1.41977,1.12,3.00
2017.03.06 17:03:08.927,1.4196,1.41977,1.00,1.50
2017.03.06 17:03:09.888,1.41959,1.41977,2.62,1.50
2017.03.06 17:03:13.707,1.41961,1.41977,1.00,1.50
2017.03.06 17:03:14.297,1.41961,1.41977,1.50,1.00
2017.03.06 17:03:16.052,1.41965,1.41981,1.37,1.75
2017.03.06 17:03:16.104,1.41963,1.41978,1.12,1.00
2017.03.06 17:03:16.306,1.41963,1.4198,1.12,1.00
2017.03.06 17:03:17.739,1.41963,1.4198,1.87,1.00
2017.03.06 17:03:18.244,1.41963,1.41979,1.12,1.00
2017.03.06 17:03:19.078,1.41962,1.41979,1.87,1.12
2017.03.06 17:03:22.238,1.41962,1.41978,1.50,1.00
2017.03.06 17:03:25.846,1.41962,1.41979,1.50,1.12
2017.03.06 17:03:26.914,1.41962,1.41975,1.12,1.00
2017.03.06 17:03:27.067,1.41957,1.41972,1.87,1.00
2017.03.06 17:03:27.219,1.41956,1.41974,2.62,1.00
2017.03.06 17:03:27.270,1.41956,1.41971,2.62,1.00
2017.03.06 17:03:27.656,1.41956,1.41971,1.87,1.00
2017.03.06 17:03:28.288,1.41958,1.41972,1.12,1.00
2017.03.06 17:03:28.840,1.41957,1.41973,1.87,1.00
2017.03.06 17:03:29.404,1.41958,1.41975,1.87,1.50
2017.03.06 17:03:29.929,1.41961,1.41976,1.00,1.00
2017.03.06 17:03:30.538,1.41961,1.41977,1.50,1.00
2017.03.06 17:03:30.842,1.4196,1.41975,1.50,1.50
2017.03.06 17:03:31.095,1.4195,1.41968,2.25,1.12
2017.03.06 17:03:31.197,1.4195,1.41967,1.50,1.37
2017.03.06 17:03:31.765,1.41951,1.41969,1.00,3.37
2017.03.06 17:03:33.280,1.41952,1.41969,1.00,2.62
2017.03.06 17:03:33.819,1.41951,1.41969,1.30,4.12
2017.03.06 17:03:34.835,1.41953,1.41969,1.12,1.87
2017.03.06 17:03:35.038,1.41952,1.4197,2.85,1.50
2017.03.06 17:03:35.191,1.41953,1.41969,1.87,1.00
2017.03.06 17:03:38.890,1.41956,1.41972,1.12,1.12
2017.03.06 17:03:39.197,1.41957,1.41975,2.66,1.50
2017.03.06 17:03:43.923,1.41957,1.41973,1.41,1.12
2017.03.06 17:03:45.086,1.41961,1.41974,1.41,1.37
2017.03.06 17:03:45.137,1.41964,1.41976,1.16,1.50
2017.03.06 17:03:45.289,1.41963,1.41977,1.16,1.00
2017.03.06 17:03:45.340,1.41963,1.41975,1.03,1.00
2017.03.06 17:03:46.306,1.41961,1.41975,1.41,1.00
2017.03.06 17:03:58.468,1.4196,1.41976,1.91,1.00
2017.03.06 17:03:58.720,1.41967,1.41984,1.53,1.00
2017.03.06 17:03:58.821,1.41967,1.41983,1.50,1.00
2017.03.06 17:03:59.189,1.41965,1.41983,1.53,1.12
2017.03.06 17:04:00.305,1.41965,1.41983,1.30,1.00
2017.03.06 17:04:00.470,1.41963,1.41978,1.97,1.00
2017.03.06 17:04:00.622,1.41962,1.41979,1.50,1.00
2017.03.06 17:04:00.673,1.41965,1.41979,1.00,1.00
2017.03.06 17:04:00.724,1.41961,1.41977,1.50,1.00
2017.03.06 17:04:00.775,1.41961,1.41978,1.37,1.00
2017.03.06 17:04:01.028,1.4196,1.41978,1.87,1.12
2017.03.06 17:04:01.231,1.41961,1.41979,1.37,1.50
2017.03.06 17:04:01.534,1.4196,1.41978,3.00,1.12
2017.03.06 17:04:01.585,1.4196,1.41976,2.25,1.00
2017.03.06 17:04:02.072,1.41959,1.41976,1.87,1.00
2017.03.06 17:04:03.548,1.4196,1.41978,2.25,1.12
2017.03.06 17:04:03.600,1.41962,1.4198,1.12,4.50
2017.03.06 17:04:03.702,1.41963,1.41979,1.00,1.37
2017.03.06 17:04:03.803,1.41963,1.4198,1.00,2.25
2017.03.06 17:04:04.658,1.41962,1.41979,1.00,1.75
2017.03.06 17:04:04.810,1.41962,1.41979,1.00,1.50
2017.03.06 17:04:05.748,1.41963,1.41981,1.87,3.00
2017.03.06 17:04:05.900,1.41964,1.4198,1.00,1.00
2017.03.06 17:04:06.153,1.41964,1.41981,1.50,1.12
2017.03.06 17:04:06.552,1.41964,1.4198,1.37,1.50
2017.03.06 17:04:07.447,1.41962,1.41977,1.50,1.00
2017.03.06 17:04:08.018,1.41963,1.41978,1.37,1.00
2017.03.06 17:04:08.556,1.41963,1.41979,1.37,1.12
2017.03.06 17:04:10.623,1.41962,1.41977,2.25,1.00
2017.03.06 17:04:10.674,1.41962,1.4198,1.50,1.50
2017.03.06 17:04:11.182,1.41961,1.41977,1.87,1.00
2017.03.06 17:04:11.233,1.41961,1.41978,1.87,1.00
2017.03.06 17:04:11.335,1.41961,1.41978,1.37,1.50
2017.03.06 17:04:11.437,1.41961,1.41978,1.37,1.50
2017.03.06 17:04:11.740,1.41959,1.41976,2.62,1.00
2017.03.06 17:04:12.277,1.41959,1.41978,2.62,2.25
2017.03.06 17:04:12.580,1.4196,1.41976,1.37,1.00
2017.03.06 17:04:12.732,1.41962,1.41978,1.37,1.50
2017.03.06 17:04:12.833,1.41965,1.41981,1.87,1.75
2017.03.06 17:04:12.934,1.41965,1.41983,1.87,1.75
2017.03.06 17:04:13.086,1.41964,1.41981,1.50,1.37
2017.03.06 17:04:13.137,1.41963,1.41981,2.62,1.75
2017.03.06 17:04:13.239,1.41963,1.41981,3.00,1.12
2017.03.06 17:04:13.441,1.41963,1.4198,2.25,1.00
2017.03.06 17:04:14.164,1.41963,1.41979,2.25,1.00
2017.03.06 17:04:16.200,1.41963,1.4198,1.87,1.00
2017.03.06 17:04:16.553,1.41963,1.4198,1.87,1.00
2017.03.06 17:04:16.856,1.41964,1.41981,1.12,1.12
2017.03.06 17:04:17.221,1.41964,1.41981,1.37,1.12
2017.03.06 17:04:17.423,1.41965,1.41981,1.12,1.12
2017.03.06 17:04:18.791,1.41965,1.41979,1.12,1.00
2017.03.06 17:04:18.985,1.41965,1.41981,1.12,1.12
2017.03.06 17:04:22.625,1.41962,1.41977,4.87,1.00
2017.03.06 17:04:22.727,1.41962,1.41979,4.12,1.50
2017.03.06 17:04:22.828,1.41962,1.41978,3.37,1.75
2017.03.06 17:04:24.319,1.41963,1.41979,1.75,1.50
2017.03.06 17:04:24.370,1.41963,1.41979,1.75,1.50
2017.03.06 17:04:24.523,1.41963,1.41979,4.50,1.00
2017.03.06 17:04:24.624,1.41963,1.41979,2.25,1.00
2017.03.06 17:04:25.469,1.41963,1.41979,1.87,1.00
2017.03.06 17:04:27.428,1.41963,1.41979,1.12,1.00
2017.03.06 17:04:28.448,1.41963,1.41979,1.87,1.00
2017.03.06 17:04:29.059,1.41964,1.41978,1.00,1.00
2017.03.06 17:04:30.388,1.41964,1.41979,1.00,1.50
2017.03.06 17:04:31.755,1.41962,1.41979,2.62,1.00
2017.03.06 17:04:32.275,1.41963,1.41979,2.06,1.00
2017.03.06 17:04:34.638,1.41963,1.41979,2.06,1.00
2017.03.06 17:04:34.739,1.41963,1.4198,1.56,1.75
2017.03.06 17:04:35.248,1.41961,1.4198,1.87,1.75
2017.03.06 17:04:35.568,1.41968,1.41983,1.00,4.12
2017.03.06 17:04:35.872,1.41979,1.41994,1.87,3.37
2017.03.06 17:04:35.974,1.41979,1.41995,1.87,1.75
2017.03.06 17:04:36.775,1.4198,1.41995,3.00,1.75
2017.03.06 17:04:36.876,1.41979,1.41993,1.75,1.12
2017.03.06 17:04:37.785,1.41978,1.41992,3.75,1.00
2017.03.06 17:04:38.318,1.41983,1.41994,1.00,1.50
2017.03.06 17:04:39.760,1.41983,1.41993,1.00,1.75
2017.03.06 17:04:39.862,1.41976,1.4199,1.00,2.25
2017.03.06 17:04:39.913,1.41976,1.41982,1.00,1.00
2017.03.06 17:04:40.207,1.41973,1.41985,1.00,1.75
2017.03.06 17:04:40.258,1.41977,1.41985,1.00,1.00
2017.03.06 17:04:40.460,1.41975,1.41988,1.00,1.75
2017.03.06 17:04:40.961,1.41976,1.41988,1.00,1.50
2017.03.06 17:04:41.063,1.4198,1.41989,1.00,1.00
2017.03.06 17:04:42.172,1.41976,1.41989,1.00,1.75
2017.03.06 17:04:43.153,1.41975,1.41991,1.00,2.25
2017.03.06 17:04:44.194,1.41975,1.41989,1.00,1.75
2017.03.06 17:04:45.284,1.41975,1.41988,1.00,2.25
2017.03.06 17:04:45.385,1.41975,1.41989,1.00,1.75
2017.03.06 17:04:45.689,1.41975,1.41989,1.00,1.75
2017.03.06 17:04:47.886,1.41975,1.41988,1.00,2.25
2017.03.06 17:04:48.406,1.41975,1.41982,1.00,1.00
2017.03.06 17:04:49.145,1.41975,1.41985,1.00,1.75
2017.03.06 17:04:49.773,1.41975,1.41989,1.00,3.00
2017.03.06 17:04:49.874,1.41975,1.41987,1.00,1.12
2017.03.06 17:04:49.976,1.41975,1.41987,1.00,1.75
2017.03.06 17:04:50.872,1.41967,1.41985,2.62,1.75
2017.03.06 17:04:50.973,1.41966,1.41981,1.75,1.00
2017.03.06 17:04:51.277,1.41967,1.4198,1.00,1.12
2017.03.06 17:04:51.379,1.41965,1.41977,1.00,1.00
2017.03.06 17:04:51.674,1.41969,1.41983,1.00,1.12
2017.03.06 17:04:51.725,1.41969,1.41981,1.00,1.00
2017.03.06 17:04:52.331,1.41967,1.4198,1.37,1.00
2017.03.06 17:04:52.651,1.4197,1.41981,1.00,1.00
2017.03.06 17:04:53.061,1.41965,1.41981,3.00,1.00
2017.03.06 17:04:53.112,1.41965,1.41979,3.00,1.00
2017.03.06 17:04:53.622,1.41965,1.4198,3.00,1.00
2017.03.06 17:04:54.170,1.41966,1.41979,2.62,1.00
2017.03.06 17:04:54.221,1.41966,1.41981,2.62,1.12
2017.03.06 17:04:57.082,1.41968,1.41983,1.00,1.75
2017.03.06 17:04:57.719,1.41968,1.41983,1.12,1.00
2017.03.06 17:05:01.509,1.41965,1.41982,1.12,1.00
2017.03.06 17:05:02.058,1.41965,1.41982,1.12,1.50
2017.03.06 17:05:03.503,1.41966,1.41981,1.00,1.12
2017.03.06 17:05:04.459,1.41965,1.41981,1.50,1.12
2017.03.06 17:05:05.138,1.41967,1.41981,1.00,1.12
2017.03.06 17:05:05.857,1.41966,1.41981,1.00,1.00
2017.03.06 17:05:10.616,1.41965,1.41981,1.50,1.00
2017.03.06 17:05:13.444,1.41969,1.41985,1.12,2.62
2017.03.06 17:05:13.643,1.4197,1.41985,1.00,1.00
2017.03.06 17:05:13.971,1.4197,1.41987,1.00,1.12
2017.03.06 17:05:14.520,1.41971,1.41988,1.37,1.12
2017.03.06 17:05:18.457,1.41971,1.41987,1.50,1.00
2017.03.06 17:05:20.039,1.4197,1.41984,1.75,1.00
2017.03.06 17:05:20.090,1.4197,1.41987,1.75,1.50
2017.03.06 17:05:20.191,1.4197,1.41985,1.75,1.00
2017.03.06 17:05:20.242,1.4197,1.41985,1.00,1.00
2017.03.06 17:05:20.489,1.41967,1.41983,2.25,1.50
2017.03.06 17:05:20.794,1.41959,1.41975,3.37,1.00
2017.03.06 17:05:20.845,1.41959,1.41975,1.00,1.00
2017.03.06 17:05:21.454,1.41959,1.41974,1.12,1.00
2017.03.06 17:05:21.792,1.41961,1.41974,1.00,1.00
2017.03.06 17:05:22.403,1.41966,1.41979,1.00,1.75
2017.03.06 17:05:22.656,1.4197,1.41984,1.00,1.75
2017.03.06 17:05:22.757,1.4197,1.41984,1.00,1.00
2017.03.06 17:05:25.964,1.41971,1.41984,1.00,1.50
2017.03.06 17:05:28.387,1.4197,1.41984,1.00,1.50
2017.03.06 17:05:29.504,1.41968,1.41983,1.00,1.00
2017.03.06 17:05:29.607,1.41973,1.41984,1.00,1.00
2017.03.06 17:05:29.764,1.41971,1.41987,1.00,1.00
2017.03.06 17:05:30.118,1.41971,1.41984,1.00,1.00
2017.03.06 17:05:30.473,1.41971,1.41987,1.12,1.87
2017.03.06 17:05:30.978,1.4197,1.41986,1.50,1.00
2017.03.06 17:05:31.483,1.4197,1.41985,1.50,1.00
2017.03.06 17:05:31.640,1.41969,1.41985,1.00,1.00
2017.03.06 17:05:31.893,1.41968,1.41983,1.12,1.00
2017.03.06 17:05:32.045,1.41968,1.41985,1.87,1.00
2017.03.06 17:05:34.184,1.41969,1.41985,1.00,1.50
2017.03.06 17:05:34.977,1.4197,1.41985,1.50,1.00
2017.03.06 17:05:35.501,1.41971,1.41985,1.00,1.50
2017.03.06 17:05:35.892,1.41968,1.41985,1.12,1.50
2017.03.06 17:05:36.044,1.41968,1.41982,1.00,1.00
2017.03.06 17:05:36.450,1.41968,1.41984,1.50,1.00
2017.03.06 17:05:36.552,1.41968,1.41985,2.25,1.00
2017.03.06 17:05:37.569,1.41965,1.41981,2.25,1.00
2017.03.06 17:05:37.671,1.41965,1.41981,1.50,1.00
2017.03.06 17:05:38.503,1.41966,1.41981,1.00,1.00
2017.03.06 17:05:39.082,1.41966,1.41982,1.00,1.87
2017.03.06 17:05:43.894,1.41965,1.41981,1.00,1.00
2017.03.06 17:05:44.198,1.41967,1.4198,1.00,1.00
2017.03.06 17:05:44.501,1.41967,1.41983,1.50,1.00
2017.03.06 17:05:44.552,1.41967,1.41985,1.50,1.12
2017.03.06 17:05:44.881,1.41967,1.41984,1.50,1.00
2017.03.06 17:05:45.412,1.41969,1.41983,1.37,1.00
2017.03.06 17:05:45.919,1.41969,1.41984,1.37,1.00
2017.03.06 17:05:46.481,1.41968,1.41984,1.37,1.00
2017.03.06 17:05:47.785,1.41967,1.41984,1.50,1.00
2017.03.06 17:05:49.069,1.4197,1.41985,1.12,1.12
2017.03.06 17:05:55.277,1.4197,1.41983,1.12,1.00
2017.03.06 17:05:55.451,1.41966,1.41982,1.50,1.50
2017.03.06 17:05:55.502,1.41966,1.4198,1.50,1.00
2017.03.06 17:05:55.770,1.41966,1.41982,1.87,1.50
2017.03.06 17:05:56.289,1.41966,1.41982,1.00,1.50
2017.03.06 17:05:56.706,1.41968,1.41982,1.00,1.00
2017.03.06 17:05:57.011,1.41962,1.41976,1.50,1.00
2017.03.06 17:05:57.362,1.41964,1.41978,1.00,1.50
2017.03.06 17:05:57.927,1.41966,1.41978,1.00,1.00
2017.03.06 17:05:59.235,1.41969,1.41978,1.00,1.00
2017.03.06 17:05:59.286,1.41966,1.41978,1.00,1.00
2017.03.06 17:05:59.337,1.41966,1.41981,1.00,1.00
2017.03.06 17:05:59.477,1.41961,1.41979,3.00,1.50
2017.03.06 17:05:59.527,1.4196,1.41978,1.75,1.50
2017.03.06 17:05:59.578,1.41959,1.41976,1.75,1.00
2017.03.06 17:05:59.629,1.41959,1.41976,1.75,2.25
2017.03.06 17:05:59.731,1.41959,1.41976,1.50,2.25
2017.03.06 17:05:59.782,1.41957,1.41973,1.50,1.00
2017.03.06 17:06:00.086,1.41961,1.41973,1.00,1.87
2017.03.06 17:06:00.187,1.41961,1.41975,1.00,1.87
2017.03.06 17:06:00.708,1.4196,1.41975,1.12,1.50
2017.03.06 17:06:01.799,1.41956,1.41971,4.19,1.00
2017.03.06 17:06:01.900,1.41956,1.4197,1.50,1.00
2017.03.06 17:06:02.428,1.41956,1.4197,1.00,1.00
2017.03.06 17:06:02.823,1.41954,1.41969,1.00,1.00
2017.03.06 17:06:02.925,1.41954,1.41967,1.00,1.00
2017.03.06 17:06:03.700,1.41953,1.41967,1.00,1.00
2017.03.06 17:06:04.205,1.41951,1.41966,1.50,1.00
2017.03.06 17:06:05.406,1.41949,1.41966,1.50,1.00
2017.03.06 17:06:06.432,1.41949,1.41965,1.50,1.00
2017.03.06 17:06:09.338,1.41951,1.41965,1.00,1.50
2017.03.06 17:06:09.875,1.41952,1.41965,1.00,1.00
2017.03.06 17:06:09.977,1.4195,1.41965,1.12,1.00
2017.03.06 17:06:10.331,1.41952,1.41965,1.00,1.00
2017.03.06 17:06:11.151,1.41951,1.41965,1.00,1.00
2017.03.06 17:06:12.396,1.41952,1.41965,1.00,1.00
2017.03.06 17:06:12.853,1.41954,1.41969,1.50,1.12
2017.03.06 17:06:13.056,1.41952,1.41969,1.75,1.00
2017.03.06 17:06:13.157,1.4195,1.41968,2.25,1.50
2017.03.06 17:06:13.259,1.4195,1.41966,1.75,1.00
2017.03.06 17:06:13.411,1.4195,1.41968,2.25,1.50
2017.03.06 17:06:14.086,1.4195,1.41968,1.87,3.37
2017.03.06 17:06:14.137,1.4195,1.41967,1.50,1.50
2017.03.06 17:06:15.903,1.41953,1.41967,1.00,2.25
2017.03.06 17:06:16.145,1.41951,1.41966,1.50,1.12
2017.03.06 17:06:16.398,1.41949,1.41964,1.50,1.00
2017.03.06 17:06:17.112,1.41945,1.41962,1.75,1.50
2017.03.06 17:06:17.366,1.41943,1.41957,1.12,1.50
2017.03.06 17:06:17.903,1.41944,1.41957,1.00,1.00
2017.03.06 17:06:18.308,1.41944,1.41957,1.03,1.00
2017.03.06 17:06:18.910,1.41944,1.4196,1.03,1.00
2017.03.06 17:06:20.708,1.41944,1.41958,1.03,1.00
2017.03.06 17:06:21.126,1.4195,1.4196,1.00,1.00
2017.03.06 17:06:21.379,1.41953,1.41964,1.05,1.00
2017.03.06 17:06:22.010,1.41953,1.41965,1.05,1.00
2017.03.06 17:06:23.482,1.4195,1.41965,1.16,1.00
2017.03.06 17:06:24.211,1.4195,1.41962,1.16,1.00
2017.03.06 17:06:24.515,1.41951,1.41963,1.22,1.00
2017.03.06 17:06:24.619,1.41951,1.41965,1.22,1.00
2017.03.06 17:06:25.495,1.41951,1.41966,1.22,1.50
2017.03.06 17:06:26.503,1.41951,1.41965,1.22,1.00
2017.03.06 17:06:26.970,1.41951,1.41963,1.22,1.00
2017.03.06 17:06:28.236,1.41951,1.41964,1.22,1.00
2017.03.06 17:06:28.287,1.41948,1.41964,2.47,1.00
2017.03.06 17:06:28.991,1.41951,1.41965,1.00,1.00
2017.03.06 17:06:29.973,1.41949,1.41963,1.87,1.00
2017.03.06 17:06:30.075,1.41949,1.41965,1.87,1.00
2017.03.06 17:06:30.625,1.41949,1.41963,1.87,1.00
2017.03.06 17:06:31.139,1.4195,1.41962,1.50,1.00
2017.03.06 17:06:31.688,1.41949,1.41963,1.50,1.00
2017.03.06 17:06:32.181,1.41949,1.41961,1.50,1.00
2017.03.06 17:06:32.484,1.41949,1.41961,1.12,1.00
2017.03.06 17:06:35.123,1.41948,1.41961,1.00,1.00
2017.03.06 17:06:36.199,1.41946,1.4196,1.50,1.50
2017.03.06 17:06:36.250,1.41946,1.41957,1.50,1.00
2017.03.06 17:06:36.402,1.41942,1.41954,1.12,1.00
2017.03.06 17:06:36.453,1.41942,1.41956,1.12,1.00
2017.03.06 17:06:37.066,1.41942,1.41957,1.12,1.00
2017.03.06 17:06:37.117,1.41942,1.41955,1.12,1.00
2017.03.06 17:06:37.434,1.41944,1.41956,1.00,1.00
2017.03.06 17:06:37.935,1.41944,1.41957,1.00,1.00
2017.03.06 17:06:38.490,1.41945,1.41957,1.00,1.00
2017.03.06 17:06:39.024,1.41945,1.41958,1.00,1.00
2017.03.06 17:06:39.555,1.41944,1.41957,1.00,1.00
2017.03.06 17:06:39.934,1.41944,1.41959,1.00,1.00
2017.03.06 17:06:41.255,1.41945,1.41959,1.00,1.00
2017.03.06 17:06:42.058,1.41945,1.41958,1.00,1.00
2017.03.06 17:06:43.717,1.41946,1.41958,1.00,1.00
2017.03.06 17:06:44.762,1.41947,1.41958,1.00,1.00
2017.03.06 17:06:46.722,1.41948,1.41958,1.00,1.00
2017.03.06 17:06:47.378,1.41948,1.41957,1.00,1.00
2017.03.06 17:06:47.429,1.41948,1.41959,1.00,1.00
2017.03.06 17:06:50.825,1.41948,1.41958,1.00,1.00
2017.03.06 17:06:52.079,1.41946,1.41959,1.12,1.00
2017.03.06 17:06:53.297,1.41946,1.41958,1.12,1.00
2017.03.06 17:06:54.373,1.41946,1.4196,1.12,1.00
2017.03.06 17:06:54.508,1.41946,1.41958,1.12,1.00
2017.03.06 17:06:55.056,1.41947,1.41958,1.00,1.00
2017.03.06 17:06:55.399,1.41947,1.4196,1.37,1.00
2017.03.06 17:06:55.819,1.41947,1.41958,1.37,1.00
2017.03.06 17:06:56.530,1.41946,1.41958,1.00,1.00
2017.03.06 17:06:56.631,1.41947,1.4196,1.25,1.12
2017.03.06 17:06:56.783,1.41943,1.41954,1.56,1.00
2017.03.06 17:06:57.157,1.41942,1.41954,1.37,1.12
2017.03.06 17:06:57.208,1.41942,1.41954,1.12,1.12
2017.03.06 17:06:57.309,1.41939,1.41954,1.50,1.00
2017.03.06 17:06:57.410,1.41939,1.41951,1.50,1.00
2017.03.06 17:06:57.562,1.41939,1.41954,1.00,1.12
2017.03.06 17:06:57.663,1.41938,1.41952,1.12,1.00
2017.03.06 17:06:58.169,1.41939,1.41952,1.00,1.00
2017.03.06 17:06:59.320,1.41944,1.41956,1.00,1.75
2017.03.06 17:06:59.422,1.41944,1.41957,1.00,1.00
2017.03.06 17:07:00.277,1.41945,1.41957,1.00,1.00
2017.03.06 17:07:01.231,1.41945,1.41956,1.00,1.00
2017.03.06 17:07:01.749,1.41944,1.41957,1.50,1.00
2017.03.06 17:07:03.090,1.41941,1.41953,1.87,1.00
2017.03.06 17:07:03.141,1.41941,1.41953,1.00,1.00
2017.03.06 17:07:03.680,1.41941,1.41951,1.12,1.00
2017.03.06 17:07:03.933,1.41941,1.41953,1.12,1.00
2017.03.06 17:07:04.135,1.41939,1.4195,1.37,1.00
2017.03.06 17:07:04.772,1.41939,1.41951,1.50,1.00
2017.03.06 17:07:05.217,1.4194,1.41954,1.50,1.00
2017.03.06 17:07:06.889,1.41939,1.41952,1.50,1.00
2017.03.06 17:07:06.940,1.41942,1.41954,1.00,1.00
2017.03.06 17:07:07.041,1.41944,1.41956,1.00,1.12
2017.03.06 17:07:07.358,1.41941,1.41952,1.00,1.00
2017.03.06 17:07:07.511,1.41938,1.41951,1.50,1.00
2017.03.06 17:07:08.038,1.41938,1.41953,1.12,1.00
2017.03.06 17:07:08.584,1.41939,1.41953,1.00,1.00
2017.03.06 17:07:08.797,1.41939,1.41951,1.00,1.00
2017.03.06 17:07:08.898,1.41939,1.41953,1.00,1.00
2017.03.06 17:07:08.949,1.41939,1.41951,1.00,1.00
2017.03.06 17:07:09.459,1.41938,1.41951,1.50,1.00
2017.03.06 17:07:09.764,1.41941,1.41955,1.37,1.00
2017.03.06 17:07:09.865,1.41941,1.41956,1.00,1.00
2017.03.06 17:07:10.403,1.41941,1.41955,1.00,1.00
2017.03.06 17:07:10.555,1.41944,1.41958,1.00,1.12
2017.03.06 17:07:11.077,1.41944,1.41958,1.37,1.00
2017.03.06 17:07:11.937,1.41944,1.41957,1.37,1.00
2017.03.06 17:07:16.811,1.41943,1.41956,1.37,1.00
2017.03.06 17:07:16.963,1.41943,1.41956,1.12,1.00
2017.03.06 17:07:17.527,1.41943,1.41959,1.00,1.50
2017.03.06 17:07:18.161,1.41943,1.41957,1.00,1.00
2017.03.06 17:07:18.519,1.41941,1.41956,1.12,1.00
2017.03.06 17:07:18.862,1.4194,1.41954,1.12,1.00
2017.03.06 17:07:19.412,1.41943,1.41954,1.00,1.00
2017.03.06 17:07:19.564,1.41943,1.41956,1.00,1.00
2017.03.06 17:07:19.716,1.41943,1.41954,1.00,1.00
2017.03.06 17:07:20.020,1.41938,1.41949,1.00,1.00
2017.03.06 17:07:20.121,1.41938,1.41951,1.00,1.00
2017.03.06 17:07:20.810,1.41937,1.41951,1.00,1.00
2017.03.06 17:07:21.637,1.41935,1.41948,1.87,1.00
2017.03.06 17:07:21.789,1.41936,1.4195,1.00,1.00
2017.03.06 17:07:23.418,1.41936,1.41949,1.50,1.00
2017.03.06 17:07:23.469,1.41936,1.41949,1.87,1.00
2017.03.06 17:07:23.968,1.41936,1.4195,1.50,1.00
2017.03.06 17:07:24.567,1.41936,1.41949,1.50,1.00
2017.03.06 17:07:25.767,1.41938,1.41949,1.00,1.00
2017.03.06 17:07:26.283,1.41938,1.4195,1.00,1.00
2017.03.06 17:07:28.805,1.41938,1.41949,1.00,1.00
2017.03.06 17:07:29.547,1.41936,1.41949,1.00,1.00
2017.03.06 17:07:29.648,1.41936,1.41947,1.00,1.00
2017.03.06 17:07:29.750,1.41933,1.41946,1.37,1.00
2017.03.06 17:07:29.952,1.41936,1.41946,1.00,1.00
2017.03.06 17:07:30.520,1.41933,1.41947,1.50,1.00
2017.03.06 17:07:30.572,1.41933,1.41947,1.75,1.00
2017.03.06 17:07:30.917,1.41937,1.4195,1.50,1.00
2017.03.06 17:07:31.070,1.41937,1.4195,1.50,1.00
2017.03.06 17:07:32.076,1.41936,1.41949,1.50,1.00
2017.03.06 17:07:32.598,1.41935,1.41949,1.50,1.00
2017.03.06 17:07:34.434,1.4194,1.41951,1.00,1.00
2017.03.06 17:07:34.940,1.4194,1.41952,1.00,1.12
2017.03.06 17:07:35.199,1.41938,1.41952,1.50,1.12
2017.03.06 17:07:35.301,1.41938,1.4195,1.12,1.00
2017.03.06 17:07:35.831,1.41938,1.41951,1.12,1.00
2017.03.06 17:07:36.176,1.41934,1.41948,1.75,1.00
2017.03.06 17:07:36.481,1.41929,1.41944,1.87,1.12
2017.03.06 17:07:36.735,1.41931,1.41942,1.50,1.00
2017.03.06 17:07:36.786,1.41931,1.41946,1.37,1.75
2017.03.06 17:07:36.888,1.41933,1.41948,1.12,1.75
2017.03.06 17:07:37.419,1.41933,1.41947,2.25,1.00
2017.03.06 17:07:37.738,1.41933,1.41944,1.50,1.00
2017.03.06 17:07:38.041,1.4193,1.41942,1.50,1.00
2017.03.06 17:07:38.092,1.41933,1.41945,1.37,1.00
2017.03.06 17:07:38.603,1.41933,1.41944,1.87,1.00
2017.03.06 17:07:39.024,1.41936,1.41947,1.37,1.00
2017.03.06 17:07:39.227,1.41939,1.41951,1.00,1.00
2017.03.06 17:07:39.328,1.41939,1.41953,1.37,1.00
2017.03.06 17:07:39.379,1.41939,1.4195,1.00,1.00
2017.03.06 17:07:39.670,1.41939,1.41953,1.00,1.00
2017.03.06 17:07:40.175,1.4194,1.41953,1.12,1.00
2017.03.06 17:07:40.226,1.4194,1.41951,1.12,1.00
2017.03.06 17:07:40.378,1.4194,1.41953,1.12,1.00
2017.03.06 17:07:40.632,1.41943,1.41952,1.00,1.00
2017.03.06 17:07:40.827,1.41944,1.41956,1.37,1.00
2017.03.06 17:07:41.461,1.41944,1.41957,1.00,1.00
2017.03.06 17:07:41.684,1.41944,1.41959,1.00,1.00
2017.03.06 17:07:42.271,1.41944,1.41958,1.00,1.00
2017.03.06 17:07:42.373,1.41946,1.41956,1.00,1.00
2017.03.06 17:07:42.424,1.41946,1.4196,1.00,1.00
2017.03.06 17:07:42.526,1.41947,1.41962,1.00,1.00
2017.03.06 17:07:42.626,1.41947,1.41962,1.12,1.00
2017.03.06 17:07:42.936,1.41947,1.41959,1.00,1.00
2017.03.06 17:07:43.517,1.41947,1.41961,1.50,1.00
2017.03.06 17:07:45.032,1.41947,1.41962,1.35,1.00
2017.03.06 17:07:45.755,1.41947,1.41963,1.35,1.00
2017.03.06 17:07:46.748,1.41947,1.41962,1.35,1.00
2017.03.06 17:07:47.106,1.41947,1.4196,1.35,1.00
2017.03.06 17:07:48.955,1.41947,1.41963,2.62,1.00
2017.03.06 17:07:49.006,1.41949,1.41963,1.00,1.00
2017.03.06 17:07:49.529,1.41949,1.41962,1.00,1.00
2017.03.06 17:07:50.042,1.41949,1.41961,1.00,1.00
2017.03.06 17:07:50.571,1.41949,1.41962,1.00,1.00
2017.03.06 17:07:51.112,1.41949,1.41961,1.00,1.00
2017.03.06 17:07:51.763,1.41949,1.41962,1.00,1.05
2017.03.06 17:07:52.483,1.41949,1.41962,1.00,1.03
2017.03.06 17:07:53.043,1.41949,1.41959,1.00,1.00
2017.03.06 17:07:54.133,1.41948,1.41959,1.00,1.00
2017.03.06 17:07:54.743,1.41949,1.4196,1.00,1.30
2017.03.06 17:07:55.948,1.41948,1.4196,1.00,1.30
2017.03.06 17:07:57.026,1.41949,1.4196,1.00,1.30
2017.03.06 17:07:57.532,1.41949,1.41961,1.00,1.00
2017.03.06 17:07:58.065,1.41949,1.41962,1.00,1.00
2017.03.06 17:07:58.679,1.41948,1.41962,1.00,1.00
2017.03.06 17:07:59.273,1.41948,1.41963,1.00,1.30
2017.03.06 17:07:59.577,1.41948,1.4196,1.00,1.00
2017.03.06 17:08:00.850,1.41948,1.41959,1.00,1.00
2017.03.06 17:08:01.286,1.41948,1.4196,1.75,1.00
2017.03.06 17:08:01.815,1.41948,1.41962,1.75,1.00
2017.03.06 17:08:03.165,1.41947,1.41961,2.25,1.00
2017.03.06 17:08:03.782,1.41947,1.41963,2.25,1.30
2017.03.06 17:08:05.365,1.41948,1.41963,1.12,1.30
2017.03.06 17:08:05.800,1.41948,1.41961,1.12,1.00
2017.03.06 17:08:06.972,1.41948,1.41961,1.00,1.22
2017.03.06 17:08:09.503,1.41945,1.41959,3.37,1.00
2017.03.06 17:08:10.014,1.41945,1.4196,1.50,1.00
2017.03.06 17:08:10.380,1.41945,1.41957,1.00,1.00
2017.03.06 17:08:10.897,1.41944,1.41957,1.12,1.00
2017.03.06 17:08:11.506,1.41943,1.41957,1.50,1.00
2017.03.06 17:08:11.818,1.41943,1.41955,1.50,1.00
2017.03.06 17:08:12.323,1.41944,1.41956,1.00,1.00
2017.03.06 17:08:13.087,1.41944,1.41955,1.00,1.00
2017.03.06 17:08:13.777,1.41944,1.41956,1.00,1.00
2017.03.06 17:08:14.278,1.41944,1.41955,1.00,1.00
2017.03.06 17:08:15.016,1.41944,1.41956,1.00,1.00
2017.03.06 17:08:15.558,1.41943,1.41955,1.50,1.00
2017.03.06 17:08:15.876,1.41946,1.41954,1.00,1.00
2017.03.06 17:08:15.977,1.41946,1.41956,1.00,1.00
2017.03.06 17:08:16.281,1.41945,1.41954,1.00,1.00
2017.03.06 17:08:16.332,1.41943,1.41954,1.00,1.00
2017.03.06 17:08:16.484,1.41943,1.41956,1.00,1.00
2017.03.06 17:08:16.535,1.41943,1.41954,1.00,1.00
2017.03.06 17:08:16.636,1.41943,1.41956,1.00,1.00
2017.03.06 17:08:17.002,1.41946,1.4196,1.00,1.50
2017.03.06 17:08:17.306,1.41948,1.4196,1.12,1.00
2017.03.06 17:08:17.808,1.41948,1.41961,1.12,1.00
2017.03.06 17:08:19.768,1.41948,1.41963,1.12,1.00
2017.03.06 17:08:19.899,1.41948,1.41961,1.12,1.00
2017.03.06 17:08:20.415,1.41948,1.41962,1.12,1.00
2017.03.06 17:08:20.764,1.41946,1.41959,1.37,1.00
2017.03.06 17:08:20.815,1.41946,1.41959,1.00,1.00
2017.03.06 17:08:21.991,1.41946,1.41958,1.00,1.00
2017.03.06 17:08:22.245,1.41943,1.41953,2.62,1.00
2017.03.06 17:08:22.399,1.4194,1.41952,1.87,1.00
2017.03.06 17:08:23.542,1.41941,1.41953,1.87,1.00
2017.03.06 17:08:23.593,1.41944,1.41956,1.37,1.00
2017.03.06 17:08:23.744,1.41945,1.41959,1.75,1.00
2017.03.06 17:08:23.795,1.41945,1.41959,1.37,1.00
2017.03.06 17:08:24.339,1.41946,1.41959,1.37,1.00
2017.03.06 17:08:24.704,1.41947,1.41957,1.00,1.00
2017.03.06 17:08:25.007,1.41947,1.41959,1.75,1.00
2017.03.06 17:08:25.516,1.41947,1.4196,1.75,1.00
2017.03.06 17:08:26.019,1.41948,1.41961,1.50,1.00
2017.03.06 17:08:26.323,1.41945,1.41959,1.12,1.00
2017.03.06 17:08:26.879,1.41945,1.4196,1.12,1.00
2017.03.06 17:08:29.171,1.41947,1.41961,1.12,1.00
2017.03.06 17:08:29.716,1.41947,1.41959,1.12,1.00
2017.03.06 17:08:30.504,1.41945,1.41958,1.37,1.00
2017.03.06 17:08:34.255,1.41945,1.41958,1.12,1.00
2017.03.06 17:08:36.965,1.41944,1.41958,1.75,1.00
2017.03.06 17:08:38.085,1.41943,1.41957,1.87,1.00
2017.03.06 17:08:42.190,1.41943,1.41956,1.87,1.00
2017.03.06 17:08:43.206,1.41945,1.41953,1.00,1.00
2017.03.06 17:08:43.308,1.41945,1.41956,1.00,1.12
2017.03.06 17:08:43.359,1.41945,1.41953,1.00,1.00
2017.03.06 17:08:43.498,1.41941,1.41952,1.12,1.00
2017.03.06 17:08:43.651,1.41939,1.41954,1.75,1.00
2017.03.06 17:08:43.919,1.41941,1.41952,1.12,1.00
2017.03.06 17:08:44.223,1.41942,1.41955,1.50,1.00
2017.03.06 17:08:44.432,1.41942,1.41951,1.00,1.00
2017.03.06 17:08:44.735,1.41937,1.4195,1.75,1.00
2017.03.06 17:08:45.245,1.41937,1.41948,1.75,1.00
2017.03.06 17:08:45.649,1.41937,1.4195,2.25,1.00
2017.03.06 17:08:45.700,1.41937,1.41948,2.25,1.00
2017.03.06 17:08:45.852,1.41937,1.4195,2.25,1.00
2017.03.06 17:08:46.175,1.41937,1.41949,1.00,1.00
2017.03.06 17:08:46.776,1.41937,1.41948,1.00,1.00
2017.03.06 17:08:47.378,1.41935,1.41947,1.00,1.00
2017.03.06 17:08:47.947,1.41934,1.41947,1.87,1.00
2017.03.06 17:08:48.027,1.41933,1.41945,1.50,1.00
2017.03.06 17:08:49.060,1.41933,1.41944,2.25,1.00
2017.03.06 17:08:49.212,1.41933,1.41946,1.50,1.00
2017.03.06 17:08:49.314,1.41935,1.4195,1.00,1.50
2017.03.06 17:08:49.515,1.41936,1.41947,1.00,1.00
2017.03.06 17:08:50.020,1.41936,1.41948,1.12,1.00
2017.03.06 17:08:50.405,1.41936,1.41951,1.87,1.00
2017.03.06 17:08:50.797,1.41936,1.41949,1.12,1.00
2017.03.06 17:08:52.017,1.41937,1.41949,1.00,1.00
2017.03.06 17:08:52.553,1.41937,1.41948,1.50,1.00
2017.03.06 17:08:53.183,1.41937,1.4195,1.50,1.00
2017.03.06 17:08:53.721,1.41937,1.41949,1.00,1.00
2017.03.06 17:08:54.410,1.41937,1.4195,1.00,1.00
2017.03.06 17:09:00.350,1.41942,1.41952,1.00,1.00
2017.03.06 17:09:00.401,1.4194,1.41955,1.00,1.12
2017.03.06 17:09:00.705,1.4194,1.41953,1.50,1.00
2017.03.06 17:09:00.806,1.4194,1.41957,1.50,1.12
2017.03.06 17:09:01.249,1.4194,1.41955,1.50,1.00
2017.03.06 17:09:01.687,1.41936,1.41949,2.25,1.00
2017.03.06 17:09:01.832,1.41935,1.41947,1.00,1.00
2017.03.06 17:09:02.341,1.41934,1.41946,1.12,1.00
2017.03.06 17:09:02.442,1.41934,1.4195,1.12,1.87
2017.03.06 17:09:02.859,1.41934,1.41947,1.12,1.00
2017.03.06 17:09:03.952,1.41934,1.41949,1.12,1.12
2017.03.06 17:09:04.004,1.41934,1.41947,1.12,1.00
2017.03.06 17:09:04.211,1.41934,1.4195,1.12,1.87
2017.03.06 17:09:06.107,1.41936,1.41949,1.00,1.12
2017.03.06 17:09:06.461,1.41936,1.41951,1.00,1.87
2017.03.06 17:09:06.512,1.41936,1.41949,1.12,1.00
2017.03.06 17:09:08.318,1.41936,1.4195,1.12,1.00
2017.03.06 17:09:09.455,1.41936,1.41952,1.12,1.37
2017.03.06 17:09:09.973,1.41937,1.41951,1.00,1.00
2017.03.06 17:09:10.488,1.41935,1.41949,2.25,1.00
2017.03.06 17:09:11.206,1.41935,1.41949,1.12,1.12
2017.03.06 17:09:11.628,1.41935,1.41947,1.00,1.00
2017.03.06 17:09:12.713,1.41937,1.41946,1.00,1.00
2017.03.06 17:09:14.088,1.41938,1.41946,1.00,1.00
2017.03.06 17:09:14.683,1.41937,1.41946,1.50,1.00
2017.03.06 17:09:14.834,1.41939,1.41949,1.00,1.00
2017.03.06 17:09:15.427,1.41938,1.41949,1.00,1.00
2017.03.06 17:09:17.279,1.41938,1.41951,1.00,1.12
2017.03.06 17:09:19.614,1.41939,1.41951,1.00,1.00
2017.03.06 17:09:21.926,1.41939,1.4195,1.00,1.00
2017.03.06 17:09:22.291,1.41939,1.41952,1.00,1.00
2017.03.06 17:09:22.605,1.41937,1.41951,1.50,1.00
2017.03.06 17:09:22.757,1.41938,1.41948,1.00,1.00
2017.03.06 17:09:22.909,1.41934,1.41946,1.00,1.00
2017.03.06 17:09:22.960,1.41934,1.41948,1.00,1.00
2017.03.06 17:09:23.251,1.41936,1.41948,1.00,1.00
2017.03.06 17:09:23.756,1.41935,1.41949,1.00,1.12
2017.03.06 17:09:24.318,1.41936,1.41949,1.00,1.12
2017.03.06 17:09:24.922,1.41936,1.41948,1.00,1.00
2017.03.06 17:09:25.448,1.41936,1.41947,1.00,1.00
2017.03.06 17:09:25.650,1.41933,1.41947,1.87,1.00
2017.03.06 17:09:28.873,1.41934,1.41947,1.00,1.00
2017.03.06 17:09:29.386,1.41935,1.41947,1.00,1.00
2017.03.06 17:09:30.188,1.41934,1.41947,1.50,1.00
2017.03.06 17:09:32.190,1.41934,1.41946,1.00,1.00
2017.03.06 17:09:32.357,1.41934,1.41948,1.50,1.00
2017.03.06 17:09:32.622,1.41934,1.41946,1.50,1.00
2017.03.06 17:09:32.673,1.41934,1.41948,1.00,1.00
2017.03.06 17:09:33.061,1.41934,1.41946,1.00,1.00
2017.03.06 17:09:33.286,1.41934,1.41948,1.00,1.00
2017.03.06 17:09:33.419,1.41933,1.41945,1.87,1.00
2017.03.06 17:09:34.010,1.41933,1.41946,1.12,1.00
2017.03.06 17:09:34.703,1.41933,1.41945,1.12,1.00
2017.03.06 17:09:35.247,1.41934,1.41946,1.00,1.12
2017.03.06 17:09:35.801,1.41934,1.41945,1.00,1.00
2017.03.06 17:09:36.699,1.41934,1.41946,1.00,1.00
2017.03.06 17:09:37.560,1.41934,1.41947,1.00,1.00
2017.03.06 17:09:38.624,1.41934,1.41946,1.00,1.00
2017.03.06 17:09:40.664,1.41934,1.41947,1.00,1.00
2017.03.06 17:09:43.903,1.41935,1.41947,1.00,1.00
2017.03.06 17:09:45.806,1.41936,1.41947,1.00,1.00
2017.03.06 17:09:45.857,1.41939,1.41951,1.00,1.12
2017.03.06 17:09:46.320,1.41939,1.41953,1.87,1.12
2017.03.06 17:09:46.877,1.41939,1.41952,1.87,1.00
2017.03.06 17:09:47.427,1.41941,1.41952,1.00,1.00
2017.03.06 17:09:47.948,1.41941,1.41952,1.50,1.00
2017.03.06 17:09:48.559,1.41941,1.41953,1.50,1.12
2017.03.06 17:09:49.484,1.41944,1.41959,2.62,3.37
2017.03.06 17:09:49.687,1.41952,1.41963,1.87,1.75
2017.03.06 17:09:49.792,1.41953,1.41963,1.12,1.00
2017.03.06 17:09:50.047,1.41951,1.41964,1.75,1.00
2017.03.06 17:09:50.249,1.41951,1.41963,1.87,1.00
2017.03.06 17:09:50.759,1.41952,1.41964,1.50,1.00
2017.03.06 17:09:51.729,1.41952,1.41965,1.50,1.00
2017.03.06 17:09:52.279,1.41954,1.41964,1.00,1.00
2017.03.06 17:09:54.845,1.4195,1.41959,1.50,1.00
2017.03.06 17:09:54.946,1.41947,1.41958,1.87,1.00
2017.03.06 17:09:55.148,1.41947,1.4196,1.50,1.00
2017.03.06 17:09:55.700,1.41947,1.41959,1.50,1.00
2017.03.06 17:09:56.453,1.41945,1.41958,1.75,1.00
2017.03.06 17:09:57.753,1.41944,1.41954,1.75,1.00
2017.03.06 17:09:57.854,1.4194,1.4195,1.50,1.00
2017.03.06 17:09:57.987,1.41938,1.41949,1.00,1.00
2017.03.06 17:09:58.322,1.41939,1.41953,1.12,1.12
2017.03.06 17:09:58.373,1.41939,1.41953,1.87,1.00
2017.03.06 17:09:58.576,1.41937,1.41951,1.75,1.00
2017.03.06 17:09:58.980,1.41937,1.41951,1.87,1.00
2017.03.06 17:09:59.507,1.41937,1.4195,1.37,1.00
2017.03.06 17:10:00.385,1.41937,1.4195,1.00,1.00
2017.03.06 17:10:01.631,1.41939,1.4195,1.00,1.00
2017.03.06 17:10:01.682,1.41941,1.41955,1.00,1.00
2017.03.06 17:10:01.956,1.41938,1.41955,1.50,1.00
2017.03.06 17:10:02.514,1.41936,1.41953,2.62,1.00
2017.03.06 17:10:02.818,1.41935,1.41949,1.50,1.00
2017.03.06 17:10:03.155,1.41934,1.41947,1.37,1.00
2017.03.06 17:10:03.408,1.41932,1.41949,1.87,1.00
2017.03.06 17:10:03.560,1.41932,1.41946,1.87,1.00
2017.03.06 17:10:03.689,1.41932,1.41947,1.12,1.00
2017.03.06 17:10:03.791,1.41932,1.41949,4.12,1.00
2017.03.06 17:10:03.993,1.41933,1.4195,2.62,1.00
2017.03.06 17:10:04.499,1.41937,1.41949,1.00,1.00
2017.03.06 17:10:04.550,1.41933,1.4195,2.62,1.12
2017.03.06 17:10:04.752,1.41933,1.41948,3.00,1.00
2017.03.06 17:10:05.055,1.41931,1.41946,1.75,1.00
2017.03.06 17:10:05.157,1.41931,1.41946,1.50,1.00
2017.03.06 17:10:05.731,1.41929,1.41947,3.00,1.00
2017.03.06 17:10:06.244,1.41931,1.41948,1.12,1.12
2017.03.06 17:10:06.801,1.41931,1.41947,1.87,1.00
2017.03.06 17:10:06.960,1.41933,1.4195,1.00,1.50
2017.03.06 17:10:07.011,1.41934,1.4195,1.12,1.12
2017.03.06 17:10:07.113,1.41936,1.4195,1.37,1.00
2017.03.06 17:10:07.462,1.41941,1.41955,1.12,1.00
2017.03.06 17:10:07.514,1.41941,1.41955,1.37,1.00
2017.03.06 17:10:07.565,1.41942,1.41957,1.50,1.00
2017.03.06 17:10:07.616,1.41942,1.41955,1.12,1.00
2017.03.06 17:10:08.121,1.41942,1.41956,1.50,1.00
2017.03.06 17:10:08.324,1.41942,1.41958,3.75,1.00
2017.03.06 17:10:08.425,1.41943,1.4196,1.87,1.00
2017.03.06 17:10:09.036,1.41946,1.4196,1.00,1.00
2017.03.06 17:10:09.087,1.41946,1.41963,1.00,1.37
2017.03.06 17:10:09.471,1.41945,1.4196,1.12,1.00
2017.03.06 17:10:10.038,1.41943,1.41959,1.50,1.00
2017.03.06 17:10:10.651,1.41943,1.41958,1.50,1.00
2017.03.06 17:10:11.737,1.41941,1.41957,2.25,1.00
2017.03.06 17:10:12.502,1.41941,1.41959,2.25,1.00
2017.03.06 17:10:13.767,1.41941,1.41958,2.25,1.00
2017.03.06 17:10:13.869,1.41947,1.41961,1.00,1.00
2017.03.06 17:10:13.919,1.41949,1.41962,1.00,1.12
2017.03.06 17:10:14.021,1.4195,1.41964,1.12,1.12
2017.03.06 17:10:14.549,1.4195,1.41963,1.75,1.00
2017.03.06 17:10:14.848,1.41949,1.41965,2.25,1.00
2017.03.06 17:10:15.000,1.41949,1.41963,2.25,1.00
2017.03.06 17:10:15.502,1.4195,1.41964,1.75,1.00
2017.03.06 17:10:16.113,1.4195,1.41965,1.75,1.00
2017.03.06 17:10:16.657,1.4195,1.41966,1.75,1.00
2017.03.06 17:10:16.938,1.4195,1.41968,1.75,1.00
2017.03.06 17:10:17.041,1.4195,1.41963,2.25,1.00
2017.03.06 17:10:17.383,1.41951,1.41965,3.75,1.00
2017.03.06 17:10:17.485,1.41949,1.41963,1.75,1.00
2017.03.06 17:10:17.694,1.41949,1.41962,1.50,1.00
2017.03.06 17:10:17.897,1.41949,1.41965,1.50,1.00
2017.03.06 17:10:17.948,1.41949,1.41963,1.50,1.00
2017.03.06 17:10:18.688,1.41949,1.41964,1.50,1.00
2017.03.06 17:10:19.223,1.4195,1.41965,1.37,1.00
2017.03.06 17:10:23.235,1.41952,1.41966,1.12,1.00
2017.03.06 17:10:24.025,1.41952,1.41965,1.12,1.00
2017.03.06 17:10:25.946,1.41952,1.41963,1.12,1.00
2017.03.06 17:10:28.789,1.41951,1.41963,1.99,1.00
2017.03.06 17:10:30.023,1.41951,1.41964,1.99,1.00
2017.03.06 17:10:35.282,1.41951,1.41966,2.74,1.00
2017.03.06 17:10:35.800,1.41952,1.41966,1.61,1.00
2017.03.06 17:10:37.086,1.41952,1.41966,1.61,1.00
2017.03.06 17:10:38.083,1.41952,1.41964,2.36,1.00
2017.03.06 17:10:38.395,1.41946,1.41954,1.00,1.00
2017.03.06 17:10:38.497,1.41941,1.41954,1.99,1.00
2017.03.06 17:10:38.599,1.4194,1.41956,2.36,1.00
2017.03.06 17:10:38.650,1.41947,1.41957,1.00,1.12
2017.03.06 17:10:38.954,1.41949,1.4196,1.05,1.00
2017.03.06 17:10:39.004,1.41949,1.41964,1.05,1.00
2017.03.06 17:10:39.415,1.41951,1.41963,1.12,1.00
2017.03.06 17:10:40.321,1.41951,1.41964,1.12,1.00
2017.03.06 17:10:41.118,1.41954,1.41967,1.00,1.00
2017.03.06 17:10:41.523,1.41954,1.41969,1.50,1.00
2017.03.06 17:10:41.574,1.41954,1.41967,1.50,1.00
2017.03.06 17:10:42.104,1.41954,1.41967,1.00,1.00
2017.03.06 17:10:43.447,1.41955,1.41968,1.00,1.00
2017.03.06 17:10:44.104,1.41954,1.41966,1.50,1.00
2017.03.06 17:10:44.458,1.41952,1.41965,1.12,1.00
2017.03.06 17:10:44.509,1.41952,1.41966,1.75,1.00
2017.03.06 17:10:46.120,1.41953,1.41966,1.00,1.00
2017.03.06 17:10:46.657,1.41953,1.41966,1.50,1.00
2017.03.06 17:10:47.181,1.41953,1.41966,1.12,1.00
2017.03.06 17:10:47.699,1.41953,1.41966,1.50,1.00
2017.03.06 17:10:48.242,1.41953,1.41966,1.00,1.00
2017.03.06 17:10:48.945,1.41957,1.4197,1.00,1.37
2017.03.06 17:10:49.148,1.41959,1.41972,1.00,1.00
2017.03.06 17:10:49.199,1.41957,1.41971,1.12,1.00
2017.03.06 17:10:49.384,1.41956,1.41969,2.25,1.00
2017.03.06 17:10:49.485,1.41957,1.41971,1.00,1.00
2017.03.06 17:10:49.788,1.41956,1.41969,1.50,1.00
2017.03.06 17:10:49.840,1.41956,1.41971,1.50,1.00
2017.03.06 17:10:49.890,1.41956,1.41968,1.50,1.00
2017.03.06 17:10:50.351,1.41956,1.4197,1.50,1.00
2017.03.06 17:10:50.869,1.41957,1.4197,1.00,1.00
2017.03.06 17:10:51.236,1.41956,1.41968,1.50,1.00
2017.03.06 17:10:51.542,1.41956,1.41971,1.50,1.12
2017.03.06 17:10:51.593,1.41956,1.41969,1.50,1.00
2017.03.06 17:10:51.932,1.41952,1.41965,2.25,1.12
2017.03.06 17:10:52.034,1.4195,1.41962,1.50,1.00
2017.03.06 17:10:52.135,1.4195,1.41965,1.00,1.12
2017.03.06 17:10:52.651,1.4195,1.41965,1.00,1.50
2017.03.06 17:10:52.809,1.4195,1.41962,1.00,1.00
2017.03.06 17:10:52.998,1.41944,1.41961,3.00,1.00
2017.03.06 17:10:53.201,1.41944,1.4196,1.50,1.00
2017.03.06 17:10:53.417,1.41947,1.41961,1.00,1.00
2017.03.06 17:10:54.215,1.41946,1.41959,1.00,1.00
2017.03.06 17:10:54.860,1.41947,1.4196,1.00,1.00
2017.03.06 17:10:55.120,1.41946,1.41963,1.12,1.12
2017.03.06 17:10:55.172,1.41946,1.41959,1.12,1.00
2017.03.06 17:10:55.798,1.41947,1.4196,1.00,1.00
2017.03.06 17:10:55.849,1.41947,1.41962,1.00,1.00
2017.03.06 17:10:58.056,1.41947,1.4196,1.00,1.00
2017.03.06 17:10:58.541,1.41947,1.41958,1.00,1.00
2017.03.06 17:10:59.472,1.41947,1.41961,1.00,1.00
2017.03.06 17:11:00.224,1.41945,1.41959,1.50,1.00
2017.03.06 17:11:00.326,1.41943,1.41958,1.50,1.00
2017.03.06 17:11:00.490,1.41943,1.4196,1.50,1.12
2017.03.06 17:11:00.543,1.41943,1.41958,1.00,1.12
2017.03.06 17:11:03.612,1.41943,1.41955,1.50,1.00
2017.03.06 17:11:04.158,1.41944,1.41955,1.00,1.00
2017.03.06 17:11:05.178,1.41942,1.4195,1.00,1.00
2017.03.06 17:11:05.374,1.41939,1.4195,1.00,1.00
2017.03.06 17:11:05.425,1.41939,1.41955,1.00,1.50
2017.03.06 17:11:05.578,1.4194,1.41951,1.00,1.00
2017.03.06 17:11:05.679,1.41939,1.41953,1.12,1.00
2017.03.06 17:11:05.831,1.41939,1.41957,1.75,2.62
2017.03.06 17:11:05.882,1.41941,1.41953,1.12,1.12
2017.03.06 17:11:05.983,1.41939,1.41952,1.50,1.00
2017.03.06 17:11:06.034,1.41939,1.41954,1.50,1.00
2017.03.06 17:11:06.085,1.4194,1.41952,1.00,1.00
2017.03.06 17:11:06.237,1.4194,1.41954,1.00,1.12
2017.03.06 17:11:06.288,1.4194,1.41952,1.00,1.00
2017.03.06 17:11:06.821,1.4194,1.41951,1.00,1.00
2017.03.06 17:11:07.231,1.4194,1.41956,1.00,3.37
2017.03.06 17:11:08.438,1.4194,1.41954,1.00,1.00
2017.03.06 17:11:08.539,1.4194,1.41952,1.00,1.00
2017.03.06 17:11:09.051,1.41941,1.41952,1.00,1.00
2017.03.06 17:11:09.555,1.41942,1.41955,1.00,1.50
2017.03.06 17:11:10.070,1.41943,1.41955,1.00,1.00
2017.03.06 17:11:10.282,1.41943,1.41951,1.00,1.00
2017.03.06 17:11:10.435,1.41942,1.41954,1.00,1.00
2017.03.06 17:11:10.486,1.41938,1.41953,1.12,1.00
2017.03.06 17:11:11.072,1.4194,1.41953,1.50,1.00
2017.03.06 17:11:11.174,1.41942,1.41957,2.25,1.00
2017.03.06 17:11:11.681,1.41942,1.41956,1.50,1.00
2017.03.06 17:11:11.732,1.41942,1.41959,1.50,1.12
2017.03.06 17:11:11.783,1.41942,1.41957,2.25,1.00
2017.03.06 17:11:12.038,1.4194,1.41955,1.87,1.00
2017.03.06 17:11:14.774,1.4194,1.41953,1.12,1.00
2017.03.06 17:11:15.373,1.4194,1.41954,1.12,1.00
2017.03.06 17:11:15.685,1.41938,1.4195,2.25,1.00
2017.03.06 17:11:15.786,1.41938,1.41951,1.00,1.00
2017.03.06 17:11:16.241,1.41936,1.41948,2.25,1.00
2017.03.06 17:11:16.730,1.41936,1.41951,1.00,1.00
2017.03.06 17:11:17.179,1.41936,1.41954,1.50,2.62
2017.03.06 17:11:17.281,1.41936,1.41951,1.50,1.00
2017.03.06 17:11:17.782,1.41937,1.41951,1.00,1.00
2017.03.06 17:11:20.028,1.41937,1.41953,1.00,1.00
2017.03.06 17:11:20.140,1.41937,1.41951,1.00,1.00
2017.03.06 17:11:21.036,1.41938,1.4195,1.00,1.00
2017.03.06 17:11:21.087,1.41939,1.41952,1.00,1.00
2017.03.06 17:11:21.481,1.41939,1.4195,1.50,1.00
2017.03.06 17:11:21.632,1.41939,1.41952,1.00,1.00
2017.03.06 17:11:22.356,1.41939,1.41951,1.00,1.00
2017.03.06 17:11:24.175,1.41942,1.41956,1.00,1.50
2017.03.06 17:11:24.630,1.41943,1.41958,1.00,1.50
2017.03.06 17:11:25.327,1.41942,1.41957,1.50,1.00
2017.03.06 17:11:25.772,1.41942,1.41955,1.50,1.00
2017.03.06 17:11:26.194,1.41941,1.41952,1.12,1.00
2017.03.06 17:11:26.398,1.41938,1.4195,1.00,1.00
2017.03.06 17:11:26.846,1.41937,1.41952,1.00,1.00
2017.03.06 17:11:27.279,1.4194,1.41951,1.00,1.00
2017.03.06 17:11:27.906,1.4194,1.4195,1.00,1.00
2017.03.06 17:11:28.428,1.4194,1.41951,1.00,1.00
2017.03.06 17:11:29.041,1.4194,1.4195,1.00,1.00
2017.03.06 17:11:29.569,1.4194,1.41949,1.00,1.00
2017.03.06 17:11:30.703,1.4194,1.4195,1.00,1.00
2017.03.06 17:11:32.330,1.4194,1.41951,1.00,1.00
2017.03.06 17:11:32.872,1.4194,1.4195,1.00,1.00
2017.03.06 17:11:35.464,1.41943,1.4195,1.00,1.00
2017.03.06 17:11:37.204,1.41943,1.41951,1.00,1.00
2017.03.06 17:11:37.601,1.41939,1.4195,1.87,1.00
2017.03.06 17:11:37.804,1.41943,1.4195,1.00,1.00
2017.03.06 17:11:37.905,1.41938,1.41952,1.69,1.00
2017.03.06 17:11:38.570,1.41937,1.4195,3.56,1.00
2017.03.06 17:11:39.211,1.41937,1.41951,3.56,1.00
2017.03.06 17:11:39.611,1.41938,1.41949,1.31,1.00
2017.03.06 17:11:39.935,1.41937,1.41952,2.81,1.00
2017.03.06 17:11:40.607,1.41937,1.4195,2.81,1.00
2017.03.06 17:11:40.709,1.41937,1.41952,3.56,1.00
2017.03.06 17:11:41.089,1.41937,1.4195,3.56,1.00
2017.03.06 17:11:41.291,1.41939,1.41952,1.56,1.00
2017.03.06 17:11:41.809,1.4194,1.41953,2.81,1.00
2017.03.06 17:11:42.554,1.41941,1.41954,1.69,1.00
2017.03.06 17:11:43.956,1.41941,1.41955,2.06,1.00
2017.03.06 17:11:44.108,1.41941,1.41956,2.81,1.00
2017.03.06 17:11:44.159,1.41946,1.41959,1.56,1.50
2017.03.06 17:11:44.311,1.41948,1.41961,1.87,1.00
2017.03.06 17:11:44.858,1.41948,1.41962,1.87,1.00
2017.03.06 17:11:47.471,1.41948,1.4196,1.87,1.00
2017.03.06 17:11:47.774,1.41944,1.41957,1.56,1.00
2017.03.06 17:11:48.179,1.41945,1.41958,2.81,1.00
2017.03.06 17:11:48.582,1.41945,1.41959,2.81,1.00
2017.03.06 17:11:48.683,1.41945,1.41959,2.62,1.00
2017.03.06 17:11:49.206,1.41948,1.41962,1.75,1.75
2017.03.06 17:11:49.308,1.41951,1.41965,1.75,1.50
2017.03.06 17:11:49.914,1.41951,1.41965,1.75,1.00
2017.03.06 17:11:50.505,1.4195,1.41965,3.37,1.00
2017.03.06 17:11:51.979,1.4195,1.41964,3.37,1.00
2017.03.06 17:11:52.275,1.4195,1.41967,3.37,1.12
2017.03.06 17:11:52.326,1.4195,1.41965,2.81,1.00
2017.03.06 17:11:53.252,1.4195,1.41964,1.56,1.00
2017.03.06 17:11:53.687,1.4195,1.41963,1.75,1.00
2017.03.06 17:11:54.228,1.4195,1.41964,1.75,1.00
2017.03.06 17:11:54.815,1.41949,1.41964,2.62,1.00
2017.03.06 17:11:56.968,1.4195,1.41965,1.75,1.00
2017.03.06 17:11:57.221,1.41951,1.41967,2.25,1.12
2017.03.06 17:11:57.366,1.41951,1.41965,2.62,1.00
2017.03.06 17:12:00.054,1.41951,1.41967,2.62,1.00
2017.03.06 17:12:00.156,1.41951,1.41965,1.87,1.00
2017.03.06 17:12:01.091,1.41951,1.41961,1.87,1.00
2017.03.06 17:12:01.142,1.41951,1.41963,1.87,1.00
2017.03.06 17:12:01.624,1.41951,1.41966,1.87,1.00
2017.03.06 17:12:01.894,1.41951,1.41964,2.62,1.00
2017.03.06 17:12:02.475,1.41951,1.41963,1.87,1.00
2017.03.06 17:12:03.521,1.41951,1.41962,1.87,1.00
2017.03.06 17:12:04.066,1.41952,1.41962,1.31,1.00
2017.03.06 17:12:05.316,1.41952,1.41964,1.31,1.00
2017.03.06 17:12:06.429,1.41952,1.41965,1.31,1.00
2017.03.06 17:12:06.581,1.41953,1.41963,1.12,1.00
2017.03.06 17:12:06.979,1.41953,1.41968,1.12,1.87
2017.03.06 17:12:08.275,1.41954,1.4197,1.50,1.50
2017.03.06 17:12:08.327,1.41954,1.41972,1.75,3.00
2017.03.06 17:12:08.631,1.41951,1.41967,1.12,1.37
2017.03.06 17:12:09.059,1.41965,1.4197,1.35,1.00
2017.03.06 17:12:09.262,1.41977,1.41991,1.75,1.00
2017.03.06 17:12:09.313,1.41977,1.41988,1.75,1.37
2017.03.06 17:12:09.415,1.41971,1.41988,1.35,1.50
2017.03.06 17:12:09.466,1.41968,1.41987,5.10,1.87
2017.03.06 17:12:09.517,1.41968,1.41987,2.10,1.87
2017.03.06 17:12:09.812,1.41968,1.41985,1.35,1.37
2017.03.06 17:12:10.637,1.41968,1.41987,2.10,2.62
2017.03.06 17:12:12.112,1.41969,1.41986,1.22,1.00
2017.03.06 17:12:12.625,1.41971,1.41987,1.22,1.00
2017.03.06 17:12:13.233,1.41971,1.41988,1.22,1.12
2017.03.06 17:12:13.785,1.41971,1.41988,1.22,1.37
2017.03.06 17:12:16.291,1.41974,1.41988,1.22,1.00
2017.03.06 17:12:16.809,1.41974,1.41989,1.22,2.25
2017.03.06 17:12:17.829,1.41974,1.41988,1.22,1.00
2017.03.06 17:12:18.660,1.41973,1.41988,1.22,1.37
2017.03.06 17:12:18.817,1.41973,1.41988,1.22,1.12
2017.03.06 17:12:18.919,1.41972,1.41988,1.22,1.37
2017.03.06 17:12:19.121,1.41971,1.41988,1.22,1.50
2017.03.06 17:12:19.626,1.41971,1.41988,1.22,1.87
2017.03.06 17:12:20.900,1.41972,1.41988,1.22,1.00
2017.03.06 17:12:21.445,1.41974,1.41989,1.22,1.12
2017.03.06 17:12:21.546,1.41975,1.41991,1.03,1.50
2017.03.06 17:12:21.597,1.41975,1.41989,2.28,1.00
2017.03.06 17:12:21.699,1.41975,1.41993,1.03,3.37
2017.03.06 17:12:23.493,1.41976,1.41994,1.53,2.25
2017.03.06 17:12:23.912,1.41977,1.41994,1.22,1.50
2017.03.06 17:12:25.276,1.41975,1.41989,1.35,1.12
2017.03.06 17:12:25.425,1.41971,1.41987,1.66,1.00
2017.03.06 17:12:26.875,1.41969,1.41985,1.35,1.00
2017.03.06 17:12:26.926,1.41967,1.41985,2.10,1.00
2017.03.06 17:12:27.331,1.41968,1.41985,1.03,1.50
2017.03.06 17:12:28.068,1.41968,1.41983,1.03,1.00
2017.03.06 17:12:33.397,1.41966,1.41983,1.35,2.25
2017.03.06 17:12:35.655,1.41966,1.41983,1.03,2.25
2017.03.06 17:12:35.756,1.41972,1.41986,1.00,1.75
2017.03.06 17:12:35.807,1.41969,1.41985,1.35,1.50
2017.03.06 17:12:35.859,1.41968,1.4198,1.00,1.87
2017.03.06 17:12:36.011,1.41959,1.41975,2.10,1.00
2017.03.06 17:12:36.062,1.41957,1.41975,3.97,1.50
2017.03.06 17:12:36.113,1.41956,1.41967,2.10,1.00
2017.03.06 17:12:36.215,1.41955,1.41965,1.00,1.00
2017.03.06 17:12:36.317,1.4195,1.41964,1.30,1.00
2017.03.06 17:12:36.418,1.41948,1.41964,1.00,1.50
2017.03.06 17:12:36.601,1.41945,1.41964,1.22,2.25
2017.03.06 17:12:36.905,1.41947,1.41964,1.72,1.37
2017.03.06 17:12:37.208,1.4195,1.41965,1.00,1.37
2017.03.06 17:12:37.624,1.4195,1.41967,1.00,1.37
2017.03.06 17:12:38.955,1.4195,1.41967,1.00,1.50
2017.03.06 17:12:41.068,1.4195,1.41967,2.25,1.50
2017.03.06 17:12:41.220,1.41953,1.41969,1.87,1.00
2017.03.06 17:12:42.091,1.41954,1.4197,1.37,1.50
2017.03.06 17:12:42.243,1.41955,1.41971,1.00,1.12
2017.03.06 17:12:43.672,1.41955,1.41972,1.87,1.00
2017.03.06 17:12:43.723,1.41957,1.41973,1.00,2.25
2017.03.06 17:12:44.026,1.41957,1.41974,1.75,2.25
2017.03.06 17:12:44.549,1.41958,1.41976,1.87,3.00
2017.03.06 17:12:46.548,1.41962,1.41976,1.00,1.50
2017.03.06 17:12:46.852,1.41962,1.41979,1.12,4.12
2017.03.06 17:12:47.353,1.41963,1.41979,1.00,3.00
2017.03.06 17:12:47.852,1.41961,1.41979,1.12,3.00
2017.03.06 17:12:47.971,1.41961,1.41978,1.12,1.12
2017.03.06 17:12:49.636,1.41958,1.41973,1.12,1.50
2017.03.06 17:12:49.982,1.41956,1.41971,1.00,1.87
2017.03.06 17:12:50.033,1.41954,1.41971,1.12,1.87
2017.03.06 17:12:50.538,1.41953,1.41971,1.50,3.00
2017.03.06 17:12:51.337,1.41954,1.41971,1.00,2.25
2017.03.06 17:12:51.873,1.41953,1.41971,1.00,1.75
2017.03.06 17:12:59.276,1.41954,1.41971,1.00,2.25
2017.03.06 17:13:03.150,1.41954,1.41971,2.25,1.50
2017.03.06 17:13:06.893,1.41957,1.41973,1.00,1.12
2017.03.06 17:13:07.197,1.41956,1.41974,2.62,1.75
2017.03.06 17:13:08.975,1.41955,1.41971,1.12,1.12
2017.03.06 17:13:09.481,1.41955,1.41972,3.00,1.50
2017.03.06 17:13:09.532,1.41958,1.41973,1.50,1.12
2017.03.06 17:13:09.584,1.41959,1.41973,1.00,1.00
2017.03.06 17:13:19.068,1.41958,1.41973,1.87,1.00
2017.03.06 17:13:19.739,1.41959,1.41977,1.87,3.75
2017.03.06 17:13:23.372,1.41955,1.41972,1.37,1.50
2017.03.06 17:13:23.423,1.41954,1.41971,2.25,1.50
2017.03.06 17:13:23.987,1.41954,1.41971,1.00,1.87
2017.03.06 17:13:26.739,1.41955,1.41971,1.00,1.37
2017.03.06 17:13:28.287,1.41954,1.41972,1.31,3.37
2017.03.06 17:13:29.007,1.41954,1.41971,1.31,1.12
2017.03.06 17:13:29.530,1.41955,1.41972,1.87,1.37
2017.03.06 17:13:30.317,1.41956,1.41972,1.00,1.87
2017.03.06 17:13:31.293,1.41955,1.41972,1.87,1.12
2017.03.06 17:13:32.011,1.41955,1.41972,1.12,1.37
2017.03.06 17:13:32.516,1.41955,1.41972,1.00,1.87
2017.03.06 17:13:33.042,1.41954,1.41972,2.06,1.87
2017.03.06 17:13:33.384,1.41952,1.41969,1.37,1.50
2017.03.06 17:13:33.637,1.41944,1.4196,2.06,1.00
2017.03.06 17:13:33.801,1.41944,1.4196,1.31,1.87
2017.03.06 17:13:34.418,1.41948,1.41962,1.00,1.75
2017.03.06 17:13:34.570,1.41946,1.41964,1.50,2.25
2017.03.06 17:13:34.621,1.41946,1.41964,1.12,3.00
2017.03.06 17:13:35.127,1.41943,1.4196,1.69,1.00
2017.03.06 17:13:35.431,1.41949,1.41963,1.25,1.00
2017.03.06 17:13:35.616,1.41949,1.41965,1.25,1.00
2017.03.06 17:13:36.961,1.41949,1.41958,1.25,1.00
2017.03.06 17:13:37.114,1.41944,1.41961,2.19,1.87
2017.03.06 17:13:37.215,1.41944,1.41963,1.69,3.75
2017.03.06 17:13:37.316,1.41945,1.41963,2.25,2.25
2017.03.06 17:13:37.906,1.41946,1.41964,2.81,1.12
2017.03.06 17:13:38.459,1.41947,1.41964,1.30,1.12
2017.03.06 17:13:41.108,1.41947,1.41965,2.06,1.00
2017.03.06 17:13:42.411,1.41948,1.41965,1.31,1.50
2017.03.06 17:13:43.495,1.41948,1.41965,1.12,1.37
2017.03.06 17:13:43.912,1.41952,1.41967,1.37,1.50
2017.03.06 17:13:44.216,1.41952,1.41967,1.00,1.75
2017.03.06 17:13:44.519,1.41952,1.41967,1.50,1.37
2017.03.06 17:13:44.824,1.41952,1.41969,2.25,1.12
2017.03.06 17:13:44.925,1.41953,1.4197,1.50,1.75
2017.03.06 17:13:45.361,1.41954,1.4197,1.12,1.75
2017.03.06 17:13:46.121,1.41954,1.4197,1.00,2.25
2017.03.06 17:13:48.648,1.41952,1.4197,1.50,2.62
2017.03.06 17:13:49.437,1.41953,1.41969,1.37,1.75
2017.03.06 17:13:49.938,1.41953,1.41966,1.87,1.00
2017.03.06 17:13:50.090,1.41949,1.41966,2.25,1.00
2017.03.06 17:13:50.141,1.4195,1.41965,1.12,1.12
2017.03.06 17:13:50.242,1.41951,1.41967,1.00,1.37
2017.03.06 17:13:50.770,1.41951,1.41967,2.47,1.00
2017.03.06 17:13:51.760,1.41953,1.41967,1.37,1.00
2017.03.06 17:13:52.062,1.41953,1.41969,1.37,1.00
2017.03.06 17:13:52.672,1.41953,1.41969,1.37,1.00
2017.03.06 17:13:53.216,1.41954,1.41969,1.00,1.00
2017.03.06 17:13:53.818,1.41953,1.41969,2.47,1.00
2017.03.06 17:13:55.116,1.4195,1.41966,2.47,1.00
2017.03.06 17:13:55.218,1.41953,1.41968,1.72,1.12
2017.03.06 17:13:55.884,1.41953,1.41968,1.67,1.00
2017.03.06 17:13:56.453,1.41953,1.41968,2.10,1.00
2017.03.06 17:13:56.504,1.41954,1.41972,4.12,2.25
2017.03.06 17:13:56.706,1.41956,1.41973,2.62,1.00
2017.03.06 17:13:56.757,1.41956,1.41969,1.12,1.00
2017.03.06 17:13:56.859,1.41956,1.41969,1.00,1.00
2017.03.06 17:13:57.384,1.41953,1.41969,1.97,1.00
2017.03.06 17:13:57.764,1.41952,1.41968,1.00,1.00
2017.03.06 17:13:57.815,1.41952,1.41965,1.00,1.00
2017.03.06 17:13:57.967,1.41951,1.41967,1.97,1.00
2017.03.06 17:13:58.069,1.41953,1.41969,1.72,1.87
2017.03.06 17:13:59.035,1.41953,1.41968,1.35,1.00
2017.03.06 17:13:59.448,1.41953,1.41971,2.10,3.37
2017.03.06 17:13:59.974,1.41954,1.41972,1.37,2.25
2017.03.06 17:14:00.579,1.41952,1.41967,1.12,1.00
2017.03.06 17:14:00.681,1.41952,1.41967,1.12,1.00
2017.03.06 17:14:00.732,1.41953,1.41969,1.37,1.12
2017.03.06 17:14:01.036,1.41957,1.41974,1.37,2.25
2017.03.06 17:14:01.138,1.41954,1.41972,1.12,2.25
2017.03.06 17:14:01.189,1.41954,1.41971,1.50,1.00
2017.03.06 17:14:01.419,1.41954,1.4197,1.12,1.00
2017.03.06 17:14:02.336,1.41953,1.41967,1.00,1.00
2017.03.06 17:14:02.841,1.41951,1.41968,1.37,1.00
2017.03.06 17:14:03.342,1.41951,1.41968,1.87,1.00
2017.03.06 17:14:06.450,1.41952,1.41968,1.00,1.50
2017.03.06 17:14:07.516,1.41952,1.41967,1.00,1.00
2017.03.06 17:14:08.058,1.41948,1.41967,2.62,2.25
2017.03.06 17:14:12.925,1.41951,1.41967,1.00,1.00
2017.03.06 17:14:16.852,1.41951,1.41967,1.00,1.75
2017.03.06 17:14:17.475,1.41951,1.41967,1.00,1.50
2017.03.06 17:14:19.448,1.41951,1.41967,1.50,1.37
2017.03.06 17:14:19.550,1.41951,1.41968,1.50,1.12
2017.03.06 17:14:19.600,1.41951,1.41968,1.75,1.12
2017.03.06 17:14:22.857,1.41953,1.4197,2.44,2.62
2017.03.06 17:14:25.297,1.41956,1.41971,1.00,1.87
2017.03.06 17:14:25.485,1.41955,1.41972,1.50,2.25
2017.03.06 17:14:25.852,1.41958,1.41973,1.37,1.50
2017.03.06 17:14:26.157,1.41961,1.41976,1.50,1.12
2017.03.06 17:14:27.053,1.41961,1.41978,1.50,1.87
2017.03.06 17:14:28.057,1.41962,1.41978,1.00,1.87
2017.03.06 17:14:39.035,1.41963,1.41978,1.00,1.37
2017.03.06 17:14:43.121,1.41964,1.4198,1.00,1.12
2017.03.06 17:14:43.172,1.41964,1.41981,1.50,2.62
2017.03.06 17:14:43.711,1.41964,1.41981,1.87,1.87
2017.03.06 17:14:44.233,1.41965,1.41981,1.00,1.12
2017.03.06 17:14:45.495,1.41967,1.41982,1.00,2.62
2017.03.06 17:14:45.900,1.4197,1.41982,1.00,1.50
2017.03.06 17:14:46.153,1.41966,1.41983,1.75,1.75
2017.03.06 17:14:46.355,1.4197,1.41984,1.00,1.00
2017.03.06 17:14:47.165,1.4197,1.41985,1.12,1.12
2017.03.06 17:14:49.502,1.4197,1.41986,1.12,1.87
2017.03.06 17:14:49.704,1.4197,1.41986,1.12,3.00
2017.03.06 17:14:50.962,1.41969,1.41986,1.50,3.00
2017.03.06 17:14:52.180,1.41967,1.41985,3.60,1.50
2017.03.06 17:14:56.729,1.41966,1.41981,1.75,1.37
2017.03.06 17:14:56.929,1.41959,1.41974,1.12,1.12
2017.03.06 17:14:57.031,1.41959,1.41974,1.12,1.00
2017.03.06 17:14:57.536,1.41958,1.41975,1.87,1.12
2017.03.06 17:14:58.623,1.41958,1.41974,1.12,1.00
2017.03.06 17:15:00.488,1.41961,1.41974,1.00,1.00
2017.03.06 17:15:00.791,1.41963,1.41978,1.00,1.37
2017.03.06 17:15:01.045,1.4196,1.41977,1.12,1.37
2017.03.06 17:15:01.681,1.41959,1.41976,1.12,1.50
2017.03.06 17:15:02.289,1.4196,1.41976,1.00,1.87
2017.03.06 17:15:03.294,1.41959,1.41976,1.12,2.25
2017.03.06 17:15:03.345,1.41958,1.41972,1.62,1.12
2017.03.06 17:15:03.497,1.41954,1.41972,1.50,3.75
2017.03.06 17:15:03.598,1.41954,1.41971,2.06,1.00
2017.03.06 17:15:03.902,1.4196,1.41977,1.56,2.25
2017.03.06 17:15:04.231,1.41961,1.41977,1.56,1.12
2017.03.06 17:15:04.435,1.41961,1.41979,2.06,1.12
2017.03.06 17:15:06.803,1.41965,1.41981,1.00,2.62
2017.03.06 17:15:07.308,1.41964,1.41981,1.31,2.62
2017.03.06 17:15:07.877,1.41964,1.41981,1.69,3.00
2017.03.06 17:15:08.662,1.41964,1.41981,1.69,2.62
2017.03.06 17:15:09.260,1.41964,1.41978,1.25,1.00
2017.03.06 17:15:09.607,1.41957,1.41973,1.35,1.00
2017.03.06 17:15:09.759,1.41958,1.41977,2.44,2.25
2017.03.06 17:15:11.909,1.41959,1.41976,1.94,1.12
2017.03.06 17:15:11.960,1.4196,1.41976,1.00,1.00
2017.03.06 17:15:12.062,1.41959,1.41975,1.75,1.00
2017.03.06 17:15:12.624,1.4196,1.41976,1.75,1.50
2017.03.06 17:15:13.162,1.4196,1.41977,1.75,1.00
2017.03.06 17:15:14.534,1.4196,1.41978,2.25,1.00
2017.03.06 17:15:16.406,1.4196,1.41977,2.25,1.00
2017.03.06 17:15:16.457,1.4196,1.41977,1.50,1.00
2017.03.06 17:15:19.419,1.4196,1.41976,1.50,1.00
2017.03.06 17:15:23.731,1.4196,1.41976,2.25,1.37
2017.03.06 17:15:25.327,1.4196,1.41977,1.12,2.25
2017.03.06 17:15:25.864,1.41959,1.41976,1.37,1.37
2017.03.06 17:15:35.364,1.41961,1.41977,1.00,2.62
2017.03.06 17:15:35.887,1.4196,1.41977,1.87,2.25
2017.03.06 17:15:36.781,1.4196,1.41977,1.87,1.12
2017.03.06 17:15:37.313,1.4196,1.41977,1.87,1.50
2017.03.06 17:15:39.857,1.41961,1.41977,1.75,1.12
2017.03.06 17:15:40.060,1.41967,1.41982,1.30,1.12
2017.03.06 17:15:40.263,1.41968,1.41984,1.00,1.12
2017.03.06 17:15:40.802,1.41968,1.41985,1.50,1.50
2017.03.06 17:15:41.354,1.41969,1.41985,1.00,1.50
2017.03.06 17:15:42.012,1.41969,1.41985,1.00,3.00
2017.03.06 17:15:44.974,1.41969,1.41985,1.00,2.25
2017.03.06 17:15:45.479,1.41969,1.41985,1.50,1.87
2017.03.06 17:15:50.602,1.41971,1.41986,2.25,1.50
2017.03.06 17:15:51.476,1.41969,1.41986,1.37,1.50
2017.03.06 17:15:51.526,1.41969,1.41983,1.87,1.00
2017.03.06 17:15:52.867,1.41965,1.41981,1.87,1.00
2017.03.06 17:15:52.919,1.41965,1.41981,1.12,1.37
2017.03.06 17:15:52.970,1.41964,1.41982,1.62,2.25
2017.03.06 17:15:53.475,1.41962,1.41981,2.81,3.37
2017.03.06 17:15:54.878,1.41963,1.4198,2.62,1.50
2017.03.06 17:15:56.053,1.41963,1.41978,2.62,1.00
2017.03.06 17:15:57.618,1.41963,1.41978,1.25,1.00
2017.03.06 17:15:57.833,1.41963,1.4198,1.25,1.12
2017.03.06 17:15:57.934,1.41962,1.4198,2.62,1.12
2017.03.06 17:15:59.456,1.41965,1.41981,1.69,1.87
2017.03.06 17:15:59.770,1.41967,1.41982,1.56,1.00
2017.03.06 17:15:59.821,1.41966,1.41983,2.44,1.12
2017.03.06 17:15:59.872,1.41966,1.41983,1.31,2.25
2017.03.06 17:16:00.918,1.41964,1.41982,1.56,3.00
2017.03.06 17:16:01.962,1.41966,1.41982,1.00,3.37
2017.03.06 17:16:02.492,1.41965,1.41982,1.31,3.75
2017.03.06 17:16:03.068,1.41965,1.41981,1.56,1.12
2017.03.06 17:16:06.316,1.41967,1.41982,1.00,2.25
2017.03.06 17:16:06.655,1.41967,1.41982,1.56,1.50
2017.03.06 17:16:09.424,1.41969,1.41984,1.00,2.62
2017.03.06 17:16:10.359,1.41967,1.41982,1.00,1.50
2017.03.06 17:16:10.864,1.41966,1.41982,1.31,1.50
2017.03.06 17:16:12.853,1.41967,1.41982,1.00,3.00
2017.03.06 17:16:13.433,1.41965,1.41982,1.56,3.00
2017.03.06 17:16:13.635,1.41966,1.41982,1.56,1.50
2017.03.06 17:16:15.947,1.41966,1.41982,1.31,1.50
2017.03.06 17:16:16.050,1.41966,1.41982,1.87,2.25
2017.03.06 17:16:16.373,1.41964,1.41981,1.75,2.25
2017.03.06 17:16:18.969,1.41964,1.4198,1.37,3.00
2017.03.06 17:16:20.010,1.41962,1.41976,1.12,2.62
2017.03.06 17:16:20.213,1.41955,1.41971,1.75,1.87
2017.03.06 17:16:20.738,1.41954,1.41971,1.56,3.00
2017.03.06 17:16:21.361,1.41954,1.4197,1.56,1.00
2017.03.06 17:16:25.326,1.41954,1.4197,1.56,1.87
2017.03.06 17:16:32.880,1.41952,1.41969,1.87,1.50
2017.03.06 17:16:34.491,1.41952,1.41968,1.75,1.12
2017.03.06 17:16:38.474,1.41952,1.41969,2.62,2.25
2017.03.06 17:16:38.778,1.4196,1.41972,2.06,1.75
2017.03.06 17:16:38.957,1.4196,1.41977,1.56,1.75
2017.03.06 17:16:39.058,1.4196,1.41976,1.50,1.37
2017.03.06 17:16:39.261,1.41962,1.41976,1.00,2.25
2017.03.06 17:16:39.797,1.41961,1.41976,1.00,1.37
2017.03.06 17:16:40.100,1.41956,1.41972,1.56,1.37
2017.03.06 17:16:40.404,1.41956,1.41974,2.06,3.75
2017.03.06 17:16:41.087,1.41956,1.41974,1.00,4.12
2017.03.06 17:16:41.281,1.41954,1.41969,1.12,1.00
2017.03.06 17:16:41.333,1.41953,1.41971,2.25,2.62
2017.03.06 17:16:41.434,1.41954,1.41969,1.00,1.00
2017.03.06 17:16:41.943,1.41953,1.41969,1.50,1.00
2017.03.06 17:16:42.510,1.41954,1.41969,1.00,1.00
2017.03.06 17:16:43.742,1.41953,1.41969,1.00,1.00
2017.03.06 17:16:44.923,1.41953,1.41968,1.00,1.00
2017.03.06 17:16:45.462,1.41953,1.41969,1.00,1.50
2017.03.06 17:16:47.094,1.41957,1.41969,1.00,1.00
2017.03.06 17:16:47.145,1.41957,1.41971,1.00,1.50
2017.03.06 17:16:47.296,1.41955,1.41971,1.00,1.00
2017.03.06 17:16:47.833,1.41955,1.4197,1.00,1.00
2017.03.06 17:16:49.701,1.41956,1.41971,1.00,2.25
2017.03.06 17:16:50.290,1.41957,1.41971,1.00,2.25
2017.03.06 17:16:50.845,1.41956,1.41971,1.00,1.50
2017.03.06 17:16:51.676,1.41954,1.41971,1.87,1.50
2017.03.06 17:16:55.320,1.41957,1.41972,1.00,1.87
2017.03.06 17:16:55.828,1.41957,1.41973,1.12,1.50
2017.03.06 17:16:56.377,1.41957,1.41974,1.12,2.62
2017.03.06 17:17:01.317,1.41956,1.41973,2.25,1.00
2017.03.06 17:17:01.626,1.41956,1.41971,1.00,1.75
2017.03.06 17:17:01.677,1.41957,1.41974,1.00,3.75
2017.03.06 17:17:01.880,1.41955,1.41972,1.12,1.87
2017.03.06 17:17:02.032,1.41954,1.4197,1.12,1.50
2017.03.06 17:17:02.647,1.41955,1.4197,1.00,1.50
2017.03.06 17:17:03.461,1.41955,1.41971,1.00,1.50
2017.03.06 17:17:03.779,1.41957,1.41971,1.00,1.50
2017.03.06 17:17:04.288,1.41956,1.41972,1.12,2.62
2017.03.06 17:17:04.591,1.41958,1.41973,1.00,2.25
2017.03.06 17:17:06.199,1.41958,1.41974,1.50,2.25
2017.03.06 17:17:06.896,1.41956,1.41972,1.87,1.12
2017.03.06 17:17:07.216,1.41956,1.41972,1.75,3.00
2017.03.06 17:17:07.797,1.41956,1.41972,1.50,2.25
2017.03.06 17:17:10.731,1.41959,1.41972,1.00,1.75
2017.03.06 17:17:10.833,1.41959,1.41973,1.00,1.87
2017.03.06 17:17:10.935,1.41956,1.41972,1.50,1.00
2017.03.06 17:17:10.986,1.41954,1.41971,2.62,1.37
2017.03.06 17:17:11.340,1.41955,1.41965,1.00,1.00
2017.03.06 17:17:11.442,1.41953,1.41965,1.00,1.00
2017.03.06 17:17:16.833,1.41948,1.41965,1.69,1.12
2017.03.06 17:17:19.333,1.41947,1.41964,1.69,1.00
2017.03.06 17:17:21.843,1.41947,1.41965,2.81,3.37
2017.03.06 17:17:22.356,1.41948,1.41964,1.69,1.00
2017.03.06 17:17:23.216,1.41948,1.41965,1.87,3.37
2017.03.06 17:17:26.440,1.41949,1.41965,2.25,1.12
2017.03.06 17:17:26.542,1.41949,1.41965,2.25,1.00
2017.03.06 17:17:27.057,1.41949,1.41966,2.25,1.00
2017.03.06 17:17:35.343,1.41953,1.41966,1.50,1.00
2017.03.06 17:17:35.748,1.41948,1.41964,1.75,1.50
2017.03.06 17:17:35.850,1.41948,1.41964,1.75,1.12
2017.03.06 17:17:38.358,1.41949,1.41964,1.75,1.00
2017.03.06 17:17:39.652,1.41949,1.41964,1.87,1.00
2017.03.06 17:17:43.798,1.41949,1.41966,1.87,1.87
2017.03.06 17:17:44.321,1.41949,1.41966,1.56,1.87
2017.03.06 17:17:45.163,1.41949,1.41966,1.00,1.87
2017.03.06 17:17:46.852,1.41949,1.41965,1.00,1.00
2017.03.06 17:17:48.803,1.41949,1.41966,1.00,1.87
2017.03.06 17:17:51.475,1.41948,1.41966,1.87,1.87
2017.03.06 17:17:55.837,1.41949,1.41966,1.00,1.87
2017.03.06 17:17:59.001,1.41948,1.41965,1.12,1.50
2017.03.06 17:17:59.515,1.41946,1.41964,1.50,1.00
2017.03.06 17:18:02.657,1.41945,1.41963,2.25,2.25
2017.03.06 17:18:02.708,1.41945,1.41963,1.87,2.62
2017.03.06 17:18:08.116,1.41945,1.41962,1.87,1.00
2017.03.06 17:18:08.651,1.41945,1.41963,1.87,3.37
2017.03.06 17:18:09.366,1.41945,1.41963,1.87,3.75
2017.03.06 17:18:10.145,1.41945,1.41962,1.87,1.87
2017.03.06 17:18:13.731,1.41947,1.41962,1.19,1.00
2017.03.06 17:18:14.282,1.41947,1.41964,1.69,2.62
2017.03.06 17:18:17.350,1.41947,1.41964,1.12,3.37
2017.03.06 17:18:17.926,1.41947,1.41964,1.87,3.37
2017.03.06 17:18:20.301,1.41947,1.41964,1.87,3.37
2017.03.06 17:18:25.329,1.4195,1.41965,1.37,1.12
2017.03.06 17:18:25.633,1.41951,1.41967,1.12,2.62
2017.03.06 17:18:26.467,1.41949,1.41966,3.37,1.87
2017.03.06 17:18:26.981,1.41951,1.41966,2.25,1.00
2017.03.06 17:18:27.486,1.41952,1.41969,1.75,3.37
2017.03.06 17:18:28.011,1.41953,1.41968,1.56,1.37
2017.03.06 17:18:28.112,1.41953,1.41971,4.12,3.00
2017.03.06 17:18:28.163,1.41953,1.41971,2.25,3.00
2017.03.06 17:18:28.689,1.41956,1.41971,1.37,1.50
2017.03.06 17:18:29.044,1.41954,1.41971,1.87,3.00
2017.03.06 17:18:29.095,1.41955,1.41971,1.37,1.00
2017.03.06 17:18:30.902,1.41958,1.41972,1.00,1.37
2017.03.06 17:18:31.963,1.41957,1.41973,1.00,3.75
2017.03.06 17:18:32.418,1.41959,1.41974,1.00,1.87
2017.03.06 17:18:32.928,1.41958,1.41974,1.00,1.87
2017.03.06 17:18:33.240,1.41959,1.41975,1.00,2.25
2017.03.06 17:18:33.291,1.41958,1.41975,2.25,2.25
2017.03.06 17:18:33.604,1.41958,1.41975,2.25,2.25
2017.03.06 17:18:34.308,1.41959,1.41975,1.00,2.25
2017.03.06 17:18:35.647,1.41958,1.41975,1.50,3.00
2017.03.06 17:18:35.948,1.41958,1.41973,1.00,1.00
2017.03.06 17:18:36.453,1.41957,1.41973,1.50,1.12
2017.03.06 17:18:37.664,1.41956,1.41971,1.12,1.00
2017.03.06 17:18:38.061,1.41956,1.41973,1.12,2.62
2017.03.06 17:18:38.173,1.41956,1.41973,1.12,3.00
2017.03.06 17:18:39.812,1.41958,1.41973,1.00,2.25
2017.03.06 17:18:40.315,1.41957,1.41973,1.00,2.25
2017.03.06 17:18:41.867,1.41956,1.41972,1.00,2.62
2017.03.06 17:18:42.849,1.41956,1.41973,1.50,2.25
2017.03.06 17:18:43.351,1.41957,1.41971,1.00,1.00
2017.03.06 17:18:43.862,1.41957,1.41974,1.00,1.87
2017.03.06 17:18:44.168,1.41957,1.41974,1.00,1.37
2017.03.06 17:18:44.823,1.41958,1.41975,1.50,1.87
2017.03.06 17:18:45.324,1.41958,1.41975,1.87,1.12
2017.03.06 17:18:45.476,1.41961,1.41975,1.00,1.12
2017.03.06 17:18:45.981,1.4196,1.41976,1.00,1.00
2017.03.06 17:18:46.523,1.4196,1.41977,1.00,1.12
2017.03.06 17:18:47.022,1.41962,1.41978,1.00,2.25
2017.03.06 17:18:47.538,1.4196,1.41977,1.00,1.12
2017.03.06 17:18:47.853,1.41962,1.41977,1.00,1.00
2017.03.06 17:18:48.264,1.41964,1.41979,1.00,1.50
2017.03.06 17:18:48.619,1.41962,1.41976,1.87,1.50
2017.03.06 17:18:48.772,1.41958,1.41976,1.50,2.25
2017.03.06 17:18:49.262,1.41962,1.41975,1.00,1.50
2017.03.06 17:18:49.642,1.4196,1.41977,1.50,2.62
2017.03.06 17:18:50.341,1.41959,1.41977,1.50,3.37
2017.03.06 17:18:50.850,1.41958,1.41975,1.50,2.25
2017.03.06 17:18:55.156,1.41958,1.41972,1.00,1.00
2017.03.06 17:18:55.676,1.41956,1.41972,1.50,1.00
2017.03.06 17:18:56.034,1.41954,1.4197,2.28,1.00
2017.03.06 17:18:56.085,1.41954,1.41971,1.16,1.87
2017.03.06 17:18:56.599,1.41955,1.41969,1.42,1.00
2017.03.06 17:18:57.146,1.41956,1.41973,1.35,2.25
2017.03.06 17:18:57.197,1.41956,1.41973,1.35,1.12
2017.03.06 17:18:58.132,1.41957,1.41973,1.22,1.12
2017.03.06 17:19:00.751,1.41958,1.41972,1.30,1.00
2017.03.06 17:19:01.293,1.41958,1.41973,1.30,1.12
2017.03.06 17:19:01.800,1.41955,1.41971,3.22,1.00
2017.03.06 17:19:02.353,1.41955,1.41972,1.72,1.00
2017.03.06 17:19:02.864,1.41958,1.41973,1.00,1.12
2017.03.06 17:19:03.371,1.41958,1.41974,1.00,2.25
2017.03.06 17:19:03.898,1.41957,1.41974,1.12,2.25
2017.03.06 17:19:04.288,1.41954,1.41971,2.10,1.00
2017.03.06 17:19:04.390,1.41954,1.41971,1.12,1.12
2017.03.06 17:19:04.542,1.41956,1.41972,1.87,1.87
2017.03.06 17:19:05.286,1.41955,1.41972,1.50,2.62
2017.03.06 17:19:05.790,1.41955,1.41971,1.00,1.87
2017.03.06 17:19:06.246,1.41953,1.41971,2.47,1.87
2017.03.06 17:19:06.938,1.41953,1.41971,2.47,1.12
2017.03.06 17:19:07.003,1.41953,1.41972,2.47,3.00
2017.03.06 17:19:08.210,1.41957,1.41973,1.22,2.25
2017.03.06 17:19:08.413,1.41957,1.41973,1.22,1.12
2017.03.06 17:19:13.624,1.41955,1.4197,1.35,1.00
2017.03.06 17:19:13.675,1.41957,1.41973,1.22,1.87
2017.03.06 17:19:13.929,1.41958,1.41975,1.41,3.00
2017.03.06 17:19:14.245,1.41956,1.41971,2.10,1.00
2017.03.06 17:19:15.025,1.41958,1.41974,1.22,1.50
2017.03.06 17:19:15.526,1.41958,1.41975,1.22,1.87
2017.03.06 17:19:15.982,1.41958,1.41974,1.22,2.25
2017.03.06 17:19:16.033,1.41957,1.41973,1.22,1.50
2017.03.06 17:19:19.356,1.41957,1.41973,1.00,1.50
2017.03.06 17:19:21.681,1.41956,1.41973,1.12,1.50
2017.03.06 17:19:26.023,1.41957,1.41973,1.00,1.50
2017.03.06 17:19:27.895,1.41957,1.41974,1.00,3.37
2017.03.06 17:19:28.451,1.41957,1.41974,1.00,3.37
2017.03.06 17:19:28.963,1.41953,1.41968,3.00,1.00
2017.03.06 17:19:29.064,1.41953,1.4197,2.62,1.12
2017.03.06 17:19:29.116,1.41953,1.4197,2.25,1.75
2017.03.06 17:19:29.657,1.41958,1.41972,1.00,2.25
2017.03.06 17:19:29.759,1.41958,1.41972,1.00,1.50
2017.03.06 17:19:30.164,1.41955,1.41971,2.25,1.00
2017.03.06 17:19:30.265,1.41954,1.41971,1.75,2.25
2017.03.06 17:19:31.222,1.41958,1.41972,1.00,1.75
2017.03.06 17:19:31.324,1.41955,1.41973,2.62,2.25
2017.03.06 17:19:32.310,1.41957,1.41973,1.00,1.75
2017.03.06 17:19:32.551,1.41957,1.41974,1.00,3.37
2017.03.06 17:19:36.188,1.41956,1.41972,1.00,1.00
2017.03.06 17:19:39.380,1.41956,1.41971,1.00,1.00
2017.03.06 17:19:39.835,1.41954,1.41971,2.44,1.12
2017.03.06 17:19:40.352,1.41954,1.41971,1.31,2.62
2017.03.06 17:19:41.570,1.41955,1.41971,1.00,2.62
2017.03.06 17:19:42.117,1.41957,1.41971,1.00,1.37
2017.03.06 17:19:42.269,1.41959,1.41974,1.00,1.87
2017.03.06 17:19:42.849,1.41958,1.41974,1.00,1.87
2017.03.06 17:19:45.329,1.41956,1.41974,2.25,1.87
2017.03.06 17:19:45.380,1.41956,1.41974,2.62,1.50
2017.03.06 17:19:45.481,1.41956,1.41974,2.25,1.37
2017.03.06 17:19:46.154,1.41957,1.41974,1.50,1.12
2017.03.06 17:19:46.733,1.41958,1.41974,1.00,1.87
2017.03.06 17:19:51.240,1.41957,1.41973,1.00,1.50
2017.03.06 17:19:51.745,1.41957,1.41972,1.00,1.00
2017.03.06 17:19:52.285,1.41958,1.41972,1.00,1.00
2017.03.06 17:19:52.809,1.41957,1.41972,1.50,1.00
2017.03.06 17:19:53.082,1.41957,1.41974,1.50,1.87
2017.03.06 17:19:53.133,1.41959,1.41975,1.00,1.50
2017.03.06 17:19:53.655,1.41958,1.41975,1.00,2.25
2017.03.06 17:19:57.414,1.4196,1.41974,1.00,1.12
2017.03.06 17:19:57.920,1.41959,1.41974,1.00,1.12
2017.03.06 17:19:59.245,1.41964,1.41974,1.00,1.00
2017.03.06 17:19:59.296,1.41964,1.41977,1.00,1.00
2017.03.06 17:19:59.601,1.41966,1.41978,1.50,1.00
2017.03.06 17:19:59.702,1.41967,1.41982,1.00,1.37
2017.03.06 17:19:59.905,1.41967,1.41983,1.00,1.50
2017.03.06 17:20:00.411,1.41967,1.41982,1.00,1.00
2017.03.06 17:20:02.059,1.41967,1.41983,1.12,1.00
2017.03.06 17:20:02.110,1.41969,1.41983,1.00,1.00
2017.03.06 17:20:02.413,1.41967,1.41984,1.87,1.00
2017.03.06 17:20:02.515,1.41969,1.41984,1.00,1.00
2017.03.06 17:20:03.095,1.41969,1.41985,1.00,2.25
2017.03.06 17:20:03.377,1.41967,1.41985,1.87,2.25
2017.03.06 17:20:03.899,1.41968,1.41985,1.00,2.25
2017.03.06 17:20:06.369,1.41968,1.41984,1.00,1.00
2017.03.06 17:20:08.127,1.41967,1.41984,1.00,1.87
2017.03.06 17:20:09.933,1.41968,1.41982,1.00,1.00
2017.03.06 17:20:11.124,1.41967,1.41982,1.00,1.00
2017.03.06 17:20:13.197,1.41966,1.41982,1.50,1.00
2017.03.06 17:20:13.367,1.41967,1.41984,1.12,1.87
2017.03.06 17:20:13.974,1.41967,1.41983,1.12,1.00
2017.03.06 17:20:14.507,1.41967,1.41984,1.12,1.87
2017.03.06 17:20:22.488,1.41968,1.41984,1.00,1.87
2017.03.06 17:20:23.040,1.41967,1.41984,1.12,1.87
2017.03.06 17:20:23.591,1.41967,1.41983,1.12,1.00
2017.03.06 17:20:23.692,1.4197,1.41985,1.00,1.50
2017.03.06 17:20:23.908,1.41974,1.41989,1.00,2.25
2017.03.06 17:20:24.417,1.41973,1.41989,1.00,1.50
2017.03.06 17:20:24.900,1.41974,1.4199,1.37,1.12
2017.03.06 17:20:25.977,1.41974,1.4199,1.75,1.12
2017.03.06 17:20:30.569,1.41975,1.41991,1.75,1.00
2017.03.06 17:20:40.656,1.41977,1.41992,1.12,1.87
2017.03.06 17:20:40.959,1.41977,1.41992,1.75,1.87
2017.03.06 17:20:42.198,1.41977,1.41992,1.75,1.12
2017.03.06 17:20:42.773,1.41978,1.41991,1.50,1.00
2017.03.06 17:20:45.220,1.41977,1.41992,1.75,1.12
2017.03.06 17:20:45.558,1.41977,1.41992,1.75,1.75
2017.03.06 17:20:48.975,1.41977,1.41991,1.12,1.50
2017.03.06 17:20:49.077,1.41975,1.41991,1.12,1.50
2017.03.06 17:20:50.913,1.41975,1.4199,1.50,1.12
2017.03.06 17:20:52.002,1.41976,1.4199,1.50,1.12
2017.03.06 17:20:54.146,1.41975,1.4199,1.00,1.50
2017.03.06 17:20:54.287,1.41978,1.41991,1.00,1.12
2017.03.06 17:20:54.591,1.41979,1.41994,1.12,3.00
2017.03.06 17:20:54.642,1.41979,1.41994,1.75,3.00
2017.03.06 17:20:56.095,1.41979,1.41994,1.50,1.50
2017.03.06 17:20:59.183,1.41979,1.41994,1.50,1.50
2017.03.06 17:21:03.802,1.41975,1.4199,2.25,1.00
2017.03.06 17:21:03.852,1.41976,1.41994,1.75,2.25
2017.03.06 17:21:05.316,1.41983,1.41994,1.00,1.50
2017.03.06 17:21:05.519,1.41983,1.41998,1.75,1.50
2017.03.06 17:21:05.620,1.41985,1.41998,1.75,1.50
2017.03.06 17:21:05.722,1.41983,1.41998,1.50,1.00
2017.03.06 17:21:06.026,1.41985,1.41998,1.00,1.12
2017.03.06 17:21:06.567,1.41984,1.41998,1.00,1.12
2017.03.06 17:21:07.084,1.41983,1.41998,1.00,1.12
2017.03.06 17:21:07.859,1.41984,1.41998,1.00,1.12
2017.03.06 17:21:09.171,1.41991,1.41998,1.00,1.12
2017.03.06 17:21:09.324,1.41992,1.42003,1.00,1.75
2017.03.06 17:21:09.426,1.4199,1.42003,1.00,1.00
2017.03.06 17:21:09.477,1.41992,1.42003,1.00,1.00
2017.03.06 17:21:09.630,1.4199,1.42003,1.00,1.00
2017.03.06 17:21:09.782,1.41992,1.42003,1.00,1.00
2017.03.06 17:21:10.286,1.4199,1.42003,1.00,1.00
2017.03.06 17:21:10.922,1.41992,1.42003,1.00,1.00
2017.03.06 17:21:11.169,1.4199,1.42003,1.00,1.00
2017.03.06 17:21:13.020,1.41988,1.42003,2.10,1.12
2017.03.06 17:21:21.329,1.41989,1.42003,1.35,1.37
2017.03.06 17:21:22.411,1.41989,1.42003,1.35,1.12
2017.03.06 17:21:25.432,1.41988,1.42003,1.60,1.37
2017.03.06 17:21:25.483,1.41986,1.42,1.12,1.37
2017.03.06 17:21:25.584,1.41983,1.41999,1.12,1.37
2017.03.06 17:21:25.635,1.41983,1.41995,1.00,1.00
2017.03.06 17:21:26.023,1.41986,1.41995,1.00,1.00
2017.03.06 17:21:26.126,1.41984,1.41997,1.35,1.75
2017.03.06 17:21:26.177,1.41984,1.41998,1.35,1.00
2017.03.06 17:21:26.721,1.41983,1.41998,2.10,1.37
2017.03.06 17:21:28.178,1.41983,1.41999,2.47,1.12
2017.03.06 17:21:28.633,1.41987,1.42001,1.00,1.87
2017.03.06 17:21:29.146,1.41986,1.42001,1.00,1.12
2017.03.06 17:21:29.701,1.41984,1.42001,1.72,1.12
2017.03.06 17:21:32.069,1.41984,1.42001,1.37,3.37
2017.03.06 17:21:32.170,1.41983,1.42001,2.47,3.75
2017.03.06 17:21:32.272,1.41986,1.41999,1.00,1.12
2017.03.06 17:21:33.995,1.41983,1.41999,1.50,1.12
2017.03.06 17:21:34.046,1.41981,1.41997,1.12,1.00
2017.03.06 17:21:34.553,1.41982,1.41997,1.00,1.00
2017.03.06 17:21:39.054,1.41982,1.41997,1.00,1.37
2017.03.06 17:21:39.360,1.41987,1.42,1.35,1.37
2017.03.06 17:21:39.411,1.41987,1.42,1.35,1.00
2017.03.06 17:21:42.466,1.41988,1.42,1.00,1.00
2017.03.06 17:21:45.696,1.41999,1.42003,1.00,1.00
2017.03.06 17:21:45.748,1.42002,1.42007,2.10,1.12
2017.03.06 17:21:45.849,1.42,1.42014,2.66,1.50
2017.03.06 17:21:45.900,1.42,1.42014,1.35,2.25
2017.03.06 17:21:46.442,1.41999,1.42014,1.87,3.00
2017.03.06 17:21:46.912,1.41993,1.42008,2.62,1.50
2017.03.06 17:21:47.013,1.4199,1.42008,2.25,2.25
2017.03.06 17:21:47.115,1.4199,1.42008,2.25,2.62
2017.03.06 17:21:47.403,1.41992,1.42008,1.00,1.75
2017.03.06 17:21:47.454,1.41992,1.42008,1.50,1.12
2017.03.06 17:21:48.290,1.41993,1.42008,1.00,1.12
2017.03.06 17:21:52.361,1.41992,1.42008,2.25,1.37
2017.03.06 17:21:53.994,1.41993,1.42008,1.12,1.00
2017.03.06 17:21:55.912,1.41993,1.42008,1.87,1.37
2017.03.06 17:21:56.089,1.41993,1.42008,1.87,1.37
2017.03.06 17:21:57.672,1.42,1.42012,1.00,1.75
2017.03.06 17:21:57.874,1.42006,1.42016,1.00,1.50
2017.03.06 17:21:57.925,1.42007,1.42019,1.00,1.50
2017.03.06 17:21:58.026,1.42005,1.42019,1.00,1.00
2017.03.06 17:21:58.128,1.42004,1.42021,2.25,1.37
2017.03.06 17:21:58.692,1.42004,1.42021,1.75,1.87
2017.03.06 17:22:00.631,1.42006,1.42022,1.50,1.12
2017.03.06 17:22:01.987,1.42005,1.4202,1.75,1.00
2017.03.06 17:22:04.186,1.42002,1.42018,3.00,2.25
2017.03.06 17:22:04.339,1.41998,1.42014,1.12,1.00
2017.03.06 17:22:04.440,1.41997,1.42012,1.50,1.00
2017.03.06 17:22:07.959,1.41995,1.42012,1.50,1.00
2017.03.06 17:22:11.066,1.41995,1.42011,1.72,1.00
2017.03.06 17:22:11.117,1.41995,1.4201,2.05,1.00
2017.03.06 17:22:11.370,1.41997,1.42012,1.00,1.50
2017.03.06 17:22:15.380,1.41998,1.42012,1.00,1.00
2017.03.06 17:22:17.073,1.41997,1.42012,1.30,1.00
2017.03.06 17:22:17.588,1.41997,1.42011,1.00,1.00
2017.03.06 17:22:17.853,1.41997,1.42012,1.75,1.00
2017.03.06 17:22:17.904,1.41999,1.42014,1.12,1.12
2017.03.06 17:22:18.409,1.42,1.42014,1.00,1.12
2017.03.06 17:22:18.571,1.42,1.42014,1.75,1.12
2017.03.06 17:22:19.172,1.42001,1.42014,1.00,1.00
2017.03.06 17:22:19.223,1.42002,1.42017,1.00,1.12
2017.03.06 17:22:19.274,1.42002,1.42017,1.75,1.00
2017.03.06 17:22:19.375,1.42002,1.42017,1.00,1.00
2017.03.06 17:22:20.116,1.42001,1.42017,1.87,1.00
2017.03.06 17:22:22.409,1.42001,1.42015,1.12,1.00
2017.03.06 17:22:23.310,1.42001,1.42014,1.00,1.00
2017.03.06 17:22:23.462,1.41998,1.42013,1.12,1.00
2017.03.06 17:22:23.975,1.41998,1.42014,1.12,1.00
2017.03.06 17:22:26.404,1.41997,1.42013,1.12,1.00
2017.03.06 17:22:26.455,1.41994,1.42011,2.47,1.50
2017.03.06 17:22:26.557,1.41994,1.4201,1.35,1.50
2017.03.06 17:22:26.608,1.41993,1.42008,1.72,1.12
2017.03.06 17:22:26.659,1.41993,1.42008,1.00,1.50
2017.03.06 17:22:29.078,1.41992,1.42008,1.72,1.50
2017.03.06 17:22:30.948,1.41992,1.42008,1.00,2.25
2017.03.06 17:22:32.463,1.41991,1.42007,1.50,1.50
2017.03.06 17:22:32.513,1.41991,1.42005,1.00,1.00
2017.03.06 17:22:33.020,1.4199,1.42005,1.30,1.12
2017.03.06 17:22:33.684,1.41988,1.42005,2.10,1.12
2017.03.06 17:22:34.570,1.41989,1.42005,2.25,1.12
2017.03.06 17:22:34.671,1.41989,1.42004,1.50,1.00
2017.03.06 17:22:35.177,1.41989,1.42005,1.00,1.87
2017.03.06 17:22:35.708,1.41988,1.42005,1.35,1.87
2017.03.06 17:22:36.222,1.41988,1.42005,1.35,1.87
2017.03.06 17:22:38.529,1.41987,1.42003,1.72,1.00
2017.03.06 17:22:38.580,1.41987,1.42003,1.30,1.12
2017.03.06 17:22:39.796,1.41988,1.42003,1.00,1.12
2017.03.06 17:22:40.489,1.41989,1.42003,1.50,1.12
2017.03.06 17:22:40.540,1.41992,1.42006,1.00,2.25
2017.03.06 17:22:40.692,1.41992,1.42006,1.00,1.50
2017.03.06 17:22:40.876,1.4199,1.42006,1.00,2.25
2017.03.06 17:22:41.289,1.41989,1.42005,1.30,1.50
2017.03.06 17:22:45.412,1.41988,1.42004,1.22,1.00
2017.03.06 17:22:46.161,1.41988,1.42005,1.22,1.50
2017.03.06 17:22:47.176,1.41988,1.42004,1.22,1.00
2017.03.06 17:22:49.928,1.41988,1.42005,1.22,1.50
2017.03.06 17:22:50.676,1.41988,1.42003,1.22,1.00
2017.03.06 17:22:52.222,1.41989,1.42004,1.30,1.00
2017.03.06 17:22:52.720,1.41988,1.42002,1.22,1.00
2017.03.06 17:22:52.771,1.41986,1.42001,1.22,1.00
2017.03.06 17:22:52.822,1.41986,1.41999,1.22,1.12
2017.03.06 17:22:53.025,1.41983,1.41997,1.00,1.00
2017.03.06 17:22:53.530,1.41981,1.41997,1.72,1.00
2017.03.06 17:22:59.781,1.41981,1.41997,1.72,1.12
2017.03.06 17:23:00.480,1.41982,1.41997,1.00,1.12
2017.03.06 17:23:02.632,1.41984,1.41997,1.00,1.12
2017.03.06 17:23:08.659,1.41984,1.42,1.12,2.62
2017.03.06 17:23:08.710,1.41985,1.42,1.75,1.12
2017.03.06 17:23:08.811,1.41985,1.42,1.37,1.12
2017.03.06 17:23:10.597,1.41985,1.42,1.75,1.00
2017.03.06 17:23:10.900,1.41986,1.42,1.12,1.00
2017.03.06 17:23:12.252,1.41984,1.42,1.00,1.12
2017.03.06 17:23:12.536,1.41984,1.42,1.50,1.12
2017.03.06 17:23:13.071,1.41983,1.41996,1.12,1.00
2017.03.06 17:23:13.122,1.41983,1.41998,1.00,1.00
2017.03.06 17:23:13.172,1.41981,1.41996,1.87,1.00
2017.03.06 17:23:13.476,1.41981,1.41996,1.87,1.00
2017.03.06 17:23:13.823,1.41981,1.41997,4.87,1.00
2017.03.06 17:23:14.142,1.41981,1.41995,4.87,1.00
2017.03.06 17:23:14.234,1.41981,1.41997,4.87,1.00
2017.03.06 17:23:15.912,1.41983,1.41998,1.75,1.50
2017.03.06 17:23:17.084,1.41984,1.41998,2.25,1.00
2017.03.06 17:23:17.135,1.41984,1.41998,2.25,1.00
2017.03.06 17:23:17.654,1.41985,1.41998,1.00,1.00
2017.03.06 17:23:21.941,1.41984,1.41998,1.50,1.00
2017.03.06 17:23:23.736,1.41985,1.41998,1.00,1.00
2017.03.06 17:23:24.317,1.41986,1.41998,1.00,1.00
2017.03.06 17:23:25.520,1.41984,1.41998,1.50,1.00
2017.03.06 17:23:26.658,1.41986,1.41998,1.00,1.00
2017.03.06 17:23:27.994,1.41985,1.41998,1.00,1.00
2017.03.06 17:23:30.311,1.41984,1.41998,1.00,1.00
2017.03.06 17:23:30.816,1.41985,1.41998,1.00,1.00
2017.03.06 17:23:31.323,1.41986,1.41998,1.00,1.00
2017.03.06 17:23:31.475,1.41986,1.42001,1.50,1.87
2017.03.06 17:23:42.871,1.41987,1.42003,1.37,1.00
2017.03.06 17:23:46.218,1.41988,1.42003,1.00,1.50
2017.03.06 17:23:48.210,1.41987,1.42003,1.00,2.25
2017.03.06 17:23:49.042,1.41988,1.42002,1.00,1.12
2017.03.06 17:23:49.591,1.41987,1.41999,1.00,1.00
2017.03.06 17:23:49.692,1.41986,1.42002,1.00,1.87
2017.03.06 17:23:49.743,1.41987,1.42002,2.25,1.12
2017.03.06 17:23:50.094,1.41988,1.42004,1.50,1.00
2017.03.06 17:23:50.347,1.41989,1.42002,1.00,1.00
2017.03.06 17:23:50.854,1.4199,1.42002,1.00,1.00
2017.03.06 17:23:51.178,1.41988,1.42002,1.87,1.00
2017.03.06 17:23:51.716,1.41988,1.42003,1.87,1.00
2017.03.06 17:23:52.739,1.41988,1.42004,1.87,1.50
2017.03.06 17:23:59.794,1.41989,1.42006,2.25,2.62
2017.03.06 17:24:02.261,1.41992,1.42008,1.75,2.25
2017.03.06 17:24:02.312,1.41992,1.42008,2.25,1.87
2017.03.06 17:24:02.773,1.41993,1.42008,1.00,1.00
2017.03.06 17:24:02.925,1.41993,1.42006,1.00,1.00
2017.03.06 17:24:10.064,1.41992,1.42006,1.00,1.00
2017.03.06 17:24:10.165,1.4199,1.42006,3.00,1.00
2017.03.06 17:24:10.424,1.41993,1.42006,1.00,1.00
2017.03.06 17:24:13.154,1.41992,1.42006,1.00,1.00
2017.03.06 17:24:13.523,1.4199,1.42004,1.50,1.00
2017.03.06 17:24:13.624,1.41989,1.42006,1.50,2.06
2017.03.06 17:24:13.725,1.41988,1.42003,1.12,2.25
2017.03.06 17:24:14.067,1.41986,1.42001,1.12,1.50
2017.03.06 17:24:14.521,1.41991,1.42001,1.00,1.00
2017.03.06 17:24:22.315,1.41991,1.42004,1.00,1.80
2017.03.06 17:24:22.366,1.41991,1.42005,1.50,1.00
2017.03.06 17:24:22.881,1.41991,1.42006,2.25,1.50
2017.03.06 17:24:23.400,1.41992,1.42005,1.50,1.00
2017.03.06 17:24:24.468,1.41992,1.42006,1.50,1.50
2017.03.06 17:24:25.019,1.41992,1.42005,1.50,1.00
2017.03.06 17:24:25.667,1.41992,1.42006,1.50,1.00
2017.03.06 17:24:26.395,1.41993,1.42009,1.12,1.50
2017.03.06 17:24:26.738,1.41993,1.42006,1.12,1.00
2017.03.06 17:24:29.565,1.41993,1.42008,2.25,1.50
2017.03.06 17:24:29.768,1.41995,1.42008,1.50,1.00
2017.03.06 17:24:30.071,1.41998,1.42011,1.00,1.30
2017.03.06 17:24:33.277,1.41997,1.42011,1.00,1.30
2017.03.06 17:24:34.788,1.41997,1.42011,1.12,1.00
2017.03.06 17:24:35.293,1.41997,1.42011,1.50,1.00
2017.03.06 17:24:35.651,1.42,1.42013,1.50,1.00
2017.03.06 17:24:35.803,1.42001,1.42018,1.12,3.37
2017.03.06 17:24:36.007,1.42001,1.42018,1.50,2.74
2017.03.06 17:24:36.546,1.42001,1.42017,1.00,2.74
2017.03.06 17:24:37.326,1.42,1.42017,1.12,2.74
2017.03.06 17:24:41.645,1.42001,1.42015,1.00,1.30
2017.03.06 17:24:43.293,1.42002,1.42017,1.00,1.12
2017.03.06 17:24:45.683,1.42,1.42017,1.12,1.12
2017.03.06 17:24:46.541,1.42001,1.42017,1.00,1.12
2017.03.06 17:24:46.693,1.42001,1.42017,1.50,1.00
2017.03.06 17:24:48.498,1.42004,1.42018,1.00,1.00
2017.03.06 17:24:48.549,1.42004,1.4202,1.00,1.12
2017.03.06 17:24:48.701,1.42011,1.42023,1.00,5.80
2017.03.06 17:24:48.809,1.42012,1.42023,1.00,3.00
2017.03.06 17:24:48.860,1.42014,1.42026,1.00,1.37
2017.03.06 17:24:48.911,1.42014,1.42027,1.12,1.00
2017.03.06 17:24:48.962,1.42015,1.42027,1.37,1.00
2017.03.06 17:24:49.064,1.42015,1.42029,1.75,1.50
2017.03.06 17:24:49.571,1.42015,1.4203,1.75,1.00
2017.03.06 17:24:49.824,1.42012,1.42026,1.12,1.00
2017.03.06 17:24:49.875,1.42012,1.42029,1.87,1.50
2017.03.06 17:24:49.926,1.42014,1.42031,1.00,2.25
2017.03.06 17:24:50.192,1.42015,1.42029,1.37,1.00
2017.03.06 17:24:50.345,1.42015,1.42032,1.87,1.00
2017.03.06 17:24:50.500,1.42017,1.4203,1.00,1.00
2017.03.06 17:24:50.957,1.42017,1.42032,1.00,1.12
2017.03.06 17:24:51.111,1.42018,1.42034,1.00,1.00
2017.03.06 17:24:51.621,1.42017,1.42033,1.00,1.00
2017.03.06 17:24:52.146,1.42017,1.42032,1.00,1.00
2017.03.06 17:24:52.407,1.42015,1.42033,1.50,1.50
2017.03.06 17:24:52.925,1.42015,1.42032,1.50,1.00
2017.03.06 17:24:53.477,1.42016,1.42031,1.00,1.00
2017.03.06 17:24:53.943,1.42014,1.42029,1.37,1.00
2017.03.06 17:24:54.095,1.42016,1.42031,1.00,1.00
2017.03.06 17:24:54.246,1.42016,1.42029,1.00,1.00
2017.03.06 17:24:54.762,1.42014,1.42031,1.37,1.00
2017.03.06 17:24:55.473,1.42016,1.42031,1.00,1.00
2017.03.06 17:24:55.676,1.42016,1.42029,1.00,1.00
2017.03.06 17:24:55.727,1.42016,1.42031,1.00,1.00
2017.03.06 17:24:56.261,1.42013,1.42029,2.25,1.00
2017.03.06 17:24:56.362,1.42013,1.42031,2.25,1.00
2017.03.06 17:24:56.895,1.42015,1.42032,1.12,2.25
2017.03.06 17:24:57.433,1.42015,1.42031,1.12,1.12
2017.03.06 17:24:57.939,1.42016,1.42032,1.00,1.87
2017.03.06 17:24:58.446,1.42015,1.42033,1.87,3.37
2017.03.06 17:24:58.969,1.42016,1.42033,1.00,2.62
2017.03.06 17:24:59.899,1.42016,1.42033,1.87,1.37
2017.03.06 17:25:01.021,1.42015,1.4203,1.00,1.00
2017.03.06 17:25:01.392,1.42018,1.42029,1.00,1.00
2017.03.06 17:25:01.443,1.42014,1.42028,1.00,1.00
2017.03.06 17:25:01.545,1.42015,1.42031,1.00,2.25
2017.03.06 17:25:01.647,1.42015,1.42029,1.00,1.00
2017.03.06 17:25:01.899,1.42011,1.42029,2.62,1.00
2017.03.06 17:25:02.407,1.42011,1.42028,1.87,1.00
2017.03.06 17:25:03.278,1.42011,1.42027,1.75,1.12
2017.03.06 17:25:03.329,1.4201,1.42027,1.87,1.00
2017.03.06 17:25:04.231,1.42012,1.42027,1.00,1.00
2017.03.06 17:25:05.122,1.42011,1.42027,1.12,1.00
2017.03.06 17:25:06.128,1.42012,1.42028,1.00,1.12
2017.03.06 17:25:06.240,1.4201,1.42027,1.00,1.12
2017.03.06 17:25:06.291,1.42009,1.42025,1.12,1.00
2017.03.06 17:25:06.595,1.4201,1.42026,1.50,1.00
2017.03.06 17:25:06.949,1.42009,1.42025,1.12,1.50
2017.03.06 17:25:07.050,1.42008,1.42025,1.75,1.37
2017.03.06 17:25:07.152,1.42009,1.42024,1.00,1.12
2017.03.06 17:25:07.203,1.42007,1.42025,1.87,1.50
2017.03.06 17:25:07.304,1.42011,1.42026,1.00,1.75
2017.03.06 17:25:07.557,1.42007,1.42025,2.25,1.50
2017.03.06 17:25:07.659,1.42007,1.42025,2.25,1.50
2017.03.06 17:25:09.598,1.42008,1.42026,1.75,1.50
2017.03.06 17:25:09.649,1.42008,1.42026,1.50,1.50
2017.03.06 17:25:09.750,1.42011,1.42026,1.37,1.00
2017.03.06 17:25:09.852,1.42011,1.42028,1.50,1.00
2017.03.06 17:25:13.164,1.42013,1.4203,1.50,2.25
2017.03.06 17:25:13.316,1.42013,1.42029,1.00,4.12
2017.03.06 17:25:14.430,1.42013,1.42026,1.00,1.00
2017.03.06 17:25:14.934,1.42012,1.42026,1.12,1.00
2017.03.06 17:25:15.451,1.42013,1.42026,1.00,1.00
2017.03.06 17:25:15.961,1.42012,1.42028,1.12,2.25
2017.03.06 17:25:16.658,1.42011,1.42028,1.00,3.37
2017.03.06 17:25:16.759,1.42011,1.42027,1.00,1.81
2017.03.06 17:25:16.862,1.42013,1.42027,1.00,1.00
2017.03.06 17:25:18.230,1.42013,1.4203,1.50,1.69
2017.03.06 17:25:18.754,1.42012,1.4203,1.87,3.56
2017.03.06 17:25:19.333,1.42012,1.4203,2.62,2.62
2017.03.06 17:25:22.406,1.42013,1.42029,1.00,1.75
2017.03.06 17:25:26.763,1.42012,1.42029,1.87,1.75
2017.03.06 17:25:27.247,1.42012,1.42029,1.87,1.31
2017.03.06 17:25:27.670,1.42014,1.42029,1.00,1.31
2017.03.06 17:25:28.625,1.42013,1.42029,1.00,1.31
2017.03.06 17:25:30.747,1.42012,1.42029,1.87,1.31
2017.03.06 17:25:31.317,1.42011,1.42026,1.87,1.00
2017.03.06 17:25:31.823,1.42011,1.42028,1.87,2.62
2017.03.06 17:25:34.179,1.42011,1.42027,1.12,1.50
2017.03.06 17:25:34.702,1.4201,1.42026,1.00,1.12
2017.03.06 17:25:35.348,1.42012,1.42027,1.00,2.25
2017.03.06 17:25:35.944,1.42011,1.42026,1.00,1.00
2017.03.06 17:25:40.476,1.42014,1.42026,1.00,1.25
2017.03.06 17:25:41.029,1.42013,1.42028,1.00,1.31
2017.03.06 17:25:41.554,1.42014,1.42028,1.00,1.31
2017.03.06 17:25:42.234,1.42011,1.42028,2.62,1.31
2017.03.06 17:25:42.337,1.42013,1.42027,1.00,1.37
2017.03.06 17:25:42.867,1.42014,1.4203,1.00,2.62
2017.03.06 17:25:43.441,1.42014,1.4203,1.00,1.69
2017.03.06 17:25:46.034,1.42013,1.42028,1.00,1.25
2017.03.06 17:25:48.468,1.42013,1.42027,1.00,1.00
2017.03.06 17:25:50.236,1.42013,1.42028,1.00,1.25
2017.03.06 17:25:51.767,1.42014,1.42028,1.00,1.25
2017.03.06 17:25:51.920,1.42011,1.42026,1.00,1.87
2017.03.06 17:25:51.971,1.42008,1.42023,1.75,1.31
2017.03.06 17:25:52.123,1.42006,1.4202,1.00,1.12
2017.03.06 17:25:52.174,1.42003,1.42019,2.25,1.00
2017.03.06 17:25:52.224,1.42003,1.42017,1.12,1.12
2017.03.06 17:25:52.326,1.42001,1.42016,1.12,1.25
2017.03.06 17:25:52.478,1.42001,1.42016,1.00,1.12
2017.03.06 17:25:52.579,1.42001,1.42018,1.87,1.69
2017.03.06 17:25:53.126,1.42001,1.42017,1.00,1.12
2017.03.06 17:25:53.177,1.42001,1.42016,1.00,1.87
2017.03.06 17:26:00.801,1.42,1.42017,1.12,1.75
2017.03.06 17:26:02.057,1.42,1.42016,1.75,1.50
2017.03.06 17:26:02.628,1.42004,1.42019,1.00,1.75
2017.03.06 17:26:02.831,1.42008,1.42023,1.00,1.62
2017.03.06 17:26:02.932,1.42006,1.42023,1.00,1.56
2017.03.06 17:26:03.286,1.42006,1.42025,1.00,3.94
2017.03.06 17:26:03.387,1.42006,1.42025,1.50,3.94
2017.03.06 17:26:04.092,1.42008,1.42025,1.00,2.81
2017.03.06 17:26:05.850,1.42006,1.42024,2.25,1.00
2017.03.06 17:26:08.842,1.42007,1.42025,1.12,3.56
2017.03.06 17:26:09.379,1.42007,1.42025,1.50,3.75
2017.03.06 17:26:10.165,1.42007,1.42025,1.87,3.56
2017.03.06 17:26:15.856,1.42008,1.42025,1.00,2.81
2017.03.06 17:26:17.031,1.42009,1.42026,1.87,1.69
2017.03.06 17:26:17.082,1.42009,1.42026,2.62,1.12
2017.03.06 17:26:17.184,1.42009,1.42026,1.87,1.12
2017.03.06 17:26:17.285,1.42009,1.42027,2.62,2.25
2017.03.06 17:26:19.369,1.42012,1.42028,1.00,2.06
2017.03.06 17:26:19.622,1.42015,1.42032,1.50,2.06
2017.03.06 17:26:20.452,1.42016,1.42032,1.00,2.06
2017.03.06 17:26:21.038,1.42016,1.42032,1.50,2.06
2017.03.06 17:26:23.637,1.42013,1.42031,1.75,1.75
2017.03.06 17:26:25.048,1.42012,1.4203,3.00,2.25
2017.03.06 17:26:25.149,1.42012,1.4203,2.25,2.25
2017.03.06 17:26:27.849,1.42012,1.42029,2.25,1.37
2017.03.06 17:26:29.178,1.42011,1.42021,1.12,1.00
2017.03.06 17:26:29.280,1.42005,1.4202,1.00,1.00
2017.03.06 17:26:29.381,1.42003,1.42021,2.25,2.62
2017.03.06 17:26:29.432,1.42007,1.42022,1.12,2.25
2017.03.06 17:26:29.534,1.42007,1.42023,1.00,1.50
2017.03.06 17:26:29.736,1.42008,1.42021,1.00,1.00
2017.03.06 17:26:30.542,1.42007,1.42024,2.25,1.56
2017.03.06 17:26:31.497,1.42009,1.42025,1.00,3.00
2017.03.06 17:26:32.348,1.42007,1.42023,1.12,1.56
2017.03.06 17:26:32.399,1.42006,1.42023,1.12,2.06
2017.03.06 17:26:32.500,1.42006,1.42023,1.12,2.06
2017.03.06 17:26:33.254,1.42005,1.42021,1.50,1.12
2017.03.06 17:26:33.932,1.42005,1.42021,1.00,1.37
2017.03.06 17:26:35.423,1.42004,1.4202,1.12,1.12
2017.03.06 17:26:36.526,1.42005,1.42021,1.00,1.87
2017.03.06 17:26:37.569,1.42003,1.4202,3.00,1.12
2017.03.06 17:26:40.101,1.42005,1.42021,1.00,1.37
2017.03.06 17:26:40.881,1.42004,1.4202,1.12,1.12
2017.03.06 17:26:51.008,1.42007,1.42022,1.00,2.06
2017.03.06 17:26:51.311,1.42005,1.42022,1.12,3.19
2017.03.06 17:26:52.462,1.42005,1.42021,1.37,1.37
2017.03.06 17:26:52.969,1.42005,1.42021,1.00,1.87
2017.03.06 17:26:53.484,1.42005,1.42021,1.50,1.87
2017.03.06 17:26:53.788,1.42005,1.42021,1.50,1.00
2017.03.06 17:26:54.954,1.42007,1.42023,1.00,1.87
2017.03.06 17:26:55.005,1.42009,1.42023,1.00,1.87
2017.03.06 17:26:55.106,1.42008,1.42023,1.00,1.00
2017.03.06 17:26:55.359,1.42007,1.42021,1.50,1.00
2017.03.06 17:26:55.663,1.42009,1.42021,1.00,1.00
2017.03.06 17:26:57.976,1.42009,1.42023,1.00,1.12
2017.03.06 17:26:58.280,1.42009,1.42021,1.00,1.00
2017.03.06 17:26:58.381,1.42007,1.42021,1.50,1.00
2017.03.06 17:26:59.345,1.42006,1.42021,1.00,1.50
2017.03.06 17:27:02.302,1.42007,1.42022,1.00,1.62
2017.03.06 17:27:02.998,1.42006,1.42022,1.50,1.69
2017.03.06 17:27:04.024,1.42008,1.42023,1.00,2.62
2017.03.06 17:27:04.535,1.42008,1.42023,1.00,1.87
2017.03.06 17:27:05.221,1.42009,1.42023,1.00,1.87
2017.03.06 17:27:06.074,1.42006,1.42023,1.87,2.06
2017.03.06 17:27:06.814,1.42007,1.42022,1.00,1.25
2017.03.06 17:27:07.852,1.42006,1.42022,1.50,1.31
2017.03.06 17:27:08.438,1.42006,1.42021,1.00,1.00
2017.03.06 17:27:14.155,1.42006,1.42022,1.00,1.31
2017.03.06 17:27:17.463,1.42006,1.42023,1.37,1.37
2017.03.06 17:27:17.666,1.42009,1.42025,1.00,2.25
2017.03.06 17:27:18.020,1.42011,1.42024,1.00,1.37
2017.03.06 17:27:18.121,1.42011,1.42026,1.00,2.25
2017.03.06 17:27:19.009,1.4201,1.42026,1.00,1.50
2017.03.06 17:27:19.912,1.4201,1.42026,1.00,2.25
2017.03.06 17:27:22.531,1.42008,1.42023,2.25,1.37
2017.03.06 17:27:22.633,1.42006,1.4202,1.00,1.12
2017.03.06 17:27:22.735,1.42008,1.42021,1.00,1.00
2017.03.06 17:27:23.305,1.42008,1.42023,1.00,1.37
2017.03.06 17:27:24.289,1.42009,1.42024,1.00,1.37
2017.03.06 17:27:24.441,1.42009,1.42026,1.12,2.06
2017.03.06 17:27:24.593,1.42009,1.42025,1.12,2.25
2017.03.06 17:27:26.247,1.42008,1.42023,1.00,1.00
2017.03.06 17:27:26.643,1.42008,1.42023,1.75,1.00
2017.03.06 17:27:27.875,1.42008,1.42024,1.87,1.12
2017.03.06 17:27:30.279,1.42007,1.42024,1.87,1.12
2017.03.06 17:27:30.330,1.42008,1.42022,1.12,1.00
2017.03.06 17:27:30.635,1.42013,1.4203,1.00,4.87
2017.03.06 17:27:30.685,1.42013,1.42029,1.00,1.50
2017.03.06 17:27:31.869,1.42013,1.42028,1.00,1.37
2017.03.06 17:27:32.400,1.4201,1.42026,2.62,1.00
2017.03.06 17:27:32.501,1.4201,1.42027,1.87,1.56
2017.03.06 17:27:33.100,1.42009,1.42027,2.25,3.75
2017.03.06 17:27:33.786,1.42009,1.42027,2.25,3.00
2017.03.06 17:27:34.885,1.42011,1.42027,1.00,1.12
2017.03.06 17:27:36.907,1.42012,1.42028,1.00,1.50
2017.03.06 17:27:37.882,1.42013,1.42028,1.00,1.37
2017.03.06 17:27:41.493,1.42012,1.42028,1.50,1.37
2017.03.06 17:27:44.189,1.42012,1.42029,2.25,2.25
2017.03.06 17:27:45.409,1.42014,1.42031,1.87,1.87
2017.03.06 17:27:45.510,1.42014,1.4203,1.37,1.50
2017.03.06 17:27:45.935,1.42011,1.42028,3.00,1.50
2017.03.06 17:27:46.036,1.42011,1.42029,2.62,2.25
2017.03.06 17:27:46.087,1.42011,1.42029,1.87,3.00
2017.03.06 17:27:46.390,1.42013,1.42029,1.00,2.62
2017.03.06 17:27:47.916,1.42014,1.4203,1.00,1.75
2017.03.06 17:27:48.721,1.42014,1.4203,1.37,1.75
2017.03.06 17:27:56.368,1.42013,1.4203,1.00,2.25
2017.03.06 17:28:00.025,1.42012,1.4203,2.25,2.25
2017.03.06 17:28:05.434,1.42013,1.4203,2.25,1.87
2017.03.06 17:28:07.636,1.42015,1.42031,1.50,1.75
2017.03.06 17:28:07.838,1.42015,1.42031,1.12,1.12
2017.03.06 17:28:08.367,1.42015,1.42032,1.12,2.62
2017.03.06 17:28:09.970,1.42016,1.42032,1.00,2.62
2017.03.06 17:28:10.388,1.42014,1.42029,2.62,1.25
2017.03.06 17:28:11.268,1.42016,1.42029,1.00,1.25
2017.03.06 17:28:11.319,1.42014,1.42029,1.87,1.25
2017.03.06 17:28:11.369,1.42016,1.42029,1.00,1.25
2017.03.06 17:28:11.548,1.42014,1.42029,1.87,1.25
2017.03.06 17:28:12.134,1.42014,1.42029,1.87,1.37
2017.03.06 17:28:16.003,1.42016,1.42029,1.00,1.62
2017.03.06 17:28:16.509,1.42017,1.42031,1.00,1.75
2017.03.06 17:28:17.105,1.42016,1.42031,1.00,1.75
2017.03.06 17:28:23.265,1.42016,1.42029,1.00,1.50
2017.03.06 17:28:23.798,1.42015,1.42031,1.00,1.75
2017.03.06 17:28:24.317,1.42014,1.42031,1.50,1.75
2017.03.06 17:28:26.721,1.42015,1.4203,1.00,1.37
2017.03.06 17:28:27.412,1.42017,1.4203,1.00,1.37
2017.03.06 17:28:27.661,1.42017,1.42033,1.50,1.37
2017.03.06 17:28:29.860,1.42018,1.42033,1.00,1.37
2017.03.06 17:28:29.962,1.42019,1.42035,1.00,2.44
2017.03.06 17:28:30.527,1.42019,1.42035,1.00,2.06
2017.03.06 17:28:31.052,1.42018,1.42035,1.00,3.00
2017.03.06 17:28:31.255,1.42018,1.42035,1.72,2.25
2017.03.06 17:28:31.356,1.42018,1.42035,1.00,3.00
2017.03.06 17:28:35.886,1.4202,1.42035,1.00,3.00
2017.03.06 17:28:36.391,1.42019,1.42033,1.00,1.00
2017.03.06 17:28:36.963,1.42017,1.42033,1.87,1.00
2017.03.06 17:28:38.642,1.42019,1.42035,1.00,1.87
2017.03.06 17:28:39.630,1.42018,1.42035,1.00,2.62
2017.03.06 17:28:40.351,1.42017,1.42034,1.12,1.75
2017.03.06 17:28:40.867,1.42018,1.42034,1.00,1.75
2017.03.06 17:28:41.372,1.42016,1.42034,2.25,2.25
2017.03.06 17:28:41.625,1.42018,1.42034,1.00,1.50
2017.03.06 17:28:41.676,1.4202,1.42035,1.50,1.87
2017.03.06 17:28:42.014,1.42021,1.42039,1.75,3.37
2017.03.06 17:28:42.115,1.42022,1.42039,1.12,3.00
2017.03.06 17:28:42.646,1.42022,1.42039,1.50,1.87
2017.03.06 17:28:45.158,1.42022,1.42038,1.50,1.00
2017.03.06 17:28:46.540,1.42022,1.42039,1.50,1.12
2017.03.06 17:28:47.903,1.42023,1.4204,1.12,3.00
2017.03.06 17:28:49.006,1.42024,1.4204,1.00,1.75
2017.03.06 17:28:49.435,1.42022,1.42037,1.12,1.00
2017.03.06 17:28:49.983,1.42021,1.42037,1.12,1.00
2017.03.06 17:28:51.920,1.4202,1.42035,1.37,1.00
2017.03.06 17:28:52.495,1.4202,1.42035,1.22,1.50
2017.03.06 17:28:52.936,1.42019,1.42035,1.00,1.50
2017.03.06 17:28:55.232,1.42017,1.42035,3.07,2.25
2017.03.06 17:28:56.650,1.42019,1.42035,1.00,1.50
2017.03.06 17:29:00.167,1.42017,1.42035,3.07,1.50
2017.03.06 17:29:00.752,1.42018,1.42035,1.12,1.00
2017.03.06 17:29:01.313,1.42019,1.42035,1.00,1.00
2017.03.06 17:29:02.874,1.42021,1.42035,1.00,1.00
2017.03.06 17:29:03.218,1.42022,1.42039,1.60,1.87
2017.03.06 17:29:03.319,1.42023,1.42039,1.30,1.12
2017.03.06 17:29:03.949,1.42023,1.42038,1.30,1.00
2017.03.06 17:29:07.050,1.42022,1.42037,1.50,1.00
2017.03.06 17:29:07.253,1.4202,1.42035,1.37,1.12
2017.03.06 17:29:07.303,1.42018,1.42035,2.25,1.87
2017.03.06 17:29:07.354,1.42016,1.42031,2.05,1.12
2017.03.06 17:29:07.557,1.42016,1.42033,1.72,1.50
2017.03.06 17:29:07.608,1.42016,1.42033,1.35,1.50
2017.03.06 17:29:09.362,1.42016,1.42032,1.35,1.00
2017.03.06 17:29:10.646,1.42018,1.42035,1.00,1.62
2017.03.06 17:29:10.949,1.42018,1.42031,1.00,1.12
2017.03.06 17:29:11.000,1.42015,1.4203,2.47,1.00
2017.03.06 17:29:11.705,1.42017,1.4203,1.00,1.00
2017.03.06 17:29:12.009,1.42017,1.42033,1.00,2.06
2017.03.06 17:29:12.547,1.42017,1.42033,1.00,2.25
2017.03.06 17:29:20.072,1.42016,1.42034,1.50,2.25
2017.03.06 17:29:22.222,1.42018,1.42032,1.00,1.12
2017.03.06 17:29:22.747,1.42018,1.42034,1.50,1.50
2017.03.06 17:29:23.305,1.42018,1.42032,1.50,1.00
2017.03.06 17:29:23.915,1.42018,1.42033,1.00,1.12
2017.03.06 17:29:24.245,1.42011,1.42025,2.62,1.00
2017.03.06 17:29:24.346,1.4201,1.42025,1.35,1.00
2017.03.06 17:29:24.447,1.4201,1.42027,1.35,2.25
2017.03.06 17:29:24.549,1.4201,1.42027,1.35,2.25
2017.03.06 17:29:25.095,1.4201,1.42027,2.47,1.00
2017.03.06 17:29:25.432,1.4201,1.42027,2.10,1.00
2017.03.06 17:29:25.977,1.4201,1.42026,2.10,1.00
2017.03.06 17:29:28.491,1.4201,1.42024,1.50,1.00
2017.03.06 17:29:28.795,1.42009,1.42022,2.47,1.00
2017.03.06 17:29:28.897,1.42009,1.42024,2.47,1.00
2017.03.06 17:29:29.401,1.4201,1.42023,1.37,1.00
2017.03.06 17:29:29.453,1.4201,1.42021,1.37,1.00
2017.03.06 17:29:30.062,1.42009,1.42021,1.67,1.00
2017.03.06 17:29:30.445,1.42009,1.42023,1.35,1.00
2017.03.06 17:29:31.816,1.42009,1.42024,1.35,1.00
2017.03.06 17:29:31.867,1.42009,1.42024,1.72,1.00
2017.03.06 17:29:32.069,1.42009,1.42026,1.72,1.12
2017.03.06 17:29:32.120,1.42009,1.42024,1.72,1.00
2017.03.06 17:29:32.797,1.42009,1.42025,1.72,1.50
2017.03.06 17:29:33.336,1.42009,1.42024,1.72,1.00
2017.03.06 17:29:33.878,1.42009,1.42025,1.72,1.50
2017.03.06 17:29:34.394,1.42009,1.42024,2.05,1.00
2017.03.06 17:29:35.246,1.42009,1.42021,2.05,1.00
2017.03.06 17:29:35.347,1.42009,1.42023,1.67,1.50
2017.03.06 17:29:35.854,1.42009,1.42025,1.67,2.62
2017.03.06 17:29:36.006,1.42007,1.42024,2.10,1.69
2017.03.06 17:29:42.283,1.42008,1.42022,1.72,1.00
2017.03.06 17:29:46.930,1.42007,1.42024,2.10,1.00
2017.03.06 17:29:48.162,1.42007,1.42023,2.47,1.00
2017.03.06 17:29:48.369,1.42007,1.42023,1.12,1.12
2017.03.06 17:29:50.044,1.42006,1.42022,1.50,1.00
2017.03.06 17:29:51.704,1.42017,1.42025,1.00,2.06
2017.03.06 17:29:51.755,1.42017,1.42025,1.00,1.31
2017.03.06 17:29:51.806,1.42015,1.42031,1.00,1.75
2017.03.06 17:29:51.857,1.42015,1.4203,2.62,1.00
2017.03.06 17:29:51.959,1.42015,1.42032,2.25,1.50
2017.03.06 17:29:52.886,1.42012,1.42027,4.12,1.00
2017.03.06 17:29:53.189,1.42009,1.42021,1.00,2.44
2017.03.06 17:29:53.290,1.42005,1.42019,1.30,1.31
2017.03.06 17:30:05.169,1.42007,1.42024,1.50,3.37
2017.03.06 17:30:05.220,1.42008,1.42024,1.50,1.31
2017.03.06 17:30:05.322,1.42004,1.42018,3.22,1.00
2017.03.06 17:30:05.625,1.42003,1.42018,1.00,1.12
2017.03.06 17:30:06.009,1.42003,1.42016,1.00,1.00
2017.03.06 17:30:06.312,1.42005,1.42019,1.00,2.81
2017.03.06 17:30:08.725,1.42005,1.42019,1.00,1.50
2017.03.06 17:30:09.142,1.42003,1.42018,1.12,1.00
2017.03.06 17:30:09.645,1.42003,1.42019,1.00,1.87
2017.03.06 17:30:09.697,1.42005,1.42019,1.00,1.87
2017.03.06 17:30:10.225,1.42005,1.42018,1.00,1.00
2017.03.06 17:30:10.666,1.42001,1.42018,1.50,1.00
2017.03.06 17:30:11.192,1.42003,1.42018,1.00,1.00
2017.03.06 17:30:11.973,1.42002,1.42017,1.12,1.00
2017.03.06 17:30:12.523,1.42002,1.42016,1.12,1.00
2017.03.06 17:30:13.901,1.42001,1.42018,2.25,1.00
2017.03.06 17:30:14.002,1.42003,1.42018,1.50,1.00
2017.03.06 17:30:14.596,1.42003,1.42019,1.50,1.31
2017.03.06 17:30:15.129,1.42003,1.42019,1.50,1.56
2017.03.06 17:30:15.693,1.42003,1.42019,1.00,1.56
2017.03.06 17:30:16.001,1.42003,1.42019,1.00,1.75
2017.03.06 17:30:16.608,1.42002,1.42019,1.00,1.75
2017.03.06 17:30:16.709,1.42002,1.42019,1.00,1.75
2017.03.06 17:30:17.247,1.42003,1.4202,2.25,1.12
2017.03.06 17:30:17.843,1.42004,1.4202,1.00,1.12
2017.03.06 17:30:18.352,1.42004,1.42021,1.30,1.69
2017.03.06 17:30:19.721,1.42004,1.42021,1.30,1.87
2017.03.06 17:30:21.134,1.42005,1.42021,1.00,1.12
2017.03.06 17:30:21.236,1.42006,1.42023,1.00,1.87
2017.03.06 17:30:21.287,1.42008,1.42024,1.00,1.75
2017.03.06 17:30:21.338,1.42008,1.42023,1.00,1.00
2017.03.06 17:30:21.439,1.42008,1.42023,1.00,1.12
2017.03.06 17:30:21.964,1.42007,1.42023,1.50,1.12
2017.03.06 17:30:22.731,1.42007,1.42023,1.00,1.87
2017.03.06 17:30:22.832,1.42007,1.42023,1.00,1.69
2017.03.06 17:30:23.378,1.42008,1.42023,1.00,1.69
2017.03.06 17:30:24.181,1.42007,1.42024,1.50,2.62
2017.03.06 17:30:25.381,1.42008,1.42022,1.00,1.56
2017.03.06 17:30:25.482,1.42006,1.42022,1.12,1.56
2017.03.06 17:30:26.574,1.42007,1.42024,1.00,2.62
2017.03.06 17:30:26.625,1.42007,1.42023,1.50,1.12
2017.03.06 17:30:26.726,1.42007,1.42024,1.12,1.94
2017.03.06 17:30:27.252,1.42006,1.42023,1.12,1.56
2017.03.06 17:30:27.817,1.42006,1.42021,1.12,1.56
2017.03.06 17:30:28.323,1.42007,1.42022,1.00,1.56
2017.03.06 17:30:28.952,1.42006,1.42022,1.00,1.56
2017.03.06 17:30:29.054,1.42008,1.42024,1.00,2.06
2017.03.06 17:30:30.698,1.42007,1.42023,1.00,1.69
2017.03.06 17:30:39.024,1.42007,1.42022,1.00,1.75
2017.03.06 17:30:40.217,1.42009,1.42023,1.00,1.12
2017.03.06 17:30:40.268,1.42009,1.42023,1.00,1.37
2017.03.06 17:30:40.370,1.42011,1.42024,1.00,1.75
2017.03.06 17:30:40.471,1.42011,1.42024,1.00,1.12
2017.03.06 17:30:40.639,1.42009,1.42024,1.00,1.12
2017.03.06 17:30:41.217,1.4201,1.42024,1.00,1.12
2017.03.06 17:30:43.815,1.42007,1.42024,1.12,1.12
2017.03.06 17:30:44.647,1.42009,1.42026,1.00,3.19
2017.03.06 17:30:46.372,1.42008,1.42024,1.00,1.31
2017.03.06 17:30:47.810,1.42011,1.42025,1.00,1.69
2017.03.06 17:30:48.114,1.42011,1.42029,1.75,2.25
2017.03.06 17:30:48.418,1.4201,1.42028,2.25,2.25
2017.03.06 17:30:52.979,1.4201,1.42027,1.50,1.75
2017.03.06 17:30:53.090,1.42011,1.42028,1.37,1.50
2017.03.06 17:30:53.521,1.42011,1.42027,1.50,1.00
2017.03.06 17:30:57.467,1.42013,1.42027,1.00,1.50
2017.03.06 17:30:58.984,1.42013,1.42028,1.00,1.31
2017.03.06 17:31:00.216,1.42013,1.42027,1.00,1.00
2017.03.06 17:31:00.728,1.42013,1.42029,1.00,1.69
2017.03.06 17:31:01.357,1.42013,1.42027,1.00,1.00
2017.03.06 17:31:01.961,1.42013,1.42029,1.00,1.69
2017.03.06 17:31:02.606,1.42013,1.42029,1.00,1.87
2017.03.06 17:31:03.962,1.42013,1.42028,1.00,1.12
2017.03.06 17:31:04.266,1.42015,1.42027,1.00,1.50
2017.03.06 17:31:04.561,1.42013,1.4203,1.50,2.06
2017.03.06 17:31:05.864,1.42014,1.42029,1.00,1.12
2017.03.06 17:31:06.117,1.42017,1.42031,1.00,1.75
2017.03.06 17:31:06.218,1.42014,1.42031,2.62,1.75
2017.03.06 17:31:06.763,1.42015,1.42032,1.50,1.87
2017.03.06 17:31:07.383,1.42016,1.42032,1.35,1.12
2017.03.06 17:31:08.076,1.42017,1.42032,1.00,1.87
2017.03.06 17:31:08.935,1.42014,1.4203,1.30,1.87
2017.03.06 17:31:09.441,1.42014,1.42029,1.30,1.31
2017.03.06 17:31:09.935,1.42012,1.42029,1.12,2.06
2017.03.06 17:31:14.088,1.42011,1.42028,1.87,1.87
2017.03.06 17:31:15.040,1.42012,1.42028,1.00,1.37
2017.03.06 17:31:15.612,1.42012,1.42025,1.00,1.00
2017.03.06 17:31:15.663,1.42012,1.42028,1.00,1.37
2017.03.06 17:31:18.008,1.42011,1.42028,1.87,1.72
2017.03.06 17:31:23.214,1.42012,1.42027,1.00,1.00
2017.03.06 17:31:24.249,1.42011,1.42027,1.00,1.00
2017.03.06 17:31:25.408,1.42011,1.42029,1.87,1.72
2017.03.06 17:31:25.993,1.42012,1.42029,1.00,1.72
2017.03.06 17:31:26.350,1.42011,1.42027,1.12,1.00
2017.03.06 17:31:31.798,1.4201,1.42025,1.50,1.00
2017.03.06 17:31:32.102,1.42004,1.42017,1.37,1.00
2017.03.06 17:31:32.652,1.42002,1.42016,1.87,1.00
2017.03.06 17:31:32.942,1.42002,1.42018,2.62,1.00
2017.03.06 17:31:33.043,1.42002,1.42016,2.62,1.00
2017.03.06 17:31:33.586,1.42002,1.42016,2.62,1.00
2017.03.06 17:31:34.430,1.42002,1.42017,2.62,1.00
2017.03.06 17:31:34.481,1.42002,1.42019,2.62,1.12
2017.03.06 17:31:36.748,1.42004,1.4202,1.50,1.00
2017.03.06 17:31:45.659,1.42004,1.42019,1.50,1.00
2017.03.06 17:31:46.180,1.42004,1.42019,1.87,1.00
2017.03.06 17:31:46.692,1.42005,1.42019,1.50,1.00
2017.03.06 17:31:47.707,1.42005,1.42019,1.00,1.00
2017.03.06 17:31:48.250,1.42005,1.4202,1.00,1.00
2017.03.06 17:31:49.152,1.42004,1.4202,1.12,1.00
2017.03.06 17:31:52.619,1.42004,1.4202,1.87,1.00
2017.03.06 17:31:53.260,1.42005,1.42019,1.50,1.00
2017.03.06 17:31:53.412,1.42005,1.42021,1.50,1.12
2017.03.06 17:31:54.643,1.42006,1.42022,1.50,1.00
2017.03.06 17:31:54.694,1.42008,1.42023,1.00,1.00
2017.03.06 17:31:55.544,1.42008,1.42022,1.00,1.00
2017.03.06 17:31:56.290,1.42008,1.42024,1.00,1.87
2017.03.06 17:31:56.796,1.42009,1.42026,1.87,1.75
2017.03.06 17:31:57.049,1.42009,1.42027,2.62,1.50
2017.03.06 17:31:57.920,1.42011,1.42027,1.00,1.00
2017.03.06 17:31:58.122,1.42013,1.42027,1.00,1.00
2017.03.06 17:32:00.013,1.42012,1.4203,1.87,2.62
2017.03.06 17:32:00.552,1.42013,1.4203,1.00,1.31
2017.03.06 17:32:01.124,1.42013,1.42029,1.50,1.56
2017.03.06 17:32:10.645,1.42011,1.42027,1.50,1.00
2017.03.06 17:32:10.696,1.4201,1.42028,1.87,1.69
2017.03.06 17:32:10.797,1.4201,1.42025,1.00,1.00
2017.03.06 17:32:11.543,1.4201,1.42026,1.00,1.12
2017.03.06 17:32:12.830,1.4201,1.42025,1.00,1.00
2017.03.06 17:32:16.577,1.42009,1.42025,1.12,1.00
2017.03.06 17:32:17.231,1.42007,1.42026,3.00,2.25
2017.03.06 17:32:17.521,1.42005,1.42021,1.00,1.50
2017.03.06 17:32:18.668,1.42005,1.42021,1.00,1.12
2017.03.06 17:32:19.160,1.42004,1.42021,1.12,2.06
2017.03.06 17:32:19.691,1.42003,1.42019,1.50,1.00
2017.03.06 17:32:22.500,1.42002,1.42019,1.87,1.00
2017.03.06 17:32:23.017,1.42003,1.42019,1.00,1.00
2017.03.06 17:32:24.702,1.42,1.42018,2.25,1.00
2017.03.06 17:32:25.045,1.41998,1.42014,1.50,1.37
2017.03.06 17:32:27.832,1.41998,1.42015,1.50,1.50
2017.03.06 17:32:28.418,1.41999,1.42016,1.12,1.50
2017.03.06 17:32:29.042,1.42,1.42016,1.00,1.50
2017.03.06 17:32:31.454,1.41999,1.42015,1.00,1.12
2017.03.06 17:32:32.376,1.41999,1.42014,1.00,1.00
2017.03.06 17:32:34.235,1.42,1.42014,1.00,1.00
2017.03.06 17:32:38.781,1.42,1.42015,1.00,1.12
2017.03.06 17:32:39.938,1.42,1.42014,1.00,1.00
2017.03.06 17:32:40.903,1.41999,1.42015,1.00,1.12
2017.03.06 17:32:45.324,1.41999,1.42016,1.12,1.00
2017.03.06 17:32:46.142,1.41999,1.42015,1.12,1.00
2017.03.06 17:32:49.950,1.42,1.42015,1.00,1.00
2017.03.06 17:32:51.206,1.41999,1.42015,1.12,1.00
2017.03.06 17:32:52.116,1.42,1.42015,1.00,1.00
2017.03.06 17:32:52.863,1.42,1.42014,1.00,1.00
2017.03.06 17:32:53.373,1.41999,1.42015,1.50,1.00
2017.03.06 17:32:56.901,1.42,1.42014,1.00,1.00
2017.03.06 17:32:57.053,1.42,1.42016,1.00,1.12
2017.03.06 17:32:57.797,1.42,1.42015,1.12,1.00
2017.03.06 17:32:58.186,1.42,1.42017,1.12,1.12
2017.03.06 17:32:59.674,1.42001,1.42017,1.00,2.62
2017.03.06 17:33:00.611,1.42,1.42017,1.12,1.87
2017.03.06 17:33:01.158,1.42001,1.42017,1.00,1.50
2017.03.06 17:33:01.879,1.42001,1.42017,1.00,1.00
2017.03.06 17:33:04.291,1.42001,1.42016,1.00,1.00
2017.03.06 17:33:07.310,1.42004,1.42016,1.00,1.00
2017.03.06 17:33:07.361,1.42001,1.42016,1.50,1.00
2017.03.06 17:33:07.864,1.42002,1.42017,1.00,1.00
2017.03.06 17:33:12.596,1.42002,1.42016,1.00,1.00
2017.03.06 17:33:14.786,1.42002,1.42016,1.37,1.00
2017.03.06 17:33:15.926,1.42002,1.42016,1.00,1.00
2017.03.06 17:33:16.538,1.42001,1.42017,1.87,1.00
2017.03.06 17:33:19.033,1.42001,1.42018,1.87,1.31
2017.03.06 17:33:20.166,1.42002,1.42018,1.00,1.31
2017.03.06 17:33:20.318,1.42006,1.42018,1.00,1.00
2017.03.06 17:33:20.868,1.42006,1.42019,1.00,1.00
2017.03.06 17:33:23.534,1.42005,1.42019,1.00,1.50
2017.03.06 17:33:24.216,1.42005,1.42016,1.00,1.00
2017.03.06 17:33:25.851,1.42005,1.42017,1.00,1.00
2017.03.06 17:33:30.388,1.42005,1.42018,1.00,1.00
2017.03.06 17:33:30.692,1.42009,1.42024,1.50,2.62
2017.03.06 17:33:30.743,1.42009,1.42027,1.87,3.94
2017.03.06 17:33:31.256,1.42011,1.42027,1.00,1.31
2017.03.06 17:33:31.561,1.42013,1.42027,1.00,1.31
2017.03.06 17:33:31.612,1.42013,1.42027,1.00,1.31
2017.03.06 17:33:32.067,1.4201,1.42026,1.75,1.37
2017.03.06 17:33:32.587,1.42011,1.42024,1.50,1.00
2017.03.06 17:33:33.480,1.42011,1.42026,1.50,1.00
2017.03.06 17:33:33.987,1.42011,1.42026,1.12,1.00
2017.03.06 17:33:34.291,1.42012,1.42028,1.00,1.50
2017.03.06 17:33:35.033,1.42011,1.42027,1.37,1.00
2017.03.06 17:33:35.567,1.4201,1.42027,1.87,1.00
2017.03.06 17:33:36.251,1.4201,1.42026,1.87,1.00
2017.03.06 17:33:36.783,1.42009,1.42027,1.87,1.50
2017.03.06 17:33:37.329,1.4201,1.42026,1.00,1.00
2017.03.06 17:33:38.363,1.4201,1.42027,1.50,1.87
2017.03.06 17:33:38.972,1.4201,1.42026,2.25,1.00
2017.03.06 17:33:39.497,1.4201,1.42027,2.25,1.12
2017.03.06 17:33:40.085,1.4201,1.42026,2.25,1.00
2017.03.06 17:33:40.615,1.4201,1.42026,2.62,1.00
2017.03.06 17:33:41.020,1.42011,1.42028,1.87,1.00
2017.03.06 17:33:41.779,1.42011,1.42027,1.87,1.00
2017.03.06 17:33:42.164,1.42014,1.42029,1.00,1.00
2017.03.06 17:33:42.316,1.42014,1.42031,1.37,1.00
2017.03.06 17:33:42.468,1.42012,1.42028,1.00,1.00
2017.03.06 17:33:43.046,1.42011,1.42028,1.12,1.12
2017.03.06 17:33:43.624,1.4201,1.42026,2.62,1.00
2017.03.06 17:33:44.179,1.4201,1.42027,2.62,1.00
2017.03.06 17:33:44.715,1.4201,1.42028,2.62,1.12
2017.03.06 17:33:46.981,1.42013,1.4203,1.00,1.12
2017.03.06 17:33:47.486,1.42012,1.42028,1.12,1.00
2017.03.06 17:33:48.009,1.42011,1.42029,1.87,2.25
2017.03.06 17:33:48.377,1.42011,1.42027,1.87,1.00
2017.03.06 17:33:48.680,1.42019,1.42035,1.00,1.75
2017.03.06 17:33:49.967,1.42019,1.42036,1.00,2.62
2017.03.06 17:33:50.556,1.42019,1.42036,1.50,1.75
2017.03.06 17:33:55.160,1.42021,1.42037,1.00,2.62
2017.03.06 17:33:55.211,1.42024,1.42037,1.50,1.12
2017.03.06 17:33:55.262,1.42025,1.42039,1.50,1.50
2017.03.06 17:33:55.313,1.42029,1.42042,1.00,1.75
2017.03.06 17:33:55.364,1.42029,1.42045,1.00,1.31
2017.03.06 17:33:55.465,1.42029,1.42044,1.00,1.94
2017.03.06 17:33:55.516,1.42026,1.42044,2.62,2.06
2017.03.06 17:33:56.050,1.42026,1.42044,1.50,2.44
2017.03.06 17:33:56.950,1.42028,1.42044,1.00,1.12
2017.03.06 17:33:57.540,1.42027,1.42044,1.12,1.12
2017.03.06 17:34:03.861,1.42027,1.42045,2.25,2.06
2017.03.06 17:34:03.963,1.42027,1.42045,2.62,1.31
2017.03.06 17:34:04.502,1.42027,1.42044,1.87,1.00
2017.03.06 17:34:05.065,1.42027,1.42045,2.62,1.31
2017.03.06 17:34:20.175,1.42033,1.42047,1.00,1.37
2017.03.06 17:34:20.479,1.42035,1.42052,1.12,3.75
2017.03.06 17:34:21.964,1.42034,1.42051,2.25,1.75
2017.03.06 17:34:25.067,1.42034,1.42051,2.25,1.50
2017.03.06 17:34:31.186,1.42033,1.42051,1.75,1.75
2017.03.06 17:34:39.731,1.42029,1.42041,3.00,1.12
2017.03.06 17:34:39.833,1.42027,1.4204,1.12,1.37
2017.03.06 17:34:39.934,1.42024,1.42039,1.50,1.37
2017.03.06 17:34:39.985,1.42025,1.4204,1.12,1.00
2017.03.06 17:34:41.333,1.42025,1.42042,1.87,2.25
2017.03.06 17:34:42.211,1.42025,1.42042,1.37,2.25
2017.03.06 17:34:44.320,1.42025,1.42041,1.12,1.00
2017.03.06 17:34:45.059,1.42025,1.42042,1.12,1.87
2017.03.06 17:34:46.187,1.42027,1.42042,1.00,1.50
2017.03.06 17:34:49.603,1.42024,1.42041,3.00,1.00
2017.03.06 17:34:53.781,1.42024,1.42042,3.00,1.00
2017.03.06 17:34:54.002,1.42024,1.42038,1.12,1.87
2017.03.06 17:34:54.552,1.42021,1.42037,1.75,1.50
2017.03.06 17:35:01.429,1.42019,1.42036,1.00,1.87
2017.03.06 17:35:01.934,1.42019,1.42035,1.00,1.00
2017.03.06 17:35:02.811,1.42019,1.42035,2.62,1.00
2017.03.06 17:35:03.122,1.42023,1.42035,1.75,1.00
2017.03.06 17:35:03.173,1.42023,1.4204,1.75,1.87
2017.03.06 17:35:05.247,1.42022,1.42039,1.75,1.87
2017.03.06 17:35:05.349,1.42018,1.42034,3.00,1.37
2017.03.06 17:35:05.400,1.42019,1.42032,1.00,1.37
2017.03.06 17:35:05.603,1.42014,1.42031,2.25,1.50
2017.03.06 17:35:06.223,1.42012,1.42029,2.25,1.50
2017.03.06 17:35:06.452,1.42012,1.42029,1.00,2.25
2017.03.06 17:35:06.503,1.42009,1.42024,1.37,1.12
2017.03.06 17:35:06.893,1.42008,1.42024,1.75,1.87
2017.03.06 17:35:07.661,1.42008,1.42024,1.50,2.62
2017.03.06 17:35:09.056,1.42006,1.42021,1.75,1.50
2017.03.06 17:35:09.158,1.42005,1.42018,1.00,1.12
2017.03.06 17:35:09.412,1.42005,1.42021,1.00,1.00
2017.03.06 17:35:10.015,1.42004,1.42021,1.50,1.37
2017.03.06 17:35:10.116,1.42004,1.42021,1.75,1.37
2017.03.06 17:35:13.143,1.42004,1.42022,1.50,2.25
2017.03.06 17:35:14.534,1.42004,1.42022,2.25,1.50
2017.03.06 17:35:14.637,1.42004,1.42021,1.50,1.37
2017.03.06 17:35:14.688,1.42005,1.42021,1.12,1.00
2017.03.06 17:35:14.790,1.42003,1.42021,1.87,1.50
2017.03.06 17:35:16.303,1.42006,1.42023,1.50,1.31
2017.03.06 17:35:16.355,1.42008,1.42024,1.12,2.25
2017.03.06 17:35:16.508,1.42008,1.42024,1.00,2.25
2017.03.06 17:35:16.761,1.42008,1.42021,1.00,1.00
2017.03.06 17:35:16.913,1.42006,1.42021,1.00,1.12
2017.03.06 17:35:17.461,1.42004,1.4202,1.87,1.00
2017.03.06 17:35:19.167,1.42004,1.4202,1.87,1.00
2017.03.06 17:35:19.750,1.42004,1.42021,2.62,1.12
2017.03.06 17:35:20.952,1.42004,1.42022,2.62,1.87
2017.03.06 17:35:21.615,1.42004,1.42022,2.62,1.00
2017.03.06 17:35:21.975,1.42007,1.42024,1.87,1.12
2017.03.06 17:35:22.026,1.42009,1.42027,1.50,2.81
2017.03.06 17:35:22.548,1.42009,1.42028,1.87,3.37
2017.03.06 17:35:24.732,1.42009,1.42028,1.12,2.81
2017.03.06 17:35:24.833,1.42009,1.42028,1.75,2.44
2017.03.06 17:35:29.826,1.42009,1.42028,1.37,2.44
2017.03.06 17:35:30.349,1.42009,1.42026,1.00,1.62
2017.03.06 17:35:30.790,1.42011,1.42026,1.00,1.62
2017.03.06 17:35:30.841,1.42009,1.42026,1.00,1.62
2017.03.06 17:35:31.632,1.42008,1.42026,1.12,2.06
2017.03.06 17:35:32.867,1.42006,1.42023,1.87,1.50
2017.03.06 17:35:33.183,1.42004,1.42021,1.87,1.69
2017.03.06 17:35:33.712,1.42005,1.42021,1.00,1.69
2017.03.06 17:35:34.238,1.42004,1.42021,2.25,1.12
2017.03.06 17:35:35.936,1.42004,1.4202,1.00,1.37
2017.03.06 17:35:36.189,1.42002,1.4202,1.87,1.81
2017.03.06 17:35:39.164,1.42,1.42016,1.87,1.12
2017.03.06 17:35:39.265,1.42002,1.42017,1.37,1.00
2017.03.06 17:35:42.147,1.42002,1.42017,1.50,1.00
2017.03.06 17:35:43.647,1.42001,1.42017,2.62,1.00
2017.03.06 17:35:44.487,1.42001,1.42017,1.00,1.00
2017.03.06 17:35:45.850,1.41999,1.42015,1.75,1.00
2017.03.06 17:35:45.951,1.41998,1.42014,1.37,1.00
2017.03.06 17:35:46.866,1.41997,1.42014,1.50,1.12
2017.03.06 17:35:47.482,1.41997,1.42014,1.12,1.69
2017.03.06 17:35:51.373,1.41994,1.42011,1.12,1.12
2017.03.06 17:35:51.475,1.41994,1.42011,1.00,1.12
2017.03.06 17:35:52.808,1.41994,1.42009,1.00,1.50
2017.03.06 17:35:53.132,1.41989,1.42005,2.62,1.12
2017.03.06 17:35:53.183,1.4199,1.42005,1.37,1.00
2017.03.06 17:35:54.676,1.41989,1.42003,1.87,1.37
2017.03.06 17:35:54.816,1.41984,1.42001,3.37,1.00
2017.03.06 17:35:54.867,1.41984,1.42001,3.37,1.00
2017.03.06 17:35:55.171,1.41986,1.42001,1.12,1.50
2017.03.06 17:35:57.066,1.41984,1.42001,1.75,1.50
2017.03.06 17:35:58.958,1.41984,1.42001,1.50,1.87
2017.03.06 17:35:59.161,1.41984,1.41997,1.37,1.00
2017.03.06 17:35:59.263,1.4198,1.41997,2.25,2.25
2017.03.06 17:35:59.381,1.4198,1.41997,1.50,2.44
2017.03.06 17:36:00.066,1.4198,1.41997,1.12,2.44
2017.03.06 17:36:00.404,1.41977,1.41994,1.37,2.06
2017.03.06 17:36:00.910,1.41978,1.41994,1.50,1.50
2017.03.06 17:36:01.677,1.4198,1.41994,1.00,1.00
2017.03.06 17:36:02.197,1.41979,1.41994,1.87,1.00
2017.03.06 17:36:02.504,1.41981,1.41994,1.12,1.00
2017.03.06 17:36:02.656,1.41981,1.41997,2.25,1.00
2017.03.06 17:36:02.909,1.41979,1.41996,1.00,1.87
2017.03.06 17:36:03.114,1.41978,1.41995,1.37,1.37
2017.03.06 17:36:03.520,1.41977,1.41991,1.37,1.00
2017.03.06 17:36:04.059,1.41977,1.41992,1.37,1.00
2017.03.06 17:36:04.464,1.41977,1.41994,2.62,1.12
2017.03.06 17:36:05.117,1.41977,1.41994,3.37,1.12
2017.03.06 17:36:05.471,1.41981,1.41997,1.87,1.00
2017.03.06 17:36:06.009,1.41981,1.41997,1.50,1.50
2017.03.06 17:36:07.705,1.41981,1.41997,1.87,1.00
2017.03.06 17:36:12.515,1.41979,1.41995,1.87,1.00
2017.03.06 17:36:12.820,1.41983,1.41995,1.00,1.37
2017.03.06 17:36:12.972,1.41983,1.41997,1.37,1.00
2017.03.06 17:36:13.914,1.41984,1.41999,1.87,1.12
2017.03.06 17:36:14.319,1.41986,1.41999,1.00,1.12
2017.03.06 17:36:14.862,1.41985,1.41999,1.72,1.12
2017.03.06 17:36:23.152,1.41986,1.41999,1.00,1.12
2017.03.06 17:36:23.682,1.41989,1.42002,1.35,1.75
2017.03.06 17:36:23.935,1.4199,1.42004,2.10,1.12
2017.03.06 17:36:24.138,1.41988,1.42004,1.12,1.12
2017.03.06 17:36:24.239,1.41988,1.42002,1.00,1.00
2017.03.06 17:36:24.821,1.41988,1.42004,1.00,1.87
2017.03.06 17:36:26.204,1.41985,1.42004,3.37,3.37
2017.03.06 17:36:26.710,1.41988,1.42004,1.00,1.87
2017.03.06 17:36:27.613,1.41987,1.42003,1.00,1.00
2017.03.06 17:36:27.943,1.41982,1.41995,1.87,1.00
2017.03.06 17:36:28.044,1.41982,1.41999,1.50,1.87
2017.03.06 17:36:28.145,1.41982,1.41995,1.50,1.00
2017.03.06 17:36:28.325,1.41981,1.41997,1.72,1.50
2017.03.06 17:36:29.075,1.41983,1.41997,1.00,1.12
2017.03.06 17:36:30.703,1.41982,1.41997,1.50,1.12
2017.03.06 17:36:31.625,1.41983,1.41999,1.00,1.75
2017.03.06 17:36:31.726,1.41983,1.41999,1.75,1.00
2017.03.06 17:36:33.258,1.41983,1.41999,2.25,1.50
2017.03.06 17:36:33.410,1.4198,1.41998,2.25,1.50
2017.03.06 17:36:33.461,1.41979,1.41998,1.72,3.00
2017.03.06 17:36:33.562,1.41979,1.41998,2.10,3.00
2017.03.06 17:36:33.664,1.41979,1.41998,2.47,3.00
2017.03.06 17:36:40.161,1.41979,1.41997,1.35,3.00
2017.03.06 17:36:40.313,1.41979,1.41996,1.72,1.00
2017.03.06 17:36:40.853,1.4198,1.41996,1.00,1.00
2017.03.06 17:36:42.153,1.41981,1.41996,1.00,1.00
2017.03.06 17:36:42.656,1.41982,1.41997,1.00,1.87
2017.03.06 17:36:43.392,1.41981,1.41997,1.50,1.87
2017.03.06 17:36:45.650,1.4198,1.41996,1.00,1.00
2017.03.06 17:36:46.155,1.41981,1.41996,1.00,1.00
2017.03.06 17:36:47.093,1.41982,1.41997,1.00,1.87
2017.03.06 17:36:47.691,1.41983,1.41999,1.00,1.75
2017.03.06 17:36:48.335,1.41982,1.41999,1.50,1.75
2017.03.06 17:36:48.476,1.41984,1.41999,1.00,1.75
2017.03.06 17:36:49.001,1.41983,1.41999,1.00,1.75
2017.03.06 17:36:49.928,1.41984,1.41999,1.00,1.75
2017.03.06 17:36:50.327,1.41982,1.41999,1.00,1.75
2017.03.06 17:36:50.950,1.41983,1.41999,1.00,1.75
2017.03.06 17:36:54.228,1.41983,1.41999,1.00,1.37
2017.03.06 17:36:54.279,1.41981,1.41996,1.00,1.00
2017.03.06 17:36:54.819,1.41979,1.41997,2.85,2.25
2017.03.06 17:36:55.351,1.41982,1.41997,2.10,1.75
2017.03.06 17:36:55.504,1.41983,1.41998,1.12,1.00
2017.03.06 17:36:56.462,1.41985,1.41999,1.00,1.50
2017.03.06 17:36:56.664,1.41983,1.41999,1.87,1.12
2017.03.06 17:36:57.969,1.41986,1.41999,2.85,1.12
2017.03.06 17:36:58.121,1.41985,1.42001,1.00,1.87
2017.03.06 17:36:58.172,1.41982,1.41999,1.67,1.87
2017.03.06 17:36:58.713,1.41983,1.41999,1.12,1.87
2017.03.06 17:36:58.916,1.41985,1.41999,1.00,1.00
2017.03.06 17:37:02.472,1.41983,1.41999,1.50,1.37
2017.03.06 17:37:02.775,1.41983,1.41999,2.25,1.00
2017.03.06 17:37:03.461,1.41987,1.41999,1.87,1.00
2017.03.06 17:37:03.666,1.4199,1.42004,1.50,1.00
2017.03.06 17:37:04.310,1.4199,1.42006,1.37,1.50
2017.03.06 17:37:05.314,1.41989,1.42007,2.62,1.12
2017.03.06 17:37:05.567,1.41988,1.42006,2.62,1.50
2017.03.06 17:37:06.975,1.41989,1.42007,1.00,2.25
2017.03.06 17:37:09.102,1.4199,1.42007,1.00,2.25
2017.03.06 17:37:09.204,1.4199,1.42007,1.00,2.25
2017.03.06 17:37:09.588,1.41989,1.42007,1.00,3.00
2017.03.06 17:37:09.891,1.41989,1.42006,1.00,1.75
2017.03.06 17:37:10.393,1.41988,1.42006,1.00,1.75
2017.03.06 17:37:11.190,1.41989,1.42006,1.00,1.75
2017.03.06 17:37:11.722,1.41989,1.42007,1.00,3.00
2017.03.06 17:37:12.225,1.41988,1.42007,1.50,3.00
2017.03.06 17:37:25.791,1.41987,1.42004,1.35,1.12
2017.03.06 17:37:26.404,1.41988,1.42004,1.50,1.12
2017.03.06 17:37:26.709,1.41993,1.42008,1.50,1.37
2017.03.06 17:37:27.240,1.41992,1.42009,1.00,1.75
2017.03.06 17:37:28.045,1.41992,1.42009,1.12,1.12
2017.03.06 17:37:28.690,1.41991,1.42009,3.07,1.12
2017.03.06 17:37:29.240,1.41991,1.42008,1.57,1.12
2017.03.06 17:37:31.412,1.41988,1.42006,2.10,2.25
2017.03.06 17:37:31.463,1.41988,1.42005,1.60,1.00
2017.03.06 17:37:32.363,1.41988,1.42004,1.35,1.00
2017.03.06 17:37:35.061,1.41987,1.42004,1.72,1.00
2017.03.06 17:37:35.366,1.41987,1.42003,1.60,1.00
2017.03.06 17:37:35.418,1.41987,1.42003,1.30,1.12
2017.03.06 17:37:35.873,1.41983,1.41999,1.97,1.00
2017.03.06 17:37:35.924,1.41982,1.41999,2.10,1.50
2017.03.06 17:37:36.460,1.41982,1.41999,1.35,1.00
2017.03.06 17:37:36.998,1.41982,1.42,2.10,1.87
2017.03.06 17:37:37.627,1.41982,1.42,2.62,1.87
2017.03.06 17:37:38.790,1.41983,1.41999,1.75,1.00
2017.03.06 17:37:39.218,1.41986,1.42002,1.37,1.50
2017.03.06 17:37:39.937,1.41986,1.42002,1.12,1.00
2017.03.06 17:37:41.280,1.41986,1.42003,1.12,2.25
2017.03.06 17:37:41.470,1.41986,1.42002,1.00,1.37
2017.03.06 17:37:42.054,1.41986,1.42002,1.12,1.00
2017.03.06 17:37:42.385,1.41984,1.42002,1.87,1.87
2017.03.06 17:37:43.145,1.41987,1.42,1.00,1.12
2017.03.06 17:37:43.843,1.41984,1.42002,1.75,2.25
2017.03.06 17:37:44.668,1.41985,1.42002,1.12,1.00
2017.03.06 17:37:45.424,1.41984,1.42002,1.87,1.50
2017.03.06 17:37:49.375,1.41987,1.42001,1.00,1.12
2017.03.06 17:37:53.399,1.41987,1.42001,1.00,1.50
2017.03.06 17:37:54.161,1.41987,1.42,1.00,1.50
2017.03.06 17:37:56.091,1.41982,1.41996,1.12,1.00
2017.03.06 17:37:56.142,1.41983,1.41996,1.00,1.00
2017.03.06 17:37:56.733,1.41983,1.41995,1.00,1.00
2017.03.06 17:37:57.072,1.41978,1.41995,1.87,2.62
2017.03.06 17:37:57.349,1.41978,1.41995,1.50,3.37
2017.03.06 17:37:57.855,1.41978,1.41994,1.50,1.00
2017.03.06 17:38:05.154,1.41978,1.41993,1.50,1.00
2017.03.06 17:38:09.396,1.41978,1.41992,1.12,1.00
2017.03.06 17:38:10.416,1.41977,1.41993,1.37,1.00
2017.03.06 17:38:13.523,1.41978,1.41994,1.12,1.87
2017.03.06 17:38:16.390,1.41979,1.41996,1.00,1.75
2017.03.06 17:38:16.491,1.4198,1.41997,1.00,1.00
2017.03.06 17:38:17.150,1.41979,1.41997,1.50,1.00
2017.03.06 17:38:18.299,1.4198,1.41997,1.00,1.00
2017.03.06 17:38:19.206,1.41984,1.41997,1.50,1.00
2017.03.06 17:38:19.408,1.41987,1.42004,1.12,2.25
2017.03.06 17:38:19.969,1.41987,1.42004,1.12,1.12
2017.03.06 17:38:41.242,1.41986,1.42002,1.87,1.00
2017.03.06 17:38:42.969,1.41986,1.42003,1.87,1.00
2017.03.06 17:38:45.443,1.41987,1.42003,1.50,1.00
2017.03.06 17:38:49.226,1.41988,1.42006,1.12,3.37
2017.03.06 17:38:52.206,1.41987,1.42003,1.87,1.00
2017.03.06 17:38:52.735,1.41987,1.42004,1.87,1.00
2017.03.06 17:38:53.947,1.41987,1.42005,1.37,2.25
2017.03.06 17:38:54.622,1.41985,1.42003,1.75,1.87
2017.03.06 17:38:54.774,1.41985,1.42003,1.12,2.25
2017.03.06 17:38:54.927,1.41988,1.42004,1.00,1.50
2017.03.06 17:38:55.079,1.41988,1.42005,1.12,1.00
2017.03.06 17:38:56.027,1.41988,1.42006,2.25,1.00
2017.03.06 17:38:56.819,1.41988,1.42005,1.00,1.50
2017.03.06 17:38:57.355,1.41986,1.42004,1.50,1.00
2017.03.06 17:39:01.323,1.41985,1.42003,3.00,1.00
2017.03.06 17:39:01.976,1.41986,1.42004,1.50,1.00
2017.03.06 17:39:02.482,1.41987,1.42005,1.12,1.87
2017.03.06 17:39:03.288,1.41988,1.42005,1.00,1.87
2017.03.06 17:39:07.308,1.41992,1.42005,1.00,1.12
2017.03.06 17:39:07.511,1.41996,1.42013,1.12,1.50
2017.03.06 17:39:08.026,1.41995,1.42013,3.37,1.50
2017.03.06 17:39:08.533,1.41997,1.42014,1.37,1.87
2017.03.06 17:39:13.962,1.41998,1.42015,2.25,1.00
2017.03.06 17:39:14.557,1.41998,1.42016,3.00,1.12
2017.03.06 17:39:16.895,1.41998,1.42015,1.50,1.37
2017.03.06 17:39:18.132,1.41998,1.42014,1.12,1.00
2017.03.06 17:39:18.436,1.42,1.42017,1.00,1.75
2017.03.06 17:39:18.964,1.42001,1.42017,1.50,1.37
2017.03.06 17:39:19.217,1.42001,1.42017,1.50,1.50
2017.03.06 17:39:20.175,1.42,1.42017,1.50,1.12
2017.03.06 17:39:20.678,1.41999,1.42017,2.25,1.50
2017.03.06 17:39:21.720,1.42,1.42017,1.12,1.87
2017.03.06 17:39:23.731,1.41999,1.42017,1.87,2.62
2017.03.06 17:39:26.822,1.41998,1.42015,1.87,1.12
2017.03.06 17:39:27.869,1.41998,1.42016,3.37,1.87
2017.03.06 17:39:28.473,1.41998,1.42016,3.00,1.50
2017.03.06 17:39:33.649,1.42001,1.42017,1.12,1.50
2017.03.06 17:39:33.954,1.42003,1.42019,1.00,1.37
2017.03.06 17:39:35.119,1.42001,1.42019,1.75,1.12
2017.03.06 17:39:35.820,1.42004,1.4202,1.00,1.37
2017.03.06 17:39:35.972,1.42004,1.42021,1.50,1.12
2017.03.06 17:39:39.131,1.42003,1.42019,1.00,1.00
2017.03.06 17:39:39.449,1.42002,1.42019,1.12,2.62
2017.03.06 17:39:40.465,1.42001,1.42019,2.25,2.62
2017.03.06 17:39:45.433,1.42002,1.42019,2.25,1.75
2017.03.06 17:39:48.596,1.42,1.42018,1.75,3.00
2017.03.06 17:39:48.699,1.42,1.42016,1.75,1.50
2017.03.06 17:39:48.801,1.42,1.42016,1.87,1.50
2017.03.06 17:39:49.055,1.42003,1.42017,1.00,1.12
2017.03.06 17:39:49.633,1.42001,1.42019,1.87,3.00
2017.03.06 17:39:50.160,1.41999,1.42018,3.00,1.75
2017.03.06 17:39:50.687,1.41999,1.42018,2.62,3.00
2017.03.06 17:39:52.251,1.41999,1.42018,2.25,3.75
2017.03.06 17:39:55.302,1.41999,1.42018,1.87,3.00
2017.03.06 17:39:59.032,1.42,1.42017,1.75,1.50
2017.03.06 17:39:59.134,1.42,1.42018,1.50,2.62
2017.03.06 17:39:59.235,1.42,1.42018,1.87,1.75
2017.03.06 17:40:00.529,1.41999,1.42016,1.87,1.12
2017.03.06 17:40:00.580,1.41999,1.42014,1.87,1.00
2017.03.06 17:40:00.745,1.41999,1.42016,1.87,1.12
2017.03.06 17:40:01.271,1.41999,1.42016,2.25,1.37
2017.03.06 17:40:02.456,1.41998,1.42016,1.87,2.25
2017.03.06 17:40:04.172,1.41999,1.42016,1.00,2.25
2017.03.06 17:40:07.477,1.41999,1.42015,1.00,1.37
2017.03.06 17:40:08.159,1.41999,1.42015,1.00,1.12
2017.03.06 17:40:09.959,1.41999,1.42014,1.00,1.50
2017.03.06 17:40:10.705,1.41998,1.42015,1.50,1.87
2017.03.06 17:40:11.716,1.41999,1.42015,1.87,1.12
2017.03.06 17:40:12.231,1.41999,1.42015,1.75,1.12
2017.03.06 17:40:13.762,1.41999,1.42015,1.50,1.12
2017.03.06 17:40:15.564,1.41999,1.42015,1.12,2.25
2017.03.06 17:40:18.298,1.41998,1.42014,2.62,1.00
2017.03.06 17:40:18.864,1.41998,1.42015,2.62,2.25
2017.03.06 17:40:21.104,1.41998,1.42014,1.87,1.00
2017.03.06 17:40:22.368,1.41998,1.42015,1.87,1.87
2017.03.06 17:40:22.885,1.41998,1.42014,1.87,1.00
2017.03.06 17:40:23.399,1.41998,1.42015,1.87,1.87
2017.03.06 17:40:24.026,1.41998,1.42015,1.87,1.12
2017.03.06 17:40:24.548,1.41998,1.42015,1.87,1.12
2017.03.06 17:40:32.966,1.41997,1.42015,2.25,2.25
2017.03.06 17:40:33.132,1.41997,1.42014,1.87,1.12
2017.03.06 17:40:33.726,1.41997,1.42013,1.87,1.00
2017.03.06 17:40:40.255,1.41997,1.42012,1.87,1.00
2017.03.06 17:40:42.309,1.41997,1.42013,1.87,1.50
2017.03.06 17:40:44.149,1.41997,1.42012,1.50,1.00
2017.03.06 17:40:44.313,1.41994,1.42008,1.12,1.12
2017.03.06 17:40:44.415,1.41992,1.42008,1.75,1.50
2017.03.06 17:40:44.517,1.41992,1.42006,1.37,1.00
2017.03.06 17:40:45.112,1.41992,1.42006,1.12,1.00
2017.03.06 17:40:46.519,1.41989,1.42001,1.12,1.37
2017.03.06 17:40:46.621,1.41988,1.42002,1.12,1.00
2017.03.06 17:40:47.131,1.41988,1.42004,1.12,2.25
2017.03.06 17:40:48.633,1.41988,1.42004,1.12,2.62
2017.03.06 17:40:49.014,1.41986,1.42002,1.12,1.00
2017.03.06 17:40:49.120,1.41986,1.42,1.12,1.00
2017.03.06 17:40:49.638,1.41986,1.42001,1.12,1.00
2017.03.06 17:40:50.224,1.41985,1.42002,1.50,1.00
2017.03.06 17:40:51.120,1.41985,1.42001,1.50,1.00
2017.03.06 17:40:51.668,1.41985,1.42002,1.50,1.00
2017.03.06 17:40:52.008,1.41986,1.42001,1.75,1.00
2017.03.06 17:40:52.837,1.41986,1.42002,2.25,1.00
2017.03.06 17:40:54.528,1.41987,1.42001,1.75,1.00
2017.03.06 17:40:55.084,1.41987,1.42002,1.75,1.00
2017.03.06 17:40:55.538,1.41986,1.42001,1.75,1.00
2017.03.06 17:40:56.926,1.41986,1.42002,1.75,1.00
2017.03.06 17:40:59.246,1.41987,1.42001,1.75,1.00
2017.03.06 17:41:00.776,1.41987,1.42002,1.75,1.00
2017.03.06 17:41:05.488,1.41986,1.42002,1.50,1.00
2017.03.06 17:41:06.864,1.41986,1.42001,1.50,1.00
2017.03.06 17:41:09.490,1.41987,1.42003,1.50,1.00
2017.03.06 17:41:10.060,1.41987,1.42001,1.50,1.00
2017.03.06 17:41:10.774,1.41987,1.42002,1.12,1.00
2017.03.06 17:41:13.482,1.41987,1.42004,1.12,3.00
2017.03.06 17:41:14.026,1.41987,1.42002,1.12,1.00
2017.03.06 17:41:14.546,1.41988,1.42001,1.00,1.00
2017.03.06 17:41:15.065,1.41986,1.42001,2.62,1.00
2017.03.06 17:41:15.699,1.41987,1.42001,1.75,1.00
2017.03.06 17:41:16.867,1.41986,1.42001,1.87,1.00
2017.03.06 17:41:18.794,1.41986,1.42002,2.62,1.00
2017.03.06 17:41:20.172,1.41986,1.42003,1.87,1.87
2017.03.06 17:41:21.389,1.41985,1.42003,2.62,2.25
2017.03.06 17:41:22.164,1.41985,1.42003,2.62,1.87
2017.03.06 17:41:24.706,1.41987,1.42004,1.75,2.62
2017.03.06 17:41:25.385,1.41987,1.42004,1.75,2.62
2017.03.06 17:41:27.858,1.41986,1.42003,2.62,1.37
2017.03.06 17:41:28.010,1.41984,1.42002,3.00,1.37
2017.03.06 17:41:29.060,1.41984,1.42001,1.75,1.37
2017.03.06 17:41:29.111,1.41983,1.42,1.87,1.87
2017.03.06 17:41:31.162,1.41984,1.42002,2.25,1.87
2017.03.06 17:41:31.439,1.41983,1.42001,1.75,1.37
2017.03.06 17:41:32.034,1.41984,1.42001,1.00,1.50
2017.03.06 17:41:32.550,1.41984,1.42002,1.12,3.37
2017.03.06 17:41:33.084,1.41985,1.42002,1.00,1.12
2017.03.06 17:41:33.604,1.41984,1.42002,1.12,2.62
2017.03.06 17:41:33.655,1.41984,1.42001,1.12,1.00
2017.03.06 17:41:34.948,1.41984,1.42001,1.50,1.00
2017.03.06 17:41:35.109,1.41985,1.42002,1.12,1.37
2017.03.06 17:41:35.211,1.41984,1.42002,1.50,1.87
2017.03.06 17:41:35.851,1.41999,1.42003,1.50,1.00
2017.03.06 17:41:36.004,1.42013,1.42019,1.00,1.12
2017.03.06 17:41:36.105,1.4201,1.42023,1.87,1.00
2017.03.06 17:41:36.156,1.42009,1.42025,1.12,1.37
2017.03.06 17:41:36.207,1.42009,1.42025,1.75,1.87
2017.03.06 17:41:36.308,1.42006,1.42024,1.75,3.30
2017.03.06 17:41:36.561,1.42004,1.42019,1.75,1.00
2017.03.06 17:41:36.814,1.41996,1.42012,1.12,1.37
2017.03.06 17:41:36.866,1.41996,1.42013,1.12,2.25
2017.03.06 17:41:36.991,1.41994,1.42012,1.35,1.12
2017.03.06 17:41:37.152,1.41994,1.42006,1.12,1.00
2017.03.06 17:41:37.456,1.41994,1.42006,1.75,1.00
2017.03.06 17:41:37.879,1.41991,1.42003,1.75,1.12
2017.03.06 17:41:38.082,1.41981,1.41996,1.60,1.37
2017.03.06 17:41:38.133,1.41977,1.41997,2.47,1.50
2017.03.06 17:41:38.184,1.4198,1.41996,1.22,1.37
2017.03.06 17:41:38.337,1.41975,1.41993,1.97,1.37
2017.03.06 17:41:38.439,1.41975,1.41993,1.97,1.00
2017.03.06 17:41:38.972,1.41975,1.41994,2.47,2.25
2017.03.06 17:41:39.225,1.41979,1.41995,1.00,1.37
2017.03.06 17:41:39.529,1.41981,1.41996,1.00,1.12
2017.03.06 17:41:39.630,1.41982,1.41999,1.50,1.87
2017.03.06 17:41:39.731,1.41983,1.42,1.00,1.50
2017.03.06 17:41:39.833,1.41985,1.42002,1.00,2.25
2017.03.06 17:41:40.339,1.41985,1.42002,2.25,1.00
2017.03.06 17:41:43.511,1.41984,1.42003,1.75,1.75
2017.03.06 17:41:44.156,1.41993,1.42002,1.00,1.12
2017.03.06 17:41:44.206,1.4199,1.42002,1.30,1.00
2017.03.06 17:41:44.258,1.41993,1.42002,1.35,1.00
2017.03.06 17:41:44.309,1.41993,1.42009,3.22,1.75
2017.03.06 17:41:44.360,1.41995,1.42006,3.97,1.00
2017.03.06 17:41:44.462,1.41996,1.42012,1.22,1.00
2017.03.06 17:41:44.513,1.41997,1.42015,2.47,1.00
2017.03.06 17:41:44.614,1.41998,1.42017,1.97,1.00
2017.03.06 17:41:44.716,1.41997,1.42017,3.22,1.87
2017.03.06 17:41:45.323,1.41996,1.42015,1.35,1.37
2017.03.06 17:41:45.425,1.41995,1.42015,4.72,1.37
2017.03.06 17:41:46.235,1.41994,1.42011,1.12,1.50
2017.03.06 17:41:46.286,1.41992,1.42009,2.47,1.87
2017.03.06 17:41:46.438,1.41989,1.42008,1.97,1.50
2017.03.06 17:41:46.741,1.41989,1.42008,1.97,2.25
2017.03.06 17:41:47.303,1.41991,1.42008,2.10,1.50
2017.03.06 17:41:47.807,1.41991,1.42008,2.10,1.50
2017.03.06 17:41:49.254,1.41991,1.4201,2.10,3.00
2017.03.06 17:41:49.305,1.41991,1.4201,2.10,2.25
2017.03.06 17:41:49.407,1.41991,1.4201,2.10,1.50
2017.03.06 17:41:50.398,1.4199,1.42008,3.22,1.37
2017.03.06 17:41:52.558,1.41993,1.42008,1.30,1.37
2017.03.06 17:41:52.609,1.41994,1.4201,1.00,1.12
2017.03.06 17:41:53.114,1.41994,1.4201,1.22,1.37
2017.03.06 17:41:54.060,1.41994,1.42011,1.00,1.37
2017.03.06 17:41:54.565,1.41992,1.42011,1.72,2.62
2017.03.06 17:41:55.308,1.41991,1.4201,2.47,1.37
2017.03.06 17:41:59.988,1.41988,1.42003,2.85,1.00
2017.03.06 17:42:00.092,1.41991,1.42005,1.00,1.50
2017.03.06 17:42:00.389,1.41992,1.4201,1.50,1.87
2017.03.06 17:42:01.144,1.4199,1.42007,1.37,1.37
2017.03.06 17:42:01.195,1.41988,1.42006,2.25,1.37
2017.03.06 17:42:01.448,1.41989,1.42006,1.75,1.37
2017.03.06 17:42:01.963,1.41989,1.42006,1.00,1.37
2017.03.06 17:42:02.135,1.41991,1.42007,1.00,1.00
2017.03.06 17:42:02.186,1.41993,1.42008,1.00,1.87
2017.03.06 17:42:02.237,1.41993,1.42008,1.00,1.12
2017.03.06 17:42:02.288,1.41989,1.42007,2.25,1.37
2017.03.06 17:42:02.390,1.41989,1.42007,1.50,1.37
2017.03.06 17:42:02.441,1.41989,1.42007,1.75,1.37
2017.03.06 17:42:02.492,1.41989,1.42007,1.75,1.37
2017.03.06 17:42:02.997,1.41989,1.42007,1.75,1.37
2017.03.06 17:42:03.200,1.41992,1.42008,1.12,1.37
2017.03.06 17:42:03.352,1.41993,1.42009,1.12,1.37
2017.03.06 17:42:03.759,1.41993,1.42009,1.12,1.37
2017.03.06 17:42:04.114,1.4199,1.42007,1.75,1.37
2017.03.06 17:42:05.080,1.41989,1.42007,1.50,1.37
2017.03.06 17:42:05.766,1.41989,1.42007,1.50,1.87
2017.03.06 17:42:06.728,1.4199,1.42007,1.12,2.62
2017.03.06 17:42:07.536,1.41988,1.42004,1.37,1.37
2017.03.06 17:42:07.587,1.41987,1.42004,1.12,1.50
2017.03.06 17:42:08.093,1.41987,1.42003,1.12,1.00
2017.03.06 17:42:08.712,1.41987,1.42004,1.00,1.12
2017.03.06 17:42:09.390,1.41986,1.42004,1.12,1.87
2017.03.06 17:42:09.745,1.41986,1.42004,2.62,2.25
2017.03.06 17:42:10.180,1.41987,1.42004,1.75,2.25
2017.03.06 17:42:11.023,1.41988,1.42005,2.25,1.87
2017.03.06 17:42:11.074,1.41988,1.42005,2.25,1.75
2017.03.06 17:42:11.227,1.41989,1.42007,2.25,1.75
2017.03.06 17:42:11.530,1.4199,1.42005,1.00,1.00
2017.03.06 17:42:11.833,1.4199,1.42006,1.50,1.12
2017.03.06 17:42:12.344,1.4199,1.42005,1.50,1.37
2017.03.06 17:42:12.850,1.41989,1.42005,1.50,1.37
2017.03.06 17:42:13.383,1.4199,1.42005,1.00,1.37
2017.03.06 17:42:14.203,1.41988,1.42005,1.00,1.37
2017.03.06 17:42:14.254,1.4199,1.42005,1.00,1.37
2017.03.06 17:42:14.591,1.41987,1.42002,1.00,1.12
2017.03.06 17:42:15.111,1.41986,1.42001,1.00,1.00
2017.03.06 17:42:16.652,1.41985,1.42002,1.50,1.87
2017.03.06 17:42:17.165,1.41985,1.42002,1.50,1.87
2017.03.06 17:42:17.694,1.41986,1.42002,1.00,1.87
2017.03.06 17:42:18.808,1.41986,1.42002,1.00,1.87
2017.03.06 17:42:18.929,1.41984,1.42002,1.50,1.87
2017.03.06 17:42:18.980,1.41979,1.41994,3.37,1.37
2017.03.06 17:42:19.032,1.41979,1.41993,1.50,1.37
2017.03.06 17:42:19.083,1.41976,1.41993,2.47,1.50
2017.03.06 17:42:19.134,1.41977,1.41992,1.00,1.12
2017.03.06 17:42:19.439,1.41979,1.41995,1.00,1.12
2017.03.06 17:42:19.986,1.41979,1.41994,1.00,1.12
2017.03.06 17:42:20.189,1.41976,1.41994,1.87,2.62
2017.03.06 17:42:20.240,1.41976,1.41993,1.12,1.50
2017.03.06 17:42:20.746,1.41976,1.41992,1.00,1.87
2017.03.06 17:42:20.949,1.41972,1.4199,1.97,1.37
2017.03.06 17:42:21.403,1.41973,1.41989,1.22,1.12
2017.03.06 17:42:21.553,1.41974,1.41989,1.30,1.12
2017.03.06 17:42:21.605,1.41971,1.41989,2.62,1.87
2017.03.06 17:42:22.111,1.4197,1.41987,1.72,1.12
2017.03.06 17:42:22.617,1.4197,1.41988,1.72,1.37
2017.03.06 17:42:24.788,1.41971,1.41987,1.87,1.37
2017.03.06 17:42:25.058,1.41971,1.41987,1.12,1.37
2017.03.06 17:42:25.361,1.41967,1.41984,1.35,2.25
2017.03.06 17:42:25.866,1.41967,1.41985,1.72,2.62
2017.03.06 17:42:26.370,1.41967,1.41985,1.50,2.62
2017.03.06 17:42:26.933,1.41967,1.41985,1.50,2.62
2017.03.06 17:42:27.438,1.41968,1.41985,1.50,2.62
2017.03.06 17:42:27.794,1.41968,1.41985,1.00,1.87
2017.03.06 17:42:28.312,1.41966,1.41983,1.50,1.37
2017.03.06 17:42:28.686,1.41964,1.41983,3.22,1.37
2017.03.06 17:42:29.409,1.41964,1.41983,2.05,1.87
2017.03.06 17:42:29.510,1.41964,1.41983,2.47,1.37
2017.03.06 17:42:29.561,1.41965,1.41982,1.75,1.37
2017.03.06 17:42:29.743,1.41964,1.41983,2.47,1.87
2017.03.06 17:42:31.648,1.41964,1.41983,2.25,1.37
2017.03.06 17:42:32.456,1.41965,1.41983,1.00,1.12
2017.03.06 17:42:32.760,1.41966,1.41983,1.00,1.12
2017.03.06 17:42:33.282,1.41966,1.41985,1.50,2.62
2017.03.06 17:42:33.749,1.41966,1.41984,1.50,1.50
2017.03.06 17:42:34.315,1.41966,1.41984,1.50,2.25
2017.03.06 17:42:35.013,1.41964,1.41981,1.97,1.00
2017.03.06 17:42:35.628,1.41964,1.41982,2.05,1.00
2017.03.06 17:42:36.517,1.41966,1.41983,1.50,1.87
2017.03.06 17:42:36.880,1.41965,1.41981,1.75,1.00
2017.03.06 17:42:36.931,1.41965,1.41981,1.00,1.00
2017.03.06 17:42:38.848,1.41965,1.41982,1.00,1.00
2017.03.06 17:42:39.241,1.41966,1.41981,1.37,1.00
2017.03.06 17:42:39.444,1.41967,1.41985,1.50,1.37
2017.03.06 17:42:39.710,1.41967,1.41986,1.50,3.37
2017.03.06 17:42:39.849,1.41967,1.41983,1.50,1.00
2017.03.06 17:42:40.606,1.41968,1.41985,1.12,1.50
2017.03.06 17:42:40.708,1.41965,1.41983,2.25,1.00
2017.03.06 17:42:41.213,1.41965,1.41983,1.75,1.12
2017.03.06 17:42:42.178,1.41966,1.41982,1.00,1.00
2017.03.06 17:42:42.482,1.41966,1.41983,1.00,2.62
2017.03.06 17:42:42.630,1.41964,1.41981,1.30,1.87
2017.03.06 17:42:43.609,1.41966,1.41982,1.00,1.12
2017.03.06 17:42:43.852,1.41967,1.41985,1.97,1.87
2017.03.06 17:42:44.257,1.41969,1.41981,1.12,1.00
2017.03.06 17:42:44.409,1.41969,1.41984,1.50,1.00
2017.03.06 17:42:44.561,1.41968,1.41981,1.72,1.00
2017.03.06 17:42:44.865,1.41966,1.41977,2.10,1.00
2017.03.06 17:42:45.227,1.41966,1.41984,2.10,1.12
2017.03.06 17:42:45.278,1.4197,1.41983,1.00,1.00
2017.03.06 17:42:45.562,1.41965,1.41983,1.72,2.62
2017.03.06 17:42:45.916,1.41963,1.4198,1.35,1.37
2017.03.06 17:42:46.068,1.41962,1.41981,1.72,2.25
2017.03.06 17:42:46.119,1.41962,1.4198,1.72,1.00
2017.03.06 17:42:46.321,1.41962,1.4198,1.72,1.50
2017.03.06 17:42:47.238,1.41961,1.41981,2.47,3.75
2017.03.06 17:42:47.775,1.41961,1.4198,1.97,2.62
2017.03.06 17:42:48.957,1.41961,1.41979,2.05,1.00
2017.03.06 17:42:49.463,1.41963,1.4198,1.87,1.50
2017.03.06 17:42:49.565,1.41963,1.41979,1.12,1.87
2017.03.06 17:42:49.666,1.41963,1.41979,1.00,1.50
2017.03.06 17:42:49.869,1.41963,1.4198,1.00,1.12
2017.03.06 17:42:50.400,1.41962,1.4198,1.87,1.50
2017.03.06 17:42:50.502,1.41962,1.4198,2.25,1.00
2017.03.06 17:42:51.008,1.41963,1.4198,1.50,2.62
2017.03.06 17:42:51.515,1.41962,1.41979,1.12,1.50
2017.03.06 17:42:51.818,1.4196,1.41977,1.50,1.00
2017.03.06 17:42:52.135,1.4196,1.41974,1.12,1.00
2017.03.06 17:42:52.439,1.41962,1.41973,1.12,1.00
2017.03.06 17:42:52.968,1.41962,1.41976,1.12,1.00
2017.03.06 17:42:53.019,1.41962,1.41976,1.37,1.00
2017.03.06 17:42:53.222,1.41962,1.41972,1.50,1.00
2017.03.06 17:42:53.272,1.4196,1.41974,3.00,1.00
2017.03.06 17:42:55.517,1.41963,1.41974,1.37,1.00
2017.03.06 17:42:58.005,1.41963,1.41976,1.37,1.00
2017.03.06 17:42:58.107,1.41962,1.41976,1.37,1.00
2017.03.06 17:42:58.259,1.41961,1.41973,1.87,1.00
2017.03.06 17:42:58.537,1.41962,1.41976,1.50,1.00
2017.03.06 17:42:58.891,1.41963,1.41973,1.87,1.00
2017.03.06 17:42:58.942,1.41965,1.4198,1.00,1.00
2017.03.06 17:42:58.993,1.41967,1.41981,1.00,1.00
2017.03.06 17:42:59.196,1.41964,1.41981,1.00,1.87
2017.03.06 17:42:59.247,1.41968,1.41981,1.00,1.12
2017.03.06 17:42:59.349,1.41968,1.41982,1.87,1.50
2017.03.06 17:42:59.400,1.41968,1.41982,1.12,1.00
2017.03.06 17:42:59.654,1.41966,1.41981,1.12,1.37
2017.03.06 17:43:00.127,1.41964,1.4198,1.00,1.37
2017.03.06 17:43:00.735,1.41965,1.41981,1.00,3.00
2017.03.06 17:43:01.249,1.41966,1.41981,1.00,1.50
2017.03.06 17:43:01.949,1.41965,1.41981,1.00,1.50
2017.03.06 17:43:02.903,1.41964,1.41981,1.00,1.50
2017.03.06 17:43:04.912,1.41966,1.41981,1.00,1.12
2017.03.06 17:43:05.419,1.41966,1.4198,1.00,1.00
2017.03.06 17:43:05.935,1.41965,1.41981,2.25,1.00
2017.03.06 17:43:09.049,1.41967,1.41984,1.12,2.62
2017.03.06 17:43:09.658,1.41968,1.41984,1.12,1.12
2017.03.06 17:43:10.179,1.41967,1.41983,1.37,1.00
2017.03.06 17:43:11.430,1.41965,1.41984,1.87,2.62
2017.03.06 17:43:11.995,1.41967,1.41982,1.12,1.37
2017.03.06 17:43:12.660,1.41967,1.4198,1.00,1.00
2017.03.06 17:43:13.706,1.41966,1.4198,1.00,1.00
2017.03.06 17:43:14.210,1.41966,1.4198,1.00,1.87
2017.03.06 17:43:15.585,1.41964,1.4198,1.12,1.87
2017.03.06 17:43:17.641,1.41964,1.4198,1.37,1.87
2017.03.06 17:43:17.947,1.41964,1.41981,1.75,1.50
2017.03.06 17:43:19.037,1.41965,1.41981,1.75,1.00
2017.03.06 17:43:20.245,1.41965,1.41981,1.75,1.00
2017.03.06 17:43:21.121,1.41965,1.41982,1.75,2.62
2017.03.06 17:43:22.093,1.41966,1.41983,1.50,1.12
2017.03.06 17:43:22.397,1.41965,1.41983,2.25,1.12
2017.03.06 17:43:23.130,1.41965,1.41982,1.75,1.50
2017.03.06 17:43:24.666,1.41966,1.41983,1.37,2.62
2017.03.06 17:43:24.918,1.41966,1.41983,1.37,1.87
2017.03.06 17:43:26.382,1.41967,1.41984,1.50,1.50
2017.03.06 17:43:27.263,1.41966,1.41983,1.50,1.50
2017.03.06 17:43:27.579,1.41964,1.41981,1.50,1.00
2017.03.06 17:43:28.469,1.41964,1.41981,1.75,1.00
2017.03.06 17:43:31.455,1.41964,1.41981,1.00,1.50
2017.03.06 17:43:32.479,1.41963,1.41981,1.87,1.50
2017.03.06 17:43:32.682,1.41963,1.41977,1.00,1.37
2017.03.06 17:43:32.733,1.41963,1.41977,1.00,1.12
2017.03.06 17:43:32.973,1.4196,1.41977,1.87,1.50
2017.03.06 17:43:33.076,1.41961,1.41979,2.62,1.50
2017.03.06 17:43:33.331,1.41963,1.41975,1.00,1.00
2017.03.06 17:43:33.536,1.41963,1.41979,1.00,1.00
2017.03.06 17:43:33.890,1.41963,1.41973,1.00,1.00
2017.03.06 17:43:34.464,1.41963,1.41979,1.00,1.12
2017.03.06 17:43:35.017,1.41963,1.41979,1.00,1.37
2017.03.06 17:43:36.173,1.41962,1.41979,1.00,1.87
2017.03.06 17:43:37.224,1.41961,1.41978,1.50,1.87
2017.03.06 17:43:37.770,1.41961,1.41978,1.50,1.37
2017.03.06 17:43:38.269,1.41961,1.41979,1.50,1.87
2017.03.06 17:43:39.034,1.41961,1.41979,1.50,2.62
2017.03.06 17:43:39.577,1.41961,1.41978,1.50,1.87
2017.03.06 17:43:40.514,1.4196,1.41976,1.37,2.62
2017.03.06 17:43:40.666,1.41959,1.41976,1.12,1.50
2017.03.06 17:43:40.717,1.41961,1.41977,1.00,1.37
2017.03.06 17:43:40.920,1.41959,1.41976,1.12,1.00
2017.03.06 17:43:41.055,1.41959,1.41974,1.12,1.00
2017.03.06 17:43:41.893,1.41958,1.41974,1.00,1.12
2017.03.06 17:43:44.108,1.41957,1.41974,1.12,1.50
2017.03.06 17:43:44.210,1.41957,1.41974,1.12,2.25
2017.03.06 17:43:44.261,1.41957,1.41974,1.12,2.25
2017.03.06 17:43:44.783,1.41955,1.41971,1.37,1.50
2017.03.06 17:43:45.372,1.41955,1.41971,1.50,1.12
2017.03.06 17:43:45.713,1.41961,1.41976,1.00,1.50
2017.03.06 17:43:45.764,1.41961,1.41976,1.00,1.12
2017.03.06 17:43:46.269,1.4196,1.41977,1.00,1.50
2017.03.06 17:43:46.774,1.41961,1.41978,1.00,1.12
2017.03.06 17:43:47.392,1.41961,1.41978,1.00,1.37
2017.03.06 17:43:48.211,1.41961,1.41978,1.00,2.62
2017.03.06 17:43:48.717,1.41959,1.41976,1.50,1.12
2017.03.06 17:43:49.245,1.41959,1.41975,1.00,1.12
2017.03.06 17:43:49.397,1.41961,1.41977,1.00,1.87
2017.03.06 17:43:49.549,1.41961,1.41978,1.12,1.50
2017.03.06 17:43:50.417,1.41962,1.41978,1.00,1.50
2017.03.06 17:43:50.923,1.41961,1.41977,1.12,1.37
2017.03.06 17:43:51.075,1.41959,1.41975,1.00,1.12
2017.03.06 17:43:55.374,1.4196,1.41976,1.00,1.37
2017.03.06 17:43:55.677,1.4196,1.41978,1.50,1.00
2017.03.06 17:43:56.182,1.4196,1.41979,1.50,2.25
2017.03.06 17:43:56.710,1.4196,1.41978,1.50,1.00
2017.03.06 17:43:57.014,1.41963,1.4198,1.00,2.25
2017.03.06 17:43:57.160,1.41963,1.41981,1.50,1.50
2017.03.06 17:43:57.614,1.41966,1.41981,1.00,1.00
2017.03.06 17:43:57.868,1.41969,1.41987,3.37,1.50
2017.03.06 17:43:58.264,1.41971,1.41988,1.00,1.12
2017.03.06 17:43:58.860,1.4197,1.41988,1.50,1.87
2017.03.06 17:43:59.264,1.41972,1.41988,1.00,1.12
2017.03.06 17:43:59.315,1.41972,1.41989,1.12,1.37
2017.03.06 17:43:59.366,1.41974,1.41989,1.00,1.00
2017.03.06 17:43:59.873,1.41973,1.41989,1.12,1.37
2017.03.06 17:44:00.429,1.41973,1.41988,1.00,1.50
2017.03.06 17:44:00.942,1.41973,1.41989,1.00,1.00
2017.03.06 17:44:01.195,1.41974,1.41992,1.00,1.87
2017.03.06 17:44:01.246,1.41974,1.41991,1.00,1.37
2017.03.06 17:44:01.804,1.41973,1.41991,1.50,1.37
2017.03.06 17:44:02.422,1.41973,1.41991,1.50,1.12
2017.03.06 17:44:02.959,1.41973,1.4199,1.50,1.37
2017.03.06 17:44:03.264,1.41969,1.41981,1.50,1.00
2017.03.06 17:44:03.366,1.41967,1.41984,3.00,1.12
2017.03.06 17:44:03.467,1.41967,1.41984,3.00,1.00
2017.03.06 17:44:03.771,1.41968,1.41986,1.50,1.00
2017.03.06 17:44:04.225,1.4197,1.41988,1.87,3.37
2017.03.06 17:44:04.751,1.4197,1.41987,1.50,1.87
2017.03.06 17:44:05.206,1.41967,1.41983,2.25,1.00
2017.03.06 17:44:05.408,1.41964,1.41983,1.75,2.62
2017.03.06 17:44:05.510,1.41965,1.41983,1.12,3.00
2017.03.06 17:44:05.964,1.41966,1.41983,1.50,1.00
2017.03.06 17:44:06.576,1.41966,1.41981,1.50,1.00
2017.03.06 17:44:08.702,1.41965,1.41982,1.75,1.12
2017.03.06 17:44:08.803,1.41964,1.41982,3.00,1.12
2017.03.06 17:44:09.454,1.41966,1.41981,1.00,1.75
2017.03.06 17:44:10.790,1.41965,1.41981,1.12,1.75
2017.03.06 17:44:13.792,1.41966,1.41982,1.00,1.87
2017.03.06 17:44:14.830,1.41965,1.41982,1.12,1.75
2017.03.06 17:44:15.520,1.41968,1.41983,1.00,3.00
2017.03.06 17:44:15.572,1.41965,1.41983,1.12,3.00
2017.03.06 17:44:18.001,1.41961,1.41976,1.87,1.37
2017.03.06 17:44:18.103,1.41959,1.41975,2.25,1.87
2017.03.06 17:44:18.305,1.41958,1.41975,1.00,1.00
2017.03.06 17:44:19.263,1.41958,1.41974,1.00,1.37
2017.03.06 17:44:21.072,1.41957,1.41975,1.12,2.25
2017.03.06 17:44:21.849,1.41958,1.41974,1.00,1.37
2017.03.06 17:44:21.951,1.4196,1.41975,1.00,1.12
2017.03.06 17:44:22.456,1.41958,1.41977,1.87,1.87
2017.03.06 17:44:22.619,1.41958,1.41976,1.50,1.00
2017.03.06 17:44:22.670,1.41958,1.41976,1.12,1.12
2017.03.06 17:44:22.721,1.41958,1.41976,1.50,1.00
2017.03.06 17:44:23.554,1.41957,1.41976,1.50,2.62
2017.03.06 17:44:23.758,1.41959,1.41976,1.50,1.00
2017.03.06 17:44:24.266,1.41958,1.41976,1.50,2.62
2017.03.06 17:44:24.562,1.41964,1.41977,1.12,1.50
2017.03.06 17:44:24.714,1.41963,1.41979,1.87,1.12
2017.03.06 17:44:24.866,1.41961,1.41978,2.25,1.37
2017.03.06 17:44:25.018,1.41959,1.41977,1.12,1.75
2017.03.06 17:44:25.221,1.41959,1.41976,1.12,1.12
2017.03.06 17:44:25.726,1.41958,1.41977,2.25,2.25
2017.03.06 17:44:27.257,1.41957,1.41974,1.75,1.12
2017.03.06 17:44:27.460,1.4196,1.41978,1.00,2.25
2017.03.06 17:44:27.612,1.41961,1.41978,1.75,1.00
2017.03.06 17:44:28.118,1.41963,1.4198,1.12,1.12
2017.03.06 17:44:28.868,1.41964,1.41979,1.00,1.37
2017.03.06 17:44:29.371,1.41962,1.41978,1.50,1.12
2017.03.06 17:44:30.697,1.41962,1.41978,3.00,1.12
2017.03.06 17:44:32.370,1.41961,1.41979,1.75,3.37
2017.03.06 17:44:32.421,1.41961,1.41978,1.12,1.12
2017.03.06 17:44:32.573,1.41962,1.41976,1.00,1.75
2017.03.06 17:44:32.674,1.4196,1.41975,1.00,1.37
2017.03.06 17:44:33.632,1.41961,1.41975,1.00,1.37
2017.03.06 17:44:34.427,1.4196,1.41977,1.12,1.87
2017.03.06 17:44:35.476,1.41961,1.41977,1.00,2.62
2017.03.06 17:44:38.751,1.41961,1.41977,1.00,1.50
2017.03.06 17:44:39.681,1.41964,1.41977,1.00,1.50
2017.03.06 17:44:39.833,1.41964,1.41979,1.50,1.12
2017.03.06 17:44:39.985,1.41963,1.41979,1.87,1.37
2017.03.06 17:44:41.685,1.41963,1.41979,1.00,3.00
2017.03.06 17:44:43.649,1.4196,1.41978,1.50,1.50
2017.03.06 17:44:43.953,1.41961,1.41976,1.12,1.00
2017.03.06 17:44:44.004,1.41957,1.41975,2.25,3.00
2017.03.06 17:44:44.055,1.41958,1.41975,1.00,1.87
2017.03.06 17:44:44.207,1.41961,1.41974,1.00,1.00
2017.03.06 17:44:44.779,1.41961,1.41977,1.00,1.37
2017.03.06 17:44:44.982,1.41961,1.41977,1.00,1.00
2017.03.06 17:44:45.534,1.41962,1.41977,1.00,1.50
2017.03.06 17:44:46.618,1.4196,1.41977,1.50,2.25
2017.03.06 17:44:46.669,1.4196,1.41976,1.00,1.75
2017.03.06 17:44:46.965,1.41961,1.41977,1.12,2.62
2017.03.06 17:44:47.067,1.41961,1.41976,1.12,1.37
2017.03.06 17:44:47.270,1.41961,1.41976,1.00,1.87
2017.03.06 17:44:47.321,1.41961,1.41974,1.00,1.00
2017.03.06 17:44:47.473,1.41961,1.41976,1.00,1.12
2017.03.06 17:44:47.575,1.41961,1.41976,1.00,1.50
2017.03.06 17:44:48.081,1.41959,1.41976,1.50,1.87
2017.03.06 17:44:48.599,1.41959,1.41977,1.75,2.25
2017.03.06 17:44:48.751,1.41959,1.41976,1.00,3.00
2017.03.06 17:44:50.066,1.41959,1.41975,1.50,1.00
2017.03.06 17:44:50.594,1.41961,1.41974,1.00,1.00
2017.03.06 17:44:50.900,1.41959,1.41974,1.00,1.12
2017.03.06 17:44:51.407,1.41958,1.41974,1.50,1.50
2017.03.06 17:44:52.169,1.41958,1.41975,1.00,1.87
2017.03.06 17:44:52.645,1.4196,1.41973,1.00,1.12
2017.03.06 17:44:53.101,1.4196,1.41975,1.00,1.12
2017.03.06 17:44:53.152,1.41959,1.41974,1.12,1.87
2017.03.06 17:44:53.361,1.41956,1.41971,1.50,1.12
2017.03.06 17:44:53.564,1.41958,1.41972,1.50,1.00
2017.03.06 17:44:53.918,1.41962,1.41976,1.00,1.00
2017.03.06 17:44:53.971,1.41967,1.4198,1.00,1.37
2017.03.06 17:44:54.123,1.4197,1.41983,1.12,1.00
2017.03.06 17:44:54.326,1.4197,1.41987,1.00,3.37
2017.03.06 17:44:54.578,1.41972,1.41987,1.00,1.37
2017.03.06 17:44:54.679,1.41968,1.41985,1.50,1.00
2017.03.06 17:44:54.730,1.41968,1.41985,1.50,1.37
2017.03.06 17:44:55.236,1.41968,1.41985,1.00,2.25
2017.03.06 17:44:55.967,1.41967,1.41985,1.12,2.25
2017.03.06 17:44:56.695,1.41966,1.41983,1.00,2.25
2017.03.06 17:44:57.242,1.41967,1.41983,1.00,1.75
2017.03.06 17:44:58.451,1.41968,1.41985,1.00,2.62
2017.03.06 17:44:58.552,1.41968,1.41985,1.00,2.62
2017.03.06 17:44:59.373,1.41967,1.41985,1.00,3.00
2017.03.06 17:44:59.677,1.41965,1.41982,1.12,1.37
2017.03.06 17:45:00.799,1.41966,1.41982,1.00,1.87
2017.03.06 17:45:01.333,1.41965,1.41982,1.12,1.37
2017.03.06 17:45:01.790,1.41966,1.41981,1.00,1.75
2017.03.06 17:45:01.892,1.41966,1.41981,1.00,1.37
2017.03.06 17:45:01.995,1.41965,1.41981,1.00,1.75
2017.03.06 17:45:02.646,1.41964,1.41982,1.00,3.00
2017.03.06 17:45:03.151,1.41964,1.41979,1.00,1.75
2017.03.06 17:45:03.658,1.41963,1.41979,1.50,1.75
2017.03.06 17:45:03.962,1.41968,1.41984,1.00,1.87
2017.03.06 17:45:04.492,1.41967,1.41984,1.12,1.87
2017.03.06 17:45:04.997,1.41968,1.41984,1.00,1.87
2017.03.06 17:45:05.503,1.41969,1.41984,1.00,1.87
2017.03.06 17:45:06.005,1.41966,1.41984,2.25,1.87
2017.03.06 17:45:07.732,1.41967,1.41983,1.37,1.12
2017.03.06 17:45:09.100,1.41966,1.41983,3.00,1.50
2017.03.06 17:45:09.606,1.41968,1.41983,1.50,1.50
2017.03.06 17:45:09.657,1.41965,1.41981,2.25,1.50
2017.03.06 17:45:09.708,1.41966,1.41981,1.00,1.00
2017.03.06 17:45:09.809,1.41965,1.41982,1.37,1.75
2017.03.06 17:45:09.911,1.41965,1.41982,1.50,1.00
2017.03.06 17:45:10.301,1.41968,1.41984,1.87,2.25
2017.03.06 17:45:10.605,1.41972,1.41988,1.37,3.75
2017.03.06 17:45:10.656,1.41972,1.41987,1.37,1.00
2017.03.06 17:45:10.960,1.41974,1.41988,1.37,1.50
2017.03.06 17:45:11.500,1.41974,1.41989,1.37,1.87
2017.03.06 17:45:11.551,1.41971,1.41989,2.25,2.62
2017.03.06 17:45:11.602,1.41971,1.41987,2.25,1.12
2017.03.06 17:45:11.982,1.41972,1.41987,1.37,1.37
2017.03.06 17:45:12.286,1.41973,1.41988,1.37,1.50
2017.03.06 17:45:13.036,1.41973,1.41988,1.37,1.50
2017.03.06 17:45:13.793,1.41974,1.41988,1.37,1.50
2017.03.06 17:45:15.069,1.41975,1.41988,1.37,1.00
2017.03.06 17:45:15.253,1.41973,1.41988,1.87,1.50
2017.03.06 17:45:15.355,1.41972,1.41987,1.87,1.00
2017.03.06 17:45:15.659,1.41972,1.41985,1.12,1.00
2017.03.06 17:45:15.760,1.4197,1.41985,1.50,1.00
2017.03.06 17:45:16.309,1.41969,1.41985,1.87,1.37
2017.03.06 17:45:16.707,1.41968,1.41981,1.37,1.00
2017.03.06 17:45:16.808,1.41965,1.41981,2.25,1.37
2017.03.06 17:45:16.859,1.41967,1.41981,1.37,1.37
2017.03.06 17:45:17.163,1.41967,1.41983,1.50,1.37
2017.03.06 17:45:19.091,1.41966,1.41983,2.25,1.37
2017.03.06 17:45:19.607,1.41966,1.41983,2.25,1.37
2017.03.06 17:45:20.451,1.41967,1.41983,1.50,1.37
2017.03.06 17:45:20.603,1.41967,1.41984,2.25,1.37
2017.03.06 17:45:20.761,1.41967,1.41984,2.25,1.37
2017.03.06 17:45:21.832,1.41967,1.41985,2.25,2.25
2017.03.06 17:45:22.390,1.41967,1.41985,2.25,2.25
2017.03.06 17:45:22.740,1.41967,1.41985,2.25,2.25
2017.03.06 17:45:22.917,1.4197,1.41985,1.37,1.50
2017.03.06 17:45:23.120,1.41975,1.41989,1.12,1.37
2017.03.06 17:45:23.271,1.41973,1.41986,1.00,1.00
2017.03.06 17:45:23.423,1.41968,1.41987,2.62,1.50
2017.03.06 17:45:23.525,1.41969,1.41987,1.12,1.75
2017.03.06 17:45:23.626,1.41972,1.41987,1.50,1.37
2017.03.06 17:45:23.728,1.41972,1.41987,1.37,1.50
2017.03.06 17:45:25.838,1.4197,1.41988,1.37,1.75
2017.03.06 17:45:25.890,1.4197,1.41988,1.87,1.75
2017.03.06 17:45:26.453,1.41972,1.41988,1.37,1.75
2017.03.06 17:45:26.971,1.41972,1.41989,1.37,2.47
2017.03.06 17:45:27.570,1.41972,1.41989,1.37,2.47
2017.03.06 17:45:28.091,1.41972,1.41989,1.37,1.72
2017.03.06 17:45:28.654,1.41972,1.41989,1.37,1.72
2017.03.06 17:45:29.792,1.41971,1.41988,1.37,1.60
2017.03.06 17:45:29.844,1.4197,1.41988,1.37,1.60
2017.03.06 17:45:30.197,1.4197,1.41987,1.37,1.35
2017.03.06 17:45:30.299,1.4197,1.41987,1.37,1.35
2017.03.06 17:45:30.849,1.4197,1.41986,1.37,1.22
2017.03.06 17:45:31.731,1.4197,1.41986,1.00,1.22
2017.03.06 17:45:32.034,1.4197,1.41986,1.00,1.72
2017.03.06 17:45:32.555,1.41969,1.41985,1.12,1.22
2017.03.06 17:45:32.911,1.41969,1.41985,1.50,1.22
2017.03.06 17:45:33.459,1.41969,1.41985,1.50,1.22
2017.03.06 17:45:33.762,1.41969,1.41985,1.50,1.22
2017.03.06 17:45:35.339,1.41968,1.41984,1.75,1.22
2017.03.06 17:45:35.940,1.4197,1.41984,1.87,1.12
2017.03.06 17:45:35.991,1.41977,1.41988,1.37,1.75
2017.03.06 17:45:36.043,1.41979,1.41993,1.37,2.62
2017.03.06 17:45:36.145,1.41985,1.41992,1.12,1.00
2017.03.06 17:45:36.195,1.41985,1.41992,1.37,1.00
2017.03.06 17:45:36.297,1.41983,1.41998,1.87,1.75
2017.03.06 17:45:36.348,1.41984,1.41997,1.12,1.00
2017.03.06 17:45:36.450,1.41982,1.41999,1.37,1.00
2017.03.06 17:45:36.500,1.41982,1.41997,1.37,1.00
2017.03.06 17:45:36.652,1.41979,1.41995,1.00,1.50
2017.03.06 17:45:36.754,1.41976,1.41995,1.50,3.00
2017.03.06 17:45:37.342,1.41975,1.41995,2.62,3.00
2017.03.06 17:45:37.726,1.41975,1.41994,1.87,1.37
2017.03.06 17:45:40.134,1.41974,1.4199,1.75,1.50
2017.03.06 17:45:40.235,1.41971,1.41988,1.00,1.00
2017.03.06 17:45:40.286,1.41973,1.41988,1.00,1.00
2017.03.06 17:45:40.791,1.41971,1.41987,1.37,1.00
2017.03.06 17:45:41.095,1.41973,1.41987,1.37,1.00
2017.03.06 17:45:41.247,1.41972,1.41989,1.50,1.00
2017.03.06 17:45:41.348,1.41974,1.41993,1.50,2.25
2017.03.06 17:45:41.450,1.41976,1.41995,1.87,2.25
2017.03.06 17:45:41.551,1.41977,1.41996,2.25,1.75
2017.03.06 17:45:41.955,1.41977,1.41995,1.00,2.25
2017.03.06 17:45:44.365,1.41976,1.41995,1.87,2.25
2017.03.06 17:45:44.882,1.41976,1.41995,1.87,1.75
2017.03.06 17:45:46.391,1.41975,1.41992,1.50,1.12
2017.03.06 17:45:46.534,1.41973,1.41992,1.37,2.25
2017.03.06 17:45:46.687,1.41974,1.41992,1.12,1.50
2017.03.06 17:45:47.192,1.41974,1.41993,1.50,2.25
2017.03.06 17:45:47.941,1.41974,1.41991,1.50,1.00
2017.03.06 17:45:48.093,1.41976,1.41993,1.00,1.75
2017.03.06 17:45:48.296,1.41976,1.41993,1.50,1.00
2017.03.06 17:45:48.832,1.41976,1.41993,1.50,1.00
2017.03.06 17:45:50.736,1.41974,1.41992,2.25,1.50
2017.03.06 17:45:50.838,1.41974,1.41992,1.37,1.87
2017.03.06 17:45:51.371,1.41974,1.4199,1.00,1.12
2017.03.06 17:45:52.985,1.41972,1.41989,1.12,1.50
2017.03.06 17:45:53.185,1.4197,1.41988,2.25,1.50
2017.03.06 17:45:54.002,1.41972,1.41989,1.00,2.25
2017.03.06 17:45:54.204,1.41972,1.41991,1.87,1.75
2017.03.06 17:45:55.012,1.41972,1.41991,2.25,1.75
2017.03.06 17:45:55.528,1.41974,1.41991,1.00,2.25
2017.03.06 17:45:56.037,1.41973,1.4199,1.00,2.25
2017.03.06 17:45:56.189,1.41972,1.41986,1.00,1.00
2017.03.06 17:45:56.696,1.41971,1.41989,1.87,1.12
2017.03.06 17:45:57.225,1.41971,1.41989,1.87,1.35
2017.03.06 17:45:59.415,1.41974,1.41991,1.12,2.47
2017.03.06 17:45:59.467,1.41976,1.41992,1.37,1.97
2017.03.06 17:45:59.722,1.41976,1.41992,1.50,1.12
2017.03.06 17:45:59.773,1.41975,1.41992,1.87,1.35
2017.03.06 17:46:00.129,1.41976,1.41993,1.37,2.47
2017.03.06 17:46:00.332,1.41978,1.41995,1.12,2.47
2017.03.06 17:46:00.434,1.41976,1.41994,1.37,2.47
2017.03.06 17:46:01.460,1.41976,1.41994,1.87,1.97
2017.03.06 17:46:01.974,1.41978,1.41995,1.37,1.97
2017.03.06 17:46:02.076,1.41978,1.41995,1.87,1.22
2017.03.06 17:46:02.682,1.41978,1.41995,1.87,1.22
2017.03.06 17:46:03.411,1.41978,1.41995,1.37,1.22
2017.03.06 17:46:03.960,1.41979,1.41996,1.37,1.22
2017.03.06 17:46:04.011,1.41978,1.41994,1.00,1.30
2017.03.06 17:46:04.265,1.41982,1.41994,1.37,1.00
2017.03.06 17:46:04.317,1.41982,1.41999,1.87,2.10
2017.03.06 17:46:04.410,1.41982,1.41993,1.87,1.00
2017.03.06 17:46:04.677,1.41981,1.41998,1.12,1.30
2017.03.06 17:46:05.284,1.41982,1.41999,1.00,1.35
2017.03.06 17:46:05.710,1.41983,1.42,1.87,1.97
2017.03.06 17:46:05.812,1.41983,1.42001,2.25,2.10
2017.03.06 17:46:05.863,1.41983,1.42001,1.50,2.10
2017.03.06 17:46:06.065,1.41983,1.42,1.50,1.12
2017.03.06 17:46:06.354,1.4198,1.41997,1.00,1.50
2017.03.06 17:46:06.405,1.41979,1.41997,1.87,2.25
2017.03.06 17:46:06.709,1.41977,1.41995,1.50,2.62
2017.03.06 17:46:07.269,1.41977,1.41995,2.25,1.87
2017.03.06 17:46:08.381,1.41981,1.41997,1.37,1.87
2017.03.06 17:46:08.432,1.41981,1.41998,1.87,1.50
2017.03.06 17:46:08.757,1.4198,1.41996,1.37,1.50
2017.03.06 17:46:09.740,1.41979,1.41996,1.75,1.50
2017.03.06 17:46:09.994,1.4198,1.41997,2.62,1.50
2017.03.06 17:46:11.069,1.41982,1.41999,2.62,1.75
2017.03.06 17:46:11.222,1.41983,1.41997,1.50,1.00
2017.03.06 17:46:11.273,1.41983,1.41997,1.00,2.25
2017.03.06 17:46:11.324,1.41979,1.41997,3.37,2.25
2017.03.06 17:46:11.477,1.41981,1.41995,1.87,1.50
2017.03.06 17:46:11.982,1.41982,1.41995,1.37,1.50
2017.03.06 17:46:14.207,1.41981,1.41997,1.12,2.25
2017.03.06 17:46:14.310,1.41978,1.41994,1.87,1.12
2017.03.06 17:46:14.821,1.41978,1.41993,1.12,1.00
2017.03.06 17:46:15.779,1.41978,1.41994,1.50,1.87
2017.03.06 17:46:15.830,1.41978,1.41994,2.25,1.12
2017.03.06 17:46:16.368,1.41978,1.41994,2.25,1.12
2017.03.06 17:46:17.303,1.41978,1.41994,3.00,1.12
2017.03.06 17:46:18.958,1.41978,1.41994,3.00,1.12
2017.03.06 17:46:19.685,1.41978,1.41994,2.62,1.87
2017.03.06 17:46:21.443,1.41978,1.41994,1.37,1.87
2017.03.06 17:46:21.981,1.41976,1.41993,2.25,3.37
2017.03.06 17:46:22.082,1.41977,1.41991,1.37,1.00
2017.03.06 17:46:22.588,1.41975,1.41991,1.37,1.00
2017.03.06 17:46:22.894,1.41975,1.41991,1.37,1.00
2017.03.06 17:46:23.528,1.41978,1.41993,1.37,1.50
2017.03.06 17:46:24.034,1.41981,1.41995,1.37,1.12
2017.03.06 17:46:24.085,1.41981,1.41996,1.37,1.87
2017.03.06 17:46:24.136,1.41981,1.41998,1.50,2.62
2017.03.06 17:46:24.187,1.41981,1.41998,1.50,2.62
2017.03.06 17:46:24.238,1.41981,1.41998,1.50,2.62
2017.03.06 17:46:24.777,1.4198,1.41997,1.87,2.25
2017.03.06 17:46:29.806,1.41978,1.41995,2.62,1.50
2017.03.06 17:46:30.314,1.41978,1.41994,1.12,1.12
2017.03.06 17:46:32.040,1.41977,1.41994,1.87,1.37
2017.03.06 17:46:32.781,1.41977,1.41994,3.37,1.87
2017.03.06 17:46:34.112,1.41979,1.41994,1.00,1.87
2017.03.06 17:46:35.925,1.41978,1.41994,1.00,1.37
2017.03.06 17:46:37.331,1.41977,1.41994,2.25,2.62
2017.03.06 17:46:37.942,1.41978,1.41993,1.00,1.12
2017.03.06 17:46:38.444,1.41978,1.41993,1.00,1.87
2017.03.06 17:46:39.320,1.41979,1.41993,1.00,2.62
2017.03.06 17:46:39.674,1.41977,1.41992,1.12,1.12
2017.03.06 17:46:39.776,1.41977,1.41992,1.00,1.87
2017.03.06 17:46:39.878,1.41977,1.41992,1.37,1.12
2017.03.06 17:46:40.490,1.41977,1.41993,2.25,1.50
2017.03.06 17:46:43.041,1.41977,1.41993,2.25,1.00
2017.03.06 17:46:47.981,1.41977,1.41993,2.25,1.50
2017.03.06 17:46:52.582,1.41977,1.41993,1.50,1.50
2017.03.06 17:46:53.066,1.41977,1.41991,1.12,1.00
2017.03.06 17:46:53.421,1.41975,1.41991,1.00,1.50
2017.03.06 17:46:53.522,1.41975,1.4199,1.00,1.50
2017.03.06 17:46:54.028,1.41974,1.4199,2.25,1.12
2017.03.06 17:46:54.798,1.41974,1.41989,1.50,1.00
2017.03.06 17:46:56.041,1.41973,1.41989,1.00,1.50
2017.03.06 17:46:56.786,1.41973,1.41989,1.87,1.00
2017.03.06 17:46:57.588,1.41973,1.41989,1.50,1.00
2017.03.06 17:46:58.562,1.41973,1.4199,1.50,2.62
2017.03.06 17:46:59.117,1.41974,1.41989,1.00,1.00
2017.03.06 17:46:59.657,1.41973,1.41989,2.25,1.00
2017.03.06 17:47:00.340,1.41978,1.41991,1.37,1.37
2017.03.06 17:47:00.492,1.41978,1.41995,3.00,1.50
2017.03.06 17:47:00.695,1.41979,1.41996,1.50,1.87
2017.03.06 17:47:01.457,1.4198,1.41995,1.12,1.50
2017.03.06 17:47:01.690,1.41978,1.41992,1.00,1.00
2017.03.06 17:47:01.742,1.41975,1.41992,1.12,2.25
2017.03.06 17:47:01.845,1.41976,1.41992,1.37,2.25
2017.03.06 17:47:02.351,1.41976,1.41992,1.00,1.50
2017.03.06 17:47:07.681,1.41978,1.41992,1.37,1.12
2017.03.06 17:47:08.086,1.41976,1.41992,1.50,1.50
2017.03.06 17:47:08.589,1.41975,1.41992,3.00,1.50
2017.03.06 17:47:11.226,1.41976,1.41992,1.00,2.25
2017.03.06 17:47:11.526,1.41976,1.41993,2.25,2.62
2017.03.06 17:47:12.032,1.41976,1.41992,1.50,1.00
2017.03.06 17:47:13.179,1.41975,1.41991,2.25,1.00
2017.03.06 17:47:13.680,1.41976,1.41992,1.12,1.00
2017.03.06 17:47:13.833,1.41976,1.41992,1.87,1.50
2017.03.06 17:47:14.929,1.41977,1.41992,1.00,1.50
2017.03.06 17:47:18.788,1.41977,1.41993,1.00,1.87
2017.03.06 17:47:19.295,1.41976,1.41992,1.12,1.00
2017.03.06 17:47:19.465,1.41976,1.41993,2.25,1.87
2017.03.06 17:47:19.516,1.41976,1.41993,1.87,1.00
2017.03.06 17:47:19.618,1.41977,1.41993,1.12,1.00
2017.03.06 17:47:20.909,1.41977,1.41994,1.12,2.25
2017.03.06 17:47:21.213,1.41976,1.4199,1.00,1.00
2017.03.06 17:47:21.718,1.41976,1.41991,1.50,1.00
2017.03.06 17:47:22.122,1.41977,1.41993,1.87,1.12
2017.03.06 17:47:23.634,1.41978,1.41994,1.50,1.00
2017.03.06 17:47:23.736,1.41978,1.41995,2.62,1.50
2017.03.06 17:47:24.240,1.41978,1.41994,2.62,1.00
2017.03.06 17:47:24.741,1.41978,1.41995,2.62,1.00
2017.03.06 17:47:25.055,1.4199,1.42003,1.00,4.50
2017.03.06 17:47:25.157,1.4199,1.42003,1.00,1.75
2017.03.06 17:47:25.258,1.41988,1.42003,1.87,1.00
2017.03.06 17:47:26.968,1.41989,1.42005,1.50,1.50
2017.03.06 17:47:27.372,1.41989,1.42003,1.50,1.00
2017.03.06 17:47:27.701,1.41987,1.41997,1.75,1.00
2017.03.06 17:47:27.752,1.41987,1.41997,1.00,1.00
2017.03.06 17:47:27.853,1.4198,1.41996,1.50,1.12
2017.03.06 17:47:28.361,1.41981,1.41997,1.50,2.25
2017.03.06 17:47:29.123,1.41981,1.41997,3.37,1.00
2017.03.06 17:47:30.008,1.41981,1.41998,2.62,1.00
2017.03.06 17:47:30.542,1.41983,1.41998,1.00,1.00
2017.03.06 17:47:31.097,1.41985,1.41999,1.00,1.50
2017.03.06 17:47:31.300,1.41986,1.42001,1.00,1.12
2017.03.06 17:47:31.351,1.41986,1.42001,1.00,1.50
2017.03.06 17:47:32.121,1.41985,1.42002,1.87,1.75
2017.03.06 17:47:32.670,1.41986,1.42001,1.00,1.50
2017.03.06 17:47:32.821,1.41985,1.42002,2.62,1.37
2017.03.06 17:47:33.025,1.41985,1.42002,3.37,1.75
2017.03.06 17:47:35.852,1.41987,1.42002,1.50,1.00
2017.03.06 17:47:35.903,1.41989,1.42004,1.87,1.12
2017.03.06 17:47:36.207,1.41992,1.42007,1.50,1.00
2017.03.06 17:47:39.149,1.41992,1.42007,1.00,2.25
2017.03.06 17:47:39.251,1.41989,1.42005,1.87,1.00
2017.03.06 17:47:39.403,1.41987,1.42002,3.37,1.00
2017.03.06 17:47:39.454,1.41987,1.42002,1.87,1.00
2017.03.06 17:47:40.006,1.41987,1.42001,2.62,1.00
2017.03.06 17:47:40.057,1.41987,1.42004,2.25,1.50
2017.03.06 17:47:40.259,1.41987,1.42003,3.75,1.00
2017.03.06 17:47:41.192,1.4199,1.42003,1.50,1.00
2017.03.06 17:47:41.293,1.4199,1.42005,1.12,1.12
2017.03.06 17:47:41.647,1.4199,1.42004,2.25,1.00
2017.03.06 17:47:41.799,1.4199,1.42006,2.25,1.00
2017.03.06 17:47:42.990,1.4199,1.42002,2.25,1.00
2017.03.06 17:47:43.165,1.41987,1.42003,1.50,1.12
2017.03.06 17:47:43.336,1.4199,1.42005,2.25,1.75
2017.03.06 17:47:43.488,1.4199,1.42006,1.87,1.00
2017.03.06 17:47:44.012,1.41991,1.42007,1.87,1.50
2017.03.06 17:47:44.527,1.41991,1.42007,1.12,1.00
2017.03.06 17:47:44.872,1.4199,1.42007,1.87,1.75
2017.03.06 17:47:47.038,1.4199,1.42007,1.87,2.25
2017.03.06 17:47:47.969,1.41991,1.42008,1.87,2.62
2017.03.06 17:47:48.220,1.41993,1.42006,1.00,1.00
2017.03.06 17:47:48.523,1.41993,1.42003,1.00,1.00
2017.03.06 17:47:48.625,1.41993,1.42005,1.00,1.00
2017.03.06 17:47:48.728,1.41993,1.42007,1.00,2.25
2017.03.06 17:47:49.335,1.41993,1.42008,1.12,1.87
2017.03.06 17:47:49.386,1.41993,1.42006,1.12,1.50
2017.03.06 17:47:49.437,1.41991,1.42006,1.12,1.50
2017.03.06 17:47:49.882,1.4199,1.42007,3.37,1.87
2017.03.06 17:47:50.284,1.41993,1.42007,1.12,1.75
2017.03.06 17:47:54.447,1.41993,1.4201,1.87,2.25
2017.03.06 17:47:54.499,1.41994,1.4201,1.50,1.75
2017.03.06 17:47:54.642,1.41994,1.4201,1.50,1.50
2017.03.06 17:47:54.794,1.41993,1.42009,1.50,3.00
2017.03.06 17:47:55.321,1.41993,1.42008,1.50,1.00
2017.03.06 17:47:55.740,1.41993,1.42008,1.12,1.00
2017.03.06 17:47:56.814,1.41993,1.42008,1.12,1.50
2017.03.06 17:47:57.320,1.41993,1.42008,1.37,1.00
2017.03.06 17:48:00.331,1.41994,1.42009,1.12,1.50
2017.03.06 17:48:00.383,1.41995,1.42011,1.12,1.37
2017.03.06 17:48:00.434,1.41996,1.42011,1.50,1.00
2017.03.06 17:48:00.586,1.41996,1.42009,1.00,1.50
2017.03.06 17:48:01.091,1.41994,1.42008,1.50,1.00
2017.03.06 17:48:03.985,1.41994,1.42007,1.37,1.00
2017.03.06 17:48:04.570,1.41994,1.42008,1.37,1.00
2017.03.06 17:48:04.772,1.41992,1.42007,1.50,1.00
2017.03.06 17:48:04.823,1.41992,1.42004,1.12,1.00
2017.03.06 17:48:05.627,1.41992,1.42006,1.12,1.00
2017.03.06 17:48:05.835,1.41992,1.42004,1.12,1.00
2017.03.06 17:48:07.934,1.41992,1.42006,1.12,1.50
2017.03.06 17:48:08.037,1.4199,1.42005,1.50,1.50
2017.03.06 17:48:08.119,1.4199,1.42004,1.00,1.12
2017.03.06 17:48:08.644,1.41989,1.42004,2.25,1.00
2017.03.06 17:48:09.372,1.41989,1.42005,1.87,1.50
2017.03.06 17:48:09.914,1.4199,1.42005,1.37,1.50
2017.03.06 17:48:10.491,1.41989,1.42004,1.00,1.12
2017.03.06 17:48:11.061,1.41989,1.42003,1.00,1.50
2017.03.06 17:48:11.591,1.41989,1.42004,1.00,1.12
2017.03.06 17:48:12.158,1.4199,1.42004,1.12,1.12
2017.03.06 17:48:13.829,1.4199,1.42007,1.75,3.00
2017.03.06 17:48:13.879,1.4199,1.42007,1.50,2.25
2017.03.06 17:48:13.981,1.4199,1.42004,3.37,1.12
2017.03.06 17:48:14.082,1.41992,1.42005,1.12,1.50
2017.03.06 17:48:14.184,1.41992,1.42005,1.75,1.00
2017.03.06 17:48:14.669,1.41992,1.42007,1.75,1.00
2017.03.06 17:48:14.973,1.41992,1.42005,1.12,1.00
2017.03.06 17:48:15.327,1.41992,1.42007,1.12,1.00
2017.03.06 17:48:16.108,1.41992,1.42007,1.50,1.50
2017.03.06 17:48:16.512,1.41992,1.42007,1.00,1.37
2017.03.06 17:48:16.664,1.41992,1.42007,1.00,1.50
2017.03.06 17:48:16.917,1.41989,1.42001,2.25,1.00
2017.03.06 17:48:17.071,1.41984,1.41997,1.00,1.00
2017.03.06 17:48:21.069,1.41984,1.41994,1.00,1.00
2017.03.06 17:48:21.209,1.41981,1.41994,1.50,1.00
2017.03.06 17:48:22.262,1.41981,1.41992,1.00,1.00
2017.03.06 17:48:22.413,1.41981,1.41994,1.00,1.50
2017.03.06 17:48:22.515,1.41981,1.41992,1.00,1.00
2017.03.06 17:48:22.818,1.41981,1.41994,1.00,1.50
2017.03.06 17:48:22.869,1.41981,1.41991,1.00,1.00
2017.03.06 17:48:23.549,1.41981,1.41993,1.00,1.00
2017.03.06 17:48:27.107,1.41981,1.41991,1.00,1.00
2017.03.06 17:48:27.411,1.41979,1.41991,1.00,1.00
2017.03.06 17:48:27.916,1.41979,1.4199,1.00,1.00
2017.03.06 17:48:28.705,1.41979,1.41991,1.00,1.00
2017.03.06 17:48:28.806,1.41979,1.41994,1.50,1.12
2017.03.06 17:48:28.908,1.41982,1.41993,1.00,1.00
2017.03.06 17:48:28.958,1.41982,1.41995,1.00,1.00
2017.03.06 17:48:29.060,1.41984,1.42,1.37,1.87
2017.03.06 17:48:29.111,1.41984,1.41996,1.00,1.00
2017.03.06 17:48:29.737,1.41984,1.41997,1.00,1.00
2017.03.06 17:48:30.056,1.41984,1.41994,1.00,1.00
2017.03.06 17:48:30.250,1.41981,1.41996,1.50,1.00
2017.03.06 17:48:30.755,1.41981,1.41995,1.50,1.00
2017.03.06 17:48:31.491,1.41981,1.41996,2.25,1.00
2017.03.06 17:48:31.718,1.41981,1.41994,2.25,1.00
2017.03.06 17:48:32.243,1.41981,1.41995,2.25,1.00
2017.03.06 17:48:35.773,1.41991,1.41997,1.00,1.00
2017.03.06 17:48:35.977,1.41995,1.42004,1.00,1.00
2017.03.06 17:48:36.028,1.41994,1.42006,1.12,1.00
2017.03.06 17:48:36.561,1.41995,1.42006,1.12,1.00
2017.03.06 17:48:37.584,1.41995,1.42008,1.00,1.00
2017.03.06 17:48:39.409,1.41995,1.42005,1.12,1.00
2017.03.06 17:48:39.460,1.41995,1.42007,1.12,1.00
2017.03.06 17:48:40.768,1.41995,1.42007,1.50,1.00
2017.03.06 17:48:43.070,1.42001,1.42014,1.75,1.12
2017.03.06 17:48:43.374,1.42,1.42013,2.25,1.00
2017.03.06 17:48:43.678,1.42,1.42015,2.25,1.00
2017.03.06 17:48:44.093,1.42002,1.42014,1.00,1.00
2017.03.06 17:48:44.397,1.42003,1.42016,1.12,1.00
2017.03.06 17:48:44.951,1.42003,1.42015,1.12,1.00
2017.03.06 17:48:45.468,1.42003,1.42016,1.12,1.00
2017.03.06 17:48:46.056,1.42003,1.42015,1.12,1.00
2017.03.06 17:48:48.738,1.42003,1.42015,1.50,1.00
2017.03.06 17:48:49.251,1.42003,1.42014,1.50,1.00
2017.03.06 17:48:49.951,1.42008,1.4202,1.50,1.50
2017.03.06 17:48:50.498,1.42008,1.4202,2.25,1.00
2017.03.06 17:48:50.778,1.42008,1.4202,1.87,1.00
2017.03.06 17:48:51.182,1.42008,1.4202,2.62,1.00
2017.03.06 17:48:51.335,1.42008,1.42022,1.50,1.00
2017.03.06 17:48:51.840,1.42008,1.42021,1.00,1.00
2017.03.06 17:48:52.609,1.42008,1.4202,1.00,1.00
2017.03.06 17:48:53.152,1.42008,1.42021,1.00,1.00
2017.03.06 17:48:55.029,1.42008,1.42022,1.00,1.50
2017.03.06 17:48:55.081,1.42008,1.42017,1.00,1.00
2017.03.06 17:48:55.181,1.42006,1.42017,2.25,1.00
2017.03.06 17:48:55.232,1.42006,1.42014,1.12,1.00
2017.03.06 17:48:56.284,1.42003,1.42014,1.50,1.00
2017.03.06 17:49:03.572,1.42007,1.4202,1.75,1.75
2017.03.06 17:49:03.648,1.42009,1.42021,1.37,1.50
2017.03.06 17:49:04.154,1.42009,1.4202,1.00,1.00
2017.03.06 17:49:05.987,1.42009,1.42021,1.00,1.00
2017.03.06 17:49:07.683,1.42009,1.4202,1.00,1.00
2017.03.06 17:49:08.188,1.42009,1.42021,1.00,1.00
2017.03.06 17:49:09.523,1.42009,1.42022,1.00,1.00
2017.03.06 17:49:10.059,1.42007,1.42021,2.25,1.00
2017.03.06 17:49:10.340,1.42007,1.42019,1.50,1.00
2017.03.06 17:49:10.593,1.42008,1.42021,1.00,1.00
2017.03.06 17:49:10.745,1.4201,1.42021,1.00,1.00
2017.03.06 17:49:11.297,1.4201,1.4202,1.00,1.00
2017.03.06 17:49:11.867,1.4201,1.42021,1.00,1.00
2017.03.06 17:49:15.273,1.4201,1.42022,1.00,1.00
2017.03.06 17:49:15.526,1.42007,1.4202,1.12,1.00
2017.03.06 17:49:15.577,1.42007,1.42021,1.50,1.00
2017.03.06 17:49:16.118,1.42007,1.4202,1.87,1.00
2017.03.06 17:49:16.692,1.42007,1.4202,1.87,1.00
2017.03.06 17:49:21.339,1.42007,1.42019,1.87,1.00
2017.03.06 17:49:21.491,1.42005,1.42018,2.25,1.00
2017.03.06 17:49:21.645,1.42005,1.42018,1.00,1.00
2017.03.06 17:49:21.847,1.42005,1.42016,1.00,1.00
2017.03.06 17:49:22.373,1.42005,1.42015,1.00,1.00
2017.03.06 17:49:22.988,1.42005,1.42016,1.00,1.00
2017.03.06 17:49:23.493,1.42005,1.42015,1.00,1.00
2017.03.06 17:49:25.647,1.42005,1.42016,1.00,1.00
2017.03.06 17:49:26.174,1.42005,1.42015,1.00,1.00
2017.03.06 17:49:28.365,1.42002,1.42015,1.75,1.00
2017.03.06 17:49:28.606,1.41997,1.4201,1.12,1.00
2017.03.06 17:49:28.754,1.42,1.4201,1.00,1.00
2017.03.06 17:49:28.805,1.42,1.42013,1.75,1.87
2017.03.06 17:49:28.957,1.42,1.42015,1.87,1.50
2017.03.06 17:49:29.008,1.42,1.42013,1.87,1.00
2017.03.06 17:49:29.520,1.42,1.42012,1.87,1.50
2017.03.06 17:49:30.008,1.42002,1.42016,1.75,1.00
2017.03.06 17:49:30.313,1.42004,1.4202,1.87,2.25
2017.03.06 17:49:30.465,1.42005,1.42017,1.00,1.00
2017.03.06 17:49:30.996,1.42005,1.42016,1.00,1.00
2017.03.06 17:49:31.789,1.42004,1.42016,2.25,1.00
2017.03.06 17:49:33.029,1.42005,1.42016,1.00,1.00
2017.03.06 17:49:33.903,1.42005,1.42015,1.00,1.00
2017.03.06 17:49:34.207,1.42002,1.42012,1.37,1.00
2017.03.06 17:49:35.089,1.42002,1.42012,1.12,1.00
2017.03.06 17:49:35.843,1.41999,1.42012,1.87,1.00
2017.03.06 17:49:38.217,1.42001,1.42014,1.00,1.00
2017.03.06 17:49:38.555,1.42005,1.42015,1.50,1.00
2017.03.06 17:49:38.858,1.42005,1.42017,1.50,1.00
2017.03.06 17:49:39.403,1.42005,1.42018,1.00,1.50
2017.03.06 17:49:39.722,1.42003,1.42014,1.50,1.00
2017.03.06 17:49:39.925,1.42002,1.42016,1.75,1.00
2017.03.06 17:49:39.977,1.42002,1.42012,1.75,1.00
2017.03.06 17:49:40.163,1.41998,1.42014,1.12,1.00
2017.03.06 17:49:40.214,1.41998,1.42012,1.00,1.00
2017.03.06 17:49:40.719,1.41998,1.42013,1.00,1.50
2017.03.06 17:49:41.232,1.41998,1.42012,1.00,1.00
2017.03.06 17:49:41.748,1.41997,1.42009,1.87,1.00
2017.03.06 17:49:41.909,1.41997,1.42011,1.50,1.00
2017.03.06 17:49:45.240,1.41997,1.4201,1.00,1.00
2017.03.06 17:49:45.932,1.41997,1.42009,1.00,1.00
2017.03.06 17:49:46.917,1.41997,1.42011,1.50,1.00
2017.03.06 17:49:50.623,1.41997,1.42008,1.00,1.00
2017.03.06 17:49:50.775,1.41997,1.4201,1.00,1.00
2017.03.06 17:49:51.319,1.41997,1.42009,1.00,1.00
2017.03.06 17:49:52.729,1.41997,1.42011,1.50,1.00
2017.03.06 17:49:55.109,1.41997,1.4201,1.50,1.00
2017.03.06 17:49:56.644,1.41997,1.42009,1.00,1.00
2017.03.06 17:49:59.346,1.41996,1.42009,1.12,1.50
2017.03.06 17:49:59.398,1.41996,1.42005,1.12,1.00
2017.03.06 17:49:59.501,1.4199,1.42004,2.25,1.00
2017.03.06 17:49:59.603,1.4199,1.42004,1.50,1.00
2017.03.06 17:50:01.373,1.4199,1.42005,1.50,1.50
2017.03.06 17:50:01.424,1.4199,1.42005,2.25,1.50
2017.03.06 17:50:01.727,1.4199,1.42004,1.50,1.00
2017.03.06 17:50:02.320,1.41991,1.42003,1.12,1.00
2017.03.06 17:50:04.958,1.4199,1.42003,1.87,1.37
2017.03.06 17:50:05.009,1.41985,1.41997,1.75,1.00
2017.03.06 17:50:05.110,1.41984,1.41997,1.87,1.00
2017.03.06 17:50:05.262,1.41983,1.41995,1.87,1.00
2017.03.06 17:50:05.415,1.41983,1.41997,1.87,1.00
2017.03.06 17:50:05.465,1.41983,1.41995,1.87,1.00
2017.03.06 17:50:06.268,1.41984,1.41995,1.00,1.00
2017.03.06 17:50:06.744,1.41979,1.41991,1.12,1.00
2017.03.06 17:50:06.795,1.41979,1.41989,1.12,1.00
2017.03.06 17:50:06.846,1.41979,1.41992,1.87,1.00
2017.03.06 17:50:06.947,1.41979,1.41994,1.75,1.00
2017.03.06 17:50:08.007,1.41982,1.41994,1.37,1.00
2017.03.06 17:50:10.031,1.41979,1.41993,1.87,1.00
2017.03.06 17:50:10.132,1.41979,1.41993,1.87,1.00
2017.03.06 17:50:10.234,1.41979,1.41993,1.87,1.00
2017.03.06 17:50:12.051,1.41982,1.41998,1.12,2.62
2017.03.06 17:50:12.204,1.41983,1.41994,1.12,1.00
2017.03.06 17:50:12.306,1.41981,1.41995,1.12,1.00
2017.03.06 17:50:12.357,1.4198,1.41995,2.62,1.00
2017.03.06 17:50:12.896,1.41982,1.41994,1.50,1.00
2017.03.06 17:50:13.277,1.41981,1.41994,1.12,1.00
2017.03.06 17:50:13.782,1.41981,1.41993,1.12,1.00
2017.03.06 17:50:14.718,1.41982,1.41994,1.00,1.00
2017.03.06 17:50:16.262,1.41982,1.41994,1.37,1.00
2017.03.06 17:50:16.859,1.41981,1.41994,1.00,1.00
2017.03.06 17:50:17.737,1.41982,1.41994,1.37,1.00
2017.03.06 17:50:18.647,1.41982,1.41993,1.87,1.00
2017.03.06 17:50:19.553,1.41982,1.41995,1.87,1.00
2017.03.06 17:50:19.604,1.41989,1.42,1.12,1.37
2017.03.06 17:50:19.706,1.41987,1.42001,1.50,1.12
2017.03.06 17:50:19.757,1.41987,1.42002,3.00,1.00
2017.03.06 17:50:20.060,1.41987,1.41999,1.12,1.00
2017.03.06 17:50:20.392,1.41985,1.41996,1.50,1.00
2017.03.06 17:50:20.696,1.41983,1.41996,1.87,1.00
2017.03.06 17:50:23.632,1.41982,1.41995,1.50,1.00
2017.03.06 17:50:24.244,1.41982,1.41995,1.00,1.00
2017.03.06 17:50:24.757,1.41981,1.41995,1.12,1.00
2017.03.06 17:50:25.656,1.41981,1.41994,1.12,1.00
2017.03.06 17:50:26.459,1.41981,1.41993,1.50,1.00
2017.03.06 17:50:26.510,1.41987,1.42001,1.00,2.25
2017.03.06 17:50:26.644,1.41989,1.42003,1.37,2.25
2017.03.06 17:50:26.847,1.4199,1.42003,1.12,1.00
2017.03.06 17:50:27.464,1.41989,1.42001,1.00,1.00
2017.03.06 17:50:27.768,1.41986,1.41998,1.00,1.00
2017.03.06 17:50:28.269,1.41986,1.41999,1.00,1.00
2017.03.06 17:50:28.828,1.41986,1.42,1.50,1.00
2017.03.06 17:50:29.137,1.41986,1.41998,1.50,1.00
2017.03.06 17:50:29.651,1.41986,1.41999,1.00,1.00
2017.03.06 17:50:30.208,1.41986,1.42002,1.12,1.50
2017.03.06 17:50:30.511,1.41985,1.41996,1.12,1.00
2017.03.06 17:50:31.046,1.41983,1.41996,3.75,1.00
2017.03.06 17:50:31.596,1.41983,1.41997,1.87,1.00
2017.03.06 17:50:32.262,1.41983,1.41998,2.62,1.00
2017.03.06 17:50:33.906,1.41983,1.41999,3.37,1.00
2017.03.06 17:50:34.210,1.4198,1.41994,1.50,1.00
2017.03.06 17:50:34.514,1.41979,1.41991,1.75,1.00
2017.03.06 17:50:34.696,1.41978,1.41993,1.00,1.00
2017.03.06 17:50:35.177,1.41978,1.41995,1.00,1.12
2017.03.06 17:50:35.867,1.41978,1.41995,1.37,1.87
2017.03.06 17:50:35.918,1.41983,1.41998,1.12,1.75
2017.03.06 17:50:36.171,1.41986,1.42002,1.87,1.00
2017.03.06 17:50:36.221,1.41986,1.42,2.25,1.37
2017.03.06 17:50:36.323,1.41985,1.42,1.12,1.00
2017.03.06 17:50:36.378,1.41984,1.42,1.12,1.50
2017.03.06 17:50:36.479,1.41983,1.42,2.25,1.50
2017.03.06 17:50:36.681,1.41983,1.41999,1.00,1.00
2017.03.06 17:50:37.193,1.41982,1.41999,1.12,1.00
2017.03.06 17:50:37.736,1.41982,1.42,1.12,1.50
2017.03.06 17:50:38.581,1.41982,1.41999,1.12,1.00
2017.03.06 17:50:40.572,1.41982,1.41998,1.12,1.00
2017.03.06 17:50:40.861,1.41982,1.42,1.12,2.25
2017.03.06 17:50:41.761,1.41982,1.41999,1.12,1.00
2017.03.06 17:50:42.499,1.41982,1.41999,1.87,1.00
2017.03.06 17:50:43.031,1.41984,1.42,1.50,1.50
2017.03.06 17:50:45.180,1.41986,1.42001,1.00,1.37
2017.03.06 17:50:45.285,1.4199,1.42005,1.00,1.00
2017.03.06 17:50:45.792,1.41987,1.42004,3.00,1.12
2017.03.06 17:50:46.876,1.41989,1.42006,1.00,2.25
2017.03.06 17:50:47.382,1.4199,1.42005,1.87,1.50
2017.03.06 17:50:49.393,1.4199,1.42002,1.00,1.37
2017.03.06 17:50:49.596,1.41984,1.42001,3.37,1.12
2017.03.06 17:50:49.798,1.41989,1.42003,1.00,1.75
2017.03.06 17:50:49.900,1.41989,1.42004,1.00,1.50
2017.03.06 17:50:50.099,1.41989,1.42005,1.87,1.12
2017.03.06 17:50:51.113,1.41991,1.42006,1.12,1.50
2017.03.06 17:50:51.752,1.42,1.42006,1.00,1.00
2017.03.06 17:50:51.803,1.41996,1.42009,1.00,1.37
2017.03.06 17:50:51.854,1.41998,1.42014,2.25,3.37
2017.03.06 17:50:51.905,1.41999,1.42015,2.25,1.75
2017.03.06 17:50:52.008,1.41999,1.42013,1.12,2.62
2017.03.06 17:50:52.059,1.41997,1.42013,2.25,3.00
2017.03.06 17:50:52.110,1.41998,1.42013,1.37,1.12
2017.03.06 17:50:52.313,1.41995,1.42014,3.00,2.62
2017.03.06 17:50:52.821,1.41998,1.42014,1.00,1.50
2017.03.06 17:50:53.327,1.41999,1.42014,1.00,1.50
2017.03.06 17:50:53.967,1.41999,1.42014,1.00,1.00
2017.03.06 17:50:54.220,1.41996,1.42013,2.62,1.37
2017.03.06 17:50:55.239,1.41997,1.42013,1.12,1.12
2017.03.06 17:50:55.543,1.42001,1.42016,1.00,1.37
2017.03.06 17:50:56.049,1.42,1.42016,1.12,1.12
2017.03.06 17:50:58.577,1.41999,1.42015,1.50,1.00
2017.03.06 17:50:59.079,1.42,1.42016,1.12,1.00
2017.03.06 17:50:59.629,1.42001,1.42017,1.00,1.12
2017.03.06 17:50:59.933,1.41999,1.42016,1.00,1.50
2017.03.06 17:51:00.438,1.41998,1.42014,1.87,1.00
2017.03.06 17:51:01.213,1.41998,1.42013,1.87,1.00
2017.03.06 17:51:01.754,1.41999,1.42014,1.00,1.00
2017.03.06 17:51:05.551,1.41999,1.42015,1.00,1.50
2017.03.06 17:51:06.770,1.41998,1.42012,1.12,1.00
2017.03.06 17:51:07.057,1.41996,1.42011,1.00,1.00
2017.03.06 17:51:07.566,1.41997,1.42012,1.12,1.37
2017.03.06 17:51:08.088,1.41996,1.42012,2.25,1.12
2017.03.06 17:51:18.680,1.41994,1.42009,2.25,1.37
2017.03.06 17:51:18.782,1.41993,1.42009,1.37,1.37
2017.03.06 17:51:25.370,1.41993,1.42008,1.00,1.37
2017.03.06 17:51:25.905,1.41993,1.42008,1.00,1.00
2017.03.06 17:51:26.483,1.41993,1.42007,1.00,1.00
2017.03.06 17:51:29.285,1.41993,1.42009,1.00,1.87
2017.03.06 17:51:29.336,1.41995,1.42009,1.00,1.12
2017.03.06 17:51:29.659,1.41997,1.4201,1.00,1.50
2017.03.06 17:51:30.498,1.41998,1.4201,1.00,1.00
2017.03.06 17:51:31.869,1.41999,1.42011,1.00,1.50
2017.03.06 17:51:32.274,1.41999,1.42012,1.00,1.00
2017.03.06 17:51:32.776,1.41999,1.42011,1.00,1.00
2017.03.06 17:51:33.314,1.41999,1.42012,1.00,1.00
2017.03.06 17:51:34.501,1.41999,1.42012,1.00,1.37
2017.03.06 17:51:34.667,1.41999,1.42012,1.00,1.75
2017.03.06 17:51:38.219,1.41997,1.42012,1.12,2.25
2017.03.06 17:51:40.452,1.4199,1.42007,5.25,1.00
2017.03.06 17:51:40.503,1.4199,1.42007,1.87,1.00
2017.03.06 17:51:40.605,1.4199,1.42007,1.37,1.87
2017.03.06 17:51:41.757,1.4199,1.42006,1.37,1.37
2017.03.06 17:51:48.087,1.41995,1.42009,1.00,1.12
2017.03.06 17:51:48.138,1.41995,1.42008,1.50,1.00
2017.03.06 17:51:48.239,1.41997,1.42008,1.00,1.00
2017.03.06 17:51:48.442,1.42003,1.42016,1.00,1.00
2017.03.06 17:51:48.947,1.42002,1.42019,1.12,1.75
2017.03.06 17:51:51.215,1.42004,1.4202,1.00,1.87
2017.03.06 17:51:51.266,1.42005,1.4202,1.00,1.87
2017.03.06 17:51:51.799,1.42005,1.42021,1.50,2.25
2017.03.06 17:51:52.417,1.42005,1.42021,1.50,1.50
2017.03.06 17:51:53.723,1.42005,1.42021,1.00,2.62
2017.03.06 17:51:54.679,1.42004,1.42021,1.12,2.62
2017.03.06 17:51:54.803,1.42002,1.42017,1.87,1.50
2017.03.06 17:51:54.956,1.41999,1.42017,1.50,2.25
2017.03.06 17:51:55.007,1.41999,1.42016,1.87,1.37
2017.03.06 17:51:55.311,1.42003,1.4202,1.87,1.87
2017.03.06 17:51:55.843,1.42003,1.4202,1.12,2.25
2017.03.06 17:51:56.452,1.42003,1.4202,1.87,1.50
2017.03.06 17:51:58.319,1.42002,1.42018,1.50,1.00
2017.03.06 17:51:58.824,1.42002,1.42019,1.75,1.50
2017.03.06 17:52:00.165,1.42003,1.42019,1.12,2.25
2017.03.06 17:52:00.837,1.42002,1.42018,1.75,1.12
2017.03.06 17:52:00.939,1.42002,1.4202,1.87,2.25
2017.03.06 17:52:01.041,1.42002,1.42019,1.87,1.37
2017.03.06 17:52:01.142,1.42002,1.42019,2.62,1.00
2017.03.06 17:52:01.646,1.42002,1.42019,2.62,1.00
2017.03.06 17:52:02.133,1.42002,1.4202,2.44,1.50
2017.03.06 17:52:02.857,1.42004,1.42019,1.25,1.00
2017.03.06 17:52:03.361,1.42003,1.42019,1.19,1.87
2017.03.06 17:52:04.087,1.42005,1.42019,1.00,1.87
2017.03.06 17:52:04.340,1.42006,1.4202,1.12,1.12
2017.03.06 17:52:05.442,1.42005,1.4202,1.19,1.00
2017.03.06 17:52:05.650,1.42011,1.42023,1.19,1.75
2017.03.06 17:52:05.752,1.4201,1.42023,1.25,1.50
2017.03.06 17:52:05.854,1.42012,1.42026,1.00,1.12
2017.03.06 17:52:06.474,1.42011,1.42026,1.00,1.12
2017.03.06 17:52:06.984,1.42009,1.42025,1.50,1.87
2017.03.06 17:52:07.085,1.42009,1.42023,1.50,1.00
2017.03.06 17:52:07.639,1.42009,1.42024,1.50,1.50
2017.03.06 17:52:09.844,1.42009,1.42024,1.00,1.50
2017.03.06 17:52:13.700,1.42009,1.42023,1.00,1.00
2017.03.06 17:52:13.751,1.42006,1.42023,3.00,1.00
2017.03.06 17:52:14.267,1.42008,1.42024,1.00,1.50
2017.03.06 17:52:14.470,1.4201,1.42024,1.00,1.50
2017.03.06 17:52:19.139,1.42009,1.42025,1.00,2.25
2017.03.06 17:52:19.291,1.42009,1.42025,1.50,1.12
2017.03.06 17:52:19.645,1.42009,1.42025,1.50,1.37
2017.03.06 17:52:21.747,1.42009,1.42025,1.50,1.50
2017.03.06 17:52:22.390,1.42009,1.42025,1.50,1.12
2017.03.06 17:52:25.838,1.42009,1.42026,1.12,1.50
2017.03.06 17:52:26.143,1.4201,1.42024,1.00,1.00
2017.03.06 17:52:26.689,1.4201,1.42025,1.00,1.00
2017.03.06 17:52:28.198,1.42009,1.42025,1.12,1.00
2017.03.06 17:52:28.727,1.4201,1.42026,1.00,1.12
2017.03.06 17:52:30.127,1.4201,1.42025,1.00,1.00
2017.03.06 17:52:30.656,1.42009,1.42026,1.87,1.12
2017.03.06 17:52:31.725,1.42009,1.42026,2.25,1.12
2017.03.06 17:52:32.029,1.42006,1.42021,2.25,1.00
2017.03.06 17:52:32.223,1.42005,1.42021,1.75,2.25
2017.03.06 17:52:32.326,1.42005,1.42021,1.00,2.62
2017.03.06 17:52:34.031,1.42005,1.4202,1.00,1.00
2017.03.06 17:52:35.081,1.42004,1.42021,1.37,1.12
2017.03.06 17:52:36.512,1.42004,1.42022,1.87,2.25
2017.03.06 17:52:36.664,1.42003,1.4202,3.75,1.00
2017.03.06 17:52:37.955,1.42005,1.42022,1.19,3.00
2017.03.06 17:52:38.259,1.42013,1.42029,1.00,1.87
2017.03.06 17:52:38.665,1.42012,1.42028,2.25,1.50
2017.03.06 17:52:40.457,1.42009,1.42024,1.75,1.00
2017.03.06 17:52:40.508,1.42007,1.42024,4.50,1.00
2017.03.06 17:52:40.610,1.42007,1.42023,1.87,2.62
2017.03.06 17:52:41.153,1.42006,1.42023,1.00,2.62
2017.03.06 17:52:41.659,1.42005,1.42022,2.25,1.50
2017.03.06 17:52:43.487,1.42005,1.42022,2.62,1.50
2017.03.06 17:52:44.573,1.42012,1.42026,1.00,1.75
2017.03.06 17:52:44.624,1.42012,1.42025,1.00,1.00
2017.03.06 17:52:45.162,1.4201,1.42027,1.75,1.50
2017.03.06 17:52:50.914,1.42009,1.42022,1.12,1.00
2017.03.06 17:52:51.016,1.42008,1.42024,2.62,1.12
2017.03.06 17:52:51.253,1.42011,1.42028,1.87,2.25
2017.03.06 17:52:51.802,1.4201,1.42025,1.75,1.00
2017.03.06 17:52:51.904,1.42009,1.42023,1.12,1.00
2017.03.06 17:52:52.006,1.42007,1.42023,1.50,1.37
2017.03.06 17:52:52.108,1.42009,1.42025,1.12,1.50
2017.03.06 17:52:52.159,1.42009,1.42027,1.87,3.00
2017.03.06 17:52:52.311,1.42011,1.42027,2.25,1.37
2017.03.06 17:52:52.816,1.42011,1.42027,1.12,1.00
2017.03.06 17:52:53.327,1.42011,1.42026,1.12,1.00
2017.03.06 17:52:56.514,1.42013,1.42026,1.00,1.50
2017.03.06 17:52:57.527,1.42013,1.42024,1.00,1.00
2017.03.06 17:52:57.730,1.42007,1.42023,1.12,1.12
2017.03.06 17:52:59.109,1.42009,1.42023,1.00,1.00
2017.03.06 17:52:59.628,1.42007,1.42024,1.37,1.50
2017.03.06 17:53:00.522,1.42007,1.42024,1.87,1.87
2017.03.06 17:53:01.109,1.42009,1.42024,1.00,1.87
2017.03.06 17:53:03.351,1.42007,1.42023,1.12,1.00
2017.03.06 17:53:04.025,1.42006,1.42023,2.25,1.87
2017.03.06 17:53:04.588,1.42006,1.42022,1.50,1.00
2017.03.06 17:53:07.093,1.42006,1.4202,1.00,1.00
2017.03.06 17:53:07.601,1.42006,1.42021,1.00,1.00
2017.03.06 17:53:07.942,1.42005,1.42021,3.37,1.00
2017.03.06 17:53:08.443,1.42007,1.42022,1.37,1.00
2017.03.06 17:53:08.988,1.42007,1.42022,1.00,1.00
2017.03.06 17:53:09.870,1.42008,1.42022,1.00,1.00
2017.03.06 17:53:10.388,1.42007,1.42023,1.00,1.00
2017.03.06 17:53:10.693,1.42006,1.42023,1.12,1.75
2017.03.06 17:53:11.272,1.42007,1.42023,1.00,2.25
2017.03.06 17:53:11.373,1.42006,1.42023,1.12,2.25
2017.03.06 17:53:11.874,1.42007,1.42023,1.00,1.87
2017.03.06 17:53:12.026,1.42005,1.42021,1.12,1.00
2017.03.06 17:53:12.228,1.42003,1.4202,1.87,1.00
2017.03.06 17:53:12.430,1.42005,1.4202,1.00,1.37
2017.03.06 17:53:13.842,1.42004,1.4202,1.00,1.37
2017.03.06 17:53:14.146,1.42006,1.4202,1.00,1.37
2017.03.06 17:53:14.546,1.42004,1.4202,1.00,1.37
2017.03.06 17:53:16.498,1.42003,1.4202,1.12,1.87
2017.03.06 17:53:16.802,1.42002,1.42017,1.00,1.00
2017.03.06 17:53:16.903,1.42,1.42016,1.87,1.00
2017.03.06 17:53:17.410,1.41998,1.42015,1.12,1.50
2017.03.06 17:53:17.511,1.41998,1.42015,1.87,1.87
2017.03.06 17:53:17.815,1.41998,1.42015,1.12,2.62
2017.03.06 17:53:21.109,1.41997,1.42014,1.50,1.50
2017.03.06 17:53:21.642,1.41998,1.42015,1.37,1.12
2017.03.06 17:53:21.895,1.41999,1.42016,1.50,2.25
2017.03.06 17:53:23.666,1.42001,1.42016,1.00,1.12
2017.03.06 17:53:24.174,1.42,1.42017,1.12,1.12
2017.03.06 17:53:25.778,1.42,1.42016,1.50,1.00
2017.03.06 17:53:28.847,1.42,1.42015,1.00,1.00
2017.03.06 17:53:29.150,1.41999,1.42015,1.87,1.75
2017.03.06 17:53:29.481,1.42003,1.42017,1.12,1.37
2017.03.06 17:53:29.588,1.42001,1.42018,1.12,1.12
2017.03.06 17:53:30.095,1.42001,1.42017,1.12,1.00
2017.03.06 17:53:30.197,1.42003,1.42017,1.12,1.00
2017.03.06 17:53:30.747,1.42,1.42017,1.00,1.87
2017.03.06 17:53:30.798,1.42,1.42015,1.00,1.00
2017.03.06 17:53:30.900,1.41998,1.42015,1.12,1.12
2017.03.06 17:53:31.254,1.41997,1.42013,2.62,1.00
2017.03.06 17:53:31.590,1.41993,1.4201,3.00,1.37
2017.03.06 17:53:31.743,1.41994,1.4201,1.00,1.37
2017.03.06 17:53:32.046,1.41993,1.4201,3.00,1.75
2017.03.06 17:53:32.243,1.41993,1.4201,1.87,1.75
2017.03.06 17:53:32.345,1.41993,1.4201,3.00,1.75
2017.03.06 17:53:32.446,1.41993,1.42011,2.62,2.25
2017.03.06 17:53:32.548,1.41993,1.42011,1.87,2.25
2017.03.06 17:53:32.649,1.41993,1.42011,1.87,2.25
2017.03.06 17:53:32.751,1.41993,1.4201,3.75,1.75
2017.03.06 17:53:32.954,1.41993,1.42011,2.62,2.25
2017.03.06 17:53:33.432,1.41993,1.42011,3.00,1.75
2017.03.06 17:53:33.686,1.41995,1.42012,1.87,1.50
2017.03.06 17:53:34.486,1.41995,1.42013,2.25,1.87
2017.03.06 17:53:35.027,1.41995,1.42012,1.00,1.12
2017.03.06 17:53:35.539,1.41994,1.42011,1.37,1.12
2017.03.06 17:53:39.048,1.41994,1.42012,2.25,1.37
2017.03.06 17:53:39.099,1.41995,1.42013,1.12,1.12
2017.03.06 17:53:39.251,1.41996,1.42014,3.00,1.37
2017.03.06 17:53:39.554,1.41999,1.42016,1.50,1.37
2017.03.06 17:53:40.075,1.41999,1.42016,1.50,1.37
2017.03.06 17:53:40.711,1.42,1.42016,1.00,1.37
2017.03.06 17:53:40.762,1.42,1.42018,1.12,2.62
2017.03.06 17:53:43.647,1.41999,1.42017,3.75,1.50
2017.03.06 17:53:43.901,1.42005,1.42021,1.00,1.12
2017.03.06 17:53:44.256,1.42004,1.42021,1.12,2.25
2017.03.06 17:53:44.358,1.42002,1.42018,1.00,1.87
2017.03.06 17:53:44.409,1.42,1.42018,3.00,1.87
2017.03.06 17:53:44.589,1.42,1.42018,2.25,2.62
2017.03.06 17:53:45.078,1.42001,1.42018,1.37,1.12
2017.03.06 17:53:45.381,1.42003,1.42018,1.00,1.50
2017.03.06 17:53:45.946,1.42004,1.42018,1.37,1.00
2017.03.06 17:53:46.098,1.42004,1.4202,2.62,1.00
2017.03.06 17:53:47.228,1.42005,1.42022,1.87,1.37
2017.03.06 17:53:47.532,1.42013,1.42023,1.37,1.75
2017.03.06 17:53:47.583,1.42013,1.42028,1.37,2.62
2017.03.06 17:53:47.685,1.42014,1.42029,1.37,1.12
2017.03.06 17:53:47.786,1.42015,1.42029,1.37,1.12
2017.03.06 17:53:48.141,1.42012,1.42026,1.00,1.12
2017.03.06 17:53:48.192,1.4201,1.42026,1.50,1.12
2017.03.06 17:53:48.373,1.42012,1.42026,1.00,1.50
2017.03.06 17:53:48.475,1.42011,1.42028,1.12,1.50
2017.03.06 17:53:48.576,1.4201,1.42026,1.00,1.37
2017.03.06 17:53:49.090,1.42009,1.42026,1.12,1.87
2017.03.06 17:53:49.996,1.42009,1.42027,3.00,1.87
2017.03.06 17:53:50.667,1.4201,1.42026,1.00,1.12
2017.03.06 17:53:51.670,1.42011,1.42027,1.00,1.87
2017.03.06 17:53:52.232,1.42012,1.42028,1.00,1.12
2017.03.06 17:53:52.757,1.42011,1.42028,2.62,1.12
2017.03.06 17:53:53.166,1.42011,1.42028,2.62,1.00
2017.03.06 17:53:55.118,1.42012,1.42028,1.00,1.00
2017.03.06 17:53:55.472,1.42012,1.42028,1.00,1.37
2017.03.06 17:53:55.829,1.42014,1.42028,1.00,1.37
2017.03.06 17:53:56.845,1.42014,1.42031,1.12,1.12
2017.03.06 17:53:57.969,1.42014,1.42031,1.12,1.12
2017.03.06 17:53:58.364,1.42021,1.42031,1.00,1.50
2017.03.06 17:53:58.518,1.42021,1.42037,1.50,1.00
2017.03.06 17:53:58.871,1.4202,1.42035,1.50,1.00
2017.03.06 17:53:59.582,1.42021,1.42035,1.00,1.00
2017.03.06 17:54:00.129,1.4202,1.42034,1.00,1.00
2017.03.06 17:54:00.673,1.42019,1.42036,1.50,1.50
2017.03.06 17:54:02.551,1.42019,1.42036,1.00,1.87
2017.03.06 17:54:05.292,1.42018,1.42035,1.87,1.50
2017.03.06 17:54:07.272,1.42017,1.42033,2.06,1.00
2017.03.06 17:54:07.576,1.42011,1.42027,1.37,1.75
2017.03.06 17:54:07.627,1.42011,1.42027,1.00,1.75
2017.03.06 17:54:07.773,1.42008,1.42025,1.87,1.37
2017.03.06 17:54:08.600,1.42007,1.42024,1.31,1.12
2017.03.06 17:54:09.101,1.42007,1.42023,1.31,1.00
2017.03.06 17:54:09.654,1.42008,1.42023,1.00,1.00
2017.03.06 17:54:10.309,1.42008,1.42023,1.87,1.00
2017.03.06 17:54:10.823,1.42008,1.42024,1.12,1.00
2017.03.06 17:54:11.443,1.42008,1.42025,1.12,1.12
2017.03.06 17:54:11.986,1.42008,1.42024,1.12,1.00
2017.03.06 17:54:12.508,1.42008,1.42025,1.12,1.87
2017.03.06 17:54:14.184,1.42012,1.42025,1.00,1.00
2017.03.06 17:54:14.235,1.4201,1.42025,1.50,1.00
2017.03.06 17:54:14.286,1.42012,1.42028,1.12,1.75
2017.03.06 17:54:14.792,1.42012,1.42028,1.12,1.75
2017.03.06 17:54:15.468,1.42011,1.42028,1.12,1.75
2017.03.06 17:54:15.977,1.42009,1.42026,2.44,1.87
2017.03.06 17:54:16.501,1.42009,1.42026,1.31,1.87
2017.03.06 17:54:17.999,1.4201,1.42028,1.00,1.87
2017.03.06 17:54:18.050,1.4201,1.42028,1.00,1.87
2017.03.06 17:54:18.202,1.42012,1.42028,1.12,1.87
2017.03.06 17:54:21.860,1.42012,1.42027,1.37,1.00
2017.03.06 17:54:22.631,1.42012,1.42026,1.37,1.50
2017.03.06 17:54:23.121,1.42011,1.42026,1.12,1.00
2017.03.06 17:54:23.671,1.42011,1.42027,1.12,1.50
2017.03.06 17:54:25.480,1.42011,1.42027,1.12,1.50
2017.03.06 17:54:26.521,1.42011,1.42028,2.25,1.12
2017.03.06 17:54:27.359,1.42011,1.42028,1.87,1.50
2017.03.06 17:54:27.868,1.42011,1.42027,1.31,1.12
2017.03.06 17:54:28.408,1.42009,1.42027,2.25,1.12
2017.03.06 17:54:29.278,1.42009,1.42026,2.06,1.50
2017.03.06 17:54:29.386,1.42014,1.42026,1.12,1.00
2017.03.06 17:54:29.589,1.42011,1.42027,1.12,1.87
2017.03.06 17:54:29.690,1.42009,1.42027,2.81,1.87
2017.03.06 17:54:29.791,1.42009,1.42026,3.00,1.75
2017.03.06 17:54:31.308,1.4201,1.42027,2.25,1.87
2017.03.06 17:54:31.816,1.4201,1.42027,2.62,1.00
2017.03.06 17:54:33.912,1.42009,1.42026,1.75,1.00
2017.03.06 17:54:34.418,1.4201,1.42027,1.50,1.50
2017.03.06 17:54:35.941,1.4201,1.42027,1.50,1.87
2017.03.06 17:54:36.659,1.4201,1.42027,2.62,1.00
2017.03.06 17:54:38.377,1.4201,1.42027,1.81,1.37
2017.03.06 17:54:39.997,1.4201,1.42025,1.12,1.00
2017.03.06 17:54:40.048,1.42008,1.42025,1.25,1.00
2017.03.06 17:54:40.452,1.42009,1.42025,1.12,1.00
2017.03.06 17:54:41.092,1.42009,1.42027,2.62,2.25
2017.03.06 17:54:42.546,1.42012,1.42027,1.12,2.25
2017.03.06 17:54:42.849,1.42009,1.42027,2.62,1.50
2017.03.06 17:54:43.727,1.42012,1.42027,1.12,2.25
2017.03.06 17:54:44.031,1.42014,1.4203,1.87,2.25
2017.03.06 17:54:44.132,1.42012,1.42029,1.12,1.50
2017.03.06 17:54:44.636,1.42011,1.42029,1.12,1.87
2017.03.06 17:54:45.273,1.42012,1.42028,1.12,1.12
2017.03.06 17:54:45.374,1.42013,1.42028,1.12,1.12
2017.03.06 17:54:45.425,1.42009,1.42027,2.81,1.37
2017.03.06 17:54:45.527,1.42009,1.42027,2.06,2.62
2017.03.06 17:54:46.469,1.4201,1.42027,1.12,2.25
2017.03.06 17:54:46.671,1.42009,1.42027,1.31,3.37
2017.03.06 17:54:46.773,1.4201,1.42027,1.12,3.00
2017.03.06 17:54:47.230,1.42009,1.42027,1.31,3.37
2017.03.06 17:54:47.332,1.4201,1.42026,1.12,1.00
2017.03.06 17:54:47.433,1.42008,1.42026,1.87,1.12
2017.03.06 17:54:47.737,1.4201,1.42026,1.12,1.00
2017.03.06 17:54:47.838,1.42008,1.42026,1.12,1.12
2017.03.06 17:54:48.041,1.4201,1.42026,1.12,1.00
2017.03.06 17:54:48.446,1.42008,1.42026,1.87,1.87
2017.03.06 17:54:48.648,1.4201,1.42026,1.12,1.00
2017.03.06 17:54:48.851,1.42008,1.42026,1.00,1.37
2017.03.06 17:54:49.554,1.42009,1.42026,1.12,1.50
2017.03.06 17:54:49.776,1.42008,1.42026,1.00,1.87
2017.03.06 17:54:51.368,1.42007,1.42026,1.87,2.62
2017.03.06 17:54:51.927,1.42007,1.42024,1.87,1.00
2017.03.06 17:54:52.437,1.42007,1.42025,2.62,1.12
2017.03.06 17:54:52.965,1.42008,1.42025,1.00,1.12
2017.03.06 17:54:54.358,1.42008,1.42022,1.00,1.00
2017.03.06 17:54:54.415,1.42004,1.42021,1.50,1.87
2017.03.06 17:54:54.465,1.42004,1.42021,1.37,1.50
2017.03.06 17:54:54.568,1.42004,1.42021,1.12,1.50
2017.03.06 17:54:55.696,1.42003,1.42019,1.50,1.50
2017.03.06 17:54:56.312,1.42006,1.42021,1.00,2.62
2017.03.06 17:54:56.847,1.42005,1.42021,1.00,1.87
2017.03.06 17:54:58.736,1.42004,1.4202,1.12,1.87
2017.03.06 17:54:59.040,1.42004,1.42021,1.87,1.50
2017.03.06 17:54:59.243,1.42003,1.42021,1.12,1.37
2017.03.06 17:54:59.345,1.42003,1.42019,1.00,1.37
2017.03.06 17:54:59.649,1.42006,1.42019,1.00,1.37
2017.03.06 17:54:59.752,1.42004,1.4202,1.50,1.75
2017.03.06 17:55:00.698,1.42005,1.4202,1.00,1.37
2017.03.06 17:55:01.018,1.42009,1.42019,1.00,1.37
2017.03.06 17:55:01.071,1.42012,1.42022,1.00,1.00
2017.03.06 17:55:01.123,1.42013,1.42027,1.00,4.12
2017.03.06 17:55:01.174,1.42012,1.42027,1.00,1.87
2017.03.06 17:55:01.294,1.4201,1.42027,1.50,1.87
2017.03.06 17:55:01.872,1.4201,1.42026,1.00,1.00
2017.03.06 17:55:02.387,1.42009,1.42026,1.00,1.50
2017.03.06 17:55:02.798,1.42007,1.42022,2.62,1.00
2017.03.06 17:55:02.951,1.42004,1.42019,1.00,1.00
2017.03.06 17:55:03.462,1.42004,1.42021,1.00,1.37
2017.03.06 17:55:04.732,1.42004,1.42021,1.12,1.50
2017.03.06 17:55:05.069,1.42005,1.42019,1.00,1.75
2017.03.06 17:55:05.171,1.42002,1.42018,1.12,1.50
2017.03.06 17:55:05.323,1.41999,1.42016,1.50,1.00
2017.03.06 17:55:05.526,1.42001,1.42016,1.00,1.00
2017.03.06 17:55:05.923,1.42005,1.4202,1.00,1.87
2017.03.06 17:55:06.077,1.42004,1.42021,1.00,1.12
2017.03.06 17:55:06.381,1.42006,1.42022,1.00,1.12
2017.03.06 17:55:06.583,1.42004,1.42023,2.25,3.00
2017.03.06 17:55:07.167,1.42006,1.42022,1.00,1.12
2017.03.06 17:55:07.468,1.42003,1.42019,2.25,1.00
2017.03.06 17:55:07.570,1.42003,1.42019,1.00,1.50
2017.03.06 17:55:07.621,1.42001,1.42019,1.12,1.00
2017.03.06 17:55:08.122,1.42002,1.42019,1.00,1.50
2017.03.06 17:55:08.743,1.42002,1.42018,1.00,1.00
2017.03.06 17:55:09.553,1.42001,1.42019,1.12,3.75
2017.03.06 17:55:11.795,1.42002,1.42018,1.00,1.00
2017.03.06 17:55:12.149,1.42002,1.42018,1.00,1.12
2017.03.06 17:55:12.251,1.42002,1.42018,1.12,1.12
2017.03.06 17:55:12.759,1.42001,1.42018,1.50,2.25
2017.03.06 17:55:13.274,1.42001,1.42016,1.50,1.12
2017.03.06 17:55:13.376,1.42,1.42017,1.12,4.50
2017.03.06 17:55:13.477,1.41997,1.42011,1.75,1.37
2017.03.06 17:55:13.578,1.41999,1.42015,1.50,3.37
2017.03.06 17:55:13.778,1.42,1.42016,1.37,1.12
2017.03.06 17:55:14.869,1.42,1.42016,1.00,1.12
2017.03.06 17:55:15.376,1.42,1.42015,1.00,1.00
2017.03.06 17:55:16.108,1.41999,1.42015,2.25,1.00
2017.03.06 17:55:16.656,1.41998,1.42015,1.00,1.87
2017.03.06 17:55:17.163,1.41997,1.42015,1.87,1.12
2017.03.06 17:55:17.492,1.41997,1.42015,1.87,2.25
2017.03.06 17:55:17.918,1.41999,1.42015,1.00,2.62
2017.03.06 17:55:18.070,1.42001,1.42018,1.00,2.25
2017.03.06 17:55:18.610,1.42,1.42018,2.62,2.25
2017.03.06 17:55:21.546,1.41998,1.42016,2.62,1.37
2017.03.06 17:55:21.597,1.41998,1.42014,1.00,1.87
2017.03.06 17:55:21.800,1.41996,1.42013,1.87,1.00
2017.03.06 17:55:22.367,1.41996,1.42013,1.87,1.50
2017.03.06 17:55:22.880,1.41997,1.42013,1.50,1.50
2017.03.06 17:55:23.422,1.41997,1.42013,1.00,1.50
2017.03.06 17:55:24.146,1.41997,1.42013,1.00,1.50
2017.03.06 17:55:24.197,1.41997,1.42013,1.00,1.50
2017.03.06 17:55:24.703,1.41996,1.42013,1.12,1.50
2017.03.06 17:55:25.247,1.41997,1.42013,1.00,1.75
2017.03.06 17:55:25.298,1.41997,1.42013,1.00,1.50
2017.03.06 17:55:25.535,1.41996,1.42013,1.87,1.87
2017.03.06 17:55:25.637,1.41996,1.42013,1.87,1.87
2017.03.06 17:55:26.196,1.41996,1.42013,1.87,1.87
2017.03.06 17:55:26.247,1.41997,1.42013,1.00,1.87
2017.03.06 17:55:26.348,1.41996,1.42013,1.87,1.87
2017.03.06 17:55:26.500,1.41996,1.42013,1.12,1.87
2017.03.06 17:55:26.703,1.41996,1.42013,1.12,1.87
2017.03.06 17:55:26.804,1.41997,1.42013,1.00,1.87
2017.03.06 17:55:27.250,1.41996,1.42012,1.87,1.37
2017.03.06 17:55:27.351,1.41996,1.42013,1.87,1.12
2017.03.06 17:55:27.878,1.41996,1.42013,2.62,2.25
2017.03.06 17:55:27.979,1.41997,1.42013,1.00,1.87
2017.03.06 17:55:28.487,1.41996,1.42013,2.62,1.87
2017.03.06 17:55:28.538,1.41996,1.42013,1.87,1.87
2017.03.06 17:55:28.942,1.41995,1.42012,1.50,1.87
2017.03.06 17:55:29.195,1.41997,1.42014,1.50,1.00
2017.03.06 17:55:29.979,1.41997,1.42015,1.50,2.62
2017.03.06 17:55:30.081,1.41997,1.42014,1.50,1.00
2017.03.06 17:55:30.587,1.41996,1.42013,1.75,1.87
2017.03.06 17:55:30.890,1.41996,1.42013,1.50,1.37
2017.03.06 17:55:31.180,1.41997,1.42014,1.00,2.62
2017.03.06 17:55:31.434,1.41995,1.4201,2.25,1.37
2017.03.06 17:55:31.688,1.41998,1.42013,1.00,1.12
2017.03.06 17:55:31.840,1.41995,1.42011,1.50,1.12
2017.03.06 17:55:31.992,1.41994,1.4201,1.00,1.00
2017.03.06 17:55:33.237,1.41997,1.42013,1.00,1.12
2017.03.06 17:55:33.288,1.41998,1.42014,1.00,1.87
2017.03.06 17:55:33.390,1.41998,1.42015,1.50,1.50
2017.03.06 17:55:34.010,1.41997,1.42015,2.25,2.25
2017.03.06 17:55:34.191,1.41998,1.42014,1.50,1.12
2017.03.06 17:55:34.496,1.41996,1.42014,2.25,3.00
2017.03.06 17:55:34.699,1.41995,1.42011,1.50,1.12
2017.03.06 17:55:35.205,1.41997,1.42011,1.00,1.12
2017.03.06 17:55:35.307,1.41995,1.42014,2.25,2.25
2017.03.06 17:55:35.409,1.41994,1.42011,1.87,1.50
2017.03.06 17:55:35.639,1.41992,1.42009,1.12,1.50
2017.03.06 17:55:35.690,1.41992,1.42009,1.12,3.00
2017.03.06 17:55:35.792,1.41989,1.42006,1.12,1.37
2017.03.06 17:55:36.298,1.41987,1.42005,2.25,1.87
2017.03.06 17:55:37.236,1.41988,1.42006,1.00,1.87
2017.03.06 17:55:37.287,1.41989,1.42006,1.12,1.12
2017.03.06 17:55:37.389,1.41988,1.42006,2.25,1.12
2017.03.06 17:55:37.592,1.41988,1.42006,2.25,1.00
2017.03.06 17:55:38.213,1.41985,1.42004,4.87,1.00
2017.03.06 17:55:38.516,1.41987,1.42004,1.00,1.37
2017.03.06 17:55:38.812,1.41989,1.42005,1.00,1.00
2017.03.06 17:55:39.318,1.41989,1.42005,1.50,1.00
2017.03.06 17:55:39.738,1.41991,1.42006,1.00,3.00
2017.03.06 17:55:40.484,1.41989,1.42002,1.00,1.00
2017.03.06 17:55:40.535,1.41989,1.42003,1.00,2.25
2017.03.06 17:55:41.081,1.41988,1.42002,1.12,1.75
2017.03.06 17:55:41.131,1.41988,1.42002,1.12,1.50
2017.03.06 17:55:41.665,1.41988,1.42002,1.87,1.12
2017.03.06 17:55:41.716,1.4199,1.42003,1.00,1.50
2017.03.06 17:55:42.241,1.41989,1.42003,1.50,1.75
2017.03.06 17:55:42.928,1.41989,1.42002,1.00,1.50
2017.03.06 17:55:43.444,1.41988,1.42003,1.00,2.25
2017.03.06 17:55:46.511,1.41988,1.42001,1.00,1.50
2017.03.06 17:55:47.689,1.41989,1.42001,1.00,1.50
2017.03.06 17:55:48.199,1.41988,1.42002,1.00,1.75
2017.03.06 17:55:48.896,1.41988,1.42004,1.00,4.87
2017.03.06 17:55:50.061,1.4199,1.42004,1.00,3.00
2017.03.06 17:55:50.617,1.41989,1.42004,1.00,2.25
2017.03.06 17:55:51.166,1.41989,1.42005,1.00,4.87
2017.03.06 17:55:52.726,1.41989,1.42004,1.00,3.75
2017.03.06 17:55:53.582,1.4199,1.42004,1.00,3.75
2017.03.06 17:55:53.961,1.41988,1.42004,1.12,3.00
2017.03.06 17:55:55.430,1.41988,1.42004,1.12,1.75
2017.03.06 17:55:56.062,1.41988,1.42,1.50,1.37
2017.03.06 17:55:56.573,1.41988,1.42002,1.12,1.75
2017.03.06 17:56:02.318,1.41988,1.42002,2.25,1.50
2017.03.06 17:56:02.723,1.41989,1.42002,1.12,1.75
2017.03.06 17:56:03.251,1.41988,1.42,1.12,1.50
2017.03.06 17:56:04.254,1.41987,1.41998,1.00,1.12
2017.03.06 17:56:04.761,1.41987,1.42002,1.00,1.87
2017.03.06 17:56:05.311,1.41988,1.42003,1.12,2.25
2017.03.06 17:56:07.792,1.4199,1.42003,1.00,2.62
2017.03.06 17:56:07.994,1.41988,1.42002,1.00,1.75
2017.03.06 17:56:08.533,1.41987,1.42002,1.00,1.75
2017.03.06 17:56:08.737,1.41987,1.42002,1.00,3.37
2017.03.06 17:56:10.358,1.41987,1.42002,1.00,1.12
2017.03.06 17:56:10.562,1.41986,1.41997,1.00,1.75
2017.03.06 17:56:10.613,1.41982,1.41998,1.12,1.75
2017.03.06 17:56:10.815,1.41982,1.42,1.12,2.62
2017.03.06 17:56:10.917,1.41985,1.42,1.00,2.62
2017.03.06 17:56:11.423,1.41984,1.41997,1.12,1.00
2017.03.06 17:56:11.941,1.41985,1.41997,1.12,1.00
2017.03.06 17:56:12.503,1.41987,1.41997,1.00,1.00
2017.03.06 17:56:14.509,1.41985,1.41997,1.00,1.00
2017.03.06 17:56:15.166,1.41984,1.42,1.50,1.12
2017.03.06 17:56:15.217,1.41986,1.42001,1.00,1.87
2017.03.06 17:56:15.520,1.41988,1.41998,1.00,1.00
2017.03.06 17:56:16.070,1.41987,1.41998,1.00,1.00
2017.03.06 17:56:16.620,1.41987,1.42003,1.00,1.12
2017.03.06 17:56:16.923,1.41989,1.42003,1.00,1.12
2017.03.06 17:56:17.447,1.41989,1.42004,1.00,2.25
2017.03.06 17:56:19.497,1.41989,1.42002,1.00,1.50
2017.03.06 17:56:19.548,1.41989,1.41998,1.00,1.00
2017.03.06 17:56:19.700,1.41984,1.41998,1.00,1.37
2017.03.06 17:56:20.205,1.41985,1.41998,1.00,1.50
2017.03.06 17:56:20.569,1.41984,1.42,1.00,1.50
2017.03.06 17:56:20.792,1.41987,1.42,1.00,1.00
2017.03.06 17:56:21.329,1.41986,1.42001,1.00,1.37
2017.03.06 17:56:21.482,1.41989,1.42004,1.50,1.00
2017.03.06 17:56:21.836,1.4199,1.42006,1.00,1.87
2017.03.06 17:56:22.341,1.4199,1.42007,1.00,2.25
2017.03.06 17:56:22.863,1.4199,1.42006,1.87,1.00
2017.03.06 17:56:24.716,1.41991,1.42006,1.00,2.10
2017.03.06 17:56:24.817,1.41989,1.42006,2.62,2.47
2017.03.06 17:56:25.346,1.41988,1.42004,1.50,1.00
2017.03.06 17:56:27.624,1.4199,1.42004,1.00,1.00
2017.03.06 17:56:28.141,1.41989,1.42004,1.50,1.00
2017.03.06 17:56:28.670,1.4199,1.42004,1.00,1.00
2017.03.06 17:56:29.196,1.4199,1.42003,1.00,1.00
2017.03.06 17:56:29.399,1.4199,1.42005,1.00,1.00
2017.03.06 17:56:29.632,1.41988,1.42005,1.50,1.00
2017.03.06 17:56:30.137,1.41989,1.42006,1.00,1.50
2017.03.06 17:56:30.289,1.41988,1.42004,1.00,1.00
2017.03.06 17:56:30.878,1.41989,1.42004,1.00,1.00
2017.03.06 17:56:31.387,1.41988,1.42002,2.25,1.00
2017.03.06 17:56:31.438,1.41988,1.42004,2.25,1.50
2017.03.06 17:56:31.960,1.41989,1.42005,1.00,1.87
2017.03.06 17:56:32.469,1.4199,1.42005,1.00,1.12
2017.03.06 17:56:33.874,1.4199,1.42006,1.50,3.75
2017.03.06 17:56:34.035,1.4199,1.42002,1.00,2.25
2017.03.06 17:56:34.136,1.41986,1.42002,1.00,1.50
2017.03.06 17:56:34.671,1.41986,1.42001,1.00,1.12
2017.03.06 17:56:34.928,1.4199,1.42004,1.00,1.75
2017.03.06 17:56:35.181,1.41994,1.42009,1.00,2.25
2017.03.06 17:56:35.384,1.41993,1.42005,1.00,1.00
2017.03.06 17:56:35.435,1.41993,1.42007,1.00,1.50
2017.03.06 17:56:35.486,1.41993,1.42005,1.00,1.00
2017.03.06 17:56:35.940,1.41991,1.42005,1.00,1.00
2017.03.06 17:56:36.188,1.41991,1.42007,1.00,2.47
2017.03.06 17:56:36.711,1.41992,1.42006,1.00,1.00
2017.03.06 17:56:36.914,1.41995,1.42009,1.00,1.75
2017.03.06 17:56:37.219,1.42004,1.42015,1.00,1.50
2017.03.06 17:56:37.421,1.42002,1.42015,1.00,1.50
2017.03.06 17:56:37.523,1.42,1.42015,1.00,1.50
2017.03.06 17:56:38.047,1.42001,1.42014,1.00,1.12
2017.03.06 17:56:38.552,1.42003,1.42015,1.00,1.50
2017.03.06 17:56:38.704,1.42004,1.42018,1.00,2.25
2017.03.06 17:56:38.755,1.42006,1.42018,1.00,1.75
2017.03.06 17:56:38.856,1.42006,1.42017,1.00,1.00
2017.03.06 17:56:39.549,1.42006,1.42018,1.00,1.12
2017.03.06 17:56:39.903,1.42008,1.42021,1.00,2.25
2017.03.06 17:56:40.156,1.42006,1.42021,1.37,1.00
2017.03.06 17:56:40.359,1.42007,1.42024,1.37,1.50
2017.03.06 17:56:40.461,1.42009,1.42025,1.50,1.00
2017.03.06 17:56:40.562,1.42011,1.42026,1.00,1.12
2017.03.06 17:56:41.107,1.4201,1.42026,1.00,1.00
2017.03.06 17:56:41.692,1.4201,1.42022,1.00,1.00
2017.03.06 17:56:41.845,1.42005,1.42019,1.12,1.00
2017.03.06 17:56:42.149,1.42008,1.42022,1.00,1.50
2017.03.06 17:56:42.353,1.42009,1.42023,1.00,1.87
2017.03.06 17:56:42.556,1.42007,1.42023,1.87,1.00
2017.03.06 17:56:42.809,1.42008,1.42021,1.00,1.00
2017.03.06 17:56:43.062,1.42007,1.42023,1.50,1.00
2017.03.06 17:56:43.366,1.42009,1.42026,1.00,2.25
2017.03.06 17:56:43.736,1.42004,1.42022,1.50,1.37
2017.03.06 17:56:43.837,1.42006,1.42022,1.00,1.75
2017.03.06 17:56:43.989,1.42009,1.42024,1.00,3.75
2017.03.06 17:56:44.242,1.42007,1.42023,1.00,1.50
2017.03.06 17:56:44.293,1.42007,1.42021,1.00,1.00
2017.03.06 17:56:44.842,1.42006,1.42021,1.00,1.12
2017.03.06 17:56:45.668,1.42006,1.4202,1.00,1.00
2017.03.06 17:56:46.326,1.42005,1.4202,1.00,1.50
2017.03.06 17:56:46.630,1.42001,1.42015,1.00,1.00
2017.03.06 17:56:47.749,1.42001,1.42015,1.00,2.25
2017.03.06 17:56:48.254,1.42002,1.42016,1.00,1.75
2017.03.06 17:56:48.760,1.42003,1.42017,1.00,1.75
2017.03.06 17:56:49.356,1.42002,1.42015,1.00,1.50
2017.03.06 17:56:49.895,1.42003,1.42017,1.00,1.75
2017.03.06 17:56:50.363,1.41998,1.42014,3.00,1.75
2017.03.06 17:56:50.415,1.41998,1.42013,1.87,1.75
2017.03.06 17:56:50.516,1.42001,1.42011,1.00,1.00
2017.03.06 17:56:50.567,1.41997,1.42011,1.00,1.37
2017.03.06 17:56:50.973,1.41994,1.42009,1.12,1.00
2017.03.06 17:56:51.519,1.41995,1.42009,1.00,1.37
2017.03.06 17:56:52.040,1.41994,1.42008,1.00,1.00
2017.03.06 17:56:52.142,1.41991,1.42006,1.75,1.00
2017.03.06 17:56:52.445,1.41998,1.42012,1.00,1.87
2017.03.06 17:56:52.648,1.41999,1.42012,1.00,1.12
2017.03.06 17:56:53.046,1.41998,1.42009,1.00,2.25
2017.03.06 17:56:53.147,1.41995,1.42009,1.00,1.50
2017.03.06 17:56:53.249,1.41994,1.42007,1.00,2.25
2017.03.06 17:56:53.554,1.41992,1.42006,1.00,1.87
2017.03.06 17:56:54.484,1.41992,1.42004,1.00,1.00
2017.03.06 17:56:54.586,1.41996,1.42008,1.00,1.12
2017.03.06 17:56:54.690,1.41995,1.42009,1.00,1.75
2017.03.06 17:56:54.742,1.41993,1.42009,1.00,2.62
2017.03.06 17:56:54.794,1.41993,1.42006,1.00,1.12
2017.03.06 17:56:54.946,1.41992,1.42006,1.00,1.12
2017.03.06 17:56:56.186,1.4199,1.42006,1.00,1.87
2017.03.06 17:56:56.463,1.4199,1.42004,1.00,1.75
2017.03.06 17:56:57.094,1.4199,1.42004,1.00,1.12
2017.03.06 17:56:57.397,1.41992,1.42004,1.00,1.75
2017.03.06 17:56:57.448,1.41989,1.42004,1.50,1.75
2017.03.06 17:56:57.550,1.41989,1.42003,1.00,1.12
2017.03.06 17:56:57.800,1.41982,1.41998,1.12,1.00
2017.03.06 17:56:58.155,1.41987,1.42,1.00,1.12
2017.03.06 17:56:58.256,1.41986,1.42002,1.00,1.12
2017.03.06 17:56:58.792,1.41985,1.42002,1.12,2.25
2017.03.06 17:56:58.843,1.41985,1.42,1.12,1.12
2017.03.06 17:56:58.995,1.41983,1.41999,1.12,1.12
2017.03.06 17:56:59.547,1.41983,1.41999,1.00,2.25
2017.03.06 17:56:59.699,1.41984,1.41999,1.37,1.12
2017.03.06 17:56:59.953,1.41983,1.41998,1.00,1.50
2017.03.06 17:57:00.476,1.41984,1.41999,1.00,1.00
2017.03.06 17:57:00.982,1.41984,1.42,1.00,1.12
2017.03.06 17:57:01.491,1.41985,1.42001,1.00,1.12
2017.03.06 17:57:01.593,1.41987,1.42001,1.12,1.00
2017.03.06 17:57:02.098,1.41988,1.42001,1.00,1.12
2017.03.06 17:57:02.351,1.41989,1.42003,1.00,1.12
2017.03.06 17:57:02.863,1.41988,1.42004,1.00,1.87
2017.03.06 17:57:04.036,1.41988,1.42003,1.00,1.50
2017.03.06 17:57:04.547,1.41988,1.42004,1.00,3.75
2017.03.06 17:57:05.091,1.41988,1.42003,1.00,1.12
2017.03.06 17:57:06.041,1.41988,1.42002,1.00,1.00
2017.03.06 17:57:07.394,1.41988,1.42,1.00,1.00
2017.03.06 17:57:07.596,1.41986,1.42,1.00,1.00
2017.03.06 17:57:08.101,1.41986,1.41999,1.00,1.00
2017.03.06 17:57:10.601,1.41986,1.41995,1.00,1.50
2017.03.06 17:57:10.804,1.41984,1.41995,1.00,1.12
2017.03.06 17:57:10.907,1.41981,1.41995,1.00,1.12
2017.03.06 17:57:11.414,1.4198,1.41997,1.00,2.25
2017.03.06 17:57:11.589,1.41982,1.41997,1.00,1.87
2017.03.06 17:57:11.640,1.41982,1.41997,1.00,1.87
2017.03.06 17:57:11.893,1.41984,1.41997,1.00,1.87
2017.03.06 17:57:12.196,1.41982,1.41994,1.00,1.00
2017.03.06 17:57:12.298,1.41979,1.41993,1.00,1.12
2017.03.06 17:57:12.617,1.41977,1.41993,1.00,1.87
2017.03.06 17:57:13.103,1.4198,1.41994,1.00,1.00
2017.03.06 17:57:13.421,1.41982,1.41995,1.00,1.50
2017.03.06 17:57:13.968,1.41983,1.41995,1.00,1.50
2017.03.06 17:57:14.652,1.41983,1.41997,1.00,1.00
2017.03.06 17:57:14.772,1.41987,1.41998,1.00,1.87
2017.03.06 17:57:15.228,1.41983,1.41998,1.50,1.00
2017.03.06 17:57:15.280,1.41983,1.41998,1.12,1.00
2017.03.06 17:57:15.803,1.41984,1.41999,1.00,1.50
2017.03.06 17:57:15.905,1.41984,1.41996,1.00,1.50
2017.03.06 17:57:16.007,1.41982,1.41996,1.00,1.00
2017.03.06 17:57:16.108,1.41982,1.41996,1.00,1.37
2017.03.06 17:57:16.713,1.41982,1.41996,1.00,1.87
2017.03.06 17:57:17.221,1.41982,1.41996,1.00,1.50
2017.03.06 17:57:17.577,1.41984,1.41997,1.00,1.00
2017.03.06 17:57:18.215,1.41983,1.41997,1.00,1.00
2017.03.06 17:57:18.754,1.41983,1.41998,1.00,1.87
2017.03.06 17:57:20.066,1.41983,1.41999,1.12,2.25
2017.03.06 17:57:20.769,1.41983,1.41997,1.12,1.00
2017.03.06 17:57:21.114,1.41981,1.41995,1.12,1.00
2017.03.06 17:57:21.856,1.41981,1.41997,1.00,1.50
2017.03.06 17:57:22.526,1.41982,1.41997,1.50,1.00
2017.03.06 17:57:22.628,1.41985,1.41999,1.12,1.87
2017.03.06 17:57:22.931,1.41982,1.41997,1.00,1.50
2017.03.06 17:57:23.241,1.41985,1.41999,1.00,1.87
2017.03.06 17:57:23.293,1.41985,1.42,1.00,1.00
2017.03.06 17:57:23.754,1.41987,1.42,1.00,1.00
2017.03.06 17:57:24.613,1.41987,1.42,1.00,2.25
2017.03.06 17:57:25.843,1.41991,1.42001,1.00,1.12
2017.03.06 17:57:25.894,1.41989,1.42002,1.75,1.12
2017.03.06 17:57:25.996,1.41996,1.42006,1.00,1.00
2017.03.06 17:57:26.047,1.41997,1.42009,1.00,1.12
2017.03.06 17:57:26.149,1.41994,1.42009,1.37,1.00
2017.03.06 17:57:26.352,1.41997,1.4201,1.00,1.00
2017.03.06 17:57:26.706,1.41998,1.42012,1.00,1.12
2017.03.06 17:57:27.155,1.42001,1.42015,1.00,1.37
2017.03.06 17:57:27.609,1.42001,1.42011,1.00,1.00
2017.03.06 17:57:27.837,1.42001,1.42015,1.00,1.00
2017.03.06 17:57:30.230,1.42003,1.42015,1.00,1.00
2017.03.06 17:57:30.418,1.42001,1.42016,1.00,1.00
2017.03.06 17:57:31.359,1.42001,1.42015,1.00,1.00
2017.03.06 17:57:32.123,1.42002,1.42015,1.00,1.00
2017.03.06 17:57:32.443,1.42004,1.42015,1.00,1.00
2017.03.06 17:57:32.844,1.42002,1.42015,1.00,1.00
2017.03.06 17:57:34.234,1.42004,1.42015,1.00,1.00
2017.03.06 17:57:34.918,1.42004,1.42016,1.00,1.00
2017.03.06 17:57:35.259,1.42002,1.42012,1.00,1.00
2017.03.06 17:57:35.360,1.42,1.42012,1.00,1.00
2017.03.06 17:57:35.663,1.42,1.42015,1.12,1.00
2017.03.06 17:57:35.765,1.42002,1.42015,1.00,1.00
2017.03.06 17:57:36.278,1.42002,1.42016,1.00,1.00
2017.03.06 17:57:37.064,1.42003,1.42016,1.00,1.00
2017.03.06 17:57:38.283,1.42003,1.42013,1.00,1.00
2017.03.06 17:57:38.334,1.42001,1.42013,1.00,1.00
2017.03.06 17:57:38.486,1.42001,1.42015,1.00,1.12
2017.03.06 17:57:39.011,1.42002,1.42015,1.00,1.12
2017.03.06 17:57:40.960,1.42001,1.42013,1.00,1.00
2017.03.06 17:57:41.159,1.41997,1.4201,1.00,1.00
2017.03.06 17:57:41.362,1.41995,1.4201,1.00,1.00
2017.03.06 17:57:41.978,1.41994,1.4201,1.12,1.50
2017.03.06 17:57:42.528,1.41995,1.4201,1.00,1.50
2017.03.06 17:57:43.051,1.41994,1.4201,1.12,1.50
2017.03.06 17:57:43.598,1.41995,1.4201,1.00,1.50
2017.03.06 17:57:44.912,1.41995,1.42009,1.00,1.00
2017.03.06 17:57:45.594,1.41994,1.4201,1.12,1.50
2017.03.06 17:57:46.529,1.41994,1.42009,1.12,1.00
2017.03.06 17:57:49.672,1.41995,1.4201,1.00,2.25
2017.03.06 17:57:49.773,1.41993,1.4201,1.00,2.25
2017.03.06 17:57:50.167,1.41993,1.42005,1.00,1.00
2017.03.06 17:57:50.268,1.4199,1.42006,1.00,1.50
2017.03.06 17:57:50.319,1.4199,1.42007,1.12,1.50
2017.03.06 17:57:50.421,1.4199,1.42007,1.75,1.00
2017.03.06 17:57:50.523,1.4199,1.42007,1.50,1.00
2017.03.06 17:57:50.573,1.41993,1.42007,1.00,1.00
2017.03.06 17:57:51.127,1.41993,1.42004,1.00,1.00
2017.03.06 17:57:51.178,1.41989,1.42004,2.81,1.00
2017.03.06 17:57:51.432,1.41989,1.42003,1.00,1.00
2017.03.06 17:57:51.483,1.41989,1.42005,1.37,1.00
2017.03.06 17:57:52.248,1.4199,1.42005,1.00,2.25
2017.03.06 17:57:54.211,1.41987,1.42003,1.50,2.25
2017.03.06 17:57:54.262,1.41987,1.42002,1.12,1.50
2017.03.06 17:57:54.791,1.41988,1.42004,1.00,1.87
2017.03.06 17:57:55.488,1.41985,1.42001,1.12,1.87
2017.03.06 17:57:56.037,1.41985,1.42,1.50,1.75
2017.03.06 17:57:56.139,1.41986,1.42,1.00,1.00
2017.03.06 17:57:56.721,1.41986,1.42002,1.37,1.75
2017.03.06 17:57:57.071,1.41989,1.42002,1.00,1.75
2017.03.06 17:57:57.273,1.41987,1.42001,1.12,1.50
2017.03.06 17:57:57.324,1.41987,1.42001,1.12,1.75
2017.03.06 17:57:57.830,1.41987,1.42001,1.12,1.75
2017.03.06 17:57:58.554,1.41987,1.42001,1.12,2.25
2017.03.06 17:58:00.521,1.41987,1.41999,1.12,1.75
2017.03.06 17:58:00.573,1.41985,1.42,1.50,1.75
2017.03.06 17:58:00.624,1.41985,1.42,1.50,1.50
2017.03.06 17:58:01.167,1.41986,1.42001,1.00,1.75
2017.03.06 17:58:01.711,1.41985,1.42001,1.50,1.75
2017.03.06 17:58:02.123,1.41985,1.42001,1.50,1.50
2017.03.06 17:58:02.939,1.41985,1.42,1.50,1.87
2017.03.06 17:58:03.041,1.41985,1.42003,2.25,2.25
2017.03.06 17:58:03.143,1.41986,1.41997,1.00,1.00
2017.03.06 17:58:03.244,1.41986,1.42003,1.50,1.75
2017.03.06 17:58:03.459,1.41989,1.42002,1.00,1.37
2017.03.06 17:58:03.759,1.41987,1.42002,1.00,1.37
2017.03.06 17:58:04.296,1.41987,1.42002,1.00,1.12
2017.03.06 17:58:05.691,1.4199,1.42004,1.00,1.75
2017.03.06 17:58:05.844,1.41986,1.42003,1.12,1.12
2017.03.06 17:58:05.996,1.41988,1.42003,1.00,1.12
2017.03.06 17:58:06.401,1.41986,1.42002,1.12,1.75
2017.03.06 17:58:06.948,1.41984,1.42002,1.75,3.00
2017.03.06 17:58:07.497,1.41987,1.42002,1.00,1.75
2017.03.06 17:58:08.035,1.41989,1.42003,1.50,3.00
2017.03.06 17:58:08.238,1.41989,1.42005,1.12,4.50
2017.03.06 17:58:10.317,1.41987,1.42002,1.75,1.00
2017.03.06 17:58:13.463,1.41991,1.42006,1.00,1.87
2017.03.06 17:58:13.787,1.41998,1.42012,1.00,1.75
2017.03.06 17:58:13.990,1.4199,1.42006,1.12,1.50
2017.03.06 17:58:14.984,1.41991,1.42007,1.00,1.87
2017.03.06 17:58:15.035,1.41991,1.42007,1.00,1.87
2017.03.06 17:58:15.574,1.41991,1.42008,1.50,4.50
2017.03.06 17:58:15.883,1.4199,1.42005,1.75,3.75
2017.03.06 17:58:15.984,1.4199,1.42005,1.00,3.75
2017.03.06 17:58:16.460,1.41988,1.42005,1.87,4.12
2017.03.06 17:58:17.265,1.41988,1.42005,1.12,2.62
2017.03.06 17:58:17.760,1.41989,1.42005,1.00,1.87
2017.03.06 17:58:18.285,1.4199,1.42006,1.00,1.87
2017.03.06 17:58:19.353,1.41989,1.42006,2.25,1.12
2017.03.06 17:58:19.901,1.4199,1.42007,1.87,2.62
2017.03.06 17:58:20.401,1.41994,1.42007,1.50,1.12
2017.03.06 17:58:20.452,1.41995,1.4201,1.00,1.87
2017.03.06 17:58:20.553,1.41995,1.4201,1.50,1.00
2017.03.06 17:58:21.405,1.41997,1.4201,1.00,1.00
2017.03.06 17:58:22.164,1.41996,1.4201,1.00,1.00
2017.03.06 17:58:23.141,1.41996,1.4201,1.00,1.12
2017.03.06 17:58:23.683,1.41995,1.4201,1.00,1.12
2017.03.06 17:58:24.191,1.41996,1.4201,1.00,1.12
2017.03.06 17:58:24.724,1.41996,1.4201,1.00,1.12
2017.03.06 17:58:25.686,1.41995,1.42011,1.00,1.75
2017.03.06 17:58:26.333,1.41995,1.42005,1.00,1.00
2017.03.06 17:58:27.744,1.41995,1.42007,1.00,1.12
2017.03.06 17:58:27.795,1.41995,1.42007,1.75,1.12
2017.03.06 17:58:27.896,1.41995,1.42008,1.00,1.50
2017.03.06 17:58:28.424,1.41996,1.42008,1.00,1.50
2017.03.06 17:58:28.626,1.41998,1.4201,1.00,1.75
2017.03.06 17:58:28.728,1.41993,1.42007,1.75,1.87
2017.03.06 17:58:28.779,1.41993,1.42008,1.00,3.00
2017.03.06 17:58:28.831,1.41991,1.42008,1.12,3.75
2017.03.06 17:58:28.983,1.41991,1.42007,1.00,1.12
2017.03.06 17:58:29.236,1.41988,1.42005,1.50,1.87
2017.03.06 17:58:29.288,1.41991,1.42005,1.00,1.12
2017.03.06 17:58:29.592,1.4199,1.42005,1.12,3.00
2017.03.06 17:58:33.067,1.4199,1.42006,1.12,3.00
2017.03.06 17:58:33.372,1.41998,1.42002,1.00,1.00
2017.03.06 17:58:33.626,1.41997,1.42003,1.00,1.00
2017.03.06 17:58:33.728,1.41994,1.42009,1.00,1.00
2017.03.06 17:58:34.139,1.41996,1.42011,1.00,1.50
2017.03.06 17:58:34.543,1.41996,1.42007,1.00,1.00
2017.03.06 17:58:35.227,1.41998,1.42007,1.00,1.00
2017.03.06 17:58:35.643,1.42001,1.42012,1.00,1.75
2017.03.06 17:58:36.942,1.42,1.42009,1.00,2.25
2017.03.06 17:58:37.043,1.41998,1.42007,1.00,1.00
2017.03.06 17:58:37.145,1.41999,1.42009,1.00,2.62
2017.03.06 17:58:37.644,1.41999,1.42007,1.00,1.00
2017.03.06 17:58:38.348,1.41999,1.42007,1.00,1.75
2017.03.06 17:58:38.550,1.41993,1.42005,1.00,1.00
2017.03.06 17:58:38.651,1.41995,1.42007,1.00,1.87
2017.03.06 17:58:38.803,1.41993,1.42007,1.00,1.87
2017.03.06 17:58:39.348,1.41993,1.42007,1.00,3.37
2017.03.06 17:58:39.924,1.41993,1.42006,1.00,3.00
2017.03.06 17:58:40.228,1.41992,1.42007,1.00,1.75
2017.03.06 17:58:40.838,1.41991,1.42006,1.12,1.75
2017.03.06 17:58:41.748,1.4199,1.42003,1.12,1.75
2017.03.06 17:58:41.850,1.41987,1.42002,1.12,2.25
2017.03.06 17:58:42.033,1.41985,1.42001,1.00,1.12
2017.03.06 17:58:42.134,1.41985,1.42,1.50,1.75
2017.03.06 17:58:42.438,1.41985,1.42001,1.12,5.25
2017.03.06 17:58:43.871,1.41984,1.42001,1.50,2.25
2017.03.06 17:58:44.376,1.41986,1.42,1.00,1.75
2017.03.06 17:58:44.917,1.41983,1.41999,2.25,1.75
2017.03.06 17:58:46.137,1.41984,1.41999,1.00,1.75
2017.03.06 17:58:46.491,1.41982,1.41999,1.12,1.12
2017.03.06 17:58:47.070,1.41981,1.41999,2.25,2.25
2017.03.06 17:58:47.438,1.41981,1.41997,2.25,1.75
2017.03.06 17:58:47.742,1.41982,1.41999,1.75,1.75
2017.03.06 17:58:47.844,1.41984,1.42,1.37,2.25
2017.03.06 17:58:48.167,1.41984,1.41998,1.00,1.50
2017.03.06 17:58:48.420,1.41982,1.41998,1.00,1.50
2017.03.06 17:58:48.622,1.41984,1.41999,1.00,1.87
2017.03.06 17:58:48.825,1.41982,1.41999,1.50,1.12
2017.03.06 17:58:49.337,1.41983,1.41999,1.00,1.87
2017.03.06 17:58:49.839,1.41983,1.41998,1.00,1.50
2017.03.06 17:58:50.351,1.41982,1.41997,1.12,1.00
2017.03.06 17:58:50.856,1.41982,1.41998,1.12,1.12
2017.03.06 17:58:52.088,1.41982,1.41997,1.12,1.00
2017.03.06 17:58:52.443,1.4198,1.41995,1.50,1.00
2017.03.06 17:58:52.748,1.41978,1.41995,2.62,1.00
2017.03.06 17:58:53.282,1.4198,1.41996,1.75,1.12
2017.03.06 17:58:54.480,1.41979,1.41991,1.75,1.00
2017.03.06 17:58:54.531,1.41981,1.41997,1.50,2.25
2017.03.06 17:58:54.582,1.41981,1.41995,2.25,1.00
2017.03.06 17:58:55.088,1.41982,1.41998,1.37,1.75
2017.03.06 17:58:55.580,1.41979,1.41998,3.00,4.50
2017.03.06 17:58:56.776,1.41979,1.41997,2.25,2.62
2017.03.06 17:58:56.827,1.41979,1.41997,1.87,2.62
2017.03.06 17:58:58.870,1.4198,1.41995,1.00,1.75
2017.03.06 17:58:59.313,1.41983,1.41997,1.00,2.62
2017.03.06 17:58:59.415,1.41978,1.41992,1.50,1.75
2017.03.06 17:58:59.618,1.41975,1.41991,1.00,1.37
2017.03.06 17:59:00.008,1.41979,1.41991,1.00,1.37
2017.03.06 17:59:00.059,1.41979,1.41996,1.12,1.50
2017.03.06 17:59:00.110,1.41981,1.41997,1.87,1.50
2017.03.06 17:59:00.631,1.41981,1.41998,1.12,2.62
2017.03.06 17:59:02.081,1.4198,1.41998,1.50,2.25
2017.03.06 17:59:03.480,1.4198,1.41997,1.87,1.00
2017.03.06 17:59:04.812,1.4198,1.41998,1.87,2.25
2017.03.06 17:59:05.766,1.4198,1.41998,3.00,2.62
2017.03.06 17:59:06.366,1.4198,1.41993,3.00,1.00
2017.03.06 17:59:06.950,1.4198,1.41993,1.50,1.00
2017.03.06 17:59:07.053,1.4198,1.41996,1.50,1.00
2017.03.06 17:59:07.626,1.4198,1.41996,1.00,1.37
2017.03.06 17:59:07.778,1.41983,1.41997,1.00,1.87
2017.03.06 17:59:08.291,1.41983,1.41997,1.00,1.75
2017.03.06 17:59:09.077,1.41981,1.41995,1.12,1.00
2017.03.06 17:59:09.355,1.41982,1.41998,1.00,1.00
2017.03.06 17:59:09.507,1.41982,1.41999,1.87,1.12
2017.03.06 17:59:09.811,1.41981,1.41997,1.50,1.00
2017.03.06 17:59:10.527,1.41981,1.41998,1.50,2.62
2017.03.06 17:59:11.364,1.41983,1.41998,1.00,1.00
2017.03.06 17:59:11.668,1.41984,1.41999,1.00,1.75
2017.03.06 17:59:12.680,1.41983,1.41999,1.12,2.25
2017.03.06 17:59:13.814,1.41987,1.42,1.00,1.12
2017.03.06 17:59:13.866,1.41987,1.42002,2.25,1.87
2017.03.06 17:59:13.968,1.41991,1.42002,1.00,1.50
2017.03.06 17:59:14.314,1.41983,1.41998,2.25,1.50
2017.03.06 17:59:14.417,1.41983,1.41997,1.00,1.50
2017.03.06 17:59:14.774,1.4198,1.41996,2.25,1.50
2017.03.06 17:59:15.181,1.41982,1.41998,1.00,1.00
2017.03.06 17:59:15.729,1.41983,1.41998,1.00,1.00
2017.03.06 17:59:16.277,1.41984,1.41999,1.87,1.00
2017.03.06 17:59:16.378,1.41986,1.41999,1.00,1.00
2017.03.06 17:59:16.906,1.41984,1.41998,1.50,1.00
2017.03.06 17:59:17.612,1.41982,1.41998,2.25,1.50
2017.03.06 17:59:18.437,1.41982,1.41995,1.37,1.00
2017.03.06 17:59:18.538,1.4198,1.41995,1.50,2.25
2017.03.06 17:59:18.741,1.41978,1.41995,1.87,1.50
2017.03.06 17:59:18.842,1.4198,1.41995,1.50,1.50
2017.03.06 17:59:19.147,1.41984,1.41998,3.00,1.00
2017.03.06 17:59:20.443,1.41986,1.42001,1.50,1.50
2017.03.06 17:59:21.385,1.41985,1.42001,1.75,1.12
2017.03.06 17:59:21.486,1.41985,1.42001,1.75,1.87
2017.03.06 17:59:21.630,1.41984,1.42001,2.62,1.12
2017.03.06 17:59:22.288,1.41986,1.42003,3.75,2.25
2017.03.06 17:59:22.809,1.41987,1.42003,1.75,3.00
2017.03.06 17:59:23.866,1.41986,1.42003,1.50,1.75
2017.03.06 17:59:24.100,1.41985,1.42002,1.87,1.75
2017.03.06 17:59:24.151,1.41985,1.42002,1.87,1.75
2017.03.06 17:59:24.682,1.41986,1.42002,1.00,3.00
2017.03.06 17:59:25.227,1.41985,1.42002,1.87,3.00
2017.03.06 17:59:25.380,1.41985,1.42002,1.87,2.62
2017.03.06 17:59:26.330,1.41986,1.42002,1.00,1.87
2017.03.06 17:59:27.086,1.41984,1.42002,1.50,3.37
2017.03.06 17:59:27.600,1.41985,1.42001,1.50,1.87
2017.03.06 17:59:27.738,1.41984,1.42001,1.75,1.87
2017.03.06 17:59:28.092,1.41987,1.42002,1.12,1.87
2017.03.06 17:59:29.018,1.41986,1.42002,3.00,1.87
2017.03.06 17:59:29.323,1.41983,1.41998,1.37,1.87
2017.03.06 17:59:29.627,1.41983,1.41998,1.50,1.87
2017.03.06 17:59:30.382,1.41983,1.41997,1.00,1.37
2017.03.06 17:59:30.991,1.41983,1.41998,1.00,2.62
2017.03.06 17:59:31.092,1.41983,1.41996,1.00,2.62
2017.03.06 17:59:31.396,1.41976,1.41991,1.75,1.00
2017.03.06 17:59:31.919,1.41977,1.41991,1.00,1.12
2017.03.06 17:59:32.428,1.41977,1.4199,1.00,1.00
2017.03.06 17:59:33.086,1.41975,1.4199,3.00,1.00
2017.03.06 17:59:33.696,1.41976,1.4199,1.75,1.00
2017.03.06 17:59:34.372,1.41975,1.4199,1.75,1.50
2017.03.06 17:59:34.777,1.41975,1.41989,1.00,2.62
2017.03.06 17:59:35.313,1.41972,1.41988,1.75,1.00
2017.03.06 17:59:35.828,1.41973,1.41989,1.75,1.37
2017.03.06 17:59:35.879,1.41975,1.4199,1.87,1.37
2017.03.06 17:59:35.929,1.41975,1.4199,2.25,1.37
2017.03.06 17:59:36.102,1.41975,1.4199,1.12,1.37
2017.03.06 17:59:36.205,1.41973,1.41987,1.75,1.12
2017.03.06 17:59:36.307,1.41971,1.41987,1.87,1.12
2017.03.06 17:59:36.459,1.41971,1.41987,1.87,1.12
2017.03.06 17:59:36.762,1.41968,1.41984,2.25,1.00
2017.03.06 17:59:36.813,1.41969,1.41987,1.37,3.75
2017.03.06 17:59:37.268,1.41971,1.41985,1.12,1.00
2017.03.06 17:59:37.572,1.41972,1.41988,1.50,1.37
2017.03.06 17:59:38.116,1.41972,1.41988,1.00,1.37
2017.03.06 17:59:38.619,1.41971,1.41988,1.12,2.62
2017.03.06 17:59:38.922,1.41973,1.41989,1.50,1.50
2017.03.06 17:59:39.437,1.41971,1.41988,1.75,1.00
2017.03.06 17:59:39.988,1.41973,1.4199,1.50,1.37
2017.03.06 17:59:40.745,1.41973,1.4199,1.50,1.12
2017.03.06 17:59:41.625,1.41973,1.4199,1.50,1.87
2017.03.06 17:59:41.827,1.41973,1.4199,1.50,1.87
2017.03.06 17:59:42.499,1.41974,1.4199,1.50,1.12
2017.03.06 17:59:42.601,1.41975,1.4199,1.50,1.37
2017.03.06 17:59:42.702,1.41975,1.41991,1.50,1.37
2017.03.06 17:59:43.108,1.41975,1.41992,1.75,1.87
2017.03.06 17:59:43.792,1.41975,1.41992,1.75,4.87
2017.03.06 17:59:43.995,1.41971,1.41989,3.00,1.37
2017.03.06 17:59:44.723,1.41972,1.41989,1.75,1.37
2017.03.06 17:59:44.774,1.41976,1.41991,1.00,1.37
2017.03.06 17:59:44.825,1.41977,1.41991,1.00,1.00
2017.03.06 17:59:44.927,1.41976,1.41994,1.50,1.50
2017.03.06 17:59:45.283,1.41975,1.41993,1.00,1.00
2017.03.06 17:59:45.586,1.41975,1.41994,1.75,3.37
2017.03.06 17:59:45.889,1.41975,1.41992,1.75,1.12
2017.03.06 17:59:46.426,1.41975,1.41994,1.75,5.62
2017.03.06 17:59:46.629,1.41975,1.41993,1.50,1.37
2017.03.06 17:59:47.179,1.41974,1.41993,3.00,1.50
2017.03.06 17:59:47.330,1.41978,1.41995,1.00,1.37
2017.03.06 17:59:47.381,1.41977,1.41995,1.50,1.12
2017.03.06 17:59:47.432,1.41976,1.41995,3.75,2.25
2017.03.06 17:59:47.685,1.41978,1.41995,1.12,1.37
2017.03.06 17:59:47.938,1.41975,1.41993,1.75,1.37
2017.03.06 17:59:49.200,1.41974,1.41992,1.75,1.87
2017.03.06 17:59:49.705,1.41973,1.41992,2.25,2.62
2017.03.06 17:59:50.109,1.41973,1.41991,1.50,1.37
2017.03.06 17:59:50.646,1.41973,1.41991,1.50,1.75
2017.03.06 17:59:51.171,1.41972,1.41991,2.25,1.37
2017.03.06 17:59:54.325,1.41973,1.41992,2.25,5.25
2017.03.06 17:59:54.427,1.41973,1.41992,1.50,1.50
2017.03.06 17:59:54.528,1.41973,1.41992,1.50,6.00
2017.03.06 17:59:55.135,1.41971,1.41989,1.87,1.50
2017.03.06 17:59:55.237,1.4197,1.41986,1.50,1.00
2017.03.06 17:59:55.288,1.4197,1.41988,2.25,1.12
2017.03.06 17:59:55.339,1.4197,1.41988,1.75,1.12
2017.03.06 17:59:55.683,1.41975,1.4199,1.12,1.37
2017.03.06 17:59:55.835,1.41975,1.41991,1.50,1.37
2017.03.06 17:59:56.391,1.41978,1.41994,1.00,6.00
2017.03.06 17:59:56.694,1.41977,1.41992,1.75,3.37
2017.03.06 17:59:57.735,1.41978,1.41994,1.75,3.37
2017.03.06 17:59:59.629,1.41978,1.41992,1.75,3.37
