2011.08.05 06:00:00.394,1.38255,1.38297,1.50,2.25
2011.08.05 06:00:00.733,1.38264,1.3831,2.25,2.25
2011.08.05 06:00:00.852,1.38265,1.3831,1.50,1.50
2011.08.05 06:00:00.971,1.38266,1.3831,1.50,3.00
2011.08.05 06:00:01.331,1.38265,1.38309,1.50,1.50
2011.08.05 06:00:02.129,1.38273,1.38316,1.50,3.00
2011.08.05 06:00:02.571,1.38269,1.38313,2.25,2.25
2011.08.05 06:00:03.343,1.38267,1.38311,2.25,3.00
2011.08.05 06:00:03.594,1.38265,1.38309,2.25,2.25
2011.08.05 06:00:03.822,1.38263,1.38307,2.25,2.25
2011.08.05 06:00:04.484,1.38269,1.38312,1.50,1.50
2011.08.05 06:00:04.714,1.38277,1.38313,1.50,1.50
2011.08.05 06:00:04.947,1.38274,1.38317,2.25,1.50
2011.08.05 06:00:06.863,1.38273,1.38313,1.50,2.25
2011.08.05 06:00:07.206,1.38265,1.38309,1.50,2.25
2011.08.05 06:00:07.655,1.3826,1.38306,2.25,2.25
2011.08.05 06:00:07.884,1.3826,1.38306,2.25,3.75
2011.08.05 06:00:10.910,1.3826,1.38306,2.25,3.00
2011.08.05 06:00:11.242,1.3826,1.38306,2.25,3.00
2011.08.05 06:00:15.502,1.38261,1.38302,1.50,1.50
2011.08.05 06:00:19.034,1.38257,1.38298,2.25,1.50
2011.08.05 06:00:19.599,1.38253,1.38295,3.60,1.50
2011.08.05 06:00:19.824,1.38254,1.38293,1.50,1.50
2011.08.05 06:00:19.946,1.38254,1.38293,1.50,2.25
2011.08.05 06:00:20.175,1.38254,1.38295,1.50,1.50
2011.08.05 06:00:20.296,1.38261,1.38296,1.50,1.50
2011.08.05 06:00:20.414,1.38261,1.38296,1.50,1.50
2011.08.05 06:00:20.536,1.38262,1.38297,1.50,1.50
2011.08.05 06:00:20.764,1.3826,1.38299,1.50,1.50
2011.08.05 06:00:20.884,1.38254,1.38297,1.50,3.75
2011.08.05 06:00:21.004,1.38253,1.38295,2.25,1.50
2011.08.05 06:00:25.462,1.38253,1.38292,2.25,1.50
2011.08.05 06:00:26.644,1.38253,1.38292,2.25,2.25
2011.08.05 06:00:26.983,1.38244,1.38285,1.50,2.63
2011.08.05 06:00:27.104,1.3824,1.38282,1.50,1.13
2011.08.05 06:00:27.331,1.38235,1.38279,1.50,3.38
2011.08.05 06:00:27.848,1.38233,1.38274,2.25,1.50
2011.08.05 06:00:29.144,1.38232,1.38272,2.25,1.50
2011.08.05 06:00:29.660,1.38232,1.3827,2.25,1.50
2011.08.05 06:00:30.110,1.38234,1.38274,2.25,1.50
2011.08.05 06:00:30.823,1.38232,1.38274,1.35,1.50
2011.08.05 06:00:32.848,1.38228,1.38271,2.25,1.50
2011.08.05 06:00:32.965,1.38224,1.38268,1.35,2.25
2011.08.05 06:00:33.525,1.38225,1.38266,2.85,1.50
2011.08.05 06:00:33.754,1.38225,1.38266,1.35,1.50
2011.08.05 06:00:36.085,1.38228,1.38271,2.25,1.50
2011.08.05 06:00:36.481,1.38228,1.38271,2.25,1.50
2011.08.05 06:00:40.803,1.38222,1.38268,2.25,3.00
2011.08.05 06:00:41.145,1.38217,1.38256,2.25,1.13
2011.08.05 06:00:41.483,1.3821,1.38253,2.25,1.50
2011.08.05 06:00:41.944,1.3821,1.38249,2.25,1.50
2011.08.05 06:00:42.453,1.3821,1.3825,2.25,1.50
2011.08.05 06:00:42.902,1.38216,1.38256,2.25,2.25
2011.08.05 06:00:43.022,1.38216,1.38256,2.25,1.50
2011.08.05 06:00:43.559,1.38218,1.38257,2.25,1.50
2011.08.05 06:00:44.591,1.38218,1.38259,2.25,2.25
2011.08.05 06:00:44.704,1.38218,1.38259,2.25,1.50
2011.08.05 06:00:49.776,1.38218,1.38259,3.00,1.50
2011.08.05 06:00:51.532,1.38217,1.38259,1.35,1.50
2011.08.05 06:00:53.075,1.38217,1.38258,1.35,2.25
2011.08.05 06:00:54.083,1.38213,1.38254,1.35,1.13
2011.08.05 06:00:54.426,1.38206,1.38252,2.25,3.00
2011.08.05 06:00:54.793,1.38206,1.3825,1.35,3.75
2011.08.05 06:00:55.322,1.38205,1.3825,1.35,2.25
2011.08.05 06:00:55.443,1.38206,1.38251,2.25,1.50
2011.08.05 06:00:55.781,1.38209,1.38251,2.25,1.50
2011.08.05 06:00:56.003,1.38209,1.38251,1.35,2.25
2011.08.05 06:00:56.577,1.3821,1.38254,2.85,1.50
2011.08.05 06:00:59.680,1.3821,1.38253,1.35,1.50
2011.08.05 06:00:59.904,1.3821,1.38253,1.35,2.25
2011.08.05 06:01:00.023,1.3821,1.38253,1.35,2.25
2011.08.05 06:01:00.584,1.3821,1.38254,2.85,1.50
2011.08.05 06:01:02.189,1.3821,1.38253,1.35,2.25
2011.08.05 06:01:04.093,1.38209,1.38252,2.85,1.50
2011.08.05 06:01:04.897,1.38208,1.38251,2.25,2.25
2011.08.05 06:01:05.232,1.38211,1.38255,2.25,1.50
2011.08.05 06:01:07.775,1.38209,1.38249,1.35,2.25
2011.08.05 06:01:08.112,1.3821,1.38253,2.25,1.50
2011.08.05 06:01:08.337,1.38209,1.38251,1.35,2.25
2011.08.05 06:01:08.563,1.38205,1.38249,2.25,1.50
2011.08.05 06:01:08.901,1.38207,1.38249,2.25,1.50
2011.08.05 06:01:09.716,1.38209,1.38253,2.25,2.25
2011.08.05 06:01:09.942,1.38214,1.38253,1.50,1.50
2011.08.05 06:01:10.274,1.38214,1.38258,2.25,1.13
2011.08.05 06:01:10.392,1.38214,1.38258,2.25,1.88
2011.08.05 06:01:11.172,1.38208,1.38249,2.25,1.50
2011.08.05 06:01:12.445,1.3821,1.38251,2.25,1.50
2011.08.05 06:01:12.786,1.38212,1.38251,1.35,1.50
2011.08.05 06:01:12.909,1.38212,1.38249,1.35,1.50
2011.08.05 06:01:13.672,1.38205,1.38244,1.35,2.25
2011.08.05 06:01:14.532,1.38205,1.38247,1.35,2.25
2011.08.05 06:01:14.985,1.38205,1.38247,1.35,2.25
2011.08.05 06:01:16.807,1.38205,1.38244,2.25,1.50
2011.08.05 06:01:17.353,1.38199,1.38238,2.10,1.13
2011.08.05 06:01:17.417,1.38202,1.3824,2.25,1.13
2011.08.05 06:01:17.541,1.38202,1.38238,2.25,1.13
2011.08.05 06:01:18.214,1.38199,1.38238,1.50,1.13
2011.08.05 06:01:18.553,1.38198,1.38236,2.25,1.13
2011.08.05 06:01:19.003,1.38195,1.38235,1.35,1.13
2011.08.05 06:01:19.124,1.38193,1.38233,1.35,1.13
2011.08.05 06:01:20.784,1.38193,1.38232,1.35,1.50
2011.08.05 06:01:20.905,1.38189,1.38227,2.25,1.13
2011.08.05 06:01:21.025,1.38189,1.38226,2.25,1.88
2011.08.05 06:01:21.364,1.38187,1.38227,2.25,2.63
2011.08.05 06:01:21.595,1.38185,1.38222,1.35,2.25
2011.08.05 06:01:21.823,1.38182,1.38221,1.35,1.50
2011.08.05 06:01:21.946,1.38182,1.38226,1.35,3.38
2011.08.05 06:01:22.391,1.38185,1.38227,1.35,2.63
2011.08.05 06:01:22.944,1.38189,1.38226,2.25,1.88
2011.08.05 06:01:24.252,1.38185,1.38227,2.85,1.13
2011.08.05 06:01:24.584,1.38185,1.38227,1.35,5.25
2011.08.05 06:01:24.922,1.38181,1.38223,2.25,1.13
2011.08.05 06:01:25.182,1.38181,1.38223,2.25,1.13
2011.08.05 06:01:25.513,1.38183,1.38225,1.35,1.50
2011.08.05 06:01:27.072,1.38181,1.38223,2.25,1.13
2011.08.05 06:01:27.424,1.38181,1.38219,2.25,1.13
2011.08.05 06:01:28.520,1.38181,1.38224,2.25,1.13
2011.08.05 06:01:29.073,1.38187,1.38225,1.50,1.13
2011.08.05 06:01:29.307,1.38189,1.38226,2.25,1.88
2011.08.05 06:01:29.425,1.38189,1.38231,2.25,1.13
2011.08.05 06:01:31.722,1.38193,1.3823,1.35,1.13
2011.08.05 06:01:32.065,1.38189,1.38228,1.35,1.13
2011.08.05 06:01:32.443,1.38189,1.38228,1.35,1.13
2011.08.05 06:01:33.615,1.38189,1.38228,1.35,1.88
2011.08.05 06:01:33.741,1.38192,1.38227,1.35,1.13
2011.08.05 06:01:34.294,1.3819,1.38227,1.35,2.63
2011.08.05 06:01:34.651,1.3819,1.38226,1.35,1.88
2011.08.05 06:01:34.878,1.3819,1.38222,1.35,2.63
2011.08.05 06:01:34.993,1.3819,1.38221,1.35,1.13
2011.08.05 06:01:35.334,1.38181,1.38221,1.35,1.88
2011.08.05 06:01:35.912,1.38181,1.38221,2.85,1.88
2011.08.05 06:01:36.029,1.38183,1.38224,1.35,1.13
2011.08.05 06:01:36.144,1.38183,1.38225,1.35,2.25
2011.08.05 06:01:36.591,1.38183,1.38224,1.35,1.50
2011.08.05 06:01:37.140,1.38183,1.38224,1.35,2.25
2011.08.05 06:01:37.266,1.38191,1.38226,1.50,1.50
2011.08.05 06:01:37.390,1.38193,1.38233,2.25,1.50
2011.08.05 06:01:37.508,1.38196,1.38234,2.25,2.25
2011.08.05 06:01:37.627,1.38205,1.38235,1.50,1.50
2011.08.05 06:01:37.748,1.38207,1.38246,1.50,1.50
2011.08.05 06:01:37.976,1.38221,1.38251,1.50,2.25
2011.08.05 06:01:38.203,1.38217,1.38256,1.50,2.25
2011.08.05 06:01:38.544,1.38219,1.38256,2.25,1.50
2011.08.05 06:01:38.773,1.38217,1.38255,1.50,1.50
2011.08.05 06:01:38.893,1.38217,1.38254,1.50,2.25
2011.08.05 06:01:39.928,1.38215,1.38254,1.50,2.25
2011.08.05 06:01:40.155,1.38212,1.3825,1.50,2.25
2011.08.05 06:01:40.277,1.38204,1.38248,3.00,1.88
2011.08.05 06:01:40.396,1.38204,1.38247,3.00,1.50
2011.08.05 06:01:40.625,1.38204,1.38246,2.25,1.50
2011.08.05 06:01:40.968,1.38201,1.38243,1.35,1.13
2011.08.05 06:01:41.087,1.38201,1.38242,1.35,2.25
2011.08.05 06:01:41.684,1.38205,1.38247,1.35,2.63
2011.08.05 06:01:44.584,1.38209,1.38234,1.35,1.50
2011.08.05 06:01:44.708,1.38206,1.38234,1.50,2.25
2011.08.05 06:01:45.048,1.38204,1.38241,1.50,1.50
2011.08.05 06:01:45.498,1.38204,1.38241,2.25,1.50
2011.08.05 06:01:45.617,1.38207,1.38246,2.25,1.50
2011.08.05 06:01:46.280,1.38204,1.3824,1.35,3.00
2011.08.05 06:01:46.403,1.38207,1.38246,2.25,1.50
2011.08.05 06:01:46.526,1.38207,1.38249,2.25,1.50
2011.08.05 06:01:46.645,1.38209,1.38249,2.25,1.50
2011.08.05 06:01:46.985,1.38209,1.38249,3.00,1.50
2011.08.05 06:01:47.434,1.38203,1.38245,1.35,1.50
2011.08.05 06:01:49.274,1.38201,1.38241,1.50,1.50
2011.08.05 06:01:50.014,1.38199,1.38241,1.35,1.50
2011.08.05 06:01:50.784,1.38195,1.38235,1.35,1.50
2011.08.05 06:01:50.904,1.38189,1.38233,2.10,3.75
2011.08.05 06:01:51.133,1.38192,1.38233,1.35,1.50
2011.08.05 06:01:52.244,1.38194,1.38234,2.25,1.50
2011.08.05 06:01:52.583,1.38188,1.3823,1.50,2.25
2011.08.05 06:01:53.527,1.38188,1.38229,1.50,2.25
2011.08.05 06:01:53.975,1.38187,1.38225,1.35,1.50
2011.08.05 06:01:55.525,1.38189,1.38227,1.35,1.50
2011.08.05 06:01:56.085,1.38192,1.38228,2.25,2.25
2011.08.05 06:01:56.204,1.38194,1.38231,1.50,2.25
2011.08.05 06:01:56.434,1.3819,1.38229,2.10,2.25
2011.08.05 06:01:56.905,1.38191,1.38233,1.50,2.25
2011.08.05 06:01:58.572,1.38195,1.38233,1.50,2.25
2011.08.05 06:01:58.904,1.38198,1.38235,1.50,1.50
2011.08.05 06:01:59.462,1.38193,1.38232,1.35,3.00
2011.08.05 06:02:00.519,1.38185,1.38228,1.35,2.25
2011.08.05 06:02:01.403,1.38185,1.38226,2.10,2.25
2011.08.05 06:02:02.263,1.38188,1.38228,1.50,2.25
2011.08.05 06:02:02.496,1.38187,1.38223,1.35,2.25
2011.08.05 06:02:02.725,1.38187,1.38228,1.35,2.25
2011.08.05 06:02:03.064,1.38185,1.38223,1.50,3.00
2011.08.05 06:02:04.313,1.38183,1.38224,1.35,2.25
2011.08.05 06:02:04.872,1.38183,1.38223,1.35,2.25
2011.08.05 06:02:05.576,1.38184,1.38227,1.50,1.50
2011.08.05 06:02:05.805,1.38186,1.38227,2.25,1.50
2011.08.05 06:02:07.447,1.38183,1.38226,1.35,2.25
2011.08.05 06:02:08.004,1.38184,1.38227,2.25,1.50
2011.08.05 06:02:08.341,1.38184,1.38227,2.25,1.50
2011.08.05 06:02:08.562,1.38184,1.38227,2.25,1.50
2011.08.05 06:02:09.635,1.38183,1.38222,1.35,2.25
2011.08.05 06:02:10.085,1.38185,1.38227,3.00,1.50
2011.08.05 06:02:10.708,1.38187,1.38229,1.35,1.50
2011.08.05 06:02:10.828,1.38187,1.38229,1.35,3.00
2011.08.05 06:02:11.162,1.38187,1.38225,1.35,2.25
2011.08.05 06:02:11.855,1.38187,1.38229,1.35,1.50
2011.08.05 06:02:12.194,1.38187,1.38229,2.85,1.50
2011.08.05 06:02:13.194,1.38191,1.38231,1.35,2.25
2011.08.05 06:02:14.333,1.38191,1.38233,1.35,1.50
2011.08.05 06:02:15.204,1.38199,1.3824,1.35,2.25
2011.08.05 06:02:17.353,1.38201,1.38243,1.35,2.25
2011.08.05 06:02:17.953,1.38205,1.38244,1.35,2.25
2011.08.05 06:02:18.626,1.38207,1.38251,1.35,1.50
2011.08.05 06:02:18.856,1.38207,1.38249,1.35,2.25
2011.08.05 06:02:19.196,1.38203,1.38245,1.35,2.25
2011.08.05 06:02:19.536,1.38208,1.38245,1.50,2.25
2011.08.05 06:02:19.877,1.38213,1.38251,1.13,2.25
2011.08.05 06:02:20.474,1.38217,1.38258,1.35,2.25
2011.08.05 06:02:21.498,1.38214,1.38256,1.35,3.00
2011.08.05 06:02:23.825,1.38214,1.38256,1.35,1.50
2011.08.05 06:02:23.943,1.38218,1.38259,1.35,2.25
2011.08.05 06:02:24.173,1.38218,1.38259,1.35,2.25
2011.08.05 06:02:24.684,1.38218,1.38256,1.35,2.25
2011.08.05 06:02:25.230,1.38217,1.3825,1.35,1.50
2011.08.05 06:02:25.352,1.3821,1.38253,1.35,2.25
2011.08.05 06:02:26.145,1.3821,1.3825,1.35,2.25
2011.08.05 06:02:27.654,1.38207,1.38252,2.25,1.50
2011.08.05 06:02:28.173,1.38211,1.38251,1.35,1.50
2011.08.05 06:02:29.124,1.38211,1.38248,1.35,2.25
2011.08.05 06:02:29.463,1.38212,1.38254,1.50,3.00
2011.08.05 06:02:29.827,1.38208,1.38252,2.25,1.50
2011.08.05 06:02:30.723,1.38208,1.38252,2.25,1.50
2011.08.05 06:02:31.436,1.38207,1.38251,2.85,2.25
2011.08.05 06:02:31.804,1.38207,1.3825,1.35,1.50
2011.08.05 06:02:32.034,1.38207,1.38251,2.85,2.25
2011.08.05 06:02:32.484,1.38207,1.38251,2.85,2.25
2011.08.05 06:02:33.711,1.38204,1.38244,1.35,1.50
2011.08.05 06:02:34.104,1.38207,1.38247,2.25,1.50
2011.08.05 06:02:34.444,1.38201,1.3824,1.35,3.38
2011.08.05 06:02:34.673,1.38193,1.38236,5.25,1.50
2011.08.05 06:02:34.795,1.38199,1.38236,1.50,1.50
2011.08.05 06:02:35.242,1.38198,1.38236,2.25,1.50
2011.08.05 06:02:35.803,1.38192,1.38233,2.25,1.50
2011.08.05 06:02:36.446,1.38192,1.38233,2.25,1.50
2011.08.05 06:02:39.973,1.38198,1.38235,1.50,1.50
2011.08.05 06:02:40.093,1.38198,1.38235,1.50,2.25
2011.08.05 06:02:40.433,1.38194,1.38232,1.50,1.50
2011.08.05 06:02:40.663,1.38194,1.38234,3.00,1.50
2011.08.05 06:02:41.007,1.38194,1.38235,2.25,1.50
2011.08.05 06:02:41.123,1.38194,1.38236,1.50,1.50
2011.08.05 06:02:41.579,1.38196,1.38236,3.00,1.50
2011.08.05 06:02:45.679,1.38198,1.38237,2.25,1.50
2011.08.05 06:02:45.795,1.38201,1.38241,2.25,2.25
2011.08.05 06:02:46.026,1.38195,1.38239,2.85,3.00
2011.08.05 06:02:46.364,1.38192,1.38236,2.85,1.13
2011.08.05 06:02:47.336,1.38192,1.38236,2.85,1.50
2011.08.05 06:02:48.093,1.38192,1.38235,1.35,3.00
2011.08.05 06:02:48.215,1.38192,1.38235,1.35,3.38
2011.08.05 06:02:48.882,1.38194,1.38235,1.35,1.50
2011.08.05 06:02:51.176,1.38194,1.38234,1.35,1.50
2011.08.05 06:02:51.625,1.3819,1.38231,1.35,3.00
2011.08.05 06:02:51.743,1.3819,1.38231,1.35,2.25
2011.08.05 06:02:51.976,1.38196,1.38236,2.25,1.50
2011.08.05 06:02:52.097,1.38196,1.38237,2.25,1.50
2011.08.05 06:02:52.215,1.38196,1.38237,2.25,2.25
2011.08.05 06:02:52.444,1.3819,1.38228,1.35,1.50
2011.08.05 06:02:52.854,1.3819,1.38228,1.35,1.50
2011.08.05 06:02:53.292,1.3819,1.38233,2.85,1.50
2011.08.05 06:02:55.185,1.3819,1.38235,2.85,2.25
2011.08.05 06:02:55.304,1.38192,1.38235,2.25,2.25
2011.08.05 06:02:55.752,1.38191,1.38234,1.35,2.25
2011.08.05 06:02:57.915,1.3819,1.38232,1.35,2.25
2011.08.05 06:02:59.173,1.3819,1.38233,1.35,3.00
2011.08.05 06:03:00.203,1.3819,1.38233,1.35,3.38
2011.08.05 06:03:01.873,1.38189,1.38232,2.25,1.88
2011.08.05 06:03:04.473,1.38194,1.38233,2.25,1.13
2011.08.05 06:03:04.814,1.38203,1.38237,1.50,1.50
2011.08.05 06:03:05.153,1.38204,1.38242,3.75,2.25
2011.08.05 06:03:05.492,1.38204,1.38239,3.75,1.50
2011.08.05 06:03:06.164,1.38204,1.38238,1.50,1.50
2011.08.05 06:03:06.522,1.38204,1.38238,1.50,1.50
2011.08.05 06:03:08.103,1.38202,1.38238,3.00,1.50
2011.08.05 06:03:08.302,1.38202,1.38238,3.00,1.50
2011.08.05 06:03:08.744,1.38204,1.3824,1.50,1.50
2011.08.05 06:03:09.623,1.38203,1.38238,1.50,1.50
2011.08.05 06:03:10.133,1.38204,1.38238,2.25,1.50
2011.08.05 06:03:10.703,1.38205,1.38241,1.50,1.50
2011.08.05 06:03:11.154,1.38204,1.38241,3.75,1.50
2011.08.05 06:03:11.494,1.38206,1.38241,2.25,1.50
2011.08.05 06:03:12.256,1.38206,1.38242,2.25,1.50
2011.08.05 06:03:12.813,1.38207,1.38245,3.00,1.50
2011.08.05 06:03:18.392,1.38207,1.38245,1.50,1.50
2011.08.05 06:03:19.941,1.38207,1.38248,3.00,1.50
2011.08.05 06:03:24.174,1.38207,1.38245,2.25,1.50
2011.08.05 06:03:25.715,1.382,1.38242,2.25,1.50
2011.08.05 06:03:26.494,1.38204,1.38246,1.50,2.63
2011.08.05 06:03:26.725,1.38206,1.38246,1.50,1.50
2011.08.05 06:03:27.063,1.38202,1.38246,2.25,1.50
2011.08.05 06:03:27.610,1.38204,1.38246,2.25,1.50
2011.08.05 06:03:27.833,1.38204,1.38243,3.00,2.25
2011.08.05 06:03:28.173,1.38207,1.38247,2.25,1.50
2011.08.05 06:03:29.903,1.38208,1.38247,1.13,1.50
2011.08.05 06:03:30.254,1.38204,1.38244,3.00,1.50
2011.08.05 06:03:30.594,1.38199,1.38242,3.00,1.50
2011.08.05 06:03:30.935,1.38201,1.38242,2.25,1.50
2011.08.05 06:03:31.526,1.38197,1.38239,2.25,1.50
2011.08.05 06:03:32.085,1.38195,1.38236,1.35,2.25
2011.08.05 06:03:32.315,1.38194,1.38233,2.25,2.25
2011.08.05 06:03:32.873,1.38194,1.38231,1.50,1.50
2011.08.05 06:03:33.325,1.38195,1.38231,1.50,1.50
2011.08.05 06:03:33.555,1.38194,1.38233,2.10,1.50
2011.08.05 06:03:33.894,1.38191,1.3823,2.25,1.50
2011.08.05 06:03:34.471,1.38191,1.3823,2.25,1.50
2011.08.05 06:03:35.045,1.38189,1.3823,3.60,1.50
2011.08.05 06:03:36.183,1.38187,1.38227,2.25,1.50
2011.08.05 06:03:36.634,1.38184,1.38226,2.25,1.13
2011.08.05 06:03:38.834,1.38188,1.38229,1.50,1.13
2011.08.05 06:03:39.068,1.38188,1.3823,1.50,1.88
2011.08.05 06:03:39.835,1.38188,1.38229,3.00,1.13
2011.08.05 06:03:40.813,1.38184,1.38226,2.85,1.13
2011.08.05 06:03:41.607,1.38188,1.38227,1.50,1.50
2011.08.05 06:03:41.725,1.38187,1.38226,3.00,1.50
2011.08.05 06:03:42.066,1.38184,1.38218,1.50,1.13
2011.08.05 06:03:42.185,1.38184,1.38215,2.25,1.13
2011.08.05 06:03:42.421,1.38184,1.38221,2.25,2.25
2011.08.05 06:03:42.867,1.38187,1.38229,2.25,1.13
2011.08.05 06:03:43.099,1.38201,1.38237,2.25,1.50
2011.08.05 06:03:43.216,1.38201,1.3824,2.25,1.13
2011.08.05 06:03:43.340,1.38203,1.38237,1.35,1.13
2011.08.05 06:03:43.565,1.38203,1.38237,1.35,1.13
2011.08.05 06:03:44.086,1.382,1.38238,1.35,1.13
2011.08.05 06:03:44.531,1.382,1.38238,1.35,1.13
2011.08.05 06:03:45.955,1.38199,1.38239,1.35,2.25
2011.08.05 06:03:48.075,1.38199,1.38241,1.35,3.75
2011.08.05 06:03:48.653,1.3821,1.38241,1.73,1.50
2011.08.05 06:03:48.763,1.38213,1.38258,2.63,1.50
2011.08.05 06:03:48.883,1.38213,1.38258,2.63,2.25
2011.08.05 06:03:49.223,1.38215,1.38254,1.35,1.50
2011.08.05 06:03:50.464,1.38209,1.38249,1.35,2.25
2011.08.05 06:03:50.806,1.38203,1.38234,1.50,1.50
2011.08.05 06:03:50.925,1.38193,1.3823,1.50,1.50
2011.08.05 06:03:51.152,1.38194,1.38229,1.50,1.50
2011.08.05 06:03:51.605,1.38195,1.38229,1.35,1.50
2011.08.05 06:03:52.504,1.38195,1.38239,4.35,3.00
2011.08.05 06:03:53.095,1.38201,1.38241,1.35,1.50
2011.08.05 06:03:53.656,1.38204,1.38243,1.35,1.50
2011.08.05 06:03:55.448,1.38204,1.38242,1.35,1.50
2011.08.05 06:03:56.113,1.38204,1.3824,1.35,1.50
2011.08.05 06:03:57.194,1.38204,1.38244,1.35,3.00
2011.08.05 06:03:57.537,1.38201,1.3824,1.35,1.50
2011.08.05 06:03:57.767,1.38195,1.38234,1.35,1.50
2011.08.05 06:03:57.993,1.38195,1.38234,1.35,1.50
2011.08.05 06:04:00.383,1.38193,1.38232,1.35,2.25
2011.08.05 06:04:00.822,1.38193,1.38232,1.35,2.25
2011.08.05 06:04:04.509,1.38193,1.38235,2.85,1.50
2011.08.05 06:04:05.223,1.38193,1.38235,1.35,1.50
2011.08.05 06:04:05.562,1.38197,1.38235,1.50,1.50
2011.08.05 06:04:08.813,1.38194,1.38232,2.10,2.25
2011.08.05 06:04:09.682,1.38189,1.38224,1.35,2.25
2011.08.05 06:04:10.452,1.38189,1.38229,1.35,2.25
2011.08.05 06:04:10.673,1.38189,1.38229,1.35,2.25
2011.08.05 06:04:10.966,1.38189,1.38229,1.35,2.25
2011.08.05 06:04:11.403,1.38189,1.38229,1.35,2.25
2011.08.05 06:04:11.524,1.3819,1.38229,1.50,2.25
2011.08.05 06:04:11.753,1.38193,1.38233,1.35,1.50
2011.08.05 06:04:12.202,1.38193,1.38229,1.35,2.25
2011.08.05 06:04:12.544,1.38192,1.38221,1.35,2.25
2011.08.05 06:04:13.120,1.38179,1.38216,1.50,1.50
2011.08.05 06:04:13.253,1.38171,1.38214,3.60,1.50
2011.08.05 06:04:13.375,1.38171,1.38214,3.60,1.50
2011.08.05 06:04:14.049,1.38172,1.38208,2.25,1.50
2011.08.05 06:04:14.275,1.38169,1.38208,2.25,1.50
2011.08.05 06:04:14.505,1.38169,1.38206,2.25,1.50
2011.08.05 06:04:14.629,1.38167,1.38204,2.25,1.50
2011.08.05 06:04:14.963,1.38166,1.38204,1.50,1.50
2011.08.05 06:04:15.636,1.38166,1.38204,1.50,1.50
2011.08.05 06:04:16.544,1.38166,1.38202,1.50,1.50
2011.08.05 06:04:16.889,1.38163,1.38175,1.50,1.50
2011.08.05 06:04:17.119,1.38143,1.38171,1.50,1.50
2011.08.05 06:04:17.346,1.38134,1.38172,2.25,1.50
2011.08.05 06:04:18.238,1.38142,1.38177,1.50,1.50
2011.08.05 06:04:18.573,1.38139,1.38179,4.50,1.50
2011.08.05 06:04:18.694,1.38144,1.38176,1.50,1.50
2011.08.05 06:04:19.032,1.38144,1.38177,2.25,1.50
2011.08.05 06:04:19.265,1.38152,1.38182,1.50,1.50
2011.08.05 06:04:19.385,1.38158,1.38184,1.13,1.50
2011.08.05 06:04:19.727,1.38167,1.38196,1.88,1.50
2011.08.05 06:04:20.065,1.38169,1.38213,3.23,3.00
2011.08.05 06:04:20.186,1.38171,1.38213,1.88,1.50
2011.08.05 06:04:20.303,1.38171,1.38215,2.10,1.50
2011.08.05 06:04:20.423,1.38171,1.38215,2.10,1.50
2011.08.05 06:04:20.953,1.3818,1.38218,1.35,2.25
2011.08.05 06:04:21.066,1.3818,1.38214,1.35,1.50
2011.08.05 06:04:21.404,1.38176,1.38214,2.25,1.50
2011.08.05 06:04:21.744,1.38182,1.38218,1.35,2.25
2011.08.05 06:04:22.082,1.38176,1.38216,1.35,3.00
2011.08.05 06:04:22.553,1.38178,1.38216,1.50,1.50
2011.08.05 06:04:22.787,1.38189,1.38226,2.25,2.25
2011.08.05 06:04:23.582,1.38176,1.38215,2.85,1.50
2011.08.05 06:04:23.803,1.38176,1.38215,1.35,1.50
2011.08.05 06:04:25.514,1.38173,1.38217,2.25,3.00
2011.08.05 06:04:25.855,1.38173,1.38216,2.10,1.50
2011.08.05 06:04:26.192,1.38174,1.38217,2.25,1.50
2011.08.05 06:04:26.646,1.38174,1.38217,2.25,2.25
2011.08.05 06:04:28.363,1.38181,1.38222,2.25,1.50
2011.08.05 06:04:28.703,1.3818,1.38224,3.00,3.00
2011.08.05 06:04:29.263,1.38177,1.38223,3.00,3.00
2011.08.05 06:04:29.934,1.38177,1.38221,3.00,1.50
2011.08.05 06:04:30.272,1.38176,1.3822,2.25,2.25
2011.08.05 06:04:30.823,1.38173,1.38219,3.00,2.25
2011.08.05 06:04:31.310,1.38173,1.38219,2.25,2.25
2011.08.05 06:04:31.975,1.38172,1.38218,2.25,2.25
2011.08.05 06:04:32.533,1.38174,1.38218,2.25,3.00
2011.08.05 06:04:32.874,1.38178,1.38224,2.25,2.25
2011.08.05 06:04:33.415,1.38178,1.38224,2.25,2.25
2011.08.05 06:04:33.762,1.38178,1.38224,2.25,2.25
2011.08.05 06:04:34.204,1.38182,1.38226,1.50,2.25
2011.08.05 06:04:35.202,1.38189,1.38233,2.25,2.25
2011.08.05 06:04:35.444,1.38189,1.3823,2.25,1.50
2011.08.05 06:04:35.679,1.38186,1.3823,2.25,2.25
2011.08.05 06:04:36.345,1.38187,1.38231,2.25,2.25
2011.08.05 06:04:36.578,1.38184,1.38228,3.00,2.25
2011.08.05 06:04:36.805,1.38181,1.38225,2.25,2.25
2011.08.05 06:04:37.038,1.38181,1.38225,2.25,2.25
2011.08.05 06:04:37.156,1.3819,1.38225,1.50,2.25
2011.08.05 06:04:37.701,1.38183,1.38216,1.50,1.50
2011.08.05 06:04:37.817,1.38183,1.38208,1.50,1.50
2011.08.05 06:04:38.045,1.38154,1.38196,1.50,2.25
2011.08.05 06:04:38.164,1.38158,1.38197,2.25,1.50
2011.08.05 06:04:38.507,1.38153,1.38189,1.50,1.50
2011.08.05 06:04:38.736,1.38145,1.38179,1.50,1.50
2011.08.05 06:04:38.966,1.38143,1.38173,1.50,2.25
2011.08.05 06:04:39.484,1.38147,1.38183,1.50,2.25
2011.08.05 06:04:39.814,1.38156,1.38187,1.50,1.50
2011.08.05 06:04:40.045,1.38163,1.382,1.50,2.25
2011.08.05 06:04:41.416,1.38161,1.38205,3.00,2.25
2011.08.05 06:04:41.644,1.38165,1.38207,2.25,1.50
2011.08.05 06:04:42.093,1.38164,1.38192,1.50,3.00
2011.08.05 06:04:42.214,1.38164,1.38192,1.50,2.25
2011.08.05 06:04:42.337,1.38144,1.38188,4.50,2.25
2011.08.05 06:04:42.994,1.38145,1.38189,2.25,2.25
2011.08.05 06:04:43.336,1.38143,1.38185,1.50,2.25
2011.08.05 06:04:43.673,1.38144,1.3819,2.25,2.25
2011.08.05 06:04:44.233,1.38147,1.38193,2.25,2.25
2011.08.05 06:04:44.356,1.38145,1.38189,1.50,1.50
2011.08.05 06:04:44.697,1.38151,1.38188,1.50,2.25
2011.08.05 06:04:45.035,1.38151,1.38194,1.50,2.25
2011.08.05 06:04:45.650,1.38163,1.38193,1.50,1.50
2011.08.05 06:04:45.769,1.38164,1.38203,1.50,1.50
2011.08.05 06:04:45.996,1.38165,1.38208,2.10,2.25
2011.08.05 06:04:46.663,1.38171,1.38211,1.50,3.00
2011.08.05 06:04:47.004,1.38168,1.38211,1.50,2.25
2011.08.05 06:04:47.344,1.38168,1.38211,1.50,2.25
2011.08.05 06:04:48.023,1.38163,1.38203,2.25,1.50
2011.08.05 06:04:48.254,1.38163,1.38205,1.50,3.00
2011.08.05 06:04:48.837,1.38154,1.38198,3.00,2.25
2011.08.05 06:04:48.963,1.38159,1.38199,2.25,1.50
2011.08.05 06:04:49.195,1.38159,1.38205,3.00,3.00
2011.08.05 06:04:49.645,1.38164,1.38203,2.25,2.25
2011.08.05 06:04:49.767,1.38164,1.38185,1.50,1.50
2011.08.05 06:04:49.885,1.3816,1.38185,1.50,2.25
2011.08.05 06:04:50.008,1.38154,1.38192,1.50,2.25
2011.08.05 06:04:50.343,1.38154,1.38195,1.50,2.25
2011.08.05 06:04:51.364,1.38155,1.38195,2.25,1.50
2011.08.05 06:04:51.787,1.38158,1.38202,2.25,3.00
2011.08.05 06:04:52.346,1.38163,1.38198,1.50,2.25
2011.08.05 06:04:52.902,1.38164,1.38204,1.50,1.50
2011.08.05 06:04:54.084,1.38164,1.38204,1.50,1.50
2011.08.05 06:04:55.721,1.38149,1.38193,2.25,2.25
2011.08.05 06:04:56.518,1.38161,1.38202,1.50,1.50
2011.08.05 06:04:57.074,1.38161,1.38203,2.25,1.50
2011.08.05 06:04:57.302,1.38161,1.38203,2.25,1.50
2011.08.05 06:04:57.964,1.38161,1.38206,1.50,2.25
2011.08.05 06:04:58.305,1.38164,1.38204,2.25,1.50
2011.08.05 06:04:58.427,1.38167,1.38204,2.25,1.50
2011.08.05 06:04:58.763,1.38167,1.38211,2.25,2.25
2011.08.05 06:04:59.320,1.38163,1.38201,1.50,2.25
2011.08.05 06:04:59.436,1.38165,1.38201,1.50,2.25
2011.08.05 06:04:59.666,1.38164,1.38203,2.25,1.50
2011.08.05 06:05:00.553,1.38164,1.38204,3.00,1.50
2011.08.05 06:05:00.673,1.38164,1.38208,2.25,2.25
2011.08.05 06:05:00.795,1.38164,1.38208,3.00,1.50
2011.08.05 06:05:00.916,1.38167,1.38208,1.50,2.25
2011.08.05 06:05:01.665,1.38168,1.3821,2.25,2.25
2011.08.05 06:05:02.106,1.38171,1.38215,2.25,2.25
2011.08.05 06:05:02.555,1.38173,1.38217,2.25,2.25
2011.08.05 06:05:03.368,1.38165,1.38208,2.25,1.50
2011.08.05 06:05:03.704,1.38165,1.38206,1.50,2.25
2011.08.05 06:05:04.044,1.38168,1.38206,1.50,2.25
2011.08.05 06:05:04.165,1.38169,1.38206,1.50,2.25
2011.08.05 06:05:04.506,1.38169,1.38211,1.50,2.25
2011.08.05 06:05:05.039,1.38169,1.38213,2.25,1.50
2011.08.05 06:05:05.169,1.3815,1.38184,2.25,1.50
2011.08.05 06:05:05.285,1.3815,1.38179,1.50,1.50
2011.08.05 06:05:05.409,1.38143,1.3817,1.50,2.25
2011.08.05 06:05:05.747,1.38149,1.38174,1.50,1.50
2011.08.05 06:05:05.977,1.38142,1.38174,1.50,1.50
2011.08.05 06:05:06.203,1.3813,1.38162,2.25,1.50
2011.08.05 06:05:06.436,1.38122,1.38153,1.50,1.50
2011.08.05 06:05:06.665,1.38115,1.38159,2.25,3.00
2011.08.05 06:05:07.150,1.38128,1.38168,2.25,1.50
2011.08.05 06:05:07.483,1.3813,1.38174,2.25,1.50
2011.08.05 06:05:07.714,1.38137,1.38179,1.50,1.50
2011.08.05 06:05:07.943,1.38135,1.38172,2.25,1.50
2011.08.05 06:05:08.174,1.38127,1.38171,2.25,2.25
2011.08.05 06:05:10.162,1.38122,1.38165,2.25,1.50
2011.08.05 06:05:10.287,1.38116,1.3816,2.25,2.25
2011.08.05 06:05:10.406,1.38116,1.38157,2.25,1.50
2011.08.05 06:05:10.523,1.38111,1.38155,1.35,3.00
2011.08.05 06:05:10.863,1.38111,1.38153,2.85,1.50
2011.08.05 06:05:11.202,1.38116,1.38162,2.25,2.25
2011.08.05 06:05:11.989,1.38116,1.38162,2.25,2.25
2011.08.05 06:05:12.326,1.38113,1.38154,1.50,1.50
2011.08.05 06:05:15.373,1.38111,1.38154,2.25,1.50
2011.08.05 06:05:15.713,1.38111,1.38154,3.00,1.50
2011.08.05 06:05:16.054,1.38106,1.38149,1.35,2.25
2011.08.05 06:05:16.508,1.381,1.38143,2.25,1.50
2011.08.05 06:05:16.954,1.38098,1.38141,1.50,2.25
2011.08.05 06:05:17.388,1.38111,1.38145,3.00,1.50
2011.08.05 06:05:17.510,1.38111,1.38155,2.25,1.50
2011.08.05 06:05:17.740,1.38111,1.38156,2.25,1.50
2011.08.05 06:05:17.969,1.38114,1.38153,1.50,1.50
2011.08.05 06:05:18.193,1.38109,1.38153,1.50,1.50
2011.08.05 06:05:18.642,1.38105,1.38151,1.35,1.13
2011.08.05 06:05:19.195,1.38102,1.38144,1.50,1.13
2011.08.05 06:05:19.532,1.38101,1.38144,1.50,1.13
2011.08.05 06:05:19.753,1.38101,1.38145,1.50,1.50
2011.08.05 06:05:19.973,1.38104,1.38147,1.50,1.13
2011.08.05 06:05:20.649,1.38094,1.38142,2.25,1.88
2011.08.05 06:05:20.771,1.38094,1.38141,1.50,1.13
2011.08.05 06:05:21.715,1.38094,1.38142,1.50,1.50
2011.08.05 06:05:23.109,1.38102,1.38146,1.50,1.50
2011.08.05 06:05:23.447,1.38109,1.38154,1.50,1.50
2011.08.05 06:05:24.001,1.38113,1.38159,1.50,1.50
2011.08.05 06:05:24.335,1.3812,1.38161,2.25,1.50
2011.08.05 06:05:24.893,1.38119,1.38165,2.25,2.25
2011.08.05 06:05:25.232,1.38118,1.38162,2.25,2.25
2011.08.05 06:05:25.685,1.38122,1.38166,2.25,2.25
2011.08.05 06:05:26.025,1.38118,1.38164,2.25,2.25
2011.08.05 06:05:26.255,1.38118,1.38163,2.25,2.25
2011.08.05 06:05:27.021,1.38119,1.38164,1.50,2.25
2011.08.05 06:05:28.593,1.3812,1.38165,2.25,2.25
2011.08.05 06:05:29.375,1.3812,1.38163,1.50,2.25
2011.08.05 06:05:29.715,1.3812,1.38155,1.50,2.25
2011.08.05 06:05:30.162,1.3811,1.38153,2.25,1.50
2011.08.05 06:05:30.664,1.38111,1.38157,3.75,3.75
2011.08.05 06:05:31.230,1.38133,1.38158,1.50,1.50
2011.08.05 06:05:31.456,1.38132,1.38171,3.00,1.50
2011.08.05 06:05:31.684,1.38126,1.38168,2.25,1.50
2011.08.05 06:05:35.398,1.38124,1.38158,1.50,1.50
2011.08.05 06:05:35.626,1.38121,1.38158,2.25,1.50
2011.08.05 06:05:35.853,1.38119,1.3816,2.25,3.00
2011.08.05 06:05:37.106,1.3812,1.3816,2.25,1.50
2011.08.05 06:05:37.443,1.38131,1.38175,1.50,1.35
2011.08.05 06:05:37.784,1.38129,1.38171,2.25,1.50
2011.08.05 06:05:37.905,1.38124,1.3817,2.25,2.25
2011.08.05 06:05:39.332,1.38123,1.38174,1.50,1.50
2011.08.05 06:05:39.907,1.38131,1.38176,1.50,2.25
2011.08.05 06:05:40.245,1.38135,1.38177,2.25,1.50
2011.08.05 06:05:40.369,1.38138,1.38182,2.25,3.00
2011.08.05 06:05:40.595,1.38141,1.38184,2.25,1.50
2011.08.05 06:05:41.544,1.38141,1.38185,2.25,3.75
2011.08.05 06:05:41.997,1.38134,1.38178,1.50,2.25
2011.08.05 06:05:42.121,1.38133,1.38175,1.50,1.50
2011.08.05 06:05:42.455,1.38131,1.38175,2.25,3.00
2011.08.05 06:05:42.903,1.38131,1.38175,3.00,3.00
2011.08.05 06:05:43.247,1.38133,1.38177,2.25,3.00
2011.08.05 06:05:43.478,1.38139,1.38183,2.25,1.50
2011.08.05 06:05:44.543,1.38143,1.38183,1.50,2.25
2011.08.05 06:05:44.772,1.38139,1.38183,2.25,2.25
2011.08.05 06:05:45.506,1.38142,1.38186,2.25,2.25
2011.08.05 06:05:46.173,1.38145,1.38188,2.25,2.25
2011.08.05 06:05:46.515,1.3815,1.38193,2.25,1.50
2011.08.05 06:05:47.197,1.38155,1.38199,3.75,2.25
2011.08.05 06:05:47.313,1.3816,1.38201,1.50,3.00
2011.08.05 06:05:47.656,1.38156,1.3819,2.25,1.50
2011.08.05 06:05:47.775,1.38153,1.38188,3.00,1.50
2011.08.05 06:05:48.182,1.38153,1.38187,1.50,3.00
2011.08.05 06:05:48.542,1.38138,1.38182,2.25,2.25
2011.08.05 06:05:48.776,1.38148,1.38192,1.50,3.00
2011.08.05 06:05:49.330,1.38153,1.38192,1.50,2.25
2011.08.05 06:05:49.559,1.38148,1.38192,1.50,2.25
2011.08.05 06:05:49.935,1.38144,1.3819,2.25,2.25
2011.08.05 06:05:50.397,1.38144,1.38183,2.25,1.50
2011.08.05 06:05:51.199,1.38152,1.38196,2.25,2.25
2011.08.05 06:05:51.584,1.38153,1.38196,1.50,2.25
2011.08.05 06:05:52.556,1.38154,1.38196,1.50,2.25
2011.08.05 06:05:53.007,1.38154,1.38198,2.25,2.25
2011.08.05 06:05:53.434,1.38154,1.38198,2.25,2.25
2011.08.05 06:05:53.774,1.38154,1.38194,2.25,1.50
2011.08.05 06:05:54.113,1.38152,1.38192,1.50,2.25
2011.08.05 06:05:54.452,1.38142,1.38186,2.25,2.25
2011.08.05 06:05:55.986,1.38146,1.38186,2.10,2.25
2011.08.05 06:05:56.799,1.38146,1.38185,2.10,2.25
2011.08.05 06:05:57.132,1.38141,1.38185,2.25,2.25
2011.08.05 06:05:57.244,1.38141,1.38185,2.25,2.25
2011.08.05 06:05:58.218,1.38154,1.3819,1.50,1.50
2011.08.05 06:05:58.341,1.38154,1.3819,2.25,1.50
2011.08.05 06:05:58.566,1.38149,1.3819,1.50,1.50
2011.08.05 06:05:58.797,1.38151,1.38191,2.25,1.50
2011.08.05 06:05:59.813,1.38151,1.38195,2.25,2.25
2011.08.05 06:06:00.044,1.38154,1.382,2.25,2.25
2011.08.05 06:06:00.384,1.38153,1.38197,2.25,2.25
2011.08.05 06:06:01.276,1.38152,1.38196,1.35,2.25
2011.08.05 06:06:01.950,1.38152,1.38196,1.35,2.25
2011.08.05 06:06:02.397,1.38152,1.38191,1.50,2.25
2011.08.05 06:06:03.088,1.38147,1.38191,3.00,3.00
2011.08.05 06:06:03.706,1.38151,1.38195,1.35,2.25
2011.08.05 06:06:05.654,1.38151,1.38197,2.25,2.25
2011.08.05 06:06:07.295,1.38147,1.38199,1.50,1.50
2011.08.05 06:06:07.636,1.38147,1.38193,1.50,1.50
2011.08.05 06:06:08.414,1.38153,1.382,1.50,2.25
2011.08.05 06:06:08.653,1.3815,1.382,1.50,1.50
2011.08.05 06:06:09.532,1.38152,1.38196,2.25,2.25
2011.08.05 06:06:10.234,1.38151,1.38194,1.50,2.25
2011.08.05 06:06:10.573,1.3815,1.38194,3.00,2.25
2011.08.05 06:06:11.243,1.38153,1.38197,1.50,2.25
2011.08.05 06:06:11.366,1.38149,1.38193,2.25,2.25
2011.08.05 06:06:11.798,1.38149,1.38193,2.25,2.25
2011.08.05 06:06:12.468,1.38149,1.38193,1.50,2.25
2011.08.05 06:06:12.918,1.38153,1.38196,2.25,2.25
2011.08.05 06:06:13.583,1.38153,1.38199,1.50,2.25
2011.08.05 06:06:14.303,1.38151,1.38195,1.50,2.25
2011.08.05 06:06:14.424,1.38148,1.38194,2.25,2.25
2011.08.05 06:06:19.934,1.38153,1.38195,1.50,2.25
2011.08.05 06:06:20.275,1.38155,1.382,2.25,1.50
2011.08.05 06:06:20.392,1.38156,1.382,1.50,1.50
2011.08.05 06:06:20.943,1.38156,1.38201,1.50,2.25
2011.08.05 06:06:21.322,1.38156,1.38201,1.50,2.25
2011.08.05 06:06:21.920,1.38157,1.38203,3.00,3.75
2011.08.05 06:06:22.043,1.38165,1.38207,1.50,2.25
2011.08.05 06:06:22.164,1.38165,1.38207,1.50,2.25
2011.08.05 06:06:23.034,1.38165,1.38207,1.50,2.25
2011.08.05 06:06:26.383,1.38165,1.3821,1.50,2.25
2011.08.05 06:06:26.936,1.38171,1.38214,1.50,1.50
2011.08.05 06:06:27.062,1.38166,1.3821,3.00,2.25
2011.08.05 06:06:27.403,1.38166,1.3821,2.25,2.25
2011.08.05 06:06:27.527,1.38165,1.38208,1.50,2.25
2011.08.05 06:06:27.644,1.38164,1.38206,1.50,2.25
2011.08.05 06:06:27.983,1.38166,1.38206,1.50,2.25
2011.08.05 06:06:28.104,1.38169,1.38213,1.50,2.25
2011.08.05 06:06:30.293,1.38169,1.38212,1.50,3.00
2011.08.05 06:06:30.414,1.38165,1.38209,1.50,2.25
2011.08.05 06:06:30.532,1.38165,1.38209,2.25,2.25
2011.08.05 06:06:31.528,1.38172,1.38211,1.50,1.50
2011.08.05 06:06:31.877,1.3817,1.38213,1.50,1.50
2011.08.05 06:06:31.992,1.38172,1.38218,1.50,2.25
2011.08.05 06:06:32.844,1.38175,1.38219,1.50,2.25
2011.08.05 06:06:33.185,1.38175,1.38219,3.75,2.25
2011.08.05 06:06:33.415,1.38177,1.38219,2.25,2.25
2011.08.05 06:06:34.124,1.38177,1.38218,2.25,2.25
2011.08.05 06:06:34.465,1.38178,1.38222,2.25,2.25
2011.08.05 06:06:34.912,1.38178,1.38222,2.25,2.25
2011.08.05 06:06:35.876,1.38173,1.38219,2.25,2.25
2011.08.05 06:06:39.442,1.38146,1.38186,1.50,2.25
2011.08.05 06:06:39.783,1.38143,1.38189,2.25,3.00
2011.08.05 06:06:40.986,1.38134,1.38176,1.50,1.50
2011.08.05 06:06:41.325,1.38134,1.38174,1.50,1.50
2011.08.05 06:06:41.666,1.38128,1.38174,1.50,1.50
2011.08.05 06:06:41.786,1.38134,1.38175,1.50,1.50
2011.08.05 06:06:42.013,1.38134,1.38182,1.50,1.50
2011.08.05 06:06:42.355,1.38134,1.38182,1.50,1.50
2011.08.05 06:06:42.804,1.38146,1.38189,1.50,1.50
2011.08.05 06:06:43.471,1.38153,1.38198,1.50,2.25
2011.08.05 06:06:46.815,1.38153,1.38195,1.50,2.25
2011.08.05 06:06:47.374,1.38153,1.38197,1.50,2.25
2011.08.05 06:06:47.495,1.38154,1.38197,1.50,2.25
2011.08.05 06:06:50.805,1.38155,1.382,2.25,3.00
2011.08.05 06:06:51.036,1.38158,1.382,1.50,1.50
2011.08.05 06:06:51.155,1.38156,1.382,2.25,3.00
2011.08.05 06:06:51.824,1.38156,1.382,1.50,3.00
2011.08.05 06:06:51.946,1.38153,1.38195,1.50,2.25
2011.08.05 06:06:53.144,1.38149,1.38195,3.00,2.25
2011.08.05 06:06:53.702,1.38149,1.38195,3.00,2.25
2011.08.05 06:06:54.789,1.38149,1.38195,2.25,2.25
2011.08.05 06:06:55.402,1.38149,1.38195,2.25,2.25
2011.08.05 06:06:57.494,1.38149,1.38195,2.25,3.75
2011.08.05 06:06:58.044,1.38148,1.38193,1.50,2.25
2011.08.05 06:06:59.596,1.38136,1.38163,2.25,2.25
2011.08.05 06:06:59.714,1.38136,1.38162,1.50,1.50
2011.08.05 06:06:59.834,1.38123,1.38164,2.25,1.50
2011.08.05 06:06:59.953,1.38123,1.38169,2.25,3.00
2011.08.05 06:07:00.823,1.3812,1.38168,2.25,1.50
2011.08.05 06:07:01.378,1.38118,1.38169,1.50,1.50
2011.08.05 06:07:02.663,1.3812,1.38171,1.35,1.50
2011.08.05 06:07:03.335,1.38145,1.38191,1.50,1.50
2011.08.05 06:07:04.757,1.38146,1.3819,1.50,3.00
2011.08.05 06:07:05.095,1.38143,1.38176,1.50,3.00
2011.08.05 06:07:05.221,1.38135,1.38171,1.35,2.10
2011.08.05 06:07:05.340,1.38134,1.38171,1.50,4.35
2011.08.05 06:07:05.459,1.38129,1.38163,2.25,1.50
2011.08.05 06:07:06.016,1.38117,1.38164,1.50,1.50
2011.08.05 06:07:06.812,1.38125,1.38169,2.25,1.50
2011.08.05 06:07:07.793,1.38123,1.38167,2.25,1.50
2011.08.05 06:07:08.015,1.38125,1.38171,2.25,3.00
2011.08.05 06:07:08.133,1.38125,1.38171,2.25,3.00
2011.08.05 06:07:08.563,1.38133,1.38177,2.25,1.50
2011.08.05 06:07:09.215,1.38129,1.38175,2.25,1.50
2011.08.05 06:07:09.869,1.38134,1.38178,2.25,1.50
2011.08.05 06:07:09.987,1.38134,1.38178,2.25,1.50
2011.08.05 06:07:10.693,1.38136,1.38178,2.25,1.50
2011.08.05 06:07:10.805,1.38138,1.38182,2.25,1.50
2011.08.05 06:07:11.903,1.38138,1.38181,2.25,1.50
2011.08.05 06:07:12.134,1.38132,1.38178,2.25,3.00
2011.08.05 06:07:12.253,1.38132,1.38178,2.25,3.00
2011.08.05 06:07:13.295,1.38131,1.38172,2.25,2.25
2011.08.05 06:07:13.852,1.38131,1.38168,2.25,1.50
2011.08.05 06:07:13.968,1.38131,1.38176,2.25,1.50
2011.08.05 06:07:14.184,1.38131,1.38177,2.25,3.00
2011.08.05 06:07:15.055,1.38126,1.38172,2.25,2.25
2011.08.05 06:07:15.393,1.38126,1.38167,2.25,2.25
2011.08.05 06:07:15.513,1.38126,1.38166,2.25,2.25
2011.08.05 06:07:18.696,1.3814,1.38183,2.25,1.50
2011.08.05 06:07:18.820,1.38141,1.38187,2.25,3.00
2011.08.05 06:07:18.938,1.38148,1.38192,2.25,2.25
2011.08.05 06:07:19.423,1.38153,1.38196,2.25,2.25
2011.08.05 06:07:19.771,1.38143,1.3818,1.50,2.25
2011.08.05 06:07:19.886,1.38149,1.38184,2.25,1.50
2011.08.05 06:07:20.005,1.3815,1.38186,2.25,1.50
2011.08.05 06:07:20.127,1.3815,1.38191,2.25,1.50
2011.08.05 06:07:20.246,1.38151,1.38191,2.25,1.50
2011.08.05 06:07:20.365,1.38151,1.38194,2.25,1.50
2011.08.05 06:07:20.592,1.38154,1.38192,2.25,1.50
2011.08.05 06:07:21.094,1.38149,1.38193,3.75,2.25
2011.08.05 06:07:21.433,1.38147,1.38192,2.25,1.50
2011.08.05 06:07:21.773,1.38143,1.38182,1.50,3.00
2011.08.05 06:07:22.446,1.38154,1.38192,1.50,2.25
2011.08.05 06:07:23.000,1.38145,1.38191,2.25,2.25
2011.08.05 06:07:24.515,1.38145,1.3819,2.25,1.50
2011.08.05 06:07:24.639,1.38143,1.38181,1.50,1.50
2011.08.05 06:07:24.868,1.38143,1.38186,1.50,2.25
2011.08.05 06:07:24.991,1.38143,1.38186,1.50,3.00
2011.08.05 06:07:25.108,1.38143,1.38181,1.50,1.50
2011.08.05 06:07:25.554,1.38144,1.38181,1.50,2.25
2011.08.05 06:07:25.787,1.38144,1.38179,1.50,1.50
2011.08.05 06:07:26.123,1.38143,1.38173,1.50,1.50
2011.08.05 06:07:26.903,1.38138,1.38182,1.50,2.25
2011.08.05 06:07:27.029,1.38143,1.38184,3.00,2.25
2011.08.05 06:07:27.144,1.38143,1.38184,3.00,1.50
2011.08.05 06:07:27.804,1.38144,1.38185,1.50,1.50
2011.08.05 06:07:28.253,1.38143,1.38185,1.50,3.00
2011.08.05 06:07:28.787,1.38143,1.38178,1.50,1.50
2011.08.05 06:07:32.143,1.38134,1.38177,3.00,1.50
2011.08.05 06:07:32.589,1.38133,1.38174,2.25,3.00
2011.08.05 06:07:32.713,1.38134,1.3817,1.50,1.50
2011.08.05 06:07:33.404,1.38134,1.3817,1.50,1.50
2011.08.05 06:07:33.747,1.38134,1.38164,1.50,1.50
2011.08.05 06:07:33.867,1.38124,1.38164,1.50,1.50
2011.08.05 06:07:34.095,1.38138,1.3817,1.35,2.25
2011.08.05 06:07:34.216,1.3814,1.38179,1.50,2.25
2011.08.05 06:07:34.334,1.3814,1.38184,1.50,1.35
2011.08.05 06:07:34.455,1.38139,1.38184,3.00,1.35
2011.08.05 06:07:34.684,1.38138,1.38182,2.25,2.25
2011.08.05 06:07:35.136,1.38138,1.38182,2.25,4.50
2011.08.05 06:07:35.737,1.3813,1.38174,2.25,2.25
2011.08.05 06:07:36.445,1.38127,1.38171,2.85,3.75
2011.08.05 06:07:36.788,1.38124,1.38168,2.25,3.00
2011.08.05 06:07:40.526,1.38124,1.38168,3.00,2.25
2011.08.05 06:07:40.753,1.38128,1.38172,2.25,2.25
2011.08.05 06:07:40.867,1.38128,1.38172,2.25,1.50
2011.08.05 06:07:41.094,1.38124,1.3818,1.50,2.25
2011.08.05 06:07:41.655,1.38124,1.3818,1.50,1.50
2011.08.05 06:07:44.099,1.38124,1.3817,1.50,2.25
2011.08.05 06:07:44.326,1.38123,1.38169,1.50,1.50
2011.08.05 06:07:44.946,1.38124,1.38171,1.50,1.50
2011.08.05 06:07:45.173,1.38124,1.38163,1.50,1.50
2011.08.05 06:07:45.297,1.38124,1.38163,3.00,1.50
2011.08.05 06:07:45.413,1.38125,1.3817,1.50,2.25
2011.08.05 06:07:45.533,1.38124,1.3817,2.25,2.25
2011.08.05 06:07:46.092,1.38124,1.3817,2.25,2.25
2011.08.05 06:07:47.242,1.38124,1.3817,2.25,2.25
2011.08.05 06:07:47.574,1.38122,1.38168,2.25,2.25
2011.08.05 06:07:48.489,1.38137,1.38171,1.50,1.50
2011.08.05 06:07:48.944,1.38137,1.38174,1.50,1.50
2011.08.05 06:07:49.072,1.38138,1.38183,1.50,1.50
2011.08.05 06:07:49.784,1.38138,1.3818,1.50,1.50
2011.08.05 06:07:50.013,1.38136,1.3818,3.00,2.25
2011.08.05 06:07:51.145,1.38141,1.38182,1.50,2.25
2011.08.05 06:07:51.374,1.38143,1.38188,1.50,2.25
2011.08.05 06:07:51.999,1.38142,1.38185,1.50,1.50
2011.08.05 06:07:52.554,1.38143,1.38183,1.50,1.50
2011.08.05 06:07:53.485,1.38137,1.3818,1.50,1.50
2011.08.05 06:07:53.715,1.38133,1.38177,2.25,2.25
2011.08.05 06:07:54.272,1.38134,1.38176,1.50,2.25
2011.08.05 06:07:54.874,1.38133,1.38176,1.50,2.25
2011.08.05 06:07:55.255,1.38134,1.38178,2.25,2.25
2011.08.05 06:07:55.746,1.38135,1.38178,2.25,3.00
2011.08.05 06:07:55.865,1.38138,1.38182,2.25,2.25
2011.08.05 06:07:56.206,1.3814,1.38184,2.25,2.25
2011.08.05 06:07:56.323,1.3814,1.38184,2.25,2.25
2011.08.05 06:07:57.524,1.38133,1.38177,4.50,1.50
2011.08.05 06:07:57.974,1.38131,1.38174,2.25,1.50
2011.08.05 06:07:58.095,1.38132,1.38176,2.25,2.25
2011.08.05 06:07:58.325,1.38136,1.3818,2.25,2.25
2011.08.05 06:07:58.553,1.38134,1.38178,2.25,1.50
2011.08.05 06:07:59.173,1.38136,1.3818,2.25,2.25
2011.08.05 06:07:59.517,1.38136,1.3818,2.25,1.50
2011.08.05 06:07:59.854,1.38136,1.3818,2.25,2.25
2011.08.05 06:08:00.193,1.38136,1.3818,2.25,2.25
2011.08.05 06:08:00.525,1.38135,1.38179,1.50,1.50
2011.08.05 06:08:00.760,1.38137,1.38175,1.50,1.50
2011.08.05 06:08:00.881,1.38138,1.38172,1.50,1.50
2011.08.05 06:08:00.995,1.3814,1.38184,3.00,2.25
2011.08.05 06:08:01.564,1.38136,1.38182,2.25,3.00
2011.08.05 06:08:02.416,1.38138,1.38181,2.25,2.25
2011.08.05 06:08:03.283,1.38138,1.38181,2.25,1.50
2011.08.05 06:08:03.515,1.38129,1.38173,2.25,1.50
2011.08.05 06:08:03.749,1.38127,1.38171,2.25,2.25
2011.08.05 06:08:03.978,1.38124,1.3817,3.00,3.00
2011.08.05 06:08:04.536,1.38124,1.3817,1.50,1.50
2011.08.05 06:08:04.655,1.38127,1.38173,1.50,1.50
2011.08.05 06:08:05.585,1.38124,1.3817,1.50,1.50
2011.08.05 06:08:06.304,1.38124,1.3817,1.50,1.50
2011.08.05 06:08:06.537,1.38121,1.38165,1.50,3.00
2011.08.05 06:08:07.422,1.38122,1.38165,1.50,2.25
2011.08.05 06:08:08.156,1.38121,1.38162,1.50,1.50
2011.08.05 06:08:08.715,1.38119,1.38162,1.50,1.50
2011.08.05 06:08:09.746,1.38124,1.38162,1.50,3.00
2011.08.05 06:08:09.865,1.38116,1.38157,1.50,2.25
2011.08.05 06:08:10.094,1.38117,1.38158,1.50,1.50
2011.08.05 06:08:10.433,1.38123,1.38158,1.50,1.50
2011.08.05 06:08:10.774,1.38126,1.38158,1.50,1.50
2011.08.05 06:08:10.897,1.38126,1.38163,1.50,1.50
2011.08.05 06:08:11.017,1.38126,1.38166,1.50,1.50
2011.08.05 06:08:11.357,1.38128,1.38173,1.50,2.25
2011.08.05 06:08:11.476,1.38129,1.38173,1.50,2.25
2011.08.05 06:08:12.107,1.38127,1.38164,1.50,1.50
2011.08.05 06:08:12.228,1.3812,1.38165,2.25,1.50
2011.08.05 06:08:13.368,1.38136,1.38177,1.50,2.25
2011.08.05 06:08:13.594,1.38129,1.38174,2.25,1.50
2011.08.05 06:08:13.828,1.38127,1.38168,2.25,1.50
2011.08.05 06:08:14.164,1.38121,1.38164,1.50,2.25
2011.08.05 06:08:14.288,1.3812,1.38163,2.25,1.50
2011.08.05 06:08:14.623,1.38117,1.38163,3.00,2.25
2011.08.05 06:08:14.996,1.38117,1.38161,3.00,1.50
2011.08.05 06:08:15.123,1.38124,1.38168,2.25,2.25
2011.08.05 06:08:15.468,1.38123,1.38165,3.00,1.50
2011.08.05 06:08:15.588,1.38123,1.38162,1.50,1.50
2011.08.05 06:08:15.815,1.38124,1.38161,1.50,3.00
2011.08.05 06:08:16.262,1.38116,1.38161,2.25,1.50
2011.08.05 06:08:17.544,1.3812,1.38162,2.25,1.50
2011.08.05 06:08:17.775,1.38124,1.38165,3.00,1.50
2011.08.05 06:08:18.003,1.38124,1.38169,2.25,1.50
2011.08.05 06:08:18.597,1.38133,1.38177,2.25,3.00
2011.08.05 06:08:20.293,1.38133,1.38176,2.25,1.50
2011.08.05 06:08:21.236,1.38133,1.38176,2.25,1.50
2011.08.05 06:08:22.099,1.38137,1.38179,2.25,1.50
2011.08.05 06:08:22.324,1.38139,1.38176,1.50,2.85
2011.08.05 06:08:22.886,1.38135,1.38176,1.50,2.25
2011.08.05 06:08:24.024,1.38136,1.38179,2.25,3.00
2011.08.05 06:08:24.143,1.38136,1.38179,2.25,1.50
2011.08.05 06:08:24.253,1.38136,1.38179,2.25,2.25
2011.08.05 06:08:24.986,1.38134,1.38176,1.50,1.50
2011.08.05 06:08:25.108,1.38136,1.38177,2.25,1.50
2011.08.05 06:08:25.334,1.38137,1.3818,1.50,2.25
2011.08.05 06:08:25.564,1.38137,1.38181,3.00,1.35
2011.08.05 06:08:26.453,1.38137,1.38181,2.25,1.35
2011.08.05 06:08:27.016,1.38139,1.38181,2.25,1.35
2011.08.05 06:08:28.283,1.38144,1.38182,3.00,1.35
2011.08.05 06:08:28.397,1.38144,1.3818,2.25,1.50
2011.08.05 06:08:28.628,1.38138,1.3818,1.50,2.25
2011.08.05 06:08:29.997,1.38143,1.38183,2.25,1.50
2011.08.05 06:08:30.225,1.38143,1.38187,3.75,2.25
2011.08.05 06:08:30.453,1.38144,1.38184,1.35,2.25
2011.08.05 06:08:30.967,1.38145,1.38182,1.50,2.25
2011.08.05 06:08:31.094,1.38134,1.38175,1.50,1.50
2011.08.05 06:08:31.437,1.38136,1.38181,2.25,1.50
2011.08.05 06:08:31.556,1.38136,1.38181,2.25,1.50
2011.08.05 06:08:34.246,1.38147,1.38187,1.50,1.50
2011.08.05 06:08:34.364,1.38147,1.38192,2.25,1.50
2011.08.05 06:08:34.485,1.3815,1.38194,3.00,1.50
2011.08.05 06:08:34.604,1.3815,1.38196,2.25,2.25
2011.08.05 06:08:34.833,1.38149,1.38193,2.25,1.50
2011.08.05 06:08:35.173,1.38144,1.3818,1.50,1.50
2011.08.05 06:08:35.504,1.38143,1.38184,1.50,2.25
2011.08.05 06:08:35.733,1.38144,1.38184,1.50,2.25
2011.08.05 06:08:36.297,1.38137,1.38179,2.25,2.25
2011.08.05 06:08:36.524,1.38134,1.38176,1.50,1.50
2011.08.05 06:08:37.008,1.38136,1.3818,2.25,1.50
2011.08.05 06:08:37.345,1.38137,1.38182,1.50,3.00
2011.08.05 06:08:37.774,1.38137,1.38179,1.50,1.50
2011.08.05 06:08:38.003,1.38144,1.38182,1.50,2.25
2011.08.05 06:08:38.349,1.38145,1.38185,2.25,1.50
2011.08.05 06:08:38.465,1.38145,1.38188,2.25,2.25
2011.08.05 06:08:38.806,1.38146,1.38187,3.00,3.00
2011.08.05 06:08:39.035,1.38149,1.38193,3.00,3.00
2011.08.05 06:08:39.375,1.38149,1.38191,2.25,1.50
2011.08.05 06:08:42.295,1.38147,1.38189,1.50,1.50
2011.08.05 06:08:42.634,1.38146,1.38189,2.25,2.85
2011.08.05 06:08:42.974,1.38143,1.38184,1.50,1.50
2011.08.05 06:08:43.208,1.3815,1.38192,1.50,1.50
2011.08.05 06:08:43.325,1.3815,1.38194,3.00,2.25
2011.08.05 06:08:43.445,1.38151,1.38194,1.50,2.25
2011.08.05 06:08:43.913,1.38153,1.38194,1.50,1.50
2011.08.05 06:08:44.144,1.3815,1.38184,2.25,1.50
2011.08.05 06:08:44.268,1.38144,1.38179,3.00,1.50
2011.08.05 06:08:44.389,1.38143,1.38177,1.50,2.25
2011.08.05 06:08:45.052,1.38139,1.38176,1.50,2.25
2011.08.05 06:08:45.384,1.3814,1.38183,2.25,2.25
2011.08.05 06:08:45.504,1.38141,1.38187,2.25,3.75
2011.08.05 06:08:45.733,1.38141,1.38187,2.25,3.00
2011.08.05 06:08:46.332,1.38141,1.38187,2.25,3.00
2011.08.05 06:08:47.175,1.38146,1.38191,2.25,2.25
2011.08.05 06:08:47.515,1.38151,1.38191,1.50,1.50
2011.08.05 06:08:47.745,1.38152,1.38195,2.25,1.50
2011.08.05 06:08:49.034,1.38154,1.38193,3.00,1.50
2011.08.05 06:08:49.157,1.38147,1.3819,3.00,1.50
2011.08.05 06:08:50.044,1.38144,1.38188,2.25,2.25
2011.08.05 06:08:51.954,1.38143,1.38181,1.50,2.25
2011.08.05 06:08:52.076,1.38139,1.38169,1.50,2.25
2011.08.05 06:08:52.305,1.38137,1.38181,2.25,2.25
2011.08.05 06:08:52.643,1.3814,1.38184,2.25,2.25
2011.08.05 06:08:53.093,1.38142,1.38186,2.25,2.25
2011.08.05 06:08:55.294,1.38139,1.3817,2.25,1.50
2011.08.05 06:08:55.528,1.38134,1.3817,1.50,1.50
2011.08.05 06:08:55.648,1.38139,1.38175,2.25,1.50
2011.08.05 06:08:55.989,1.38141,1.38187,2.25,2.25
2011.08.05 06:08:56.615,1.38145,1.38188,2.25,2.25
2011.08.05 06:08:56.845,1.38146,1.38191,1.50,2.25
2011.08.05 06:08:57.756,1.38152,1.38193,1.50,2.25
2011.08.05 06:08:58.219,1.3815,1.38188,1.50,1.50
2011.08.05 06:08:58.445,1.38144,1.38186,2.25,1.50
2011.08.05 06:08:58.786,1.38136,1.38181,2.25,2.25
2011.08.05 06:08:59.017,1.38134,1.38177,1.50,1.50
2011.08.05 06:08:59.946,1.38134,1.38175,1.50,1.50
2011.08.05 06:09:00.284,1.3813,1.38173,1.50,1.50
2011.08.05 06:09:01.041,1.38134,1.38173,1.50,1.50
2011.08.05 06:09:01.162,1.38134,1.38177,3.00,1.50
2011.08.05 06:09:01.718,1.38133,1.38177,3.75,1.50
2011.08.05 06:09:01.948,1.38133,1.38175,1.50,2.25
2011.08.05 06:09:02.068,1.38133,1.38176,1.50,2.25
2011.08.05 06:09:02.513,1.38135,1.38177,1.50,2.25
2011.08.05 06:09:02.965,1.38142,1.38184,1.50,3.00
2011.08.05 06:09:03.954,1.38147,1.38191,2.25,1.50
2011.08.05 06:09:04.407,1.38145,1.3819,3.00,1.50
2011.08.05 06:09:04.525,1.38143,1.38186,3.00,1.50
2011.08.05 06:09:04.867,1.38144,1.38183,1.50,1.50
2011.08.05 06:09:05.533,1.38144,1.38186,1.50,1.50
2011.08.05 06:09:06.424,1.38141,1.38186,2.25,1.50
2011.08.05 06:09:06.542,1.38141,1.38186,2.25,1.50
2011.08.05 06:09:06.877,1.38154,1.38194,1.50,3.00
2011.08.05 06:09:08.035,1.38155,1.38197,2.25,1.50
2011.08.05 06:09:09.803,1.38151,1.38188,2.25,1.50
2011.08.05 06:09:10.148,1.38144,1.38177,1.50,1.50
2011.08.05 06:09:10.485,1.38134,1.38177,3.00,4.50
2011.08.05 06:09:12.035,1.38132,1.38174,1.50,2.25
2011.08.05 06:09:12.373,1.38142,1.38184,1.50,3.00
2011.08.05 06:09:12.606,1.38143,1.38186,2.25,1.50
2011.08.05 06:09:13.386,1.38155,1.3819,1.50,2.25
2011.08.05 06:09:13.504,1.38155,1.3819,1.50,1.50
2011.08.05 06:09:13.625,1.38156,1.382,2.25,2.25
2011.08.05 06:09:13.964,1.38156,1.382,3.75,2.25
2011.08.05 06:09:14.799,1.38151,1.38184,2.25,3.00
2011.08.05 06:09:15.161,1.38144,1.38188,2.25,2.25
2011.08.05 06:09:15.498,1.38142,1.38184,1.50,2.25
2011.08.05 06:09:15.833,1.38141,1.38186,2.25,1.50
2011.08.05 06:09:15.953,1.38142,1.38187,1.50,1.50
2011.08.05 06:09:16.297,1.38145,1.38187,2.25,1.50
2011.08.05 06:09:17.536,1.38152,1.38196,2.25,2.25
2011.08.05 06:09:18.095,1.38145,1.38191,2.25,2.25
2011.08.05 06:09:18.434,1.38144,1.38187,1.50,2.25
2011.08.05 06:09:18.994,1.38144,1.38186,1.50,2.25
2011.08.05 06:09:19.335,1.38143,1.38186,1.50,2.25
2011.08.05 06:09:20.078,1.38148,1.38194,2.25,2.25
2011.08.05 06:09:20.306,1.38146,1.38186,2.25,1.50
2011.08.05 06:09:20.649,1.38144,1.38186,1.50,3.00
2011.08.05 06:09:21.044,1.3814,1.38184,2.25,2.25
2011.08.05 06:09:21.597,1.38151,1.38197,2.25,2.25
2011.08.05 06:09:21.825,1.3815,1.38194,2.25,2.25
2011.08.05 06:09:22.056,1.38148,1.38188,2.10,2.25
2011.08.05 06:09:22.396,1.38154,1.38191,1.35,1.50
2011.08.05 06:09:22.737,1.38157,1.38198,2.25,1.50
2011.08.05 06:09:24.556,1.38152,1.38196,2.25,2.25
2011.08.05 06:09:25.119,1.3815,1.38196,2.25,2.25
2011.08.05 06:09:25.453,1.3815,1.38196,2.25,2.25
2011.08.05 06:09:25.796,1.38156,1.38199,2.25,2.25
2011.08.05 06:09:26.682,1.38156,1.38198,2.25,1.50
2011.08.05 06:09:26.792,1.38137,1.38181,2.25,3.00
2011.08.05 06:09:27.247,1.38142,1.38182,2.25,2.25
2011.08.05 06:09:27.477,1.38144,1.38186,2.25,3.00
2011.08.05 06:09:27.794,1.38144,1.38186,1.50,3.00
2011.08.05 06:09:28.355,1.38145,1.38186,1.50,2.25
2011.08.05 06:09:28.853,1.38145,1.38186,1.50,2.25
2011.08.05 06:09:29.082,1.38144,1.38186,1.50,2.25
2011.08.05 06:09:29.528,1.38144,1.38182,1.50,2.25
2011.08.05 06:09:30.404,1.38138,1.38178,1.50,2.25
2011.08.05 06:09:31.188,1.38137,1.38177,1.50,1.50
2011.08.05 06:09:31.526,1.38146,1.38192,3.00,2.25
2011.08.05 06:09:31.646,1.38157,1.38197,2.25,1.50
2011.08.05 06:09:32.215,1.38146,1.38188,2.25,1.50
2011.08.05 06:09:32.714,1.38146,1.38186,2.25,1.50
2011.08.05 06:09:33.057,1.38144,1.38183,2.25,1.50
2011.08.05 06:09:33.176,1.38144,1.38179,2.25,1.50
2011.08.05 06:09:33.735,1.38133,1.38174,1.50,3.00
2011.08.05 06:09:34.075,1.38134,1.38168,1.50,1.50
2011.08.05 06:09:34.194,1.38133,1.38168,1.50,2.25
2011.08.05 06:09:34.424,1.38134,1.38171,1.50,1.50
2011.08.05 06:09:34.656,1.38134,1.38169,1.50,2.25
2011.08.05 06:09:35.094,1.38129,1.38172,1.35,1.50
2011.08.05 06:09:35.219,1.38139,1.38183,2.25,2.25
2011.08.05 06:09:35.448,1.38137,1.38179,2.25,1.50
2011.08.05 06:09:35.787,1.38132,1.38166,1.50,1.50
2011.08.05 06:09:36.018,1.38124,1.38164,1.50,1.50
2011.08.05 06:09:36.248,1.38133,1.38164,2.25,1.50
2011.08.05 06:09:36.589,1.38121,1.38152,2.10,1.50
2011.08.05 06:09:36.708,1.3812,1.38152,1.50,1.50
2011.08.05 06:09:37.715,1.38115,1.38153,1.50,2.25
2011.08.05 06:09:38.094,1.38111,1.38152,1.50,2.25
2011.08.05 06:09:39.095,1.38115,1.38159,2.25,2.25
2011.08.05 06:09:39.215,1.38115,1.38159,2.25,3.75
2011.08.05 06:09:40.206,1.38111,1.38156,2.25,1.50
2011.08.05 06:09:40.677,1.38106,1.38149,3.00,1.50
2011.08.05 06:09:40.795,1.38108,1.38152,2.25,3.00
2011.08.05 06:09:40.919,1.38108,1.38152,2.25,3.00
2011.08.05 06:09:41.423,1.38102,1.38146,2.25,1.50
2011.08.05 06:09:41.765,1.38105,1.38146,2.25,1.50
2011.08.05 06:09:41.887,1.3811,1.3815,1.50,1.50
2011.08.05 06:09:42.114,1.38109,1.38147,2.25,1.50
2011.08.05 06:09:42.346,1.38098,1.38142,1.35,2.25
2011.08.05 06:09:42.464,1.38099,1.38143,2.25,2.25
2011.08.05 06:09:42.584,1.38099,1.3814,2.25,1.50
2011.08.05 06:09:42.929,1.38099,1.38141,1.50,2.25
2011.08.05 06:09:43.044,1.38103,1.38143,1.50,1.50
2011.08.05 06:09:44.043,1.38113,1.38157,2.25,2.25
2011.08.05 06:09:44.486,1.38114,1.38154,1.50,2.25
2011.08.05 06:09:45.824,1.3811,1.38152,1.50,2.25
2011.08.05 06:09:46.389,1.38106,1.38148,2.25,1.50
2011.08.05 06:09:47.026,1.38104,1.38148,2.25,1.50
2011.08.05 06:09:47.256,1.38111,1.38149,1.50,2.25
2011.08.05 06:09:47.595,1.38114,1.38155,1.50,2.25
2011.08.05 06:09:47.933,1.38114,1.38158,2.25,2.25
2011.08.05 06:09:48.269,1.38114,1.38155,1.50,1.50
2011.08.05 06:09:48.497,1.38108,1.38146,1.50,1.35
2011.08.05 06:09:48.838,1.38098,1.38143,3.00,1.50
2011.08.05 06:09:48.958,1.38099,1.38144,1.50,2.25
2011.08.05 06:09:49.076,1.38104,1.38148,2.25,1.50
2011.08.05 06:09:49.525,1.38107,1.38149,2.25,1.50
2011.08.05 06:09:50.082,1.38111,1.38153,2.25,1.50
2011.08.05 06:09:50.310,1.381,1.38144,2.25,2.25
2011.08.05 06:09:51.303,1.38102,1.38146,2.25,1.50
2011.08.05 06:09:52.184,1.38099,1.38145,2.25,1.50
2011.08.05 06:09:52.742,1.38103,1.38147,2.25,2.25
2011.08.05 06:09:53.076,1.38105,1.38149,2.25,2.25
2011.08.05 06:09:53.304,1.38104,1.38147,1.50,2.25
2011.08.05 06:09:53.754,1.38104,1.38147,1.50,2.25
2011.08.05 06:09:54.209,1.38105,1.38139,2.25,1.50
2011.08.05 06:09:54.327,1.38103,1.38137,1.50,1.50
2011.08.05 06:09:54.664,1.38103,1.38145,1.50,3.00
2011.08.05 06:09:54.894,1.38099,1.38145,2.25,2.25
2011.08.05 06:09:55.018,1.38098,1.38142,3.75,2.25
2011.08.05 06:09:55.356,1.38098,1.3814,2.25,1.50
2011.08.05 06:09:57.193,1.38098,1.3814,2.25,1.50
2011.08.05 06:09:57.537,1.3809,1.38133,2.25,1.50
2011.08.05 06:09:57.654,1.38088,1.38131,2.25,1.50
2011.08.05 06:09:58.104,1.38089,1.38135,2.25,2.25
2011.08.05 06:09:58.447,1.38094,1.38135,1.50,3.00
2011.08.05 06:09:58.675,1.3809,1.38135,1.50,2.25
2011.08.05 06:09:58.794,1.38089,1.38135,4.50,1.50
2011.08.05 06:09:58.916,1.38091,1.38135,2.25,1.50
2011.08.05 06:09:59.033,1.38093,1.38137,2.25,2.25
2011.08.05 06:09:59.363,1.38093,1.38137,2.25,2.25
2011.08.05 06:09:59.804,1.38093,1.38137,2.25,2.25
2011.08.05 06:10:00.240,1.38086,1.3813,2.25,1.50
2011.08.05 06:10:00.357,1.38086,1.38132,2.25,1.50
2011.08.05 06:10:00.698,1.38085,1.38127,1.35,1.50
2011.08.05 06:10:00.818,1.38093,1.38137,2.25,1.50
2011.08.05 06:10:01.266,1.38097,1.38141,2.25,3.00
2011.08.05 06:10:02.156,1.38097,1.38141,2.25,2.25
2011.08.05 06:10:02.412,1.38097,1.38141,2.25,2.25
2011.08.05 06:10:02.743,1.38095,1.38139,2.25,3.00
2011.08.05 06:10:03.315,1.38087,1.38133,3.00,3.00
2011.08.05 06:10:03.770,1.38091,1.38133,2.25,1.50
2011.08.05 06:10:04.103,1.38092,1.38136,2.25,1.50
2011.08.05 06:10:04.723,1.38092,1.38138,2.25,3.00
2011.08.05 06:10:06.106,1.38092,1.38138,2.25,3.00
2011.08.05 06:10:06.710,1.3809,1.38133,2.25,1.50
2011.08.05 06:10:07.938,1.38094,1.38134,1.50,2.25
2011.08.05 06:10:08.278,1.3809,1.38116,2.25,1.50
2011.08.05 06:10:08.397,1.38076,1.38115,2.25,1.50
2011.08.05 06:10:08.733,1.38073,1.38114,1.50,1.50
2011.08.05 06:10:08.993,1.38074,1.38116,2.25,2.25
2011.08.05 06:10:09.418,1.38081,1.38127,2.25,2.25
2011.08.05 06:10:09.534,1.38081,1.38127,2.25,2.25
2011.08.05 06:10:10.095,1.38081,1.38122,2.25,1.50
2011.08.05 06:10:10.433,1.38079,1.38122,2.25,1.50
2011.08.05 06:10:11.405,1.38081,1.38123,2.25,1.50
2011.08.05 06:10:11.524,1.38083,1.38129,2.25,3.00
2011.08.05 06:10:11.865,1.38086,1.38129,2.25,2.25
2011.08.05 06:10:12.624,1.38085,1.38128,2.25,1.50
2011.08.05 06:10:12.964,1.38093,1.38136,2.25,1.50
2011.08.05 06:10:13.087,1.3809,1.38136,2.25,3.00
2011.08.05 06:10:13.315,1.3809,1.38136,2.25,3.00
2011.08.05 06:10:13.982,1.3809,1.38136,2.25,3.00
2011.08.05 06:10:14.375,1.38087,1.38133,2.25,2.25
2011.08.05 06:10:14.606,1.38082,1.38125,1.50,2.25
2011.08.05 06:10:14.838,1.38085,1.3813,2.25,1.50
2011.08.05 06:10:15.301,1.38081,1.38125,2.25,2.25
2011.08.05 06:10:15.745,1.38094,1.38132,2.25,2.25
2011.08.05 06:10:16.303,1.38086,1.3813,2.25,2.25
2011.08.05 06:10:17.707,1.38091,1.38134,1.50,2.25
2011.08.05 06:10:18.045,1.38099,1.38134,3.75,2.25
2011.08.05 06:10:18.169,1.381,1.38144,2.25,1.50
2011.08.05 06:10:18.651,1.38097,1.38143,2.25,2.25
2011.08.05 06:10:19.834,1.38097,1.38143,2.25,2.25
2011.08.05 06:10:20.395,1.38097,1.38143,2.25,2.25
2011.08.05 06:10:20.736,1.38102,1.38141,2.25,1.50
2011.08.05 06:10:21.076,1.38094,1.38135,1.35,1.50
2011.08.05 06:10:21.571,1.38094,1.38135,1.50,1.50
2011.08.05 06:10:21.695,1.38085,1.3813,1.50,2.25
2011.08.05 06:10:21.813,1.38085,1.3813,1.50,2.25
2011.08.05 06:10:22.593,1.38094,1.38132,1.50,3.00
2011.08.05 06:10:22.987,1.38094,1.38132,1.50,2.25
2011.08.05 06:10:23.221,1.38095,1.38132,2.25,1.50
2011.08.05 06:10:23.556,1.38094,1.38131,1.50,1.50
2011.08.05 06:10:24.006,1.38094,1.38126,1.50,2.25
2011.08.05 06:10:24.615,1.38085,1.38124,2.25,1.50
2011.08.05 06:10:24.730,1.3808,1.38119,2.25,1.50
2011.08.05 06:10:25.064,1.38084,1.38128,3.00,3.00
2011.08.05 06:10:25.292,1.38084,1.38128,3.00,3.00
2011.08.05 06:10:26.293,1.38087,1.38129,2.25,1.50
2011.08.05 06:10:26.856,1.38083,1.38124,3.00,1.50
2011.08.05 06:10:27.409,1.38083,1.3812,1.50,2.25
2011.08.05 06:10:27.744,1.38088,1.38132,3.00,3.75
2011.08.05 06:10:28.085,1.38091,1.38134,3.00,1.50
2011.08.05 06:10:28.314,1.3809,1.38134,4.50,3.00
2011.08.05 06:10:28.437,1.38094,1.38129,1.50,2.25
2011.08.05 06:10:28.775,1.38084,1.38123,2.25,3.00
2011.08.05 06:10:30.295,1.38082,1.38121,2.25,1.50
2011.08.05 06:10:30.746,1.38085,1.38128,2.25,1.50
2011.08.05 06:10:30.975,1.38089,1.38128,2.25,1.50
2011.08.05 06:10:31.319,1.38089,1.38129,2.25,1.50
2011.08.05 06:10:31.656,1.38089,1.3813,2.25,1.50
2011.08.05 06:10:31.994,1.38086,1.3813,2.25,3.00
2011.08.05 06:10:32.568,1.38086,1.3813,2.25,2.25
2011.08.05 06:10:32.925,1.38089,1.38131,2.25,1.50
2011.08.05 06:10:33.276,1.38086,1.3813,2.25,2.25
2011.08.05 06:10:33.617,1.38085,1.38131,3.00,3.00
2011.08.05 06:10:33.846,1.3809,1.3813,2.25,1.50
2011.08.05 06:10:34.076,1.38086,1.3813,3.00,1.50
2011.08.05 06:10:34.848,1.3809,1.38132,1.50,1.50
2011.08.05 06:10:35.321,1.38095,1.38141,2.25,2.25
2011.08.05 06:10:35.434,1.38095,1.38141,2.25,2.25
2011.08.05 06:10:35.778,1.38094,1.38134,2.25,1.50
2011.08.05 06:10:36.115,1.38093,1.38129,1.50,2.25
2011.08.05 06:10:36.234,1.38085,1.38129,3.00,3.00
2011.08.05 06:10:36.360,1.38085,1.38127,2.25,1.50
2011.08.05 06:10:36.697,1.38081,1.38127,2.25,3.00
2011.08.05 06:10:37.097,1.38081,1.38121,2.25,1.50
2011.08.05 06:10:37.622,1.38077,1.38121,2.25,3.00
2011.08.05 06:10:37.759,1.38077,1.38121,2.25,2.25
2011.08.05 06:10:38.203,1.38079,1.38122,2.25,1.50
2011.08.05 06:10:38.537,1.38075,1.38119,2.25,3.00
2011.08.05 06:10:39.095,1.38077,1.38119,2.25,1.50
2011.08.05 06:10:39.518,1.38079,1.38121,2.25,1.50
2011.08.05 06:10:40.776,1.38079,1.38119,1.50,2.25
2011.08.05 06:10:41.310,1.38079,1.38119,1.50,1.50
2011.08.05 06:10:41.426,1.38079,1.38122,1.50,1.50
2011.08.05 06:10:41.933,1.38079,1.38122,1.50,2.25
2011.08.05 06:10:42.045,1.38079,1.38118,1.50,1.50
2011.08.05 06:10:42.383,1.3808,1.38122,1.50,2.25
2011.08.05 06:10:42.728,1.38094,1.3813,1.50,3.00
2011.08.05 06:10:42.850,1.38096,1.38131,1.50,1.35
2011.08.05 06:10:42.968,1.38095,1.3813,1.50,1.50
2011.08.05 06:10:43.084,1.38087,1.38126,2.25,1.50
2011.08.05 06:10:43.801,1.38084,1.38128,3.00,2.25
2011.08.05 06:10:44.147,1.38083,1.38115,1.50,1.50
2011.08.05 06:10:44.706,1.38075,1.38116,2.25,1.50
2011.08.05 06:10:45.043,1.38075,1.38118,2.25,2.25
2011.08.05 06:10:45.386,1.38071,1.38113,1.50,1.50
2011.08.05 06:10:45.724,1.38074,1.38117,1.50,2.25
2011.08.05 06:10:45.954,1.38074,1.38118,2.25,1.50
2011.08.05 06:10:46.723,1.38076,1.38118,2.25,1.50
2011.08.05 06:10:48.478,1.38078,1.38118,1.50,2.25
2011.08.05 06:10:48.598,1.38078,1.38118,1.50,2.25
2011.08.05 06:10:49.234,1.38078,1.38118,1.50,2.25
2011.08.05 06:10:49.918,1.38073,1.38118,3.00,1.50
2011.08.05 06:10:50.364,1.38074,1.38118,1.50,1.50
2011.08.05 06:10:50.915,1.38074,1.38114,1.50,1.50
2011.08.05 06:10:51.146,1.38074,1.38114,1.50,1.50
2011.08.05 06:10:51.489,1.38074,1.38105,1.50,1.50
2011.08.05 06:10:51.715,1.38073,1.38102,1.50,1.50
2011.08.05 06:10:51.948,1.38065,1.38109,2.25,2.25
2011.08.05 06:10:52.541,1.38065,1.38106,2.25,1.50
2011.08.05 06:10:53.092,1.38065,1.38108,2.25,1.50
2011.08.05 06:10:53.535,1.38065,1.38109,2.25,2.25
2011.08.05 06:10:53.661,1.38073,1.38114,2.25,1.50
2011.08.05 06:10:54.624,1.38071,1.38117,3.00,3.00
2011.08.05 06:10:55.076,1.38071,1.38114,1.50,2.25
2011.08.05 06:10:55.418,1.38068,1.38106,2.25,1.50
2011.08.05 06:10:55.537,1.38068,1.38102,2.25,2.25
2011.08.05 06:10:55.771,1.38062,1.38102,2.25,1.50
2011.08.05 06:10:55.997,1.38052,1.38098,2.25,2.25
2011.08.05 06:10:57.438,1.38048,1.38094,3.00,2.25
2011.08.05 06:10:57.776,1.38047,1.38091,2.25,2.25
2011.08.05 06:10:58.342,1.38045,1.38089,2.25,2.25
2011.08.05 06:10:58.681,1.3805,1.38096,3.00,3.00
2011.08.05 06:10:58.907,1.38059,1.38099,1.50,1.50
2011.08.05 06:10:59.134,1.38058,1.38097,1.50,1.50
2011.08.05 06:11:00.021,1.38078,1.38096,2.25,1.50
2011.08.05 06:11:00.142,1.38078,1.38108,2.25,1.13
2011.08.05 06:11:00.258,1.38082,1.38122,1.50,2.25
2011.08.05 06:11:00.379,1.38082,1.38122,1.50,1.50
2011.08.05 06:11:00.609,1.38086,1.38122,1.50,1.50
2011.08.05 06:11:00.947,1.38097,1.38122,1.50,1.50
2011.08.05 06:11:01.067,1.38097,1.38132,1.50,1.50
2011.08.05 06:11:01.185,1.38099,1.38137,1.50,3.00
2011.08.05 06:11:01.306,1.3809,1.38133,1.50,1.50
2011.08.05 06:11:01.832,1.381,1.38134,1.50,1.50
2011.08.05 06:11:02.080,1.38104,1.38134,1.50,1.50
2011.08.05 06:11:02.304,1.38094,1.38134,1.50,1.50
2011.08.05 06:11:02.648,1.38097,1.38136,1.50,1.50
2011.08.05 06:11:02.765,1.38097,1.3814,2.25,1.50
2011.08.05 06:11:02.993,1.38099,1.38142,1.50,1.50
2011.08.05 06:11:03.118,1.38096,1.3814,2.25,2.25
2011.08.05 06:11:03.347,1.38094,1.38136,1.50,1.50
2011.08.05 06:11:03.908,1.38096,1.38136,1.50,2.25
2011.08.05 06:11:04.459,1.38089,1.38135,2.25,2.25
2011.08.05 06:11:04.580,1.38089,1.38121,2.25,1.50
2011.08.05 06:11:04.916,1.38084,1.38126,2.25,2.25
2011.08.05 06:11:05.036,1.38086,1.3813,2.25,2.25
2011.08.05 06:11:05.156,1.38086,1.38127,2.25,1.50
2011.08.05 06:11:05.276,1.38086,1.3813,2.25,2.25
2011.08.05 06:11:05.397,1.38086,1.3813,2.25,1.50
2011.08.05 06:11:05.624,1.38089,1.3813,1.50,1.50
2011.08.05 06:11:05.967,1.38095,1.38137,1.50,2.25
2011.08.05 06:11:06.618,1.38093,1.38137,2.25,1.50
2011.08.05 06:11:07.344,1.38093,1.38137,3.00,1.50
2011.08.05 06:11:07.465,1.38093,1.38136,3.75,2.25
2011.08.05 06:11:07.806,1.38097,1.38141,2.25,2.25
2011.08.05 06:11:08.148,1.38096,1.38142,2.25,3.00
2011.08.05 06:11:08.269,1.38097,1.38142,1.50,2.25
2011.08.05 06:11:08.715,1.38098,1.38141,1.50,2.25
2011.08.05 06:11:09.397,1.38102,1.38146,2.25,2.25
2011.08.05 06:11:09.516,1.38102,1.38146,2.25,1.50
2011.08.05 06:11:09.745,1.38103,1.38143,1.50,1.50
2011.08.05 06:11:10.495,1.38108,1.38145,2.25,1.50
2011.08.05 06:11:10.615,1.38108,1.38145,2.25,1.50
2011.08.05 06:11:10.844,1.38108,1.38151,2.25,1.50
2011.08.05 06:11:11.773,1.38109,1.38153,2.25,1.50
2011.08.05 06:11:11.888,1.38109,1.38153,2.25,1.50
2011.08.05 06:11:12.736,1.38107,1.3815,1.50,1.50
2011.08.05 06:11:13.074,1.38107,1.3815,1.50,2.25
2011.08.05 06:11:13.415,1.38105,1.3815,1.50,1.50
2011.08.05 06:11:13.537,1.38108,1.38152,2.25,1.50
2011.08.05 06:11:13.765,1.38115,1.38155,1.50,2.25
2011.08.05 06:11:14.288,1.38113,1.38153,1.50,2.25
2011.08.05 06:11:14.521,1.38114,1.38146,1.50,2.25
2011.08.05 06:11:15.078,1.38104,1.38144,1.50,1.50
2011.08.05 06:11:15.308,1.38108,1.38146,1.50,2.25
2011.08.05 06:11:15.536,1.38108,1.38152,1.50,1.50
2011.08.05 06:11:16.934,1.38106,1.3815,2.25,2.25
2011.08.05 06:11:17.313,1.38108,1.38149,3.00,1.50
2011.08.05 06:11:17.441,1.38108,1.38149,3.00,1.50
2011.08.05 06:11:17.777,1.38106,1.38145,1.50,1.50
2011.08.05 06:11:18.114,1.38105,1.38148,1.50,1.50
2011.08.05 06:11:18.895,1.38108,1.38148,1.50,1.50
2011.08.05 06:11:19.012,1.38108,1.38151,1.50,1.50
2011.08.05 06:11:20.706,1.38108,1.38153,2.25,2.25
2011.08.05 06:11:20.833,1.38114,1.38154,1.50,1.50
2011.08.05 06:11:20.945,1.38113,1.38154,1.50,2.25
2011.08.05 06:11:21.395,1.3811,1.38154,3.00,1.50
2011.08.05 06:11:22.545,1.38111,1.38157,2.25,1.50
2011.08.05 06:11:22.664,1.38115,1.38159,2.25,1.50
2011.08.05 06:11:22.785,1.38115,1.38159,2.25,2.25
2011.08.05 06:11:22.905,1.38115,1.38157,2.25,3.00
2011.08.05 06:11:23.356,1.38116,1.38155,1.50,2.25
2011.08.05 06:11:23.477,1.38123,1.38164,2.25,3.00
2011.08.05 06:11:24.003,1.38121,1.38164,1.50,2.25
2011.08.05 06:11:24.343,1.38119,1.38162,1.50,2.25
2011.08.05 06:11:24.688,1.38117,1.38158,2.25,1.50
2011.08.05 06:11:24.811,1.38114,1.38156,1.50,2.25
2011.08.05 06:11:25.148,1.38119,1.38163,2.25,1.50
2011.08.05 06:11:25.487,1.38124,1.38166,1.50,2.25
2011.08.05 06:11:27.255,1.38126,1.38172,3.00,2.25
2011.08.05 06:11:27.814,1.38127,1.38172,1.50,2.25
2011.08.05 06:11:28.266,1.38128,1.38169,1.50,2.25
2011.08.05 06:11:28.606,1.38124,1.38164,1.50,2.25
2011.08.05 06:11:28.942,1.38123,1.38164,1.50,2.25
2011.08.05 06:11:29.656,1.38126,1.38169,1.50,2.25
2011.08.05 06:11:30.106,1.38123,1.38166,3.00,1.50
2011.08.05 06:11:30.555,1.38124,1.38163,1.50,1.50
2011.08.05 06:11:30.676,1.38132,1.38166,1.50,2.25
2011.08.05 06:11:30.902,1.38132,1.38168,1.50,2.25
2011.08.05 06:11:31.126,1.38122,1.38166,3.00,2.25
2011.08.05 06:11:33.258,1.38124,1.38168,2.25,3.00
2011.08.05 06:11:33.385,1.38125,1.38168,2.25,1.50
2011.08.05 06:11:34.066,1.38124,1.38168,2.25,2.25
2011.08.05 06:11:34.185,1.38124,1.38168,2.25,2.25
2011.08.05 06:11:35.213,1.38123,1.38165,1.50,1.50
2011.08.05 06:11:35.952,1.38123,1.38165,3.75,1.35
2011.08.05 06:11:36.286,1.38115,1.38155,1.35,1.50
2011.08.05 06:11:36.409,1.38115,1.38155,1.35,2.25
2011.08.05 06:11:37.295,1.38114,1.38155,1.50,1.50
2011.08.05 06:11:37.638,1.38114,1.38156,1.50,1.50
2011.08.05 06:11:37.867,1.38117,1.38161,2.25,3.00
2011.08.05 06:11:38.204,1.38115,1.38159,1.50,2.25
2011.08.05 06:11:38.830,1.38116,1.38158,2.25,1.50
2011.08.05 06:11:39.167,1.38114,1.38158,3.00,3.00
2011.08.05 06:11:39.945,1.38118,1.38157,2.25,2.10
2011.08.05 06:11:40.174,1.38113,1.38155,1.50,3.00
2011.08.05 06:11:40.295,1.38108,1.38154,2.25,3.00
2011.08.05 06:11:40.415,1.38108,1.38152,2.25,2.25
2011.08.05 06:11:41.344,1.38105,1.38151,2.25,2.25
2011.08.05 06:11:41.794,1.38105,1.38151,3.75,1.50
2011.08.05 06:11:42.400,1.38106,1.38152,2.25,1.50
2011.08.05 06:11:42.738,1.38109,1.38154,2.25,1.50
2011.08.05 06:11:43.076,1.38116,1.38156,2.25,1.50
2011.08.05 06:11:43.197,1.38118,1.38162,2.25,1.50
2011.08.05 06:11:43.646,1.38118,1.38162,2.25,1.50
2011.08.05 06:11:43.874,1.38118,1.38162,2.25,1.50
2011.08.05 06:11:44.217,1.38121,1.38164,2.25,1.50
2011.08.05 06:11:44.333,1.38122,1.38168,2.25,2.25
2011.08.05 06:11:44.876,1.38123,1.38168,1.50,1.50
2011.08.05 06:11:45.351,1.38125,1.38169,2.25,3.00
2011.08.05 06:11:45.482,1.38124,1.38164,1.50,1.50
2011.08.05 06:11:45.815,1.38117,1.3816,2.25,1.50
2011.08.05 06:11:46.377,1.38117,1.3816,2.25,1.50
2011.08.05 06:11:46.828,1.38117,1.38157,2.25,1.50
2011.08.05 06:11:47.166,1.3812,1.38153,1.50,1.50
2011.08.05 06:11:47.395,1.38119,1.38161,2.25,1.50
2011.08.05 06:11:47.889,1.38114,1.3816,3.00,2.25
2011.08.05 06:11:48.536,1.38114,1.3816,3.00,2.25
2011.08.05 06:11:49.982,1.38114,1.3816,3.00,2.25
2011.08.05 06:11:51.755,1.38123,1.38161,2.25,1.50
2011.08.05 06:11:52.212,1.38121,1.38165,2.25,3.00
2011.08.05 06:11:52.483,1.38121,1.38165,2.25,3.00
2011.08.05 06:11:53.037,1.38123,1.38163,1.50,2.25
2011.08.05 06:11:53.154,1.38117,1.38163,3.00,3.00
2011.08.05 06:11:56.843,1.38119,1.38162,2.25,1.50
2011.08.05 06:11:58.255,1.38135,1.38164,2.25,1.50
2011.08.05 06:11:58.488,1.38131,1.38167,1.88,1.50
2011.08.05 06:11:58.719,1.38122,1.38165,3.00,2.25
2011.08.05 06:11:58.947,1.38136,1.38171,1.13,1.50
2011.08.05 06:11:59.174,1.38136,1.38175,1.13,2.25
2011.08.05 06:11:59.514,1.38127,1.3817,2.25,1.35
2011.08.05 06:11:59.634,1.38126,1.38169,1.13,1.50
2011.08.05 06:12:00.139,1.38126,1.38168,1.13,2.25
2011.08.05 06:12:00.774,1.38127,1.3817,2.25,1.50
2011.08.05 06:12:01.003,1.38127,1.38171,2.25,1.50
2011.08.05 06:12:01.226,1.38132,1.38172,1.13,1.50
2011.08.05 06:12:01.785,1.38137,1.38179,1.13,1.50
2011.08.05 06:12:02.738,1.38137,1.38173,1.13,1.50
2011.08.05 06:12:03.341,1.38133,1.38175,1.13,1.50
2011.08.05 06:12:03.677,1.38141,1.38185,1.50,1.50
2011.08.05 06:12:04.014,1.3814,1.38184,1.88,1.35
2011.08.05 06:12:04.465,1.38141,1.38184,1.50,2.85
2011.08.05 06:12:05.841,1.38142,1.38184,3.00,1.35
2011.08.05 06:12:05.962,1.38143,1.38187,2.25,1.50
2011.08.05 06:12:06.293,1.38141,1.38184,1.50,1.35
2011.08.05 06:12:06.952,1.3814,1.38184,2.25,2.25
2011.08.05 06:12:07.324,1.3814,1.38184,2.25,2.25
2011.08.05 06:12:08.213,1.38139,1.38183,2.25,2.25
2011.08.05 06:12:08.804,1.38133,1.38178,2.25,1.50
2011.08.05 06:12:09.364,1.38132,1.38174,2.25,1.50
2011.08.05 06:12:09.704,1.38132,1.38174,2.25,1.50
2011.08.05 06:12:09.823,1.38132,1.38174,2.25,1.50
2011.08.05 06:12:11.155,1.38132,1.38174,2.25,1.50
2011.08.05 06:12:11.714,1.38133,1.38172,2.25,1.50
2011.08.05 06:12:12.490,1.38114,1.38156,3.00,1.50
2011.08.05 06:12:12.825,1.38114,1.38156,2.25,1.50
2011.08.05 06:12:13.055,1.38122,1.38159,2.25,1.50
2011.08.05 06:12:13.285,1.38124,1.38161,2.25,1.50
2011.08.05 06:12:13.405,1.38124,1.38161,2.25,1.50
2011.08.05 06:12:13.964,1.38121,1.38165,2.25,2.25
2011.08.05 06:12:14.525,1.38119,1.38165,2.25,2.25
2011.08.05 06:12:16.043,1.38119,1.38165,2.25,3.75
2011.08.05 06:12:16.372,1.38123,1.38165,2.25,1.50
2011.08.05 06:12:17.393,1.38125,1.38169,2.25,1.50
2011.08.05 06:12:17.846,1.38122,1.38166,3.75,2.25
2011.08.05 06:12:18.186,1.38115,1.38155,1.50,2.25
2011.08.05 06:12:18.800,1.38116,1.38158,1.50,3.00
2011.08.05 06:12:18.910,1.38121,1.38162,2.25,1.50
2011.08.05 06:12:19.024,1.38121,1.38162,2.25,2.25
2011.08.05 06:12:19.342,1.38121,1.38162,2.25,1.50
2011.08.05 06:12:19.675,1.38118,1.38155,3.00,2.25
2011.08.05 06:12:19.799,1.38118,1.3816,3.00,1.50
2011.08.05 06:12:20.024,1.38118,1.38159,1.50,1.50
2011.08.05 06:12:20.845,1.38115,1.38158,1.50,2.25
2011.08.05 06:12:21.076,1.38115,1.38153,1.50,1.50
2011.08.05 06:12:21.304,1.38115,1.38156,2.25,2.25
2011.08.05 06:12:21.979,1.38123,1.38162,2.25,1.50
2011.08.05 06:12:22.418,1.38121,1.3816,2.25,1.50
2011.08.05 06:12:22.867,1.38115,1.38154,3.75,2.25
2011.08.05 06:12:23.205,1.38114,1.38153,1.50,1.50
2011.08.05 06:12:23.819,1.38114,1.38145,1.50,1.50
2011.08.05 06:12:23.938,1.38112,1.38138,1.50,1.50
2011.08.05 06:12:24.170,1.38093,1.38139,1.50,1.50
2011.08.05 06:12:24.289,1.38093,1.38134,1.50,2.10
2011.08.05 06:12:24.517,1.38094,1.38131,1.50,1.88
2011.08.05 06:12:24.959,1.38094,1.38128,1.50,1.88
2011.08.05 06:12:25.308,1.38086,1.3813,2.25,3.00
2011.08.05 06:12:25.714,1.38088,1.38131,1.50,1.50
2011.08.05 06:12:26.055,1.38085,1.38126,2.25,1.50
2011.08.05 06:12:26.175,1.38083,1.38126,2.85,1.50
2011.08.05 06:12:26.403,1.38083,1.38127,2.85,3.00
2011.08.05 06:12:26.963,1.38079,1.38123,2.25,3.00
2011.08.05 06:12:27.391,1.38079,1.38123,2.25,3.00
2011.08.05 06:12:27.733,1.38079,1.38123,3.00,1.50
2011.08.05 06:12:28.080,1.38091,1.38123,1.50,1.50
2011.08.05 06:12:28.415,1.38088,1.38132,2.25,4.50
2011.08.05 06:12:28.534,1.3809,1.38132,1.50,1.50
2011.08.05 06:12:28.872,1.3809,1.38134,1.50,1.50
2011.08.05 06:12:29.676,1.38094,1.38136,2.25,2.85
2011.08.05 06:12:29.904,1.38094,1.38136,2.25,2.85
2011.08.05 06:12:30.861,1.38092,1.38126,2.25,2.25
2011.08.05 06:12:31.313,1.38089,1.38135,2.25,3.38
2011.08.05 06:12:31.541,1.38083,1.38125,1.50,1.50
2011.08.05 06:12:32.325,1.38079,1.38123,3.00,3.00
2011.08.05 06:12:32.774,1.38079,1.38122,2.25,2.25
2011.08.05 06:12:33.006,1.38081,1.38125,2.25,2.25
2011.08.05 06:12:33.126,1.38086,1.38127,1.50,2.25
2011.08.05 06:12:33.246,1.38088,1.38132,1.50,3.00
2011.08.05 06:12:33.809,1.38084,1.38114,1.50,1.50
2011.08.05 06:12:34.157,1.38071,1.38113,2.25,1.50
2011.08.05 06:12:35.485,1.38074,1.38114,2.25,1.50
2011.08.05 06:12:35.607,1.38074,1.38114,2.25,1.50
2011.08.05 06:12:36.165,1.38073,1.38115,2.25,2.25
2011.08.05 06:12:36.724,1.3807,1.38115,2.25,2.25
2011.08.05 06:12:37.252,1.38068,1.38114,2.85,4.50
2011.08.05 06:12:37.585,1.38069,1.38114,1.50,4.50
2011.08.05 06:12:38.037,1.38069,1.38111,1.50,2.25
2011.08.05 06:12:38.378,1.3806,1.38106,3.60,2.25
2011.08.05 06:12:38.605,1.3806,1.38106,2.85,3.00
2011.08.05 06:12:38.835,1.3806,1.38104,2.85,1.50
2011.08.05 06:12:39.287,1.38061,1.38105,2.25,3.00
2011.08.05 06:12:39.407,1.38063,1.38107,2.25,1.50
2011.08.05 06:12:39.978,1.38054,1.38097,3.75,2.25
2011.08.05 06:12:40.101,1.38056,1.38101,2.25,1.50
2011.08.05 06:12:40.324,1.38056,1.38102,2.25,3.00
2011.08.05 06:12:40.665,1.3806,1.38102,2.25,1.50
2011.08.05 06:12:41.007,1.3806,1.38096,2.25,1.50
2011.08.05 06:12:41.124,1.38063,1.38101,1.50,1.50
2011.08.05 06:12:41.688,1.38065,1.38104,1.50,1.50
2011.08.05 06:12:42.026,1.38063,1.38103,1.50,2.25
2011.08.05 06:12:42.514,1.38063,1.38102,1.50,2.25
2011.08.05 06:12:42.631,1.38056,1.38101,2.25,1.50
2011.08.05 06:12:42.859,1.38063,1.38097,1.50,2.85
2011.08.05 06:12:43.318,1.38051,1.38091,1.50,1.35
2011.08.05 06:12:43.987,1.38059,1.38095,2.25,1.50
2011.08.05 06:12:44.329,1.38068,1.38105,1.50,2.10
2011.08.05 06:12:44.560,1.38064,1.38106,2.25,1.50
2011.08.05 06:12:44.981,1.38064,1.38108,2.25,2.25
2011.08.05 06:12:45.203,1.38065,1.38108,2.25,1.50
2011.08.05 06:12:45.326,1.38065,1.38105,2.25,3.75
2011.08.05 06:12:45.447,1.38065,1.38105,2.25,2.25
2011.08.05 06:12:45.570,1.38065,1.38108,2.25,3.00
2011.08.05 06:12:46.123,1.38063,1.38107,3.00,1.50
2011.08.05 06:12:46.675,1.38063,1.38108,4.50,2.25
2011.08.05 06:12:47.234,1.38064,1.38108,3.00,2.25
2011.08.05 06:12:47.602,1.38064,1.38108,3.00,2.25
2011.08.05 06:12:48.848,1.38074,1.38108,1.50,1.50
2011.08.05 06:12:49.075,1.38073,1.38115,3.00,1.50
2011.08.05 06:12:51.595,1.38073,1.38116,3.00,3.75
2011.08.05 06:12:52.876,1.38076,1.38118,2.25,2.25
2011.08.05 06:12:52.995,1.38079,1.38119,2.25,2.25
2011.08.05 06:12:53.553,1.38078,1.3812,1.50,1.50
2011.08.05 06:12:53.665,1.38075,1.38119,3.75,3.00
2011.08.05 06:12:53.784,1.38075,1.38119,2.25,3.00
2011.08.05 06:12:54.238,1.38074,1.38108,2.25,1.50
2011.08.05 06:12:54.355,1.38074,1.3811,2.25,1.50
2011.08.05 06:12:54.477,1.38074,1.38115,2.25,2.25
2011.08.05 06:12:55.060,1.38076,1.38117,2.25,1.35
2011.08.05 06:12:55.393,1.38074,1.38114,2.25,1.50
2011.08.05 06:12:56.879,1.38074,1.38111,3.00,1.50
2011.08.05 06:12:57.329,1.38074,1.38114,2.25,2.25
2011.08.05 06:12:57.560,1.38074,1.38114,2.25,1.50
2011.08.05 06:12:58.465,1.38074,1.38114,3.00,1.50
2011.08.05 06:12:58.589,1.38074,1.38112,1.50,1.50
2011.08.05 06:12:58.814,1.38074,1.38115,2.25,1.50
2011.08.05 06:12:59.686,1.38073,1.38115,1.50,1.50
2011.08.05 06:13:00.035,1.38075,1.38115,1.50,1.50
2011.08.05 06:13:00.375,1.38077,1.38119,2.25,1.50
2011.08.05 06:13:00.608,1.3808,1.38124,2.25,1.50
2011.08.05 06:13:01.224,1.38073,1.38114,1.50,1.50
2011.08.05 06:13:01.351,1.38075,1.38115,2.25,1.50
2011.08.05 06:13:01.693,1.38076,1.38122,2.25,3.00
2011.08.05 06:13:01.825,1.38076,1.38122,2.25,3.00
2011.08.05 06:13:02.169,1.38078,1.38124,2.25,2.25
2011.08.05 06:13:02.725,1.38086,1.3813,2.25,1.50
2011.08.05 06:13:03.509,1.38092,1.38134,2.25,1.50
2011.08.05 06:13:03.733,1.38092,1.38134,2.25,1.50
2011.08.05 06:13:04.067,1.38088,1.3813,2.25,2.25
2011.08.05 06:13:04.188,1.38088,1.38127,2.25,1.50
2011.08.05 06:13:04.528,1.38095,1.38135,2.25,2.25
2011.08.05 06:13:04.866,1.38097,1.38133,2.25,1.50
2011.08.05 06:13:04.990,1.38095,1.38132,2.25,1.50
2011.08.05 06:13:05.111,1.3809,1.38132,1.50,1.50
2011.08.05 06:13:05.793,1.38094,1.38136,2.25,1.50
2011.08.05 06:13:06.118,1.38092,1.38132,1.50,2.25
2011.08.05 06:13:06.235,1.38086,1.38132,2.25,2.25
2011.08.05 06:13:06.354,1.38086,1.38132,2.25,2.25
2011.08.05 06:13:06.697,1.38088,1.38134,2.25,3.75
2011.08.05 06:13:07.038,1.3809,1.38136,2.25,2.25
2011.08.05 06:13:07.267,1.38098,1.38139,2.25,2.25
2011.08.05 06:13:07.716,1.38093,1.38135,2.25,1.50
2011.08.05 06:13:08.186,1.38089,1.38132,2.25,1.50
2011.08.05 06:13:08.313,1.38094,1.38136,2.25,1.50
2011.08.05 06:13:08.424,1.38094,1.38138,2.25,1.50
2011.08.05 06:13:08.545,1.38094,1.38138,2.25,1.50
2011.08.05 06:13:08.774,1.38095,1.38139,1.50,1.50
2011.08.05 06:13:09.008,1.38094,1.38138,2.25,1.50
2011.08.05 06:13:09.344,1.38093,1.38136,2.25,1.50
2011.08.05 06:13:10.287,1.38093,1.38137,3.75,3.00
2011.08.05 06:13:10.914,1.38097,1.3814,2.25,1.50
2011.08.05 06:13:11.914,1.38091,1.38135,2.25,2.25
2011.08.05 06:13:12.258,1.38089,1.3813,2.25,1.50
2011.08.05 06:13:12.375,1.38089,1.38129,2.25,1.50
2011.08.05 06:13:13.436,1.38089,1.38131,2.25,2.10
2011.08.05 06:13:13.559,1.38091,1.38134,2.25,1.50
2011.08.05 06:13:15.295,1.38089,1.38133,2.25,2.25
2011.08.05 06:13:16.074,1.38092,1.38136,2.25,3.00
2011.08.05 06:13:17.084,1.38095,1.38137,2.25,1.50
2011.08.05 06:13:17.914,1.38095,1.38139,3.00,1.50
2011.08.05 06:13:18.475,1.38098,1.38141,2.25,1.50
2011.08.05 06:13:18.819,1.38097,1.38138,2.25,1.50
2011.08.05 06:13:18.936,1.38096,1.38139,2.25,2.10
2011.08.05 06:13:19.054,1.38097,1.3814,1.50,2.25
2011.08.05 06:13:19.397,1.38098,1.38142,2.25,1.50
2011.08.05 06:13:19.825,1.381,1.38142,2.25,1.50
2011.08.05 06:13:19.949,1.38098,1.38142,1.50,1.50
2011.08.05 06:13:21.080,1.381,1.38143,2.25,1.50
2011.08.05 06:13:21.415,1.381,1.38143,2.25,1.50
2011.08.05 06:13:21.865,1.38093,1.38131,3.00,1.50
2011.08.05 06:13:22.598,1.38088,1.38128,1.50,3.00
2011.08.05 06:13:22.732,1.38085,1.38128,1.50,2.25
2011.08.05 06:13:22.961,1.38086,1.38131,1.50,2.25
2011.08.05 06:13:23.295,1.38089,1.38132,2.25,2.25
2011.08.05 06:13:23.635,1.38095,1.38138,2.25,1.50
2011.08.05 06:13:24.194,1.38093,1.38139,2.25,2.25
2011.08.05 06:13:24.865,1.38094,1.38139,1.50,1.50
2011.08.05 06:13:26.083,1.38088,1.38141,3.00,1.50
2011.08.05 06:13:26.413,1.38089,1.38133,3.00,1.50
2011.08.05 06:13:26.746,1.38089,1.38133,2.25,1.50
2011.08.05 06:13:26.974,1.38091,1.3813,2.25,1.50
2011.08.05 06:13:27.317,1.3809,1.38129,2.25,1.50
2011.08.05 06:13:27.656,1.38093,1.38132,2.25,1.50
2011.08.05 06:13:27.995,1.38092,1.38133,2.25,1.50
2011.08.05 06:13:30.216,1.38089,1.38132,2.25,1.50
2011.08.05 06:13:30.375,1.38089,1.38132,2.25,1.50
2011.08.05 06:13:31.007,1.38089,1.38132,2.25,1.50
2011.08.05 06:13:31.565,1.38091,1.38131,2.25,1.50
2011.08.05 06:13:32.012,1.38091,1.38134,2.25,1.50
2011.08.05 06:13:32.826,1.38086,1.3813,3.00,3.60
2011.08.05 06:13:32.948,1.38086,1.38129,1.50,1.50
2011.08.05 06:13:33.837,1.38096,1.38127,1.50,1.50
2011.08.05 06:13:34.176,1.38093,1.38137,2.25,2.25
2011.08.05 06:13:35.258,1.38095,1.3814,1.50,3.00
2011.08.05 06:13:35.787,1.38094,1.38139,2.25,1.50
2011.08.05 06:13:36.278,1.38094,1.38139,2.25,1.50
2011.08.05 06:13:37.545,1.38094,1.38138,1.50,3.75
2011.08.05 06:13:38.513,1.38092,1.38138,2.25,3.75
2011.08.05 06:13:39.251,1.38089,1.38132,1.50,2.25
2011.08.05 06:13:39.589,1.38089,1.38132,1.50,2.25
2011.08.05 06:13:39.928,1.38086,1.38131,2.25,1.50
2011.08.05 06:13:40.270,1.38074,1.38117,1.50,2.25
2011.08.05 06:13:41.585,1.38072,1.38117,2.25,1.50
2011.08.05 06:13:41.818,1.3807,1.38114,2.25,2.25
2011.08.05 06:13:42.051,1.38075,1.38116,2.25,1.50
2011.08.05 06:13:42.278,1.38076,1.38117,2.25,2.10
2011.08.05 06:13:42.616,1.38069,1.38109,2.25,1.50
2011.08.05 06:13:42.956,1.38068,1.38114,2.25,3.00
2011.08.05 06:13:43.406,1.38077,1.38117,1.50,1.50
2011.08.05 06:13:43.744,1.38081,1.38125,2.25,3.00
2011.08.05 06:13:44.363,1.38077,1.38121,2.25,2.25
2011.08.05 06:13:45.244,1.38075,1.38117,2.25,1.50
2011.08.05 06:13:45.476,1.38074,1.38112,1.50,1.50
2011.08.05 06:13:45.923,1.38071,1.38117,2.25,2.25
2011.08.05 06:13:46.264,1.38069,1.38112,1.50,1.50
2011.08.05 06:13:46.495,1.3807,1.38114,2.25,2.25
2011.08.05 06:13:48.670,1.38067,1.38113,3.00,2.25
2011.08.05 06:13:50.226,1.38071,1.38113,1.50,2.25
2011.08.05 06:13:50.563,1.38065,1.38109,2.25,3.00
2011.08.05 06:13:51.880,1.3808,1.38122,2.25,2.25
2011.08.05 06:13:52.104,1.38082,1.38128,2.25,3.00
2011.08.05 06:13:52.664,1.38084,1.38128,1.50,3.00
2011.08.05 06:13:53.118,1.38086,1.3813,3.00,2.25
2011.08.05 06:13:54.009,1.38084,1.38124,1.50,2.25
2011.08.05 06:13:54.125,1.38078,1.38124,2.25,2.25
2011.08.05 06:13:55.625,1.38075,1.38119,2.25,1.50
2011.08.05 06:13:56.074,1.38069,1.38113,2.25,2.25
2011.08.05 06:13:56.526,1.38069,1.3811,2.25,1.50
2011.08.05 06:13:56.866,1.38064,1.38109,1.50,3.00
2011.08.05 06:13:57.208,1.38069,1.38113,2.25,1.50
2011.08.05 06:13:57.906,1.38073,1.38117,2.25,1.50
2011.08.05 06:13:58.444,1.38074,1.38117,1.50,3.75
2011.08.05 06:13:58.784,1.38073,1.38116,2.25,3.00
2011.08.05 06:13:59.134,1.38072,1.38116,2.25,3.00
2011.08.05 06:14:01.254,1.38072,1.38115,2.25,1.50
2011.08.05 06:14:01.378,1.38067,1.38113,3.00,2.25
2011.08.05 06:14:02.257,1.38073,1.38113,1.50,2.25
2011.08.05 06:14:02.595,1.38075,1.38117,1.50,1.50
2011.08.05 06:14:02.830,1.38075,1.38119,3.00,3.00
2011.08.05 06:14:03.169,1.38077,1.38119,1.50,1.35
2011.08.05 06:14:03.398,1.38074,1.38115,1.50,2.25
2011.08.05 06:14:03.735,1.38072,1.38109,2.25,1.50
2011.08.05 06:14:04.398,1.38075,1.38118,2.25,1.50
2011.08.05 06:14:04.519,1.38078,1.38121,2.25,1.50
2011.08.05 06:14:04.964,1.3808,1.38124,3.75,2.25
2011.08.05 06:14:05.084,1.38078,1.38122,2.25,1.50
2011.08.05 06:14:05.534,1.38078,1.38122,3.00,2.25
2011.08.05 06:14:05.765,1.3808,1.38118,1.50,1.50
2011.08.05 06:14:06.104,1.38081,1.38122,2.25,1.50
2011.08.05 06:14:06.226,1.38081,1.3812,2.25,1.50
2011.08.05 06:14:06.563,1.38074,1.38118,2.25,1.50
2011.08.05 06:14:07.324,1.38081,1.38124,1.50,1.50
2011.08.05 06:14:07.763,1.3808,1.38126,2.25,2.25
2011.08.05 06:14:08.205,1.38079,1.38123,2.25,1.50
2011.08.05 06:14:08.545,1.38081,1.38124,2.25,1.50
2011.08.05 06:14:08.773,1.38083,1.38127,2.25,1.50
2011.08.05 06:14:08.893,1.38084,1.38127,2.25,1.50
2011.08.05 06:14:09.519,1.38086,1.3813,2.25,3.75
2011.08.05 06:14:10.295,1.38085,1.38128,1.50,1.50
2011.08.05 06:14:10.634,1.38083,1.38124,1.50,1.50
2011.08.05 06:14:10.755,1.38083,1.38124,3.00,1.50
2011.08.05 06:14:10.874,1.38085,1.38131,2.25,2.25
2011.08.05 06:14:10.994,1.38085,1.38131,2.25,1.50
2011.08.05 06:14:11.227,1.38089,1.38133,3.00,3.00
2011.08.05 06:14:11.346,1.38089,1.38133,3.00,2.25
2011.08.05 06:14:11.464,1.38089,1.38133,3.00,3.00
2011.08.05 06:14:11.808,1.38083,1.38127,3.00,1.50
2011.08.05 06:14:12.036,1.38081,1.38125,3.00,1.50
2011.08.05 06:14:12.476,1.38078,1.38124,2.25,2.25
2011.08.05 06:14:12.595,1.38078,1.38124,2.25,2.25
2011.08.05 06:14:13.114,1.38078,1.38123,2.25,2.25
2011.08.05 06:14:13.234,1.38077,1.38121,2.25,1.50
2011.08.05 06:14:13.464,1.38078,1.38123,3.75,1.50
2011.08.05 06:14:13.805,1.38085,1.38129,2.25,3.75
2011.08.05 06:14:14.143,1.38085,1.38126,2.25,2.25
2011.08.05 06:14:14.265,1.38086,1.38129,2.25,3.00
2011.08.05 06:14:14.496,1.38088,1.38127,2.25,1.50
2011.08.05 06:14:15.685,1.38084,1.38129,1.50,2.25
2011.08.05 06:14:15.805,1.38087,1.3813,2.25,2.25
2011.08.05 06:14:16.038,1.38091,1.38133,2.25,2.25
2011.08.05 06:14:16.375,1.38091,1.38135,2.25,3.75
2011.08.05 06:14:16.715,1.38084,1.38125,1.50,2.25
2011.08.05 06:14:16.945,1.3808,1.38125,1.13,3.75
2011.08.05 06:14:17.068,1.38088,1.38125,1.50,3.00
2011.08.05 06:14:17.188,1.38088,1.38125,1.50,3.00
2011.08.05 06:14:17.305,1.38088,1.38125,1.50,3.00
2011.08.05 06:14:17.535,1.38086,1.38123,1.13,1.50
2011.08.05 06:14:17.763,1.38079,1.3812,2.63,1.50
2011.08.05 06:14:18.727,1.38079,1.38123,2.63,1.50
2011.08.05 06:14:20.566,1.38088,1.38129,1.50,3.00
2011.08.05 06:14:20.685,1.38088,1.38129,1.50,3.00
2011.08.05 06:14:20.809,1.3809,1.3813,3.00,1.50
2011.08.05 06:14:21.035,1.38091,1.38134,2.25,1.50
2011.08.05 06:14:21.153,1.38091,1.38137,2.25,3.75
2011.08.05 06:14:21.595,1.38096,1.38139,2.25,1.50
2011.08.05 06:14:22.756,1.38109,1.38153,2.63,2.25
2011.08.05 06:14:23.274,1.38109,1.38153,2.63,2.25
2011.08.05 06:14:24.086,1.3811,1.38149,1.13,2.25
2011.08.05 06:14:24.423,1.38105,1.38148,2.25,1.50
2011.08.05 06:14:24.754,1.38106,1.38149,1.50,2.25
2011.08.05 06:14:25.360,1.38107,1.38149,1.50,3.75
2011.08.05 06:14:25.708,1.3811,1.38154,2.25,3.75
2011.08.05 06:14:26.264,1.38109,1.38152,1.35,2.25
2011.08.05 06:14:26.705,1.38109,1.38152,1.35,2.25
2011.08.05 06:14:27.499,1.38109,1.38152,1.35,2.25
2011.08.05 06:14:27.834,1.38111,1.38157,2.25,2.25
2011.08.05 06:14:27.952,1.38111,1.38157,2.25,2.25
2011.08.05 06:14:28.524,1.38111,1.38157,2.25,2.25
2011.08.05 06:14:29.856,1.38107,1.38151,2.25,2.25
2011.08.05 06:14:30.194,1.38107,1.38151,2.25,2.25
2011.08.05 06:14:30.534,1.38109,1.38151,1.13,2.25
2011.08.05 06:14:30.983,1.38113,1.38151,1.13,2.25
2011.08.05 06:14:31.428,1.38111,1.38149,1.13,1.50
2011.08.05 06:14:31.655,1.38107,1.38144,1.13,1.50
2011.08.05 06:14:32.034,1.38107,1.38141,1.13,1.50
2011.08.05 06:14:32.158,1.38107,1.38145,1.13,1.50
2011.08.05 06:14:33.723,1.38106,1.38147,1.50,2.25
2011.08.05 06:14:34.275,1.38111,1.38155,1.13,2.25
2011.08.05 06:14:36.489,1.38119,1.38157,1.13,2.25
2011.08.05 06:14:37.176,1.38123,1.38164,1.13,1.50
2011.08.05 06:14:37.530,1.38117,1.38161,3.38,1.50
2011.08.05 06:14:37.651,1.38119,1.38161,2.25,2.25
2011.08.05 06:14:37.768,1.38117,1.38156,3.00,1.50
2011.08.05 06:14:37.888,1.38114,1.38156,1.50,2.25
2011.08.05 06:14:38.224,1.38111,1.38154,1.50,2.25
2011.08.05 06:14:39.065,1.38111,1.38154,1.50,2.25
2011.08.05 06:14:39.519,1.38125,1.38154,2.10,2.25
2011.08.05 06:14:39.762,1.38128,1.38154,1.13,2.25
2011.08.05 06:14:40.098,1.38116,1.38153,1.13,2.25
2011.08.05 06:14:40.219,1.38115,1.38161,3.00,2.25
2011.08.05 06:14:40.557,1.38115,1.38156,2.25,1.50
2011.08.05 06:14:40.788,1.3811,1.38153,1.88,2.25
2011.08.05 06:14:41.124,1.38106,1.38148,2.25,1.50
2011.08.05 06:14:42.876,1.38104,1.38148,4.50,2.25
2011.08.05 06:14:43.215,1.38104,1.38148,4.50,2.25
2011.08.05 06:14:43.775,1.38109,1.38153,1.50,2.25
2011.08.05 06:14:46.139,1.38108,1.38152,1.50,1.50
2011.08.05 06:14:50.114,1.3811,1.38152,2.25,1.50
2011.08.05 06:14:50.785,1.38106,1.3815,2.25,3.00
2011.08.05 06:14:53.233,1.38103,1.38149,4.50,3.00
2011.08.05 06:14:53.574,1.38103,1.38147,1.50,2.25
2011.08.05 06:14:54.685,1.3811,1.38154,2.25,2.25
2011.08.05 06:14:55.140,1.38117,1.38157,1.50,2.25
2011.08.05 06:14:55.585,1.38118,1.38162,2.25,3.00
2011.08.05 06:14:55.910,1.38118,1.38162,2.25,3.00
2011.08.05 06:14:56.045,1.3811,1.38154,1.88,1.50
2011.08.05 06:14:56.165,1.38114,1.38158,2.25,3.00
2011.08.05 06:14:56.724,1.38117,1.38159,2.25,1.50
2011.08.05 06:14:57.224,1.38117,1.3816,2.25,1.50
2011.08.05 06:14:57.564,1.38118,1.38162,2.25,3.00
2011.08.05 06:14:57.685,1.38122,1.38164,2.25,1.50
2011.08.05 06:14:58.023,1.38127,1.38171,2.25,2.25
2011.08.05 06:14:58.246,1.38128,1.38167,2.25,1.50
2011.08.05 06:14:58.583,1.38125,1.38171,2.63,2.25
2011.08.05 06:14:58.805,1.38124,1.38168,2.25,2.25
2011.08.05 06:14:59.279,1.38124,1.38168,3.00,2.25
2011.08.05 06:14:59.614,1.38123,1.38169,3.00,2.25
2011.08.05 06:15:00.186,1.38123,1.38164,1.50,1.50
2011.08.05 06:15:00.526,1.38119,1.38164,1.50,2.25
2011.08.05 06:15:00.864,1.3812,1.38164,1.50,1.50
2011.08.05 06:15:01.093,1.38123,1.38164,1.50,3.00
2011.08.05 06:15:01.315,1.38116,1.38161,2.25,1.50
2011.08.05 06:15:01.766,1.38123,1.38162,2.25,1.50
2011.08.05 06:15:02.388,1.38117,1.38161,2.25,4.50
2011.08.05 06:15:02.736,1.38117,1.3816,2.25,2.25
2011.08.05 06:15:03.075,1.38119,1.38164,2.25,1.50
2011.08.05 06:15:03.526,1.38125,1.38166,1.50,3.75
2011.08.05 06:15:03.752,1.38125,1.38169,1.50,2.25
2011.08.05 06:15:04.043,1.38125,1.38167,1.50,1.50
2011.08.05 06:15:04.376,1.38125,1.38168,1.50,2.25
2011.08.05 06:15:05.517,1.38126,1.3817,2.25,2.25
2011.08.05 06:15:05.847,1.38124,1.38166,1.50,2.25
2011.08.05 06:15:06.845,1.38124,1.38166,2.25,2.25
2011.08.05 06:15:07.625,1.38124,1.38164,1.50,2.25
2011.08.05 06:15:08.186,1.38124,1.38155,1.50,2.25
2011.08.05 06:15:08.711,1.38118,1.38155,2.10,1.50
2011.08.05 06:15:08.825,1.38118,1.3816,1.35,3.00
2011.08.05 06:15:08.945,1.38118,1.38158,1.35,2.25
2011.08.05 06:15:09.178,1.38116,1.3816,2.25,2.25
2011.08.05 06:15:09.406,1.38116,1.3816,2.25,3.00
2011.08.05 06:15:09.943,1.38116,1.38159,2.25,1.50
2011.08.05 06:15:11.033,1.38129,1.38159,1.50,2.25
2011.08.05 06:15:11.601,1.38123,1.38156,1.50,1.13
2011.08.05 06:15:12.192,1.38123,1.38164,1.50,2.25
2011.08.05 06:15:12.314,1.38123,1.38164,1.50,2.25
2011.08.05 06:15:13.994,1.38125,1.38165,1.50,2.25
2011.08.05 06:15:15.100,1.3813,1.38169,1.50,2.25
2011.08.05 06:15:15.229,1.38133,1.38171,2.25,2.25
2011.08.05 06:15:15.568,1.38127,1.38168,2.25,2.25
2011.08.05 06:15:15.685,1.38133,1.38166,1.50,2.25
2011.08.05 06:15:15.916,1.38127,1.38168,1.50,2.25
2011.08.05 06:15:16.256,1.38135,1.38168,1.50,2.25
2011.08.05 06:15:16.490,1.38135,1.38168,1.50,2.25
2011.08.05 06:15:17.927,1.38133,1.38174,1.50,2.25
2011.08.05 06:15:18.475,1.38133,1.38174,1.50,2.25
2011.08.05 06:15:19.145,1.38133,1.3817,1.50,2.25
2011.08.05 06:15:19.814,1.38135,1.3817,1.50,2.25
2011.08.05 06:15:20.049,1.38139,1.38175,1.50,1.50
2011.08.05 06:15:20.388,1.38133,1.38175,1.50,2.25
2011.08.05 06:15:20.944,1.38137,1.38176,1.50,2.25
2011.08.05 06:15:21.520,1.38133,1.3817,2.25,2.25
2011.08.05 06:15:21.856,1.3813,1.3817,1.50,2.25
2011.08.05 06:15:22.307,1.38126,1.3817,2.25,3.00
2011.08.05 06:15:22.757,1.38126,1.38166,1.50,2.25
2011.08.05 06:15:23.315,1.38126,1.38172,2.25,2.25
2011.08.05 06:15:23.768,1.38125,1.38168,1.50,2.25
2011.08.05 06:15:24.324,1.38119,1.38165,6.75,3.00
2011.08.05 06:15:24.843,1.38119,1.38164,2.25,2.25
2011.08.05 06:15:25.176,1.38116,1.3816,2.25,2.25
2011.08.05 06:15:25.867,1.38116,1.38161,2.25,2.25
2011.08.05 06:15:27.763,1.38118,1.38164,2.25,2.25
2011.08.05 06:15:28.694,1.3811,1.38149,2.25,1.50
2011.08.05 06:15:29.736,1.3811,1.38149,2.25,1.50
2011.08.05 06:15:30.075,1.38115,1.3816,2.25,1.13
2011.08.05 06:15:30.194,1.38116,1.3816,2.25,2.63
2011.08.05 06:15:30.645,1.38119,1.38163,2.25,3.60
2011.08.05 06:15:31.494,1.38113,1.38157,1.50,2.25
2011.08.05 06:15:32.248,1.38108,1.38144,1.50,2.25
2011.08.05 06:15:32.475,1.38104,1.38144,1.50,2.25
2011.08.05 06:15:33.143,1.38104,1.38144,1.50,3.00
2011.08.05 06:15:34.594,1.38102,1.38147,2.25,1.50
2011.08.05 06:15:35.047,1.38099,1.3814,3.00,1.50
2011.08.05 06:15:35.619,1.38095,1.38137,1.50,2.25
2011.08.05 06:15:36.626,1.38094,1.38137,2.25,2.25
2011.08.05 06:15:37.075,1.38104,1.38144,1.50,3.00
2011.08.05 06:15:37.307,1.38104,1.38145,2.25,1.50
2011.08.05 06:15:37.910,1.38109,1.38154,2.25,1.50
2011.08.05 06:15:38.403,1.38112,1.38154,2.25,1.50
2011.08.05 06:15:38.845,1.38112,1.38149,2.25,1.50
2011.08.05 06:15:39.074,1.38112,1.38149,2.25,1.50
2011.08.05 06:15:40.565,1.38109,1.38149,2.25,1.50
2011.08.05 06:15:41.378,1.38109,1.38149,2.25,1.50
2011.08.05 06:15:42.367,1.38109,1.38149,3.00,1.50
2011.08.05 06:15:42.489,1.38108,1.38124,3.00,1.50
2011.08.05 06:15:42.606,1.38109,1.38125,2.25,1.50
2011.08.05 06:15:42.726,1.38099,1.38129,2.10,1.50
2011.08.05 06:15:42.958,1.38096,1.38136,1.50,2.25
2011.08.05 06:15:43.295,1.38092,1.38131,2.25,1.50
2011.08.05 06:15:43.525,1.38092,1.38133,2.25,1.50
2011.08.05 06:15:43.970,1.38095,1.38141,2.25,2.25
2011.08.05 06:15:44.084,1.38095,1.38141,2.25,2.25
2011.08.05 06:15:44.539,1.38094,1.38137,1.50,2.25
2011.08.05 06:15:45.096,1.38089,1.38133,2.25,2.25
2011.08.05 06:15:45.216,1.38117,1.38136,1.50,2.25
2011.08.05 06:15:45.558,1.3811,1.38146,2.25,1.50
2011.08.05 06:15:45.675,1.38108,1.38152,2.25,2.25
2011.08.05 06:15:45.794,1.38103,1.38147,2.25,2.25
2011.08.05 06:15:46.414,1.38089,1.38131,2.25,1.50
2011.08.05 06:15:46.746,1.38092,1.38131,1.50,2.25
2011.08.05 06:15:46.867,1.38092,1.38124,1.50,1.50
2011.08.05 06:15:47.094,1.38083,1.38128,1.50,3.00
2011.08.05 06:15:47.219,1.38086,1.3813,2.25,2.25
2011.08.05 06:15:47.556,1.38088,1.38134,2.25,2.25
2011.08.05 06:15:47.785,1.38088,1.38134,2.25,2.25
2011.08.05 06:15:48.123,1.38091,1.38129,2.25,1.50
2011.08.05 06:15:48.952,1.38103,1.38135,1.50,1.50
2011.08.05 06:15:49.072,1.38102,1.38144,1.35,3.00
2011.08.05 06:15:49.675,1.38101,1.38144,2.25,1.50
2011.08.05 06:15:50.236,1.38105,1.38144,2.25,1.50
2011.08.05 06:15:52.694,1.38107,1.38145,2.25,1.50
2011.08.05 06:15:53.035,1.38106,1.38147,1.50,1.50
2011.08.05 06:15:53.594,1.38103,1.38143,2.85,1.50
2011.08.05 06:15:53.938,1.38107,1.38143,2.25,1.50
2011.08.05 06:15:54.384,1.38101,1.38143,2.25,1.50
2011.08.05 06:15:54.944,1.38106,1.38146,2.25,1.50
2011.08.05 06:15:55.835,1.38106,1.38144,1.50,1.50
2011.08.05 06:15:55.958,1.38106,1.38143,1.50,1.50
2011.08.05 06:15:56.513,1.381,1.3814,1.35,1.50
2011.08.05 06:15:57.172,1.3811,1.38142,1.50,1.50
2011.08.05 06:15:57.395,1.3811,1.38147,1.50,1.50
2011.08.05 06:15:59.054,1.38107,1.38147,1.50,1.50
2011.08.05 06:15:59.593,1.3811,1.38147,1.50,1.50
2011.08.05 06:16:00.475,1.38107,1.38147,1.50,1.50
2011.08.05 06:16:00.595,1.38107,1.38147,1.50,1.50
2011.08.05 06:16:01.195,1.38106,1.38144,1.50,1.50
2011.08.05 06:16:01.536,1.38107,1.38146,2.25,1.50
2011.08.05 06:16:02.569,1.38113,1.38146,1.50,1.50
2011.08.05 06:16:02.909,1.38107,1.38149,1.35,2.25
2011.08.05 06:16:04.148,1.38106,1.38146,2.25,1.50
2011.08.05 06:16:04.377,1.38102,1.38142,2.25,1.50
2011.08.05 06:16:04.608,1.38096,1.38137,1.35,1.50
2011.08.05 06:16:05.055,1.38099,1.38137,2.25,1.50
2011.08.05 06:16:05.396,1.381,1.38135,1.50,1.50
2011.08.05 06:16:05.790,1.381,1.38135,1.50,1.50
2011.08.05 06:16:06.145,1.38099,1.38132,2.25,1.50
2011.08.05 06:16:08.045,1.38093,1.38131,2.25,1.50
2011.08.05 06:16:08.387,1.38113,1.38127,1.50,1.50
2011.08.05 06:16:15.354,1.3809,1.38128,2.25,1.50
2011.08.05 06:16:16.015,1.38092,1.38131,1.50,1.50
2011.08.05 06:16:16.574,1.3809,1.38131,2.25,1.50
2011.08.05 06:16:17.664,1.38087,1.38125,2.25,1.50
2011.08.05 06:16:18.245,1.38082,1.38124,1.35,1.50
2011.08.05 06:16:18.364,1.38082,1.38124,1.35,1.50
2011.08.05 06:16:18.822,1.38084,1.38125,2.25,1.50
2011.08.05 06:16:19.598,1.38086,1.38123,2.25,1.50
2011.08.05 06:16:19.934,1.38086,1.38123,3.00,1.50
2011.08.05 06:16:20.264,1.38086,1.38123,2.25,1.50
2011.08.05 06:16:20.606,1.38081,1.38121,2.25,1.50
2011.08.05 06:16:23.329,1.3808,1.38123,3.00,1.50
2011.08.05 06:16:23.773,1.38081,1.38123,2.25,1.50
2011.08.05 06:16:24.213,1.38084,1.38126,5.10,1.50
2011.08.05 06:16:24.436,1.38078,1.38117,1.35,2.25
2011.08.05 06:16:24.667,1.38078,1.38121,1.50,3.00
2011.08.05 06:16:25.446,1.38082,1.38124,1.35,3.00
2011.08.05 06:16:26.455,1.38082,1.38124,1.35,3.00
2011.08.05 06:16:27.486,1.38078,1.3812,2.85,1.50
2011.08.05 06:16:34.349,1.38078,1.38114,1.35,2.25
2011.08.05 06:16:34.688,1.38075,1.38118,1.50,1.50
2011.08.05 06:16:35.024,1.38075,1.38118,1.35,1.50
2011.08.05 06:16:35.135,1.38075,1.38118,1.35,1.50
2011.08.05 06:16:35.926,1.3808,1.38118,2.25,1.50
2011.08.05 06:16:36.263,1.3808,1.38121,2.25,1.50
2011.08.05 06:16:37.284,1.38086,1.38121,3.00,1.50
2011.08.05 06:16:37.734,1.38084,1.38123,2.25,1.50
2011.08.05 06:16:39.295,1.38081,1.38121,1.50,1.50
2011.08.05 06:16:39.859,1.38077,1.38117,1.35,4.50
2011.08.05 06:16:40.194,1.38074,1.38109,1.50,1.50
2011.08.05 06:16:40.755,1.38074,1.38114,1.50,1.50
2011.08.05 06:16:40.876,1.38074,1.38116,2.85,2.25
2011.08.05 06:16:41.347,1.38076,1.38116,1.50,1.50
2011.08.05 06:16:41.914,1.38076,1.38116,2.25,1.50
2011.08.05 06:16:42.356,1.38077,1.38119,1.35,2.25
2011.08.05 06:16:42.583,1.38078,1.38119,2.25,1.50
2011.08.05 06:16:43.613,1.38084,1.38121,1.50,2.25
2011.08.05 06:16:44.606,1.38081,1.38117,1.35,1.50
2011.08.05 06:16:45.055,1.38084,1.38124,2.10,2.25
2011.08.05 06:16:45.505,1.38086,1.38128,1.50,1.50
2011.08.05 06:16:45.844,1.38086,1.38128,1.50,1.50
2011.08.05 06:16:46.184,1.38086,1.38128,1.35,3.00
2011.08.05 06:16:46.307,1.38086,1.38125,1.35,1.88
2011.08.05 06:16:46.863,1.38086,1.38129,1.35,3.00
2011.08.05 06:16:47.083,1.38087,1.38129,1.50,3.00
2011.08.05 06:16:49.428,1.38086,1.38129,1.35,3.00
2011.08.05 06:16:49.765,1.38083,1.38117,1.50,1.50
2011.08.05 06:16:50.327,1.38079,1.38117,1.35,1.50
2011.08.05 06:16:51.417,1.38079,1.38121,1.35,3.75
2011.08.05 06:16:51.539,1.38084,1.38121,1.50,2.25
2011.08.05 06:16:51.763,1.38084,1.38121,1.50,2.25
2011.08.05 06:16:53.483,1.38084,1.38119,1.50,2.25
2011.08.05 06:16:53.829,1.38082,1.3811,1.50,2.25
2011.08.05 06:16:53.945,1.38073,1.3811,1.50,2.25
2011.08.05 06:16:54.174,1.38073,1.38103,1.50,1.50
2011.08.05 06:16:54.295,1.38073,1.38103,1.50,2.25
2011.08.05 06:16:55.602,1.38076,1.38113,1.50,2.25
2011.08.05 06:16:56.077,1.38076,1.38115,1.50,1.50
2011.08.05 06:16:56.307,1.38077,1.38116,1.50,1.50
2011.08.05 06:16:57.089,1.38077,1.38112,2.25,1.50
2011.08.05 06:16:57.206,1.38074,1.38112,1.50,2.25
2011.08.05 06:16:57.545,1.38074,1.38111,1.50,2.25
2011.08.05 06:16:57.885,1.38067,1.38107,1.35,2.25
2011.08.05 06:16:58.282,1.38064,1.38099,1.50,1.50
2011.08.05 06:16:58.405,1.38064,1.38095,1.50,1.50
2011.08.05 06:16:58.524,1.38059,1.38095,2.85,1.50
2011.08.05 06:16:58.754,1.38059,1.38097,3.60,1.50
2011.08.05 06:16:58.872,1.38059,1.38099,2.85,3.00
2011.08.05 06:16:58.985,1.38059,1.38097,3.60,1.50
2011.08.05 06:16:59.544,1.38062,1.381,1.35,2.25
2011.08.05 06:16:59.876,1.38063,1.38101,3.00,1.50
2011.08.05 06:17:00.107,1.38062,1.38104,3.00,1.50
2011.08.05 06:17:00.338,1.38062,1.38103,3.00,1.50
2011.08.05 06:17:00.567,1.38062,1.38097,2.25,1.50
2011.08.05 06:17:00.798,1.38059,1.381,1.50,1.50
2011.08.05 06:17:01.028,1.38059,1.38101,2.85,3.00
2011.08.05 06:17:01.450,1.38063,1.38101,1.50,3.00
2011.08.05 06:17:01.570,1.38063,1.38103,2.10,1.50
2011.08.05 06:17:02.128,1.38063,1.38102,2.10,1.50
2011.08.05 06:17:02.245,1.3806,1.38098,1.50,1.50
2011.08.05 06:17:02.367,1.3806,1.38101,2.25,2.25
2011.08.05 06:17:03.113,1.38061,1.38101,1.50,1.50
2011.08.05 06:17:03.664,1.38064,1.38102,1.50,3.00
2011.08.05 06:17:03.784,1.38064,1.38102,1.50,1.50
2011.08.05 06:17:04.345,1.38064,1.38105,1.50,2.25
2011.08.05 06:17:04.577,1.38063,1.38104,1.50,2.25
2011.08.05 06:17:05.252,1.38078,1.38109,1.50,1.50
2011.08.05 06:17:05.476,1.3808,1.38117,1.50,2.25
2011.08.05 06:17:05.708,1.38084,1.3812,1.50,1.50
2011.08.05 06:17:06.049,1.38083,1.38121,1.50,1.50
2011.08.05 06:17:06.386,1.38089,1.38121,1.50,1.50
2011.08.05 06:17:06.723,1.38089,1.38122,1.50,1.50
2011.08.05 06:17:07.284,1.38089,1.38122,1.50,1.50
2011.08.05 06:17:07.394,1.38089,1.38128,1.50,1.50
2011.08.05 06:17:07.506,1.38094,1.38128,2.25,1.05
2011.08.05 06:17:08.605,1.38091,1.38128,1.35,1.05
2011.08.05 06:17:09.056,1.38094,1.3813,2.85,1.05
2011.08.05 06:17:09.613,1.3809,1.38129,2.85,1.05
2011.08.05 06:17:10.436,1.3809,1.38129,3.00,1.05
2011.08.05 06:17:10.911,1.38095,1.3813,2.25,1.05
2011.08.05 06:17:11.582,1.38095,1.38131,2.25,1.05
2011.08.05 06:17:11.914,1.38094,1.38128,1.50,1.05
2011.08.05 06:17:12.586,1.38093,1.38128,1.50,1.05
2011.08.05 06:17:13.309,1.38089,1.38128,3.00,1.05
2011.08.05 06:17:14.785,1.3809,1.38127,2.25,2.25
2011.08.05 06:17:15.013,1.3809,1.38124,2.25,1.50
2011.08.05 06:17:15.346,1.38086,1.38124,3.00,1.50
2011.08.05 06:17:15.686,1.38086,1.38124,1.50,1.50
2011.08.05 06:17:16.025,1.38083,1.38121,1.50,1.50
2011.08.05 06:17:16.585,1.38081,1.38121,3.00,1.50
2011.08.05 06:17:17.054,1.38081,1.38121,3.00,1.50
2011.08.05 06:17:18.050,1.38079,1.38116,2.25,1.50
2011.08.05 06:17:18.166,1.38079,1.38116,2.25,1.50
2011.08.05 06:17:19.246,1.38079,1.38114,1.50,2.25
2011.08.05 06:17:19.366,1.38077,1.38114,1.35,3.00
2011.08.05 06:17:19.487,1.38077,1.38112,1.35,1.50
2011.08.05 06:17:19.827,1.38072,1.3811,3.00,1.50
2011.08.05 06:17:19.944,1.38072,1.38111,3.00,1.50
2011.08.05 06:17:20.532,1.38072,1.38111,1.50,1.50
2011.08.05 06:17:21.659,1.38078,1.38113,1.88,1.50
2011.08.05 06:17:21.884,1.38079,1.38115,1.50,1.50
2011.08.05 06:17:22.336,1.38078,1.38115,1.50,3.38
2011.08.05 06:17:22.459,1.38071,1.38105,1.50,2.25
2011.08.05 06:17:22.687,1.38071,1.38108,1.50,1.50
2011.08.05 06:17:22.916,1.38071,1.38107,1.50,1.50
2011.08.05 06:17:23.145,1.38069,1.38109,2.25,3.00
2011.08.05 06:17:24.252,1.38075,1.38114,2.25,1.50
2011.08.05 06:17:24.585,1.38075,1.38116,2.25,1.50
2011.08.05 06:17:24.708,1.38075,1.38116,2.25,1.50
2011.08.05 06:17:25.266,1.3808,1.3812,1.50,1.50
2011.08.05 06:17:25.606,1.38083,1.3812,1.50,1.50
2011.08.05 06:17:25.724,1.38083,1.3812,1.50,1.50
2011.08.05 06:17:26.463,1.38084,1.3812,1.50,1.50
2011.08.05 06:17:26.684,1.38084,1.3812,3.00,1.50
2011.08.05 06:17:27.015,1.38081,1.3812,2.25,1.50
2011.08.05 06:17:27.541,1.38079,1.38119,4.50,1.50
2011.08.05 06:17:28.045,1.38078,1.38117,1.50,1.50
2011.08.05 06:17:28.275,1.38074,1.38109,2.25,1.50
2011.08.05 06:17:28.396,1.38074,1.38108,2.25,1.35
2011.08.05 06:17:28.517,1.38067,1.38102,1.35,1.50
2011.08.05 06:17:28.745,1.38063,1.38102,3.00,1.50
2011.08.05 06:17:30.295,1.38064,1.38101,1.50,1.50
2011.08.05 06:17:30.927,1.38062,1.38106,2.25,1.50
2011.08.05 06:17:31.286,1.38071,1.38112,1.50,1.50
2011.08.05 06:17:31.405,1.38068,1.38111,3.00,1.50
2011.08.05 06:17:32.177,1.38073,1.38109,2.25,1.50
2011.08.05 06:17:32.407,1.38077,1.38108,2.25,1.50
2011.08.05 06:17:32.746,1.38064,1.381,3.00,1.50
2011.08.05 06:17:32.865,1.38063,1.38091,1.50,1.50
2011.08.05 06:17:33.613,1.38054,1.38091,2.25,1.50
2011.08.05 06:17:33.728,1.38057,1.38093,1.50,1.50
2011.08.05 06:17:33.849,1.38061,1.38099,2.25,1.50
2011.08.05 06:17:34.075,1.38063,1.38102,1.50,1.50
2011.08.05 06:17:34.307,1.38063,1.38102,1.50,1.50
2011.08.05 06:17:35.763,1.38064,1.38105,2.25,1.50
2011.08.05 06:17:36.324,1.38066,1.38106,1.35,2.25
2011.08.05 06:17:36.968,1.3807,1.38108,2.25,1.50
2011.08.05 06:17:37.091,1.38073,1.38107,2.25,1.50
2011.08.05 06:17:37.316,1.38069,1.38107,2.25,1.50
2011.08.05 06:17:37.659,1.38069,1.38109,2.25,1.50
2011.08.05 06:17:37.779,1.3807,1.38111,2.25,1.50
2011.08.05 06:17:38.773,1.38075,1.38112,2.25,1.50
2011.08.05 06:17:39.106,1.38075,1.38109,2.25,1.13
2011.08.05 06:17:39.861,1.38055,1.38094,1.50,1.50
2011.08.05 06:17:40.414,1.38053,1.38096,1.50,1.50
2011.08.05 06:17:40.978,1.38051,1.38092,2.25,1.50
2011.08.05 06:17:41.474,1.38054,1.38096,2.25,1.50
2011.08.05 06:17:42.024,1.38058,1.38096,2.25,2.25
2011.08.05 06:17:42.746,1.38058,1.38098,2.25,1.50
2011.08.05 06:17:42.867,1.38058,1.38097,2.25,1.50
2011.08.05 06:17:43.095,1.38058,1.38094,2.25,1.50
2011.08.05 06:17:43.435,1.38056,1.38093,2.25,1.50
2011.08.05 06:17:44.265,1.38056,1.38093,2.25,1.50
2011.08.05 06:17:44.616,1.38053,1.38085,1.50,1.50
2011.08.05 06:17:44.955,1.38048,1.38085,2.25,1.50
2011.08.05 06:17:45.189,1.38044,1.38081,1.50,2.25
2011.08.05 06:17:45.527,1.38045,1.38081,2.25,1.50
2011.08.05 06:17:46.555,1.38044,1.38082,1.50,1.50
2011.08.05 06:17:47.113,1.38043,1.38082,1.50,1.50
2011.08.05 06:17:47.664,1.38043,1.38081,1.50,2.25
2011.08.05 06:17:48.595,1.38036,1.38078,2.85,2.25
2011.08.05 06:17:49.047,1.38043,1.38079,1.50,2.25
2011.08.05 06:17:49.695,1.38044,1.38078,1.50,2.25
2011.08.05 06:17:49.823,1.38044,1.38077,1.50,2.85
2011.08.05 06:17:50.670,1.38035,1.38074,2.25,1.35
2011.08.05 06:17:52.444,1.38034,1.38075,2.25,1.50
2011.08.05 06:17:53.276,1.38039,1.38075,1.50,1.50
2011.08.05 06:17:54.413,1.38039,1.38075,3.00,1.50
2011.08.05 06:17:55.587,1.38037,1.38075,3.00,1.50
2011.08.05 06:17:55.815,1.38037,1.38078,3.00,1.50
2011.08.05 06:17:55.935,1.38038,1.38079,2.25,1.50
2011.08.05 06:17:56.277,1.3804,1.3808,3.00,1.50
2011.08.05 06:17:56.395,1.38041,1.38083,3.00,1.50
2011.08.05 06:17:56.516,1.38041,1.38084,3.00,1.50
2011.08.05 06:17:57.104,1.38043,1.38084,2.25,1.50
2011.08.05 06:17:59.324,1.38041,1.38084,2.25,1.50
2011.08.05 06:17:59.554,1.38041,1.38084,2.25,1.50
2011.08.05 06:18:01.166,1.38045,1.38086,2.25,1.50
2011.08.05 06:18:01.395,1.38049,1.38088,1.50,1.50
2011.08.05 06:18:01.734,1.3804,1.38084,2.25,1.50
2011.08.05 06:18:02.699,1.38042,1.38083,3.00,1.50
2011.08.05 06:18:02.927,1.38043,1.38088,2.10,1.50
2011.08.05 06:18:03.484,1.38046,1.38088,1.35,1.50
2011.08.05 06:18:03.948,1.38046,1.38088,1.35,2.25
2011.08.05 06:18:04.076,1.38046,1.38082,1.35,3.00
2011.08.05 06:18:04.193,1.38046,1.38082,1.35,3.00
2011.08.05 06:18:04.855,1.38043,1.38076,1.50,1.50
2011.08.05 06:18:05.193,1.38041,1.38074,1.35,1.50
2011.08.05 06:18:05.634,1.38039,1.38074,1.35,1.50
2011.08.05 06:18:05.759,1.38039,1.38072,1.35,1.50
2011.08.05 06:18:06.096,1.38031,1.38076,1.05,3.75
2011.08.05 06:18:06.325,1.38036,1.38076,1.35,3.00
2011.08.05 06:18:06.776,1.38036,1.38075,1.35,1.50
2011.08.05 06:18:07.338,1.38034,1.38078,4.35,2.25
2011.08.05 06:18:07.770,1.38039,1.38082,4.13,2.25
2011.08.05 06:18:10.114,1.38043,1.38082,1.35,1.50
2011.08.05 06:18:11.123,1.38045,1.38082,1.35,2.25
2011.08.05 06:18:11.233,1.38042,1.38081,1.35,1.50
2011.08.05 06:18:11.452,1.38042,1.38081,1.35,1.50
2011.08.05 06:18:11.784,1.38042,1.38081,1.35,2.25
2011.08.05 06:18:12.753,1.38042,1.38081,1.35,2.25
2011.08.05 06:18:13.304,1.38042,1.38081,1.35,1.50
2011.08.05 06:18:13.425,1.38042,1.38081,1.35,1.50
2011.08.05 06:18:14.206,1.38039,1.38077,2.63,2.25
2011.08.05 06:18:14.546,1.38039,1.38068,2.25,1.50
2011.08.05 06:18:14.666,1.38039,1.3807,2.25,3.00
2011.08.05 06:18:14.785,1.38039,1.38077,1.50,2.25
2011.08.05 06:18:14.906,1.38039,1.38077,1.50,1.50
2011.08.05 06:18:15.453,1.38034,1.38075,1.35,1.50
2011.08.05 06:18:16.003,1.38034,1.38076,2.10,1.50
2011.08.05 06:18:17.145,1.38035,1.3808,2.25,1.50
2011.08.05 06:18:17.483,1.38037,1.3808,1.50,1.50
2011.08.05 06:18:18.715,1.38037,1.38078,1.50,1.50
2011.08.05 06:18:18.838,1.38037,1.38078,1.50,2.25
2011.08.05 06:18:18.954,1.38035,1.38077,1.35,1.50
2011.08.05 06:18:21.455,1.38033,1.38075,1.50,1.50
2011.08.05 06:18:25.427,1.38032,1.38075,1.35,2.25
2011.08.05 06:18:25.765,1.38032,1.38073,1.05,2.25
2011.08.05 06:18:25.887,1.38031,1.38072,1.05,3.00
2011.08.05 06:18:26.361,1.38031,1.38069,1.05,1.50
2011.08.05 06:18:26.914,1.38031,1.38067,1.05,1.50
2011.08.05 06:18:27.426,1.38031,1.38069,1.05,3.75
2011.08.05 06:18:27.986,1.38031,1.38067,1.05,2.25
2011.08.05 06:18:28.329,1.38031,1.38062,1.05,1.50
2011.08.05 06:18:28.447,1.38031,1.38061,1.05,1.50
2011.08.05 06:18:28.680,1.38032,1.38059,1.05,1.50
2011.08.05 06:18:29.345,1.38032,1.38057,1.05,1.50
2011.08.05 06:18:29.910,1.38031,1.38057,1.05,1.50
2011.08.05 06:18:30.249,1.38031,1.38054,1.05,1.50
2011.08.05 06:18:30.587,1.38031,1.38056,1.05,1.50
2011.08.05 06:18:30.707,1.38032,1.38059,1.05,1.50
2011.08.05 06:18:30.825,1.38019,1.38062,1.50,1.50
2011.08.05 06:18:31.387,1.38021,1.38058,2.25,1.50
2011.08.05 06:18:31.944,1.38018,1.38053,1.50,1.35
2011.08.05 06:18:32.061,1.38007,1.38049,1.05,2.25
2011.08.05 06:18:32.175,1.38007,1.38049,1.05,2.25
2011.08.05 06:18:32.516,1.38008,1.38044,1.05,1.50
2011.08.05 06:18:32.635,1.38008,1.38043,1.05,1.50
2011.08.05 06:18:32.757,1.38008,1.38043,1.05,2.25
2011.08.05 06:18:33.096,1.38008,1.38042,1.05,1.50
2011.08.05 06:18:33.436,1.38008,1.38046,1.05,2.25
2011.08.05 06:18:33.558,1.38009,1.38048,2.25,3.00
2011.08.05 06:18:33.786,1.38014,1.3805,1.50,1.50
2011.08.05 06:18:34.331,1.38012,1.38052,1.50,1.50
2011.08.05 06:18:34.856,1.38012,1.38052,1.50,1.50
2011.08.05 06:18:34.977,1.38009,1.38048,1.50,1.50
2011.08.05 06:18:35.096,1.38009,1.38048,1.88,1.50
2011.08.05 06:18:35.215,1.38009,1.38051,4.50,1.50
2011.08.05 06:18:35.334,1.38009,1.38052,3.75,3.00
2011.08.05 06:18:36.195,1.38009,1.38052,3.75,1.50
2011.08.05 06:18:36.826,1.38009,1.38048,3.75,1.50
2011.08.05 06:18:36.946,1.38009,1.38052,3.00,1.50
2011.08.05 06:18:37.509,1.38018,1.38058,1.35,1.50
2011.08.05 06:18:37.736,1.38018,1.38056,1.35,1.50
2011.08.05 06:18:37.856,1.38018,1.38055,1.35,2.10
2011.08.05 06:18:37.980,1.38014,1.38047,1.50,1.50
2011.08.05 06:18:38.096,1.38014,1.38047,1.50,1.50
2011.08.05 06:18:38.327,1.38012,1.38047,1.50,1.50
2011.08.05 06:18:38.447,1.38014,1.38051,2.25,1.50
2011.08.05 06:18:38.564,1.38014,1.38051,3.00,1.50
2011.08.05 06:18:39.235,1.38014,1.38051,3.00,1.50
2011.08.05 06:18:40.296,1.38013,1.38051,2.25,1.50
2011.08.05 06:18:40.417,1.38011,1.38049,1.50,1.50
2011.08.05 06:18:40.954,1.38007,1.38049,1.80,1.50
2011.08.05 06:18:41.294,1.38007,1.38046,3.30,1.50
2011.08.05 06:18:41.843,1.38008,1.38048,2.55,1.50
2011.08.05 06:18:41.965,1.3801,1.3805,2.25,1.50
2011.08.05 06:18:42.306,1.38011,1.38051,2.25,1.50
2011.08.05 06:18:42.533,1.38011,1.38055,2.25,1.35
2011.08.05 06:18:42.976,1.38013,1.38053,2.25,2.25
2011.08.05 06:18:43.205,1.38008,1.3805,2.55,2.25
2011.08.05 06:18:43.325,1.38008,1.38049,1.05,1.50
2011.08.05 06:18:43.815,1.38008,1.38049,1.05,2.10
2011.08.05 06:18:44.158,1.38007,1.38043,1.05,1.50
2011.08.05 06:18:44.275,1.38007,1.38041,1.05,1.50
2011.08.05 06:18:44.630,1.38007,1.38041,1.05,1.50
2011.08.05 06:18:45.187,1.38007,1.38036,1.05,1.50
2011.08.05 06:18:45.636,1.38008,1.38038,1.05,3.00
2011.08.05 06:18:45.755,1.37998,1.38038,1.50,2.25
2011.08.05 06:18:45.876,1.37999,1.38041,2.63,3.00
2011.08.05 06:18:48.026,1.38004,1.3804,1.50,1.50
2011.08.05 06:18:48.144,1.37995,1.38039,3.60,1.50
2011.08.05 06:18:48.595,1.37999,1.38041,3.00,1.50
2011.08.05 06:18:48.936,1.37995,1.38036,2.25,2.25
2011.08.05 06:18:49.274,1.37993,1.38036,1.35,2.25
2011.08.05 06:18:49.504,1.37996,1.38037,2.25,1.50
2011.08.05 06:18:49.735,1.37995,1.38037,2.25,1.50
2011.08.05 06:18:50.246,1.37995,1.38038,2.25,3.00
2011.08.05 06:18:50.823,1.37993,1.38036,1.35,1.50
2011.08.05 06:18:50.945,1.37993,1.38034,1.35,1.50
2011.08.05 06:18:51.528,1.37993,1.38036,1.35,2.25
2011.08.05 06:18:51.864,1.37998,1.38039,1.50,2.25
2011.08.05 06:18:51.975,1.37996,1.38038,2.85,1.50
2011.08.05 06:18:52.315,1.37995,1.38038,1.35,2.25
2011.08.05 06:18:52.438,1.37995,1.38038,1.35,1.50
2011.08.05 06:18:52.993,1.37995,1.38039,3.60,1.50
2011.08.05 06:18:55.544,1.37995,1.3804,3.60,1.50
2011.08.05 06:18:55.771,1.37995,1.38038,1.35,1.50
2011.08.05 06:18:55.892,1.37993,1.38035,1.80,1.50
2011.08.05 06:18:56.226,1.37994,1.3803,1.50,1.50
2011.08.05 06:18:56.348,1.37996,1.38037,2.25,1.50
2011.08.05 06:18:56.889,1.37995,1.38038,2.85,1.50
2011.08.05 06:18:57.696,1.37996,1.38037,1.50,3.00
2011.08.05 06:18:57.927,1.37998,1.3804,2.25,1.50
2011.08.05 06:18:58.452,1.38,1.38041,1.35,2.25
2011.08.05 06:18:58.785,1.38005,1.38048,3.00,1.50
2011.08.05 06:18:58.908,1.38005,1.38047,2.85,1.50
2011.08.05 06:18:59.138,1.3801,1.38051,2.25,1.50
2011.08.05 06:18:59.479,1.38016,1.38054,2.25,1.50
2011.08.05 06:18:59.708,1.38019,1.3806,1.35,1.50
2011.08.05 06:19:00.049,1.38025,1.38063,1.35,1.50
2011.08.05 06:19:00.631,1.38037,1.38075,1.50,1.50
2011.08.05 06:19:00.746,1.38037,1.38077,1.50,1.50
2011.08.05 06:19:01.197,1.38041,1.38081,1.50,3.00
2011.08.05 06:19:01.539,1.3804,1.3808,1.35,1.50
2011.08.05 06:19:02.093,1.3804,1.3808,1.35,2.25
2011.08.05 06:19:02.207,1.3804,1.38079,1.35,1.50
2011.08.05 06:19:02.435,1.3804,1.38079,1.35,1.50
2011.08.05 06:19:03.107,1.3804,1.38076,1.35,1.50
2011.08.05 06:19:05.545,1.3804,1.38078,1.35,3.00
2011.08.05 06:19:05.782,1.38044,1.3808,1.50,1.50
2011.08.05 06:19:06.005,1.38044,1.38084,1.50,2.25
2011.08.05 06:19:06.578,1.38044,1.38082,2.25,1.50
2011.08.05 06:19:07.233,1.38045,1.38086,2.10,2.25
2011.08.05 06:19:07.352,1.38045,1.38085,1.35,1.50
2011.08.05 06:19:07.465,1.38045,1.38086,2.10,3.00
2011.08.05 06:19:07.697,1.38046,1.38086,2.25,1.50
2011.08.05 06:19:08.036,1.38046,1.38087,3.00,1.50
2011.08.05 06:19:08.803,1.38048,1.38089,3.60,1.50
2011.08.05 06:19:09.586,1.38054,1.38093,1.35,3.00
2011.08.05 06:19:10.039,1.38061,1.381,1.35,1.50
2011.08.05 06:19:10.266,1.38065,1.381,1.50,1.50
2011.08.05 06:19:10.590,1.38065,1.38102,1.50,1.50
2011.08.05 06:19:10.711,1.38065,1.38105,1.35,1.50
2011.08.05 06:19:11.446,1.38078,1.38105,1.50,1.50
2011.08.05 06:19:11.789,1.38094,1.3811,1.35,1.50
2011.08.05 06:19:11.906,1.38094,1.38116,1.35,1.50
2011.08.05 06:19:12.027,1.38097,1.38138,2.25,2.25
2011.08.05 06:19:12.480,1.38098,1.38138,1.50,1.50
2011.08.05 06:19:12.704,1.38097,1.38135,1.35,1.50
2011.08.05 06:19:13.479,1.38097,1.38134,1.35,1.50
2011.08.05 06:19:13.938,1.38098,1.38138,1.35,1.50
2011.08.05 06:19:14.501,1.38104,1.38131,1.50,1.50
2011.08.05 06:19:14.619,1.38093,1.38128,1.50,1.50
2011.08.05 06:19:14.849,1.38098,1.3813,1.50,1.50
2011.08.05 06:19:15.184,1.38096,1.38138,1.35,3.00
2011.08.05 06:19:15.635,1.38096,1.38137,1.35,2.25
2011.08.05 06:19:15.865,1.38096,1.38136,1.35,1.50
2011.08.05 06:19:16.568,1.38096,1.38133,1.35,1.50
2011.08.05 06:19:16.904,1.38093,1.38131,1.50,2.25
2011.08.05 06:19:17.454,1.38094,1.38134,2.10,1.50
2011.08.05 06:19:18.125,1.38094,1.38136,2.70,1.50
2011.08.05 06:19:18.506,1.38095,1.38136,1.50,2.25
2011.08.05 06:19:18.844,1.38098,1.38136,1.50,1.50
2011.08.05 06:19:20.503,1.38102,1.38137,1.35,2.25
2011.08.05 06:19:20.624,1.38105,1.38137,1.35,2.25
2011.08.05 06:19:20.738,1.38108,1.38137,1.35,1.50
2011.08.05 06:19:20.857,1.38108,1.38147,1.35,2.25
2011.08.05 06:19:21.365,1.38108,1.38147,1.35,1.50
2011.08.05 06:19:21.813,1.38108,1.38145,1.50,1.50
2011.08.05 06:19:22.493,1.38108,1.38145,1.50,1.50
2011.08.05 06:19:23.153,1.38103,1.38145,2.70,2.25
2011.08.05 06:19:23.706,1.38104,1.38141,1.50,2.25
2011.08.05 06:19:24.181,1.38104,1.38141,1.50,3.00
2011.08.05 06:19:24.312,1.38096,1.38141,2.25,2.25
2011.08.05 06:19:24.645,1.38093,1.38135,2.10,3.00
2011.08.05 06:19:26.805,1.38093,1.38134,1.50,1.50
2011.08.05 06:19:28.075,1.38091,1.38135,3.30,3.00
2011.08.05 06:19:28.196,1.38093,1.38135,2.25,1.50
2011.08.05 06:19:28.426,1.38094,1.38136,1.50,1.50
2011.08.05 06:19:28.875,1.38099,1.38139,1.50,1.50
2011.08.05 06:19:29.215,1.38103,1.38139,1.50,1.50
2011.08.05 06:19:29.338,1.381,1.38136,1.50,2.25
2011.08.05 06:19:29.565,1.38095,1.38126,1.35,1.50
2011.08.05 06:19:30.131,1.38091,1.38122,1.05,1.50
2011.08.05 06:19:30.905,1.38092,1.38119,1.05,1.50
2011.08.05 06:19:32.584,1.38092,1.38121,1.05,1.50
2011.08.05 06:19:32.815,1.38092,1.38122,1.05,1.50
2011.08.05 06:19:33.418,1.38088,1.38116,1.05,2.25
2011.08.05 06:19:33.645,1.38091,1.38119,1.05,2.25
2011.08.05 06:19:35.854,1.38091,1.3812,1.05,1.50
2011.08.05 06:19:36.218,1.38091,1.3812,1.05,1.50
2011.08.05 06:19:36.554,1.38091,1.38117,1.05,1.50
2011.08.05 06:19:37.626,1.38091,1.38117,1.05,1.50
2011.08.05 06:19:37.853,1.38091,1.38121,1.05,1.50
2011.08.05 06:19:38.435,1.38091,1.3812,1.05,1.50
2011.08.05 06:19:39.594,1.38091,1.38122,1.05,1.50
2011.08.05 06:19:39.826,1.38092,1.38122,1.05,2.25
2011.08.05 06:19:41.660,1.38091,1.38118,1.05,1.50
2011.08.05 06:19:42.216,1.38091,1.38118,1.05,1.50
2011.08.05 06:19:42.576,1.38091,1.3812,1.05,1.50
2011.08.05 06:19:43.138,1.38091,1.38118,1.80,1.13
2011.08.05 06:19:43.257,1.38091,1.38116,1.05,1.13
2011.08.05 06:19:43.375,1.38091,1.38117,1.05,1.88
2011.08.05 06:19:43.924,1.38091,1.38115,1.05,1.13
2011.08.05 06:19:44.255,1.38091,1.38114,1.05,1.50
2011.08.05 06:19:46.214,1.38091,1.38114,1.05,1.50
2011.08.05 06:19:46.664,1.38091,1.38116,1.05,1.50
2011.08.05 06:19:47.225,1.38091,1.38114,1.05,1.50
2011.08.05 06:19:47.453,1.38091,1.38113,1.05,1.50
2011.08.05 06:19:47.896,1.38091,1.38115,1.05,1.50
2011.08.05 06:19:48.016,1.38091,1.38116,1.05,1.50
2011.08.05 06:19:48.466,1.38084,1.38117,1.35,1.50
2011.08.05 06:19:48.587,1.3808,1.38112,1.50,1.50
2011.08.05 06:19:49.172,1.38073,1.38108,1.35,2.25
2011.08.05 06:19:49.815,1.38073,1.38107,1.35,1.50
2011.08.05 06:19:49.935,1.38073,1.38107,1.35,1.50
2011.08.05 06:19:50.166,1.38077,1.38112,1.35,1.50
2011.08.05 06:19:50.724,1.38078,1.38114,1.35,1.50
2011.08.05 06:19:50.948,1.38074,1.38108,1.35,1.50
2011.08.05 06:19:52.304,1.38073,1.38106,1.35,1.50
2011.08.05 06:19:53.317,1.38077,1.38108,1.50,1.50
2011.08.05 06:19:53.547,1.38079,1.38113,1.35,1.50
2011.08.05 06:19:53.667,1.38079,1.38112,1.35,1.50
2011.08.05 06:19:54.116,1.38076,1.38112,1.35,1.50
2011.08.05 06:19:54.564,1.38075,1.38111,1.35,2.25
2011.08.05 06:19:56.006,1.3808,1.38111,1.35,1.50
2011.08.05 06:19:56.235,1.3808,1.38113,1.35,1.50
2011.08.05 06:19:56.575,1.3808,1.38115,1.35,1.50
2011.08.05 06:19:57.326,1.3808,1.38115,1.35,1.50
2011.08.05 06:19:58.596,1.3808,1.38115,1.35,2.25
2011.08.05 06:19:59.326,1.38084,1.38119,1.35,1.50
2011.08.05 06:19:59.666,1.38089,1.38121,1.35,1.50
2011.08.05 06:20:00.225,1.38089,1.38123,1.35,2.25
2011.08.05 06:20:00.677,1.38092,1.38124,1.35,1.50
2011.08.05 06:20:01.868,1.38102,1.38129,1.35,1.50
2011.08.05 06:20:01.993,1.38102,1.38133,1.35,1.50
2011.08.05 06:20:03.106,1.38102,1.38133,1.35,1.50
2011.08.05 06:20:03.667,1.38102,1.38133,1.35,1.50
2011.08.05 06:20:04.278,1.381,1.38134,1.35,1.50
2011.08.05 06:20:04.617,1.38102,1.38135,2.25,1.50
2011.08.05 06:20:05.049,1.38105,1.38139,1.35,1.50
2011.08.05 06:20:05.174,1.38103,1.38138,1.35,1.88
2011.08.05 06:20:05.517,1.38103,1.38135,1.35,1.50
2011.08.05 06:20:06.642,1.38107,1.3814,1.35,1.50
2011.08.05 06:20:06.975,1.38102,1.38141,1.35,1.88
2011.08.05 06:20:07.500,1.38102,1.38137,1.35,1.50
2011.08.05 06:20:07.629,1.38102,1.38139,1.35,1.50
2011.08.05 06:20:08.254,1.38109,1.38141,1.50,3.75
2011.08.05 06:20:08.488,1.38107,1.38141,2.25,1.50
2011.08.05 06:20:08.606,1.38107,1.38142,2.25,1.50
2011.08.05 06:20:08.726,1.38106,1.38142,1.35,1.50
2011.08.05 06:20:10.475,1.38106,1.38142,1.35,1.50
2011.08.05 06:20:10.703,1.38106,1.38142,1.35,1.50
2011.08.05 06:20:12.255,1.38106,1.38142,1.35,1.50
2011.08.05 06:20:12.486,1.38106,1.38142,1.35,1.50
2011.08.05 06:20:12.826,1.38106,1.38142,1.35,1.50
2011.08.05 06:20:13.386,1.38106,1.38142,1.35,1.50
2011.08.05 06:20:13.916,1.38106,1.38142,1.35,1.50
2011.08.05 06:20:14.253,1.38106,1.38142,1.35,1.50
2011.08.05 06:20:14.697,1.38103,1.38137,1.35,1.13
2011.08.05 06:20:14.815,1.38103,1.38137,1.35,1.13
2011.08.05 06:20:14.936,1.38103,1.38138,1.35,1.50
2011.08.05 06:20:15.510,1.38103,1.38138,1.35,1.50
2011.08.05 06:20:16.415,1.38103,1.38138,1.35,1.50
2011.08.05 06:20:16.995,1.38103,1.38138,1.35,1.50
2011.08.05 06:20:17.455,1.38103,1.38138,1.35,1.50
2011.08.05 06:20:18.596,1.38103,1.38138,1.35,1.50
2011.08.05 06:20:19.154,1.38098,1.38131,1.50,1.50
2011.08.05 06:20:21.528,1.38103,1.38138,1.35,1.50
2011.08.05 06:20:21.756,1.38103,1.38138,1.35,1.50
2011.08.05 06:20:22.314,1.38103,1.38138,1.35,1.50
2011.08.05 06:20:22.549,1.38105,1.38139,1.50,1.50
2011.08.05 06:20:23.104,1.38111,1.38145,1.35,1.50
2011.08.05 06:20:24.372,1.38111,1.38145,1.35,1.50
2011.08.05 06:20:25.476,1.38111,1.38145,1.35,1.50
2011.08.05 06:20:25.935,1.38111,1.38145,1.35,1.50
2011.08.05 06:20:26.301,1.3811,1.38144,1.35,3.75
2011.08.05 06:20:26.527,1.38111,1.38144,1.35,1.50
2011.08.05 06:20:27.085,1.38111,1.38144,1.35,1.50
2011.08.05 06:20:29.217,1.38111,1.38144,1.35,1.50
2011.08.05 06:20:29.449,1.38106,1.38137,1.50,1.50
2011.08.05 06:20:29.566,1.38103,1.38137,1.50,1.50
2011.08.05 06:20:29.796,1.381,1.38137,1.50,1.50
2011.08.05 06:20:30.246,1.38099,1.38134,1.35,1.50
2011.08.05 06:20:33.471,1.38099,1.38134,1.35,1.50
2011.08.05 06:20:33.808,1.38095,1.38129,1.50,1.50
2011.08.05 06:20:34.368,1.38094,1.38129,2.10,2.25
2011.08.05 06:20:34.706,1.38093,1.38125,1.35,1.13
2011.08.05 06:20:34.940,1.3809,1.38122,1.35,1.50
2011.08.05 06:20:35.495,1.38084,1.38118,1.73,1.50
2011.08.05 06:20:35.962,1.38083,1.38121,1.35,1.50
2011.08.05 06:20:36.186,1.38083,1.38118,1.35,1.50
2011.08.05 06:20:37.027,1.38083,1.38117,1.35,1.50
2011.08.05 06:20:37.585,1.38083,1.38118,1.35,1.50
2011.08.05 06:20:40.612,1.38083,1.38112,1.35,1.50
2011.08.05 06:20:40.950,1.38077,1.38107,1.05,1.50
2011.08.05 06:20:41.068,1.38077,1.38107,1.05,1.50
2011.08.05 06:20:41.404,1.38077,1.38107,1.05,1.50
2011.08.05 06:20:41.625,1.38077,1.38109,1.05,2.25
2011.08.05 06:20:44.365,1.38077,1.3811,1.05,1.50
2011.08.05 06:20:44.486,1.38077,1.3811,1.05,1.50
2011.08.05 06:20:45.285,1.38077,1.3811,1.05,1.50
2011.08.05 06:20:45.515,1.38076,1.3811,1.65,1.50
2011.08.05 06:20:46.074,1.38077,1.38107,1.05,1.50
2011.08.05 06:20:46.936,1.38077,1.38106,1.05,2.25
2011.08.05 06:20:47.496,1.38077,1.38104,1.05,1.50
2011.08.05 06:20:47.618,1.38077,1.38103,1.05,1.50
2011.08.05 06:20:47.736,1.38076,1.38102,1.05,1.13
2011.08.05 06:20:47.859,1.38076,1.381,1.05,1.50
2011.08.05 06:20:51.583,1.38076,1.381,1.05,2.25
2011.08.05 06:20:52.471,1.38076,1.38106,1.05,1.50
2011.08.05 06:20:52.695,1.38077,1.3811,1.35,1.50
2011.08.05 06:20:53.286,1.38077,1.3811,1.35,1.50
2011.08.05 06:20:53.846,1.38077,1.3811,1.35,1.50
2011.08.05 06:20:54.905,1.38077,1.3811,1.35,1.50
2011.08.05 06:20:55.797,1.38077,1.38113,1.73,1.50
2011.08.05 06:20:55.914,1.38081,1.38115,1.35,1.50
2011.08.05 06:20:56.034,1.38081,1.38115,1.35,1.50
2011.08.05 06:20:56.257,1.38081,1.38115,1.35,1.50
2011.08.05 06:20:56.910,1.38079,1.38112,1.35,1.50
2011.08.05 06:20:57.766,1.38076,1.38107,2.10,2.25
2011.08.05 06:20:57.998,1.38074,1.38104,2.10,1.50
2011.08.05 06:20:58.555,1.38069,1.38106,1.35,1.50
2011.08.05 06:20:58.786,1.3807,1.38106,1.13,1.50
2011.08.05 06:20:59.569,1.38074,1.38105,1.35,1.50
2011.08.05 06:21:00.017,1.38071,1.38107,1.35,1.50
2011.08.05 06:21:00.549,1.38066,1.38101,1.35,2.25
2011.08.05 06:21:00.675,1.38066,1.38101,1.35,1.50
2011.08.05 06:21:02.649,1.38065,1.38101,2.25,1.50
2011.08.05 06:21:02.988,1.38067,1.38105,1.35,1.50
2011.08.05 06:21:03.105,1.38072,1.38106,1.35,1.50
2011.08.05 06:21:03.226,1.38072,1.38108,1.35,2.25
2011.08.05 06:21:04.378,1.38072,1.38107,1.35,1.50
2011.08.05 06:21:04.503,1.38072,1.38107,1.35,1.50
2011.08.05 06:21:04.836,1.38072,1.38107,1.35,1.50
2011.08.05 06:21:05.177,1.38072,1.38107,1.35,1.50
2011.08.05 06:21:05.514,1.38072,1.38107,1.35,1.50
2011.08.05 06:21:06.247,1.38071,1.38104,1.50,1.50
2011.08.05 06:21:06.587,1.3807,1.38104,1.13,1.50
2011.08.05 06:21:06.816,1.38073,1.38105,1.50,1.50
2011.08.05 06:21:07.252,1.38067,1.38099,2.85,1.50
2011.08.05 06:21:07.590,1.38064,1.38099,1.50,2.25
2011.08.05 06:21:07.929,1.38059,1.38093,1.35,1.50
2011.08.05 06:21:08.047,1.38059,1.38091,1.35,1.50
2011.08.05 06:21:08.279,1.38059,1.38091,1.35,1.50
2011.08.05 06:21:08.726,1.38061,1.38092,1.50,2.25
2011.08.05 06:21:08.956,1.38057,1.38091,1.50,1.50
2011.08.05 06:21:09.517,1.3806,1.3809,1.35,1.50
2011.08.05 06:21:09.745,1.3806,1.3809,1.35,1.50
2011.08.05 06:21:10.232,1.38057,1.3809,1.35,1.50
2011.08.05 06:21:10.788,1.38057,1.38092,1.35,1.50
2011.08.05 06:21:11.127,1.38062,1.38092,1.50,1.50
2011.08.05 06:21:11.246,1.38062,1.38095,2.25,1.88
2011.08.05 06:21:11.860,1.38064,1.38095,1.50,1.50
2011.08.05 06:21:12.416,1.38063,1.38095,1.50,1.50
2011.08.05 06:21:12.977,1.38063,1.38095,1.50,1.50
2011.08.05 06:21:13.095,1.38064,1.38098,1.35,1.50
2011.08.05 06:21:14.227,1.3806,1.38095,1.35,1.50
2011.08.05 06:21:15.707,1.38063,1.38095,1.13,1.50
2011.08.05 06:21:15.828,1.38064,1.38098,1.35,1.50
2011.08.05 06:21:15.948,1.38064,1.38102,1.35,1.50
2011.08.05 06:21:16.177,1.38064,1.38102,1.35,1.50
2011.08.05 06:21:16.695,1.38066,1.381,1.35,1.50
2011.08.05 06:21:16.832,1.38066,1.38099,1.35,1.50
2011.08.05 06:21:17.280,1.38066,1.381,1.35,1.50
2011.08.05 06:21:17.835,1.38066,1.38098,1.35,1.50
2011.08.05 06:21:18.687,1.38066,1.38098,1.35,1.50
2011.08.05 06:21:19.026,1.38066,1.38098,1.35,1.50
2011.08.05 06:21:21.085,1.3807,1.38103,1.35,1.50
2011.08.05 06:21:21.424,1.3807,1.38103,1.35,1.50
2011.08.05 06:21:21.655,1.38074,1.38105,1.50,1.50
2011.08.05 06:21:21.776,1.38074,1.38108,1.35,1.50
2011.08.05 06:21:22.555,1.38074,1.38107,1.35,1.50
2011.08.05 06:21:22.784,1.38074,1.38107,1.35,1.50
2011.08.05 06:21:23.131,1.38095,1.38124,1.50,1.50
2011.08.05 06:21:23.603,1.38092,1.38126,1.35,1.50
2011.08.05 06:21:23.719,1.38092,1.38126,1.35,1.50
2011.08.05 06:21:24.168,1.38092,1.38123,1.35,1.50
2011.08.05 06:21:24.614,1.38089,1.38123,1.35,1.50
2011.08.05 06:21:24.847,1.38089,1.38122,1.35,1.50
2011.08.05 06:21:25.189,1.38091,1.38125,1.35,1.50
2011.08.05 06:21:25.524,1.38091,1.38125,1.35,1.50
2011.08.05 06:21:25.755,1.38087,1.38122,2.85,1.50
2011.08.05 06:21:26.811,1.38086,1.38121,1.50,1.50
2011.08.05 06:21:27.366,1.38087,1.38116,1.50,1.50
2011.08.05 06:21:27.487,1.38083,1.38116,2.25,1.50
2011.08.05 06:21:27.612,1.38083,1.38116,1.50,1.50
2011.08.05 06:21:27.839,1.38078,1.38113,2.25,1.50
2011.08.05 06:21:27.958,1.38082,1.38114,2.25,2.25
2011.08.05 06:21:28.299,1.38078,1.38111,2.25,2.25
2011.08.05 06:21:29.187,1.38078,1.38112,4.50,1.50
2011.08.05 06:21:29.307,1.38083,1.38112,2.25,1.50
2011.08.05 06:21:30.146,1.3808,1.38112,2.25,1.50
2011.08.05 06:21:31.479,1.38083,1.38114,3.00,1.50
2011.08.05 06:21:31.709,1.38084,1.38117,1.50,1.50
2011.08.05 06:21:31.829,1.38082,1.38113,2.25,1.13
2011.08.05 06:21:32.281,1.38076,1.38107,2.25,1.13
2011.08.05 06:21:32.620,1.38073,1.38105,2.25,2.25
2011.08.05 06:21:32.735,1.38073,1.38105,2.25,1.50
2011.08.05 06:21:33.078,1.38072,1.38105,1.35,1.50
2011.08.05 06:21:33.524,1.38077,1.38105,2.25,1.50
2011.08.05 06:21:34.038,1.38072,1.38105,1.35,1.50
2011.08.05 06:21:34.373,1.38072,1.38105,1.35,1.50
2011.08.05 06:21:35.447,1.38074,1.38108,2.25,1.50
2011.08.05 06:21:35.567,1.38074,1.3811,2.25,2.25
2011.08.05 06:21:35.690,1.38076,1.38111,2.25,1.50
2011.08.05 06:21:36.133,1.38067,1.38101,1.35,1.50
2011.08.05 06:21:36.246,1.38067,1.38099,1.35,1.50
2011.08.05 06:21:36.585,1.38067,1.38101,1.35,1.50
2011.08.05 06:21:36.924,1.38067,1.38102,1.35,1.50
2011.08.05 06:21:37.479,1.38068,1.38102,2.25,2.25
2011.08.05 06:21:37.818,1.3807,1.38103,1.35,1.50
2011.08.05 06:21:37.938,1.3807,1.38105,1.35,1.50
2011.08.05 06:21:38.055,1.38072,1.38107,3.00,1.50
2011.08.05 06:21:38.183,1.38074,1.38109,2.85,2.25
2011.08.05 06:21:38.910,1.38074,1.38107,1.35,1.50
2011.08.05 06:21:39.359,1.38074,1.38107,1.35,1.50
2011.08.05 06:21:39.694,1.38074,1.3811,1.35,1.50
2011.08.05 06:21:40.026,1.38074,1.3811,1.35,1.50
2011.08.05 06:21:40.475,1.38078,1.38109,1.35,1.50
2011.08.05 06:21:41.034,1.38075,1.3811,1.50,1.50
2011.08.05 06:21:41.381,1.38071,1.38106,1.35,1.50
2011.08.05 06:21:41.502,1.38071,1.38106,1.35,1.50
2011.08.05 06:21:42.109,1.38068,1.381,1.13,1.50
2011.08.05 06:21:42.447,1.38076,1.38106,1.35,1.50
2011.08.05 06:21:42.564,1.38078,1.38109,1.35,2.25
2011.08.05 06:21:42.689,1.38078,1.38115,1.35,1.50
2011.08.05 06:21:42.923,1.38082,1.38115,2.25,1.50
2011.08.05 06:21:43.042,1.3809,1.38122,1.35,1.50
2011.08.05 06:21:43.159,1.3809,1.38124,1.35,1.50
2011.08.05 06:21:44.076,1.3809,1.38122,1.35,1.50
2011.08.05 06:21:45.058,1.38086,1.38121,2.85,1.50
2011.08.05 06:21:45.287,1.38086,1.38121,1.35,1.50
2011.08.05 06:21:46.159,1.38084,1.38119,1.50,1.50
2011.08.05 06:21:46.385,1.38085,1.3812,2.25,1.50
2011.08.05 06:21:46.835,1.38088,1.38121,1.35,1.50
2011.08.05 06:21:47.394,1.38088,1.38123,1.35,1.50
2011.08.05 06:21:47.626,1.38088,1.38123,1.35,1.50
2011.08.05 06:21:48.133,1.38088,1.38123,2.10,1.50
2011.08.05 06:21:48.687,1.38088,1.38123,1.35,1.50
2011.08.05 06:21:49.388,1.38088,1.38123,1.35,1.50
2011.08.05 06:21:50.827,1.38088,1.38123,2.85,1.50
2011.08.05 06:21:51.873,1.3809,1.38124,1.35,1.50
2011.08.05 06:21:52.755,1.381,1.38134,1.35,3.00
2011.08.05 06:21:52.878,1.38102,1.38134,1.35,1.50
2011.08.05 06:21:53.396,1.38101,1.38134,1.35,1.50
2011.08.05 06:21:53.956,1.38097,1.38132,2.85,1.50
2011.08.05 06:21:54.294,1.38102,1.38138,1.35,1.50
2011.08.05 06:21:55.089,1.381,1.38138,2.48,1.50
2011.08.05 06:21:55.213,1.38103,1.38138,1.35,1.50
2011.08.05 06:21:55.770,1.38104,1.38135,1.50,1.50
2011.08.05 06:21:56.108,1.38105,1.3814,2.10,1.50
2011.08.05 06:21:56.778,1.38106,1.3814,2.48,1.50
2011.08.05 06:21:57.555,1.38106,1.38141,1.35,1.50
2011.08.05 06:21:58.113,1.38106,1.38141,1.35,1.50
2011.08.05 06:21:58.559,1.38106,1.38141,1.35,1.50
2011.08.05 06:21:59.040,1.38099,1.38137,1.35,1.50
2011.08.05 06:21:59.145,1.38099,1.38136,1.35,1.13
2011.08.05 06:21:59.265,1.38099,1.38135,1.35,1.13
2011.08.05 06:21:59.641,1.38101,1.3813,1.50,1.50
2011.08.05 06:21:59.762,1.38109,1.3814,1.35,1.50
2011.08.05 06:21:59.882,1.38106,1.38136,1.13,1.50
2011.08.05 06:21:59.995,1.38104,1.38136,2.25,1.50
2011.08.05 06:22:00.337,1.38102,1.38138,2.10,1.50
2011.08.05 06:22:00.898,1.38103,1.38139,1.35,1.50
2011.08.05 06:22:01.664,1.38106,1.38139,1.35,1.50
2011.08.05 06:22:02.778,1.38108,1.38144,1.35,1.50
2011.08.05 06:22:03.008,1.38114,1.38148,1.50,1.50
2011.08.05 06:22:03.237,1.38118,1.3815,1.35,1.50
2011.08.05 06:22:03.467,1.38118,1.38154,1.50,1.50
2011.08.05 06:22:04.028,1.38122,1.38153,1.35,1.50
2011.08.05 06:22:04.611,1.38122,1.38159,1.35,1.50
2011.08.05 06:22:04.961,1.38126,1.38161,1.35,1.50
2011.08.05 06:22:05.299,1.38125,1.38158,1.35,1.50
2011.08.05 06:22:05.635,1.38122,1.38159,1.35,1.50
2011.08.05 06:22:06.964,1.38125,1.38163,1.73,1.50
2011.08.05 06:22:07.079,1.38124,1.38163,1.73,1.50
2011.08.05 06:22:07.306,1.38122,1.38159,1.73,1.50
2011.08.05 06:22:07.424,1.38122,1.38158,1.35,1.50
2011.08.05 06:22:08.534,1.38122,1.38158,1.35,1.50
2011.08.05 06:22:09.994,1.38123,1.38158,1.35,1.50
2011.08.05 06:22:10.547,1.38125,1.3816,1.73,1.50
2011.08.05 06:22:11.120,1.38125,1.3816,1.35,1.50
2011.08.05 06:22:11.745,1.38127,1.3816,1.50,1.50
2011.08.05 06:22:12.085,1.38127,1.38163,2.10,1.50
2011.08.05 06:22:12.205,1.38126,1.38164,1.35,1.50
2011.08.05 06:22:12.435,1.38125,1.38155,2.10,1.50
2011.08.05 06:22:12.777,1.38119,1.38152,2.85,1.50
2011.08.05 06:22:13.118,1.38116,1.38153,2.25,1.50
2011.08.05 06:22:13.457,1.38116,1.38153,3.00,1.50
2011.08.05 06:22:14.149,1.38123,1.38158,3.75,1.50
2011.08.05 06:22:14.487,1.38122,1.38156,1.35,1.50
2011.08.05 06:22:14.936,1.38122,1.38156,1.35,1.50
2011.08.05 06:22:15.276,1.38116,1.38153,1.35,1.50
2011.08.05 06:22:15.726,1.38119,1.38156,1.35,1.50
2011.08.05 06:22:16.066,1.38119,1.38155,2.85,2.25
2011.08.05 06:22:16.189,1.38121,1.38156,1.35,1.50
2011.08.05 06:22:16.415,1.38119,1.38152,1.35,1.50
2011.08.05 06:22:16.646,1.38112,1.38146,2.25,1.50
2011.08.05 06:22:16.767,1.38112,1.38146,2.25,1.50
2011.08.05 06:22:16.996,1.38111,1.38146,2.25,1.50
2011.08.05 06:22:17.575,1.38112,1.38145,1.35,1.50
2011.08.05 06:22:18.161,1.38111,1.38145,2.85,1.50
2011.08.05 06:22:18.391,1.38111,1.38145,2.10,3.00
2011.08.05 06:22:18.726,1.38113,1.38145,1.35,1.50
2011.08.05 06:22:19.065,1.38113,1.38147,1.35,2.25
2011.08.05 06:22:19.295,1.38115,1.38149,1.35,1.50
2011.08.05 06:22:19.864,1.38117,1.38149,1.35,1.50
2011.08.05 06:22:19.985,1.38118,1.38149,1.13,1.50
2011.08.05 06:22:20.107,1.38117,1.38149,1.35,1.50
2011.08.05 06:22:20.227,1.38117,1.38149,1.35,1.88
2011.08.05 06:22:20.349,1.38109,1.38142,2.25,1.50
2011.08.05 06:22:20.714,1.38113,1.3815,1.35,1.50
2011.08.05 06:22:20.843,1.38114,1.3815,1.35,1.50
2011.08.05 06:22:21.755,1.38115,1.3815,1.35,1.50
2011.08.05 06:22:22.713,1.38115,1.3815,2.10,1.50
2011.08.05 06:22:22.825,1.38116,1.3815,1.50,1.50
2011.08.05 06:22:23.163,1.38119,1.38153,1.50,1.50
2011.08.05 06:22:23.496,1.38115,1.38153,2.10,1.50
2011.08.05 06:22:23.726,1.38119,1.38156,1.35,1.50
2011.08.05 06:22:24.070,1.38119,1.38155,1.35,2.25
2011.08.05 06:22:24.404,1.38117,1.38155,1.35,2.25
2011.08.05 06:22:25.083,1.38119,1.38155,1.35,2.25
2011.08.05 06:22:25.617,1.3812,1.38156,1.35,1.50
2011.08.05 06:22:25.859,1.38118,1.38152,1.35,1.50
2011.08.05 06:22:25.977,1.38116,1.38152,1.35,1.50
2011.08.05 06:22:26.424,1.38116,1.38152,1.35,1.50
2011.08.05 06:22:28.045,1.3812,1.38151,1.50,1.13
2011.08.05 06:22:28.495,1.38113,1.38147,1.35,1.50
2011.08.05 06:22:29.621,1.38112,1.38144,1.35,1.50
2011.08.05 06:22:31.247,1.38109,1.38144,2.85,1.50
2011.08.05 06:22:31.476,1.38109,1.38141,2.10,1.50
2011.08.05 06:22:32.235,1.38109,1.38141,1.35,1.50
2011.08.05 06:22:33.047,1.38109,1.38141,1.35,1.50
2011.08.05 06:22:36.217,1.38113,1.38145,1.73,1.50
2011.08.05 06:22:36.345,1.38116,1.3815,1.73,1.50
2011.08.05 06:22:36.909,1.38115,1.3815,2.85,1.50
2011.08.05 06:22:37.604,1.38116,1.3815,1.35,1.50
2011.08.05 06:22:37.935,1.38116,1.3815,1.35,1.50
2011.08.05 06:22:39.087,1.38116,1.3815,1.35,1.50
2011.08.05 06:22:39.319,1.38113,1.38143,1.35,1.13
2011.08.05 06:22:39.435,1.38105,1.38142,1.35,1.50
2011.08.05 06:22:39.558,1.38105,1.3814,1.35,1.50
2011.08.05 06:22:39.675,1.38105,1.3814,1.35,1.50
2011.08.05 06:22:40.186,1.38105,1.3814,1.35,1.50
2011.08.05 06:22:40.467,1.38105,1.3814,1.35,1.50
2011.08.05 06:22:40.586,1.38104,1.38136,1.35,1.50
2011.08.05 06:22:41.142,1.38099,1.38136,1.35,1.50
2011.08.05 06:22:41.489,1.38101,1.38133,1.35,1.50
2011.08.05 06:22:41.717,1.38101,1.38133,1.35,1.50
2011.08.05 06:22:41.946,1.38097,1.38134,1.35,1.50
2011.08.05 06:22:42.286,1.38097,1.38133,1.35,2.25
2011.08.05 06:22:42.740,1.38096,1.38131,1.35,1.50
2011.08.05 06:22:42.857,1.38094,1.38125,1.50,1.50
2011.08.05 06:22:43.415,1.38093,1.38125,1.35,1.50
2011.08.05 06:22:43.647,1.38094,1.38125,1.50,1.50
2011.08.05 06:22:44.217,1.38095,1.38128,1.35,1.50
2011.08.05 06:22:46.556,1.38094,1.38127,1.35,2.25
2011.08.05 06:22:47.005,1.38096,1.38128,1.35,1.50
2011.08.05 06:22:47.456,1.38096,1.38121,1.35,1.50
2011.08.05 06:22:47.796,1.38087,1.38118,1.35,3.00
2011.08.05 06:22:48.263,1.38085,1.38113,2.10,1.50
2011.08.05 06:22:48.385,1.38084,1.38117,1.13,1.50
2011.08.05 06:22:48.618,1.38083,1.38119,1.35,1.50
2011.08.05 06:22:48.956,1.38086,1.38121,1.35,2.25
2011.08.05 06:22:49.075,1.38089,1.38119,1.50,1.50
2011.08.05 06:22:49.636,1.38086,1.38119,1.35,1.50
2011.08.05 06:22:49.865,1.38086,1.38119,1.35,1.50
2011.08.05 06:22:51.132,1.38087,1.38123,1.35,1.50
2011.08.05 06:22:51.685,1.38088,1.38123,2.25,1.50
2011.08.05 06:22:52.026,1.38093,1.38127,1.35,1.50
2011.08.05 06:22:52.145,1.38093,1.38127,1.35,1.50
2011.08.05 06:22:53.155,1.38096,1.38131,1.35,1.50
2011.08.05 06:22:53.944,1.38096,1.38132,1.35,2.25
2011.08.05 06:22:54.274,1.38101,1.38135,1.35,1.50
2011.08.05 06:22:54.665,1.38104,1.38136,2.25,1.50
2011.08.05 06:22:54.791,1.38106,1.38138,2.25,1.50
2011.08.05 06:22:55.126,1.38106,1.38139,2.25,1.50
2011.08.05 06:22:55.360,1.38104,1.38138,1.35,1.50
2011.08.05 06:22:55.589,1.38112,1.38136,1.50,1.50
2011.08.05 06:22:55.926,1.38112,1.38142,1.50,1.50
2011.08.05 06:22:56.049,1.38108,1.38142,1.50,1.50
2011.08.05 06:22:56.386,1.38104,1.38136,1.50,1.50
2011.08.05 06:22:56.615,1.38101,1.38136,1.35,1.50
2011.08.05 06:22:57.207,1.38101,1.38139,1.35,1.50
2011.08.05 06:22:57.437,1.38101,1.38138,1.35,1.50
2011.08.05 06:22:57.556,1.38101,1.38138,2.10,1.50
2011.08.05 06:22:57.785,1.38105,1.38139,1.35,1.50
2011.08.05 06:22:58.348,1.38106,1.38141,1.35,1.50
2011.08.05 06:22:58.692,1.38102,1.38133,1.35,1.50
2011.08.05 06:22:58.811,1.38102,1.38133,1.35,1.50
2011.08.05 06:22:59.039,1.38108,1.38138,1.35,2.25
2011.08.05 06:22:59.158,1.38109,1.38138,1.35,2.25
2011.08.05 06:22:59.385,1.38109,1.38143,1.35,1.50
2011.08.05 06:22:59.507,1.38109,1.38143,1.35,1.50
2011.08.05 06:23:00.107,1.38102,1.38134,1.50,1.50
2011.08.05 06:23:00.916,1.38103,1.38137,1.35,1.50
2011.08.05 06:23:01.735,1.38104,1.38137,1.35,1.50
2011.08.05 06:23:02.985,1.38103,1.38135,1.35,1.50
2011.08.05 06:23:04.647,1.38103,1.38135,1.35,1.50
2011.08.05 06:23:05.965,1.38097,1.38132,1.35,1.50
2011.08.05 06:23:06.308,1.38097,1.38132,1.35,1.50
2011.08.05 06:23:06.535,1.38095,1.38128,1.50,1.50
2011.08.05 06:23:06.765,1.38093,1.38128,1.35,1.50
2011.08.05 06:23:07.815,1.38089,1.38121,1.35,1.50
2011.08.05 06:23:07.937,1.38086,1.38121,1.35,1.50
2011.08.05 06:23:08.519,1.38086,1.38119,1.35,1.13
2011.08.05 06:23:08.745,1.38083,1.38117,1.50,1.13
2011.08.05 06:23:10.075,1.3808,1.38114,1.35,1.50
2011.08.05 06:23:10.918,1.38078,1.3811,1.35,2.25
2011.08.05 06:23:11.036,1.38073,1.38106,1.35,1.50
2011.08.05 06:23:12.837,1.38073,1.38106,2.85,1.50
2011.08.05 06:23:14.221,1.38067,1.38098,1.50,1.50
2011.08.05 06:23:14.344,1.38063,1.38095,2.25,1.50
2011.08.05 06:23:14.784,1.38062,1.38097,2.85,1.50
2011.08.05 06:23:16.026,1.38062,1.38095,2.85,1.50
2011.08.05 06:23:16.836,1.38062,1.38095,1.35,1.50
2011.08.05 06:23:18.077,1.38062,1.38096,2.85,1.50
2011.08.05 06:23:18.639,1.38058,1.38093,2.10,1.50
2011.08.05 06:23:19.087,1.3806,1.38096,3.75,1.50
2011.08.05 06:23:19.205,1.38063,1.38096,1.50,1.50
2011.08.05 06:23:20.374,1.38064,1.38098,1.50,2.25
2011.08.05 06:23:21.098,1.38066,1.381,1.50,1.50
2011.08.05 06:23:21.435,1.38066,1.38101,3.00,1.50
2011.08.05 06:23:21.774,1.38069,1.38103,1.35,1.50
2011.08.05 06:23:21.996,1.38069,1.38103,1.35,1.50
2011.08.05 06:23:22.558,1.38073,1.38108,1.35,1.50
2011.08.05 06:23:24.122,1.38073,1.38108,2.85,1.50
2011.08.05 06:23:24.570,1.38073,1.38108,1.35,1.50
2011.08.05 06:23:25.746,1.38078,1.38112,1.50,1.50
2011.08.05 06:23:25.977,1.38081,1.38116,2.25,1.50
2011.08.05 06:23:26.096,1.38081,1.38117,2.25,1.50
2011.08.05 06:23:27.156,1.38086,1.38119,1.35,1.50
2011.08.05 06:23:27.968,1.38088,1.38122,1.35,1.50
2011.08.05 06:23:28.528,1.38092,1.38123,1.13,2.25
2011.08.05 06:23:28.866,1.38097,1.38129,1.35,1.50
2011.08.05 06:23:29.424,1.38097,1.38132,1.35,1.50
2011.08.05 06:23:29.646,1.38097,1.38132,1.35,1.50
2011.08.05 06:23:30.536,1.38096,1.38129,1.35,1.50
2011.08.05 06:23:31.061,1.38096,1.38129,1.35,1.50
2011.08.05 06:23:32.135,1.38096,1.38129,1.35,1.50
2011.08.05 06:23:32.917,1.38099,1.38131,1.35,2.25
2011.08.05 06:23:33.366,1.38095,1.38126,1.35,1.50
2011.08.05 06:23:33.814,1.38095,1.38126,1.35,1.50
2011.08.05 06:23:34.256,1.38092,1.38126,1.35,1.50
2011.08.05 06:23:35.999,1.38092,1.38126,1.35,1.88
2011.08.05 06:23:36.337,1.38083,1.38122,1.35,2.63
2011.08.05 06:23:36.458,1.38083,1.38122,1.35,2.63
2011.08.05 06:23:37.754,1.38083,1.38117,1.35,1.50
2011.08.05 06:23:39.056,1.3808,1.38118,1.35,1.88
2011.08.05 06:23:40.345,1.3808,1.38118,1.35,1.50
2011.08.05 06:23:40.565,1.3808,1.38118,1.35,1.50
2011.08.05 06:23:41.015,1.3808,1.38118,1.35,1.50
2011.08.05 06:23:42.967,1.3808,1.38118,1.35,1.50
2011.08.05 06:23:43.196,1.38086,1.38121,1.35,1.50
2011.08.05 06:23:43.425,1.38088,1.38123,1.35,1.50
2011.08.05 06:23:45.629,1.38091,1.38125,1.35,1.50
2011.08.05 06:23:45.966,1.38093,1.38127,2.10,1.50
2011.08.05 06:23:46.310,1.38087,1.38118,1.35,1.50
2011.08.05 06:23:47.196,1.38091,1.38122,1.13,1.50
2011.08.05 06:23:47.317,1.38092,1.38127,1.35,1.50
2011.08.05 06:23:47.913,1.38092,1.38128,1.35,2.25
2011.08.05 06:23:48.249,1.38092,1.3813,1.35,1.50
2011.08.05 06:23:49.326,1.3809,1.3813,1.35,3.00
2011.08.05 06:23:49.666,1.38092,1.38124,1.35,1.50
2011.08.05 06:23:50.115,1.38088,1.38121,1.35,1.50
2011.08.05 06:23:50.895,1.38085,1.3812,1.35,1.50
2011.08.05 06:23:51.126,1.38083,1.38116,1.35,2.25
2011.08.05 06:23:51.244,1.38081,1.38116,1.35,2.25
2011.08.05 06:23:51.685,1.3808,1.38113,1.35,1.50
2011.08.05 06:23:55.189,1.38083,1.38113,1.13,1.50
2011.08.05 06:23:55.421,1.38087,1.3812,1.35,1.50
2011.08.05 06:23:55.648,1.38087,1.38123,1.35,1.50
2011.08.05 06:23:55.768,1.38087,1.38123,1.35,1.50
2011.08.05 06:23:56.326,1.38091,1.38124,1.35,1.50
2011.08.05 06:23:56.556,1.38086,1.38121,2.10,1.50
2011.08.05 06:23:57.203,1.38085,1.38121,1.35,1.50
2011.08.05 06:23:57.651,1.38082,1.38118,1.35,1.50
2011.08.05 06:23:57.874,1.38082,1.38118,1.35,1.50
2011.08.05 06:23:58.096,1.38082,1.38118,1.35,1.50
2011.08.05 06:23:59.425,1.38082,1.38118,1.35,1.50
2011.08.05 06:24:00.396,1.38082,1.38118,1.35,1.50
2011.08.05 06:24:00.957,1.38082,1.38118,1.35,1.50
2011.08.05 06:24:01.612,1.38078,1.38114,2.10,1.50
2011.08.05 06:24:03.317,1.38081,1.38114,1.35,1.50
2011.08.05 06:24:04.329,1.38076,1.38114,2.85,2.25
2011.08.05 06:24:04.853,1.38077,1.38115,2.10,1.50
2011.08.05 06:24:05.305,1.38088,1.38121,1.35,1.50
2011.08.05 06:24:05.645,1.38087,1.38125,1.35,1.50
2011.08.05 06:24:09.955,1.38093,1.38126,1.35,1.50
2011.08.05 06:24:10.518,1.38103,1.3813,1.50,1.50
2011.08.05 06:24:10.749,1.38109,1.38144,2.10,3.00
2011.08.05 06:24:10.868,1.38108,1.38144,1.35,1.50
2011.08.05 06:24:10.986,1.38111,1.38144,1.50,1.50
2011.08.05 06:24:11.634,1.38113,1.38148,1.35,1.50
2011.08.05 06:24:11.978,1.38113,1.38145,1.35,1.50
2011.08.05 06:24:12.455,1.38113,1.38145,1.35,1.50
2011.08.05 06:24:13.015,1.38117,1.38148,1.35,1.50
2011.08.05 06:24:13.815,1.38117,1.38148,1.35,1.50
2011.08.05 06:24:15.353,1.38113,1.38145,1.35,1.50
2011.08.05 06:24:16.015,1.38113,1.38145,1.35,1.50
2011.08.05 06:24:16.236,1.38113,1.38145,2.10,1.50
2011.08.05 06:24:16.464,1.38113,1.38145,2.10,1.50
2011.08.05 06:24:16.685,1.38113,1.38145,2.10,1.50
2011.08.05 06:24:17.225,1.38113,1.38145,2.10,1.50
2011.08.05 06:24:17.346,1.38113,1.38145,2.10,1.50
2011.08.05 06:24:18.126,1.38109,1.38146,2.10,1.50
2011.08.05 06:24:18.918,1.38113,1.38149,1.35,1.50
2011.08.05 06:24:19.590,1.38112,1.38144,1.50,1.50
2011.08.05 06:24:19.818,1.38105,1.38143,1.35,1.50
2011.08.05 06:24:20.047,1.38105,1.38145,3.23,1.50
2011.08.05 06:24:20.390,1.38108,1.38141,1.35,2.25
2011.08.05 06:24:20.837,1.38108,1.38144,1.35,2.25
2011.08.05 06:24:20.958,1.38109,1.38143,1.35,1.50
2011.08.05 06:24:21.536,1.3811,1.38145,1.35,1.50
2011.08.05 06:24:21.766,1.38109,1.38145,1.50,1.50
2011.08.05 06:24:21.999,1.38105,1.38139,1.50,1.50
2011.08.05 06:24:22.335,1.38103,1.38139,1.35,1.50
2011.08.05 06:24:23.125,1.38104,1.38135,1.35,1.50
2011.08.05 06:24:23.576,1.38104,1.38135,1.35,1.50
2011.08.05 06:24:24.504,1.38098,1.38132,1.35,1.50
2011.08.05 06:24:25.119,1.38102,1.38136,1.35,1.50
2011.08.05 06:24:25.593,1.38104,1.38142,1.35,1.88
2011.08.05 06:24:25.708,1.38104,1.38139,1.35,1.50
2011.08.05 06:24:26.048,1.38105,1.38137,1.35,1.50
2011.08.05 06:24:26.387,1.38103,1.38138,1.50,1.50
2011.08.05 06:24:26.725,1.38101,1.38134,2.10,1.50
2011.08.05 06:24:28.357,1.38101,1.38132,1.35,1.13
2011.08.05 06:24:28.698,1.38091,1.38125,1.35,1.50
2011.08.05 06:24:29.293,1.38091,1.38125,3.60,1.50
2011.08.05 06:24:29.956,1.38095,1.38129,1.35,1.50
2011.08.05 06:24:30.299,1.38095,1.38125,1.35,2.25
2011.08.05 06:24:30.528,1.38089,1.38125,1.35,2.25
2011.08.05 06:24:31.644,1.38089,1.3812,1.35,1.50
2011.08.05 06:24:31.977,1.38088,1.3812,1.50,1.50
2011.08.05 06:24:32.557,1.38099,1.3813,1.50,1.50
2011.08.05 06:24:32.684,1.38089,1.38125,2.10,1.50
2011.08.05 06:24:32.799,1.38089,1.38125,2.10,1.50
2011.08.05 06:24:33.249,1.38088,1.38121,2.10,1.50
2011.08.05 06:24:33.370,1.38089,1.38121,1.35,1.50
2011.08.05 06:24:33.818,1.38089,1.38121,1.35,1.50
2011.08.05 06:24:34.377,1.38085,1.38119,1.35,1.50
2011.08.05 06:24:34.939,1.38082,1.38116,1.35,1.50
2011.08.05 06:24:35.621,1.38086,1.38119,1.35,1.50
2011.08.05 06:24:36.258,1.38088,1.38119,1.50,1.50
2011.08.05 06:24:36.377,1.3809,1.38125,1.35,4.50
2011.08.05 06:24:36.716,1.3809,1.38125,1.73,2.25
2011.08.05 06:24:37.055,1.3809,1.38125,1.35,2.25
2011.08.05 06:24:37.603,1.38087,1.38123,1.35,1.50
2011.08.05 06:24:38.154,1.38088,1.38123,1.35,1.50
2011.08.05 06:24:39.566,1.38088,1.38123,1.35,1.50
2011.08.05 06:24:40.898,1.38091,1.38123,1.35,1.50
2011.08.05 06:24:41.912,1.38094,1.38126,1.35,1.50
2011.08.05 06:24:42.358,1.38088,1.38123,1.35,1.50
2011.08.05 06:24:43.797,1.38088,1.38125,1.35,1.88
2011.08.05 06:24:47.361,1.38086,1.38123,2.10,1.13
2011.08.05 06:24:47.904,1.38089,1.38124,1.35,1.50
2011.08.05 06:24:48.565,1.38092,1.38127,1.35,1.50
2011.08.05 06:24:48.689,1.38092,1.38128,1.35,1.50
2011.08.05 06:24:49.376,1.38092,1.38128,1.35,2.25
2011.08.05 06:24:50.256,1.38092,1.38127,1.35,2.25
2011.08.05 06:24:50.594,1.3809,1.38128,1.35,2.25
2011.08.05 06:24:51.636,1.38092,1.38128,1.35,1.50
2011.08.05 06:24:52.937,1.38092,1.38125,1.35,2.25
2011.08.05 06:24:53.060,1.38092,1.38124,1.35,2.25
2011.08.05 06:24:53.286,1.38092,1.38127,1.35,3.00
2011.08.05 06:24:53.846,1.38092,1.38128,1.35,2.25
2011.08.05 06:24:56.937,1.38092,1.38127,1.35,1.50
2011.08.05 06:24:57.827,1.38091,1.38125,1.50,1.88
2011.08.05 06:25:00.586,1.38094,1.38126,1.35,1.50
2011.08.05 06:25:01.256,1.38094,1.38126,1.35,1.50
2011.08.05 06:25:01.844,1.38094,1.38127,1.35,1.50
2011.08.05 06:25:02.181,1.38095,1.38128,1.50,1.50
2011.08.05 06:25:02.299,1.381,1.38132,1.35,3.00
2011.08.05 06:25:03.405,1.38101,1.38131,1.35,1.50
2011.08.05 06:25:03.699,1.38098,1.38129,1.35,1.50
2011.08.05 06:25:04.187,1.38094,1.38129,1.35,1.50
2011.08.05 06:25:04.745,1.3809,1.38127,1.35,3.75
2011.08.05 06:25:08.037,1.38094,1.38126,1.35,2.25
2011.08.05 06:25:08.158,1.38094,1.3813,1.35,1.50
2011.08.05 06:25:08.500,1.38094,1.38125,1.35,1.50
2011.08.05 06:25:09.506,1.38094,1.38129,1.35,1.50
2011.08.05 06:25:09.627,1.38099,1.38132,1.35,1.50
2011.08.05 06:25:09.748,1.38099,1.38132,1.35,1.50
2011.08.05 06:25:10.677,1.38101,1.38136,1.35,1.50
2011.08.05 06:25:11.162,1.38104,1.38143,1.35,1.50
2011.08.05 06:25:11.826,1.38107,1.38139,1.35,1.50
2011.08.05 06:25:12.165,1.38103,1.38137,1.35,1.50
2011.08.05 06:25:12.287,1.38103,1.38136,1.35,1.50
2011.08.05 06:25:13.177,1.38108,1.38143,1.35,1.50
2011.08.05 06:25:14.108,1.3811,1.38145,1.35,3.75
2011.08.05 06:25:14.506,1.3811,1.38145,1.35,3.75
2011.08.05 06:25:15.847,1.38108,1.38142,2.10,2.25
2011.08.05 06:25:16.186,1.38105,1.38136,1.13,2.25
2011.08.05 06:25:16.307,1.38104,1.38138,1.35,1.50
2011.08.05 06:25:16.535,1.38108,1.3814,1.50,1.50
2011.08.05 06:25:17.095,1.3811,1.38144,1.35,2.10
2011.08.05 06:25:17.436,1.38106,1.38141,1.35,1.50
2011.08.05 06:25:17.996,1.38106,1.38139,1.35,1.50
2011.08.05 06:25:19.365,1.38106,1.38139,1.35,2.25
2011.08.05 06:25:19.595,1.38105,1.38142,1.35,3.00
2011.08.05 06:25:19.717,1.38105,1.38139,1.35,5.25
2011.08.05 06:25:20.056,1.38102,1.3813,1.35,2.63
2011.08.05 06:25:20.289,1.38093,1.38127,1.13,1.50
2011.08.05 06:25:20.868,1.38092,1.38129,1.73,2.25
2011.08.05 06:25:21.424,1.38095,1.38131,1.35,1.50
2011.08.05 06:25:23.005,1.38095,1.38131,1.35,1.50
2011.08.05 06:25:23.477,1.38095,1.38131,1.35,1.50
2011.08.05 06:25:23.709,1.38095,1.38129,1.35,1.50
2011.08.05 06:25:24.047,1.38095,1.3813,1.35,1.50
2011.08.05 06:25:25.327,1.38092,1.38127,1.35,2.25
2011.08.05 06:25:25.995,1.38093,1.3813,1.35,2.25
2011.08.05 06:25:27.895,1.38096,1.3813,1.35,3.00
2011.08.05 06:25:28.235,1.38096,1.38127,1.35,1.50
2011.08.05 06:25:28.581,1.38091,1.38127,1.35,1.50
2011.08.05 06:25:28.696,1.38091,1.38128,1.35,1.50
2011.08.05 06:25:29.070,1.3809,1.38129,1.35,1.50
2011.08.05 06:25:29.203,1.38094,1.3813,1.50,3.00
2011.08.05 06:25:29.316,1.38094,1.3813,1.50,1.50
2011.08.05 06:25:29.658,1.38099,1.38136,2.25,2.25
2011.08.05 06:25:29.887,1.38112,1.3814,1.35,2.25
2011.08.05 06:25:30.010,1.38112,1.3814,1.35,1.50
2011.08.05 06:25:30.128,1.38112,1.38146,1.35,1.50
2011.08.05 06:25:30.469,1.3811,1.3814,1.50,1.50
2011.08.05 06:25:31.025,1.38108,1.3814,1.35,1.50
2011.08.05 06:25:31.372,1.38108,1.38133,1.35,1.50
2011.08.05 06:25:31.596,1.38106,1.3814,1.50,2.25
2011.08.05 06:25:31.718,1.38112,1.38139,1.50,2.25
2011.08.05 06:25:32.200,1.38112,1.38131,1.50,1.50
2011.08.05 06:25:33.886,1.38112,1.38128,1.50,1.50
2011.08.05 06:25:39.786,1.38109,1.38128,1.50,1.50
2011.08.05 06:25:41.417,1.38104,1.38122,2.03,1.35
2011.08.05 06:25:41.757,1.3809,1.3812,2.25,1.35
2011.08.05 06:25:41.879,1.38083,1.38116,1.50,1.50
2011.08.05 06:25:41.997,1.38083,1.38113,1.50,1.50
2011.08.05 06:25:42.445,1.38079,1.38111,1.50,1.50
2011.08.05 06:25:42.775,1.38085,1.38111,1.50,1.50
2011.08.05 06:25:43.667,1.38093,1.38118,1.50,1.50
2011.08.05 06:25:43.896,1.38093,1.38121,1.50,1.50
2011.08.05 06:25:44.910,1.38094,1.38121,1.50,3.00
2011.08.05 06:25:45.246,1.38093,1.38119,1.50,2.10
2011.08.05 06:25:45.808,1.38094,1.3812,1.50,1.50
2011.08.05 06:25:46.037,1.38093,1.38116,1.50,1.50
2011.08.05 06:25:46.155,1.38092,1.38116,1.50,1.50
2011.08.05 06:25:46.608,1.38094,1.38122,1.50,1.50
2011.08.05 06:25:47.166,1.38093,1.38122,1.50,1.50
2011.08.05 06:25:47.395,1.38093,1.38125,1.50,2.25
2011.08.05 06:25:47.864,1.38095,1.38131,1.35,2.25
2011.08.05 06:25:48.520,1.38096,1.38128,1.35,1.50
2011.08.05 06:25:48.874,1.38094,1.38123,1.50,3.75
2011.08.05 06:25:48.991,1.38094,1.38116,1.50,2.25
2011.08.05 06:25:49.328,1.38093,1.38111,1.50,3.00
2011.08.05 06:25:49.557,1.38093,1.38111,1.50,3.00
2011.08.05 06:25:50.271,1.38093,1.38109,1.50,3.38
2011.08.05 06:25:50.716,1.38093,1.3811,1.50,3.75
2011.08.05 06:25:50.836,1.38093,1.38106,1.50,1.50
2011.08.05 06:25:51.175,1.3809,1.38107,1.50,1.50
2011.08.05 06:25:51.407,1.38073,1.38107,1.35,1.50
2011.08.05 06:25:51.792,1.38072,1.3811,1.35,1.50
2011.08.05 06:25:53.226,1.38083,1.38108,1.50,1.50
2011.08.05 06:25:53.597,1.38073,1.38104,2.03,1.13
2011.08.05 06:25:53.726,1.38081,1.38107,1.50,1.50
2011.08.05 06:25:53.847,1.38084,1.38109,1.50,1.50
2011.08.05 06:25:54.080,1.38084,1.38113,1.50,3.00
2011.08.05 06:25:54.310,1.38084,1.38113,1.50,1.50
2011.08.05 06:25:54.652,1.38084,1.38107,1.50,1.50
2011.08.05 06:25:54.769,1.38084,1.38107,1.50,2.25
2011.08.05 06:25:54.999,1.38084,1.38106,1.50,2.25
2011.08.05 06:25:55.119,1.38084,1.38106,1.50,2.25
2011.08.05 06:25:55.569,1.38084,1.381,1.50,1.50
2011.08.05 06:25:56.076,1.38084,1.38099,1.50,2.25
2011.08.05 06:25:56.430,1.38052,1.38085,1.50,1.50
2011.08.05 06:25:56.549,1.38051,1.38085,1.50,1.50
2011.08.05 06:25:56.670,1.38053,1.38086,1.50,1.50
2011.08.05 06:25:57.226,1.38054,1.38087,1.35,1.50
2011.08.05 06:25:57.458,1.38054,1.38089,1.35,2.25
2011.08.05 06:25:58.239,1.38058,1.38091,1.35,1.50
2011.08.05 06:25:58.888,1.38067,1.38095,1.50,2.25
2011.08.05 06:26:00.776,1.38072,1.38107,1.35,3.75
2011.08.05 06:26:01.347,1.38072,1.38107,1.73,1.50
2011.08.05 06:26:01.466,1.38072,1.38107,1.35,1.50
2011.08.05 06:26:03.967,1.38071,1.38106,1.35,1.50
2011.08.05 06:26:04.196,1.38071,1.38102,1.35,2.25
2011.08.05 06:26:04.430,1.38066,1.381,1.35,1.50
2011.08.05 06:26:04.986,1.38066,1.381,1.35,3.75
2011.08.05 06:26:05.545,1.38066,1.381,1.35,2.25
2011.08.05 06:26:06.517,1.38069,1.38102,2.10,4.73
2011.08.05 06:26:06.641,1.3807,1.38102,1.35,1.35
2011.08.05 06:26:06.872,1.38064,1.38098,1.35,1.35
2011.08.05 06:26:07.098,1.38061,1.38097,1.35,2.25
2011.08.05 06:26:07.546,1.38061,1.38094,1.35,1.50
2011.08.05 06:26:08.113,1.38064,1.38094,1.50,1.50
2011.08.05 06:26:08.445,1.38066,1.38098,1.35,3.00
2011.08.05 06:26:08.556,1.38062,1.38094,1.35,1.50
2011.08.05 06:26:08.679,1.38062,1.38094,1.35,1.50
2011.08.05 06:26:09.321,1.38066,1.38102,1.35,1.50
2011.08.05 06:26:09.704,1.38066,1.38102,1.35,1.50
2011.08.05 06:26:10.048,1.38066,1.38102,1.35,1.50
2011.08.05 06:26:10.280,1.3807,1.38102,1.50,1.50
2011.08.05 06:26:10.837,1.3807,1.38102,2.10,1.50
2011.08.05 06:26:11.407,1.3807,1.3811,1.50,1.50
2011.08.05 06:26:13.196,1.38094,1.38112,4.35,1.50
2011.08.05 06:26:13.316,1.38094,1.38121,5.85,1.50
2011.08.05 06:26:13.435,1.38094,1.38126,4.35,1.50
2011.08.05 06:26:13.666,1.38094,1.38134,1.35,3.00
2011.08.05 06:26:14.245,1.38094,1.38132,1.35,2.25
2011.08.05 06:26:15.584,1.38095,1.38137,1.50,1.50
2011.08.05 06:26:15.917,1.38093,1.38137,3.75,2.25
2011.08.05 06:26:16.257,1.38099,1.38139,1.50,2.25
2011.08.05 06:26:16.596,1.38093,1.38129,2.25,1.50
2011.08.05 06:26:16.936,1.38093,1.38127,1.50,1.50
2011.08.05 06:26:17.166,1.38085,1.38124,2.10,2.25
2011.08.05 06:26:17.736,1.38085,1.38124,2.10,2.25
2011.08.05 06:26:18.620,1.38083,1.38122,1.35,1.50
2011.08.05 06:26:19.284,1.38087,1.38124,1.50,1.50
2011.08.05 06:26:19.618,1.38103,1.38134,1.50,1.50
2011.08.05 06:26:19.740,1.38107,1.38134,1.50,1.50
2011.08.05 06:26:19.857,1.38108,1.38135,1.50,2.25
2011.08.05 06:26:20.089,1.38123,1.38148,1.50,1.50
2011.08.05 06:26:20.647,1.38121,1.38162,1.50,1.50
2011.08.05 06:26:20.766,1.38123,1.38163,1.50,1.50
2011.08.05 06:26:21.105,1.38126,1.38163,1.50,1.50
2011.08.05 06:26:22.462,1.38126,1.38163,1.50,1.50
2011.08.05 06:26:22.577,1.38132,1.3817,1.50,1.50
2011.08.05 06:26:22.697,1.38135,1.38172,1.50,1.50
2011.08.05 06:26:22.816,1.38136,1.38174,1.50,1.50
2011.08.05 06:26:23.048,1.38134,1.38174,1.50,2.25
2011.08.05 06:26:23.388,1.38126,1.38167,1.50,1.50
2011.08.05 06:26:23.505,1.38126,1.38167,1.50,1.50
2011.08.05 06:26:23.845,1.38124,1.38167,3.60,1.50
2011.08.05 06:26:24.066,1.38125,1.38167,3.00,1.50
2011.08.05 06:26:24.515,1.38128,1.38167,1.50,1.50
2011.08.05 06:26:24.636,1.38128,1.38167,1.50,1.50
2011.08.05 06:26:25.197,1.38128,1.38167,1.50,1.50
2011.08.05 06:26:25.836,1.38123,1.38162,1.50,3.00
2011.08.05 06:26:26.179,1.38145,1.38185,1.50,1.50
2011.08.05 06:26:27.064,1.38144,1.38185,1.50,1.50
2011.08.05 06:26:28.595,1.38149,1.38185,1.50,1.50
2011.08.05 06:26:28.715,1.38151,1.38185,1.50,1.50
2011.08.05 06:26:29.755,1.38151,1.38177,1.50,1.50
2011.08.05 06:26:29.988,1.38161,1.38201,1.50,3.60
2011.08.05 06:26:30.220,1.38166,1.38205,1.50,1.50
2011.08.05 06:26:30.888,1.38162,1.382,2.25,1.50
2011.08.05 06:26:31.229,1.38154,1.38187,2.25,1.50
2011.08.05 06:26:31.834,1.38158,1.38197,2.25,1.50
2011.08.05 06:26:33.374,1.38154,1.38193,1.50,1.50
2011.08.05 06:26:34.447,1.38156,1.38196,1.50,1.50
2011.08.05 06:26:34.676,1.38158,1.38196,2.25,1.50
2011.08.05 06:26:35.356,1.38158,1.38196,2.25,1.50
2011.08.05 06:26:35.916,1.38155,1.38195,3.00,1.50
2011.08.05 06:26:36.244,1.38155,1.38195,3.00,1.50
2011.08.05 06:26:36.685,1.38155,1.38195,3.00,1.50
2011.08.05 06:26:37.027,1.38155,1.38191,3.00,4.50
2011.08.05 06:26:37.258,1.38155,1.38187,1.50,1.50
2011.08.05 06:26:37.486,1.38155,1.38195,1.50,2.25
2011.08.05 06:26:37.605,1.38155,1.38187,1.50,1.50
2011.08.05 06:26:38.165,1.38153,1.38187,2.10,1.50
2011.08.05 06:26:38.507,1.38154,1.38194,3.00,1.50
2011.08.05 06:26:39.109,1.38157,1.38192,1.50,4.50
2011.08.05 06:26:39.235,1.38153,1.38187,4.73,1.50
2011.08.05 06:26:39.568,1.38164,1.382,1.35,2.25
2011.08.05 06:26:39.909,1.38166,1.38201,1.50,1.50
2011.08.05 06:26:40.136,1.38166,1.38201,1.50,1.50
2011.08.05 06:26:40.698,1.3816,1.38203,1.50,3.00
2011.08.05 06:26:41.256,1.38165,1.38203,1.50,1.50
2011.08.05 06:26:41.598,1.38161,1.38203,2.25,1.50
2011.08.05 06:26:42.033,1.38172,1.38208,1.50,1.50
2011.08.05 06:26:42.259,1.3818,1.38216,1.50,1.50
2011.08.05 06:26:42.489,1.38177,1.38216,1.50,1.50
2011.08.05 06:26:43.485,1.38185,1.38228,1.50,2.25
2011.08.05 06:26:44.047,1.38183,1.38225,1.50,2.25
2011.08.05 06:26:44.805,1.38191,1.38226,1.50,2.25
2011.08.05 06:26:45.412,1.38191,1.38233,1.50,2.25
2011.08.05 06:26:45.956,1.38191,1.38228,1.50,1.50
2011.08.05 06:26:46.294,1.38191,1.38228,1.50,1.50
2011.08.05 06:26:46.790,1.38186,1.38219,4.50,2.25
2011.08.05 06:26:46.909,1.38184,1.38212,1.50,2.25
2011.08.05 06:26:47.136,1.38178,1.38212,3.00,2.25
2011.08.05 06:26:47.597,1.38184,1.38216,1.50,1.50
2011.08.05 06:26:47.710,1.38184,1.38224,1.50,2.25
2011.08.05 06:26:47.828,1.38181,1.3822,1.50,2.25
2011.08.05 06:26:48.059,1.38184,1.38217,1.50,1.50
2011.08.05 06:26:48.177,1.38183,1.3821,1.50,1.50
2011.08.05 06:26:48.408,1.38181,1.38211,1.50,1.50
2011.08.05 06:26:48.745,1.3817,1.38209,1.50,1.50
2011.08.05 06:26:48.867,1.38169,1.3821,1.50,3.00
2011.08.05 06:26:49.776,1.38171,1.38213,2.25,1.50
2011.08.05 06:26:50.116,1.38177,1.38222,2.25,1.35
2011.08.05 06:26:51.031,1.38171,1.38213,2.25,1.50
2011.08.05 06:26:51.699,1.38167,1.38201,1.50,1.50
2011.08.05 06:26:51.816,1.38164,1.38197,3.00,1.50
2011.08.05 06:26:51.935,1.38164,1.38197,1.50,1.50
2011.08.05 06:26:52.059,1.38161,1.38197,1.50,1.50
2011.08.05 06:26:52.290,1.38164,1.38205,1.50,2.25
2011.08.05 06:26:53.879,1.38156,1.38202,3.00,2.25
2011.08.05 06:26:54.327,1.38153,1.38195,1.50,2.25
2011.08.05 06:26:55.216,1.38153,1.38198,1.50,2.25
2011.08.05 06:26:56.095,1.38154,1.38196,1.50,2.25
2011.08.05 06:26:56.667,1.38152,1.38196,2.25,2.25
2011.08.05 06:26:57.007,1.38162,1.38194,1.50,3.00
2011.08.05 06:26:57.895,1.38158,1.38188,1.50,1.50
2011.08.05 06:26:58.455,1.38158,1.38191,1.50,1.50
2011.08.05 06:26:58.689,1.3816,1.38191,1.50,1.50
2011.08.05 06:26:59.136,1.3816,1.38189,1.50,2.25
2011.08.05 06:27:00.357,1.3816,1.38189,1.50,2.25
2011.08.05 06:27:00.861,1.3816,1.38189,1.50,1.50
2011.08.05 06:27:01.747,1.3816,1.38186,1.50,1.50
2011.08.05 06:27:01.979,1.38162,1.38188,1.50,1.50
2011.08.05 06:27:02.101,1.38162,1.38192,1.50,1.50
2011.08.05 06:27:02.221,1.38164,1.38199,1.50,1.50
2011.08.05 06:27:02.776,1.38161,1.38192,1.50,1.50
2011.08.05 06:27:03.397,1.38163,1.38197,1.50,1.50
2011.08.05 06:27:03.957,1.38166,1.38205,1.50,1.50
2011.08.05 06:27:05.506,1.38166,1.38206,1.50,3.00
2011.08.05 06:27:06.437,1.38169,1.38209,1.50,3.00
2011.08.05 06:27:06.556,1.3817,1.38208,1.50,2.25
2011.08.05 06:27:07.142,1.38172,1.38211,1.50,2.25
2011.08.05 06:27:07.365,1.38171,1.38211,1.50,3.00
2011.08.05 06:27:07.925,1.3817,1.3821,1.50,2.25
2011.08.05 06:27:08.157,1.38169,1.38208,1.50,2.25
2011.08.05 06:27:08.717,1.38166,1.38206,1.50,2.25
2011.08.05 06:27:10.094,1.38166,1.38209,2.25,3.00
2011.08.05 06:27:10.316,1.38164,1.38209,3.75,3.00
2011.08.05 06:27:11.867,1.38168,1.38206,1.50,1.50
2011.08.05 06:27:12.099,1.38167,1.38209,1.50,2.25
2011.08.05 06:27:12.539,1.38168,1.3821,2.25,2.25
2011.08.05 06:27:12.663,1.38168,1.38214,2.25,2.25
2011.08.05 06:27:13.000,1.38171,1.38216,2.25,1.50
2011.08.05 06:27:13.338,1.38171,1.38201,1.50,1.50
2011.08.05 06:27:13.567,1.38163,1.38198,1.50,2.25
2011.08.05 06:27:16.476,1.38164,1.382,1.50,1.50
2011.08.05 06:27:16.816,1.38163,1.38202,1.50,1.50
2011.08.05 06:27:17.161,1.38144,1.38175,1.50,1.50
2011.08.05 06:27:17.282,1.38152,1.38177,1.50,1.50
2011.08.05 06:27:17.401,1.38156,1.38172,1.50,1.50
2011.08.05 06:27:17.628,1.38156,1.38183,1.50,1.50
2011.08.05 06:27:17.857,1.38156,1.38193,1.50,4.35
2011.08.05 06:27:17.977,1.3815,1.38192,2.25,1.50
2011.08.05 06:27:19.216,1.38157,1.38198,2.25,1.50
2011.08.05 06:27:19.446,1.38161,1.38199,1.50,1.50
2011.08.05 06:27:19.568,1.38168,1.38201,1.50,2.25
2011.08.05 06:27:19.801,1.38168,1.38202,1.50,1.50
2011.08.05 06:27:19.916,1.38172,1.382,1.50,1.50
2011.08.05 06:27:20.256,1.38166,1.38201,1.50,2.25
2011.08.05 06:27:20.597,1.38166,1.38192,1.50,2.25
2011.08.05 06:27:20.715,1.38165,1.38195,1.50,3.75
2011.08.05 06:27:21.292,1.38151,1.38188,3.00,1.50
2011.08.05 06:27:21.411,1.38151,1.38188,3.00,1.50
2011.08.05 06:27:21.857,1.38153,1.38188,1.50,2.25
2011.08.05 06:27:22.197,1.38153,1.38191,1.50,1.50
2011.08.05 06:27:22.539,1.38154,1.38199,2.25,2.25
2011.08.05 06:27:22.986,1.38151,1.38197,3.00,2.25
2011.08.05 06:27:23.436,1.38151,1.38194,3.00,1.50
2011.08.05 06:27:23.556,1.38151,1.38192,1.50,1.50
2011.08.05 06:27:23.989,1.38148,1.38192,2.25,2.25
2011.08.05 06:27:24.110,1.38149,1.38192,1.50,2.25
2011.08.05 06:27:24.337,1.38151,1.38197,3.00,2.25
2011.08.05 06:27:25.005,1.38151,1.38195,2.25,1.50
2011.08.05 06:27:25.236,1.38155,1.38195,1.50,1.50
2011.08.05 06:27:25.577,1.38157,1.38199,4.50,2.25
2011.08.05 06:27:25.810,1.38161,1.38197,1.50,2.25
2011.08.05 06:27:26.036,1.38152,1.38195,1.50,2.25
2011.08.05 06:27:27.532,1.38167,1.38209,1.50,3.00
2011.08.05 06:27:27.645,1.38166,1.38209,1.50,3.00
2011.08.05 06:27:28.427,1.38167,1.38209,1.50,3.00
2011.08.05 06:27:30.357,1.38167,1.38209,1.50,2.25
2011.08.05 06:27:30.698,1.38167,1.3821,1.50,2.25
2011.08.05 06:27:31.465,1.38167,1.38203,1.50,1.50
2011.08.05 06:27:31.705,1.38167,1.3821,1.50,1.50
2011.08.05 06:27:31.826,1.38167,1.3821,1.50,1.50
2011.08.05 06:27:32.385,1.38167,1.38207,1.50,1.13
2011.08.05 06:27:32.714,1.38167,1.38207,1.50,1.13
2011.08.05 06:27:34.669,1.38174,1.38207,2.63,1.13
2011.08.05 06:27:35.227,1.38179,1.38213,1.50,1.13
2011.08.05 06:27:35.347,1.3819,1.3822,1.50,1.13
2011.08.05 06:27:35.685,1.38188,1.3822,1.50,1.13
2011.08.05 06:27:36.506,1.38193,1.38219,4.50,1.13
2011.08.05 06:27:36.632,1.38184,1.38219,1.50,1.13
2011.08.05 06:27:36.970,1.38179,1.38217,1.50,1.50
2011.08.05 06:27:38.187,1.38174,1.38213,1.50,1.13
2011.08.05 06:27:38.638,1.38184,1.38217,1.50,1.50
2011.08.05 06:27:38.757,1.38184,1.38221,1.50,1.13
2011.08.05 06:27:39.008,1.38184,1.38223,1.50,1.13
2011.08.05 06:27:39.702,1.38184,1.38226,3.00,1.35
2011.08.05 06:27:42.040,1.38184,1.38223,3.00,1.50
2011.08.05 06:27:42.158,1.38183,1.3822,1.35,1.50
2011.08.05 06:27:43.460,1.38186,1.38218,1.50,1.50
2011.08.05 06:27:43.687,1.38186,1.38215,1.50,1.50
2011.08.05 06:27:44.599,1.38186,1.38215,1.50,1.50
2011.08.05 06:27:45.050,1.38178,1.38201,2.25,1.50
2011.08.05 06:27:45.169,1.38178,1.38197,1.50,1.50
2011.08.05 06:27:45.287,1.38176,1.38189,1.50,1.50
2011.08.05 06:27:45.739,1.38156,1.38189,1.50,1.50
2011.08.05 06:27:45.966,1.38155,1.38189,1.50,1.50
2011.08.05 06:27:46.493,1.38156,1.38189,1.50,1.50
2011.08.05 06:27:47.168,1.38156,1.38193,1.50,1.50
2011.08.05 06:27:47.286,1.38156,1.38193,3.38,1.50
2011.08.05 06:27:47.522,1.38158,1.38197,2.25,3.00
2011.08.05 06:27:48.404,1.38156,1.38192,1.50,1.50
2011.08.05 06:27:49.256,1.38153,1.38192,1.35,1.50
2011.08.05 06:27:49.822,1.38156,1.38195,2.25,1.50
2011.08.05 06:27:50.816,1.3816,1.38195,1.50,1.50
2011.08.05 06:27:51.379,1.3816,1.38191,1.50,1.35
2011.08.05 06:27:51.610,1.38154,1.38191,2.25,2.10
2011.08.05 06:27:51.947,1.38154,1.38187,2.25,1.50
2011.08.05 06:27:52.559,1.38154,1.38187,1.50,1.50
2011.08.05 06:27:53.777,1.38153,1.38187,1.50,1.50
2011.08.05 06:27:54.340,1.38152,1.38187,1.50,1.50
2011.08.05 06:27:55.008,1.38153,1.38191,2.25,1.50
2011.08.05 06:27:55.597,1.38158,1.38196,1.50,2.25
2011.08.05 06:27:56.997,1.38157,1.38189,1.50,1.13
2011.08.05 06:27:57.117,1.38154,1.38189,2.10,2.63
2011.08.05 06:27:57.345,1.38154,1.38189,1.50,1.50
2011.08.05 06:27:58.348,1.38156,1.38189,4.50,1.50
2011.08.05 06:27:58.576,1.38154,1.3819,2.25,1.50
2011.08.05 06:27:58.701,1.38154,1.3819,3.75,1.50
2011.08.05 06:27:59.238,1.38155,1.38193,2.25,1.50
2011.08.05 06:27:59.467,1.38153,1.38193,3.00,1.50
2011.08.05 06:27:59.807,1.38158,1.38193,2.25,1.50
2011.08.05 06:28:00.156,1.38158,1.38193,1.50,1.50
2011.08.05 06:28:00.498,1.38155,1.38188,1.50,1.50
2011.08.05 06:28:00.617,1.38154,1.38188,1.50,1.50
2011.08.05 06:28:01.067,1.38156,1.38193,5.25,3.00
2011.08.05 06:28:02.654,1.38156,1.38195,6.00,1.50
2011.08.05 06:28:03.322,1.38155,1.38194,2.85,1.13
2011.08.05 06:28:03.440,1.38154,1.38194,1.35,1.13
2011.08.05 06:28:03.563,1.38153,1.3819,2.25,1.50
2011.08.05 06:28:04.116,1.38153,1.3819,2.25,1.50
2011.08.05 06:28:04.568,1.38161,1.3819,4.50,1.50
2011.08.05 06:28:05.017,1.3816,1.3819,1.50,1.50
2011.08.05 06:28:05.260,1.38156,1.38197,4.50,1.50
2011.08.05 06:28:05.380,1.38155,1.38194,1.50,2.25
2011.08.05 06:28:05.501,1.38153,1.38197,2.25,4.50
2011.08.05 06:28:06.066,1.38153,1.38185,1.50,1.50
2011.08.05 06:28:06.301,1.38151,1.38187,2.25,2.25
2011.08.05 06:28:06.529,1.38152,1.38188,1.50,1.50
2011.08.05 06:28:06.647,1.38154,1.38188,1.50,1.50
2011.08.05 06:28:06.768,1.38152,1.38188,1.50,1.50
2011.08.05 06:28:07.107,1.3815,1.38188,2.25,2.25
2011.08.05 06:28:07.590,1.38145,1.38166,3.75,1.50
2011.08.05 06:28:07.712,1.38143,1.38164,1.73,1.50
2011.08.05 06:28:07.825,1.38128,1.38165,1.50,1.50
2011.08.05 06:28:08.605,1.38133,1.38165,1.50,1.50
2011.08.05 06:28:08.834,1.38133,1.38166,1.50,1.50
2011.08.05 06:28:09.385,1.38133,1.38168,1.50,1.50
2011.08.05 06:28:09.606,1.38143,1.3817,1.50,1.50
2011.08.05 06:28:09.837,1.38138,1.38178,1.50,2.85
2011.08.05 06:28:10.616,1.38137,1.38178,2.10,2.25
2011.08.05 06:28:10.738,1.38138,1.3818,2.25,1.50
2011.08.05 06:28:10.860,1.3814,1.38181,1.35,1.50
2011.08.05 06:28:11.657,1.38133,1.38169,1.50,1.50
2011.08.05 06:28:12.370,1.38133,1.3817,1.50,1.50
2011.08.05 06:28:12.597,1.38137,1.38175,2.25,1.50
2011.08.05 06:28:12.715,1.38137,1.38179,2.25,1.50
2011.08.05 06:28:13.157,1.3814,1.3818,2.25,1.50
2011.08.05 06:28:14.238,1.38139,1.38179,2.25,1.13
2011.08.05 06:28:14.611,1.38136,1.38169,1.50,1.50
2011.08.05 06:28:14.858,1.38134,1.38173,1.50,3.00
2011.08.05 06:28:14.976,1.38134,1.38171,1.50,1.50
2011.08.05 06:28:15.319,1.38138,1.38178,1.35,3.00
2011.08.05 06:28:15.656,1.38144,1.38177,1.35,3.38
2011.08.05 06:28:16.110,1.38149,1.38181,3.00,3.23
2011.08.05 06:28:16.338,1.38153,1.38188,1.50,1.50
2011.08.05 06:28:16.457,1.38157,1.3819,1.35,1.13
2011.08.05 06:28:16.575,1.38157,1.38191,1.35,1.13
2011.08.05 06:28:16.948,1.38157,1.3819,1.35,1.13
2011.08.05 06:28:17.607,1.38152,1.3819,1.35,1.13
2011.08.05 06:28:18.166,1.3815,1.3819,1.73,1.88
2011.08.05 06:28:18.287,1.3815,1.3819,1.73,3.38
2011.08.05 06:28:18.626,1.38148,1.38183,1.35,1.13
2011.08.05 06:28:18.747,1.38148,1.38183,1.35,1.13
2011.08.05 06:28:19.087,1.38149,1.38184,1.50,1.13
2011.08.05 06:28:19.791,1.3815,1.38189,1.35,1.13
2011.08.05 06:28:20.348,1.3815,1.38188,2.48,1.13
2011.08.05 06:28:22.076,1.3815,1.38188,2.48,1.13
2011.08.05 06:28:23.260,1.3815,1.38189,2.10,1.88
2011.08.05 06:28:23.821,1.38161,1.3819,1.35,1.50
2011.08.05 06:28:24.052,1.38159,1.38194,2.63,1.50
2011.08.05 06:28:24.170,1.38161,1.38192,1.50,1.13
2011.08.05 06:28:24.507,1.38158,1.38184,1.50,1.50
2011.08.05 06:28:25.066,1.38153,1.38184,3.00,1.50
2011.08.05 06:28:25.297,1.38153,1.38184,3.00,1.50
2011.08.05 06:28:25.860,1.3815,1.38185,1.13,1.13
2011.08.05 06:28:26.908,1.38153,1.38187,1.35,1.88
2011.08.05 06:28:27.027,1.38153,1.38187,1.35,1.50
2011.08.05 06:28:27.689,1.38154,1.3819,3.98,1.50
2011.08.05 06:28:28.250,1.38159,1.3819,1.35,1.13
2011.08.05 06:28:28.587,1.38157,1.3819,1.35,1.50
2011.08.05 06:28:28.709,1.38156,1.3819,1.35,1.13
2011.08.05 06:28:29.584,1.38159,1.3819,3.38,1.88
2011.08.05 06:28:29.701,1.38156,1.38187,1.35,1.50
2011.08.05 06:28:30.258,1.38155,1.38185,1.35,1.50
2011.08.05 06:28:30.486,1.38155,1.38185,1.35,1.50
2011.08.05 06:28:31.045,1.38155,1.38188,1.35,1.13
2011.08.05 06:28:31.387,1.38163,1.3819,1.50,1.50
2011.08.05 06:28:31.727,1.38159,1.38193,4.88,1.50
2011.08.05 06:28:31.955,1.38159,1.3819,2.63,1.50
2011.08.05 06:28:33.640,1.38159,1.38188,1.88,1.35
2011.08.05 06:28:33.758,1.38154,1.38186,1.35,1.50
2011.08.05 06:28:33.878,1.3815,1.38182,1.88,1.13
2011.08.05 06:28:34.107,1.3815,1.38182,2.25,1.13
2011.08.05 06:28:34.226,1.38151,1.38183,1.50,1.88
2011.08.05 06:28:34.785,1.38152,1.38183,1.35,1.88
2011.08.05 06:28:35.017,1.38152,1.38183,1.35,1.13
2011.08.05 06:28:35.534,1.38156,1.38192,1.35,3.38
2011.08.05 06:28:35.767,1.38151,1.38188,1.35,1.13
2011.08.05 06:28:35.886,1.38151,1.38188,1.35,1.13
2011.08.05 06:28:36.445,1.38148,1.38188,1.35,1.13
2011.08.05 06:28:36.785,1.38148,1.38188,1.35,1.13
2011.08.05 06:28:37.996,1.38152,1.38186,1.35,1.50
2011.08.05 06:28:38.228,1.38149,1.38182,1.35,1.13
2011.08.05 06:28:38.677,1.38162,1.38184,1.50,1.13
2011.08.05 06:28:39.550,1.3816,1.38184,1.50,1.88
2011.08.05 06:28:39.892,1.3816,1.38179,1.50,1.50
2011.08.05 06:28:40.116,1.38162,1.38181,1.50,1.50
2011.08.05 06:28:41.498,1.38162,1.38184,1.50,1.50
2011.08.05 06:28:42.055,1.38162,1.38186,1.50,2.25
2011.08.05 06:28:42.624,1.38163,1.38186,1.50,2.25
2011.08.05 06:28:42.956,1.38163,1.38179,1.50,1.50
2011.08.05 06:28:43.189,1.38163,1.3818,1.50,1.50
2011.08.05 06:28:43.748,1.38159,1.38178,1.50,1.13
2011.08.05 06:28:44.085,1.38153,1.38173,2.40,2.25
2011.08.05 06:28:44.205,1.38133,1.38173,2.10,2.25
2011.08.05 06:28:44.315,1.38133,1.38171,1.50,1.50
2011.08.05 06:28:45.095,1.38134,1.38171,1.50,1.50
2011.08.05 06:28:45.324,1.38134,1.38171,1.50,1.50
2011.08.05 06:28:45.819,1.38133,1.38173,1.50,1.50
2011.08.05 06:28:46.275,1.38133,1.38173,3.00,1.50
2011.08.05 06:28:46.827,1.38133,1.38172,1.50,2.25
2011.08.05 06:28:47.057,1.38134,1.3817,1.50,1.50
2011.08.05 06:28:47.618,1.38134,1.38175,2.25,2.25
2011.08.05 06:28:47.738,1.38133,1.38173,2.25,1.50
2011.08.05 06:28:47.856,1.38133,1.38171,1.50,1.50
2011.08.05 06:28:48.197,1.38133,1.3817,1.50,1.50
2011.08.05 06:28:48.795,1.38134,1.3817,1.50,1.50
2011.08.05 06:28:49.897,1.38127,1.38169,1.50,1.50
2011.08.05 06:28:50.235,1.38124,1.38167,2.25,2.25
2011.08.05 06:28:51.923,1.38136,1.38169,1.50,1.50
2011.08.05 06:28:52.258,1.38137,1.38172,1.50,1.50
2011.08.05 06:28:52.977,1.38137,1.38172,1.50,1.50
2011.08.05 06:28:54.085,1.3814,1.38172,1.50,1.50
2011.08.05 06:28:54.648,1.3814,1.38175,1.50,1.50
2011.08.05 06:28:54.987,1.38133,1.38175,2.85,1.50
2011.08.05 06:28:55.662,1.38144,1.38177,1.50,2.25
2011.08.05 06:28:56.010,1.38135,1.38169,1.50,2.25
2011.08.05 06:28:56.353,1.38135,1.38176,1.50,2.25
2011.08.05 06:28:56.909,1.38133,1.38174,1.50,1.50
2011.08.05 06:28:57.247,1.38135,1.38174,1.35,1.50
2011.08.05 06:28:58.001,1.38132,1.38172,2.85,2.25
2011.08.05 06:28:58.447,1.38132,1.38172,1.35,2.25
2011.08.05 06:28:58.784,1.38132,1.38172,1.35,3.00
2011.08.05 06:28:59.007,1.38132,1.38172,1.35,3.00
2011.08.05 06:28:59.565,1.38132,1.38173,1.50,1.50
2011.08.05 06:29:00.528,1.38136,1.38174,1.35,1.50
2011.08.05 06:29:00.646,1.38141,1.38174,1.50,1.50
2011.08.05 06:29:01.506,1.38138,1.38174,1.50,1.50
2011.08.05 06:29:01.635,1.38136,1.38174,2.25,1.50
2011.08.05 06:29:02.200,1.38136,1.38174,1.35,1.50
2011.08.05 06:29:02.539,1.38138,1.38179,2.25,1.50
2011.08.05 06:29:02.657,1.38141,1.38179,1.50,1.50
2011.08.05 06:29:02.886,1.38136,1.38175,2.10,1.50
2011.08.05 06:29:03.706,1.3814,1.38174,2.10,1.50
2011.08.05 06:29:04.878,1.38141,1.38178,1.50,1.50
2011.08.05 06:29:05.107,1.38143,1.38181,1.50,2.25
2011.08.05 06:29:05.449,1.38141,1.38183,1.35,3.00
2011.08.05 06:29:06.228,1.3814,1.38178,1.50,1.50
2011.08.05 06:29:06.455,1.3814,1.38178,1.35,1.50
2011.08.05 06:29:07.235,1.38141,1.38178,1.50,1.50
2011.08.05 06:29:07.464,1.3814,1.38183,1.35,2.25
2011.08.05 06:29:08.698,1.3815,1.38192,1.50,1.50
2011.08.05 06:29:09.359,1.38153,1.38193,3.00,1.50
2011.08.05 06:29:09.916,1.3816,1.38197,1.50,1.50
2011.08.05 06:29:10.479,1.38164,1.38204,1.50,1.50
2011.08.05 06:29:11.455,1.38168,1.38203,1.50,2.25
2011.08.05 06:29:12.238,1.38165,1.38206,1.73,1.50
2011.08.05 06:29:12.466,1.38165,1.38204,1.50,1.50
2011.08.05 06:29:12.809,1.38169,1.38207,2.25,1.50
2011.08.05 06:29:13.146,1.38167,1.38201,1.35,1.50
2011.08.05 06:29:13.270,1.38171,1.38203,1.50,2.25
2011.08.05 06:29:13.393,1.38171,1.38206,2.25,2.25
2011.08.05 06:29:13.728,1.38173,1.38213,1.50,1.50
2011.08.05 06:29:14.172,1.38173,1.38211,1.50,3.75
2011.08.05 06:29:14.727,1.38176,1.38213,1.50,1.50
2011.08.05 06:29:15.067,1.38172,1.38207,1.50,1.50
2011.08.05 06:29:15.515,1.38167,1.38207,1.50,1.50
2011.08.05 06:29:17.216,1.38167,1.38207,2.10,1.50
2011.08.05 06:29:17.734,1.38167,1.38206,1.50,3.00
2011.08.05 06:29:17.851,1.38167,1.38206,1.50,3.00
2011.08.05 06:29:18.517,1.3817,1.38207,1.50,1.50
2011.08.05 06:29:19.644,1.38169,1.38207,1.50,1.50
2011.08.05 06:29:20.198,1.38168,1.38207,1.35,3.00
2011.08.05 06:29:20.425,1.38168,1.38207,1.35,3.00
2011.08.05 06:29:20.548,1.3817,1.38205,1.50,2.25
2011.08.05 06:29:21.218,1.38173,1.38205,2.25,1.50
2011.08.05 06:29:21.866,1.38176,1.38218,1.50,1.50
2011.08.05 06:29:21.884,1.38179,1.38219,1.35,2.25
2011.08.05 06:29:22.146,1.38179,1.38219,1.35,2.25
2011.08.05 06:29:22.999,1.38176,1.38217,1.50,2.63
2011.08.05 06:29:23.337,1.38172,1.38211,1.50,1.50
2011.08.05 06:29:23.568,1.38167,1.382,2.25,2.25
2011.08.05 06:29:23.691,1.38164,1.38198,3.38,1.50
2011.08.05 06:29:23.917,1.38163,1.38196,1.50,1.50
2011.08.05 06:29:24.258,1.38165,1.38202,2.25,2.25
2011.08.05 06:29:24.378,1.38171,1.38202,1.50,2.25
2011.08.05 06:29:24.607,1.38172,1.38202,1.50,1.50
2011.08.05 06:29:25.112,1.38175,1.38216,3.00,1.50
2011.08.05 06:29:25.226,1.38175,1.38216,3.00,1.50
2011.08.05 06:29:25.786,1.38175,1.38209,2.25,1.50
2011.08.05 06:29:26.127,1.38174,1.38209,3.38,1.50
2011.08.05 06:29:26.737,1.38174,1.38212,3.00,1.50
2011.08.05 06:29:27.296,1.38174,1.38212,3.75,2.25
2011.08.05 06:29:27.860,1.38177,1.38214,1.50,1.50
2011.08.05 06:29:28.245,1.38177,1.38215,1.50,2.25
2011.08.05 06:29:28.361,1.38177,1.38216,1.50,2.25
2011.08.05 06:29:28.592,1.38175,1.38189,2.10,1.50
2011.08.05 06:29:28.930,1.3816,1.38186,1.50,2.25
2011.08.05 06:29:29.160,1.38161,1.38181,1.50,1.50
2011.08.05 06:29:29.388,1.38154,1.38183,3.26,2.25
2011.08.05 06:29:29.512,1.38154,1.38183,3.26,2.25
2011.08.05 06:29:29.852,1.38153,1.38186,3.08,3.75
2011.08.05 06:29:30.483,1.38153,1.38184,4.58,1.50
2011.08.05 06:29:30.614,1.38157,1.38198,3.07,1.50
2011.08.05 06:29:31.387,1.38159,1.38198,2.47,1.50
2011.08.05 06:29:31.615,1.38159,1.382,2.47,1.50
2011.08.05 06:29:38.478,1.38182,1.38213,4.50,2.25
2011.08.05 06:29:38.596,1.38185,1.38214,1.50,1.50
2011.08.05 06:29:38.720,1.38183,1.38218,1.50,2.25
2011.08.05 06:29:38.838,1.38183,1.38218,2.25,2.25
2011.08.05 06:29:38.956,1.38183,1.3822,1.50,1.50
2011.08.05 06:29:39.187,1.38181,1.3822,1.50,1.50
2011.08.05 06:29:39.880,1.38176,1.3822,1.35,1.50
2011.08.05 06:29:41.195,1.38175,1.38218,2.85,1.50
2011.08.05 06:29:41.758,1.38179,1.38221,1.35,3.00
2011.08.05 06:29:42.100,1.38178,1.38216,1.35,2.25
2011.08.05 06:29:42.220,1.38175,1.38217,1.50,3.00
2011.08.05 06:29:42.336,1.38175,1.38217,3.00,1.50
2011.08.05 06:29:42.674,1.3818,1.3822,1.35,1.50
2011.08.05 06:29:44.226,1.3818,1.38221,1.35,1.50
2011.08.05 06:29:45.887,1.3818,1.38218,1.35,2.25
2011.08.05 06:29:46.226,1.3818,1.38216,1.35,3.00
2011.08.05 06:29:46.677,1.38178,1.38219,2.25,2.25
2011.08.05 06:29:46.794,1.38178,1.3822,2.85,2.25
2011.08.05 06:29:48.535,1.38183,1.38221,2.85,1.50
2011.08.05 06:29:49.287,1.38184,1.38221,1.50,1.50
2011.08.05 06:29:49.628,1.38174,1.38211,2.25,1.88
2011.08.05 06:29:49.966,1.38175,1.38215,1.50,3.00
2011.08.05 06:29:50.086,1.38177,1.38215,1.50,2.25
2011.08.05 06:29:50.428,1.38177,1.38214,1.50,1.50
2011.08.05 06:29:51.193,1.38177,1.38214,1.50,1.50
2011.08.05 06:29:51.310,1.38177,1.38214,1.50,1.50
2011.08.05 06:29:53.166,1.38177,1.38214,1.50,1.50
2011.08.05 06:29:53.506,1.38174,1.38208,2.25,1.50
2011.08.05 06:29:55.870,1.38175,1.38211,1.50,1.50
2011.08.05 06:29:56.427,1.38176,1.38212,1.50,1.50
2011.08.05 06:29:57.206,1.38177,1.3821,1.50,1.50
2011.08.05 06:29:57.435,1.38169,1.3821,2.25,2.63
2011.08.05 06:29:57.669,1.38165,1.38204,1.50,1.50
2011.08.05 06:29:57.790,1.38164,1.38196,1.50,1.50
2011.08.05 06:29:58.414,1.38166,1.38198,1.50,1.50
2011.08.05 06:29:58.544,1.38171,1.38207,1.50,1.50
2011.08.05 06:29:58.659,1.38174,1.38209,1.35,1.50
2011.08.05 06:29:58.780,1.38174,1.38209,2.10,1.50
2011.08.05 06:29:59.008,1.38178,1.38216,1.50,1.50
2011.08.05 06:29:59.240,1.38181,1.3822,1.35,1.50
2011.08.05 06:29:59.468,1.38177,1.38214,1.35,1.50
2011.08.05 06:29:59.920,1.38174,1.38217,1.35,2.25
2011.08.05 06:30:00.365,1.38174,1.38216,1.35,2.25
2011.08.05 06:30:00.597,1.38174,1.38212,1.35,1.50
2011.08.05 06:30:01.152,1.38172,1.38209,1.35,2.25
2011.08.05 06:30:01.273,1.38172,1.3821,1.35,1.50
2011.08.05 06:30:01.609,1.38168,1.38212,1.35,3.75
2011.08.05 06:30:01.841,1.38172,1.38215,1.35,2.25
2011.08.05 06:30:02.176,1.38178,1.38216,1.35,2.25
2011.08.05 06:30:02.515,1.38173,1.38212,2.10,2.25
2011.08.05 06:30:02.628,1.38173,1.38212,1.35,3.00
2011.08.05 06:30:02.748,1.38168,1.38207,2.25,2.25
2011.08.05 06:30:02.867,1.38167,1.38205,1.88,1.50
2011.08.05 06:30:04.007,1.38164,1.38205,3.00,1.50
2011.08.05 06:30:04.347,1.38164,1.38203,1.50,1.50
2011.08.05 06:30:04.688,1.38165,1.38203,1.50,1.50
2011.08.05 06:30:05.137,1.38167,1.38205,1.35,1.50
2011.08.05 06:30:05.364,1.38167,1.38205,1.35,1.50
2011.08.05 06:30:06.029,1.38167,1.38203,1.35,1.50
2011.08.05 06:30:06.461,1.38164,1.38201,1.50,1.50
2011.08.05 06:30:07.566,1.3816,1.38193,1.35,1.50
2011.08.05 06:30:08.236,1.38155,1.38193,1.50,1.50
2011.08.05 06:30:08.357,1.38151,1.38183,1.50,1.50
2011.08.05 06:30:08.587,1.38153,1.38183,1.50,2.25
2011.08.05 06:30:09.083,1.38145,1.38179,1.50,1.50
2011.08.05 06:30:09.307,1.38145,1.38179,1.50,1.50
2011.08.05 06:30:09.756,1.38145,1.38187,1.50,3.00
2011.08.05 06:30:09.875,1.38145,1.38187,1.50,3.00
2011.08.05 06:30:10.326,1.38154,1.38193,1.50,1.50
2011.08.05 06:30:10.996,1.3816,1.38195,1.50,2.25
2011.08.05 06:30:12.209,1.38155,1.38192,1.35,2.25
2011.08.05 06:30:12.548,1.38153,1.3819,1.35,2.25
2011.08.05 06:30:12.778,1.3815,1.3819,1.50,2.25
2011.08.05 06:30:18.578,1.38147,1.38186,1.50,1.35
2011.08.05 06:30:18.917,1.38146,1.38186,2.85,1.35
2011.08.05 06:30:19.589,1.38153,1.38191,1.50,3.60
2011.08.05 06:30:19.933,1.38154,1.38183,1.50,1.35
2011.08.05 06:30:20.610,1.38151,1.38183,3.00,1.35
2011.08.05 06:30:20.736,1.38151,1.3818,2.10,1.35
2011.08.05 06:30:20.856,1.38147,1.3818,2.10,1.35
2011.08.05 06:30:21.415,1.38147,1.3818,1.35,1.35
2011.08.05 06:30:22.087,1.38147,1.3818,2.10,1.35
2011.08.05 06:30:22.208,1.38149,1.3818,1.35,1.35
2011.08.05 06:30:23.536,1.38159,1.38185,1.13,1.35
2011.08.05 06:30:23.768,1.38164,1.38196,1.50,1.35
2011.08.05 06:30:23.889,1.38164,1.38198,2.10,2.25
2011.08.05 06:30:24.006,1.38167,1.38202,1.50,2.25
2011.08.05 06:30:24.351,1.38165,1.382,2.10,2.25
2011.08.05 06:30:24.469,1.38164,1.382,1.35,2.25
2011.08.05 06:30:24.920,1.38163,1.38195,1.50,1.50
2011.08.05 06:30:25.039,1.38157,1.38193,1.50,1.35
2011.08.05 06:30:25.160,1.38158,1.38193,1.50,1.35
2011.08.05 06:30:25.499,1.38162,1.38196,2.25,1.35
2011.08.05 06:30:25.618,1.38158,1.38195,2.25,1.50
2011.08.05 06:30:25.736,1.38162,1.38195,2.25,1.50
2011.08.05 06:30:25.855,1.38163,1.38195,1.50,1.50
2011.08.05 06:30:26.281,1.38157,1.38195,3.60,1.50
2011.08.05 06:30:26.725,1.38155,1.38192,1.50,1.50
2011.08.05 06:30:27.275,1.38155,1.38192,1.50,1.50
2011.08.05 06:30:28.164,1.38155,1.38192,1.50,1.50
2011.08.05 06:30:28.498,1.38157,1.38192,1.50,1.50
2011.08.05 06:30:28.836,1.38161,1.38196,1.50,1.35
2011.08.05 06:30:29.177,1.38168,1.38203,1.50,1.50
2011.08.05 06:30:29.903,1.38171,1.38204,1.50,1.50
2011.08.05 06:30:30.022,1.3817,1.38213,2.25,5.25
2011.08.05 06:30:30.138,1.3817,1.38213,2.25,3.00
2011.08.05 06:30:32.276,1.3817,1.38211,1.50,1.50
2011.08.05 06:30:32.506,1.38177,1.38209,2.25,1.50
2011.08.05 06:30:32.629,1.38174,1.3821,3.75,1.50
2011.08.05 06:30:32.968,1.38174,1.38203,1.50,1.35
2011.08.05 06:30:33.532,1.38171,1.38209,3.00,1.50
2011.08.05 06:30:33.868,1.38173,1.38209,1.50,1.50
2011.08.05 06:30:34.541,1.3817,1.38205,1.50,2.25
2011.08.05 06:30:34.986,1.38172,1.38209,1.50,1.50
2011.08.05 06:30:35.327,1.38172,1.38209,2.25,1.50
2011.08.05 06:30:35.668,1.38166,1.38202,2.25,1.35
2011.08.05 06:30:35.787,1.38164,1.38204,1.50,2.25
2011.08.05 06:30:36.906,1.38165,1.382,1.50,1.50
2011.08.05 06:30:37.472,1.38164,1.382,1.50,1.50
2011.08.05 06:30:37.698,1.38161,1.382,1.50,1.50
2011.08.05 06:30:38.259,1.38161,1.382,3.00,1.50
2011.08.05 06:30:38.487,1.3816,1.382,2.25,1.50
2011.08.05 06:30:38.827,1.38161,1.382,1.50,1.50
2011.08.05 06:30:39.628,1.38155,1.38198,1.50,1.50
2011.08.05 06:30:40.954,1.38156,1.38198,3.00,1.50
2011.08.05 06:30:41.396,1.38161,1.382,2.25,1.50
2011.08.05 06:30:42.356,1.3817,1.38207,1.50,1.35
2011.08.05 06:30:42.696,1.38174,1.3821,1.50,1.50
2011.08.05 06:30:43.585,1.38174,1.38213,2.25,1.35
2011.08.05 06:30:44.476,1.38174,1.38207,3.00,1.35
2011.08.05 06:30:44.596,1.38173,1.38204,1.50,1.35
2011.08.05 06:30:45.408,1.38178,1.38212,1.50,1.50
2011.08.05 06:30:45.966,1.38173,1.3821,1.50,1.50
2011.08.05 06:30:46.528,1.38187,1.38212,1.50,1.50
2011.08.05 06:30:46.758,1.38178,1.38212,2.25,1.50
2011.08.05 06:30:50.227,1.38182,1.38212,1.50,2.25
2011.08.05 06:30:50.571,1.3818,1.38205,1.50,1.35
2011.08.05 06:30:50.686,1.38173,1.38205,1.50,1.35
2011.08.05 06:30:51.358,1.38175,1.38208,1.50,1.35
2011.08.05 06:30:52.128,1.38179,1.3821,1.50,1.35
2011.08.05 06:30:52.578,1.38178,1.38216,1.50,1.50
2011.08.05 06:30:52.808,1.38181,1.38217,1.50,2.25
2011.08.05 06:30:53.258,1.38184,1.38215,1.50,1.50
2011.08.05 06:30:53.610,1.38177,1.3821,1.50,1.50
2011.08.05 06:30:53.948,1.38171,1.38205,1.50,2.25
2011.08.05 06:30:54.510,1.38166,1.38208,1.50,1.50
2011.08.05 06:30:54.628,1.38169,1.38211,2.85,2.25
2011.08.05 06:30:55.153,1.38169,1.38207,2.85,1.35
2011.08.05 06:30:55.818,1.38169,1.38203,1.35,1.35
2011.08.05 06:30:56.742,1.38173,1.38214,1.35,1.50
2011.08.05 06:30:56.861,1.38172,1.38211,3.00,1.50
2011.08.05 06:30:56.977,1.38179,1.38211,1.50,1.50
2011.08.05 06:30:57.321,1.38181,1.38217,2.25,1.35
2011.08.05 06:30:57.439,1.38182,1.3822,1.35,1.50
2011.08.05 06:30:57.891,1.38182,1.38221,1.35,3.00
2011.08.05 06:30:58.391,1.38189,1.38221,1.35,1.50
2011.08.05 06:30:58.617,1.38189,1.38225,2.85,1.50
2011.08.05 06:30:59.398,1.38186,1.38226,3.00,1.35
2011.08.05 06:31:00.287,1.38187,1.38226,1.35,1.35
2011.08.05 06:31:01.386,1.3819,1.38226,1.35,2.25
2011.08.05 06:31:01.607,1.38185,1.38229,3.60,1.50
2011.08.05 06:31:01.946,1.38191,1.38228,1.35,1.50
2011.08.05 06:31:02.067,1.38186,1.38226,1.35,2.25
2011.08.05 06:31:02.190,1.38184,1.38221,2.10,2.25
2011.08.05 06:31:02.747,1.38187,1.38227,1.35,2.25
2011.08.05 06:31:02.979,1.38187,1.38229,1.35,2.25
2011.08.05 06:31:03.427,1.38186,1.38229,1.50,3.75
2011.08.05 06:31:03.657,1.38184,1.38223,1.50,1.50
2011.08.05 06:31:04.148,1.38183,1.38223,3.00,1.50
2011.08.05 06:31:04.274,1.38183,1.38223,1.50,1.50
2011.08.05 06:31:04.832,1.3819,1.3822,2.10,1.50
2011.08.05 06:31:04.952,1.3819,1.38224,1.50,1.50
2011.08.05 06:31:05.626,1.38189,1.38227,1.35,3.00
2011.08.05 06:31:12.309,1.3818,1.38218,1.50,2.25
2011.08.05 06:31:12.975,1.38176,1.38214,1.35,1.50
2011.08.05 06:31:14.196,1.38176,1.38214,1.35,1.50
2011.08.05 06:31:15.919,1.38176,1.38217,2.10,2.25
2011.08.05 06:31:20.046,1.3818,1.3822,2.10,1.50
2011.08.05 06:31:20.277,1.38186,1.38225,1.50,1.50
2011.08.05 06:31:20.615,1.38186,1.38227,4.35,1.50
2011.08.05 06:31:21.399,1.38187,1.38228,2.25,1.50
2011.08.05 06:31:22.043,1.38185,1.38224,1.50,1.50
2011.08.05 06:31:22.492,1.38179,1.3822,3.00,1.50
2011.08.05 06:31:22.718,1.38179,1.38219,2.25,3.00
2011.08.05 06:31:22.945,1.38179,1.38218,1.50,1.50
2011.08.05 06:31:23.288,1.38181,1.38218,1.50,1.50
2011.08.05 06:31:23.846,1.38182,1.38223,1.50,1.50
2011.08.05 06:31:25.452,1.38185,1.38229,2.25,4.35
2011.08.05 06:31:25.678,1.38187,1.38229,1.35,2.85
2011.08.05 06:31:29.816,1.38185,1.38223,2.25,1.50
2011.08.05 06:31:31.338,1.38183,1.38223,1.50,1.50
2011.08.05 06:31:32.010,1.38187,1.38222,2.10,2.25
2011.08.05 06:31:32.130,1.38184,1.38225,2.10,1.50
2011.08.05 06:31:33.350,1.38179,1.3821,2.25,1.35
2011.08.05 06:31:33.468,1.38174,1.38208,3.00,1.50
2011.08.05 06:31:33.589,1.38174,1.38201,1.50,1.35
2011.08.05 06:31:33.712,1.38168,1.38197,1.50,1.35
2011.08.05 06:31:33.938,1.38162,1.38197,3.00,1.35
2011.08.05 06:31:34.841,1.38158,1.38196,2.25,1.50
2011.08.05 06:31:34.962,1.38161,1.38196,1.50,1.50
2011.08.05 06:31:35.297,1.38163,1.38197,1.50,1.35
2011.08.05 06:31:35.748,1.38166,1.38208,2.25,2.25
2011.08.05 06:31:36.090,1.38167,1.38209,2.25,2.85
2011.08.05 06:31:37.397,1.38169,1.38206,2.25,1.50
2011.08.05 06:31:39.228,1.38184,1.38214,1.50,1.50
2011.08.05 06:31:39.565,1.38181,1.38216,1.35,1.50
2011.08.05 06:31:40.355,1.38181,1.3822,1.35,2.25
2011.08.05 06:31:40.987,1.38183,1.38219,1.50,1.50
2011.08.05 06:31:41.329,1.38178,1.38218,3.60,1.50
2011.08.05 06:31:42.024,1.38173,1.38211,2.10,1.35
2011.08.05 06:31:44.714,1.38173,1.38214,1.35,2.25
2011.08.05 06:31:45.157,1.38178,1.38206,1.50,1.35
2011.08.05 06:31:45.928,1.38173,1.38211,1.35,1.35
2011.08.05 06:31:46.846,1.38174,1.38215,2.25,1.50
2011.08.05 06:31:47.527,1.38179,1.38215,1.95,1.50
2011.08.05 06:31:48.147,1.38179,1.38213,1.35,2.25
2011.08.05 06:31:52.386,1.38175,1.3821,1.50,1.50
2011.08.05 06:31:52.621,1.38179,1.38216,1.50,2.10
2011.08.05 06:31:53.068,1.38183,1.38223,1.35,1.50
2011.08.05 06:31:53.409,1.38194,1.38224,4.50,1.50
2011.08.05 06:31:53.968,1.38194,1.38231,1.50,1.50
2011.08.05 06:31:54.572,1.38188,1.38225,2.25,1.35
2011.08.05 06:31:55.565,1.38188,1.38225,2.25,1.35
2011.08.05 06:31:56.895,1.38188,1.38228,2.25,1.50
2011.08.05 06:31:59.266,1.38186,1.38223,1.50,1.13
2011.08.05 06:32:00.157,1.38187,1.3822,1.50,1.50
2011.08.05 06:32:00.719,1.38184,1.38222,1.50,1.50
2011.08.05 06:32:00.949,1.38178,1.38212,1.50,1.35
2011.08.05 06:32:01.943,1.38178,1.38217,1.50,1.35
2011.08.05 06:32:02.390,1.38192,1.3822,1.50,1.50
2011.08.05 06:32:02.725,1.38198,1.38231,1.88,2.25
2011.08.05 06:32:02.846,1.38201,1.38231,1.13,1.50
2011.08.05 06:32:03.187,1.382,1.38231,1.13,2.25
2011.08.05 06:32:03.414,1.382,1.38231,1.13,2.25
2011.08.05 06:32:03.527,1.38199,1.38231,1.88,2.25
2011.08.05 06:32:03.757,1.38198,1.38231,2.25,1.50
2011.08.05 06:32:05.204,1.38191,1.38228,2.63,1.50
2011.08.05 06:32:06.261,1.38188,1.38228,7.13,1.50
2011.08.05 06:32:06.706,1.38191,1.3823,2.25,1.50
2011.08.05 06:32:07.267,1.38191,1.3823,2.25,1.50
2011.08.05 06:32:08.187,1.38196,1.38232,1.50,1.50
2011.08.05 06:32:08.313,1.38197,1.38232,1.50,1.50
2011.08.05 06:32:08.755,1.38193,1.38232,1.50,1.50
2011.08.05 06:32:09.097,1.3818,1.3821,2.85,1.50
2011.08.05 06:32:09.221,1.38179,1.3821,1.35,1.50
2011.08.05 06:32:09.447,1.38176,1.3821,1.35,1.50
2011.08.05 06:32:10.117,1.38174,1.3821,6.23,1.50
2011.08.05 06:32:10.460,1.38171,1.38206,1.35,1.35
2011.08.05 06:32:11.873,1.38167,1.382,2.85,1.35
2011.08.05 06:32:13.298,1.38164,1.382,1.35,1.35
2011.08.05 06:32:13.635,1.38163,1.38196,1.50,1.35
2011.08.05 06:32:13.756,1.38163,1.38197,1.50,1.35
2011.08.05 06:32:15.505,1.38163,1.38201,1.50,1.50
2011.08.05 06:32:19.357,1.38163,1.38204,3.75,2.10
2011.08.05 06:32:20.149,1.38165,1.38198,1.35,1.35
2011.08.05 06:32:22.299,1.38167,1.38204,2.25,2.25
2011.08.05 06:32:22.527,1.38167,1.38205,2.25,1.35
2011.08.05 06:32:22.869,1.38166,1.38208,2.25,1.35
2011.08.05 06:32:23.319,1.38173,1.38211,1.50,1.50
2011.08.05 06:32:23.547,1.38173,1.38211,1.50,1.50
2011.08.05 06:32:24.198,1.38176,1.38215,1.50,1.50
2011.08.05 06:32:25.187,1.38173,1.38214,2.25,2.85
2011.08.05 06:32:25.528,1.38171,1.38209,1.50,1.50
2011.08.05 06:32:25.647,1.38166,1.38206,1.35,1.13
2011.08.05 06:32:25.986,1.38165,1.382,1.35,1.50
2011.08.05 06:32:26.549,1.38163,1.38201,1.50,1.50
2011.08.05 06:32:26.670,1.38163,1.38202,3.00,1.50
2011.08.05 06:32:27.006,1.38168,1.38206,1.35,2.10
2011.08.05 06:32:27.695,1.38168,1.38209,1.35,2.25
2011.08.05 06:32:27.824,1.38168,1.38211,1.35,3.00
2011.08.05 06:32:28.268,1.38168,1.38211,1.35,3.00
2011.08.05 06:32:28.606,1.38168,1.38206,2.10,2.25
2011.08.05 06:32:29.238,1.38168,1.38208,1.35,2.25
2011.08.05 06:32:30.640,1.38171,1.3821,1.13,2.25
2011.08.05 06:32:31.195,1.38178,1.38216,1.35,2.25
2011.08.05 06:32:31.316,1.38178,1.38216,1.35,2.25
2011.08.05 06:32:32.095,1.3817,1.38212,1.50,1.50
2011.08.05 06:32:32.327,1.38168,1.3821,3.00,1.50
2011.08.05 06:32:34.906,1.3817,1.38212,1.35,1.50
2011.08.05 06:32:35.247,1.38176,1.38216,2.25,1.50
2011.08.05 06:32:36.216,1.38175,1.38213,1.35,1.35
2011.08.05 06:32:36.666,1.38174,1.38213,1.50,1.35
2011.08.05 06:32:36.897,1.38174,1.38213,3.00,1.35
2011.08.05 06:32:37.369,1.38174,1.38213,3.00,1.35
2011.08.05 06:32:38.532,1.38174,1.38212,1.50,1.50
2011.08.05 06:32:39.176,1.38174,1.38212,1.50,1.50
2011.08.05 06:32:41.882,1.38172,1.38204,1.50,1.50
2011.08.05 06:32:42.111,1.38164,1.38203,1.50,3.00
2011.08.05 06:32:42.666,1.38161,1.38203,1.13,3.00
2011.08.05 06:32:46.317,1.38168,1.38203,1.35,1.50
2011.08.05 06:32:46.767,1.38168,1.38204,1.35,1.13
2011.08.05 06:32:48.885,1.38168,1.38209,2.25,1.50
2011.08.05 06:32:51.806,1.3817,1.38211,1.50,1.50
2011.08.05 06:32:52.469,1.38173,1.38214,3.00,1.35
2011.08.05 06:32:53.056,1.38175,1.38214,2.25,1.35
2011.08.05 06:32:53.585,1.38174,1.38214,1.50,1.35
2011.08.05 06:32:57.667,1.38172,1.38211,2.25,1.50
2011.08.05 06:32:58.116,1.38172,1.38211,2.25,1.50
2011.08.05 06:32:58.566,1.38172,1.38211,2.25,1.50
2011.08.05 06:32:58.928,1.38172,1.38211,2.25,1.50
2011.08.05 06:32:59.045,1.38172,1.38211,2.25,1.50
2011.08.05 06:33:00.171,1.3817,1.38211,1.50,1.88
2011.08.05 06:33:00.737,1.38172,1.38211,1.50,1.88
2011.08.05 06:33:01.506,1.38172,1.38211,1.50,1.50
2011.08.05 06:33:02.026,1.38172,1.38211,1.50,1.50
2011.08.05 06:33:03.706,1.38174,1.38211,1.50,1.50
2011.08.05 06:33:04.534,1.38175,1.38211,2.25,1.50
2011.08.05 06:33:05.086,1.38177,1.38219,2.63,1.50
2011.08.05 06:33:05.887,1.38179,1.3822,1.50,1.50
2011.08.05 06:33:07.067,1.38179,1.3822,1.13,1.50
2011.08.05 06:33:07.625,1.38183,1.38221,1.13,2.25
2011.08.05 06:33:08.178,1.38179,1.38221,1.88,2.25
2011.08.05 06:33:08.317,1.38179,1.38221,1.88,2.25
2011.08.05 06:33:08.778,1.3818,1.38221,1.13,2.25
2011.08.05 06:33:09.705,1.3818,1.38218,1.13,1.50
2011.08.05 06:33:10.705,1.3818,1.38218,1.50,1.50
2011.08.05 06:33:10.937,1.38183,1.38218,1.50,1.50
2011.08.05 06:33:14.217,1.38183,1.38219,2.25,2.25
2011.08.05 06:33:14.681,1.38184,1.38224,2.25,1.50
2011.08.05 06:33:17.518,1.38186,1.38223,1.35,2.10
2011.08.05 06:33:17.747,1.38186,1.38223,1.35,3.60
2011.08.05 06:33:17.980,1.38186,1.38223,1.50,3.60
2011.08.05 06:33:18.528,1.38187,1.38225,1.50,1.50
2011.08.05 06:33:18.749,1.38189,1.38227,1.50,1.13
2011.08.05 06:33:19.636,1.38192,1.3823,2.10,1.35
2011.08.05 06:33:19.975,1.38192,1.38227,1.35,2.25
2011.08.05 06:33:23.446,1.38194,1.38232,2.25,2.25
2011.08.05 06:33:23.567,1.38198,1.38235,1.13,1.50
2011.08.05 06:33:24.125,1.38199,1.38239,2.33,1.50
2011.08.05 06:33:24.357,1.38199,1.38239,2.33,1.50
2011.08.05 06:33:24.587,1.38203,1.38239,1.13,1.50
2011.08.05 06:33:24.817,1.38204,1.38243,1.88,1.50
2011.08.05 06:33:25.685,1.38208,1.38247,1.50,1.50
2011.08.05 06:33:25.798,1.38207,1.38247,1.50,1.50
2011.08.05 06:33:26.136,1.38205,1.38247,1.73,1.50
2011.08.05 06:33:26.804,1.38201,1.3824,2.10,2.25
2011.08.05 06:33:27.249,1.38201,1.38233,1.35,3.00
2011.08.05 06:33:27.587,1.38198,1.38233,1.13,3.00
2011.08.05 06:33:28.682,1.38194,1.38231,1.50,2.25
2011.08.05 06:33:28.917,1.38191,1.38231,1.35,2.25
2011.08.05 06:33:29.260,1.38191,1.38229,1.35,2.25
2011.08.05 06:33:29.596,1.38191,1.38228,1.50,1.50
2011.08.05 06:33:29.939,1.38193,1.38229,1.13,1.50
2011.08.05 06:33:30.275,1.38193,1.38232,1.13,1.50
2011.08.05 06:33:31.078,1.38192,1.3823,1.50,1.50
2011.08.05 06:33:31.647,1.38192,1.3823,1.50,1.50
2011.08.05 06:33:32.588,1.38194,1.38228,1.13,1.35
2011.08.05 06:33:32.925,1.38194,1.38228,1.13,1.35
2011.08.05 06:33:35.598,1.38196,1.3823,1.13,1.50
2011.08.05 06:33:35.830,1.38199,1.38237,1.35,2.25
2011.08.05 06:33:36.056,1.38199,1.38241,3.60,1.13
2011.08.05 06:33:36.289,1.38199,1.38241,3.60,1.13
2011.08.05 06:33:36.627,1.38202,1.38241,1.13,1.50
2011.08.05 06:33:37.704,1.38202,1.38242,1.13,1.50
2011.08.05 06:33:38.629,1.38203,1.38242,1.50,1.50
2011.08.05 06:33:40.068,1.38213,1.38245,1.88,1.50
2011.08.05 06:33:40.405,1.38214,1.38246,1.50,2.25
2011.08.05 06:33:40.635,1.38207,1.38248,2.25,1.88
2011.08.05 06:33:40.868,1.38213,1.38248,1.50,1.50
2011.08.05 06:33:41.318,1.38214,1.38252,1.35,1.35
2011.08.05 06:33:42.015,1.38212,1.38251,1.35,1.13
2011.08.05 06:33:42.787,1.38216,1.38251,1.50,1.13
2011.08.05 06:33:43.016,1.38215,1.38251,3.00,1.13
2011.08.05 06:33:43.246,1.38215,1.38254,3.00,1.50
2011.08.05 06:33:43.585,1.38215,1.38251,1.50,1.50
2011.08.05 06:33:43.805,1.38215,1.38251,2.25,1.50
2011.08.05 06:33:44.246,1.38213,1.38251,2.85,1.13
2011.08.05 06:33:44.653,1.38213,1.38251,1.50,1.13
2011.08.05 06:33:44.987,1.38211,1.38246,1.50,1.13
2011.08.05 06:33:45.569,1.38207,1.38246,2.10,1.13
2011.08.05 06:33:46.918,1.3821,1.38242,1.50,1.35
2011.08.05 06:33:47.365,1.38207,1.38242,2.85,1.35
2011.08.05 06:33:57.856,1.38208,1.38246,3.00,1.13
2011.08.05 06:33:58.415,1.38213,1.38249,1.50,1.35
2011.08.05 06:33:58.747,1.38214,1.3825,1.35,1.13
2011.08.05 06:33:59.086,1.38214,1.3825,2.10,1.13
2011.08.05 06:33:59.857,1.38215,1.38255,2.10,1.73
2011.08.05 06:34:00.337,1.38214,1.38255,2.10,2.48
2011.08.05 06:34:00.895,1.38208,1.38247,2.85,1.13
2011.08.05 06:34:10.885,1.38224,1.38257,1.50,1.88
2011.08.05 06:34:11.667,1.38224,1.38259,2.63,2.25
2011.08.05 06:34:11.788,1.38226,1.38259,1.50,2.25
2011.08.05 06:34:12.600,1.38226,1.38265,1.50,2.25
2011.08.05 06:34:14.905,1.38224,1.38259,1.50,2.25
2011.08.05 06:34:16.228,1.38227,1.38261,1.50,2.25
2011.08.05 06:34:16.667,1.38225,1.38263,1.50,1.50
2011.08.05 06:34:18.085,1.38224,1.38263,2.25,1.50
2011.08.05 06:34:18.307,1.38228,1.38266,1.50,1.13
2011.08.05 06:34:18.652,1.38237,1.38273,1.50,1.50
2011.08.05 06:34:18.769,1.38237,1.38273,1.50,1.50
2011.08.05 06:34:18.890,1.3824,1.38278,1.50,3.38
2011.08.05 06:34:19.226,1.38238,1.38278,1.50,2.63
2011.08.05 06:34:20.918,1.38235,1.38277,1.73,2.25
2011.08.05 06:34:21.597,1.38236,1.38273,1.50,1.50
2011.08.05 06:34:21.828,1.38237,1.38275,2.25,3.00
2011.08.05 06:34:23.461,1.38228,1.38264,1.50,1.50
2011.08.05 06:34:23.687,1.38227,1.38264,2.25,1.50
2011.08.05 06:34:24.141,1.38225,1.38264,1.50,1.50
2011.08.05 06:34:24.478,1.38239,1.3827,1.50,1.50
2011.08.05 06:34:24.817,1.3824,1.38276,1.50,1.50
2011.08.05 06:34:24.936,1.38239,1.38277,1.50,1.50
2011.08.05 06:34:25.166,1.3824,1.38276,1.50,1.50
2011.08.05 06:34:25.617,1.3824,1.3828,1.13,2.25
2011.08.05 06:34:26.483,1.38237,1.38279,1.13,1.50
2011.08.05 06:34:27.146,1.38236,1.38278,1.13,2.25
2011.08.05 06:34:30.017,1.38236,1.38279,1.13,2.10
2011.08.05 06:34:30.535,1.38236,1.38279,1.13,2.10
2011.08.05 06:34:31.116,1.38238,1.38281,1.35,3.00
2011.08.05 06:34:31.853,1.38239,1.38281,1.35,3.00
2011.08.05 06:34:31.968,1.38239,1.38281,2.10,1.50
2011.08.05 06:34:32.418,1.38234,1.38277,2.48,2.25
2011.08.05 06:34:32.759,1.38233,1.38277,4.35,3.00
2011.08.05 06:34:33.547,1.38232,1.38275,1.73,2.25
2011.08.05 06:34:35.275,1.38233,1.38272,1.50,1.50
2011.08.05 06:34:35.495,1.38234,1.38272,1.50,1.50
2011.08.05 06:34:36.376,1.38234,1.38277,2.25,3.00
2011.08.05 06:34:41.128,1.38237,1.38276,1.50,1.50
2011.08.05 06:34:41.466,1.38239,1.38276,2.25,1.50
2011.08.05 06:34:42.616,1.38239,1.38275,1.88,1.35
2011.08.05 06:34:42.962,1.38244,1.38281,1.13,1.50
2011.08.05 06:34:43.079,1.38244,1.38281,1.13,1.50
2011.08.05 06:34:43.306,1.38244,1.38283,1.13,1.50
2011.08.05 06:34:44.087,1.38242,1.38281,1.13,1.50
2011.08.05 06:34:47.257,1.38244,1.38283,1.88,1.50
2011.08.05 06:34:47.380,1.38244,1.38278,3.38,1.35
2011.08.05 06:34:47.721,1.38246,1.38289,1.50,4.13
2011.08.05 06:34:49.045,1.38248,1.38289,1.35,1.50
2011.08.05 06:34:49.154,1.38255,1.38291,1.50,1.88
2011.08.05 06:34:49.485,1.38257,1.38291,4.50,1.50
2011.08.05 06:34:51.159,1.38263,1.38297,2.25,1.50
2011.08.05 06:34:51.276,1.38263,1.38299,1.50,1.50
2011.08.05 06:34:51.616,1.38257,1.38295,1.50,1.88
2011.08.05 06:34:51.845,1.38254,1.38295,3.00,1.88
2011.08.05 06:34:52.065,1.38254,1.38295,2.25,1.88
2011.08.05 06:34:52.175,1.38254,1.38295,2.85,1.13
2011.08.05 06:34:52.517,1.38265,1.38302,1.50,2.25
2011.08.05 06:34:52.636,1.38267,1.38302,1.50,1.50
2011.08.05 06:34:52.757,1.38262,1.38302,3.00,1.50
2011.08.05 06:34:52.991,1.38264,1.38303,2.25,1.88
2011.08.05 06:34:53.219,1.38261,1.38302,1.13,1.50
2011.08.05 06:34:53.337,1.3826,1.38299,1.88,1.50
2011.08.05 06:34:53.565,1.38257,1.38299,1.50,1.50
2011.08.05 06:34:54.117,1.38255,1.38298,2.48,2.25
2011.08.05 06:34:54.237,1.38256,1.38298,1.50,2.25
2011.08.05 06:34:54.660,1.38257,1.38299,3.00,1.50
2011.08.05 06:34:57.185,1.38256,1.38299,1.88,1.50
2011.08.05 06:34:57.505,1.3826,1.38299,1.88,1.50
2011.08.05 06:34:57.956,1.38262,1.38299,1.13,1.50
2011.08.05 06:34:58.562,1.38262,1.38295,1.88,1.35
2011.08.05 06:34:58.688,1.38262,1.38298,1.13,1.50
2011.08.05 06:34:59.276,1.3826,1.38298,1.13,1.50
2011.08.05 06:34:59.726,1.38264,1.38299,1.88,1.50
2011.08.05 06:34:59.959,1.38266,1.38304,1.35,1.35
2011.08.05 06:35:00.552,1.38266,1.38304,1.35,2.85
2011.08.05 06:35:00.891,1.38264,1.38302,2.48,2.25
2011.08.05 06:35:01.009,1.38262,1.38302,1.88,2.25
2011.08.05 06:35:01.571,1.38261,1.38302,1.50,2.25
2011.08.05 06:35:03.485,1.3826,1.38302,1.35,2.25
2011.08.05 06:35:04.379,1.38259,1.38292,1.35,1.50
2011.08.05 06:35:04.501,1.38257,1.38292,1.35,1.50
2011.08.05 06:35:04.999,1.38256,1.38292,1.13,1.50
2011.08.05 06:35:05.124,1.38254,1.38292,2.48,1.50
2011.08.05 06:35:05.458,1.38254,1.38288,2.48,1.35
2011.08.05 06:35:05.796,1.38256,1.38297,1.50,3.00
2011.08.05 06:35:05.917,1.38257,1.38297,1.35,2.25
2011.08.05 06:35:06.696,1.3826,1.38299,1.13,2.25
2011.08.05 06:35:07.038,1.38264,1.38301,1.50,3.00
2011.08.05 06:35:07.157,1.38264,1.38301,4.13,3.00
2011.08.05 06:35:07.719,1.38268,1.38305,3.00,2.25
2011.08.05 06:35:08.495,1.3827,1.38309,1.50,1.50
2011.08.05 06:35:09.305,1.3827,1.38308,1.50,1.50
2011.08.05 06:35:09.636,1.38272,1.3831,1.50,1.50
2011.08.05 06:35:09.754,1.3827,1.3831,1.50,1.50
2011.08.05 06:35:09.974,1.38271,1.3831,1.50,1.50
2011.08.05 06:35:11.402,1.38271,1.3831,1.50,1.88
2011.08.05 06:35:13.397,1.38265,1.38298,1.73,1.50
2011.08.05 06:35:13.736,1.38264,1.38294,2.63,1.50
2011.08.05 06:35:14.295,1.38263,1.38296,1.50,1.50
2011.08.05 06:35:15.183,1.38263,1.38294,1.50,1.50
2011.08.05 06:35:16.596,1.38263,1.38292,1.50,1.13
2011.08.05 06:35:20.067,1.38263,1.3829,1.50,1.50
2011.08.05 06:35:20.959,1.38263,1.38289,2.63,1.50
2011.08.05 06:35:21.516,1.38263,1.38293,1.50,1.35
2011.08.05 06:35:22.391,1.38263,1.38304,2.25,2.63
2011.08.05 06:35:22.946,1.38263,1.38296,1.50,1.13
2011.08.05 06:35:23.397,1.38264,1.38296,3.00,1.13
2011.08.05 06:35:23.736,1.3827,1.38302,1.88,1.50
2011.08.05 06:35:24.077,1.38278,1.38307,2.25,1.50
2011.08.05 06:35:24.197,1.38279,1.38312,3.75,1.13
2011.08.05 06:35:24.672,1.38281,1.38317,2.25,1.50
2011.08.05 06:35:24.825,1.38285,1.38325,2.85,1.88
2011.08.05 06:35:24.936,1.38285,1.38325,2.85,1.88
2011.08.05 06:35:27.734,1.38285,1.38326,1.35,1.13
2011.08.05 06:35:28.583,1.38284,1.38324,1.35,2.48
2011.08.05 06:35:29.138,1.38283,1.3832,1.35,1.13
2011.08.05 06:35:29.259,1.38281,1.3832,1.35,1.13
2011.08.05 06:35:31.416,1.38283,1.3832,2.10,1.13
2011.08.05 06:35:31.539,1.38284,1.3832,1.50,1.13
2011.08.05 06:35:32.635,1.38283,1.3832,1.35,1.13
2011.08.05 06:35:34.858,1.38283,1.3832,1.35,1.13
2011.08.05 06:35:36.187,1.38283,1.38318,1.35,1.13
2011.08.05 06:35:36.697,1.38281,1.38318,1.35,1.13
2011.08.05 06:35:38.625,1.38279,1.38316,1.50,1.13
2011.08.05 06:35:41.738,1.3829,1.38316,1.35,1.13
2011.08.05 06:35:41.858,1.38295,1.3832,1.50,1.50
2011.08.05 06:35:41.979,1.3829,1.3832,5.85,2.25
2011.08.05 06:35:42.100,1.38289,1.38324,1.50,2.25
2011.08.05 06:35:42.675,1.38285,1.38324,1.13,2.25
2011.08.05 06:35:43.126,1.38283,1.3832,1.50,2.48
2011.08.05 06:35:46.647,1.38283,1.38313,1.50,1.13
2011.08.05 06:35:47.545,1.38282,1.38307,1.50,1.13
2011.08.05 06:35:47.990,1.38283,1.38311,2.25,1.50
2011.08.05 06:35:48.219,1.38288,1.38314,1.73,2.25
2011.08.05 06:35:48.342,1.38296,1.38328,1.50,1.50
2011.08.05 06:35:48.657,1.38301,1.38331,1.50,1.13
2011.08.05 06:35:48.998,1.383,1.38332,4.50,1.13
2011.08.05 06:35:49.340,1.383,1.38336,1.50,1.50
2011.08.05 06:35:50.216,1.38297,1.38341,2.10,1.50
2011.08.05 06:35:50.815,1.38299,1.3834,1.35,2.25
2011.08.05 06:35:51.158,1.38298,1.38341,1.35,1.50
2011.08.05 06:35:51.716,1.38299,1.38341,1.35,1.50
2011.08.05 06:35:51.837,1.38299,1.3834,1.35,2.25
2011.08.05 06:35:54.206,1.38296,1.38336,3.60,2.25
2011.08.05 06:35:54.768,1.38299,1.3834,1.35,1.50
2011.08.05 06:35:56.288,1.38304,1.38339,5.25,2.25
2011.08.05 06:35:56.883,1.38326,1.38346,1.95,1.50
2011.08.05 06:35:57.015,1.38328,1.38368,2.10,1.35
2011.08.05 06:35:57.348,1.38333,1.38372,1.35,1.50
2011.08.05 06:35:57.471,1.38334,1.38373,2.10,2.25
2011.08.05 06:35:57.919,1.38334,1.38372,1.35,2.25
2011.08.05 06:35:58.036,1.3833,1.38372,1.35,2.25
2011.08.05 06:35:58.719,1.3833,1.38371,1.35,2.25
2011.08.05 06:35:59.058,1.38325,1.38369,2.85,2.25
2011.08.05 06:36:00.719,1.38323,1.38366,2.25,3.00
2011.08.05 06:36:00.840,1.38323,1.38366,1.50,4.50
2011.08.05 06:36:00.958,1.38321,1.38363,1.35,2.25
2011.08.05 06:36:01.187,1.38317,1.3836,2.25,1.50
2011.08.05 06:36:01.309,1.38316,1.3836,1.35,3.75
2011.08.05 06:36:01.648,1.38314,1.38349,1.50,1.35
2011.08.05 06:36:02.206,1.38314,1.38359,1.73,2.25
2011.08.05 06:36:02.712,1.38316,1.38358,2.10,1.50
2011.08.05 06:36:06.910,1.38316,1.38356,1.35,1.13
2011.08.05 06:36:08.905,1.38315,1.38356,1.50,1.13
2011.08.05 06:36:09.786,1.38315,1.38357,1.50,2.25
2011.08.05 06:36:12.428,1.38314,1.38356,3.60,1.13
2011.08.05 06:36:13.748,1.38314,1.38356,2.85,3.38
2011.08.05 06:36:15.625,1.38314,1.38356,1.20,3.38
2011.08.05 06:36:16.175,1.38314,1.38356,2.70,3.38
2011.08.05 06:36:20.377,1.38313,1.38352,1.35,2.25
2011.08.05 06:36:20.498,1.38311,1.38351,2.10,2.63
2011.08.05 06:36:21.685,1.38314,1.38351,1.50,1.13
2011.08.05 06:36:22.513,1.38314,1.38354,3.98,1.13
2011.08.05 06:36:22.632,1.38315,1.38354,1.13,1.13
2011.08.05 06:36:24.591,1.38321,1.38357,2.10,1.13
2011.08.05 06:36:24.930,1.38329,1.38368,1.20,1.50
2011.08.05 06:36:25.159,1.38327,1.38368,3.75,1.35
2011.08.05 06:36:25.281,1.38325,1.38361,2.48,1.50
2011.08.05 06:36:25.855,1.38332,1.38361,1.35,2.10
2011.08.05 06:36:25.984,1.38331,1.38363,1.13,2.25
2011.08.05 06:36:26.535,1.38333,1.38371,1.50,1.50
2011.08.05 06:36:26.868,1.38326,1.38363,1.50,1.35
2011.08.05 06:36:26.986,1.38325,1.38363,2.25,1.35
2011.08.05 06:36:27.104,1.38325,1.38363,2.25,1.35
2011.08.05 06:36:27.435,1.38325,1.38363,2.25,1.35
2011.08.05 06:36:28.146,1.38327,1.38363,1.50,1.35
2011.08.05 06:36:28.577,1.38332,1.38363,1.50,1.35
2011.08.05 06:36:28.936,1.38336,1.38363,1.13,1.35
2011.08.05 06:36:29.067,1.38329,1.38363,2.25,1.50
2011.08.05 06:36:29.410,1.38313,1.38339,1.50,2.85
2011.08.05 06:36:29.637,1.38303,1.38339,2.40,1.35
2011.08.05 06:36:30.531,1.38304,1.38339,1.50,1.35
2011.08.05 06:36:30.757,1.38303,1.38339,2.10,2.85
2011.08.05 06:36:30.987,1.38306,1.38339,1.50,1.35
2011.08.05 06:36:31.683,1.3831,1.38343,1.50,3.00
2011.08.05 06:36:31.799,1.38308,1.38343,1.35,2.25
2011.08.05 06:36:32.026,1.3831,1.38343,1.50,2.25
2011.08.05 06:36:32.917,1.38313,1.38348,1.50,1.50
2011.08.05 06:36:33.147,1.38313,1.38349,1.50,2.85
2011.08.05 06:36:33.488,1.38309,1.38341,1.50,1.35
2011.08.05 06:36:33.715,1.3831,1.38341,1.50,1.35
2011.08.05 06:36:34.383,1.3831,1.38341,1.50,1.35
2011.08.05 06:36:34.828,1.38316,1.3835,1.95,1.50
2011.08.05 06:36:34.951,1.38316,1.38356,2.70,1.50
2011.08.05 06:36:35.509,1.38317,1.38358,1.35,2.85
2011.08.05 06:36:36.727,1.38317,1.38347,2.25,1.35
2011.08.05 06:36:37.126,1.38314,1.38347,2.63,1.35
2011.08.05 06:36:37.246,1.38311,1.38347,1.50,1.35
2011.08.05 06:36:37.366,1.3831,1.38347,1.50,1.35
2011.08.05 06:36:37.488,1.3831,1.38337,1.50,1.35
2011.08.05 06:36:37.609,1.38314,1.38348,2.33,1.35
2011.08.05 06:36:37.841,1.38324,1.3835,1.50,1.35
2011.08.05 06:36:37.961,1.38324,1.38351,1.50,2.25
2011.08.05 06:36:38.191,1.38321,1.38351,1.50,3.00
2011.08.05 06:36:38.527,1.38319,1.38352,1.50,2.25
2011.08.05 06:36:38.872,1.38317,1.38348,1.50,1.35
2011.08.05 06:36:39.555,1.38317,1.38348,1.50,1.50
2011.08.05 06:36:40.119,1.38315,1.38349,1.50,1.50
2011.08.05 06:36:40.462,1.38324,1.38366,3.83,4.50
2011.08.05 06:36:40.692,1.38327,1.38361,1.50,1.35
2011.08.05 06:36:40.918,1.38327,1.38369,2.25,1.13
2011.08.05 06:36:41.257,1.38325,1.38369,4.73,3.00
2011.08.05 06:36:41.596,1.38329,1.38367,3.00,1.35
2011.08.05 06:36:42.193,1.38332,1.38372,1.88,1.50
2011.08.05 06:36:42.539,1.38336,1.38373,2.85,1.50
2011.08.05 06:36:43.100,1.38336,1.38372,3.00,1.35
2011.08.05 06:36:43.441,1.38337,1.38373,1.73,1.35
2011.08.05 06:36:44.111,1.3834,1.38376,1.50,1.50
2011.08.05 06:36:44.336,1.38343,1.38376,1.13,1.50
2011.08.05 06:36:44.794,1.38344,1.38381,1.50,2.10
2011.08.05 06:36:45.018,1.38343,1.38379,1.88,1.50
2011.08.05 06:36:45.246,1.38342,1.38382,1.13,2.25
2011.08.05 06:36:45.806,1.38343,1.38381,3.00,1.13
2011.08.05 06:36:46.148,1.38346,1.38381,1.35,1.13
2011.08.05 06:36:46.598,1.38348,1.38386,2.48,2.25
2011.08.05 06:36:47.365,1.38344,1.38386,2.85,2.25
2011.08.05 06:36:47.706,1.38344,1.38382,1.50,2.85
2011.08.05 06:36:47.925,1.38338,1.3838,2.10,1.50
2011.08.05 06:36:48.267,1.38336,1.38374,1.13,2.10
2011.08.05 06:36:48.496,1.38332,1.38374,2.25,2.48
2011.08.05 06:36:48.726,1.38332,1.38371,1.50,1.50
2011.08.05 06:36:49.066,1.38329,1.38371,2.25,1.50
2011.08.05 06:36:49.190,1.38329,1.38371,1.50,1.50
2011.08.05 06:36:49.556,1.38331,1.38371,1.50,1.50
2011.08.05 06:36:49.896,1.38329,1.38371,2.10,1.50
2011.08.05 06:36:50.235,1.38328,1.3837,1.35,1.50
2011.08.05 06:36:51.495,1.38327,1.3837,1.50,2.63
2011.08.05 06:36:52.276,1.38325,1.38364,1.13,1.35
2011.08.05 06:36:52.507,1.38324,1.38356,3.75,1.13
2011.08.05 06:36:52.629,1.38324,1.38355,2.25,1.50
2011.08.05 06:36:53.078,1.38321,1.38356,1.35,1.13
2011.08.05 06:36:53.638,1.38318,1.38354,1.50,1.50
2011.08.05 06:36:55.631,1.38313,1.38347,3.06,1.50
2011.08.05 06:36:55.966,1.38313,1.38346,1.83,1.35
2011.08.05 06:36:56.383,1.38313,1.38347,1.83,1.35
2011.08.05 06:36:56.506,1.38313,1.38345,2.31,1.50
2011.08.05 06:36:56.626,1.38314,1.38346,1.99,3.00
2011.08.05 06:36:57.188,1.38314,1.38348,2.48,2.63
2011.08.05 06:36:57.967,1.38314,1.38349,2.48,1.50
2011.08.05 06:36:58.526,1.38314,1.38352,2.48,3.38
2011.08.05 06:36:59.134,1.38314,1.38349,2.48,1.50
2011.08.05 06:36:59.763,1.38313,1.38342,2.33,1.50
2011.08.05 06:36:59.892,1.38313,1.38349,2.33,1.50
2011.08.05 06:37:00.011,1.38313,1.38352,2.33,2.25
2011.08.05 06:37:00.674,1.38313,1.38352,2.33,1.50
2011.08.05 06:37:01.006,1.38315,1.38352,1.13,1.50
2011.08.05 06:37:01.569,1.38314,1.3835,1.95,1.50
2011.08.05 06:37:01.906,1.38314,1.38343,1.80,1.13
2011.08.05 06:37:02.249,1.38317,1.38344,1.13,1.50
2011.08.05 06:37:02.367,1.38317,1.38352,1.13,2.25
2011.08.05 06:37:02.802,1.38317,1.38356,1.13,1.50
2011.08.05 06:37:04.239,1.38318,1.38357,1.13,1.50
2011.08.05 06:37:04.359,1.38318,1.38355,1.13,1.50
2011.08.05 06:37:05.027,1.38318,1.38358,2.25,1.13
2011.08.05 06:37:05.148,1.38316,1.38356,2.85,3.60
2011.08.05 06:37:05.268,1.38316,1.38355,1.35,1.50
2011.08.05 06:37:06.111,1.38314,1.38355,4.50,1.13
2011.08.05 06:37:06.232,1.38314,1.38356,3.00,1.88
2011.08.05 06:37:06.897,1.38314,1.38355,1.35,1.13
2011.08.05 06:37:07.019,1.38314,1.38355,1.35,1.88
2011.08.05 06:37:07.356,1.38313,1.38357,1.50,2.63
2011.08.05 06:37:08.140,1.38317,1.38357,2.25,2.25
2011.08.05 06:37:08.586,1.38317,1.38357,1.50,3.00
2011.08.05 06:37:08.707,1.38317,1.38357,1.50,3.00
2011.08.05 06:37:09.161,1.38313,1.38352,2.25,1.13
2011.08.05 06:37:09.387,1.38316,1.38352,1.50,1.13
2011.08.05 06:37:09.904,1.38317,1.38356,2.25,1.13
2011.08.05 06:37:10.128,1.38317,1.38357,2.25,3.38
2011.08.05 06:37:10.578,1.38317,1.38356,1.50,1.50
2011.08.05 06:37:11.029,1.38324,1.38365,1.13,3.00
2011.08.05 06:37:11.148,1.38329,1.38368,1.50,1.50
2011.08.05 06:37:12.584,1.38326,1.38364,1.13,1.50
2011.08.05 06:37:12.706,1.38319,1.38358,2.25,1.50
2011.08.05 06:37:13.050,1.38336,1.38361,1.13,1.50
2011.08.05 06:37:13.280,1.38335,1.38365,1.13,1.35
2011.08.05 06:37:13.617,1.38333,1.38372,1.88,3.00
2011.08.05 06:37:14.065,1.38334,1.38372,1.88,3.00
2011.08.05 06:37:14.397,1.3833,1.38368,2.85,2.25
2011.08.05 06:37:14.517,1.38328,1.38366,1.88,1.50
2011.08.05 06:37:14.966,1.38328,1.38366,1.13,1.50
2011.08.05 06:37:15.420,1.38329,1.3837,3.00,1.50
2011.08.05 06:37:16.091,1.38333,1.38365,2.25,2.10
2011.08.05 06:37:16.209,1.38327,1.3837,1.13,1.88
2011.08.05 06:37:16.546,1.38327,1.38368,1.13,3.00
2011.08.05 06:37:16.886,1.38331,1.38368,2.25,1.50
2011.08.05 06:37:17.376,1.38332,1.3837,2.25,1.13
2011.08.05 06:37:18.375,1.38332,1.38375,2.25,1.50
2011.08.05 06:37:18.712,1.38332,1.38373,2.25,1.50
2011.08.05 06:37:19.163,1.38333,1.38368,2.10,2.85
2011.08.05 06:37:19.387,1.38333,1.38371,1.50,1.50
2011.08.05 06:37:19.945,1.38333,1.38374,2.25,3.23
2011.08.05 06:37:20.395,1.38331,1.38374,1.50,3.60
2011.08.05 06:37:20.995,1.3833,1.38367,3.75,1.13
2011.08.05 06:37:21.216,1.38324,1.38361,2.25,1.35
2011.08.05 06:37:22.975,1.38324,1.38363,1.50,2.48
2011.08.05 06:37:23.085,1.38325,1.38363,1.50,1.88
2011.08.05 06:37:23.635,1.38325,1.38366,2.25,1.50
2011.08.05 06:37:24.185,1.38324,1.38367,3.60,2.25
2011.08.05 06:37:24.419,1.38328,1.38367,1.35,1.50
2011.08.05 06:37:24.536,1.38331,1.3837,1.35,1.50
2011.08.05 06:37:25.645,1.38327,1.3837,1.35,1.50
2011.08.05 06:37:26.169,1.38327,1.38368,1.35,1.50
2011.08.05 06:37:26.622,1.38325,1.38366,1.35,1.50
2011.08.05 06:37:27.211,1.38325,1.38367,1.35,2.63
2011.08.05 06:37:27.766,1.38327,1.38367,1.35,1.88
2011.08.05 06:37:28.371,1.38332,1.38367,1.13,1.88
2011.08.05 06:37:29.406,1.3833,1.38369,1.13,1.13
2011.08.05 06:37:30.385,1.38331,1.3837,1.35,1.88
2011.08.05 06:37:30.860,1.38331,1.38368,1.35,1.50
2011.08.05 06:37:31.196,1.38328,1.38366,2.85,1.50
2011.08.05 06:37:32.126,1.38328,1.38368,3.60,1.50
2011.08.05 06:37:32.246,1.38329,1.38369,1.50,1.88
2011.08.05 06:37:32.588,1.38333,1.38372,1.13,1.88
2011.08.05 06:37:33.561,1.38337,1.38376,1.35,3.38
2011.08.05 06:37:33.679,1.38337,1.38373,1.35,1.35
2011.08.05 06:37:34.019,1.3833,1.38369,1.35,1.50
2011.08.05 06:37:35.785,1.3833,1.38372,2.10,3.75
2011.08.05 06:37:36.005,1.3833,1.3837,2.10,2.25
2011.08.05 06:37:36.225,1.3833,1.38369,1.50,3.00
2011.08.05 06:37:36.775,1.38327,1.38365,1.35,1.13
2011.08.05 06:37:37.218,1.38331,1.38366,1.35,1.88
2011.08.05 06:37:37.759,1.38336,1.38372,1.13,2.25
2011.08.05 06:37:37.886,1.3834,1.38381,1.73,2.85
2011.08.05 06:37:38.121,1.3834,1.38381,1.35,2.25
2011.08.05 06:37:38.349,1.38342,1.38382,1.13,1.13
2011.08.05 06:37:40.147,1.38344,1.38379,2.10,1.50
2011.08.05 06:37:40.759,1.38343,1.38379,1.50,2.25
2011.08.05 06:37:41.573,1.38346,1.38382,1.50,1.50
2011.08.05 06:37:41.801,1.38347,1.38385,2.25,1.50
2011.08.05 06:37:42.795,1.3835,1.38388,1.50,1.50
2011.08.05 06:37:43.296,1.3835,1.38388,2.25,1.50
2011.08.05 06:37:43.905,1.38351,1.38388,1.13,1.50
2011.08.05 06:37:44.608,1.3835,1.38387,1.13,1.35
2011.08.05 06:37:44.727,1.38349,1.38388,1.13,1.50
2011.08.05 06:37:45.372,1.38344,1.38384,2.25,1.50
2011.08.05 06:37:45.598,1.38344,1.38384,1.50,1.50
2011.08.05 06:37:45.938,1.38348,1.38387,1.50,1.50
2011.08.05 06:37:46.665,1.3835,1.38387,1.50,1.50
2011.08.05 06:37:46.777,1.38352,1.38387,2.25,1.50
2011.08.05 06:37:47.117,1.38357,1.38393,1.35,1.50
2011.08.05 06:37:47.346,1.38356,1.38395,1.35,1.50
2011.08.05 06:37:47.467,1.38354,1.38395,1.13,1.50
2011.08.05 06:37:48.972,1.38353,1.38391,1.35,1.35
2011.08.05 06:37:49.096,1.38352,1.38385,1.35,2.25
2011.08.05 06:37:49.222,1.3835,1.38389,1.35,2.63
2011.08.05 06:37:49.556,1.38351,1.38393,1.35,3.00
2011.08.05 06:37:51.558,1.38349,1.3839,1.13,1.50
2011.08.05 06:37:53.165,1.38348,1.38389,2.85,1.50
2011.08.05 06:37:53.425,1.38348,1.38388,2.25,1.50
2011.08.05 06:37:53.537,1.38351,1.3839,1.50,1.50
2011.08.05 06:37:54.976,1.38352,1.38394,1.35,3.38
2011.08.05 06:37:55.427,1.38349,1.38391,1.73,1.50
2011.08.05 06:37:56.583,1.38353,1.38395,1.35,3.00
2011.08.05 06:37:56.920,1.38349,1.38391,1.73,1.50
2011.08.05 06:37:57.148,1.38348,1.38381,1.50,1.13
2011.08.05 06:37:57.269,1.38348,1.38379,1.50,1.50
2011.08.05 06:37:57.609,1.38342,1.38375,1.50,3.00
2011.08.05 06:37:58.170,1.38345,1.3838,1.13,1.50
2011.08.05 06:37:58.286,1.38345,1.3838,1.13,2.25
2011.08.05 06:37:58.408,1.38344,1.38378,1.50,2.10
2011.08.05 06:37:59.178,1.3834,1.38377,1.50,1.35
2011.08.05 06:37:59.736,1.38342,1.38378,1.88,1.35
2011.08.05 06:38:00.335,1.3834,1.38377,1.50,1.50
2011.08.05 06:38:00.559,1.38337,1.38374,1.50,1.50
2011.08.05 06:38:01.116,1.38337,1.38374,1.50,2.25
2011.08.05 06:38:01.966,1.38337,1.38373,1.50,3.60
2011.08.05 06:38:02.309,1.38334,1.38365,1.95,2.85
2011.08.05 06:38:02.759,1.38335,1.38368,1.50,1.13
2011.08.05 06:38:03.595,1.38335,1.38369,1.50,4.13
2011.08.05 06:38:03.705,1.38334,1.38368,1.95,1.50
2011.08.05 06:38:04.347,1.38333,1.38368,2.33,1.50
2011.08.05 06:38:06.631,1.38334,1.38376,4.05,1.50
2011.08.05 06:38:06.748,1.38334,1.38376,1.80,1.50
2011.08.05 06:38:08.147,1.38333,1.38373,2.93,1.50
2011.08.05 06:38:09.146,1.38336,1.38377,1.50,1.13
2011.08.05 06:38:10.917,1.38338,1.38371,2.10,1.35
2011.08.05 06:38:15.916,1.3834,1.38377,3.00,1.50
2011.08.05 06:38:18.100,1.38343,1.38384,2.10,1.50
2011.08.05 06:38:18.227,1.38344,1.38387,1.35,3.38
2011.08.05 06:38:18.459,1.38344,1.38378,1.35,1.50
2011.08.05 06:38:18.578,1.38343,1.38378,2.25,1.50
2011.08.05 06:38:18.806,1.38344,1.38384,1.50,1.35
2011.08.05 06:38:19.479,1.38342,1.38384,1.35,1.35
2011.08.05 06:38:19.596,1.38341,1.38384,2.70,1.35
2011.08.05 06:38:20.146,1.38341,1.38382,2.10,1.35
2011.08.05 06:38:20.488,1.3834,1.38382,3.60,1.35
2011.08.05 06:38:20.606,1.38341,1.38382,1.35,1.35
2011.08.05 06:38:22.428,1.38342,1.38378,1.35,1.50
2011.08.05 06:38:23.001,1.38342,1.38378,1.35,1.50
2011.08.05 06:38:23.226,1.38343,1.3838,1.35,1.50
2011.08.05 06:38:23.676,1.38342,1.3838,1.35,2.25
2011.08.05 06:38:23.905,1.38342,1.38382,1.35,1.50
2011.08.05 06:38:25.491,1.38343,1.38378,1.35,1.50
2011.08.05 06:38:26.170,1.38342,1.3838,1.35,2.25
2011.08.05 06:38:26.509,1.38345,1.38381,1.58,1.13
2011.08.05 06:38:26.628,1.38345,1.38381,1.58,1.13
2011.08.05 06:38:27.717,1.38349,1.38386,2.10,1.50
2011.08.05 06:38:27.947,1.38351,1.3839,1.35,1.50
2011.08.05 06:38:28.070,1.38352,1.3839,1.35,1.50
2011.08.05 06:38:28.625,1.38351,1.3839,1.50,1.35
2011.08.05 06:38:29.352,1.38348,1.38388,2.33,2.25
2011.08.05 06:38:29.808,1.38351,1.3839,1.88,1.35
2011.08.05 06:38:30.258,1.38352,1.38389,1.50,1.50
2011.08.05 06:38:30.596,1.38348,1.38387,2.33,2.25
2011.08.05 06:38:30.716,1.38348,1.38387,1.95,2.25
2011.08.05 06:38:30.952,1.3835,1.3839,2.25,1.35
2011.08.05 06:38:31.181,1.38349,1.38388,1.20,1.50
2011.08.05 06:38:31.517,1.38352,1.38392,2.85,1.13
2011.08.05 06:38:32.077,1.38353,1.38395,3.60,2.10
2011.08.05 06:38:32.825,1.38355,1.38395,2.10,1.35
2011.08.05 06:38:32.944,1.38359,1.38395,1.50,1.35
2011.08.05 06:38:33.060,1.38362,1.38401,2.10,1.13
2011.08.05 06:38:33.181,1.38362,1.38401,2.10,1.13
2011.08.05 06:38:33.409,1.38364,1.38401,1.50,1.73
2011.08.05 06:38:33.748,1.38366,1.38409,3.23,1.50
2011.08.05 06:38:34.638,1.38368,1.38409,1.35,2.25
2011.08.05 06:38:35.198,1.38366,1.38401,1.13,2.25
2011.08.05 06:38:35.430,1.38361,1.38401,1.35,2.25
2011.08.05 06:38:35.962,1.38357,1.38394,1.73,2.25
2011.08.05 06:38:36.086,1.3836,1.38399,1.50,1.50
2011.08.05 06:38:36.426,1.38365,1.38403,2.25,1.50
2011.08.05 06:38:36.988,1.38364,1.38403,1.88,3.60
2011.08.05 06:38:37.550,1.38372,1.38403,1.50,2.25
2011.08.05 06:38:37.779,1.38372,1.38406,1.50,1.13
2011.08.05 06:38:37.898,1.3837,1.38405,1.50,2.25
2011.08.05 06:38:38.478,1.38365,1.38403,1.50,1.50
2011.08.05 06:38:38.707,1.38362,1.38404,1.50,1.50
2011.08.05 06:38:40.177,1.3836,1.38399,1.50,2.25
2011.08.05 06:38:40.406,1.38358,1.38399,2.10,3.00
2011.08.05 06:38:40.526,1.38358,1.38392,2.10,1.50
2011.08.05 06:38:40.650,1.38355,1.38392,1.35,1.50
2011.08.05 06:38:40.766,1.38355,1.38392,2.10,1.50
2011.08.05 06:38:41.110,1.38349,1.3839,3.00,1.50
2011.08.05 06:38:41.228,1.38348,1.3839,1.13,1.50
2011.08.05 06:38:41.786,1.38348,1.38389,1.13,2.25
2011.08.05 06:38:42.257,1.38349,1.38386,1.73,1.13
2011.08.05 06:38:42.380,1.3835,1.38386,3.08,1.13
2011.08.05 06:38:42.499,1.38352,1.38392,1.35,2.25
2011.08.05 06:38:42.728,1.38355,1.38399,2.10,2.25
2011.08.05 06:38:43.286,1.38355,1.38398,2.70,1.50
2011.08.05 06:38:43.406,1.38355,1.38398,2.70,1.50
2011.08.05 06:38:43.967,1.38354,1.38396,3.23,1.50
2011.08.05 06:38:45.506,1.38356,1.38396,1.50,1.50
2011.08.05 06:38:45.962,1.38355,1.38396,1.35,1.50
2011.08.05 06:38:46.298,1.38354,1.38396,3.23,1.50
2011.08.05 06:38:46.526,1.38354,1.38396,3.23,1.50
2011.08.05 06:38:46.868,1.38352,1.38394,3.60,2.10
2011.08.05 06:38:47.317,1.38349,1.38391,4.73,1.50
2011.08.05 06:38:47.765,1.38348,1.38388,2.10,1.50
2011.08.05 06:38:48.096,1.38351,1.38388,1.50,1.50
2011.08.05 06:38:48.713,1.38351,1.38388,2.25,1.50
2011.08.05 06:38:49.378,1.38351,1.38388,1.50,1.50
2011.08.05 06:38:49.719,1.38359,1.38397,1.35,2.25
2011.08.05 06:38:50.060,1.38367,1.38403,2.85,1.35
2011.08.05 06:38:50.285,1.38367,1.3841,2.85,1.50
2011.08.05 06:38:50.836,1.38369,1.38412,1.35,2.48
2011.08.05 06:38:51.361,1.38368,1.38412,1.35,2.85
2011.08.05 06:38:51.847,1.38367,1.38401,1.50,1.35
2011.08.05 06:38:52.296,1.38364,1.38401,1.35,1.35
2011.08.05 06:38:52.526,1.38363,1.38401,2.10,1.35
2011.08.05 06:38:52.866,1.38363,1.38401,2.10,1.35
2011.08.05 06:38:53.097,1.38361,1.38401,2.25,1.35
2011.08.05 06:38:53.587,1.38361,1.38401,2.25,1.35
2011.08.05 06:38:53.706,1.38361,1.38401,1.50,1.35
2011.08.05 06:38:54.603,1.38363,1.38403,3.00,2.10
2011.08.05 06:38:56.190,1.38364,1.38403,1.50,4.35
2011.08.05 06:38:56.530,1.38365,1.38404,3.23,1.50
2011.08.05 06:38:56.648,1.38366,1.38404,4.73,1.50
2011.08.05 06:38:56.772,1.38375,1.3841,1.35,2.25
2011.08.05 06:38:57.284,1.38376,1.3841,1.50,1.50
2011.08.05 06:38:57.619,1.38375,1.38413,1.13,1.35
2011.08.05 06:38:57.846,1.38369,1.38413,1.35,2.85
2011.08.05 06:38:58.078,1.38369,1.38411,1.50,1.50
2011.08.05 06:38:58.417,1.38371,1.38411,1.50,1.50
2011.08.05 06:39:00.605,1.38366,1.38407,4.20,1.50
2011.08.05 06:39:00.940,1.38363,1.38396,1.50,1.50
2011.08.05 06:39:01.386,1.3836,1.38392,1.50,1.50
2011.08.05 06:39:02.607,1.38361,1.38392,1.50,1.50
2011.08.05 06:39:02.726,1.38363,1.38393,1.50,2.25
2011.08.05 06:39:03.267,1.38363,1.38394,1.50,1.50
2011.08.05 06:39:03.605,1.38364,1.38394,1.35,1.50
2011.08.05 06:39:03.831,1.3837,1.38401,1.35,1.50
2011.08.05 06:39:04.386,1.38366,1.38402,1.50,1.50
2011.08.05 06:39:05.606,1.38365,1.38401,1.35,2.25
2011.08.05 06:39:06.133,1.38363,1.38402,1.50,1.50
2011.08.05 06:39:06.508,1.38365,1.38402,1.50,1.50
2011.08.05 06:39:06.848,1.38364,1.38396,1.50,1.50
2011.08.05 06:39:07.189,1.38364,1.38397,1.50,1.35
2011.08.05 06:39:07.750,1.38372,1.38401,1.35,2.25
2011.08.05 06:39:07.869,1.38373,1.38404,2.25,1.50
2011.08.05 06:39:07.990,1.38371,1.38403,2.25,1.50
2011.08.05 06:39:08.424,1.3837,1.38409,1.13,3.00
2011.08.05 06:39:08.547,1.38375,1.38415,1.35,1.50
2011.08.05 06:39:08.779,1.38376,1.38416,1.50,1.50
2011.08.05 06:39:09.011,1.38377,1.38414,1.95,1.50
2011.08.05 06:39:09.240,1.38378,1.38415,1.50,2.25
2011.08.05 06:39:09.576,1.38378,1.38418,2.25,1.35
2011.08.05 06:39:10.386,1.38378,1.38418,2.25,2.10
2011.08.05 06:39:11.535,1.38375,1.38416,1.50,2.25
2011.08.05 06:39:12.717,1.38375,1.38416,2.25,1.50
2011.08.05 06:39:12.837,1.38375,1.38416,2.25,2.25
2011.08.05 06:39:13.285,1.38374,1.38416,3.60,2.25
2011.08.05 06:39:14.825,1.3838,1.38417,1.35,2.10
2011.08.05 06:39:15.158,1.3838,1.38417,1.35,2.10
2011.08.05 06:39:15.739,1.38383,1.38422,1.35,1.50
2011.08.05 06:39:15.970,1.38388,1.38426,1.35,3.00
2011.08.05 06:39:16.544,1.38388,1.38426,1.35,1.50
2011.08.05 06:39:18.927,1.38387,1.38427,1.35,1.50
2011.08.05 06:39:19.159,1.38388,1.38427,1.35,1.50
2011.08.05 06:39:21.870,1.3839,1.38423,1.35,1.50
2011.08.05 06:39:23.570,1.38396,1.38426,2.10,1.50
2011.08.05 06:39:23.690,1.38398,1.38431,1.35,1.50
2011.08.05 06:39:26.706,1.38402,1.38432,1.35,1.50
2011.08.05 06:39:31.475,1.38403,1.38434,1.50,2.25
2011.08.05 06:39:31.706,1.38403,1.38432,1.50,1.35
2011.08.05 06:39:32.268,1.38403,1.38432,1.50,2.10
2011.08.05 06:39:32.388,1.38402,1.38432,1.13,2.10
2011.08.05 06:39:35.277,1.38401,1.3843,1.50,2.85
2011.08.05 06:39:35.509,1.38403,1.38431,1.50,2.10
2011.08.05 06:39:35.631,1.38403,1.38431,1.50,1.35
2011.08.05 06:39:35.857,1.38403,1.38437,1.50,1.73
2011.08.05 06:39:36.448,1.38403,1.3844,1.50,1.50
2011.08.05 06:39:37.096,1.38404,1.38444,3.75,3.75
2011.08.05 06:39:37.766,1.38404,1.38444,3.00,2.25
2011.08.05 06:39:39.508,1.38406,1.38447,2.25,1.50
2011.08.05 06:39:40.397,1.38408,1.38446,2.25,2.25
2011.08.05 06:39:40.903,1.38411,1.38446,1.50,1.50
2011.08.05 06:39:42.557,1.38414,1.38453,1.50,2.10
2011.08.05 06:39:43.006,1.38413,1.38453,1.50,2.10
2011.08.05 06:39:45.420,1.38414,1.38453,1.35,1.35
2011.08.05 06:39:45.987,1.38413,1.38453,1.50,1.35
2011.08.05 06:39:46.657,1.38414,1.38453,1.50,1.35
2011.08.05 06:39:47.257,1.38416,1.38453,1.50,1.35
2011.08.05 06:39:47.379,1.38417,1.38453,3.00,1.35
2011.08.05 06:39:47.720,1.3842,1.3846,1.88,1.50
2011.08.05 06:39:47.839,1.38423,1.3846,1.13,1.50
2011.08.05 06:39:47.960,1.38425,1.38461,2.10,1.35
2011.08.05 06:39:48.187,1.38427,1.38461,2.25,2.10
2011.08.05 06:39:48.831,1.38426,1.38462,1.50,1.35
2011.08.05 06:39:49.276,1.38428,1.38462,2.25,1.35
2011.08.05 06:39:49.508,1.38428,1.38462,1.50,1.35
2011.08.05 06:39:49.958,1.38424,1.38462,1.88,1.35
2011.08.05 06:39:50.630,1.38424,1.38462,2.25,2.10
2011.08.05 06:39:50.969,1.38426,1.38462,1.50,1.35
2011.08.05 06:39:52.799,1.38427,1.38462,1.50,1.35
2011.08.05 06:39:53.252,1.3844,1.3847,1.50,1.50
2011.08.05 06:39:53.699,1.3844,1.38476,1.50,1.35
2011.08.05 06:39:54.827,1.38444,1.38474,1.50,1.35
2011.08.05 06:39:55.168,1.3843,1.38457,1.50,2.10
2011.08.05 06:39:55.286,1.38423,1.38454,3.00,1.35
2011.08.05 06:39:55.629,1.38419,1.38451,1.50,1.50
2011.08.05 06:39:55.965,1.38415,1.38451,2.25,1.50
2011.08.05 06:39:56.517,1.38415,1.38451,1.50,1.50
2011.08.05 06:39:57.111,1.38412,1.38451,2.25,1.50
2011.08.05 06:39:57.778,1.38411,1.38451,3.60,1.50
2011.08.05 06:39:58.624,1.38411,1.38451,3.00,1.50
2011.08.05 06:39:58.737,1.38413,1.38451,2.25,1.50
2011.08.05 06:39:58.862,1.38422,1.38451,1.35,1.50
2011.08.05 06:39:58.982,1.38425,1.38462,1.50,1.50
2011.08.05 06:39:59.209,1.38431,1.38462,2.10,1.50
2011.08.05 06:39:59.325,1.38432,1.38462,1.50,1.50
2011.08.05 06:39:59.658,1.38431,1.38462,2.10,1.50
2011.08.05 06:40:00.765,1.38429,1.38462,2.25,1.50
2011.08.05 06:40:01.766,1.38429,1.3846,1.88,1.35
2011.08.05 06:40:02.109,1.38429,1.3846,2.25,1.35
2011.08.05 06:40:02.339,1.38429,1.38459,3.00,1.35
2011.08.05 06:40:03.232,1.38424,1.38461,1.13,2.85
2011.08.05 06:40:03.349,1.38425,1.38461,1.13,2.85
2011.08.05 06:40:03.690,1.38423,1.38461,1.13,2.85
2011.08.05 06:40:04.029,1.38423,1.38461,1.35,1.50
2011.08.05 06:40:07.266,1.38423,1.38461,1.13,1.50
2011.08.05 06:40:07.496,1.38423,1.38457,1.13,1.50
2011.08.05 06:40:07.826,1.38414,1.38455,2.63,2.25
2011.08.05 06:40:08.165,1.38414,1.38454,1.50,1.50
2011.08.05 06:40:08.556,1.38414,1.38452,1.50,2.25
2011.08.05 06:40:08.900,1.38413,1.38449,1.50,2.25
2011.08.05 06:40:09.016,1.38413,1.38449,1.50,3.00
2011.08.05 06:40:12.006,1.38413,1.38451,1.50,1.50
2011.08.05 06:40:12.226,1.38413,1.38452,1.50,3.00
2011.08.05 06:40:12.456,1.38413,1.3845,1.50,1.50
2011.08.05 06:40:12.797,1.38413,1.38444,1.50,1.50
2011.08.05 06:40:14.499,1.38414,1.38448,1.50,1.50
2011.08.05 06:40:16.823,1.38414,1.38448,2.25,1.50
2011.08.05 06:40:17.158,1.38414,1.38448,1.13,1.50
2011.08.05 06:40:19.316,1.38413,1.38448,1.50,1.50
2011.08.05 06:40:20.887,1.38413,1.38442,1.50,1.50
2011.08.05 06:40:21.227,1.38411,1.38442,1.50,1.50
2011.08.05 06:40:34.397,1.38411,1.38436,1.50,1.13
2011.08.05 06:40:34.740,1.38406,1.38428,1.50,4.50
2011.08.05 06:40:35.403,1.38387,1.38428,3.38,5.25
2011.08.05 06:40:37.798,1.38404,1.38419,1.50,1.35
2011.08.05 06:40:37.916,1.38402,1.38419,1.50,1.35
2011.08.05 06:40:39.669,1.38402,1.38419,1.50,1.50
2011.08.05 06:40:40.242,1.38399,1.38418,1.50,1.50
2011.08.05 06:40:41.018,1.38399,1.38418,1.50,1.50
2011.08.05 06:40:41.359,1.38377,1.38414,1.13,1.50
2011.08.05 06:40:43.053,1.38377,1.38415,1.35,1.50
2011.08.05 06:40:43.394,1.38382,1.38418,1.35,1.50
2011.08.05 06:40:43.947,1.38381,1.3841,1.35,1.50
2011.08.05 06:40:44.408,1.38384,1.3842,1.35,1.50
2011.08.05 06:40:44.748,1.38393,1.38421,1.50,1.50
2011.08.05 06:40:48.664,1.38393,1.38421,1.50,1.50
2011.08.05 06:40:54.598,1.38393,1.38421,1.50,1.50
2011.08.05 06:40:55.386,1.38393,1.38421,1.50,2.25
2011.08.05 06:40:59.745,1.38392,1.38421,1.50,1.50
2011.08.05 06:41:05.957,1.38392,1.38421,1.50,1.50
2011.08.05 06:41:06.299,1.38388,1.38415,1.50,1.50
2011.08.05 06:41:09.038,1.38388,1.38411,1.50,3.75
2011.08.05 06:41:09.378,1.38385,1.38406,1.50,1.35
2011.08.05 06:41:09.611,1.38363,1.38395,3.83,1.50
2011.08.05 06:41:09.728,1.38368,1.38402,1.35,1.50
2011.08.05 06:41:09.958,1.38372,1.38405,1.50,1.50
2011.08.05 06:41:10.078,1.38375,1.38411,1.73,1.35
2011.08.05 06:41:11.142,1.38373,1.38411,1.73,1.35
2011.08.05 06:41:11.479,1.38371,1.38409,1.73,1.50
2011.08.05 06:41:12.259,1.38374,1.38412,1.13,1.50
2011.08.05 06:41:13.091,1.38374,1.38412,1.13,1.50
2011.08.05 06:41:13.319,1.3837,1.3841,1.35,1.50
2011.08.05 06:41:13.657,1.38371,1.38407,1.35,2.25
2011.08.05 06:41:14.435,1.38371,1.38409,1.35,1.50
2011.08.05 06:41:14.566,1.38376,1.38413,3.00,1.50
2011.08.05 06:41:14.692,1.38376,1.38413,2.25,1.50
2011.08.05 06:41:15.576,1.3838,1.38417,1.13,2.25
2011.08.05 06:41:15.918,1.38384,1.38419,1.50,1.50
2011.08.05 06:41:17.755,1.38385,1.38422,1.13,1.50
2011.08.05 06:41:17.866,1.38385,1.38423,1.13,1.50
2011.08.05 06:41:18.205,1.38385,1.38417,1.13,1.50
2011.08.05 06:41:18.539,1.38378,1.38408,3.00,1.50
2011.08.05 06:41:18.876,1.38372,1.38406,1.35,1.50
2011.08.05 06:41:19.109,1.38372,1.38406,1.35,1.50
2011.08.05 06:41:19.338,1.38372,1.38406,1.35,1.50
2011.08.05 06:41:19.677,1.38379,1.38409,1.35,1.50
2011.08.05 06:41:19.910,1.38378,1.384,1.13,1.50
2011.08.05 06:41:20.139,1.3836,1.38397,2.25,1.50
2011.08.05 06:41:20.629,1.38356,1.38396,1.35,1.50
2011.08.05 06:41:22.427,1.38356,1.38396,1.35,1.50
2011.08.05 06:41:23.127,1.38356,1.38396,1.35,2.25
2011.08.05 06:41:23.687,1.38356,1.38394,1.35,1.50
2011.08.05 06:41:24.340,1.38353,1.38392,1.35,2.25
2011.08.05 06:41:24.679,1.38357,1.38394,3.00,1.50
2011.08.05 06:41:24.908,1.38359,1.38396,2.25,1.50
2011.08.05 06:41:25.247,1.38355,1.38396,2.25,1.50
2011.08.05 06:41:25.365,1.38355,1.38396,2.25,1.50
2011.08.05 06:41:25.475,1.38355,1.38396,2.25,1.50
2011.08.05 06:41:27.584,1.38352,1.38392,1.13,1.50
2011.08.05 06:41:27.918,1.38356,1.38396,2.25,1.50
2011.08.05 06:41:28.368,1.38355,1.38396,1.35,2.25
2011.08.05 06:41:28.599,1.38353,1.38395,1.13,1.50
2011.08.05 06:41:29.161,1.38353,1.38393,1.13,2.25
2011.08.05 06:41:30.231,1.38352,1.38394,2.25,1.13
2011.08.05 06:41:30.678,1.38358,1.38399,1.13,2.25
2011.08.05 06:41:31.018,1.3836,1.384,1.35,2.25
2011.08.05 06:41:31.576,1.38359,1.38399,2.25,1.50
2011.08.05 06:41:32.137,1.38359,1.38399,2.25,1.50
2011.08.05 06:41:32.697,1.38362,1.38403,1.35,1.13
2011.08.05 06:41:33.329,1.38359,1.38396,2.25,1.50
2011.08.05 06:41:35.032,1.38358,1.38393,2.25,1.13
2011.08.05 06:41:35.369,1.38351,1.38393,2.25,1.88
2011.08.05 06:41:35.707,1.38358,1.38393,2.25,1.50
2011.08.05 06:41:36.915,1.38356,1.38395,1.13,1.35
2011.08.05 06:41:37.737,1.38364,1.38398,1.50,2.10
2011.08.05 06:41:37.967,1.38364,1.38398,1.50,3.75
2011.08.05 06:41:38.095,1.38364,1.38394,1.50,1.35
2011.08.05 06:41:40.309,1.38364,1.38395,1.50,1.35
2011.08.05 06:41:40.759,1.38363,1.38393,1.50,1.88
2011.08.05 06:41:41.098,1.38363,1.38392,1.50,1.50
2011.08.05 06:41:41.223,1.38363,1.38394,1.50,1.13
2011.08.05 06:41:41.339,1.38363,1.38394,1.50,1.13
2011.08.05 06:41:41.456,1.38363,1.38392,1.50,2.10
2011.08.05 06:41:41.687,1.38363,1.38392,1.50,2.25
2011.08.05 06:41:42.787,1.38363,1.38389,1.50,1.50
2011.08.05 06:41:43.133,1.38363,1.38388,1.50,1.35
2011.08.05 06:41:43.471,1.38363,1.38384,1.50,1.88
2011.08.05 06:41:43.812,1.38359,1.38379,1.50,2.25
2011.08.05 06:41:44.478,1.38357,1.38379,1.50,2.25
2011.08.05 06:41:45.037,1.38362,1.38378,1.50,1.50
2011.08.05 06:41:45.380,1.3836,1.38378,1.50,1.35
2011.08.05 06:41:45.499,1.38359,1.38379,1.50,1.73
2011.08.05 06:41:45.730,1.38356,1.38378,1.50,2.25
2011.08.05 06:41:45.968,1.38332,1.38365,1.13,1.50
2011.08.05 06:41:46.086,1.38332,1.38365,1.13,1.50
2011.08.05 06:41:46.707,1.38327,1.38365,2.25,1.50
2011.08.05 06:41:47.156,1.38325,1.38363,2.25,1.35
2011.08.05 06:41:47.277,1.38325,1.38361,2.25,1.35
2011.08.05 06:41:47.730,1.38322,1.38362,1.13,1.50
2011.08.05 06:41:48.179,1.38323,1.38363,1.50,1.50
2011.08.05 06:41:48.687,1.38322,1.38363,3.38,1.50
2011.08.05 06:41:48.812,1.38322,1.38361,3.38,2.10
2011.08.05 06:41:49.366,1.38324,1.3836,2.25,1.35
2011.08.05 06:41:50.151,1.38324,1.38363,1.88,1.50
2011.08.05 06:41:50.926,1.3833,1.38368,1.50,1.50
2011.08.05 06:41:51.369,1.3833,1.38369,3.00,1.50
2011.08.05 06:41:51.927,1.38339,1.38372,1.35,3.75
2011.08.05 06:41:52.048,1.38341,1.38372,1.35,3.00
2011.08.05 06:41:52.170,1.38336,1.38372,1.35,2.25
2011.08.05 06:41:52.507,1.38343,1.38383,2.10,1.50
2011.08.05 06:41:52.629,1.38346,1.38384,1.35,2.25
2011.08.05 06:41:52.749,1.38345,1.38385,1.95,3.60
2011.08.05 06:41:54.266,1.38345,1.38385,3.45,1.50
2011.08.05 06:41:54.607,1.3835,1.38387,2.10,1.50
2011.08.05 06:41:54.838,1.38351,1.38388,1.35,1.50
2011.08.05 06:41:55.068,1.38351,1.38391,3.00,1.35
2011.08.05 06:41:56.708,1.38351,1.38391,3.00,1.35
2011.08.05 06:41:57.252,1.38351,1.3839,2.25,1.50
2011.08.05 06:41:59.568,1.38352,1.3839,1.50,1.50
2011.08.05 06:41:59.797,1.3835,1.3839,2.48,1.50
2011.08.05 06:42:00.140,1.38344,1.38379,1.35,1.50
2011.08.05 06:42:00.836,1.38344,1.38379,1.50,2.10
2011.08.05 06:42:01.537,1.38344,1.38379,1.50,2.85
2011.08.05 06:42:03.060,1.38341,1.38371,1.50,1.35
2011.08.05 06:42:03.748,1.38344,1.38373,1.50,1.50
2011.08.05 06:42:04.308,1.38346,1.38383,2.10,1.35
2011.08.05 06:42:04.537,1.38346,1.38383,1.50,1.35
2011.08.05 06:42:06.604,1.38344,1.38379,1.50,2.25
2011.08.05 06:42:07.266,1.38344,1.38379,1.50,2.25
2011.08.05 06:42:08.438,1.38347,1.38386,1.35,1.88
2011.08.05 06:42:10.651,1.38349,1.38388,1.20,2.25
2011.08.05 06:42:11.104,1.38347,1.38385,1.35,1.73
2011.08.05 06:42:11.438,1.38347,1.38385,1.13,2.85
2011.08.05 06:42:11.780,1.38349,1.38388,2.10,2.85
2011.08.05 06:42:12.117,1.38348,1.38387,1.35,1.88
2011.08.05 06:42:12.566,1.3835,1.38387,1.35,1.13
2011.08.05 06:42:14.708,1.38346,1.38378,1.35,1.50
2011.08.05 06:42:14.829,1.38346,1.38387,3.45,1.50
2011.08.05 06:42:16.002,1.38345,1.38372,1.35,1.50
2011.08.05 06:42:16.447,1.38339,1.38367,1.35,1.50
2011.08.05 06:42:17.085,1.38343,1.38378,1.50,1.50
2011.08.05 06:42:17.429,1.38343,1.38382,1.50,2.25
2011.08.05 06:42:17.769,1.38341,1.38373,1.50,1.50
2011.08.05 06:42:17.997,1.38342,1.38371,1.50,1.50
2011.08.05 06:42:18.338,1.38343,1.38369,1.50,1.50
2011.08.05 06:42:18.895,1.38343,1.38379,1.50,2.25
2011.08.05 06:42:19.940,1.38343,1.38375,1.50,1.50
2011.08.05 06:42:20.057,1.3834,1.38373,2.10,1.50
2011.08.05 06:42:20.828,1.38344,1.38375,1.50,2.25
2011.08.05 06:42:20.947,1.38344,1.38377,1.50,1.13
2011.08.05 06:42:21.290,1.38341,1.38372,1.50,1.50
2011.08.05 06:42:21.625,1.38343,1.38375,1.50,1.50
2011.08.05 06:42:23.138,1.38343,1.38382,2.10,2.25
2011.08.05 06:42:23.680,1.38343,1.38376,1.50,1.13
2011.08.05 06:42:24.787,1.38344,1.38377,1.50,1.13
2011.08.05 06:42:25.019,1.38344,1.38381,1.50,2.25
2011.08.05 06:42:26.582,1.38342,1.38372,1.35,1.50
2011.08.05 06:42:27.245,1.38341,1.38372,1.50,1.50
2011.08.05 06:42:27.910,1.38341,1.3837,1.50,1.50
2011.08.05 06:42:28.137,1.38339,1.38372,1.50,2.10
2011.08.05 06:42:29.356,1.38339,1.38362,1.50,2.10
2011.08.05 06:42:31.250,1.38339,1.38362,1.50,1.50
2011.08.05 06:42:31.590,1.3834,1.38364,1.50,1.50
2011.08.05 06:42:31.712,1.38344,1.38376,1.50,2.25
2011.08.05 06:42:33.980,1.38343,1.38375,1.50,2.10
2011.08.05 06:42:35.307,1.38341,1.38375,1.50,4.35
2011.08.05 06:42:35.535,1.38333,1.38375,3.23,4.35
2011.08.05 06:42:35.686,1.38333,1.38375,3.23,4.35
2011.08.05 06:42:36.131,1.38335,1.38375,1.13,4.35
2011.08.05 06:42:36.250,1.38334,1.38372,1.50,1.13
2011.08.05 06:42:36.370,1.38333,1.38372,2.25,1.88
2011.08.05 06:42:36.486,1.38329,1.38372,1.35,1.88
2011.08.05 06:42:38.470,1.38327,1.38365,1.35,2.25
2011.08.05 06:42:38.695,1.38325,1.38365,1.35,2.25
2011.08.05 06:42:38.808,1.38325,1.38365,2.10,2.25
2011.08.05 06:42:39.037,1.38325,1.38365,1.35,2.25
2011.08.05 06:42:39.157,1.38324,1.38365,1.35,2.25
2011.08.05 06:42:39.277,1.38323,1.38361,2.10,2.25
2011.08.05 06:42:40.708,1.38324,1.38361,1.35,2.25
2011.08.05 06:42:40.940,1.38325,1.38366,1.35,2.25
2011.08.05 06:42:41.608,1.38325,1.38362,1.35,2.25
2011.08.05 06:42:41.946,1.38325,1.38362,1.35,2.25
2011.08.05 06:42:42.416,1.38324,1.38362,1.35,2.25
2011.08.05 06:42:42.746,1.38324,1.38359,1.35,2.25
2011.08.05 06:42:42.966,1.38321,1.38359,1.35,2.25
2011.08.05 06:42:43.309,1.38316,1.38357,1.13,1.50
2011.08.05 06:42:45.458,1.38316,1.38359,1.73,2.25
2011.08.05 06:42:45.689,1.38318,1.38358,1.35,1.13
2011.08.05 06:42:45.919,1.38318,1.38355,1.35,2.25
2011.08.05 06:42:46.767,1.38317,1.38355,1.35,2.25
2011.08.05 06:42:47.326,1.38317,1.38357,1.13,2.25
2011.08.05 06:42:47.672,1.38317,1.38356,1.13,2.25
2011.08.05 06:42:48.284,1.38312,1.38353,1.35,2.25
2011.08.05 06:42:48.519,1.38314,1.38355,1.35,3.75
2011.08.05 06:42:48.859,1.38313,1.38355,1.35,2.25
2011.08.05 06:42:49.214,1.38322,1.38362,1.35,2.25
2011.08.05 06:42:49.550,1.38327,1.38363,1.13,2.25
2011.08.05 06:42:50.216,1.38327,1.38365,1.13,1.50
2011.08.05 06:42:50.977,1.38322,1.38363,1.35,2.25
2011.08.05 06:42:51.507,1.38322,1.38361,1.35,2.25
2011.08.05 06:42:52.437,1.38325,1.38362,2.25,2.25
2011.08.05 06:42:52.777,1.38326,1.38363,3.00,1.50
2011.08.05 06:42:53.230,1.38324,1.38361,1.50,2.25
2011.08.05 06:42:53.348,1.38319,1.38356,1.13,1.35
2011.08.05 06:42:53.466,1.38325,1.38356,1.50,1.35
2011.08.05 06:42:54.131,1.38325,1.38363,1.50,1.50
2011.08.05 06:42:54.471,1.38327,1.38367,1.13,1.50
2011.08.05 06:42:55.138,1.38328,1.38368,1.13,1.35
2011.08.05 06:42:55.481,1.38327,1.38368,1.73,2.25
2011.08.05 06:42:55.816,1.38325,1.38365,1.88,1.50
2011.08.05 06:42:56.736,1.38324,1.38362,1.50,1.50
2011.08.05 06:42:57.180,1.38332,1.38367,1.50,1.50
2011.08.05 06:42:57.596,1.38333,1.38369,1.50,1.13
2011.08.05 06:42:58.047,1.3833,1.3837,1.35,1.50
2011.08.05 06:42:59.077,1.38329,1.3837,2.25,1.50
2011.08.05 06:42:59.526,1.38333,1.3837,1.50,1.50
2011.08.05 06:43:00.200,1.38336,1.38374,2.63,1.50
2011.08.05 06:43:00.539,1.3834,1.38377,1.50,1.50
2011.08.05 06:43:00.766,1.38344,1.38378,1.50,1.50
2011.08.05 06:43:01.835,1.38342,1.38376,1.50,1.50
2011.08.05 06:43:03.315,1.38342,1.38373,1.50,1.35
2011.08.05 06:43:03.867,1.38341,1.38373,1.50,1.35
2011.08.05 06:43:04.096,1.3834,1.38373,1.50,2.10
2011.08.05 06:43:04.658,1.3834,1.38367,1.50,1.35
2011.08.05 06:43:05.515,1.38339,1.38367,1.50,1.35
2011.08.05 06:43:06.095,1.3834,1.38369,1.50,1.50
2011.08.05 06:43:06.207,1.38342,1.38369,1.50,1.50
2011.08.05 06:43:06.660,1.38342,1.38365,1.50,1.50
2011.08.05 06:43:07.002,1.38342,1.3837,1.50,1.50
2011.08.05 06:43:07.338,1.38344,1.38372,1.50,2.25
2011.08.05 06:43:07.896,1.38344,1.38375,1.50,1.13
2011.08.05 06:43:08.936,1.38344,1.38379,1.50,2.25
2011.08.05 06:43:11.741,1.38344,1.38381,1.50,2.25
2011.08.05 06:43:13.468,1.38345,1.38385,1.35,1.35
2011.08.05 06:43:14.029,1.38347,1.38385,1.35,1.35
2011.08.05 06:43:16.050,1.38361,1.38391,1.35,3.75
2011.08.05 06:43:16.278,1.38361,1.38392,2.10,2.25
2011.08.05 06:43:16.398,1.38361,1.38394,1.35,1.13
2011.08.05 06:43:16.850,1.38358,1.38393,1.35,2.25
2011.08.05 06:43:17.077,1.38358,1.38393,1.35,2.25
2011.08.05 06:43:17.948,1.38353,1.38395,1.35,2.85
2011.08.05 06:43:18.296,1.3835,1.38383,1.35,2.25
2011.08.05 06:43:21.773,1.38351,1.38381,1.35,1.50
2011.08.05 06:43:22.330,1.38357,1.38392,1.35,2.25
2011.08.05 06:43:22.671,1.38364,1.38394,1.35,1.13
2011.08.05 06:43:22.789,1.38365,1.38394,1.35,1.13
2011.08.05 06:43:23.023,1.38363,1.38394,1.35,1.13
2011.08.05 06:43:23.358,1.38362,1.38394,1.35,1.13
2011.08.05 06:43:24.748,1.38363,1.38398,1.35,1.35
2011.08.05 06:43:24.976,1.38363,1.38399,1.35,2.63
2011.08.05 06:43:25.440,1.38364,1.38398,1.35,1.50
2011.08.05 06:43:25.671,1.38362,1.38394,1.35,1.50
2011.08.05 06:43:26.227,1.38362,1.38394,1.35,1.50
2011.08.05 06:43:27.370,1.38362,1.38393,1.35,1.50
2011.08.05 06:43:27.710,1.38356,1.38387,1.50,1.13
2011.08.05 06:43:27.831,1.38351,1.38384,1.35,1.50
2011.08.05 06:43:28.400,1.38346,1.38387,1.35,1.13
2011.08.05 06:43:28.523,1.38349,1.38386,1.50,2.25
2011.08.05 06:43:28.969,1.3835,1.38392,2.10,2.25
2011.08.05 06:43:29.747,1.38354,1.38384,1.35,1.50
2011.08.05 06:43:30.085,1.38346,1.38384,1.50,1.50
2011.08.05 06:43:31.607,1.38345,1.38383,1.35,2.25
2011.08.05 06:43:31.950,1.38345,1.38384,1.35,3.38
2011.08.05 06:43:32.506,1.38349,1.38384,1.35,1.88
2011.08.05 06:43:33.279,1.38354,1.38382,1.50,1.13
2011.08.05 06:43:33.622,1.38347,1.38369,1.50,2.25
2011.08.05 06:43:33.959,1.38335,1.38364,1.50,1.50
2011.08.05 06:43:34.364,1.38334,1.38363,1.50,1.35
2011.08.05 06:43:34.496,1.38325,1.38362,2.10,1.35
2011.08.05 06:43:35.055,1.38333,1.38371,1.50,3.00
2011.08.05 06:43:35.495,1.38333,1.3837,1.50,1.50
2011.08.05 06:43:36.168,1.38333,1.38369,1.50,1.50
2011.08.05 06:43:37.967,1.38333,1.38371,1.50,3.00
2011.08.05 06:43:38.516,1.38335,1.3837,1.13,2.25
2011.08.05 06:43:38.742,1.38339,1.38375,1.35,2.25
2011.08.05 06:43:39.192,1.38342,1.3837,1.35,1.35
2011.08.05 06:43:39.532,1.38335,1.38366,1.50,1.35
2011.08.05 06:43:40.087,1.38333,1.38364,1.50,1.73
2011.08.05 06:43:40.317,1.38333,1.3836,1.50,1.35
2011.08.05 06:43:41.958,1.38333,1.38362,1.50,1.73
2011.08.05 06:43:42.189,1.38334,1.38368,1.50,1.35
2011.08.05 06:43:42.417,1.38334,1.38374,1.50,2.25
2011.08.05 06:43:42.536,1.38334,1.38376,1.50,1.50
2011.08.05 06:43:43.607,1.38353,1.38377,1.35,2.63
2011.08.05 06:43:44.879,1.38353,1.38378,1.35,1.50
2011.08.05 06:43:45.326,1.38353,1.38379,1.73,1.88
2011.08.05 06:43:45.696,1.38356,1.38379,1.35,1.88
2011.08.05 06:43:46.519,1.38354,1.38382,1.73,1.13
2011.08.05 06:43:46.748,1.38355,1.38382,1.35,1.13
2011.08.05 06:43:47.088,1.38354,1.38386,2.48,1.50
2011.08.05 06:43:47.319,1.38358,1.38385,1.35,1.35
2011.08.05 06:43:48.967,1.38357,1.38386,1.35,1.50
2011.08.05 06:43:49.528,1.38356,1.38385,1.35,1.50
2011.08.05 06:43:49.757,1.38353,1.3838,2.10,2.85
2011.08.05 06:43:50.104,1.38353,1.38366,2.10,1.73
2011.08.05 06:43:50.223,1.38337,1.38365,1.35,1.13
2011.08.05 06:43:50.343,1.38337,1.38365,1.35,1.13
2011.08.05 06:43:51.296,1.38337,1.38367,1.35,2.25
2011.08.05 06:43:51.417,1.38337,1.38365,1.35,1.50
2011.08.05 06:43:52.361,1.38337,1.38368,1.35,6.00
2011.08.05 06:43:52.477,1.38337,1.38365,1.35,1.35
2011.08.05 06:43:52.819,1.3834,1.38367,1.35,2.10
2011.08.05 06:43:56.022,1.3834,1.38365,1.35,1.35
2011.08.05 06:43:57.637,1.3834,1.38368,1.35,2.63
2011.08.05 06:43:57.758,1.3834,1.38365,1.35,1.35
2011.08.05 06:43:58.347,1.3834,1.38365,1.35,1.35
2011.08.05 06:43:58.576,1.38342,1.38365,1.35,1.35
2011.08.05 06:43:59.158,1.38341,1.38368,2.10,1.35
2011.08.05 06:43:59.277,1.38344,1.3837,1.35,2.10
2011.08.05 06:44:00.196,1.38344,1.3837,1.35,2.10
2011.08.05 06:44:01.668,1.38347,1.38373,1.35,2.10
2011.08.05 06:44:02.007,1.38346,1.38373,1.35,2.85
2011.08.05 06:44:02.468,1.38346,1.38375,1.73,3.00
2011.08.05 06:44:02.586,1.3835,1.38375,1.35,1.50
2011.08.05 06:44:05.537,1.38351,1.38375,1.50,1.50
2011.08.05 06:44:06.588,1.38354,1.38375,1.50,1.50
2011.08.05 06:44:07.137,1.38354,1.38375,2.10,1.50
2011.08.05 06:44:07.370,1.38354,1.38382,2.10,1.73
2011.08.05 06:44:07.711,1.38354,1.38386,2.48,2.10
2011.08.05 06:44:07.940,1.38358,1.38385,1.35,1.35
2011.08.05 06:44:08.168,1.38355,1.38383,1.35,1.88
2011.08.05 06:44:08.619,1.38354,1.38385,1.50,1.50
2011.08.05 06:44:09.203,1.38355,1.38381,1.35,1.88
2011.08.05 06:44:10.017,1.38355,1.38378,1.35,1.50
2011.08.05 06:44:10.358,1.38355,1.38381,1.35,1.50
2011.08.05 06:44:10.590,1.38359,1.38386,1.35,1.73
2011.08.05 06:44:10.708,1.38359,1.38387,1.35,1.35
2011.08.05 06:44:11.429,1.38359,1.38391,1.73,1.35
2011.08.05 06:44:12.682,1.38364,1.38393,1.35,1.50
2011.08.05 06:44:14.958,1.38364,1.3839,1.35,1.50
2011.08.05 06:44:15.077,1.38364,1.3839,1.35,2.25
2011.08.05 06:44:16.329,1.38363,1.38395,1.35,1.35
2011.08.05 06:44:16.776,1.38364,1.38392,1.35,3.75
2011.08.05 06:44:16.887,1.38362,1.38389,1.35,2.25
2011.08.05 06:44:19.478,1.38363,1.3839,1.50,2.25
2011.08.05 06:44:19.602,1.38364,1.38394,1.35,1.50
2011.08.05 06:44:19.936,1.38364,1.3839,1.35,2.25
2011.08.05 06:44:20.498,1.38364,1.38386,1.35,2.10
2011.08.05 06:44:20.730,1.38359,1.38382,1.35,2.10
2011.08.05 06:44:21.178,1.38359,1.38382,1.35,1.35
2011.08.05 06:44:23.439,1.38361,1.3838,1.35,2.10
2011.08.05 06:44:23.561,1.38359,1.38381,2.10,2.63
2011.08.05 06:44:24.119,1.38361,1.38384,1.73,1.35
2011.08.05 06:44:24.819,1.38363,1.38385,1.35,2.48
2011.08.05 06:44:25.748,1.38365,1.38389,1.35,1.50
2011.08.05 06:44:25.870,1.38365,1.3839,1.35,1.13
2011.08.05 06:44:26.478,1.38365,1.38388,1.35,1.50
2011.08.05 06:44:27.868,1.38365,1.38388,1.35,1.88
2011.08.05 06:44:29.536,1.38365,1.38388,1.35,1.88
2011.08.05 06:44:29.769,1.38365,1.38388,1.35,1.88
2011.08.05 06:44:30.567,1.38364,1.38388,2.10,3.38
2011.08.05 06:44:31.537,1.38364,1.38385,1.35,3.98
2011.08.05 06:44:31.990,1.3836,1.38383,2.10,2.85
2011.08.05 06:44:32.107,1.3836,1.38383,2.10,2.48
2011.08.05 06:44:34.167,1.3836,1.38382,2.10,2.48
2011.08.05 06:44:34.796,1.3836,1.38379,2.10,1.13
2011.08.05 06:44:35.140,1.38354,1.38373,1.50,2.63
2011.08.05 06:44:35.259,1.38354,1.38373,1.50,2.63
2011.08.05 06:44:35.379,1.38354,1.38368,1.50,2.25
2011.08.05 06:44:35.826,1.38346,1.38367,1.35,1.50
2011.08.05 06:44:36.048,1.38346,1.38363,1.35,2.25
2011.08.05 06:44:36.493,1.38341,1.38356,1.35,1.50
2011.08.05 06:44:36.617,1.38341,1.38359,1.35,2.25
2011.08.05 06:44:36.740,1.38347,1.3837,1.13,1.13
2011.08.05 06:44:37.080,1.38356,1.38381,1.35,1.73
2011.08.05 06:44:37.638,1.38356,1.38381,2.10,1.73
2011.08.05 06:44:37.758,1.38357,1.38381,1.35,1.73
2011.08.05 06:44:38.098,1.38359,1.38381,1.35,1.35
2011.08.05 06:44:38.328,1.38361,1.38384,1.35,1.88
2011.08.05 06:44:38.888,1.38363,1.38385,1.35,2.25
2011.08.05 06:44:39.789,1.38367,1.3839,1.35,1.13
2011.08.05 06:44:40.236,1.38369,1.3839,1.35,2.63
2011.08.05 06:44:40.758,1.38369,1.38392,1.35,1.50
2011.08.05 06:44:41.096,1.38369,1.38391,1.35,2.25
2011.08.05 06:44:41.437,1.38383,1.38393,3.83,2.25
2011.08.05 06:44:41.671,1.38405,1.38432,1.13,1.50
2011.08.05 06:44:41.789,1.38411,1.38434,1.35,1.50
2011.08.05 06:44:42.365,1.38416,1.3844,1.35,1.50
2011.08.05 06:44:42.808,1.38416,1.38434,1.35,1.50
2011.08.05 06:44:43.150,1.38413,1.38431,1.35,1.50
2011.08.05 06:44:43.268,1.38409,1.38433,1.35,1.13
2011.08.05 06:44:43.388,1.38409,1.38433,1.35,1.13
2011.08.05 06:44:44.170,1.38409,1.38431,1.35,1.50
2011.08.05 06:44:44.397,1.38411,1.38443,1.35,2.25
2011.08.05 06:44:44.988,1.38414,1.38436,1.35,3.00
2011.08.05 06:44:45.117,1.38414,1.38436,1.35,1.35
2011.08.05 06:44:45.349,1.38414,1.38436,1.35,1.35
2011.08.05 06:44:45.586,1.3841,1.38436,1.35,1.35
2011.08.05 06:44:45.820,1.38404,1.3844,2.25,1.35
2011.08.05 06:44:45.936,1.38404,1.38439,2.25,1.35
2011.08.05 06:44:46.047,1.38409,1.38437,2.63,1.50
2011.08.05 06:44:46.608,1.3841,1.38446,2.10,1.45
2011.08.05 06:44:46.837,1.38411,1.38438,1.50,1.50
2011.08.05 06:44:47.178,1.38404,1.38437,2.63,1.50
2011.08.05 06:44:47.406,1.38404,1.38444,2.63,2.25
2011.08.05 06:44:48.018,1.3841,1.38445,1.88,1.35
2011.08.05 06:44:48.357,1.3841,1.38441,1.13,1.35
2011.08.05 06:44:48.778,1.3841,1.38439,1.13,1.35
2011.08.05 06:44:49.019,1.38404,1.38439,2.25,1.35
2011.08.05 06:44:49.137,1.38404,1.38439,2.25,1.35
2011.08.05 06:44:49.480,1.38403,1.38434,2.63,1.35
2011.08.05 06:44:49.818,1.38403,1.38437,2.63,1.45
2011.08.05 06:44:50.378,1.38404,1.38437,1.13,1.45
2011.08.05 06:44:50.732,1.38403,1.38437,2.63,2.25
2011.08.05 06:44:51.374,1.38397,1.38437,1.13,2.25
2011.08.05 06:44:52.406,1.38397,1.38441,1.88,2.25
2011.08.05 06:44:52.736,1.38396,1.3843,1.13,2.25
2011.08.05 06:44:53.078,1.38396,1.38438,1.13,2.25
2011.08.05 06:44:53.198,1.38396,1.38431,1.13,1.35
2011.08.05 06:44:53.538,1.3839,1.38424,1.13,1.35
2011.08.05 06:44:53.770,1.38391,1.3843,1.13,2.25
2011.08.05 06:44:53.888,1.38391,1.38429,1.13,1.50
2011.08.05 06:44:54.226,1.38386,1.38413,2.25,3.00
2011.08.05 06:44:54.890,1.38373,1.38409,2.63,1.35
2011.08.05 06:44:55.118,1.38374,1.38409,2.25,1.35
2011.08.05 06:44:56.162,1.38374,1.38404,2.63,1.50
2011.08.05 06:44:56.283,1.38367,1.38402,3.00,1.50
2011.08.05 06:44:56.621,1.38367,1.38403,1.50,2.25
2011.08.05 06:44:56.846,1.38365,1.38404,1.50,2.25
2011.08.05 06:44:57.612,1.38366,1.38406,1.50,1.50
2011.08.05 06:44:59.279,1.3837,1.38408,1.50,2.25
2011.08.05 06:44:59.621,1.38377,1.38419,1.88,2.25
2011.08.05 06:45:00.288,1.38376,1.38412,1.35,1.50
2011.08.05 06:45:00.520,1.38373,1.38412,1.35,3.00
2011.08.05 06:45:01.080,1.38377,1.3841,1.50,2.25
2011.08.05 06:45:01.525,1.38374,1.38417,2.63,2.25
2011.08.05 06:45:01.858,1.38374,1.38411,2.25,2.25
2011.08.05 06:45:02.197,1.38374,1.38411,2.25,2.25
2011.08.05 06:45:03.086,1.38369,1.38407,1.13,2.25
2011.08.05 06:45:04.857,1.38374,1.38407,1.50,2.25
2011.08.05 06:45:05.427,1.38373,1.3841,2.63,2.25
2011.08.05 06:45:06.057,1.38374,1.38408,1.50,2.25
2011.08.05 06:45:07.178,1.38368,1.38399,1.50,1.35
2011.08.05 06:45:07.409,1.38353,1.38387,1.88,1.50
2011.08.05 06:45:08.298,1.38355,1.38392,1.13,2.25
2011.08.05 06:45:08.956,1.38359,1.38396,2.25,2.25
2011.08.05 06:45:09.072,1.3836,1.38394,1.50,1.35
2011.08.05 06:45:09.976,1.38359,1.38397,2.25,3.00
2011.08.05 06:45:10.087,1.38364,1.38396,1.50,1.50
2011.08.05 06:45:10.208,1.38364,1.38396,1.50,1.50
2011.08.05 06:45:10.881,1.38364,1.384,1.50,3.60
2011.08.05 06:45:11.111,1.38363,1.38397,3.00,1.50
2011.08.05 06:45:11.338,1.38364,1.38394,3.00,1.35
2011.08.05 06:45:12.405,1.38365,1.38394,1.50,1.35
2011.08.05 06:45:14.086,1.38368,1.38394,1.13,1.35
2011.08.05 06:45:15.967,1.38368,1.38394,2.63,2.85
2011.08.05 06:45:16.427,1.38369,1.38394,1.88,2.85
2011.08.05 06:45:16.776,1.38369,1.38401,2.25,1.13
2011.08.05 06:45:16.998,1.38371,1.38401,1.50,1.13
2011.08.05 06:45:17.557,1.38371,1.38401,1.50,1.13
2011.08.05 06:45:17.958,1.38371,1.38405,1.50,2.25
2011.08.05 06:45:18.909,1.38364,1.38397,3.00,1.35
2011.08.05 06:45:19.444,1.38364,1.38397,2.25,1.35
2011.08.05 06:45:19.976,1.38364,1.38391,3.75,1.35
2011.08.05 06:45:20.318,1.38364,1.38395,2.25,1.35
2011.08.05 06:45:20.438,1.38367,1.38395,1.50,1.35
2011.08.05 06:45:20.779,1.38369,1.38401,1.50,1.73
2011.08.05 06:45:21.237,1.38367,1.38399,1.50,1.50
2011.08.05 06:45:21.361,1.38367,1.38399,1.50,1.50
2011.08.05 06:45:21.916,1.3837,1.38399,1.50,2.85
2011.08.05 06:45:22.590,1.38368,1.38399,1.50,2.85
2011.08.05 06:45:22.827,1.3837,1.38399,1.50,2.85
2011.08.05 06:45:23.166,1.38368,1.38398,1.50,1.50
2011.08.05 06:45:23.967,1.38363,1.38399,1.50,2.10
2011.08.05 06:45:25.246,1.38363,1.38399,1.50,1.35
2011.08.05 06:45:25.818,1.38363,1.38396,1.50,1.88
2011.08.05 06:45:25.938,1.38363,1.38395,1.50,1.35
2011.08.05 06:45:26.060,1.38363,1.38391,1.50,2.25
2011.08.05 06:45:28.148,1.38364,1.38391,1.50,1.50
2011.08.05 06:45:28.797,1.38364,1.38392,1.50,1.50
2011.08.05 06:45:29.027,1.38364,1.38393,1.50,1.88
2011.08.05 06:45:29.688,1.38364,1.38392,1.50,1.50
2011.08.05 06:45:30.407,1.38364,1.3839,1.50,1.50
2011.08.05 06:45:30.636,1.38364,1.38388,1.50,1.50
2011.08.05 06:45:31.557,1.38364,1.3839,1.50,3.00
2011.08.05 06:45:34.967,1.38364,1.3839,1.50,2.85
2011.08.05 06:45:35.306,1.38368,1.3839,1.35,2.85
2011.08.05 06:45:41.746,1.38368,1.38387,1.35,1.35
2011.08.05 06:45:42.296,1.38368,1.38387,1.35,1.35
2011.08.05 06:45:42.905,1.38366,1.38387,1.35,1.35
2011.08.05 06:45:43.018,1.38363,1.38387,1.73,1.35
2011.08.05 06:45:43.138,1.38363,1.38387,1.73,1.35
2011.08.05 06:45:43.588,1.38364,1.3839,1.35,1.50
2011.08.05 06:45:44.147,1.38363,1.38394,1.73,2.10
2011.08.05 06:45:45.330,1.38368,1.38398,1.35,1.88
2011.08.05 06:45:45.889,1.38368,1.38398,1.73,1.13
2011.08.05 06:45:46.449,1.38369,1.38398,1.35,1.13
2011.08.05 06:45:47.008,1.38369,1.384,1.73,1.73
2011.08.05 06:45:48.558,1.38375,1.384,1.35,1.35
2011.08.05 06:45:48.685,1.38375,1.384,1.35,1.35
2011.08.05 06:45:49.238,1.38374,1.384,1.35,1.35
2011.08.05 06:45:49.679,1.38374,1.384,1.35,1.35
2011.08.05 06:45:50.018,1.38371,1.384,1.73,1.35
2011.08.05 06:45:50.253,1.38363,1.38388,1.35,1.35
2011.08.05 06:45:50.371,1.38361,1.38391,1.73,1.50
2011.08.05 06:45:50.491,1.38362,1.38393,1.35,1.13
2011.08.05 06:45:50.828,1.38368,1.38393,1.35,1.13
2011.08.05 06:45:51.400,1.38371,1.38396,1.35,1.50
2011.08.05 06:45:51.668,1.38372,1.38399,1.35,1.13
2011.08.05 06:45:52.012,1.38372,1.38399,1.35,1.88
2011.08.05 06:45:53.710,1.38372,1.384,1.35,1.50
2011.08.05 06:45:54.269,1.38371,1.38401,1.35,1.13
2011.08.05 06:45:55.764,1.38374,1.38402,1.35,1.35
2011.08.05 06:45:56.209,1.38376,1.38407,1.35,1.50
2011.08.05 06:45:56.329,1.38379,1.38408,1.35,1.13
2011.08.05 06:45:56.558,1.3838,1.38408,1.35,1.13
2011.08.05 06:45:57.318,1.38382,1.38411,1.35,2.85
2011.08.05 06:45:57.656,1.38382,1.38411,1.35,2.85
2011.08.05 06:45:57.879,1.38382,1.38411,1.35,2.85
2011.08.05 06:45:59.114,1.38382,1.38411,1.35,1.35
2011.08.05 06:46:00.701,1.38389,1.38417,1.73,2.25
2011.08.05 06:46:01.040,1.38388,1.38421,1.35,1.13
2011.08.05 06:46:01.607,1.38388,1.38421,1.35,1.13
2011.08.05 06:46:01.949,1.38393,1.38421,1.35,2.25
2011.08.05 06:46:02.880,1.38393,1.3842,1.35,2.25
2011.08.05 06:46:03.000,1.38378,1.38401,2.10,1.50
2011.08.05 06:46:03.120,1.38378,1.38403,1.35,2.25
2011.08.05 06:46:03.241,1.38376,1.38402,1.35,1.50
2011.08.05 06:46:03.576,1.38376,1.38407,1.35,2.25
2011.08.05 06:46:04.142,1.38376,1.38406,1.35,2.25
2011.08.05 06:46:04.482,1.38374,1.38406,1.35,2.25
2011.08.05 06:46:05.034,1.3837,1.38405,1.73,1.50
2011.08.05 06:46:05.149,1.3837,1.38404,1.35,1.50
2011.08.05 06:46:05.266,1.38367,1.38404,1.35,1.50
2011.08.05 06:46:05.606,1.38372,1.38405,1.35,1.50
2011.08.05 06:46:05.719,1.38372,1.38405,1.35,1.50
2011.08.05 06:46:05.838,1.38367,1.38405,1.35,1.50
2011.08.05 06:46:06.289,1.38361,1.38397,1.35,1.13
2011.08.05 06:46:06.519,1.38359,1.38397,2.85,1.13
2011.08.05 06:46:06.637,1.38357,1.38397,1.35,1.13
2011.08.05 06:46:07.117,1.38359,1.38398,1.35,2.63
2011.08.05 06:46:07.457,1.38359,1.38398,1.35,1.13
2011.08.05 06:46:08.619,1.38359,1.38395,1.35,1.13
2011.08.05 06:46:09.178,1.38354,1.38388,2.10,1.50
2011.08.05 06:46:09.738,1.38357,1.38388,1.35,1.50
2011.08.05 06:46:10.906,1.38357,1.38391,1.35,1.13
2011.08.05 06:46:11.687,1.38358,1.38393,1.35,1.50
2011.08.05 06:46:11.812,1.38371,1.38394,1.35,1.88
2011.08.05 06:46:12.041,1.38367,1.38394,1.35,1.88
2011.08.05 06:46:12.270,1.38365,1.38394,1.35,1.13
2011.08.05 06:46:12.717,1.38367,1.38394,1.35,1.13
2011.08.05 06:46:13.276,1.38367,1.384,1.35,2.25
2011.08.05 06:46:13.618,1.38364,1.38396,1.35,1.50
2011.08.05 06:46:14.060,1.38364,1.38396,1.35,1.50
2011.08.05 06:46:14.290,1.38364,1.38395,1.35,2.25
2011.08.05 06:46:14.958,1.38364,1.38398,1.35,2.25
2011.08.05 06:46:15.190,1.38365,1.38397,1.35,1.50
2011.08.05 06:46:15.750,1.38363,1.38399,1.73,3.38
2011.08.05 06:46:15.868,1.38367,1.38399,1.35,3.38
2011.08.05 06:46:17.912,1.38367,1.38392,1.35,1.35
2011.08.05 06:46:18.038,1.38359,1.38386,1.35,1.50
2011.08.05 06:46:18.272,1.38359,1.38388,1.35,1.13
2011.08.05 06:46:18.498,1.38359,1.38388,1.73,1.13
2011.08.05 06:46:18.617,1.38362,1.38388,1.35,1.13
2011.08.05 06:46:18.847,1.38362,1.38388,1.73,1.13
2011.08.05 06:46:19.193,1.38366,1.38393,1.35,2.48
2011.08.05 06:46:19.748,1.38365,1.38393,1.35,2.48
2011.08.05 06:46:20.088,1.38362,1.38387,1.35,1.35
2011.08.05 06:46:20.930,1.38366,1.38387,1.35,1.35
2011.08.05 06:46:21.050,1.38366,1.38387,1.35,1.35
2011.08.05 06:46:21.690,1.38366,1.38387,1.35,1.35
2011.08.05 06:46:21.810,1.38371,1.38387,1.35,1.35
2011.08.05 06:46:22.579,1.38371,1.38387,1.35,1.35
2011.08.05 06:46:23.166,1.38371,1.38392,1.35,1.35
2011.08.05 06:46:24.099,1.38371,1.38392,1.35,1.35
2011.08.05 06:46:24.552,1.38371,1.38385,1.35,1.35
2011.08.05 06:46:24.777,1.38371,1.3839,1.35,1.35
2011.08.05 06:46:25.503,1.38366,1.38388,1.35,1.50
2011.08.05 06:46:26.117,1.38365,1.38389,1.35,2.85
2011.08.05 06:46:28.742,1.38365,1.38391,1.73,1.13
2011.08.05 06:46:29.079,1.38369,1.38391,1.73,1.13
2011.08.05 06:46:29.418,1.38369,1.38389,1.35,1.50
2011.08.05 06:46:32.498,1.3837,1.38389,1.35,1.50
2011.08.05 06:46:32.620,1.38375,1.38398,1.73,1.35
2011.08.05 06:46:33.176,1.38375,1.38394,1.73,1.50
2011.08.05 06:46:33.520,1.38374,1.38386,1.35,1.50
2011.08.05 06:46:33.750,1.38375,1.38391,1.35,1.73
2011.08.05 06:46:34.213,1.38372,1.38389,1.35,1.13
2011.08.05 06:46:34.781,1.38372,1.3839,1.35,1.35
2011.08.05 06:46:36.031,1.38372,1.3839,1.35,1.35
2011.08.05 06:46:36.147,1.38368,1.3839,1.35,1.35
2011.08.05 06:46:37.378,1.38368,1.3839,1.73,1.35
2011.08.05 06:46:37.774,1.38368,1.3839,1.73,1.35
2011.08.05 06:46:37.891,1.38369,1.38392,1.35,1.13
2011.08.05 06:46:38.228,1.38369,1.3839,1.73,1.35
2011.08.05 06:46:38.856,1.38369,1.3839,1.73,1.35
2011.08.05 06:46:39.429,1.38369,1.3839,1.73,1.35
2011.08.05 06:46:39.818,1.38373,1.3839,1.35,1.35
2011.08.05 06:46:40.157,1.38373,1.3839,1.35,1.35
2011.08.05 06:46:42.058,1.38373,1.38397,1.35,1.13
2011.08.05 06:46:42.387,1.38373,1.38397,1.35,1.13
2011.08.05 06:46:42.740,1.38371,1.38387,1.13,1.50
2011.08.05 06:46:42.862,1.38363,1.38388,2.10,1.13
2011.08.05 06:46:43.858,1.3837,1.3839,1.73,1.88
2011.08.05 06:46:44.750,1.38373,1.38396,1.35,2.25
2011.08.05 06:46:46.628,1.38372,1.38396,1.35,1.13
2011.08.05 06:46:48.927,1.38372,1.38397,1.35,2.25
2011.08.05 06:46:49.472,1.38373,1.38396,1.35,2.25
2011.08.05 06:46:49.830,1.38385,1.38409,1.73,1.50
2011.08.05 06:46:50.388,1.38381,1.38404,1.35,1.35
2011.08.05 06:46:50.949,1.38384,1.38404,1.35,1.35
2011.08.05 06:46:51.068,1.38385,1.38404,1.35,1.35
2011.08.05 06:46:51.301,1.38383,1.38404,1.35,1.35
2011.08.05 06:46:51.420,1.38381,1.38404,1.35,1.35
2011.08.05 06:46:51.862,1.38381,1.38408,1.35,2.25
2011.08.05 06:46:53.278,1.38381,1.38408,1.35,2.25
2011.08.05 06:46:53.838,1.38381,1.38411,1.73,3.75
2011.08.05 06:46:54.509,1.38379,1.384,1.13,1.35
2011.08.05 06:46:54.846,1.38376,1.38396,1.35,1.50
2011.08.05 06:46:56.060,1.38375,1.38396,1.73,1.50
2011.08.05 06:46:56.513,1.38371,1.38394,1.35,2.10
2011.08.05 06:46:57.066,1.38371,1.38395,1.73,1.13
2011.08.05 06:46:57.177,1.38373,1.38395,1.35,1.13
2011.08.05 06:46:58.378,1.38373,1.38398,1.73,2.85
2011.08.05 06:46:58.496,1.38376,1.38398,1.73,2.10
2011.08.05 06:46:58.838,1.38376,1.38398,1.73,2.10
2011.08.05 06:46:58.958,1.3838,1.38398,1.35,2.10
2011.08.05 06:46:59.827,1.3838,1.38396,1.73,1.50
2011.08.05 06:46:59.951,1.38384,1.38396,1.35,1.50
2011.08.05 06:47:00.508,1.3838,1.38396,1.35,1.50
2011.08.05 06:47:00.737,1.38378,1.38397,1.73,1.50
2011.08.05 06:47:02.296,1.38381,1.38397,1.35,1.50
2011.08.05 06:47:02.747,1.38381,1.38397,1.73,1.50
2011.08.05 06:47:02.983,1.38384,1.38402,1.73,1.50
2011.08.05 06:47:03.316,1.38383,1.38409,1.73,1.73
2011.08.05 06:47:03.428,1.38387,1.38409,1.35,1.73
2011.08.05 06:47:04.506,1.38387,1.38409,1.35,1.35
2011.08.05 06:47:04.966,1.38387,1.38412,1.35,2.25
2011.08.05 06:47:05.187,1.38394,1.38414,1.35,2.25
2011.08.05 06:47:05.307,1.38394,1.38424,1.35,4.35
2011.08.05 06:47:06.529,1.38395,1.38424,1.35,1.35
2011.08.05 06:47:06.652,1.38384,1.38424,1.88,1.35
2011.08.05 06:47:06.771,1.38384,1.38417,2.48,1.35
2011.08.05 06:47:06.892,1.38392,1.3841,1.35,1.13
2011.08.05 06:47:07.120,1.38384,1.3841,1.35,1.13
2011.08.05 06:47:07.553,1.38385,1.3841,1.35,1.13
2011.08.05 06:47:07.889,1.38388,1.3841,1.35,1.13
2011.08.05 06:47:09.279,1.38388,1.38416,1.35,3.23
2011.08.05 06:47:10.714,1.38388,1.38416,1.73,3.75
2011.08.05 06:47:10.831,1.38388,1.38417,1.73,2.63
2011.08.05 06:47:10.947,1.38393,1.38417,1.35,2.63
2011.08.05 06:47:14.297,1.38393,1.38416,1.73,1.13
2011.08.05 06:47:17.018,1.38393,1.38417,1.35,2.25
2011.08.05 06:47:17.521,1.38393,1.38416,1.35,2.25
2011.08.05 06:47:18.730,1.38393,1.38417,1.35,2.25
2011.08.05 06:47:19.439,1.38392,1.38417,1.35,2.25
2011.08.05 06:47:20.888,1.38389,1.38413,1.35,1.35
2011.08.05 06:47:24.077,1.38389,1.38413,1.35,1.35
2011.08.05 06:47:24.957,1.38389,1.38413,1.35,1.35
2011.08.05 06:47:25.549,1.38389,1.38417,1.35,2.63
2011.08.05 06:47:25.888,1.38389,1.38416,1.35,1.88
2011.08.05 06:47:26.010,1.38386,1.38416,1.35,3.38
2011.08.05 06:47:26.128,1.38386,1.38414,1.35,1.35
2011.08.05 06:47:26.798,1.38384,1.3841,1.35,1.50
2011.08.05 06:47:27.164,1.38382,1.3841,1.35,1.50
2011.08.05 06:47:27.717,1.38382,1.38412,1.35,1.13
2011.08.05 06:47:27.936,1.38382,1.38412,1.73,1.13
2011.08.05 06:47:28.159,1.38386,1.38414,1.35,1.35
2011.08.05 06:47:29.197,1.38386,1.38414,1.35,1.35
2011.08.05 06:47:31.641,1.38386,1.38414,1.35,2.85
2011.08.05 06:47:32.308,1.38386,1.38415,1.35,1.35
2011.08.05 06:47:32.648,1.38386,1.38415,1.35,1.35
2011.08.05 06:47:32.766,1.38382,1.38415,1.35,1.35
2011.08.05 06:47:33.000,1.38382,1.38415,1.73,1.35
2011.08.05 06:47:33.229,1.38385,1.38415,1.73,1.35
2011.08.05 06:47:33.680,1.38389,1.38415,1.13,1.35
2011.08.05 06:47:33.906,1.3839,1.38415,1.35,1.35
2011.08.05 06:47:34.349,1.38387,1.38415,1.35,2.10
2011.08.05 06:47:34.796,1.38387,1.38414,1.35,1.50
2011.08.05 06:47:34.925,1.38387,1.38414,1.35,1.50
2011.08.05 06:47:35.036,1.38387,1.38414,1.35,1.50
2011.08.05 06:47:36.501,1.38385,1.38414,1.35,1.50
2011.08.05 06:47:37.010,1.38385,1.38414,1.35,1.50
2011.08.05 06:47:37.388,1.38387,1.38415,1.35,1.35
2011.08.05 06:47:37.728,1.38393,1.38423,1.73,2.10
2011.08.05 06:47:38.280,1.38399,1.38423,1.73,1.35
2011.08.05 06:47:38.405,1.38401,1.38423,1.35,1.35
2011.08.05 06:47:38.739,1.38402,1.38431,1.35,1.35
2011.08.05 06:47:39.296,1.38402,1.38431,1.35,2.85
2011.08.05 06:47:41.790,1.38402,1.38431,1.73,2.85
2011.08.05 06:47:41.914,1.384,1.38427,1.35,1.50
2011.08.05 06:47:42.139,1.38395,1.38427,1.73,2.25
2011.08.05 06:47:42.558,1.38395,1.38426,1.73,1.50
2011.08.05 06:47:42.685,1.38402,1.3843,1.35,1.35
2011.08.05 06:47:44.759,1.38402,1.38433,2.10,1.50
2011.08.05 06:47:44.987,1.38406,1.38433,1.13,1.50
2011.08.05 06:47:45.329,1.38405,1.3843,1.35,1.35
2011.08.05 06:47:45.449,1.38401,1.3843,1.35,1.35
2011.08.05 06:47:46.860,1.38398,1.38423,1.35,1.50
2011.08.05 06:47:46.977,1.38401,1.38422,1.35,1.50
2011.08.05 06:47:48.268,1.38403,1.3843,1.35,1.35
2011.08.05 06:47:48.391,1.38404,1.3843,1.35,1.35
2011.08.05 06:47:49.637,1.38403,1.3843,1.35,1.35
2011.08.05 06:47:50.168,1.38401,1.3843,1.35,1.35
2011.08.05 06:47:50.768,1.38401,1.3843,1.35,1.35
2011.08.05 06:47:52.249,1.38403,1.3843,1.35,2.85
2011.08.05 06:47:54.336,1.38403,1.38428,1.35,2.25
2011.08.05 06:47:54.938,1.38399,1.38427,1.35,1.50
2011.08.05 06:47:55.171,1.38395,1.38421,1.73,1.35
2011.08.05 06:47:55.400,1.38388,1.38417,1.35,1.50
2011.08.05 06:47:55.738,1.38388,1.38416,1.35,1.50
2011.08.05 06:47:56.738,1.3839,1.38418,1.35,1.50
2011.08.05 06:47:56.856,1.38392,1.38421,1.35,1.35
2011.08.05 06:47:59.796,1.38392,1.38422,1.35,2.25
2011.08.05 06:48:00.352,1.38393,1.38423,1.35,2.25
2011.08.05 06:48:02.026,1.38393,1.38423,1.35,2.25
2011.08.05 06:48:02.973,1.38393,1.38418,1.35,1.50
2011.08.05 06:48:03.108,1.38391,1.38419,1.73,2.25
2011.08.05 06:48:03.228,1.38396,1.38419,1.35,2.25
2011.08.05 06:48:03.573,1.3843,1.3844,1.35,2.25
2011.08.05 06:48:03.801,1.38429,1.38441,1.35,1.50
2011.08.05 06:48:03.923,1.38431,1.38445,1.35,2.33
2011.08.05 06:48:04.041,1.38427,1.38454,1.35,1.35
2011.08.05 06:48:04.157,1.38427,1.38454,1.35,1.35
2011.08.05 06:48:04.393,1.38427,1.38454,1.35,1.35
2011.08.05 06:48:04.727,1.38428,1.38459,1.35,1.35
2011.08.05 06:48:05.199,1.3843,1.38459,1.35,1.35
2011.08.05 06:48:05.543,1.3843,1.38459,1.35,1.35
2011.08.05 06:48:06.438,1.3843,1.38459,1.35,1.35
2011.08.05 06:48:07.006,1.38428,1.38459,1.35,1.35
2011.08.05 06:48:07.529,1.38429,1.38464,1.35,1.50
2011.08.05 06:48:07.653,1.38428,1.3846,3.23,1.35
2011.08.05 06:48:07.770,1.38435,1.3846,1.35,1.35
2011.08.05 06:48:09.329,1.38435,1.3846,1.35,1.35
2011.08.05 06:48:09.669,1.38431,1.3846,1.35,1.35
2011.08.05 06:48:09.898,1.38427,1.38458,1.73,1.50
2011.08.05 06:48:10.345,1.38426,1.38458,1.73,1.50
2011.08.05 06:48:10.569,1.38429,1.38458,1.73,1.50
2011.08.05 06:48:10.799,1.38424,1.38459,1.73,3.75
2011.08.05 06:48:11.356,1.38424,1.38458,1.73,1.50
2011.08.05 06:48:12.156,1.38424,1.38458,1.73,1.50
2011.08.05 06:48:12.378,1.38424,1.38458,1.73,1.50
2011.08.05 06:48:12.608,1.38424,1.38458,1.73,1.50
2011.08.05 06:48:13.277,1.38429,1.38462,1.35,2.25
2011.08.05 06:48:13.876,1.38429,1.38458,1.35,1.35
2011.08.05 06:48:14.486,1.38429,1.38458,1.35,1.35
2011.08.05 06:48:14.709,1.38425,1.38458,1.35,1.35
2011.08.05 06:48:15.204,1.38425,1.38457,1.73,1.50
2011.08.05 06:48:15.541,1.3843,1.38458,1.35,1.35
2011.08.05 06:48:16.818,1.3843,1.38458,1.35,1.35
2011.08.05 06:48:17.829,1.38421,1.38451,1.13,1.50
2011.08.05 06:48:17.960,1.3841,1.38448,1.35,2.25
2011.08.05 06:48:18.293,1.38369,1.38409,2.25,1.50
2011.08.05 06:48:18.412,1.3837,1.38409,1.50,1.50
2011.08.05 06:48:18.862,1.38366,1.384,1.35,1.35
2011.08.05 06:48:19.199,1.38362,1.384,1.35,1.35
2011.08.05 06:48:21.648,1.38364,1.38404,1.35,2.25
2011.08.05 06:48:21.986,1.38367,1.38405,1.35,2.25
2011.08.05 06:48:22.546,1.38367,1.38407,2.10,1.35
2011.08.05 06:48:22.879,1.38369,1.38407,2.48,1.35
2011.08.05 06:48:23.000,1.3837,1.38411,1.35,3.75
2011.08.05 06:48:23.119,1.38374,1.38411,1.35,3.75
2011.08.05 06:48:23.750,1.38374,1.38413,1.35,2.25
2011.08.05 06:48:24.820,1.38375,1.38413,1.35,2.25
2011.08.05 06:48:27.429,1.38383,1.38413,1.13,2.25
2011.08.05 06:48:27.548,1.38383,1.38408,1.13,2.25
2011.08.05 06:48:27.887,1.38381,1.38408,1.73,1.35
2011.08.05 06:48:28.008,1.38381,1.38408,1.35,1.35
2011.08.05 06:48:28.559,1.3838,1.38408,1.73,1.35
2011.08.05 06:48:28.791,1.3838,1.38408,1.73,1.35
2011.08.05 06:48:29.127,1.38385,1.38408,1.35,1.35
2011.08.05 06:48:29.779,1.38385,1.38402,1.35,1.35
2011.08.05 06:48:29.899,1.38379,1.38402,1.35,1.35
2011.08.05 06:48:30.131,1.38382,1.38406,1.13,2.10
2011.08.05 06:48:30.577,1.38385,1.38406,1.35,1.35
2011.08.05 06:48:30.810,1.38389,1.3841,1.13,1.50
2011.08.05 06:48:31.257,1.38391,1.3841,1.35,1.50
2011.08.05 06:48:31.809,1.38394,1.38414,1.35,1.50
2011.08.05 06:48:32.155,1.38386,1.38399,1.35,1.50
2011.08.05 06:48:32.273,1.38379,1.38399,1.35,2.25
2011.08.05 06:48:32.392,1.38384,1.38407,1.13,2.25
2011.08.05 06:48:32.512,1.38386,1.38411,1.73,5.25
2011.08.05 06:48:32.853,1.38389,1.38412,1.35,2.25
2011.08.05 06:48:32.969,1.38389,1.38408,1.35,3.00
2011.08.05 06:48:33.088,1.38385,1.38408,1.35,3.00
2011.08.05 06:48:33.318,1.38383,1.384,1.35,1.35
2011.08.05 06:48:33.547,1.38379,1.384,1.35,1.35
2011.08.05 06:48:33.668,1.38379,1.38402,1.35,1.35
2011.08.05 06:48:34.625,1.38375,1.384,1.35,1.35
2011.08.05 06:48:34.746,1.38373,1.38405,1.35,3.00
2011.08.05 06:48:34.861,1.38373,1.38394,1.35,2.10
2011.08.05 06:48:34.979,1.38372,1.38397,2.10,1.73
2011.08.05 06:48:35.206,1.38377,1.38397,1.35,1.73
2011.08.05 06:48:37.827,1.38373,1.38397,1.35,2.10
2011.08.05 06:48:38.718,1.3837,1.38395,1.35,1.35
2011.08.05 06:48:38.840,1.3837,1.38392,1.35,1.50
2011.08.05 06:48:39.379,1.38368,1.3839,1.35,1.50
2011.08.05 06:48:39.508,1.38366,1.38391,1.35,1.50
2011.08.05 06:48:39.632,1.38366,1.38392,1.35,1.35
2011.08.05 06:48:39.859,1.38368,1.38397,1.35,1.73
2011.08.05 06:48:40.087,1.38372,1.38397,1.35,1.13
2011.08.05 06:48:40.314,1.3837,1.38375,1.35,1.50
2011.08.05 06:48:40.650,1.38359,1.38382,1.13,1.13
2011.08.05 06:48:40.770,1.38359,1.38387,1.13,1.50
2011.08.05 06:48:40.998,1.38368,1.38391,1.35,1.13
2011.08.05 06:48:41.119,1.38371,1.38396,1.35,1.50
2011.08.05 06:48:41.680,1.38378,1.38405,1.35,1.73
2011.08.05 06:48:41.799,1.38379,1.38406,1.35,1.13
2011.08.05 06:48:42.139,1.38383,1.38405,1.35,1.13
2011.08.05 06:48:42.826,1.3838,1.38411,1.35,1.50
2011.08.05 06:48:43.170,1.3838,1.38411,1.35,1.50
2011.08.05 06:48:44.172,1.38385,1.38409,1.35,1.50
2011.08.05 06:48:44.511,1.38391,1.38413,1.35,1.50
2011.08.05 06:48:44.738,1.38391,1.38412,1.35,2.25
2011.08.05 06:48:44.859,1.38388,1.38412,1.35,2.25
2011.08.05 06:48:45.199,1.38388,1.38412,1.73,2.25
2011.08.05 06:48:45.713,1.38387,1.38396,1.35,1.35
2011.08.05 06:48:46.127,1.38375,1.38387,1.50,1.50
2011.08.05 06:48:46.258,1.38354,1.38387,3.23,3.00
2011.08.05 06:48:47.070,1.38354,1.38387,1.88,1.50
2011.08.05 06:48:47.189,1.38353,1.38387,1.50,2.25
2011.08.05 06:48:47.528,1.38351,1.38386,1.35,1.50
2011.08.05 06:48:48.116,1.38351,1.38384,1.35,2.25
2011.08.05 06:48:48.667,1.38348,1.38383,3.23,1.50
2011.08.05 06:48:48.786,1.38348,1.38383,3.23,1.50
2011.08.05 06:48:49.538,1.38349,1.38383,1.35,1.50
2011.08.05 06:48:49.878,1.38357,1.38385,1.73,1.13
2011.08.05 06:48:50.432,1.38362,1.38385,1.35,1.13
2011.08.05 06:48:51.238,1.38359,1.38385,1.35,1.50
2011.08.05 06:48:51.358,1.38359,1.38383,1.35,1.50
2011.08.05 06:48:52.976,1.38359,1.38383,1.35,3.00
2011.08.05 06:48:54.408,1.38353,1.38373,1.35,1.35
2011.08.05 06:48:54.804,1.3835,1.38373,1.35,1.35
2011.08.05 06:48:54.930,1.3835,1.38373,1.35,1.35
2011.08.05 06:48:56.431,1.38345,1.38366,1.73,1.35
2011.08.05 06:48:56.664,1.38343,1.38366,1.73,1.35
2011.08.05 06:48:56.786,1.38352,1.3837,1.35,3.00
2011.08.05 06:48:56.900,1.38359,1.3837,1.73,2.25
2011.08.05 06:48:57.019,1.3836,1.38378,1.35,1.13
2011.08.05 06:48:57.139,1.3836,1.38389,2.10,3.75
2011.08.05 06:48:57.262,1.38374,1.38389,1.35,1.50
2011.08.05 06:48:57.383,1.38374,1.384,1.35,1.50
2011.08.05 06:48:58.138,1.38375,1.38401,1.35,2.10
2011.08.05 06:48:58.666,1.38375,1.38401,1.35,2.10
2011.08.05 06:49:01.722,1.38375,1.38401,1.73,2.10
2011.08.05 06:49:03.538,1.38375,1.384,1.73,1.50
2011.08.05 06:49:04.168,1.38381,1.38401,1.35,1.35
2011.08.05 06:49:04.988,1.38381,1.38394,1.35,1.50
2011.08.05 06:49:06.851,1.38364,1.38395,1.13,2.25
2011.08.05 06:49:07.081,1.3837,1.38395,1.35,2.25
2011.08.05 06:49:07.202,1.3837,1.38389,1.35,1.35
2011.08.05 06:49:07.326,1.38362,1.38383,1.13,1.35
2011.08.05 06:49:07.549,1.38365,1.38377,1.35,1.35
2011.08.05 06:49:07.672,1.3836,1.38377,1.35,1.35
2011.08.05 06:49:08.292,1.3836,1.38382,1.35,1.35
2011.08.05 06:49:08.889,1.38359,1.38379,1.35,2.25
2011.08.05 06:49:09.230,1.38357,1.38372,1.35,2.10
2011.08.05 06:49:09.353,1.38343,1.38361,1.35,1.35
2011.08.05 06:49:09.472,1.38345,1.38359,1.35,1.13
2011.08.05 06:49:09.812,1.38349,1.38363,1.35,2.25
2011.08.05 06:49:09.932,1.38349,1.3837,1.35,1.35
2011.08.05 06:49:10.708,1.38349,1.3837,1.35,1.35
2011.08.05 06:49:11.051,1.38349,1.38374,1.35,1.50
2011.08.05 06:49:11.171,1.38349,1.38373,1.73,1.35
2011.08.05 06:49:11.789,1.38353,1.38372,1.35,1.35
2011.08.05 06:49:15.510,1.38353,1.38372,1.35,1.35
2011.08.05 06:49:16.296,1.38353,1.38372,1.35,1.35
2011.08.05 06:49:16.411,1.38353,1.38372,1.35,1.35
2011.08.05 06:49:16.637,1.38353,1.38372,1.35,1.35
2011.08.05 06:49:16.760,1.38358,1.38378,1.35,2.25
2011.08.05 06:49:17.317,1.38357,1.38381,1.73,1.13
2011.08.05 06:49:18.816,1.3836,1.38386,1.13,3.00
2011.08.05 06:49:19.036,1.38343,1.38386,4.35,3.00
2011.08.05 06:49:19.147,1.38347,1.38386,1.50,1.50
2011.08.05 06:49:19.378,1.38356,1.38381,1.35,1.35
2011.08.05 06:49:19.717,1.38364,1.38381,1.35,1.35
2011.08.05 06:49:20.096,1.38367,1.38386,1.35,1.50
2011.08.05 06:49:20.699,1.38364,1.3837,1.13,1.50
2011.08.05 06:49:20.818,1.38334,1.38367,3.38,1.35
2011.08.05 06:49:20.938,1.38334,1.38367,2.63,1.35
2011.08.05 06:49:21.058,1.38349,1.38367,1.35,1.35
2011.08.05 06:49:21.178,1.38349,1.38367,1.35,2.10
2011.08.05 06:49:21.299,1.38347,1.38367,1.35,2.10
2011.08.05 06:49:21.530,1.38347,1.38371,1.73,1.35
2011.08.05 06:49:21.760,1.38352,1.38371,1.35,1.35
2011.08.05 06:49:23.891,1.38352,1.38369,1.35,1.35
2011.08.05 06:49:24.119,1.38345,1.38369,1.35,1.35
2011.08.05 06:49:24.694,1.38335,1.38358,1.35,1.35
2011.08.05 06:49:25.250,1.38334,1.38358,1.35,1.35
2011.08.05 06:49:25.918,1.38334,1.3835,1.35,1.35
2011.08.05 06:49:26.039,1.38334,1.38344,1.35,1.35
2011.08.05 06:49:26.159,1.38324,1.38341,1.35,1.35
2011.08.05 06:49:26.608,1.38318,1.38341,1.35,1.35
2011.08.05 06:49:28.569,1.38318,1.38341,1.35,1.35
2011.08.05 06:49:31.168,1.38321,1.38341,1.35,1.35
2011.08.05 06:49:31.288,1.38321,1.38345,1.35,1.50
2011.08.05 06:49:31.516,1.38321,1.38347,1.73,1.35
2011.08.05 06:49:31.850,1.38324,1.38352,1.73,1.13
2011.08.05 06:49:32.408,1.38324,1.38352,1.35,1.13
2011.08.05 06:49:32.748,1.38329,1.38347,1.35,1.35
2011.08.05 06:49:32.868,1.38329,1.38347,1.35,1.35
2011.08.05 06:49:33.817,1.38326,1.38341,1.73,1.50
2011.08.05 06:49:33.928,1.38324,1.38341,1.73,1.50
2011.08.05 06:49:34.052,1.38321,1.38341,1.35,2.10
2011.08.05 06:49:34.169,1.38319,1.38341,1.35,1.35
2011.08.05 06:49:34.728,1.3832,1.38341,1.35,1.35
2011.08.05 06:49:34.962,1.38322,1.38343,1.35,1.50
2011.08.05 06:49:35.188,1.38322,1.38343,1.35,1.50
2011.08.05 06:49:35.751,1.38324,1.38348,1.35,1.13
2011.08.05 06:49:35.976,1.3833,1.38354,1.35,1.35
2011.08.05 06:49:36.526,1.3833,1.38354,1.73,1.35
2011.08.05 06:49:37.657,1.38337,1.38354,1.35,1.35
2011.08.05 06:49:38.176,1.38337,1.38354,1.35,1.35
2011.08.05 06:49:38.515,1.38333,1.38354,1.35,2.10
2011.08.05 06:49:39.701,1.38333,1.38346,1.35,1.35
2011.08.05 06:49:39.819,1.38328,1.38346,1.35,1.35
2011.08.05 06:49:40.048,1.38328,1.38346,1.35,2.10
2011.08.05 06:49:40.389,1.38325,1.38346,1.35,2.10
2011.08.05 06:49:40.506,1.38325,1.38346,1.35,1.35
2011.08.05 06:49:43.197,1.38326,1.38347,1.35,1.35
2011.08.05 06:49:43.539,1.38329,1.38348,1.35,2.25
2011.08.05 06:49:44.167,1.38329,1.38348,1.35,2.85
2011.08.05 06:49:44.621,1.38329,1.38346,1.35,1.50
2011.08.05 06:49:46.793,1.38325,1.38354,1.58,2.25
2011.08.05 06:49:47.026,1.38338,1.38357,1.35,1.50
2011.08.05 06:49:47.141,1.38338,1.38363,1.35,1.35
2011.08.05 06:49:47.257,1.38337,1.38367,2.10,2.25
2011.08.05 06:49:47.378,1.38344,1.38367,1.35,2.25
2011.08.05 06:49:47.719,1.38344,1.38367,1.35,1.50
2011.08.05 06:49:48.514,1.38346,1.38367,1.35,1.50
2011.08.05 06:49:48.635,1.38346,1.38377,1.35,1.35
2011.08.05 06:49:48.750,1.38347,1.38377,1.35,1.35
2011.08.05 06:49:48.867,1.38347,1.38376,1.35,1.50
2011.08.05 06:49:49.210,1.38347,1.38369,2.10,2.25
2011.08.05 06:49:49.657,1.38345,1.38367,1.35,1.35
2011.08.05 06:49:50.331,1.38344,1.38367,1.50,1.35
2011.08.05 06:49:50.757,1.38347,1.38372,1.35,4.73
2011.08.05 06:49:51.428,1.38347,1.38369,1.35,2.10
2011.08.05 06:49:51.769,1.38343,1.38369,2.10,2.25
2011.08.05 06:49:52.328,1.38344,1.38367,1.35,1.88
2011.08.05 06:49:52.561,1.38344,1.38365,1.35,1.50
2011.08.05 06:49:52.790,1.38344,1.38367,1.35,1.88
2011.08.05 06:49:53.448,1.38344,1.38369,1.35,3.00
2011.08.05 06:49:53.989,1.38344,1.38369,1.73,3.00
2011.08.05 06:49:54.220,1.38346,1.38369,1.35,3.00
2011.08.05 06:49:54.937,1.38346,1.38368,1.35,1.50
2011.08.05 06:49:55.497,1.38346,1.38368,1.35,3.00
2011.08.05 06:49:55.946,1.38346,1.38368,1.35,3.00
2011.08.05 06:49:57.574,1.38346,1.38368,1.35,3.00
2011.08.05 06:49:57.964,1.38343,1.38361,1.73,1.50
2011.08.05 06:49:58.082,1.38344,1.38361,1.35,1.50
2011.08.05 06:49:58.508,1.38344,1.38354,1.35,1.35
2011.08.05 06:49:59.066,1.3834,1.3836,1.50,1.35
2011.08.05 06:50:02.237,1.38334,1.38356,1.66,1.35
2011.08.05 06:50:02.568,1.38334,1.38353,1.66,1.50
2011.08.05 06:50:02.908,1.38333,1.38348,3.30,1.35
2011.08.05 06:50:03.030,1.38333,1.38348,2.55,1.35
2011.08.05 06:50:03.838,1.38333,1.38348,1.95,1.35
2011.08.05 06:50:04.992,1.38329,1.38348,1.35,1.35
2011.08.05 06:50:05.232,1.38329,1.3835,1.73,1.50
2011.08.05 06:50:05.462,1.38332,1.38353,1.73,2.48
2011.08.05 06:50:06.677,1.38332,1.38352,1.73,1.50
2011.08.05 06:50:07.230,1.38333,1.38351,1.35,1.50
2011.08.05 06:50:07.821,1.38333,1.3835,1.35,1.50
2011.08.05 06:50:09.737,1.38335,1.3835,1.35,1.50
2011.08.05 06:50:10.189,1.38338,1.38353,1.35,1.50
2011.08.05 06:50:10.418,1.38338,1.38354,1.73,1.50
2011.08.05 06:50:11.215,1.38338,1.38354,1.73,1.50
2011.08.05 06:50:12.659,1.38338,1.38353,1.35,1.50
2011.08.05 06:50:13.218,1.38338,1.38353,1.35,1.50
2011.08.05 06:50:13.737,1.38338,1.38353,1.35,1.50
2011.08.05 06:50:20.252,1.38363,1.38371,1.35,1.13
2011.08.05 06:50:20.479,1.38361,1.38378,1.50,2.25
2011.08.05 06:50:20.601,1.38376,1.38391,1.73,1.50
2011.08.05 06:50:20.940,1.38376,1.38397,1.35,2.25
2011.08.05 06:50:21.059,1.38372,1.38396,1.35,2.25
2011.08.05 06:50:21.295,1.38366,1.38392,1.35,1.35
2011.08.05 06:50:21.849,1.38366,1.38388,1.35,1.50
2011.08.05 06:50:22.300,1.38366,1.38388,1.35,1.50
2011.08.05 06:50:22.872,1.38366,1.38388,1.35,1.50
2011.08.05 06:50:23.120,1.38367,1.38391,1.35,2.25
2011.08.05 06:50:23.459,1.38372,1.38392,1.35,1.35
2011.08.05 06:50:23.796,1.38372,1.38392,1.35,1.35
2011.08.05 06:50:24.348,1.38372,1.38404,1.35,1.35
2011.08.05 06:50:24.469,1.38375,1.38402,1.73,2.25
2011.08.05 06:50:24.809,1.38375,1.38395,1.35,1.35
2011.08.05 06:50:24.930,1.38371,1.38395,1.35,1.35
2011.08.05 06:50:25.384,1.38373,1.38401,1.35,2.25
2011.08.05 06:50:25.718,1.38373,1.38396,1.35,1.35
2011.08.05 06:50:25.949,1.38373,1.38402,1.35,2.25
2011.08.05 06:50:26.068,1.38373,1.38405,1.35,1.50
2011.08.05 06:50:27.038,1.38375,1.38396,1.35,1.35
2011.08.05 06:50:27.164,1.38373,1.38396,1.35,1.35
2011.08.05 06:50:27.280,1.38375,1.38403,1.35,2.25
2011.08.05 06:50:27.847,1.38382,1.38403,1.35,2.25
2011.08.05 06:50:28.298,1.3838,1.384,1.73,1.50
2011.08.05 06:50:28.421,1.3838,1.384,1.35,1.50
2011.08.05 06:50:28.538,1.38377,1.384,1.35,1.50
2011.08.05 06:50:28.992,1.38383,1.38401,1.35,1.35
2011.08.05 06:50:29.111,1.38383,1.38407,1.35,1.50
2011.08.05 06:50:29.231,1.38389,1.38408,1.35,1.35
2011.08.05 06:50:29.787,1.38389,1.38405,1.35,1.35
2011.08.05 06:50:29.912,1.38385,1.38405,1.35,1.35
2011.08.05 06:50:30.140,1.38383,1.38402,1.35,1.35
2011.08.05 06:50:30.369,1.38383,1.38402,1.35,1.35
2011.08.05 06:50:30.959,1.38383,1.384,1.35,1.13
2011.08.05 06:50:31.190,1.38379,1.38399,1.35,1.50
2011.08.05 06:50:31.639,1.38379,1.38398,1.35,1.50
2011.08.05 06:50:32.201,1.38379,1.38399,1.35,1.50
2011.08.05 06:50:33.939,1.38379,1.38399,1.35,1.50
2011.08.05 06:50:35.497,1.38377,1.38398,1.35,2.25
2011.08.05 06:50:37.078,1.38376,1.38399,1.73,1.50
2011.08.05 06:50:41.022,1.38365,1.38389,1.73,1.35
2011.08.05 06:50:41.138,1.38365,1.38389,1.73,1.35
2011.08.05 06:50:41.260,1.38365,1.38389,1.73,1.35
2011.08.05 06:50:41.709,1.38363,1.38381,1.35,1.50
2011.08.05 06:50:42.237,1.38368,1.38389,2.10,1.50
2011.08.05 06:50:42.359,1.38375,1.38393,1.35,1.88
2011.08.05 06:50:42.696,1.38375,1.38393,1.35,1.88
2011.08.05 06:50:42.919,1.38375,1.38392,1.35,1.50
2011.08.05 06:50:43.150,1.38372,1.38391,1.73,1.50
2011.08.05 06:50:43.271,1.38372,1.38391,1.35,1.50
2011.08.05 06:50:43.499,1.38368,1.38391,1.35,3.00
2011.08.05 06:50:45.337,1.38368,1.3839,1.35,1.13
2011.08.05 06:50:46.130,1.38371,1.3839,1.35,1.13
2011.08.05 06:50:46.580,1.38368,1.38392,1.35,1.35
2011.08.05 06:50:47.033,1.38371,1.38396,1.35,3.00
2011.08.05 06:50:47.152,1.38372,1.38396,1.35,2.25
2011.08.05 06:50:47.492,1.38372,1.38393,1.35,1.50
2011.08.05 06:50:47.718,1.3837,1.38401,2.10,2.63
2011.08.05 06:50:47.839,1.3837,1.38401,2.10,6.38
2011.08.05 06:50:48.070,1.38378,1.38401,1.35,2.25
2011.08.05 06:50:48.592,1.38375,1.38399,1.35,2.25
2011.08.05 06:50:49.790,1.38375,1.384,1.35,2.63
2011.08.05 06:50:50.376,1.38375,1.38398,1.35,1.13
2011.08.05 06:50:50.488,1.38377,1.38398,1.35,1.13
2011.08.05 06:50:50.609,1.38377,1.38398,1.35,1.13
2011.08.05 06:50:51.207,1.38378,1.384,1.35,1.13
2011.08.05 06:50:54.639,1.38378,1.38398,1.35,1.13
2011.08.05 06:50:54.991,1.38378,1.38396,1.35,2.25
2011.08.05 06:50:55.221,1.38374,1.38397,1.35,2.25
2011.08.05 06:50:59.608,1.38374,1.38392,1.35,1.13
2011.08.05 06:50:59.947,1.38374,1.38392,1.35,1.13
2011.08.05 06:51:00.558,1.38377,1.38396,1.73,3.00
2011.08.05 06:51:00.683,1.38379,1.38396,1.35,3.00
2011.08.05 06:51:02.128,1.38382,1.38401,1.35,2.10
2011.08.05 06:51:02.359,1.38382,1.38403,1.73,1.13
2011.08.05 06:51:02.478,1.38385,1.38403,1.35,1.13
2011.08.05 06:51:02.818,1.38385,1.38405,1.35,1.35
2011.08.05 06:51:04.337,1.38385,1.38407,1.73,1.88
2011.08.05 06:51:04.896,1.38391,1.38408,1.35,1.13
2011.08.05 06:51:05.121,1.3839,1.38411,1.73,3.75
2011.08.05 06:51:05.353,1.38394,1.38404,1.35,1.13
2011.08.05 06:51:05.473,1.38379,1.38402,1.35,2.25
2011.08.05 06:51:05.808,1.38379,1.38398,1.35,1.50
2011.08.05 06:51:06.040,1.38372,1.38396,1.35,1.50
2011.08.05 06:51:06.746,1.38372,1.38396,1.35,1.50
2011.08.05 06:51:08.059,1.38373,1.38398,1.35,2.10
2011.08.05 06:51:08.622,1.38372,1.38399,1.73,2.48
2011.08.05 06:51:08.846,1.38375,1.38399,1.73,1.73
2011.08.05 06:51:09.071,1.38376,1.38401,2.48,3.60
2011.08.05 06:51:09.300,1.38379,1.38399,1.35,1.35
2011.08.05 06:51:09.917,1.38379,1.38401,1.35,3.00
2011.08.05 06:51:10.478,1.38379,1.38402,1.73,1.35
2011.08.05 06:51:10.821,1.38379,1.38402,1.35,1.35
2011.08.05 06:51:10.941,1.38373,1.38402,1.35,1.35
2011.08.05 06:51:11.061,1.38373,1.38402,1.35,1.35
2011.08.05 06:51:11.828,1.38372,1.38402,1.35,1.35
2011.08.05 06:51:12.259,1.38372,1.38403,1.73,2.25
2011.08.05 06:51:12.384,1.38379,1.38404,1.35,2.10
2011.08.05 06:51:12.501,1.38379,1.38404,1.35,2.10
2011.08.05 06:51:12.758,1.38382,1.38404,1.35,1.35
2011.08.05 06:51:13.658,1.38382,1.38404,1.35,1.35
2011.08.05 06:51:16.830,1.38382,1.38403,1.35,1.35
2011.08.05 06:51:16.949,1.38382,1.38403,1.35,1.35
2011.08.05 06:51:17.436,1.38379,1.38403,2.10,1.35
2011.08.05 06:51:17.549,1.38385,1.38409,1.73,1.50
2011.08.05 06:51:17.998,1.38385,1.38404,1.35,1.35
2011.08.05 06:51:18.231,1.38385,1.38404,1.73,1.35
2011.08.05 06:51:18.459,1.38388,1.38412,1.73,1.13
2011.08.05 06:51:19.118,1.38392,1.38416,1.35,1.88
2011.08.05 06:51:19.908,1.38392,1.38415,1.35,1.13
2011.08.05 06:51:20.589,1.38392,1.38415,1.35,1.13
2011.08.05 06:51:20.821,1.38392,1.38415,1.35,1.13
2011.08.05 06:51:21.052,1.38395,1.38416,1.35,2.25
2011.08.05 06:51:21.498,1.38395,1.38422,1.73,2.25
2011.08.05 06:51:22.064,1.384,1.38417,1.35,1.13
2011.08.05 06:51:22.181,1.384,1.38417,1.35,1.13
2011.08.05 06:51:22.715,1.384,1.38417,1.35,1.13
2011.08.05 06:51:22.841,1.38402,1.38428,1.35,2.25
2011.08.05 06:51:22.957,1.38402,1.38428,1.35,2.25
2011.08.05 06:51:24.108,1.38402,1.38422,1.35,1.35
2011.08.05 06:51:24.338,1.38402,1.38422,1.35,1.35
2011.08.05 06:51:24.571,1.38399,1.38422,1.35,1.35
2011.08.05 06:51:24.691,1.38404,1.38427,1.35,2.25
2011.08.05 06:51:24.813,1.38401,1.38427,1.73,2.25
2011.08.05 06:51:24.931,1.38401,1.38429,1.73,3.00
2011.08.05 06:51:25.271,1.38408,1.38426,1.35,1.50
2011.08.05 06:51:25.391,1.38407,1.3843,1.35,1.13
2011.08.05 06:51:25.825,1.3841,1.3843,1.35,1.13
2011.08.05 06:51:25.938,1.3841,1.3843,1.35,1.13
2011.08.05 06:51:26.278,1.38407,1.38433,1.35,1.13
2011.08.05 06:51:26.617,1.38407,1.38433,1.35,3.23
2011.08.05 06:51:26.890,1.38405,1.38427,1.35,1.35
2011.08.05 06:51:27.012,1.38402,1.38427,1.35,1.35
2011.08.05 06:51:27.253,1.38392,1.38417,1.50,1.73
2011.08.05 06:51:27.371,1.38388,1.38404,1.35,3.00
2011.08.05 06:51:27.602,1.38379,1.38406,2.85,1.50
2011.08.05 06:51:27.718,1.38379,1.38421,2.85,2.25
2011.08.05 06:51:27.837,1.3839,1.38421,1.35,2.25
2011.08.05 06:51:27.958,1.38393,1.38424,1.35,2.25
2011.08.05 06:51:28.296,1.38395,1.38424,1.35,2.25
2011.08.05 06:51:32.470,1.38395,1.38419,1.35,1.13
2011.08.05 06:51:32.698,1.3839,1.38419,1.35,1.13
2011.08.05 06:51:33.420,1.3839,1.38421,1.35,2.63
2011.08.05 06:51:34.277,1.3839,1.38421,1.73,1.13
2011.08.05 06:51:34.819,1.38394,1.38424,1.35,2.63
2011.08.05 06:51:35.161,1.38398,1.38432,3.23,1.50
2011.08.05 06:51:35.389,1.38405,1.38438,1.35,1.50
2011.08.05 06:51:35.619,1.38411,1.38437,1.35,1.35
2011.08.05 06:51:36.067,1.38411,1.3844,1.35,2.25
2011.08.05 06:51:36.300,1.38412,1.38437,1.35,1.35
2011.08.05 06:51:36.530,1.3841,1.38437,1.73,1.35
2011.08.05 06:51:37.281,1.38409,1.38437,1.35,2.10
2011.08.05 06:51:37.508,1.38409,1.38437,1.35,1.35
2011.08.05 06:51:38.738,1.38409,1.38435,1.35,1.35
2011.08.05 06:51:38.859,1.38406,1.38435,1.35,1.35
2011.08.05 06:51:39.089,1.38407,1.38435,1.73,1.35
2011.08.05 06:51:39.430,1.38406,1.38435,1.73,1.35
2011.08.05 06:51:42.848,1.38413,1.38435,1.35,1.35
2011.08.05 06:51:43.188,1.38413,1.3844,1.35,3.38
2011.08.05 06:51:44.451,1.38413,1.38438,1.35,1.50
2011.08.05 06:51:45.201,1.38411,1.38436,1.35,2.25
2011.08.05 06:51:45.739,1.38411,1.38436,1.35,2.25
2011.08.05 06:51:45.971,1.38406,1.38438,2.48,2.25
2011.08.05 06:51:46.211,1.3841,1.38439,1.13,2.63
2011.08.05 06:51:46.549,1.3841,1.38439,1.73,2.63
2011.08.05 06:51:46.889,1.38413,1.38441,1.35,2.85
2011.08.05 06:51:47.449,1.38413,1.38443,1.35,1.13
2011.08.05 06:51:49.552,1.38417,1.38444,1.35,3.00
2011.08.05 06:51:50.108,1.38417,1.38443,1.35,1.50
2011.08.05 06:51:52.038,1.38413,1.38441,1.35,1.13
2011.08.05 06:51:54.399,1.38414,1.38443,1.35,1.13
2011.08.05 06:51:54.833,1.38416,1.38443,1.35,1.13
2011.08.05 06:51:56.366,1.38416,1.38442,1.35,1.50
2011.08.05 06:51:58.807,1.38416,1.38444,1.73,1.13
2011.08.05 06:52:00.112,1.38419,1.38446,1.35,3.23
2011.08.05 06:52:00.562,1.3842,1.38447,1.73,3.23
2011.08.05 06:52:00.788,1.38422,1.38446,1.35,1.13
2011.08.05 06:52:01.242,1.38422,1.38448,1.35,2.25
2011.08.05 06:52:01.687,1.38419,1.38447,1.35,1.50
2011.08.05 06:52:02.139,1.38415,1.38439,1.35,1.50
2011.08.05 06:52:02.481,1.38411,1.38438,1.35,1.50
2011.08.05 06:52:02.599,1.38411,1.38439,1.73,3.00
2011.08.05 06:52:03.292,1.38411,1.38437,1.73,2.25
2011.08.05 06:52:03.753,1.38414,1.38439,1.35,2.25
2011.08.05 06:52:03.978,1.38417,1.38447,1.35,1.35
2011.08.05 06:52:04.540,1.38417,1.38447,1.73,1.35
2011.08.05 06:52:04.659,1.38419,1.38447,1.13,1.35
2011.08.05 06:52:04.781,1.38421,1.38445,1.35,2.10
2011.08.05 06:52:05.012,1.38421,1.38447,1.73,1.73
2011.08.05 06:52:05.239,1.38425,1.38445,1.35,1.35
2011.08.05 06:52:05.579,1.38425,1.38445,1.35,1.35
2011.08.05 06:52:06.021,1.3842,1.38445,1.35,1.35
2011.08.05 06:52:06.148,1.3842,1.38441,1.35,2.10
2011.08.05 06:52:06.271,1.38416,1.38441,1.35,1.35
2011.08.05 06:52:06.718,1.38416,1.38441,1.35,2.10
2011.08.05 06:52:07.378,1.38416,1.3844,1.35,1.13
2011.08.05 06:52:08.088,1.38416,1.38439,1.35,1.13
2011.08.05 06:52:08.428,1.38416,1.38439,1.35,1.13
2011.08.05 06:52:08.878,1.38416,1.38439,1.35,1.13
2011.08.05 06:52:09.604,1.38426,1.38455,1.73,1.13
2011.08.05 06:52:10.356,1.38426,1.3845,1.73,1.35
2011.08.05 06:52:17.760,1.38426,1.38455,1.73,1.35
2011.08.05 06:52:17.988,1.3843,1.38455,1.35,1.35
2011.08.05 06:52:18.549,1.3843,1.3846,1.35,2.48
2011.08.05 06:52:18.888,1.38428,1.38449,1.35,2.63
2011.08.05 06:52:19.007,1.38428,1.38449,1.35,2.63
2011.08.05 06:52:19.128,1.38424,1.38449,1.35,2.63
2011.08.05 06:52:19.247,1.38424,1.38449,1.35,2.63
2011.08.05 06:52:20.028,1.38425,1.38449,1.35,1.50
2011.08.05 06:52:20.523,1.38427,1.38449,1.35,2.25
2011.08.05 06:52:20.866,1.38427,1.38449,1.35,2.25
2011.08.05 06:52:21.197,1.38427,1.38441,1.35,1.13
2011.08.05 06:52:21.310,1.38427,1.3845,1.73,1.50
2011.08.05 06:52:22.088,1.38427,1.38447,1.35,2.25
2011.08.05 06:52:22.209,1.38424,1.38447,1.35,2.25
2011.08.05 06:52:24.272,1.38424,1.38436,1.35,1.35
2011.08.05 06:52:24.391,1.3842,1.38442,1.35,1.50
2011.08.05 06:52:24.990,1.38421,1.38442,1.35,1.88
2011.08.05 06:52:26.056,1.38421,1.38441,1.35,1.13
2011.08.05 06:52:26.853,1.38421,1.38441,1.73,1.13
2011.08.05 06:52:26.971,1.38424,1.38443,1.35,1.13
2011.08.05 06:52:27.542,1.38424,1.38441,1.35,1.13
2011.08.05 06:52:28.228,1.38424,1.38445,1.35,2.25
2011.08.05 06:52:28.349,1.38421,1.38444,1.73,1.50
2011.08.05 06:52:28.687,1.38421,1.38445,1.73,2.25
2011.08.05 06:52:29.246,1.38421,1.38446,1.73,2.25
2011.08.05 06:52:29.565,1.38421,1.38446,1.73,2.25
2011.08.05 06:52:30.697,1.38424,1.38446,1.35,2.25
2011.08.05 06:52:32.871,1.38424,1.38447,1.35,2.63
2011.08.05 06:52:33.957,1.38424,1.38447,1.35,2.63
2011.08.05 06:52:36.283,1.38424,1.38447,1.35,3.00
2011.08.05 06:52:37.370,1.38424,1.38447,1.35,2.25
2011.08.05 06:52:37.492,1.38424,1.38447,1.35,2.25
2011.08.05 06:52:37.828,1.3842,1.38443,1.35,1.13
2011.08.05 06:52:38.790,1.3842,1.38441,1.35,1.50
2011.08.05 06:52:39.019,1.38412,1.38436,1.35,1.50
2011.08.05 06:52:39.654,1.38412,1.38437,1.73,1.13
2011.08.05 06:52:39.773,1.38415,1.38439,1.35,1.13
2011.08.05 06:52:40.437,1.38415,1.38436,1.35,1.13
2011.08.05 06:52:40.559,1.38415,1.38436,1.35,1.13
2011.08.05 06:52:40.791,1.38412,1.38436,1.73,1.13
2011.08.05 06:52:41.459,1.3841,1.38433,2.10,1.13
2011.08.05 06:52:41.797,1.3841,1.38435,2.48,1.13
2011.08.05 06:52:41.920,1.38414,1.38439,1.73,1.73
2011.08.05 06:52:43.059,1.38414,1.38435,1.73,1.13
2011.08.05 06:52:43.178,1.38413,1.38435,1.35,1.13
2011.08.05 06:52:44.768,1.38411,1.38434,1.35,1.13
2011.08.05 06:52:45.628,1.38411,1.38434,1.35,1.13
2011.08.05 06:52:46.240,1.38408,1.38434,1.35,1.88
2011.08.05 06:52:46.550,1.38408,1.38431,1.35,1.13
2011.08.05 06:52:47.757,1.38408,1.38434,1.35,2.25
2011.08.05 06:52:48.695,1.38407,1.38429,1.35,1.35
2011.08.05 06:52:48.921,1.38403,1.38429,1.35,1.35
2011.08.05 06:52:50.028,1.38402,1.38426,1.35,1.35
2011.08.05 06:52:50.148,1.384,1.38426,1.35,1.35
2011.08.05 06:52:50.409,1.38401,1.38426,1.35,1.35
2011.08.05 06:52:51.027,1.384,1.38424,1.35,1.35
2011.08.05 06:52:51.259,1.38399,1.38424,1.35,2.10
2011.08.05 06:52:52.469,1.38395,1.38422,1.50,2.10
2011.08.05 06:52:52.884,1.38393,1.38421,1.35,1.50
2011.08.05 06:52:53.006,1.3839,1.38417,1.35,2.10
2011.08.05 06:52:54.108,1.3839,1.38417,1.35,3.98
2011.08.05 06:52:54.447,1.38393,1.38417,1.35,3.23
2011.08.05 06:52:55.029,1.38393,1.38417,1.35,2.48
2011.08.05 06:52:55.371,1.38401,1.38423,1.88,1.50
2011.08.05 06:52:55.756,1.38404,1.38423,1.35,1.35
2011.08.05 06:52:56.092,1.38393,1.38416,1.35,1.35
2011.08.05 06:52:56.213,1.38393,1.38419,1.35,1.73
2011.08.05 06:52:56.660,1.38394,1.38419,1.35,1.88
2011.08.05 06:52:57.657,1.38396,1.38419,1.35,1.50
2011.08.05 06:52:58.648,1.38392,1.38417,1.35,1.50
2011.08.05 06:53:00.666,1.38392,1.38417,1.35,1.13
2011.08.05 06:53:00.788,1.38401,1.3843,1.13,2.25
2011.08.05 06:53:01.131,1.38404,1.38431,2.48,2.63
2011.08.05 06:53:01.470,1.38404,1.38431,1.35,2.63
2011.08.05 06:53:01.808,1.38405,1.38428,1.35,2.25
2011.08.05 06:53:02.627,1.38405,1.3843,1.35,2.25
2011.08.05 06:53:02.957,1.3841,1.38432,1.35,1.73
2011.08.05 06:53:04.853,1.38405,1.38431,2.10,1.88
2011.08.05 06:53:06.150,1.38405,1.3843,2.10,1.88
2011.08.05 06:53:06.767,1.38405,1.3843,2.10,1.88
2011.08.05 06:53:07.428,1.38405,1.3843,1.35,1.88
2011.08.05 06:53:07.549,1.38405,1.3843,1.35,1.88
2011.08.05 06:53:09.870,1.38403,1.38428,1.35,2.25
2011.08.05 06:53:10.929,1.38403,1.38425,1.35,2.25
2011.08.05 06:53:12.800,1.38403,1.38426,1.35,1.50
2011.08.05 06:53:14.117,1.38404,1.38429,1.35,1.88
2011.08.05 06:53:15.787,1.38403,1.38428,2.10,3.00
2011.08.05 06:53:18.448,1.38405,1.3843,1.35,1.88
2011.08.05 06:53:18.568,1.38408,1.38432,1.35,5.48
2011.08.05 06:53:19.018,1.38407,1.38431,2.48,1.13
2011.08.05 06:53:21.879,1.38412,1.38431,1.35,1.50
2011.08.05 06:53:22.108,1.38407,1.38431,1.35,1.50
2011.08.05 06:53:22.562,1.38405,1.3843,1.35,1.50
2011.08.05 06:53:22.897,1.38403,1.38421,1.35,2.63
2011.08.05 06:53:23.018,1.38401,1.38421,1.35,2.63
2011.08.05 06:53:23.576,1.38401,1.38419,1.35,1.50
2011.08.05 06:53:23.800,1.38397,1.38414,1.13,1.13
2011.08.05 06:53:23.921,1.38393,1.38414,1.35,1.13
2011.08.05 06:53:24.682,1.3839,1.38413,1.73,1.13
2011.08.05 06:53:25.279,1.3839,1.38415,1.35,2.63
2011.08.05 06:53:25.399,1.3839,1.38413,1.35,2.25
2011.08.05 06:53:25.737,1.3839,1.38413,1.35,2.25
2011.08.05 06:53:26.372,1.38391,1.38413,1.35,1.50
2011.08.05 06:53:27.009,1.3839,1.38414,2.10,1.50
2011.08.05 06:53:27.839,1.38391,1.38417,1.35,2.63
2011.08.05 06:53:28.805,1.38392,1.38416,1.35,2.25
2011.08.05 06:53:29.250,1.38392,1.38414,1.35,1.50
2011.08.05 06:53:29.372,1.38385,1.38406,1.35,2.10
2011.08.05 06:53:29.928,1.38385,1.38407,1.35,1.50
2011.08.05 06:53:30.270,1.38385,1.38412,1.35,1.35
2011.08.05 06:53:30.389,1.38388,1.38413,2.48,2.25
2011.08.05 06:53:30.617,1.38391,1.38413,1.73,1.50
2011.08.05 06:53:31.038,1.38393,1.38419,1.73,6.23
2011.08.05 06:53:31.158,1.38393,1.38418,1.73,1.50
2011.08.05 06:53:31.498,1.38396,1.38416,1.35,1.50
2011.08.05 06:53:31.837,1.38396,1.38416,1.35,2.25
2011.08.05 06:53:31.949,1.38396,1.38417,1.35,3.75
2011.08.05 06:53:32.071,1.38393,1.38416,1.35,1.35
2011.08.05 06:53:32.677,1.38393,1.38416,1.35,2.10
2011.08.05 06:53:33.227,1.38394,1.38419,1.35,2.85
2011.08.05 06:53:33.969,1.38393,1.38418,2.48,1.35
2011.08.05 06:53:35.917,1.38395,1.38419,1.35,1.35
2011.08.05 06:53:36.039,1.38395,1.3842,1.35,2.25
2011.08.05 06:53:36.158,1.38396,1.3842,1.35,3.00
2011.08.05 06:53:36.389,1.38396,1.38421,2.10,3.75
2011.08.05 06:53:37.407,1.38396,1.3842,1.35,2.25
2011.08.05 06:53:37.967,1.38395,1.38422,1.35,4.35
2011.08.05 06:53:39.538,1.38396,1.38421,1.35,2.25
2011.08.05 06:53:39.991,1.38397,1.38419,1.35,1.50
2011.08.05 06:53:40.329,1.38399,1.38419,1.73,1.13
2011.08.05 06:53:40.673,1.38396,1.38423,1.35,1.50
2011.08.05 06:53:40.900,1.38397,1.38425,1.35,2.25
2011.08.05 06:53:41.239,1.38394,1.38419,1.35,1.50
2011.08.05 06:53:41.775,1.38394,1.38419,1.35,1.50
2011.08.05 06:53:42.110,1.38393,1.38418,1.35,3.00
2011.08.05 06:53:42.452,1.38392,1.38416,1.35,1.50
2011.08.05 06:53:42.786,1.38392,1.38416,1.35,1.50
2011.08.05 06:53:44.087,1.3839,1.38416,1.88,2.25
2011.08.05 06:53:44.427,1.38388,1.38414,1.35,1.50
2011.08.05 06:53:45.278,1.38388,1.38414,1.73,1.50
2011.08.05 06:53:45.404,1.3839,1.38415,1.73,1.50
2011.08.05 06:53:46.648,1.3839,1.38418,2.48,1.50
2011.08.05 06:53:46.988,1.38397,1.38419,1.35,2.25
2011.08.05 06:53:47.110,1.38397,1.38422,1.35,2.25
2011.08.05 06:53:47.231,1.38401,1.38422,1.35,1.50
2011.08.05 06:53:47.571,1.38399,1.38424,2.48,1.50
2011.08.05 06:53:47.692,1.38399,1.38426,2.48,2.25
2011.08.05 06:53:47.809,1.38399,1.38426,1.35,1.50
2011.08.05 06:53:48.713,1.38398,1.38427,2.10,2.25
2011.08.05 06:53:48.830,1.38399,1.38428,1.35,1.50
2011.08.05 06:53:49.059,1.38399,1.38432,1.35,2.25
2011.08.05 06:53:49.402,1.38399,1.3843,1.35,3.75
2011.08.05 06:53:49.739,1.38396,1.38426,1.35,1.50
2011.08.05 06:53:49.858,1.38396,1.38426,1.35,2.25
2011.08.05 06:53:50.201,1.38393,1.38426,1.35,3.00
2011.08.05 06:53:50.539,1.38389,1.38425,1.35,1.50
2011.08.05 06:53:51.319,1.38391,1.38424,1.35,1.50
2011.08.05 06:53:52.232,1.38396,1.38426,1.35,1.50
2011.08.05 06:53:52.790,1.38391,1.38425,1.35,2.25
2011.08.05 06:53:55.111,1.38391,1.38424,1.95,2.25
2011.08.05 06:53:55.338,1.38391,1.38424,1.95,2.25
2011.08.05 06:53:55.708,1.38395,1.38425,1.35,1.13
2011.08.05 06:53:56.049,1.38394,1.38427,1.35,2.10
2011.08.05 06:53:57.601,1.38399,1.38427,1.13,1.35
2011.08.05 06:53:57.939,1.38406,1.38441,1.73,3.00
2011.08.05 06:53:58.059,1.38406,1.38438,1.73,3.60
2011.08.05 06:53:58.290,1.38406,1.38436,1.35,1.35
2011.08.05 06:53:58.520,1.38406,1.38436,1.35,1.35
2011.08.05 06:54:00.050,1.384,1.38436,1.35,1.88
2011.08.05 06:54:00.277,1.384,1.38434,1.35,3.00
2011.08.05 06:54:02.168,1.38405,1.38434,1.35,1.13
2011.08.05 06:54:02.291,1.38406,1.38434,1.35,1.13
2011.08.05 06:54:02.410,1.38408,1.38437,1.13,1.13
2011.08.05 06:54:02.528,1.38408,1.38438,1.13,2.25
2011.08.05 06:54:02.769,1.38412,1.38438,1.13,2.25
2011.08.05 06:54:03.111,1.38414,1.38443,1.73,1.88
2011.08.05 06:54:03.230,1.38418,1.38445,1.13,1.88
2011.08.05 06:54:03.567,1.38421,1.38446,1.35,1.13
2011.08.05 06:54:03.689,1.38421,1.38447,1.35,4.13
2011.08.05 06:54:03.809,1.3842,1.38446,1.73,1.50
2011.08.05 06:54:04.952,1.38423,1.38446,1.35,2.25
2011.08.05 06:54:05.296,1.38431,1.38447,1.35,1.50
2011.08.05 06:54:05.521,1.38428,1.3845,2.10,1.50
2011.08.05 06:54:05.750,1.38426,1.38449,1.35,2.63
2011.08.05 06:54:07.498,1.38426,1.38448,1.35,2.48
2011.08.05 06:54:08.277,1.38426,1.38448,1.35,1.13
2011.08.05 06:54:09.371,1.38426,1.38447,1.35,1.13
2011.08.05 06:54:09.492,1.38422,1.38442,2.10,1.50
2011.08.05 06:54:09.610,1.38425,1.38441,1.35,1.50
2011.08.05 06:54:09.729,1.38426,1.38441,1.13,1.50
2011.08.05 06:54:10.069,1.38426,1.38444,1.35,1.88
2011.08.05 06:54:10.190,1.38425,1.38444,1.35,1.13
2011.08.05 06:54:11.041,1.38425,1.38448,1.35,2.25
2011.08.05 06:54:11.594,1.38425,1.38448,1.35,2.25
2011.08.05 06:54:11.849,1.38428,1.3845,1.35,2.25
2011.08.05 06:54:11.968,1.3843,1.38452,1.35,1.88
2011.08.05 06:54:12.200,1.38432,1.38457,1.35,4.13
2011.08.05 06:54:12.542,1.38446,1.38461,1.35,1.88
2011.08.05 06:54:12.880,1.38446,1.38461,2.10,1.50
2011.08.05 06:54:13.312,1.38446,1.38467,1.35,2.25
2011.08.05 06:54:13.837,1.38446,1.3847,1.73,2.63
2011.08.05 06:54:14.370,1.38446,1.38469,1.35,2.25
2011.08.05 06:54:14.947,1.38446,1.38467,1.35,2.63
2011.08.05 06:54:15.292,1.38443,1.38467,1.35,1.88
2011.08.05 06:54:15.518,1.38443,1.38465,1.35,1.50
2011.08.05 06:54:15.857,1.38443,1.38465,1.35,2.25
2011.08.05 06:54:16.482,1.38439,1.38457,2.10,1.50
2011.08.05 06:54:16.721,1.38429,1.38451,1.35,1.35
2011.08.05 06:54:17.278,1.38429,1.38454,1.35,1.35
2011.08.05 06:54:17.511,1.38423,1.38445,1.35,3.00
2011.08.05 06:54:17.739,1.38423,1.38446,1.35,2.25
2011.08.05 06:54:18.080,1.38423,1.38446,1.35,2.25
2011.08.05 06:54:18.202,1.38423,1.38444,1.35,1.50
2011.08.05 06:54:18.428,1.38424,1.38449,1.35,1.73
2011.08.05 06:54:18.881,1.38426,1.38451,1.35,1.88
2011.08.05 06:54:19.612,1.38428,1.38455,1.35,1.50
2011.08.05 06:54:19.739,1.38438,1.38459,1.35,1.50
2011.08.05 06:54:20.079,1.3844,1.38465,2.10,1.13
2011.08.05 06:54:20.309,1.38441,1.38464,1.35,1.13
2011.08.05 06:54:20.648,1.38441,1.38464,1.35,1.13
2011.08.05 06:54:21.099,1.38442,1.38466,1.35,1.88
2011.08.05 06:54:21.549,1.38444,1.38459,1.73,1.13
2011.08.05 06:54:21.782,1.38438,1.38459,1.35,1.13
2011.08.05 06:54:22.395,1.38443,1.38464,1.35,2.10
2011.08.05 06:54:22.622,1.38443,1.38466,2.10,2.25
2011.08.05 06:54:22.740,1.38443,1.38468,2.48,1.50
2011.08.05 06:54:22.861,1.38447,1.38468,1.35,1.13
2011.08.05 06:54:23.199,1.38447,1.38477,1.73,2.25
2011.08.05 06:54:23.318,1.38446,1.38477,1.73,2.25
2011.08.05 06:54:23.438,1.38451,1.38477,1.35,2.25
2011.08.05 06:54:24.251,1.38452,1.38477,2.10,1.50
2011.08.05 06:54:24.369,1.38452,1.38479,1.73,1.35
2011.08.05 06:54:24.491,1.38456,1.38479,1.35,1.35
2011.08.05 06:54:25.109,1.38456,1.38486,1.20,1.50
2011.08.05 06:54:25.235,1.38459,1.38489,1.35,1.13
2011.08.05 06:54:25.790,1.38457,1.38483,1.35,1.50
2011.08.05 06:54:26.349,1.38456,1.38479,1.35,2.25
2011.08.05 06:54:26.689,1.38456,1.38476,1.35,1.50
2011.08.05 06:54:27.490,1.38456,1.38477,1.35,1.50
2011.08.05 06:54:27.830,1.38452,1.38475,1.73,1.50
2011.08.05 06:54:28.403,1.38452,1.38479,1.35,2.25
2011.08.05 06:54:28.634,1.38448,1.38476,1.35,2.10
2011.08.05 06:54:28.862,1.38449,1.38479,1.73,1.50
2011.08.05 06:54:28.981,1.38457,1.38481,1.35,2.63
2011.08.05 06:54:29.322,1.38454,1.38479,1.35,1.50
2011.08.05 06:54:29.439,1.38454,1.38479,1.35,1.50
2011.08.05 06:54:30.337,1.3845,1.38479,1.35,1.50
2011.08.05 06:54:31.115,1.38456,1.38482,1.35,1.50
2011.08.05 06:54:31.461,1.38451,1.3848,1.35,1.50
2011.08.05 06:54:32.017,1.38451,1.38479,1.35,1.50
2011.08.05 06:54:32.240,1.38451,1.38475,1.35,1.50
2011.08.05 06:54:32.360,1.38447,1.38473,1.35,1.35
2011.08.05 06:54:32.588,1.38446,1.38471,1.35,1.50
2011.08.05 06:54:33.044,1.38443,1.38466,1.35,3.00
2011.08.05 06:54:33.162,1.38443,1.38465,1.35,1.50
2011.08.05 06:54:33.395,1.38444,1.38466,1.35,1.88
2011.08.05 06:54:33.512,1.38442,1.38468,1.35,2.25
2011.08.05 06:54:33.979,1.38447,1.38469,1.35,2.25
2011.08.05 06:54:34.320,1.38439,1.3846,1.13,2.25
2011.08.05 06:54:34.437,1.38439,1.38463,1.13,1.88
2011.08.05 06:54:34.558,1.3844,1.38463,1.13,2.63
2011.08.05 06:54:34.677,1.3844,1.38463,1.13,2.63
2011.08.05 06:54:34.789,1.38443,1.38463,1.35,2.63
2011.08.05 06:54:35.019,1.38443,1.38463,1.73,1.50
2011.08.05 06:54:35.139,1.38443,1.38467,1.73,1.50
2011.08.05 06:54:35.257,1.38447,1.38467,1.13,1.50
2011.08.05 06:54:35.594,1.38449,1.38471,1.35,1.50
2011.08.05 06:54:35.927,1.38461,1.38481,1.35,1.50
2011.08.05 06:54:36.365,1.38461,1.38483,1.73,1.50
2011.08.05 06:54:36.482,1.38456,1.38481,1.35,2.10
2011.08.05 06:54:36.602,1.38453,1.38476,1.73,2.25
2011.08.05 06:54:36.723,1.38451,1.38476,1.35,3.00
2011.08.05 06:54:36.841,1.38451,1.38477,1.73,3.00
2011.08.05 06:54:37.067,1.38452,1.38481,1.73,3.60
2011.08.05 06:54:37.287,1.38451,1.38481,1.73,2.10
2011.08.05 06:54:37.620,1.38456,1.38481,1.35,1.50
2011.08.05 06:54:37.851,1.38454,1.38482,1.73,2.25
2011.08.05 06:54:38.080,1.38454,1.38477,1.73,1.50
2011.08.05 06:54:38.639,1.38455,1.38476,1.35,2.25
2011.08.05 06:54:39.172,1.38452,1.38473,1.35,1.50
2011.08.05 06:54:39.397,1.38452,1.38473,1.35,1.50
2011.08.05 06:54:40.168,1.38452,1.38471,1.35,1.50
2011.08.05 06:54:40.730,1.38452,1.38476,1.73,2.63
2011.08.05 06:54:40.960,1.38452,1.38476,1.73,1.13
2011.08.05 06:54:41.077,1.38454,1.38476,1.35,1.13
2011.08.05 06:54:41.849,1.38454,1.38479,2.10,2.25
2011.08.05 06:54:42.671,1.38457,1.38472,1.35,1.35
2011.08.05 06:54:42.799,1.38452,1.38477,1.73,3.00
2011.08.05 06:54:43.030,1.38458,1.38478,1.35,1.35
2011.08.05 06:54:43.920,1.38458,1.38478,1.73,1.50
2011.08.05 06:54:44.989,1.3846,1.38482,1.35,1.50
2011.08.05 06:54:45.109,1.3846,1.38482,1.35,1.50
2011.08.05 06:54:45.447,1.3846,1.38482,1.35,1.50
2011.08.05 06:54:46.027,1.3846,1.38481,1.35,3.75
2011.08.05 06:54:46.706,1.3846,1.38479,1.35,1.50
2011.08.05 06:54:49.388,1.3846,1.38481,1.73,1.50
2011.08.05 06:54:50.394,1.3847,1.38484,1.35,2.25
2011.08.05 06:54:51.038,1.38481,1.38497,1.13,3.75
2011.08.05 06:54:51.174,1.38483,1.38503,1.35,1.50
2011.08.05 06:54:51.290,1.38482,1.38504,1.35,2.25
2011.08.05 06:54:51.408,1.3848,1.38502,1.35,1.50
2011.08.05 06:54:51.529,1.38477,1.38501,1.35,1.35
2011.08.05 06:54:51.648,1.38476,1.38501,1.35,1.35
2011.08.05 06:54:51.769,1.38476,1.38501,1.35,2.10
2011.08.05 06:54:52.328,1.38476,1.385,1.35,1.50
2011.08.05 06:54:52.891,1.38475,1.38501,1.73,1.35
2011.08.05 06:54:53.228,1.38475,1.38501,1.73,1.35
2011.08.05 06:54:53.349,1.38475,1.385,1.73,1.50
2011.08.05 06:54:53.807,1.38475,1.38501,1.73,1.50
2011.08.05 06:54:54.368,1.38479,1.38501,1.73,1.50
2011.08.05 06:54:54.977,1.38479,1.38502,1.73,1.50
2011.08.05 06:54:55.309,1.38483,1.38506,1.35,3.00
2011.08.05 06:54:55.760,1.38483,1.38507,1.73,3.75
2011.08.05 06:54:55.879,1.38483,1.38507,1.73,2.25
2011.08.05 06:54:56.548,1.38485,1.38507,1.35,3.00
2011.08.05 06:54:56.777,1.38482,1.38505,1.35,2.25
2011.08.05 06:54:57.231,1.3848,1.38501,1.35,2.85
2011.08.05 06:54:57.606,1.3848,1.385,1.35,1.50
2011.08.05 06:54:58.052,1.3848,1.38501,1.35,1.50
2011.08.05 06:55:00.540,1.38481,1.38507,1.35,2.85
2011.08.05 06:55:00.769,1.38482,1.38506,1.35,2.25
2011.08.05 06:55:02.078,1.38478,1.38504,1.35,2.25
2011.08.05 06:55:02.308,1.38478,1.38505,1.35,1.50
2011.08.05 06:55:04.931,1.38478,1.38503,1.35,1.50
2011.08.05 06:55:05.776,1.38478,1.38501,1.35,1.50
2011.08.05 06:55:07.086,1.38478,1.38501,1.35,1.50
2011.08.05 06:55:07.309,1.38478,1.38501,1.73,1.50
2011.08.05 06:55:07.761,1.38478,1.3849,1.35,1.50
2011.08.05 06:55:07.883,1.38466,1.38494,1.73,1.13
2011.08.05 06:55:08.118,1.38471,1.38494,1.35,1.13
2011.08.05 06:55:09.263,1.38471,1.38495,1.35,2.25
2011.08.05 06:55:11.353,1.38471,1.38497,1.35,2.25
2011.08.05 06:55:11.692,1.38469,1.38485,1.35,1.50
2011.08.05 06:55:11.812,1.38458,1.38485,1.73,1.50
2011.08.05 06:55:11.930,1.38458,1.3849,1.73,1.50
2011.08.05 06:55:12.054,1.38465,1.38492,1.50,2.25
2011.08.05 06:55:12.493,1.38477,1.38496,1.35,2.25
2011.08.05 06:55:12.611,1.38476,1.38504,1.35,3.00
2011.08.05 06:55:13.138,1.38476,1.38503,1.73,2.25
2011.08.05 06:55:13.370,1.38476,1.38503,1.73,2.25
2011.08.05 06:55:13.489,1.3848,1.38503,1.73,2.25
2011.08.05 06:55:13.720,1.38477,1.38503,1.35,1.50
2011.08.05 06:55:13.842,1.38477,1.38502,1.35,3.00
2011.08.05 06:55:16.290,1.38477,1.38497,1.35,2.25
2011.08.05 06:55:16.412,1.38473,1.38497,1.35,2.63
2011.08.05 06:55:16.641,1.38473,1.38496,1.35,2.25
2011.08.05 06:55:16.760,1.38473,1.38496,1.35,3.00
2011.08.05 06:55:17.341,1.38471,1.38486,1.35,2.25
2011.08.05 06:55:17.462,1.38469,1.38486,1.35,2.25
2011.08.05 06:55:17.583,1.38465,1.38486,1.35,2.25
2011.08.05 06:55:17.701,1.38462,1.38486,1.35,2.25
2011.08.05 06:55:19.042,1.38466,1.38488,1.35,1.35
2011.08.05 06:55:19.493,1.38466,1.38483,1.13,1.13
2011.08.05 06:55:19.613,1.38461,1.38482,1.35,3.23
2011.08.05 06:55:19.731,1.38461,1.38481,1.35,1.50
2011.08.05 06:55:20.288,1.38458,1.38482,1.35,1.73
2011.08.05 06:55:20.961,1.38469,1.38486,1.13,1.50
2011.08.05 06:55:21.192,1.38469,1.38491,1.13,2.25
2011.08.05 06:55:21.644,1.38478,1.385,1.35,1.50
2011.08.05 06:55:21.970,1.38484,1.38506,1.35,1.35
2011.08.05 06:55:22.528,1.38484,1.38506,1.35,1.35
2011.08.05 06:55:23.569,1.38484,1.38506,1.35,2.85
2011.08.05 06:55:23.689,1.38484,1.38506,1.73,2.85
2011.08.05 06:55:23.919,1.38483,1.38506,1.73,2.85
2011.08.05 06:55:24.531,1.38483,1.38507,1.73,2.10
2011.08.05 06:55:24.660,1.38483,1.38501,1.35,3.75
2011.08.05 06:55:24.785,1.3847,1.38487,1.35,1.35
2011.08.05 06:55:24.901,1.38464,1.38487,1.35,1.35
2011.08.05 06:55:25.023,1.38463,1.38487,1.35,1.35
2011.08.05 06:55:25.801,1.38454,1.38487,1.35,2.10
2011.08.05 06:55:26.030,1.3846,1.38485,1.35,2.25
2011.08.05 06:55:26.154,1.38465,1.38486,1.35,1.50
2011.08.05 06:55:26.382,1.38465,1.38489,1.35,1.13
2011.08.05 06:55:26.969,1.38465,1.38489,1.35,1.13
2011.08.05 06:55:27.089,1.3847,1.38489,1.35,1.13
2011.08.05 06:55:27.538,1.38468,1.38494,1.35,1.88
2011.08.05 06:55:28.101,1.38468,1.38492,1.35,1.50
2011.08.05 06:55:28.331,1.38468,1.3849,1.73,1.50
2011.08.05 06:55:28.670,1.38463,1.38493,1.35,1.13
2011.08.05 06:55:28.789,1.38472,1.38493,1.35,1.13
2011.08.05 06:55:29.333,1.38468,1.38497,1.35,2.25
2011.08.05 06:55:29.778,1.38471,1.38498,1.35,2.25
2011.08.05 06:55:30.116,1.38471,1.38498,1.35,2.25
2011.08.05 06:55:30.448,1.38471,1.38494,1.35,1.13
2011.08.05 06:55:30.679,1.38464,1.38494,1.35,1.13
2011.08.05 06:55:31.570,1.38464,1.38491,1.35,2.25
2011.08.05 06:55:32.093,1.3846,1.38491,1.35,2.25
2011.08.05 06:55:32.215,1.3846,1.38486,1.35,3.00
2011.08.05 06:55:32.332,1.3846,1.38484,1.35,2.25
2011.08.05 06:55:33.113,1.38455,1.38483,1.35,2.25
2011.08.05 06:55:33.340,1.38452,1.38481,1.35,1.50
2011.08.05 06:55:33.573,1.3845,1.38478,1.35,1.50
2011.08.05 06:55:33.907,1.3845,1.38479,1.35,2.63
2011.08.05 06:55:34.239,1.38447,1.38475,1.35,2.25
2011.08.05 06:55:34.915,1.38447,1.38477,1.35,2.63
2011.08.05 06:55:35.033,1.38447,1.38477,1.73,1.13
2011.08.05 06:55:35.150,1.3845,1.38477,1.35,1.13
2011.08.05 06:55:36.570,1.3845,1.38481,1.35,1.13
2011.08.05 06:55:37.019,1.3845,1.38481,1.35,1.13
2011.08.05 06:55:37.361,1.38453,1.38478,1.35,2.10
2011.08.05 06:55:37.480,1.38451,1.38478,1.35,2.10
2011.08.05 06:55:39.716,1.38452,1.38477,1.35,1.13
2011.08.05 06:55:43.007,1.38452,1.38465,1.35,1.50
2011.08.05 06:55:44.435,1.38453,1.38465,1.73,1.50
2011.08.05 06:55:44.769,1.38457,1.38467,1.35,1.50
2011.08.05 06:55:45.109,1.38457,1.38469,1.73,1.50
2011.08.05 06:55:46.489,1.38458,1.38467,1.35,1.50
2011.08.05 06:55:46.609,1.38457,1.38467,1.35,1.50
2011.08.05 06:55:47.846,1.38457,1.38466,1.35,1.50
2011.08.05 06:55:48.677,1.38446,1.38464,1.13,1.50
2011.08.05 06:55:48.794,1.38443,1.38457,1.35,1.50
2011.08.05 06:55:49.130,1.3846,1.38467,1.35,1.50
2011.08.05 06:55:49.359,1.38461,1.38477,1.35,1.50
2011.08.05 06:55:49.809,1.38461,1.38479,1.35,1.50
2011.08.05 06:55:50.146,1.38468,1.38485,1.35,1.13
2011.08.05 06:55:50.606,1.38468,1.38487,1.35,2.25
2011.08.05 06:55:51.270,1.38467,1.38487,1.35,2.25
2011.08.05 06:55:51.760,1.38465,1.38486,1.35,1.50
2011.08.05 06:55:51.882,1.38451,1.38479,2.85,1.13
2011.08.05 06:55:52.001,1.38451,1.38472,1.35,1.50
2011.08.05 06:55:52.450,1.38458,1.38471,1.35,1.13
2011.08.05 06:55:53.628,1.38458,1.38472,1.35,1.50
2011.08.05 06:55:53.861,1.38451,1.38476,1.35,1.50
2011.08.05 06:55:53.981,1.3845,1.38466,1.35,4.50
2011.08.05 06:55:54.101,1.38448,1.38463,1.35,1.50
2011.08.05 06:55:54.224,1.38447,1.38461,1.13,1.50
2011.08.05 06:55:54.342,1.38449,1.38466,1.35,1.50
2011.08.05 06:55:54.460,1.38445,1.3847,1.73,1.50
2011.08.05 06:55:54.687,1.38445,1.3847,1.35,1.50
2011.08.05 06:55:55.029,1.38445,1.38468,1.35,1.50
2011.08.05 06:55:55.153,1.38445,1.38468,1.35,1.50
2011.08.05 06:55:55.270,1.38446,1.38471,1.35,2.25
2011.08.05 06:55:55.389,1.38454,1.38474,1.35,1.50
2011.08.05 06:55:55.510,1.38454,1.38474,1.73,1.50
2011.08.05 06:55:56.096,1.3846,1.38478,1.35,1.13
2011.08.05 06:55:56.652,1.3846,1.38481,1.35,1.13
2011.08.05 06:55:57.207,1.3846,1.38481,1.35,2.63
2011.08.05 06:55:57.330,1.38457,1.38479,1.35,2.85
2011.08.05 06:55:57.452,1.38455,1.38476,1.35,2.25
2011.08.05 06:55:57.572,1.38454,1.38479,1.35,2.85
2011.08.05 06:55:58.129,1.38454,1.38479,1.73,2.85
2011.08.05 06:55:58.477,1.38447,1.38472,1.73,1.88
2011.08.05 06:55:58.591,1.38447,1.38471,1.35,3.00
2011.08.05 06:55:59.040,1.38447,1.38471,1.73,2.25
2011.08.05 06:55:59.491,1.38447,1.38472,1.73,2.25
2011.08.05 06:55:59.610,1.38451,1.38472,1.73,2.25
2011.08.05 06:55:59.841,1.38451,1.38478,1.73,2.25
2011.08.05 06:56:00.072,1.38457,1.38479,1.35,1.50
2011.08.05 06:56:00.416,1.38465,1.38488,1.35,2.25
2011.08.05 06:56:00.534,1.38463,1.38487,1.35,1.35
2011.08.05 06:56:00.654,1.38459,1.38483,1.73,1.50
2011.08.05 06:56:01.852,1.38461,1.38485,1.35,3.00
2011.08.05 06:56:02.522,1.38461,1.38486,1.73,1.13
2011.08.05 06:56:02.971,1.38461,1.38486,1.73,2.63
2011.08.05 06:56:03.430,1.3845,1.38476,1.35,2.25
2011.08.05 06:56:03.554,1.38449,1.38475,1.35,1.13
2011.08.05 06:56:03.890,1.38445,1.38475,1.35,1.13
2011.08.05 06:56:04.667,1.38445,1.38473,1.35,1.88
2011.08.05 06:56:04.792,1.38443,1.38473,1.35,1.88
2011.08.05 06:56:04.910,1.3844,1.38473,1.35,1.88
2011.08.05 06:56:05.469,1.3844,1.38471,1.73,2.25
2011.08.05 06:56:05.870,1.3844,1.38469,1.35,1.50
2011.08.05 06:56:06.347,1.3844,1.38467,1.73,1.13
2011.08.05 06:56:06.462,1.38442,1.38467,1.35,1.88
2011.08.05 06:56:06.581,1.38442,1.38467,1.35,1.88
2011.08.05 06:56:06.699,1.38442,1.38468,1.73,1.50
2011.08.05 06:56:07.259,1.38442,1.38471,1.73,1.13
2011.08.05 06:56:07.489,1.38442,1.38467,1.35,2.25
2011.08.05 06:56:07.829,1.38443,1.38464,1.35,2.25
2011.08.05 06:56:08.841,1.38443,1.38464,1.35,2.63
2011.08.05 06:56:09.311,1.38439,1.38464,1.35,1.13
2011.08.05 06:56:09.429,1.38439,1.38464,1.35,1.13
2011.08.05 06:56:09.880,1.38439,1.38464,1.35,1.73
2011.08.05 06:56:10.221,1.38414,1.3846,4.50,2.25
2011.08.05 06:56:10.447,1.38414,1.3846,3.75,2.25
2011.08.05 06:56:11.508,1.38414,1.38458,3.75,1.50
2011.08.05 06:56:13.129,1.38414,1.38458,2.25,2.25
2011.08.05 06:56:13.596,1.38414,1.38458,3.00,2.25
2011.08.05 06:56:13.858,1.38416,1.38458,1.35,1.88
2011.08.05 06:56:14.089,1.38423,1.38462,4.13,1.13
2011.08.05 06:56:15.480,1.38423,1.38466,4.88,1.13
2011.08.05 06:56:15.601,1.38423,1.38463,3.38,1.50
2011.08.05 06:56:15.937,1.38424,1.38463,2.25,2.25
2011.08.05 06:56:16.269,1.38423,1.38462,2.63,1.50
2011.08.05 06:56:16.721,1.38423,1.38459,2.63,1.13
2011.08.05 06:56:16.949,1.38418,1.38457,2.25,2.25
2011.08.05 06:56:17.905,1.38414,1.3845,1.50,1.73
2011.08.05 06:56:18.838,1.38414,1.3845,1.50,1.13
2011.08.05 06:56:19.377,1.38414,1.3845,1.50,1.13
2011.08.05 06:56:21.265,1.38413,1.38452,3.60,1.13
2011.08.05 06:56:21.400,1.38421,1.38456,2.25,1.50
2011.08.05 06:56:21.524,1.38425,1.38462,2.85,1.88
2011.08.05 06:56:21.971,1.3842,1.38459,1.50,2.25
2011.08.05 06:56:22.651,1.38413,1.38455,3.75,1.13
2011.08.05 06:56:23.069,1.38414,1.38451,2.25,4.50
2011.08.05 06:56:23.630,1.38412,1.38451,1.35,1.88
2011.08.05 06:56:24.558,1.38412,1.38451,1.35,1.50
2011.08.05 06:56:27.575,1.3841,1.38453,2.25,1.13
2011.08.05 06:56:27.730,1.3841,1.38452,2.25,1.13
2011.08.05 06:56:29.600,1.38417,1.38453,2.25,1.13
2011.08.05 06:56:30.051,1.38415,1.38451,1.13,1.50
2011.08.05 06:56:30.457,1.38415,1.3845,1.13,1.50
2011.08.05 06:56:30.798,1.38417,1.38449,2.10,1.50
2011.08.05 06:56:31.240,1.38417,1.38449,1.35,3.00
2011.08.05 06:56:31.579,1.38417,1.3845,1.35,3.00
2011.08.05 06:56:32.260,1.38417,1.38448,2.10,3.00
2011.08.05 06:56:32.843,1.38425,1.38448,1.13,2.25
2011.08.05 06:56:32.967,1.38428,1.3845,1.50,1.50
2011.08.05 06:56:33.415,1.38445,1.38482,1.35,3.00
2011.08.05 06:56:33.530,1.38445,1.3848,1.35,1.50
2011.08.05 06:56:33.760,1.38443,1.38481,1.35,2.25
2011.08.05 06:56:33.879,1.38446,1.38482,2.10,2.25
2011.08.05 06:56:34.001,1.38448,1.38482,1.35,2.25
2011.08.05 06:56:34.556,1.38447,1.38483,1.35,3.00
2011.08.05 06:56:34.889,1.38443,1.38477,2.10,2.25
2011.08.05 06:56:35.450,1.38441,1.3848,2.48,1.35
2011.08.05 06:56:36.267,1.38441,1.38478,2.10,2.25
2011.08.05 06:56:36.599,1.38441,1.38478,2.10,2.25
2011.08.05 06:56:38.297,1.38442,1.38478,1.35,2.25
2011.08.05 06:56:40.177,1.38443,1.38479,1.20,1.13
2011.08.05 06:56:40.510,1.38455,1.3849,1.50,2.25
2011.08.05 06:56:41.069,1.3845,1.38487,1.13,2.25
2011.08.05 06:56:41.301,1.38452,1.38492,1.50,3.75
2011.08.05 06:56:43.888,1.38457,1.38491,1.13,2.25
2011.08.05 06:56:44.449,1.38459,1.38491,1.35,1.50
2011.08.05 06:56:44.898,1.38458,1.38487,1.35,1.50
2011.08.05 06:56:45.688,1.38457,1.38487,1.35,1.50
2011.08.05 06:56:47.883,1.38456,1.38488,2.10,2.25
2011.08.05 06:56:48.223,1.38453,1.38487,2.10,1.50
2011.08.05 06:56:48.339,1.38453,1.38487,1.35,3.00
2011.08.05 06:56:48.989,1.38453,1.38485,1.35,1.50
2011.08.05 06:56:50.272,1.38448,1.38481,1.35,1.35
2011.08.05 06:56:50.502,1.38445,1.3848,1.35,2.10
2011.08.05 06:56:51.056,1.38445,1.38483,1.35,1.13
2011.08.05 06:56:51.662,1.38445,1.38483,1.35,2.63
2011.08.05 06:56:52.528,1.38445,1.38483,1.35,3.75
2011.08.05 06:56:52.858,1.38445,1.38483,1.35,3.00
2011.08.05 06:56:55.980,1.38448,1.38486,1.35,3.00
2011.08.05 06:56:56.316,1.38447,1.38485,1.35,1.50
2011.08.05 06:56:56.647,1.38446,1.38485,1.35,1.50
2011.08.05 06:56:57.008,1.38446,1.38485,1.35,1.50
2011.08.05 06:56:57.464,1.38451,1.38486,1.35,1.50
2011.08.05 06:56:57.580,1.38452,1.38487,1.20,2.63
2011.08.05 06:56:58.030,1.38452,1.38487,1.35,3.98
2011.08.05 06:56:59.700,1.38452,1.38486,1.35,2.25
2011.08.05 06:56:59.819,1.38449,1.38485,1.35,1.50
2011.08.05 06:57:01.638,1.38448,1.38484,2.70,1.50
2011.08.05 06:57:02.750,1.38448,1.38484,1.20,1.50
2011.08.05 06:57:03.520,1.38448,1.38484,1.20,3.75
2011.08.05 06:57:04.051,1.38447,1.38477,1.35,1.35
2011.08.05 06:57:04.281,1.38444,1.38477,2.10,1.35
2011.08.05 06:57:04.401,1.38444,1.38477,1.50,1.35
2011.08.05 06:57:04.879,1.38444,1.38479,1.35,1.13
2011.08.05 06:57:05.219,1.38443,1.38479,1.35,1.88
2011.08.05 06:57:05.828,1.38439,1.38479,1.35,1.13
2011.08.05 06:57:06.386,1.38437,1.38476,1.35,1.50
2011.08.05 06:57:07.473,1.38437,1.38465,1.73,3.38
2011.08.05 06:57:07.703,1.38439,1.38476,1.35,1.88
2011.08.05 06:57:10.003,1.38439,1.38466,1.35,1.50
2011.08.05 06:57:10.408,1.38439,1.38467,1.35,2.63
2011.08.05 06:57:10.535,1.38434,1.38467,2.85,1.13
2011.08.05 06:57:10.648,1.38434,1.38467,2.10,1.13
2011.08.05 06:57:11.098,1.38434,1.38467,2.10,1.13
2011.08.05 06:57:12.119,1.38434,1.38467,2.85,1.13
2011.08.05 06:57:12.239,1.38448,1.3847,1.13,1.50
2011.08.05 06:57:12.359,1.38449,1.3847,1.35,1.50
2011.08.05 06:57:14.438,1.38449,1.3847,1.35,1.50
2011.08.05 06:57:14.784,1.38449,1.38473,1.35,1.13
2011.08.05 06:57:18.188,1.38449,1.38473,1.35,2.25
2011.08.05 06:57:19.657,1.38446,1.38473,1.35,2.63
2011.08.05 06:57:19.879,1.38446,1.38475,1.73,1.50
2011.08.05 06:57:21.070,1.38446,1.38475,1.35,1.50
2011.08.05 06:57:21.304,1.38446,1.38477,1.35,1.50
2011.08.05 06:57:21.639,1.3845,1.38477,1.35,1.50
2011.08.05 06:57:22.279,1.3845,1.38477,1.35,1.50
2011.08.05 06:57:22.509,1.38446,1.38477,1.35,1.50
2011.08.05 06:57:23.121,1.38446,1.38478,1.35,1.50
2011.08.05 06:57:25.359,1.38446,1.38476,1.35,1.13
2011.08.05 06:57:26.590,1.3844,1.38469,1.35,1.35
2011.08.05 06:57:26.931,1.38437,1.38468,1.35,1.50
2011.08.05 06:57:27.049,1.38437,1.38468,1.35,1.50
2011.08.05 06:57:29.240,1.38437,1.38468,1.35,1.50
2011.08.05 06:57:29.910,1.3844,1.38469,1.35,1.35
2011.08.05 06:57:30.967,1.38437,1.38469,1.35,1.35
2011.08.05 06:57:32.012,1.38441,1.38471,1.13,1.13
2011.08.05 06:57:32.130,1.38442,1.38471,1.35,1.13
2011.08.05 06:57:32.578,1.38442,1.38471,1.35,1.13
2011.08.05 06:57:32.809,1.38442,1.38477,1.35,3.00
2011.08.05 06:57:33.040,1.38444,1.38479,1.35,2.25
2011.08.05 06:57:33.380,1.38444,1.38479,1.35,2.25
2011.08.05 06:57:33.610,1.3844,1.38474,1.73,1.50
2011.08.05 06:57:33.730,1.3844,1.38474,1.73,1.50
2011.08.05 06:57:33.849,1.3844,1.38475,1.73,1.50
2011.08.05 06:57:34.376,1.38446,1.38477,1.73,2.25
2011.08.05 06:57:36.631,1.38446,1.38482,1.73,2.25
2011.08.05 06:57:36.748,1.3845,1.38482,1.35,2.25
2011.08.05 06:57:37.341,1.38452,1.38482,1.35,2.25
2011.08.05 06:57:37.568,1.38457,1.38482,1.35,1.35
2011.08.05 06:57:38.031,1.38451,1.38481,1.35,1.35
2011.08.05 06:57:38.920,1.38455,1.38481,1.13,1.35
2011.08.05 06:57:39.359,1.38456,1.38484,1.35,1.88
2011.08.05 06:57:39.702,1.38459,1.38484,1.35,1.50
2011.08.05 06:57:39.931,1.38459,1.38484,1.35,1.50
2011.08.05 06:57:40.164,1.38454,1.38484,1.35,1.50
2011.08.05 06:57:40.606,1.38451,1.38484,1.35,1.50
2011.08.05 06:57:41.299,1.38456,1.38484,1.35,1.50
2011.08.05 06:57:41.418,1.38456,1.38484,1.35,1.50
2011.08.05 06:57:41.650,1.38456,1.38484,1.35,1.50
2011.08.05 06:57:42.000,1.38456,1.38487,1.35,1.35
2011.08.05 06:57:42.122,1.38456,1.38487,1.73,1.35
2011.08.05 06:57:42.459,1.38456,1.38488,1.35,1.50
2011.08.05 06:57:42.579,1.38457,1.38489,1.35,1.50
2011.08.05 06:57:42.699,1.38457,1.38489,1.35,1.50
2011.08.05 06:57:43.040,1.3846,1.38492,1.35,1.13
2011.08.05 06:57:43.271,1.3846,1.38492,1.35,1.13
2011.08.05 06:57:43.989,1.3846,1.38495,1.73,2.25
2011.08.05 06:57:44.109,1.38463,1.38497,1.35,1.35
2011.08.05 06:57:44.447,1.38463,1.38497,1.35,2.10
2011.08.05 06:57:44.998,1.38463,1.38497,1.35,1.35
2011.08.05 06:57:45.448,1.38463,1.38497,1.35,1.35
2011.08.05 06:57:46.588,1.38464,1.38497,1.35,1.35
2011.08.05 06:57:48.959,1.38462,1.38492,1.35,1.35
2011.08.05 06:57:49.192,1.38459,1.38492,1.35,1.35
2011.08.05 06:57:49.532,1.38458,1.38487,1.35,1.35
2011.08.05 06:57:49.757,1.38453,1.38487,1.35,1.35
2011.08.05 06:57:50.161,1.38453,1.38487,1.35,2.10
2011.08.05 06:57:50.509,1.3846,1.38484,1.35,1.50
2011.08.05 06:57:51.217,1.38462,1.38485,1.35,2.25
2011.08.05 06:57:52.729,1.38462,1.38484,1.35,1.13
2011.08.05 06:57:52.851,1.38467,1.38481,1.35,1.50
2011.08.05 06:57:52.973,1.38442,1.38482,2.25,1.50
2011.08.05 06:57:53.094,1.38458,1.3848,1.35,1.50
2011.08.05 06:57:54.200,1.3846,1.38479,1.35,1.13
2011.08.05 06:57:54.819,1.3846,1.38483,1.73,2.63
2011.08.05 06:57:55.158,1.38464,1.38483,1.35,1.13
2011.08.05 06:57:55.942,1.38465,1.38485,1.35,1.13
2011.08.05 06:57:56.569,1.38465,1.38485,1.35,1.13
2011.08.05 06:57:56.693,1.38443,1.38483,1.50,3.75
2011.08.05 06:57:57.188,1.38452,1.38486,1.50,2.25
2011.08.05 06:57:57.313,1.38451,1.38487,1.50,2.25
2011.08.05 06:57:57.432,1.38453,1.3849,1.50,2.63
2011.08.05 06:57:57.661,1.38461,1.38491,1.35,2.25
2011.08.05 06:57:58.352,1.38468,1.38487,1.35,1.50
2011.08.05 06:57:58.690,1.38456,1.38485,1.35,1.50
2011.08.05 06:57:58.812,1.38456,1.38485,1.35,1.50
2011.08.05 06:58:00.832,1.38456,1.38484,1.73,1.50
2011.08.05 06:58:01.898,1.38461,1.38485,1.35,1.50
2011.08.05 06:58:02.117,1.38461,1.38485,1.35,1.50
2011.08.05 06:58:02.299,1.38461,1.38485,1.35,1.50
2011.08.05 06:58:03.561,1.38461,1.38486,1.35,1.50
2011.08.05 06:58:04.048,1.38464,1.38486,1.35,1.50
2011.08.05 06:58:05.208,1.38464,1.38487,1.35,1.50
2011.08.05 06:58:05.547,1.3846,1.38482,1.35,2.25
2011.08.05 06:58:05.990,1.38457,1.38483,2.10,1.35
2011.08.05 06:58:06.779,1.38457,1.38481,1.35,1.50
2011.08.05 06:58:07.409,1.38458,1.38484,1.35,1.50
2011.08.05 06:58:07.733,1.38457,1.38481,1.35,1.50
2011.08.05 06:58:09.944,1.38458,1.38483,1.35,1.35
2011.08.05 06:58:10.497,1.38457,1.38483,1.35,3.60
2011.08.05 06:58:11.078,1.38457,1.38483,1.35,2.10
2011.08.05 06:58:11.200,1.3846,1.38483,1.73,1.35
2011.08.05 06:58:11.761,1.3846,1.38483,1.35,2.10
2011.08.05 06:58:11.878,1.38456,1.38483,2.10,2.10
2011.08.05 06:58:11.999,1.38456,1.38483,1.35,1.35
2011.08.05 06:58:12.120,1.38454,1.38483,2.10,1.35
2011.08.05 06:58:12.829,1.38454,1.38482,2.10,1.50
2011.08.05 06:58:14.289,1.38456,1.38484,1.35,1.35
2011.08.05 06:58:14.410,1.38458,1.38485,1.13,2.10
2011.08.05 06:58:15.831,1.38459,1.38485,1.35,1.35
2011.08.05 06:58:18.370,1.38458,1.38484,2.10,1.35
2011.08.05 06:58:18.944,1.38458,1.38484,1.35,1.35
2011.08.05 06:58:19.393,1.38461,1.38484,1.73,1.35
2011.08.05 06:58:19.512,1.38461,1.38484,1.73,2.10
2011.08.05 06:58:19.959,1.38461,1.38482,1.35,3.00
2011.08.05 06:58:20.189,1.38459,1.38481,1.35,1.13
2011.08.05 06:58:20.309,1.38459,1.38481,1.35,1.73
2011.08.05 06:58:20.869,1.38456,1.38481,1.50,1.73
2011.08.05 06:58:21.252,1.38455,1.3848,1.35,1.35
2011.08.05 06:58:22.722,1.38454,1.38479,1.35,2.85
2011.08.05 06:58:23.350,1.38455,1.38479,1.35,2.10
2011.08.05 06:58:23.581,1.38456,1.38479,2.10,2.10
2011.08.05 06:58:24.465,1.38456,1.38479,1.35,1.73
2011.08.05 06:58:24.693,1.38451,1.38477,1.35,2.10
2011.08.05 06:58:25.249,1.3845,1.38473,1.35,1.50
2011.08.05 06:58:26.099,1.3845,1.38475,1.35,2.85
2011.08.05 06:58:27.335,1.38448,1.38473,1.35,2.25
2011.08.05 06:58:27.778,1.3845,1.38473,1.35,2.25
2011.08.05 06:58:28.359,1.38451,1.38472,1.35,1.50
2011.08.05 06:58:29.010,1.38453,1.38474,1.35,1.35
2011.08.05 06:58:29.349,1.38457,1.38484,1.35,1.50
2011.08.05 06:58:29.468,1.38458,1.38486,1.35,2.48
2011.08.05 06:58:30.195,1.38455,1.38481,2.10,1.13
2011.08.05 06:58:30.979,1.38458,1.38483,1.35,2.25
2011.08.05 06:58:31.961,1.38455,1.38482,1.35,2.10
2011.08.05 06:58:32.083,1.38449,1.38473,1.73,1.13
2011.08.05 06:58:32.203,1.38452,1.38474,1.35,1.13
2011.08.05 06:58:32.431,1.38456,1.38481,1.35,1.50
2011.08.05 06:58:33.122,1.38456,1.38482,2.48,2.10
2011.08.05 06:58:33.238,1.38459,1.38482,1.35,2.10
2011.08.05 06:58:38.730,1.38459,1.38483,1.35,1.35
2011.08.05 06:58:39.290,1.38459,1.38481,1.35,1.35
2011.08.05 06:58:39.959,1.38459,1.3848,1.35,1.13
2011.08.05 06:58:40.192,1.38455,1.3848,1.35,1.13
2011.08.05 06:58:42.077,1.38455,1.38481,1.35,1.88
2011.08.05 06:58:43.329,1.38455,1.38481,1.35,1.50
2011.08.05 06:58:43.564,1.38455,1.38486,1.73,2.63
2011.08.05 06:58:43.683,1.38459,1.38486,1.73,2.63
2011.08.05 06:58:44.733,1.38459,1.38485,1.35,1.50
2011.08.05 06:58:44.851,1.38459,1.38482,1.35,1.50
2011.08.05 06:58:45.475,1.38459,1.38482,1.35,2.25
2011.08.05 06:58:46.797,1.38459,1.38479,1.35,1.13
2011.08.05 06:58:47.131,1.38459,1.38479,1.73,1.13
2011.08.05 06:58:47.471,1.38465,1.38485,1.73,1.50
2011.08.05 06:58:47.896,1.38465,1.38486,1.73,1.50
2011.08.05 06:58:48.380,1.38465,1.3849,1.73,1.13
2011.08.05 06:58:54.588,1.38467,1.38485,1.35,1.13
2011.08.05 06:58:55.697,1.38467,1.38485,1.35,1.88
2011.08.05 06:58:56.252,1.38464,1.38484,1.35,1.50
2011.08.05 06:58:57.319,1.38464,1.38484,1.35,1.50
2011.08.05 06:58:58.609,1.38464,1.38484,1.35,1.88
2011.08.05 06:58:59.057,1.38464,1.38483,1.35,1.50
2011.08.05 06:58:59.391,1.38461,1.38478,1.35,1.50
2011.08.05 06:59:00.723,1.38461,1.3848,1.35,1.13
2011.08.05 06:59:01.322,1.38461,1.38482,1.35,1.50
2011.08.05 06:59:01.444,1.38455,1.38481,1.50,1.50
2011.08.05 06:59:01.562,1.38454,1.38481,1.35,2.25
2011.08.05 06:59:01.679,1.38453,1.38476,1.35,1.13
2011.08.05 06:59:02.359,1.38453,1.3848,2.10,1.13
2011.08.05 06:59:02.700,1.38453,1.3848,1.35,1.13
2011.08.05 06:59:03.260,1.38453,1.3848,1.73,2.63
2011.08.05 06:59:03.952,1.3845,1.38477,1.35,4.13
2011.08.05 06:59:04.400,1.38453,1.38476,1.35,1.50
2011.08.05 06:59:04.739,1.38454,1.38477,1.35,1.88
2011.08.05 06:59:05.078,1.38461,1.38479,1.35,1.13
2011.08.05 06:59:05.200,1.38461,1.38485,1.35,2.25
2011.08.05 06:59:05.871,1.38464,1.38486,1.73,1.13
2011.08.05 06:59:05.989,1.38464,1.38488,1.73,2.63
2011.08.05 06:59:06.542,1.38469,1.38492,1.35,3.00
2011.08.05 06:59:07.099,1.38468,1.38492,1.35,3.00
2011.08.05 06:59:07.659,1.38469,1.38493,1.73,1.50
2011.08.05 06:59:07.889,1.38469,1.38491,1.35,1.50
2011.08.05 06:59:09.105,1.38467,1.38487,1.35,1.50
2011.08.05 06:59:09.218,1.38466,1.38487,1.35,1.50
2011.08.05 06:59:09.782,1.38466,1.38486,1.35,1.50
2011.08.05 06:59:09.900,1.3846,1.38486,2.10,1.50
2011.08.05 06:59:10.020,1.38457,1.38486,1.35,1.50
2011.08.05 06:59:10.581,1.38457,1.38493,1.73,3.00
2011.08.05 06:59:10.698,1.38463,1.38493,1.35,3.00
2011.08.05 06:59:11.040,1.38466,1.38493,1.35,1.50
2011.08.05 06:59:11.488,1.38469,1.38494,1.73,1.50
2011.08.05 06:59:12.012,1.38472,1.38502,1.35,2.25
2011.08.05 06:59:13.562,1.38476,1.38503,1.35,1.50
2011.08.05 06:59:13.682,1.38476,1.38505,1.35,1.50
2011.08.05 06:59:14.671,1.38476,1.38506,1.35,3.00
2011.08.05 06:59:15.442,1.38472,1.38503,1.35,1.50
2011.08.05 06:59:15.749,1.38472,1.38503,1.35,1.50
2011.08.05 06:59:16.091,1.38468,1.38489,1.73,1.50
2011.08.05 06:59:16.320,1.38468,1.3849,1.73,2.25
2011.08.05 06:59:17.251,1.38468,1.38494,1.73,2.25
2011.08.05 06:59:17.701,1.38468,1.38492,1.35,2.25
2011.08.05 06:59:25.349,1.38464,1.38491,1.35,3.00
2011.08.05 06:59:25.468,1.38464,1.38491,1.35,3.00
2011.08.05 06:59:25.879,1.38464,1.38491,1.73,2.25
2011.08.05 06:59:25.999,1.38466,1.38493,1.73,3.00
2011.08.05 06:59:26.339,1.3847,1.38494,1.35,1.13
2011.08.05 06:59:27.129,1.38475,1.38494,1.35,2.25
2011.08.05 06:59:27.690,1.38475,1.385,1.35,3.00
2011.08.05 06:59:29.146,1.38471,1.38497,1.35,2.25
2011.08.05 06:59:29.909,1.38471,1.38494,1.35,2.25
2011.08.05 06:59:31.391,1.38471,1.38496,1.73,2.25
2011.08.05 06:59:31.512,1.38473,1.38496,1.35,2.25
2011.08.05 06:59:31.634,1.38481,1.385,1.35,2.63
2011.08.05 06:59:32.361,1.38483,1.38505,1.35,2.25
2011.08.05 06:59:33.719,1.38483,1.38506,1.35,2.25
2011.08.05 06:59:36.186,1.38481,1.38502,1.73,1.13
2011.08.05 06:59:36.810,1.38481,1.38506,1.73,4.50
2011.08.05 06:59:37.371,1.38484,1.38502,1.35,1.50
2011.08.05 06:59:37.708,1.38479,1.38502,1.35,1.50
2011.08.05 06:59:37.938,1.38479,1.38502,1.35,1.50
2011.08.05 06:59:38.169,1.38479,1.38499,1.35,1.50
2011.08.05 06:59:38.510,1.38475,1.38493,1.35,1.13
2011.08.05 06:59:40.419,1.38476,1.38496,1.73,2.25
2011.08.05 06:59:40.653,1.38476,1.38497,2.48,2.25
2011.08.05 06:59:40.771,1.3848,1.38497,2.25,2.25
2011.08.05 06:59:41.110,1.38492,1.38515,1.73,2.25
2011.08.05 06:59:41.558,1.38496,1.38515,1.35,2.25
2011.08.05 06:59:41.897,1.38496,1.38517,1.35,1.50
2011.08.05 06:59:42.599,1.38496,1.38518,1.35,1.88
2011.08.05 06:59:43.380,1.38494,1.38519,1.73,1.50
2011.08.05 06:59:43.501,1.38495,1.38526,2.48,3.00
2011.08.05 06:59:43.622,1.38499,1.38532,1.35,1.50
2011.08.05 06:59:43.960,1.3851,1.38533,1.35,1.13
2011.08.05 06:59:44.627,1.3851,1.38536,1.35,3.00
2011.08.05 06:59:45.157,1.3851,1.38534,1.35,1.50
2011.08.05 06:59:46.319,1.3851,1.38534,1.73,1.50
2011.08.05 06:59:46.877,1.3851,1.38534,1.73,1.50
2011.08.05 06:59:46.989,1.38513,1.38534,1.13,1.50
2011.08.05 06:59:47.329,1.38515,1.3854,1.73,1.50
2011.08.05 06:59:47.448,1.38519,1.38541,1.13,2.25
2011.08.05 06:59:47.570,1.38519,1.38543,1.73,2.25
2011.08.05 06:59:47.694,1.38519,1.38543,1.73,2.25
2011.08.05 06:59:48.537,1.38519,1.38541,1.35,2.25
2011.08.05 06:59:48.661,1.38498,1.38521,1.35,3.00
2011.08.05 06:59:48.781,1.38493,1.38521,1.73,1.50
2011.08.05 06:59:48.901,1.38491,1.38501,1.35,4.50
2011.08.05 06:59:49.020,1.38483,1.38495,1.50,1.50
2011.08.05 06:59:49.141,1.38487,1.38507,1.35,2.25
2011.08.05 06:59:49.262,1.38487,1.38503,1.35,1.50
2011.08.05 06:59:49.599,1.38487,1.38503,1.35,1.50
2011.08.05 06:59:49.941,1.38487,1.38505,1.35,2.25
2011.08.05 06:59:50.169,1.38487,1.38505,1.35,2.25
2011.08.05 06:59:50.765,1.38489,1.38503,1.35,1.50
2011.08.05 06:59:50.893,1.385,1.38516,1.35,2.25
2011.08.05 06:59:51.452,1.385,1.38517,1.35,2.25
2011.08.05 06:59:51.678,1.385,1.38517,1.35,2.25
2011.08.05 06:59:51.910,1.38504,1.38524,1.35,1.50
2011.08.05 06:59:52.250,1.38512,1.38532,1.35,1.50
2011.08.05 06:59:52.480,1.38512,1.38534,1.35,1.50
2011.08.05 06:59:52.859,1.38505,1.38536,2.48,1.50
2011.08.05 06:59:53.395,1.38522,1.38543,1.35,1.50
2011.08.05 06:59:53.513,1.38509,1.38544,1.73,2.25
2011.08.05 06:59:53.852,1.38514,1.38542,1.35,2.25
2011.08.05 06:59:55.008,1.38504,1.38523,1.50,2.25
2011.08.05 06:59:55.134,1.38493,1.3852,1.35,2.25
2011.08.05 06:59:55.364,1.38491,1.38518,1.35,2.25
2011.08.05 06:59:55.480,1.38494,1.38518,1.35,2.25
2011.08.05 06:59:55.601,1.38498,1.38518,1.73,2.25
2011.08.05 06:59:55.719,1.38498,1.38518,1.73,2.25
2011.08.05 06:59:56.264,1.38509,1.38526,1.35,1.50
2011.08.05 06:59:56.601,1.38511,1.38529,1.73,3.00
2011.08.05 06:59:56.941,1.38507,1.38526,1.13,2.25
2011.08.05 06:59:57.061,1.38504,1.38522,1.13,1.50
2011.08.05 06:59:57.729,1.38496,1.38526,1.50,2.25
2011.08.05 06:59:57.850,1.38498,1.38528,1.50,1.50
2011.08.05 06:59:58.479,1.38522,1.38541,1.35,3.00
2011.08.05 06:59:59.039,1.38522,1.38544,1.35,1.13
2011.08.05 06:59:59.270,1.38521,1.38544,1.35,1.50
2011.08.05 06:59:59.797,1.38521,1.38545,1.35,1.50
