2011.06.17 09:00:00.011,1.39715,1.39752,1.26,2.25
2011.06.17 09:00:00.359,1.39696,1.39736,2.01,1.50
2011.06.17 09:00:00.469,1.39698,1.39736,1.26,1.50
2011.06.17 09:00:00.590,1.39708,1.39736,1.50,1.50
2011.06.17 09:00:00.711,1.39711,1.39737,1.50,1.50
2011.06.17 09:00:01.268,1.39709,1.39741,1.50,1.50
2011.06.17 09:00:01.598,1.39705,1.39742,2.01,1.50
2011.06.17 09:00:01.706,1.39705,1.39742,1.26,1.50
2011.06.17 09:00:02.255,1.39705,1.39738,1.26,1.50
2011.06.17 09:00:02.366,1.39706,1.39738,1.26,1.50
2011.06.17 09:00:03.037,1.39704,1.39735,1.50,1.50
2011.06.17 09:00:03.368,1.39701,1.39732,1.35,1.50
2011.06.17 09:00:03.918,1.39702,1.39735,1.11,1.50
2011.06.17 09:00:04.355,1.39703,1.39735,1.35,1.50
2011.06.17 09:00:05.736,1.39705,1.39735,1.35,1.50
2011.06.17 09:00:05.955,1.39705,1.39737,1.86,1.50
2011.06.17 09:00:06.727,1.39708,1.3974,1.35,1.50
2011.06.17 09:00:07.254,1.39711,1.39745,2.10,1.50
2011.06.17 09:00:07.373,1.39722,1.39742,1.58,1.50
2011.06.17 09:00:07.926,1.39722,1.39746,1.58,1.50
2011.06.17 09:00:09.426,1.39722,1.39747,2.33,1.50
2011.06.17 09:00:09.866,1.39725,1.3976,1.50,1.50
2011.06.17 09:00:09.977,1.39726,1.3976,1.50,1.50
2011.06.17 09:00:10.308,1.3973,1.39765,2.01,1.50
2011.06.17 09:00:10.807,1.3973,1.39757,2.01,1.50
2011.06.17 09:00:11.028,1.39725,1.39761,2.01,1.50
2011.06.17 09:00:11.589,1.39732,1.39765,1.35,2.25
2011.06.17 09:00:11.806,1.39733,1.39764,1.35,1.50
2011.06.17 09:00:12.797,1.3973,1.39762,1.26,1.50
2011.06.17 09:00:13.236,1.39721,1.39754,2.18,1.50
2011.06.17 09:00:13.457,1.39721,1.39754,2.93,1.50
2011.06.17 09:00:14.154,1.39721,1.39754,2.68,1.50
2011.06.17 09:00:15.685,1.39721,1.39754,3.43,1.50
2011.06.17 09:00:15.795,1.39721,1.39754,2.68,1.50
2011.06.17 09:00:16.625,1.39721,1.39754,2.68,1.50
2011.06.17 09:00:17.176,1.39721,1.39754,3.43,1.50
2011.06.17 09:00:17.506,1.39722,1.39752,2.93,1.50
2011.06.17 09:00:17.836,1.39722,1.39752,1.58,1.50
2011.06.17 09:00:18.166,1.39725,1.39751,1.58,1.50
2011.06.17 09:00:18.497,1.39716,1.39751,1.26,1.50
2011.06.17 09:00:18.607,1.39718,1.39751,1.99,1.50
2011.06.17 09:00:18.935,1.39722,1.39753,1.86,1.50
2011.06.17 09:00:21.606,1.39725,1.3976,1.11,1.50
2011.06.17 09:00:22.045,1.39725,1.3976,1.11,1.50
2011.06.17 09:00:22.156,1.39725,1.3976,1.11,1.50
2011.06.17 09:00:22.486,1.39731,1.39763,2.10,1.50
2011.06.17 09:00:22.816,1.39734,1.39769,1.50,2.25
2011.06.17 09:00:23.037,1.39734,1.39769,2.10,1.50
2011.06.17 09:00:23.148,1.39735,1.39768,2.18,1.13
2011.06.17 09:00:23.256,1.39735,1.39766,1.58,1.50
2011.06.17 09:00:23.978,1.39735,1.39764,1.58,1.35
2011.06.17 09:00:24.767,1.39733,1.39761,1.58,1.35
2011.06.17 09:00:26.986,1.39733,1.39761,3.15,1.35
2011.06.17 09:00:27.206,1.3973,1.3976,1.58,1.50
2011.06.17 09:00:27.583,1.3973,1.39759,1.58,1.50
2011.06.17 09:00:28.796,1.39731,1.39757,1.58,1.35
2011.06.17 09:00:29.676,1.39731,1.39756,1.58,1.50
2011.06.17 09:00:29.896,1.39729,1.39755,1.58,1.50
2011.06.17 09:00:30.006,1.39727,1.39755,1.58,2.25
2011.06.17 09:00:31.555,1.39727,1.39754,1.58,1.50
2011.06.17 09:00:31.786,1.39727,1.39754,1.58,1.50
2011.06.17 09:00:32.666,1.39727,1.39749,1.58,1.50
2011.06.17 09:00:32.996,1.39725,1.39749,1.58,2.25
2011.06.17 09:00:33.106,1.3972,1.39749,1.58,1.50
2011.06.17 09:00:33.216,1.3972,1.39749,2.18,1.50
2011.06.17 09:00:33.435,1.39725,1.39749,1.58,1.50
2011.06.17 09:00:33.985,1.39725,1.39751,1.58,1.35
2011.06.17 09:00:34.647,1.39725,1.39752,1.58,1.88
2011.06.17 09:00:35.130,1.39728,1.39756,1.58,1.35
2011.06.17 09:00:36.406,1.39728,1.39756,1.58,1.35
2011.06.17 09:00:37.445,1.39728,1.39754,1.58,2.25
2011.06.17 09:00:37.668,1.39723,1.39747,1.58,1.50
2011.06.17 09:00:37.778,1.39721,1.39749,1.11,1.50
2011.06.17 09:00:37.887,1.39725,1.3975,1.58,1.35
2011.06.17 09:00:39.817,1.39725,1.39746,1.58,1.50
2011.06.17 09:00:39.927,1.3972,1.39746,1.58,1.50
2011.06.17 09:00:40.035,1.3972,1.39746,1.58,1.50
2011.06.17 09:00:42.856,1.3972,1.39751,2.33,6.60
2011.06.17 09:00:42.966,1.39724,1.39751,1.35,2.10
2011.06.17 09:00:43.187,1.39722,1.3975,1.35,1.35
2011.06.17 09:00:43.517,1.39724,1.39747,1.58,1.35
2011.06.17 09:00:44.505,1.39724,1.39747,1.58,1.35
2011.06.17 09:00:45.212,1.39723,1.3975,1.58,1.35
2011.06.17 09:00:46.895,1.39722,1.3975,1.58,1.50
2011.06.17 09:00:47.593,1.39722,1.3975,1.58,1.50
2011.06.17 09:00:48.526,1.39722,1.3975,1.58,1.50
2011.06.17 09:00:48.637,1.3972,1.3975,2.18,1.50
2011.06.17 09:00:49.187,1.39719,1.39749,1.58,1.35
2011.06.17 09:00:49.296,1.39723,1.39749,1.58,1.35
2011.06.17 09:00:49.407,1.39719,1.39749,1.58,1.35
2011.06.17 09:00:49.515,1.39719,1.39749,1.58,1.35
2011.06.17 09:00:50.269,1.39715,1.39746,2.68,1.50
2011.06.17 09:00:50.387,1.39715,1.39746,2.18,1.50
2011.06.17 09:00:50.956,1.3972,1.39746,1.58,1.50
2011.06.17 09:00:51.075,1.39713,1.39747,1.11,1.50
2011.06.17 09:00:51.296,1.39714,1.39747,1.35,1.50
2011.06.17 09:00:51.845,1.39714,1.39747,1.35,1.50
2011.06.17 09:00:52.706,1.39714,1.39747,1.35,1.50
2011.06.17 09:00:52.926,1.39719,1.39751,1.26,1.50
2011.06.17 09:00:54.166,1.39719,1.39746,1.26,1.35
2011.06.17 09:00:54.497,1.39711,1.39741,1.58,1.50
2011.06.17 09:00:54.604,1.39707,1.39741,1.86,1.50
2011.06.17 09:00:54.715,1.39707,1.39733,1.26,1.35
2011.06.17 09:00:55.047,1.39699,1.39725,2.83,1.50
2011.06.17 09:00:55.266,1.39702,1.39732,1.58,2.85
2011.06.17 09:00:55.815,1.39702,1.3973,1.58,1.50
2011.06.17 09:00:56.256,1.39699,1.39724,1.58,1.50
2011.06.17 09:00:56.798,1.39693,1.39724,3.43,1.50
2011.06.17 09:00:57.237,1.39702,1.39722,1.13,1.35
2011.06.17 09:00:57.460,1.39715,1.39733,1.35,1.58
2011.06.17 09:00:57.577,1.39714,1.39739,2.93,1.50
2011.06.17 09:00:57.796,1.39714,1.39744,1.58,1.50
2011.06.17 09:00:58.675,1.39714,1.39736,1.58,1.50
2011.06.17 09:00:58.786,1.3971,1.39736,1.11,1.50
2011.06.17 09:00:59.115,1.39707,1.39734,1.58,1.35
2011.06.17 09:00:59.446,1.39705,1.39734,1.11,1.35
2011.06.17 09:00:59.775,1.39703,1.39729,1.11,1.50
2011.06.17 09:01:00.175,1.39703,1.39726,1.11,1.50
2011.06.17 09:01:00.287,1.39701,1.39726,1.26,1.50
2011.06.17 09:01:00.397,1.397,1.39728,1.26,1.50
2011.06.17 09:01:00.507,1.39701,1.39728,1.58,1.50
2011.06.17 09:01:00.615,1.39701,1.39729,1.58,1.50
2011.06.17 09:01:00.726,1.39701,1.39729,1.58,1.50
2011.06.17 09:01:01.385,1.39701,1.39729,2.33,1.50
2011.06.17 09:01:01.715,1.39701,1.39729,2.33,1.50
2011.06.17 09:01:02.321,1.39701,1.39729,2.83,1.50
2011.06.17 09:01:02.877,1.39703,1.3973,1.26,1.50
2011.06.17 09:01:03.097,1.39702,1.3973,1.26,1.50
2011.06.17 09:01:03.316,1.39703,1.39733,1.26,1.35
2011.06.17 09:01:04.112,1.39703,1.39733,1.26,1.35
2011.06.17 09:01:04.226,1.3971,1.39738,2.10,2.25
2011.06.17 09:01:05.576,1.39715,1.39743,2.10,1.88
2011.06.17 09:01:06.246,1.39712,1.39743,2.10,2.48
2011.06.17 09:01:06.796,1.39714,1.39746,1.11,1.50
2011.06.17 09:01:07.017,1.39715,1.39749,1.35,1.88
2011.06.17 09:01:07.237,1.39714,1.39749,1.11,1.88
2011.06.17 09:01:07.785,1.39714,1.39744,1.11,1.50
2011.06.17 09:01:09.425,1.39715,1.39744,1.35,1.50
2011.06.17 09:01:09.756,1.3972,1.39749,2.10,1.50
2011.06.17 09:01:11.329,1.39715,1.39744,2.10,1.35
2011.06.17 09:01:11.448,1.39715,1.39744,1.35,1.35
2011.06.17 09:01:19.466,1.39709,1.39737,1.86,1.35
2011.06.17 09:01:19.906,1.39709,1.39737,1.86,1.35
2011.06.17 09:01:20.597,1.39709,1.39737,1.86,1.35
2011.06.17 09:01:21.536,1.3971,1.39737,1.26,1.35
2011.06.17 09:01:21.646,1.3971,1.3974,1.86,1.50
2011.06.17 09:01:21.975,1.39713,1.39742,1.86,1.35
2011.06.17 09:01:22.197,1.39713,1.39742,1.86,1.35
2011.06.17 09:01:22.649,1.39717,1.39745,1.11,1.35
2011.06.17 09:01:23.087,1.39715,1.3974,1.26,1.35
2011.06.17 09:01:23.306,1.39717,1.39744,2.61,1.35
2011.06.17 09:01:23.640,1.39715,1.3974,1.26,1.35
2011.06.17 09:01:23.978,1.39721,1.39746,2.10,1.50
2011.06.17 09:01:24.087,1.39722,1.39746,2.18,1.50
2011.06.17 09:01:24.197,1.39722,1.39746,1.58,1.35
2011.06.17 09:01:27.177,1.39722,1.39746,1.58,1.35
2011.06.17 09:01:29.110,1.39725,1.39748,1.58,1.35
2011.06.17 09:01:29.230,1.39725,1.39748,1.58,1.35
2011.06.17 09:01:29.347,1.39729,1.39748,1.58,1.35
2011.06.17 09:01:29.795,1.39729,1.39748,1.58,1.35
2011.06.17 09:01:36.478,1.39729,1.39752,1.58,2.10
2011.06.17 09:01:36.590,1.39737,1.39755,1.58,1.50
2011.06.17 09:01:39.286,1.39737,1.39755,1.58,1.50
2011.06.17 09:01:39.886,1.39737,1.39757,1.58,2.10
2011.06.17 09:01:42.415,1.39737,1.39759,1.58,1.50
2011.06.17 09:01:42.637,1.39728,1.39753,1.26,1.35
2011.06.17 09:01:42.748,1.39723,1.39747,2.76,1.35
2011.06.17 09:01:42.859,1.39723,1.39746,1.26,1.35
2011.06.17 09:01:43.290,1.39722,1.3975,1.11,1.73
2011.06.17 09:01:43.404,1.39726,1.3975,2.08,1.13
2011.06.17 09:01:43.956,1.39724,1.39754,1.26,1.50
2011.06.17 09:01:44.286,1.39722,1.39754,3.43,1.50
2011.06.17 09:01:45.445,1.39722,1.39748,2.83,1.50
2011.06.17 09:01:45.665,1.39722,1.39752,2.83,2.10
2011.06.17 09:01:45.886,1.39722,1.39752,4.18,1.50
2011.06.17 09:01:46.435,1.39725,1.39752,1.58,1.50
2011.06.17 09:01:46.878,1.39722,1.39753,2.18,1.50
2011.06.17 09:01:47.206,1.39724,1.39753,1.58,1.50
2011.06.17 09:01:48.326,1.3972,1.39753,2.93,1.50
2011.06.17 09:01:50.247,1.39722,1.39753,2.93,1.50
2011.06.17 09:01:51.035,1.39727,1.39755,2.10,1.50
2011.06.17 09:01:51.636,1.3973,1.39755,2.18,1.50
2011.06.17 09:01:53.505,1.39735,1.39755,1.58,1.50
2011.06.17 09:01:53.726,1.39729,1.39757,1.35,1.35
2011.06.17 09:01:55.376,1.39727,1.39757,2.85,1.35
2011.06.17 09:01:55.967,1.39728,1.39757,1.35,1.35
2011.06.17 09:01:56.188,1.39727,1.39757,2.10,1.35
2011.06.17 09:01:56.517,1.39727,1.39755,2.10,1.50
2011.06.17 09:01:57.276,1.39732,1.39758,1.58,1.50
2011.06.17 09:01:57.826,1.39732,1.39759,1.58,1.50
2011.06.17 09:01:58.515,1.39732,1.39756,1.58,1.50
2011.06.17 09:01:59.107,1.39732,1.39756,1.58,1.50
2011.06.17 09:02:01.218,1.39732,1.39756,1.58,1.50
2011.06.17 09:02:01.439,1.39732,1.39758,1.58,1.50
2011.06.17 09:02:01.667,1.39729,1.39755,1.58,1.50
2011.06.17 09:02:01.779,1.39726,1.39753,1.58,1.35
2011.06.17 09:02:02.561,1.39726,1.39755,1.58,1.50
2011.06.17 09:02:02.685,1.3973,1.39755,1.58,1.50
2011.06.17 09:02:03.235,1.3973,1.39758,1.58,1.50
2011.06.17 09:02:03.569,1.39734,1.39758,1.58,1.50
2011.06.17 09:02:03.798,1.39734,1.39759,1.58,1.50
2011.06.17 09:02:04.018,1.39736,1.39761,1.58,1.50
2011.06.17 09:02:04.127,1.39736,1.39761,1.58,1.50
2011.06.17 09:02:07.532,1.39734,1.39764,1.58,3.00
2011.06.17 09:02:07.648,1.39737,1.39764,1.58,3.00
2011.06.17 09:02:07.976,1.39733,1.39764,1.58,3.00
2011.06.17 09:02:08.354,1.39737,1.39764,1.58,3.00
2011.06.17 09:02:11.497,1.39734,1.39764,1.58,2.25
2011.06.17 09:02:11.865,1.39736,1.39764,1.58,2.25
2011.06.17 09:02:12.529,1.39734,1.39764,1.58,2.25
2011.06.17 09:02:12.866,1.39735,1.39762,1.58,1.35
2011.06.17 09:02:12.975,1.39733,1.39762,1.58,1.35
2011.06.17 09:02:13.806,1.39736,1.39762,1.58,1.35
2011.06.17 09:02:16.502,1.39735,1.39762,1.58,1.35
2011.06.17 09:02:16.616,1.39728,1.39762,1.26,1.35
2011.06.17 09:02:16.727,1.39726,1.39756,2.01,1.35
2011.06.17 09:02:16.837,1.39726,1.39756,2.83,1.35
2011.06.17 09:02:17.057,1.39726,1.39756,1.26,1.35
2011.06.17 09:02:17.275,1.39726,1.39756,2.01,1.35
2011.06.17 09:02:18.626,1.39726,1.39759,1.86,1.50
2011.06.17 09:02:19.178,1.39726,1.39759,1.86,1.50
2011.06.17 09:02:19.287,1.39726,1.39759,1.11,1.50
2011.06.17 09:02:19.877,1.39736,1.39759,1.58,1.50
2011.06.17 09:02:19.988,1.39736,1.39759,1.58,1.50
2011.06.17 09:02:20.425,1.39733,1.39759,3.15,1.50
2011.06.17 09:02:20.756,1.39733,1.39759,1.58,1.50
2011.06.17 09:02:22.578,1.3973,1.39759,1.13,1.50
2011.06.17 09:02:22.686,1.3973,1.39762,1.13,1.50
2011.06.17 09:02:22.797,1.3974,1.39762,1.58,1.50
2011.06.17 09:02:23.126,1.39738,1.39762,1.58,1.50
2011.06.17 09:02:23.580,1.39738,1.39765,1.58,1.50
2011.06.17 09:02:23.698,1.3974,1.39765,1.58,1.50
2011.06.17 09:02:24.030,1.3974,1.39765,1.58,1.50
2011.06.17 09:02:24.367,1.39731,1.39762,2.10,1.35
2011.06.17 09:02:24.588,1.39731,1.39757,3.75,1.35
2011.06.17 09:02:24.915,1.39735,1.3976,1.58,1.50
2011.06.17 09:02:25.027,1.39731,1.3976,1.58,1.50
2011.06.17 09:02:25.137,1.39733,1.3976,1.58,1.50
2011.06.17 09:02:25.465,1.3973,1.3976,1.58,2.10
2011.06.17 09:02:25.577,1.39733,1.3976,1.58,2.10
2011.06.17 09:02:26.116,1.3973,1.3976,1.58,2.10
2011.06.17 09:02:26.228,1.39732,1.3976,1.58,2.10
2011.06.17 09:02:27.517,1.39732,1.3976,1.35,1.50
2011.06.17 09:02:27.736,1.39731,1.3976,1.35,1.50
2011.06.17 09:02:28.286,1.39732,1.39762,1.35,1.50
2011.06.17 09:02:28.976,1.39739,1.39762,1.58,1.50
2011.06.17 09:02:29.805,1.39739,1.39763,1.58,1.35
2011.06.17 09:02:31.297,1.39739,1.39763,1.58,1.35
2011.06.17 09:02:31.407,1.39734,1.39763,1.35,1.35
2011.06.17 09:02:31.735,1.39732,1.39763,1.86,1.35
2011.06.17 09:02:33.256,1.39737,1.39763,3.68,1.50
2011.06.17 09:02:33.837,1.39737,1.39761,1.58,1.35
2011.06.17 09:02:34.057,1.39732,1.39761,2.85,1.35
2011.06.17 09:02:34.636,1.39732,1.39761,2.10,1.35
2011.06.17 09:02:34.959,1.39729,1.39755,1.35,1.35
2011.06.17 09:02:35.077,1.39733,1.39753,1.58,1.35
2011.06.17 09:02:35.405,1.39728,1.39751,1.95,1.35
2011.06.17 09:02:35.846,1.39726,1.39749,2.18,1.50
2011.06.17 09:02:37.237,1.39726,1.39749,1.58,2.10
2011.06.17 09:02:37.786,1.39725,1.39749,1.58,2.10
2011.06.17 09:02:37.896,1.39725,1.39749,1.58,2.10
2011.06.17 09:02:38.558,1.39721,1.39739,1.58,1.35
2011.06.17 09:02:38.669,1.39718,1.39739,1.58,1.35
2011.06.17 09:02:39.255,1.39717,1.39739,2.18,1.50
2011.06.17 09:02:39.915,1.39717,1.39739,2.18,1.50
2011.06.17 09:02:40.136,1.39717,1.39739,2.18,1.50
2011.06.17 09:02:42.227,1.39718,1.39742,1.58,1.50
2011.06.17 09:02:42.337,1.39718,1.39742,1.58,1.50
2011.06.17 09:02:42.776,1.39716,1.3974,1.58,1.35
2011.06.17 09:02:42.998,1.39717,1.39735,1.58,2.10
2011.06.17 09:02:43.216,1.39711,1.39735,2.33,2.85
2011.06.17 09:02:43.768,1.39703,1.39726,2.01,1.35
2011.06.17 09:02:43.876,1.39703,1.3973,1.86,5.10
2011.06.17 09:02:44.097,1.39705,1.3973,1.58,1.35
2011.06.17 09:02:44.316,1.39705,1.3973,2.18,1.50
2011.06.17 09:02:45.571,1.39703,1.3973,2.10,1.50
2011.06.17 09:02:45.690,1.39699,1.39726,1.11,1.35
2011.06.17 09:02:45.810,1.39702,1.3973,2.18,1.50
2011.06.17 09:02:45.928,1.39707,1.39732,1.58,2.10
2011.06.17 09:02:46.256,1.3971,1.39737,2.18,2.10
2011.06.17 09:02:46.367,1.3971,1.39737,2.18,1.35
2011.06.17 09:02:47.467,1.39718,1.39738,1.58,1.50
2011.06.17 09:02:47.579,1.39718,1.39738,1.58,1.50
2011.06.17 09:02:47.696,1.39718,1.39738,1.58,1.50
2011.06.17 09:02:48.027,1.39719,1.39744,1.58,1.35
2011.06.17 09:02:48.577,1.39723,1.39748,2.10,2.25
2011.06.17 09:02:48.689,1.39724,1.39747,1.58,1.35
2011.06.17 09:02:48.795,1.39724,1.39747,1.58,1.35
2011.06.17 09:02:49.236,1.39718,1.39752,1.11,1.50
2011.06.17 09:02:49.345,1.3972,1.39752,1.35,1.50
2011.06.17 09:02:49.953,1.39721,1.39748,1.35,1.50
2011.06.17 09:02:50.286,1.39718,1.39744,2.68,1.50
2011.06.17 09:02:50.616,1.39718,1.39741,2.08,1.35
2011.06.17 09:02:51.497,1.39716,1.39741,3.66,1.35
2011.06.17 09:02:51.718,1.39713,1.39739,3.43,1.35
2011.06.17 09:02:52.046,1.39711,1.39739,1.35,1.35
2011.06.17 09:02:52.267,1.39709,1.3974,1.58,2.10
2011.06.17 09:02:54.705,1.39709,1.3974,1.58,2.10
2011.06.17 09:02:54.926,1.39708,1.3974,1.26,2.10
2011.06.17 09:02:56.026,1.39713,1.39743,1.35,1.50
2011.06.17 09:02:56.356,1.39713,1.39743,1.35,1.50
2011.06.17 09:02:57.516,1.39717,1.39743,2.10,1.50
2011.06.17 09:02:58.285,1.39717,1.39743,2.10,1.50
2011.06.17 09:02:59.128,1.39728,1.39748,2.10,1.50
2011.06.17 09:02:59.350,1.39723,1.39747,2.08,1.35
2011.06.17 09:02:59.577,1.3972,1.39747,1.11,1.35
2011.06.17 09:02:59.796,1.3972,1.39747,1.86,1.35
2011.06.17 09:03:01.026,1.39727,1.39755,2.10,2.10
2011.06.17 09:03:01.400,1.39727,1.39755,2.10,1.35
2011.06.17 09:03:01.525,1.39732,1.3976,2.10,1.50
2011.06.17 09:03:01.750,1.39729,1.39759,1.11,1.35
2011.06.17 09:03:01.866,1.39729,1.39759,1.86,1.35
2011.06.17 09:03:02.198,1.39729,1.39759,1.86,1.35
2011.06.17 09:03:04.015,1.39729,1.39759,1.11,1.35
2011.06.17 09:03:04.927,1.39722,1.39747,2.61,1.35
2011.06.17 09:03:05.148,1.39718,1.39753,2.61,1.50
2011.06.17 09:03:05.952,1.39718,1.39754,1.86,3.23
2011.06.17 09:03:06.616,1.39718,1.39753,1.86,1.13
2011.06.17 09:03:07.529,1.39721,1.39754,3.21,2.10
2011.06.17 09:03:07.649,1.39726,1.39754,1.58,1.35
2011.06.17 09:03:07.985,1.39726,1.39754,1.58,1.35
2011.06.17 09:03:08.316,1.39729,1.39754,1.58,1.35
2011.06.17 09:03:09.746,1.39733,1.39754,1.58,1.35
2011.06.17 09:03:09.857,1.39726,1.39754,2.33,1.35
2011.06.17 09:03:09.968,1.39728,1.39754,1.58,1.35
2011.06.17 09:03:10.477,1.39728,1.39754,1.58,1.35
2011.06.17 09:03:10.810,1.39727,1.39755,1.35,1.50
2011.06.17 09:03:11.478,1.39729,1.39753,1.58,1.35
2011.06.17 09:03:12.139,1.39728,1.39753,3.15,1.35
2011.06.17 09:03:12.475,1.39728,1.39753,1.58,1.35
2011.06.17 09:03:16.436,1.39734,1.39753,1.58,1.35
2011.06.17 09:03:16.655,1.39736,1.39756,1.58,1.50
2011.06.17 09:03:16.876,1.39724,1.39756,2.33,1.50
2011.06.17 09:03:17.095,1.39724,1.39756,2.83,1.50
2011.06.17 09:03:18.712,1.39724,1.39756,2.08,1.50
2011.06.17 09:03:19.575,1.39724,1.39756,2.08,1.50
2011.06.17 09:03:20.712,1.39725,1.39756,1.26,1.50
2011.06.17 09:03:21.317,1.39724,1.39756,2.83,1.50
2011.06.17 09:03:22.746,1.39728,1.39756,2.33,1.50
2011.06.17 09:03:23.187,1.39738,1.39766,1.58,2.25
2011.06.17 09:03:23.296,1.39731,1.39766,1.35,2.25
2011.06.17 09:03:23.518,1.39727,1.39758,1.26,1.50
2011.06.17 09:03:23.957,1.39743,1.39757,1.58,1.35
2011.06.17 09:03:24.177,1.3974,1.39759,1.58,1.50
2011.06.17 09:03:24.287,1.39736,1.39763,1.58,1.50
2011.06.17 09:03:24.865,1.39736,1.39763,1.58,2.25
2011.06.17 09:03:25.365,1.39736,1.39763,1.58,2.25
2011.06.17 09:03:26.396,1.39736,1.39763,1.58,2.25
2011.06.17 09:03:26.506,1.39731,1.39763,1.13,2.25
2011.06.17 09:03:26.727,1.39735,1.39763,1.58,1.50
2011.06.17 09:03:27.056,1.39729,1.39763,1.13,1.50
2011.06.17 09:03:27.166,1.39731,1.39763,1.13,1.50
2011.06.17 09:03:27.277,1.39734,1.39763,1.58,1.50
2011.06.17 09:03:27.497,1.39732,1.39763,1.58,1.50
2011.06.17 09:03:27.607,1.39732,1.39759,1.58,1.50
2011.06.17 09:03:28.586,1.39727,1.3976,2.18,1.50
2011.06.17 09:03:28.697,1.39727,1.39759,1.58,1.35
2011.06.17 09:03:29.084,1.39727,1.39759,2.18,1.50
2011.06.17 09:03:29.407,1.39741,1.39765,1.58,1.35
2011.06.17 09:03:29.740,1.39739,1.39766,2.18,1.50
2011.06.17 09:03:29.857,1.39746,1.39771,1.58,1.50
2011.06.17 09:03:29.966,1.39739,1.39771,2.18,1.50
2011.06.17 09:03:31.739,1.39739,1.3977,2.18,3.00
2011.06.17 09:03:32.735,1.39739,1.3977,2.18,3.00
2011.06.17 09:03:33.382,1.39739,1.39767,1.58,1.50
2011.06.17 09:03:33.716,1.39745,1.39767,1.58,1.50
2011.06.17 09:03:33.827,1.39745,1.39767,2.18,1.50
2011.06.17 09:03:34.047,1.39753,1.39771,1.58,1.50
2011.06.17 09:03:34.860,1.39758,1.39777,1.58,2.10
2011.06.17 09:03:34.984,1.39761,1.39777,1.58,1.50
2011.06.17 09:03:36.519,1.39758,1.39783,2.10,1.50
2011.06.17 09:03:36.747,1.39758,1.39788,2.61,2.10
2011.06.17 09:03:39.157,1.39757,1.39787,1.11,1.35
2011.06.17 09:03:39.487,1.39756,1.39791,1.86,1.35
2011.06.17 09:03:40.085,1.39757,1.39792,1.11,2.25
2011.06.17 09:03:40.589,1.3976,1.39791,1.11,1.50
2011.06.17 09:03:40.817,1.39763,1.39795,1.26,1.35
2011.06.17 09:03:43.067,1.39769,1.39796,2.10,2.10
2011.06.17 09:03:43.396,1.39769,1.39796,2.10,1.35
2011.06.17 09:03:44.276,1.39769,1.39802,2.10,1.50
2011.06.17 09:03:44.387,1.39773,1.39802,1.73,1.50
2011.06.17 09:03:44.498,1.39776,1.39806,1.35,1.50
2011.06.17 09:03:44.606,1.39776,1.39806,1.35,1.50
2011.06.17 09:03:44.827,1.39774,1.39809,1.11,2.25
2011.06.17 09:03:45.157,1.3977,1.39805,1.11,1.50
2011.06.17 09:03:45.376,1.3977,1.39806,1.86,1.50
2011.06.17 09:03:46.035,1.3977,1.39805,1.11,2.25
2011.06.17 09:03:46.145,1.39769,1.39804,1.26,1.35
2011.06.17 09:03:46.257,1.3977,1.39805,1.11,1.50
2011.06.17 09:03:46.585,1.3977,1.39806,1.11,2.25
2011.06.17 09:03:47.499,1.39778,1.39806,2.10,1.50
2011.06.17 09:03:47.729,1.39777,1.39804,1.35,1.35
2011.06.17 09:03:47.847,1.39777,1.39804,1.35,1.35
2011.06.17 09:03:47.957,1.39774,1.39804,2.48,1.35
2011.06.17 09:03:48.397,1.39774,1.39804,2.48,1.35
2011.06.17 09:03:48.947,1.39774,1.39804,2.10,1.35
2011.06.17 09:03:49.055,1.39774,1.39804,2.10,1.35
2011.06.17 09:03:49.527,1.39774,1.39805,1.35,1.50
2011.06.17 09:03:50.075,1.39772,1.39805,1.35,1.50
2011.06.17 09:03:50.957,1.39773,1.39806,1.11,1.50
2011.06.17 09:03:51.066,1.39774,1.39806,1.35,1.50
2011.06.17 09:03:51.400,1.39777,1.3981,1.35,2.25
2011.06.17 09:03:51.735,1.39774,1.3981,3.60,1.50
2011.06.17 09:03:52.226,1.3978,1.3981,2.10,2.10
2011.06.17 09:03:53.026,1.39781,1.3981,2.10,1.50
2011.06.17 09:03:56.566,1.3978,1.39807,2.10,1.35
2011.06.17 09:03:58.475,1.39785,1.3981,2.10,1.50
2011.06.17 09:04:03.805,1.39781,1.39808,2.10,1.35
2011.06.17 09:04:04.365,1.39781,1.39808,2.10,1.35
2011.06.17 09:04:05.635,1.39783,1.3981,2.10,2.10
2011.06.17 09:04:05.748,1.3978,1.39804,1.58,1.35
2011.06.17 09:04:06.737,1.39777,1.39806,1.58,2.10
2011.06.17 09:04:07.272,1.39771,1.39799,2.18,1.50
2011.06.17 09:04:07.380,1.39771,1.39799,2.18,1.50
2011.06.17 09:04:07.750,1.39775,1.39799,1.58,1.50
2011.06.17 09:04:09.478,1.39771,1.39799,1.58,1.50
2011.06.17 09:04:09.588,1.39773,1.398,1.58,2.48
2011.06.17 09:04:09.919,1.39778,1.39801,1.58,1.50
2011.06.17 09:04:10.469,1.39781,1.39806,1.58,1.88
2011.06.17 09:04:11.030,1.39781,1.39806,1.58,1.50
2011.06.17 09:04:12.576,1.39782,1.39809,1.58,2.25
2011.06.17 09:04:13.249,1.39772,1.398,2.33,1.50
2011.06.17 09:04:13.358,1.39769,1.39803,1.35,1.50
2011.06.17 09:04:13.577,1.39778,1.39804,1.58,1.50
2011.06.17 09:04:14.126,1.39778,1.39806,1.58,1.88
2011.06.17 09:04:14.707,1.39778,1.39807,1.58,1.88
2011.06.17 09:04:16.267,1.39785,1.39806,1.58,1.35
2011.06.17 09:04:16.596,1.39777,1.39806,2.10,1.35
2011.06.17 09:04:16.816,1.39774,1.398,1.11,1.35
2011.06.17 09:04:17.145,1.39778,1.39808,2.18,1.35
2011.06.17 09:04:17.695,1.39778,1.39808,2.18,1.35
2011.06.17 09:04:18.487,1.39783,1.39808,1.58,1.35
2011.06.17 09:04:18.596,1.39783,1.39808,2.18,1.13
2011.06.17 09:04:18.928,1.39781,1.39805,1.58,1.35
2011.06.17 09:04:19.039,1.39779,1.39805,1.86,1.35
2011.06.17 09:04:19.147,1.39782,1.39809,2.10,1.35
2011.06.17 09:04:19.812,1.39785,1.39814,1.11,1.35
2011.06.17 09:04:19.933,1.39787,1.39813,2.10,1.50
2011.06.17 09:04:20.051,1.39787,1.39813,2.10,1.50
2011.06.17 09:04:20.168,1.39785,1.3981,1.11,1.35
2011.06.17 09:04:20.386,1.39784,1.39814,2.10,1.35
2011.06.17 09:04:21.387,1.39784,1.39813,2.10,1.50
2011.06.17 09:04:21.715,1.3978,1.39808,2.10,1.35
2011.06.17 09:04:23.270,1.39784,1.39807,1.58,1.50
2011.06.17 09:04:23.390,1.39776,1.39799,1.58,1.35
2011.06.17 09:04:23.508,1.39772,1.39798,1.35,1.50
2011.06.17 09:04:23.620,1.39768,1.39794,2.18,1.35
2011.06.17 09:04:24.177,1.39768,1.39794,2.18,1.35
2011.06.17 09:04:24.832,1.39783,1.39797,2.18,1.50
2011.06.17 09:04:25.058,1.39781,1.39803,1.58,1.35
2011.06.17 09:04:25.167,1.39781,1.3981,2.18,2.85
2011.06.17 09:04:25.500,1.39801,1.39811,1.58,1.50
2011.06.17 09:04:25.618,1.3979,1.39815,2.48,1.50
2011.06.17 09:04:26.165,1.3979,1.39818,2.48,1.35
2011.06.17 09:04:27.216,1.3979,1.39818,2.10,1.35
2011.06.17 09:04:27.437,1.3979,1.39818,2.10,1.35
2011.06.17 09:04:27.657,1.39793,1.39819,2.10,1.50
2011.06.17 09:04:27.766,1.39793,1.39819,2.10,1.50
2011.06.17 09:04:28.541,1.39789,1.39816,2.93,1.35
2011.06.17 09:04:28.663,1.39789,1.39816,1.35,1.35
2011.06.17 09:04:29.106,1.3979,1.39818,2.10,1.50
2011.06.17 09:04:29.326,1.3979,1.39818,2.10,1.50
2011.06.17 09:04:29.437,1.3979,1.39818,2.10,1.50
2011.06.17 09:04:29.988,1.3979,1.39818,2.10,1.50
2011.06.17 09:04:30.408,1.39787,1.39816,2.10,1.35
2011.06.17 09:04:31.438,1.39787,1.39814,2.10,1.50
2011.06.17 09:04:34.378,1.39792,1.39814,1.58,1.50
2011.06.17 09:04:34.706,1.39793,1.3982,2.10,1.50
2011.06.17 09:04:34.816,1.39793,1.3982,2.10,1.50
2011.06.17 09:04:35.266,1.39795,1.39817,1.58,1.35
2011.06.17 09:04:38.037,1.39795,1.39817,1.58,1.35
2011.06.17 09:04:40.258,1.39795,1.39817,1.58,1.35
2011.06.17 09:04:40.366,1.39796,1.3982,2.10,1.50
2011.06.17 09:04:40.587,1.39798,1.39822,2.18,1.50
2011.06.17 09:04:40.700,1.39799,1.39827,2.10,1.35
2011.06.17 09:04:41.039,1.39798,1.3982,2.08,1.35
2011.06.17 09:04:41.378,1.39798,1.39818,1.58,1.13
2011.06.17 09:04:41.597,1.39791,1.39818,2.68,1.13
2011.06.17 09:04:42.176,1.39791,1.39817,2.68,1.35
2011.06.17 09:04:44.561,1.39795,1.39825,2.10,1.35
2011.06.17 09:04:44.900,1.39804,1.39827,2.10,1.50
2011.06.17 09:04:45.349,1.39804,1.39834,2.10,2.25
2011.06.17 09:04:45.466,1.39801,1.39832,2.10,1.35
2011.06.17 09:04:47.277,1.39805,1.39826,1.58,1.35
2011.06.17 09:04:47.907,1.39801,1.39823,1.11,1.50
2011.06.17 09:04:48.128,1.39788,1.39809,2.33,1.35
2011.06.17 09:04:48.503,1.39788,1.39802,2.33,2.10
2011.06.17 09:04:48.762,1.39781,1.3981,1.35,1.88
2011.06.17 09:04:49.320,1.39786,1.39815,2.85,1.50
2011.06.17 09:04:49.549,1.39793,1.3982,1.11,1.13
2011.06.17 09:04:49.669,1.39801,1.39825,1.35,1.88
2011.06.17 09:04:49.900,1.39801,1.39822,1.58,1.35
2011.06.17 09:04:50.897,1.39798,1.39821,1.58,1.35
2011.06.17 09:04:51.117,1.39798,1.39819,1.58,1.13
2011.06.17 09:04:51.226,1.39796,1.39819,1.58,1.13
2011.06.17 09:04:51.337,1.39794,1.39819,1.58,1.13
2011.06.17 09:04:51.909,1.39794,1.39818,2.33,1.50
2011.06.17 09:04:52.021,1.39793,1.39813,1.26,1.13
2011.06.17 09:04:52.142,1.39789,1.39811,1.58,1.88
2011.06.17 09:04:52.259,1.39785,1.39807,2.33,1.35
2011.06.17 09:04:52.378,1.39779,1.39799,2.33,1.13
2011.06.17 09:04:52.708,1.39779,1.39804,1.50,1.50
2011.06.17 09:04:53.258,1.39777,1.39806,2.33,1.13
2011.06.17 09:04:54.377,1.39777,1.39795,2.33,1.50
2011.06.17 09:04:54.712,1.39754,1.39775,1.35,1.13
2011.06.17 09:04:54.829,1.39754,1.39781,2.10,1.50
2011.06.17 09:04:54.951,1.39759,1.39784,1.35,1.50
2011.06.17 09:04:55.070,1.39761,1.39792,1.26,2.48
2011.06.17 09:04:55.530,1.39761,1.39794,1.86,2.63
2011.06.17 09:04:56.056,1.39761,1.39793,1.86,1.50
2011.06.17 09:04:56.606,1.39761,1.39792,1.86,1.13
2011.06.17 09:04:57.076,1.39761,1.39791,1.26,1.88
2011.06.17 09:04:57.187,1.39761,1.3979,1.26,1.13
2011.06.17 09:04:57.738,1.39762,1.39789,1.35,1.88
2011.06.17 09:04:57.846,1.39762,1.39789,1.35,1.50
2011.06.17 09:04:58.287,1.39762,1.39794,1.35,1.50
2011.06.17 09:04:58.808,1.3976,1.39792,1.26,1.73
2011.06.17 09:04:59.576,1.3976,1.39792,1.26,1.73
2011.06.17 09:05:00.017,1.39769,1.39792,2.10,1.13
2011.06.17 09:05:00.347,1.39772,1.39799,1.35,1.35
2011.06.17 09:05:00.852,1.39774,1.398,1.35,1.35
2011.06.17 09:05:01.079,1.39774,1.398,1.35,1.35
2011.06.17 09:05:01.637,1.39774,1.39802,1.35,1.35
2011.06.17 09:05:01.859,1.39774,1.398,2.93,1.35
2011.06.17 09:05:02.185,1.39774,1.398,2.93,1.35
2011.06.17 09:05:02.735,1.39774,1.39802,2.33,2.10
2011.06.17 09:05:03.310,1.39782,1.39808,2.33,1.50
2011.06.17 09:05:03.539,1.39777,1.39805,2.33,1.35
2011.06.17 09:05:03.648,1.39777,1.39804,2.33,2.10
2011.06.17 09:05:03.976,1.3977,1.39802,1.13,2.85
2011.06.17 09:05:04.306,1.3977,1.398,1.13,1.50
2011.06.17 09:05:04.966,1.39768,1.39798,1.35,1.13
2011.06.17 09:05:05.077,1.39767,1.39792,2.08,3.60
2011.06.17 09:05:05.298,1.39763,1.3979,2.93,1.35
2011.06.17 09:05:05.971,1.39759,1.39781,1.58,1.35
2011.06.17 09:05:06.087,1.39755,1.3978,2.33,1.35
2011.06.17 09:05:06.637,1.39757,1.39781,2.93,1.50
2011.06.17 09:05:06.747,1.39759,1.39783,2.33,1.50
2011.06.17 09:05:07.295,1.39759,1.39784,2.33,2.10
2011.06.17 09:05:08.237,1.39759,1.39784,2.33,1.35
2011.06.17 09:05:08.566,1.39763,1.39789,1.35,1.13
2011.06.17 09:05:09.115,1.39763,1.3979,1.35,1.13
2011.06.17 09:05:09.448,1.3976,1.39782,1.58,1.35
2011.06.17 09:05:09.776,1.39759,1.39786,1.35,2.10
2011.06.17 09:05:10.377,1.39763,1.39787,1.35,1.13
2011.06.17 09:05:10.897,1.39761,1.39786,2.33,1.35
2011.06.17 09:05:11.229,1.3977,1.39796,2.18,2.10
2011.06.17 09:05:11.566,1.39775,1.39801,2.93,1.50
2011.06.17 09:05:11.785,1.39775,1.39802,2.93,2.10
2011.06.17 09:05:12.337,1.39775,1.39801,2.93,1.50
2011.06.17 09:05:12.558,1.39772,1.39795,1.58,1.35
2011.06.17 09:05:13.149,1.39768,1.39794,2.33,1.35
2011.06.17 09:05:14.226,1.39765,1.3979,2.33,1.35
2011.06.17 09:05:14.666,1.39759,1.39789,2.33,2.48
2011.06.17 09:05:15.255,1.39759,1.39787,2.33,1.50
2011.06.17 09:05:17.138,1.39766,1.39787,1.58,1.50
2011.06.17 09:05:17.469,1.3978,1.39799,2.33,1.50
2011.06.17 09:05:17.588,1.3977,1.39804,1.35,2.85
2011.06.17 09:05:17.697,1.3977,1.39804,1.35,3.60
2011.06.17 09:05:17.921,1.3978,1.39805,2.33,1.50
2011.06.17 09:05:18.257,1.39777,1.39807,2.33,1.50
2011.06.17 09:05:18.697,1.39769,1.39804,1.50,1.50
2011.06.17 09:05:19.026,1.39768,1.39804,1.26,2.10
2011.06.17 09:05:19.358,1.39769,1.398,2.33,1.50
2011.06.17 09:05:19.686,1.39774,1.398,2.33,1.35
2011.06.17 09:05:20.378,1.39775,1.39803,2.33,1.50
2011.06.17 09:05:20.487,1.39778,1.39803,2.33,1.50
2011.06.17 09:05:21.037,1.39775,1.39803,2.33,2.25
2011.06.17 09:05:21.587,1.39777,1.39803,2.33,1.50
2011.06.17 09:05:21.699,1.39778,1.39805,2.33,2.10
2011.06.17 09:05:21.819,1.39781,1.39805,2.33,1.35
2011.06.17 09:05:23.487,1.39781,1.39811,2.33,2.10
2011.06.17 09:05:23.600,1.39781,1.39807,1.58,1.35
2011.06.17 09:05:23.937,1.39796,1.39813,1.58,1.50
2011.06.17 09:05:24.049,1.39791,1.39815,1.26,1.50
2011.06.17 09:05:24.411,1.39791,1.39816,1.26,1.13
2011.06.17 09:05:24.534,1.39798,1.39825,1.86,2.33
2011.06.17 09:05:24.870,1.39804,1.39831,2.10,1.13
2011.06.17 09:05:24.993,1.39803,1.39831,2.85,1.13
2011.06.17 09:05:25.220,1.39808,1.39833,1.35,1.13
2011.06.17 09:05:25.340,1.39814,1.39835,2.10,2.25
2011.06.17 09:05:25.572,1.39815,1.3984,1.35,1.50
2011.06.17 09:05:25.894,1.39808,1.39839,2.23,1.35
2011.06.17 09:05:26.117,1.39808,1.39838,1.86,1.35
2011.06.17 09:05:26.228,1.39809,1.39838,2.01,1.35
2011.06.17 09:05:27.439,1.39808,1.39838,1.26,1.35
2011.06.17 09:05:27.987,1.39808,1.39838,1.26,1.35
2011.06.17 09:05:28.097,1.3981,1.3984,1.35,1.50
2011.06.17 09:05:30.867,1.3981,1.39842,1.86,1.35
2011.06.17 09:05:31.197,1.39815,1.39842,2.46,1.35
2011.06.17 09:05:31.527,1.39817,1.39847,1.86,4.50
2011.06.17 09:05:32.077,1.39817,1.39847,1.26,4.50
2011.06.17 09:05:32.186,1.39816,1.39847,2.01,4.50
2011.06.17 09:05:32.516,1.39816,1.39847,2.85,4.50
2011.06.17 09:05:32.845,1.3982,1.39847,2.10,4.50
2011.06.17 09:05:33.178,1.39823,1.39847,2.10,4.50
2011.06.17 09:05:34.578,1.39823,1.39847,2.10,4.50
2011.06.17 09:05:34.696,1.39817,1.39844,2.18,1.35
2011.06.17 09:05:34.917,1.39817,1.3984,1.58,1.35
2011.06.17 09:05:35.467,1.39818,1.3984,1.58,1.35
2011.06.17 09:05:35.910,1.39818,1.39847,3.68,4.50
2011.06.17 09:05:36.030,1.39818,1.39842,1.58,1.35
2011.06.17 09:05:36.147,1.39821,1.39842,1.58,1.35
2011.06.17 09:05:36.476,1.39817,1.39843,1.35,1.35
2011.06.17 09:05:36.589,1.3982,1.39843,1.58,1.35
2011.06.17 09:05:37.147,1.3982,1.39842,1.58,1.35
2011.06.17 09:05:37.917,1.3982,1.39844,2.33,1.35
2011.06.17 09:05:38.496,1.3982,1.39844,2.33,1.35
2011.06.17 09:05:39.049,1.3982,1.39843,2.33,1.35
2011.06.17 09:05:39.176,1.39822,1.39846,2.18,1.35
2011.06.17 09:05:39.728,1.39821,1.39846,1.35,1.35
2011.06.17 09:05:39.836,1.39822,1.39846,1.35,1.35
2011.06.17 09:05:40.168,1.39824,1.39846,2.33,1.35
2011.06.17 09:05:40.497,1.39825,1.39846,2.33,1.35
2011.06.17 09:05:40.939,1.39832,1.39846,1.58,5.10
2011.06.17 09:05:41.277,1.39839,1.39846,1.58,3.75
2011.06.17 09:05:43.149,1.39842,1.39846,1.58,3.75
2011.06.17 09:05:43.479,1.39826,1.39846,1.50,4.50
2011.06.17 09:05:43.812,1.39823,1.39845,1.26,1.35
2011.06.17 09:05:43.929,1.39822,1.39845,2.33,1.35
2011.06.17 09:05:44.477,1.39816,1.39839,2.33,1.35
2011.06.17 09:05:44.588,1.39816,1.39842,1.35,2.33
2011.06.17 09:05:44.810,1.39823,1.39846,2.10,4.50
2011.06.17 09:05:45.515,1.39826,1.39846,1.35,4.50
2011.06.17 09:05:45.852,1.39821,1.39846,1.35,5.10
2011.06.17 09:05:45.971,1.39821,1.39846,1.35,5.10
2011.06.17 09:05:46.310,1.39826,1.39846,1.58,4.50
2011.06.17 09:05:46.653,1.3983,1.39846,2.18,3.70
2011.06.17 09:05:46.876,1.39831,1.39846,1.58,4.45
2011.06.17 09:05:46.989,1.39825,1.39846,2.48,4.45
2011.06.17 09:05:47.337,1.39825,1.39846,2.48,4.45
2011.06.17 09:05:47.558,1.39823,1.39847,1.26,4.45
2011.06.17 09:05:47.670,1.39822,1.39846,1.50,4.45
2011.06.17 09:05:47.788,1.39824,1.39846,1.35,4.45
2011.06.17 09:05:48.383,1.39817,1.39846,1.11,4.45
2011.06.17 09:05:48.499,1.39817,1.39846,1.86,4.45
2011.06.17 09:05:48.839,1.39829,1.39847,2.18,4.45
2011.06.17 09:05:49.057,1.39826,1.39847,1.58,4.45
2011.06.17 09:05:49.169,1.39832,1.39847,1.58,4.45
2011.06.17 09:05:49.290,1.39832,1.39847,1.58,4.45
2011.06.17 09:05:49.407,1.39834,1.39847,1.58,4.45
2011.06.17 09:05:50.133,1.39837,1.39847,1.58,4.45
2011.06.17 09:05:50.253,1.39837,1.39847,1.58,3.70
2011.06.17 09:05:50.370,1.39841,1.39847,1.58,4.45
2011.06.17 09:05:50.488,1.39827,1.39847,1.58,4.45
2011.06.17 09:05:50.599,1.39826,1.39847,1.13,4.45
2011.06.17 09:05:51.331,1.39822,1.39847,2.83,4.45
2011.06.17 09:05:51.551,1.39827,1.39846,1.58,4.45
2011.06.17 09:05:51.894,1.39831,1.39846,1.58,4.45
2011.06.17 09:05:52.228,1.39842,1.39846,1.58,3.70
2011.06.17 09:05:52.560,1.39837,1.39846,1.58,3.70
2011.06.17 09:05:52.898,1.39841,1.39847,1.58,3.70
2011.06.17 09:05:53.006,1.39837,1.39847,1.58,3.70
2011.06.17 09:05:53.231,1.39834,1.39847,2.08,4.45
2011.06.17 09:05:53.677,1.39833,1.39846,1.58,4.45
2011.06.17 09:05:56.177,1.39828,1.39846,1.58,4.45
2011.06.17 09:05:56.399,1.39824,1.39847,1.13,4.45
2011.06.17 09:05:56.617,1.39828,1.39847,1.58,4.45
2011.06.17 09:05:56.837,1.39828,1.39846,1.58,4.45
2011.06.17 09:05:56.947,1.39826,1.39846,1.58,4.45
2011.06.17 09:05:57.165,1.39826,1.39846,1.58,4.45
2011.06.17 09:05:58.287,1.39831,1.39846,1.58,4.45
2011.06.17 09:05:58.617,1.39829,1.39846,1.58,4.45
2011.06.17 09:05:58.727,1.39826,1.39846,1.26,4.45
2011.06.17 09:05:59.167,1.39827,1.39846,1.58,4.45
2011.06.17 09:05:59.858,1.39834,1.39846,1.58,4.45
2011.06.17 09:06:00.080,1.39839,1.39846,1.58,4.45
2011.06.17 09:06:00.198,1.39837,1.39846,1.58,4.40
2011.06.17 09:06:00.308,1.39829,1.39846,1.26,4.40
2011.06.17 09:06:00.529,1.39831,1.39846,1.26,4.40
2011.06.17 09:06:01.188,1.3983,1.39847,1.35,4.40
2011.06.17 09:06:01.298,1.3983,1.39847,1.73,2.90
2011.06.17 09:06:01.408,1.3983,1.39847,2.23,2.90
2011.06.17 09:06:01.737,1.39831,1.39846,1.50,3.65
2011.06.17 09:06:02.220,1.3983,1.39846,1.13,3.65
2011.06.17 09:06:02.340,1.39827,1.39846,2.38,3.65
2011.06.17 09:06:03.236,1.39829,1.39846,1.26,3.65
2011.06.17 09:06:03.352,1.39829,1.39847,1.26,2.90
2011.06.17 09:06:04.033,1.39836,1.39846,1.48,2.90
2011.06.17 09:06:04.763,1.39842,1.39857,1.26,5.36
2011.06.17 09:06:04.886,1.39841,1.39857,1.58,1.78
2011.06.17 09:06:05.002,1.39832,1.39857,2.33,1.78
2011.06.17 09:06:05.340,1.39827,1.39848,1.13,1.50
2011.06.17 09:06:05.567,1.3982,1.39848,1.58,1.50
2011.06.17 09:06:05.788,1.39814,1.39845,2.10,1.50
2011.06.17 09:06:06.227,1.39813,1.3984,2.33,1.35
2011.06.17 09:06:06.767,1.39817,1.39839,1.58,1.35
2011.06.17 09:06:06.886,1.39823,1.3985,1.58,1.50
2011.06.17 09:06:07.107,1.39816,1.39847,2.33,1.50
2011.06.17 09:06:07.328,1.39823,1.39849,1.58,1.50
2011.06.17 09:06:07.587,1.39823,1.3985,1.58,1.35
2011.06.17 09:06:07.696,1.39821,1.3985,2.18,1.35
2011.06.17 09:06:07.808,1.39815,1.39843,2.93,1.35
2011.06.17 09:06:08.138,1.39827,1.39853,1.58,2.10
2011.06.17 09:06:08.358,1.39823,1.39848,2.18,1.35
2011.06.17 09:06:08.907,1.39823,1.39848,2.18,1.35
2011.06.17 09:06:09.126,1.39823,1.39848,2.18,1.35
2011.06.17 09:06:09.239,1.39823,1.39845,1.58,1.35
2011.06.17 09:06:09.788,1.39819,1.39846,2.01,2.10
2011.06.17 09:06:09.897,1.39822,1.3985,1.35,1.35
2011.06.17 09:06:10.474,1.39819,1.39847,1.26,2.10
2011.06.17 09:06:10.590,1.39818,1.39844,1.86,1.35
2011.06.17 09:06:11.569,1.39817,1.39845,1.58,1.73
2011.06.17 09:06:12.008,1.39821,1.39842,1.58,1.35
2011.06.17 09:06:12.667,1.39832,1.39856,1.58,2.53
2011.06.17 09:06:13.150,1.39836,1.39857,1.58,2.53
2011.06.17 09:06:13.487,1.39836,1.39857,1.58,2.53
2011.06.17 09:06:13.597,1.3983,1.39857,1.35,2.53
2011.06.17 09:06:14.146,1.39829,1.39857,1.35,2.53
2011.06.17 09:06:14.806,1.39831,1.39857,2.23,2.53
2011.06.17 09:06:15.361,1.39831,1.39852,1.26,1.13
2011.06.17 09:06:15.480,1.39816,1.39848,3.68,1.50
2011.06.17 09:06:15.599,1.39817,1.39845,2.33,1.13
2011.06.17 09:06:15.707,1.39817,1.39847,2.33,1.13
2011.06.17 09:06:16.229,1.39816,1.39847,2.10,1.88
2011.06.17 09:06:16.355,1.39823,1.39849,2.10,1.50
2011.06.17 09:06:16.470,1.39823,1.39849,2.10,1.50
2011.06.17 09:06:17.117,1.39823,1.39851,2.10,1.50
2011.06.17 09:06:17.228,1.39823,1.39851,2.10,1.50
2011.06.17 09:06:17.338,1.39819,1.39849,1.13,1.50
2011.06.17 09:06:17.448,1.39822,1.39849,1.35,1.50
2011.06.17 09:06:17.997,1.39823,1.39852,1.35,1.50
2011.06.17 09:06:18.876,1.39823,1.39855,1.35,1.50
2011.06.17 09:06:19.899,1.39822,1.39849,2.01,1.13
2011.06.17 09:06:20.120,1.3982,1.39844,1.13,1.50
2011.06.17 09:06:20.677,1.39817,1.39844,1.73,1.50
2011.06.17 09:06:21.227,1.39817,1.39844,1.35,1.50
2011.06.17 09:06:23.779,1.39816,1.39843,1.58,1.13
2011.06.17 09:06:24.327,1.39816,1.39842,1.58,1.13
2011.06.17 09:06:24.932,1.39815,1.39843,1.50,1.50
2011.06.17 09:06:25.267,1.39822,1.39846,2.33,1.50
2011.06.17 09:06:26.147,1.39822,1.39846,2.33,1.50
2011.06.17 09:06:26.544,1.39837,1.39848,1.58,1.50
2011.06.17 09:06:26.771,1.3984,1.39856,1.58,2.53
2011.06.17 09:06:27.228,1.39838,1.39857,1.58,2.53
2011.06.17 09:06:27.777,1.39833,1.39857,2.18,2.53
2011.06.17 09:06:27.900,1.3983,1.39842,1.35,3.87
2011.06.17 09:06:28.237,1.39833,1.39856,2.18,2.53
2011.06.17 09:06:28.898,1.39833,1.39856,3.15,2.53
2011.06.17 09:06:29.008,1.39835,1.39854,1.58,1.13
2011.06.17 09:06:29.118,1.39833,1.39855,1.58,1.50
2011.06.17 09:06:29.338,1.39836,1.39853,1.58,1.50
2011.06.17 09:06:29.449,1.39839,1.39856,1.58,1.50
2011.06.17 09:06:30.141,1.39839,1.39856,1.58,2.53
2011.06.17 09:06:30.481,1.39839,1.39857,1.58,2.53
2011.06.17 09:06:31.508,1.39839,1.39856,1.58,2.53
2011.06.17 09:06:32.288,1.39839,1.39856,1.58,2.53
2011.06.17 09:06:33.057,1.39832,1.39853,1.58,1.35
2011.06.17 09:06:33.167,1.39825,1.39853,2.98,1.35
2011.06.17 09:06:33.609,1.39822,1.39852,1.35,1.73
2011.06.17 09:06:33.937,1.39816,1.39844,1.73,1.35
2011.06.17 09:06:34.157,1.39816,1.39844,1.73,1.35
2011.06.17 09:06:34.266,1.39816,1.39844,1.73,1.35
2011.06.17 09:06:34.596,1.3982,1.39846,1.35,1.13
2011.06.17 09:06:35.171,1.3982,1.39847,1.35,1.73
2011.06.17 09:06:35.396,1.3982,1.39847,1.35,1.73
2011.06.17 09:06:35.727,1.39823,1.39848,1.35,1.13
2011.06.17 09:06:35.837,1.39823,1.3985,1.35,1.35
2011.06.17 09:06:38.407,1.39827,1.39851,1.35,1.50
2011.06.17 09:06:38.519,1.39827,1.39855,2.85,3.45
2011.06.17 09:06:38.628,1.39827,1.39855,2.85,2.70
2011.06.17 09:06:38.740,1.39824,1.39855,1.35,3.23
2011.06.17 09:06:38.967,1.39818,1.39851,2.33,1.13
2011.06.17 09:06:39.077,1.39817,1.3985,1.26,1.50
2011.06.17 09:06:39.519,1.39822,1.39848,2.10,3.45
2011.06.17 09:06:40.177,1.39822,1.39848,2.10,3.08
2011.06.17 09:06:40.506,1.39822,1.39849,2.85,2.93
2011.06.17 09:06:41.115,1.39826,1.3985,1.58,1.88
2011.06.17 09:06:41.228,1.39828,1.3985,1.58,1.13
2011.06.17 09:06:41.557,1.39828,1.39852,1.58,1.13
2011.06.17 09:06:42.106,1.39828,1.39851,1.58,1.50
2011.06.17 09:06:42.656,1.39828,1.39853,1.58,1.35
2011.06.17 09:06:42.877,1.39823,1.39851,2.33,1.13
2011.06.17 09:06:42.988,1.39828,1.39851,1.58,1.13
2011.06.17 09:06:43.096,1.39828,1.39853,1.58,1.35
2011.06.17 09:06:44.527,1.39826,1.39856,1.58,3.28
2011.06.17 09:06:44.635,1.39822,1.39856,1.35,3.28
2011.06.17 09:06:45.897,1.39823,1.39852,2.33,1.13
2011.06.17 09:06:46.023,1.39823,1.39855,2.33,1.50
2011.06.17 09:06:46.252,1.39827,1.39857,1.11,3.28
2011.06.17 09:06:46.588,1.39834,1.39857,1.58,2.53
2011.06.17 09:06:47.798,1.39841,1.39856,1.58,2.16
2011.06.17 09:06:48.787,1.39836,1.39857,1.58,2.16
2011.06.17 09:06:49.370,1.39834,1.39857,1.58,2.16
2011.06.17 09:06:49.586,1.39834,1.39857,1.58,1.41
2011.06.17 09:06:49.697,1.39839,1.39857,1.58,1.41
2011.06.17 09:06:50.027,1.39842,1.39857,1.58,2.16
2011.06.17 09:06:50.468,1.39836,1.39857,2.18,2.16
2011.06.17 09:06:50.907,1.39834,1.39857,1.58,2.16
2011.06.17 09:06:52.047,1.3983,1.39837,1.58,1.29
2011.06.17 09:06:52.159,1.39831,1.39846,1.58,4.08
2011.06.17 09:06:52.487,1.39827,1.3984,1.58,1.62
2011.06.17 09:06:52.708,1.3983,1.39839,1.58,1.62
2011.06.17 09:06:53.306,1.39831,1.39839,1.58,1.62
2011.06.17 09:06:53.867,1.39832,1.39841,1.58,1.62
2011.06.17 09:06:54.088,1.39825,1.39841,2.33,1.62
2011.06.17 09:06:54.199,1.39834,1.39839,1.58,1.62
2011.06.17 09:06:54.316,1.39834,1.39847,1.58,3.95
2011.06.17 09:06:54.539,1.39832,1.39841,1.58,1.62
2011.06.17 09:06:55.996,1.39837,1.39847,1.58,3.39
2011.06.17 09:06:56.548,1.39838,1.39847,1.58,1.50
2011.06.17 09:06:56.657,1.39835,1.39847,1.58,1.50
2011.06.17 09:06:56.766,1.39837,1.39847,1.58,1.50
2011.06.17 09:06:57.618,1.3984,1.39846,1.58,1.50
2011.06.17 09:06:58.608,1.39842,1.39847,1.58,1.50
2011.06.17 09:06:59.024,1.39841,1.39847,1.58,1.50
2011.06.17 09:06:59.144,1.39835,1.39848,1.35,1.50
2011.06.17 09:06:59.260,1.39832,1.39848,2.33,1.50
2011.06.17 09:06:59.378,1.39842,1.39851,1.58,1.50
2011.06.17 09:06:59.487,1.39839,1.39851,3.15,1.50
2011.06.17 09:07:00.041,1.39833,1.39848,1.58,1.50
2011.06.17 09:07:00.158,1.39841,1.39848,1.58,1.50
2011.06.17 09:07:00.377,1.39839,1.39848,1.58,1.50
2011.06.17 09:07:00.927,1.39838,1.3985,1.13,1.50
2011.06.17 09:07:01.821,1.39842,1.39846,1.58,1.50
2011.06.17 09:07:02.156,1.39842,1.39856,1.58,1.41
2011.06.17 09:07:02.498,1.39842,1.39856,2.18,1.41
2011.06.17 09:07:02.829,1.39849,1.39857,1.58,1.41
2011.06.17 09:07:03.926,1.39849,1.39857,1.58,1.41
2011.06.17 09:07:04.146,1.39847,1.39857,1.58,1.41
2011.06.17 09:07:05.427,1.39846,1.39857,1.58,1.41
2011.06.17 09:07:05.540,1.39838,1.39857,1.58,1.41
2011.06.17 09:07:05.657,1.39838,1.39856,1.58,2.16
2011.06.17 09:07:07.270,1.39822,1.39847,1.50,1.50
2011.06.17 09:07:07.387,1.39816,1.39849,2.33,1.88
2011.06.17 09:07:07.706,1.39828,1.39854,1.58,1.50
2011.06.17 09:07:07.822,1.39821,1.39852,1.35,1.50
2011.06.17 09:07:08.160,1.39819,1.39849,2.33,1.50
2011.06.17 09:07:08.611,1.39814,1.39845,2.33,1.13
2011.06.17 09:07:08.839,1.39818,1.39846,1.58,1.13
2011.06.17 09:07:09.063,1.3982,1.39849,1.58,1.50
2011.06.17 09:07:09.290,1.3982,1.39849,1.58,1.50
2011.06.17 09:07:09.408,1.39813,1.39849,1.35,1.50
2011.06.17 09:07:09.984,1.39826,1.3985,1.58,1.50
2011.06.17 09:07:10.539,1.39827,1.39854,1.58,1.50
2011.06.17 09:07:11.146,1.39825,1.39854,1.58,2.25
2011.06.17 09:07:11.256,1.39825,1.39854,1.58,2.25
2011.06.17 09:07:11.805,1.39823,1.39857,2.10,2.91
2011.06.17 09:07:13.237,1.39825,1.39857,2.10,2.91
2011.06.17 09:07:13.796,1.39826,1.39857,2.10,3.51
2011.06.17 09:07:14.847,1.39826,1.39836,2.10,1.50
2011.06.17 09:07:15.069,1.39824,1.39836,1.35,1.50
2011.06.17 09:07:15.179,1.3982,1.39837,3.68,1.50
2011.06.17 09:07:15.806,1.39828,1.39836,1.35,1.50
2011.06.17 09:07:16.797,1.39822,1.39836,2.10,1.50
2011.06.17 09:07:17.129,1.39829,1.39846,1.35,2.89
2011.06.17 09:07:17.696,1.39824,1.39839,2.10,1.50
2011.06.17 09:07:17.811,1.39821,1.39839,1.35,1.50
2011.06.17 09:07:18.039,1.39819,1.39842,1.58,2.10
2011.06.17 09:07:18.258,1.39816,1.39842,1.58,2.10
2011.06.17 09:07:18.807,1.39815,1.39841,2.18,1.50
2011.06.17 09:07:19.027,1.39818,1.39841,1.58,1.50
2011.06.17 09:07:19.359,1.39821,1.39841,1.58,1.50
2011.06.17 09:07:19.815,1.39811,1.39837,3.08,1.05
2011.06.17 09:07:19.930,1.39811,1.39836,2.33,1.05
2011.06.17 09:07:20.051,1.39817,1.39839,2.18,1.20
2011.06.17 09:07:20.606,1.39816,1.3984,3.68,1.20
2011.06.17 09:07:21.161,1.39816,1.3984,2.10,1.20
2011.06.17 09:07:21.716,1.39818,1.3984,2.18,1.20
2011.06.17 09:07:22.597,1.39818,1.3984,2.18,1.20
2011.06.17 09:07:23.146,1.39818,1.3984,2.18,1.20
2011.06.17 09:07:23.856,1.39824,1.39842,1.58,1.20
2011.06.17 09:07:24.850,1.39823,1.39842,1.58,1.20
2011.06.17 09:07:25.186,1.39828,1.39845,2.18,1.20
2011.06.17 09:07:25.736,1.39828,1.39843,1.58,1.20
2011.06.17 09:07:27.358,1.39826,1.39841,1.58,1.20
2011.06.17 09:07:28.658,1.39831,1.39844,2.18,1.20
2011.06.17 09:07:28.768,1.39831,1.39856,2.18,2.16
2011.06.17 09:07:28.880,1.39832,1.39856,2.10,2.16
2011.06.17 09:07:29.112,1.39839,1.39856,1.58,2.16
2011.06.17 09:07:29.233,1.39835,1.39854,1.58,1.35
2011.06.17 09:07:29.350,1.39835,1.39854,1.58,1.35
2011.06.17 09:07:29.470,1.3983,1.39851,1.58,1.35
2011.06.17 09:07:30.027,1.3983,1.39856,2.18,2.16
2011.06.17 09:07:30.648,1.39826,1.39851,2.18,1.35
2011.06.17 09:07:32.075,1.39824,1.39851,2.18,1.35
2011.06.17 09:07:33.554,1.39828,1.39856,3.68,2.91
2011.06.17 09:07:34.218,1.39832,1.39857,2.18,2.16
2011.06.17 09:07:35.508,1.3983,1.39852,1.58,1.35
2011.06.17 09:07:36.394,1.3983,1.39836,1.58,1.50
2011.06.17 09:07:36.934,1.39841,1.39846,1.58,3.66
2011.06.17 09:07:37.157,1.39843,1.39861,1.58,1.50
2011.06.17 09:07:37.377,1.39837,1.39857,1.35,1.41
2011.06.17 09:07:37.598,1.39836,1.39856,3.68,2.16
2011.06.17 09:07:37.819,1.39836,1.39856,1.58,2.16
2011.06.17 09:07:38.276,1.39829,1.39857,2.10,2.76
2011.06.17 09:07:38.404,1.39827,1.39857,3.68,2.16
2011.06.17 09:07:38.516,1.39827,1.39857,1.58,2.16
2011.06.17 09:07:39.557,1.39829,1.39857,1.58,1.41
2011.06.17 09:07:39.666,1.39829,1.39857,1.58,1.41
2011.06.17 09:07:40.436,1.39831,1.39857,1.58,1.41
2011.06.17 09:07:40.876,1.39831,1.39849,1.58,1.50
2011.06.17 09:07:41.698,1.39831,1.39849,1.58,1.50
2011.06.17 09:07:42.469,1.39837,1.39849,1.58,1.50
2011.06.17 09:07:44.267,1.39836,1.3985,1.58,1.50
2011.06.17 09:07:46.478,1.39838,1.39851,1.58,1.50
2011.06.17 09:07:47.031,1.39839,1.39851,1.58,1.50
2011.06.17 09:07:47.149,1.3984,1.39857,1.58,1.41
2011.06.17 09:07:47.259,1.39843,1.39857,1.58,1.41
2011.06.17 09:07:47.596,1.39843,1.39856,1.58,1.41
2011.06.17 09:07:47.707,1.39836,1.39856,1.58,1.41
2011.06.17 09:07:48.508,1.39836,1.39856,1.58,1.41
2011.06.17 09:07:48.727,1.39831,1.39856,1.58,1.41
2011.06.17 09:07:48.839,1.39831,1.39854,1.58,1.35
2011.06.17 09:07:49.166,1.39828,1.39857,2.10,1.41
2011.06.17 09:07:51.737,1.39837,1.39855,1.58,1.35
2011.06.17 09:07:52.859,1.39837,1.39857,1.58,2.16
2011.06.17 09:07:54.367,1.39829,1.39856,2.10,2.16
2011.06.17 09:07:54.586,1.39836,1.39856,1.58,2.16
2011.06.17 09:07:57.027,1.39831,1.39856,2.10,2.16
2011.06.17 09:07:57.247,1.39827,1.39856,2.10,2.16
2011.06.17 09:07:57.358,1.39835,1.39856,1.58,2.16
2011.06.17 09:07:57.687,1.39834,1.39856,1.58,2.16
2011.06.17 09:07:58.784,1.39823,1.3985,2.70,1.35
2011.06.17 09:07:58.899,1.39823,1.3985,1.95,1.35
2011.06.17 09:07:59.339,1.39823,1.39852,2.18,1.50
2011.06.17 09:07:59.451,1.39829,1.39856,1.58,1.50
2011.06.17 09:07:59.567,1.39832,1.39856,1.58,2.91
2011.06.17 09:08:01.788,1.39832,1.39856,1.58,2.91
2011.06.17 09:08:04.047,1.39834,1.39856,1.58,2.16
2011.06.17 09:08:06.547,1.39834,1.39856,1.58,2.16
2011.06.17 09:08:07.446,1.39834,1.39857,1.58,2.16
2011.06.17 09:08:08.549,1.39843,1.39857,1.58,1.41
2011.06.17 09:08:09.865,1.39846,1.39857,1.58,1.41
2011.06.17 09:08:10.093,1.39844,1.39856,1.58,1.41
2011.06.17 09:08:10.212,1.39841,1.39856,1.58,1.41
2011.06.17 09:08:10.668,1.39838,1.39856,1.58,1.41
2011.06.17 09:08:10.777,1.39841,1.39856,1.58,1.41
2011.06.17 09:08:10.888,1.39838,1.39856,3.15,1.41
2011.06.17 09:08:11.550,1.3984,1.39858,1.58,1.74
2011.06.17 09:08:12.106,1.3984,1.39857,1.58,1.74
2011.06.17 09:08:12.659,1.39841,1.39857,1.58,1.74
2011.06.17 09:08:14.358,1.39841,1.39857,1.58,1.74
2011.06.17 09:08:15.127,1.39838,1.39857,1.58,1.74
2011.06.17 09:08:15.238,1.39841,1.39857,1.58,1.74
2011.06.17 09:08:15.566,1.39843,1.39857,1.58,1.74
2011.06.17 09:08:16.128,1.39843,1.39857,1.58,1.74
2011.06.17 09:08:16.349,1.39841,1.39857,1.58,1.74
2011.06.17 09:08:16.459,1.39841,1.39856,1.58,1.74
2011.06.17 09:08:16.569,1.39833,1.39857,1.95,1.74
2011.06.17 09:08:17.228,1.39833,1.39857,1.58,1.74
2011.06.17 09:08:17.666,1.39833,1.39857,1.58,1.74
2011.06.17 09:08:18.782,1.39828,1.39856,1.58,1.74
2011.06.17 09:08:19.011,1.39823,1.39855,1.95,1.35
2011.06.17 09:08:19.238,1.39831,1.39855,1.58,2.10
2011.06.17 09:08:19.570,1.39831,1.39857,1.58,1.74
2011.06.17 09:08:19.688,1.39829,1.39856,1.58,1.74
2011.06.17 09:08:19.798,1.39827,1.39855,2.18,1.50
2011.06.17 09:08:20.375,1.39827,1.39855,1.58,1.50
2011.06.17 09:08:21.038,1.39828,1.39856,1.58,2.34
2011.06.17 09:08:21.148,1.39828,1.39856,1.58,2.34
2011.06.17 09:08:23.147,1.39828,1.39855,1.58,1.50
2011.06.17 09:08:23.257,1.39822,1.39854,2.33,1.50
2011.06.17 09:08:23.807,1.39821,1.39851,3.90,1.88
2011.06.17 09:08:26.046,1.39823,1.39848,1.58,1.50
2011.06.17 09:08:26.602,1.3982,1.39847,2.33,1.50
2011.06.17 09:08:26.721,1.39814,1.39845,2.93,1.50
2011.06.17 09:08:27.126,1.39814,1.39847,2.93,2.25
2011.06.17 09:08:27.238,1.39822,1.39846,1.58,1.50
2011.06.17 09:08:28.778,1.39822,1.39846,1.58,2.25
2011.06.17 09:08:28.888,1.39815,1.39846,1.58,1.50
2011.06.17 09:08:28.998,1.39823,1.39847,1.58,3.00
2011.06.17 09:08:29.107,1.39823,1.39846,1.58,1.50
2011.06.17 09:08:30.296,1.39823,1.39846,1.58,1.50
2011.06.17 09:08:30.407,1.39815,1.39846,1.58,1.50
2011.06.17 09:08:30.517,1.39819,1.39847,1.58,1.50
2011.06.17 09:08:30.846,1.39823,1.39847,1.58,1.50
2011.06.17 09:08:31.287,1.39822,1.39851,1.35,1.50
2011.06.17 09:08:32.016,1.39822,1.39847,1.58,1.50
2011.06.17 09:08:33.237,1.39818,1.39847,1.58,1.50
2011.06.17 09:08:33.347,1.39818,1.39847,1.58,1.50
2011.06.17 09:08:33.677,1.39815,1.39847,1.58,3.00
2011.06.17 09:08:34.979,1.3982,1.39844,1.58,1.50
2011.06.17 09:08:35.099,1.39816,1.39846,1.58,2.25
2011.06.17 09:08:36.765,1.39816,1.39846,2.18,3.75
2011.06.17 09:08:36.881,1.39817,1.39847,1.35,2.25
2011.06.17 09:08:37.436,1.39817,1.39849,1.35,2.25
2011.06.17 09:08:38.107,1.39815,1.39847,1.35,1.50
2011.06.17 09:08:39.297,1.39828,1.39847,2.10,3.00
2011.06.17 09:08:39.410,1.39824,1.39847,2.48,2.25
2011.06.17 09:08:39.532,1.39823,1.39849,2.48,1.50
2011.06.17 09:08:39.649,1.3982,1.39848,2.10,1.35
2011.06.17 09:08:39.761,1.39821,1.39846,2.33,2.85
2011.06.17 09:08:40.098,1.39817,1.39843,2.18,2.10
2011.06.17 09:08:41.310,1.39814,1.39839,1.58,1.50
2011.06.17 09:08:41.429,1.39808,1.39837,1.58,1.50
2011.06.17 09:08:46.576,1.39808,1.39836,1.58,1.50
2011.06.17 09:08:47.195,1.39804,1.3983,1.58,1.50
2011.06.17 09:08:50.749,1.39809,1.39826,1.58,1.50
2011.06.17 09:08:51.089,1.39812,1.39834,1.58,1.50
2011.06.17 09:08:51.199,1.39806,1.39834,1.58,2.10
2011.06.17 09:08:52.197,1.39806,1.39829,1.58,1.50
2011.06.17 09:08:52.857,1.39806,1.39829,1.58,1.50
2011.06.17 09:08:52.968,1.39806,1.39832,2.18,1.50
2011.06.17 09:08:53.078,1.39802,1.39833,2.10,1.50
2011.06.17 09:08:53.627,1.39803,1.39832,1.35,1.50
2011.06.17 09:08:56.097,1.39806,1.39834,2.48,1.50
2011.06.17 09:08:56.207,1.39812,1.39836,1.35,1.50
2011.06.17 09:08:56.318,1.39823,1.39842,1.13,1.50
2011.06.17 09:08:56.538,1.3983,1.39847,1.35,1.50
2011.06.17 09:08:56.649,1.39827,1.39847,2.85,1.50
2011.06.17 09:08:57.217,1.39824,1.39846,2.10,1.50
2011.06.17 09:08:57.778,1.39822,1.39846,1.58,1.50
2011.06.17 09:08:58.588,1.39841,1.39848,2.18,1.50
2011.06.17 09:08:58.699,1.39843,1.39854,2.33,1.50
2011.06.17 09:08:58.810,1.39841,1.39856,2.33,2.93
2011.06.17 09:08:58.927,1.39841,1.39854,2.33,1.50
2011.06.17 09:08:59.040,1.39841,1.39863,2.33,1.74
2011.06.17 09:08:59.149,1.39837,1.39863,1.58,2.49
2011.06.17 09:08:59.259,1.39835,1.39863,1.58,2.49
2011.06.17 09:08:59.367,1.39835,1.39863,1.58,1.74
2011.06.17 09:09:00.175,1.39833,1.39863,2.93,2.34
2011.06.17 09:09:01.607,1.39832,1.3986,1.35,3.09
2011.06.17 09:09:01.938,1.39826,1.39855,2.93,2.85
2011.06.17 09:09:02.050,1.39826,1.39855,1.35,3.60
2011.06.17 09:09:02.267,1.39829,1.39856,2.10,2.12
2011.06.17 09:09:02.486,1.3983,1.39858,2.33,2.12
2011.06.17 09:09:03.367,1.39823,1.39858,2.33,2.34
2011.06.17 09:09:03.866,1.39823,1.39854,2.33,1.35
2011.06.17 09:09:03.981,1.39823,1.39855,2.33,1.35
2011.06.17 09:09:04.576,1.39823,1.39854,2.33,1.35
2011.06.17 09:09:05.020,1.39837,1.39854,1.58,1.35
2011.06.17 09:09:05.139,1.39837,1.3986,1.58,1.37
2011.06.17 09:09:05.249,1.39832,1.39864,2.33,1.74
2011.06.17 09:09:05.359,1.39832,1.39865,1.58,2.34
2011.06.17 09:09:05.798,1.39829,1.39862,2.93,1.74
2011.06.17 09:09:06.897,1.39826,1.39857,2.33,1.74
2011.06.17 09:09:07.007,1.39826,1.39856,1.58,1.74
2011.06.17 09:09:07.227,1.39828,1.39857,2.33,1.74
2011.06.17 09:09:08.087,1.39829,1.39857,1.58,1.74
2011.06.17 09:09:08.209,1.39835,1.39864,1.58,1.37
2011.06.17 09:09:08.538,1.39824,1.39844,2.33,1.35
2011.06.17 09:09:08.648,1.39824,1.39844,1.58,1.35
2011.06.17 09:09:08.758,1.39818,1.39844,1.50,1.35
2011.06.17 09:09:08.868,1.39818,1.39853,2.10,1.35
2011.06.17 09:09:09.090,1.39821,1.39851,2.33,1.35
2011.06.17 09:09:09.430,1.3982,1.39851,2.33,2.10
2011.06.17 09:09:09.550,1.39821,1.39853,2.33,1.50
2011.06.17 09:09:09.888,1.39817,1.39852,1.35,1.50
2011.06.17 09:09:10.438,1.39817,1.39852,1.35,1.50
2011.06.17 09:09:11.650,1.39814,1.3985,2.70,1.35
2011.06.17 09:09:11.991,1.39814,1.3985,1.13,1.35
2011.06.17 09:09:12.107,1.39814,1.3985,1.13,1.35
2011.06.17 09:09:12.438,1.39812,1.39848,1.35,2.10
2011.06.17 09:09:12.552,1.3981,1.39832,2.83,1.13
2011.06.17 09:09:12.891,1.39803,1.3983,2.25,1.35
2011.06.17 09:09:13.227,1.39804,1.39833,1.35,1.13
2011.06.17 09:09:13.339,1.39804,1.39833,2.85,1.13
2011.06.17 09:09:14.486,1.39806,1.39836,2.33,1.13
2011.06.17 09:09:14.929,1.39806,1.39836,2.93,3.23
2011.06.17 09:09:15.038,1.3981,1.39836,1.35,1.73
2011.06.17 09:09:15.259,1.3981,1.39836,1.35,1.73
2011.06.17 09:09:15.874,1.39817,1.39842,1.35,1.13
2011.06.17 09:09:16.100,1.3982,1.39842,1.35,1.13
2011.06.17 09:09:16.877,1.3982,1.39841,1.35,1.50
2011.06.17 09:09:16.988,1.39813,1.3984,1.35,1.35
2011.06.17 09:09:17.647,1.39819,1.39841,1.58,2.48
2011.06.17 09:09:17.977,1.39819,1.39846,1.35,1.35
2011.06.17 09:09:18.089,1.39816,1.39846,1.35,2.10
2011.06.17 09:09:18.199,1.39823,1.39849,1.35,1.35
2011.06.17 09:09:18.712,1.39823,1.39851,1.35,2.10
2011.06.17 09:09:20.039,1.39826,1.39852,1.35,1.13
2011.06.17 09:09:20.148,1.39826,1.39855,1.35,1.73
2011.06.17 09:09:20.702,1.3983,1.39856,2.33,2.34
2011.06.17 09:09:20.819,1.39832,1.39859,2.10,2.12
2011.06.17 09:09:21.426,1.39836,1.39861,1.35,1.22
2011.06.17 09:09:21.649,1.3984,1.39867,1.35,1.35
2011.06.17 09:09:21.757,1.3984,1.39867,1.35,1.35
2011.06.17 09:09:22.215,1.39836,1.39865,1.26,2.10
2011.06.17 09:09:22.602,1.39849,1.39866,1.13,2.10
2011.06.17 09:09:22.842,1.39851,1.39875,1.13,1.35
2011.06.17 09:09:23.072,1.39848,1.39875,1.35,1.35
2011.06.17 09:09:23.302,1.39852,1.3988,1.35,2.10
2011.06.17 09:09:23.882,1.39852,1.3988,1.35,2.10
2011.06.17 09:09:24.010,1.39852,1.3988,1.35,1.35
2011.06.17 09:09:24.132,1.39857,1.39881,1.35,1.35
2011.06.17 09:09:24.358,1.39857,1.39885,1.35,2.10
2011.06.17 09:09:25.221,1.3985,1.39882,1.35,2.10
2011.06.17 09:09:25.559,1.39847,1.39875,1.50,1.35
2011.06.17 09:09:25.890,1.39841,1.39875,3.08,1.35
2011.06.17 09:09:26.438,1.39842,1.39874,3.90,1.50
2011.06.17 09:09:26.658,1.39842,1.39868,2.33,1.35
2011.06.17 09:09:26.988,1.39836,1.39859,1.50,2.10
2011.06.17 09:09:27.099,1.39836,1.39859,1.50,2.10
2011.06.17 09:09:27.428,1.39829,1.39854,3.08,2.10
2011.06.17 09:09:27.537,1.39829,1.39862,3.68,2.10
2011.06.17 09:09:28.097,1.3983,1.39862,2.33,2.10
2011.06.17 09:09:28.318,1.39831,1.39862,2.33,2.10
2011.06.17 09:09:29.416,1.39829,1.39862,1.35,2.10
2011.06.17 09:09:30.076,1.39831,1.39863,2.33,2.10
2011.06.17 09:09:31.887,1.39833,1.39867,2.33,2.10
2011.06.17 09:09:32.012,1.39831,1.39863,2.33,2.10
2011.06.17 09:09:32.457,1.39837,1.39863,2.33,2.10
2011.06.17 09:09:33.213,1.39842,1.3987,2.33,1.35
2011.06.17 09:09:33.553,1.39848,1.39874,1.58,1.50
2011.06.17 09:09:33.668,1.39842,1.39873,2.33,2.10
2011.06.17 09:09:33.886,1.39842,1.39873,2.33,2.10
2011.06.17 09:09:34.109,1.3985,1.39876,1.58,2.10
2011.06.17 09:09:34.217,1.3985,1.39876,2.33,1.73
2011.06.17 09:09:34.436,1.3985,1.39876,2.33,1.35
2011.06.17 09:09:34.987,1.39852,1.39879,2.33,2.10
2011.06.17 09:09:35.757,1.39848,1.39879,2.33,2.48
2011.06.17 09:09:36.092,1.39848,1.39881,1.35,1.88
2011.06.17 09:09:36.210,1.39848,1.39882,1.35,1.35
2011.06.17 09:09:36.329,1.39846,1.39881,1.50,1.35
2011.06.17 09:09:36.549,1.39842,1.39878,2.93,2.10
2011.06.17 09:09:36.769,1.39842,1.39876,2.10,1.13
2011.06.17 09:09:37.538,1.39842,1.39877,2.10,1.13
2011.06.17 09:09:37.867,1.39853,1.3988,1.35,1.95
2011.06.17 09:09:38.196,1.39855,1.39884,1.35,1.73
2011.06.17 09:09:39.091,1.39851,1.39884,1.35,1.88
2011.06.17 09:09:39.210,1.39851,1.39884,1.35,1.13
2011.06.17 09:09:39.547,1.39852,1.39885,2.33,2.10
2011.06.17 09:09:39.657,1.39852,1.39885,2.33,2.10
2011.06.17 09:09:40.209,1.39856,1.39885,2.33,1.13
2011.06.17 09:09:40.318,1.39854,1.39887,2.33,1.13
2011.06.17 09:09:40.758,1.39856,1.39889,2.33,1.88
2011.06.17 09:09:40.868,1.39856,1.39889,2.33,1.13
2011.06.17 09:09:41.197,1.39856,1.3989,2.33,2.25
2011.06.17 09:09:41.527,1.39856,1.39888,2.33,1.13
2011.06.17 09:09:42.442,1.39863,1.39888,1.58,1.13
2011.06.17 09:09:42.564,1.39861,1.39892,2.33,1.13
2011.06.17 09:09:42.680,1.39861,1.39892,2.33,1.13
2011.06.17 09:09:42.909,1.39861,1.39895,2.33,1.50
2011.06.17 09:09:43.346,1.39861,1.39896,2.33,2.10
2011.06.17 09:09:43.904,1.39866,1.39896,1.58,1.50
2011.06.17 09:09:44.238,1.39866,1.39899,2.33,1.13
2011.06.17 09:09:44.569,1.39868,1.39888,1.58,1.88
2011.06.17 09:09:44.789,1.39859,1.39892,1.50,1.73
2011.06.17 09:09:45.501,1.39855,1.39891,1.50,2.48
2011.06.17 09:09:45.731,1.39859,1.39889,1.35,1.35
2011.06.17 09:09:46.066,1.39859,1.3989,1.35,2.10
2011.06.17 09:09:46.183,1.39862,1.39892,1.35,1.35
2011.06.17 09:09:46.297,1.39861,1.39889,2.33,2.10
2011.06.17 09:09:46.407,1.39862,1.39892,1.35,4.35
2011.06.17 09:09:46.740,1.39862,1.3989,1.58,1.13
2011.06.17 09:09:46.852,1.39864,1.39892,2.33,1.13
2011.06.17 09:09:46.970,1.39862,1.39896,2.33,1.35
2011.06.17 09:09:47.201,1.3986,1.39893,1.35,1.50
2011.06.17 09:09:47.429,1.3986,1.39894,1.35,1.13
2011.06.17 09:09:47.649,1.3986,1.39894,1.35,1.13
2011.06.17 09:09:48.534,1.39862,1.39895,2.25,2.10
2011.06.17 09:09:48.655,1.39862,1.39894,1.50,1.13
2011.06.17 09:09:48.991,1.39859,1.39892,2.33,2.48
2011.06.17 09:09:49.219,1.39853,1.39883,2.33,1.73
2011.06.17 09:09:49.890,1.39849,1.39876,2.33,2.10
2011.06.17 09:09:50.009,1.39845,1.39871,1.58,1.13
2011.06.17 09:09:50.447,1.39846,1.39876,2.33,1.35
2011.06.17 09:09:50.776,1.3985,1.39876,2.33,1.35
2011.06.17 09:09:50.888,1.3985,1.39877,2.33,1.35
2011.06.17 09:09:51.335,1.3985,1.39876,3.15,1.35
2011.06.17 09:09:51.453,1.39851,1.3988,2.33,1.13
2011.06.17 09:09:51.570,1.39856,1.39883,1.58,1.50
2011.06.17 09:09:51.907,1.39858,1.39887,2.33,1.13
2011.06.17 09:09:52.127,1.39861,1.39889,1.58,2.10
2011.06.17 09:09:52.677,1.39861,1.39889,2.33,1.35
2011.06.17 09:09:52.898,1.39861,1.39889,1.58,2.10
2011.06.17 09:09:53.007,1.39859,1.39889,1.58,2.10
2011.06.17 09:09:53.227,1.39856,1.39887,2.33,1.50
2011.06.17 09:09:53.560,1.39856,1.39882,2.33,5.10
2011.06.17 09:09:53.900,1.39846,1.39878,2.33,1.35
2011.06.17 09:09:54.238,1.39843,1.39874,2.33,1.13
2011.06.17 09:09:55.167,1.39846,1.39873,2.33,1.13
2011.06.17 09:09:55.497,1.39851,1.39876,1.58,1.13
2011.06.17 09:09:55.936,1.39851,1.3988,1.58,1.88
2011.06.17 09:09:56.487,1.39851,1.3988,2.33,1.13
2011.06.17 09:09:57.468,1.39842,1.39872,2.33,1.35
2011.06.17 09:09:57.578,1.39842,1.39872,2.33,1.13
2011.06.17 09:09:58.079,1.39845,1.39872,1.58,1.13
2011.06.17 09:09:58.408,1.39845,1.39875,2.33,1.13
2011.06.17 09:09:58.626,1.39845,1.39876,2.33,2.10
2011.06.17 09:09:58.739,1.39846,1.39879,2.93,2.63
2011.06.17 09:09:59.314,1.39852,1.39879,1.58,1.50
2011.06.17 09:09:59.662,1.39853,1.39882,2.33,1.13
2011.06.17 09:09:59.887,1.39853,1.39883,2.33,1.13
2011.06.17 09:10:00.576,1.39853,1.39882,2.33,2.25
2011.06.17 09:10:01.108,1.39853,1.39885,2.33,2.25
2011.06.17 09:10:02.207,1.39856,1.39885,2.33,1.88
2011.06.17 09:10:02.429,1.39852,1.39882,2.93,1.13
2011.06.17 09:10:03.831,1.39852,1.39884,1.35,1.13
2011.06.17 09:10:03.947,1.39852,1.39884,1.35,1.13
2011.06.17 09:10:04.172,1.39852,1.3988,1.35,1.50
2011.06.17 09:10:04.511,1.39845,1.39876,2.93,1.50
2011.06.17 09:10:04.628,1.39845,1.39876,1.35,1.50
2011.06.17 09:10:05.178,1.39845,1.39875,1.35,1.50
2011.06.17 09:10:05.837,1.39848,1.39877,2.33,2.25
2011.06.17 09:10:05.948,1.39851,1.39877,1.35,1.13
2011.06.17 09:10:06.168,1.39851,1.39877,1.35,1.13
2011.06.17 09:10:06.497,1.39852,1.39877,2.33,1.13
2011.06.17 09:10:07.292,1.39851,1.39883,2.33,3.60
2011.06.17 09:10:07.828,1.39853,1.39883,2.33,2.10
2011.06.17 09:10:08.503,1.39853,1.39882,2.33,1.73
2011.06.17 09:10:08.838,1.39856,1.39882,2.33,1.50
2011.06.17 09:10:09.057,1.39852,1.39882,2.33,1.13
2011.06.17 09:10:09.938,1.39853,1.39885,1.35,1.50
2011.06.17 09:10:14.469,1.39853,1.39882,1.35,1.13
2011.06.17 09:10:14.696,1.39853,1.39882,1.35,1.13
2011.06.17 09:10:14.809,1.39851,1.39882,2.33,1.13
2011.06.17 09:10:15.286,1.39852,1.39882,1.35,1.13
2011.06.17 09:10:15.396,1.39852,1.39882,1.35,1.13
2011.06.17 09:10:15.508,1.39852,1.39882,1.35,1.13
2011.06.17 09:10:16.108,1.39847,1.39876,1.35,1.50
2011.06.17 09:10:16.220,1.39859,1.39879,1.58,1.13
2011.06.17 09:10:16.558,1.39851,1.39881,1.35,1.88
2011.06.17 09:10:16.668,1.39852,1.39881,1.35,1.13
2011.06.17 09:10:17.328,1.39852,1.39879,1.35,1.13
2011.06.17 09:10:17.769,1.39852,1.39877,1.35,1.13
2011.06.17 09:10:17.881,1.39852,1.39877,2.18,1.88
2011.06.17 09:10:18.221,1.39849,1.39875,1.58,1.13
2011.06.17 09:10:18.667,1.39847,1.39872,1.58,1.13
2011.06.17 09:10:18.888,1.39844,1.39872,1.58,1.13
2011.06.17 09:10:19.357,1.39846,1.39872,1.58,1.13
2011.06.17 09:10:19.577,1.39844,1.39872,1.58,1.13
2011.06.17 09:10:20.127,1.39844,1.3987,1.58,1.13
2011.06.17 09:10:20.239,1.39849,1.39871,1.58,1.13
2011.06.17 09:10:20.458,1.39849,1.39875,1.58,1.13
2011.06.17 09:10:23.378,1.39849,1.39873,1.58,1.50
2011.06.17 09:10:23.486,1.39846,1.39873,1.58,1.50
2011.06.17 09:10:23.598,1.39842,1.39871,2.33,2.10
2011.06.17 09:10:24.037,1.39847,1.39867,1.58,1.13
2011.06.17 09:10:24.260,1.39842,1.39873,2.18,1.13
2011.06.17 09:10:25.107,1.39838,1.39869,2.10,1.13
2011.06.17 09:10:25.658,1.39838,1.39865,2.10,1.50
2011.06.17 09:10:25.773,1.39831,1.39862,1.26,1.73
2011.06.17 09:10:25.891,1.3983,1.39861,2.33,1.73
2011.06.17 09:10:26.122,1.39833,1.39861,1.35,1.13
2011.06.17 09:10:26.463,1.39833,1.39868,1.35,1.73
2011.06.17 09:10:26.798,1.39841,1.39872,1.35,1.50
2011.06.17 09:10:27.346,1.3984,1.39872,1.35,1.50
2011.06.17 09:10:28.807,1.3984,1.39876,4.43,2.25
2011.06.17 09:10:30.079,1.3984,1.39875,2.93,1.50
2011.06.17 09:10:30.867,1.39849,1.39875,1.58,1.50
2011.06.17 09:10:31.417,1.39849,1.39876,1.58,2.25
2011.06.17 09:10:33.487,1.39846,1.39875,2.18,1.50
2011.06.17 09:10:34.057,1.3985,1.39876,1.58,1.50
2011.06.17 09:10:34.500,1.39845,1.39875,2.18,1.50
2011.06.17 09:10:35.052,1.39845,1.39875,1.58,1.50
2011.06.17 09:10:35.279,1.39845,1.39873,1.58,1.50
2011.06.17 09:10:35.498,1.39841,1.3987,1.58,1.50
2011.06.17 09:10:36.161,1.39838,1.39868,2.33,1.50
2011.06.17 09:10:36.391,1.39841,1.39868,1.58,1.50
2011.06.17 09:10:36.728,1.39845,1.3987,1.58,1.73
2011.06.17 09:10:36.839,1.39842,1.39869,1.58,1.13
2011.06.17 09:10:36.948,1.39842,1.39869,1.58,1.13
2011.06.17 09:10:37.742,1.39845,1.39869,1.58,1.13
2011.06.17 09:10:38.187,1.39849,1.39874,1.58,1.50
2011.06.17 09:10:41.319,1.39853,1.39876,1.58,1.50
2011.06.17 09:10:41.427,1.39853,1.39877,1.58,1.50
2011.06.17 09:10:43.630,1.39853,1.39877,1.58,1.50
2011.06.17 09:10:43.749,1.3985,1.39877,1.58,2.85
2011.06.17 09:10:44.418,1.39852,1.39877,1.58,2.85
2011.06.17 09:10:44.528,1.39853,1.39873,1.58,1.13
2011.06.17 09:10:44.859,1.39851,1.39873,1.58,1.88
2011.06.17 09:10:45.188,1.39845,1.39867,1.58,1.13
2011.06.17 09:10:47.165,1.39852,1.39874,1.58,1.50
2011.06.17 09:10:47.277,1.39853,1.39874,1.58,1.50
2011.06.17 09:10:47.942,1.3985,1.39877,1.58,2.10
2011.06.17 09:10:52.607,1.39853,1.39873,1.58,1.50
2011.06.17 09:10:53.330,1.39847,1.39876,1.58,1.35
2011.06.17 09:10:53.547,1.39847,1.39875,1.58,1.50
2011.06.17 09:10:56.658,1.39862,1.39876,1.58,1.50
2011.06.17 09:10:56.987,1.39866,1.39886,1.58,2.55
2011.06.17 09:10:57.097,1.39861,1.39886,2.33,2.55
2011.06.17 09:10:57.211,1.39861,1.39877,1.58,1.50
2011.06.17 09:10:57.328,1.39856,1.39877,1.58,1.50
2011.06.17 09:10:57.440,1.39854,1.39877,1.58,1.50
2011.06.17 09:10:57.668,1.3985,1.39876,2.18,1.50
2011.06.17 09:10:57.997,1.39856,1.39876,1.58,1.50
2011.06.17 09:11:01.348,1.39861,1.39877,1.58,1.50
2011.06.17 09:11:01.678,1.39865,1.39886,2.33,2.48
2011.06.17 09:11:02.226,1.39865,1.39876,1.58,1.50
2011.06.17 09:11:02.807,1.39865,1.39886,2.33,2.48
2011.06.17 09:11:03.249,1.39867,1.39887,1.58,2.70
2011.06.17 09:11:03.687,1.3987,1.39877,1.58,1.50
2011.06.17 09:11:04.016,1.39867,1.39877,3.15,1.50
2011.06.17 09:11:04.613,1.39867,1.39877,1.58,1.50
2011.06.17 09:11:05.706,1.39867,1.39876,1.58,1.50
2011.06.17 09:11:06.477,1.39866,1.39876,1.58,1.50
2011.06.17 09:11:07.031,1.39869,1.39886,2.18,1.09
2011.06.17 09:11:07.148,1.39869,1.39901,2.18,1.88
2011.06.17 09:11:07.368,1.39868,1.39895,1.58,1.50
2011.06.17 09:11:08.470,1.39855,1.39882,1.58,1.73
2011.06.17 09:11:09.314,1.39851,1.39881,2.33,1.13
2011.06.17 09:11:09.425,1.39849,1.3988,1.11,1.13
2011.06.17 09:11:10.416,1.39849,1.3988,1.11,1.13
2011.06.17 09:11:11.078,1.39851,1.39877,1.58,1.50
2011.06.17 09:11:11.409,1.39855,1.39876,1.58,1.50
2011.06.17 09:11:11.517,1.39855,1.39876,1.58,1.50
2011.06.17 09:11:12.079,1.39855,1.39876,1.58,1.50
2011.06.17 09:11:13.749,1.3985,1.39877,2.83,1.50
2011.06.17 09:11:13.858,1.3985,1.39877,2.08,1.50
2011.06.17 09:11:13.967,1.3985,1.39877,2.08,1.50
2011.06.17 09:11:14.848,1.39848,1.39873,1.58,1.13
2011.06.17 09:11:15.068,1.39844,1.39873,1.11,1.13
2011.06.17 09:11:15.617,1.39847,1.39873,1.58,1.13
2011.06.17 09:11:16.168,1.39844,1.39876,3.43,1.50
2011.06.17 09:11:17.418,1.39844,1.39877,3.43,1.50
2011.06.17 09:11:18.074,1.39846,1.39877,2.08,1.50
2011.06.17 09:11:19.287,1.39846,1.39876,1.11,1.50
2011.06.17 09:11:19.508,1.39848,1.39876,1.58,1.50
2011.06.17 09:11:19.617,1.39848,1.39876,1.58,1.50
2011.06.17 09:11:20.888,1.39846,1.39876,2.08,1.50
2011.06.17 09:11:21.987,1.39847,1.39872,1.58,1.13
2011.06.17 09:11:22.520,1.39845,1.39872,2.08,1.73
2011.06.17 09:11:22.750,1.39838,1.39862,2.33,1.73
2011.06.17 09:11:22.869,1.39833,1.39856,1.26,1.88
2011.06.17 09:11:22.977,1.39826,1.39856,3.58,1.88
2011.06.17 09:11:23.087,1.39826,1.39856,2.83,1.88
2011.06.17 09:11:23.200,1.3983,1.39856,1.58,1.88
2011.06.17 09:11:23.635,1.3983,1.39854,1.58,1.13
2011.06.17 09:11:23.754,1.39828,1.39853,1.58,1.13
2011.06.17 09:11:23.872,1.39825,1.39853,1.58,1.13
2011.06.17 09:11:24.099,1.39818,1.39854,2.10,1.13
2011.06.17 09:11:24.433,1.3982,1.39859,1.88,1.50
2011.06.17 09:11:24.552,1.39822,1.39859,1.13,1.50
2011.06.17 09:11:24.999,1.39823,1.39859,1.35,1.50
2011.06.17 09:11:25.549,1.39822,1.39858,2.10,1.50
2011.06.17 09:11:25.992,1.39819,1.39852,1.13,1.35
2011.06.17 09:11:26.329,1.39821,1.39857,1.35,2.33
2011.06.17 09:11:26.548,1.39823,1.39853,1.58,1.35
2011.06.17 09:11:26.960,1.39823,1.39853,1.58,1.35
2011.06.17 09:11:27.074,1.39823,1.39853,1.58,1.50
2011.06.17 09:11:27.297,1.39844,1.39856,1.76,1.13
2011.06.17 09:11:27.847,1.39843,1.39857,1.95,1.50
2011.06.17 09:11:28.618,1.39822,1.39857,2.55,2.25
2011.06.17 09:11:28.726,1.39822,1.39857,2.33,2.25
2011.06.17 09:11:28.948,1.39824,1.39855,1.20,1.50
2011.06.17 09:11:29.279,1.39825,1.39857,2.03,1.50
2011.06.17 09:11:29.717,1.39827,1.39857,1.20,1.50
2011.06.17 09:11:30.488,1.39827,1.39861,1.20,1.13
2011.06.17 09:11:31.150,1.39827,1.39861,1.20,1.13
2011.06.17 09:11:31.636,1.39834,1.39867,2.03,1.50
2011.06.17 09:11:32.308,1.39836,1.39868,2.03,1.13
2011.06.17 09:11:33.022,1.39834,1.39868,2.03,1.13
2011.06.17 09:11:34.127,1.39835,1.39868,2.03,1.88
2011.06.17 09:11:35.230,1.3983,1.3986,2.03,1.50
2011.06.17 09:11:35.787,1.39826,1.3986,2.03,1.50
2011.06.17 09:11:36.007,1.39831,1.3986,2.03,2.25
2011.06.17 09:11:36.789,1.39831,1.3986,2.03,1.50
2011.06.17 09:11:37.129,1.39831,1.3986,2.03,1.50
2011.06.17 09:11:37.577,1.39832,1.3986,2.03,1.50
2011.06.17 09:11:38.458,1.39825,1.39855,1.20,1.50
2011.06.17 09:11:39.356,1.39825,1.39855,1.20,1.50
2011.06.17 09:11:39.578,1.39826,1.39856,1.20,1.50
2011.06.17 09:11:40.172,1.39826,1.39856,1.20,1.50
2011.06.17 09:11:40.797,1.39826,1.39858,1.20,1.50
2011.06.17 09:11:41.568,1.39826,1.39858,1.20,1.50
2011.06.17 09:11:42.737,1.39826,1.3986,1.20,2.25
2011.06.17 09:11:42.847,1.3983,1.3986,1.20,2.25
2011.06.17 09:11:42.959,1.39828,1.3986,1.20,1.50
2011.06.17 09:11:43.670,1.39837,1.39865,1.20,1.50
2011.06.17 09:11:43.790,1.39837,1.39864,1.20,1.35
2011.06.17 09:11:44.690,1.39837,1.39864,1.20,1.35
2011.06.17 09:11:45.357,1.39837,1.39864,1.20,1.35
2011.06.17 09:11:45.909,1.39837,1.39864,1.20,1.35
2011.06.17 09:11:46.457,1.39837,1.39862,1.20,1.35
2011.06.17 09:11:46.897,1.39834,1.39854,1.20,1.50
2011.06.17 09:11:47.118,1.39834,1.39859,1.13,1.13
2011.06.17 09:11:47.694,1.39835,1.3986,1.13,1.13
2011.06.17 09:11:49.019,1.39835,1.39866,1.13,2.63
2011.06.17 09:11:51.057,1.39834,1.39866,4.95,1.50
2011.06.17 09:11:52.354,1.39837,1.39869,1.35,1.88
2011.06.17 09:11:52.484,1.39838,1.39869,2.93,1.13
2011.06.17 09:11:52.598,1.39841,1.39868,1.58,1.50
2011.06.17 09:11:52.710,1.39839,1.39868,2.18,1.50
2011.06.17 09:11:52.926,1.39839,1.39867,2.18,1.50
2011.06.17 09:11:54.137,1.39839,1.39867,5.01,1.50
2011.06.17 09:11:54.249,1.39841,1.39867,2.18,1.50
2011.06.17 09:11:54.797,1.39846,1.39867,1.58,1.50
2011.06.17 09:11:56.367,1.39845,1.39867,1.11,1.50
2011.06.17 09:11:57.123,1.39845,1.39867,1.86,1.50
2011.06.17 09:11:57.467,1.39851,1.39873,2.18,1.13
2011.06.17 09:11:58.039,1.39851,1.39871,2.18,1.13
2011.06.17 09:11:58.589,1.39849,1.39871,1.11,1.13
2011.06.17 09:11:58.811,1.39853,1.39886,1.58,1.35
2011.06.17 09:11:59.134,1.39853,1.39886,1.58,1.35
2011.06.17 09:11:59.360,1.39853,1.39887,2.18,1.50
2011.06.17 09:11:59.735,1.3986,1.39886,1.58,1.50
2011.06.17 09:12:00.179,1.39862,1.39886,2.18,1.50
2011.06.17 09:12:00.839,1.39871,1.39887,1.58,1.50
2011.06.17 09:12:01.297,1.39865,1.39887,1.58,1.50
2011.06.17 09:12:01.435,1.39872,1.3989,1.58,1.50
2011.06.17 09:12:02.307,1.3986,1.39878,1.58,2.10
2011.06.17 09:12:02.423,1.39848,1.39878,2.33,2.10
2011.06.17 09:12:02.541,1.39853,1.39881,1.35,1.35
2011.06.17 09:12:02.770,1.39853,1.39882,2.93,1.35
2011.06.17 09:12:03.537,1.39853,1.39882,1.58,2.85
2011.06.17 09:12:03.646,1.39853,1.39882,2.18,1.35
2011.06.17 09:12:04.156,1.39856,1.39882,2.33,1.35
2011.06.17 09:12:07.028,1.39858,1.39885,2.18,2.10
2011.06.17 09:12:07.139,1.3986,1.39885,1.58,1.35
2011.06.17 09:12:07.577,1.39863,1.39885,1.58,1.35
2011.06.17 09:12:08.018,1.39866,1.39887,1.58,1.35
2011.06.17 09:12:08.584,1.39866,1.39888,1.58,1.50
2011.06.17 09:12:08.807,1.39863,1.39886,1.58,1.35
2011.06.17 09:12:09.468,1.39863,1.39887,1.58,1.35
2011.06.17 09:12:09.798,1.39861,1.39887,3.15,2.10
2011.06.17 09:12:10.017,1.39859,1.39886,1.58,1.50
2011.06.17 09:12:10.128,1.39856,1.39886,1.58,1.50
2011.06.17 09:12:10.239,1.39853,1.39884,1.13,1.35
2011.06.17 09:12:10.787,1.39849,1.3988,2.61,2.10
2011.06.17 09:12:11.448,1.3985,1.39876,2.33,2.10
2011.06.17 09:12:11.921,1.39852,1.39882,1.35,2.10
2011.06.17 09:12:12.045,1.39853,1.39882,1.35,1.73
2011.06.17 09:12:12.268,1.39854,1.39885,2.83,1.73
2011.06.17 09:12:12.709,1.39865,1.39885,1.58,1.13
2011.06.17 09:12:12.817,1.39865,1.39887,1.58,1.50
2011.06.17 09:12:12.928,1.39857,1.39887,3.58,1.50
2011.06.17 09:12:13.040,1.39858,1.39887,1.58,1.88
2011.06.17 09:12:13.450,1.39858,1.39887,2.33,1.13
2011.06.17 09:12:14.147,1.39858,1.39887,2.33,1.13
2011.06.17 09:12:14.481,1.39866,1.39888,1.58,1.50
2011.06.17 09:12:14.818,1.39868,1.39891,1.58,2.25
2011.06.17 09:12:15.278,1.39866,1.39891,3.15,1.50
2011.06.17 09:12:15.609,1.39867,1.39888,2.10,1.50
2011.06.17 09:12:15.937,1.39876,1.39891,1.58,1.50
2011.06.17 09:12:16.049,1.39872,1.39891,1.58,1.50
2011.06.17 09:12:16.170,1.39867,1.39891,1.26,1.50
2011.06.17 09:12:16.279,1.39864,1.39891,2.33,1.50
2011.06.17 09:12:16.499,1.3986,1.39886,3.90,1.50
2011.06.17 09:12:17.489,1.39862,1.39886,2.18,1.50
2011.06.17 09:12:17.817,1.39866,1.39887,1.58,1.50
2011.06.17 09:12:18.443,1.39866,1.39889,2.18,1.50
2011.06.17 09:12:18.986,1.39863,1.39889,2.18,1.50
2011.06.17 09:12:19.431,1.39861,1.39887,2.93,1.50
2011.06.17 09:12:19.767,1.39868,1.39887,2.10,1.50
2011.06.17 09:12:20.209,1.39879,1.39894,1.58,1.50
2011.06.17 09:12:20.428,1.39888,1.39909,1.58,1.50
2011.06.17 09:12:20.649,1.39883,1.39907,2.08,1.50
2011.06.17 09:12:20.760,1.3988,1.39907,1.58,1.50
2011.06.17 09:12:20.870,1.3988,1.3991,2.33,1.88
2011.06.17 09:12:21.401,1.39881,1.39916,2.61,1.50
2011.06.17 09:12:21.621,1.3989,1.39919,1.50,1.50
2011.06.17 09:12:22.069,1.39892,1.39918,1.35,1.50
2011.06.17 09:12:22.291,1.39891,1.39913,1.58,1.35
2011.06.17 09:12:22.411,1.39884,1.39913,1.13,1.35
2011.06.17 09:12:22.860,1.39885,1.39911,2.33,2.10
2011.06.17 09:12:23.188,1.39878,1.39903,1.58,1.35
2011.06.17 09:12:23.302,1.39875,1.3991,3.08,1.50
2011.06.17 09:12:23.419,1.39884,1.39903,1.58,1.35
2011.06.17 09:12:23.825,1.39877,1.39903,2.10,1.35
2011.06.17 09:12:23.935,1.39886,1.39912,1.35,2.10
2011.06.17 09:12:24.381,1.39881,1.39911,1.35,2.10
2011.06.17 09:12:24.718,1.39881,1.39911,1.35,2.10
2011.06.17 09:12:24.827,1.39882,1.39912,2.93,1.35
2011.06.17 09:12:25.159,1.39884,1.39914,2.93,1.73
2011.06.17 09:12:28.760,1.39882,1.39909,2.18,1.35
2011.06.17 09:12:29.306,1.39885,1.39914,2.33,2.85
2011.06.17 09:12:29.417,1.39886,1.39917,2.10,1.35
2011.06.17 09:12:29.638,1.39881,1.39911,1.35,2.10
2011.06.17 09:12:29.859,1.39886,1.39914,1.35,1.35
2011.06.17 09:12:29.967,1.39883,1.39914,2.93,1.13
2011.06.17 09:12:30.746,1.39885,1.39917,2.33,1.35
2011.06.17 09:12:31.298,1.39875,1.39907,1.50,1.35
2011.06.17 09:12:31.407,1.39873,1.39907,1.35,1.35
2011.06.17 09:12:31.517,1.39881,1.39907,1.58,2.10
2011.06.17 09:12:31.630,1.39877,1.39907,1.58,2.10
2011.06.17 09:12:31.857,1.3987,1.39903,1.50,2.85
2011.06.17 09:12:32.426,1.39872,1.39895,2.33,1.35
2011.06.17 09:12:32.649,1.39866,1.39892,1.50,1.35
2011.06.17 09:12:32.758,1.39869,1.39896,1.35,1.50
2011.06.17 09:12:33.087,1.39868,1.39898,2.85,1.35
2011.06.17 09:12:33.198,1.39873,1.39902,2.10,2.10
2011.06.17 09:12:33.308,1.39873,1.39903,2.85,1.35
2011.06.17 09:12:33.529,1.39869,1.39897,1.35,1.35
2011.06.17 09:12:33.859,1.39874,1.39901,2.18,1.35
2011.06.17 09:12:33.968,1.39874,1.39901,2.18,1.35
2011.06.17 09:12:34.187,1.39874,1.39902,2.18,1.35
2011.06.17 09:12:34.627,1.3988,1.39905,1.50,2.10
2011.06.17 09:12:35.590,1.3988,1.39909,1.50,2.10
2011.06.17 09:12:36.504,1.3987,1.39887,1.65,1.35
2011.06.17 09:12:36.838,1.39879,1.39892,1.50,1.50
2011.06.17 09:12:36.950,1.39862,1.39889,2.18,1.35
2011.06.17 09:12:37.072,1.39871,1.39896,1.58,2.10
2011.06.17 09:12:37.415,1.39874,1.39899,1.58,1.35
2011.06.17 09:12:40.673,1.39862,1.39893,3.08,1.35
2011.06.17 09:12:41.013,1.39863,1.39899,1.35,1.50
2011.06.17 09:12:41.787,1.39872,1.399,1.58,1.35
2011.06.17 09:12:42.267,1.39868,1.399,2.33,1.35
2011.06.17 09:12:42.707,1.39868,1.39898,1.58,2.25
2011.06.17 09:12:43.479,1.39865,1.39893,1.58,1.35
2011.06.17 09:12:44.137,1.39864,1.39893,1.58,1.35
2011.06.17 09:12:44.247,1.39862,1.39893,3.15,1.35
2011.06.17 09:12:44.807,1.39862,1.3989,1.58,1.35
2011.06.17 09:12:45.284,1.39862,1.39892,1.58,2.25
2011.06.17 09:12:45.388,1.39862,1.3989,1.58,1.50
2011.06.17 09:12:45.718,1.39848,1.39881,1.35,1.50
2011.06.17 09:12:45.828,1.39851,1.39882,1.50,1.50
2011.06.17 09:12:46.377,1.39854,1.3988,2.33,4.50
2011.06.17 09:12:46.487,1.39854,1.39881,2.33,1.13
2011.06.17 09:12:46.708,1.3985,1.39885,2.33,2.48
2011.06.17 09:12:46.927,1.39856,1.39885,2.33,1.73
2011.06.17 09:12:47.698,1.3985,1.39889,1.35,2.25
2011.06.17 09:12:47.807,1.3985,1.39889,1.35,2.25
2011.06.17 09:12:48.028,1.39864,1.39888,1.58,1.50
2011.06.17 09:12:48.138,1.39861,1.39886,1.58,1.50
2011.06.17 09:12:48.246,1.39863,1.39886,1.58,1.50
2011.06.17 09:12:48.357,1.39863,1.39889,1.58,1.50
2011.06.17 09:12:48.577,1.39863,1.39889,1.58,1.50
2011.06.17 09:12:49.682,1.39863,1.39889,1.58,1.50
2011.06.17 09:12:50.127,1.39863,1.39888,1.58,1.50
2011.06.17 09:12:50.348,1.39863,1.39889,1.58,1.50
2011.06.17 09:12:51.717,1.3987,1.3989,1.58,1.50
2011.06.17 09:12:52.048,1.39864,1.39891,1.58,1.88
2011.06.17 09:12:52.816,1.39864,1.39891,1.58,1.88
2011.06.17 09:12:54.423,1.39864,1.39887,1.58,4.50
2011.06.17 09:12:54.762,1.3986,1.39881,1.58,1.50
2011.06.17 09:12:54.882,1.3986,1.39887,1.58,1.50
2011.06.17 09:12:55.000,1.39863,1.39888,1.58,1.50
2011.06.17 09:12:55.556,1.39863,1.39893,3.08,1.88
2011.06.17 09:12:57.487,1.39863,1.39893,3.08,1.88
2011.06.17 09:12:58.775,1.39865,1.39893,2.33,1.50
2011.06.17 09:12:58.890,1.39863,1.39893,3.08,1.50
2011.06.17 09:12:59.457,1.39863,1.3989,2.33,1.50
2011.06.17 09:12:59.676,1.39863,1.39889,2.33,1.50
2011.06.17 09:13:01.578,1.39869,1.39889,1.58,1.50
2011.06.17 09:13:02.127,1.39869,1.39893,1.58,1.24
2011.06.17 09:13:03.148,1.39871,1.39893,1.58,1.99
2011.06.17 09:13:03.257,1.39869,1.39893,1.58,1.99
2011.06.17 09:13:03.807,1.3987,1.39893,1.58,1.24
2011.06.17 09:13:05.787,1.39869,1.39893,1.58,1.24
2011.06.17 09:13:05.898,1.39867,1.39893,1.58,1.24
2011.06.17 09:13:06.567,1.3987,1.39893,1.58,1.24
2011.06.17 09:13:07.117,1.39869,1.39893,1.58,1.24
2011.06.17 09:13:08.051,1.3987,1.39893,1.58,1.24
2011.06.17 09:13:11.681,1.39865,1.39893,2.33,1.24
2011.06.17 09:13:12.457,1.39863,1.39887,1.50,1.24
2011.06.17 09:13:12.679,1.39863,1.39887,1.50,2.22
2011.06.17 09:13:13.167,1.39863,1.39883,1.50,1.13
2011.06.17 09:13:13.718,1.39859,1.39887,1.50,1.24
2011.06.17 09:13:13.937,1.39861,1.39887,1.50,1.24
2011.06.17 09:13:14.770,1.39863,1.39884,1.50,1.35
2011.06.17 09:13:15.331,1.39863,1.39888,3.08,1.24
2011.06.17 09:13:15.669,1.39865,1.39889,1.58,1.09
2011.06.17 09:13:16.108,1.39863,1.39889,3.08,1.09
2011.06.17 09:13:18.997,1.39863,1.39887,1.50,1.09
2011.06.17 09:13:19.685,1.39863,1.39889,1.50,2.37
2011.06.17 09:13:20.676,1.39863,1.39891,1.50,1.62
2011.06.17 09:13:23.959,1.39866,1.39893,1.58,1.24
2011.06.17 09:13:24.819,1.39863,1.39893,1.88,1.24
2011.06.17 09:13:24.944,1.39867,1.39893,1.58,1.24
2011.06.17 09:13:25.728,1.39865,1.39893,1.58,1.24
2011.06.17 09:13:25.839,1.39863,1.39893,2.10,1.24
2011.06.17 09:13:26.718,1.39863,1.3989,1.35,1.24
2011.06.17 09:13:27.718,1.39863,1.3989,2.85,1.24
2011.06.17 09:13:30.188,1.39865,1.3989,1.35,1.24
2011.06.17 09:13:30.627,1.39863,1.3989,1.13,1.24
2011.06.17 09:13:30.738,1.39863,1.3989,1.73,1.24
2011.06.17 09:13:32.058,1.39867,1.3989,2.10,1.24
2011.06.17 09:13:32.754,1.39869,1.39894,3.68,1.20
2011.06.17 09:13:33.087,1.3989,1.39906,1.35,4.18
2011.06.17 09:13:33.199,1.3989,1.39908,1.35,1.50
2011.06.17 09:13:33.311,1.39891,1.39919,1.35,1.50
2011.06.17 09:13:33.432,1.3989,1.39914,1.58,1.50
2011.06.17 09:13:33.549,1.3988,1.39913,1.35,1.50
2011.06.17 09:13:33.663,1.39881,1.39914,2.18,1.50
2011.06.17 09:13:33.889,1.39883,1.39917,2.93,1.50
2011.06.17 09:13:34.450,1.39889,1.39917,2.10,1.50
2011.06.17 09:13:35.064,1.39878,1.3991,1.35,1.50
2011.06.17 09:13:35.187,1.3987,1.39898,2.33,1.50
2011.06.17 09:13:35.519,1.39868,1.39896,1.35,1.50
2011.06.17 09:13:35.631,1.39868,1.39896,1.50,1.50
2011.06.17 09:13:36.189,1.3988,1.39905,2.18,1.50
2011.06.17 09:13:36.527,1.39879,1.39902,1.58,1.50
2011.06.17 09:13:36.858,1.39879,1.39896,1.58,1.50
2011.06.17 09:13:37.423,1.39872,1.39896,2.18,1.50
2011.06.17 09:13:38.239,1.39872,1.39896,1.58,1.50
2011.06.17 09:13:38.457,1.39872,1.39896,2.18,1.50
2011.06.17 09:13:39.243,1.39875,1.39896,2.18,1.50
2011.06.17 09:13:39.578,1.39881,1.39896,1.58,1.50
2011.06.17 09:13:39.798,1.39876,1.39896,2.18,1.50
2011.06.17 09:13:40.149,1.39882,1.39897,2.18,1.50
2011.06.17 09:13:40.698,1.39878,1.39896,2.18,1.50
2011.06.17 09:13:41.033,1.39891,1.39906,5.70,1.75
2011.06.17 09:13:41.150,1.39899,1.39932,1.50,1.50
2011.06.17 09:13:41.270,1.39907,1.39938,2.10,2.25
2011.06.17 09:13:42.368,1.39897,1.39929,1.35,1.13
2011.06.17 09:13:42.590,1.39895,1.39927,2.10,1.50
2011.06.17 09:13:42.708,1.39894,1.39927,1.35,1.50
2011.06.17 09:13:42.926,1.3989,1.39929,1.73,1.50
2011.06.17 09:13:43.477,1.39894,1.39926,1.35,1.50
2011.06.17 09:13:43.808,1.39904,1.39931,2.10,1.50
2011.06.17 09:13:44.141,1.39898,1.39931,1.48,1.50
2011.06.17 09:13:44.478,1.39896,1.39931,1.35,1.88
2011.06.17 09:13:44.697,1.39895,1.39931,1.73,1.88
2011.06.17 09:13:45.029,1.39899,1.39931,2.10,1.50
2011.06.17 09:13:45.138,1.39891,1.39929,2.61,1.13
2011.06.17 09:13:45.251,1.39891,1.3991,1.26,2.10
2011.06.17 09:13:45.369,1.39882,1.39905,1.26,2.10
2011.06.17 09:13:45.799,1.39879,1.39908,1.35,2.48
2011.06.17 09:13:46.129,1.39883,1.39908,2.33,1.35
2011.06.17 09:13:46.237,1.39886,1.39914,1.73,1.50
2011.06.17 09:13:46.681,1.39892,1.39915,1.58,1.50
2011.06.17 09:13:46.800,1.39889,1.39915,1.95,1.50
2011.06.17 09:13:46.919,1.39894,1.39915,1.58,1.50
2011.06.17 09:13:47.249,1.39894,1.39914,1.58,1.35
2011.06.17 09:13:47.359,1.3989,1.39914,1.58,1.35
2011.06.17 09:13:47.579,1.39888,1.39914,1.58,1.50
2011.06.17 09:13:48.228,1.39893,1.39917,1.58,1.50
2011.06.17 09:13:48.447,1.39896,1.39915,1.58,1.50
2011.06.17 09:13:48.979,1.39889,1.39919,1.58,1.13
2011.06.17 09:13:49.307,1.39889,1.39919,1.58,1.13
2011.06.17 09:13:50.477,1.3988,1.39909,1.35,4.50
2011.06.17 09:13:50.588,1.39876,1.39904,2.08,1.50
2011.06.17 09:13:50.703,1.39879,1.39904,1.58,1.50
2011.06.17 09:13:51.040,1.39877,1.3991,2.18,1.13
2011.06.17 09:13:51.161,1.39877,1.39907,2.18,1.13
2011.06.17 09:13:51.392,1.39885,1.3991,2.18,1.13
2011.06.17 09:13:51.728,1.39884,1.39911,1.58,1.50
2011.06.17 09:13:51.838,1.39881,1.39911,1.58,1.50
2011.06.17 09:13:51.948,1.39885,1.39911,1.58,1.50
2011.06.17 09:13:52.552,1.39881,1.3991,1.58,1.50
2011.06.17 09:13:52.668,1.39881,1.3991,1.58,1.50
2011.06.17 09:13:53.108,1.3988,1.39909,2.18,1.50
2011.06.17 09:13:53.768,1.39874,1.39899,2.18,1.13
2011.06.17 09:13:53.878,1.39881,1.39899,1.58,1.13
2011.06.17 09:13:54.207,1.3988,1.39903,1.58,1.13
2011.06.17 09:13:54.317,1.3988,1.39903,1.58,1.13
2011.06.17 09:13:54.538,1.39884,1.39902,1.58,1.13
2011.06.17 09:13:54.758,1.39879,1.39904,1.58,1.50
2011.06.17 09:13:54.870,1.39881,1.39904,1.58,1.50
2011.06.17 09:13:54.980,1.39879,1.39903,1.58,1.13
2011.06.17 09:13:55.310,1.39879,1.399,2.18,1.13
2011.06.17 09:13:55.649,1.39878,1.39911,2.10,1.50
2011.06.17 09:13:56.104,1.39883,1.39897,1.58,1.50
2011.06.17 09:13:56.219,1.39862,1.39895,2.25,1.13
2011.06.17 09:13:56.329,1.39861,1.39895,1.35,1.13
2011.06.17 09:13:56.449,1.39865,1.3989,1.58,1.13
2011.06.17 09:13:56.779,1.39865,1.39887,1.58,2.63
2011.06.17 09:13:57.109,1.39851,1.39875,2.18,1.13
2011.06.17 09:13:57.441,1.39847,1.39872,1.58,1.13
2011.06.17 09:13:57.558,1.39847,1.39874,1.58,1.50
2011.06.17 09:13:58.108,1.39842,1.39874,1.35,1.50
2011.06.17 09:13:58.550,1.39842,1.3987,1.35,4.50
2011.06.17 09:13:59.090,1.39845,1.39874,1.35,1.13
2011.06.17 09:13:59.214,1.3985,1.39879,1.35,1.13
2011.06.17 09:13:59.439,1.3985,1.39882,1.35,1.50
2011.06.17 09:13:59.550,1.3985,1.39882,2.10,1.50
2011.06.17 09:13:59.782,1.3985,1.39882,2.10,1.50
2011.06.17 09:14:00.011,1.39846,1.39882,1.35,1.50
2011.06.17 09:14:00.349,1.39848,1.3988,1.35,2.25
2011.06.17 09:14:00.461,1.39853,1.39881,1.35,1.50
2011.06.17 09:14:01.887,1.39853,1.39881,1.35,1.13
2011.06.17 09:14:02.602,1.39853,1.39882,1.35,1.13
2011.06.17 09:14:03.157,1.39851,1.39881,1.35,2.10
2011.06.17 09:14:03.488,1.39849,1.39877,1.35,1.35
2011.06.17 09:14:04.059,1.39849,1.39881,1.35,1.50
2011.06.17 09:14:04.628,1.3985,1.39881,1.35,1.50
2011.06.17 09:14:05.657,1.39848,1.39881,1.35,1.35
2011.06.17 09:14:05.767,1.39844,1.39878,1.35,1.50
2011.06.17 09:14:06.543,1.39853,1.39875,1.58,1.50
2011.06.17 09:14:06.656,1.39846,1.39875,2.33,1.13
2011.06.17 09:14:06.988,1.39846,1.39874,1.58,1.50
2011.06.17 09:14:07.537,1.39847,1.39875,1.58,1.13
2011.06.17 09:14:08.199,1.3985,1.39877,1.58,1.50
2011.06.17 09:14:08.748,1.39849,1.39877,2.18,1.50
2011.06.17 09:14:09.076,1.39849,1.39877,2.18,1.50
2011.06.17 09:14:09.228,1.39849,1.39877,2.18,1.50
2011.06.17 09:14:09.686,1.39849,1.39877,2.18,1.50
2011.06.17 09:14:09.907,1.39849,1.39878,2.93,1.50
2011.06.17 09:14:10.568,1.39849,1.39878,2.93,1.50
2011.06.17 09:14:11.115,1.39849,1.39877,2.93,1.13
2011.06.17 09:14:11.686,1.39849,1.39877,1.35,1.88
2011.06.17 09:14:12.020,1.3984,1.39874,3.43,4.50
2011.06.17 09:14:12.238,1.3984,1.39869,2.93,1.88
2011.06.17 09:14:14.111,1.39844,1.39868,1.58,1.13
2011.06.17 09:14:14.232,1.3984,1.39869,2.93,1.13
2011.06.17 09:14:14.351,1.39843,1.39869,1.58,1.50
2011.06.17 09:14:14.888,1.39845,1.39869,1.58,1.50
2011.06.17 09:14:15.567,1.3985,1.39876,2.93,1.88
2011.06.17 09:14:16.009,1.39845,1.39874,2.93,1.13
2011.06.17 09:14:16.118,1.39845,1.39872,2.18,1.50
2011.06.17 09:14:16.339,1.39843,1.3987,2.18,1.50
2011.06.17 09:14:16.451,1.39851,1.3987,2.18,1.50
2011.06.17 09:14:16.568,1.39851,1.39874,2.18,1.88
2011.06.17 09:14:16.787,1.39851,1.39874,1.58,1.88
2011.06.17 09:14:17.027,1.39851,1.39874,1.58,1.50
2011.06.17 09:14:17.248,1.39848,1.39874,1.58,1.50
2011.06.17 09:14:17.361,1.39851,1.39872,1.58,1.35
2011.06.17 09:14:17.589,1.39846,1.3987,1.58,1.50
2011.06.17 09:14:18.278,1.39844,1.39868,2.18,1.50
2011.06.17 09:14:18.946,1.3984,1.39871,2.18,1.88
2011.06.17 09:14:19.499,1.3984,1.39872,2.93,2.63
2011.06.17 09:14:19.607,1.3984,1.39872,2.93,1.88
2011.06.17 09:14:19.938,1.39849,1.39872,1.58,1.13
2011.06.17 09:14:20.380,1.39853,1.39879,1.58,2.25
2011.06.17 09:14:20.489,1.39856,1.39879,1.58,1.50
2011.06.17 09:14:20.600,1.3985,1.3988,2.33,2.25
2011.06.17 09:14:20.712,1.3985,1.39879,1.58,1.50
2011.06.17 09:14:21.992,1.39848,1.39881,2.93,1.13
2011.06.17 09:14:22.549,1.39861,1.39882,1.35,1.50
2011.06.17 09:14:22.659,1.39861,1.39884,1.35,1.50
2011.06.17 09:14:22.769,1.39861,1.39889,1.35,1.50
2011.06.17 09:14:22.879,1.39861,1.39892,2.10,1.50
2011.06.17 09:14:22.989,1.3987,1.39889,2.10,1.50
2011.06.17 09:14:23.098,1.39868,1.39889,2.10,1.50
2011.06.17 09:14:23.318,1.3987,1.39899,2.10,1.50
2011.06.17 09:14:23.428,1.3987,1.39899,2.10,1.50
2011.06.17 09:14:23.758,1.39862,1.39893,1.35,2.10
2011.06.17 09:14:23.868,1.3986,1.39889,1.35,1.35
2011.06.17 09:14:24.089,1.39852,1.39891,1.13,1.50
2011.06.17 09:14:24.528,1.39851,1.39887,1.50,1.50
2011.06.17 09:14:25.223,1.39865,1.3989,2.25,1.35
2011.06.17 09:14:25.341,1.39865,1.39893,1.50,1.35
2011.06.17 09:14:25.462,1.39863,1.3989,1.35,1.35
2011.06.17 09:14:25.804,1.39859,1.3989,2.10,1.73
2011.06.17 09:14:26.031,1.3986,1.39889,2.18,1.50
2011.06.17 09:14:26.370,1.39856,1.39885,2.18,2.10
2011.06.17 09:14:26.490,1.39855,1.39884,2.18,1.50
2011.06.17 09:14:26.829,1.39853,1.39884,3.68,1.50
2011.06.17 09:14:27.160,1.39859,1.39881,1.58,1.50
2011.06.17 09:14:27.490,1.39856,1.39881,1.58,2.10
2011.06.17 09:14:27.717,1.39852,1.3988,1.58,1.50
2011.06.17 09:14:28.342,1.39855,1.39883,1.58,2.25
2011.06.17 09:14:28.680,1.39862,1.39884,1.58,1.50
2011.06.17 09:14:29.349,1.39864,1.39888,1.58,1.50
2011.06.17 09:14:29.790,1.39853,1.3989,1.35,1.50
2011.06.17 09:14:32.249,1.39852,1.39886,1.35,1.35
2011.06.17 09:14:32.802,1.3985,1.39886,2.18,1.50
2011.06.17 09:14:33.138,1.39849,1.39885,2.10,1.50
2011.06.17 09:14:33.687,1.39849,1.39887,2.85,2.25
2011.06.17 09:14:34.658,1.39851,1.39887,1.35,1.50
2011.06.17 09:14:34.988,1.39858,1.39887,1.58,1.50
2011.06.17 09:14:35.429,1.39858,1.39889,1.58,1.13
2011.06.17 09:14:36.724,1.39861,1.39889,1.58,1.50
2011.06.17 09:14:36.853,1.39856,1.39889,1.58,1.50
2011.06.17 09:14:37.082,1.39859,1.39889,1.58,1.50
2011.06.17 09:14:37.528,1.39862,1.39889,1.58,1.50
2011.06.17 09:14:37.751,1.39866,1.39892,1.58,1.88
2011.06.17 09:14:38.307,1.39866,1.39892,1.58,1.13
2011.06.17 09:14:39.273,1.3987,1.39893,1.58,1.50
2011.06.17 09:14:39.389,1.39862,1.39893,2.93,1.50
2011.06.17 09:14:39.500,1.39862,1.39892,2.18,1.13
2011.06.17 09:14:40.114,1.39858,1.39884,1.58,1.50
2011.06.17 09:14:40.229,1.39855,1.39884,1.58,2.10
2011.06.17 09:14:40.561,1.3985,1.39883,2.33,2.10
2011.06.17 09:14:40.897,1.39851,1.39883,2.33,2.85
2011.06.17 09:14:41.450,1.39857,1.39884,1.58,2.10
2011.06.17 09:14:41.780,1.39852,1.39876,2.33,4.50
2011.06.17 09:14:42.008,1.39843,1.39872,1.50,1.13
2011.06.17 09:14:42.118,1.39844,1.39872,1.50,1.13
2011.06.17 09:14:42.668,1.39848,1.39873,1.35,1.13
2011.06.17 09:14:43.233,1.39851,1.3988,1.35,1.50
2011.06.17 09:14:44.557,1.39851,1.39881,1.35,1.50
2011.06.17 09:14:46.349,1.3985,1.3988,1.35,1.13
2011.06.17 09:14:47.154,1.3985,1.3988,1.35,1.88
2011.06.17 09:14:47.820,1.39855,1.39881,1.35,1.13
2011.06.17 09:14:48.271,1.39848,1.39881,1.35,1.13
2011.06.17 09:14:48.938,1.3985,1.39882,1.35,1.13
2011.06.17 09:14:49.048,1.39853,1.39883,1.35,1.13
2011.06.17 09:14:49.708,1.39849,1.39882,1.35,1.13
2011.06.17 09:14:51.643,1.39849,1.39882,1.35,1.13
2011.06.17 09:14:51.980,1.39848,1.39876,1.35,1.50
2011.06.17 09:14:52.638,1.39851,1.39876,1.58,1.50
2011.06.17 09:14:53.521,1.39848,1.39877,2.93,1.50
2011.06.17 09:14:54.188,1.39843,1.39876,1.50,1.50
2011.06.17 09:14:54.411,1.39848,1.39876,1.35,2.63
2011.06.17 09:14:54.967,1.39847,1.39873,1.58,1.50
2011.06.17 09:14:55.298,1.39845,1.39875,1.35,1.50
2011.06.17 09:14:55.517,1.39845,1.39875,1.35,1.50
2011.06.17 09:14:55.983,1.39844,1.39872,2.33,1.35
2011.06.17 09:14:56.430,1.39851,1.39874,2.10,1.50
2011.06.17 09:14:56.540,1.39857,1.39877,1.58,1.50
2011.06.17 09:14:56.767,1.39857,1.3988,1.58,1.88
2011.06.17 09:14:56.988,1.39857,1.3988,2.18,1.88
2011.06.17 09:14:58.748,1.39857,1.39881,1.58,1.50
2011.06.17 09:14:58.968,1.3986,1.39881,1.58,1.50
2011.06.17 09:14:59.521,1.39856,1.39878,1.58,1.35
2011.06.17 09:14:59.639,1.39854,1.39878,1.58,1.35
2011.06.17 09:15:00.092,1.39855,1.39881,2.10,1.50
2011.06.17 09:15:00.317,1.39855,1.39881,2.10,1.50
2011.06.17 09:15:01.887,1.39855,1.39883,2.10,1.35
2011.06.17 09:15:02.218,1.39855,1.39883,2.10,2.10
2011.06.17 09:15:02.328,1.39855,1.39883,2.10,2.10
2011.06.17 09:15:03.420,1.39852,1.39878,2.10,1.50
2011.06.17 09:15:03.531,1.39845,1.39874,2.10,1.50
2011.06.17 09:15:03.873,1.39847,1.39874,2.10,1.50
2011.06.17 09:15:04.208,1.39857,1.39875,2.10,1.50
2011.06.17 09:15:04.321,1.39857,1.39878,2.10,1.50
2011.06.17 09:15:04.438,1.39853,1.39879,2.18,1.13
2011.06.17 09:15:05.797,1.39855,1.3988,2.18,1.35
2011.06.17 09:15:06.127,1.3986,1.39886,2.18,1.50
2011.06.17 09:15:06.240,1.39862,1.39886,2.18,2.25
2011.06.17 09:15:06.348,1.39859,1.39884,1.58,1.35
2011.06.17 09:15:06.568,1.39856,1.39884,2.18,1.35
2011.06.17 09:15:07.339,1.39856,1.39884,2.18,1.35
2011.06.17 09:15:07.449,1.39854,1.39879,2.18,1.35
2011.06.17 09:15:07.558,1.39851,1.39877,1.58,2.10
2011.06.17 09:15:07.780,1.39853,1.39878,2.18,2.10
2011.06.17 09:15:08.108,1.39855,1.39878,1.58,1.35
2011.06.17 09:15:08.604,1.39857,1.39882,2.18,1.50
2011.06.17 09:15:09.168,1.39856,1.39885,2.33,2.10
2011.06.17 09:15:09.757,1.39858,1.39885,1.58,2.85
2011.06.17 09:15:09.978,1.39857,1.39886,1.35,1.50
2011.06.17 09:15:10.199,1.39856,1.39882,1.58,1.35
2011.06.17 09:15:10.530,1.39855,1.39885,2.85,1.50
2011.06.17 09:15:10.747,1.39854,1.39883,1.35,1.35
2011.06.17 09:15:11.298,1.39853,1.39881,1.35,2.10
2011.06.17 09:15:11.409,1.39857,1.39881,1.58,1.35
2011.06.17 09:15:11.737,1.39859,1.39887,2.93,2.48
2011.06.17 09:15:12.730,1.39859,1.39887,2.93,1.35
2011.06.17 09:15:13.179,1.39864,1.39889,2.10,1.13
2011.06.17 09:15:13.508,1.39864,1.3989,1.35,1.73
2011.06.17 09:15:14.497,1.39862,1.39891,2.18,2.48
2011.06.17 09:15:15.046,1.39862,1.39891,2.18,2.48
2011.06.17 09:15:15.509,1.39862,1.39889,1.58,1.35
2011.06.17 09:15:15.840,1.39862,1.39881,1.58,2.10
2011.06.17 09:15:15.961,1.39858,1.39885,2.33,2.10
2011.06.17 09:15:16.078,1.39858,1.39888,4.43,2.10
2011.06.17 09:15:16.517,1.39858,1.39886,2.33,2.10
2011.06.17 09:15:17.146,1.39861,1.3989,2.18,1.50
2011.06.17 09:15:17.261,1.3986,1.39888,2.18,2.85
2011.06.17 09:15:18.038,1.39858,1.39884,2.33,2.10
2011.06.17 09:15:18.588,1.39857,1.39884,1.35,1.35
2011.06.17 09:15:19.620,1.39858,1.39886,2.85,2.10
2011.06.17 09:15:20.287,1.39858,1.39886,1.35,2.10
2011.06.17 09:15:20.617,1.39857,1.39884,2.33,2.10
2011.06.17 09:15:21.607,1.39858,1.39884,2.33,2.10
2011.06.17 09:15:22.843,1.3986,1.39886,2.33,1.35
2011.06.17 09:15:24.510,1.39861,1.39888,2.10,3.00
2011.06.17 09:15:24.628,1.39861,1.39888,2.10,1.50
2011.06.17 09:15:24.741,1.39861,1.39888,2.10,1.50
2011.06.17 09:15:24.859,1.39858,1.39888,2.18,2.10
2011.06.17 09:15:26.478,1.39865,1.39887,3.68,1.50
2011.06.17 09:15:26.587,1.39865,1.39887,1.58,1.50
2011.06.17 09:15:26.697,1.39865,1.3989,1.58,1.35
2011.06.17 09:15:28.283,1.39867,1.39891,1.58,1.35
2011.06.17 09:15:28.619,1.39865,1.39891,1.58,2.10
2011.06.17 09:15:29.208,1.39865,1.39889,1.58,2.10
2011.06.17 09:15:29.539,1.39868,1.39889,1.58,2.10
2011.06.17 09:15:29.758,1.39864,1.39889,2.33,2.10
2011.06.17 09:15:29.868,1.39866,1.39889,1.58,2.10
2011.06.17 09:15:33.017,1.39866,1.39893,1.58,1.35
2011.06.17 09:15:34.029,1.39863,1.39891,1.35,1.73
2011.06.17 09:15:34.249,1.39855,1.3989,2.33,1.73
2011.06.17 09:15:34.358,1.39855,1.39889,2.33,1.35
2011.06.17 09:15:34.910,1.3986,1.39892,1.35,1.50
2011.06.17 09:15:35.237,1.3987,1.39896,1.58,1.50
2011.06.17 09:15:35.348,1.3987,1.39898,1.58,1.50
2011.06.17 09:15:35.898,1.3987,1.39898,1.58,2.25
2011.06.17 09:15:36.239,1.39867,1.39898,1.35,3.00
2011.06.17 09:15:36.569,1.39866,1.39892,2.18,1.50
2011.06.17 09:15:37.235,1.39864,1.39894,2.33,3.08
2011.06.17 09:15:37.790,1.39863,1.39893,2.33,1.50
2011.06.17 09:15:38.339,1.39863,1.39893,2.33,1.88
2011.06.17 09:15:38.448,1.39863,1.39893,1.58,1.88
2011.06.17 09:15:39.099,1.39864,1.39892,2.33,1.50
2011.06.17 09:15:39.318,1.39865,1.39896,2.33,3.23
2011.06.17 09:15:39.429,1.39866,1.39896,1.35,2.63
2011.06.17 09:15:39.651,1.39867,1.39896,2.33,1.13
2011.06.17 09:15:39.879,1.39861,1.39894,2.33,1.50
2011.06.17 09:15:39.987,1.39861,1.39894,2.33,2.25
2011.06.17 09:15:40.098,1.39861,1.39894,2.33,3.00
2011.06.17 09:15:40.902,1.39864,1.39892,2.33,1.50
2011.06.17 09:15:41.241,1.39864,1.39893,2.33,1.13
2011.06.17 09:15:41.797,1.39861,1.39893,2.33,1.88
2011.06.17 09:15:42.458,1.39861,1.39894,2.33,2.25
2011.06.17 09:15:42.568,1.39868,1.39894,1.58,2.25
2011.06.17 09:15:42.790,1.39861,1.39893,2.33,1.50
2011.06.17 09:15:43.010,1.39867,1.39893,3.15,1.50
2011.06.17 09:15:43.229,1.39864,1.39893,2.33,1.50
2011.06.17 09:15:43.448,1.39867,1.39898,2.33,2.10
2011.06.17 09:15:43.778,1.39869,1.39898,2.33,1.35
2011.06.17 09:15:43.888,1.39869,1.39898,2.33,1.35
2011.06.17 09:15:44.970,1.39863,1.39895,1.35,1.50
2011.06.17 09:15:45.083,1.39861,1.39895,2.33,2.10
2011.06.17 09:15:45.856,1.3986,1.39895,2.33,2.10
2011.06.17 09:15:45.967,1.39865,1.39895,2.33,1.35
2011.06.17 09:15:46.187,1.39862,1.39894,2.33,1.50
2011.06.17 09:15:46.298,1.39866,1.39894,2.33,1.50
2011.06.17 09:15:46.408,1.39866,1.39895,2.33,1.35
2011.06.17 09:15:46.738,1.39869,1.39895,1.58,1.50
2011.06.17 09:15:47.286,1.39869,1.39898,1.58,1.88
2011.06.17 09:15:47.398,1.39871,1.39898,1.58,1.50
2011.06.17 09:15:47.727,1.39871,1.39899,2.33,1.50
2011.06.17 09:15:48.276,1.39871,1.39902,2.33,1.50
2011.06.17 09:15:48.684,1.39871,1.39901,1.58,1.50
2011.06.17 09:15:49.469,1.39874,1.39903,1.58,1.50
2011.06.17 09:15:49.880,1.3988,1.39901,1.58,1.50
2011.06.17 09:15:49.988,1.39875,1.39905,1.58,1.50
2011.06.17 09:15:50.097,1.39875,1.39905,1.58,1.50
2011.06.17 09:15:50.427,1.39877,1.39904,1.58,1.50
2011.06.17 09:15:51.029,1.39878,1.39904,1.58,1.50
2011.06.17 09:15:51.140,1.39881,1.39907,1.58,1.50
2011.06.17 09:15:51.480,1.3988,1.39907,1.58,1.50
2011.06.17 09:15:51.598,1.3987,1.39907,2.33,2.25
2011.06.17 09:15:52.038,1.39867,1.39904,1.73,1.50
2011.06.17 09:15:52.597,1.39878,1.39903,1.58,1.35
2011.06.17 09:15:52.714,1.39872,1.39903,1.58,1.35
2011.06.17 09:15:52.830,1.39872,1.39901,1.58,1.50
2011.06.17 09:15:52.950,1.39868,1.39902,1.58,1.88
2011.06.17 09:15:53.507,1.39867,1.39902,2.33,2.63
2011.06.17 09:15:53.618,1.39867,1.39902,2.33,2.63
2011.06.17 09:15:53.950,1.39865,1.39901,2.33,2.33
2011.06.17 09:15:54.179,1.3986,1.399,1.50,1.50
2011.06.17 09:15:54.397,1.39863,1.39899,1.13,1.50
2011.06.17 09:15:54.949,1.39867,1.39901,1.50,2.33
2011.06.17 09:15:55.718,1.39866,1.39901,1.35,2.33
2011.06.17 09:15:56.261,1.39868,1.39904,1.50,4.65
2011.06.17 09:15:56.371,1.39867,1.39904,1.50,2.33
2011.06.17 09:15:56.491,1.39869,1.39904,1.50,1.58
2011.06.17 09:15:56.721,1.3987,1.39904,1.13,1.58
2011.06.17 09:15:57.538,1.39876,1.39906,1.35,1.88
2011.06.17 09:15:57.648,1.3987,1.39903,1.88,1.35
2011.06.17 09:15:57.977,1.39869,1.39903,1.35,1.35
2011.06.17 09:15:58.527,1.39869,1.39903,1.35,2.85
2011.06.17 09:15:58.749,1.39868,1.399,1.13,1.35
2011.06.17 09:15:59.299,1.39863,1.39899,1.73,2.33
2011.06.17 09:15:59.847,1.39863,1.399,1.73,1.35
2011.06.17 09:16:00.458,1.39868,1.39903,1.35,1.50
2011.06.17 09:16:00.792,1.3988,1.39904,1.58,2.10
2011.06.17 09:16:01.129,1.39892,1.39914,1.58,1.50
2011.06.17 09:16:01.239,1.39892,1.39914,1.58,1.50
2011.06.17 09:16:01.350,1.39881,1.39914,2.93,1.50
2011.06.17 09:16:02.897,1.39886,1.39911,1.58,1.35
2011.06.17 09:16:03.686,1.39886,1.39903,1.58,4.50
2011.06.17 09:16:04.134,1.39875,1.39888,1.26,2.85
2011.06.17 09:16:04.256,1.39855,1.3989,1.35,1.73
2011.06.17 09:16:04.370,1.39862,1.3989,4.50,1.35
2011.06.17 09:16:04.709,1.39874,1.39896,1.58,1.88
2011.06.17 09:16:05.039,1.39879,1.39896,1.48,1.50
2011.06.17 09:16:05.262,1.3988,1.39911,1.13,2.10
2011.06.17 09:16:05.488,1.39879,1.39909,2.33,1.35
2011.06.17 09:16:05.708,1.39879,1.39913,2.33,1.88
2011.06.17 09:16:05.818,1.39879,1.39913,1.58,1.88
2011.06.17 09:16:06.258,1.39881,1.39912,1.58,1.50
2011.06.17 09:16:06.710,1.3988,1.39913,1.58,1.13
2011.06.17 09:16:07.162,1.39885,1.39914,1.58,1.73
2011.06.17 09:16:07.279,1.3988,1.39913,1.58,1.50
2011.06.17 09:16:07.388,1.3988,1.39913,1.58,1.50
2011.06.17 09:16:07.719,1.3988,1.39907,1.58,1.50
2011.06.17 09:16:07.829,1.39871,1.39907,2.08,1.88
2011.06.17 09:16:07.941,1.39871,1.39905,2.33,1.50
2011.06.17 09:16:08.279,1.3988,1.39905,1.58,1.50
2011.06.17 09:16:08.607,1.3988,1.39898,1.58,1.50
2011.06.17 09:16:08.941,1.3987,1.39897,2.33,1.50
2011.06.17 09:16:09.062,1.39873,1.39896,1.58,1.50
2011.06.17 09:16:09.397,1.39873,1.39897,1.58,1.50
2011.06.17 09:16:10.091,1.39874,1.39897,1.58,1.50
2011.06.17 09:16:11.088,1.39868,1.39897,1.58,1.50
2011.06.17 09:16:11.860,1.39866,1.39897,1.58,1.50
2011.06.17 09:16:11.969,1.39869,1.39897,1.58,1.50
2011.06.17 09:16:12.079,1.39861,1.39897,1.50,1.50
2011.06.17 09:16:12.187,1.39862,1.39897,2.25,1.50
2011.06.17 09:16:12.519,1.39863,1.39897,2.33,1.50
2011.06.17 09:16:12.739,1.39868,1.39893,1.58,1.35
2011.06.17 09:16:12.848,1.39864,1.39893,2.18,1.35
2011.06.17 09:16:12.961,1.39864,1.39892,1.58,2.10
2011.06.17 09:16:13.180,1.39856,1.39885,1.58,1.35
2011.06.17 09:16:13.288,1.39856,1.39887,3.68,1.50
2011.06.17 09:16:13.510,1.3986,1.3989,2.93,1.35
2011.06.17 09:16:13.878,1.3986,1.39891,1.35,1.35
2011.06.17 09:16:14.206,1.39864,1.39892,2.10,1.35
2011.06.17 09:16:15.528,1.39867,1.39896,1.35,2.10
2011.06.17 09:16:15.638,1.39869,1.39897,2.85,1.50
2011.06.17 09:16:16.298,1.39875,1.39897,2.10,1.50
2011.06.17 09:16:16.517,1.3987,1.39897,2.10,1.50
2011.06.17 09:16:16.848,1.3987,1.39896,2.10,1.50
2011.06.17 09:16:18.009,1.39871,1.39897,2.10,1.50
2011.06.17 09:16:18.347,1.39874,1.39897,2.10,1.50
2011.06.17 09:16:18.458,1.3987,1.39897,2.10,1.50
2011.06.17 09:16:19.009,1.3987,1.39897,2.10,1.50
2011.06.17 09:16:19.778,1.39874,1.39897,2.10,1.50
2011.06.17 09:16:19.889,1.3987,1.39896,1.35,1.50
2011.06.17 09:16:19.998,1.39875,1.39897,2.10,1.50
2011.06.17 09:16:20.877,1.39878,1.39897,2.10,1.50
2011.06.17 09:16:20.989,1.39875,1.39897,2.10,1.50
2011.06.17 09:16:21.804,1.39875,1.39897,2.10,1.50
2011.06.17 09:16:23.348,1.39876,1.39899,2.10,1.50
2011.06.17 09:16:23.899,1.39876,1.39902,2.10,1.50
2011.06.17 09:16:24.008,1.39882,1.39902,2.10,1.50
2011.06.17 09:16:24.339,1.39889,1.39902,1.58,1.50
2011.06.17 09:16:24.679,1.39882,1.39902,2.10,1.50
2011.06.17 09:16:25.227,1.39881,1.39901,2.10,1.32
2011.06.17 09:16:27.258,1.39884,1.39901,1.35,1.32
2011.06.17 09:16:27.368,1.39887,1.39904,2.10,1.32
2011.06.17 09:16:27.479,1.39879,1.39897,1.73,1.32
2011.06.17 09:16:27.698,1.39882,1.39897,2.85,1.32
2011.06.17 09:16:28.028,1.39888,1.39899,1.58,1.32
2011.06.17 09:16:28.138,1.39885,1.39899,2.18,1.32
2011.06.17 09:16:28.578,1.39883,1.39899,1.58,1.32
2011.06.17 09:16:28.689,1.3988,1.39899,1.58,1.32
2011.06.17 09:16:29.220,1.3988,1.39899,2.18,1.32
2011.06.17 09:16:29.551,1.39885,1.39902,2.18,1.32
2011.06.17 09:16:29.998,1.39885,1.39907,1.58,1.79
2011.06.17 09:16:30.440,1.39882,1.39907,2.08,1.79
2011.06.17 09:16:30.660,1.39873,1.39901,1.35,1.32
2011.06.17 09:16:30.781,1.39879,1.39902,1.58,2.07
2011.06.17 09:16:30.898,1.39874,1.39903,1.58,1.54
2011.06.17 09:16:31.118,1.39874,1.39905,2.18,1.69
2011.06.17 09:16:31.447,1.39881,1.39905,1.58,1.69
2011.06.17 09:16:31.776,1.39881,1.39905,2.18,1.69
2011.06.17 09:16:32.482,1.39884,1.39907,3.75,1.44
2011.06.17 09:16:33.039,1.39887,1.39906,2.18,1.17
2011.06.17 09:16:33.918,1.39888,1.39906,1.58,1.17
2011.06.17 09:16:34.247,1.39888,1.39906,2.18,1.34
2011.06.17 09:16:35.018,1.39886,1.39906,2.18,1.43
2011.06.17 09:16:35.995,1.39886,1.39906,2.18,1.37
2011.06.17 09:16:36.770,1.39883,1.39907,1.58,1.20
2011.06.17 09:16:36.892,1.39879,1.39907,1.58,1.20
2011.06.17 09:16:38.218,1.39878,1.39906,1.58,3.32
2011.06.17 09:16:38.330,1.39873,1.39898,1.58,1.69
2011.06.17 09:16:38.452,1.39873,1.39898,1.58,1.69
2011.06.17 09:16:38.789,1.39868,1.39896,2.18,1.32
2011.06.17 09:16:38.900,1.39868,1.39896,2.18,2.82
2011.06.17 09:16:39.449,1.39868,1.39893,1.58,1.50
2011.06.17 09:16:39.561,1.39862,1.39893,2.68,1.50
2011.06.17 09:16:40.083,1.39877,1.39904,1.58,1.32
2011.06.17 09:16:40.312,1.39877,1.39906,1.58,2.40
2011.06.17 09:16:40.541,1.3987,1.39901,2.18,1.54
2011.06.17 09:16:40.769,1.39876,1.39906,1.58,2.09
2011.06.17 09:16:40.991,1.39874,1.39902,3.75,1.32
2011.06.17 09:16:41.329,1.39874,1.39902,2.18,1.32
2011.06.17 09:16:42.350,1.3987,1.399,2.18,1.69
2011.06.17 09:16:42.458,1.3987,1.399,2.18,1.69
2011.06.17 09:16:42.569,1.3987,1.399,1.58,1.69
2011.06.17 09:16:43.100,1.3987,1.399,2.18,1.69
2011.06.17 09:16:43.457,1.3987,1.399,2.18,1.69
2011.06.17 09:16:44.122,1.39872,1.39902,2.18,2.44
2011.06.17 09:16:44.456,1.39872,1.39902,2.18,2.44
2011.06.17 09:16:44.679,1.39872,1.39895,1.58,1.13
2011.06.17 09:16:45.227,1.39866,1.39902,4.11,1.69
2011.06.17 09:16:45.894,1.39885,1.39901,2.10,1.32
2011.06.17 09:16:46.011,1.39886,1.39908,1.35,1.50
2011.06.17 09:16:46.130,1.39889,1.39922,2.10,1.13
2011.06.17 09:16:46.882,1.39891,1.39914,1.58,1.13
2011.06.17 09:16:47.220,1.39885,1.39909,1.58,1.35
2011.06.17 09:16:47.438,1.39882,1.39909,2.18,1.35
2011.06.17 09:16:47.549,1.39883,1.39909,1.35,1.35
2011.06.17 09:16:47.940,1.39886,1.39917,2.10,1.13
2011.06.17 09:16:48.270,1.39883,1.39914,2.10,1.35
2011.06.17 09:16:48.378,1.3988,1.39907,2.10,1.35
2011.06.17 09:16:48.490,1.39877,1.39906,1.50,1.35
2011.06.17 09:16:48.600,1.39876,1.39903,1.58,1.35
2011.06.17 09:16:48.927,1.39876,1.39903,1.58,1.35
2011.06.17 09:16:49.148,1.39878,1.39908,1.58,1.35
2011.06.17 09:16:49.865,1.39874,1.39899,1.58,1.50
2011.06.17 09:16:49.981,1.39866,1.39899,2.68,1.50
2011.06.17 09:16:50.321,1.39867,1.39898,2.10,1.13
2011.06.17 09:16:51.538,1.39874,1.39907,1.58,2.10
2011.06.17 09:16:51.871,1.39878,1.39907,2.10,1.50
2011.06.17 09:16:52.319,1.39878,1.39908,2.18,1.88
2011.06.17 09:16:52.430,1.39876,1.399,2.18,1.50
2011.06.17 09:16:53.101,1.39871,1.399,2.18,1.50
2011.06.17 09:16:53.658,1.39871,1.399,2.18,1.50
2011.06.17 09:16:54.907,1.39871,1.399,2.18,1.50
2011.06.17 09:16:55.497,1.3987,1.39901,2.10,1.13
2011.06.17 09:16:56.187,1.39878,1.39906,2.10,1.50
2011.06.17 09:16:56.957,1.39878,1.39906,2.10,1.50
2011.06.17 09:16:57.067,1.39878,1.39906,2.10,1.50
2011.06.17 09:16:57.178,1.39869,1.399,2.10,1.35
2011.06.17 09:16:57.399,1.39875,1.399,1.58,1.73
2011.06.17 09:16:57.950,1.39875,1.399,2.18,1.13
2011.06.17 09:16:59.497,1.39875,1.39905,2.18,1.88
2011.06.17 09:16:59.719,1.39867,1.39896,2.18,1.50
2011.06.17 09:16:59.828,1.39867,1.39896,2.18,1.50
2011.06.17 09:17:00.320,1.39867,1.39896,2.18,1.50
2011.06.17 09:17:00.439,1.39867,1.39896,2.18,1.50
2011.06.17 09:17:01.269,1.39874,1.39896,2.18,1.50
2011.06.17 09:17:01.709,1.39875,1.39899,2.18,1.13
2011.06.17 09:17:01.821,1.39873,1.39899,2.18,1.13
2011.06.17 09:17:02.331,1.3987,1.39899,2.10,1.13
2011.06.17 09:17:07.788,1.39869,1.39897,1.58,1.50
2011.06.17 09:17:07.904,1.39863,1.39893,3.68,1.50
2011.06.17 09:17:08.458,1.39863,1.39893,3.68,1.88
2011.06.17 09:17:13.199,1.39863,1.39893,3.68,2.25
2011.06.17 09:17:17.469,1.39863,1.39895,2.33,1.50
2011.06.17 09:17:17.798,1.39865,1.39891,2.33,1.50
2011.06.17 09:17:18.238,1.39861,1.3989,1.50,1.50
2011.06.17 09:17:18.678,1.39856,1.39888,2.18,1.50
2011.06.17 09:17:19.008,1.39856,1.39884,2.18,1.13
2011.06.17 09:17:19.907,1.39856,1.39883,1.58,1.13
2011.06.17 09:17:20.239,1.3986,1.39883,1.58,1.13
2011.06.17 09:17:20.568,1.39858,1.39883,2.18,1.13
2011.06.17 09:17:20.788,1.39864,1.39883,1.58,1.13
2011.06.17 09:17:21.897,1.39864,1.39892,1.58,1.13
2011.06.17 09:17:22.859,1.39864,1.39892,1.58,1.13
2011.06.17 09:17:24.530,1.39864,1.39892,1.58,1.13
2011.06.17 09:17:24.982,1.39859,1.39892,2.18,1.13
2011.06.17 09:17:25.210,1.39859,1.39889,2.18,1.13
2011.06.17 09:17:25.322,1.39859,1.39889,2.18,1.13
2011.06.17 09:17:25.663,1.39856,1.39886,2.33,1.50
2011.06.17 09:17:25.889,1.39854,1.39886,1.58,2.25
2011.06.17 09:17:26.108,1.39852,1.39885,2.18,1.50
2011.06.17 09:17:26.330,1.39851,1.39888,1.35,1.13
2011.06.17 09:17:26.437,1.39849,1.39888,2.61,1.13
2011.06.17 09:17:26.808,1.39851,1.39888,1.35,1.13
2011.06.17 09:17:28.981,1.39849,1.39888,1.11,1.88
2011.06.17 09:17:30.168,1.39853,1.39888,2.10,1.88
2011.06.17 09:17:33.200,1.39855,1.39886,4.43,1.50
2011.06.17 09:17:33.539,1.39859,1.3988,1.58,1.35
2011.06.17 09:17:33.758,1.39854,1.3988,2.18,1.35
2011.06.17 09:17:33.870,1.39852,1.3988,2.18,1.35
2011.06.17 09:17:34.298,1.39852,1.39879,1.58,1.35
2011.06.17 09:17:34.411,1.39852,1.39882,2.18,1.13
2011.06.17 09:17:34.640,1.39851,1.39882,2.61,1.13
2011.06.17 09:17:34.860,1.39859,1.39882,1.58,1.13
2011.06.17 09:17:36.938,1.39867,1.39889,2.10,1.50
2011.06.17 09:17:37.269,1.39867,1.39896,2.85,2.10
2011.06.17 09:17:37.726,1.39868,1.39899,1.58,1.50
2011.06.17 09:17:37.845,1.39869,1.39901,1.58,1.35
2011.06.17 09:17:38.178,1.39869,1.39901,1.58,1.35
2011.06.17 09:17:38.728,1.39869,1.39901,1.58,1.35
2011.06.17 09:17:40.308,1.39867,1.39898,1.58,1.50
2011.06.17 09:17:43.128,1.39859,1.39897,2.18,2.10
2011.06.17 09:17:43.348,1.39862,1.39895,1.58,1.50
2011.06.17 09:17:43.568,1.39862,1.39895,1.58,1.50
2011.06.17 09:17:44.118,1.39862,1.39892,1.58,1.50
2011.06.17 09:17:44.558,1.39862,1.39894,1.58,1.13
2011.06.17 09:17:44.888,1.39867,1.39894,1.58,1.13
2011.06.17 09:17:45.598,1.3987,1.39899,1.58,1.50
2011.06.17 09:17:46.286,1.39889,1.39909,1.58,1.50
2011.06.17 09:17:46.400,1.3988,1.39914,1.50,1.35
2011.06.17 09:17:46.622,1.39875,1.39909,1.35,1.13
2011.06.17 09:17:47.177,1.39878,1.39907,1.58,1.35
2011.06.17 09:17:47.510,1.39878,1.39901,1.58,1.35
2011.06.17 09:17:47.840,1.39873,1.39905,1.58,1.50
2011.06.17 09:17:48.059,1.39873,1.39906,1.58,1.35
2011.06.17 09:17:48.499,1.39868,1.39899,2.01,1.35
2011.06.17 09:17:48.609,1.39868,1.39899,1.26,1.35
2011.06.17 09:17:48.937,1.39866,1.39899,1.26,1.35
2011.06.17 09:17:49.570,1.39866,1.39899,2.01,1.35
2011.06.17 09:17:50.177,1.39868,1.39904,1.11,1.35
2011.06.17 09:17:50.497,1.39868,1.39904,1.11,1.35
2011.06.17 09:17:50.939,1.39868,1.39895,1.63,1.50
2011.06.17 09:17:51.268,1.39875,1.39893,1.26,1.50
2011.06.17 09:17:51.929,1.39875,1.39893,1.26,1.50
2011.06.17 09:17:53.758,1.39875,1.39893,1.26,1.50
2011.06.17 09:17:53.868,1.39875,1.39892,1.26,1.50
2011.06.17 09:17:54.417,1.39872,1.39892,1.26,1.50
2011.06.17 09:17:55.341,1.39875,1.3989,1.11,1.50
2011.06.17 09:17:55.678,1.39871,1.3989,1.11,1.50
2011.06.17 09:17:55.788,1.39874,1.3989,2.10,1.50
2011.06.17 09:17:56.349,1.39877,1.3989,2.18,1.50
2011.06.17 09:17:56.571,1.39882,1.39911,2.10,1.35
2011.06.17 09:17:56.800,1.39887,1.39914,2.10,1.50
2011.06.17 09:17:56.910,1.39887,1.39914,2.10,1.50
2011.06.17 09:17:57.128,1.39891,1.39914,2.18,1.50
2011.06.17 09:17:57.569,1.39889,1.39912,1.58,1.35
2011.06.17 09:17:57.682,1.39888,1.39912,1.58,1.35
2011.06.17 09:17:58.049,1.39884,1.39912,1.58,1.35
2011.06.17 09:17:58.158,1.39884,1.39912,1.58,1.35
2011.06.17 09:17:58.637,1.39884,1.39919,2.18,1.13
2011.06.17 09:17:58.749,1.3989,1.39916,1.58,1.50
2011.06.17 09:17:59.080,1.39879,1.39907,4.18,1.35
2011.06.17 09:17:59.301,1.39882,1.39913,2.18,1.13
2011.06.17 09:17:59.639,1.39882,1.39913,2.18,1.13
2011.06.17 09:18:00.078,1.3988,1.39906,2.83,1.35
2011.06.17 09:18:00.193,1.3988,1.39906,1.26,1.35
2011.06.17 09:18:00.309,1.39879,1.39906,1.26,1.35
2011.06.17 09:18:00.531,1.39878,1.39902,1.58,1.50
2011.06.17 09:18:00.651,1.3987,1.39896,1.26,1.35
2011.06.17 09:18:00.770,1.3987,1.399,1.26,1.50
2011.06.17 09:18:00.881,1.39868,1.399,1.35,1.50
2011.06.17 09:18:01.108,1.39873,1.39903,1.58,1.35
2011.06.17 09:18:01.438,1.39879,1.39903,1.58,1.50
2011.06.17 09:18:02.679,1.39886,1.39912,1.58,1.35
2011.06.17 09:18:02.898,1.39882,1.39912,1.58,1.35
2011.06.17 09:18:03.008,1.39883,1.3991,1.58,1.50
2011.06.17 09:18:03.338,1.39888,1.3991,1.58,1.50
2011.06.17 09:18:03.812,1.39883,1.39912,1.58,1.35
2011.06.17 09:18:04.517,1.39885,1.39912,1.58,2.10
2011.06.17 09:18:05.647,1.39885,1.39912,1.58,1.35
2011.06.17 09:18:05.758,1.39883,1.39911,1.58,1.50
2011.06.17 09:18:05.979,1.39881,1.39907,1.58,1.35
2011.06.17 09:18:06.200,1.39871,1.39905,2.33,1.35
2011.06.17 09:18:06.907,1.39867,1.39906,2.01,1.13
2011.06.17 09:18:08.338,1.39872,1.39909,1.50,1.50
2011.06.17 09:18:08.559,1.39878,1.3991,2.25,1.50
2011.06.17 09:18:08.888,1.39878,1.39914,1.50,2.33
2011.06.17 09:18:09.328,1.39877,1.39917,1.35,3.83
2011.06.17 09:18:09.769,1.39874,1.39913,1.50,1.35
2011.06.17 09:18:09.988,1.39878,1.39913,1.58,2.10
2011.06.17 09:18:10.428,1.39879,1.39905,1.58,1.35
2011.06.17 09:18:10.957,1.39871,1.39907,1.58,1.50
2011.06.17 09:18:11.193,1.39872,1.39905,1.58,1.35
2011.06.17 09:18:11.530,1.39878,1.39905,1.58,2.10
2011.06.17 09:18:11.641,1.39874,1.39905,1.58,2.10
2011.06.17 09:18:11.759,1.39874,1.39905,1.58,2.10
2011.06.17 09:18:12.578,1.39876,1.399,1.58,1.50
2011.06.17 09:18:12.799,1.39876,1.39903,1.58,1.50
2011.06.17 09:18:13.900,1.39878,1.39903,1.58,1.50
2011.06.17 09:18:14.872,1.39874,1.39903,1.58,1.50
2011.06.17 09:18:15.428,1.39873,1.39904,1.58,1.50
2011.06.17 09:18:15.538,1.39875,1.39904,1.58,1.50
2011.06.17 09:18:16.089,1.39873,1.39904,1.58,1.50
2011.06.17 09:18:16.308,1.39871,1.39902,1.58,1.50
2011.06.17 09:18:16.421,1.39867,1.39901,1.58,1.50
2011.06.17 09:18:16.543,1.39864,1.39897,1.58,1.35
2011.06.17 09:18:16.660,1.39858,1.39896,1.26,1.13
2011.06.17 09:18:16.780,1.39861,1.39896,1.58,1.13
2011.06.17 09:18:17.119,1.39855,1.39889,2.08,2.10
2011.06.17 09:18:17.229,1.39855,1.39889,1.58,2.10
2011.06.17 09:18:17.338,1.39853,1.39889,1.58,2.10
2011.06.17 09:18:17.559,1.39855,1.39889,1.58,1.35
2011.06.17 09:18:18.297,1.39855,1.39889,1.58,1.35
2011.06.17 09:18:19.201,1.39855,1.39889,1.58,1.35
2011.06.17 09:18:19.541,1.39855,1.39889,1.58,1.35
2011.06.17 09:18:19.660,1.3986,1.39889,1.58,1.35
2011.06.17 09:18:19.987,1.39862,1.39893,1.58,1.35
2011.06.17 09:18:20.318,1.3986,1.39892,1.58,1.50
2011.06.17 09:18:20.429,1.39863,1.39892,1.58,1.50
2011.06.17 09:18:20.760,1.39863,1.39892,1.58,1.50
2011.06.17 09:18:20.867,1.39863,1.39892,1.58,1.50
2011.06.17 09:18:21.829,1.39856,1.39889,1.58,1.50
2011.06.17 09:18:22.269,1.39854,1.39889,1.58,2.25
2011.06.17 09:18:22.598,1.39857,1.39889,1.58,1.50
2011.06.17 09:18:23.124,1.39859,1.39889,1.58,1.50
2011.06.17 09:18:23.670,1.39859,1.39889,1.58,1.50
2011.06.17 09:18:24.001,1.39859,1.39889,1.58,1.50
2011.06.17 09:18:24.230,1.39864,1.39889,1.58,1.50
2011.06.17 09:18:24.779,1.39866,1.39897,1.58,1.13
2011.06.17 09:18:24.888,1.39866,1.39897,1.58,1.13
2011.06.17 09:18:25.437,1.39866,1.39898,1.58,2.10
2011.06.17 09:18:25.548,1.39866,1.39898,1.58,2.10
2011.06.17 09:18:25.768,1.39868,1.39898,1.58,2.10
2011.06.17 09:18:26.098,1.39865,1.39898,1.58,1.35
2011.06.17 09:18:26.318,1.39865,1.39897,1.58,1.50
2011.06.17 09:18:26.647,1.39867,1.39898,1.58,2.10
2011.06.17 09:18:27.328,1.3987,1.39898,1.58,1.35
2011.06.17 09:18:27.878,1.3987,1.39898,1.58,1.35
2011.06.17 09:18:28.209,1.39876,1.39893,1.58,1.35
2011.06.17 09:18:28.319,1.39863,1.39893,2.83,1.35
2011.06.17 09:18:28.432,1.39857,1.39887,2.33,3.98
2011.06.17 09:18:28.770,1.39843,1.39868,1.50,2.10
2011.06.17 09:18:28.992,1.39836,1.39865,2.33,1.50
2011.06.17 09:18:29.219,1.39842,1.39868,2.93,1.50
2011.06.17 09:18:29.438,1.39842,1.3987,2.93,1.13
2011.06.17 09:18:29.658,1.39842,1.3987,2.93,1.13
2011.06.17 09:18:30.314,1.39843,1.39873,2.10,1.35
2011.06.17 09:18:30.433,1.39847,1.39877,2.18,1.35
2011.06.17 09:18:30.661,1.39844,1.39872,2.18,1.13
2011.06.17 09:18:31.330,1.39844,1.39872,1.58,1.13
2011.06.17 09:18:31.658,1.39852,1.39878,3.15,1.13
2011.06.17 09:18:31.879,1.39849,1.39884,2.33,1.35
2011.06.17 09:18:32.428,1.39856,1.39887,1.58,1.50
2011.06.17 09:18:32.869,1.39854,1.39886,1.58,1.35
2011.06.17 09:18:33.308,1.39854,1.39886,1.58,1.35
2011.06.17 09:18:33.637,1.39856,1.39886,1.58,1.35
2011.06.17 09:18:34.163,1.39859,1.39886,1.58,1.35
2011.06.17 09:18:34.275,1.39866,1.39891,1.58,1.50
2011.06.17 09:18:34.390,1.3987,1.39893,1.58,1.50
2011.06.17 09:18:34.501,1.39876,1.39901,1.58,1.13
2011.06.17 09:18:35.059,1.39882,1.39905,1.58,1.50
2011.06.17 09:18:35.279,1.39882,1.39905,1.58,1.50
2011.06.17 09:18:35.388,1.39875,1.39908,1.35,1.50
2011.06.17 09:18:35.608,1.3988,1.39908,2.10,1.50
2011.06.17 09:18:35.938,1.39887,1.39915,2.10,1.50
2011.06.17 09:18:36.158,1.39888,1.39918,1.35,1.50
2011.06.17 09:18:36.943,1.39887,1.39918,2.98,1.50
2011.06.17 09:18:37.278,1.39889,1.39918,1.35,1.50
2011.06.17 09:18:37.502,1.39899,1.39918,1.35,1.50
2011.06.17 09:18:37.843,1.39906,1.39927,1.86,1.50
2011.06.17 09:18:38.072,1.39906,1.39932,1.11,1.50
2011.06.17 09:18:38.190,1.39908,1.39932,2.10,1.50
2011.06.17 09:18:38.522,1.39927,1.39932,1.50,1.50
2011.06.17 09:18:38.641,1.39934,1.39948,1.13,1.50
2011.06.17 09:18:40.068,1.39926,1.39941,1.35,1.50
2011.06.17 09:18:40.185,1.39926,1.39949,1.50,1.35
2011.06.17 09:18:40.327,1.39926,1.39946,1.50,1.35
2011.06.17 09:18:40.701,1.39911,1.39948,1.35,1.35
2011.06.17 09:18:40.956,1.39918,1.39953,2.85,1.50
2011.06.17 09:18:41.188,1.39917,1.39953,1.35,1.35
2011.06.17 09:18:41.478,1.3992,1.39953,1.86,1.35
2011.06.17 09:18:42.205,1.3992,1.39953,1.35,1.35
2011.06.17 09:18:42.325,1.39928,1.39958,2.10,1.35
2011.06.17 09:18:42.973,1.39927,1.39955,1.11,1.35
2011.06.17 09:18:43.090,1.39923,1.39957,1.35,1.35
2011.06.17 09:18:43.538,1.39922,1.39952,2.01,1.35
2011.06.17 09:18:44.311,1.39921,1.39952,1.50,1.35
2011.06.17 09:18:44.648,1.39923,1.39959,1.35,1.50
2011.06.17 09:18:44.868,1.39919,1.39953,1.26,1.35
2011.06.17 09:18:45.089,1.39922,1.39959,1.86,2.10
2011.06.17 09:18:45.605,1.39919,1.39952,1.26,1.35
2011.06.17 09:18:45.719,1.39918,1.39944,1.35,1.50
2011.06.17 09:18:46.197,1.39904,1.39935,2.61,1.35
2011.06.17 09:18:46.529,1.39907,1.39938,2.10,1.35
2011.06.17 09:18:47.132,1.39904,1.39933,1.11,1.35
2011.06.17 09:18:47.364,1.39904,1.39933,1.11,1.35
2011.06.17 09:18:47.486,1.39903,1.39928,1.58,1.35
2011.06.17 09:18:47.795,1.399,1.39928,2.93,1.35
2011.06.17 09:18:48.348,1.39898,1.39928,2.10,1.35
2011.06.17 09:18:48.679,1.39902,1.39932,2.10,1.35
2011.06.17 09:18:48.791,1.39902,1.39932,2.10,1.35
2011.06.17 09:18:49.948,1.39905,1.39932,1.58,1.35
2011.06.17 09:18:50.494,1.39902,1.39932,1.58,1.35
2011.06.17 09:18:50.720,1.39904,1.39932,1.58,1.35
2011.06.17 09:18:51.057,1.39906,1.39938,1.58,1.35
2011.06.17 09:18:51.420,1.39909,1.39938,1.58,1.35
2011.06.17 09:18:51.641,1.39908,1.39932,1.58,1.35
2011.06.17 09:18:51.758,1.39899,1.39932,3.58,1.35
2011.06.17 09:18:51.869,1.39906,1.39935,1.58,1.13
2011.06.17 09:18:52.417,1.39906,1.39935,1.58,1.13
2011.06.17 09:18:52.748,1.39908,1.39934,1.58,1.50
2011.06.17 09:18:53.078,1.39904,1.39934,1.58,1.35
2011.06.17 09:18:53.667,1.39908,1.39939,1.58,1.35
2011.06.17 09:18:54.109,1.39913,1.3994,1.58,1.50
2011.06.17 09:18:54.438,1.39915,1.3994,1.58,1.50
2011.06.17 09:18:54.879,1.39913,1.39931,1.58,2.85
2011.06.17 09:18:55.210,1.39902,1.39925,1.58,1.35
2011.06.17 09:18:55.997,1.39899,1.39931,1.58,1.50
2011.06.17 09:18:56.115,1.39898,1.39923,1.58,1.35
2011.06.17 09:18:56.341,1.39903,1.39931,1.58,1.50
2011.06.17 09:18:56.810,1.39908,1.3993,1.58,1.50
2011.06.17 09:18:56.918,1.39905,1.3993,1.58,1.50
2011.06.17 09:18:57.137,1.39908,1.3993,1.58,1.50
2011.06.17 09:18:57.798,1.39906,1.39925,1.58,1.50
2011.06.17 09:18:57.909,1.39894,1.3992,1.35,1.50
2011.06.17 09:18:58.348,1.39892,1.39924,2.18,1.50
2011.06.17 09:18:58.568,1.39889,1.39917,1.58,1.35
2011.06.17 09:18:58.679,1.39881,1.39916,2.25,1.35
2011.06.17 09:18:58.900,1.39884,1.39916,1.35,1.50
2011.06.17 09:18:59.129,1.39886,1.39917,1.35,1.50
2011.06.17 09:18:59.571,1.39885,1.39914,1.35,2.10
2011.06.17 09:18:59.691,1.39886,1.39919,2.85,1.35
2011.06.17 09:19:00.233,1.39886,1.39916,2.10,1.50
2011.06.17 09:19:00.356,1.39887,1.39919,1.11,1.35
2011.06.17 09:19:00.967,1.39905,1.39927,2.10,1.50
2011.06.17 09:19:01.081,1.39905,1.39929,2.48,1.50
2011.06.17 09:19:01.205,1.39905,1.39932,2.48,1.50
2011.06.17 09:19:01.543,1.39912,1.39942,2.10,1.35
2011.06.17 09:19:01.880,1.39921,1.39947,2.10,1.50
2011.06.17 09:19:02.098,1.39921,1.39946,2.10,1.15
2011.06.17 09:19:02.652,1.39926,1.39946,2.85,1.50
2011.06.17 09:19:03.425,1.39928,1.39946,2.10,1.11
2011.06.17 09:19:03.760,1.39932,1.39947,2.10,1.50
2011.06.17 09:19:03.868,1.3993,1.39947,2.10,1.50
2011.06.17 09:19:04.310,1.39924,1.39946,2.33,1.15
2011.06.17 09:19:04.419,1.39924,1.39947,2.33,2.10
2011.06.17 09:19:04.529,1.39916,1.39946,2.10,1.15
2011.06.17 09:19:04.860,1.39922,1.39942,1.58,1.35
2011.06.17 09:19:05.078,1.39924,1.39942,1.58,1.35
2011.06.17 09:19:05.190,1.39918,1.39946,1.35,1.71
2011.06.17 09:19:05.409,1.39914,1.39927,1.88,1.35
2011.06.17 09:19:06.106,1.3992,1.39942,1.88,1.35
2011.06.17 09:19:06.224,1.3992,1.39946,1.13,1.15
2011.06.17 09:19:06.779,1.39921,1.39946,1.35,1.15
2011.06.17 09:19:06.891,1.39919,1.39946,1.50,1.15
2011.06.17 09:19:07.011,1.39917,1.39947,1.11,1.50
2011.06.17 09:19:07.353,1.39917,1.39946,1.35,1.15
2011.06.17 09:19:07.693,1.39904,1.39941,1.35,1.35
2011.06.17 09:19:08.146,1.39899,1.39932,1.63,1.35
2011.06.17 09:19:08.491,1.39901,1.39938,1.35,2.10
2011.06.17 09:19:09.052,1.39901,1.39938,1.35,1.35
2011.06.17 09:19:09.170,1.39901,1.39938,1.35,1.35
2011.06.17 09:19:09.388,1.39901,1.39938,1.35,1.35
2011.06.17 09:19:09.829,1.39912,1.39938,1.58,1.35
2011.06.17 09:19:10.053,1.39909,1.39938,1.58,1.35
2011.06.17 09:19:10.281,1.39908,1.39938,1.58,2.33
2011.06.17 09:19:10.399,1.39903,1.39938,1.13,2.33
2011.06.17 09:19:10.620,1.39901,1.39934,1.13,1.50
2011.06.17 09:19:11.060,1.39898,1.39936,2.25,1.35
2011.06.17 09:19:11.168,1.39898,1.39937,2.85,3.83
2011.06.17 09:19:11.503,1.39899,1.39925,2.33,1.35
2011.06.17 09:19:12.318,1.399,1.39931,3.75,1.50
2011.06.17 09:19:12.445,1.39898,1.39931,1.73,1.50
2011.06.17 09:19:12.565,1.39898,1.39932,1.73,1.35
2011.06.17 09:19:12.682,1.39898,1.39932,1.73,1.35
2011.06.17 09:19:13.021,1.39897,1.39931,1.73,2.33
2011.06.17 09:19:13.472,1.39897,1.39934,2.48,2.33
2011.06.17 09:19:14.736,1.39893,1.39931,1.73,1.50
2011.06.17 09:19:14.849,1.39892,1.39931,1.35,1.50
2011.06.17 09:19:15.399,1.39897,1.3993,2.10,2.33
2011.06.17 09:19:15.618,1.39897,1.39932,2.10,1.50
2011.06.17 09:19:15.728,1.39893,1.39932,1.50,1.50
2011.06.17 09:19:15.839,1.39905,1.39932,3.15,1.50
2011.06.17 09:19:16.060,1.39907,1.39933,1.58,1.50
2011.06.17 09:19:16.499,1.39898,1.39933,1.35,1.50
2011.06.17 09:19:17.159,1.39898,1.39931,1.35,1.50
2011.06.17 09:19:17.708,1.39897,1.39929,1.13,1.35
2011.06.17 09:19:18.183,1.39892,1.39929,2.10,1.35
2011.06.17 09:19:18.413,1.39891,1.39929,1.73,1.35
2011.06.17 09:19:18.530,1.39891,1.39924,1.13,1.35
2011.06.17 09:19:19.309,1.39887,1.39924,1.35,2.93
2011.06.17 09:19:19.419,1.39886,1.3992,1.50,1.35
2011.06.17 09:19:19.530,1.39885,1.3992,1.50,1.35
2011.06.17 09:19:20.408,1.39885,1.3992,1.50,1.35
2011.06.17 09:19:20.738,1.39879,1.39913,1.35,1.35
2011.06.17 09:19:21.730,1.39882,1.39911,2.48,1.35
2011.06.17 09:19:21.949,1.39879,1.39909,2.10,1.35
2011.06.17 09:19:23.019,1.39883,1.3991,2.10,1.50
2011.06.17 09:19:23.129,1.39873,1.39904,2.48,1.35
2011.06.17 09:19:23.457,1.39876,1.39905,2.10,1.35
2011.06.17 09:19:23.788,1.39869,1.39904,3.23,2.85
2011.06.17 09:19:24.557,1.3987,1.39904,1.35,2.85
2011.06.17 09:19:25.900,1.39872,1.39904,1.35,2.85
2011.06.17 09:19:26.013,1.39874,1.39906,2.10,1.35
2011.06.17 09:19:26.237,1.39874,1.39907,2.10,1.35
2011.06.17 09:19:27.118,1.39877,1.39907,2.10,1.35
2011.06.17 09:19:28.670,1.39874,1.39903,1.35,2.10
2011.06.17 09:19:29.008,1.39879,1.39907,2.10,1.35
2011.06.17 09:19:29.558,1.39879,1.39907,2.10,1.35
2011.06.17 09:19:29.889,1.39883,1.39906,1.58,2.85
2011.06.17 09:19:29.999,1.39881,1.39906,1.35,1.35
2011.06.17 09:19:30.222,1.39884,1.39911,1.35,2.10
2011.06.17 09:19:30.892,1.39881,1.39908,1.35,2.10
2011.06.17 09:19:31.339,1.39873,1.39902,2.82,2.10
2011.06.17 09:19:31.670,1.39872,1.399,1.35,1.35
2011.06.17 09:19:32.334,1.39868,1.39896,1.35,1.35
2011.06.17 09:19:32.457,1.39865,1.39896,1.35,1.35
2011.06.17 09:19:32.900,1.39869,1.39898,2.10,2.33
2011.06.17 09:19:33.339,1.39865,1.39897,2.10,1.35
2011.06.17 09:19:33.889,1.39865,1.39897,2.10,1.35
2011.06.17 09:19:34.329,1.39863,1.39898,2.10,1.58
2011.06.17 09:19:34.549,1.39868,1.39898,2.10,1.58
2011.06.17 09:19:35.318,1.39873,1.39905,1.35,2.18
2011.06.17 09:19:35.540,1.39866,1.39905,2.48,2.93
2011.06.17 09:19:36.368,1.39866,1.39906,2.48,1.35
2011.06.17 09:19:36.478,1.39866,1.39906,1.88,3.60
2011.06.17 09:19:36.808,1.39871,1.39906,1.35,1.35
2011.06.17 09:19:37.029,1.39867,1.39907,1.50,2.10
2011.06.17 09:19:37.141,1.39863,1.39901,1.13,2.10
2011.06.17 09:19:37.358,1.39866,1.39902,1.13,1.35
2011.06.17 09:19:37.579,1.39864,1.39898,2.48,2.10
2011.06.17 09:19:38.689,1.39855,1.39892,1.88,2.10
2011.06.17 09:19:38.801,1.39854,1.39892,1.50,2.48
2011.06.17 09:19:39.361,1.39857,1.39891,1.35,1.50
2011.06.17 09:19:39.481,1.39852,1.39892,2.48,1.35
2011.06.17 09:19:40.700,1.39852,1.39891,2.10,2.25
2011.06.17 09:19:40.808,1.39849,1.39887,1.35,1.35
2011.06.17 09:19:41.029,1.39849,1.3989,2.10,1.50
2011.06.17 09:19:42.019,1.3986,1.39892,2.10,1.50
2011.06.17 09:19:42.128,1.3986,1.39898,2.85,1.88
2011.06.17 09:19:42.346,1.39864,1.39898,1.35,1.88
2011.06.17 09:19:42.897,1.39873,1.399,1.50,2.10
2011.06.17 09:19:43.491,1.39873,1.399,2.25,1.35
2011.06.17 09:19:44.159,1.39873,1.399,2.25,1.35
2011.06.17 09:19:44.598,1.39874,1.39899,2.25,2.85
2011.06.17 09:19:44.928,1.39874,1.39894,1.50,1.73
2011.06.17 09:19:45.259,1.39872,1.39892,1.73,2.25
2011.06.17 09:19:45.368,1.39872,1.39891,1.73,1.13
2011.06.17 09:19:45.588,1.39856,1.3989,1.35,1.13
2011.06.17 09:19:45.698,1.39856,1.39891,1.35,1.13
2011.06.17 09:19:46.137,1.39856,1.3989,1.35,2.33
2011.06.17 09:19:46.469,1.39856,1.3989,1.35,2.33
2011.06.17 09:19:46.691,1.39861,1.3989,1.35,2.33
2011.06.17 09:19:47.219,1.39861,1.39891,1.50,1.58
2011.06.17 09:19:47.341,1.39861,1.39894,1.50,1.35
2011.06.17 09:19:47.458,1.39861,1.39894,1.50,1.35
2011.06.17 09:19:49.822,1.39858,1.39896,2.48,2.10
2011.06.17 09:19:49.940,1.39858,1.39888,1.13,2.18
2011.06.17 09:19:50.050,1.39851,1.39888,1.35,2.18
2011.06.17 09:19:50.161,1.3985,1.39884,1.35,1.13
2011.06.17 09:19:50.770,1.39855,1.39885,1.58,1.13
2011.06.17 09:19:51.098,1.39855,1.39885,1.58,1.13
2011.06.17 09:19:51.209,1.39855,1.39884,1.58,1.13
2011.06.17 09:19:51.540,1.39849,1.3988,2.18,1.13
2011.06.17 09:19:51.759,1.39845,1.39882,2.10,1.88
2011.06.17 09:19:52.968,1.39847,1.39882,2.10,2.25
2011.06.17 09:19:53.080,1.39854,1.39882,2.10,1.50
2011.06.17 09:19:53.190,1.39851,1.39885,1.35,1.50
2011.06.17 09:19:53.298,1.39851,1.39885,1.35,1.50
2011.06.17 09:19:53.519,1.39852,1.39884,1.58,1.50
2011.06.17 09:19:54.286,1.39851,1.39884,2.18,1.50
2011.06.17 09:19:54.631,1.39855,1.39885,1.58,1.50
2011.06.17 09:19:55.080,1.39861,1.39883,1.50,1.58
2011.06.17 09:19:55.411,1.39859,1.3989,2.33,1.13
2011.06.17 09:19:55.528,1.39859,1.3989,2.33,1.13
2011.06.17 09:19:55.642,1.39856,1.39887,1.58,1.35
2011.06.17 09:19:55.980,1.39851,1.39876,2.33,1.13
2011.06.17 09:19:56.311,1.39855,1.39877,1.58,1.13
2011.06.17 09:19:56.430,1.3985,1.39877,1.58,1.13
2011.06.17 09:19:56.813,1.3985,1.39877,2.33,1.13
2011.06.17 09:19:56.928,1.39863,1.39893,1.35,2.33
2011.06.17 09:19:57.042,1.39869,1.39899,1.58,2.33
2011.06.17 09:19:57.378,1.3987,1.39901,2.18,1.13
2011.06.17 09:19:57.819,1.3987,1.39904,1.58,1.35
2011.06.17 09:19:57.930,1.3987,1.39898,2.33,1.35
2011.06.17 09:19:58.272,1.39864,1.39892,1.50,1.58
2011.06.17 09:19:58.389,1.39864,1.39892,1.50,2.33
2011.06.17 09:19:58.500,1.39861,1.39891,1.50,1.35
2011.06.17 09:19:58.829,1.39861,1.39886,1.50,2.93
2011.06.17 09:19:59.378,1.39854,1.39884,1.80,1.73
2011.06.17 09:20:00.246,1.39853,1.39883,1.80,3.60
2011.06.17 09:20:00.366,1.39854,1.39876,1.58,1.35
2011.06.17 09:20:00.590,1.39853,1.39876,1.20,1.73
2011.06.17 09:20:00.807,1.39851,1.39876,1.20,2.48
2011.06.17 09:20:02.257,1.39851,1.39874,1.20,1.35
2011.06.17 09:20:02.480,1.39842,1.39872,2.33,1.13
2011.06.17 09:20:02.810,1.39826,1.39859,1.50,1.13
2011.06.17 09:20:03.138,1.39825,1.39859,2.33,1.13
2011.06.17 09:20:03.614,1.39824,1.3986,1.35,2.48
2011.06.17 09:20:03.840,1.39824,1.39859,1.35,1.13
2011.06.17 09:20:04.578,1.39824,1.3986,1.35,2.10
2011.06.17 09:20:04.908,1.39824,1.39855,1.35,1.50
2011.06.17 09:20:05.409,1.39817,1.39851,1.35,1.35
2011.06.17 09:20:05.739,1.39819,1.39855,1.35,2.10
2011.06.17 09:20:05.959,1.39819,1.39855,1.35,1.35
2011.06.17 09:20:06.288,1.39819,1.39855,1.35,1.35
2011.06.17 09:20:06.728,1.39819,1.39855,1.35,2.10
2011.06.17 09:20:07.315,1.39819,1.39855,1.35,1.35
2011.06.17 09:20:08.320,1.39823,1.39858,1.35,1.50
2011.06.17 09:20:08.432,1.39826,1.3986,1.35,1.88
2011.06.17 09:20:08.987,1.39826,1.3986,1.35,1.13
2011.06.17 09:20:09.318,1.39826,1.3986,1.35,1.13
2011.06.17 09:20:09.537,1.39826,1.39861,1.35,1.35
2011.06.17 09:20:10.197,1.39826,1.39861,1.35,1.35
2011.06.17 09:20:11.461,1.39834,1.39863,1.35,1.50
2011.06.17 09:20:11.994,1.39835,1.39865,1.35,1.13
2011.06.17 09:20:12.108,1.39843,1.39873,1.58,1.50
2011.06.17 09:20:12.330,1.39832,1.39875,2.33,1.50
2011.06.17 09:20:12.548,1.39832,1.39873,2.33,1.50
2011.06.17 09:20:13.211,1.39834,1.39875,1.13,1.50
2011.06.17 09:20:13.438,1.39834,1.39876,1.13,1.50
2011.06.17 09:20:14.207,1.39834,1.39874,1.13,1.50
2011.06.17 09:20:14.538,1.39828,1.39869,1.73,1.50
2011.06.17 09:20:14.649,1.3983,1.39865,1.13,1.35
2011.06.17 09:20:15.113,1.39825,1.39865,1.50,1.35
2011.06.17 09:20:15.777,1.39821,1.3986,1.13,1.50
2011.06.17 09:20:16.000,1.39821,1.39859,1.13,1.50
2011.06.17 09:20:16.328,1.39821,1.39862,1.13,1.50
2011.06.17 09:20:16.548,1.39821,1.39865,1.13,1.35
2011.06.17 09:20:18.638,1.39821,1.39863,2.33,1.50
2011.06.17 09:20:19.334,1.3982,1.39864,2.33,1.13
2011.06.17 09:20:19.448,1.3982,1.39864,2.33,1.13
2011.06.17 09:20:19.669,1.39833,1.39864,1.58,1.88
2011.06.17 09:20:19.889,1.39831,1.39864,1.58,1.88
2011.06.17 09:20:20.109,1.39831,1.39864,1.58,1.13
2011.06.17 09:20:20.438,1.39832,1.39865,1.58,2.48
2011.06.17 09:20:20.660,1.39828,1.39864,1.58,1.50
2011.06.17 09:20:20.879,1.39831,1.39865,1.58,1.73
2011.06.17 09:20:22.037,1.3983,1.39865,1.58,1.73
2011.06.17 09:20:23.998,1.39826,1.39859,1.50,2.33
2011.06.17 09:20:25.100,1.39826,1.39862,1.50,2.33
2011.06.17 09:20:25.979,1.39826,1.39858,1.50,2.33
2011.06.17 09:20:26.638,1.39823,1.39854,1.13,1.35
2011.06.17 09:20:26.750,1.39823,1.39851,1.13,1.35
2011.06.17 09:20:26.968,1.39819,1.39851,1.13,1.35
2011.06.17 09:20:28.084,1.39827,1.39853,1.58,1.50
2011.06.17 09:20:28.488,1.39821,1.39853,1.35,1.50
2011.06.17 09:20:28.709,1.39821,1.39855,1.35,1.35
2011.06.17 09:20:28.928,1.39821,1.39858,1.35,1.73
2011.06.17 09:20:29.148,1.39827,1.39855,1.58,1.35
2011.06.17 09:20:29.807,1.39827,1.39855,1.58,1.35
2011.06.17 09:20:30.028,1.39824,1.39855,1.58,1.35
2011.06.17 09:20:31.348,1.39819,1.3985,1.58,1.73
2011.06.17 09:20:31.567,1.39818,1.3985,1.58,1.73
2011.06.17 09:20:31.679,1.39815,1.3985,2.33,1.73
2011.06.17 09:20:32.118,1.39816,1.3985,1.50,1.73
2011.06.17 09:20:32.243,1.39816,1.3985,1.50,1.73
2011.06.17 09:20:32.359,1.39816,1.39846,1.50,2.10
2011.06.17 09:20:32.691,1.39816,1.39844,1.58,1.35
2011.06.17 09:20:32.921,1.39814,1.3984,2.33,2.85
2011.06.17 09:20:33.431,1.39814,1.39843,2.18,2.10
2011.06.17 09:20:33.770,1.39819,1.39841,1.58,1.35
2011.06.17 09:20:34.100,1.39816,1.39838,1.58,1.73
2011.06.17 09:20:34.428,1.39814,1.39837,1.58,1.35
2011.06.17 09:20:34.760,1.39818,1.39838,1.58,1.73
2011.06.17 09:20:34.981,1.39812,1.39837,2.18,1.35
2011.06.17 09:20:36.140,1.39813,1.39835,1.58,1.35
2011.06.17 09:20:36.588,1.39808,1.39837,1.50,3.23
2011.06.17 09:20:36.920,1.39811,1.39837,1.35,1.73
2011.06.17 09:20:37.030,1.39811,1.3984,1.35,2.48
2011.06.17 09:20:37.358,1.39811,1.3984,1.35,2.10
2011.06.17 09:20:37.913,1.39806,1.39834,1.35,1.35
2011.06.17 09:20:38.030,1.39806,1.39834,1.73,1.35
2011.06.17 09:20:38.578,1.39807,1.39836,1.35,2.10
2011.06.17 09:20:38.800,1.39801,1.39831,3.08,1.35
2011.06.17 09:20:39.018,1.39801,1.39831,2.33,1.35
2011.06.17 09:20:39.534,1.39801,1.39823,1.58,1.35
2011.06.17 09:20:39.658,1.39787,1.39819,2.33,1.35
2011.06.17 09:20:39.988,1.39786,1.39819,2.93,1.35
2011.06.17 09:20:40.978,1.39793,1.39819,2.33,1.35
2011.06.17 09:20:41.309,1.39793,1.39819,1.58,1.35
2011.06.17 09:20:41.420,1.39785,1.39814,2.33,1.35
2011.06.17 09:20:41.530,1.39787,1.3982,1.35,1.50
2011.06.17 09:20:41.861,1.3981,1.39829,2.10,1.50
2011.06.17 09:20:41.972,1.39806,1.39829,2.10,1.50
2011.06.17 09:20:42.089,1.39806,1.39831,1.35,2.33
2011.06.17 09:20:42.309,1.39805,1.3983,2.33,1.35
2011.06.17 09:20:42.836,1.39801,1.3983,1.35,1.35
2011.06.17 09:20:42.948,1.39801,1.3983,1.35,1.35
2011.06.17 09:20:43.279,1.39801,1.39829,1.35,1.50
2011.06.17 09:20:43.609,1.39792,1.39825,2.93,2.10
2011.06.17 09:20:43.720,1.39796,1.3983,1.35,3.08
2011.06.17 09:20:44.049,1.39795,1.39827,1.35,1.50
2011.06.17 09:20:44.599,1.39799,1.39829,1.58,1.88
2011.06.17 09:20:44.818,1.39799,1.39829,1.58,1.88
2011.06.17 09:20:45.468,1.39799,1.39829,1.58,1.13
2011.06.17 09:20:46.130,1.39796,1.39831,2.93,2.48
2011.06.17 09:20:46.352,1.398,1.3983,1.58,1.50
2011.06.17 09:20:46.939,1.39802,1.39833,1.58,1.13
2011.06.17 09:20:47.269,1.39809,1.39833,1.58,1.13
2011.06.17 09:20:47.488,1.39809,1.39835,1.58,1.13
2011.06.17 09:20:48.328,1.39809,1.39836,1.58,1.35
2011.06.17 09:20:48.771,1.39806,1.39836,2.33,1.35
2011.06.17 09:20:48.889,1.39806,1.3984,2.33,1.50
2011.06.17 09:20:49.658,1.39806,1.39839,2.33,1.13
2011.06.17 09:20:49.768,1.39809,1.39839,2.18,1.13
2011.06.17 09:20:49.987,1.39811,1.39839,1.58,1.13
2011.06.17 09:20:50.357,1.39811,1.39839,1.58,1.13
2011.06.17 09:20:53.028,1.39818,1.39845,1.58,2.63
2011.06.17 09:20:53.140,1.39818,1.39845,1.58,1.88
2011.06.17 09:20:53.248,1.39811,1.39845,2.33,1.13
2011.06.17 09:20:53.359,1.39811,1.39845,1.58,2.63
2011.06.17 09:20:54.238,1.39811,1.39844,1.58,1.50
2011.06.17 09:20:54.787,1.39812,1.39844,1.58,1.50
2011.06.17 09:20:56.118,1.39812,1.39845,1.58,1.13
2011.06.17 09:20:56.338,1.39818,1.39845,1.58,1.13
2011.06.17 09:20:56.559,1.39814,1.39845,1.58,1.13
2011.06.17 09:20:56.670,1.39814,1.39845,1.58,1.13
2011.06.17 09:20:57.218,1.39815,1.39845,1.58,1.13
2011.06.17 09:20:57.439,1.39815,1.39845,1.58,1.13
2011.06.17 09:20:57.768,1.39817,1.39846,1.58,1.35
2011.06.17 09:20:58.209,1.39814,1.39842,1.58,1.50
2011.06.17 09:20:58.320,1.39819,1.39842,1.58,1.50
2011.06.17 09:20:58.540,1.39816,1.39848,1.58,1.50
2011.06.17 09:20:58.757,1.39814,1.39848,1.58,1.50
2011.06.17 09:20:58.867,1.39817,1.39848,1.58,1.50
2011.06.17 09:20:59.198,1.39817,1.39845,1.58,1.35
2011.06.17 09:20:59.309,1.39813,1.39845,1.58,1.35
2011.06.17 09:20:59.419,1.3981,1.39843,1.58,1.50
2011.06.17 09:20:59.920,1.3981,1.39842,1.58,1.50
2011.06.17 09:21:00.251,1.39813,1.39839,1.58,1.50
2011.06.17 09:21:00.371,1.39809,1.39839,1.58,1.50
2011.06.17 09:21:00.490,1.39809,1.39845,1.58,1.13
2011.06.17 09:21:00.601,1.39815,1.39845,1.58,1.13
2011.06.17 09:21:00.720,1.39815,1.39844,1.58,1.50
2011.06.17 09:21:01.048,1.39815,1.39845,1.58,1.13
2011.06.17 09:21:01.158,1.39819,1.39845,1.58,1.13
2011.06.17 09:21:01.737,1.39819,1.39845,1.58,1.13
2011.06.17 09:21:02.287,1.3982,1.39849,1.58,1.50
2011.06.17 09:21:02.622,1.39825,1.39851,1.13,1.50
2011.06.17 09:21:02.738,1.39825,1.39856,1.13,1.50
2011.06.17 09:21:02.852,1.39835,1.39861,1.58,2.25
2011.06.17 09:21:02.969,1.39828,1.39861,1.58,2.25
2011.06.17 09:21:03.081,1.39828,1.39848,1.58,1.73
2011.06.17 09:21:03.192,1.39817,1.39848,6.08,1.73
2011.06.17 09:21:03.308,1.39817,1.39848,6.08,1.73
2011.06.17 09:21:03.420,1.39804,1.39843,2.10,2.33
2011.06.17 09:21:03.821,1.39804,1.39843,2.10,2.33
2011.06.17 09:21:03.936,1.39808,1.39842,1.50,1.50
2011.06.17 09:21:04.269,1.39808,1.39844,1.50,1.50
2011.06.17 09:21:04.598,1.39808,1.39844,1.50,1.50
2011.06.17 09:21:05.078,1.39817,1.39848,1.50,1.50
2011.06.17 09:21:05.409,1.39815,1.39844,1.13,1.35
2011.06.17 09:21:05.629,1.39812,1.39844,1.58,1.35
2011.06.17 09:21:05.850,1.39812,1.39838,1.58,1.35
2011.06.17 09:21:06.068,1.39801,1.39838,2.48,1.35
2011.06.17 09:21:06.178,1.39801,1.39838,2.48,1.35
2011.06.17 09:21:07.283,1.39809,1.3984,1.13,2.10
2011.06.17 09:21:07.618,1.39813,1.39838,1.58,1.50
2011.06.17 09:21:08.189,1.39807,1.39838,1.58,1.50
2011.06.17 09:21:08.301,1.39811,1.39838,1.58,1.50
2011.06.17 09:21:08.422,1.39804,1.39836,1.50,2.10
2011.06.17 09:21:08.539,1.39804,1.39836,2.10,1.50
2011.06.17 09:21:08.761,1.3981,1.39839,2.18,1.50
2011.06.17 09:21:08.881,1.3981,1.39841,1.35,1.50
2011.06.17 09:21:08.990,1.39816,1.39843,2.10,1.50
2011.06.17 09:21:09.099,1.3982,1.39845,1.35,1.50
2011.06.17 09:21:09.320,1.39821,1.39845,1.35,1.50
2011.06.17 09:21:09.429,1.39824,1.39849,1.35,1.50
2011.06.17 09:21:09.538,1.39834,1.39851,4.50,1.50
2011.06.17 09:21:09.869,1.3984,1.39871,1.50,1.50
2011.06.17 09:21:10.198,1.39846,1.39872,1.35,1.50
2011.06.17 09:21:10.983,1.39843,1.39872,1.35,2.85
2011.06.17 09:21:11.096,1.39847,1.39874,2.10,1.35
2011.06.17 09:21:11.321,1.39847,1.39874,2.10,1.35
2011.06.17 09:21:11.551,1.39847,1.39874,2.10,1.35
2011.06.17 09:21:11.658,1.39851,1.39877,2.10,1.50
2011.06.17 09:21:11.879,1.39851,1.39877,2.10,1.50
2011.06.17 09:21:12.102,1.39854,1.39882,2.10,1.50
2011.06.17 09:21:12.548,1.3985,1.39881,2.85,1.35
2011.06.17 09:21:12.660,1.39854,1.39884,2.10,1.13
2011.06.17 09:21:12.878,1.39854,1.39884,2.10,1.13
2011.06.17 09:21:12.989,1.39852,1.39878,1.35,1.35
2011.06.17 09:21:13.099,1.3985,1.39878,2.85,1.35
2011.06.17 09:21:13.429,1.39843,1.39881,1.50,1.13
2011.06.17 09:21:13.758,1.39834,1.39862,2.48,1.35
2011.06.17 09:21:13.870,1.39835,1.39862,1.50,1.35
2011.06.17 09:21:14.088,1.39834,1.39859,1.13,1.35
2011.06.17 09:21:14.868,1.39832,1.39859,1.35,1.35
2011.06.17 09:21:16.089,1.39831,1.39865,1.35,2.10
2011.06.17 09:21:18.087,1.39831,1.39865,1.35,1.35
2011.06.17 09:21:18.418,1.39836,1.39869,2.10,1.50
2011.06.17 09:21:18.639,1.39841,1.39874,1.35,1.88
2011.06.17 09:21:19.132,1.39845,1.39874,1.35,1.50
2011.06.17 09:21:19.249,1.39845,1.39882,1.35,1.35
2011.06.17 09:21:19.747,1.39845,1.39882,1.35,1.35
2011.06.17 09:21:20.078,1.39842,1.39864,2.10,1.50
2011.06.17 09:21:20.738,1.39853,1.39864,1.58,1.50
2011.06.17 09:21:22.458,1.39853,1.39873,1.58,1.13
2011.06.17 09:21:23.227,1.39853,1.39873,1.58,1.13
2011.06.17 09:21:23.778,1.39853,1.3987,1.58,1.13
2011.06.17 09:21:24.328,1.39853,1.3987,1.58,1.13
2011.06.17 09:21:25.090,1.39853,1.39869,1.58,1.13
2011.06.17 09:21:25.638,1.39853,1.39869,1.58,1.13
2011.06.17 09:21:26.200,1.39853,1.3987,1.58,1.13
2011.06.17 09:21:26.308,1.39842,1.39864,1.58,1.13
2011.06.17 09:21:26.752,1.39848,1.39862,1.58,1.13
2011.06.17 09:21:26.872,1.39846,1.39862,1.58,1.13
2011.06.17 09:21:26.989,1.39848,1.39864,1.58,1.13
2011.06.17 09:21:27.100,1.39845,1.39864,1.58,1.13
2011.06.17 09:21:27.208,1.39848,1.39863,1.58,1.13
2011.06.17 09:21:27.537,1.3985,1.39863,1.58,1.13
2011.06.17 09:21:27.758,1.3985,1.39875,1.58,1.35
2011.06.17 09:21:28.308,1.3985,1.39875,1.58,1.35
2011.06.17 09:21:28.638,1.39844,1.39875,2.70,1.35
2011.06.17 09:21:28.748,1.39847,1.39875,1.13,1.35
2011.06.17 09:21:29.270,1.39852,1.39876,1.35,2.25
2011.06.17 09:21:29.491,1.39848,1.39874,1.73,2.10
2011.06.17 09:21:29.607,1.39847,1.39873,1.73,1.50
2011.06.17 09:21:29.717,1.39847,1.39873,1.35,1.50
2011.06.17 09:21:30.048,1.39846,1.3987,1.50,1.50
2011.06.17 09:21:30.707,1.39844,1.3987,1.58,1.13
2011.06.17 09:21:31.708,1.39844,1.39877,1.58,1.50
2011.06.17 09:21:32.151,1.39839,1.39877,1.13,2.25
2011.06.17 09:21:32.269,1.39835,1.39866,1.88,1.13
2011.06.17 09:21:32.380,1.39832,1.39866,1.95,1.88
2011.06.17 09:21:32.600,1.39837,1.39866,1.58,1.13
2011.06.17 09:21:32.928,1.39835,1.39866,1.95,1.13
2011.06.17 09:21:33.588,1.39837,1.39869,1.58,1.35
2011.06.17 09:21:33.917,1.39837,1.39859,1.58,1.50
2011.06.17 09:21:34.032,1.39828,1.39853,1.50,1.35
2011.06.17 09:21:34.259,1.39822,1.39848,1.13,1.35
2011.06.17 09:21:36.339,1.39822,1.39848,1.13,1.35
2011.06.17 09:21:36.448,1.39822,1.39848,1.13,2.85
2011.06.17 09:21:37.218,1.39815,1.39846,2.48,1.35
2011.06.17 09:21:38.360,1.39836,1.39856,1.35,1.50
2011.06.17 09:21:38.692,1.39849,1.39864,1.58,4.50
2011.06.17 09:21:38.919,1.39837,1.39864,1.50,5.10
2011.06.17 09:21:39.138,1.39835,1.39865,1.13,1.35
2011.06.17 09:21:39.358,1.39835,1.39868,1.13,1.35
2011.06.17 09:21:40.157,1.39852,1.3988,2.18,1.35
2011.06.17 09:21:40.270,1.39856,1.3988,1.58,1.35
2011.06.17 09:21:40.381,1.39859,1.39884,1.58,1.35
2011.06.17 09:21:40.500,1.39859,1.39884,1.58,1.35
2011.06.17 09:21:41.050,1.39859,1.39885,2.18,1.35
2011.06.17 09:21:42.039,1.39858,1.39891,3.23,1.35
2011.06.17 09:21:42.368,1.3986,1.39891,1.73,1.35
2011.06.17 09:21:43.032,1.39858,1.39891,2.10,1.35
2011.06.17 09:21:43.149,1.39856,1.39884,1.35,1.35
2011.06.17 09:21:43.478,1.39858,1.39887,2.10,1.35
2011.06.17 09:21:43.953,1.39853,1.39879,1.73,1.35
2011.06.17 09:21:44.070,1.3985,1.39879,2.85,1.35
2011.06.17 09:21:44.618,1.39854,1.39887,1.35,1.13
2011.06.17 09:21:45.061,1.39854,1.39889,1.35,1.35
2011.06.17 09:21:45.178,1.39854,1.39889,2.10,1.35
2011.06.17 09:21:45.838,1.39854,1.39889,1.35,1.35
2011.06.17 09:21:46.389,1.39854,1.39884,1.50,1.35
2011.06.17 09:21:46.610,1.39853,1.39884,1.50,1.35
2011.06.17 09:21:46.938,1.3985,1.39884,2.25,1.35
2011.06.17 09:21:48.528,1.39857,1.39888,2.10,1.35
2011.06.17 09:21:51.008,1.3986,1.39894,1.35,1.13
2011.06.17 09:21:51.668,1.39859,1.39894,2.85,1.13
2011.06.17 09:21:52.218,1.39863,1.39894,1.58,1.13
2011.06.17 09:21:53.258,1.39863,1.39894,1.58,1.13
2011.06.17 09:21:53.810,1.39858,1.39886,1.73,1.13
2011.06.17 09:21:54.388,1.39869,1.39886,1.58,1.13
2011.06.17 09:21:54.504,1.39865,1.39886,1.58,1.13
2011.06.17 09:21:54.950,1.3987,1.39893,1.58,2.25
2011.06.17 09:21:55.061,1.3987,1.39893,1.58,1.88
2011.06.17 09:21:55.180,1.39858,1.39898,1.95,1.50
2011.06.17 09:21:55.294,1.39862,1.39893,2.18,1.50
2011.06.17 09:21:55.631,1.39873,1.399,1.58,2.25
2011.06.17 09:21:55.962,1.39879,1.39908,1.58,1.50
2011.06.17 09:21:56.080,1.39871,1.39904,2.48,1.50
2011.06.17 09:21:56.190,1.39871,1.39904,2.48,1.50
2011.06.17 09:21:57.184,1.39882,1.39912,2.33,1.50
2011.06.17 09:21:57.410,1.39878,1.39911,1.58,1.50
2011.06.17 09:21:57.748,1.39889,1.39913,1.58,1.50
2011.06.17 09:21:57.858,1.39884,1.39912,1.58,1.50
2011.06.17 09:21:58.541,1.3988,1.39914,1.58,1.73
2011.06.17 09:21:58.661,1.3988,1.39914,1.58,1.73
2011.06.17 09:21:59.344,1.39886,1.39912,1.58,1.50
2011.06.17 09:21:59.462,1.39886,1.39914,1.58,1.35
2011.06.17 09:21:59.582,1.39883,1.39914,1.58,1.35
2011.06.17 09:21:59.700,1.39877,1.39914,1.58,1.35
2011.06.17 09:21:59.970,1.39877,1.39914,1.58,2.10
2011.06.17 09:22:00.298,1.39882,1.39913,1.58,1.50
2011.06.17 09:22:00.903,1.39883,1.39913,1.58,1.50
2011.06.17 09:22:01.901,1.39882,1.39915,1.58,1.50
2011.06.17 09:22:02.009,1.3988,1.39915,1.58,1.50
2011.06.17 09:22:02.120,1.39873,1.39914,1.86,1.50
2011.06.17 09:22:02.561,1.39879,1.39908,1.58,2.25
2011.06.17 09:22:02.680,1.39877,1.3991,1.58,1.50
2011.06.17 09:22:02.791,1.39874,1.3991,1.58,1.50
2011.06.17 09:22:02.910,1.39874,1.39911,2.33,1.50
2011.06.17 09:22:03.133,1.39882,1.39915,1.58,1.13
2011.06.17 09:22:03.248,1.39891,1.39915,1.58,1.13
2011.06.17 09:22:03.579,1.39885,1.39915,1.58,1.88
2011.06.17 09:22:03.798,1.39885,1.39915,1.58,2.10
2011.06.17 09:22:04.350,1.39885,1.39915,1.58,1.35
2011.06.17 09:22:04.816,1.39883,1.39915,1.58,1.35
2011.06.17 09:22:05.261,1.39881,1.39915,3.15,2.48
2011.06.17 09:22:05.709,1.39881,1.39911,1.58,1.50
2011.06.17 09:22:06.958,1.39878,1.39909,1.58,1.50
2011.06.17 09:22:07.069,1.39874,1.39904,1.58,1.50
2011.06.17 09:22:07.288,1.39872,1.39902,1.95,1.50
2011.06.17 09:22:07.729,1.3987,1.39901,1.13,1.50
2011.06.17 09:22:08.168,1.3987,1.39901,1.95,1.50
2011.06.17 09:22:08.277,1.3987,1.39901,2.33,1.50
2011.06.17 09:22:08.609,1.3987,1.39901,1.58,1.50
2011.06.17 09:22:09.300,1.3987,1.39901,1.58,1.50
2011.06.17 09:22:09.847,1.3987,1.39901,1.58,1.50
2011.06.17 09:22:10.548,1.3987,1.39901,1.58,1.50
2011.06.17 09:22:11.211,1.3987,1.39897,1.58,1.50
2011.06.17 09:22:11.322,1.39868,1.39897,1.58,1.50
2011.06.17 09:22:11.879,1.39868,1.39897,1.58,1.50
2011.06.17 09:22:12.428,1.39867,1.39896,1.58,1.50
2011.06.17 09:22:12.979,1.39865,1.39896,1.35,1.50
2011.06.17 09:22:13.662,1.39863,1.39898,1.35,1.50
2011.06.17 09:22:15.117,1.39862,1.39898,1.35,1.50
2011.06.17 09:22:15.447,1.39866,1.39898,1.35,1.50
2011.06.17 09:22:16.449,1.39866,1.39898,1.35,1.50
2011.06.17 09:22:16.667,1.39865,1.39898,1.35,1.50
2011.06.17 09:22:16.999,1.39863,1.39898,1.35,1.50
2011.06.17 09:22:17.329,1.39864,1.39894,1.35,1.50
2011.06.17 09:22:17.440,1.39863,1.39894,1.35,1.50
2011.06.17 09:22:17.988,1.39864,1.39894,1.35,1.50
2011.06.17 09:22:18.318,1.39864,1.39894,1.35,1.50
2011.06.17 09:22:18.777,1.39864,1.39892,1.35,1.50
2011.06.17 09:22:19.109,1.39859,1.39891,1.50,1.50
2011.06.17 09:22:19.439,1.39862,1.39891,1.35,1.50
2011.06.17 09:22:19.549,1.39862,1.3989,1.35,1.50
2011.06.17 09:22:19.659,1.39861,1.39892,1.35,1.50
2011.06.17 09:22:19.768,1.39862,1.39892,1.35,1.50
2011.06.17 09:22:20.318,1.39862,1.39892,1.35,1.50
2011.06.17 09:22:20.759,1.39859,1.39892,1.50,1.50
2011.06.17 09:22:21.358,1.39858,1.39891,1.86,1.50
2011.06.17 09:22:21.688,1.39858,1.39891,1.26,1.50
2011.06.17 09:22:22.810,1.39857,1.39887,1.35,1.50
2011.06.17 09:22:23.368,1.39857,1.39887,2.18,1.50
2011.06.17 09:22:24.031,1.39859,1.39882,1.58,1.50
2011.06.17 09:22:24.590,1.39859,1.39887,2.18,1.50
2011.06.17 09:22:24.812,1.3986,1.39886,1.58,1.35
2011.06.17 09:22:24.931,1.3986,1.3989,2.18,1.13
2011.06.17 09:22:25.269,1.39857,1.39882,2.33,1.50
2011.06.17 09:22:25.379,1.39858,1.39882,1.58,1.50
2011.06.17 09:22:25.870,1.39854,1.39882,1.58,1.50
2011.06.17 09:22:25.978,1.39854,1.39882,1.58,1.50
2011.06.17 09:22:26.198,1.39854,1.39882,1.58,1.50
2011.06.17 09:22:26.417,1.39853,1.39882,1.58,1.50
2011.06.17 09:22:26.751,1.39855,1.39885,2.33,1.50
2011.06.17 09:22:27.199,1.39852,1.39882,1.58,1.50
2011.06.17 09:22:27.697,1.39852,1.39882,1.58,1.50
2011.06.17 09:22:29.339,1.39853,1.39882,1.58,1.50
2011.06.17 09:22:29.668,1.39853,1.39884,1.58,1.35
2011.06.17 09:22:30.328,1.3985,1.39879,2.33,1.50
2011.06.17 09:22:30.737,1.39854,1.39879,1.58,1.50
2011.06.17 09:22:31.129,1.39855,1.39883,2.93,1.13
2011.06.17 09:22:31.239,1.39862,1.39889,1.58,2.25
2011.06.17 09:22:31.459,1.39863,1.39898,1.35,1.88
2011.06.17 09:22:31.568,1.3987,1.39898,1.58,1.88
2011.06.17 09:22:31.790,1.39865,1.39898,2.93,1.13
2011.06.17 09:22:31.899,1.3987,1.39898,1.58,1.13
2011.06.17 09:22:32.120,1.39864,1.39894,1.58,1.35
2011.06.17 09:22:32.227,1.39864,1.39894,1.58,1.35
2011.06.17 09:22:32.558,1.39868,1.39894,1.58,1.35
2011.06.17 09:22:32.778,1.3986,1.39894,2.10,1.35
2011.06.17 09:22:33.328,1.39859,1.39894,1.35,2.10
2011.06.17 09:22:33.768,1.39863,1.39895,1.35,1.50
2011.06.17 09:22:33.988,1.39869,1.39895,2.10,1.50
2011.06.17 09:22:34.100,1.39879,1.399,1.58,1.50
2011.06.17 09:22:35.480,1.39876,1.39908,1.58,1.50
2011.06.17 09:22:35.589,1.39876,1.39908,2.18,1.50
2011.06.17 09:22:35.919,1.39877,1.39906,1.35,1.50
2011.06.17 09:22:36.471,1.39875,1.39908,2.48,1.50
2011.06.17 09:22:36.799,1.39879,1.39907,2.10,1.35
2011.06.17 09:22:37.130,1.39874,1.39905,2.48,1.35
2011.06.17 09:22:37.240,1.39879,1.39908,2.10,2.10
2011.06.17 09:22:37.788,1.39879,1.39908,2.10,2.10
2011.06.17 09:22:38.120,1.39883,1.39912,2.10,1.35
2011.06.17 09:22:38.902,1.39883,1.39912,2.10,1.35
2011.06.17 09:22:39.025,1.39883,1.39912,2.10,1.35
2011.06.17 09:22:39.470,1.3988,1.39907,1.73,1.35
2011.06.17 09:22:39.692,1.39876,1.39907,3.23,1.35
2011.06.17 09:22:40.798,1.39876,1.39907,2.10,1.35
2011.06.17 09:22:41.127,1.39884,1.39909,2.10,1.50
2011.06.17 09:22:41.570,1.39881,1.39909,1.86,1.50
2011.06.17 09:22:41.680,1.39883,1.39909,2.10,1.50
2011.06.17 09:22:42.008,1.39883,1.3991,2.10,1.13
2011.06.17 09:22:42.118,1.39878,1.39908,2.85,1.35
2011.06.17 09:22:43.446,1.39878,1.39908,2.61,1.35
2011.06.17 09:22:43.567,1.39883,1.39911,2.10,2.48
2011.06.17 09:22:44.009,1.39883,1.39911,2.10,2.48
2011.06.17 09:22:44.779,1.39883,1.39911,3.60,2.10
2011.06.17 09:22:45.219,1.39883,1.39911,2.48,1.35
2011.06.17 09:22:45.548,1.39883,1.39911,2.48,1.35
2011.06.17 09:22:45.878,1.39883,1.39911,2.48,1.35
2011.06.17 09:22:46.997,1.39879,1.39908,1.35,1.35
2011.06.17 09:22:47.439,1.39883,1.39908,2.33,1.35
2011.06.17 09:22:47.767,1.39885,1.39911,2.18,1.35
2011.06.17 09:22:48.541,1.39885,1.39911,2.18,1.35
2011.06.17 09:22:49.650,1.39888,1.39911,1.58,1.35
2011.06.17 09:22:50.468,1.39888,1.39906,1.58,1.35
2011.06.17 09:22:50.690,1.39879,1.39903,1.58,1.35
2011.06.17 09:22:50.799,1.39879,1.39903,1.58,1.35
2011.06.17 09:22:51.021,1.39881,1.39903,1.58,1.35
2011.06.17 09:22:51.248,1.39879,1.39903,3.15,1.35
2011.06.17 09:22:51.469,1.39882,1.39903,1.58,1.35
2011.06.17 09:22:51.801,1.39879,1.39905,1.58,1.35
2011.06.17 09:22:52.019,1.39877,1.39905,3.15,1.35
2011.06.17 09:22:52.130,1.39877,1.39905,1.58,1.35
2011.06.17 09:22:52.679,1.39877,1.39905,1.58,1.35
2011.06.17 09:22:53.077,1.39884,1.39909,1.58,1.88
2011.06.17 09:22:53.193,1.39884,1.39909,1.58,1.13
2011.06.17 09:22:53.309,1.39884,1.39909,1.58,1.13
2011.06.17 09:22:53.970,1.39884,1.39913,1.58,2.10
2011.06.17 09:22:54.298,1.39887,1.39913,1.58,2.10
2011.06.17 09:22:55.072,1.39893,1.39913,1.58,1.50
2011.06.17 09:22:55.190,1.39893,1.39916,1.58,1.50
2011.06.17 09:22:55.300,1.39889,1.39916,1.58,1.50
2011.06.17 09:22:55.411,1.39892,1.39916,1.58,1.50
2011.06.17 09:22:56.409,1.39894,1.39918,1.58,1.50
2011.06.17 09:22:56.738,1.39896,1.3992,1.58,1.50
2011.06.17 09:22:57.660,1.39898,1.39923,1.58,1.50
2011.06.17 09:22:57.877,1.39898,1.39923,1.58,1.50
2011.06.17 09:22:57.991,1.39894,1.39923,1.58,1.50
2011.06.17 09:22:58.371,1.39894,1.39922,1.58,1.35
2011.06.17 09:22:58.485,1.39886,1.39911,2.08,1.35
2011.06.17 09:22:58.601,1.39886,1.39911,2.08,1.35
2011.06.17 09:22:58.710,1.3988,1.39911,1.58,1.35
2011.06.17 09:22:58.820,1.39879,1.39902,1.58,1.35
2011.06.17 09:22:59.150,1.39872,1.39901,1.58,1.88
2011.06.17 09:22:59.703,1.39872,1.39901,1.58,1.13
2011.06.17 09:22:59.823,1.39875,1.39901,1.58,1.13
2011.06.17 09:23:00.051,1.39876,1.39901,1.58,1.13
2011.06.17 09:23:00.381,1.39886,1.39906,2.33,1.50
2011.06.17 09:23:00.490,1.39886,1.3991,2.33,1.50
2011.06.17 09:23:00.598,1.39886,1.3991,2.33,1.50
2011.06.17 09:23:00.709,1.39886,1.39913,2.33,1.35
2011.06.17 09:23:01.041,1.39891,1.39917,2.33,2.48
2011.06.17 09:23:02.684,1.39891,1.39917,2.33,1.50
2011.06.17 09:23:02.958,1.39891,1.39917,2.33,2.10
2011.06.17 09:23:03.399,1.39892,1.39917,2.33,1.35
2011.06.17 09:23:03.510,1.39894,1.39918,2.33,2.25
2011.06.17 09:23:03.620,1.39894,1.39918,2.33,1.50
2011.06.17 09:23:03.948,1.39892,1.39919,2.33,2.25
2011.06.17 09:23:04.502,1.39896,1.39917,1.58,1.35
2011.06.17 09:23:04.623,1.39887,1.39914,1.86,1.58
2011.06.17 09:23:05.182,1.39889,1.39913,1.35,2.33
2011.06.17 09:23:05.660,1.39889,1.39911,1.35,1.50
2011.06.17 09:23:05.973,1.39887,1.39909,2.33,2.10
2011.06.17 09:23:06.124,1.39878,1.39902,1.50,1.35
2011.06.17 09:23:06.240,1.39878,1.39908,2.10,2.93
2011.06.17 09:23:06.356,1.39878,1.39907,3.08,1.35
2011.06.17 09:23:06.471,1.39882,1.3991,2.10,1.13
2011.06.17 09:23:06.810,1.39878,1.39908,1.35,2.10
2011.06.17 09:23:07.729,1.39888,1.3991,2.33,1.35
2011.06.17 09:23:08.421,1.39884,1.39914,1.13,1.35
2011.06.17 09:23:08.538,1.3988,1.39918,2.93,1.88
2011.06.17 09:23:08.652,1.39884,1.39918,1.35,1.88
2011.06.17 09:23:08.771,1.39889,1.39916,2.33,1.50
2011.06.17 09:23:09.368,1.39894,1.39916,1.58,1.50
2011.06.17 09:23:09.810,1.39896,1.3992,1.35,1.50
2011.06.17 09:23:10.142,1.39902,1.3992,1.58,1.50
2011.06.17 09:23:10.260,1.39897,1.39921,1.13,1.50
2011.06.17 09:23:10.369,1.39897,1.3993,1.13,1.35
2011.06.17 09:23:10.702,1.39896,1.39923,1.35,1.35
2011.06.17 09:23:11.212,1.39894,1.39922,2.33,2.85
2011.06.17 09:23:11.677,1.39895,1.39925,1.35,1.35
2011.06.17 09:23:11.791,1.39901,1.39927,1.35,1.50
2011.06.17 09:23:11.899,1.39901,1.39927,1.35,1.50
2011.06.17 09:23:12.010,1.39896,1.39915,1.26,2.85
2011.06.17 09:23:12.230,1.39895,1.39915,2.10,1.50
2011.06.17 09:23:12.451,1.39902,1.3993,1.35,2.10
2011.06.17 09:23:12.671,1.39902,1.39927,1.35,1.35
2011.06.17 09:23:12.891,1.39901,1.39935,3.08,2.10
2011.06.17 09:23:12.999,1.39907,1.39933,2.33,1.35
2011.06.17 09:23:13.111,1.39909,1.3993,2.33,2.10
2011.06.17 09:23:13.441,1.39901,1.39933,1.35,3.08
2011.06.17 09:23:13.661,1.39899,1.39929,1.50,1.35
2011.06.17 09:23:13.770,1.39898,1.39929,1.50,1.35
2011.06.17 09:23:13.880,1.39897,1.39929,1.50,1.35
2011.06.17 09:23:14.212,1.39897,1.39925,1.50,1.35
2011.06.17 09:23:14.805,1.39902,1.39929,1.58,1.35
2011.06.17 09:23:14.919,1.39902,1.39929,1.58,1.35
2011.06.17 09:23:15.033,1.39895,1.39922,1.58,1.35
2011.06.17 09:23:15.375,1.39887,1.39918,2.33,1.35
2011.06.17 09:23:15.494,1.39882,1.39912,1.50,1.35
2011.06.17 09:23:15.614,1.39879,1.39909,2.33,1.35
2011.06.17 09:23:15.841,1.39877,1.39909,3.08,1.35
2011.06.17 09:23:16.170,1.39886,1.39914,2.33,1.35
2011.06.17 09:23:16.721,1.39884,1.39913,2.33,1.50
2011.06.17 09:23:17.160,1.39885,1.39919,1.26,1.35
2011.06.17 09:23:17.955,1.39883,1.39919,1.35,1.35
2011.06.17 09:23:18.403,1.39882,1.39908,1.13,2.10
2011.06.17 09:23:18.523,1.39878,1.39902,1.50,1.35
2011.06.17 09:23:18.641,1.39877,1.399,1.26,1.35
2011.06.17 09:23:18.750,1.39867,1.39898,1.73,1.50
2011.06.17 09:23:19.127,1.3988,1.39907,1.13,1.50
2011.06.17 09:23:19.240,1.39883,1.3991,1.58,1.35
2011.06.17 09:23:19.909,1.3988,1.39908,1.13,1.50
2011.06.17 09:23:20.037,1.39881,1.39914,1.35,1.50
2011.06.17 09:23:20.262,1.39876,1.39908,3.08,2.10
2011.06.17 09:23:20.382,1.39881,1.39908,2.33,1.35
2011.06.17 09:23:20.828,1.39881,1.39908,2.33,2.10
2011.06.17 09:23:21.378,1.39882,1.39908,1.58,1.35
2011.06.17 09:23:21.711,1.3988,1.39908,1.58,1.35
2011.06.17 09:23:22.591,1.39872,1.39901,2.33,1.35
2011.06.17 09:23:23.140,1.39872,1.39905,2.33,2.10
2011.06.17 09:23:24.370,1.39872,1.39902,2.33,1.50
2011.06.17 09:23:24.809,1.39876,1.39904,1.58,1.50
2011.06.17 09:23:25.142,1.39881,1.39905,1.58,1.35
2011.06.17 09:23:25.480,1.39881,1.39905,2.33,1.35
2011.06.17 09:23:26.031,1.39871,1.39898,1.13,2.48
2011.06.17 09:23:26.359,1.39871,1.39898,1.13,2.48
2011.06.17 09:23:27.727,1.39873,1.399,1.58,1.35
2011.06.17 09:23:27.842,1.39873,1.39903,2.33,2.10
2011.06.17 09:23:28.181,1.39867,1.39897,2.33,1.13
2011.06.17 09:23:28.400,1.39874,1.39902,2.70,1.50
2011.06.17 09:23:28.839,1.39874,1.39906,2.33,1.73
2011.06.17 09:23:29.171,1.39869,1.39901,2.33,1.50
2011.06.17 09:23:29.719,1.39869,1.39901,2.33,1.88
2011.06.17 09:23:29.940,1.39869,1.399,2.33,1.13
2011.06.17 09:23:30.269,1.39864,1.39895,2.33,1.50
2011.06.17 09:23:30.490,1.39864,1.39893,1.58,1.13
2011.06.17 09:23:30.711,1.39868,1.39895,1.58,1.13
2011.06.17 09:23:30.931,1.39865,1.39888,1.58,1.35
2011.06.17 09:23:31.418,1.39859,1.39891,2.33,1.35
2011.06.17 09:23:32.189,1.39859,1.39891,2.33,1.35
2011.06.17 09:23:32.521,1.39869,1.39895,1.58,1.13
2011.06.17 09:23:33.190,1.39871,1.39902,1.35,1.50
2011.06.17 09:23:33.301,1.39868,1.39901,2.33,1.50
2011.06.17 09:23:35.168,1.39868,1.39899,2.33,1.50
2011.06.17 09:23:35.279,1.39868,1.39898,2.33,1.35
2011.06.17 09:23:35.752,1.39868,1.39894,1.58,1.35
2011.06.17 09:23:35.860,1.39868,1.39894,1.58,1.35
2011.06.17 09:23:35.970,1.39866,1.39894,1.58,1.35
2011.06.17 09:23:36.080,1.39869,1.39894,1.58,1.35
2011.06.17 09:23:36.303,1.3986,1.39886,1.35,1.13
2011.06.17 09:23:36.420,1.39866,1.39886,1.58,1.13
2011.06.17 09:23:36.751,1.39868,1.39888,1.58,1.73
2011.06.17 09:23:36.861,1.39858,1.39888,2.70,2.48
2011.06.17 09:23:36.973,1.39858,1.39891,1.35,1.50
2011.06.17 09:23:37.090,1.39858,1.39887,1.13,1.35
2011.06.17 09:23:37.420,1.39864,1.39896,1.58,1.35
2011.06.17 09:23:37.751,1.39866,1.39896,1.58,1.35
2011.06.17 09:23:38.083,1.39865,1.39895,1.35,1.50
2011.06.17 09:23:38.314,1.39866,1.39895,2.33,2.10
2011.06.17 09:23:38.867,1.39873,1.39897,1.58,1.50
2011.06.17 09:23:39.200,1.39869,1.399,1.58,1.50
2011.06.17 09:23:39.309,1.39867,1.39895,1.13,1.35
2011.06.17 09:23:39.419,1.39869,1.39895,1.58,1.35
2011.06.17 09:23:39.751,1.3987,1.39899,3.90,1.50
2011.06.17 09:23:39.969,1.3987,1.399,2.33,1.50
2011.06.17 09:23:40.301,1.39869,1.39894,1.58,1.50
2011.06.17 09:23:40.411,1.39864,1.39895,2.33,1.50
2011.06.17 09:23:40.521,1.39865,1.39898,2.10,1.50
2011.06.17 09:23:40.740,1.3987,1.39896,1.13,1.50
2011.06.17 09:23:40.851,1.39874,1.39896,1.95,1.50
2011.06.17 09:23:41.410,1.3987,1.39904,1.73,1.50
2011.06.17 09:23:41.740,1.39876,1.39904,1.58,1.50
2011.06.17 09:23:41.850,1.3987,1.39904,1.13,1.50
2011.06.17 09:23:42.069,1.39877,1.39904,1.58,1.50
2011.06.17 09:23:42.698,1.39877,1.39904,1.58,1.50
2011.06.17 09:23:43.479,1.39868,1.39903,1.13,1.50
2011.06.17 09:23:43.589,1.39874,1.39903,1.58,1.50
2011.06.17 09:23:44.029,1.39878,1.39901,1.58,1.50
2011.06.17 09:23:44.993,1.39869,1.39907,1.13,2.10
2011.06.17 09:23:45.328,1.39877,1.39905,1.58,1.50
2011.06.17 09:23:45.871,1.39878,1.39906,1.58,1.50
2011.06.17 09:23:46.309,1.39881,1.39908,1.58,1.50
2011.06.17 09:23:46.750,1.39881,1.39908,1.58,1.50
2011.06.17 09:23:47.528,1.39883,1.3991,1.58,1.50
2011.06.17 09:23:47.984,1.39878,1.39911,1.58,1.35
2011.06.17 09:23:48.322,1.39882,1.39909,1.58,1.50
2011.06.17 09:23:48.551,1.39882,1.39911,1.58,1.35
2011.06.17 09:23:48.771,1.39882,1.39911,1.58,1.35
2011.06.17 09:23:49.101,1.39874,1.39911,1.35,1.35
2011.06.17 09:23:49.321,1.39871,1.39905,1.13,1.35
2011.06.17 09:23:49.541,1.3987,1.39898,1.73,1.35
2011.06.17 09:23:49.980,1.39873,1.39902,2.10,1.35
2011.06.17 09:23:50.821,1.39873,1.39902,2.10,1.35
2011.06.17 09:23:52.509,1.39874,1.39902,1.35,1.35
2011.06.17 09:23:53.503,1.39879,1.39908,1.35,1.35
2011.06.17 09:23:53.842,1.39881,1.39911,2.10,1.35
2011.06.17 09:23:53.960,1.39881,1.39911,2.85,1.35
2011.06.17 09:23:54.071,1.39878,1.39909,1.35,1.35
2011.06.17 09:23:54.521,1.39881,1.3991,3.08,1.50
2011.06.17 09:23:54.994,1.39883,1.39911,1.58,1.35
2011.06.17 09:23:55.224,1.39901,1.39921,1.13,1.50
2011.06.17 09:23:55.343,1.39911,1.39927,1.58,2.33
2011.06.17 09:23:55.462,1.39912,1.39942,1.95,1.35
2011.06.17 09:23:55.584,1.39909,1.39941,1.13,2.33
2011.06.17 09:23:55.701,1.39905,1.39941,1.50,2.33
2011.06.17 09:23:55.811,1.39901,1.39941,1.88,2.33
2011.06.17 09:23:56.579,1.399,1.39941,1.35,2.33
2011.06.17 09:23:57.364,1.39899,1.39933,3.08,1.35
2011.06.17 09:23:58.319,1.39896,1.39933,2.33,1.35
2011.06.17 09:23:58.760,1.39901,1.39937,1.35,2.10
2011.06.17 09:23:59.209,1.39901,1.39934,1.35,1.50
2011.06.17 09:23:59.429,1.39897,1.39934,2.18,1.50
2011.06.17 09:23:59.541,1.39897,1.39931,2.18,1.35
2011.06.17 09:23:59.652,1.39897,1.39931,2.18,1.35
2011.06.17 09:24:00.198,1.39893,1.39931,2.18,1.35
2011.06.17 09:24:00.685,1.39887,1.39915,2.33,1.50
2011.06.17 09:24:00.802,1.3988,1.39911,2.33,1.50
2011.06.17 09:24:00.909,1.39878,1.39911,3.75,1.50
2011.06.17 09:24:01.021,1.39882,1.39916,2.93,2.25
2011.06.17 09:24:01.240,1.39882,1.39916,2.18,1.50
2011.06.17 09:24:02.470,1.39882,1.39917,2.93,1.13
2011.06.17 09:24:03.847,1.39879,1.39911,3.15,2.10
2011.06.17 09:24:03.961,1.39879,1.39911,2.18,1.50
2011.06.17 09:24:04.293,1.39883,1.39913,1.58,1.13
2011.06.17 09:24:04.524,1.39881,1.39911,2.18,1.50
2011.06.17 09:24:04.860,1.39885,1.39913,1.58,1.13
2011.06.17 09:24:05.190,1.3988,1.39911,2.93,1.50
2011.06.17 09:24:05.301,1.39884,1.3991,1.58,1.50
2011.06.17 09:24:05.411,1.39879,1.39911,1.35,1.50
2011.06.17 09:24:05.638,1.39882,1.3991,1.58,1.50
2011.06.17 09:24:06.731,1.39882,1.39908,2.18,1.50
2011.06.17 09:24:07.169,1.39886,1.39914,1.58,1.50
2011.06.17 09:24:07.279,1.39886,1.39915,1.58,1.50
2011.06.17 09:24:07.392,1.39892,1.39915,1.58,1.50
2011.06.17 09:24:07.840,1.39892,1.39918,1.58,1.50
2011.06.17 09:24:07.949,1.39885,1.39917,2.18,1.50
2011.06.17 09:24:09.270,1.3988,1.39913,2.93,1.50
2011.06.17 09:24:09.489,1.3988,1.39913,2.18,1.50
2011.06.17 09:24:10.071,1.39884,1.39916,2.18,2.48
2011.06.17 09:24:10.510,1.39885,1.3991,1.58,1.35
2011.06.17 09:24:10.620,1.39879,1.3991,1.35,1.35
2011.06.17 09:24:10.731,1.39881,1.39908,1.88,1.35
2011.06.17 09:24:10.952,1.39892,1.39922,1.35,1.50
2011.06.17 09:24:11.180,1.39888,1.39921,2.93,1.50
2011.06.17 09:24:11.508,1.39889,1.39921,2.18,2.25
2011.06.17 09:24:11.620,1.39887,1.39921,3.68,2.25
2011.06.17 09:24:11.949,1.39896,1.39922,2.18,1.50
2011.06.17 09:24:12.280,1.39899,1.39927,3.68,1.50
2011.06.17 09:24:12.764,1.39901,1.39927,2.18,1.50
2011.06.17 09:24:12.889,1.399,1.39929,2.10,1.13
2011.06.17 09:24:13.221,1.39907,1.39933,3.68,1.50
2011.06.17 09:24:13.442,1.39921,1.39933,2.10,1.50
2011.06.17 09:24:13.890,1.39921,1.3994,2.10,1.50
2011.06.17 09:24:14.223,1.39926,1.3994,2.10,1.50
2011.06.17 09:24:14.339,1.39926,1.3995,2.10,1.50
2011.06.17 09:24:14.672,1.39926,1.3995,2.48,1.50
2011.06.17 09:24:15.010,1.39929,1.3995,2.48,1.50
2011.06.17 09:24:15.231,1.39929,1.39958,2.48,1.50
2011.06.17 09:24:16.171,1.39925,1.39953,2.55,1.35
2011.06.17 09:24:16.720,1.39921,1.39948,1.35,1.35
2011.06.17 09:24:17.049,1.39922,1.39952,2.10,1.35
2011.06.17 09:24:18.042,1.3992,1.39943,1.88,1.35
2011.06.17 09:24:18.162,1.3992,1.39949,3.60,1.35
2011.06.17 09:24:18.281,1.39919,1.39945,1.35,1.35
2011.06.17 09:24:18.402,1.39917,1.39945,1.35,1.35
2011.06.17 09:24:18.957,1.39921,1.39951,2.10,1.35
2011.06.17 09:24:19.290,1.39917,1.39947,2.10,1.35
2011.06.17 09:24:19.622,1.39924,1.39951,2.10,2.25
2011.06.17 09:24:20.400,1.3992,1.3995,1.35,1.35
2011.06.17 09:24:20.511,1.39916,1.39953,2.48,1.50
2011.06.17 09:24:20.620,1.39926,1.39953,1.58,1.50
2011.06.17 09:24:20.729,1.39928,1.39958,1.58,1.50
2011.06.17 09:24:21.060,1.39932,1.39958,1.58,1.50
2011.06.17 09:24:21.733,1.39928,1.39958,1.95,1.50
2011.06.17 09:24:21.850,1.39931,1.39958,1.95,1.50
2011.06.17 09:24:22.181,1.39929,1.39958,1.58,1.50
2011.06.17 09:24:22.400,1.39927,1.39957,1.58,1.35
2011.06.17 09:24:22.621,1.39932,1.39956,2.18,1.50
2011.06.17 09:24:22.841,1.39932,1.39957,1.58,2.25
2011.06.17 09:24:22.951,1.3993,1.39957,1.58,2.25
2011.06.17 09:24:23.060,1.3993,1.39957,1.58,1.50
2011.06.17 09:24:23.392,1.3993,1.39958,1.58,1.50
2011.06.17 09:24:23.614,1.3993,1.39958,1.58,1.50
2011.06.17 09:24:23.839,1.39933,1.39957,1.58,1.50
2011.06.17 09:24:24.171,1.39931,1.39957,1.58,1.50
2011.06.17 09:24:24.662,1.39926,1.39957,1.58,1.50
2011.06.17 09:24:24.782,1.3993,1.39954,1.58,1.35
2011.06.17 09:24:25.121,1.39933,1.39955,1.58,1.50
2011.06.17 09:24:25.344,1.39929,1.39956,1.95,1.50
2011.06.17 09:24:25.572,1.39925,1.39956,1.13,1.50
2011.06.17 09:24:25.682,1.39924,1.39959,3.30,1.35
2011.06.17 09:24:25.791,1.39926,1.39959,1.58,1.35
2011.06.17 09:24:26.011,1.39923,1.39956,2.55,1.50
2011.06.17 09:24:26.340,1.39927,1.39956,1.58,1.50
2011.06.17 09:24:26.449,1.39923,1.39956,2.55,1.50
2011.06.17 09:24:26.561,1.39923,1.39956,2.55,1.50
2011.06.17 09:24:27.331,1.39923,1.39952,1.58,1.50
2011.06.17 09:24:27.877,1.39914,1.39945,1.35,1.50
2011.06.17 09:24:28.101,1.39921,1.39945,1.58,1.50
2011.06.17 09:24:28.211,1.39913,1.39945,2.85,1.50
2011.06.17 09:24:28.760,1.39915,1.39945,3.68,1.50
2011.06.17 09:24:28.979,1.39915,1.39945,3.68,1.50
2011.06.17 09:24:29.530,1.39918,1.39946,1.58,2.25
2011.06.17 09:24:29.971,1.39921,1.39946,1.58,1.50
2011.06.17 09:24:30.519,1.39921,1.39948,1.95,1.50
2011.06.17 09:24:30.739,1.3992,1.39948,1.35,1.50
2011.06.17 09:24:30.850,1.39921,1.39951,1.73,1.50
2011.06.17 09:24:31.410,1.39922,1.39952,1.73,1.50
2011.06.17 09:24:31.524,1.3992,1.39952,1.73,1.50
2011.06.17 09:24:32.219,1.3992,1.39952,1.35,1.50
2011.06.17 09:24:32.991,1.39919,1.39951,1.73,1.50
2011.06.17 09:24:33.100,1.39924,1.39952,2.48,1.35
2011.06.17 09:24:33.431,1.39924,1.39952,1.73,2.33
2011.06.17 09:24:33.981,1.39915,1.39951,1.73,1.50
2011.06.17 09:24:34.199,1.39926,1.39948,1.58,1.50
2011.06.17 09:24:34.310,1.39924,1.39948,1.58,1.50
2011.06.17 09:24:36.371,1.39924,1.39951,2.18,2.25
2011.06.17 09:24:36.491,1.39919,1.39951,1.58,1.50
2011.06.17 09:24:36.599,1.39919,1.39951,1.58,1.50
2011.06.17 09:24:36.818,1.39919,1.39951,1.58,1.50
2011.06.17 09:24:37.368,1.3992,1.39952,1.58,1.13
2011.06.17 09:24:38.784,1.39915,1.39944,1.35,1.50
2011.06.17 09:24:38.900,1.39914,1.39944,1.50,1.50
2011.06.17 09:24:39.012,1.39916,1.39944,1.58,1.50
2011.06.17 09:24:39.339,1.39916,1.39944,1.58,1.50
2011.06.17 09:24:39.671,1.39914,1.3994,1.58,1.50
2011.06.17 09:24:39.779,1.39909,1.39939,1.58,1.35
2011.06.17 09:24:40.338,1.39909,1.39939,1.58,1.35
2011.06.17 09:24:41.040,1.39909,1.3994,2.18,2.25
2011.06.17 09:24:41.658,1.39909,1.3994,2.18,2.25
2011.06.17 09:24:42.099,1.39908,1.3994,2.18,1.50
2011.06.17 09:24:42.729,1.39908,1.3994,2.18,1.50
2011.06.17 09:24:42.951,1.39908,1.39938,1.58,1.35
2011.06.17 09:24:43.280,1.39911,1.3994,2.18,1.50
2011.06.17 09:24:43.612,1.39914,1.39943,2.18,1.50
2011.06.17 09:24:44.159,1.39914,1.39946,2.18,1.13
2011.06.17 09:24:44.489,1.39914,1.39945,1.58,1.35
2011.06.17 09:24:44.708,1.39908,1.39945,1.35,2.93
2011.06.17 09:24:44.819,1.39907,1.39943,1.35,1.50
2011.06.17 09:24:45.260,1.39906,1.39945,2.18,1.50
2011.06.17 09:24:45.370,1.39908,1.39945,1.35,1.50
2011.06.17 09:24:45.589,1.39916,1.39946,1.58,1.50
2011.06.17 09:24:45.809,1.39916,1.39949,1.58,1.88
2011.06.17 09:24:46.030,1.39909,1.39935,2.33,1.50
2011.06.17 09:24:46.251,1.39901,1.39935,2.33,1.50
2011.06.17 09:24:46.732,1.39901,1.39935,1.58,1.50
2011.06.17 09:24:46.951,1.39904,1.39935,2.33,1.50
2011.06.17 09:24:47.169,1.39902,1.39935,2.33,1.50
2011.06.17 09:24:47.609,1.39904,1.39937,1.35,1.50
2011.06.17 09:24:48.288,1.39903,1.39936,1.35,1.50
2011.06.17 09:24:48.513,1.39907,1.39935,1.58,1.13
2011.06.17 09:24:48.850,1.39913,1.39937,2.18,1.50
2011.06.17 09:24:48.962,1.39907,1.3994,2.10,1.50
2011.06.17 09:24:49.523,1.39913,1.39947,2.18,1.13
2011.06.17 09:24:50.451,1.39909,1.39941,2.18,1.50
2011.06.17 09:24:50.793,1.39915,1.39941,2.93,1.50
2011.06.17 09:24:50.911,1.39915,1.39941,2.33,1.50
2011.06.17 09:24:51.129,1.39917,1.39945,2.18,1.50
2011.06.17 09:24:51.244,1.39919,1.39945,2.18,1.50
2011.06.17 09:24:51.800,1.39919,1.39949,2.93,1.50
2011.06.17 09:24:52.239,1.39919,1.39949,2.93,1.50
2011.06.17 09:24:52.352,1.39925,1.3995,2.33,1.88
2011.06.17 09:24:52.800,1.39923,1.3995,1.58,1.88
2011.06.17 09:24:53.021,1.39924,1.39951,1.35,1.50
2011.06.17 09:24:53.571,1.39922,1.39953,1.35,1.50
2011.06.17 09:24:53.987,1.39922,1.39953,1.35,1.50
2011.06.17 09:24:54.323,1.39925,1.39956,1.58,1.50
2011.06.17 09:24:54.878,1.39925,1.39956,1.58,1.50
2011.06.17 09:24:55.759,1.39923,1.39954,1.58,1.50
2011.06.17 09:24:56.329,1.39923,1.39955,1.58,2.25
2011.06.17 09:24:56.851,1.39923,1.39955,1.58,2.25
2011.06.17 09:24:56.960,1.39923,1.39955,2.33,2.25
2011.06.17 09:24:57.619,1.39923,1.39955,1.58,1.50
2011.06.17 09:24:58.599,1.39923,1.39952,2.18,1.50
2011.06.17 09:24:59.091,1.39923,1.39952,2.18,1.50
2011.06.17 09:24:59.227,1.39926,1.39952,1.35,1.50
2011.06.17 09:24:59.449,1.39925,1.39956,2.18,1.50
2011.06.17 09:24:59.893,1.39925,1.39956,2.33,1.50
2011.06.17 09:25:00.121,1.39925,1.39956,1.58,1.50
2011.06.17 09:25:00.670,1.39925,1.39956,2.18,1.50
2011.06.17 09:25:01.224,1.39927,1.39953,1.58,1.50
2011.06.17 09:25:01.671,1.39927,1.39953,1.58,1.50
2011.06.17 09:25:02.589,1.39927,1.39953,1.58,1.50
2011.06.17 09:25:02.811,1.3993,1.39953,1.58,1.50
2011.06.17 09:25:02.920,1.39924,1.39952,2.18,1.50
2011.06.17 09:25:03.033,1.39924,1.39953,1.58,1.50
2011.06.17 09:25:03.150,1.39924,1.39953,2.33,1.50
2011.06.17 09:25:03.702,1.39922,1.39954,1.35,1.50
2011.06.17 09:25:04.033,1.39925,1.39954,1.35,1.50
2011.06.17 09:25:04.260,1.39931,1.39957,1.35,1.50
2011.06.17 09:25:04.481,1.39932,1.3996,1.35,1.50
2011.06.17 09:25:04.700,1.3993,1.3996,1.35,1.50
2011.06.17 09:25:05.031,1.39933,1.3996,2.10,1.35
2011.06.17 09:25:05.813,1.39933,1.3996,2.10,1.35
2011.06.17 09:25:05.919,1.39935,1.39965,2.10,1.35
2011.06.17 09:25:06.250,1.39935,1.39965,2.85,1.35
2011.06.17 09:25:06.470,1.39936,1.39963,2.10,1.35
2011.06.17 09:25:06.911,1.39939,1.39969,2.10,1.35
2011.06.17 09:25:07.130,1.39939,1.39967,2.10,2.33
2011.06.17 09:25:07.351,1.39933,1.39964,2.10,1.35
2011.06.17 09:25:07.571,1.39929,1.39963,1.58,1.73
2011.06.17 09:25:07.901,1.39932,1.39963,1.58,1.13
2011.06.17 09:25:08.229,1.39932,1.39963,1.58,1.13
2011.06.17 09:25:09.471,1.39932,1.39964,1.58,2.25
2011.06.17 09:25:09.595,1.39937,1.39966,1.58,2.48
2011.06.17 09:25:09.712,1.39935,1.39966,1.58,2.48
2011.06.17 09:25:09.832,1.39933,1.39966,1.58,1.73
2011.06.17 09:25:09.950,1.39933,1.39966,1.58,2.10
2011.06.17 09:25:10.062,1.39925,1.39963,1.35,1.50
2011.06.17 09:25:10.400,1.39926,1.39965,2.18,1.50
2011.06.17 09:25:10.732,1.39927,1.39965,1.35,2.25
2011.06.17 09:25:10.951,1.39929,1.39964,2.18,1.50
2011.06.17 09:25:11.278,1.39929,1.39965,2.18,3.00
2011.06.17 09:25:12.381,1.39931,1.39964,2.18,2.25
2011.06.17 09:25:12.491,1.39923,1.39957,3.30,1.13
2011.06.17 09:25:13.213,1.39923,1.39957,2.18,1.88
2011.06.17 09:25:13.770,1.39921,1.39956,2.18,1.50
2011.06.17 09:25:14.100,1.39921,1.39956,2.18,1.50
2011.06.17 09:25:14.719,1.39921,1.39956,2.18,2.63
2011.06.17 09:25:15.162,1.39913,1.39952,2.85,1.35
2011.06.17 09:25:15.392,1.39915,1.39947,1.35,1.50
2011.06.17 09:25:15.514,1.39911,1.39951,1.35,1.13
2011.06.17 09:25:16.215,1.39925,1.39951,2.10,1.50
2011.06.17 09:25:16.329,1.39924,1.39951,2.10,1.50
2011.06.17 09:25:16.659,1.39919,1.39951,1.73,1.50
2011.06.17 09:25:17.210,1.39921,1.39951,1.35,1.50
2011.06.17 09:25:17.541,1.39929,1.39958,2.18,1.50
2011.06.17 09:25:17.650,1.39929,1.39958,2.18,1.50
2011.06.17 09:25:17.760,1.39934,1.39958,1.58,1.50
2011.06.17 09:25:18.089,1.39939,1.39958,2.18,1.50
2011.06.17 09:25:18.418,1.39939,1.39966,2.18,1.50
2011.06.17 09:25:18.969,1.39939,1.39965,1.58,1.50
2011.06.17 09:25:19.555,1.39935,1.39964,1.58,1.50
2011.06.17 09:25:20.462,1.39937,1.39964,1.58,1.50
2011.06.17 09:25:20.692,1.39937,1.39964,1.58,1.50
2011.06.17 09:25:21.030,1.39933,1.39965,1.58,1.35
2011.06.17 09:25:21.250,1.39936,1.39967,2.18,1.50
2011.06.17 09:25:21.801,1.3993,1.39965,2.85,1.50
2011.06.17 09:25:22.352,1.39932,1.39963,2.10,1.50
2011.06.17 09:25:22.579,1.39939,1.39969,2.33,1.50
2011.06.17 09:25:23.041,1.3994,1.39969,2.93,1.50
2011.06.17 09:25:23.165,1.3994,1.39973,2.93,1.50
2011.06.17 09:25:23.280,1.39941,1.39976,2.10,1.13
2011.06.17 09:25:23.610,1.39944,1.39976,2.55,1.13
2011.06.17 09:25:23.724,1.39944,1.3997,1.95,1.13
2011.06.17 09:25:24.830,1.39949,1.39979,1.58,2.25
2011.06.17 09:25:25.159,1.39949,1.39978,1.58,1.50
2011.06.17 09:25:25.271,1.39939,1.39973,1.13,1.35
2011.06.17 09:25:25.602,1.39937,1.39968,1.65,2.10
2011.06.17 09:25:25.940,1.39934,1.39963,1.35,1.35
2011.06.17 09:25:26.562,1.39924,1.39955,5.03,1.73
2011.06.17 09:25:26.707,1.39935,1.39958,1.58,1.50
2011.06.17 09:25:26.932,1.39938,1.39966,1.58,1.13
2011.06.17 09:25:27.041,1.39934,1.39966,2.93,1.13
2011.06.17 09:25:27.370,1.39936,1.3997,1.13,1.13
2011.06.17 09:25:28.141,1.39941,1.39967,1.13,1.13
2011.06.17 09:25:28.581,1.39936,1.39972,2.33,1.50
2011.06.17 09:25:28.691,1.39936,1.39971,2.33,1.50
2011.06.17 09:25:29.021,1.39935,1.39971,1.50,1.13
2011.06.17 09:25:30.289,1.39936,1.39971,2.33,1.13
2011.06.17 09:25:30.872,1.39936,1.39969,1.35,1.50
2011.06.17 09:25:31.209,1.39936,1.39966,1.35,1.50
2011.06.17 09:25:31.763,1.39935,1.39965,1.13,1.13
2011.06.17 09:25:31.881,1.39935,1.39965,1.13,1.13
2011.06.17 09:25:32.434,1.39938,1.39965,2.70,1.13
2011.06.17 09:25:32.771,1.39941,1.39968,2.10,1.50
2011.06.17 09:25:33.423,1.39941,1.39974,1.73,1.13
2011.06.17 09:25:33.760,1.39941,1.39975,1.35,1.50
2011.06.17 09:25:36.791,1.39939,1.3997,2.25,1.50
2011.06.17 09:25:37.341,1.3994,1.39966,1.35,2.33
2011.06.17 09:25:37.456,1.39933,1.39964,1.73,1.50
2011.06.17 09:25:38.013,1.39933,1.39966,1.73,3.08
2011.06.17 09:25:38.132,1.39933,1.39966,1.73,3.83
2011.06.17 09:25:38.690,1.39931,1.39963,2.55,2.25
2011.06.17 09:25:38.914,1.39939,1.39963,1.58,1.50
2011.06.17 09:25:39.912,1.39936,1.39968,1.58,1.50
2011.06.17 09:25:40.353,1.39932,1.39963,1.95,1.50
2011.06.17 09:25:40.941,1.39929,1.39961,2.33,1.50
2011.06.17 09:25:41.159,1.39932,1.39961,1.13,1.50
2011.06.17 09:25:41.639,1.39929,1.39961,2.33,1.50
2011.06.17 09:25:41.971,1.39929,1.3996,1.58,1.50
2011.06.17 09:25:42.081,1.39927,1.39959,1.43,1.50
2011.06.17 09:25:42.192,1.39928,1.39959,1.43,1.50
2011.06.17 09:25:42.640,1.39928,1.39957,1.43,1.50
2011.06.17 09:25:42.749,1.39928,1.39957,1.43,1.50
2011.06.17 09:25:43.631,1.39929,1.39958,2.33,1.50
2011.06.17 09:25:45.320,1.3993,1.3996,2.33,1.50
2011.06.17 09:25:46.199,1.39928,1.3996,2.33,1.50
2011.06.17 09:25:47.401,1.39929,1.39957,2.33,1.50
2011.06.17 09:25:47.621,1.39927,1.39957,3.00,1.50
2011.06.17 09:25:48.170,1.39927,1.39956,3.75,1.50
2011.06.17 09:25:48.390,1.39927,1.39955,3.00,1.50
2011.06.17 09:25:48.720,1.39929,1.39958,1.13,1.50
2011.06.17 09:25:49.245,1.39928,1.39954,1.13,1.50
2011.06.17 09:25:50.022,1.39928,1.3996,1.88,1.50
2011.06.17 09:25:50.350,1.39929,1.39959,1.13,1.50
2011.06.17 09:25:50.788,1.39927,1.39955,1.13,1.50
2011.06.17 09:25:51.011,1.39926,1.39954,2.63,1.35
2011.06.17 09:25:51.120,1.39926,1.39954,1.69,1.35
2011.06.17 09:25:51.230,1.39925,1.39955,1.77,1.50
2011.06.17 09:25:51.450,1.39923,1.39955,1.58,2.10
2011.06.17 09:25:51.560,1.39923,1.39955,1.58,2.10
2011.06.17 09:25:52.277,1.39925,1.39952,1.58,1.13
2011.06.17 09:25:52.392,1.3992,1.39952,2.18,1.13
2011.06.17 09:25:52.732,1.39918,1.39952,2.18,1.13
2011.06.17 09:25:53.512,1.39919,1.39949,1.58,1.50
2011.06.17 09:25:53.740,1.39922,1.3995,1.58,1.50
2011.06.17 09:25:53.849,1.39928,1.3995,1.58,1.50
2011.06.17 09:25:54.290,1.39922,1.39949,1.58,1.50
2011.06.17 09:25:54.619,1.39925,1.39952,1.58,1.50
2011.06.17 09:25:55.059,1.39925,1.39953,1.58,1.50
2011.06.17 09:25:56.363,1.39923,1.39958,1.58,1.13
2011.06.17 09:25:56.698,1.39925,1.39958,1.58,1.13
2011.06.17 09:25:57.252,1.39925,1.39958,1.58,1.13
2011.06.17 09:25:57.591,1.39931,1.39959,1.58,1.50
2011.06.17 09:25:57.811,1.39931,1.39959,1.58,1.50
2011.06.17 09:25:57.929,1.39928,1.39959,1.35,1.50
2011.06.17 09:25:58.372,1.39923,1.39959,1.13,1.13
2011.06.17 09:25:58.711,1.39919,1.39956,2.33,1.50
2011.06.17 09:25:59.041,1.39916,1.39949,1.35,1.13
2011.06.17 09:25:59.150,1.39918,1.39949,2.10,1.13
2011.06.17 09:25:59.372,1.39921,1.39949,1.35,1.13
2011.06.17 09:26:00.060,1.39923,1.39949,1.35,1.13
2011.06.17 09:26:00.170,1.39919,1.39949,2.10,1.13
2011.06.17 09:26:00.389,1.39921,1.39949,1.50,1.13
2011.06.17 09:26:00.501,1.39921,1.39949,1.50,1.13
2011.06.17 09:26:01.049,1.39923,1.3995,2.10,1.13
2011.06.17 09:26:01.379,1.39923,1.3995,2.10,1.13
2011.06.17 09:26:01.929,1.39923,1.39951,2.10,1.88
2011.06.17 09:26:02.260,1.39931,1.39957,2.10,1.50
2011.06.17 09:26:02.371,1.39927,1.39958,2.10,2.25
2011.06.17 09:26:02.591,1.39933,1.39961,1.58,1.35
2011.06.17 09:26:02.811,1.39933,1.39961,1.58,1.35
2011.06.17 09:26:04.059,1.39933,1.39961,1.58,1.35
2011.06.17 09:26:04.501,1.39931,1.39961,2.18,1.35
2011.06.17 09:26:05.181,1.39931,1.39961,1.58,1.35
2011.06.17 09:26:05.402,1.39931,1.39961,1.58,2.10
2011.06.17 09:26:05.622,1.39924,1.39953,1.58,1.35
2011.06.17 09:26:05.851,1.39924,1.39953,1.58,1.35
2011.06.17 09:26:06.292,1.39922,1.39953,1.58,1.35
2011.06.17 09:26:07.544,1.39924,1.39953,1.58,1.35
2011.06.17 09:26:07.879,1.39922,1.39954,2.18,1.50
2011.06.17 09:26:08.319,1.39922,1.39952,2.18,1.50
2011.06.17 09:26:08.431,1.39922,1.39952,1.58,1.50
2011.06.17 09:26:08.543,1.39922,1.39949,1.58,1.35
2011.06.17 09:26:08.772,1.39921,1.3995,1.58,1.50
2011.06.17 09:26:09.110,1.39924,1.39951,1.58,1.50
2011.06.17 09:26:09.220,1.39924,1.39951,1.58,1.50
2011.06.17 09:26:09.661,1.39923,1.39955,2.33,2.85
2011.06.17 09:26:09.879,1.39923,1.39955,1.58,2.85
2011.06.17 09:26:10.759,1.39923,1.39955,1.58,2.25
2011.06.17 09:26:11.226,1.39921,1.39955,2.18,3.00
2011.06.17 09:26:11.561,1.39915,1.39949,2.93,2.25
2011.06.17 09:26:11.892,1.39914,1.39939,2.33,1.13
2011.06.17 09:26:12.002,1.39908,1.39939,1.35,1.13
2011.06.17 09:26:12.119,1.39908,1.39939,1.35,1.13
2011.06.17 09:26:12.229,1.39907,1.39939,1.35,1.13
2011.06.17 09:26:12.669,1.39909,1.39939,1.58,1.13
2011.06.17 09:26:13.111,1.39908,1.39941,1.35,2.33
2011.06.17 09:26:13.659,1.39908,1.39944,1.73,3.08
2011.06.17 09:26:13.769,1.39914,1.39944,2.10,1.50
2011.06.17 09:26:14.490,1.39918,1.3995,1.58,1.13
2011.06.17 09:26:14.821,1.39921,1.3995,1.58,1.13
2011.06.17 09:26:15.260,1.39916,1.39951,1.95,1.50
2011.06.17 09:26:15.590,1.39916,1.39949,1.58,1.50
2011.06.17 09:26:15.921,1.39916,1.39949,1.58,1.50
2011.06.17 09:26:16.358,1.39916,1.39949,2.18,2.63
2011.06.17 09:26:16.690,1.39916,1.39949,2.18,1.88
2011.06.17 09:26:16.909,1.39916,1.39949,1.35,1.13
2011.06.17 09:26:17.019,1.39923,1.39949,1.58,1.13
2011.06.17 09:26:17.348,1.39923,1.39949,1.58,1.13
2011.06.17 09:26:17.571,1.39921,1.39956,1.58,1.13
2011.06.17 09:26:17.679,1.39921,1.39956,1.58,1.13
2011.06.17 09:26:18.478,1.39914,1.39948,1.58,1.35
2011.06.17 09:26:18.705,1.39911,1.39944,2.18,1.13
2011.06.17 09:26:19.043,1.39903,1.39944,2.85,2.70
2011.06.17 09:26:19.381,1.39905,1.39941,1.35,2.33
2011.06.17 09:26:19.710,1.39906,1.3994,1.58,1.13
2011.06.17 09:26:19.931,1.39906,1.3994,2.18,1.13
2011.06.17 09:26:20.041,1.39906,1.3994,1.35,1.13
2011.06.17 09:26:20.369,1.39906,1.3994,1.35,1.88
2011.06.17 09:26:20.700,1.39908,1.3994,1.35,1.88
2011.06.17 09:26:20.921,1.3991,1.39942,1.58,1.50
2011.06.17 09:26:21.139,1.3991,1.39942,1.58,1.50
2011.06.17 09:26:21.936,1.39912,1.39943,1.58,1.88
2011.06.17 09:26:22.378,1.39912,1.39946,1.58,2.48
2011.06.17 09:26:22.823,1.39914,1.39946,1.58,1.73
2011.06.17 09:26:22.942,1.39914,1.39946,1.58,1.35
2011.06.17 09:26:23.171,1.39912,1.39946,1.58,1.35
2011.06.17 09:26:23.280,1.39912,1.39946,1.58,1.35
2011.06.17 09:26:23.720,1.39912,1.39946,1.58,1.73
2011.06.17 09:26:24.050,1.3991,1.39937,1.58,1.50
2011.06.17 09:26:24.270,1.3991,1.39941,1.58,1.50
2011.06.17 09:26:24.821,1.39904,1.39936,1.58,1.50
2011.06.17 09:26:24.928,1.3991,1.39936,1.58,1.50
2011.06.17 09:26:25.810,1.3991,1.39937,1.58,1.50
2011.06.17 09:26:26.029,1.39909,1.39937,1.58,1.50
2011.06.17 09:26:26.359,1.39909,1.39936,1.58,1.50
2011.06.17 09:26:26.581,1.39905,1.39936,1.58,2.25
2011.06.17 09:26:26.689,1.39905,1.3993,2.33,1.50
2011.06.17 09:26:26.798,1.39905,1.39931,2.33,1.50
2011.06.17 09:26:26.909,1.39905,1.39935,1.58,1.50
2011.06.17 09:26:27.020,1.39902,1.39935,1.58,1.50
2011.06.17 09:26:27.350,1.39904,1.39935,1.58,2.25
2011.06.17 09:26:27.680,1.39898,1.39932,1.35,1.50
2011.06.17 09:26:28.119,1.399,1.39935,1.35,1.50
2011.06.17 09:26:28.670,1.39903,1.39936,1.58,1.50
2011.06.17 09:26:28.779,1.399,1.39936,1.35,1.50
2011.06.17 09:26:29.255,1.39898,1.39934,1.35,1.50
2011.06.17 09:26:29.699,1.39898,1.39931,1.35,1.50
2011.06.17 09:26:30.809,1.39899,1.39932,1.35,1.50
2011.06.17 09:26:31.362,1.399,1.39928,1.58,1.50
2011.06.17 09:26:31.578,1.399,1.39928,1.58,1.50
2011.06.17 09:26:31.910,1.399,1.39922,1.58,4.50
2011.06.17 09:26:32.020,1.39898,1.39922,2.18,4.50
2011.06.17 09:26:32.570,1.39899,1.39933,1.58,2.33
2011.06.17 09:26:32.680,1.39899,1.39934,1.58,1.13
2011.06.17 09:26:35.137,1.39896,1.39929,1.58,1.50
2011.06.17 09:26:35.362,1.39891,1.39925,1.58,1.50
2011.06.17 09:26:35.590,1.3989,1.39925,1.58,1.50
2011.06.17 09:26:35.816,1.39889,1.39925,1.35,1.50
2011.06.17 09:26:35.933,1.39893,1.39926,1.35,3.08
2011.06.17 09:26:36.274,1.39898,1.39919,1.58,1.50
2011.06.17 09:26:36.391,1.39895,1.39928,2.10,1.50
2011.06.17 09:26:36.613,1.39902,1.39927,1.58,1.50
2011.06.17 09:26:37.170,1.39901,1.3993,1.58,2.10
2011.06.17 09:26:38.409,1.39912,1.39935,1.58,1.50
2011.06.17 09:26:38.634,1.39901,1.39935,1.35,1.50
2011.06.17 09:26:39.082,1.39898,1.39928,1.50,2.25
2011.06.17 09:26:39.421,1.39896,1.39927,3.08,1.50
2011.06.17 09:26:39.640,1.399,1.39927,2.18,1.50
2011.06.17 09:26:39.863,1.39904,1.39932,3.75,1.13
2011.06.17 09:26:39.982,1.39907,1.39932,1.58,1.13
2011.06.17 09:26:40.212,1.39907,1.39936,1.58,1.50
2011.06.17 09:26:40.319,1.39907,1.39933,1.58,1.50
2011.06.17 09:26:40.651,1.39903,1.3993,1.58,1.50
2011.06.17 09:26:40.978,1.39901,1.3993,1.58,1.50
2011.06.17 09:26:41.200,1.39902,1.3993,1.58,1.50
2011.06.17 09:26:41.309,1.39902,1.3993,1.58,1.50
2011.06.17 09:26:41.420,1.39898,1.3993,1.58,1.50
2011.06.17 09:26:41.974,1.39896,1.3993,2.33,1.50
2011.06.17 09:26:42.532,1.39902,1.39929,1.58,1.50
2011.06.17 09:26:42.869,1.39904,1.3993,1.58,1.13
2011.06.17 09:26:43.420,1.39904,1.3993,1.58,1.13
2011.06.17 09:26:43.529,1.399,1.3993,2.18,1.13
2011.06.17 09:26:44.080,1.39904,1.39932,1.58,1.50
2011.06.17 09:26:44.521,1.39898,1.39928,1.58,1.35
2011.06.17 09:26:44.741,1.39903,1.39928,1.58,1.35
2011.06.17 09:26:45.070,1.39903,1.39932,1.58,1.50
2011.06.17 09:26:45.890,1.39904,1.39932,1.58,1.50
2011.06.17 09:26:46.005,1.39904,1.39933,1.58,1.50
2011.06.17 09:26:46.121,1.39901,1.39933,1.58,2.25
2011.06.17 09:26:48.330,1.39901,1.39933,1.58,1.50
2011.06.17 09:26:48.442,1.39904,1.39933,1.58,1.50
2011.06.17 09:26:48.671,1.39902,1.39933,1.58,1.50
2011.06.17 09:26:48.780,1.39902,1.39933,1.58,1.50
2011.06.17 09:26:49.331,1.39902,1.39937,1.58,1.50
2011.06.17 09:26:49.672,1.39911,1.39942,1.58,1.50
2011.06.17 09:26:50.211,1.39919,1.39946,1.58,1.35
2011.06.17 09:26:50.337,1.39908,1.39946,1.35,1.35
2011.06.17 09:26:50.561,1.39911,1.39943,1.35,1.50
2011.06.17 09:26:51.109,1.39904,1.39942,2.70,2.63
2011.06.17 09:26:51.329,1.39904,1.39942,2.70,2.25
2011.06.17 09:26:52.348,1.39904,1.3994,2.33,1.13
2011.06.17 09:26:52.530,1.39904,1.3994,1.58,1.13
2011.06.17 09:26:52.640,1.3991,1.3994,1.58,1.13
2011.06.17 09:26:52.751,1.39912,1.3994,1.58,1.13
2011.06.17 09:26:53.298,1.39912,1.3994,1.58,1.13
2011.06.17 09:26:54.406,1.39905,1.39943,2.33,1.50
2011.06.17 09:26:54.521,1.39905,1.39943,1.58,1.88
2011.06.17 09:26:54.742,1.39904,1.39937,1.50,2.33
2011.06.17 09:26:55.082,1.39907,1.39938,1.35,1.13
2011.06.17 09:26:55.410,1.39909,1.39938,2.85,1.13
2011.06.17 09:26:55.521,1.39904,1.39936,1.35,1.50
2011.06.17 09:26:56.071,1.39904,1.39936,1.35,1.88
2011.06.17 09:26:56.619,1.39904,1.39932,1.35,1.50
2011.06.17 09:26:57.170,1.39904,1.39932,1.35,1.50
2011.06.17 09:26:57.284,1.39904,1.39931,1.35,1.13
2011.06.17 09:26:57.402,1.39904,1.39931,1.35,1.13
2011.06.17 09:26:57.631,1.39904,1.39931,1.35,1.13
2011.06.17 09:26:57.959,1.39904,1.39932,1.35,1.50
2011.06.17 09:26:58.360,1.39904,1.39932,1.35,1.50
2011.06.17 09:26:59.017,1.39904,1.39932,1.35,1.50
2011.06.17 09:26:59.353,1.39904,1.39929,1.35,1.13
2011.06.17 09:26:59.583,1.39904,1.3993,1.35,1.13
2011.06.17 09:26:59.700,1.39904,1.3993,1.35,1.13
2011.06.17 09:27:00.225,1.39904,1.39931,1.35,1.13
2011.06.17 09:27:00.560,1.39899,1.39931,2.10,1.88
2011.06.17 09:27:00.782,1.39899,1.39926,1.35,1.50
2011.06.17 09:27:00.890,1.39899,1.39926,1.35,1.50
2011.06.17 09:27:01.002,1.39899,1.39926,1.35,1.50
2011.06.17 09:27:01.331,1.39901,1.39931,1.58,1.13
2011.06.17 09:27:01.912,1.39901,1.39931,1.35,1.13
2011.06.17 09:27:02.351,1.39903,1.39936,2.33,3.08
2011.06.17 09:27:02.899,1.39909,1.3994,1.58,1.50
2011.06.17 09:27:03.124,1.39906,1.39937,3.68,1.50
2011.06.17 09:27:03.571,1.39918,1.39949,2.10,1.13
2011.06.17 09:27:04.941,1.39922,1.39952,2.18,1.13
2011.06.17 09:27:05.439,1.39922,1.3995,1.58,1.35
2011.06.17 09:27:05.660,1.39915,1.3994,2.93,1.50
2011.06.17 09:27:05.770,1.39915,1.3994,1.35,1.50
2011.06.17 09:27:06.321,1.39915,1.3994,1.35,1.13
2011.06.17 09:27:06.651,1.3991,1.3994,3.68,1.13
2011.06.17 09:27:07.550,1.39911,1.39941,2.18,1.50
2011.06.17 09:27:07.678,1.39917,1.39944,1.58,1.13
2011.06.17 09:27:08.231,1.39917,1.39947,3.68,1.50
2011.06.17 09:27:08.779,1.39917,1.39946,3.68,1.88
2011.06.17 09:27:08.999,1.39915,1.39946,2.18,3.98
2011.06.17 09:27:10.039,1.3992,1.39949,2.18,1.13
2011.06.17 09:27:10.151,1.3992,1.39949,2.18,1.13
2011.06.17 09:27:10.370,1.3992,1.39949,2.18,1.13
2011.06.17 09:27:11.121,1.3992,1.39949,2.18,1.13
2011.06.17 09:27:11.351,1.39914,1.39945,3.90,1.50
2011.06.17 09:27:11.460,1.39914,1.39949,2.93,2.10
2011.06.17 09:27:12.013,1.39915,1.39947,2.10,2.33
2011.06.17 09:27:12.130,1.39916,1.39947,1.35,2.33
2011.06.17 09:27:12.351,1.39916,1.3995,1.35,1.50
2011.06.17 09:27:12.459,1.39913,1.39949,1.35,2.10
2011.06.17 09:27:12.569,1.39913,1.39949,1.35,2.10
2011.06.17 09:27:12.680,1.39913,1.39949,1.35,2.10
2011.06.17 09:27:12.900,1.39912,1.39943,1.35,1.50
2011.06.17 09:27:13.231,1.39917,1.39947,2.18,1.88
2011.06.17 09:27:13.343,1.39918,1.39947,1.58,1.88
2011.06.17 09:27:13.681,1.39914,1.39943,1.35,1.35
2011.06.17 09:27:14.175,1.39916,1.39943,2.18,1.50
2011.06.17 09:27:14.513,1.39911,1.39944,2.18,1.50
2011.06.17 09:27:14.633,1.39911,1.39944,2.18,1.50
2011.06.17 09:27:14.973,1.3991,1.39934,1.35,1.50
2011.06.17 09:27:15.533,1.39905,1.39934,3.15,1.50
2011.06.17 09:27:15.759,1.39908,1.39937,1.58,1.50
2011.06.17 09:27:16.090,1.39906,1.39933,1.58,1.50
2011.06.17 09:27:16.200,1.39906,1.39933,1.58,1.50
2011.06.17 09:27:16.422,1.39904,1.39933,1.35,1.50
2011.06.17 09:27:17.107,1.39904,1.39923,1.35,1.50
2011.06.17 09:27:17.783,1.399,1.3993,1.35,1.13
2011.06.17 09:27:17.900,1.39903,1.3993,2.18,1.13
2011.06.17 09:27:18.229,1.39903,1.3993,2.18,1.13
2011.06.17 09:27:18.449,1.39903,1.3993,2.18,1.13
2011.06.17 09:27:18.890,1.39901,1.39925,1.58,1.50
2011.06.17 09:27:19.112,1.39901,1.39931,2.33,1.50
2011.06.17 09:27:19.342,1.399,1.39929,1.35,1.50
2011.06.17 09:27:19.952,1.399,1.39928,2.18,1.50
2011.06.17 09:27:21.082,1.39899,1.39931,2.18,1.88
2011.06.17 09:27:21.309,1.39901,1.39931,1.58,1.13
2011.06.17 09:27:21.420,1.39901,1.39931,1.58,1.13
2011.06.17 09:27:21.750,1.39905,1.39931,1.58,1.13
2011.06.17 09:27:22.080,1.39913,1.39941,1.58,2.10
2011.06.17 09:27:22.193,1.39913,1.39941,1.58,1.35
2011.06.17 09:27:22.999,1.39911,1.39941,1.58,1.35
2011.06.17 09:27:23.114,1.39911,1.39941,1.58,1.35
2011.06.17 09:27:23.781,1.39911,1.39937,1.58,1.13
2011.06.17 09:27:24.000,1.39908,1.39937,1.58,1.13
2011.06.17 09:27:24.109,1.39908,1.39937,1.58,1.13
2011.06.17 09:27:24.880,1.39905,1.39937,2.18,1.13
2011.06.17 09:27:26.694,1.39907,1.39942,1.35,1.50
2011.06.17 09:27:26.811,1.39913,1.39944,1.58,1.13
2011.06.17 09:27:26.924,1.39918,1.39944,2.10,1.13
2011.06.17 09:27:27.045,1.39918,1.39953,2.85,1.50
2011.06.17 09:27:27.273,1.39927,1.39954,1.58,1.13
2011.06.17 09:27:27.394,1.39924,1.39954,2.33,1.13
2011.06.17 09:27:27.948,1.39924,1.39954,1.58,1.13
2011.06.17 09:27:28.499,1.39926,1.39952,1.58,1.13
2011.06.17 09:27:28.829,1.39927,1.39952,2.18,1.13
2011.06.17 09:27:29.271,1.39925,1.39952,1.35,1.13
2011.06.17 09:27:29.491,1.39925,1.39952,1.35,1.13
2011.06.17 09:27:30.039,1.39936,1.39951,1.58,1.13
2011.06.17 09:27:30.540,1.39921,1.3995,2.33,1.35
2011.06.17 09:27:30.651,1.39919,1.3995,2.33,1.35
2011.06.17 09:27:30.871,1.39919,1.3995,2.33,1.35
2011.06.17 09:27:31.093,1.39914,1.39949,2.10,3.08
2011.06.17 09:27:31.212,1.39917,1.39949,1.58,1.50
2011.06.17 09:27:31.553,1.39919,1.39951,2.18,1.50
2011.06.17 09:27:32.332,1.39924,1.39954,1.58,1.73
2011.06.17 09:27:32.890,1.39924,1.39954,1.58,1.73
2011.06.17 09:27:33.347,1.39925,1.39954,1.58,1.35
2011.06.17 09:27:34.681,1.39926,1.3996,2.18,1.50
2011.06.17 09:27:35.010,1.39926,1.39958,2.33,1.35
2011.06.17 09:27:35.230,1.3993,1.39958,1.58,1.35
2011.06.17 09:27:35.340,1.39926,1.39958,2.33,1.35
2011.06.17 09:27:36.475,1.39926,1.39958,1.58,1.35
2011.06.17 09:27:36.593,1.3993,1.39958,1.58,1.35
2011.06.17 09:27:37.154,1.39928,1.39961,2.18,1.50
2011.06.17 09:27:37.379,1.39932,1.39962,1.58,1.13
2011.06.17 09:27:38.381,1.39932,1.39965,2.33,1.35
2011.06.17 09:27:38.490,1.39934,1.39965,1.58,1.35
2011.06.17 09:27:38.819,1.39937,1.39965,1.58,1.35
2011.06.17 09:27:39.273,1.39937,1.39958,1.58,1.35
2011.06.17 09:27:39.720,1.39936,1.39967,1.58,1.35
2011.06.17 09:27:40.390,1.39936,1.3997,3.68,1.50
2011.06.17 09:27:40.731,1.39938,1.3997,1.35,2.33
2011.06.17 09:27:41.281,1.39944,1.39971,2.18,1.73
2011.06.17 09:27:41.610,1.39944,1.39971,2.18,1.35
2011.06.17 09:27:41.942,1.39946,1.39971,1.58,1.35
2011.06.17 09:27:42.169,1.39946,1.39971,1.58,1.35
2011.06.17 09:27:42.502,1.3995,1.39977,2.18,1.35
2011.06.17 09:27:42.622,1.3995,1.39977,2.18,1.35
2011.06.17 09:27:42.850,1.39945,1.39972,1.35,1.35
2011.06.17 09:27:43.180,1.39943,1.39972,2.18,1.35
2011.06.17 09:27:43.759,1.39951,1.39979,1.50,1.35
2011.06.17 09:27:43.871,1.3995,1.39972,1.58,1.35
2011.06.17 09:27:44.385,1.39951,1.39972,1.58,1.35
2011.06.17 09:27:46.970,1.39957,1.39981,1.58,1.35
2011.06.17 09:27:47.302,1.39953,1.39981,2.10,1.35
2011.06.17 09:27:47.634,1.39947,1.39975,1.35,2.10
2011.06.17 09:27:47.863,1.39945,1.39971,1.35,1.35
2011.06.17 09:27:47.982,1.39949,1.39975,2.93,1.35
2011.06.17 09:27:48.089,1.39949,1.39975,2.93,1.35
2011.06.17 09:27:49.505,1.39941,1.39974,2.33,1.35
2011.06.17 09:27:49.620,1.39943,1.39977,1.35,2.10
2011.06.17 09:27:50.169,1.39946,1.3998,1.35,1.50
2011.06.17 09:27:50.562,1.39947,1.3998,2.10,1.50
2011.06.17 09:27:50.780,1.39945,1.39983,1.35,2.93
2011.06.17 09:27:51.110,1.39952,1.39983,1.58,1.35
2011.06.17 09:27:51.443,1.39952,1.39986,1.58,1.50
2011.06.17 09:27:52.017,1.39944,1.39969,1.35,1.50
2011.06.17 09:27:52.349,1.39939,1.39968,1.35,1.50
2011.06.17 09:27:52.681,1.39934,1.3996,1.58,1.50
2011.06.17 09:27:52.791,1.39931,1.3996,1.35,1.50
2011.06.17 09:27:53.229,1.39933,1.39962,2.18,1.35
2011.06.17 09:27:54.363,1.39939,1.39966,2.18,1.35
2011.06.17 09:27:54.485,1.39939,1.39966,2.18,1.35
2011.06.17 09:27:55.067,1.39937,1.39961,1.58,1.35
2011.06.17 09:27:55.842,1.39933,1.39968,2.18,1.13
2011.06.17 09:27:55.952,1.39933,1.39963,1.35,1.50
2011.06.17 09:27:56.291,1.39934,1.39968,3.68,1.88
2011.06.17 09:27:56.839,1.39932,1.39964,1.35,1.13
2011.06.17 09:27:57.500,1.39932,1.39964,1.35,1.13
2011.06.17 09:27:57.941,1.39939,1.3997,2.10,2.85
2011.06.17 09:27:58.052,1.39945,1.3997,1.58,2.10
2011.06.17 09:27:58.271,1.39948,1.39975,2.18,1.35
2011.06.17 09:27:58.760,1.39948,1.39978,2.18,1.35
2011.06.17 09:27:59.650,1.39948,1.3998,1.58,1.35
2011.06.17 09:28:00.598,1.39948,1.3998,1.58,1.35
2011.06.17 09:28:01.158,1.39948,1.3998,1.58,1.35
2011.06.17 09:28:02.815,1.39951,1.39985,1.58,1.73
2011.06.17 09:28:04.079,1.39952,1.39979,1.58,1.35
2011.06.17 09:28:04.300,1.39952,1.39979,1.58,1.35
2011.06.17 09:28:04.850,1.39952,1.39979,1.58,1.35
2011.06.17 09:28:05.450,1.39958,1.39984,1.58,1.35
2011.06.17 09:28:05.560,1.39957,1.39984,1.58,1.35
2011.06.17 09:28:05.671,1.3995,1.39984,1.35,1.35
2011.06.17 09:28:05.781,1.39958,1.39988,1.58,1.13
2011.06.17 09:28:06.448,1.39961,1.39993,1.58,1.13
2011.06.17 09:28:06.565,1.39959,1.39988,1.58,1.35
2011.06.17 09:28:06.682,1.39953,1.39989,1.58,1.13
2011.06.17 09:28:06.792,1.39952,1.39989,1.58,2.70
2011.06.17 09:28:06.902,1.39945,1.39986,2.63,1.35
2011.06.17 09:28:07.023,1.39945,1.39985,1.50,2.33
2011.06.17 09:28:07.251,1.39944,1.39985,1.50,2.33
2011.06.17 09:28:08.572,1.3995,1.39984,1.58,1.50
2011.06.17 09:28:09.050,1.3995,1.39984,1.58,1.50
2011.06.17 09:28:09.178,1.39954,1.39978,1.58,2.25
2011.06.17 09:28:09.293,1.39948,1.39978,1.35,1.50
2011.06.17 09:28:09.410,1.39959,1.39988,1.58,1.73
2011.06.17 09:28:09.732,1.39959,1.39986,1.58,1.35
2011.06.17 09:28:10.390,1.39956,1.3998,1.58,2.10
2011.06.17 09:28:10.720,1.39948,1.39969,1.58,1.50
2011.06.17 09:28:10.831,1.39941,1.39969,2.10,1.50
2011.06.17 09:28:10.941,1.39949,1.39972,1.58,1.35
2011.06.17 09:28:11.159,1.39949,1.39975,1.58,1.35
2011.06.17 09:28:11.709,1.39949,1.39977,1.58,1.35
2011.06.17 09:28:12.711,1.39949,1.39976,1.58,1.50
2011.06.17 09:28:12.822,1.39947,1.39976,1.58,1.88
2011.06.17 09:28:12.932,1.39947,1.39975,1.58,1.50
2011.06.17 09:28:13.039,1.39944,1.39975,1.58,1.50
2011.06.17 09:28:13.700,1.39944,1.39976,1.58,1.13
2011.06.17 09:28:14.252,1.39944,1.39977,1.58,1.50
2011.06.17 09:28:15.371,1.39944,1.39976,1.58,2.25
2011.06.17 09:28:16.970,1.39943,1.39968,1.58,1.50
2011.06.17 09:28:17.300,1.39939,1.39969,2.18,1.35
2011.06.17 09:28:17.520,1.39937,1.39963,1.58,1.35
2011.06.17 09:28:17.629,1.39934,1.39963,1.35,1.35
2011.06.17 09:28:17.741,1.39932,1.39964,2.85,1.35
2011.06.17 09:28:18.291,1.39934,1.39964,2.18,1.35
2011.06.17 09:28:18.400,1.39932,1.39954,1.58,1.35
2011.06.17 09:28:18.510,1.39928,1.39954,1.50,1.35
2011.06.17 09:28:18.621,1.39926,1.39955,1.35,1.13
2011.06.17 09:28:19.249,1.39935,1.39963,2.18,2.25
2011.06.17 09:28:19.798,1.39935,1.39965,2.18,1.13
2011.06.17 09:28:20.511,1.39939,1.3997,1.58,1.35
2011.06.17 09:28:20.621,1.39939,1.39971,2.18,1.13
2011.06.17 09:28:21.171,1.39939,1.39963,2.18,1.35
2011.06.17 09:28:21.502,1.39937,1.39961,1.58,1.35
2011.06.17 09:28:21.942,1.39932,1.39961,2.10,1.35
2011.06.17 09:28:22.169,1.39931,1.39964,2.18,1.35
2011.06.17 09:28:22.623,1.39931,1.39964,1.35,1.35
2011.06.17 09:28:22.961,1.39931,1.3996,1.35,1.35
2011.06.17 09:28:23.073,1.39933,1.3996,1.58,1.35
2011.06.17 09:28:23.524,1.3993,1.39954,1.58,1.35
2011.06.17 09:28:24.080,1.39931,1.39954,3.15,1.35
2011.06.17 09:28:24.300,1.39931,1.39954,1.58,1.35
2011.06.17 09:28:24.960,1.39931,1.39949,1.58,1.35
2011.06.17 09:28:25.070,1.39927,1.39958,1.58,1.35
2011.06.17 09:28:25.400,1.39925,1.39957,1.58,1.50
2011.06.17 09:28:25.510,1.39925,1.39955,1.58,1.50
2011.06.17 09:28:25.621,1.3992,1.39947,2.33,1.50
2011.06.17 09:28:26.195,1.3992,1.39952,3.68,2.48
2011.06.17 09:28:29.489,1.3992,1.39949,2.10,1.50
2011.06.17 09:28:29.601,1.3992,1.39949,1.58,2.10
2011.06.17 09:28:29.710,1.3992,1.39949,2.18,1.50
2011.06.17 09:28:29.821,1.3992,1.39949,2.18,1.50
2011.06.17 09:28:30.517,1.39928,1.39953,1.58,1.73
2011.06.17 09:28:30.631,1.39928,1.39953,3.68,1.13
2011.06.17 09:28:30.743,1.39928,1.39958,1.58,1.50
2011.06.17 09:28:30.860,1.39933,1.39962,1.58,1.13
2011.06.17 09:28:31.080,1.39933,1.39961,1.58,2.10
2011.06.17 09:28:31.361,1.39936,1.39958,1.58,1.35
2011.06.17 09:28:31.800,1.39936,1.39957,1.58,1.35
2011.06.17 09:28:32.244,1.39933,1.39948,1.58,1.50
2011.06.17 09:28:32.363,1.39924,1.3995,2.33,1.35
2011.06.17 09:28:32.482,1.39924,1.39953,1.58,1.13
2011.06.17 09:28:32.919,1.39925,1.39953,1.58,1.13
2011.06.17 09:28:33.250,1.39925,1.39953,1.58,1.13
2011.06.17 09:28:33.767,1.39925,1.39957,1.58,1.35
2011.06.17 09:28:34.322,1.39926,1.39954,1.58,1.50
2011.06.17 09:28:34.554,1.39923,1.39955,3.15,1.50
2011.06.17 09:28:34.889,1.3992,1.39954,2.93,2.25
2011.06.17 09:28:35.112,1.39925,1.39954,1.58,1.50
2011.06.17 09:28:35.224,1.39923,1.39951,1.58,1.35
2011.06.17 09:28:35.340,1.39925,1.39951,1.58,1.35
2011.06.17 09:28:36.110,1.39925,1.39956,1.58,2.10
2011.06.17 09:28:36.690,1.39928,1.39958,1.58,1.50
2011.06.17 09:28:37.103,1.3993,1.39958,1.58,1.50
2011.06.17 09:28:37.227,1.39931,1.3996,1.58,1.50
2011.06.17 09:28:37.891,1.39929,1.39959,1.58,1.50
2011.06.17 09:28:38.439,1.39929,1.39959,1.58,1.50
2011.06.17 09:28:38.883,1.39917,1.3995,2.18,1.88
2011.06.17 09:28:39.000,1.39923,1.39952,1.58,1.13
2011.06.17 09:28:39.439,1.39922,1.39952,1.58,1.13
2011.06.17 09:28:40.212,1.39918,1.39951,2.18,1.50
2011.06.17 09:28:40.329,1.39918,1.39951,2.18,1.88
2011.06.17 09:28:41.448,1.39916,1.39947,1.58,1.50
2011.06.17 09:28:43.170,1.39916,1.39946,1.58,1.50
2011.06.17 09:28:43.502,1.39922,1.39946,2.18,1.50
2011.06.17 09:28:43.623,1.39922,1.39949,2.18,1.50
2011.06.17 09:28:43.849,1.39922,1.39951,2.18,1.50
2011.06.17 09:28:44.402,1.39923,1.3995,1.58,1.50
2011.06.17 09:28:44.959,1.3992,1.39953,1.58,1.35
2011.06.17 09:28:45.476,1.39917,1.39947,2.93,1.50
2011.06.17 09:28:45.593,1.39923,1.39953,1.58,1.35
2011.06.17 09:28:46.263,1.39921,1.39955,2.10,1.88
2011.06.17 09:28:46.381,1.3992,1.39955,1.58,1.13
2011.06.17 09:28:46.493,1.39924,1.39955,1.58,1.13
2011.06.17 09:28:46.939,1.39921,1.39955,2.33,2.63
2011.06.17 09:28:47.381,1.39922,1.39947,1.58,1.13
2011.06.17 09:28:47.603,1.39925,1.39947,1.58,1.13
2011.06.17 09:28:47.719,1.39923,1.39947,2.33,1.13
2011.06.17 09:28:48.281,1.39921,1.39952,1.58,1.13
2011.06.17 09:28:49.393,1.39919,1.39948,2.33,1.13
2011.06.17 09:28:49.622,1.39919,1.39948,1.58,1.13
2011.06.17 09:28:50.170,1.39919,1.39948,2.33,1.13
2011.06.17 09:28:50.720,1.39919,1.39951,2.33,1.13
2011.06.17 09:28:50.831,1.39919,1.39951,2.33,1.13
2011.06.17 09:28:51.602,1.39919,1.39952,2.33,1.13
2011.06.17 09:28:51.713,1.39921,1.39952,1.58,1.13
2011.06.17 09:28:52.624,1.39923,1.39952,1.58,1.13
2011.06.17 09:28:53.181,1.3992,1.3995,3.90,1.88
2011.06.17 09:28:53.509,1.39917,1.3995,1.58,3.23
2011.06.17 09:28:58.129,1.39917,1.3995,1.58,1.73
2011.06.17 09:28:58.244,1.3992,1.3995,2.10,1.13
2011.06.17 09:28:58.363,1.39924,1.3995,2.18,1.13
2011.06.17 09:28:58.810,1.39924,1.39958,2.18,1.50
2011.06.17 09:28:58.921,1.39924,1.39958,2.18,1.50
2011.06.17 09:28:59.639,1.39924,1.39958,2.18,1.50
2011.06.17 09:28:59.858,1.39924,1.39955,1.58,1.35
2011.06.17 09:29:00.551,1.3992,1.39955,2.18,1.35
2011.06.17 09:29:00.675,1.39919,1.39959,2.85,2.33
2011.06.17 09:29:01.009,1.39919,1.39956,2.10,1.50
2011.06.17 09:29:01.561,1.39921,1.39956,1.35,1.50
2011.06.17 09:29:02.001,1.39919,1.39956,4.35,1.50
2011.06.17 09:29:02.552,1.39918,1.39947,1.35,1.50
2011.06.17 09:29:02.772,1.39918,1.39947,2.93,1.50
2011.06.17 09:29:02.990,1.39921,1.39947,1.58,1.50
2011.06.17 09:29:03.412,1.39921,1.39947,2.18,1.50
2011.06.17 09:29:03.639,1.39924,1.39947,1.58,1.50
2011.06.17 09:29:03.751,1.39926,1.39946,2.18,1.13
2011.06.17 09:29:03.971,1.39926,1.39956,2.33,1.43
2011.06.17 09:29:04.190,1.39926,1.39956,2.33,2.18
2011.06.17 09:29:04.630,1.39921,1.39955,1.35,1.43
2011.06.17 09:29:04.959,1.3992,1.39954,2.18,1.58
2011.06.17 09:29:05.730,1.39921,1.39954,1.35,1.20
2011.06.17 09:29:06.060,1.39921,1.39954,2.93,1.20
2011.06.17 09:29:07.929,1.39922,1.39956,2.33,2.67
2011.06.17 09:29:08.260,1.39931,1.39956,1.58,2.49
2011.06.17 09:29:08.771,1.39931,1.39957,1.58,1.05
2011.06.17 09:29:09.104,1.39917,1.39949,2.33,1.43
2011.06.17 09:29:09.224,1.39926,1.39961,1.58,1.55
2011.06.17 09:29:09.560,1.39921,1.39958,1.13,2.49
2011.06.17 09:29:09.892,1.39921,1.39955,1.13,2.40
2011.06.17 09:29:10.001,1.39921,1.39955,1.13,2.40
2011.06.17 09:29:10.330,1.3992,1.39957,1.13,2.55
2011.06.17 09:29:11.209,1.3992,1.39954,1.13,1.58
2011.06.17 09:29:11.539,1.39922,1.39957,1.35,1.02
2011.06.17 09:29:11.871,1.39929,1.39957,2.33,1.01
2011.06.17 09:29:12.089,1.39926,1.39958,2.33,1.50
2011.06.17 09:29:12.639,1.39924,1.39958,3.08,1.59
2011.06.17 09:29:12.750,1.39926,1.39958,2.33,1.59
2011.06.17 09:29:13.079,1.39934,1.39959,1.58,1.59
2011.06.17 09:29:13.409,1.39937,1.39962,1.58,1.73
2011.06.17 09:29:13.521,1.39935,1.39962,1.58,1.73
2011.06.17 09:29:13.961,1.39937,1.39965,1.58,1.35
2011.06.17 09:29:14.290,1.39939,1.39965,1.58,1.35
2011.06.17 09:29:14.510,1.39939,1.39968,1.58,1.35
2011.06.17 09:29:14.949,1.39939,1.39968,1.58,1.35
2011.06.17 09:29:15.400,1.39939,1.39968,1.58,2.85
2011.06.17 09:29:15.729,1.39937,1.39966,1.58,1.50
2011.06.17 09:29:15.839,1.39937,1.39968,1.58,1.35
2011.06.17 09:29:16.059,1.39941,1.39968,1.58,1.35
2011.06.17 09:29:16.389,1.39941,1.39968,1.58,1.35
2011.06.17 09:29:17.478,1.39941,1.39967,1.58,1.50
2011.06.17 09:29:17.928,1.39938,1.39966,3.15,1.50
2011.06.17 09:29:19.041,1.39936,1.39966,1.58,1.50
2011.06.17 09:29:19.150,1.39935,1.39967,1.58,1.50
2011.06.17 09:29:19.259,1.39935,1.39967,1.58,1.50
2011.06.17 09:29:20.100,1.39931,1.39962,1.58,1.35
2011.06.17 09:29:20.320,1.39922,1.39955,1.50,1.35
2011.06.17 09:29:20.542,1.39931,1.39955,1.58,1.35
2011.06.17 09:29:20.870,1.39921,1.39955,4.43,1.35
2011.06.17 09:29:21.091,1.39921,1.39955,3.68,1.35
2011.06.17 09:29:21.422,1.39921,1.39955,1.35,1.35
2011.06.17 09:29:21.969,1.39917,1.3995,1.88,1.35
2011.06.17 09:29:22.512,1.39917,1.39949,1.50,2.85
2011.06.17 09:29:22.622,1.39916,1.39947,2.33,1.35
2011.06.17 09:29:22.951,1.39913,1.39943,2.33,1.35
2011.06.17 09:29:23.170,1.3991,1.39944,1.13,1.35
2011.06.17 09:29:23.913,1.39909,1.39943,1.35,1.35
2011.06.17 09:29:24.142,1.39908,1.3994,2.70,1.35
2011.06.17 09:29:25.569,1.39905,1.39939,1.50,1.35
2011.06.17 09:29:25.899,1.39907,1.39942,1.50,1.35
2011.06.17 09:29:26.230,1.39904,1.39939,1.35,1.35
2011.06.17 09:29:26.779,1.39913,1.39945,1.58,1.35
2011.06.17 09:29:28.773,1.39915,1.39945,1.50,1.35
2011.06.17 09:29:29.110,1.39922,1.39949,2.33,1.35
2011.06.17 09:29:29.562,1.39922,1.39949,2.33,2.85
2011.06.17 09:29:29.677,1.39908,1.39935,2.33,1.35
2011.06.17 09:29:30.009,1.39908,1.39944,1.58,1.50
2011.06.17 09:29:30.119,1.39908,1.39944,1.58,1.50
2011.06.17 09:29:30.681,1.39908,1.39946,1.58,1.13
2011.06.17 09:29:31.022,1.39911,1.39946,1.58,1.13
2011.06.17 09:29:31.352,1.39908,1.39946,1.50,1.13
2011.06.17 09:29:32.463,1.39904,1.39941,1.50,1.35
2011.06.17 09:29:32.585,1.39913,1.39936,1.58,1.35
2011.06.17 09:29:32.919,1.39913,1.3994,1.58,1.35
2011.06.17 09:29:33.139,1.3991,1.3994,2.33,1.35
2011.06.17 09:29:33.621,1.39909,1.3994,1.58,1.35
2011.06.17 09:29:34.500,1.39909,1.3994,2.33,1.35
2011.06.17 09:29:35.401,1.39907,1.39933,2.33,1.35
2011.06.17 09:29:35.729,1.39907,1.39933,1.58,1.35
2011.06.17 09:29:36.170,1.39907,1.39933,2.33,1.35
2011.06.17 09:29:36.392,1.39909,1.39936,1.58,1.35
2011.06.17 09:29:36.732,1.39918,1.39942,1.58,1.35
2011.06.17 09:29:38.182,1.3991,1.3993,1.58,1.35
2011.06.17 09:29:38.303,1.39905,1.3993,1.50,1.35
2011.06.17 09:29:38.422,1.39903,1.39935,1.50,1.35
2011.06.17 09:29:38.533,1.39901,1.39935,2.33,2.85
2011.06.17 09:29:38.655,1.39901,1.39931,1.58,1.35
2011.06.17 09:29:38.775,1.39901,1.39931,3.15,1.35
2011.06.17 09:29:39.111,1.39894,1.39931,2.10,1.35
2011.06.17 09:29:39.223,1.39904,1.39931,1.58,1.35
2011.06.17 09:29:39.561,1.39906,1.39931,1.58,1.35
2011.06.17 09:29:39.890,1.39912,1.39931,1.58,1.50
2011.06.17 09:29:40.598,1.39909,1.39941,2.10,3.08
2011.06.17 09:29:40.716,1.39892,1.39915,1.63,1.35
2011.06.17 09:29:40.944,1.39888,1.39914,1.50,1.35
2011.06.17 09:29:41.171,1.39878,1.39909,1.50,2.10
2011.06.17 09:29:41.281,1.39881,1.39914,1.58,2.10
2011.06.17 09:29:41.396,1.39883,1.39916,2.10,1.13
2011.06.17 09:29:41.731,1.39896,1.39922,1.35,1.58
2011.06.17 09:29:41.842,1.39898,1.39925,2.33,1.35
2011.06.17 09:29:42.059,1.39898,1.39924,1.58,1.35
2011.06.17 09:29:42.681,1.39898,1.39921,1.58,1.35
2011.06.17 09:29:42.901,1.39894,1.3992,1.58,1.35
2011.06.17 09:29:43.122,1.39892,1.39916,2.33,2.10
2011.06.17 09:29:43.584,1.39892,1.39918,2.33,1.35
2011.06.17 09:29:43.706,1.39888,1.39912,2.33,1.35
2011.06.17 09:29:44.040,1.39881,1.39911,2.33,1.35
2011.06.17 09:29:44.151,1.39885,1.39911,1.58,1.35
2011.06.17 09:29:44.372,1.39881,1.39913,2.33,1.35
2011.06.17 09:29:44.591,1.39884,1.39913,1.58,1.35
2011.06.17 09:29:45.035,1.39888,1.39918,1.58,1.35
2011.06.17 09:29:45.369,1.3989,1.39921,1.58,2.10
2011.06.17 09:29:45.703,1.3989,1.39921,1.58,2.10
2011.06.17 09:29:45.824,1.39884,1.39913,1.50,1.73
2011.06.17 09:29:45.942,1.39879,1.3991,2.33,1.35
2011.06.17 09:29:46.050,1.39876,1.3991,1.50,1.35
2011.06.17 09:29:46.159,1.39876,1.3991,1.50,1.35
2011.06.17 09:29:46.274,1.39876,1.39912,1.50,1.35
2011.06.17 09:29:47.030,1.39882,1.3991,1.35,1.50
2011.06.17 09:29:47.251,1.3988,1.39911,1.35,1.13
2011.06.17 09:29:47.360,1.3988,1.39914,1.35,2.10
2011.06.17 09:29:47.691,1.39878,1.39909,1.50,1.35
2011.06.17 09:29:47.799,1.39878,1.39909,1.50,1.35
2011.06.17 09:29:48.131,1.39879,1.3991,1.35,1.50
2011.06.17 09:29:48.680,1.39879,1.39914,1.35,1.73
2011.06.17 09:29:49.120,1.39879,1.39914,1.35,1.73
2011.06.17 09:29:49.990,1.39878,1.39911,1.50,1.35
2011.06.17 09:29:50.217,1.39878,1.39909,1.50,2.10
2011.06.17 09:29:50.769,1.39875,1.39908,2.33,1.50
2011.06.17 09:29:51.210,1.39871,1.39904,2.33,1.35
2011.06.17 09:29:51.541,1.39871,1.39903,2.33,1.50
2011.06.17 09:29:51.758,1.39871,1.39903,2.33,1.50
2011.06.17 09:29:52.310,1.3987,1.39903,1.50,2.63
2011.06.17 09:29:52.420,1.39869,1.39903,2.33,1.88
2011.06.17 09:29:52.752,1.3988,1.39912,2.33,1.50
2011.06.17 09:29:53.082,1.39875,1.39905,2.33,1.35
2011.06.17 09:29:53.654,1.39879,1.39906,2.33,1.35
2011.06.17 09:29:54.239,1.39875,1.39905,2.33,1.35
2011.06.17 09:29:55.122,1.39876,1.39908,1.35,1.50
2011.06.17 09:29:56.219,1.3988,1.39907,2.33,1.35
2011.06.17 09:29:57.322,1.39882,1.3991,1.58,1.35
2011.06.17 09:29:57.542,1.39882,1.3991,2.33,1.35
2011.06.17 09:29:58.893,1.39873,1.39908,1.35,1.50
2011.06.17 09:29:59.230,1.39875,1.39908,2.33,1.50
2011.06.17 09:29:59.341,1.39875,1.39907,1.58,1.50
2011.06.17 09:29:59.891,1.39878,1.39909,1.58,1.50
2011.06.17 09:30:00.116,1.39874,1.39905,2.33,1.50
2011.06.17 09:30:00.341,1.39873,1.39905,2.33,1.50
2011.06.17 09:30:00.674,1.39875,1.39904,2.33,1.50
2011.06.17 09:30:00.790,1.39875,1.39905,2.33,1.50
2011.06.17 09:30:01.341,1.39877,1.39905,2.33,1.50
2011.06.17 09:30:01.672,1.39873,1.39904,1.50,1.35
2011.06.17 09:30:01.890,1.39871,1.39904,1.50,1.35
2011.06.17 09:30:02.645,1.39874,1.39907,2.33,1.88
2011.06.17 09:30:03.199,1.39877,1.39905,2.33,1.35
2011.06.17 09:30:03.310,1.39877,1.39905,2.33,1.35
2011.06.17 09:30:03.639,1.39877,1.39905,1.58,1.35
2011.06.17 09:30:03.751,1.39877,1.39905,1.58,1.35
2011.06.17 09:30:03.969,1.39875,1.39905,2.33,1.35
2011.06.17 09:30:07.610,1.39872,1.39905,3.08,1.35
2011.06.17 09:30:08.422,1.39869,1.39905,2.93,1.50
2011.06.17 09:30:11.119,1.39873,1.39905,1.58,1.13
2011.06.17 09:30:11.237,1.39874,1.39907,3.68,1.50
2011.06.17 09:30:11.793,1.39878,1.39907,1.58,1.50
2011.06.17 09:30:12.133,1.39878,1.39907,1.58,1.50
2011.06.17 09:30:12.252,1.39873,1.39903,1.58,1.35
2011.06.17 09:30:12.809,1.39871,1.39903,2.33,1.35
2011.06.17 09:30:14.020,1.39872,1.39903,1.50,1.35
2011.06.17 09:30:14.460,1.39872,1.39903,1.50,1.35
2011.06.17 09:30:14.788,1.39875,1.39903,2.33,1.35
2011.06.17 09:30:15.010,1.39875,1.39903,1.58,1.35
2011.06.17 09:30:16.221,1.39875,1.39907,2.33,2.10
2011.06.17 09:30:17.210,1.39875,1.39907,2.33,2.10
2011.06.17 09:30:18.199,1.39884,1.39906,1.58,1.50
2011.06.17 09:30:20.399,1.39878,1.39907,2.33,1.50
2011.06.17 09:30:20.853,1.39883,1.39907,1.58,1.50
2011.06.17 09:30:21.192,1.39887,1.39906,1.58,1.50
2011.06.17 09:30:21.529,1.3989,1.39913,1.58,1.58
2011.06.17 09:30:21.642,1.3989,1.39918,2.33,1.73
2011.06.17 09:30:22.189,1.3989,1.39918,2.33,1.35
2011.06.17 09:30:22.409,1.3989,1.39917,1.58,2.10
2011.06.17 09:30:23.070,1.3989,1.39916,1.58,1.50
2011.06.17 09:30:23.182,1.39887,1.39917,1.58,2.10
2011.06.17 09:30:23.889,1.39883,1.3991,2.33,1.35
2011.06.17 09:30:24.006,1.39881,1.39915,2.33,1.35
2011.06.17 09:30:24.852,1.39887,1.39916,2.10,1.88
2011.06.17 09:30:24.960,1.39893,1.39917,1.58,2.25
2011.06.17 09:30:25.070,1.39889,1.39917,2.33,2.25
2011.06.17 09:30:25.292,1.39889,1.39917,2.33,1.50
2011.06.17 09:30:25.631,1.39883,1.39917,4.05,1.50
2011.06.17 09:30:26.181,1.39883,1.39917,1.35,1.50
2011.06.17 09:30:26.674,1.39883,1.39917,1.35,1.50
2011.06.17 09:30:27.339,1.39884,1.39916,1.50,1.50
2011.06.17 09:30:27.669,1.39883,1.39916,2.10,1.50
2011.06.17 09:30:27.890,1.39884,1.39916,1.50,1.50
2011.06.17 09:30:28.219,1.39887,1.39917,2.33,1.50
2011.06.17 09:30:28.940,1.3989,1.39917,1.58,1.50
2011.06.17 09:30:29.490,1.39889,1.39917,1.58,1.50
2011.06.17 09:30:30.040,1.39892,1.39917,1.58,1.50
2011.06.17 09:30:30.695,1.39893,1.39917,1.58,1.50
2011.06.17 09:30:30.816,1.39893,1.39917,1.58,1.50
2011.06.17 09:30:30.934,1.39896,1.39917,1.50,1.50
2011.06.17 09:30:31.275,1.39907,1.39924,1.58,1.50
2011.06.17 09:30:31.502,1.3991,1.39938,2.33,1.35
2011.06.17 09:30:31.830,1.39911,1.39938,2.33,1.35
2011.06.17 09:30:32.161,1.39909,1.39938,1.58,2.10
2011.06.17 09:30:32.380,1.39912,1.39946,2.33,2.48
2011.06.17 09:30:32.709,1.39913,1.39946,1.35,1.88
2011.06.17 09:30:33.150,1.39915,1.39946,2.18,1.88
2011.06.17 09:30:33.370,1.39913,1.39946,1.35,1.50
2011.06.17 09:30:33.923,1.39912,1.39946,2.93,2.10
2011.06.17 09:30:34.373,1.39913,1.39946,1.50,2.10
2011.06.17 09:30:35.043,1.39914,1.39947,1.35,1.13
2011.06.17 09:30:35.160,1.39919,1.39947,1.58,1.13
2011.06.17 09:30:35.382,1.39919,1.39947,1.58,1.13
2011.06.17 09:30:35.490,1.39921,1.39947,1.58,1.13
2011.06.17 09:30:35.711,1.39921,1.39956,2.93,1.88
2011.06.17 09:30:35.819,1.39921,1.39956,3.68,1.88
2011.06.17 09:30:36.150,1.39925,1.39956,1.58,1.13
2011.06.17 09:30:36.480,1.39925,1.39956,2.33,1.13
2011.06.17 09:30:37.253,1.39925,1.39951,1.58,1.35
2011.06.17 09:30:37.702,1.39925,1.39954,2.18,1.50
2011.06.17 09:30:37.828,1.39922,1.39956,2.10,2.93
2011.06.17 09:30:38.052,1.39921,1.39956,1.35,1.35
2011.06.17 09:30:38.269,1.39922,1.39956,1.35,2.10
2011.06.17 09:30:38.654,1.39927,1.39956,2.33,1.35
2011.06.17 09:30:38.774,1.39929,1.39953,1.58,1.35
2011.06.17 09:30:38.895,1.39923,1.39953,1.50,1.35
2011.06.17 09:30:39.122,1.39923,1.39953,1.50,1.35
2011.06.17 09:30:39.453,1.39923,1.39949,1.50,1.35
2011.06.17 09:30:39.791,1.39913,1.39946,3.08,1.73
2011.06.17 09:30:39.901,1.39915,1.39946,2.33,1.73
2011.06.17 09:30:40.121,1.39921,1.39946,1.58,1.13
2011.06.17 09:30:40.342,1.39924,1.39947,1.58,1.13
2011.06.17 09:30:40.453,1.39921,1.39947,2.33,1.13
2011.06.17 09:30:40.891,1.39923,1.39953,1.58,1.35
2011.06.17 09:30:41.221,1.39922,1.39946,1.58,1.35
2011.06.17 09:30:41.551,1.39933,1.39959,1.58,1.35
2011.06.17 09:30:41.663,1.39929,1.39954,1.58,2.10
2011.06.17 09:30:41.784,1.39923,1.39954,1.50,2.10
2011.06.17 09:30:42.338,1.39923,1.39955,1.58,2.10
2011.06.17 09:30:42.560,1.39923,1.3995,1.58,1.35
2011.06.17 09:30:43.847,1.39923,1.39953,2.18,1.35
2011.06.17 09:30:44.531,1.39923,1.3995,2.18,1.35
2011.06.17 09:30:44.971,1.39927,1.39957,2.10,1.35
2011.06.17 09:30:45.082,1.39931,1.39957,2.18,1.35
2011.06.17 09:30:45.524,1.39931,1.3996,2.10,1.35
2011.06.17 09:30:46.080,1.39928,1.39956,2.85,1.35
2011.06.17 09:30:46.851,1.39928,1.39954,1.50,2.85
2011.06.17 09:30:47.182,1.39919,1.39939,1.50,1.35
2011.06.17 09:30:47.293,1.39917,1.39939,1.50,2.10
2011.06.17 09:30:47.754,1.39919,1.39943,1.58,1.35
2011.06.17 09:30:48.680,1.39919,1.39947,2.33,1.35
2011.06.17 09:30:48.790,1.39919,1.39948,2.33,1.50
2011.06.17 09:30:49.010,1.3992,1.39948,2.33,1.50
2011.06.17 09:30:49.341,1.39919,1.39947,2.33,1.35
2011.06.17 09:30:49.449,1.39919,1.39946,2.33,1.35
2011.06.17 09:30:49.951,1.39923,1.39946,1.58,1.35
2011.06.17 09:30:50.282,1.39916,1.39946,1.50,2.10
2011.06.17 09:30:50.611,1.39914,1.39939,1.50,1.35
2011.06.17 09:30:50.720,1.3991,1.39939,1.50,2.10
2011.06.17 09:30:50.940,1.3991,1.39939,1.50,1.35
2011.06.17 09:30:51.963,1.39907,1.39939,2.33,1.35
2011.06.17 09:30:52.581,1.39911,1.39938,2.18,1.35
2011.06.17 09:30:52.803,1.39908,1.39935,2.93,1.35
2011.06.17 09:30:52.921,1.39907,1.39935,1.35,1.35
2011.06.17 09:30:53.250,1.39906,1.39933,1.35,2.10
2011.06.17 09:30:53.583,1.39909,1.39937,3.68,1.35
2011.06.17 09:30:53.689,1.39909,1.39937,4.43,1.35
2011.06.17 09:30:53.800,1.39909,1.39934,2.93,1.35
2011.06.17 09:30:54.349,1.39907,1.39934,3.68,1.35
2011.06.17 09:30:55.210,1.39907,1.39934,2.10,1.35
2011.06.17 09:30:55.759,1.39905,1.39932,2.33,1.35
2011.06.17 09:30:55.870,1.39912,1.39936,2.18,1.50
2011.06.17 09:30:56.200,1.3991,1.39937,1.35,1.35
2011.06.17 09:30:56.419,1.3991,1.39937,1.35,1.35
2011.06.17 09:30:56.529,1.39909,1.39941,2.33,1.50
2011.06.17 09:30:57.430,1.39907,1.39937,2.33,1.50
2011.06.17 09:30:57.690,1.39908,1.39942,2.33,2.25
2011.06.17 09:30:58.019,1.3991,1.39942,2.33,1.50
2011.06.17 09:30:59.838,1.39913,1.39941,1.58,1.50
2011.06.17 09:31:00.590,1.39906,1.39935,2.18,1.50
2011.06.17 09:31:00.810,1.39906,1.39934,2.10,1.35
2011.06.17 09:31:01.471,1.39906,1.39932,2.10,1.50
2011.06.17 09:31:01.579,1.39903,1.39931,1.35,1.35
2011.06.17 09:31:02.129,1.39901,1.39931,2.10,1.35
2011.06.17 09:31:04.480,1.39901,1.39931,2.10,1.35
2011.06.17 09:31:05.250,1.39902,1.39931,1.35,1.35
2011.06.17 09:31:05.605,1.39904,1.39932,2.10,1.50
2011.06.17 09:31:06.049,1.39902,1.3993,2.85,1.35
2011.06.17 09:31:06.161,1.39902,1.3993,2.85,1.35
2011.06.17 09:31:06.379,1.39904,1.3993,1.35,1.35
2011.06.17 09:31:06.712,1.39902,1.3993,2.10,1.35
2011.06.17 09:31:07.154,1.39902,1.39923,2.10,1.50
2011.06.17 09:31:07.273,1.39896,1.39923,1.35,1.50
2011.06.17 09:31:07.391,1.39896,1.39923,1.35,1.50
2011.06.17 09:31:07.939,1.39896,1.39923,1.35,1.50
2011.06.17 09:31:08.160,1.39894,1.39923,2.18,2.10
2011.06.17 09:31:09.470,1.39894,1.39923,1.35,2.10
2011.06.17 09:31:10.971,1.39892,1.39923,2.85,2.10
2011.06.17 09:31:11.350,1.39896,1.39923,1.35,1.50
2011.06.17 09:31:11.570,1.39903,1.3993,1.58,3.00
2011.06.17 09:31:11.679,1.399,1.3993,1.58,3.00
2011.06.17 09:31:12.765,1.39905,1.39931,2.18,2.25
2011.06.17 09:31:12.990,1.39903,1.39932,1.58,1.50
2011.06.17 09:31:13.320,1.39896,1.39926,1.35,1.50
2011.06.17 09:31:14.115,1.39899,1.39926,1.58,1.50
2011.06.17 09:31:14.662,1.39899,1.39926,2.18,1.50
2011.06.17 09:31:14.770,1.39896,1.39917,2.18,1.50
2011.06.17 09:31:16.569,1.39892,1.39917,2.10,1.50
2011.06.17 09:31:16.790,1.399,1.39917,1.58,1.50
2011.06.17 09:31:17.119,1.39896,1.39917,2.18,1.50
2011.06.17 09:31:17.450,1.39893,1.39917,1.58,1.50
2011.06.17 09:31:18.200,1.39892,1.39916,2.18,1.50
2011.06.17 09:31:19.984,1.3989,1.39914,2.33,1.50
2011.06.17 09:31:20.430,1.39883,1.39912,2.93,1.35
2011.06.17 09:31:20.540,1.39887,1.39912,1.58,1.35
2011.06.17 09:31:20.957,1.39887,1.39914,2.33,1.35
2011.06.17 09:31:21.084,1.39888,1.39916,1.35,2.10
2011.06.17 09:31:21.919,1.39888,1.39914,1.35,1.50
2011.06.17 09:31:22.141,1.39883,1.39911,1.35,2.10
2011.06.17 09:31:22.691,1.39887,1.39916,2.18,1.50
2011.06.17 09:31:23.019,1.39892,1.39917,2.18,1.50
2011.06.17 09:31:23.350,1.39892,1.39915,1.58,1.35
2011.06.17 09:31:24.391,1.39885,1.39912,2.33,2.10
2011.06.17 09:31:24.909,1.39883,1.3991,2.93,1.35
2011.06.17 09:31:25.024,1.39883,1.3991,2.93,1.35
2011.06.17 09:31:25.483,1.3988,1.39906,3.90,1.35
2011.06.17 09:31:26.029,1.39882,1.39911,1.35,1.50
2011.06.17 09:31:26.470,1.39884,1.39912,1.35,1.35
2011.06.17 09:31:26.581,1.39885,1.39915,2.93,1.50
2011.06.17 09:31:26.910,1.39885,1.39912,2.33,1.35
2011.06.17 09:31:27.129,1.39885,1.39906,2.33,2.10
2011.06.17 09:31:27.241,1.3988,1.39906,2.33,2.10
2011.06.17 09:31:27.460,1.39881,1.3991,1.35,2.10
2011.06.17 09:31:28.761,1.39883,1.3991,1.35,1.50
2011.06.17 09:31:29.283,1.39881,1.39907,1.35,1.35
2011.06.17 09:31:30.459,1.39878,1.39906,1.35,2.10
2011.06.17 09:31:30.899,1.39878,1.39906,1.35,2.10
2011.06.17 09:31:31.518,1.39881,1.39909,1.35,2.10
2011.06.17 09:31:32.070,1.39879,1.39907,1.35,2.10
2011.06.17 09:31:32.849,1.3988,1.39908,1.35,2.85
2011.06.17 09:31:33.399,1.39878,1.39906,1.35,2.10
2011.06.17 09:31:33.509,1.39878,1.39906,1.35,2.10
2011.06.17 09:31:34.781,1.39881,1.39908,1.35,1.35
2011.06.17 09:31:35.329,1.39882,1.3991,1.35,1.50
2011.06.17 09:31:38.510,1.39882,1.39909,1.35,1.35
2011.06.17 09:31:39.059,1.39881,1.39909,1.35,1.35
2011.06.17 09:31:41.000,1.39876,1.39906,1.35,2.10
2011.06.17 09:31:41.222,1.39876,1.39902,1.35,1.35
2011.06.17 09:31:41.549,1.39876,1.39902,1.35,2.10
2011.06.17 09:31:42.660,1.39875,1.39902,1.35,2.10
2011.06.17 09:31:44.489,1.39868,1.39895,1.35,1.35
2011.06.17 09:31:44.822,1.39866,1.39894,1.35,1.50
2011.06.17 09:31:45.150,1.3987,1.39897,2.10,1.13
2011.06.17 09:31:45.812,1.39875,1.39897,2.10,1.13
2011.06.17 09:31:46.140,1.39878,1.39906,1.35,1.35
2011.06.17 09:31:46.470,1.39879,1.39906,1.35,1.35
2011.06.17 09:31:46.580,1.39876,1.39905,1.35,2.85
2011.06.17 09:31:46.801,1.39877,1.39912,1.35,1.50
2011.06.17 09:31:47.255,1.39883,1.39917,1.73,1.50
2011.06.17 09:31:47.811,1.39883,1.39915,1.73,1.35
2011.06.17 09:31:48.691,1.39883,1.39915,1.35,1.35
2011.06.17 09:31:49.350,1.3988,1.39913,2.70,1.35
2011.06.17 09:31:49.900,1.39882,1.39913,1.13,1.35
2011.06.17 09:31:50.929,1.39882,1.39913,1.13,1.35
2011.06.17 09:31:52.419,1.39884,1.39915,1.13,2.70
2011.06.17 09:31:52.750,1.39884,1.39917,1.13,3.08
2011.06.17 09:31:53.301,1.39888,1.39917,2.48,1.50
2011.06.17 09:31:53.410,1.39889,1.39916,1.73,1.50
2011.06.17 09:31:53.631,1.39887,1.39917,1.73,1.50
2011.06.17 09:31:54.070,1.39886,1.39917,1.13,2.10
2011.06.17 09:31:54.861,1.39882,1.39917,1.73,2.10
2011.06.17 09:31:56.816,1.39883,1.39917,2.25,2.10
2011.06.17 09:31:57.479,1.39889,1.39915,1.35,1.35
2011.06.17 09:31:58.151,1.39888,1.39915,1.35,1.35
2011.06.17 09:31:58.701,1.39893,1.39922,2.10,1.35
2011.06.17 09:31:59.231,1.39893,1.39922,2.10,1.35
2011.06.17 09:31:59.450,1.39889,1.3992,2.48,1.35
2011.06.17 09:31:59.560,1.39889,1.39915,1.35,1.35
2011.06.17 09:31:59.894,1.39889,1.39919,2.85,1.35
2011.06.17 09:32:00.361,1.39889,1.39919,3.23,1.35
2011.06.17 09:32:00.689,1.39889,1.39919,1.58,1.35
2011.06.17 09:32:00.910,1.39882,1.39915,2.93,1.50
2011.06.17 09:32:01.459,1.39876,1.3991,2.33,1.35
2011.06.17 09:32:01.680,1.3988,1.3991,1.58,1.35
2011.06.17 09:32:01.792,1.39878,1.3991,1.58,1.35
2011.06.17 09:32:01.902,1.39877,1.39913,2.33,1.35
2011.06.17 09:32:02.559,1.39879,1.39913,2.18,1.35
2011.06.17 09:32:02.905,1.39893,1.39924,2.33,1.50
2011.06.17 09:32:03.243,1.39897,1.39931,1.73,1.50
2011.06.17 09:32:03.365,1.39904,1.39931,1.13,1.50
2011.06.17 09:32:03.591,1.39907,1.39936,1.13,1.35
2011.06.17 09:32:03.812,1.39907,1.39941,1.13,1.88
2011.06.17 09:32:04.142,1.399,1.39924,1.50,1.35
2011.06.17 09:32:04.374,1.39898,1.39926,2.33,1.35
2011.06.17 09:32:04.790,1.39898,1.39921,2.33,2.10
2011.06.17 09:32:04.898,1.39891,1.39919,1.58,3.60
2011.06.17 09:32:05.015,1.39889,1.39918,1.13,1.50
2011.06.17 09:32:05.461,1.39894,1.39927,1.13,1.35
2011.06.17 09:32:05.683,1.39895,1.39927,1.13,1.35
2011.06.17 09:32:06.020,1.39894,1.39927,1.13,1.35
2011.06.17 09:32:06.243,1.39899,1.39927,1.13,1.35
2011.06.17 09:32:06.361,1.39899,1.39933,1.13,2.10
2011.06.17 09:32:06.690,1.39899,1.39931,1.13,1.50
2011.06.17 09:32:08.684,1.39896,1.39926,1.13,1.35
2011.06.17 09:32:08.802,1.39896,1.39925,1.13,1.35
2011.06.17 09:32:09.569,1.39891,1.39925,1.35,2.10
2011.06.17 09:32:10.960,1.39889,1.3992,1.13,1.35
2011.06.17 09:32:12.832,1.39889,1.39916,2.33,1.35
2011.06.17 09:32:13.160,1.39886,1.39914,2.70,1.35
2011.06.17 09:32:13.271,1.39886,1.39914,2.70,1.35
2011.06.17 09:32:14.321,1.39888,1.39914,2.33,1.35
2011.06.17 09:32:15.324,1.39891,1.39921,1.58,2.10
2011.06.17 09:32:15.442,1.39892,1.39921,1.13,1.35
2011.06.17 09:32:15.553,1.39895,1.39921,1.58,1.35
2011.06.17 09:32:15.670,1.39891,1.39921,1.13,1.35
2011.06.17 09:32:16.220,1.39891,1.39921,1.13,1.35
2011.06.17 09:32:17.180,1.39891,1.39923,1.13,1.35
2011.06.17 09:32:17.289,1.39892,1.39927,2.70,1.35
2011.06.17 09:32:17.401,1.399,1.39927,1.58,1.35
2011.06.17 09:32:17.839,1.399,1.39927,2.33,1.35
2011.06.17 09:32:19.660,1.39907,1.39931,1.58,1.35
2011.06.17 09:32:19.881,1.3991,1.39933,1.58,1.35
2011.06.17 09:32:20.538,1.3991,1.39938,2.33,1.35
2011.06.17 09:32:21.590,1.39911,1.39941,2.33,1.35
2011.06.17 09:32:26.879,1.39905,1.39935,1.13,1.35
2011.06.17 09:32:29.248,1.39903,1.39935,1.50,1.35
2011.06.17 09:32:29.691,1.39901,1.39928,2.33,1.35
2011.06.17 09:32:30.020,1.39897,1.39928,1.13,1.35
2011.06.17 09:32:30.350,1.39905,1.39931,1.58,1.50
2011.06.17 09:32:30.459,1.39902,1.39926,1.58,1.50
2011.06.17 09:32:30.679,1.39902,1.39928,1.58,1.50
2011.06.17 09:32:30.789,1.39899,1.3993,1.58,1.50
2011.06.17 09:32:30.900,1.39902,1.3993,1.58,1.50
2011.06.17 09:32:32.059,1.399,1.3993,1.58,1.50
2011.06.17 09:32:33.221,1.3989,1.39926,2.10,1.35
2011.06.17 09:32:33.441,1.39895,1.39927,1.35,1.50
2011.06.17 09:32:33.990,1.39894,1.3993,1.73,1.13
2011.06.17 09:32:34.429,1.39894,1.39927,1.13,1.35
2011.06.17 09:32:34.649,1.39893,1.39927,1.13,1.35
2011.06.17 09:32:35.198,1.39893,1.39927,2.70,1.35
2011.06.17 09:32:35.748,1.39895,1.39927,1.13,1.35
2011.06.17 09:32:41.251,1.39892,1.39927,2.10,1.35
2011.06.17 09:32:41.800,1.3989,1.39924,3.45,1.13
2011.06.17 09:32:42.019,1.3989,1.39924,2.33,1.13
2011.06.17 09:32:42.353,1.3989,1.39918,2.33,2.25
2011.06.17 09:32:42.690,1.39883,1.39911,1.35,1.13
2011.06.17 09:32:42.911,1.39887,1.39914,2.33,2.25
2011.06.17 09:32:43.485,1.39879,1.39911,3.00,1.35
2011.06.17 09:32:43.820,1.39883,1.39918,1.73,1.50
2011.06.17 09:32:44.260,1.39888,1.39921,1.50,1.35
2011.06.17 09:32:44.810,1.39889,1.39927,2.93,2.25
2011.06.17 09:32:44.919,1.39893,1.39927,1.35,2.25
2011.06.17 09:32:45.440,1.39894,1.39927,1.35,1.50
2011.06.17 09:32:46.081,1.39895,1.39927,2.33,1.50
2011.06.17 09:32:46.412,1.39899,1.39929,1.35,1.50
2011.06.17 09:32:47.039,1.39897,1.39924,2.33,1.50
2011.06.17 09:32:47.370,1.39892,1.39924,1.35,1.88
2011.06.17 09:32:47.590,1.39892,1.39924,1.35,2.63
2011.06.17 09:32:48.139,1.39889,1.39923,1.50,1.35
2011.06.17 09:32:48.580,1.39891,1.39923,2.33,1.35
2011.06.17 09:32:49.679,1.39891,1.39923,1.35,1.13
2011.06.17 09:32:50.009,1.39891,1.39923,1.35,1.13
2011.06.17 09:32:50.230,1.39893,1.39926,1.50,1.35
2011.06.17 09:32:50.810,1.39896,1.39928,2.33,1.35
2011.06.17 09:32:51.853,1.39888,1.39926,1.50,3.60
2011.06.17 09:32:51.971,1.39888,1.39923,1.50,1.35
2011.06.17 09:32:53.620,1.39892,1.39928,1.35,2.93
2011.06.17 09:32:53.731,1.39892,1.39928,2.10,1.35
2011.06.17 09:32:55.511,1.39892,1.39928,1.35,2.48
2011.06.17 09:32:55.951,1.39886,1.39924,1.35,1.50
2011.06.17 09:32:56.280,1.39884,1.39924,1.50,2.48
2011.06.17 09:32:58.122,1.39883,1.39917,1.35,2.10
2011.06.17 09:32:58.560,1.39883,1.39917,1.35,2.10
2011.06.17 09:32:59.669,1.39883,1.39917,1.35,2.10
2011.06.17 09:33:01.629,1.39883,1.39917,1.35,1.35
2011.06.17 09:33:01.852,1.39885,1.39918,1.35,1.50
2011.06.17 09:33:02.294,1.39885,1.39921,1.73,1.50
2011.06.17 09:33:02.410,1.39895,1.39922,1.35,2.33
2011.06.17 09:33:02.631,1.39889,1.39923,2.33,1.35
2011.06.17 09:33:03.389,1.39889,1.39923,2.33,1.35
2011.06.17 09:33:03.953,1.39891,1.39925,1.13,1.50
2011.06.17 09:33:06.249,1.39891,1.39925,1.50,1.50
2011.06.17 09:33:06.890,1.39894,1.39926,1.13,2.33
2011.06.17 09:33:07.455,1.39897,1.39928,1.35,1.50
2011.06.17 09:33:12.282,1.39893,1.39927,2.48,1.50
2011.06.17 09:33:16.631,1.39892,1.39924,1.35,2.33
2011.06.17 09:33:16.740,1.39889,1.3992,1.13,2.10
2011.06.17 09:33:17.071,1.39889,1.3992,1.73,3.08
2011.06.17 09:33:17.400,1.39883,1.39912,1.35,1.50
2011.06.17 09:33:17.910,1.39875,1.3991,1.35,2.25
2011.06.17 09:33:18.036,1.39875,1.39909,2.10,1.50
2011.06.17 09:33:18.589,1.39876,1.39909,1.50,2.25
2011.06.17 09:33:19.140,1.39879,1.39909,2.18,2.25
2011.06.17 09:33:19.250,1.3988,1.39909,1.35,2.25
2011.06.17 09:33:19.471,1.39883,1.39911,1.35,2.25
2011.06.17 09:33:20.002,1.39887,1.39913,1.35,2.25
2011.06.17 09:33:20.112,1.39887,1.39915,1.35,1.50
2011.06.17 09:33:20.221,1.3989,1.39918,1.35,1.50
2011.06.17 09:33:20.331,1.3989,1.3992,1.35,1.88
2011.06.17 09:33:20.441,1.39885,1.3992,1.35,2.10
2011.06.17 09:33:20.879,1.39885,1.39915,1.35,1.58
2011.06.17 09:33:21.100,1.39885,1.39915,1.35,2.33
2011.06.17 09:33:21.777,1.39883,1.3991,1.35,1.50
2011.06.17 09:33:21.892,1.39876,1.3991,2.48,2.25
2011.06.17 09:33:22.001,1.39876,1.39904,1.50,1.35
2011.06.17 09:33:22.439,1.39875,1.39907,2.33,1.50
2011.06.17 09:33:23.440,1.39874,1.39909,1.35,2.85
2011.06.17 09:33:23.659,1.39874,1.39909,1.35,2.10
2011.06.17 09:33:24.422,1.3987,1.39906,1.35,1.35
2011.06.17 09:33:24.859,1.3987,1.39908,1.73,2.93
2011.06.17 09:33:27.510,1.39874,1.39905,2.33,1.35
2011.06.17 09:33:27.840,1.3987,1.39905,1.35,2.10
2011.06.17 09:33:28.169,1.39868,1.39899,1.88,1.35
2011.06.17 09:33:28.390,1.3987,1.39904,1.35,1.35
2011.06.17 09:33:28.611,1.39873,1.39904,2.33,1.35
2011.06.17 09:33:28.943,1.39876,1.3991,2.48,1.35
2011.06.17 09:33:29.171,1.39877,1.39905,1.50,1.35
2011.06.17 09:33:29.940,1.39876,1.39903,1.35,1.35
2011.06.17 09:33:30.354,1.39882,1.39905,2.33,2.10
2011.06.17 09:33:30.466,1.39881,1.39909,1.35,2.10
2011.06.17 09:33:30.810,1.39882,1.39909,2.33,2.10
2011.06.17 09:33:30.919,1.39882,1.39909,2.33,2.10
2011.06.17 09:33:31.859,1.39882,1.39909,2.33,2.10
2011.06.17 09:33:32.311,1.39887,1.39917,1.35,2.85
2011.06.17 09:33:32.421,1.39891,1.39917,2.33,1.35
2011.06.17 09:33:32.532,1.39891,1.39917,2.33,1.35
2011.06.17 09:33:32.861,1.39885,1.3991,1.63,2.10
2011.06.17 09:33:33.082,1.39885,1.39913,1.73,1.35
2011.06.17 09:33:33.191,1.39885,1.39908,1.13,2.10
2011.06.17 09:33:33.934,1.3988,1.39908,1.35,2.10
2011.06.17 09:33:34.292,1.3988,1.39908,1.35,2.10
2011.06.17 09:33:34.515,1.39885,1.39912,1.35,1.35
2011.06.17 09:33:34.741,1.39887,1.39915,2.33,2.10
2011.06.17 09:33:35.072,1.39879,1.39909,2.93,2.10
2011.06.17 09:33:35.401,1.39878,1.39906,2.70,2.10
2011.06.17 09:33:35.511,1.39878,1.39906,1.13,2.10
2011.06.17 09:33:36.279,1.39875,1.39908,2.33,1.35
2011.06.17 09:33:38.259,1.39873,1.39908,1.50,1.35
2011.06.17 09:33:38.702,1.3987,1.39901,1.50,1.35
2011.06.17 09:33:41.053,1.39869,1.399,2.10,1.35
2011.06.17 09:33:41.395,1.39872,1.39903,2.85,2.10
2011.06.17 09:33:41.734,1.39871,1.39895,1.50,2.10
2011.06.17 09:33:42.486,1.39865,1.39897,1.50,1.35
2011.06.17 09:33:43.589,1.39865,1.39903,3.08,2.10
2011.06.17 09:33:44.143,1.39864,1.39897,2.01,2.10
2011.06.17 09:33:44.254,1.39865,1.39901,1.13,1.35
2011.06.17 09:33:44.372,1.39865,1.39901,1.13,1.35
2011.06.17 09:33:44.702,1.39857,1.39892,1.50,1.35
2011.06.17 09:33:44.809,1.39857,1.39894,1.50,1.73
2011.06.17 09:33:46.515,1.39857,1.39897,2.33,2.48
2011.06.17 09:33:46.959,1.39856,1.39892,1.50,1.35
2011.06.17 09:33:47.620,1.39857,1.39897,2.33,2.10
2011.06.17 09:33:47.730,1.39857,1.39898,2.33,1.35
2011.06.17 09:33:49.049,1.39857,1.39897,2.33,1.35
2011.06.17 09:33:54.071,1.39857,1.39894,2.33,1.50
2011.06.17 09:33:54.399,1.39854,1.39892,2.01,1.13
2011.06.17 09:33:54.949,1.39855,1.39887,1.50,1.35
2011.06.17 09:33:55.279,1.39855,1.3989,1.50,2.85
2011.06.17 09:33:55.391,1.39857,1.39892,1.35,1.73
2011.06.17 09:33:55.941,1.39868,1.39901,1.35,1.50
2011.06.17 09:33:56.382,1.39868,1.39894,1.26,2.10
2011.06.17 09:33:56.827,1.39861,1.39893,1.86,1.35
2011.06.17 09:33:58.270,1.39868,1.39895,1.35,1.35
2011.06.17 09:33:58.380,1.39868,1.39897,1.35,2.18
2011.06.17 09:33:58.930,1.39864,1.39891,1.13,2.10
2011.06.17 09:33:59.152,1.39864,1.39891,1.13,2.10
2011.06.17 09:33:59.260,1.39864,1.39891,1.13,2.10
2011.06.17 09:34:00.311,1.39869,1.39898,1.35,2.10
2011.06.17 09:34:00.530,1.39869,1.39898,1.35,1.35
2011.06.17 09:34:00.922,1.39869,1.39896,1.35,1.35
2011.06.17 09:34:01.036,1.39862,1.39896,1.13,1.35
2011.06.17 09:34:01.691,1.39862,1.39897,1.13,1.35
2011.06.17 09:34:02.299,1.39861,1.39897,1.88,1.35
2011.06.17 09:34:02.519,1.39863,1.399,1.26,2.93
2011.06.17 09:34:03.010,1.39865,1.39898,1.50,1.35
2011.06.17 09:34:03.341,1.39866,1.399,1.50,2.18
2011.06.17 09:34:03.672,1.39868,1.39903,1.35,1.35
2011.06.17 09:34:04.109,1.39868,1.39902,1.35,1.35
2011.06.17 09:34:04.439,1.39864,1.39899,1.50,1.35
2011.06.17 09:34:05.109,1.39864,1.39899,1.50,1.35
2011.06.17 09:34:05.682,1.39864,1.39902,1.50,1.35
2011.06.17 09:34:06.121,1.3987,1.39898,1.35,1.35
2011.06.17 09:34:06.343,1.3987,1.39896,1.35,1.35
2011.06.17 09:34:06.460,1.39873,1.39897,1.35,1.58
2011.06.17 09:34:06.573,1.39873,1.399,1.35,1.35
2011.06.17 09:34:07.119,1.3987,1.399,1.35,2.85
2011.06.17 09:34:07.719,1.39865,1.39898,1.35,2.10
2011.06.17 09:34:08.050,1.39865,1.39896,1.35,1.35
2011.06.17 09:34:08.492,1.39872,1.39902,1.35,1.73
2011.06.17 09:34:08.601,1.39873,1.39905,2.93,1.35
2011.06.17 09:34:08.709,1.39873,1.39906,2.33,1.35
2011.06.17 09:34:09.462,1.39874,1.39908,2.33,1.35
2011.06.17 09:34:09.583,1.39872,1.39907,1.35,1.35
2011.06.17 09:34:10.071,1.39873,1.39909,1.50,1.35
2011.06.17 09:34:10.399,1.39875,1.3991,1.50,2.18
2011.06.17 09:34:10.871,1.39877,1.39911,1.35,1.35
2011.06.17 09:34:11.529,1.39877,1.39911,1.86,1.35
2011.06.17 09:34:11.931,1.39876,1.3991,1.13,1.35
2011.06.17 09:34:12.152,1.39876,1.39908,1.13,1.35
2011.06.17 09:34:13.029,1.39872,1.39908,1.35,2.33
2011.06.17 09:34:15.070,1.39879,1.39912,1.35,1.50
2011.06.17 09:34:15.400,1.39879,1.39912,1.35,1.50
2011.06.17 09:34:15.621,1.39879,1.39912,1.35,2.33
2011.06.17 09:34:16.796,1.39884,1.39918,1.35,1.13
2011.06.17 09:34:17.459,1.39878,1.39911,1.58,1.35
2011.06.17 09:34:17.570,1.39878,1.39911,2.33,1.35
2011.06.17 09:34:18.500,1.39882,1.39917,1.35,2.10
2011.06.17 09:34:20.432,1.39881,1.39917,2.18,1.35
2011.06.17 09:34:20.651,1.39878,1.39911,1.26,1.35
2011.06.17 09:34:20.761,1.39881,1.39909,2.10,1.50
2011.06.17 09:34:21.091,1.39887,1.39914,1.58,1.35
2011.06.17 09:34:21.530,1.39885,1.39914,1.35,1.35
2011.06.17 09:34:22.092,1.39885,1.39914,1.35,1.35
2011.06.17 09:34:24.721,1.39885,1.39915,1.35,1.35
2011.06.17 09:34:25.347,1.39888,1.39916,1.35,1.35
2011.06.17 09:34:25.902,1.39879,1.39915,2.61,1.35
2011.06.17 09:34:26.231,1.39887,1.39918,2.10,2.48
2011.06.17 09:34:26.341,1.39889,1.39918,1.35,1.73
2011.06.17 09:34:26.562,1.3988,1.39905,2.33,2.10
2011.06.17 09:34:26.674,1.3988,1.39906,2.33,2.10
2011.06.17 09:34:27.999,1.39876,1.39905,1.35,1.35
2011.06.17 09:34:29.360,1.39876,1.39905,1.35,1.35
2011.06.17 09:34:29.690,1.39877,1.39906,2.33,2.10
2011.06.17 09:34:35.160,1.3988,1.39907,1.35,1.35
2011.06.17 09:34:35.709,1.39877,1.39905,2.93,2.10
2011.06.17 09:34:35.821,1.39877,1.39908,2.33,1.35
2011.06.17 09:34:35.932,1.39874,1.39906,1.26,2.10
2011.06.17 09:34:36.375,1.3988,1.39911,1.86,1.13
2011.06.17 09:34:36.497,1.39881,1.39911,1.35,2.48
2011.06.17 09:34:36.611,1.39881,1.39909,1.35,1.35
2011.06.17 09:34:37.050,1.39879,1.39908,2.93,1.35
2011.06.17 09:34:37.161,1.39879,1.39905,2.33,1.35
2011.06.17 09:34:37.599,1.3988,1.39908,2.33,2.85
2011.06.17 09:34:42.450,1.39878,1.39906,2.33,1.35
2011.06.17 09:34:44.033,1.39877,1.39892,2.83,2.10
2011.06.17 09:34:44.364,1.39868,1.39885,1.50,2.10
2011.06.17 09:34:44.592,1.39868,1.39892,1.50,1.35
2011.06.17 09:34:44.820,1.39864,1.39891,1.50,1.35
2011.06.17 09:34:45.357,1.39867,1.39902,1.35,2.25
2011.06.17 09:34:45.910,1.3987,1.39904,2.33,1.73
2011.06.17 09:34:47.109,1.39875,1.39904,2.33,1.73
2011.06.17 09:34:47.663,1.39876,1.39906,2.33,1.13
2011.06.17 09:34:47.783,1.39878,1.39907,1.26,1.35
2011.06.17 09:34:48.002,1.39879,1.39913,2.93,1.35
2011.06.17 09:34:48.111,1.39881,1.39913,2.33,1.35
2011.06.17 09:34:48.772,1.39878,1.39909,2.83,1.35
2011.06.17 09:34:48.893,1.39878,1.39909,2.83,1.35
2011.06.17 09:34:49.010,1.39878,1.39909,2.83,1.35
2011.06.17 09:34:49.671,1.39879,1.39909,2.33,1.35
2011.06.17 09:34:50.219,1.39879,1.39909,2.33,1.35
2011.06.17 09:34:51.101,1.39884,1.39909,1.58,1.35
2011.06.17 09:34:51.431,1.39881,1.39911,1.26,1.35
2011.06.17 09:34:51.763,1.39879,1.39902,1.58,1.35
2011.06.17 09:34:51.880,1.39876,1.39902,2.33,1.35
2011.06.17 09:34:51.990,1.39876,1.39902,1.58,1.35
2011.06.17 09:34:52.210,1.39879,1.39902,1.58,1.35
2011.06.17 09:34:53.771,1.3988,1.39905,1.58,1.35
2011.06.17 09:34:53.882,1.3988,1.39907,1.58,1.35
2011.06.17 09:34:54.775,1.39883,1.39907,1.58,1.35
2011.06.17 09:34:54.893,1.3988,1.39907,1.58,1.35
2011.06.17 09:34:55.003,1.39879,1.39907,2.33,1.35
2011.06.17 09:34:55.231,1.39876,1.39906,2.33,1.50
2011.06.17 09:34:55.563,1.3988,1.39907,1.58,1.35
2011.06.17 09:34:55.780,1.3988,1.39907,1.58,1.35
2011.06.17 09:34:56.329,1.3988,1.39907,1.58,1.35
2011.06.17 09:34:57.990,1.3988,1.39908,2.18,1.35
2011.06.17 09:34:58.323,1.3988,1.39908,2.18,1.35
2011.06.17 09:34:58.444,1.3988,1.39903,1.58,1.35
2011.06.17 09:34:59.046,1.39881,1.39904,1.58,2.10
2011.06.17 09:34:59.160,1.39881,1.39908,1.58,1.50
2011.06.17 09:34:59.380,1.39881,1.39908,1.58,1.50
2011.06.17 09:35:00.370,1.39881,1.39909,1.58,1.50
2011.06.17 09:35:00.701,1.39881,1.39904,1.58,1.35
2011.06.17 09:35:00.811,1.39877,1.39904,1.58,2.10
2011.06.17 09:35:00.920,1.39875,1.39904,1.58,2.10
2011.06.17 09:35:02.938,1.39875,1.399,1.58,1.35
2011.06.17 09:35:03.802,1.39876,1.39901,2.33,1.35
2011.06.17 09:35:06.300,1.39877,1.399,1.58,1.35
2011.06.17 09:35:07.880,1.39874,1.39898,2.08,1.35
2011.06.17 09:35:08.101,1.39872,1.39898,3.90,1.35
2011.06.17 09:35:08.319,1.39872,1.39898,1.58,1.35
2011.06.17 09:35:10.259,1.39872,1.39898,1.58,1.35
2011.06.17 09:35:12.021,1.39872,1.39898,1.58,1.35
2011.06.17 09:35:12.355,1.39876,1.39901,1.58,2.85
2011.06.17 09:35:12.581,1.39873,1.39897,2.33,1.35
2011.06.17 09:35:12.800,1.39872,1.39899,1.26,1.35
2011.06.17 09:35:13.409,1.3987,1.39897,2.33,2.85
2011.06.17 09:35:13.524,1.39876,1.39897,1.58,1.35
2011.06.17 09:35:13.753,1.39874,1.39902,2.33,1.88
2011.06.17 09:35:13.875,1.39868,1.39902,2.83,1.88
2011.06.17 09:35:13.991,1.39871,1.39899,1.35,2.10
2011.06.17 09:35:14.320,1.39871,1.39899,1.35,2.10
2011.06.17 09:35:14.649,1.3987,1.39895,1.35,1.35
2011.06.17 09:35:14.981,1.39874,1.39902,1.58,1.50
2011.06.17 09:35:15.310,1.39868,1.39902,1.86,1.50
2011.06.17 09:35:16.975,1.39868,1.39902,1.86,1.50
2011.06.17 09:35:18.471,1.39865,1.39902,3.58,1.50
2011.06.17 09:35:19.024,1.39869,1.39903,1.13,1.50
2011.06.17 09:35:19.142,1.39872,1.39903,1.13,1.50
2011.06.17 09:35:19.251,1.39872,1.39903,1.13,1.50
2011.06.17 09:35:19.469,1.39874,1.39909,1.86,1.50
2011.06.17 09:35:19.801,1.39878,1.39911,1.86,1.50
2011.06.17 09:35:20.130,1.39881,1.39911,1.35,1.50
2011.06.17 09:35:20.896,1.39881,1.39911,1.35,1.50
2011.06.17 09:35:21.013,1.39881,1.39911,1.35,1.50
2011.06.17 09:35:22.951,1.39881,1.39914,1.86,1.50
2011.06.17 09:35:23.280,1.39878,1.39909,1.88,1.50
2011.06.17 09:35:23.650,1.39878,1.39909,1.13,1.50
2011.06.17 09:35:23.979,1.39886,1.39909,1.58,1.50
2011.06.17 09:35:25.510,1.39886,1.39911,1.58,1.35
2011.06.17 09:35:25.993,1.39881,1.39911,1.26,1.35
2011.06.17 09:35:26.350,1.39886,1.39913,1.58,1.50
2011.06.17 09:35:27.479,1.39881,1.39912,1.26,1.35
2011.06.17 09:35:27.701,1.39879,1.39912,1.26,1.35
2011.06.17 09:35:28.031,1.39878,1.39911,1.73,1.50
2011.06.17 09:35:28.140,1.39878,1.39911,1.73,1.50
2011.06.17 09:35:28.501,1.39878,1.39912,1.73,1.35
2011.06.17 09:35:28.831,1.39878,1.39912,1.73,1.35
2011.06.17 09:35:28.940,1.39878,1.39911,1.73,1.50
2011.06.17 09:35:30.459,1.39878,1.39911,1.73,1.50
2011.06.17 09:35:30.790,1.39878,1.39911,1.73,1.50
2011.06.17 09:35:32.170,1.39882,1.39911,1.13,1.50
2011.06.17 09:35:32.288,1.39881,1.39906,1.13,1.35
2011.06.17 09:35:33.300,1.39875,1.39906,1.13,1.35
2011.06.17 09:35:33.630,1.39875,1.39905,1.13,1.50
2011.06.17 09:35:34.853,1.39872,1.39905,1.26,1.50
2011.06.17 09:35:35.190,1.39869,1.39904,2.98,1.50
2011.06.17 09:35:36.290,1.39874,1.39906,1.13,2.10
2011.06.17 09:35:36.841,1.39881,1.39909,1.58,1.50
2011.06.17 09:35:37.779,1.39876,1.39909,1.35,1.50
2011.06.17 09:35:39.299,1.39876,1.39909,1.35,1.50
2011.06.17 09:35:39.629,1.39876,1.39909,1.35,1.50
2011.06.17 09:35:41.229,1.39877,1.39909,1.13,1.50
2011.06.17 09:35:41.780,1.39874,1.39906,1.26,2.85
2011.06.17 09:35:42.330,1.39871,1.39904,1.26,2.25
2011.06.17 09:35:42.881,1.39877,1.39902,1.58,1.50
2011.06.17 09:35:43.299,1.39877,1.39906,2.33,1.35
2011.06.17 09:35:43.643,1.39866,1.399,3.43,1.35
2011.06.17 09:35:44.680,1.39867,1.39895,1.26,1.35
2011.06.17 09:35:44.793,1.39861,1.39895,3.08,1.35
2011.06.17 09:35:45.350,1.39869,1.39896,2.33,2.10
2011.06.17 09:35:45.790,1.39864,1.39895,2.33,2.48
2011.06.17 09:35:46.013,1.39859,1.3989,2.33,2.48
2011.06.17 09:35:46.132,1.39859,1.3989,2.33,2.10
2011.06.17 09:35:46.353,1.39859,1.39887,2.33,1.50
2011.06.17 09:35:47.023,1.39857,1.39886,2.33,1.35
2011.06.17 09:35:47.351,1.39857,1.39887,2.33,1.50
2011.06.17 09:35:47.901,1.39859,1.39894,1.13,1.50
2011.06.17 09:35:48.121,1.39864,1.39897,1.35,1.50
2011.06.17 09:35:48.231,1.39868,1.39899,1.35,1.50
2011.06.17 09:35:48.341,1.3987,1.399,2.33,1.58
2011.06.17 09:35:48.451,1.39874,1.39904,1.13,1.35
2011.06.17 09:35:48.561,1.39874,1.39907,1.13,1.50
2011.06.17 09:35:48.670,1.39874,1.39907,1.13,1.50
2011.06.17 09:35:50.657,1.39878,1.39898,2.33,1.48
2011.06.17 09:35:51.084,1.39878,1.39905,2.33,1.52
2011.06.17 09:35:51.195,1.39881,1.39913,1.58,2.10
2011.06.17 09:35:51.312,1.39877,1.39911,1.35,1.50
2011.06.17 09:35:51.533,1.39878,1.39911,1.50,1.50
2011.06.17 09:35:52.089,1.39878,1.39911,1.26,1.50
2011.06.17 09:35:52.310,1.39878,1.39911,1.26,1.50
2011.06.17 09:35:52.971,1.39878,1.39906,1.26,1.35
2011.06.17 09:35:53.190,1.39876,1.39905,2.33,2.10
2011.06.17 09:35:54.760,1.39872,1.39905,1.26,2.10
2011.06.17 09:35:55.952,1.39872,1.39905,1.26,2.10
2011.06.17 09:35:56.528,1.39869,1.39895,1.13,1.35
2011.06.17 09:35:57.086,1.3987,1.39895,1.13,2.10
2011.06.17 09:35:57.420,1.39866,1.39898,1.35,1.50
2011.06.17 09:35:59.540,1.39866,1.39895,1.35,1.50
2011.06.17 09:35:59.760,1.39866,1.39898,1.35,2.25
2011.06.17 09:36:00.421,1.39866,1.399,1.35,2.25
2011.06.17 09:36:01.080,1.39866,1.399,2.48,1.50
2011.06.17 09:36:01.791,1.39867,1.39901,1.63,2.10
2011.06.17 09:36:02.451,1.39867,1.39901,3.13,1.35
2011.06.17 09:36:02.672,1.39867,1.39901,3.21,1.35
2011.06.17 09:36:03.412,1.3987,1.39902,2.93,1.50
2011.06.17 09:36:03.524,1.39871,1.39904,1.86,2.25
2011.06.17 09:36:03.751,1.39871,1.39903,1.86,1.50
2011.06.17 09:36:04.189,1.39869,1.39901,1.26,1.50
2011.06.17 09:36:04.412,1.39868,1.39901,2.83,1.13
2011.06.17 09:36:04.917,1.3987,1.39901,1.26,1.35
2011.06.17 09:36:05.360,1.3987,1.399,1.26,1.35
2011.06.17 09:36:05.691,1.3987,1.39898,1.26,1.13
2011.06.17 09:36:06.240,1.39864,1.39897,1.35,1.13
2011.06.17 09:36:06.680,1.39868,1.39899,1.26,1.35
2011.06.17 09:36:07.010,1.39868,1.39899,1.26,1.35
2011.06.17 09:36:07.669,1.39866,1.39899,2.33,1.35
2011.06.17 09:36:07.781,1.39874,1.39899,1.58,1.35
2011.06.17 09:36:07.894,1.39868,1.39899,2.33,1.35
2011.06.17 09:36:08.985,1.39873,1.399,2.33,1.35
2011.06.17 09:36:09.110,1.39868,1.39894,1.50,1.35
2011.06.17 09:36:09.690,1.39869,1.39897,1.35,1.50
2011.06.17 09:36:09.909,1.39869,1.39898,1.35,1.50
2011.06.17 09:36:12.161,1.39877,1.39904,2.33,1.50
2011.06.17 09:36:12.272,1.39878,1.39905,2.33,1.50
2011.06.17 09:36:12.738,1.3988,1.39911,2.33,2.10
2011.06.17 09:36:13.942,1.39879,1.39899,1.58,2.85
2011.06.17 09:36:14.161,1.39869,1.39899,2.33,2.85
2011.06.17 09:36:14.383,1.39866,1.39894,1.50,1.35
2011.06.17 09:36:14.491,1.39862,1.39892,1.50,1.50
2011.06.17 09:36:15.041,1.39861,1.39891,1.50,1.50
2011.06.17 09:36:16.270,1.39862,1.39894,1.50,2.10
2011.06.17 09:36:16.763,1.39865,1.39894,1.50,1.35
2011.06.17 09:36:16.876,1.39865,1.39892,1.50,1.50
2011.06.17 09:36:16.992,1.39861,1.39892,2.33,1.50
2011.06.17 09:36:17.433,1.39859,1.39892,2.01,1.35
2011.06.17 09:36:17.991,1.39866,1.39897,1.26,1.35
2011.06.17 09:36:18.101,1.39866,1.39898,1.26,2.48
2011.06.17 09:36:18.320,1.39866,1.39898,1.26,2.48
2011.06.17 09:36:18.949,1.39866,1.39897,1.26,1.35
2011.06.17 09:36:19.611,1.39866,1.39897,1.26,2.10
2011.06.17 09:36:19.941,1.39863,1.39895,1.26,1.50
2011.06.17 09:36:20.380,1.39863,1.39895,2.83,1.50
2011.06.17 09:36:22.392,1.39863,1.39895,1.26,1.88
2011.06.17 09:36:22.720,1.39862,1.39896,2.01,1.50
2011.06.17 09:36:22.830,1.39863,1.39896,1.50,1.50
2011.06.17 09:36:23.052,1.39865,1.39897,1.35,1.50
2011.06.17 09:36:23.162,1.39869,1.399,2.33,2.48
2011.06.17 09:36:23.271,1.39869,1.399,2.33,1.73
2011.06.17 09:36:23.823,1.39865,1.39898,1.26,1.35
2011.06.17 09:36:24.164,1.39862,1.39892,2.01,1.50
2011.06.17 09:36:24.500,1.39859,1.3989,1.50,1.50
2011.06.17 09:36:25.055,1.39861,1.39894,1.26,1.13
2011.06.17 09:36:25.167,1.39863,1.39899,2.33,2.85
2011.06.17 09:36:25.402,1.39863,1.39899,2.33,2.10
2011.06.17 09:36:25.951,1.39868,1.39901,2.33,2.10
2011.06.17 09:36:28.251,1.39865,1.39899,2.83,2.10
2011.06.17 09:36:28.581,1.3986,1.39892,2.33,1.50
2011.06.17 09:36:29.190,1.39855,1.39886,1.26,1.35
2011.06.17 09:36:29.317,1.39855,1.39886,1.26,1.50
2011.06.17 09:36:29.433,1.39855,1.39886,1.26,1.50
2011.06.17 09:36:29.764,1.39852,1.39884,2.83,1.50
2011.06.17 09:36:29.993,1.39853,1.39879,1.50,1.35
2011.06.17 09:36:30.213,1.39847,1.39879,1.50,1.50
2011.06.17 09:36:30.443,1.3985,1.39884,1.26,1.58
2011.06.17 09:36:30.999,1.39851,1.39885,1.35,1.50
2011.06.17 09:36:31.330,1.39851,1.39885,2.10,1.50
2011.06.17 09:36:31.550,1.39854,1.39886,1.26,2.10
2011.06.17 09:36:31.982,1.39851,1.39882,2.61,1.50
2011.06.17 09:36:32.312,1.39851,1.39882,1.86,1.50
2011.06.17 09:36:33.639,1.39851,1.39882,1.86,1.50
2011.06.17 09:36:33.861,1.39851,1.39881,1.86,2.25
2011.06.17 09:36:34.081,1.39845,1.39879,1.35,1.50
2011.06.17 09:36:34.410,1.39852,1.39883,1.35,1.50
2011.06.17 09:36:34.521,1.39852,1.39881,1.35,1.50
2011.06.17 09:36:35.521,1.39846,1.39878,1.35,1.50
2011.06.17 09:36:36.072,1.39848,1.3988,2.33,1.50
2011.06.17 09:36:36.625,1.39846,1.39878,1.35,1.50
2011.06.17 09:36:37.511,1.39846,1.39879,1.35,1.50
2011.06.17 09:36:38.172,1.39848,1.3988,2.33,1.50
2011.06.17 09:36:38.391,1.39849,1.3988,2.33,1.50
2011.06.17 09:36:38.719,1.39847,1.39882,2.33,1.35
2011.06.17 09:36:39.375,1.39849,1.39882,2.83,2.10
2011.06.17 09:36:40.631,1.39849,1.39882,2.83,2.10
2011.06.17 09:36:40.850,1.3985,1.39882,1.50,2.10
2011.06.17 09:36:41.376,1.39853,1.39886,2.83,1.35
2011.06.17 09:36:41.712,1.39852,1.39884,1.86,1.13
2011.06.17 09:36:41.822,1.39851,1.39884,2.18,1.88
2011.06.17 09:36:42.589,1.39849,1.39884,2.68,1.13
2011.06.17 09:36:43.519,1.3985,1.39884,1.35,1.13
2011.06.17 09:36:44.179,1.39852,1.39884,1.11,1.50
2011.06.17 09:36:45.210,1.39852,1.39884,1.11,1.50
2011.06.17 09:36:45.540,1.39853,1.39887,2.93,1.50
2011.06.17 09:36:45.760,1.39856,1.39889,1.26,1.13
2011.06.17 09:36:46.835,1.39858,1.39892,2.08,2.25
2011.06.17 09:36:46.944,1.39858,1.39894,2.83,1.88
2011.06.17 09:36:48.160,1.39857,1.39892,1.26,1.50
2011.06.17 09:36:48.381,1.39857,1.39892,1.26,1.50
2011.06.17 09:36:48.734,1.39854,1.39891,2.01,1.50
2011.06.17 09:36:49.071,1.39881,1.39894,1.58,1.50
2011.06.17 09:36:49.292,1.39881,1.39904,1.58,1.50
2011.06.17 09:36:49.403,1.39878,1.39908,1.26,1.50
2011.06.17 09:36:49.511,1.39877,1.39905,1.58,1.50
2011.06.17 09:36:49.841,1.39872,1.39901,1.11,1.35
2011.06.17 09:36:49.950,1.39869,1.39898,1.73,1.35
2011.06.17 09:36:50.832,1.39873,1.39902,1.11,1.35
2011.06.17 09:36:51.483,1.39871,1.39903,2.83,1.35
2011.06.17 09:36:51.712,1.39871,1.39903,1.58,2.10
2011.06.17 09:36:53.361,1.39871,1.399,2.33,2.25
2011.06.17 09:36:53.801,1.39869,1.39899,1.58,2.10
2011.06.17 09:36:54.241,1.3987,1.39903,1.50,2.25
2011.06.17 09:36:54.573,1.39855,1.39881,1.58,1.50
2011.06.17 09:36:54.691,1.39855,1.39879,1.58,1.50
2011.06.17 09:36:54.803,1.39848,1.39877,1.50,1.50
2011.06.17 09:36:55.232,1.39852,1.39879,2.33,1.50
2011.06.17 09:36:55.358,1.39851,1.39884,2.83,1.50
2011.06.17 09:36:55.584,1.39853,1.39884,2.18,1.50
2011.06.17 09:36:55.812,1.39858,1.39889,2.08,1.50
2011.06.17 09:36:56.140,1.39858,1.39889,1.26,1.50
2011.06.17 09:36:56.581,1.39864,1.39889,1.35,1.50
2011.06.17 09:36:56.693,1.39864,1.39889,1.13,1.50
2011.06.17 09:36:57.251,1.39864,1.39893,1.13,1.35
2011.06.17 09:36:57.803,1.39861,1.39889,1.35,2.10
2011.06.17 09:36:57.922,1.3986,1.39885,1.11,1.35
2011.06.17 09:36:58.676,1.39861,1.39886,2.18,1.35
2011.06.17 09:36:59.233,1.39861,1.39885,2.18,1.35
2011.06.17 09:36:59.463,1.39858,1.39886,2.33,1.50
2011.06.17 09:36:59.574,1.39856,1.39886,2.18,1.50
2011.06.17 09:36:59.692,1.3986,1.39886,1.58,1.50
2011.06.17 09:37:00.571,1.39864,1.39888,1.58,1.50
2011.06.17 09:37:01.369,1.39864,1.39888,1.58,1.50
2011.06.17 09:37:02.599,1.39864,1.39884,1.58,2.10
2011.06.17 09:37:02.705,1.39855,1.39884,1.58,2.10
2011.06.17 09:37:02.932,1.39858,1.39884,1.58,1.35
2011.06.17 09:37:03.373,1.39865,1.39888,1.58,1.50
2011.06.17 09:37:03.491,1.39862,1.39888,1.58,1.50
2011.06.17 09:37:03.601,1.39858,1.39891,1.86,1.50
2011.06.17 09:37:03.821,1.39858,1.39892,1.35,1.73
2011.06.17 09:37:04.810,1.39864,1.39889,1.35,1.50
2011.06.17 09:37:05.031,1.39864,1.39892,1.35,1.50
2011.06.17 09:37:05.140,1.39866,1.39892,1.35,1.50
2011.06.17 09:37:06.910,1.39866,1.39898,1.35,1.50
2011.06.17 09:37:07.352,1.39866,1.39898,1.35,1.50
2011.06.17 09:37:07.900,1.39863,1.39894,1.35,1.50
2011.06.17 09:37:09.071,1.39863,1.39894,1.35,1.50
2011.06.17 09:37:09.621,1.39868,1.39897,1.35,1.50
2011.06.17 09:37:09.841,1.39868,1.39897,1.35,1.50
2011.06.17 09:37:10.699,1.39868,1.39897,1.35,1.50
2011.06.17 09:37:12.430,1.39865,1.39897,1.86,1.50
2011.06.17 09:37:12.869,1.39867,1.39897,1.35,1.50
2011.06.17 09:37:14.830,1.39865,1.39897,1.26,1.50
2011.06.17 09:37:15.607,1.3987,1.39897,1.58,2.25
2011.06.17 09:37:16.051,1.39864,1.39896,1.26,1.50
2011.06.17 09:37:16.274,1.39873,1.39896,1.58,1.50
2011.06.17 09:37:16.500,1.39871,1.39896,1.58,1.50
2011.06.17 09:37:16.610,1.39864,1.39896,1.26,1.50
2011.06.17 09:37:16.830,1.39863,1.39892,1.35,1.50
2011.06.17 09:37:17.381,1.39857,1.39887,2.10,1.50
2011.06.17 09:37:18.201,1.39854,1.39887,2.48,1.50
2011.06.17 09:37:23.010,1.39852,1.39883,3.23,1.50
2011.06.17 09:37:23.366,1.3986,1.39883,2.10,1.50
2011.06.17 09:37:23.592,1.39854,1.39879,2.10,1.50
2011.06.17 09:37:23.920,1.39857,1.39879,1.58,1.88
2011.06.17 09:37:24.140,1.39857,1.39879,1.58,1.88
2011.06.17 09:37:24.251,1.3985,1.39879,2.10,1.88
2011.06.17 09:37:24.801,1.39851,1.39879,1.58,1.50
2011.06.17 09:37:24.913,1.39844,1.39879,2.23,1.50
2011.06.17 09:37:25.140,1.39846,1.39879,1.73,1.50
2011.06.17 09:37:25.251,1.39857,1.39879,1.58,1.50
2011.06.17 09:37:25.472,1.39846,1.39881,2.98,1.88
2011.06.17 09:37:26.859,1.39846,1.39881,2.98,1.88
2011.06.17 09:37:27.191,1.3985,1.39881,1.73,2.25
2011.06.17 09:37:27.687,1.39858,1.39881,1.58,1.50
2011.06.17 09:37:28.021,1.39863,1.39885,1.58,1.88
2011.06.17 09:37:28.133,1.39863,1.39885,1.58,1.50
2011.06.17 09:37:28.464,1.39854,1.39885,2.85,1.50
2011.06.17 09:37:28.692,1.39854,1.39882,2.10,1.50
2011.06.17 09:37:28.916,1.39857,1.39888,2.18,1.50
2011.06.17 09:37:29.032,1.39853,1.39888,1.58,2.10
2011.06.17 09:37:29.141,1.39853,1.39882,1.58,1.50
2011.06.17 09:37:29.362,1.39845,1.39878,2.68,1.13
2011.06.17 09:37:30.171,1.39845,1.39877,2.83,1.35
2011.06.17 09:37:30.285,1.39845,1.39874,2.33,1.50
2011.06.17 09:37:30.402,1.39842,1.39874,1.86,1.50
2011.06.17 09:37:30.955,1.39843,1.39869,2.18,1.50
2011.06.17 09:37:31.074,1.3984,1.39869,2.83,1.13
2011.06.17 09:37:31.304,1.39841,1.39869,1.26,1.13
2011.06.17 09:37:32.081,1.3984,1.39869,1.86,1.13
2011.06.17 09:37:32.673,1.39849,1.39877,1.86,1.50
2011.06.17 09:37:32.902,1.39856,1.39882,2.18,1.50
2011.06.17 09:37:33.124,1.39856,1.39884,1.58,1.88
2011.06.17 09:37:33.353,1.39854,1.39884,1.58,1.88
2011.06.17 09:37:33.571,1.39851,1.3988,2.08,1.35
2011.06.17 09:37:33.903,1.39852,1.39886,1.86,1.88
2011.06.17 09:37:34.013,1.39853,1.39886,1.26,1.88
2011.06.17 09:37:34.980,1.39853,1.39886,2.83,1.50
2011.06.17 09:37:35.835,1.39857,1.39886,1.58,1.50
2011.06.17 09:37:36.162,1.39862,1.3989,1.58,1.13
2011.06.17 09:37:36.492,1.39868,1.39899,2.18,2.63
2011.06.17 09:37:36.821,1.39864,1.39895,1.26,1.35
2011.06.17 09:37:37.041,1.39869,1.39895,1.58,1.35
2011.06.17 09:37:37.260,1.3987,1.39898,1.58,1.50
2011.06.17 09:37:37.591,1.39869,1.39897,2.33,1.50
2011.06.17 09:37:38.252,1.39867,1.39893,2.33,2.10
2011.06.17 09:37:38.927,1.39859,1.39893,2.25,1.73
2011.06.17 09:37:39.261,1.39857,1.39891,1.26,3.23
2011.06.17 09:37:39.481,1.39853,1.39886,2.83,1.50
2011.06.17 09:37:40.029,1.39856,1.39886,2.33,2.25
2011.06.17 09:37:40.584,1.39852,1.39881,2.33,1.50
2011.06.17 09:37:41.143,1.3986,1.39884,1.58,1.50
2011.06.17 09:37:41.607,1.39865,1.39884,1.58,1.50
2011.06.17 09:37:41.727,1.39862,1.3989,1.58,1.50
2011.06.17 09:37:41.842,1.3986,1.39887,1.58,1.50
2011.06.17 09:37:41.952,1.39857,1.39887,2.18,1.50
2011.06.17 09:37:42.282,1.39856,1.39887,2.93,1.50
2011.06.17 09:37:42.831,1.39857,1.39888,1.35,1.50
2011.06.17 09:37:43.050,1.39857,1.39887,2.93,1.50
2011.06.17 09:37:43.270,1.39857,1.39888,2.93,1.50
2011.06.17 09:37:43.494,1.39859,1.39888,1.58,1.50
2011.06.17 09:37:43.721,1.39859,1.39891,1.58,2.48
2011.06.17 09:37:43.833,1.39856,1.3989,2.33,3.23
2011.06.17 09:37:43.955,1.39856,1.39886,2.33,1.13
2011.06.17 09:37:45.885,1.39857,1.39889,2.83,1.50
2011.06.17 09:37:46.664,1.39859,1.39888,1.26,1.35
2011.06.17 09:37:46.781,1.39859,1.39888,1.35,1.50
2011.06.17 09:37:47.111,1.39864,1.39892,1.58,1.50
2011.06.17 09:37:47.222,1.39864,1.39892,2.33,1.50
2011.06.17 09:37:47.442,1.39862,1.39895,2.33,1.13
2011.06.17 09:37:47.884,1.39866,1.39898,2.33,1.13
2011.06.17 09:37:48.628,1.3987,1.39901,2.33,1.50
2011.06.17 09:37:49.180,1.39869,1.399,2.33,1.50
2011.06.17 09:37:49.620,1.39871,1.399,1.50,1.50
2011.06.17 09:37:49.951,1.39872,1.39907,2.83,2.85
2011.06.17 09:37:50.281,1.39872,1.39907,2.83,2.25
2011.06.17 09:37:51.051,1.39872,1.39905,1.26,1.50
2011.06.17 09:37:51.273,1.39872,1.39904,1.26,1.50
2011.06.17 09:37:51.783,1.39865,1.39894,1.50,1.13
2011.06.17 09:37:51.904,1.39865,1.39896,1.50,3.00
2011.06.17 09:37:52.025,1.39866,1.39894,1.58,1.50
2011.06.17 09:37:52.253,1.39866,1.39894,2.33,1.50
2011.06.17 09:37:53.630,1.39866,1.39897,2.33,1.50
2011.06.17 09:37:53.741,1.3987,1.39898,1.58,1.50
2011.06.17 09:37:53.854,1.3987,1.39902,2.33,1.88
2011.06.17 09:37:53.972,1.39878,1.39903,1.58,1.50
2011.06.17 09:37:54.192,1.39876,1.39905,2.33,1.50
2011.06.17 09:37:54.303,1.39873,1.39905,2.33,1.50
2011.06.17 09:37:54.745,1.39873,1.39906,1.58,1.50
2011.06.17 09:37:54.971,1.39872,1.39903,1.58,1.50
2011.06.17 09:37:55.643,1.39872,1.39902,1.58,1.13
2011.06.17 09:37:55.762,1.3987,1.39901,1.58,1.50
2011.06.17 09:37:56.744,1.39874,1.39904,2.33,2.25
2011.06.17 09:37:56.863,1.39867,1.39902,1.26,1.50
2011.06.17 09:37:57.521,1.39866,1.39898,2.33,1.88
2011.06.17 09:37:57.851,1.3986,1.39892,1.58,1.50
2011.06.17 09:37:58.180,1.3986,1.39891,1.58,1.50
2011.06.17 09:37:58.511,1.39862,1.39892,1.58,1.50
2011.06.17 09:37:58.975,1.39864,1.39894,2.33,1.50
2011.06.17 09:37:59.655,1.39864,1.39888,2.33,1.50
2011.06.17 09:37:59.991,1.39864,1.39886,2.33,1.13
2011.06.17 09:38:00.213,1.39851,1.39882,2.33,1.50
2011.06.17 09:38:00.322,1.39862,1.39882,1.58,1.50
2011.06.17 09:38:00.432,1.39864,1.39889,1.58,1.50
2011.06.17 09:38:00.545,1.39857,1.39889,1.35,1.50
2011.06.17 09:38:00.663,1.39857,1.3989,1.35,2.33
2011.06.17 09:38:00.882,1.39852,1.39885,2.70,1.35
2011.06.17 09:38:00.995,1.3985,1.39882,1.50,1.50
2011.06.17 09:38:01.330,1.39847,1.39879,2.10,1.50
2011.06.17 09:38:01.660,1.39852,1.39874,1.58,1.50
2011.06.17 09:38:02.866,1.39867,1.39879,1.58,1.50
2011.06.17 09:38:02.983,1.39867,1.39885,1.58,1.50
2011.06.17 09:38:03.107,1.39859,1.39887,2.33,1.50
2011.06.17 09:38:03.445,1.39863,1.3989,1.58,1.13
2011.06.17 09:38:03.781,1.39859,1.3989,1.11,1.13
2011.06.17 09:38:04.221,1.3986,1.3989,1.26,1.13
2011.06.17 09:38:04.770,1.39859,1.39892,1.11,1.50
2011.06.17 09:38:05.321,1.39856,1.39885,1.58,1.50
2011.06.17 09:38:05.960,1.39853,1.39885,1.35,3.00
2011.06.17 09:38:06.306,1.3986,1.39885,1.58,1.50
2011.06.17 09:38:06.862,1.39863,1.39888,1.58,1.50
2011.06.17 09:38:07.082,1.39859,1.39888,2.33,1.50
2011.06.17 09:38:07.301,1.39861,1.39893,1.35,1.50
2011.06.17 09:38:07.632,1.39869,1.39893,1.58,1.50
2011.06.17 09:38:08.711,1.39865,1.39891,1.58,1.35
2011.06.17 09:38:08.822,1.39861,1.39891,1.58,1.35
2011.06.17 09:38:08.930,1.39861,1.39889,1.58,1.50
2011.06.17 09:38:09.260,1.39887,1.39892,1.58,1.50
2011.06.17 09:38:09.374,1.39877,1.39894,1.58,1.50
2011.06.17 09:38:09.492,1.39883,1.39908,1.58,1.50
2011.06.17 09:38:09.602,1.3988,1.39902,1.58,1.50
2011.06.17 09:38:10.312,1.39865,1.39898,1.35,2.63
2011.06.17 09:38:10.751,1.39866,1.39898,2.18,1.88
2011.06.17 09:38:11.081,1.39875,1.39899,1.58,1.50
2011.06.17 09:38:11.190,1.39875,1.399,1.58,2.25
2011.06.17 09:38:12.180,1.39875,1.39901,1.58,2.25
2011.06.17 09:38:12.291,1.39875,1.39901,1.58,2.25
2011.06.17 09:38:12.513,1.39877,1.39901,1.58,1.50
2011.06.17 09:38:12.961,1.39875,1.39902,1.58,1.50
2011.06.17 09:38:13.646,1.39872,1.39901,1.58,1.50
2011.06.17 09:38:13.874,1.39869,1.39898,1.35,1.50
2011.06.17 09:38:14.213,1.39884,1.39898,2.48,1.50
2011.06.17 09:38:14.435,1.39884,1.39907,1.73,2.33
2011.06.17 09:38:14.553,1.39881,1.39902,1.35,1.50
2011.06.17 09:38:14.661,1.39874,1.39902,3.68,1.50
2011.06.17 09:38:14.772,1.39877,1.39902,2.10,1.50
2011.06.17 09:38:15.101,1.39888,1.39908,1.58,1.50
2011.06.17 09:38:15.540,1.39882,1.39908,1.58,1.50
2011.06.17 09:38:15.871,1.39879,1.39908,1.58,1.50
2011.06.17 09:38:17.199,1.39885,1.39908,1.58,1.50
2011.06.17 09:38:17.316,1.39885,1.3991,1.58,1.50
2011.06.17 09:38:17.544,1.39881,1.39909,1.58,1.50
2011.06.17 09:38:18.170,1.39884,1.39907,1.58,2.25
2011.06.17 09:38:18.609,1.39882,1.3991,3.15,2.25
2011.06.17 09:38:19.050,1.39882,1.39908,1.58,1.50
2011.06.17 09:38:19.270,1.3988,1.39908,1.58,1.50
2011.06.17 09:38:19.819,1.39879,1.39904,1.58,1.50
2011.06.17 09:38:20.151,1.39877,1.39904,2.18,1.50
2011.06.17 09:38:20.810,1.39881,1.39905,1.58,1.50
2011.06.17 09:38:20.922,1.39881,1.39905,1.58,1.50
2011.06.17 09:38:21.139,1.39881,1.39906,1.58,1.50
2011.06.17 09:38:21.641,1.3988,1.39906,1.58,1.50
2011.06.17 09:38:22.129,1.39882,1.39906,1.58,1.50
2011.06.17 09:38:22.631,1.39883,1.39906,1.58,1.50
2011.06.17 09:38:22.850,1.39883,1.39906,1.58,1.50
2011.06.17 09:38:23.181,1.39881,1.39906,1.58,1.50
2011.06.17 09:38:23.290,1.39877,1.39906,1.35,1.50
2011.06.17 09:38:23.842,1.39877,1.39906,1.35,1.50
2011.06.17 09:38:24.061,1.39877,1.3991,1.35,1.50
2011.06.17 09:38:24.610,1.39877,1.3991,1.35,1.50
2011.06.17 09:38:24.940,1.39877,1.3991,1.35,1.88
2011.06.17 09:38:25.600,1.39877,1.39906,1.35,1.50
2011.06.17 09:38:25.820,1.39876,1.39906,1.13,1.50
2011.06.17 09:38:25.929,1.39874,1.39906,1.13,1.50
2011.06.17 09:38:26.480,1.39883,1.39906,1.58,1.50
2011.06.17 09:38:27.470,1.39889,1.39906,1.58,1.50
2011.06.17 09:38:27.586,1.39889,1.39908,1.58,1.50
2011.06.17 09:38:27.703,1.39881,1.39913,1.35,3.08
2011.06.17 09:38:28.145,1.39879,1.39912,1.73,1.13
2011.06.17 09:38:28.262,1.39879,1.39907,1.13,1.50
2011.06.17 09:38:28.589,1.39885,1.39907,1.58,1.50
2011.06.17 09:38:28.920,1.39887,1.39907,1.58,1.50
2011.06.17 09:38:29.142,1.39887,1.39907,1.58,1.50
2011.06.17 09:38:29.473,1.3988,1.39903,2.18,1.50
2011.06.17 09:38:30.071,1.3988,1.39903,1.58,1.50
2011.06.17 09:38:30.421,1.39873,1.39902,1.58,1.35
2011.06.17 09:38:30.640,1.39873,1.39898,1.58,1.50
2011.06.17 09:38:31.299,1.39873,1.39898,1.58,1.50
2011.06.17 09:38:31.790,1.39876,1.39898,1.58,1.50
2011.06.17 09:38:32.238,1.39878,1.39898,3.15,1.50
2011.06.17 09:38:32.821,1.39869,1.39902,2.83,1.50
2011.06.17 09:38:32.930,1.39873,1.39901,1.58,1.35
2011.06.17 09:38:33.262,1.39869,1.39894,1.58,1.50
2011.06.17 09:38:33.812,1.39873,1.39891,1.58,1.50
2011.06.17 09:38:34.253,1.39873,1.39897,2.33,1.50
2011.06.17 09:38:34.482,1.39878,1.39902,1.58,1.35
2011.06.17 09:38:34.921,1.39879,1.39904,1.58,1.50
2011.06.17 09:38:35.692,1.39877,1.39901,2.10,1.50
2011.06.17 09:38:36.021,1.39877,1.39901,2.10,1.50
2011.06.17 09:38:36.571,1.39877,1.39905,1.58,1.35
2011.06.17 09:38:37.230,1.39877,1.39904,1.58,1.50
2011.06.17 09:38:38.469,1.39875,1.39902,1.58,1.50
2011.06.17 09:38:39.021,1.39875,1.39902,1.58,1.50
2011.06.17 09:38:39.354,1.39873,1.39891,1.58,1.35
2011.06.17 09:38:39.475,1.39861,1.39891,1.26,1.35
2011.06.17 09:38:39.593,1.39866,1.3989,1.58,1.50
2011.06.17 09:38:40.077,1.39865,1.3989,1.35,1.50
2011.06.17 09:38:40.187,1.39867,1.39894,2.10,2.10
2011.06.17 09:38:40.304,1.3987,1.39894,1.58,2.85
2011.06.17 09:38:40.862,1.39868,1.39894,2.33,2.85
2011.06.17 09:38:41.412,1.3987,1.39892,1.58,1.50
2011.06.17 09:38:42.621,1.3987,1.39895,1.58,2.10
2011.06.17 09:38:42.842,1.39871,1.39896,3.90,1.35
2011.06.17 09:38:42.955,1.39873,1.39897,1.58,2.25
2011.06.17 09:38:43.075,1.39871,1.39901,1.73,1.50
2011.06.17 09:38:43.195,1.39871,1.39903,1.35,2.25
2011.06.17 09:38:43.623,1.39866,1.39899,1.13,1.35
2011.06.17 09:38:44.182,1.39869,1.39899,2.33,2.10
2011.06.17 09:38:44.511,1.39872,1.39899,2.33,1.35
2011.06.17 09:38:46.751,1.39872,1.39899,2.33,1.35
2011.06.17 09:38:47.193,1.39867,1.39896,2.33,1.50
2011.06.17 09:38:47.989,1.39861,1.39895,2.83,2.10
2011.06.17 09:38:47.998,1.39862,1.39895,1.35,1.50
2011.06.17 09:38:48.126,1.3986,1.39891,2.93,1.50
2011.06.17 09:38:48.351,1.39863,1.39892,2.33,2.25
2011.06.17 09:38:48.679,1.39863,1.39893,2.33,1.50
2011.06.17 09:38:48.900,1.39863,1.39895,2.33,1.50
2011.06.17 09:38:50.000,1.39863,1.39895,2.33,1.50
2011.06.17 09:38:50.331,1.39866,1.39896,2.33,2.10
2011.06.17 09:38:51.591,1.39866,1.39895,2.33,1.50
2011.06.17 09:38:51.922,1.39861,1.39892,2.18,2.25
2011.06.17 09:38:52.471,1.39861,1.39891,2.33,1.50
2011.06.17 09:38:54.580,1.39861,1.39889,2.33,1.50
2011.06.17 09:38:55.023,1.39858,1.39887,2.33,1.35
2011.06.17 09:38:55.355,1.39855,1.39882,1.35,1.50
2011.06.17 09:38:55.584,1.39848,1.39879,1.86,1.50
2011.06.17 09:38:55.809,1.39851,1.3988,2.33,1.50
2011.06.17 09:38:56.251,1.39853,1.39881,3.90,1.50
2011.06.17 09:38:56.364,1.39856,1.39883,2.33,1.50
2011.06.17 09:38:56.592,1.39856,1.39883,2.33,1.50
2011.06.17 09:38:57.142,1.39859,1.39889,1.35,1.50
2011.06.17 09:38:57.588,1.39857,1.39889,1.13,2.10
2011.06.17 09:38:57.710,1.39856,1.3988,3.90,1.50
2011.06.17 09:38:57.835,1.39851,1.3988,2.33,2.85
2011.06.17 09:38:58.390,1.39851,1.39879,2.33,1.50
2011.06.17 09:38:58.943,1.39851,1.39878,2.33,1.50
2011.06.17 09:38:59.051,1.39851,1.39876,1.58,1.50
2011.06.17 09:38:59.381,1.39842,1.39875,1.13,1.50
2011.06.17 09:38:59.931,1.39842,1.39872,1.13,1.50
2011.06.17 09:39:00.043,1.3984,1.39871,1.26,1.35
2011.06.17 09:39:00.270,1.39837,1.3987,1.35,1.13
2011.06.17 09:39:00.601,1.39837,1.39865,1.35,1.50
2011.06.17 09:39:00.930,1.39837,1.3987,1.35,1.50
2011.06.17 09:39:01.043,1.39847,1.39872,2.33,1.50
2011.06.17 09:39:01.261,1.39842,1.39872,1.35,1.50
2011.06.17 09:39:01.726,1.39842,1.39869,1.35,1.50
2011.06.17 09:39:02.321,1.39842,1.3987,1.35,1.50
2011.06.17 09:39:02.541,1.39847,1.39874,1.35,1.50
2011.06.17 09:39:02.760,1.39847,1.39879,1.35,1.50
2011.06.17 09:39:02.871,1.39847,1.39881,1.73,2.25
2011.06.17 09:39:02.981,1.39847,1.39881,1.73,1.50
2011.06.17 09:39:03.531,1.39847,1.39882,1.73,1.50
2011.06.17 09:39:03.750,1.39847,1.39879,1.73,1.88
2011.06.17 09:39:04.190,1.39847,1.39877,1.73,1.13
2011.06.17 09:39:04.742,1.39847,1.39875,1.35,1.50
2011.06.17 09:39:06.828,1.39852,1.39885,1.50,1.35
2011.06.17 09:39:07.494,1.39853,1.39884,1.50,1.35
2011.06.17 09:39:07.940,1.39852,1.39884,1.50,1.35
2011.06.17 09:39:08.271,1.39852,1.39884,1.88,1.35
2011.06.17 09:39:08.490,1.39852,1.39884,1.13,2.10
2011.06.17 09:39:09.041,1.39852,1.39884,1.13,1.35
2011.06.17 09:39:10.381,1.39851,1.39884,2.01,1.35
2011.06.17 09:39:10.601,1.39854,1.39883,1.35,1.13
2011.06.17 09:39:10.710,1.39854,1.39883,1.35,1.88
2011.06.17 09:39:10.820,1.39851,1.39882,1.26,1.50
2011.06.17 09:39:10.932,1.39849,1.39881,1.73,1.50
2011.06.17 09:39:11.259,1.39853,1.39883,1.35,1.50
2011.06.17 09:39:12.292,1.39846,1.39879,2.83,1.35
2011.06.17 09:39:12.622,1.39843,1.39867,1.50,1.13
2011.06.17 09:39:12.952,1.39838,1.39868,1.50,1.50
2011.06.17 09:39:13.171,1.39836,1.39866,2.93,1.50
2011.06.17 09:39:13.393,1.39836,1.39867,1.35,1.50
2011.06.17 09:39:13.510,1.39836,1.39869,1.35,1.50
2011.06.17 09:39:14.702,1.39843,1.3987,1.35,1.50
2011.06.17 09:39:15.261,1.39843,1.39872,1.35,2.25
2011.06.17 09:39:15.375,1.39834,1.3987,3.68,1.35
2011.06.17 09:39:15.493,1.39834,1.3987,2.10,2.10
2011.06.17 09:39:16.051,1.39834,1.39867,1.35,2.25
2011.06.17 09:39:16.493,1.39835,1.39865,1.35,1.35
2011.06.17 09:39:16.824,1.39844,1.39867,1.35,1.50
2011.06.17 09:39:16.942,1.39838,1.39867,1.35,2.85
2011.06.17 09:39:17.491,1.39838,1.39867,1.35,2.10
2011.06.17 09:39:18.443,1.39842,1.39868,1.35,2.10
2011.06.17 09:39:18.662,1.39842,1.39868,1.35,2.10
2011.06.17 09:39:18.990,1.39839,1.39866,1.35,1.35
2011.06.17 09:39:20.251,1.39839,1.39866,1.35,1.35
2011.06.17 09:39:20.710,1.3985,1.39873,1.35,1.50
2011.06.17 09:39:20.823,1.39856,1.39881,1.35,1.50
2011.06.17 09:39:20.933,1.39856,1.39884,2.85,2.85
2011.06.17 09:39:21.271,1.3986,1.39884,2.33,1.35
2011.06.17 09:39:21.821,1.39866,1.39887,1.58,1.35
2011.06.17 09:39:22.372,1.39864,1.39888,2.33,2.85
2011.06.17 09:39:22.482,1.39866,1.39888,1.58,2.85
2011.06.17 09:39:22.592,1.39864,1.39888,2.33,2.85
2011.06.17 09:39:22.810,1.39864,1.39888,2.33,2.10
2011.06.17 09:39:23.141,1.39862,1.39885,1.58,1.50
2011.06.17 09:39:23.362,1.39852,1.39883,1.35,1.50
2011.06.17 09:39:23.582,1.39857,1.39881,1.58,1.50
2011.06.17 09:39:23.980,1.39861,1.39884,1.58,1.50
2011.06.17 09:39:24.535,1.39864,1.39885,1.58,1.50
2011.06.17 09:39:24.874,1.39861,1.39889,1.58,1.88
2011.06.17 09:39:24.990,1.39859,1.39889,1.58,1.88
2011.06.17 09:39:25.210,1.39859,1.39887,2.33,1.50
2011.06.17 09:39:26.410,1.39862,1.39885,1.58,1.50
2011.06.17 09:39:26.630,1.39862,1.39887,1.58,1.50
2011.06.17 09:39:27.180,1.39863,1.39888,1.58,1.13
2011.06.17 09:39:27.292,1.39861,1.39885,2.33,1.88
2011.06.17 09:39:27.622,1.39859,1.39885,1.58,1.50
2011.06.17 09:39:28.173,1.3986,1.39883,1.58,2.25
2011.06.17 09:39:28.627,1.39864,1.39888,1.58,1.50
2011.06.17 09:39:29.071,1.39864,1.39887,1.58,1.88
2011.06.17 09:39:29.401,1.39863,1.39885,1.58,2.25
2011.06.17 09:39:30.061,1.39858,1.39883,2.33,1.50
2011.06.17 09:39:32.535,1.39852,1.39881,1.35,1.50
2011.06.17 09:39:32.762,1.3985,1.39876,2.33,1.50
2011.06.17 09:39:33.538,1.39856,1.39884,2.33,1.50
2011.06.17 09:39:35.491,1.39856,1.39881,1.35,1.50
2011.06.17 09:39:35.711,1.3985,1.3988,1.35,1.50
2011.06.17 09:39:36.260,1.3985,1.3988,1.35,1.50
2011.06.17 09:39:36.480,1.3985,1.3988,1.35,1.50
2011.06.17 09:39:38.222,1.39849,1.39878,1.35,2.25
2011.06.17 09:39:38.831,1.39849,1.39876,1.35,1.50
2011.06.17 09:39:39.051,1.39849,1.39877,1.35,1.50
2011.06.17 09:39:39.274,1.39852,1.39881,2.33,1.50
2011.06.17 09:39:39.830,1.39855,1.39882,2.33,1.50
2011.06.17 09:39:40.379,1.39855,1.39883,2.33,1.88
2011.06.17 09:39:41.669,1.39855,1.39883,2.33,1.50
2011.06.17 09:39:42.001,1.39855,1.3988,2.33,1.50
2011.06.17 09:39:42.550,1.39855,1.39879,2.33,1.50
2011.06.17 09:39:45.350,1.39855,1.39875,2.33,1.50
2011.06.17 09:39:47.610,1.39855,1.39875,2.33,1.50
2011.06.17 09:39:48.373,1.39855,1.39876,1.58,1.50
2011.06.17 09:39:48.700,1.39855,1.39882,2.33,1.50
2011.06.17 09:39:50.301,1.39856,1.39884,1.35,1.50
2011.06.17 09:39:50.410,1.39856,1.39886,1.35,1.50
2011.06.17 09:39:50.519,1.39856,1.39886,1.35,1.50
2011.06.17 09:39:51.289,1.39856,1.39886,1.35,1.50
2011.06.17 09:39:52.263,1.39856,1.39885,1.35,1.50
2011.06.17 09:39:52.971,1.39856,1.39885,1.35,1.50
2011.06.17 09:39:54.741,1.39856,1.39885,1.35,1.50
2011.06.17 09:39:55.069,1.39856,1.39885,1.35,1.50
2011.06.17 09:39:55.619,1.39855,1.39885,2.93,1.50
2011.06.17 09:40:00.092,1.39856,1.39886,1.35,2.25
2011.06.17 09:40:00.421,1.39856,1.39881,1.35,1.13
2011.06.17 09:40:00.868,1.39855,1.39881,1.58,1.88
2011.06.17 09:40:01.595,1.39855,1.39878,1.58,1.50
2011.06.17 09:40:02.370,1.39855,1.39879,1.58,1.50
2011.06.17 09:40:03.031,1.39855,1.39878,1.58,1.50
2011.06.17 09:40:03.582,1.39855,1.39874,1.58,1.50
2011.06.17 09:40:04.471,1.39855,1.39875,1.58,1.50
2011.06.17 09:40:05.020,1.39855,1.39875,1.58,1.35
2011.06.17 09:40:05.510,1.39855,1.39876,1.58,1.50
2011.06.17 09:40:08.032,1.39855,1.39875,1.58,1.35
2011.06.17 09:40:10.091,1.39855,1.39871,1.58,2.48
2011.06.17 09:40:10.642,1.39855,1.39868,1.58,2.10
2011.06.17 09:40:11.654,1.39855,1.39872,1.58,1.35
2011.06.17 09:40:11.771,1.39855,1.39875,1.58,2.10
2011.06.17 09:40:12.211,1.39855,1.39872,1.58,2.10
2011.06.17 09:40:12.760,1.39855,1.39875,1.58,2.10
2011.06.17 09:40:13.512,1.39855,1.39874,1.58,1.35
2011.06.17 09:40:14.586,1.39855,1.3987,1.58,2.48
2011.06.17 09:40:15.912,1.39855,1.39873,1.58,1.35
2011.06.17 09:40:16.793,1.39855,1.39866,1.58,2.10
2011.06.17 09:40:17.123,1.39852,1.39862,1.58,2.10
2011.06.17 09:40:17.233,1.39855,1.39866,1.58,1.35
2011.06.17 09:40:17.342,1.39855,1.39864,1.58,1.35
2011.06.17 09:40:18.331,1.39846,1.39862,1.58,1.35
2011.06.17 09:40:18.662,1.39852,1.39862,1.58,1.35
2011.06.17 09:40:19.029,1.39856,1.39862,1.58,1.35
2011.06.17 09:40:19.146,1.39846,1.39862,1.58,1.35
2011.06.17 09:40:19.263,1.39844,1.39862,1.58,1.35
2011.06.17 09:40:19.373,1.39835,1.39862,1.35,1.35
2011.06.17 09:40:19.702,1.39835,1.39862,1.35,1.35
2011.06.17 09:40:20.471,1.39834,1.39862,2.33,2.85
2011.06.17 09:40:21.021,1.39837,1.39862,2.33,1.35
2011.06.17 09:40:21.130,1.39837,1.39862,2.33,1.35
2011.06.17 09:40:21.681,1.39837,1.39861,2.33,1.35
2011.06.17 09:40:23.273,1.39835,1.39857,2.33,2.10
2011.06.17 09:40:23.382,1.39832,1.39857,2.33,2.10
2011.06.17 09:40:23.491,1.39832,1.39859,2.33,1.50
2011.06.17 09:40:23.714,1.39838,1.3986,1.58,2.25
2011.06.17 09:40:23.822,1.39833,1.3986,1.35,1.50
2011.06.17 09:40:23.933,1.39838,1.39862,1.58,1.50
2011.06.17 09:40:24.152,1.39838,1.39864,2.33,2.25
2011.06.17 09:40:24.605,1.39841,1.39864,2.33,1.50
2011.06.17 09:40:24.946,1.39839,1.39859,2.33,2.48
2011.06.17 09:40:25.066,1.39828,1.39854,2.33,2.10
2011.06.17 09:40:25.293,1.39834,1.39854,2.33,1.50
2011.06.17 09:40:25.406,1.39834,1.39858,2.93,1.50
2011.06.17 09:40:25.741,1.39835,1.39862,1.35,1.50
2011.06.17 09:40:26.292,1.39835,1.39863,1.35,1.50
2011.06.17 09:40:27.751,1.39838,1.39863,1.35,1.50
2011.06.17 09:40:28.081,1.39833,1.39863,1.35,1.50
2011.06.17 09:40:28.947,1.39828,1.3986,1.26,1.88
2011.06.17 09:40:29.173,1.39827,1.39859,2.10,1.88
2011.06.17 09:40:30.021,1.39827,1.3986,1.35,2.25
2011.06.17 09:40:30.723,1.39827,1.39859,1.35,1.50
2011.06.17 09:40:31.991,1.39826,1.39859,1.26,2.10
2011.06.17 09:40:33.641,1.39826,1.39859,1.26,2.10
2011.06.17 09:40:34.191,1.3983,1.39858,2.33,1.50
2011.06.17 09:40:36.027,1.39833,1.39859,1.58,2.25
2011.06.17 09:40:36.832,1.39835,1.39861,2.33,2.25
2011.06.17 09:40:36.942,1.39829,1.39858,1.35,1.13
2011.06.17 09:40:37.053,1.39833,1.39857,1.58,1.35
2011.06.17 09:40:37.162,1.39831,1.39857,1.58,1.35
2011.06.17 09:40:37.494,1.39833,1.39858,2.33,1.50
2011.06.17 09:40:37.831,1.39835,1.39861,2.33,1.50
2011.06.17 09:40:39.851,1.39837,1.39861,1.35,1.50
2011.06.17 09:40:40.181,1.39828,1.39857,2.33,1.13
2011.06.17 09:40:40.599,1.39829,1.39856,2.33,1.13
2011.06.17 09:40:40.714,1.39832,1.39857,2.33,1.88
2011.06.17 09:40:41.274,1.39833,1.39857,2.33,1.50
2011.06.17 09:40:46.522,1.39833,1.39856,2.33,1.50
2011.06.17 09:40:46.854,1.39829,1.39854,2.33,1.50
2011.06.17 09:40:46.972,1.39827,1.39854,2.33,2.63
2011.06.17 09:40:47.522,1.39827,1.39854,2.33,2.25
2011.06.17 09:40:50.274,1.39829,1.39854,2.33,1.88
2011.06.17 09:40:51.262,1.3983,1.39853,2.33,1.50
2011.06.17 09:40:51.481,1.3983,1.39857,2.33,1.50
2011.06.17 09:40:53.271,1.39833,1.39856,1.58,1.50
2011.06.17 09:40:53.827,1.39833,1.39857,2.33,1.50
2011.06.17 09:40:54.934,1.39833,1.3985,2.33,4.88
2011.06.17 09:40:55.371,1.39818,1.39845,1.26,1.50
2011.06.17 09:40:55.483,1.39817,1.39845,1.35,2.25
2011.06.17 09:40:55.702,1.39807,1.39839,2.33,1.73
2011.06.17 09:40:55.921,1.39805,1.39837,1.35,2.25
2011.06.17 09:40:58.482,1.39806,1.39837,2.33,1.50
2011.06.17 09:41:01.701,1.39806,1.39837,2.33,1.50
2011.06.17 09:41:02.251,1.39806,1.39839,2.33,2.10
2011.06.17 09:41:02.802,1.39805,1.39836,2.33,1.35
2011.06.17 09:41:03.354,1.39811,1.39835,1.35,1.50
2011.06.17 09:41:03.572,1.39811,1.39843,1.35,2.25
2011.06.17 09:41:04.121,1.39821,1.39847,2.33,1.50
2011.06.17 09:41:04.231,1.39823,1.39847,1.58,1.50
2011.06.17 09:41:06.118,1.39824,1.39847,1.58,1.50
2011.06.17 09:41:06.234,1.39824,1.39847,1.58,1.50
2011.06.17 09:41:06.574,1.39822,1.39847,1.58,1.50
2011.06.17 09:41:07.021,1.39822,1.39847,1.58,2.25
2011.06.17 09:41:08.554,1.39822,1.39841,1.58,1.50
2011.06.17 09:41:08.673,1.39811,1.39841,2.33,1.50
2011.06.17 09:41:08.782,1.39815,1.39841,1.35,1.50
2011.06.17 09:41:08.892,1.39817,1.39841,1.35,1.50
2011.06.17 09:41:09.110,1.39818,1.39843,1.35,1.50
2011.06.17 09:41:10.501,1.39816,1.39841,1.35,1.50
2011.06.17 09:41:11.110,1.39818,1.39842,1.35,1.50
2011.06.17 09:41:11.441,1.3982,1.39842,1.95,1.88
2011.06.17 09:41:12.643,1.39819,1.39842,2.72,1.88
2011.06.17 09:41:12.972,1.39818,1.39831,1.35,4.50
2011.06.17 09:41:13.083,1.39804,1.39826,1.50,1.35
2011.06.17 09:41:13.193,1.39798,1.39826,1.35,2.85
2011.06.17 09:41:13.301,1.39798,1.39826,1.35,2.85
2011.06.17 09:41:13.851,1.39798,1.39826,1.35,3.60
2011.06.17 09:41:14.851,1.39798,1.39826,2.93,3.60
2011.06.17 09:41:15.072,1.39798,1.39826,1.35,3.60
2011.06.17 09:41:19.491,1.39798,1.39826,1.35,3.60
2011.06.17 09:41:20.962,1.39798,1.39824,1.35,1.35
2011.06.17 09:41:21.293,1.39798,1.39823,1.35,1.50
2011.06.17 09:41:21.624,1.39799,1.39826,2.33,3.60
2011.06.17 09:41:21.856,1.39803,1.39827,1.35,1.13
2011.06.17 09:41:22.192,1.39803,1.39827,1.35,1.88
2011.06.17 09:41:22.302,1.39801,1.39827,2.33,2.63
2011.06.17 09:41:23.291,1.39801,1.39829,2.33,1.50
2011.06.17 09:41:24.375,1.39801,1.3983,2.33,2.25
2011.06.17 09:41:24.494,1.39799,1.39828,1.35,1.50
2011.06.17 09:41:24.712,1.39799,1.39826,1.35,1.50
2011.06.17 09:41:27.723,1.39801,1.39826,1.35,1.50
2011.06.17 09:41:27.833,1.39801,1.39828,1.35,1.50
2011.06.17 09:41:29.311,1.39801,1.3983,1.35,2.25
2011.06.17 09:41:31.082,1.39801,1.3983,1.35,2.25
2011.06.17 09:41:31.191,1.39801,1.3983,1.35,1.50
2011.06.17 09:41:31.303,1.39801,1.39831,1.35,3.08
2011.06.17 09:41:31.632,1.39801,1.39831,1.35,2.33
2011.06.17 09:41:32.183,1.39806,1.39833,2.33,1.50
2011.06.17 09:41:32.512,1.39812,1.39833,1.58,2.25
2011.06.17 09:41:32.621,1.3981,1.39833,2.33,2.25
2011.06.17 09:41:34.981,1.39812,1.39833,1.58,3.00
2011.06.17 09:41:35.096,1.39812,1.39833,1.58,1.50
2011.06.17 09:41:35.216,1.39815,1.39836,1.58,2.25
2011.06.17 09:41:35.332,1.39814,1.39837,1.35,1.50
2011.06.17 09:41:38.431,1.39814,1.39837,1.35,1.50
2011.06.17 09:41:38.651,1.39814,1.3984,1.35,1.50
2011.06.17 09:41:38.761,1.39814,1.39839,1.35,1.50
2011.06.17 09:41:39.212,1.39814,1.39838,1.35,1.50
2011.06.17 09:41:41.712,1.39808,1.39829,2.10,1.50
2011.06.17 09:41:41.822,1.39804,1.39829,1.50,1.88
2011.06.17 09:41:41.932,1.39796,1.39827,2.33,1.13
2011.06.17 09:41:42.261,1.39791,1.39822,1.35,1.35
2011.06.17 09:41:42.372,1.39791,1.39821,1.35,1.35
2011.06.17 09:41:44.501,1.39791,1.39821,1.35,1.35
2011.06.17 09:41:45.090,1.39791,1.39821,1.35,1.35
2011.06.17 09:41:45.921,1.39791,1.39822,1.35,2.25
2011.06.17 09:41:47.233,1.39791,1.39822,1.35,2.25
2011.06.17 09:41:47.999,1.39793,1.39823,2.33,2.63
2011.06.17 09:41:48.334,1.39805,1.39833,2.33,1.35
2011.06.17 09:41:48.895,1.39813,1.39838,2.33,2.63
2011.06.17 09:41:49.125,1.39804,1.39837,2.33,1.50
2011.06.17 09:41:49.355,1.39801,1.39835,1.35,2.25
2011.06.17 09:41:49.581,1.39801,1.39834,1.35,1.50
2011.06.17 09:41:50.025,1.39803,1.39836,1.26,1.50
2011.06.17 09:41:51.603,1.39807,1.39836,1.35,1.50
2011.06.17 09:41:51.933,1.39799,1.3983,1.50,1.50
2011.06.17 09:41:52.041,1.39799,1.3983,1.50,2.25
2011.06.17 09:41:52.482,1.39798,1.3983,1.35,1.50
2011.06.17 09:41:52.811,1.39799,1.39826,1.50,1.50
2011.06.17 09:41:53.032,1.39795,1.39826,2.33,1.50
2011.06.17 09:41:53.252,1.39795,1.39829,2.33,2.25
2011.06.17 09:41:53.360,1.39795,1.39829,2.33,2.25
2011.06.17 09:41:54.021,1.39794,1.39829,3.08,2.25
2011.06.17 09:41:54.243,1.39799,1.39829,1.35,1.50
2011.06.17 09:41:54.352,1.39803,1.39829,1.35,1.50
2011.06.17 09:41:54.681,1.39798,1.3983,1.35,1.35
2011.06.17 09:41:54.792,1.39803,1.3983,1.35,1.35
2011.06.17 09:41:55.011,1.39805,1.39832,1.35,1.13
2011.06.17 09:41:55.122,1.39805,1.39832,1.35,1.13
2011.06.17 09:41:55.453,1.39805,1.39832,1.35,1.13
2011.06.17 09:41:56.582,1.39808,1.39835,2.33,2.63
2011.06.17 09:41:56.691,1.39802,1.39835,1.35,4.13
2011.06.17 09:41:57.461,1.398,1.39827,2.83,1.35
2011.06.17 09:41:57.682,1.39797,1.39827,1.86,2.10
2011.06.17 09:41:57.791,1.39797,1.39827,1.86,2.10
2011.06.17 09:41:58.010,1.39797,1.39827,1.86,2.85
2011.06.17 09:41:58.292,1.39804,1.39829,1.35,1.50
2011.06.17 09:41:58.621,1.39803,1.39832,1.35,1.50
2011.06.17 09:41:59.432,1.39805,1.39833,2.33,1.50
2011.06.17 09:41:59.542,1.39803,1.39834,1.35,1.50
2011.06.17 09:41:59.761,1.39803,1.39834,1.35,1.50
2011.06.17 09:42:00.671,1.39802,1.39832,2.33,1.35
2011.06.17 09:42:00.780,1.39802,1.39829,2.33,1.50
2011.06.17 09:42:01.111,1.39797,1.39829,3.43,2.25
2011.06.17 09:42:02.033,1.39797,1.39829,3.43,2.63
2011.06.17 09:42:02.679,1.39803,1.39832,1.35,2.10
2011.06.17 09:42:02.904,1.39807,1.39833,1.35,1.50
2011.06.17 09:42:03.024,1.39808,1.39836,1.35,1.35
2011.06.17 09:42:03.572,1.39812,1.39839,2.33,2.48
2011.06.17 09:42:03.902,1.39812,1.39839,1.35,1.13
2011.06.17 09:42:04.411,1.39812,1.39838,1.35,1.50
2011.06.17 09:42:07.433,1.39807,1.39838,2.33,2.48
2011.06.17 09:42:07.543,1.39807,1.39836,1.58,1.88
2011.06.17 09:42:07.652,1.39807,1.39834,1.58,1.50
2011.06.17 09:42:08.255,1.39807,1.39832,2.33,1.50
2011.06.17 09:42:08.377,1.39807,1.39834,2.33,1.88
2011.06.17 09:42:09.263,1.39807,1.39835,2.33,1.13
2011.06.17 09:42:09.812,1.39807,1.39835,2.33,1.13
2011.06.17 09:42:10.584,1.39811,1.39838,1.35,1.88
2011.06.17 09:42:11.135,1.39807,1.39841,2.33,1.50
2011.06.17 09:42:11.471,1.39811,1.39838,1.35,1.50
2011.06.17 09:42:13.133,1.39809,1.39838,1.35,2.25
2011.06.17 09:42:13.462,1.39807,1.39836,2.33,1.50
2011.06.17 09:42:13.572,1.39807,1.39836,1.58,1.50
2011.06.17 09:42:13.792,1.39807,1.39836,2.33,1.50
2011.06.17 09:42:13.904,1.39812,1.39836,2.10,1.50
2011.06.17 09:42:14.133,1.39814,1.39843,1.35,2.25
2011.06.17 09:42:14.352,1.39814,1.39845,1.35,1.50
2011.06.17 09:42:15.433,1.39811,1.39845,1.86,1.50
2011.06.17 09:42:15.982,1.39808,1.39842,1.35,2.63
2011.06.17 09:42:18.341,1.39811,1.39839,1.35,1.50
2011.06.17 09:42:18.560,1.39811,1.3984,1.35,1.50
2011.06.17 09:42:18.672,1.39811,1.39841,1.35,1.50
2011.06.17 09:42:19.001,1.39823,1.39842,2.10,1.50
2011.06.17 09:42:19.112,1.39823,1.39845,2.10,1.50
2011.06.17 09:42:19.750,1.39823,1.39846,2.10,2.25
2011.06.17 09:42:20.523,1.3982,1.39846,1.35,2.25
2011.06.17 09:42:21.111,1.3982,1.39847,1.35,1.50
2011.06.17 09:42:21.332,1.39819,1.39847,2.10,1.50
2011.06.17 09:42:21.553,1.39814,1.39845,1.73,1.50
2011.06.17 09:42:21.772,1.39813,1.39842,2.10,1.13
2011.06.17 09:42:22.597,1.39815,1.39844,1.35,1.50
2011.06.17 09:42:26.795,1.39817,1.39844,2.10,1.50
2011.06.17 09:42:26.912,1.39818,1.39844,1.35,1.50
2011.06.17 09:42:28.672,1.39817,1.39844,2.10,1.50
2011.06.17 09:42:30.412,1.39815,1.39844,1.35,1.50
2011.06.17 09:42:34.082,1.39817,1.39844,1.35,1.50
2011.06.17 09:42:34.191,1.39817,1.39844,1.35,1.50
2011.06.17 09:42:34.741,1.39817,1.39844,1.35,1.50
2011.06.17 09:42:35.293,1.39817,1.39844,1.35,1.50
2011.06.17 09:42:35.662,1.39818,1.39844,1.35,1.50
2011.06.17 09:42:36.925,1.39819,1.39847,1.35,1.50
2011.06.17 09:42:38.042,1.39818,1.39846,1.35,1.50
2011.06.17 09:42:38.152,1.39814,1.39846,1.35,1.50
2011.06.17 09:42:39.262,1.39812,1.39841,2.10,1.50
2011.06.17 09:42:39.483,1.3981,1.39841,1.35,1.50
2011.06.17 09:42:39.703,1.39808,1.39841,1.73,2.25
2011.06.17 09:42:40.142,1.39807,1.39836,2.33,1.13
2011.06.17 09:42:40.252,1.39807,1.39836,1.58,1.13
2011.06.17 09:42:40.582,1.39807,1.39836,2.18,1.13
2011.06.17 09:42:40.691,1.39811,1.39836,1.35,1.13
2011.06.17 09:42:41.681,1.39811,1.39829,1.35,1.13
2011.06.17 09:42:42.013,1.39807,1.39829,1.58,1.13
2011.06.17 09:42:44.953,1.39807,1.39835,2.18,1.50
2011.06.17 09:42:45.174,1.39809,1.39835,1.35,1.50
2011.06.17 09:42:45.724,1.3981,1.39839,1.35,1.50
2011.06.17 09:42:45.831,1.39808,1.39838,1.35,1.50
2011.06.17 09:42:46.380,1.39807,1.39838,2.18,1.50
2011.06.17 09:42:47.931,1.39807,1.39838,2.18,1.50
2011.06.17 09:42:48.261,1.39807,1.39832,1.58,1.50
2011.06.17 09:42:50.881,1.39807,1.39832,1.58,1.50
2011.06.17 09:42:51.471,1.39807,1.39832,1.58,1.50
2011.06.17 09:42:52.142,1.39807,1.39833,2.18,1.50
2011.06.17 09:42:52.255,1.39807,1.39835,2.18,1.35
2011.06.17 09:42:52.374,1.39807,1.39831,1.58,1.35
2011.06.17 09:42:52.702,1.39807,1.39826,1.58,2.85
2011.06.17 09:42:53.031,1.39807,1.39824,1.58,1.35
2011.06.17 09:42:53.581,1.39807,1.39828,1.58,1.35
2011.06.17 09:42:54.808,1.39807,1.39828,1.58,1.35
2011.06.17 09:42:55.361,1.39807,1.39828,1.58,1.35
2011.06.17 09:42:55.981,1.39807,1.39831,1.58,1.50
2011.06.17 09:42:56.311,1.39807,1.39829,1.58,1.35
2011.06.17 09:42:56.860,1.39807,1.39829,1.58,1.35
2011.06.17 09:42:57.883,1.39807,1.39829,1.58,1.73
2011.06.17 09:42:57.993,1.39807,1.39829,1.58,2.10
2011.06.17 09:42:58.322,1.39807,1.39825,1.58,1.50
2011.06.17 09:42:58.433,1.39807,1.39825,1.58,1.50
2011.06.17 09:42:58.542,1.39807,1.39829,1.58,1.50
2011.06.17 09:43:00.732,1.39807,1.39833,1.58,1.50
2011.06.17 09:43:01.061,1.39807,1.39831,1.58,1.50
2011.06.17 09:43:01.282,1.39807,1.3983,1.58,1.50
2011.06.17 09:43:04.061,1.39807,1.39831,1.58,1.50
2011.06.17 09:43:04.831,1.39798,1.39826,1.26,1.50
2011.06.17 09:43:04.941,1.39794,1.39826,1.26,1.50
2011.06.17 09:43:05.269,1.39793,1.39826,1.26,1.50
2011.06.17 09:43:05.602,1.39801,1.39829,1.35,1.50
2011.06.17 09:43:05.711,1.39797,1.39829,1.50,1.50
2011.06.17 09:43:07.401,1.39797,1.39825,1.26,1.35
2011.06.17 09:43:07.735,1.39794,1.39825,1.26,1.35
2011.06.17 09:43:07.850,1.39794,1.39825,2.01,1.35
2011.06.17 09:43:08.372,1.39794,1.39825,1.26,1.35
2011.06.17 09:43:08.482,1.39795,1.39825,1.26,1.35
2011.06.17 09:43:08.922,1.39795,1.39825,1.26,1.35
2011.06.17 09:43:11.203,1.39795,1.39825,1.26,1.35
2011.06.17 09:43:11.934,1.39795,1.39818,1.26,1.35
2011.06.17 09:43:12.562,1.39795,1.39814,1.26,2.85
2011.06.17 09:43:12.671,1.3979,1.39814,1.35,1.35
2011.06.17 09:43:12.782,1.3979,1.39817,2.10,1.50
2011.06.17 09:43:13.002,1.3979,1.3982,1.35,2.48
2011.06.17 09:43:13.111,1.3979,1.39817,1.35,1.35
2011.06.17 09:43:13.222,1.39792,1.3982,2.85,1.73
2011.06.17 09:43:13.334,1.39794,1.3982,1.35,1.73
2011.06.17 09:43:13.552,1.39791,1.39818,2.10,1.35
2011.06.17 09:43:13.772,1.39789,1.39816,1.26,1.35
2011.06.17 09:43:13.991,1.39789,1.39816,1.86,1.35
2011.06.17 09:43:14.458,1.39795,1.39825,1.35,2.85
2011.06.17 09:43:15.671,1.39795,1.39825,1.35,3.60
2011.06.17 09:43:17.810,1.39793,1.39818,1.26,2.85
2011.06.17 09:43:18.142,1.39785,1.3981,1.26,1.35
2011.06.17 09:43:18.472,1.39786,1.39816,1.35,1.50
2011.06.17 09:43:18.583,1.39786,1.39816,1.35,1.50
2011.06.17 09:43:18.911,1.39792,1.39821,1.35,1.50
2011.06.17 09:43:19.132,1.39794,1.39826,1.86,1.50
2011.06.17 09:43:19.241,1.39796,1.39827,1.35,1.50
2011.06.17 09:43:19.461,1.39798,1.39831,1.35,1.50
2011.06.17 09:43:20.284,1.39803,1.39835,1.35,1.50
2011.06.17 09:43:20.612,1.39803,1.39827,1.35,5.25
2011.06.17 09:43:20.722,1.398,1.39827,1.26,5.25
2011.06.17 09:43:20.833,1.39798,1.39826,1.63,1.50
2011.06.17 09:43:20.943,1.39792,1.39822,2.01,1.50
2011.06.17 09:43:21.052,1.39799,1.39823,2.85,1.50
2011.06.17 09:43:21.603,1.398,1.39829,2.10,1.50
2011.06.17 09:43:22.150,1.398,1.39829,2.10,1.50
2011.06.17 09:43:22.264,1.39793,1.39822,1.26,1.50
2011.06.17 09:43:22.481,1.39791,1.39824,1.26,1.50
2011.06.17 09:43:22.812,1.39795,1.39825,1.35,1.50
2011.06.17 09:43:23.031,1.39796,1.39829,1.35,1.50
2011.06.17 09:43:23.691,1.39796,1.39823,1.86,1.88
2011.06.17 09:43:24.022,1.39797,1.39814,2.10,1.50
2011.06.17 09:43:24.351,1.39797,1.39825,2.10,1.50
2011.06.17 09:43:24.461,1.39796,1.39825,1.35,1.50
2011.06.17 09:43:24.571,1.39796,1.39825,1.35,1.50
2011.06.17 09:43:24.902,1.39798,1.39828,2.85,1.50
2011.06.17 09:43:25.011,1.39795,1.39828,3.36,2.10
2011.06.17 09:43:25.924,1.39789,1.39818,1.26,1.50
2011.06.17 09:43:26.472,1.39786,1.39811,1.26,1.35
2011.06.17 09:43:26.801,1.39781,1.3981,2.01,1.35
2011.06.17 09:43:26.910,1.39781,1.3981,2.01,1.35
2011.06.17 09:43:27.130,1.39783,1.39812,1.26,1.88
2011.06.17 09:43:27.351,1.39783,1.39814,1.26,1.13
2011.06.17 09:43:28.010,1.39783,1.39819,1.26,1.13
2011.06.17 09:43:28.530,1.39783,1.39819,1.26,1.13
2011.06.17 09:43:30.170,1.39781,1.39804,2.23,1.50
2011.06.17 09:43:30.282,1.39781,1.39804,1.63,1.50
2011.06.17 09:43:30.504,1.39775,1.3981,2.01,1.13
2011.06.17 09:43:30.612,1.39776,1.3981,1.48,1.13
2011.06.17 09:43:30.722,1.39776,1.39813,1.48,1.50
2011.06.17 09:43:31.270,1.39781,1.39813,1.11,2.25
2011.06.17 09:43:32.562,1.39781,1.39813,1.11,1.88
2011.06.17 09:43:32.671,1.39781,1.39812,1.86,1.50
2011.06.17 09:43:33.001,1.39781,1.39808,1.26,1.50
2011.06.17 09:43:33.331,1.39776,1.39804,1.26,2.25
2011.06.17 09:43:33.570,1.39775,1.39804,1.11,2.25
2011.06.17 09:43:33.680,1.39775,1.39804,1.11,2.25
2011.06.17 09:43:34.120,1.39773,1.39804,1.11,2.25
2011.06.17 09:43:34.341,1.39783,1.39808,2.10,1.50
2011.06.17 09:43:34.453,1.39783,1.39813,2.10,1.35
2011.06.17 09:43:34.564,1.39788,1.39816,2.10,2.25
2011.06.17 09:43:34.672,1.39784,1.39815,2.10,1.35
2011.06.17 09:43:35.882,1.39784,1.39811,2.10,2.10
2011.06.17 09:43:35.991,1.39782,1.3981,1.35,1.35
2011.06.17 09:43:36.321,1.39783,1.39811,1.35,1.50
2011.06.17 09:43:36.796,1.39783,1.39811,1.35,1.50
2011.06.17 09:43:36.906,1.39783,1.39811,1.35,1.50
2011.06.17 09:43:37.792,1.39791,1.39817,1.35,2.25
2011.06.17 09:43:38.124,1.39786,1.39815,1.26,1.35
2011.06.17 09:43:38.232,1.39784,1.39812,1.50,2.10
2011.06.17 09:43:38.341,1.39782,1.39809,1.86,1.35
2011.06.17 09:43:38.673,1.39782,1.39808,1.35,1.35
2011.06.17 09:43:39.872,1.39779,1.39806,1.26,1.35
2011.06.17 09:43:40.422,1.3978,1.39806,1.35,1.50
2011.06.17 09:43:40.751,1.39774,1.39806,1.35,2.25
2011.06.17 09:43:40.972,1.39774,1.39806,1.35,2.25
2011.06.17 09:43:41.192,1.39776,1.39805,2.10,1.50
2011.06.17 09:43:41.301,1.39776,1.39805,2.10,1.50
2011.06.17 09:43:41.521,1.39776,1.39806,2.10,1.13
2011.06.17 09:43:42.081,1.39778,1.3981,1.35,2.48
2011.06.17 09:43:42.630,1.39778,1.3981,1.11,2.85
2011.06.17 09:43:44.360,1.3978,1.39809,1.35,1.35
2011.06.17 09:43:44.910,1.3978,1.39808,1.35,1.35
2011.06.17 09:43:45.022,1.3978,1.39808,1.35,1.35
2011.06.17 09:43:46.572,1.39778,1.39803,1.11,1.50
2011.06.17 09:43:46.902,1.39769,1.39799,1.26,2.10
2011.06.17 09:43:47.580,1.3977,1.39807,2.48,1.50
2011.06.17 09:43:47.707,1.39775,1.39813,1.86,1.50
2011.06.17 09:43:47.823,1.39775,1.39814,1.86,1.13
2011.06.17 09:43:48.591,1.39777,1.39815,1.11,2.25
2011.06.17 09:43:49.099,1.3978,1.39815,1.11,1.50
2011.06.17 09:43:50.180,1.3978,1.39814,1.11,1.50
2011.06.17 09:43:50.730,1.39777,1.39812,1.86,1.50
2011.06.17 09:43:51.061,1.39776,1.39803,2.01,1.13
2011.06.17 09:43:51.390,1.39772,1.39803,1.26,2.63
2011.06.17 09:43:51.970,1.39773,1.39803,1.11,1.13
2011.06.17 09:43:52.872,1.39773,1.39806,1.11,2.63
2011.06.17 09:43:53.421,1.39773,1.39806,1.11,1.50
2011.06.17 09:43:53.531,1.39774,1.39806,1.26,1.50
2011.06.17 09:43:55.981,1.39774,1.39806,1.26,1.50
2011.06.17 09:43:56.425,1.39774,1.39806,1.26,1.50
2011.06.17 09:43:56.542,1.39772,1.39806,1.35,1.50
2011.06.17 09:43:57.027,1.39768,1.39804,1.11,1.35
2011.06.17 09:44:00.427,1.39768,1.39803,1.11,1.50
2011.06.17 09:44:00.652,1.39766,1.398,1.50,1.35
2011.06.17 09:44:00.981,1.39764,1.39798,1.86,1.50
2011.06.17 09:44:02.723,1.39765,1.39797,1.29,1.50
2011.06.17 09:44:02.941,1.39768,1.39797,1.35,1.50
2011.06.17 09:44:03.160,1.39765,1.39797,1.29,1.50
2011.06.17 09:44:03.822,1.39765,1.39797,1.29,1.50
2011.06.17 09:44:04.152,1.39765,1.39796,1.29,1.50
2011.06.17 09:44:04.482,1.39764,1.39794,1.35,1.50
2011.06.17 09:44:04.920,1.39764,1.39794,1.35,1.50
2011.06.17 09:44:05.250,1.39764,1.39793,1.35,1.50
2011.06.17 09:44:07.132,1.39768,1.39794,1.35,1.50
2011.06.17 09:44:07.352,1.39768,1.39799,1.89,1.13
2011.06.17 09:44:07.911,1.39768,1.39799,1.89,1.13
2011.06.17 09:44:08.021,1.39768,1.39799,1.89,1.13
2011.06.17 09:44:08.680,1.39768,1.39799,1.89,1.13
2011.06.17 09:44:09.782,1.39768,1.39801,1.89,1.50
2011.06.17 09:44:10.661,1.39768,1.39801,1.35,1.50
2011.06.17 09:44:10.991,1.39768,1.39801,1.35,1.50
2011.06.17 09:44:11.831,1.39768,1.39801,1.35,1.50
2011.06.17 09:44:13.023,1.39768,1.39801,1.35,1.50
2011.06.17 09:44:13.351,1.39768,1.39799,1.35,1.50
2011.06.17 09:44:13.683,1.39768,1.39799,1.35,1.50
2011.06.17 09:44:13.791,1.39767,1.39799,1.35,1.50
2011.06.17 09:44:14.671,1.39768,1.39799,1.35,1.50
2011.06.17 09:44:18.583,1.39763,1.39793,1.35,1.50
2011.06.17 09:44:19.351,1.39762,1.39794,1.89,1.50
2011.06.17 09:44:20.501,1.39764,1.39794,1.35,1.50
2011.06.17 09:44:20.722,1.39764,1.39796,1.35,2.25
2011.06.17 09:44:21.051,1.39764,1.39799,1.35,1.50
2011.06.17 09:44:21.600,1.39764,1.39799,1.35,1.50
2011.06.17 09:44:21.931,1.39771,1.39801,2.85,1.50
2011.06.17 09:44:22.041,1.39774,1.39801,1.35,1.50
2011.06.17 09:44:22.260,1.39771,1.39802,1.35,1.50
2011.06.17 09:44:23.300,1.39774,1.39802,1.35,1.50
2011.06.17 09:44:23.633,1.39772,1.39802,1.35,1.50
2011.06.17 09:44:24.961,1.39771,1.39801,1.35,1.50
2011.06.17 09:44:25.292,1.39765,1.39798,2.04,1.50
2011.06.17 09:44:25.514,1.39769,1.398,1.35,1.50
2011.06.17 09:44:26.197,1.39769,1.398,1.35,1.50
2011.06.17 09:44:26.751,1.39768,1.39797,1.35,1.50
2011.06.17 09:44:29.741,1.39767,1.39797,1.35,1.50
2011.06.17 09:44:30.765,1.39765,1.39796,1.29,1.88
2011.06.17 09:44:30.886,1.39762,1.39793,1.50,1.50
2011.06.17 09:44:31.688,1.39768,1.39797,1.13,1.50
2011.06.17 09:44:32.023,1.39777,1.39807,1.35,1.50
2011.06.17 09:44:32.463,1.39779,1.39807,1.35,1.50
2011.06.17 09:44:32.791,1.39779,1.3981,1.35,1.50
2011.06.17 09:44:33.562,1.3977,1.39804,1.35,1.50
2011.06.17 09:44:33.782,1.39771,1.39801,1.35,1.50
2011.06.17 09:44:34.003,1.39766,1.398,1.89,1.50
2011.06.17 09:44:34.335,1.3977,1.39799,1.14,1.13
2011.06.17 09:44:34.905,1.39771,1.398,1.35,1.50
2011.06.17 09:44:35.351,1.39769,1.398,1.35,1.50
2011.06.17 09:44:35.913,1.39769,1.398,1.35,1.50
2011.06.17 09:44:36.352,1.3977,1.398,1.35,1.50
2011.06.17 09:44:36.572,1.3977,1.39801,1.35,3.00
2011.06.17 09:44:37.014,1.3977,1.39801,1.35,1.50
2011.06.17 09:44:37.343,1.39772,1.39802,1.29,1.50
2011.06.17 09:44:37.891,1.39771,1.39807,1.29,1.35
2011.06.17 09:44:38.331,1.39772,1.39803,1.29,1.13
2011.06.17 09:44:39.753,1.39772,1.39805,1.29,1.50
2011.06.17 09:44:41.151,1.39776,1.39808,1.29,1.50
2011.06.17 09:44:41.591,1.39772,1.39802,1.29,1.13
2011.06.17 09:44:41.921,1.39772,1.39802,1.29,1.13
2011.06.17 09:44:42.471,1.39772,1.39804,1.29,1.13
2011.06.17 09:44:43.263,1.39776,1.39805,2.10,1.50
2011.06.17 09:44:43.594,1.39768,1.39796,1.29,1.13
2011.06.17 09:44:43.811,1.39765,1.39797,1.89,1.13
2011.06.17 09:44:44.582,1.39761,1.39791,1.50,1.13
2011.06.17 09:44:44.912,1.39764,1.39793,1.35,1.50
2011.06.17 09:44:45.242,1.39766,1.39793,1.35,1.50
2011.06.17 09:44:45.572,1.39763,1.39793,1.50,1.50
2011.06.17 09:44:45.683,1.39762,1.39793,1.35,1.50
2011.06.17 09:44:45.904,1.39768,1.39794,1.35,1.13
2011.06.17 09:44:46.233,1.39767,1.39797,1.35,1.50
2011.06.17 09:44:46.758,1.39771,1.398,1.35,1.50
2011.06.17 09:44:46.982,1.39769,1.398,1.35,1.50
2011.06.17 09:44:47.203,1.39767,1.398,1.29,1.50
2011.06.17 09:44:47.315,1.39766,1.39799,2.10,1.50
2011.06.17 09:44:47.654,1.39766,1.3978,1.50,1.13
2011.06.17 09:44:47.983,1.39743,1.39761,1.50,2.25
2011.06.17 09:44:48.202,1.39713,1.39735,1.50,1.50
2011.06.17 09:44:48.314,1.39712,1.39732,1.13,1.73
2011.06.17 09:44:48.425,1.39704,1.39724,1.50,1.13
2011.06.17 09:44:49.350,1.39691,1.39721,1.29,1.50
2011.06.17 09:44:50.268,1.3967,1.39698,1.50,1.50
2011.06.17 09:44:50.425,1.39667,1.39681,1.14,1.50
2011.06.17 09:44:50.508,1.39641,1.39659,1.50,2.25
2011.06.17 09:44:50.624,1.39641,1.39652,1.50,2.48
2011.06.17 09:44:51.354,1.39639,1.3965,1.50,1.35
2011.06.17 09:44:51.692,1.39636,1.39647,4.50,2.10
2011.06.17 09:44:52.434,1.39636,1.39644,3.75,1.35
2011.06.17 09:44:52.546,1.39617,1.39646,1.29,1.13
2011.06.17 09:44:53.408,1.39621,1.39651,1.35,1.50
2011.06.17 09:44:53.555,1.39657,1.39706,1.50,1.13
2011.06.17 09:44:53.894,1.39655,1.39705,1.50,1.35
2011.06.17 09:44:54.222,1.39659,1.39705,1.35,1.50
2011.06.17 09:44:54.707,1.39676,1.3971,1.35,1.50
2011.06.17 09:44:54.839,1.39679,1.39717,2.48,2.25
2011.06.17 09:44:54.956,1.39679,1.3971,2.48,4.50
2011.06.17 09:44:55.614,1.39679,1.39719,2.48,1.50
2011.06.17 09:44:55.708,1.39679,1.39711,2.48,2.25
2011.06.17 09:44:55.835,1.39677,1.39707,1.35,2.25
2011.06.17 09:44:56.467,1.39677,1.39696,1.50,2.10
2011.06.17 09:44:56.728,1.39665,1.39696,4.50,1.50
2011.06.17 09:44:57.058,1.39665,1.39706,4.50,1.88
2011.06.17 09:44:57.175,1.39665,1.39704,4.50,1.13
2011.06.17 09:44:57.513,1.39665,1.39691,4.50,1.35
2011.06.17 09:44:58.394,1.39665,1.3969,4.50,1.50
2011.06.17 09:44:58.506,1.39673,1.39706,1.29,1.35
2011.06.17 09:44:58.623,1.39673,1.39697,1.29,2.10
2011.06.17 09:44:58.733,1.39673,1.39702,1.29,1.35
2011.06.17 09:44:58.845,1.39661,1.39699,1.73,1.50
2011.06.17 09:44:58.963,1.39676,1.39703,1.89,1.50
2011.06.17 09:44:59.072,1.39676,1.39711,1.89,2.25
2011.06.17 09:44:59.182,1.39675,1.39709,1.29,2.10
2011.06.17 09:44:59.293,1.39675,1.3971,1.29,1.50
2011.06.17 09:44:59.402,1.39672,1.39708,1.66,2.10
2011.06.17 09:44:59.623,1.3967,1.39705,1.14,1.35
2011.06.17 09:44:59.732,1.39672,1.39708,1.14,1.13
2011.06.17 09:45:00.172,1.39668,1.39703,1.14,1.35
2011.06.17 09:45:00.392,1.39666,1.39702,2.10,1.50
2011.06.17 09:45:00.503,1.39686,1.39704,2.10,2.25
2011.06.17 09:45:00.968,1.39687,1.39711,1.14,1.50
2011.06.17 09:45:01.088,1.39687,1.39715,1.14,4.50
2011.06.17 09:45:01.314,1.39682,1.39714,1.29,1.35
2011.06.17 09:45:01.533,1.39679,1.39706,1.50,1.35
2011.06.17 09:45:01.645,1.39678,1.39708,1.29,1.35
2011.06.17 09:45:01.883,1.39677,1.3971,1.14,1.50
2011.06.17 09:45:01.998,1.39683,1.39712,1.29,1.35
2011.06.17 09:45:02.425,1.39684,1.39708,1.51,4.50
2011.06.17 09:45:02.537,1.39687,1.3972,1.29,4.50
2011.06.17 09:45:02.981,1.39688,1.39716,1.66,4.50
2011.06.17 09:45:03.092,1.39687,1.39726,1.88,1.35
2011.06.17 09:45:03.203,1.39687,1.39725,1.88,1.35
2011.06.17 09:45:03.823,1.39694,1.39728,2.10,4.50
2011.06.17 09:45:04.144,1.39699,1.39719,2.10,4.50
2011.06.17 09:45:04.255,1.39699,1.39721,2.10,4.50
2011.06.17 09:45:04.616,1.39695,1.39735,1.73,1.50
2011.06.17 09:45:04.732,1.39704,1.39738,1.13,1.50
2011.06.17 09:45:05.175,1.39697,1.39736,1.35,1.13
2011.06.17 09:45:05.403,1.39699,1.39738,1.13,1.50
2011.06.17 09:45:05.733,1.39692,1.39731,1.13,1.35
2011.06.17 09:45:05.845,1.39694,1.39736,2.85,1.13
2011.06.17 09:45:05.965,1.39695,1.39732,1.50,2.10
2011.06.17 09:45:06.195,1.39693,1.39732,2.10,1.50
2011.06.17 09:45:06.558,1.3969,1.39732,2.48,2.10
2011.06.17 09:45:06.682,1.39693,1.39731,1.35,1.35
2011.06.17 09:45:07.342,1.39697,1.39735,2.10,1.13
2011.06.17 09:45:07.674,1.39717,1.39738,2.10,1.50
2011.06.17 09:45:08.013,1.39725,1.39741,2.10,1.50
2011.06.17 09:45:08.453,1.39729,1.39743,2.10,4.50
2011.06.17 09:45:09.143,1.39745,1.39753,2.10,4.50
2011.06.17 09:45:09.255,1.39736,1.39743,1.35,3.75
2011.06.17 09:45:09.375,1.39744,1.39753,2.10,4.50
2011.06.17 09:45:09.498,1.39741,1.39751,2.10,4.50
2011.06.17 09:45:09.614,1.39754,1.39763,2.10,3.75
2011.06.17 09:45:09.726,1.39758,1.39784,1.50,1.13
2011.06.17 09:45:09.845,1.39769,1.39802,1.13,1.50
2011.06.17 09:45:10.074,1.39775,1.39809,1.35,2.10
2011.06.17 09:45:10.184,1.39771,1.39807,1.35,1.35
2011.06.17 09:45:10.294,1.39765,1.3977,1.35,3.75
2011.06.17 09:45:10.404,1.39766,1.39805,1.35,2.10
2011.06.17 09:45:10.522,1.3976,1.39798,1.35,1.35
2011.06.17 09:45:10.853,1.39749,1.39766,1.13,3.75
2011.06.17 09:45:11.184,1.39753,1.39773,1.35,4.50
2011.06.17 09:45:11.604,1.39759,1.39785,1.35,4.50
2011.06.17 09:45:11.718,1.39757,1.39785,1.35,3.75
2011.06.17 09:45:12.274,1.39757,1.3979,1.35,1.35
2011.06.17 09:45:12.386,1.39751,1.39784,1.88,1.35
2011.06.17 09:45:12.834,1.39767,1.39783,1.50,2.10
2011.06.17 09:45:13.166,1.39762,1.3977,1.50,1.50
2011.06.17 09:45:13.283,1.39746,1.39772,1.50,1.50
2011.06.17 09:45:13.394,1.39741,1.3977,5.25,1.35
2011.06.17 09:45:13.503,1.39742,1.39767,1.35,1.35
2011.06.17 09:45:13.944,1.39741,1.39767,4.50,2.10
2011.06.17 09:45:14.564,1.3973,1.39768,1.35,2.48
2011.06.17 09:45:14.673,1.39725,1.39768,1.35,1.13
2011.06.17 09:45:14.894,1.3973,1.39769,2.10,1.13
2011.06.17 09:45:15.222,1.3974,1.39774,2.10,1.50
2011.06.17 09:45:15.332,1.39736,1.39775,1.35,1.50
2011.06.17 09:45:15.663,1.39735,1.39769,2.10,1.35
2011.06.17 09:45:15.992,1.39732,1.39769,2.10,2.10
2011.06.17 09:45:16.323,1.39741,1.39774,2.85,4.50
2011.06.17 09:45:16.544,1.39728,1.39768,2.85,1.50
2011.06.17 09:45:16.653,1.39734,1.39773,1.35,1.73
2011.06.17 09:45:17.227,1.39724,1.39765,1.73,1.35
2011.06.17 09:45:17.563,1.39727,1.39764,1.35,1.13
2011.06.17 09:45:17.895,1.39724,1.3976,1.50,1.35
2011.06.17 09:45:18.333,1.39724,1.39763,2.10,1.50
2011.06.17 09:45:19.103,1.39719,1.39756,1.73,4.50
2011.06.17 09:45:19.432,1.39729,1.39756,1.35,1.13
2011.06.17 09:45:19.981,1.39725,1.39763,1.35,1.50
2011.06.17 09:45:20.312,1.39715,1.39755,2.10,3.23
2011.06.17 09:45:20.781,1.39715,1.39755,2.10,2.48
2011.06.17 09:45:20.906,1.39717,1.39757,1.35,1.13
2011.06.17 09:45:21.133,1.39722,1.39757,1.35,1.13
2011.06.17 09:45:21.245,1.39722,1.39761,1.35,1.50
2011.06.17 09:45:21.352,1.39722,1.39763,1.35,1.50
2011.06.17 09:45:21.576,1.39732,1.39769,1.73,1.35
2011.06.17 09:45:21.914,1.39725,1.39761,1.35,1.35
2011.06.17 09:45:22.353,1.3973,1.39766,2.10,1.13
2011.06.17 09:45:22.682,1.39729,1.39764,1.35,1.35
2011.06.17 09:45:22.902,1.39729,1.39764,1.35,1.35
2011.06.17 09:45:23.121,1.39729,1.39765,1.35,1.35
2011.06.17 09:45:23.895,1.39727,1.39768,1.35,2.48
2011.06.17 09:45:24.794,1.39728,1.39764,1.35,1.35
2011.06.17 09:45:25.013,1.39724,1.39759,1.50,1.13
2011.06.17 09:45:25.231,1.3972,1.39757,1.35,1.88
2011.06.17 09:45:25.343,1.3972,1.39757,1.35,1.88
2011.06.17 09:45:25.671,1.39723,1.39754,2.10,1.35
2011.06.17 09:45:26.222,1.39726,1.39757,2.10,1.50
2011.06.17 09:45:26.772,1.39726,1.39758,2.10,1.35
2011.06.17 09:45:26.992,1.39732,1.39762,2.10,1.88
2011.06.17 09:45:27.214,1.39726,1.39762,2.10,3.98
2011.06.17 09:45:27.542,1.39734,1.39764,1.35,1.35
2011.06.17 09:45:28.143,1.39731,1.39761,1.35,2.10
2011.06.17 09:45:28.692,1.3973,1.39761,1.35,2.10
2011.06.17 09:45:29.685,1.39726,1.39753,1.50,1.35
2011.06.17 09:45:29.805,1.39725,1.39756,1.50,2.10
2011.06.17 09:45:29.926,1.39723,1.39753,1.35,1.35
2011.06.17 09:45:30.372,1.39719,1.39751,1.35,2.10
2011.06.17 09:45:30.484,1.39719,1.39754,1.35,1.35
2011.06.17 09:45:30.591,1.39719,1.39757,1.35,1.35
2011.06.17 09:45:30.701,1.3972,1.39757,1.35,1.35
2011.06.17 09:45:31.252,1.39715,1.39749,1.50,1.35
2011.06.17 09:45:31.832,1.39717,1.3975,2.85,1.35
2011.06.17 09:45:33.182,1.39717,1.39747,1.35,2.10
2011.06.17 09:45:33.514,1.39709,1.39738,1.50,2.10
2011.06.17 09:45:33.622,1.39708,1.39738,1.50,2.10
2011.06.17 09:45:34.171,1.39706,1.39738,1.35,2.10
2011.06.17 09:45:34.282,1.39712,1.39745,2.10,2.10
2011.06.17 09:45:34.393,1.39708,1.39741,2.10,2.10
2011.06.17 09:45:34.504,1.39713,1.39744,2.10,1.35
2011.06.17 09:45:34.614,1.3971,1.39742,1.35,2.10
2011.06.17 09:45:35.271,1.39711,1.39742,1.35,2.10
2011.06.17 09:45:35.602,1.39716,1.39745,1.35,1.35
2011.06.17 09:45:36.429,1.39707,1.39739,1.35,3.60
2011.06.17 09:45:36.543,1.3971,1.39739,2.10,1.50
2011.06.17 09:45:36.653,1.39709,1.39738,1.35,1.35
2011.06.17 09:45:36.872,1.39709,1.39738,1.35,1.35
2011.06.17 09:45:37.752,1.39714,1.39741,1.35,2.10
2011.06.17 09:45:38.083,1.39708,1.39736,2.10,2.10
2011.06.17 09:45:38.521,1.39708,1.39736,1.35,2.85
2011.06.17 09:45:38.962,1.39705,1.39739,1.35,1.35
2011.06.17 09:45:39.071,1.39705,1.39741,1.35,2.48
2011.06.17 09:45:39.181,1.39705,1.39741,1.35,2.48
2011.06.17 09:45:39.404,1.39714,1.39748,1.35,2.10
2011.06.17 09:45:39.634,1.39715,1.39748,1.35,1.35
2011.06.17 09:45:40.211,1.39718,1.39753,2.48,1.35
2011.06.17 09:45:40.327,1.39722,1.39757,1.35,1.35
2011.06.17 09:45:40.555,1.39722,1.39757,1.35,1.35
2011.06.17 09:45:40.773,1.39722,1.39757,1.35,2.10
2011.06.17 09:45:40.882,1.39722,1.39757,1.35,1.35
2011.06.17 09:45:40.995,1.39723,1.39754,1.35,2.85
2011.06.17 09:45:41.113,1.39724,1.39755,2.85,1.35
2011.06.17 09:45:41.221,1.39727,1.39754,1.35,1.35
2011.06.17 09:45:41.663,1.3973,1.39763,1.35,1.13
2011.06.17 09:45:42.543,1.39734,1.39764,1.35,1.88
2011.06.17 09:45:43.213,1.3973,1.39763,1.35,2.10
2011.06.17 09:45:43.652,1.39729,1.3976,1.35,2.48
2011.06.17 09:45:43.871,1.39734,1.39763,1.35,1.73
2011.06.17 09:45:44.641,1.39728,1.39763,1.50,1.73
2011.06.17 09:45:45.214,1.39728,1.39763,1.50,1.73
2011.06.17 09:45:45.761,1.39729,1.39763,1.35,1.13
2011.06.17 09:45:46.423,1.39729,1.39762,1.35,1.50
2011.06.17 09:45:46.751,1.39729,1.39763,1.35,1.88
2011.06.17 09:45:47.356,1.39725,1.39754,1.50,1.50
2011.06.17 09:45:47.476,1.39726,1.39759,1.35,2.25
2011.06.17 09:45:47.591,1.39726,1.3976,1.35,1.50
2011.06.17 09:45:48.143,1.39726,1.39762,1.35,2.48
2011.06.17 09:45:49.682,1.39726,1.39761,1.35,1.35
2011.06.17 09:45:50.014,1.39726,1.39758,1.35,1.50
2011.06.17 09:45:50.344,1.39729,1.39759,1.35,1.35
2011.06.17 09:45:50.452,1.39731,1.39762,1.35,1.13
2011.06.17 09:45:51.552,1.3973,1.39763,1.35,1.50
2011.06.17 09:45:52.561,1.39726,1.39759,1.35,1.35
2011.06.17 09:45:53.129,1.39726,1.39759,1.35,1.35
2011.06.17 09:45:53.901,1.39725,1.39758,2.10,1.50
2011.06.17 09:45:54.013,1.39725,1.39755,1.50,1.35
2011.06.17 09:45:54.346,1.39714,1.3975,1.88,2.85
2011.06.17 09:45:55.013,1.39713,1.3975,1.35,2.85
2011.06.17 09:45:55.232,1.39713,1.39749,1.35,1.50
2011.06.17 09:45:56.355,1.39713,1.39751,1.35,2.48
2011.06.17 09:45:56.582,1.39713,1.39747,1.35,1.50
2011.06.17 09:45:56.802,1.39717,1.3975,1.35,1.88
2011.06.17 09:45:57.021,1.39721,1.3975,1.35,1.13
2011.06.17 09:46:00.631,1.39717,1.39749,1.35,2.10
2011.06.17 09:46:01.071,1.39722,1.3975,1.35,1.35
2011.06.17 09:46:01.422,1.39718,1.39748,1.35,2.10
2011.06.17 09:46:01.883,1.39722,1.39752,1.35,2.85
2011.06.17 09:46:02.104,1.39724,1.39752,1.13,2.10
2011.06.17 09:46:02.491,1.39732,1.39758,1.35,1.35
2011.06.17 09:46:03.091,1.39737,1.39766,1.35,1.50
2011.06.17 09:46:03.216,1.3974,1.3977,1.35,2.10
2011.06.17 09:46:03.443,1.39742,1.39771,1.35,1.35
2011.06.17 09:46:03.884,1.39739,1.39767,1.35,2.10
2011.06.17 09:46:04.102,1.39741,1.39769,1.35,1.35
2011.06.17 09:46:05.534,1.39734,1.39769,1.35,1.35
2011.06.17 09:46:05.862,1.39734,1.39769,1.35,1.35
2011.06.17 09:46:06.508,1.3974,1.39773,1.35,1.50
2011.06.17 09:46:06.625,1.3974,1.39775,1.35,1.35
2011.06.17 09:46:07.293,1.39734,1.39769,1.35,1.35
2011.06.17 09:46:07.403,1.39734,1.39769,1.35,1.35
2011.06.17 09:46:07.844,1.39742,1.39774,3.23,1.50
2011.06.17 09:46:08.186,1.3977,1.39787,2.85,1.50
2011.06.17 09:46:08.305,1.39772,1.39795,1.35,1.50
2011.06.17 09:46:08.423,1.39771,1.39795,2.10,1.50
2011.06.17 09:46:08.533,1.39771,1.39801,1.35,1.50
2011.06.17 09:46:08.643,1.39774,1.39801,2.10,1.50
2011.06.17 09:46:09.327,1.39771,1.39802,1.35,1.50
2011.06.17 09:46:09.454,1.39768,1.39802,1.35,2.10
2011.06.17 09:46:09.917,1.39772,1.39801,1.35,1.50
2011.06.17 09:46:10.251,1.3977,1.39805,2.85,1.50
2011.06.17 09:46:10.472,1.39773,1.39805,1.35,1.50
2011.06.17 09:46:10.692,1.39774,1.39805,2.10,1.50
2011.06.17 09:46:10.805,1.39778,1.39805,1.35,1.50
2011.06.17 09:46:11.254,1.39773,1.39804,1.35,1.50
2011.06.17 09:46:11.584,1.39771,1.39808,1.35,1.35
2011.06.17 09:46:11.805,1.39773,1.39808,1.35,1.35
2011.06.17 09:46:12.386,1.39773,1.39804,1.35,1.50
2011.06.17 09:46:13.010,1.39777,1.39811,2.85,1.50
2011.06.17 09:46:13.121,1.39777,1.39811,2.85,1.50
2011.06.17 09:46:13.340,1.39774,1.39812,1.35,2.10
2011.06.17 09:46:13.922,1.39774,1.39807,1.35,1.50
2011.06.17 09:46:14.036,1.39777,1.39807,1.35,2.25
2011.06.17 09:46:14.371,1.39768,1.39806,1.73,1.50
2011.06.17 09:46:15.142,1.39767,1.39801,1.35,2.10
2011.06.17 09:46:15.637,1.39767,1.39799,1.35,1.50
2011.06.17 09:46:16.633,1.3977,1.39803,1.35,1.50
2011.06.17 09:46:17.182,1.3977,1.39804,1.35,1.50
2011.06.17 09:46:17.402,1.39766,1.39801,1.35,1.35
2011.06.17 09:46:17.952,1.39766,1.39799,2.85,1.50
2011.06.17 09:46:18.286,1.39767,1.39798,1.29,1.35
2011.06.17 09:46:18.512,1.39767,1.398,1.66,1.35
2011.06.17 09:46:19.061,1.39767,1.39799,1.66,1.35
2011.06.17 09:46:19.596,1.39768,1.39805,1.35,2.10
2011.06.17 09:46:20.263,1.39766,1.39799,1.29,1.35
2011.06.17 09:46:20.484,1.39775,1.39801,1.35,1.50
2011.06.17 09:46:20.821,1.39772,1.39806,1.35,1.50
2011.06.17 09:46:21.044,1.39774,1.39806,1.35,1.50
2011.06.17 09:46:21.262,1.39772,1.39807,1.29,2.10
2011.06.17 09:46:21.484,1.39772,1.39806,1.29,1.50
2011.06.17 09:46:22.913,1.3977,1.39806,1.73,1.50
2011.06.17 09:46:24.029,1.3978,1.39805,2.10,1.50
2011.06.17 09:46:24.365,1.39782,1.39811,2.10,1.88
2011.06.17 09:46:24.483,1.39777,1.39808,1.14,1.35
2011.06.17 09:46:24.592,1.39777,1.39808,1.14,1.35
2011.06.17 09:46:24.703,1.39773,1.39807,1.73,1.50
2011.06.17 09:46:24.813,1.39775,1.39807,1.35,1.50
2011.06.17 09:46:24.925,1.39772,1.39804,1.35,1.35
2011.06.17 09:46:25.034,1.39768,1.39796,1.29,1.35
2011.06.17 09:46:25.581,1.39769,1.398,1.35,1.50
2011.06.17 09:46:25.913,1.39771,1.39802,1.13,1.50
2011.06.17 09:46:26.022,1.39774,1.39802,1.35,1.50
2011.06.17 09:46:26.133,1.39775,1.39803,1.35,1.50
2011.06.17 09:46:26.574,1.39775,1.3981,1.35,1.35
2011.06.17 09:46:26.904,1.39771,1.39806,1.13,1.35
2011.06.17 09:46:27.511,1.39776,1.39807,1.35,1.50
2011.06.17 09:46:27.629,1.39776,1.39809,1.35,1.35
2011.06.17 09:46:28.292,1.39776,1.39813,1.35,2.10
2011.06.17 09:46:28.512,1.39776,1.39809,1.35,1.35
2011.06.17 09:46:28.843,1.39781,1.39815,1.73,1.50
2011.06.17 09:46:29.285,1.3978,1.39806,1.50,1.35
2011.06.17 09:46:29.513,1.39786,1.39813,1.35,1.50
2011.06.17 09:46:29.952,1.39786,1.39818,1.35,1.50
2011.06.17 09:46:30.062,1.39792,1.39818,1.35,1.50
2011.06.17 09:46:30.391,1.39793,1.39819,1.35,1.50
2011.06.17 09:46:30.502,1.39791,1.3982,1.35,1.50
2011.06.17 09:46:30.833,1.39788,1.3982,2.10,1.50
2011.06.17 09:46:31.054,1.39785,1.3982,1.35,1.50
2011.06.17 09:46:31.161,1.39786,1.3982,1.50,1.50
2011.06.17 09:46:31.725,1.39785,1.39821,1.35,2.10
2011.06.17 09:46:32.193,1.39785,1.39821,2.10,2.10
2011.06.17 09:46:33.401,1.39793,1.39827,1.35,1.50
2011.06.17 09:46:34.172,1.39792,1.39823,2.10,1.50
2011.06.17 09:46:34.284,1.39786,1.39817,1.13,1.50
2011.06.17 09:46:34.613,1.39782,1.39816,1.35,1.50
2011.06.17 09:46:34.944,1.39778,1.39812,1.35,1.50
2011.06.17 09:46:35.492,1.39777,1.39811,1.35,1.50
2011.06.17 09:46:36.076,1.39781,1.39811,2.10,1.50
2011.06.17 09:46:36.197,1.39786,1.39812,1.35,1.50
2011.06.17 09:46:36.751,1.39786,1.39817,1.35,1.50
2011.06.17 09:46:36.863,1.39782,1.39813,1.35,1.35
2011.06.17 09:46:37.304,1.39782,1.3981,1.35,1.35
2011.06.17 09:46:38.082,1.39781,1.3981,1.35,1.35
2011.06.17 09:46:38.742,1.39783,1.39815,2.10,2.10
2011.06.17 09:46:38.851,1.39783,1.39815,2.10,1.35
2011.06.17 09:46:39.180,1.39787,1.39817,2.10,1.13
2011.06.17 09:46:39.731,1.39787,1.39817,2.10,1.13
2011.06.17 09:46:39.841,1.39787,1.39818,2.10,1.35
2011.06.17 09:46:39.953,1.39787,1.39818,2.10,1.35
2011.06.17 09:46:40.724,1.39784,1.39814,2.10,1.35
2011.06.17 09:46:42.973,1.39781,1.3981,1.35,1.35
2011.06.17 09:46:43.084,1.39778,1.39809,2.10,1.50
2011.06.17 09:46:43.194,1.39774,1.39803,1.89,1.35
2011.06.17 09:46:43.302,1.39775,1.3981,1.35,1.35
2011.06.17 09:46:44.513,1.39768,1.39803,1.88,1.35
2011.06.17 09:46:44.845,1.3976,1.39786,2.10,1.13
2011.06.17 09:46:45.328,1.39759,1.39786,1.50,1.88
2011.06.17 09:46:45.438,1.39771,1.39798,1.35,1.50
2011.06.17 09:46:45.553,1.39778,1.39798,2.48,1.50
2011.06.17 09:46:45.662,1.39774,1.39798,2.10,1.50
2011.06.17 09:46:45.771,1.39779,1.39799,1.13,1.50
2011.06.17 09:46:45.881,1.39779,1.39804,1.13,1.50
2011.06.17 09:46:45.991,1.39779,1.39805,1.13,1.50
2011.06.17 09:46:46.983,1.39778,1.39811,1.35,1.50
2011.06.17 09:46:47.093,1.39773,1.39807,1.35,1.35
2011.06.17 09:46:47.642,1.3977,1.39805,1.13,1.35
2011.06.17 09:46:47.972,1.39764,1.398,1.50,1.35
2011.06.17 09:46:48.303,1.3976,1.39802,1.50,1.50
2011.06.17 09:46:48.803,1.39762,1.39798,1.35,1.35
2011.06.17 09:46:49.131,1.39789,1.39813,1.35,1.50
2011.06.17 09:46:49.462,1.39789,1.39813,1.35,1.50
2011.06.17 09:46:49.792,1.39792,1.39822,1.35,1.50
2011.06.17 09:46:50.563,1.39794,1.39825,2.48,1.50
2011.06.17 09:46:50.672,1.39797,1.39825,1.35,1.50
2011.06.17 09:46:50.783,1.39792,1.39823,1.35,1.50
2011.06.17 09:46:51.111,1.39785,1.39822,1.35,1.35
2011.06.17 09:46:51.444,1.39782,1.39818,1.73,1.50
2011.06.17 09:46:51.976,1.39779,1.39818,1.73,1.50
2011.06.17 09:46:52.312,1.39784,1.39818,2.10,1.50
2011.06.17 09:46:52.423,1.39784,1.39818,2.10,1.50
2011.06.17 09:46:52.641,1.39784,1.39822,2.10,1.13
2011.06.17 09:46:52.972,1.3979,1.39822,2.10,1.13
2011.06.17 09:46:53.081,1.3979,1.39822,2.10,1.13
2011.06.17 09:46:53.854,1.39792,1.39825,1.35,1.13
2011.06.17 09:46:54.074,1.3979,1.39825,2.85,1.13
2011.06.17 09:46:54.292,1.3979,1.39825,1.35,1.13
2011.06.17 09:46:54.840,1.39792,1.39831,1.35,1.50
2011.06.17 09:46:56.171,1.39792,1.39826,1.35,1.50
2011.06.17 09:46:56.635,1.39786,1.39826,1.13,1.50
2011.06.17 09:46:56.753,1.39784,1.39821,1.35,1.88
2011.06.17 09:46:57.191,1.39783,1.39811,1.35,1.50
2011.06.17 09:46:57.301,1.39776,1.39808,1.13,1.50
2011.06.17 09:46:57.972,1.39778,1.39811,1.35,1.50
2011.06.17 09:47:00.621,1.39779,1.39811,1.35,1.50
2011.06.17 09:47:01.281,1.3978,1.39814,1.35,1.50
2011.06.17 09:47:02.178,1.39778,1.39814,1.35,1.50
2011.06.17 09:47:02.733,1.39781,1.39812,1.35,1.50
2011.06.17 09:47:03.063,1.39781,1.39814,1.35,1.50
2011.06.17 09:47:03.173,1.39783,1.39814,1.35,1.50
2011.06.17 09:47:04.054,1.39786,1.39818,2.48,1.50
2011.06.17 09:47:04.383,1.39813,1.39821,1.50,1.50
2011.06.17 09:47:04.495,1.39813,1.39837,1.88,1.50
2011.06.17 09:47:04.933,1.39811,1.39843,2.85,1.50
2011.06.17 09:47:05.154,1.39806,1.39843,2.10,1.50
2011.06.17 09:47:05.620,1.39805,1.39838,1.14,1.50
2011.06.17 09:47:06.172,1.39805,1.39842,1.14,2.10
2011.06.17 09:47:06.503,1.39805,1.39842,1.14,1.35
2011.06.17 09:47:06.831,1.39802,1.39842,1.51,1.35
2011.06.17 09:47:07.381,1.39805,1.39844,2.10,1.50
2011.06.17 09:47:07.822,1.39809,1.39843,2.10,1.50
2011.06.17 09:47:08.152,1.39809,1.39846,2.10,1.13
2011.06.17 09:47:09.142,1.39804,1.39844,2.85,1.88
2011.06.17 09:47:10.233,1.39802,1.39838,1.14,2.25
2011.06.17 09:47:10.341,1.39801,1.39838,1.35,2.25
2011.06.17 09:47:11.081,1.39802,1.39836,1.35,1.50
2011.06.17 09:47:11.412,1.39801,1.39838,1.35,1.50
2011.06.17 09:47:11.521,1.39802,1.39838,2.10,1.50
2011.06.17 09:47:11.963,1.39806,1.39839,1.35,1.50
2011.06.17 09:47:12.182,1.39806,1.39843,1.14,2.10
2011.06.17 09:47:12.402,1.39808,1.39843,2.85,1.50
2011.06.17 09:47:12.624,1.39815,1.39843,2.10,1.50
2011.06.17 09:47:12.743,1.39815,1.39843,2.10,1.50
2011.06.17 09:47:12.962,1.39815,1.39852,2.85,1.50
2011.06.17 09:47:13.073,1.39812,1.39847,1.13,1.35
2011.06.17 09:47:13.182,1.39812,1.39847,1.13,1.35
2011.06.17 09:47:13.401,1.39807,1.39842,1.29,1.35
2011.06.17 09:47:13.512,1.39808,1.39845,2.10,1.13
2011.06.17 09:47:13.981,1.39811,1.39845,1.35,1.13
2011.06.17 09:47:14.095,1.39811,1.39845,1.89,1.13
2011.06.17 09:47:14.762,1.39813,1.3985,1.35,1.50
2011.06.17 09:47:15.093,1.39814,1.3985,1.35,1.50
2011.06.17 09:47:15.422,1.39813,1.39851,2.10,2.10
2011.06.17 09:47:16.081,1.39811,1.39849,1.51,1.50
2011.06.17 09:47:17.071,1.39811,1.39848,1.14,1.50
2011.06.17 09:47:17.620,1.39811,1.39848,1.89,1.50
2011.06.17 09:47:18.172,1.39811,1.39845,1.29,1.35
2011.06.17 09:47:18.283,1.3981,1.39845,1.29,1.35
2011.06.17 09:47:18.879,1.39796,1.39835,1.35,1.35
2011.06.17 09:47:18.993,1.39794,1.3983,1.35,1.35
2011.06.17 09:47:19.103,1.39797,1.39835,1.35,1.35
2011.06.17 09:47:19.543,1.39799,1.39837,1.14,1.13
2011.06.17 09:47:19.652,1.39797,1.39831,2.04,1.35
2011.06.17 09:47:19.763,1.39797,1.3983,1.29,1.35
2011.06.17 09:47:20.092,1.39792,1.3983,1.73,1.35
2011.06.17 09:47:20.641,1.39795,1.39828,1.35,1.50
2011.06.17 09:47:21.752,1.39796,1.3983,1.73,2.10
2011.06.17 09:47:22.081,1.398,1.39834,1.35,2.25
2011.06.17 09:47:22.741,1.39799,1.39834,1.35,1.50
2011.06.17 09:47:23.369,1.39806,1.39837,2.10,1.35
2011.06.17 09:47:23.488,1.39798,1.39827,1.35,1.35
2011.06.17 09:47:23.932,1.39799,1.39827,1.35,1.35
2011.06.17 09:47:24.593,1.39799,1.39827,1.35,1.35
2011.06.17 09:47:25.034,1.39797,1.39825,2.10,1.50
2011.06.17 09:47:25.144,1.39791,1.39819,1.50,2.10
2011.06.17 09:47:25.253,1.39791,1.3982,1.50,1.35
2011.06.17 09:47:25.362,1.39785,1.39818,1.50,1.35
2011.06.17 09:47:25.693,1.39803,1.39825,2.10,1.50
2011.06.17 09:47:25.802,1.39797,1.39828,1.73,2.25
2011.06.17 09:47:26.278,1.39799,1.39824,1.13,1.35
2011.06.17 09:47:26.397,1.39793,1.39824,1.50,1.35
2011.06.17 09:47:26.623,1.39789,1.39824,2.10,1.35
2011.06.17 09:47:27.611,1.39791,1.39824,1.50,1.35
2011.06.17 09:47:27.941,1.3979,1.39824,1.50,1.35
2011.06.17 09:47:28.713,1.39789,1.39824,1.35,1.35
2011.06.17 09:47:29.041,1.39788,1.39824,1.35,1.35
2011.06.17 09:47:29.631,1.39785,1.39824,1.14,1.35
2011.06.17 09:47:30.512,1.39787,1.39824,1.35,1.35
2011.06.17 09:47:30.622,1.39788,1.39826,2.10,1.50
2011.06.17 09:47:30.951,1.39788,1.39826,2.10,1.50
2011.06.17 09:47:31.519,1.39798,1.39826,1.58,1.50
2011.06.17 09:47:31.632,1.39798,1.39827,1.58,1.35
2011.06.17 09:47:32.183,1.39798,1.39827,1.58,1.35
2011.06.17 09:47:32.402,1.39798,1.39822,1.58,1.35
2011.06.17 09:47:32.621,1.39796,1.39822,1.58,1.35
2011.06.17 09:47:33.282,1.39796,1.39822,1.58,1.35
2011.06.17 09:47:34.103,1.39794,1.39822,3.15,1.35
2011.06.17 09:47:34.323,1.39794,1.39819,1.58,1.35
2011.06.17 09:47:34.435,1.39789,1.39818,1.58,1.50
2011.06.17 09:47:34.663,1.39785,1.39813,1.58,1.35
2011.06.17 09:47:34.883,1.39783,1.39817,1.35,1.50
2011.06.17 09:47:35.103,1.39783,1.3981,1.58,1.35
2011.06.17 09:47:36.906,1.39791,1.3981,1.58,1.35
2011.06.17 09:47:37.245,1.39787,1.39815,2.18,1.50
2011.06.17 09:47:37.476,1.3978,1.3981,2.10,1.35
2011.06.17 09:47:37.813,1.39776,1.39802,1.35,1.35
2011.06.17 09:47:37.924,1.39775,1.39802,2.18,1.35
2011.06.17 09:47:38.255,1.39779,1.39809,2.18,1.35
2011.06.17 09:47:38.693,1.3978,1.39812,2.18,3.23
2011.06.17 09:47:39.022,1.3978,1.39808,2.18,1.35
2011.06.17 09:47:40.584,1.39779,1.39794,1.58,2.10
2011.06.17 09:47:40.695,1.39779,1.39798,1.58,2.85
2011.06.17 09:47:41.139,1.39774,1.39798,2.33,2.85
2011.06.17 09:47:41.264,1.39783,1.39807,2.18,1.35
2011.06.17 09:47:41.374,1.39777,1.39803,1.58,1.35
2011.06.17 09:47:41.923,1.39777,1.39811,2.18,2.25
2011.06.17 09:47:42.472,1.39775,1.39812,1.73,2.10
2011.06.17 09:47:43.902,1.39774,1.39811,1.35,1.50
2011.06.17 09:47:44.012,1.39776,1.39809,1.35,1.50
2011.06.17 09:47:44.562,1.39773,1.39806,2.85,1.50
2011.06.17 09:47:46.042,1.3978,1.39806,2.10,1.50
2011.06.17 09:47:46.375,1.39787,1.39807,2.10,1.50
2011.06.17 09:47:46.932,1.39787,1.39807,2.10,1.50
2011.06.17 09:47:47.481,1.39787,1.39807,2.10,1.50
2011.06.17 09:47:47.811,1.39786,1.39807,2.10,1.50
2011.06.17 09:47:48.633,1.39792,1.39807,2.10,1.50
2011.06.17 09:47:48.744,1.3979,1.39807,2.10,1.50
2011.06.17 09:47:49.727,1.3979,1.39807,2.10,1.50
2011.06.17 09:47:50.272,1.3979,1.39807,2.10,1.50
2011.06.17 09:47:50.383,1.39787,1.39807,2.10,1.50
2011.06.17 09:47:50.602,1.39788,1.39807,2.10,1.50
2011.06.17 09:47:51.286,1.39795,1.39808,2.10,1.50
2011.06.17 09:47:51.407,1.39798,1.39807,2.18,1.50
2011.06.17 09:47:51.964,1.39797,1.39826,2.10,2.10
2011.06.17 09:47:52.514,1.39795,1.3982,2.18,1.35
2011.06.17 09:47:52.622,1.39795,1.3982,2.18,1.35
2011.06.17 09:47:52.957,1.39802,1.39827,2.18,1.35
2011.06.17 09:47:53.075,1.39792,1.39825,2.10,1.35
2011.06.17 09:47:53.541,1.39788,1.39824,2.18,2.10
2011.06.17 09:47:53.660,1.39797,1.39827,1.58,1.50
2011.06.17 09:47:53.775,1.39797,1.39829,2.18,1.13
2011.06.17 09:47:54.103,1.39797,1.39829,2.18,1.13
2011.06.17 09:47:54.213,1.39797,1.39829,2.18,1.13
2011.06.17 09:47:54.983,1.39796,1.39833,1.35,1.35
2011.06.17 09:47:55.532,1.39796,1.39835,2.18,1.50
2011.06.17 09:47:56.085,1.398,1.39828,1.58,2.25
2011.06.17 09:47:56.422,1.39794,1.39828,1.58,1.50
2011.06.17 09:47:58.423,1.39804,1.3983,1.58,2.63
2011.06.17 09:47:58.752,1.39804,1.39834,1.58,1.50
2011.06.17 09:47:58.862,1.39804,1.39834,1.58,1.50
2011.06.17 09:47:59.194,1.39799,1.39832,2.18,1.50
2011.06.17 09:47:59.414,1.39799,1.39833,2.18,3.00
2011.06.17 09:48:02.831,1.39799,1.39816,2.18,1.50
2011.06.17 09:48:03.381,1.39799,1.39816,2.18,1.50
2011.06.17 09:48:04.666,1.39792,1.39816,2.18,1.50
2011.06.17 09:48:04.783,1.39788,1.39816,2.85,1.50
2011.06.17 09:48:05.003,1.39782,1.39816,1.14,1.50
2011.06.17 09:48:05.332,1.39782,1.39816,1.14,1.50
2011.06.17 09:48:05.881,1.3978,1.39816,2.10,1.50
2011.06.17 09:48:08.332,1.39785,1.39817,2.10,1.50
2011.06.17 09:48:08.443,1.39785,1.39816,2.10,1.50
2011.06.17 09:48:09.431,1.3979,1.39817,2.64,1.50
2011.06.17 09:48:09.763,1.39789,1.39817,1.89,1.50
2011.06.17 09:48:10.264,1.39788,1.39817,1.14,1.50
2011.06.17 09:48:12.915,1.39788,1.39816,1.29,1.50
2011.06.17 09:48:13.254,1.39784,1.39817,1.35,1.50
2011.06.17 09:48:13.583,1.3978,1.39817,1.89,2.10
2011.06.17 09:48:13.803,1.39779,1.39817,1.35,1.50
2011.06.17 09:48:14.243,1.39777,1.39817,2.48,1.50
2011.06.17 09:48:14.353,1.39779,1.39816,3.01,1.50
2011.06.17 09:48:14.572,1.39774,1.39813,1.14,1.50
2011.06.17 09:48:15.115,1.39775,1.39814,2.04,1.13
2011.06.17 09:48:15.573,1.39776,1.39814,1.29,1.13
2011.06.17 09:48:15.684,1.39775,1.39809,1.29,1.13
2011.06.17 09:48:16.016,1.39776,1.39806,2.10,1.50
2011.06.17 09:48:16.352,1.39782,1.39817,1.73,2.25
2011.06.17 09:48:16.462,1.39784,1.39817,1.51,2.25
2011.06.17 09:48:18.132,1.39784,1.39817,1.14,1.50
2011.06.17 09:48:18.462,1.39784,1.39817,1.14,1.50
2011.06.17 09:48:18.903,1.39784,1.39817,1.51,1.50
2011.06.17 09:48:19.485,1.39788,1.39817,1.51,1.50
2011.06.17 09:48:20.552,1.39788,1.39817,1.14,1.50
2011.06.17 09:48:21.542,1.39793,1.39817,2.64,1.50
2011.06.17 09:48:22.644,1.39793,1.39817,2.85,1.50
2011.06.17 09:48:23.581,1.39794,1.39817,1.89,1.50
2011.06.17 09:48:23.805,1.39801,1.39817,2.10,1.50
2011.06.17 09:48:24.146,1.39798,1.39817,1.14,1.50
2011.06.17 09:48:24.375,1.39794,1.39816,1.14,1.50
2011.06.17 09:48:24.592,1.39792,1.39816,1.73,1.50
2011.06.17 09:48:27.005,1.39787,1.39816,1.51,1.50
2011.06.17 09:48:28.901,1.39784,1.39816,1.51,1.50
2011.06.17 09:48:29.562,1.39785,1.39816,1.51,1.50
2011.06.17 09:48:32.543,1.39782,1.39814,2.10,1.13
2011.06.17 09:48:32.653,1.39777,1.39813,1.35,2.85
2011.06.17 09:48:32.763,1.39775,1.39809,1.35,1.50
2011.06.17 09:48:32.873,1.39775,1.39812,1.35,1.50
2011.06.17 09:48:33.203,1.3978,1.39814,1.35,1.88
2011.06.17 09:48:33.314,1.39788,1.39816,1.35,1.50
2011.06.17 09:48:33.913,1.39794,1.39817,2.10,1.50
2011.06.17 09:48:34.025,1.3979,1.39817,1.35,1.50
2011.06.17 09:48:34.473,1.39789,1.39816,1.35,1.50
2011.06.17 09:48:35.791,1.39788,1.39817,2.10,1.50
2011.06.17 09:48:36.012,1.39786,1.39817,2.10,1.50
2011.06.17 09:48:36.121,1.39784,1.39817,1.73,1.50
2011.06.17 09:48:36.231,1.39784,1.39814,2.85,1.35
2011.06.17 09:48:36.782,1.39777,1.39807,2.10,1.35
2011.06.17 09:48:37.661,1.39777,1.39807,2.10,1.35
2011.06.17 09:48:39.162,1.39781,1.39812,2.10,1.35
2011.06.17 09:48:40.041,1.39774,1.39812,1.14,1.13
2011.06.17 09:48:41.061,1.39773,1.39812,3.60,1.13
2011.06.17 09:48:41.722,1.39773,1.39804,1.35,1.50
2011.06.17 09:48:41.832,1.39775,1.39808,2.10,1.50
2011.06.17 09:48:41.942,1.39775,1.39809,2.10,1.50
2011.06.17 09:48:42.051,1.39775,1.39809,2.10,1.50
2011.06.17 09:48:42.492,1.39775,1.39803,2.10,1.50
2011.06.17 09:48:42.711,1.3977,1.39797,2.10,1.50
2011.06.17 09:48:43.042,1.39768,1.39796,1.14,1.50
2011.06.17 09:48:43.592,1.39764,1.39796,1.51,1.50
2011.06.17 09:48:44.505,1.39771,1.39797,2.10,1.50
2011.06.17 09:48:50.582,1.39768,1.39797,1.14,1.50
2011.06.17 09:48:50.691,1.39768,1.39797,1.14,1.50
2011.06.17 09:48:51.023,1.39772,1.39797,2.10,1.43
2011.06.17 09:48:51.243,1.39772,1.39797,2.85,1.43
2011.06.17 09:48:51.956,1.39776,1.39797,2.10,1.43
2011.06.17 09:48:52.185,1.3978,1.39798,1.35,1.43
2011.06.17 09:48:52.304,1.3978,1.39798,2.85,1.43
2011.06.17 09:48:52.744,1.39784,1.39799,2.10,1.05
2011.06.17 09:48:53.185,1.39775,1.39799,1.35,1.05
2011.06.17 09:48:53.413,1.39779,1.39797,2.10,1.05
2011.06.17 09:48:53.741,1.39786,1.39797,2.10,1.05
2011.06.17 09:48:54.072,1.39788,1.39798,2.10,1.05
2011.06.17 09:48:54.405,1.39782,1.39798,2.48,1.05
2011.06.17 09:48:54.524,1.39772,1.39796,1.35,1.05
2011.06.17 09:48:54.746,1.39772,1.39796,1.35,1.05
2011.06.17 09:48:55.083,1.39771,1.39796,2.10,1.05
2011.06.17 09:48:55.412,1.39767,1.39796,1.51,1.05
2011.06.17 09:48:56.412,1.39764,1.39797,2.48,1.05
2011.06.17 09:48:56.741,1.39761,1.39797,3.01,1.05
2011.06.17 09:48:56.965,1.39762,1.39797,1.73,1.05
2011.06.17 09:48:57.073,1.39763,1.39797,3.23,1.05
2011.06.17 09:48:57.403,1.39763,1.39797,2.48,1.05
2011.06.17 09:48:57.734,1.39768,1.39797,2.10,1.05
2011.06.17 09:48:58.063,1.39773,1.39797,2.10,1.05
2011.06.17 09:48:58.393,1.39771,1.39797,1.14,1.05
2011.06.17 09:48:58.832,1.39766,1.39797,2.10,1.05
2011.06.17 09:48:59.051,1.39765,1.39797,1.14,1.05
2011.06.17 09:48:59.829,1.39761,1.39796,3.01,1.05
2011.06.17 09:48:59.950,1.39761,1.39797,3.01,1.05
2011.06.17 09:49:00.064,1.39771,1.39796,2.10,1.05
2011.06.17 09:49:00.394,1.39771,1.39796,2.10,1.05
2011.06.17 09:49:00.612,1.39771,1.39796,2.10,1.05
2011.06.17 09:49:00.724,1.39776,1.39796,2.10,1.05
2011.06.17 09:49:00.833,1.39772,1.39796,1.35,1.05
2011.06.17 09:49:00.943,1.3978,1.39796,2.10,1.05
2011.06.17 09:49:01.053,1.39776,1.39796,1.14,1.05
2011.06.17 09:49:02.043,1.39782,1.39796,2.10,1.05
2011.06.17 09:49:03.581,1.39782,1.39796,2.10,1.05
2011.06.17 09:49:03.801,1.39779,1.39796,2.10,1.05
2011.06.17 09:49:04.022,1.39782,1.39796,2.10,1.05
2011.06.17 09:49:04.737,1.39775,1.39796,2.10,1.05
2011.06.17 09:49:05.292,1.39775,1.39796,2.10,1.05
2011.06.17 09:49:05.841,1.39775,1.39796,2.10,1.05
2011.06.17 09:49:06.392,1.39775,1.39796,2.10,1.05
2011.06.17 09:49:06.501,1.39771,1.39796,1.35,1.05
2011.06.17 09:49:07.273,1.39775,1.39796,2.10,1.05
2011.06.17 09:49:07.492,1.3977,1.39796,2.10,1.05
2011.06.17 09:49:07.713,1.39775,1.39796,2.10,1.05
2011.06.17 09:49:08.041,1.39772,1.39796,2.10,1.05
2011.06.17 09:49:08.152,1.39772,1.39797,2.10,1.05
2011.06.17 09:49:09.361,1.39772,1.39796,2.64,1.05
2011.06.17 09:49:10.683,1.39776,1.39797,2.10,1.05
2011.06.17 09:49:12.231,1.39782,1.39796,2.10,1.05
2011.06.17 09:49:12.343,1.3978,1.39796,1.29,1.05
2011.06.17 09:49:12.452,1.39778,1.39797,1.14,1.05
2011.06.17 09:49:13.002,1.39773,1.39797,1.14,1.05
2011.06.17 09:49:13.223,1.3977,1.39797,1.14,1.05
2011.06.17 09:49:13.662,1.39769,1.39797,2.10,1.05
2011.06.17 09:49:15.026,1.39765,1.39797,1.29,1.05
2011.06.17 09:49:15.253,1.39762,1.39796,1.29,1.05
2011.06.17 09:49:15.472,1.39764,1.39796,1.29,1.05
2011.06.17 09:49:15.691,1.39766,1.39796,1.29,1.05
2011.06.17 09:49:17.442,1.39767,1.39796,1.29,1.05
2011.06.17 09:49:17.773,1.39772,1.39796,1.89,1.05
2011.06.17 09:49:18.323,1.39775,1.39796,1.29,1.05
2011.06.17 09:49:18.431,1.39777,1.39796,2.10,1.05
2011.06.17 09:49:19.091,1.39782,1.39796,2.10,1.05
2011.06.17 09:49:19.534,1.39777,1.39796,2.10,1.05
2011.06.17 09:49:20.081,1.39779,1.39797,2.10,1.05
2011.06.17 09:49:20.790,1.39777,1.39796,1.35,1.05
2011.06.17 09:49:21.462,1.39778,1.39807,2.10,1.67
2011.06.17 09:49:22.452,1.39776,1.39803,2.64,1.56
2011.06.17 09:49:22.783,1.39776,1.39807,1.14,1.20
2011.06.17 09:49:25.092,1.39772,1.39806,1.14,1.68
2011.06.17 09:49:25.314,1.39773,1.39806,1.14,1.08
2011.06.17 09:49:26.914,1.39775,1.3981,1.89,2.25
2011.06.17 09:49:27.021,1.39775,1.3981,1.89,2.25
2011.06.17 09:49:28.952,1.39775,1.3981,1.89,1.50
2011.06.17 09:49:29.611,1.39775,1.39797,1.35,1.50
2011.06.17 09:49:31.201,1.39771,1.39797,1.89,1.50
2011.06.17 09:49:31.752,1.39771,1.39796,1.89,1.50
2011.06.17 09:49:32.191,1.39774,1.39796,1.14,1.50
2011.06.17 09:49:32.762,1.39774,1.39796,1.14,1.50
2011.06.17 09:49:33.352,1.39774,1.39796,1.14,1.50
2011.06.17 09:49:34.233,1.39776,1.39796,1.14,1.50
2011.06.17 09:49:34.894,1.39776,1.39796,1.14,1.50
2011.06.17 09:49:35.873,1.39776,1.39796,1.14,1.50
2011.06.17 09:49:36.422,1.39779,1.39796,1.14,1.50
2011.06.17 09:49:36.972,1.39779,1.39796,1.14,1.50
2011.06.17 09:49:38.041,1.39779,1.39796,1.14,1.50
2011.06.17 09:49:38.481,1.39779,1.39802,1.14,1.50
2011.06.17 09:49:39.032,1.39779,1.39796,1.14,1.50
2011.06.17 09:49:39.583,1.39769,1.39797,1.51,1.50
2011.06.17 09:49:39.694,1.3977,1.39797,1.14,1.50
2011.06.17 09:49:40.215,1.39774,1.39797,1.14,1.50
2011.06.17 09:49:40.553,1.39779,1.39797,1.14,1.50
2011.06.17 09:49:41.291,1.39774,1.39797,1.89,1.50
2011.06.17 09:49:42.531,1.39774,1.39797,1.89,1.50
2011.06.17 09:49:42.753,1.39772,1.39797,1.13,1.50
2011.06.17 09:49:42.862,1.39768,1.39797,1.13,1.50
2011.06.17 09:49:43.411,1.39766,1.39797,1.29,1.50
2011.06.17 09:49:43.741,1.39765,1.39797,1.29,1.50
2011.06.17 09:49:44.512,1.39763,1.39792,1.66,1.50
2011.06.17 09:49:44.625,1.3976,1.39792,1.66,1.50
2011.06.17 09:49:44.842,1.39758,1.39793,1.14,1.50
2011.06.17 09:49:45.283,1.3976,1.39793,2.10,1.50
2011.06.17 09:49:45.817,1.39766,1.39792,1.14,1.35
2011.06.17 09:49:45.932,1.39764,1.39792,1.14,1.35
2011.06.17 09:49:47.853,1.39772,1.39796,2.10,1.50
2011.06.17 09:49:47.963,1.39767,1.39797,1.14,1.50
2011.06.17 09:49:48.293,1.3977,1.39797,1.14,1.50
2011.06.17 09:49:48.951,1.3977,1.39797,1.14,1.50
2011.06.17 09:49:49.500,1.39764,1.39797,2.26,1.50
2011.06.17 09:49:49.941,1.39765,1.39797,1.29,1.50
2011.06.17 09:49:50.163,1.39774,1.39796,1.14,1.50
2011.06.17 09:49:50.272,1.3978,1.39796,2.10,1.50
2011.06.17 09:49:50.711,1.39773,1.39796,1.50,1.50
2011.06.17 09:49:50.823,1.39769,1.39796,1.66,1.50
2011.06.17 09:49:51.388,1.39776,1.39797,2.10,1.50
2011.06.17 09:49:52.442,1.39776,1.39797,2.10,1.50
2011.06.17 09:49:52.662,1.39776,1.39797,2.10,1.50
2011.06.17 09:49:54.494,1.39773,1.39797,2.10,1.50
2011.06.17 09:49:54.714,1.39773,1.39797,2.10,1.50
2011.06.17 09:49:55.044,1.39768,1.39797,1.66,1.50
2011.06.17 09:49:55.265,1.39775,1.39797,2.10,1.50
2011.06.17 09:49:56.592,1.39775,1.39797,2.10,1.50
2011.06.17 09:49:57.244,1.39775,1.39797,2.10,1.50
2011.06.17 09:49:57.365,1.39771,1.39796,1.14,1.50
2011.06.17 09:49:57.485,1.39771,1.39796,1.14,1.50
2011.06.17 09:49:57.604,1.39765,1.39796,1.29,1.50
2011.06.17 09:49:58.152,1.39765,1.39796,1.29,1.50
2011.06.17 09:49:59.015,1.39761,1.39796,1.51,1.50
2011.06.17 09:49:59.124,1.39758,1.39792,1.51,1.35
2011.06.17 09:49:59.563,1.39756,1.39791,1.14,1.13
2011.06.17 09:49:59.782,1.39754,1.39785,1.14,1.50
2011.06.17 09:50:00.331,1.39753,1.39788,1.14,1.13
2011.06.17 09:50:00.661,1.39752,1.39788,2.10,1.88
2011.06.17 09:50:02.083,1.39749,1.39784,1.51,1.50
2011.06.17 09:50:02.521,1.39749,1.39783,1.88,1.50
2011.06.17 09:50:02.746,1.3975,1.39783,1.50,1.50
2011.06.17 09:50:03.302,1.39749,1.39783,1.29,2.25
2011.06.17 09:50:03.413,1.39747,1.39781,1.50,1.50
2011.06.17 09:50:03.522,1.39748,1.39777,1.50,1.50
2011.06.17 09:50:03.632,1.39747,1.39777,1.50,1.50
2011.06.17 09:50:03.963,1.39748,1.39776,1.29,1.50
2011.06.17 09:50:04.291,1.39748,1.39776,2.79,1.50
2011.06.17 09:50:05.962,1.3975,1.39777,1.29,1.50
2011.06.17 09:50:07.323,1.39751,1.39777,1.35,1.50
2011.06.17 09:50:07.651,1.39753,1.39777,1.89,1.50
2011.06.17 09:50:07.874,1.3975,1.39776,1.29,1.50
2011.06.17 09:50:08.421,1.39748,1.39776,1.29,1.50
2011.06.17 09:50:10.581,1.39747,1.39776,1.89,1.50
2011.06.17 09:50:10.802,1.39747,1.39776,1.89,1.50
2011.06.17 09:50:11.381,1.39747,1.39776,1.14,1.50
2011.06.17 09:50:17.151,1.39747,1.39776,1.89,1.50
2011.06.17 09:50:17.373,1.39749,1.39777,1.29,1.50
2011.06.17 09:50:17.482,1.39748,1.39777,1.14,1.50
2011.06.17 09:50:18.055,1.39747,1.39777,1.14,1.50
2011.06.17 09:50:18.505,1.39741,1.39772,2.10,1.50
2011.06.17 09:50:18.724,1.39735,1.39767,2.10,1.50
2011.06.17 09:50:18.831,1.39735,1.39767,2.10,1.50
2011.06.17 09:50:19.161,1.39735,1.39767,1.35,1.50
2011.06.17 09:50:19.714,1.39735,1.39767,1.35,1.50
2011.06.17 09:50:20.484,1.39735,1.39769,1.35,1.35
2011.06.17 09:50:20.701,1.39734,1.39768,1.14,1.50
2011.06.17 09:50:21.695,1.39733,1.39765,1.35,1.50
2011.06.17 09:50:23.016,1.39741,1.39762,2.10,1.50
2011.06.17 09:50:23.243,1.39744,1.39763,1.14,1.88
2011.06.17 09:50:23.627,1.39744,1.39763,1.14,1.50
2011.06.17 09:50:23.750,1.39746,1.39777,1.51,1.50
2011.06.17 09:50:23.864,1.39746,1.39777,1.51,1.50
2011.06.17 09:50:24.523,1.39744,1.39777,2.85,1.50
2011.06.17 09:50:24.742,1.39743,1.39773,1.29,1.50
2011.06.17 09:50:24.964,1.39739,1.39769,1.13,1.35
2011.06.17 09:50:25.402,1.39734,1.39769,1.29,1.35
2011.06.17 09:50:26.192,1.39733,1.39769,1.14,1.35
2011.06.17 09:50:26.302,1.39734,1.39769,1.29,1.35
2011.06.17 09:50:26.633,1.39752,1.3977,1.13,1.35
2011.06.17 09:50:26.745,1.3976,1.39772,1.35,1.50
2011.06.17 09:50:26.976,1.39753,1.39776,1.51,1.50
2011.06.17 09:50:27.548,1.39756,1.39778,1.13,1.50
2011.06.17 09:50:27.665,1.3975,1.39777,1.35,1.50
2011.06.17 09:50:27.881,1.39749,1.39777,1.14,1.50
2011.06.17 09:50:28.762,1.39747,1.39777,1.66,1.50
2011.06.17 09:50:29.202,1.39751,1.39777,1.29,1.50
2011.06.17 09:50:29.973,1.39746,1.39777,1.89,1.50
2011.06.17 09:50:30.081,1.39746,1.39777,1.89,1.50
2011.06.17 09:50:30.193,1.39743,1.39777,1.29,1.50
2011.06.17 09:50:30.413,1.3974,1.39775,1.29,1.50
2011.06.17 09:50:30.632,1.39739,1.39775,1.29,1.50
2011.06.17 09:50:30.852,1.39741,1.39775,1.29,1.50
2011.06.17 09:50:31.402,1.39741,1.39775,1.14,1.50
2011.06.17 09:50:32.071,1.39748,1.39775,1.13,1.50
2011.06.17 09:50:32.404,1.39753,1.39776,1.89,1.50
2011.06.17 09:50:32.733,1.39751,1.39776,1.51,1.50
2011.06.17 09:50:33.062,1.39747,1.39776,1.29,1.50
2011.06.17 09:50:33.285,1.39742,1.39776,2.04,1.50
2011.06.17 09:50:33.392,1.39741,1.39773,1.88,1.50
2011.06.17 09:50:33.506,1.39741,1.39773,1.13,1.50
2011.06.17 09:50:33.625,1.39738,1.39772,1.29,1.13
2011.06.17 09:50:33.734,1.39738,1.39772,1.29,1.13
2011.06.17 09:50:34.281,1.39739,1.39772,1.29,1.13
2011.06.17 09:50:34.611,1.39741,1.39772,1.29,1.13
2011.06.17 09:50:35.073,1.39761,1.39777,1.29,1.50
2011.06.17 09:50:35.183,1.39757,1.39776,1.13,1.50
2011.06.17 09:50:35.732,1.39753,1.39776,1.66,1.50
2011.06.17 09:50:36.501,1.39753,1.39776,1.29,1.50
2011.06.17 09:50:36.833,1.39752,1.39769,1.29,1.50
2011.06.17 09:50:36.944,1.3974,1.39769,1.29,1.50
2011.06.17 09:50:37.162,1.39738,1.39772,1.29,1.35
2011.06.17 09:50:37.492,1.39737,1.39766,1.35,1.50
2011.06.17 09:50:37.712,1.3974,1.39773,1.35,1.50
2011.06.17 09:50:38.365,1.39743,1.39775,1.29,1.35
2011.06.17 09:50:38.693,1.39745,1.39777,1.14,1.50
2011.06.17 09:50:39.023,1.39741,1.39776,2.26,1.50
2011.06.17 09:50:39.245,1.39744,1.39776,1.66,1.50
2011.06.17 09:50:39.573,1.39742,1.39777,1.29,2.25
2011.06.17 09:50:40.782,1.39745,1.39776,1.29,1.50
2011.06.17 09:50:41.223,1.39744,1.39776,1.29,1.50
2011.06.17 09:50:41.775,1.39745,1.39777,1.13,2.25
2011.06.17 09:50:41.884,1.39749,1.39777,1.29,1.50
2011.06.17 09:50:42.463,1.39749,1.39777,1.29,1.50
2011.06.17 09:50:42.803,1.39742,1.39776,1.29,1.88
2011.06.17 09:50:42.914,1.39742,1.39776,1.29,1.88
2011.06.17 09:50:43.024,1.39742,1.39776,1.29,1.88
2011.06.17 09:50:43.573,1.39741,1.39773,1.29,1.35
2011.06.17 09:50:44.453,1.39741,1.39772,1.29,1.50
2011.06.17 09:50:44.566,1.39744,1.39775,1.29,1.50
2011.06.17 09:50:44.902,1.39742,1.39775,1.29,1.50
2011.06.17 09:50:45.126,1.39738,1.39775,3.54,1.50
2011.06.17 09:50:45.243,1.39738,1.39775,2.04,1.50
2011.06.17 09:50:45.354,1.39738,1.39775,2.04,1.50
2011.06.17 09:50:45.912,1.39739,1.39775,2.04,1.50
2011.06.17 09:50:46.463,1.3974,1.39775,1.29,1.50
2011.06.17 09:50:47.013,1.39735,1.39772,1.50,1.50
2011.06.17 09:50:47.562,1.39732,1.39767,1.66,1.50
2011.06.17 09:50:47.893,1.39738,1.3977,1.35,2.25
2011.06.17 09:50:48.222,1.39739,1.39772,1.29,1.50
2011.06.17 09:50:48.332,1.39739,1.39772,1.29,1.50
2011.06.17 09:50:48.663,1.39742,1.39776,1.89,1.50
2011.06.17 09:50:48.772,1.39742,1.39772,1.29,1.35
2011.06.17 09:50:48.882,1.39741,1.39772,1.29,1.35
2011.06.17 09:50:49.904,1.39741,1.39772,1.29,1.35
2011.06.17 09:50:50.231,1.3974,1.39772,1.29,2.10
2011.06.17 09:50:50.452,1.3974,1.39772,1.29,2.10
2011.06.17 09:50:51.551,1.3974,1.39772,1.29,2.10
2011.06.17 09:50:51.772,1.39739,1.39772,1.29,2.10
2011.06.17 09:50:53.422,1.3974,1.39772,1.29,2.10
2011.06.17 09:50:55.774,1.3974,1.39777,2.41,1.35
2011.06.17 09:50:56.104,1.39739,1.39774,1.29,1.50
2011.06.17 09:50:56.654,1.39739,1.39774,1.35,1.50
2011.06.17 09:50:57.314,1.39744,1.39776,1.29,1.50
2011.06.17 09:50:57.862,1.39745,1.39779,1.29,1.35
2011.06.17 09:50:58.303,1.39745,1.3978,1.89,1.50
2011.06.17 09:50:58.632,1.39745,1.39778,1.29,1.35
2011.06.17 09:50:58.962,1.39744,1.39775,2.10,1.50
2011.06.17 09:50:59.563,1.39746,1.39778,1.29,2.10
2011.06.17 09:50:59.893,1.39748,1.39778,1.35,1.50
2011.06.17 09:51:00.223,1.39746,1.39778,1.14,1.50
2011.06.17 09:51:00.881,1.3975,1.3978,1.14,1.50
2011.06.17 09:51:01.652,1.39745,1.39778,1.29,1.35
2011.06.17 09:51:01.872,1.39745,1.3978,1.14,1.50
2011.06.17 09:51:01.985,1.39744,1.39778,2.04,1.35
2011.06.17 09:51:02.530,1.39745,1.39778,1.29,1.35
2011.06.17 09:51:03.413,1.39747,1.39783,1.29,2.85
2011.06.17 09:51:03.742,1.39747,1.39783,2.41,2.10
2011.06.17 09:51:04.291,1.3975,1.39783,1.14,1.50
2011.06.17 09:51:04.731,1.3975,1.39783,1.14,1.50
2011.06.17 09:51:05.324,1.3975,1.39783,1.14,1.50
2011.06.17 09:51:06.312,1.39748,1.3978,1.14,1.50
2011.06.17 09:51:06.754,1.39747,1.39779,1.29,1.35
2011.06.17 09:51:06.862,1.39746,1.39779,1.29,1.35
2011.06.17 09:51:08.343,1.39745,1.39777,1.29,1.50
2011.06.17 09:51:08.452,1.39745,1.39777,1.29,1.50
2011.06.17 09:51:09.332,1.39745,1.39777,1.29,1.50
2011.06.17 09:51:09.552,1.39748,1.39777,1.35,1.50
2011.06.17 09:51:10.631,1.39751,1.39785,1.14,1.50
2011.06.17 09:51:11.381,1.39751,1.39785,1.14,1.50
2011.06.17 09:51:14.392,1.39754,1.39777,1.35,1.50
2011.06.17 09:51:16.922,1.39752,1.39776,1.14,1.50
2011.06.17 09:51:18.122,1.39755,1.39776,2.10,1.50
2011.06.17 09:51:18.234,1.39754,1.39776,1.29,1.50
2011.06.17 09:51:18.453,1.39753,1.39777,1.89,1.50
2011.06.17 09:51:18.782,1.39755,1.39776,1.14,1.50
2011.06.17 09:51:19.334,1.39749,1.39776,1.89,1.50
2011.06.17 09:51:20.212,1.39751,1.39776,1.29,1.50
2011.06.17 09:51:20.432,1.3975,1.39776,1.29,1.50
2011.06.17 09:51:20.543,1.39749,1.39777,1.89,1.50
2011.06.17 09:51:20.872,1.39744,1.39777,3.01,1.50
2011.06.17 09:51:21.091,1.39744,1.39777,1.51,1.50
2011.06.17 09:51:21.641,1.39745,1.39777,1.89,1.50
2011.06.17 09:51:21.751,1.39748,1.39777,1.29,1.50
2011.06.17 09:51:22.591,1.39748,1.39777,1.29,1.50
2011.06.17 09:51:22.923,1.39751,1.39777,1.14,1.50
2011.06.17 09:51:23.251,1.39753,1.39777,1.14,1.50
2011.06.17 09:51:25.113,1.39749,1.39777,1.14,1.50
2011.06.17 09:51:25.662,1.39744,1.39777,1.29,2.10
2011.06.17 09:51:25.772,1.39745,1.39777,1.14,1.50
2011.06.17 09:51:26.102,1.39746,1.39777,1.14,2.25
2011.06.17 09:51:26.212,1.39743,1.39777,1.89,2.25
2011.06.17 09:51:26.791,1.39743,1.39777,1.89,1.50
2011.06.17 09:51:27.356,1.39744,1.39777,1.29,2.25
2011.06.17 09:51:27.833,1.39744,1.39777,1.29,2.25
2011.06.17 09:51:28.163,1.3974,1.39772,1.66,1.35
2011.06.17 09:51:28.602,1.39743,1.39777,2.64,2.10
2011.06.17 09:51:28.712,1.39745,1.39777,2.10,1.50
2011.06.17 09:51:29.041,1.39746,1.39776,1.14,1.50
2011.06.17 09:51:29.373,1.39747,1.39776,1.35,1.50
2011.06.17 09:51:30.252,1.39747,1.39776,1.66,1.50
2011.06.17 09:51:30.917,1.39748,1.39776,1.13,1.50
2011.06.17 09:51:31.254,1.39752,1.39776,1.35,1.50
2011.06.17 09:51:31.583,1.39751,1.39776,2.10,1.50
2011.06.17 09:51:32.242,1.39755,1.39776,1.89,1.50
2011.06.17 09:51:33.671,1.39752,1.39777,1.51,1.50
2011.06.17 09:51:34.991,1.39751,1.39776,2.64,1.50
2011.06.17 09:51:35.103,1.39751,1.39776,1.89,1.50
2011.06.17 09:51:36.093,1.39752,1.39777,1.14,1.50
2011.06.17 09:51:37.921,1.3975,1.39777,2.64,1.50
2011.06.17 09:51:38.363,1.3975,1.39777,2.64,1.50
2011.06.17 09:51:39.571,1.39752,1.39777,1.14,1.50
2011.06.17 09:51:40.121,1.39752,1.39777,1.14,1.50
2011.06.17 09:51:42.388,1.39748,1.39777,1.66,1.50
2011.06.17 09:51:42.509,1.39746,1.39777,1.35,1.50
2011.06.17 09:51:42.622,1.39747,1.39777,2.25,1.50
2011.06.17 09:51:42.955,1.39748,1.39777,2.48,1.50
2011.06.17 09:51:43.285,1.39759,1.39777,1.14,1.50
2011.06.17 09:51:43.625,1.39757,1.39777,1.14,1.50
2011.06.17 09:51:43.963,1.39755,1.39776,1.66,1.50
2011.06.17 09:51:44.075,1.39753,1.39776,1.13,1.50
2011.06.17 09:51:44.182,1.39751,1.39776,1.29,1.50
2011.06.17 09:51:44.402,1.3975,1.39776,1.29,1.50
2011.06.17 09:51:44.513,1.39751,1.39777,1.14,1.50
2011.06.17 09:51:44.622,1.39754,1.39777,1.14,1.50
2011.06.17 09:51:44.733,1.39758,1.39777,2.10,1.50
2011.06.17 09:51:44.842,1.39755,1.39776,1.89,1.50
2011.06.17 09:51:46.191,1.39755,1.39776,1.89,1.50
2011.06.17 09:51:46.742,1.39754,1.39777,1.51,1.50
2011.06.17 09:51:46.854,1.39759,1.39777,1.66,1.50
2011.06.17 09:51:46.963,1.3976,1.39777,1.89,1.50
2011.06.17 09:51:47.182,1.39762,1.39777,1.50,1.50
2011.06.17 09:51:47.732,1.39765,1.398,1.29,1.50
2011.06.17 09:51:47.952,1.39762,1.39797,1.29,1.50
2011.06.17 09:51:48.172,1.39759,1.39796,1.14,1.50
2011.06.17 09:51:48.282,1.39756,1.39791,1.29,1.50
2011.06.17 09:51:49.382,1.39756,1.39791,1.29,1.50
2011.06.17 09:51:49.932,1.39756,1.39791,1.29,1.50
2011.06.17 09:51:51.363,1.39756,1.39791,1.29,1.50
2011.06.17 09:51:51.923,1.39756,1.39791,1.29,1.50
2011.06.17 09:51:52.146,1.39752,1.3979,1.29,1.50
2011.06.17 09:51:52.263,1.39752,1.39789,1.29,1.13
2011.06.17 09:51:52.634,1.39761,1.3979,2.25,1.50
2011.06.17 09:51:52.851,1.39761,1.39794,2.25,1.50
2011.06.17 09:51:53.182,1.39769,1.39797,2.48,1.50
2011.06.17 09:51:53.512,1.39766,1.39794,1.66,1.35
2011.06.17 09:51:54.061,1.39767,1.39794,1.66,1.35
2011.06.17 09:51:54.391,1.39767,1.39794,1.66,1.35
2011.06.17 09:51:54.502,1.39767,1.39794,1.29,1.35
2011.06.17 09:51:54.831,1.39766,1.39794,1.29,1.35
2011.06.17 09:51:55.163,1.39758,1.39788,2.10,1.35
2011.06.17 09:51:55.384,1.39758,1.39788,2.10,1.35
2011.06.17 09:51:55.897,1.39765,1.39789,2.10,1.50
2011.06.17 09:51:56.233,1.39765,1.39793,2.10,1.50
2011.06.17 09:51:58.211,1.39761,1.39794,1.29,1.35
2011.06.17 09:51:59.462,1.3976,1.39793,1.14,1.50
2011.06.17 09:51:59.573,1.39765,1.39793,2.85,1.50
2011.06.17 09:52:00.013,1.39767,1.39799,1.29,1.35
2011.06.17 09:52:00.342,1.39768,1.39803,1.51,1.88
2011.06.17 09:52:02.555,1.39771,1.39806,1.89,1.50
2011.06.17 09:52:03.004,1.39767,1.39798,1.35,1.50
2011.06.17 09:52:03.116,1.39766,1.39798,1.73,1.50
2011.06.17 09:52:03.562,1.39766,1.39798,1.73,1.50
2011.06.17 09:52:04.111,1.39765,1.39798,1.89,1.50
2011.06.17 09:52:04.442,1.39767,1.39799,2.10,1.50
2011.06.17 09:52:04.991,1.39768,1.39798,1.35,1.50
2011.06.17 09:52:09.753,1.39765,1.39798,1.29,1.50
2011.06.17 09:52:09.862,1.39764,1.39798,1.29,1.50
2011.06.17 09:52:10.942,1.39766,1.39794,2.10,1.35
2011.06.17 09:52:14.992,1.39767,1.39798,2.85,1.50
2011.06.17 09:52:15.212,1.39767,1.39798,2.85,1.50
2011.06.17 09:52:17.922,1.39767,1.39798,2.85,1.50
2011.06.17 09:52:18.032,1.39766,1.39798,1.29,1.50
2011.06.17 09:52:18.252,1.39764,1.39796,1.35,1.50
2011.06.17 09:52:18.841,1.39762,1.39791,1.13,1.50
2011.06.17 09:52:18.960,1.3976,1.39791,1.35,1.50
2011.06.17 09:52:19.182,1.3976,1.39791,1.35,1.50
2011.06.17 09:52:21.422,1.3976,1.39791,1.35,1.50
2011.06.17 09:52:21.753,1.39764,1.39796,1.35,1.50
2011.06.17 09:52:22.083,1.39767,1.39798,2.64,1.50
2011.06.17 09:52:22.194,1.39768,1.39798,1.35,1.50
2011.06.17 09:52:23.231,1.3977,1.39798,1.35,1.50
2011.06.17 09:52:23.452,1.39771,1.39798,2.10,1.50
2011.06.17 09:52:23.891,1.39768,1.39796,1.35,1.35
2011.06.17 09:52:27.482,1.3977,1.39798,2.10,1.50
2011.06.17 09:52:27.811,1.39767,1.39798,1.14,1.50
2011.06.17 09:52:28.603,1.39771,1.39798,1.50,1.50
2011.06.17 09:52:28.715,1.39768,1.39797,1.35,1.50
2011.06.17 09:52:29.053,1.39763,1.39795,1.35,1.50
2011.06.17 09:52:29.603,1.39763,1.39796,1.35,1.35
2011.06.17 09:52:29.711,1.39764,1.39797,1.35,1.50
2011.06.17 09:52:29.824,1.39764,1.39798,1.29,1.50
2011.06.17 09:52:30.483,1.39764,1.39796,1.29,1.50
2011.06.17 09:52:31.083,1.39764,1.39796,1.29,1.50
2011.06.17 09:52:31.413,1.39765,1.39799,1.29,1.50
2011.06.17 09:52:32.071,1.39765,1.39799,1.29,1.50
2011.06.17 09:52:32.402,1.39765,1.39799,1.29,1.50
2011.06.17 09:52:32.514,1.39765,1.39801,2.26,2.25
2011.06.17 09:52:32.953,1.39771,1.39804,1.14,1.50
2011.06.17 09:52:33.502,1.39771,1.39805,1.29,1.35
2011.06.17 09:52:34.004,1.39771,1.39805,1.29,1.35
2011.06.17 09:52:34.113,1.39771,1.39805,1.29,1.35
2011.06.17 09:52:34.446,1.3978,1.39812,2.10,1.50
2011.06.17 09:52:34.562,1.3978,1.39815,2.10,2.25
2011.06.17 09:52:35.036,1.39778,1.39808,1.35,1.50
2011.06.17 09:52:35.372,1.39773,1.39804,2.25,1.35
2011.06.17 09:52:35.482,1.39771,1.39796,1.29,1.35
2011.06.17 09:52:35.593,1.39769,1.39796,1.50,1.35
2011.06.17 09:52:35.923,1.39771,1.39803,2.04,1.50
2011.06.17 09:52:36.582,1.39771,1.39803,2.04,1.50
2011.06.17 09:52:37.043,1.39771,1.39803,2.04,1.50
2011.06.17 09:52:37.615,1.3977,1.39803,1.14,1.50
2011.06.17 09:52:40.492,1.39773,1.39803,2.10,1.50
2011.06.17 09:52:40.823,1.39773,1.39807,1.89,1.35
2011.06.17 09:52:41.426,1.39773,1.39805,1.89,1.50
2011.06.17 09:52:41.763,1.39776,1.39809,1.89,1.50
2011.06.17 09:52:43.602,1.39777,1.39812,1.29,2.10
2011.06.17 09:52:46.216,1.39782,1.39818,1.35,1.88
2011.06.17 09:52:46.334,1.39784,1.39812,1.35,1.50
2011.06.17 09:52:46.916,1.39783,1.39815,1.50,2.48
2011.06.17 09:52:47.253,1.3977,1.39802,1.14,1.50
2011.06.17 09:52:47.363,1.3977,1.398,1.14,1.13
2011.06.17 09:52:47.802,1.39771,1.398,1.29,1.13
2011.06.17 09:52:47.911,1.39771,1.398,1.29,1.13
2011.06.17 09:52:48.464,1.39778,1.39811,1.35,1.88
2011.06.17 09:52:48.572,1.39776,1.39806,1.29,1.35
2011.06.17 09:52:48.903,1.39773,1.39806,1.89,1.50
2011.06.17 09:52:49.124,1.39772,1.39808,2.10,1.50
2011.06.17 09:52:49.232,1.3977,1.39808,1.14,2.10
2011.06.17 09:52:49.781,1.39773,1.39808,1.14,2.10
2011.06.17 09:52:51.746,1.39773,1.39808,1.14,2.10
2011.06.17 09:52:52.082,1.39777,1.39808,2.10,1.50
2011.06.17 09:52:52.193,1.39773,1.39808,1.14,1.50
2011.06.17 09:52:54.032,1.39774,1.39808,2.10,1.50
2011.06.17 09:52:55.533,1.39781,1.39808,2.10,1.50
2011.06.17 09:52:55.973,1.39789,1.39821,1.14,1.50
2011.06.17 09:52:56.385,1.39788,1.39821,1.14,2.25
2011.06.17 09:52:56.499,1.39786,1.39818,1.29,1.35
2011.06.17 09:52:56.615,1.39782,1.39816,1.14,1.50
2011.06.17 09:52:57.161,1.39784,1.39816,2.64,1.50
2011.06.17 09:52:58.043,1.39789,1.39818,1.35,1.50
2011.06.17 09:52:58.592,1.39794,1.39823,1.35,1.50
2011.06.17 09:52:59.032,1.39787,1.39823,1.51,1.50
2011.06.17 09:52:59.252,1.3979,1.39821,1.35,1.50
2011.06.17 09:52:59.582,1.39794,1.39826,1.35,1.50
2011.06.17 09:52:59.805,1.39802,1.39833,2.10,1.50
2011.06.17 09:52:59.913,1.39797,1.39834,2.26,1.88
2011.06.17 09:53:00.383,1.39801,1.39835,1.35,2.25
2011.06.17 09:53:00.510,1.39802,1.3983,1.29,1.50
2011.06.17 09:53:01.062,1.398,1.39837,2.26,1.35
2011.06.17 09:53:01.503,1.39803,1.39832,1.35,1.50
2011.06.17 09:53:01.613,1.39803,1.39834,1.35,1.50
2011.06.17 09:53:01.721,1.39803,1.39836,1.35,1.50
2011.06.17 09:53:01.834,1.39803,1.39837,1.89,1.35
2011.06.17 09:53:01.942,1.39804,1.39838,2.64,1.50
2011.06.17 09:53:02.052,1.39809,1.39841,1.14,2.25
2011.06.17 09:53:02.382,1.39809,1.3983,1.14,1.50
2011.06.17 09:53:02.711,1.39809,1.39826,1.14,1.50
2011.06.17 09:53:03.262,1.3981,1.39826,1.29,1.50
2011.06.17 09:53:03.482,1.3981,1.39826,1.29,1.50
2011.06.17 09:53:03.922,1.3981,1.39826,1.29,1.50
2011.06.17 09:53:04.523,1.3981,1.39826,1.29,1.50
2011.06.17 09:53:04.865,1.39806,1.39827,1.29,1.50
2011.06.17 09:53:05.085,1.39796,1.39826,1.35,1.50
2011.06.17 09:53:05.742,1.39798,1.39826,2.48,1.50
2011.06.17 09:53:06.512,1.39803,1.39826,1.14,1.50
2011.06.17 09:53:06.623,1.39803,1.39826,1.14,1.50
2011.06.17 09:53:08.335,1.39803,1.39826,1.14,1.50
2011.06.17 09:53:08.553,1.39796,1.39826,1.29,1.50
2011.06.17 09:53:08.883,1.39793,1.39826,1.51,1.50
2011.06.17 09:53:09.433,1.39795,1.39826,1.14,1.50
2011.06.17 09:53:09.874,1.39806,1.39826,1.50,1.50
2011.06.17 09:53:10.202,1.39814,1.39838,1.29,1.50
2011.06.17 09:53:10.422,1.3981,1.39838,1.73,1.50
2011.06.17 09:53:10.754,1.39811,1.39846,1.35,1.50
2011.06.17 09:53:10.974,1.39811,1.39843,1.73,1.50
2011.06.17 09:53:11.478,1.39809,1.39843,1.73,1.50
2011.06.17 09:53:11.924,1.39809,1.39846,1.35,1.88
2011.06.17 09:53:12.471,1.39811,1.39845,1.14,1.50
2011.06.17 09:53:14.471,1.39811,1.39845,1.14,2.25
2011.06.17 09:53:14.802,1.39806,1.39841,1.14,1.50
2011.06.17 09:53:14.915,1.39805,1.39841,1.51,1.50
2011.06.17 09:53:15.023,1.39805,1.39841,1.51,1.50
2011.06.17 09:53:15.353,1.39807,1.39841,1.66,1.50
2011.06.17 09:53:15.914,1.3981,1.39841,1.14,1.50
2011.06.17 09:53:16.244,1.3981,1.39846,1.35,2.25
2011.06.17 09:53:16.353,1.39809,1.39844,1.14,1.50
2011.06.17 09:53:16.573,1.39803,1.39841,1.51,1.35
2011.06.17 09:53:16.903,1.39802,1.39834,1.29,1.50
2011.06.17 09:53:17.013,1.39802,1.39834,1.29,1.50
2011.06.17 09:53:17.122,1.39799,1.39834,1.66,1.50
2011.06.17 09:53:17.671,1.39799,1.39834,1.29,1.50
2011.06.17 09:53:18.332,1.39799,1.39835,1.29,2.63
2011.06.17 09:53:18.442,1.398,1.39835,1.14,2.63
2011.06.17 09:53:18.772,1.39797,1.39828,1.35,1.50
2011.06.17 09:53:18.993,1.39795,1.39828,1.14,1.50
2011.06.17 09:53:19.433,1.398,1.39833,1.14,1.13
2011.06.17 09:53:19.542,1.398,1.39833,2.64,1.13
2011.06.17 09:53:19.982,1.39804,1.39839,1.14,1.50
2011.06.17 09:53:20.202,1.39804,1.39842,3.01,1.50
2011.06.17 09:53:20.726,1.39809,1.39842,1.14,2.25
2011.06.17 09:53:21.392,1.39809,1.39842,1.14,1.50
2011.06.17 09:53:22.032,1.39809,1.39842,1.14,1.50
2011.06.17 09:53:22.362,1.39809,1.39844,1.14,1.50
2011.06.17 09:53:22.912,1.39807,1.39842,1.29,3.00
2011.06.17 09:53:23.242,1.39804,1.39839,1.89,1.50
2011.06.17 09:53:23.462,1.39804,1.39839,1.89,1.50
2011.06.17 09:53:24.012,1.39804,1.39839,2.26,1.50
2011.06.17 09:53:24.807,1.3981,1.39844,2.10,2.25
2011.06.17 09:53:24.923,1.39811,1.39844,1.35,2.25
2011.06.17 09:53:25.144,1.39816,1.39845,2.10,1.88
2011.06.17 09:53:26.094,1.3982,1.39849,2.10,1.50
2011.06.17 09:53:26.204,1.3982,1.39855,2.10,1.50
2011.06.17 09:53:26.312,1.39818,1.39855,1.14,1.50
2011.06.17 09:53:26.642,1.39818,1.39855,1.14,1.88
2011.06.17 09:53:26.973,1.3982,1.3985,2.85,1.50
2011.06.17 09:53:27.082,1.3982,1.39856,2.64,2.85
2011.06.17 09:53:27.194,1.39822,1.39856,1.14,1.50
2011.06.17 09:53:27.522,1.3982,1.39853,1.14,1.50
2011.06.17 09:53:27.632,1.39817,1.39852,1.51,1.50
2011.06.17 09:53:28.183,1.39814,1.39849,3.39,1.50
2011.06.17 09:53:28.292,1.39814,1.39849,1.29,2.10
2011.06.17 09:53:28.512,1.39814,1.39849,1.29,2.10
2011.06.17 09:53:28.842,1.39823,1.39849,2.10,1.50
2011.06.17 09:53:29.388,1.39823,1.39855,1.29,1.35
2011.06.17 09:53:29.506,1.39823,1.39855,1.29,1.35
2011.06.17 09:53:29.842,1.39818,1.39851,1.29,1.35
2011.06.17 09:53:30.393,1.39822,1.39852,1.89,1.50
2011.06.17 09:53:30.613,1.39822,1.39856,2.26,1.50
2011.06.17 09:53:30.723,1.39824,1.39856,1.14,1.50
2011.06.17 09:53:31.272,1.39825,1.39854,1.29,1.35
2011.06.17 09:53:32.304,1.39832,1.3986,1.14,1.13
2011.06.17 09:53:33.096,1.39832,1.3986,1.14,1.13
2011.06.17 09:53:33.435,1.39827,1.39858,1.29,1.35
2011.06.17 09:53:33.543,1.39827,1.39858,1.29,1.35
2011.06.17 09:53:33.655,1.39825,1.39858,2.64,1.35
2011.06.17 09:53:34.094,1.39827,1.3986,1.14,1.50
2011.06.17 09:53:34.754,1.39828,1.39861,1.73,1.50
2011.06.17 09:53:35.084,1.39828,1.3986,1.14,1.50
2011.06.17 09:53:35.632,1.39828,1.3986,1.14,1.50
2011.06.17 09:53:35.744,1.39828,1.3986,1.14,1.50
2011.06.17 09:53:35.855,1.39838,1.39861,2.48,1.50
2011.06.17 09:53:36.083,1.39845,1.39876,2.41,1.50
2011.06.17 09:53:36.194,1.39849,1.39886,2.79,1.50
2011.06.17 09:53:36.561,1.39851,1.39886,2.48,1.50
2011.06.17 09:53:36.671,1.39857,1.39891,1.51,1.50
2011.06.17 09:53:36.783,1.3986,1.39891,1.14,1.50
2011.06.17 09:53:37.333,1.3986,1.39889,1.14,1.35
2011.06.17 09:53:37.883,1.39858,1.39889,1.14,1.35
2011.06.17 09:53:38.434,1.39858,1.39889,1.14,1.35
2011.06.17 09:53:38.652,1.39857,1.39888,2.10,1.50
2011.06.17 09:53:38.762,1.39855,1.39885,1.14,1.35
2011.06.17 09:53:38.982,1.39853,1.3987,1.50,1.35
2011.06.17 09:53:39.093,1.39846,1.39873,2.10,1.50
2011.06.17 09:53:39.203,1.39845,1.39873,1.35,2.10
2011.06.17 09:53:39.533,1.39845,1.39873,3.98,1.35
2011.06.17 09:53:40.080,1.39835,1.39855,1.50,1.35
2011.06.17 09:53:40.198,1.39833,1.39855,1.50,1.50
2011.06.17 09:53:40.533,1.39832,1.39867,1.14,1.50
2011.06.17 09:53:40.643,1.39832,1.39867,1.14,1.50
2011.06.17 09:53:40.757,1.39834,1.39862,4.50,1.35
2011.06.17 09:53:40.874,1.3983,1.39862,1.29,1.35
2011.06.17 09:53:40.984,1.39829,1.39844,1.29,2.10
2011.06.17 09:53:41.095,1.3983,1.39844,1.29,2.10
2011.06.17 09:53:41.204,1.39825,1.39851,1.29,1.35
2011.06.17 09:53:41.315,1.3982,1.39849,1.50,1.50
2011.06.17 09:53:41.545,1.39824,1.3985,1.50,1.13
2011.06.17 09:53:41.763,1.39823,1.39853,1.50,1.35
2011.06.17 09:53:41.875,1.39822,1.39851,1.50,1.50
2011.06.17 09:53:42.419,1.39828,1.39854,1.13,1.50
2011.06.17 09:53:42.538,1.39829,1.39861,1.50,2.48
2011.06.17 09:53:42.655,1.39833,1.39861,2.10,1.88
2011.06.17 09:53:42.875,1.39822,1.39848,1.35,1.35
2011.06.17 09:53:43.204,1.39822,1.39848,2.10,1.35
2011.06.17 09:53:43.863,1.39824,1.39853,1.35,1.50
2011.06.17 09:53:44.194,1.39822,1.39853,2.04,1.35
2011.06.17 09:53:44.305,1.3983,1.39857,2.10,2.25
2011.06.17 09:53:44.524,1.39828,1.39856,1.35,1.50
2011.06.17 09:53:44.853,1.39831,1.39858,1.35,1.50
2011.06.17 09:53:45.182,1.39833,1.39861,1.35,1.50
2011.06.17 09:53:45.952,1.39833,1.39849,1.35,1.50
2011.06.17 09:53:46.063,1.39823,1.39847,1.50,1.35
2011.06.17 09:53:46.173,1.39819,1.39847,1.35,1.35
2011.06.17 09:53:46.281,1.39815,1.39847,2.10,1.35
2011.06.17 09:53:46.392,1.39815,1.39847,2.10,2.10
2011.06.17 09:53:47.272,1.3982,1.39847,2.10,1.50
2011.06.17 09:53:47.607,1.39828,1.39857,2.10,1.50
2011.06.17 09:53:47.723,1.39822,1.39855,1.14,1.35
2011.06.17 09:53:47.833,1.39824,1.39858,1.35,2.10
2011.06.17 09:53:48.162,1.39822,1.39853,1.89,2.10
2011.06.17 09:53:48.821,1.39824,1.3985,1.35,1.35
2011.06.17 09:53:49.153,1.39823,1.39854,1.35,1.50
2011.06.17 09:53:49.814,1.3982,1.39848,1.50,1.13
2011.06.17 09:53:50.143,1.39811,1.39844,1.35,1.13
2011.06.17 09:53:50.254,1.3981,1.39842,1.29,1.35
2011.06.17 09:53:50.473,1.39813,1.39845,1.29,1.13
2011.06.17 09:53:50.692,1.39814,1.39848,1.29,1.50
2011.06.17 09:53:51.132,1.39819,1.39856,1.29,2.25
2011.06.17 09:53:51.913,1.39821,1.39855,1.29,1.50
2011.06.17 09:53:52.573,1.39822,1.39855,1.29,1.50
2011.06.17 09:53:52.684,1.39826,1.39858,1.29,1.13
2011.06.17 09:53:52.793,1.39826,1.39858,2.04,1.13
2011.06.17 09:53:53.123,1.39831,1.39858,1.29,1.13
2011.06.17 09:53:53.451,1.39827,1.39858,2.04,1.13
2011.06.17 09:53:53.785,1.39827,1.39859,1.29,1.35
2011.06.17 09:53:53.894,1.39824,1.39857,1.29,1.50
2011.06.17 09:53:54.003,1.3982,1.39858,1.29,1.88
2011.06.17 09:53:54.115,1.39816,1.3985,2.41,1.50
2011.06.17 09:53:54.223,1.39817,1.3985,1.50,1.50
2011.06.17 09:53:55.840,1.39814,1.39843,1.50,1.50
2011.06.17 09:53:56.615,1.39817,1.39846,1.29,1.13
2011.06.17 09:53:56.947,1.39823,1.3985,1.35,1.50
2011.06.17 09:53:57.172,1.39818,1.3985,1.29,1.50
2011.06.17 09:53:58.271,1.39819,1.39852,1.29,1.35
2011.06.17 09:53:58.604,1.39821,1.39852,1.35,1.50
2011.06.17 09:53:58.822,1.39826,1.39857,1.35,1.50
2011.06.17 09:53:59.152,1.39827,1.39857,1.35,1.50
2011.06.17 09:53:59.830,1.39835,1.3986,1.35,1.50
2011.06.17 09:53:59.944,1.39837,1.39865,1.35,2.25
2011.06.17 09:54:00.055,1.39837,1.39865,1.35,1.50
2011.06.17 09:54:00.273,1.39837,1.39868,1.35,1.50
2011.06.17 09:54:00.496,1.39839,1.39872,1.29,1.50
2011.06.17 09:54:00.724,1.39837,1.39873,3.39,1.35
2011.06.17 09:54:00.832,1.39837,1.39869,2.85,1.50
2011.06.17 09:54:01.162,1.39835,1.39869,2.10,1.50
2011.06.17 09:54:01.495,1.39833,1.39864,1.88,1.50
2011.06.17 09:54:01.604,1.39829,1.39862,1.50,1.50
2011.06.17 09:54:01.713,1.39826,1.39859,2.25,1.50
2011.06.17 09:54:02.042,1.39824,1.39859,2.04,1.50
2011.06.17 09:54:02.262,1.39824,1.39857,1.29,1.50
2011.06.17 09:54:02.813,1.39822,1.39856,2.04,1.50
2011.06.17 09:54:03.391,1.39823,1.39856,1.89,1.50
2011.06.17 09:54:03.945,1.39821,1.39855,1.35,1.35
2011.06.17 09:54:04.835,1.39822,1.39856,1.35,1.50
2011.06.17 09:54:04.944,1.39825,1.39856,1.35,1.50
2011.06.17 09:54:05.166,1.3983,1.39856,1.73,1.50
2011.06.17 09:54:05.284,1.39833,1.39859,1.35,1.50
2011.06.17 09:54:05.504,1.39833,1.3986,1.50,2.10
2011.06.17 09:54:05.613,1.3983,1.3986,1.50,2.10
2011.06.17 09:54:05.834,1.39826,1.39857,1.89,1.50
2011.06.17 09:54:06.161,1.39823,1.39852,1.14,1.35
2011.06.17 09:54:06.382,1.39823,1.39852,1.14,1.35
2011.06.17 09:54:06.493,1.39826,1.39856,2.10,2.10
2011.06.17 09:54:07.222,1.39829,1.39856,1.35,2.10
2011.06.17 09:54:07.708,1.3982,1.39853,1.89,1.50
2011.06.17 09:54:07.932,1.3982,1.39853,1.89,1.50
2011.06.17 09:54:08.153,1.3982,1.39855,1.89,1.50
2011.06.17 09:54:08.264,1.3982,1.39855,1.14,1.50
2011.06.17 09:54:08.375,1.39822,1.39855,1.14,1.50
2011.06.17 09:54:08.703,1.39826,1.39854,1.50,2.25
2011.06.17 09:54:08.923,1.39824,1.39855,1.29,1.50
2011.06.17 09:54:09.252,1.39825,1.39854,3.39,1.50
2011.06.17 09:54:09.692,1.39822,1.39852,1.89,1.35
2011.06.17 09:54:09.803,1.39822,1.39853,1.14,1.35
2011.06.17 09:54:10.024,1.39822,1.39852,1.14,1.35
2011.06.17 09:54:11.148,1.39821,1.39852,2.10,2.10
2011.06.17 09:54:11.263,1.39818,1.39852,1.35,1.50
2011.06.17 09:54:11.701,1.39818,1.39852,1.35,1.50
2011.06.17 09:54:11.922,1.39818,1.39852,1.35,1.50
2011.06.17 09:54:12.253,1.39819,1.39854,2.04,1.50
2011.06.17 09:54:12.584,1.39821,1.39854,1.29,1.50
2011.06.17 09:54:12.913,1.39819,1.39853,1.66,1.13
2011.06.17 09:54:13.133,1.39826,1.39854,1.35,1.50
2011.06.17 09:54:13.356,1.39825,1.39858,1.14,1.50
2011.06.17 09:54:14.022,1.39824,1.39858,1.29,1.50
2011.06.17 09:54:14.614,1.39821,1.39855,1.29,1.50
2011.06.17 09:54:17.303,1.39822,1.39855,1.35,1.50
2011.06.17 09:54:17.413,1.39825,1.39855,1.35,1.50
2011.06.17 09:54:17.854,1.39825,1.3986,1.89,1.50
2011.06.17 09:54:18.652,1.3983,1.39862,1.14,1.13
2011.06.17 09:54:18.771,1.39828,1.39863,1.29,2.10
2011.06.17 09:54:19.325,1.39824,1.39848,1.50,1.50
2011.06.17 09:54:19.545,1.3981,1.3984,1.50,1.35
2011.06.17 09:54:19.766,1.39807,1.3984,1.29,1.73
2011.06.17 09:54:19.997,1.39805,1.3984,1.29,2.48
2011.06.17 09:54:20.334,1.39812,1.3984,1.35,1.13
2011.06.17 09:54:20.884,1.39816,1.39844,2.10,1.50
2011.06.17 09:54:20.992,1.39817,1.39851,1.35,1.50
2011.06.17 09:54:21.326,1.3982,1.39851,1.50,1.50
2011.06.17 09:54:21.661,1.39821,1.39855,1.29,1.88
2011.06.17 09:54:21.992,1.39819,1.39851,1.29,1.50
2011.06.17 09:54:22.894,1.39813,1.39846,1.35,1.50
2011.06.17 09:54:23.004,1.39815,1.39846,1.35,1.50
2011.06.17 09:54:23.552,1.39817,1.39846,1.50,3.07
2011.06.17 09:54:23.775,1.39816,1.39836,1.66,1.50
2011.06.17 09:54:24.103,1.39816,1.39837,1.66,1.50
2011.06.17 09:54:24.651,1.39822,1.39837,1.14,1.50
2011.06.17 09:54:24.984,1.39825,1.39841,1.29,1.50
2011.06.17 09:54:26.867,1.39828,1.39847,1.29,2.74
2011.06.17 09:54:27.972,1.39829,1.39847,1.14,2.74
2011.06.17 09:54:28.412,1.39829,1.39863,2.26,1.50
2011.06.17 09:54:28.522,1.3983,1.39864,1.14,1.50
2011.06.17 09:54:28.631,1.39831,1.39866,1.29,2.10
2011.06.17 09:54:29.072,1.3983,1.39865,1.14,1.50
2011.06.17 09:54:29.182,1.39829,1.39863,1.51,1.50
2011.06.17 09:54:30.172,1.39824,1.39859,2.48,1.50
2011.06.17 09:54:30.723,1.39826,1.39858,1.14,1.50
2011.06.17 09:54:30.834,1.39826,1.3986,1.14,1.50
2011.06.17 09:54:31.277,1.3983,1.39864,1.14,2.25
2011.06.17 09:54:31.399,1.3983,1.39859,1.51,1.13
2011.06.17 09:54:31.512,1.3983,1.39859,2.26,1.13
2011.06.17 09:54:31.846,1.39838,1.39868,1.73,1.50
2011.06.17 09:54:32.185,1.39848,1.39879,2.10,1.50
2011.06.17 09:54:32.513,1.39852,1.39879,1.29,1.50
2011.06.17 09:54:33.064,1.39844,1.39876,1.29,1.35
2011.06.17 09:54:33.172,1.39844,1.39876,1.29,1.35
2011.06.17 09:54:33.722,1.39843,1.39876,1.29,1.35
2011.06.17 09:54:34.162,1.39843,1.39876,2.41,1.35
2011.06.17 09:54:34.273,1.39846,1.39881,1.29,1.35
2011.06.17 09:54:34.726,1.39846,1.39881,1.29,2.10
2011.06.17 09:54:35.273,1.39845,1.39881,2.04,2.10
2011.06.17 09:54:35.492,1.39845,1.39881,1.66,2.10
2011.06.17 09:54:35.604,1.39849,1.39883,1.14,1.50
2011.06.17 09:54:36.162,1.39849,1.39883,1.14,1.50
2011.06.17 09:54:36.493,1.39849,1.39882,1.14,1.13
2011.06.17 09:54:36.932,1.39845,1.39879,2.26,1.35
2011.06.17 09:54:37.384,1.39848,1.39877,1.29,1.50
2011.06.17 09:54:37.713,1.39846,1.39875,1.29,1.13
2011.06.17 09:54:38.152,1.39846,1.39875,1.29,1.13
2011.06.17 09:54:38.483,1.39846,1.39875,1.66,1.13
2011.06.17 09:54:39.088,1.39847,1.39879,1.29,1.35
2011.06.17 09:54:42.421,1.39847,1.39879,1.29,1.73
2011.06.17 09:54:43.013,1.39847,1.39879,1.29,2.48
2011.06.17 09:54:44.417,1.39847,1.39879,1.29,1.35
2011.06.17 09:54:45.832,1.39847,1.39879,1.29,1.35
2011.06.17 09:54:46.273,1.39849,1.39879,1.66,1.35
2011.06.17 09:54:46.492,1.39851,1.39882,1.14,1.50
2011.06.17 09:54:46.822,1.39851,1.39885,1.89,1.35
2011.06.17 09:54:47.153,1.39856,1.39885,1.29,1.35
2011.06.17 09:54:47.261,1.39851,1.39885,1.89,1.35
2011.06.17 09:54:47.373,1.39851,1.39885,1.89,1.35
2011.06.17 09:54:47.703,1.39849,1.39879,1.29,1.35
2011.06.17 09:54:49.543,1.39851,1.39882,1.89,1.13
2011.06.17 09:54:49.872,1.39849,1.39881,1.29,1.35
2011.06.17 09:54:50.092,1.39849,1.39881,2.04,1.35
2011.06.17 09:54:50.312,1.39849,1.39881,2.04,1.35
2011.06.17 09:54:50.772,1.39849,1.39881,2.79,1.35
2011.06.17 09:54:50.884,1.39851,1.39884,1.51,1.13
2011.06.17 09:54:50.993,1.39855,1.39884,1.29,1.13
2011.06.17 09:54:51.542,1.39855,1.39884,1.29,1.13
2011.06.17 09:54:51.654,1.39852,1.39884,1.89,1.13
2011.06.17 09:54:51.763,1.39852,1.39884,1.14,1.13
2011.06.17 09:54:52.312,1.39852,1.39884,1.14,1.13
2011.06.17 09:54:53.608,1.39849,1.39882,2.04,1.35
2011.06.17 09:54:53.834,1.39849,1.39882,1.50,1.35
2011.06.17 09:54:55.373,1.39847,1.39882,1.35,1.35
2011.06.17 09:54:55.481,1.39848,1.39882,1.50,1.35
2011.06.17 09:54:56.033,1.39846,1.39882,1.89,1.35
2011.06.17 09:54:56.992,1.39846,1.39882,1.89,1.35
2011.06.17 09:54:57.322,1.39851,1.39883,1.35,1.13
2011.06.17 09:54:57.871,1.39851,1.39883,1.89,1.13
2011.06.17 09:54:58.379,1.39851,1.39883,1.89,1.13
2011.06.17 09:54:58.933,1.3985,1.39887,1.35,1.13
2011.06.17 09:54:59.264,1.39847,1.3988,1.29,1.35
2011.06.17 09:54:59.482,1.39844,1.39877,1.89,1.50
2011.06.17 09:54:59.814,1.39836,1.39863,1.50,1.35
2011.06.17 09:54:59.925,1.39833,1.39871,1.35,2.10
2011.06.17 09:55:00.038,1.39837,1.39871,2.48,2.25
2011.06.17 09:55:00.264,1.3984,1.39876,2.48,1.35
2011.06.17 09:55:00.373,1.39842,1.39882,2.85,2.10
2011.06.17 09:55:00.483,1.39842,1.39882,2.85,2.10
2011.06.17 09:55:00.592,1.39847,1.39882,2.10,1.50
2011.06.17 09:55:00.811,1.39847,1.39886,2.10,1.50
2011.06.17 09:55:01.252,1.39843,1.39885,1.51,1.35
2011.06.17 09:55:01.821,1.39843,1.39885,1.51,1.35
2011.06.17 09:55:02.373,1.39843,1.39885,1.51,1.35
2011.06.17 09:55:02.704,1.39846,1.39884,3.01,1.35
2011.06.17 09:55:03.033,1.39848,1.39884,1.35,1.35
2011.06.17 09:55:03.145,1.39848,1.39884,1.35,1.35
2011.06.17 09:55:03.253,1.39846,1.39884,2.26,1.35
2011.06.17 09:55:03.586,1.39858,1.39887,3.23,2.25
2011.06.17 09:55:03.705,1.39858,1.39887,3.76,1.50
2011.06.17 09:55:03.814,1.39859,1.39897,1.13,1.50
2011.06.17 09:55:04.252,1.39858,1.39897,1.66,1.50
2011.06.17 09:55:04.472,1.39856,1.39896,1.51,1.50
2011.06.17 09:55:05.022,1.39857,1.39893,1.35,1.50
2011.06.17 09:55:05.620,1.39856,1.39895,1.89,1.50
2011.06.17 09:55:05.733,1.39857,1.39897,1.35,1.50
2011.06.17 09:55:05.956,1.39857,1.39896,1.35,1.50
2011.06.17 09:55:06.402,1.39857,1.39897,1.35,2.25
2011.06.17 09:55:06.841,1.39857,1.39897,1.35,2.25
2011.06.17 09:55:07.172,1.39857,1.39897,1.35,3.00
2011.06.17 09:55:09.253,1.39857,1.39896,1.35,1.13
2011.06.17 09:55:09.362,1.39859,1.39895,1.35,1.35
2011.06.17 09:55:09.911,1.39861,1.39895,1.35,1.35
2011.06.17 09:55:10.493,1.39858,1.39895,1.35,1.35
2011.06.17 09:55:11.025,1.39859,1.39897,2.10,1.50
2011.06.17 09:55:11.572,1.39859,1.39901,2.64,2.25
2011.06.17 09:55:12.124,1.39853,1.39891,1.50,1.35
2011.06.17 09:55:12.452,1.39848,1.39886,1.50,1.50
2011.06.17 09:55:13.803,1.39847,1.39886,2.25,1.50
2011.06.17 09:55:13.912,1.39847,1.39886,1.50,1.50
2011.06.17 09:55:14.355,1.39852,1.39886,1.50,1.50
2011.06.17 09:55:14.575,1.39853,1.39891,1.35,1.50
2011.06.17 09:55:14.682,1.39853,1.39891,2.10,1.50
2011.06.17 09:55:15.434,1.39856,1.39894,1.50,1.50
2011.06.17 09:55:15.772,1.39871,1.3991,1.89,1.50
2011.06.17 09:55:16.215,1.39872,1.3991,1.35,1.35
2011.06.17 09:55:16.325,1.39868,1.39901,1.29,1.35
2011.06.17 09:55:16.557,1.39867,1.39901,1.35,1.35
2011.06.17 09:55:16.673,1.39866,1.39901,1.35,1.35
2011.06.17 09:55:16.782,1.3986,1.39896,2.10,1.35
2011.06.17 09:55:17.332,1.3986,1.39896,2.64,1.35
2011.06.17 09:55:18.214,1.3986,1.39896,2.10,1.35
2011.06.17 09:55:18.984,1.3986,1.39896,2.10,1.35
2011.06.17 09:55:19.092,1.3986,1.39896,2.10,1.35
2011.06.17 09:55:19.422,1.39861,1.39896,1.50,1.35
2011.06.17 09:55:19.971,1.39861,1.39896,1.50,1.35
2011.06.17 09:55:20.535,1.39862,1.39896,1.50,1.35
2011.06.17 09:55:20.974,1.3986,1.39896,1.35,1.35
2011.06.17 09:55:21.084,1.39858,1.3989,1.29,1.35
2011.06.17 09:55:21.303,1.39858,1.3989,1.29,1.35
2011.06.17 09:55:21.526,1.3986,1.39886,1.35,1.35
2011.06.17 09:55:21.865,1.39857,1.39887,2.10,1.35
2011.06.17 09:55:22.413,1.39857,1.39885,2.10,1.35
2011.06.17 09:55:22.743,1.39861,1.39888,2.10,1.35
2011.06.17 09:55:22.963,1.39856,1.39885,1.35,1.35
2011.06.17 09:55:23.183,1.39855,1.39885,2.10,1.35
2011.06.17 09:55:23.402,1.39855,1.39885,2.10,1.35
2011.06.17 09:55:23.624,1.3986,1.3989,2.10,1.35
2011.06.17 09:55:23.842,1.3986,1.3989,2.10,1.35
2011.06.17 09:55:25.614,1.3986,1.39887,2.10,1.35
2011.06.17 09:55:26.182,1.3986,1.39887,2.10,1.35
2011.06.17 09:55:26.513,1.39854,1.39883,1.35,1.35
2011.06.17 09:55:26.622,1.39858,1.39888,2.10,1.35
2011.06.17 09:55:27.832,1.39858,1.39888,2.10,1.35
2011.06.17 09:55:28.163,1.39858,1.39888,2.10,1.35
2011.06.17 09:55:28.492,1.39863,1.3989,2.10,1.35
2011.06.17 09:55:29.044,1.39859,1.39886,2.10,1.35
2011.06.17 09:55:29.153,1.39859,1.39886,2.10,1.35
2011.06.17 09:55:29.481,1.39859,1.39886,2.10,1.35
2011.06.17 09:55:30.402,1.39861,1.39889,2.10,1.35
2011.06.17 09:55:30.732,1.3986,1.39897,2.48,2.25
2011.06.17 09:55:31.172,1.3986,1.39897,2.48,2.25
2011.06.17 09:55:31.507,1.39856,1.39889,1.50,1.35
2011.06.17 09:55:31.842,1.39849,1.39887,1.29,2.25
2011.06.17 09:55:32.173,1.39847,1.39886,1.29,1.50
2011.06.17 09:55:32.832,1.39847,1.39886,2.04,1.50
2011.06.17 09:55:33.593,1.39847,1.39886,2.04,1.50
2011.06.17 09:55:33.702,1.39847,1.39886,2.04,1.50
2011.06.17 09:55:34.503,1.39848,1.39883,1.35,1.35
2011.06.17 09:55:35.382,1.39848,1.39883,2.10,1.35
2011.06.17 09:55:35.713,1.39851,1.39888,1.14,1.35
2011.06.17 09:55:35.824,1.39851,1.39888,1.89,1.35
2011.06.17 09:55:36.484,1.39851,1.39888,1.14,1.35
2011.06.17 09:55:37.362,1.39851,1.39888,1.14,1.35
2011.06.17 09:55:37.920,1.39847,1.39887,2.64,1.50
2011.06.17 09:55:39.911,1.39847,1.39886,3.39,1.50
2011.06.17 09:55:40.461,1.39847,1.39886,3.39,1.50
2011.06.17 09:55:41.013,1.39847,1.39886,2.10,2.25
2011.06.17 09:55:41.121,1.39845,1.39882,1.35,1.35
2011.06.17 09:55:41.671,1.39845,1.39882,1.35,1.35
2011.06.17 09:55:42.226,1.39843,1.39877,1.29,1.35
2011.06.17 09:55:42.348,1.39842,1.39877,1.13,1.35
2011.06.17 09:55:42.573,1.39842,1.39877,1.13,1.35
2011.06.17 09:55:42.792,1.39842,1.39877,1.13,1.35
2011.06.17 09:55:43.433,1.39841,1.39877,1.13,1.35
2011.06.17 09:55:43.982,1.3984,1.39877,1.35,1.35
2011.06.17 09:55:44.533,1.3984,1.39877,1.35,1.35
2011.06.17 09:55:44.862,1.3984,1.39877,1.35,1.35
2011.06.17 09:55:45.412,1.39836,1.39874,1.35,1.50
2011.06.17 09:55:46.191,1.39836,1.39874,1.35,1.50
2011.06.17 09:55:46.632,1.39836,1.39874,1.35,1.50
2011.06.17 09:55:47.292,1.39835,1.39874,3.23,1.50
2011.06.17 09:55:48.503,1.39834,1.39868,1.50,1.35
2011.06.17 09:55:48.613,1.39831,1.39868,2.48,1.35
2011.06.17 09:55:48.723,1.39831,1.39868,1.73,1.35
2011.06.17 09:55:48.832,1.39831,1.39868,1.73,1.35
2011.06.17 09:55:48.942,1.39831,1.39868,1.73,1.35
2011.06.17 09:55:49.272,1.39838,1.39871,2.10,1.50
2011.06.17 09:55:49.384,1.39839,1.39875,1.35,3.23
2011.06.17 09:55:50.695,1.39836,1.39875,1.73,2.85
2011.06.17 09:55:51.292,1.39836,1.39875,1.73,3.23
2011.06.17 09:55:51.961,1.39835,1.39871,1.35,3.38
2011.06.17 09:55:52.512,1.39835,1.3987,1.35,1.13
2011.06.17 09:55:52.622,1.39835,1.39871,1.35,3.38
2011.06.17 09:55:52.952,1.39835,1.39871,1.73,3.38
2011.06.17 09:55:54.052,1.39835,1.39875,1.35,1.50
2011.06.17 09:55:54.162,1.39835,1.39875,1.35,1.50
2011.06.17 09:55:54.493,1.3984,1.39875,1.35,1.50
2011.06.17 09:55:54.712,1.39839,1.39875,2.85,1.50
2011.06.17 09:55:55.041,1.3984,1.39875,1.35,1.50
2011.06.17 09:55:55.631,1.39843,1.39875,1.35,1.50
2011.06.17 09:56:00.222,1.39839,1.39875,1.35,1.35
2011.06.17 09:56:01.903,1.39837,1.39876,2.85,2.25
2011.06.17 09:56:03.583,1.39834,1.39866,1.29,1.35
2011.06.17 09:56:03.693,1.39831,1.39866,2.10,1.35
2011.06.17 09:56:04.242,1.39829,1.39859,1.13,1.35
2011.06.17 09:56:04.572,1.39829,1.39859,1.13,1.35
2011.06.17 09:56:06.281,1.39827,1.39859,1.50,1.35
2011.06.17 09:56:06.833,1.39826,1.39859,1.29,1.35
2011.06.17 09:56:07.162,1.39824,1.39859,2.85,1.35
2011.06.17 09:56:09.372,1.39823,1.39853,2.25,1.35
2011.06.17 09:56:09.592,1.39822,1.39853,1.50,1.35
2011.06.17 09:56:10.083,1.39819,1.39853,2.10,1.35
2011.06.17 09:56:10.632,1.39819,1.39847,2.10,1.35
2011.06.17 09:56:11.815,1.39816,1.39843,1.50,1.35
2011.06.17 09:56:12.153,1.39817,1.39847,1.35,1.35
2011.06.17 09:56:12.592,1.39819,1.39847,1.35,1.35
2011.06.17 09:56:13.254,1.39817,1.39843,2.10,1.35
2011.06.17 09:56:13.801,1.39817,1.39843,1.35,1.35
2011.06.17 09:56:14.488,1.39824,1.39849,2.25,1.35
2011.06.17 09:56:14.604,1.39824,1.39851,1.50,2.10
2011.06.17 09:56:14.822,1.39822,1.39848,2.10,1.35
2011.06.17 09:56:14.935,1.39823,1.39853,2.10,1.35
2011.06.17 09:56:15.152,1.39826,1.39854,1.35,1.35
2011.06.17 09:56:15.702,1.39826,1.39853,1.35,1.35
2011.06.17 09:56:16.362,1.39826,1.39853,1.35,1.35
2011.06.17 09:56:17.257,1.39826,1.39852,1.35,1.35
2011.06.17 09:56:18.044,1.39823,1.39851,2.10,1.35
2011.06.17 09:56:18.622,1.39823,1.39851,2.10,1.35
2011.06.17 09:56:18.735,1.39821,1.39851,2.85,1.35
2011.06.17 09:56:18.953,1.39821,1.39847,1.35,1.35
2011.06.17 09:56:23.824,1.39814,1.39843,2.10,2.10
2011.06.17 09:56:24.043,1.39818,1.39847,1.35,1.35
2011.06.17 09:56:24.628,1.39819,1.39847,1.35,1.35
2011.06.17 09:56:25.185,1.39816,1.39847,2.85,1.35
2011.06.17 09:56:25.732,1.39814,1.39841,1.35,1.35
2011.06.17 09:56:26.066,1.39816,1.39845,2.10,1.35
2011.06.17 09:56:26.183,1.39817,1.39845,1.35,1.35
2011.06.17 09:56:28.732,1.39813,1.39841,1.89,1.35
2011.06.17 09:56:28.843,1.39813,1.39839,1.89,1.35
2011.06.17 09:56:29.063,1.39813,1.39839,1.35,1.35
2011.06.17 09:56:29.391,1.39813,1.39842,2.85,1.35
2011.06.17 09:56:29.502,1.39815,1.39842,1.35,1.35
2011.06.17 09:56:30.524,1.3982,1.3985,2.10,1.35
2011.06.17 09:56:30.979,1.39822,1.3985,1.35,1.35
2011.06.17 09:56:31.086,1.39815,1.39843,1.35,1.35
2011.06.17 09:56:31.522,1.39817,1.39844,2.85,1.35
2011.06.17 09:56:32.292,1.39817,1.39844,2.10,1.35
2011.06.17 09:56:33.533,1.39814,1.39841,1.89,1.35
2011.06.17 09:56:33.754,1.3981,1.39836,1.35,1.35
2011.06.17 09:56:34.192,1.39808,1.39836,2.85,1.35
2011.06.17 09:56:34.743,1.39809,1.39836,1.35,1.35
2011.06.17 09:56:35.072,1.39812,1.39841,2.10,1.35
2011.06.17 09:56:35.292,1.39806,1.3984,1.35,1.35
2011.06.17 09:56:35.806,1.3981,1.39844,1.35,1.35
2011.06.17 09:56:36.033,1.3981,1.39844,1.89,1.35
2011.06.17 09:56:36.364,1.39819,1.39849,1.35,1.50
2011.06.17 09:56:36.583,1.39821,1.39853,1.35,1.50
2011.06.17 09:56:36.912,1.3982,1.39853,1.35,1.50
2011.06.17 09:56:39.792,1.39822,1.3985,2.10,1.35
2011.06.17 09:56:40.811,1.39822,1.3985,2.85,1.35
2011.06.17 09:56:41.252,1.39826,1.39853,2.10,1.35
2011.06.17 09:56:41.802,1.39826,1.39853,2.10,1.35
2011.06.17 09:56:42.252,1.39821,1.3985,1.35,1.35
2011.06.17 09:56:42.370,1.39816,1.39852,1.73,2.85
2011.06.17 09:56:42.701,1.39816,1.39852,1.73,2.85
2011.06.17 09:56:43.252,1.39813,1.39851,1.35,1.50
2011.06.17 09:56:45.201,1.39815,1.39852,1.35,2.85
2011.06.17 09:56:47.111,1.39814,1.39852,1.35,2.85
2011.06.17 09:56:48.445,1.39813,1.39852,1.35,2.85
2011.06.17 09:56:48.774,1.39812,1.39849,1.35,1.35
2011.06.17 09:56:50.043,1.39814,1.39849,1.13,1.35
2011.06.17 09:56:50.372,1.39814,1.39849,2.41,1.35
2011.06.17 09:56:50.922,1.39814,1.39849,1.13,1.35
2011.06.17 09:56:51.472,1.39814,1.39849,1.13,1.35
2011.06.17 09:56:56.584,1.39813,1.39849,1.88,1.35
2011.06.17 09:56:57.633,1.39813,1.39849,1.88,1.35
2011.06.17 09:56:57.964,1.3982,1.39855,2.10,2.25
2011.06.17 09:56:58.184,1.39817,1.39855,1.35,1.50
2011.06.17 09:56:58.402,1.39818,1.39855,1.35,1.50
2011.06.17 09:56:59.128,1.39823,1.39859,1.35,1.50
2011.06.17 09:56:59.463,1.39828,1.3986,1.35,1.13
2011.06.17 09:57:00.013,1.39827,1.39865,1.35,1.50
2011.06.17 09:57:00.124,1.39828,1.39862,1.35,1.50
2011.06.17 09:57:00.235,1.39827,1.39862,1.35,1.50
2011.06.17 09:57:00.563,1.39829,1.39864,1.35,1.50
2011.06.17 09:57:01.223,1.39828,1.39864,1.35,1.50
2011.06.17 09:57:02.689,1.39829,1.39867,1.35,2.10
2011.06.17 09:57:02.803,1.39828,1.39867,1.89,2.10
2011.06.17 09:57:03.352,1.39827,1.39864,1.35,1.50
2011.06.17 09:57:03.461,1.39827,1.39864,1.35,1.50
2011.06.17 09:57:03.683,1.39827,1.39864,1.35,1.50
2011.06.17 09:57:04.121,1.39827,1.39864,1.35,1.50
2011.06.17 09:57:04.561,1.39827,1.39866,1.35,1.50
2011.06.17 09:57:07.982,1.39827,1.39866,1.35,1.50
2011.06.17 09:57:08.342,1.39827,1.39866,1.35,1.50
2011.06.17 09:57:08.896,1.39828,1.39866,1.35,1.50
2011.06.17 09:57:10.055,1.39827,1.39866,1.35,1.50
2011.06.17 09:57:10.632,1.39828,1.39866,1.35,1.50
2011.06.17 09:57:14.982,1.39828,1.39866,1.35,1.50
2011.06.17 09:57:15.204,1.39834,1.39867,1.35,1.50
2011.06.17 09:57:15.534,1.39837,1.39869,1.35,1.13
2011.06.17 09:57:15.863,1.39833,1.39872,1.73,1.35
2011.06.17 09:57:16.193,1.39834,1.39871,1.73,1.50
2011.06.17 09:57:17.271,1.39829,1.39864,2.10,1.50
2011.06.17 09:57:17.494,1.39828,1.39865,1.14,1.35
2011.06.17 09:57:17.604,1.39828,1.39865,1.89,1.35
2011.06.17 09:57:17.824,1.39829,1.39865,1.66,1.35
2011.06.17 09:57:18.156,1.39833,1.39869,2.10,1.50
2011.06.17 09:57:18.268,1.39834,1.39861,2.10,1.35
2011.06.17 09:57:18.389,1.39834,1.39865,3.60,1.13
2011.06.17 09:57:18.506,1.39838,1.39868,2.85,1.50
2011.06.17 09:57:18.723,1.39838,1.39864,1.35,1.35
2011.06.17 09:57:18.835,1.39835,1.39864,1.35,1.35
2011.06.17 09:57:19.384,1.39836,1.39871,1.35,1.50
2011.06.17 09:57:21.300,1.3984,1.39871,2.10,1.50
2011.06.17 09:57:21.637,1.39848,1.39876,2.10,1.50
2011.06.17 09:57:21.975,1.39844,1.3988,1.35,1.50
2011.06.17 09:57:22.196,1.39841,1.39879,2.10,1.50
2011.06.17 09:57:22.302,1.39842,1.39879,1.35,1.50
2011.06.17 09:57:22.853,1.39843,1.39882,1.35,1.35
2011.06.17 09:57:23.073,1.39847,1.39879,2.10,1.50
2011.06.17 09:57:23.295,1.39842,1.39879,1.29,1.88
2011.06.17 09:57:23.404,1.39841,1.39857,1.29,4.50
2011.06.17 09:57:23.736,1.39822,1.3985,1.50,1.50
2011.06.17 09:57:23.848,1.39821,1.39853,1.50,1.13
2011.06.17 09:57:24.184,1.39824,1.39853,2.10,1.13
2011.06.17 09:57:24.889,1.3983,1.39863,1.35,1.35
2011.06.17 09:57:25.003,1.39832,1.39866,2.10,1.13
2011.06.17 09:57:25.337,1.39842,1.39875,2.10,1.50
2011.06.17 09:57:25.893,1.39842,1.39876,2.10,1.35
2011.06.17 09:57:26.224,1.39838,1.39876,1.35,1.35
2011.06.17 09:57:26.337,1.39838,1.39873,1.35,1.50
2011.06.17 09:57:26.456,1.39834,1.39867,1.50,1.35
2011.06.17 09:57:27.003,1.39834,1.39872,1.35,1.50
2011.06.17 09:57:27.443,1.39835,1.39871,1.35,1.88
2011.06.17 09:57:27.663,1.39835,1.39871,1.35,1.88
2011.06.17 09:57:27.883,1.39836,1.39871,2.10,1.88
2011.06.17 09:57:28.431,1.39831,1.39863,1.50,1.35
2011.06.17 09:57:28.655,1.39831,1.39862,1.35,1.50
2011.06.17 09:57:29.203,1.3983,1.39867,2.10,1.13
2011.06.17 09:57:29.754,1.39831,1.39869,1.35,1.35
2011.06.17 09:57:30.414,1.39832,1.39869,1.14,1.35
2011.06.17 09:57:30.744,1.39831,1.39869,1.35,1.35
2011.06.17 09:57:30.963,1.3983,1.39866,2.10,1.50
2011.06.17 09:57:31.184,1.39828,1.39863,1.14,1.35
2011.06.17 09:57:32.065,1.39838,1.39869,1.35,1.50
2011.06.17 09:57:32.175,1.39838,1.39869,2.25,1.50
2011.06.17 09:57:32.639,1.39842,1.39869,2.10,1.13
2011.06.17 09:57:32.749,1.39836,1.39869,2.85,1.13
2011.06.17 09:57:32.865,1.39836,1.39869,2.85,1.13
2011.06.17 09:57:33.413,1.39836,1.39874,3.23,2.25
2011.06.17 09:57:33.633,1.39836,1.39874,2.10,2.25
2011.06.17 09:57:33.855,1.39836,1.39874,2.10,1.50
2011.06.17 09:57:34.734,1.39833,1.39873,1.13,1.50
2011.06.17 09:57:34.844,1.39833,1.39872,1.88,1.50
2011.06.17 09:57:35.063,1.39833,1.39871,1.13,1.50
2011.06.17 09:57:35.394,1.39831,1.39871,1.88,1.50
2011.06.17 09:57:36.812,1.39831,1.39872,1.50,1.50
2011.06.17 09:57:37.144,1.3983,1.39867,1.29,2.10
2011.06.17 09:57:37.693,1.39833,1.39869,2.10,1.50
2011.06.17 09:57:37.912,1.39833,1.39872,2.10,2.25
2011.06.17 09:57:39.202,1.39833,1.39872,2.10,2.25
2011.06.17 09:57:39.313,1.39833,1.39872,2.85,2.25
2011.06.17 09:57:39.533,1.3983,1.39872,1.73,2.25
2011.06.17 09:57:40.093,1.39831,1.39872,1.35,2.25
2011.06.17 09:57:40.424,1.39829,1.39872,3.16,2.85
2011.06.17 09:57:41.633,1.39829,1.39867,2.04,1.50
2011.06.17 09:57:42.182,1.39829,1.39867,2.04,1.50
2011.06.17 09:57:42.685,1.39829,1.39867,1.50,1.50
2011.06.17 09:57:43.232,1.39829,1.39867,1.50,1.50
2011.06.17 09:57:43.452,1.39829,1.39867,1.50,1.50
2011.06.17 09:57:45.624,1.39829,1.39868,1.50,1.13
2011.06.17 09:57:46.094,1.3983,1.39868,1.35,1.13
2011.06.17 09:57:46.428,1.39836,1.39868,1.35,1.13
2011.06.17 09:57:47.733,1.39837,1.39873,1.35,1.35
2011.06.17 09:57:48.625,1.39837,1.39873,1.35,1.35
2011.06.17 09:57:50.415,1.39839,1.39873,1.35,1.35
2011.06.17 09:57:50.743,1.39839,1.39873,1.35,1.35
2011.06.17 09:57:50.852,1.39838,1.39873,1.14,1.35
2011.06.17 09:57:51.184,1.39839,1.39876,2.10,1.13
2011.06.17 09:57:52.312,1.39839,1.3988,2.10,3.60
2011.06.17 09:57:52.835,1.3984,1.3988,1.35,2.25
2011.06.17 09:57:53.067,1.3984,1.39876,2.10,1.50
2011.06.17 09:57:53.295,1.39839,1.39875,1.35,1.50
2011.06.17 09:57:53.404,1.39836,1.39877,1.14,1.50
2011.06.17 09:57:53.516,1.39834,1.39878,1.73,2.85
2011.06.17 09:57:54.177,1.39846,1.39873,2.10,1.50
2011.06.17 09:57:54.515,1.39843,1.39882,2.10,1.35
2011.06.17 09:57:54.734,1.39843,1.3988,1.35,1.50
2011.06.17 09:57:54.952,1.39842,1.3988,1.29,1.50
2011.06.17 09:57:55.173,1.3984,1.3988,2.26,1.50
2011.06.17 09:57:55.723,1.3984,1.39881,3.01,1.50
2011.06.17 09:57:56.510,1.39839,1.39878,1.73,1.50
2011.06.17 09:57:56.615,1.39839,1.39878,1.73,1.50
2011.06.17 09:57:58.052,1.39838,1.39878,1.73,1.50
2011.06.17 09:57:58.275,1.39843,1.39878,1.50,1.50
2011.06.17 09:57:58.605,1.39849,1.39882,1.35,1.50
2011.06.17 09:57:59.045,1.39853,1.39887,4.50,1.88
2011.06.17 09:57:59.380,1.3987,1.39896,1.51,1.50
2011.06.17 09:57:59.826,1.39874,1.39907,1.73,1.50
2011.06.17 09:58:00.153,1.39875,1.39913,1.35,2.25
2011.06.17 09:58:00.620,1.39874,1.39913,2.48,2.25
2011.06.17 09:58:00.734,1.39874,1.39913,2.48,2.25
2011.06.17 09:58:00.954,1.39874,1.39912,2.48,1.50
2011.06.17 09:58:01.284,1.39876,1.39912,1.73,1.50
2011.06.17 09:58:01.504,1.39876,1.39912,1.35,1.50
2011.06.17 09:58:01.724,1.39871,1.39905,1.89,1.35
2011.06.17 09:58:01.835,1.39871,1.3991,1.35,1.13
2011.06.17 09:58:02.166,1.39871,1.39906,1.35,1.50
2011.06.17 09:58:02.714,1.39869,1.39907,2.85,1.88
2011.06.17 09:58:03.538,1.39866,1.39904,1.35,1.50
2011.06.17 09:58:03.655,1.39869,1.39905,2.10,1.50
2011.06.17 09:58:03.764,1.39869,1.39905,2.10,1.50
2011.06.17 09:58:04.093,1.39869,1.39905,2.10,1.88
2011.06.17 09:58:04.205,1.39866,1.39904,1.35,1.50
2011.06.17 09:58:04.864,1.39865,1.39902,2.10,1.50
2011.06.17 09:58:06.216,1.39865,1.39901,2.10,1.50
2011.06.17 09:58:06.324,1.39864,1.39898,1.35,1.35
2011.06.17 09:58:06.432,1.39864,1.39898,1.35,1.35
2011.06.17 09:58:06.652,1.39863,1.39898,1.14,1.35
2011.06.17 09:58:06.984,1.39866,1.39903,1.35,1.13
2011.06.17 09:58:07.687,1.39864,1.39895,1.50,1.35
2011.06.17 09:58:08.135,1.39871,1.39898,2.10,1.13
2011.06.17 09:58:08.468,1.39885,1.39912,1.29,1.50
2011.06.17 09:58:08.585,1.3989,1.39932,1.50,1.88
2011.06.17 09:58:08.697,1.39892,1.39932,1.35,1.35
2011.06.17 09:58:09.037,1.3989,1.3993,2.10,1.50
2011.06.17 09:58:09.156,1.39886,1.39926,1.29,1.35
2011.06.17 09:58:09.375,1.39883,1.3992,1.35,1.88
2011.06.17 09:58:10.268,1.39883,1.3992,1.14,1.13
2011.06.17 09:58:10.387,1.39888,1.39923,1.35,1.88
2011.06.17 09:58:10.615,1.39888,1.39923,1.35,1.13
2011.06.17 09:58:10.728,1.39893,1.39925,2.10,1.50
2011.06.17 09:58:10.847,1.39899,1.39929,1.14,1.50
2011.06.17 09:58:10.968,1.39899,1.39938,1.14,1.13
2011.06.17 09:58:11.195,1.39899,1.39925,1.14,1.50
2011.06.17 09:58:11.964,1.39903,1.39941,1.35,1.35
2011.06.17 09:58:12.077,1.39905,1.39944,2.48,1.50
2011.06.17 09:58:12.196,1.39902,1.39934,1.29,1.35
2011.06.17 09:58:12.307,1.399,1.39927,1.50,1.50
2011.06.17 09:58:12.416,1.39901,1.3993,1.29,1.50
2011.06.17 09:58:12.528,1.39901,1.39933,1.29,1.13
2011.06.17 09:58:12.941,1.39901,1.39942,1.29,1.50
2011.06.17 09:58:13.048,1.39905,1.39947,1.29,2.10
2011.06.17 09:58:13.167,1.39905,1.39947,2.64,1.50
2011.06.17 09:58:13.274,1.3991,1.39947,3.23,1.50
2011.06.17 09:58:13.606,1.39922,1.39951,2.10,1.50
2011.06.17 09:58:13.714,1.39919,1.39951,1.35,1.50
2011.06.17 09:58:13.827,1.3992,1.39957,2.10,1.13
2011.06.17 09:58:14.164,1.3992,1.39957,2.10,1.13
2011.06.17 09:58:14.275,1.39928,1.39957,2.10,1.13
2011.06.17 09:58:14.498,1.39928,1.39968,2.48,2.25
2011.06.17 09:58:14.724,1.39928,1.39965,2.10,1.13
2011.06.17 09:58:14.835,1.39928,1.39965,2.10,1.13
2011.06.17 09:58:15.562,1.39935,1.39975,2.10,1.13
2011.06.17 09:58:16.522,1.39936,1.39971,1.35,1.50
2011.06.17 09:58:16.665,1.39924,1.39956,1.50,1.50
2011.06.17 09:58:16.775,1.39924,1.39955,1.50,1.50
2011.06.17 09:58:16.885,1.3992,1.39955,1.35,1.50
2011.06.17 09:58:16.996,1.39917,1.39953,1.35,1.13
2011.06.17 09:58:17.216,1.39916,1.39948,1.13,2.10
2011.06.17 09:58:17.325,1.39918,1.39947,2.10,1.13
2011.06.17 09:58:17.655,1.39916,1.39947,1.35,1.13
2011.06.17 09:58:17.876,1.3991,1.39946,1.89,1.35
2011.06.17 09:58:18.095,1.3991,1.39944,1.35,1.50
2011.06.17 09:58:18.479,1.3991,1.39944,1.35,1.50
2011.06.17 09:58:19.034,1.39904,1.39942,2.10,1.50
2011.06.17 09:58:19.806,1.39904,1.39928,2.10,1.88
2011.06.17 09:58:19.916,1.39893,1.39928,1.35,3.23
2011.06.17 09:58:20.025,1.39893,1.39925,1.35,1.50
2011.06.17 09:58:20.245,1.39889,1.39926,1.35,1.50
2011.06.17 09:58:20.356,1.39893,1.39928,2.10,1.13
2011.06.17 09:58:20.468,1.39893,1.39928,2.10,1.13
2011.06.17 09:58:20.693,1.39892,1.39926,1.35,2.10
2011.06.17 09:58:20.913,1.3989,1.39926,1.35,2.10
2011.06.17 09:58:21.133,1.39891,1.39927,2.10,1.50
2011.06.17 09:58:22.192,1.39888,1.39922,1.29,2.63
2011.06.17 09:58:22.309,1.3989,1.39922,1.35,1.13
2011.06.17 09:58:22.645,1.39884,1.39918,1.35,2.10
2011.06.17 09:58:22.755,1.39884,1.39918,1.35,2.10
2011.06.17 09:58:23.306,1.39887,1.39924,2.10,1.50
2011.06.17 09:58:23.524,1.39886,1.39921,1.35,1.35
2011.06.17 09:58:23.633,1.39886,1.39921,1.35,1.35
2011.06.17 09:58:23.855,1.39886,1.39921,1.35,1.35
2011.06.17 09:58:24.293,1.39886,1.39921,1.35,1.35
2011.06.17 09:58:24.844,1.39884,1.39921,1.35,1.35
2011.06.17 09:58:25.672,1.39892,1.39926,2.10,1.88
2011.06.17 09:58:25.786,1.39892,1.3993,2.10,1.50
2011.06.17 09:58:26.224,1.39892,1.3993,1.35,1.35
2011.06.17 09:58:26.333,1.39892,1.3993,1.35,1.35
2011.06.17 09:58:26.774,1.39898,1.39931,2.10,1.35
2011.06.17 09:58:26.994,1.39898,1.39928,2.10,1.50
2011.06.17 09:58:27.106,1.39895,1.39926,1.35,1.35
2011.06.17 09:58:27.545,1.39889,1.39921,1.73,1.35
2011.06.17 09:58:27.874,1.39886,1.39915,3.23,1.35
2011.06.17 09:58:28.096,1.39882,1.39912,2.85,1.35
2011.06.17 09:58:28.535,1.3988,1.39919,1.35,1.35
2011.06.17 09:58:28.974,1.39879,1.39917,2.10,1.50
2011.06.17 09:58:29.457,1.39868,1.399,1.35,1.35
2011.06.17 09:58:29.578,1.39876,1.3991,1.35,1.50
2011.06.17 09:58:30.795,1.39874,1.399,2.10,1.35
2011.06.17 09:58:31.235,1.3987,1.39899,1.35,1.35
2011.06.17 09:58:31.453,1.3987,1.39899,1.35,1.35
2011.06.17 09:58:31.783,1.39866,1.39899,2.85,1.35
2011.06.17 09:58:32.005,1.39868,1.39904,2.10,2.48
2011.06.17 09:58:32.226,1.39867,1.39894,1.35,1.50
2011.06.17 09:58:32.337,1.3986,1.39866,1.50,1.88
2011.06.17 09:58:32.448,1.39844,1.39865,1.50,1.13
2011.06.17 09:58:32.827,1.39838,1.39865,1.13,1.13
2011.06.17 09:58:32.942,1.39847,1.39882,2.10,1.50
2011.06.17 09:58:33.275,1.39855,1.3989,2.10,1.50
2011.06.17 09:58:33.604,1.39863,1.3989,2.10,1.50
2011.06.17 09:58:33.824,1.39859,1.3989,2.10,1.50
2011.06.17 09:58:34.044,1.39859,1.39897,2.10,1.35
2011.06.17 09:58:34.153,1.39859,1.39897,2.10,1.35
2011.06.17 09:58:34.764,1.3986,1.39892,2.48,1.50
2011.06.17 09:58:34.985,1.39857,1.39895,1.73,1.35
2011.06.17 09:58:35.094,1.39857,1.39895,1.73,1.35
2011.06.17 09:58:36.014,1.39854,1.39894,2.48,1.50
2011.06.17 09:58:36.234,1.39859,1.39894,1.35,1.50
2011.06.17 09:58:36.564,1.3986,1.39894,2.10,1.50
2011.06.17 09:58:36.894,1.39874,1.39898,2.10,2.25
2011.06.17 09:58:37.227,1.39871,1.39898,1.35,1.50
2011.06.17 09:58:37.334,1.39867,1.39893,2.10,1.50
2011.06.17 09:58:37.445,1.39874,1.39893,2.10,1.50
2011.06.17 09:58:37.665,1.39874,1.39905,2.10,2.85
2011.06.17 09:58:37.885,1.39862,1.39894,3.23,1.35
2011.06.17 09:58:37.995,1.39868,1.39899,2.10,2.10
2011.06.17 09:58:38.324,1.39868,1.39899,2.10,1.35
2011.06.17 09:58:38.655,1.3986,1.39892,2.48,1.35
2011.06.17 09:58:38.764,1.3986,1.39892,2.48,1.35
2011.06.17 09:58:40.816,1.3985,1.39892,2.10,1.50
2011.06.17 09:58:41.154,1.39853,1.39894,1.35,1.88
2011.06.17 09:58:41.263,1.39859,1.39894,2.10,1.88
2011.06.17 09:58:41.484,1.39859,1.39894,2.10,1.88
2011.06.17 09:58:42.145,1.39859,1.39896,2.10,1.50
2011.06.17 09:58:42.692,1.39859,1.39898,2.10,1.50
2011.06.17 09:58:43.025,1.39859,1.39898,2.48,1.50
2011.06.17 09:58:43.355,1.39867,1.39902,2.10,2.25
2011.06.17 09:58:43.687,1.39859,1.39898,1.73,1.50
2011.06.17 09:58:43.917,1.39852,1.39882,1.35,1.50
2011.06.17 09:58:44.038,1.39847,1.39889,2.85,1.50
2011.06.17 09:58:44.598,1.39853,1.39891,2.85,1.50
2011.06.17 09:58:44.825,1.39853,1.39891,1.35,2.10
2011.06.17 09:58:45.047,1.39847,1.3988,2.10,1.50
2011.06.17 09:58:45.275,1.39847,1.39883,1.35,1.35
2011.06.17 09:58:45.715,1.3984,1.39874,1.13,1.50
2011.06.17 09:58:45.936,1.39831,1.39867,2.25,1.13
2011.06.17 09:58:46.265,1.39835,1.39867,1.35,1.13
2011.06.17 09:58:46.484,1.39835,1.39867,1.35,1.13
2011.06.17 09:58:46.594,1.39834,1.39867,2.10,1.13
2011.06.17 09:58:47.156,1.39838,1.3987,1.35,1.50
2011.06.17 09:58:47.499,1.39841,1.39873,2.10,1.13
2011.06.17 09:58:47.835,1.3985,1.39879,2.10,1.50
2011.06.17 09:58:47.946,1.3985,1.39879,2.10,1.50
2011.06.17 09:58:48.274,1.39846,1.39879,1.35,1.50
2011.06.17 09:58:48.386,1.39843,1.39879,2.10,1.50
2011.06.17 09:58:48.496,1.39844,1.39885,1.35,2.10
2011.06.17 09:58:48.829,1.39843,1.39882,2.85,1.50
2011.06.17 09:58:49.054,1.39846,1.39882,1.35,1.50
2011.06.17 09:58:49.276,1.39843,1.39863,1.50,2.10
2011.06.17 09:58:49.395,1.39838,1.39868,2.25,1.13
2011.06.17 09:58:49.837,1.3984,1.39868,1.35,1.13
2011.06.17 09:58:50.293,1.39838,1.39868,2.10,1.50
2011.06.17 09:58:50.406,1.39838,1.39868,2.10,1.50
2011.06.17 09:58:50.513,1.39838,1.39868,2.10,1.50
2011.06.17 09:58:50.734,1.39834,1.39871,1.73,1.13
2011.06.17 09:58:50.844,1.39834,1.3987,1.73,1.13
2011.06.17 09:58:51.173,1.39834,1.3987,1.73,1.13
2011.06.17 09:58:51.535,1.39833,1.39867,2.10,1.50
2011.06.17 09:58:51.649,1.39828,1.39865,1.73,1.88
2011.06.17 09:58:51.875,1.39828,1.39865,1.73,1.88
2011.06.17 09:58:52.094,1.39835,1.39865,2.10,1.88
2011.06.17 09:58:52.316,1.39835,1.3987,2.10,1.50
2011.06.17 09:58:52.533,1.39835,1.39872,2.10,1.50
2011.06.17 09:58:53.414,1.39835,1.39872,2.10,1.88
2011.06.17 09:58:53.525,1.39827,1.39868,3.98,1.35
2011.06.17 09:58:54.777,1.3983,1.39868,1.73,1.35
2011.06.17 09:58:54.995,1.39829,1.39872,1.73,1.50
2011.06.17 09:58:55.544,1.39829,1.3987,1.13,2.10
2011.06.17 09:58:55.766,1.39832,1.39869,1.35,1.50
2011.06.17 09:58:56.533,1.39832,1.39872,1.35,1.50
2011.06.17 09:58:56.865,1.39829,1.39869,2.41,1.50
2011.06.17 09:58:56.976,1.39827,1.3986,1.29,1.50
2011.06.17 09:58:57.085,1.39826,1.39863,1.35,2.25
2011.06.17 09:58:57.414,1.39824,1.39861,2.10,1.50
2011.06.17 09:58:57.525,1.39824,1.39861,2.10,1.50
2011.06.17 09:58:58.061,1.39824,1.39865,3.98,1.88
2011.06.17 09:58:59.277,1.39823,1.39859,2.10,1.13
2011.06.17 09:58:59.504,1.39821,1.39859,2.85,1.13
2011.06.17 09:58:59.615,1.39828,1.39862,2.10,2.25
2011.06.17 09:58:59.728,1.39825,1.39863,1.73,1.50
2011.06.17 09:58:59.848,1.3983,1.39865,2.10,1.50
2011.06.17 09:59:00.074,1.39834,1.39866,2.10,1.50
2011.06.17 09:59:00.296,1.3983,1.3987,1.35,1.35
2011.06.17 09:59:00.403,1.3983,1.3987,1.35,1.35
2011.06.17 09:59:00.624,1.39829,1.39865,1.35,1.35
2011.06.17 09:59:01.097,1.39827,1.39865,1.35,1.35
2011.06.17 09:59:01.435,1.39823,1.39862,2.48,1.35
2011.06.17 09:59:01.764,1.39825,1.39862,1.35,2.10
2011.06.17 09:59:01.874,1.39826,1.39862,1.35,1.50
2011.06.17 09:59:02.313,1.3983,1.39865,1.35,1.13
2011.06.17 09:59:02.644,1.39833,1.39865,1.35,1.13
2011.06.17 09:59:02.974,1.39832,1.39866,1.50,1.35
2011.06.17 09:59:03.084,1.39831,1.39866,1.35,1.35
2011.06.17 09:59:03.634,1.3983,1.39867,2.10,1.13
2011.06.17 09:59:03.743,1.3983,1.39867,2.10,1.13
2011.06.17 09:59:03.855,1.39833,1.39867,1.35,1.13
2011.06.17 09:59:03.964,1.39835,1.39873,1.35,2.48
2011.06.17 09:59:04.471,1.39833,1.39861,1.50,1.13
2011.06.17 09:59:04.584,1.3983,1.39861,1.89,1.13
2011.06.17 09:59:05.028,1.39832,1.39861,2.85,1.13
2011.06.17 09:59:05.254,1.39834,1.39864,1.14,1.13
2011.06.17 09:59:05.365,1.39841,1.39875,1.35,1.50
2011.06.17 09:59:05.695,1.39837,1.39874,1.35,1.50
2011.06.17 09:59:06.026,1.39834,1.39866,1.35,1.13
2011.06.17 09:59:06.243,1.39834,1.39866,1.35,1.13
2011.06.17 09:59:06.353,1.39835,1.39866,1.29,1.13
2011.06.17 09:59:06.798,1.39824,1.39852,1.50,1.13
2011.06.17 09:59:07.026,1.3982,1.39852,1.50,1.13
2011.06.17 09:59:07.620,1.39822,1.39861,2.10,2.25
2011.06.17 09:59:08.617,1.39826,1.39865,1.35,1.35
2011.06.17 09:59:09.063,1.39826,1.39861,1.35,1.50
2011.06.17 09:59:09.613,1.39823,1.39861,1.73,1.50
2011.06.17 09:59:10.275,1.3982,1.39857,1.35,1.35
2011.06.17 09:59:10.826,1.3982,1.39853,1.35,1.50
2011.06.17 09:59:10.934,1.39816,1.39852,1.13,1.35
2011.06.17 09:59:11.045,1.3982,1.39853,1.35,1.50
2011.06.17 09:59:11.612,1.39823,1.39856,2.10,1.50
2011.06.17 09:59:11.725,1.39818,1.39853,1.35,1.50
2011.06.17 09:59:13.603,1.39817,1.39854,2.10,1.13
2011.06.17 09:59:13.823,1.39817,1.39854,2.10,1.88
2011.06.17 09:59:14.044,1.39815,1.39854,2.64,2.63
2011.06.17 09:59:14.154,1.39815,1.39854,2.64,1.88
2011.06.17 09:59:14.372,1.39815,1.39854,3.39,1.88
2011.06.17 09:59:14.595,1.39818,1.39854,1.35,1.13
2011.06.17 09:59:14.813,1.39815,1.39854,2.85,1.88
2011.06.17 09:59:15.362,1.39815,1.39854,2.10,2.63
2011.06.17 09:59:15.863,1.39815,1.39847,2.10,1.50
2011.06.17 09:59:15.990,1.39815,1.39849,2.10,1.13
2011.06.17 09:59:16.547,1.39815,1.39847,2.10,1.50
2011.06.17 09:59:16.776,1.39815,1.39849,2.10,1.13
2011.06.17 09:59:17.109,1.3982,1.39853,2.10,2.25
2011.06.17 09:59:17.225,1.3982,1.39856,2.10,1.50
2011.06.17 09:59:17.445,1.3982,1.39856,2.10,1.50
2011.06.17 09:59:17.554,1.39817,1.39854,2.10,1.50
2011.06.17 09:59:17.993,1.39817,1.3985,2.10,1.50
2011.06.17 09:59:20.296,1.39817,1.39852,2.10,1.88
2011.06.17 09:59:20.845,1.39817,1.39849,2.10,1.50
2011.06.17 09:59:21.504,1.39817,1.39851,2.10,1.50
2011.06.17 09:59:23.824,1.39817,1.39851,2.10,1.50
2011.06.17 09:59:24.367,1.3982,1.39851,2.10,1.50
2011.06.17 09:59:24.484,1.3982,1.39851,2.10,1.50
2011.06.17 09:59:24.813,1.3982,1.39858,2.10,1.13
2011.06.17 09:59:26.035,1.3982,1.39859,3.39,1.50
2011.06.17 09:59:26.256,1.3982,1.39851,1.29,1.50
2011.06.17 09:59:26.365,1.3982,1.3985,1.35,1.50
2011.06.17 09:59:27.027,1.39819,1.3985,2.10,1.50
2011.06.17 09:59:27.253,1.39819,1.39852,2.10,1.13
2011.06.17 09:59:27.474,1.39814,1.39851,1.89,1.13
2011.06.17 09:59:27.803,1.39819,1.39851,2.10,1.88
2011.06.17 09:59:28.794,1.39823,1.39854,1.14,1.50
2011.06.17 09:59:29.124,1.39825,1.3986,2.10,1.50
2011.06.17 09:59:29.453,1.39823,1.3986,1.14,2.25
2011.06.17 09:59:30.475,1.39822,1.39853,2.10,1.50
2011.06.17 09:59:30.804,1.39816,1.39855,1.73,1.13
2011.06.17 09:59:31.354,1.39816,1.39855,1.35,1.50
2011.06.17 09:59:31.574,1.39814,1.39853,1.35,1.50
2011.06.17 09:59:31.904,1.39808,1.39846,2.10,1.35
2011.06.17 09:59:32.235,1.39806,1.39841,1.35,1.50
2011.06.17 09:59:32.344,1.39817,1.39841,1.35,1.50
2011.06.17 09:59:32.564,1.39822,1.39845,2.48,1.50
2011.06.17 09:59:32.785,1.39823,1.39858,1.50,1.50
2011.06.17 09:59:32.893,1.39822,1.39858,1.13,1.50
2011.06.17 09:59:33.004,1.39822,1.39858,3.23,1.50
2011.06.17 09:59:33.116,1.39827,1.39861,1.35,1.50
2011.06.17 09:59:34.050,1.39822,1.39861,2.10,1.50
2011.06.17 09:59:34.387,1.39822,1.39858,2.85,1.50
2011.06.17 09:59:34.715,1.39817,1.39856,1.35,1.13
2011.06.17 09:59:34.825,1.3982,1.39856,1.35,1.13
2011.06.17 09:59:35.047,1.39825,1.39858,1.73,1.50
2011.06.17 09:59:35.934,1.39826,1.39861,1.35,1.13
2011.06.17 09:59:36.156,1.39824,1.39861,1.35,1.13
2011.06.17 09:59:37.524,1.3982,1.39851,1.35,1.13
2011.06.17 09:59:37.863,1.39818,1.39851,2.10,1.13
2011.06.17 09:59:38.195,1.39824,1.39855,2.10,1.50
2011.06.17 09:59:38.636,1.39815,1.39854,3.23,1.50
2011.06.17 09:59:38.855,1.39815,1.39853,3.23,1.50
2011.06.17 09:59:39.513,1.39815,1.39848,1.35,1.13
2011.06.17 09:59:39.624,1.39815,1.39848,2.85,1.13
2011.06.17 09:59:39.737,1.39815,1.39848,1.35,1.13
2011.06.17 09:59:40.075,1.39814,1.39848,2.10,1.13
2011.06.17 09:59:40.294,1.39814,1.39848,2.10,1.13
2011.06.17 09:59:40.514,1.3982,1.39852,2.10,1.50
2011.06.17 09:59:40.624,1.3982,1.39852,2.10,1.50
2011.06.17 09:59:41.170,1.39818,1.39854,1.14,1.50
2011.06.17 09:59:41.505,1.39819,1.39854,2.85,1.50
2011.06.17 09:59:41.833,1.39827,1.39859,2.10,1.50
2011.06.17 09:59:42.165,1.39827,1.3986,2.10,1.13
2011.06.17 09:59:42.274,1.39824,1.3986,1.35,1.13
2011.06.17 09:59:42.604,1.39821,1.39859,2.85,1.50
2011.06.17 09:59:43.074,1.39821,1.39859,2.10,1.50
2011.06.17 09:59:44.064,1.39822,1.39858,1.35,1.13
2011.06.17 09:59:44.285,1.3982,1.39858,1.35,1.13
2011.06.17 09:59:44.942,1.3982,1.39858,1.35,1.13
2011.06.17 09:59:45.385,1.39822,1.39859,2.85,1.50
2011.06.17 09:59:45.825,1.39825,1.39862,1.35,1.50
2011.06.17 09:59:46.045,1.39822,1.39863,2.85,1.50
2011.06.17 09:59:46.594,1.39823,1.39863,1.35,1.50
2011.06.17 09:59:47.154,1.39827,1.39863,1.35,1.50
2011.06.17 09:59:47.373,1.39824,1.39863,1.35,1.50
2011.06.17 09:59:48.154,1.39822,1.39862,2.10,1.13
2011.06.17 09:59:48.374,1.39821,1.39861,1.35,1.50
2011.06.17 09:59:48.593,1.39822,1.39862,1.35,1.13
2011.06.17 09:59:48.923,1.39822,1.39862,1.35,1.13
2011.06.17 09:59:49.472,1.39822,1.39862,1.35,1.13
2011.06.17 09:59:49.805,1.3982,1.39851,2.04,2.63
2011.06.17 09:59:50.869,1.39813,1.39845,1.35,1.50
2011.06.17 09:59:51.041,1.39816,1.39853,1.35,1.50
2011.06.17 09:59:51.265,1.39819,1.39855,2.10,1.50
2011.06.17 09:59:51.484,1.39818,1.39855,1.35,1.50
2011.06.17 09:59:51.704,1.39817,1.39845,1.14,1.50
2011.06.17 09:59:52.254,1.39817,1.39843,1.14,1.50
2011.06.17 09:59:53.356,1.39813,1.39845,1.50,1.50
2011.06.17 09:59:53.577,1.39806,1.3984,1.14,1.50
2011.06.17 09:59:53.915,1.3981,1.39835,1.35,1.50
2011.06.17 09:59:54.596,1.39812,1.39834,2.10,1.50
2011.06.17 09:59:55.175,1.39812,1.39834,2.10,1.50
2011.06.17 09:59:56.055,1.39809,1.39833,1.35,1.50
2011.06.17 09:59:56.387,1.39804,1.39831,1.73,1.50
2011.06.17 09:59:56.496,1.39804,1.39828,1.50,1.50
2011.06.17 09:59:56.617,1.398,1.39828,1.35,1.50
2011.06.17 09:59:56.735,1.398,1.39824,1.35,1.50
2011.06.17 09:59:57.394,1.39794,1.39824,2.48,1.50
2011.06.17 09:59:57.849,1.39788,1.39824,1.35,1.50
2011.06.17 09:59:57.965,1.3979,1.39824,1.35,1.50
2011.06.17 09:59:58.295,1.39786,1.39819,1.66,1.50
2011.06.17 09:59:58.735,1.39785,1.39818,1.73,1.50
2011.06.17 09:59:59.066,1.39785,1.39818,1.73,1.50
2011.06.17 09:59:59.506,1.39787,1.39811,1.35,1.50
2011.06.17 09:59:59.835,1.39801,1.39813,1.35,1.50
