2013.01.30 10:00:01.112,1.3559,1.35613,1.50,1.50
2013.01.30 10:00:01.422,1.35597,1.35617,1.50,3.00
2013.01.30 10:00:01.783,1.35598,1.3562,1.50,1.50
2013.01.30 10:00:01.973,1.35598,1.35618,1.50,1.50
2013.01.30 10:00:02.276,1.35594,1.35614,1.50,1.50
2013.01.30 10:00:02.525,1.35594,1.35615,1.50,1.50
2013.01.30 10:00:02.971,1.35594,1.35615,1.50,1.50
2013.01.30 10:00:03.851,1.35594,1.35617,2.25,1.50
2013.01.30 10:00:05.402,1.35596,1.35617,2.25,1.50
2013.01.30 10:00:05.733,1.35594,1.35617,2.25,2.25
2013.01.30 10:00:06.411,1.35594,1.35617,3.00,1.50
2013.01.30 10:00:06.765,1.35599,1.35617,1.50,1.50
2013.01.30 10:00:08.342,1.35595,1.35617,6.75,2.25
2013.01.30 10:00:08.861,1.35598,1.35617,1.32,2.25
2013.01.30 10:00:09.201,1.35598,1.35619,1.32,1.50
2013.01.30 10:00:10.549,1.35598,1.35619,1.32,1.50
2013.01.30 10:00:11.963,1.35597,1.35617,1.50,2.07
2013.01.30 10:00:12.094,1.35598,1.35616,1.32,2.25
2013.01.30 10:00:12.283,1.35598,1.35618,1.32,1.50
2013.01.30 10:00:12.802,1.35597,1.35618,1.32,1.50
2013.01.30 10:00:13.042,1.35598,1.35616,1.32,1.50
2013.01.30 10:00:13.351,1.35592,1.35613,2.63,1.50
2013.01.30 10:00:14.042,1.3559,1.3561,1.32,1.50
2013.01.30 10:00:14.605,1.3559,1.3561,1.32,1.50
2013.01.30 10:00:14.933,1.35593,1.3561,1.32,1.73
2013.01.30 10:00:15.688,1.35591,1.3561,1.13,1.73
2013.01.30 10:00:16.431,1.3559,1.3561,1.88,1.65
2013.01.30 10:00:16.551,1.3559,1.3561,1.88,1.65
2013.01.30 10:00:16.883,1.3559,1.35609,1.32,1.65
2013.01.30 10:00:19.253,1.3559,1.35608,1.32,1.73
2013.01.30 10:00:19.522,1.35588,1.35609,1.32,3.23
2013.01.30 10:00:19.642,1.35587,1.35609,1.32,3.98
2013.01.30 10:00:19.952,1.35584,1.35605,3.57,1.73
2013.01.30 10:00:21.881,1.35583,1.35605,1.88,2.48
2013.01.30 10:00:22.083,1.35583,1.35602,1.32,1.73
2013.01.30 10:00:22.211,1.3558,1.35602,2.07,2.48
2013.01.30 10:00:22.723,1.3558,1.35599,1.32,1.73
2013.01.30 10:00:23.251,1.35579,1.35598,1.32,2.48
2013.01.30 10:00:23.653,1.3558,1.35598,1.50,1.73
2013.01.30 10:00:25.702,1.35578,1.35595,2.25,1.73
2013.01.30 10:00:26.204,1.35579,1.35594,1.50,1.73
2013.01.30 10:00:27.583,1.35579,1.35596,3.00,2.29
2013.01.30 10:00:28.969,1.35579,1.35599,1.50,2.29
2013.01.30 10:00:30.333,1.35579,1.35598,2.25,1.73
2013.01.30 10:00:30.653,1.3558,1.35598,1.50,1.73
2013.01.30 10:00:30.905,1.35584,1.35603,1.50,1.73
2013.01.30 10:00:31.454,1.35583,1.35603,2.07,1.73
2013.01.30 10:00:32.495,1.35583,1.35602,1.32,1.73
2013.01.30 10:00:32.564,1.3558,1.35598,1.50,1.35
2013.01.30 10:00:32.877,1.35582,1.35597,1.50,2.29
2013.01.30 10:00:33.002,1.35582,1.35601,1.50,1.73
2013.01.30 10:00:33.122,1.35582,1.35601,1.50,1.73
2013.01.30 10:00:33.361,1.35582,1.35603,2.25,2.29
2013.01.30 10:00:33.541,1.35586,1.35603,1.50,1.39
2013.01.30 10:00:37.913,1.35588,1.35608,1.50,1.69
2013.01.30 10:00:37.982,1.35591,1.35609,1.50,1.69
2013.01.30 10:00:38.592,1.35591,1.35609,1.50,1.69
2013.01.30 10:00:38.894,1.35581,1.35594,1.88,2.44
2013.01.30 10:00:39.023,1.35579,1.35594,2.70,2.44
2013.01.30 10:00:41.492,1.35578,1.35592,2.25,1.13
2013.01.30 10:00:42.292,1.35579,1.35592,1.50,1.88
2013.01.30 10:00:43.152,1.35579,1.35592,3.00,1.13
2013.01.30 10:00:43.356,1.35579,1.35597,3.00,2.10
2013.01.30 10:00:43.543,1.35579,1.35597,1.50,2.10
2013.01.30 10:00:44.082,1.35579,1.35597,1.50,2.10
2013.01.30 10:00:44.201,1.35579,1.35597,1.50,2.67
2013.01.30 10:00:48.171,1.35579,1.35597,3.00,1.35
2013.01.30 10:00:48.660,1.35579,1.35599,1.50,2.10
2013.01.30 10:00:48.793,1.35581,1.356,1.50,2.85
2013.01.30 10:00:50.193,1.3559,1.35607,1.47,1.88
2013.01.30 10:00:50.321,1.3559,1.35607,1.47,1.73
2013.01.30 10:00:50.502,1.35586,1.35607,1.28,1.73
2013.01.30 10:00:50.755,1.35586,1.35605,1.28,3.23
2013.01.30 10:00:52.712,1.35585,1.35605,1.84,2.48
2013.01.30 10:00:54.962,1.35583,1.35603,2.03,1.50
2013.01.30 10:00:55.342,1.35582,1.35602,2.40,1.69
2013.01.30 10:00:55.402,1.35581,1.35601,1.47,1.69
2013.01.30 10:00:55.771,1.35579,1.356,3.90,1.73
2013.01.30 10:00:57.202,1.35579,1.35599,2.22,1.50
2013.01.30 10:00:57.511,1.3558,1.35601,1.65,1.88
2013.01.30 10:00:57.631,1.35582,1.35602,2.07,1.13
2013.01.30 10:00:57.935,1.35587,1.35606,1.50,2.10
2013.01.30 10:00:58.259,1.3559,1.35606,1.50,1.13
2013.01.30 10:01:03.338,1.3559,1.35607,1.50,1.28
2013.01.30 10:01:03.863,1.3559,1.35609,1.50,2.10
2013.01.30 10:01:06.171,1.3559,1.35606,1.50,1.13
2013.01.30 10:01:07.822,1.3559,1.35606,1.50,1.13
2013.01.30 10:01:09.196,1.35588,1.35606,2.07,1.13
2013.01.30 10:01:09.263,1.35583,1.35606,3.38,2.44
2013.01.30 10:01:09.391,1.35583,1.35603,2.40,1.73
2013.01.30 10:01:10.800,1.35583,1.35603,2.63,1.73
2013.01.30 10:01:13.148,1.35583,1.35603,2.63,1.73
2013.01.30 10:01:18.580,1.35584,1.35605,1.65,1.54
2013.01.30 10:01:20.419,1.3558,1.35602,2.59,3.23
2013.01.30 10:01:22.602,1.35581,1.35601,1.13,1.73
2013.01.30 10:01:25.641,1.35583,1.35604,1.88,2.29
2013.01.30 10:01:25.704,1.35587,1.35606,1.32,3.04
2013.01.30 10:01:25.771,1.35588,1.35606,1.69,2.29
2013.01.30 10:01:26.131,1.35589,1.35609,1.65,1.73
2013.01.30 10:01:26.252,1.35595,1.35611,1.32,1.65
2013.01.30 10:01:26.673,1.3559,1.3561,1.47,2.25
2013.01.30 10:01:27.238,1.3559,1.35609,1.47,1.50
2013.01.30 10:01:27.372,1.35589,1.35609,1.65,1.50
2013.01.30 10:01:27.551,1.35588,1.35609,2.78,1.50
2013.01.30 10:01:27.611,1.35588,1.35609,4.28,2.25
2013.01.30 10:01:27.671,1.3559,1.35609,1.47,2.25
2013.01.30 10:01:28.212,1.35591,1.35609,1.32,1.50
2013.01.30 10:01:28.571,1.35589,1.35608,2.03,1.50
2013.01.30 10:01:29.254,1.35593,1.35608,1.88,1.50
2013.01.30 10:01:29.382,1.35594,1.35611,2.07,1.65
2013.01.30 10:01:29.443,1.35598,1.35611,1.13,1.50
2013.01.30 10:01:29.692,1.35598,1.35616,1.13,1.50
2013.01.30 10:01:30.244,1.35594,1.35614,2.44,1.50
2013.01.30 10:01:38.823,1.35595,1.35615,2.82,1.50
2013.01.30 10:01:38.895,1.35602,1.35616,1.28,1.50
2013.01.30 10:01:39.026,1.35602,1.3562,1.28,1.50
2013.01.30 10:01:42.964,1.35603,1.35621,1.32,2.25
2013.01.30 10:01:44.011,1.35603,1.35621,1.32,1.65
2013.01.30 10:01:49.693,1.356,1.35621,6.38,1.50
2013.01.30 10:01:50.832,1.35603,1.35621,1.32,1.50
2013.01.30 10:01:51.192,1.35601,1.35622,2.22,1.50
2013.01.30 10:01:52.302,1.35603,1.35623,1.32,1.50
2013.01.30 10:02:03.162,1.356,1.35616,3.15,1.13
2013.01.30 10:02:03.472,1.35604,1.35622,2.07,1.73
2013.01.30 10:02:03.532,1.35605,1.35624,1.32,1.13
2013.01.30 10:02:04.073,1.35605,1.35624,1.32,1.13
2013.01.30 10:02:04.673,1.35605,1.35624,1.32,1.13
2013.01.30 10:02:04.976,1.35607,1.35626,1.32,1.35
2013.01.30 10:02:05.043,1.35607,1.35627,2.44,1.73
2013.01.30 10:02:05.104,1.35611,1.35627,2.03,1.50
2013.01.30 10:02:05.241,1.35613,1.35633,1.50,1.73
2013.01.30 10:02:05.840,1.35613,1.35633,1.50,1.73
2013.01.30 10:02:06.394,1.35613,1.35633,1.50,1.73
2013.01.30 10:02:07.061,1.35612,1.35633,2.07,1.73
2013.01.30 10:02:07.431,1.35612,1.35632,2.07,1.73
2013.01.30 10:02:08.006,1.35612,1.35632,1.32,2.48
2013.01.30 10:02:11.221,1.35611,1.3563,1.65,1.73
2013.01.30 10:02:11.524,1.3561,1.35629,1.47,1.73
2013.01.30 10:02:11.655,1.35614,1.35629,1.32,1.73
2013.01.30 10:02:12.142,1.35615,1.35634,2.07,1.13
2013.01.30 10:02:12.691,1.35616,1.35635,1.50,1.13
2013.01.30 10:02:12.752,1.35616,1.35637,1.50,1.35
2013.01.30 10:02:13.292,1.35616,1.35637,1.50,1.35
2013.01.30 10:02:13.942,1.35617,1.35637,2.29,1.13
2013.01.30 10:02:16.982,1.35619,1.35635,1.13,1.13
2013.01.30 10:02:17.869,1.3562,1.35635,1.54,1.13
2013.01.30 10:02:18.181,1.3562,1.35636,1.54,1.13
2013.01.30 10:02:19.783,1.3562,1.35636,1.54,1.13
2013.01.30 10:02:20.103,1.35621,1.35637,1.54,1.13
2013.01.30 10:02:20.871,1.35622,1.35639,1.54,1.13
2013.01.30 10:02:21.052,1.35624,1.35639,1.50,1.13
2013.01.30 10:02:21.883,1.35626,1.35641,2.07,1.13
2013.01.30 10:02:23.342,1.35627,1.35641,1.54,1.13
2013.01.30 10:02:26.633,1.35624,1.35644,5.29,2.03
2013.01.30 10:02:26.943,1.35623,1.35644,1.88,2.03
2013.01.30 10:02:28.231,1.35623,1.3564,1.32,1.35
2013.01.30 10:02:30.153,1.35623,1.35643,1.32,1.35
2013.01.30 10:02:30.942,1.35623,1.35643,1.32,1.35
2013.01.30 10:02:31.929,1.35622,1.35638,1.32,1.13
2013.01.30 10:02:32.472,1.35618,1.35636,1.32,1.13
2013.01.30 10:02:34.411,1.35617,1.35638,2.78,2.10
2013.01.30 10:02:35.154,1.35617,1.35636,2.63,1.35
2013.01.30 10:02:36.195,1.35617,1.35638,3.00,1.50
2013.01.30 10:02:37.075,1.35617,1.35636,1.50,3.00
2013.01.30 10:02:37.884,1.35616,1.35636,1.50,3.00
2013.01.30 10:02:38.765,1.35615,1.35636,2.44,3.00
2013.01.30 10:02:42.544,1.35615,1.35635,2.22,1.50
2013.01.30 10:02:43.281,1.35615,1.35635,2.22,1.50
2013.01.30 10:02:43.712,1.35617,1.35638,2.85,2.40
2013.01.30 10:02:44.084,1.35617,1.35638,2.85,2.40
2013.01.30 10:02:44.794,1.35626,1.35642,1.17,2.25
2013.01.30 10:02:44.876,1.3563,1.35648,1.54,2.55
2013.01.30 10:02:45.014,1.3563,1.35648,1.54,1.65
2013.01.30 10:02:48.453,1.35631,1.3565,1.73,1.88
2013.01.30 10:02:49.021,1.35631,1.3565,1.73,1.13
2013.01.30 10:02:50.171,1.35636,1.35651,1.69,2.25
2013.01.30 10:02:50.411,1.35636,1.35655,2.67,1.50
2013.01.30 10:02:50.962,1.35636,1.35654,1.17,1.50
2013.01.30 10:02:52.287,1.35635,1.35654,1.17,1.50
2013.01.30 10:02:53.083,1.35636,1.35654,1.17,1.50
2013.01.30 10:02:53.941,1.35638,1.35657,1.69,2.25
2013.01.30 10:02:55.423,1.35638,1.35657,1.69,2.25
2013.01.30 10:03:00.643,1.35638,1.35657,5.44,1.73
2013.01.30 10:03:00.714,1.3564,1.35657,1.13,1.50
2013.01.30 10:03:00.843,1.35638,1.35657,1.50,1.73
2013.01.30 10:03:02.872,1.35636,1.35657,1.17,1.73
2013.01.30 10:03:05.532,1.35639,1.35659,1.47,1.65
2013.01.30 10:03:05.714,1.35642,1.35659,1.69,1.50
2013.01.30 10:03:05.962,1.35638,1.35657,1.13,1.73
2013.01.30 10:03:08.282,1.35641,1.35661,1.47,3.00
2013.01.30 10:03:08.592,1.35639,1.35657,1.13,1.73
2013.01.30 10:03:08.992,1.35637,1.35657,1.13,1.73
2013.01.30 10:03:09.511,1.35637,1.35657,2.44,1.73
2013.01.30 10:03:10.881,1.35637,1.35659,3.00,2.25
2013.01.30 10:03:11.002,1.35641,1.3566,1.50,1.50
2013.01.30 10:03:11.244,1.35639,1.3566,1.47,2.25
2013.01.30 10:03:13.342,1.35639,1.3566,1.47,2.25
2013.01.30 10:03:15.381,1.35637,1.35657,1.69,2.25
2013.01.30 10:03:16.544,1.35639,1.35657,1.47,1.50
2013.01.30 10:03:17.315,1.35637,1.35657,1.69,2.48
2013.01.30 10:03:19.312,1.35638,1.35658,1.50,2.25
2013.01.30 10:03:19.961,1.35636,1.35655,2.67,1.50
2013.01.30 10:03:20.036,1.35636,1.35656,1.92,2.07
2013.01.30 10:03:20.162,1.35637,1.35657,1.69,2.25
2013.01.30 10:03:21.021,1.35637,1.35657,2.25,2.25
2013.01.30 10:03:22.207,1.35637,1.35657,2.25,2.25
2013.01.30 10:03:23.241,1.35636,1.35656,1.69,1.50
2013.01.30 10:03:24.000,1.35636,1.35657,1.69,2.25
2013.01.30 10:03:24.763,1.35636,1.35656,1.69,1.50
2013.01.30 10:03:24.953,1.35636,1.35655,1.69,1.50
2013.01.30 10:03:26.212,1.35639,1.35658,1.69,1.65
2013.01.30 10:03:26.272,1.35642,1.35659,1.32,1.13
2013.01.30 10:03:26.573,1.35644,1.3566,1.88,1.13
2013.01.30 10:03:27.154,1.35644,1.35664,2.10,1.28
2013.01.30 10:03:28.241,1.35645,1.35662,1.35,1.13
2013.01.30 10:03:30.821,1.35645,1.35661,1.35,1.13
2013.01.30 10:03:33.436,1.35646,1.35663,1.13,1.13
2013.01.30 10:03:33.762,1.35646,1.35662,1.13,1.13
2013.01.30 10:03:34.671,1.35646,1.35662,1.35,1.13
2013.01.30 10:03:34.746,1.35646,1.35662,1.13,1.13
2013.01.30 10:03:35.870,1.35644,1.35662,2.10,1.13
2013.01.30 10:03:36.634,1.35645,1.35665,1.17,2.40
2013.01.30 10:03:37.202,1.35645,1.35665,1.17,1.50
2013.01.30 10:03:38.162,1.35645,1.35665,1.17,1.50
2013.01.30 10:03:38.692,1.35646,1.35664,1.17,1.50
2013.01.30 10:03:39.071,1.35645,1.35664,1.92,1.50
2013.01.30 10:03:44.222,1.35645,1.35664,1.92,1.50
2013.01.30 10:03:44.725,1.35647,1.35668,1.50,1.65
2013.01.30 10:03:45.234,1.35647,1.35668,1.50,1.65
2013.01.30 10:03:45.854,1.35647,1.35668,1.13,1.88
2013.01.30 10:03:48.690,1.35647,1.35668,1.13,1.88
2013.01.30 10:03:50.357,1.35646,1.35668,1.47,1.88
2013.01.30 10:03:51.543,1.35646,1.35667,1.47,1.65
2013.01.30 10:03:52.219,1.35646,1.35667,1.47,1.65
2013.01.30 10:03:52.544,1.35645,1.35661,1.54,1.50
2013.01.30 10:03:53.105,1.35645,1.35664,1.32,1.73
2013.01.30 10:03:53.196,1.35645,1.35664,1.32,1.73
2013.01.30 10:03:57.302,1.35645,1.35664,1.32,1.73
2013.01.30 10:03:57.425,1.35644,1.35664,1.88,2.48
2013.01.30 10:03:58.082,1.35644,1.35664,1.32,2.48
2013.01.30 10:04:00.502,1.35647,1.35664,1.13,2.48
2013.01.30 10:04:00.920,1.35643,1.35665,1.32,2.48
2013.01.30 10:04:02.541,1.35644,1.35665,2.82,1.73
2013.01.30 10:04:02.842,1.35647,1.35666,1.88,1.88
2013.01.30 10:04:03.271,1.35646,1.35666,1.32,1.88
2013.01.30 10:04:04.251,1.35645,1.35663,1.13,1.73
2013.01.30 10:04:05.521,1.35645,1.35663,1.35,1.50
2013.01.30 10:04:06.030,1.35645,1.35663,1.35,1.50
2013.01.30 10:04:07.712,1.35642,1.35662,1.73,3.00
2013.01.30 10:04:07.771,1.35641,1.35661,1.50,1.73
2013.01.30 10:04:07.891,1.35638,1.35659,1.05,2.48
2013.01.30 10:04:08.313,1.35637,1.35657,1.13,3.98
2013.01.30 10:04:08.383,1.35635,1.35654,2.10,1.50
2013.01.30 10:04:08.722,1.35635,1.35653,1.35,1.50
2013.01.30 10:04:09.081,1.35631,1.35652,3.00,1.50
2013.01.30 10:04:09.261,1.35632,1.35652,1.69,1.50
2013.01.30 10:04:09.874,1.35632,1.35653,2.25,3.98
2013.01.30 10:04:10.203,1.35632,1.35652,1.50,1.73
2013.01.30 10:04:10.802,1.35633,1.35653,1.17,1.73
2013.01.30 10:04:11.311,1.35632,1.35653,2.44,2.70
2013.01.30 10:04:11.371,1.35632,1.35651,1.32,1.88
2013.01.30 10:04:11.551,1.35627,1.35648,5.25,1.73
2013.01.30 10:04:12.856,1.35628,1.35647,1.17,1.50
2013.01.30 10:04:13.692,1.35628,1.35647,1.17,1.50
2013.01.30 10:04:14.159,1.35623,1.35643,1.28,2.48
2013.01.30 10:04:14.713,1.35623,1.35643,1.13,1.50
2013.01.30 10:04:15.907,1.35623,1.35644,1.13,2.25
2013.01.30 10:04:16.592,1.35626,1.35644,1.28,1.65
2013.01.30 10:04:16.902,1.35628,1.35647,2.29,1.13
2013.01.30 10:04:17.634,1.35628,1.35647,2.29,1.13
2013.01.30 10:04:18.260,1.35629,1.35647,1.32,1.13
2013.01.30 10:04:18.778,1.35629,1.35647,1.32,1.13
2013.01.30 10:04:19.621,1.35629,1.35647,1.32,1.13
2013.01.30 10:04:19.930,1.35627,1.35645,1.32,1.65
2013.01.30 10:04:20.363,1.35625,1.35643,1.65,1.73
2013.01.30 10:04:21.822,1.35625,1.35644,1.65,2.25
2013.01.30 10:04:23.272,1.35625,1.35644,1.65,2.25
2013.01.30 10:04:23.803,1.35624,1.35642,1.13,2.33
2013.01.30 10:04:23.931,1.35624,1.35644,1.17,1.50
2013.01.30 10:04:24.474,1.35625,1.35647,1.13,2.85
2013.01.30 10:04:25.552,1.35626,1.35647,1.69,2.10
2013.01.30 10:04:25.671,1.35626,1.35647,1.69,1.88
2013.01.30 10:04:25.733,1.35629,1.35647,1.54,1.13
2013.01.30 10:04:26.316,1.35632,1.35648,2.63,1.13
2013.01.30 10:04:26.950,1.35634,1.35654,2.07,2.63
2013.01.30 10:04:27.011,1.35634,1.35654,2.07,2.63
2013.01.30 10:04:27.392,1.35634,1.35653,1.50,3.19
2013.01.30 10:04:27.522,1.35629,1.3565,1.13,1.73
2013.01.30 10:04:27.705,1.35629,1.3565,1.13,1.73
2013.01.30 10:04:28.774,1.35631,1.3565,1.32,1.73
2013.01.30 10:04:28.843,1.35632,1.35651,1.32,2.63
2013.01.30 10:04:28.913,1.35634,1.35651,2.07,1.13
2013.01.30 10:04:29.455,1.35635,1.35653,1.32,1.13
2013.01.30 10:04:30.202,1.35635,1.35653,1.32,1.13
2013.01.30 10:04:30.824,1.35635,1.35655,2.29,1.13
2013.01.30 10:04:31.700,1.35635,1.35653,2.29,1.13
2013.01.30 10:04:33.871,1.35635,1.35653,2.29,1.13
2013.01.30 10:04:34.433,1.35633,1.35653,1.54,1.13
2013.01.30 10:04:34.625,1.35632,1.3565,2.10,2.85
2013.01.30 10:04:34.933,1.35628,1.3565,1.92,3.23
2013.01.30 10:04:35.192,1.35626,1.35647,2.07,1.73
2013.01.30 10:04:36.461,1.35629,1.35649,1.13,1.73
2013.01.30 10:04:38.313,1.35627,1.35648,1.09,2.48
2013.01.30 10:04:38.622,1.35624,1.35642,2.85,1.65
2013.01.30 10:04:38.684,1.35624,1.35639,1.54,1.50
2013.01.30 10:04:39.241,1.3562,1.35641,1.50,1.88
2013.01.30 10:04:39.924,1.35619,1.35639,1.32,1.73
2013.01.30 10:04:40.438,1.35618,1.35638,1.47,1.73
2013.01.30 10:04:40.854,1.35616,1.35637,1.88,1.50
2013.01.30 10:04:40.922,1.35616,1.35636,1.88,1.50
2013.01.30 10:04:41.122,1.35615,1.35633,1.13,2.25
2013.01.30 10:04:42.052,1.35613,1.35633,2.82,2.85
2013.01.30 10:04:42.613,1.35613,1.35631,2.29,1.13
2013.01.30 10:04:42.682,1.35613,1.35633,3.04,1.13
2013.01.30 10:04:43.473,1.35612,1.35631,1.50,1.95
2013.01.30 10:04:43.806,1.3561,1.35629,1.50,1.13
2013.01.30 10:04:44.215,1.35612,1.35632,1.50,1.35
2013.01.30 10:04:44.522,1.35615,1.35635,1.50,2.10
2013.01.30 10:04:44.705,1.35619,1.35639,1.50,1.65
2013.01.30 10:04:44.892,1.35622,1.35642,1.32,3.23
2013.01.30 10:04:45.012,1.35623,1.35642,1.54,1.32
2013.01.30 10:04:45.157,1.35622,1.35641,1.73,1.35
2013.01.30 10:04:45.461,1.35619,1.35635,1.13,1.50
2013.01.30 10:04:45.523,1.35619,1.35638,1.13,1.73
2013.01.30 10:04:45.913,1.35619,1.35632,1.13,1.13
2013.01.30 10:04:46.175,1.35612,1.35632,2.40,1.88
2013.01.30 10:04:46.333,1.35612,1.3563,2.25,1.13
2013.01.30 10:04:46.524,1.35612,1.35629,2.25,1.32
2013.01.30 10:04:47.011,1.35608,1.35628,2.40,2.33
2013.01.30 10:04:47.132,1.35608,1.35627,2.40,1.58
2013.01.30 10:04:47.404,1.35608,1.35626,1.65,1.50
2013.01.30 10:04:47.891,1.35609,1.35629,1.65,2.48
2013.01.30 10:04:47.955,1.35609,1.3563,1.65,1.73
2013.01.30 10:04:48.321,1.35608,1.35629,2.22,1.73
2013.01.30 10:04:51.721,1.35608,1.35627,1.65,1.50
2013.01.30 10:04:53.710,1.35608,1.35627,1.65,1.73
2013.01.30 10:04:54.213,1.35607,1.35626,1.69,1.73
2013.01.30 10:04:54.525,1.35605,1.35622,1.13,1.13
2013.01.30 10:04:54.594,1.35601,1.35618,1.32,1.13
2013.01.30 10:04:54.662,1.35601,1.35619,1.32,2.70
2013.01.30 10:04:54.782,1.35601,1.35619,1.32,3.45
2013.01.30 10:04:56.389,1.35598,1.35618,1.50,1.73
2013.01.30 10:04:58.478,1.35598,1.35618,1.50,1.88
2013.01.30 10:04:58.981,1.35597,1.35617,1.50,1.13
2013.01.30 10:05:04.412,1.35596,1.35618,3.15,1.88
2013.01.30 10:05:04.592,1.35598,1.35618,2.25,1.13
2013.01.30 10:05:04.893,1.35603,1.35621,2.07,1.17
2013.01.30 10:05:05.773,1.35606,1.35624,1.50,1.50
2013.01.30 10:05:07.951,1.35606,1.35621,1.32,1.13
2013.01.30 10:05:09.182,1.35604,1.35624,1.50,2.73
2013.01.30 10:05:09.304,1.35602,1.3562,1.32,1.35
2013.01.30 10:05:09.432,1.35603,1.35624,1.32,1.35
2013.01.30 10:05:09.552,1.35603,1.35624,1.47,1.35
2013.01.30 10:05:10.380,1.35603,1.35624,2.22,1.35
2013.01.30 10:05:10.770,1.35605,1.35624,2.07,1.35
2013.01.30 10:05:11.883,1.3561,1.35626,1.13,1.73
2013.01.30 10:05:12.013,1.3561,1.35629,1.88,1.13
2013.01.30 10:05:12.204,1.35613,1.35634,2.29,1.17
2013.01.30 10:05:12.393,1.35613,1.35635,2.29,2.33
2013.01.30 10:05:12.958,1.35612,1.35633,2.03,1.73
2013.01.30 10:05:13.321,1.35608,1.35628,2.25,2.48
2013.01.30 10:05:13.682,1.35608,1.35628,1.69,1.50
2013.01.30 10:05:15.454,1.35608,1.3563,3.98,1.73
2013.01.30 10:05:16.001,1.35611,1.35634,2.44,3.79
2013.01.30 10:05:16.529,1.35611,1.35634,3.19,3.04
2013.01.30 10:05:16.606,1.35611,1.35634,2.97,3.04
2013.01.30 10:05:16.931,1.35611,1.35633,2.22,1.73
2013.01.30 10:05:16.991,1.35611,1.35632,2.22,1.73
2013.01.30 10:05:17.855,1.35611,1.35633,2.22,1.73
2013.01.30 10:05:17.983,1.35611,1.35634,2.97,4.54
2013.01.30 10:05:21.375,1.35614,1.35635,1.32,3.23
2013.01.30 10:05:21.622,1.35614,1.35635,1.32,3.00
2013.01.30 10:05:21.684,1.35614,1.35635,1.32,3.23
2013.01.30 10:05:22.892,1.35612,1.35633,2.40,2.29
2013.01.30 10:05:23.072,1.3561,1.35632,2.63,1.73
2013.01.30 10:05:23.372,1.35611,1.35631,2.22,1.50
2013.01.30 10:05:23.930,1.35613,1.35633,1.32,2.48
2013.01.30 10:05:24.532,1.35613,1.35632,1.50,1.73
2013.01.30 10:05:24.602,1.35614,1.35632,1.50,1.73
2013.01.30 10:05:24.723,1.35614,1.35634,1.50,2.48
2013.01.30 10:05:24.852,1.35614,1.35634,2.07,2.48
2013.01.30 10:05:30.691,1.35616,1.35636,2.22,1.13
2013.01.30 10:05:31.165,1.35618,1.35631,1.50,1.50
2013.01.30 10:05:31.234,1.35617,1.35632,1.50,1.73
2013.01.30 10:05:31.305,1.35617,1.35635,1.50,1.13
2013.01.30 10:05:31.373,1.35616,1.35633,1.65,1.32
2013.01.30 10:05:31.562,1.35616,1.35635,1.65,1.88
2013.01.30 10:05:33.333,1.35615,1.35633,1.65,5.48
2013.01.30 10:05:33.403,1.35614,1.35634,1.88,1.53
2013.01.30 10:05:33.591,1.35614,1.35635,1.88,1.88
2013.01.30 10:05:34.132,1.35616,1.35636,1.47,2.63
2013.01.30 10:05:34.553,1.35616,1.35636,2.22,1.88
2013.01.30 10:05:34.742,1.35616,1.35636,2.22,1.88
2013.01.30 10:05:35.772,1.35617,1.35636,1.50,2.63
2013.01.30 10:05:36.140,1.35614,1.35635,2.63,1.13
2013.01.30 10:05:39.534,1.35614,1.35633,1.88,1.54
2013.01.30 10:05:40.066,1.35614,1.35635,1.88,1.88
2013.01.30 10:05:42.247,1.35614,1.35635,1.88,1.88
2013.01.30 10:05:44.451,1.35614,1.35634,1.88,1.73
2013.01.30 10:05:48.343,1.35613,1.35633,1.73,5.48
2013.01.30 10:05:48.413,1.35611,1.35631,1.73,1.50
2013.01.30 10:05:48.483,1.35613,1.35634,2.25,1.17
2013.01.30 10:05:48.613,1.35613,1.35635,1.73,3.79
2013.01.30 10:05:48.743,1.35613,1.35635,1.50,3.79
2013.01.30 10:05:49.122,1.35613,1.35635,1.50,3.79
2013.01.30 10:05:50.258,1.35613,1.35635,2.07,3.23
2013.01.30 10:05:51.602,1.35613,1.35634,1.32,2.48
2013.01.30 10:05:52.392,1.35613,1.35634,1.32,1.73
2013.01.30 10:05:56.196,1.35612,1.35632,1.32,1.73
2013.01.30 10:05:58.712,1.35612,1.35631,1.32,1.73
2013.01.30 10:05:59.652,1.35612,1.35631,1.32,1.73
2013.01.30 10:05:59.810,1.35609,1.35626,1.13,1.73
2013.01.30 10:05:59.874,1.35609,1.35626,1.13,2.48
2013.01.30 10:06:00.192,1.35606,1.35624,1.69,1.73
2013.01.30 10:06:01.231,1.35606,1.35628,1.13,2.48
2013.01.30 10:06:01.682,1.35606,1.35628,3.19,2.48
2013.01.30 10:06:01.944,1.35608,1.35629,1.47,1.73
2013.01.30 10:06:02.804,1.35608,1.35629,1.47,1.73
2013.01.30 10:06:03.053,1.35606,1.35628,1.88,2.48
2013.01.30 10:06:03.182,1.35606,1.35628,1.13,3.23
2013.01.30 10:06:03.742,1.35605,1.35626,2.44,1.13
2013.01.30 10:06:11.174,1.35604,1.35625,1.13,1.73
2013.01.30 10:06:11.601,1.35603,1.35625,1.69,1.73
2013.01.30 10:06:12.742,1.35603,1.35624,1.69,1.58
2013.01.30 10:06:14.915,1.35603,1.35625,1.69,1.73
2013.01.30 10:06:15.164,1.35608,1.35626,1.32,1.88
2013.01.30 10:06:15.714,1.3561,1.3563,1.32,3.45
2013.01.30 10:06:15.842,1.35609,1.35628,1.88,1.35
2013.01.30 10:06:16.081,1.35609,1.35628,1.13,2.10
2013.01.30 10:06:16.261,1.35606,1.35626,1.50,1.88
2013.01.30 10:06:16.843,1.35605,1.35625,1.47,1.73
2013.01.30 10:06:19.753,1.35604,1.35624,1.50,1.13
2013.01.30 10:06:21.561,1.35605,1.35625,2.07,1.35
2013.01.30 10:06:22.162,1.35608,1.35627,1.50,1.35
2013.01.30 10:06:22.561,1.3561,1.35628,1.50,1.35
2013.01.30 10:06:23.185,1.35612,1.35629,1.65,1.13
2013.01.30 10:06:23.514,1.35612,1.3563,1.65,2.48
2013.01.30 10:06:24.413,1.35612,1.35631,1.65,2.29
2013.01.30 10:06:25.555,1.35612,1.3563,2.40,1.73
2013.01.30 10:06:25.633,1.35616,1.35631,1.50,1.73
2013.01.30 10:06:25.902,1.35613,1.35628,1.65,1.73
2013.01.30 10:06:27.782,1.35613,1.35631,1.50,3.72
2013.01.30 10:06:27.903,1.35611,1.35629,2.40,1.54
2013.01.30 10:06:29.684,1.35615,1.35631,1.50,1.73
2013.01.30 10:06:29.751,1.35612,1.3563,1.65,1.73
2013.01.30 10:06:33.573,1.35614,1.35632,1.50,1.54
2013.01.30 10:06:33.645,1.35615,1.35634,3.00,3.79
2013.01.30 10:06:33.831,1.35618,1.35637,1.13,1.69
2013.01.30 10:06:34.131,1.3562,1.35637,1.13,2.37
2013.01.30 10:06:34.435,1.35614,1.35631,2.25,1.47
2013.01.30 10:06:34.503,1.35614,1.35631,1.50,1.47
2013.01.30 10:06:35.067,1.35611,1.3563,1.65,1.73
2013.01.30 10:06:35.200,1.3561,1.35629,2.25,1.73
2013.01.30 10:06:40.072,1.3561,1.35626,1.88,1.54
2013.01.30 10:06:41.803,1.3561,1.35626,1.13,1.54
2013.01.30 10:06:41.935,1.35609,1.35624,1.50,1.54
2013.01.30 10:06:42.063,1.35609,1.35626,1.50,1.35
2013.01.30 10:06:42.193,1.35605,1.35624,1.50,1.54
2013.01.30 10:06:42.312,1.35605,1.35624,1.50,1.54
2013.01.30 10:06:42.623,1.35607,1.35624,2.25,1.54
2013.01.30 10:06:42.751,1.35609,1.35624,1.13,2.29
2013.01.30 10:06:43.498,1.35609,1.35626,1.13,2.10
2013.01.30 10:06:44.605,1.35608,1.35625,1.50,1.54
2013.01.30 10:06:45.228,1.35606,1.35625,1.50,1.54
2013.01.30 10:06:45.801,1.35606,1.35625,1.50,1.54
2013.01.30 10:06:48.623,1.35605,1.35621,1.50,1.54
2013.01.30 10:06:48.772,1.35605,1.35621,1.50,1.54
2013.01.30 10:06:52.761,1.35603,1.35619,1.65,1.54
2013.01.30 10:06:56.065,1.35603,1.35618,1.50,2.06
2013.01.30 10:06:56.324,1.35603,1.35618,1.50,1.54
2013.01.30 10:06:57.089,1.35603,1.35619,1.50,1.54
2013.01.30 10:07:00.352,1.35603,1.35621,1.50,1.69
2013.01.30 10:07:00.473,1.35605,1.35621,1.50,1.69
2013.01.30 10:07:00.680,1.35605,1.35622,1.50,1.17
2013.01.30 10:07:00.803,1.35609,1.35624,1.50,1.35
2013.01.30 10:07:01.173,1.35607,1.35624,2.25,1.35
2013.01.30 10:07:01.232,1.35607,1.35624,1.50,1.35
2013.01.30 10:07:01.354,1.35605,1.3562,1.50,1.13
2013.01.30 10:07:01.613,1.35604,1.3562,1.50,1.13
2013.01.30 10:07:01.792,1.35604,1.3562,1.50,1.13
2013.01.30 10:07:01.913,1.35609,1.35621,1.50,1.69
2013.01.30 10:07:04.893,1.35609,1.35624,1.50,1.17
2013.01.30 10:07:06.691,1.35609,1.35626,1.50,1.32
2013.01.30 10:07:12.931,1.35609,1.35627,1.50,1.54
2013.01.30 10:07:16.032,1.35609,1.35624,1.50,1.54
2013.01.30 10:07:16.554,1.35602,1.35618,1.88,1.54
2013.01.30 10:07:18.333,1.35602,1.35618,1.88,1.54
2013.01.30 10:07:18.573,1.35602,1.35618,1.88,1.54
2013.01.30 10:07:19.263,1.35602,1.35618,1.88,1.54
2013.01.30 10:07:21.464,1.35602,1.3562,1.88,1.54
2013.01.30 10:07:22.315,1.35602,1.3562,1.88,1.32
2013.01.30 10:07:22.443,1.35606,1.35623,2.25,2.85
2013.01.30 10:07:22.991,1.35609,1.35623,1.50,2.10
2013.01.30 10:07:23.829,1.35609,1.35623,1.50,2.10
2013.01.30 10:07:24.024,1.35606,1.35621,1.50,1.32
2013.01.30 10:07:24.094,1.35606,1.35621,1.50,5.07
2013.01.30 10:07:26.392,1.35606,1.35623,1.50,1.35
2013.01.30 10:07:26.952,1.35606,1.35623,1.50,5.48
2013.01.30 10:07:27.534,1.35603,1.35619,1.65,1.54
2013.01.30 10:07:28.151,1.35602,1.35619,2.25,1.54
2013.01.30 10:07:31.263,1.35603,1.35621,1.50,1.73
2013.01.30 10:07:32.024,1.35602,1.35621,1.50,2.48
2013.01.30 10:07:32.101,1.35598,1.35618,1.65,2.48
2013.01.30 10:07:32.173,1.35599,1.35618,1.65,1.73
2013.01.30 10:07:32.364,1.35598,1.35613,1.65,2.10
2013.01.30 10:07:32.432,1.35597,1.35615,1.13,1.32
2013.01.30 10:07:32.493,1.35597,1.35612,1.13,1.54
2013.01.30 10:07:32.622,1.35597,1.35616,1.13,1.32
2013.01.30 10:07:33.233,1.356,1.35617,1.50,1.92
2013.01.30 10:07:33.627,1.356,1.35617,2.25,1.92
2013.01.30 10:07:33.932,1.35607,1.35624,2.07,1.09
2013.01.30 10:07:34.413,1.35603,1.35622,1.50,1.13
2013.01.30 10:07:36.513,1.35602,1.3562,2.25,1.17
2013.01.30 10:07:36.993,1.35598,1.35619,1.65,2.44
2013.01.30 10:07:37.594,1.35597,1.35618,2.63,1.69
2013.01.30 10:07:38.393,1.35599,1.35619,2.22,1.13
2013.01.30 10:07:38.583,1.35604,1.3562,1.50,1.13
2013.01.30 10:07:39.122,1.35605,1.35625,1.50,2.40
2013.01.30 10:07:39.503,1.35602,1.35624,2.25,1.50
2013.01.30 10:07:40.089,1.35602,1.35623,2.25,1.69
2013.01.30 10:07:41.181,1.35605,1.35624,3.00,1.09
2013.01.30 10:07:42.695,1.35606,1.35624,1.50,1.09
2013.01.30 10:07:44.053,1.35606,1.35626,1.50,3.00
2013.01.30 10:07:44.852,1.35607,1.35626,2.07,1.88
2013.01.30 10:07:45.092,1.35611,1.35627,1.32,1.13
2013.01.30 10:07:45.362,1.35611,1.35627,2.07,1.13
2013.01.30 10:07:45.853,1.35611,1.35626,2.07,1.13
2013.01.30 10:07:46.513,1.35605,1.35626,2.40,1.13
2013.01.30 10:07:46.582,1.35605,1.35626,1.65,1.13
2013.01.30 10:07:46.882,1.35605,1.35625,1.65,2.29
2013.01.30 10:07:47.303,1.35605,1.35624,1.65,2.29
2013.01.30 10:07:47.364,1.35604,1.35624,1.65,3.04
2013.01.30 10:07:48.023,1.35606,1.35624,1.50,1.54
2013.01.30 10:07:48.332,1.35603,1.35623,2.63,1.54
2013.01.30 10:07:48.636,1.35601,1.35612,2.25,1.73
2013.01.30 10:07:48.704,1.35598,1.35612,1.65,1.73
2013.01.30 10:07:48.894,1.35598,1.35612,1.65,1.73
2013.01.30 10:07:49.143,1.35591,1.35611,2.63,1.54
2013.01.30 10:07:49.451,1.35591,1.35609,1.47,1.50
2013.01.30 10:07:49.852,1.35592,1.3561,1.50,1.35
2013.01.30 10:07:49.912,1.35592,1.3561,1.50,2.10
2013.01.30 10:07:50.422,1.35592,1.35611,1.50,1.50
2013.01.30 10:07:52.847,1.35589,1.3561,1.88,1.50
2013.01.30 10:07:53.118,1.35587,1.35606,3.00,1.65
2013.01.30 10:07:53.485,1.35587,1.35604,1.50,2.29
2013.01.30 10:07:53.839,1.35585,1.35603,1.65,1.54
2013.01.30 10:07:54.353,1.35584,1.35602,1.13,2.29
2013.01.30 10:07:54.614,1.35584,1.35602,1.13,2.29
2013.01.30 10:07:54.864,1.35586,1.35605,1.65,1.47
2013.01.30 10:07:55.173,1.35585,1.35607,1.13,2.29
2013.01.30 10:07:55.231,1.35585,1.35607,1.13,1.73
2013.01.30 10:07:55.292,1.35585,1.35607,1.88,1.13
2013.01.30 10:07:55.427,1.35586,1.35608,1.65,1.92
2013.01.30 10:07:55.613,1.35587,1.35608,1.88,2.44
2013.01.30 10:07:55.733,1.35587,1.35609,2.63,2.25
2013.01.30 10:07:55.862,1.35588,1.35609,2.40,1.50
2013.01.30 10:07:57.324,1.35592,1.35611,1.13,2.29
2013.01.30 10:07:57.392,1.35592,1.35611,1.28,2.29
2013.01.30 10:07:57.453,1.35593,1.35611,1.65,1.54
2013.01.30 10:07:59.046,1.35593,1.35611,1.65,1.54
2013.01.30 10:08:00.183,1.35593,1.35611,1.65,1.54
2013.01.30 10:08:00.702,1.35596,1.35614,1.32,1.50
2013.01.30 10:08:00.762,1.35597,1.35617,1.32,2.29
2013.01.30 10:08:00.822,1.35597,1.35617,2.29,2.07
2013.01.30 10:08:00.942,1.35598,1.35616,1.50,1.58
2013.01.30 10:08:02.249,1.35596,1.35616,1.73,1.73
2013.01.30 10:08:03.841,1.35595,1.35614,1.50,1.73
2013.01.30 10:08:05.449,1.35597,1.35616,1.50,1.50
2013.01.30 10:08:05.812,1.35594,1.35613,2.25,1.32
2013.01.30 10:08:07.331,1.35595,1.35614,1.50,3.79
2013.01.30 10:08:07.873,1.35598,1.35612,1.50,1.32
2013.01.30 10:08:11.452,1.35598,1.35617,2.07,1.73
2013.01.30 10:08:11.811,1.35602,1.35621,1.50,1.88
2013.01.30 10:08:12.132,1.35602,1.35621,2.48,1.65
2013.01.30 10:08:12.193,1.35602,1.35621,1.73,1.47
2013.01.30 10:08:12.312,1.35601,1.35619,1.50,1.73
2013.01.30 10:08:12.682,1.35598,1.35618,2.44,1.50
2013.01.30 10:08:13.154,1.35598,1.35614,1.69,1.50
2013.01.30 10:08:13.714,1.35598,1.35614,1.13,1.50
2013.01.30 10:08:14.083,1.35597,1.35612,1.13,1.54
2013.01.30 10:08:14.452,1.35594,1.3561,1.28,2.48
2013.01.30 10:08:18.072,1.35594,1.3561,1.28,2.48
2013.01.30 10:08:19.003,1.35592,1.3561,1.28,1.73
2013.01.30 10:08:19.362,1.35598,1.35614,1.13,2.25
2013.01.30 10:08:19.484,1.35598,1.35614,1.13,2.25
2013.01.30 10:08:19.551,1.35598,1.35614,1.13,1.50
2013.01.30 10:08:19.912,1.35602,1.35616,1.54,1.50
2013.01.30 10:08:20.232,1.35602,1.35619,1.54,2.40
2013.01.30 10:08:20.372,1.35602,1.35621,1.54,1.88
2013.01.30 10:08:23.523,1.35601,1.3562,1.54,1.65
2013.01.30 10:08:24.041,1.35601,1.35621,3.04,1.13
2013.01.30 10:08:24.182,1.35601,1.35621,3.04,1.13
2013.01.30 10:08:24.302,1.35601,1.35618,2.48,1.32
2013.01.30 10:08:24.424,1.35599,1.35617,1.65,1.73
2013.01.30 10:08:24.494,1.35598,1.35612,1.13,1.50
2013.01.30 10:08:24.922,1.35598,1.35615,1.13,1.50
2013.01.30 10:08:25.122,1.35598,1.35614,1.13,1.32
2013.01.30 10:08:25.635,1.35592,1.35611,2.03,1.54
2013.01.30 10:08:25.942,1.35598,1.3561,1.13,1.73
2013.01.30 10:08:26.061,1.35598,1.35611,1.13,1.32
2013.01.30 10:08:26.655,1.35598,1.35612,1.13,1.32
2013.01.30 10:08:27.464,1.35598,1.35614,1.13,1.73
2013.01.30 10:08:27.924,1.35595,1.35614,1.50,1.88
2013.01.30 10:08:28.637,1.35598,1.35614,1.32,1.13
2013.01.30 10:08:28.708,1.35598,1.35616,1.32,2.10
2013.01.30 10:08:29.224,1.35598,1.35616,2.29,1.88
2013.01.30 10:08:29.302,1.35597,1.35616,1.50,2.10
2013.01.30 10:08:30.036,1.356,1.35619,1.50,1.35
2013.01.30 10:08:31.283,1.356,1.35618,2.25,1.69
2013.01.30 10:08:31.924,1.35595,1.35615,3.00,1.88
2013.01.30 10:08:32.283,1.35594,1.35615,2.82,2.63
2013.01.30 10:08:33.800,1.35595,1.35615,1.32,2.63
2013.01.30 10:08:34.188,1.35599,1.35616,1.32,1.88
2013.01.30 10:08:34.585,1.35599,1.35615,1.32,1.13
2013.01.30 10:08:36.067,1.35599,1.35615,1.32,1.13
2013.01.30 10:08:36.192,1.35596,1.35615,2.07,1.13
2013.01.30 10:08:36.313,1.35595,1.35608,1.50,1.50
2013.01.30 10:08:36.744,1.35592,1.35608,1.32,1.50
2013.01.30 10:08:37.182,1.35592,1.35606,1.32,1.50
2013.01.30 10:08:37.302,1.35592,1.35606,1.54,1.50
2013.01.30 10:08:37.361,1.35592,1.35606,1.54,2.25
2013.01.30 10:08:37.703,1.35584,1.35594,1.13,1.13
2013.01.30 10:08:38.016,1.35582,1.35589,1.47,1.35
2013.01.30 10:08:38.084,1.35582,1.35589,1.47,1.13
2013.01.30 10:08:38.355,1.35579,1.35589,1.50,1.13
2013.01.30 10:08:38.426,1.35579,1.35591,1.50,1.54
2013.01.30 10:08:38.556,1.35579,1.35591,1.50,1.32
2013.01.30 10:08:39.294,1.35578,1.35591,1.50,1.32
2013.01.30 10:08:39.844,1.35578,1.35596,2.25,1.65
2013.01.30 10:08:39.914,1.35578,1.35597,2.25,2.37
2013.01.30 10:08:39.985,1.35578,1.35596,2.25,1.65
2013.01.30 10:08:40.564,1.35579,1.35596,2.25,2.40
2013.01.30 10:08:41.225,1.35579,1.35597,2.25,2.37
2013.01.30 10:08:41.565,1.35585,1.35601,1.32,1.13
2013.01.30 10:08:41.633,1.35586,1.35602,1.65,1.13
2013.01.30 10:08:41.756,1.35591,1.35606,1.32,1.13
2013.01.30 10:08:41.822,1.35591,1.35608,1.32,2.40
2013.01.30 10:08:42.441,1.35591,1.35609,1.32,1.13
2013.01.30 10:08:43.194,1.35595,1.35609,1.54,1.13
2013.01.30 10:08:43.516,1.35601,1.35615,1.32,1.50
2013.01.30 10:08:43.642,1.35601,1.35617,1.32,1.13
2013.01.30 10:08:43.707,1.35595,1.35606,1.50,1.35
2013.01.30 10:08:43.776,1.35597,1.35608,1.73,1.35
2013.01.30 10:08:43.846,1.35592,1.35601,1.28,4.50
2013.01.30 10:08:43.926,1.35586,1.35595,1.50,2.25
2013.01.30 10:08:44.176,1.35585,1.35595,1.50,1.50
2013.01.30 10:08:44.542,1.35575,1.35596,3.00,2.25
2013.01.30 10:08:45.065,1.35575,1.35596,2.25,1.50
2013.01.30 10:08:45.632,1.35575,1.35596,3.57,1.50
2013.01.30 10:08:45.752,1.35578,1.35599,2.07,2.63
2013.01.30 10:08:45.813,1.3558,1.35599,1.50,2.63
2013.01.30 10:08:48.994,1.35581,1.35599,1.32,1.13
2013.01.30 10:08:51.132,1.35579,1.356,2.29,1.13
2013.01.30 10:08:51.700,1.35579,1.356,2.29,1.13
2013.01.30 10:08:52.852,1.35579,1.35599,1.73,1.13
2013.01.30 10:08:54.262,1.35579,1.35599,1.73,1.13
2013.01.30 10:08:54.883,1.35581,1.35599,1.54,1.13
2013.01.30 10:08:55.394,1.35585,1.35599,1.50,1.88
2013.01.30 10:08:55.541,1.35582,1.356,1.50,1.13
2013.01.30 10:08:56.055,1.35583,1.35599,1.50,1.13
2013.01.30 10:08:56.791,1.35582,1.35599,2.07,1.13
2013.01.30 10:08:58.831,1.35582,1.35601,1.50,1.13
2013.01.30 10:09:00.095,1.35581,1.356,2.07,1.65
2013.01.30 10:09:00.295,1.35578,1.356,2.63,2.22
2013.01.30 10:09:00.682,1.35578,1.35599,2.40,2.22
2013.01.30 10:09:01.041,1.35581,1.35599,1.50,1.65
2013.01.30 10:09:01.464,1.35585,1.35601,1.32,1.13
2013.01.30 10:09:01.782,1.35588,1.35605,1.50,1.13
2013.01.30 10:09:04.271,1.35588,1.35608,1.50,2.78
2013.01.30 10:09:05.144,1.35593,1.35608,1.32,2.03
2013.01.30 10:09:05.214,1.35593,1.35609,1.32,1.65
2013.01.30 10:09:05.342,1.35591,1.35609,2.25,1.50
2013.01.30 10:09:05.522,1.35589,1.35609,1.65,1.50
2013.01.30 10:09:06.051,1.35588,1.35609,2.63,1.50
2013.01.30 10:09:07.168,1.35588,1.35609,1.88,1.50
2013.01.30 10:09:07.923,1.35588,1.35609,1.88,2.25
2013.01.30 10:09:09.433,1.35588,1.35609,2.03,1.50
2013.01.30 10:09:10.173,1.35588,1.35609,1.28,2.25
2013.01.30 10:09:10.736,1.35591,1.3561,1.88,1.32
2013.01.30 10:09:11.161,1.35591,1.35611,1.69,2.25
2013.01.30 10:09:11.853,1.35591,1.35611,1.69,2.25
2013.01.30 10:09:12.212,1.35592,1.35611,1.47,2.25
2013.01.30 10:09:12.272,1.35591,1.35611,1.13,2.25
2013.01.30 10:09:12.332,1.35593,1.35611,1.65,2.25
2013.01.30 10:09:12.454,1.35591,1.35611,1.13,2.25
2013.01.30 10:09:12.524,1.35592,1.35611,1.13,2.25
2013.01.30 10:09:12.980,1.35591,1.35611,1.13,2.25
2013.01.30 10:09:14.453,1.35592,1.35611,1.47,2.25
2013.01.30 10:09:14.522,1.35592,1.35611,1.65,2.25
2013.01.30 10:09:14.583,1.35593,1.35611,1.65,2.25
2013.01.30 10:09:14.773,1.35591,1.35611,1.13,2.48
2013.01.30 10:09:15.192,1.35593,1.35615,2.29,2.63
2013.01.30 10:09:15.253,1.35594,1.35615,1.73,1.88
2013.01.30 10:09:15.802,1.35597,1.35618,2.48,1.69
2013.01.30 10:09:16.364,1.35599,1.35615,1.50,1.13
2013.01.30 10:09:16.553,1.35595,1.35615,1.73,1.69
2013.01.30 10:09:16.674,1.35594,1.35614,2.25,1.13
2013.01.30 10:09:20.273,1.35594,1.35609,2.25,1.32
2013.01.30 10:09:20.454,1.35588,1.35609,5.25,1.88
2013.01.30 10:09:20.702,1.35586,1.35606,3.42,1.73
2013.01.30 10:09:21.181,1.35586,1.35605,1.92,1.50
2013.01.30 10:09:21.723,1.35586,1.35605,1.92,1.50
2013.01.30 10:09:22.986,1.35586,1.35605,1.69,1.50
2013.01.30 10:09:23.812,1.35585,1.35605,1.35,2.25
2013.01.30 10:09:25.132,1.35586,1.35605,1.92,2.25
2013.01.30 10:09:28.342,1.35586,1.35605,1.92,1.50
2013.01.30 10:09:30.783,1.35588,1.35608,1.13,1.50
2013.01.30 10:09:30.843,1.3559,1.35609,1.50,1.73
2013.01.30 10:09:32.831,1.35588,1.3561,1.13,3.04
2013.01.30 10:09:36.682,1.35586,1.35605,1.65,1.73
2013.01.30 10:09:37.184,1.35586,1.35604,1.65,1.54
2013.01.30 10:09:37.252,1.35586,1.35604,2.40,1.54
2013.01.30 10:09:39.044,1.35589,1.35604,1.50,1.54
2013.01.30 10:09:39.922,1.35589,1.35605,2.25,1.54
2013.01.30 10:09:40.232,1.35595,1.35611,1.13,1.54
2013.01.30 10:09:43.231,1.35593,1.35609,1.50,1.13
2013.01.30 10:09:43.562,1.35591,1.35609,2.25,1.13
2013.01.30 10:09:48.192,1.35592,1.35609,1.50,1.13
2013.01.30 10:09:48.313,1.35595,1.35609,1.50,1.13
2013.01.30 10:09:50.193,1.35596,1.35615,1.50,1.28
2013.01.30 10:09:50.512,1.35601,1.35617,1.50,1.28
2013.01.30 10:09:51.735,1.35607,1.35621,1.50,1.05
2013.01.30 10:09:51.808,1.35607,1.35622,1.50,1.35
2013.01.30 10:09:51.933,1.35607,1.35622,3.00,1.13
2013.01.30 10:09:52.183,1.35608,1.35622,1.50,1.13
2013.01.30 10:09:52.573,1.35606,1.35621,1.50,1.13
2013.01.30 10:09:52.633,1.35604,1.35621,1.50,1.13
2013.01.30 10:09:53.636,1.35602,1.35621,2.25,1.13
2013.01.30 10:09:53.763,1.35602,1.35622,1.50,1.35
2013.01.30 10:09:54.112,1.35602,1.35622,1.50,1.92
2013.01.30 10:09:57.184,1.35604,1.35621,1.50,1.13
2013.01.30 10:09:57.521,1.35606,1.35622,1.50,1.13
2013.01.30 10:10:00.513,1.35603,1.35619,1.50,1.92
2013.01.30 10:10:00.763,1.35598,1.35614,1.13,2.67
2013.01.30 10:10:01.272,1.35598,1.35614,1.13,1.73
2013.01.30 10:10:01.836,1.35597,1.35614,1.13,1.73
2013.01.30 10:10:06.622,1.35596,1.35612,1.50,1.13
2013.01.30 10:10:09.372,1.35598,1.35616,1.50,2.03
2013.01.30 10:10:09.674,1.35605,1.35619,1.50,1.50
2013.01.30 10:10:12.424,1.35605,1.35623,1.50,2.44
2013.01.30 10:10:15.412,1.35605,1.35622,1.50,1.54
2013.01.30 10:10:16.745,1.35605,1.35622,2.25,1.13
2013.01.30 10:10:17.540,1.35608,1.35623,1.50,1.05
2013.01.30 10:10:17.662,1.35605,1.35623,1.50,1.05
2013.01.30 10:10:19.071,1.35605,1.35624,1.50,1.13
2013.01.30 10:10:22.012,1.35606,1.35624,1.32,1.13
2013.01.30 10:10:22.332,1.35607,1.35629,1.50,3.57
2013.01.30 10:10:22.633,1.35607,1.35625,1.50,1.35
2013.01.30 10:10:22.763,1.35605,1.35625,2.25,2.29
2013.01.30 10:10:22.953,1.35603,1.35625,1.50,3.04
2013.01.30 10:10:23.085,1.35602,1.35623,1.65,1.50
2013.01.30 10:10:24.083,1.35602,1.35623,1.65,1.50
2013.01.30 10:10:26.815,1.35601,1.35623,2.22,1.50
2013.01.30 10:10:26.885,1.35601,1.35623,2.22,1.50
2013.01.30 10:10:27.773,1.35601,1.35621,1.32,2.10
2013.01.30 10:10:33.762,1.35602,1.35621,1.50,2.10
2013.01.30 10:10:35.474,1.35602,1.35618,1.50,2.10
2013.01.30 10:10:36.033,1.35598,1.35616,1.50,2.44
2013.01.30 10:10:45.653,1.35598,1.35614,1.50,1.69
2013.01.30 10:10:49.333,1.35599,1.35615,2.25,1.13
2013.01.30 10:10:49.693,1.35607,1.3562,1.50,1.28
2013.01.30 10:10:51.511,1.35606,1.35625,1.50,2.82
2013.01.30 10:10:54.212,1.35605,1.35624,1.50,1.32
2013.01.30 10:10:55.482,1.35605,1.35623,2.25,1.28
2013.01.30 10:10:55.964,1.35604,1.35622,1.50,1.50
2013.01.30 10:10:56.945,1.35603,1.3562,1.50,2.07
2013.01.30 10:10:58.675,1.35603,1.3562,1.50,1.69
2013.01.30 10:11:00.651,1.35603,1.3562,1.50,5.29
2013.01.30 10:11:01.258,1.35603,1.35621,2.25,2.70
2013.01.30 10:11:01.563,1.35605,1.35621,1.50,1.73
2013.01.30 10:11:04.422,1.35603,1.35622,2.25,1.32
2013.01.30 10:11:09.012,1.35604,1.35618,1.50,1.32
2013.01.30 10:11:09.432,1.35604,1.35623,2.25,2.07
2013.01.30 10:11:12.243,1.35604,1.35623,1.50,1.32
2013.01.30 10:11:12.431,1.35602,1.35624,1.73,1.69
2013.01.30 10:11:13.732,1.35603,1.35624,1.73,1.69
2013.01.30 10:11:13.792,1.35604,1.35624,1.50,1.69
2013.01.30 10:11:14.319,1.35604,1.35623,1.50,2.44
2013.01.30 10:11:17.112,1.35604,1.35624,2.25,2.22
2013.01.30 10:11:22.058,1.35604,1.35623,2.25,1.13
2013.01.30 10:11:22.165,1.35604,1.35624,2.25,1.69
2013.01.30 10:11:22.827,1.35604,1.35624,2.25,1.92
2013.01.30 10:11:24.182,1.35604,1.35624,1.50,2.67
2013.01.30 10:11:24.692,1.35604,1.35624,1.50,2.67
2013.01.30 10:11:25.194,1.35602,1.35622,1.73,1.65
2013.01.30 10:11:27.693,1.35602,1.35621,1.73,1.50
2013.01.30 10:11:30.102,1.35602,1.35621,1.50,1.73
2013.01.30 10:11:30.192,1.35602,1.35621,1.50,1.73
2013.01.30 10:11:32.622,1.35602,1.35622,1.73,1.65
2013.01.30 10:11:33.848,1.35601,1.35622,2.29,1.65
2013.01.30 10:11:34.386,1.35601,1.35618,1.54,1.50
2013.01.30 10:11:34.512,1.35598,1.35617,1.69,1.32
2013.01.30 10:11:43.062,1.35596,1.35617,1.50,1.84
2013.01.30 10:11:43.617,1.35594,1.35612,1.73,2.40
2013.01.30 10:11:44.358,1.35594,1.35611,1.73,1.50
2013.01.30 10:11:45.182,1.35594,1.35612,1.73,3.15
2013.01.30 10:11:45.825,1.35594,1.35611,1.73,1.50
2013.01.30 10:11:47.437,1.35594,1.35612,1.73,3.15
2013.01.30 10:11:48.801,1.35594,1.35612,1.73,1.65
2013.01.30 10:11:49.393,1.35594,1.35611,1.73,1.32
2013.01.30 10:11:49.451,1.35593,1.35611,1.73,1.32
2013.01.30 10:11:49.572,1.35588,1.35609,3.42,1.50
2013.01.30 10:11:49.914,1.35588,1.35608,2.85,1.32
2013.01.30 10:11:52.414,1.35589,1.35608,1.50,2.29
2013.01.30 10:11:52.664,1.35589,1.35609,3.00,1.32
2013.01.30 10:11:52.733,1.35589,1.3561,3.00,1.65
2013.01.30 10:11:53.288,1.35591,1.35612,2.29,1.13
2013.01.30 10:11:53.891,1.35591,1.35613,2.29,2.63
2013.01.30 10:11:54.573,1.35589,1.35611,3.72,1.73
2013.01.30 10:11:54.635,1.35592,1.35611,1.50,2.48
2013.01.30 10:11:55.184,1.35589,1.35609,2.44,1.73
2013.01.30 10:11:56.066,1.3559,1.35608,1.13,2.07
2013.01.30 10:11:56.253,1.35588,1.35607,1.13,2.29
2013.01.30 10:11:57.748,1.35588,1.35607,1.88,2.29
2013.01.30 10:11:58.244,1.35588,1.35607,1.50,2.29
2013.01.30 10:11:58.774,1.35586,1.35607,2.40,1.54
2013.01.30 10:11:58.962,1.35589,1.35609,2.25,1.65
2013.01.30 10:12:01.946,1.35586,1.35608,3.38,2.22
2013.01.30 10:12:02.013,1.35586,1.35608,2.63,2.22
2013.01.30 10:12:02.964,1.35586,1.35608,2.40,2.44
2013.01.30 10:12:04.829,1.35586,1.35608,2.40,2.44
2013.01.30 10:12:05.491,1.35586,1.35608,2.40,2.44
2013.01.30 10:12:07.976,1.3559,1.35608,1.50,1.69
2013.01.30 10:12:08.315,1.35596,1.35614,1.50,2.78
2013.01.30 10:12:09.783,1.35596,1.35614,1.50,2.25
2013.01.30 10:12:10.374,1.35596,1.35612,1.50,1.17
2013.01.30 10:12:10.803,1.35591,1.35609,3.00,1.13
2013.01.30 10:12:10.936,1.3559,1.35609,1.50,1.13
2013.01.30 10:12:11.005,1.3559,1.35609,1.50,1.69
2013.01.30 10:12:11.434,1.35589,1.35607,1.50,2.48
2013.01.30 10:12:11.577,1.35588,1.35607,1.50,1.73
2013.01.30 10:12:12.573,1.35588,1.35607,1.50,1.73
2013.01.30 10:12:13.137,1.35588,1.35608,1.50,1.88
2013.01.30 10:12:13.445,1.35588,1.35608,1.88,1.73
2013.01.30 10:12:13.914,1.35592,1.35609,1.50,1.73
2013.01.30 10:12:14.622,1.35589,1.35608,1.88,1.73
2013.01.30 10:12:24.404,1.35589,1.35609,1.88,3.04
2013.01.30 10:12:24.652,1.35589,1.35608,1.88,1.73
2013.01.30 10:12:25.164,1.35587,1.35606,2.25,2.48
2013.01.30 10:12:26.409,1.35587,1.35606,2.25,2.48
2013.01.30 10:12:27.031,1.35587,1.35606,2.25,2.33
2013.01.30 10:12:28.341,1.35586,1.35606,2.03,1.73
2013.01.30 10:12:30.672,1.35586,1.35605,1.13,3.79
2013.01.30 10:12:33.613,1.35584,1.35603,1.13,1.54
2013.01.30 10:12:33.803,1.35586,1.35605,1.13,3.04
2013.01.30 10:12:33.873,1.35586,1.35605,1.13,3.79
2013.01.30 10:12:43.283,1.35585,1.35604,1.13,2.29
2013.01.30 10:12:43.374,1.35583,1.35603,2.25,1.13
2013.01.30 10:12:43.524,1.35584,1.35603,1.50,2.63
2013.01.30 10:12:44.076,1.35584,1.356,1.50,3.08
2013.01.30 10:12:44.158,1.35577,1.35595,1.13,2.29
2013.01.30 10:12:48.538,1.35577,1.35595,1.13,1.54
2013.01.30 10:12:50.033,1.35578,1.35595,1.13,1.54
2013.01.30 10:12:54.722,1.35582,1.35599,1.13,1.54
2013.01.30 10:13:00.463,1.35587,1.35602,1.32,3.38
2013.01.30 10:13:00.785,1.35588,1.35602,1.50,1.65
2013.01.30 10:13:03.814,1.35588,1.35605,1.50,1.35
2013.01.30 10:13:04.475,1.35593,1.35608,2.25,3.15
2013.01.30 10:13:05.692,1.35589,1.35607,1.50,1.35
2013.01.30 10:13:05.814,1.35589,1.35608,1.50,2.25
2013.01.30 10:13:08.243,1.35589,1.35608,1.50,4.50
2013.01.30 10:13:09.426,1.35588,1.35607,2.25,2.10
2013.01.30 10:13:10.303,1.35588,1.35607,2.25,2.10
2013.01.30 10:13:10.488,1.35588,1.35604,1.50,1.13
2013.01.30 10:13:11.059,1.35588,1.35604,1.50,2.63
2013.01.30 10:13:11.135,1.35588,1.35604,2.25,1.13
2013.01.30 10:13:11.649,1.35588,1.35604,1.50,2.85
2013.01.30 10:13:12.884,1.35587,1.35604,2.07,1.35
2013.01.30 10:13:14.377,1.35587,1.35606,2.82,2.10
2013.01.30 10:13:14.632,1.35587,1.35606,3.19,1.73
2013.01.30 10:13:15.182,1.35589,1.35606,1.65,1.73
2013.01.30 10:13:15.632,1.3559,1.35606,2.82,1.73
2013.01.30 10:13:15.962,1.3559,1.35609,2.82,2.40
2013.01.30 10:13:18.665,1.3559,1.35609,2.07,3.15
2013.01.30 10:13:18.912,1.3559,1.35606,2.07,1.50
2013.01.30 10:13:19.263,1.3559,1.35607,1.32,1.73
2013.01.30 10:13:25.737,1.35587,1.35605,2.44,1.73
2013.01.30 10:13:25.865,1.35585,1.35603,1.13,2.07
2013.01.30 10:13:26.054,1.35585,1.35601,1.13,1.73
2013.01.30 10:13:27.243,1.35585,1.356,1.13,1.73
2013.01.30 10:13:27.784,1.35582,1.35598,1.28,1.73
2013.01.30 10:13:30.718,1.3558,1.35598,1.65,1.88
2013.01.30 10:13:32.257,1.3558,1.35598,1.50,1.88
2013.01.30 10:13:34.245,1.3558,1.35598,1.50,1.88
2013.01.30 10:13:36.836,1.35585,1.356,1.50,1.88
2013.01.30 10:13:37.143,1.35585,1.35601,2.25,1.35
2013.01.30 10:13:40.202,1.35588,1.35608,3.00,2.85
2013.01.30 10:13:42.662,1.35588,1.35608,3.75,2.10
2013.01.30 10:13:42.723,1.35589,1.3561,2.40,1.73
2013.01.30 10:13:42.783,1.3559,1.35611,1.65,2.48
2013.01.30 10:13:42.854,1.35593,1.35611,1.32,1.73
2013.01.30 10:13:43.224,1.35594,1.35614,1.50,1.35
2013.01.30 10:13:43.292,1.35594,1.35614,1.50,1.35
2013.01.30 10:13:43.744,1.35593,1.35613,2.07,1.13
2013.01.30 10:13:43.812,1.35593,1.35612,2.07,1.13
2013.01.30 10:13:44.403,1.35593,1.35611,1.32,1.73
2013.01.30 10:13:47.363,1.35593,1.35612,1.50,1.13
2013.01.30 10:13:47.554,1.35595,1.35614,2.25,1.92
2013.01.30 10:13:47.622,1.35598,1.35614,1.32,1.35
2013.01.30 10:13:50.084,1.35599,1.35618,1.50,2.85
2013.01.30 10:13:54.171,1.35599,1.35618,1.50,1.35
2013.01.30 10:13:56.292,1.35599,1.35618,1.50,1.35
2013.01.30 10:13:57.562,1.35599,1.35618,1.50,1.13
2013.01.30 10:13:58.574,1.35599,1.35618,2.25,1.88
2013.01.30 10:13:58.954,1.35602,1.3562,1.50,1.69
2013.01.30 10:13:59.083,1.35601,1.35619,1.50,1.92
2013.01.30 10:13:59.263,1.356,1.35618,1.50,1.13
2013.01.30 10:13:59.445,1.35597,1.35615,1.65,1.54
2013.01.30 10:14:02.122,1.35594,1.35613,1.88,2.29
2013.01.30 10:14:02.533,1.35594,1.35613,1.13,2.29
2013.01.30 10:14:02.747,1.35594,1.35612,1.28,1.73
2013.01.30 10:14:02.896,1.35591,1.35611,1.28,2.48
2013.01.30 10:14:05.803,1.35598,1.35617,1.13,2.48
2013.01.30 10:14:06.332,1.35598,1.35617,1.13,1.73
2013.01.30 10:14:18.162,1.35599,1.35618,1.65,1.73
2013.01.30 10:14:18.946,1.35597,1.35614,1.13,1.54
2013.01.30 10:14:21.353,1.35593,1.35611,1.28,1.54
2013.01.30 10:14:23.573,1.35591,1.35609,1.28,1.54
2013.01.30 10:14:27.684,1.35593,1.3561,1.28,1.54
2013.01.30 10:14:28.634,1.35592,1.3561,1.05,1.47
2013.01.30 10:14:29.124,1.35594,1.35611,1.50,1.73
2013.01.30 10:14:29.184,1.35594,1.35613,1.50,1.13
2013.01.30 10:14:29.374,1.35594,1.35614,1.32,1.13
2013.01.30 10:14:29.436,1.35595,1.35614,2.25,1.13
2013.01.30 10:14:29.802,1.35597,1.35616,1.50,2.85
2013.01.30 10:14:29.862,1.35597,1.35616,1.50,2.85
2013.01.30 10:14:33.832,1.35597,1.35616,1.50,1.35
2013.01.30 10:14:34.192,1.35592,1.35613,3.15,1.13
2013.01.30 10:14:34.894,1.35593,1.35613,1.50,1.13
2013.01.30 10:14:34.963,1.35593,1.35613,1.50,1.13
2013.01.30 10:14:35.144,1.35591,1.35609,1.65,1.54
2013.01.30 10:14:35.274,1.35591,1.35609,1.65,2.29
2013.01.30 10:14:36.493,1.35591,1.3561,1.65,1.54
2013.01.30 10:14:36.613,1.35591,1.35609,1.65,1.73
2013.01.30 10:14:39.113,1.35592,1.3561,1.65,2.10
2013.01.30 10:14:39.172,1.35592,1.3561,2.40,2.10
2013.01.30 10:14:42.214,1.35592,1.3561,1.65,1.54
2013.01.30 10:14:43.056,1.35594,1.35613,1.50,2.25
2013.01.30 10:14:43.616,1.35594,1.35613,1.50,2.25
2013.01.30 10:14:44.122,1.35594,1.35613,1.50,2.25
2013.01.30 10:14:47.074,1.35594,1.35614,1.65,1.88
2013.01.30 10:14:47.275,1.35599,1.35615,1.50,1.13
2013.01.30 10:14:47.608,1.35602,1.35621,1.50,2.82
2013.01.30 10:14:47.735,1.35602,1.3562,1.50,1.50
2013.01.30 10:14:47.863,1.35602,1.3562,1.50,1.50
2013.01.30 10:14:48.043,1.35605,1.35621,1.50,2.82
2013.01.30 10:14:48.282,1.35604,1.35621,1.50,1.32
2013.01.30 10:14:48.889,1.35603,1.35619,2.25,2.10
2013.01.30 10:14:49.073,1.35603,1.35619,1.50,2.10
2013.01.30 10:14:49.684,1.35601,1.35616,1.50,1.17
2013.01.30 10:14:49.935,1.35598,1.35614,2.25,1.13
2013.01.30 10:14:50.133,1.35596,1.35614,1.50,1.88
2013.01.30 10:14:50.652,1.35593,1.35612,1.88,1.73
2013.01.30 10:14:54.410,1.35593,1.35611,1.88,1.54
2013.01.30 10:14:54.653,1.35593,1.35612,1.65,1.50
2013.01.30 10:14:58.844,1.35596,1.35615,1.50,3.19
2013.01.30 10:14:59.154,1.35598,1.35616,1.50,2.10
2013.01.30 10:14:59.466,1.35598,1.35616,1.50,1.35
2013.01.30 10:15:00.029,1.35595,1.35616,2.44,4.73
2013.01.30 10:15:00.521,1.35603,1.35619,1.50,1.13
2013.01.30 10:15:01.573,1.35606,1.35622,1.50,1.13
2013.01.30 10:15:01.934,1.35604,1.35622,1.50,1.13
2013.01.30 10:15:02.814,1.35605,1.35619,1.50,1.13
2013.01.30 10:15:03.362,1.356,1.35619,1.50,1.13
2013.01.30 10:15:03.484,1.35598,1.3562,1.73,1.47
2013.01.30 10:15:03.792,1.356,1.3562,1.50,1.47
2013.01.30 10:15:04.367,1.356,1.3562,1.73,1.69
2013.01.30 10:15:05.652,1.356,1.3562,1.73,1.69
2013.01.30 10:15:07.105,1.35607,1.35626,1.69,1.54
2013.01.30 10:15:07.174,1.35609,1.35629,1.13,2.48
2013.01.30 10:15:07.472,1.35609,1.3563,1.13,1.47
2013.01.30 10:15:09.719,1.35609,1.3563,1.13,1.47
2013.01.30 10:15:11.293,1.35613,1.35632,1.50,1.13
2013.01.30 10:15:11.740,1.35613,1.35633,1.50,1.28
2013.01.30 10:15:12.113,1.3561,1.35633,2.85,1.13
2013.01.30 10:15:12.534,1.35612,1.35634,1.65,1.84
2013.01.30 10:15:13.054,1.35613,1.35634,2.25,1.28
2013.01.30 10:15:13.617,1.35613,1.35635,3.00,1.69
2013.01.30 10:15:13.684,1.35613,1.35635,3.00,1.92
2013.01.30 10:15:13.753,1.35613,1.35633,2.25,1.13
2013.01.30 10:15:14.581,1.35611,1.35633,1.62,1.13
2013.01.30 10:15:15.855,1.35611,1.35633,1.05,1.69
2013.01.30 10:15:16.233,1.35612,1.3563,1.05,1.73
2013.01.30 10:15:16.413,1.35611,1.3563,1.05,1.73
2013.01.30 10:15:16.535,1.35611,1.35632,1.05,1.54
2013.01.30 10:15:17.640,1.35612,1.35631,1.05,3.23
2013.01.30 10:15:20.216,1.35612,1.35626,1.05,1.32
2013.01.30 10:15:20.733,1.35605,1.35622,1.88,2.25
2013.01.30 10:15:22.432,1.35603,1.35622,1.65,2.25
2013.01.30 10:15:22.976,1.35603,1.35622,2.40,1.50
2013.01.30 10:15:23.164,1.35606,1.35624,1.50,1.32
2013.01.30 10:15:23.293,1.35606,1.35625,1.50,1.28
2013.01.30 10:15:23.354,1.35608,1.35625,1.50,1.28
2013.01.30 10:15:23.663,1.35608,1.35627,1.50,1.88
2013.01.30 10:15:23.875,1.35612,1.35628,1.13,1.50
2013.01.30 10:15:24.064,1.35613,1.35633,1.65,1.54
2013.01.30 10:15:24.134,1.35613,1.35634,1.65,1.88
2013.01.30 10:15:24.545,1.35613,1.3563,1.65,1.32
2013.01.30 10:15:24.615,1.35612,1.3563,1.13,1.32
2013.01.30 10:15:24.923,1.35612,1.35629,1.13,1.54
2013.01.30 10:15:27.901,1.35612,1.35629,1.13,2.48
2013.01.30 10:15:28.639,1.35612,1.3563,1.13,1.50
2013.01.30 10:15:28.952,1.35612,1.35631,1.13,1.32
2013.01.30 10:15:29.013,1.35612,1.35631,1.13,1.32
2013.01.30 10:15:31.083,1.35614,1.35634,1.65,2.25
2013.01.30 10:15:31.634,1.35614,1.35634,1.65,2.44
2013.01.30 10:15:32.063,1.35614,1.35633,1.65,1.47
2013.01.30 10:15:33.560,1.35612,1.35632,1.13,1.73
2013.01.30 10:15:34.310,1.35612,1.35632,1.13,2.07
2013.01.30 10:15:34.660,1.35612,1.35632,1.13,2.29
2013.01.30 10:15:36.022,1.35612,1.35632,1.13,1.54
2013.01.30 10:15:38.771,1.35612,1.35632,1.13,2.29
2013.01.30 10:15:40.073,1.35611,1.35631,1.88,1.73
2013.01.30 10:15:40.993,1.35611,1.35632,1.88,1.88
2013.01.30 10:15:41.113,1.35611,1.35632,1.88,1.88
2013.01.30 10:15:41.233,1.35612,1.35632,1.65,1.88
2013.01.30 10:15:41.293,1.35615,1.35632,1.50,1.13
2013.01.30 10:15:41.774,1.35615,1.35632,1.50,1.13
2013.01.30 10:15:41.844,1.35615,1.35631,1.50,5.48
2013.01.30 10:15:42.034,1.35611,1.35628,1.13,1.73
2013.01.30 10:15:43.285,1.35611,1.35632,1.13,1.88
2013.01.30 10:15:43.816,1.35611,1.3563,1.88,1.73
2013.01.30 10:15:43.945,1.35611,1.3563,1.88,2.48
2013.01.30 10:15:44.505,1.35608,1.35624,1.28,1.73
2013.01.30 10:15:45.245,1.35609,1.35628,1.13,1.54
2013.01.30 10:15:46.332,1.35609,1.35627,1.13,2.10
2013.01.30 10:15:48.092,1.35611,1.35628,1.13,1.73
2013.01.30 10:15:48.714,1.35611,1.3563,1.13,1.54
2013.01.30 10:15:48.845,1.35614,1.35633,1.50,2.44
2013.01.30 10:15:49.426,1.35615,1.35634,2.07,1.35
2013.01.30 10:15:49.494,1.35614,1.35634,1.50,1.92
2013.01.30 10:15:49.563,1.35614,1.35631,1.50,1.73
2013.01.30 10:15:49.684,1.35613,1.35631,2.22,1.73
2013.01.30 10:15:50.981,1.35611,1.35631,1.13,1.73
2013.01.30 10:15:51.103,1.3561,1.35629,1.13,2.29
2013.01.30 10:15:51.467,1.35611,1.35629,1.13,2.29
2013.01.30 10:15:51.774,1.3561,1.35627,1.13,2.29
2013.01.30 10:15:53.483,1.35609,1.35627,1.13,2.29
2013.01.30 10:15:54.925,1.35609,1.35627,1.13,2.29
2013.01.30 10:15:55.604,1.35608,1.35627,1.50,2.29
2013.01.30 10:15:56.062,1.35608,1.35627,1.50,2.29
2013.01.30 10:16:05.835,1.35608,1.35628,1.50,1.13
2013.01.30 10:16:06.025,1.35605,1.35626,1.13,2.29
2013.01.30 10:16:06.334,1.35605,1.3562,1.13,1.73
2013.01.30 10:16:06.513,1.35605,1.35623,1.13,1.54
2013.01.30 10:16:07.907,1.35605,1.35621,1.13,1.54
2013.01.30 10:16:08.295,1.356,1.35616,1.13,1.54
2013.01.30 10:16:08.614,1.356,1.35614,1.13,1.50
2013.01.30 10:16:10.653,1.35599,1.35616,1.13,2.29
2013.01.30 10:16:11.903,1.35599,1.35618,1.13,2.48
2013.01.30 10:16:12.023,1.35598,1.35618,2.03,2.48
2013.01.30 10:16:13.745,1.35601,1.35619,1.50,1.13
2013.01.30 10:16:14.274,1.35601,1.35619,1.50,1.13
2013.01.30 10:16:15.163,1.35601,1.35619,1.50,1.13
2013.01.30 10:16:15.899,1.35601,1.35619,1.50,1.13
2013.01.30 10:16:16.546,1.35598,1.35615,2.40,1.73
2013.01.30 10:16:16.793,1.35599,1.35616,1.05,2.29
2013.01.30 10:16:16.984,1.35597,1.35613,2.10,3.23
2013.01.30 10:16:17.404,1.35597,1.35615,1.13,1.73
2013.01.30 10:16:17.927,1.35597,1.35616,1.13,2.29
2013.01.30 10:16:18.175,1.35604,1.35619,1.50,1.28
2013.01.30 10:16:18.303,1.35604,1.35619,1.50,1.13
2013.01.30 10:16:18.483,1.35607,1.35625,1.50,1.35
2013.01.30 10:16:18.742,1.35607,1.35626,1.88,2.29
2013.01.30 10:16:25.933,1.35609,1.35626,1.65,1.54
2013.01.30 10:16:26.055,1.35607,1.35626,1.88,1.54
2013.01.30 10:16:26.369,1.35607,1.35623,1.13,2.48
2013.01.30 10:16:29.464,1.35607,1.35622,1.13,1.73
2013.01.30 10:16:29.795,1.35607,1.35625,1.13,1.73
2013.01.30 10:16:29.923,1.35606,1.35623,1.13,1.73
2013.01.30 10:16:30.365,1.35602,1.35621,1.88,3.04
2013.01.30 10:16:33.333,1.35604,1.3562,1.88,1.73
2013.01.30 10:16:33.846,1.35604,1.35619,1.13,1.73
2013.01.30 10:16:34.174,1.356,1.35619,1.88,1.73
2013.01.30 10:16:34.961,1.356,1.35619,1.88,1.73
2013.01.30 10:16:35.225,1.35604,1.35621,1.50,1.54
2013.01.30 10:16:37.820,1.35604,1.35623,1.50,1.88
2013.01.30 10:16:38.005,1.35611,1.35623,1.50,1.13
2013.01.30 10:16:38.133,1.35611,1.35626,1.50,1.50
2013.01.30 10:16:38.194,1.35611,1.3563,1.50,3.04
2013.01.30 10:16:38.383,1.35611,1.35631,3.30,2.29
2013.01.30 10:16:38.685,1.35622,1.35639,1.88,3.04
2013.01.30 10:16:39.003,1.35622,1.35638,1.13,1.54
2013.01.30 10:16:52.035,1.3562,1.35639,1.88,2.79
2013.01.30 10:16:53.914,1.35616,1.35636,1.65,1.73
2013.01.30 10:16:54.323,1.35616,1.35635,1.65,2.10
2013.01.30 10:16:54.987,1.35616,1.35633,1.65,1.54
2013.01.30 10:16:55.234,1.35614,1.3563,1.13,1.73
2013.01.30 10:16:55.738,1.35609,1.35627,1.28,1.73
2013.01.30 10:16:56.044,1.35612,1.35628,1.13,2.29
2013.01.30 10:16:56.235,1.35614,1.3563,1.13,1.54
2013.01.30 10:16:56.364,1.35614,1.35633,1.88,1.73
2013.01.30 10:16:56.672,1.35614,1.35634,1.88,2.48
2013.01.30 10:16:57.203,1.35614,1.3563,1.13,1.73
2013.01.30 10:16:59.935,1.35614,1.3563,1.13,1.73
2013.01.30 10:17:00.006,1.35614,1.35632,1.13,2.29
2013.01.30 10:17:00.555,1.35614,1.35632,1.88,1.54
2013.01.30 10:17:00.873,1.35617,1.35634,1.50,1.35
2013.01.30 10:17:00.933,1.35617,1.35634,1.50,1.35
2013.01.30 10:17:02.212,1.35617,1.35637,1.50,1.54
2013.01.30 10:17:02.644,1.35616,1.35635,2.40,1.73
2013.01.30 10:17:02.774,1.35616,1.35632,1.65,1.54
2013.01.30 10:17:03.084,1.35611,1.35629,1.13,1.73
2013.01.30 10:17:03.214,1.35611,1.35629,1.13,1.73
2013.01.30 10:17:03.753,1.35614,1.35632,1.13,1.54
2013.01.30 10:17:03.944,1.35614,1.35629,1.13,1.73
2013.01.30 10:17:04.185,1.35617,1.35636,1.50,3.04
2013.01.30 10:17:04.254,1.35617,1.35636,1.50,2.29
2013.01.30 10:17:04.313,1.35617,1.35636,2.07,2.29
2013.01.30 10:17:04.435,1.35617,1.35636,2.25,2.29
2013.01.30 10:17:04.503,1.35617,1.35636,2.25,2.29
2013.01.30 10:17:05.003,1.35617,1.35636,1.50,1.73
2013.01.30 10:17:05.575,1.35614,1.35631,1.13,2.29
2013.01.30 10:17:05.825,1.35611,1.35626,1.50,1.73
2013.01.30 10:17:05.894,1.3561,1.35624,1.50,1.73
2013.01.30 10:17:05.955,1.3561,1.35628,1.50,1.73
2013.01.30 10:17:06.084,1.35607,1.35626,1.50,1.73
2013.01.30 10:17:06.393,1.35608,1.35628,1.50,1.73
2013.01.30 10:17:07.283,1.35608,1.35629,2.07,1.73
2013.01.30 10:17:08.282,1.35608,1.35628,2.07,1.13
2013.01.30 10:17:08.584,1.3561,1.35628,1.50,1.13
2013.01.30 10:17:08.883,1.35609,1.35628,1.50,1.88
2013.01.30 10:17:09.312,1.35609,1.35628,1.50,1.88
2013.01.30 10:17:09.920,1.35609,1.35628,1.50,1.88
2013.01.30 10:17:10.492,1.35609,1.35628,1.50,1.88
2013.01.30 10:17:26.255,1.35611,1.35628,1.50,1.73
2013.01.30 10:17:26.444,1.35612,1.35629,1.50,1.13
2013.01.30 10:17:30.004,1.35611,1.35631,1.50,3.19
2013.01.30 10:17:30.629,1.35611,1.35629,1.50,1.13
2013.01.30 10:17:31.772,1.35613,1.35629,1.50,1.13
2013.01.30 10:17:38.197,1.35611,1.35629,2.25,1.13
2013.01.30 10:17:38.453,1.35613,1.35629,1.50,1.13
2013.01.30 10:17:38.846,1.35611,1.35629,1.50,1.13
2013.01.30 10:17:39.095,1.35608,1.35628,1.65,1.54
2013.01.30 10:17:41.083,1.3561,1.35629,1.50,2.44
2013.01.30 10:17:41.143,1.35611,1.35629,1.50,2.44
2013.01.30 10:17:41.206,1.35611,1.35629,1.65,1.54
2013.01.30 10:17:41.458,1.35611,1.3563,1.65,3.60
2013.01.30 10:17:42.602,1.35611,1.35629,1.65,1.54
2013.01.30 10:17:44.743,1.35614,1.35633,2.07,1.13
2013.01.30 10:17:44.863,1.35615,1.35635,1.32,2.10
2013.01.30 10:17:45.730,1.35619,1.35638,1.50,2.07
2013.01.30 10:17:49.335,1.35622,1.35639,1.50,1.28
2013.01.30 10:17:51.423,1.35622,1.35639,1.50,1.28
2013.01.30 10:17:51.755,1.35622,1.35641,1.65,3.04
2013.01.30 10:17:53.282,1.35621,1.3564,1.13,3.19
2013.01.30 10:17:53.403,1.35618,1.35634,1.73,1.13
2013.01.30 10:17:53.465,1.35618,1.35632,1.50,1.13
2013.01.30 10:17:54.125,1.35615,1.35634,1.50,1.88
2013.01.30 10:17:54.433,1.35617,1.35635,1.73,1.13
2013.01.30 10:17:54.495,1.35619,1.35636,1.50,1.13
2013.01.30 10:17:54.933,1.35619,1.35636,1.50,1.13
2013.01.30 10:17:55.147,1.35619,1.35636,1.50,1.13
2013.01.30 10:17:55.773,1.35619,1.35638,1.50,1.13
2013.01.30 10:17:57.638,1.35619,1.35638,1.50,1.13
2013.01.30 10:17:59.517,1.35622,1.35639,1.50,1.28
2013.01.30 10:18:00.637,1.35622,1.35641,1.73,2.03
2013.01.30 10:18:00.982,1.35622,1.35641,3.23,1.28
2013.01.30 10:18:01.163,1.35622,1.35641,3.83,1.65
2013.01.30 10:18:01.283,1.35626,1.35644,1.50,2.07
2013.01.30 10:18:01.343,1.35626,1.35646,1.80,3.19
2013.01.30 10:18:01.909,1.35632,1.35648,1.73,1.13
2013.01.30 10:18:05.362,1.35631,1.35647,1.50,1.13
2013.01.30 10:18:05.544,1.35626,1.35643,2.48,2.07
2013.01.30 10:18:05.604,1.35626,1.35641,1.73,1.35
2013.01.30 10:18:05.856,1.35624,1.3564,1.65,2.25
2013.01.30 10:18:05.924,1.35624,1.3564,1.65,2.25
2013.01.30 10:18:06.002,1.35624,1.35637,1.65,1.50
2013.01.30 10:18:06.304,1.35621,1.35633,1.73,1.50
2013.01.30 10:18:06.364,1.35619,1.35632,2.55,1.88
2013.01.30 10:18:06.605,1.35617,1.35631,1.05,1.88
2013.01.30 10:18:06.673,1.35616,1.35631,1.50,1.88
2013.01.30 10:18:06.739,1.35614,1.35631,1.32,1.88
2013.01.30 10:18:06.807,1.35614,1.35631,1.32,1.88
2013.01.30 10:18:06.933,1.35614,1.35631,1.32,1.65
2013.01.30 10:18:07.173,1.3561,1.3563,1.50,2.22
2013.01.30 10:18:07.295,1.35609,1.35628,1.88,1.50
2013.01.30 10:18:07.603,1.35609,1.35628,1.88,1.50
2013.01.30 10:18:07.843,1.35609,1.35628,1.13,1.50
2013.01.30 10:18:08.125,1.35609,1.35628,1.13,1.50
2013.01.30 10:18:08.195,1.35609,1.35623,1.13,1.50
2013.01.30 10:18:08.385,1.35607,1.35624,1.13,2.25
2013.01.30 10:18:08.514,1.35607,1.35624,1.13,1.50
2013.01.30 10:18:08.573,1.35609,1.35628,1.65,3.04
2013.01.30 10:18:08.694,1.35609,1.35628,1.88,1.32
2013.01.30 10:18:09.888,1.35609,1.35629,4.69,1.32
2013.01.30 10:18:10.324,1.35611,1.35631,2.48,2.40
2013.01.30 10:18:12.033,1.35611,1.35631,1.73,1.65
2013.01.30 10:18:12.453,1.35615,1.35634,1.50,1.69
2013.01.30 10:18:12.875,1.35616,1.35632,1.73,1.13
2013.01.30 10:18:13.433,1.35613,1.35632,1.50,1.13
2013.01.30 10:18:14.124,1.35613,1.35632,2.48,1.35
2013.01.30 10:18:14.764,1.35612,1.35631,1.73,1.88
2013.01.30 10:18:14.894,1.3561,1.35626,1.13,1.50
2013.01.30 10:18:15.148,1.35608,1.35628,1.35,2.48
2013.01.30 10:18:15.574,1.35609,1.35628,2.40,1.73
2013.01.30 10:18:17.984,1.35609,1.35629,2.63,1.65
2013.01.30 10:18:18.483,1.35609,1.35629,1.88,2.40
2013.01.30 10:18:18.543,1.35609,1.35629,2.63,2.40
2013.01.30 10:18:18.843,1.35613,1.35631,2.07,1.13
2013.01.30 10:18:19.384,1.35613,1.35631,1.54,1.13
2013.01.30 10:18:19.503,1.35613,1.35631,1.32,1.88
2013.01.30 10:18:20.109,1.35613,1.3563,1.32,1.65
2013.01.30 10:18:20.174,1.35613,1.3563,1.32,2.40
2013.01.30 10:18:20.534,1.35617,1.35633,1.50,1.35
2013.01.30 10:18:20.835,1.35617,1.35638,2.48,1.32
2013.01.30 10:18:21.422,1.35617,1.35638,2.48,1.35
2013.01.30 10:18:21.836,1.35617,1.35639,2.48,2.63
2013.01.30 10:18:23.493,1.35617,1.35639,3.98,2.48
2013.01.30 10:18:24.572,1.35618,1.35639,2.48,1.50
2013.01.30 10:18:24.714,1.35623,1.35641,2.07,1.13
2013.01.30 10:18:24.786,1.35623,1.35642,2.82,1.35
2013.01.30 10:18:25.095,1.35628,1.35643,1.73,1.13
2013.01.30 10:18:25.404,1.35629,1.35644,1.65,1.50
2013.01.30 10:18:25.475,1.35629,1.35644,1.65,1.50
2013.01.30 10:18:25.604,1.35629,1.35646,1.65,2.07
2013.01.30 10:18:25.673,1.35629,1.35645,1.65,1.50
2013.01.30 10:18:25.794,1.35627,1.35643,1.88,2.25
2013.01.30 10:18:26.674,1.35627,1.3564,1.13,1.50
2013.01.30 10:18:26.743,1.35627,1.3564,1.13,1.50
2013.01.30 10:18:27.103,1.35627,1.35643,1.13,1.50
2013.01.30 10:18:27.972,1.35627,1.35643,1.13,1.50
2013.01.30 10:18:28.033,1.35627,1.35644,1.13,1.50
2013.01.30 10:18:28.584,1.35629,1.35645,1.13,1.50
2013.01.30 10:18:29.417,1.35629,1.35645,1.13,1.50
2013.01.30 10:18:29.487,1.35629,1.35644,1.13,1.50
2013.01.30 10:18:29.613,1.35629,1.3564,1.13,1.50
2013.01.30 10:18:30.154,1.35627,1.35639,1.13,1.50
2013.01.30 10:18:30.713,1.35626,1.35639,1.13,1.50
2013.01.30 10:18:31.922,1.35626,1.35639,1.88,1.50
2013.01.30 10:18:32.517,1.35626,1.35639,1.88,1.50
2013.01.30 10:18:33.162,1.35626,1.35641,2.44,1.50
2013.01.30 10:18:33.713,1.35627,1.35643,1.13,3.00
2013.01.30 10:18:35.253,1.35627,1.35643,1.13,2.25
2013.01.30 10:18:37.398,1.35627,1.35643,1.88,1.50
2013.01.30 10:18:37.584,1.35629,1.35645,1.50,1.50
2013.01.30 10:18:38.123,1.35628,1.35645,2.63,1.50
2013.01.30 10:18:40.163,1.35628,1.35647,2.63,2.25
2013.01.30 10:18:41.383,1.35628,1.35645,2.63,1.50
2013.01.30 10:18:41.443,1.35628,1.35644,2.63,1.50
2013.01.30 10:18:43.463,1.35625,1.35642,1.35,2.25
2013.01.30 10:18:43.524,1.35624,1.35642,2.10,2.25
2013.01.30 10:18:43.596,1.35621,1.35636,1.54,1.65
2013.01.30 10:18:43.723,1.35618,1.35634,1.77,1.50
2013.01.30 10:18:43.844,1.35615,1.3563,1.54,1.32
2013.01.30 10:18:44.120,1.35613,1.35625,1.32,1.35
2013.01.30 10:18:44.197,1.3561,1.35622,1.50,1.28
2013.01.30 10:18:44.264,1.35607,1.35623,1.50,1.50
2013.01.30 10:18:44.324,1.35607,1.35622,1.50,1.69
2013.01.30 10:18:44.521,1.35605,1.35622,1.50,1.69
2013.01.30 10:18:46.200,1.35607,1.35625,1.50,1.17
2013.01.30 10:18:46.631,1.35607,1.35628,1.50,2.67
2013.01.30 10:18:46.715,1.35607,1.35625,1.50,1.35
2013.01.30 10:18:46.787,1.35606,1.35624,2.63,1.17
2013.01.30 10:18:46.924,1.35606,1.35624,1.88,1.17
2013.01.30 10:18:47.235,1.35608,1.35625,2.25,1.35
2013.01.30 10:18:54.238,1.35612,1.3563,2.25,1.17
2013.01.30 10:18:54.315,1.35612,1.35631,2.63,1.69
2013.01.30 10:18:54.645,1.35618,1.35635,1.50,1.17
2013.01.30 10:18:54.835,1.35617,1.35635,1.50,1.92
2013.01.30 10:18:54.964,1.35616,1.35633,1.50,1.13
2013.01.30 10:18:55.036,1.35614,1.35633,1.65,4.13
2013.01.30 10:18:55.286,1.35613,1.35632,3.15,1.73
2013.01.30 10:18:55.356,1.35613,1.35623,2.44,1.50
2013.01.30 10:18:55.663,1.3561,1.35623,2.25,2.48
2013.01.30 10:18:55.964,1.35604,1.35621,3.00,1.73
2013.01.30 10:18:56.142,1.35603,1.35622,1.50,1.73
2013.01.30 10:18:57.707,1.35605,1.35624,1.50,2.29
2013.01.30 10:18:57.775,1.35605,1.35626,1.50,1.69
2013.01.30 10:18:57.979,1.35609,1.35627,1.50,2.44
2013.01.30 10:18:58.048,1.35609,1.35627,1.50,2.44
2013.01.30 10:18:58.185,1.35611,1.35627,1.50,1.69
2013.01.30 10:18:58.315,1.35611,1.35629,1.65,1.54
2013.01.30 10:18:58.624,1.35612,1.35631,1.50,1.69
2013.01.30 10:18:58.683,1.35613,1.35631,1.50,1.69
2013.01.30 10:19:00.243,1.35616,1.35633,1.50,1.13
2013.01.30 10:19:02.542,1.35614,1.35633,2.25,1.88
2013.01.30 10:19:03.863,1.3561,1.35631,2.44,1.47
2013.01.30 10:19:03.984,1.3561,1.35626,1.13,1.32
2013.01.30 10:19:04.174,1.3561,1.35625,1.13,2.25
2013.01.30 10:19:04.732,1.35609,1.35622,1.13,2.14
2013.01.30 10:19:09.166,1.35607,1.35622,1.13,1.32
2013.01.30 10:19:13.567,1.35606,1.35623,1.05,2.07
2013.01.30 10:19:15.942,1.35604,1.35623,1.13,2.82
2013.01.30 10:19:20.032,1.35604,1.35621,1.13,1.73
2013.01.30 10:19:20.567,1.35604,1.35621,1.13,1.73
2013.01.30 10:19:20.874,1.35608,1.35626,1.50,2.44
2013.01.30 10:19:21.063,1.35608,1.35626,1.50,1.13
2013.01.30 10:19:21.303,1.35608,1.35628,2.25,1.69
2013.01.30 10:19:23.500,1.35614,1.35627,1.32,1.88
2013.01.30 10:19:23.566,1.35615,1.35631,2.22,1.50
2013.01.30 10:19:23.633,1.35617,1.35637,1.50,3.15
2013.01.30 10:19:25.003,1.3562,1.35639,2.07,1.88
2013.01.30 10:19:26.414,1.35628,1.35639,1.32,1.13
2013.01.30 10:19:26.495,1.35628,1.35642,2.07,1.65
2013.01.30 10:19:26.567,1.35628,1.35642,2.07,1.65
2013.01.30 10:19:26.753,1.35629,1.35646,1.50,3.00
2013.01.30 10:19:27.063,1.35628,1.35646,1.32,1.50
2013.01.30 10:19:27.794,1.35628,1.35645,1.32,1.50
2013.01.30 10:19:29.143,1.35627,1.35645,2.07,1.50
2013.01.30 10:19:29.463,1.35634,1.3565,1.73,1.13
2013.01.30 10:19:29.824,1.35635,1.35653,4.05,1.28
2013.01.30 10:19:30.362,1.35637,1.35651,1.13,1.13
2013.01.30 10:19:36.752,1.35635,1.35651,1.73,1.13
2013.01.30 10:19:37.294,1.35635,1.35651,1.73,1.13
2013.01.30 10:19:37.353,1.35635,1.35651,1.65,1.13
2013.01.30 10:19:37.475,1.35635,1.35649,1.50,1.65
2013.01.30 10:19:37.547,1.35632,1.35648,1.50,1.65
2013.01.30 10:19:37.613,1.35632,1.35647,1.50,1.50
2013.01.30 10:19:38.784,1.35628,1.35645,1.32,2.25
2013.01.30 10:19:40.583,1.35627,1.35642,1.50,1.50
2013.01.30 10:19:41.025,1.35631,1.35643,2.55,1.50
2013.01.30 10:19:41.154,1.35631,1.3564,2.03,1.50
2013.01.30 10:19:41.214,1.35629,1.3564,2.29,1.50
2013.01.30 10:19:41.454,1.35629,1.3565,2.29,4.13
2013.01.30 10:19:41.573,1.35631,1.3565,1.13,2.25
2013.01.30 10:19:41.885,1.35631,1.35648,1.13,1.50
2013.01.30 10:19:42.895,1.35632,1.35647,1.47,1.50
2013.01.30 10:19:43.464,1.35632,1.35647,1.47,1.50
2013.01.30 10:19:48.634,1.35632,1.35647,1.47,1.50
2013.01.30 10:19:49.996,1.35632,1.35647,1.47,1.50
2013.01.30 10:19:50.503,1.35632,1.35647,1.47,1.50
2013.01.30 10:19:51.871,1.35632,1.35647,1.47,1.50
2013.01.30 10:19:52.094,1.35632,1.35647,1.47,1.50
2013.01.30 10:19:52.415,1.35628,1.35643,1.32,1.13
2013.01.30 10:19:53.140,1.35626,1.35644,1.32,1.13
2013.01.30 10:19:53.443,1.35628,1.35644,1.32,1.13
2013.01.30 10:19:53.652,1.35628,1.35644,1.32,1.13
2013.01.30 10:19:54.199,1.35624,1.35642,1.50,1.13
2013.01.30 10:19:54.336,1.35623,1.35641,1.32,2.48
2013.01.30 10:19:55.915,1.35623,1.35641,1.32,2.48
2013.01.30 10:19:56.223,1.3562,1.35636,1.13,1.73
2013.01.30 10:19:56.773,1.3562,1.35634,1.13,1.73
2013.01.30 10:19:57.082,1.3562,1.35634,1.13,2.48
2013.01.30 10:19:57.447,1.35618,1.35635,1.13,2.07
2013.01.30 10:19:57.955,1.35618,1.35635,1.13,1.32
2013.01.30 10:19:59.583,1.35618,1.35638,1.13,2.85
2013.01.30 10:20:01.112,1.35619,1.35639,1.13,1.50
2013.01.30 10:20:01.800,1.3562,1.3564,1.13,2.82
2013.01.30 10:20:03.164,1.35622,1.35639,1.47,1.50
2013.01.30 10:20:03.342,1.35623,1.35639,2.07,1.50
2013.01.30 10:20:03.477,1.35623,1.35642,2.07,2.40
2013.01.30 10:20:04.685,1.35622,1.35642,1.65,1.88
2013.01.30 10:20:05.303,1.35622,1.35642,1.65,2.40
2013.01.30 10:20:05.542,1.35623,1.35641,1.50,1.50
2013.01.30 10:20:06.076,1.35623,1.35644,1.50,1.35
2013.01.30 10:20:08.483,1.35623,1.35643,1.88,1.50
2013.01.30 10:20:09.002,1.35625,1.35646,1.65,2.44
2013.01.30 10:20:10.362,1.35625,1.35642,1.65,1.50
2013.01.30 10:20:10.457,1.35625,1.35642,1.65,1.50
2013.01.30 10:20:10.583,1.35625,1.35642,1.65,1.73
2013.01.30 10:20:17.173,1.35625,1.3564,1.65,1.73
2013.01.30 10:20:19.037,1.35625,1.3564,1.65,1.73
2013.01.30 10:20:19.656,1.35625,1.3564,1.65,1.50
2013.01.30 10:20:21.311,1.35623,1.3564,1.84,2.25
2013.01.30 10:20:21.373,1.35623,1.3564,1.84,2.25
2013.01.30 10:20:22.000,1.35623,1.35639,1.13,1.54
2013.01.30 10:20:22.683,1.35623,1.35638,1.13,2.29
2013.01.30 10:20:24.283,1.35619,1.35636,1.50,1.13
2013.01.30 10:20:25.526,1.35619,1.35636,1.50,1.13
2013.01.30 10:20:25.785,1.35623,1.3564,1.50,1.17
2013.01.30 10:20:25.915,1.35623,1.3564,2.25,1.17
2013.01.30 10:20:26.464,1.35627,1.35642,1.35,1.73
2013.01.30 10:20:26.523,1.35628,1.35644,1.13,1.69
2013.01.30 10:20:26.585,1.35628,1.35646,1.13,1.13
2013.01.30 10:20:26.715,1.35629,1.35649,2.25,3.98
2013.01.30 10:20:27.033,1.35628,1.35647,1.50,2.25
2013.01.30 10:20:27.213,1.35628,1.35644,1.50,1.73
2013.01.30 10:20:27.604,1.35631,1.35644,1.50,1.73
2013.01.30 10:20:27.884,1.35634,1.35644,1.20,1.50
2013.01.30 10:20:28.327,1.35638,1.35654,1.50,2.25
2013.01.30 10:20:28.456,1.35636,1.35653,1.50,1.73
2013.01.30 10:20:29.153,1.35635,1.35653,1.32,1.73
2013.01.30 10:20:29.284,1.35635,1.35653,1.32,1.73
2013.01.30 10:20:29.644,1.35636,1.35653,1.50,1.50
2013.01.30 10:20:29.883,1.35636,1.35653,1.50,1.73
2013.01.30 10:20:29.944,1.35636,1.35653,1.50,3.23
2013.01.30 10:20:30.007,1.35631,1.35651,1.20,1.50
2013.01.30 10:20:30.195,1.3563,1.35648,1.50,1.73
2013.01.30 10:20:30.336,1.3563,1.35649,1.50,3.98
2013.01.30 10:20:30.644,1.35631,1.35649,1.50,2.25
2013.01.30 10:20:31.003,1.35634,1.35651,1.32,3.00
2013.01.30 10:20:31.643,1.35634,1.35651,1.32,1.50
2013.01.30 10:20:32.173,1.35634,1.35651,2.07,1.50
2013.01.30 10:20:32.233,1.35634,1.35651,2.07,1.50
2013.01.30 10:20:32.292,1.35634,1.35652,1.32,1.73
2013.01.30 10:20:32.354,1.35634,1.35651,1.32,2.48
2013.01.30 10:20:35.892,1.35631,1.3565,3.04,1.50
2013.01.30 10:20:36.194,1.35635,1.35653,1.73,3.00
2013.01.30 10:20:36.982,1.35635,1.35653,1.73,2.25
2013.01.30 10:20:37.105,1.35636,1.35653,1.35,2.25
2013.01.30 10:20:37.413,1.35639,1.35653,1.50,2.40
2013.01.30 10:20:37.655,1.35643,1.35653,1.13,1.50
2013.01.30 10:20:37.723,1.35645,1.35656,1.88,2.25
2013.01.30 10:20:37.783,1.35646,1.35656,1.13,2.25
2013.01.30 10:20:37.964,1.35645,1.3566,1.88,1.50
2013.01.30 10:20:38.283,1.35646,1.3566,1.05,1.50
2013.01.30 10:20:40.183,1.35639,1.35657,1.69,1.69
2013.01.30 10:20:40.243,1.35638,1.35657,1.13,2.25
2013.01.30 10:20:40.303,1.35639,1.35654,1.50,1.47
2013.01.30 10:20:40.423,1.35636,1.35653,1.73,1.50
2013.01.30 10:20:40.485,1.35636,1.35649,1.73,1.50
2013.01.30 10:20:40.794,1.35634,1.35648,1.13,1.50
2013.01.30 10:20:41.263,1.35634,1.35649,1.13,1.50
2013.01.30 10:20:41.684,1.35634,1.35648,1.13,1.50
2013.01.30 10:20:42.453,1.35634,1.3565,1.13,2.25
2013.01.30 10:20:43.594,1.35637,1.35649,1.35,1.50
2013.01.30 10:20:43.724,1.35642,1.35655,1.13,1.50
2013.01.30 10:20:43.844,1.35646,1.35656,1.50,1.50
2013.01.30 10:20:43.967,1.35646,1.35655,1.73,1.50
2013.01.30 10:20:44.273,1.35645,1.35658,1.69,1.50
2013.01.30 10:20:44.514,1.35644,1.35658,1.65,1.50
2013.01.30 10:20:44.584,1.35644,1.35662,1.65,1.50
2013.01.30 10:20:44.764,1.35642,1.3566,1.88,1.50
2013.01.30 10:20:45.437,1.35642,1.3566,1.13,1.50
2013.01.30 10:20:45.742,1.35645,1.35663,1.65,1.35
2013.01.30 10:20:45.805,1.35645,1.35663,1.65,1.35
2013.01.30 10:20:46.115,1.35649,1.35666,1.50,1.35
2013.01.30 10:20:46.666,1.35651,1.35665,1.50,1.13
2013.01.30 10:20:46.974,1.35652,1.35672,1.13,2.03
2013.01.30 10:20:47.037,1.35653,1.35672,1.88,1.88
2013.01.30 10:20:47.165,1.35652,1.35672,1.65,1.32
2013.01.30 10:20:47.237,1.35652,1.35672,1.65,1.88
2013.01.30 10:20:47.304,1.35654,1.35672,1.73,1.88
2013.01.30 10:20:47.947,1.35651,1.3567,1.28,2.48
2013.01.30 10:20:48.465,1.35651,1.35667,1.28,1.50
2013.01.30 10:20:48.966,1.35656,1.35667,1.13,1.50
2013.01.30 10:20:49.286,1.35656,1.3567,1.13,2.07
2013.01.30 10:20:49.419,1.35656,1.3567,1.13,1.32
2013.01.30 10:20:50.006,1.35661,1.35674,1.73,1.32
2013.01.30 10:20:50.136,1.35661,1.35675,1.73,1.32
2013.01.30 10:20:50.344,1.35661,1.35677,1.50,1.93
2013.01.30 10:20:50.428,1.3566,1.35677,3.34,1.93
2013.01.30 10:20:50.890,1.35665,1.35676,1.50,1.93
2013.01.30 10:20:50.967,1.35665,1.35677,2.25,1.18
2013.01.30 10:20:51.099,1.35669,1.3568,1.32,1.98
2013.01.30 10:20:51.415,1.35671,1.35687,3.75,3.46
2013.01.30 10:20:51.666,1.35668,1.35687,1.32,3.68
2013.01.30 10:20:51.917,1.35671,1.35687,1.50,2.29
2013.01.30 10:20:51.984,1.35671,1.35687,1.50,3.12
2013.01.30 10:20:52.114,1.35674,1.35687,1.50,1.73
2013.01.30 10:20:52.369,1.35672,1.35687,1.50,1.32
2013.01.30 10:20:52.624,1.35674,1.35689,1.50,2.07
2013.01.30 10:20:52.984,1.35668,1.35689,2.07,1.50
2013.01.30 10:20:53.345,1.35672,1.35691,1.50,1.54
2013.01.30 10:20:53.654,1.35679,1.35691,1.50,1.32
2013.01.30 10:20:53.974,1.3568,1.35694,1.50,1.47
2013.01.30 10:20:54.214,1.35683,1.35691,2.25,1.13
2013.01.30 10:20:54.656,1.35679,1.35694,1.50,1.50
2013.01.30 10:20:55.204,1.35678,1.35694,1.50,2.03
2013.01.30 10:20:55.325,1.35678,1.35693,1.50,1.47
2013.01.30 10:20:56.096,1.35678,1.357,1.50,1.92
2013.01.30 10:20:56.230,1.35679,1.35697,1.50,1.17
2013.01.30 10:20:56.414,1.35679,1.35695,1.50,1.54
2013.01.30 10:20:56.773,1.35676,1.35695,2.25,1.32
2013.01.30 10:20:56.903,1.35676,1.35692,1.50,1.50
2013.01.30 10:20:56.968,1.35676,1.35692,1.50,1.50
2013.01.30 10:20:57.095,1.35676,1.35695,1.50,1.54
2013.01.30 10:20:57.166,1.35677,1.35696,1.50,1.69
2013.01.30 10:20:57.416,1.35674,1.3569,1.73,1.32
2013.01.30 10:20:57.545,1.35673,1.3569,1.50,2.07
2013.01.30 10:20:58.132,1.35669,1.35688,2.25,1.13
2013.01.30 10:20:58.215,1.35672,1.35693,1.50,1.32
2013.01.30 10:20:58.711,1.35674,1.35693,1.50,1.32
2013.01.30 10:20:58.836,1.35674,1.35694,1.50,1.32
2013.01.30 10:20:58.905,1.35674,1.3569,1.50,1.32
2013.01.30 10:20:59.035,1.35671,1.3569,1.50,1.32
2013.01.30 10:20:59.164,1.35667,1.35688,4.50,1.50
2013.01.30 10:20:59.727,1.35665,1.35685,1.50,1.50
2013.01.30 10:20:59.854,1.35664,1.35684,1.50,2.29
2013.01.30 10:21:00.155,1.35663,1.35683,1.50,2.07
2013.01.30 10:21:00.284,1.35663,1.35683,1.50,2.07
2013.01.30 10:21:00.594,1.35664,1.35686,1.50,1.50
2013.01.30 10:21:00.713,1.35663,1.35685,2.25,2.25
2013.01.30 10:21:01.363,1.35663,1.35682,1.50,2.82
2013.01.30 10:21:01.926,1.35661,1.35681,1.13,2.48
2013.01.30 10:21:02.057,1.3566,1.35679,1.13,1.50
2013.01.30 10:21:02.363,1.35655,1.35674,1.65,1.73
2013.01.30 10:21:02.866,1.35654,1.35673,1.13,1.73
2013.01.30 10:21:02.936,1.35654,1.35671,1.13,1.73
2013.01.30 10:21:03.184,1.3565,1.35669,1.88,1.32
2013.01.30 10:21:03.486,1.35649,1.35666,1.28,2.29
2013.01.30 10:21:03.555,1.35654,1.35666,1.13,1.54
2013.01.30 10:21:04.105,1.35656,1.35668,1.13,1.13
2013.01.30 10:21:04.623,1.35656,1.35668,1.13,1.13
2013.01.30 10:21:04.685,1.35656,1.35669,1.13,1.32
2013.01.30 10:21:05.053,1.35654,1.35672,1.13,1.32
2013.01.30 10:21:05.122,1.35655,1.35672,1.13,5.82
2013.01.30 10:21:05.245,1.35655,1.35672,1.13,2.29
2013.01.30 10:21:05.831,1.35654,1.35672,1.13,2.07
2013.01.30 10:21:06.375,1.35654,1.35672,1.13,2.63
2013.01.30 10:21:06.564,1.35654,1.3567,1.13,1.50
2013.01.30 10:21:07.115,1.35654,1.35674,1.65,1.50
2013.01.30 10:21:07.192,1.35655,1.35675,1.65,1.50
2013.01.30 10:21:07.613,1.35655,1.35675,1.65,1.50
2013.01.30 10:21:08.423,1.35655,1.35675,1.65,1.50
2013.01.30 10:21:08.687,1.35656,1.35674,1.65,1.50
2013.01.30 10:21:09.263,1.35654,1.35674,2.44,1.50
2013.01.30 10:21:11.676,1.35654,1.35674,2.44,1.50
2013.01.30 10:21:11.744,1.35655,1.35677,1.65,2.07
2013.01.30 10:21:11.804,1.35655,1.35677,1.65,2.07
2013.01.30 10:21:11.942,1.35655,1.35676,1.88,1.50
2013.01.30 10:21:12.193,1.35655,1.35677,2.40,2.07
2013.01.30 10:21:12.253,1.35657,1.35677,1.50,2.07
2013.01.30 10:21:12.554,1.35661,1.35679,1.50,1.28
2013.01.30 10:21:12.623,1.35659,1.35678,1.50,1.65
2013.01.30 10:21:13.285,1.35657,1.35677,1.50,1.88
2013.01.30 10:21:13.824,1.35655,1.35677,2.40,2.63
2013.01.30 10:21:13.883,1.35655,1.35675,2.40,4.50
2013.01.30 10:21:14.004,1.35654,1.35672,2.63,2.10
2013.01.30 10:21:14.063,1.35654,1.3567,2.25,1.17
2013.01.30 10:21:14.376,1.3565,1.35667,1.13,1.50
2013.01.30 10:21:14.444,1.3565,1.35667,1.13,1.50
2013.01.30 10:21:14.935,1.35649,1.35669,1.88,2.25
2013.01.30 10:21:15.130,1.35649,1.35669,1.88,3.00
2013.01.30 10:21:16.763,1.3565,1.3567,1.65,2.29
2013.01.30 10:21:16.882,1.35653,1.3567,1.32,1.50
2013.01.30 10:21:17.134,1.35653,1.35673,1.32,1.50
2013.01.30 10:21:17.497,1.35659,1.35675,1.32,2.25
2013.01.30 10:21:17.565,1.3566,1.35678,1.50,2.78
2013.01.30 10:21:17.754,1.3566,1.35681,2.25,1.50
2013.01.30 10:21:18.003,1.3566,1.35681,2.25,1.50
2013.01.30 10:21:19.075,1.35661,1.35682,1.50,1.65
2013.01.30 10:21:19.209,1.35661,1.35682,2.29,1.65
2013.01.30 10:21:19.515,1.35666,1.35681,1.35,1.50
2013.01.30 10:21:20.194,1.35669,1.35688,1.05,2.07
2013.01.30 10:21:20.406,1.3567,1.3569,1.50,1.65
2013.01.30 10:21:20.716,1.35671,1.35691,1.50,2.22
2013.01.30 10:21:20.844,1.3567,1.35689,1.50,1.73
2013.01.30 10:21:21.064,1.3567,1.35689,1.50,1.73
2013.01.30 10:21:21.630,1.35668,1.35688,1.80,1.73
2013.01.30 10:21:23.197,1.35669,1.35688,1.05,1.73
2013.01.30 10:21:23.325,1.35669,1.35687,1.05,1.32
2013.01.30 10:21:23.396,1.35667,1.35685,1.05,1.32
2013.01.30 10:21:23.524,1.35668,1.35685,1.05,2.25
2013.01.30 10:21:23.584,1.35668,1.35685,1.05,1.50
2013.01.30 10:21:23.716,1.35668,1.35687,1.05,1.50
2013.01.30 10:21:23.964,1.35667,1.35685,1.05,1.50
2013.01.30 10:21:24.153,1.35668,1.35687,1.65,1.50
2013.01.30 10:21:24.322,1.35668,1.35687,1.65,1.50
2013.01.30 10:21:24.667,1.35671,1.35689,2.29,1.65
2013.01.30 10:21:24.805,1.35678,1.35692,1.13,2.82
2013.01.30 10:21:25.173,1.35675,1.35692,1.13,1.32
2013.01.30 10:21:25.356,1.35675,1.35695,1.13,1.50
2013.01.30 10:21:25.423,1.35675,1.35695,1.13,1.50
2013.01.30 10:21:26.094,1.35677,1.35698,1.88,1.50
2013.01.30 10:21:27.365,1.35677,1.35698,1.88,1.50
2013.01.30 10:21:27.434,1.35679,1.35698,2.07,1.50
2013.01.30 10:21:27.495,1.35679,1.35698,2.82,1.50
2013.01.30 10:21:27.864,1.35681,1.357,2.48,1.32
2013.01.30 10:21:28.524,1.35681,1.357,2.48,1.32
2013.01.30 10:21:29.826,1.35681,1.35698,2.48,1.32
2013.01.30 10:21:29.954,1.35681,1.35696,2.25,1.32
2013.01.30 10:21:31.340,1.35677,1.35696,1.05,1.32
2013.01.30 10:21:31.463,1.35678,1.35698,1.65,1.32
2013.01.30 10:21:32.264,1.35678,1.35695,1.80,1.32
2013.01.30 10:21:32.575,1.35676,1.35693,1.65,1.73
2013.01.30 10:21:32.814,1.35675,1.35694,1.13,2.29
2013.01.30 10:21:33.174,1.35675,1.35695,1.65,1.73
2013.01.30 10:21:33.360,1.35677,1.35696,1.50,2.07
2013.01.30 10:21:33.489,1.35677,1.35697,1.50,1.50
2013.01.30 10:21:33.673,1.35677,1.35697,1.50,2.07
2013.01.30 10:21:33.734,1.35677,1.35696,1.50,2.07
2013.01.30 10:21:34.093,1.35681,1.35695,1.50,1.50
2013.01.30 10:21:34.615,1.35681,1.357,2.25,2.07
2013.01.30 10:21:34.831,1.35681,1.35702,2.25,1.32
2013.01.30 10:21:34.898,1.35681,1.35702,2.25,1.32
2013.01.30 10:21:35.703,1.35681,1.35702,1.50,2.07
2013.01.30 10:21:36.148,1.35679,1.35699,1.32,1.73
2013.01.30 10:21:36.452,1.35679,1.35698,1.32,1.50
2013.01.30 10:21:36.924,1.35676,1.35695,1.62,1.50
2013.01.30 10:21:37.425,1.35675,1.35695,2.03,1.73
2013.01.30 10:21:37.734,1.35677,1.35693,1.05,1.50
2013.01.30 10:21:37.795,1.35677,1.35697,1.28,2.82
2013.01.30 10:21:37.924,1.3568,1.35697,1.50,1.32
2013.01.30 10:21:38.164,1.35681,1.357,1.50,1.88
2013.01.30 10:21:38.737,1.35681,1.357,1.50,1.32
2013.01.30 10:21:39.446,1.3568,1.357,2.25,1.32
2013.01.30 10:21:40.008,1.35681,1.357,1.13,1.32
2013.01.30 10:21:40.694,1.35675,1.35695,1.28,1.32
2013.01.30 10:21:41.655,1.35678,1.35697,2.63,1.88
2013.01.30 10:21:42.025,1.35678,1.35697,2.63,1.32
2013.01.30 10:21:42.526,1.35682,1.35699,1.65,1.32
2013.01.30 10:21:42.724,1.35681,1.35699,1.13,1.13
2013.01.30 10:21:43.493,1.35681,1.357,1.88,1.32
2013.01.30 10:21:44.094,1.35682,1.35701,2.40,1.32
2013.01.30 10:21:44.334,1.35682,1.35702,2.40,1.32
2013.01.30 10:21:44.404,1.35685,1.35704,1.50,1.65
2013.01.30 10:21:44.834,1.35684,1.35703,1.50,1.54
2013.01.30 10:21:44.953,1.35681,1.35702,3.38,1.32
2013.01.30 10:21:45.133,1.35681,1.35702,3.38,1.32
2013.01.30 10:21:45.340,1.35686,1.35706,1.50,3.94
2013.01.30 10:21:45.605,1.35684,1.35705,1.73,1.65
2013.01.30 10:21:45.792,1.35683,1.35701,1.65,1.32
2013.01.30 10:21:46.585,1.3568,1.35701,1.88,2.07
2013.01.30 10:21:47.824,1.3568,1.357,1.65,1.50
2013.01.30 10:21:47.884,1.35679,1.35699,1.13,1.50
2013.01.30 10:21:48.356,1.35679,1.35698,1.13,1.32
2013.01.30 10:21:48.734,1.35674,1.35693,1.28,1.50
2013.01.30 10:21:49.283,1.35674,1.35691,1.28,1.32
2013.01.30 10:21:50.586,1.35671,1.3569,1.13,2.07
2013.01.30 10:21:50.935,1.35671,1.35689,1.13,1.50
2013.01.30 10:21:51.366,1.35671,1.3569,1.13,2.07
2013.01.30 10:21:52.414,1.35676,1.35693,1.13,1.73
2013.01.30 10:21:52.724,1.3568,1.35698,1.65,1.13
2013.01.30 10:21:53.153,1.35679,1.35699,1.13,1.50
2013.01.30 10:21:53.769,1.35681,1.35701,2.40,1.47
2013.01.30 10:21:54.462,1.3568,1.35699,1.65,1.47
2013.01.30 10:21:55.614,1.35678,1.35698,1.13,1.32
2013.01.30 10:21:55.884,1.35677,1.35698,3.38,1.32
2013.01.30 10:21:56.154,1.35678,1.35699,1.47,1.50
2013.01.30 10:21:56.456,1.35685,1.35705,1.50,1.13
2013.01.30 10:21:56.644,1.35684,1.35703,1.50,1.47
2013.01.30 10:21:56.823,1.35682,1.35702,1.50,2.22
2013.01.30 10:21:57.263,1.35685,1.35702,1.50,1.65
2013.01.30 10:21:57.524,1.35686,1.35707,2.25,1.50
2013.01.30 10:21:58.201,1.35686,1.35706,2.25,1.50
2013.01.30 10:21:58.474,1.35684,1.35704,1.13,1.32
2013.01.30 10:21:58.835,1.35682,1.35703,2.63,1.73
2013.01.30 10:21:59.830,1.35682,1.35702,1.13,1.54
2013.01.30 10:22:01.853,1.35681,1.35702,1.13,1.54
2013.01.30 10:22:02.835,1.35685,1.35704,1.13,1.32
2013.01.30 10:22:04.374,1.35686,1.35706,1.13,1.32
2013.01.30 10:22:05.242,1.35686,1.35706,1.13,1.32
2013.01.30 10:22:06.364,1.35686,1.35705,1.13,2.07
2013.01.30 10:22:08.623,1.35686,1.35707,1.13,2.48
2013.01.30 10:22:08.864,1.35689,1.35709,2.25,1.50
2013.01.30 10:22:09.164,1.35689,1.35708,1.50,1.50
2013.01.30 10:22:09.498,1.35686,1.35703,1.13,1.50
2013.01.30 10:22:09.638,1.35687,1.35708,1.65,2.63
2013.01.30 10:22:09.944,1.35689,1.3571,2.25,2.82
2013.01.30 10:22:10.003,1.35689,1.3571,2.82,2.25
2013.01.30 10:22:10.316,1.35691,1.35711,1.32,1.65
2013.01.30 10:22:10.507,1.35691,1.35712,2.29,1.13
2013.01.30 10:22:10.973,1.35691,1.35712,2.29,1.13
2013.01.30 10:22:12.344,1.35693,1.35714,1.47,2.29
2013.01.30 10:22:12.604,1.35693,1.35714,2.40,1.54
2013.01.30 10:22:13.065,1.35694,1.35715,1.50,1.69
2013.01.30 10:22:13.948,1.35694,1.35714,1.50,1.54
2013.01.30 10:22:14.134,1.35694,1.35715,2.25,1.13
2013.01.30 10:22:14.255,1.35694,1.35715,2.25,1.13
2013.01.30 10:22:14.421,1.35694,1.35715,2.25,1.88
2013.01.30 10:22:14.555,1.35693,1.35713,1.65,1.73
2013.01.30 10:22:14.624,1.35693,1.35713,1.65,1.73
2013.01.30 10:22:15.025,1.35693,1.35713,1.88,1.73
2013.01.30 10:22:15.567,1.35693,1.35712,1.13,1.54
2013.01.30 10:22:16.207,1.35693,1.3571,1.13,1.73
2013.01.30 10:22:16.535,1.35692,1.35704,1.13,1.54
2013.01.30 10:22:16.853,1.35688,1.35703,1.28,1.73
2013.01.30 10:22:17.587,1.35688,1.35707,1.28,1.73
2013.01.30 10:22:17.714,1.35692,1.35708,1.13,1.73
2013.01.30 10:22:18.194,1.35699,1.35708,3.00,1.32
2013.01.30 10:22:18.323,1.35694,1.35705,3.20,1.32
2013.01.30 10:22:18.386,1.35694,1.35705,3.20,1.54
2013.01.30 10:22:18.694,1.35685,1.35705,1.50,1.54
2013.01.30 10:22:18.754,1.35685,1.35705,1.50,1.54
2013.01.30 10:22:19.064,1.35688,1.35707,1.28,1.35
2013.01.30 10:22:19.436,1.35688,1.35705,1.28,1.35
2013.01.30 10:22:19.760,1.35685,1.35705,1.65,2.10
2013.01.30 10:22:19.843,1.35687,1.35706,1.50,1.73
2013.01.30 10:22:19.908,1.35688,1.35708,2.25,1.92
2013.01.30 10:22:19.976,1.35687,1.35704,1.50,1.73
2013.01.30 10:22:20.224,1.35688,1.35704,1.50,1.50
2013.01.30 10:22:20.533,1.35693,1.35707,1.50,1.50
2013.01.30 10:22:21.076,1.35695,1.35712,1.32,1.50
2013.01.30 10:22:21.203,1.35695,1.35712,1.32,1.50
2013.01.30 10:22:21.444,1.35695,1.35714,1.32,1.73
2013.01.30 10:22:21.955,1.35698,1.35715,1.50,1.13
2013.01.30 10:22:22.482,1.35697,1.35715,1.32,1.13
2013.01.30 10:22:23.023,1.35697,1.35715,1.32,1.13
2013.01.30 10:22:23.084,1.35696,1.35715,2.07,1.13
2013.01.30 10:22:23.203,1.35696,1.35715,1.50,1.69
2013.01.30 10:22:23.743,1.35694,1.35715,1.50,2.44
2013.01.30 10:22:24.304,1.35693,1.35713,1.50,1.73
2013.01.30 10:22:24.647,1.35692,1.35713,2.22,1.73
2013.01.30 10:22:25.183,1.35692,1.35713,2.22,1.73
2013.01.30 10:22:25.624,1.35692,1.35713,1.65,1.73
2013.01.30 10:22:25.686,1.35693,1.35713,1.50,1.73
2013.01.30 10:22:27.334,1.35692,1.35713,1.65,1.73
2013.01.30 10:22:27.644,1.3569,1.3571,3.38,1.73
2013.01.30 10:22:27.764,1.35693,1.35712,1.50,2.07
2013.01.30 10:22:28.954,1.35693,1.35712,1.50,2.29
2013.01.30 10:22:29.324,1.35693,1.35709,1.50,1.54
2013.01.30 10:22:29.384,1.3569,1.35708,2.63,1.54
2013.01.30 10:22:30.173,1.3569,1.35708,1.88,2.29
2013.01.30 10:22:32.544,1.35688,1.35707,1.13,2.29
2013.01.30 10:22:34.405,1.35686,1.35703,1.50,2.44
2013.01.30 10:22:34.475,1.35681,1.35702,3.15,1.88
2013.01.30 10:22:34.594,1.35681,1.35702,3.15,2.63
2013.01.30 10:22:34.777,1.35681,1.35698,1.65,1.54
2013.01.30 10:22:34.843,1.35681,1.35698,1.65,1.54
2013.01.30 10:22:36.336,1.35679,1.35698,1.88,2.10
2013.01.30 10:22:36.765,1.35679,1.35696,1.88,2.29
2013.01.30 10:22:36.944,1.35679,1.35696,1.88,1.54
2013.01.30 10:22:37.063,1.35679,1.35696,1.88,2.29
2013.01.30 10:22:37.364,1.35679,1.35695,1.65,2.48
2013.01.30 10:22:38.544,1.3568,1.35699,2.40,2.85
2013.01.30 10:22:38.954,1.35682,1.35701,1.50,2.85
2013.01.30 10:22:39.086,1.35685,1.35701,1.50,1.73
2013.01.30 10:22:39.214,1.35687,1.35704,2.25,4.73
2013.01.30 10:22:39.715,1.35686,1.35705,2.25,1.13
2013.01.30 10:22:40.273,1.35685,1.35704,1.50,1.73
2013.01.30 10:22:40.484,1.35683,1.35704,3.00,2.48
2013.01.30 10:22:41.024,1.35683,1.357,1.50,1.73
2013.01.30 10:22:42.804,1.35681,1.357,1.65,1.73
2013.01.30 10:22:42.864,1.35681,1.35698,1.65,1.73
2013.01.30 10:22:43.674,1.3568,1.35698,1.65,1.73
2013.01.30 10:22:44.444,1.35679,1.35698,2.40,1.73
2013.01.30 10:22:45.205,1.35684,1.35698,1.50,2.29
2013.01.30 10:22:45.263,1.35684,1.35698,1.50,1.73
2013.01.30 10:22:45.386,1.35682,1.35701,2.25,5.85
2013.01.30 10:22:45.517,1.35685,1.35703,2.25,1.54
2013.01.30 10:22:46.026,1.35687,1.35706,1.50,3.00
2013.01.30 10:22:46.284,1.35688,1.35703,1.50,1.13
2013.01.30 10:22:46.406,1.35685,1.35701,1.50,1.73
2013.01.30 10:22:47.362,1.35685,1.35701,1.50,1.73
2013.01.30 10:22:47.977,1.35683,1.35701,1.50,1.73
2013.01.30 10:22:48.047,1.35683,1.35701,1.50,1.73
2013.01.30 10:22:48.174,1.35683,1.357,1.50,1.73
2013.01.30 10:22:48.234,1.35682,1.35699,1.50,2.48
2013.01.30 10:22:48.795,1.35679,1.357,3.15,1.73
2013.01.30 10:22:49.523,1.35679,1.357,3.00,1.88
2013.01.30 10:22:49.824,1.35679,1.35696,2.25,1.73
2013.01.30 10:22:51.032,1.35679,1.35696,2.25,1.73
2013.01.30 10:22:51.154,1.35683,1.35697,1.50,1.73
2013.01.30 10:22:51.278,1.35683,1.35699,1.50,1.13
2013.01.30 10:22:51.535,1.35683,1.35702,1.50,2.67
2013.01.30 10:22:52.042,1.35685,1.35704,2.25,1.92
2013.01.30 10:22:53.018,1.35685,1.35704,2.25,1.92
2013.01.30 10:22:53.148,1.35685,1.35702,1.50,1.35
2013.01.30 10:22:54.434,1.35682,1.357,1.50,1.13
2013.01.30 10:22:55.813,1.35682,1.35699,1.50,1.13
2013.01.30 10:22:55.933,1.35682,1.35699,1.50,1.13
2013.01.30 10:22:58.733,1.35681,1.35699,1.50,2.85
2013.01.30 10:22:58.915,1.35681,1.35697,1.50,1.54
2013.01.30 10:22:59.434,1.35681,1.35697,1.50,1.54
2013.01.30 10:22:59.673,1.35682,1.35698,1.50,1.54
2013.01.30 10:22:59.883,1.35682,1.35698,1.50,1.54
2013.01.30 10:23:00.004,1.35681,1.35698,1.50,2.29
2013.01.30 10:23:01.317,1.35681,1.35697,1.50,1.54
2013.01.30 10:23:02.295,1.35682,1.35698,1.50,1.54
2013.01.30 10:23:02.425,1.35682,1.35699,1.50,1.73
2013.01.30 10:23:02.673,1.35684,1.357,1.50,1.69
2013.01.30 10:23:03.507,1.35685,1.357,1.50,1.13
2013.01.30 10:23:03.694,1.35686,1.35703,2.25,1.35
2013.01.30 10:23:03.813,1.35686,1.35703,2.25,1.35
2013.01.30 10:23:05.764,1.35686,1.35704,1.50,1.88
2013.01.30 10:23:06.993,1.35686,1.35704,1.50,1.13
2013.01.30 10:23:07.054,1.35686,1.35704,1.50,1.13
2013.01.30 10:23:07.914,1.35686,1.35704,1.50,1.13
2013.01.30 10:23:08.043,1.35686,1.35704,1.50,1.13
2013.01.30 10:23:08.414,1.35692,1.35707,2.18,1.13
2013.01.30 10:23:08.534,1.35697,1.3571,2.97,2.93
2013.01.30 10:23:10.494,1.35697,1.35714,2.25,1.50
2013.01.30 10:23:14.057,1.35703,1.35714,1.32,1.50
2013.01.30 10:23:14.314,1.35701,1.35721,3.00,2.10
2013.01.30 10:23:14.504,1.35701,1.35719,2.25,1.88
2013.01.30 10:23:14.684,1.35701,1.35719,2.25,2.40
2013.01.30 10:23:15.446,1.35701,1.35719,1.32,1.65
2013.01.30 10:23:15.962,1.35704,1.35721,1.50,1.13
2013.01.30 10:23:16.685,1.35704,1.35719,1.50,1.13
2013.01.30 10:23:19.560,1.35703,1.35721,1.50,1.13
2013.01.30 10:23:19.804,1.35705,1.35726,3.15,1.47
2013.01.30 10:23:19.924,1.35708,1.35726,1.50,1.32
2013.01.30 10:23:20.125,1.3571,1.35728,1.50,2.10
2013.01.30 10:23:20.835,1.35711,1.35728,1.50,1.32
2013.01.30 10:23:20.914,1.35712,1.35728,1.50,1.32
2013.01.30 10:23:22.263,1.35712,1.35731,1.50,1.69
2013.01.30 10:23:22.985,1.35712,1.35731,1.50,1.69
2013.01.30 10:23:24.046,1.35712,1.35731,1.50,1.47
2013.01.30 10:23:24.584,1.35713,1.35734,1.50,2.67
2013.01.30 10:23:25.554,1.35713,1.35734,1.50,2.67
2013.01.30 10:23:27.066,1.35715,1.35734,1.50,1.92
2013.01.30 10:23:28.253,1.35716,1.35733,1.50,1.47
2013.01.30 10:23:29.101,1.35716,1.35734,1.50,1.13
2013.01.30 10:23:29.643,1.35716,1.35734,1.50,1.13
2013.01.30 10:23:30.241,1.35716,1.35734,1.50,1.13
2013.01.30 10:23:32.773,1.35719,1.35734,1.50,1.13
2013.01.30 10:23:33.074,1.3572,1.35734,1.50,1.13
2013.01.30 10:23:34.683,1.35718,1.35734,2.25,1.13
2013.01.30 10:23:34.743,1.35718,1.35734,1.50,1.13
2013.01.30 10:23:35.943,1.35713,1.35734,1.13,2.25
2013.01.30 10:23:36.485,1.35712,1.35733,2.40,1.50
2013.01.30 10:23:36.554,1.35712,1.35733,2.40,1.50
2013.01.30 10:23:37.263,1.35712,1.35734,3.15,2.25
2013.01.30 10:23:38.563,1.35714,1.35734,1.50,2.25
2013.01.30 10:23:38.924,1.35719,1.35737,1.50,2.44
2013.01.30 10:23:40.755,1.35722,1.3574,1.50,1.17
2013.01.30 10:23:41.125,1.35718,1.35737,2.48,1.88
2013.01.30 10:23:41.364,1.35725,1.3574,1.50,2.29
2013.01.30 10:23:41.797,1.35737,1.35748,1.32,1.73
2013.01.30 10:23:41.949,1.35734,1.35748,1.50,1.13
2013.01.30 10:23:42.016,1.35733,1.35746,2.25,1.32
2013.01.30 10:23:42.525,1.35732,1.35743,1.50,1.32
2013.01.30 10:23:42.595,1.35732,1.35745,1.13,1.32
2013.01.30 10:23:42.937,1.35736,1.35748,1.32,1.50
2013.01.30 10:23:43.065,1.35736,1.35751,1.54,2.07
2013.01.30 10:23:43.504,1.35737,1.35757,1.73,1.50
2013.01.30 10:23:44.024,1.35739,1.35759,2.25,1.47
2013.01.30 10:23:44.526,1.35739,1.3576,1.50,1.65
2013.01.30 10:23:45.151,1.35738,1.3576,2.25,1.65
2013.01.30 10:23:45.333,1.35738,1.35759,1.50,1.13
2013.01.30 10:23:45.455,1.35738,1.35756,1.50,1.54
2013.01.30 10:23:46.003,1.35738,1.35758,2.82,1.32
2013.01.30 10:23:47.537,1.35738,1.35759,2.82,1.13
2013.01.30 10:23:48.092,1.35738,1.3576,2.82,1.65
2013.01.30 10:23:48.639,1.35738,1.35758,2.07,1.65
2013.01.30 10:23:49.213,1.35739,1.3576,1.50,1.88
2013.01.30 10:23:49.563,1.35741,1.35761,2.25,2.44
2013.01.30 10:23:51.724,1.35741,1.3576,1.73,1.13
2013.01.30 10:23:52.328,1.35741,1.35761,1.50,1.13
2013.01.30 10:23:52.633,1.35744,1.3576,1.50,1.13
2013.01.30 10:23:53.974,1.35745,1.35759,1.50,1.13
2013.01.30 10:23:54.555,1.35742,1.35759,1.50,1.13
2013.01.30 10:23:55.092,1.35742,1.3576,1.50,1.69
2013.01.30 10:23:56.804,1.35739,1.35756,2.25,2.07
2013.01.30 10:23:56.877,1.35739,1.35756,1.50,2.07
2013.01.30 10:23:57.125,1.35741,1.35756,1.50,1.50
2013.01.30 10:23:57.455,1.35744,1.3576,1.50,1.13
2013.01.30 10:23:57.647,1.35744,1.35761,1.50,1.13
2013.01.30 10:23:57.714,1.35744,1.35764,1.50,1.88
2013.01.30 10:23:58.558,1.35743,1.35761,1.50,1.35
2013.01.30 10:23:58.686,1.35742,1.35761,1.50,2.10
2013.01.30 10:23:58.874,1.35742,1.35761,2.25,1.88
2013.01.30 10:23:59.535,1.35742,1.3576,2.25,1.13
2013.01.30 10:23:59.603,1.35742,1.3576,2.25,1.13
2013.01.30 10:24:00.054,1.35739,1.35758,2.40,2.10
2013.01.30 10:24:00.407,1.35739,1.35757,1.65,1.58
2013.01.30 10:24:00.477,1.35738,1.35754,1.50,1.54
2013.01.30 10:24:01.115,1.35731,1.35752,3.00,1.69
2013.01.30 10:24:02.034,1.35733,1.35751,2.25,1.47
2013.01.30 10:24:02.734,1.35733,1.35752,2.25,1.13
2013.01.30 10:24:04.176,1.35733,1.35753,3.15,1.73
2013.01.30 10:24:04.306,1.35736,1.35755,1.50,1.13
2013.01.30 10:24:04.374,1.35736,1.35756,1.58,1.32
2013.01.30 10:24:04.555,1.35736,1.35758,1.58,1.32
2013.01.30 10:24:04.805,1.35738,1.35758,1.58,1.32
2013.01.30 10:24:04.925,1.35738,1.35758,2.33,1.32
2013.01.30 10:24:05.044,1.35737,1.35758,1.58,2.07
2013.01.30 10:24:05.423,1.35735,1.35756,2.07,1.50
2013.01.30 10:24:05.545,1.35735,1.35756,1.32,1.50
2013.01.30 10:24:05.614,1.35734,1.35752,2.07,1.50
2013.01.30 10:24:05.768,1.35734,1.35752,1.50,2.07
2013.01.30 10:24:06.296,1.35731,1.35748,1.50,1.69
2013.01.30 10:24:06.366,1.35728,1.35748,2.48,2.44
2013.01.30 10:24:06.888,1.3573,1.3575,1.73,3.00
2013.01.30 10:24:07.449,1.35732,1.35751,1.73,2.25
2013.01.30 10:24:07.755,1.35733,1.35751,1.50,2.25
2013.01.30 10:24:07.946,1.3573,1.35748,1.50,1.69
2013.01.30 10:24:08.254,1.35731,1.35749,1.73,1.69
2013.01.30 10:24:08.633,1.35731,1.35749,2.48,1.69
2013.01.30 10:24:09.785,1.35732,1.35749,1.73,1.69
2013.01.30 10:24:11.083,1.35729,1.35749,1.50,1.92
2013.01.30 10:24:11.155,1.3573,1.35749,1.73,1.69
2013.01.30 10:24:11.224,1.3573,1.35748,1.50,1.13
2013.01.30 10:24:11.536,1.3573,1.35748,1.50,1.13
2013.01.30 10:24:11.846,1.35726,1.35745,2.25,2.03
2013.01.30 10:24:11.914,1.35726,1.35745,1.50,2.03
2013.01.30 10:24:12.455,1.35726,1.35745,1.73,2.25
2013.01.30 10:24:13.016,1.35727,1.35747,1.73,1.50
2013.01.30 10:24:13.335,1.3573,1.35748,1.50,2.25
2013.01.30 10:24:14.034,1.3573,1.35748,2.48,2.25
2013.01.30 10:24:14.524,1.3573,1.35747,1.50,1.69
2013.01.30 10:24:15.046,1.35728,1.35747,1.73,1.69
2013.01.30 10:24:15.115,1.35729,1.35747,2.48,1.69
2013.01.30 10:24:15.578,1.35736,1.3575,1.50,1.69
2013.01.30 10:24:15.645,1.35737,1.35755,1.50,1.69
2013.01.30 10:24:15.708,1.35737,1.35756,1.73,2.22
2013.01.30 10:24:16.075,1.35737,1.35756,1.50,2.07
2013.01.30 10:24:16.304,1.35737,1.35755,1.50,1.32
2013.01.30 10:24:18.453,1.35735,1.35755,1.73,2.07
2013.01.30 10:24:19.157,1.35735,1.35753,2.48,1.32
2013.01.30 10:24:19.465,1.35744,1.35762,2.25,1.17
2013.01.30 10:24:19.774,1.35747,1.35764,2.48,3.38
2013.01.30 10:24:20.042,1.35747,1.35768,2.48,4.47
2013.01.30 10:24:21.234,1.35747,1.35768,1.73,2.59
2013.01.30 10:24:21.573,1.35746,1.35768,1.73,2.59
2013.01.30 10:24:22.557,1.35747,1.35766,1.73,1.13
2013.01.30 10:24:22.746,1.3575,1.35768,1.73,1.05
2013.01.30 10:24:22.814,1.3575,1.35768,1.73,1.05
2013.01.30 10:24:23.662,1.35755,1.35768,1.73,1.47
2013.01.30 10:24:24.277,1.35756,1.3577,1.73,1.13
2013.01.30 10:24:24.807,1.35755,1.3577,2.25,1.13
2013.01.30 10:24:25.576,1.35755,1.3577,2.25,1.13
2013.01.30 10:24:26.364,1.35756,1.35772,1.50,1.13
2013.01.30 10:24:26.605,1.35753,1.3577,2.25,1.92
2013.01.30 10:24:26.664,1.35761,1.3577,2.07,1.13
2013.01.30 10:24:26.724,1.35761,1.35775,2.07,4.73
2013.01.30 10:24:26.903,1.35764,1.3578,2.25,2.70
2013.01.30 10:24:27.024,1.35766,1.35783,1.50,1.88
2013.01.30 10:24:27.267,1.35767,1.35783,1.50,1.50
2013.01.30 10:24:27.336,1.35769,1.35786,1.50,1.69
2013.01.30 10:24:27.466,1.35769,1.35788,2.97,2.29
2013.01.30 10:24:27.536,1.35774,1.35791,2.25,1.73
2013.01.30 10:24:27.846,1.35774,1.35794,2.25,1.54
2013.01.30 10:24:28.405,1.35775,1.35794,1.73,1.32
2013.01.30 10:24:30.103,1.35779,1.35795,1.50,1.32
2013.01.30 10:24:30.224,1.35779,1.35798,2.25,2.97
2013.01.30 10:24:30.344,1.35781,1.35798,1.73,1.69
2013.01.30 10:24:30.784,1.35781,1.35798,1.73,1.69
2013.01.30 10:24:30.963,1.35779,1.35797,1.50,1.65
2013.01.30 10:24:32.389,1.35779,1.35795,1.50,1.50
2013.01.30 10:24:32.470,1.35773,1.35792,1.50,4.50
2013.01.30 10:24:32.534,1.35771,1.3579,4.50,1.50
2013.01.30 10:24:33.108,1.35771,1.35789,2.48,1.32
2013.01.30 10:24:33.618,1.35773,1.35789,1.50,1.32
2013.01.30 10:24:33.806,1.35773,1.35791,1.50,1.88
2013.01.30 10:24:33.874,1.35773,1.3579,1.50,1.32
2013.01.30 10:24:33.934,1.35772,1.35791,1.73,1.32
2013.01.30 10:24:33.994,1.35772,1.35791,1.73,5.07
2013.01.30 10:24:34.294,1.35768,1.35788,2.63,1.50
2013.01.30 10:24:34.354,1.35768,1.35788,2.63,2.07
2013.01.30 10:24:34.653,1.35767,1.35788,2.63,1.32
2013.01.30 10:24:34.718,1.35769,1.35791,1.73,2.07
2013.01.30 10:24:34.844,1.35768,1.3579,1.88,1.50
2013.01.30 10:24:35.024,1.3577,1.3579,1.73,1.50
2013.01.30 10:24:35.583,1.35771,1.35791,1.50,1.32
2013.01.30 10:24:35.942,1.3577,1.3579,2.48,1.32
2013.01.30 10:24:37.093,1.3577,1.35788,1.73,1.32
2013.01.30 10:24:37.477,1.3577,1.35787,1.50,1.32
2013.01.30 10:24:37.617,1.35767,1.35786,2.48,1.69
2013.01.30 10:24:37.685,1.35767,1.35783,1.73,1.13
2013.01.30 10:24:37.817,1.35767,1.3578,1.50,1.32
2013.01.30 10:24:38.184,1.35764,1.35782,1.50,1.88
2013.01.30 10:24:38.264,1.35764,1.35781,1.50,1.47
2013.01.30 10:24:38.585,1.35765,1.3578,1.50,1.50
2013.01.30 10:24:38.713,1.35765,1.35783,1.50,2.07
2013.01.30 10:24:38.774,1.35762,1.35783,1.50,1.69
2013.01.30 10:24:39.254,1.35761,1.35783,2.25,3.42
2013.01.30 10:24:39.434,1.3576,1.35783,1.65,4.17
2013.01.30 10:24:39.734,1.35759,1.35781,3.15,1.47
2013.01.30 10:24:40.104,1.35759,1.35777,2.40,1.50
2013.01.30 10:24:40.414,1.35757,1.35774,1.50,1.13
2013.01.30 10:24:40.546,1.35755,1.35774,2.07,1.13
2013.01.30 10:24:41.094,1.35755,1.35771,1.50,1.47
2013.01.30 10:24:41.555,1.35752,1.35771,1.50,1.47
2013.01.30 10:24:41.865,1.35753,1.35772,1.50,1.47
2013.01.30 10:24:41.985,1.35756,1.35774,1.50,2.44
2013.01.30 10:24:42.414,1.3576,1.35779,1.50,2.40
2013.01.30 10:24:43.085,1.3576,1.3578,3.00,1.69
2013.01.30 10:24:43.146,1.35761,1.3578,1.50,1.54
2013.01.30 10:24:43.455,1.3577,1.35783,1.50,1.32
2013.01.30 10:24:43.841,1.35771,1.35789,1.32,3.15
2013.01.30 10:24:44.278,1.35773,1.35793,1.50,1.28
2013.01.30 10:24:44.349,1.35775,1.35793,1.32,1.13
2013.01.30 10:24:45.273,1.35773,1.35792,1.50,1.13
2013.01.30 10:24:45.395,1.35772,1.35792,1.50,1.13
2013.01.30 10:24:45.463,1.3577,1.35792,2.07,1.13
2013.01.30 10:24:46.167,1.35769,1.35788,1.65,1.32
2013.01.30 10:24:46.474,1.35766,1.35787,1.32,1.69
2013.01.30 10:24:46.833,1.35768,1.35786,1.50,1.47
2013.01.30 10:24:47.193,1.35771,1.35786,1.50,1.50
2013.01.30 10:24:47.376,1.35767,1.35785,1.50,1.17
2013.01.30 10:24:47.445,1.35769,1.35785,1.50,1.09
2013.01.30 10:24:49.644,1.35765,1.35784,2.82,1.50
2013.01.30 10:24:49.965,1.35764,1.35783,1.50,1.73
2013.01.30 10:24:50.093,1.35762,1.35782,1.50,1.13
2013.01.30 10:24:50.629,1.35761,1.35781,1.50,1.88
2013.01.30 10:24:51.144,1.35762,1.35781,1.50,1.13
2013.01.30 10:24:51.505,1.35766,1.35781,1.50,2.63
2013.01.30 10:24:51.761,1.35765,1.35781,1.50,2.63
2013.01.30 10:24:52.285,1.35763,1.35781,1.50,2.63
2013.01.30 10:24:52.464,1.35763,1.35777,1.50,1.50
2013.01.30 10:24:53.426,1.35763,1.35778,1.50,1.50
2013.01.30 10:24:54.296,1.35763,1.35779,1.50,1.50
2013.01.30 10:24:54.683,1.3576,1.35779,1.50,1.50
2013.01.30 10:24:57.135,1.3576,1.35777,1.50,1.50
2013.01.30 10:24:57.194,1.35759,1.35776,1.50,1.50
2013.01.30 10:24:57.313,1.35759,1.3578,1.50,3.72
2013.01.30 10:24:57.380,1.35759,1.3578,1.50,3.72
2013.01.30 10:24:58.473,1.35761,1.35776,1.50,1.88
2013.01.30 10:24:58.534,1.35759,1.35774,2.25,2.07
2013.01.30 10:24:58.595,1.35757,1.35774,2.40,2.29
2013.01.30 10:24:58.727,1.35757,1.35778,3.15,1.32
2013.01.30 10:24:58.795,1.35759,1.35779,2.25,2.97
2013.01.30 10:24:58.865,1.35759,1.35779,2.25,1.47
2013.01.30 10:24:59.226,1.35758,1.35777,1.88,1.50
2013.01.30 10:24:59.355,1.35759,1.3578,1.50,1.47
2013.01.30 10:24:59.425,1.35763,1.35781,1.50,1.69
2013.01.30 10:24:59.554,1.35759,1.35779,2.25,1.65
2013.01.30 10:25:00.082,1.35763,1.35783,1.50,2.82
2013.01.30 10:25:00.384,1.35768,1.35783,1.50,1.69
2013.01.30 10:25:00.924,1.35766,1.35785,1.50,1.69
2013.01.30 10:25:00.983,1.35765,1.35785,3.00,1.69
2013.01.30 10:25:01.613,1.35763,1.35781,1.50,1.13
2013.01.30 10:25:02.058,1.35763,1.35781,1.50,1.13
2013.01.30 10:25:03.137,1.35762,1.3578,1.50,1.13
2013.01.30 10:25:03.735,1.35758,1.35778,2.82,1.13
2013.01.30 10:25:05.236,1.3576,1.35778,1.50,1.13
2013.01.30 10:25:05.653,1.35758,1.35778,1.50,1.13
2013.01.30 10:25:05.895,1.35759,1.35778,1.50,1.13
2013.01.30 10:25:06.565,1.35759,1.3578,1.50,3.19
2013.01.30 10:25:11.126,1.35758,1.35779,1.73,1.69
2013.01.30 10:25:11.256,1.35759,1.35778,1.50,1.88
2013.01.30 10:25:11.444,1.3576,1.35779,1.50,1.69
2013.01.30 10:25:13.964,1.35761,1.3578,1.50,1.69
2013.01.30 10:25:14.613,1.35759,1.3578,1.50,1.69
2013.01.30 10:25:19.695,1.35758,1.35775,1.73,1.32
2013.01.30 10:25:19.876,1.35756,1.35775,1.50,1.54
2013.01.30 10:25:21.234,1.35755,1.35775,1.50,2.29
2013.01.30 10:25:21.796,1.35755,1.35774,1.50,1.73
2013.01.30 10:25:22.247,1.35751,1.35773,1.50,2.29
2013.01.30 10:25:22.574,1.35754,1.35771,1.50,1.32
2013.01.30 10:25:22.695,1.35754,1.35771,1.50,1.32
2013.01.30 10:25:23.253,1.35751,1.35773,2.25,2.29
2013.01.30 10:25:24.584,1.35753,1.35773,1.50,2.10
2013.01.30 10:25:24.886,1.35754,1.35775,2.07,1.73
2013.01.30 10:25:24.956,1.35759,1.35777,1.50,2.25
2013.01.30 10:25:25.083,1.35759,1.35778,1.50,3.15
2013.01.30 10:25:25.384,1.35758,1.35778,2.25,1.13
2013.01.30 10:25:27.904,1.35759,1.35777,1.50,2.07
2013.01.30 10:25:28.514,1.35756,1.35777,2.25,2.82
2013.01.30 10:25:28.634,1.35756,1.35777,2.25,5.07
2013.01.30 10:25:28.694,1.35755,1.35776,2.25,1.65
2013.01.30 10:25:28.815,1.35755,1.35774,2.25,1.28
2013.01.30 10:25:29.467,1.35752,1.35771,1.50,1.54
2013.01.30 10:25:29.542,1.35752,1.35771,1.50,2.29
2013.01.30 10:25:30.134,1.35752,1.35769,1.50,1.54
2013.01.30 10:25:30.516,1.35754,1.35769,1.50,1.54
2013.01.30 10:25:30.840,1.35758,1.35774,1.50,2.29
2013.01.30 10:25:31.684,1.35755,1.35773,1.50,1.54
2013.01.30 10:25:32.006,1.35752,1.35773,1.50,2.14
2013.01.30 10:25:32.324,1.35755,1.35772,2.25,1.35
2013.01.30 10:25:32.656,1.35755,1.35772,1.50,1.58
2013.01.30 10:25:32.844,1.35752,1.35771,2.25,1.73
2013.01.30 10:25:33.113,1.35754,1.35771,1.50,1.73
2013.01.30 10:25:35.064,1.35756,1.35774,2.25,3.04
2013.01.30 10:25:35.185,1.35758,1.35776,1.50,2.29
2013.01.30 10:25:35.255,1.35759,1.35776,1.50,2.29
2013.01.30 10:25:35.834,1.35758,1.35776,1.50,2.29
2013.01.30 10:25:37.237,1.35757,1.35776,2.25,2.29
2013.01.30 10:25:37.605,1.35756,1.35772,1.50,1.32
2013.01.30 10:25:37.793,1.35753,1.35771,1.50,1.73
2013.01.30 10:25:38.214,1.35752,1.35771,1.50,2.29
2013.01.30 10:25:38.275,1.35752,1.35771,1.50,2.29
2013.01.30 10:25:38.395,1.35752,1.35771,1.50,2.29
2013.01.30 10:25:38.917,1.3575,1.35771,2.25,2.29
2013.01.30 10:25:39.276,1.35752,1.35771,1.50,2.29
2013.01.30 10:25:41.183,1.35749,1.35769,3.00,2.10
2013.01.30 10:25:42.814,1.35749,1.35768,1.50,1.54
2013.01.30 10:25:43.324,1.35749,1.35767,1.50,1.54
2013.01.30 10:25:43.755,1.35751,1.35769,1.50,2.29
2013.01.30 10:25:46.914,1.3575,1.35767,1.50,1.54
2013.01.30 10:25:48.538,1.3575,1.35767,1.50,2.10
2013.01.30 10:25:49.197,1.35748,1.35767,2.25,2.10
2013.01.30 10:25:49.450,1.35747,1.35766,2.40,2.07
2013.01.30 10:25:49.695,1.35745,1.35764,2.63,2.48
2013.01.30 10:25:50.023,1.35745,1.35762,1.50,2.44
2013.01.30 10:25:50.183,1.35745,1.3576,1.50,1.54
2013.01.30 10:25:50.524,1.35742,1.35762,2.25,1.47
2013.01.30 10:25:50.745,1.35745,1.35762,1.50,1.47
2013.01.30 10:25:51.834,1.35745,1.35762,1.50,1.47
2013.01.30 10:25:52.426,1.35739,1.35762,1.65,2.03
2013.01.30 10:25:52.564,1.35739,1.35762,1.65,2.03
2013.01.30 10:25:53.838,1.35738,1.35761,1.88,1.47
2013.01.30 10:25:54.765,1.35738,1.35762,3.38,1.69
2013.01.30 10:25:55.137,1.35738,1.35759,1.88,2.10
2013.01.30 10:25:55.554,1.3574,1.35759,1.65,1.35
2013.01.30 10:25:55.675,1.35738,1.35758,1.13,1.54
2013.01.30 10:25:55.984,1.35739,1.35758,1.65,1.54
2013.01.30 10:25:56.544,1.35739,1.35758,1.65,1.54
2013.01.30 10:25:56.785,1.35742,1.3576,1.50,1.35
2013.01.30 10:25:57.816,1.35742,1.35759,1.50,1.13
2013.01.30 10:25:58.420,1.35744,1.35762,1.50,1.50
2013.01.30 10:25:58.685,1.35744,1.35762,1.50,2.25
2013.01.30 10:25:58.817,1.35744,1.35762,1.50,1.69
2013.01.30 10:25:59.064,1.35743,1.35763,1.50,2.48
2013.01.30 10:25:59.245,1.35741,1.3576,2.25,1.35
2013.01.30 10:25:59.551,1.3574,1.35759,1.65,1.54
2013.01.30 10:26:01.284,1.3574,1.35758,1.65,1.54
2013.01.30 10:26:01.344,1.3574,1.35758,1.65,1.32
2013.01.30 10:26:02.267,1.35742,1.3576,1.50,1.35
2013.01.30 10:26:02.475,1.35742,1.35759,1.50,1.54
2013.01.30 10:26:03.040,1.35743,1.35759,1.50,1.54
2013.01.30 10:26:03.428,1.35743,1.3576,1.50,1.35
2013.01.30 10:26:03.553,1.35745,1.35763,1.50,1.13
2013.01.30 10:26:04.234,1.35746,1.35765,1.50,1.92
2013.01.30 10:26:04.654,1.35748,1.35765,1.32,1.13
2013.01.30 10:26:04.714,1.3575,1.35766,1.65,1.32
2013.01.30 10:26:04.834,1.35751,1.35771,1.65,2.29
2013.01.30 10:26:05.431,1.35751,1.35771,1.65,1.69
2013.01.30 10:26:06.888,1.35751,1.35763,1.65,4.50
2013.01.30 10:26:07.133,1.35744,1.35759,1.50,1.88
2013.01.30 10:26:07.193,1.35744,1.35759,1.50,1.32
2013.01.30 10:26:07.255,1.35745,1.35763,1.50,2.63
2013.01.30 10:26:08.025,1.35745,1.35763,1.50,2.03
2013.01.30 10:26:08.383,1.35745,1.35763,2.25,1.28
2013.01.30 10:26:08.825,1.35745,1.35763,2.25,1.28
2013.01.30 10:26:09.033,1.35745,1.35763,1.50,1.28
2013.01.30 10:26:09.722,1.35742,1.35762,1.50,2.55
2013.01.30 10:26:10.344,1.35742,1.35762,1.50,2.55
2013.01.30 10:26:11.080,1.35749,1.35763,1.50,1.28
2013.01.30 10:26:11.167,1.35747,1.35764,1.50,1.13
2013.01.30 10:26:11.714,1.35749,1.35764,1.50,1.13
2013.01.30 10:26:14.014,1.35749,1.35764,1.50,1.13
2013.01.30 10:26:21.650,1.35749,1.35764,1.50,1.13
2013.01.30 10:26:21.894,1.35749,1.35764,1.50,1.13
2013.01.30 10:26:21.954,1.35755,1.3577,1.32,1.88
2013.01.30 10:26:22.495,1.35755,1.35773,1.32,1.65
2013.01.30 10:26:22.824,1.35755,1.35773,1.32,1.65
2013.01.30 10:26:23.360,1.35755,1.35773,1.32,1.65
2013.01.30 10:26:23.875,1.35758,1.35773,2.25,1.65
2013.01.30 10:26:23.996,1.35761,1.35777,1.50,2.03
2013.01.30 10:26:24.126,1.35761,1.35777,1.50,1.84
2013.01.30 10:26:24.253,1.35757,1.35774,2.25,1.13
2013.01.30 10:26:24.313,1.35755,1.35773,1.50,1.13
2013.01.30 10:26:24.375,1.35755,1.35773,1.50,1.13
2013.01.30 10:26:24.689,1.35752,1.35771,1.05,1.73
2013.01.30 10:26:25.123,1.35752,1.35768,1.05,1.50
2013.01.30 10:26:25.433,1.35753,1.3577,2.07,1.73
2013.01.30 10:26:25.553,1.35753,1.35773,2.82,1.65
2013.01.30 10:26:26.534,1.35753,1.35772,2.82,1.50
2013.01.30 10:26:26.725,1.35755,1.35772,1.50,1.50
2013.01.30 10:26:27.041,1.35753,1.35772,1.50,1.50
2013.01.30 10:26:27.225,1.35752,1.3577,1.47,1.50
2013.01.30 10:26:27.783,1.35752,1.35771,1.47,2.25
2013.01.30 10:26:28.662,1.35752,1.35772,1.65,1.50
2013.01.30 10:26:29.404,1.35752,1.35772,1.65,1.50
2013.01.30 10:26:30.369,1.35752,1.35773,1.65,2.44
2013.01.30 10:26:31.024,1.35751,1.35772,2.22,1.50
2013.01.30 10:26:31.204,1.35751,1.35772,1.47,2.48
2013.01.30 10:26:31.505,1.35757,1.35775,1.32,1.28
2013.01.30 10:26:32.043,1.35758,1.35777,3.00,1.28
2013.01.30 10:26:32.212,1.35758,1.35777,3.00,1.28
2013.01.30 10:26:32.454,1.35758,1.35779,1.50,1.50
2013.01.30 10:26:32.778,1.35764,1.3578,2.07,1.13
2013.01.30 10:26:32.907,1.3576,1.3578,3.04,1.69
2013.01.30 10:26:33.035,1.35759,1.35775,2.25,1.35
2013.01.30 10:26:33.104,1.35759,1.35775,2.25,1.13
2013.01.30 10:26:33.228,1.35759,1.35775,2.25,1.13
2013.01.30 10:26:33.916,1.35758,1.35775,2.25,1.13
2013.01.30 10:26:34.415,1.35758,1.35775,2.25,1.13
2013.01.30 10:26:34.914,1.35758,1.35775,2.25,1.13
2013.01.30 10:26:36.336,1.35758,1.35775,1.50,1.13
2013.01.30 10:26:36.914,1.35756,1.35776,1.65,2.29
2013.01.30 10:26:38.995,1.35758,1.35777,2.82,1.73
2013.01.30 10:26:39.065,1.35758,1.35777,3.57,1.50
2013.01.30 10:26:39.304,1.35758,1.35777,2.82,1.50
2013.01.30 10:26:39.614,1.35759,1.35778,1.50,1.13
2013.01.30 10:26:40.594,1.35761,1.3578,1.50,1.92
2013.01.30 10:26:40.714,1.35762,1.3578,2.25,1.92
2013.01.30 10:26:40.956,1.35758,1.35777,1.50,2.25
2013.01.30 10:26:41.147,1.35756,1.35775,1.65,1.54
2013.01.30 10:26:41.933,1.35756,1.35774,2.40,1.54
2013.01.30 10:26:42.074,1.35756,1.35776,1.65,1.35
2013.01.30 10:26:42.195,1.35756,1.35774,1.65,1.54
2013.01.30 10:26:42.425,1.35755,1.35774,1.65,1.54
2013.01.30 10:26:42.671,1.35757,1.35774,1.65,1.54
2013.01.30 10:26:42.915,1.35758,1.35776,1.50,1.54
2013.01.30 10:26:43.283,1.35757,1.35776,2.25,1.54
2013.01.30 10:26:43.606,1.35757,1.35778,3.75,1.13
2013.01.30 10:26:43.675,1.35761,1.35778,2.25,1.13
2013.01.30 10:26:43.976,1.35761,1.35778,3.00,1.13
2013.01.30 10:26:44.536,1.35762,1.3578,1.50,1.17
2013.01.30 10:26:50.336,1.35758,1.35778,1.50,1.13
2013.01.30 10:26:51.365,1.35757,1.35776,2.25,1.50
2013.01.30 10:26:51.446,1.35756,1.35775,1.50,1.54
2013.01.30 10:26:51.764,1.35756,1.35775,1.50,1.54
2013.01.30 10:26:52.534,1.35757,1.35774,1.50,1.13
2013.01.30 10:26:53.285,1.35757,1.35775,1.50,1.13
2013.01.30 10:26:53.824,1.35759,1.35777,1.50,1.13
2013.01.30 10:26:54.405,1.35759,1.35777,1.50,1.13
2013.01.30 10:26:55.291,1.35759,1.35777,1.50,1.13
2013.01.30 10:26:55.356,1.35759,1.35777,1.50,1.13
2013.01.30 10:26:55.904,1.35757,1.35775,1.32,1.13
2013.01.30 10:26:56.207,1.35759,1.35779,1.50,2.10
2013.01.30 10:26:56.517,1.35761,1.35779,1.50,1.13
2013.01.30 10:26:56.824,1.35762,1.35781,2.07,1.88
2013.01.30 10:26:56.946,1.35769,1.35782,2.07,1.50
2013.01.30 10:26:57.076,1.3577,1.35785,1.50,1.13
2013.01.30 10:26:57.396,1.35769,1.35786,1.32,1.50
2013.01.30 10:26:58.425,1.35769,1.35789,2.82,2.85
2013.01.30 10:26:58.494,1.35769,1.35789,2.82,2.85
2013.01.30 10:26:58.795,1.35774,1.35789,1.50,1.13
2013.01.30 10:26:58.915,1.35777,1.35794,1.50,1.73
2013.01.30 10:26:59.283,1.35777,1.35796,1.50,2.14
2013.01.30 10:26:59.584,1.35777,1.35795,1.50,2.10
2013.01.30 10:27:02.234,1.35775,1.35796,2.82,2.52
2013.01.30 10:27:03.131,1.35776,1.35796,1.50,1.77
2013.01.30 10:27:03.213,1.35774,1.35791,1.50,1.54
2013.01.30 10:27:03.515,1.35772,1.35785,1.50,1.17
2013.01.30 10:27:03.645,1.35767,1.35784,1.50,3.00
2013.01.30 10:27:03.705,1.35767,1.35783,1.50,1.69
2013.01.30 10:27:03.836,1.35765,1.35783,1.50,1.47
2013.01.30 10:27:03.976,1.35767,1.35784,1.50,2.25
2013.01.30 10:27:04.317,1.35767,1.35784,2.25,2.25
2013.01.30 10:27:04.925,1.35767,1.35784,1.50,2.25
2013.01.30 10:27:05.794,1.35767,1.35784,2.25,1.13
2013.01.30 10:27:06.110,1.35767,1.35781,2.25,1.13
2013.01.30 10:27:06.247,1.35767,1.3578,2.25,1.54
2013.01.30 10:27:07.784,1.35766,1.35784,2.25,3.00
2013.01.30 10:27:07.904,1.35766,1.35784,1.50,2.44
2013.01.30 10:27:08.147,1.35766,1.35784,1.50,3.00
2013.01.30 10:27:08.215,1.35766,1.35784,1.50,2.44
2013.01.30 10:27:08.535,1.35766,1.35778,1.50,1.50
2013.01.30 10:27:08.844,1.3576,1.35778,1.13,1.73
2013.01.30 10:27:11.246,1.35762,1.35778,2.63,1.54
2013.01.30 10:27:11.904,1.35761,1.35778,1.13,2.29
2013.01.30 10:27:13.654,1.35763,1.35778,1.65,1.73
2013.01.30 10:27:14.205,1.35762,1.3578,3.38,1.54
2013.01.30 10:27:14.588,1.35762,1.35781,3.38,1.35
2013.01.30 10:27:15.105,1.35762,1.3578,2.63,1.54
2013.01.30 10:27:15.164,1.35762,1.35779,2.63,1.32
2013.01.30 10:27:15.286,1.35762,1.35782,2.63,2.29
2013.01.30 10:27:15.414,1.35763,1.35782,2.40,1.54
2013.01.30 10:27:15.593,1.35765,1.35782,1.50,2.29
2013.01.30 10:27:15.904,1.35762,1.3578,1.13,1.54
2013.01.30 10:27:16.273,1.35762,1.35778,2.63,1.54
2013.01.30 10:27:18.933,1.35762,1.3578,3.38,1.54
2013.01.30 10:27:19.077,1.35763,1.3578,1.65,1.32
2013.01.30 10:27:19.336,1.35761,1.3578,1.88,6.79
2013.01.30 10:27:19.644,1.35761,1.35774,1.88,1.32
2013.01.30 10:27:20.284,1.35759,1.35777,1.13,2.10
2013.01.30 10:27:22.079,1.35759,1.35776,1.65,2.85
2013.01.30 10:27:23.426,1.35758,1.35778,1.88,2.10
2013.01.30 10:27:23.498,1.35761,1.35778,1.50,1.54
2013.01.30 10:27:24.008,1.35762,1.35779,1.50,1.54
2013.01.30 10:27:24.596,1.35762,1.35779,1.50,1.32
2013.01.30 10:27:25.115,1.3576,1.35778,2.40,1.54
2013.01.30 10:27:25.244,1.35758,1.35778,1.88,2.29
2013.01.30 10:27:27.346,1.3576,1.3578,1.65,3.04
2013.01.30 10:27:28.025,1.3576,1.3578,2.40,2.29
2013.01.30 10:27:31.765,1.35761,1.3578,1.50,2.29
2013.01.30 10:27:32.126,1.3577,1.35783,2.25,1.73
2013.01.30 10:27:32.195,1.3577,1.35783,2.25,1.50
2013.01.30 10:27:32.263,1.35772,1.35787,1.50,1.32
2013.01.30 10:27:32.384,1.35772,1.35791,1.50,1.47
2013.01.30 10:27:32.894,1.35772,1.35791,1.65,1.54
2013.01.30 10:27:33.396,1.35772,1.3579,1.88,1.54
2013.01.30 10:27:33.466,1.35776,1.3579,1.50,1.32
2013.01.30 10:27:33.787,1.35782,1.35797,1.50,1.20
2013.01.30 10:27:34.034,1.35784,1.35799,1.50,1.35
2013.01.30 10:27:34.426,1.3578,1.35799,1.50,1.35
2013.01.30 10:27:36.637,1.35777,1.35795,1.50,1.92
2013.01.30 10:27:36.706,1.35776,1.35795,3.75,1.92
2013.01.30 10:27:36.895,1.35775,1.35792,2.25,1.54
2013.01.30 10:27:37.439,1.35777,1.35795,1.50,1.13
2013.01.30 10:27:37.644,1.35777,1.35795,1.50,1.13
2013.01.30 10:27:38.195,1.35777,1.35797,1.50,1.17
2013.01.30 10:27:38.435,1.35775,1.35793,1.50,1.47
2013.01.30 10:27:38.577,1.35772,1.35793,2.63,2.44
2013.01.30 10:27:38.646,1.35774,1.35793,1.65,2.44
2013.01.30 10:27:38.834,1.35775,1.35793,1.50,1.47
2013.01.30 10:27:39.996,1.35777,1.35794,1.50,1.13
2013.01.30 10:27:40.524,1.35777,1.35794,1.50,1.88
2013.01.30 10:27:43.454,1.3578,1.35798,1.54,1.32
2013.01.30 10:27:43.755,1.35782,1.358,1.50,1.32
2013.01.30 10:27:47.148,1.35781,1.358,1.54,1.09
2013.01.30 10:27:47.974,1.35779,1.35798,2.63,1.35
2013.01.30 10:27:48.036,1.35778,1.35798,1.65,1.35
2013.01.30 10:27:48.164,1.35781,1.35796,1.32,1.54
2013.01.30 10:27:49.005,1.35781,1.35801,2.29,1.69
2013.01.30 10:27:49.336,1.35782,1.35801,1.73,1.69
2013.01.30 10:27:50.281,1.35781,1.358,1.50,1.17
2013.01.30 10:27:51.326,1.35778,1.35798,1.65,2.48
2013.01.30 10:27:51.514,1.35777,1.35793,1.35,1.50
2013.01.30 10:27:51.944,1.35776,1.3579,1.13,1.13
2013.01.30 10:27:52.006,1.35771,1.3579,2.07,1.13
2013.01.30 10:27:52.135,1.3577,1.3579,2.82,1.35
2013.01.30 10:27:52.623,1.35768,1.35789,1.50,3.00
2013.01.30 10:27:53.476,1.35767,1.35786,1.54,1.50
2013.01.30 10:27:54.026,1.35769,1.35786,1.50,1.50
2013.01.30 10:27:54.576,1.35768,1.35786,1.50,1.50
2013.01.30 10:27:54.896,1.35771,1.35786,1.32,1.50
2013.01.30 10:27:55.445,1.35766,1.35784,1.32,1.50
2013.01.30 10:27:55.975,1.35771,1.35786,1.32,1.50
2013.01.30 10:27:56.483,1.35771,1.35791,1.50,3.23
2013.01.30 10:27:56.881,1.3577,1.35789,1.50,1.73
2013.01.30 10:27:57.195,1.35774,1.35791,1.50,3.00
2013.01.30 10:27:57.254,1.35779,1.35793,1.50,1.65
2013.01.30 10:27:57.556,1.35781,1.35796,1.50,1.73
2013.01.30 10:27:57.869,1.35782,1.35797,1.32,1.17
2013.01.30 10:27:58.414,1.35782,1.35801,1.32,1.17
2013.01.30 10:27:58.944,1.35782,1.35801,1.54,1.17
2013.01.30 10:28:01.351,1.35776,1.35796,1.35,1.92
2013.01.30 10:28:01.487,1.35776,1.35792,1.35,1.50
2013.01.30 10:28:02.164,1.35774,1.35792,1.35,1.50
2013.01.30 10:28:02.604,1.35772,1.3579,2.82,1.13
2013.01.30 10:28:02.665,1.35772,1.3579,2.82,1.13
2013.01.30 10:28:03.523,1.3577,1.3579,1.73,1.13
2013.01.30 10:28:04.065,1.35768,1.35788,1.54,1.13
2013.01.30 10:28:04.196,1.35768,1.35788,1.54,1.88
2013.01.30 10:28:04.386,1.35765,1.35787,1.13,2.63
2013.01.30 10:28:04.634,1.35763,1.35786,2.10,1.32
2013.01.30 10:28:05.973,1.35765,1.35784,1.35,1.50
2013.01.30 10:28:07.761,1.35765,1.35787,2.10,1.32
2013.01.30 10:28:07.945,1.35769,1.35788,1.32,1.65
2013.01.30 10:28:08.305,1.35771,1.3579,1.73,1.88
2013.01.30 10:28:10.495,1.35768,1.35789,2.25,1.47
2013.01.30 10:28:10.618,1.35768,1.35788,1.50,2.22
2013.01.30 10:28:11.123,1.35767,1.35788,1.65,2.22
2013.01.30 10:28:12.097,1.35767,1.35788,1.65,2.22
2013.01.30 10:28:12.653,1.35768,1.35788,1.50,2.22
2013.01.30 10:28:12.954,1.35768,1.35786,1.50,1.50
2013.01.30 10:28:14.118,1.3577,1.35786,1.50,1.50
2013.01.30 10:28:14.198,1.35769,1.35787,1.50,1.13
2013.01.30 10:28:14.663,1.3577,1.3579,1.73,1.88
2013.01.30 10:28:15.452,1.35773,1.35791,1.50,1.13
2013.01.30 10:28:16.534,1.35773,1.35791,1.73,1.13
2013.01.30 10:28:17.653,1.35773,1.35791,1.73,1.13
2013.01.30 10:28:18.623,1.35773,1.35794,1.73,2.44
2013.01.30 10:28:19.104,1.35776,1.35794,1.50,2.44
2013.01.30 10:28:19.465,1.35778,1.35794,1.73,1.69
2013.01.30 10:28:19.523,1.35776,1.35794,1.73,2.44
2013.01.30 10:28:20.599,1.35776,1.35794,1.50,3.94
2013.01.30 10:28:21.121,1.35775,1.35792,1.50,1.65
2013.01.30 10:28:21.256,1.35772,1.35792,1.73,1.65
2013.01.30 10:28:21.389,1.35772,1.35791,1.50,1.50
2013.01.30 10:28:25.685,1.35768,1.35787,2.44,1.50
2013.01.30 10:28:25.755,1.35768,1.35787,1.69,1.50
2013.01.30 10:28:30.594,1.35767,1.35785,1.13,1.50
2013.01.30 10:28:31.609,1.35767,1.35787,1.13,1.32
2013.01.30 10:28:33.884,1.35766,1.35787,1.32,2.40
2013.01.30 10:28:34.445,1.35766,1.35784,2.29,1.50
2013.01.30 10:28:34.575,1.35766,1.35784,1.54,1.50
2013.01.30 10:28:34.835,1.35764,1.35784,1.65,1.50
2013.01.30 10:28:35.014,1.35763,1.35783,1.65,1.50
2013.01.30 10:28:37.225,1.35764,1.35784,1.65,2.25
2013.01.30 10:28:37.663,1.35764,1.35784,1.65,1.50
2013.01.30 10:28:38.212,1.35767,1.35785,1.73,1.32
2013.01.30 10:28:38.765,1.35765,1.35784,1.73,1.50
2013.01.30 10:28:40.145,1.35766,1.35785,2.29,1.50
2013.01.30 10:28:40.215,1.35766,1.35785,1.54,1.50
2013.01.30 10:28:41.254,1.35766,1.35785,2.29,1.50
2013.01.30 10:28:45.445,1.35765,1.35783,1.73,1.32
2013.01.30 10:28:45.504,1.35764,1.35783,1.73,1.32
2013.01.30 10:28:45.626,1.35762,1.35782,1.88,1.32
2013.01.30 10:28:46.093,1.3576,1.35781,1.54,1.13
2013.01.30 10:28:46.178,1.35759,1.35776,1.73,1.50
2013.01.30 10:28:50.666,1.35754,1.35774,2.29,1.13
2013.01.30 10:28:52.934,1.35754,1.35774,2.29,1.13
2013.01.30 10:28:53.055,1.35753,1.35774,3.79,1.13
2013.01.30 10:28:53.124,1.35753,1.35771,2.82,2.25
2013.01.30 10:28:53.304,1.35753,1.35774,2.07,1.88
2013.01.30 10:28:53.844,1.35754,1.35775,1.50,1.35
2013.01.30 10:28:56.333,1.35754,1.35775,1.73,1.13
2013.01.30 10:28:58.405,1.35752,1.35773,1.13,1.65
2013.01.30 10:28:58.947,1.35752,1.35768,1.69,1.50
2013.01.30 10:29:02.235,1.35751,1.35771,3.04,2.40
2013.01.30 10:29:02.438,1.35756,1.35773,1.73,1.13
2013.01.30 10:29:02.570,1.35759,1.35773,2.29,1.13
2013.01.30 10:29:02.875,1.35759,1.35775,2.29,1.13
2013.01.30 10:29:02.997,1.35759,1.35775,2.29,1.13
2013.01.30 10:29:03.436,1.35761,1.3578,1.65,1.65
2013.01.30 10:29:03.624,1.35761,1.3578,1.13,1.50
2013.01.30 10:29:03.686,1.35762,1.3578,1.13,1.50
2013.01.30 10:29:04.054,1.3576,1.3578,2.10,1.50
2013.01.30 10:29:04.356,1.3576,1.3578,1.35,1.50
2013.01.30 10:29:04.905,1.35759,1.35778,1.35,1.50
2013.01.30 10:29:06.616,1.35759,1.35776,1.35,1.50
2013.01.30 10:29:09.716,1.35755,1.35773,1.50,1.32
2013.01.30 10:29:10.335,1.35755,1.35773,1.50,2.07
2013.01.30 10:29:12.494,1.35756,1.35775,1.50,1.50
2013.01.30 10:29:13.064,1.35756,1.35777,2.25,2.82
2013.01.30 10:29:14.063,1.35756,1.35777,2.25,2.82
2013.01.30 10:29:14.856,1.35758,1.35777,1.35,1.32
2013.01.30 10:29:15.787,1.35758,1.35778,1.35,2.07
2013.01.30 10:29:16.362,1.35757,1.35773,1.73,1.13
2013.01.30 10:29:16.499,1.35757,1.35772,1.13,1.65
2013.01.30 10:29:16.566,1.35754,1.35773,2.25,1.13
2013.01.30 10:29:16.756,1.35755,1.35773,1.73,1.13
2013.01.30 10:29:17.554,1.35755,1.35777,3.23,1.28
2013.01.30 10:29:20.176,1.35755,1.35777,2.48,2.59
2013.01.30 10:29:26.016,1.35756,1.35777,2.48,1.69
2013.01.30 10:29:26.356,1.35757,1.35778,3.98,1.28
2013.01.30 10:29:27.164,1.35757,1.35773,2.48,1.13
2013.01.30 10:29:27.224,1.35757,1.35773,2.25,1.13
2013.01.30 10:29:27.467,1.35756,1.35775,2.48,1.13
2013.01.30 10:29:29.618,1.35761,1.35778,1.13,1.47
2013.01.30 10:29:29.687,1.35762,1.35781,1.47,1.32
2013.01.30 10:29:29.934,1.35765,1.35784,2.48,1.32
2013.01.30 10:29:30.152,1.35765,1.35785,2.48,2.22
2013.01.30 10:29:31.853,1.35765,1.35785,1.73,1.65
2013.01.30 10:29:37.956,1.35765,1.35783,1.73,1.32
2013.01.30 10:29:38.026,1.35763,1.35781,1.73,1.32
2013.01.30 10:29:38.443,1.35763,1.3578,1.73,1.50
2013.01.30 10:29:38.530,1.35759,1.35779,2.10,3.00
2013.01.30 10:29:39.046,1.35758,1.35778,1.35,1.50
2013.01.30 10:29:40.117,1.35759,1.3578,1.35,2.25
2013.01.30 10:29:46.874,1.35759,1.3578,1.13,1.65
2013.01.30 10:29:47.325,1.35763,1.35784,2.48,2.25
2013.01.30 10:29:50.024,1.35769,1.35788,1.73,1.28
2013.01.30 10:29:50.084,1.35769,1.35789,2.48,1.47
2013.01.30 10:29:50.145,1.35771,1.3579,2.48,1.28
2013.01.30 10:29:50.203,1.35771,1.3579,2.48,1.13
2013.01.30 10:29:50.571,1.35774,1.35795,2.48,1.32
2013.01.30 10:29:50.884,1.35774,1.35795,2.48,1.32
2013.01.30 10:29:52.984,1.35775,1.35795,1.73,1.32
2013.01.30 10:29:54.675,1.35777,1.35796,1.50,1.32
2013.01.30 10:29:55.246,1.35777,1.35798,1.73,2.07
2013.01.30 10:29:55.614,1.35777,1.35796,1.50,2.10
2013.01.30 10:29:56.066,1.35773,1.35793,3.98,1.50
2013.01.30 10:29:56.134,1.35774,1.35795,2.48,1.50
2013.01.30 10:29:56.193,1.35774,1.35795,1.73,1.50
2013.01.30 10:29:56.853,1.35774,1.35795,3.23,1.50
2013.01.30 10:29:57.535,1.35775,1.35795,3.98,1.50
2013.01.30 10:30:01.324,1.35775,1.35793,1.73,1.50
2013.01.30 10:30:01.514,1.35774,1.35793,2.48,1.50
2013.01.30 10:30:01.988,1.35775,1.35795,1.73,3.00
2013.01.30 10:30:02.177,1.35775,1.35795,1.73,1.50
2013.01.30 10:30:02.605,1.35775,1.35794,1.73,1.50
2013.01.30 10:30:03.115,1.35776,1.35797,1.73,1.35
2013.01.30 10:30:08.095,1.35776,1.35792,1.13,1.13
2013.01.30 10:30:08.225,1.35771,1.3579,1.35,1.50
2013.01.30 10:30:08.345,1.35769,1.35789,2.25,1.69
2013.01.30 10:30:08.406,1.35769,1.35787,1.65,2.25
2013.01.30 10:30:08.656,1.35765,1.35784,1.13,2.40
2013.01.30 10:30:09.292,1.35762,1.3578,1.05,2.07
2013.01.30 10:30:09.366,1.35764,1.3578,1.13,1.32
2013.01.30 10:30:11.445,1.3576,1.35779,1.35,2.25
2013.01.30 10:30:11.648,1.3576,1.35776,1.35,1.32
2013.01.30 10:30:11.848,1.35761,1.35779,1.17,2.25
2013.01.30 10:30:11.919,1.35761,1.35778,1.92,1.50
2013.01.30 10:30:12.048,1.35762,1.35782,1.35,1.50
2013.01.30 10:30:12.414,1.35764,1.35783,1.13,1.50
2013.01.30 10:30:12.854,1.35765,1.35785,1.73,2.40
2013.01.30 10:30:12.915,1.35766,1.35785,1.73,1.65
2013.01.30 10:30:16.725,1.35765,1.35786,1.73,2.22
2013.01.30 10:30:16.794,1.35765,1.35786,2.48,2.22
2013.01.30 10:30:20.378,1.35764,1.35784,3.38,1.13
2013.01.30 10:30:20.684,1.35764,1.35781,1.65,1.50
2013.01.30 10:30:21.044,1.35762,1.35778,1.13,1.32
2013.01.30 10:30:21.314,1.35762,1.35779,1.13,1.13
2013.01.30 10:30:21.375,1.35761,1.35779,1.13,1.13
2013.01.30 10:30:22.000,1.35762,1.35783,2.63,2.07
2013.01.30 10:30:22.067,1.35763,1.35783,1.13,1.32
2013.01.30 10:30:22.254,1.35763,1.35783,1.13,1.32
2013.01.30 10:30:22.855,1.35764,1.35783,1.88,1.32
2013.01.30 10:30:22.974,1.35765,1.35784,1.73,2.07
2013.01.30 10:30:23.275,1.35765,1.35785,2.48,2.22
2013.01.30 10:30:24.320,1.35766,1.35785,1.73,1.32
2013.01.30 10:30:24.763,1.35764,1.35785,4.88,2.07
2013.01.30 10:30:24.945,1.35763,1.35782,1.13,1.50
2013.01.30 10:30:25.254,1.35763,1.35781,1.88,1.92
2013.01.30 10:30:25.747,1.35765,1.35785,1.73,1.32
2013.01.30 10:30:25.814,1.35767,1.35786,2.25,1.32
2013.01.30 10:30:26.151,1.35767,1.35786,3.23,1.32
2013.01.30 10:30:26.876,1.35767,1.35788,3.23,1.47
2013.01.30 10:30:28.104,1.35767,1.35788,3.23,1.47
2013.01.30 10:30:30.824,1.35766,1.35785,1.73,1.50
2013.01.30 10:30:31.135,1.35761,1.3578,3.60,2.07
2013.01.30 10:30:31.318,1.35761,1.3578,2.10,2.07
2013.01.30 10:30:33.687,1.35761,1.3578,2.10,1.32
2013.01.30 10:30:34.095,1.35761,1.35779,1.13,2.25
2013.01.30 10:30:34.814,1.35761,1.35779,1.13,2.25
2013.01.30 10:30:35.456,1.35762,1.35782,2.10,1.32
2013.01.30 10:30:35.785,1.35763,1.35782,1.13,1.32
2013.01.30 10:30:37.273,1.35765,1.35784,1.73,1.50
2013.01.30 10:30:37.333,1.35765,1.35788,2.48,4.28
2013.01.30 10:30:37.695,1.35766,1.35783,1.73,1.17
2013.01.30 10:30:37.754,1.35766,1.35782,1.50,1.35
2013.01.30 10:30:37.934,1.35763,1.35779,1.13,1.32
2013.01.30 10:30:38.293,1.35758,1.35777,1.35,2.07
2013.01.30 10:30:38.414,1.35757,1.35777,2.63,2.22
2013.01.30 10:30:47.674,1.35757,1.35778,2.48,1.65
2013.01.30 10:30:49.269,1.35763,1.3578,1.50,1.13
2013.01.30 10:30:49.585,1.35766,1.35782,1.73,1.13
2013.01.30 10:30:49.945,1.35766,1.35785,2.48,1.84
2013.01.30 10:30:50.855,1.35768,1.35786,1.73,1.84
2013.01.30 10:30:50.985,1.35765,1.35784,1.73,2.03
2013.01.30 10:30:51.495,1.35766,1.35784,1.73,1.28
2013.01.30 10:30:51.615,1.35766,1.35784,1.73,1.28
2013.01.30 10:30:53.554,1.35767,1.35787,1.88,1.05
2013.01.30 10:30:53.856,1.35764,1.35779,2.10,1.35
2013.01.30 10:30:53.924,1.35764,1.35779,1.35,1.35
2013.01.30 10:30:54.229,1.35757,1.35778,2.10,1.32
2013.01.30 10:30:58.664,1.35757,1.35777,1.35,1.50
2013.01.30 10:31:00.724,1.35757,1.35778,2.10,2.82
2013.01.30 10:31:00.828,1.35757,1.35778,2.10,2.07
2013.01.30 10:31:04.094,1.3576,1.3578,2.85,1.32
2013.01.30 10:31:04.515,1.35763,1.3578,1.35,2.07
2013.01.30 10:31:05.663,1.35762,1.35782,1.35,1.50
2013.01.30 10:31:08.638,1.3576,1.35781,2.44,1.13
2013.01.30 10:31:09.177,1.3576,1.3578,1.13,1.47
2013.01.30 10:31:10.314,1.35762,1.35782,2.48,2.25
2013.01.30 10:31:11.165,1.3576,1.3578,1.88,2.78
2013.01.30 10:31:11.225,1.3576,1.35778,1.13,1.32
2013.01.30 10:31:11.625,1.3576,1.3578,1.88,1.47
2013.01.30 10:31:14.923,1.3576,1.35781,1.88,3.00
2013.01.30 10:31:16.125,1.3576,1.35779,2.63,1.65
2013.01.30 10:31:16.195,1.3576,1.35777,1.13,1.32
2013.01.30 10:31:16.327,1.35758,1.35775,2.10,1.32
2013.01.30 10:31:16.515,1.35759,1.35775,1.13,1.32
2013.01.30 10:31:17.024,1.35759,1.35775,1.88,2.07
2013.01.30 10:31:18.976,1.35759,1.35775,1.13,1.50
2013.01.30 10:31:19.278,1.35755,1.3577,1.73,1.69
2013.01.30 10:31:23.484,1.35752,1.35767,1.50,1.47
2013.01.30 10:31:24.162,1.3575,1.35767,1.73,1.47
2013.01.30 10:31:28.377,1.3575,1.35768,1.73,1.47
2013.01.30 10:31:28.906,1.35752,1.3577,1.50,1.88
2013.01.30 10:31:28.975,1.35752,1.3577,1.73,1.88
2013.01.30 10:31:29.334,1.35757,1.35773,1.73,1.09
2013.01.30 10:31:30.989,1.35758,1.35775,1.73,1.28
2013.01.30 10:31:31.556,1.35752,1.35772,2.48,1.88
2013.01.30 10:31:31.685,1.35752,1.35771,2.48,1.13
2013.01.30 10:31:32.056,1.35756,1.35774,2.48,1.28
2013.01.30 10:31:32.584,1.35759,1.35776,1.73,1.09
2013.01.30 10:31:33.400,1.35752,1.35769,1.50,2.03
2013.01.30 10:31:34.696,1.35751,1.3577,1.13,2.22
2013.01.30 10:31:34.770,1.35753,1.3577,1.73,1.47
2013.01.30 10:31:34.897,1.35753,1.3577,1.73,1.47
2013.01.30 10:31:34.966,1.35753,1.35772,1.73,2.44
2013.01.30 10:31:35.035,1.35753,1.35772,1.73,1.13
2013.01.30 10:31:35.344,1.35754,1.35773,2.48,1.69
2013.01.30 10:31:35.647,1.35754,1.35773,2.48,1.69
2013.01.30 10:31:35.716,1.35758,1.35773,1.13,1.32
2013.01.30 10:31:36.396,1.35757,1.35774,1.13,1.32
2013.01.30 10:31:37.676,1.35754,1.35771,1.73,1.32
2013.01.30 10:31:38.182,1.35752,1.3577,1.73,1.32
2013.01.30 10:31:39.035,1.35751,1.35769,1.73,1.32
2013.01.30 10:31:40.124,1.3575,1.35769,1.13,1.32
2013.01.30 10:31:40.905,1.3575,1.35769,1.88,1.32
2013.01.30 10:31:41.645,1.35752,1.35769,1.73,1.32
2013.01.30 10:31:42.239,1.35752,1.3577,1.73,1.32
2013.01.30 10:31:42.745,1.35752,1.35769,1.73,1.88
2013.01.30 10:31:42.925,1.35751,1.35769,1.50,2.63
2013.01.30 10:31:44.960,1.3575,1.35769,1.73,2.07
2013.01.30 10:31:45.397,1.35749,1.35768,1.88,1.50
2013.01.30 10:31:45.741,1.35746,1.35761,1.35,1.32
2013.01.30 10:31:45.810,1.35742,1.35761,2.63,1.69
2013.01.30 10:31:45.994,1.35742,1.35761,1.73,1.69
2013.01.30 10:31:46.358,1.35741,1.35761,1.73,1.69
2013.01.30 10:31:47.316,1.35743,1.35761,1.58,1.69
2013.01.30 10:31:48.205,1.35743,1.35761,1.58,1.69
2013.01.30 10:31:49.045,1.35745,1.35763,1.73,1.69
2013.01.30 10:31:49.107,1.35745,1.35765,1.73,2.03
2013.01.30 10:31:49.236,1.35745,1.35763,1.73,1.13
2013.01.30 10:31:49.795,1.35744,1.35763,1.73,1.13
2013.01.30 10:31:50.154,1.35748,1.35766,3.23,1.09
2013.01.30 10:31:55.656,1.35744,1.35764,1.73,2.44
2013.01.30 10:31:55.904,1.35743,1.3576,1.73,1.47
2013.01.30 10:31:56.732,1.3574,1.35756,1.13,1.88
2013.01.30 10:31:56.801,1.3574,1.35756,1.50,1.88
2013.01.30 10:31:57.766,1.3574,1.35756,1.13,1.88
2013.01.30 10:31:58.387,1.3574,1.35758,1.13,1.88
2013.01.30 10:31:59.970,1.35738,1.35758,2.63,2.10
2013.01.30 10:32:00.234,1.3574,1.3576,1.65,1.69
2013.01.30 10:32:00.556,1.35743,1.35761,1.50,1.50
2013.01.30 10:32:00.765,1.35743,1.35762,3.00,1.47
2013.01.30 10:32:01.015,1.35746,1.35762,1.50,1.47
2013.01.30 10:32:03.994,1.35747,1.35765,1.50,1.17
2013.01.30 10:32:06.357,1.35748,1.35766,1.50,1.35
2013.01.30 10:32:06.427,1.35751,1.35766,2.25,1.35
2013.01.30 10:32:06.614,1.35752,1.35773,2.97,1.95
2013.01.30 10:32:07.171,1.35753,1.35774,3.23,2.10
2013.01.30 10:32:07.242,1.35753,1.35774,4.73,1.88
2013.01.30 10:32:07.376,1.35757,1.35774,1.50,1.13
2013.01.30 10:32:07.868,1.35757,1.35774,1.50,1.13
2013.01.30 10:32:09.765,1.35757,1.35774,1.50,1.13
2013.01.30 10:32:10.907,1.35757,1.35774,2.25,1.13
2013.01.30 10:32:11.637,1.35758,1.35776,1.50,1.13
2013.01.30 10:32:13.865,1.3576,1.35777,2.25,1.13
2013.01.30 10:32:14.385,1.3576,1.35777,3.75,1.13
2013.01.30 10:32:14.722,1.35764,1.3578,2.25,1.17
2013.01.30 10:32:14.950,1.35766,1.35786,2.07,2.44
2013.01.30 10:32:15.076,1.35769,1.35789,2.25,2.97
2013.01.30 10:32:16.048,1.35768,1.3579,1.73,2.10
2013.01.30 10:32:16.187,1.35768,1.35788,1.50,2.63
2013.01.30 10:32:16.504,1.35768,1.35788,2.25,1.88
2013.01.30 10:32:17.476,1.35766,1.35786,2.25,1.32
2013.01.30 10:32:17.805,1.35765,1.3578,1.50,1.54
2013.01.30 10:32:18.115,1.35761,1.35779,1.13,1.50
2013.01.30 10:32:19.027,1.35762,1.35782,1.65,2.07
2013.01.30 10:32:19.155,1.35762,1.35782,1.65,2.07
2013.01.30 10:32:20.120,1.35765,1.35783,1.50,1.32
2013.01.30 10:32:20.184,1.35765,1.35784,1.50,2.63
2013.01.30 10:32:21.430,1.35765,1.35784,1.50,1.39
2013.01.30 10:32:22.340,1.35767,1.35788,1.73,1.47
2013.01.30 10:32:22.409,1.35769,1.35788,1.50,1.47
2013.01.30 10:32:23.004,1.35767,1.35789,3.04,1.65
2013.01.30 10:32:23.126,1.35767,1.35787,1.50,1.32
2013.01.30 10:32:23.658,1.35764,1.35783,1.73,1.32
2013.01.30 10:32:24.535,1.35763,1.35781,1.13,1.32
2013.01.30 10:32:25.074,1.35761,1.3578,1.13,1.54
2013.01.30 10:32:28.281,1.3576,1.35779,1.13,3.04
2013.01.30 10:32:28.643,1.35758,1.35779,1.13,2.29
2013.01.30 10:32:28.846,1.3576,1.35779,1.13,1.73
2013.01.30 10:32:29.738,1.35759,1.35778,1.13,3.04
2013.01.30 10:32:29.925,1.35758,1.35778,2.40,3.42
2013.01.30 10:32:32.010,1.35759,1.35778,2.25,2.10
2013.01.30 10:32:32.315,1.35758,1.35778,1.50,2.10
2013.01.30 10:32:33.059,1.35758,1.35778,1.73,2.63
2013.01.30 10:32:33.384,1.35765,1.35779,1.35,1.88
2013.01.30 10:32:33.706,1.35766,1.35782,1.73,1.09
2013.01.30 10:32:36.206,1.3577,1.35789,1.88,2.37
2013.01.30 10:32:36.348,1.3577,1.35788,1.13,1.32
2013.01.30 10:32:36.418,1.3577,1.35789,1.13,2.97
2013.01.30 10:32:36.785,1.3577,1.35788,1.13,2.82
2013.01.30 10:32:36.857,1.3577,1.35788,1.13,2.82
2013.01.30 10:32:37.055,1.35767,1.35783,1.35,1.32
2013.01.30 10:32:37.325,1.35764,1.3578,1.88,1.69
2013.01.30 10:32:37.849,1.35758,1.35777,1.73,1.65
2013.01.30 10:32:38.059,1.35758,1.35778,1.50,1.13
2013.01.30 10:32:38.326,1.35753,1.35772,3.04,2.07
2013.01.30 10:32:42.426,1.35755,1.35773,1.35,1.50
2013.01.30 10:32:42.747,1.35754,1.35773,1.35,2.25
2013.01.30 10:32:47.022,1.35755,1.35773,1.13,1.50
2013.01.30 10:32:47.704,1.35756,1.35774,1.13,1.50
2013.01.30 10:32:48.005,1.35756,1.35774,1.13,1.50
2013.01.30 10:32:48.065,1.35755,1.35774,1.35,1.50
2013.01.30 10:32:50.655,1.35754,1.35772,1.35,1.32
2013.01.30 10:32:50.956,1.35752,1.35771,1.35,2.07
2013.01.30 10:32:51.024,1.35752,1.35771,2.10,1.32
2013.01.30 10:32:51.145,1.35752,1.3577,2.10,1.50
2013.01.30 10:32:52.444,1.3575,1.35768,1.88,1.69
2013.01.30 10:32:53.915,1.35749,1.35768,1.54,1.69
2013.01.30 10:32:54.171,1.35747,1.35768,2.44,1.88
2013.01.30 10:32:54.717,1.35747,1.35767,2.44,1.47
2013.01.30 10:32:55.386,1.35747,1.35767,1.88,1.47
2013.01.30 10:32:55.864,1.35747,1.35767,2.63,1.47
2013.01.30 10:32:56.223,1.35751,1.3577,2.48,1.13
2013.01.30 10:32:57.157,1.35751,1.3577,3.23,1.13
2013.01.30 10:32:58.254,1.35756,1.35774,1.17,1.65
2013.01.30 10:32:58.436,1.35758,1.35777,1.13,1.65
2013.01.30 10:32:58.564,1.35757,1.35777,1.13,1.65
2013.01.30 10:33:01.455,1.35757,1.35776,1.88,1.32
2013.01.30 10:33:01.635,1.35757,1.35778,3.38,1.13
2013.01.30 10:33:01.934,1.35761,1.35779,1.73,1.32
2013.01.30 10:33:02.538,1.35761,1.35782,2.48,2.78
2013.01.30 10:33:02.605,1.35761,1.35782,2.48,2.22
2013.01.30 10:33:03.254,1.35761,1.35782,2.48,2.40
2013.01.30 10:33:03.876,1.35761,1.35781,1.73,2.40
2013.01.30 10:33:04.404,1.35761,1.35782,2.48,2.22
2013.01.30 10:33:06.725,1.35767,1.35782,1.50,1.47
2013.01.30 10:33:07.085,1.3577,1.35788,1.13,2.40
2013.01.30 10:33:07.155,1.3577,1.35788,1.13,2.40
2013.01.30 10:33:07.288,1.35771,1.35788,1.13,1.65
2013.01.30 10:33:07.636,1.35771,1.35788,1.13,1.50
2013.01.30 10:33:11.164,1.35772,1.35792,1.54,1.88
2013.01.30 10:33:11.225,1.35772,1.35792,1.54,1.88
2013.01.30 10:33:13.885,1.35772,1.35792,1.54,1.13
2013.01.30 10:33:14.424,1.3577,1.35792,3.19,2.63
2013.01.30 10:33:16.923,1.3577,1.35792,2.63,2.63
2013.01.30 10:33:18.065,1.35772,1.35792,1.73,1.13
2013.01.30 10:33:19.384,1.3577,1.35792,2.63,2.63
2013.01.30 10:33:22.088,1.3577,1.3579,1.73,1.50
2013.01.30 10:33:22.394,1.35768,1.35787,1.73,1.50
2013.01.30 10:33:22.516,1.35766,1.35785,3.04,1.50
2013.01.30 10:33:22.647,1.35766,1.35786,3.04,1.50
2013.01.30 10:33:22.715,1.35766,1.35786,2.82,1.50
2013.01.30 10:33:23.244,1.35766,1.35787,3.04,1.50
2013.01.30 10:33:23.303,1.35767,1.35786,1.73,1.50
2013.01.30 10:33:23.607,1.35769,1.35789,1.50,1.73
2013.01.30 10:33:23.915,1.35773,1.3579,1.50,2.25
2013.01.30 10:33:24.105,1.35774,1.35791,1.73,1.50
2013.01.30 10:33:24.377,1.35774,1.35795,1.73,5.40
2013.01.30 10:33:24.555,1.35774,1.35796,1.73,3.42
2013.01.30 10:33:26.834,1.35775,1.35796,1.73,2.67
2013.01.30 10:33:28.634,1.35776,1.35795,1.73,5.40
2013.01.30 10:33:28.754,1.35773,1.35794,2.25,1.13
2013.01.30 10:33:30.625,1.35771,1.35792,2.48,1.50
2013.01.30 10:33:37.514,1.35773,1.35793,1.73,1.92
2013.01.30 10:33:37.835,1.35775,1.35795,1.50,3.00
2013.01.30 10:33:38.206,1.35775,1.35795,2.48,2.25
2013.01.30 10:33:38.797,1.35777,1.35796,2.33,1.88
2013.01.30 10:33:39.114,1.35782,1.35802,3.23,1.35
2013.01.30 10:33:39.474,1.35783,1.35803,1.73,1.35
2013.01.30 10:33:39.535,1.35785,1.35804,2.25,2.29
2013.01.30 10:33:39.774,1.35789,1.35805,1.50,1.32
2013.01.30 10:33:39.835,1.35789,1.35805,2.25,1.32
2013.01.30 10:33:40.256,1.3579,1.35808,1.73,2.44
2013.01.30 10:33:40.326,1.35787,1.35807,3.04,1.69
2013.01.30 10:33:40.454,1.35787,1.35805,1.54,1.69
2013.01.30 10:33:41.795,1.35785,1.35806,3.23,1.47
2013.01.30 10:33:42.742,1.35786,1.35808,1.54,1.88
2013.01.30 10:33:42.808,1.35786,1.35808,1.73,1.88
2013.01.30 10:33:42.935,1.35786,1.35808,2.48,1.88
2013.01.30 10:33:43.325,1.35787,1.35808,1.73,2.63
2013.01.30 10:33:44.074,1.35784,1.35803,4.54,1.50
2013.01.30 10:33:44.614,1.35784,1.35805,2.14,2.25
2013.01.30 10:33:45.007,1.35784,1.35805,2.14,2.25
2013.01.30 10:33:45.854,1.35784,1.35805,2.29,2.25
2013.01.30 10:33:46.413,1.35784,1.35803,1.50,3.04
2013.01.30 10:33:46.804,1.35785,1.35803,1.73,1.50
2013.01.30 10:33:49.204,1.35786,1.35803,1.73,1.50
2013.01.30 10:33:50.986,1.35786,1.35804,1.73,2.07
2013.01.30 10:33:52.564,1.35786,1.35803,1.73,1.50
2013.01.30 10:33:56.596,1.35786,1.35804,2.48,1.47
2013.01.30 10:34:00.760,1.35786,1.35804,2.25,1.69
2013.01.30 10:34:04.083,1.35786,1.35804,2.25,1.69
2013.01.30 10:34:09.555,1.35787,1.35804,1.50,1.13
2013.01.30 10:34:09.865,1.35787,1.35803,1.50,1.13
2013.01.30 10:34:10.571,1.35786,1.35803,2.25,1.13
2013.01.30 10:34:13.724,1.35787,1.35803,1.50,1.13
2013.01.30 10:34:14.648,1.35787,1.35804,1.50,1.69
2013.01.30 10:34:16.145,1.35788,1.35806,1.50,1.88
2013.01.30 10:34:17.405,1.35788,1.35807,2.25,1.69
2013.01.30 10:34:19.237,1.35787,1.35803,1.50,1.73
2013.01.30 10:34:19.725,1.35784,1.358,2.40,1.50
2013.01.30 10:34:20.384,1.35781,1.35798,1.88,1.73
2013.01.30 10:34:21.006,1.35781,1.35798,1.88,1.73
2013.01.30 10:34:21.546,1.35782,1.35799,1.13,1.32
2013.01.30 10:34:22.988,1.35781,1.35797,2.25,1.50
2013.01.30 10:34:23.055,1.35778,1.35795,1.50,1.47
2013.01.30 10:34:23.474,1.35778,1.358,1.50,3.42
2013.01.30 10:34:23.540,1.35778,1.358,1.50,2.67
2013.01.30 10:34:24.094,1.3578,1.358,3.00,1.69
2013.01.30 10:34:25.027,1.35783,1.358,1.50,1.69
2013.01.30 10:34:25.094,1.3578,1.358,1.50,1.13
2013.01.30 10:34:25.825,1.35782,1.35801,1.50,1.35
2013.01.30 10:34:28.074,1.3578,1.35802,2.25,2.10
2013.01.30 10:34:28.134,1.3578,1.35802,3.00,2.10
2013.01.30 10:34:28.435,1.35785,1.35803,1.50,1.09
2013.01.30 10:34:30.187,1.35785,1.35804,1.88,1.47
2013.01.30 10:34:30.388,1.35787,1.35805,1.13,1.47
2013.01.30 10:34:30.928,1.35789,1.35805,2.25,1.32
2013.01.30 10:34:31.626,1.3579,1.35809,1.50,1.73
2013.01.30 10:34:32.798,1.3579,1.35808,2.25,1.50
2013.01.30 10:34:34.160,1.3579,1.35808,2.25,1.50
2013.01.30 10:34:36.274,1.3579,1.35808,2.25,1.50
2013.01.30 10:34:36.536,1.35787,1.35807,1.50,2.48
2013.01.30 10:34:36.724,1.3579,1.35807,1.50,2.25
2013.01.30 10:34:37.247,1.3579,1.35807,1.50,1.50
2013.01.30 10:34:37.627,1.3579,1.35807,2.25,1.50
2013.01.30 10:34:38.619,1.3579,1.35807,2.25,1.50
2013.01.30 10:34:39.271,1.3579,1.35807,2.17,1.50
2013.01.30 10:34:40.227,1.35791,1.35807,1.42,1.50
2013.01.30 10:34:40.954,1.35791,1.35806,1.42,1.50
2013.01.30 10:34:43.496,1.35791,1.35808,1.42,1.73
2013.01.30 10:34:43.685,1.3579,1.35809,2.92,1.13
2013.01.30 10:34:44.327,1.35792,1.35811,1.50,1.35
2013.01.30 10:34:45.218,1.35794,1.35811,3.00,1.35
2013.01.30 10:34:45.536,1.35802,1.35817,1.50,1.54
2013.01.30 10:34:45.608,1.35806,1.35819,1.50,1.32
2013.01.30 10:34:45.675,1.35806,1.35822,3.00,1.13
2013.01.30 10:34:46.339,1.35806,1.35822,3.00,1.13
2013.01.30 10:34:46.886,1.35808,1.35822,1.50,1.13
2013.01.30 10:34:47.015,1.3581,1.35826,1.88,1.73
2013.01.30 10:34:47.088,1.3581,1.35828,1.88,1.69
2013.01.30 10:34:47.336,1.35811,1.3583,2.40,1.47
2013.01.30 10:34:47.924,1.35811,1.35831,2.40,1.05
2013.01.30 10:34:48.494,1.35811,1.35831,2.40,1.05
2013.01.30 10:34:51.394,1.35812,1.3583,2.40,1.73
2013.01.30 10:34:54.034,1.35813,1.3583,1.50,2.29
2013.01.30 10:34:54.095,1.35813,1.35831,1.50,1.28
2013.01.30 10:34:54.224,1.35811,1.3583,1.65,1.13
2013.01.30 10:34:54.528,1.35811,1.35831,2.40,1.80
2013.01.30 10:34:55.253,1.35811,1.3583,2.40,1.32
2013.01.30 10:34:56.002,1.35812,1.35831,2.40,1.05
2013.01.30 10:34:56.505,1.35813,1.3583,1.50,1.05
2013.01.30 10:34:57.075,1.3581,1.3583,1.65,1.05
2013.01.30 10:34:57.632,1.35811,1.35831,3.38,1.05
2013.01.30 10:34:58.395,1.35813,1.35831,1.50,1.05
2013.01.30 10:34:58.934,1.35811,1.3583,2.40,1.05
2013.01.30 10:34:59.056,1.3581,1.3583,1.65,1.05
2013.01.30 10:35:00.167,1.35813,1.35832,2.25,2.10
2013.01.30 10:35:00.485,1.35815,1.35835,3.75,2.44
2013.01.30 10:35:01.153,1.35813,1.35832,1.50,2.10
2013.01.30 10:35:01.228,1.35811,1.3583,1.88,1.50
2013.01.30 10:35:01.547,1.35812,1.35823,1.13,1.50
2013.01.30 10:35:01.866,1.35804,1.35818,2.29,1.32
2013.01.30 10:35:02.296,1.35801,1.35814,1.50,1.50
2013.01.30 10:35:02.808,1.35793,1.35814,2.07,1.50
2013.01.30 10:35:04.356,1.35796,1.35815,2.25,1.32
2013.01.30 10:35:04.606,1.35803,1.35822,1.73,2.82
2013.01.30 10:35:05.095,1.35803,1.35822,2.48,1.32
2013.01.30 10:35:05.335,1.35802,1.35822,2.48,1.32
2013.01.30 10:35:05.454,1.35803,1.35824,3.23,1.32
2013.01.30 10:35:05.516,1.35805,1.35825,2.29,2.07
2013.01.30 10:35:05.585,1.35805,1.35827,3.04,1.32
2013.01.30 10:35:05.887,1.35808,1.35828,1.73,1.69
2013.01.30 10:35:06.197,1.35811,1.3583,1.13,2.37
2013.01.30 10:35:06.954,1.35809,1.35829,1.35,1.65
2013.01.30 10:35:09.265,1.35808,1.35827,1.13,1.54
2013.01.30 10:35:09.447,1.35808,1.35827,1.13,3.04
2013.01.30 10:35:09.754,1.35805,1.35825,1.13,1.73
2013.01.30 10:35:10.475,1.35805,1.35827,2.10,3.79
2013.01.30 10:35:12.206,1.35808,1.35828,1.13,1.54
2013.01.30 10:35:12.774,1.35809,1.35829,1.13,1.32
2013.01.30 10:35:12.834,1.35809,1.3583,1.13,3.30
2013.01.30 10:35:15.569,1.35809,1.35829,1.13,1.50
2013.01.30 10:35:15.698,1.35809,1.35827,1.13,1.54
2013.01.30 10:35:17.726,1.35804,1.35825,1.13,3.23
2013.01.30 10:35:18.045,1.35803,1.35823,1.13,1.73
2013.01.30 10:35:21.196,1.35802,1.35822,2.25,1.35
2013.01.30 10:35:22.186,1.35802,1.35822,2.48,1.13
2013.01.30 10:35:23.368,1.35802,1.35822,3.75,1.35
2013.01.30 10:35:23.715,1.35802,1.35822,2.48,1.13
2013.01.30 10:35:24.266,1.35802,1.35822,2.48,1.13
2013.01.30 10:35:24.917,1.35802,1.35822,2.48,1.88
2013.01.30 10:35:25.566,1.35802,1.35822,1.50,2.10
2013.01.30 10:35:27.286,1.35802,1.35821,1.50,2.40
2013.01.30 10:35:27.988,1.35798,1.35819,1.35,1.73
2013.01.30 10:35:28.646,1.35798,1.35819,1.35,1.73
2013.01.30 10:35:30.516,1.35798,1.35817,1.13,2.29
2013.01.30 10:35:31.835,1.35798,1.35817,1.88,2.29
2013.01.30 10:35:32.425,1.35796,1.35815,1.88,1.54
2013.01.30 10:35:32.784,1.35797,1.35816,1.88,1.54
2013.01.30 10:35:32.844,1.35797,1.35816,1.88,1.54
2013.01.30 10:35:35.659,1.35794,1.35813,1.88,1.54
2013.01.30 10:35:36.205,1.35796,1.35813,1.13,2.22
2013.01.30 10:35:36.886,1.35796,1.35813,1.13,2.29
2013.01.30 10:35:37.285,1.35794,1.35813,2.25,1.92
2013.01.30 10:35:38.887,1.35797,1.35813,1.32,1.35
2013.01.30 10:35:41.407,1.358,1.35818,1.50,1.69
2013.01.30 10:35:42.812,1.35801,1.35819,1.50,1.88
2013.01.30 10:35:45.695,1.35799,1.35816,1.50,1.13
2013.01.30 10:35:46.209,1.35795,1.35816,3.98,2.44
2013.01.30 10:35:46.290,1.35795,1.35815,2.25,2.10
2013.01.30 10:35:48.244,1.35795,1.35812,1.50,1.17
2013.01.30 10:35:48.795,1.35796,1.35816,1.50,1.13
2013.01.30 10:35:52.528,1.35795,1.35816,1.50,1.65
2013.01.30 10:35:53.278,1.35795,1.35816,2.25,1.65
2013.01.30 10:35:53.525,1.35795,1.35816,1.50,2.40
2013.01.30 10:35:53.644,1.35794,1.35815,2.97,1.13
2013.01.30 10:35:54.216,1.35793,1.35812,3.15,2.29
2013.01.30 10:35:57.317,1.35794,1.35815,1.65,2.22
2013.01.30 10:35:59.772,1.35794,1.35814,1.50,1.13
2013.01.30 10:36:00.324,1.35794,1.35815,1.65,1.47
2013.01.30 10:36:03.315,1.35794,1.35812,1.65,1.32
2013.01.30 10:36:03.884,1.35793,1.35812,1.13,1.54
2013.01.30 10:36:04.705,1.35793,1.35813,1.13,1.88
2013.01.30 10:36:08.686,1.35794,1.35814,1.50,1.47
2013.01.30 10:36:09.215,1.35794,1.35814,1.50,1.47
2013.01.30 10:36:10.825,1.35792,1.35811,1.50,1.54
2013.01.30 10:36:11.124,1.35793,1.35812,1.50,1.54
2013.01.30 10:36:11.185,1.35793,1.35808,1.50,1.32
2013.01.30 10:36:11.490,1.35785,1.35801,3.00,1.13
2013.01.30 10:36:12.267,1.35782,1.35801,1.28,1.35
2013.01.30 10:36:13.196,1.3578,1.35802,3.30,2.10
2013.01.30 10:36:18.264,1.35784,1.35802,1.50,1.13
2013.01.30 10:36:19.825,1.35781,1.35801,3.00,1.88
2013.01.30 10:36:20.327,1.35782,1.358,1.50,2.25
2013.01.30 10:36:24.377,1.35778,1.35798,1.88,1.32
2013.01.30 10:36:24.995,1.35779,1.35799,4.13,1.65
2013.01.30 10:36:25.612,1.3578,1.358,2.40,1.65
2013.01.30 10:36:25.680,1.35781,1.358,1.50,1.65
2013.01.30 10:36:25.804,1.35781,1.358,1.50,1.65
2013.01.30 10:36:26.327,1.35781,1.35801,3.00,1.69
2013.01.30 10:36:27.296,1.35781,1.35801,2.25,1.69
2013.01.30 10:36:27.854,1.3578,1.35802,2.97,2.48
2013.01.30 10:36:28.198,1.3578,1.35801,2.97,1.54
2013.01.30 10:36:28.446,1.35782,1.35804,3.75,2.40
2013.01.30 10:36:28.516,1.35782,1.35805,4.50,2.48
2013.01.30 10:36:28.827,1.35783,1.35804,3.23,1.65
2013.01.30 10:36:28.954,1.35784,1.35805,2.25,1.13
2013.01.30 10:36:30.152,1.35784,1.35804,1.50,1.35
2013.01.30 10:36:30.335,1.35782,1.35803,2.63,1.47
2013.01.30 10:36:30.930,1.35781,1.35802,1.65,1.69
2013.01.30 10:36:33.475,1.35781,1.358,1.65,1.32
2013.01.30 10:36:34.235,1.35781,1.35799,1.65,1.32
2013.01.30 10:36:34.476,1.35781,1.35803,3.15,2.44
2013.01.30 10:36:34.536,1.35781,1.35803,3.15,1.65
2013.01.30 10:36:35.191,1.35781,1.35803,3.15,2.22
2013.01.30 10:36:35.497,1.35781,1.35802,2.40,1.73
2013.01.30 10:36:36.210,1.35781,1.35802,2.40,1.50
2013.01.30 10:36:37.474,1.35783,1.35803,1.50,1.65
2013.01.30 10:36:38.316,1.35784,1.35803,1.92,1.50
2013.01.30 10:36:38.627,1.35787,1.35804,2.48,1.65
2013.01.30 10:36:38.829,1.35785,1.35805,1.50,2.63
2013.01.30 10:36:38.895,1.35783,1.35803,2.82,1.50
2013.01.30 10:36:39.801,1.35782,1.35804,2.44,1.65
2013.01.30 10:36:40.347,1.35781,1.35804,3.38,2.63
2013.01.30 10:36:40.535,1.35782,1.35802,1.65,1.73
2013.01.30 10:36:40.836,1.35784,1.35804,1.50,1.65
2013.01.30 10:36:42.085,1.35785,1.35805,1.73,2.22
2013.01.30 10:36:42.427,1.35785,1.35804,1.73,1.13
2013.01.30 10:36:48.474,1.35785,1.35804,1.73,1.88
2013.01.30 10:36:53.937,1.35785,1.35804,1.73,1.88
2013.01.30 10:36:54.065,1.35782,1.35802,1.69,3.34
2013.01.30 10:36:54.126,1.35781,1.358,1.35,1.13
2013.01.30 10:36:54.785,1.35781,1.358,1.13,1.50
2013.01.30 10:36:55.438,1.35782,1.358,1.65,1.50
2013.01.30 10:36:55.732,1.35784,1.358,2.07,1.50
2013.01.30 10:36:56.195,1.35784,1.35804,1.32,1.88
2013.01.30 10:36:56.436,1.35784,1.35803,2.25,1.65
2013.01.30 10:36:56.976,1.35784,1.35803,1.50,1.65
2013.01.30 10:36:58.694,1.35782,1.358,1.50,1.13
2013.01.30 10:36:58.816,1.35781,1.358,1.73,2.44
2013.01.30 10:36:59.006,1.35778,1.35798,1.88,1.13
2013.01.30 10:36:59.185,1.35778,1.35796,1.13,1.50
2013.01.30 10:37:02.812,1.35774,1.35793,1.17,1.50
2013.01.30 10:37:06.965,1.35778,1.35794,1.13,1.32
2013.01.30 10:37:07.505,1.35778,1.35794,1.13,2.29
2013.01.30 10:37:09.004,1.35772,1.35793,1.88,1.73
2013.01.30 10:37:09.761,1.35772,1.35792,1.13,1.54
2013.01.30 10:37:12.775,1.35772,1.35793,1.13,2.29
2013.01.30 10:37:13.159,1.35772,1.35793,1.13,2.29
2013.01.30 10:37:13.224,1.3577,1.35791,1.88,1.32
2013.01.30 10:37:13.775,1.35769,1.3579,1.13,2.07
2013.01.30 10:37:13.897,1.35769,1.3579,1.13,2.29
2013.01.30 10:37:14.817,1.3577,1.3579,1.13,1.32
2013.01.30 10:37:15.006,1.35773,1.35794,2.25,1.65
2013.01.30 10:37:15.187,1.35773,1.35795,1.50,2.44
2013.01.30 10:37:15.905,1.35772,1.35793,1.65,1.65
2013.01.30 10:37:18.861,1.35773,1.35795,2.25,1.88
2013.01.30 10:37:19.587,1.35776,1.35796,1.50,1.17
2013.01.30 10:37:20.375,1.35777,1.35798,1.50,2.25
2013.01.30 10:37:20.707,1.35779,1.35798,1.50,2.25
2013.01.30 10:37:23.736,1.35781,1.35799,1.50,1.13
2013.01.30 10:37:24.405,1.3578,1.35802,3.23,2.25
2013.01.30 10:37:25.057,1.35778,1.35798,2.82,1.13
2013.01.30 10:37:27.200,1.35785,1.35799,1.50,1.50
2013.01.30 10:37:27.388,1.35783,1.35804,2.25,2.18
2013.01.30 10:37:27.886,1.3578,1.35799,1.88,1.28
2013.01.30 10:37:28.396,1.3578,1.35799,1.88,1.28
2013.01.30 10:37:28.455,1.3578,1.35801,1.88,2.63
2013.01.30 10:37:29.006,1.35782,1.35803,2.22,1.80
2013.01.30 10:37:29.524,1.35782,1.35803,2.22,1.05
2013.01.30 10:37:30.166,1.35782,1.35803,2.22,1.05
2013.01.30 10:37:30.677,1.35782,1.35803,1.47,2.55
2013.01.30 10:37:30.748,1.3578,1.35801,2.44,1.65
2013.01.30 10:37:31.237,1.3578,1.358,1.88,1.65
2013.01.30 10:37:32.285,1.3578,1.35801,2.44,1.65
2013.01.30 10:37:33.215,1.35783,1.35803,1.50,1.80
2013.01.30 10:37:33.842,1.35783,1.35803,1.50,1.80
2013.01.30 10:37:34.492,1.35783,1.35803,1.50,1.65
2013.01.30 10:37:34.676,1.35784,1.35804,1.35,1.65
2013.01.30 10:37:34.806,1.35788,1.35805,1.50,1.13
2013.01.30 10:37:35.366,1.35792,1.35808,1.50,2.22
2013.01.30 10:37:35.675,1.3579,1.35808,1.32,1.69
2013.01.30 10:37:36.824,1.35789,1.35809,1.73,2.03
2013.01.30 10:37:37.405,1.35789,1.35807,1.50,1.28
2013.01.30 10:37:37.479,1.35786,1.35805,2.48,1.69
2013.01.30 10:37:37.550,1.35786,1.35803,1.50,2.22
2013.01.30 10:37:37.675,1.35782,1.35803,1.13,3.72
2013.01.30 10:37:37.915,1.3578,1.358,3.27,2.25
2013.01.30 10:37:38.335,1.3578,1.35799,1.69,1.50
2013.01.30 10:37:39.326,1.35779,1.35799,2.10,1.32
2013.01.30 10:37:39.636,1.35773,1.35791,1.50,1.65
2013.01.30 10:37:39.765,1.35772,1.35791,1.73,1.65
2013.01.30 10:37:41.476,1.3577,1.3579,1.73,2.22
2013.01.30 10:37:42.126,1.35769,1.35789,1.88,1.32
2013.01.30 10:37:43.146,1.3577,1.3579,3.98,2.22
2013.01.30 10:37:43.457,1.35776,1.35796,1.73,1.84
2013.01.30 10:37:43.646,1.35776,1.35796,1.73,1.84
2013.01.30 10:37:43.707,1.35776,1.35796,1.73,1.84
2013.01.30 10:37:44.017,1.35774,1.35791,1.54,2.22
2013.01.30 10:37:44.386,1.35771,1.35791,1.73,1.47
2013.01.30 10:37:44.505,1.35769,1.35791,1.88,2.97
2013.01.30 10:37:44.776,1.35769,1.35791,1.88,2.97
2013.01.30 10:37:46.115,1.3577,1.3579,2.48,1.47
2013.01.30 10:37:48.600,1.3577,1.35791,2.48,2.22
2013.01.30 10:37:49.145,1.35772,1.35789,1.50,1.50
2013.01.30 10:37:49.265,1.35771,1.35789,1.73,2.07
2013.01.30 10:37:50.247,1.35769,1.35789,1.88,1.50
2013.01.30 10:37:50.485,1.35771,1.3579,1.73,1.47
2013.01.30 10:37:50.796,1.35772,1.3579,2.25,1.47
2013.01.30 10:37:51.146,1.35772,1.35791,2.48,2.25
2013.01.30 10:37:51.265,1.3577,1.35791,1.73,2.22
2013.01.30 10:37:51.325,1.3577,1.35789,1.50,1.50
2013.01.30 10:37:52.816,1.35771,1.35792,1.73,1.88
2013.01.30 10:37:52.995,1.35771,1.35792,1.73,1.13
2013.01.30 10:37:56.027,1.35772,1.35794,1.13,2.63
2013.01.30 10:37:56.776,1.35773,1.35794,1.73,1.88
2013.01.30 10:37:57.104,1.35777,1.35794,1.73,1.13
2013.01.30 10:37:59.247,1.35778,1.35796,1.50,1.13
2013.01.30 10:38:02.296,1.35778,1.35794,1.50,4.88
2013.01.30 10:38:02.416,1.35777,1.35794,1.50,1.35
2013.01.30 10:38:02.486,1.35777,1.35796,2.25,1.17
2013.01.30 10:38:03.044,1.35778,1.35798,1.50,3.00
2013.01.30 10:38:06.365,1.35777,1.35794,1.50,1.35
2013.01.30 10:38:06.916,1.35775,1.35794,1.50,2.10
2013.01.30 10:38:07.047,1.35777,1.35793,1.50,1.69
2013.01.30 10:38:07.116,1.35776,1.35789,1.50,1.13
2013.01.30 10:38:07.175,1.35772,1.35789,1.65,1.88
2013.01.30 10:38:08.898,1.35772,1.35789,1.65,1.32
2013.01.30 10:38:09.194,1.35772,1.35792,1.65,1.47
2013.01.30 10:38:09.336,1.35775,1.35793,1.50,2.03
2013.01.30 10:38:09.677,1.35781,1.35796,1.50,1.69
2013.01.30 10:38:09.986,1.35781,1.35796,1.50,1.69
2013.01.30 10:38:10.628,1.35778,1.35794,1.73,1.13
2013.01.30 10:38:10.815,1.35774,1.35792,2.25,1.88
2013.01.30 10:38:11.221,1.35774,1.35792,1.50,5.63
2013.01.30 10:38:11.303,1.35772,1.35789,1.50,1.69
2013.01.30 10:38:17.858,1.35772,1.35789,1.50,1.32
2013.01.30 10:38:18.686,1.35768,1.35789,1.73,2.67
2013.01.30 10:38:18.865,1.35768,1.35788,1.73,1.32
2013.01.30 10:38:19.308,1.35768,1.35788,1.50,1.54
2013.01.30 10:38:21.335,1.35767,1.35785,1.50,1.54
2013.01.30 10:38:21.577,1.35766,1.35785,1.65,2.89
2013.01.30 10:38:23.035,1.35766,1.35784,1.65,1.32
2013.01.30 10:38:23.534,1.3577,1.35787,1.50,1.32
2013.01.30 10:38:23.845,1.3577,1.35787,1.50,1.32
2013.01.30 10:38:27.805,1.3577,1.35788,1.50,1.54
2013.01.30 10:38:27.876,1.3577,1.35788,1.50,1.54
2013.01.30 10:38:28.417,1.3577,1.3579,1.50,3.04
2013.01.30 10:38:30.976,1.3577,1.3579,3.00,1.32
2013.01.30 10:38:31.096,1.35772,1.3579,1.50,1.32
2013.01.30 10:38:32.336,1.35774,1.35792,2.25,1.13
2013.01.30 10:38:32.637,1.35777,1.35793,2.25,1.13
2013.01.30 10:38:32.766,1.35777,1.35796,2.40,1.32
2013.01.30 10:38:33.754,1.35777,1.35795,2.40,1.32
2013.01.30 10:38:34.055,1.35777,1.35795,2.40,1.54
2013.01.30 10:38:34.116,1.35775,1.35792,2.63,1.35
2013.01.30 10:38:34.237,1.35779,1.35799,1.50,2.01
2013.01.30 10:38:34.306,1.35779,1.358,1.50,3.23
2013.01.30 10:38:34.816,1.35779,1.35798,1.50,1.54
2013.01.30 10:38:35.337,1.35779,1.35798,2.25,1.54
2013.01.30 10:38:36.716,1.35779,1.35798,1.50,1.54
2013.01.30 10:38:38.785,1.35779,1.35797,1.50,1.54
2013.01.30 10:38:38.845,1.35778,1.35791,2.25,1.50
2013.01.30 10:38:39.267,1.35776,1.35788,1.65,1.32
2013.01.30 10:38:39.785,1.35771,1.35788,1.13,1.54
2013.01.30 10:38:43.846,1.35774,1.35794,1.13,1.50
2013.01.30 10:38:45.959,1.35774,1.35794,1.13,1.32
2013.01.30 10:38:46.836,1.35773,1.35794,1.88,1.32
2013.01.30 10:38:48.487,1.35772,1.35794,2.48,1.47
2013.01.30 10:38:50.186,1.35772,1.35794,2.48,1.47
2013.01.30 10:38:50.505,1.35776,1.35792,1.50,1.32
2013.01.30 10:38:50.574,1.35774,1.35792,1.50,1.54
2013.01.30 10:38:51.126,1.35771,1.35791,2.63,2.82
2013.01.30 10:38:51.259,1.35771,1.35791,1.65,2.82
2013.01.30 10:38:51.827,1.35769,1.3579,1.13,1.50
2013.01.30 10:38:52.076,1.35768,1.35791,3.42,3.57
2013.01.30 10:38:52.196,1.35771,1.35791,1.50,2.07
2013.01.30 10:38:52.797,1.35772,1.35791,1.13,2.29
2013.01.30 10:38:55.184,1.35772,1.35792,1.13,2.63
2013.01.30 10:38:56.185,1.35772,1.35792,1.13,2.63
2013.01.30 10:38:56.625,1.3577,1.3579,3.94,1.50
2013.01.30 10:38:56.986,1.35772,1.35794,1.58,2.44
2013.01.30 10:38:57.048,1.35772,1.35794,1.58,2.22
2013.01.30 10:38:58.466,1.35774,1.35794,1.73,2.22
2013.01.30 10:38:58.825,1.35772,1.35793,1.50,2.63
2013.01.30 10:39:00.155,1.35772,1.35792,1.88,2.63
2013.01.30 10:39:01.137,1.35772,1.35792,1.50,1.73
2013.01.30 10:39:01.695,1.35772,1.35792,1.50,2.29
2013.01.30 10:39:02.235,1.35772,1.35792,1.50,2.29
2013.01.30 10:39:03.892,1.35772,1.35792,1.50,2.29
2013.01.30 10:39:04.629,1.35771,1.35793,3.23,2.44
2013.01.30 10:39:04.937,1.35777,1.35793,2.25,1.65
2013.01.30 10:39:05.009,1.35777,1.35793,1.50,1.65
2013.01.30 10:39:06.975,1.35777,1.35795,1.50,1.92
2013.01.30 10:39:08.076,1.35778,1.35795,1.50,1.92
2013.01.30 10:39:10.154,1.35778,1.35795,1.50,1.69
2013.01.30 10:39:15.737,1.35778,1.35795,1.50,1.13
2013.01.30 10:39:16.865,1.35777,1.35797,2.25,1.35
2013.01.30 10:39:17.045,1.35775,1.35792,1.65,1.32
2013.01.30 10:39:17.164,1.35776,1.35793,1.47,1.54
2013.01.30 10:39:17.225,1.35781,1.35794,1.32,1.32
2013.01.30 10:39:17.285,1.35781,1.35797,1.69,1.50
2013.01.30 10:39:18.699,1.35781,1.358,1.09,1.73
2013.01.30 10:39:21.738,1.35777,1.35797,2.03,1.73
2013.01.30 10:39:22.162,1.35775,1.35797,3.34,2.48
2013.01.30 10:39:22.405,1.35775,1.35794,2.59,1.73
2013.01.30 10:39:22.526,1.35775,1.35795,1.84,1.73
2013.01.30 10:39:22.650,1.35775,1.35794,1.84,1.73
2013.01.30 10:39:23.174,1.35773,1.35794,1.84,3.23
2013.01.30 10:39:23.871,1.3578,1.35798,1.09,1.73
2013.01.30 10:39:23.946,1.3578,1.35798,1.84,1.73
2013.01.30 10:39:24.018,1.35778,1.35796,1.65,1.47
2013.01.30 10:39:24.273,1.35775,1.35796,2.48,1.84
2013.01.30 10:39:27.245,1.35776,1.35797,2.25,1.13
2013.01.30 10:39:27.365,1.35776,1.35797,2.48,1.13
2013.01.30 10:39:30.416,1.3578,1.35799,2.48,1.13
2013.01.30 10:39:30.776,1.35783,1.35801,2.48,1.09
2013.01.30 10:39:31.466,1.35783,1.35801,3.23,1.09
2013.01.30 10:39:33.307,1.35786,1.35807,1.13,2.40
2013.01.30 10:39:33.378,1.35792,1.35807,1.50,1.65
2013.01.30 10:39:33.717,1.35794,1.35809,2.29,1.13
2013.01.30 10:39:33.789,1.35794,1.35812,2.29,1.50
2013.01.30 10:39:33.865,1.35799,1.35814,1.54,1.50
2013.01.30 10:39:33.938,1.35799,1.35819,1.54,3.38
2013.01.30 10:39:34.325,1.35799,1.3582,3.04,3.00
2013.01.30 10:39:34.385,1.35802,1.3582,1.73,1.50
2013.01.30 10:39:34.444,1.35802,1.3582,1.73,2.25
2013.01.30 10:39:36.416,1.35802,1.35821,1.73,1.50
2013.01.30 10:39:37.477,1.35801,1.35821,1.73,1.50
2013.01.30 10:39:37.546,1.35801,1.35819,1.73,1.50
2013.01.30 10:39:37.847,1.35799,1.35813,1.32,1.50
2013.01.30 10:39:38.097,1.35796,1.35813,1.50,1.50
2013.01.30 10:39:38.675,1.35796,1.35813,1.50,1.50
2013.01.30 10:39:39.489,1.35796,1.35813,1.50,1.50
2013.01.30 10:39:39.615,1.35797,1.35816,1.50,1.50
2013.01.30 10:39:39.735,1.35797,1.35816,1.73,1.50
2013.01.30 10:39:40.036,1.35801,1.35819,1.73,1.50
2013.01.30 10:39:40.155,1.35801,1.35819,1.73,1.50
2013.01.30 10:39:40.517,1.35801,1.35819,1.50,2.25
2013.01.30 10:39:40.705,1.358,1.35817,1.73,1.50
2013.01.30 10:39:40.886,1.35798,1.35817,1.73,2.44
2013.01.30 10:39:42.746,1.35796,1.35817,1.73,2.63
2013.01.30 10:39:42.927,1.35794,1.35813,1.73,1.50
2013.01.30 10:39:43.438,1.35794,1.35813,1.50,1.50
2013.01.30 10:39:48.154,1.35794,1.35813,1.50,1.50
2013.01.30 10:39:50.795,1.35794,1.35813,1.50,1.88
2013.01.30 10:39:51.944,1.35794,1.35813,1.50,1.88
2013.01.30 10:39:52.615,1.35794,1.35813,2.25,1.13
2013.01.30 10:39:58.382,1.35794,1.35815,3.75,2.25
2013.01.30 10:40:00.856,1.35792,1.35812,3.00,1.13
2013.01.30 10:40:01.156,1.35789,1.3581,1.65,2.29
2013.01.30 10:40:01.515,1.35786,1.35805,1.13,1.88
2013.01.30 10:40:02.816,1.35786,1.35807,1.13,1.54
2013.01.30 10:40:02.886,1.35785,1.35806,2.03,1.54
2013.01.30 10:40:03.282,1.35786,1.35806,1.13,1.54
2013.01.30 10:40:03.616,1.35788,1.35806,1.88,1.32
2013.01.30 10:40:03.676,1.35791,1.35808,1.50,1.50
2013.01.30 10:40:04.235,1.35792,1.35811,1.13,2.25
2013.01.30 10:40:04.640,1.35792,1.3581,1.13,1.50
2013.01.30 10:40:05.317,1.3579,1.3581,1.35,3.00
2013.01.30 10:40:06.695,1.35788,1.35808,2.10,1.50
2013.01.30 10:40:07.360,1.35788,1.35809,2.10,1.50
2013.01.30 10:40:09.616,1.3579,1.35808,1.13,1.50
2013.01.30 10:40:09.678,1.3579,1.35807,1.13,1.50
2013.01.30 10:40:11.625,1.35787,1.35807,3.42,1.50
2013.01.30 10:40:12.817,1.35788,1.35805,1.35,1.50
2013.01.30 10:40:13.127,1.35788,1.35803,1.13,1.50
2013.01.30 10:40:14.136,1.35782,1.35804,1.50,3.04
2013.01.30 10:40:14.762,1.35781,1.35804,3.75,2.48
2013.01.30 10:40:16.866,1.35788,1.35806,1.13,1.32
2013.01.30 10:40:17.404,1.35788,1.35809,2.67,1.50
2013.01.30 10:40:17.464,1.3579,1.3581,1.13,2.25
2013.01.30 10:40:17.587,1.35788,1.35805,1.35,1.50
2013.01.30 10:40:18.128,1.35786,1.35805,1.28,4.54
2013.01.30 10:40:18.447,1.35786,1.35804,1.09,1.50
2013.01.30 10:40:18.507,1.35786,1.35805,1.09,1.50
2013.01.30 10:40:19.266,1.35786,1.35806,1.69,2.07
2013.01.30 10:40:21.894,1.35788,1.35809,1.47,2.40
2013.01.30 10:40:22.493,1.35789,1.3581,2.48,1.88
2013.01.30 10:40:22.708,1.35791,1.35811,2.48,1.28
2013.01.30 10:40:23.036,1.3579,1.35804,1.50,1.32
2013.01.30 10:40:23.155,1.35786,1.35804,1.73,1.32
2013.01.30 10:40:24.104,1.35784,1.35803,1.13,1.50
2013.01.30 10:40:26.545,1.35784,1.35803,1.13,2.25
2013.01.30 10:40:26.665,1.35784,1.35803,1.13,2.48
2013.01.30 10:40:29.366,1.35783,1.35802,1.13,1.73
2013.01.30 10:40:30.265,1.3578,1.35802,3.00,2.10
2013.01.30 10:40:30.326,1.3578,1.35802,3.00,2.85
2013.01.30 10:40:30.638,1.35778,1.35799,2.97,1.35
2013.01.30 10:40:31.285,1.35778,1.35797,1.65,2.25
2013.01.30 10:40:31.524,1.35776,1.35795,1.50,1.13
2013.01.30 10:40:33.237,1.35776,1.35794,1.50,1.73
2013.01.30 10:40:33.366,1.35778,1.35797,1.50,1.32
2013.01.30 10:40:35.904,1.35776,1.35796,5.82,1.05
2013.01.30 10:40:35.965,1.35776,1.35794,5.07,4.50
2013.01.30 10:40:36.294,1.35776,1.35794,2.07,5.33
2013.01.30 10:40:37.056,1.35772,1.35791,1.13,1.73
2013.01.30 10:40:37.608,1.3577,1.35789,1.88,1.73
2013.01.30 10:40:43.775,1.35772,1.35793,3.00,1.50
2013.01.30 10:40:44.566,1.35773,1.35794,1.69,1.50
2013.01.30 10:40:45.113,1.35773,1.35795,1.88,2.40
2013.01.30 10:40:45.659,1.35773,1.35794,2.22,1.13
2013.01.30 10:40:47.296,1.35776,1.35794,1.50,1.13
2013.01.30 10:40:52.175,1.35778,1.35796,2.07,1.35
2013.01.30 10:40:52.946,1.35775,1.35794,2.10,1.13
2013.01.30 10:40:53.005,1.35775,1.35794,1.32,1.35
2013.01.30 10:40:53.375,1.35772,1.35792,1.65,2.63
2013.01.30 10:40:53.722,1.35771,1.3579,1.69,1.50
2013.01.30 10:40:54.765,1.35771,1.35791,1.69,1.50
2013.01.30 10:40:55.688,1.35772,1.35792,1.65,3.38
2013.01.30 10:40:56.406,1.35772,1.35792,1.88,3.23
2013.01.30 10:40:57.246,1.35773,1.35792,1.65,3.23
2013.01.30 10:41:00.622,1.3577,1.3579,2.22,1.50
2013.01.30 10:41:03.884,1.3577,1.3579,1.65,2.25
2013.01.30 10:41:04.835,1.35769,1.3579,1.65,2.40
2013.01.30 10:41:05.432,1.35769,1.3579,1.65,1.65
2013.01.30 10:41:08.376,1.35768,1.3579,2.67,1.65
2013.01.30 10:41:10.254,1.35768,1.35789,2.67,1.65
2013.01.30 10:41:11.552,1.35768,1.35789,1.35,1.88
2013.01.30 10:41:15.954,1.3577,1.35789,1.50,1.73
2013.01.30 10:41:16.507,1.3577,1.35789,1.50,1.73
2013.01.30 10:41:17.446,1.35768,1.35788,1.73,1.73
2013.01.30 10:41:17.516,1.35767,1.35787,1.13,1.50
2013.01.30 10:41:17.636,1.35766,1.35787,1.88,1.50
2013.01.30 10:41:18.489,1.35762,1.35782,1.09,1.73
2013.01.30 10:41:19.255,1.35763,1.35782,1.35,1.50
2013.01.30 10:41:20.286,1.35768,1.35785,1.32,2.07
2013.01.30 10:41:20.347,1.35771,1.35788,1.50,1.50
2013.01.30 10:41:20.535,1.35771,1.35793,2.82,1.88
2013.01.30 10:41:22.375,1.35771,1.35791,1.32,1.88
2013.01.30 10:41:24.429,1.3577,1.35792,2.25,2.44
2013.01.30 10:41:25.175,1.35771,1.35792,1.50,1.88
2013.01.30 10:41:25.297,1.35772,1.35793,1.73,1.88
2013.01.30 10:41:26.357,1.35773,1.35791,1.73,2.25
2013.01.30 10:41:26.971,1.35767,1.35785,6.15,3.04
2013.01.30 10:41:27.525,1.35763,1.35784,1.13,1.73
2013.01.30 10:41:28.866,1.35763,1.35783,1.13,2.48
2013.01.30 10:41:29.430,1.35765,1.35785,1.88,2.07
2013.01.30 10:41:32.644,1.35761,1.35783,3.30,1.50
2013.01.30 10:41:33.188,1.35765,1.35784,1.32,1.65
2013.01.30 10:41:33.317,1.35765,1.35784,2.29,1.65
2013.01.30 10:41:33.976,1.35767,1.35788,1.73,1.13
2013.01.30 10:41:34.386,1.35767,1.35788,1.73,1.13
2013.01.30 10:41:35.816,1.35769,1.3579,1.50,1.28
2013.01.30 10:41:42.396,1.3577,1.35791,1.50,1.28
2013.01.30 10:41:43.488,1.35771,1.35792,1.73,2.03
2013.01.30 10:41:46.040,1.3577,1.3579,1.50,4.28
2013.01.30 10:41:48.676,1.3577,1.3579,1.65,3.90
2013.01.30 10:41:50.745,1.35769,1.3579,1.13,3.75
2013.01.30 10:41:51.441,1.35769,1.35786,1.13,1.50
2013.01.30 10:41:51.987,1.35767,1.35786,2.85,2.25
2013.01.30 10:41:52.116,1.35767,1.35783,1.35,1.50
2013.01.30 10:41:52.306,1.35766,1.35781,2.44,2.07
2013.01.30 10:41:55.025,1.3576,1.3578,1.28,1.50
2013.01.30 10:41:55.686,1.3576,1.35781,1.28,3.57
2013.01.30 10:41:57.125,1.3576,1.3578,1.50,1.50
2013.01.30 10:41:57.576,1.35758,1.35779,1.50,1.54
2013.01.30 10:41:58.286,1.35759,1.35779,1.50,2.29
2013.01.30 10:41:58.727,1.35761,1.35781,1.54,1.65
2013.01.30 10:41:59.257,1.35762,1.35782,1.73,3.15
2013.01.30 10:42:00.548,1.35764,1.35782,1.50,1.88
2013.01.30 10:42:01.060,1.35767,1.35783,1.50,1.13
2013.01.30 10:42:01.369,1.35767,1.35787,2.48,2.03
2013.01.30 10:42:01.966,1.3577,1.35788,2.25,1.28
2013.01.30 10:42:03.196,1.35771,1.35789,1.65,1.32
2013.01.30 10:42:09.376,1.35769,1.35787,1.88,1.35
2013.01.30 10:42:09.929,1.35766,1.35782,1.69,1.50
2013.01.30 10:42:10.659,1.35763,1.35783,1.28,2.33
2013.01.30 10:42:13.686,1.35763,1.35782,1.28,2.29
2013.01.30 10:42:13.762,1.35759,1.3578,1.88,2.07
2013.01.30 10:42:14.195,1.35759,1.3578,1.50,2.29
2013.01.30 10:42:14.532,1.3576,1.3578,1.50,1.54
2013.01.30 10:42:17.830,1.35758,1.3578,2.25,2.29
2013.01.30 10:42:17.895,1.35758,1.35779,2.25,1.73
2013.01.30 10:42:18.412,1.35758,1.35779,2.48,1.73
2013.01.30 10:42:20.325,1.35758,1.35778,1.73,1.58
2013.01.30 10:42:20.626,1.35754,1.35774,1.65,1.73
2013.01.30 10:42:20.746,1.35754,1.35774,1.65,2.33
2013.01.30 10:42:21.265,1.35753,1.35773,1.13,3.08
2013.01.30 10:42:21.640,1.35752,1.35771,2.03,1.32
2013.01.30 10:42:23.856,1.35752,1.35772,2.03,3.60
2013.01.30 10:42:25.174,1.35752,1.35771,2.03,1.54
2013.01.30 10:42:25.937,1.35752,1.3577,1.28,1.54
2013.01.30 10:42:26.463,1.35752,1.35769,1.28,1.58
2013.01.30 10:42:26.525,1.35749,1.35768,1.28,1.32
2013.01.30 10:42:26.585,1.35748,1.35766,1.65,1.17
2013.01.30 10:42:27.466,1.35749,1.35769,1.50,2.85
2013.01.30 10:42:27.646,1.35747,1.35767,1.65,1.13
2013.01.30 10:42:28.127,1.35744,1.35762,2.44,2.29
2013.01.30 10:42:28.255,1.35744,1.35762,2.44,2.29
2013.01.30 10:42:29.558,1.35745,1.35759,1.50,2.44
2013.01.30 10:42:29.700,1.35743,1.35757,2.25,1.69
2013.01.30 10:42:29.767,1.35743,1.35757,2.25,1.92
2013.01.30 10:42:30.197,1.35744,1.3576,1.50,1.13
2013.01.30 10:42:30.326,1.35751,1.35766,1.50,1.54
2013.01.30 10:42:30.456,1.35754,1.35768,2.25,1.54
2013.01.30 10:42:30.756,1.35754,1.35769,2.25,1.35
2013.01.30 10:42:31.181,1.35757,1.35772,1.50,1.92
2013.01.30 10:42:31.257,1.35757,1.35772,2.25,1.92
2013.01.30 10:42:31.457,1.35757,1.35773,2.40,1.35
2013.01.30 10:42:31.649,1.3576,1.35773,1.50,1.35
2013.01.30 10:42:31.716,1.35758,1.35774,1.13,2.07
2013.01.30 10:42:31.777,1.35758,1.35774,1.13,1.32
2013.01.30 10:42:31.956,1.35758,1.35774,1.65,1.50
2013.01.30 10:42:32.017,1.35756,1.35775,1.69,1.50
2013.01.30 10:42:33.245,1.3575,1.35769,1.50,1.32
2013.01.30 10:42:33.366,1.35747,1.35767,2.25,1.54
2013.01.30 10:42:33.606,1.35747,1.35767,1.50,1.54
2013.01.30 10:42:33.847,1.35746,1.35765,2.25,1.50
2013.01.30 10:42:33.976,1.35745,1.35765,3.00,1.50
2013.01.30 10:42:34.097,1.35745,1.35764,3.00,1.32
2013.01.30 10:42:34.655,1.35745,1.35762,1.50,1.54
2013.01.30 10:42:35.149,1.35745,1.35762,1.50,1.54
2013.01.30 10:42:35.756,1.35745,1.35761,1.50,1.32
2013.01.30 10:42:36.365,1.35745,1.35761,1.50,1.32
2013.01.30 10:42:37.909,1.35742,1.35761,1.65,1.32
2013.01.30 10:42:38.288,1.35744,1.35761,1.50,1.32
2013.01.30 10:42:39.119,1.35744,1.35761,1.50,1.32
2013.01.30 10:42:39.306,1.35748,1.35765,1.50,1.32
2013.01.30 10:42:39.365,1.35748,1.35766,1.50,2.14
2013.01.30 10:42:39.489,1.35747,1.35766,1.50,2.10
2013.01.30 10:42:39.639,1.35745,1.35765,1.50,1.32
2013.01.30 10:42:39.955,1.35749,1.35768,1.73,1.50
2013.01.30 10:42:40.555,1.3575,1.35769,1.50,1.50
2013.01.30 10:42:42.348,1.3575,1.35769,1.50,1.50
2013.01.30 10:42:42.655,1.3575,1.35769,1.50,1.50
2013.01.30 10:42:45.526,1.3575,1.3577,1.32,2.40
2013.01.30 10:42:49.265,1.3575,1.3577,3.27,1.50
2013.01.30 10:42:50.016,1.3575,1.3577,3.27,1.50
2013.01.30 10:42:50.139,1.3575,1.35769,1.65,1.50
2013.01.30 10:42:56.056,1.3575,1.35768,1.13,1.50
2013.01.30 10:42:57.687,1.35752,1.35771,1.65,2.07
2013.01.30 10:42:58.220,1.35752,1.35771,1.65,1.32
2013.01.30 10:43:00.145,1.35752,1.35771,1.65,1.32
2013.01.30 10:43:00.706,1.3575,1.35769,1.13,1.50
2013.01.30 10:43:01.846,1.3575,1.35769,1.13,1.50
2013.01.30 10:43:02.196,1.3575,1.35764,1.13,1.50
2013.01.30 10:43:02.737,1.35749,1.35764,1.13,1.50
2013.01.30 10:43:03.444,1.35742,1.35764,1.80,2.22
2013.01.30 10:43:24.715,1.35747,1.35764,1.50,1.69
2013.01.30 10:43:24.786,1.35747,1.35764,1.50,1.69
2013.01.30 10:43:24.849,1.35747,1.35763,1.50,1.13
2013.01.30 10:43:25.375,1.35744,1.35763,1.50,2.10
2013.01.30 10:43:26.047,1.35744,1.35763,1.50,2.10
2013.01.30 10:43:26.701,1.35747,1.35761,1.50,1.13
2013.01.30 10:43:28.166,1.35747,1.35762,1.50,1.13
2013.01.30 10:43:30.245,1.35746,1.35762,1.50,1.13
2013.01.30 10:43:30.756,1.35747,1.35762,1.50,1.13
2013.01.30 10:43:31.675,1.35743,1.35762,1.50,1.88
2013.01.30 10:43:32.479,1.35741,1.35762,2.25,1.88
2013.01.30 10:43:33.238,1.35743,1.35762,1.50,1.69
2013.01.30 10:43:33.485,1.35743,1.35761,1.50,1.47
2013.01.30 10:43:33.847,1.35743,1.35761,2.25,1.69
2013.01.30 10:43:34.037,1.35742,1.3576,1.50,1.73
2013.01.30 10:43:34.476,1.35742,1.3576,1.50,1.50
2013.01.30 10:43:34.595,1.35745,1.3576,1.50,1.50
2013.01.30 10:43:35.115,1.35745,1.35762,1.50,1.69
2013.01.30 10:43:35.735,1.35745,1.35764,1.50,1.69
2013.01.30 10:43:36.766,1.35745,1.35763,1.50,1.69
2013.01.30 10:43:37.097,1.35749,1.35768,2.25,1.50
2013.01.30 10:43:37.404,1.35751,1.35769,1.50,1.28
2013.01.30 10:43:38.317,1.35754,1.35773,1.65,3.04
2013.01.30 10:43:38.386,1.35754,1.35772,1.65,1.20
2013.01.30 10:43:38.576,1.35756,1.35771,1.50,1.13
2013.01.30 10:43:38.777,1.35753,1.35771,1.88,1.13
2013.01.30 10:43:40.183,1.35753,1.35771,1.88,1.13
2013.01.30 10:43:40.808,1.35753,1.35771,1.88,1.69
2013.01.30 10:43:41.168,1.35753,1.35771,1.88,1.54
2013.01.30 10:43:42.706,1.35753,1.35771,1.88,1.54
2013.01.30 10:43:42.865,1.35753,1.35771,1.88,1.54
2013.01.30 10:43:43.052,1.35753,1.35771,1.88,1.32
2013.01.30 10:43:47.434,1.35753,1.35771,1.88,1.32
2013.01.30 10:43:48.555,1.35756,1.35774,1.50,1.32
2013.01.30 10:43:50.057,1.35756,1.35774,1.50,1.32
2013.01.30 10:43:51.655,1.35756,1.35774,1.50,1.32
2013.01.30 10:43:52.299,1.35755,1.35773,1.65,1.32
2013.01.30 10:43:52.855,1.35755,1.35773,1.65,1.32
2013.01.30 10:43:53.616,1.3576,1.35775,1.32,2.82
2013.01.30 10:43:53.675,1.35764,1.35775,1.32,2.07
2013.01.30 10:43:53.740,1.35764,1.35775,2.07,1.32
2013.01.30 10:43:53.806,1.35765,1.35784,1.50,3.00
2013.01.30 10:43:54.635,1.35768,1.3578,1.50,1.32
2013.01.30 10:43:54.695,1.35765,1.3578,2.25,1.32
2013.01.30 10:43:54.755,1.35763,1.3578,2.25,1.32
2013.01.30 10:43:55.846,1.35762,1.3578,1.50,1.32
2013.01.30 10:43:56.245,1.35764,1.35783,2.25,1.50
2013.01.30 10:43:56.365,1.35766,1.35785,1.50,1.65
2013.01.30 10:43:59.205,1.35766,1.35785,1.50,1.65
2013.01.30 10:43:59.266,1.35768,1.35787,1.32,1.50
2013.01.30 10:43:59.327,1.3577,1.35789,1.50,1.50
2013.01.30 10:43:59.456,1.35774,1.35791,1.50,1.88
2013.01.30 10:43:59.985,1.35774,1.35791,1.50,1.50
2013.01.30 10:44:01.270,1.35774,1.35793,1.50,1.05
2013.01.30 10:44:02.179,1.35774,1.35793,1.50,1.05
2013.01.30 10:44:03.215,1.35774,1.35793,1.50,1.05
2013.01.30 10:44:09.244,1.35774,1.35793,1.50,1.05
2013.01.30 10:44:10.365,1.35774,1.35794,1.50,2.44
2013.01.30 10:44:13.834,1.35772,1.35792,1.73,1.50
2013.01.30 10:44:16.196,1.35772,1.35792,1.73,1.65
2013.01.30 10:44:16.555,1.35769,1.35786,1.13,1.50
2013.01.30 10:44:18.705,1.35769,1.35786,1.13,1.50
2013.01.30 10:44:19.386,1.35769,1.35787,1.35,2.07
2013.01.30 10:44:20.908,1.35769,1.35786,3.12,1.50
2013.01.30 10:44:21.367,1.35772,1.35788,1.73,1.50
2013.01.30 10:44:21.458,1.35766,1.35781,1.73,1.47
2013.01.30 10:44:22.015,1.35762,1.35779,1.50,1.50
2013.01.30 10:44:22.256,1.35765,1.35784,2.48,1.13
2013.01.30 10:44:22.316,1.35765,1.35784,2.48,1.88
2013.01.30 10:44:23.526,1.35765,1.35783,1.73,1.88
2013.01.30 10:44:23.771,1.35761,1.35781,2.29,1.47
2013.01.30 10:44:23.899,1.35761,1.35781,1.73,1.47
2013.01.30 10:44:24.325,1.35758,1.35778,3.19,1.50
2013.01.30 10:44:25.086,1.35763,1.35778,1.50,1.50
2013.01.30 10:44:25.325,1.35766,1.35783,1.50,1.13
2013.01.30 10:44:28.175,1.35766,1.35782,1.50,1.65
2013.01.30 10:44:28.618,1.35764,1.35779,1.73,1.50
2013.01.30 10:44:28.747,1.35762,1.35782,1.50,2.40
2013.01.30 10:44:28.936,1.35758,1.35778,2.25,1.50
2013.01.30 10:44:29.058,1.35771,1.35779,1.50,2.29
2013.01.30 10:44:29.128,1.35771,1.3578,1.88,2.25
2013.01.30 10:44:29.318,1.35773,1.35787,2.48,1.02
2013.01.30 10:44:29.517,1.35773,1.3579,3.23,1.69
2013.01.30 10:44:29.791,1.35775,1.35792,2.48,1.13
2013.01.30 10:44:30.096,1.35775,1.35795,2.48,2.07
2013.01.30 10:44:30.406,1.35782,1.35797,1.73,2.97
2013.01.30 10:44:30.525,1.35776,1.35797,1.50,2.97
2013.01.30 10:44:30.585,1.35776,1.35794,1.50,1.50
2013.01.30 10:44:30.706,1.35775,1.35796,1.73,1.65
2013.01.30 10:44:31.067,1.35775,1.35795,1.50,1.13
2013.01.30 10:44:31.376,1.35774,1.35795,1.54,2.63
2013.01.30 10:44:31.736,1.35775,1.35796,1.73,1.88
2013.01.30 10:44:32.165,1.35775,1.35796,2.85,1.88
2013.01.30 10:44:32.530,1.35775,1.35796,1.73,1.88
2013.01.30 10:44:32.595,1.35775,1.35796,2.48,1.88
2013.01.30 10:44:33.576,1.35774,1.35795,4.17,1.65
2013.01.30 10:44:33.886,1.35774,1.35793,3.04,1.50
2013.01.30 10:44:34.439,1.35774,1.35794,3.04,1.65
2013.01.30 10:44:34.513,1.35775,1.35796,1.73,1.88
2013.01.30 10:44:35.126,1.35774,1.35794,2.48,1.65
2013.01.30 10:44:35.185,1.35774,1.35794,1.73,2.40
2013.01.30 10:44:35.365,1.35773,1.35792,1.73,1.50
2013.01.30 10:44:35.426,1.35773,1.35794,2.48,1.65
2013.01.30 10:44:35.487,1.35774,1.35794,1.54,1.65
2013.01.30 10:44:36.697,1.35774,1.35795,2.29,3.15
2013.01.30 10:44:36.765,1.35774,1.35794,1.54,1.65
2013.01.30 10:44:36.886,1.35773,1.35793,2.25,2.44
2013.01.30 10:44:37.246,1.35773,1.3579,1.50,1.50
2013.01.30 10:44:37.605,1.35776,1.35792,1.50,1.32
2013.01.30 10:44:37.905,1.35775,1.35792,1.50,1.32
2013.01.30 10:44:50.075,1.35773,1.35794,1.65,2.25
2013.01.30 10:44:50.195,1.35773,1.35791,1.65,1.50
2013.01.30 10:44:55.168,1.35773,1.35791,1.13,1.50
2013.01.30 10:44:55.235,1.35773,1.35792,1.13,1.32
2013.01.30 10:45:03.196,1.35772,1.35793,2.48,1.88
2013.01.30 10:45:11.139,1.35772,1.35793,2.48,1.88
2013.01.30 10:45:18.778,1.35774,1.35793,1.13,1.50
2013.01.30 10:45:19.393,1.35774,1.35793,1.13,1.50
2013.01.30 10:45:23.149,1.35772,1.35793,2.10,1.50
2013.01.30 10:45:23.797,1.35772,1.3579,2.10,1.50
2013.01.30 10:45:25.046,1.35772,1.35791,2.10,2.25
2013.01.30 10:45:25.935,1.35772,1.35791,2.10,2.25
2013.01.30 10:45:26.525,1.35773,1.35792,2.40,1.50
2013.01.30 10:45:27.259,1.35773,1.35794,2.40,1.65
2013.01.30 10:45:32.780,1.35773,1.35794,2.40,1.65
2013.01.30 10:45:35.075,1.35773,1.35794,2.40,1.65
2013.01.30 10:45:35.346,1.35773,1.35794,2.63,1.65
2013.01.30 10:45:35.679,1.35778,1.35794,1.54,1.50
2013.01.30 10:45:35.985,1.35778,1.3579,1.54,1.50
2013.01.30 10:45:36.047,1.35778,1.35794,1.54,1.50
2013.01.30 10:45:36.105,1.35778,1.35795,1.54,2.63
2013.01.30 10:45:36.816,1.35778,1.35796,1.54,1.50
2013.01.30 10:45:37.341,1.35778,1.35796,1.54,2.07
2013.01.30 10:45:37.925,1.35778,1.35796,1.54,2.25
2013.01.30 10:45:41.688,1.35778,1.35798,1.54,2.97
2013.01.30 10:45:42.485,1.35779,1.35798,1.73,2.22
2013.01.30 10:45:42.606,1.35779,1.35797,1.73,1.65
2013.01.30 10:45:53.296,1.35779,1.35798,2.48,1.65
2013.01.30 10:46:03.686,1.3578,1.35797,1.13,1.50
2013.01.30 10:46:06.545,1.3578,1.35797,1.13,1.50
2013.01.30 10:46:07.777,1.35778,1.35792,1.35,1.50
2013.01.30 10:46:07.847,1.35778,1.35792,1.35,1.50
2013.01.30 10:46:09.216,1.35774,1.35791,1.13,1.50
2013.01.30 10:46:11.439,1.35776,1.35792,1.73,1.50
2013.01.30 10:46:11.571,1.35776,1.35793,1.73,1.50
2013.01.30 10:46:12.103,1.35776,1.35796,1.73,2.78
2013.01.30 10:46:12.192,1.35776,1.35796,1.73,1.47
2013.01.30 10:46:12.377,1.35775,1.35792,1.73,1.32
2013.01.30 10:46:17.736,1.35773,1.35792,1.13,1.50
2013.01.30 10:46:18.370,1.35773,1.35792,1.13,1.50
2013.01.30 10:46:22.486,1.35773,1.35791,1.13,1.50
2013.01.30 10:46:23.456,1.35772,1.3579,1.13,1.50
2013.01.30 10:46:30.190,1.35771,1.3579,1.13,1.65
2013.01.30 10:46:30.978,1.35773,1.35792,1.73,1.88
2013.01.30 10:46:32.195,1.35773,1.35792,1.73,1.88
2013.01.30 10:46:33.055,1.35771,1.35792,2.63,2.63
2013.01.30 10:46:33.175,1.35771,1.35789,2.63,1.50
2013.01.30 10:46:34.283,1.35771,1.35789,1.88,1.50
2013.01.30 10:46:35.118,1.35771,1.3579,1.13,2.40
2013.01.30 10:46:35.827,1.35771,1.3579,1.13,1.65
2013.01.30 10:46:36.366,1.35771,1.35789,1.69,1.50
2013.01.30 10:46:37.518,1.35771,1.35788,1.69,1.50
2013.01.30 10:46:38.296,1.35771,1.35789,1.13,1.50
2013.01.30 10:46:41.950,1.35771,1.35788,1.73,2.07
2013.01.30 10:46:42.136,1.35768,1.35788,1.65,2.29
2013.01.30 10:46:42.376,1.35767,1.35786,1.13,1.50
2013.01.30 10:46:42.915,1.35769,1.35786,1.13,1.50
2013.01.30 10:46:43.417,1.35769,1.35786,1.13,1.50
2013.01.30 10:46:47.206,1.3577,1.35788,1.35,2.07
2013.01.30 10:46:47.508,1.35774,1.35792,1.73,1.65
2013.01.30 10:46:47.905,1.35775,1.35794,1.73,1.88
2013.01.30 10:47:00.447,1.35774,1.35794,1.73,1.88
2013.01.30 10:47:00.637,1.35771,1.3579,2.10,2.07
2013.01.30 10:47:01.175,1.35771,1.35789,2.10,1.32
2013.01.30 10:47:01.852,1.35768,1.35788,1.13,1.73
2013.01.30 10:47:04.398,1.35768,1.35788,1.13,1.73
2013.01.30 10:47:07.692,1.35768,1.35788,1.13,1.73
2013.01.30 10:47:08.867,1.35771,1.35789,1.13,1.65
2013.01.30 10:47:09.001,1.35775,1.35789,2.07,1.65
2013.01.30 10:47:09.333,1.35777,1.35796,1.50,1.28
2013.01.30 10:47:09.396,1.35777,1.35796,1.50,1.28
2013.01.30 10:47:11.156,1.35777,1.35796,1.50,1.28
2013.01.30 10:47:16.617,1.35777,1.35794,1.50,1.28
2013.01.30 10:47:18.365,1.35777,1.35794,1.50,1.13
2013.01.30 10:47:23.283,1.35777,1.35798,2.29,1.88
2013.01.30 10:47:27.616,1.35778,1.35798,1.73,1.28
2013.01.30 10:47:28.626,1.3578,1.35798,1.73,1.28
2013.01.30 10:47:40.592,1.35783,1.35803,1.73,2.03
2013.01.30 10:47:40.917,1.35786,1.35803,1.54,1.28
2013.01.30 10:47:41.491,1.35789,1.35805,1.73,1.28
2013.01.30 10:47:42.035,1.35786,1.35806,3.04,2.03
2013.01.30 10:47:43.731,1.35786,1.35806,3.04,2.03
2013.01.30 10:47:44.709,1.35786,1.35806,3.04,2.03
2013.01.30 10:47:51.667,1.35789,1.35808,1.73,1.13
2013.01.30 10:47:51.787,1.3579,1.35808,1.73,1.13
2013.01.30 10:47:52.657,1.35789,1.35807,1.73,1.13
2013.01.30 10:47:54.287,1.35792,1.3581,1.73,1.50
2013.01.30 10:47:54.467,1.35796,1.35815,1.73,1.32
2013.01.30 10:47:54.657,1.35798,1.35818,3.04,1.65
2013.01.30 10:47:54.777,1.35798,1.35818,1.54,1.65
2013.01.30 10:47:54.906,1.35798,1.35819,1.54,2.63
2013.01.30 10:47:56.028,1.358,1.35819,1.54,1.88
2013.01.30 10:47:56.336,1.358,1.35819,2.29,1.13
2013.01.30 10:47:57.007,1.35801,1.3582,1.17,1.50
2013.01.30 10:47:57.631,1.35806,1.35821,1.54,1.73
2013.01.30 10:47:57.707,1.35796,1.35815,2.10,1.50
2013.01.30 10:47:57.780,1.35795,1.35815,1.54,1.50
2013.01.30 10:47:57.997,1.35795,1.35815,1.54,1.50
2013.01.30 10:47:58.588,1.35797,1.35817,1.73,4.13
2013.01.30 10:47:59.244,1.35795,1.35815,1.54,1.50
2013.01.30 10:48:00.247,1.35796,1.35817,1.54,3.38
2013.01.30 10:48:00.419,1.35797,1.35817,1.73,2.63
2013.01.30 10:48:01.195,1.35797,1.35817,1.73,2.25
2013.01.30 10:48:01.847,1.35798,1.35817,1.73,1.13
2013.01.30 10:48:02.156,1.35802,1.3582,1.73,1.88
2013.01.30 10:48:06.506,1.35803,1.35824,1.13,3.30
2013.01.30 10:48:06.686,1.35803,1.35824,1.13,2.55
2013.01.30 10:48:06.808,1.35807,1.35824,1.54,1.80
2013.01.30 10:48:07.697,1.35807,1.35826,1.54,1.28
2013.01.30 10:48:08.660,1.35807,1.35826,1.54,1.28
2013.01.30 10:48:09.076,1.35807,1.35827,2.29,1.50
2013.01.30 10:48:09.197,1.35808,1.35827,2.10,1.50
2013.01.30 10:48:09.266,1.35811,1.35829,1.73,1.32
2013.01.30 10:48:09.327,1.35811,1.35829,2.48,1.32
2013.01.30 10:48:09.629,1.35813,1.35829,1.73,1.47
2013.01.30 10:48:09.756,1.35813,1.35829,1.73,1.47
2013.01.30 10:48:15.137,1.35814,1.35834,2.48,1.13
2013.01.30 10:48:15.196,1.35816,1.35835,1.13,1.50
2013.01.30 10:48:15.635,1.35817,1.35836,1.73,1.32
2013.01.30 10:48:15.695,1.35817,1.35836,1.73,1.32
2013.01.30 10:48:16.000,1.35822,1.35836,1.73,1.32
2013.01.30 10:48:16.307,1.35824,1.35836,2.29,1.32
2013.01.30 10:48:17.193,1.3583,1.3584,1.32,1.13
2013.01.30 10:48:17.387,1.3583,1.35841,1.54,1.50
2013.01.30 10:48:17.928,1.35829,1.35845,1.32,2.25
2013.01.30 10:48:17.996,1.35829,1.35845,1.32,1.58
2013.01.30 10:48:18.063,1.35829,1.35842,1.54,1.43
2013.01.30 10:48:19.056,1.35828,1.3584,1.54,1.95
2013.01.30 10:48:19.596,1.35825,1.3584,2.48,1.20
2013.01.30 10:48:20.389,1.35825,1.35839,1.73,1.58
2013.01.30 10:48:20.459,1.35826,1.35841,1.95,1.13
2013.01.30 10:48:20.907,1.35827,1.35842,2.29,1.20
2013.01.30 10:48:22.493,1.35827,1.35843,2.29,2.09
2013.01.30 10:48:22.998,1.35827,1.35843,1.50,2.09
2013.01.30 10:48:23.976,1.35828,1.35847,1.73,3.08
2013.01.30 10:48:24.057,1.3583,1.35851,2.29,1.50
2013.01.30 10:48:24.694,1.3583,1.35851,1.54,1.50
2013.01.30 10:48:24.754,1.3583,1.35851,1.54,1.50
2013.01.30 10:48:25.855,1.3583,1.35851,1.54,1.50
2013.01.30 10:48:25.975,1.35829,1.35846,1.73,1.50
2013.01.30 10:48:26.099,1.35827,1.35846,1.54,1.50
2013.01.30 10:48:26.167,1.35828,1.35846,1.54,1.88
2013.01.30 10:48:26.298,1.35829,1.35846,1.73,1.88
2013.01.30 10:48:26.367,1.35829,1.35846,1.73,1.88
2013.01.30 10:48:26.436,1.35829,1.35846,1.73,1.88
2013.01.30 10:48:26.926,1.35827,1.35846,2.29,1.50
2013.01.30 10:48:27.860,1.35825,1.35841,1.54,1.50
2013.01.30 10:48:27.998,1.35825,1.35844,1.54,1.50
2013.01.30 10:48:29.035,1.35826,1.35846,1.73,1.50
2013.01.30 10:48:31.716,1.35824,1.35844,2.85,1.50
2013.01.30 10:48:32.159,1.35829,1.35848,1.54,1.50
2013.01.30 10:48:32.697,1.35831,1.3585,2.29,1.65
2013.01.30 10:48:33.746,1.35831,1.35851,3.04,1.65
2013.01.30 10:48:35.386,1.35831,1.35852,2.29,2.63
2013.01.30 10:48:35.718,1.35829,1.35847,1.35,1.50
2013.01.30 10:48:36.097,1.35825,1.35844,2.29,1.50
2013.01.30 10:48:36.226,1.35825,1.35844,2.29,1.50
2013.01.30 10:48:36.346,1.35825,1.35844,3.60,1.50
2013.01.30 10:48:36.536,1.35827,1.35846,1.54,1.13
2013.01.30 10:48:36.597,1.35827,1.35846,1.54,1.13
2013.01.30 10:48:40.117,1.35821,1.35843,1.73,2.82
2013.01.30 10:48:40.431,1.3582,1.35841,1.73,2.25
2013.01.30 10:48:42.297,1.35824,1.35843,1.54,1.50
2013.01.30 10:48:42.356,1.35824,1.35842,1.54,1.50
2013.01.30 10:48:42.736,1.35824,1.35845,1.54,2.25
2013.01.30 10:48:43.836,1.35825,1.35843,1.73,1.50
2013.01.30 10:48:45.407,1.35822,1.35841,2.10,1.50
2013.01.30 10:48:45.587,1.35822,1.35841,1.35,1.50
2013.01.30 10:48:45.925,1.35822,1.35841,1.13,1.50
2013.01.30 10:48:45.986,1.3582,1.35841,2.10,1.50
2013.01.30 10:48:46.045,1.3582,1.35841,1.54,3.00
2013.01.30 10:48:46.357,1.3582,1.35838,1.54,1.50
2013.01.30 10:48:46.748,1.35818,1.35835,1.35,1.50
2013.01.30 10:48:48.008,1.35815,1.35835,1.54,2.25
2013.01.30 10:48:48.079,1.35814,1.35831,1.35,1.50
2013.01.30 10:48:48.638,1.35811,1.35828,1.13,1.50
2013.01.30 10:48:48.956,1.35816,1.35832,2.44,1.50
2013.01.30 10:48:49.077,1.35816,1.35832,1.69,1.50
2013.01.30 10:48:51.386,1.35817,1.35834,1.54,1.50
2013.01.30 10:48:52.020,1.35817,1.35834,1.32,1.50
2013.01.30 10:48:52.536,1.35817,1.35834,1.32,2.25
2013.01.30 10:48:54.046,1.35814,1.35834,2.22,2.25
2013.01.30 10:48:54.167,1.35819,1.35836,1.32,1.88
2013.01.30 10:48:54.367,1.3582,1.35838,1.73,1.50
2013.01.30 10:48:54.437,1.3582,1.3584,1.73,1.50
2013.01.30 10:48:54.856,1.35821,1.35843,1.73,1.65
2013.01.30 10:48:56.215,1.35822,1.35843,1.32,1.65
2013.01.30 10:48:56.630,1.35824,1.35843,1.73,1.65
2013.01.30 10:48:57.208,1.35826,1.35845,1.32,1.13
2013.01.30 10:48:57.275,1.35826,1.35845,1.32,1.13
2013.01.30 10:48:57.696,1.35827,1.35845,1.73,1.13
2013.01.30 10:48:58.978,1.35826,1.35845,1.32,1.13
2013.01.30 10:49:01.793,1.35826,1.35846,1.32,1.13
2013.01.30 10:49:02.975,1.35826,1.35847,1.50,2.44
2013.01.30 10:49:03.526,1.35825,1.35845,1.73,1.50
2013.01.30 10:49:03.587,1.35825,1.35845,1.73,1.50
2013.01.30 10:49:03.707,1.35824,1.35845,1.54,1.50
2013.01.30 10:49:05.728,1.35823,1.35843,1.32,1.50
2013.01.30 10:49:06.797,1.35822,1.35843,2.85,2.25
2013.01.30 10:49:07.278,1.35821,1.35842,1.73,1.50
2013.01.30 10:49:07.625,1.35819,1.3584,2.22,3.08
2013.01.30 10:49:07.692,1.35819,1.3584,2.44,2.85
2013.01.30 10:49:08.237,1.35821,1.3584,1.73,1.50
2013.01.30 10:49:08.897,1.35819,1.3584,1.13,2.25
2013.01.30 10:49:08.956,1.35819,1.35839,1.13,1.50
2013.01.30 10:49:09.899,1.35816,1.35836,2.48,1.88
2013.01.30 10:49:10.504,1.35816,1.35834,2.48,1.50
2013.01.30 10:49:12.776,1.35816,1.35835,1.17,1.50
2013.01.30 10:49:13.016,1.35815,1.35835,2.67,1.50
2013.01.30 10:49:13.267,1.35817,1.35836,1.69,1.50
2013.01.30 10:49:13.461,1.3582,1.35839,1.73,1.50
2013.01.30 10:49:13.706,1.3582,1.35841,1.73,2.25
2013.01.30 10:49:14.541,1.35819,1.3584,1.88,1.50
2013.01.30 10:49:17.052,1.35818,1.35839,2.29,2.25
2013.01.30 10:49:18.735,1.35821,1.3584,1.54,2.25
2013.01.30 10:49:21.490,1.35821,1.3584,1.54,2.25
2013.01.30 10:49:52.933,1.35819,1.35839,3.79,3.00
2013.01.30 10:49:53.073,1.35816,1.35835,1.50,1.50
2013.01.30 10:49:53.140,1.35813,1.35835,2.82,1.50
2013.01.30 10:49:53.210,1.35812,1.35832,1.50,1.50
2013.01.30 10:49:53.867,1.35813,1.35832,2.07,1.50
2013.01.30 10:49:55.017,1.35814,1.35832,2.07,1.50
2013.01.30 10:49:55.326,1.35819,1.35836,1.54,2.25
2013.01.30 10:49:55.528,1.35819,1.35836,1.54,1.50
2013.01.30 10:50:05.706,1.35821,1.35838,1.54,1.50
2013.01.30 10:50:06.277,1.3582,1.35836,2.10,1.50
2013.01.30 10:50:06.467,1.35817,1.35833,1.73,1.50
2013.01.30 10:50:06.526,1.35817,1.35833,1.50,1.50
2013.01.30 10:50:06.587,1.35813,1.35833,2.82,1.50
2013.01.30 10:50:07.456,1.35812,1.3583,1.32,1.50
2013.01.30 10:50:07.629,1.35811,1.3583,2.85,1.50
2013.01.30 10:50:07.817,1.35811,1.3583,3.04,1.50
2013.01.30 10:50:11.046,1.35811,1.35833,3.04,1.50
2013.01.30 10:50:21.846,1.35811,1.35833,3.04,3.00
2013.01.30 10:50:21.906,1.35811,1.3583,2.29,1.50
2013.01.30 10:50:24.069,1.35809,1.3583,2.29,3.00
2013.01.30 10:50:24.628,1.35807,1.35823,1.35,1.50
2013.01.30 10:50:25.338,1.35807,1.35823,1.13,1.50
2013.01.30 10:50:25.894,1.35806,1.35823,1.35,1.50
2013.01.30 10:50:26.607,1.35804,1.35823,3.04,1.50
2013.01.30 10:50:27.171,1.35804,1.35823,1.54,1.50
2013.01.30 10:50:29.497,1.35805,1.35826,2.48,1.13
2013.01.30 10:50:29.738,1.3581,1.35828,1.50,1.17
2013.01.30 10:50:29.807,1.35811,1.3583,1.50,1.73
2013.01.30 10:50:29.870,1.35812,1.3583,1.50,1.73
2013.01.30 10:50:29.938,1.35812,1.35831,2.48,1.13
2013.01.30 10:50:30.187,1.35813,1.35832,1.50,1.32
2013.01.30 10:50:30.849,1.35814,1.35835,3.04,1.50
2013.01.30 10:50:31.267,1.35816,1.35836,1.73,1.13
2013.01.30 10:50:31.396,1.35816,1.35836,2.48,1.13
2013.01.30 10:50:31.576,1.35821,1.3584,2.29,1.50
2013.01.30 10:50:31.953,1.35823,1.35843,1.50,1.50
2013.01.30 10:50:32.614,1.35823,1.35843,1.50,1.50
2013.01.30 10:50:34.736,1.35824,1.35844,1.50,2.07
2013.01.30 10:50:35.416,1.35824,1.35844,3.79,1.50
2013.01.30 10:50:35.673,1.35824,1.35847,3.79,2.44
2013.01.30 10:50:37.427,1.35825,1.35847,1.73,1.69
2013.01.30 10:50:38.107,1.35827,1.35847,2.48,1.69
2013.01.30 10:50:38.847,1.35827,1.35847,2.48,1.69
2013.01.30 10:50:39.566,1.35827,1.35847,2.48,1.13
2013.01.30 10:50:40.108,1.35829,1.35851,1.50,2.10
2013.01.30 10:50:40.238,1.35829,1.35851,3.00,2.10
2013.01.30 10:50:40.604,1.35832,1.35854,1.50,2.22
2013.01.30 10:50:41.167,1.35831,1.35853,1.54,2.63
2013.01.30 10:50:41.687,1.35831,1.35853,3.04,1.65
2013.01.30 10:50:43.206,1.35832,1.35854,2.25,2.97
2013.01.30 10:50:43.664,1.35833,1.35854,1.50,2.22
2013.01.30 10:50:43.850,1.35835,1.35857,1.50,2.48
2013.01.30 10:50:46.212,1.35837,1.35857,1.54,1.50
2013.01.30 10:50:46.517,1.35838,1.35851,1.50,2.07
2013.01.30 10:50:48.766,1.35836,1.35857,1.50,1.73
2013.01.30 10:50:48.825,1.35836,1.35857,1.73,1.73
2013.01.30 10:50:49.006,1.35836,1.35857,3.79,1.73
2013.01.30 10:50:49.307,1.35841,1.35856,3.79,1.50
2013.01.30 10:50:49.617,1.35845,1.3586,1.32,1.32
2013.01.30 10:50:49.679,1.35844,1.3586,1.50,1.32
2013.01.30 10:50:50.958,1.35845,1.35863,1.50,1.50
2013.01.30 10:50:51.029,1.35847,1.35863,1.50,1.50
2013.01.30 10:50:51.098,1.35847,1.35867,1.50,1.54
2013.01.30 10:50:51.238,1.3585,1.35868,1.54,1.50
2013.01.30 10:50:51.553,1.35854,1.35869,1.50,2.25
2013.01.30 10:50:52.036,1.35858,1.35876,1.32,1.73
2013.01.30 10:50:52.537,1.35857,1.35877,1.73,1.32
2013.01.30 10:50:52.894,1.35857,1.35878,2.29,1.50
2013.01.30 10:50:52.965,1.35859,1.35878,2.48,1.50
2013.01.30 10:50:53.719,1.35863,1.35878,1.50,1.50
2013.01.30 10:50:53.894,1.35866,1.35883,2.07,1.13
2013.01.30 10:50:54.458,1.35864,1.35886,2.48,2.25
2013.01.30 10:50:54.542,1.35868,1.3589,1.54,3.57
2013.01.30 10:50:54.785,1.35868,1.3589,1.54,3.00
2013.01.30 10:50:55.109,1.35865,1.35884,2.82,2.03
2013.01.30 10:50:55.176,1.35865,1.35884,2.82,2.03
2013.01.30 10:50:55.356,1.35866,1.35883,1.32,1.13
2013.01.30 10:50:56.657,1.35867,1.35886,3.23,1.88
2013.01.30 10:50:56.782,1.35866,1.35884,1.50,1.13
2013.01.30 10:50:56.966,1.35862,1.35882,3.04,1.65
2013.01.30 10:50:57.386,1.35862,1.35881,1.47,1.50
2013.01.30 10:50:57.827,1.3586,1.35881,1.32,3.04
2013.01.30 10:50:57.950,1.35858,1.3588,2.22,2.07
2013.01.30 10:50:58.283,1.35857,1.35877,1.32,1.73
2013.01.30 10:50:58.347,1.35857,1.35877,1.32,1.50
2013.01.30 10:50:58.648,1.35859,1.35879,1.32,2.48
2013.01.30 10:50:59.019,1.35859,1.35879,1.32,3.98
2013.01.30 10:50:59.780,1.35859,1.35879,1.32,2.48
2013.01.30 10:50:59.924,1.35857,1.35874,1.32,1.13
2013.01.30 10:51:00.428,1.35857,1.35877,1.32,1.73
2013.01.30 10:51:00.807,1.35857,1.35878,2.07,1.73
2013.01.30 10:51:00.878,1.3586,1.35881,1.88,2.48
2013.01.30 10:51:00.948,1.3586,1.35881,2.63,1.73
2013.01.30 10:51:01.076,1.3586,1.35881,2.25,3.04
2013.01.30 10:51:01.141,1.35859,1.3588,1.50,1.73
2013.01.30 10:51:01.506,1.35856,1.35878,1.28,3.23
2013.01.30 10:51:01.626,1.35858,1.35878,1.32,3.23
2013.01.30 10:51:01.686,1.35858,1.35878,2.07,2.48
2013.01.30 10:51:04.116,1.35859,1.35878,1.50,1.73
2013.01.30 10:51:04.906,1.35859,1.35879,2.25,1.73
2013.01.30 10:51:05.134,1.35859,1.35878,1.50,1.73
2013.01.30 10:51:07.217,1.3586,1.35879,1.32,1.73
2013.01.30 10:51:07.658,1.35863,1.35879,5.07,1.73
2013.01.30 10:51:08.028,1.35866,1.35883,1.50,1.65
2013.01.30 10:51:08.738,1.35866,1.35883,1.50,1.65
2013.01.30 10:51:08.868,1.35869,1.35887,1.32,1.50
2013.01.30 10:51:09.048,1.35871,1.35888,2.25,2.48
2013.01.30 10:51:09.177,1.35871,1.35891,2.25,2.48
2013.01.30 10:51:09.537,1.35869,1.35891,2.22,1.50
2013.01.30 10:51:09.729,1.35872,1.35891,1.50,1.73
2013.01.30 10:51:09.860,1.35876,1.35893,2.40,1.73
2013.01.30 10:51:09.988,1.35876,1.35894,2.63,1.50
2013.01.30 10:51:10.059,1.35876,1.35896,3.38,1.50
2013.01.30 10:51:10.741,1.35877,1.35896,1.54,1.50
2013.01.30 10:51:10.838,1.35879,1.35897,1.54,1.50
2013.01.30 10:51:11.222,1.35885,1.35902,1.54,3.00
2013.01.30 10:51:11.350,1.35885,1.35902,1.54,3.00
2013.01.30 10:51:11.537,1.35879,1.35902,1.50,1.32
2013.01.30 10:51:11.607,1.35879,1.35903,3.04,4.13
2013.01.30 10:51:11.909,1.35885,1.35904,2.29,1.50
2013.01.30 10:51:12.278,1.35885,1.35902,2.10,1.50
2013.01.30 10:51:12.350,1.35885,1.35904,2.10,1.88
2013.01.30 10:51:12.597,1.35886,1.35905,1.54,1.65
2013.01.30 10:51:12.777,1.35886,1.35906,1.54,1.65
2013.01.30 10:51:13.717,1.35888,1.35909,1.54,1.80
2013.01.30 10:51:14.136,1.35888,1.35909,1.54,1.05
2013.01.30 10:51:14.829,1.35887,1.35908,2.29,1.05
2013.01.30 10:51:15.138,1.35884,1.35905,1.32,1.13
2013.01.30 10:51:15.448,1.35887,1.35904,1.88,1.13
2013.01.30 10:51:15.529,1.35887,1.35908,1.88,3.30
2013.01.30 10:51:15.674,1.35885,1.35906,2.07,1.13
2013.01.30 10:51:15.741,1.35885,1.35906,2.07,1.13
2013.01.30 10:51:15.809,1.35885,1.35904,1.32,1.13
2013.01.30 10:51:16.237,1.35882,1.35903,2.07,1.50
2013.01.30 10:51:17.156,1.35881,1.35902,1.32,2.25
2013.01.30 10:51:17.729,1.35879,1.35901,2.82,1.50
2013.01.30 10:51:17.924,1.35879,1.359,1.32,2.25
2013.01.30 10:51:18.486,1.35879,1.35899,2.10,2.25
2013.01.30 10:51:18.547,1.35881,1.359,1.32,1.50
2013.01.30 10:51:19.020,1.35881,1.35902,1.32,1.50
2013.01.30 10:51:19.102,1.3588,1.35901,1.32,1.50
2013.01.30 10:51:19.406,1.35879,1.35899,1.54,1.50
2013.01.30 10:51:19.587,1.35878,1.35898,1.54,1.50
2013.01.30 10:51:19.648,1.35875,1.35898,2.44,2.25
2013.01.30 10:51:19.716,1.35875,1.35895,2.44,1.50
2013.01.30 10:51:19.776,1.35876,1.35895,4.50,1.50
2013.01.30 10:51:20.257,1.35875,1.35894,2.07,1.13
2013.01.30 10:51:20.501,1.35873,1.35893,1.54,1.88
2013.01.30 10:51:20.626,1.35872,1.35893,1.32,2.63
2013.01.30 10:51:21.127,1.35871,1.35892,1.54,1.65
2013.01.30 10:51:21.539,1.35869,1.35884,2.10,1.50
2013.01.30 10:51:21.609,1.35869,1.35887,2.10,1.50
2013.01.30 10:51:21.834,1.35869,1.35888,2.29,1.50
2013.01.30 10:51:21.906,1.35868,1.35886,1.65,1.50
2013.01.30 10:51:23.558,1.35869,1.35886,1.32,1.50
2013.01.30 10:51:23.628,1.3587,1.35888,1.54,1.50
2013.01.30 10:51:24.008,1.35866,1.35888,2.48,1.32
2013.01.30 10:51:24.079,1.35866,1.35887,2.25,1.13
2013.01.30 10:51:24.587,1.35866,1.35883,2.07,1.13
2013.01.30 10:51:25.969,1.35869,1.35886,1.32,1.73
2013.01.30 10:51:26.160,1.35869,1.3589,2.82,1.73
2013.01.30 10:51:26.289,1.35869,1.3589,2.82,1.73
2013.01.30 10:51:26.843,1.35869,1.3589,1.32,3.23
2013.01.30 10:51:27.178,1.35866,1.35888,1.50,1.73
2013.01.30 10:51:28.414,1.35867,1.35887,1.50,1.50
2013.01.30 10:51:29.422,1.35867,1.35889,1.50,2.82
2013.01.30 10:51:29.936,1.35867,1.35889,3.04,1.50
2013.01.30 10:51:30.718,1.35867,1.35887,2.29,1.50
2013.01.30 10:51:30.921,1.35867,1.35887,1.32,2.25
2013.01.30 10:51:31.106,1.35867,1.35886,1.32,1.13
2013.01.30 10:51:31.646,1.35867,1.35886,1.47,1.88
2013.01.30 10:51:32.186,1.35866,1.35886,1.65,1.88
2013.01.30 10:51:32.835,1.35867,1.35886,1.65,1.88
2013.01.30 10:51:33.354,1.35867,1.35886,1.47,1.88
2013.01.30 10:51:33.680,1.35867,1.35886,1.32,2.25
2013.01.30 10:51:34.256,1.35867,1.35886,1.32,1.50
2013.01.30 10:51:37.768,1.35868,1.35886,1.73,1.13
2013.01.30 10:51:38.306,1.3587,1.35886,1.73,1.13
2013.01.30 10:51:39.798,1.3587,1.35889,1.54,1.13
2013.01.30 10:51:40.868,1.35868,1.35889,2.89,1.13
2013.01.30 10:51:42.077,1.35868,1.35886,1.50,1.13
2013.01.30 10:51:42.967,1.35866,1.35884,1.32,1.13
2013.01.30 10:51:43.745,1.35866,1.35884,1.32,1.13
2013.01.30 10:51:44.377,1.35866,1.35884,1.32,1.13
2013.01.30 10:51:46.226,1.35866,1.35884,1.32,1.13
2013.01.30 10:51:48.346,1.35866,1.35884,1.32,1.13
2013.01.30 10:51:48.872,1.35867,1.35886,1.50,1.50
2013.01.30 10:51:49.949,1.35867,1.35887,2.07,1.73
2013.01.30 10:51:50.308,1.35867,1.35887,2.07,1.73
2013.01.30 10:51:50.649,1.35866,1.35884,1.32,2.63
2013.01.30 10:51:50.957,1.35859,1.35881,1.13,1.73
2013.01.30 10:51:52.229,1.35858,1.3588,2.44,1.73
2013.01.30 10:51:54.386,1.3586,1.35881,1.13,3.57
2013.01.30 10:51:55.009,1.35863,1.35882,1.65,1.73
2013.01.30 10:51:55.081,1.35868,1.35882,1.32,1.73
2013.01.30 10:51:55.387,1.35868,1.35887,1.32,2.48
2013.01.30 10:51:55.898,1.35868,1.35887,1.32,1.65
2013.01.30 10:51:56.947,1.35868,1.35888,2.82,1.13
2013.01.30 10:51:57.486,1.35868,1.35888,2.82,1.13
2013.01.30 10:51:57.546,1.35868,1.35888,2.82,1.13
2013.01.30 10:51:57.608,1.35871,1.35889,1.32,1.88
2013.01.30 10:51:58.457,1.35875,1.35896,6.00,1.88
2013.01.30 10:51:58.534,1.35875,1.35896,2.25,1.88
2013.01.30 10:52:00.433,1.35875,1.35894,1.32,1.13
2013.01.30 10:52:00.806,1.35874,1.35892,1.32,1.13
2013.01.30 10:52:01.238,1.35874,1.3589,1.32,1.50
2013.01.30 10:52:01.666,1.3587,1.35889,2.07,1.73
2013.01.30 10:52:02.280,1.3587,1.35887,2.07,1.50
2013.01.30 10:52:02.820,1.3587,1.35887,2.07,1.50
2013.01.30 10:52:03.807,1.3587,1.35887,2.07,1.50
2013.01.30 10:52:05.247,1.3587,1.35887,1.50,1.50
2013.01.30 10:52:06.239,1.3587,1.35887,1.50,1.50
2013.01.30 10:52:07.223,1.3587,1.35885,1.50,1.50
2013.01.30 10:52:08.245,1.35868,1.35885,2.03,1.50
2013.01.30 10:52:09.086,1.35871,1.35888,1.50,1.50
2013.01.30 10:52:09.628,1.35871,1.35888,1.50,1.50
2013.01.30 10:52:12.163,1.35871,1.35887,1.50,1.50
2013.01.30 10:52:12.715,1.35868,1.35885,2.07,1.50
2013.01.30 10:52:13.099,1.35868,1.35881,1.32,1.50
2013.01.30 10:52:13.257,1.35867,1.35881,1.88,1.50
2013.01.30 10:52:13.499,1.35864,1.35881,2.63,1.50
2013.01.30 10:52:13.807,1.35864,1.35879,1.13,1.50
2013.01.30 10:52:13.872,1.35859,1.35879,1.50,1.73
2013.01.30 10:52:13.937,1.35859,1.35879,1.50,1.73
2013.01.30 10:52:14.179,1.35859,1.35877,1.50,1.73
2013.01.30 10:52:14.947,1.35859,1.35875,1.50,1.50
2013.01.30 10:52:16.825,1.35859,1.35875,1.50,1.50
2013.01.30 10:52:17.549,1.35855,1.35875,2.07,1.73
2013.01.30 10:52:19.746,1.35857,1.35875,1.50,1.50
2013.01.30 10:52:20.268,1.35854,1.35873,1.32,1.50
2013.01.30 10:52:20.578,1.35845,1.35865,1.32,1.50
2013.01.30 10:52:20.767,1.35844,1.35865,1.88,1.73
2013.01.30 10:52:21.417,1.35845,1.35865,1.50,3.23
2013.01.30 10:52:21.748,1.35844,1.35863,1.32,4.35
2013.01.30 10:52:21.879,1.35838,1.35859,3.72,1.73
2013.01.30 10:52:21.947,1.35838,1.35859,3.19,1.50
2013.01.30 10:52:22.066,1.35844,1.35861,1.50,1.32
2013.01.30 10:52:22.307,1.35845,1.35865,1.32,1.73
2013.01.30 10:52:22.727,1.35849,1.35869,1.65,1.32
2013.01.30 10:52:22.787,1.35851,1.35869,1.32,1.32
2013.01.30 10:52:22.968,1.35846,1.35865,1.13,1.73
2013.01.30 10:52:23.037,1.35845,1.35864,1.32,1.73
2013.01.30 10:52:23.596,1.35843,1.35864,2.07,1.73
2013.01.30 10:52:24.163,1.35845,1.35864,1.32,1.50
2013.01.30 10:52:24.233,1.35848,1.35868,1.50,1.54
2013.01.30 10:52:24.757,1.35848,1.35868,1.50,1.54
2013.01.30 10:52:24.828,1.3585,1.35871,1.13,1.88
2013.01.30 10:52:25.008,1.35854,1.35874,2.25,1.50
2013.01.30 10:52:25.077,1.35857,1.35876,1.32,1.50
2013.01.30 10:52:25.388,1.35859,1.35879,2.25,1.35
2013.01.30 10:52:26.071,1.35859,1.3588,2.25,2.29
2013.01.30 10:52:27.816,1.35859,1.3588,2.25,1.54
2013.01.30 10:52:28.257,1.35859,1.35877,1.50,1.50
2013.01.30 10:52:28.389,1.3585,1.35871,2.07,1.50
2013.01.30 10:52:28.601,1.3585,1.35868,1.32,1.50
2013.01.30 10:52:30.057,1.3585,1.35871,1.32,1.73
2013.01.30 10:52:30.902,1.35849,1.35868,2.25,1.13
2013.01.30 10:52:31.042,1.35847,1.35867,1.32,1.13
2013.01.30 10:52:32.087,1.35845,1.35866,2.82,1.13
2013.01.30 10:52:33.475,1.35848,1.35868,1.50,2.10
2013.01.30 10:52:34.009,1.35848,1.35867,1.50,1.50
2013.01.30 10:52:34.136,1.35848,1.35868,1.50,1.35
2013.01.30 10:52:34.257,1.3585,1.35871,1.32,2.85
2013.01.30 10:52:34.619,1.35854,1.35873,1.50,1.35
2013.01.30 10:52:34.687,1.35854,1.35875,1.50,1.54
2013.01.30 10:52:35.211,1.35858,1.35875,1.50,1.50
2013.01.30 10:52:36.840,1.35854,1.35875,1.32,1.73
2013.01.30 10:52:37.387,1.35854,1.35875,1.32,1.73
2013.01.30 10:52:38.227,1.35854,1.35874,1.32,2.48
2013.01.30 10:52:38.608,1.3585,1.35871,1.50,1.73
2013.01.30 10:52:38.917,1.35849,1.35865,1.50,1.13
2013.01.30 10:52:39.337,1.35848,1.35865,1.50,1.13
2013.01.30 10:52:39.849,1.35848,1.35865,1.50,1.13
2013.01.30 10:52:41.577,1.35849,1.35868,1.50,1.35
2013.01.30 10:52:41.969,1.3585,1.35868,1.50,1.13
2013.01.30 10:52:42.280,1.35855,1.35875,2.25,1.28
2013.01.30 10:52:43.437,1.35857,1.35877,1.32,1.88
2013.01.30 10:52:43.498,1.35857,1.35877,1.32,1.50
2013.01.30 10:52:43.629,1.35855,1.35878,2.07,2.48
2013.01.30 10:52:44.448,1.35858,1.35878,1.50,1.73
2013.01.30 10:52:44.576,1.35857,1.35878,1.32,2.48
2013.01.30 10:52:44.698,1.35855,1.35876,2.25,2.29
2013.01.30 10:52:44.767,1.35855,1.35876,1.50,2.48
2013.01.30 10:52:44.888,1.35854,1.35875,1.50,1.73
2013.01.30 10:52:45.439,1.35855,1.35877,1.50,2.29
2013.01.30 10:52:45.687,1.35856,1.35876,2.25,1.73
2013.01.30 10:52:45.807,1.35856,1.35878,1.50,2.85
2013.01.30 10:52:47.730,1.35856,1.35878,2.82,1.73
2013.01.30 10:52:49.096,1.35856,1.35878,2.07,1.73
2013.01.30 10:52:49.398,1.35856,1.35876,1.50,1.54
2013.01.30 10:52:49.768,1.35856,1.35877,1.50,1.54
2013.01.30 10:52:53.430,1.35856,1.35875,1.50,1.50
2013.01.30 10:52:53.616,1.35854,1.35876,3.04,1.50
2013.01.30 10:52:57.528,1.35856,1.35876,1.32,1.50
2013.01.30 10:52:58.060,1.35857,1.35879,2.29,1.88
2013.01.30 10:52:58.570,1.35857,1.35878,1.54,1.65
2013.01.30 10:52:59.477,1.35855,1.35876,2.29,1.50
2013.01.30 10:52:59.795,1.35855,1.35874,1.32,1.50
2013.01.30 10:53:00.097,1.35852,1.35872,1.32,1.50
2013.01.30 10:53:00.378,1.35853,1.35874,2.48,1.69
2013.01.30 10:53:01.197,1.35853,1.35874,2.48,1.32
2013.01.30 10:53:01.718,1.35853,1.35876,2.48,2.07
2013.01.30 10:53:02.706,1.35853,1.35876,3.04,2.07
2013.01.30 10:53:04.740,1.35855,1.35876,1.32,1.50
2013.01.30 10:53:05.937,1.35854,1.35876,2.07,1.73
2013.01.30 10:53:06.505,1.35853,1.35876,2.25,2.29
2013.01.30 10:53:07.390,1.35853,1.35875,1.50,1.73
2013.01.30 10:53:07.518,1.35853,1.35875,2.25,1.73
2013.01.30 10:53:07.887,1.35857,1.35875,1.32,1.50
2013.01.30 10:53:08.006,1.35858,1.35877,1.50,1.50
2013.01.30 10:53:08.847,1.35856,1.35878,2.07,1.73
2013.01.30 10:53:09.348,1.35854,1.35877,1.50,1.73
2013.01.30 10:53:09.419,1.35854,1.35877,1.50,1.73
2013.01.30 10:53:10.187,1.35854,1.35877,2.25,1.73
2013.01.30 10:53:11.846,1.35854,1.35875,1.50,1.54
2013.01.30 10:53:13.816,1.35854,1.35874,2.07,1.73
2013.01.30 10:53:14.357,1.35854,1.35875,2.82,1.50
2013.01.30 10:53:15.296,1.35854,1.35875,2.82,1.73
2013.01.30 10:53:17.517,1.35854,1.35873,1.50,1.73
2013.01.30 10:53:17.700,1.35851,1.35872,1.32,3.04
2013.01.30 10:53:18.018,1.35855,1.35874,5.25,2.48
2013.01.30 10:53:18.447,1.35855,1.35875,2.07,1.50
2013.01.30 10:53:22.755,1.35855,1.35876,2.82,1.13
2013.01.30 10:53:22.958,1.35855,1.35876,2.07,1.13
2013.01.30 10:53:23.262,1.35853,1.35873,1.32,2.10
2013.01.30 10:53:23.448,1.35852,1.35874,2.25,2.82
2013.01.30 10:53:23.767,1.35856,1.35876,4.50,1.47
2013.01.30 10:53:29.408,1.35857,1.35877,1.32,1.88
2013.01.30 10:53:30.266,1.35857,1.35878,1.32,1.73
2013.01.30 10:53:31.146,1.35858,1.35877,1.32,1.73
2013.01.30 10:53:31.388,1.35858,1.35876,1.32,2.25
2013.01.30 10:53:31.580,1.35854,1.35872,1.32,1.50
2013.01.30 10:53:32.096,1.35854,1.35872,1.32,1.73
2013.01.30 10:53:32.657,1.35854,1.35872,1.32,1.73
2013.01.30 10:53:33.317,1.35853,1.35872,2.07,1.73
2013.01.30 10:53:34.286,1.35853,1.35872,2.07,1.73
2013.01.30 10:53:34.794,1.35853,1.35872,2.07,1.73
2013.01.30 10:53:35.340,1.35862,1.35872,1.35,1.50
2013.01.30 10:53:35.796,1.35873,1.35879,1.50,1.32
2013.01.30 10:53:35.882,1.35872,1.35888,1.50,1.73
2013.01.30 10:53:36.196,1.35869,1.35887,1.50,1.73
2013.01.30 10:53:37.606,1.35869,1.35887,2.25,1.73
2013.01.30 10:53:38.159,1.35869,1.35887,2.25,1.73
2013.01.30 10:53:40.337,1.35869,1.35885,2.25,1.50
2013.01.30 10:53:40.457,1.35868,1.35885,1.35,1.50
2013.01.30 10:53:40.517,1.35865,1.35881,1.65,1.32
2013.01.30 10:53:40.579,1.35864,1.35881,2.82,2.07
2013.01.30 10:53:40.828,1.35861,1.35878,1.13,1.50
2013.01.30 10:53:41.338,1.35861,1.35881,1.13,2.48
2013.01.30 10:53:41.407,1.35861,1.35882,1.13,1.54
2013.01.30 10:53:42.100,1.35864,1.35882,1.65,1.54
2013.01.30 10:53:43.678,1.35865,1.35884,2.25,2.29
2013.01.30 10:53:44.039,1.35869,1.35888,2.10,1.73
2013.01.30 10:53:44.287,1.35869,1.35889,2.85,1.73
2013.01.30 10:53:47.456,1.35869,1.35889,2.82,1.73
2013.01.30 10:53:52.377,1.35869,1.35889,2.82,1.73
2013.01.30 10:53:55.739,1.35869,1.35891,2.25,1.73
2013.01.30 10:53:58.704,1.35869,1.35891,2.82,1.73
2013.01.30 10:54:05.357,1.35869,1.35889,2.25,1.73
2013.01.30 10:54:12.587,1.35871,1.35893,1.50,3.04
2013.01.30 10:54:12.647,1.35871,1.35893,1.50,3.04
2013.01.30 10:54:13.578,1.35872,1.35893,2.07,2.48
2013.01.30 10:54:13.889,1.35879,1.35898,2.25,1.39
2013.01.30 10:54:14.607,1.35876,1.35896,1.32,1.13
2013.01.30 10:54:14.857,1.35874,1.35894,1.50,1.73
2013.01.30 10:54:15.315,1.35873,1.35894,2.07,1.88
2013.01.30 10:54:16.323,1.35871,1.35891,1.50,1.73
2013.01.30 10:54:16.667,1.3588,1.35896,2.25,2.67
2013.01.30 10:54:16.969,1.35881,1.35896,1.50,1.54
2013.01.30 10:54:17.528,1.35883,1.35902,2.07,1.80
2013.01.30 10:54:18.498,1.35884,1.35904,1.50,1.73
2013.01.30 10:54:18.808,1.35886,1.35906,1.50,1.09
2013.01.30 10:54:18.950,1.35888,1.35907,2.82,1.05
2013.01.30 10:54:19.020,1.35889,1.35907,1.50,1.05
2013.01.30 10:54:21.044,1.35888,1.35907,2.82,1.13
2013.01.30 10:54:21.579,1.35888,1.35907,2.07,1.13
2013.01.30 10:54:21.830,1.35892,1.35907,1.50,1.13
2013.01.30 10:54:21.957,1.35894,1.35912,1.73,1.32
2013.01.30 10:54:22.379,1.35897,1.35914,2.07,1.32
2013.01.30 10:54:22.629,1.35894,1.35914,1.50,1.32
2013.01.30 10:54:22.700,1.35893,1.35912,1.50,2.29
2013.01.30 10:54:23.248,1.35892,1.35909,1.32,1.73
2013.01.30 10:54:23.368,1.3589,1.35909,1.47,1.73
2013.01.30 10:54:23.888,1.3589,1.35911,1.47,1.73
2013.01.30 10:54:23.946,1.3589,1.35912,2.22,2.48
2013.01.30 10:54:24.199,1.3589,1.35912,2.97,2.48
2013.01.30 10:54:24.408,1.3589,1.35909,1.65,2.48
2013.01.30 10:54:24.537,1.3589,1.35909,1.65,2.48
2013.01.30 10:54:24.839,1.3589,1.3591,1.65,2.29
2013.01.30 10:54:24.909,1.3589,1.3591,1.65,2.29
2013.01.30 10:54:26.039,1.35891,1.35912,1.65,2.29
2013.01.30 10:54:26.287,1.35891,1.35912,1.65,3.33
2013.01.30 10:54:26.468,1.35891,1.35912,1.65,2.29
2013.01.30 10:54:26.778,1.35893,1.35912,1.32,1.73
2013.01.30 10:54:27.826,1.35893,1.35915,2.63,1.73
2013.01.30 10:54:27.888,1.35895,1.35917,1.32,1.73
2013.01.30 10:54:28.018,1.35895,1.35917,1.32,2.48
2013.01.30 10:54:28.418,1.35893,1.35914,1.88,1.73
2013.01.30 10:54:29.028,1.35891,1.35914,3.15,3.79
2013.01.30 10:54:29.568,1.35888,1.35911,2.44,2.29
2013.01.30 10:54:29.878,1.35883,1.35905,3.75,1.73
2013.01.30 10:54:30.178,1.35885,1.35906,2.07,1.73
2013.01.30 10:54:30.487,1.35884,1.35906,1.50,3.04
2013.01.30 10:54:30.846,1.35891,1.3591,2.25,1.37
2013.01.30 10:54:31.218,1.35894,1.35911,1.50,1.17
2013.01.30 10:54:31.469,1.35894,1.35911,1.50,1.92
2013.01.30 10:54:31.537,1.35891,1.3591,1.50,1.69
2013.01.30 10:54:32.257,1.35888,1.35908,1.50,1.13
2013.01.30 10:54:32.807,1.35892,1.3591,1.50,1.17
2013.01.30 10:54:33.047,1.35892,1.35912,1.50,1.17
2013.01.30 10:54:33.107,1.35892,1.35912,1.50,1.17
2013.01.30 10:54:33.467,1.359,1.35912,1.50,1.50
2013.01.30 10:54:33.589,1.359,1.35921,1.50,3.79
2013.01.30 10:54:34.110,1.359,1.35921,1.50,1.54
2013.01.30 10:54:34.368,1.359,1.35921,1.50,1.54
2013.01.30 10:54:34.863,1.359,1.35921,1.50,1.54
2013.01.30 10:54:35.396,1.359,1.35922,1.73,1.47
2013.01.30 10:54:36.056,1.35904,1.35924,2.48,1.13
2013.01.30 10:54:36.358,1.35912,1.35929,1.50,1.50
2013.01.30 10:54:36.478,1.35912,1.35934,1.73,1.88
2013.01.30 10:54:36.998,1.35914,1.35934,1.50,1.50
2013.01.30 10:54:37.127,1.35912,1.35934,1.73,1.50
2013.01.30 10:54:37.189,1.35911,1.35934,2.29,3.00
2013.01.30 10:54:37.317,1.35912,1.35934,2.29,3.00
2013.01.30 10:54:37.698,1.35912,1.35931,2.29,1.50
2013.01.30 10:54:38.227,1.35914,1.35932,1.32,1.50
2013.01.30 10:54:38.852,1.35911,1.35931,1.73,1.50
2013.01.30 10:54:39.487,1.35912,1.35933,1.50,2.82
2013.01.30 10:54:40.184,1.35912,1.35933,1.73,2.82
2013.01.30 10:54:40.699,1.35912,1.35933,1.50,2.07
2013.01.30 10:54:40.827,1.35914,1.35934,1.50,2.59
2013.01.30 10:54:40.889,1.35914,1.35934,2.25,1.84
2013.01.30 10:54:41.446,1.35916,1.35936,1.73,1.32
2013.01.30 10:54:42.520,1.35918,1.35937,1.54,1.13
2013.01.30 10:54:43.358,1.35919,1.35938,1.73,1.13
2013.01.30 10:54:44.097,1.35918,1.35939,3.04,1.13
2013.01.30 10:54:44.203,1.35918,1.35939,2.82,1.13
2013.01.30 10:54:44.327,1.35918,1.35938,1.32,1.13
2013.01.30 10:54:44.689,1.35915,1.35936,2.27,1.65
2013.01.30 10:54:44.760,1.35916,1.35936,1.71,1.65
2013.01.30 10:54:45.067,1.35918,1.35938,2.07,1.13
2013.01.30 10:54:45.530,1.35918,1.35938,2.29,1.13
2013.01.30 10:54:45.957,1.35917,1.35935,5.00,1.32
2013.01.30 10:54:46.027,1.35914,1.35935,3.23,1.32
2013.01.30 10:54:46.216,1.35912,1.35933,1.73,1.50
2013.01.30 10:54:46.398,1.35912,1.35933,1.73,1.50
2013.01.30 10:54:46.647,1.35912,1.35932,1.73,1.50
2013.01.30 10:54:46.767,1.35909,1.35927,1.88,1.32
2013.01.30 10:54:46.957,1.35909,1.35925,1.13,1.50
2013.01.30 10:54:47.762,1.35906,1.35924,1.35,2.25
2013.01.30 10:54:48.348,1.35906,1.35924,1.35,2.82
2013.01.30 10:54:48.927,1.35906,1.35924,1.35,2.82
2013.01.30 10:54:49.228,1.35907,1.35925,2.10,1.32
2013.01.30 10:54:49.286,1.35907,1.35925,2.10,1.32
2013.01.30 10:54:49.413,1.35907,1.35925,2.10,2.07
2013.01.30 10:54:50.028,1.35905,1.35922,1.17,1.50
2013.01.30 10:54:51.590,1.35903,1.35922,1.32,1.50
2013.01.30 10:54:51.857,1.35901,1.35921,5.82,1.50
2013.01.30 10:54:51.918,1.359,1.35919,1.32,1.50
2013.01.30 10:54:52.481,1.35904,1.35918,4.50,1.50
2013.01.30 10:54:52.967,1.35904,1.35921,5.29,1.32
2013.01.30 10:54:53.090,1.35904,1.35921,5.29,1.32
2013.01.30 10:54:53.508,1.35906,1.35925,1.54,1.65
2013.01.30 10:54:54.148,1.35912,1.35927,1.32,3.38
2013.01.30 10:54:54.388,1.35914,1.3593,1.35,1.88
2013.01.30 10:54:54.569,1.35915,1.35931,3.04,1.50
2013.01.30 10:54:54.697,1.35916,1.35932,1.54,1.50
2013.01.30 10:54:57.562,1.35916,1.35936,2.29,2.63
2013.01.30 10:54:58.359,1.35919,1.35936,1.73,1.13
2013.01.30 10:54:58.607,1.35919,1.35938,2.48,1.13
2013.01.30 10:54:58.788,1.35921,1.35938,1.73,1.13
2013.01.30 10:54:59.157,1.35919,1.35938,2.29,2.40
2013.01.30 10:54:59.708,1.35919,1.35939,2.29,1.65
2013.01.30 10:55:00.067,1.3592,1.35939,1.73,2.40
2013.01.30 10:55:00.246,1.3592,1.35941,2.48,2.40
2013.01.30 10:55:00.776,1.3592,1.35939,2.29,1.65
2013.01.30 10:55:01.018,1.35921,1.35939,1.54,1.65
2013.01.30 10:55:01.140,1.35921,1.35941,2.29,1.65
2013.01.30 10:55:01.271,1.35924,1.35944,2.29,1.50
2013.01.30 10:55:01.400,1.35924,1.35944,4.22,1.50
2013.01.30 10:55:01.718,1.35927,1.35947,1.73,1.80
2013.01.30 10:55:01.847,1.35925,1.35946,2.29,1.65
2013.01.30 10:55:02.239,1.35925,1.35939,1.32,1.88
2013.01.30 10:55:02.688,1.35924,1.35935,1.13,2.25
2013.01.30 10:55:03.197,1.35916,1.35932,1.54,1.50
2013.01.30 10:55:03.712,1.35916,1.35932,1.54,1.50
2013.01.30 10:55:04.237,1.35916,1.35933,1.54,1.50
2013.01.30 10:55:04.417,1.35913,1.35933,2.29,1.50
2013.01.30 10:55:04.536,1.35915,1.35933,2.48,1.50
2013.01.30 10:55:05.087,1.35914,1.35935,3.11,2.25
2013.01.30 10:55:05.653,1.35914,1.35935,3.11,1.50
2013.01.30 10:55:05.896,1.35914,1.35935,2.48,1.50
2013.01.30 10:55:06.117,1.35914,1.35935,2.48,1.50
2013.01.30 10:55:06.648,1.35916,1.35935,1.54,1.50
2013.01.30 10:55:06.734,1.35918,1.35938,1.73,1.65
2013.01.30 10:55:07.268,1.35917,1.35935,3.53,1.50
2013.01.30 10:55:07.341,1.35917,1.35935,3.75,1.50
2013.01.30 10:55:07.409,1.35922,1.35939,4.73,2.25
2013.01.30 10:55:07.477,1.35919,1.35939,1.73,1.50
2013.01.30 10:55:08.207,1.35921,1.35942,1.54,1.50
2013.01.30 10:55:08.727,1.35921,1.35942,1.54,1.50
2013.01.30 10:55:09.219,1.3592,1.3594,1.73,1.50
2013.01.30 10:55:09.588,1.35918,1.35938,1.35,1.50
2013.01.30 10:55:09.898,1.35925,1.3594,1.54,1.50
2013.01.30 10:55:10.028,1.35922,1.3594,1.54,1.50
2013.01.30 10:55:10.276,1.3592,1.35939,1.54,1.50
2013.01.30 10:55:11.064,1.35921,1.35939,1.69,1.50
2013.01.30 10:55:11.368,1.35922,1.35942,1.13,1.50
2013.01.30 10:55:11.918,1.35921,1.35939,1.69,1.50
2013.01.30 10:55:12.108,1.35922,1.35939,1.13,1.50
2013.01.30 10:55:12.807,1.35924,1.35942,1.54,1.50
2013.01.30 10:55:13.798,1.35924,1.35942,1.54,1.50
2013.01.30 10:55:14.109,1.35922,1.35936,1.13,1.50
2013.01.30 10:55:14.178,1.35921,1.35936,1.13,2.25
2013.01.30 10:55:14.369,1.35921,1.3594,1.88,3.00
2013.01.30 10:55:14.500,1.35921,1.3594,2.93,1.50
2013.01.30 10:55:14.688,1.35922,1.3594,1.62,1.50
2013.01.30 10:55:15.050,1.35924,1.3594,1.47,1.50
2013.01.30 10:55:15.120,1.35924,1.3594,1.32,1.50
2013.01.30 10:55:15.251,1.35924,1.35941,1.32,1.50
2013.01.30 10:55:15.438,1.35924,1.3594,1.32,1.50
2013.01.30 10:55:16.072,1.3592,1.35936,1.50,1.50
2013.01.30 10:55:16.438,1.35917,1.35932,1.17,2.25
2013.01.30 10:55:16.557,1.35913,1.35927,1.73,1.50
2013.01.30 10:55:16.678,1.35912,1.35927,1.54,1.50
2013.01.30 10:55:16.749,1.3591,1.35923,1.35,1.50
2013.01.30 10:55:17.178,1.35912,1.35927,1.54,1.50
2013.01.30 10:55:17.250,1.35912,1.35929,1.54,2.25
2013.01.30 10:55:17.320,1.35912,1.35929,2.29,2.25
2013.01.30 10:55:17.388,1.35912,1.35929,2.29,1.50
2013.01.30 10:55:18.219,1.35912,1.35931,2.10,1.50
2013.01.30 10:55:20.253,1.35912,1.35929,1.54,1.50
2013.01.30 10:55:20.318,1.35912,1.35929,1.54,1.50
2013.01.30 10:55:20.438,1.35912,1.35929,5.29,1.50
2013.01.30 10:55:21.618,1.35911,1.35926,1.25,2.25
2013.01.30 10:55:21.689,1.3591,1.35925,1.54,1.50
2013.01.30 10:55:21.831,1.35907,1.35922,1.88,1.50
2013.01.30 10:55:22.020,1.35905,1.35921,1.47,1.50
2013.01.30 10:55:22.465,1.35905,1.35919,1.47,1.50
2013.01.30 10:55:22.768,1.35905,1.35919,1.69,1.50
2013.01.30 10:55:23.101,1.35919,1.35929,4.74,1.50
2013.01.30 10:55:23.409,1.35921,1.35938,4.74,1.50
2013.01.30 10:55:24.350,1.35923,1.35941,1.32,2.25
2013.01.30 10:55:24.423,1.35923,1.35942,1.32,1.50
2013.01.30 10:55:25.593,1.35925,1.35942,1.13,1.50
2013.01.30 10:55:25.722,1.35928,1.35944,1.32,1.50
2013.01.30 10:55:25.788,1.35928,1.35944,1.54,1.50
2013.01.30 10:55:26.450,1.35931,1.35947,1.54,1.65
2013.01.30 10:55:26.519,1.35931,1.35947,1.54,1.65
2013.01.30 10:55:26.768,1.35932,1.35949,1.54,2.63
2013.01.30 10:55:27.747,1.35932,1.35949,1.54,1.13
2013.01.30 10:55:29.070,1.35928,1.35947,1.04,1.65
2013.01.30 10:55:29.137,1.35927,1.35946,1.54,2.25
2013.01.30 10:55:29.197,1.35927,1.35946,1.54,2.25
2013.01.30 10:55:29.317,1.35926,1.35945,1.54,2.25
2013.01.30 10:55:29.437,1.35926,1.35945,1.54,3.00
2013.01.30 10:55:30.347,1.35926,1.35943,1.54,1.13
2013.01.30 10:55:31.260,1.35925,1.35945,1.54,6.90
2013.01.30 10:55:31.698,1.35921,1.35943,3.49,1.50
2013.01.30 10:55:31.898,1.35921,1.35942,2.29,1.50
2013.01.30 10:55:32.587,1.35921,1.3594,2.29,1.50
2013.01.30 10:55:33.010,1.35916,1.35935,1.69,1.50
2013.01.30 10:55:33.083,1.35914,1.35934,2.29,1.50
2013.01.30 10:55:33.147,1.35913,1.3593,2.07,1.88
2013.01.30 10:55:33.269,1.35911,1.3593,1.32,2.63
2013.01.30 10:55:33.772,1.35909,1.35928,1.88,2.25
2013.01.30 10:55:34.108,1.35907,1.35924,1.32,3.00
2013.01.30 10:55:34.178,1.35904,1.35923,1.88,3.00
2013.01.30 10:55:34.308,1.35904,1.3592,1.13,1.13
2013.01.30 10:55:34.426,1.35903,1.3592,1.13,2.63
2013.01.30 10:55:35.029,1.35899,1.35917,2.10,1.50
2013.01.30 10:55:35.227,1.35899,1.35917,1.54,1.50
2013.01.30 10:55:35.729,1.35897,1.35916,1.32,1.50
2013.01.30 10:55:35.799,1.35894,1.35912,1.73,1.13
2013.01.30 10:55:35.929,1.35897,1.35914,2.07,1.50
2013.01.30 10:55:35.998,1.35897,1.35909,2.07,1.50
2013.01.30 10:55:36.200,1.35897,1.35913,2.07,1.50
2013.01.30 10:55:36.270,1.35897,1.35915,1.32,2.63
2013.01.30 10:55:36.749,1.35894,1.35914,1.54,3.00
2013.01.30 10:55:37.208,1.35893,1.35914,3.60,3.00
2013.01.30 10:55:37.337,1.35893,1.35914,3.60,3.00
2013.01.30 10:55:37.458,1.35893,1.35914,3.60,3.00
2013.01.30 10:55:37.774,1.35891,1.3591,1.54,1.50
2013.01.30 10:55:37.845,1.35891,1.3591,1.54,1.50
2013.01.30 10:55:37.968,1.35889,1.35906,1.35,1.50
2013.01.30 10:55:38.277,1.35889,1.35907,2.10,1.50
2013.01.30 10:55:38.397,1.35893,1.35911,2.25,1.50
2013.01.30 10:55:38.702,1.35896,1.35915,2.10,1.50
2013.01.30 10:55:38.768,1.35896,1.35916,2.10,1.50
2013.01.30 10:55:38.827,1.35898,1.35918,1.54,2.25
2013.01.30 10:55:38.949,1.359,1.35919,1.73,4.32
2013.01.30 10:55:39.199,1.359,1.35919,1.73,3.57
2013.01.30 10:55:39.387,1.35893,1.35915,3.04,2.82
2013.01.30 10:55:39.567,1.35893,1.35915,2.29,2.82
2013.01.30 10:55:39.807,1.35893,1.35915,2.82,2.07
2013.01.30 10:55:40.658,1.35894,1.35915,1.32,2.07
2013.01.30 10:55:41.019,1.35897,1.35915,1.54,1.50
2013.01.30 10:55:41.522,1.35903,1.35918,1.50,1.13
2013.01.30 10:55:41.610,1.35903,1.35924,2.82,1.13
2013.01.30 10:55:42.128,1.35904,1.35924,1.50,1.88
2013.01.30 10:55:42.633,1.35904,1.35923,1.50,1.65
2013.01.30 10:55:43.347,1.35904,1.35923,1.50,1.65
2013.01.30 10:55:43.467,1.35903,1.35923,1.32,1.50
2013.01.30 10:55:43.590,1.35905,1.35925,1.73,1.50
2013.01.30 10:55:43.661,1.3591,1.35925,1.73,1.50
2013.01.30 10:55:43.859,1.35908,1.35927,1.50,1.50
2013.01.30 10:55:44.068,1.35906,1.35925,4.73,1.50
2013.01.30 10:55:44.436,1.35906,1.35925,1.54,1.50
2013.01.30 10:55:45.087,1.35903,1.35925,2.29,1.50
2013.01.30 10:55:45.447,1.35903,1.35921,1.54,1.50
2013.01.30 10:55:45.507,1.35903,1.35923,1.54,1.50
2013.01.30 10:55:45.568,1.35906,1.35924,1.54,2.25
2013.01.30 10:55:45.698,1.35907,1.35926,1.73,1.50
2013.01.30 10:55:45.999,1.35911,1.3593,1.54,2.25
2013.01.30 10:55:46.248,1.3591,1.3593,1.73,1.50
2013.01.30 10:55:46.308,1.35911,1.35928,4.50,1.73
2013.01.30 10:55:46.381,1.35907,1.35928,2.82,2.48
2013.01.30 10:55:46.453,1.35909,1.3593,1.73,2.25
2013.01.30 10:55:46.590,1.35909,1.3593,1.50,2.29
2013.01.30 10:55:46.659,1.35909,1.3593,2.07,1.73
2013.01.30 10:55:46.969,1.35911,1.3593,5.07,1.73
2013.01.30 10:55:47.447,1.35912,1.35934,1.73,2.82
2013.01.30 10:55:47.737,1.35915,1.35934,1.32,2.25
2013.01.30 10:55:48.818,1.35915,1.35934,1.54,1.50
2013.01.30 10:55:49.869,1.35913,1.35932,1.54,1.50
2013.01.30 10:55:49.938,1.35913,1.35932,1.54,1.50
2013.01.30 10:55:50.179,1.35907,1.35928,3.23,1.50
2013.01.30 10:55:51.359,1.35907,1.35928,3.23,2.07
2013.01.30 10:55:51.548,1.35905,1.35924,1.50,1.54
2013.01.30 10:55:51.668,1.35903,1.35923,1.50,1.50
2013.01.30 10:55:51.727,1.35901,1.35921,2.63,1.50
2013.01.30 10:55:51.858,1.35901,1.35921,1.13,1.50
2013.01.30 10:55:51.917,1.35901,1.35921,2.44,1.50
2013.01.30 10:55:52.037,1.35905,1.35922,1.32,2.25
2013.01.30 10:55:52.702,1.35905,1.35922,1.54,1.50
2013.01.30 10:55:53.209,1.35901,1.35922,1.13,2.25
2013.01.30 10:55:53.337,1.359,1.35919,3.19,1.50
2013.01.30 10:55:54.868,1.35904,1.35923,1.54,1.50
2013.01.30 10:55:54.998,1.35905,1.35924,1.73,1.50
2013.01.30 10:55:55.548,1.35904,1.35924,1.54,1.50
2013.01.30 10:55:55.978,1.35906,1.35926,1.73,1.50
2013.01.30 10:55:56.298,1.35905,1.35926,2.48,3.00
2013.01.30 10:55:56.597,1.35902,1.35922,1.13,1.32
2013.01.30 10:55:56.658,1.35902,1.35923,1.54,2.82
2013.01.30 10:55:56.959,1.35906,1.35923,1.50,1.50
2013.01.30 10:55:57.206,1.35906,1.35926,1.50,1.50
2013.01.30 10:55:57.448,1.35904,1.35922,1.50,1.32
2013.01.30 10:55:57.517,1.35903,1.35922,1.50,1.32
2013.01.30 10:55:57.827,1.35904,1.35924,1.50,2.07
2013.01.30 10:55:58.386,1.35904,1.35925,1.50,2.25
2013.01.30 10:55:58.961,1.35906,1.35924,3.23,1.32
2013.01.30 10:55:59.088,1.35902,1.35923,4.13,1.50
2013.01.30 10:55:59.329,1.35902,1.35923,1.50,1.50
2013.01.30 10:55:59.518,1.35908,1.35928,1.54,1.50
2013.01.30 10:56:00.566,1.35907,1.35926,2.48,1.32
2013.01.30 10:56:00.748,1.35905,1.35925,1.32,1.54
2013.01.30 10:56:01.658,1.35904,1.35924,1.32,2.29
2013.01.30 10:56:01.727,1.35903,1.35924,1.50,2.29
2013.01.30 10:56:01.788,1.35903,1.35924,1.50,2.07
2013.01.30 10:56:02.328,1.35902,1.35923,1.50,1.50
2013.01.30 10:56:02.687,1.35902,1.35922,1.50,1.32
2013.01.30 10:56:02.987,1.35904,1.35923,2.29,1.50
2013.01.30 10:56:03.407,1.35904,1.35925,2.29,1.50
2013.01.30 10:56:04.087,1.35904,1.35925,1.54,2.25
2013.01.30 10:56:06.007,1.35904,1.35925,1.88,2.82
2013.01.30 10:56:06.606,1.35904,1.35925,1.65,2.82
2013.01.30 10:56:07.887,1.35906,1.35925,1.50,1.32
2013.01.30 10:56:08.217,1.35906,1.35925,1.50,1.32
2013.01.30 10:56:10.417,1.35906,1.35924,1.50,1.32
2013.01.30 10:56:10.477,1.35906,1.35924,1.50,1.32
2013.01.30 10:56:12.768,1.35904,1.35924,1.88,3.60
2013.01.30 10:56:14.241,1.35904,1.35922,1.88,1.32
2013.01.30 10:56:14.310,1.35904,1.35922,1.88,1.32
2013.01.30 10:56:14.378,1.35904,1.35918,1.88,1.32
2013.01.30 10:56:17.109,1.35902,1.35919,1.13,3.04
2013.01.30 10:56:17.867,1.35903,1.3592,1.13,1.50
2013.01.30 10:56:19.862,1.35903,1.35922,1.13,2.25
2013.01.30 10:56:20.168,1.359,1.35919,2.25,1.32
2013.01.30 10:56:21.209,1.35898,1.35919,2.25,3.04
2013.01.30 10:56:21.490,1.359,1.3592,3.04,1.50
2013.01.30 10:56:22.398,1.359,1.35922,3.04,1.50
2013.01.30 10:56:23.178,1.359,1.35922,3.04,1.50
2013.01.30 10:56:23.247,1.359,1.35922,3.04,2.25
2013.01.30 10:56:23.658,1.359,1.35922,3.04,1.50
2013.01.30 10:56:27.726,1.35901,1.35922,1.54,1.50
2013.01.30 10:56:31.498,1.35901,1.35922,1.54,2.25
2013.01.30 10:56:32.399,1.35901,1.35922,2.29,1.50
2013.01.30 10:56:33.977,1.35901,1.35922,2.29,1.50
2013.01.30 10:56:34.491,1.35901,1.35922,2.29,2.25
2013.01.30 10:56:34.558,1.35901,1.35921,1.54,2.25
2013.01.30 10:56:34.927,1.35896,1.35918,2.85,2.25
2013.01.30 10:56:35.238,1.35896,1.35915,1.54,2.82
2013.01.30 10:56:35.549,1.35893,1.35913,1.13,1.50
2013.01.30 10:56:35.617,1.35891,1.3591,1.13,1.50
2013.01.30 10:56:36.231,1.3589,1.3591,1.17,1.50
2013.01.30 10:56:36.300,1.35889,1.3591,2.29,1.50
2013.01.30 10:56:37.738,1.35891,1.35912,1.50,1.50
2013.01.30 10:56:38.097,1.35902,1.35918,1.50,2.25
2013.01.30 10:56:38.277,1.35901,1.35918,1.32,1.50
2013.01.30 10:56:38.337,1.35903,1.3592,1.50,1.32
2013.01.30 10:56:38.919,1.35903,1.3592,1.50,1.32
2013.01.30 10:56:39.651,1.35903,1.3592,1.50,1.32
2013.01.30 10:56:40.256,1.35901,1.35921,1.50,1.54
2013.01.30 10:56:41.938,1.35901,1.35921,1.50,1.54
2013.01.30 10:56:42.573,1.35901,1.35921,1.50,1.54
2013.01.30 10:56:43.177,1.35901,1.35921,1.50,1.54
2013.01.30 10:56:45.630,1.35901,1.35921,1.50,2.29
2013.01.30 10:56:45.759,1.35901,1.35922,1.50,2.29
2013.01.30 10:56:45.889,1.35906,1.35926,2.25,1.88
2013.01.30 10:56:45.958,1.35908,1.35928,1.50,2.48
2013.01.30 10:56:53.012,1.35911,1.35932,1.50,3.60
2013.01.30 10:56:53.812,1.35911,1.35932,1.50,3.04
2013.01.30 10:56:54.067,1.35912,1.35932,1.50,2.29
2013.01.30 10:56:56.006,1.35911,1.3593,1.50,1.32
2013.01.30 10:56:56.308,1.35908,1.35921,1.65,1.32
2013.01.30 10:56:57.066,1.359,1.3592,1.50,1.73
2013.01.30 10:57:00.752,1.359,1.35919,1.50,1.35
2013.01.30 10:57:01.278,1.35902,1.35919,2.25,1.35
2013.01.30 10:57:01.787,1.35901,1.3592,1.50,2.85
2013.01.30 10:57:02.299,1.35901,1.3592,1.50,2.85
2013.01.30 10:57:04.046,1.35901,1.35919,1.50,1.54
2013.01.30 10:57:04.547,1.35899,1.35917,1.50,1.54
2013.01.30 10:57:05.057,1.359,1.35917,1.50,1.13
2013.01.30 10:57:05.957,1.35899,1.35917,1.50,1.13
2013.01.30 10:57:06.478,1.359,1.35917,1.50,1.35
2013.01.30 10:57:07.097,1.359,1.3592,1.50,1.54
2013.01.30 10:57:07.654,1.359,1.3592,1.50,1.54
2013.01.30 10:57:08.487,1.359,1.35919,1.50,1.54
2013.01.30 10:57:09.580,1.35902,1.35921,1.54,1.32
2013.01.30 10:57:09.769,1.35903,1.35924,2.48,1.50
2013.01.30 10:57:10.162,1.35903,1.35925,2.48,2.44
2013.01.30 10:57:10.777,1.35905,1.35925,1.13,1.88
2013.01.30 10:57:10.838,1.35905,1.35925,1.13,1.13
2013.01.30 10:57:11.361,1.35906,1.35926,1.88,1.47
2013.01.30 10:57:11.891,1.35906,1.35926,2.03,1.32
2013.01.30 10:57:12.758,1.35907,1.35927,1.13,1.32
2013.01.30 10:57:15.383,1.35907,1.35928,1.88,2.07
2013.01.30 10:57:15.448,1.35908,1.35928,1.50,1.32
2013.01.30 10:57:16.604,1.35911,1.35928,2.25,1.32
2013.01.30 10:57:16.906,1.35916,1.35933,2.40,4.50
2013.01.30 10:57:16.996,1.35919,1.35934,1.73,1.50
2013.01.30 10:57:17.129,1.3592,1.35936,1.50,1.32
2013.01.30 10:57:17.198,1.3592,1.3594,1.50,2.25
2013.01.30 10:57:17.319,1.35921,1.3594,1.50,1.50
2013.01.30 10:57:17.508,1.35921,1.35943,1.50,3.38
2013.01.30 10:57:17.581,1.35921,1.35943,1.73,3.38
2013.01.30 10:57:18.118,1.35922,1.35943,1.73,2.82
2013.01.30 10:57:19.677,1.35924,1.35944,1.73,1.65
2013.01.30 10:57:20.217,1.35925,1.35946,1.73,3.94
2013.01.30 10:57:21.079,1.35917,1.35938,1.88,1.32
2013.01.30 10:57:21.747,1.35916,1.35937,1.88,1.32
2013.01.30 10:57:22.258,1.35918,1.35938,1.65,2.25
2013.01.30 10:57:22.328,1.35918,1.35938,1.88,1.50
2013.01.30 10:57:22.458,1.35921,1.35942,1.50,2.25
2013.01.30 10:57:22.639,1.35924,1.35946,1.50,6.42
2013.01.30 10:57:22.773,1.35927,1.35946,1.32,3.60
2013.01.30 10:57:23.837,1.35925,1.35945,1.32,1.65
2013.01.30 10:57:24.377,1.35925,1.35945,1.50,1.50
2013.01.30 10:57:29.138,1.35926,1.35949,1.50,3.42
2013.01.30 10:57:30.757,1.35926,1.35949,1.50,3.94
2013.01.30 10:57:33.137,1.35927,1.35949,1.50,3.04
2013.01.30 10:57:34.137,1.35927,1.35949,1.50,3.04
2013.01.30 10:57:34.196,1.35927,1.35948,1.50,1.32
2013.01.30 10:57:34.378,1.35927,1.35948,1.50,1.13
2013.01.30 10:57:34.976,1.35927,1.35948,1.50,1.13
2013.01.30 10:57:35.059,1.35923,1.35943,1.13,1.50
2013.01.30 10:57:35.428,1.35922,1.35942,1.13,2.85
2013.01.30 10:57:35.967,1.35918,1.35939,2.78,2.48
2013.01.30 10:57:36.659,1.35918,1.35938,2.03,1.35
2013.01.30 10:57:37.762,1.35916,1.35937,1.65,1.54
2013.01.30 10:57:38.048,1.35915,1.35935,1.50,3.04
2013.01.30 10:57:38.108,1.35915,1.35933,1.50,2.10
2013.01.30 10:57:38.167,1.3591,1.3593,3.00,1.32
2013.01.30 10:57:38.687,1.3591,1.3593,1.50,2.07
2013.01.30 10:57:38.868,1.35912,1.35932,1.50,1.35
2013.01.30 10:57:40.967,1.35912,1.35933,1.50,2.29
2013.01.30 10:57:41.157,1.35912,1.35934,1.50,3.04
2013.01.30 10:57:42.809,1.35912,1.35933,1.50,2.85
2013.01.30 10:57:43.336,1.35911,1.35931,1.50,1.54
2013.01.30 10:57:43.397,1.3591,1.3593,1.50,1.73
2013.01.30 10:57:43.878,1.3591,1.35929,1.50,1.50
2013.01.30 10:57:44.717,1.3591,1.35929,1.50,1.50
2013.01.30 10:57:46.288,1.3591,1.35929,1.50,1.50
2013.01.30 10:57:49.766,1.3591,1.3593,1.50,1.73
2013.01.30 10:57:49.948,1.35907,1.35926,1.13,2.07
2013.01.30 10:57:51.079,1.35906,1.35926,1.13,2.29
2013.01.30 10:57:51.598,1.35906,1.35926,1.13,2.29
2013.01.30 10:57:51.739,1.35904,1.35925,1.13,1.50
2013.01.30 10:57:52.049,1.35904,1.35922,1.50,1.32
2013.01.30 10:57:53.287,1.35901,1.35921,1.50,2.29
2013.01.30 10:57:54.750,1.35901,1.35921,1.50,2.29
2013.01.30 10:57:56.678,1.35898,1.3592,1.88,1.32
2013.01.30 10:57:59.527,1.35901,1.35921,2.25,2.07
2013.01.30 10:57:59.648,1.35903,1.35923,1.50,1.54
2013.01.30 10:58:00.019,1.35904,1.35921,1.50,1.73
2013.01.30 10:58:00.406,1.359,1.35921,1.50,2.48
2013.01.30 10:58:01.818,1.35902,1.35922,1.50,1.32
2013.01.30 10:58:05.007,1.35902,1.35922,1.50,1.32
2013.01.30 10:58:07.257,1.35902,1.35922,1.50,2.07
2013.01.30 10:58:07.437,1.35898,1.35919,3.00,1.54
2013.01.30 10:58:08.717,1.35898,1.35919,1.50,2.10
2013.01.30 10:58:11.157,1.359,1.35919,1.32,2.29
2013.01.30 10:58:11.345,1.35902,1.35923,1.50,1.50
2013.01.30 10:58:11.417,1.35904,1.35919,1.50,1.32
2013.01.30 10:58:11.536,1.359,1.35919,1.50,2.07
2013.01.30 10:58:13.458,1.35896,1.35918,2.63,1.54
2013.01.30 10:58:17.057,1.35898,1.35918,1.50,1.54
2013.01.30 10:58:19.819,1.35898,1.35918,1.50,2.85
2013.01.30 10:58:19.946,1.35898,1.35918,1.50,2.63
2013.01.30 10:58:20.187,1.35898,1.35918,1.50,2.10
2013.01.30 10:58:24.808,1.35898,1.35918,1.50,1.32
2013.01.30 10:58:25.697,1.35898,1.35918,1.50,1.32
2013.01.30 10:58:29.358,1.35897,1.35918,1.13,2.07
2013.01.30 10:58:30.571,1.35896,1.35918,1.88,2.07
2013.01.30 10:58:33.706,1.35896,1.35918,1.88,1.32
2013.01.30 10:58:33.780,1.35896,1.35917,1.88,2.07
2013.01.30 10:58:33.849,1.35896,1.35917,1.13,2.29
2013.01.30 10:58:33.976,1.35896,1.35917,1.13,2.07
2013.01.30 10:58:38.145,1.35896,1.35917,1.50,2.07
2013.01.30 10:58:38.869,1.35896,1.35917,1.50,2.07
2013.01.30 10:58:39.386,1.35895,1.35916,2.25,1.54
2013.01.30 10:58:40.937,1.35894,1.35915,1.73,1.54
2013.01.30 10:58:41.517,1.35893,1.35915,2.63,2.29
2013.01.30 10:58:44.246,1.35892,1.35913,1.47,1.73
2013.01.30 10:58:46.259,1.35891,1.35911,1.13,2.29
2013.01.30 10:58:46.577,1.35893,1.3591,2.44,1.50
2013.01.30 10:58:46.887,1.35892,1.35907,1.50,1.50
2013.01.30 10:58:47.468,1.35893,1.35907,1.17,1.50
2013.01.30 10:58:48.017,1.35891,1.35908,1.17,1.50
2013.01.30 10:58:48.719,1.35891,1.3591,1.17,1.50
2013.01.30 10:58:48.786,1.35891,1.35911,1.17,1.50
2013.01.30 10:58:50.837,1.35891,1.35911,1.17,1.50
2013.01.30 10:58:54.037,1.3589,1.35911,2.29,1.50
2013.01.30 10:58:54.698,1.35897,1.35912,1.32,2.25
2013.01.30 10:58:54.879,1.35898,1.35917,1.54,1.88
2013.01.30 10:59:01.858,1.35896,1.35916,2.29,1.65
2013.01.30 10:59:02.037,1.35896,1.35916,2.29,1.65
2013.01.30 10:59:02.447,1.35894,1.35914,1.73,2.07
2013.01.30 10:59:02.568,1.3589,1.3591,3.98,1.50
2013.01.30 10:59:02.956,1.35893,1.35914,1.73,2.29
2013.01.30 10:59:04.107,1.35893,1.35913,1.73,1.50
2013.01.30 10:59:05.149,1.35893,1.35914,1.73,1.54
2013.01.30 10:59:05.459,1.35895,1.35914,1.73,2.25
2013.01.30 10:59:05.587,1.35899,1.35915,1.50,1.47
2013.01.30 10:59:05.831,1.359,1.35919,1.50,1.92
2013.01.30 10:59:07.268,1.35901,1.35921,2.48,1.92
2013.01.30 10:59:08.878,1.35898,1.35919,2.48,1.17
2013.01.30 10:59:09.718,1.35898,1.3592,2.48,2.85
2013.01.30 10:59:09.837,1.35898,1.35918,1.73,1.32
2013.01.30 10:59:09.957,1.35898,1.35918,1.73,1.32
2013.01.30 10:59:10.787,1.35896,1.35917,2.48,1.50
2013.01.30 10:59:11.296,1.35896,1.35917,2.48,1.50
2013.01.30 10:59:11.678,1.35899,1.35918,1.50,2.07
2013.01.30 10:59:11.928,1.35896,1.35918,2.48,1.32
2013.01.30 10:59:12.725,1.35897,1.35918,1.73,2.82
2013.01.30 10:59:16.716,1.35897,1.35916,1.73,1.50
2013.01.30 10:59:17.738,1.35895,1.35916,3.04,2.25
2013.01.30 10:59:17.858,1.35895,1.35914,2.29,1.50
2013.01.30 10:59:18.169,1.35896,1.35917,2.48,1.50
2013.01.30 10:59:18.697,1.35897,1.35916,1.73,1.50
2013.01.30 10:59:18.937,1.35895,1.35916,2.29,2.25
2013.01.30 10:59:19.057,1.35895,1.35916,1.54,2.25
2013.01.30 10:59:20.346,1.35894,1.35914,2.29,1.50
2013.01.30 10:59:20.868,1.35894,1.35914,1.50,1.50
2013.01.30 10:59:21.178,1.35891,1.35909,1.13,1.50
2013.01.30 10:59:21.529,1.35888,1.35907,2.10,1.50
2013.01.30 10:59:21.858,1.35885,1.35904,1.28,1.50
2013.01.30 10:59:21.989,1.35885,1.35904,1.28,1.50
2013.01.30 10:59:22.371,1.35882,1.35904,3.23,1.50
2013.01.30 10:59:22.441,1.35882,1.35904,2.48,1.50
2013.01.30 10:59:22.748,1.35882,1.359,1.50,1.50
2013.01.30 10:59:22.807,1.35882,1.359,1.50,1.50
2013.01.30 10:59:22.939,1.35879,1.35898,2.63,1.54
2013.01.30 10:59:23.960,1.35879,1.35899,2.10,1.32
2013.01.30 10:59:24.218,1.3588,1.35901,1.47,1.73
2013.01.30 10:59:24.363,1.3588,1.35899,1.65,1.50
2013.01.30 10:59:24.611,1.35873,1.35894,3.23,1.32
2013.01.30 10:59:24.737,1.35873,1.35892,1.50,1.32
2013.01.30 10:59:25.133,1.35873,1.35892,1.50,1.32
2013.01.30 10:59:25.257,1.35871,1.35891,1.50,1.50
2013.01.30 10:59:25.848,1.35871,1.35891,1.50,2.63
2013.01.30 10:59:26.779,1.3587,1.3589,2.40,1.32
2013.01.30 10:59:27.357,1.3587,1.35889,2.40,1.32
2013.01.30 10:59:28.170,1.35869,1.35888,1.65,1.32
2013.01.30 10:59:28.357,1.35868,1.35888,2.10,1.32
2013.01.30 10:59:28.898,1.35868,1.35886,1.35,1.32
2013.01.30 10:59:30.468,1.35869,1.35887,1.65,1.35
2013.01.30 10:59:30.587,1.35869,1.35889,1.65,2.14
2013.01.30 10:59:30.769,1.35871,1.35889,1.73,1.32
2013.01.30 10:59:32.670,1.35871,1.35891,1.73,1.32
2013.01.30 10:59:32.857,1.35875,1.3589,1.50,1.32
2013.01.30 10:59:32.978,1.35872,1.35891,1.50,1.39
2013.01.30 10:59:33.157,1.35872,1.35891,1.73,1.17
2013.01.30 10:59:33.218,1.35872,1.35889,1.73,1.13
2013.01.30 10:59:33.549,1.35871,1.35889,1.50,1.13
2013.01.30 10:59:33.768,1.35871,1.35889,2.25,1.13
2013.01.30 10:59:34.586,1.35871,1.35889,2.25,1.13
2013.01.30 10:59:34.889,1.35871,1.35889,2.25,1.13
2013.01.30 10:59:35.109,1.35871,1.35889,1.73,1.13
2013.01.30 10:59:35.238,1.35872,1.35893,3.98,1.32
2013.01.30 10:59:35.297,1.35874,1.35895,1.50,3.38
2013.01.30 10:59:35.885,1.35876,1.35898,2.48,2.29
2013.01.30 10:59:36.289,1.35881,1.35901,1.50,2.44
2013.01.30 10:59:38.345,1.35881,1.35901,1.50,1.88
2013.01.30 10:59:38.528,1.35877,1.35895,1.73,1.32
2013.01.30 10:59:39.718,1.35879,1.35899,1.50,1.88
2013.01.30 10:59:39.848,1.3588,1.35899,1.50,1.88
2013.01.30 10:59:40.956,1.35879,1.35899,1.50,1.13
2013.01.30 10:59:41.479,1.35879,1.35899,1.50,1.13
2013.01.30 10:59:44.100,1.3588,1.35898,1.50,1.13
2013.01.30 10:59:44.468,1.35878,1.35898,1.50,2.10
2013.01.30 10:59:44.528,1.35878,1.35898,1.50,1.35
2013.01.30 10:59:44.887,1.35883,1.35898,1.50,1.13
2013.01.30 10:59:45.008,1.35879,1.35898,1.50,1.13
2013.01.30 10:59:45.208,1.35879,1.35898,1.50,1.13
2013.01.30 10:59:45.337,1.35884,1.359,1.50,1.35
2013.01.30 10:59:45.919,1.35884,1.359,1.50,1.13
2013.01.30 10:59:45.987,1.35884,1.35901,1.50,1.13
2013.01.30 10:59:47.277,1.35884,1.35901,1.50,1.13
2013.01.30 10:59:47.577,1.35884,1.35904,1.50,1.47
2013.01.30 10:59:48.227,1.35886,1.35905,1.50,2.48
2013.01.30 10:59:48.915,1.35886,1.35905,1.50,2.48
2013.01.30 10:59:51.333,1.35884,1.35903,2.63,1.28
2013.01.30 10:59:52.008,1.35884,1.35905,2.63,2.48
2013.01.30 10:59:52.277,1.35884,1.35903,1.88,1.47
2013.01.30 10:59:52.577,1.35886,1.35903,1.13,1.32
2013.01.30 10:59:52.638,1.35887,1.35907,1.65,1.54
2013.01.30 10:59:52.878,1.35891,1.3591,1.50,2.10
2013.01.30 10:59:53.128,1.35888,1.35895,1.50,1.32
2013.01.30 10:59:53.189,1.35886,1.35895,1.73,1.32
2013.01.30 10:59:53.321,1.35883,1.35891,1.50,1.50
2013.01.30 10:59:53.507,1.35872,1.35888,1.88,1.13
2013.01.30 10:59:53.567,1.35872,1.35887,1.13,2.07
2013.01.30 10:59:53.806,1.35872,1.35894,1.88,2.07
2013.01.30 10:59:53.927,1.35872,1.35892,1.88,1.32
2013.01.30 10:59:54.108,1.3587,1.35888,2.48,2.63
2013.01.30 10:59:54.228,1.35868,1.35887,2.10,1.50
2013.01.30 10:59:54.424,1.35869,1.35888,1.73,1.32
2013.01.30 10:59:54.548,1.35865,1.35887,1.54,2.07
2013.01.30 10:59:56.017,1.35862,1.35885,3.07,1.50
2013.01.30 10:59:56.258,1.35862,1.35885,1.88,2.07
2013.01.30 10:59:56.317,1.35862,1.35883,1.13,1.32
2013.01.30 10:59:56.437,1.35861,1.35879,1.13,1.32
2013.01.30 10:59:57.117,1.35861,1.35877,1.13,1.32
2013.01.30 10:59:57.658,1.35857,1.35876,2.10,1.32
2013.01.30 10:59:58.220,1.35857,1.35875,1.13,1.32
2013.01.30 10:59:58.467,1.35857,1.35877,1.13,1.54
2013.01.30 10:59:59.968,1.35861,1.35879,1.65,1.13
