2017.02.16 03:00:00.668,1.38651,1.38664,1.00,1.19
2017.02.16 03:00:00.770,1.3865,1.38664,1.00,1.00
2017.02.16 03:00:01.283,1.38651,1.38664,1.00,1.25
2017.02.16 03:00:02.700,1.38654,1.38667,1.37,1.69
2017.02.16 03:00:02.882,1.38655,1.38671,1.00,1.19
2017.02.16 03:00:03.035,1.38654,1.38661,1.00,1.00
2017.02.16 03:00:03.086,1.38652,1.38661,1.00,1.00
2017.02.16 03:00:03.271,1.38652,1.38668,1.00,1.19
2017.02.16 03:00:03.373,1.38649,1.38668,1.12,1.19
2017.02.16 03:00:03.525,1.38652,1.38668,1.00,1.19
2017.02.16 03:00:04.195,1.38652,1.38669,1.00,1.19
2017.02.16 03:00:04.371,1.38652,1.38669,1.00,2.44
2017.02.16 03:00:04.474,1.38651,1.38669,1.00,3.19
2017.02.16 03:00:05.765,1.38651,1.38667,1.00,2.06
2017.02.16 03:00:06.304,1.38652,1.38667,1.00,1.31
2017.02.16 03:00:06.822,1.38653,1.38668,1.00,1.69
2017.02.16 03:00:07.376,1.38653,1.38669,1.00,2.25
2017.02.16 03:00:07.580,1.38653,1.3867,1.00,1.00
2017.02.16 03:00:07.682,1.38655,1.3867,1.00,1.00
2017.02.16 03:00:09.088,1.38655,1.38672,1.00,2.62
2017.02.16 03:00:09.240,1.38657,1.38671,1.00,1.00
2017.02.16 03:00:10.192,1.38657,1.38672,1.00,1.00
2017.02.16 03:00:10.697,1.38658,1.38673,1.00,1.00
2017.02.16 03:00:11.039,1.38657,1.38671,1.00,1.00
2017.02.16 03:00:11.192,1.38658,1.38673,1.00,1.87
2017.02.16 03:00:12.295,1.38656,1.38673,1.50,1.00
2017.02.16 03:00:12.834,1.38656,1.38671,1.00,1.00
2017.02.16 03:00:13.886,1.38654,1.38671,1.12,1.00
2017.02.16 03:00:14.500,1.38654,1.3867,1.12,1.50
2017.02.16 03:00:15.033,1.38653,1.38671,1.37,1.50
2017.02.16 03:00:15.593,1.38655,1.38671,1.00,1.00
2017.02.16 03:00:16.418,1.38656,1.38671,1.00,1.00
2017.02.16 03:00:18.094,1.38656,1.38672,1.00,1.00
2017.02.16 03:00:18.146,1.38661,1.38674,1.00,2.25
2017.02.16 03:00:18.446,1.38662,1.38675,1.00,1.00
2017.02.16 03:00:18.998,1.38661,1.38675,1.00,1.00
2017.02.16 03:00:19.505,1.38661,1.38676,1.00,1.00
2017.02.16 03:00:20.054,1.38662,1.38676,1.00,1.00
2017.02.16 03:00:20.580,1.38663,1.38676,1.00,1.00
2017.02.16 03:00:22.107,1.38661,1.38676,1.00,1.50
2017.02.16 03:00:22.618,1.38662,1.38676,1.00,1.00
2017.02.16 03:00:23.042,1.38666,1.38678,1.00,1.12
2017.02.16 03:00:23.231,1.38669,1.38684,1.00,1.87
2017.02.16 03:00:23.739,1.3867,1.38684,1.00,1.50
2017.02.16 03:00:24.017,1.38668,1.38681,1.00,1.00
2017.02.16 03:00:24.682,1.38668,1.38683,1.00,1.50
2017.02.16 03:00:24.733,1.38665,1.3868,1.00,1.00
2017.02.16 03:00:25.050,1.3867,1.38683,1.00,1.75
2017.02.16 03:00:25.101,1.3867,1.38683,1.00,1.00
2017.02.16 03:00:25.152,1.38671,1.38685,1.00,1.50
2017.02.16 03:00:25.254,1.38669,1.38684,1.00,1.00
2017.02.16 03:00:26.103,1.3867,1.38685,1.00,1.50
2017.02.16 03:00:27.059,1.38667,1.38685,1.00,2.25
2017.02.16 03:00:27.886,1.38667,1.38684,1.00,1.50
2017.02.16 03:00:28.078,1.38668,1.38678,1.00,1.00
2017.02.16 03:00:28.972,1.38664,1.38678,1.87,1.00
2017.02.16 03:00:29.097,1.38663,1.38678,1.50,1.00
2017.02.16 03:00:29.956,1.38661,1.38677,1.31,1.50
2017.02.16 03:00:30.075,1.38659,1.38669,1.12,1.00
2017.02.16 03:00:30.177,1.38662,1.38674,1.00,1.00
2017.02.16 03:00:30.228,1.38663,1.38679,1.00,2.25
2017.02.16 03:00:30.673,1.38667,1.38681,1.00,1.00
2017.02.16 03:00:30.977,1.38667,1.38675,1.00,1.00
2017.02.16 03:00:31.285,1.3867,1.38675,1.00,1.00
2017.02.16 03:00:31.723,1.38671,1.38684,1.00,1.00
2017.02.16 03:00:32.154,1.38668,1.38684,1.00,1.00
2017.02.16 03:00:32.743,1.38666,1.38681,1.50,1.00
2017.02.16 03:00:33.247,1.38666,1.38682,1.50,1.31
2017.02.16 03:00:33.666,1.38665,1.38682,1.12,1.31
2017.02.16 03:00:33.919,1.38669,1.38685,1.00,1.50
2017.02.16 03:00:34.424,1.38669,1.38686,1.00,1.69
2017.02.16 03:00:35.058,1.38669,1.38685,1.00,1.00
2017.02.16 03:00:35.362,1.38668,1.38682,1.00,1.00
2017.02.16 03:00:35.905,1.3867,1.38683,1.00,1.31
2017.02.16 03:00:36.420,1.38669,1.38683,1.00,1.56
2017.02.16 03:00:37.914,1.38668,1.38681,1.00,1.31
2017.02.16 03:00:37.965,1.38664,1.3868,1.12,1.37
2017.02.16 03:00:38.016,1.38664,1.38677,1.00,1.87
2017.02.16 03:00:38.067,1.38661,1.38678,1.50,1.37
2017.02.16 03:00:38.118,1.3866,1.38676,1.00,1.87
2017.02.16 03:00:38.169,1.38662,1.38677,1.00,1.25
2017.02.16 03:00:38.220,1.38664,1.38675,1.00,1.62
2017.02.16 03:00:38.879,1.38663,1.38674,1.00,1.00
2017.02.16 03:00:39.200,1.38665,1.38678,1.00,1.69
2017.02.16 03:00:41.103,1.38667,1.38679,1.00,1.31
2017.02.16 03:00:41.154,1.38667,1.38679,1.00,1.62
2017.02.16 03:00:41.306,1.38665,1.38679,1.00,1.31
2017.02.16 03:00:41.408,1.38663,1.38678,1.00,1.12
2017.02.16 03:00:41.510,1.38663,1.38679,1.00,1.31
2017.02.16 03:00:41.813,1.38663,1.38679,1.00,7.50
2017.02.16 03:00:41.915,1.38663,1.38677,1.00,1.31
2017.02.16 03:00:42.440,1.38664,1.38679,1.00,2.06
2017.02.16 03:00:44.618,1.38664,1.38679,1.00,1.31
2017.02.16 03:00:45.339,1.38662,1.38679,1.00,2.81
2017.02.16 03:00:45.491,1.38665,1.38679,1.00,2.06
2017.02.16 03:00:46.007,1.38665,1.38679,1.00,1.62
2017.02.16 03:00:52.105,1.38663,1.38679,1.00,2.81
2017.02.16 03:00:52.618,1.38664,1.38679,1.00,1.62
2017.02.16 03:00:53.251,1.38665,1.38679,1.00,1.62
2017.02.16 03:00:54.191,1.38665,1.38679,1.00,1.31
2017.02.16 03:00:57.304,1.38663,1.38679,1.00,1.94
2017.02.16 03:00:57.622,1.38661,1.38678,1.00,2.06
2017.02.16 03:00:57.920,1.38659,1.38674,1.00,1.12
2017.02.16 03:00:58.224,1.38657,1.38673,1.00,2.44
2017.02.16 03:00:58.275,1.38654,1.3867,1.00,2.06
2017.02.16 03:00:58.427,1.38653,1.38669,1.00,1.31
2017.02.16 03:00:58.528,1.38655,1.38669,1.00,1.56
2017.02.16 03:00:59.573,1.38654,1.3867,1.00,1.69
2017.02.16 03:01:00.092,1.38655,1.38671,1.00,2.06
2017.02.16 03:01:02.734,1.38653,1.38669,1.00,1.56
2017.02.16 03:01:02.785,1.38656,1.38671,1.00,1.31
2017.02.16 03:01:03.325,1.38655,1.3867,1.00,1.31
2017.02.16 03:01:04.529,1.38655,1.38668,1.00,1.25
2017.02.16 03:01:05.231,1.38655,1.38669,1.00,1.94
2017.02.16 03:01:06.075,1.38655,1.38669,1.00,1.94
2017.02.16 03:01:06.633,1.38653,1.38669,1.00,1.94
2017.02.16 03:01:06.837,1.38651,1.38667,1.00,2.06
2017.02.16 03:01:07.353,1.38649,1.38664,1.00,1.56
2017.02.16 03:01:07.679,1.38648,1.38663,1.00,1.69
2017.02.16 03:01:08.238,1.38649,1.38663,1.00,1.56
2017.02.16 03:01:14.212,1.38646,1.3866,1.00,1.25
2017.02.16 03:01:14.314,1.38644,1.3866,1.00,3.19
2017.02.16 03:01:14.365,1.38644,1.3866,1.00,1.31
2017.02.16 03:01:14.416,1.38646,1.3866,1.00,1.25
2017.02.16 03:01:14.720,1.38644,1.38659,1.00,1.56
2017.02.16 03:01:15.023,1.38643,1.38657,1.00,1.56
2017.02.16 03:01:15.554,1.38644,1.38657,1.00,1.56
2017.02.16 03:01:16.090,1.38644,1.38657,1.00,1.56
2017.02.16 03:01:17.509,1.38645,1.38661,1.00,2.06
2017.02.16 03:01:18.037,1.38646,1.38662,1.00,1.56
2017.02.16 03:01:18.989,1.38646,1.38662,1.00,1.56
2017.02.16 03:01:19.694,1.38647,1.38662,1.00,1.56
2017.02.16 03:01:19.897,1.38648,1.38662,1.00,1.00
2017.02.16 03:01:20.402,1.38648,1.38663,1.00,1.69
2017.02.16 03:01:22.740,1.38648,1.38663,1.00,1.69
2017.02.16 03:01:26.755,1.38651,1.38664,1.00,1.31
2017.02.16 03:01:26.856,1.38649,1.38666,1.00,1.69
2017.02.16 03:01:27.109,1.38654,1.38668,1.00,6.75
2017.02.16 03:01:27.262,1.38652,1.38668,1.00,5.25
2017.02.16 03:01:27.313,1.38654,1.38668,1.00,3.75
2017.02.16 03:01:27.617,1.38653,1.38667,1.00,1.56
2017.02.16 03:01:27.719,1.38653,1.38667,1.00,1.56
2017.02.16 03:01:28.999,1.38654,1.38667,1.00,1.56
2017.02.16 03:01:29.532,1.38654,1.38667,1.00,1.56
2017.02.16 03:01:32.486,1.38653,1.38667,1.00,1.56
2017.02.16 03:01:33.558,1.38653,1.38668,1.00,1.56
2017.02.16 03:01:34.076,1.38661,1.3867,1.00,1.31
2017.02.16 03:01:34.175,1.38661,1.38673,1.00,1.62
2017.02.16 03:01:34.227,1.38661,1.38674,1.00,1.00
2017.02.16 03:01:34.379,1.38658,1.38673,1.00,1.00
2017.02.16 03:01:34.835,1.38657,1.38673,1.00,2.06
2017.02.16 03:01:35.139,1.38655,1.38671,1.00,1.56
2017.02.16 03:01:35.864,1.38656,1.38671,1.00,2.06
2017.02.16 03:01:36.381,1.38657,1.38671,1.00,2.06
2017.02.16 03:01:37.545,1.38657,1.38671,1.00,2.06
2017.02.16 03:01:38.310,1.38658,1.38671,1.00,1.94
2017.02.16 03:01:38.361,1.38658,1.38672,1.00,2.06
2017.02.16 03:01:38.614,1.3866,1.38673,1.00,1.12
2017.02.16 03:01:38.918,1.38658,1.38673,1.00,1.50
2017.02.16 03:01:39.431,1.38659,1.38673,1.00,1.56
2017.02.16 03:01:40.152,1.38659,1.38673,1.00,1.31
2017.02.16 03:01:42.104,1.38658,1.38672,1.00,1.00
2017.02.16 03:01:44.746,1.38658,1.38671,1.00,1.00
2017.02.16 03:01:44.848,1.38656,1.38671,1.00,1.00
2017.02.16 03:01:44.949,1.38656,1.38671,1.00,2.06
2017.02.16 03:01:46.197,1.38656,1.38671,1.00,1.31
2017.02.16 03:01:52.141,1.38656,1.38672,1.00,3.19
2017.02.16 03:01:52.243,1.38655,1.38672,1.00,2.44
2017.02.16 03:01:52.345,1.38655,1.38672,1.00,2.44
2017.02.16 03:01:52.446,1.38655,1.38672,1.00,3.19
2017.02.16 03:01:53.270,1.38657,1.38671,1.00,1.31
2017.02.16 03:01:54.948,1.38653,1.38668,1.00,1.56
2017.02.16 03:01:55.000,1.38651,1.38667,1.12,1.56
2017.02.16 03:01:58.071,1.38651,1.38667,1.00,1.56
2017.02.16 03:01:59.332,1.38653,1.38668,1.00,1.69
2017.02.16 03:01:59.383,1.38655,1.38669,1.00,1.31
2017.02.16 03:01:59.485,1.38655,1.38671,1.00,2.06
2017.02.16 03:01:59.632,1.38655,1.38671,1.00,1.31
2017.02.16 03:02:02.094,1.38653,1.3867,1.00,1.50
2017.02.16 03:02:02.195,1.38653,1.3867,1.00,2.25
2017.02.16 03:02:02.520,1.38656,1.3867,1.00,1.31
2017.02.16 03:02:02.571,1.38656,1.38671,1.00,1.69
2017.02.16 03:02:02.763,1.38654,1.3867,1.00,1.69
2017.02.16 03:02:03.094,1.38659,1.38672,1.00,2.06
2017.02.16 03:02:03.196,1.38658,1.38672,1.00,1.31
2017.02.16 03:02:03.449,1.38657,1.38672,1.00,1.56
2017.02.16 03:02:05.010,1.38656,1.38671,1.00,1.56
2017.02.16 03:02:05.862,1.38656,1.38671,1.00,1.56
2017.02.16 03:02:06.177,1.38654,1.38671,1.00,2.44
2017.02.16 03:02:06.708,1.38653,1.38669,1.00,1.56
2017.02.16 03:02:07.475,1.38653,1.3867,1.00,3.19
2017.02.16 03:02:09.103,1.38654,1.38669,1.00,1.56
2017.02.16 03:02:10.288,1.38655,1.38669,1.00,1.56
2017.02.16 03:02:10.339,1.38657,1.38669,1.00,1.56
2017.02.16 03:02:10.390,1.38656,1.3867,1.00,1.56
2017.02.16 03:02:10.924,1.38655,1.38671,1.00,1.69
2017.02.16 03:02:11.553,1.38655,1.38668,1.00,1.00
2017.02.16 03:02:11.936,1.38659,1.38672,1.00,1.31
2017.02.16 03:02:11.987,1.38659,1.38675,1.00,2.06
2017.02.16 03:02:12.038,1.38661,1.38675,1.00,2.06
2017.02.16 03:02:12.146,1.38661,1.38675,1.00,1.00
2017.02.16 03:02:12.247,1.38658,1.38673,1.00,1.00
2017.02.16 03:02:12.793,1.38657,1.38673,1.00,1.00
2017.02.16 03:02:13.264,1.38656,1.38672,1.00,1.50
2017.02.16 03:02:13.784,1.38657,1.38669,1.00,1.12
2017.02.16 03:02:14.305,1.38657,1.3867,1.00,2.06
2017.02.16 03:02:14.608,1.38656,1.38672,1.00,1.56
2017.02.16 03:02:14.861,1.38654,1.3867,1.00,1.69
2017.02.16 03:02:17.638,1.38653,1.38669,1.00,2.06
2017.02.16 03:02:18.711,1.38653,1.38669,1.00,1.69
2017.02.16 03:02:19.391,1.38656,1.38671,1.00,1.75
2017.02.16 03:02:19.716,1.38657,1.38672,1.00,1.69
2017.02.16 03:02:20.379,1.38656,1.38672,1.00,1.69
2017.02.16 03:02:20.922,1.38656,1.38672,1.00,1.69
2017.02.16 03:02:22.106,1.38655,1.38672,1.00,3.19
2017.02.16 03:02:22.780,1.38654,1.3867,1.00,1.00
2017.02.16 03:02:23.769,1.38656,1.38672,1.00,1.69
2017.02.16 03:02:24.022,1.38653,1.3867,1.50,2.06
2017.02.16 03:02:24.137,1.38651,1.38667,1.00,1.00
2017.02.16 03:02:24.681,1.38651,1.38666,1.00,1.12
2017.02.16 03:02:25.227,1.38652,1.38665,1.00,1.00
2017.02.16 03:02:25.329,1.38654,1.38669,1.00,1.50
2017.02.16 03:02:26.219,1.38655,1.38669,1.00,1.50
2017.02.16 03:02:26.524,1.38656,1.38672,1.00,3.19
2017.02.16 03:02:27.047,1.38657,1.38672,1.00,1.31
2017.02.16 03:02:27.553,1.38654,1.38672,1.00,1.31
2017.02.16 03:02:27.604,1.38654,1.38672,1.00,1.56
2017.02.16 03:02:28.119,1.38653,1.3867,1.00,1.31
2017.02.16 03:02:29.707,1.38655,1.3867,1.00,1.31
2017.02.16 03:02:31.708,1.38655,1.38671,1.00,1.31
2017.02.16 03:02:32.063,1.38657,1.38672,1.00,1.69
2017.02.16 03:02:32.304,1.38657,1.38675,1.00,2.81
2017.02.16 03:02:33.302,1.38657,1.38674,1.00,1.56
2017.02.16 03:02:34.052,1.38659,1.38675,1.00,1.56
2017.02.16 03:02:34.147,1.38661,1.38676,1.00,1.69
2017.02.16 03:02:35.312,1.38661,1.38676,1.00,1.25
2017.02.16 03:02:36.191,1.3866,1.38674,1.00,1.00
2017.02.16 03:02:36.721,1.3866,1.38674,1.00,1.69
2017.02.16 03:02:37.489,1.3866,1.38674,1.00,1.31
2017.02.16 03:02:38.087,1.38661,1.38674,1.00,1.31
2017.02.16 03:02:41.649,1.38662,1.38677,1.00,2.44
2017.02.16 03:02:42.102,1.3866,1.38677,1.00,2.81
2017.02.16 03:02:46.388,1.38659,1.38675,1.00,1.69
2017.02.16 03:02:47.192,1.38659,1.38676,1.00,2.81
2017.02.16 03:02:52.640,1.38659,1.38673,1.00,1.56
2017.02.16 03:02:53.191,1.38658,1.38673,1.00,1.56
2017.02.16 03:02:53.483,1.38656,1.38674,1.12,2.06
2017.02.16 03:02:54.034,1.38655,1.38672,1.12,1.19
2017.02.16 03:02:54.136,1.38657,1.38673,1.00,1.69
2017.02.16 03:02:54.541,1.38659,1.38676,1.00,2.44
2017.02.16 03:02:54.844,1.3866,1.38676,1.00,2.44
2017.02.16 03:02:55.237,1.3866,1.38674,1.00,1.19
2017.02.16 03:02:55.288,1.38658,1.38673,1.00,1.19
2017.02.16 03:02:57.633,1.38657,1.38673,1.00,1.31
2017.02.16 03:02:57.959,1.38657,1.38673,1.00,1.31
2017.02.16 03:02:58.010,1.38657,1.38673,1.00,1.31
2017.02.16 03:02:58.309,1.38657,1.38673,1.00,1.31
2017.02.16 03:02:58.512,1.38657,1.38673,1.00,1.31
2017.02.16 03:02:58.715,1.38657,1.38673,1.00,1.31
2017.02.16 03:02:58.915,1.38657,1.38673,1.00,1.31
2017.02.16 03:02:59.219,1.38657,1.38673,1.00,1.31
2017.02.16 03:02:59.421,1.38659,1.38673,1.00,1.31
2017.02.16 03:02:59.523,1.38661,1.38673,1.00,1.19
2017.02.16 03:03:00.039,1.3866,1.38673,1.00,1.19
2017.02.16 03:03:00.313,1.38662,1.38677,1.00,1.19
2017.02.16 03:03:00.415,1.38666,1.38679,1.00,1.94
2017.02.16 03:03:00.620,1.38666,1.38683,1.00,2.44
2017.02.16 03:03:00.673,1.38668,1.38683,1.00,1.25
2017.02.16 03:03:00.927,1.38666,1.38684,1.00,1.87
2017.02.16 03:03:01.131,1.38666,1.38682,1.00,1.00
2017.02.16 03:03:01.665,1.38669,1.38684,1.00,1.69
2017.02.16 03:03:01.969,1.38667,1.38683,1.12,2.44
2017.02.16 03:03:03.103,1.38668,1.38683,1.00,1.19
2017.02.16 03:03:04.639,1.38667,1.38683,1.00,1.19
2017.02.16 03:03:04.741,1.38669,1.38685,1.00,1.00
2017.02.16 03:03:04.842,1.38671,1.38688,1.00,2.44
2017.02.16 03:03:05.358,1.38672,1.38687,1.00,1.19
2017.02.16 03:03:06.149,1.38672,1.38687,1.00,1.19
2017.02.16 03:03:11.857,1.38674,1.38689,1.00,1.31
2017.02.16 03:03:12.363,1.38674,1.38688,1.00,1.19
2017.02.16 03:03:12.465,1.38674,1.38688,1.00,1.19
2017.02.16 03:03:12.566,1.38673,1.38688,1.00,1.19
2017.02.16 03:03:12.617,1.38673,1.38688,1.00,1.19
2017.02.16 03:03:13.122,1.38674,1.38689,1.00,2.06
2017.02.16 03:03:15.389,1.38676,1.38689,1.00,1.19
2017.02.16 03:03:15.440,1.38677,1.3869,1.00,1.19
2017.02.16 03:03:15.618,1.38674,1.38688,1.12,1.19
2017.02.16 03:03:15.669,1.38673,1.38688,1.50,1.25
2017.02.16 03:03:15.720,1.38672,1.38687,1.75,1.37
2017.02.16 03:03:15.822,1.38671,1.38687,1.12,1.56
2017.02.16 03:03:16.670,1.38671,1.38685,1.00,1.19
2017.02.16 03:03:17.562,1.38671,1.38686,1.00,1.31
2017.02.16 03:03:18.573,1.38671,1.38686,1.00,1.69
2017.02.16 03:03:23.349,1.38671,1.38686,1.00,1.69
2017.02.16 03:03:23.853,1.38672,1.38686,1.00,1.69
2017.02.16 03:03:25.572,1.38671,1.38687,1.00,1.94
2017.02.16 03:03:28.509,1.38672,1.38687,1.00,1.69
2017.02.16 03:03:28.661,1.38672,1.38687,1.00,1.69
2017.02.16 03:03:28.712,1.38674,1.38688,1.00,1.56
2017.02.16 03:03:29.016,1.38677,1.38691,1.00,1.94
2017.02.16 03:03:29.340,1.38677,1.38693,1.50,2.06
2017.02.16 03:03:30.539,1.38677,1.38693,1.50,1.37
2017.02.16 03:03:30.781,1.38677,1.38693,1.50,1.37
2017.02.16 03:03:32.737,1.38677,1.38692,1.00,1.37
2017.02.16 03:03:33.222,1.38675,1.3869,1.00,1.37
2017.02.16 03:03:33.324,1.38676,1.38691,1.00,1.00
2017.02.16 03:03:33.426,1.38674,1.38692,1.00,1.37
2017.02.16 03:03:33.628,1.38672,1.38689,1.00,1.37
2017.02.16 03:03:33.730,1.38669,1.38686,1.50,1.00
2017.02.16 03:03:34.307,1.38671,1.38686,1.00,1.00
2017.02.16 03:03:34.668,1.38677,1.38689,1.00,3.75
2017.02.16 03:03:34.720,1.38677,1.38689,1.00,3.37
2017.02.16 03:03:34.922,1.38677,1.38694,1.00,4.12
2017.02.16 03:03:34.973,1.38678,1.38694,1.00,3.37
2017.02.16 03:03:35.126,1.38679,1.38693,1.00,1.37
2017.02.16 03:03:35.836,1.38678,1.38693,1.00,1.37
2017.02.16 03:03:36.337,1.38678,1.38693,1.00,1.87
2017.02.16 03:03:36.703,1.38679,1.38693,1.00,1.37
2017.02.16 03:03:36.805,1.38682,1.38695,1.00,1.00
2017.02.16 03:03:36.856,1.38678,1.38697,1.00,2.25
2017.02.16 03:03:36.907,1.38678,1.38695,1.00,1.37
2017.02.16 03:03:37.463,1.38677,1.38693,1.00,1.37
2017.02.16 03:03:38.119,1.38677,1.38693,1.00,1.87
2017.02.16 03:03:38.778,1.38677,1.38693,1.00,1.87
2017.02.16 03:03:38.880,1.38677,1.38694,1.00,1.12
2017.02.16 03:03:38.931,1.38681,1.38694,1.00,1.12
2017.02.16 03:03:39.418,1.38683,1.38699,1.00,1.87
2017.02.16 03:03:39.924,1.38682,1.38697,1.00,1.37
2017.02.16 03:03:40.499,1.38683,1.38698,1.00,1.87
2017.02.16 03:03:40.803,1.38685,1.387,1.00,1.37
2017.02.16 03:03:41.087,1.38682,1.38698,1.00,1.00
2017.02.16 03:03:41.189,1.38683,1.38699,1.00,1.12
2017.02.16 03:03:41.298,1.38684,1.387,1.00,1.50
2017.02.16 03:03:41.451,1.38684,1.387,1.00,1.50
2017.02.16 03:03:41.654,1.38688,1.38701,1.00,1.00
2017.02.16 03:03:41.857,1.38689,1.38704,1.00,1.50
2017.02.16 03:03:42.483,1.38689,1.38704,1.00,2.62
2017.02.16 03:03:43.860,1.38688,1.38701,1.00,1.12
2017.02.16 03:03:43.911,1.38683,1.387,1.50,1.12
2017.02.16 03:03:43.962,1.38684,1.38698,1.00,1.00
2017.02.16 03:03:44.266,1.38689,1.38701,1.00,1.00
2017.02.16 03:03:44.317,1.38687,1.38701,1.00,1.00
2017.02.16 03:03:44.611,1.38687,1.38705,1.50,1.50
2017.02.16 03:03:45.015,1.38689,1.38705,1.00,1.00
2017.02.16 03:03:46.909,1.38689,1.38702,1.50,1.00
2017.02.16 03:03:46.961,1.38687,1.38702,1.12,1.00
2017.02.16 03:03:47.113,1.38685,1.38701,1.12,1.00
2017.02.16 03:03:47.164,1.38687,1.38703,1.00,1.00
2017.02.16 03:03:47.426,1.38688,1.38705,1.00,1.00
2017.02.16 03:03:48.153,1.38688,1.38703,1.00,1.00
2017.02.16 03:03:48.696,1.38687,1.38703,1.50,1.00
2017.02.16 03:03:49.301,1.38687,1.38704,1.50,1.00
2017.02.16 03:03:49.760,1.38686,1.38701,1.87,1.00
2017.02.16 03:03:50.324,1.38686,1.38702,1.87,1.00
2017.02.16 03:03:50.667,1.38688,1.38702,1.00,1.00
2017.02.16 03:03:51.180,1.38687,1.38703,1.00,1.50
2017.02.16 03:03:51.700,1.38687,1.38703,1.50,1.50
2017.02.16 03:03:56.884,1.38687,1.38703,1.12,2.25
2017.02.16 03:03:57.878,1.38686,1.38701,1.50,1.37
2017.02.16 03:03:57.929,1.38685,1.38701,1.75,2.25
2017.02.16 03:03:57.980,1.38684,1.38701,1.12,2.25
2017.02.16 03:03:58.390,1.38684,1.38699,1.00,1.00
2017.02.16 03:03:58.698,1.38686,1.387,1.00,1.00
2017.02.16 03:03:59.222,1.38686,1.38701,1.50,1.00
2017.02.16 03:04:00.893,1.38685,1.38701,1.00,1.00
2017.02.16 03:04:01.370,1.38683,1.38699,1.12,1.00
2017.02.16 03:04:01.674,1.38684,1.38698,1.00,1.56
2017.02.16 03:04:02.297,1.38683,1.38695,1.00,1.12
2017.02.16 03:04:02.348,1.38679,1.38695,1.00,1.87
2017.02.16 03:04:02.539,1.38676,1.38694,1.56,1.12
2017.02.16 03:04:03.047,1.38678,1.38694,1.00,1.00
2017.02.16 03:04:03.351,1.38675,1.38692,2.62,1.00
2017.02.16 03:04:03.453,1.38675,1.38691,1.87,1.56
2017.02.16 03:04:03.850,1.38683,1.38696,1.00,1.69
2017.02.16 03:04:03.901,1.38683,1.38698,1.00,1.69
2017.02.16 03:04:04.054,1.38681,1.38698,1.00,2.06
2017.02.16 03:04:04.156,1.3868,1.38696,1.00,1.56
2017.02.16 03:04:04.358,1.38676,1.38695,1.12,1.56
2017.02.16 03:04:04.460,1.38678,1.38693,1.00,1.00
2017.02.16 03:04:04.916,1.38676,1.38691,1.12,1.00
2017.02.16 03:04:04.967,1.38676,1.38693,1.12,1.50
2017.02.16 03:04:05.566,1.38677,1.38693,1.00,1.56
2017.02.16 03:04:06.380,1.38676,1.38691,1.00,1.31
2017.02.16 03:04:06.989,1.38676,1.38692,1.00,1.50
2017.02.16 03:04:07.292,1.38679,1.38694,1.00,1.00
2017.02.16 03:04:07.838,1.38678,1.38693,1.00,1.00
2017.02.16 03:04:09.565,1.38677,1.38693,1.00,1.87
2017.02.16 03:04:09.869,1.38675,1.38692,1.00,1.87
2017.02.16 03:04:09.920,1.38675,1.38693,1.00,3.94
2017.02.16 03:04:09.971,1.38675,1.38692,1.00,1.87
2017.02.16 03:04:10.476,1.38676,1.38691,1.00,1.87
2017.02.16 03:04:12.122,1.38676,1.3869,1.00,1.00
2017.02.16 03:04:12.688,1.38677,1.38692,1.00,1.62
2017.02.16 03:04:12.993,1.38679,1.38693,1.00,1.12
2017.02.16 03:04:13.543,1.38678,1.38693,1.00,1.12
2017.02.16 03:04:14.763,1.38677,1.38693,1.00,1.12
2017.02.16 03:04:16.519,1.3868,1.38694,1.00,2.06
2017.02.16 03:04:16.824,1.38681,1.38696,1.00,1.50
2017.02.16 03:04:17.345,1.38685,1.38698,1.00,1.31
2017.02.16 03:04:17.562,1.38684,1.38699,1.00,1.12
2017.02.16 03:04:17.613,1.38687,1.38699,1.00,1.50
2017.02.16 03:04:18.633,1.38684,1.38699,1.00,2.06
2017.02.16 03:04:18.736,1.38686,1.387,1.00,2.06
2017.02.16 03:04:19.079,1.38691,1.38707,1.00,1.37
2017.02.16 03:04:19.622,1.38688,1.38706,1.00,3.00
2017.02.16 03:04:19.673,1.38688,1.38706,1.00,3.56
2017.02.16 03:04:20.179,1.38687,1.38702,1.00,1.56
2017.02.16 03:04:20.230,1.38684,1.38701,1.00,1.69
2017.02.16 03:04:20.637,1.38685,1.38701,1.00,1.00
2017.02.16 03:04:21.846,1.38686,1.38701,1.00,1.00
2017.02.16 03:04:22.359,1.38686,1.38703,1.00,2.25
2017.02.16 03:04:22.410,1.38693,1.38703,1.00,1.75
2017.02.16 03:04:22.512,1.38694,1.38707,1.00,3.19
2017.02.16 03:04:22.740,1.38691,1.38708,1.00,1.00
2017.02.16 03:04:22.792,1.3869,1.38706,1.12,1.00
2017.02.16 03:04:23.229,1.38689,1.38705,1.00,1.56
2017.02.16 03:04:24.209,1.38689,1.38706,1.00,2.81
2017.02.16 03:04:25.280,1.38691,1.38706,1.00,1.00
2017.02.16 03:04:25.331,1.38691,1.38708,1.00,1.69
2017.02.16 03:04:25.433,1.38695,1.3871,1.00,2.25
2017.02.16 03:04:25.636,1.38695,1.3871,1.00,1.00
2017.02.16 03:04:25.839,1.38694,1.38709,1.00,1.37
2017.02.16 03:04:26.340,1.38694,1.38709,1.00,1.31
2017.02.16 03:04:26.694,1.38696,1.3871,1.00,1.12
2017.02.16 03:04:26.846,1.38697,1.38712,1.00,1.00
2017.02.16 03:04:27.376,1.38696,1.38712,1.00,1.69
2017.02.16 03:04:29.205,1.38696,1.38711,1.00,1.00
2017.02.16 03:04:29.992,1.38696,1.38712,1.00,1.69
2017.02.16 03:04:31.220,1.38696,1.38711,1.00,1.00
2017.02.16 03:04:32.060,1.38696,1.3871,1.00,1.00
2017.02.16 03:04:32.408,1.38696,1.38712,1.00,2.06
2017.02.16 03:04:34.779,1.38696,1.38708,1.00,1.00
2017.02.16 03:04:34.831,1.3869,1.38707,1.12,1.31
2017.02.16 03:04:34.883,1.38692,1.38707,1.00,2.06
2017.02.16 03:04:35.239,1.38695,1.38708,1.00,1.50
2017.02.16 03:04:35.543,1.38697,1.38712,1.00,1.50
2017.02.16 03:04:36.324,1.38696,1.38711,1.00,1.69
2017.02.16 03:04:36.433,1.38697,1.38712,1.00,2.06
2017.02.16 03:04:36.485,1.38697,1.38712,1.00,1.94
2017.02.16 03:04:37.425,1.38693,1.38708,1.00,1.12
2017.02.16 03:04:37.478,1.38691,1.38708,1.00,1.69
2017.02.16 03:04:37.783,1.38691,1.38706,1.00,1.31
2017.02.16 03:04:39.484,1.38691,1.38706,1.00,2.06
2017.02.16 03:04:42.677,1.38687,1.38701,1.00,1.69
2017.02.16 03:04:42.728,1.38684,1.38701,1.00,4.69
2017.02.16 03:04:42.779,1.38684,1.38701,1.00,3.19
2017.02.16 03:04:43.330,1.38684,1.387,1.00,1.00
2017.02.16 03:04:43.859,1.38684,1.387,1.00,1.37
2017.02.16 03:04:44.478,1.38683,1.38699,1.00,1.12
2017.02.16 03:04:49.265,1.38684,1.38699,1.00,1.12
2017.02.16 03:04:50.181,1.38685,1.38701,1.00,4.69
2017.02.16 03:04:50.282,1.38685,1.38701,1.00,3.94
2017.02.16 03:04:52.212,1.38687,1.38701,1.00,1.00
2017.02.16 03:04:52.365,1.38687,1.38704,1.00,1.00
2017.02.16 03:04:52.416,1.38692,1.38706,1.00,1.56
2017.02.16 03:04:52.756,1.3869,1.38704,1.00,1.87
2017.02.16 03:04:52.807,1.38688,1.38704,1.00,1.37
2017.02.16 03:04:52.859,1.38686,1.38701,1.50,1.00
2017.02.16 03:04:53.011,1.38689,1.38704,1.00,1.00
2017.02.16 03:04:53.113,1.38692,1.38707,1.00,3.19
2017.02.16 03:04:54.370,1.38692,1.38706,1.00,1.31
2017.02.16 03:04:56.100,1.38691,1.38706,1.00,1.31
2017.02.16 03:04:56.930,1.38692,1.38708,1.00,2.81
2017.02.16 03:04:58.218,1.38693,1.38708,1.00,1.69
2017.02.16 03:04:58.529,1.38693,1.38708,1.00,1.69
2017.02.16 03:04:58.631,1.38693,1.38708,1.00,1.69
2017.02.16 03:04:59.840,1.38693,1.38708,1.00,1.69
2017.02.16 03:05:03.084,1.38693,1.38708,1.00,1.69
2017.02.16 03:05:09.477,1.38696,1.3871,1.00,2.06
2017.02.16 03:05:09.851,1.38697,1.38711,1.00,2.06
2017.02.16 03:05:10.769,1.38697,1.38711,1.00,1.31
2017.02.16 03:05:12.157,1.38698,1.38711,1.00,1.31
2017.02.16 03:05:18.142,1.38699,1.38711,1.00,2.06
2017.02.16 03:05:22.108,1.38697,1.38712,1.00,1.56
2017.02.16 03:05:22.613,1.38698,1.38712,1.00,1.56
2017.02.16 03:05:23.361,1.38698,1.38712,1.00,1.56
2017.02.16 03:05:31.367,1.38698,1.38712,1.00,1.56
2017.02.16 03:05:32.122,1.38697,1.38712,1.00,1.56
2017.02.16 03:05:32.627,1.38698,1.38713,1.00,2.06
2017.02.16 03:05:33.206,1.38698,1.38713,1.00,2.06
2017.02.16 03:05:33.726,1.38698,1.38713,1.00,2.06
2017.02.16 03:05:34.689,1.38698,1.38713,1.00,2.44
2017.02.16 03:05:35.768,1.38698,1.3871,1.00,1.00
2017.02.16 03:05:42.232,1.38696,1.3871,1.00,1.00
2017.02.16 03:05:42.763,1.38697,1.3871,1.00,1.00
2017.02.16 03:05:50.393,1.38694,1.38709,1.12,2.44
2017.02.16 03:05:50.973,1.38695,1.38707,1.00,1.56
2017.02.16 03:05:51.512,1.38697,1.38709,1.00,1.56
2017.02.16 03:05:51.714,1.38697,1.38712,1.00,1.56
2017.02.16 03:05:52.881,1.38698,1.38713,1.00,1.56
2017.02.16 03:05:53.878,1.38698,1.38711,1.00,1.56
2017.02.16 03:05:54.397,1.38697,1.38711,1.00,1.56
2017.02.16 03:05:55.958,1.38698,1.38711,1.00,1.56
2017.02.16 03:05:56.110,1.38698,1.38713,1.00,2.06
2017.02.16 03:05:56.626,1.38698,1.38713,1.00,1.69
2017.02.16 03:05:58.712,1.38698,1.38713,1.00,1.69
2017.02.16 03:05:59.042,1.38703,1.38714,1.00,1.56
2017.02.16 03:05:59.143,1.38703,1.38716,1.00,1.56
2017.02.16 03:05:59.245,1.38703,1.38716,1.00,1.56
2017.02.16 03:06:00.166,1.38703,1.38717,1.00,1.56
2017.02.16 03:06:01.739,1.38704,1.38715,1.00,1.56
2017.02.16 03:06:02.311,1.38697,1.38713,1.50,1.69
2017.02.16 03:06:02.362,1.38697,1.38712,1.12,1.87
2017.02.16 03:06:02.464,1.38697,1.38713,1.00,1.69
2017.02.16 03:06:02.565,1.38699,1.38713,1.00,1.25
2017.02.16 03:06:02.919,1.38701,1.38715,1.00,2.44
2017.02.16 03:06:03.520,1.38702,1.38715,1.00,1.56
2017.02.16 03:06:07.103,1.387,1.38714,1.00,1.56
2017.02.16 03:06:07.155,1.387,1.38714,1.00,1.56
2017.02.16 03:06:09.155,1.38701,1.38715,1.00,2.06
2017.02.16 03:06:09.722,1.38701,1.38717,1.00,1.56
2017.02.16 03:06:13.551,1.38702,1.38717,1.00,1.56
2017.02.16 03:06:13.731,1.38705,1.38717,1.00,1.56
2017.02.16 03:06:13.933,1.38705,1.38717,1.00,1.00
2017.02.16 03:06:14.164,1.38705,1.38719,1.00,1.00
2017.02.16 03:06:14.734,1.38704,1.38718,1.00,1.00
2017.02.16 03:06:17.072,1.38703,1.38718,1.00,1.00
2017.02.16 03:06:17.580,1.38704,1.38718,1.00,1.00
2017.02.16 03:06:18.117,1.38705,1.38718,1.00,1.31
2017.02.16 03:06:18.584,1.38703,1.38718,1.00,1.31
2017.02.16 03:06:18.635,1.38703,1.38715,1.00,1.31
2017.02.16 03:06:19.212,1.38702,1.38715,1.00,1.31
2017.02.16 03:06:19.861,1.38701,1.38715,1.00,1.31
2017.02.16 03:06:21.158,1.38701,1.38715,1.00,1.56
2017.02.16 03:06:22.109,1.38702,1.38716,1.00,1.56
2017.02.16 03:06:22.160,1.387,1.38717,1.00,2.06
2017.02.16 03:06:23.931,1.38702,1.38717,1.00,2.06
2017.02.16 03:06:28.136,1.38703,1.38717,1.00,1.31
2017.02.16 03:06:28.642,1.38704,1.38718,1.00,1.56
2017.02.16 03:06:29.152,1.38703,1.38718,1.00,1.56
2017.02.16 03:06:32.102,1.38702,1.38718,1.00,2.06
2017.02.16 03:06:32.254,1.387,1.38716,1.00,2.81
2017.02.16 03:06:32.572,1.38701,1.38716,1.00,1.56
2017.02.16 03:06:33.120,1.38702,1.38717,1.00,1.56
2017.02.16 03:06:37.133,1.38703,1.38717,1.00,1.56
2017.02.16 03:06:37.715,1.38704,1.38717,1.00,1.56
2017.02.16 03:06:38.268,1.38704,1.38717,1.00,1.56
2017.02.16 03:06:48.117,1.38699,1.38716,1.12,4.12
2017.02.16 03:06:48.624,1.38698,1.38713,1.00,1.69
2017.02.16 03:06:57.293,1.38698,1.38713,1.00,1.00
2017.02.16 03:06:57.870,1.38699,1.38715,1.00,2.06
2017.02.16 03:07:01.884,1.38699,1.38715,1.00,1.69
2017.02.16 03:07:03.711,1.38701,1.38716,1.00,1.31
2017.02.16 03:07:03.762,1.38701,1.38715,1.00,1.25
2017.02.16 03:07:04.369,1.38702,1.38717,1.00,1.56
2017.02.16 03:07:04.691,1.387,1.38716,1.00,1.56
2017.02.16 03:07:05.197,1.38701,1.38718,1.00,1.94
2017.02.16 03:07:05.248,1.38703,1.38719,1.00,4.31
2017.02.16 03:07:05.299,1.38704,1.38719,1.00,3.56
2017.02.16 03:07:05.517,1.38701,1.38717,1.00,1.69
2017.02.16 03:07:05.721,1.38704,1.38718,1.00,2.06
2017.02.16 03:07:05.772,1.38704,1.38718,1.00,2.06
2017.02.16 03:07:06.727,1.38703,1.38718,1.00,1.56
2017.02.16 03:07:07.233,1.38704,1.38718,1.00,1.56
2017.02.16 03:07:08.247,1.38704,1.38718,1.00,1.56
2017.02.16 03:07:08.647,1.38702,1.38718,1.00,3.19
2017.02.16 03:07:08.739,1.38702,1.38717,1.00,1.31
2017.02.16 03:07:09.769,1.38702,1.38718,1.00,2.44
2017.02.16 03:07:10.925,1.38702,1.38711,1.00,1.00
2017.02.16 03:07:16.069,1.38703,1.38711,1.00,1.00
2017.02.16 03:07:17.184,1.38702,1.38711,1.00,1.00
2017.02.16 03:07:17.336,1.38702,1.38719,1.00,2.44
2017.02.16 03:07:17.387,1.38702,1.38719,1.00,1.69
2017.02.16 03:07:17.692,1.38702,1.3871,1.00,1.00
2017.02.16 03:07:17.743,1.38702,1.38718,1.00,1.56
2017.02.16 03:07:18.137,1.38704,1.38715,1.00,1.00
2017.02.16 03:07:18.479,1.38709,1.38717,1.00,1.00
2017.02.16 03:07:18.985,1.3871,1.38717,1.00,1.00
2017.02.16 03:07:19.915,1.38712,1.38722,1.00,1.00
2017.02.16 03:07:20.016,1.38713,1.38728,1.00,1.37
2017.02.16 03:07:20.067,1.38715,1.38728,1.00,1.37
2017.02.16 03:07:20.118,1.38713,1.38727,1.00,1.56
2017.02.16 03:07:20.710,1.38712,1.38727,1.00,1.56
2017.02.16 03:07:20.762,1.38711,1.38717,1.00,1.00
2017.02.16 03:07:20.864,1.38709,1.38717,1.00,1.00
2017.02.16 03:07:20.967,1.38707,1.38717,1.00,1.00
2017.02.16 03:07:21.127,1.38709,1.38717,1.00,1.00
2017.02.16 03:07:21.966,1.38711,1.3872,1.00,1.00
2017.02.16 03:07:22.483,1.3871,1.38721,1.00,1.00
2017.02.16 03:07:22.534,1.38715,1.38722,1.00,1.00
2017.02.16 03:07:22.821,1.38713,1.38725,1.00,1.00
2017.02.16 03:07:22.873,1.38713,1.38728,1.00,2.06
2017.02.16 03:07:23.128,1.38712,1.38722,1.00,1.00
2017.02.16 03:07:23.648,1.38711,1.38721,1.00,1.00
2017.02.16 03:07:26.306,1.3871,1.38721,1.00,1.00
2017.02.16 03:07:28.202,1.3871,1.38719,1.00,1.00
2017.02.16 03:07:28.607,1.38712,1.3872,1.00,1.00
2017.02.16 03:07:29.788,1.38712,1.38727,1.00,2.06
2017.02.16 03:07:33.378,1.38712,1.38728,1.00,1.50
2017.02.16 03:07:33.885,1.38711,1.38727,1.00,1.19
2017.02.16 03:07:37.152,1.38712,1.38728,1.00,2.06
2017.02.16 03:07:37.355,1.38712,1.38728,1.00,1.87
2017.02.16 03:07:39.496,1.38713,1.38724,1.00,1.00
2017.02.16 03:07:39.598,1.38713,1.38728,1.00,1.75
2017.02.16 03:07:40.375,1.38714,1.38729,1.00,1.75
2017.02.16 03:07:43.290,1.38709,1.38725,1.50,1.12
2017.02.16 03:07:43.341,1.38709,1.38725,1.00,2.62
2017.02.16 03:07:43.493,1.38707,1.38723,1.00,1.50
2017.02.16 03:07:43.999,1.38708,1.38722,1.00,1.12
2017.02.16 03:07:44.617,1.38709,1.38723,1.00,1.50
2017.02.16 03:07:45.135,1.38708,1.38723,1.00,1.50
2017.02.16 03:07:51.582,1.38707,1.38723,1.00,1.50
2017.02.16 03:07:52.484,1.38708,1.38723,1.00,1.12
2017.02.16 03:07:52.585,1.3871,1.38723,1.00,1.00
2017.02.16 03:07:53.091,1.38709,1.38723,1.00,1.12
2017.02.16 03:07:53.633,1.38708,1.38723,1.00,1.12
2017.02.16 03:08:09.082,1.38709,1.38724,1.00,1.00
2017.02.16 03:08:09.591,1.3871,1.38725,1.00,1.12
2017.02.16 03:08:10.217,1.3871,1.38724,1.00,1.00
2017.02.16 03:08:10.783,1.3871,1.38723,1.00,1.00
2017.02.16 03:08:11.941,1.3871,1.38724,1.00,1.00
2017.02.16 03:08:12.528,1.3871,1.38725,1.00,1.12
2017.02.16 03:08:13.118,1.38709,1.38723,1.00,1.00
2017.02.16 03:08:13.371,1.3871,1.38725,1.00,1.12
2017.02.16 03:08:13.589,1.3871,1.38723,1.00,1.00
2017.02.16 03:08:13.965,1.3871,1.38725,1.00,1.12
2017.02.16 03:08:14.496,1.38709,1.38725,1.00,1.12
2017.02.16 03:08:15.237,1.3871,1.38726,1.00,3.00
2017.02.16 03:08:15.594,1.38709,1.38723,1.00,1.00
2017.02.16 03:08:15.861,1.3871,1.38725,1.00,1.12
2017.02.16 03:08:16.098,1.38709,1.38723,1.00,1.00
2017.02.16 03:08:16.901,1.38708,1.38723,1.00,1.12
2017.02.16 03:08:17.248,1.3871,1.38723,1.00,1.12
2017.02.16 03:08:18.253,1.38708,1.38724,1.00,1.50
2017.02.16 03:08:18.305,1.38712,1.38724,1.00,1.50
2017.02.16 03:08:18.457,1.38715,1.38728,1.00,1.50
2017.02.16 03:08:18.963,1.38715,1.38728,1.00,1.00
2017.02.16 03:08:23.762,1.38716,1.38728,1.00,1.00
2017.02.16 03:08:24.302,1.38716,1.38729,1.00,1.00
2017.02.16 03:08:27.849,1.38716,1.38731,1.00,1.12
2017.02.16 03:08:29.556,1.38714,1.38725,1.00,1.00
2017.02.16 03:08:29.806,1.38716,1.38731,1.00,2.81
2017.02.16 03:08:31.617,1.38715,1.3873,1.00,1.00
2017.02.16 03:08:35.121,1.38716,1.38731,1.00,2.06
2017.02.16 03:08:43.963,1.38714,1.38731,1.00,1.87
2017.02.16 03:08:45.171,1.38715,1.38731,1.00,1.87
2017.02.16 03:08:45.837,1.38715,1.38731,1.00,1.87
2017.02.16 03:08:46.198,1.38715,1.38729,1.00,1.00
2017.02.16 03:08:46.271,1.38715,1.38731,1.00,1.87
2017.02.16 03:08:46.810,1.38715,1.38731,1.00,1.87
2017.02.16 03:08:47.468,1.38715,1.38731,1.00,1.87
2017.02.16 03:08:48.012,1.38715,1.38731,1.00,1.37
2017.02.16 03:08:48.519,1.38716,1.38731,1.00,1.50
2017.02.16 03:08:48.909,1.38715,1.38729,1.00,1.00
2017.02.16 03:08:50.232,1.38716,1.38731,1.00,1.12
2017.02.16 03:08:50.636,1.38718,1.38732,1.00,1.00
2017.02.16 03:08:51.383,1.38717,1.38733,1.00,1.12
2017.02.16 03:08:51.888,1.38717,1.38732,1.00,1.00
2017.02.16 03:08:57.499,1.38717,1.38733,1.00,1.00
2017.02.16 03:08:58.093,1.38717,1.38732,1.00,1.00
2017.02.16 03:09:04.408,1.38718,1.38732,1.00,1.50
2017.02.16 03:09:05.062,1.38717,1.38732,1.00,1.00
2017.02.16 03:09:05.112,1.38715,1.38732,1.00,1.00
2017.02.16 03:09:05.264,1.38715,1.38733,1.00,1.56
2017.02.16 03:09:05.810,1.38717,1.38733,1.00,1.56
2017.02.16 03:09:06.792,1.38717,1.38733,1.00,1.50
2017.02.16 03:09:07.912,1.38717,1.38732,1.00,1.00
2017.02.16 03:09:12.644,1.38718,1.38733,1.00,1.50
2017.02.16 03:09:12.998,1.38713,1.38728,1.50,1.00
2017.02.16 03:09:13.487,1.38715,1.38729,1.00,1.00
2017.02.16 03:09:13.538,1.38717,1.38733,1.00,1.50
2017.02.16 03:09:13.640,1.38719,1.38734,1.00,1.87
2017.02.16 03:09:14.146,1.38718,1.38734,1.00,1.12
2017.02.16 03:09:14.492,1.38717,1.38731,1.00,1.00
2017.02.16 03:09:15.405,1.38717,1.38732,1.00,1.00
2017.02.16 03:09:15.558,1.38717,1.38735,1.00,1.50
2017.02.16 03:09:16.122,1.38718,1.38735,1.00,1.50
2017.02.16 03:09:16.686,1.3872,1.38735,1.00,1.50
2017.02.16 03:09:21.133,1.3872,1.38735,1.00,1.50
2017.02.16 03:09:21.184,1.38718,1.38735,1.00,1.50
2017.02.16 03:09:21.722,1.38717,1.38732,1.00,1.00
2017.02.16 03:09:21.877,1.38717,1.38734,1.00,1.00
2017.02.16 03:09:22.147,1.38718,1.38734,1.00,2.44
2017.02.16 03:09:22.878,1.38718,1.38734,1.00,1.69
2017.02.16 03:09:25.510,1.38717,1.38731,1.00,1.56
2017.02.16 03:09:26.096,1.38716,1.38732,1.00,1.56
2017.02.16 03:09:29.984,1.38715,1.3873,1.00,1.31
2017.02.16 03:09:30.970,1.38717,1.38731,1.00,1.56
2017.02.16 03:09:35.655,1.38716,1.38731,1.00,1.56
2017.02.16 03:09:39.615,1.38715,1.38731,1.00,2.06
2017.02.16 03:09:39.919,1.38715,1.38729,1.00,1.56
2017.02.16 03:09:40.136,1.38715,1.38732,1.00,2.81
2017.02.16 03:09:40.660,1.38715,1.38729,1.00,1.00
2017.02.16 03:09:40.761,1.38714,1.38729,1.00,1.56
2017.02.16 03:09:41.373,1.38713,1.38728,1.00,1.56
2017.02.16 03:09:43.224,1.38711,1.38728,1.00,1.69
2017.02.16 03:09:43.706,1.38713,1.3873,1.00,1.50
2017.02.16 03:09:43.757,1.38722,1.38732,1.00,2.06
2017.02.16 03:09:43.808,1.38718,1.38732,1.00,1.25
2017.02.16 03:09:44.011,1.38714,1.38729,1.12,1.00
2017.02.16 03:09:44.213,1.38713,1.38729,1.00,1.37
2017.02.16 03:09:44.315,1.38714,1.38729,1.00,1.12
2017.02.16 03:09:44.853,1.38715,1.38729,1.00,1.12
2017.02.16 03:09:45.597,1.38714,1.38729,1.00,1.00
2017.02.16 03:09:46.126,1.38715,1.38729,1.00,1.00
2017.02.16 03:09:47.134,1.38714,1.38729,1.00,1.00
2017.02.16 03:09:47.185,1.38714,1.38729,1.00,2.62
2017.02.16 03:09:47.388,1.38711,1.38727,1.00,3.19
2017.02.16 03:09:47.489,1.38711,1.38727,1.00,1.37
2017.02.16 03:09:48.265,1.38711,1.38727,1.00,2.44
2017.02.16 03:09:48.941,1.38709,1.38725,1.00,1.31
2017.02.16 03:09:49.043,1.38711,1.38727,1.00,1.87
2017.02.16 03:09:49.549,1.38711,1.38727,1.00,2.44
2017.02.16 03:09:49.650,1.38711,1.38727,1.00,2.44
2017.02.16 03:09:49.853,1.3871,1.38727,1.00,2.44
2017.02.16 03:09:50.133,1.3871,1.38727,1.00,2.44
2017.02.16 03:09:50.677,1.3871,1.38727,1.00,1.37
2017.02.16 03:09:58.758,1.3871,1.38727,1.00,1.56
2017.02.16 03:09:59.658,1.3871,1.38727,1.00,1.12
2017.02.16 03:09:59.796,1.3871,1.38727,1.00,2.44
2017.02.16 03:10:00.307,1.38711,1.38727,1.00,2.44
2017.02.16 03:10:01.151,1.38713,1.38727,1.00,1.31
2017.02.16 03:10:04.954,1.38713,1.38729,1.00,1.56
2017.02.16 03:10:05.007,1.38707,1.38725,1.00,1.12
2017.02.16 03:10:05.102,1.38708,1.38725,1.00,2.81
2017.02.16 03:10:05.476,1.38707,1.38723,1.00,1.69
2017.02.16 03:10:17.241,1.38707,1.38723,1.00,1.69
2017.02.16 03:10:17.770,1.38706,1.38723,1.00,1.69
2017.02.16 03:10:21.918,1.38706,1.38721,1.00,1.56
2017.02.16 03:10:23.502,1.38706,1.38721,1.50,1.56
2017.02.16 03:10:24.466,1.38706,1.38721,1.50,1.56
2017.02.16 03:10:26.403,1.38708,1.38723,1.00,1.12
2017.02.16 03:10:27.087,1.38707,1.38723,1.00,1.12
2017.02.16 03:10:29.775,1.38706,1.38721,1.50,1.00
2017.02.16 03:10:29.826,1.38707,1.38723,1.00,1.12
2017.02.16 03:10:29.986,1.38702,1.3872,1.00,1.87
2017.02.16 03:10:30.531,1.38702,1.38717,1.00,1.00
2017.02.16 03:10:37.795,1.38701,1.38717,1.00,1.00
2017.02.16 03:10:51.837,1.387,1.38717,1.00,1.00
2017.02.16 03:10:52.142,1.38699,1.38715,1.00,1.00
2017.02.16 03:10:52.444,1.38696,1.38713,1.00,1.50
2017.02.16 03:10:52.949,1.38697,1.38713,1.00,1.50
2017.02.16 03:10:55.493,1.38697,1.38713,1.00,1.00
2017.02.16 03:10:55.697,1.38698,1.38715,1.00,1.50
2017.02.16 03:10:56.215,1.38699,1.38716,1.00,1.12
2017.02.16 03:11:00.101,1.387,1.38716,1.00,1.00
2017.02.16 03:11:02.335,1.387,1.38715,1.00,1.00
2017.02.16 03:11:03.184,1.387,1.38716,1.00,1.00
2017.02.16 03:11:03.722,1.38699,1.38716,1.00,1.00
2017.02.16 03:11:08.142,1.38699,1.38716,1.00,1.50
2017.02.16 03:11:19.809,1.38699,1.38713,1.00,1.00
2017.02.16 03:11:20.710,1.38697,1.38713,1.50,1.00
2017.02.16 03:11:20.863,1.38695,1.38712,1.00,1.00
2017.02.16 03:11:21.374,1.38695,1.38711,1.00,1.00
2017.02.16 03:11:21.991,1.38694,1.38711,1.00,1.00
2017.02.16 03:11:22.600,1.38695,1.38711,1.00,1.00
2017.02.16 03:11:34.424,1.38694,1.38711,1.00,1.00
2017.02.16 03:11:34.475,1.38694,1.38711,1.00,1.75
2017.02.16 03:11:39.338,1.38693,1.38709,1.00,1.12
2017.02.16 03:11:45.713,1.38692,1.38709,1.00,1.12
2017.02.16 03:11:46.414,1.38693,1.38709,1.00,1.12
2017.02.16 03:11:54.846,1.38691,1.38709,1.00,1.00
2017.02.16 03:11:57.114,1.38694,1.38709,1.00,1.00
2017.02.16 03:11:57.255,1.38692,1.38709,1.00,1.00
2017.02.16 03:11:59.125,1.38694,1.38709,1.00,1.00
2017.02.16 03:11:59.227,1.38692,1.38709,1.00,1.00
2017.02.16 03:11:59.806,1.38692,1.38709,1.00,1.50
2017.02.16 03:12:00.461,1.38693,1.38709,1.00,1.50
2017.02.16 03:12:14.740,1.38692,1.38707,1.00,1.00
2017.02.16 03:12:14.893,1.3869,1.38707,1.00,1.87
2017.02.16 03:12:15.082,1.38686,1.38705,1.00,1.87
2017.02.16 03:12:15.235,1.38688,1.38703,1.00,1.00
2017.02.16 03:12:16.481,1.38687,1.38703,1.00,1.00
2017.02.16 03:12:16.684,1.38685,1.38703,1.00,1.12
2017.02.16 03:12:16.837,1.38686,1.38703,1.00,1.69
2017.02.16 03:12:18.942,1.38687,1.38701,1.00,1.00
2017.02.16 03:12:19.481,1.38686,1.38701,1.00,1.00
2017.02.16 03:12:20.093,1.38687,1.38701,1.00,1.00
2017.02.16 03:12:20.604,1.38687,1.38702,1.00,1.00
2017.02.16 03:12:26.431,1.38687,1.38701,1.00,1.00
2017.02.16 03:12:26.633,1.38687,1.38703,1.00,1.00
2017.02.16 03:12:27.320,1.38687,1.38704,1.00,1.00
2017.02.16 03:12:28.100,1.38687,1.38703,1.00,1.00
2017.02.16 03:12:28.737,1.38687,1.38704,1.00,1.00
2017.02.16 03:12:30.939,1.38687,1.38702,1.00,1.00
2017.02.16 03:12:33.280,1.38687,1.38703,1.00,1.00
2017.02.16 03:12:34.470,1.38686,1.38702,1.00,1.00
2017.02.16 03:12:34.776,1.38689,1.38703,1.00,1.00
2017.02.16 03:12:34.827,1.38687,1.38703,1.00,1.00
2017.02.16 03:12:35.182,1.38686,1.38702,1.00,1.50
2017.02.16 03:12:35.709,1.38686,1.38702,1.00,1.00
2017.02.16 03:12:35.760,1.38686,1.38704,1.00,2.62
2017.02.16 03:12:35.963,1.38686,1.38701,1.00,1.00
2017.02.16 03:12:37.698,1.38686,1.38703,1.00,1.00
2017.02.16 03:12:38.078,1.38686,1.38701,1.00,1.00
2017.02.16 03:12:38.599,1.38686,1.38702,1.00,1.00
2017.02.16 03:12:40.032,1.38686,1.38703,1.00,1.50
2017.02.16 03:12:41.383,1.38687,1.38703,1.00,1.00
2017.02.16 03:12:41.802,1.38685,1.38702,1.00,1.50
2017.02.16 03:12:42.055,1.38684,1.387,1.00,1.00
2017.02.16 03:12:42.561,1.38685,1.387,1.00,1.00
2017.02.16 03:12:44.325,1.38686,1.387,1.00,1.00
2017.02.16 03:12:44.376,1.38686,1.38702,1.00,1.00
2017.02.16 03:12:44.881,1.38686,1.38703,1.50,1.00
2017.02.16 03:12:46.068,1.38686,1.38701,1.00,1.00
2017.02.16 03:12:46.575,1.38685,1.38701,1.50,1.12
2017.02.16 03:12:47.082,1.38685,1.387,1.50,1.00
2017.02.16 03:12:47.723,1.38683,1.387,1.00,1.50
2017.02.16 03:12:47.774,1.38682,1.38698,1.00,1.00
2017.02.16 03:12:48.179,1.3868,1.38696,1.00,1.00
2017.02.16 03:12:48.716,1.38679,1.38697,1.00,1.12
2017.02.16 03:12:49.035,1.38681,1.38698,1.00,3.00
2017.02.16 03:12:56.242,1.3868,1.38697,1.00,1.12
2017.02.16 03:12:56.995,1.38679,1.38696,1.00,1.50
2017.02.16 03:12:57.046,1.38677,1.38696,1.00,2.06
2017.02.16 03:12:57.148,1.38679,1.38695,1.00,1.00
2017.02.16 03:12:57.451,1.38681,1.38697,1.00,1.12
2017.02.16 03:12:58.001,1.3868,1.38696,1.50,1.50
2017.02.16 03:12:58.052,1.38678,1.38696,1.87,1.87
2017.02.16 03:12:58.103,1.38678,1.38695,1.12,1.37
2017.02.16 03:12:58.509,1.38679,1.38696,1.00,1.12
2017.02.16 03:12:59.851,1.38679,1.38694,1.00,1.56
2017.02.16 03:12:59.902,1.38675,1.38693,1.00,1.69
2017.02.16 03:13:00.004,1.38673,1.38691,1.00,1.00
2017.02.16 03:13:00.374,1.38678,1.38693,1.00,1.37
2017.02.16 03:13:00.464,1.38678,1.38696,1.00,1.87
2017.02.16 03:13:00.616,1.3868,1.38695,1.00,1.00
2017.02.16 03:13:02.953,1.38676,1.38691,2.25,1.00
2017.02.16 03:13:03.005,1.38676,1.38691,1.50,1.00
2017.02.16 03:13:03.259,1.38678,1.38692,1.00,1.12
2017.02.16 03:13:03.463,1.38676,1.38693,1.00,1.00
2017.02.16 03:13:03.741,1.38674,1.38692,1.00,1.00
2017.02.16 03:13:03.935,1.38674,1.3869,1.00,1.50
2017.02.16 03:13:04.466,1.38673,1.38689,1.00,1.12
2017.02.16 03:13:04.972,1.38674,1.3869,1.00,1.12
2017.02.16 03:13:07.442,1.38674,1.38689,1.00,1.00
2017.02.16 03:13:07.747,1.38672,1.3869,1.00,2.25
2017.02.16 03:13:07.849,1.38671,1.38688,1.00,1.00
2017.02.16 03:13:08.354,1.38671,1.38687,1.00,1.00
2017.02.16 03:13:08.582,1.38671,1.38689,1.00,1.87
2017.02.16 03:13:08.939,1.38673,1.38689,1.00,1.12
2017.02.16 03:13:14.373,1.38673,1.38691,1.00,2.62
2017.02.16 03:13:14.551,1.38671,1.38689,1.00,1.50
2017.02.16 03:13:14.856,1.3867,1.38686,1.00,1.00
2017.02.16 03:13:14.907,1.38667,1.38686,1.37,1.50
2017.02.16 03:13:15.160,1.3867,1.38686,1.00,1.75
2017.02.16 03:13:15.270,1.38671,1.38687,1.00,3.37
2017.02.16 03:13:15.812,1.38671,1.38686,1.50,1.00
2017.02.16 03:13:17.005,1.3867,1.38686,1.00,1.00
2017.02.16 03:13:17.511,1.3867,1.38685,1.00,1.00
2017.02.16 03:13:18.136,1.3867,1.38686,1.00,1.00
2017.02.16 03:13:21.287,1.3867,1.38685,1.00,1.00
2017.02.16 03:13:22.136,1.3867,1.38686,1.00,1.00
2017.02.16 03:13:22.441,1.38672,1.38687,1.00,1.00
2017.02.16 03:13:24.731,1.38671,1.38687,1.00,1.00
2017.02.16 03:13:26.569,1.38671,1.38686,1.00,1.00
2017.02.16 03:13:26.903,1.38674,1.38691,1.00,1.75
2017.02.16 03:13:26.954,1.38674,1.38691,1.00,1.50
2017.02.16 03:13:27.207,1.38675,1.38693,1.00,2.25
2017.02.16 03:13:27.360,1.38678,1.38694,1.00,1.75
2017.02.16 03:13:27.461,1.38678,1.38694,1.00,1.00
2017.02.16 03:13:27.981,1.38678,1.38695,1.00,1.12
2017.02.16 03:13:30.273,1.38677,1.38694,1.00,1.00
2017.02.16 03:13:31.275,1.38677,1.38692,1.00,1.00
2017.02.16 03:13:31.458,1.38679,1.38695,1.00,1.00
2017.02.16 03:13:31.959,1.38678,1.38694,1.00,1.12
2017.02.16 03:13:33.445,1.38677,1.38691,1.00,1.12
2017.02.16 03:13:33.729,1.38676,1.38694,1.12,1.31
2017.02.16 03:13:33.982,1.38677,1.38693,1.00,1.69
2017.02.16 03:13:34.285,1.38676,1.38693,1.50,2.25
2017.02.16 03:13:34.818,1.38677,1.38693,1.50,1.50
2017.02.16 03:13:36.359,1.38677,1.38693,1.00,1.69
2017.02.16 03:13:39.888,1.38676,1.38692,1.00,1.25
2017.02.16 03:13:40.041,1.38676,1.38691,1.00,2.25
2017.02.16 03:13:40.344,1.38676,1.38691,1.00,1.87
2017.02.16 03:13:41.816,1.38677,1.38692,1.00,1.75
2017.02.16 03:13:41.867,1.38677,1.38692,1.00,1.50
2017.02.16 03:13:42.222,1.38675,1.38693,1.50,3.00
2017.02.16 03:13:42.324,1.38677,1.38693,1.00,3.00
2017.02.16 03:13:42.659,1.38677,1.3869,1.00,1.75
2017.02.16 03:13:42.864,1.38675,1.38689,1.00,1.50
2017.02.16 03:13:43.816,1.38672,1.38688,1.00,1.12
2017.02.16 03:13:44.350,1.38671,1.38687,1.00,1.00
2017.02.16 03:13:45.351,1.38672,1.38687,1.00,1.00
2017.02.16 03:13:45.820,1.38674,1.38687,1.00,1.00
2017.02.16 03:13:45.972,1.38676,1.38691,1.00,1.50
2017.02.16 03:13:46.459,1.38674,1.38691,1.00,2.62
2017.02.16 03:13:46.561,1.38672,1.3869,1.50,1.00
2017.02.16 03:13:46.662,1.38672,1.3869,1.50,2.62
2017.02.16 03:13:47.162,1.38671,1.38688,1.50,1.75
2017.02.16 03:13:48.091,1.38672,1.38689,1.00,3.00
2017.02.16 03:13:48.802,1.38672,1.38689,1.00,3.00
2017.02.16 03:13:50.456,1.38671,1.38688,1.50,1.75
2017.02.16 03:13:51.011,1.38672,1.38689,1.00,3.75
2017.02.16 03:13:51.334,1.38676,1.38691,1.00,1.75
2017.02.16 03:13:51.385,1.38676,1.38691,1.00,1.50
2017.02.16 03:13:51.747,1.38675,1.38691,1.00,1.75
2017.02.16 03:13:52.281,1.38674,1.38691,1.00,2.25
2017.02.16 03:13:54.537,1.38673,1.38691,1.00,2.25
2017.02.16 03:14:04.582,1.38673,1.38689,1.00,1.75
2017.02.16 03:14:04.793,1.38671,1.38689,1.50,1.75
2017.02.16 03:14:09.774,1.38673,1.38688,1.00,1.75
2017.02.16 03:14:09.926,1.38675,1.38691,1.00,2.25
2017.02.16 03:14:10.158,1.38673,1.38689,1.00,1.69
2017.02.16 03:14:10.462,1.38672,1.38686,1.00,3.75
2017.02.16 03:14:10.575,1.38672,1.38688,1.00,2.06
2017.02.16 03:14:10.677,1.38671,1.38688,1.00,5.25
2017.02.16 03:14:10.982,1.38674,1.38688,1.00,4.50
2017.02.16 03:14:11.315,1.38676,1.38688,1.00,3.75
2017.02.16 03:14:11.366,1.38676,1.3869,1.00,1.31
2017.02.16 03:14:12.377,1.38676,1.38692,1.00,2.06
2017.02.16 03:14:12.890,1.38677,1.38693,1.50,1.25
2017.02.16 03:14:13.650,1.38677,1.38694,1.00,2.06
2017.02.16 03:14:13.970,1.38676,1.38693,1.00,4.87
2017.02.16 03:14:14.249,1.38678,1.38693,1.00,1.69
2017.02.16 03:14:14.379,1.38678,1.38693,1.00,1.69
2017.02.16 03:14:14.594,1.38678,1.38694,1.00,1.31
2017.02.16 03:14:15.432,1.38677,1.38694,1.00,2.06
2017.02.16 03:14:15.777,1.38676,1.38692,1.00,1.56
2017.02.16 03:14:16.118,1.38678,1.38694,1.00,5.25
2017.02.16 03:14:16.170,1.38678,1.38694,1.00,2.06
2017.02.16 03:14:16.221,1.3868,1.38692,1.00,1.31
2017.02.16 03:14:16.401,1.38675,1.38689,1.00,1.62
2017.02.16 03:14:16.655,1.38673,1.38689,1.00,1.31
2017.02.16 03:14:16.757,1.38675,1.38689,1.00,1.31
2017.02.16 03:14:16.973,1.38676,1.38689,1.00,1.25
2017.02.16 03:14:17.479,1.38677,1.38692,1.00,4.12
2017.02.16 03:14:17.582,1.38678,1.38694,1.00,2.06
2017.02.16 03:14:18.090,1.38677,1.38692,1.00,4.12
2017.02.16 03:14:18.607,1.38676,1.38691,1.50,1.31
2017.02.16 03:14:19.281,1.38676,1.38691,1.00,1.31
2017.02.16 03:14:22.981,1.38676,1.38691,1.00,5.25
2017.02.16 03:14:24.459,1.38676,1.38691,1.00,2.06
2017.02.16 03:14:24.964,1.38677,1.38691,1.00,1.31
2017.02.16 03:14:31.928,1.38672,1.3869,1.50,1.56
2017.02.16 03:14:32.029,1.38671,1.38687,1.12,1.00
2017.02.16 03:14:32.334,1.38669,1.38684,1.00,4.12
2017.02.16 03:14:32.437,1.38667,1.38684,1.00,4.12
2017.02.16 03:14:33.512,1.38667,1.38685,1.00,2.06
2017.02.16 03:14:33.618,1.38667,1.38683,1.00,2.06
2017.02.16 03:14:33.669,1.38667,1.38683,1.00,1.56
2017.02.16 03:14:34.171,1.38667,1.38684,1.00,1.69
2017.02.16 03:14:37.680,1.38667,1.38684,1.00,1.69
2017.02.16 03:14:39.664,1.38668,1.38684,1.00,1.69
2017.02.16 03:14:41.186,1.38668,1.38684,1.00,1.69
2017.02.16 03:14:41.831,1.38667,1.38684,1.50,1.69
2017.02.16 03:14:42.274,1.38669,1.38684,1.00,1.69
2017.02.16 03:14:50.881,1.38669,1.38684,1.00,1.56
2017.02.16 03:14:52.623,1.38669,1.38684,1.00,1.56
2017.02.16 03:14:56.318,1.38669,1.38684,1.00,1.56
2017.02.16 03:14:57.426,1.38667,1.38683,1.00,1.56
2017.02.16 03:14:58.729,1.38667,1.38683,1.00,2.44
2017.02.16 03:14:59.249,1.38667,1.38683,1.00,5.62
2017.02.16 03:15:02.698,1.38667,1.38683,1.00,4.12
2017.02.16 03:15:03.458,1.38667,1.38683,1.00,1.69
2017.02.16 03:15:04.626,1.38667,1.38683,1.00,4.87
2017.02.16 03:15:07.739,1.38666,1.38681,1.00,4.50
2017.02.16 03:15:08.144,1.38667,1.38683,1.00,4.87
2017.02.16 03:15:11.636,1.38668,1.38683,1.00,4.12
2017.02.16 03:15:12.936,1.38668,1.38684,1.00,5.25
2017.02.16 03:15:17.058,1.38669,1.38684,1.00,4.50
2017.02.16 03:15:17.215,1.38671,1.38684,1.00,4.50
2017.02.16 03:15:17.267,1.38671,1.38689,1.00,7.50
2017.02.16 03:15:17.420,1.38671,1.38686,1.00,1.31
2017.02.16 03:15:17.825,1.38668,1.38684,1.00,1.69
2017.02.16 03:15:18.520,1.38669,1.38685,1.00,4.87
2017.02.16 03:15:19.270,1.3867,1.38685,1.00,4.12
2017.02.16 03:15:19.815,1.38669,1.38683,1.00,3.75
2017.02.16 03:15:20.539,1.38669,1.38684,1.00,1.19
2017.02.16 03:15:20.676,1.38671,1.38686,1.00,1.31
2017.02.16 03:15:20.930,1.38669,1.38685,1.00,4.12
2017.02.16 03:15:23.027,1.38669,1.38685,1.00,1.19
2017.02.16 03:15:25.687,1.38668,1.38684,1.00,1.19
2017.02.16 03:15:26.298,1.38669,1.38685,1.00,1.69
2017.02.16 03:15:28.125,1.38667,1.38684,1.00,4.12
2017.02.16 03:15:28.644,1.38668,1.38684,1.00,4.50
2017.02.16 03:15:29.336,1.38668,1.38685,1.00,1.69
2017.02.16 03:15:31.119,1.38668,1.38685,1.00,1.69
2017.02.16 03:15:31.427,1.38668,1.38683,1.00,3.37
2017.02.16 03:15:34.160,1.38668,1.38685,1.00,4.12
2017.02.16 03:15:39.464,1.38668,1.38685,1.00,1.69
2017.02.16 03:15:39.776,1.3867,1.38686,1.00,4.87
2017.02.16 03:15:40.558,1.3867,1.38686,1.00,1.94
2017.02.16 03:15:42.905,1.3867,1.38685,1.00,1.31
2017.02.16 03:15:45.055,1.3867,1.38685,1.00,4.50
2017.02.16 03:15:45.723,1.38668,1.38685,1.00,5.25
2017.02.16 03:15:46.254,1.38668,1.38683,1.00,1.56
2017.02.16 03:15:48.062,1.38668,1.38683,1.00,1.00
2017.02.16 03:15:48.113,1.3867,1.38687,1.00,3.75
2017.02.16 03:15:48.164,1.3867,1.38687,1.00,1.69
2017.02.16 03:15:48.471,1.38674,1.38689,1.00,1.31
2017.02.16 03:15:48.781,1.38678,1.38691,1.00,3.75
2017.02.16 03:15:49.343,1.38677,1.38691,1.00,3.75
2017.02.16 03:15:52.274,1.38677,1.38692,1.00,2.06
2017.02.16 03:15:53.298,1.38676,1.38692,1.00,3.19
2017.02.16 03:15:56.822,1.38675,1.38692,1.00,1.31
2017.02.16 03:15:58.487,1.38675,1.38692,1.00,1.50
2017.02.16 03:15:59.046,1.38676,1.38692,1.00,1.56
2017.02.16 03:16:00.844,1.38675,1.38692,1.00,1.56
2017.02.16 03:16:01.047,1.38675,1.38691,1.00,2.44
2017.02.16 03:16:01.595,1.38674,1.38691,1.00,2.44
2017.02.16 03:16:15.404,1.38673,1.38691,1.50,2.06
2017.02.16 03:16:19.973,1.38673,1.38689,1.00,3.75
2017.02.16 03:16:20.024,1.38671,1.38688,1.00,1.56
2017.02.16 03:16:20.525,1.3867,1.38688,1.00,2.06
2017.02.16 03:16:21.030,1.38669,1.38688,1.00,2.81
2017.02.16 03:16:26.231,1.3867,1.38687,1.00,1.56
2017.02.16 03:16:26.333,1.38667,1.38685,1.00,1.31
2017.02.16 03:16:26.384,1.38665,1.38682,1.12,3.75
2017.02.16 03:16:26.688,1.38664,1.3868,1.50,3.75
2017.02.16 03:16:27.195,1.38663,1.3868,1.00,3.75
2017.02.16 03:16:27.499,1.38661,1.3868,1.12,1.56
2017.02.16 03:16:27.600,1.38661,1.3868,1.12,4.50
2017.02.16 03:16:27.904,1.38659,1.38676,1.50,3.75
2017.02.16 03:16:28.005,1.38659,1.38679,1.50,1.69
2017.02.16 03:16:28.556,1.3866,1.38679,1.00,1.69
2017.02.16 03:16:29.324,1.38662,1.3868,1.00,5.25
2017.02.16 03:16:29.476,1.38663,1.38681,1.00,1.31
2017.02.16 03:16:29.578,1.38663,1.3868,1.00,3.75
2017.02.16 03:16:29.630,1.3866,1.3868,1.87,5.62
2017.02.16 03:16:29.782,1.38659,1.38676,1.00,3.75
2017.02.16 03:16:30.085,1.38661,1.38679,1.00,4.87
2017.02.16 03:16:30.387,1.38663,1.38679,1.00,3.75
2017.02.16 03:16:31.382,1.38663,1.3868,1.00,4.12
2017.02.16 03:16:32.298,1.38662,1.3868,1.00,4.87
2017.02.16 03:16:32.934,1.38662,1.3868,1.00,1.56
2017.02.16 03:16:33.769,1.38663,1.3868,1.00,1.56
2017.02.16 03:16:35.175,1.38663,1.38679,1.00,3.75
2017.02.16 03:16:36.301,1.38663,1.3868,1.00,3.96
2017.02.16 03:16:36.364,1.38661,1.3868,1.00,4.33
2017.02.16 03:16:36.415,1.38663,1.3868,1.00,4.33
2017.02.16 03:16:36.718,1.38665,1.38678,1.00,3.21
2017.02.16 03:16:36.921,1.38667,1.38681,1.00,3.58
2017.02.16 03:16:41.915,1.38664,1.38681,1.50,3.96
2017.02.16 03:16:42.017,1.38665,1.38684,1.00,5.08
2017.02.16 03:16:42.219,1.38668,1.38683,1.00,1.12
2017.02.16 03:16:47.026,1.38669,1.38685,1.00,1.90
2017.02.16 03:16:47.544,1.38669,1.38685,1.00,1.15
2017.02.16 03:16:51.203,1.38669,1.38684,1.00,1.52
2017.02.16 03:16:53.011,1.38669,1.38681,1.00,1.00
2017.02.16 03:16:54.088,1.38668,1.38681,1.00,1.00
2017.02.16 03:16:57.468,1.38668,1.38683,1.00,1.50
2017.02.16 03:17:01.938,1.38668,1.38681,1.00,1.00
2017.02.16 03:17:01.989,1.38666,1.38681,1.00,1.00
2017.02.16 03:17:02.040,1.38662,1.38681,2.25,1.00
2017.02.16 03:17:02.091,1.38664,1.38683,1.50,1.50
2017.02.16 03:17:02.447,1.38672,1.38687,1.00,1.00
2017.02.16 03:17:02.651,1.38673,1.3869,1.50,2.25
2017.02.16 03:17:03.005,1.38672,1.38691,1.00,4.12
2017.02.16 03:17:09.034,1.38673,1.38691,1.00,1.12
2017.02.16 03:17:09.801,1.38672,1.38691,1.00,1.12
2017.02.16 03:17:13.790,1.3867,1.38691,1.50,1.12
2017.02.16 03:17:18.115,1.38672,1.38692,1.00,1.50
2017.02.16 03:17:19.657,1.38672,1.38691,1.50,1.00
2017.02.16 03:17:20.184,1.38672,1.38693,1.12,1.50
2017.02.16 03:17:20.941,1.38672,1.38693,1.12,5.25
2017.02.16 03:17:21.606,1.38672,1.38691,1.12,3.75
2017.02.16 03:17:24.544,1.38673,1.38691,1.00,3.75
2017.02.16 03:17:25.084,1.38672,1.38691,1.12,4.50
2017.02.16 03:17:25.616,1.38673,1.38691,1.00,4.50
2017.02.16 03:17:29.746,1.38673,1.38692,1.00,4.12
2017.02.16 03:17:31.733,1.38674,1.38692,1.00,4.87
2017.02.16 03:17:31.935,1.38672,1.38692,1.12,4.12
2017.02.16 03:17:32.138,1.38673,1.3869,1.00,3.75
2017.02.16 03:17:32.240,1.38673,1.38692,1.00,4.50
2017.02.16 03:17:32.847,1.38672,1.3869,1.00,3.75
2017.02.16 03:17:32.964,1.38672,1.38692,1.00,4.50
2017.02.16 03:17:41.122,1.38672,1.38691,1.00,1.69
2017.02.16 03:17:49.131,1.38672,1.38691,1.12,1.56
2017.02.16 03:17:51.359,1.38672,1.38693,1.12,2.81
2017.02.16 03:17:54.244,1.38672,1.38693,1.12,6.00
2017.02.16 03:17:56.939,1.38673,1.38692,1.00,4.87
2017.02.16 03:17:59.818,1.38672,1.38691,1.12,1.56
2017.02.16 03:18:01.146,1.38673,1.38692,1.00,4.87
2017.02.16 03:18:01.248,1.38674,1.38693,1.00,2.81
2017.02.16 03:18:01.435,1.38679,1.38694,1.00,3.00
2017.02.16 03:18:01.523,1.38679,1.38697,1.00,4.50
2017.02.16 03:18:01.675,1.3868,1.38696,1.00,3.75
2017.02.16 03:18:02.218,1.38679,1.38697,1.00,4.50
2017.02.16 03:18:04.378,1.38678,1.38697,1.00,5.25
2017.02.16 03:18:04.530,1.38676,1.38695,1.00,1.94
2017.02.16 03:18:04.581,1.38675,1.38695,1.00,1.94
2017.02.16 03:18:07.147,1.38677,1.38693,1.00,2.06
2017.02.16 03:18:07.249,1.38671,1.3869,1.50,1.56
2017.02.16 03:18:07.350,1.38672,1.38688,1.12,2.62
2017.02.16 03:18:08.292,1.38672,1.38688,1.00,1.56
2017.02.16 03:18:09.096,1.38672,1.38687,1.00,1.56
2017.02.16 03:18:10.377,1.38672,1.38687,1.00,1.56
2017.02.16 03:18:10.428,1.3867,1.38687,1.00,1.56
2017.02.16 03:18:11.561,1.3867,1.38687,1.00,1.56
2017.02.16 03:18:14.354,1.38665,1.38686,1.75,2.44
2017.02.16 03:18:14.455,1.38664,1.38682,1.12,1.00
2017.02.16 03:18:14.557,1.38663,1.3868,1.00,1.00
2017.02.16 03:18:14.694,1.38663,1.38682,1.50,1.50
2017.02.16 03:18:15.425,1.38663,1.38683,1.50,1.87
2017.02.16 03:18:17.476,1.38665,1.38683,1.00,1.12
2017.02.16 03:18:18.134,1.38664,1.38683,1.50,1.12
2017.02.16 03:18:22.561,1.38663,1.38683,1.00,1.12
2017.02.16 03:18:23.082,1.38663,1.38682,1.00,1.00
2017.02.16 03:18:23.640,1.38663,1.38683,1.50,1.87
2017.02.16 03:18:28.049,1.38663,1.38683,1.87,1.00
2017.02.16 03:18:32.123,1.38663,1.38681,1.50,1.00
2017.02.16 03:18:32.732,1.38663,1.38681,1.00,1.00
2017.02.16 03:18:33.170,1.38663,1.38683,1.00,1.00
2017.02.16 03:18:34.148,1.38661,1.38679,1.12,1.12
2017.02.16 03:18:34.653,1.38661,1.3868,1.00,1.00
2017.02.16 03:18:35.294,1.38661,1.38679,1.00,1.00
2017.02.16 03:18:42.091,1.3866,1.38679,1.12,1.00
2017.02.16 03:18:43.487,1.38658,1.38679,1.12,2.06
2017.02.16 03:18:43.589,1.38657,1.38679,1.00,2.44
2017.02.16 03:18:44.506,1.38657,1.38675,1.00,1.00
2017.02.16 03:18:50.190,1.38658,1.38675,1.00,1.00
2017.02.16 03:18:50.721,1.38656,1.38675,2.25,1.00
2017.02.16 03:18:58.912,1.38658,1.38675,1.00,1.00
2017.02.16 03:18:59.665,1.38657,1.38675,1.00,1.00
2017.02.16 03:19:06.230,1.38656,1.38675,2.62,1.00
2017.02.16 03:19:06.741,1.38656,1.38675,1.12,1.00
2017.02.16 03:19:09.267,1.38658,1.38675,1.00,1.00
2017.02.16 03:19:19.246,1.38655,1.38675,2.25,1.00
2017.02.16 03:19:24.276,1.38658,1.38675,1.00,1.00
2017.02.16 03:19:26.114,1.38655,1.38675,1.87,1.00
2017.02.16 03:19:28.056,1.38656,1.38675,1.50,1.00
2017.02.16 03:19:29.074,1.38656,1.38677,1.50,1.50
2017.02.16 03:19:32.202,1.38658,1.38677,1.00,1.00
2017.02.16 03:19:42.157,1.38658,1.38679,1.00,2.25
2017.02.16 03:19:48.374,1.38659,1.38681,1.00,2.06
2017.02.16 03:19:48.476,1.3866,1.38681,1.00,2.06
2017.02.16 03:19:48.979,1.38659,1.38678,1.00,1.25
2017.02.16 03:19:49.483,1.38656,1.38677,1.50,2.06
2017.02.16 03:19:49.787,1.3866,1.38678,1.37,1.31
2017.02.16 03:19:49.889,1.38661,1.38681,1.12,2.06
2017.02.16 03:19:50.416,1.38656,1.38678,1.75,3.19
2017.02.16 03:19:50.467,1.38655,1.38678,2.25,2.44
2017.02.16 03:19:50.619,1.38657,1.38677,1.00,1.87
2017.02.16 03:19:50.670,1.38657,1.38677,1.00,2.25
2017.02.16 03:19:50.771,1.38657,1.38677,1.37,1.50
2017.02.16 03:19:51.338,1.38657,1.38678,1.37,2.06
2017.02.16 03:19:56.467,1.38658,1.38675,1.00,1.00
2017.02.16 03:19:57.049,1.38656,1.38675,1.00,1.00
2017.02.16 03:19:57.591,1.38656,1.38675,1.00,1.50
2017.02.16 03:20:00.488,1.38657,1.38677,1.12,1.69
2017.02.16 03:20:00.619,1.38657,1.38677,1.50,1.69
2017.02.16 03:20:00.876,1.38657,1.38678,1.00,3.37
2017.02.16 03:20:00.927,1.38655,1.38676,2.25,1.37
2017.02.16 03:20:01.428,1.38655,1.38674,1.50,1.00
2017.02.16 03:20:02.818,1.38655,1.38675,1.00,1.12
2017.02.16 03:20:02.970,1.38655,1.38676,1.00,1.75
2017.02.16 03:20:03.485,1.38654,1.38674,1.00,1.50
2017.02.16 03:20:05.447,1.38653,1.38674,1.00,2.25
2017.02.16 03:20:08.170,1.38653,1.38674,1.50,1.50
2017.02.16 03:20:08.516,1.38651,1.38671,1.75,1.00
2017.02.16 03:20:08.718,1.38647,1.38667,1.37,1.69
2017.02.16 03:20:08.821,1.38647,1.38663,1.12,1.00
2017.02.16 03:20:08.973,1.38645,1.38662,1.12,1.25
2017.02.16 03:20:09.482,1.38644,1.38663,1.50,2.06
2017.02.16 03:20:11.567,1.38644,1.38663,1.50,1.56
2017.02.16 03:20:11.912,1.38644,1.38664,4.12,1.56
2017.02.16 03:20:12.014,1.38647,1.38667,1.50,1.87
2017.02.16 03:20:12.116,1.38649,1.38669,1.50,1.87
2017.02.16 03:20:12.269,1.38649,1.3867,1.50,1.94
2017.02.16 03:20:12.936,1.38649,1.3867,1.00,1.87
2017.02.16 03:20:13.342,1.38647,1.38666,1.50,1.00
2017.02.16 03:20:13.393,1.38647,1.38669,2.25,2.62
2017.02.16 03:20:13.937,1.38649,1.38669,1.00,1.00
2017.02.16 03:20:14.102,1.38649,1.38667,1.00,1.00
2017.02.16 03:20:14.817,1.3865,1.38669,1.12,1.00
2017.02.16 03:20:14.919,1.3865,1.38671,1.00,1.87
2017.02.16 03:20:15.609,1.3865,1.3867,1.00,1.00
2017.02.16 03:20:16.119,1.38649,1.3867,1.50,1.50
2017.02.16 03:20:16.318,1.38655,1.3867,1.00,2.06
2017.02.16 03:20:17.027,1.38655,1.38667,1.00,1.00
2017.02.16 03:20:17.129,1.3865,1.38667,1.00,1.00
2017.02.16 03:20:17.180,1.3865,1.38671,1.00,1.56
2017.02.16 03:20:17.231,1.38652,1.38672,1.00,2.06
2017.02.16 03:20:17.383,1.38652,1.38673,2.06,1.50
2017.02.16 03:20:17.901,1.38653,1.38673,1.12,1.56
2017.02.16 03:20:18.103,1.38655,1.38671,1.12,1.56
2017.02.16 03:20:18.205,1.38655,1.38671,1.12,1.56
2017.02.16 03:20:18.306,1.38655,1.38669,1.12,1.56
2017.02.16 03:20:18.759,1.38648,1.38669,2.00,1.56
2017.02.16 03:20:18.810,1.38648,1.38668,1.75,1.56
2017.02.16 03:20:18.911,1.3865,1.38669,1.00,1.56
2017.02.16 03:20:19.013,1.3865,1.38669,1.12,1.56
2017.02.16 03:20:20.476,1.38648,1.38667,1.50,1.56
2017.02.16 03:20:20.527,1.38648,1.38667,1.50,1.56
2017.02.16 03:20:22.747,1.38652,1.38668,1.00,1.56
2017.02.16 03:20:22.951,1.38652,1.38668,1.00,1.56
2017.02.16 03:20:23.587,1.38652,1.38669,1.00,1.00
2017.02.16 03:20:24.094,1.38654,1.38669,1.00,1.00
2017.02.16 03:20:25.512,1.38652,1.38669,1.00,1.00
2017.02.16 03:20:25.816,1.38655,1.3867,1.00,1.00
2017.02.16 03:20:28.173,1.38656,1.3867,1.00,1.50
2017.02.16 03:20:29.939,1.38656,1.38667,1.00,1.50
2017.02.16 03:20:30.040,1.38648,1.38666,1.31,1.00
2017.02.16 03:20:30.243,1.38643,1.38664,1.31,2.25
2017.02.16 03:20:30.812,1.38643,1.38664,1.31,2.62
2017.02.16 03:20:31.014,1.38644,1.38662,1.75,1.00
2017.02.16 03:20:31.167,1.38644,1.38662,1.50,1.00
2017.02.16 03:20:31.835,1.38644,1.38662,1.00,1.00
2017.02.16 03:20:32.563,1.38644,1.38663,1.00,1.50
2017.02.16 03:20:35.648,1.38644,1.38662,1.00,1.00
2017.02.16 03:20:35.750,1.38644,1.38659,1.00,1.00
2017.02.16 03:20:35.851,1.38644,1.38662,1.00,2.62
2017.02.16 03:20:40.520,1.38644,1.38663,1.00,1.50
2017.02.16 03:20:41.954,1.38644,1.38663,1.75,1.00
2017.02.16 03:20:46.417,1.38644,1.38661,1.75,1.00
2017.02.16 03:20:46.569,1.38644,1.38661,1.00,1.00
2017.02.16 03:20:47.082,1.38644,1.38662,1.00,3.00
2017.02.16 03:20:47.938,1.38644,1.38664,1.00,1.87
2017.02.16 03:20:48.634,1.38644,1.38664,1.00,2.44
2017.02.16 03:20:50.245,1.38644,1.38664,1.00,2.44
2017.02.16 03:20:51.540,1.38644,1.38664,1.00,2.44
2017.02.16 03:20:52.207,1.38645,1.38664,1.00,2.44
2017.02.16 03:20:52.785,1.38645,1.38664,1.50,1.56
2017.02.16 03:20:53.366,1.38647,1.38666,1.00,1.56
2017.02.16 03:20:53.585,1.38647,1.38668,1.37,2.44
2017.02.16 03:20:54.683,1.38649,1.38667,1.50,1.56
2017.02.16 03:21:00.935,1.38649,1.38667,1.50,1.56
2017.02.16 03:21:02.840,1.3865,1.38667,1.12,1.56
2017.02.16 03:21:05.703,1.38651,1.38669,1.00,2.06
2017.02.16 03:21:07.830,1.38651,1.38669,1.00,6.00
2017.02.16 03:21:07.932,1.38651,1.38669,1.00,2.06
2017.02.16 03:21:08.554,1.3865,1.38668,1.00,1.56
2017.02.16 03:21:08.656,1.38649,1.38667,1.75,3.75
2017.02.16 03:21:08.758,1.38649,1.38667,1.75,2.06
2017.02.16 03:21:08.859,1.38647,1.38665,1.75,1.56
2017.02.16 03:21:08.910,1.38647,1.38664,1.75,1.56
2017.02.16 03:21:09.164,1.38647,1.38664,1.75,1.00
2017.02.16 03:21:09.215,1.38648,1.38668,1.87,1.50
2017.02.16 03:21:09.266,1.38649,1.3867,2.44,1.69
2017.02.16 03:21:09.368,1.38657,1.38672,1.00,1.31
2017.02.16 03:21:09.571,1.38657,1.38673,1.00,1.56
2017.02.16 03:21:12.138,1.38652,1.38671,1.62,1.50
2017.02.16 03:21:12.189,1.3865,1.38669,1.31,1.00
2017.02.16 03:21:12.646,1.38645,1.38663,1.12,1.31
2017.02.16 03:21:12.755,1.38645,1.38664,1.12,1.56
2017.02.16 03:21:13.009,1.38645,1.38664,1.50,1.56
2017.02.16 03:21:13.059,1.38645,1.38664,1.50,1.56
2017.02.16 03:21:13.331,1.38644,1.38664,2.06,1.31
2017.02.16 03:21:13.586,1.38649,1.38664,1.00,1.31
2017.02.16 03:21:14.556,1.38649,1.38664,1.00,1.56
2017.02.16 03:21:15.074,1.38649,1.38664,1.00,1.56
2017.02.16 03:21:15.620,1.38649,1.38664,1.00,1.56
2017.02.16 03:21:18.339,1.38649,1.38664,1.00,1.00
2017.02.16 03:21:18.947,1.38649,1.38664,1.00,1.56
2017.02.16 03:21:20.172,1.38649,1.38663,1.00,1.31
2017.02.16 03:21:22.862,1.38649,1.38663,1.00,1.56
2017.02.16 03:21:23.886,1.38649,1.38663,1.00,1.00
2017.02.16 03:21:27.408,1.38649,1.38664,1.00,2.06
2017.02.16 03:21:27.951,1.38649,1.38663,1.00,1.31
2017.02.16 03:21:35.159,1.38651,1.38665,1.00,1.31
2017.02.16 03:21:35.362,1.38651,1.38667,1.00,1.50
2017.02.16 03:21:35.413,1.38647,1.38667,1.87,1.50
2017.02.16 03:21:35.616,1.38647,1.38669,2.62,2.06
2017.02.16 03:21:40.869,1.38647,1.38667,1.75,1.00
2017.02.16 03:21:45.445,1.38651,1.38668,1.12,3.56
2017.02.16 03:21:45.496,1.38651,1.38667,1.12,2.06
2017.02.16 03:21:45.650,1.38646,1.38661,1.25,1.87
2017.02.16 03:21:45.890,1.3864,1.38661,1.56,1.00
2017.02.16 03:21:46.471,1.3865,1.38662,1.00,2.06
2017.02.16 03:21:46.573,1.38649,1.38663,1.00,1.00
2017.02.16 03:21:46.624,1.38645,1.38666,1.12,2.06
2017.02.16 03:21:46.726,1.38645,1.38667,1.87,2.06
2017.02.16 03:21:46.777,1.38645,1.38667,3.94,2.06
2017.02.16 03:21:46.930,1.38646,1.38667,1.00,1.69
2017.02.16 03:21:47.049,1.38646,1.38667,1.12,1.56
2017.02.16 03:21:47.525,1.38644,1.38665,2.06,2.06
2017.02.16 03:21:47.576,1.38644,1.38663,1.31,1.00
2017.02.16 03:21:48.101,1.38641,1.38663,2.44,2.06
2017.02.16 03:21:48.664,1.38642,1.38663,1.31,2.06
2017.02.16 03:21:56.145,1.38649,1.38663,1.00,1.31
2017.02.16 03:21:56.683,1.38649,1.38662,1.00,1.31
2017.02.16 03:22:01.364,1.3865,1.38664,1.00,1.56
2017.02.16 03:22:01.468,1.38646,1.38666,1.31,1.50
2017.02.16 03:22:01.621,1.38644,1.38664,2.00,1.00
2017.02.16 03:22:01.673,1.38645,1.38664,1.12,1.00
2017.02.16 03:22:01.825,1.38649,1.38665,1.00,1.31
2017.02.16 03:22:02.106,1.3864,1.38661,2.06,1.25
2017.02.16 03:22:02.208,1.38649,1.38662,1.00,1.12
2017.02.16 03:22:02.719,1.38648,1.38662,1.00,1.00
2017.02.16 03:22:03.263,1.38642,1.38662,1.87,1.56
2017.02.16 03:22:03.415,1.38648,1.38662,1.00,1.56
2017.02.16 03:22:04.416,1.38641,1.38662,1.87,1.56
2017.02.16 03:22:06.366,1.38641,1.38662,1.87,1.56
2017.02.16 03:22:08.364,1.38641,1.38662,1.87,1.56
2017.02.16 03:22:14.743,1.38639,1.38661,1.75,1.56
2017.02.16 03:22:14.794,1.38639,1.38661,1.50,1.69
2017.02.16 03:22:14.896,1.3864,1.38662,1.87,2.06
2017.02.16 03:22:16.156,1.3864,1.38662,1.87,1.56
2017.02.16 03:22:16.760,1.38641,1.38662,1.12,2.06
2017.02.16 03:22:16.912,1.38641,1.38662,1.12,2.06
2017.02.16 03:22:17.219,1.3864,1.38661,2.06,1.31
2017.02.16 03:22:21.582,1.3864,1.38661,2.25,2.06
2017.02.16 03:22:21.882,1.38641,1.38662,1.31,1.31
2017.02.16 03:22:22.035,1.38641,1.38658,2.06,1.12
2017.02.16 03:22:22.086,1.38641,1.38657,1.12,1.00
2017.02.16 03:22:22.187,1.38637,1.38656,3.00,1.31
2017.02.16 03:22:22.289,1.38637,1.38656,1.12,1.31
2017.02.16 03:22:23.142,1.38641,1.38658,1.37,1.69
2017.02.16 03:22:23.193,1.38642,1.38661,1.00,2.06
2017.02.16 03:22:23.296,1.38646,1.38662,1.00,1.31
2017.02.16 03:22:23.400,1.38646,1.38665,1.00,1.69
2017.02.16 03:22:23.452,1.38644,1.38663,1.50,3.75
2017.02.16 03:22:23.554,1.38644,1.38664,1.75,1.56
2017.02.16 03:22:24.817,1.38645,1.38665,1.12,4.50
2017.02.16 03:22:24.868,1.38645,1.38665,1.12,1.56
2017.02.16 03:22:25.124,1.38645,1.38666,1.37,2.62
2017.02.16 03:22:25.665,1.38644,1.38664,1.75,1.56
2017.02.16 03:22:25.767,1.38644,1.38665,1.75,1.56
2017.02.16 03:22:26.274,1.38645,1.38665,1.50,1.56
2017.02.16 03:22:26.794,1.38646,1.38665,1.50,1.56
2017.02.16 03:22:27.097,1.38646,1.38665,1.50,1.56
2017.02.16 03:22:28.111,1.38646,1.38665,1.00,1.56
2017.02.16 03:22:31.085,1.38647,1.38666,1.00,2.44
2017.02.16 03:22:38.287,1.38652,1.38666,1.00,1.69
2017.02.16 03:22:38.599,1.38652,1.38666,1.00,1.69
2017.02.16 03:22:39.976,1.38651,1.38665,1.00,1.31
2017.02.16 03:22:40.027,1.38651,1.38667,1.00,1.31
2017.02.16 03:22:40.180,1.38648,1.38667,1.00,4.50
2017.02.16 03:22:40.231,1.38648,1.38667,1.00,1.31
2017.02.16 03:22:41.091,1.38645,1.38666,2.25,1.69
2017.02.16 03:22:41.861,1.38645,1.38667,2.25,1.31
2017.02.16 03:22:41.911,1.38645,1.38667,1.87,1.31
2017.02.16 03:22:44.313,1.38644,1.38666,1.50,1.69
2017.02.16 03:22:48.650,1.38644,1.38665,1.87,2.06
2017.02.16 03:22:50.323,1.38643,1.38665,2.25,2.81
2017.02.16 03:22:51.299,1.38642,1.38664,1.50,2.81
2017.02.16 03:22:51.350,1.38642,1.38664,1.50,2.81
2017.02.16 03:22:52.366,1.38641,1.38663,2.25,1.69
2017.02.16 03:22:56.841,1.38641,1.38659,1.37,1.31
2017.02.16 03:22:56.893,1.3864,1.38658,1.50,1.25
2017.02.16 03:22:56.944,1.38637,1.38658,1.50,1.69
2017.02.16 03:22:57.108,1.38637,1.38656,1.00,1.31
2017.02.16 03:22:57.159,1.38644,1.38657,1.00,1.31
2017.02.16 03:22:57.261,1.38635,1.38657,1.50,2.44
2017.02.16 03:22:58.355,1.38635,1.38655,1.50,1.56
2017.02.16 03:22:58.659,1.38634,1.3865,1.00,1.00
2017.02.16 03:22:58.800,1.38632,1.3865,1.12,1.00
2017.02.16 03:22:59.311,1.38632,1.38649,1.00,1.00
2017.02.16 03:23:00.710,1.38632,1.3865,1.00,1.00
2017.02.16 03:23:00.812,1.38635,1.38653,1.87,1.75
2017.02.16 03:23:00.977,1.38636,1.38653,1.12,1.00
2017.02.16 03:23:01.078,1.3864,1.38655,1.00,1.50
2017.02.16 03:23:01.333,1.38638,1.38656,1.00,1.75
2017.02.16 03:23:01.390,1.3864,1.38658,1.00,2.25
2017.02.16 03:23:01.492,1.3864,1.38658,1.00,1.75
2017.02.16 03:23:02.393,1.38644,1.38659,1.00,3.60
2017.02.16 03:23:08.265,1.38644,1.38655,1.00,1.00
2017.02.16 03:23:08.316,1.38642,1.38655,1.00,1.00
2017.02.16 03:23:15.134,1.38641,1.38655,1.00,1.00
2017.02.16 03:23:17.315,1.38641,1.38654,1.00,1.00
2017.02.16 03:23:21.125,1.38641,1.38653,1.00,1.00
2017.02.16 03:23:21.649,1.38641,1.38654,1.00,1.00
2017.02.16 03:23:23.782,1.38641,1.38654,1.00,1.56
2017.02.16 03:23:24.496,1.38641,1.38655,1.00,1.00
2017.02.16 03:23:24.547,1.38641,1.38653,1.00,1.00
2017.02.16 03:23:24.750,1.38641,1.38655,1.00,1.00
2017.02.16 03:23:25.373,1.38641,1.38656,1.00,1.12
2017.02.16 03:23:26.399,1.38642,1.38657,1.00,1.50
2017.02.16 03:23:26.939,1.38642,1.38657,1.00,1.00
2017.02.16 03:23:37.188,1.38641,1.3866,1.00,1.75
2017.02.16 03:23:37.239,1.38641,1.3866,1.37,2.25
2017.02.16 03:23:37.290,1.38641,1.3866,1.12,1.50
2017.02.16 03:23:37.341,1.38644,1.3866,1.00,1.00
2017.02.16 03:23:37.442,1.38644,1.38662,1.00,1.12
2017.02.16 03:23:37.493,1.38643,1.38661,1.00,1.37
2017.02.16 03:23:37.805,1.38644,1.38658,1.00,1.00
2017.02.16 03:23:43.214,1.3864,1.38657,1.12,1.50
2017.02.16 03:23:43.519,1.38638,1.38657,2.25,1.00
2017.02.16 03:23:43.671,1.3864,1.38661,2.25,2.62
2017.02.16 03:23:44.232,1.38644,1.38661,1.00,1.12
2017.02.16 03:23:44.627,1.38646,1.38661,1.00,1.12
2017.02.16 03:23:46.542,1.38646,1.38659,1.00,1.00
2017.02.16 03:23:47.208,1.38646,1.38658,1.00,1.00
2017.02.16 03:23:47.309,1.38644,1.38658,1.00,1.00
2017.02.16 03:23:55.136,1.38644,1.38657,1.00,1.00
2017.02.16 03:23:55.339,1.38644,1.38659,1.00,1.50
2017.02.16 03:23:58.246,1.38645,1.38659,1.00,1.50
2017.02.16 03:23:58.514,1.3864,1.38659,1.56,1.50
2017.02.16 03:23:59.308,1.3864,1.38658,1.56,1.00
2017.02.16 03:24:01.359,1.38638,1.38658,1.94,1.00
2017.02.16 03:24:01.959,1.38638,1.38658,1.37,1.00
2017.02.16 03:24:02.010,1.38637,1.38654,1.50,1.50
2017.02.16 03:24:02.214,1.38633,1.38652,1.37,1.00
2017.02.16 03:24:02.469,1.38637,1.38653,1.00,1.12
2017.02.16 03:24:03.107,1.38637,1.38652,1.00,1.00
2017.02.16 03:24:03.624,1.38636,1.38652,1.00,1.00
2017.02.16 03:24:10.864,1.38637,1.38654,1.37,2.25
2017.02.16 03:24:10.965,1.38637,1.38654,1.00,1.50
2017.02.16 03:24:11.577,1.3864,1.38652,1.00,1.00
2017.02.16 03:24:11.711,1.38632,1.38654,1.50,1.50
2017.02.16 03:24:11.813,1.38633,1.38655,3.19,1.12
2017.02.16 03:24:11.863,1.38634,1.38655,1.31,1.12
2017.02.16 03:24:11.915,1.38636,1.38655,1.25,1.12
2017.02.16 03:24:11.966,1.38636,1.38657,2.06,1.37
2017.02.16 03:24:12.142,1.38638,1.38658,1.62,1.00
2017.02.16 03:24:12.790,1.38636,1.38657,2.44,1.00
2017.02.16 03:24:18.195,1.38636,1.38656,2.00,1.00
2017.02.16 03:24:18.703,1.38636,1.38656,1.12,1.56
2017.02.16 03:24:19.401,1.38636,1.38656,2.81,1.00
2017.02.16 03:24:21.903,1.38636,1.38657,1.87,1.69
2017.02.16 03:24:22.052,1.38642,1.38658,1.37,1.31
2017.02.16 03:24:22.356,1.38642,1.38659,1.12,1.56
2017.02.16 03:24:23.091,1.38641,1.38658,1.12,1.29
2017.02.16 03:24:24.073,1.38642,1.38658,1.00,1.29
2017.02.16 03:24:24.244,1.38644,1.38659,1.00,1.42
2017.02.16 03:24:24.872,1.38642,1.38659,1.00,1.42
2017.02.16 03:24:25.709,1.38643,1.3866,1.00,1.79
2017.02.16 03:24:32.747,1.38643,1.38661,1.00,1.42
2017.02.16 03:24:33.225,1.38643,1.38661,1.00,3.29
2017.02.16 03:24:33.875,1.38642,1.38659,1.00,1.79
2017.02.16 03:24:34.638,1.38641,1.38659,1.12,1.79
2017.02.16 03:24:35.123,1.38641,1.38659,1.12,1.79
2017.02.16 03:24:35.389,1.38638,1.38657,1.50,1.29
2017.02.16 03:24:35.440,1.38638,1.38657,1.00,1.29
2017.02.16 03:24:36.129,1.38638,1.38656,1.37,1.29
2017.02.16 03:24:39.199,1.38638,1.38655,1.00,1.29
2017.02.16 03:24:39.503,1.38632,1.38651,1.62,1.00
2017.02.16 03:24:39.605,1.38632,1.38651,1.25,1.12
2017.02.16 03:24:39.863,1.38631,1.38653,2.44,1.79
2017.02.16 03:24:40.109,1.38633,1.38653,1.00,1.04
2017.02.16 03:24:40.160,1.38639,1.38653,1.00,1.04
2017.02.16 03:24:45.180,1.3864,1.38653,1.00,1.04
2017.02.16 03:24:46.151,1.38641,1.38653,1.00,1.04
2017.02.16 03:24:48.048,1.38633,1.38653,1.00,1.04
2017.02.16 03:24:49.328,1.38632,1.38653,2.44,1.04
2017.02.16 03:24:49.917,1.38632,1.38653,2.06,1.79
2017.02.16 03:24:50.418,1.38633,1.38653,1.37,1.04
2017.02.16 03:24:55.121,1.3864,1.38653,1.00,1.00
2017.02.16 03:24:57.234,1.38635,1.38655,1.00,2.06
2017.02.16 03:24:57.285,1.38635,1.38655,1.62,1.50
2017.02.16 03:24:57.436,1.38637,1.38656,1.69,1.12
2017.02.16 03:24:57.937,1.38637,1.38656,1.31,1.12
2017.02.16 03:25:01.451,1.38636,1.38657,3.94,2.06
2017.02.16 03:25:01.553,1.38637,1.38658,1.31,1.12
2017.02.16 03:25:02.090,1.38638,1.38659,2.06,1.87
2017.02.16 03:25:02.293,1.38639,1.38659,1.31,1.12
2017.02.16 03:25:03.297,1.3864,1.3866,1.12,2.06
2017.02.16 03:25:03.449,1.3864,1.3866,1.31,1.00
2017.02.16 03:25:03.753,1.38642,1.38661,1.31,1.00
2017.02.16 03:25:04.092,1.38642,1.3866,1.12,1.56
2017.02.16 03:25:04.143,1.38642,1.38661,1.00,2.06
2017.02.16 03:25:04.195,1.38641,1.38663,1.87,2.44
2017.02.16 03:25:04.296,1.38644,1.38664,1.37,1.62
2017.02.16 03:25:04.804,1.38644,1.38665,1.87,1.56
2017.02.16 03:25:05.376,1.38645,1.38665,2.06,1.00
2017.02.16 03:25:05.878,1.38644,1.38664,2.44,1.00
2017.02.16 03:25:06.530,1.38644,1.38664,2.44,1.00
2017.02.16 03:25:07.904,1.38644,1.38665,2.44,1.31
2017.02.16 03:25:08.439,1.38646,1.38665,1.12,1.00
2017.02.16 03:25:09.035,1.38646,1.38666,1.12,2.44
2017.02.16 03:25:09.653,1.38648,1.38666,1.37,1.25
2017.02.16 03:25:09.855,1.38649,1.38669,1.37,2.44
2017.02.16 03:25:09.906,1.38649,1.38669,1.37,1.69
2017.02.16 03:25:10.058,1.38652,1.38671,1.25,1.87
2017.02.16 03:25:10.593,1.38652,1.3867,1.25,1.00
2017.02.16 03:25:12.103,1.38654,1.38672,1.37,1.50
2017.02.16 03:25:12.279,1.38653,1.3867,1.25,1.00
2017.02.16 03:25:12.380,1.3865,1.3867,1.00,1.50
2017.02.16 03:25:12.431,1.38649,1.38668,1.31,1.00
2017.02.16 03:25:12.735,1.38646,1.38665,2.44,1.00
2017.02.16 03:25:13.244,1.38649,1.38665,1.00,1.00
2017.02.16 03:25:14.706,1.38647,1.38665,1.37,2.44
2017.02.16 03:25:15.218,1.38647,1.38664,1.12,1.00
2017.02.16 03:25:16.403,1.38647,1.38663,1.00,1.00
2017.02.16 03:25:23.550,1.38649,1.38665,1.00,1.75
2017.02.16 03:25:24.615,1.38647,1.38664,1.12,1.50
2017.02.16 03:25:25.477,1.38647,1.38664,1.12,1.00
2017.02.16 03:25:25.975,1.38647,1.38666,1.12,2.25
2017.02.16 03:25:26.178,1.38646,1.38663,1.00,1.00
2017.02.16 03:25:26.483,1.38647,1.38665,1.37,1.56
2017.02.16 03:25:26.716,1.38648,1.38666,1.31,1.00
2017.02.16 03:25:27.186,1.38647,1.38668,1.75,2.81
2017.02.16 03:25:27.237,1.38648,1.38668,1.00,2.06
2017.02.16 03:25:27.498,1.38646,1.38666,1.50,1.00
2017.02.16 03:25:28.699,1.38645,1.38666,1.12,1.50
2017.02.16 03:25:29.004,1.38647,1.38666,1.37,2.25
2017.02.16 03:25:29.106,1.38647,1.38667,1.50,1.00
2017.02.16 03:25:29.645,1.38649,1.38666,1.50,1.00
2017.02.16 03:25:29.949,1.38646,1.38664,1.50,1.00
2017.02.16 03:25:30.420,1.38646,1.38666,1.37,1.00
2017.02.16 03:25:30.471,1.38647,1.38666,1.37,1.00
2017.02.16 03:25:30.522,1.38648,1.38666,1.37,1.00
2017.02.16 03:25:30.624,1.38653,1.38672,1.00,3.75
2017.02.16 03:25:30.725,1.3865,1.38669,1.37,1.00
2017.02.16 03:25:30.978,1.38647,1.38667,2.62,1.00
2017.02.16 03:25:31.029,1.38648,1.38667,1.50,1.00
2017.02.16 03:25:31.080,1.38648,1.38667,1.50,1.00
2017.02.16 03:25:31.233,1.38649,1.3867,1.37,2.25
2017.02.16 03:25:31.284,1.38649,1.38668,1.75,1.00
2017.02.16 03:25:33.536,1.38651,1.38668,1.50,1.00
2017.02.16 03:25:34.980,1.38651,1.38668,1.50,1.00
2017.02.16 03:25:35.517,1.38653,1.38669,1.00,1.00
2017.02.16 03:25:38.024,1.38653,1.38668,1.00,1.00
2017.02.16 03:25:39.656,1.38649,1.38664,1.12,1.00
2017.02.16 03:25:39.962,1.38647,1.38665,1.12,1.56
2017.02.16 03:25:41.375,1.38648,1.38665,1.12,1.56
2017.02.16 03:25:41.753,1.38653,1.38665,1.00,1.56
2017.02.16 03:25:45.489,1.38653,1.38667,1.00,3.37
2017.02.16 03:25:45.591,1.38648,1.38664,1.87,1.56
2017.02.16 03:25:45.744,1.3865,1.38667,1.12,2.25
2017.02.16 03:25:46.286,1.38653,1.38669,1.12,1.56
2017.02.16 03:25:47.179,1.38651,1.38669,1.50,1.56
2017.02.16 03:25:47.454,1.38651,1.38669,1.50,1.56
2017.02.16 03:25:47.555,1.38651,1.38669,1.50,1.56
2017.02.16 03:25:47.860,1.38651,1.38669,1.50,1.56
2017.02.16 03:25:50.794,1.38653,1.38669,1.12,1.56
2017.02.16 03:25:51.930,1.38651,1.38669,1.12,1.56
2017.02.16 03:25:52.082,1.38647,1.38666,1.75,1.56
2017.02.16 03:25:52.285,1.38647,1.38666,1.50,2.06
2017.02.16 03:25:52.340,1.38645,1.38664,1.87,1.00
2017.02.16 03:25:52.391,1.38645,1.38666,3.00,1.69
2017.02.16 03:25:52.493,1.38647,1.38668,2.25,1.94
2017.02.16 03:25:52.796,1.3865,1.3867,1.12,1.00
2017.02.16 03:25:52.898,1.3865,1.3867,1.12,1.56
2017.02.16 03:25:53.433,1.3865,1.38668,1.37,1.56
2017.02.16 03:25:54.367,1.3865,1.38668,1.37,1.56
2017.02.16 03:25:54.696,1.38648,1.38665,1.50,1.56
2017.02.16 03:25:54.848,1.38647,1.38664,1.00,2.06
2017.02.16 03:25:58.288,1.38647,1.38664,1.00,2.81
2017.02.16 03:25:58.800,1.38646,1.38662,1.00,1.56
2017.02.16 03:25:58.902,1.38646,1.38661,1.00,1.56
2017.02.16 03:25:59.003,1.38646,1.38661,1.00,1.56
2017.02.16 03:26:00.294,1.38646,1.38661,1.00,1.56
2017.02.16 03:26:00.427,1.38644,1.38663,1.00,6.00
2017.02.16 03:26:00.680,1.38644,1.38661,2.25,1.00
2017.02.16 03:26:00.732,1.3864,1.38661,4.87,1.56
2017.02.16 03:26:00.783,1.38642,1.38661,1.12,2.06
2017.02.16 03:26:00.885,1.38647,1.3866,1.00,1.56
2017.02.16 03:26:01.038,1.3864,1.38661,1.37,2.44
2017.02.16 03:26:01.089,1.3864,1.38661,1.12,2.06
2017.02.16 03:26:01.241,1.38648,1.38661,1.00,1.56
2017.02.16 03:26:01.831,1.38645,1.38661,1.00,2.06
2017.02.16 03:26:02.111,1.38644,1.3866,1.12,1.56
2017.02.16 03:26:02.212,1.38642,1.38661,1.87,1.56
2017.02.16 03:26:02.567,1.38643,1.38663,1.37,2.06
2017.02.16 03:26:04.977,1.38643,1.38661,1.37,1.56
2017.02.16 03:26:06.301,1.38643,1.38661,1.12,2.06
2017.02.16 03:26:06.497,1.38643,1.38662,2.62,1.50
2017.02.16 03:26:06.688,1.38646,1.38662,1.00,1.50
2017.02.16 03:26:07.018,1.38646,1.38663,1.00,1.56
2017.02.16 03:26:07.739,1.38646,1.38663,1.00,2.06
2017.02.16 03:26:10.245,1.38644,1.38661,1.12,2.06
2017.02.16 03:26:10.296,1.38644,1.38659,1.12,1.56
2017.02.16 03:26:10.701,1.38642,1.38661,2.25,1.00
2017.02.16 03:26:11.204,1.38645,1.38662,1.00,1.56
2017.02.16 03:26:11.799,1.38645,1.38663,1.00,1.56
2017.02.16 03:26:12.205,1.38647,1.38662,1.00,1.56
2017.02.16 03:26:15.467,1.38645,1.38663,1.00,1.56
2017.02.16 03:26:15.821,1.38642,1.38661,1.00,1.56
2017.02.16 03:26:16.711,1.38642,1.3866,1.00,1.56
2017.02.16 03:26:17.730,1.38642,1.38664,1.50,1.56
2017.02.16 03:26:17.781,1.38642,1.38664,1.87,1.56
2017.02.16 03:26:17.883,1.38645,1.38664,1.37,1.56
2017.02.16 03:26:17.985,1.38641,1.38663,1.75,2.06
2017.02.16 03:26:18.087,1.38643,1.38664,2.25,1.56
2017.02.16 03:26:18.591,1.38645,1.38665,1.37,1.56
2017.02.16 03:26:19.706,1.38645,1.38665,2.25,1.56
2017.02.16 03:26:19.758,1.38644,1.38665,2.25,1.56
2017.02.16 03:26:19.860,1.38645,1.38667,1.12,2.44
2017.02.16 03:26:20.376,1.38645,1.38664,1.12,1.56
2017.02.16 03:26:20.910,1.38644,1.38664,2.25,1.00
2017.02.16 03:26:22.918,1.38643,1.38664,1.87,1.56
2017.02.16 03:26:24.138,1.38644,1.38666,1.37,1.94
2017.02.16 03:26:25.411,1.38644,1.38666,1.37,1.69
2017.02.16 03:26:25.613,1.38642,1.38665,3.00,1.69
2017.02.16 03:26:25.715,1.38642,1.38664,1.87,1.69
2017.02.16 03:26:27.143,1.3864,1.38662,3.00,1.56
2017.02.16 03:26:28.255,1.38639,1.38662,3.37,1.69
2017.02.16 03:26:29.542,1.3864,1.38662,1.37,1.69
2017.02.16 03:26:29.746,1.38643,1.38663,1.37,1.56
2017.02.16 03:26:29.848,1.38644,1.38664,1.37,1.00
2017.02.16 03:26:30.052,1.38646,1.38663,1.00,2.06
2017.02.16 03:26:30.153,1.38643,1.38664,2.62,1.69
2017.02.16 03:26:31.245,1.38643,1.38662,1.50,1.56
2017.02.16 03:26:31.755,1.38643,1.38662,1.75,1.00
2017.02.16 03:26:32.288,1.38645,1.38664,1.37,1.00
2017.02.16 03:26:32.667,1.38643,1.38662,1.37,1.00
2017.02.16 03:26:38.705,1.38639,1.3866,3.37,1.00
2017.02.16 03:26:38.860,1.38638,1.3866,1.12,1.00
2017.02.16 03:26:38.961,1.38639,1.38659,1.75,1.00
2017.02.16 03:26:39.562,1.38639,1.3866,1.75,1.00
2017.02.16 03:26:39.765,1.3864,1.38661,1.75,1.00
2017.02.16 03:26:53.942,1.38643,1.38662,1.12,1.00
2017.02.16 03:26:54.246,1.38643,1.38662,1.75,1.00
2017.02.16 03:26:54.398,1.38643,1.38661,1.12,1.00
2017.02.16 03:26:54.913,1.38643,1.38662,1.12,1.00
2017.02.16 03:26:55.418,1.38643,1.38663,2.25,1.50
2017.02.16 03:26:55.958,1.38643,1.38663,2.25,1.00
2017.02.16 03:26:57.443,1.38643,1.38662,1.00,1.00
2017.02.16 03:26:57.544,1.38641,1.38663,1.00,1.00
2017.02.16 03:26:57.595,1.38641,1.38661,1.12,1.00
2017.02.16 03:26:58.102,1.38641,1.38663,1.00,1.50
2017.02.16 03:26:58.406,1.38641,1.38662,1.50,1.00
2017.02.16 03:26:58.544,1.38643,1.38664,1.37,1.00
2017.02.16 03:26:58.975,1.38645,1.38666,1.37,1.00
2017.02.16 03:26:59.278,1.38643,1.38664,1.75,1.00
2017.02.16 03:26:59.431,1.38643,1.38663,1.50,1.50
2017.02.16 03:26:59.786,1.38643,1.38662,1.37,1.00
2017.02.16 03:26:59.837,1.38644,1.38665,1.12,1.00
2017.02.16 03:27:00.248,1.38644,1.38663,1.37,1.00
2017.02.16 03:27:00.400,1.38643,1.38663,1.12,1.00
2017.02.16 03:27:01.312,1.38643,1.38664,1.12,1.12
2017.02.16 03:27:02.197,1.38643,1.38663,1.00,1.00
2017.02.16 03:27:02.746,1.38643,1.38664,1.12,1.12
2017.02.16 03:27:02.988,1.38647,1.38667,1.37,1.75
2017.02.16 03:27:03.039,1.38647,1.38667,1.00,1.50
2017.02.16 03:27:03.319,1.38647,1.38667,1.12,1.56
2017.02.16 03:27:03.623,1.38644,1.38662,1.00,1.50
2017.02.16 03:27:03.927,1.38645,1.38666,1.87,1.56
2017.02.16 03:27:04.231,1.38644,1.38663,1.50,1.56
2017.02.16 03:27:04.282,1.38643,1.38664,3.37,1.00
2017.02.16 03:27:04.416,1.38646,1.38668,1.87,1.75
2017.02.16 03:27:04.614,1.3865,1.38669,1.00,1.37
2017.02.16 03:27:04.666,1.38649,1.3867,1.69,1.69
2017.02.16 03:27:04.716,1.38649,1.3867,2.44,1.31
2017.02.16 03:27:05.021,1.38649,1.38669,1.75,1.56
2017.02.16 03:27:05.223,1.38649,1.38669,1.12,1.00
2017.02.16 03:27:05.375,1.38648,1.38669,1.37,1.56
2017.02.16 03:27:05.477,1.38647,1.38668,2.81,1.25
2017.02.16 03:27:05.579,1.38649,1.38667,1.12,1.56
2017.02.16 03:27:06.085,1.38649,1.38666,1.00,1.56
2017.02.16 03:27:06.439,1.38649,1.38663,1.00,1.56
2017.02.16 03:27:09.884,1.38648,1.3866,1.00,1.56
2017.02.16 03:27:10.188,1.38644,1.38659,1.12,1.56
2017.02.16 03:27:10.290,1.38644,1.38661,1.12,2.06
2017.02.16 03:27:10.341,1.38644,1.38661,1.75,2.06
2017.02.16 03:27:10.676,1.38643,1.38661,1.50,1.56
2017.02.16 03:27:11.014,1.38647,1.38661,1.00,1.56
2017.02.16 03:27:11.502,1.38647,1.38662,1.00,2.81
2017.02.16 03:27:11.860,1.38645,1.38661,1.00,1.56
2017.02.16 03:27:12.492,1.38645,1.3866,1.00,1.56
2017.02.16 03:27:13.276,1.38644,1.3866,1.12,1.56
2017.02.16 03:27:14.685,1.38645,1.3866,1.00,1.56
2017.02.16 03:27:15.356,1.38645,1.3866,1.00,1.56
2017.02.16 03:27:16.567,1.38645,1.3866,1.00,1.56
2017.02.16 03:27:18.334,1.38644,1.3866,1.12,1.56
2017.02.16 03:27:18.873,1.38644,1.3866,1.12,1.56
2017.02.16 03:27:24.335,1.38644,1.38659,1.12,1.56
2017.02.16 03:27:28.037,1.38643,1.38659,1.12,1.56
2017.02.16 03:27:28.753,1.38644,1.38659,1.00,1.56
2017.02.16 03:27:35.052,1.38644,1.38661,1.00,1.56
2017.02.16 03:27:37.319,1.38642,1.38662,2.62,1.56
2017.02.16 03:27:37.623,1.38648,1.38661,1.00,1.56
2017.02.16 03:27:38.129,1.38648,1.38661,1.00,1.56
2017.02.16 03:27:39.465,1.38648,1.38661,1.00,1.56
2017.02.16 03:27:39.949,1.38648,1.38661,1.00,1.56
2017.02.16 03:27:44.459,1.38648,1.38661,1.00,1.56
2017.02.16 03:27:56.963,1.38648,1.38664,1.00,2.25
2017.02.16 03:27:57.116,1.38648,1.38664,1.37,1.19
2017.02.16 03:27:57.217,1.38648,1.38667,1.00,1.50
2017.02.16 03:27:57.349,1.38648,1.38667,1.00,1.56
2017.02.16 03:27:57.959,1.38648,1.38667,1.00,2.06
2017.02.16 03:27:58.462,1.38648,1.38666,1.00,2.06
2017.02.16 03:27:58.564,1.38648,1.38667,1.00,1.31
2017.02.16 03:27:58.665,1.38648,1.38666,1.00,1.31
2017.02.16 03:27:58.969,1.38648,1.38667,1.00,1.31
2017.02.16 03:27:59.172,1.38648,1.38666,1.00,1.31
2017.02.16 03:27:59.393,1.38648,1.38668,1.00,4.31
2017.02.16 03:27:59.545,1.38648,1.38666,1.00,1.31
2017.02.16 03:27:59.647,1.38648,1.38668,1.00,3.56
2017.02.16 03:28:03.995,1.38648,1.38666,1.00,1.31
2017.02.16 03:28:05.983,1.38648,1.38666,1.00,1.31
2017.02.16 03:28:06.084,1.38648,1.38666,1.00,1.31
2017.02.16 03:28:11.575,1.38648,1.38666,1.00,2.81
2017.02.16 03:28:14.185,1.38648,1.38664,1.00,1.56
2017.02.16 03:28:15.590,1.38648,1.38664,1.00,1.00
2017.02.16 03:28:16.219,1.38648,1.38665,1.00,1.25
2017.02.16 03:28:21.063,1.38648,1.38666,1.00,2.06
2017.02.16 03:28:22.876,1.38648,1.38666,1.00,2.81
2017.02.16 03:28:23.280,1.38648,1.38665,1.00,1.69
2017.02.16 03:28:25.211,1.38648,1.38665,1.00,1.69
2017.02.16 03:28:27.276,1.38648,1.38665,1.00,1.69
2017.02.16 03:28:36.170,1.38648,1.38655,1.00,1.00
2017.02.16 03:28:39.539,1.38648,1.38654,1.00,1.00
2017.02.16 03:28:39.640,1.38648,1.38664,1.00,1.50
2017.02.16 03:28:40.795,1.38648,1.38664,1.00,1.31
2017.02.16 03:28:41.440,1.38648,1.38662,1.00,1.62
2017.02.16 03:28:46.228,1.38648,1.38655,1.00,1.00
2017.02.16 03:28:47.264,1.38648,1.38661,1.00,1.87
2017.02.16 03:28:47.314,1.38648,1.38661,1.00,2.44
2017.02.16 03:28:49.088,1.38648,1.38659,1.00,1.69
2017.02.16 03:28:49.893,1.38648,1.38659,1.00,1.69
2017.02.16 03:28:57.394,1.38648,1.38659,1.00,1.69
2017.02.16 03:28:59.306,1.38648,1.3866,1.00,1.50
2017.02.16 03:28:59.521,1.38648,1.38652,1.00,1.00
2017.02.16 03:29:00.041,1.38648,1.3866,1.00,1.00
2017.02.16 03:29:01.861,1.38648,1.38657,1.00,1.00
2017.02.16 03:29:01.963,1.38648,1.3866,1.00,1.00
2017.02.16 03:29:02.228,1.38648,1.38662,1.00,1.00
2017.02.16 03:29:02.366,1.38648,1.3866,1.00,1.00
2017.02.16 03:29:04.268,1.38648,1.38658,1.00,1.00
2017.02.16 03:29:04.319,1.38648,1.3866,1.00,1.35
2017.02.16 03:29:04.371,1.38648,1.38657,1.00,1.50
2017.02.16 03:29:04.422,1.38648,1.3866,1.00,1.00
2017.02.16 03:29:05.218,1.38648,1.38661,1.00,1.56
2017.02.16 03:29:06.949,1.38648,1.38661,1.00,1.56
2017.02.16 03:29:14.351,1.38648,1.3866,1.00,1.56
2017.02.16 03:29:17.222,1.38648,1.3866,1.00,1.56
2017.02.16 03:29:18.431,1.38648,1.38658,1.00,1.56
2017.02.16 03:29:18.532,1.38648,1.38658,1.00,1.56
2017.02.16 03:29:18.942,1.38647,1.38658,1.00,1.56
2017.02.16 03:29:19.146,1.38648,1.38658,1.00,1.31
2017.02.16 03:29:19.349,1.38648,1.38661,1.00,1.56
2017.02.16 03:29:20.392,1.38648,1.38662,1.00,1.56
2017.02.16 03:29:21.628,1.38648,1.38662,1.00,1.56
2017.02.16 03:29:34.839,1.38648,1.38662,1.00,1.31
2017.02.16 03:29:35.967,1.38648,1.38659,1.00,1.31
2017.02.16 03:29:36.069,1.38648,1.38662,1.00,2.81
2017.02.16 03:29:36.148,1.38648,1.38662,1.00,2.25
2017.02.16 03:29:36.679,1.38648,1.3866,1.00,1.00
2017.02.16 03:29:37.502,1.38648,1.38658,1.00,1.00
2017.02.16 03:29:37.553,1.38648,1.38665,1.00,2.44
2017.02.16 03:29:38.633,1.38648,1.38663,1.00,1.31
2017.02.16 03:29:40.272,1.38648,1.38668,1.37,1.31
2017.02.16 03:29:41.734,1.38648,1.38668,1.50,1.31
2017.02.16 03:29:43.050,1.38648,1.38665,1.00,1.25
2017.02.16 03:29:43.152,1.38648,1.38666,1.00,1.31
2017.02.16 03:29:43.456,1.38648,1.3866,1.00,1.00
2017.02.16 03:29:44.283,1.38648,1.38661,1.00,1.00
2017.02.16 03:29:44.542,1.38648,1.38666,1.00,1.25
2017.02.16 03:29:45.047,1.38648,1.38667,1.87,1.31
2017.02.16 03:29:46.648,1.38648,1.38667,1.12,1.31
2017.02.16 03:29:46.750,1.38648,1.38669,1.12,2.06
2017.02.16 03:29:46.852,1.38648,1.38663,1.12,1.00
2017.02.16 03:29:48.992,1.38647,1.38663,2.25,1.00
2017.02.16 03:29:52.635,1.38647,1.38663,2.25,1.00
2017.02.16 03:29:53.321,1.38648,1.38663,1.37,1.00
2017.02.16 03:30:00.155,1.38646,1.38668,2.44,2.06
2017.02.16 03:30:00.206,1.38646,1.38667,2.06,1.25
2017.02.16 03:30:00.257,1.38649,1.38667,1.00,1.25
2017.02.16 03:30:00.530,1.38646,1.38668,1.87,2.25
2017.02.16 03:30:00.632,1.38647,1.38668,1.00,1.94
2017.02.16 03:30:00.835,1.38647,1.38667,1.00,1.00
2017.02.16 03:30:00.886,1.38647,1.38667,1.00,1.12
2017.02.16 03:30:02.234,1.38647,1.38668,1.50,1.31
2017.02.16 03:30:02.538,1.38649,1.38668,1.00,1.31
2017.02.16 03:30:02.740,1.38646,1.38668,1.87,1.87
2017.02.16 03:30:02.791,1.38646,1.38668,1.00,1.87
2017.02.16 03:30:03.247,1.38646,1.38667,1.56,1.75
2017.02.16 03:30:05.614,1.38648,1.38668,1.25,1.31
2017.02.16 03:30:05.716,1.38654,1.38668,1.00,1.31
2017.02.16 03:30:05.807,1.38654,1.38669,1.00,1.62
2017.02.16 03:30:05.863,1.38649,1.38669,1.00,1.62
2017.02.16 03:30:05.965,1.38649,1.38669,1.00,1.31
2017.02.16 03:30:06.066,1.38649,1.38668,1.00,1.25
2017.02.16 03:30:06.117,1.38649,1.38668,1.00,1.31
2017.02.16 03:30:08.065,1.38648,1.38667,1.00,1.62
2017.02.16 03:30:08.573,1.38647,1.38667,1.00,1.31
2017.02.16 03:30:09.269,1.38647,1.38665,1.00,1.62
2017.02.16 03:30:09.795,1.38646,1.38665,1.00,1.62
2017.02.16 03:30:11.385,1.38647,1.38665,1.00,1.62
2017.02.16 03:30:12.661,1.38654,1.38665,1.00,1.62
2017.02.16 03:30:12.763,1.38654,1.38669,1.00,1.31
2017.02.16 03:30:12.864,1.38654,1.38669,1.00,1.62
2017.02.16 03:30:14.169,1.38654,1.38672,1.00,1.75
2017.02.16 03:30:14.811,1.38653,1.38673,1.00,1.31
2017.02.16 03:30:14.862,1.38654,1.38673,1.37,1.31
2017.02.16 03:30:15.014,1.38655,1.38677,1.87,1.75
2017.02.16 03:30:15.116,1.38653,1.38676,1.87,2.25
2017.02.16 03:30:15.217,1.38652,1.38674,1.00,1.75
2017.02.16 03:30:15.522,1.38651,1.38673,1.00,1.87
2017.02.16 03:30:19.094,1.38651,1.38672,1.00,1.00
2017.02.16 03:30:19.348,1.38651,1.38672,1.00,3.37
2017.02.16 03:30:19.399,1.38649,1.38671,3.37,1.50
2017.02.16 03:30:19.450,1.38649,1.38669,1.87,1.00
2017.02.16 03:30:19.754,1.38652,1.38674,1.00,3.37
2017.02.16 03:30:20.084,1.38656,1.38674,1.00,3.37
2017.02.16 03:30:20.516,1.38651,1.38674,1.87,2.62
2017.02.16 03:30:20.983,1.3865,1.38672,1.50,1.00
2017.02.16 03:30:21.240,1.38648,1.3867,2.25,1.87
2017.02.16 03:30:21.544,1.38648,1.38668,1.50,1.75
2017.02.16 03:30:21.858,1.38648,1.38672,2.62,1.87
2017.02.16 03:30:22.603,1.38649,1.38672,1.12,3.00
2017.02.16 03:30:22.908,1.38651,1.38672,1.37,1.31
2017.02.16 03:30:22.960,1.3865,1.38673,1.00,1.75
2017.02.16 03:30:23.011,1.38652,1.38674,1.00,2.62
2017.02.16 03:30:23.264,1.38649,1.3867,1.50,2.06
2017.02.16 03:30:23.367,1.38648,1.3867,1.50,4.50
2017.02.16 03:30:23.858,1.38648,1.3867,2.62,2.25
2017.02.16 03:30:24.202,1.38649,1.38671,1.00,3.00
2017.02.16 03:30:24.570,1.38648,1.3867,1.50,1.75
2017.02.16 03:30:24.897,1.3865,1.3867,1.00,2.25
2017.02.16 03:30:26.245,1.38651,1.38671,1.00,2.25
2017.02.16 03:30:26.433,1.38649,1.38671,1.12,2.25
2017.02.16 03:30:28.255,1.3865,1.38672,1.00,2.25
2017.02.16 03:30:28.306,1.38654,1.38672,1.00,2.25
2017.02.16 03:30:28.459,1.38654,1.38673,1.00,1.75
2017.02.16 03:30:29.434,1.38649,1.38671,1.12,1.75
2017.02.16 03:30:29.485,1.38649,1.38671,1.00,1.75
2017.02.16 03:30:29.790,1.38652,1.38671,1.00,1.75
2017.02.16 03:30:29.886,1.38652,1.38672,1.00,2.25
2017.02.16 03:30:31.929,1.38651,1.38672,1.12,1.75
2017.02.16 03:30:32.284,1.38648,1.38671,3.00,2.81
2017.02.16 03:30:32.442,1.38648,1.38671,2.62,2.81
2017.02.16 03:30:32.981,1.38649,1.3867,1.00,1.31
2017.02.16 03:30:33.517,1.38648,1.38667,1.00,1.87
2017.02.16 03:30:33.824,1.38648,1.38666,1.00,1.31
2017.02.16 03:30:35.179,1.38648,1.38664,1.00,1.00
2017.02.16 03:30:36.396,1.38648,1.38667,1.50,1.12
2017.02.16 03:30:36.553,1.38648,1.38669,1.00,1.75
2017.02.16 03:30:36.857,1.38649,1.38667,1.00,1.25
2017.02.16 03:30:37.161,1.3865,1.38669,1.00,1.25
2017.02.16 03:30:37.697,1.38649,1.38671,1.00,1.94
2017.02.16 03:30:38.163,1.3865,1.38672,1.00,1.94
2017.02.16 03:30:38.669,1.38651,1.38673,1.00,2.44
2017.02.16 03:30:41.049,1.3865,1.38671,1.12,2.44
2017.02.16 03:30:41.353,1.38648,1.38668,1.00,1.75
2017.02.16 03:30:41.404,1.38648,1.38668,1.00,1.75
2017.02.16 03:30:43.238,1.38654,1.3867,1.00,3.00
2017.02.16 03:30:43.448,1.38654,1.3867,1.00,2.25
2017.02.16 03:30:43.499,1.38654,1.3867,1.00,2.25
2017.02.16 03:30:46.575,1.38654,1.38671,1.00,1.75
2017.02.16 03:30:47.389,1.38654,1.38673,1.00,3.75
2017.02.16 03:30:51.023,1.38648,1.38671,1.87,1.50
2017.02.16 03:30:51.074,1.38648,1.38671,2.25,2.44
2017.02.16 03:30:51.401,1.38654,1.38671,1.00,3.19
2017.02.16 03:30:51.705,1.38648,1.38671,1.00,5.44
2017.02.16 03:30:52.217,1.3865,1.38672,1.12,3.19
2017.02.16 03:30:52.420,1.3865,1.38673,2.81,2.44
2017.02.16 03:30:52.791,1.38648,1.38671,1.12,1.75
2017.02.16 03:30:53.196,1.38648,1.38668,1.12,1.19
2017.02.16 03:30:53.500,1.38648,1.38667,1.00,1.75
2017.02.16 03:30:54.554,1.3865,1.3867,1.00,3.19
2017.02.16 03:30:54.978,1.38648,1.38669,1.87,1.75
2017.02.16 03:30:55.589,1.38648,1.38666,1.00,1.75
2017.02.16 03:30:55.691,1.38648,1.38667,1.00,3.00
2017.02.16 03:30:56.197,1.38648,1.38665,1.00,1.31
2017.02.16 03:30:56.248,1.38648,1.38663,1.00,1.00
2017.02.16 03:30:56.577,1.38648,1.38667,1.00,3.00
2017.02.16 03:30:56.628,1.38648,1.38669,1.00,1.75
2017.02.16 03:30:56.679,1.38648,1.38669,1.00,2.25
2017.02.16 03:30:59.006,1.38651,1.38672,1.00,3.94
2017.02.16 03:30:59.367,1.38648,1.38669,1.50,1.37
2017.02.16 03:31:00.748,1.38648,1.38668,1.00,1.50
2017.02.16 03:31:00.867,1.38648,1.38665,1.00,1.37
2017.02.16 03:31:01.315,1.38647,1.38668,1.37,1.69
2017.02.16 03:31:01.804,1.38648,1.38666,1.00,1.69
2017.02.16 03:31:02.309,1.38648,1.38666,1.00,1.75
2017.02.16 03:31:02.410,1.38648,1.38666,1.00,1.50
2017.02.16 03:31:02.526,1.38648,1.38666,1.00,2.25
2017.02.16 03:31:04.093,1.38648,1.38668,1.00,1.75
2017.02.16 03:31:06.435,1.38648,1.3867,2.25,1.50
2017.02.16 03:31:08.265,1.38648,1.38669,1.00,4.50
2017.02.16 03:31:08.508,1.38648,1.38669,1.00,2.62
2017.02.16 03:31:08.812,1.38648,1.38668,1.00,2.06
2017.02.16 03:31:09.115,1.38648,1.38667,1.00,2.06
2017.02.16 03:31:10.534,1.38648,1.38669,1.00,2.25
2017.02.16 03:31:18.102,1.38648,1.38667,1.00,1.50
2017.02.16 03:31:18.709,1.38648,1.38667,1.00,1.75
2017.02.16 03:31:20.134,1.38648,1.38667,1.00,1.00
2017.02.16 03:31:22.222,1.38648,1.38668,1.00,1.12
2017.02.16 03:31:23.004,1.38648,1.38668,1.00,1.50
2017.02.16 03:31:23.520,1.38648,1.38668,1.00,1.50
2017.02.16 03:31:25.341,1.38648,1.38668,1.00,1.12
2017.02.16 03:31:25.870,1.38648,1.38668,1.00,1.50
2017.02.16 03:31:27.361,1.38648,1.3867,1.00,3.00
2017.02.16 03:31:38.904,1.38648,1.38666,1.00,1.00
2017.02.16 03:31:40.614,1.38648,1.38667,1.00,1.12
2017.02.16 03:31:44.463,1.38648,1.38668,1.12,2.62
2017.02.16 03:31:44.810,1.38648,1.38668,1.75,1.00
2017.02.16 03:31:46.454,1.38648,1.38669,1.75,1.31
2017.02.16 03:31:46.591,1.3865,1.38672,1.87,1.31
2017.02.16 03:31:47.097,1.38651,1.38673,1.12,1.56
2017.02.16 03:31:47.571,1.38651,1.38672,1.12,1.56
2017.02.16 03:31:50.774,1.38651,1.38673,1.75,1.94
2017.02.16 03:31:55.354,1.38651,1.38671,2.25,1.25
2017.02.16 03:32:04.873,1.3865,1.38671,2.25,1.37
2017.02.16 03:32:05.382,1.3865,1.38669,2.25,1.25
2017.02.16 03:32:07.381,1.3865,1.38671,2.25,1.69
2017.02.16 03:32:07.534,1.38648,1.3867,4.87,1.37
2017.02.16 03:32:07.657,1.38648,1.3867,2.25,1.37
2017.02.16 03:32:08.181,1.38648,1.38671,3.00,2.44
2017.02.16 03:32:09.125,1.38648,1.38671,1.75,3.94
2017.02.16 03:32:09.633,1.38648,1.38671,1.75,3.19
2017.02.16 03:32:10.709,1.38648,1.38669,1.75,1.37
2017.02.16 03:32:11.337,1.38648,1.38669,1.75,1.37
2017.02.16 03:32:17.902,1.38648,1.38671,1.75,1.37
2017.02.16 03:32:18.054,1.38652,1.38672,1.12,1.37
2017.02.16 03:32:18.106,1.3865,1.38665,1.75,1.00
2017.02.16 03:32:18.157,1.38649,1.38669,1.75,1.00
2017.02.16 03:32:18.258,1.38649,1.38669,1.75,1.00
2017.02.16 03:32:18.461,1.38652,1.38671,1.50,1.37
2017.02.16 03:32:18.512,1.38652,1.38671,1.50,1.12
2017.02.16 03:32:19.062,1.38652,1.3867,1.50,1.00
2017.02.16 03:32:28.924,1.38652,1.38669,1.50,1.37
2017.02.16 03:32:29.076,1.3865,1.38669,1.50,1.00
2017.02.16 03:32:29.228,1.3865,1.38667,1.87,1.12
2017.02.16 03:32:29.533,1.38648,1.38666,1.50,1.00
2017.02.16 03:32:29.837,1.38648,1.38662,1.50,1.00
2017.02.16 03:32:31.910,1.38648,1.3867,1.50,1.87
2017.02.16 03:32:33.007,1.38648,1.38669,1.50,1.50
2017.02.16 03:32:33.247,1.38648,1.38662,1.50,1.00
2017.02.16 03:32:34.877,1.38648,1.38669,1.50,1.50
2017.02.16 03:32:37.557,1.38651,1.3867,1.12,1.37
2017.02.16 03:32:37.760,1.38652,1.38671,1.12,1.00
2017.02.16 03:32:37.862,1.38652,1.38672,1.37,1.87
2017.02.16 03:32:37.964,1.3865,1.38672,2.62,3.00
2017.02.16 03:32:38.609,1.3865,1.3867,1.87,1.12
2017.02.16 03:32:39.132,1.3865,1.38672,1.37,2.62
2017.02.16 03:32:39.183,1.38649,1.3867,1.87,1.37
2017.02.16 03:32:39.285,1.38649,1.3867,1.50,1.37
2017.02.16 03:32:39.639,1.3865,1.3867,1.50,1.00
2017.02.16 03:32:39.943,1.38653,1.38673,1.37,1.50
2017.02.16 03:32:39.994,1.38652,1.38673,1.50,1.50
2017.02.16 03:32:40.140,1.38652,1.38674,2.25,1.87
2017.02.16 03:32:40.446,1.3865,1.38672,1.00,1.75
2017.02.16 03:32:40.750,1.38653,1.38673,1.00,1.87
2017.02.16 03:32:41.256,1.38653,1.38673,1.00,1.87
2017.02.16 03:32:41.358,1.38651,1.38673,2.25,2.62
2017.02.16 03:32:41.864,1.38652,1.38674,1.50,1.87
2017.02.16 03:32:42.400,1.38653,1.38674,1.00,2.44
2017.02.16 03:32:42.933,1.38652,1.38674,1.50,2.44
2017.02.16 03:32:43.782,1.38652,1.38674,1.00,2.44
2017.02.16 03:32:44.716,1.38652,1.38674,1.50,2.06
2017.02.16 03:32:45.228,1.38653,1.38671,1.00,1.12
2017.02.16 03:32:45.742,1.38651,1.38671,2.25,1.12
2017.02.16 03:32:45.894,1.3865,1.38672,3.00,1.87
2017.02.16 03:32:46.180,1.38651,1.38671,1.50,1.00
2017.02.16 03:32:48.471,1.38651,1.38672,2.25,1.37
2017.02.16 03:32:48.980,1.38652,1.38672,1.00,1.37
2017.02.16 03:32:51.445,1.38654,1.38673,1.00,1.12
2017.02.16 03:32:51.749,1.38653,1.38673,1.87,1.50
2017.02.16 03:32:52.699,1.38654,1.38673,1.87,1.12
2017.02.16 03:32:53.238,1.38655,1.38676,1.00,2.62
2017.02.16 03:32:54.368,1.38652,1.38671,1.87,1.25
2017.02.16 03:32:54.419,1.38652,1.38671,1.50,1.31
2017.02.16 03:32:54.646,1.38654,1.38673,1.12,1.62
2017.02.16 03:32:54.799,1.38655,1.38674,1.12,1.00
2017.02.16 03:32:54.979,1.38653,1.38674,2.62,1.50
2017.02.16 03:32:55.131,1.38653,1.38671,1.50,1.00
2017.02.16 03:32:55.536,1.38651,1.38671,1.50,2.06
2017.02.16 03:32:56.181,1.38651,1.38671,1.50,2.06
2017.02.16 03:32:56.801,1.38651,1.38671,1.00,2.06
2017.02.16 03:33:00.563,1.38648,1.3867,1.75,3.37
2017.02.16 03:33:00.614,1.38648,1.38667,1.00,1.62
2017.02.16 03:33:00.666,1.38648,1.38667,1.00,1.25
2017.02.16 03:33:00.717,1.38648,1.38668,1.00,1.31
2017.02.16 03:33:01.071,1.3865,1.38668,1.00,1.56
2017.02.16 03:33:01.123,1.3865,1.38668,1.00,1.00
2017.02.16 03:33:01.529,1.38649,1.38667,1.00,1.37
2017.02.16 03:33:02.135,1.38648,1.38666,1.50,1.00
2017.02.16 03:33:03.202,1.38648,1.38666,1.00,1.62
2017.02.16 03:33:03.354,1.38648,1.38666,1.00,1.25
2017.02.16 03:33:06.554,1.38649,1.38666,1.00,1.25
2017.02.16 03:33:07.059,1.38648,1.38666,1.00,1.25
2017.02.16 03:33:08.467,1.38648,1.38667,1.00,1.31
2017.02.16 03:33:09.028,1.38648,1.38665,1.00,1.62
2017.02.16 03:33:14.959,1.38652,1.38665,1.00,1.62
2017.02.16 03:33:16.684,1.38648,1.38665,1.00,1.62
2017.02.16 03:33:20.768,1.38648,1.38665,1.00,1.31
2017.02.16 03:33:21.077,1.38648,1.38664,1.00,1.94
2017.02.16 03:33:21.132,1.38648,1.38661,1.00,1.62
2017.02.16 03:33:21.639,1.38648,1.38667,1.00,1.37
2017.02.16 03:33:21.690,1.3865,1.38669,1.00,1.62
2017.02.16 03:33:21.792,1.38648,1.38666,1.50,1.00
2017.02.16 03:33:21.894,1.38648,1.38669,1.87,1.37
2017.02.16 03:33:21.995,1.38648,1.38671,2.25,1.50
2017.02.16 03:33:22.332,1.38648,1.38669,1.00,3.00
2017.02.16 03:33:22.899,1.38648,1.38668,1.87,1.50
2017.02.16 03:33:23.425,1.38649,1.3867,1.87,2.06
2017.02.16 03:33:23.577,1.3865,1.3867,1.87,1.69
2017.02.16 03:33:23.961,1.38649,1.3867,1.50,2.06
2017.02.16 03:33:24.493,1.38648,1.3867,1.00,2.44
2017.02.16 03:33:29.360,1.38648,1.3867,1.50,1.31
2017.02.16 03:33:29.758,1.3865,1.38669,1.00,1.37
2017.02.16 03:33:29.809,1.3865,1.3867,1.00,1.25
2017.02.16 03:33:30.062,1.38649,1.38668,2.06,1.00
2017.02.16 03:33:30.164,1.38648,1.3867,2.81,2.81
2017.02.16 03:33:30.266,1.38648,1.38669,1.87,2.06
2017.02.16 03:33:30.368,1.38648,1.38668,2.06,1.00
2017.02.16 03:33:30.520,1.3865,1.38663,1.00,1.00
2017.02.16 03:33:30.924,1.38648,1.38661,2.06,1.00
2017.02.16 03:33:31.076,1.38648,1.38663,2.81,1.00
2017.02.16 03:33:31.827,1.3865,1.38664,1.12,1.00
2017.02.16 03:33:31.981,1.3865,1.38667,1.87,1.00
2017.02.16 03:33:32.285,1.38651,1.38665,1.62,1.00
2017.02.16 03:33:32.437,1.3865,1.38665,1.00,1.00
2017.02.16 03:33:36.147,1.3865,1.38667,1.56,1.00
2017.02.16 03:33:36.491,1.38652,1.38665,1.62,1.00
2017.02.16 03:33:38.537,1.3865,1.38665,1.87,1.00
2017.02.16 03:33:38.639,1.3865,1.38668,1.12,1.50
2017.02.16 03:33:38.748,1.38649,1.38669,1.62,1.87
2017.02.16 03:33:39.251,1.38651,1.38661,1.00,1.00
2017.02.16 03:33:39.302,1.38651,1.38664,1.00,1.00
2017.02.16 03:33:39.829,1.3865,1.38664,1.12,1.00
2017.02.16 03:33:40.450,1.38649,1.38664,1.37,1.00
2017.02.16 03:33:40.951,1.38648,1.38663,2.81,1.00
2017.02.16 03:33:41.154,1.38648,1.38671,2.81,1.56
2017.02.16 03:33:48.130,1.38649,1.38669,1.00,1.31
2017.02.16 03:33:49.569,1.3865,1.38669,1.50,1.31
2017.02.16 03:33:49.935,1.38651,1.38665,1.31,1.00
2017.02.16 03:33:51.158,1.3865,1.38665,2.06,1.00
2017.02.16 03:33:55.075,1.38652,1.38668,1.69,1.00
2017.02.16 03:33:56.449,1.38652,1.38672,1.12,1.25
2017.02.16 03:33:56.549,1.38652,1.38669,1.12,1.31
2017.02.16 03:33:56.854,1.38651,1.38669,1.00,1.56
2017.02.16 03:33:57.362,1.3865,1.38669,1.12,1.56
2017.02.16 03:33:57.885,1.38651,1.38669,1.00,1.56
2017.02.16 03:33:58.499,1.38651,1.38669,1.00,1.56
2017.02.16 03:34:00.484,1.3865,1.38669,1.12,1.56
2017.02.16 03:34:00.791,1.3865,1.38669,1.12,1.56
2017.02.16 03:34:01.678,1.3865,1.3867,1.12,1.69
2017.02.16 03:34:03.277,1.38649,1.38669,1.12,1.56
2017.02.16 03:34:03.479,1.38647,1.38668,1.12,2.06
2017.02.16 03:34:03.795,1.38647,1.38668,1.00,2.81
2017.02.16 03:34:03.935,1.38647,1.38665,1.00,1.25
2017.02.16 03:34:03.986,1.38646,1.38665,1.00,2.06
2017.02.16 03:34:05.782,1.38645,1.38665,1.50,2.06
2017.02.16 03:34:06.316,1.38646,1.38665,1.00,1.56
2017.02.16 03:34:07.239,1.38647,1.38665,1.00,1.56
2017.02.16 03:34:10.104,1.38647,1.38665,1.12,1.56
2017.02.16 03:34:11.458,1.38648,1.38665,1.00,1.56
2017.02.16 03:34:11.781,1.3865,1.38665,1.00,1.56
2017.02.16 03:34:12.192,1.3865,1.38665,1.00,1.56
2017.02.16 03:34:12.758,1.3865,1.38665,1.00,1.56
2017.02.16 03:34:13.337,1.38651,1.38665,1.00,1.56
2017.02.16 03:34:13.596,1.38653,1.38665,1.00,1.56
2017.02.16 03:34:13.698,1.38653,1.3867,1.00,1.50
2017.02.16 03:34:14.298,1.38655,1.38673,1.00,1.75
2017.02.16 03:34:14.399,1.38654,1.38673,1.00,2.25
2017.02.16 03:34:14.824,1.38657,1.38673,1.00,1.50
2017.02.16 03:34:15.392,1.38656,1.38673,1.12,1.50
2017.02.16 03:34:16.497,1.38657,1.38673,1.00,1.50
2017.02.16 03:34:19.938,1.38658,1.38672,1.37,1.25
2017.02.16 03:34:20.090,1.38658,1.38675,1.00,1.12
2017.02.16 03:34:20.141,1.3866,1.38675,1.00,1.12
2017.02.16 03:34:20.192,1.38658,1.38675,1.00,1.12
2017.02.16 03:34:20.293,1.38655,1.38674,1.00,1.75
2017.02.16 03:34:20.496,1.38656,1.38674,1.00,1.00
2017.02.16 03:34:20.670,1.38659,1.38678,1.00,3.94
2017.02.16 03:34:20.823,1.38658,1.38678,1.00,2.44
2017.02.16 03:34:20.874,1.38659,1.38676,1.00,1.87
2017.02.16 03:34:21.026,1.38657,1.38676,1.00,2.25
2017.02.16 03:34:21.279,1.38656,1.38675,1.00,2.25
2017.02.16 03:34:24.316,1.38656,1.38676,1.00,2.44
2017.02.16 03:34:27.117,1.38656,1.38676,1.12,1.69
2017.02.16 03:34:27.168,1.38658,1.38676,1.00,1.69
2017.02.16 03:34:27.440,1.38656,1.38675,1.00,1.00
2017.02.16 03:34:27.643,1.38658,1.38677,1.00,1.50
2017.02.16 03:34:28.271,1.38658,1.38679,1.87,3.19
2017.02.16 03:34:28.779,1.38659,1.38679,1.00,2.06
2017.02.16 03:34:30.352,1.3866,1.38679,1.37,2.06
2017.02.16 03:34:30.762,1.38659,1.38676,1.00,1.62
2017.02.16 03:34:31.065,1.38657,1.38678,1.12,1.94
2017.02.16 03:34:31.317,1.38657,1.38674,1.12,1.00
2017.02.16 03:34:31.640,1.38659,1.38675,1.00,1.00
2017.02.16 03:34:31.943,1.38662,1.38678,1.12,1.31
2017.02.16 03:34:33.527,1.38662,1.38679,1.12,2.44
2017.02.16 03:34:34.426,1.38661,1.38679,1.12,2.44
2017.02.16 03:34:34.680,1.38658,1.38678,1.37,2.81
2017.02.16 03:34:34.731,1.38659,1.38677,1.00,1.69
2017.02.16 03:34:35.096,1.38658,1.38677,1.12,1.00
2017.02.16 03:34:35.670,1.38658,1.38676,1.12,1.00
2017.02.16 03:34:35.872,1.38661,1.38677,1.00,1.00
2017.02.16 03:34:36.343,1.38659,1.38678,1.00,1.12
2017.02.16 03:34:36.877,1.38659,1.38678,1.00,1.50
2017.02.16 03:34:37.418,1.3866,1.38678,1.00,1.75
2017.02.16 03:34:37.570,1.3866,1.38678,1.50,1.75
2017.02.16 03:34:37.620,1.38661,1.38678,1.37,1.12
2017.02.16 03:34:39.043,1.38661,1.38679,1.00,2.06
2017.02.16 03:34:39.397,1.38659,1.38675,1.87,1.00
2017.02.16 03:34:40.419,1.3866,1.38677,1.00,1.00
2017.02.16 03:34:40.722,1.3866,1.3868,1.00,3.00
2017.02.16 03:34:40.824,1.38661,1.38679,1.00,2.25
2017.02.16 03:34:42.041,1.38659,1.38679,1.00,1.75
2017.02.16 03:34:43.197,1.38659,1.38679,1.00,1.87
2017.02.16 03:34:44.065,1.38661,1.38676,1.00,1.00
2017.02.16 03:34:44.569,1.3866,1.38676,1.00,1.00
2017.02.16 03:34:45.079,1.38661,1.38676,1.00,1.00
2017.02.16 03:34:45.809,1.3866,1.38676,1.00,1.00
2017.02.16 03:34:48.020,1.3866,1.38679,1.00,1.50
2017.02.16 03:34:48.131,1.38659,1.38679,1.00,2.06
2017.02.16 03:34:49.170,1.38658,1.38679,1.12,2.06
2017.02.16 03:34:49.675,1.38659,1.38679,1.00,2.06
2017.02.16 03:34:50.176,1.3866,1.38679,1.00,2.06
2017.02.16 03:34:50.708,1.38659,1.38679,1.00,2.06
2017.02.16 03:34:52.700,1.3866,1.38679,1.00,2.06
2017.02.16 03:34:53.295,1.38659,1.38679,1.00,2.06
2017.02.16 03:34:54.106,1.38658,1.38679,1.12,2.06
2017.02.16 03:34:54.830,1.38659,1.38679,1.00,2.25
2017.02.16 03:34:55.375,1.38657,1.38679,1.87,2.25
2017.02.16 03:34:55.987,1.38659,1.38679,1.00,2.25
2017.02.16 03:34:56.683,1.38658,1.38679,1.00,3.00
2017.02.16 03:34:57.228,1.38657,1.38679,1.12,2.25
2017.02.16 03:34:59.802,1.38657,1.38679,1.37,2.81
2017.02.16 03:35:00.581,1.38657,1.3868,1.00,3.19
2017.02.16 03:35:01.103,1.38658,1.38675,1.00,1.00
2017.02.16 03:35:01.414,1.38655,1.38668,1.00,1.00
2017.02.16 03:35:02.493,1.38655,1.38674,1.00,1.75
2017.02.16 03:35:03.226,1.38656,1.38675,1.00,1.75
2017.02.16 03:35:04.637,1.38657,1.38675,1.00,1.75
2017.02.16 03:35:07.254,1.38656,1.38675,1.00,1.87
2017.02.16 03:35:07.456,1.38654,1.38674,1.00,1.75
2017.02.16 03:35:07.659,1.38656,1.38675,1.00,1.75
2017.02.16 03:35:08.209,1.38656,1.38675,1.00,1.75
2017.02.16 03:35:08.716,1.38657,1.38675,1.00,1.75
2017.02.16 03:35:11.190,1.38656,1.38676,1.00,1.75
2017.02.16 03:35:11.696,1.38658,1.38676,1.00,1.75
2017.02.16 03:35:11.797,1.38657,1.38676,1.00,1.50
2017.02.16 03:35:11.858,1.38657,1.38678,2.25,1.00
2017.02.16 03:35:12.111,1.38659,1.38676,1.00,1.00
2017.02.16 03:35:12.496,1.38659,1.38678,2.25,1.12
2017.02.16 03:35:13.632,1.38661,1.38678,1.00,1.12
2017.02.16 03:35:13.784,1.38659,1.38679,2.25,1.50
2017.02.16 03:35:14.295,1.3866,1.38678,1.00,1.12
2017.02.16 03:35:14.851,1.38661,1.38679,1.00,1.50
2017.02.16 03:35:14.953,1.38659,1.3868,1.00,2.81
2017.02.16 03:35:15.105,1.38659,1.3868,1.12,2.44
2017.02.16 03:35:15.206,1.38659,1.38679,1.00,1.50
2017.02.16 03:35:15.307,1.3866,1.3868,1.00,2.44
2017.02.16 03:35:15.410,1.3866,1.3868,1.00,3.19
2017.02.16 03:35:15.915,1.38661,1.38679,1.00,1.50
2017.02.16 03:35:16.270,1.38659,1.38679,1.00,1.50
2017.02.16 03:35:17.624,1.3866,1.38679,1.00,1.50
2017.02.16 03:35:18.248,1.38661,1.38679,1.00,1.50
2017.02.16 03:35:18.789,1.3866,1.3868,1.00,3.19
2017.02.16 03:35:19.317,1.38659,1.3868,1.00,3.19
2017.02.16 03:35:19.818,1.3866,1.3868,1.00,3.19
2017.02.16 03:35:28.721,1.38659,1.3868,1.00,2.62
2017.02.16 03:35:29.270,1.3866,1.3868,1.00,2.62
2017.02.16 03:35:35.274,1.38661,1.3868,1.00,2.25
2017.02.16 03:35:35.853,1.3866,1.3868,1.00,2.25
2017.02.16 03:35:36.399,1.38659,1.3868,1.12,2.25
2017.02.16 03:35:37.075,1.3866,1.3868,1.00,2.25
2017.02.16 03:35:38.854,1.38659,1.3868,1.00,2.81
2017.02.16 03:35:39.394,1.3866,1.3868,1.00,2.25
2017.02.16 03:35:40.835,1.38661,1.3868,1.00,2.25
2017.02.16 03:35:41.485,1.3866,1.3868,1.00,2.25
2017.02.16 03:35:41.738,1.38662,1.3868,1.00,2.06
2017.02.16 03:35:42.042,1.38658,1.38679,1.50,1.56
2017.02.16 03:35:42.463,1.3866,1.38677,1.00,1.12
2017.02.16 03:35:44.182,1.38658,1.38678,1.00,1.50
2017.02.16 03:35:44.715,1.38659,1.38677,1.00,1.12
2017.02.16 03:35:44.956,1.38659,1.38675,1.00,1.00
2017.02.16 03:35:45.007,1.38657,1.38675,1.00,1.00
2017.02.16 03:35:45.210,1.38655,1.38675,1.00,2.25
2017.02.16 03:35:45.515,1.38657,1.38673,1.00,1.00
2017.02.16 03:35:46.453,1.38658,1.38673,1.00,1.00
2017.02.16 03:35:46.819,1.3866,1.38675,1.00,1.56
2017.02.16 03:35:47.122,1.38659,1.38677,1.00,5.25
2017.02.16 03:35:48.223,1.38659,1.38674,1.00,1.56
2017.02.16 03:35:51.332,1.38658,1.38674,1.00,1.56
2017.02.16 03:35:53.370,1.38659,1.38674,1.00,1.56
2017.02.16 03:35:57.434,1.38658,1.38674,1.00,1.56
2017.02.16 03:36:00.714,1.38656,1.38674,1.12,1.56
2017.02.16 03:36:00.866,1.38654,1.38674,1.00,2.81
2017.02.16 03:36:00.968,1.38655,1.38674,1.00,3.19
2017.02.16 03:36:01.475,1.38655,1.38671,1.00,1.00
2017.02.16 03:36:02.032,1.38656,1.38671,1.00,1.00
2017.02.16 03:36:03.324,1.38655,1.38674,1.12,1.69
2017.02.16 03:36:03.536,1.38657,1.38674,1.00,1.00
2017.02.16 03:36:06.231,1.38658,1.38676,1.12,2.06
2017.02.16 03:36:06.540,1.38658,1.38676,1.00,1.31
2017.02.16 03:36:09.046,1.38658,1.38676,1.00,2.06
2017.02.16 03:36:10.442,1.38658,1.38676,1.00,1.31
2017.02.16 03:36:10.645,1.38655,1.38674,1.00,1.31
2017.02.16 03:36:10.696,1.38653,1.38674,1.12,2.06
2017.02.16 03:36:10.748,1.38654,1.38674,1.00,1.69
2017.02.16 03:36:11.254,1.38653,1.38671,1.00,2.06
2017.02.16 03:36:12.067,1.38653,1.38671,1.12,2.06
2017.02.16 03:36:12.554,1.38653,1.38671,1.00,1.56
2017.02.16 03:36:13.147,1.38655,1.38669,1.00,1.56
2017.02.16 03:36:13.691,1.38655,1.38669,1.00,1.56
2017.02.16 03:36:14.187,1.38651,1.38669,1.00,1.56
2017.02.16 03:36:14.715,1.38652,1.3867,1.00,1.56
2017.02.16 03:36:16.652,1.38653,1.38669,1.00,1.56
2017.02.16 03:36:16.956,1.38654,1.38669,1.00,1.56
2017.02.16 03:36:17.721,1.38653,1.38669,1.00,1.56
2017.02.16 03:36:18.678,1.38653,1.38669,1.00,1.56
2017.02.16 03:36:20.895,1.38651,1.38669,1.50,1.56
2017.02.16 03:36:22.394,1.38651,1.38669,1.50,1.56
2017.02.16 03:36:22.784,1.38651,1.38669,1.50,1.56
2017.02.16 03:36:27.492,1.38652,1.38669,1.12,1.56
2017.02.16 03:36:28.667,1.38652,1.38669,1.12,1.56
2017.02.16 03:36:29.770,1.38651,1.38669,1.12,1.56
2017.02.16 03:36:40.613,1.38653,1.38669,1.00,1.56
2017.02.16 03:36:40.715,1.38649,1.38668,1.50,1.56
2017.02.16 03:36:40.867,1.38646,1.38669,3.56,3.94
2017.02.16 03:36:40.918,1.38647,1.38665,1.50,1.56
2017.02.16 03:36:41.396,1.38646,1.38662,1.12,1.31
2017.02.16 03:36:41.446,1.38652,1.38669,1.00,2.81
2017.02.16 03:36:41.991,1.38651,1.38666,1.37,1.00
2017.02.16 03:36:42.453,1.38652,1.38669,1.00,1.00
2017.02.16 03:36:42.937,1.38651,1.38665,1.00,1.00
2017.02.16 03:36:43.950,1.3865,1.38665,1.50,1.00
2017.02.16 03:36:44.472,1.3865,1.38667,1.50,1.56
2017.02.16 03:36:44.974,1.3865,1.38667,1.50,1.00
2017.02.16 03:36:46.147,1.3865,1.38669,1.50,1.56
2017.02.16 03:36:46.511,1.3865,1.38665,1.50,1.00
2017.02.16 03:36:46.953,1.38652,1.38666,1.00,1.31
2017.02.16 03:36:47.054,1.38653,1.3867,1.00,1.56
2017.02.16 03:36:47.304,1.38651,1.38671,1.50,1.12
2017.02.16 03:36:47.364,1.3865,1.38671,1.75,4.12
2017.02.16 03:36:47.416,1.38649,1.3867,1.12,2.81
2017.02.16 03:36:47.468,1.38648,1.3867,1.50,2.81
2017.02.16 03:36:47.982,1.38648,1.38667,1.00,1.50
2017.02.16 03:36:48.217,1.38648,1.38667,1.00,2.25
2017.02.16 03:36:48.320,1.38648,1.38663,1.00,1.00
2017.02.16 03:36:48.525,1.38647,1.38665,1.00,1.12
2017.02.16 03:36:48.629,1.38645,1.38665,1.12,1.50
2017.02.16 03:36:48.782,1.38645,1.38662,1.12,1.00
2017.02.16 03:36:49.443,1.38645,1.38664,1.12,1.00
2017.02.16 03:36:50.940,1.38647,1.38664,1.00,1.00
2017.02.16 03:36:51.142,1.38649,1.38669,1.00,1.50
2017.02.16 03:36:51.589,1.38647,1.38667,1.12,1.37
2017.02.16 03:36:51.641,1.38645,1.38667,2.62,1.37
2017.02.16 03:36:51.743,1.38645,1.38666,1.12,2.06
2017.02.16 03:36:51.794,1.38645,1.38666,1.12,2.06
2017.02.16 03:36:52.097,1.38648,1.38667,1.00,1.50
2017.02.16 03:36:52.602,1.38647,1.38666,1.12,1.37
2017.02.16 03:36:53.149,1.38646,1.38666,1.37,1.69
2017.02.16 03:36:53.433,1.38645,1.38665,1.87,1.12
2017.02.16 03:36:53.535,1.38647,1.38665,1.12,1.00
2017.02.16 03:36:53.637,1.38649,1.38669,1.87,1.37
2017.02.16 03:36:54.142,1.38649,1.38667,1.00,1.00
2017.02.16 03:36:58.046,1.38649,1.38668,2.62,1.12
2017.02.16 03:36:58.123,1.38651,1.3867,1.00,2.81
2017.02.16 03:37:00.001,1.3865,1.38671,1.12,1.87
2017.02.16 03:37:02.333,1.38649,1.38669,3.00,1.37
2017.02.16 03:37:02.637,1.38647,1.38667,1.12,1.12
2017.02.16 03:37:03.094,1.38645,1.38665,1.75,1.12
2017.02.16 03:37:03.146,1.38644,1.38665,1.87,1.12
2017.02.16 03:37:04.046,1.38644,1.38664,2.62,1.00
2017.02.16 03:37:04.640,1.38644,1.38663,1.87,1.00
2017.02.16 03:37:06.675,1.38646,1.38663,1.00,1.00
2017.02.16 03:37:06.828,1.3865,1.38664,1.00,1.00
2017.02.16 03:37:07.541,1.3865,1.38665,1.00,1.25
2017.02.16 03:37:07.986,1.3865,1.38666,1.00,2.81
2017.02.16 03:37:10.912,1.3865,1.38664,1.00,1.00
2017.02.16 03:37:11.437,1.3865,1.38665,1.00,1.31
2017.02.16 03:37:13.852,1.3865,1.38664,1.00,1.00
2017.02.16 03:37:14.194,1.3865,1.38664,1.00,1.94
2017.02.16 03:37:14.820,1.3865,1.38661,1.00,1.00
2017.02.16 03:37:17.987,1.3865,1.38661,1.50,1.00
2017.02.16 03:37:19.776,1.3865,1.38661,1.00,1.00
2017.02.16 03:37:20.973,1.3865,1.38663,1.75,1.00
2017.02.16 03:37:21.482,1.3865,1.38664,1.75,1.00
2017.02.16 03:37:22.519,1.38652,1.38665,1.50,1.31
2017.02.16 03:37:22.943,1.38654,1.3866,1.00,1.00
2017.02.16 03:37:23.247,1.38656,1.3867,1.00,1.69
2017.02.16 03:37:23.605,1.38656,1.3867,1.00,1.69
2017.02.16 03:37:23.707,1.38656,1.3867,1.00,1.69
2017.02.16 03:37:24.406,1.38656,1.38666,1.00,1.00
2017.02.16 03:37:29.096,1.38656,1.3867,1.00,1.00
2017.02.16 03:37:35.136,1.38656,1.38676,1.12,1.69
2017.02.16 03:37:35.187,1.38659,1.38676,1.00,1.31
2017.02.16 03:37:35.288,1.38661,1.38679,1.50,1.31
2017.02.16 03:37:35.340,1.38659,1.38678,1.00,1.94
2017.02.16 03:37:35.723,1.38656,1.38673,1.12,1.56
2017.02.16 03:37:37.484,1.38655,1.38673,1.50,1.69
2017.02.16 03:37:37.885,1.38655,1.38673,1.00,1.94
2017.02.16 03:37:38.822,1.38655,1.38672,1.00,1.94
2017.02.16 03:37:38.923,1.38655,1.38671,1.00,1.62
2017.02.16 03:37:38.974,1.38655,1.38671,1.00,1.25
2017.02.16 03:37:39.075,1.38655,1.38671,1.00,1.62
2017.02.16 03:37:39.126,1.38655,1.38671,1.00,1.25
2017.02.16 03:37:39.480,1.38655,1.3867,1.00,1.56
2017.02.16 03:37:46.031,1.38655,1.38669,1.00,1.62
2017.02.16 03:37:49.143,1.38657,1.38669,1.00,1.62
2017.02.16 03:37:50.480,1.38657,1.38669,1.00,1.25
2017.02.16 03:37:52.967,1.38657,1.3867,1.00,1.56
2017.02.16 03:37:54.395,1.38657,1.38673,1.00,1.31
2017.02.16 03:37:55.650,1.38657,1.38671,1.00,2.44
2017.02.16 03:37:55.701,1.38657,1.38671,1.00,1.37
2017.02.16 03:37:55.854,1.38654,1.3867,1.00,1.37
2017.02.16 03:37:56.716,1.38654,1.3867,1.00,1.69
2017.02.16 03:38:00.661,1.38654,1.38671,1.00,1.00
2017.02.16 03:38:01.172,1.38654,1.38672,1.00,1.69
2017.02.16 03:38:03.569,1.38654,1.38672,1.00,1.69
2017.02.16 03:38:03.797,1.38655,1.38674,1.00,1.69
2017.02.16 03:38:03.898,1.38655,1.38675,1.00,2.06
2017.02.16 03:38:03.949,1.38657,1.38675,1.00,1.69
2017.02.16 03:38:04.279,1.38657,1.38673,1.00,1.56
2017.02.16 03:38:06.906,1.38659,1.38676,1.00,1.69
2017.02.16 03:38:06.957,1.38659,1.38676,1.00,2.06
2017.02.16 03:38:07.463,1.3866,1.38676,1.00,2.06
2017.02.16 03:38:08.654,1.3866,1.38676,1.00,1.69
2017.02.16 03:38:09.174,1.3866,1.38675,1.00,1.25
2017.02.16 03:38:10.479,1.3866,1.38676,1.00,1.94
2017.02.16 03:38:11.090,1.38663,1.38679,1.00,1.31
2017.02.16 03:38:11.141,1.38664,1.38682,1.00,2.44
2017.02.16 03:38:11.416,1.38664,1.38683,1.00,1.94
2017.02.16 03:38:11.879,1.38664,1.38681,1.00,1.31
2017.02.16 03:38:12.479,1.38663,1.38681,1.50,2.06
2017.02.16 03:38:13.136,1.38663,1.38679,1.00,3.19
2017.02.16 03:38:13.187,1.38661,1.38679,1.12,3.19
2017.02.16 03:38:13.238,1.38663,1.38679,1.00,1.94
2017.02.16 03:38:13.623,1.38663,1.38676,1.00,1.31
2017.02.16 03:38:14.283,1.38663,1.38676,1.00,1.31
2017.02.16 03:38:15.396,1.38663,1.38676,1.00,1.31
2017.02.16 03:38:15.547,1.3866,1.38676,1.00,1.31
2017.02.16 03:38:17.822,1.3866,1.38674,1.00,1.25
2017.02.16 03:38:17.923,1.3866,1.38676,1.00,1.00
2017.02.16 03:38:18.025,1.38662,1.38679,1.50,1.62
2017.02.16 03:38:20.398,1.38662,1.38679,1.50,2.06
2017.02.16 03:38:21.011,1.38662,1.38675,1.50,1.25
2017.02.16 03:38:25.142,1.38661,1.38676,1.00,1.31
2017.02.16 03:38:26.125,1.38661,1.38675,1.00,1.25
2017.02.16 03:38:27.688,1.38661,1.38676,1.00,1.31
2017.02.16 03:38:29.114,1.38661,1.38677,1.00,1.31
2017.02.16 03:38:31.421,1.38661,1.38677,1.12,1.62
2017.02.16 03:38:31.574,1.38662,1.38681,1.00,2.81
2017.02.16 03:38:31.625,1.38664,1.38681,1.37,1.62
2017.02.16 03:38:31.726,1.38664,1.38683,1.00,1.31
2017.02.16 03:38:32.081,1.3866,1.38679,3.00,1.56
2017.02.16 03:38:35.483,1.3866,1.38677,1.87,1.00
2017.02.16 03:38:35.787,1.3866,1.38675,1.00,1.00
2017.02.16 03:38:35.991,1.38656,1.38675,2.62,2.25
2017.02.16 03:38:36.159,1.38656,1.38674,2.62,1.56
2017.02.16 03:38:36.514,1.38657,1.38674,1.37,1.31
2017.02.16 03:38:37.032,1.3866,1.38676,1.00,2.06
2017.02.16 03:38:37.657,1.3866,1.38676,1.12,1.00
2017.02.16 03:38:38.174,1.38657,1.38674,1.87,1.00
2017.02.16 03:38:38.276,1.38657,1.38675,1.12,1.56
2017.02.16 03:38:38.327,1.38657,1.38671,1.00,1.31
2017.02.16 03:38:38.432,1.38657,1.38673,1.00,2.06
2017.02.16 03:38:38.534,1.38654,1.38673,3.00,2.06
2017.02.16 03:38:39.064,1.38654,1.38673,2.62,2.06
2017.02.16 03:38:39.217,1.38654,1.38673,2.62,2.06
2017.02.16 03:38:39.647,1.38654,1.38673,2.62,2.06
2017.02.16 03:38:39.949,1.38654,1.38673,2.62,2.06
2017.02.16 03:38:40.626,1.38654,1.38672,1.87,1.56
2017.02.16 03:38:41.136,1.38654,1.38671,2.25,1.31
2017.02.16 03:38:41.238,1.38656,1.38673,1.00,1.56
2017.02.16 03:38:41.390,1.38657,1.38674,1.50,1.31
2017.02.16 03:38:42.499,1.38657,1.38673,2.25,1.00
2017.02.16 03:38:43.042,1.38657,1.38674,2.62,1.31
2017.02.16 03:38:44.017,1.38657,1.38674,1.87,1.56
2017.02.16 03:38:46.837,1.38657,1.38674,1.12,1.69
2017.02.16 03:38:52.183,1.38657,1.38674,1.00,1.94
2017.02.16 03:38:53.867,1.38657,1.38674,1.00,1.69
2017.02.16 03:38:54.334,1.38657,1.38672,1.00,1.69
2017.02.16 03:38:54.385,1.38654,1.38672,1.12,1.69
2017.02.16 03:38:54.638,1.38654,1.3867,1.00,1.56
2017.02.16 03:38:55.521,1.38654,1.3867,1.12,1.31
2017.02.16 03:38:55.623,1.38654,1.38672,1.12,2.06
2017.02.16 03:38:55.725,1.38656,1.38672,1.00,1.31
2017.02.16 03:38:57.818,1.38656,1.38673,1.00,1.31
2017.02.16 03:38:58.210,1.38656,1.38673,1.75,1.31
2017.02.16 03:38:58.663,1.3866,1.38676,1.00,1.37
2017.02.16 03:38:59.223,1.38661,1.38678,1.87,1.94
2017.02.16 03:38:59.857,1.38661,1.38677,1.87,1.25
2017.02.16 03:39:00.829,1.38661,1.38677,1.50,1.25
2017.02.16 03:39:01.400,1.3866,1.38677,1.12,1.25
2017.02.16 03:39:01.965,1.3866,1.38678,1.12,1.94
2017.02.16 03:39:02.970,1.3866,1.38676,1.12,1.37
2017.02.16 03:39:03.317,1.3866,1.38673,1.00,1.25
2017.02.16 03:39:04.369,1.3866,1.38674,1.00,1.25
2017.02.16 03:39:15.275,1.3866,1.38675,1.00,1.94
2017.02.16 03:39:15.840,1.3866,1.38669,1.00,1.25
2017.02.16 03:39:15.891,1.38657,1.38669,1.00,1.25
2017.02.16 03:39:18.963,1.38654,1.38672,1.00,4.50
2017.02.16 03:39:19.065,1.38657,1.38673,1.00,1.12
2017.02.16 03:39:19.590,1.38657,1.38672,1.00,1.00
2017.02.16 03:39:23.023,1.38657,1.38672,1.00,1.75
2017.02.16 03:39:31.589,1.38657,1.3867,1.00,1.00
2017.02.16 03:39:31.639,1.38657,1.38673,1.00,1.50
2017.02.16 03:39:34.114,1.38657,1.38672,1.00,1.75
2017.02.16 03:39:40.878,1.38657,1.38671,1.00,1.12
2017.02.16 03:39:40.929,1.38657,1.38672,1.00,1.12
2017.02.16 03:39:43.502,1.38657,1.38671,1.00,1.12
2017.02.16 03:39:44.271,1.38657,1.3867,1.00,1.31
2017.02.16 03:39:45.120,1.38657,1.3867,1.00,1.62
2017.02.16 03:39:45.262,1.38657,1.3867,1.00,1.31
2017.02.16 03:39:45.364,1.38657,1.3867,1.00,1.62
2017.02.16 03:39:46.585,1.38657,1.3867,1.00,1.31
2017.02.16 03:39:47.958,1.38657,1.3867,1.00,1.62
2017.02.16 03:39:48.341,1.38657,1.38672,1.00,1.31
2017.02.16 03:40:00.377,1.38657,1.38673,1.00,1.94
2017.02.16 03:40:03.125,1.38657,1.38672,1.00,1.25
2017.02.16 03:40:07.131,1.38657,1.38673,1.00,1.94
2017.02.16 03:40:15.190,1.38657,1.38672,1.00,1.69
2017.02.16 03:40:18.000,1.38657,1.38671,1.00,1.69
2017.02.16 03:40:18.202,1.38652,1.38671,1.50,1.69
2017.02.16 03:40:18.304,1.38652,1.3867,1.00,1.56
2017.02.16 03:40:19.401,1.3865,1.3867,1.87,2.06
2017.02.16 03:40:19.452,1.38652,1.3867,1.00,2.06
2017.02.16 03:40:21.512,1.38652,1.38668,1.00,1.56
2017.02.16 03:40:22.614,1.38652,1.38667,1.00,1.94
2017.02.16 03:40:22.920,1.3865,1.38667,1.00,2.06
2017.02.16 03:40:23.499,1.38649,1.38667,1.50,1.94
2017.02.16 03:40:23.817,1.38649,1.38667,1.00,1.94
2017.02.16 03:40:28.913,1.38649,1.38667,1.50,2.06
2017.02.16 03:40:29.351,1.38649,1.38667,1.50,1.69
2017.02.16 03:40:39.627,1.38646,1.38666,2.25,1.94
2017.02.16 03:40:39.782,1.38646,1.38666,1.50,2.44
2017.02.16 03:40:39.934,1.38646,1.38666,1.87,1.69
2017.02.16 03:40:40.935,1.38648,1.38667,1.87,1.69
2017.02.16 03:40:43.465,1.38648,1.38666,1.87,1.25
2017.02.16 03:40:48.934,1.38648,1.38666,1.87,1.69
2017.02.16 03:41:00.680,1.38648,1.38667,1.12,2.44
2017.02.16 03:41:01.556,1.38648,1.38666,2.25,1.56
2017.02.16 03:41:02.062,1.38648,1.38667,2.25,2.44
2017.02.16 03:41:10.128,1.38648,1.38667,2.25,1.69
2017.02.16 03:41:10.783,1.38649,1.38667,1.12,1.69
2017.02.16 03:41:11.665,1.38649,1.38668,1.12,1.94
2017.02.16 03:41:12.161,1.38649,1.38667,1.12,1.69
2017.02.16 03:41:13.305,1.38648,1.38666,1.00,1.69
2017.02.16 03:41:32.061,1.38648,1.38666,1.00,1.94
2017.02.16 03:41:38.969,1.38648,1.38666,1.00,2.44
2017.02.16 03:41:39.299,1.38645,1.38664,1.87,2.06
2017.02.16 03:41:40.513,1.38646,1.38664,1.12,2.06
2017.02.16 03:41:44.872,1.38647,1.38665,1.00,1.94
2017.02.16 03:41:45.075,1.38651,1.38667,1.00,1.25
2017.02.16 03:41:45.494,1.38649,1.38667,1.87,1.25
2017.02.16 03:41:45.797,1.38649,1.38668,1.12,3.94
2017.02.16 03:41:46.304,1.38647,1.38666,1.56,1.50
2017.02.16 03:41:46.574,1.38646,1.38667,2.06,3.19
2017.02.16 03:41:46.842,1.38648,1.38667,1.00,3.19
2017.02.16 03:41:47.399,1.38647,1.38664,1.00,1.12
2017.02.16 03:41:48.009,1.38648,1.38666,1.00,1.50
2017.02.16 03:41:48.576,1.38648,1.38665,1.00,1.37
2017.02.16 03:41:50.162,1.38646,1.38665,2.06,1.37
2017.02.16 03:41:52.213,1.38646,1.38664,1.50,1.69
2017.02.16 03:41:52.733,1.38646,1.38664,2.06,1.12
2017.02.16 03:41:53.886,1.38646,1.38663,1.31,1.37
2017.02.16 03:41:55.199,1.38646,1.38666,2.06,1.50
2017.02.16 03:41:57.672,1.38646,1.38666,2.81,1.50
2017.02.16 03:41:58.231,1.38646,1.38666,2.81,1.37
2017.02.16 03:41:59.221,1.38647,1.38664,1.31,1.00
2017.02.16 03:42:03.012,1.38652,1.38665,1.00,1.00
2017.02.16 03:42:03.266,1.38654,1.3867,1.00,1.00
2017.02.16 03:42:04.310,1.38652,1.38668,2.06,1.00
2017.02.16 03:42:05.252,1.38652,1.38668,2.06,1.00
2017.02.16 03:42:05.762,1.38652,1.38668,1.69,1.00
2017.02.16 03:42:08.149,1.38653,1.38668,1.00,1.00
2017.02.16 03:42:08.819,1.38653,1.38668,1.56,1.00
2017.02.16 03:42:09.131,1.38653,1.3867,1.56,1.00
2017.02.16 03:42:10.433,1.38653,1.3867,1.00,1.00
2017.02.16 03:42:11.216,1.38653,1.38668,1.00,1.00
2017.02.16 03:42:11.639,1.38651,1.38667,1.37,1.37
2017.02.16 03:42:12.162,1.38651,1.38667,1.00,1.37
2017.02.16 03:42:12.680,1.3865,1.38667,1.00,1.37
2017.02.16 03:42:13.353,1.38649,1.38667,1.00,1.37
2017.02.16 03:42:14.127,1.38648,1.38665,1.00,1.12
2017.02.16 03:42:14.696,1.38648,1.38665,1.00,1.37
2017.02.16 03:42:15.000,1.38646,1.38664,1.00,1.50
2017.02.16 03:42:16.002,1.38646,1.38664,1.50,1.00
2017.02.16 03:42:18.379,1.38647,1.38664,1.00,1.00
2017.02.16 03:42:19.566,1.38646,1.38665,1.50,2.25
2017.02.16 03:42:20.096,1.38646,1.38664,1.00,1.50
2017.02.16 03:42:20.637,1.38647,1.38665,1.00,1.50
2017.02.16 03:42:24.591,1.38646,1.38666,1.12,1.37
2017.02.16 03:42:24.902,1.38654,1.38669,1.00,1.75
2017.02.16 03:42:25.184,1.38653,1.38673,1.50,1.87
2017.02.16 03:42:25.691,1.38653,1.38673,1.50,2.62
2017.02.16 03:42:26.218,1.38653,1.38673,1.50,1.87
2017.02.16 03:42:28.780,1.38653,1.38672,1.50,1.50
2017.02.16 03:42:30.373,1.38654,1.38673,1.12,1.31
2017.02.16 03:42:30.677,1.38654,1.38673,1.12,1.12
2017.02.16 03:42:31.186,1.38654,1.38673,1.12,1.37
2017.02.16 03:42:38.727,1.38654,1.38675,1.12,2.81
2017.02.16 03:42:40.242,1.38653,1.38669,1.50,1.37
2017.02.16 03:42:40.344,1.38651,1.3867,1.50,1.94
2017.02.16 03:42:40.394,1.38653,1.38671,1.00,1.56
2017.02.16 03:42:40.445,1.38653,1.38672,1.00,1.00
2017.02.16 03:42:40.989,1.38654,1.38673,1.00,1.69
2017.02.16 03:42:41.648,1.38655,1.38673,1.00,1.25
2017.02.16 03:42:48.365,1.38655,1.38674,1.50,2.44
2017.02.16 03:42:49.137,1.38655,1.38674,1.50,2.44
2017.02.16 03:42:50.288,1.38655,1.38673,1.00,1.69
2017.02.16 03:42:50.806,1.38656,1.38674,1.00,2.06
2017.02.16 03:42:50.857,1.38655,1.38674,1.50,1.62
2017.02.16 03:42:51.313,1.38655,1.38675,2.44,1.87
2017.02.16 03:42:51.433,1.38659,1.38677,1.37,1.75
2017.02.16 03:42:51.585,1.3866,1.38679,1.00,1.00
2017.02.16 03:42:52.040,1.38659,1.38679,1.00,1.75
2017.02.16 03:42:57.360,1.38662,1.38678,1.50,1.50
2017.02.16 03:42:57.462,1.3866,1.3868,1.50,1.75
2017.02.16 03:42:57.666,1.38657,1.38678,2.44,1.12
2017.02.16 03:42:58.206,1.38657,1.38678,2.81,1.87
2017.02.16 03:43:00.089,1.38659,1.38678,1.00,1.12
2017.02.16 03:43:05.236,1.3866,1.38679,1.00,1.50
2017.02.16 03:43:05.388,1.3866,1.3868,2.06,1.50
2017.02.16 03:43:06.301,1.3866,1.3868,2.06,1.50
2017.02.16 03:43:09.096,1.3866,1.3868,2.06,1.50
2017.02.16 03:43:09.514,1.3866,1.38676,1.62,1.00
2017.02.16 03:43:09.616,1.38657,1.38676,2.06,1.00
2017.02.16 03:43:09.881,1.38657,1.38676,1.00,1.12
2017.02.16 03:43:10.490,1.38657,1.38677,1.12,2.62
2017.02.16 03:43:11.994,1.38657,1.38676,1.12,1.00
2017.02.16 03:43:13.783,1.38657,1.38677,1.69,1.12
2017.02.16 03:43:14.068,1.3866,1.38678,1.00,1.37
2017.02.16 03:43:14.417,1.38657,1.38673,1.12,1.87
2017.02.16 03:43:14.543,1.38654,1.38673,1.50,1.00
2017.02.16 03:43:15.222,1.38654,1.38674,1.50,2.25
2017.02.16 03:43:17.626,1.38654,1.38672,1.00,1.37
2017.02.16 03:43:17.677,1.38654,1.38673,1.00,1.12
2017.02.16 03:43:17.778,1.38654,1.38673,1.50,1.50
2017.02.16 03:43:17.880,1.38654,1.38673,1.00,1.12
2017.02.16 03:43:18.447,1.38654,1.38674,1.00,1.87
2017.02.16 03:43:18.970,1.38654,1.38673,1.00,1.56
2017.02.16 03:43:19.476,1.38654,1.38673,1.00,1.25
2017.02.16 03:43:21.168,1.38654,1.38673,1.00,1.31
2017.02.16 03:43:21.670,1.38654,1.38673,1.00,1.12
2017.02.16 03:43:22.821,1.38654,1.38672,1.00,1.37
2017.02.16 03:43:23.024,1.38655,1.38673,1.00,1.25
2017.02.16 03:43:23.533,1.38654,1.38673,1.00,1.69
2017.02.16 03:43:26.393,1.38654,1.38673,1.00,2.44
2017.02.16 03:43:27.302,1.38654,1.38673,1.00,2.44
2017.02.16 03:43:29.338,1.38654,1.38671,1.00,1.87
2017.02.16 03:43:29.439,1.38652,1.38672,1.87,1.94
2017.02.16 03:43:29.541,1.38656,1.38672,1.00,1.94
2017.02.16 03:43:29.760,1.38653,1.38675,1.87,1.69
2017.02.16 03:43:37.057,1.38654,1.38673,1.00,1.25
2017.02.16 03:43:37.558,1.38653,1.38673,1.87,1.25
2017.02.16 03:43:38.444,1.3865,1.38668,2.25,1.00
2017.02.16 03:43:38.548,1.3865,1.38668,1.00,1.00
2017.02.16 03:43:39.621,1.3865,1.38668,1.00,1.87
2017.02.16 03:43:40.126,1.3865,1.38667,1.00,1.00
2017.02.16 03:43:41.030,1.38647,1.38667,1.12,2.06
2017.02.16 03:43:41.287,1.38648,1.38667,1.37,1.19
2017.02.16 03:43:41.389,1.38648,1.38667,1.50,1.25
2017.02.16 03:43:43.613,1.38647,1.38666,2.81,1.00
2017.02.16 03:43:44.152,1.38647,1.38666,2.25,1.19
2017.02.16 03:43:44.792,1.38647,1.38667,2.81,1.25
2017.02.16 03:43:45.849,1.38647,1.38665,2.81,1.00
2017.02.16 03:43:46.421,1.38649,1.38667,1.12,1.56
2017.02.16 03:43:47.256,1.3865,1.38667,1.00,1.56
2017.02.16 03:43:47.760,1.38649,1.38668,1.87,1.56
2017.02.16 03:43:48.284,1.3865,1.38668,1.50,1.56
2017.02.16 03:43:48.589,1.38655,1.38673,1.00,1.56
2017.02.16 03:43:48.640,1.38655,1.38673,1.00,1.56
2017.02.16 03:43:49.130,1.38654,1.38672,1.87,1.56
2017.02.16 03:43:50.289,1.38654,1.38672,1.50,1.56
2017.02.16 03:43:50.987,1.38654,1.38672,1.00,1.56
2017.02.16 03:43:51.038,1.38654,1.38672,1.00,1.56
2017.02.16 03:43:52.689,1.38654,1.38673,1.00,2.44
2017.02.16 03:43:53.732,1.38654,1.38673,1.00,2.44
2017.02.16 03:43:53.886,1.38651,1.38669,1.00,1.56
2017.02.16 03:43:54.039,1.38649,1.38669,1.87,2.06
2017.02.16 03:43:54.242,1.38649,1.3867,3.94,1.31
2017.02.16 03:43:56.905,1.38651,1.38671,1.12,2.25
2017.02.16 03:43:57.411,1.38651,1.3867,1.00,1.87
2017.02.16 03:43:57.980,1.3865,1.38669,1.00,1.00
2017.02.16 03:44:01.661,1.38648,1.38669,1.50,1.50
2017.02.16 03:44:03.228,1.3865,1.38669,1.00,1.50
2017.02.16 03:44:03.657,1.3865,1.38669,1.00,1.87
2017.02.16 03:44:06.648,1.3865,1.38668,1.00,1.00
2017.02.16 03:44:09.727,1.38654,1.38669,1.12,1.12
2017.02.16 03:44:10.136,1.38656,1.38672,1.00,1.75
2017.02.16 03:44:10.248,1.38653,1.38671,1.00,2.62
2017.02.16 03:44:10.400,1.38653,1.38671,1.00,1.87
2017.02.16 03:44:10.451,1.38653,1.38671,1.50,1.87
2017.02.16 03:44:10.653,1.38653,1.38671,1.00,1.87
2017.02.16 03:44:10.806,1.38651,1.38671,1.00,2.62
2017.02.16 03:44:11.110,1.38653,1.38672,1.00,1.87
2017.02.16 03:44:11.211,1.38653,1.38672,1.00,1.87
2017.02.16 03:44:11.649,1.38655,1.38674,1.12,1.00
2017.02.16 03:44:12.055,1.38655,1.38675,1.37,1.50
2017.02.16 03:44:12.641,1.38658,1.38675,1.00,1.00
2017.02.16 03:44:18.040,1.38654,1.38674,2.25,1.87
2017.02.16 03:44:18.192,1.38654,1.38674,1.87,1.37
2017.02.16 03:44:18.548,1.38654,1.38665,1.00,1.00
2017.02.16 03:44:18.600,1.38652,1.38665,1.31,1.00
2017.02.16 03:44:18.803,1.3865,1.38666,1.25,1.00
2017.02.16 03:44:18.956,1.38652,1.38671,2.06,1.75
2017.02.16 03:44:19.058,1.38652,1.38671,2.06,1.12
2017.02.16 03:44:19.210,1.38652,1.38673,1.87,1.12
2017.02.16 03:44:19.261,1.38652,1.38673,1.50,1.37
2017.02.16 03:44:22.205,1.38655,1.38674,1.00,1.75
2017.02.16 03:44:22.797,1.38655,1.38674,1.00,1.75
2017.02.16 03:44:23.356,1.38655,1.38675,1.00,3.00
2017.02.16 03:44:32.542,1.38655,1.38672,1.00,1.00
2017.02.16 03:44:33.256,1.38655,1.38671,1.00,1.00
2017.02.16 03:44:35.288,1.38655,1.38671,1.00,1.37
2017.02.16 03:44:45.736,1.38655,1.38671,1.00,1.75
2017.02.16 03:44:58.983,1.38652,1.3867,1.00,1.75
2017.02.16 03:44:59.034,1.38651,1.38669,1.00,4.87
2017.02.16 03:44:59.085,1.38651,1.38669,1.00,3.00
2017.02.16 03:44:59.239,1.38651,1.38668,1.00,1.37
2017.02.16 03:44:59.442,1.38648,1.38667,1.87,1.69
2017.02.16 03:44:59.672,1.38651,1.38669,1.50,1.00
2017.02.16 03:45:00.133,1.38649,1.38671,1.00,3.00
2017.02.16 03:45:01.370,1.38648,1.38671,1.87,1.87
2017.02.16 03:45:01.970,1.38648,1.38671,2.25,2.25
2017.02.16 03:45:03.187,1.3865,1.38671,1.00,2.25
2017.02.16 03:45:03.533,1.38653,1.38664,1.00,1.00
2017.02.16 03:45:03.584,1.38654,1.38669,1.00,1.00
2017.02.16 03:45:03.635,1.38654,1.38669,1.69,1.00
2017.02.16 03:45:03.940,1.38655,1.38669,2.06,1.00
2017.02.16 03:45:04.820,1.38657,1.38669,1.00,1.00
2017.02.16 03:45:10.169,1.38654,1.3867,1.31,1.00
2017.02.16 03:45:10.448,1.38654,1.38668,2.06,1.00
2017.02.16 03:45:11.555,1.38654,1.38668,2.06,1.00
2017.02.16 03:45:12.246,1.38654,1.38668,1.50,1.00
2017.02.16 03:45:23.420,1.38655,1.38668,1.00,1.00
2017.02.16 03:45:23.675,1.38655,1.38671,2.06,1.00
2017.02.16 03:45:26.497,1.38656,1.38671,1.37,1.00
2017.02.16 03:45:27.203,1.3866,1.38671,1.00,1.00
2017.02.16 03:45:27.255,1.38656,1.38676,2.25,2.06
2017.02.16 03:45:27.306,1.38656,1.38677,1.50,3.94
2017.02.16 03:45:27.457,1.38656,1.38676,1.50,2.06
2017.02.16 03:45:27.509,1.38654,1.38673,1.12,1.69
2017.02.16 03:45:27.560,1.38654,1.38673,1.00,1.12
2017.02.16 03:45:27.662,1.38654,1.38673,1.00,3.75
2017.02.16 03:45:28.192,1.38654,1.38671,1.00,2.06
2017.02.16 03:45:28.243,1.3865,1.38669,1.69,1.00
2017.02.16 03:45:28.931,1.38651,1.38669,1.00,2.06
2017.02.16 03:45:29.163,1.38653,1.38672,1.00,2.06
2017.02.16 03:45:29.692,1.38654,1.38672,1.00,2.06
2017.02.16 03:45:30.204,1.38654,1.38673,1.00,1.56
2017.02.16 03:45:30.711,1.38654,1.38673,1.50,2.06
2017.02.16 03:45:33.082,1.38656,1.38672,1.00,1.56
2017.02.16 03:45:33.573,1.38656,1.38673,1.00,1.31
2017.02.16 03:45:38.365,1.38656,1.38675,1.12,1.56
2017.02.16 03:45:41.687,1.38656,1.38675,1.12,1.56
2017.02.16 03:45:43.272,1.38655,1.38673,1.50,1.56
2017.02.16 03:45:46.833,1.38654,1.38673,1.75,1.94
2017.02.16 03:45:46.985,1.38654,1.38672,1.00,1.69
2017.02.16 03:45:48.367,1.38654,1.38672,1.00,2.81
2017.02.16 03:45:48.468,1.38654,1.38672,1.00,2.81
2017.02.16 03:45:48.776,1.38654,1.38672,1.00,2.25
2017.02.16 03:45:51.185,1.38651,1.38672,1.50,1.12
2017.02.16 03:45:51.490,1.38651,1.38671,1.00,1.37
2017.02.16 03:45:51.796,1.38646,1.38666,1.75,2.62
2017.02.16 03:45:51.948,1.38647,1.38668,1.00,3.19
2017.02.16 03:45:51.999,1.38649,1.38667,1.31,1.00
2017.02.16 03:45:52.448,1.38647,1.38667,1.50,1.69
2017.02.16 03:45:52.550,1.38648,1.38666,1.50,1.37
2017.02.16 03:45:52.601,1.38651,1.3867,1.00,2.44
2017.02.16 03:45:52.702,1.38651,1.3867,1.50,1.31
2017.02.16 03:45:53.208,1.38651,1.38669,1.00,1.00
2017.02.16 03:45:53.740,1.38651,1.38668,1.00,1.00
2017.02.16 03:45:55.031,1.38649,1.38668,2.06,1.00
2017.02.16 03:45:55.685,1.38649,1.38668,1.31,1.12
2017.02.16 03:45:57.107,1.38647,1.38667,1.12,2.06
2017.02.16 03:45:57.387,1.38649,1.38667,1.00,1.31
2017.02.16 03:45:58.408,1.38646,1.38666,2.06,1.00
2017.02.16 03:45:58.915,1.38647,1.38667,1.12,1.31
2017.02.16 03:46:00.502,1.38648,1.38668,1.56,1.12
2017.02.16 03:46:01.037,1.3865,1.38669,1.00,1.50
2017.02.16 03:46:04.441,1.3865,1.3867,1.00,1.62
2017.02.16 03:46:05.250,1.3865,1.38671,1.87,2.44
2017.02.16 03:46:05.853,1.3865,1.38669,1.87,1.00
2017.02.16 03:46:06.803,1.38652,1.3867,1.00,1.31
2017.02.16 03:46:07.107,1.38653,1.38671,1.50,1.31
2017.02.16 03:46:08.044,1.38653,1.38671,1.12,1.31
2017.02.16 03:46:11.137,1.38652,1.38672,1.12,1.56
2017.02.16 03:46:11.492,1.38651,1.38671,1.00,1.69
2017.02.16 03:46:11.764,1.38652,1.3867,1.12,1.56
2017.02.16 03:46:15.701,1.38652,1.3867,1.00,1.31
2017.02.16 03:46:15.752,1.3865,1.3867,1.00,2.06
2017.02.16 03:46:16.195,1.38651,1.38669,1.00,1.31
2017.02.16 03:46:16.588,1.38653,1.38669,1.00,1.25
2017.02.16 03:46:20.176,1.38652,1.38669,1.00,1.00
2017.02.16 03:46:20.711,1.38652,1.3867,1.00,1.31
2017.02.16 03:46:21.332,1.38652,1.38669,1.00,1.00
2017.02.16 03:46:21.882,1.38652,1.3867,1.00,1.31
2017.02.16 03:46:22.527,1.38652,1.38671,1.00,1.56
2017.02.16 03:46:23.800,1.38653,1.38672,1.00,2.06
2017.02.16 03:46:24.305,1.38651,1.38672,1.12,2.06
2017.02.16 03:46:26.465,1.3865,1.38671,1.12,3.19
2017.02.16 03:46:26.718,1.38649,1.38669,1.87,2.44
2017.02.16 03:46:28.331,1.38649,1.38669,1.87,1.56
2017.02.16 03:46:29.667,1.38648,1.38668,1.50,1.56
2017.02.16 03:46:29.718,1.38648,1.38668,1.50,1.00
2017.02.16 03:46:29.922,1.38648,1.38669,1.12,1.87
2017.02.16 03:46:30.074,1.38648,1.38669,1.87,1.12
2017.02.16 03:46:34.579,1.38649,1.38669,1.00,1.12
2017.02.16 03:46:34.630,1.38651,1.38671,1.00,1.50
2017.02.16 03:46:34.933,1.38654,1.38672,1.00,1.00
2017.02.16 03:46:35.610,1.38651,1.38673,2.25,1.00
2017.02.16 03:46:35.964,1.38655,1.38675,1.00,2.25
2017.02.16 03:46:36.268,1.38655,1.38673,1.00,1.87
2017.02.16 03:46:36.501,1.38653,1.38672,2.25,1.00
2017.02.16 03:46:37.071,1.38654,1.38673,1.00,1.12
2017.02.16 03:46:38.467,1.38655,1.38674,1.00,1.37
2017.02.16 03:46:38.692,1.38655,1.38675,1.50,1.12
2017.02.16 03:46:50.271,1.38656,1.38676,1.87,1.12
2017.02.16 03:46:50.800,1.38656,1.38675,2.25,1.00
2017.02.16 03:46:51.414,1.38656,1.38676,2.25,1.00
2017.02.16 03:46:52.379,1.38656,1.38675,2.25,1.00
2017.02.16 03:46:58.642,1.38659,1.38679,1.00,1.87
2017.02.16 03:46:58.788,1.38661,1.38679,1.00,1.12
2017.02.16 03:46:58.839,1.38661,1.38681,1.37,1.00
2017.02.16 03:47:00.811,1.3866,1.38681,1.75,1.87
2017.02.16 03:47:00.902,1.3866,1.38678,1.00,1.37
2017.02.16 03:47:01.418,1.38657,1.38677,2.25,1.00
2017.02.16 03:47:04.621,1.38657,1.38675,1.75,1.37
2017.02.16 03:47:04.723,1.38657,1.38676,1.12,1.37
2017.02.16 03:47:04.926,1.3866,1.38677,1.00,1.31
2017.02.16 03:47:04.977,1.38658,1.38678,1.00,1.94
2017.02.16 03:47:05.180,1.38656,1.38678,2.62,2.44
2017.02.16 03:47:05.332,1.38656,1.38676,2.25,1.69
2017.02.16 03:47:05.686,1.38656,1.38676,2.62,1.69
2017.02.16 03:47:05.991,1.38656,1.38676,1.75,1.69
2017.02.16 03:47:06.253,1.38657,1.38677,2.25,1.87
2017.02.16 03:47:06.355,1.38661,1.38679,1.00,1.50
2017.02.16 03:47:06.706,1.38659,1.3868,2.25,2.44
2017.02.16 03:47:06.808,1.3866,1.3868,1.00,1.94
2017.02.16 03:47:07.334,1.38659,1.38681,2.25,2.44
2017.02.16 03:47:07.845,1.3866,1.3868,1.00,2.25
2017.02.16 03:47:08.346,1.38659,1.3868,1.12,2.25
2017.02.16 03:47:08.599,1.38658,1.38676,1.50,1.37
2017.02.16 03:47:08.701,1.38658,1.38677,1.50,1.69
2017.02.16 03:47:08.752,1.38657,1.38678,1.87,1.87
2017.02.16 03:47:09.280,1.38659,1.38679,1.50,1.00
2017.02.16 03:47:12.396,1.38661,1.38679,1.00,1.00
2017.02.16 03:47:12.447,1.38661,1.38682,1.00,2.62
2017.02.16 03:47:12.953,1.3866,1.38682,1.50,2.62
2017.02.16 03:47:14.648,1.38663,1.38682,1.37,1.12
2017.02.16 03:47:14.953,1.38664,1.38683,1.00,2.62
2017.02.16 03:47:15.156,1.38661,1.38679,1.00,1.00
2017.02.16 03:47:15.359,1.38658,1.3868,1.50,1.87
2017.02.16 03:47:15.540,1.38662,1.38682,1.00,2.62
2017.02.16 03:47:15.734,1.38661,1.38682,3.00,1.37
2017.02.16 03:47:15.886,1.38661,1.38681,2.25,1.37
2017.02.16 03:47:16.691,1.38661,1.3868,1.50,1.00
2017.02.16 03:47:18.643,1.38662,1.38682,1.50,1.37
2017.02.16 03:47:19.189,1.38663,1.38683,1.00,1.50
2017.02.16 03:47:20.328,1.38663,1.38683,1.00,1.12
2017.02.16 03:47:20.935,1.38663,1.38683,1.50,1.00
2017.02.16 03:47:24.388,1.38662,1.38683,1.75,1.37
2017.02.16 03:47:24.530,1.38661,1.38678,1.00,1.00
2017.02.16 03:47:24.934,1.38662,1.38681,1.00,1.50
2017.02.16 03:47:25.442,1.38661,1.38679,1.12,1.00
2017.02.16 03:47:25.810,1.38661,1.38679,1.37,1.00
2017.02.16 03:47:25.867,1.38664,1.38683,1.50,1.00
2017.02.16 03:47:26.122,1.38664,1.38683,1.50,1.37
2017.02.16 03:47:26.274,1.38662,1.38683,1.75,1.12
2017.02.16 03:47:26.781,1.38662,1.38683,2.06,1.69
2017.02.16 03:47:27.035,1.38663,1.38685,3.19,1.50
2017.02.16 03:47:27.136,1.38664,1.38685,1.12,1.12
2017.02.16 03:47:27.238,1.38665,1.38685,1.19,1.87
2017.02.16 03:47:28.091,1.38664,1.38685,2.06,1.50
2017.02.16 03:47:30.492,1.38664,1.38685,1.31,1.50
2017.02.16 03:47:30.796,1.38663,1.38682,1.87,1.37
2017.02.16 03:47:30.948,1.38663,1.38683,1.00,1.12
2017.02.16 03:47:30.999,1.38663,1.38683,1.00,1.50
2017.02.16 03:47:31.579,1.38662,1.38681,1.50,1.00
2017.02.16 03:47:33.105,1.38662,1.3868,1.00,1.00
2017.02.16 03:47:34.143,1.38661,1.3868,1.00,1.00
2017.02.16 03:47:34.873,1.38661,1.38681,1.00,1.12
2017.02.16 03:47:35.474,1.3866,1.38681,1.37,1.00
2017.02.16 03:47:35.678,1.3866,1.38681,1.87,1.87
2017.02.16 03:47:38.063,1.3866,1.3868,1.12,1.00
2017.02.16 03:47:38.275,1.38659,1.3868,1.31,1.37
2017.02.16 03:47:38.377,1.3866,1.3868,1.12,1.37
2017.02.16 03:47:38.580,1.38661,1.38679,1.00,1.12
2017.02.16 03:47:38.732,1.38661,1.38679,1.50,1.00
2017.02.16 03:47:38.886,1.38661,1.38681,2.06,1.00
2017.02.16 03:47:39.291,1.38661,1.38679,1.69,1.00
2017.02.16 03:47:39.929,1.38661,1.3868,1.69,1.00
2017.02.16 03:47:40.231,1.38661,1.38681,1.69,1.12
2017.02.16 03:47:40.741,1.38662,1.38683,1.69,1.50
2017.02.16 03:47:40.792,1.38662,1.38683,1.12,2.44
2017.02.16 03:47:40.895,1.38662,1.38683,1.12,2.25
2017.02.16 03:47:41.098,1.38659,1.38681,3.00,1.37
2017.02.16 03:47:44.049,1.38659,1.38678,1.50,1.00
2017.02.16 03:47:45.020,1.38659,1.38679,1.00,1.12
2017.02.16 03:47:46.355,1.38659,1.38677,1.00,1.00
2017.02.16 03:47:48.047,1.38659,1.38679,1.00,1.12
2017.02.16 03:47:51.639,1.38659,1.3868,1.50,1.37
2017.02.16 03:47:51.691,1.38659,1.3868,1.50,1.87
2017.02.16 03:47:51.793,1.38659,1.3868,1.12,1.50
2017.02.16 03:47:52.097,1.38657,1.38677,1.50,1.12
2017.02.16 03:47:53.435,1.38657,1.38676,1.50,1.00
2017.02.16 03:47:54.048,1.38657,1.38677,1.00,1.12
2017.02.16 03:47:54.262,1.38655,1.38673,1.87,1.69
2017.02.16 03:47:54.728,1.38654,1.38673,1.50,1.69
2017.02.16 03:47:55.280,1.38654,1.38673,1.50,1.56
2017.02.16 03:47:55.821,1.38655,1.38673,1.00,1.56
2017.02.16 03:47:56.896,1.38655,1.38673,1.00,1.56
2017.02.16 03:47:59.097,1.38654,1.38673,1.50,1.56
2017.02.16 03:47:59.715,1.38655,1.38673,1.00,1.56
2017.02.16 03:47:59.868,1.38655,1.38674,1.00,1.31
2017.02.16 03:48:00.226,1.38656,1.38675,1.50,1.56
2017.02.16 03:48:00.479,1.3866,1.38677,1.00,1.31
2017.02.16 03:48:00.581,1.38658,1.38679,1.31,3.19
2017.02.16 03:48:00.785,1.38657,1.38675,1.00,1.87
2017.02.16 03:48:00.938,1.38654,1.38675,1.50,1.56
2017.02.16 03:48:00.989,1.38655,1.38675,1.12,1.56
2017.02.16 03:48:01.093,1.38657,1.38674,1.00,1.00
2017.02.16 03:48:01.414,1.38659,1.38678,1.12,2.44
2017.02.16 03:48:01.523,1.38657,1.38677,1.00,1.31
2017.02.16 03:48:01.616,1.38656,1.38677,1.50,1.31
2017.02.16 03:48:01.667,1.38657,1.38678,1.50,1.31
2017.02.16 03:48:03.320,1.38658,1.38677,1.12,1.31
2017.02.16 03:48:03.956,1.38658,1.38678,1.00,1.31
2017.02.16 03:48:04.469,1.38657,1.38677,1.87,1.31
2017.02.16 03:48:07.830,1.38657,1.38678,2.44,1.50
2017.02.16 03:48:08.342,1.38657,1.38677,3.19,1.00
2017.02.16 03:48:10.361,1.38657,1.38677,3.19,1.00
2017.02.16 03:48:14.550,1.38658,1.38678,1.62,1.00
2017.02.16 03:48:15.079,1.38657,1.38677,2.25,1.31
2017.02.16 03:48:22.701,1.38659,1.38679,1.69,1.12
2017.02.16 03:48:23.222,1.3866,1.3868,1.00,2.06
2017.02.16 03:48:23.374,1.3866,1.38679,1.00,1.56
2017.02.16 03:48:23.861,1.38661,1.3868,1.00,1.31
2017.02.16 03:48:24.013,1.38659,1.3868,1.12,1.94
2017.02.16 03:48:27.193,1.38659,1.38679,2.62,1.25
2017.02.16 03:48:28.083,1.38659,1.38681,2.25,3.56
2017.02.16 03:48:32.325,1.38659,1.38677,1.50,1.37
2017.02.16 03:48:32.572,1.38656,1.38677,3.56,1.69
2017.02.16 03:48:32.656,1.38659,1.38679,1.00,1.25
2017.02.16 03:48:33.197,1.38659,1.3868,1.50,1.69
2017.02.16 03:48:33.550,1.38658,1.38678,1.75,2.44
2017.02.16 03:48:33.601,1.38656,1.38678,2.25,2.06
2017.02.16 03:48:33.652,1.38658,1.38678,1.25,1.50
2017.02.16 03:48:39.072,1.38657,1.38678,2.06,1.12
2017.02.16 03:48:39.903,1.38659,1.38678,1.62,1.00
2017.02.16 03:48:51.261,1.38659,1.3868,1.62,2.06
2017.02.16 03:48:51.810,1.38661,1.38681,1.12,1.69
2017.02.16 03:48:51.912,1.38661,1.38681,1.75,1.56
2017.02.16 03:48:54.981,1.38663,1.38681,1.12,1.02
2017.02.16 03:48:57.258,1.38663,1.38681,1.12,1.90
2017.02.16 03:48:57.423,1.38657,1.38678,2.25,1.90
2017.02.16 03:48:57.524,1.38663,1.38679,1.00,1.15
2017.02.16 03:48:58.167,1.38661,1.38681,1.50,1.90
2017.02.16 03:48:58.420,1.3866,1.38681,1.12,1.52
2017.02.16 03:48:58.877,1.38658,1.3868,1.31,1.52
2017.02.16 03:48:58.928,1.38658,1.3868,2.06,1.40
2017.02.16 03:48:59.472,1.38658,1.38678,2.81,1.37
2017.02.16 03:48:59.806,1.38658,1.38678,2.06,1.37
2017.02.16 03:49:00.111,1.38658,1.38677,2.06,2.62
2017.02.16 03:49:00.213,1.38655,1.38676,1.37,1.52
2017.02.16 03:49:00.416,1.38657,1.38677,1.37,1.40
2017.02.16 03:49:00.926,1.38657,1.38677,1.87,1.40
2017.02.16 03:49:01.618,1.38659,1.38677,1.00,1.40
2017.02.16 03:49:01.895,1.38661,1.38679,1.50,1.03
2017.02.16 03:49:01.997,1.3866,1.38677,1.00,1.90
2017.02.16 03:49:02.098,1.3866,1.38675,1.00,1.37
2017.02.16 03:49:02.149,1.38658,1.38676,1.25,1.37
2017.02.16 03:49:02.691,1.38657,1.38675,1.56,1.37
2017.02.16 03:49:02.792,1.38657,1.38675,1.56,1.12
2017.02.16 03:49:02.994,1.38657,1.38676,1.56,1.50
2017.02.16 03:49:03.509,1.38655,1.38678,1.94,4.12
2017.02.16 03:49:03.611,1.38656,1.38678,1.25,4.15
2017.02.16 03:49:03.713,1.3866,1.38679,1.00,1.15
2017.02.16 03:49:04.264,1.38661,1.38682,1.12,1.52
2017.02.16 03:49:05.011,1.38661,1.38682,1.12,1.52
2017.02.16 03:49:09.889,1.38661,1.38683,2.62,1.90
2017.02.16 03:49:10.691,1.38661,1.38681,1.12,1.40
2017.02.16 03:49:12.003,1.3866,1.38682,1.50,1.52
2017.02.16 03:49:14.148,1.3866,1.38683,2.25,3.40
2017.02.16 03:49:14.199,1.3866,1.38683,2.25,3.40
2017.02.16 03:49:16.677,1.3866,1.38683,2.25,3.40
2017.02.16 03:49:17.878,1.3866,1.38683,2.25,3.40
2017.02.16 03:49:20.681,1.38661,1.38683,1.12,3.40
2017.02.16 03:49:24.692,1.38661,1.38682,1.12,1.31
2017.02.16 03:49:28.034,1.3866,1.38682,1.50,2.81
2017.02.16 03:49:28.294,1.3866,1.38683,3.75,2.81
2017.02.16 03:49:30.590,1.3866,1.38682,1.75,2.44
2017.02.16 03:49:30.824,1.3866,1.38681,1.75,1.94
2017.02.16 03:49:30.927,1.3866,1.38682,1.75,2.44
2017.02.16 03:49:38.266,1.38661,1.38684,4.50,2.81
2017.02.16 03:49:39.278,1.38662,1.38685,1.75,2.81
2017.02.16 03:49:40.338,1.38661,1.38683,3.00,1.94
2017.02.16 03:49:41.740,1.38661,1.38683,3.37,1.94
2017.02.16 03:49:43.129,1.38661,1.38683,3.37,1.94
2017.02.16 03:49:43.230,1.38661,1.38683,3.37,1.94
2017.02.16 03:49:43.331,1.38661,1.38682,3.94,1.25
2017.02.16 03:49:45.211,1.38661,1.38683,2.25,1.94
2017.02.16 03:49:45.516,1.38661,1.38681,1.12,2.06
2017.02.16 03:49:45.617,1.38661,1.38683,1.75,2.44
2017.02.16 03:49:45.850,1.38664,1.38683,1.00,2.06
2017.02.16 03:49:46.002,1.38664,1.38681,1.00,1.00
2017.02.16 03:49:46.516,1.38664,1.38682,1.00,1.00
2017.02.16 03:49:47.102,1.38664,1.38683,1.00,2.44
2017.02.16 03:49:47.406,1.38662,1.38682,1.25,1.50
2017.02.16 03:49:48.123,1.38661,1.38681,3.75,1.94
2017.02.16 03:49:48.507,1.38662,1.38681,1.62,1.00
2017.02.16 03:49:49.228,1.38662,1.38682,1.62,1.12
2017.02.16 03:49:49.745,1.38663,1.38683,1.12,1.25
2017.02.16 03:49:50.743,1.38664,1.38684,1.00,1.56
2017.02.16 03:49:51.308,1.38664,1.38684,1.00,1.31
2017.02.16 03:49:52.444,1.38663,1.38684,2.44,1.31
2017.02.16 03:49:53.384,1.38664,1.38684,1.00,1.31
2017.02.16 03:49:57.451,1.38664,1.38684,1.00,2.81
2017.02.16 03:49:57.968,1.38664,1.38684,1.00,2.81
2017.02.16 03:49:58.817,1.38664,1.38684,1.00,2.81
2017.02.16 03:50:00.277,1.38664,1.38684,1.00,2.81
2017.02.16 03:50:00.840,1.38664,1.38683,1.00,2.44
2017.02.16 03:50:01.249,1.38662,1.38683,2.06,1.69
2017.02.16 03:50:01.923,1.38662,1.38683,1.31,2.44
2017.02.16 03:50:02.961,1.38661,1.38683,3.75,2.44
2017.02.16 03:50:07.183,1.38662,1.38683,1.00,1.87
2017.02.16 03:50:07.437,1.38664,1.38683,1.50,1.37
2017.02.16 03:50:07.957,1.38664,1.38683,1.00,1.00
2017.02.16 03:50:08.520,1.38664,1.38685,2.62,2.06
2017.02.16 03:50:08.622,1.38667,1.38687,1.87,1.69
2017.02.16 03:50:08.673,1.38667,1.38688,1.12,1.12
2017.02.16 03:50:08.785,1.38666,1.38686,1.87,1.12
2017.02.16 03:50:09.039,1.38665,1.38685,2.62,1.12
2017.02.16 03:50:09.443,1.38665,1.38685,1.75,2.44
2017.02.16 03:50:11.339,1.38665,1.38686,1.75,2.44
2017.02.16 03:50:12.320,1.38666,1.38684,1.87,1.25
2017.02.16 03:50:15.187,1.38666,1.38685,1.50,1.94
2017.02.16 03:50:16.879,1.38665,1.38685,1.75,1.69
2017.02.16 03:50:17.082,1.38667,1.38687,1.87,1.25
2017.02.16 03:50:17.183,1.38667,1.38686,1.87,1.00
2017.02.16 03:50:17.487,1.38666,1.38686,2.25,1.56
2017.02.16 03:50:17.770,1.38666,1.38684,1.37,1.25
2017.02.16 03:50:18.538,1.38666,1.38685,1.37,2.44
2017.02.16 03:50:19.638,1.38666,1.38684,1.37,1.25
2017.02.16 03:50:24.793,1.38665,1.38684,1.75,1.37
2017.02.16 03:50:24.895,1.38664,1.38681,1.50,1.37
2017.02.16 03:50:25.563,1.38663,1.38681,1.75,1.00
2017.02.16 03:50:28.091,1.38663,1.38681,1.75,1.37
2017.02.16 03:50:34.184,1.38661,1.38677,1.75,1.37
2017.02.16 03:50:34.286,1.38661,1.3868,1.12,2.44
2017.02.16 03:50:34.337,1.38658,1.38677,1.75,1.37
2017.02.16 03:50:34.388,1.38658,1.38677,1.50,1.94
2017.02.16 03:50:34.897,1.3866,1.38677,1.00,1.00
2017.02.16 03:50:35.622,1.3866,1.38678,1.00,1.00
2017.02.16 03:50:36.312,1.38659,1.38678,1.12,1.00
2017.02.16 03:50:36.887,1.38659,1.38677,1.12,1.00
2017.02.16 03:50:38.794,1.38659,1.38677,1.12,1.69
2017.02.16 03:50:39.907,1.38659,1.38677,1.12,1.12
2017.02.16 03:50:43.020,1.3866,1.38678,1.00,1.31
2017.02.16 03:50:43.548,1.3866,1.38678,1.50,1.31
2017.02.16 03:50:44.143,1.3866,1.38677,1.50,1.00
2017.02.16 03:50:44.654,1.3866,1.38678,1.50,1.00
2017.02.16 03:50:46.134,1.3866,1.38679,1.50,1.69
2017.02.16 03:50:46.727,1.3866,1.38679,1.50,1.69
2017.02.16 03:50:47.372,1.3866,1.38679,1.50,1.69
2017.02.16 03:50:47.886,1.38659,1.38679,1.75,1.69
2017.02.16 03:50:52.192,1.38659,1.38679,1.75,1.69
2017.02.16 03:50:58.015,1.38658,1.38678,2.25,1.69
2017.02.16 03:50:59.675,1.38658,1.38678,2.25,1.69
2017.02.16 03:51:00.219,1.38658,1.38678,2.25,1.69
2017.02.16 03:51:00.605,1.38658,1.38678,1.75,1.25
2017.02.16 03:51:01.677,1.38659,1.38679,1.75,2.44
2017.02.16 03:51:05.834,1.38659,1.38678,1.75,1.12
2017.02.16 03:51:06.367,1.38658,1.38678,1.75,1.69
2017.02.16 03:51:06.509,1.38658,1.38678,1.50,1.69
2017.02.16 03:51:09.925,1.38658,1.38678,2.06,1.12
2017.02.16 03:51:10.340,1.38658,1.38677,1.62,1.87
2017.02.16 03:51:10.441,1.38656,1.38676,2.25,1.37
2017.02.16 03:51:10.593,1.38656,1.38677,2.25,2.44
2017.02.16 03:51:10.826,1.38658,1.38679,2.06,2.06
2017.02.16 03:51:11.180,1.38658,1.38677,1.31,1.87
2017.02.16 03:51:11.332,1.38656,1.38675,1.25,1.37
2017.02.16 03:51:11.880,1.38656,1.38676,1.12,1.31
2017.02.16 03:51:12.716,1.38656,1.38677,1.69,2.44
2017.02.16 03:51:14.504,1.38656,1.38677,2.44,1.87
2017.02.16 03:51:14.842,1.38655,1.38674,1.56,1.37
2017.02.16 03:51:14.934,1.38655,1.38674,1.50,1.69
2017.02.16 03:51:15.439,1.38655,1.38674,1.50,1.31
2017.02.16 03:51:15.986,1.38655,1.38675,1.87,1.25
2017.02.16 03:51:16.504,1.38655,1.38676,3.19,1.25
2017.02.16 03:51:16.555,1.38655,1.38676,3.19,1.25
2017.02.16 03:51:17.124,1.38657,1.38677,1.75,2.44
2017.02.16 03:51:20.288,1.38657,1.38677,1.31,1.87
2017.02.16 03:51:21.316,1.38656,1.38676,2.06,1.37
2017.02.16 03:51:25.228,1.38656,1.38677,2.06,3.19
2017.02.16 03:51:25.380,1.38656,1.38674,1.25,1.37
2017.02.16 03:51:25.431,1.38654,1.38674,3.56,1.00
2017.02.16 03:51:26.060,1.38656,1.38675,1.12,1.25
2017.02.16 03:51:26.111,1.38656,1.38676,1.12,2.44
2017.02.16 03:51:26.613,1.38656,1.38676,1.87,2.44
2017.02.16 03:51:28.192,1.38656,1.38675,1.87,1.69
2017.02.16 03:51:28.609,1.38656,1.38675,1.87,1.69
2017.02.16 03:51:29.117,1.38656,1.38675,1.87,1.69
2017.02.16 03:51:30.431,1.38656,1.38676,1.87,3.19
2017.02.16 03:51:30.532,1.38656,1.38676,1.87,2.44
2017.02.16 03:51:38.359,1.38656,1.38677,2.44,2.25
2017.02.16 03:51:38.461,1.38659,1.38677,1.56,1.00
2017.02.16 03:51:38.917,1.38663,1.38681,1.00,1.31
2017.02.16 03:51:39.221,1.38666,1.38684,1.87,1.56
2017.02.16 03:51:39.997,1.38665,1.38681,1.00,1.25
2017.02.16 03:51:40.859,1.38664,1.38681,1.87,1.25
2017.02.16 03:51:42.305,1.38665,1.38682,1.00,1.00
2017.02.16 03:51:42.811,1.38666,1.38681,1.00,1.31
2017.02.16 03:51:43.014,1.38663,1.38684,1.50,1.94
2017.02.16 03:51:43.528,1.38665,1.38685,1.00,2.81
2017.02.16 03:51:44.166,1.38666,1.38683,1.00,1.25
2017.02.16 03:51:45.342,1.38665,1.38683,1.00,1.25
2017.02.16 03:51:46.642,1.38666,1.38683,1.00,1.25
2017.02.16 03:51:48.742,1.38663,1.38682,2.62,1.56
2017.02.16 03:51:48.995,1.38658,1.38679,2.81,1.87
2017.02.16 03:51:49.045,1.3866,1.38679,1.69,1.37
2017.02.16 03:52:00.562,1.3866,1.3868,1.69,1.37
2017.02.16 03:52:01.114,1.3866,1.3868,1.69,1.37
2017.02.16 03:52:01.999,1.38659,1.38678,1.31,2.62
2017.02.16 03:52:02.050,1.38659,1.38678,1.62,1.37
2017.02.16 03:52:02.253,1.38659,1.38677,1.62,1.37
2017.02.16 03:52:02.657,1.38659,1.38679,2.06,1.87
2017.02.16 03:52:07.263,1.38659,1.38677,1.31,1.37
2017.02.16 03:52:07.415,1.38659,1.38677,1.31,1.37
2017.02.16 03:52:07.527,1.38658,1.38677,2.25,1.87
2017.02.16 03:52:07.629,1.38655,1.38674,2.25,1.37
2017.02.16 03:52:07.679,1.38655,1.38674,2.25,1.12
2017.02.16 03:52:07.730,1.38655,1.38674,2.25,1.12
2017.02.16 03:52:08.244,1.38657,1.38675,1.00,1.00
2017.02.16 03:52:08.446,1.38662,1.38674,1.00,1.00
2017.02.16 03:52:08.720,1.38661,1.38681,1.12,1.37
2017.02.16 03:52:08.772,1.38663,1.38681,1.87,1.37
2017.02.16 03:52:09.076,1.3866,1.38682,2.25,1.87
2017.02.16 03:52:09.127,1.3866,1.38682,3.00,1.37
2017.02.16 03:52:09.231,1.3866,1.38679,1.75,1.37
2017.02.16 03:52:09.435,1.38658,1.38672,1.50,1.00
2017.02.16 03:52:09.658,1.38657,1.38676,1.75,1.31
2017.02.16 03:52:09.811,1.38661,1.38681,1.00,2.06
2017.02.16 03:52:10.356,1.3866,1.38681,2.25,1.56
2017.02.16 03:52:14.211,1.3866,1.38681,2.62,1.56
2017.02.16 03:52:14.731,1.3866,1.38681,2.62,1.56
2017.02.16 03:52:14.833,1.3866,1.38681,2.62,1.56
2017.02.16 03:52:15.918,1.3866,1.38681,2.62,1.56
2017.02.16 03:52:16.625,1.3866,1.38681,2.62,1.56
2017.02.16 03:52:19.080,1.38661,1.38681,1.00,1.56
2017.02.16 03:52:19.600,1.38661,1.38681,1.00,1.62
2017.02.16 03:52:21.910,1.38661,1.38682,1.00,2.06
2017.02.16 03:52:23.651,1.38661,1.38681,1.00,1.56
2017.02.16 03:52:24.474,1.3866,1.38681,2.62,1.56
2017.02.16 03:52:32.057,1.3866,1.38681,2.62,1.56
2017.02.16 03:52:35.820,1.3866,1.3868,2.25,3.94
2017.02.16 03:52:35.921,1.3866,1.38678,1.50,1.25
2017.02.16 03:52:35.972,1.38656,1.38677,3.00,1.94
2017.02.16 03:52:36.899,1.38655,1.38676,2.62,1.94
2017.02.16 03:52:37.001,1.38654,1.38676,1.87,2.81
2017.02.16 03:52:37.103,1.38654,1.38675,2.25,2.06
2017.02.16 03:52:37.642,1.38655,1.38675,1.12,1.31
2017.02.16 03:52:38.208,1.38655,1.38675,1.12,1.31
2017.02.16 03:52:39.669,1.38655,1.38674,1.87,1.25
2017.02.16 03:52:39.925,1.38655,1.38675,2.25,1.31
2017.02.16 03:52:40.439,1.38655,1.38674,1.87,1.37
2017.02.16 03:52:40.523,1.38655,1.38674,1.12,1.37
2017.02.16 03:52:41.040,1.38658,1.38677,1.00,2.25
2017.02.16 03:52:41.293,1.38659,1.38678,1.00,1.12
2017.02.16 03:52:41.889,1.3866,1.38678,1.00,1.12
2017.02.16 03:52:42.600,1.38659,1.38679,1.87,1.50
2017.02.16 03:52:44.316,1.38659,1.38679,1.12,1.50
2017.02.16 03:52:44.418,1.38657,1.38678,1.75,1.37
2017.02.16 03:52:44.470,1.38657,1.38678,1.75,1.37
2017.02.16 03:52:44.521,1.38657,1.38678,1.75,1.12
2017.02.16 03:52:44.572,1.38657,1.38678,1.75,1.12
2017.02.16 03:52:45.066,1.38657,1.38678,1.75,1.69
2017.02.16 03:52:45.168,1.38658,1.38678,1.75,1.00
2017.02.16 03:52:45.693,1.38659,1.38679,1.87,1.25
2017.02.16 03:52:55.129,1.38658,1.38679,1.75,1.69
2017.02.16 03:52:55.517,1.38657,1.3867,1.12,1.00
2017.02.16 03:52:56.039,1.38655,1.3867,3.00,1.00
2017.02.16 03:52:56.092,1.38655,1.38677,3.00,1.87
2017.02.16 03:53:00.481,1.38655,1.38676,3.00,1.50
2017.02.16 03:53:00.684,1.38655,1.38676,1.50,2.25
2017.02.16 03:53:00.836,1.38656,1.38676,1.12,2.25
2017.02.16 03:53:00.927,1.38656,1.38676,1.12,2.25
2017.02.16 03:53:01.130,1.38656,1.38676,1.12,2.25
2017.02.16 03:53:05.754,1.38654,1.38676,1.12,1.87
2017.02.16 03:53:06.262,1.38653,1.38675,3.00,1.00
2017.02.16 03:53:06.313,1.38653,1.38672,1.50,1.12
2017.02.16 03:53:06.364,1.38653,1.38672,1.12,1.12
2017.02.16 03:53:08.029,1.38653,1.38675,2.25,1.50
2017.02.16 03:53:09.395,1.38654,1.38675,1.00,1.00
2017.02.16 03:53:10.028,1.38653,1.38675,2.25,1.50
2017.02.16 03:53:11.252,1.38654,1.38675,1.00,1.00
2017.02.16 03:53:13.637,1.38653,1.38675,3.37,1.00
2017.02.16 03:53:14.165,1.38654,1.38675,1.00,1.00
2017.02.16 03:53:15.953,1.38653,1.38675,1.87,1.00
2017.02.16 03:53:16.004,1.38653,1.38672,1.00,1.37
2017.02.16 03:53:16.105,1.38653,1.38673,1.00,1.50
2017.02.16 03:53:16.308,1.38653,1.38674,1.87,1.00
2017.02.16 03:53:16.460,1.38653,1.38674,1.12,2.62
2017.02.16 03:53:16.511,1.38653,1.38672,1.12,1.50
2017.02.16 03:53:17.046,1.38653,1.38673,1.31,1.75
2017.02.16 03:53:18.060,1.38653,1.38667,1.00,1.00
2017.02.16 03:53:18.163,1.3865,1.38668,1.00,1.12
2017.02.16 03:53:18.264,1.38647,1.38668,1.62,1.69
2017.02.16 03:53:18.417,1.38648,1.38666,1.00,1.62
2017.02.16 03:53:18.468,1.38645,1.38664,1.25,1.00
2017.02.16 03:53:18.704,1.38641,1.38664,4.50,3.56
2017.02.16 03:53:19.214,1.38644,1.38661,1.00,1.00
2017.02.16 03:53:20.227,1.38644,1.38664,2.25,1.12
2017.02.16 03:53:20.324,1.38644,1.38664,1.50,1.00
2017.02.16 03:53:20.476,1.38644,1.38665,1.12,3.00
2017.02.16 03:53:20.629,1.3864,1.38662,3.75,1.00
2017.02.16 03:53:20.680,1.3864,1.38662,2.25,1.87
2017.02.16 03:53:21.187,1.38642,1.38662,1.50,1.75
2017.02.16 03:53:22.198,1.38642,1.38661,1.00,1.12
2017.02.16 03:53:23.203,1.3864,1.3866,1.12,2.25
2017.02.16 03:53:23.304,1.38643,1.3866,1.00,1.00
2017.02.16 03:53:23.847,1.38642,1.38661,1.12,1.37
2017.02.16 03:53:24.307,1.3864,1.3866,1.87,1.37
2017.02.16 03:53:24.410,1.38642,1.3866,1.37,1.75
2017.02.16 03:53:24.715,1.38641,1.38661,1.87,1.12
2017.02.16 03:53:25.091,1.38641,1.38661,1.12,1.12
2017.02.16 03:53:27.024,1.3864,1.3866,2.62,1.75
2017.02.16 03:53:27.125,1.3864,1.38661,1.87,1.87
2017.02.16 03:53:27.442,1.3864,1.38661,1.87,1.37
2017.02.16 03:53:27.960,1.3864,1.38662,2.62,1.75
2017.02.16 03:53:28.240,1.38637,1.38658,3.00,1.00
2017.02.16 03:53:28.545,1.3864,1.38659,1.50,1.75
2017.02.16 03:53:28.596,1.38642,1.38659,1.00,1.50
2017.02.16 03:53:29.153,1.38639,1.38659,2.25,1.50
2017.02.16 03:53:29.318,1.38639,1.38658,1.50,2.62
2017.02.16 03:53:29.520,1.38639,1.38658,2.62,2.06
2017.02.16 03:53:30.735,1.38639,1.38658,4.87,1.31
2017.02.16 03:53:31.060,1.38649,1.38666,1.00,1.75
2017.02.16 03:53:31.161,1.38653,1.38669,1.00,1.00
2017.02.16 03:53:31.366,1.38653,1.38673,1.50,1.62
2017.02.16 03:53:31.511,1.38656,1.38675,1.00,1.12
2017.02.16 03:53:31.664,1.38656,1.38677,1.50,2.00
2017.02.16 03:53:31.816,1.38656,1.38677,2.25,1.62
2017.02.16 03:53:32.214,1.38654,1.38675,1.75,1.37
2017.02.16 03:53:32.266,1.38654,1.38674,1.12,2.44
2017.02.16 03:53:32.316,1.38654,1.38673,1.12,1.37
2017.02.16 03:53:33.306,1.38654,1.38674,1.50,1.37
2017.02.16 03:53:33.792,1.38654,1.38674,1.75,1.37
2017.02.16 03:53:33.894,1.38655,1.38671,1.37,1.25
2017.02.16 03:53:34.519,1.38654,1.38674,1.75,1.87
2017.02.16 03:53:34.772,1.38655,1.38676,2.25,2.44
2017.02.16 03:53:35.320,1.38655,1.38676,3.75,1.12
2017.02.16 03:53:35.422,1.38655,1.38675,2.25,1.69
2017.02.16 03:53:35.786,1.38654,1.38675,1.75,2.44
2017.02.16 03:53:36.415,1.38654,1.38675,1.75,1.94
2017.02.16 03:53:36.567,1.38653,1.38674,1.37,1.94
2017.02.16 03:53:36.618,1.38652,1.38674,1.50,1.94
2017.02.16 03:53:36.720,1.38652,1.38673,1.50,1.69
2017.02.16 03:53:36.889,1.38655,1.38675,1.37,2.06
2017.02.16 03:53:37.440,1.38654,1.38675,1.75,2.44
2017.02.16 03:53:37.978,1.38654,1.38675,1.75,2.44
2017.02.16 03:53:39.043,1.38652,1.38673,1.87,2.44
2017.02.16 03:53:39.196,1.38652,1.38673,1.75,1.94
2017.02.16 03:53:39.247,1.38652,1.38673,1.75,1.94
2017.02.16 03:53:40.448,1.38653,1.38673,1.50,1.69
2017.02.16 03:53:40.499,1.38654,1.38674,1.50,1.12
2017.02.16 03:53:40.701,1.38655,1.38674,1.75,1.00
2017.02.16 03:53:42.265,1.38658,1.38672,1.00,1.37
2017.02.16 03:53:42.366,1.38653,1.38672,1.75,2.44
2017.02.16 03:53:42.468,1.38651,1.38671,1.00,1.37
2017.02.16 03:53:42.925,1.38652,1.38673,1.00,1.37
2017.02.16 03:53:42.977,1.38654,1.38674,1.00,3.19
2017.02.16 03:53:43.079,1.38654,1.38674,1.00,2.25
2017.02.16 03:53:43.589,1.38652,1.38674,2.62,2.62
2017.02.16 03:53:44.095,1.38652,1.38674,2.62,1.87
2017.02.16 03:53:44.704,1.38652,1.38673,2.25,1.69
2017.02.16 03:53:45.236,1.38654,1.38676,2.25,2.81
2017.02.16 03:53:45.616,1.38654,1.38675,2.25,1.37
2017.02.16 03:53:46.126,1.38653,1.38675,1.75,3.19
2017.02.16 03:53:46.482,1.3865,1.38672,1.87,2.81
2017.02.16 03:53:48.051,1.38651,1.38672,1.12,2.81
2017.02.16 03:53:48.153,1.3865,1.38672,1.87,2.81
2017.02.16 03:53:48.658,1.3865,1.38671,1.87,1.37
2017.02.16 03:53:49.198,1.3865,1.38671,1.87,1.12
2017.02.16 03:53:50.504,1.38654,1.38671,1.00,1.00
2017.02.16 03:53:50.605,1.38654,1.38674,1.50,1.50
2017.02.16 03:53:50.657,1.38656,1.38674,1.12,1.87
2017.02.16 03:53:50.962,1.38652,1.38673,2.62,1.37
2017.02.16 03:53:51.063,1.38652,1.38673,1.87,2.62
2017.02.16 03:53:51.247,1.38653,1.38672,1.00,1.37
2017.02.16 03:53:51.860,1.38652,1.3867,1.37,1.00
2017.02.16 03:53:52.181,1.38651,1.3867,1.12,1.37
2017.02.16 03:53:52.301,1.38648,1.38669,1.87,1.37
2017.02.16 03:53:52.656,1.38649,1.38669,1.50,1.12
2017.02.16 03:53:52.808,1.3865,1.38669,1.75,1.00
2017.02.16 03:53:53.449,1.38653,1.38671,1.00,1.31
2017.02.16 03:53:53.954,1.38651,1.3867,1.50,1.00
2017.02.16 03:53:55.508,1.38651,1.3867,1.50,1.56
2017.02.16 03:53:56.531,1.38651,1.3867,1.50,1.31
2017.02.16 03:53:56.633,1.38653,1.38671,1.37,2.44
2017.02.16 03:53:56.937,1.38651,1.3867,1.12,1.25
2017.02.16 03:53:57.039,1.3865,1.3867,1.75,1.25
2017.02.16 03:53:57.746,1.3865,1.38669,1.75,1.25
2017.02.16 03:53:57.847,1.3865,1.38669,1.50,1.25
2017.02.16 03:53:57.898,1.3865,1.38669,1.50,1.25
2017.02.16 03:54:01.127,1.3865,1.3867,1.50,1.94
2017.02.16 03:54:03.255,1.38649,1.3867,1.75,1.37
2017.02.16 03:54:03.508,1.38651,1.38671,1.12,1.00
2017.02.16 03:54:03.660,1.38653,1.38671,1.31,1.12
2017.02.16 03:54:04.007,1.3865,1.38671,1.50,2.44
2017.02.16 03:54:04.109,1.38651,1.38671,1.12,2.44
2017.02.16 03:54:04.210,1.38652,1.38671,1.50,2.62
2017.02.16 03:54:05.086,1.38653,1.3867,1.00,1.00
2017.02.16 03:54:05.877,1.38653,1.38671,1.00,1.25
2017.02.16 03:54:06.592,1.38653,1.38673,1.50,2.81
2017.02.16 03:54:06.643,1.38653,1.38673,2.06,1.50
2017.02.16 03:54:06.795,1.38653,1.38674,1.12,2.06
2017.02.16 03:54:07.310,1.38653,1.38673,1.00,2.44
2017.02.16 03:54:08.169,1.38652,1.38672,1.75,1.56
2017.02.16 03:54:08.220,1.38649,1.38671,2.44,1.69
2017.02.16 03:54:08.321,1.3865,1.3867,1.00,1.69
2017.02.16 03:54:08.372,1.38651,1.3867,1.12,1.69
2017.02.16 03:54:08.525,1.38651,1.3867,1.75,1.56
2017.02.16 03:54:09.071,1.38651,1.38671,1.75,1.31
2017.02.16 03:54:09.390,1.38651,1.38668,1.75,1.00
2017.02.16 03:54:11.051,1.38651,1.38669,1.75,1.31
2017.02.16 03:54:11.562,1.38652,1.38669,1.50,1.00
2017.02.16 03:54:11.663,1.38652,1.38669,1.50,1.00
2017.02.16 03:54:21.866,1.3865,1.38669,1.87,1.37
2017.02.16 03:54:21.917,1.38648,1.38669,2.62,2.62
2017.02.16 03:54:21.968,1.38648,1.38669,2.25,3.19
2017.02.16 03:54:22.260,1.38646,1.38667,1.12,1.69
2017.02.16 03:54:22.362,1.38646,1.38666,1.37,1.00
2017.02.16 03:54:22.882,1.38645,1.38667,1.75,1.69
2017.02.16 03:54:22.976,1.38648,1.38668,1.00,2.44
2017.02.16 03:54:23.079,1.38648,1.38667,1.00,1.25
2017.02.16 03:54:23.180,1.38648,1.38668,1.75,2.06
2017.02.16 03:54:23.673,1.38648,1.38667,1.12,1.69
2017.02.16 03:54:24.078,1.38647,1.38667,1.50,2.44
2017.02.16 03:54:24.376,1.38645,1.38664,1.50,1.31
2017.02.16 03:54:25.885,1.38645,1.38665,1.50,1.56
2017.02.16 03:54:27.954,1.38646,1.38665,1.12,1.56
2017.02.16 03:54:33.492,1.38646,1.38666,1.12,3.56
2017.02.16 03:54:34.046,1.38646,1.38666,1.12,3.56
2017.02.16 03:54:35.001,1.38646,1.38665,1.12,1.94
2017.02.16 03:54:36.204,1.38646,1.38665,1.12,1.56
2017.02.16 03:54:40.370,1.38644,1.38665,1.12,2.44
2017.02.16 03:54:40.825,1.38645,1.38666,2.06,3.19
2017.02.16 03:54:41.330,1.38646,1.38666,1.12,1.69
2017.02.16 03:54:41.381,1.38649,1.38667,1.00,1.50
2017.02.16 03:54:41.622,1.38649,1.38669,1.50,2.44
2017.02.16 03:54:41.723,1.38649,1.38669,1.50,1.69
2017.02.16 03:54:43.837,1.38649,1.38668,1.00,1.50
2017.02.16 03:54:50.279,1.38648,1.38668,1.69,1.50
2017.02.16 03:54:50.818,1.38647,1.38666,1.00,1.25
2017.02.16 03:54:55.884,1.38648,1.38667,1.00,1.69
2017.02.16 03:54:56.435,1.38648,1.38669,1.12,2.44
2017.02.16 03:54:57.027,1.38648,1.38667,1.69,1.87
2017.02.16 03:54:57.940,1.38648,1.38667,1.31,1.87
2017.02.16 03:55:03.422,1.38648,1.38667,1.12,1.94
2017.02.16 03:55:03.675,1.38645,1.38665,1.12,2.06
2017.02.16 03:55:05.162,1.38644,1.38665,1.37,2.06
2017.02.16 03:55:05.698,1.38644,1.38662,1.37,1.25
2017.02.16 03:55:10.743,1.38645,1.38663,1.12,1.69
2017.02.16 03:55:10.794,1.38643,1.38662,1.50,1.37
2017.02.16 03:55:10.999,1.38642,1.38663,1.25,3.19
2017.02.16 03:55:11.531,1.38643,1.38663,1.12,2.44
2017.02.16 03:55:11.912,1.38645,1.38664,1.00,2.81
2017.02.16 03:55:12.511,1.38645,1.38664,1.50,1.69
2017.02.16 03:55:14.695,1.38645,1.38664,1.00,1.69
2017.02.16 03:55:15.146,1.38645,1.38664,1.50,1.69
2017.02.16 03:55:16.146,1.38645,1.38664,1.50,1.56
2017.02.16 03:55:17.273,1.38645,1.38664,1.50,1.56
2017.02.16 03:55:17.842,1.38644,1.38664,1.12,1.56
2017.02.16 03:55:19.071,1.38644,1.38664,1.12,1.56
2017.02.16 03:55:21.076,1.38642,1.38662,1.75,1.94
2017.02.16 03:55:22.289,1.38639,1.38659,1.75,1.94
2017.02.16 03:55:22.391,1.38639,1.38658,1.12,1.69
2017.02.16 03:55:22.543,1.38637,1.38657,1.87,1.62
2017.02.16 03:55:22.595,1.38637,1.38659,2.44,2.06
2017.02.16 03:55:22.899,1.38639,1.38658,1.00,2.81
2017.02.16 03:55:23.269,1.38639,1.38658,1.00,2.81
2017.02.16 03:55:23.787,1.38639,1.38658,1.00,3.19
2017.02.16 03:55:23.990,1.38641,1.38657,1.00,1.00
2017.02.16 03:55:24.294,1.38647,1.38661,1.00,1.00
2017.02.16 03:55:24.345,1.38648,1.38664,1.00,1.87
2017.02.16 03:55:24.548,1.38649,1.38667,1.00,1.50
2017.02.16 03:55:24.701,1.3865,1.38669,1.00,2.62
2017.02.16 03:55:24.803,1.38651,1.3867,1.31,1.50
2017.02.16 03:55:24.904,1.38651,1.38671,1.56,2.62
2017.02.16 03:55:25.212,1.38656,1.38676,1.31,1.87
2017.02.16 03:55:25.516,1.38657,1.38676,1.56,1.50
2017.02.16 03:55:26.420,1.38657,1.38676,1.56,2.25
2017.02.16 03:55:27.039,1.38657,1.38676,1.00,1.50
2017.02.16 03:55:27.564,1.38656,1.38674,1.69,1.37
2017.02.16 03:55:29.459,1.38656,1.38675,1.12,1.50
2017.02.16 03:55:29.713,1.38654,1.38674,1.75,2.62
2017.02.16 03:55:29.815,1.38654,1.38674,1.50,4.12
2017.02.16 03:55:29.916,1.38653,1.38671,1.00,1.37
2017.02.16 03:55:30.787,1.38653,1.38671,1.00,1.37
2017.02.16 03:55:31.292,1.38652,1.38671,1.12,1.37
2017.02.16 03:55:32.894,1.38652,1.38672,1.69,2.25
2017.02.16 03:55:33.200,1.3865,1.38669,1.31,1.37
2017.02.16 03:55:33.302,1.3865,1.38669,1.37,1.12
2017.02.16 03:55:33.353,1.38649,1.38669,1.50,1.37
2017.02.16 03:55:33.404,1.38649,1.38669,2.06,1.37
2017.02.16 03:55:33.543,1.3865,1.3867,1.25,1.87
2017.02.16 03:55:33.596,1.3865,1.3867,1.12,1.87
2017.02.16 03:55:35.873,1.3865,1.38671,1.69,3.00
2017.02.16 03:55:36.025,1.38651,1.38671,1.31,2.62
2017.02.16 03:55:36.131,1.38651,1.38671,1.31,2.62
2017.02.16 03:55:39.452,1.38653,1.38671,1.25,1.12
2017.02.16 03:55:39.705,1.38652,1.38671,2.06,1.12
2017.02.16 03:55:41.588,1.38653,1.38672,1.69,1.87
2017.02.16 03:55:42.363,1.38652,1.38672,2.06,1.87
2017.02.16 03:55:42.613,1.38651,1.38671,1.31,1.37
2017.02.16 03:55:42.665,1.38651,1.38671,1.31,1.87
2017.02.16 03:55:43.173,1.38652,1.3867,1.00,1.12
2017.02.16 03:55:45.440,1.38653,1.38672,1.00,1.37
2017.02.16 03:55:45.981,1.38653,1.38671,1.56,1.12
2017.02.16 03:55:46.653,1.38653,1.3867,1.00,1.00
2017.02.16 03:55:48.253,1.38654,1.38672,1.00,1.12
2017.02.16 03:55:48.760,1.38654,1.38672,1.56,1.12
2017.02.16 03:55:49.451,1.38654,1.38672,1.56,1.37
2017.02.16 03:55:49.960,1.38652,1.3867,1.56,1.00
2017.02.16 03:55:50.908,1.38652,1.3867,1.31,1.00
2017.02.16 03:55:51.793,1.38652,1.38671,1.31,1.12
2017.02.16 03:55:52.704,1.38652,1.38672,1.69,1.50
2017.02.16 03:55:53.052,1.38658,1.38676,1.25,1.37
2017.02.16 03:55:53.566,1.38656,1.38676,1.75,1.69
2017.02.16 03:55:55.153,1.38656,1.38676,2.06,1.12
2017.02.16 03:55:55.463,1.38656,1.38676,1.31,1.50
2017.02.16 03:55:56.163,1.38656,1.38675,1.31,1.37
2017.02.16 03:55:56.714,1.38656,1.38675,1.00,1.37
2017.02.16 03:55:57.365,1.38656,1.38676,1.00,2.06
2017.02.16 03:55:57.416,1.38657,1.38676,1.00,2.06
2017.02.16 03:55:57.954,1.38657,1.38677,1.56,1.87
2017.02.16 03:55:58.334,1.38658,1.38677,1.56,1.00
2017.02.16 03:55:58.884,1.38658,1.38677,1.56,1.37
2017.02.16 03:55:59.714,1.38658,1.38677,1.00,1.37
2017.02.16 03:56:00.330,1.38657,1.38676,1.31,1.87
2017.02.16 03:56:00.563,1.38652,1.38672,1.75,1.69
2017.02.16 03:56:00.704,1.38652,1.38672,1.00,2.44
2017.02.16 03:56:01.315,1.38652,1.38672,1.00,2.44
2017.02.16 03:56:04.001,1.3865,1.38671,2.06,1.87
2017.02.16 03:56:04.739,1.38652,1.38671,1.00,1.87
2017.02.16 03:56:07.485,1.38656,1.38673,1.00,1.56
2017.02.16 03:56:07.536,1.38656,1.38675,1.00,3.19
2017.02.16 03:56:07.689,1.38652,1.38666,1.31,1.00
2017.02.16 03:56:07.841,1.38652,1.3867,1.31,1.87
2017.02.16 03:56:07.892,1.38651,1.3867,1.56,2.62
2017.02.16 03:56:08.045,1.38651,1.3867,1.31,1.00
2017.02.16 03:56:08.096,1.38654,1.3867,1.00,1.00
2017.02.16 03:56:08.641,1.38654,1.38671,1.00,1.12
2017.02.16 03:56:09.108,1.38653,1.38673,1.00,2.81
2017.02.16 03:56:09.312,1.38653,1.38672,1.00,1.56
2017.02.16 03:56:09.414,1.38653,1.38671,1.75,1.25
2017.02.16 03:56:09.515,1.38652,1.3867,1.12,1.12
2017.02.16 03:56:09.567,1.38652,1.3867,1.12,1.37
2017.02.16 03:56:09.719,1.38651,1.3867,1.56,1.12
2017.02.16 03:56:09.983,1.3865,1.3867,2.44,1.37
2017.02.16 03:56:10.039,1.3865,1.38669,1.69,1.37
2017.02.16 03:56:13.013,1.3865,1.3867,1.69,1.37
2017.02.16 03:56:13.115,1.3865,1.38671,2.06,2.62
2017.02.16 03:56:13.216,1.38651,1.38671,1.50,1.50
2017.02.16 03:56:13.317,1.38652,1.38671,1.12,1.37
2017.02.16 03:56:13.857,1.3865,1.3867,1.69,1.87
2017.02.16 03:56:13.908,1.38651,1.3867,1.00,1.31
2017.02.16 03:56:13.960,1.38651,1.3867,1.37,1.31
2017.02.16 03:56:14.263,1.3865,1.3867,1.50,1.69
2017.02.16 03:56:14.745,1.38648,1.38667,1.12,1.31
2017.02.16 03:56:14.897,1.38649,1.38669,1.87,2.06
2017.02.16 03:56:15.398,1.3865,1.38669,1.50,2.44
2017.02.16 03:56:16.000,1.3865,1.38669,1.50,2.44
2017.02.16 03:56:16.773,1.38652,1.3867,1.00,1.25
2017.02.16 03:56:17.278,1.38651,1.3867,1.50,1.37
2017.02.16 03:56:17.967,1.38651,1.3867,1.50,1.37
2017.02.16 03:56:20.059,1.38649,1.38668,1.31,1.37
2017.02.16 03:56:20.160,1.38647,1.38667,1.75,1.94
2017.02.16 03:56:20.211,1.38647,1.38667,1.37,1.56
2017.02.16 03:56:20.313,1.38648,1.38667,1.56,1.00
2017.02.16 03:56:20.465,1.3865,1.38669,1.56,2.25
2017.02.16 03:56:21.004,1.38649,1.38668,1.69,1.00
2017.02.16 03:56:21.460,1.38648,1.38667,2.06,1.75
2017.02.16 03:56:21.998,1.38648,1.38666,1.31,1.12
2017.02.16 03:56:22.049,1.38648,1.38666,1.56,1.12
2017.02.16 03:56:23.743,1.38648,1.38666,1.56,1.12
2017.02.16 03:56:24.643,1.38648,1.38666,1.56,1.12
2017.02.16 03:56:25.043,1.38648,1.38666,1.56,1.12
2017.02.16 03:56:28.604,1.3865,1.38668,1.56,2.25
2017.02.16 03:56:28.706,1.38651,1.38669,1.56,1.50
2017.02.16 03:56:28.858,1.38651,1.3867,1.56,1.00
2017.02.16 03:56:29.061,1.38651,1.38671,1.56,2.25
2017.02.16 03:56:29.162,1.3865,1.3867,1.69,2.62
2017.02.16 03:56:29.455,1.3865,1.3867,1.69,2.62
2017.02.16 03:56:30.123,1.38649,1.3867,2.81,2.62
2017.02.16 03:56:30.275,1.38651,1.3867,1.56,1.50
2017.02.16 03:56:30.326,1.38652,1.38671,1.56,2.62
2017.02.16 03:56:30.377,1.38652,1.38667,1.56,1.00
2017.02.16 03:56:30.681,1.3865,1.38669,1.56,1.37
2017.02.16 03:56:31.716,1.3865,1.38669,1.56,1.37
2017.02.16 03:56:32.610,1.3865,1.38669,1.56,1.37
2017.02.16 03:56:33.152,1.38652,1.38669,1.56,1.37
2017.02.16 03:56:33.735,1.38653,1.38671,1.56,2.62
2017.02.16 03:56:34.039,1.38653,1.38671,1.00,1.87
2017.02.16 03:56:36.153,1.38653,1.38669,1.00,1.37
2017.02.16 03:56:36.305,1.38652,1.38669,1.00,1.37
2017.02.16 03:56:36.515,1.3865,1.38666,1.50,1.00
2017.02.16 03:56:36.667,1.3865,1.38668,1.00,1.12
2017.02.16 03:56:37.190,1.38649,1.38667,1.12,1.00
2017.02.16 03:56:37.564,1.38649,1.38668,1.75,1.12
2017.02.16 03:56:37.870,1.38646,1.38665,2.25,1.37
2017.02.16 03:56:37.921,1.38646,1.38665,1.75,2.62
2017.02.16 03:56:38.260,1.38646,1.38664,1.00,1.37
2017.02.16 03:56:41.275,1.38646,1.38664,1.00,1.37
2017.02.16 03:56:41.971,1.38646,1.38664,1.00,1.37
2017.02.16 03:56:42.073,1.38642,1.38663,1.75,2.62
2017.02.16 03:56:42.124,1.38642,1.38662,1.75,1.37
2017.02.16 03:56:42.282,1.38641,1.38662,2.25,2.44
2017.02.16 03:56:42.586,1.38644,1.38661,1.00,1.69
2017.02.16 03:56:43.489,1.38643,1.38662,1.12,2.44
2017.02.16 03:56:46.642,1.38643,1.38662,1.12,2.44
2017.02.16 03:56:48.150,1.38643,1.38662,1.12,1.69
2017.02.16 03:56:48.615,1.38644,1.38666,1.75,1.94
2017.02.16 03:56:48.963,1.38646,1.38666,1.12,1.87
2017.02.16 03:56:49.419,1.38648,1.38667,1.00,1.31
2017.02.16 03:56:49.927,1.38648,1.38667,1.00,1.62
2017.02.16 03:56:50.842,1.38645,1.38666,1.50,1.37
2017.02.16 03:56:50.944,1.38645,1.38666,1.87,1.69
2017.02.16 03:56:51.473,1.38647,1.38667,1.00,2.06
2017.02.16 03:56:52.908,1.38648,1.38667,1.00,1.69
2017.02.16 03:56:53.366,1.38646,1.38667,1.12,1.50
2017.02.16 03:56:53.629,1.38645,1.38666,1.50,1.69
2017.02.16 03:56:53.781,1.38648,1.38667,1.00,2.06
2017.02.16 03:56:54.301,1.3865,1.38667,1.00,1.25
2017.02.16 03:56:54.768,1.38646,1.38668,1.50,2.25
2017.02.16 03:56:55.818,1.38648,1.38668,1.00,1.87
2017.02.16 03:56:56.020,1.38649,1.3867,1.12,1.12
2017.02.16 03:56:56.181,1.38652,1.3867,1.12,1.00
2017.02.16 03:56:56.284,1.3865,1.3867,1.00,1.50
2017.02.16 03:56:56.589,1.38652,1.3867,1.00,1.50
2017.02.16 03:56:56.966,1.3865,1.38669,1.00,1.37
2017.02.16 03:56:57.429,1.38651,1.3867,1.37,1.12
2017.02.16 03:56:57.798,1.38654,1.38671,1.00,1.00
2017.02.16 03:56:57.850,1.38652,1.38671,1.12,1.37
2017.02.16 03:56:58.357,1.38653,1.38671,1.00,1.37
2017.02.16 03:56:58.459,1.38651,1.3867,1.37,1.37
2017.02.16 03:56:58.965,1.38651,1.38669,1.00,1.50
2017.02.16 03:56:59.505,1.38651,1.38668,1.00,1.12
2017.02.16 03:56:59.897,1.38646,1.38663,1.00,1.50
2017.02.16 03:57:03.342,1.38646,1.38661,1.00,1.37
2017.02.16 03:57:03.444,1.38643,1.38661,1.50,1.37
2017.02.16 03:57:03.970,1.38643,1.38659,1.00,1.12
2017.02.16 03:57:04.358,1.38644,1.38662,1.00,1.12
2017.02.16 03:57:04.561,1.38645,1.38664,1.00,1.50
2017.02.16 03:57:08.658,1.38646,1.38664,1.00,1.50
2017.02.16 03:57:08.810,1.38644,1.38663,1.00,1.37
2017.02.16 03:57:09.713,1.38645,1.38662,1.00,1.75
2017.02.16 03:57:09.765,1.38645,1.38663,1.50,1.50
2017.02.16 03:57:10.646,1.38646,1.38664,1.00,1.12
2017.02.16 03:57:10.880,1.38648,1.38664,1.00,1.12
2017.02.16 03:57:18.021,1.38648,1.38666,1.50,1.50
2017.02.16 03:57:18.173,1.38649,1.38667,1.00,1.00
2017.02.16 03:57:18.703,1.38649,1.38668,1.00,1.50
2017.02.16 03:57:19.834,1.38649,1.38669,1.00,2.62
2017.02.16 03:57:19.885,1.38649,1.38669,1.00,2.62
2017.02.16 03:57:20.519,1.38648,1.38667,1.50,1.37
2017.02.16 03:57:22.546,1.38648,1.38666,2.06,1.37
2017.02.16 03:57:23.952,1.3865,1.38668,1.00,1.87
2017.02.16 03:57:24.003,1.38651,1.38668,1.00,1.50
2017.02.16 03:57:24.306,1.38645,1.38661,2.06,1.12
2017.02.16 03:57:24.359,1.38645,1.38661,1.00,1.12
2017.02.16 03:57:24.861,1.38644,1.38662,1.31,1.12
2017.02.16 03:57:26.852,1.38644,1.38661,1.56,1.37
2017.02.16 03:57:27.358,1.38643,1.38661,1.56,1.37
2017.02.16 03:57:27.939,1.38643,1.38663,1.56,1.37
2017.02.16 03:57:28.271,1.38643,1.38663,1.56,1.12
2017.02.16 03:57:29.298,1.38643,1.38663,1.56,1.37
2017.02.16 03:57:29.836,1.38644,1.38662,1.56,1.37
2017.02.16 03:57:30.360,1.38644,1.38661,1.56,1.37
2017.02.16 03:57:30.613,1.38649,1.38665,1.31,1.87
2017.02.16 03:57:30.725,1.38646,1.38666,1.56,1.37
2017.02.16 03:57:30.878,1.38643,1.38662,1.56,1.37
2017.02.16 03:57:30.929,1.38642,1.38661,1.69,1.37
2017.02.16 03:57:31.233,1.38648,1.38665,1.56,1.87
2017.02.16 03:57:31.284,1.38648,1.38663,1.56,1.00
2017.02.16 03:57:31.361,1.38647,1.38664,1.56,1.12
2017.02.16 03:57:31.621,1.38643,1.38659,1.56,1.00
2017.02.16 03:57:32.135,1.38643,1.38659,1.56,1.00
2017.02.16 03:57:32.446,1.38648,1.38666,1.56,3.75
2017.02.16 03:57:32.600,1.38651,1.38669,1.56,2.62
2017.02.16 03:57:32.651,1.38651,1.38667,1.56,1.12
2017.02.16 03:57:32.702,1.38652,1.38667,1.56,1.00
2017.02.16 03:57:32.753,1.38652,1.38667,1.56,1.00
2017.02.16 03:57:32.855,1.38652,1.38668,1.00,1.12
2017.02.16 03:57:33.155,1.38645,1.38664,1.56,1.12
2017.02.16 03:57:33.207,1.38645,1.38664,1.56,1.12
2017.02.16 03:57:34.203,1.38646,1.38663,1.31,1.50
2017.02.16 03:57:36.176,1.38645,1.38663,1.56,1.50
2017.02.16 03:57:36.532,1.38647,1.38666,1.56,2.62
2017.02.16 03:57:37.106,1.38646,1.38663,1.56,3.00
2017.02.16 03:57:37.157,1.38644,1.38661,1.00,2.81
2017.02.16 03:57:37.208,1.38644,1.38661,1.00,1.31
2017.02.16 03:57:37.412,1.38647,1.38663,1.31,1.00
2017.02.16 03:57:37.616,1.38644,1.38662,1.31,1.00
2017.02.16 03:57:37.667,1.38644,1.38664,1.00,3.19
2017.02.16 03:57:37.819,1.38643,1.38663,1.31,1.37
2017.02.16 03:57:41.633,1.38643,1.38662,1.56,1.00
2017.02.16 03:57:41.987,1.38643,1.38662,1.56,1.75
2017.02.16 03:57:47.046,1.38643,1.3866,1.31,1.00
2017.02.16 03:57:50.815,1.38642,1.38661,1.69,1.12
2017.02.16 03:57:51.070,1.38646,1.38662,1.00,1.12
2017.02.16 03:57:51.578,1.38646,1.38663,1.00,1.12
2017.02.16 03:57:52.089,1.38646,1.38663,1.00,1.37
2017.02.16 03:57:52.492,1.38646,1.38663,1.31,1.37
2017.02.16 03:57:52.544,1.38643,1.38662,2.44,1.37
2017.02.16 03:57:52.646,1.38644,1.38662,1.56,1.12
2017.02.16 03:57:53.190,1.38645,1.38663,1.56,1.37
2017.02.16 03:58:03.094,1.38645,1.38663,2.06,1.37
2017.02.16 03:58:03.810,1.38645,1.38664,1.56,1.50
2017.02.16 03:58:03.963,1.38644,1.38664,2.06,1.50
2017.02.16 03:58:04.480,1.38644,1.38661,2.06,1.00
2017.02.16 03:58:05.009,1.38644,1.38661,2.06,1.37
2017.02.16 03:58:07.150,1.38645,1.38661,1.56,1.87
2017.02.16 03:58:07.302,1.38644,1.38661,1.50,1.87
2017.02.16 03:58:09.809,1.38646,1.38661,1.00,1.12
2017.02.16 03:58:10.055,1.38647,1.38663,1.00,1.00
2017.02.16 03:58:14.595,1.38648,1.38663,1.00,1.00
2017.02.16 03:58:14.849,1.38649,1.38665,1.00,1.00
2017.02.16 03:58:17.324,1.38648,1.38666,1.00,1.12
2017.02.16 03:58:17.831,1.38648,1.38663,1.00,1.00
2017.02.16 03:58:21.886,1.38649,1.38663,1.00,1.00
2017.02.16 03:58:22.430,1.3865,1.38664,1.00,1.37
2017.02.16 03:58:32.969,1.38649,1.38664,1.00,1.37
2017.02.16 03:58:33.384,1.38648,1.38664,1.00,2.00
2017.02.16 03:58:33.486,1.38647,1.38662,1.00,1.00
2017.02.16 03:58:34.143,1.38647,1.38663,1.00,1.12
2017.02.16 03:58:36.805,1.38647,1.38662,1.00,1.00
2017.02.16 03:58:38.119,1.38646,1.38663,1.00,1.12
2017.02.16 03:58:38.221,1.38644,1.38662,1.00,1.12
2017.02.16 03:58:38.474,1.38645,1.38665,1.00,1.12
2017.02.16 03:58:38.977,1.38646,1.38664,1.00,1.62
2017.02.16 03:58:39.129,1.38648,1.38667,1.00,1.87
2017.02.16 03:58:39.180,1.38648,1.38667,1.00,1.87
2017.02.16 03:58:39.711,1.38649,1.38665,1.00,1.00
2017.02.16 03:58:41.326,1.38649,1.38666,1.00,1.12
2017.02.16 03:58:41.557,1.38647,1.38666,1.00,1.87
2017.02.16 03:58:43.153,1.38647,1.38666,1.00,1.87
2017.02.16 03:58:43.205,1.38647,1.38666,1.00,1.87
2017.02.16 03:58:43.630,1.38645,1.38663,1.12,1.12
2017.02.16 03:58:43.732,1.38643,1.38663,1.50,1.12
2017.02.16 03:58:43.783,1.38643,1.38663,1.12,1.12
2017.02.16 03:58:44.325,1.38643,1.3866,1.00,1.00
2017.02.16 03:58:44.633,1.38645,1.38661,1.00,1.37
2017.02.16 03:58:45.136,1.38647,1.38666,1.00,1.12
2017.02.16 03:58:45.187,1.38645,1.38666,1.12,1.37
2017.02.16 03:58:45.723,1.38645,1.38664,1.00,1.12
2017.02.16 03:58:46.699,1.38644,1.38664,1.00,1.87
2017.02.16 03:58:47.620,1.38644,1.38663,1.00,2.25
2017.02.16 03:58:48.126,1.38644,1.38664,1.00,2.62
2017.02.16 03:58:50.449,1.38644,1.38664,1.00,2.62
2017.02.16 03:58:51.853,1.38642,1.38663,1.12,3.75
2017.02.16 03:58:52.257,1.38642,1.38661,1.00,1.87
2017.02.16 03:58:52.359,1.38644,1.38661,1.00,1.12
2017.02.16 03:58:52.938,1.38645,1.38661,1.00,1.12
2017.02.16 03:58:55.515,1.38644,1.38661,1.00,1.12
2017.02.16 03:58:56.473,1.38643,1.3866,1.00,2.25
2017.02.16 03:58:56.524,1.38643,1.38661,1.00,1.12
2017.02.16 03:58:57.039,1.38642,1.3866,1.00,2.06
2017.02.16 03:58:57.221,1.38644,1.3866,1.00,2.06
2017.02.16 03:58:57.323,1.38645,1.38662,1.00,2.62
2017.02.16 03:58:57.424,1.38646,1.38662,1.56,1.75
2017.02.16 03:58:57.526,1.38647,1.38663,1.31,1.12
2017.02.16 03:58:57.998,1.38646,1.38662,1.56,2.62
2017.02.16 03:58:58.151,1.38646,1.38661,1.00,1.12
2017.02.16 03:58:58.691,1.38645,1.38662,1.00,1.87
2017.02.16 03:59:02.649,1.38646,1.38663,1.00,2.62
2017.02.16 03:59:02.700,1.38646,1.38663,1.00,2.62
2017.02.16 03:59:02.751,1.38644,1.38663,1.00,1.87
2017.02.16 03:59:02.802,1.38644,1.38663,1.00,1.87
2017.02.16 03:59:03.309,1.38645,1.38663,1.00,1.87
2017.02.16 03:59:06.323,1.38644,1.38663,1.00,1.87
2017.02.16 03:59:07.243,1.38644,1.38663,1.00,1.87
2017.02.16 03:59:08.237,1.38644,1.38663,1.00,1.87
2017.02.16 03:59:09.056,1.38644,1.38663,1.00,2.44
2017.02.16 03:59:09.739,1.38644,1.3866,1.00,1.25
2017.02.16 03:59:10.246,1.38644,1.38663,1.00,2.44
2017.02.16 03:59:11.641,1.38642,1.38663,1.50,3.19
2017.02.16 03:59:11.743,1.38642,1.38663,1.50,5.44
2017.02.16 03:59:12.114,1.3864,1.38658,1.00,2.44
2017.02.16 03:59:12.267,1.38639,1.38657,1.87,1.69
2017.02.16 03:59:12.777,1.3864,1.38659,1.50,2.44
2017.02.16 03:59:13.282,1.3864,1.38659,1.00,1.94
2017.02.16 03:59:13.834,1.38642,1.3866,1.00,1.69
2017.02.16 03:59:13.987,1.38642,1.3866,1.00,1.25
2017.02.16 03:59:14.139,1.38643,1.38661,1.00,1.69
2017.02.16 03:59:16.355,1.38643,1.38662,1.00,1.94
2017.02.16 03:59:17.118,1.38642,1.38661,1.12,1.94
2017.02.16 03:59:17.621,1.38641,1.38661,1.12,2.81
2017.02.16 03:59:18.749,1.38641,1.3866,1.12,1.94
2017.02.16 03:59:20.570,1.3864,1.3866,1.50,2.44
2017.02.16 03:59:21.140,1.3864,1.38659,1.00,1.69
2017.02.16 03:59:21.854,1.38639,1.38659,1.50,1.69
2017.02.16 03:59:23.417,1.3864,1.38659,1.00,1.69
2017.02.16 03:59:24.002,1.38639,1.38659,1.00,1.69
2017.02.16 03:59:27.730,1.38639,1.38658,1.00,1.31
2017.02.16 03:59:29.731,1.3864,1.38658,1.00,1.31
2017.02.16 03:59:30.036,1.38643,1.38661,1.00,1.31
2017.02.16 03:59:30.559,1.38643,1.3866,1.00,1.25
2017.02.16 03:59:33.537,1.38643,1.38663,1.00,4.31
2017.02.16 03:59:33.942,1.38641,1.38658,1.00,1.37
2017.02.16 03:59:34.196,1.38641,1.38659,1.00,1.00
2017.02.16 03:59:37.393,1.3864,1.38659,1.50,1.00
2017.02.16 03:59:37.444,1.3864,1.38659,1.50,1.56
2017.02.16 03:59:40.250,1.3864,1.38657,1.00,1.37
2017.02.16 03:59:40.301,1.3864,1.38657,1.00,1.37
2017.02.16 03:59:40.807,1.38639,1.38656,1.00,1.25
2017.02.16 03:59:42.517,1.38639,1.38657,1.00,1.25
2017.02.16 03:59:43.698,1.3864,1.38659,1.00,1.56
2017.02.16 03:59:45.632,1.38639,1.38658,1.50,1.56
2017.02.16 03:59:47.109,1.38641,1.3866,1.00,1.69
2017.02.16 03:59:47.160,1.38641,1.3866,1.00,1.69
2017.02.16 03:59:47.413,1.38641,1.38661,1.00,1.50
2017.02.16 03:59:48.149,1.38642,1.38661,1.00,1.50
2017.02.16 03:59:48.788,1.38641,1.38661,1.00,2.06
2017.02.16 03:59:49.169,1.38641,1.38661,1.00,2.06
2017.02.16 03:59:49.670,1.38642,1.38658,1.00,1.00
2017.02.16 03:59:55.761,1.38641,1.38661,1.00,2.06
2017.02.16 03:59:56.422,1.3864,1.3866,1.12,1.69
2017.02.16 03:59:57.331,1.38641,1.3866,1.31,1.37
2017.02.16 03:59:58.326,1.38641,1.38659,1.00,2.00
2017.02.16 03:59:58.547,1.38642,1.3866,1.00,2.44
2017.02.16 03:59:59.177,1.3864,1.38659,1.00,1.00
