2014.02.04 09:00:00.597,1.50093,1.5011,1.08,1.00
2014.02.04 09:00:01.141,1.50093,1.50108,1.08,1.00
2014.02.04 09:00:01.243,1.50091,1.50108,1.18,1.00
2014.02.04 09:00:01.600,1.50091,1.50108,1.58,1.00
2014.02.04 09:00:02.129,1.50093,1.50108,1.15,1.00
2014.02.04 09:00:02.451,1.50093,1.50111,1.15,1.00
2014.02.04 09:00:02.738,1.50093,1.50109,1.15,1.00
2014.02.04 09:00:03.066,1.50093,1.50109,1.00,1.00
2014.02.04 09:00:03.591,1.50093,1.5011,1.00,1.00
2014.02.04 09:00:03.717,1.50093,1.50112,1.00,2.25
2014.02.04 09:00:04.265,1.50093,1.50112,1.18,2.25
2014.02.04 09:00:04.893,1.50094,1.50112,1.08,1.50
2014.02.04 09:00:04.995,1.50094,1.50117,1.65,1.08
2014.02.04 09:00:05.097,1.50098,1.50117,1.08,1.00
2014.02.04 09:00:05.300,1.50098,1.5012,1.65,1.00
2014.02.04 09:00:05.883,1.501,1.5012,1.58,1.50
2014.02.04 09:00:06.441,1.50103,1.50119,1.18,1.00
2014.02.04 09:00:06.493,1.50103,1.50122,1.18,1.00
2014.02.04 09:00:07.092,1.50103,1.50121,1.18,1.00
2014.02.04 09:00:07.614,1.50103,1.50122,1.18,1.00
2014.02.04 09:00:08.206,1.50103,1.50122,1.00,1.00
2014.02.04 09:00:08.899,1.50103,1.50119,1.10,1.00
2014.02.04 09:00:09.449,1.50103,1.50123,1.18,1.08
2014.02.04 09:00:09.501,1.50106,1.50123,1.08,1.00
2014.02.04 09:00:09.704,1.50106,1.50125,1.08,1.00
2014.02.04 09:00:10.212,1.50105,1.50126,2.40,1.00
2014.02.04 09:00:10.758,1.50105,1.50124,3.08,1.00
2014.02.04 09:00:11.119,1.50108,1.50129,1.15,1.00
2014.02.04 09:00:11.377,1.5011,1.50129,2.33,1.00
2014.02.04 09:00:11.428,1.50111,1.50131,1.50,1.00
2014.02.04 09:00:11.938,1.50111,1.50134,3.00,3.23
2014.02.04 09:00:12.196,1.50113,1.50135,1.65,1.00
2014.02.04 09:00:12.689,1.50113,1.50135,1.83,1.50
2014.02.04 09:00:13.020,1.50113,1.50132,1.83,1.00
2014.02.04 09:00:13.561,1.50113,1.5013,1.83,1.00
2014.02.04 09:00:13.629,1.50113,1.5013,1.15,1.00
2014.02.04 09:00:15.213,1.50113,1.50131,1.15,1.00
2014.02.04 09:00:15.715,1.50113,1.50132,1.15,1.00
2014.02.04 09:00:15.867,1.50113,1.50135,1.65,1.00
2014.02.04 09:00:16.255,1.50116,1.50135,1.08,1.00
2014.02.04 09:00:16.356,1.50117,1.50137,1.67,1.58
2014.02.04 09:00:16.458,1.5012,1.50134,1.00,1.00
2014.02.04 09:00:16.611,1.50116,1.50132,1.10,1.60
2014.02.04 09:00:16.866,1.50116,1.50134,1.00,1.10
2014.02.04 09:00:17.119,1.5012,1.50134,1.00,1.00
2014.02.04 09:00:17.272,1.50117,1.50134,1.10,1.00
2014.02.04 09:00:18.341,1.50112,1.50133,2.33,1.32
2014.02.04 09:00:18.443,1.50112,1.50131,1.15,1.00
2014.02.04 09:00:18.596,1.50112,1.50131,1.10,1.10
2014.02.04 09:00:18.647,1.50112,1.50128,1.10,1.00
2014.02.04 09:00:18.799,1.5011,1.50128,1.00,1.00
2014.02.04 09:00:18.850,1.5011,1.5013,1.00,1.00
2014.02.04 09:00:19.003,1.50112,1.50131,1.00,2.07
2014.02.04 09:00:19.307,1.50112,1.50127,1.00,1.00
2014.02.04 09:00:19.359,1.50109,1.50127,1.20,1.00
2014.02.04 09:00:19.664,1.50107,1.50127,1.00,1.10
2014.02.04 09:00:19.816,1.50109,1.50129,1.10,1.20
2014.02.04 09:00:20.126,1.5011,1.50131,1.15,1.50
2014.02.04 09:00:20.651,1.50111,1.50131,1.00,1.58
2014.02.04 09:00:21.121,1.5011,1.50131,1.15,1.00
2014.02.04 09:00:21.778,1.50112,1.50134,1.15,3.15
2014.02.04 09:00:21.930,1.50112,1.50134,1.15,2.25
2014.02.04 09:00:22.610,1.50111,1.50131,1.58,1.00
2014.02.04 09:00:23.186,1.50111,1.50135,3.75,2.33
2014.02.04 09:00:23.696,1.50112,1.50135,1.58,1.00
2014.02.04 09:00:24.411,1.50111,1.50135,3.08,1.58
2014.02.04 09:00:24.956,1.50111,1.50133,3.08,1.00
2014.02.04 09:00:25.501,1.50111,1.50132,2.33,1.00
2014.02.04 09:00:26.185,1.50112,1.50135,1.58,1.32
2014.02.04 09:00:26.717,1.50114,1.50136,1.15,1.43
2014.02.04 09:00:27.594,1.50114,1.50136,1.58,1.35
2014.02.04 09:00:27.902,1.50112,1.50133,4.50,1.00
2014.02.04 09:00:29.145,1.50112,1.50132,4.50,1.00
2014.02.04 09:00:29.675,1.50113,1.50134,1.83,1.00
2014.02.04 09:00:31.088,1.50113,1.50135,1.83,1.58
2014.02.04 09:00:31.801,1.50118,1.50136,1.10,1.30
2014.02.04 09:00:32.004,1.50121,1.50137,1.00,1.00
2014.02.04 09:00:32.055,1.50121,1.50141,1.00,1.70
2014.02.04 09:00:32.309,1.5012,1.50137,1.00,1.00
2014.02.04 09:00:32.815,1.50114,1.50137,3.00,1.50
2014.02.04 09:00:33.134,1.50114,1.50135,3.00,1.00
2014.02.04 09:00:33.286,1.50114,1.50135,2.40,1.00
2014.02.04 09:00:33.539,1.50114,1.50135,1.65,1.08
2014.02.04 09:00:34.049,1.50114,1.50135,1.58,1.18
2014.02.04 09:00:35.610,1.50111,1.50134,1.65,1.08
2014.02.04 09:00:35.712,1.50111,1.50134,1.65,1.58
2014.02.04 09:00:35.915,1.50111,1.50132,1.65,1.00
2014.02.04 09:00:36.270,1.50111,1.5013,1.65,1.00
2014.02.04 09:00:36.676,1.5011,1.50129,1.08,1.00
2014.02.04 09:00:37.545,1.5011,1.50129,1.08,1.00
2014.02.04 09:00:37.827,1.5011,1.50132,1.15,2.18
2014.02.04 09:00:38.030,1.5011,1.50132,2.25,2.10
2014.02.04 09:00:38.553,1.50112,1.50133,1.58,2.25
2014.02.04 09:00:39.600,1.50112,1.50132,1.58,1.00
2014.02.04 09:00:39.954,1.50112,1.50132,1.15,1.50
2014.02.04 09:00:40.055,1.50112,1.50132,1.20,1.50
2014.02.04 09:00:40.106,1.50112,1.50129,1.10,1.00
2014.02.04 09:00:40.410,1.50107,1.50124,1.08,1.00
2014.02.04 09:00:40.461,1.50105,1.50122,1.53,1.00
2014.02.04 09:00:40.614,1.50103,1.50122,1.15,1.50
2014.02.04 09:00:40.868,1.50103,1.50124,1.15,1.00
2014.02.04 09:00:40.969,1.50104,1.50125,1.08,1.00
2014.02.04 09:00:41.071,1.50103,1.50126,1.35,1.00
2014.02.04 09:00:41.413,1.50103,1.50126,1.18,2.25
2014.02.04 09:00:41.463,1.501,1.50126,1.15,2.33
2014.02.04 09:00:41.514,1.50102,1.50127,1.08,2.25
2014.02.04 09:00:41.565,1.50102,1.50127,1.50,1.50
2014.02.04 09:00:41.616,1.50102,1.50125,2.25,1.32
2014.02.04 09:00:41.868,1.50099,1.50123,2.33,1.58
2014.02.04 09:00:42.225,1.50099,1.5012,1.58,1.00
2014.02.04 09:00:43.058,1.50099,1.50122,1.58,1.00
2014.02.04 09:00:43.261,1.50098,1.50122,1.65,1.15
2014.02.04 09:00:44.157,1.501,1.50123,1.00,1.15
2014.02.04 09:00:45.757,1.501,1.50122,1.00,2.25
2014.02.04 09:00:46.060,1.50094,1.50114,1.43,1.00
2014.02.04 09:00:46.468,1.50092,1.50111,1.15,1.00
2014.02.04 09:00:48.140,1.50091,1.50113,2.33,1.00
2014.02.04 09:00:48.294,1.50091,1.50113,1.15,1.10
2014.02.04 09:00:48.345,1.50091,1.50111,1.18,1.00
2014.02.04 09:00:49.141,1.50091,1.50109,1.18,1.00
2014.02.04 09:00:49.293,1.50091,1.50112,1.18,1.00
2014.02.04 09:00:49.893,1.50091,1.50113,1.18,1.10
2014.02.04 09:00:49.944,1.50091,1.50111,1.18,1.00
2014.02.04 09:00:50.506,1.50091,1.50112,1.65,1.00
2014.02.04 09:00:50.838,1.50091,1.5011,1.18,1.00
2014.02.04 09:00:51.557,1.50091,1.50112,1.65,1.00
2014.02.04 09:00:51.811,1.50093,1.50112,1.18,1.00
2014.02.04 09:00:52.014,1.50097,1.50118,1.00,1.95
2014.02.04 09:00:52.116,1.50098,1.50118,1.00,1.10
2014.02.04 09:00:52.571,1.50099,1.50119,1.18,1.00
2014.02.04 09:00:52.876,1.50098,1.50115,1.15,1.00
2014.02.04 09:00:52.927,1.50098,1.50118,1.15,1.00
2014.02.04 09:00:53.029,1.50103,1.50123,1.00,3.38
2014.02.04 09:00:53.130,1.50103,1.50122,1.65,1.00
2014.02.04 09:00:53.282,1.50105,1.50126,1.10,1.88
2014.02.04 09:00:53.333,1.50108,1.50126,1.00,1.00
2014.02.04 09:00:53.636,1.50108,1.50128,1.00,1.10
2014.02.04 09:00:53.890,1.50112,1.50132,1.00,1.20
2014.02.04 09:00:54.395,1.50112,1.50134,1.08,2.03
2014.02.04 09:00:55.229,1.5011,1.50133,1.00,1.65
2014.02.04 09:00:55.331,1.5011,1.50133,1.15,1.65
2014.02.04 09:00:55.866,1.50108,1.50131,2.40,1.10
2014.02.04 09:00:56.326,1.50108,1.50131,1.00,1.65
2014.02.04 09:00:56.630,1.50107,1.50125,1.00,1.00
2014.02.04 09:00:57.147,1.50104,1.50125,1.15,1.00
2014.02.04 09:00:57.357,1.50106,1.50128,1.10,1.65
2014.02.04 09:00:57.408,1.50106,1.50128,1.00,2.33
2014.02.04 09:00:57.510,1.50106,1.50128,1.08,1.58
2014.02.04 09:00:57.717,1.50105,1.50128,1.20,1.65
2014.02.04 09:00:58.071,1.50105,1.50126,1.00,1.18
2014.02.04 09:00:58.747,1.50104,1.50125,1.10,1.58
2014.02.04 09:00:59.358,1.50104,1.50125,1.00,1.15
2014.02.04 09:00:59.766,1.50104,1.50125,1.00,1.20
2014.02.04 09:01:00.266,1.50104,1.50124,1.00,1.08
2014.02.04 09:01:00.367,1.50102,1.50124,1.10,1.18
2014.02.04 09:01:00.570,1.50102,1.50124,1.50,1.18
2014.02.04 09:01:00.874,1.50101,1.50117,1.18,1.00
2014.02.04 09:01:01.027,1.50101,1.50119,1.18,1.00
2014.02.04 09:01:03.092,1.50101,1.50119,1.18,1.00
2014.02.04 09:01:03.193,1.50101,1.50119,1.15,1.00
2014.02.04 09:01:03.779,1.50101,1.50117,1.15,1.00
2014.02.04 09:01:04.751,1.50101,1.50117,1.20,1.00
2014.02.04 09:01:05.281,1.50098,1.50117,1.15,1.00
2014.02.04 09:01:05.433,1.50098,1.5012,1.15,1.00
2014.02.04 09:01:05.787,1.50102,1.5012,1.00,1.00
2014.02.04 09:01:06.094,1.50098,1.50118,1.15,1.00
2014.02.04 09:01:06.420,1.50098,1.50118,2.25,1.00
2014.02.04 09:01:06.723,1.50097,1.50115,1.18,1.00
2014.02.04 09:01:06.774,1.50096,1.50115,1.15,1.00
2014.02.04 09:01:06.926,1.50094,1.50112,1.08,1.00
2014.02.04 09:01:06.977,1.50092,1.50112,1.10,1.00
2014.02.04 09:01:07.078,1.50092,1.50108,1.10,1.00
2014.02.04 09:01:07.483,1.50088,1.50108,1.15,1.00
2014.02.04 09:01:08.800,1.50088,1.50108,1.15,1.00
2014.02.04 09:01:12.930,1.50088,1.50108,1.58,1.00
2014.02.04 09:01:13.234,1.5009,1.50112,3.00,1.00
2014.02.04 09:01:13.539,1.5009,1.50109,2.25,1.00
2014.02.04 09:01:13.747,1.5009,1.50109,1.15,1.00
2014.02.04 09:01:13.798,1.5009,1.50107,1.15,1.00
2014.02.04 09:01:14.676,1.5009,1.50107,1.15,1.00
2014.02.04 09:01:14.929,1.50088,1.50107,1.15,1.00
2014.02.04 09:01:15.582,1.50088,1.50107,1.15,1.00
2014.02.04 09:01:15.683,1.50088,1.5011,1.15,1.00
2014.02.04 09:01:15.886,1.50088,1.50107,1.15,1.00
2014.02.04 09:01:17.439,1.50088,1.50108,1.15,1.00
2014.02.04 09:01:17.758,1.50094,1.50115,1.10,2.25
2014.02.04 09:01:17.810,1.50094,1.50115,1.10,1.50
2014.02.04 09:01:18.215,1.50096,1.50118,1.18,1.58
2014.02.04 09:01:18.368,1.50096,1.50118,1.20,1.58
2014.02.04 09:01:18.995,1.50095,1.50115,1.18,1.00
2014.02.04 09:01:19.299,1.50094,1.50113,1.65,1.00
2014.02.04 09:01:19.452,1.50097,1.50116,1.00,1.10
2014.02.04 09:01:21.714,1.50101,1.50116,1.00,1.10
2014.02.04 09:01:22.018,1.50099,1.50116,1.20,1.00
2014.02.04 09:01:22.542,1.50098,1.50116,1.00,1.00
2014.02.04 09:01:23.043,1.501,1.50116,1.00,1.00
2014.02.04 09:01:23.145,1.50096,1.50114,1.18,1.00
2014.02.04 09:01:23.298,1.50095,1.5011,1.08,1.00
2014.02.04 09:01:23.501,1.50092,1.5011,1.15,1.00
2014.02.04 09:01:25.302,1.50092,1.50113,1.58,1.08
2014.02.04 09:01:26.007,1.50094,1.50114,1.00,1.18
2014.02.04 09:01:26.059,1.50094,1.50115,1.65,1.50
2014.02.04 09:01:26.211,1.50098,1.50117,1.00,1.00
2014.02.04 09:01:26.515,1.50094,1.50113,1.50,1.00
2014.02.04 09:01:27.183,1.50094,1.50115,1.50,1.50
2014.02.04 09:01:27.335,1.50099,1.50116,1.10,1.00
2014.02.04 09:01:27.639,1.50099,1.50117,1.15,1.00
2014.02.04 09:01:28.160,1.50099,1.50117,1.15,1.00
2014.02.04 09:01:28.723,1.50099,1.50118,1.18,1.00
2014.02.04 09:01:29.267,1.50099,1.50119,1.18,1.50
2014.02.04 09:01:29.633,1.50103,1.50119,1.58,1.00
2014.02.04 09:01:29.736,1.50106,1.50124,1.08,1.00
2014.02.04 09:01:30.238,1.50106,1.50124,1.15,1.00
2014.02.04 09:01:30.441,1.50113,1.5013,1.00,1.65
2014.02.04 09:01:30.543,1.5011,1.50131,1.18,1.00
2014.02.04 09:01:32.483,1.5011,1.5013,1.18,1.00
2014.02.04 09:01:33.011,1.5011,1.50131,1.18,1.50
2014.02.04 09:01:37.667,1.50111,1.50132,1.08,1.10
2014.02.04 09:01:37.768,1.50111,1.50132,2.33,1.50
2014.02.04 09:01:37.870,1.50111,1.50132,1.65,1.50
2014.02.04 09:01:37.971,1.50111,1.5013,1.65,1.00
2014.02.04 09:01:39.938,1.50111,1.50131,1.65,1.00
2014.02.04 09:01:42.347,1.50111,1.50129,1.65,1.00
2014.02.04 09:01:42.894,1.50111,1.5013,1.65,1.00
2014.02.04 09:01:44.179,1.50111,1.50132,2.40,2.40
2014.02.04 09:01:45.318,1.50111,1.5013,1.65,1.00
2014.02.04 09:01:45.622,1.50108,1.50127,2.25,1.10
2014.02.04 09:01:46.161,1.50108,1.50127,1.00,1.18
2014.02.04 09:01:46.464,1.50108,1.50127,1.15,1.00
2014.02.04 09:01:53.206,1.50108,1.50125,1.20,1.00
2014.02.04 09:01:53.730,1.50108,1.50126,1.20,1.00
2014.02.04 09:01:55.308,1.50111,1.50126,1.00,1.00
2014.02.04 09:01:55.733,1.50112,1.50129,1.10,1.00
2014.02.04 09:01:56.263,1.50111,1.50129,1.10,1.00
2014.02.04 09:01:56.788,1.50109,1.5013,2.40,1.00
2014.02.04 09:01:57.351,1.50112,1.50129,1.50,1.00
2014.02.04 09:01:57.859,1.50112,1.50131,1.00,1.00
2014.02.04 09:01:57.910,1.50112,1.50133,1.39,2.33
2014.02.04 09:01:57.961,1.50114,1.50133,1.00,1.50
2014.02.04 09:01:58.163,1.50116,1.50136,1.10,1.50
2014.02.04 09:01:58.714,1.50116,1.50136,1.65,1.50
2014.02.04 09:01:59.441,1.50117,1.50136,1.67,1.50
2014.02.04 09:01:59.744,1.50121,1.50137,1.00,1.00
2014.02.04 09:01:59.795,1.50118,1.50137,1.18,1.00
2014.02.04 09:02:01.056,1.50118,1.50136,1.18,1.00
2014.02.04 09:02:01.259,1.50116,1.50136,1.00,1.10
2014.02.04 09:02:01.310,1.50116,1.50134,1.00,1.08
2014.02.04 09:02:01.833,1.50116,1.50134,1.00,1.00
2014.02.04 09:02:02.036,1.50116,1.50137,1.08,1.58
2014.02.04 09:02:02.318,1.50114,1.50132,1.65,1.00
2014.02.04 09:02:02.571,1.5011,1.50126,1.00,1.10
2014.02.04 09:02:02.622,1.50109,1.50124,1.00,1.00
2014.02.04 09:02:02.673,1.50105,1.50124,1.18,2.25
2014.02.04 09:02:03.303,1.50103,1.50124,2.40,2.33
2014.02.04 09:02:04.215,1.50106,1.50125,1.00,1.18
2014.02.04 09:02:04.726,1.50106,1.50125,1.08,1.00
2014.02.04 09:02:08.338,1.50103,1.50124,2.33,1.50
2014.02.04 09:02:09.458,1.50103,1.50122,2.33,1.00
2014.02.04 09:02:09.778,1.50103,1.50122,1.00,1.00
2014.02.04 09:02:10.285,1.50103,1.50122,1.18,1.00
2014.02.04 09:02:10.537,1.50103,1.50124,1.18,1.58
2014.02.04 09:02:10.690,1.50103,1.50119,1.18,1.00
2014.02.04 09:02:11.111,1.501,1.50115,1.95,1.00
2014.02.04 09:02:11.415,1.50097,1.50115,1.50,1.50
2014.02.04 09:02:11.467,1.50097,1.50112,1.00,1.00
2014.02.04 09:02:11.568,1.50094,1.50112,1.45,2.18
2014.02.04 09:02:11.670,1.50089,1.50106,1.60,1.00
2014.02.04 09:02:11.721,1.50089,1.50106,1.00,1.58
2014.02.04 09:02:11.772,1.50085,1.50106,2.93,1.58
2014.02.04 09:02:12.851,1.50085,1.50104,1.50,1.15
2014.02.04 09:02:13.056,1.50082,1.50102,1.00,1.00
2014.02.04 09:02:14.146,1.50081,1.501,2.40,1.00
2014.02.04 09:02:14.450,1.50078,1.50095,1.05,1.20
2014.02.04 09:02:14.721,1.50076,1.50095,1.00,1.00
2014.02.04 09:02:14.772,1.50078,1.50096,1.50,1.50
2014.02.04 09:02:15.177,1.50075,1.50094,1.38,1.00
2014.02.04 09:02:15.765,1.50078,1.50095,1.50,1.50
2014.02.04 09:02:15.867,1.50075,1.50095,1.65,1.00
2014.02.04 09:02:16.388,1.50075,1.50094,1.50,1.10
2014.02.04 09:02:16.440,1.50075,1.50094,1.88,1.08
2014.02.04 09:02:16.773,1.50072,1.50091,1.38,1.15
2014.02.04 09:02:17.301,1.50073,1.50094,1.38,1.58
2014.02.04 09:02:17.404,1.50078,1.50096,1.13,1.65
2014.02.04 09:02:17.506,1.50077,1.50096,1.38,1.58
2014.02.04 09:02:17.710,1.50074,1.50093,1.48,1.00
2014.02.04 09:02:27.935,1.50078,1.50097,1.13,1.00
2014.02.04 09:02:28.138,1.5008,1.50097,1.00,1.00
2014.02.04 09:02:30.814,1.50081,1.50097,1.00,1.00
2014.02.04 09:02:31.467,1.50079,1.50097,1.08,1.00
2014.02.04 09:02:33.261,1.50077,1.50096,1.15,1.00
2014.02.04 09:02:33.686,1.50077,1.50096,1.15,1.00
2014.02.04 09:02:37.043,1.50077,1.50096,1.10,1.10
2014.02.04 09:02:38.755,1.50076,1.50095,1.50,1.00
2014.02.04 09:02:39.289,1.50076,1.50095,1.00,1.08
2014.02.04 09:02:45.479,1.50076,1.50095,2.07,1.10
2014.02.04 09:02:47.109,1.50082,1.50095,1.00,1.00
2014.02.04 09:02:47.438,1.50085,1.501,1.00,1.00
2014.02.04 09:02:47.491,1.50088,1.50102,1.00,1.10
2014.02.04 09:02:47.997,1.50088,1.50103,1.00,1.00
2014.02.04 09:02:48.213,1.50088,1.50105,1.00,2.25
2014.02.04 09:02:48.314,1.50085,1.50105,1.10,1.10
2014.02.04 09:02:48.825,1.50085,1.50104,1.00,1.00
2014.02.04 09:02:49.472,1.50086,1.50105,1.32,1.00
2014.02.04 09:02:52.849,1.50084,1.50105,2.14,1.58
2014.02.04 09:02:53.336,1.50087,1.50105,1.00,1.10
2014.02.04 09:02:55.411,1.50087,1.50105,1.57,1.00
2014.02.04 09:02:55.462,1.50088,1.50107,1.67,1.00
2014.02.04 09:02:55.514,1.50088,1.50109,1.67,1.10
2014.02.04 09:02:55.566,1.50097,1.50109,1.00,1.00
2014.02.04 09:02:55.719,1.50097,1.50113,1.57,1.65
2014.02.04 09:02:55.770,1.50097,1.50113,1.57,1.50
2014.02.04 09:02:56.924,1.50097,1.50113,1.32,1.50
2014.02.04 09:02:57.571,1.50096,1.50113,1.50,1.50
2014.02.04 09:02:57.673,1.50097,1.50115,1.00,1.50
2014.02.04 09:02:59.981,1.50095,1.50115,1.00,1.50
2014.02.04 09:03:00.539,1.50095,1.50114,1.00,1.00
2014.02.04 09:03:03.156,1.50094,1.50108,1.20,1.00
2014.02.04 09:03:03.258,1.5009,1.50108,1.00,1.50
2014.02.04 09:03:03.359,1.50086,1.50104,1.00,1.10
2014.02.04 09:03:03.713,1.50087,1.50105,2.33,1.00
2014.02.04 09:03:03.814,1.50086,1.50104,1.00,1.00
2014.02.04 09:03:04.335,1.50086,1.50103,1.00,1.00
2014.02.04 09:03:04.856,1.50086,1.50104,1.00,1.50
2014.02.04 09:03:05.877,1.50084,1.50102,1.18,1.00
2014.02.04 09:03:06.181,1.50081,1.50099,1.15,1.00
2014.02.04 09:03:07.317,1.50081,1.50097,1.15,1.00
2014.02.04 09:03:07.425,1.50081,1.50097,1.20,1.00
2014.02.04 09:03:07.853,1.50081,1.50099,1.20,1.00
2014.02.04 09:03:08.186,1.50081,1.50096,1.20,1.00
2014.02.04 09:03:08.845,1.50081,1.50098,1.20,1.00
2014.02.04 09:03:09.830,1.50079,1.50098,1.18,1.50
2014.02.04 09:03:10.516,1.50078,1.50097,1.15,1.00
2014.02.04 09:03:11.154,1.50078,1.50098,1.15,1.50
2014.02.04 09:03:11.407,1.50077,1.50095,1.08,1.00
2014.02.04 09:03:11.458,1.50077,1.50095,1.00,1.00
2014.02.04 09:03:11.583,1.50077,1.50092,1.00,1.00
2014.02.04 09:03:11.736,1.50078,1.50097,1.00,1.58
2014.02.04 09:03:11.787,1.50078,1.50097,1.00,1.58
2014.02.04 09:03:11.838,1.50076,1.50095,1.15,1.00
2014.02.04 09:03:12.396,1.50076,1.50095,1.08,1.00
2014.02.04 09:03:12.912,1.50075,1.50094,2.40,1.00
2014.02.04 09:03:13.390,1.50075,1.50091,1.18,1.00
2014.02.04 09:03:13.643,1.5007,1.50088,1.00,1.00
2014.02.04 09:03:13.795,1.50076,1.50088,1.00,1.18
2014.02.04 09:03:14.099,1.50075,1.50094,1.00,1.08
2014.02.04 09:03:14.302,1.50075,1.50096,2.33,2.33
2014.02.04 09:03:14.656,1.50075,1.50093,1.58,1.00
2014.02.04 09:03:15.904,1.50077,1.50093,1.00,1.00
2014.02.04 09:03:16.160,1.50078,1.50097,1.08,1.00
2014.02.04 09:03:20.120,1.50078,1.50097,1.00,1.58
2014.02.04 09:03:20.834,1.50078,1.50097,1.10,1.50
2014.02.04 09:03:21.091,1.50083,1.50097,1.00,1.00
2014.02.04 09:03:21.192,1.50083,1.501,1.00,1.00
2014.02.04 09:03:21.702,1.50083,1.50102,1.08,1.88
2014.02.04 09:03:23.776,1.50084,1.50102,1.10,3.98
2014.02.04 09:03:24.087,1.50077,1.50093,1.20,1.50
2014.02.04 09:03:24.138,1.50085,1.50095,1.00,1.50
2014.02.04 09:03:24.240,1.50085,1.50097,1.00,1.00
2014.02.04 09:03:24.341,1.50085,1.50101,1.00,1.20
2014.02.04 09:03:24.847,1.50086,1.50103,1.00,1.08
2014.02.04 09:03:25.481,1.50084,1.50103,1.15,1.00
2014.02.04 09:03:27.078,1.50084,1.50099,1.15,1.35
2014.02.04 09:03:27.281,1.50079,1.50093,1.13,1.00
2014.02.04 09:03:27.331,1.50087,1.50093,1.00,1.00
2014.02.04 09:03:27.383,1.50087,1.50095,1.00,1.00
2014.02.04 09:03:27.434,1.50087,1.50097,1.00,1.10
2014.02.04 09:03:27.485,1.50087,1.50099,1.00,1.00
2014.02.04 09:03:27.536,1.50087,1.50102,1.00,1.50
2014.02.04 09:03:27.994,1.50085,1.50102,1.00,1.50
2014.02.04 09:03:28.426,1.50087,1.50102,1.00,1.50
2014.02.04 09:03:31.510,1.50087,1.50103,1.00,1.00
2014.02.04 09:03:33.623,1.50082,1.50102,1.15,1.00
2014.02.04 09:03:34.154,1.50083,1.50103,1.15,1.00
2014.02.04 09:03:34.705,1.50085,1.50103,1.00,1.00
2014.02.04 09:03:35.219,1.50082,1.50103,1.65,1.00
2014.02.04 09:03:40.633,1.50082,1.50101,1.15,1.00
2014.02.04 09:03:42.184,1.50085,1.50101,2.25,1.00
2014.02.04 09:03:42.387,1.50095,1.50108,1.00,2.25
2014.02.04 09:03:42.488,1.50097,1.50111,1.50,1.55
2014.02.04 09:03:42.691,1.50099,1.50117,1.83,1.00
2014.02.04 09:03:43.045,1.50102,1.50121,1.65,1.00
2014.02.04 09:03:45.251,1.50102,1.50121,1.10,1.00
2014.02.04 09:03:46.337,1.50102,1.50118,1.10,1.00
2014.02.04 09:03:46.649,1.50102,1.50107,1.00,1.00
2014.02.04 09:03:46.700,1.50093,1.50107,1.00,1.50
2014.02.04 09:03:46.851,1.50096,1.50107,1.00,1.50
2014.02.04 09:03:47.003,1.50101,1.50115,1.00,1.08
2014.02.04 09:03:47.105,1.50097,1.50115,1.50,1.10
2014.02.04 09:03:47.641,1.50096,1.50115,1.00,1.58
2014.02.04 09:03:48.424,1.50094,1.50111,1.00,1.00
2014.02.04 09:03:48.930,1.50093,1.5011,1.00,1.00
2014.02.04 09:03:50.837,1.50091,1.50109,1.08,1.00
2014.02.04 09:03:50.939,1.50089,1.50108,2.03,1.00
2014.02.04 09:03:51.242,1.5009,1.50111,2.33,2.25
2014.02.04 09:03:52.335,1.5009,1.50111,1.65,2.25
2014.02.04 09:03:52.885,1.5009,1.50111,1.65,1.50
2014.02.04 09:03:53.315,1.50095,1.50112,1.00,1.15
2014.02.04 09:03:53.569,1.50103,1.50121,1.18,1.00
2014.02.04 09:03:54.219,1.50104,1.50121,1.65,1.00
2014.02.04 09:03:54.371,1.50104,1.50124,1.65,1.00
2014.02.04 09:03:54.726,1.50104,1.50124,1.58,1.00
2014.02.04 09:03:55.348,1.50104,1.50123,1.10,1.00
2014.02.04 09:03:55.913,1.50102,1.50123,1.65,1.58
2014.02.04 09:03:56.433,1.50102,1.50122,1.65,1.00
2014.02.04 09:03:57.056,1.50102,1.50122,1.65,1.00
2014.02.04 09:04:01.307,1.50102,1.50122,2.33,1.00
2014.02.04 09:04:01.840,1.50106,1.50122,1.15,1.00
2014.02.04 09:04:03.172,1.50106,1.50124,1.15,1.00
2014.02.04 09:04:06.554,1.50106,1.50123,1.24,1.00
2014.02.04 09:04:07.129,1.50106,1.50123,1.19,1.00
2014.02.04 09:04:07.643,1.50106,1.50124,1.19,1.00
2014.02.04 09:04:11.178,1.50106,1.50124,1.17,1.00
2014.02.04 09:04:12.385,1.50106,1.50121,1.64,1.00
2014.02.04 09:04:12.857,1.50106,1.50124,1.64,1.00
2014.02.04 09:04:13.415,1.50106,1.50123,1.64,1.00
2014.02.04 09:04:13.938,1.50106,1.50123,1.58,1.00
2014.02.04 09:04:14.447,1.50105,1.50124,1.00,2.40
2014.02.04 09:04:14.957,1.50105,1.50124,1.10,2.25
2014.02.04 09:04:18.172,1.50103,1.50123,1.72,1.00
2014.02.04 09:04:18.473,1.50103,1.50125,1.72,1.10
2014.02.04 09:04:18.828,1.50105,1.50127,1.74,1.08
2014.02.04 09:04:18.879,1.50105,1.50127,1.72,1.00
2014.02.04 09:04:20.685,1.50109,1.5013,1.00,1.15
2014.02.04 09:04:21.211,1.50112,1.5013,1.57,1.00
2014.02.04 09:04:21.312,1.50112,1.50133,2.14,1.95
2014.02.04 09:04:21.363,1.50112,1.50133,2.22,1.88
2014.02.04 09:04:21.464,1.50112,1.50131,1.67,1.00
2014.02.04 09:04:21.969,1.50112,1.50131,1.39,1.00
2014.02.04 09:04:22.475,1.50109,1.5013,2.22,1.00
2014.02.04 09:04:23.017,1.50109,1.50129,1.72,1.00
2014.02.04 09:04:23.544,1.50109,1.50131,2.14,1.00
2014.02.04 09:04:23.797,1.50112,1.50135,1.74,1.08
2014.02.04 09:04:24.099,1.50112,1.50135,2.14,1.00
2014.02.04 09:04:24.619,1.50113,1.50136,1.72,1.50
2014.02.04 09:04:24.924,1.50111,1.5013,1.58,1.00
2014.02.04 09:04:25.278,1.50111,1.5013,1.15,1.00
2014.02.04 09:04:26.400,1.50111,1.50132,1.15,1.00
2014.02.04 09:04:27.946,1.50109,1.50131,2.33,1.00
2014.02.04 09:04:28.048,1.50109,1.50127,1.15,1.00
2014.02.04 09:04:28.645,1.50111,1.50127,1.20,1.00
2014.02.04 09:04:30.374,1.50108,1.50127,1.47,1.00
2014.02.04 09:04:30.925,1.50108,1.50126,1.18,1.00
2014.02.04 09:04:31.127,1.50108,1.50124,1.00,1.00
2014.02.04 09:04:31.662,1.50106,1.50124,2.97,1.00
2014.02.04 09:04:32.271,1.50106,1.50123,2.97,1.00
2014.02.04 09:04:32.812,1.50106,1.50124,2.40,1.00
2014.02.04 09:04:34.533,1.50106,1.50123,1.65,1.00
2014.02.04 09:04:37.331,1.50106,1.50127,1.65,1.00
2014.02.04 09:04:37.641,1.50106,1.50124,2.22,1.00
2014.02.04 09:04:38.332,1.50106,1.50124,2.89,1.00
2014.02.04 09:04:38.435,1.50108,1.50127,1.65,1.00
2014.02.04 09:04:38.972,1.50108,1.50127,2.22,1.00
2014.02.04 09:04:39.073,1.50108,1.50127,2.14,1.00
2014.02.04 09:04:39.381,1.50107,1.50127,1.10,1.00
2014.02.04 09:04:39.533,1.50107,1.50124,1.00,1.00
2014.02.04 09:04:40.208,1.50106,1.50124,1.65,1.00
2014.02.04 09:04:42.222,1.50106,1.50122,1.00,1.00
2014.02.04 09:04:42.527,1.50105,1.50124,1.00,1.00
2014.02.04 09:04:44.833,1.50105,1.50124,1.57,1.00
2014.02.04 09:04:45.621,1.50104,1.50121,2.22,1.00
2014.02.04 09:04:45.851,1.50104,1.50121,1.65,1.00
2014.02.04 09:04:48.120,1.50106,1.50121,1.00,1.00
2014.02.04 09:04:48.171,1.50108,1.50127,1.00,1.08
2014.02.04 09:04:48.874,1.50108,1.50127,1.18,1.00
2014.02.04 09:04:49.584,1.50106,1.50125,2.97,1.00
2014.02.04 09:04:50.538,1.50107,1.50125,2.63,1.00
2014.02.04 09:04:50.691,1.50108,1.50128,1.39,1.00
2014.02.04 09:04:51.249,1.50109,1.50129,1.65,1.00
2014.02.04 09:04:52.325,1.50109,1.5013,2.97,1.00
2014.02.04 09:04:55.064,1.50109,1.50126,2.22,1.00
2014.02.04 09:04:55.601,1.50109,1.50125,2.22,1.00
2014.02.04 09:04:56.413,1.50109,1.50121,1.65,1.00
2014.02.04 09:04:56.566,1.50107,1.50121,1.65,1.00
2014.02.04 09:04:56.869,1.50107,1.50123,1.50,1.00
2014.02.04 09:04:58.047,1.50107,1.50122,1.50,1.00
2014.02.04 09:04:58.592,1.50107,1.50124,1.50,1.00
2014.02.04 09:04:58.744,1.50109,1.50124,1.00,1.00
2014.02.04 09:04:59.048,1.50111,1.50127,1.08,1.00
2014.02.04 09:05:00.566,1.50111,1.50125,1.18,1.00
2014.02.04 09:05:01.157,1.50111,1.50126,1.18,1.00
2014.02.04 09:05:01.493,1.50111,1.50128,1.18,1.00
2014.02.04 09:05:02.051,1.50111,1.50128,1.00,1.00
2014.02.04 09:05:02.307,1.50113,1.50128,1.00,1.00
2014.02.04 09:05:02.561,1.50115,1.50131,1.00,1.00
2014.02.04 09:05:02.814,1.50119,1.50131,1.00,1.00
2014.02.04 09:05:02.915,1.50119,1.50134,1.00,1.50
2014.02.04 09:05:04.121,1.50119,1.50137,1.50,1.00
2014.02.04 09:05:04.388,1.50121,1.50138,1.50,1.00
2014.02.04 09:05:04.696,1.50119,1.50138,2.25,1.18
2014.02.04 09:05:04.747,1.50119,1.50134,1.50,1.00
2014.02.04 09:05:06.353,1.50118,1.50134,1.00,1.00
2014.02.04 09:05:06.657,1.50118,1.50131,1.00,1.00
2014.02.04 09:05:07.214,1.50117,1.5013,1.00,1.00
2014.02.04 09:05:07.740,1.50115,1.50129,1.18,1.00
2014.02.04 09:05:08.153,1.50115,1.50131,1.18,1.00
2014.02.04 09:05:08.662,1.50119,1.50131,1.00,1.00
2014.02.04 09:05:08.916,1.5012,1.50135,1.10,1.00
2014.02.04 09:05:09.017,1.5012,1.50138,1.10,1.50
2014.02.04 09:05:09.069,1.50122,1.50138,1.00,1.00
2014.02.04 09:05:09.449,1.5012,1.50137,1.58,1.00
2014.02.04 09:05:09.551,1.50119,1.50134,1.00,1.00
2014.02.04 09:05:09.602,1.50116,1.50134,1.20,1.00
2014.02.04 09:05:10.008,1.50116,1.50131,1.00,1.00
2014.02.04 09:05:10.863,1.50116,1.50132,1.00,1.00
2014.02.04 09:05:11.167,1.50119,1.50132,1.00,1.00
2014.02.04 09:05:11.218,1.50119,1.50137,1.00,1.00
2014.02.04 09:05:11.422,1.50121,1.50137,1.00,1.00
2014.02.04 09:05:12.032,1.50121,1.50136,1.50,1.00
2014.02.04 09:05:12.387,1.50123,1.50136,1.50,1.00
2014.02.04 09:05:12.438,1.50123,1.50141,1.50,1.00
2014.02.04 09:05:12.893,1.50123,1.50139,1.58,1.00
2014.02.04 09:05:13.420,1.50123,1.50138,1.50,1.00
2014.02.04 09:05:14.063,1.50123,1.50133,1.00,1.00
2014.02.04 09:05:15.784,1.50122,1.50133,1.50,1.00
2014.02.04 09:05:15.936,1.50118,1.50133,1.50,1.00
2014.02.04 09:05:16.037,1.50118,1.50129,1.50,1.00
2014.02.04 09:05:16.349,1.50115,1.50126,1.15,1.00
2014.02.04 09:05:17.153,1.50115,1.50127,1.15,1.00
2014.02.04 09:05:17.255,1.50109,1.50127,1.00,1.00
2014.02.04 09:05:17.306,1.50107,1.50127,1.10,1.08
2014.02.04 09:05:17.970,1.50101,1.50127,1.28,1.85
2014.02.04 09:05:18.021,1.501,1.50127,3.23,2.25
2014.02.04 09:05:20.136,1.50115,1.50127,1.00,2.25
2014.02.04 09:05:20.187,1.50115,1.50127,1.00,1.50
2014.02.04 09:05:20.288,1.50115,1.5013,1.50,1.00
2014.02.04 09:05:20.339,1.50115,1.50128,1.00,1.00
2014.02.04 09:05:20.440,1.50105,1.50124,1.95,1.00
2014.02.04 09:05:20.541,1.50103,1.50123,1.45,1.08
2014.02.04 09:05:20.643,1.50102,1.50123,1.29,1.15
2014.02.04 09:05:21.295,1.50102,1.50123,1.10,1.15
2014.02.04 09:05:22.003,1.50102,1.50118,1.10,1.00
2014.02.04 09:05:22.413,1.501,1.50118,1.10,1.00
2014.02.04 09:05:22.616,1.50102,1.5012,1.00,1.10
2014.02.04 09:05:22.919,1.50105,1.50125,1.00,1.18
2014.02.04 09:05:23.885,1.50102,1.50123,1.18,1.10
2014.02.04 09:05:24.553,1.50103,1.50123,2.25,1.00
2014.02.04 09:05:24.706,1.50113,1.50128,1.50,1.00
2014.02.04 09:05:24.807,1.50114,1.5013,1.00,1.00
2014.02.04 09:05:25.030,1.50111,1.50129,1.58,1.00
2014.02.04 09:05:25.778,1.50113,1.50129,1.00,1.00
2014.02.04 09:05:25.930,1.50117,1.50134,1.00,1.00
2014.02.04 09:05:26.472,1.50117,1.50135,1.58,1.00
2014.02.04 09:05:27.366,1.50119,1.50137,1.00,1.00
2014.02.04 09:05:29.575,1.5012,1.50137,1.00,1.00
2014.02.04 09:05:30.494,1.50123,1.50137,1.00,1.00
2014.02.04 09:05:30.545,1.50124,1.50141,1.00,1.18
2014.02.04 09:05:30.799,1.50121,1.5014,1.00,1.50
2014.02.04 09:05:32.674,1.5012,1.50139,1.50,1.00
2014.02.04 09:05:33.337,1.5012,1.50138,1.00,1.00
2014.02.04 09:05:33.414,1.5012,1.50136,1.00,1.00
2014.02.04 09:05:33.964,1.5012,1.50138,1.00,1.00
2014.02.04 09:05:35.082,1.50119,1.50138,1.00,1.50
2014.02.04 09:05:36.089,1.50119,1.50138,1.00,1.58
2014.02.04 09:05:36.191,1.50115,1.50131,1.58,1.00
2014.02.04 09:05:36.494,1.50109,1.50126,1.40,1.08
2014.02.04 09:05:36.545,1.50109,1.50126,1.00,1.08
2014.02.04 09:05:37.057,1.50108,1.50126,1.00,1.08
2014.02.04 09:05:37.709,1.50107,1.50126,1.00,1.08
2014.02.04 09:05:38.185,1.50109,1.50126,1.00,1.08
2014.02.04 09:05:40.783,1.50106,1.50126,1.10,1.08
2014.02.04 09:05:41.261,1.50108,1.50124,1.00,1.00
2014.02.04 09:05:41.362,1.50105,1.50124,1.08,1.00
2014.02.04 09:05:41.514,1.50105,1.50122,1.00,1.10
2014.02.04 09:05:42.145,1.50105,1.50122,1.00,1.18
2014.02.04 09:05:43.886,1.50105,1.5012,1.00,1.00
2014.02.04 09:05:44.038,1.50102,1.5012,1.25,1.00
2014.02.04 09:05:44.089,1.50102,1.50122,1.25,1.20
2014.02.04 09:05:44.191,1.50102,1.50123,1.19,1.65
2014.02.04 09:05:44.495,1.50105,1.50123,1.40,1.00
2014.02.04 09:05:44.878,1.50105,1.50128,1.84,1.10
2014.02.04 09:05:44.929,1.50105,1.50126,1.84,1.00
2014.02.04 09:05:45.030,1.50106,1.50128,1.84,2.33
2014.02.04 09:05:45.535,1.50106,1.50128,1.18,1.58
2014.02.04 09:05:48.958,1.50105,1.50128,4.02,1.00
2014.02.04 09:05:56.557,1.50105,1.50126,3.75,1.00
2014.02.04 09:05:56.607,1.50105,1.50126,2.25,1.00
2014.02.04 09:05:56.882,1.50104,1.50123,2.33,1.00
2014.02.04 09:05:57.084,1.50104,1.50125,1.65,1.00
2014.02.04 09:05:57.482,1.50104,1.50125,2.33,1.00
2014.02.04 09:05:58.065,1.50114,1.50129,1.00,1.00
2014.02.04 09:05:58.369,1.50113,1.50132,3.94,1.00
2014.02.04 09:05:58.471,1.50113,1.50134,3.94,1.00
2014.02.04 09:05:59.310,1.50114,1.50135,1.58,1.00
2014.02.04 09:05:59.980,1.50113,1.50134,4.69,1.00
2014.02.04 09:06:00.540,1.50113,1.50133,3.94,1.00
2014.02.04 09:06:01.052,1.50114,1.50133,2.25,1.00
2014.02.04 09:06:01.714,1.50114,1.50135,2.25,1.00
2014.02.04 09:06:02.822,1.50114,1.50135,1.58,1.00
2014.02.04 09:06:03.554,1.50114,1.50135,1.15,1.00
2014.02.04 09:06:05.313,1.50117,1.50137,1.10,1.88
2014.02.04 09:06:05.920,1.50118,1.50136,1.00,1.13
2014.02.04 09:06:06.222,1.50121,1.50136,1.00,1.13
2014.02.04 09:06:06.526,1.50121,1.50139,1.00,1.10
2014.02.04 09:06:07.868,1.50118,1.50139,1.58,1.58
2014.02.04 09:06:07.919,1.50118,1.50139,1.50,1.65
2014.02.04 09:06:09.863,1.50117,1.50137,1.10,1.58
2014.02.04 09:06:10.080,1.50121,1.50137,1.00,1.10
2014.02.04 09:06:10.386,1.50127,1.50149,1.10,3.15
2014.02.04 09:06:10.437,1.50127,1.50149,1.08,2.33
2014.02.04 09:06:10.539,1.50127,1.50152,1.15,1.15
2014.02.04 09:06:10.590,1.50128,1.50152,1.08,1.08
2014.02.04 09:06:11.203,1.50129,1.50152,1.15,1.00
2014.02.04 09:06:14.305,1.50129,1.50153,1.65,1.00
2014.02.04 09:06:15.126,1.50129,1.50145,1.15,1.00
2014.02.04 09:06:15.278,1.50129,1.50145,1.08,1.00
2014.02.04 09:06:15.875,1.50129,1.50143,1.08,1.00
2014.02.04 09:06:16.028,1.50127,1.50143,2.40,1.00
2014.02.04 09:06:18.622,1.50132,1.50145,1.00,1.00
2014.02.04 09:06:18.926,1.50134,1.50149,1.15,1.00
2014.02.04 09:06:18.977,1.50134,1.50157,1.58,1.08
2014.02.04 09:06:19.078,1.50135,1.50151,1.15,1.00
2014.02.04 09:06:19.281,1.50133,1.50153,1.10,1.58
2014.02.04 09:06:23.610,1.5013,1.5015,1.08,1.00
2014.02.04 09:06:23.763,1.50128,1.5015,1.10,1.10
2014.02.04 09:06:23.864,1.50128,1.50149,1.10,1.01
2014.02.04 09:06:24.214,1.50119,1.50136,1.10,1.00
2014.02.04 09:06:24.517,1.50117,1.50136,1.10,1.00
2014.02.04 09:06:27.034,1.50117,1.50136,1.10,1.60
2014.02.04 09:06:27.136,1.50117,1.50136,1.18,1.92
2014.02.04 09:06:27.288,1.50117,1.50136,1.00,2.18
2014.02.04 09:06:27.804,1.50115,1.50136,1.18,1.50
2014.02.04 09:06:28.844,1.50119,1.50136,1.00,1.00
2014.02.04 09:06:29.412,1.50119,1.50137,1.00,1.00
2014.02.04 09:06:30.496,1.50121,1.50137,1.00,1.00
2014.02.04 09:06:32.583,1.50116,1.50137,1.58,1.00
2014.02.04 09:06:33.077,1.50119,1.50139,1.00,1.18
2014.02.04 09:06:33.279,1.50119,1.5014,1.20,1.00
2014.02.04 09:06:33.937,1.50119,1.50141,1.20,1.20
2014.02.04 09:06:34.443,1.5012,1.50143,2.70,1.08
2014.02.04 09:06:34.494,1.5012,1.50143,3.45,1.10
2014.02.04 09:06:35.118,1.50123,1.50143,1.18,1.48
2014.02.04 09:06:35.371,1.50122,1.50143,2.40,1.10
2014.02.04 09:06:35.473,1.50122,1.50143,2.33,1.18
2014.02.04 09:06:38.106,1.50121,1.50141,1.18,1.00
2014.02.04 09:06:38.309,1.5012,1.50141,1.10,1.58
2014.02.04 09:06:40.234,1.50119,1.50141,1.15,1.58
2014.02.04 09:06:40.285,1.50119,1.50141,1.58,1.50
2014.02.04 09:06:41.063,1.50122,1.50142,1.08,1.10
2014.02.04 09:06:42.382,1.50124,1.50145,1.00,2.40
2014.02.04 09:06:43.582,1.50122,1.50145,1.08,2.40
2014.02.04 09:06:46.532,1.50122,1.50141,1.08,1.00
2014.02.04 09:06:47.591,1.50122,1.50139,1.08,1.00
2014.02.04 09:06:47.895,1.50119,1.50139,1.18,1.50
2014.02.04 09:06:48.250,1.50119,1.50139,1.10,1.58
2014.02.04 09:06:48.522,1.50119,1.50139,1.00,1.50
2014.02.04 09:06:53.250,1.50119,1.50139,1.50,2.07
2014.02.04 09:06:55.103,1.50119,1.50138,2.33,1.00
2014.02.04 09:06:56.710,1.5012,1.50138,1.15,1.00
2014.02.04 09:07:01.269,1.50121,1.50138,1.10,1.00
2014.02.04 09:07:02.926,1.50123,1.50138,1.00,1.00
2014.02.04 09:07:03.589,1.50119,1.50138,1.08,1.00
2014.02.04 09:07:09.455,1.50122,1.5014,1.13,1.10
2014.02.04 09:07:09.557,1.50125,1.50146,1.67,1.55
2014.02.04 09:07:09.760,1.50125,1.50146,2.14,1.38
2014.02.04 09:07:10.282,1.50125,1.50146,1.72,1.38
2014.02.04 09:07:14.181,1.50125,1.50144,1.58,1.39
2014.02.04 09:07:14.232,1.50125,1.5014,1.00,1.00
2014.02.04 09:07:14.738,1.50122,1.5014,1.18,1.00
2014.02.04 09:07:14.839,1.50122,1.50139,1.20,1.00
2014.02.04 09:07:15.884,1.5012,1.50138,1.18,1.00
2014.02.04 09:07:16.087,1.5012,1.50141,1.18,1.00
2014.02.04 09:07:21.884,1.50121,1.50141,1.00,1.08
2014.02.04 09:07:23.694,1.50119,1.5014,1.08,1.10
2014.02.04 09:07:24.228,1.50121,1.50141,1.00,1.08
2014.02.04 09:07:25.544,1.50119,1.50137,1.08,1.00
2014.02.04 09:07:28.647,1.50119,1.50138,1.08,1.00
2014.02.04 09:07:29.257,1.50119,1.50138,1.10,1.10
2014.02.04 09:07:32.800,1.50119,1.50137,1.10,1.00
2014.02.04 09:07:32.902,1.50117,1.50137,1.10,1.32
2014.02.04 09:07:33.003,1.50117,1.50136,1.00,1.08
2014.02.04 09:07:33.309,1.50115,1.50134,1.50,1.08
2014.02.04 09:07:33.878,1.50115,1.50136,1.58,1.65
2014.02.04 09:07:35.036,1.50117,1.50136,1.00,1.65
2014.02.04 09:07:35.188,1.50117,1.50136,1.00,1.58
2014.02.04 09:07:35.611,1.50115,1.50134,1.65,1.00
2014.02.04 09:07:37.891,1.50115,1.50136,1.65,2.25
2014.02.04 09:07:38.502,1.50115,1.50136,1.58,2.33
2014.02.04 09:07:40.583,1.50115,1.50135,1.10,1.10
2014.02.04 09:07:40.684,1.50115,1.50135,1.08,1.00
2014.02.04 09:07:41.756,1.50115,1.50134,1.40,1.00
2014.02.04 09:07:42.611,1.50116,1.50135,1.18,1.00
2014.02.04 09:07:44.379,1.50115,1.50134,1.40,1.00
2014.02.04 09:07:46.282,1.50115,1.50135,1.84,1.00
2014.02.04 09:07:46.984,1.50115,1.50135,1.84,1.00
2014.02.04 09:07:48.125,1.50115,1.50134,1.84,1.00
2014.02.04 09:07:49.111,1.50115,1.5013,1.65,1.00
2014.02.04 09:07:49.213,1.50112,1.5013,1.65,1.00
2014.02.04 09:07:49.722,1.50112,1.5013,1.10,1.00
2014.02.04 09:07:49.877,1.50112,1.50128,1.10,1.00
2014.02.04 09:07:53.074,1.50112,1.50124,1.10,1.00
2014.02.04 09:07:55.922,1.50112,1.50125,1.10,1.00
2014.02.04 09:07:59.150,1.50112,1.50129,1.10,1.00
2014.02.04 09:08:08.444,1.50112,1.50128,1.00,1.00
2014.02.04 09:08:08.961,1.50112,1.50127,1.00,1.00
2014.02.04 09:08:09.283,1.50112,1.50127,1.00,1.15
2014.02.04 09:08:09.591,1.50106,1.50122,1.00,1.32
2014.02.04 09:08:09.703,1.50108,1.50124,1.00,1.00
2014.02.04 09:08:09.754,1.50106,1.50121,1.19,1.00
2014.02.04 09:08:09.855,1.50109,1.50124,1.00,1.00
2014.02.04 09:08:09.956,1.50111,1.50124,1.00,1.00
2014.02.04 09:08:10.007,1.50111,1.50127,1.00,2.25
2014.02.04 09:08:10.058,1.50109,1.50127,1.58,2.25
2014.02.04 09:08:10.806,1.50109,1.50126,1.58,1.00
2014.02.04 09:08:11.329,1.50109,1.50122,1.58,1.00
2014.02.04 09:08:13.299,1.50109,1.50126,1.58,1.00
2014.02.04 09:08:17.769,1.5011,1.50126,1.00,1.00
2014.02.04 09:08:17.820,1.5011,1.50121,1.00,1.00
2014.02.04 09:08:17.972,1.50107,1.50121,1.58,1.00
2014.02.04 09:08:18.073,1.50105,1.50121,1.58,1.00
2014.02.04 09:08:18.427,1.50105,1.50121,1.15,1.00
2014.02.04 09:08:21.890,1.50104,1.5012,1.15,1.00
2014.02.04 09:08:23.327,1.50104,1.5012,1.10,1.00
2014.02.04 09:08:23.741,1.50101,1.50115,1.08,1.00
2014.02.04 09:08:23.792,1.50101,1.50115,1.00,1.00
2014.02.04 09:08:23.969,1.50101,1.50121,1.00,1.18
2014.02.04 09:08:24.481,1.501,1.5012,1.10,1.10
2014.02.04 09:08:25.523,1.501,1.50118,1.10,1.00
2014.02.04 09:08:25.902,1.501,1.50121,1.10,2.22
2014.02.04 09:08:26.105,1.50096,1.50117,1.37,1.50
2014.02.04 09:08:26.409,1.50091,1.50112,2.52,1.08
2014.02.04 09:08:26.663,1.50091,1.50112,1.84,1.00
2014.02.04 09:08:27.208,1.50092,1.50113,1.08,1.10
2014.02.04 09:08:27.789,1.50092,1.50113,1.08,1.65
2014.02.04 09:08:28.042,1.50091,1.50112,1.00,1.15
2014.02.04 09:08:29.872,1.50091,1.50109,1.00,1.00
2014.02.04 09:08:35.352,1.5009,1.50109,1.00,1.00
2014.02.04 09:08:35.477,1.50086,1.50105,1.15,1.00
2014.02.04 09:08:35.531,1.50083,1.50105,1.08,1.58
2014.02.04 09:08:35.838,1.5008,1.50104,3.08,1.18
2014.02.04 09:08:35.889,1.5008,1.50104,2.40,1.15
2014.02.04 09:08:35.990,1.5008,1.50104,1.58,1.83
2014.02.04 09:08:37.381,1.5008,1.50097,1.10,1.00
2014.02.04 09:08:39.906,1.5008,1.50099,1.10,1.10
2014.02.04 09:08:40.108,1.5008,1.50094,1.10,1.00
2014.02.04 09:08:40.311,1.50078,1.50094,1.58,1.00
2014.02.04 09:08:40.892,1.50079,1.50094,1.00,1.00
2014.02.04 09:08:44.867,1.50078,1.50091,1.65,1.00
2014.02.04 09:08:45.608,1.50078,1.50091,1.00,1.00
2014.02.04 09:08:47.808,1.50078,1.50097,1.57,1.50
2014.02.04 09:08:48.010,1.5008,1.50099,1.47,1.00
2014.02.04 09:08:49.193,1.50083,1.50099,1.10,1.00
2014.02.04 09:08:49.245,1.50083,1.50101,1.10,1.00
2014.02.04 09:08:49.449,1.50081,1.50101,1.00,1.00
2014.02.04 09:08:50.371,1.50081,1.50099,1.00,1.00
2014.02.04 09:08:51.625,1.50078,1.50099,2.22,1.00
2014.02.04 09:08:52.420,1.50078,1.501,2.22,1.00
2014.02.04 09:08:52.870,1.50078,1.50098,2.22,1.00
2014.02.04 09:08:52.971,1.50078,1.50101,2.22,1.00
2014.02.04 09:08:53.486,1.50079,1.50104,1.47,2.40
2014.02.04 09:09:02.333,1.5008,1.50101,1.20,1.00
2014.02.04 09:09:04.937,1.5008,1.50101,1.15,1.00
2014.02.04 09:09:05.257,1.5008,1.50101,1.58,1.00
2014.02.04 09:09:05.409,1.50082,1.50101,1.10,1.00
2014.02.04 09:09:05.460,1.50083,1.50103,1.00,1.50
2014.02.04 09:09:05.512,1.50083,1.50103,1.15,1.50
2014.02.04 09:09:06.064,1.50083,1.50103,1.58,1.10
2014.02.04 09:09:07.822,1.50083,1.50103,1.58,1.00
2014.02.04 09:09:11.200,1.50084,1.50104,1.08,1.10
2014.02.04 09:09:12.227,1.50084,1.50104,2.22,1.10
2014.02.04 09:09:12.278,1.50086,1.50106,1.67,1.00
2014.02.04 09:09:12.633,1.50082,1.50105,2.14,1.15
2014.02.04 09:09:13.153,1.50082,1.50102,1.39,1.00
2014.02.04 09:09:13.578,1.50086,1.50102,1.17,1.00
2014.02.04 09:09:13.680,1.5009,1.50105,1.00,1.00
2014.02.04 09:09:13.731,1.5009,1.50107,1.10,1.50
2014.02.04 09:09:14.291,1.5009,1.50107,1.18,1.50
2014.02.04 09:09:14.342,1.501,1.50107,1.17,1.50
2014.02.04 09:09:14.444,1.50101,1.50117,2.25,2.25
2014.02.04 09:09:14.546,1.50103,1.50119,1.00,2.25
2014.02.04 09:09:14.850,1.50097,1.50114,1.15,1.00
2014.02.04 09:09:15.153,1.501,1.50114,1.15,1.00
2014.02.04 09:09:15.406,1.501,1.5012,1.65,1.00
2014.02.04 09:09:15.798,1.50104,1.50121,1.47,1.00
2014.02.04 09:09:17.295,1.50105,1.50121,1.39,1.00
2014.02.04 09:09:17.922,1.50105,1.5012,1.39,1.00
2014.02.04 09:09:18.104,1.50104,1.5012,1.72,1.00
2014.02.04 09:09:20.597,1.50104,1.50121,1.72,1.00
2014.02.04 09:09:21.001,1.50104,1.50123,1.74,1.00
2014.02.04 09:09:21.478,1.50104,1.50121,1.74,1.00
2014.02.04 09:09:23.748,1.50104,1.50119,1.18,1.00
2014.02.04 09:09:24.268,1.50101,1.50119,1.58,1.00
2014.02.04 09:09:25.371,1.50101,1.50116,1.58,1.00
2014.02.04 09:09:25.875,1.50104,1.50115,1.08,1.00
2014.02.04 09:09:26.586,1.50104,1.50122,1.08,1.00
2014.02.04 09:09:26.840,1.50104,1.50125,1.58,1.28
2014.02.04 09:09:26.891,1.50104,1.50125,4.50,1.20
2014.02.04 09:09:27.196,1.50112,1.5013,3.00,1.00
2014.02.04 09:09:27.502,1.50118,1.5013,1.18,1.00
2014.02.04 09:09:27.604,1.50118,1.50134,1.18,1.00
2014.02.04 09:09:27.655,1.50119,1.50136,1.08,1.00
2014.02.04 09:09:28.157,1.50116,1.50134,1.39,1.00
2014.02.04 09:09:28.311,1.50115,1.50134,1.64,1.08
2014.02.04 09:09:28.362,1.50114,1.50129,2.89,1.00
2014.02.04 09:09:28.414,1.50115,1.50129,1.00,1.00
2014.02.04 09:09:28.566,1.50114,1.50133,1.47,1.00
2014.02.04 09:09:31.307,1.50112,1.50133,1.72,1.00
2014.02.04 09:09:31.831,1.50112,1.50133,1.08,1.08
2014.02.04 09:09:31.981,1.50111,1.5013,1.08,1.00
2014.02.04 09:09:32.032,1.50107,1.5013,2.70,1.10
2014.02.04 09:09:32.703,1.50108,1.50131,1.20,1.00
2014.02.04 09:09:33.182,1.50108,1.50128,1.20,1.00
2014.02.04 09:09:33.701,1.50111,1.50128,2.33,1.00
2014.02.04 09:09:33.753,1.50112,1.50132,1.50,1.00
2014.02.04 09:09:33.855,1.50111,1.50127,1.50,1.00
2014.02.04 09:09:34.058,1.50108,1.50128,1.95,1.00
2014.02.04 09:09:35.064,1.50108,1.5013,2.33,1.00
2014.02.04 09:09:35.116,1.50109,1.5013,1.83,1.00
2014.02.04 09:09:36.862,1.50112,1.50133,1.00,1.15
2014.02.04 09:09:37.065,1.50112,1.50137,1.15,1.95
2014.02.04 09:09:39.892,1.5011,1.50132,2.89,1.00
2014.02.04 09:09:40.157,1.5011,1.50132,1.65,1.10
2014.02.04 09:09:41.436,1.50107,1.5013,1.83,1.00
2014.02.04 09:09:41.689,1.50107,1.50126,1.00,1.00
2014.02.04 09:09:42.967,1.50107,1.50127,1.00,1.10
2014.02.04 09:09:45.883,1.50106,1.50127,1.15,1.00
2014.02.04 09:09:46.086,1.50106,1.50131,2.33,1.18
2014.02.04 09:09:46.239,1.50106,1.50131,1.65,1.15
2014.02.04 09:09:46.503,1.50106,1.50131,1.18,1.18
2014.02.04 09:09:46.806,1.50106,1.50131,1.58,1.18
2014.02.04 09:09:47.113,1.50106,1.50131,1.08,1.83
2014.02.04 09:09:51.662,1.50104,1.50127,1.58,1.00
2014.02.04 09:09:53.719,1.50105,1.5013,1.47,1.18
2014.02.04 09:09:53.822,1.50105,1.5013,2.14,1.10
2014.02.04 09:09:54.126,1.50108,1.5013,1.58,1.00
2014.02.04 09:09:54.329,1.50105,1.5013,1.39,1.00
2014.02.04 09:09:55.479,1.50105,1.50129,1.39,1.00
2014.02.04 09:09:55.581,1.50104,1.50129,2.89,1.08
2014.02.04 09:09:55.632,1.50104,1.50129,1.72,1.15
2014.02.04 09:09:55.682,1.50104,1.50127,1.74,1.08
2014.02.04 09:09:55.986,1.50103,1.50124,1.57,1.08
2014.02.04 09:09:56.138,1.50103,1.50124,1.00,1.65
2014.02.04 09:09:56.341,1.50102,1.50122,1.00,1.15
2014.02.04 09:09:57.020,1.50101,1.50122,1.00,1.65
2014.02.04 09:09:57.954,1.50101,1.5012,1.00,1.08
2014.02.04 09:09:58.538,1.50101,1.50121,1.00,1.58
2014.02.04 09:09:58.892,1.50103,1.50122,1.00,1.58
2014.02.04 09:09:59.089,1.50103,1.50126,1.58,1.58
2014.02.04 09:09:59.140,1.50103,1.50126,1.58,1.18
2014.02.04 09:09:59.639,1.50104,1.50125,1.00,1.08
2014.02.04 09:09:59.950,1.50109,1.50126,1.00,1.95
2014.02.04 09:10:00.052,1.50109,1.50126,1.00,1.08
2014.02.04 09:10:00.153,1.5011,1.50128,1.92,1.00
2014.02.04 09:10:00.255,1.5011,1.50131,1.92,1.18
2014.02.04 09:10:00.356,1.50113,1.50132,1.00,1.15
2014.02.04 09:10:00.782,1.50109,1.50133,1.88,2.03
2014.02.04 09:10:00.984,1.50112,1.50133,1.00,1.28
2014.02.04 09:10:01.389,1.50112,1.50135,1.10,1.53
2014.02.04 09:10:01.440,1.50114,1.50137,1.00,4.95
2014.02.04 09:10:01.746,1.50114,1.50134,2.25,1.20
2014.02.04 09:10:03.070,1.50115,1.50134,1.00,1.20
2014.02.04 09:10:03.632,1.50114,1.50134,2.25,1.20
2014.02.04 09:10:04.167,1.50114,1.50133,1.50,1.20
2014.02.04 09:10:04.521,1.50114,1.50133,1.00,4.13
2014.02.04 09:10:05.600,1.50113,1.50133,1.00,4.13
2014.02.04 09:10:06.512,1.50113,1.50133,1.38,4.13
2014.02.04 09:10:06.815,1.50118,1.50136,1.00,1.20
2014.02.04 09:10:07.170,1.50118,1.50133,1.00,2.70
2014.02.04 09:10:07.474,1.50112,1.50128,1.00,3.75
2014.02.04 09:10:07.632,1.5011,1.50128,1.00,4.50
2014.02.04 09:10:07.798,1.50107,1.50128,1.00,5.82
2014.02.04 09:10:08.456,1.50106,1.50125,1.00,1.50
2014.02.04 09:10:09.079,1.50107,1.50125,1.00,1.50
2014.02.04 09:10:09.234,1.50105,1.50125,1.00,3.75
2014.02.04 09:10:09.550,1.50107,1.50125,1.00,3.75
2014.02.04 09:10:10.231,1.50105,1.50124,1.00,1.15
2014.02.04 09:10:10.768,1.50105,1.50124,1.00,2.25
2014.02.04 09:10:11.442,1.50104,1.50123,1.00,1.15
2014.02.04 09:10:12.281,1.50102,1.50121,1.00,1.15
2014.02.04 09:10:12.384,1.50102,1.50121,1.00,3.83
2014.02.04 09:10:12.635,1.501,1.50119,1.50,1.58
2014.02.04 09:10:14.038,1.50101,1.5012,1.00,1.83
2014.02.04 09:10:15.680,1.50101,1.5012,1.00,1.15
2014.02.04 09:10:16.352,1.50103,1.50122,1.00,3.00
2014.02.04 09:10:16.884,1.50103,1.50118,1.00,1.08
2014.02.04 09:10:17.241,1.50101,1.50119,1.00,1.83
2014.02.04 09:10:17.779,1.50098,1.50117,1.00,1.15
2014.02.04 09:10:19.701,1.50098,1.50117,1.00,4.39
2014.02.04 09:10:19.753,1.50098,1.50116,1.00,1.39
2014.02.04 09:10:20.007,1.50096,1.50114,1.00,1.58
2014.02.04 09:10:20.362,1.5009,1.50109,1.00,1.65
2014.02.04 09:10:20.413,1.5009,1.50109,1.00,1.18
2014.02.04 09:10:20.892,1.50093,1.50112,1.00,2.14
2014.02.04 09:10:20.943,1.50093,1.50112,1.00,1.47
2014.02.04 09:10:21.044,1.50093,1.50112,1.00,1.15
2014.02.04 09:10:21.659,1.50094,1.50114,1.00,1.50
2014.02.04 09:10:22.178,1.50094,1.50115,1.00,2.33
2014.02.04 09:10:22.482,1.50096,1.50116,1.00,3.00
2014.02.04 09:10:22.823,1.50098,1.50115,1.00,1.83
2014.02.04 09:10:24.281,1.50094,1.50115,1.50,2.33
2014.02.04 09:10:24.868,1.50094,1.50112,1.00,1.15
2014.02.04 09:10:25.733,1.50096,1.50113,1.00,1.50
2014.02.04 09:10:26.812,1.50094,1.5011,1.00,2.14
2014.02.04 09:10:27.319,1.50093,1.5011,1.00,2.14
2014.02.04 09:10:30.099,1.50091,1.5011,1.00,2.14
2014.02.04 09:10:30.600,1.50091,1.50109,1.00,2.14
2014.02.04 09:10:31.761,1.50091,1.5011,1.00,2.22
2014.02.04 09:10:36.442,1.50091,1.5011,1.00,1.58
2014.02.04 09:10:36.745,1.50093,1.5011,1.00,1.10
2014.02.04 09:10:37.251,1.50096,1.50113,1.00,1.18
2014.02.04 09:10:37.984,1.50096,1.50113,1.00,1.18
2014.02.04 09:10:40.830,1.50097,1.50115,1.00,2.25
2014.02.04 09:10:41.138,1.501,1.50117,1.00,1.50
2014.02.04 09:10:41.540,1.50097,1.50117,1.50,1.50
2014.02.04 09:10:43.228,1.50098,1.50117,1.00,2.25
2014.02.04 09:10:43.749,1.50096,1.50115,2.25,1.15
2014.02.04 09:10:46.867,1.50096,1.50117,2.25,1.58
2014.02.04 09:10:47.174,1.50099,1.50118,1.00,3.45
2014.02.04 09:10:48.600,1.501,1.50118,1.00,2.70
2014.02.04 09:10:48.929,1.50098,1.50117,1.00,1.28
2014.02.04 09:10:49.684,1.50098,1.50117,1.00,1.95
2014.02.04 09:10:50.479,1.50097,1.50116,1.00,1.15
2014.02.04 09:10:51.569,1.501,1.50115,1.00,1.15
2014.02.04 09:10:51.823,1.50102,1.50119,1.00,1.15
2014.02.04 09:10:52.344,1.50103,1.50119,1.00,1.15
2014.02.04 09:10:52.539,1.50099,1.50117,1.00,1.18
2014.02.04 09:10:52.692,1.50098,1.50112,1.13,1.18
2014.02.04 09:10:52.997,1.50098,1.50114,1.00,1.15
2014.02.04 09:10:53.098,1.50098,1.50117,1.32,1.15
2014.02.04 09:10:53.199,1.50102,1.50119,1.00,1.58
2014.02.04 09:10:53.711,1.50102,1.50119,1.00,1.15
2014.02.04 09:10:54.329,1.50103,1.50119,1.00,1.15
2014.02.04 09:10:54.638,1.50098,1.50113,1.00,1.50
2014.02.04 09:10:54.790,1.50098,1.50114,1.00,1.15
2014.02.04 09:10:54.841,1.50098,1.50108,1.00,1.00
2014.02.04 09:10:54.993,1.50087,1.50102,1.00,1.00
2014.02.04 09:10:55.095,1.50083,1.50103,2.10,2.25
2014.02.04 09:10:55.247,1.50083,1.50101,1.00,1.65
2014.02.04 09:11:00.100,1.50083,1.50098,1.00,1.50
2014.02.04 09:11:00.151,1.50078,1.50097,1.68,1.72
2014.02.04 09:11:00.253,1.50077,1.50094,1.30,1.32
2014.02.04 09:11:00.304,1.50077,1.50094,1.30,2.07
2014.02.04 09:11:02.473,1.50076,1.50094,1.00,1.58
2014.02.04 09:11:04.560,1.50081,1.50094,1.00,1.58
2014.02.04 09:11:04.661,1.50081,1.50096,1.00,1.50
2014.02.04 09:11:04.813,1.50081,1.50098,1.00,1.15
2014.02.04 09:11:04.864,1.50079,1.50098,1.00,1.15
2014.02.04 09:11:05.118,1.50079,1.50094,1.00,1.00
2014.02.04 09:11:05.219,1.50076,1.50094,1.00,1.08
2014.02.04 09:11:06.109,1.50076,1.50094,1.50,1.18
2014.02.04 09:11:06.878,1.50076,1.50094,1.50,1.10
2014.02.04 09:11:08.280,1.50075,1.50095,1.00,1.65
2014.02.04 09:11:08.534,1.50078,1.50095,1.00,1.18
2014.02.04 09:11:08.838,1.50078,1.50095,1.00,2.25
2014.02.04 09:11:09.036,1.50076,1.50095,1.00,2.25
2014.02.04 09:11:09.352,1.50076,1.50095,1.00,1.20
2014.02.04 09:11:09.900,1.50077,1.50095,1.00,1.18
2014.02.04 09:11:11.237,1.50079,1.50095,1.00,1.15
2014.02.04 09:11:11.439,1.50079,1.50096,1.00,1.15
2014.02.04 09:11:11.961,1.5008,1.50095,1.00,1.15
2014.02.04 09:11:13.005,1.50079,1.50095,1.00,1.15
2014.02.04 09:11:14.764,1.5008,1.50095,1.00,1.15
2014.02.04 09:11:14.964,1.5008,1.50097,1.00,1.18
2014.02.04 09:11:15.228,1.50082,1.50097,1.00,1.18
2014.02.04 09:11:15.578,1.50079,1.50097,1.00,1.18
2014.02.04 09:11:16.899,1.50079,1.50097,1.00,1.15
2014.02.04 09:11:17.401,1.50078,1.50097,1.00,1.15
2014.02.04 09:11:18.967,1.5008,1.50096,1.00,1.15
2014.02.04 09:11:20.388,1.50083,1.50097,1.00,1.15
2014.02.04 09:11:20.598,1.50083,1.50098,1.00,1.65
2014.02.04 09:11:21.290,1.50084,1.501,1.00,1.15
2014.02.04 09:11:21.392,1.50084,1.50103,1.00,1.58
2014.02.04 09:11:21.494,1.50089,1.50103,1.00,1.15
2014.02.04 09:11:21.595,1.50089,1.50103,1.00,1.10
2014.02.04 09:11:23.338,1.50088,1.50107,1.00,2.33
2014.02.04 09:11:23.570,1.5009,1.50107,1.00,2.33
2014.02.04 09:11:23.950,1.50091,1.50107,1.00,1.65
2014.02.04 09:11:24.452,1.50091,1.50106,1.00,1.20
2014.02.04 09:11:25.124,1.50095,1.50109,1.50,1.53
2014.02.04 09:11:25.276,1.50096,1.50113,1.35,1.65
2014.02.04 09:11:25.378,1.50096,1.50115,1.43,2.25
2014.02.04 09:11:25.834,1.50098,1.50116,1.00,1.10
2014.02.04 09:11:26.210,1.50098,1.50114,1.00,1.00
2014.02.04 09:11:26.754,1.50096,1.50114,2.10,1.65
2014.02.04 09:11:26.956,1.50096,1.50108,1.00,1.00
2014.02.04 09:11:27.260,1.50096,1.50108,1.00,1.15
2014.02.04 09:11:27.651,1.50092,1.50108,1.88,1.15
2014.02.04 09:11:31.423,1.50092,1.50105,1.00,1.20
2014.02.04 09:11:31.474,1.50083,1.50105,1.58,1.28
2014.02.04 09:11:31.526,1.50083,1.50104,1.08,1.15
2014.02.04 09:11:31.678,1.50078,1.50099,3.15,1.00
2014.02.04 09:11:31.829,1.50078,1.50099,3.45,1.00
2014.02.04 09:11:31.931,1.50082,1.501,1.00,1.10
2014.02.04 09:11:32.032,1.50082,1.50103,1.00,1.18
2014.02.04 09:11:33.331,1.50081,1.50103,1.10,1.18
2014.02.04 09:11:36.408,1.50082,1.50106,1.00,2.70
2014.02.04 09:11:38.387,1.50081,1.50103,1.10,1.18
2014.02.04 09:11:38.488,1.50081,1.50101,1.10,1.08
2014.02.04 09:11:38.993,1.50082,1.50101,1.00,1.65
2014.02.04 09:11:42.119,1.50079,1.501,1.00,1.15
2014.02.04 09:11:44.317,1.50077,1.50098,1.20,1.20
2014.02.04 09:11:44.672,1.50075,1.50094,1.15,1.00
2014.02.04 09:11:44.773,1.50074,1.50094,1.50,1.10
2014.02.04 09:11:44.875,1.50075,1.50092,1.00,1.00
2014.02.04 09:11:44.926,1.50072,1.50092,1.00,1.00
2014.02.04 09:11:45.027,1.50071,1.50092,1.00,1.08
2014.02.04 09:11:45.331,1.50073,1.50093,1.00,1.65
2014.02.04 09:11:45.381,1.50073,1.50093,1.00,1.65
2014.02.04 09:11:45.990,1.50071,1.50092,1.50,1.10
2014.02.04 09:11:46.770,1.50072,1.50093,1.00,2.40
2014.02.04 09:11:48.042,1.50071,1.50092,1.50,1.10
2014.02.04 09:11:49.819,1.50071,1.5009,1.00,1.00
2014.02.04 09:11:50.397,1.50073,1.50092,1.00,1.10
2014.02.04 09:11:50.712,1.50073,1.5009,1.00,1.18
2014.02.04 09:11:50.813,1.50071,1.5009,1.00,1.18
2014.02.04 09:11:51.603,1.50071,1.50089,1.00,1.08
2014.02.04 09:11:52.331,1.5007,1.50088,1.00,1.10
2014.02.04 09:11:53.266,1.50068,1.50088,1.58,1.10
2014.02.04 09:11:54.004,1.50068,1.50088,1.50,1.15
2014.02.04 09:11:54.512,1.50069,1.50089,1.58,1.58
2014.02.04 09:11:55.109,1.50069,1.50088,1.10,1.00
2014.02.04 09:11:55.655,1.50068,1.50088,1.50,1.58
2014.02.04 09:11:56.416,1.50068,1.50086,1.00,1.00
2014.02.04 09:11:56.735,1.50066,1.50088,2.25,1.10
2014.02.04 09:11:56.836,1.50066,1.50086,2.25,1.00
2014.02.04 09:11:58.811,1.5007,1.50087,1.00,1.00
2014.02.04 09:12:02.257,1.5007,1.50088,1.00,1.00
2014.02.04 09:12:04.725,1.5007,1.50086,1.00,1.00
2014.02.04 09:12:04.978,1.50068,1.50086,1.00,1.50
2014.02.04 09:12:05.994,1.50069,1.50086,1.00,1.00
2014.02.04 09:12:06.827,1.50068,1.50086,1.50,1.00
2014.02.04 09:12:07.286,1.50069,1.50091,1.20,1.15
2014.02.04 09:12:08.369,1.50071,1.50091,1.00,1.15
2014.02.04 09:12:10.024,1.50069,1.50091,1.20,1.15
2014.02.04 09:12:11.228,1.50068,1.50087,1.15,1.00
2014.02.04 09:12:11.380,1.50069,1.5009,1.20,1.20
2014.02.04 09:12:11.892,1.5007,1.5009,1.00,1.65
2014.02.04 09:12:12.579,1.50068,1.5009,1.47,1.65
2014.02.04 09:12:13.107,1.5007,1.5009,1.00,1.65
2014.02.04 09:12:14.279,1.5007,1.5009,1.00,2.33
2014.02.04 09:12:15.797,1.50071,1.5009,1.00,1.58
2014.02.04 09:12:16.101,1.50074,1.50091,1.00,1.13
2014.02.04 09:12:16.203,1.50074,1.50095,1.10,1.53
2014.02.04 09:12:17.002,1.50074,1.50094,1.00,1.20
2014.02.04 09:12:17.408,1.5007,1.50091,1.00,2.78
2014.02.04 09:12:18.749,1.5007,1.50091,1.00,3.75
2014.02.04 09:12:19.330,1.50069,1.5009,2.07,1.15
2014.02.04 09:12:21.943,1.5007,1.5009,1.00,1.15
2014.02.04 09:12:22.482,1.5007,1.50086,1.00,1.00
2014.02.04 09:12:24.206,1.5007,1.50088,1.00,1.15
2014.02.04 09:12:24.530,1.5007,1.50088,1.17,1.00
2014.02.04 09:12:24.581,1.50073,1.50091,1.00,1.13
2014.02.04 09:12:25.086,1.50072,1.50093,2.22,1.38
2014.02.04 09:12:30.132,1.50072,1.50093,2.97,1.38
2014.02.04 09:12:30.557,1.50072,1.50093,2.97,1.00
2014.02.04 09:12:31.370,1.50073,1.50095,1.15,1.00
2014.02.04 09:12:34.039,1.50075,1.50095,2.22,1.00
2014.02.04 09:12:36.499,1.50077,1.50097,1.18,1.95
2014.02.04 09:12:37.156,1.50075,1.50095,2.22,1.00
2014.02.04 09:12:37.597,1.50075,1.50097,1.65,2.70
2014.02.04 09:12:42.206,1.50076,1.50092,1.15,1.00
2014.02.04 09:12:42.358,1.50073,1.50092,1.65,1.00
2014.02.04 09:12:42.409,1.50074,1.50093,1.08,1.00
2014.02.04 09:12:42.712,1.50071,1.50091,3.64,1.00
2014.02.04 09:12:42.817,1.50071,1.50093,3.64,1.00
2014.02.04 09:12:45.969,1.50072,1.50093,1.47,1.10
2014.02.04 09:12:46.477,1.50072,1.50094,1.18,1.18
2014.02.04 09:12:48.156,1.50072,1.50092,1.18,1.00
2014.02.04 09:12:48.682,1.50072,1.50091,1.10,1.10
2014.02.04 09:12:49.218,1.50072,1.50091,1.08,1.00
2014.02.04 09:12:51.595,1.50073,1.50093,1.10,1.58
2014.02.04 09:12:51.822,1.50072,1.50093,1.58,1.50
2014.02.04 09:12:52.969,1.50074,1.50094,1.15,1.50
2014.02.04 09:12:57.725,1.50074,1.50093,1.15,1.00
2014.02.04 09:13:01.689,1.50075,1.50092,1.18,1.00
2014.02.04 09:13:01.992,1.50081,1.50097,1.64,1.10
2014.02.04 09:13:02.043,1.50082,1.50101,2.22,1.13
2014.02.04 09:13:02.770,1.50083,1.50101,2.22,1.00
2014.02.04 09:13:03.564,1.50083,1.501,2.22,1.00
2014.02.04 09:13:03.919,1.50081,1.50098,2.82,1.00
2014.02.04 09:13:04.326,1.50081,1.501,2.89,1.00
2014.02.04 09:13:04.861,1.50081,1.50097,2.89,1.00
2014.02.04 09:13:05.377,1.50081,1.50096,2.89,1.00
2014.02.04 09:13:06.069,1.50081,1.50096,2.89,1.00
2014.02.04 09:13:06.839,1.50081,1.50097,3.19,1.00
2014.02.04 09:13:07.549,1.50084,1.50097,1.00,1.00
2014.02.04 09:13:07.651,1.50084,1.50099,1.50,1.00
2014.02.04 09:13:08.056,1.50082,1.50097,2.07,1.00
2014.02.04 09:13:08.360,1.50082,1.50095,2.07,1.00
2014.02.04 09:13:08.880,1.50082,1.50095,2.07,1.00
2014.02.04 09:13:09.508,1.50082,1.50094,2.07,1.00
2014.02.04 09:13:09.802,1.50082,1.50094,1.00,1.00
2014.02.04 09:13:09.852,1.50082,1.50092,1.00,1.00
2014.02.04 09:13:10.365,1.50082,1.50088,1.00,1.00
2014.02.04 09:13:10.720,1.50081,1.5009,1.00,1.00
2014.02.04 09:13:11.221,1.50082,1.5009,1.00,1.00
2014.02.04 09:13:11.588,1.50082,1.50093,1.10,1.00
2014.02.04 09:13:11.639,1.50081,1.50093,1.47,1.00
2014.02.04 09:13:12.175,1.50081,1.50094,1.67,1.00
2014.02.04 09:13:12.327,1.50079,1.50094,2.14,1.00
2014.02.04 09:13:12.378,1.50077,1.50089,2.59,1.00
2014.02.04 09:13:13.592,1.50077,1.5009,2.22,1.00
2014.02.04 09:13:14.827,1.50076,1.5009,2.07,1.00
2014.02.04 09:13:15.130,1.50076,1.50087,1.00,1.00
2014.02.04 09:13:15.636,1.50077,1.50087,1.00,1.00
2014.02.04 09:13:15.945,1.50076,1.50084,1.00,1.00
2014.02.04 09:13:16.520,1.50076,1.50087,1.00,1.00
2014.02.04 09:13:16.673,1.50076,1.50087,1.57,1.00
2014.02.04 09:13:16.875,1.50077,1.50089,1.57,1.00
2014.02.04 09:13:18.604,1.5008,1.50089,1.08,1.00
2014.02.04 09:13:18.655,1.5008,1.50091,1.18,1.00
2014.02.04 09:13:18.756,1.50078,1.50091,1.74,1.00
2014.02.04 09:13:20.586,1.50077,1.50094,2.22,1.00
2014.02.04 09:13:21.576,1.50077,1.50091,2.22,1.00
2014.02.04 09:13:22.172,1.50077,1.50092,3.72,1.00
2014.02.04 09:13:22.374,1.50077,1.50095,2.97,1.00
2014.02.04 09:13:24.365,1.50077,1.50095,1.65,1.00
2014.02.04 09:13:24.467,1.50076,1.50092,1.39,1.00
2014.02.04 09:13:25.007,1.50077,1.50091,1.00,1.00
2014.02.04 09:13:25.376,1.50072,1.5009,1.10,1.00
2014.02.04 09:13:25.478,1.50068,1.5009,1.74,1.18
2014.02.04 09:13:25.579,1.50068,1.50085,1.74,1.00
2014.02.04 09:13:25.995,1.5007,1.50085,1.39,1.00
2014.02.04 09:13:26.096,1.5007,1.5009,2.89,1.00
2014.02.04 09:13:26.760,1.5007,1.50091,2.14,1.00
2014.02.04 09:13:28.298,1.50071,1.50088,1.47,1.00
2014.02.04 09:13:28.982,1.50071,1.50087,1.15,1.00
2014.02.04 09:13:29.844,1.50071,1.50083,1.15,1.00
2014.02.04 09:13:30.426,1.5007,1.50083,1.15,1.00
2014.02.04 09:13:31.142,1.5007,1.50083,1.00,1.00
2014.02.04 09:13:31.244,1.50068,1.50083,1.10,1.50
2014.02.04 09:13:31.295,1.50065,1.50083,1.43,1.50
2014.02.04 09:13:32.921,1.50062,1.50083,1.13,2.40
2014.02.04 09:13:32.972,1.50061,1.50083,2.14,2.40
2014.02.04 09:13:33.458,1.50062,1.50082,1.47,1.00
2014.02.04 09:13:33.852,1.50062,1.50081,1.67,1.00
2014.02.04 09:13:34.528,1.50062,1.50082,1.64,1.95
2014.02.04 09:13:35.104,1.50062,1.50081,1.64,1.00
2014.02.04 09:13:35.826,1.50062,1.50081,1.20,1.57
2014.02.04 09:13:35.878,1.50062,1.50076,1.20,1.00
2014.02.04 09:13:35.980,1.50056,1.50076,1.69,1.15
2014.02.04 09:13:37.807,1.50056,1.50078,1.09,1.65
2014.02.04 09:13:37.908,1.50054,1.50078,1.02,1.65
2014.02.04 09:13:39.665,1.5006,1.50078,1.82,1.15
2014.02.04 09:13:39.868,1.50059,1.50075,1.88,1.00
2014.02.04 09:13:40.172,1.50057,1.50078,1.02,1.00
2014.02.04 09:13:40.678,1.50057,1.50077,1.38,1.08
2014.02.04 09:13:41.678,1.50054,1.50079,2.52,1.39
2014.02.04 09:13:41.729,1.50054,1.5008,2.14,4.32
2014.02.04 09:13:41.830,1.50054,1.50077,1.20,1.72
2014.02.04 09:13:41.881,1.50054,1.50076,1.10,1.74
2014.02.04 09:13:42.184,1.50054,1.50074,1.00,3.00
2014.02.04 09:13:42.645,1.50054,1.50074,1.00,2.82
2014.02.04 09:13:42.747,1.50053,1.50072,1.00,1.39
2014.02.04 09:13:42.950,1.50051,1.50071,1.00,2.22
2014.02.04 09:13:45.015,1.50051,1.5007,1.00,1.83
2014.02.04 09:13:46.902,1.50052,1.5007,1.00,2.33
2014.02.04 09:13:48.352,1.50047,1.5007,1.69,2.33
2014.02.04 09:13:50.944,1.50051,1.5007,1.00,2.33
2014.02.04 09:13:51.047,1.50051,1.5007,1.57,1.15
2014.02.04 09:13:51.346,1.50051,1.50074,1.57,2.33
2014.02.04 09:13:51.876,1.50051,1.50074,1.57,1.65
2014.02.04 09:13:52.028,1.50051,1.50073,1.00,1.50
2014.02.04 09:13:52.676,1.50049,1.50073,1.57,2.82
2014.02.04 09:13:52.777,1.50049,1.50073,1.72,1.47
2014.02.04 09:13:53.404,1.50049,1.50071,1.72,1.00
2014.02.04 09:13:53.951,1.50049,1.50074,1.72,2.22
2014.02.04 09:14:00.737,1.50047,1.50072,1.72,1.77
2014.02.04 09:14:02.294,1.50049,1.50073,1.72,1.58
2014.02.04 09:14:02.396,1.50049,1.50073,1.47,2.14
2014.02.04 09:14:06.759,1.50048,1.50073,2.03,2.33
2014.02.04 09:14:09.414,1.50053,1.50074,1.00,2.25
2014.02.04 09:14:10.226,1.50053,1.50073,1.00,1.18
2014.02.04 09:14:11.014,1.50052,1.50073,2.07,1.18
2014.02.04 09:14:11.518,1.50052,1.50073,1.32,1.15
2014.02.04 09:14:12.122,1.50052,1.50073,1.32,1.15
2014.02.04 09:14:12.716,1.50053,1.50073,1.00,1.15
2014.02.04 09:14:13.223,1.50054,1.50073,1.00,1.15
2014.02.04 09:14:14.298,1.50054,1.50077,1.32,1.83
2014.02.04 09:14:14.500,1.50056,1.50077,1.00,1.83
2014.02.04 09:14:15.025,1.50058,1.50078,1.00,1.47
2014.02.04 09:14:15.714,1.50058,1.50078,1.32,1.15
2014.02.04 09:14:15.953,1.5006,1.50078,1.00,1.15
2014.02.04 09:14:16.155,1.50058,1.50078,1.32,1.15
2014.02.04 09:14:16.358,1.50058,1.50078,1.00,2.25
2014.02.04 09:14:16.616,1.50056,1.50077,1.00,1.50
2014.02.04 09:14:24.536,1.50054,1.50077,2.07,1.50
2014.02.04 09:14:26.479,1.50054,1.50076,1.00,5.82
2014.02.04 09:14:27.472,1.50051,1.50074,2.07,2.14
2014.02.04 09:14:27.978,1.50052,1.50075,1.32,1.83
2014.02.04 09:14:28.362,1.50049,1.50056,1.00,1.00
2014.02.04 09:14:28.413,1.50044,1.50055,1.00,1.00
2014.02.04 09:14:28.616,1.50037,1.50056,1.38,2.22
2014.02.04 09:14:28.768,1.50035,1.50054,1.48,1.08
2014.02.04 09:14:28.921,1.50031,1.5005,1.18,1.57
2014.02.04 09:14:28.972,1.50031,1.50047,1.18,1.50
2014.02.04 09:14:29.227,1.50024,1.50042,1.10,2.07
2014.02.04 09:14:29.278,1.50022,1.50039,1.10,1.00
2014.02.04 09:14:29.329,1.50022,1.50039,1.10,1.08
2014.02.04 09:14:29.380,1.5002,1.50039,1.00,1.15
2014.02.04 09:14:29.917,1.50019,1.5004,1.00,2.22
2014.02.04 09:14:29.968,1.50019,1.50039,1.00,1.39
2014.02.04 09:14:31.957,1.50019,1.50037,1.00,2.14
2014.02.04 09:14:32.271,1.50019,1.50036,1.00,1.83
2014.02.04 09:14:34.294,1.5002,1.50036,1.00,1.83
2014.02.04 09:14:35.317,1.50024,1.50037,1.00,3.00
2014.02.04 09:14:35.470,1.50024,1.50037,1.00,1.15
2014.02.04 09:14:35.774,1.50024,1.50036,1.00,1.50
2014.02.04 09:14:36.288,1.50022,1.50036,1.00,1.50
2014.02.04 09:14:37.942,1.5002,1.50036,1.00,2.07
2014.02.04 09:14:38.584,1.50022,1.50036,1.00,1.50
2014.02.04 09:14:39.066,1.50018,1.50036,1.00,1.50
2014.02.04 09:14:39.597,1.50015,1.50026,1.00,1.13
2014.02.04 09:14:39.648,1.50015,1.50026,1.00,2.63
2014.02.04 09:14:39.749,1.50006,1.50026,1.95,3.38
2014.02.04 09:14:39.801,1.50002,1.50019,1.65,1.57
2014.02.04 09:14:39.953,1.49997,1.50018,1.00,2.22
2014.02.04 09:14:40.206,1.49996,1.50018,1.00,1.39
2014.02.04 09:14:40.510,1.49996,1.50013,1.00,1.50
2014.02.04 09:14:40.815,1.49998,1.50013,1.00,1.50
2014.02.04 09:14:40.967,1.49998,1.50015,1.00,1.39
2014.02.04 09:14:41.347,1.49997,1.50015,1.00,1.47
2014.02.04 09:14:41.449,1.50001,1.50015,1.00,1.15
2014.02.04 09:14:41.752,1.50006,1.50019,1.00,1.18
2014.02.04 09:14:41.803,1.50006,1.50019,1.00,1.20
2014.02.04 09:14:42.006,1.50004,1.50023,1.00,1.58
2014.02.04 09:14:42.311,1.50004,1.50025,1.00,1.18
2014.02.04 09:14:42.362,1.50007,1.50027,1.00,2.97
2014.02.04 09:14:42.819,1.50007,1.50029,1.00,1.72
2014.02.04 09:14:44.777,1.50005,1.50029,1.20,1.72
2014.02.04 09:14:45.436,1.50005,1.50029,1.10,2.14
2014.02.04 09:14:45.488,1.50005,1.50028,1.00,1.39
2014.02.04 09:14:45.792,1.50022,1.50036,1.00,1.73
2014.02.04 09:14:46.046,1.50022,1.50041,1.00,2.14
2014.02.04 09:14:46.502,1.50023,1.50042,1.00,1.72
2014.02.04 09:14:46.603,1.50023,1.50042,1.00,1.10
2014.02.04 09:14:46.756,1.50022,1.50046,1.18,1.39
2014.02.04 09:14:46.807,1.50022,1.50048,1.58,1.72
2014.02.04 09:14:48.073,1.50037,1.50048,1.00,1.72
2014.02.04 09:14:48.175,1.50037,1.50049,1.00,1.00
2014.02.04 09:14:48.378,1.50034,1.5005,1.00,1.02
2014.02.04 09:14:48.886,1.50034,1.50049,1.00,1.84
2014.02.04 09:14:49.163,1.50033,1.50048,1.00,1.39
2014.02.04 09:14:49.416,1.50026,1.50047,1.00,1.15
2014.02.04 09:14:49.467,1.50026,1.50047,1.00,1.83
2014.02.04 09:14:51.345,1.50027,1.50047,1.00,1.50
2014.02.04 09:14:52.050,1.50027,1.50048,1.60,1.47
2014.02.04 09:14:52.101,1.50034,1.50049,1.00,1.15
2014.02.04 09:14:52.152,1.50034,1.50049,1.00,1.00
2014.02.04 09:14:52.254,1.50034,1.50052,1.50,1.10
2014.02.04 09:14:52.643,1.50034,1.50052,1.50,1.67
2014.02.04 09:14:52.897,1.50034,1.50051,1.00,1.10
2014.02.04 09:14:53.404,1.50034,1.50054,1.00,1.84
2014.02.04 09:14:53.864,1.50034,1.50052,1.00,1.74
2014.02.04 09:14:53.965,1.5003,1.50053,1.08,2.22
2014.02.04 09:14:54.068,1.50038,1.50052,1.00,1.39
2014.02.04 09:14:54.119,1.50038,1.50054,1.00,2.03
2014.02.04 09:14:54.221,1.50038,1.50054,1.00,1.10
2014.02.04 09:14:55.082,1.50038,1.50051,1.00,1.00
2014.02.04 09:14:55.184,1.50038,1.50054,1.00,1.50
2014.02.04 09:14:55.234,1.5004,1.50054,1.00,1.00
2014.02.04 09:14:55.386,1.5004,1.50056,1.50,1.00
2014.02.04 09:14:56.023,1.5004,1.50054,1.50,1.00
2014.02.04 09:14:58.125,1.5004,1.50056,1.50,1.18
2014.02.04 09:15:01.048,1.5004,1.50056,1.50,1.10
2014.02.04 09:15:01.301,1.50036,1.50055,1.08,1.00
2014.02.04 09:15:02.297,1.50036,1.50054,1.08,1.00
2014.02.04 09:15:02.850,1.50038,1.50056,1.00,1.00
2014.02.04 09:15:03.848,1.5004,1.50056,1.00,1.00
2014.02.04 09:15:03.950,1.5004,1.50061,2.33,1.15
2014.02.04 09:15:04.051,1.5004,1.50061,2.33,1.00
2014.02.04 09:15:05.299,1.50041,1.50062,1.10,1.10
2014.02.04 09:15:05.401,1.50041,1.50059,1.10,1.50
2014.02.04 09:15:05.909,1.50041,1.50059,1.00,1.65
2014.02.04 09:15:06.418,1.50041,1.50057,1.00,1.00
2014.02.04 09:15:07.897,1.50041,1.50059,1.00,1.15
2014.02.04 09:15:08.201,1.50042,1.50063,1.10,1.65
2014.02.04 09:15:08.252,1.50044,1.50063,1.00,1.65
2014.02.04 09:15:09.014,1.50043,1.50062,1.00,1.18
2014.02.04 09:15:10.043,1.50042,1.50061,1.10,1.10
2014.02.04 09:15:10.362,1.50042,1.50063,2.40,1.58
2014.02.04 09:15:10.667,1.50047,1.50066,3.08,1.00
2014.02.04 09:15:11.007,1.50052,1.50071,1.15,1.50
2014.02.04 09:15:11.989,1.50052,1.50069,1.15,1.00
2014.02.04 09:15:13.010,1.50052,1.50069,1.58,1.00
2014.02.04 09:15:13.112,1.50053,1.50072,3.00,1.00
2014.02.04 09:15:13.315,1.50054,1.50074,1.50,1.00
2014.02.04 09:15:13.869,1.50053,1.50073,3.83,1.00
2014.02.04 09:15:13.920,1.50053,1.50073,2.33,1.00
2014.02.04 09:15:14.123,1.50058,1.50072,1.18,1.00
2014.02.04 09:15:14.224,1.50061,1.50079,2.14,1.00
2014.02.04 09:15:14.731,1.50062,1.50079,1.15,1.00
2014.02.04 09:15:14.862,1.50062,1.50082,1.15,1.00
2014.02.04 09:15:15.073,1.50062,1.5008,1.15,1.00
2014.02.04 09:15:15.275,1.50058,1.50076,1.18,1.00
2014.02.04 09:15:15.579,1.50056,1.50073,1.65,1.00
2014.02.04 09:15:15.680,1.50059,1.50078,1.10,2.33
2014.02.04 09:15:15.933,1.50059,1.50078,1.15,1.50
2014.02.04 09:15:15.984,1.50062,1.50081,1.10,1.50
2014.02.04 09:15:16.136,1.50062,1.50072,1.00,1.00
2014.02.04 09:15:16.237,1.50059,1.50071,1.00,1.00
2014.02.04 09:15:16.339,1.50059,1.50067,1.00,1.00
2014.02.04 09:15:16.491,1.50052,1.50067,1.53,1.00
2014.02.04 09:15:16.542,1.50052,1.50067,1.00,1.00
2014.02.04 09:15:16.643,1.50047,1.50067,1.15,1.00
2014.02.04 09:15:16.845,1.50046,1.50067,1.08,1.10
2014.02.04 09:15:17.395,1.50044,1.50066,4.65,1.00
2014.02.04 09:15:17.718,1.50044,1.50063,3.90,1.00
2014.02.04 09:15:17.820,1.50044,1.50061,1.00,1.00
2014.02.04 09:15:18.023,1.50045,1.50063,1.10,1.00
2014.02.04 09:15:18.074,1.50044,1.50064,1.10,1.08
2014.02.04 09:15:18.176,1.50044,1.50064,1.00,1.15
2014.02.04 09:15:18.328,1.50041,1.50065,1.15,1.58
2014.02.04 09:15:18.832,1.50041,1.50065,1.15,1.08
2014.02.04 09:15:20.318,1.50042,1.50065,1.08,1.15
2014.02.04 09:15:20.369,1.50042,1.50065,1.10,1.15
2014.02.04 09:15:22.642,1.5004,1.50065,1.50,3.00
2014.02.04 09:15:22.998,1.50036,1.50061,1.28,1.15
2014.02.04 09:15:23.099,1.50036,1.50061,1.28,1.20
2014.02.04 09:15:23.151,1.50035,1.50057,1.88,1.00
2014.02.04 09:15:23.362,1.50033,1.50056,1.58,1.15
2014.02.04 09:15:23.514,1.50034,1.50059,1.65,1.65
2014.02.04 09:15:23.666,1.50034,1.50059,2.33,1.15
2014.02.04 09:15:24.173,1.50032,1.50057,3.08,1.10
2014.02.04 09:15:24.476,1.50034,1.50057,1.50,1.00
2014.02.04 09:15:25.048,1.50034,1.50058,2.25,1.00
2014.02.04 09:15:25.323,1.50035,1.50058,1.18,1.08
2014.02.04 09:15:25.424,1.50036,1.50058,2.25,1.00
2014.02.04 09:15:25.475,1.50039,1.5006,1.65,1.00
2014.02.04 09:15:25.981,1.50039,1.50066,1.65,1.65
2014.02.04 09:15:26.032,1.50039,1.50057,1.65,1.00
2014.02.04 09:15:26.234,1.50035,1.5006,2.55,2.25
2014.02.04 09:15:26.558,1.50032,1.50056,1.08,2.33
2014.02.04 09:15:26.610,1.50032,1.50055,1.00,1.15
2014.02.04 09:15:26.661,1.5003,1.50055,2.40,1.15
2014.02.04 09:15:27.295,1.50026,1.50052,2.78,1.58
2014.02.04 09:15:27.599,1.5004,1.50054,1.00,1.00
2014.02.04 09:15:28.144,1.5004,1.50055,1.00,1.00
2014.02.04 09:15:28.713,1.5004,1.50059,1.00,1.65
2014.02.04 09:15:29.246,1.5004,1.50056,1.00,1.18
2014.02.04 09:15:29.550,1.50035,1.50054,1.00,1.83
2014.02.04 09:15:29.601,1.50035,1.50054,1.00,1.08
2014.02.04 09:15:29.712,1.50035,1.50054,1.00,1.10
2014.02.04 09:15:29.813,1.50038,1.50054,1.00,1.10
2014.02.04 09:15:30.267,1.50037,1.50054,1.00,1.18
2014.02.04 09:15:30.809,1.50037,1.50055,1.00,1.15
2014.02.04 09:15:31.343,1.50038,1.50056,1.00,1.58
2014.02.04 09:15:31.776,1.50036,1.50056,1.00,1.58
2014.02.04 09:15:32.351,1.50035,1.50048,1.00,1.00
2014.02.04 09:15:32.454,1.50027,1.50048,3.00,1.10
2014.02.04 09:15:32.505,1.50027,1.50048,1.00,1.20
2014.02.04 09:15:33.224,1.50028,1.50051,1.00,1.15
2014.02.04 09:15:33.534,1.5003,1.50052,1.00,1.50
2014.02.04 09:15:33.888,1.50028,1.50049,1.00,1.65
2014.02.04 09:15:34.401,1.50028,1.50049,1.00,1.65
2014.02.04 09:15:34.538,1.50031,1.50049,1.00,1.15
2014.02.04 09:15:34.640,1.50031,1.50049,1.00,1.10
2014.02.04 09:15:35.804,1.50031,1.50052,1.00,1.65
2014.02.04 09:15:36.524,1.50028,1.50051,1.15,1.20
2014.02.04 09:15:37.154,1.50029,1.50052,1.00,3.75
2014.02.04 09:15:37.407,1.50024,1.50049,2.40,1.15
2014.02.04 09:15:37.457,1.50024,1.50049,2.33,2.25
2014.02.04 09:15:39.352,1.50024,1.50046,2.93,1.15
2014.02.04 09:15:39.453,1.50034,1.50051,1.50,1.00
2014.02.04 09:15:39.657,1.50034,1.50055,1.18,1.65
2014.02.04 09:15:39.809,1.50037,1.50055,1.00,1.18
2014.02.04 09:15:40.349,1.50037,1.50055,1.08,1.00
2014.02.04 09:15:40.653,1.50037,1.50052,1.08,1.00
2014.02.04 09:15:41.050,1.50037,1.50049,1.08,1.00
2014.02.04 09:15:43.387,1.50036,1.50049,1.88,1.00
2014.02.04 09:15:43.592,1.50036,1.50052,1.88,1.00
2014.02.04 09:15:44.106,1.50037,1.50052,1.00,1.00
2014.02.04 09:15:46.807,1.50037,1.5005,1.00,1.00
2014.02.04 09:15:47.148,1.5003,1.50048,1.55,1.00
2014.02.04 09:15:48.441,1.5003,1.50048,1.10,1.00
2014.02.04 09:15:48.543,1.50027,1.50048,1.00,1.20
2014.02.04 09:15:49.231,1.50029,1.5005,1.00,1.15
2014.02.04 09:15:50.001,1.50029,1.5005,1.00,1.58
2014.02.04 09:15:50.102,1.50026,1.50049,1.00,1.15
2014.02.04 09:15:50.306,1.50031,1.5005,1.00,1.50
2014.02.04 09:15:50.357,1.50031,1.50052,1.20,2.63
2014.02.04 09:15:50.408,1.50033,1.50052,1.13,1.88
2014.02.04 09:15:50.711,1.50035,1.50052,1.20,1.00
2014.02.04 09:15:55.912,1.50036,1.50053,1.00,1.00
2014.02.04 09:15:56.443,1.50035,1.50052,1.13,1.00
2014.02.04 09:15:56.746,1.50035,1.50052,1.28,1.00
2014.02.04 09:15:58.195,1.50035,1.50054,1.28,1.00
2014.02.04 09:15:59.102,1.50035,1.50055,1.18,1.00
2014.02.04 09:15:59.608,1.50038,1.5006,1.58,3.08
2014.02.04 09:15:59.659,1.50041,1.50062,1.00,1.65
2014.02.04 09:15:59.760,1.50041,1.50062,1.15,1.50
2014.02.04 09:16:00.064,1.50041,1.50061,1.00,1.18
2014.02.04 09:16:00.411,1.50037,1.50055,1.00,1.00
2014.02.04 09:16:00.917,1.50038,1.50055,1.00,1.50
2014.02.04 09:16:01.496,1.50038,1.50055,1.00,1.08
2014.02.04 09:16:01.827,1.50036,1.50056,1.00,1.65
2014.02.04 09:16:02.080,1.50035,1.50056,1.65,1.58
2014.02.04 09:16:04.187,1.50041,1.5006,1.00,1.58
2014.02.04 09:16:04.288,1.50041,1.50062,1.50,1.28
2014.02.04 09:16:04.816,1.50042,1.50063,1.58,1.08
2014.02.04 09:16:05.939,1.50042,1.50063,1.65,1.00
2014.02.04 09:16:07.308,1.50042,1.50062,1.15,1.00
2014.02.04 09:16:07.359,1.50041,1.50062,1.20,1.65
2014.02.04 09:16:09.618,1.50039,1.50061,2.40,1.00
2014.02.04 09:16:10.164,1.50041,1.50062,1.20,2.40
2014.02.04 09:16:10.441,1.50041,1.50062,1.00,2.40
2014.02.04 09:16:10.956,1.5004,1.50061,1.00,1.18
2014.02.04 09:16:11.439,1.50041,1.50061,1.00,1.10
2014.02.04 09:16:11.490,1.50041,1.50061,1.00,1.65
2014.02.04 09:16:11.752,1.50039,1.50061,1.00,1.65
2014.02.04 09:16:12.742,1.50038,1.50059,1.13,1.20
2014.02.04 09:16:14.919,1.50038,1.50059,1.28,1.00
2014.02.04 09:16:15.439,1.50039,1.50061,1.18,1.65
2014.02.04 09:16:15.994,1.50041,1.50061,1.00,1.65
2014.02.04 09:16:16.649,1.50039,1.50061,1.15,1.10
2014.02.04 09:16:17.004,1.50039,1.50061,1.10,1.18
2014.02.04 09:16:17.459,1.50038,1.50057,1.13,1.00
2014.02.04 09:16:18.109,1.50038,1.50058,1.13,1.00
2014.02.04 09:16:18.472,1.50038,1.50058,1.28,1.00
2014.02.04 09:16:19.080,1.50038,1.50054,1.28,1.00
2014.02.04 09:16:19.622,1.50038,1.50054,1.28,1.00
2014.02.04 09:16:19.825,1.50034,1.50054,1.18,1.10
2014.02.04 09:16:19.876,1.50033,1.50051,1.08,1.00
2014.02.04 09:16:20.028,1.50031,1.50051,3.42,1.00
2014.02.04 09:16:20.576,1.50031,1.50051,2.22,1.00
2014.02.04 09:16:20.678,1.50031,1.50051,1.47,1.00
2014.02.04 09:16:23.848,1.50031,1.50052,1.15,1.00
2014.02.04 09:16:24.152,1.50028,1.50039,1.65,1.00
2014.02.04 09:16:24.253,1.50023,1.50038,1.13,1.50
2014.02.04 09:16:24.304,1.5002,1.50038,1.18,1.00
2014.02.04 09:16:24.355,1.5002,1.50038,1.10,1.00
2014.02.04 09:16:24.558,1.50018,1.50039,1.10,1.15
2014.02.04 09:16:24.710,1.50016,1.50035,1.15,1.00
2014.02.04 09:16:25.050,1.50016,1.50034,1.00,1.18
2014.02.04 09:16:25.566,1.5001,1.50031,1.47,1.00
2014.02.04 09:16:25.718,1.5001,1.50029,1.15,1.00
2014.02.04 09:16:26.338,1.50011,1.50032,1.15,1.00
2014.02.04 09:16:26.576,1.50023,1.50034,1.00,1.18
2014.02.04 09:16:26.778,1.50023,1.50037,1.00,1.00
2014.02.04 09:16:27.325,1.50026,1.50037,1.00,1.00
2014.02.04 09:16:27.427,1.50026,1.50042,1.00,1.00
2014.02.04 09:16:27.528,1.50026,1.50045,1.15,1.00
2014.02.04 09:16:27.579,1.50026,1.50048,1.15,2.10
2014.02.04 09:16:28.232,1.50026,1.50048,1.15,1.00
2014.02.04 09:16:28.628,1.5003,1.50051,1.00,1.18
2014.02.04 09:16:28.830,1.5003,1.50053,1.15,1.00
2014.02.04 09:16:28.881,1.5003,1.50053,1.83,1.00
2014.02.04 09:16:29.084,1.50031,1.50056,1.50,2.03
2014.02.04 09:16:29.235,1.50033,1.50046,1.15,1.00
2014.02.04 09:16:29.453,1.50033,1.50048,1.00,1.57
2014.02.04 09:16:29.506,1.50028,1.50048,1.50,2.07
2014.02.04 09:16:29.557,1.50028,1.50048,1.50,2.22
2014.02.04 09:16:29.709,1.50026,1.50048,1.00,2.22
2014.02.04 09:16:29.861,1.50019,1.50044,2.82,1.50
2014.02.04 09:16:29.912,1.50019,1.50044,1.47,1.65
2014.02.04 09:16:30.663,1.50019,1.50044,1.47,1.18
2014.02.04 09:16:30.967,1.50019,1.50044,1.39,1.58
2014.02.04 09:16:31.119,1.50019,1.50044,1.47,1.65
2014.02.04 09:16:31.454,1.50011,1.50029,1.65,1.00
2014.02.04 09:16:31.758,1.5001,1.50029,1.00,1.10
2014.02.04 09:16:32.265,1.5001,1.50031,1.58,1.08
2014.02.04 09:16:32.366,1.50012,1.50031,1.00,1.08
2014.02.04 09:16:32.518,1.50012,1.50034,1.18,1.00
2014.02.04 09:16:33.364,1.5001,1.50031,1.65,1.00
2014.02.04 09:16:33.668,1.50006,1.50012,1.00,1.00
2014.02.04 09:16:33.719,1.50002,1.50012,1.35,1.00
2014.02.04 09:16:36.972,1.49995,1.50011,2.10,1.00
2014.02.04 09:16:37.073,1.49995,1.50008,2.10,1.00
2014.02.04 09:16:37.377,1.49995,1.50004,1.50,1.72
2014.02.04 09:16:37.754,1.49981,1.50004,1.10,1.72
2014.02.04 09:16:38.834,1.49983,1.50004,1.00,1.72
2014.02.04 09:16:39.053,1.49981,1.50004,1.10,1.72
2014.02.04 09:16:42.136,1.49983,1.50004,1.00,1.47
2014.02.04 09:16:42.490,1.49986,1.50005,1.00,1.58
2014.02.04 09:16:42.592,1.49986,1.50007,1.10,2.22
2014.02.04 09:16:43.130,1.49985,1.50007,1.10,2.22
2014.02.04 09:16:43.181,1.49985,1.50006,1.00,1.39
2014.02.04 09:16:43.798,1.49985,1.50003,1.00,1.00
2014.02.04 09:16:45.015,1.49981,1.50003,1.10,1.10
2014.02.04 09:16:45.872,1.49981,1.50003,1.15,1.00
2014.02.04 09:16:46.353,1.49994,1.50003,1.00,1.00
2014.02.04 09:16:46.404,1.49994,1.50008,1.50,1.08
2014.02.04 09:16:46.455,1.49994,1.50008,1.50,1.00
2014.02.04 09:16:46.507,1.49994,1.50008,2.33,1.00
2014.02.04 09:16:46.659,1.49994,1.50012,2.40,1.00
2014.02.04 09:16:46.710,1.49994,1.50014,2.40,1.50
2014.02.04 09:16:47.627,1.49995,1.50014,1.50,1.50
2014.02.04 09:16:49.222,1.49998,1.50015,1.15,1.00
2014.02.04 09:16:49.525,1.49997,1.50013,1.65,1.00
2014.02.04 09:16:49.678,1.49999,1.50015,1.00,1.00
2014.02.04 09:16:49.729,1.49999,1.50017,1.08,1.00
2014.02.04 09:16:49.831,1.49999,1.50019,1.08,1.10
2014.02.04 09:16:49.881,1.49997,1.50017,1.15,1.00
2014.02.04 09:16:50.084,1.49998,1.50019,1.15,1.00
2014.02.04 09:16:50.387,1.49998,1.50019,1.10,1.08
2014.02.04 09:16:51.836,1.5,1.50023,1.00,1.83
2014.02.04 09:16:51.888,1.5,1.50023,1.15,1.10
2014.02.04 09:16:52.141,1.5,1.50023,1.83,1.00
2014.02.04 09:16:52.461,1.50003,1.50023,1.20,1.00
2014.02.04 09:16:52.714,1.50003,1.50026,1.65,1.58
2014.02.04 09:16:52.816,1.50003,1.50009,1.10,1.00
2014.02.04 09:16:52.968,1.49992,1.50004,1.38,1.13
2014.02.04 09:16:53.019,1.49987,1.50004,1.95,1.13
2014.02.04 09:16:53.424,1.4999,1.50007,1.00,1.00
2014.02.04 09:16:53.525,1.49991,1.50013,1.10,1.08
2014.02.04 09:16:53.576,1.49991,1.50014,1.18,1.15
2014.02.04 09:17:00.879,1.49989,1.50012,1.58,1.58
2014.02.04 09:17:01.443,1.49989,1.50012,1.15,1.50
2014.02.04 09:17:02.458,1.49992,1.50012,1.08,1.50
2014.02.04 09:17:02.712,1.5,1.5002,1.18,1.08
2014.02.04 09:17:02.763,1.5,1.50021,1.58,1.00
2014.02.04 09:17:02.864,1.5,1.50024,3.00,1.58
2014.02.04 09:17:03.421,1.50002,1.50024,1.58,1.00
2014.02.04 09:17:03.949,1.50003,1.50026,1.15,1.08
2014.02.04 09:17:04.101,1.50008,1.50026,1.00,1.08
2014.02.04 09:17:04.405,1.50013,1.50033,1.00,2.25
2014.02.04 09:17:04.506,1.50013,1.50033,1.08,1.00
2014.02.04 09:17:04.709,1.50013,1.50039,1.58,3.00
2014.02.04 09:17:04.760,1.50013,1.50039,3.75,2.33
2014.02.04 09:17:05.078,1.50013,1.50037,1.65,1.20
2014.02.04 09:17:05.681,1.50013,1.50037,1.58,1.18
2014.02.04 09:17:06.393,1.50013,1.50037,1.15,1.18
2014.02.04 09:17:06.499,1.50013,1.50037,1.18,1.18
2014.02.04 09:17:06.830,1.50013,1.50034,1.18,2.10
2014.02.04 09:17:06.982,1.50007,1.50024,1.50,1.00
2014.02.04 09:17:07.134,1.50017,1.50026,1.00,1.00
2014.02.04 09:17:07.235,1.50018,1.50031,1.00,1.50
2014.02.04 09:17:07.438,1.50016,1.50036,1.15,1.28
2014.02.04 09:17:07.893,1.50014,1.50035,1.65,1.00
2014.02.04 09:17:07.995,1.50012,1.50033,3.08,1.00
2014.02.04 09:17:08.336,1.50012,1.50031,1.15,1.00
2014.02.04 09:17:08.550,1.50012,1.50031,1.10,1.00
2014.02.04 09:17:08.703,1.50012,1.50031,1.08,1.00
2014.02.04 09:17:09.230,1.50013,1.50032,1.15,1.00
2014.02.04 09:17:09.332,1.50016,1.50035,1.00,1.32
2014.02.04 09:17:09.433,1.50018,1.50036,1.00,1.00
2014.02.04 09:17:09.787,1.50011,1.50036,3.00,1.18
2014.02.04 09:17:11.507,1.50013,1.50036,1.10,1.74
2014.02.04 09:17:11.558,1.50011,1.50031,1.15,1.00
2014.02.04 09:17:12.607,1.50011,1.5002,1.15,1.00
2014.02.04 09:17:12.810,1.49999,1.50014,1.00,1.00
2014.02.04 09:17:12.861,1.50005,1.50015,1.00,1.00
2014.02.04 09:17:12.912,1.50012,1.50019,1.00,1.00
2014.02.04 09:17:12.963,1.50015,1.50023,1.00,1.15
2014.02.04 09:17:13.067,1.50012,1.50025,1.10,1.00
2014.02.04 09:17:13.270,1.50009,1.50025,1.18,1.00
2014.02.04 09:17:13.321,1.50009,1.50028,1.18,2.25
2014.02.04 09:17:13.372,1.50012,1.50029,1.00,1.20
2014.02.04 09:17:13.474,1.50012,1.50032,1.65,1.50
2014.02.04 09:17:14.057,1.50009,1.50032,1.58,2.33
2014.02.04 09:17:14.572,1.50009,1.50032,1.15,2.33
2014.02.04 09:17:15.161,1.50009,1.50026,1.15,1.00
2014.02.04 09:17:15.415,1.50009,1.50031,1.18,1.08
2014.02.04 09:17:15.516,1.50008,1.50026,1.15,1.00
2014.02.04 09:17:16.017,1.50008,1.50026,1.15,1.00
2014.02.04 09:17:16.267,1.50008,1.50031,1.15,2.33
2014.02.04 09:17:16.419,1.50007,1.50031,2.25,2.25
2014.02.04 09:17:17.050,1.50007,1.5003,2.25,1.00
2014.02.04 09:17:17.357,1.50014,1.50025,1.50,1.00
2014.02.04 09:17:17.509,1.5001,1.50024,1.00,1.00
2014.02.04 09:17:17.560,1.50009,1.50026,1.00,1.00
2014.02.04 09:17:17.611,1.50011,1.50023,1.35,1.00
2014.02.04 09:17:17.713,1.50023,1.50031,1.00,1.43
2014.02.04 09:17:17.764,1.50026,1.50034,1.00,1.00
2014.02.04 09:17:17.866,1.50026,1.50038,1.00,1.45
2014.02.04 09:17:17.917,1.50017,1.50038,1.58,1.50
2014.02.04 09:17:17.968,1.50016,1.50038,1.15,1.50
2014.02.04 09:17:18.069,1.50018,1.50038,1.50,1.00
2014.02.04 09:17:18.444,1.50018,1.50042,1.65,2.33
2014.02.04 09:17:18.546,1.50018,1.50042,1.65,1.20
2014.02.04 09:17:18.597,1.5002,1.50042,1.18,1.10
2014.02.04 09:17:18.901,1.50021,1.50045,2.25,1.00
2014.02.04 09:17:19.441,1.50022,1.50044,1.58,1.00
2014.02.04 09:17:19.835,1.50022,1.50045,3.75,1.00
2014.02.04 09:17:20.316,1.50022,1.50045,1.08,1.18
2014.02.04 09:17:20.367,1.50022,1.50043,1.58,1.10
2014.02.04 09:17:20.671,1.50022,1.50028,2.25,1.00
2014.02.04 09:17:20.722,1.50015,1.50028,1.18,1.50
2014.02.04 09:17:20.824,1.50018,1.50033,1.13,1.70
2014.02.04 09:17:20.925,1.50025,1.50033,2.07,1.10
2014.02.04 09:17:20.976,1.50025,1.50039,2.07,1.00
2014.02.04 09:17:21.027,1.50026,1.50039,1.08,1.00
2014.02.04 09:17:21.179,1.50024,1.50041,1.58,1.00
2014.02.04 09:17:21.281,1.5002,1.50041,3.75,1.00
2014.02.04 09:17:21.796,1.5002,1.5004,3.00,1.00
2014.02.04 09:17:22.148,1.50024,1.5004,1.08,1.00
2014.02.04 09:17:22.322,1.50023,1.50042,1.50,1.00
2014.02.04 09:17:23.103,1.50025,1.50044,1.18,1.00
2014.02.04 09:17:23.154,1.50026,1.50044,1.08,1.00
2014.02.04 09:17:23.628,1.50024,1.50047,2.33,1.00
2014.02.04 09:17:24.156,1.50024,1.50046,2.33,1.00
2014.02.04 09:17:24.681,1.50024,1.50046,1.15,1.00
2014.02.04 09:17:24.838,1.50024,1.50042,1.15,1.00
2014.02.04 09:17:25.099,1.50021,1.50043,3.75,1.32
2014.02.04 09:17:25.842,1.50032,1.50043,1.00,1.00
2014.02.04 09:17:26.196,1.50031,1.5005,1.08,1.00
2014.02.04 09:17:26.752,1.50032,1.50051,1.10,1.10
2014.02.04 09:17:27.273,1.50037,1.50051,1.00,1.10
2014.02.04 09:17:27.425,1.50032,1.5005,1.20,1.00
2014.02.04 09:17:27.475,1.50032,1.5005,1.18,1.00
2014.02.04 09:17:27.577,1.50029,1.5005,1.65,1.00
2014.02.04 09:17:27.981,1.50027,1.50049,1.50,3.08
2014.02.04 09:17:28.032,1.50027,1.50048,1.00,1.20
2014.02.04 09:17:28.133,1.50024,1.50039,1.15,1.00
2014.02.04 09:17:28.236,1.50021,1.50039,1.48,1.00
2014.02.04 09:17:28.743,1.50025,1.50047,1.15,1.18
2014.02.04 09:17:29.395,1.50025,1.50049,1.00,1.65
2014.02.04 09:17:30.864,1.50025,1.50044,1.00,1.00
2014.02.04 09:17:30.965,1.50023,1.50044,1.00,1.18
2014.02.04 09:17:31.067,1.50021,1.50044,1.38,1.15
2014.02.04 09:17:32.275,1.50021,1.50044,1.00,1.15
2014.02.04 09:17:32.586,1.50021,1.50041,1.00,1.15
2014.02.04 09:17:32.638,1.5002,1.5004,1.00,2.33
2014.02.04 09:17:32.791,1.5002,1.50037,1.00,1.00
2014.02.04 09:17:33.196,1.50017,1.50038,1.10,1.18
2014.02.04 09:17:34.149,1.50017,1.50034,1.00,1.00
2014.02.04 09:17:34.302,1.50014,1.50034,1.08,1.20
2014.02.04 09:17:34.454,1.50014,1.50033,1.00,1.08
2014.02.04 09:17:34.799,1.50014,1.5003,1.00,1.15
2014.02.04 09:17:34.951,1.50011,1.5003,1.00,1.58
2014.02.04 09:17:35.255,1.50009,1.50027,1.00,1.15
2014.02.04 09:17:35.357,1.50008,1.50028,1.00,1.65
2014.02.04 09:17:35.661,1.50004,1.50028,1.15,1.18
2014.02.04 09:17:38.452,1.50004,1.50028,1.08,1.15
2014.02.04 09:17:38.994,1.50008,1.50028,1.00,1.15
2014.02.04 09:17:39.146,1.50008,1.50028,1.00,1.20
2014.02.04 09:17:41.101,1.50008,1.50026,1.00,1.00
2014.02.04 09:17:41.405,1.50012,1.50028,1.00,4.88
2014.02.04 09:17:41.507,1.50012,1.50028,1.00,1.10
2014.02.04 09:17:41.709,1.50012,1.50028,1.00,1.18
2014.02.04 09:17:42.013,1.50012,1.50028,1.00,2.33
2014.02.04 09:17:42.826,1.50012,1.50028,1.00,2.33
2014.02.04 09:17:43.130,1.50015,1.50028,1.00,2.33
2014.02.04 09:17:43.684,1.50015,1.50028,1.00,2.33
2014.02.04 09:17:44.046,1.50008,1.50027,1.00,1.58
2014.02.04 09:17:44.097,1.50008,1.50027,1.00,3.75
2014.02.04 09:17:44.401,1.50015,1.50022,1.00,1.00
2014.02.04 09:17:44.452,1.50015,1.50026,1.00,1.00
2014.02.04 09:17:44.503,1.50015,1.50028,1.00,1.20
2014.02.04 09:17:44.858,1.50012,1.50028,1.00,1.08
2014.02.04 09:17:45.782,1.50012,1.50031,1.00,2.40
2014.02.04 09:17:48.074,1.50012,1.50031,1.00,4.50
2014.02.04 09:17:48.379,1.50012,1.50022,1.00,1.10
2014.02.04 09:17:48.480,1.50012,1.50029,1.00,3.83
2014.02.04 09:17:48.582,1.50009,1.5003,1.50,2.40
2014.02.04 09:17:48.684,1.50009,1.5003,1.50,2.25
2014.02.04 09:17:48.785,1.50006,1.5003,1.39,2.25
2014.02.04 09:17:49.660,1.50004,1.50021,1.50,1.10
2014.02.04 09:17:49.984,1.50012,1.50025,1.57,1.08
2014.02.04 09:17:50.086,1.50012,1.50025,1.57,1.00
2014.02.04 09:17:50.137,1.50012,1.50031,1.00,1.58
2014.02.04 09:17:50.238,1.50012,1.50031,1.00,1.15
2014.02.04 09:17:51.056,1.50012,1.50031,1.00,3.75
2014.02.04 09:17:51.360,1.50012,1.50022,1.00,1.65
2014.02.04 09:17:51.411,1.50012,1.50022,1.00,1.58
2014.02.04 09:17:51.564,1.50012,1.50031,1.00,2.40
2014.02.04 09:17:51.767,1.50012,1.50027,1.00,1.08
2014.02.04 09:17:51.868,1.50007,1.50027,1.57,1.15
2014.02.04 09:17:52.071,1.50008,1.50032,1.74,2.33
2014.02.04 09:17:53.848,1.50008,1.50029,1.18,1.18
2014.02.04 09:17:54.000,1.50006,1.50029,2.07,3.08
2014.02.04 09:17:58.122,1.50006,1.50028,1.39,1.15
2014.02.04 09:17:59.765,1.50006,1.50027,1.15,1.00
2014.02.04 09:18:00.119,1.50004,1.50025,2.14,1.00
2014.02.04 09:18:00.311,1.50007,1.50028,1.08,1.10
2014.02.04 09:18:01.534,1.50007,1.50028,1.64,1.10
2014.02.04 09:18:01.838,1.50009,1.50033,1.39,1.18
2014.02.04 09:18:02.684,1.5001,1.50033,1.39,1.08
2014.02.04 09:18:02.735,1.5001,1.50035,2.82,1.00
2014.02.04 09:18:02.938,1.50012,1.50036,2.14,1.00
2014.02.04 09:18:03.394,1.50015,1.50036,1.15,1.50
2014.02.04 09:18:03.721,1.50016,1.50036,2.14,1.50
2014.02.04 09:18:04.025,1.50009,1.50028,3.08,1.50
2014.02.04 09:18:04.329,1.50019,1.50035,1.08,1.08
2014.02.04 09:18:04.380,1.50019,1.50035,1.18,1.00
2014.02.04 09:18:04.481,1.50019,1.50039,1.18,1.00
2014.02.04 09:18:05.406,1.5002,1.50041,1.08,1.58
2014.02.04 09:18:06.025,1.50021,1.50039,1.08,1.00
2014.02.04 09:18:06.127,1.50023,1.50043,2.22,1.00
2014.02.04 09:18:06.280,1.50022,1.50043,1.65,1.00
2014.02.04 09:18:06.381,1.50022,1.50041,1.58,1.00
2014.02.04 09:18:06.785,1.50022,1.50043,1.58,1.00
2014.02.04 09:18:07.139,1.5002,1.50039,1.18,1.00
2014.02.04 09:18:07.443,1.50017,1.50036,1.10,1.00
2014.02.04 09:18:07.596,1.50017,1.50036,1.08,1.00
2014.02.04 09:18:07.748,1.50016,1.50035,1.15,1.00
2014.02.04 09:18:08.102,1.50015,1.50034,1.95,1.00
2014.02.04 09:18:08.254,1.50015,1.5003,1.20,1.00
2014.02.04 09:18:08.507,1.50008,1.50027,1.15,1.00
2014.02.04 09:18:08.558,1.50008,1.50025,1.15,1.00
2014.02.04 09:18:09.488,1.50006,1.50025,3.08,1.50
2014.02.04 09:18:11.953,1.50006,1.50025,2.33,1.00
2014.02.04 09:18:12.055,1.50012,1.50027,1.00,1.00
2014.02.04 09:18:12.106,1.50012,1.5003,1.10,1.32
2014.02.04 09:18:12.156,1.5001,1.50026,1.18,1.00
2014.02.04 09:18:12.258,1.50009,1.5003,1.65,1.50
2014.02.04 09:18:12.763,1.50009,1.50031,2.40,1.58
2014.02.04 09:18:13.289,1.50008,1.50029,1.15,1.00
2014.02.04 09:18:14.160,1.50011,1.50029,1.75,1.00
2014.02.04 09:18:14.413,1.50012,1.50033,2.33,1.00
2014.02.04 09:18:14.515,1.50013,1.50034,4.50,1.00
2014.02.04 09:18:14.980,1.50017,1.50034,1.83,1.00
2014.02.04 09:18:15.132,1.50014,1.50034,1.58,1.08
2014.02.04 09:18:15.587,1.50018,1.50039,1.00,3.75
2014.02.04 09:18:15.740,1.50018,1.50039,1.00,1.15
2014.02.04 09:18:15.841,1.50016,1.50038,1.20,1.15
2014.02.04 09:18:17.137,1.50018,1.50039,1.00,1.15
2014.02.04 09:18:17.679,1.50021,1.50041,1.00,1.58
2014.02.04 09:18:17.730,1.50021,1.50043,1.00,1.15
2014.02.04 09:18:17.781,1.50021,1.50043,1.08,1.15
2014.02.04 09:18:17.832,1.50021,1.50043,1.18,1.08
2014.02.04 09:18:18.129,1.50023,1.50045,1.47,1.00
2014.02.04 09:18:20.874,1.50024,1.50043,1.15,1.00
2014.02.04 09:18:21.380,1.50024,1.50042,1.15,1.00
2014.02.04 09:18:23.141,1.50024,1.50042,1.18,1.00
2014.02.04 09:18:23.455,1.50019,1.50038,1.15,1.00
2014.02.04 09:18:23.961,1.50018,1.50039,2.03,1.00
2014.02.04 09:18:24.507,1.50018,1.5004,2.03,1.00
2014.02.04 09:18:25.456,1.50019,1.5004,1.47,1.00
2014.02.04 09:18:26.012,1.50018,1.50038,1.09,1.00
2014.02.04 09:18:26.493,1.50016,1.50038,3.34,1.00
2014.02.04 09:18:27.012,1.50016,1.50035,2.59,1.00
2014.02.04 09:18:27.376,1.50014,1.50032,1.58,1.00
2014.02.04 09:18:27.427,1.50014,1.50032,1.15,1.00
2014.02.04 09:18:27.985,1.50014,1.50032,1.18,1.00
2014.02.04 09:18:28.747,1.5001,1.50031,1.50,1.00
2014.02.04 09:18:29.003,1.50009,1.50029,3.08,1.00
2014.02.04 09:18:29.104,1.50009,1.50029,2.40,1.00
2014.02.04 09:18:29.453,1.50007,1.50027,1.77,1.00
2014.02.04 09:18:29.555,1.50007,1.50027,1.09,1.00
2014.02.04 09:18:29.606,1.50007,1.50027,1.09,1.00
2014.02.04 09:18:29.759,1.50007,1.50027,1.02,1.00
2014.02.04 09:18:30.062,1.50007,1.50027,1.33,1.00
2014.02.04 09:18:30.563,1.50007,1.50027,1.09,1.00
2014.02.04 09:18:30.664,1.50011,1.50031,1.32,1.18
2014.02.04 09:18:30.716,1.50011,1.50031,1.32,1.20
2014.02.04 09:18:30.969,1.50013,1.50034,1.00,2.40
2014.02.04 09:18:31.782,1.50013,1.50034,1.50,3.75
2014.02.04 09:18:32.099,1.50012,1.5003,1.00,2.93
2014.02.04 09:18:32.252,1.5001,1.50029,1.57,1.10
2014.02.04 09:18:32.405,1.5001,1.50029,1.57,1.08
2014.02.04 09:18:32.559,1.5001,1.50029,1.57,1.15
2014.02.04 09:18:33.135,1.5001,1.50031,1.57,1.65
2014.02.04 09:18:33.347,1.5001,1.50031,1.57,1.83
2014.02.04 09:18:33.805,1.5001,1.50031,1.57,1.15
2014.02.04 09:18:34.487,1.50012,1.50031,1.00,1.15
2014.02.04 09:18:35.522,1.50012,1.50033,1.00,3.83
2014.02.04 09:18:35.775,1.5001,1.50032,1.00,4.50
2014.02.04 09:18:35.978,1.5001,1.50032,1.00,6.00
2014.02.04 09:18:36.130,1.50009,1.5003,2.07,1.15
2014.02.04 09:18:36.662,1.50009,1.5003,2.44,1.15
2014.02.04 09:18:38.297,1.50013,1.50032,1.00,1.15
2014.02.04 09:18:38.400,1.50015,1.50033,1.10,1.00
2014.02.04 09:18:38.603,1.50015,1.50035,1.39,1.20
2014.02.04 09:18:39.058,1.50016,1.50037,1.10,1.58
2014.02.04 09:18:39.834,1.50016,1.50037,1.00,1.18
2014.02.04 09:18:40.482,1.50016,1.50037,2.07,1.18
2014.02.04 09:18:41.005,1.50018,1.50039,1.00,1.65
2014.02.04 09:18:47.924,1.50019,1.50038,1.00,1.18
2014.02.04 09:18:48.076,1.50017,1.50038,2.14,1.10
2014.02.04 09:18:48.127,1.5002,1.50041,1.57,1.65
2014.02.04 09:18:48.329,1.50023,1.50041,1.58,1.00
2014.02.04 09:18:48.532,1.5002,1.50041,1.00,1.15
2014.02.04 09:18:48.991,1.50022,1.50041,1.00,1.15
2014.02.04 09:18:49.313,1.5002,1.50041,1.00,1.65
2014.02.04 09:18:49.832,1.50021,1.50041,1.00,1.15
2014.02.04 09:18:51.743,1.50019,1.50038,1.10,1.50
2014.02.04 09:18:52.047,1.50024,1.50041,1.00,1.15
2014.02.04 09:18:52.098,1.50024,1.50041,1.00,1.15
2014.02.04 09:18:52.250,1.50024,1.50042,1.00,1.10
2014.02.04 09:18:52.403,1.5002,1.50037,1.10,1.00
2014.02.04 09:18:52.454,1.50015,1.50037,1.15,1.00
2014.02.04 09:18:52.990,1.50015,1.50037,1.18,1.08
2014.02.04 09:18:56.712,1.50014,1.50033,1.65,1.00
2014.02.04 09:18:56.864,1.50015,1.50034,1.47,1.10
2014.02.04 09:18:57.118,1.50013,1.50036,1.15,1.10
2014.02.04 09:18:57.320,1.50016,1.50036,1.47,1.00
2014.02.04 09:18:57.825,1.50019,1.50038,1.08,1.00
2014.02.04 09:18:58.024,1.50019,1.50041,1.15,1.10
2014.02.04 09:18:58.379,1.50019,1.50041,1.10,1.24
2014.02.04 09:18:58.480,1.50016,1.50041,2.22,2.39
2014.02.04 09:18:58.824,1.50016,1.50039,1.47,1.10
2014.02.04 09:18:59.349,1.50015,1.50038,2.89,1.00
2014.02.04 09:18:59.918,1.50015,1.50038,2.22,1.18
2014.02.04 09:19:01.302,1.50015,1.50036,2.22,1.00
2014.02.04 09:19:02.097,1.50015,1.50038,2.22,1.18
2014.02.04 09:19:02.496,1.50016,1.50039,1.15,1.50
2014.02.04 09:19:02.708,1.50019,1.50039,2.22,1.00
2014.02.04 09:19:02.859,1.50019,1.50041,2.97,1.00
2014.02.04 09:19:05.592,1.5002,1.5004,1.18,1.00
2014.02.04 09:19:05.643,1.50018,1.5004,1.95,1.58
2014.02.04 09:19:05.745,1.50018,1.5004,1.18,1.18
2014.02.04 09:19:06.453,1.5002,1.50038,1.00,1.00
2014.02.04 09:19:06.756,1.50018,1.50038,1.20,1.15
2014.02.04 09:19:06.908,1.50017,1.50033,2.48,1.00
2014.02.04 09:19:07.459,1.50017,1.50033,1.00,1.00
2014.02.04 09:19:07.971,1.50016,1.50032,1.00,1.00
2014.02.04 09:19:10.083,1.50016,1.50027,1.00,1.00
2014.02.04 09:19:10.336,1.5001,1.50024,1.50,1.00
2014.02.04 09:19:10.387,1.50008,1.50024,1.10,1.00
2014.02.04 09:19:10.640,1.50005,1.50024,1.00,1.00
2014.02.04 09:19:11.176,1.50004,1.50024,1.58,1.00
2014.02.04 09:19:11.278,1.50006,1.50024,1.00,1.00
2014.02.04 09:19:11.698,1.50002,1.50023,1.15,1.00
2014.02.04 09:19:12.052,1.50001,1.5002,1.15,1.00
2014.02.04 09:19:12.371,1.49999,1.50015,2.25,1.00
2014.02.04 09:19:12.422,1.49999,1.50015,1.00,1.00
2014.02.04 09:19:12.473,1.49997,1.50015,1.88,1.00
2014.02.04 09:19:12.629,1.49999,1.50015,1.00,1.00
2014.02.04 09:19:12.679,1.49999,1.5002,1.00,1.18
2014.02.04 09:19:13.397,1.49999,1.5002,1.08,1.08
2014.02.04 09:19:13.602,1.49998,1.50016,1.08,1.00
2014.02.04 09:19:13.804,1.49995,1.50014,1.50,1.00
2014.02.04 09:19:14.313,1.49995,1.50013,1.00,1.00
2014.02.04 09:19:14.364,1.49999,1.50017,1.00,1.18
2014.02.04 09:19:14.585,1.5,1.5002,1.15,1.00
2014.02.04 09:19:16.563,1.5,1.50016,1.15,1.00
2014.02.04 09:19:16.664,1.49999,1.50018,1.50,1.00
2014.02.04 09:19:16.715,1.49999,1.50014,1.00,1.00
2014.02.04 09:19:16.918,1.5,1.50018,1.00,1.20
2014.02.04 09:19:16.969,1.5,1.50021,1.08,1.58
2014.02.04 09:19:17.020,1.5,1.50021,1.15,1.50
2014.02.04 09:19:17.223,1.5,1.5002,1.58,1.00
2014.02.04 09:19:17.802,1.5,1.50021,1.10,1.10
2014.02.04 09:19:17.904,1.49998,1.50013,1.08,1.00
2014.02.04 09:19:18.530,1.49997,1.50013,1.00,1.00
2014.02.04 09:19:19.310,1.49999,1.50013,1.00,1.00
2014.02.04 09:19:19.613,1.50014,1.50021,1.00,1.35
2014.02.04 09:19:19.715,1.50015,1.50029,1.00,1.20
2014.02.04 09:19:20.120,1.50011,1.50034,1.00,1.58
2014.02.04 09:19:20.659,1.50011,1.50033,1.00,1.15
2014.02.04 09:19:21.113,1.50011,1.50026,1.00,1.00
2014.02.04 09:19:21.215,1.50005,1.50024,1.18,1.00
2014.02.04 09:19:21.418,1.50006,1.50026,1.10,1.10
2014.02.04 09:19:22.050,1.50006,1.50024,1.10,1.00
2014.02.04 09:19:22.626,1.50006,1.50026,1.10,1.10
2014.02.04 09:19:24.140,1.50006,1.50025,1.10,1.00
2014.02.04 09:19:25.066,1.50006,1.50025,1.18,1.00
2014.02.04 09:19:25.651,1.50006,1.50026,1.18,1.00
2014.02.04 09:19:27.871,1.50008,1.50026,1.00,1.00
2014.02.04 09:19:28.567,1.50008,1.50027,1.50,1.50
2014.02.04 09:19:30.028,1.50008,1.50027,1.58,1.50
2014.02.04 09:19:30.547,1.50008,1.50026,1.18,1.00
2014.02.04 09:19:31.055,1.50014,1.50026,1.00,1.00
2014.02.04 09:19:31.106,1.50014,1.50031,1.00,1.15
2014.02.04 09:19:31.158,1.50016,1.50032,1.00,1.10
2014.02.04 09:19:31.563,1.50014,1.50032,1.58,1.00
2014.02.04 09:19:31.824,1.50014,1.5003,1.50,1.00
2014.02.04 09:19:33.278,1.50011,1.5003,2.40,1.00
2014.02.04 09:19:33.329,1.50011,1.5003,2.33,1.10
2014.02.04 09:19:33.380,1.50011,1.50028,1.58,1.00
2014.02.04 09:19:33.907,1.50012,1.50028,1.00,1.00
2014.02.04 09:19:34.572,1.50012,1.50032,1.00,1.18
2014.02.04 09:19:34.724,1.50012,1.50032,1.20,1.00
2014.02.04 09:19:34.775,1.50014,1.50033,1.00,1.00
2014.02.04 09:19:35.281,1.50015,1.50033,1.50,1.00
2014.02.04 09:19:35.463,1.50015,1.50036,1.50,1.65
2014.02.04 09:19:35.564,1.50018,1.50036,1.00,1.20
2014.02.04 09:19:36.070,1.50018,1.50037,1.00,1.10
2014.02.04 09:19:36.602,1.50018,1.50038,1.10,1.00
2014.02.04 09:19:38.882,1.50018,1.50038,1.08,1.00
2014.02.04 09:19:39.581,1.50018,1.50039,1.15,1.00
2014.02.04 09:19:40.098,1.5002,1.5004,1.18,1.50
2014.02.04 09:19:40.251,1.50023,1.50042,1.10,1.10
2014.02.04 09:19:40.353,1.50023,1.50042,1.58,1.00
2014.02.04 09:19:40.937,1.50027,1.50042,1.00,1.00
2014.02.04 09:19:41.039,1.50027,1.50045,1.50,1.10
2014.02.04 09:19:41.191,1.50027,1.50045,1.65,1.00
2014.02.04 09:19:41.731,1.50027,1.50046,1.65,1.00
2014.02.04 09:19:42.601,1.50029,1.5005,1.10,1.50
2014.02.04 09:19:42.652,1.50031,1.5005,1.50,1.00
2014.02.04 09:19:42.956,1.50029,1.5005,2.25,1.00
2014.02.04 09:19:43.058,1.50029,1.5005,1.15,1.00
2014.02.04 09:19:43.220,1.50029,1.5005,1.58,1.08
2014.02.04 09:19:43.756,1.50029,1.50048,1.65,1.00
2014.02.04 09:19:44.449,1.50029,1.50048,1.65,1.00
2014.02.04 09:19:44.803,1.50029,1.50048,1.65,1.00
2014.02.04 09:19:45.107,1.50029,1.50046,1.50,1.00
2014.02.04 09:19:45.444,1.50029,1.50048,1.50,1.00
2014.02.04 09:19:45.547,1.50029,1.50048,1.65,1.00
2014.02.04 09:19:46.878,1.50029,1.50048,1.50,1.00
2014.02.04 09:19:47.840,1.50029,1.50048,1.58,1.00
2014.02.04 09:19:48.396,1.50029,1.5005,1.65,1.50
2014.02.04 09:19:48.498,1.50029,1.5005,2.33,1.50
2014.02.04 09:19:49.371,1.50037,1.5005,1.00,1.00
2014.02.04 09:19:49.422,1.50037,1.50054,1.08,1.00
2014.02.04 09:19:49.626,1.50034,1.50052,1.08,1.00
2014.02.04 09:19:49.677,1.50032,1.50052,1.58,1.00
2014.02.04 09:19:51.912,1.50032,1.50055,1.58,1.50
2014.02.04 09:19:53.981,1.50034,1.50056,1.18,1.10
2014.02.04 09:19:54.184,1.50034,1.50055,1.08,1.08
2014.02.04 09:19:54.234,1.50034,1.50055,1.00,1.15
2014.02.04 09:19:54.933,1.50032,1.50053,1.65,1.65
2014.02.04 09:19:58.840,1.50034,1.50053,1.00,1.65
2014.02.04 09:19:59.077,1.50036,1.50053,1.00,1.18
2014.02.04 09:19:59.230,1.50034,1.50055,1.15,1.32
2014.02.04 09:19:59.281,1.50034,1.50053,1.18,1.10
2014.02.04 09:19:59.886,1.50034,1.50053,1.10,1.10
2014.02.04 09:20:01.330,1.50032,1.50055,1.10,1.18
2014.02.04 09:20:01.955,1.50033,1.50053,1.00,1.15
2014.02.04 09:20:02.768,1.50033,1.50053,1.00,1.65
2014.02.04 09:20:03.554,1.50033,1.50053,1.00,1.65
2014.02.04 09:20:04.362,1.50033,1.50049,1.00,1.00
2014.02.04 09:20:04.615,1.5003,1.50048,1.65,1.00
2014.02.04 09:20:05.297,1.5003,1.50046,1.65,1.00
2014.02.04 09:20:05.601,1.50031,1.50044,1.00,1.00
2014.02.04 09:20:05.652,1.50031,1.50046,1.00,1.00
2014.02.04 09:20:05.703,1.50033,1.50048,1.00,1.00
2014.02.04 09:20:05.754,1.50033,1.50052,1.10,1.08
2014.02.04 09:20:05.905,1.50035,1.50052,1.00,1.00
2014.02.04 09:20:06.309,1.50034,1.5005,1.00,1.18
2014.02.04 09:20:06.569,1.50032,1.50048,1.00,1.20
2014.02.04 09:20:06.911,1.50031,1.50044,1.00,1.00
2014.02.04 09:20:07.215,1.50031,1.50048,1.00,1.00
2014.02.04 09:20:07.266,1.50031,1.5005,1.00,2.40
2014.02.04 09:20:07.791,1.5003,1.5005,1.50,1.65
2014.02.04 09:20:09.790,1.5003,1.50049,1.50,1.00
2014.02.04 09:20:09.891,1.5003,1.50049,1.50,1.57
2014.02.04 09:20:10.195,1.50029,1.50042,1.00,1.00
2014.02.04 09:20:11.131,1.50026,1.50042,1.00,1.58
2014.02.04 09:20:12.194,1.50027,1.50042,1.00,1.58
2014.02.04 09:20:12.246,1.50023,1.50042,1.00,1.58
2014.02.04 09:20:12.851,1.50022,1.50042,2.33,1.58
2014.02.04 09:20:16.533,1.50023,1.50042,1.00,1.58
2014.02.04 09:20:18.591,1.50022,1.50041,1.58,1.00
2014.02.04 09:20:18.694,1.5002,1.50039,1.65,1.00
2014.02.04 09:20:23.416,1.50025,1.50043,1.57,1.18
2014.02.04 09:20:23.568,1.50025,1.50045,2.14,1.00
2014.02.04 09:20:27.425,1.50025,1.50046,2.89,1.58
2014.02.04 09:20:27.982,1.50025,1.50046,2.14,2.33
2014.02.04 09:20:28.819,1.50025,1.50045,2.14,1.00
2014.02.04 09:20:29.353,1.50025,1.50044,2.14,1.00
2014.02.04 09:20:29.920,1.50025,1.50046,2.14,2.33
2014.02.04 09:20:31.336,1.50025,1.50046,2.14,2.33
2014.02.04 09:20:31.995,1.50023,1.50046,1.77,1.65
2014.02.04 09:20:33.367,1.50023,1.50044,1.77,1.00
2014.02.04 09:20:34.026,1.50023,1.50046,1.77,1.65
2014.02.04 09:20:41.388,1.50023,1.50044,1.77,1.00
2014.02.04 09:20:41.591,1.50028,1.50047,1.00,2.40
2014.02.04 09:20:41.844,1.50028,1.50048,1.67,1.00
2014.02.04 09:20:41.945,1.50031,1.50049,1.10,1.50
2014.02.04 09:20:44.207,1.5003,1.50051,2.89,1.58
2014.02.04 09:20:44.867,1.50033,1.50052,1.39,1.10
2014.02.04 09:20:49.920,1.50033,1.50052,2.22,1.00
2014.02.04 09:20:50.529,1.50033,1.50052,1.15,1.38
2014.02.04 09:20:55.800,1.50032,1.50052,1.85,1.00
2014.02.04 09:20:55.851,1.50035,1.50055,1.64,1.10
2014.02.04 09:20:56.100,1.50038,1.50059,1.57,2.03
2014.02.04 09:20:56.303,1.50039,1.50059,1.39,1.20
2014.02.04 09:20:56.354,1.50039,1.50059,2.07,1.13
2014.02.04 09:20:57.736,1.50039,1.5006,2.14,1.88
2014.02.04 09:20:57.939,1.50038,1.50057,1.57,1.20
2014.02.04 09:20:58.445,1.50038,1.50058,1.64,1.58
2014.02.04 09:21:00.397,1.50038,1.50058,2.07,1.08
2014.02.04 09:21:00.499,1.50038,1.50058,1.58,1.10
2014.02.04 09:21:00.601,1.50038,1.50054,1.15,1.00
2014.02.04 09:21:01.006,1.50038,1.50056,1.72,1.00
2014.02.04 09:21:01.110,1.50038,1.50053,1.72,1.00
2014.02.04 09:21:01.211,1.50033,1.50053,1.65,1.00
2014.02.04 09:21:01.758,1.50033,1.50052,1.65,1.00
2014.02.04 09:21:03.088,1.50033,1.50053,1.65,1.00
2014.02.04 09:21:03.291,1.50033,1.50053,1.65,1.00
2014.02.04 09:21:03.442,1.50033,1.50052,1.85,1.00
2014.02.04 09:21:03.544,1.50033,1.50052,1.15,1.00
2014.02.04 09:21:03.746,1.50033,1.50052,1.18,1.00
2014.02.04 09:21:03.898,1.50033,1.50052,1.83,1.00
2014.02.04 09:21:04.201,1.50037,1.50052,1.08,1.00
2014.02.04 09:21:04.303,1.50034,1.50055,2.25,1.00
2014.02.04 09:21:04.455,1.50038,1.50058,1.67,1.00
2014.02.04 09:21:04.557,1.5004,1.50058,1.58,1.00
2014.02.04 09:21:04.860,1.50042,1.50063,1.15,1.63
2014.02.04 09:21:05.590,1.50042,1.50063,1.15,1.39
2014.02.04 09:21:05.962,1.5004,1.5006,1.18,1.20
2014.02.04 09:21:06.468,1.5004,1.50059,1.00,1.00
2014.02.04 09:21:06.519,1.5004,1.50059,1.00,1.08
2014.02.04 09:21:07.131,1.5004,1.50059,1.00,1.10
2014.02.04 09:21:08.320,1.5004,1.50059,1.57,1.10
2014.02.04 09:21:08.847,1.5004,1.5006,1.00,2.03
2014.02.04 09:21:09.112,1.5004,1.5006,1.00,3.45
2014.02.04 09:21:09.163,1.50038,1.5006,1.32,3.45
2014.02.04 09:21:09.365,1.50036,1.50057,1.10,1.18
2014.02.04 09:21:09.719,1.50031,1.50051,1.39,1.50
2014.02.04 09:21:09.871,1.50028,1.50046,1.58,1.10
2014.02.04 09:21:10.024,1.50027,1.50046,1.00,1.58
2014.02.04 09:21:10.550,1.50027,1.50046,1.00,1.50
2014.02.04 09:21:11.157,1.50026,1.50046,1.20,1.50
2014.02.04 09:21:12.328,1.50025,1.50046,1.08,1.58
2014.02.04 09:21:12.885,1.50025,1.50046,1.00,1.65
2014.02.04 09:21:13.654,1.50024,1.50045,1.10,1.09
2014.02.04 09:21:14.033,1.50024,1.50045,1.00,1.09
2014.02.04 09:21:14.750,1.50023,1.50045,1.58,1.40
2014.02.04 09:21:15.410,1.50023,1.50045,1.58,1.40
2014.02.04 09:21:15.946,1.50024,1.50045,1.00,1.09
2014.02.04 09:21:20.420,1.50024,1.50043,1.00,1.33
2014.02.04 09:21:20.943,1.50023,1.50043,1.50,1.40
2014.02.04 09:21:24.955,1.50024,1.50045,1.10,1.15
2014.02.04 09:21:25.501,1.50024,1.50045,1.10,1.18
2014.02.04 09:21:26.595,1.50024,1.50043,1.10,1.00
2014.02.04 09:21:26.772,1.50022,1.50041,1.15,1.00
2014.02.04 09:21:26.975,1.50019,1.50038,1.00,1.00
2014.02.04 09:21:27.076,1.50017,1.50038,2.25,1.15
2014.02.04 09:21:27.279,1.50019,1.50041,1.00,2.40
2014.02.04 09:21:29.045,1.50019,1.50039,1.00,1.00
2014.02.04 09:21:29.096,1.50019,1.50039,1.00,1.15
2014.02.04 09:21:29.600,1.5002,1.50039,1.32,1.65
2014.02.04 09:21:29.651,1.5002,1.50039,1.32,1.50
2014.02.04 09:21:29.752,1.50021,1.50042,1.65,1.65
2014.02.04 09:21:30.281,1.50022,1.50042,1.00,1.65
2014.02.04 09:21:30.792,1.50021,1.50041,1.65,1.00
2014.02.04 09:21:31.758,1.50021,1.50042,2.40,1.65
2014.02.04 09:21:32.264,1.50022,1.50042,1.47,1.50
2014.02.04 09:21:32.315,1.50023,1.50045,1.58,1.58
2014.02.04 09:21:32.862,1.50023,1.50043,1.58,1.00
2014.02.04 09:21:33.480,1.50024,1.50043,1.00,1.50
2014.02.04 09:21:36.131,1.50024,1.50038,1.00,1.00
2014.02.04 09:21:36.232,1.5002,1.50038,1.08,1.00
2014.02.04 09:21:36.283,1.5002,1.50038,1.00,1.83
2014.02.04 09:21:36.334,1.50017,1.50036,1.57,1.15
2014.02.04 09:21:36.587,1.50016,1.50035,1.00,1.02
2014.02.04 09:21:36.739,1.50013,1.50033,1.10,1.18
2014.02.04 09:21:37.043,1.50013,1.5003,1.00,1.00
2014.02.04 09:21:37.347,1.50012,1.50028,1.00,1.00
2014.02.04 09:21:37.550,1.50012,1.5003,1.00,1.50
2014.02.04 09:21:37.904,1.50011,1.50028,1.10,1.00
2014.02.04 09:21:38.006,1.50007,1.50028,1.65,1.10
2014.02.04 09:21:38.789,1.50007,1.50028,1.50,1.20
2014.02.04 09:21:39.973,1.50007,1.50027,1.50,1.00
2014.02.04 09:21:40.543,1.50007,1.50029,1.65,1.08
2014.02.04 09:21:41.048,1.50008,1.5003,1.50,1.34
2014.02.04 09:21:41.554,1.50008,1.50026,1.00,1.08
2014.02.04 09:21:43.441,1.50005,1.50026,1.10,1.08
2014.02.04 09:21:43.862,1.50002,1.50024,1.18,1.10
2014.02.04 09:21:44.946,1.50002,1.50024,1.15,1.00
2014.02.04 09:21:46.038,1.50002,1.50025,1.15,1.10
2014.02.04 09:21:46.369,1.50003,1.50025,1.39,1.00
2014.02.04 09:21:47.578,1.50003,1.50028,1.39,1.18
2014.02.04 09:21:49.557,1.50003,1.50026,1.39,1.00
2014.02.04 09:21:50.130,1.50003,1.50028,1.39,1.18
2014.02.04 09:21:50.486,1.50011,1.50028,1.39,1.00
2014.02.04 09:21:50.587,1.50013,1.50031,1.00,1.50
2014.02.04 09:21:50.690,1.50012,1.50031,1.00,1.15
2014.02.04 09:21:50.741,1.50009,1.50031,1.57,1.15
2014.02.04 09:21:50.792,1.50007,1.50027,1.10,1.10
2014.02.04 09:21:50.893,1.50005,1.50027,1.64,1.18
2014.02.04 09:21:51.243,1.50003,1.50027,1.74,1.10
2014.02.04 09:21:51.806,1.50003,1.50027,1.72,1.15
2014.02.04 09:21:52.356,1.50003,1.50027,1.72,1.15
2014.02.04 09:21:53.520,1.50003,1.50025,1.72,1.18
2014.02.04 09:21:55.820,1.50007,1.50028,1.00,1.58
2014.02.04 09:21:55.922,1.50007,1.50028,2.14,1.00
2014.02.04 09:21:56.074,1.50005,1.50028,2.22,1.08
2014.02.04 09:21:56.730,1.50002,1.50027,1.72,1.08
2014.02.04 09:21:58.066,1.50004,1.50026,1.39,1.10
2014.02.04 09:21:59.288,1.50004,1.50028,2.07,1.00
2014.02.04 09:22:00.017,1.50002,1.50028,1.39,1.10
2014.02.04 09:22:00.186,1.50002,1.50028,1.39,1.18
2014.02.04 09:22:00.237,1.50001,1.50028,2.97,1.15
2014.02.04 09:22:02.147,1.50002,1.50029,1.72,1.65
2014.02.04 09:22:02.198,1.50003,1.50029,1.39,1.65
2014.02.04 09:22:02.404,1.50004,1.50029,1.39,1.58
2014.02.04 09:22:03.125,1.50011,1.50029,1.00,1.10
2014.02.04 09:22:03.177,1.50012,1.50031,1.00,1.10
2014.02.04 09:22:06.493,1.50012,1.50032,1.00,1.65
2014.02.04 09:22:06.661,1.50012,1.50032,1.00,1.65
2014.02.04 09:22:08.890,1.50011,1.5003,1.00,1.10
2014.02.04 09:22:11.057,1.50013,1.50031,1.00,1.18
2014.02.04 09:22:13.620,1.50013,1.50031,1.00,1.58
2014.02.04 09:22:14.132,1.50013,1.50029,1.00,1.32
2014.02.04 09:22:14.185,1.50004,1.50022,1.18,1.00
2014.02.04 09:22:14.337,1.5,1.50022,3.64,1.10
2014.02.04 09:22:14.388,1.5,1.50022,2.82,1.50
2014.02.04 09:22:16.302,1.5,1.50022,1.39,1.15
2014.02.04 09:22:20.127,1.5,1.50022,1.32,1.58
2014.02.04 09:22:22.331,1.49999,1.5002,2.25,1.15
2014.02.04 09:22:24.749,1.49999,1.50019,2.25,1.65
2014.02.04 09:22:25.096,1.49999,1.50015,1.50,1.00
2014.02.04 09:22:26.239,1.49999,1.50016,1.50,1.00
2014.02.04 09:22:28.187,1.49999,1.50017,1.50,1.20
2014.02.04 09:22:31.879,1.49996,1.50019,1.72,1.65
2014.02.04 09:22:32.082,1.49993,1.50015,1.32,1.15
2014.02.04 09:22:32.234,1.49993,1.50015,1.32,1.58
2014.02.04 09:22:34.479,1.49993,1.50014,3.19,1.15
2014.02.04 09:22:34.582,1.49993,1.50014,2.97,1.10
2014.02.04 09:22:35.131,1.49996,1.50017,1.00,1.15
2014.02.04 09:22:35.386,1.49996,1.50017,1.08,1.18
2014.02.04 09:22:35.902,1.49996,1.50018,1.18,1.18
2014.02.04 09:22:36.262,1.49998,1.50019,1.08,1.65
2014.02.04 09:22:36.364,1.49997,1.50019,1.15,1.08
2014.02.04 09:22:38.777,1.49997,1.50019,1.10,1.15
2014.02.04 09:22:40.208,1.49998,1.50019,1.00,1.65
2014.02.04 09:22:46.184,1.49998,1.50019,1.00,4.32
2014.02.04 09:22:46.503,1.49997,1.50012,1.00,2.33
2014.02.04 09:22:46.560,1.49987,1.50004,2.07,1.00
2014.02.04 09:22:46.611,1.49987,1.50004,1.50,1.00
2014.02.04 09:22:46.764,1.49986,1.50004,1.00,1.15
2014.02.04 09:22:46.865,1.49984,1.50004,1.00,1.65
2014.02.04 09:22:47.598,1.49982,1.50004,1.00,2.22
2014.02.04 09:22:48.045,1.49984,1.50004,1.00,1.47
2014.02.04 09:22:48.349,1.49984,1.50001,1.00,1.47
2014.02.04 09:22:48.857,1.49987,1.50001,1.00,1.15
2014.02.04 09:22:49.940,1.49984,1.50001,1.00,1.18
2014.02.04 09:22:50.249,1.49986,1.50001,1.00,1.18
2014.02.04 09:22:50.553,1.49986,1.49994,1.00,1.15
2014.02.04 09:22:50.702,1.49974,1.49989,1.00,1.00
2014.02.04 09:22:50.804,1.49972,1.49991,1.00,1.32
2014.02.04 09:22:51.159,1.49976,1.49989,1.00,1.47
2014.02.04 09:22:51.465,1.49976,1.49989,1.00,1.39
2014.02.04 09:22:51.566,1.49974,1.49989,1.00,1.39
2014.02.04 09:22:51.618,1.49974,1.4999,1.00,1.39
2014.02.04 09:22:52.116,1.49972,1.49989,1.00,1.39
2014.02.04 09:22:52.325,1.49972,1.49991,1.00,2.07
2014.02.04 09:22:52.999,1.49971,1.49991,1.00,2.07
2014.02.04 09:22:53.549,1.49971,1.49992,1.00,2.89
2014.02.04 09:22:56.069,1.49972,1.49992,1.00,2.89
2014.02.04 09:22:57.878,1.49977,1.49992,1.00,2.33
2014.02.04 09:22:58.030,1.49977,1.49992,1.00,1.15
2014.02.04 09:22:58.579,1.49977,1.49996,1.00,1.53
2014.02.04 09:22:58.927,1.49979,1.49996,1.00,1.53
2014.02.04 09:22:59.586,1.49978,1.49996,1.00,1.53
2014.02.04 09:23:00.280,1.49979,1.49996,1.00,1.53
2014.02.04 09:23:01.349,1.49978,1.49996,1.00,1.53
2014.02.04 09:23:02.997,1.49976,1.49996,1.00,1.72
2014.02.04 09:23:04.426,1.49977,1.49997,1.00,4.32
2014.02.04 09:23:05.857,1.49979,1.49997,1.00,4.32
2014.02.04 09:23:09.733,1.49981,1.49996,1.00,1.37
2014.02.04 09:23:10.726,1.49979,1.49996,1.00,1.74
2014.02.04 09:23:11.465,1.49981,1.49996,1.00,1.74
2014.02.04 09:23:11.726,1.49981,1.49998,1.00,1.09
2014.02.04 09:23:11.828,1.49989,1.49998,1.00,1.02
2014.02.04 09:23:12.030,1.4999,1.50005,1.00,1.94
2014.02.04 09:23:12.132,1.4999,1.50007,1.00,1.74
2014.02.04 09:23:12.712,1.49991,1.50011,1.00,1.28
2014.02.04 09:23:12.814,1.49994,1.50011,1.00,1.28
2014.02.04 09:23:12.865,1.49994,1.50012,1.00,3.27
2014.02.04 09:23:13.016,1.49994,1.50012,1.00,1.09
2014.02.04 09:23:13.578,1.49994,1.50012,1.00,1.09
2014.02.04 09:23:14.453,1.49994,1.50012,1.00,1.02
2014.02.04 09:23:14.923,1.49994,1.50017,1.00,1.72
2014.02.04 09:23:15.024,1.49999,1.50017,1.00,1.72
2014.02.04 09:23:15.398,1.49999,1.50017,1.00,2.14
2014.02.04 09:23:15.449,1.49997,1.50016,1.00,1.39
2014.02.04 09:23:16.528,1.49999,1.50016,1.00,1.39
2014.02.04 09:23:16.878,1.50007,1.50017,1.00,2.25
2014.02.04 09:23:16.930,1.50008,1.5002,1.00,3.64
2014.02.04 09:23:18.709,1.50008,1.5002,1.00,2.22
2014.02.04 09:23:22.245,1.50007,1.50022,1.00,2.52
2014.02.04 09:23:22.726,1.50007,1.50022,1.00,1.84
2014.02.04 09:23:23.691,1.50009,1.50022,1.00,2.59
2014.02.04 09:23:24.241,1.5001,1.50024,1.00,1.55
2014.02.04 09:23:24.545,1.50017,1.50033,1.00,2.07
2014.02.04 09:23:24.696,1.50017,1.50033,1.00,1.84
2014.02.04 09:23:26.759,1.50017,1.50033,1.00,1.84
2014.02.04 09:23:27.346,1.50017,1.50033,1.00,2.52
2014.02.04 09:23:28.199,1.50018,1.50033,1.00,1.84
2014.02.04 09:23:29.096,1.50016,1.50033,1.00,1.84
2014.02.04 09:23:31.295,1.50018,1.50033,1.00,1.84
2014.02.04 09:23:33.216,1.50019,1.50033,1.00,1.84
2014.02.04 09:23:35.898,1.50018,1.50033,1.00,1.84
2014.02.04 09:23:37.099,1.50016,1.50033,1.00,1.84
2014.02.04 09:23:37.680,1.50018,1.50033,1.00,1.84
2014.02.04 09:23:38.239,1.50017,1.50033,1.00,1.84
2014.02.04 09:23:38.854,1.50017,1.50033,1.00,1.69
2014.02.04 09:23:39.416,1.50016,1.50033,1.00,1.69
2014.02.04 09:23:41.284,1.50017,1.50033,1.00,1.69
2014.02.04 09:23:41.717,1.50019,1.50033,1.00,1.69
2014.02.04 09:23:42.056,1.50017,1.50033,1.00,1.69
2014.02.04 09:23:42.595,1.50016,1.50033,1.00,1.84
2014.02.04 09:23:42.944,1.50018,1.50034,1.00,1.02
2014.02.04 09:23:43.147,1.50018,1.50039,1.18,1.74
2014.02.04 09:23:43.451,1.50021,1.50039,1.00,1.74
2014.02.04 09:23:48.568,1.50019,1.50038,1.10,1.67
2014.02.04 09:23:48.670,1.50023,1.50041,1.00,1.47
2014.02.04 09:23:48.823,1.50023,1.50041,1.00,1.39
2014.02.04 09:23:49.248,1.50022,1.50041,1.00,2.97
2014.02.04 09:23:49.400,1.50015,1.50035,1.50,1.02
2014.02.04 09:23:49.451,1.50013,1.50028,1.10,1.00
2014.02.04 09:23:49.553,1.50011,1.50028,2.33,1.00
2014.02.04 09:23:49.756,1.50011,1.50024,2.25,1.32
2014.02.04 09:23:50.059,1.50003,1.50011,1.13,1.50
2014.02.04 09:23:50.370,1.49994,1.50004,1.00,1.18
2014.02.04 09:23:50.673,1.49989,1.50004,1.00,2.22
2014.02.04 09:23:50.724,1.49986,1.50004,1.28,1.65
2014.02.04 09:23:51.239,1.49987,1.50004,1.00,1.65
2014.02.04 09:23:51.290,1.49989,1.50004,1.00,1.65
2014.02.04 09:23:51.943,1.49989,1.50003,1.00,1.18
2014.02.04 09:23:52.045,1.49987,1.50003,1.00,1.18
2014.02.04 09:23:53.239,1.49988,1.50003,1.00,1.18
2014.02.04 09:23:54.590,1.4999,1.50003,1.00,1.18
2014.02.04 09:23:55.435,1.49991,1.50003,1.00,1.18
2014.02.04 09:23:55.809,1.49989,1.50003,1.00,1.18
2014.02.04 09:23:58.644,1.49991,1.50006,1.00,3.08
2014.02.04 09:23:59.159,1.49992,1.50006,1.00,1.65
2014.02.04 09:23:59.425,1.49982,1.50002,1.65,1.00
2014.02.04 09:23:59.526,1.49982,1.50002,1.50,1.00
2014.02.04 09:23:59.881,1.49982,1.49999,1.50,1.00
2014.02.04 09:24:00.084,1.49978,1.49999,1.58,1.00
2014.02.04 09:24:00.624,1.49978,1.49998,1.58,1.32
2014.02.04 09:24:01.273,1.49975,1.49997,1.15,1.00
2014.02.04 09:24:01.779,1.49976,1.49996,1.18,1.00
2014.02.04 09:24:02.310,1.49976,1.49996,1.18,1.57
2014.02.04 09:24:02.858,1.49978,1.49996,1.00,1.57
2014.02.04 09:24:03.497,1.49973,1.49996,3.08,2.07
2014.02.04 09:24:03.631,1.49973,1.49996,3.08,1.50
2014.02.04 09:24:04.388,1.49979,1.49996,1.00,1.00
2014.02.04 09:24:04.894,1.49979,1.49999,1.00,1.15
2014.02.04 09:24:05.478,1.49978,1.49999,1.00,1.15
2014.02.04 09:24:05.782,1.4997,1.49986,1.00,1.10
2014.02.04 09:24:06.288,1.4997,1.49985,1.00,1.10
2014.02.04 09:24:06.591,1.49965,1.49985,1.00,1.18
2014.02.04 09:24:06.692,1.49967,1.49985,1.00,1.18
2014.02.04 09:24:06.946,1.49967,1.49985,1.00,1.20
2014.02.04 09:24:06.997,1.4997,1.49985,1.00,1.10
2014.02.04 09:24:08.022,1.49967,1.49986,1.00,1.74
2014.02.04 09:24:08.242,1.49969,1.49985,1.00,1.65
2014.02.04 09:24:08.662,1.49967,1.49985,1.00,1.58
2014.02.04 09:24:08.941,1.49967,1.49987,1.10,1.00
2014.02.04 09:24:08.992,1.49973,1.49989,1.00,2.40
2014.02.04 09:24:09.501,1.49973,1.49989,1.00,1.50
2014.02.04 09:24:09.806,1.49974,1.49992,1.00,1.00
2014.02.04 09:24:09.857,1.49974,1.49994,1.00,2.22
2014.02.04 09:24:10.368,1.49974,1.49994,1.00,1.39
2014.02.04 09:24:11.696,1.49974,1.49994,1.00,1.39
2014.02.04 09:24:11.950,1.49972,1.49991,1.00,1.10
2014.02.04 09:24:12.652,1.49974,1.49993,1.00,1.18
2014.02.04 09:24:12.856,1.4997,1.49989,1.58,1.00
2014.02.04 09:24:13.173,1.49971,1.49992,1.10,1.08
2014.02.04 09:24:13.377,1.49974,1.49993,1.00,1.74
2014.02.04 09:24:13.883,1.49973,1.49992,1.20,2.07
2014.02.04 09:24:15.393,1.49971,1.4999,1.15,1.57
2014.02.04 09:24:15.698,1.49962,1.49979,2.40,1.00
2014.02.04 09:24:16.002,1.4997,1.49988,1.00,3.38
2014.02.04 09:24:16.053,1.4997,1.49983,1.00,1.13
2014.02.04 09:24:16.206,1.49962,1.49973,1.65,1.00
2014.02.04 09:24:16.359,1.49957,1.49973,1.55,1.00
2014.02.04 09:24:16.935,1.49952,1.49974,3.00,1.00
2014.02.04 09:24:17.188,1.49954,1.49974,1.50,1.00
2014.02.04 09:24:17.643,1.49952,1.49974,3.08,1.00
2014.02.04 09:24:19.724,1.49953,1.49974,1.18,1.32
2014.02.04 09:24:19.775,1.49953,1.4997,1.08,1.00
2014.02.04 09:24:19.826,1.49952,1.4997,1.65,1.00
2014.02.04 09:24:19.877,1.49956,1.49974,1.00,1.47
2014.02.04 09:24:20.181,1.49953,1.4997,1.58,1.00
2014.02.04 09:24:21.295,1.49953,1.49968,1.58,1.00
2014.02.04 09:24:21.490,1.49953,1.49968,1.15,1.00
2014.02.04 09:24:21.643,1.49953,1.49966,1.18,1.00
2014.02.04 09:24:22.042,1.49953,1.49966,1.74,1.00
2014.02.04 09:24:22.093,1.49953,1.49976,1.74,1.10
2014.02.04 09:24:22.245,1.49958,1.49982,1.50,1.85
2014.02.04 09:24:22.448,1.49958,1.49976,1.08,1.00
2014.02.04 09:24:22.499,1.49956,1.49976,1.18,1.00
2014.02.04 09:24:23.241,1.49956,1.49976,1.15,1.00
2014.02.04 09:24:23.972,1.49956,1.49976,1.15,1.00
2014.02.04 09:24:26.855,1.49956,1.49976,1.58,1.00
2014.02.04 09:24:27.027,1.49956,1.49974,1.58,1.00
2014.02.04 09:24:27.129,1.49956,1.49974,1.15,1.32
2014.02.04 09:24:27.331,1.49952,1.49974,1.15,1.32
2014.02.04 09:24:27.870,1.49952,1.49973,1.15,1.00
2014.02.04 09:24:28.520,1.49952,1.49973,1.15,1.00
2014.02.04 09:24:29.038,1.49952,1.49974,1.15,1.32
2014.02.04 09:24:30.190,1.49951,1.49975,1.58,2.82
2014.02.04 09:24:30.695,1.49951,1.49976,1.18,2.89
2014.02.04 09:24:31.634,1.4995,1.49976,1.58,1.72
2014.02.04 09:24:31.887,1.49954,1.49979,1.65,1.10
2014.02.04 09:24:31.938,1.49956,1.49979,1.08,1.10
2014.02.04 09:24:32.444,1.49958,1.49984,1.15,1.47
2014.02.04 09:24:32.942,1.4996,1.49985,1.08,1.72
2014.02.04 09:24:34.157,1.49958,1.49978,1.50,1.00
2014.02.04 09:24:34.259,1.49957,1.49978,1.15,1.10
2014.02.04 09:24:34.311,1.49955,1.49975,2.89,1.00
2014.02.04 09:24:34.362,1.49955,1.49975,1.65,1.00
2014.02.04 09:24:34.665,1.49955,1.49978,1.65,1.20
2014.02.04 09:24:34.767,1.49955,1.49978,2.33,1.50
2014.02.04 09:24:35.731,1.49958,1.49979,1.18,1.10
2014.02.04 09:24:36.294,1.49965,1.49982,1.00,2.22
2014.02.04 09:24:36.447,1.49965,1.49982,1.00,1.50
2014.02.04 09:24:36.598,1.49965,1.49983,1.57,1.50
2014.02.04 09:24:36.751,1.49976,1.49993,1.00,1.35
2014.02.04 09:24:36.852,1.49971,1.49994,1.15,1.65
2014.02.04 09:24:37.004,1.49971,1.49994,1.15,1.32
2014.02.04 09:24:37.310,1.49971,1.49992,1.08,1.10
2014.02.04 09:24:39.702,1.49978,1.49994,1.00,1.65
2014.02.04 09:24:39.804,1.49978,1.49994,1.00,1.50
2014.02.04 09:24:40.399,1.49978,1.49996,1.00,1.65
2014.02.04 09:24:40.928,1.49977,1.49996,1.00,1.65
2014.02.04 09:24:42.368,1.49979,1.49996,1.00,1.20
2014.02.04 09:24:42.926,1.49979,1.49995,1.00,1.50
2014.02.04 09:24:43.900,1.4998,1.49995,1.00,1.50
2014.02.04 09:24:44.054,1.4998,1.49997,1.00,1.00
2014.02.04 09:24:44.634,1.49982,1.49999,1.00,2.59
2014.02.04 09:24:45.192,1.49981,1.49999,1.00,1.95
2014.02.04 09:24:45.597,1.49981,1.50002,1.15,1.50
2014.02.04 09:24:45.699,1.49982,1.50002,1.15,1.00
2014.02.04 09:24:46.217,1.49985,1.50003,1.10,1.00
2014.02.04 09:24:46.775,1.49985,1.50004,1.10,1.20
2014.02.04 09:24:47.188,1.49989,1.50004,1.00,1.13
2014.02.04 09:24:48.815,1.49988,1.50006,1.00,1.38
2014.02.04 09:24:49.119,1.49988,1.50002,1.00,1.57
2014.02.04 09:24:49.392,1.49982,1.49999,1.10,2.07
2014.02.04 09:24:49.448,1.49982,1.49993,1.10,1.00
2014.02.04 09:24:49.751,1.49987,1.50001,1.00,1.95
2014.02.04 09:24:50.010,1.49987,1.50001,1.00,1.50
2014.02.04 09:24:50.516,1.49988,1.50004,1.00,1.15
2014.02.04 09:24:51.022,1.49987,1.50005,1.00,1.10
2014.02.04 09:24:51.528,1.49986,1.50004,1.00,1.39
2014.02.04 09:24:52.154,1.49985,1.50004,1.00,1.39
2014.02.04 09:24:52.679,1.49984,1.50003,1.18,1.00
2014.02.04 09:24:53.289,1.49984,1.50003,1.00,2.14
2014.02.04 09:24:53.441,1.4998,1.49999,1.00,1.20
2014.02.04 09:24:53.492,1.49982,1.5,1.00,1.08
2014.02.04 09:24:53.796,1.49998,1.50012,1.00,2.03
2014.02.04 09:24:53.999,1.49996,1.50013,1.00,1.53
2014.02.04 09:24:54.252,1.49996,1.50016,1.08,1.13
2014.02.04 09:24:54.303,1.49996,1.50017,1.15,1.00
2014.02.04 09:24:54.505,1.49995,1.50016,1.65,1.10
2014.02.04 09:24:54.556,1.49995,1.50012,1.65,1.00
2014.02.04 09:24:55.241,1.49991,1.50007,1.50,1.00
2014.02.04 09:24:55.546,1.49975,1.49994,1.00,1.65
2014.02.04 09:24:55.749,1.49975,1.49994,1.58,1.58
2014.02.04 09:24:55.901,1.49979,1.49997,1.00,1.10
2014.02.04 09:24:56.571,1.4998,1.49997,1.00,1.10
2014.02.04 09:24:56.846,1.4998,1.50001,1.00,1.15
2014.02.04 09:24:56.999,1.49982,1.50001,1.00,1.15
2014.02.04 09:24:57.253,1.49982,1.50004,1.00,2.03
2014.02.04 09:24:57.304,1.49984,1.50003,1.00,1.48
2014.02.04 09:24:57.836,1.49984,1.50003,1.00,1.53
2014.02.04 09:24:58.261,1.49985,1.50006,1.00,1.47
2014.02.04 09:24:58.362,1.49989,1.50007,1.00,1.15
2014.02.04 09:24:58.615,1.49984,1.50007,1.00,2.22
2014.02.04 09:24:58.666,1.49984,1.50007,1.08,2.14
2014.02.04 09:24:58.717,1.49984,1.50007,1.15,2.07
2014.02.04 09:24:58.818,1.49984,1.50007,1.10,1.72
2014.02.04 09:24:59.332,1.49984,1.50007,1.00,2.14
2014.02.04 09:24:59.920,1.49985,1.50009,1.00,5.67
2014.02.04 09:25:00.027,1.49985,1.50009,1.15,2.82
2014.02.04 09:25:00.450,1.49988,1.50009,1.00,1.32
2014.02.04 09:25:01.137,1.49992,1.5001,1.00,1.15
2014.02.04 09:25:01.240,1.49991,1.5001,1.15,1.00
2014.02.04 09:25:01.544,1.49991,1.50012,1.00,1.20
2014.02.04 09:25:01.719,1.49989,1.50012,1.10,1.20
2014.02.04 09:25:02.429,1.49989,1.50013,1.08,2.03
2014.02.04 09:25:04.264,1.49987,1.50013,2.14,1.55
2014.02.04 09:25:05.152,1.49989,1.50013,1.72,2.03
2014.02.04 09:25:05.610,1.5,1.50013,1.00,1.65
2014.02.04 09:25:05.715,1.5,1.50013,1.00,1.58
2014.02.04 09:25:05.918,1.50002,1.50018,1.00,1.50
2014.02.04 09:25:06.274,1.49999,1.50023,1.10,2.33
2014.02.04 09:25:06.477,1.50005,1.50023,1.00,1.50
2014.02.04 09:25:06.629,1.50011,1.50027,1.00,1.08
2014.02.04 09:25:06.781,1.50011,1.50031,1.18,1.58
2014.02.04 09:25:07.799,1.50012,1.50036,1.10,1.15
2014.02.04 09:25:07.952,1.50012,1.50036,1.08,1.18
2014.02.04 09:25:08.003,1.50012,1.50036,1.15,1.10
2014.02.04 09:25:10.798,1.50012,1.50037,2.22,1.18
2014.02.04 09:25:11.299,1.50012,1.50037,1.65,1.15
2014.02.04 09:25:11.743,1.50012,1.50036,1.20,2.14
2014.02.04 09:25:12.269,1.50011,1.50032,1.20,1.50
2014.02.04 09:25:12.572,1.50006,1.50028,1.20,1.15
2014.02.04 09:25:12.775,1.50002,1.50024,1.00,1.20
2014.02.04 09:25:12.980,1.5,1.50024,1.08,1.74
2014.02.04 09:25:13.031,1.5,1.50024,1.00,1.72
2014.02.04 09:25:13.990,1.49996,1.50022,1.88,1.47
2014.02.04 09:25:14.604,1.49996,1.50022,1.50,1.47
2014.02.04 09:25:17.036,1.49998,1.50022,1.65,1.32
2014.02.04 09:25:17.699,1.49998,1.50022,1.65,1.57
2014.02.04 09:25:18.246,1.5,1.50023,1.18,1.10
2014.02.04 09:25:18.550,1.5,1.50019,1.18,1.00
2014.02.04 09:25:18.901,1.5,1.5002,1.58,1.00
2014.02.04 09:25:19.346,1.5,1.50022,2.33,1.00
2014.02.04 09:25:20.348,1.5,1.5002,2.33,1.00
2014.02.04 09:25:21.048,1.5,1.5002,1.72,1.00
2014.02.04 09:25:21.099,1.5,1.50025,1.72,1.84
2014.02.04 09:25:25.953,1.5,1.50021,1.47,1.00
2014.02.04 09:25:26.003,1.49998,1.50013,2.07,1.00
2014.02.04 09:25:26.105,1.49998,1.50013,1.00,1.00
2014.02.04 09:25:26.409,1.49998,1.50017,1.57,2.33
2014.02.04 09:25:26.663,1.49998,1.50018,1.64,1.10
2014.02.04 09:25:28.206,1.49999,1.50019,1.72,1.00
2014.02.04 09:25:29.044,1.49999,1.5002,1.72,1.50
2014.02.04 09:25:29.197,1.49999,1.5002,1.72,1.00
2014.02.04 09:25:30.228,1.5,1.50021,1.47,1.00
2014.02.04 09:25:30.645,1.5,1.50021,2.14,1.00
2014.02.04 09:25:31.548,1.50003,1.50024,1.18,2.14
2014.02.04 09:25:31.600,1.50003,1.50024,2.03,1.58
2014.02.04 09:25:31.903,1.50006,1.5003,2.22,2.59
2014.02.04 09:25:33.276,1.50006,1.5003,2.22,2.59
2014.02.04 09:25:33.820,1.50006,1.5003,2.14,3.27
2014.02.04 09:25:34.810,1.50006,1.5003,2.14,3.27
2014.02.04 09:25:34.912,1.50006,1.50028,1.10,1.84
2014.02.04 09:25:35.104,1.50002,1.50023,1.10,1.08
2014.02.04 09:25:35.156,1.5,1.50023,1.00,2.82
2014.02.04 09:25:35.662,1.49998,1.50021,1.57,1.15
2014.02.04 09:25:36.146,1.49998,1.50021,1.57,1.58
2014.02.04 09:25:40.539,1.49997,1.50019,1.67,1.15
2014.02.04 09:25:41.516,1.49996,1.5002,1.47,2.89
2014.02.04 09:25:41.668,1.49993,1.50015,1.47,2.14
2014.02.04 09:25:41.769,1.49993,1.50015,1.32,2.22
2014.02.04 09:25:41.972,1.4999,1.50014,2.22,2.33
2014.02.04 09:25:42.602,1.4999,1.50014,2.78,2.33
2014.02.04 09:25:43.734,1.4999,1.50014,2.97,2.33
2014.02.04 09:25:48.019,1.49993,1.50014,1.57,2.33
2014.02.04 09:25:48.070,1.49993,1.50014,1.57,1.20
2014.02.04 09:25:48.525,1.49993,1.50014,1.57,1.15
2014.02.04 09:25:48.576,1.49993,1.50014,1.32,1.15
2014.02.04 09:25:48.879,1.49994,1.50014,1.13,1.18
2014.02.04 09:25:49.346,1.49993,1.50014,1.39,1.18
2014.02.04 09:25:49.448,1.49993,1.50014,1.67,1.18
2014.02.04 09:25:50.004,1.49993,1.50014,1.67,1.18
2014.02.04 09:25:52.274,1.49992,1.50014,2.14,1.15
2014.02.04 09:25:54.296,1.49992,1.50014,1.74,1.15
2014.02.04 09:25:57.700,1.49993,1.50015,1.67,1.15
2014.02.04 09:25:57.750,1.49993,1.50015,1.64,1.08
2014.02.04 09:25:57.902,1.49993,1.50015,1.39,1.08
2014.02.04 09:25:58.160,1.49993,1.50015,1.32,1.08
2014.02.04 09:25:58.464,1.49988,1.50012,2.22,1.18
2014.02.04 09:25:58.985,1.49988,1.50012,1.74,1.15
2014.02.04 09:25:59.261,1.49986,1.50007,2.22,1.00
2014.02.04 09:25:59.362,1.49984,1.50004,1.39,1.00
2014.02.04 09:25:59.515,1.49981,1.5,1.58,1.00
2014.02.04 09:25:59.768,1.49978,1.5,1.74,1.10
2014.02.04 09:26:01.661,1.4998,1.5,1.32,1.08
2014.02.04 09:26:02.168,1.4998,1.5,1.32,1.10
2014.02.04 09:26:04.722,1.4998,1.50002,1.39,1.64
2014.02.04 09:26:05.227,1.4998,1.50002,2.14,1.64
2014.02.04 09:26:05.531,1.49992,1.50014,1.32,1.39
2014.02.04 09:26:05.733,1.49994,1.50015,1.00,1.18
2014.02.04 09:26:07.103,1.49993,1.50015,1.69,1.85
2014.02.04 09:26:07.610,1.49992,1.50015,1.00,2.89
2014.02.04 09:26:08.519,1.49992,1.50014,1.10,1.47
2014.02.04 09:26:08.822,1.49989,1.5001,1.50,2.22
2014.02.04 09:26:09.732,1.49989,1.5001,1.39,2.40
2014.02.04 09:26:10.232,1.49989,1.50012,3.64,1.65
2014.02.04 09:26:12.570,1.49992,1.50013,1.00,2.14
2014.02.04 09:26:13.212,1.49991,1.50013,1.32,2.89
2014.02.04 09:26:13.313,1.49992,1.50013,1.10,1.47
2014.02.04 09:26:14.118,1.49993,1.50013,1.00,1.47
2014.02.04 09:26:14.636,1.49992,1.50013,1.10,1.47
2014.02.04 09:26:15.952,1.49993,1.50012,1.00,1.08
2014.02.04 09:26:17.799,1.49995,1.50012,1.00,1.08
2014.02.04 09:26:18.497,1.49995,1.50012,1.00,1.00
2014.02.04 09:26:19.130,1.49994,1.50012,1.00,1.00
2014.02.04 09:26:19.443,1.49994,1.5001,1.00,1.00
2014.02.04 09:26:19.544,1.49994,1.50012,1.32,1.00
2014.02.04 09:26:19.595,1.49994,1.50012,1.57,1.00
2014.02.04 09:26:19.696,1.49994,1.50012,2.14,1.00
2014.02.04 09:26:19.748,1.49997,1.50014,1.00,1.00
2014.02.04 09:26:20.052,1.49996,1.50015,2.89,1.10
2014.02.04 09:26:20.103,1.49999,1.50019,1.32,1.18
2014.02.04 09:26:20.255,1.5,1.50019,1.64,1.00
2014.02.04 09:26:20.306,1.50001,1.50022,1.47,1.58
2014.02.04 09:26:20.823,1.50001,1.50022,2.97,1.50
2014.02.04 09:26:21.355,1.50005,1.50022,1.00,1.00
2014.02.04 09:26:22.139,1.50003,1.50022,1.00,1.00
2014.02.04 09:26:22.555,1.50004,1.50024,1.10,1.65
2014.02.04 09:26:22.657,1.50004,1.50024,1.10,1.67
2014.02.04 09:26:23.201,1.50004,1.50023,2.07,1.10
2014.02.04 09:26:23.505,1.49999,1.50016,1.15,1.32
2014.02.04 09:26:23.708,1.49994,1.50016,2.03,2.14
2014.02.04 09:26:23.809,1.49992,1.50015,2.89,1.15
2014.02.04 09:26:24.318,1.49993,1.50015,1.00,1.15
2014.02.04 09:26:24.833,1.49993,1.50015,1.57,2.22
2014.02.04 09:26:25.979,1.49996,1.50016,1.00,1.72
2014.02.04 09:26:26.233,1.5,1.5002,1.10,1.64
2014.02.04 09:26:28.954,1.50001,1.50021,1.00,1.77
2014.02.04 09:26:29.298,1.50001,1.50022,1.00,2.97
2014.02.04 09:26:29.848,1.50001,1.50022,1.65,2.82
2014.02.04 09:26:30.465,1.50002,1.50022,1.00,2.82
2014.02.04 09:26:33.085,1.50002,1.50022,1.08,2.82
2014.02.04 09:26:33.237,1.50002,1.50024,2.22,1.00
2014.02.04 09:26:33.288,1.50004,1.50026,2.22,1.65
2014.02.04 09:26:33.339,1.50007,1.50026,1.00,1.65
2014.02.04 09:26:33.968,1.50005,1.50026,1.00,1.65
2014.02.04 09:26:35.884,1.50006,1.50026,1.00,1.20
2014.02.04 09:26:36.143,1.50006,1.50028,2.03,1.08
2014.02.04 09:26:36.194,1.50007,1.50028,2.22,1.00
2014.02.04 09:26:36.297,1.50009,1.50032,1.72,1.53
2014.02.04 09:26:36.836,1.50008,1.5003,1.15,1.77
2014.02.04 09:26:37.441,1.50008,1.5003,1.18,1.77
2014.02.04 09:26:37.542,1.50008,1.5003,1.10,1.77
2014.02.04 09:26:38.139,1.50008,1.5003,1.50,1.77
2014.02.04 09:26:39.899,1.50009,1.5003,1.00,1.09
2014.02.04 09:26:39.950,1.50009,1.50031,1.57,2.03
2014.02.04 09:26:40.611,1.50014,1.50031,1.13,1.88
2014.02.04 09:26:40.712,1.50014,1.50036,1.13,1.15
2014.02.04 09:26:40.865,1.50014,1.5004,1.74,4.39
2014.02.04 09:26:41.387,1.50014,1.50039,2.22,1.15
2014.02.04 09:26:41.821,1.50018,1.5004,1.67,1.58
2014.02.04 09:26:41.872,1.50018,1.50042,1.74,2.03
2014.02.04 09:26:42.125,1.50018,1.50042,1.72,1.28
2014.02.04 09:26:42.642,1.50018,1.50042,2.22,1.28
2014.02.04 09:26:43.186,1.50017,1.50041,2.14,1.32
2014.02.04 09:26:43.237,1.50017,1.5004,1.50,1.39
2014.02.04 09:26:43.744,1.50017,1.50037,1.00,1.72
2014.02.04 09:26:43.795,1.50013,1.50037,1.32,1.72
2014.02.04 09:26:47.587,1.50013,1.50033,1.47,1.00
2014.02.04 09:26:47.790,1.5001,1.50033,1.65,1.39
2014.02.04 09:26:48.675,1.5001,1.50031,1.18,1.00
2014.02.04 09:26:51.906,1.50009,1.5003,1.47,1.00
2014.02.04 09:26:52.008,1.50009,1.5003,1.20,1.00
2014.02.04 09:26:52.463,1.50006,1.50028,2.22,1.00
2014.02.04 09:26:53.227,1.50006,1.50028,2.14,1.00
2014.02.04 09:26:53.875,1.50006,1.50027,2.14,1.00
2014.02.04 09:26:54.976,1.50007,1.50027,1.72,1.00
2014.02.04 09:26:55.510,1.50007,1.50029,1.72,1.00
2014.02.04 09:26:57.588,1.50007,1.50031,1.72,2.22
2014.02.04 09:26:58.668,1.50007,1.5003,1.47,1.10
2014.02.04 09:26:58.769,1.50007,1.5003,2.89,1.00
2014.02.04 09:26:59.313,1.50007,1.50031,2.89,1.58
2014.02.04 09:27:02.028,1.5001,1.50034,1.65,1.09
2014.02.04 09:27:02.332,1.50014,1.50036,1.18,1.53
2014.02.04 09:27:03.635,1.50014,1.50036,1.15,1.48
2014.02.04 09:27:04.379,1.50014,1.50034,1.00,1.09
2014.02.04 09:27:04.835,1.50015,1.50037,1.72,1.55
2014.02.04 09:27:05.038,1.50019,1.50041,1.10,2.22
2014.02.04 09:27:06.026,1.50019,1.50041,1.67,1.18
2014.02.04 09:27:06.077,1.50022,1.50041,1.00,1.18
2014.02.04 09:27:06.847,1.50023,1.50044,1.00,2.14
2014.02.04 09:27:07.503,1.5002,1.50044,1.74,1.39
2014.02.04 09:27:07.554,1.5002,1.50045,1.72,2.59
2014.02.04 09:27:08.060,1.50023,1.50046,1.15,1.02
2014.02.04 09:27:08.890,1.50022,1.50045,1.58,1.02
2014.02.04 09:27:08.992,1.50022,1.50045,1.20,1.09
2014.02.04 09:27:13.381,1.50021,1.50045,2.14,1.09
2014.02.04 09:27:13.519,1.50023,1.50045,1.00,1.77
2014.02.04 09:27:15.415,1.50022,1.50045,1.10,1.77
2014.02.04 09:27:15.880,1.50022,1.50045,1.67,1.20
2014.02.04 09:27:21.199,1.50021,1.50046,1.57,5.14
2014.02.04 09:27:22.716,1.5002,1.50043,1.88,1.50
2014.02.04 09:27:22.868,1.5002,1.50042,1.32,1.58
2014.02.04 09:27:23.071,1.50015,1.50041,2.22,1.72
2014.02.04 09:27:24.276,1.50017,1.5004,1.13,1.15
2014.02.04 09:27:24.428,1.50019,1.50042,1.20,1.18
2014.02.04 09:27:27.383,1.50019,1.50044,2.03,1.15
2014.02.04 09:27:28.368,1.50019,1.50041,1.39,1.64
2014.02.04 09:27:28.419,1.50019,1.5004,1.32,1.39
2014.02.04 09:27:29.463,1.50017,1.5004,1.57,1.39
2014.02.04 09:27:30.482,1.50015,1.50042,3.53,3.64
2014.02.04 09:27:30.533,1.50016,1.50042,1.28,3.08
2014.02.04 09:27:31.267,1.50017,1.50041,1.57,1.50
2014.02.04 09:27:32.116,1.5002,1.50041,1.13,1.50
2014.02.04 09:27:32.217,1.5002,1.50044,1.13,3.08
2014.02.04 09:27:32.319,1.5002,1.50044,1.88,4.50
2014.02.04 09:27:32.420,1.5002,1.50044,1.95,2.33
2014.02.04 09:27:39.048,1.50022,1.50044,1.67,1.15
2014.02.04 09:27:42.124,1.50022,1.50044,1.67,1.15
2014.02.04 09:27:42.628,1.50022,1.50044,1.57,1.58
2014.02.04 09:27:43.176,1.50023,1.50043,1.57,2.25
2014.02.04 09:27:43.678,1.50023,1.50043,1.00,3.00
2014.02.04 09:27:44.238,1.50023,1.50043,1.00,5.25
2014.02.04 09:27:45.235,1.5002,1.50041,1.32,1.50
2014.02.04 09:27:45.437,1.50016,1.5004,2.82,1.47
2014.02.04 09:27:45.539,1.50016,1.50037,1.32,2.14
2014.02.04 09:27:45.843,1.50012,1.50034,1.88,1.58
2014.02.04 09:27:45.996,1.50012,1.50034,1.88,1.15
2014.02.04 09:27:46.570,1.50013,1.50036,1.57,1.15
2014.02.04 09:27:48.983,1.50013,1.50036,1.57,1.65
2014.02.04 09:27:49.799,1.50012,1.50036,1.88,2.33
2014.02.04 09:27:51.775,1.50012,1.50036,1.28,1.65
2014.02.04 09:27:52.530,1.5001,1.50036,3.53,1.65
2014.02.04 09:27:53.772,1.5001,1.50036,4.20,1.65
2014.02.04 09:27:53.874,1.5001,1.50036,3.53,1.65
2014.02.04 09:27:54.582,1.50012,1.50036,1.72,1.15
2014.02.04 09:27:54.633,1.50012,1.50036,1.72,1.15
2014.02.04 09:27:54.735,1.50012,1.50036,2.14,1.10
2014.02.04 09:27:56.416,1.50012,1.50036,2.14,1.18
2014.02.04 09:27:56.928,1.50012,1.50036,1.72,1.15
2014.02.04 09:27:57.474,1.5001,1.50033,2.97,1.18
2014.02.04 09:27:57.576,1.50009,1.50033,1.00,3.57
2014.02.04 09:27:57.678,1.50009,1.50031,1.72,1.00
2014.02.04 09:27:57.931,1.50009,1.50031,2.70,1.00
2014.02.04 09:27:58.083,1.50009,1.50033,4.13,1.00
2014.02.04 09:27:58.807,1.50012,1.50033,1.58,1.00
2014.02.04 09:27:59.010,1.5001,1.50033,1.39,1.10
2014.02.04 09:27:59.540,1.50009,1.50033,2.89,1.10
2014.02.04 09:28:00.052,1.5001,1.50034,1.28,1.08
2014.02.04 09:28:00.204,1.5001,1.50035,2.63,1.20
2014.02.04 09:28:00.886,1.5001,1.50035,1.28,1.18
2014.02.04 09:28:02.108,1.5001,1.50035,1.28,1.18
2014.02.04 09:28:02.716,1.50009,1.50035,2.97,1.18
2014.02.04 09:28:04.231,1.5001,1.50035,1.39,1.10
2014.02.04 09:28:05.339,1.50012,1.50035,1.83,1.00
2014.02.04 09:28:05.601,1.50012,1.50034,1.15,1.00
2014.02.04 09:28:05.703,1.5001,1.50034,1.15,1.65
2014.02.04 09:28:06.009,1.50007,1.50032,1.47,1.47
2014.02.04 09:28:06.329,1.50014,1.50031,1.00,1.50
2014.02.04 09:28:06.481,1.50014,1.50033,1.00,1.15
2014.02.04 09:28:07.031,1.50013,1.50034,1.00,1.50
2014.02.04 09:28:07.335,1.50013,1.50032,1.00,1.50
2014.02.04 09:28:07.972,1.50013,1.50033,1.00,2.25
2014.02.04 09:28:08.524,1.50012,1.50033,1.00,1.15
2014.02.04 09:28:08.737,1.50015,1.50036,1.00,1.65
2014.02.04 09:28:09.609,1.50014,1.50035,1.00,1.50
2014.02.04 09:28:10.609,1.50014,1.50033,1.00,1.50
2014.02.04 09:28:11.794,1.50012,1.50033,1.00,1.50
2014.02.04 09:28:13.789,1.50011,1.50032,1.57,1.15
2014.02.04 09:28:14.144,1.50008,1.5003,1.32,1.47
2014.02.04 09:28:14.754,1.5001,1.5003,1.00,1.47
2014.02.04 09:28:14.856,1.5001,1.5003,1.00,1.47
2014.02.04 09:28:19.006,1.5001,1.5003,1.50,1.47
2014.02.04 09:28:19.985,1.5001,1.5003,1.58,1.47
2014.02.04 09:28:20.086,1.5001,1.5003,1.50,1.39
2014.02.04 09:28:21.985,1.50011,1.5003,1.00,2.22
2014.02.04 09:28:23.570,1.50006,1.50023,1.00,1.50
2014.02.04 09:28:23.622,1.50004,1.50023,1.00,2.25
2014.02.04 09:28:23.673,1.50001,1.5002,2.22,1.00
2014.02.04 09:28:23.977,1.49996,1.50016,2.63,1.15
2014.02.04 09:28:24.130,1.49996,1.50016,2.07,1.15
2014.02.04 09:28:24.366,1.49998,1.50016,1.13,1.15
2014.02.04 09:28:24.468,1.50001,1.50019,1.50,1.32
2014.02.04 09:28:24.519,1.50001,1.50021,1.50,1.74
2014.02.04 09:28:24.671,1.50001,1.50017,1.00,1.00
2014.02.04 09:28:24.772,1.49996,1.50017,2.25,2.22
2014.02.04 09:28:25.943,1.49998,1.50018,1.00,1.65
2014.02.04 09:28:28.284,1.49996,1.50017,1.32,2.25
2014.02.04 09:28:28.486,1.49996,1.50016,1.00,1.00
2014.02.04 09:28:28.639,1.50002,1.50017,1.00,1.10
2014.02.04 09:28:29.166,1.50002,1.5002,1.00,1.15
2014.02.04 09:28:31.022,1.50001,1.5002,1.00,1.15
2014.02.04 09:28:31.762,1.50002,1.5002,1.00,1.15
2014.02.04 09:28:36.103,1.50001,1.5002,1.00,1.15
2014.02.04 09:28:36.713,1.5,1.5002,1.25,1.15
2014.02.04 09:28:38.486,1.49999,1.5002,1.25,1.15
2014.02.04 09:28:38.792,1.49997,1.50016,1.19,1.18
2014.02.04 09:28:40.494,1.49997,1.50017,1.19,1.15
2014.02.04 09:28:40.646,1.49996,1.50015,1.00,1.65
2014.02.04 09:28:40.747,1.49996,1.50014,1.00,1.08
2014.02.04 09:28:40.900,1.49993,1.50012,1.00,1.77
2014.02.04 09:28:40.952,1.4999,1.50012,1.50,1.77
2014.02.04 09:28:41.503,1.49989,1.50011,2.07,3.19
2014.02.04 09:28:41.963,1.49991,1.50011,1.00,3.19
2014.02.04 09:28:43.046,1.49991,1.50011,1.00,1.84
2014.02.04 09:28:43.148,1.49991,1.50011,1.00,2.52
2014.02.04 09:28:43.745,1.4999,1.50011,1.00,3.27
2014.02.04 09:28:45.264,1.49991,1.50011,1.00,2.52
2014.02.04 09:28:45.794,1.49991,1.50011,1.00,2.59
2014.02.04 09:28:47.134,1.4999,1.50011,1.00,3.34
2014.02.04 09:28:48.465,1.49991,1.50011,1.00,2.59
2014.02.04 09:28:50.033,1.49992,1.50011,1.00,1.65
2014.02.04 09:28:52.873,1.49991,1.50011,1.00,1.65
2014.02.04 09:28:53.076,1.49991,1.50011,1.00,1.58
2014.02.04 09:28:53.279,1.49991,1.50011,1.00,1.58
2014.02.04 09:28:53.799,1.49992,1.50011,1.00,1.15
2014.02.04 09:28:54.328,1.49993,1.50011,1.00,1.08
2014.02.04 09:28:54.953,1.49996,1.50011,1.00,1.08
2014.02.04 09:28:55.054,1.49996,1.50015,1.00,1.15
2014.02.04 09:28:55.576,1.49997,1.50015,1.00,1.15
2014.02.04 09:28:56.749,1.49994,1.50015,1.00,1.34
2014.02.04 09:28:57.003,1.49993,1.50015,1.00,2.52
2014.02.04 09:29:01.913,1.49994,1.50012,1.00,1.18
2014.02.04 09:29:02.117,1.49994,1.50015,2.44,1.15
2014.02.04 09:29:02.218,1.49997,1.50015,1.00,1.00
2014.02.04 09:29:05.045,1.49997,1.50017,1.00,1.18
2014.02.04 09:29:05.349,1.50002,1.50022,1.19,1.50
2014.02.04 09:29:05.874,1.50002,1.50021,1.00,1.58
2014.02.04 09:29:06.262,1.5,1.50021,1.25,1.58
2014.02.04 09:29:06.813,1.5,1.50021,1.00,1.83
2014.02.04 09:29:07.406,1.50002,1.50021,1.00,1.83
2014.02.04 09:29:07.507,1.50002,1.50022,1.00,2.33
2014.02.04 09:29:07.710,1.50005,1.50022,1.00,1.58
2014.02.04 09:29:07.761,1.50005,1.50022,1.00,1.15
2014.02.04 09:29:08.619,1.50006,1.50022,1.00,1.15
2014.02.04 09:29:08.822,1.50001,1.5002,1.00,1.08
2014.02.04 09:29:09.344,1.50001,1.5002,1.00,1.15
2014.02.04 09:29:11.361,1.50003,1.50022,1.00,2.33
2014.02.04 09:29:11.463,1.50003,1.50022,1.00,1.65
2014.02.04 09:29:12.559,1.50003,1.50022,1.00,2.33
2014.02.04 09:29:13.095,1.50001,1.5002,1.00,1.37
2014.02.04 09:29:13.146,1.49999,1.5002,1.00,1.37
2014.02.04 09:29:13.197,1.49998,1.50019,1.00,1.23
2014.02.04 09:29:13.622,1.49997,1.50019,1.08,1.40
2014.02.04 09:29:14.764,1.49997,1.50017,1.65,1.00
2014.02.04 09:29:16.575,1.49997,1.5002,1.65,1.84
2014.02.04 09:29:16.627,1.49998,1.5002,1.00,1.65
2014.02.04 09:29:17.134,1.49995,1.50017,2.78,1.08
2014.02.04 09:29:17.562,1.49997,1.5002,1.58,2.40
2014.02.04 09:29:23.322,1.49998,1.50019,1.00,1.33
2014.02.04 09:29:25.678,1.49999,1.5002,1.00,1.34
2014.02.04 09:29:25.780,1.50001,1.5002,1.00,1.15
2014.02.04 09:29:26.084,1.50008,1.50029,2.33,1.15
2014.02.04 09:29:27.289,1.50008,1.5003,1.50,2.08
2014.02.04 09:29:28.266,1.50009,1.5003,1.00,1.02
2014.02.04 09:29:28.468,1.50009,1.50032,1.50,3.27
2014.02.04 09:29:28.519,1.50012,1.50032,1.00,2.40
2014.02.04 09:29:28.723,1.50013,1.50033,1.08,1.02
2014.02.04 09:29:29.229,1.50015,1.50035,1.00,1.28
2014.02.04 09:29:30.319,1.50015,1.50035,1.10,1.20
2014.02.04 09:29:30.735,1.50018,1.50036,1.00,1.20
2014.02.04 09:29:30.887,1.5002,1.50041,1.10,1.15
2014.02.04 09:29:31.242,1.50018,1.50039,1.00,1.18
2014.02.04 09:29:33.469,1.50017,1.50039,1.00,1.37
2014.02.04 09:29:33.672,1.50014,1.50038,1.15,1.29
2014.02.04 09:29:33.773,1.50013,1.50037,1.65,1.00
2014.02.04 09:29:33.874,1.50017,1.50038,1.65,1.00
2014.02.04 09:29:34.230,1.50016,1.50038,1.15,3.15
2014.02.04 09:29:34.332,1.50013,1.50037,1.15,1.34
2014.02.04 09:29:34.434,1.50013,1.50037,1.20,1.34
2014.02.04 09:29:34.842,1.50013,1.50036,1.10,1.02
2014.02.04 09:29:35.146,1.5002,1.50037,1.00,2.25
2014.02.04 09:29:35.298,1.5002,1.50039,1.00,3.00
2014.02.04 09:29:36.229,1.50017,1.50036,1.00,1.15
2014.02.04 09:29:36.279,1.50017,1.50036,1.00,2.25
2014.02.04 09:29:38.824,1.50019,1.50036,1.00,2.25
2014.02.04 09:29:39.044,1.50017,1.50036,1.00,2.25
2014.02.04 09:29:39.737,1.50014,1.50036,1.00,3.57
2014.02.04 09:29:39.787,1.50014,1.50034,1.00,2.14
2014.02.04 09:29:40.142,1.50011,1.5003,1.00,1.15
2014.02.04 09:29:40.193,1.50011,1.5003,1.00,1.15
2014.02.04 09:29:41.119,1.50013,1.5003,1.00,1.15
2014.02.04 09:29:41.562,1.5001,1.5003,1.00,1.47
2014.02.04 09:29:41.766,1.5001,1.50028,1.00,1.58
2014.02.04 09:29:41.868,1.5001,1.50028,1.00,1.15
2014.02.04 09:29:41.969,1.5001,1.50028,1.00,2.25
2014.02.04 09:29:42.273,1.50013,1.50028,1.00,1.50
2014.02.04 09:29:42.847,1.50013,1.5003,1.00,1.15
2014.02.04 09:29:43.331,1.50016,1.5003,1.00,1.15
2014.02.04 09:29:43.382,1.50016,1.5003,1.00,1.10
2014.02.04 09:29:43.620,1.50016,1.50033,1.00,1.20
2014.02.04 09:29:43.676,1.50018,1.50036,1.00,1.53
2014.02.04 09:29:43.984,1.50016,1.50036,1.00,1.53
2014.02.04 09:29:44.086,1.50016,1.50034,1.00,1.20
2014.02.04 09:29:44.394,1.50022,1.50037,1.00,1.20
2014.02.04 09:29:44.445,1.50017,1.50037,1.00,1.20
2014.02.04 09:29:44.496,1.50017,1.50034,1.00,1.20
2014.02.04 09:29:44.749,1.50015,1.50032,1.00,1.15
2014.02.04 09:29:45.254,1.50014,1.50032,1.00,1.15
2014.02.04 09:29:47.348,1.50014,1.50034,1.00,1.53
2014.02.04 09:29:48.692,1.50013,1.50034,1.00,1.53
2014.02.04 09:29:48.976,1.50013,1.50034,1.15,1.38
2014.02.04 09:29:49.282,1.50019,1.50039,1.00,1.95
2014.02.04 09:29:49.388,1.50013,1.50035,1.53,1.48
2014.02.04 09:29:49.846,1.50013,1.50033,1.08,1.13
2014.02.04 09:29:49.897,1.50013,1.50033,1.00,1.88
2014.02.04 09:29:50.684,1.50012,1.50032,1.00,1.15
2014.02.04 09:29:51.185,1.50012,1.5003,1.00,2.25
2014.02.04 09:29:51.465,1.50007,1.50025,1.00,1.00
2014.02.04 09:29:51.516,1.50007,1.50025,1.00,2.25
2014.02.04 09:29:51.783,1.50004,1.50022,1.00,1.15
2014.02.04 09:29:51.936,1.50001,1.50018,1.00,1.50
2014.02.04 09:29:51.987,1.49998,1.50017,1.00,1.58
2014.02.04 09:29:52.139,1.49998,1.50013,1.00,1.50
2014.02.04 09:29:53.555,1.49999,1.50013,1.00,1.50
2014.02.04 09:29:53.859,1.50005,1.50015,1.00,2.33
2014.02.04 09:29:53.910,1.50005,1.5002,1.00,2.78
2014.02.04 09:29:54.012,1.50005,1.50021,1.00,2.63
2014.02.04 09:29:54.274,1.50008,1.50021,1.00,1.88
2014.02.04 09:29:54.613,1.49998,1.5002,1.50,1.39
2014.02.04 09:29:54.663,1.49998,1.50015,1.50,1.08
2014.02.04 09:29:54.967,1.49994,1.5001,1.00,1.50
2014.02.04 09:29:55.069,1.4999,1.50009,1.00,1.39
2014.02.04 09:29:55.170,1.49985,1.50009,1.00,2.14
2014.02.04 09:29:55.221,1.49985,1.50006,1.00,2.89
2014.02.04 09:29:55.572,1.49985,1.5,1.00,1.50
2014.02.04 09:29:55.903,1.49985,1.49998,1.00,1.50
2014.02.04 09:29:56.374,1.49976,1.49998,1.43,2.25
2014.02.04 09:29:56.475,1.49979,1.49998,1.00,2.25
2014.02.04 09:29:57.046,1.49977,1.49997,1.00,1.50
2014.02.04 09:29:57.811,1.49974,1.49998,1.00,2.82
2014.02.04 09:29:57.963,1.49974,1.49996,1.00,1.50
2014.02.04 09:29:58.505,1.49974,1.49996,1.00,1.50
2014.02.04 09:29:59.025,1.49975,1.49996,1.00,1.50
2014.02.04 09:29:59.127,1.4997,1.49991,1.23,1.67
2014.02.04 09:29:59.178,1.4997,1.49991,1.00,2.89
2014.02.04 09:29:59.481,1.49967,1.49987,1.68,1.15
2014.02.04 09:29:59.687,1.49963,1.49985,1.58,1.72
2014.02.04 09:29:59.791,1.49963,1.49985,1.58,2.14
2014.02.04 09:30:00.309,1.49964,1.49986,1.43,1.58
2014.02.04 09:30:00.360,1.49967,1.49987,1.23,1.15
2014.02.04 09:30:00.462,1.49978,1.49989,1.00,1.20
2014.02.04 09:30:00.513,1.49978,1.49995,1.00,1.15
2014.02.04 09:30:00.564,1.49983,1.49997,1.00,2.82
2014.02.04 09:30:00.615,1.49983,1.49999,1.00,1.72
2014.02.04 09:30:00.666,1.49979,1.5,1.50,2.07
2014.02.04 09:30:00.818,1.49979,1.5,2.48,2.07
2014.02.04 09:30:01.021,1.49986,1.50007,1.00,3.75
2014.02.04 09:30:01.223,1.49988,1.50006,1.00,2.07
2014.02.04 09:30:01.529,1.49994,1.50005,1.00,1.72
2014.02.04 09:30:01.580,1.49985,1.50005,1.50,1.72
2014.02.04 09:30:01.682,1.49985,1.50005,1.00,2.03
2014.02.04 09:30:02.073,1.4999,1.50001,1.00,3.00
2014.02.04 09:30:02.329,1.49986,1.50001,1.00,3.75
2014.02.04 09:30:02.431,1.4998,1.49999,1.00,1.39
2014.02.04 09:30:02.533,1.4998,1.5,1.18,1.67
2014.02.04 09:30:02.685,1.4998,1.5,1.15,1.00
2014.02.04 09:30:02.736,1.4998,1.5,1.00,1.58
2014.02.04 09:30:03.043,1.49982,1.50001,1.00,1.50
2014.02.04 09:30:03.094,1.49982,1.50004,1.00,1.47
2014.02.04 09:30:03.145,1.49982,1.49999,1.08,1.00
2014.02.04 09:30:03.246,1.49982,1.50002,1.65,1.00
2014.02.04 09:30:03.297,1.49985,1.50002,1.08,1.00
2014.02.04 09:30:03.349,1.49985,1.50005,1.08,1.50
2014.02.04 09:30:03.400,1.49982,1.50005,1.00,1.58
2014.02.04 09:30:03.705,1.49981,1.50002,1.00,1.39
2014.02.04 09:30:03.807,1.49979,1.50002,1.58,1.39
2014.02.04 09:30:04.421,1.49985,1.50003,1.00,1.50
2014.02.04 09:30:04.523,1.49985,1.50008,1.00,5.82
2014.02.04 09:30:04.908,1.49986,1.50001,1.00,1.50
2014.02.04 09:30:05.060,1.49983,1.50005,1.65,1.64
2014.02.04 09:30:05.264,1.49983,1.50002,1.50,1.32
2014.02.04 09:30:05.365,1.49979,1.50001,1.10,1.72
2014.02.04 09:30:05.466,1.49979,1.49998,1.00,2.07
2014.02.04 09:30:05.618,1.49974,1.49997,2.25,1.72
2014.02.04 09:30:06.127,1.49975,1.49994,1.18,1.00
2014.02.04 09:30:06.180,1.49978,1.49999,1.00,1.74
2014.02.04 09:30:06.283,1.49981,1.50001,1.00,1.84
2014.02.04 09:30:06.384,1.49977,1.5,1.18,1.67
2014.02.04 09:30:06.536,1.49976,1.49995,1.65,1.57
2014.02.04 09:30:06.841,1.49974,1.49992,1.50,1.57
2014.02.04 09:30:06.892,1.49972,1.49992,1.15,1.57
2014.02.04 09:30:07.409,1.49975,1.49994,1.15,1.13
2014.02.04 09:30:07.973,1.49972,1.49994,1.15,1.20
2014.02.04 09:30:08.075,1.49972,1.49995,1.15,1.64
2014.02.04 09:30:08.127,1.49977,1.49996,1.00,1.74
2014.02.04 09:30:08.432,1.49976,1.49996,1.00,1.39
2014.02.04 09:30:08.738,1.49976,1.49995,1.00,1.28
2014.02.04 09:30:08.840,1.49976,1.49996,1.00,1.39
2014.02.04 09:30:08.891,1.49983,1.49997,1.00,1.28
2014.02.04 09:30:08.993,1.49983,1.49997,1.00,1.67
2014.02.04 09:30:09.303,1.49983,1.50001,1.00,2.22
2014.02.04 09:30:09.914,1.49982,1.50001,1.00,2.22
2014.02.04 09:30:09.964,1.49982,1.5,1.00,2.03
2014.02.04 09:30:10.269,1.4998,1.49998,1.00,2.07
2014.02.04 09:30:10.986,1.49981,1.49998,1.00,1.50
2014.02.04 09:30:11.097,1.49975,1.49998,1.32,1.50
2014.02.04 09:30:11.733,1.49975,1.49998,1.32,3.00
2014.02.04 09:30:12.711,1.49975,1.49997,1.32,2.33
2014.02.04 09:30:13.101,1.49975,1.49996,1.32,3.00
2014.02.04 09:30:13.607,1.49975,1.49994,1.32,1.50
2014.02.04 09:30:13.893,1.49971,1.49991,1.00,1.58
2014.02.04 09:30:13.994,1.49969,1.49987,1.00,1.18
2014.02.04 09:30:14.096,1.49966,1.49987,2.07,1.15
2014.02.04 09:30:14.254,1.49966,1.4998,1.57,1.00
2014.02.04 09:30:14.406,1.49962,1.49985,1.50,2.40
2014.02.04 09:30:14.457,1.49962,1.49985,1.50,3.08
2014.02.04 09:30:14.763,1.49967,1.49987,1.57,1.58
2014.02.04 09:30:15.272,1.49968,1.49987,1.57,1.15
2014.02.04 09:30:15.425,1.49964,1.49987,1.67,1.58
2014.02.04 09:30:15.729,1.49964,1.49986,1.57,4.50
2014.02.04 09:30:16.200,1.49964,1.49983,1.57,3.75
2014.02.04 09:30:16.983,1.49962,1.49978,1.57,1.50
2014.02.04 09:30:17.135,1.49959,1.49978,1.69,1.50
2014.02.04 09:30:17.403,1.49959,1.49975,1.13,2.25
2014.02.04 09:30:17.947,1.49955,1.49975,1.38,1.15
2014.02.04 09:30:17.997,1.49955,1.49975,1.38,1.15
2014.02.04 09:30:18.200,1.49954,1.49975,1.00,1.15
2014.02.04 09:30:18.403,1.49954,1.49975,1.00,3.08
2014.02.04 09:30:18.941,1.49953,1.49975,1.32,1.83
2014.02.04 09:30:19.489,1.49953,1.49975,1.57,1.83
2014.02.04 09:30:20.132,1.49951,1.49971,1.57,1.58
2014.02.04 09:30:20.234,1.49949,1.49971,1.57,2.33
2014.02.04 09:30:20.386,1.49949,1.49967,1.57,1.00
2014.02.04 09:30:20.589,1.49946,1.49966,1.32,1.18
2014.02.04 09:30:20.691,1.49946,1.49964,1.32,1.15
2014.02.04 09:30:20.844,1.49942,1.49964,1.57,1.15
2014.02.04 09:30:22.193,1.49942,1.49964,1.32,2.40
2014.02.04 09:30:22.345,1.49939,1.49959,1.64,1.08
2014.02.04 09:30:22.700,1.49939,1.4996,1.57,1.65
2014.02.04 09:30:22.750,1.4994,1.4996,1.13,1.65
2014.02.04 09:30:22.852,1.49943,1.49964,1.57,2.03
2014.02.04 09:30:23.004,1.49947,1.49965,1.13,1.08
2014.02.04 09:30:23.055,1.4995,1.49965,1.57,1.00
2014.02.04 09:30:23.106,1.4995,1.49966,1.57,1.10
2014.02.04 09:30:23.207,1.49952,1.49966,1.00,1.00
2014.02.04 09:30:23.360,1.49949,1.49968,1.57,1.18
2014.02.04 09:30:23.411,1.49949,1.49969,1.57,1.15
2014.02.04 09:30:23.513,1.49949,1.49969,1.00,1.15
2014.02.04 09:30:23.666,1.49949,1.49968,1.57,1.08
2014.02.04 09:30:23.768,1.49951,1.49969,1.00,2.25
2014.02.04 09:30:23.971,1.4995,1.49967,1.57,1.65
2014.02.04 09:30:24.373,1.49949,1.49969,1.00,1.15
2014.02.04 09:30:24.911,1.49948,1.49969,1.32,1.15
2014.02.04 09:30:25.340,1.4995,1.49969,1.00,1.15
2014.02.04 09:30:25.646,1.49958,1.49971,1.32,2.33
2014.02.04 09:30:25.747,1.49958,1.49971,1.32,1.08
2014.02.04 09:30:25.900,1.4996,1.49969,1.08,1.00
2014.02.04 09:30:26.052,1.4996,1.49979,1.64,1.00
2014.02.04 09:30:26.103,1.4996,1.49981,1.64,1.20
2014.02.04 09:30:26.205,1.4996,1.49981,1.10,1.58
2014.02.04 09:30:26.357,1.49957,1.4998,1.57,1.15
2014.02.04 09:30:26.409,1.49957,1.49978,1.00,1.08
2014.02.04 09:30:26.460,1.49953,1.49977,2.22,1.20
2014.02.04 09:30:26.664,1.49953,1.49977,2.33,1.10
2014.02.04 09:30:26.969,1.49956,1.4998,2.89,3.15
2014.02.04 09:30:27.321,1.49954,1.49976,1.28,1.10
2014.02.04 09:30:27.472,1.49952,1.49976,3.64,1.10
2014.02.04 09:30:27.672,1.49952,1.49972,1.72,1.00
2014.02.04 09:30:27.875,1.49952,1.49972,1.10,1.00
2014.02.04 09:30:28.385,1.4995,1.49972,2.14,1.18
2014.02.04 09:30:29.531,1.49952,1.49971,1.10,1.00
2014.02.04 09:30:30.049,1.49952,1.49971,1.18,1.00
2014.02.04 09:30:30.560,1.49952,1.49972,1.74,1.00
2014.02.04 09:30:31.251,1.49957,1.49972,1.00,1.00
2014.02.04 09:30:31.556,1.49967,1.49977,1.13,1.00
2014.02.04 09:30:31.657,1.49974,1.49983,1.32,1.08
2014.02.04 09:30:31.708,1.49976,1.49986,1.32,1.10
2014.02.04 09:30:31.810,1.49976,1.49992,1.32,1.18
2014.02.04 09:30:31.913,1.49977,1.49996,1.57,3.00
2014.02.04 09:30:32.066,1.49977,1.49996,1.57,1.58
2014.02.04 09:30:32.278,1.49975,1.49996,1.08,1.65
2014.02.04 09:30:32.889,1.49975,1.49997,1.00,1.15
2014.02.04 09:30:33.857,1.49975,1.49997,1.00,1.58
2014.02.04 09:30:33.959,1.49975,1.49988,1.00,1.10
2014.02.04 09:30:34.162,1.4997,1.4999,2.14,1.00
2014.02.04 09:30:34.288,1.49972,1.4999,1.00,1.00
2014.02.04 09:30:34.490,1.49971,1.49992,1.39,1.00
2014.02.04 09:30:34.592,1.49977,1.49996,1.00,1.15
2014.02.04 09:30:34.796,1.49977,1.49996,1.00,1.10
2014.02.04 09:30:35.346,1.49976,1.49997,1.74,1.10
2014.02.04 09:30:35.889,1.49976,1.49997,1.57,1.18
2014.02.04 09:30:36.041,1.49976,1.49997,1.57,2.33
2014.02.04 09:30:36.446,1.49976,1.49993,1.57,1.65
2014.02.04 09:30:36.548,1.49976,1.49994,1.57,1.18
2014.02.04 09:30:37.004,1.49971,1.49988,1.28,1.00
2014.02.04 09:30:37.106,1.49973,1.4999,1.47,1.00
2014.02.04 09:30:37.333,1.49973,1.49987,1.18,1.00
2014.02.04 09:30:37.591,1.49971,1.49987,1.28,1.00
2014.02.04 09:30:38.109,1.49971,1.49988,1.28,1.00
2014.02.04 09:30:38.530,1.49971,1.49986,1.28,1.00
2014.02.04 09:30:40.175,1.49974,1.49986,1.00,1.00
2014.02.04 09:30:40.479,1.49977,1.49991,1.28,1.00
2014.02.04 09:30:40.732,1.49979,1.49993,1.58,1.00
2014.02.04 09:30:40.935,1.49979,1.49987,1.58,1.00
2014.02.04 09:30:41.459,1.49979,1.49989,1.65,1.00
2014.02.04 09:30:41.790,1.49979,1.49993,1.65,1.00
2014.02.04 09:30:42.044,1.49979,1.49994,3.00,1.50
2014.02.04 09:30:42.551,1.49984,1.49993,1.18,1.00
2014.02.04 09:30:42.855,1.49987,1.49996,1.15,1.00
2014.02.04 09:30:43.159,1.49987,1.49998,1.15,1.00
2014.02.04 09:30:43.688,1.49987,1.49997,1.18,1.00
2014.02.04 09:30:44.657,1.49987,1.49994,1.18,1.00
2014.02.04 09:30:44.758,1.49985,1.49994,1.18,1.00
2014.02.04 09:30:44.809,1.49983,1.49994,1.15,1.00
2014.02.04 09:30:45.333,1.49983,1.49993,1.18,1.00
2014.02.04 09:30:45.438,1.49983,1.49991,1.18,1.00
2014.02.04 09:30:45.692,1.49982,1.50001,1.50,1.78
2014.02.04 09:30:45.744,1.49983,1.50005,1.64,1.88
2014.02.04 09:30:46.049,1.4998,1.4999,1.15,1.00
2014.02.04 09:30:46.151,1.49976,1.4999,1.84,1.00
2014.02.04 09:30:46.463,1.49976,1.4999,1.84,1.00
2014.02.04 09:30:46.982,1.49976,1.49991,1.47,1.00
2014.02.04 09:30:47.521,1.49976,1.4999,1.15,1.50
2014.02.04 09:30:47.779,1.49975,1.4999,1.10,1.00
2014.02.04 09:30:47.830,1.49977,1.4999,1.64,1.00
2014.02.04 09:30:48.134,1.49984,1.4999,1.57,1.00
2014.02.04 09:30:48.235,1.49984,1.49994,1.57,1.00
2014.02.04 09:30:48.821,1.49987,1.49995,1.47,1.00
2014.02.04 09:30:48.923,1.49988,1.5001,1.18,1.88
2014.02.04 09:30:50.157,1.49988,1.5001,3.08,1.38
2014.02.04 09:30:50.259,1.4999,1.50011,1.58,1.00
2014.02.04 09:30:50.310,1.4999,1.50007,1.58,1.00
2014.02.04 09:30:50.514,1.49986,1.50007,1.20,1.20
2014.02.04 09:30:50.616,1.49987,1.50007,1.57,1.20
2014.02.04 09:30:52.348,1.49987,1.50006,2.14,1.00
2014.02.04 09:30:52.662,1.49987,1.50008,2.14,1.00
2014.02.04 09:30:52.942,1.49989,1.49995,1.18,1.00
2014.02.04 09:30:53.197,1.49973,1.49988,1.88,1.00
2014.02.04 09:30:53.248,1.4997,1.49986,1.70,1.00
2014.02.04 09:30:53.299,1.4997,1.49986,1.43,1.00
2014.02.04 09:30:53.350,1.4997,1.49988,1.43,1.50
2014.02.04 09:30:53.452,1.49969,1.49986,1.65,1.00
2014.02.04 09:30:53.982,1.49969,1.49986,1.58,1.00
2014.02.04 09:30:54.235,1.49969,1.4999,1.58,1.65
2014.02.04 09:30:54.746,1.4997,1.49989,1.58,1.00
2014.02.04 09:30:54.851,1.49976,1.49992,1.00,1.10
2014.02.04 09:30:54.952,1.49976,1.49997,1.00,1.15
2014.02.04 09:30:55.054,1.49978,1.49998,1.00,2.33
2014.02.04 09:30:55.428,1.4998,1.49998,1.00,2.33
2014.02.04 09:30:55.732,1.49983,1.49999,1.00,2.63
2014.02.04 09:30:56.036,1.49986,1.50001,1.00,1.20
2014.02.04 09:30:56.396,1.4998,1.5,1.10,1.38
2014.02.04 09:30:56.498,1.49982,1.50001,1.00,2.63
2014.02.04 09:30:56.803,1.49982,1.50001,1.00,1.00
2014.02.04 09:30:56.854,1.49982,1.50001,1.00,1.15
2014.02.04 09:30:57.057,1.49978,1.49998,1.58,1.10
2014.02.04 09:30:57.310,1.49977,1.49997,1.00,1.15
2014.02.04 09:30:57.614,1.49977,1.49993,1.00,1.15
2014.02.04 09:30:58.159,1.49978,1.49996,1.00,1.83
2014.02.04 09:30:58.468,1.4998,1.49998,1.00,4.13
2014.02.04 09:30:59.125,1.4998,1.49998,1.00,2.63
2014.02.04 09:31:00.463,1.49979,1.49998,1.00,2.63
2014.02.04 09:31:02.812,1.49979,1.49997,1.00,1.15
2014.02.04 09:31:03.358,1.49975,1.49995,1.10,1.10
2014.02.04 09:31:03.459,1.49974,1.49996,1.20,1.18
2014.02.04 09:31:03.797,1.49972,1.49997,1.80,3.75
2014.02.04 09:31:03.851,1.49972,1.49997,1.80,1.58
2014.02.04 09:31:04.453,1.49972,1.49994,1.50,1.08
2014.02.04 09:31:04.959,1.49971,1.49995,1.00,1.83
2014.02.04 09:31:05.872,1.49971,1.49996,1.08,2.25
2014.02.04 09:31:07.008,1.49971,1.49998,1.65,2.63
2014.02.04 09:31:07.110,1.49971,1.49998,1.65,4.13
2014.02.04 09:31:07.414,1.49974,1.49998,1.50,1.88
2014.02.04 09:31:07.843,1.49972,1.49995,1.20,1.15
2014.02.04 09:31:07.996,1.49971,1.49995,1.45,1.58
2014.02.04 09:31:08.429,1.49971,1.49994,1.38,1.50
2014.02.04 09:31:09.110,1.49971,1.49994,1.00,1.50
2014.02.04 09:31:11.392,1.49971,1.49995,1.10,2.25
2014.02.04 09:31:11.919,1.49972,1.49996,1.39,3.08
2014.02.04 09:31:11.970,1.49972,1.49996,1.92,1.15
2014.02.04 09:31:12.021,1.49973,1.49996,2.14,1.08
2014.02.04 09:31:12.173,1.49973,1.49996,1.15,1.20
2014.02.04 09:31:16.771,1.49973,1.49999,1.15,1.18
2014.02.04 09:31:17.087,1.49975,1.49999,1.58,1.18
2014.02.04 09:31:17.392,1.49981,1.50003,1.00,1.50
2014.02.04 09:31:17.442,1.49981,1.50007,1.18,4.20
2014.02.04 09:31:17.949,1.4998,1.50007,1.15,2.78
2014.02.04 09:31:18.152,1.4998,1.50002,1.15,1.00
2014.02.04 09:31:18.305,1.49977,1.50001,1.10,1.58
2014.02.04 09:31:18.760,1.49974,1.49999,1.65,1.15
2014.02.04 09:31:19.164,1.49974,1.49999,1.58,1.83
2014.02.04 09:31:19.540,1.49969,1.49994,2.03,3.08
2014.02.04 09:31:20.832,1.49969,1.49994,1.58,1.18
2014.02.04 09:31:21.035,1.49972,1.49995,1.08,1.18
2014.02.04 09:31:21.187,1.49974,1.49998,1.50,1.20
2014.02.04 09:31:21.390,1.49979,1.50002,1.83,1.38
2014.02.04 09:31:21.695,1.49981,1.50003,1.83,1.38
2014.02.04 09:31:22.477,1.49982,1.50004,1.18,1.48
2014.02.04 09:31:22.528,1.49984,1.50004,1.10,1.10
2014.02.04 09:31:22.579,1.49987,1.50005,1.00,1.00
2014.02.04 09:31:22.913,1.49993,1.50014,1.65,1.88
2014.02.04 09:31:22.964,1.49993,1.50019,1.65,2.33
2014.02.04 09:31:23.116,1.49993,1.50019,1.15,1.58
2014.02.04 09:31:23.218,1.49993,1.50014,1.15,1.00
2014.02.04 09:31:23.371,1.49992,1.50014,1.00,1.00
2014.02.04 09:31:23.473,1.4999,1.50013,1.08,1.18
2014.02.04 09:31:23.996,1.49988,1.5001,1.15,1.20
2014.02.04 09:31:24.098,1.49988,1.50008,1.15,1.00
2014.02.04 09:31:24.554,1.49985,1.50002,1.50,1.00
2014.02.04 09:31:24.807,1.49982,1.50002,1.18,1.10
2014.02.04 09:31:25.260,1.49982,1.5,1.18,1.00
2014.02.04 09:31:25.589,1.49982,1.5,1.58,1.00
2014.02.04 09:31:25.892,1.49982,1.50002,1.10,1.00
2014.02.04 09:31:25.943,1.49982,1.50004,1.10,1.10
2014.02.04 09:31:26.154,1.4998,1.49999,1.00,1.18
2014.02.04 09:31:26.209,1.49976,1.49999,1.65,1.18
2014.02.04 09:31:27.205,1.49976,1.49999,1.65,1.10
2014.02.04 09:31:27.518,1.49976,1.50002,2.33,1.15
2014.02.04 09:31:27.830,1.49976,1.49999,1.83,1.38
2014.02.04 09:31:27.982,1.49971,1.49993,1.58,1.00
2014.02.04 09:31:28.033,1.49971,1.4999,1.58,1.00
2014.02.04 09:31:28.084,1.49971,1.4999,1.15,1.00
2014.02.04 09:31:28.236,1.49971,1.49991,1.58,1.00
2014.02.04 09:31:28.388,1.49971,1.49991,1.15,1.00
2014.02.04 09:31:28.591,1.49971,1.49995,1.15,1.00
2014.02.04 09:31:28.743,1.49971,1.49995,2.25,1.00
2014.02.04 09:31:29.249,1.49976,1.49996,1.10,1.00
2014.02.04 09:31:29.778,1.49977,1.49997,1.00,1.00
2014.02.04 09:31:30.082,1.49979,1.50003,1.08,1.15
2014.02.04 09:31:30.403,1.49978,1.50002,2.33,1.08
2014.02.04 09:31:30.816,1.49978,1.50003,1.00,3.75
2014.02.04 09:31:31.121,1.49982,1.50002,1.00,1.83
2014.02.04 09:31:31.223,1.49978,1.50002,1.00,2.33
2014.02.04 09:31:31.274,1.49978,1.50002,1.00,1.58
2014.02.04 09:31:31.578,1.49976,1.5,2.25,1.15
2014.02.04 09:31:31.885,1.49974,1.49998,1.00,1.50
2014.02.04 09:31:32.139,1.49971,1.49993,1.28,1.10
2014.02.04 09:31:32.848,1.49971,1.49991,1.00,1.00
2014.02.04 09:31:34.093,1.49971,1.49991,1.18,1.00
2014.02.04 09:31:34.504,1.49971,1.49993,1.18,1.10
2014.02.04 09:31:35.063,1.49971,1.49991,1.18,1.00
2014.02.04 09:31:35.434,1.49971,1.49989,1.18,1.00
2014.02.04 09:31:35.756,1.49971,1.49991,1.18,1.00
2014.02.04 09:31:36.060,1.49971,1.49991,1.15,1.00
2014.02.04 09:31:36.600,1.49971,1.49992,1.15,1.00
2014.02.04 09:31:36.955,1.49971,1.4999,1.15,1.00
2014.02.04 09:31:37.485,1.49971,1.4999,1.15,1.00
2014.02.04 09:31:37.816,1.49971,1.49991,1.58,1.00
2014.02.04 09:31:38.435,1.49971,1.49992,1.58,1.00
2014.02.04 09:31:38.768,1.49971,1.4999,1.58,1.00
2014.02.04 09:31:39.826,1.49971,1.4999,1.83,1.00
2014.02.04 09:31:39.999,1.49971,1.49993,1.83,1.00
2014.02.04 09:31:41.318,1.49973,1.49994,1.15,1.00
2014.02.04 09:31:41.804,1.49973,1.49994,1.10,1.10
2014.02.04 09:31:41.905,1.49973,1.49994,1.18,1.00
2014.02.04 09:31:42.235,1.49971,1.49992,1.18,1.00
2014.02.04 09:31:42.539,1.49979,1.49985,1.58,1.00
2014.02.04 09:31:42.640,1.49975,1.49987,1.39,1.00
2014.02.04 09:31:42.691,1.49977,1.49998,1.15,1.00
2014.02.04 09:31:42.742,1.49978,1.5,1.18,1.00
2014.02.04 09:31:42.793,1.49978,1.49996,1.00,1.58
2014.02.04 09:31:43.149,1.49978,1.49996,1.18,1.00
2014.02.04 09:31:43.200,1.49978,1.49998,1.18,1.00
2014.02.04 09:31:43.645,1.49983,1.50002,1.00,1.45
2014.02.04 09:31:44.416,1.49983,1.50004,1.00,1.53
2014.02.04 09:31:45.539,1.49983,1.50002,1.18,1.00
2014.02.04 09:31:45.641,1.49983,1.50004,1.10,1.93
2014.02.04 09:31:45.863,1.49983,1.49989,1.10,1.00
2014.02.04 09:31:45.964,1.49974,1.49989,2.93,1.00
2014.02.04 09:31:46.167,1.49975,1.49998,2.22,1.15
2014.02.04 09:31:46.319,1.49976,1.49998,1.32,1.08
2014.02.04 09:31:46.623,1.49974,1.4999,1.50,1.50
2014.02.04 09:31:47.358,1.49973,1.4999,1.00,1.50
2014.02.04 09:31:47.560,1.49971,1.49989,1.50,1.00
2014.02.04 09:31:47.611,1.49971,1.49989,1.65,1.00
2014.02.04 09:31:47.865,1.49971,1.49989,2.25,1.00
2014.02.04 09:31:47.916,1.49971,1.49989,2.82,1.00
2014.02.04 09:31:48.421,1.49974,1.49989,1.00,1.00
2014.02.04 09:31:48.697,1.49972,1.4999,1.00,1.50
2014.02.04 09:31:49.001,1.49973,1.49992,2.07,2.25
2014.02.04 09:31:49.203,1.49975,1.49993,1.50,1.00
2014.02.04 09:31:49.559,1.49975,1.49994,2.97,2.25
2014.02.04 09:31:50.081,1.49976,1.49994,1.15,1.50
2014.02.04 09:31:52.317,1.49982,1.49994,1.00,1.50
2014.02.04 09:31:52.469,1.49982,1.50002,1.00,1.18
2014.02.04 09:31:52.520,1.49982,1.50002,1.08,1.08
2014.02.04 09:31:52.849,1.49982,1.50004,1.58,1.38
2014.02.04 09:31:55.820,1.49981,1.50005,2.22,1.95
2014.02.04 09:31:56.199,1.49981,1.50005,2.89,1.50
2014.02.04 09:31:57.584,1.49983,1.50005,1.72,1.00
2014.02.04 09:31:58.040,1.49981,1.50003,3.64,1.50
2014.02.04 09:31:58.269,1.49986,1.50009,2.82,1.15
2014.02.04 09:31:58.473,1.49986,1.5001,2.89,2.33
2014.02.04 09:31:58.676,1.49989,1.50013,1.58,3.23
2014.02.04 09:32:02.052,1.4999,1.50013,1.58,1.58
2014.02.04 09:32:02.388,1.49997,1.50018,1.00,1.10
2014.02.04 09:32:02.895,1.49998,1.50019,1.00,1.18
2014.02.04 09:32:03.412,1.49997,1.50019,1.00,1.18
2014.02.04 09:32:03.823,1.49997,1.50019,1.18,1.08
2014.02.04 09:32:05.791,1.49997,1.50019,1.10,1.18
2014.02.04 09:32:08.001,1.49999,1.50019,1.00,1.18
2014.02.04 09:32:08.438,1.49997,1.50019,1.10,1.18
2014.02.04 09:32:17.945,1.49994,1.50017,1.18,1.58
2014.02.04 09:32:17.996,1.49994,1.50015,1.18,1.38
2014.02.04 09:32:18.199,1.4999,1.50014,1.65,1.53
2014.02.04 09:32:20.960,1.4999,1.50015,1.58,4.50
2014.02.04 09:32:24.803,1.49989,1.50013,1.65,1.47
2014.02.04 09:32:25.005,1.49989,1.5001,1.10,1.65
2014.02.04 09:32:25.578,1.49988,1.5001,1.00,1.65
2014.02.04 09:32:26.189,1.49989,1.5001,1.00,1.65
2014.02.04 09:32:26.708,1.49991,1.5001,1.00,2.33
2014.02.04 09:32:27.411,1.49991,1.50004,1.00,1.00
2014.02.04 09:32:27.715,1.49991,1.50006,1.00,2.33
2014.02.04 09:32:27.766,1.49991,1.50008,1.00,1.39
2014.02.04 09:32:28.019,1.49994,1.5001,1.00,1.50
2014.02.04 09:32:28.121,1.49998,1.50016,1.08,1.00
2014.02.04 09:32:28.172,1.50007,1.50019,1.00,1.53
2014.02.04 09:32:28.628,1.50002,1.50017,1.00,1.10
2014.02.04 09:32:29.023,1.49998,1.50017,1.00,1.18
2014.02.04 09:32:29.537,1.49997,1.50017,1.00,1.08
2014.02.04 09:32:30.366,1.49997,1.50018,1.10,1.18
2014.02.04 09:32:30.468,1.49997,1.50019,1.18,1.10
2014.02.04 09:32:30.570,1.5,1.50017,1.00,1.00
2014.02.04 09:32:30.824,1.49997,1.50017,1.10,1.10
2014.02.04 09:32:30.925,1.49997,1.50017,1.00,1.08
2014.02.04 09:32:33.063,1.49997,1.50014,1.00,1.00
2014.02.04 09:32:34.102,1.49994,1.50014,1.10,1.00
2014.02.04 09:32:34.609,1.49993,1.50014,1.08,1.08
2014.02.04 09:32:35.234,1.49994,1.50014,1.10,1.10
2014.02.04 09:32:36.850,1.49994,1.50014,1.00,1.65
2014.02.04 09:32:37.199,1.49992,1.50014,1.58,1.65
2014.02.04 09:32:37.516,1.49994,1.50014,1.00,1.18
2014.02.04 09:32:38.006,1.49994,1.50015,1.15,1.50
2014.02.04 09:32:38.511,1.49994,1.50014,1.65,1.00
2014.02.04 09:32:39.191,1.49994,1.50014,2.40,1.00
2014.02.04 09:32:40.121,1.49996,1.50017,1.65,1.50
2014.02.04 09:32:40.223,1.50001,1.50019,1.00,1.00
2014.02.04 09:32:40.426,1.50003,1.50022,1.20,1.50
2014.02.04 09:32:40.528,1.50004,1.50023,1.15,1.13
2014.02.04 09:32:40.832,1.50009,1.50029,1.18,2.25
2014.02.04 09:32:41.136,1.50009,1.50027,1.15,1.00
2014.02.04 09:32:42.448,1.50009,1.50027,1.15,1.00
2014.02.04 09:32:42.700,1.50009,1.50027,1.15,1.50
2014.02.04 09:32:44.969,1.50009,1.50029,1.58,1.00
2014.02.04 09:32:45.071,1.50013,1.50036,1.58,2.52
2014.02.04 09:32:45.325,1.50019,1.50039,1.18,3.19
2014.02.04 09:32:46.958,1.50019,1.50038,1.10,1.69
2014.02.04 09:32:47.853,1.50015,1.50037,1.08,1.84
2014.02.04 09:32:48.056,1.50015,1.50037,1.15,1.69
2014.02.04 09:32:48.494,1.50015,1.50037,1.10,2.04
2014.02.04 09:32:49.340,1.50014,1.50035,2.40,1.13
2014.02.04 09:32:50.845,1.50014,1.50035,2.40,1.13
2014.02.04 09:32:52.472,1.50014,1.50035,2.40,1.25
2014.02.04 09:32:53.147,1.50014,1.50035,1.58,1.25
2014.02.04 09:32:53.248,1.50017,1.50038,1.15,1.00
2014.02.04 09:32:53.299,1.50017,1.50038,1.15,1.00
2014.02.04 09:32:53.351,1.5002,1.50041,1.18,1.10
2014.02.04 09:32:53.402,1.5002,1.50041,1.18,1.67
2014.02.04 09:32:53.655,1.50019,1.50042,1.10,2.97
2014.02.04 09:32:54.162,1.50017,1.50039,1.58,1.08
2014.02.04 09:32:55.173,1.50017,1.50041,1.65,1.74
2014.02.04 09:32:56.018,1.50017,1.50035,1.65,1.00
2014.02.04 09:32:56.273,1.50015,1.50035,1.10,2.44
2014.02.04 09:32:56.374,1.50013,1.50034,1.00,1.77
2014.02.04 09:32:56.425,1.5001,1.50033,1.20,1.72
2014.02.04 09:32:57.969,1.50007,1.50022,1.15,1.50
2014.02.04 09:32:58.172,1.50004,1.5002,1.00,1.88
2014.02.04 09:32:58.223,1.50002,1.5002,1.28,1.88
2014.02.04 09:32:58.425,1.5,1.5002,1.10,1.88
2014.02.04 09:33:00.495,1.50002,1.50019,1.00,1.13
2014.02.04 09:33:01.026,1.50002,1.50019,1.08,1.38
2014.02.04 09:33:01.550,1.50002,1.50021,1.08,1.38
2014.02.04 09:33:01.652,1.50006,1.50023,1.10,1.50
2014.02.04 09:33:01.753,1.50006,1.50023,1.15,1.50
2014.02.04 09:33:01.905,1.50009,1.50025,1.00,1.50
2014.02.04 09:33:02.310,1.50009,1.50025,1.10,3.60
2014.02.04 09:33:02.613,1.49996,1.5001,1.08,2.25
2014.02.04 09:33:02.867,1.49991,1.5001,1.00,1.10
2014.02.04 09:33:02.996,1.49988,1.5001,1.10,1.10
2014.02.04 09:33:03.545,1.49988,1.50009,1.10,1.00
2014.02.04 09:33:03.931,1.49988,1.50007,1.10,1.50
2014.02.04 09:33:04.235,1.49988,1.50003,1.00,1.48
2014.02.04 09:33:04.285,1.49984,1.50003,1.00,1.48
2014.02.04 09:33:04.891,1.49983,1.50003,1.10,1.58
2014.02.04 09:33:05.550,1.49983,1.50003,1.00,1.65
2014.02.04 09:33:06.080,1.49983,1.5,1.50,1.00
2014.02.04 09:33:06.535,1.49981,1.5,1.00,1.20
2014.02.04 09:33:07.051,1.4998,1.5,1.00,1.20
2014.02.04 09:33:09.323,1.4998,1.5,1.00,1.15
2014.02.04 09:33:10.697,1.4998,1.5,1.00,1.15
2014.02.04 09:33:14.288,1.49978,1.49999,1.10,1.18
2014.02.04 09:33:15.453,1.49976,1.49999,1.88,2.52
2014.02.04 09:33:17.292,1.49976,1.49999,3.75,1.69
2014.02.04 09:33:17.603,1.49979,1.49994,1.50,1.00
2014.02.04 09:33:18.958,1.49976,1.49994,2.25,1.00
2014.02.04 09:33:19.110,1.49975,1.49994,1.15,1.00
2014.02.04 09:33:19.161,1.49975,1.4999,1.15,1.00
2014.02.04 09:33:19.798,1.49972,1.49988,6.98,1.00
2014.02.04 09:33:20.249,1.49973,1.49991,1.83,1.00
2014.02.04 09:33:20.351,1.49976,1.49991,1.08,1.00
2014.02.04 09:33:20.705,1.49976,1.49994,1.58,1.00
2014.02.04 09:33:20.806,1.49976,1.49994,1.15,1.00
2014.02.04 09:33:21.110,1.49976,1.49992,1.15,1.00
2014.02.04 09:33:21.624,1.49976,1.49991,1.15,1.00
2014.02.04 09:33:21.992,1.49974,1.49989,1.50,1.00
2014.02.04 09:33:22.342,1.49972,1.49989,1.43,1.00
2014.02.04 09:33:22.855,1.49972,1.49989,1.18,1.00
2014.02.04 09:33:23.224,1.49972,1.49987,1.65,1.00
2014.02.04 09:33:23.975,1.49972,1.49986,1.65,1.00
2014.02.04 09:33:24.415,1.49972,1.49989,1.65,1.00
2014.02.04 09:33:25.178,1.49972,1.49988,1.58,1.00
2014.02.04 09:33:30.141,1.49971,1.49988,1.10,1.00
2014.02.04 09:33:33.031,1.49971,1.4999,1.00,1.10
2014.02.04 09:33:33.379,1.49971,1.49987,1.00,1.00
2014.02.04 09:33:33.976,1.4997,1.49988,1.00,1.00
2014.02.04 09:33:35.548,1.4997,1.49987,1.00,1.00
2014.02.04 09:33:36.101,1.4997,1.49991,1.50,1.58
2014.02.04 09:33:37.267,1.4997,1.49991,1.50,1.50
2014.02.04 09:33:37.671,1.49973,1.49987,1.00,1.00
2014.02.04 09:33:37.924,1.4997,1.49987,1.18,1.00
2014.02.04 09:33:38.446,1.49969,1.49986,1.00,1.00
2014.02.04 09:33:39.191,1.49969,1.49982,1.00,1.00
2014.02.04 09:33:39.545,1.49968,1.4998,1.58,1.00
2014.02.04 09:33:40.359,1.49969,1.4998,1.00,1.00
2014.02.04 09:33:40.895,1.49966,1.49981,1.83,1.00
2014.02.04 09:33:41.098,1.49965,1.49981,1.00,1.00
2014.02.04 09:33:41.650,1.49964,1.4998,1.00,1.00
2014.02.04 09:33:42.148,1.49964,1.49978,1.00,1.00
2014.02.04 09:33:42.395,1.49961,1.49978,1.65,1.00
2014.02.04 09:33:42.907,1.49962,1.49979,1.00,1.00
2014.02.04 09:33:43.410,1.49963,1.4998,1.08,1.00
2014.02.04 09:33:43.512,1.49963,1.49984,1.18,1.10
2014.02.04 09:33:43.613,1.49964,1.49985,2.33,1.50
2014.02.04 09:33:44.120,1.49965,1.49985,1.15,1.50
2014.02.04 09:33:44.452,1.49965,1.49983,1.15,1.00
2014.02.04 09:33:45.478,1.49965,1.49982,1.15,1.00
2014.02.04 09:33:46.782,1.49965,1.49982,1.18,1.00
2014.02.04 09:33:47.386,1.49965,1.49983,1.10,1.00
2014.02.04 09:33:48.377,1.49965,1.49984,1.10,1.50
2014.02.04 09:33:51.936,1.49966,1.49984,1.00,1.50
2014.02.04 09:33:52.139,1.49967,1.49986,1.58,1.00
2014.02.04 09:33:52.342,1.49968,1.49985,1.08,1.00
2014.02.04 09:33:52.697,1.49968,1.49985,1.95,1.00
2014.02.04 09:33:53.363,1.49972,1.49987,1.20,1.00
2014.02.04 09:33:54.536,1.49972,1.4999,1.20,1.38
2014.02.04 09:33:58.862,1.49972,1.4999,1.20,1.00
2014.02.04 09:33:59.071,1.49972,1.49993,1.65,1.00
2014.02.04 09:33:59.122,1.49978,1.49993,1.00,1.00
2014.02.04 09:33:59.425,1.49981,1.50001,1.15,1.50
2014.02.04 09:33:59.527,1.49985,1.50003,1.00,1.00
2014.02.04 09:33:59.679,1.49988,1.5001,1.15,1.55
2014.02.04 09:34:00.596,1.4999,1.50012,1.18,2.25
2014.02.04 09:34:04.486,1.49992,1.50012,1.00,1.50
2014.02.04 09:34:04.537,1.49994,1.50014,1.00,2.03
2014.02.04 09:34:04.639,1.49994,1.50014,1.18,1.00
2014.02.04 09:34:04.841,1.49997,1.50016,1.00,1.58
2014.02.04 09:34:05.044,1.49997,1.50019,1.65,1.13
2014.02.04 09:34:05.349,1.49997,1.50016,1.15,1.00
2014.02.04 09:34:05.754,1.49995,1.50016,1.65,1.00
2014.02.04 09:34:05.856,1.49995,1.50016,1.58,1.00
2014.02.04 09:34:05.957,1.49995,1.50016,1.58,1.08
2014.02.04 09:34:06.008,1.49995,1.50016,1.65,1.08
2014.02.04 09:34:06.620,1.49995,1.50016,2.33,1.00
2014.02.04 09:34:07.478,1.49997,1.50022,1.15,2.33
2014.02.04 09:34:07.682,1.5,1.50021,1.10,1.10
2014.02.04 09:34:07.733,1.50005,1.50021,1.00,1.10
2014.02.04 09:34:08.038,1.50005,1.50021,1.18,1.00
2014.02.04 09:34:08.341,1.50009,1.50019,1.00,1.00
2014.02.04 09:34:08.392,1.50005,1.50019,1.20,1.00
2014.02.04 09:34:09.275,1.50005,1.5002,1.08,1.00
2014.02.04 09:34:10.183,1.50004,1.50023,1.18,1.32
2014.02.04 09:34:12.618,1.50005,1.50021,1.08,1.00
2014.02.04 09:34:12.949,1.50005,1.50019,1.00,1.00
2014.02.04 09:34:13.000,1.50002,1.50017,1.50,1.00
2014.02.04 09:34:13.355,1.50002,1.50019,1.00,1.00
2014.02.04 09:34:13.407,1.50002,1.50019,2.25,1.00
2014.02.04 09:34:13.660,1.50005,1.50026,1.15,1.00
2014.02.04 09:34:13.711,1.50006,1.50026,3.00,1.00
2014.02.04 09:34:14.858,1.50007,1.50024,2.33,1.00
2014.02.04 09:34:16.270,1.50007,1.50024,1.65,1.00
2014.02.04 09:34:16.403,1.50007,1.50022,1.15,1.00
2014.02.04 09:34:16.707,1.50011,1.50022,1.00,1.00
2014.02.04 09:34:16.758,1.50011,1.50025,1.00,1.00
2014.02.04 09:34:18.706,1.50008,1.5003,1.15,1.50
2014.02.04 09:34:19.860,1.50008,1.5003,1.15,1.50
2014.02.04 09:34:22.225,1.50008,1.50028,1.15,1.00
2014.02.04 09:34:22.559,1.5001,1.50031,2.33,1.88
2014.02.04 09:34:22.863,1.50014,1.50031,3.75,1.50
2014.02.04 09:34:22.914,1.50017,1.50031,1.18,1.00
2014.02.04 09:34:23.066,1.50013,1.50031,2.40,1.00
2014.02.04 09:34:23.117,1.50013,1.50028,2.40,1.00
2014.02.04 09:34:23.371,1.50013,1.50031,2.40,1.50
2014.02.04 09:34:23.725,1.50013,1.50031,2.33,1.00
2014.02.04 09:34:24.231,1.50014,1.50031,1.50,1.00
2014.02.04 09:34:24.780,1.50017,1.50032,1.15,1.00
2014.02.04 09:34:25.130,1.50018,1.50041,2.89,1.50
2014.02.04 09:34:25.658,1.50019,1.50039,1.15,1.00
2014.02.04 09:34:25.759,1.50019,1.50039,1.15,1.00
2014.02.04 09:34:26.735,1.50019,1.50041,1.15,1.65
2014.02.04 09:34:27.541,1.50018,1.5004,2.40,1.00
2014.02.04 09:34:27.946,1.50018,1.5004,3.08,1.00
2014.02.04 09:34:28.098,1.50019,1.50043,1.50,1.00
2014.02.04 09:34:28.916,1.50018,1.50043,3.75,1.08
2014.02.04 09:34:29.232,1.50021,1.50043,1.08,1.10
2014.02.04 09:34:29.384,1.50023,1.50045,1.18,1.58
2014.02.04 09:34:29.536,1.50023,1.50043,1.18,1.00
2014.02.04 09:34:29.638,1.50022,1.50043,1.50,1.10
2014.02.04 09:34:31.279,1.5002,1.50043,1.18,1.10
2014.02.04 09:34:31.431,1.5002,1.50043,1.58,1.10
2014.02.04 09:34:32.009,1.50024,1.50043,2.40,1.00
2014.02.04 09:34:32.161,1.50024,1.50045,2.40,1.50
2014.02.04 09:34:32.515,1.50027,1.50046,1.00,1.58
2014.02.04 09:34:32.870,1.50027,1.50046,1.65,1.13
2014.02.04 09:34:33.022,1.50027,1.50046,1.50,1.10
2014.02.04 09:34:33.820,1.50027,1.50044,1.00,1.00
2014.02.04 09:34:33.972,1.50027,1.50046,1.00,1.58
2014.02.04 09:34:35.080,1.50028,1.50048,1.00,2.25
2014.02.04 09:34:35.131,1.5003,1.50049,1.00,1.20
2014.02.04 09:34:35.283,1.50031,1.50049,1.18,1.00
2014.02.04 09:34:35.546,1.50031,1.50052,1.18,1.10
2014.02.04 09:34:35.849,1.50033,1.50054,1.08,1.58
2014.02.04 09:34:36.053,1.50033,1.50056,2.40,1.58
2014.02.04 09:34:44.231,1.50036,1.50054,1.00,1.00
2014.02.04 09:34:45.305,1.50036,1.50056,1.00,1.65
2014.02.04 09:34:51.560,1.50033,1.50055,1.58,1.08
2014.02.04 09:34:52.104,1.50033,1.50055,1.50,1.15
2014.02.04 09:34:52.666,1.50033,1.50055,2.33,1.18
2014.02.04 09:34:53.178,1.50033,1.50055,1.65,1.20
2014.02.04 09:34:53.525,1.50037,1.50057,1.00,1.10
2014.02.04 09:34:53.829,1.50039,1.50059,1.08,1.08
2014.02.04 09:34:53.981,1.50038,1.50059,1.00,2.40
2014.02.04 09:34:56.979,1.50038,1.50056,1.10,1.00
2014.02.04 09:34:57.767,1.50038,1.50058,1.10,1.13
2014.02.04 09:34:57.930,1.50039,1.50058,1.08,1.13
2014.02.04 09:34:58.706,1.50039,1.5006,1.65,1.00
2014.02.04 09:34:59.517,1.5004,1.50061,1.18,1.58
2014.02.04 09:35:02.178,1.50042,1.5006,1.58,1.00
2014.02.04 09:35:04.376,1.50044,1.50064,2.25,2.03
2014.02.04 09:35:04.426,1.50044,1.50064,2.25,1.95
2014.02.04 09:35:04.537,1.50044,1.50064,2.25,1.95
2014.02.04 09:35:05.318,1.50044,1.50063,1.00,1.00
2014.02.04 09:35:05.970,1.50045,1.50063,1.00,1.00
2014.02.04 09:35:07.328,1.50043,1.50062,1.00,1.00
2014.02.04 09:35:09.079,1.50043,1.50063,1.00,1.00
2014.02.04 09:35:10.668,1.50045,1.50063,1.00,1.00
2014.02.04 09:35:12.189,1.50045,1.50062,1.00,1.00
2014.02.04 09:35:13.122,1.50045,1.50062,1.00,1.08
2014.02.04 09:35:14.726,1.50045,1.5006,1.00,1.48
2014.02.04 09:35:14.781,1.50039,1.50055,1.00,1.20
2014.02.04 09:35:14.885,1.5004,1.50056,1.00,1.53
2014.02.04 09:35:14.936,1.50037,1.50053,1.50,1.00
2014.02.04 09:35:15.344,1.50041,1.50056,1.00,1.48
2014.02.04 09:35:15.850,1.5004,1.50059,1.10,1.45
2014.02.04 09:35:16.003,1.50038,1.50059,1.58,1.45
2014.02.04 09:35:16.155,1.50035,1.50047,1.15,1.00
2014.02.04 09:35:16.307,1.50032,1.50045,1.00,1.00
2014.02.04 09:35:16.358,1.5003,1.50043,1.00,1.00
2014.02.04 09:35:16.459,1.50027,1.50043,1.00,1.38
2014.02.04 09:35:16.561,1.50025,1.50041,1.00,1.20
2014.02.04 09:35:16.763,1.50021,1.50044,1.50,3.00
2014.02.04 09:35:17.096,1.50024,1.50045,1.00,3.00
2014.02.04 09:35:17.207,1.50022,1.50043,1.00,1.15
2014.02.04 09:35:18.518,1.50022,1.50043,1.00,1.15
2014.02.04 09:35:18.569,1.50024,1.50045,1.00,2.70
2014.02.04 09:35:18.979,1.50024,1.50043,1.00,1.83
2014.02.04 09:35:19.233,1.50021,1.50043,1.00,1.20
2014.02.04 09:35:19.780,1.50023,1.50044,1.00,1.15
2014.02.04 09:35:20.840,1.50019,1.50039,1.65,1.00
2014.02.04 09:35:20.944,1.50019,1.50038,1.10,1.00
2014.02.04 09:35:21.471,1.50018,1.50038,1.10,1.50
2014.02.04 09:35:22.027,1.50019,1.50038,1.00,1.50
2014.02.04 09:35:22.545,1.50017,1.50038,1.65,1.50
2014.02.04 09:35:22.749,1.50017,1.50036,1.65,1.50
2014.02.04 09:35:23.053,1.50017,1.50033,1.00,1.00
2014.02.04 09:35:23.369,1.50017,1.50031,1.00,1.00
2014.02.04 09:35:23.420,1.50012,1.50028,1.08,1.00
2014.02.04 09:35:23.623,1.50011,1.50027,1.00,1.00
2014.02.04 09:35:23.724,1.50009,1.50028,1.50,1.58
2014.02.04 09:35:23.826,1.50011,1.50028,1.00,1.50
2014.02.04 09:35:25.401,1.50011,1.50028,1.00,1.58
2014.02.04 09:35:25.503,1.50009,1.50028,1.00,1.58
2014.02.04 09:35:25.554,1.50009,1.50024,1.00,1.50
2014.02.04 09:35:26.019,1.50005,1.50024,1.00,1.65
2014.02.04 09:35:26.677,1.50008,1.50024,1.00,1.65
2014.02.04 09:35:27.702,1.50007,1.50024,1.00,1.20
2014.02.04 09:35:28.701,1.50008,1.50026,1.00,1.50
2014.02.04 09:35:30.650,1.50009,1.50026,1.00,1.50
2014.02.04 09:35:31.292,1.50008,1.50026,1.00,1.50
2014.02.04 09:35:31.950,1.50009,1.50026,1.00,1.50
2014.02.04 09:35:32.076,1.50007,1.50026,1.00,1.50
2014.02.04 09:35:32.763,1.50011,1.50026,1.00,1.50
2014.02.04 09:35:33.195,1.50011,1.50028,1.00,1.00
2014.02.04 09:35:33.701,1.50012,1.50028,1.00,1.00
2014.02.04 09:35:33.809,1.50012,1.50028,1.00,1.08
2014.02.04 09:35:35.306,1.50011,1.50028,1.00,1.18
2014.02.04 09:35:35.827,1.5001,1.50028,1.00,1.18
2014.02.04 09:35:38.437,1.5001,1.50028,1.00,1.08
2014.02.04 09:35:38.799,1.50007,1.50028,1.10,1.08
2014.02.04 09:35:39.666,1.50008,1.50029,1.00,1.18
2014.02.04 09:35:40.327,1.50007,1.50029,1.10,1.65
2014.02.04 09:35:43.882,1.50008,1.50029,1.00,1.18
2014.02.04 09:35:44.396,1.50011,1.50029,1.00,1.65
2014.02.04 09:35:50.484,1.5001,1.50029,1.00,1.18
2014.02.04 09:35:52.942,1.5001,1.50029,1.00,1.10
2014.02.04 09:35:54.296,1.50009,1.50029,1.00,1.10
2014.02.04 09:35:54.808,1.5001,1.50029,1.00,1.10
2014.02.04 09:35:55.525,1.5001,1.5003,1.10,1.10
2014.02.04 09:35:55.728,1.5001,1.5003,1.10,1.48
2014.02.04 09:35:55.881,1.50007,1.5003,1.15,2.03
2014.02.04 09:35:58.916,1.50007,1.5003,1.10,2.03
2014.02.04 09:36:01.173,1.50007,1.5003,1.15,2.03
2014.02.04 09:36:02.028,1.50007,1.50027,1.15,1.00
2014.02.04 09:36:02.180,1.50007,1.50026,1.50,1.00
2014.02.04 09:36:02.282,1.50006,1.50027,2.25,1.00
2014.02.04 09:36:02.435,1.5001,1.50029,1.00,1.58
2014.02.04 09:36:02.739,1.50013,1.50036,1.67,1.53
2014.02.04 09:36:03.061,1.50015,1.50034,1.39,1.50
2014.02.04 09:36:03.264,1.5001,1.50028,1.80,1.00
2014.02.04 09:36:03.315,1.50012,1.5003,1.02,1.50
2014.02.04 09:36:03.418,1.50016,1.50036,1.00,2.25
2014.02.04 09:36:03.724,1.50012,1.50027,2.33,1.00
2014.02.04 09:36:03.777,1.50012,1.50027,1.10,1.50
2014.02.04 09:36:03.829,1.50008,1.50023,1.08,1.00
2014.02.04 09:36:03.880,1.50008,1.50023,1.00,1.00
2014.02.04 09:36:03.931,1.50006,1.50023,1.50,1.00
2014.02.04 09:36:04.033,1.50006,1.50026,1.50,1.00
2014.02.04 09:36:04.387,1.50006,1.50024,1.00,1.10
2014.02.04 09:36:04.704,1.50004,1.50024,1.20,1.00
2014.02.04 09:36:05.219,1.50003,1.50023,1.18,1.00
2014.02.04 09:36:05.752,1.50004,1.50023,1.15,1.00
2014.02.04 09:36:06.474,1.50004,1.50023,1.15,1.00
2014.02.04 09:36:06.626,1.50004,1.50023,1.15,1.00
2014.02.04 09:36:07.249,1.50005,1.50026,1.10,1.65
2014.02.04 09:36:07.508,1.50005,1.50026,1.39,1.00
2014.02.04 09:36:07.559,1.50005,1.50026,1.39,1.00
2014.02.04 09:36:08.072,1.50008,1.50027,1.10,1.10
2014.02.04 09:36:08.644,1.50008,1.50027,1.58,1.00
2014.02.04 09:36:09.163,1.5001,1.50027,1.00,1.00
2014.02.04 09:36:09.722,1.50011,1.50027,1.00,1.00
2014.02.04 09:36:10.382,1.5001,1.50027,1.00,1.00
2014.02.04 09:36:13.504,1.50008,1.50025,1.50,1.00
2014.02.04 09:36:13.606,1.50006,1.50025,1.00,1.13
2014.02.04 09:36:14.082,1.50008,1.50027,1.00,1.65
2014.02.04 09:36:14.596,1.50007,1.50026,1.00,1.58
2014.02.04 09:36:15.206,1.50005,1.50026,1.08,1.20
2014.02.04 09:36:15.359,1.50004,1.50026,1.32,1.65
2014.02.04 09:36:15.461,1.50004,1.50026,1.47,1.10
2014.02.04 09:36:16.753,1.50005,1.50026,1.08,2.03
2014.02.04 09:36:17.262,1.50005,1.50026,1.00,2.03
2014.02.04 09:36:17.796,1.50003,1.50026,1.08,2.03
2014.02.04 09:36:18.107,1.50003,1.50026,1.15,2.03
2014.02.04 09:36:18.322,1.50003,1.50026,1.20,2.40
2014.02.04 09:36:18.374,1.50005,1.50026,1.00,2.40
2014.02.04 09:36:18.893,1.50004,1.50025,1.00,1.20
2014.02.04 09:36:19.223,1.50006,1.50026,1.00,1.95
2014.02.04 09:36:21.003,1.50007,1.50026,1.00,2.33
2014.02.04 09:36:21.324,1.50004,1.50025,1.00,1.28
2014.02.04 09:36:23.075,1.50004,1.50025,1.10,1.28
2014.02.04 09:36:23.596,1.50004,1.50025,1.00,1.18
2014.02.04 09:36:24.301,1.50003,1.50025,1.32,1.18
2014.02.04 09:36:24.403,1.5001,1.50026,1.00,1.65
2014.02.04 09:36:24.706,1.50031,1.50043,1.50,1.98
2014.02.04 09:36:25.010,1.50037,1.50056,1.00,1.95
2014.02.04 09:36:25.213,1.50033,1.50052,1.72,1.38
2014.02.04 09:36:25.264,1.50033,1.50052,1.72,1.00
2014.02.04 09:36:25.606,1.50033,1.50049,1.15,1.00
2014.02.04 09:36:25.911,1.50029,1.50047,2.33,1.00
2014.02.04 09:36:25.962,1.50029,1.50047,1.50,1.00
2014.02.04 09:36:26.499,1.50029,1.50047,1.15,1.00
2014.02.04 09:36:26.600,1.50029,1.50049,1.64,1.00
2014.02.04 09:36:26.853,1.5003,1.50049,1.72,1.00
2014.02.04 09:36:27.842,1.50031,1.50052,1.47,1.00
2014.02.04 09:36:27.943,1.50031,1.50052,1.39,1.00
2014.02.04 09:36:28.283,1.50032,1.5005,1.15,1.00
2014.02.04 09:36:28.913,1.50032,1.50051,1.15,1.00
2014.02.04 09:36:32.527,1.50034,1.50052,1.08,1.00
2014.02.04 09:36:32.831,1.50034,1.50048,1.08,1.00
2014.02.04 09:36:33.123,1.50033,1.50051,1.65,1.00
2014.02.04 09:36:33.276,1.50037,1.50051,1.00,1.00
2014.02.04 09:36:34.440,1.50037,1.50049,1.00,1.00
2014.02.04 09:36:35.974,1.50037,1.5005,1.00,1.00
2014.02.04 09:36:36.277,1.50037,1.50047,1.00,1.00
2014.02.04 09:36:36.732,1.50038,1.50057,1.10,1.00
2014.02.04 09:36:37.026,1.50038,1.50055,1.10,1.00
2014.02.04 09:36:37.757,1.50038,1.50055,1.47,1.00
2014.02.04 09:36:38.319,1.50038,1.50055,1.72,1.00
2014.02.04 09:36:38.456,1.50038,1.50057,1.72,1.00
2014.02.04 09:36:38.716,1.50038,1.50053,1.65,1.00
2014.02.04 09:36:39.061,1.50034,1.50047,1.00,1.88
2014.02.04 09:36:39.113,1.50031,1.50047,1.00,1.50
2014.02.04 09:36:39.480,1.50031,1.50045,1.00,1.00
2014.02.04 09:36:39.531,1.50027,1.50045,1.58,1.00
2014.02.04 09:36:39.582,1.50027,1.50043,1.58,1.00
2014.02.04 09:36:39.887,1.50027,1.50045,3.75,1.00
2014.02.04 09:36:39.988,1.50028,1.50045,1.57,1.00
2014.02.04 09:36:40.140,1.5003,1.50048,1.08,1.00
2014.02.04 09:36:40.665,1.5003,1.50048,1.00,1.13
2014.02.04 09:36:40.997,1.5003,1.50046,1.00,1.00
2014.02.04 09:36:41.511,1.5003,1.50047,2.07,1.00
2014.02.04 09:36:41.815,1.50036,1.50049,1.78,1.50
2014.02.04 09:36:41.917,1.50041,1.5006,2.25,1.50
2014.02.04 09:36:42.018,1.50041,1.5006,2.40,1.00
2014.02.04 09:36:42.322,1.50042,1.50058,1.15,1.00
2014.02.04 09:36:42.647,1.50045,1.50062,1.18,1.00
2014.02.04 09:36:42.902,1.50043,1.5006,1.00,1.00
2014.02.04 09:36:43.665,1.50045,1.50063,1.00,1.10
2014.02.04 09:36:44.225,1.50043,1.50062,1.50,1.00
2014.02.04 09:36:45.176,1.50044,1.50063,1.00,1.10
2014.02.04 09:36:45.716,1.50044,1.50062,1.08,1.00
2014.02.04 09:36:46.538,1.50045,1.50061,1.00,1.00
2014.02.04 09:36:47.097,1.50044,1.50065,1.00,2.03
2014.02.04 09:36:47.598,1.50049,1.50062,1.00,1.58
2014.02.04 09:36:48.256,1.50045,1.50062,1.00,1.58
2014.02.04 09:36:49.260,1.50047,1.50062,1.00,1.50
2014.02.04 09:36:49.782,1.50044,1.50062,1.00,1.50
2014.02.04 09:36:50.034,1.50043,1.50059,1.10,1.00
2014.02.04 09:36:50.339,1.50043,1.50063,1.10,1.95
2014.02.04 09:36:50.535,1.50043,1.50061,1.10,1.00
2014.02.04 09:36:50.652,1.5004,1.50061,1.08,1.18
2014.02.04 09:36:50.753,1.50039,1.50059,1.10,1.08
2014.02.04 09:36:51.059,1.50037,1.50056,1.00,1.15
2014.02.04 09:36:51.793,1.50039,1.50056,1.00,1.15
2014.02.04 09:36:52.429,1.50036,1.50054,1.00,1.10
2014.02.04 09:36:53.037,1.50035,1.50054,1.88,1.58
2014.02.04 09:36:54.276,1.50035,1.50052,1.88,1.00
2014.02.04 09:36:54.738,1.50035,1.50054,1.88,1.10
2014.02.04 09:36:57.943,1.50035,1.50053,1.50,1.00
2014.02.04 09:36:58.318,1.50037,1.50053,1.10,1.00
2014.02.04 09:36:58.369,1.50037,1.50055,1.10,1.58
2014.02.04 09:36:59.425,1.50035,1.50054,2.40,1.00
2014.02.04 09:36:59.527,1.50035,1.50053,1.50,1.00
2014.02.04 09:37:00.130,1.50035,1.50054,1.50,1.50
2014.02.04 09:37:00.466,1.50037,1.50054,1.00,1.10
2014.02.04 09:37:00.769,1.50034,1.50053,1.00,1.08
2014.02.04 09:37:01.352,1.50033,1.50054,1.00,1.65
2014.02.04 09:37:01.867,1.50038,1.50054,1.00,1.65
2014.02.04 09:37:02.319,1.50034,1.50054,1.00,1.65
2014.02.04 09:37:02.828,1.50035,1.50052,1.00,1.15
2014.02.04 09:37:03.131,1.50035,1.50052,1.00,1.58
2014.02.04 09:37:03.233,1.50032,1.50051,1.00,1.15
2014.02.04 09:37:03.385,1.50032,1.50046,1.00,1.00
2014.02.04 09:37:03.887,1.50034,1.50047,1.00,1.00
2014.02.04 09:37:04.693,1.50034,1.50052,1.00,2.25
2014.02.04 09:37:04.846,1.50036,1.50052,1.00,1.00
2014.02.04 09:37:05.200,1.50041,1.50055,1.00,1.00
2014.02.04 09:37:05.302,1.50041,1.50057,1.00,1.50
2014.02.04 09:37:05.403,1.5004,1.50057,1.58,1.00
2014.02.04 09:37:05.454,1.50041,1.50059,1.15,1.00
2014.02.04 09:37:05.505,1.50041,1.50061,2.33,1.13
2014.02.04 09:37:05.707,1.50042,1.50061,1.15,1.13
2014.02.04 09:37:06.023,1.50042,1.50059,1.15,1.00
2014.02.04 09:37:06.124,1.50044,1.50062,1.10,1.00
2014.02.04 09:37:06.175,1.50044,1.50063,1.65,1.00
2014.02.04 09:37:06.682,1.50047,1.50063,1.18,1.00
2014.02.04 09:37:07.261,1.50047,1.50064,1.10,1.00
2014.02.04 09:37:07.657,1.50048,1.50069,1.00,1.15
2014.02.04 09:37:08.424,1.50047,1.50068,1.58,1.15
2014.02.04 09:37:09.302,1.50047,1.50066,1.18,1.00
2014.02.04 09:37:09.687,1.50049,1.50068,1.00,1.58
2014.02.04 09:37:10.192,1.50047,1.50067,1.15,1.50
2014.02.04 09:37:10.305,1.50047,1.50059,1.08,1.00
2014.02.04 09:37:10.457,1.50042,1.50057,1.20,1.50
2014.02.04 09:37:10.558,1.5004,1.50056,1.35,1.00
2014.02.04 09:37:10.892,1.50043,1.50056,1.00,1.00
2014.02.04 09:37:11.973,1.50039,1.50056,1.00,1.00
2014.02.04 09:37:13.322,1.50041,1.5006,1.00,1.65
2014.02.04 09:37:13.625,1.50049,1.50062,1.00,1.18
2014.02.04 09:37:13.929,1.50049,1.50063,1.00,1.58
2014.02.04 09:37:14.384,1.50049,1.50064,1.00,1.08
2014.02.04 09:37:14.896,1.50049,1.50064,1.00,1.00
2014.02.04 09:37:15.407,1.5005,1.50065,1.00,1.65
2014.02.04 09:37:15.509,1.50054,1.50068,1.00,1.08
2014.02.04 09:37:15.560,1.50054,1.50068,1.00,1.00
2014.02.04 09:37:15.830,1.50055,1.50065,1.00,1.00
2014.02.04 09:37:15.932,1.50052,1.50064,1.00,1.08
2014.02.04 09:37:17.084,1.50052,1.50062,1.00,1.00
2014.02.04 09:37:17.135,1.50054,1.50062,1.00,1.00
2014.02.04 09:37:17.186,1.50054,1.50065,1.00,1.65
2014.02.04 09:37:17.490,1.50055,1.50062,1.00,1.00
2014.02.04 09:37:17.793,1.50048,1.50062,1.00,1.00
2014.02.04 09:37:18.557,1.50047,1.50062,1.00,1.00
2014.02.04 09:37:19.005,1.50047,1.5006,1.00,1.00
2014.02.04 09:37:19.434,1.50047,1.5006,1.00,1.15
2014.02.04 09:37:19.636,1.50047,1.5006,1.00,1.10
2014.02.04 09:37:19.926,1.50047,1.5006,1.00,1.95
2014.02.04 09:37:20.028,1.50043,1.5006,1.50,2.03
2014.02.04 09:37:20.922,1.50043,1.5006,1.00,1.95
2014.02.04 09:37:21.474,1.50044,1.5006,1.00,1.88
2014.02.04 09:37:21.980,1.50043,1.5006,1.00,2.03
2014.02.04 09:37:22.611,1.50044,1.5006,1.00,1.65
2014.02.04 09:37:23.475,1.50044,1.50059,1.00,1.00
2014.02.04 09:37:23.779,1.50045,1.50065,1.00,1.28
2014.02.04 09:37:24.016,1.50045,1.50065,1.08,1.20
2014.02.04 09:37:24.866,1.50049,1.50065,1.00,1.10
2014.02.04 09:37:25.509,1.50049,1.50068,1.00,1.65
2014.02.04 09:37:26.056,1.50047,1.50066,2.33,1.10
2014.02.04 09:37:28.143,1.50048,1.50068,1.00,1.65
2014.02.04 09:37:28.518,1.50047,1.50063,1.00,1.08
2014.02.04 09:37:28.847,1.50035,1.50053,1.00,1.15
2014.02.04 09:37:29.684,1.50034,1.50053,1.00,1.15
2014.02.04 09:37:31.326,1.50034,1.50053,1.00,1.10
2014.02.04 09:37:31.597,1.50036,1.50053,1.00,1.10
2014.02.04 09:37:32.324,1.50035,1.50053,1.00,1.10
2014.02.04 09:37:32.874,1.50034,1.50053,1.50,1.10
2014.02.04 09:37:33.958,1.50035,1.50053,1.00,1.10
2014.02.04 09:37:35.668,1.50034,1.50053,1.00,1.10
2014.02.04 09:37:37.369,1.50033,1.50054,1.00,5.03
2014.02.04 09:37:37.673,1.50025,1.50041,1.00,1.00
2014.02.04 09:37:37.724,1.50023,1.50041,1.10,1.00
2014.02.04 09:37:38.248,1.5002,1.5004,1.65,1.00
2014.02.04 09:37:38.994,1.50018,1.5004,1.65,1.50
2014.02.04 09:37:39.807,1.50018,1.50039,1.18,1.00
2014.02.04 09:37:40.333,1.50018,1.5004,1.18,1.00
2014.02.04 09:37:43.524,1.50024,1.5004,1.00,1.00
2014.02.04 09:37:43.632,1.50022,1.5004,1.00,1.00
2014.02.04 09:37:44.028,1.50022,1.50038,1.00,1.00
2014.02.04 09:37:44.403,1.5002,1.50038,1.00,1.00
2014.02.04 09:37:44.740,1.50022,1.50038,1.00,1.00
2014.02.04 09:37:45.044,1.50026,1.50039,1.00,1.00
2014.02.04 09:37:46.840,1.50024,1.50039,1.00,1.00
2014.02.04 09:37:47.056,1.50024,1.50043,1.00,1.18
2014.02.04 09:37:47.209,1.50024,1.50043,1.15,1.00
2014.02.04 09:37:47.412,1.50022,1.50043,1.10,1.10
2014.02.04 09:37:47.513,1.50022,1.50043,1.00,1.15
2014.02.04 09:37:47.817,1.50021,1.50042,1.50,1.58
2014.02.04 09:37:48.195,1.50023,1.50043,1.00,2.25
2014.02.04 09:37:49.341,1.50023,1.50043,1.00,1.58
2014.02.04 09:37:49.693,1.50025,1.50043,1.00,1.58
2014.02.04 09:37:49.795,1.50025,1.50043,1.00,1.15
2014.02.04 09:37:50.269,1.5003,1.50045,1.00,1.50
2014.02.04 09:37:50.320,1.5003,1.50045,1.10,1.00
2014.02.04 09:37:50.371,1.50034,1.50047,1.00,1.50
2014.02.04 09:37:50.675,1.50034,1.50055,2.25,1.65
2014.02.04 09:37:50.776,1.50034,1.50055,2.40,1.50
2014.02.04 09:37:51.980,1.50037,1.50055,1.00,1.00
2014.02.04 09:37:52.283,1.50042,1.50062,1.00,2.25
2014.02.04 09:37:52.584,1.50045,1.50064,1.00,1.58
2014.02.04 09:37:52.686,1.50047,1.50064,1.00,1.00
2014.02.04 09:37:52.991,1.50047,1.50066,1.15,1.00
2014.02.04 09:37:53.447,1.5005,1.50068,1.00,1.00
2014.02.04 09:37:54.003,1.50049,1.50068,1.00,1.10
2014.02.04 09:37:54.105,1.50053,1.50068,1.00,1.00
2014.02.04 09:37:54.409,1.50053,1.50064,1.00,1.00
2014.02.04 09:37:54.460,1.50048,1.50064,1.00,1.00
2014.02.04 09:37:54.989,1.50047,1.50064,1.00,1.18
2014.02.04 09:37:55.889,1.50044,1.50064,1.10,1.18
2014.02.04 09:37:57.055,1.50045,1.50064,1.00,1.18
2014.02.04 09:37:57.461,1.50043,1.50062,1.00,1.08
2014.02.04 09:38:00.535,1.50041,1.5006,1.10,1.00
2014.02.04 09:38:02.779,1.50042,1.5006,1.00,1.00
2014.02.04 09:38:03.764,1.50041,1.5006,1.58,1.00
2014.02.04 09:38:04.270,1.50042,1.5006,1.00,1.00
2014.02.04 09:38:04.665,1.50047,1.50066,1.50,2.33
2014.02.04 09:38:04.819,1.5005,1.5007,1.00,1.65
2014.02.04 09:38:04.869,1.50052,1.50071,1.00,1.58
2014.02.04 09:38:04.920,1.50052,1.50071,1.00,1.08
2014.02.04 09:38:05.476,1.50057,1.50076,1.00,1.58
2014.02.04 09:38:05.742,1.50055,1.50076,1.00,1.65
2014.02.04 09:38:07.289,1.50058,1.50076,1.00,1.18
2014.02.04 09:38:07.340,1.50058,1.50076,1.00,1.20
2014.02.04 09:38:07.644,1.50059,1.5008,2.25,1.65
2014.02.04 09:38:07.948,1.50062,1.5008,1.00,1.50
2014.02.04 09:38:09.746,1.50067,1.5008,1.00,1.50
2014.02.04 09:38:09.798,1.50068,1.50086,1.00,1.15
2014.02.04 09:38:09.900,1.50069,1.50088,1.00,1.15
2014.02.04 09:38:10.002,1.5007,1.5009,1.00,1.58
2014.02.04 09:38:10.153,1.50072,1.50093,1.00,2.33
2014.02.04 09:38:10.306,1.5007,1.5009,1.58,1.08
2014.02.04 09:38:11.137,1.5007,1.5009,1.00,1.58
2014.02.04 09:38:11.643,1.5007,1.50089,1.00,1.00
2014.02.04 09:38:11.800,1.5007,1.50089,1.08,1.00
2014.02.04 09:38:13.114,1.5007,1.50088,1.15,1.00
2014.02.04 09:38:13.372,1.5007,1.50088,1.00,1.00
2014.02.04 09:38:15.331,1.50071,1.50088,1.00,1.00
2014.02.04 09:38:16.082,1.5007,1.50088,1.65,1.00
2014.02.04 09:38:20.355,1.50067,1.50085,1.15,1.50
2014.02.04 09:38:20.677,1.50064,1.50077,1.10,1.00
2014.02.04 09:38:21.082,1.50061,1.50077,1.50,1.00
2014.02.04 09:38:22.156,1.50067,1.50078,1.00,1.00
2014.02.04 09:38:22.207,1.50067,1.50083,1.00,1.65
2014.02.04 09:38:22.309,1.50067,1.50083,1.00,1.50
2014.02.04 09:38:22.410,1.50067,1.50085,1.00,1.58
2014.02.04 09:38:22.612,1.50072,1.50086,1.00,1.18
2014.02.04 09:38:22.764,1.50073,1.50092,1.00,1.00
2014.02.04 09:38:23.169,1.50077,1.50094,1.00,1.10
2014.02.04 09:38:23.423,1.50077,1.50098,1.18,1.00
2014.02.04 09:38:25.273,1.50077,1.50098,2.33,1.00
2014.02.04 09:38:25.375,1.50077,1.50098,1.18,1.00
2014.02.04 09:38:26.016,1.5008,1.50099,1.00,1.50
2014.02.04 09:38:26.320,1.5008,1.501,1.15,1.50
2014.02.04 09:38:26.624,1.50083,1.50102,1.10,1.50
2014.02.04 09:38:26.726,1.50085,1.50103,1.10,1.00
2014.02.04 09:38:27.031,1.50089,1.50106,1.18,1.00
2014.02.04 09:38:27.336,1.50087,1.50103,1.15,1.07
2014.02.04 09:38:27.640,1.50088,1.50106,1.15,1.09
2014.02.04 09:38:28.054,1.50088,1.50107,1.65,1.07
2014.02.04 09:38:28.715,1.50088,1.50105,1.20,1.00
2014.02.04 09:38:28.817,1.50088,1.50108,1.20,1.07
2014.02.04 09:38:28.919,1.50088,1.50108,1.58,1.07
2014.02.04 09:38:29.121,1.50093,1.50109,1.00,1.50
2014.02.04 09:38:29.375,1.50099,1.50112,1.00,1.10
2014.02.04 09:38:29.476,1.50101,1.50118,1.00,3.23
2014.02.04 09:38:29.527,1.50105,1.50118,1.00,3.23
2014.02.04 09:38:29.831,1.50111,1.50129,1.15,1.44
2014.02.04 09:38:29.983,1.50111,1.5013,1.15,1.07
2014.02.04 09:38:30.035,1.50111,1.5013,1.15,1.07
2014.02.04 09:38:30.162,1.50111,1.5013,1.15,1.00
2014.02.04 09:38:30.682,1.50111,1.5013,1.00,1.00
2014.02.04 09:38:31.889,1.50111,1.5013,1.08,1.00
2014.02.04 09:38:31.940,1.50113,1.50132,1.10,1.28
2014.02.04 09:38:32.246,1.50114,1.50134,1.00,1.20
2014.02.04 09:38:32.348,1.50114,1.50128,1.00,1.00
2014.02.04 09:38:32.449,1.50112,1.50128,1.58,1.00
2014.02.04 09:38:33.266,1.50111,1.50128,1.00,1.00
2014.02.04 09:38:33.317,1.50109,1.50128,2.33,1.08
2014.02.04 09:38:33.419,1.50109,1.50128,1.50,1.58
2014.02.04 09:38:33.520,1.50107,1.50127,1.20,1.00
2014.02.04 09:38:33.976,1.50108,1.50128,1.08,2.40
2014.02.04 09:38:34.482,1.50111,1.5013,1.00,2.40
2014.02.04 09:38:34.583,1.50111,1.5013,1.58,1.00
2014.02.04 09:38:35.387,1.50111,1.5013,1.08,1.00
2014.02.04 09:38:35.489,1.50112,1.50132,1.65,1.50
2014.02.04 09:38:35.641,1.50112,1.50127,1.65,1.00
2014.02.04 09:38:35.844,1.50109,1.50126,1.08,1.00
2014.02.04 09:38:35.946,1.50109,1.50126,1.00,1.58
2014.02.04 09:38:36.047,1.50106,1.50124,1.45,1.10
2014.02.04 09:38:36.149,1.50105,1.50124,1.00,1.10
2014.02.04 09:38:36.520,1.50103,1.50122,1.08,1.00
2014.02.04 09:38:36.825,1.50101,1.50122,2.25,1.15
2014.02.04 09:38:37.454,1.50101,1.50122,2.25,1.15
2014.02.04 09:38:37.606,1.50105,1.50118,1.00,1.00
2014.02.04 09:38:37.910,1.50105,1.50116,1.00,1.00
2014.02.04 09:38:38.062,1.50099,1.50112,1.00,1.00
2014.02.04 09:38:38.262,1.50095,1.50112,1.00,1.50
2014.02.04 09:38:38.466,1.50095,1.50114,1.58,1.00
2014.02.04 09:38:39.005,1.50098,1.50114,1.00,1.00
2014.02.04 09:38:39.513,1.50098,1.50115,1.58,1.00
2014.02.04 09:38:39.665,1.501,1.50119,1.00,1.15
2014.02.04 09:38:39.716,1.501,1.50119,1.00,1.10
2014.02.04 09:38:39.868,1.50099,1.50116,2.33,1.00
2014.02.04 09:38:40.381,1.50099,1.50115,1.00,1.00
2014.02.04 09:38:40.786,1.50102,1.50117,1.10,1.00
2014.02.04 09:38:41.040,1.50097,1.50113,1.20,1.00
2014.02.04 09:38:41.191,1.50096,1.50108,1.00,1.00
2014.02.04 09:38:41.596,1.50094,1.5011,1.60,1.00
2014.02.04 09:38:41.748,1.501,1.50111,1.00,1.50
2014.02.04 09:38:41.803,1.501,1.50117,1.00,1.50
2014.02.04 09:38:41.904,1.501,1.50117,1.00,1.65
2014.02.04 09:38:42.209,1.501,1.50109,1.00,1.00
2014.02.04 09:38:42.711,1.501,1.50111,1.00,1.50
2014.02.04 09:38:42.762,1.50098,1.50111,1.00,1.50
2014.02.04 09:38:42.813,1.50098,1.50109,1.00,1.00
2014.02.04 09:38:43.354,1.50099,1.50108,1.00,1.00
2014.02.04 09:38:43.507,1.501,1.5011,1.00,1.00
2014.02.04 09:38:43.911,1.501,1.50108,1.00,1.00
2014.02.04 09:38:44.451,1.501,1.50109,1.00,1.50
2014.02.04 09:38:44.726,1.50096,1.50109,1.00,1.00
2014.02.04 09:38:44.777,1.50096,1.50111,1.00,1.00
2014.02.04 09:38:45.181,1.50093,1.50111,1.00,1.50
2014.02.04 09:38:45.701,1.50092,1.50111,1.10,1.50
2014.02.04 09:38:45.886,1.50092,1.50108,1.00,1.00
2014.02.04 09:38:46.363,1.50094,1.50108,1.00,1.10
2014.02.04 09:38:47.076,1.50094,1.50103,1.00,1.00
2014.02.04 09:38:47.178,1.50086,1.50103,1.10,1.45
2014.02.04 09:38:47.280,1.50084,1.50097,1.58,1.00
2014.02.04 09:38:47.331,1.50084,1.50097,1.50,1.50
2014.02.04 09:38:47.382,1.50081,1.50097,1.00,1.58
2014.02.04 09:38:47.484,1.50083,1.50098,1.00,1.18
2014.02.04 09:38:47.789,1.50083,1.50094,1.00,1.00
2014.02.04 09:38:48.924,1.50083,1.50095,1.00,1.50
2014.02.04 09:38:49.636,1.50083,1.501,1.00,1.18
2014.02.04 09:38:49.944,1.50083,1.50095,1.00,1.00
2014.02.04 09:38:50.544,1.50085,1.50095,1.00,1.00
2014.02.04 09:38:50.645,1.50085,1.50099,1.00,1.15
2014.02.04 09:38:50.848,1.50085,1.50095,1.00,1.50
2014.02.04 09:38:51.101,1.50083,1.50095,1.00,1.50
2014.02.04 09:38:52.930,1.50081,1.50095,1.00,1.50
2014.02.04 09:38:53.183,1.50081,1.50093,1.00,1.00
2014.02.04 09:38:53.285,1.50078,1.50093,1.00,1.00
2014.02.04 09:38:53.748,1.50079,1.501,1.00,1.58
2014.02.04 09:38:53.799,1.50079,1.501,1.58,1.00
2014.02.04 09:38:54.283,1.50082,1.501,2.14,1.00
2014.02.04 09:38:54.489,1.50086,1.50102,1.00,1.00
2014.02.04 09:38:54.641,1.50086,1.50102,1.57,1.00
2014.02.04 09:38:54.692,1.50088,1.50105,1.57,1.50
2014.02.04 09:38:55.247,1.50088,1.50105,2.97,1.50
2014.02.04 09:38:55.982,1.50089,1.50106,1.47,1.00
2014.02.04 09:38:56.540,1.5009,1.50105,1.50,1.00
2014.02.04 09:38:56.792,1.5009,1.50105,1.65,1.00
2014.02.04 09:38:56.893,1.5009,1.50109,1.65,1.00
2014.02.04 09:38:56.995,1.5009,1.50109,2.33,1.00
2014.02.04 09:38:57.197,1.50088,1.50108,2.33,1.00
2014.02.04 09:38:57.349,1.50088,1.50108,1.65,1.00
2014.02.04 09:38:57.707,1.50088,1.50103,1.08,1.00
2014.02.04 09:38:57.809,1.50086,1.50103,1.00,1.00
2014.02.04 09:38:57.910,1.50086,1.50099,1.00,1.00
2014.02.04 09:38:58.063,1.50083,1.50099,1.10,1.00
2014.02.04 09:38:58.528,1.50085,1.50099,1.10,1.00
2014.02.04 09:38:58.579,1.50085,1.50102,1.10,1.00
2014.02.04 09:38:58.883,1.50083,1.50102,1.58,1.00
2014.02.04 09:38:58.935,1.50083,1.501,1.10,1.00
2014.02.04 09:39:00.178,1.50083,1.50102,1.50,1.18
2014.02.04 09:39:00.481,1.50085,1.50102,1.00,1.18
2014.02.04 09:39:00.735,1.50083,1.50102,1.00,1.18
2014.02.04 09:39:01.258,1.50082,1.501,1.00,1.00
2014.02.04 09:39:02.534,1.50081,1.501,1.00,1.00
2014.02.04 09:39:03.063,1.5008,1.50097,1.10,1.00
2014.02.04 09:39:03.216,1.50078,1.50097,1.10,1.00
2014.02.04 09:39:04.165,1.50077,1.50097,1.08,1.08
2014.02.04 09:39:04.671,1.50077,1.50097,1.10,1.10
2014.02.04 09:39:05.201,1.50078,1.50097,1.00,1.10
2014.02.04 09:39:06.268,1.50078,1.50095,1.00,1.00
2014.02.04 09:39:08.751,1.50078,1.50093,1.10,1.00
2014.02.04 09:39:09.005,1.50075,1.50091,1.00,1.00
2014.02.04 09:39:09.520,1.50075,1.50092,1.00,1.50
2014.02.04 09:39:10.046,1.50073,1.50092,2.89,1.50
2014.02.04 09:39:10.838,1.50073,1.50092,2.97,1.50
2014.02.04 09:39:11.378,1.50073,1.50092,2.97,1.50
2014.02.04 09:39:11.941,1.50073,1.50092,2.97,1.50
2014.02.04 09:39:15.000,1.50073,1.50092,2.22,1.00
2014.02.04 09:39:18.272,1.50075,1.50092,1.28,1.00
2014.02.04 09:39:18.324,1.50076,1.50094,1.67,1.00
2014.02.04 09:39:18.528,1.50077,1.50096,2.14,1.50
2014.02.04 09:39:19.034,1.50077,1.50094,2.14,1.00
2014.02.04 09:39:19.352,1.50077,1.50089,1.50,1.00
2014.02.04 09:39:19.454,1.50074,1.50089,1.00,1.00
2014.02.04 09:39:19.555,1.50072,1.50089,1.10,1.00
2014.02.04 09:39:19.808,1.5007,1.50081,1.47,1.00
2014.02.04 09:39:19.909,1.5007,1.50081,1.32,1.00
2014.02.04 09:39:20.548,1.5007,1.5008,1.32,1.00
2014.02.04 09:39:20.958,1.50071,1.50091,1.00,1.65
2014.02.04 09:39:21.010,1.50071,1.50091,1.20,1.50
2014.02.04 09:39:21.111,1.50074,1.50091,1.00,1.00
2014.02.04 09:39:21.443,1.50074,1.50091,1.72,1.00
2014.02.04 09:39:21.846,1.50076,1.50091,1.57,1.00
2014.02.04 09:39:22.150,1.50075,1.50092,1.77,1.00
2014.02.04 09:39:23.232,1.50074,1.50092,1.57,1.00
2014.02.04 09:39:24.075,1.50074,1.50093,1.57,1.50
2014.02.04 09:39:24.177,1.50074,1.50091,1.57,1.00
2014.02.04 09:39:25.335,1.50076,1.50091,1.67,1.00
2014.02.04 09:39:25.689,1.50079,1.50097,1.20,1.00
2014.02.04 09:39:25.892,1.50081,1.501,1.57,1.65
2014.02.04 09:39:26.131,1.50081,1.50099,1.57,2.33
2014.02.04 09:39:26.452,1.50077,1.50097,1.88,1.08
2014.02.04 09:39:26.985,1.50077,1.50098,1.57,1.58
2014.02.04 09:39:27.533,1.50075,1.50098,2.14,1.58
2014.02.04 09:39:27.685,1.50075,1.50096,1.32,2.33
2014.02.04 09:39:27.888,1.50073,1.50093,1.00,1.18
2014.02.04 09:39:27.989,1.5007,1.50091,2.25,1.58
2014.02.04 09:39:29.373,1.50071,1.5009,1.00,1.20
2014.02.04 09:39:29.424,1.50073,1.5009,1.00,1.20
2014.02.04 09:39:29.645,1.5007,1.50091,1.50,1.15
2014.02.04 09:39:29.746,1.50071,1.5009,1.00,1.18
2014.02.04 09:39:30.273,1.50071,1.50091,1.00,1.15
2014.02.04 09:39:32.013,1.5007,1.50092,2.25,1.65
2014.02.04 09:39:32.318,1.50072,1.50093,1.50,2.33
2014.02.04 09:39:32.420,1.5007,1.50091,1.50,2.40
2014.02.04 09:39:32.472,1.5007,1.50086,1.50,1.00
2014.02.04 09:39:32.777,1.50068,1.50084,1.08,1.08
2014.02.04 09:39:33.081,1.5007,1.50084,1.57,1.10
2014.02.04 09:39:33.234,1.5007,1.50084,1.32,1.10
2014.02.04 09:39:33.386,1.50075,1.50084,1.00,1.20
2014.02.04 09:39:33.589,1.50073,1.50084,1.00,1.18
2014.02.04 09:39:34.982,1.50073,1.50086,1.00,1.10
2014.02.04 09:39:35.923,1.50072,1.50086,1.00,1.10
2014.02.04 09:39:36.742,1.50072,1.50088,1.00,1.00
2014.02.04 09:39:38.786,1.50074,1.50088,1.00,1.00
2014.02.04 09:39:38.955,1.50074,1.5009,1.00,1.20
2014.02.04 09:39:42.194,1.50074,1.5009,1.08,1.00
2014.02.04 09:39:43.946,1.50073,1.50092,1.72,1.00
2014.02.04 09:39:45.214,1.50079,1.50092,1.57,1.00
2014.02.04 09:39:45.265,1.50079,1.50095,2.07,1.18
2014.02.04 09:39:45.417,1.50079,1.50097,1.57,1.00
2014.02.04 09:39:45.670,1.50081,1.50097,1.57,1.00
2014.02.04 09:39:45.772,1.50081,1.50102,1.57,2.40
2014.02.04 09:39:46.866,1.50081,1.50102,1.57,2.78
2014.02.04 09:39:47.019,1.50081,1.50102,1.64,2.70
2014.02.04 09:39:47.588,1.50082,1.50097,1.67,1.00
2014.02.04 09:39:47.690,1.50072,1.50087,1.10,1.00
2014.02.04 09:39:47.791,1.50067,1.50086,1.20,1.00
2014.02.04 09:39:47.994,1.50064,1.50086,1.57,1.15
2014.02.04 09:39:48.328,1.50064,1.50084,1.57,1.15
2014.02.04 09:39:49.820,1.50063,1.50084,1.32,1.83
2014.02.04 09:39:50.074,1.50065,1.50085,1.00,1.65
2014.02.04 09:39:50.277,1.50067,1.50085,1.00,1.65
2014.02.04 09:39:50.581,1.50067,1.50083,1.00,1.18
2014.02.04 09:39:50.894,1.50064,1.50079,1.00,1.08
2014.02.04 09:39:51.147,1.50066,1.50079,1.00,1.10
2014.02.04 09:39:51.249,1.50066,1.50079,1.00,1.15
2014.02.04 09:39:51.448,1.50066,1.50082,1.00,1.65
2014.02.04 09:39:51.683,1.50065,1.50082,1.00,3.00
2014.02.04 09:39:52.207,1.50065,1.50081,1.00,1.50
2014.02.04 09:39:54.653,1.50063,1.5008,1.00,1.58
2014.02.04 09:39:54.997,1.50066,1.5008,1.00,1.58
2014.02.04 09:39:55.098,1.5006,1.5008,1.00,1.58
2014.02.04 09:39:55.495,1.50059,1.50076,1.82,2.25
2014.02.04 09:39:55.822,1.50054,1.50072,1.32,1.50
2014.02.04 09:39:56.126,1.50049,1.50071,1.38,1.15
2014.02.04 09:39:56.228,1.50048,1.50066,1.38,2.25
2014.02.04 09:39:58.272,1.50044,1.50065,2.57,1.50
2014.02.04 09:39:58.796,1.50042,1.50062,1.69,1.15
2014.02.04 09:39:59.396,1.50043,1.50062,1.44,1.15
2014.02.04 09:39:59.447,1.50045,1.50062,1.00,1.15
2014.02.04 09:39:59.752,1.50052,1.50067,1.00,1.50
2014.02.04 09:39:59.953,1.5005,1.50067,1.07,1.50
2014.02.04 09:40:00.006,1.5005,1.50071,1.07,1.50
2014.02.04 09:40:00.057,1.5005,1.50073,1.32,4.50
2014.02.04 09:40:00.108,1.5005,1.50073,1.32,3.00
2014.02.04 09:40:00.413,1.50051,1.50073,2.38,2.25
2014.02.04 09:40:00.515,1.50051,1.50075,2.38,1.15
2014.02.04 09:40:00.635,1.50051,1.50075,1.82,1.15
2014.02.04 09:40:01.784,1.50051,1.50075,1.82,1.58
2014.02.04 09:40:02.352,1.50052,1.50075,1.32,2.25
2014.02.04 09:40:05.747,1.50053,1.50075,1.32,1.15
2014.02.04 09:40:08.435,1.50054,1.50074,1.32,1.10
2014.02.04 09:40:08.485,1.50061,1.50074,1.00,1.10
2014.02.04 09:40:08.587,1.50061,1.50079,1.50,1.20
2014.02.04 09:40:08.638,1.50068,1.50083,1.32,2.25
2014.02.04 09:40:08.689,1.50068,1.50088,1.82,2.00
2014.02.04 09:40:08.992,1.5007,1.50091,1.49,1.10
2014.02.04 09:40:09.195,1.5007,1.50091,1.49,1.10
2014.02.04 09:40:09.719,1.50072,1.50092,1.49,1.00
2014.02.04 09:40:10.846,1.50076,1.50092,1.00,1.00
2014.02.04 09:40:11.632,1.50076,1.50093,1.00,1.18
2014.02.04 09:40:11.940,1.50076,1.50093,1.00,1.00
2014.02.04 09:40:12.330,1.50076,1.50091,1.00,1.00
2014.02.04 09:40:13.556,1.50076,1.50096,1.00,1.28
2014.02.04 09:40:14.065,1.50076,1.50093,1.00,1.50
2014.02.04 09:40:14.167,1.50073,1.50093,1.00,1.00
2014.02.04 09:40:14.888,1.50073,1.50094,1.10,1.10
2014.02.04 09:40:15.373,1.50073,1.50092,1.65,1.50
2014.02.04 09:40:17.187,1.50073,1.50092,1.50,1.65
2014.02.04 09:40:18.973,1.50073,1.50092,1.58,1.58
2014.02.04 09:40:20.037,1.50073,1.50092,1.65,1.50
2014.02.04 09:40:20.088,1.50074,1.50094,1.15,1.00
2014.02.04 09:40:20.629,1.50076,1.50095,1.08,1.50
2014.02.04 09:40:24.556,1.50079,1.50095,1.00,1.00
2014.02.04 09:40:24.713,1.50079,1.50097,1.00,1.00
2014.02.04 09:40:24.878,1.5008,1.50099,1.00,1.50
2014.02.04 09:40:25.399,1.50082,1.501,1.00,1.00
2014.02.04 09:40:25.653,1.50085,1.50104,1.50,1.00
2014.02.04 09:40:25.805,1.50085,1.50104,1.65,1.00
2014.02.04 09:40:25.907,1.50087,1.50108,2.33,1.18
2014.02.04 09:40:26.009,1.50087,1.50108,2.40,1.00
2014.02.04 09:40:26.682,1.50089,1.50109,1.58,1.10
2014.02.04 09:40:26.783,1.5009,1.50111,1.58,1.50
2014.02.04 09:40:26.886,1.5009,1.50109,1.58,1.00
2014.02.04 09:40:27.390,1.50091,1.5011,1.00,1.00
2014.02.04 09:40:29.077,1.50092,1.5011,1.00,1.00
2014.02.04 09:40:29.702,1.50091,1.5011,1.50,1.00
2014.02.04 09:40:30.574,1.50091,1.5011,1.00,1.08
2014.02.04 09:40:30.877,1.50088,1.50105,1.00,1.10
2014.02.04 09:40:32.344,1.50089,1.50106,1.00,1.10
2014.02.04 09:40:32.648,1.50092,1.50108,1.58,1.00
2014.02.04 09:40:32.699,1.50092,1.5011,1.58,1.00
2014.02.04 09:40:33.021,1.50092,1.50108,1.10,1.00
2014.02.04 09:40:33.173,1.5009,1.50108,1.10,1.00
2014.02.04 09:40:33.686,1.50089,1.50109,1.50,1.20
2014.02.04 09:40:34.274,1.5009,1.50109,1.00,1.20
2014.02.04 09:40:34.325,1.50089,1.50107,1.00,1.00
2014.02.04 09:40:34.541,1.50089,1.50109,1.50,2.40
2014.02.04 09:40:34.751,1.50092,1.50109,1.00,1.20
2014.02.04 09:40:35.055,1.50094,1.50112,1.00,1.50
2014.02.04 09:40:35.713,1.50095,1.50115,1.50,1.15
2014.02.04 09:40:35.865,1.50098,1.50115,1.00,1.15
2014.02.04 09:40:36.005,1.50099,1.50117,1.50,1.15
2014.02.04 09:40:36.507,1.501,1.50117,1.00,1.15
2014.02.04 09:40:38.713,1.501,1.50118,1.00,1.65
2014.02.04 09:40:45.270,1.501,1.50118,1.00,1.10
2014.02.04 09:40:45.817,1.50101,1.50118,1.00,1.10
2014.02.04 09:40:46.974,1.50103,1.50118,1.00,1.10
2014.02.04 09:40:47.128,1.50103,1.50121,1.00,1.20
2014.02.04 09:40:47.658,1.50104,1.50122,1.00,1.00
2014.02.04 09:40:48.172,1.50103,1.50122,1.58,1.50
2014.02.04 09:40:48.653,1.50103,1.50116,1.10,1.00
2014.02.04 09:40:48.755,1.501,1.50116,1.00,1.00
2014.02.04 09:40:49.008,1.501,1.50116,1.18,1.00
2014.02.04 09:40:49.109,1.501,1.50118,1.18,1.00
2014.02.04 09:40:49.332,1.501,1.50118,1.00,1.00
2014.02.04 09:40:52.152,1.501,1.50116,1.00,1.00
2014.02.04 09:40:52.405,1.50098,1.50116,1.00,1.00
2014.02.04 09:40:52.507,1.50098,1.50114,1.00,1.00
2014.02.04 09:40:52.810,1.50095,1.50116,1.65,1.00
2014.02.04 09:40:53.165,1.50095,1.50116,1.58,1.08
2014.02.04 09:40:53.716,1.50095,1.50114,1.00,1.00
2014.02.04 09:40:54.233,1.50095,1.50115,1.18,1.00
2014.02.04 09:40:54.739,1.50095,1.50116,1.18,1.00
2014.02.04 09:40:55.884,1.50095,1.50116,1.00,1.10
2014.02.04 09:40:56.102,1.50097,1.50116,1.00,1.10
2014.02.04 09:40:56.452,1.50098,1.50113,1.00,1.00
2014.02.04 09:40:56.554,1.50098,1.50117,1.00,1.65
2014.02.04 09:40:56.908,1.50098,1.50114,1.00,1.00
2014.02.04 09:40:57.448,1.50098,1.50113,1.00,1.00
2014.02.04 09:41:01.032,1.50098,1.50111,1.00,1.00
2014.02.04 09:41:02.269,1.50097,1.5011,1.50,1.00
2014.02.04 09:41:02.481,1.50092,1.50108,1.65,1.00
2014.02.04 09:41:02.532,1.50092,1.50103,1.15,1.00
2014.02.04 09:41:02.634,1.50086,1.50103,1.15,1.00
2014.02.04 09:41:02.837,1.50086,1.501,1.08,1.00
2014.02.04 09:41:02.938,1.50086,1.501,1.00,1.00
2014.02.04 09:41:03.472,1.50086,1.50103,1.00,1.00
2014.02.04 09:41:03.624,1.50089,1.50107,1.00,1.15
2014.02.04 09:41:03.928,1.50095,1.50112,1.00,1.80
2014.02.04 09:41:04.030,1.50095,1.50114,1.10,1.00
2014.02.04 09:41:04.080,1.50098,1.50114,1.00,1.00
2014.02.04 09:41:04.131,1.50098,1.50116,1.00,2.55
2014.02.04 09:41:04.697,1.50099,1.50117,1.50,1.38
2014.02.04 09:41:05.212,1.50099,1.50117,1.50,1.00
2014.02.04 09:41:05.600,1.50102,1.50119,1.00,1.65
2014.02.04 09:41:05.802,1.50102,1.50121,1.00,1.18
2014.02.04 09:41:10.912,1.50101,1.50119,1.00,1.00
2014.02.04 09:41:11.166,1.50098,1.50119,1.58,1.58
2014.02.04 09:41:11.419,1.50098,1.50118,1.00,1.65
2014.02.04 09:41:12.774,1.50097,1.50118,1.58,1.65
2014.02.04 09:41:13.121,1.50099,1.50118,1.00,1.65
2014.02.04 09:41:14.232,1.50099,1.50118,1.00,1.65
2014.02.04 09:41:14.779,1.501,1.50118,1.00,1.15
2014.02.04 09:41:15.335,1.50097,1.50118,1.00,1.65
2014.02.04 09:41:15.974,1.50097,1.50118,1.00,1.65
2014.02.04 09:41:16.739,1.50098,1.50118,1.00,1.15
2014.02.04 09:41:20.284,1.50095,1.50114,1.95,1.00
2014.02.04 09:41:20.437,1.50095,1.50111,1.00,1.00
2014.02.04 09:41:20.740,1.50093,1.5011,1.00,1.10
2014.02.04 09:41:21.201,1.50094,1.50112,1.00,1.10
2014.02.04 09:41:21.302,1.50097,1.50112,1.00,1.10
2014.02.04 09:41:21.606,1.501,1.50112,1.00,1.10
2014.02.04 09:41:21.656,1.501,1.50114,1.00,1.00
2014.02.04 09:41:22.020,1.50098,1.50114,1.00,1.00
2014.02.04 09:41:22.400,1.501,1.50114,1.00,1.00
2014.02.04 09:41:23.340,1.50101,1.50114,1.00,1.00
2014.02.04 09:41:23.936,1.50102,1.50116,1.00,1.00
2014.02.04 09:41:25.117,1.50101,1.50116,1.00,1.00
2014.02.04 09:41:25.457,1.50105,1.50121,1.00,1.15
2014.02.04 09:41:25.609,1.50105,1.50124,1.50,2.40
2014.02.04 09:41:25.660,1.50109,1.50124,1.00,1.58
2014.02.04 09:41:25.863,1.50109,1.50127,1.50,1.00
2014.02.04 09:41:26.467,1.50108,1.50127,1.20,1.00
2014.02.04 09:41:27.631,1.50109,1.50127,1.00,1.00
2014.02.04 09:41:28.761,1.50108,1.50127,1.20,1.00
2014.02.04 09:41:29.526,1.50108,1.50127,1.00,1.08
2014.02.04 09:41:29.951,1.50107,1.5012,1.10,1.00
2014.02.04 09:41:30.104,1.50101,1.50117,1.10,1.00
2014.02.04 09:41:30.205,1.50101,1.5012,1.00,1.20
2014.02.04 09:41:30.307,1.50103,1.50121,1.00,1.15
2014.02.04 09:41:30.613,1.50107,1.50125,1.50,1.39
2014.02.04 09:41:30.664,1.50107,1.50126,1.50,1.58
2014.02.04 09:41:30.766,1.50107,1.50126,1.58,1.10
2014.02.04 09:41:31.164,1.50112,1.50128,1.00,1.50
2014.02.04 09:41:31.603,1.5011,1.50128,1.10,1.50
2014.02.04 09:41:31.764,1.50113,1.50128,1.35,1.00
2014.02.04 09:41:32.075,1.50114,1.50131,2.70,1.00
2014.02.04 09:41:32.185,1.50119,1.50136,1.00,1.50
2014.02.04 09:41:32.771,1.50118,1.50136,1.10,1.50
2014.02.04 09:41:34.937,1.50118,1.50137,1.10,1.58
2014.02.04 09:41:35.529,1.50119,1.50137,1.00,1.10
2014.02.04 09:41:37.343,1.50119,1.50137,1.00,1.08
2014.02.04 09:41:38.897,1.50119,1.50137,1.00,1.15
2014.02.04 09:41:39.100,1.50123,1.5014,1.50,1.00
2014.02.04 09:41:39.252,1.50123,1.50136,1.00,1.00
2014.02.04 09:41:39.358,1.50124,1.5014,1.00,1.15
2014.02.04 09:41:39.420,1.50124,1.5014,1.00,1.00
2014.02.04 09:41:39.623,1.50124,1.50142,1.00,1.10
2014.02.04 09:41:39.674,1.50126,1.50142,1.00,1.10
2014.02.04 09:41:39.934,1.50122,1.5014,1.00,1.50
2014.02.04 09:41:40.457,1.50122,1.50139,1.00,1.20
2014.02.04 09:41:40.732,1.50122,1.50137,1.00,1.00
2014.02.04 09:41:42.161,1.50122,1.50139,1.00,1.20
2014.02.04 09:41:42.868,1.50121,1.50139,1.00,2.22
2014.02.04 09:41:42.919,1.50121,1.50136,1.00,1.00
2014.02.04 09:41:42.969,1.50118,1.50136,1.10,1.50
2014.02.04 09:41:43.071,1.50116,1.50134,1.15,1.00
2014.02.04 09:41:43.172,1.50115,1.50134,1.50,1.00
2014.02.04 09:41:43.693,1.50115,1.50133,1.50,1.20
2014.02.04 09:41:45.180,1.50115,1.50132,1.00,1.00
2014.02.04 09:41:45.483,1.50114,1.50135,2.40,1.58
2014.02.04 09:41:47.254,1.50114,1.50133,1.65,1.00
2014.02.04 09:41:47.945,1.50114,1.50134,1.65,1.00
2014.02.04 09:41:49.190,1.50114,1.50134,3.00,1.00
2014.02.04 09:41:49.342,1.50121,1.50138,1.00,1.10
2014.02.04 09:41:49.597,1.50118,1.50138,1.58,1.00
2014.02.04 09:41:50.122,1.50118,1.50137,1.50,1.50
2014.02.04 09:41:51.175,1.50118,1.50135,1.50,1.00
2014.02.04 09:41:51.361,1.50118,1.50137,1.50,1.50
2014.02.04 09:41:52.314,1.50116,1.50137,1.15,1.50
2014.02.04 09:41:52.367,1.50121,1.5014,1.15,1.50
2014.02.04 09:41:52.660,1.50121,1.5014,1.20,1.50
2014.02.04 09:41:53.403,1.50121,1.5014,1.18,1.50
2014.02.04 09:41:53.707,1.50126,1.50143,1.18,1.00
2014.02.04 09:41:53.809,1.50127,1.50146,1.00,1.58
2014.02.04 09:41:54.230,1.50128,1.50146,1.18,1.00
2014.02.04 09:41:54.535,1.50138,1.50155,1.10,1.00
2014.02.04 09:41:54.637,1.50138,1.50155,1.65,1.00
2014.02.04 09:41:55.145,1.50136,1.50156,3.00,1.00
2014.02.04 09:41:55.639,1.50136,1.50154,3.00,1.00
2014.02.04 09:41:56.028,1.50134,1.50152,2.33,1.00
2014.02.04 09:41:56.086,1.50134,1.50152,1.15,1.00
2014.02.04 09:41:56.288,1.50134,1.50152,1.00,1.00
2014.02.04 09:41:56.969,1.50134,1.50153,1.00,1.50
2014.02.04 09:41:59.279,1.50132,1.50151,3.15,1.00
2014.02.04 09:42:00.080,1.50132,1.50149,2.33,1.00
2014.02.04 09:42:00.383,1.50129,1.50146,1.15,1.00
2014.02.04 09:42:00.710,1.50129,1.50147,1.10,1.00
2014.02.04 09:42:01.554,1.50128,1.50147,1.18,1.00
2014.02.04 09:42:02.783,1.50127,1.50148,1.58,1.00
2014.02.04 09:42:03.270,1.50133,1.50148,1.00,1.00
2014.02.04 09:42:03.422,1.50133,1.5015,1.58,1.00
2014.02.04 09:42:03.473,1.50133,1.50153,1.10,1.50
2014.02.04 09:42:04.470,1.50134,1.50153,1.00,1.00
2014.02.04 09:42:05.036,1.50133,1.50153,1.10,1.00
2014.02.04 09:42:05.697,1.50133,1.50152,1.10,1.00
2014.02.04 09:42:06.412,1.5013,1.50151,2.40,1.50
2014.02.04 09:42:06.514,1.5013,1.50151,1.65,1.50
2014.02.04 09:42:07.703,1.5013,1.50149,1.65,1.00
2014.02.04 09:42:08.539,1.50134,1.50149,1.00,1.00
2014.02.04 09:42:08.742,1.50139,1.50155,1.00,1.00
2014.02.04 09:42:08.858,1.50139,1.50153,1.00,1.00
2014.02.04 09:42:09.263,1.50135,1.50153,1.32,1.15
2014.02.04 09:42:09.770,1.50135,1.50153,1.57,1.08
2014.02.04 09:42:09.871,1.50135,1.50153,1.57,1.10
2014.02.04 09:42:10.359,1.50132,1.50152,1.18,1.00
2014.02.04 09:42:10.460,1.50131,1.50149,1.39,1.00
2014.02.04 09:42:10.822,1.5013,1.50149,1.00,1.00
2014.02.04 09:42:11.025,1.50136,1.5015,1.00,1.18
2014.02.04 09:42:11.177,1.50138,1.50152,1.00,1.58
2014.02.04 09:42:11.431,1.50137,1.50156,1.00,1.50
2014.02.04 09:42:11.532,1.50137,1.50156,1.00,1.58
2014.02.04 09:42:11.889,1.50135,1.50154,1.50,1.20
2014.02.04 09:42:12.409,1.50135,1.50154,1.50,1.18
2014.02.04 09:42:12.973,1.50134,1.50153,1.00,1.15
2014.02.04 09:42:13.508,1.50132,1.50154,2.22,1.08
2014.02.04 09:42:14.016,1.50134,1.50154,1.10,1.10
2014.02.04 09:42:14.603,1.50131,1.50152,2.22,1.00
2014.02.04 09:42:14.654,1.50131,1.50152,2.22,1.18
2014.02.04 09:42:18.126,1.50132,1.50152,1.08,1.10
2014.02.04 09:42:18.679,1.50131,1.50152,1.65,1.00
2014.02.04 09:42:20.969,1.50132,1.50153,1.65,1.00
2014.02.04 09:42:21.288,1.50132,1.50153,2.33,1.00
2014.02.04 09:42:21.792,1.50132,1.50154,3.00,1.50
2014.02.04 09:42:22.305,1.50132,1.50154,1.65,1.58
2014.02.04 09:42:23.054,1.50134,1.50154,1.08,1.00
2014.02.04 09:42:25.536,1.50135,1.50154,1.10,1.00
2014.02.04 09:42:25.999,1.50135,1.50154,1.15,1.00
2014.02.04 09:42:26.678,1.50135,1.50157,2.22,1.65
2014.02.04 09:42:27.033,1.50138,1.50158,1.58,1.08
2014.02.04 09:42:27.185,1.50138,1.50159,1.65,1.50
2014.02.04 09:42:27.701,1.50138,1.50159,1.65,1.65
2014.02.04 09:42:28.794,1.5014,1.5016,1.00,1.15
2014.02.04 09:42:28.895,1.50142,1.5016,1.00,1.00
2014.02.04 09:42:29.244,1.50143,1.50163,1.15,1.00
2014.02.04 09:42:30.792,1.50142,1.50162,1.58,1.00
2014.02.04 09:42:31.047,1.50138,1.50159,2.33,1.50
2014.02.04 09:42:31.200,1.50138,1.50159,1.58,1.50
2014.02.04 09:42:33.697,1.50138,1.50158,1.58,1.00
2014.02.04 09:42:33.862,1.50138,1.50156,1.10,1.00
2014.02.04 09:42:34.020,1.50133,1.50154,1.47,1.00
2014.02.04 09:42:34.438,1.50135,1.50154,1.08,1.00
2014.02.04 09:42:34.894,1.50139,1.50156,1.47,1.00
2014.02.04 09:42:35.434,1.50138,1.50157,1.72,1.00
2014.02.04 09:42:35.862,1.50137,1.50157,2.14,1.00
2014.02.04 09:42:37.543,1.50136,1.50156,1.18,1.00
2014.02.04 09:42:37.651,1.50133,1.50153,2.22,1.00
2014.02.04 09:42:37.959,1.50133,1.50153,1.00,1.18
2014.02.04 09:42:41.839,1.50133,1.50149,1.39,1.00
2014.02.04 09:42:42.377,1.5013,1.50148,1.65,1.00
2014.02.04 09:42:43.153,1.5013,1.50149,1.65,1.00
2014.02.04 09:42:43.900,1.5013,1.50148,1.65,1.00
2014.02.04 09:42:48.353,1.50129,1.50145,1.18,1.00
2014.02.04 09:42:48.404,1.50129,1.50145,1.18,1.00
2014.02.04 09:42:48.527,1.50129,1.50147,1.18,1.00
2014.02.04 09:42:49.096,1.50129,1.5015,1.65,1.10
2014.02.04 09:42:50.418,1.50129,1.5015,1.58,1.18
2014.02.04 09:42:51.028,1.50129,1.5015,1.58,1.15
2014.02.04 09:42:53.626,1.50131,1.5015,1.00,1.15
2014.02.04 09:42:54.061,1.50129,1.50147,1.10,1.00
2014.02.04 09:42:54.112,1.50127,1.50145,1.00,1.00
2014.02.04 09:42:54.314,1.50124,1.50143,1.10,1.00
2014.02.04 09:42:54.820,1.50124,1.50144,2.25,1.65
2014.02.04 09:42:55.778,1.50126,1.50144,1.00,1.65
2014.02.04 09:42:56.355,1.50124,1.50144,1.50,3.15
2014.02.04 09:42:56.923,1.50124,1.50144,1.50,3.72
2014.02.04 09:42:57.610,1.50124,1.50144,1.50,3.72
2014.02.04 09:42:58.358,1.50124,1.50144,1.50,3.72
2014.02.04 09:42:58.941,1.50124,1.50143,1.50,1.00
2014.02.04 09:43:01.601,1.50124,1.50141,1.50,1.00
2014.02.04 09:43:02.116,1.50125,1.50141,1.00,1.00
2014.02.04 09:43:03.470,1.50125,1.50139,1.00,1.00
2014.02.04 09:43:03.776,1.50116,1.50124,1.50,1.00
2014.02.04 09:43:04.030,1.50106,1.50122,1.15,1.00
2014.02.04 09:43:04.233,1.50103,1.50122,1.00,1.00
2014.02.04 09:43:04.684,1.50103,1.5012,1.00,1.00
2014.02.04 09:43:04.991,1.50108,1.5012,1.00,1.00
2014.02.04 09:43:05.042,1.50108,1.50125,1.00,1.00
2014.02.04 09:43:05.094,1.50111,1.50125,1.00,1.00
2014.02.04 09:43:05.348,1.50108,1.50125,1.50,1.20
2014.02.04 09:43:05.552,1.50108,1.5012,1.00,1.00
2014.02.04 09:43:05.603,1.50105,1.5012,1.50,1.00
2014.02.04 09:43:06.488,1.50104,1.5012,1.00,1.00
2014.02.04 09:43:07.856,1.50103,1.5012,1.00,1.00
2014.02.04 09:43:08.358,1.50102,1.50119,1.00,1.10
2014.02.04 09:43:09.370,1.50101,1.50119,1.00,1.10
2014.02.04 09:43:09.573,1.50103,1.50122,1.10,1.10
2014.02.04 09:43:12.750,1.50102,1.50122,1.00,1.10
2014.02.04 09:43:18.222,1.501,1.50122,1.10,1.10
2014.02.04 09:43:18.529,1.501,1.50119,1.10,1.00
2014.02.04 09:43:18.833,1.50096,1.50113,1.58,1.00
2014.02.04 09:43:19.087,1.5009,1.50111,3.57,1.00
2014.02.04 09:43:19.188,1.5009,1.50111,2.22,1.10
2014.02.04 09:43:22.169,1.5009,1.5011,1.18,1.00
2014.02.04 09:43:22.655,1.50093,1.50112,1.00,1.65
2014.02.04 09:43:22.757,1.50094,1.50115,1.00,2.40
2014.02.04 09:43:23.163,1.50099,1.50116,1.00,1.15
2014.02.04 09:43:23.316,1.50099,1.5012,1.00,1.65
2014.02.04 09:43:23.367,1.50102,1.5012,1.00,1.15
2014.02.04 09:43:23.419,1.50102,1.5012,1.00,1.00
2014.02.04 09:43:23.470,1.50102,1.50122,1.50,1.10
2014.02.04 09:43:23.571,1.50104,1.50123,1.00,1.18
2014.02.04 09:43:23.953,1.50102,1.50123,1.20,1.20
2014.02.04 09:43:24.638,1.50103,1.50124,1.00,2.40
2014.02.04 09:43:25.865,1.50103,1.50122,1.00,1.00
2014.02.04 09:43:25.916,1.50103,1.50122,1.00,1.15
2014.02.04 09:43:27.179,1.50102,1.50122,1.00,1.65
2014.02.04 09:43:28.493,1.50101,1.5012,1.00,1.10
2014.02.04 09:43:30.713,1.50102,1.5012,1.00,1.00
2014.02.04 09:43:33.667,1.50103,1.5012,1.00,1.00
2014.02.04 09:43:34.002,1.50105,1.50122,1.50,1.20
2014.02.04 09:43:34.306,1.5011,1.50127,1.00,1.13
2014.02.04 09:43:34.610,1.50114,1.50128,1.00,1.38
2014.02.04 09:43:34.711,1.50116,1.5013,1.00,1.88
2014.02.04 09:43:35.030,1.50116,1.50135,1.10,1.10
2014.02.04 09:43:35.598,1.50114,1.50134,2.22,1.00
2014.02.04 09:43:37.383,1.50114,1.50134,1.58,1.10
2014.02.04 09:43:38.786,1.50114,1.50134,1.18,1.00
2014.02.04 09:43:39.811,1.50114,1.50134,1.10,1.10
2014.02.04 09:43:40.944,1.50112,1.50133,1.72,1.00
2014.02.04 09:43:42.874,1.50112,1.50133,1.00,1.20
2014.02.04 09:43:44.415,1.50112,1.50132,1.50,1.50
2014.02.04 09:43:44.466,1.50108,1.50127,1.65,1.00
2014.02.04 09:43:44.568,1.50108,1.50127,1.00,1.65
2014.02.04 09:43:44.620,1.50108,1.50123,1.00,1.10
2014.02.04 09:43:44.924,1.50106,1.50121,1.13,1.08
2014.02.04 09:43:45.026,1.50106,1.50121,1.13,1.18
2014.02.04 09:43:45.228,1.50102,1.50121,1.00,1.10
2014.02.04 09:43:46.017,1.50103,1.50121,1.00,1.10
2014.02.04 09:43:46.767,1.50102,1.50121,1.32,1.10
2014.02.04 09:43:49.733,1.50102,1.50121,1.32,1.08
2014.02.04 09:43:50.385,1.50102,1.50121,1.39,1.10
2014.02.04 09:43:51.754,1.50102,1.50121,1.47,1.00
2014.02.04 09:43:52.270,1.50104,1.50121,1.10,1.00
2014.02.04 09:43:52.929,1.50101,1.50121,2.22,1.00
2014.02.04 09:43:54.784,1.50102,1.50121,1.18,1.00
2014.02.04 09:43:56.036,1.50102,1.50122,2.22,1.00
2014.02.04 09:43:56.988,1.50104,1.50122,1.00,1.00
2014.02.04 09:43:58.001,1.50104,1.50123,1.50,1.00
2014.02.04 09:43:58.102,1.50104,1.50123,2.07,1.00
2014.02.04 09:43:58.459,1.50104,1.50123,2.89,1.00
2014.02.04 09:43:58.612,1.50108,1.50126,1.39,1.00
2014.02.04 09:43:58.663,1.5011,1.50129,1.00,1.65
2014.02.04 09:43:58.713,1.5011,1.50129,1.00,1.00
2014.02.04 09:43:59.562,1.50111,1.50129,1.00,1.00
2014.02.04 09:44:00.513,1.5011,1.50129,1.10,1.00
2014.02.04 09:44:03.182,1.50111,1.50129,1.00,1.00
2014.02.04 09:44:03.768,1.50111,1.50129,1.18,1.00
2014.02.04 09:44:06.633,1.50115,1.50129,1.57,1.00
2014.02.04 09:44:06.684,1.50117,1.50136,1.00,1.15
2014.02.04 09:44:06.786,1.50117,1.50138,2.82,1.65
2014.02.04 09:44:06.888,1.50121,1.50138,1.64,1.10
2014.02.04 09:44:07.143,1.50121,1.50142,1.72,1.00
2014.02.04 09:44:10.632,1.50121,1.50141,1.72,1.00
2014.02.04 09:44:11.310,1.50121,1.50142,1.72,1.50
2014.02.04 09:44:17.906,1.50121,1.5014,1.72,1.00
2014.02.04 09:44:20.766,1.50121,1.50141,1.72,1.00
2014.02.04 09:44:21.238,1.50126,1.50141,1.00,1.00
2014.02.04 09:44:21.441,1.50122,1.50141,1.74,1.00
2014.02.04 09:44:21.542,1.50122,1.50139,1.74,1.00
2014.02.04 09:44:22.090,1.50122,1.50142,1.74,1.00
2014.02.04 09:44:22.758,1.50122,1.5014,1.74,1.00
2014.02.04 09:44:23.245,1.50122,1.50136,1.74,1.00
2014.02.04 09:44:23.758,1.50124,1.50137,1.39,1.00
2014.02.04 09:44:24.457,1.50124,1.50136,1.39,1.00
2014.02.04 09:44:28.577,1.50124,1.50139,1.32,1.00
2014.02.04 09:44:28.907,1.50124,1.50142,1.32,1.18
2014.02.04 09:44:30.415,1.5012,1.50142,2.97,2.25
2014.02.04 09:44:30.662,1.5012,1.50138,2.22,1.00
2014.02.04 09:44:33.470,1.5012,1.50138,2.22,1.00
2014.02.04 09:44:36.677,1.50123,1.50134,1.00,1.00
2014.02.04 09:44:38.765,1.50123,1.50136,1.00,1.00
2014.02.04 09:44:44.246,1.50123,1.50136,1.08,1.00
2014.02.04 09:44:48.596,1.50122,1.50134,1.47,1.00
2014.02.04 09:44:49.474,1.50123,1.50134,2.25,1.00
2014.02.04 09:44:49.627,1.50123,1.50134,1.15,1.00
2014.02.04 09:44:50.242,1.50123,1.50135,1.15,1.00
2014.02.04 09:44:51.088,1.50123,1.50137,1.15,1.00
2014.02.04 09:44:51.672,1.50123,1.50138,1.72,1.00
2014.02.04 09:44:52.419,1.50123,1.50138,1.74,1.00
2014.02.04 09:44:53.597,1.50123,1.50138,1.74,1.00
2014.02.04 09:44:57.578,1.50123,1.50139,1.74,1.00
2014.02.04 09:44:58.248,1.50123,1.50138,1.74,1.00
2014.02.04 09:45:00.332,1.50123,1.50141,1.74,1.00
2014.02.04 09:45:00.589,1.50123,1.50137,1.57,1.00
2014.02.04 09:45:00.640,1.50123,1.50137,1.00,1.00
2014.02.04 09:45:00.691,1.50121,1.50137,1.00,1.00
2014.02.04 09:45:01.254,1.5012,1.50137,1.00,1.00
2014.02.04 09:45:01.662,1.50124,1.5014,1.00,1.10
2014.02.04 09:45:02.268,1.50123,1.50138,1.10,1.00
2014.02.04 09:45:02.578,1.50125,1.50136,1.00,1.00
2014.02.04 09:45:02.950,1.50125,1.5014,1.00,1.00
2014.02.04 09:45:03.464,1.50124,1.5014,1.50,1.00
2014.02.04 09:45:03.515,1.50124,1.50141,2.07,1.00
2014.02.04 09:45:04.243,1.50124,1.50142,2.22,1.00
2014.02.04 09:45:05.944,1.50124,1.50143,2.07,1.00
2014.02.04 09:45:06.472,1.50127,1.50145,1.18,1.00
2014.02.04 09:45:07.000,1.50127,1.50146,1.18,1.00
2014.02.04 09:45:07.379,1.50127,1.50146,1.10,1.10
2014.02.04 09:45:07.480,1.50125,1.50144,2.22,1.00
2014.02.04 09:45:08.039,1.50125,1.50143,1.57,1.00
2014.02.04 09:45:08.445,1.50125,1.50141,1.32,1.00
2014.02.04 09:45:08.974,1.50125,1.5014,1.32,1.00
2014.02.04 09:45:09.514,1.50122,1.50139,1.92,1.00
2014.02.04 09:45:09.868,1.50124,1.50142,1.32,1.10
2014.02.04 09:45:10.073,1.50125,1.50142,1.00,1.08
2014.02.04 09:45:10.175,1.50119,1.50139,1.10,1.58
2014.02.04 09:45:10.277,1.50117,1.50136,1.39,1.00
2014.02.04 09:45:10.530,1.50116,1.50135,1.57,1.08
2014.02.04 09:45:10.581,1.50116,1.50135,1.32,1.08
2014.02.04 09:45:10.632,1.50114,1.50135,1.57,1.58
2014.02.04 09:45:11.739,1.50114,1.50133,1.57,1.20
2014.02.04 09:45:13.552,1.50112,1.50133,2.14,1.00
2014.02.04 09:45:15.671,1.50114,1.50134,1.74,1.50
2014.02.04 09:45:15.722,1.50114,1.50134,2.14,1.50
2014.02.04 09:45:15.977,1.50118,1.50137,1.74,1.00
2014.02.04 09:45:16.573,1.50118,1.50136,1.74,1.00
2014.02.04 09:45:17.616,1.50118,1.50136,1.00,1.00
2014.02.04 09:45:19.157,1.50118,1.50134,1.00,1.00
2014.02.04 09:45:19.410,1.50112,1.50133,1.10,1.08
2014.02.04 09:45:19.562,1.50113,1.50133,1.08,1.00
2014.02.04 09:45:19.765,1.50115,1.50135,1.20,1.50
2014.02.04 09:45:19.918,1.50124,1.50135,1.00,1.00
2014.02.04 09:45:19.969,1.50124,1.50142,1.50,3.38
2014.02.04 09:45:20.486,1.50124,1.50139,1.00,1.00
2014.02.04 09:45:21.418,1.50123,1.50139,1.00,1.00
2014.02.04 09:45:21.598,1.50123,1.50133,1.00,1.00
2014.02.04 09:45:21.909,1.50123,1.50131,1.00,1.00
2014.02.04 09:45:22.012,1.50112,1.50131,1.08,1.00
2014.02.04 09:45:22.215,1.50112,1.50131,1.39,1.00
2014.02.04 09:45:22.621,1.50118,1.50135,1.00,1.15
2014.02.04 09:45:22.875,1.50119,1.50135,1.00,1.10
2014.02.04 09:45:22.977,1.50123,1.50135,1.00,1.10
2014.02.04 09:45:24.283,1.50118,1.50133,1.00,1.08
2014.02.04 09:45:24.385,1.50118,1.50133,1.00,2.33
2014.02.04 09:45:24.537,1.50115,1.5013,1.00,1.08
2014.02.04 09:45:24.689,1.50115,1.50127,1.00,1.00
2014.02.04 09:45:25.033,1.5011,1.50122,1.00,1.08
2014.02.04 09:45:25.538,1.50105,1.50119,1.00,1.00
2014.02.04 09:45:25.741,1.50105,1.50118,1.00,1.08
2014.02.04 09:45:25.843,1.50095,1.50115,3.27,1.18
2014.02.04 09:45:26.348,1.50096,1.50115,1.32,1.08
2014.02.04 09:45:27.153,1.50097,1.50115,1.00,1.08
2014.02.04 09:45:27.356,1.50097,1.50114,1.00,1.65
2014.02.04 09:45:27.761,1.50096,1.5011,1.00,1.00
2014.02.04 09:45:28.166,1.5009,1.50109,1.08,1.00
2014.02.04 09:45:28.217,1.5009,1.50109,1.00,1.10
2014.02.04 09:45:28.268,1.5009,1.50105,1.50,1.00
2014.02.04 09:45:28.573,1.50096,1.501,1.50,1.00
2014.02.04 09:45:28.769,1.50081,1.50096,1.00,1.50
2014.02.04 09:45:28.922,1.50079,1.50096,1.00,1.58
2014.02.04 09:45:29.125,1.50073,1.50094,1.45,1.08
2014.02.04 09:45:30.008,1.50073,1.50093,1.00,1.20
2014.02.04 09:45:30.565,1.50071,1.50092,1.20,1.00
2014.02.04 09:45:30.666,1.50069,1.50085,1.08,1.00
2014.02.04 09:45:30.767,1.50069,1.50085,1.10,1.00
2014.02.04 09:45:30.919,1.50067,1.50085,1.00,1.00
2014.02.04 09:45:31.490,1.50067,1.50085,1.38,1.00
2014.02.04 09:45:33.707,1.50065,1.50081,1.48,1.00
2014.02.04 09:45:34.011,1.50066,1.50074,1.38,1.00
2014.02.04 09:45:34.062,1.50066,1.50074,1.00,1.00
2014.02.04 09:45:34.163,1.50056,1.50074,1.48,1.00
2014.02.04 09:45:37.220,1.50058,1.50077,1.13,1.00
2014.02.04 09:45:37.321,1.50058,1.50079,2.78,1.50
2014.02.04 09:45:37.423,1.50068,1.50086,1.00,3.08
2014.02.04 09:45:37.524,1.50071,1.50087,2.25,1.00
2014.02.04 09:45:37.625,1.50075,1.50087,1.00,1.00
2014.02.04 09:45:37.820,1.50076,1.50097,2.33,1.50
2014.02.04 09:45:38.327,1.50076,1.50097,1.65,1.50
2014.02.04 09:45:39.949,1.50076,1.50097,1.65,1.50
2014.02.04 09:45:40.502,1.50076,1.50097,1.65,1.50
2014.02.04 09:45:41.815,1.50076,1.50096,1.15,1.00
2014.02.04 09:45:41.916,1.50074,1.50096,1.65,1.50
2014.02.04 09:45:41.967,1.50072,1.50089,2.25,1.00
2014.02.04 09:45:42.018,1.5007,1.50089,1.00,1.00
2014.02.04 09:45:43.449,1.50068,1.50088,1.55,1.00
2014.02.04 09:45:45.135,1.5007,1.50088,1.00,1.10
2014.02.04 09:45:45.338,1.5007,1.50081,1.08,1.00
2014.02.04 09:45:45.389,1.50064,1.50079,1.10,1.00
2014.02.04 09:45:45.490,1.50062,1.50081,1.43,1.00
2014.02.04 09:45:45.592,1.50061,1.50075,1.68,1.50
2014.02.04 09:45:45.642,1.50061,1.50075,1.53,1.50
2014.02.04 09:45:45.694,1.50061,1.50071,1.53,1.00
2014.02.04 09:45:45.846,1.50061,1.50075,1.53,1.58
2014.02.04 09:45:46.480,1.50061,1.50075,1.53,1.18
2014.02.04 09:45:46.632,1.50056,1.50075,1.00,1.65
2014.02.04 09:45:46.683,1.50053,1.50075,1.50,1.65
2014.02.04 09:45:47.464,1.50054,1.50075,1.00,1.15
2014.02.04 09:45:47.807,1.50054,1.5007,1.00,1.00
2014.02.04 09:45:50.708,1.50053,1.50072,1.08,1.00
2014.02.04 09:45:50.763,1.50053,1.50072,1.50,1.00
2014.02.04 09:45:51.067,1.5005,1.50056,1.00,1.00
2014.02.04 09:45:51.219,1.5005,1.50071,1.00,2.70
2014.02.04 09:45:51.271,1.5005,1.50069,3.00,1.08
2014.02.04 09:45:51.373,1.50054,1.50071,1.65,1.20
2014.02.04 09:45:51.423,1.50054,1.50071,2.33,1.20
2014.02.04 09:45:51.773,1.50058,1.50074,1.58,1.00
2014.02.04 09:45:51.874,1.50061,1.50077,1.18,1.00
2014.02.04 09:45:51.925,1.50061,1.5008,1.18,1.50
2014.02.04 09:45:52.510,1.50065,1.5008,1.00,1.00
2014.02.04 09:45:52.814,1.50066,1.50081,2.18,1.50
2014.02.04 09:45:52.916,1.50073,1.50093,1.50,2.18
2014.02.04 09:45:52.968,1.50073,1.50094,1.50,4.50
2014.02.04 09:45:53.019,1.50073,1.50094,1.58,3.08
2014.02.04 09:45:53.273,1.50074,1.50094,1.08,2.25
2014.02.04 09:45:53.375,1.50077,1.50096,1.08,1.50
2014.02.04 09:45:53.528,1.50075,1.50094,1.00,1.00
2014.02.04 09:45:54.139,1.50071,1.50081,1.08,1.50
2014.02.04 09:45:54.191,1.50071,1.50081,1.00,1.50
2014.02.04 09:45:54.242,1.50068,1.50082,1.00,1.00
2014.02.04 09:45:54.294,1.50068,1.5008,1.00,1.00
2014.02.04 09:45:54.497,1.50074,1.50093,1.00,1.15
2014.02.04 09:45:54.598,1.50074,1.50093,1.65,1.00
2014.02.04 09:45:54.649,1.50074,1.50088,1.20,1.00
2014.02.04 09:45:54.902,1.50068,1.50086,1.65,1.00
2014.02.04 09:45:55.409,1.50068,1.50086,1.00,1.50
2014.02.04 09:45:56.848,1.50065,1.50085,1.65,1.00
2014.02.04 09:45:57.352,1.50065,1.50085,1.65,1.00
2014.02.04 09:45:57.928,1.50068,1.50085,1.00,1.50
2014.02.04 09:45:58.029,1.50066,1.50082,1.65,1.00
2014.02.04 09:45:58.333,1.50063,1.50079,1.15,1.00
2014.02.04 09:45:58.435,1.50062,1.50079,1.15,1.00
2014.02.04 09:45:58.739,1.50067,1.5008,1.00,1.50
2014.02.04 09:45:59.062,1.5008,1.50098,1.08,1.20
2014.02.04 09:45:59.113,1.5008,1.50098,1.15,1.13
2014.02.04 09:46:01.614,1.5008,1.50098,1.00,1.13
2014.02.04 09:46:02.070,1.5008,1.50101,1.65,1.20
2014.02.04 09:46:02.373,1.50083,1.50101,1.00,1.20
2014.02.04 09:46:03.019,1.50085,1.50101,1.00,1.20
2014.02.04 09:46:03.171,1.50086,1.50104,1.00,1.00
2014.02.04 09:46:03.222,1.50088,1.50105,1.00,1.10
2014.02.04 09:46:03.576,1.5009,1.50107,1.00,1.00
2014.02.04 09:46:03.778,1.5009,1.50109,1.50,1.13
2014.02.04 09:46:04.183,1.50089,1.50105,1.08,1.00
2014.02.04 09:46:04.234,1.50089,1.50105,1.10,1.00
2014.02.04 09:46:04.661,1.50086,1.50105,1.00,1.10
2014.02.04 09:46:05.139,1.50086,1.50105,1.00,1.18
2014.02.04 09:46:05.315,1.50086,1.50105,1.00,1.20
2014.02.04 09:46:05.896,1.50087,1.50105,1.00,1.10
2014.02.04 09:46:05.998,1.50085,1.50104,1.00,1.10
2014.02.04 09:46:06.753,1.50084,1.50104,1.00,1.20
2014.02.04 09:46:06.803,1.50083,1.501,1.00,1.00
2014.02.04 09:46:07.500,1.50083,1.50095,1.00,1.00
2014.02.04 09:46:07.550,1.50079,1.50095,1.08,1.00
2014.02.04 09:46:07.601,1.50076,1.50096,1.18,1.50
2014.02.04 09:46:07.652,1.50076,1.50096,1.10,1.58
2014.02.04 09:46:08.167,1.50077,1.50096,1.00,1.58
2014.02.04 09:46:08.709,1.50077,1.50096,1.00,1.58
2014.02.04 09:46:09.255,1.50075,1.50094,1.20,1.50
2014.02.04 09:46:09.761,1.50075,1.50093,1.00,1.50
2014.02.04 09:46:09.863,1.50071,1.50093,3.53,1.50
2014.02.04 09:46:10.612,1.50073,1.50093,1.18,1.50
2014.02.04 09:46:10.764,1.5008,1.50099,1.00,1.50
2014.02.04 09:46:10.866,1.5008,1.50101,2.25,1.58
2014.02.04 09:46:10.968,1.5008,1.50101,2.33,1.50
2014.02.04 09:46:11.479,1.50084,1.501,1.00,1.00
2014.02.04 09:46:11.784,1.50087,1.50103,1.00,1.00
2014.02.04 09:46:12.356,1.50086,1.50103,1.00,1.00
2014.02.04 09:46:12.665,1.50089,1.50108,1.20,1.88
2014.02.04 09:46:12.716,1.50089,1.50108,1.18,1.88
2014.02.04 09:46:12.868,1.50093,1.5011,1.00,1.20
2014.02.04 09:46:13.676,1.50092,1.50113,1.58,1.10
2014.02.04 09:46:13.778,1.50095,1.50114,1.00,1.58
2014.02.04 09:46:14.883,1.50094,1.50114,1.00,1.58
2014.02.04 09:46:16.081,1.50093,1.50114,1.10,2.33
2014.02.04 09:46:16.633,1.50096,1.50114,1.00,1.50
2014.02.04 09:46:16.937,1.50098,1.50117,1.58,1.00
2014.02.04 09:46:17.295,1.50098,1.50117,1.65,1.00
2014.02.04 09:46:17.558,1.50096,1.50115,1.15,1.00
2014.02.04 09:46:17.659,1.50095,1.50114,1.10,1.10
2014.02.04 09:46:25.615,1.50097,1.50114,1.00,1.58
2014.02.04 09:46:26.223,1.50094,1.50115,2.40,2.25
2014.02.04 09:46:26.604,1.50094,1.50113,1.15,1.00
2014.02.04 09:46:27.112,1.50092,1.50113,1.65,1.00
2014.02.04 09:46:39.235,1.50094,1.50113,1.00,1.00
2014.02.04 09:46:39.545,1.50096,1.50113,1.00,1.00
2014.02.04 09:46:43.147,1.50096,1.50112,1.00,1.00
2014.02.04 09:46:43.764,1.50095,1.50112,1.00,1.00
2014.02.04 09:46:44.097,1.50093,1.50112,1.00,1.00
2014.02.04 09:46:44.625,1.50091,1.50112,1.15,1.00
2014.02.04 09:46:48.289,1.50091,1.50112,1.15,1.08
2014.02.04 09:46:49.142,1.50091,1.50111,1.00,1.08
2014.02.04 09:46:49.193,1.5009,1.50107,1.65,1.50
2014.02.04 09:46:49.497,1.50088,1.50105,1.00,1.00
2014.02.04 09:46:50.270,1.50088,1.50106,1.00,1.00
2014.02.04 09:46:50.522,1.50085,1.50106,1.10,1.50
2014.02.04 09:46:51.739,1.50085,1.50106,1.10,1.58
2014.02.04 09:46:52.374,1.50084,1.50104,1.28,1.00
2014.02.04 09:46:53.192,1.50085,1.50105,1.00,1.65
2014.02.04 09:46:53.336,1.50085,1.50101,1.00,1.00
2014.02.04 09:46:53.743,1.50082,1.50101,1.10,1.50
2014.02.04 09:46:53.998,1.50086,1.50102,1.50,1.15
2014.02.04 09:46:54.057,1.50086,1.50105,1.50,1.15
2014.02.04 09:46:54.260,1.50086,1.50105,1.58,1.00
2014.02.04 09:47:02.951,1.50086,1.50104,1.50,1.00
2014.02.04 09:47:03.494,1.50086,1.50104,1.50,1.18
2014.02.04 09:47:04.031,1.50085,1.50105,1.32,1.65
2014.02.04 09:47:04.285,1.50084,1.50103,1.00,1.15
2014.02.04 09:47:04.336,1.50082,1.50103,1.00,1.15
2014.02.04 09:47:05.447,1.50082,1.50103,1.00,1.15
2014.02.04 09:47:06.192,1.50082,1.50103,1.18,1.18
2014.02.04 09:47:06.855,1.50082,1.50103,1.15,1.00
2014.02.04 09:47:12.275,1.50084,1.50103,1.08,1.00
2014.02.04 09:47:12.376,1.50087,1.50106,1.00,1.58
2014.02.04 09:47:12.629,1.50087,1.50106,1.08,1.00
2014.02.04 09:47:12.973,1.50089,1.50107,1.15,1.00
2014.02.04 09:47:13.276,1.50092,1.50107,1.15,1.00
2014.02.04 09:47:13.378,1.50092,1.5011,1.15,1.50
2014.02.04 09:47:16.126,1.50091,1.50108,1.15,1.00
2014.02.04 09:47:16.278,1.50089,1.50105,1.10,1.00
2014.02.04 09:47:16.329,1.50087,1.50102,1.65,1.00
2014.02.04 09:47:16.487,1.50085,1.50102,1.18,1.00
2014.02.04 09:47:18.088,1.50085,1.50103,1.18,1.00
2014.02.04 09:47:18.189,1.50085,1.50104,1.83,1.00
2014.02.04 09:47:18.290,1.50087,1.50109,1.65,1.50
2014.02.04 09:47:18.392,1.50089,1.50111,1.75,1.00
2014.02.04 09:47:19.522,1.50088,1.50106,1.00,1.00
2014.02.04 09:47:20.037,1.50087,1.50106,1.50,1.08
2014.02.04 09:47:20.691,1.50087,1.50106,1.10,1.00
2014.02.04 09:47:21.299,1.5009,1.50106,1.00,1.00
2014.02.04 09:47:21.863,1.5009,1.50106,1.00,1.08
2014.02.04 09:47:22.015,1.50092,1.5011,1.00,1.65
2014.02.04 09:47:22.218,1.50092,1.50112,1.10,1.13
2014.02.04 09:47:22.269,1.50097,1.50112,1.00,1.13
2014.02.04 09:47:24.663,1.50097,1.50114,1.00,1.10
2014.02.04 09:47:27.176,1.50099,1.50114,1.00,1.00
2014.02.04 09:47:27.481,1.50104,1.50118,1.00,1.18
2014.02.04 09:47:27.684,1.50104,1.5012,1.18,1.00
2014.02.04 09:47:29.497,1.50103,1.5012,1.10,1.00
2014.02.04 09:47:30.260,1.50103,1.50119,1.00,1.50
2014.02.04 09:47:31.296,1.50103,1.50121,1.00,1.10
2014.02.04 09:47:31.912,1.50102,1.50121,1.10,1.10
2014.02.04 09:47:36.762,1.50103,1.50121,1.00,1.10
2014.02.04 09:47:37.496,1.50103,1.50121,1.00,1.18
2014.02.04 09:47:38.056,1.50103,1.50121,1.00,1.00
2014.02.04 09:47:38.574,1.50102,1.50121,1.00,1.00
2014.02.04 09:47:40.153,1.50101,1.50121,1.58,1.00
2014.02.04 09:47:41.318,1.50103,1.50122,1.00,1.58
2014.02.04 09:47:43.027,1.50102,1.50125,1.65,1.08
2014.02.04 09:47:43.078,1.50102,1.50125,1.65,1.10
2014.02.04 09:47:44.227,1.50105,1.50125,1.00,1.10
2014.02.04 09:47:44.767,1.50104,1.50125,1.10,1.10
2014.02.04 09:47:45.337,1.50105,1.50125,1.00,1.10
2014.02.04 09:47:56.103,1.50107,1.50125,1.00,1.10
2014.02.04 09:47:57.015,1.50106,1.50125,1.00,1.58
2014.02.04 09:47:57.315,1.50103,1.50125,1.47,1.58
2014.02.04 09:47:58.015,1.50105,1.50125,1.00,1.58
2014.02.04 09:47:58.066,1.50105,1.50123,1.00,1.00
2014.02.04 09:47:58.218,1.501,1.50122,1.18,1.10
2014.02.04 09:47:58.270,1.501,1.50122,1.20,1.20
2014.02.04 09:47:58.321,1.501,1.50115,1.20,1.00
2014.02.04 09:47:58.626,1.50098,1.50113,1.10,1.00
2014.02.04 09:48:01.603,1.50095,1.50114,1.28,1.50
2014.02.04 09:48:02.556,1.50095,1.50112,1.28,1.00
2014.02.04 09:48:03.587,1.50095,1.50112,1.28,1.50
2014.02.04 09:48:03.872,1.50095,1.50112,1.95,1.50
2014.02.04 09:48:06.623,1.50095,1.50109,1.95,1.00
2014.02.04 09:48:07.026,1.50095,1.50112,1.95,1.00
2014.02.04 09:48:07.963,1.50095,1.50113,1.95,1.00
2014.02.04 09:48:08.296,1.50099,1.50117,1.08,1.00
2014.02.04 09:48:08.498,1.50099,1.50114,1.08,1.00
2014.02.04 09:48:09.037,1.50096,1.50113,1.15,1.00
2014.02.04 09:48:09.546,1.50096,1.50114,1.15,1.50
2014.02.04 09:48:10.244,1.50096,1.50113,1.15,1.00
2014.02.04 09:48:11.069,1.50096,1.50113,1.65,1.00
2014.02.04 09:48:11.372,1.50099,1.50114,1.15,1.00
2014.02.04 09:48:11.439,1.50099,1.50118,1.15,2.25
2014.02.04 09:48:11.542,1.50103,1.5012,1.00,1.00
2014.02.04 09:48:12.328,1.50107,1.5012,1.00,1.00
2014.02.04 09:48:12.379,1.50107,1.50123,1.00,1.50
2014.02.04 09:48:12.481,1.50109,1.50127,1.00,1.00
2014.02.04 09:48:12.999,1.50109,1.50125,1.00,1.00
2014.02.04 09:48:13.101,1.50104,1.50124,1.15,1.00
2014.02.04 09:48:13.253,1.50105,1.50124,1.10,1.00
2014.02.04 09:48:14.781,1.50105,1.50125,1.10,1.10
2014.02.04 09:48:28.560,1.50109,1.50129,1.50,1.58
2014.02.04 09:48:28.611,1.50109,1.50129,2.22,1.00
2014.02.04 09:48:28.662,1.50115,1.50129,1.00,1.00
2014.02.04 09:48:28.713,1.50115,1.50134,1.00,1.73
2014.02.04 09:48:28.814,1.50117,1.50135,1.00,2.18
2014.02.04 09:48:29.358,1.50117,1.50135,1.00,1.10
2014.02.04 09:48:30.084,1.50118,1.50135,1.00,1.10
2014.02.04 09:48:30.136,1.5012,1.50138,1.00,1.50
2014.02.04 09:48:30.239,1.50123,1.5014,1.00,1.50
2014.02.04 09:48:30.442,1.50123,1.50145,1.47,2.03
2014.02.04 09:48:30.645,1.50124,1.5014,1.20,1.00
2014.02.04 09:48:30.696,1.5012,1.50138,1.58,1.00
2014.02.04 09:48:30.899,1.50118,1.50134,1.65,1.00
2014.02.04 09:48:32.878,1.50118,1.50135,1.65,1.00
2014.02.04 09:48:33.081,1.50118,1.50137,1.65,1.00
2014.02.04 09:48:33.374,1.50121,1.50137,1.08,1.00
2014.02.04 09:48:33.425,1.50121,1.50141,1.15,2.25
2014.02.04 09:48:33.476,1.50124,1.50141,1.00,1.00
2014.02.04 09:48:33.808,1.50124,1.50141,1.18,1.00
2014.02.04 09:48:33.859,1.50123,1.50141,1.10,1.00
2014.02.04 09:48:34.975,1.50121,1.50139,1.15,1.00
2014.02.04 09:48:35.594,1.50121,1.50141,1.15,1.00
2014.02.04 09:48:35.797,1.50125,1.50141,1.00,1.00
2014.02.04 09:48:36.101,1.50125,1.50144,1.15,1.00
2014.02.04 09:48:36.629,1.50127,1.50143,1.65,1.00
2014.02.04 09:48:36.731,1.50127,1.50143,1.65,1.00
2014.02.04 09:48:37.690,1.50126,1.5014,1.15,1.00
2014.02.04 09:48:37.842,1.50123,1.5014,1.00,1.00
2014.02.04 09:48:38.357,1.50121,1.50139,1.18,1.00
2014.02.04 09:48:38.610,1.50124,1.50142,1.20,1.00
2014.02.04 09:48:38.661,1.50125,1.50142,1.08,1.00
2014.02.04 09:48:39.053,1.50126,1.50142,1.15,1.00
2014.02.04 09:48:39.576,1.50126,1.50142,1.08,1.00
2014.02.04 09:48:40.371,1.50126,1.50143,1.15,1.00
2014.02.04 09:48:41.716,1.50123,1.50141,1.50,1.00
2014.02.04 09:48:41.767,1.50122,1.50141,1.10,1.00
2014.02.04 09:48:42.020,1.50123,1.50143,1.00,1.58
2014.02.04 09:48:42.951,1.50123,1.50143,1.00,1.58
2014.02.04 09:48:43.819,1.50123,1.5014,1.00,1.00
2014.02.04 09:48:44.326,1.50122,1.50141,1.10,1.50
2014.02.04 09:48:44.629,1.50118,1.50136,1.13,1.00
2014.02.04 09:48:45.446,1.50119,1.50136,1.00,1.00
2014.02.04 09:48:45.951,1.50117,1.50136,2.03,1.00
2014.02.04 09:48:47.225,1.50117,1.50136,2.03,1.00
2014.02.04 09:48:48.133,1.50117,1.50136,2.78,1.00
2014.02.04 09:48:48.467,1.50118,1.50134,1.28,1.00
2014.02.04 09:48:50.443,1.50117,1.50135,1.95,1.00
2014.02.04 09:48:52.633,1.50118,1.50134,1.15,1.00
2014.02.04 09:48:53.925,1.50118,1.50133,1.15,1.00
2014.02.04 09:48:54.026,1.50116,1.50133,1.15,1.00
2014.02.04 09:48:56.875,1.50117,1.50135,1.18,1.00
2014.02.04 09:48:56.989,1.50118,1.50137,1.08,1.50
2014.02.04 09:48:57.040,1.50118,1.50137,1.15,1.50
2014.02.04 09:48:59.833,1.50118,1.50132,1.15,1.00
2014.02.04 09:49:00.086,1.50115,1.50132,1.65,1.00
2014.02.04 09:49:01.593,1.50115,1.50134,1.65,1.00
2014.02.04 09:49:02.169,1.50118,1.50136,1.10,1.00
2014.02.04 09:49:02.270,1.50126,1.50137,1.00,1.50
2014.02.04 09:49:02.423,1.50127,1.50144,1.08,1.08
2014.02.04 09:49:03.153,1.50128,1.50144,1.18,1.00
2014.02.04 09:49:03.657,1.50128,1.50144,1.00,1.00
2014.02.04 09:49:04.265,1.50123,1.50144,1.08,1.50
2014.02.04 09:49:04.316,1.50122,1.50144,1.65,1.50
2014.02.04 09:49:04.366,1.50122,1.50141,1.58,1.50
2014.02.04 09:49:04.418,1.50122,1.50141,1.50,1.58
2014.02.04 09:49:04.570,1.5012,1.50138,1.95,1.00
2014.02.04 09:49:04.903,1.5012,1.50136,1.45,1.00
2014.02.04 09:49:05.206,1.50117,1.50136,1.18,1.00
2014.02.04 09:49:05.795,1.50117,1.50135,1.18,1.00
2014.02.04 09:49:07.253,1.50117,1.50137,1.18,1.00
2014.02.04 09:49:07.667,1.5012,1.50135,1.00,1.00
2014.02.04 09:49:07.869,1.5012,1.50139,1.58,1.58
2014.02.04 09:49:07.971,1.5012,1.50139,1.65,1.50
2014.02.04 09:49:09.770,1.5012,1.50138,1.15,1.00
2014.02.04 09:49:10.271,1.5012,1.50138,1.18,1.00
2014.02.04 09:49:10.576,1.50114,1.50131,2.33,1.00
2014.02.04 09:49:10.627,1.50111,1.5013,1.28,1.00
2014.02.04 09:49:11.856,1.50112,1.50131,1.15,1.00
2014.02.04 09:49:15.674,1.50113,1.50131,1.10,1.00
2014.02.04 09:49:16.075,1.50113,1.50131,1.15,1.00
2014.02.04 09:49:16.605,1.50114,1.50132,1.15,1.50
2014.02.04 09:49:16.949,1.50115,1.50132,2.10,1.50
2014.02.04 09:49:17.359,1.50118,1.50132,2.25,1.00
2014.02.04 09:49:17.617,1.50118,1.50136,2.25,1.00
2014.02.04 09:49:19.273,1.5012,1.50138,1.15,1.00
2014.02.04 09:49:22.714,1.5012,1.50139,1.15,1.50
2014.02.04 09:49:22.924,1.5012,1.50139,1.00,1.50
2014.02.04 09:49:23.026,1.5012,1.50136,1.00,1.00
2014.02.04 09:49:23.331,1.50113,1.50131,1.15,1.00
2014.02.04 09:49:23.483,1.50113,1.50131,1.08,1.00
2014.02.04 09:49:23.988,1.50113,1.5013,1.10,1.00
2014.02.04 09:49:28.092,1.50113,1.50131,1.10,1.00
2014.02.04 09:49:28.296,1.50116,1.5013,1.00,1.00
2014.02.04 09:49:28.448,1.50116,1.50136,1.58,1.08
2014.02.04 09:49:33.936,1.50116,1.50135,1.65,1.00
2014.02.04 09:49:38.073,1.50118,1.50135,1.00,1.00
2014.02.04 09:49:38.592,1.50116,1.50135,1.65,1.00
2014.02.04 09:49:40.384,1.50118,1.50135,1.00,1.00
2014.02.04 09:49:42.332,1.50119,1.50138,1.00,1.10
2014.02.04 09:49:43.737,1.5012,1.50139,1.00,1.18
2014.02.04 09:49:43.839,1.50122,1.5014,1.00,1.20
2014.02.04 09:49:44.345,1.50122,1.50141,1.00,1.10
2014.02.04 09:49:45.350,1.50126,1.50141,1.00,1.10
2014.02.04 09:49:45.654,1.50129,1.50143,1.00,1.00
2014.02.04 09:49:45.907,1.50126,1.50142,1.00,1.00
2014.02.04 09:49:45.958,1.50123,1.50141,1.10,1.00
2014.02.04 09:49:47.100,1.5012,1.50141,1.00,1.65
2014.02.04 09:49:47.519,1.5012,1.50141,1.00,1.65
2014.02.04 09:49:48.039,1.50119,1.50137,1.10,1.00
2014.02.04 09:49:48.192,1.50117,1.50137,1.20,1.08
2014.02.04 09:49:50.428,1.50117,1.50135,1.10,1.00
2014.02.04 09:49:51.081,1.50116,1.50134,1.18,1.00
2014.02.04 09:50:01.544,1.50118,1.50134,1.00,1.00
2014.02.04 09:50:02.090,1.50117,1.50134,1.10,1.00
2014.02.04 09:50:08.693,1.50116,1.50134,1.00,1.00
2014.02.04 09:50:09.508,1.50118,1.50135,1.00,1.10
2014.02.04 09:50:10.075,1.50117,1.50136,1.10,1.50
2014.02.04 09:50:10.380,1.50122,1.50137,1.00,1.00
2014.02.04 09:50:10.431,1.50118,1.50137,1.15,1.50
2014.02.04 09:50:10.933,1.50118,1.50137,1.00,1.58
2014.02.04 09:50:15.074,1.50123,1.50137,1.00,1.10
2014.02.04 09:50:15.328,1.50123,1.50139,1.00,1.20
2014.02.04 09:50:15.429,1.5012,1.50136,1.50,1.00
2014.02.04 09:50:16.181,1.5012,1.50138,1.00,1.00
2014.02.04 09:50:16.641,1.50116,1.50138,1.15,1.50
2014.02.04 09:50:17.190,1.50116,1.50138,1.15,1.50
2014.02.04 09:50:18.983,1.50118,1.50138,1.50,1.00
2014.02.04 09:50:19.135,1.50119,1.50138,1.57,1.08
2014.02.04 09:50:19.388,1.50121,1.50139,1.50,1.20
2014.02.04 09:50:19.591,1.50118,1.50139,1.65,2.40
2014.02.04 09:50:19.793,1.50118,1.50139,1.58,3.08
2014.02.04 09:50:20.516,1.50116,1.50137,1.10,2.40
2014.02.04 09:50:24.629,1.50115,1.50137,2.25,1.65
2014.02.04 09:50:25.418,1.50115,1.50131,1.50,1.08
2014.02.04 09:50:25.520,1.5011,1.50129,1.20,1.08
2014.02.04 09:50:25.672,1.50108,1.50126,1.20,1.00
2014.02.04 09:50:25.977,1.50108,1.50125,1.13,1.58
2014.02.04 09:50:26.230,1.50105,1.50125,1.45,1.58
2014.02.04 09:50:26.332,1.50105,1.50125,1.00,1.65
2014.02.04 09:50:26.623,1.50104,1.50125,2.25,2.33
2014.02.04 09:50:29.513,1.50104,1.50125,2.25,2.33
2014.02.04 09:50:30.078,1.50103,1.50123,1.00,1.15
2014.02.04 09:50:30.589,1.50102,1.50123,1.50,1.15
2014.02.04 09:50:31.145,1.50104,1.50123,1.00,1.15
2014.02.04 09:50:31.805,1.50103,1.50123,1.00,1.15
2014.02.04 09:50:32.884,1.50104,1.50123,1.00,1.15
2014.02.04 09:50:33.227,1.50106,1.50123,1.00,1.15
2014.02.04 09:50:35.037,1.50106,1.50123,1.00,1.65
2014.02.04 09:50:35.139,1.50106,1.50123,1.00,1.10
2014.02.04 09:50:35.749,1.50106,1.50122,1.00,1.00
2014.02.04 09:50:36.428,1.50107,1.50122,1.00,1.00
2014.02.04 09:50:37.034,1.50105,1.50122,1.00,1.00
2014.02.04 09:50:37.391,1.50107,1.50121,1.00,1.10
2014.02.04 09:50:38.500,1.50106,1.50121,1.00,1.10
2014.02.04 09:50:43.742,1.50106,1.50122,1.00,1.10
2014.02.04 09:50:44.072,1.50106,1.50123,1.00,1.15
2014.02.04 09:50:47.609,1.50112,1.50125,1.00,1.18
2014.02.04 09:50:47.660,1.50112,1.50125,1.00,1.10
2014.02.04 09:50:48.383,1.50111,1.50129,1.00,1.65
2014.02.04 09:50:49.049,1.50114,1.50129,1.00,1.65
2014.02.04 09:50:52.544,1.50111,1.5013,1.00,1.65
2014.02.04 09:50:52.595,1.50111,1.50129,1.00,1.08
2014.02.04 09:50:55.299,1.50112,1.50128,1.00,1.15
2014.02.04 09:50:55.958,1.50114,1.50128,1.00,1.15
2014.02.04 09:50:56.506,1.50113,1.50128,1.00,1.15
2014.02.04 09:50:57.052,1.50114,1.50128,1.00,1.15
2014.02.04 09:50:58.638,1.50111,1.50127,1.00,1.15
2014.02.04 09:50:58.759,1.50107,1.50127,1.00,1.15
2014.02.04 09:50:58.815,1.50107,1.50124,1.00,1.18
2014.02.04 09:50:59.119,1.50103,1.5012,1.00,1.15
2014.02.04 09:51:00.359,1.50101,1.5012,1.69,1.15
2014.02.04 09:51:02.243,1.50101,1.5012,1.69,1.08
2014.02.04 09:51:03.601,1.50101,1.50119,1.69,1.18
2014.02.04 09:51:04.034,1.50099,1.50119,1.00,1.10
2014.02.04 09:51:04.135,1.50099,1.50115,1.00,1.08
2014.02.04 09:51:04.355,1.50096,1.50118,1.00,3.00
2014.02.04 09:51:04.611,1.50096,1.50113,1.00,1.08
2014.02.04 09:51:04.662,1.50093,1.50109,1.00,1.20
2014.02.04 09:51:04.713,1.50093,1.50109,1.00,1.18
2014.02.04 09:51:05.016,1.50093,1.50108,1.00,1.65
2014.02.04 09:51:05.219,1.50092,1.50108,1.00,1.50
2014.02.04 09:51:05.909,1.50093,1.50108,1.00,1.50
2014.02.04 09:51:06.842,1.5009,1.50108,1.00,1.50
2014.02.04 09:51:09.309,1.50093,1.50108,1.00,1.50
2014.02.04 09:51:09.615,1.50095,1.50114,1.00,1.15
2014.02.04 09:51:09.818,1.50095,1.50114,1.00,1.10
2014.02.04 09:51:09.970,1.50096,1.50114,1.00,1.18
2014.02.04 09:51:13.773,1.50095,1.50115,1.00,1.15
2014.02.04 09:51:14.191,1.50095,1.50115,1.00,2.25
2014.02.04 09:51:16.294,1.50095,1.50114,1.00,1.65
2014.02.04 09:51:16.735,1.50095,1.50114,1.00,1.65
2014.02.04 09:51:18.204,1.50095,1.50114,1.00,1.58
2014.02.04 09:51:19.680,1.50095,1.50114,1.18,1.50
2014.02.04 09:51:20.749,1.50095,1.50114,1.00,1.58
2014.02.04 09:51:24.887,1.50099,1.50118,1.00,1.65
2014.02.04 09:51:24.989,1.50099,1.5012,1.15,1.50
2014.02.04 09:51:25.773,1.50102,1.5012,1.00,1.00
2014.02.04 09:51:26.644,1.50099,1.5012,1.00,1.10
2014.02.04 09:51:26.746,1.50099,1.5012,1.00,1.15
2014.02.04 09:51:28.953,1.50101,1.5012,1.00,1.15
2014.02.04 09:51:29.176,1.50097,1.5012,1.00,1.65
2014.02.04 09:51:29.735,1.50097,1.5012,1.18,1.65
2014.02.04 09:51:30.421,1.50097,1.50118,1.47,1.00
2014.02.04 09:51:30.823,1.50095,1.50115,1.72,1.00
2014.02.04 09:51:35.041,1.50094,1.50115,2.97,1.00
2014.02.04 09:51:35.345,1.50091,1.5011,1.18,1.00
2014.02.04 09:51:36.145,1.5009,1.50107,1.65,1.00
2014.02.04 09:51:36.448,1.50095,1.50113,1.50,1.08
2014.02.04 09:51:36.690,1.50095,1.50114,1.15,1.00
2014.02.04 09:51:37.202,1.50094,1.50115,1.15,1.00
2014.02.04 09:51:37.455,1.50095,1.50118,1.47,1.10
2014.02.04 09:51:37.657,1.50095,1.50118,1.47,1.15
2014.02.04 09:51:37.759,1.50095,1.50118,1.47,1.08
2014.02.04 09:51:38.339,1.50095,1.50118,1.47,1.00
2014.02.04 09:51:38.660,1.50096,1.50117,1.00,1.15
2014.02.04 09:51:39.382,1.50096,1.50117,1.00,1.65
2014.02.04 09:51:39.433,1.50094,1.50115,1.32,1.18
2014.02.04 09:51:39.636,1.50094,1.50115,1.00,1.58
2014.02.04 09:51:40.370,1.50091,1.50114,1.18,1.15
2014.02.04 09:51:42.179,1.50092,1.50114,1.18,1.10
2014.02.04 09:51:42.382,1.50095,1.50118,1.20,1.15
2014.02.04 09:51:42.745,1.501,1.50119,1.00,1.65
2014.02.04 09:51:43.049,1.50102,1.5012,1.18,2.25
2014.02.04 09:51:43.614,1.50102,1.50119,1.18,1.00
2014.02.04 09:51:43.865,1.50102,1.50127,1.18,2.03
2014.02.04 09:51:44.021,1.50102,1.50127,1.15,1.58
2014.02.04 09:51:44.123,1.50102,1.50127,1.15,1.65
2014.02.04 09:51:45.083,1.50101,1.50127,2.14,2.33
2014.02.04 09:51:45.184,1.50102,1.50127,1.10,4.58
2014.02.04 09:51:46.256,1.50102,1.50126,1.67,1.83
2014.02.04 09:51:46.410,1.50103,1.50127,1.39,2.33
2014.02.04 09:51:46.512,1.50103,1.50127,1.15,1.65
2014.02.04 09:51:46.614,1.50103,1.50127,1.10,1.58
2014.02.04 09:51:46.937,1.50102,1.50127,1.65,2.40
2014.02.04 09:51:48.023,1.50104,1.50128,1.47,1.28
2014.02.04 09:52:00.379,1.50104,1.5013,2.14,2.40
2014.02.04 09:52:01.497,1.50103,1.5013,2.97,2.40
2014.02.04 09:52:04.782,1.50103,1.50122,2.22,1.00
2014.02.04 09:52:05.087,1.501,1.50118,1.08,1.00
2014.02.04 09:52:18.439,1.501,1.50119,1.08,1.00
2014.02.04 09:52:19.174,1.50097,1.50118,3.08,1.00
2014.02.04 09:52:22.332,1.50098,1.50117,1.08,1.00
2014.02.04 09:52:22.586,1.50094,1.50117,2.97,2.40
2014.02.04 09:52:22.788,1.50094,1.50117,3.08,2.25
2014.02.04 09:52:23.331,1.50097,1.50117,1.58,2.33
2014.02.04 09:52:23.825,1.50097,1.50111,1.58,1.00
2014.02.04 09:52:23.977,1.50093,1.50109,1.00,1.50
2014.02.04 09:52:24.129,1.50091,1.50108,1.00,1.00
2014.02.04 09:52:24.540,1.5009,1.50108,1.00,1.18
2014.02.04 09:52:26.014,1.50088,1.50106,1.00,1.58
2014.02.04 09:52:27.273,1.50088,1.50106,1.00,1.65
2014.02.04 09:52:34.211,1.50088,1.50103,1.00,1.00
2014.02.04 09:52:36.760,1.50087,1.50103,1.00,1.00
2014.02.04 09:52:38.674,1.50088,1.50103,1.00,1.00
2014.02.04 09:52:40.432,1.50085,1.50103,1.00,1.50
2014.02.04 09:52:40.659,1.50085,1.501,1.00,1.00
2014.02.04 09:52:42.039,1.50082,1.501,1.00,1.00
2014.02.04 09:52:42.930,1.50088,1.50102,1.00,1.15
2014.02.04 09:52:43.084,1.50093,1.50106,1.00,1.00
2014.02.04 09:52:43.237,1.50093,1.50108,1.00,1.00
2014.02.04 09:52:43.441,1.50093,1.50112,1.00,1.20
2014.02.04 09:52:43.745,1.50093,1.50114,1.65,1.10
2014.02.04 09:52:44.054,1.50094,1.50116,1.65,1.10
2014.02.04 09:52:44.464,1.50097,1.50116,1.10,1.18
2014.02.04 09:52:44.616,1.50093,1.50116,1.38,1.00
2014.02.04 09:52:44.666,1.50093,1.50116,1.38,1.08
2014.02.04 09:52:45.202,1.50093,1.50116,1.55,1.08
2014.02.04 09:52:45.253,1.50093,1.50116,1.53,1.10
2014.02.04 09:52:47.570,1.50107,1.50119,1.00,1.08
2014.02.04 09:52:47.621,1.50107,1.50123,1.10,1.20
2014.02.04 09:52:47.672,1.50107,1.50126,1.58,1.00
2014.02.04 09:52:47.773,1.50104,1.50123,1.18,1.00
2014.02.04 09:52:48.385,1.50104,1.50123,1.10,1.00
2014.02.04 09:52:48.913,1.50102,1.50123,1.65,1.50
2014.02.04 09:52:50.070,1.50102,1.50122,1.18,1.00
2014.02.04 09:52:50.398,1.50102,1.50122,1.58,1.00
2014.02.04 09:52:50.997,1.50104,1.50124,1.65,1.58
2014.02.04 09:52:51.504,1.50106,1.50124,1.10,1.00
2014.02.04 09:52:54.801,1.50107,1.50125,1.00,1.00
2014.02.04 09:52:54.903,1.50107,1.50125,1.15,1.00
2014.02.04 09:52:54.955,1.50107,1.50127,1.65,1.00
2014.02.04 09:52:55.470,1.50109,1.50127,1.15,1.00
2014.02.04 09:52:55.572,1.50109,1.50129,1.18,1.00
2014.02.04 09:53:02.766,1.50109,1.50128,1.15,1.00
2014.02.04 09:53:03.070,1.50111,1.50131,1.15,1.00
2014.02.04 09:53:03.223,1.50111,1.50131,1.15,1.00
2014.02.04 09:53:03.760,1.50111,1.50132,2.33,1.00
2014.02.04 09:53:04.042,1.50111,1.50134,2.33,1.00
2014.02.04 09:53:04.620,1.50111,1.50132,2.33,1.00
2014.02.04 09:53:05.522,1.50112,1.50133,1.15,1.00
2014.02.04 09:53:06.924,1.50112,1.50133,1.83,1.00
2014.02.04 09:53:07.279,1.50111,1.50132,2.25,1.00
2014.02.04 09:53:09.013,1.50111,1.50127,2.25,1.00
2014.02.04 09:53:09.114,1.5011,1.5013,1.75,1.08
2014.02.04 09:53:09.165,1.5011,1.50129,1.00,1.20
2014.02.04 09:53:09.469,1.50112,1.50131,1.00,1.18
2014.02.04 09:53:09.520,1.50112,1.50131,1.00,1.20
2014.02.04 09:53:10.131,1.5011,1.50132,1.50,1.65
2014.02.04 09:53:10.916,1.5011,1.5013,1.00,1.00
2014.02.04 09:53:11.565,1.5011,1.50129,1.00,1.00
2014.02.04 09:53:13.345,1.50109,1.50129,1.20,1.00
2014.02.04 09:53:14.102,1.50109,1.5013,1.20,1.50
2014.02.04 09:53:18.936,1.50109,1.5013,1.10,1.08
2014.02.04 09:53:18.987,1.50109,1.5013,1.00,1.15
2014.02.04 09:53:19.244,1.50109,1.5013,1.10,1.00
2014.02.04 09:53:23.678,1.50109,1.50128,1.10,1.00
2014.02.04 09:53:34.436,1.50107,1.5013,1.74,1.58
2014.02.04 09:53:35.881,1.50112,1.5013,1.00,1.00
2014.02.04 09:53:37.841,1.50112,1.5013,1.08,1.00
2014.02.04 09:53:41.372,1.5011,1.50129,1.15,1.00
2014.02.04 09:53:48.990,1.50108,1.50128,2.33,1.00
2014.02.04 09:53:50.978,1.50111,1.50128,1.15,1.00
2014.02.04 09:53:52.492,1.50108,1.50128,3.75,1.00
2014.02.04 09:53:53.380,1.50108,1.50128,2.40,1.00
2014.02.04 09:53:53.935,1.50107,1.50128,2.22,2.25
2014.02.04 09:53:57.604,1.50107,1.50128,3.64,1.50
2014.02.04 09:53:59.292,1.50107,1.50126,2.89,1.00
2014.02.04 09:53:59.823,1.50106,1.50126,2.33,1.00
2014.02.04 09:54:00.659,1.50106,1.50127,3.08,2.25
2014.02.04 09:54:02.373,1.50105,1.50125,2.44,1.50
2014.02.04 09:54:02.525,1.50105,1.50125,1.20,1.88
2014.02.04 09:54:02.576,1.50103,1.50123,1.53,1.00
2014.02.04 09:54:02.887,1.50102,1.5012,1.53,1.50
2014.02.04 09:54:03.039,1.50101,1.50118,1.08,1.00
2014.02.04 09:54:03.294,1.50101,1.50115,1.00,1.00
2014.02.04 09:54:03.345,1.50097,1.50115,1.15,1.00
2014.02.04 09:54:03.497,1.50094,1.50114,1.84,1.00
2014.02.04 09:54:04.004,1.50094,1.50114,1.28,1.13
2014.02.04 09:54:04.547,1.50094,1.50113,1.95,1.00
2014.02.04 09:54:05.535,1.50094,1.50113,2.63,1.00
2014.02.04 09:54:05.586,1.50094,1.50116,3.38,1.58
2014.02.04 09:54:05.925,1.50097,1.50118,1.18,1.00
2014.02.04 09:54:05.979,1.50097,1.50118,1.58,1.00
2014.02.04 09:54:06.526,1.50097,1.50118,1.15,1.00
2014.02.04 09:54:07.210,1.501,1.50119,1.15,1.00
2014.02.04 09:54:07.853,1.501,1.5012,1.15,1.50
2014.02.04 09:54:11.527,1.501,1.5012,1.65,1.00
2014.02.04 09:54:12.825,1.50101,1.50121,1.08,1.10
2014.02.04 09:54:13.498,1.50101,1.50118,1.50,1.00
2014.02.04 09:54:14.997,1.50101,1.50117,1.50,1.00
2014.02.04 09:54:18.446,1.50101,1.50122,1.50,2.14
2014.02.04 09:54:18.772,1.50103,1.50122,1.00,1.58
2014.02.04 09:54:22.697,1.50101,1.50121,1.65,1.00
2014.02.04 09:54:24.129,1.50103,1.50122,1.10,1.50
2014.02.04 09:54:25.687,1.50103,1.50123,1.10,1.10
2014.02.04 09:54:26.649,1.50103,1.50124,1.20,1.20
2014.02.04 09:54:28.781,1.50103,1.50123,1.65,1.00
2014.02.04 09:54:29.085,1.50105,1.50124,1.65,1.00
2014.02.04 09:54:29.410,1.50108,1.50127,1.50,1.50
2014.02.04 09:54:30.129,1.50109,1.50128,1.00,1.10
2014.02.04 09:54:30.668,1.50109,1.50128,1.08,1.00
2014.02.04 09:54:30.871,1.50109,1.50126,1.08,1.00
2014.02.04 09:54:31.410,1.50109,1.50128,1.00,1.65
2014.02.04 09:54:31.933,1.50108,1.50127,1.00,1.20
2014.02.04 09:54:32.445,1.50107,1.50128,1.65,1.50
2014.02.04 09:54:35.597,1.50107,1.50125,1.18,1.00
2014.02.04 09:54:35.698,1.50105,1.50124,1.15,1.00
2014.02.04 09:54:35.800,1.50104,1.50123,2.03,1.00
2014.02.04 09:54:36.365,1.50102,1.50123,2.03,1.50
2014.02.04 09:54:37.903,1.50103,1.50123,1.53,1.00
2014.02.04 09:54:38.448,1.50103,1.50123,2.78,1.50
2014.02.04 09:54:39.710,1.50106,1.50125,1.00,1.00
2014.02.04 09:54:39.761,1.50108,1.50125,1.20,1.00
2014.02.04 09:54:39.812,1.50108,1.50128,1.20,1.50
2014.02.04 09:54:39.863,1.50108,1.50128,1.15,1.50
2014.02.04 09:54:40.448,1.5011,1.50129,1.18,1.00
2014.02.04 09:54:43.339,1.50113,1.50129,1.00,1.00
2014.02.04 09:54:44.115,1.50111,1.50129,1.10,1.00
2014.02.04 09:54:45.217,1.50112,1.50129,1.00,1.00
2014.02.04 09:54:46.430,1.50111,1.50129,1.10,1.00
2014.02.04 09:54:56.871,1.50112,1.50129,1.00,1.00
2014.02.04 09:54:57.608,1.50111,1.50129,1.10,1.00
2014.02.04 09:54:58.865,1.50111,1.5013,1.10,1.00
2014.02.04 09:54:59.410,1.50111,1.50131,1.10,1.50
2014.02.04 09:54:59.461,1.50116,1.50131,1.00,1.00
2014.02.04 09:54:59.512,1.50118,1.50136,1.00,1.15
2014.02.04 09:54:59.614,1.50119,1.50138,1.00,1.10
2014.02.04 09:54:59.766,1.50123,1.50138,1.00,1.00
2014.02.04 09:55:00.220,1.5012,1.50138,1.10,1.00
2014.02.04 09:55:01.185,1.50119,1.50136,1.18,1.00
2014.02.04 09:55:01.686,1.50119,1.50136,1.00,1.00
2014.02.04 09:55:01.788,1.50117,1.50136,1.10,1.58
2014.02.04 09:55:02.041,1.50115,1.50134,1.50,1.00
2014.02.04 09:55:02.280,1.50115,1.50136,1.58,2.33
2014.02.04 09:55:02.609,1.50115,1.50134,1.58,1.00
2014.02.04 09:55:04.918,1.50115,1.50132,1.58,1.00
2014.02.04 09:55:05.695,1.50115,1.50133,1.58,1.00
2014.02.04 09:55:07.890,1.50115,1.50131,1.58,1.00
2014.02.04 09:55:08.593,1.50112,1.50131,2.03,1.00
2014.02.04 09:55:08.796,1.50115,1.50134,1.00,1.50
2014.02.04 09:55:08.898,1.50115,1.50135,1.08,1.10
2014.02.04 09:55:09.410,1.50116,1.50136,1.18,1.10
2014.02.04 09:55:09.714,1.50119,1.5014,1.58,2.33
2014.02.04 09:55:10.020,1.5012,1.5014,1.15,1.00
2014.02.04 09:55:10.326,1.50118,1.50137,1.18,1.00
2014.02.04 09:55:14.138,1.50118,1.50137,1.20,1.00
2014.02.04 09:55:14.392,1.50116,1.50134,1.15,1.00
2014.02.04 09:55:14.544,1.50116,1.50134,1.10,1.00
2014.02.04 09:55:14.746,1.50116,1.50136,1.10,1.10
2014.02.04 09:55:16.647,1.50116,1.50134,1.10,1.00
2014.02.04 09:55:16.951,1.50111,1.50127,1.45,1.00
2014.02.04 09:55:17.306,1.50112,1.5013,1.08,1.58
2014.02.04 09:55:17.458,1.50114,1.50131,1.00,1.00
2014.02.04 09:55:18.008,1.50112,1.50131,1.15,1.00
2014.02.04 09:55:18.059,1.50111,1.50128,1.18,1.00
2014.02.04 09:55:18.312,1.50109,1.50127,1.15,1.00
2014.02.04 09:55:18.666,1.50109,1.50129,1.18,1.58
2014.02.04 09:55:19.350,1.50109,1.50127,1.18,1.00
2014.02.04 09:55:19.692,1.50109,1.50128,2.70,1.00
2014.02.04 09:55:20.340,1.5011,1.5013,1.15,1.00
2014.02.04 09:55:21.547,1.5011,1.5013,1.15,1.00
2014.02.04 09:55:22.366,1.5011,1.5013,1.18,1.00
2014.02.04 09:55:22.538,1.50115,1.5013,1.00,1.00
2014.02.04 09:55:22.842,1.50115,1.50134,1.00,1.95
2014.02.04 09:55:22.994,1.50115,1.50135,1.18,1.00
2014.02.04 09:55:23.298,1.5012,1.50135,1.00,1.00
2014.02.04 09:55:23.406,1.5012,1.50139,1.10,1.50
2014.02.04 09:55:23.609,1.5012,1.50137,1.10,1.00
2014.02.04 09:55:23.862,1.50115,1.50133,1.10,1.00
2014.02.04 09:55:24.014,1.50115,1.50129,1.10,1.00
2014.02.04 09:55:24.284,1.5011,1.50129,1.13,1.58
2014.02.04 09:55:24.829,1.50108,1.50129,2.03,1.50
2014.02.04 09:55:27.108,1.50109,1.50129,1.20,1.50
2014.02.04 09:55:27.614,1.50108,1.50129,2.03,1.50
2014.02.04 09:55:27.837,1.50107,1.50126,4.20,1.50
2014.02.04 09:55:27.989,1.50107,1.50126,2.40,1.50
2014.02.04 09:55:28.192,1.50104,1.50123,2.40,1.00
2014.02.04 09:55:28.496,1.50104,1.5012,1.08,1.00
2014.02.04 09:55:28.547,1.50102,1.5012,1.35,1.00
2014.02.04 09:55:28.880,1.501,1.50116,1.88,1.00
2014.02.04 09:55:28.933,1.50097,1.50115,1.15,1.00
2014.02.04 09:55:33.468,1.50098,1.50115,1.15,1.00
2014.02.04 09:55:33.671,1.50099,1.50118,1.65,1.00
2014.02.04 09:55:33.773,1.501,1.50118,2.33,1.00
2014.02.04 09:55:33.875,1.50105,1.50121,1.10,1.50
2014.02.04 09:55:33.976,1.50105,1.50124,1.18,1.10
2014.02.04 09:55:34.027,1.50105,1.50124,1.15,1.00
2014.02.04 09:55:34.414,1.50105,1.50116,1.00,1.00
2014.02.04 09:55:34.468,1.50106,1.50124,1.00,1.00
2014.02.04 09:55:34.569,1.50105,1.50118,1.65,1.00
2014.02.04 09:55:34.671,1.50105,1.50124,2.40,1.00
2014.02.04 09:55:34.823,1.50105,1.50121,1.65,1.00
2014.02.04 09:55:34.937,1.50105,1.50124,1.65,1.00
2014.02.04 09:55:35.038,1.50107,1.50126,1.10,3.08
2014.02.04 09:55:35.504,1.50109,1.50126,1.00,1.50
2014.02.04 09:55:37.127,1.50107,1.50126,1.20,1.50
2014.02.04 09:55:39.028,1.5011,1.50126,1.50,1.00
2014.02.04 09:55:39.538,1.5011,1.50127,1.00,1.00
2014.02.04 09:55:40.190,1.50109,1.50127,1.00,1.00
2014.02.04 09:55:40.738,1.50108,1.50126,1.10,1.00
2014.02.04 09:55:41.042,1.5011,1.50126,1.58,1.00
2014.02.04 09:55:41.244,1.50112,1.50129,1.50,1.58
2014.02.04 09:55:41.346,1.50115,1.50131,1.00,1.00
2014.02.04 09:55:41.448,1.50116,1.50133,1.00,1.00
2014.02.04 09:55:41.751,1.50116,1.50131,1.00,1.00
2014.02.04 09:55:42.004,1.50114,1.50131,1.00,1.00
2014.02.04 09:55:42.308,1.50112,1.50131,1.58,1.00
2014.02.04 09:55:47.069,1.50112,1.5013,1.00,1.00
2014.02.04 09:55:47.171,1.50111,1.50128,1.00,1.00
2014.02.04 09:55:47.374,1.50106,1.50125,2.33,1.00
2014.02.04 09:55:47.475,1.50106,1.50123,1.58,1.00
2014.02.04 09:55:48.114,1.50106,1.50122,1.00,1.00
2014.02.04 09:55:48.316,1.50104,1.50122,1.00,1.00
2014.02.04 09:55:50.767,1.50105,1.50122,1.00,1.00
2014.02.04 09:55:55.065,1.50104,1.50122,1.00,1.00
2014.02.04 09:55:58.478,1.50103,1.50122,1.10,1.00
2014.02.04 09:56:04.716,1.50103,1.5012,1.10,1.00
2014.02.04 09:56:05.222,1.50102,1.50119,1.00,1.00
2014.02.04 09:56:07.568,1.50102,1.50118,1.00,1.00
2014.02.04 09:56:07.889,1.50102,1.50115,1.00,1.00
2014.02.04 09:56:07.940,1.50099,1.50117,1.10,1.00
2014.02.04 09:56:08.243,1.50099,1.50115,1.00,1.00
2014.02.04 09:56:08.557,1.50099,1.50118,1.00,1.50
2014.02.04 09:56:09.909,1.501,1.50118,1.00,1.00
2014.02.04 09:56:09.960,1.50101,1.50119,1.08,1.10
2014.02.04 09:56:10.264,1.50099,1.50118,1.15,1.00
2014.02.04 09:56:10.784,1.50099,1.50118,1.15,1.00
2014.02.04 09:56:10.950,1.50097,1.50118,1.18,1.50
2014.02.04 09:56:14.877,1.50097,1.50117,1.18,1.00
2014.02.04 09:56:15.451,1.50095,1.50114,1.58,1.00
2014.02.04 09:56:15.502,1.50094,1.50114,1.65,1.00
2014.02.04 09:56:15.806,1.50094,1.50114,1.65,1.00
2014.02.04 09:56:18.468,1.50094,1.50113,1.18,1.00
2014.02.04 09:56:18.571,1.50093,1.50107,1.10,1.00
2014.02.04 09:56:18.774,1.5009,1.50107,1.18,1.00
2014.02.04 09:56:19.336,1.5009,1.50105,1.65,1.00
2014.02.04 09:56:19.875,1.50088,1.50104,1.65,1.00
2014.02.04 09:56:20.198,1.50087,1.50104,1.13,1.50
2014.02.04 09:56:20.503,1.50085,1.50102,2.03,1.00
2014.02.04 09:56:20.705,1.50088,1.50106,1.10,1.00
2014.02.04 09:56:20.756,1.50088,1.50106,1.18,1.00
2014.02.04 09:56:21.197,1.50086,1.50105,1.65,1.00
2014.02.04 09:56:21.734,1.50086,1.50105,1.58,1.00
2014.02.04 09:56:23.630,1.50088,1.50105,1.00,1.00
2014.02.04 09:56:24.050,1.5009,1.50106,1.00,1.00
2014.02.04 09:56:24.487,1.50092,1.50106,1.00,1.00
2014.02.04 09:56:24.858,1.5009,1.50106,1.00,1.00
2014.02.04 09:56:25.247,1.50091,1.50109,1.00,1.50
2014.02.04 09:56:25.298,1.50093,1.50109,1.00,1.50
2014.02.04 09:56:26.848,1.50093,1.50114,2.33,1.65
2014.02.04 09:56:26.899,1.50093,1.50114,2.40,1.65
2014.02.04 09:56:27.051,1.50095,1.50114,1.00,1.50
2014.02.04 09:56:27.355,1.50094,1.50109,1.00,1.00
2014.02.04 09:56:27.899,1.50093,1.50109,1.00,1.00
2014.02.04 09:56:28.888,1.50092,1.50109,1.00,1.00
2014.02.04 09:56:30.442,1.5009,1.50109,1.58,1.00
2014.02.04 09:56:32.299,1.50092,1.50109,1.00,1.00
2014.02.04 09:56:32.792,1.50093,1.50112,1.58,1.00
2014.02.04 09:56:33.096,1.50095,1.50111,1.00,1.00
2014.02.04 09:56:33.502,1.50094,1.50114,1.00,1.65
2014.02.04 09:56:33.705,1.50095,1.50116,1.08,1.18
2014.02.04 09:56:33.756,1.50095,1.50116,1.08,1.10
2014.02.04 09:56:34.277,1.50098,1.50116,1.00,1.10
2014.02.04 09:56:34.585,1.50098,1.50116,1.00,1.08
2014.02.04 09:56:35.047,1.50096,1.50116,1.00,1.15
2014.02.04 09:56:36.963,1.50098,1.50116,1.00,1.15
2014.02.04 09:56:37.492,1.50099,1.50116,1.00,1.15
2014.02.04 09:56:38.236,1.50097,1.50116,1.00,1.15
2014.02.04 09:56:38.405,1.50097,1.50116,1.00,1.18
2014.02.04 09:56:40.876,1.50098,1.50116,1.00,1.18
2014.02.04 09:56:43.106,1.50097,1.50116,1.00,1.18
2014.02.04 09:56:43.946,1.50097,1.50116,1.00,1.15
2014.02.04 09:56:44.245,1.50099,1.50116,1.00,1.10
2014.02.04 09:56:44.551,1.50102,1.50116,1.00,1.00
2014.02.04 09:56:46.290,1.50102,1.50116,1.18,1.00
2014.02.04 09:56:46.343,1.50104,1.5012,1.00,1.00
2014.02.04 09:56:46.394,1.50107,1.5012,1.00,1.00
2014.02.04 09:56:46.446,1.50107,1.50122,1.00,1.10
2014.02.04 09:56:46.547,1.50107,1.50126,1.00,1.65
2014.02.04 09:56:46.648,1.50112,1.50126,1.00,1.58
2014.02.04 09:56:47.269,1.50109,1.50126,1.00,1.58
2014.02.04 09:56:47.880,1.50108,1.50126,1.10,1.50
2014.02.04 09:56:49.746,1.50107,1.50126,1.00,1.58
2014.02.04 09:56:50.340,1.50107,1.50126,1.15,1.50
2014.02.04 09:56:52.108,1.5011,1.50126,1.00,1.50
2014.02.04 09:56:52.322,1.50114,1.50133,1.50,1.50
2014.02.04 09:56:52.958,1.50114,1.50134,1.50,1.10
2014.02.04 09:56:54.286,1.50116,1.50134,1.00,1.10
2014.02.04 09:56:55.038,1.50114,1.50134,1.50,1.10
2014.02.04 09:56:55.598,1.50115,1.50134,1.00,1.10
2014.02.04 09:56:56.245,1.50115,1.50134,1.08,1.00
2014.02.04 09:56:56.498,1.50119,1.50134,1.00,1.00
2014.02.04 09:56:57.003,1.50119,1.50134,1.00,1.08
2014.02.04 09:56:57.054,1.50112,1.50133,3.15,1.20
2014.02.04 09:56:57.206,1.50112,1.5013,1.20,1.00
2014.02.04 09:56:58.327,1.50113,1.5013,1.00,1.00
2014.02.04 09:56:59.106,1.50111,1.5013,2.40,1.00
2014.02.04 09:56:59.647,1.5011,1.50129,1.10,1.00
2014.02.04 09:57:01.100,1.50111,1.50129,1.00,1.00
2014.02.04 09:57:02.179,1.50109,1.50129,1.65,1.00
2014.02.04 09:57:02.439,1.50109,1.50126,1.18,1.00
2014.02.04 09:57:02.592,1.50106,1.50126,1.00,2.03
2014.02.04 09:57:02.846,1.50104,1.50123,1.00,1.00
2014.02.04 09:57:03.367,1.50104,1.50125,1.15,1.00
2014.02.04 09:57:09.595,1.50111,1.50125,1.00,1.00
2014.02.04 09:57:09.804,1.50111,1.50129,1.00,1.10
2014.02.04 09:57:09.908,1.5011,1.50126,1.10,1.00
2014.02.04 09:57:10.364,1.50107,1.50127,1.08,1.10
2014.02.04 09:57:10.668,1.50109,1.50129,1.18,1.20
2014.02.04 09:57:14.679,1.50108,1.50126,1.15,1.00
2014.02.04 09:57:14.781,1.50108,1.50125,1.00,1.00
2014.02.04 09:57:14.882,1.50105,1.50125,1.20,1.58
2014.02.04 09:57:15.986,1.50104,1.50125,1.15,2.25
2014.02.04 09:57:16.498,1.50104,1.50125,1.15,1.50
2014.02.04 09:57:16.801,1.50106,1.50126,1.58,1.00
2014.02.04 09:57:16.953,1.50106,1.50129,2.33,2.70
2014.02.04 09:57:17.460,1.50106,1.50129,1.83,2.63
2014.02.04 09:57:18.640,1.5011,1.50129,1.08,1.88
2014.02.04 09:57:18.742,1.5011,1.50131,1.08,2.33
2014.02.04 09:57:18.792,1.50107,1.50126,1.58,1.00
2014.02.04 09:57:18.944,1.50105,1.50126,2.33,1.00
2014.02.04 09:57:19.096,1.50107,1.50129,1.65,1.13
2014.02.04 09:57:19.299,1.50109,1.5013,1.15,2.25
2014.02.04 09:57:19.521,1.50108,1.5013,1.15,1.28
2014.02.04 09:57:19.623,1.50107,1.50129,1.00,1.18
2014.02.04 09:57:20.570,1.50107,1.50128,1.08,1.10
2014.02.04 09:57:20.621,1.50108,1.50128,1.65,1.00
2014.02.04 09:57:21.127,1.50109,1.50129,1.08,1.10
2014.02.04 09:57:21.453,1.50106,1.50122,1.58,1.69
2014.02.04 09:57:21.605,1.50101,1.50119,1.65,1.25
2014.02.04 09:57:21.809,1.50099,1.50119,1.18,1.13
2014.02.04 09:57:21.860,1.50096,1.50114,1.83,1.00
2014.02.04 09:57:21.911,1.50096,1.50114,1.15,1.00
2014.02.04 09:57:22.424,1.50095,1.50116,1.65,1.00
2014.02.04 09:57:22.678,1.50099,1.50116,2.33,1.00
2014.02.04 09:57:23.277,1.50099,1.50116,1.15,1.00
2014.02.04 09:57:24.695,1.50101,1.50118,1.15,1.00
2014.02.04 09:57:25.026,1.501,1.50118,1.00,1.00
2014.02.04 09:57:25.077,1.501,1.50116,1.10,1.00
2014.02.04 09:57:25.608,1.501,1.50117,1.10,1.00
2014.02.04 09:57:27.006,1.50099,1.50115,1.15,1.00
2014.02.04 09:57:27.664,1.50099,1.50116,1.15,1.00
2014.02.04 09:57:28.672,1.50099,1.50114,1.15,1.00
2014.02.04 09:57:29.318,1.50099,1.50115,1.15,1.00
2014.02.04 09:57:29.652,1.50099,1.50113,1.10,1.00
2014.02.04 09:57:29.856,1.50095,1.50113,1.18,1.00
2014.02.04 09:57:30.362,1.50095,1.50112,1.18,1.00
2014.02.04 09:57:30.825,1.50097,1.50112,1.18,1.00
2014.02.04 09:57:30.876,1.50097,1.50115,1.18,1.32
2014.02.04 09:57:31.381,1.50098,1.50116,2.40,1.32
2014.02.04 09:57:32.997,1.50098,1.5012,2.40,1.57
2014.02.04 09:57:33.323,1.50104,1.5012,1.00,1.00
2014.02.04 09:57:33.678,1.50103,1.50125,1.65,1.57
2014.02.04 09:57:33.779,1.50103,1.50125,1.65,1.57
2014.02.04 09:57:36.726,1.50108,1.50126,1.00,1.00
2014.02.04 09:57:37.031,1.50109,1.50128,1.00,1.10
2014.02.04 09:57:37.473,1.50109,1.5013,1.20,3.00
2014.02.04 09:57:37.805,1.50109,1.50126,1.15,1.00
2014.02.04 09:57:38.956,1.50109,1.50126,1.15,2.07
2014.02.04 09:57:39.007,1.50109,1.50123,1.18,1.32
2014.02.04 09:57:39.508,1.50107,1.50122,1.18,1.00
2014.02.04 09:57:40.118,1.50107,1.50123,1.18,1.32
2014.02.04 09:57:40.659,1.50107,1.50124,1.18,1.00
2014.02.04 09:57:41.325,1.50108,1.50126,1.08,1.00
2014.02.04 09:57:41.426,1.50109,1.50126,1.08,1.00
2014.02.04 09:57:41.680,1.50106,1.50123,1.18,1.00
2014.02.04 09:57:41.781,1.50111,1.50123,1.08,1.32
2014.02.04 09:57:41.883,1.50108,1.50125,1.18,1.50
2014.02.04 09:57:42.085,1.50111,1.50125,1.18,1.00
2014.02.04 09:57:43.122,1.50112,1.50123,1.10,1.57
2014.02.04 09:57:43.275,1.50109,1.50122,1.10,1.00
2014.02.04 09:57:43.428,1.50109,1.50126,1.10,1.50
2014.02.04 09:57:43.540,1.5011,1.50126,1.18,1.50
2014.02.04 09:57:44.342,1.50115,1.50126,1.00,1.00
2014.02.04 09:57:44.848,1.50114,1.50127,1.00,1.00
2014.02.04 09:57:45.168,1.50114,1.50125,1.00,1.00
2014.02.04 09:57:45.360,1.50112,1.50125,1.58,1.00
2014.02.04 09:57:45.411,1.50112,1.50123,1.10,1.00
2014.02.04 09:57:45.615,1.5011,1.50125,1.10,1.00
2014.02.04 09:57:45.666,1.5011,1.50128,1.10,1.00
2014.02.04 09:57:45.717,1.50112,1.50128,1.00,1.00
2014.02.04 09:57:46.717,1.50112,1.50128,1.00,1.57
2014.02.04 09:57:46.818,1.5011,1.50128,1.08,1.00
2014.02.04 09:57:46.920,1.5011,1.50125,1.58,1.00
2014.02.04 09:57:47.274,1.50111,1.50127,1.18,1.00
2014.02.04 09:57:47.897,1.5011,1.50127,1.58,1.00
2014.02.04 09:57:48.599,1.5011,1.50128,1.58,1.00
2014.02.04 09:57:50.122,1.5011,1.50129,1.58,1.00
2014.02.04 09:57:50.425,1.5011,1.50127,1.58,1.00
2014.02.04 09:57:51.860,1.50111,1.50125,1.10,1.00
2014.02.04 09:57:52.367,1.50112,1.50126,1.00,1.00
2014.02.04 09:57:53.314,1.5011,1.50126,1.65,1.00
2014.02.04 09:57:53.831,1.5011,1.50126,1.58,1.00
2014.02.04 09:57:54.039,1.5011,1.5013,1.58,1.10
2014.02.04 09:57:54.446,1.5011,1.5013,1.58,1.00
2014.02.04 09:57:54.810,1.5011,1.5013,1.58,1.10
2014.02.04 09:57:55.177,1.5011,1.5013,1.58,1.67
2014.02.04 09:57:55.531,1.5011,1.50125,1.00,1.00
2014.02.04 09:57:56.425,1.50109,1.50121,1.10,1.32
2014.02.04 09:57:56.578,1.50107,1.50121,1.00,1.32
2014.02.04 09:57:57.876,1.50107,1.5012,1.00,1.00
2014.02.04 09:58:03.386,1.50107,1.50123,1.00,1.57
2014.02.04 09:58:03.538,1.50112,1.50125,1.00,1.57
2014.02.04 09:58:03.589,1.50112,1.50125,1.00,1.00
2014.02.04 09:58:03.640,1.50115,1.50125,1.00,1.00
2014.02.04 09:58:03.792,1.50115,1.50128,1.00,1.00
2014.02.04 09:58:06.061,1.50111,1.50128,1.18,1.00
2014.02.04 09:58:06.754,1.50111,1.50127,1.18,1.00
2014.02.04 09:58:08.757,1.50112,1.50126,1.08,1.00
2014.02.04 09:58:09.266,1.50113,1.50127,1.00,1.00
2014.02.04 09:58:09.444,1.50113,1.50124,1.00,1.00
2014.02.04 09:58:09.722,1.50111,1.50124,1.00,1.00
2014.02.04 09:58:12.957,1.50112,1.50124,1.00,1.00
2014.02.04 09:58:13.827,1.50112,1.50126,1.00,1.00
2014.02.04 09:58:14.443,1.50113,1.50126,1.00,1.00
2014.02.04 09:58:14.724,1.5011,1.50126,1.58,1.00
2014.02.04 09:58:18.854,1.5011,1.50127,1.58,1.00
2014.02.04 09:58:21.648,1.50109,1.50127,1.50,1.32
2014.02.04 09:58:23.583,1.50109,1.50126,1.50,1.00
2014.02.04 09:58:24.143,1.50109,1.50124,1.10,1.00
2014.02.04 09:58:24.245,1.50107,1.50124,1.10,1.57
2014.02.04 09:58:24.649,1.50105,1.50122,1.20,1.00
2014.02.04 09:58:24.751,1.50105,1.50122,1.00,1.15
2014.02.04 09:58:25.160,1.50102,1.50119,1.13,1.10
2014.02.04 09:58:25.211,1.50102,1.50119,1.13,1.67
2014.02.04 09:58:25.464,1.50095,1.50111,1.50,1.50
2014.02.04 09:58:30.059,1.50098,1.50113,1.00,1.00
2014.02.04 09:58:31.561,1.501,1.50115,1.00,1.00
2014.02.04 09:58:31.612,1.501,1.50118,1.08,1.00
2014.02.04 09:58:31.815,1.501,1.50118,1.58,1.00
2014.02.04 09:58:32.169,1.50099,1.50118,2.25,1.20
2014.02.04 09:58:32.271,1.50099,1.50115,1.00,1.00
2014.02.04 09:58:32.626,1.501,1.50117,1.58,1.00
2014.02.04 09:58:32.732,1.50101,1.50117,1.08,1.00
2014.02.04 09:58:32.834,1.50101,1.50122,1.18,1.74
2014.02.04 09:58:33.105,1.5011,1.50122,1.00,1.18
2014.02.04 09:58:33.257,1.5011,1.50126,1.00,1.00
2014.02.04 09:58:33.612,1.50106,1.50126,1.10,1.18
2014.02.04 09:58:33.814,1.50104,1.50125,1.65,2.22
2014.02.04 09:58:34.440,1.50104,1.50125,1.65,2.97
2014.02.04 09:58:34.490,1.50104,1.50122,1.65,1.00
2014.02.04 09:58:34.912,1.50104,1.50124,1.65,1.32
2014.02.04 09:58:35.438,1.50104,1.50123,1.65,1.00
2014.02.04 09:58:35.657,1.50109,1.50126,1.50,1.64
2014.02.04 09:58:35.759,1.50109,1.50126,1.50,1.00
2014.02.04 09:58:36.560,1.50109,1.50127,1.50,2.07
2014.02.04 09:58:36.762,1.50115,1.50128,1.00,1.10
2014.02.04 09:58:36.864,1.50112,1.50129,1.50,1.10
2014.02.04 09:58:37.016,1.50114,1.50129,1.00,1.00
2014.02.04 09:58:37.219,1.50116,1.50134,1.00,1.32
2014.02.04 09:58:38.158,1.50116,1.50135,1.08,2.44
2014.02.04 09:58:38.709,1.50116,1.50135,1.15,2.44
2014.02.04 09:58:39.692,1.50116,1.50135,1.15,2.07
2014.02.04 09:58:40.271,1.50114,1.50132,1.10,1.00
2014.02.04 09:58:40.373,1.50114,1.5013,1.10,1.00
2014.02.04 09:58:41.184,1.50114,1.50131,1.00,1.00
2014.02.04 09:58:41.740,1.50113,1.50131,1.00,1.00
2014.02.04 09:58:41.942,1.5011,1.5013,1.15,1.00
2014.02.04 09:58:42.044,1.50109,1.5013,1.10,1.50
2014.02.04 09:58:42.502,1.50107,1.50127,1.65,1.50
2014.02.04 09:58:42.553,1.50107,1.50127,1.18,1.50
2014.02.04 09:58:42.654,1.50106,1.50127,1.20,1.58
2014.02.04 09:58:42.705,1.50106,1.50127,1.20,2.03
2014.02.04 09:58:42.857,1.50106,1.50127,1.20,2.03
2014.02.04 09:58:43.060,1.50105,1.50125,1.15,1.00
2014.02.04 09:58:45.534,1.50105,1.50125,1.00,1.00
2014.02.04 09:58:46.613,1.50104,1.50124,1.58,1.00
2014.02.04 09:58:49.724,1.50105,1.50124,1.18,1.00
2014.02.04 09:58:50.627,1.50105,1.50124,1.00,1.00
2014.02.04 09:58:50.729,1.50106,1.50126,1.18,1.00
2014.02.04 09:58:51.142,1.50108,1.50127,1.58,1.00
2014.02.04 09:58:51.294,1.50112,1.5013,1.10,1.00
2014.02.04 09:58:51.834,1.50112,1.50131,1.10,1.10
2014.02.04 09:58:53.554,1.50113,1.50131,1.00,1.10
2014.02.04 09:58:54.103,1.50112,1.50131,1.10,1.10
2014.02.04 09:58:54.635,1.50112,1.50132,1.08,1.10
2014.02.04 09:58:54.737,1.50114,1.50133,1.08,1.08
2014.02.04 09:58:54.838,1.50115,1.50134,1.18,1.00
2014.02.04 09:58:55.321,1.50115,1.50134,1.10,1.00
2014.02.04 09:58:55.574,1.50113,1.5013,1.18,1.00
2014.02.04 09:58:55.777,1.5011,1.5013,1.65,1.00
2014.02.04 09:58:56.896,1.50117,1.5013,1.00,1.00
2014.02.04 09:58:56.947,1.50117,1.50134,1.50,1.15
2014.02.04 09:58:57.048,1.50117,1.50135,1.50,1.00
2014.02.04 09:58:57.099,1.50117,1.50135,1.58,1.00
2014.02.04 09:58:57.353,1.50117,1.50136,1.50,1.15
2014.02.04 09:58:57.708,1.50115,1.50134,1.10,1.10
2014.02.04 09:58:57.759,1.50118,1.50135,1.00,1.33
2014.02.04 09:58:58.064,1.50118,1.50132,1.00,1.00
2014.02.04 09:58:58.448,1.50114,1.50132,1.00,1.00
2014.02.04 09:59:01.145,1.50113,1.50132,1.50,1.00
2014.02.04 09:59:01.297,1.50115,1.50132,1.50,1.00
2014.02.04 09:59:01.495,1.50116,1.50135,1.65,1.00
2014.02.04 09:59:01.597,1.50118,1.50136,1.10,1.00
2014.02.04 09:59:01.901,1.5012,1.50137,1.00,1.10
2014.02.04 09:59:02.305,1.50121,1.50139,1.10,1.32
2014.02.04 09:59:02.408,1.50123,1.50139,1.00,1.25
2014.02.04 09:59:03.045,1.50123,1.5014,1.00,1.50
2014.02.04 09:59:03.715,1.50121,1.5014,1.10,1.00
2014.02.04 09:59:06.162,1.50123,1.5014,1.00,1.25
2014.02.04 09:59:06.619,1.50121,1.5014,1.08,1.00
2014.02.04 09:59:07.592,1.50124,1.50142,1.18,1.50
2014.02.04 09:59:07.644,1.50124,1.50144,1.65,2.25
2014.02.04 09:59:07.695,1.50127,1.50144,1.08,1.50
2014.02.04 09:59:07.899,1.5013,1.50148,1.18,1.88
2014.02.04 09:59:08.102,1.50132,1.50143,1.10,1.00
2014.02.04 09:59:08.254,1.50135,1.5015,1.00,1.48
2014.02.04 09:59:08.457,1.50136,1.50152,1.08,1.38
2014.02.04 09:59:08.710,1.50133,1.50151,1.18,1.00
2014.02.04 09:59:09.064,1.50139,1.50152,1.00,1.00
2014.02.04 09:59:09.216,1.50139,1.50158,1.00,1.65
2014.02.04 09:59:09.267,1.50139,1.50158,1.00,1.58
2014.02.04 09:59:09.786,1.5014,1.50159,1.50,1.00
2014.02.04 09:59:09.888,1.50138,1.50159,1.58,1.18
2014.02.04 09:59:09.989,1.50138,1.50159,1.50,1.18
2014.02.04 09:59:10.355,1.50135,1.50154,1.00,1.02
2014.02.04 09:59:10.406,1.50135,1.5015,1.00,1.00
2014.02.04 09:59:10.457,1.5013,1.50149,2.85,1.08
2014.02.04 09:59:10.559,1.50129,1.50149,2.10,1.65
2014.02.04 09:59:10.660,1.50129,1.50149,1.50,1.65
2014.02.04 09:59:10.762,1.50127,1.50148,1.50,1.65
2014.02.04 09:59:11.014,1.50125,1.50142,1.00,1.65
2014.02.04 09:59:11.070,1.50121,1.50142,1.35,2.40
2014.02.04 09:59:11.122,1.50121,1.50142,1.35,3.75
2014.02.04 09:59:11.275,1.50119,1.50141,1.50,1.58
2014.02.04 09:59:11.446,1.50119,1.50141,1.50,3.75
2014.02.04 09:59:12.109,1.50119,1.50139,1.00,1.65
2014.02.04 09:59:12.767,1.5012,1.50139,1.00,1.65
2014.02.04 09:59:13.213,1.50118,1.50139,2.25,1.65
2014.02.04 09:59:13.728,1.50119,1.50139,1.00,1.65
2014.02.04 09:59:14.468,1.5012,1.50136,1.00,1.00
2014.02.04 09:59:16.072,1.5012,1.50136,1.00,1.18
2014.02.04 09:59:17.923,1.5012,1.50136,1.00,1.10
2014.02.04 09:59:19.681,1.50121,1.50137,1.00,1.18
2014.02.04 09:59:19.783,1.50121,1.5014,1.00,1.65
2014.02.04 09:59:20.078,1.50122,1.50134,1.00,1.00
2014.02.04 09:59:20.693,1.50121,1.50134,1.00,1.10
2014.02.04 09:59:21.026,1.50117,1.50134,1.00,1.10
2014.02.04 09:59:21.536,1.50118,1.50134,1.00,1.00
2014.02.04 09:59:22.065,1.50119,1.50134,1.00,1.00
2014.02.04 09:59:23.339,1.50118,1.50134,1.00,1.00
2014.02.04 09:59:23.542,1.50118,1.50138,1.50,1.50
2014.02.04 09:59:23.593,1.50122,1.50138,1.00,1.50
2014.02.04 09:59:23.790,1.50123,1.5014,1.00,1.00
2014.02.04 09:59:23.842,1.50123,1.50141,1.15,1.00
2014.02.04 09:59:24.834,1.50121,1.5014,1.65,1.00
2014.02.04 09:59:25.385,1.5012,1.5014,2.40,1.00
2014.02.04 09:59:25.587,1.5012,1.5014,2.40,1.00
2014.02.04 09:59:25.761,1.5012,1.50138,1.20,1.00
2014.02.04 09:59:26.066,1.50121,1.5014,1.20,1.13
2014.02.04 09:59:26.992,1.50123,1.50142,1.00,1.48
2014.02.04 09:59:27.525,1.50121,1.50142,1.95,1.48
2014.02.04 09:59:27.626,1.50121,1.50142,1.95,1.20
2014.02.04 09:59:29.358,1.50123,1.50142,1.00,1.13
2014.02.04 09:59:29.408,1.50123,1.50142,1.08,1.13
2014.02.04 09:59:29.611,1.5013,1.50148,1.00,1.10
2014.02.04 09:59:29.763,1.5013,1.5015,1.15,1.00
2014.02.04 09:59:30.068,1.50132,1.5015,1.58,1.00
2014.02.04 09:59:30.119,1.50134,1.50155,1.10,1.45
2014.02.04 09:59:30.170,1.50134,1.50155,1.18,1.48
2014.02.04 09:59:30.524,1.50133,1.50152,1.10,1.00
2014.02.04 09:59:31.006,1.50131,1.5015,1.15,1.00
2014.02.04 09:59:31.546,1.50132,1.50151,1.10,1.00
2014.02.04 09:59:31.850,1.50135,1.50154,1.00,2.63
2014.02.04 09:59:31.951,1.50133,1.50152,1.10,1.00
2014.02.04 09:59:32.494,1.50134,1.50153,1.00,1.13
2014.02.04 09:59:32.828,1.50132,1.50148,1.65,1.00
2014.02.04 09:59:33.251,1.50132,1.50149,1.65,1.00
2014.02.04 09:59:33.808,1.50136,1.50149,1.15,1.00
2014.02.04 09:59:33.859,1.50136,1.50151,1.15,1.00
2014.02.04 09:59:33.910,1.50136,1.50151,2.33,1.00
2014.02.04 09:59:34.243,1.50136,1.5015,1.20,1.00
2014.02.04 09:59:34.344,1.50138,1.5015,1.00,1.00
2014.02.04 09:59:34.396,1.50138,1.50153,1.18,1.00
2014.02.04 09:59:34.497,1.50139,1.50153,1.15,1.00
2014.02.04 09:59:34.752,1.50138,1.50153,1.58,1.00
2014.02.04 09:59:34.853,1.50139,1.50158,1.00,1.20
2014.02.04 09:59:35.157,1.50137,1.50158,1.00,1.20
2014.02.04 09:59:35.511,1.50135,1.50156,1.65,1.00
2014.02.04 09:59:35.837,1.50138,1.50157,1.00,1.15
2014.02.04 09:59:36.276,1.5014,1.50159,1.00,1.58
2014.02.04 09:59:36.480,1.50144,1.50163,1.50,1.65
2014.02.04 09:59:36.581,1.50144,1.50162,1.00,1.00
2014.02.04 09:59:36.682,1.50143,1.50161,1.00,1.08
2014.02.04 09:59:36.894,1.50141,1.50161,1.00,1.18
2014.02.04 09:59:37.456,1.50141,1.50161,1.50,1.10
2014.02.04 09:59:37.761,1.50148,1.50161,1.00,1.00
2014.02.04 09:59:37.913,1.50143,1.50161,1.15,1.00
2014.02.04 09:59:38.116,1.5014,1.50158,1.95,1.00
2014.02.04 09:59:38.420,1.50138,1.50158,1.18,1.08
2014.02.04 09:59:38.572,1.50141,1.50158,1.00,1.50
2014.02.04 09:59:38.725,1.50143,1.50162,1.00,1.58
2014.02.04 09:59:39.082,1.50147,1.50165,1.00,1.15
2014.02.04 09:59:39.184,1.50147,1.50166,1.13,1.00
2014.02.04 09:59:39.237,1.50148,1.50169,1.00,1.53
2014.02.04 09:59:39.439,1.5015,1.50169,1.00,1.53
2014.02.04 09:59:40.182,1.5015,1.50162,1.00,1.00
2014.02.04 09:59:40.335,1.50142,1.50162,1.58,1.50
2014.02.04 09:59:40.437,1.50142,1.50162,1.08,1.50
2014.02.04 09:59:40.488,1.50142,1.50162,1.00,1.50
2014.02.04 09:59:40.539,1.50142,1.50162,1.00,1.58
2014.02.04 09:59:40.918,1.50142,1.50162,1.00,3.00
2014.02.04 09:59:41.172,1.50141,1.50162,1.08,2.40
2014.02.04 09:59:41.274,1.50143,1.50162,1.10,1.58
2014.02.04 09:59:41.427,1.50144,1.50162,1.08,1.50
2014.02.04 09:59:41.832,1.50144,1.50165,1.18,1.00
2014.02.04 09:59:42.389,1.50146,1.50167,1.10,1.08
2014.02.04 09:59:42.498,1.50146,1.50167,1.08,1.00
2014.02.04 09:59:42.950,1.50148,1.50169,1.65,1.38
2014.02.04 09:59:43.001,1.50148,1.50171,2.40,1.28
2014.02.04 09:59:43.052,1.50148,1.50171,3.08,1.00
2014.02.04 09:59:44.485,1.50152,1.50173,1.20,1.50
2014.02.04 09:59:44.761,1.50152,1.50173,1.20,1.58
2014.02.04 09:59:45.307,1.50153,1.50173,1.00,1.18
2014.02.04 09:59:45.866,1.50151,1.50173,1.08,1.18
2014.02.04 09:59:46.526,1.50151,1.50173,1.00,1.18
2014.02.04 09:59:47.127,1.50152,1.50173,1.00,1.15
2014.02.04 09:59:47.894,1.50154,1.50173,1.00,1.15
2014.02.04 09:59:49.041,1.50154,1.50174,1.00,1.65
2014.02.04 09:59:49.472,1.50155,1.50176,1.08,1.88
2014.02.04 09:59:49.525,1.50155,1.50176,1.15,1.00
2014.02.04 09:59:49.981,1.50158,1.50177,1.00,1.20
2014.02.04 09:59:50.320,1.50158,1.50176,1.00,1.18
2014.02.04 09:59:50.422,1.50154,1.50174,1.00,1.00
2014.02.04 09:59:50.947,1.50152,1.50175,1.18,1.10
2014.02.04 09:59:51.881,1.50151,1.50176,1.10,1.65
2014.02.04 09:59:53.093,1.50151,1.50176,1.15,1.65
2014.02.04 09:59:53.449,1.50153,1.50178,1.58,1.65
2014.02.04 09:59:53.652,1.50153,1.50177,1.08,2.03
2014.02.04 09:59:54.597,1.50148,1.50173,3.75,1.00
2014.02.04 09:59:54.648,1.50148,1.50173,1.15,1.20
2014.02.04 09:59:54.750,1.50148,1.50173,1.15,1.15
2014.02.04 09:59:55.379,1.50146,1.50172,1.15,1.00
2014.02.04 09:59:55.480,1.50146,1.50172,1.20,1.00
2014.02.04 09:59:55.633,1.50146,1.50169,1.20,1.00
2014.02.04 09:59:55.936,1.5015,1.50173,1.10,1.00
2014.02.04 09:59:56.189,1.5015,1.50175,1.10,1.00
2014.02.04 09:59:56.240,1.50153,1.50175,1.10,1.00
2014.02.04 09:59:56.748,1.50153,1.50176,1.00,1.00
2014.02.04 09:59:57.806,1.50153,1.50178,1.00,1.50
2014.02.04 09:59:58.536,1.5015,1.50175,1.15,1.00
2014.02.04 09:59:59.227,1.5015,1.50175,1.00,1.50
2014.02.04 09:59:59.413,1.50148,1.50173,1.18,1.00
2014.02.04 09:59:59.767,1.50148,1.50175,1.15,2.25
