2009.06.30 01:00:06.667,1.631,1.63185,1.60,1.60
2009.06.30 01:00:10.975,1.63095,1.6318,1.60,3.20
2009.06.30 01:00:11.314,1.63095,1.63175,1.60,1.60
2009.06.30 01:00:15.823,1.6309,1.6317,3.40,3.20
2009.06.30 01:00:16.173,1.6309,1.63175,1.60,4.80
2009.06.30 01:00:16.443,1.63095,1.63165,1.60,1.60
2009.06.30 01:00:16.733,1.6309,1.6317,1.60,1.60
2009.06.30 01:00:17.023,1.6309,1.63165,1.60,1.60
2009.06.30 01:00:17.783,1.63105,1.63165,1.60,1.60
2009.06.30 01:00:18.073,1.631,1.6317,1.80,4.80
2009.06.30 01:00:18.353,1.63085,1.63165,1.60,1.60
2009.06.30 01:00:18.643,1.63085,1.6316,1.60,1.60
2009.06.30 01:00:19.782,1.6309,1.6316,1.60,1.60
2009.06.30 01:00:20.422,1.6309,1.63165,1.60,1.60
2009.06.30 01:00:28.711,1.6309,1.63175,1.60,4.80
2009.06.30 01:00:31.470,1.6309,1.6317,3.40,3.20
2009.06.30 01:00:31.760,1.63085,1.63165,1.60,1.60
2009.06.30 01:00:32.789,1.6309,1.63165,1.60,1.60
2009.06.30 01:00:33.309,1.63095,1.63175,1.60,1.60
2009.06.30 01:00:34.189,1.6309,1.6318,3.40,4.80
2009.06.30 01:00:34.599,1.63085,1.6318,1.60,4.80
2009.06.30 01:00:34.889,1.63095,1.63175,1.60,1.60
2009.06.30 01:00:35.579,1.631,1.6318,1.60,1.60
2009.06.30 01:00:35.988,1.631,1.63185,1.60,4.80
2009.06.30 01:00:41.637,1.63105,1.63185,1.60,1.60
2009.06.30 01:00:42.157,1.63105,1.6319,1.60,4.80
2009.06.30 01:00:43.137,1.6311,1.6319,1.60,1.60
2009.06.30 01:00:43.377,1.6312,1.63195,1.60,1.60
2009.06.30 01:00:43.547,1.6312,1.6319,1.60,1.60
2009.06.30 01:00:43.717,1.6311,1.63195,5.20,1.60
2009.06.30 01:00:43.897,1.6311,1.63195,4.80,1.60
2009.06.30 01:00:44.057,1.6311,1.632,3.20,4.80
2009.06.30 01:00:44.237,1.6312,1.63195,1.60,1.60
2009.06.30 01:00:44.527,1.63125,1.63195,1.60,1.60
2009.06.30 01:00:44.876,1.63125,1.6321,1.60,4.80
2009.06.30 01:00:46.156,1.63125,1.632,1.60,1.60
2009.06.30 01:00:46.496,1.6311,1.63205,3.20,1.60
2009.06.30 01:00:46.966,1.6311,1.63205,1.60,1.60
2009.06.30 01:00:47.316,1.6311,1.632,1.60,1.60
2009.06.30 01:00:47.646,1.6311,1.63205,1.60,1.60
2009.06.30 01:00:47.986,1.6311,1.63195,1.60,3.20
2009.06.30 01:00:48.725,1.631,1.6319,1.60,1.60
2009.06.30 01:00:49.065,1.6311,1.6319,1.60,1.60
2009.06.30 01:00:49.285,1.631,1.6319,1.60,1.60
2009.06.30 01:00:49.465,1.6311,1.63195,1.60,1.60
2009.06.30 01:00:49.965,1.6312,1.63205,1.60,1.60
2009.06.30 01:00:50.705,1.6312,1.6321,1.60,1.60
2009.06.30 01:00:51.265,1.63135,1.6321,1.60,1.60
2009.06.30 01:00:51.615,1.6313,1.6321,1.60,1.60
2009.06.30 01:00:53.514,1.63125,1.6321,1.60,4.80
2009.06.30 01:00:53.814,1.6313,1.6321,1.60,1.60
2009.06.30 01:00:54.164,1.6313,1.63205,1.60,1.60
2009.06.30 01:00:54.454,1.6313,1.6321,1.60,1.60
2009.06.30 01:00:56.883,1.6313,1.63215,1.60,4.80
2009.06.30 01:00:57.054,1.63125,1.6321,1.60,3.20
2009.06.30 01:00:57.223,1.6313,1.63215,1.60,4.80
2009.06.30 01:00:57.463,1.6313,1.6321,1.60,1.60
2009.06.30 01:00:57.693,1.6313,1.63215,1.60,4.80
2009.06.30 01:01:00.343,1.63125,1.6321,1.60,3.20
2009.06.30 01:01:00.643,1.63125,1.6321,1.60,4.80
2009.06.30 01:01:01.033,1.6313,1.6321,1.60,1.60
2009.06.30 01:01:01.502,1.6313,1.63215,1.60,4.80
2009.06.30 01:01:01.802,1.63135,1.6322,1.60,4.80
2009.06.30 01:01:03.042,1.63135,1.6322,1.60,6.40
2009.06.30 01:01:03.202,1.63135,1.63215,1.60,1.60
2009.06.30 01:01:03.842,1.63135,1.63215,3.20,1.60
2009.06.30 01:01:04.002,1.6314,1.63215,1.60,1.60
2009.06.30 01:01:04.552,1.63135,1.6322,3.20,4.80
2009.06.30 01:01:05.191,1.6314,1.63215,1.60,1.60
2009.06.30 01:01:05.891,1.63135,1.6322,3.20,4.80
2009.06.30 01:01:06.691,1.63135,1.63215,1.60,1.60
2009.06.30 01:01:07.051,1.6314,1.63215,1.60,1.60
2009.06.30 01:01:07.621,1.6314,1.6322,1.60,1.60
2009.06.30 01:01:09.751,1.6315,1.6322,1.60,1.60
2009.06.30 01:01:10.260,1.63155,1.6322,1.60,1.60
2009.06.30 01:01:10.600,1.63155,1.63225,1.60,1.60
2009.06.30 01:01:10.930,1.6315,1.6323,1.60,1.60
2009.06.30 01:01:12.040,1.6315,1.63225,1.60,1.60
2009.06.30 01:01:13.299,1.6315,1.6323,1.60,1.60
2009.06.30 01:01:13.970,1.63145,1.6323,1.60,4.80
2009.06.30 01:01:14.149,1.6315,1.6323,1.60,1.60
2009.06.30 01:01:14.330,1.63145,1.63225,1.60,1.60
2009.06.30 01:01:16.289,1.63145,1.6323,1.60,1.60
2009.06.30 01:01:16.629,1.63145,1.63235,1.60,1.60
2009.06.30 01:01:17.429,1.63145,1.63225,1.60,1.60
2009.06.30 01:01:17.769,1.63145,1.6322,1.60,1.60
2009.06.30 01:01:21.378,1.6314,1.6322,1.60,1.60
2009.06.30 01:01:21.497,1.6315,1.6321,1.60,1.60
2009.06.30 01:01:21.778,1.63125,1.6321,5.20,1.60
2009.06.30 01:01:21.958,1.6314,1.63215,1.60,1.60
2009.06.30 01:01:22.258,1.63125,1.63215,1.60,1.60
2009.06.30 01:01:22.427,1.63125,1.6322,1.60,1.60
2009.06.30 01:01:23.077,1.63125,1.6322,1.60,3.20
2009.06.30 01:01:23.477,1.63125,1.63215,1.60,1.60
2009.06.30 01:01:24.477,1.6313,1.63215,1.60,1.60
2009.06.30 01:01:24.657,1.6314,1.6322,1.60,1.60
2009.06.30 01:01:25.057,1.6314,1.63225,1.60,1.60
2009.06.30 01:01:27.216,1.6313,1.63225,3.20,1.60
2009.06.30 01:01:27.446,1.63125,1.6322,3.20,1.60
2009.06.30 01:01:27.946,1.63125,1.63215,1.60,1.60
2009.06.30 01:01:28.976,1.6312,1.63215,1.60,1.60
2009.06.30 01:01:29.835,1.6312,1.63205,1.60,3.20
2009.06.30 01:01:30.176,1.6311,1.632,1.60,1.60
2009.06.30 01:01:31.215,1.63115,1.632,1.60,1.60
2009.06.30 01:01:31.555,1.63115,1.63205,1.60,1.60
2009.06.30 01:01:32.485,1.6312,1.63205,1.60,1.60
2009.06.30 01:01:32.935,1.63125,1.6321,1.60,1.60
2009.06.30 01:01:33.455,1.63125,1.63215,1.60,1.60
2009.06.30 01:01:34.994,1.6312,1.63215,1.60,3.20
2009.06.30 01:01:35.164,1.6312,1.63215,1.60,4.80
2009.06.30 01:01:35.514,1.6312,1.63205,1.60,1.60
2009.06.30 01:01:35.854,1.63115,1.632,1.60,1.60
2009.06.30 01:01:36.604,1.63125,1.632,1.60,1.60
2009.06.30 01:01:37.004,1.63125,1.6321,1.60,1.60
2009.06.30 01:01:37.694,1.6313,1.63215,1.60,1.60
2009.06.30 01:01:38.054,1.6313,1.6322,1.60,1.60
2009.06.30 01:01:39.593,1.6313,1.63225,1.60,1.60
2009.06.30 01:01:40.433,1.63125,1.6322,1.60,3.20
2009.06.30 01:01:40.843,1.63125,1.6322,1.60,4.80
2009.06.30 01:01:41.244,1.6312,1.63215,1.60,1.60
2009.06.30 01:01:45.522,1.6312,1.632,1.60,1.60
2009.06.30 01:01:45.732,1.63115,1.632,1.60,1.60
2009.06.30 01:01:45.902,1.6311,1.63205,3.20,4.80
2009.06.30 01:01:46.132,1.6311,1.6321,1.60,1.60
2009.06.30 01:01:47.001,1.6312,1.63215,1.60,1.60
2009.06.30 01:01:47.691,1.63115,1.632,1.60,3.20
2009.06.30 01:01:48.131,1.63105,1.63195,1.60,1.60
2009.06.30 01:01:48.701,1.6311,1.63195,1.60,1.60
2009.06.30 01:01:49.261,1.6311,1.6321,1.60,1.60
2009.06.30 01:01:50.180,1.6312,1.6321,1.60,1.60
2009.06.30 01:01:50.761,1.6312,1.63215,1.60,1.60
2009.06.30 01:01:53.560,1.63125,1.63215,1.60,1.60
2009.06.30 01:01:53.910,1.63125,1.6322,1.60,1.60
2009.06.30 01:01:57.119,1.63125,1.6322,1.60,4.80
2009.06.30 01:01:57.519,1.63125,1.6322,1.60,1.60
2009.06.30 01:02:02.188,1.6312,1.63215,1.60,1.60
2009.06.30 01:02:02.987,1.6312,1.6321,1.60,1.60
2009.06.30 01:02:06.637,1.6312,1.6321,1.60,1.60
2009.06.30 01:02:11.546,1.63115,1.6321,1.60,4.80
2009.06.30 01:02:11.786,1.63115,1.6321,1.60,8.00
2009.06.30 01:02:12.075,1.63115,1.63205,1.60,1.60
2009.06.30 01:02:12.425,1.63115,1.632,1.60,1.60
2009.06.30 01:02:13.165,1.63115,1.63205,1.60,1.60
2009.06.30 01:02:15.735,1.6311,1.632,1.60,3.20
2009.06.30 01:02:16.025,1.6311,1.632,1.60,6.40
2009.06.30 01:02:16.254,1.63105,1.63195,1.60,1.60
2009.06.30 01:02:16.465,1.63115,1.63195,1.60,1.60
2009.06.30 01:02:16.854,1.63115,1.632,1.60,1.60
2009.06.30 01:02:17.204,1.6312,1.63205,1.60,1.60
2009.06.30 01:02:17.554,1.6312,1.63215,1.60,1.60
2009.06.30 01:02:21.143,1.6311,1.63205,1.60,1.60
2009.06.30 01:02:23.053,1.63105,1.63205,3.20,4.80
2009.06.30 01:02:23.293,1.631,1.63195,3.20,3.20
2009.06.30 01:02:23.583,1.631,1.6319,1.60,1.60
2009.06.30 01:02:23.762,1.63105,1.6319,1.60,1.60
2009.06.30 01:02:23.923,1.63105,1.63195,1.60,1.60
2009.06.30 01:02:24.912,1.631,1.63195,1.60,4.80
2009.06.30 01:02:25.652,1.63105,1.6319,1.60,1.60
2009.06.30 01:02:25.882,1.631,1.6319,1.60,1.60
2009.06.30 01:02:26.392,1.631,1.6319,3.20,1.60
2009.06.30 01:02:26.622,1.631,1.6319,1.60,1.60
2009.06.30 01:02:31.301,1.631,1.63185,1.60,3.20
2009.06.30 01:02:31.421,1.631,1.63185,1.60,4.80
2009.06.30 01:02:31.651,1.6309,1.6318,1.60,1.60
2009.06.30 01:02:33.580,1.631,1.6318,1.60,1.60
2009.06.30 01:02:34.360,1.631,1.63195,1.60,1.60
2009.06.30 01:02:35.750,1.63095,1.63195,3.20,1.60
2009.06.30 01:02:36.100,1.63095,1.6319,1.60,1.60
2009.06.30 01:02:36.490,1.63105,1.63195,1.60,1.60
2009.06.30 01:02:36.840,1.63105,1.632,1.60,1.60
2009.06.30 01:02:40.479,1.6311,1.632,1.60,1.60
2009.06.30 01:02:40.648,1.6312,1.632,1.60,1.60
2009.06.30 01:02:40.759,1.6312,1.6321,1.60,1.60
2009.06.30 01:02:41.458,1.6312,1.63215,1.60,1.60
2009.06.30 01:02:47.577,1.6312,1.63205,1.60,1.60
2009.06.30 01:02:48.077,1.6312,1.63215,1.60,1.60
2009.06.30 01:02:49.846,1.6312,1.63215,1.60,4.80
2009.06.30 01:02:49.966,1.63115,1.63215,1.60,4.80
2009.06.30 01:02:50.446,1.63115,1.6321,1.60,1.60
2009.06.30 01:02:50.666,1.63115,1.63205,1.60,1.60
2009.06.30 01:02:50.956,1.63115,1.6321,1.60,1.60
2009.06.30 01:03:01.013,1.6313,1.6321,1.60,1.60
2009.06.30 01:03:01.413,1.6312,1.6322,1.60,1.60
2009.06.30 01:03:02.223,1.6312,1.6322,1.60,1.60
2009.06.30 01:03:05.002,1.63115,1.63215,1.60,3.20
2009.06.30 01:03:05.482,1.63115,1.6321,1.60,1.60
2009.06.30 01:03:07.561,1.63115,1.63205,1.60,1.60
2009.06.30 01:03:11.610,1.6311,1.63205,3.20,1.60
2009.06.30 01:03:12.170,1.6311,1.632,1.60,1.60
2009.06.30 01:03:18.368,1.63115,1.6321,1.60,1.60
2009.06.30 01:03:18.699,1.63125,1.6321,1.60,1.60
2009.06.30 01:03:19.319,1.63125,1.63215,1.60,1.60
2009.06.30 01:03:24.477,1.63115,1.63215,3.20,4.80
2009.06.30 01:03:25.147,1.63115,1.6321,3.20,1.60
2009.06.30 01:03:27.357,1.6311,1.6321,5.20,4.80
2009.06.30 01:03:27.636,1.6311,1.6321,3.20,8.00
2009.06.30 01:03:27.796,1.6311,1.6321,3.20,4.80
2009.06.30 01:03:27.966,1.6311,1.63205,3.20,1.60
2009.06.30 01:03:28.126,1.6311,1.63205,1.60,1.60
2009.06.30 01:03:54.400,1.63115,1.63205,1.60,1.60
2009.06.30 01:03:54.950,1.63115,1.6321,1.60,1.60
2009.06.30 01:03:56.250,1.63115,1.6321,3.20,1.60
2009.06.30 01:03:56.589,1.63125,1.6321,1.60,6.40
2009.06.30 01:03:56.939,1.63125,1.6321,1.60,8.00
2009.06.30 01:03:57.159,1.6312,1.63205,1.60,1.60
2009.06.30 01:04:05.897,1.63115,1.63205,3.20,1.60
2009.06.30 01:04:06.307,1.63125,1.6321,1.60,1.60
2009.06.30 01:04:09.956,1.63125,1.63205,1.60,1.60
2009.06.30 01:04:11.906,1.63125,1.6321,1.60,1.60
2009.06.30 01:04:14.845,1.63125,1.6321,1.60,1.60
2009.06.30 01:04:15.285,1.6313,1.63215,1.60,1.60
2009.06.30 01:04:16.085,1.6313,1.63215,1.60,4.80
2009.06.30 01:04:16.775,1.63125,1.63215,1.60,4.80
2009.06.30 01:04:17.464,1.63125,1.6321,1.60,1.60
2009.06.30 01:04:33.621,1.63125,1.6321,1.60,1.60
2009.06.30 01:04:34.091,1.63125,1.63215,3.20,1.60
2009.06.30 01:04:34.380,1.6313,1.63215,1.60,1.60
2009.06.30 01:04:41.899,1.6313,1.63215,1.60,4.80
2009.06.30 01:04:42.249,1.63125,1.6321,1.60,1.60
2009.06.30 01:04:43.098,1.63125,1.63205,1.60,1.60
2009.06.30 01:04:44.418,1.6312,1.632,1.60,1.60
2009.06.30 01:04:50.967,1.6312,1.632,1.60,3.20
2009.06.30 01:04:51.137,1.6312,1.632,1.60,4.80
2009.06.30 01:04:51.486,1.6312,1.63195,1.60,4.80
2009.06.30 01:04:51.836,1.6311,1.6319,1.60,1.60
2009.06.30 01:04:52.216,1.63105,1.6319,1.60,1.60
2009.06.30 01:04:52.866,1.63105,1.63195,1.60,4.80
2009.06.30 01:04:53.386,1.63105,1.63195,1.60,1.60
2009.06.30 01:04:53.766,1.63105,1.63195,1.60,4.80
2009.06.30 01:04:54.156,1.63105,1.6319,1.60,1.60
2009.06.30 01:04:56.245,1.63105,1.63195,3.20,1.60
2009.06.30 01:04:57.665,1.6311,1.63195,1.60,1.60
2009.06.30 01:04:58.065,1.6311,1.632,3.20,1.60
2009.06.30 01:04:58.485,1.6312,1.632,1.60,1.60
2009.06.30 01:04:59.634,1.63115,1.632,1.60,1.60
2009.06.30 01:04:59.914,1.63115,1.63195,1.60,1.60
2009.06.30 01:05:00.494,1.6311,1.63195,1.60,1.60
2009.06.30 01:05:00.714,1.6311,1.63205,3.20,1.60
2009.06.30 01:05:00.944,1.6312,1.63205,1.60,1.60
2009.06.30 01:05:01.404,1.63115,1.632,1.60,1.60
2009.06.30 01:05:01.754,1.6311,1.63205,3.20,1.60
2009.06.30 01:05:02.394,1.63115,1.63205,1.60,1.60
2009.06.30 01:05:02.904,1.63125,1.63205,1.60,1.60
2009.06.30 01:05:03.943,1.63125,1.6321,1.60,1.60
2009.06.30 01:05:19.559,1.63125,1.6321,1.60,1.60
2009.06.30 01:05:23.488,1.63125,1.63215,1.60,4.80
2009.06.30 01:05:31.507,1.63115,1.63215,3.20,4.80
2009.06.30 01:05:36.575,1.63125,1.63215,1.60,1.60
2009.06.30 01:05:37.086,1.63125,1.6322,1.60,8.00
2009.06.30 01:05:37.445,1.63125,1.6322,3.20,8.00
2009.06.30 01:05:37.615,1.63125,1.6322,3.20,4.80
2009.06.30 01:05:40.155,1.6313,1.6322,1.60,1.60
2009.06.30 01:05:40.385,1.63135,1.63225,1.60,4.80
2009.06.30 01:05:48.463,1.63135,1.63225,1.60,1.60
2009.06.30 01:05:48.982,1.6314,1.6323,1.60,4.80
2009.06.30 01:05:53.182,1.6314,1.6323,1.60,3.20
2009.06.30 01:05:53.292,1.6314,1.6323,1.60,4.80
2009.06.30 01:05:53.531,1.6314,1.6323,1.60,6.40
2009.06.30 01:05:53.831,1.6314,1.6323,1.60,3.20
2009.06.30 01:05:54.111,1.6314,1.63225,1.60,3.20
2009.06.30 01:05:54.811,1.63135,1.63225,1.60,4.80
2009.06.30 01:05:55.211,1.6313,1.63225,1.60,4.80
2009.06.30 01:05:55.391,1.6312,1.63225,3.20,4.80
2009.06.30 01:05:55.791,1.63125,1.63215,1.60,3.20
2009.06.30 01:05:56.071,1.63115,1.63215,3.20,3.20
2009.06.30 01:05:56.411,1.6312,1.63225,3.20,4.80
2009.06.30 01:06:01.350,1.63125,1.63215,1.60,3.20
2009.06.30 01:06:01.699,1.6312,1.63215,1.60,4.80
2009.06.30 01:06:10.917,1.6312,1.63215,1.60,4.80
2009.06.30 01:06:11.457,1.6312,1.6321,1.60,3.20
2009.06.30 01:06:12.547,1.6312,1.6321,1.60,1.60
2009.06.30 01:06:12.877,1.63125,1.6322,1.60,8.00
2009.06.30 01:06:21.324,1.63125,1.63215,1.60,3.20
2009.06.30 01:06:21.615,1.63125,1.6321,1.60,1.60
2009.06.30 01:06:21.844,1.63125,1.6321,1.60,3.20
2009.06.30 01:06:22.134,1.6312,1.6321,1.60,4.80
2009.06.30 01:06:23.734,1.6312,1.6321,1.60,3.20
2009.06.30 01:06:23.854,1.63125,1.6321,1.60,1.60
2009.06.30 01:06:24.014,1.6313,1.63215,1.60,1.60
2009.06.30 01:06:25.644,1.6313,1.6322,1.60,1.60
2009.06.30 01:06:25.933,1.6313,1.63215,1.60,1.60
2009.06.30 01:06:26.043,1.6313,1.6322,1.60,1.60
2009.06.30 01:06:28.263,1.6313,1.6322,1.60,1.60
2009.06.30 01:06:29.852,1.6313,1.6322,1.60,1.60
2009.06.30 01:06:33.182,1.63135,1.63225,1.60,4.80
2009.06.30 01:06:33.641,1.6313,1.6322,1.60,1.60
2009.06.30 01:06:35.051,1.6313,1.6322,1.60,4.80
2009.06.30 01:06:35.112,1.6313,1.63215,1.60,1.60
2009.06.30 01:06:35.341,1.6313,1.63215,1.60,1.60
2009.06.30 01:06:35.981,1.6313,1.6322,1.60,1.60
2009.06.30 01:06:36.441,1.6313,1.63195,1.60,3.20
2009.06.30 01:06:36.791,1.63125,1.63195,1.60,4.80
2009.06.30 01:06:37.481,1.6312,1.63185,3.20,1.60
2009.06.30 01:06:37.771,1.6313,1.6319,1.60,1.60
2009.06.30 01:06:40.960,1.6313,1.6319,1.80,1.60
2009.06.30 01:06:41.010,1.6313,1.6319,3.40,1.60
2009.06.30 01:06:46.129,1.6313,1.63185,1.60,1.60
2009.06.30 01:06:46.589,1.63135,1.6319,1.60,1.60
2009.06.30 01:06:46.989,1.6314,1.6319,1.60,1.60
2009.06.30 01:06:47.379,1.63145,1.63195,1.60,1.60
2009.06.30 01:06:49.528,1.63145,1.6319,1.60,3.20
2009.06.30 01:06:49.828,1.63145,1.6319,1.60,4.80
2009.06.30 01:06:50.108,1.63145,1.63185,1.60,3.20
2009.06.30 01:06:50.557,1.6313,1.63185,1.60,4.80
2009.06.30 01:06:52.807,1.6313,1.63185,1.60,1.60
2009.06.30 01:06:53.037,1.6313,1.63185,3.40,1.60
2009.06.30 01:06:53.327,1.6313,1.6319,3.40,1.60
2009.06.30 01:06:59.475,1.6313,1.63185,3.40,3.20
2009.06.30 01:06:59.705,1.6313,1.63185,1.60,3.20
2009.06.30 01:07:00.055,1.6313,1.63185,1.60,4.80
2009.06.30 01:07:08.103,1.6313,1.6318,1.60,3.20
2009.06.30 01:07:08.743,1.63125,1.6318,1.60,4.80
2009.06.30 01:07:09.013,1.63125,1.63175,1.60,3.20
2009.06.30 01:07:09.523,1.63125,1.6317,1.60,1.60
2009.06.30 01:07:10.033,1.6312,1.6317,1.60,1.60
2009.06.30 01:07:10.503,1.6311,1.6317,3.40,1.60
2009.06.30 01:07:10.853,1.63105,1.6317,3.20,1.60
2009.06.30 01:07:11.143,1.6312,1.63175,1.80,1.60
2009.06.30 01:07:18.771,1.6312,1.6318,3.40,4.80
2009.06.30 01:07:18.891,1.6312,1.63175,1.80,1.60
2009.06.30 01:07:43.345,1.6313,1.63185,1.00,4.80
2009.06.30 01:07:43.505,1.6313,1.63185,1.80,1.60
2009.06.30 01:07:43.735,1.6313,1.6319,1.80,4.80
2009.06.30 01:07:49.074,1.6312,1.6319,5.20,1.60
2009.06.30 01:07:49.133,1.63135,1.6319,1.80,1.60
2009.06.30 01:07:49.424,1.63135,1.6319,1.60,1.60
2009.06.30 01:07:49.484,1.63115,1.6319,5.20,1.60
2009.06.30 01:07:49.543,1.63125,1.63195,3.40,4.80
2009.06.30 01:07:51.153,1.63125,1.63195,3.20,1.60
2009.06.30 01:07:51.393,1.6314,1.632,1.80,4.80
2009.06.30 01:07:53.153,1.6314,1.632,2.00,1.60
2009.06.30 01:07:53.442,1.6315,1.63205,1.80,1.60
2009.06.30 01:07:53.733,1.6315,1.6321,1.60,1.60
2009.06.30 01:07:54.143,1.63145,1.63215,3.20,1.60
2009.06.30 01:07:54.433,1.6316,1.6321,1.80,1.60
2009.06.30 01:07:54.652,1.6316,1.63215,1.80,1.60
2009.06.30 01:07:55.072,1.6316,1.63215,1.00,1.60
2009.06.30 01:07:55.302,1.63155,1.63215,1.60,4.80
2009.06.30 01:07:55.532,1.63145,1.6321,3.20,1.60
2009.06.30 01:07:55.752,1.63155,1.63215,1.60,1.60
2009.06.30 01:07:56.272,1.6315,1.6321,1.60,1.60
2009.06.30 01:07:58.231,1.6315,1.63205,1.80,4.80
2009.06.30 01:07:58.981,1.6315,1.63205,1.80,1.60
2009.06.30 01:07:59.432,1.6314,1.6321,3.60,1.60
2009.06.30 01:07:59.951,1.6315,1.6321,1.80,4.80
2009.06.30 01:08:00.461,1.6315,1.63205,1.80,1.60
2009.06.30 01:08:05.680,1.6314,1.63205,3.60,1.60
2009.06.30 01:08:06.010,1.6314,1.6321,3.60,1.60
2009.06.30 01:08:08.729,1.6315,1.6321,1.80,4.80
2009.06.30 01:08:09.219,1.6314,1.6321,3.60,1.60
2009.06.30 01:08:09.279,1.6314,1.63205,3.60,1.60
2009.06.30 01:08:09.628,1.6314,1.6321,3.60,1.60
2009.06.30 01:08:11.558,1.63155,1.6321,1.60,1.60
2009.06.30 01:08:11.958,1.63155,1.6321,1.80,1.60
2009.06.30 01:08:12.298,1.63155,1.63215,1.80,1.60
2009.06.30 01:08:13.158,1.63135,1.63215,5.20,4.80
2009.06.30 01:08:13.388,1.63145,1.6321,1.60,3.20
2009.06.30 01:08:13.828,1.63135,1.632,1.80,3.20
2009.06.30 01:08:14.178,1.6314,1.632,1.80,4.80
2009.06.30 01:08:17.397,1.63135,1.632,1.60,1.60
2009.06.30 01:08:17.567,1.6314,1.632,3.60,1.60
2009.06.30 01:08:17.787,1.6314,1.63205,3.60,1.60
2009.06.30 01:08:18.127,1.6314,1.6321,3.60,1.60
2009.06.30 01:08:18.306,1.6314,1.6321,3.60,4.80
2009.06.30 01:08:22.465,1.6314,1.63195,1.80,3.20
2009.06.30 01:08:22.566,1.6314,1.6319,1.80,1.60
2009.06.30 01:08:23.245,1.6313,1.6319,3.60,1.60
2009.06.30 01:08:23.475,1.63145,1.6319,1.00,1.60
2009.06.30 01:08:23.905,1.63145,1.6319,1.80,1.60
2009.06.30 01:08:24.145,1.63135,1.63205,3.60,1.60
2009.06.30 01:08:24.485,1.6314,1.6321,3.60,4.80
2009.06.30 01:08:24.765,1.6315,1.63205,1.80,3.20
2009.06.30 01:08:24.945,1.6315,1.63205,1.80,4.80
2009.06.30 01:08:26.235,1.6314,1.63205,3.60,1.60
2009.06.30 01:08:26.744,1.6314,1.6321,3.60,4.80
2009.06.30 01:08:29.394,1.6315,1.63205,1.80,3.20
2009.06.30 01:08:29.834,1.6314,1.63205,3.60,1.60
2009.06.30 01:08:30.224,1.6314,1.6321,3.60,4.80
2009.06.30 01:08:38.142,1.6315,1.63205,1.80,3.20
2009.06.30 01:08:38.372,1.6315,1.63195,1.00,3.20
2009.06.30 01:08:38.661,1.6314,1.63195,1.80,4.80
2009.06.30 01:08:39.631,1.6314,1.6319,1.80,3.20
2009.06.30 01:08:39.961,1.6313,1.6319,1.80,3.20
2009.06.30 01:08:40.241,1.6313,1.63185,1.80,1.60
2009.06.30 01:08:42.131,1.63115,1.63185,1.60,1.60
2009.06.30 01:08:43.750,1.6312,1.63185,1.60,1.60
2009.06.30 01:08:46.240,1.6312,1.6319,1.60,3.20
2009.06.30 01:08:46.600,1.6312,1.6319,1.60,4.80
2009.06.30 01:08:46.960,1.6312,1.63195,3.60,4.80
2009.06.30 01:08:47.299,1.6312,1.6319,1.60,3.20
2009.06.30 01:08:47.620,1.6312,1.6319,3.60,1.60
2009.06.30 01:08:49.689,1.63115,1.6319,1.60,8.00
2009.06.30 01:08:50.159,1.63115,1.63185,1.60,1.60
2009.06.30 01:08:50.559,1.6311,1.63185,3.60,4.80
2009.06.30 01:08:51.089,1.6311,1.6318,3.60,1.60
2009.06.30 01:08:53.868,1.63115,1.6318,1.60,1.60
2009.06.30 01:08:54.328,1.63125,1.63185,1.60,1.60
2009.06.30 01:08:54.618,1.63125,1.6321,1.60,4.80
2009.06.30 01:08:57.857,1.6312,1.63195,3.60,3.20
2009.06.30 01:08:58.367,1.6312,1.63195,3.60,4.80
2009.06.30 01:09:00.336,1.63125,1.63195,1.60,1.60
2009.06.30 01:09:00.556,1.63125,1.632,1.60,8.00
2009.06.30 01:09:14.913,1.63135,1.632,1.60,1.60
2009.06.30 01:09:14.963,1.6313,1.632,3.60,4.80
2009.06.30 01:09:15.243,1.6313,1.632,1.60,4.80
2009.06.30 01:09:16.872,1.6313,1.63195,1.60,1.60
2009.06.30 01:09:17.682,1.6313,1.63195,3.60,1.60
2009.06.30 01:09:17.862,1.63135,1.632,1.60,1.60
2009.06.30 01:09:18.512,1.63135,1.63205,1.60,1.60
2009.06.30 01:09:19.742,1.63135,1.632,1.60,1.60
2009.06.30 01:09:20.611,1.63135,1.63205,1.60,1.60
2009.06.30 01:09:21.081,1.63135,1.632,1.60,1.60
2009.06.30 01:09:21.581,1.63135,1.63205,1.60,1.60
2009.06.30 01:09:30.669,1.6313,1.632,3.60,1.60
2009.06.30 01:09:30.729,1.6313,1.632,2.00,1.60
2009.06.30 01:09:30.969,1.6313,1.632,1.60,1.60
2009.06.30 01:09:31.669,1.6313,1.63195,1.60,1.60
2009.06.30 01:09:34.628,1.6313,1.632,1.60,1.60
2009.06.30 01:09:35.608,1.63135,1.632,1.60,1.60
2009.06.30 01:09:36.358,1.63135,1.63205,1.60,1.60
2009.06.30 01:09:37.048,1.6313,1.63205,3.60,4.80
2009.06.30 01:09:37.287,1.6313,1.63205,1.60,4.80
2009.06.30 01:09:37.668,1.63135,1.632,1.60,1.60
2009.06.30 01:09:38.018,1.63135,1.63205,1.60,1.60
2009.06.30 01:09:38.707,1.6314,1.63205,1.60,1.60
2009.06.30 01:09:39.047,1.6314,1.6321,1.60,1.60
2009.06.30 01:09:41.656,1.63135,1.6321,1.60,4.80
2009.06.30 01:09:42.076,1.63135,1.63205,1.60,1.60
2009.06.30 01:09:50.124,1.63135,1.632,1.60,1.60
2009.06.30 01:09:51.454,1.6314,1.632,1.60,1.60
2009.06.30 01:09:51.674,1.63135,1.632,1.60,1.60
2009.06.30 01:09:52.554,1.6314,1.63205,1.60,1.60
2009.06.30 01:09:53.174,1.6314,1.63205,3.20,1.60
2009.06.30 01:09:53.404,1.63145,1.63205,1.60,1.60
2009.06.30 01:09:53.984,1.6314,1.6321,1.60,1.60
2009.06.30 01:09:54.263,1.6314,1.63205,3.60,1.60
2009.06.30 01:09:56.663,1.6314,1.63205,1.60,1.60
2009.06.30 01:09:58.662,1.6314,1.6321,1.60,1.60
2009.06.30 01:10:03.051,1.6314,1.63205,1.60,1.60
2009.06.30 01:10:03.791,1.63135,1.63205,1.60,1.60
2009.06.30 01:10:04.371,1.63135,1.632,1.60,1.60
2009.06.30 01:10:04.661,1.63135,1.63205,1.60,1.60
2009.06.30 01:10:07.150,1.63125,1.632,3.20,6.40
2009.06.30 01:10:07.730,1.63125,1.63195,1.60,1.60
2009.06.30 01:10:08.061,1.6312,1.63195,3.60,4.80
2009.06.30 01:10:08.680,1.6312,1.6319,3.60,1.60
2009.06.30 01:10:10.129,1.63125,1.6319,1.60,1.60
2009.06.30 01:10:10.600,1.6314,1.63195,1.80,1.60
2009.06.30 01:10:11.429,1.6314,1.632,1.80,4.80
2009.06.30 01:10:11.669,1.63125,1.632,1.60,8.00
2009.06.30 01:10:14.239,1.6312,1.63195,5.20,3.20
2009.06.30 01:10:14.529,1.6312,1.6319,3.60,1.60
2009.06.30 01:10:14.759,1.6312,1.63195,3.60,4.80
2009.06.30 01:10:16.049,1.6313,1.63195,1.80,4.80
2009.06.30 01:10:16.398,1.6312,1.63195,3.40,4.80
2009.06.30 01:10:16.748,1.6311,1.6319,3.60,3.20
2009.06.30 01:10:17.138,1.6311,1.6319,3.60,4.80
2009.06.30 01:10:19.847,1.6312,1.6319,1.60,4.80
2009.06.30 01:10:19.967,1.6312,1.6319,3.60,1.60
2009.06.30 01:10:20.208,1.6312,1.63195,3.60,4.80
2009.06.30 01:10:22.186,1.6312,1.6319,1.60,3.20
2009.06.30 01:10:27.665,1.6312,1.6319,1.60,4.80
2009.06.30 01:10:28.715,1.6312,1.6319,1.60,3.20
2009.06.30 01:10:33.514,1.6312,1.6319,1.60,4.80
2009.06.30 01:10:33.864,1.6312,1.6319,1.60,3.20
2009.06.30 01:10:38.163,1.6312,1.6319,3.20,1.60
2009.06.30 01:10:38.323,1.6312,1.63195,3.60,4.80
2009.06.30 01:10:38.673,1.6312,1.6319,1.60,3.20
2009.06.30 01:10:41.132,1.63115,1.6319,3.20,6.40
2009.06.30 01:10:41.642,1.63115,1.63185,1.60,1.60
2009.06.30 01:10:42.112,1.63115,1.6318,1.60,3.20
2009.06.30 01:10:42.462,1.6312,1.6318,1.00,3.20
2009.06.30 01:10:42.763,1.6311,1.63165,1.00,1.60
2009.06.30 01:10:43.102,1.63095,1.6317,1.60,1.60
2009.06.30 01:10:43.492,1.6311,1.6317,1.80,1.60
2009.06.30 01:10:44.191,1.6311,1.63165,1.80,3.20
2009.06.30 01:10:44.591,1.63085,1.6316,3.60,1.60
2009.06.30 01:10:44.711,1.63085,1.63165,3.60,4.80
2009.06.30 01:10:45.001,1.631,1.63165,1.60,1.60
2009.06.30 01:10:45.281,1.631,1.6317,1.60,1.60
2009.06.30 01:10:45.641,1.6311,1.63175,1.80,4.80
2009.06.30 01:10:46.061,1.6311,1.63175,1.00,4.80
2009.06.30 01:10:46.411,1.6311,1.63175,1.80,4.80
2009.06.30 01:10:46.801,1.63085,1.63165,3.60,3.20
2009.06.30 01:10:47.211,1.63085,1.63165,3.60,4.80
2009.06.30 01:10:47.611,1.63095,1.63165,1.60,1.60
2009.06.30 01:10:47.910,1.631,1.6317,1.60,1.60
2009.06.30 01:10:48.940,1.63105,1.6317,1.60,1.60
2009.06.30 01:10:49.410,1.63105,1.63175,1.60,1.60
2009.06.30 01:10:50.980,1.631,1.63175,3.60,4.80
2009.06.30 01:10:51.390,1.631,1.6317,3.60,1.60
2009.06.30 01:10:51.570,1.631,1.6317,2.00,1.60
2009.06.30 01:10:51.739,1.631,1.6317,1.60,1.60
2009.06.30 01:10:52.549,1.63095,1.63165,1.60,3.20
2009.06.30 01:10:52.949,1.63095,1.63165,1.60,4.80
2009.06.30 01:10:53.299,1.631,1.63165,1.60,1.60
2009.06.30 01:10:53.979,1.6311,1.63165,1.80,4.80
2009.06.30 01:10:56.628,1.6309,1.6316,2.00,1.60
2009.06.30 01:10:56.908,1.63085,1.6316,3.20,4.80
2009.06.30 01:10:57.189,1.63085,1.63155,1.60,1.60
2009.06.30 01:10:58.348,1.6308,1.63155,3.60,1.60
2009.06.30 01:10:58.698,1.6308,1.6316,3.60,1.60
2009.06.30 01:10:58.928,1.6308,1.6316,1.60,1.60
2009.06.30 01:11:02.298,1.6307,1.6314,3.60,1.60
2009.06.30 01:11:02.587,1.63085,1.6314,1.60,1.60
2009.06.30 01:11:02.927,1.63085,1.6315,1.60,1.60
2009.06.30 01:11:03.277,1.63085,1.63165,1.60,1.60
2009.06.30 01:11:04.377,1.6308,1.63165,3.60,4.80
2009.06.30 01:11:04.556,1.6308,1.63165,3.60,3.20
2009.06.30 01:11:04.837,1.6308,1.6316,3.60,1.60
2009.06.30 01:11:05.006,1.6309,1.6316,1.80,4.80
2009.06.30 01:11:05.386,1.63065,1.6316,3.60,4.80
2009.06.30 01:11:05.616,1.63075,1.63155,1.60,1.60
2009.06.30 01:11:05.916,1.63075,1.63155,3.60,1.60
2009.06.30 01:11:06.196,1.63075,1.6316,3.60,1.60
2009.06.30 01:11:08.155,1.63085,1.6316,1.60,1.60
2009.06.30 01:11:08.455,1.63085,1.63165,1.60,1.60
2009.06.30 01:11:09.205,1.6308,1.63165,1.60,3.20
2009.06.30 01:11:09.715,1.6308,1.63165,3.60,3.20
2009.06.30 01:11:09.945,1.6308,1.63165,1.60,3.20
2009.06.30 01:11:10.175,1.6308,1.6316,1.60,1.60
2009.06.30 01:11:16.384,1.6308,1.6315,1.80,3.20
2009.06.30 01:11:16.603,1.63065,1.6315,1.60,3.20
2009.06.30 01:11:16.824,1.6308,1.6315,1.80,4.80
2009.06.30 01:11:17.163,1.63065,1.6315,1.60,4.80
2009.06.30 01:11:18.203,1.63065,1.6314,1.60,3.20
2009.06.30 01:11:18.483,1.6307,1.63145,1.60,3.20
2009.06.30 01:11:18.703,1.6307,1.6314,1.60,1.60
2009.06.30 01:11:18.873,1.6307,1.63145,1.60,4.80
2009.06.30 01:11:20.383,1.63065,1.6314,1.60,3.20
2009.06.30 01:11:20.672,1.63065,1.6314,1.60,4.80
2009.06.30 01:11:24.052,1.63065,1.6314,1.60,6.40
2009.06.30 01:11:24.282,1.63065,1.6314,1.60,8.00
2009.06.30 01:11:24.572,1.63065,1.63135,1.60,1.60
2009.06.30 01:11:25.042,1.6306,1.63135,3.60,4.80
2009.06.30 01:11:25.272,1.6306,1.63135,1.60,4.80
2009.06.30 01:11:25.881,1.6306,1.6313,1.60,1.60
2009.06.30 01:11:27.681,1.63065,1.63135,1.60,1.60
2009.06.30 01:11:29.801,1.6307,1.63135,1.60,1.60
2009.06.30 01:11:30.201,1.63085,1.63145,1.60,1.60
2009.06.30 01:11:30.480,1.63085,1.6315,1.60,1.60
2009.06.30 01:11:30.650,1.63085,1.63165,1.60,4.80
2009.06.30 01:11:31.390,1.63095,1.63165,1.60,1.60
2009.06.30 01:11:32.760,1.6311,1.63165,3.60,1.60
2009.06.30 01:11:33.110,1.6311,1.6318,3.60,1.60
2009.06.30 01:11:33.460,1.63115,1.63185,1.60,1.60
2009.06.30 01:11:33.960,1.6312,1.63185,1.60,1.60
2009.06.30 01:11:34.290,1.6312,1.63185,3.60,1.60
2009.06.30 01:11:34.529,1.6312,1.63195,3.60,4.80
2009.06.30 01:11:34.819,1.6312,1.6319,3.60,1.60
2009.06.30 01:11:35.729,1.6312,1.63195,3.60,4.80
2009.06.30 01:11:36.429,1.6312,1.6319,3.60,1.60
2009.06.30 01:11:36.769,1.6312,1.63195,3.60,4.80
2009.06.30 01:11:37.639,1.6313,1.63185,1.80,3.20
2009.06.30 01:11:37.929,1.63115,1.63185,1.60,3.20
2009.06.30 01:11:38.209,1.6311,1.6318,1.60,1.60
2009.06.30 01:11:38.728,1.63105,1.6318,1.60,4.80
2009.06.30 01:11:39.428,1.63095,1.63175,3.20,1.60
2009.06.30 01:11:39.718,1.63095,1.63175,1.60,1.60
2009.06.30 01:11:40.048,1.63095,1.6317,1.60,4.80
2009.06.30 01:11:40.438,1.63105,1.6317,1.60,1.60
2009.06.30 01:11:40.768,1.63105,1.63175,1.60,1.60
2009.06.30 01:11:41.807,1.631,1.63175,3.60,4.80
2009.06.30 01:11:42.208,1.63095,1.6317,1.60,4.80
2009.06.30 01:11:42.497,1.63095,1.63165,1.60,1.60
2009.06.30 01:11:48.086,1.6307,1.63145,1.60,4.80
2009.06.30 01:11:48.786,1.6307,1.63145,3.60,4.80
2009.06.30 01:11:49.436,1.63075,1.63145,1.60,1.60
2009.06.30 01:11:50.125,1.63075,1.6315,1.60,4.80
2009.06.30 01:11:57.484,1.6307,1.63145,3.60,3.20
2009.06.30 01:11:57.784,1.6307,1.63145,3.60,4.80
2009.06.30 01:11:58.064,1.6307,1.6314,3.60,1.60
2009.06.30 01:12:02.392,1.63085,1.6316,1.60,4.80
2009.06.30 01:12:03.122,1.63085,1.6316,1.60,4.80
2009.06.30 01:12:03.642,1.63075,1.6316,1.60,4.80
2009.06.30 01:12:03.982,1.63075,1.6316,1.60,8.00
2009.06.30 01:12:04.452,1.63075,1.6315,1.60,3.20
2009.06.30 01:12:04.622,1.63075,1.6315,1.60,4.80
2009.06.30 01:12:05.772,1.63075,1.6315,1.60,1.60
2009.06.30 01:12:06.422,1.63075,1.63155,1.60,1.60
2009.06.30 01:12:08.831,1.631,1.63165,1.80,3.20
2009.06.30 01:12:09.171,1.631,1.63155,1.00,3.20
2009.06.30 01:12:09.351,1.6307,1.63155,1.60,3.20
2009.06.30 01:12:09.651,1.6307,1.63155,3.20,3.20
2009.06.30 01:12:09.881,1.6307,1.63155,3.60,4.80
2009.06.30 01:12:10.561,1.6309,1.6315,1.80,3.20
2009.06.30 01:12:10.731,1.63075,1.6315,1.60,3.20
2009.06.30 01:12:11.221,1.63075,1.6315,1.60,4.80
2009.06.30 01:12:11.341,1.6308,1.6315,1.60,1.60
2009.06.30 01:12:11.510,1.63085,1.6315,1.60,1.60
2009.06.30 01:12:12.020,1.6308,1.63155,1.60,4.80
2009.06.30 01:12:12.620,1.63075,1.6315,1.60,3.20
2009.06.30 01:12:12.970,1.63075,1.6315,1.60,4.80
2009.06.30 01:12:14.100,1.6308,1.6315,1.60,1.60
2009.06.30 01:12:14.459,1.6308,1.6315,3.60,1.60
2009.06.30 01:12:14.799,1.6308,1.63155,3.60,4.80
2009.06.30 01:12:15.310,1.63085,1.63155,1.60,1.60
2009.06.30 01:12:16.059,1.63085,1.6316,1.60,4.80
2009.06.30 01:12:16.869,1.6308,1.63155,5.20,3.20
2009.06.30 01:12:17.109,1.6308,1.63155,3.60,4.80
2009.06.30 01:12:17.449,1.6308,1.63155,5.20,3.20
2009.06.30 01:12:17.909,1.6308,1.63155,3.60,4.80
2009.06.30 01:12:26.247,1.6309,1.63155,1.80,4.80
2009.06.30 01:12:26.937,1.63095,1.63155,1.60,4.80
2009.06.30 01:12:38.324,1.63085,1.63145,1.60,4.80
2009.06.30 01:12:38.674,1.6308,1.6314,3.40,1.60
2009.06.30 01:12:40.214,1.63085,1.63145,1.60,1.60
2009.06.30 01:12:47.642,1.6309,1.63145,1.60,1.60
2009.06.30 01:12:47.962,1.63095,1.63155,1.60,4.80
2009.06.30 01:12:50.461,1.63095,1.63145,1.60,3.20
2009.06.30 01:12:50.811,1.6308,1.6314,3.40,1.60
2009.06.30 01:12:54.060,1.6307,1.6313,1.80,1.60
2009.06.30 01:12:54.420,1.63075,1.6313,1.60,1.60
2009.06.30 01:12:54.800,1.63075,1.63135,1.60,4.80
2009.06.30 01:12:59.109,1.63075,1.6313,1.60,3.20
2009.06.30 01:12:59.409,1.63075,1.6313,1.60,4.80
2009.06.30 01:12:59.469,1.63075,1.6313,1.60,6.40
2009.06.30 01:12:59.629,1.63075,1.6313,1.60,8.00
2009.06.30 01:12:59.749,1.6307,1.6313,1.60,8.00
2009.06.30 01:13:05.078,1.6307,1.6313,1.60,4.80
2009.06.30 01:13:05.257,1.63075,1.6313,1.60,1.60
2009.06.30 01:13:05.527,1.63075,1.63135,1.60,4.80
2009.06.30 01:13:05.757,1.63075,1.6313,1.60,3.20
2009.06.30 01:13:06.107,1.63075,1.6313,1.60,4.80
2009.06.30 01:13:06.457,1.6307,1.6313,3.40,4.80
2009.06.30 01:13:07.957,1.6308,1.6313,1.60,1.60
2009.06.30 01:13:08.077,1.6308,1.6313,3.20,1.60
2009.06.30 01:13:08.197,1.63085,1.6313,1.60,1.60
2009.06.30 01:13:08.477,1.6309,1.63165,1.60,1.60
2009.06.30 01:13:08.717,1.6309,1.63165,3.60,1.60
2009.06.30 01:13:08.837,1.6309,1.6317,3.60,1.60
2009.06.30 01:13:09.007,1.6309,1.63175,3.60,4.80
2009.06.30 01:13:09.116,1.631,1.6317,1.80,3.20
2009.06.30 01:13:09.576,1.63085,1.6316,3.20,3.20
2009.06.30 01:13:09.687,1.63085,1.6316,1.60,4.80
2009.06.30 01:13:11.616,1.631,1.6316,1.60,4.80
2009.06.30 01:13:12.006,1.6309,1.6316,3.60,1.60
2009.06.30 01:13:12.346,1.6309,1.63165,3.60,4.80
2009.06.30 01:13:25.013,1.6309,1.63165,2.00,4.80
2009.06.30 01:13:25.073,1.631,1.6316,1.00,3.20
2009.06.30 01:13:25.303,1.63085,1.6316,3.20,3.20
2009.06.30 01:13:25.632,1.63085,1.6316,1.60,4.80
2009.06.30 01:13:31.681,1.63085,1.6316,1.60,6.40
2009.06.30 01:13:31.911,1.6308,1.63155,3.20,3.20
2009.06.30 01:13:32.021,1.6308,1.63155,1.60,4.80
2009.06.30 01:13:37.120,1.63075,1.6315,1.60,3.20
2009.06.30 01:13:37.340,1.63075,1.6315,1.60,4.80
2009.06.30 01:13:37.509,1.63075,1.6315,1.60,6.40
2009.06.30 01:13:37.729,1.63075,1.63145,1.60,1.60
2009.06.30 01:13:38.719,1.63075,1.6314,1.60,3.20
2009.06.30 01:13:39.000,1.6307,1.6314,1.60,4.80
2009.06.30 01:13:41.339,1.6307,1.6314,1.60,6.40
2009.06.30 01:13:41.509,1.6307,1.63135,1.60,3.20
2009.06.30 01:13:42.358,1.6306,1.63135,3.20,4.80
2009.06.30 01:13:44.428,1.63065,1.6313,1.60,4.80
2009.06.30 01:13:44.818,1.63055,1.6313,3.20,4.80
2009.06.30 01:13:44.998,1.6306,1.63125,3.40,3.20
2009.06.30 01:13:45.158,1.6306,1.63125,1.60,3.20
2009.06.30 01:13:45.458,1.63055,1.63125,1.60,4.80
2009.06.30 01:13:45.628,1.6305,1.63125,1.60,4.80
2009.06.30 01:13:45.858,1.6306,1.63125,1.60,1.60
2009.06.30 01:13:46.128,1.6307,1.63125,1.60,1.60
2009.06.30 01:13:46.417,1.6307,1.6313,1.60,1.60
2009.06.30 01:13:46.887,1.6307,1.6314,1.60,1.60
2009.06.30 01:13:48.967,1.6307,1.6314,3.60,1.60
2009.06.30 01:13:49.477,1.6307,1.6314,1.60,1.60
2009.06.30 01:13:57.545,1.63085,1.6314,1.60,1.60
2009.06.30 01:13:58.125,1.63085,1.63145,1.60,1.60
2009.06.30 01:13:58.355,1.6308,1.63145,1.60,1.60
2009.06.30 01:13:58.575,1.6308,1.63155,1.60,1.60
2009.06.30 01:14:02.264,1.63095,1.63155,1.60,1.60
2009.06.30 01:14:02.554,1.63095,1.6316,1.60,1.60
2009.06.30 01:14:10.932,1.63095,1.6316,1.60,1.60
2009.06.30 01:14:11.452,1.631,1.63155,1.60,1.60
2009.06.30 01:14:11.971,1.631,1.6316,1.60,1.60
2009.06.30 01:14:18.240,1.6311,1.63165,1.60,1.60
2009.06.30 01:14:18.740,1.6311,1.63175,1.60,1.60
2009.06.30 01:14:19.040,1.63125,1.6318,1.60,1.60
2009.06.30 01:14:19.371,1.63135,1.6319,1.60,1.60
2009.06.30 01:14:19.719,1.63135,1.63205,1.60,1.60
2009.06.30 01:14:20.449,1.63145,1.632,1.60,1.60
2009.06.30 01:14:20.749,1.6314,1.63205,3.40,1.60
2009.06.30 01:14:21.099,1.63125,1.632,1.60,1.60
2009.06.30 01:14:21.899,1.63125,1.6321,1.60,1.60
2009.06.30 01:14:23.049,1.6312,1.63205,1.60,3.20
2009.06.30 01:14:23.449,1.63125,1.63205,1.60,1.60
2009.06.30 01:14:23.679,1.63115,1.63195,1.60,1.60
2009.06.30 01:14:23.969,1.63115,1.632,3.20,1.60
2009.06.30 01:14:24.359,1.63115,1.632,1.60,1.60
2009.06.30 01:14:25.962,1.63125,1.63205,1.60,1.60
2009.06.30 01:14:26.778,1.63125,1.632,1.60,1.60
2009.06.30 01:14:29.857,1.6312,1.632,1.60,1.60
2009.06.30 01:14:30.557,1.6312,1.63195,1.60,1.60
2009.06.30 01:14:34.016,1.63115,1.6319,1.60,1.60
2009.06.30 01:14:34.246,1.63105,1.6319,3.20,1.60
2009.06.30 01:14:34.366,1.63105,1.6318,3.20,1.60
2009.06.30 01:14:34.526,1.6311,1.6317,1.60,3.20
2009.06.30 01:14:34.636,1.631,1.6317,1.60,3.20
2009.06.30 01:14:34.926,1.6309,1.6317,1.60,4.80
2009.06.30 01:14:51.712,1.631,1.6317,1.60,1.60
2009.06.30 01:14:52.892,1.6309,1.63165,5.20,3.20
2009.06.30 01:14:53.182,1.6309,1.63165,3.60,4.80
2009.06.30 01:14:53.531,1.6309,1.63165,2.00,4.80
2009.06.30 01:14:53.831,1.6309,1.63165,1.60,4.80
2009.06.30 01:14:54.681,1.6309,1.63165,3.20,4.80
2009.06.30 01:14:54.911,1.6309,1.63165,3.60,4.80
2009.06.30 01:14:55.081,1.6309,1.6316,3.60,1.60
2009.06.30 01:14:55.481,1.631,1.6316,1.80,4.80
2009.06.30 01:14:56.161,1.631,1.63155,1.80,1.60
2009.06.30 01:14:57.411,1.63075,1.63155,3.20,4.80
2009.06.30 01:14:58.100,1.63075,1.6315,1.60,3.20
2009.06.30 01:14:58.550,1.63065,1.63145,1.60,1.60
2009.06.30 01:14:59.080,1.6308,1.63145,1.60,1.60
2009.06.30 01:14:59.430,1.6308,1.63145,1.80,1.60
2009.06.30 01:14:59.770,1.63065,1.63145,1.60,1.60
2009.06.30 01:15:01.479,1.63075,1.63145,1.60,1.60
2009.06.30 01:15:01.929,1.63075,1.6315,1.60,4.80
2009.06.30 01:15:02.789,1.6308,1.6315,1.80,4.80
2009.06.30 01:15:03.239,1.63065,1.63145,3.20,1.60
2009.06.30 01:15:03.469,1.63065,1.63145,1.60,1.60
2009.06.30 01:15:03.809,1.63075,1.63145,1.60,1.60
2009.06.30 01:15:04.249,1.6308,1.63155,1.60,4.80
2009.06.30 01:15:04.599,1.63085,1.63155,1.60,1.60
2009.06.30 01:15:04.899,1.63085,1.6316,1.60,1.60
2009.06.30 01:15:05.069,1.63085,1.63165,1.60,4.80
2009.06.30 01:15:05.239,1.63075,1.6316,3.20,3.20
2009.06.30 01:15:05.699,1.63075,1.6316,1.60,4.80
2009.06.30 01:15:06.098,1.63085,1.6316,1.60,4.80
2009.06.30 01:15:08.158,1.6309,1.6316,1.80,4.80
2009.06.30 01:15:08.678,1.63075,1.6316,1.60,4.80
2009.06.30 01:15:08.908,1.63085,1.6316,1.60,1.60
2009.06.30 01:15:09.827,1.6308,1.63155,1.60,3.20
2009.06.30 01:15:10.177,1.6308,1.63155,1.60,4.80
2009.06.30 01:15:11.717,1.6309,1.63155,1.60,1.60
2009.06.30 01:15:12.187,1.63095,1.6317,1.60,1.60
2009.06.30 01:15:12.417,1.63095,1.63175,1.60,1.60
2009.06.30 01:15:12.777,1.63095,1.6318,1.60,4.80
2009.06.30 01:15:13.246,1.63095,1.6319,1.60,1.60
2009.06.30 01:15:13.476,1.63105,1.63195,1.60,1.60
2009.06.30 01:15:18.257,1.63115,1.632,1.60,4.80
2009.06.30 01:15:24.084,1.63115,1.6319,1.60,1.60
2009.06.30 01:15:24.594,1.63115,1.63195,1.60,1.60
2009.06.30 01:15:28.053,1.6312,1.632,1.60,1.60
2009.06.30 01:15:28.743,1.63115,1.63195,1.60,1.60
2009.06.30 01:15:29.813,1.63105,1.63195,3.20,1.60
2009.06.30 01:15:30.112,1.63105,1.63195,1.60,1.60
2009.06.30 01:15:30.752,1.63115,1.6319,1.60,1.60
2009.06.30 01:15:31.093,1.63115,1.63195,1.60,1.60
2009.06.30 01:15:31.272,1.63115,1.6319,1.60,1.60
2009.06.30 01:15:31.452,1.63115,1.63195,1.60,1.60
2009.06.30 01:15:32.722,1.63115,1.6319,1.60,3.20
2009.06.30 01:15:33.072,1.63115,1.63185,1.60,1.60
2009.06.30 01:15:34.332,1.6312,1.63185,1.60,1.60
2009.06.30 01:15:34.621,1.6312,1.6319,1.60,1.60
2009.06.30 01:15:37.001,1.63115,1.6319,1.60,4.80
2009.06.30 01:15:37.231,1.63115,1.63185,1.60,1.60
2009.06.30 01:15:39.080,1.63115,1.6318,1.60,1.60
2009.06.30 01:15:44.589,1.63115,1.63195,1.60,4.80
2009.06.30 01:15:44.879,1.6313,1.63195,1.60,1.60
2009.06.30 01:15:45.219,1.6313,1.632,1.60,1.60
2009.06.30 01:15:47.298,1.6312,1.632,1.60,1.60
2009.06.30 01:15:53.007,1.6313,1.632,1.60,1.60
2009.06.30 01:15:54.057,1.63125,1.63195,1.60,1.60
2009.06.30 01:15:54.347,1.6312,1.63195,1.60,4.80
2009.06.30 01:15:54.927,1.6312,1.6319,1.60,1.60
2009.06.30 01:16:01.046,1.63125,1.6319,1.60,1.60
2009.06.30 01:16:01.155,1.6312,1.6319,1.60,1.60
2009.06.30 01:16:01.505,1.63125,1.6319,1.60,1.60
2009.06.30 01:16:01.905,1.63135,1.6319,1.60,1.60
2009.06.30 01:16:02.075,1.63135,1.63195,1.60,1.60
2009.06.30 01:16:02.535,1.63135,1.63205,1.60,1.60
2009.06.30 01:16:03.005,1.63135,1.6321,1.60,1.60
2009.06.30 01:16:03.414,1.6313,1.63205,1.60,4.80
2009.06.30 01:16:03.705,1.6313,1.632,1.60,1.60
2009.06.30 01:16:04.005,1.63125,1.632,1.60,4.80
2009.06.30 01:16:04.294,1.63125,1.632,1.60,6.40
2009.06.30 01:16:04.474,1.63125,1.6319,1.60,1.60
2009.06.30 01:16:05.184,1.6313,1.6319,1.60,1.60
2009.06.30 01:16:05.474,1.6312,1.63185,3.40,3.20
2009.06.30 01:16:06.184,1.63105,1.6318,1.60,3.20
2009.06.30 01:16:06.474,1.631,1.6318,1.60,1.60
2009.06.30 01:16:06.774,1.6311,1.6318,1.60,1.60
2009.06.30 01:16:07.124,1.631,1.6318,1.60,1.60
2009.06.30 01:16:07.524,1.6311,1.6318,1.60,1.60
2009.06.30 01:16:07.884,1.6311,1.6319,3.60,3.20
2009.06.30 01:16:09.805,1.63125,1.6319,1.60,3.20
2009.06.30 01:16:09.983,1.63125,1.632,1.60,1.60
2009.06.30 01:16:10.283,1.63125,1.6321,1.60,1.60
2009.06.30 01:16:12.243,1.6315,1.6321,1.60,1.60
2009.06.30 01:16:13.112,1.63145,1.6321,1.60,1.60
2009.06.30 01:16:13.802,1.63135,1.63215,3.20,4.80
2009.06.30 01:16:14.372,1.63135,1.6321,1.60,1.60
2009.06.30 01:16:14.662,1.6313,1.63205,1.60,3.20
2009.06.30 01:16:14.962,1.63135,1.632,1.60,1.60
2009.06.30 01:16:15.702,1.63135,1.6321,1.60,1.60
2009.06.30 01:16:20.871,1.63135,1.6321,3.20,1.60
2009.06.30 01:16:21.040,1.63135,1.6321,1.60,1.60
2009.06.30 01:16:21.380,1.63145,1.6321,1.60,1.60
2009.06.30 01:16:24.489,1.63135,1.6321,3.20,4.80
2009.06.30 01:16:24.901,1.63135,1.63205,1.60,1.60
2009.06.30 01:16:31.578,1.6313,1.63205,1.60,4.80
2009.06.30 01:16:32.167,1.6313,1.632,1.60,1.60
2009.06.30 01:16:35.887,1.63145,1.632,1.60,1.60
2009.06.30 01:16:36.457,1.63145,1.63205,1.60,1.60
2009.06.30 01:16:36.796,1.6315,1.63205,1.60,1.60
2009.06.30 01:16:37.206,1.6315,1.63215,1.60,1.60
2009.06.30 01:16:37.547,1.63145,1.63215,1.60,1.60
2009.06.30 01:16:37.886,1.63145,1.6321,1.60,1.60
2009.06.30 01:16:38.236,1.63145,1.63205,1.60,1.60
2009.06.30 01:16:40.186,1.63145,1.6321,1.60,1.60
2009.06.30 01:16:45.534,1.6315,1.6321,1.60,1.60
2009.06.30 01:16:45.834,1.6315,1.63215,1.60,1.60
2009.06.30 01:16:49.793,1.63165,1.63215,1.60,1.60
2009.06.30 01:16:50.074,1.63165,1.6324,1.60,1.60
2009.06.30 01:16:50.463,1.63175,1.6324,1.60,1.60
2009.06.30 01:16:50.813,1.6316,1.63245,1.60,1.60
2009.06.30 01:16:51.153,1.6316,1.63235,1.60,1.60
2009.06.30 01:16:51.793,1.6317,1.63235,1.60,1.60
2009.06.30 01:16:52.073,1.6317,1.6324,1.60,1.60
2009.06.30 01:16:52.713,1.6317,1.6323,1.60,1.60
2009.06.30 01:16:53.063,1.6316,1.63225,1.60,1.60
2009.06.30 01:16:53.523,1.63155,1.63235,1.60,3.20
2009.06.30 01:16:53.753,1.6315,1.63225,3.20,3.20
2009.06.30 01:16:54.322,1.6315,1.6322,1.60,1.60
2009.06.30 01:16:54.652,1.63165,1.6322,1.60,1.60
2009.06.30 01:16:54.943,1.63165,1.63225,1.60,1.60
2009.06.30 01:16:55.122,1.63165,1.6323,1.60,1.60
2009.06.30 01:16:59.521,1.63175,1.6323,1.60,1.60
2009.06.30 01:16:59.881,1.63175,1.6324,1.60,1.60
2009.06.30 01:17:01.031,1.63175,1.63245,1.60,1.60
2009.06.30 01:17:01.600,1.63175,1.6324,1.60,1.60
2009.06.30 01:17:04.310,1.6318,1.6325,1.60,1.60
2009.06.30 01:17:04.780,1.63175,1.6325,1.60,4.80
2009.06.30 01:17:05.120,1.63175,1.6324,1.60,1.60
2009.06.30 01:17:09.788,1.6317,1.6324,1.60,1.60
2009.06.30 01:17:10.738,1.6317,1.63235,1.80,3.20
2009.06.30 01:17:10.848,1.6316,1.63235,1.60,3.20
2009.06.30 01:17:10.958,1.6315,1.6323,1.60,1.60
2009.06.30 01:17:13.388,1.63145,1.6323,1.60,4.80
2009.06.30 01:17:13.958,1.63155,1.6323,1.60,4.80
2009.06.30 01:17:21.916,1.6315,1.63225,2.00,3.20
2009.06.30 01:17:22.146,1.63155,1.6323,1.60,4.80
2009.06.30 01:17:25.045,1.63155,1.63225,1.60,1.60
2009.06.30 01:17:25.385,1.6315,1.63225,1.60,4.80
2009.06.30 01:17:25.825,1.6315,1.6322,1.60,1.60
2009.06.30 01:17:28.404,1.63145,1.6322,1.60,4.80
2009.06.30 01:17:28.644,1.63145,1.6322,1.60,6.40
2009.06.30 01:17:28.814,1.63145,1.6322,1.60,8.00
2009.06.30 01:17:28.874,1.63145,1.63215,1.60,1.60
2009.06.30 01:17:38.202,1.63135,1.6321,3.20,3.20
2009.06.30 01:17:38.492,1.6313,1.63205,3.20,3.20
2009.06.30 01:17:38.832,1.63135,1.6321,1.60,4.80
2009.06.30 01:17:40.571,1.63145,1.6321,1.60,1.60
2009.06.30 01:17:41.081,1.63135,1.6321,3.20,3.20
2009.06.30 01:17:41.301,1.63135,1.6321,1.60,4.80
2009.06.30 01:18:12.184,1.63145,1.6321,1.60,1.60
2009.06.30 01:18:12.474,1.63145,1.63215,1.60,1.60
2009.06.30 01:18:12.823,1.63135,1.6321,3.20,3.20
2009.06.30 01:18:13.204,1.63135,1.6321,1.60,4.80
2009.06.30 01:18:14.183,1.63145,1.6321,1.60,1.60
2009.06.30 01:18:14.573,1.63145,1.63215,1.60,1.60
2009.06.30 01:18:17.972,1.63135,1.6321,3.20,3.20
2009.06.30 01:18:18.252,1.63135,1.6321,1.60,4.80
2009.06.30 01:18:25.820,1.6313,1.63205,3.20,3.20
2009.06.30 01:18:26.440,1.6313,1.63205,1.60,4.80
2009.06.30 01:18:27.400,1.6312,1.63205,4.80,4.80
2009.06.30 01:18:27.510,1.6312,1.63205,3.20,4.80
2009.06.30 01:18:27.910,1.6312,1.632,1.60,1.60
2009.06.30 01:18:28.610,1.63135,1.632,1.60,1.60
2009.06.30 01:18:29.109,1.63135,1.63205,1.60,1.60
2009.06.30 01:18:29.400,1.63125,1.63215,3.20,4.80
2009.06.30 01:18:29.690,1.63125,1.63205,1.60,3.20
2009.06.30 01:18:30.029,1.63125,1.63205,1.60,4.80
2009.06.30 01:18:38.028,1.6313,1.6321,1.60,1.60
2009.06.30 01:18:40.787,1.6314,1.6321,1.60,1.60
2009.06.30 01:18:41.007,1.6313,1.6321,3.60,1.60
2009.06.30 01:18:41.117,1.6313,1.63215,1.60,4.80
2009.06.30 01:18:41.297,1.6313,1.63215,1.60,3.20
2009.06.30 01:18:41.357,1.6313,1.63215,3.20,3.20
2009.06.30 01:18:41.476,1.6313,1.6321,1.60,1.60
2009.06.30 01:18:44.586,1.6314,1.6321,1.60,1.60
2009.06.30 01:18:55.813,1.6314,1.6322,1.60,1.60
2009.06.30 01:18:56.103,1.6315,1.63225,1.60,4.80
2009.06.30 01:18:56.443,1.6314,1.63225,1.60,4.80
2009.06.30 01:18:56.733,1.6314,1.63225,3.20,4.80
2009.06.30 01:18:57.073,1.6314,1.63225,1.60,4.80
2009.06.30 01:19:16.358,1.6315,1.63225,1.60,4.80
2009.06.30 01:19:17.948,1.6314,1.63225,3.20,4.80
2009.06.30 01:19:18.307,1.6314,1.63225,1.60,4.80
2009.06.30 01:19:18.658,1.6314,1.6322,1.60,1.60
2009.06.30 01:19:19.227,1.6313,1.6322,3.20,1.60
2009.06.30 01:19:19.518,1.63135,1.63215,1.60,3.20
2009.06.30 01:19:19.738,1.6313,1.63215,1.60,3.20
2009.06.30 01:19:20.018,1.6313,1.6321,1.60,1.60
2009.06.30 01:19:21.917,1.6314,1.6321,1.60,1.60
2009.06.30 01:19:22.207,1.6314,1.6322,1.60,1.60
2009.06.30 01:19:40.312,1.6313,1.6321,3.20,1.60
2009.06.30 01:19:40.362,1.6313,1.6321,1.60,1.60
2009.06.30 01:19:40.652,1.6313,1.6321,3.20,1.60
2009.06.30 01:19:40.823,1.63135,1.63205,1.60,3.20
2009.06.30 01:19:41.053,1.6313,1.63205,1.60,3.20
2009.06.30 01:19:41.462,1.63135,1.632,1.60,1.60
2009.06.30 01:19:41.812,1.63135,1.63205,1.60,1.60
2009.06.30 01:19:46.321,1.6313,1.63205,1.60,4.80
2009.06.30 01:19:46.661,1.6313,1.632,1.60,1.60
2009.06.30 01:19:47.221,1.63135,1.632,1.60,1.60
2009.06.30 01:19:47.870,1.63135,1.63205,1.60,1.60
2009.06.30 01:20:02.567,1.6313,1.63205,1.60,4.80
2009.06.30 01:20:03.037,1.6313,1.632,1.60,1.60
2009.06.30 01:20:08.195,1.6312,1.63195,3.20,3.20
2009.06.30 01:20:08.995,1.6312,1.63195,1.60,4.80
2009.06.30 01:20:16.193,1.63135,1.632,1.60,1.60
2009.06.30 01:20:16.533,1.63125,1.632,3.20,3.20
2009.06.30 01:20:17.213,1.6312,1.63195,5.20,3.20
2009.06.30 01:20:17.553,1.6312,1.63195,4.80,3.20
2009.06.30 01:20:17.833,1.6312,1.63195,3.20,3.20
2009.06.30 01:20:18.123,1.6312,1.63195,1.60,4.80
2009.06.30 01:20:19.042,1.63125,1.63195,1.60,1.60
2009.06.30 01:20:19.562,1.63125,1.632,1.60,4.80
2009.06.30 01:20:19.782,1.63135,1.632,1.60,1.60
2009.06.30 01:20:20.232,1.63125,1.632,3.20,3.20
2009.06.30 01:20:20.812,1.63125,1.632,1.60,4.80
2009.06.30 01:20:50.565,1.63125,1.63195,1.60,1.60
2009.06.30 01:21:11.020,1.63135,1.63195,1.60,1.60
2009.06.30 01:21:11.640,1.63135,1.632,1.60,1.60
2009.06.30 01:21:11.870,1.63125,1.632,3.20,4.80
2009.06.30 01:21:12.400,1.63125,1.63195,1.60,1.60
2009.06.30 01:21:26.806,1.63135,1.63195,1.60,1.60
2009.06.30 01:21:27.206,1.63135,1.632,1.60,1.60
2009.06.30 01:21:43.482,1.6314,1.632,1.60,1.60
2009.06.30 01:21:43.882,1.6314,1.63205,1.60,1.60
2009.06.30 01:21:44.512,1.63125,1.632,3.20,4.80
2009.06.30 01:21:44.922,1.63125,1.63195,1.60,1.60
2009.06.30 01:21:47.631,1.63135,1.63195,1.60,1.60
2009.06.30 01:21:47.921,1.63135,1.632,1.60,1.60
2009.06.30 01:22:09.676,1.63125,1.632,1.60,4.80
2009.06.30 01:22:09.976,1.63125,1.63195,1.60,1.60
2009.06.30 01:22:13.525,1.6312,1.63195,3.20,4.80
2009.06.30 01:22:13.875,1.63125,1.63185,1.60,1.60
2009.06.30 01:22:14.205,1.63125,1.6319,1.60,1.60
2009.06.30 01:22:14.595,1.6312,1.63185,1.60,1.60
2009.06.30 01:22:19.093,1.63125,1.63185,1.60,1.60
2009.06.30 01:22:19.433,1.63125,1.63195,1.60,1.60
2009.06.30 01:22:20.063,1.63115,1.6319,1.60,3.20
2009.06.30 01:22:20.293,1.6312,1.63195,1.60,4.80
2009.06.30 01:22:20.523,1.63115,1.6319,1.60,3.20
2009.06.30 01:22:20.853,1.6312,1.6318,1.60,1.60
2009.06.30 01:22:21.143,1.63125,1.63195,1.60,1.60
2009.06.30 01:22:26.741,1.63125,1.632,1.60,1.60
2009.06.30 01:22:29.611,1.63135,1.632,1.60,1.60
2009.06.30 01:22:34.340,1.63125,1.632,1.60,1.60
2009.06.30 01:22:35.030,1.63135,1.632,1.60,1.60
2009.06.30 01:22:38.519,1.6312,1.63185,1.60,1.60
2009.06.30 01:22:39.109,1.63095,1.63185,3.20,4.80
2009.06.30 01:22:39.399,1.63095,1.63185,1.60,4.80
2009.06.30 01:22:39.689,1.63095,1.63175,1.60,1.60
2009.06.30 01:22:42.798,1.63115,1.63185,1.60,1.60
2009.06.30 01:22:43.078,1.63115,1.6319,1.60,1.60
2009.06.30 01:22:43.478,1.6311,1.63185,1.60,3.20
2009.06.30 01:22:43.978,1.6311,1.63185,1.60,4.80
2009.06.30 01:22:44.337,1.6311,1.63175,1.60,1.60
2009.06.30 01:22:47.177,1.6311,1.6318,1.60,1.60
2009.06.30 01:22:48.456,1.63105,1.6318,1.60,4.80
2009.06.30 01:22:48.797,1.63105,1.6317,1.60,1.60
2009.06.30 01:22:49.196,1.6311,1.6317,1.60,1.60
2009.06.30 01:22:49.836,1.6311,1.6318,1.60,1.60
2009.06.30 01:22:53.585,1.63105,1.6318,1.60,4.80
2009.06.30 01:22:53.925,1.63105,1.63175,1.60,1.60
2009.06.30 01:22:54.105,1.63105,1.6317,1.60,1.60
2009.06.30 01:22:55.504,1.631,1.6317,3.60,1.60
2009.06.30 01:22:55.855,1.631,1.6317,1.60,1.60
2009.06.30 01:22:56.255,1.63095,1.63165,1.60,1.60
2009.06.30 01:22:56.545,1.6309,1.63165,1.60,1.60
2009.06.30 01:22:58.894,1.631,1.63165,1.60,1.60
2009.06.30 01:23:00.044,1.6309,1.63165,1.60,1.60
2009.06.30 01:23:00.503,1.63095,1.63165,1.60,1.60
2009.06.30 01:23:00.673,1.63095,1.6316,1.60,1.60
2009.06.30 01:23:03.713,1.6309,1.6316,1.60,1.60
2009.06.30 01:23:03.873,1.631,1.6316,1.60,1.60
2009.06.30 01:23:04.043,1.6309,1.6316,1.60,1.60
2009.06.30 01:23:04.273,1.6309,1.63165,1.60,1.60
2009.06.30 01:23:04.452,1.631,1.63165,1.60,1.60
2009.06.30 01:23:22.018,1.6309,1.63165,3.20,1.60
2009.06.30 01:23:22.188,1.631,1.63165,1.60,1.60
2009.06.30 01:23:22.488,1.6309,1.63165,1.60,1.60
2009.06.30 01:23:22.828,1.6309,1.6316,1.60,4.80
2009.06.30 01:23:23.498,1.6309,1.63155,1.60,1.60
2009.06.30 01:23:26.507,1.631,1.63165,1.60,1.60
2009.06.30 01:23:27.937,1.63105,1.63165,1.60,1.60
2009.06.30 01:23:28.107,1.63105,1.6317,1.60,1.60
2009.06.30 01:23:31.316,1.631,1.6317,1.60,1.60
2009.06.30 01:23:31.756,1.631,1.63165,1.60,1.60
2009.06.30 01:23:33.826,1.6309,1.63165,1.60,1.60
2009.06.30 01:23:36.355,1.6309,1.6316,1.60,4.80
2009.06.30 01:23:36.645,1.6309,1.63155,1.60,1.60
2009.06.30 01:23:38.304,1.6309,1.6316,1.60,4.80
2009.06.30 01:23:38.634,1.6309,1.63155,1.60,1.60
2009.06.30 01:23:40.474,1.6309,1.63165,1.60,1.60
2009.06.30 01:23:42.294,1.6309,1.6316,1.60,3.20
2009.06.30 01:23:42.523,1.6309,1.6316,1.60,4.80
2009.06.30 01:23:42.823,1.6309,1.63155,1.60,1.60
2009.06.30 01:23:44.063,1.63085,1.63155,1.60,1.60
2009.06.30 01:23:46.082,1.6308,1.63155,1.60,4.80
2009.06.30 01:23:46.262,1.63085,1.63155,1.60,1.60
2009.06.30 01:23:49.022,1.6308,1.63155,1.60,4.80
2009.06.30 01:23:49.312,1.6308,1.6315,1.60,1.60
2009.06.30 01:23:49.652,1.6308,1.63145,1.60,1.60
2009.06.30 01:23:51.581,1.63075,1.63145,1.60,1.60
2009.06.30 01:23:51.991,1.63075,1.63145,1.60,4.80
2009.06.30 01:23:52.291,1.6307,1.63135,1.60,1.60
2009.06.30 01:23:55.331,1.6308,1.63135,1.60,1.60
2009.06.30 01:23:55.671,1.6308,1.63145,1.60,1.60
2009.06.30 01:23:56.420,1.63075,1.63145,1.60,1.60
2009.06.30 01:23:56.930,1.63075,1.63145,1.60,1.60
2009.06.30 01:23:57.110,1.63065,1.6314,3.20,1.60
2009.06.30 01:23:57.520,1.63065,1.6314,1.60,1.60
2009.06.30 01:23:58.200,1.63075,1.6314,1.60,1.60
2009.06.30 01:24:03.909,1.6307,1.6314,1.60,1.60
2009.06.30 01:24:04.478,1.6307,1.63135,1.60,1.60
2009.06.30 01:24:06.778,1.63065,1.63135,1.60,1.60
2009.06.30 01:24:07.527,1.63065,1.6313,1.60,1.60
2009.06.30 01:24:10.937,1.63065,1.63135,1.60,1.60
2009.06.30 01:24:11.116,1.63065,1.63125,1.60,1.60
2009.06.30 01:24:14.946,1.6306,1.63125,1.60,1.60
2009.06.30 01:24:15.346,1.6306,1.6312,1.60,1.60
2009.06.30 01:24:15.576,1.63065,1.6312,1.60,1.60
2009.06.30 01:24:15.815,1.63065,1.63125,1.60,1.60
2009.06.30 01:24:16.335,1.6306,1.63125,1.60,1.60
2009.06.30 01:24:16.775,1.6306,1.6312,1.60,1.60
2009.06.30 01:24:20.914,1.6306,1.6313,1.60,1.60
2009.06.30 01:24:24.463,1.6307,1.6313,1.60,1.60
2009.06.30 01:24:24.633,1.6306,1.6313,1.60,1.60
2009.06.30 01:24:24.803,1.6307,1.6313,1.60,1.60
2009.06.30 01:24:25.503,1.6307,1.63135,1.60,1.60
2009.06.30 01:24:25.723,1.63075,1.63135,1.60,1.60
2009.06.30 01:24:25.953,1.63075,1.63145,1.60,1.60
2009.06.30 01:24:30.492,1.63065,1.6314,3.20,3.20
2009.06.30 01:24:31.002,1.63065,1.6313,1.60,1.60
2009.06.30 01:24:31.282,1.63065,1.63125,1.60,1.60
2009.06.30 01:24:31.462,1.63065,1.6313,1.60,1.60
2009.06.30 01:24:32.551,1.6306,1.6313,1.60,1.60
2009.06.30 01:24:33.071,1.6306,1.63125,1.60,1.60
2009.06.30 01:24:35.431,1.63055,1.63125,1.60,1.60
2009.06.30 01:24:35.541,1.63055,1.63115,1.60,1.60
2009.06.30 01:24:45.498,1.6306,1.6312,1.60,1.60
2009.06.30 01:24:45.798,1.6306,1.63125,1.60,1.60
2009.06.30 01:24:46.198,1.63065,1.63125,1.60,1.60
2009.06.30 01:24:46.878,1.63065,1.6313,1.60,1.60
2009.06.30 01:24:48.487,1.6306,1.6313,1.60,1.60
2009.06.30 01:24:49.167,1.6306,1.63125,1.60,1.60
2009.06.30 01:24:51.197,1.63065,1.63125,1.60,1.60
2009.06.30 01:24:51.667,1.63065,1.6313,1.60,1.60
2009.06.30 01:24:55.026,1.6306,1.6313,1.60,1.60
2009.06.30 01:24:55.266,1.6306,1.63125,1.60,1.60
2009.06.30 01:25:04.794,1.63065,1.63145,3.20,1.60
2009.06.30 01:25:05.093,1.6308,1.63145,1.60,1.60
2009.06.30 01:25:06.073,1.6307,1.63145,3.20,1.60
2009.06.30 01:25:06.473,1.63075,1.63145,1.60,1.60
2009.06.30 01:25:06.933,1.63085,1.63145,1.60,1.60
2009.06.30 01:25:15.261,1.63075,1.63135,1.60,1.60
2009.06.30 01:25:16.321,1.6308,1.63135,1.60,1.60
2009.06.30 01:25:17.111,1.6308,1.6314,1.60,1.60
2009.06.30 01:25:22.619,1.63085,1.6314,1.60,1.60
2009.06.30 01:25:22.780,1.63085,1.63145,1.60,1.60
2009.06.30 01:25:22.899,1.6308,1.63145,1.60,1.60
2009.06.30 01:25:23.289,1.6308,1.6314,1.60,1.60
2009.06.30 01:25:38.405,1.63095,1.6315,1.60,1.60
2009.06.30 01:25:40.325,1.63095,1.63145,1.60,1.60
2009.06.30 01:25:42.714,1.631,1.63145,1.60,1.60
2009.06.30 01:25:43.124,1.63105,1.63145,1.60,1.60
2009.06.30 01:25:43.355,1.63105,1.6315,1.60,1.60
2009.06.30 01:25:43.694,1.6311,1.63155,1.60,1.60
2009.06.30 01:25:44.194,1.63125,1.63165,1.60,1.60
2009.06.30 01:25:44.544,1.63125,1.63175,1.60,1.60
2009.06.30 01:25:45.244,1.63115,1.6318,1.60,1.60
2009.06.30 01:25:45.594,1.63125,1.6318,1.60,1.60
2009.06.30 01:25:47.133,1.63125,1.63185,1.60,1.60
2009.06.30 01:25:47.584,1.6311,1.63185,3.20,1.60
2009.06.30 01:25:47.993,1.63115,1.63175,1.60,1.60
2009.06.30 01:25:48.683,1.63115,1.6318,1.60,1.60
2009.06.30 01:25:52.662,1.6311,1.6318,1.60,1.60
2009.06.30 01:25:53.122,1.6311,1.63175,1.60,1.60
2009.06.30 01:25:59.880,1.63125,1.63175,1.60,1.60
2009.06.30 01:26:06.459,1.6311,1.63175,1.60,1.60
2009.06.30 01:26:10.298,1.63105,1.63165,1.60,1.60
2009.06.30 01:26:10.408,1.63105,1.6316,1.60,1.60
2009.06.30 01:26:10.928,1.63105,1.63155,1.60,1.60
2009.06.30 01:26:11.287,1.6311,1.63155,1.60,1.60
2009.06.30 01:26:11.517,1.6311,1.63165,1.60,1.60
2009.06.30 01:26:12.627,1.6311,1.6316,1.60,1.60
2009.06.30 01:26:20.295,1.6311,1.63165,1.60,1.60
2009.06.30 01:26:34.852,1.6312,1.63165,1.60,1.60
2009.06.30 01:26:35.022,1.63125,1.63165,1.60,1.60
2009.06.30 01:26:35.662,1.63125,1.63205,1.60,1.60
2009.06.30 01:26:36.292,1.6312,1.63195,1.60,3.20
2009.06.30 01:26:36.701,1.63115,1.63195,1.60,3.20
2009.06.30 01:26:36.861,1.6311,1.6318,1.60,1.60
2009.06.30 01:27:44.615,1.63105,1.63175,1.60,3.20
2009.06.30 01:27:44.785,1.631,1.63175,3.20,3.20
2009.06.30 01:27:45.005,1.63105,1.6317,1.60,3.20
2009.06.30 01:27:45.295,1.6309,1.6317,1.60,4.80
2009.06.30 01:27:48.734,1.63085,1.6316,1.60,3.20
2009.06.30 01:27:49.094,1.6309,1.6316,1.60,1.60
2009.06.30 01:27:49.834,1.631,1.6317,1.60,1.60
2009.06.30 01:27:50.414,1.63105,1.6317,1.60,1.60
2009.06.30 01:27:51.044,1.63105,1.63175,1.60,1.60
2009.06.30 01:28:04.470,1.63105,1.6318,1.60,4.80
2009.06.30 01:28:04.820,1.63105,1.63175,1.60,1.60
2009.06.30 01:28:05.870,1.6311,1.63175,1.60,1.60
2009.06.30 01:28:06.200,1.6311,1.6318,1.60,4.80
2009.06.30 01:28:07.120,1.63105,1.6317,1.60,3.20
2009.06.30 01:28:07.390,1.631,1.6316,3.20,1.60
2009.06.30 01:28:07.620,1.631,1.6317,3.20,4.80
2009.06.30 01:28:07.799,1.63095,1.63165,1.60,1.60
2009.06.30 01:28:08.369,1.63095,1.6317,1.60,3.20
2009.06.30 01:28:11.448,1.631,1.6317,1.60,3.20
2009.06.30 01:28:11.788,1.631,1.6317,1.60,4.80
2009.06.30 01:28:12.119,1.631,1.63165,1.60,1.60
2009.06.30 01:28:13.518,1.631,1.6317,1.60,4.80
2009.06.30 01:28:15.858,1.63095,1.6317,1.60,3.20
2009.06.30 01:28:16.147,1.63095,1.6317,1.60,4.80
2009.06.30 01:28:16.267,1.63095,1.63165,1.60,1.60
2009.06.30 01:28:16.547,1.63095,1.6317,1.60,3.20
2009.06.30 01:28:17.177,1.63105,1.6317,1.60,3.20
2009.06.30 01:28:17.467,1.63105,1.63175,1.60,1.60
2009.06.30 01:28:17.697,1.63105,1.63185,1.60,4.80
2009.06.30 01:28:18.957,1.63105,1.6318,1.60,1.60
2009.06.30 01:28:20.997,1.631,1.63175,1.60,3.20
2009.06.30 01:28:21.226,1.631,1.63165,1.60,1.60
2009.06.30 01:28:32.634,1.6309,1.63165,1.60,3.20
2009.06.30 01:28:32.744,1.6309,1.63165,1.60,4.80
2009.06.30 01:28:32.923,1.6309,1.6316,1.60,1.60
2009.06.30 01:28:36.003,1.63085,1.6316,1.60,4.80
2009.06.30 01:28:36.394,1.63085,1.63155,1.60,1.60
2009.06.30 01:28:36.673,1.63075,1.6315,1.60,4.80
2009.06.30 01:28:37.142,1.6309,1.63145,1.60,1.60
2009.06.30 01:28:37.662,1.6309,1.6315,1.60,1.60
2009.06.30 01:28:37.832,1.6309,1.63155,1.60,1.60
2009.06.30 01:28:39.342,1.63085,1.63155,1.60,4.80
2009.06.30 01:28:39.812,1.63085,1.6315,1.60,1.60
2009.06.30 01:28:40.172,1.63075,1.6314,1.60,3.20
2009.06.30 01:28:40.282,1.63075,1.6314,1.60,8.00
2009.06.30 01:28:40.562,1.63075,1.63135,1.60,1.60
2009.06.30 01:28:40.842,1.63065,1.6314,1.60,4.80
2009.06.30 01:28:41.252,1.6307,1.6314,1.60,1.60
2009.06.30 01:28:41.951,1.6307,1.63145,1.60,4.80
2009.06.30 01:28:42.181,1.6307,1.6314,1.60,3.20
2009.06.30 01:28:42.981,1.6308,1.6314,1.60,3.20
2009.06.30 01:28:43.271,1.6307,1.63145,3.20,3.20
2009.06.30 01:28:43.621,1.6307,1.63145,1.60,3.20
2009.06.30 01:28:43.951,1.6308,1.63145,1.60,1.60
2009.06.30 01:28:44.811,1.6307,1.63145,1.60,3.20
2009.06.30 01:28:45.111,1.6307,1.63145,1.60,4.80
2009.06.30 01:28:46.310,1.63065,1.6314,1.60,3.20
2009.06.30 01:28:46.710,1.63065,1.6314,1.60,4.80
2009.06.30 01:28:47.120,1.6307,1.6314,1.60,1.60
2009.06.30 01:28:47.820,1.6307,1.63145,1.60,4.80
2009.06.30 01:28:48.160,1.63065,1.6314,1.60,3.20
2009.06.30 01:28:48.510,1.63065,1.6314,1.60,4.80
2009.06.30 01:28:50.010,1.6307,1.6314,1.60,1.60
2009.06.30 01:28:50.309,1.6307,1.63145,1.60,1.60
2009.06.30 01:28:50.589,1.6307,1.63135,1.60,1.60
2009.06.30 01:28:50.869,1.6307,1.6315,1.60,4.80
2009.06.30 01:28:58.057,1.63065,1.6314,1.60,4.80
2009.06.30 01:29:01.537,1.63075,1.6314,1.60,1.60
2009.06.30 01:29:02.057,1.63075,1.63145,1.60,1.60
2009.06.30 01:29:02.956,1.6308,1.63145,1.60,1.60
2009.06.30 01:29:03.126,1.63085,1.63145,1.60,1.60
2009.06.30 01:29:03.246,1.63075,1.63145,1.60,1.60
2009.06.30 01:29:03.526,1.63075,1.63155,1.60,1.60
2009.06.30 01:29:04.406,1.63075,1.6315,1.60,3.20
2009.06.30 01:29:08.625,1.6307,1.6315,1.60,3.20
2009.06.30 01:29:08.975,1.6307,1.6315,1.60,4.80
2009.06.30 01:29:09.785,1.6307,1.6315,1.60,1.60
2009.06.30 01:29:10.065,1.6307,1.63155,1.60,1.60
2009.06.30 01:29:10.245,1.6307,1.6315,1.60,1.60
2009.06.30 01:29:10.584,1.6307,1.6315,1.60,3.20
2009.06.30 01:29:12.204,1.6308,1.6316,1.60,1.60
2009.06.30 01:29:12.734,1.6308,1.6317,1.60,1.60
2009.06.30 01:29:13.084,1.6308,1.6316,1.60,3.20
2009.06.30 01:29:13.254,1.6308,1.63165,1.60,1.60
2009.06.30 01:29:13.424,1.6308,1.63155,1.60,3.20
2009.06.30 01:29:13.884,1.6307,1.6315,1.60,8.00
2009.06.30 01:29:14.393,1.6307,1.6315,1.60,4.80
2009.06.30 01:29:15.083,1.6306,1.63135,1.60,3.20
2009.06.30 01:29:15.873,1.63065,1.6313,1.60,1.60
2009.06.30 01:29:15.993,1.63065,1.63135,1.60,1.60
2009.06.30 01:29:16.163,1.6307,1.63135,1.60,1.60
2009.06.30 01:29:16.553,1.6307,1.6314,1.60,1.60
2009.06.30 01:29:16.723,1.6307,1.6315,1.60,6.40
2009.06.30 01:29:17.003,1.6307,1.6315,1.60,4.80
2009.06.30 01:29:17.233,1.63085,1.6315,1.60,1.60
2009.06.30 01:29:17.643,1.6309,1.6316,1.60,1.60
2009.06.30 01:29:17.993,1.63095,1.63185,1.60,1.60
2009.06.30 01:29:18.443,1.63105,1.6318,1.60,1.60
2009.06.30 01:29:18.612,1.63095,1.63185,1.60,1.60
2009.06.30 01:29:19.022,1.63095,1.6318,1.60,4.80
2009.06.30 01:29:19.432,1.63085,1.63165,1.60,6.40
2009.06.30 01:29:19.822,1.6308,1.63165,3.20,3.20
2009.06.30 01:29:20.162,1.6308,1.63165,1.60,3.20
2009.06.30 01:29:20.522,1.6308,1.6317,1.60,4.80
2009.06.30 01:29:21.532,1.6308,1.63155,1.60,3.20
2009.06.30 01:29:21.702,1.6308,1.6316,1.60,1.60
2009.06.30 01:29:21.811,1.6308,1.6316,1.60,3.20
2009.06.30 01:29:21.982,1.6308,1.6315,1.60,1.60
2009.06.30 01:29:22.222,1.63085,1.6315,1.60,1.60
2009.06.30 01:29:22.342,1.63085,1.63155,1.60,1.60
2009.06.30 01:29:24.851,1.6309,1.63155,1.60,1.60
2009.06.30 01:29:25.141,1.6309,1.6316,1.60,1.60
2009.06.30 01:29:25.951,1.6309,1.6317,1.60,4.80
2009.06.30 01:29:26.291,1.6309,1.6317,1.60,3.20
2009.06.30 01:29:26.751,1.63085,1.6316,1.60,4.80
2009.06.30 01:29:27.211,1.63085,1.63155,1.60,1.60
2009.06.30 01:29:29.730,1.6308,1.63155,1.60,4.80
2009.06.30 01:29:30.240,1.6308,1.6315,1.60,4.80
2009.06.30 01:29:30.890,1.6308,1.6315,1.60,1.60
2009.06.30 01:29:32.239,1.63085,1.6315,1.60,1.60
2009.06.30 01:29:32.589,1.6308,1.6315,1.60,3.20
2009.06.30 01:29:33.009,1.63085,1.6315,1.60,1.60
2009.06.30 01:29:33.519,1.63085,1.63155,1.60,1.60
2009.06.30 01:29:33.809,1.6309,1.63155,1.60,1.60
2009.06.30 01:29:34.328,1.6309,1.6316,1.60,4.80
2009.06.30 01:29:37.809,1.63095,1.6316,1.60,1.60
2009.06.30 01:29:38.159,1.63095,1.6317,1.60,8.00
2009.06.30 01:29:40.297,1.6309,1.6316,1.60,1.60
2009.06.30 01:29:40.587,1.6309,1.6316,1.60,4.80
2009.06.30 01:29:41.757,1.63085,1.6316,1.60,8.00
2009.06.30 01:29:53.784,1.63075,1.6315,3.20,3.20
2009.06.30 01:29:54.074,1.63085,1.63155,1.60,4.80
2009.06.30 01:29:54.414,1.63085,1.6315,1.60,1.60
2009.06.30 01:29:54.764,1.63085,1.63155,1.60,4.80
2009.06.30 01:29:56.483,1.63075,1.6315,3.20,3.20
2009.06.30 01:29:56.703,1.63075,1.6315,3.20,4.80
2009.06.30 01:29:56.813,1.63075,1.6315,3.20,6.40
2009.06.30 01:29:56.933,1.63075,1.6315,1.60,8.00
2009.06.30 01:30:09.540,1.6307,1.63145,3.20,3.20
2009.06.30 01:30:09.890,1.6307,1.63145,1.60,4.80
2009.06.30 01:30:14.079,1.6306,1.63145,3.20,4.80
2009.06.30 01:30:14.429,1.6306,1.6314,1.60,1.60
2009.06.30 01:30:14.899,1.6306,1.6314,1.60,3.20
2009.06.30 01:30:15.069,1.63065,1.6314,1.60,8.00
2009.06.30 01:30:15.809,1.6307,1.63135,1.60,1.60
2009.06.30 01:30:19.218,1.63085,1.6315,1.60,1.60
2009.06.30 01:30:19.568,1.63085,1.63155,1.60,1.60
2009.06.30 01:30:28.476,1.6308,1.63155,1.60,4.80
2009.06.30 01:30:28.956,1.6308,1.6315,1.60,1.60
2009.06.30 01:30:31.315,1.63085,1.6315,1.60,1.60
2009.06.30 01:30:31.895,1.63085,1.63155,1.60,1.60
2009.06.30 01:30:38.423,1.63065,1.6314,1.60,4.80
2009.06.30 01:30:40.333,1.6307,1.6314,1.60,1.60
2009.06.30 01:30:40.982,1.6307,1.63145,1.60,4.80
2009.06.30 01:30:41.682,1.63065,1.6314,3.20,3.20
2009.06.30 01:30:42.032,1.63065,1.6314,3.20,4.80
2009.06.30 01:30:42.442,1.63065,1.6314,1.60,4.80
2009.06.30 01:30:43.432,1.6307,1.6314,1.60,1.60
2009.06.30 01:30:43.942,1.6307,1.63145,1.60,4.80
2009.06.30 01:30:48.811,1.63065,1.6314,3.20,3.20
2009.06.30 01:30:49.151,1.63065,1.6314,1.60,4.80
2009.06.30 01:30:49.450,1.6306,1.63135,1.60,3.20
2009.06.30 01:30:49.781,1.6306,1.63135,1.60,4.80
2009.06.30 01:30:50.350,1.6306,1.6313,1.60,1.60
2009.06.30 01:30:50.530,1.6306,1.6313,1.60,3.20
2009.06.30 01:30:51.850,1.63055,1.6313,1.60,3.20
2009.06.30 01:30:52.540,1.63055,1.63125,1.60,1.60
2009.06.30 01:30:58.218,1.63055,1.63125,1.60,1.60
2009.06.30 01:30:58.789,1.63055,1.6313,1.60,8.00
2009.06.30 01:30:59.028,1.63055,1.63125,1.60,1.60
2009.06.30 01:31:00.348,1.6306,1.63125,1.60,1.60
2009.06.30 01:31:00.578,1.6306,1.6313,1.60,1.60
2009.06.30 01:31:00.808,1.6306,1.6313,1.60,4.80
2009.06.30 01:31:01.158,1.6306,1.6313,1.60,1.60
2009.06.30 01:31:03.458,1.63055,1.6313,1.60,4.80
2009.06.30 01:31:03.517,1.63055,1.6313,1.60,8.00
2009.06.30 01:31:03.747,1.63055,1.63125,1.60,1.60
2009.06.30 01:31:06.107,1.6305,1.63115,1.60,3.20
2009.06.30 01:31:06.386,1.6304,1.63115,1.60,4.80
2009.06.30 01:31:07.726,1.6305,1.63115,1.60,1.60
2009.06.30 01:31:08.466,1.6305,1.6312,1.60,4.80
2009.06.30 01:31:09.905,1.6305,1.6312,1.60,1.60
2009.06.30 01:31:10.135,1.6306,1.6312,1.60,1.60
2009.06.30 01:31:10.705,1.6306,1.6313,1.60,4.80
2009.06.30 01:31:24.292,1.63065,1.63135,1.60,1.60
2009.06.30 01:31:24.623,1.6307,1.6314,1.60,1.60
2009.06.30 01:31:24.962,1.6307,1.63145,1.60,1.60
2009.06.30 01:31:25.302,1.6307,1.6315,1.60,8.00
2009.06.30 01:31:28.182,1.6308,1.6315,1.60,4.80
2009.06.30 01:31:28.301,1.63085,1.6315,1.60,4.80
2009.06.30 01:31:28.471,1.63085,1.6315,1.60,3.20
2009.06.30 01:31:30.831,1.6309,1.6315,1.60,3.20
2009.06.30 01:31:31.001,1.6309,1.63155,1.60,1.60
2009.06.30 01:31:31.170,1.6309,1.6316,1.60,3.20
2009.06.30 01:31:31.680,1.63085,1.6316,1.60,6.40
2009.06.30 01:31:32.020,1.6308,1.63155,3.20,3.20
2009.06.30 01:31:32.250,1.63085,1.6316,1.60,8.00
2009.06.30 01:31:32.640,1.6308,1.6315,1.60,3.20
2009.06.30 01:31:32.930,1.6308,1.6315,1.60,4.80
2009.06.30 01:31:33.220,1.63075,1.6315,1.60,8.00
2009.06.30 01:31:33.550,1.63075,1.63145,1.60,1.60
2009.06.30 01:31:33.780,1.6307,1.6314,1.60,6.40
2009.06.30 01:31:34.180,1.6307,1.6314,1.60,8.00
2009.06.30 01:31:42.118,1.6307,1.6314,1.60,4.80
2009.06.30 01:31:42.348,1.63075,1.6314,1.60,1.60
2009.06.30 01:31:42.628,1.63075,1.63145,1.60,1.60
2009.06.30 01:31:55.814,1.6309,1.63145,1.60,1.60
2009.06.30 01:31:55.995,1.63055,1.6314,3.20,3.20
2009.06.30 01:31:56.114,1.6308,1.6314,1.00,3.20
2009.06.30 01:31:56.224,1.6308,1.6314,1.80,3.20
2009.06.30 01:31:56.334,1.63065,1.6314,1.60,3.20
2009.06.30 01:31:56.575,1.63055,1.6314,1.60,4.80
2009.06.30 01:32:01.493,1.6306,1.63135,3.20,3.20
2009.06.30 01:32:01.673,1.63065,1.6314,1.60,4.80
2009.06.30 01:32:07.062,1.6307,1.6314,1.60,1.60
2009.06.30 01:32:07.592,1.6307,1.6315,1.60,8.00
2009.06.30 01:32:07.812,1.6307,1.6315,1.60,6.40
2009.06.30 01:32:07.871,1.6307,1.63145,1.60,1.60
2009.06.30 01:32:08.261,1.6307,1.6315,1.60,8.00
2009.06.30 01:32:08.501,1.63065,1.6314,1.60,3.20
2009.06.30 01:32:08.791,1.63065,1.6314,1.60,4.80
2009.06.30 01:32:09.861,1.6308,1.6314,1.60,1.60
2009.06.30 01:32:10.151,1.6308,1.6315,1.60,1.60
2009.06.30 01:32:10.491,1.6308,1.63155,1.60,1.60
2009.06.30 01:32:12.560,1.6309,1.63155,1.60,1.60
2009.06.30 01:32:12.900,1.6309,1.63165,1.60,4.80
2009.06.30 01:32:13.010,1.6309,1.6316,1.60,1.60
2009.06.30 01:32:13.190,1.6309,1.6316,1.60,3.20
2009.06.30 01:32:15.580,1.63095,1.6316,1.60,3.20
2009.06.30 01:32:15.930,1.63095,1.6317,1.60,8.00
2009.06.30 01:32:24.298,1.6309,1.63165,3.20,3.20
2009.06.30 01:32:24.947,1.6309,1.63165,1.60,4.80
2009.06.30 01:32:28.907,1.63085,1.63155,1.60,3.20
2009.06.30 01:32:29.257,1.63085,1.63155,1.60,4.80
2009.06.30 01:32:34.295,1.6308,1.63155,3.60,1.60
2009.06.30 01:32:34.635,1.6309,1.6316,1.60,1.60
2009.06.30 01:32:34.985,1.63085,1.6317,1.60,4.80
2009.06.30 01:32:35.445,1.6308,1.6317,1.60,4.80
2009.06.30 01:32:35.795,1.6307,1.63165,5.20,3.20
2009.06.30 01:32:36.145,1.6307,1.6316,1.60,1.60
2009.06.30 01:32:36.495,1.6307,1.63155,1.60,3.20
2009.06.30 01:32:36.675,1.6307,1.63155,3.20,3.20
2009.06.30 01:32:37.035,1.6307,1.63155,1.60,4.80
2009.06.30 01:32:37.255,1.6308,1.63155,1.60,4.80
2009.06.30 01:32:38.154,1.6307,1.63155,3.20,4.80
2009.06.30 01:32:38.535,1.6307,1.63155,1.60,4.80
2009.06.30 01:32:38.944,1.63075,1.6315,1.60,3.20
2009.06.30 01:32:39.064,1.6307,1.63145,1.60,3.20
2009.06.30 01:32:39.394,1.6307,1.63145,1.60,4.80
2009.06.30 01:32:39.514,1.6307,1.6314,1.60,1.60
2009.06.30 01:32:45.883,1.63075,1.6314,1.60,1.60
2009.06.30 01:32:46.613,1.63075,1.6315,1.60,4.80
2009.06.30 01:32:47.822,1.6308,1.6315,1.60,1.60
2009.06.30 01:32:48.242,1.6308,1.63155,1.60,4.80
2009.06.30 01:32:49.512,1.63075,1.6315,1.60,3.20
2009.06.30 01:32:50.102,1.63075,1.6315,1.60,4.80
2009.06.30 01:32:50.832,1.63085,1.6315,1.60,1.60
2009.06.30 01:32:51.061,1.6308,1.6315,1.60,1.60
2009.06.30 01:32:51.461,1.63085,1.63155,1.60,1.60
2009.06.30 01:32:51.521,1.63085,1.6316,1.60,8.00
2009.06.30 01:32:55.820,1.63085,1.6316,1.60,4.80
2009.06.30 01:32:55.990,1.63085,1.6316,1.60,1.60
2009.06.30 01:32:56.210,1.63085,1.63165,1.60,1.60
2009.06.30 01:32:56.430,1.63085,1.6317,1.60,1.60
2009.06.30 01:33:07.137,1.6308,1.63165,1.60,3.20
2009.06.30 01:33:07.468,1.63085,1.6317,1.60,1.60
2009.06.30 01:33:07.648,1.6309,1.6318,1.60,1.60
2009.06.30 01:33:08.167,1.63105,1.6318,1.60,1.60
2009.06.30 01:33:08.457,1.63105,1.63235,1.60,1.60
2009.06.30 01:33:08.747,1.63105,1.6319,1.60,3.20
2009.06.30 01:33:09.027,1.63105,1.6319,8.00,3.20
2009.06.30 01:33:09.547,1.6308,1.6319,1.60,1.60
2009.06.30 01:33:09.927,1.6308,1.6318,1.60,8.00
2009.06.30 01:33:10.607,1.6308,1.63165,1.60,3.20
2009.06.30 01:33:11.177,1.6308,1.63165,1.60,4.80
2009.06.30 01:33:11.896,1.63075,1.6316,1.60,4.80
2009.06.30 01:33:12.356,1.6308,1.6316,1.60,1.60
2009.06.30 01:33:13.056,1.6308,1.63165,1.60,4.80
2009.06.30 01:33:13.556,1.63075,1.6315,1.60,3.20
2009.06.30 01:33:14.076,1.63075,1.63145,1.60,1.60
2009.06.30 01:33:19.224,1.63065,1.6314,3.20,3.20
2009.06.30 01:33:19.394,1.63065,1.6314,1.60,4.80
2009.06.30 01:33:30.132,1.63075,1.6314,1.60,1.60
2009.06.30 01:33:30.942,1.63075,1.63145,1.60,1.60
2009.06.30 01:33:33.691,1.6307,1.63145,1.60,4.80
2009.06.30 01:33:33.921,1.6307,1.6314,1.60,1.60
2009.06.30 01:33:36.100,1.63075,1.63145,1.60,1.60
2009.06.30 01:33:37.950,1.6307,1.63145,1.60,4.80
2009.06.30 01:33:38.290,1.6307,1.6314,1.60,3.20
2009.06.30 01:33:38.520,1.63065,1.63135,1.60,3.20
2009.06.30 01:33:38.690,1.63065,1.63135,1.60,4.80
2009.06.30 01:33:40.480,1.63065,1.63135,1.60,1.60
2009.06.30 01:33:40.650,1.6307,1.63135,1.60,1.60
2009.06.30 01:33:41.050,1.63075,1.6314,1.60,1.60
2009.06.30 01:33:41.210,1.63075,1.63145,1.60,1.60
2009.06.30 01:33:41.939,1.63075,1.6315,1.60,8.00
2009.06.30 01:33:42.629,1.63075,1.63145,1.60,1.60
2009.06.30 01:33:45.308,1.6307,1.63145,1.60,4.80
2009.06.30 01:33:46.108,1.63065,1.6314,1.60,8.00
2009.06.30 01:33:46.288,1.6307,1.63135,1.60,1.60
2009.06.30 01:33:46.788,1.63075,1.63135,1.60,1.60
2009.06.30 01:33:47.018,1.63075,1.6314,1.60,1.60
2009.06.30 01:33:47.258,1.63075,1.63145,1.60,1.60
2009.06.30 01:33:55.596,1.6307,1.63145,1.60,4.80
2009.06.30 01:33:56.106,1.6307,1.6314,1.60,1.60
2009.06.30 01:34:30.717,1.6307,1.63135,1.60,1.60
2009.06.30 01:34:31.117,1.6307,1.6314,1.60,1.60
2009.06.30 01:34:31.707,1.63075,1.63145,1.60,1.60
2009.06.30 01:34:33.237,1.6307,1.63145,1.60,4.80
2009.06.30 01:34:33.747,1.6307,1.6314,1.60,1.60
2009.06.30 01:34:45.004,1.6307,1.6314,1.60,4.80
2009.06.30 01:35:28.413,1.63075,1.6314,1.60,1.60
2009.06.30 01:35:28.693,1.63075,1.63145,1.60,1.60
2009.06.30 01:35:35.512,1.6308,1.63145,1.60,1.60
2009.06.30 01:35:35.852,1.63085,1.63145,1.60,1.60
2009.06.30 01:35:36.192,1.6308,1.63155,1.60,4.80
2009.06.30 01:35:36.602,1.6308,1.6316,1.60,1.60
2009.06.30 01:35:38.991,1.6308,1.6315,1.60,1.60
2009.06.30 01:35:39.221,1.6308,1.6316,1.60,1.60
2009.06.30 01:35:40.131,1.6308,1.63155,1.60,4.80
2009.06.30 01:35:40.740,1.6308,1.6315,1.60,1.60
2009.06.30 01:35:44.100,1.6308,1.63145,1.60,1.60
2009.06.30 01:35:44.400,1.6308,1.6315,1.60,1.60
2009.06.30 01:35:49.528,1.6308,1.6315,1.60,3.20
2009.06.30 01:35:49.708,1.63075,1.6315,1.60,8.00
2009.06.30 01:35:50.198,1.63075,1.63145,1.60,1.60
2009.06.30 01:35:50.938,1.63085,1.63145,1.60,1.60
2009.06.30 01:35:51.178,1.63085,1.6315,1.60,1.60
2009.06.30 01:35:51.508,1.63085,1.63155,1.60,1.60
2009.06.30 01:36:02.126,1.631,1.63155,1.60,1.60
2009.06.30 01:36:02.305,1.63095,1.6316,1.60,1.60
2009.06.30 01:36:02.585,1.63095,1.63165,1.60,4.80
2009.06.30 01:36:05.025,1.6311,1.63165,1.60,1.60
2009.06.30 01:36:05.315,1.6311,1.6318,1.60,4.80
2009.06.30 01:36:18.891,1.6311,1.6318,1.60,3.20
2009.06.30 01:36:19.001,1.6311,1.6318,1.60,1.60
2009.06.30 01:36:20.701,1.63095,1.63175,1.60,4.80
2009.06.30 01:36:24.390,1.63095,1.63165,1.60,3.20
2009.06.30 01:36:24.810,1.63095,1.63165,1.60,4.80
2009.06.30 01:36:25.500,1.63095,1.63165,1.60,1.60
2009.06.30 01:36:26.480,1.63095,1.6317,1.60,1.60
2009.06.30 01:36:27.389,1.63105,1.6317,1.60,1.60
2009.06.30 01:36:27.799,1.63095,1.63175,1.60,4.80
2009.06.30 01:36:30.938,1.63105,1.63175,1.60,1.60
2009.06.30 01:36:33.468,1.6311,1.63175,1.60,1.60
2009.06.30 01:36:33.758,1.63105,1.63175,1.60,1.60
2009.06.30 01:36:33.868,1.63105,1.6317,1.60,1.60
2009.06.30 01:36:33.988,1.63105,1.6317,1.60,3.20
2009.06.30 01:36:34.227,1.63105,1.6317,1.60,4.80
2009.06.30 01:36:37.837,1.63105,1.6317,1.60,3.20
2009.06.30 01:36:37.947,1.6311,1.6317,1.60,1.60
2009.06.30 01:36:38.126,1.6311,1.63175,1.60,1.60
2009.06.30 01:36:38.367,1.6311,1.6318,1.60,4.80
2009.06.30 01:36:43.625,1.63105,1.6318,1.60,8.00
2009.06.30 01:36:44.025,1.63105,1.63175,1.60,1.60
2009.06.30 01:36:48.324,1.63115,1.6319,1.60,1.60
2009.06.30 01:36:48.444,1.63115,1.63195,1.60,1.60
2009.06.30 01:36:48.564,1.63115,1.6319,1.60,1.60
2009.06.30 01:36:48.794,1.63115,1.63195,1.60,1.60
2009.06.30 01:36:49.724,1.63105,1.6318,1.60,3.20
2009.06.30 01:36:49.954,1.63105,1.6317,1.60,3.20
2009.06.30 01:36:54.163,1.631,1.6317,1.60,3.20
2009.06.30 01:36:54.673,1.631,1.6317,1.60,4.80
2009.06.30 01:36:58.522,1.631,1.63165,1.60,1.60
2009.06.30 01:37:00.451,1.631,1.6317,1.60,4.80
2009.06.30 01:37:04.130,1.63105,1.6317,1.60,4.80
2009.06.30 01:37:04.410,1.6311,1.6317,1.60,4.80
2009.06.30 01:37:04.520,1.6311,1.63175,1.60,1.60
2009.06.30 01:37:04.760,1.6311,1.6318,1.60,4.80
2009.06.30 01:37:05.390,1.631,1.6317,1.60,3.20
2009.06.30 01:37:05.750,1.63105,1.6317,1.60,1.60
2009.06.30 01:37:06.100,1.63105,1.63175,1.60,1.60
2009.06.30 01:37:06.490,1.6311,1.63175,1.60,1.60
2009.06.30 01:37:06.780,1.63115,1.63185,1.60,1.60
2009.06.30 01:37:08.719,1.63105,1.6317,1.60,3.20
2009.06.30 01:37:09.009,1.63105,1.6317,1.60,6.40
2009.06.30 01:37:09.479,1.63095,1.6317,1.60,8.00
2009.06.30 01:37:14.568,1.631,1.6316,1.60,3.20
2009.06.30 01:37:15.218,1.63105,1.6317,1.60,4.80
2009.06.30 01:37:16.368,1.631,1.6316,1.60,3.20
2009.06.30 01:37:16.707,1.631,1.63165,1.60,1.60
2009.06.30 01:37:17.537,1.63105,1.63165,1.60,1.60
2009.06.30 01:37:17.767,1.63105,1.6317,1.60,4.80
2009.06.30 01:37:20.536,1.63105,1.6317,1.60,3.20
2009.06.30 01:37:26.875,1.6311,1.6317,1.60,3.20
2009.06.30 01:37:27.105,1.63125,1.6317,1.60,3.20
2009.06.30 01:37:27.345,1.63125,1.63175,1.60,1.60
2009.06.30 01:37:27.615,1.63125,1.6319,1.60,1.60
2009.06.30 01:37:27.665,1.63125,1.63195,1.60,1.60
2009.06.30 01:37:27.905,1.63125,1.632,1.60,1.60
2009.06.30 01:37:36.413,1.63135,1.632,1.60,1.60
2009.06.30 01:37:36.773,1.63135,1.6321,1.60,1.60
2009.06.30 01:37:37.512,1.63135,1.63215,1.60,1.60
2009.06.30 01:37:50.059,1.63125,1.63215,1.60,4.80
2009.06.30 01:37:50.749,1.63125,1.6321,1.60,1.60
2009.06.30 01:37:54.508,1.6312,1.63205,1.60,3.20
2009.06.30 01:37:55.088,1.6312,1.632,1.60,1.60
2009.06.30 01:37:55.438,1.6312,1.63195,1.60,1.60
2009.06.30 01:37:56.118,1.63125,1.63195,1.60,1.60
2009.06.30 01:37:56.358,1.63125,1.632,1.60,1.60
2009.06.30 01:37:57.458,1.63135,1.632,1.60,1.60
2009.06.30 01:37:57.678,1.63135,1.6321,1.60,4.80
2009.06.30 01:37:58.837,1.63125,1.6321,1.60,4.80
2009.06.30 01:37:59.127,1.63125,1.632,1.60,1.60
2009.06.30 01:37:59.527,1.63125,1.632,1.60,4.80
2009.06.30 01:37:59.877,1.63125,1.63195,1.60,1.60
2009.06.30 01:38:00.227,1.63125,1.6318,1.60,1.60
2009.06.30 01:38:00.567,1.63125,1.63185,1.60,1.60
2009.06.30 01:38:02.466,1.63115,1.6318,1.60,3.20
2009.06.30 01:38:02.586,1.63115,1.6317,1.60,1.60
2009.06.30 01:38:02.646,1.6312,1.6317,1.60,3.20
2009.06.30 01:38:02.756,1.6312,1.6317,1.60,4.80
2009.06.30 01:38:02.816,1.63105,1.63165,1.60,1.60
2009.06.30 01:38:19.062,1.631,1.6315,3.40,3.20
2009.06.30 01:38:19.182,1.631,1.63145,1.60,3.20
2009.06.30 01:38:19.602,1.63085,1.63145,1.60,4.80
2009.06.30 01:38:19.902,1.6307,1.6314,1.60,1.60
2009.06.30 01:38:30.580,1.6307,1.6314,1.60,4.80
2009.06.30 01:38:33.409,1.63065,1.6313,1.60,3.20
2009.06.30 01:38:33.749,1.6307,1.6313,1.60,3.20
2009.06.30 01:38:33.989,1.63065,1.63135,1.60,1.60
2009.06.30 01:38:34.159,1.6307,1.63135,1.60,1.60
2009.06.30 01:38:34.629,1.6307,1.6314,1.60,4.80
2009.06.30 01:38:35.379,1.6307,1.6314,1.60,3.20
2009.06.30 01:38:35.598,1.6307,1.6314,1.60,4.80
2009.06.30 01:38:45.046,1.63075,1.6314,1.60,4.80
2009.06.30 01:38:45.716,1.63075,1.6314,1.60,3.20
2009.06.30 01:38:53.754,1.63075,1.6314,1.60,1.60
2009.06.30 01:38:53.994,1.63075,1.63145,1.60,1.60
2009.06.30 01:38:54.104,1.6308,1.63145,1.60,1.60
2009.06.30 01:38:54.564,1.6308,1.6315,1.60,4.80
2009.06.30 01:38:57.553,1.63085,1.6315,1.60,4.80
2009.06.30 01:38:58.003,1.63085,1.6315,1.60,3.20
2009.06.30 01:38:59.942,1.63095,1.6315,1.60,3.20
2009.06.30 01:39:00.122,1.63095,1.63155,1.60,1.60
2009.06.30 01:39:00.242,1.63095,1.6316,1.60,4.80
2009.06.30 01:39:00.522,1.63095,1.6316,1.60,3.20
2009.06.30 01:39:02.702,1.63085,1.6316,1.60,6.40
2009.06.30 01:39:03.122,1.63085,1.63155,1.60,1.60
2009.06.30 01:39:04.181,1.6308,1.63155,5.20,4.80
2009.06.30 01:39:04.411,1.6308,1.6315,3.60,1.60
2009.06.30 01:39:04.461,1.6308,1.6315,3.20,4.80
2009.06.30 01:39:04.911,1.6308,1.6315,1.60,4.80
2009.06.30 01:39:06.461,1.6307,1.63145,5.20,3.20
2009.06.30 01:39:06.571,1.6307,1.6314,3.20,3.20
2009.06.30 01:39:06.971,1.6307,1.6314,3.20,4.80
2009.06.30 01:39:09.400,1.63075,1.6314,1.60,8.00
2009.06.30 01:39:09.790,1.63075,1.6313,1.60,1.60
2009.06.30 01:39:09.850,1.63075,1.6313,1.60,3.20
2009.06.30 01:39:10.260,1.63065,1.6313,1.60,3.20
2009.06.30 01:39:12.969,1.63065,1.63135,1.60,1.60
2009.06.30 01:39:16.048,1.6307,1.63135,1.60,1.60
2009.06.30 01:39:16.569,1.6307,1.6314,1.60,4.80
2009.06.30 01:39:27.886,1.63065,1.6314,3.20,8.00
2009.06.30 01:39:28.186,1.63065,1.63135,1.60,1.60
2009.06.30 01:39:28.835,1.63065,1.63135,3.20,1.60
2009.06.30 01:39:29.235,1.6307,1.63135,1.60,4.80
2009.06.30 01:39:29.525,1.6306,1.6313,1.60,4.80
2009.06.30 01:39:30.325,1.6306,1.6313,3.60,1.60
2009.06.30 01:39:36.974,1.6307,1.63135,1.60,1.60
2009.06.30 01:39:37.323,1.6307,1.6314,1.60,4.80
2009.06.30 01:39:46.391,1.6306,1.6313,2.00,3.20
2009.06.30 01:39:46.661,1.6306,1.6313,1.60,4.80
2009.06.30 01:39:50.510,1.63065,1.6313,1.60,1.60
2009.06.30 01:39:50.980,1.63065,1.63135,1.60,1.60
2009.06.30 01:40:04.627,1.6306,1.63135,5.20,4.80
2009.06.30 01:40:05.018,1.6306,1.6313,3.60,1.60
2009.06.30 01:40:05.237,1.6306,1.6313,1.60,4.80
2009.06.30 01:40:15.914,1.63075,1.6313,1.60,1.60
2009.06.30 01:40:16.424,1.63075,1.63145,1.60,1.60
2009.06.30 01:40:17.764,1.6308,1.63145,3.20,1.60
2009.06.30 01:40:17.934,1.6308,1.63145,3.60,1.60
2009.06.30 01:40:18.164,1.6308,1.6315,3.60,1.60
2009.06.30 01:40:18.664,1.63095,1.6315,1.60,1.60
2009.06.30 01:40:19.114,1.63095,1.6316,1.60,4.80
2009.06.30 01:40:19.284,1.631,1.6316,1.60,4.80
2009.06.30 01:40:19.453,1.631,1.6316,1.60,1.60
2009.06.30 01:40:21.403,1.631,1.63165,1.60,1.60
2009.06.30 01:40:22.932,1.631,1.6317,1.60,1.60
2009.06.30 01:40:23.052,1.631,1.63175,1.60,1.60
2009.06.30 01:40:24.053,1.63105,1.63175,1.60,1.60
2009.06.30 01:40:24.442,1.63105,1.6319,1.60,1.60
2009.06.30 01:40:25.932,1.63105,1.63195,1.60,1.60
2009.06.30 01:40:26.252,1.63105,1.632,1.60,1.60
2009.06.30 01:40:27.501,1.6311,1.6317,1.80,3.20
2009.06.30 01:40:27.671,1.631,1.63165,1.60,3.20
2009.06.30 01:40:27.841,1.63095,1.63165,1.60,3.20
2009.06.30 01:40:28.001,1.6308,1.63165,1.60,4.80
2009.06.30 01:40:29.791,1.63075,1.6315,1.60,8.00
2009.06.30 01:40:30.011,1.63075,1.6314,1.60,3.20
2009.06.30 01:40:31.230,1.63065,1.6314,3.20,6.40
2009.06.30 01:40:31.820,1.63065,1.63135,1.60,1.60
2009.06.30 01:40:32.110,1.6307,1.63135,1.60,1.60
2009.06.30 01:40:32.780,1.6307,1.6314,1.60,4.80
2009.06.30 01:40:33.480,1.6307,1.6313,1.60,3.20
2009.06.30 01:40:33.810,1.6307,1.6314,3.40,8.00
2009.06.30 01:40:34.050,1.63065,1.63135,1.60,1.60
2009.06.30 01:40:37.049,1.6307,1.63135,1.60,1.60
2009.06.30 01:40:37.229,1.6307,1.6314,1.60,4.80
2009.06.30 01:40:44.817,1.6308,1.6314,1.60,4.80
2009.06.30 01:40:45.297,1.63095,1.63145,1.60,1.60
2009.06.30 01:40:45.707,1.63095,1.6319,1.60,1.60
2009.06.30 01:40:46.047,1.63095,1.63195,1.60,1.60
2009.06.30 01:40:47.737,1.63105,1.63185,1.60,1.60
2009.06.30 01:40:47.916,1.63105,1.632,1.60,1.60
2009.06.30 01:40:57.374,1.63115,1.632,1.60,1.60
2009.06.30 01:40:57.664,1.63115,1.632,1.60,3.20
2009.06.30 01:40:57.724,1.63115,1.632,1.60,4.80
2009.06.30 01:40:57.844,1.63115,1.632,1.60,3.20
2009.06.30 01:41:00.853,1.6311,1.632,1.60,3.20
2009.06.30 01:41:01.323,1.6311,1.63205,1.60,1.60
2009.06.30 01:41:05.972,1.6311,1.632,1.60,3.20
2009.06.30 01:41:06.252,1.6311,1.63205,1.60,1.60
2009.06.30 01:41:06.532,1.6311,1.63195,1.60,1.60
2009.06.30 01:41:16.620,1.6311,1.63205,1.60,1.60
2009.06.30 01:41:21.458,1.6311,1.63195,1.60,1.60
2009.06.30 01:41:31.696,1.6311,1.632,1.60,1.60
2009.06.30 01:41:37.115,1.63125,1.632,1.60,1.60
2009.06.30 01:41:37.674,1.63125,1.63205,1.60,1.60
2009.06.30 01:41:38.504,1.6314,1.63205,1.60,1.60
2009.06.30 01:41:38.974,1.6314,1.6321,1.60,1.60
2009.06.30 01:41:39.094,1.6314,1.63215,1.60,1.60
2009.06.30 01:41:40.924,1.6314,1.63205,1.60,1.00
2009.06.30 01:41:41.384,1.63145,1.63175,1.60,3.20
2009.06.30 01:41:41.684,1.63135,1.6321,1.60,1.60
2009.06.30 01:41:42.004,1.631,1.6321,1.60,1.60
2009.06.30 01:41:43.353,1.63105,1.6318,1.60,4.80
2009.06.30 01:41:43.513,1.63105,1.6318,1.60,6.40
2009.06.30 01:41:43.633,1.63095,1.6318,1.60,8.00
2009.06.30 01:41:43.853,1.63095,1.63175,1.60,1.60
2009.06.30 01:41:46.632,1.6309,1.6316,1.60,3.20
2009.06.30 01:41:46.872,1.6309,1.6316,1.60,4.80
2009.06.30 01:41:47.113,1.6309,1.6316,1.60,8.00
2009.06.30 01:41:54.970,1.63095,1.6316,1.60,4.80
2009.06.30 01:41:55.250,1.6309,1.6316,1.60,6.40
2009.06.30 01:41:55.890,1.6309,1.6316,1.60,8.00
2009.06.30 01:41:58.780,1.6308,1.63155,1.60,3.20
2009.06.30 01:41:59.129,1.6308,1.6315,1.60,1.60
2009.06.30 01:41:59.189,1.6308,1.6315,1.60,3.20
2009.06.30 01:41:59.359,1.6308,1.6315,1.60,4.80
2009.06.30 01:42:24.953,1.6308,1.63145,1.60,1.60
2009.06.30 01:42:25.543,1.63095,1.6317,1.60,1.60
2009.06.30 01:42:25.763,1.631,1.6317,1.60,1.60
2009.06.30 01:42:25.943,1.631,1.6318,1.60,1.60
2009.06.30 01:42:26.163,1.631,1.63185,1.60,1.60
2009.06.30 01:42:44.788,1.63095,1.63195,1.60,1.60
2009.06.30 01:42:50.047,1.63105,1.63195,1.60,1.60
2009.06.30 01:42:53.426,1.63105,1.6319,1.60,1.60
2009.06.30 01:42:55.366,1.631,1.6319,3.60,1.60
2009.06.30 01:42:55.476,1.631,1.6319,1.60,1.60
2009.06.30 01:42:55.956,1.631,1.63185,3.60,1.60
2009.06.30 01:42:56.295,1.631,1.63185,1.60,1.60
2009.06.30 01:42:58.185,1.63095,1.63185,1.60,1.60
2009.06.30 01:42:58.915,1.63095,1.6318,1.60,1.60
2009.06.30 01:43:02.114,1.6309,1.6318,1.60,1.60
2009.06.30 01:43:02.224,1.63085,1.6318,1.60,1.60
2009.06.30 01:43:02.504,1.6308,1.63175,1.60,1.60
2009.06.30 01:43:02.555,1.63075,1.63175,1.60,4.80
2009.06.30 01:43:02.904,1.63075,1.6316,1.60,1.60
2009.06.30 01:43:08.703,1.63085,1.6316,1.60,1.60
2009.06.30 01:43:09.182,1.63085,1.63165,1.60,1.60
2009.06.30 01:43:12.861,1.63095,1.63175,1.60,1.60
2009.06.30 01:43:14.412,1.6309,1.63175,1.60,4.80
2009.06.30 01:43:14.701,1.6309,1.6317,1.60,1.60
2009.06.30 01:43:16.681,1.63095,1.6317,1.60,1.60
2009.06.30 01:43:16.911,1.63095,1.63175,1.60,1.60
2009.06.30 01:43:18.010,1.6309,1.63175,1.60,4.80
2009.06.30 01:43:18.580,1.6309,1.6317,1.60,1.60
2009.06.30 01:43:31.467,1.63095,1.6317,1.60,1.60
2009.06.30 01:43:31.687,1.63095,1.63175,1.60,1.60
2009.06.30 01:43:33.157,1.6309,1.63175,1.60,4.80
2009.06.30 01:43:33.387,1.63085,1.6317,1.60,4.80
2009.06.30 01:43:33.967,1.6308,1.6315,1.60,3.20
2009.06.30 01:43:34.677,1.63075,1.63145,1.60,1.60
2009.06.30 01:43:35.126,1.63075,1.6314,1.60,1.60
2009.06.30 01:43:35.466,1.63075,1.6314,1.60,3.20
2009.06.30 01:43:36.966,1.6308,1.63145,1.60,1.60
2009.06.30 01:43:37.246,1.63085,1.6315,1.60,3.20
2009.06.30 01:43:37.746,1.6308,1.6315,1.60,3.20
2009.06.30 01:43:38.206,1.6308,1.6315,1.60,4.80
2009.06.30 01:43:40.645,1.6307,1.6315,1.60,8.00
2009.06.30 01:43:40.995,1.6308,1.6315,1.60,4.80
2009.06.30 01:43:41.945,1.63075,1.6314,1.60,3.20
2009.06.30 01:43:43.324,1.6308,1.6314,1.60,3.20
2009.06.30 01:43:43.494,1.6308,1.6314,1.60,1.60
2009.06.30 01:43:43.554,1.6308,1.63145,1.60,1.60
2009.06.30 01:43:43.734,1.6308,1.6315,1.60,4.80
2009.06.30 01:43:59.270,1.6308,1.6315,1.60,3.20
2009.06.30 01:43:59.620,1.6308,1.6315,1.60,1.60
2009.06.30 01:43:59.850,1.6308,1.6315,1.60,3.20
2009.06.30 01:44:00.030,1.6308,1.6315,1.60,4.80
2009.06.30 01:44:26.114,1.6308,1.6315,1.60,1.60
2009.06.30 01:44:26.894,1.6308,1.6316,1.60,4.80
2009.06.30 01:44:28.413,1.6308,1.63155,1.60,1.60
2009.06.30 01:44:36.541,1.6308,1.6315,1.60,1.60
2009.06.30 01:44:47.229,1.63075,1.6314,1.60,1.60
2009.06.30 01:44:47.409,1.63075,1.6314,1.60,3.20
2009.06.30 01:45:08.004,1.63085,1.6314,1.60,1.60
2009.06.30 01:45:08.294,1.63085,1.63145,1.60,1.60
2009.06.30 01:45:08.414,1.63085,1.6315,1.60,4.80
2009.06.30 01:45:08.644,1.63085,1.6315,1.60,1.60
2009.06.30 01:45:08.694,1.63085,1.63155,1.60,1.60
2009.06.30 01:45:10.243,1.63085,1.6315,1.60,3.20
2009.06.30 01:45:21.501,1.6308,1.6315,1.60,3.20
2009.06.30 01:45:21.921,1.6308,1.6315,1.60,4.80
2009.06.30 01:45:26.529,1.63085,1.6315,1.60,4.80
2009.06.30 01:45:26.859,1.63085,1.6315,1.60,3.20
2009.06.30 01:45:28.649,1.6308,1.6315,1.60,3.20
2009.06.30 01:45:28.759,1.6308,1.6315,1.60,4.80
2009.06.30 01:45:29.109,1.6308,1.6315,1.60,3.20
2009.06.30 01:45:29.159,1.6308,1.6315,1.60,1.60
2009.06.30 01:45:29.689,1.6308,1.63155,1.60,1.60
2009.06.30 01:45:29.979,1.6308,1.6316,1.60,4.80
2009.06.30 01:45:37.347,1.6308,1.63155,1.60,3.20
2009.06.30 01:45:37.527,1.6308,1.6315,1.60,3.20
2009.06.30 01:45:37.867,1.6308,1.6315,1.60,4.80
2009.06.30 01:46:17.397,1.63085,1.6315,1.60,4.80
2009.06.30 01:46:17.907,1.63085,1.6315,1.60,3.20
2009.06.30 01:46:18.817,1.63075,1.6314,3.20,1.60
2009.06.30 01:46:18.997,1.63075,1.6314,1.60,3.20
2009.06.30 01:46:19.517,1.63075,1.6314,1.60,4.80
2009.06.30 01:46:21.286,1.6308,1.6314,1.60,4.80
2009.06.30 01:46:21.456,1.6308,1.6314,1.60,1.60
2009.06.30 01:46:21.787,1.6308,1.63145,1.60,1.60
2009.06.30 01:46:22.206,1.6308,1.63155,1.60,1.60
2009.06.30 01:46:22.836,1.6308,1.6316,1.60,4.80
2009.06.30 01:46:23.595,1.6309,1.6316,1.60,4.80
2009.06.30 01:46:48.190,1.63085,1.6316,1.60,8.00
2009.06.30 01:46:48.370,1.63085,1.6315,1.60,3.20
2009.06.30 01:46:53.558,1.6309,1.6315,1.60,3.20
2009.06.30 01:46:53.668,1.6309,1.6315,1.60,1.60
2009.06.30 01:46:53.848,1.6309,1.63155,1.60,1.60
2009.06.30 01:46:54.018,1.6309,1.6316,1.60,4.80
2009.06.30 01:47:04.006,1.63085,1.6316,1.60,8.00
2009.06.30 01:47:10.484,1.6309,1.6315,1.60,3.20
2009.06.30 01:47:10.594,1.6309,1.6315,1.60,1.60
2009.06.30 01:47:10.714,1.6309,1.63155,1.60,1.60
2009.06.30 01:47:10.824,1.63105,1.63155,1.60,1.60
2009.06.30 01:47:11.064,1.63115,1.63155,1.60,1.60
2009.06.30 01:47:11.344,1.63115,1.6317,1.60,1.60
2009.06.30 01:47:11.584,1.63115,1.63175,1.60,1.60
2009.06.30 01:47:12.714,1.63115,1.6318,1.60,1.60
2009.06.30 01:47:12.944,1.63115,1.63185,1.60,1.60
2009.06.30 01:47:17.513,1.63115,1.6319,1.60,1.60
2009.06.30 01:47:21.831,1.63115,1.63195,1.60,1.60
2009.06.30 01:47:27.700,1.63115,1.632,1.60,1.60
2009.06.30 01:47:27.880,1.63115,1.63195,1.60,1.60
2009.06.30 01:47:33.209,1.63115,1.6319,1.60,1.60
2009.06.30 01:47:33.599,1.63115,1.6319,1.60,3.20
2009.06.30 01:47:33.659,1.63115,1.6319,1.60,4.80
2009.06.30 01:47:35.938,1.63115,1.6319,1.60,3.20
2009.06.30 01:47:36.818,1.63115,1.6319,1.60,4.80
2009.06.30 01:47:37.848,1.63115,1.6319,1.60,1.60
2009.06.30 01:47:47.056,1.6311,1.6319,1.60,4.80
2009.06.30 01:47:47.295,1.6311,1.63185,1.60,1.60
2009.06.30 01:47:52.984,1.6312,1.63185,1.60,1.60
2009.06.30 01:47:53.274,1.6312,1.6319,1.60,1.60
2009.06.30 01:47:53.504,1.6312,1.63195,1.60,1.60
2009.06.30 01:48:04.492,1.63125,1.63195,1.60,1.60
2009.06.30 01:48:04.791,1.63125,1.632,1.60,1.60
2009.06.30 01:48:09.080,1.63125,1.63205,1.60,1.60
2009.06.30 01:48:09.290,1.63115,1.63205,3.20,1.60
2009.06.30 01:48:09.970,1.63115,1.63205,1.60,1.60
2009.06.30 01:48:16.349,1.63115,1.632,1.60,3.20
2009.06.30 01:48:16.458,1.63115,1.632,1.60,4.80
2009.06.30 01:48:16.619,1.63115,1.632,1.60,6.40
2009.06.30 01:48:16.969,1.63115,1.6319,1.60,1.60
2009.06.30 01:49:07.036,1.6311,1.6319,1.60,4.80
2009.06.30 01:49:07.476,1.6311,1.63185,1.60,1.60
2009.06.30 01:49:07.646,1.63115,1.63185,1.60,1.60
2009.06.30 01:49:07.986,1.63115,1.6319,1.60,4.80
2009.06.30 01:49:18.273,1.63115,1.63185,1.60,1.60
2009.06.30 01:49:28.012,1.63115,1.6319,1.60,4.80
2009.06.30 01:49:52.415,1.63115,1.6319,1.60,1.60
2009.06.30 01:49:55.944,1.63115,1.6319,1.60,4.80
2009.06.30 01:49:58.754,1.6312,1.6319,1.60,4.80
2009.06.30 01:49:58.864,1.6312,1.6319,1.60,3.20
2009.06.30 01:49:58.974,1.6312,1.6319,1.60,1.60
2009.06.30 01:49:59.094,1.6312,1.63195,1.60,1.60
2009.06.30 01:50:11.900,1.63125,1.63195,1.60,1.60
2009.06.30 01:50:12.310,1.63125,1.63205,1.60,1.60
2009.06.30 01:50:12.480,1.63125,1.632,1.60,1.60
2009.06.30 01:50:12.661,1.63125,1.63205,1.60,1.60
2009.06.30 01:50:12.950,1.63125,1.632,1.60,1.60
2009.06.30 01:50:22.708,1.6312,1.632,1.60,1.60
2009.06.30 01:50:22.888,1.6312,1.632,1.60,4.80
2009.06.30 01:50:22.948,1.6312,1.63195,1.60,1.60
2009.06.30 01:50:51.281,1.6312,1.6319,1.60,1.60
2009.06.30 01:50:51.551,1.6312,1.63195,1.60,1.60
2009.06.30 01:51:01.368,1.6311,1.63195,1.60,4.80
2009.06.30 01:51:01.598,1.6311,1.6319,1.60,1.60
2009.06.30 01:51:05.488,1.6312,1.6319,1.60,1.60
2009.06.30 01:51:05.647,1.63115,1.6319,1.60,1.60
2009.06.30 01:51:05.878,1.63115,1.63195,1.60,1.60
2009.06.30 01:51:06.168,1.6312,1.6319,1.60,1.60
2009.06.30 01:51:06.737,1.63115,1.6319,1.60,1.60
2009.06.30 01:51:07.207,1.63115,1.63185,1.60,1.60
2009.06.30 01:51:16.215,1.63115,1.6319,1.60,1.60
2009.06.30 01:51:16.725,1.63115,1.63195,1.60,1.60
2009.06.30 01:51:25.923,1.63115,1.63185,1.60,1.60
2009.06.30 01:51:35.760,1.63115,1.6319,1.60,1.60
2009.06.30 01:51:36.580,1.63115,1.63195,1.60,1.60
2009.06.30 01:51:36.820,1.63115,1.63185,1.60,1.60
2009.06.30 01:51:37.360,1.63115,1.6319,1.60,1.60
2009.06.30 01:51:46.868,1.63115,1.63185,1.60,1.60
2009.06.30 01:51:56.715,1.63115,1.6319,1.60,1.60
2009.06.30 01:51:57.695,1.63115,1.63195,1.60,1.60
2009.06.30 01:52:05.383,1.6312,1.63195,1.60,1.60
2009.06.30 01:52:05.833,1.6312,1.632,1.60,1.60
2009.06.30 01:52:17.410,1.63125,1.632,1.60,1.60
2009.06.30 01:52:17.640,1.63125,1.63205,1.60,1.60
2009.06.30 01:52:36.416,1.6313,1.6321,1.60,1.60
2009.06.30 01:52:36.636,1.63125,1.6321,1.60,4.80
2009.06.30 01:52:37.395,1.63125,1.63205,1.60,1.60
2009.06.30 01:52:46.203,1.63125,1.632,1.60,1.60
2009.06.30 01:52:46.373,1.63125,1.63205,1.60,1.60
2009.06.30 01:53:07.248,1.6312,1.63205,1.60,4.80
2009.06.30 01:53:07.888,1.6312,1.632,1.60,1.60
2009.06.30 01:53:26.453,1.63125,1.632,1.60,1.60
2009.06.30 01:53:27.093,1.63125,1.6321,1.60,1.60
2009.06.30 01:53:27.443,1.63125,1.6322,1.60,8.00
2009.06.30 01:53:33.242,1.63135,1.6322,1.60,3.20
2009.06.30 01:53:33.522,1.63135,1.6322,1.60,1.60
2009.06.30 01:53:47.869,1.6315,1.6322,1.60,1.60
2009.06.30 01:53:48.438,1.6315,1.6323,1.60,1.60
2009.06.30 01:53:48.618,1.6316,1.6323,1.60,1.60
2009.06.30 01:53:49.068,1.6316,1.63225,1.60,1.60
2009.06.30 01:53:49.238,1.6316,1.6323,1.60,1.60
2009.06.30 01:53:51.538,1.6315,1.6323,1.60,1.60
2009.06.30 01:53:51.707,1.6316,1.6323,1.60,1.60
2009.06.30 01:53:51.868,1.6315,1.6323,1.60,1.60
2009.06.30 01:53:55.207,1.6316,1.6323,1.60,1.60
2009.06.30 01:53:59.476,1.6316,1.63235,1.60,1.60
2009.06.30 01:54:02.305,1.63165,1.63235,1.60,1.60
2009.06.30 01:54:02.705,1.6316,1.63235,1.60,1.60
2009.06.30 01:54:02.815,1.6316,1.6324,1.60,1.60
2009.06.30 01:54:03.055,1.6316,1.63235,1.60,1.60
2009.06.30 01:54:10.133,1.63155,1.6323,1.60,3.20
2009.06.30 01:54:10.713,1.63155,1.6323,1.60,4.80
2009.06.30 01:54:12.952,1.63145,1.6321,1.60,3.20
2009.06.30 01:54:13.242,1.63145,1.632,1.60,3.20
2009.06.30 01:54:13.412,1.63135,1.632,1.60,3.20
2009.06.30 01:54:13.712,1.6314,1.632,1.60,3.20
2009.06.30 01:54:13.872,1.6314,1.632,3.20,1.60
2009.06.30 01:54:21.510,1.63135,1.6323,1.60,1.60
2009.06.30 01:54:21.970,1.63135,1.63225,1.60,1.60
2009.06.30 01:54:22.420,1.6313,1.63215,1.60,1.60
2009.06.30 01:54:22.890,1.63135,1.63215,1.60,1.60
2009.06.30 01:54:23.060,1.63135,1.6322,1.60,1.60
2009.06.30 01:54:31.778,1.63135,1.63225,1.60,1.60
2009.06.30 01:54:40.616,1.6313,1.63225,1.60,4.80
2009.06.30 01:54:40.796,1.6313,1.63215,1.60,1.60
2009.06.30 01:54:41.306,1.63135,1.6322,1.60,1.60
2009.06.30 01:54:41.765,1.63135,1.63225,1.60,1.60
2009.06.30 01:54:50.773,1.63135,1.6323,1.60,1.60
2009.06.30 01:54:53.832,1.6315,1.6323,1.60,1.60
2009.06.30 01:54:57.592,1.63125,1.6319,1.60,4.80
2009.06.30 01:54:57.761,1.63125,1.6319,1.60,3.20
2009.06.30 01:55:07.389,1.63125,1.6319,1.60,1.60
2009.06.30 01:55:07.629,1.63125,1.63195,1.60,1.60
2009.06.30 01:55:07.859,1.6313,1.63195,1.60,1.60
2009.06.30 01:55:08.089,1.63135,1.632,1.60,4.80
2009.06.30 01:55:08.479,1.63135,1.632,1.60,3.20
2009.06.30 01:55:11.498,1.6315,1.632,1.60,3.20
2009.06.30 01:55:11.848,1.6315,1.63205,1.60,1.60
2009.06.30 01:55:12.178,1.6314,1.6321,1.60,3.20
2009.06.30 01:55:20.016,1.63145,1.6321,1.60,3.20
2009.06.30 01:55:20.126,1.63145,1.632,1.60,3.20
2009.06.30 01:55:20.476,1.6313,1.632,1.60,3.20
2009.06.30 01:55:20.926,1.63135,1.632,1.60,4.80
2009.06.30 01:55:21.276,1.63135,1.632,1.60,3.20
2009.06.30 01:55:23.175,1.6313,1.632,1.60,3.20
2009.06.30 01:55:23.455,1.6313,1.632,1.60,4.80
2009.06.30 01:55:28.274,1.63135,1.632,1.60,4.80
2009.06.30 01:55:28.514,1.63135,1.632,1.60,3.20
2009.06.30 01:55:28.694,1.6315,1.63205,1.60,1.60
2009.06.30 01:55:29.094,1.6315,1.6322,1.60,1.60
2009.06.30 01:55:29.884,1.63155,1.6322,1.60,1.60
2009.06.30 01:55:30.104,1.63155,1.63235,1.60,1.60
2009.06.30 01:55:33.803,1.63155,1.6324,1.60,1.60
2009.06.30 01:55:42.221,1.6314,1.6321,1.60,4.80
2009.06.30 01:55:47.730,1.63145,1.6321,1.60,1.60
2009.06.30 01:55:48.129,1.63145,1.63215,1.60,1.60
2009.06.30 01:55:49.139,1.6314,1.6321,1.60,3.20
2009.06.30 01:55:49.249,1.6314,1.6321,1.60,4.80
2009.06.30 01:55:51.319,1.63145,1.6321,1.60,1.60
2009.06.30 01:55:51.828,1.63145,1.63215,1.60,1.60
2009.06.30 01:55:52.179,1.63145,1.63225,1.60,4.80
2009.06.30 01:55:52.639,1.63155,1.63225,1.60,1.60
2009.06.30 01:56:13.063,1.6316,1.63225,1.60,1.60
2009.06.30 01:56:13.593,1.6316,1.6323,1.60,1.60
2009.06.30 01:56:17.562,1.6316,1.6323,1.60,3.20
2009.06.30 01:56:17.852,1.6316,1.6323,1.60,4.80
2009.06.30 01:56:20.362,1.63165,1.6324,1.60,1.60
2009.06.30 01:56:20.692,1.63165,1.63245,1.60,4.80
2009.06.30 01:56:21.041,1.63165,1.6324,1.60,1.60
2009.06.30 01:56:26.840,1.63175,1.6324,1.60,3.20
2009.06.30 01:56:27.140,1.63175,1.6324,1.60,1.60
2009.06.30 01:56:27.480,1.63165,1.63245,1.60,4.80
2009.06.30 01:56:27.950,1.63165,1.6324,1.60,1.60
2009.06.30 01:56:29.909,1.63175,1.6324,1.60,1.60
2009.06.30 01:56:30.079,1.63175,1.63245,1.60,1.60
2009.06.30 01:56:30.429,1.63175,1.6324,1.60,3.20
2009.06.30 01:56:32.419,1.63175,1.6324,1.60,1.60
2009.06.30 01:56:32.589,1.63175,1.63245,1.60,1.60
2009.06.30 01:56:33.298,1.63175,1.6324,1.60,3.20
2009.06.30 01:56:35.608,1.63175,1.63245,1.60,1.60
2009.06.30 01:56:35.948,1.63175,1.6324,1.60,3.20
2009.06.30 01:56:42.686,1.63165,1.6324,1.60,4.80
2009.06.30 01:56:43.076,1.63165,1.63235,1.60,1.60
2009.06.30 01:56:43.857,1.6316,1.63235,1.60,4.80
2009.06.30 01:56:44.076,1.6316,1.6323,1.60,1.60
2009.06.30 01:56:46.805,1.6315,1.63225,5.20,3.20
2009.06.30 01:56:47.145,1.6315,1.63225,3.20,4.80
2009.06.30 01:56:47.425,1.6315,1.6322,1.60,1.60
2009.06.30 01:56:48.675,1.63145,1.6322,1.60,4.80
2009.06.30 01:56:49.194,1.63145,1.6322,1.60,6.40
2009.06.30 01:56:49.415,1.63145,1.63215,1.60,1.60
2009.06.30 01:56:49.755,1.6314,1.6321,1.60,3.20
2009.06.30 01:56:50.274,1.6314,1.6321,1.60,4.80
2009.06.30 01:56:56.283,1.6313,1.63205,1.60,3.20
2009.06.30 01:56:56.513,1.6313,1.63205,1.60,4.80
2009.06.30 01:56:56.793,1.6312,1.63205,3.20,4.80
2009.06.30 01:56:57.033,1.63125,1.632,1.60,1.60
2009.06.30 01:56:57.323,1.63125,1.6321,1.60,1.60
2009.06.30 01:56:57.603,1.6313,1.63205,1.60,3.20
2009.06.30 01:56:58.172,1.63125,1.63205,1.60,1.60
2009.06.30 01:56:58.443,1.63135,1.6321,1.60,1.60
2009.06.30 01:56:58.673,1.63125,1.6321,1.60,1.60
2009.06.30 01:56:59.012,1.6313,1.63205,1.60,3.20
2009.06.30 01:56:59.352,1.6313,1.63205,1.60,4.80
2009.06.30 01:57:00.052,1.6312,1.63205,3.20,4.80
2009.06.30 01:57:00.172,1.6312,1.63205,1.60,4.80
2009.06.30 01:57:00.562,1.6313,1.63205,1.60,4.80
2009.06.30 01:57:01.202,1.6312,1.63205,1.60,4.80
2009.06.30 01:57:01.362,1.6312,1.63205,3.20,4.80
2009.06.30 01:57:01.532,1.6312,1.63205,1.60,4.80
2009.06.30 01:57:01.982,1.6313,1.63205,1.60,4.80
2009.06.30 01:57:08.720,1.6312,1.63205,3.20,4.80
2009.06.30 01:57:09.070,1.6312,1.63205,1.60,4.80
2009.06.30 01:57:11.999,1.6313,1.63205,1.60,1.60
2009.06.30 01:57:17.398,1.63125,1.632,1.60,3.20
2009.06.30 01:57:17.678,1.63125,1.63195,1.60,1.60
2009.06.30 01:57:22.007,1.6312,1.6319,1.60,1.60
2009.06.30 01:57:22.517,1.6312,1.6318,1.60,4.80
2009.06.30 01:57:22.637,1.63115,1.6318,1.60,6.40
2009.06.30 01:57:22.867,1.6311,1.6318,1.60,6.40
2009.06.30 01:57:22.987,1.6311,1.6318,1.60,8.00
2009.06.30 01:57:23.696,1.631,1.63175,3.60,3.20
2009.06.30 01:57:23.816,1.631,1.6317,2.00,1.60
2009.06.30 01:57:23.996,1.631,1.6317,1.60,3.20
2009.06.30 01:57:24.356,1.631,1.6317,1.60,4.80
2009.06.30 01:57:27.386,1.63095,1.6317,1.60,8.00
2009.06.30 01:57:27.735,1.63095,1.6316,1.60,3.20
2009.06.30 01:57:28.905,1.631,1.6316,1.60,3.20
2009.06.30 01:57:29.075,1.631,1.6316,1.60,1.60
2009.06.30 01:57:29.258,1.631,1.63165,1.60,1.60
2009.06.30 01:57:29.585,1.631,1.6317,1.60,4.80
2009.06.30 01:57:30.615,1.6311,1.6317,1.60,4.80
2009.06.30 01:57:30.725,1.6311,1.6317,1.60,1.60
2009.06.30 01:57:30.895,1.6311,1.63175,1.60,1.60
2009.06.30 01:57:34.114,1.6313,1.6319,1.60,4.80
2009.06.30 01:57:34.174,1.6313,1.6319,1.60,3.20
2009.06.30 01:57:34.234,1.6313,1.6319,1.60,1.60
2009.06.30 01:57:34.354,1.6313,1.63195,1.60,1.60
2009.06.30 01:57:35.023,1.6312,1.63195,1.60,4.80
2009.06.30 01:57:35.324,1.6312,1.6319,1.60,1.60
2009.06.30 01:57:40.732,1.6311,1.6318,1.60,3.20
2009.06.30 01:57:40.962,1.6311,1.6318,1.60,4.80
2009.06.30 01:57:42.332,1.6311,1.6318,1.60,1.60
2009.06.30 01:57:47.360,1.6311,1.6318,1.60,4.80
2009.06.30 01:57:49.060,1.63115,1.6318,1.60,1.60
2009.06.30 01:57:49.480,1.63115,1.63185,1.60,1.60
2009.06.30 01:57:51.730,1.6312,1.63185,1.60,1.60
2009.06.30 01:57:51.839,1.6312,1.6319,1.60,4.80
2009.06.30 01:58:08.206,1.63125,1.6319,1.60,4.80
2009.06.30 01:58:08.795,1.63125,1.6319,1.60,3.20
2009.06.30 01:58:08.965,1.63125,1.6319,1.60,1.60
2009.06.30 01:58:09.135,1.63125,1.63195,1.60,1.60
2009.06.30 01:58:17.833,1.6312,1.63195,3.60,4.80
2009.06.30 01:58:18.183,1.6312,1.6319,1.60,4.80
2009.06.30 01:58:21.862,1.63115,1.6319,1.60,8.00
2009.06.30 01:58:22.302,1.63115,1.63185,1.60,1.60
2009.06.30 01:58:22.892,1.63115,1.6318,1.60,3.20
2009.06.30 01:58:25.431,1.63115,1.6318,1.60,1.60
2009.06.30 01:58:25.491,1.63115,1.63185,1.60,1.60
2009.06.30 01:58:34.589,1.6312,1.63185,1.60,1.60
2009.06.30 01:58:35.079,1.6312,1.6319,1.60,4.80
2009.06.30 01:58:38.448,1.63115,1.6319,1.60,8.00
2009.06.30 01:58:39.138,1.63115,1.63185,1.60,1.60
2009.06.30 01:58:39.998,1.63115,1.6318,1.60,3.20
2009.06.30 01:58:41.717,1.63115,1.6318,1.60,1.60
2009.06.30 01:58:42.227,1.63115,1.63185,1.60,1.60
2009.06.30 01:58:43.957,1.6313,1.63185,1.60,1.60
2009.06.30 01:58:46.416,1.6314,1.6321,1.60,4.80
2009.06.30 01:58:47.476,1.6314,1.63205,1.60,1.60
2009.06.30 01:58:48.296,1.6314,1.6321,1.60,4.80
2009.06.30 01:58:52.015,1.63125,1.632,3.20,3.20
2009.06.30 01:58:52.435,1.63135,1.632,1.60,4.80
2009.06.30 01:58:53.015,1.63135,1.632,1.60,3.20
2009.06.30 01:59:10.101,1.6314,1.63205,1.60,1.60
2009.06.30 01:59:10.281,1.63135,1.632,1.60,1.60
2009.06.30 01:59:10.520,1.63135,1.632,1.60,3.20
2009.06.30 01:59:19.778,1.6313,1.6319,3.40,3.20
2009.06.30 01:59:20.008,1.6313,1.6319,3.20,4.80
2009.06.30 01:59:38.834,1.6311,1.63185,1.60,4.80
2009.06.30 01:59:41.493,1.6311,1.6318,1.60,3.20
2009.06.30 01:59:43.163,1.6311,1.6318,1.60,4.80
2009.06.30 01:59:47.522,1.6311,1.6318,1.60,1.60
2009.06.30 01:59:58.219,1.631,1.6318,1.60,4.80
