2016.12.08 06:00:00.154,1.42402,1.42418,1.00,1.25
2016.12.08 06:00:00.458,1.42405,1.42421,1.00,2.25
2016.12.08 06:00:01.064,1.42406,1.4242,1.00,1.19
2016.12.08 06:00:02.982,1.42405,1.42419,1.00,1.25
2016.12.08 06:00:03.188,1.42397,1.42417,1.56,1.00
2016.12.08 06:00:03.289,1.42396,1.42414,1.56,1.50
2016.12.08 06:00:03.340,1.42394,1.42413,1.56,1.00
2016.12.08 06:00:03.934,1.42395,1.42414,1.56,1.00
2016.12.08 06:00:05.704,1.42396,1.42416,1.31,1.00
2016.12.08 06:00:05.839,1.42394,1.42415,1.00,1.25
2016.12.08 06:00:05.890,1.424,1.42415,1.00,1.69
2016.12.08 06:00:06.360,1.42393,1.42415,1.31,2.44
2016.12.08 06:00:07.183,1.42393,1.42415,1.56,2.25
2016.12.08 06:00:07.486,1.424,1.42413,1.00,1.00
2016.12.08 06:00:07.801,1.42396,1.42406,1.00,1.00
2016.12.08 06:00:07.852,1.42396,1.42411,1.00,1.75
2016.12.08 06:00:07.903,1.42392,1.42411,1.00,1.75
2016.12.08 06:00:07.954,1.42394,1.4241,1.56,1.50
2016.12.08 06:00:08.055,1.42395,1.42415,3.00,2.25
2016.12.08 06:00:08.728,1.42396,1.42415,1.56,1.50
2016.12.08 06:00:09.322,1.42398,1.42416,1.56,1.00
2016.12.08 06:00:09.373,1.42404,1.42416,1.00,1.00
2016.12.08 06:00:09.423,1.42404,1.42419,1.00,1.00
2016.12.08 06:00:09.474,1.4241,1.4242,1.00,1.50
2016.12.08 06:00:09.638,1.4241,1.42423,1.00,1.50
2016.12.08 06:00:10.144,1.42411,1.42423,1.00,1.50
2016.12.08 06:00:12.073,1.42404,1.42423,1.50,1.00
2016.12.08 06:00:12.930,1.42404,1.42422,1.50,1.00
2016.12.08 06:00:13.493,1.42404,1.42423,1.00,1.00
2016.12.08 06:00:14.030,1.42404,1.42422,1.00,1.00
2016.12.08 06:00:15.214,1.42405,1.42425,1.50,1.50
2016.12.08 06:00:15.266,1.42409,1.42427,1.00,1.75
2016.12.08 06:00:15.469,1.42412,1.4243,3.00,2.25
2016.12.08 06:00:15.570,1.4241,1.42428,1.00,1.00
2016.12.08 06:00:15.673,1.4241,1.42426,1.50,1.00
2016.12.08 06:00:15.775,1.42407,1.42424,1.00,1.00
2016.12.08 06:00:15.978,1.42407,1.42426,1.00,1.87
2016.12.08 06:00:16.244,1.42407,1.42429,1.50,1.87
2016.12.08 06:00:17.098,1.42407,1.42427,1.00,1.00
2016.12.08 06:00:17.604,1.42406,1.42426,3.75,1.00
2016.12.08 06:00:17.755,1.42404,1.42425,1.87,1.00
2016.12.08 06:00:17.806,1.42403,1.42423,3.00,1.00
2016.12.08 06:00:18.109,1.42407,1.42419,1.00,1.00
2016.12.08 06:00:18.506,1.4241,1.4242,1.00,1.00
2016.12.08 06:00:19.241,1.4241,1.42421,1.00,1.00
2016.12.08 06:00:20.317,1.42411,1.42421,1.00,1.00
2016.12.08 06:00:20.382,1.424,1.42421,2.25,1.00
2016.12.08 06:00:21.015,1.424,1.4242,4.50,1.00
2016.12.08 06:00:21.269,1.42402,1.4242,1.00,1.00
2016.12.08 06:00:21.810,1.42403,1.42418,1.00,1.00
2016.12.08 06:00:22.121,1.42403,1.4242,1.00,1.00
2016.12.08 06:00:22.274,1.42403,1.42422,1.00,1.87
2016.12.08 06:00:22.533,1.42403,1.42424,1.50,1.50
2016.12.08 06:00:22.786,1.42406,1.42423,1.00,1.50
2016.12.08 06:00:22.989,1.42402,1.42423,4.50,1.50
2016.12.08 06:00:23.798,1.42403,1.42423,1.00,1.50
2016.12.08 06:00:24.405,1.42408,1.42425,1.00,2.25
2016.12.08 06:00:24.978,1.42408,1.42425,1.00,1.00
2016.12.08 06:00:25.523,1.42408,1.42426,1.00,1.50
2016.12.08 06:00:26.100,1.42408,1.42425,1.00,1.00
2016.12.08 06:00:26.649,1.42407,1.42425,3.75,1.00
2016.12.08 06:00:27.971,1.42408,1.42426,1.00,1.00
2016.12.08 06:00:28.605,1.42408,1.42425,1.00,1.00
2016.12.08 06:00:29.881,1.42408,1.42426,1.00,1.00
2016.12.08 06:00:29.983,1.42408,1.42428,1.00,1.87
2016.12.08 06:00:30.085,1.4241,1.42428,1.00,1.50
2016.12.08 06:00:31.883,1.42411,1.42428,3.00,1.00
2016.12.08 06:00:33.906,1.42411,1.42429,3.00,1.00
2016.12.08 06:00:35.968,1.42411,1.42428,3.00,1.00
2016.12.08 06:00:37.914,1.4241,1.42428,1.00,1.00
2016.12.08 06:00:39.828,1.4241,1.42427,1.00,1.00
2016.12.08 06:00:41.920,1.4241,1.42426,1.00,1.00
2016.12.08 06:00:42.667,1.4241,1.42427,1.00,1.00
2016.12.08 06:00:43.190,1.4241,1.42426,1.00,1.00
2016.12.08 06:00:44.302,1.4241,1.42427,1.00,1.00
2016.12.08 06:00:44.800,1.4241,1.42429,1.00,1.50
2016.12.08 06:00:45.306,1.4241,1.42428,1.00,1.00
2016.12.08 06:00:46.859,1.4241,1.42429,1.00,1.50
2016.12.08 06:00:47.588,1.4241,1.4243,1.00,1.50
2016.12.08 06:00:47.740,1.42412,1.4243,1.00,1.50
2016.12.08 06:00:48.287,1.42412,1.42429,1.00,1.00
2016.12.08 06:00:49.342,1.42412,1.42428,1.00,1.00
2016.12.08 06:00:50.085,1.42413,1.42428,1.00,1.00
2016.12.08 06:00:51.022,1.42412,1.42428,1.50,1.50
2016.12.08 06:00:55.946,1.42412,1.42427,1.50,1.00
2016.12.08 06:00:57.938,1.42415,1.42428,1.00,1.00
2016.12.08 06:00:58.543,1.42416,1.42428,1.00,1.00
2016.12.08 06:00:59.202,1.42416,1.4243,1.00,1.87
2016.12.08 06:01:01.660,1.42415,1.4243,1.00,1.12
2016.12.08 06:01:02.930,1.42416,1.4243,1.00,1.87
2016.12.08 06:01:04.444,1.42412,1.4243,1.00,1.12
2016.12.08 06:01:06.523,1.42411,1.4243,3.00,1.12
2016.12.08 06:01:07.031,1.42412,1.42431,1.00,1.50
2016.12.08 06:01:07.349,1.42416,1.42431,1.00,2.25
2016.12.08 06:01:08.130,1.42416,1.42429,1.00,1.00
2016.12.08 06:01:09.374,1.42415,1.42429,1.00,1.87
2016.12.08 06:01:11.751,1.42412,1.42429,1.56,1.87
2016.12.08 06:01:13.658,1.42412,1.42429,1.31,1.87
2016.12.08 06:01:14.493,1.4241,1.42428,1.56,1.00
2016.12.08 06:01:16.148,1.42413,1.42428,1.00,1.50
2016.12.08 06:01:23.470,1.42412,1.42428,1.00,1.50
2016.12.08 06:01:24.186,1.42412,1.42427,1.00,1.00
2016.12.08 06:01:27.242,1.4241,1.42425,1.00,1.00
2016.12.08 06:01:27.445,1.4241,1.42427,1.00,1.50
2016.12.08 06:01:29.074,1.4241,1.42428,1.00,1.00
2016.12.08 06:01:29.390,1.4241,1.42426,1.00,1.00
2016.12.08 06:01:29.939,1.4241,1.42425,1.00,1.00
2016.12.08 06:01:31.739,1.4241,1.42424,1.00,1.00
2016.12.08 06:01:31.790,1.42407,1.42424,1.00,1.00
2016.12.08 06:01:32.302,1.42406,1.42423,1.00,1.12
2016.12.08 06:01:32.514,1.42406,1.4242,1.00,1.00
2016.12.08 06:01:32.565,1.42401,1.42418,1.00,1.00
2016.12.08 06:01:33.100,1.424,1.42417,1.00,1.50
2016.12.08 06:01:33.622,1.424,1.42419,2.25,2.25
2016.12.08 06:01:34.130,1.424,1.42419,1.99,1.50
2016.12.08 06:01:35.110,1.424,1.4242,1.99,1.87
2016.12.08 06:01:35.262,1.42398,1.4242,1.99,1.87
2016.12.08 06:01:35.801,1.42398,1.42419,1.61,1.50
2016.12.08 06:01:37.669,1.42398,1.4242,2.36,1.12
2016.12.08 06:01:43.958,1.42408,1.4242,1.00,1.00
2016.12.08 06:01:45.169,1.42408,1.42421,1.00,1.50
2016.12.08 06:01:53.477,1.42407,1.4242,1.00,1.50
2016.12.08 06:01:53.607,1.42405,1.42421,1.00,1.50
2016.12.08 06:01:53.860,1.42404,1.42419,1.00,1.00
2016.12.08 06:01:55.105,1.42404,1.4242,1.00,1.50
2016.12.08 06:01:56.082,1.42398,1.4242,1.12,1.50
2016.12.08 06:01:56.780,1.42398,1.42419,1.12,1.00
2016.12.08 06:01:57.989,1.42397,1.42418,1.37,1.00
2016.12.08 06:02:03.902,1.42397,1.42418,1.00,1.50
2016.12.08 06:02:04.429,1.42396,1.42418,1.00,1.50
2016.12.08 06:02:06.145,1.42395,1.42417,3.37,1.50
2016.12.08 06:02:06.196,1.42403,1.42417,1.00,1.50
2016.12.08 06:02:07.106,1.42403,1.42418,1.00,1.00
2016.12.08 06:02:07.309,1.42397,1.42418,1.00,1.00
2016.12.08 06:02:07.819,1.42397,1.42417,1.00,1.00
2016.12.08 06:02:08.320,1.42396,1.42417,1.00,1.00
2016.12.08 06:02:08.869,1.42395,1.42416,1.50,1.50
2016.12.08 06:02:10.358,1.42397,1.42416,1.00,1.00
2016.12.08 06:02:10.662,1.42403,1.42417,1.00,1.00
2016.12.08 06:02:11.827,1.42403,1.42418,1.00,1.00
2016.12.08 06:02:17.715,1.42403,1.42417,1.00,1.00
2016.12.08 06:02:18.221,1.42403,1.42418,1.00,1.50
2016.12.08 06:02:20.442,1.42403,1.42415,1.00,1.00
2016.12.08 06:02:20.645,1.42398,1.42414,1.00,1.50
2016.12.08 06:02:21.153,1.42399,1.42414,1.00,1.00
2016.12.08 06:02:21.669,1.42399,1.42415,1.00,1.50
2016.12.08 06:02:23.890,1.42399,1.42414,1.00,1.00
2016.12.08 06:02:24.601,1.42398,1.42414,1.00,1.50
2016.12.08 06:02:25.360,1.42398,1.42413,1.00,1.00
2016.12.08 06:02:25.512,1.42393,1.42413,1.12,1.00
2016.12.08 06:02:26.079,1.42391,1.42412,1.50,1.50
2016.12.08 06:02:26.397,1.42391,1.42412,1.12,1.50
2016.12.08 06:02:29.757,1.42388,1.42411,3.00,1.50
2016.12.08 06:02:29.808,1.42388,1.42409,1.50,1.50
2016.12.08 06:02:30.113,1.42392,1.42406,1.00,1.00
2016.12.08 06:02:30.417,1.4239,1.42405,1.00,1.00
2016.12.08 06:02:32.426,1.4239,1.42404,1.00,1.50
2016.12.08 06:02:32.816,1.42382,1.42404,3.37,1.00
2016.12.08 06:02:34.014,1.42387,1.42404,1.00,1.50
2016.12.08 06:02:35.242,1.42387,1.42403,1.00,1.00
2016.12.08 06:02:36.405,1.42387,1.42404,1.00,1.50
2016.12.08 06:02:36.711,1.42384,1.42401,1.00,1.50
2016.12.08 06:02:37.632,1.42384,1.424,1.00,1.00
2016.12.08 06:02:39.256,1.42382,1.424,1.00,1.50
2016.12.08 06:02:39.778,1.42383,1.424,1.00,1.50
2016.12.08 06:02:40.299,1.42383,1.42399,1.00,1.00
2016.12.08 06:02:43.121,1.42378,1.42399,1.75,1.00
2016.12.08 06:02:46.817,1.42376,1.42397,5.25,1.00
2016.12.08 06:02:47.126,1.42386,1.42399,1.00,1.00
2016.12.08 06:02:47.177,1.42384,1.42399,1.00,1.00
2016.12.08 06:02:47.709,1.42385,1.42399,1.00,1.00
2016.12.08 06:02:50.659,1.42385,1.42401,1.00,1.50
2016.12.08 06:02:51.781,1.42383,1.42403,1.00,3.00
2016.12.08 06:02:51.983,1.42383,1.42405,2.25,1.00
2016.12.08 06:02:52.761,1.42384,1.42406,1.00,1.50
2016.12.08 06:02:53.304,1.42383,1.42405,2.25,1.00
2016.12.08 06:02:54.325,1.42384,1.42406,1.00,1.00
2016.12.08 06:02:54.941,1.42385,1.42406,1.12,1.00
2016.12.08 06:02:55.588,1.42385,1.42407,1.12,3.00
2016.12.08 06:02:56.756,1.42385,1.42406,1.12,1.00
2016.12.08 06:02:57.533,1.42383,1.42404,2.25,1.00
2016.12.08 06:02:57.679,1.42383,1.42404,1.50,1.00
2016.12.08 06:02:58.239,1.42384,1.42405,1.50,1.50
2016.12.08 06:02:58.794,1.42385,1.42407,1.00,3.37
2016.12.08 06:03:00.576,1.42386,1.42407,1.00,1.87
2016.12.08 06:03:00.880,1.42387,1.42409,1.50,3.37
2016.12.08 06:03:01.153,1.42389,1.42409,1.00,2.62
2016.12.08 06:03:01.505,1.42389,1.42407,1.00,1.00
2016.12.08 06:03:01.556,1.42387,1.42407,1.50,1.00
2016.12.08 06:03:02.058,1.42387,1.42406,1.00,1.00
2016.12.08 06:03:02.835,1.42387,1.42407,1.00,2.25
2016.12.08 06:03:04.787,1.42387,1.42408,1.50,1.00
2016.12.08 06:03:06.693,1.42387,1.42409,1.00,1.87
2016.12.08 06:03:07.211,1.42389,1.4241,1.00,1.50
2016.12.08 06:03:07.717,1.4239,1.4241,1.00,1.00
2016.12.08 06:03:08.247,1.42389,1.42411,1.00,1.50
2016.12.08 06:03:09.426,1.42389,1.42411,1.50,1.50
2016.12.08 06:03:15.544,1.42388,1.42409,2.06,1.50
2016.12.08 06:03:15.847,1.42388,1.42409,1.00,1.00
2016.12.08 06:03:16.536,1.42387,1.42409,2.44,1.00
2016.12.08 06:03:17.581,1.42389,1.42409,1.12,1.00
2016.12.08 06:03:18.168,1.42389,1.42408,1.12,1.00
2016.12.08 06:03:18.886,1.42389,1.42409,1.12,1.00
2016.12.08 06:03:19.389,1.42391,1.4241,1.12,1.00
2016.12.08 06:03:19.440,1.42391,1.42413,1.87,2.62
2016.12.08 06:03:20.588,1.42396,1.42416,1.56,2.25
2016.12.08 06:03:20.689,1.42395,1.42416,1.87,1.00
2016.12.08 06:03:20.793,1.42398,1.42418,1.56,1.12
2016.12.08 06:03:20.894,1.42401,1.42421,1.12,3.00
2016.12.08 06:03:20.945,1.42401,1.42421,1.12,1.12
2016.12.08 06:03:21.451,1.42401,1.42419,1.12,1.00
2016.12.08 06:03:21.502,1.42399,1.42418,1.81,1.00
2016.12.08 06:03:21.674,1.42397,1.42417,1.56,1.00
2016.12.08 06:03:22.230,1.42396,1.42415,1.12,1.00
2016.12.08 06:03:23.477,1.42394,1.42415,1.12,2.25
2016.12.08 06:03:23.839,1.42392,1.42412,1.12,1.00
2016.12.08 06:03:23.890,1.42391,1.42412,1.00,1.00
2016.12.08 06:03:26.302,1.42388,1.4241,2.25,1.00
2016.12.08 06:03:26.353,1.42388,1.4241,1.50,1.12
2016.12.08 06:03:26.879,1.42388,1.42409,1.00,1.00
2016.12.08 06:03:27.391,1.42387,1.42408,1.00,1.00
2016.12.08 06:03:28.921,1.42388,1.42409,1.00,1.00
2016.12.08 06:03:31.539,1.42386,1.4241,1.50,2.62
2016.12.08 06:03:31.695,1.42386,1.42408,2.25,1.00
2016.12.08 06:03:32.236,1.42387,1.42409,1.00,1.00
2016.12.08 06:03:32.826,1.42387,1.42408,1.50,1.00
2016.12.08 06:03:33.373,1.42388,1.42409,1.00,1.50
2016.12.08 06:03:33.977,1.42388,1.4241,1.50,1.87
2016.12.08 06:03:34.937,1.42389,1.4241,1.00,1.12
2016.12.08 06:03:35.319,1.42391,1.42412,1.00,1.75
2016.12.08 06:03:36.291,1.4239,1.42412,1.00,2.25
2016.12.08 06:03:40.155,1.4239,1.42412,1.00,2.25
2016.12.08 06:03:40.809,1.4239,1.42412,1.50,1.12
2016.12.08 06:03:41.159,1.42392,1.42412,1.00,1.12
2016.12.08 06:03:44.962,1.4239,1.42412,1.00,1.12
2016.12.08 06:03:45.474,1.42389,1.42411,2.06,1.50
2016.12.08 06:03:46.869,1.4239,1.42411,1.00,1.00
2016.12.08 06:03:47.698,1.42391,1.42412,1.00,1.12
2016.12.08 06:03:48.061,1.42394,1.42413,1.00,1.50
2016.12.08 06:03:48.213,1.42394,1.42415,1.00,3.00
2016.12.08 06:03:48.749,1.42395,1.42415,1.00,3.00
2016.12.08 06:03:49.374,1.42395,1.42415,1.00,2.62
2016.12.08 06:03:50.289,1.42395,1.42414,1.00,1.00
2016.12.08 06:03:51.276,1.42396,1.42414,1.00,1.50
2016.12.08 06:03:51.718,1.42396,1.42416,1.00,1.50
2016.12.08 06:03:52.487,1.42396,1.42417,1.00,1.50
2016.12.08 06:03:53.566,1.42398,1.42417,1.00,1.00
2016.12.08 06:03:54.187,1.42398,1.42418,1.00,1.12
2016.12.08 06:03:54.503,1.42399,1.4242,1.00,1.00
2016.12.08 06:03:55.035,1.42399,1.42419,1.00,1.00
2016.12.08 06:03:55.538,1.42399,1.42419,1.56,1.00
2016.12.08 06:03:56.074,1.42399,1.4242,1.56,1.50
2016.12.08 06:03:57.910,1.42399,1.4242,1.56,1.50
2016.12.08 06:03:58.035,1.42399,1.4242,1.56,1.50
2016.12.08 06:04:01.097,1.424,1.4242,1.56,1.50
2016.12.08 06:04:02.757,1.42398,1.42418,1.69,1.00
2016.12.08 06:04:03.085,1.42398,1.42417,1.75,1.00
2016.12.08 06:04:03.600,1.42397,1.42417,2.25,1.00
2016.12.08 06:04:04.831,1.42397,1.42417,1.50,1.00
2016.12.08 06:04:05.373,1.42397,1.42418,1.50,1.00
2016.12.08 06:04:06.763,1.42398,1.42418,1.00,1.00
2016.12.08 06:04:07.618,1.42399,1.42419,1.00,1.50
2016.12.08 06:04:07.720,1.42401,1.42419,1.00,1.00
2016.12.08 06:04:07.821,1.42402,1.42422,1.25,1.00
2016.12.08 06:04:08.363,1.42402,1.42422,1.50,1.00
2016.12.08 06:04:08.900,1.42402,1.42423,1.50,2.25
2016.12.08 06:04:09.411,1.42402,1.42422,1.50,1.00
2016.12.08 06:04:09.824,1.42401,1.42422,1.12,1.00
2016.12.08 06:04:13.147,1.42401,1.42423,1.12,3.00
2016.12.08 06:04:13.680,1.42401,1.42422,1.12,1.00
2016.12.08 06:04:15.667,1.42403,1.42422,1.00,1.00
2016.12.08 06:04:15.717,1.42403,1.42424,1.00,1.00
2016.12.08 06:04:16.218,1.42403,1.42425,1.00,2.25
2016.12.08 06:04:16.768,1.42404,1.42425,1.00,1.50
2016.12.08 06:04:19.471,1.42402,1.42425,1.87,1.50
2016.12.08 06:04:21.821,1.42404,1.42425,1.00,1.00
2016.12.08 06:04:23.035,1.42403,1.42425,1.00,1.50
2016.12.08 06:04:23.733,1.42403,1.42424,1.00,1.00
2016.12.08 06:04:25.280,1.42403,1.42425,1.00,1.50
2016.12.08 06:04:26.203,1.42403,1.42424,1.00,1.00
2016.12.08 06:04:26.749,1.42403,1.42425,1.50,2.25
2016.12.08 06:04:30.726,1.42403,1.42424,1.00,1.00
2016.12.08 06:04:31.229,1.42403,1.42425,1.00,2.25
2016.12.08 06:04:31.733,1.42403,1.42424,1.00,1.00
2016.12.08 06:04:32.097,1.42405,1.42425,1.00,1.50
2016.12.08 06:04:32.411,1.42408,1.42427,1.00,1.00
2016.12.08 06:04:33.053,1.42407,1.42427,1.00,1.00
2016.12.08 06:04:33.555,1.42408,1.42427,1.00,1.00
2016.12.08 06:04:34.230,1.42407,1.42427,1.00,1.00
2016.12.08 06:04:34.965,1.42408,1.42427,1.00,1.00
2016.12.08 06:04:35.203,1.4241,1.4243,1.00,1.00
2016.12.08 06:04:35.847,1.42412,1.42432,1.00,1.87
2016.12.08 06:04:37.215,1.42413,1.42433,1.00,3.00
2016.12.08 06:04:38.124,1.42412,1.42431,1.00,1.00
2016.12.08 06:04:38.658,1.42412,1.4243,1.00,1.00
2016.12.08 06:04:42.344,1.42408,1.42427,1.00,1.00
2016.12.08 06:04:42.395,1.42407,1.42425,1.00,1.00
2016.12.08 06:04:42.547,1.42407,1.42427,1.00,1.50
2016.12.08 06:04:46.804,1.42409,1.42428,1.00,1.12
2016.12.08 06:04:47.305,1.42411,1.42429,1.00,1.00
2016.12.08 06:04:48.000,1.42412,1.4243,1.00,1.00
2016.12.08 06:04:49.719,1.42411,1.4243,1.00,1.00
2016.12.08 06:04:50.896,1.42412,1.4243,1.00,1.00
2016.12.08 06:04:51.381,1.4241,1.4243,1.00,1.00
2016.12.08 06:04:51.898,1.42411,1.4243,1.00,1.00
2016.12.08 06:04:52.447,1.4241,1.4243,1.00,1.00
2016.12.08 06:04:57.252,1.4241,1.42429,1.00,1.00
2016.12.08 06:05:00.630,1.42411,1.4243,1.00,1.50
2016.12.08 06:05:01.156,1.4241,1.4243,1.00,1.50
2016.12.08 06:05:03.125,1.42411,1.4243,1.00,1.50
2016.12.08 06:05:03.226,1.42412,1.42432,1.50,1.12
2016.12.08 06:05:03.320,1.42414,1.42432,1.00,1.12
2016.12.08 06:05:03.371,1.42415,1.42434,1.00,1.00
2016.12.08 06:05:03.473,1.42416,1.42436,1.00,1.87
2016.12.08 06:05:03.978,1.42416,1.42436,1.50,1.00
2016.12.08 06:05:04.520,1.42416,1.42437,1.50,1.00
2016.12.08 06:05:05.558,1.42418,1.42437,1.00,1.00
2016.12.08 06:05:06.883,1.42418,1.42438,1.00,1.50
2016.12.08 06:05:07.426,1.42418,1.42437,1.00,1.00
2016.12.08 06:05:08.590,1.42418,1.42438,1.00,1.50
2016.12.08 06:05:09.563,1.42419,1.42438,1.00,1.00
2016.12.08 06:05:09.614,1.42418,1.42436,1.00,1.00
2016.12.08 06:05:10.127,1.42417,1.42436,1.12,1.00
2016.12.08 06:05:12.792,1.42418,1.42436,1.00,2.25
2016.12.08 06:05:13.045,1.42416,1.42436,1.00,1.50
2016.12.08 06:05:14.181,1.42415,1.42436,1.12,1.50
2016.12.08 06:05:17.434,1.4241,1.42431,3.00,1.00
2016.12.08 06:05:17.535,1.42412,1.42431,1.00,1.00
2016.12.08 06:05:17.643,1.42408,1.4243,1.37,1.00
2016.12.08 06:05:17.796,1.42408,1.42428,1.00,1.00
2016.12.08 06:05:18.517,1.42407,1.42429,2.25,2.25
2016.12.08 06:05:19.048,1.42407,1.42427,1.50,1.00
2016.12.08 06:05:19.561,1.42407,1.42428,1.50,1.00
2016.12.08 06:05:20.151,1.42406,1.42428,1.50,2.25
2016.12.08 06:05:20.692,1.42406,1.42427,1.00,1.00
2016.12.08 06:05:21.913,1.42406,1.42428,1.50,2.25
2016.12.08 06:05:22.214,1.42405,1.42425,1.12,1.00
2016.12.08 06:05:22.806,1.42406,1.42425,1.00,1.00
2016.12.08 06:05:23.330,1.42406,1.42426,1.00,1.50
2016.12.08 06:05:25.506,1.42406,1.42427,1.00,2.25
2016.12.08 06:05:26.231,1.42406,1.42426,1.00,1.00
2016.12.08 06:05:26.812,1.42405,1.42426,1.12,1.00
2016.12.08 06:05:28.660,1.42403,1.42424,1.75,1.00
2016.12.08 06:05:28.862,1.42402,1.42424,1.50,1.50
2016.12.08 06:05:30.472,1.42402,1.42422,2.25,1.00
2016.12.08 06:05:31.706,1.42402,1.42423,2.25,1.50
2016.12.08 06:05:41.213,1.42402,1.42421,1.00,1.00
2016.12.08 06:05:41.365,1.42398,1.42421,2.25,1.50
2016.12.08 06:05:41.899,1.42398,1.4242,2.25,1.00
2016.12.08 06:05:48.409,1.42401,1.4242,1.50,1.00
2016.12.08 06:05:48.503,1.42401,1.42423,1.50,1.50
2016.12.08 06:05:48.706,1.42399,1.4242,1.12,1.00
2016.12.08 06:05:49.238,1.42399,1.42421,2.25,1.50
2016.12.08 06:05:49.795,1.424,1.42422,1.12,1.50
2016.12.08 06:05:50.936,1.424,1.42421,1.12,1.00
2016.12.08 06:05:51.246,1.42403,1.42422,1.00,1.00
2016.12.08 06:05:51.297,1.42403,1.42425,1.00,2.62
2016.12.08 06:05:51.973,1.42403,1.42424,1.00,1.00
2016.12.08 06:05:52.531,1.42403,1.42425,1.00,3.37
2016.12.08 06:05:52.633,1.42401,1.42423,1.00,1.00
2016.12.08 06:05:52.936,1.42399,1.4242,1.00,1.50
2016.12.08 06:05:53.622,1.42399,1.42421,1.50,1.00
2016.12.08 06:05:53.927,1.42399,1.42421,2.25,1.00
2016.12.08 06:05:54.082,1.42399,1.42421,1.87,1.00
2016.12.08 06:05:54.183,1.42399,1.42421,2.25,1.00
2016.12.08 06:05:55.598,1.42399,1.42422,1.50,2.25
2016.12.08 06:05:56.125,1.42399,1.42421,1.50,1.00
2016.12.08 06:05:56.633,1.42398,1.4242,1.75,1.00
2016.12.08 06:05:58.417,1.42395,1.42413,1.75,1.00
2016.12.08 06:05:58.692,1.42385,1.42407,1.37,1.00
2016.12.08 06:05:58.793,1.42384,1.42405,1.50,1.00
2016.12.08 06:05:58.895,1.42384,1.42406,1.00,1.00
2016.12.08 06:05:59.098,1.4239,1.42407,1.00,1.00
2016.12.08 06:05:59.199,1.42387,1.42407,1.00,1.00
2016.12.08 06:05:59.373,1.42389,1.42407,1.00,1.00
2016.12.08 06:05:59.626,1.42387,1.42408,1.00,2.25
2016.12.08 06:06:01.006,1.42387,1.42407,1.00,1.00
2016.12.08 06:06:01.969,1.42387,1.42408,1.00,2.25
2016.12.08 06:06:03.712,1.42387,1.42406,1.00,1.00
2016.12.08 06:06:04.267,1.42387,1.42407,1.50,1.00
2016.12.08 06:06:04.873,1.42387,1.42408,1.50,1.00
2016.12.08 06:06:05.379,1.42387,1.42407,1.50,1.00
2016.12.08 06:06:07.499,1.42387,1.42408,1.50,1.50
2016.12.08 06:06:10.035,1.42387,1.42407,1.50,1.00
2016.12.08 06:06:12.363,1.42388,1.42407,1.00,1.00
2016.12.08 06:06:12.716,1.42392,1.42408,1.00,1.00
2016.12.08 06:06:15.528,1.42389,1.42408,1.12,1.00
2016.12.08 06:06:16.079,1.42389,1.42407,1.12,1.00
2016.12.08 06:06:18.251,1.42389,1.42408,1.12,1.00
2016.12.08 06:06:22.132,1.42389,1.42409,1.12,1.00
2016.12.08 06:06:22.910,1.42389,1.42408,1.12,1.00
2016.12.08 06:06:23.616,1.42389,1.42407,1.87,1.00
2016.12.08 06:06:24.942,1.42389,1.42408,1.87,1.00
2016.12.08 06:06:26.133,1.42389,1.42406,1.12,1.00
2016.12.08 06:06:27.048,1.42389,1.42408,1.12,1.00
2016.12.08 06:06:28.641,1.42391,1.42408,1.00,1.00
2016.12.08 06:06:28.743,1.42392,1.42412,1.00,1.00
2016.12.08 06:06:29.248,1.42391,1.42411,1.75,1.00
2016.12.08 06:06:29.349,1.4239,1.4241,1.12,1.00
2016.12.08 06:06:31.555,1.42391,1.4241,1.00,1.00
2016.12.08 06:06:32.526,1.42391,1.42411,1.00,1.00
2016.12.08 06:06:32.648,1.42393,1.42411,1.00,1.00
2016.12.08 06:06:33.156,1.42394,1.42412,1.00,1.00
2016.12.08 06:06:34.077,1.42395,1.42412,1.00,1.00
2016.12.08 06:06:34.611,1.42395,1.42413,1.00,1.50
2016.12.08 06:06:35.551,1.42395,1.42414,1.00,1.00
2016.12.08 06:06:35.918,1.42397,1.42414,1.00,1.00
2016.12.08 06:06:36.499,1.42396,1.42414,1.00,1.00
2016.12.08 06:06:43.070,1.42394,1.42413,1.00,1.00
2016.12.08 06:06:43.621,1.42393,1.42413,1.12,1.87
2016.12.08 06:06:43.991,1.4239,1.42411,2.25,1.00
2016.12.08 06:06:44.144,1.42391,1.4241,1.00,1.00
2016.12.08 06:06:44.802,1.4239,1.42409,1.12,1.00
2016.12.08 06:06:45.322,1.42391,1.42409,1.00,1.00
2016.12.08 06:06:52.391,1.4239,1.42409,1.12,1.00
2016.12.08 06:06:52.492,1.4239,1.42407,1.12,1.00
2016.12.08 06:06:57.671,1.42389,1.42407,1.00,1.00
2016.12.08 06:06:58.196,1.4239,1.42408,1.00,1.00
2016.12.08 06:06:58.549,1.42389,1.42406,1.00,1.00
2016.12.08 06:07:01.051,1.42388,1.42406,1.00,1.00
2016.12.08 06:07:03.912,1.42386,1.42405,1.50,1.00
2016.12.08 06:07:03.963,1.42385,1.42405,1.00,1.00
2016.12.08 06:07:04.014,1.42384,1.42402,1.00,1.00
2016.12.08 06:07:04.577,1.42383,1.42402,1.00,1.00
2016.12.08 06:07:05.129,1.42384,1.42402,1.00,1.00
2016.12.08 06:07:05.778,1.42383,1.42402,1.00,1.00
2016.12.08 06:07:12.110,1.42383,1.42401,1.00,1.00
2016.12.08 06:07:13.413,1.42384,1.42401,1.00,1.00
2016.12.08 06:07:14.056,1.42383,1.42401,1.00,1.00
2016.12.08 06:07:16.474,1.42382,1.42401,1.50,1.00
2016.12.08 06:07:17.030,1.42382,1.42401,1.50,1.00
2016.12.08 06:07:24.029,1.42382,1.42401,1.00,1.00
2016.12.08 06:07:25.790,1.42381,1.42401,1.00,1.50
2016.12.08 06:07:26.094,1.42379,1.42397,1.50,1.00
2016.12.08 06:07:26.901,1.42379,1.42398,1.50,1.00
2016.12.08 06:07:27.702,1.42379,1.42398,1.00,1.00
2016.12.08 06:07:28.379,1.42378,1.42397,1.87,1.00
2016.12.08 06:07:28.922,1.42378,1.42396,1.12,1.00
2016.12.08 06:07:29.124,1.42381,1.424,2.25,1.00
2016.12.08 06:07:29.255,1.42381,1.42402,2.25,1.87
2016.12.08 06:07:30.075,1.42381,1.42401,3.00,1.00
2016.12.08 06:07:30.658,1.42382,1.42401,1.00,1.00
2016.12.08 06:07:31.164,1.42381,1.42401,2.25,1.00
2016.12.08 06:07:31.930,1.42381,1.424,2.25,1.00
2016.12.08 06:07:33.819,1.42381,1.42401,1.50,1.50
2016.12.08 06:07:35.114,1.42382,1.42402,1.00,2.25
2016.12.08 06:07:35.502,1.42384,1.42402,1.00,2.25
2016.12.08 06:07:36.364,1.42384,1.42401,1.00,1.50
2016.12.08 06:07:39.138,1.42384,1.42402,1.00,1.00
2016.12.08 06:07:41.142,1.42385,1.42402,1.00,1.12
2016.12.08 06:07:42.242,1.42383,1.42402,1.00,1.12
2016.12.08 06:07:42.767,1.42386,1.42404,1.00,1.00
2016.12.08 06:07:42.818,1.42384,1.42404,1.00,1.00
2016.12.08 06:07:43.121,1.42386,1.42405,1.31,1.50
2016.12.08 06:07:43.759,1.42385,1.42405,1.00,2.81
2016.12.08 06:07:53.465,1.42386,1.42405,1.00,1.50
2016.12.08 06:07:53.981,1.42385,1.42402,1.00,1.00
2016.12.08 06:07:54.032,1.4238,1.42401,1.50,1.00
2016.12.08 06:07:54.083,1.4238,1.42399,1.50,1.00
2016.12.08 06:07:54.620,1.42378,1.42399,1.56,2.62
2016.12.08 06:07:55.160,1.42378,1.42399,1.00,1.87
2016.12.08 06:07:56.147,1.4238,1.42399,1.00,1.87
2016.12.08 06:08:01.549,1.4238,1.42399,1.56,1.50
2016.12.08 06:08:02.240,1.42376,1.42396,1.00,1.31
2016.12.08 06:08:02.291,1.42375,1.42394,2.44,1.00
2016.12.08 06:08:02.444,1.42373,1.42394,2.06,1.31
2016.12.08 06:08:03.209,1.42374,1.42394,1.00,1.31
2016.12.08 06:08:03.723,1.42375,1.42394,1.00,1.00
2016.12.08 06:08:04.519,1.42373,1.42394,2.06,1.31
2016.12.08 06:08:05.023,1.42374,1.42394,1.00,1.31
2016.12.08 06:08:07.165,1.42375,1.42394,1.00,1.31
2016.12.08 06:08:07.215,1.42378,1.42394,1.00,1.31
2016.12.08 06:08:07.317,1.42379,1.42397,1.00,1.12
2016.12.08 06:08:07.418,1.42379,1.424,1.00,1.69
2016.12.08 06:08:07.944,1.42378,1.424,2.44,2.06
2016.12.08 06:08:08.840,1.42377,1.42399,1.31,1.00
2016.12.08 06:08:08.992,1.42376,1.42397,1.69,1.00
2016.12.08 06:08:10.450,1.42376,1.42397,1.69,1.00
2016.12.08 06:08:11.235,1.42376,1.42398,1.69,1.50
2016.12.08 06:08:13.332,1.42379,1.424,1.69,2.25
2016.12.08 06:08:14.455,1.42379,1.424,2.44,2.25
2016.12.08 06:08:16.155,1.42379,1.424,1.69,1.00
2016.12.08 06:08:16.637,1.42381,1.42401,1.56,2.25
2016.12.08 06:08:17.208,1.42382,1.42402,1.56,1.50
2016.12.08 06:08:17.805,1.42383,1.42403,1.31,1.50
2016.12.08 06:08:18.179,1.42382,1.42403,2.44,1.50
2016.12.08 06:08:19.967,1.42382,1.42402,1.69,1.00
2016.12.08 06:08:22.272,1.42382,1.42403,1.69,1.50
2016.12.08 06:08:22.905,1.42381,1.42402,2.06,1.00
2016.12.08 06:08:23.945,1.42381,1.42401,2.06,1.00
2016.12.08 06:08:34.229,1.42384,1.42404,1.56,1.00
2016.12.08 06:08:34.760,1.42385,1.42405,1.69,1.00
2016.12.08 06:08:35.988,1.42385,1.42403,1.56,1.00
2016.12.08 06:08:36.203,1.42382,1.42401,1.56,1.00
2016.12.08 06:08:36.355,1.42382,1.42403,1.56,1.00
2016.12.08 06:08:36.558,1.42381,1.42401,1.56,1.00
2016.12.08 06:08:37.063,1.42381,1.42402,1.69,2.25
2016.12.08 06:08:39.479,1.42382,1.42402,1.56,1.00
2016.12.08 06:08:43.018,1.42381,1.42401,1.69,1.00
2016.12.08 06:08:43.119,1.42384,1.42404,2.06,1.00
2016.12.08 06:08:43.170,1.42386,1.42404,1.56,1.00
2016.12.08 06:08:43.272,1.42387,1.42407,1.56,1.00
2016.12.08 06:08:44.199,1.42387,1.42408,1.56,1.00
2016.12.08 06:08:44.870,1.42387,1.42408,1.56,1.00
2016.12.08 06:08:45.005,1.42387,1.42408,1.56,1.50
2016.12.08 06:08:45.594,1.42389,1.42408,1.25,1.00
2016.12.08 06:08:45.696,1.42389,1.42409,1.56,1.50
2016.12.08 06:08:46.002,1.42391,1.42411,1.56,1.00
2016.12.08 06:08:47.161,1.42391,1.42411,1.56,1.00
2016.12.08 06:08:49.422,1.4239,1.42411,2.81,1.00
2016.12.08 06:08:50.023,1.4239,1.42412,2.06,1.00
2016.12.08 06:08:51.180,1.42393,1.42412,1.00,1.00
2016.12.08 06:08:51.699,1.42393,1.42413,2.06,1.00
2016.12.08 06:08:52.810,1.42395,1.42415,1.50,1.31
2016.12.08 06:08:52.861,1.42398,1.42415,1.56,1.00
2016.12.08 06:08:52.912,1.42399,1.42419,1.56,1.50
2016.12.08 06:08:52.963,1.42404,1.4242,1.00,1.37
2016.12.08 06:08:53.013,1.42404,1.42422,1.00,1.62
2016.12.08 06:08:53.064,1.42404,1.42425,1.56,1.87
2016.12.08 06:08:53.312,1.42393,1.42414,1.50,1.50
2016.12.08 06:08:53.363,1.42391,1.4241,1.75,1.00
2016.12.08 06:08:53.515,1.4239,1.4241,1.50,1.00
2016.12.08 06:08:53.717,1.42388,1.4241,2.25,1.50
2016.12.08 06:08:54.274,1.42388,1.42409,1.50,1.00
2016.12.08 06:08:56.559,1.42389,1.42409,2.06,1.00
2016.12.08 06:08:57.127,1.42389,1.42409,2.06,1.00
2016.12.08 06:08:57.649,1.42389,1.4241,2.06,1.00
2016.12.08 06:08:58.200,1.42389,1.4241,1.94,1.00
2016.12.08 06:08:58.539,1.42387,1.42407,1.69,1.00
2016.12.08 06:08:59.046,1.42387,1.42406,1.00,1.00
2016.12.08 06:08:59.349,1.42388,1.42404,1.00,1.00
2016.12.08 06:08:59.451,1.42386,1.42406,1.00,1.00
2016.12.08 06:08:59.553,1.42388,1.42408,1.00,1.50
2016.12.08 06:09:00.432,1.42388,1.42408,1.19,1.00
2016.12.08 06:09:00.685,1.42386,1.42407,1.31,1.00
2016.12.08 06:09:01.140,1.42386,1.42407,1.19,1.50
2016.12.08 06:09:03.645,1.42387,1.42407,1.19,1.00
2016.12.08 06:09:05.213,1.42385,1.42406,1.69,1.00
2016.12.08 06:09:05.341,1.42386,1.42407,1.25,1.00
2016.12.08 06:09:07.394,1.42386,1.42406,1.25,1.00
2016.12.08 06:09:12.847,1.42383,1.42401,1.00,1.00
2016.12.08 06:09:13.679,1.42379,1.424,1.56,1.00
2016.12.08 06:09:14.997,1.42378,1.424,2.81,1.50
2016.12.08 06:09:15.919,1.42378,1.42399,2.81,1.00
2016.12.08 06:09:18.435,1.42378,1.424,2.81,1.50
2016.12.08 06:09:20.973,1.42379,1.424,1.56,1.50
2016.12.08 06:09:21.505,1.42379,1.424,1.56,1.50
2016.12.08 06:09:23.196,1.42378,1.42399,1.56,1.00
2016.12.08 06:09:23.702,1.4238,1.424,1.56,1.00
2016.12.08 06:09:24.208,1.4238,1.424,1.31,1.00
2016.12.08 06:09:26.407,1.4238,1.424,1.56,1.00
2016.12.08 06:09:31.629,1.42382,1.42401,1.00,1.50
2016.12.08 06:09:31.680,1.42382,1.42402,1.56,1.37
2016.12.08 06:09:31.731,1.42383,1.42404,1.56,2.25
2016.12.08 06:09:31.782,1.42383,1.42404,1.56,1.12
2016.12.08 06:09:32.652,1.42383,1.42403,1.69,1.00
2016.12.08 06:09:33.154,1.42382,1.42403,1.94,1.00
2016.12.08 06:09:35.490,1.42382,1.42402,1.94,1.00
2016.12.08 06:09:35.541,1.42382,1.42404,2.44,3.00
2016.12.08 06:09:35.592,1.42383,1.42402,1.00,1.37
2016.12.08 06:09:35.946,1.42384,1.42403,1.31,1.00
2016.12.08 06:09:36.770,1.42383,1.42403,1.31,1.00
2016.12.08 06:09:37.312,1.42383,1.42403,1.56,1.00
2016.12.08 06:09:37.852,1.42383,1.42405,1.56,3.00
2016.12.08 06:09:43.076,1.42382,1.42405,2.06,3.00
2016.12.08 06:09:43.641,1.42382,1.42403,1.56,1.00
2016.12.08 06:09:44.154,1.42382,1.42404,2.06,1.00
2016.12.08 06:09:45.630,1.42381,1.42402,2.81,1.00
2016.12.08 06:09:46.144,1.42381,1.42402,1.56,1.00
2016.12.08 06:09:46.684,1.42381,1.42401,1.56,1.50
2016.12.08 06:09:51.592,1.42381,1.42402,1.56,1.50
2016.12.08 06:09:51.795,1.42381,1.42402,1.56,1.00
2016.12.08 06:09:52.677,1.4238,1.42401,1.56,1.00
2016.12.08 06:09:52.885,1.4238,1.42401,1.31,1.31
2016.12.08 06:09:56.278,1.42381,1.42402,1.50,3.19
2016.12.08 06:09:56.430,1.42383,1.42403,1.00,2.44
2016.12.08 06:09:56.630,1.42383,1.42405,1.50,1.50
2016.12.08 06:09:57.199,1.42384,1.42405,1.00,1.00
2016.12.08 06:09:57.722,1.42383,1.42405,1.50,1.00
2016.12.08 06:09:58.269,1.42383,1.42404,1.50,1.00
2016.12.08 06:09:59.599,1.42383,1.42405,1.50,1.00
2016.12.08 06:10:00.188,1.42383,1.42404,1.50,1.00
2016.12.08 06:10:01.683,1.42383,1.42405,1.50,2.25
2016.12.08 06:10:01.774,1.42383,1.42403,1.50,1.00
2016.12.08 06:10:02.372,1.42383,1.42405,1.00,2.25
2016.12.08 06:10:02.578,1.42383,1.42403,1.00,1.00
2016.12.08 06:10:03.593,1.42383,1.42404,1.00,1.00
2016.12.08 06:10:04.172,1.42382,1.42404,1.87,1.00
2016.12.08 06:10:04.844,1.42384,1.42405,1.50,1.00
2016.12.08 06:10:05.384,1.42385,1.42406,1.00,1.00
2016.12.08 06:10:07.481,1.42385,1.42407,1.50,1.00
2016.12.08 06:10:09.155,1.4239,1.42407,1.00,2.25
2016.12.08 06:10:09.458,1.42388,1.42407,1.50,1.00
2016.12.08 06:10:10.160,1.42388,1.42409,1.12,1.00
2016.12.08 06:10:12.333,1.42386,1.42408,2.25,1.00
2016.12.08 06:10:12.485,1.42386,1.42408,1.12,3.00
2016.12.08 06:10:13.306,1.42385,1.42406,1.50,1.00
2016.12.08 06:10:13.925,1.42385,1.42407,2.25,1.00
2016.12.08 06:10:14.491,1.42388,1.42409,1.00,1.00
2016.12.08 06:10:14.693,1.42389,1.42411,1.87,1.00
2016.12.08 06:10:15.212,1.42389,1.42409,1.00,1.00
2016.12.08 06:10:15.527,1.42385,1.42405,2.25,1.00
2016.12.08 06:10:15.628,1.42385,1.42405,1.87,1.00
2016.12.08 06:10:15.986,1.42385,1.42407,1.87,1.00
2016.12.08 06:10:16.520,1.42385,1.42406,1.12,1.00
2016.12.08 06:10:17.077,1.42386,1.42406,1.00,1.50
2016.12.08 06:10:19.752,1.42385,1.42406,1.12,1.00
2016.12.08 06:10:20.542,1.42385,1.42407,2.44,2.25
2016.12.08 06:10:20.852,1.42384,1.42405,1.31,1.00
2016.12.08 06:10:21.464,1.42384,1.42404,1.31,1.00
2016.12.08 06:10:21.516,1.42385,1.42404,1.25,1.50
2016.12.08 06:10:21.567,1.42385,1.42401,1.25,1.00
2016.12.08 06:10:21.618,1.42381,1.42401,1.31,1.50
2016.12.08 06:10:22.585,1.4238,1.424,1.56,1.00
2016.12.08 06:10:23.217,1.42379,1.42401,2.06,1.00
2016.12.08 06:10:25.760,1.4238,1.42401,1.31,1.00
2016.12.08 06:10:29.734,1.42379,1.424,1.00,1.50
2016.12.08 06:10:33.496,1.42378,1.42399,1.69,1.00
2016.12.08 06:10:33.999,1.42378,1.42399,1.69,1.00
2016.12.08 06:10:35.798,1.42379,1.424,1.00,1.50
2016.12.08 06:10:36.329,1.42379,1.42401,1.00,1.87
2016.12.08 06:10:36.859,1.42378,1.424,2.06,1.00
2016.12.08 06:10:39.332,1.42378,1.424,2.06,1.00
2016.12.08 06:10:40.739,1.4238,1.42401,1.56,1.87
2016.12.08 06:10:43.360,1.4238,1.42401,2.06,1.00
2016.12.08 06:10:44.776,1.4238,1.42401,1.56,1.50
2016.12.08 06:10:45.484,1.4238,1.42401,2.06,1.00
2016.12.08 06:10:48.619,1.42379,1.42399,2.44,1.00
2016.12.08 06:10:51.576,1.42382,1.42399,2.06,1.00
2016.12.08 06:10:51.627,1.42382,1.42402,2.44,1.00
2016.12.08 06:10:51.678,1.42382,1.42402,2.81,1.00
2016.12.08 06:10:51.729,1.42383,1.42404,1.69,1.00
2016.12.08 06:10:51.931,1.42383,1.42402,1.69,1.00
2016.12.08 06:10:52.503,1.42383,1.42403,1.69,1.00
2016.12.08 06:10:53.211,1.42383,1.42402,1.69,1.00
2016.12.08 06:10:55.648,1.42383,1.42402,1.69,1.00
2016.12.08 06:10:56.621,1.42383,1.42404,2.44,1.00
2016.12.08 06:10:56.812,1.42383,1.42402,2.44,1.00
2016.12.08 06:10:56.913,1.42383,1.42404,2.44,1.00
2016.12.08 06:10:57.450,1.42383,1.42404,1.87,1.00
2016.12.08 06:10:57.820,1.42383,1.42402,1.87,1.00
2016.12.08 06:10:59.318,1.42384,1.42404,1.00,1.00
2016.12.08 06:11:00.413,1.42384,1.42405,1.50,1.00
2016.12.08 06:11:00.780,1.42385,1.42405,1.75,1.00
2016.12.08 06:11:03.791,1.42385,1.42405,1.00,1.00
2016.12.08 06:11:05.042,1.42384,1.42405,1.50,1.00
2016.12.08 06:11:05.558,1.42385,1.42405,1.00,1.00
2016.12.08 06:11:06.073,1.42384,1.42405,1.00,1.00
2016.12.08 06:11:08.203,1.42383,1.42405,2.44,1.50
2016.12.08 06:11:08.405,1.42382,1.42403,1.12,1.00
2016.12.08 06:11:08.715,1.4238,1.42401,1.12,1.00
2016.12.08 06:11:11.077,1.42383,1.42401,1.00,1.00
2016.12.08 06:11:11.330,1.42384,1.42404,1.00,1.00
2016.12.08 06:11:12.315,1.42383,1.42404,1.12,1.00
2016.12.08 06:11:13.937,1.42383,1.42405,1.87,1.50
2016.12.08 06:11:15.837,1.42383,1.42404,1.87,1.00
2016.12.08 06:11:16.400,1.4238,1.42401,2.25,1.00
2016.12.08 06:11:16.552,1.42379,1.42398,1.12,1.00
2016.12.08 06:11:19.547,1.42376,1.42397,1.50,1.00
2016.12.08 06:11:19.598,1.42379,1.42397,1.00,1.00
2016.12.08 06:11:19.649,1.42377,1.42397,1.00,1.00
2016.12.08 06:11:19.862,1.42377,1.42395,1.00,1.00
2016.12.08 06:11:20.098,1.42374,1.42394,1.00,1.00
2016.12.08 06:11:20.629,1.42373,1.42393,1.50,1.00
2016.12.08 06:11:21.134,1.42373,1.42392,1.50,1.00
2016.12.08 06:11:21.693,1.42373,1.42392,1.50,1.00
2016.12.08 06:11:22.061,1.42377,1.42392,1.00,1.00
2016.12.08 06:11:22.838,1.42378,1.42395,1.00,1.00
2016.12.08 06:11:23.349,1.42377,1.42395,1.00,1.00
2016.12.08 06:11:24.025,1.42378,1.42396,1.00,1.00
2016.12.08 06:11:24.659,1.42378,1.42397,1.00,1.50
2016.12.08 06:11:27.589,1.42378,1.42399,1.00,2.25
2016.12.08 06:11:28.121,1.42379,1.42398,1.00,1.00
2016.12.08 06:11:28.865,1.42379,1.42399,1.00,1.50
2016.12.08 06:11:30.233,1.42379,1.42399,1.50,1.50
2016.12.08 06:11:30.386,1.42381,1.42401,1.12,1.50
2016.12.08 06:11:30.478,1.42384,1.42404,1.00,1.00
2016.12.08 06:11:30.783,1.42388,1.42408,1.00,1.00
2016.12.08 06:11:31.750,1.42388,1.42409,1.00,1.00
2016.12.08 06:11:32.425,1.42388,1.42408,1.00,1.00
2016.12.08 06:11:32.729,1.42385,1.42405,1.50,1.00
2016.12.08 06:11:43.168,1.42382,1.42404,2.25,1.00
2016.12.08 06:11:43.270,1.42381,1.42403,1.00,1.00
2016.12.08 06:11:43.819,1.4238,1.42402,1.50,1.00
2016.12.08 06:11:49.888,1.4238,1.42401,1.50,1.00
2016.12.08 06:11:53.061,1.42382,1.42403,1.00,1.00
2016.12.08 06:11:53.576,1.42383,1.42404,1.00,1.00
2016.12.08 06:11:55.179,1.42383,1.42405,1.00,1.50
2016.12.08 06:11:55.697,1.42383,1.42404,1.00,1.00
2016.12.08 06:12:01.410,1.42384,1.42404,1.00,1.00
2016.12.08 06:12:01.922,1.42384,1.42405,1.00,1.50
2016.12.08 06:12:02.275,1.42384,1.42403,1.00,1.00
2016.12.08 06:12:02.388,1.42384,1.42405,1.00,1.50
2016.12.08 06:12:02.438,1.42384,1.42403,1.00,1.00
2016.12.08 06:12:03.297,1.42384,1.42404,1.00,1.00
2016.12.08 06:12:03.994,1.42383,1.42404,1.00,1.00
2016.12.08 06:12:05.527,1.42383,1.42403,1.00,1.00
2016.12.08 06:12:07.566,1.42383,1.42404,1.00,1.50
2016.12.08 06:12:08.537,1.42382,1.42404,1.00,1.50
2016.12.08 06:12:09.076,1.42381,1.42403,1.50,1.50
2016.12.08 06:12:09.628,1.42381,1.42402,1.50,1.00
2016.12.08 06:12:11.712,1.42381,1.42402,1.75,2.25
2016.12.08 06:12:13.024,1.42381,1.42402,1.50,2.25
2016.12.08 06:12:18.023,1.42381,1.42402,1.00,1.50
2016.12.08 06:12:18.746,1.42381,1.42402,1.50,1.50
2016.12.08 06:12:27.147,1.4238,1.42401,1.75,1.00
2016.12.08 06:12:28.522,1.4238,1.42402,1.75,1.00
2016.12.08 06:12:29.447,1.4238,1.42402,1.12,1.00
2016.12.08 06:12:31.062,1.42382,1.42401,1.00,1.00
2016.12.08 06:12:31.416,1.42382,1.42403,1.00,1.50
2016.12.08 06:12:32.038,1.42382,1.42402,1.00,1.00
2016.12.08 06:12:33.773,1.42383,1.42402,1.00,1.00
2016.12.08 06:12:35.474,1.42382,1.42402,1.00,1.00
2016.12.08 06:12:36.322,1.42382,1.42403,1.00,1.00
2016.12.08 06:12:36.829,1.42383,1.42403,1.00,1.00
2016.12.08 06:12:37.358,1.42382,1.42403,1.12,1.00
2016.12.08 06:12:44.930,1.42384,1.42404,1.00,1.00
2016.12.08 06:12:44.981,1.42384,1.42406,1.50,1.00
2016.12.08 06:12:45.083,1.42386,1.42407,1.00,1.00
2016.12.08 06:12:45.427,1.42389,1.4241,1.00,1.00
2016.12.08 06:12:45.764,1.42387,1.42409,1.00,1.50
2016.12.08 06:12:45.869,1.42389,1.4241,1.00,1.50
2016.12.08 06:12:46.172,1.42384,1.42406,1.75,1.50
2016.12.08 06:12:46.675,1.42384,1.42405,1.75,1.00
2016.12.08 06:12:46.967,1.42382,1.42404,1.75,1.50
2016.12.08 06:12:47.068,1.42383,1.42404,1.00,1.00
2016.12.08 06:12:51.238,1.42383,1.42403,1.00,1.00
2016.12.08 06:12:51.808,1.42383,1.42404,1.00,1.00
2016.12.08 06:12:52.284,1.42381,1.42405,1.12,2.25
2016.12.08 06:12:52.790,1.42381,1.42404,1.12,1.00
2016.12.08 06:12:53.324,1.42381,1.42405,1.12,3.00
2016.12.08 06:12:53.669,1.42381,1.42403,1.12,1.00
2016.12.08 06:13:01.527,1.42382,1.42403,1.00,1.50
2016.12.08 06:13:03.650,1.42383,1.42404,1.00,1.00
2016.12.08 06:13:04.183,1.42384,1.42405,1.12,1.00
2016.12.08 06:13:05.538,1.42382,1.42404,1.75,1.50
2016.12.08 06:13:06.094,1.42382,1.42403,1.75,1.00
2016.12.08 06:13:06.430,1.42377,1.42397,1.31,1.50
2016.12.08 06:13:06.481,1.42376,1.42397,1.56,2.25
2016.12.08 06:13:06.799,1.42375,1.42396,1.69,2.06
2016.12.08 06:13:07.254,1.42375,1.42393,1.00,1.00
2016.12.08 06:13:07.778,1.42374,1.42393,1.00,1.00
2016.12.08 06:13:08.301,1.42371,1.42392,1.00,1.00
2016.12.08 06:13:08.425,1.4237,1.4239,1.50,1.00
2016.12.08 06:13:08.729,1.42367,1.42387,1.50,1.00
2016.12.08 06:13:09.172,1.42364,1.42385,1.87,1.50
2016.12.08 06:13:09.374,1.42362,1.42383,1.00,1.50
2016.12.08 06:13:09.476,1.42366,1.42387,1.00,2.25
2016.12.08 06:13:09.981,1.42366,1.42386,1.50,1.00
2016.12.08 06:13:10.295,1.42364,1.42383,1.75,1.00
2016.12.08 06:13:10.448,1.4236,1.42382,2.62,1.00
2016.12.08 06:13:10.501,1.4236,1.42384,1.75,1.50
2016.12.08 06:13:10.603,1.42362,1.42382,1.00,1.00
2016.12.08 06:13:10.680,1.42364,1.42385,1.00,1.00
2016.12.08 06:13:11.075,1.42364,1.42383,1.50,1.00
2016.12.08 06:13:11.226,1.42362,1.42383,1.50,1.00
2016.12.08 06:13:11.277,1.42359,1.4238,2.25,1.00
2016.12.08 06:13:11.430,1.42356,1.42378,2.25,1.00
2016.12.08 06:13:11.531,1.42356,1.42378,2.25,1.00
2016.12.08 06:13:11.748,1.42358,1.42379,1.00,1.00
2016.12.08 06:13:12.287,1.42359,1.4238,1.00,1.00
2016.12.08 06:13:12.808,1.42359,1.42379,1.00,1.00
2016.12.08 06:13:14.296,1.4236,1.42379,1.00,1.00
2016.12.08 06:13:14.347,1.4236,1.42381,1.00,1.50
2016.12.08 06:13:16.977,1.42362,1.42382,1.00,1.00
2016.12.08 06:13:17.486,1.42363,1.42383,1.00,1.00
2016.12.08 06:13:18.551,1.42363,1.42382,1.50,1.00
2016.12.08 06:13:19.058,1.42363,1.42383,1.50,1.00
2016.12.08 06:13:20.485,1.42361,1.42383,1.87,1.00
2016.12.08 06:13:21.028,1.42362,1.42382,1.12,1.00
2016.12.08 06:13:21.580,1.42362,1.42383,1.12,1.00
2016.12.08 06:13:23.188,1.42363,1.42383,1.00,1.00
2016.12.08 06:13:23.724,1.4236,1.42381,1.50,1.00
2016.12.08 06:13:23.877,1.4236,1.42381,1.12,1.00
2016.12.08 06:13:23.928,1.42355,1.42375,1.75,1.50
2016.12.08 06:13:24.029,1.42354,1.42375,1.50,1.50
2016.12.08 06:13:24.131,1.42352,1.42375,1.00,1.87
2016.12.08 06:13:24.828,1.42352,1.42374,1.00,1.00
2016.12.08 06:13:25.381,1.42352,1.42375,1.00,1.87
2016.12.08 06:13:25.483,1.42351,1.42373,1.00,1.00
2016.12.08 06:13:25.999,1.4235,1.4237,1.12,1.50
2016.12.08 06:13:27.060,1.42353,1.4237,1.50,1.00
2016.12.08 06:13:27.268,1.42352,1.42372,1.00,1.50
2016.12.08 06:13:27.722,1.42354,1.42373,1.00,1.00
2016.12.08 06:13:28.025,1.42365,1.42382,1.50,1.00
2016.12.08 06:13:28.176,1.42363,1.42382,1.31,1.00
2016.12.08 06:13:28.278,1.42365,1.42381,1.00,1.50
2016.12.08 06:13:28.379,1.42363,1.42382,2.06,1.50
2016.12.08 06:13:28.806,1.42366,1.42383,1.00,1.00
2016.12.08 06:13:30.600,1.42363,1.42384,1.00,2.25
2016.12.08 06:13:32.025,1.42363,1.42384,1.00,3.00
2016.12.08 06:13:32.382,1.42365,1.42385,1.00,2.25
2016.12.08 06:13:33.733,1.42367,1.42385,1.00,1.75
2016.12.08 06:13:33.834,1.42367,1.42385,1.00,1.00
2016.12.08 06:13:34.811,1.42365,1.42385,1.50,1.00
2016.12.08 06:13:37.807,1.42363,1.42384,1.00,1.00
2016.12.08 06:13:40.306,1.42365,1.42385,1.50,1.00
2016.12.08 06:13:40.458,1.42365,1.42387,1.00,1.50
2016.12.08 06:13:40.774,1.42366,1.42385,1.00,1.00
2016.12.08 06:13:43.842,1.42366,1.42386,1.00,1.00
2016.12.08 06:13:44.454,1.42365,1.42387,1.25,1.12
2016.12.08 06:13:44.768,1.42369,1.42388,1.00,1.00
2016.12.08 06:13:45.316,1.42368,1.42388,1.00,1.00
2016.12.08 06:13:45.620,1.42364,1.42386,3.19,1.00
2016.12.08 06:13:45.671,1.42364,1.42384,2.06,1.00
2016.12.08 06:13:46.194,1.42365,1.42384,1.00,1.00
2016.12.08 06:13:48.497,1.42365,1.42381,1.00,1.00
2016.12.08 06:13:48.548,1.42363,1.42381,1.00,1.00
2016.12.08 06:13:48.851,1.42361,1.42381,1.00,1.50
2016.12.08 06:13:48.902,1.42361,1.42378,1.00,1.50
2016.12.08 06:13:48.952,1.42356,1.42375,1.37,1.00
2016.12.08 06:13:49.102,1.42356,1.42378,2.25,1.12
2016.12.08 06:13:49.203,1.42355,1.42376,1.50,1.00
2016.12.08 06:13:49.644,1.42359,1.42377,1.00,1.87
2016.12.08 06:13:50.615,1.42357,1.42377,1.50,1.87
2016.12.08 06:13:50.969,1.42358,1.4238,1.00,2.25
2016.12.08 06:13:51.121,1.42361,1.4238,1.00,1.50
2016.12.08 06:13:51.723,1.42361,1.4238,1.00,1.00
2016.12.08 06:13:52.248,1.42362,1.4238,1.00,1.00
2016.12.08 06:13:53.601,1.42362,1.42381,1.00,1.50
2016.12.08 06:13:53.854,1.42357,1.42378,1.00,2.25
2016.12.08 06:13:54.498,1.42357,1.42374,1.00,1.00
2016.12.08 06:13:55.020,1.42356,1.42374,1.00,1.00
2016.12.08 06:14:00.546,1.42356,1.42372,1.00,1.50
2016.12.08 06:14:00.698,1.42356,1.42376,1.00,3.37
2016.12.08 06:14:00.775,1.42355,1.42374,1.00,1.00
2016.12.08 06:14:00.877,1.42355,1.42376,1.00,1.87
2016.12.08 06:14:01.424,1.42354,1.42376,2.25,1.12
2016.12.08 06:14:01.728,1.42354,1.42374,1.00,1.00
2016.12.08 06:14:02.747,1.42354,1.42373,1.00,1.00
2016.12.08 06:14:03.294,1.42354,1.42372,1.00,1.00
2016.12.08 06:14:03.706,1.42359,1.42379,1.00,2.25
2016.12.08 06:14:03.960,1.4236,1.4238,1.00,1.00
2016.12.08 06:14:04.417,1.42358,1.4238,2.81,1.12
2016.12.08 06:14:04.845,1.4236,1.42379,1.00,1.00
2016.12.08 06:14:05.417,1.42358,1.42378,1.00,1.00
2016.12.08 06:14:05.521,1.4236,1.42378,1.00,1.12
2016.12.08 06:14:06.883,1.42359,1.42378,1.00,1.12
2016.12.08 06:14:07.406,1.42359,1.42379,1.00,1.00
2016.12.08 06:14:08.024,1.42361,1.42379,1.00,1.00
2016.12.08 06:14:08.277,1.42358,1.4238,2.25,1.00
2016.12.08 06:14:08.691,1.4236,1.4238,1.00,1.00
2016.12.08 06:14:09.214,1.42359,1.4238,1.50,1.00
2016.12.08 06:14:09.631,1.4236,1.42378,1.00,1.00
2016.12.08 06:14:10.318,1.4236,1.42376,1.00,1.00
2016.12.08 06:14:10.868,1.4236,1.42375,1.00,1.00
2016.12.08 06:14:11.070,1.42355,1.42373,1.00,1.00
2016.12.08 06:14:11.475,1.4236,1.42375,1.00,1.50
2016.12.08 06:14:11.728,1.42363,1.42379,1.00,1.00
2016.12.08 06:14:11.880,1.42363,1.42381,1.00,1.12
2016.12.08 06:14:11.982,1.42362,1.42379,1.00,1.00
2016.12.08 06:14:12.083,1.42359,1.42379,1.00,1.00
2016.12.08 06:14:12.295,1.42359,1.42378,1.00,1.50
2016.12.08 06:14:12.497,1.42363,1.42382,1.31,1.00
2016.12.08 06:14:12.599,1.42364,1.42384,1.00,1.00
2016.12.08 06:14:12.650,1.42363,1.42382,1.00,1.00
2016.12.08 06:14:12.701,1.42361,1.42381,1.50,1.00
2016.12.08 06:14:12.803,1.42358,1.42376,1.50,1.00
2016.12.08 06:14:12.905,1.42358,1.42379,1.00,1.12
2016.12.08 06:14:12.957,1.4236,1.42379,1.00,1.12
2016.12.08 06:14:13.473,1.42359,1.42379,1.00,1.12
2016.12.08 06:14:14.005,1.42359,1.42378,1.00,1.00
2016.12.08 06:14:14.532,1.42358,1.42378,1.00,1.50
2016.12.08 06:14:14.924,1.42355,1.42374,1.00,1.00
2016.12.08 06:14:15.025,1.42356,1.42377,1.00,1.50
2016.12.08 06:14:15.227,1.42353,1.42376,1.00,1.50
2016.12.08 06:14:15.279,1.42355,1.42377,1.00,1.87
2016.12.08 06:14:15.583,1.42353,1.42373,1.00,1.00
2016.12.08 06:14:15.887,1.42356,1.42375,1.00,1.50
2016.12.08 06:14:15.938,1.42357,1.42377,1.00,1.12
2016.12.08 06:14:16.450,1.42357,1.42376,1.00,1.00
2016.12.08 06:14:16.999,1.42356,1.42376,1.00,1.00
2016.12.08 06:14:17.189,1.42353,1.42373,1.00,1.00
2016.12.08 06:14:17.291,1.42354,1.42375,1.00,1.00
2016.12.08 06:14:17.442,1.42353,1.42374,1.50,1.75
2016.12.08 06:14:17.746,1.42357,1.42375,1.00,1.12
2016.12.08 06:14:17.898,1.42358,1.42379,1.00,1.50
2016.12.08 06:14:17.949,1.42358,1.42377,1.00,1.00
2016.12.08 06:14:18.201,1.42353,1.42376,1.00,1.00
2016.12.08 06:14:18.828,1.42352,1.42374,1.12,1.00
2016.12.08 06:14:19.131,1.42348,1.42371,1.37,1.00
2016.12.08 06:14:19.665,1.42352,1.42372,1.00,2.25
2016.12.08 06:14:19.766,1.42353,1.42373,1.00,1.50
2016.12.08 06:14:20.192,1.42351,1.42373,1.00,1.50
2016.12.08 06:14:20.342,1.42351,1.42371,1.00,1.00
2016.12.08 06:14:20.854,1.42349,1.42367,1.00,1.00
2016.12.08 06:14:21.056,1.42346,1.42369,1.50,1.37
2016.12.08 06:14:21.332,1.42346,1.42369,1.75,1.00
2016.12.08 06:14:21.490,1.42349,1.42371,1.00,1.00
2016.12.08 06:14:21.741,1.42351,1.42371,1.00,1.00
2016.12.08 06:14:21.843,1.42351,1.42373,1.00,1.50
2016.12.08 06:14:22.277,1.42347,1.42369,1.75,1.00
2016.12.08 06:14:22.328,1.42347,1.42369,1.00,1.50
2016.12.08 06:14:22.429,1.42345,1.42365,1.00,1.00
2016.12.08 06:14:22.799,1.42349,1.42368,1.00,2.25
2016.12.08 06:14:22.951,1.42348,1.42369,1.00,1.50
2016.12.08 06:14:23.485,1.42351,1.42368,1.00,1.00
2016.12.08 06:14:23.788,1.42347,1.42368,1.00,1.00
2016.12.08 06:14:24.348,1.42346,1.42368,1.00,1.00
2016.12.08 06:14:24.586,1.42349,1.42367,1.00,1.00
2016.12.08 06:14:24.926,1.42351,1.42368,1.00,1.87
2016.12.08 06:14:24.997,1.42346,1.42367,1.00,1.00
2016.12.08 06:14:25.543,1.42346,1.42368,1.00,1.87
2016.12.08 06:14:25.899,1.42351,1.42367,1.00,1.00
2016.12.08 06:14:26.420,1.42346,1.42367,1.00,1.00
2016.12.08 06:14:26.521,1.42348,1.42369,1.00,1.37
2016.12.08 06:14:26.572,1.42346,1.42369,1.50,1.37
2016.12.08 06:14:26.622,1.42349,1.4237,1.00,2.62
2016.12.08 06:14:26.673,1.42349,1.4237,1.00,2.25
2016.12.08 06:14:27.401,1.42345,1.42365,1.12,1.00
2016.12.08 06:14:27.704,1.42343,1.42365,1.00,1.00
2016.12.08 06:14:27.956,1.42343,1.42365,1.00,2.06
2016.12.08 06:14:28.108,1.42341,1.42365,1.50,2.81
2016.12.08 06:14:28.265,1.42338,1.42362,1.87,1.00
2016.12.08 06:14:28.709,1.4234,1.42363,1.00,1.12
2016.12.08 06:14:30.231,1.42341,1.42364,1.00,1.50
2016.12.08 06:14:30.784,1.4234,1.42364,1.00,1.87
2016.12.08 06:14:31.314,1.42341,1.42364,1.00,2.62
2016.12.08 06:14:33.922,1.4234,1.42362,1.00,1.00
2016.12.08 06:14:35.542,1.42341,1.42364,1.00,1.87
2016.12.08 06:14:35.695,1.4234,1.42362,1.50,1.00
2016.12.08 06:14:35.847,1.42338,1.42361,1.50,1.00
2016.12.08 06:14:35.948,1.42342,1.42364,1.50,1.87
2016.12.08 06:14:36.251,1.42339,1.42362,2.62,1.50
2016.12.08 06:14:36.554,1.42339,1.4236,1.50,1.00
2016.12.08 06:14:37.119,1.42338,1.42359,1.00,1.00
2016.12.08 06:14:37.621,1.42337,1.42358,1.87,1.00
2016.12.08 06:14:38.126,1.4234,1.42361,1.00,1.50
2016.12.08 06:14:38.379,1.42343,1.42365,1.12,1.00
2016.12.08 06:14:38.887,1.42343,1.42364,1.12,1.00
2016.12.08 06:14:39.407,1.42343,1.42365,1.12,1.50
2016.12.08 06:14:39.767,1.42342,1.42363,2.25,1.00
2016.12.08 06:14:40.992,1.42343,1.42364,1.12,1.00
2016.12.08 06:14:45.061,1.42342,1.42364,1.00,1.00
2016.12.08 06:14:45.365,1.42335,1.42357,1.87,1.00
2016.12.08 06:14:45.876,1.42337,1.42358,1.50,1.00
2016.12.08 06:14:46.390,1.42338,1.42359,1.50,1.00
2016.12.08 06:14:47.239,1.42338,1.42358,2.25,1.00
2016.12.08 06:14:47.809,1.42338,1.42359,2.25,1.00
2016.12.08 06:14:48.129,1.42342,1.42361,1.00,1.00
2016.12.08 06:14:48.828,1.42342,1.4236,1.00,1.00
2016.12.08 06:14:49.547,1.42342,1.42359,1.00,1.00
2016.12.08 06:14:49.921,1.42338,1.42359,1.87,1.00
2016.12.08 06:14:50.733,1.42337,1.42359,1.50,1.00
2016.12.08 06:14:51.724,1.42337,1.42359,2.25,1.00
2016.12.08 06:14:57.379,1.42342,1.42359,1.00,1.00
2016.12.08 06:14:57.430,1.42342,1.42363,1.00,2.25
2016.12.08 06:14:57.978,1.42341,1.42362,1.00,1.00
2016.12.08 06:14:58.681,1.4234,1.42362,1.12,2.25
2016.12.08 06:14:58.830,1.42338,1.4236,1.75,1.00
2016.12.08 06:14:58.931,1.42338,1.4236,1.00,1.50
2016.12.08 06:15:00.543,1.42339,1.4236,1.00,1.00
2016.12.08 06:15:00.695,1.42337,1.42358,1.00,1.00
2016.12.08 06:15:01.731,1.42337,1.42359,1.00,1.00
2016.12.08 06:15:02.034,1.42339,1.4236,1.00,1.00
2016.12.08 06:15:02.540,1.42339,1.42361,1.00,1.12
2016.12.08 06:15:03.089,1.42339,1.4236,1.00,1.00
2016.12.08 06:15:03.561,1.42335,1.42357,1.00,1.50
2016.12.08 06:15:03.663,1.42337,1.4236,1.00,3.00
2016.12.08 06:15:03.814,1.42338,1.4236,1.00,1.00
2016.12.08 06:15:04.564,1.42337,1.4236,1.00,1.87
2016.12.08 06:15:05.140,1.42338,1.4236,1.00,1.87
2016.12.08 06:15:05.737,1.42337,1.42359,1.50,1.00
2016.12.08 06:15:06.485,1.42336,1.42358,1.12,1.00
2016.12.08 06:15:07.988,1.42337,1.42359,1.50,1.00
2016.12.08 06:15:08.140,1.42338,1.42361,1.50,3.00
2016.12.08 06:15:08.653,1.42337,1.42358,1.75,1.00
2016.12.08 06:15:09.183,1.42337,1.42357,1.75,1.00
2016.12.08 06:15:10.056,1.42337,1.42358,1.75,1.00
2016.12.08 06:15:10.158,1.42336,1.42357,1.12,1.00
2016.12.08 06:15:16.601,1.42334,1.42356,1.75,1.00
2016.12.08 06:15:16.752,1.42334,1.42356,1.12,1.50
2016.12.08 06:15:17.112,1.42332,1.42354,4.31,1.37
2016.12.08 06:15:17.365,1.42329,1.42351,1.00,1.00
2016.12.08 06:15:17.925,1.42329,1.4235,1.00,1.00
2016.12.08 06:15:18.128,1.42331,1.42351,1.00,1.12
2016.12.08 06:15:18.602,1.42329,1.42351,1.00,1.12
2016.12.08 06:15:20.439,1.42335,1.42355,1.00,2.25
2016.12.08 06:15:20.540,1.42336,1.42357,1.00,1.50
2016.12.08 06:15:20.641,1.42336,1.42358,1.00,1.50
2016.12.08 06:15:21.146,1.42336,1.42356,1.00,1.00
2016.12.08 06:15:21.459,1.42331,1.42352,2.06,1.00
2016.12.08 06:15:21.560,1.42331,1.42352,1.31,1.00
2016.12.08 06:15:21.611,1.42331,1.42352,1.56,1.00
2016.12.08 06:15:22.116,1.42331,1.42353,1.56,1.00
2016.12.08 06:15:22.513,1.42332,1.42355,1.56,2.25
2016.12.08 06:15:23.017,1.42333,1.42356,2.81,2.25
2016.12.08 06:15:25.513,1.42333,1.42355,2.06,1.50
2016.12.08 06:15:25.564,1.42335,1.42353,1.31,1.00
2016.12.08 06:15:25.818,1.42336,1.42355,1.00,1.87
2016.12.08 06:15:26.429,1.42336,1.42354,1.00,1.00
2016.12.08 06:15:27.294,1.42334,1.42354,1.56,1.00
2016.12.08 06:15:27.894,1.42334,1.42355,1.56,1.12
2016.12.08 06:15:28.550,1.42336,1.42355,1.00,1.12
2016.12.08 06:15:29.052,1.42334,1.42354,1.56,1.00
2016.12.08 06:15:29.754,1.42337,1.42354,1.50,1.00
2016.12.08 06:15:29.805,1.42334,1.42354,2.06,1.00
2016.12.08 06:15:29.856,1.42337,1.42354,1.00,1.00
2016.12.08 06:15:30.029,1.42334,1.42354,2.06,1.00
2016.12.08 06:15:30.080,1.42337,1.42354,1.00,1.00
2016.12.08 06:15:30.131,1.42334,1.42354,2.06,1.00
2016.12.08 06:15:30.182,1.42338,1.42354,1.00,1.00
2016.12.08 06:15:30.283,1.42334,1.42354,2.06,1.00
2016.12.08 06:15:30.334,1.42338,1.42354,1.00,1.00
2016.12.08 06:15:30.436,1.42334,1.42354,2.06,1.00
2016.12.08 06:15:30.576,1.42337,1.42354,1.00,1.00
2016.12.08 06:15:30.930,1.42334,1.42354,1.56,1.00
2016.12.08 06:15:30.981,1.42337,1.42354,1.00,1.00
2016.12.08 06:15:31.083,1.42334,1.42354,1.56,1.00
2016.12.08 06:15:31.134,1.42337,1.42354,1.00,1.00
2016.12.08 06:15:31.246,1.42334,1.42354,1.56,1.00
2016.12.08 06:15:31.297,1.42338,1.42355,1.00,1.50
2016.12.08 06:15:31.398,1.42334,1.42355,1.56,1.50
2016.12.08 06:15:31.449,1.42338,1.42355,1.00,1.50
2016.12.08 06:15:31.651,1.42334,1.42355,1.56,1.50
2016.12.08 06:15:31.702,1.42338,1.42355,1.00,1.50
2016.12.08 06:15:31.955,1.42334,1.42355,1.56,1.50
2016.12.08 06:15:32.106,1.42337,1.42355,1.00,1.50
2016.12.08 06:15:32.308,1.42334,1.42355,1.56,1.50
2016.12.08 06:15:32.410,1.42338,1.42355,1.00,1.50
2016.12.08 06:15:32.613,1.42334,1.42355,1.56,1.00
2016.12.08 06:15:32.663,1.42338,1.42355,1.00,1.50
2016.12.08 06:15:32.765,1.42334,1.42355,1.56,1.50
2016.12.08 06:15:32.815,1.42337,1.42355,1.00,1.50
2016.12.08 06:15:32.866,1.42334,1.42355,1.56,1.50
2016.12.08 06:15:33.371,1.42334,1.42354,1.00,1.50
2016.12.08 06:15:33.707,1.42332,1.42353,1.25,1.00
2016.12.08 06:15:34.401,1.42331,1.42353,2.81,1.00
2016.12.08 06:15:38.787,1.42332,1.42354,1.69,2.25
2016.12.08 06:15:39.311,1.42331,1.42353,2.81,1.00
2016.12.08 06:15:41.200,1.42332,1.42354,1.69,2.25
2016.12.08 06:15:41.865,1.42331,1.42352,2.06,1.00
2016.12.08 06:15:42.017,1.42331,1.42352,1.00,1.00
2016.12.08 06:15:42.118,1.42333,1.42352,1.00,1.00
2016.12.08 06:15:42.171,1.42331,1.42352,1.00,1.00
2016.12.08 06:15:43.702,1.42329,1.42348,1.69,1.00
2016.12.08 06:15:43.905,1.42327,1.42347,1.00,1.00
2016.12.08 06:15:45.051,1.42328,1.42349,1.00,1.75
2016.12.08 06:15:45.477,1.4233,1.42352,1.00,4.50
2016.12.08 06:15:45.629,1.4233,1.42351,1.00,1.00
2016.12.08 06:15:46.173,1.42331,1.42352,1.00,1.12
2016.12.08 06:15:46.274,1.42328,1.4235,1.56,1.50
2016.12.08 06:15:46.476,1.42327,1.42349,2.06,1.00
2016.12.08 06:15:46.997,1.42327,1.42348,1.31,1.12
2016.12.08 06:15:47.648,1.42328,1.42349,1.00,2.25
2016.12.08 06:15:48.444,1.42328,1.42349,1.00,1.00
2016.12.08 06:15:49.849,1.42328,1.42348,1.50,1.00
2016.12.08 06:15:50.201,1.4233,1.42349,1.00,1.00
2016.12.08 06:15:50.251,1.42328,1.42349,1.00,1.00
2016.12.08 06:15:51.494,1.42328,1.4235,1.50,1.50
2016.12.08 06:15:52.485,1.42329,1.4235,1.00,1.12
2016.12.08 06:15:53.018,1.42328,1.4235,1.00,1.87
2016.12.08 06:15:53.522,1.42328,1.42349,1.00,1.00
2016.12.08 06:15:53.648,1.4233,1.4235,1.00,1.12
2016.12.08 06:15:54.059,1.4233,1.42352,1.00,1.87
2016.12.08 06:15:55.339,1.4233,1.4235,1.00,1.00
2016.12.08 06:15:55.946,1.42329,1.42349,1.31,1.00
2016.12.08 06:15:56.462,1.42329,1.4235,1.31,1.50
2016.12.08 06:15:57.040,1.42329,1.42351,2.06,2.25
2016.12.08 06:15:59.516,1.4233,1.42351,1.00,1.00
2016.12.08 06:16:00.033,1.4233,1.4235,1.00,1.00
2016.12.08 06:16:00.569,1.4233,1.42351,1.00,1.00
2016.12.08 06:16:01.262,1.42329,1.4235,1.31,2.25
2016.12.08 06:16:01.703,1.42329,1.42348,1.31,1.00
2016.12.08 06:16:02.236,1.42329,1.42347,1.00,1.50
2016.12.08 06:16:02.487,1.42327,1.42347,1.12,1.00
2016.12.08 06:16:03.060,1.42327,1.42348,1.12,1.50
2016.12.08 06:16:03.603,1.42328,1.42348,1.50,2.25
2016.12.08 06:16:03.888,1.42325,1.42345,1.69,1.00
2016.12.08 06:16:05.614,1.42325,1.42343,1.00,1.50
2016.12.08 06:16:05.665,1.42322,1.42341,1.12,1.00
2016.12.08 06:16:05.855,1.42322,1.42343,1.00,1.87
2016.12.08 06:16:06.068,1.42319,1.42341,2.06,1.00
2016.12.08 06:16:07.130,1.42319,1.42341,1.56,1.50
2016.12.08 06:16:12.410,1.42317,1.42339,2.25,1.50
2016.12.08 06:16:13.002,1.42317,1.42339,1.00,3.00
2016.12.08 06:16:15.592,1.42317,1.42338,1.00,1.00
2016.12.08 06:16:20.881,1.42316,1.42338,1.12,1.50
2016.12.08 06:16:21.778,1.42316,1.42339,1.87,2.25
2016.12.08 06:16:23.318,1.42317,1.42339,1.00,1.50
2016.12.08 06:16:26.559,1.42321,1.42339,1.00,1.00
2016.12.08 06:16:27.071,1.42319,1.4234,1.56,1.50
2016.12.08 06:16:27.893,1.42318,1.42339,2.44,1.00
2016.12.08 06:16:28.335,1.42322,1.42339,1.00,1.00
2016.12.08 06:16:28.850,1.42318,1.42339,2.06,1.00
2016.12.08 06:16:29.002,1.42322,1.4234,1.00,1.00
2016.12.08 06:16:29.103,1.42319,1.4234,1.56,1.00
2016.12.08 06:16:30.101,1.42319,1.42341,1.56,3.00
2016.12.08 06:16:30.668,1.42318,1.4234,2.44,2.25
2016.12.08 06:16:31.190,1.42318,1.42339,2.44,1.00
2016.12.08 06:16:31.340,1.42319,1.42341,1.56,3.00
2016.12.08 06:16:32.084,1.42319,1.42341,1.56,3.00
2016.12.08 06:16:32.692,1.42321,1.42339,1.00,1.00
2016.12.08 06:16:33.297,1.42318,1.42339,1.56,1.00
2016.12.08 06:16:33.803,1.42318,1.4234,1.56,2.62
2016.12.08 06:16:34.106,1.42322,1.4234,1.00,1.87
2016.12.08 06:16:34.359,1.42319,1.4234,1.56,2.25
2016.12.08 06:16:34.410,1.42322,1.4234,1.00,2.25
2016.12.08 06:16:34.460,1.4232,1.4234,2.06,3.00
2016.12.08 06:16:34.562,1.42322,1.4234,1.00,2.25
2016.12.08 06:16:34.613,1.4232,1.4234,1.31,2.25
2016.12.08 06:16:35.302,1.4232,1.42338,1.31,1.00
2016.12.08 06:16:35.353,1.4232,1.4234,1.31,3.00
2016.12.08 06:16:35.602,1.4232,1.42337,1.31,1.00
2016.12.08 06:16:35.906,1.42322,1.42337,1.00,1.00
2016.12.08 06:16:36.007,1.4232,1.42337,1.31,1.00
2016.12.08 06:16:36.159,1.42322,1.42337,1.00,1.00
2016.12.08 06:16:36.261,1.4232,1.42337,1.31,1.00
2016.12.08 06:16:36.312,1.4232,1.42339,1.31,1.50
2016.12.08 06:16:36.566,1.42322,1.42339,1.00,1.50
2016.12.08 06:16:36.718,1.4232,1.42339,1.31,1.12
2016.12.08 06:16:36.769,1.42322,1.42339,1.00,1.12
2016.12.08 06:16:36.921,1.4232,1.42339,1.31,1.12
2016.12.08 06:16:37.123,1.42322,1.42339,1.00,1.12
2016.12.08 06:16:37.274,1.4232,1.42339,1.31,1.12
2016.12.08 06:16:37.325,1.42322,1.42339,1.00,1.12
2016.12.08 06:16:37.574,1.4232,1.4234,1.31,2.25
2016.12.08 06:16:37.726,1.42322,1.42339,1.00,1.50
2016.12.08 06:16:37.878,1.4232,1.42339,1.31,2.25
2016.12.08 06:16:38.181,1.42322,1.42339,1.00,1.50
2016.12.08 06:16:38.484,1.4232,1.42339,1.31,1.50
2016.12.08 06:16:38.585,1.42322,1.42339,1.00,1.50
2016.12.08 06:16:38.636,1.4232,1.42339,1.31,1.50
2016.12.08 06:16:38.737,1.42322,1.42339,1.00,1.50
2016.12.08 06:16:38.788,1.4232,1.42339,1.31,1.50
2016.12.08 06:16:38.940,1.42322,1.42339,1.00,1.50
2016.12.08 06:16:39.041,1.4232,1.42339,1.31,1.50
2016.12.08 06:16:39.294,1.42322,1.42339,1.00,1.00
2016.12.08 06:16:39.446,1.4232,1.42339,1.31,1.00
2016.12.08 06:16:39.547,1.42322,1.42339,1.00,1.00
2016.12.08 06:16:39.749,1.4232,1.42339,1.31,1.00
2016.12.08 06:16:39.800,1.42322,1.42339,1.00,1.00
2016.12.08 06:16:39.851,1.4232,1.4234,1.31,1.50
2016.12.08 06:16:40.205,1.42322,1.42339,1.00,1.00
2016.12.08 06:16:40.256,1.4232,1.42339,1.31,1.00
2016.12.08 06:16:40.408,1.4232,1.42337,1.31,1.00
2016.12.08 06:16:40.799,1.42322,1.42337,1.00,1.00
2016.12.08 06:16:40.858,1.42321,1.42339,1.00,1.50
2016.12.08 06:16:41.364,1.4232,1.42339,1.31,1.50
2016.12.08 06:16:41.516,1.42322,1.42339,1.00,1.00
2016.12.08 06:16:41.618,1.4232,1.42339,1.31,1.00
2016.12.08 06:16:41.669,1.42322,1.42339,1.00,1.00
2016.12.08 06:16:41.770,1.4232,1.42339,1.31,1.00
2016.12.08 06:16:41.871,1.42322,1.42339,1.00,1.00
2016.12.08 06:16:41.922,1.4232,1.42339,1.31,1.00
2016.12.08 06:16:42.327,1.42322,1.42339,1.00,1.00
2016.12.08 06:16:42.479,1.4232,1.42339,1.31,1.00
2016.12.08 06:16:42.732,1.42322,1.42339,1.00,1.50
2016.12.08 06:16:43.085,1.4232,1.42339,1.31,1.50
2016.12.08 06:16:43.621,1.42319,1.4234,1.56,2.25
2016.12.08 06:16:43.673,1.42322,1.4234,1.00,2.25
2016.12.08 06:16:44.077,1.42319,1.42341,1.56,3.00
2016.12.08 06:16:44.178,1.42322,1.42341,1.00,2.25
2016.12.08 06:16:44.330,1.42319,1.42341,1.56,2.25
2016.12.08 06:16:44.583,1.42322,1.42341,1.00,2.25
2016.12.08 06:16:44.734,1.42319,1.42341,2.06,2.25
2016.12.08 06:16:45.285,1.42319,1.4234,1.56,1.00
2016.12.08 06:16:46.141,1.42319,1.42341,1.56,2.25
2016.12.08 06:16:47.151,1.42319,1.4234,1.56,1.00
2016.12.08 06:16:48.720,1.4232,1.42341,1.31,1.50
2016.12.08 06:16:49.185,1.42328,1.4234,1.00,1.00
2016.12.08 06:16:49.236,1.42328,1.42342,1.00,1.12
2016.12.08 06:16:49.720,1.42319,1.42341,1.50,1.00
2016.12.08 06:16:49.922,1.42329,1.42341,1.00,1.00
2016.12.08 06:16:50.225,1.42329,1.42346,1.00,1.12
2016.12.08 06:16:50.326,1.42332,1.4235,1.00,1.75
2016.12.08 06:16:50.428,1.42332,1.42354,1.00,2.25
2016.12.08 06:16:50.727,1.42332,1.42355,1.50,1.50
2016.12.08 06:16:50.824,1.4234,1.42355,1.00,1.50
2016.12.08 06:16:51.026,1.42334,1.42352,1.00,1.00
2016.12.08 06:16:51.367,1.42334,1.42354,1.56,1.00
2016.12.08 06:16:52.291,1.42331,1.42351,1.56,1.00
2016.12.08 06:16:52.342,1.42331,1.4235,1.56,1.00
2016.12.08 06:16:52.393,1.42329,1.42347,1.31,1.00
2016.12.08 06:16:52.696,1.42335,1.42349,1.00,1.00
2016.12.08 06:16:53.246,1.42335,1.4235,1.00,2.25
2016.12.08 06:16:53.750,1.42335,1.42349,1.00,1.00
2016.12.08 06:16:55.435,1.42335,1.4235,1.00,1.50
2016.12.08 06:16:55.993,1.42335,1.42349,1.00,1.00
2016.12.08 06:16:57.230,1.42335,1.42348,1.00,1.00
2016.12.08 06:16:58.277,1.42334,1.42348,1.00,1.00
2016.12.08 06:17:02.710,1.42331,1.42348,1.00,1.00
2016.12.08 06:17:02.862,1.42331,1.42352,2.06,1.00
2016.12.08 06:17:06.959,1.42335,1.42353,1.00,1.00
2016.12.08 06:17:07.061,1.42336,1.42356,1.00,2.06
2016.12.08 06:17:07.567,1.42335,1.42355,1.00,1.69
2016.12.08 06:17:07.668,1.42333,1.42353,1.56,1.00
2016.12.08 06:17:08.184,1.42331,1.42351,1.56,1.00
2016.12.08 06:17:08.732,1.42331,1.42351,1.56,1.00
2016.12.08 06:17:09.441,1.42331,1.42351,1.56,1.00
2016.12.08 06:17:10.042,1.42332,1.42353,1.56,2.25
2016.12.08 06:17:12.624,1.42331,1.42352,1.56,1.00
2016.12.08 06:17:13.968,1.42331,1.42351,1.56,1.00
2016.12.08 06:17:15.763,1.42331,1.42351,1.31,1.00
2016.12.08 06:17:16.461,1.42331,1.42351,1.19,1.00
2016.12.08 06:17:18.378,1.4233,1.4235,1.56,1.00
2016.12.08 06:17:25.465,1.42336,1.4235,1.00,1.00
2016.12.08 06:17:25.593,1.42338,1.42357,1.19,1.37
2016.12.08 06:17:25.694,1.42338,1.42358,1.19,1.00
2016.12.08 06:17:28.997,1.42338,1.42358,1.25,1.00
2016.12.08 06:17:29.619,1.42338,1.42358,1.31,1.00
2016.12.08 06:17:30.199,1.42338,1.42358,1.56,1.00
2016.12.08 06:17:31.463,1.42338,1.42358,1.31,1.00
2016.12.08 06:17:33.112,1.42339,1.42358,1.56,1.00
2016.12.08 06:17:35.468,1.42339,1.42358,1.25,1.00
2016.12.08 06:17:36.706,1.42339,1.42358,1.56,1.00
2016.12.08 06:17:37.252,1.42339,1.42359,1.56,1.00
2016.12.08 06:17:42.435,1.42346,1.42359,1.00,1.00
2016.12.08 06:17:50.185,1.42346,1.4236,1.00,1.00
2016.12.08 06:17:50.433,1.42344,1.42363,1.56,1.00
2016.12.08 06:17:51.501,1.42342,1.42362,1.69,1.00
2016.12.08 06:17:52.020,1.42342,1.42363,1.69,1.00
2016.12.08 06:17:52.507,1.42342,1.42363,1.69,1.00
2016.12.08 06:17:53.130,1.42346,1.42366,1.00,2.44
2016.12.08 06:17:53.535,1.42346,1.42367,1.19,1.50
2016.12.08 06:17:54.062,1.42346,1.42366,1.19,1.50
2016.12.08 06:17:54.610,1.42346,1.42365,1.19,1.00
2016.12.08 06:17:55.530,1.42345,1.42365,2.06,1.00
2016.12.08 06:17:57.831,1.42346,1.42366,1.56,1.50
2016.12.08 06:17:58.510,1.42345,1.42366,1.56,1.00
2016.12.08 06:17:59.001,1.42345,1.42366,1.56,1.00
2016.12.08 06:17:59.512,1.42345,1.42365,1.56,1.50
2016.12.08 06:17:59.614,1.42343,1.42365,1.31,1.69
2016.12.08 06:17:59.715,1.42344,1.42365,1.56,1.12
2016.12.08 06:18:00.257,1.42345,1.42365,1.00,1.25
2016.12.08 06:18:00.560,1.42348,1.42369,1.00,1.19
2016.12.08 06:18:00.914,1.42349,1.42369,2.06,1.00
2016.12.08 06:18:02.119,1.42351,1.42372,1.50,1.19
2016.12.08 06:18:02.221,1.42351,1.42373,2.06,1.00
2016.12.08 06:18:02.271,1.42353,1.42374,1.00,1.69
2016.12.08 06:18:02.810,1.42354,1.42374,1.00,1.69
2016.12.08 06:18:03.315,1.42354,1.42375,1.31,2.44
2016.12.08 06:18:03.636,1.42353,1.42371,1.56,1.00
2016.12.08 06:18:03.958,1.42353,1.42367,1.00,1.00
2016.12.08 06:18:04.009,1.42349,1.42367,1.00,1.00
2016.12.08 06:18:04.211,1.4235,1.42369,1.00,1.31
2016.12.08 06:18:04.413,1.42349,1.42371,1.00,1.50
2016.12.08 06:18:04.616,1.42353,1.42371,1.00,1.00
2016.12.08 06:18:04.717,1.42353,1.42374,1.50,1.50
2016.12.08 06:18:04.819,1.42352,1.42371,1.00,1.50
2016.12.08 06:18:05.011,1.42352,1.42373,1.12,1.00
2016.12.08 06:18:05.115,1.42355,1.42374,1.00,1.50
2016.12.08 06:18:05.716,1.42357,1.42374,1.00,1.00
2016.12.08 06:18:05.808,1.42355,1.42374,2.25,1.00
2016.12.08 06:18:06.010,1.42356,1.42377,1.00,1.00
2016.12.08 06:18:06.213,1.4236,1.42377,1.00,1.00
2016.12.08 06:18:06.943,1.4236,1.42376,1.00,1.00
2016.12.08 06:18:07.699,1.42355,1.42376,1.00,1.00
2016.12.08 06:18:08.961,1.42355,1.42374,1.00,1.00
2016.12.08 06:18:09.011,1.42353,1.42373,1.50,1.00
2016.12.08 06:18:09.527,1.42353,1.42374,1.00,1.50
2016.12.08 06:18:11.212,1.42352,1.42374,1.00,1.00
2016.12.08 06:18:11.745,1.42353,1.42374,1.00,1.00
2016.12.08 06:18:12.123,1.42353,1.42372,1.00,1.00
2016.12.08 06:18:12.426,1.42344,1.42363,2.25,1.00
2016.12.08 06:18:12.653,1.4234,1.42359,1.00,1.00
2016.12.08 06:18:12.754,1.4234,1.42357,1.00,1.00
2016.12.08 06:18:13.320,1.42334,1.42356,1.75,1.00
2016.12.08 06:18:13.370,1.42332,1.42352,1.75,1.50
2016.12.08 06:18:13.522,1.4233,1.4235,1.75,1.00
2016.12.08 06:18:13.741,1.42329,1.4235,1.00,1.00
2016.12.08 06:18:14.045,1.42326,1.42349,1.87,1.00
2016.12.08 06:18:14.147,1.4233,1.42349,1.00,1.50
2016.12.08 06:18:14.621,1.42333,1.42349,1.00,1.00
2016.12.08 06:18:14.723,1.4233,1.4235,1.50,1.50
2016.12.08 06:18:14.925,1.42333,1.4235,1.00,1.00
2016.12.08 06:18:15.269,1.42333,1.42352,1.00,1.00
2016.12.08 06:18:15.808,1.42334,1.42351,1.00,1.00
2016.12.08 06:18:15.859,1.42336,1.42354,1.00,1.12
2016.12.08 06:18:15.961,1.42334,1.42355,1.50,1.50
2016.12.08 06:18:16.365,1.42333,1.42351,1.00,1.00
2016.12.08 06:18:16.600,1.42331,1.4235,1.00,1.00
2016.12.08 06:18:17.105,1.42332,1.42351,1.00,1.00
2016.12.08 06:18:17.650,1.42331,1.4235,1.00,1.00
2016.12.08 06:18:18.156,1.4233,1.42349,1.00,1.00
2016.12.08 06:18:18.661,1.4233,1.4235,1.00,1.00
2016.12.08 06:18:18.814,1.42332,1.4235,1.00,1.00
2016.12.08 06:18:19.117,1.42337,1.42357,1.00,3.19
2016.12.08 06:18:19.168,1.42337,1.42357,1.00,2.06
2016.12.08 06:18:21.943,1.42343,1.42357,1.00,2.06
2016.12.08 06:18:21.994,1.4234,1.42357,1.00,1.31
2016.12.08 06:18:22.045,1.42343,1.42361,1.00,1.62
2016.12.08 06:18:22.333,1.42341,1.42362,1.00,1.56
2016.12.08 06:18:24.534,1.42339,1.4236,1.00,1.00
2016.12.08 06:18:26.359,1.4234,1.4236,1.00,1.00
2016.12.08 06:18:32.610,1.42347,1.4236,1.00,1.31
2016.12.08 06:18:33.461,1.42348,1.42361,1.00,1.00
2016.12.08 06:18:33.987,1.42349,1.42363,1.00,1.62
2016.12.08 06:18:34.577,1.42349,1.42365,1.00,1.31
2016.12.08 06:18:35.433,1.42346,1.42366,1.00,2.81
2016.12.08 06:18:35.579,1.42349,1.42368,1.00,2.81
2016.12.08 06:18:36.732,1.42349,1.42367,1.00,1.25
2016.12.08 06:18:40.682,1.42351,1.4237,1.00,2.44
2016.12.08 06:18:40.791,1.42351,1.4237,1.00,1.87
2016.12.08 06:18:40.842,1.42354,1.4237,1.00,1.37
2016.12.08 06:18:40.909,1.42354,1.42372,1.00,2.06
2016.12.08 06:18:41.020,1.42357,1.42372,1.00,2.06
2016.12.08 06:18:41.568,1.42358,1.42373,1.00,2.06
2016.12.08 06:18:44.562,1.42358,1.42374,1.00,1.69
2016.12.08 06:18:46.642,1.42358,1.42374,1.00,2.44
2016.12.08 06:18:47.170,1.42359,1.42375,1.00,2.44
2016.12.08 06:18:47.758,1.42357,1.42375,1.00,2.06
2016.12.08 06:18:47.943,1.42357,1.42375,1.00,2.06
2016.12.08 06:18:48.468,1.42358,1.42375,1.00,2.06
2016.12.08 06:18:51.147,1.42358,1.42375,1.00,2.06
2016.12.08 06:18:52.491,1.42358,1.42375,1.00,1.50
2016.12.08 06:18:53.180,1.42357,1.42375,1.00,2.06
2016.12.08 06:18:55.243,1.42358,1.42374,1.00,1.31
2016.12.08 06:18:59.104,1.42358,1.42373,1.00,1.00
2016.12.08 06:19:00.479,1.42358,1.42375,1.00,1.50
2016.12.08 06:19:01.885,1.42358,1.42374,1.00,1.00
2016.12.08 06:19:02.405,1.42357,1.42374,1.00,2.06
2016.12.08 06:19:02.456,1.42355,1.42372,1.00,1.00
2016.12.08 06:19:04.117,1.42355,1.42373,1.00,1.00
2016.12.08 06:19:04.662,1.42355,1.42374,1.00,1.25
2016.12.08 06:19:04.763,1.42358,1.42375,1.00,1.00
2016.12.08 06:19:05.267,1.42357,1.42375,1.00,2.25
2016.12.08 06:19:05.579,1.42362,1.42382,1.00,4.31
2016.12.08 06:19:06.160,1.42356,1.42375,1.25,1.00
2016.12.08 06:19:06.670,1.42356,1.42374,1.31,1.00
2016.12.08 06:19:07.124,1.42356,1.42376,1.31,1.00
2016.12.08 06:19:07.478,1.42356,1.42376,1.56,1.50
2016.12.08 06:19:07.985,1.42357,1.42375,1.56,1.00
2016.12.08 06:19:08.503,1.42358,1.42376,1.31,1.00
2016.12.08 06:19:11.072,1.42355,1.42375,1.56,1.00
2016.12.08 06:19:13.667,1.42354,1.42374,1.56,1.00
2016.12.08 06:19:14.810,1.42353,1.42375,2.44,1.50
2016.12.08 06:19:15.327,1.42354,1.42375,1.56,1.00
2016.12.08 06:19:17.231,1.42354,1.42376,2.06,1.00
2016.12.08 06:19:17.925,1.42354,1.42376,1.00,1.00
2016.12.08 06:19:18.245,1.42352,1.42374,1.50,1.00
2016.12.08 06:19:19.994,1.42353,1.42375,1.12,1.50
2016.12.08 06:19:20.519,1.42352,1.42374,1.50,1.00
2016.12.08 06:19:20.827,1.42352,1.42374,1.75,1.00
2016.12.08 06:19:21.408,1.42353,1.42375,1.75,1.00
2016.12.08 06:19:21.967,1.42359,1.42375,1.00,1.31
2016.12.08 06:19:22.170,1.42353,1.42375,1.00,1.87
2016.12.08 06:19:22.652,1.42353,1.42373,1.00,1.00
2016.12.08 06:19:22.754,1.42351,1.42373,1.00,2.25
2016.12.08 06:19:23.329,1.4235,1.42372,1.50,1.87
2016.12.08 06:19:24.060,1.42361,1.42372,1.00,1.12
2016.12.08 06:19:24.954,1.4236,1.42372,1.00,1.00
2016.12.08 06:19:26.758,1.4236,1.42371,1.00,1.00
2016.12.08 06:19:27.132,1.42349,1.42371,1.87,1.00
2016.12.08 06:19:27.660,1.42349,1.4237,1.12,1.00
2016.12.08 06:19:28.656,1.42349,1.42371,1.12,3.00
2016.12.08 06:19:29.202,1.42348,1.4237,2.25,1.50
2016.12.08 06:19:30.444,1.42348,1.4237,2.44,1.00
2016.12.08 06:19:30.949,1.42347,1.42369,2.81,1.00
2016.12.08 06:19:31.489,1.42347,1.42368,1.56,1.00
2016.12.08 06:19:32.531,1.42347,1.42368,1.56,1.00
2016.12.08 06:19:34.358,1.42347,1.42368,1.56,1.00
2016.12.08 06:19:34.865,1.42347,1.42367,1.56,1.00
2016.12.08 06:19:35.572,1.42347,1.42368,1.56,1.50
2016.12.08 06:19:35.673,1.42345,1.42367,1.12,1.00
2016.12.08 06:19:35.775,1.42343,1.42364,1.75,1.00
2016.12.08 06:19:35.930,1.42342,1.42364,1.37,1.00
2016.12.08 06:19:36.459,1.42342,1.42364,1.00,2.25
2016.12.08 06:19:37.002,1.42342,1.42363,1.00,1.00
2016.12.08 06:19:37.757,1.42342,1.42364,1.00,2.25
2016.12.08 06:19:38.541,1.4234,1.42363,1.50,1.50
2016.12.08 06:19:39.052,1.4234,1.42362,1.00,1.50
2016.12.08 06:19:39.679,1.4234,1.4236,1.00,1.00
2016.12.08 06:19:40.089,1.4234,1.42358,1.00,1.00
2016.12.08 06:19:40.190,1.42336,1.42356,1.00,1.00
2016.12.08 06:19:40.393,1.42333,1.42354,3.00,1.00
2016.12.08 06:19:40.931,1.42334,1.42354,1.00,1.50
2016.12.08 06:19:43.444,1.42334,1.42355,1.50,1.00
2016.12.08 06:19:46.394,1.42335,1.42358,1.00,3.75
2016.12.08 06:19:46.910,1.42334,1.42356,1.50,1.50
2016.12.08 06:19:49.262,1.42334,1.42354,1.00,1.00
2016.12.08 06:19:49.818,1.42334,1.42353,1.00,1.00
2016.12.08 06:19:51.021,1.42334,1.42352,1.00,1.00
2016.12.08 06:19:53.001,1.42335,1.42352,1.00,1.00
2016.12.08 06:19:53.621,1.42335,1.42351,1.00,1.00
2016.12.08 06:19:53.672,1.42335,1.42353,1.00,1.50
2016.12.08 06:19:54.204,1.42335,1.42352,1.00,1.00
2016.12.08 06:19:54.767,1.42334,1.42351,1.00,1.00
2016.12.08 06:19:55.290,1.42334,1.42352,1.00,1.50
2016.12.08 06:19:55.821,1.42334,1.42353,1.00,2.25
2016.12.08 06:19:56.719,1.42334,1.42355,1.50,3.00
2016.12.08 06:19:56.922,1.42335,1.42357,1.00,1.50
2016.12.08 06:19:57.711,1.42334,1.42356,2.62,1.00
2016.12.08 06:19:58.384,1.42334,1.42354,1.12,1.00
2016.12.08 06:20:00.374,1.42334,1.42353,1.00,1.00
2016.12.08 06:20:00.772,1.42332,1.42352,1.00,1.50
2016.12.08 06:20:01.299,1.42331,1.42352,1.00,1.50
2016.12.08 06:20:02.425,1.42331,1.42351,1.00,1.00
2016.12.08 06:20:02.930,1.42331,1.42351,2.25,1.00
2016.12.08 06:20:04.678,1.42331,1.42353,2.25,1.00
2016.12.08 06:20:05.377,1.42335,1.42353,1.00,1.00
2016.12.08 06:20:15.710,1.42335,1.42351,1.00,1.00
2016.12.08 06:20:16.881,1.42335,1.42352,1.00,1.00
2016.12.08 06:20:23.400,1.42331,1.42353,2.62,1.00
2016.12.08 06:20:23.617,1.42334,1.42353,1.00,1.00
2016.12.08 06:20:23.897,1.42332,1.42353,1.12,1.00
2016.12.08 06:20:24.099,1.42331,1.42351,2.25,1.00
2016.12.08 06:20:24.618,1.42331,1.4235,1.00,1.00
2016.12.08 06:20:25.228,1.42331,1.42351,1.00,1.00
2016.12.08 06:20:25.763,1.42332,1.42351,1.00,1.00
2016.12.08 06:20:32.382,1.42332,1.42352,1.00,1.00
2016.12.08 06:20:41.944,1.42331,1.42352,2.25,1.00
2016.12.08 06:20:42.247,1.42334,1.42353,1.00,1.00
2016.12.08 06:20:49.692,1.42334,1.42352,1.00,1.00
2016.12.08 06:20:51.661,1.42334,1.42353,1.00,1.50
2016.12.08 06:20:52.914,1.42334,1.42355,1.00,2.62
2016.12.08 06:20:53.471,1.42333,1.42355,1.00,2.62
2016.12.08 06:20:53.657,1.42333,1.42353,1.00,1.00
2016.12.08 06:20:54.811,1.42333,1.42352,1.00,1.00
2016.12.08 06:20:55.312,1.42334,1.42353,1.00,1.00
2016.12.08 06:20:59.872,1.42334,1.42352,1.00,1.00
2016.12.08 06:21:00.386,1.42333,1.42352,1.50,1.00
2016.12.08 06:21:01.204,1.42333,1.42353,1.50,1.00
2016.12.08 06:21:01.768,1.42334,1.42353,1.50,1.00
2016.12.08 06:21:02.382,1.42334,1.42354,1.50,1.12
2016.12.08 06:21:03.699,1.42334,1.42352,1.50,1.00
2016.12.08 06:21:03.954,1.42332,1.42352,1.50,1.00
2016.12.08 06:21:04.569,1.42332,1.42353,1.87,1.00
2016.12.08 06:21:05.097,1.42332,1.42352,1.87,1.00
2016.12.08 06:21:05.148,1.42334,1.42352,1.00,1.00
2016.12.08 06:21:05.250,1.42332,1.42353,2.62,1.00
2016.12.08 06:21:05.808,1.42333,1.42353,1.00,1.50
2016.12.08 06:21:06.309,1.42332,1.42353,2.62,1.00
2016.12.08 06:21:06.563,1.4233,1.4235,1.37,1.00
2016.12.08 06:21:06.628,1.42328,1.42349,1.50,1.00
2016.12.08 06:21:06.841,1.42328,1.42346,1.00,1.00
2016.12.08 06:21:07.164,1.42336,1.42347,1.00,1.00
2016.12.08 06:21:07.578,1.42326,1.42347,2.25,1.00
2016.12.08 06:21:08.102,1.42326,1.42346,1.50,1.00
2016.12.08 06:21:11.570,1.42328,1.42348,1.00,1.00
2016.12.08 06:21:12.090,1.42328,1.42349,1.00,1.00
2016.12.08 06:21:12.631,1.42329,1.42349,1.00,1.00
2016.12.08 06:21:19.268,1.42331,1.4235,1.00,1.87
2016.12.08 06:21:20.396,1.42329,1.4235,1.00,1.50
2016.12.08 06:21:21.901,1.42328,1.4235,2.25,1.50
2016.12.08 06:21:23.060,1.42329,1.4235,1.00,1.50
2016.12.08 06:21:23.936,1.42329,1.42349,1.00,1.00
2016.12.08 06:21:24.623,1.42328,1.42349,2.25,1.00
2016.12.08 06:21:25.559,1.42329,1.42349,1.00,1.00
2016.12.08 06:21:33.020,1.42329,1.4235,1.50,1.00
2016.12.08 06:21:33.698,1.42331,1.42351,1.00,1.87
2016.12.08 06:21:34.268,1.42332,1.42351,1.00,1.00
2016.12.08 06:21:36.823,1.42332,1.42352,1.50,1.00
2016.12.08 06:21:36.975,1.42335,1.42356,2.25,1.12
2016.12.08 06:21:37.076,1.42338,1.4236,1.00,1.75
2016.12.08 06:21:37.178,1.4234,1.42361,1.00,1.00
2016.12.08 06:21:38.055,1.4234,1.4236,1.12,1.00
2016.12.08 06:21:50.031,1.4234,1.42361,1.87,1.00
2016.12.08 06:21:50.965,1.42341,1.42362,1.50,1.50
2016.12.08 06:21:51.603,1.42342,1.42363,1.50,1.50
2016.12.08 06:22:00.140,1.42344,1.42363,1.00,1.12
2016.12.08 06:22:02.563,1.42344,1.42364,1.00,1.12
2016.12.08 06:22:04.724,1.42345,1.42364,1.00,1.12
2016.12.08 06:22:06.711,1.42345,1.42363,1.00,1.00
2016.12.08 06:22:07.276,1.42344,1.42363,1.00,1.00
2016.12.08 06:22:08.038,1.42342,1.42363,1.00,1.00
2016.12.08 06:22:08.312,1.42344,1.42363,1.00,1.12
2016.12.08 06:22:11.691,1.42344,1.42362,1.00,1.00
2016.12.08 06:22:12.220,1.42339,1.42361,1.50,1.50
2016.12.08 06:22:13.778,1.42338,1.42359,1.12,1.00
2016.12.08 06:22:17.108,1.42339,1.42359,1.00,1.00
2016.12.08 06:22:38.740,1.42338,1.42359,1.00,1.00
2016.12.08 06:22:39.278,1.42339,1.4236,1.00,1.00
2016.12.08 06:22:39.751,1.42339,1.42358,1.00,1.00
2016.12.08 06:22:39.802,1.42337,1.42358,1.87,1.00
2016.12.08 06:22:39.853,1.42336,1.42356,1.00,1.00
2016.12.08 06:22:40.156,1.42335,1.42354,1.00,1.00
2016.12.08 06:22:40.834,1.42335,1.42353,1.00,1.00
2016.12.08 06:22:59.652,1.42336,1.42355,1.00,1.12
2016.12.08 06:22:59.955,1.42334,1.42355,1.00,1.00
2016.12.08 06:23:00.493,1.42335,1.42355,1.00,1.00
2016.12.08 06:23:01.559,1.42337,1.42355,1.00,1.00
2016.12.08 06:23:04.449,1.42335,1.42355,1.00,1.00
2016.12.08 06:23:06.205,1.42334,1.42355,1.50,1.00
2016.12.08 06:23:06.741,1.42334,1.42356,1.50,1.00
2016.12.08 06:23:13.154,1.42333,1.42354,1.12,1.00
2016.12.08 06:23:13.398,1.42329,1.42351,1.50,1.00
2016.12.08 06:23:13.660,1.42333,1.42351,1.00,1.00
2016.12.08 06:23:31.508,1.42333,1.42353,1.00,1.25
2016.12.08 06:23:31.812,1.42335,1.42352,1.00,1.00
2016.12.08 06:23:32.156,1.42337,1.42352,1.00,1.00
2016.12.08 06:23:33.804,1.42334,1.42351,1.00,1.00
2016.12.08 06:23:33.855,1.42334,1.42349,1.00,1.00
2016.12.08 06:23:34.007,1.42332,1.42349,1.00,1.00
2016.12.08 06:23:40.100,1.42331,1.42351,1.00,1.50
2016.12.08 06:23:40.669,1.42332,1.42352,1.00,1.87
2016.12.08 06:23:41.591,1.42331,1.42352,1.00,1.87
2016.12.08 06:23:41.887,1.42333,1.42352,1.00,1.87
2016.12.08 06:23:42.328,1.42333,1.4235,1.00,1.00
2016.12.08 06:23:46.258,1.42333,1.42349,1.00,1.00
2016.12.08 06:23:46.351,1.42331,1.42349,1.00,1.00
2016.12.08 06:23:47.806,1.42331,1.42348,1.00,1.00
2016.12.08 06:23:48.235,1.42331,1.4235,1.00,1.00
2016.12.08 06:23:48.337,1.42333,1.42351,1.00,1.50
2016.12.08 06:23:48.741,1.42335,1.42352,1.00,1.00
2016.12.08 06:23:48.792,1.42335,1.42354,1.00,1.50
2016.12.08 06:23:49.387,1.42336,1.42354,1.00,1.00
2016.12.08 06:23:52.780,1.42336,1.42353,1.00,1.00
2016.12.08 06:23:54.409,1.42336,1.42352,1.00,1.00
2016.12.08 06:23:57.903,1.42331,1.42352,2.25,1.00
2016.12.08 06:24:00.829,1.42334,1.42352,1.00,1.00
2016.12.08 06:24:17.569,1.42342,1.42355,1.50,1.12
2016.12.08 06:24:17.771,1.4235,1.42366,1.50,1.00
2016.12.08 06:24:17.873,1.42346,1.42366,1.25,1.00
2016.12.08 06:24:18.126,1.42346,1.42368,2.25,1.00
2016.12.08 06:24:18.619,1.42345,1.42366,1.50,1.00
2016.12.08 06:24:18.670,1.42346,1.42368,1.50,1.50
2016.12.08 06:24:18.873,1.42355,1.42368,1.00,1.00
2016.12.08 06:24:19.446,1.42355,1.42369,1.00,1.50
2016.12.08 06:24:20.099,1.42355,1.42368,1.00,1.00
2016.12.08 06:24:20.740,1.42347,1.42368,1.87,1.00
2016.12.08 06:24:20.841,1.42355,1.42368,1.00,1.00
2016.12.08 06:24:21.450,1.42355,1.42369,1.00,1.50
2016.12.08 06:24:23.623,1.42355,1.4237,1.00,1.00
2016.12.08 06:24:24.078,1.4236,1.42371,1.00,1.00
2016.12.08 06:24:24.633,1.4236,1.42372,1.00,1.00
2016.12.08 06:24:26.597,1.4236,1.42369,1.00,1.00
2016.12.08 06:24:27.103,1.42359,1.42369,1.00,1.00
2016.12.08 06:24:27.642,1.42359,1.42371,1.00,1.37
2016.12.08 06:24:27.981,1.42359,1.42372,1.00,1.00
2016.12.08 06:24:31.965,1.42357,1.42372,1.00,1.50
2016.12.08 06:24:33.043,1.42359,1.42372,1.00,1.50
2016.12.08 06:24:33.577,1.42359,1.42371,1.00,1.00
2016.12.08 06:24:34.177,1.4236,1.42371,1.00,1.00
2016.12.08 06:24:34.603,1.4236,1.42373,1.00,1.50
2016.12.08 06:24:35.371,1.4236,1.42375,1.00,1.87
2016.12.08 06:24:35.472,1.4236,1.42377,1.00,1.00
2016.12.08 06:24:35.668,1.42363,1.42379,1.00,1.12
2016.12.08 06:24:36.475,1.42357,1.42379,1.50,1.12
2016.12.08 06:24:37.019,1.42357,1.42378,1.00,1.00
2016.12.08 06:24:42.951,1.42355,1.42376,1.87,1.00
2016.12.08 06:24:43.254,1.4236,1.42374,1.00,1.00
2016.12.08 06:24:43.355,1.42352,1.42374,1.87,1.00
2016.12.08 06:24:43.462,1.42352,1.42374,1.87,1.00
2016.12.08 06:24:43.853,1.4236,1.42374,1.00,1.00
2016.12.08 06:24:44.415,1.4236,1.42373,1.00,1.00
2016.12.08 06:24:45.883,1.42352,1.42373,1.12,1.00
2016.12.08 06:24:49.882,1.4236,1.42373,1.00,1.00
2016.12.08 06:24:51.159,1.42352,1.42373,1.12,1.00
2016.12.08 06:24:54.885,1.4236,1.42373,1.00,1.00
2016.12.08 06:25:04.791,1.4236,1.42374,1.00,1.00
2016.12.08 06:25:05.296,1.4236,1.42375,1.00,1.00
2016.12.08 06:25:09.908,1.42355,1.42375,1.00,1.00
2016.12.08 06:25:09.992,1.42356,1.42375,1.56,1.00
2016.12.08 06:25:10.552,1.42355,1.42374,1.56,1.00
2016.12.08 06:25:12.348,1.42355,1.42373,1.56,1.00
2016.12.08 06:25:12.853,1.42356,1.42374,1.56,1.00
2016.12.08 06:25:13.454,1.42355,1.42375,1.56,1.00
2016.12.08 06:25:13.836,1.42355,1.42375,1.31,1.00
2016.12.08 06:25:14.878,1.42359,1.42378,1.00,1.62
2016.12.08 06:25:15.202,1.42366,1.42379,1.00,3.19
2016.12.08 06:25:15.404,1.42357,1.42377,1.56,1.00
2016.12.08 06:25:16.519,1.42359,1.42377,1.00,1.00
2016.12.08 06:25:17.044,1.42357,1.42377,1.56,1.00
2016.12.08 06:25:17.395,1.42366,1.42377,1.00,1.00
2016.12.08 06:25:17.497,1.42358,1.42377,1.00,1.00
2016.12.08 06:25:18.020,1.42359,1.42377,1.00,1.00
2016.12.08 06:25:18.536,1.4236,1.42377,1.00,1.00
2016.12.08 06:25:19.063,1.42359,1.42377,1.00,1.00
2016.12.08 06:25:19.568,1.4236,1.42378,1.00,1.00
2016.12.08 06:25:21.099,1.4236,1.42379,1.00,3.37
2016.12.08 06:25:21.615,1.4236,1.42378,1.00,1.00
2016.12.08 06:25:22.208,1.4236,1.42377,1.00,1.00
2016.12.08 06:25:25.540,1.42359,1.42377,1.00,1.00
2016.12.08 06:25:32.173,1.42359,1.42376,1.00,1.00
2016.12.08 06:25:32.711,1.42366,1.42376,1.00,1.00
2016.12.08 06:25:32.825,1.42366,1.42378,1.00,1.00
2016.12.08 06:25:32.947,1.42366,1.42381,1.00,1.50
2016.12.08 06:25:33.099,1.42366,1.42385,1.00,1.31
2016.12.08 06:25:33.352,1.42366,1.42385,1.00,2.06
2016.12.08 06:25:33.933,1.42365,1.42385,1.00,1.56
2016.12.08 06:25:38.117,1.42365,1.42382,1.00,2.06
2016.12.08 06:25:38.621,1.42365,1.42381,1.00,1.50
2016.12.08 06:25:39.141,1.42365,1.42382,1.00,2.06
2016.12.08 06:25:39.906,1.42366,1.42382,1.00,2.06
2016.12.08 06:25:40.981,1.42366,1.42381,1.00,1.00
2016.12.08 06:25:42.907,1.42366,1.42383,1.00,1.25
2016.12.08 06:25:43.059,1.42371,1.42384,1.00,1.69
2016.12.08 06:25:48.386,1.42371,1.42382,1.00,1.00
2016.12.08 06:25:48.921,1.42371,1.42384,1.00,2.06
2016.12.08 06:25:49.022,1.42362,1.42384,1.69,2.06
2016.12.08 06:25:49.261,1.42361,1.42382,2.81,1.00
2016.12.08 06:25:50.969,1.42361,1.42382,1.56,1.00
2016.12.08 06:25:54.276,1.42361,1.42382,1.31,1.31
2016.12.08 06:26:01.304,1.42361,1.42381,1.25,1.00
2016.12.08 06:26:02.967,1.42359,1.4238,1.56,1.00
2016.12.08 06:26:06.973,1.4236,1.42382,2.06,1.31
2016.12.08 06:26:07.074,1.42369,1.42384,1.00,3.56
2016.12.08 06:26:07.949,1.42369,1.42381,1.00,1.00
2016.12.08 06:26:09.402,1.42369,1.42382,1.00,1.00
2016.12.08 06:26:10.998,1.42369,1.4238,1.00,1.00
2016.12.08 06:26:11.050,1.4236,1.4238,2.44,1.00
2016.12.08 06:26:11.404,1.42359,1.42378,1.56,1.00
2016.12.08 06:26:11.506,1.42356,1.42378,3.56,1.50
2016.12.08 06:26:12.375,1.42356,1.42376,2.06,1.00
2016.12.08 06:26:12.927,1.42356,1.42376,2.06,1.00
2016.12.08 06:26:13.437,1.42366,1.42376,1.00,1.00
2016.12.08 06:26:15.342,1.42357,1.42376,1.31,1.00
2016.12.08 06:26:17.644,1.42365,1.42376,1.00,1.00
2016.12.08 06:26:17.696,1.42365,1.42378,1.00,1.31
2016.12.08 06:26:19.153,1.42365,1.42377,1.00,1.00
2016.12.08 06:26:19.204,1.42365,1.42375,1.00,1.00
2016.12.08 06:26:19.254,1.42358,1.42375,1.62,1.00
2016.12.08 06:26:19.306,1.42356,1.42375,1.62,1.00
2016.12.08 06:26:19.875,1.42354,1.42375,2.81,1.00
2016.12.08 06:26:20.487,1.42354,1.42375,2.25,1.56
2016.12.08 06:26:20.905,1.42355,1.42376,1.25,1.31
2016.12.08 06:26:21.049,1.42358,1.42376,1.00,1.31
2016.12.08 06:26:32.313,1.42358,1.4237,1.00,1.00
2016.12.08 06:26:32.364,1.42353,1.4237,1.25,1.00
2016.12.08 06:26:32.566,1.42351,1.4237,1.00,2.06
2016.12.08 06:26:32.618,1.42351,1.42367,1.00,1.00
2016.12.08 06:26:32.669,1.42348,1.42367,1.56,1.00
2016.12.08 06:26:33.170,1.42348,1.42367,1.00,1.31
2016.12.08 06:26:36.786,1.4235,1.4237,1.00,1.69
2016.12.08 06:26:36.837,1.42352,1.4237,1.50,1.25
2016.12.08 06:26:36.939,1.42354,1.42373,1.00,2.06
2016.12.08 06:26:37.242,1.42344,1.42364,3.00,1.00
2016.12.08 06:26:37.343,1.42344,1.42364,2.62,1.00
2016.12.08 06:26:37.798,1.42351,1.42364,1.00,2.06
2016.12.08 06:26:38.000,1.42342,1.42363,1.31,1.31
2016.12.08 06:26:38.461,1.4234,1.42361,4.31,1.00
2016.12.08 06:26:39.468,1.42341,1.42362,1.69,1.00
2016.12.08 06:26:41.238,1.42341,1.42362,1.12,1.50
2016.12.08 06:26:41.289,1.42344,1.42362,1.00,1.50
2016.12.08 06:26:41.592,1.42344,1.42358,1.00,1.00
2016.12.08 06:26:41.939,1.42344,1.42356,1.00,1.00
2016.12.08 06:26:42.114,1.42335,1.42356,2.25,1.00
2016.12.08 06:26:42.549,1.42335,1.42354,1.00,1.00
2016.12.08 06:26:43.084,1.42334,1.42354,1.00,1.00
2016.12.08 06:26:44.556,1.42333,1.42354,1.50,1.00
2016.12.08 06:26:46.507,1.42334,1.42354,1.00,1.00
2016.12.08 06:26:47.055,1.42333,1.42354,1.50,1.50
2016.12.08 06:26:47.946,1.42333,1.42353,1.50,1.00
2016.12.08 06:26:54.656,1.42333,1.42351,1.00,1.00
2016.12.08 06:26:56.578,1.42333,1.4235,1.00,1.00
2016.12.08 06:26:58.174,1.42333,1.4235,1.56,1.00
2016.12.08 06:26:58.576,1.4234,1.4235,1.00,1.00
2016.12.08 06:27:00.097,1.4234,1.42351,1.00,1.00
2016.12.08 06:27:00.548,1.4234,1.42355,1.00,3.00
2016.12.08 06:27:00.599,1.42335,1.42357,2.25,1.50
2016.12.08 06:27:01.130,1.42335,1.42356,1.12,1.00
2016.12.08 06:27:01.353,1.42335,1.42354,1.12,1.00
2016.12.08 06:27:01.657,1.42333,1.42352,1.00,1.00
2016.12.08 06:27:02.393,1.42333,1.42351,1.00,1.00
2016.12.08 06:27:07.217,1.42333,1.42352,1.00,1.00
2016.12.08 06:27:36.923,1.42333,1.42351,1.00,1.00
2016.12.08 06:27:37.439,1.42333,1.4235,1.00,1.50
2016.12.08 06:27:37.541,1.4233,1.4235,1.31,1.87
2016.12.08 06:27:37.592,1.4233,1.4235,1.56,1.87
2016.12.08 06:27:37.902,1.4233,1.42348,1.56,1.00
2016.12.08 06:27:38.652,1.42331,1.42352,1.56,1.87
2016.12.08 06:27:39.317,1.42333,1.42352,1.00,1.00
2016.12.08 06:27:40.805,1.42333,1.42353,1.00,1.50
2016.12.08 06:27:40.856,1.42336,1.42354,1.00,1.50
2016.12.08 06:27:40.958,1.42336,1.42356,1.00,1.12
2016.12.08 06:27:41.324,1.4234,1.42356,1.00,1.00
2016.12.08 06:27:41.641,1.42337,1.42355,1.00,1.00
2016.12.08 06:27:42.157,1.42337,1.42356,1.00,1.50
2016.12.08 06:27:42.752,1.42338,1.42356,1.00,1.00
2016.12.08 06:27:43.260,1.42338,1.42357,1.00,1.50
2016.12.08 06:27:51.442,1.42343,1.42362,1.00,1.12
2016.12.08 06:27:51.594,1.42348,1.42369,1.69,1.50
2016.12.08 06:27:52.099,1.4235,1.42369,1.00,1.00
2016.12.08 06:27:52.505,1.4235,1.42371,1.00,1.50
2016.12.08 06:27:53.718,1.4235,1.42371,1.50,1.87
2016.12.08 06:27:54.232,1.4235,1.42369,1.50,1.00
2016.12.08 06:27:55.198,1.4235,1.42368,1.00,1.50
2016.12.08 06:27:55.739,1.4235,1.42369,1.00,1.50
2016.12.08 06:27:56.384,1.4235,1.4237,1.00,1.12
2016.12.08 06:27:56.485,1.42352,1.4237,1.00,1.12
2016.12.08 06:27:57.190,1.42353,1.4237,1.00,1.50
2016.12.08 06:27:57.847,1.42353,1.42371,1.00,1.00
2016.12.08 06:28:07.955,1.42352,1.42371,1.00,1.00
2016.12.08 06:28:09.664,1.42352,1.4237,1.00,1.00
2016.12.08 06:28:12.369,1.42353,1.4237,1.00,1.00
2016.12.08 06:28:15.383,1.42356,1.42374,1.00,1.75
2016.12.08 06:28:15.585,1.42355,1.42374,1.12,1.00
2016.12.08 06:28:15.686,1.42356,1.42376,1.00,1.00
2016.12.08 06:28:15.737,1.42359,1.42376,1.00,1.00
2016.12.08 06:28:15.958,1.42354,1.42372,1.00,1.00
2016.12.08 06:28:16.110,1.42352,1.42372,1.50,1.00
2016.12.08 06:28:16.777,1.42352,1.42371,1.00,1.00
2016.12.08 06:28:16.828,1.42352,1.42369,1.00,1.00
2016.12.08 06:28:17.408,1.42352,1.42368,1.00,1.00
2016.12.08 06:28:17.623,1.42352,1.4237,1.00,1.00
2016.12.08 06:28:18.324,1.42352,1.42371,1.00,1.00
2016.12.08 06:28:21.408,1.42352,1.42369,1.00,1.00
2016.12.08 06:28:26.020,1.4235,1.42369,1.50,1.00
2016.12.08 06:28:28.114,1.42351,1.42369,1.00,1.00
2016.12.08 06:28:30.280,1.4235,1.42369,1.50,1.00
2016.12.08 06:28:30.787,1.4235,1.42368,2.25,1.00
2016.12.08 06:28:31.311,1.4235,1.42369,1.50,1.12
2016.12.08 06:28:32.684,1.42349,1.42369,1.00,1.12
2016.12.08 06:28:32.882,1.42347,1.42367,1.50,1.00
2016.12.08 06:28:33.186,1.42349,1.42368,1.00,1.00
2016.12.08 06:28:33.859,1.42349,1.42369,1.00,1.00
2016.12.08 06:28:35.377,1.42348,1.42368,1.50,1.00
2016.12.08 06:28:35.984,1.42358,1.42368,1.00,1.00
2016.12.08 06:28:36.996,1.42348,1.42368,1.50,1.00
2016.12.08 06:28:37.607,1.42348,1.42367,1.50,1.00
2016.12.08 06:28:38.136,1.42349,1.42368,1.00,1.00
2016.12.08 06:28:38.515,1.42357,1.42368,1.00,1.00
2016.12.08 06:28:38.584,1.4235,1.42371,1.00,1.12
2016.12.08 06:28:38.686,1.4235,1.42369,1.00,1.00
2016.12.08 06:28:39.325,1.42351,1.4237,1.00,1.00
2016.12.08 06:28:39.698,1.42349,1.4237,1.00,1.00
2016.12.08 06:28:40.241,1.42348,1.42369,2.25,1.00
2016.12.08 06:28:42.486,1.42349,1.42369,1.00,1.00
2016.12.08 06:28:43.968,1.42348,1.42369,1.50,1.00
2016.12.08 06:28:48.226,1.42348,1.42366,1.00,1.00
2016.12.08 06:28:48.529,1.42357,1.42367,1.00,1.00
2016.12.08 06:28:49.034,1.42357,1.42368,1.00,1.00
2016.12.08 06:28:52.201,1.42357,1.4237,1.00,1.00
2016.12.08 06:28:52.252,1.42357,1.42372,1.00,1.50
2016.12.08 06:28:52.353,1.42354,1.42373,1.00,1.00
2016.12.08 06:28:52.808,1.42355,1.42375,1.00,1.50
2016.12.08 06:28:54.731,1.42355,1.42374,1.50,1.00
2016.12.08 06:28:57.377,1.42355,1.42375,1.00,1.00
2016.12.08 06:28:57.882,1.42356,1.42376,1.00,1.00
2016.12.08 06:28:58.449,1.42356,1.42377,1.50,1.00
2016.12.08 06:28:59.108,1.42357,1.42377,1.00,1.00
2016.12.08 06:28:59.676,1.42357,1.42376,1.00,1.00
2016.12.08 06:28:59.778,1.42355,1.42376,2.06,1.00
2016.12.08 06:29:00.382,1.42355,1.42376,2.06,1.00
2016.12.08 06:29:00.988,1.42355,1.42376,1.87,1.00
2016.12.08 06:29:01.612,1.42357,1.42376,1.00,1.00
2016.12.08 06:29:02.118,1.42356,1.42376,1.00,1.00
2016.12.08 06:29:02.460,1.42356,1.42374,1.00,1.00
2016.12.08 06:29:02.998,1.42355,1.42374,1.50,1.00
2016.12.08 06:29:03.519,1.42355,1.42375,1.50,1.00
2016.12.08 06:29:04.230,1.42356,1.42375,1.00,1.00
2016.12.08 06:29:05.271,1.42355,1.42375,1.50,1.00
2016.12.08 06:29:05.797,1.42356,1.42375,1.00,1.00
2016.12.08 06:29:18.449,1.42355,1.42373,1.50,1.00
2016.12.08 06:29:21.597,1.42354,1.42373,1.37,1.00
2016.12.08 06:29:21.897,1.42353,1.42372,1.50,1.00
2016.12.08 06:29:22.447,1.42353,1.42373,1.50,1.00
2016.12.08 06:29:30.200,1.42354,1.42373,1.00,1.00
2016.12.08 06:29:33.405,1.42354,1.42374,1.00,1.00
2016.12.08 06:29:33.923,1.42354,1.42373,1.00,1.00
2016.12.08 06:29:35.034,1.42355,1.42375,1.00,1.00
2016.12.08 06:29:35.186,1.42362,1.42375,1.00,1.00
2016.12.08 06:29:35.468,1.42355,1.42375,1.00,1.00
2016.12.08 06:29:36.196,1.42362,1.42375,1.00,1.00
2016.12.08 06:29:37.517,1.42362,1.42374,1.00,1.00
2016.12.08 06:29:38.028,1.42361,1.42374,1.00,1.00
2016.12.08 06:29:38.770,1.42353,1.42374,1.50,1.00
2016.12.08 06:29:39.295,1.42353,1.42374,1.00,1.00
2016.12.08 06:29:39.823,1.42352,1.42374,1.87,1.00
2016.12.08 06:29:40.096,1.42352,1.42372,1.00,1.00
2016.12.08 06:29:40.399,1.42356,1.42369,1.00,1.00
2016.12.08 06:29:41.119,1.42356,1.4237,1.00,1.00
2016.12.08 06:29:42.179,1.42354,1.4237,1.00,1.00
2016.12.08 06:29:43.039,1.42354,1.42374,1.00,1.12
2016.12.08 06:29:43.280,1.42362,1.42374,1.00,1.00
2016.12.08 06:29:45.077,1.42362,1.42377,1.00,1.00
2016.12.08 06:29:46.102,1.42362,1.42378,1.00,2.25
2016.12.08 06:29:46.945,1.42362,1.42377,1.00,1.00
2016.12.08 06:29:47.492,1.42362,1.42378,1.00,2.25
2016.12.08 06:29:48.067,1.42362,1.42377,1.00,1.00
2016.12.08 06:29:49.258,1.42362,1.42378,1.00,1.50
2016.12.08 06:29:49.767,1.42363,1.42377,1.00,1.00
2016.12.08 06:29:50.410,1.42363,1.42378,1.00,1.50
2016.12.08 06:29:50.926,1.42363,1.42377,1.00,1.00
2016.12.08 06:29:52.194,1.42363,1.42378,1.00,1.50
2016.12.08 06:29:52.878,1.42363,1.42377,1.00,1.00
2016.12.08 06:29:55.068,1.42363,1.42378,1.00,1.50
2016.12.08 06:29:55.661,1.42362,1.42377,1.00,2.06
2016.12.08 06:29:58.185,1.42362,1.42378,1.00,1.00
2016.12.08 06:29:58.989,1.42362,1.42377,1.00,1.00
2016.12.08 06:29:59.083,1.42362,1.42379,1.00,2.81
2016.12.08 06:29:59.623,1.42362,1.42378,1.00,1.00
2016.12.08 06:30:00.151,1.42362,1.42379,1.00,1.31
2016.12.08 06:30:00.404,1.4236,1.4238,1.50,2.06
2016.12.08 06:30:00.607,1.42362,1.42382,1.00,1.56
2016.12.08 06:30:00.658,1.42362,1.42382,1.00,1.00
2016.12.08 06:30:00.809,1.42365,1.42382,1.00,1.00
2016.12.08 06:30:01.315,1.42365,1.42385,1.00,1.50
2016.12.08 06:30:02.161,1.42365,1.42385,1.00,1.87
2016.12.08 06:30:05.048,1.42365,1.42385,1.12,1.50
2016.12.08 06:30:05.359,1.42365,1.42386,1.00,2.62
2016.12.08 06:30:05.910,1.42365,1.42386,1.00,1.87
2016.12.08 06:30:10.455,1.42365,1.42386,1.87,1.50
2016.12.08 06:30:11.060,1.42366,1.42386,1.12,1.12
2016.12.08 06:30:12.397,1.42366,1.42384,1.12,1.00
2016.12.08 06:30:13.391,1.42365,1.42385,2.25,1.00
2016.12.08 06:30:23.870,1.42366,1.42383,1.12,1.00
2016.12.08 06:30:24.021,1.42362,1.42381,1.50,1.00
2016.12.08 06:30:24.173,1.42362,1.42378,1.00,1.00
2016.12.08 06:30:24.477,1.42356,1.42373,1.00,1.75
2016.12.08 06:30:24.528,1.42353,1.42373,1.00,1.75
2016.12.08 06:30:25.127,1.42364,1.42373,1.00,1.75
2016.12.08 06:30:25.178,1.42364,1.42373,1.00,1.12
2016.12.08 06:30:25.330,1.42353,1.42373,2.25,1.12
2016.12.08 06:30:25.545,1.42364,1.42373,1.00,1.12
2016.12.08 06:30:25.646,1.42354,1.42373,1.12,1.12
2016.12.08 06:30:26.190,1.42355,1.42373,1.00,1.12
2016.12.08 06:30:26.710,1.42354,1.42373,1.75,1.00
2016.12.08 06:30:27.193,1.42353,1.42373,1.00,1.50
2016.12.08 06:30:28.185,1.42353,1.42372,1.50,1.00
2016.12.08 06:30:30.834,1.42353,1.42372,1.00,1.50
2016.12.08 06:30:31.349,1.42352,1.4237,1.00,1.00
2016.12.08 06:30:31.501,1.42348,1.42367,1.00,1.12
2016.12.08 06:30:32.521,1.42348,1.42366,1.00,1.00
2016.12.08 06:30:33.831,1.42347,1.42366,1.12,1.00
2016.12.08 06:30:37.739,1.42347,1.42365,1.12,1.00
2016.12.08 06:30:44.869,1.42348,1.42366,1.00,1.00
2016.12.08 06:30:45.420,1.42347,1.42366,1.00,1.50
2016.12.08 06:30:46.923,1.42347,1.42364,1.00,1.00
2016.12.08 06:30:47.257,1.42345,1.42364,1.87,1.00
2016.12.08 06:30:47.568,1.42345,1.42362,1.12,1.00
2016.12.08 06:30:48.071,1.42345,1.42363,1.87,1.00
2016.12.08 06:30:48.898,1.42345,1.42364,1.87,1.00
2016.12.08 06:30:54.974,1.42345,1.42363,1.12,1.00
2016.12.08 06:30:55.977,1.42345,1.42364,1.12,1.00
2016.12.08 06:30:56.346,1.42348,1.42364,1.00,1.00
2016.12.08 06:31:00.472,1.42348,1.42367,1.50,1.75
2016.12.08 06:31:00.820,1.42357,1.42376,1.00,1.56
2016.12.08 06:31:01.480,1.42357,1.42377,1.00,6.75
2016.12.08 06:31:02.034,1.42357,1.42377,1.00,3.56
2016.12.08 06:31:03.123,1.42357,1.42377,1.00,3.56
2016.12.08 06:31:04.910,1.42356,1.42376,1.00,4.50
2016.12.08 06:31:05.551,1.42356,1.42368,1.00,1.00
2016.12.08 06:31:05.703,1.42353,1.42368,1.00,1.00
2016.12.08 06:31:05.754,1.42353,1.42365,1.00,1.00
2016.12.08 06:31:06.740,1.42353,1.42366,1.00,1.00
2016.12.08 06:31:07.755,1.42353,1.42365,1.00,1.00
2016.12.08 06:31:08.736,1.42358,1.42368,1.00,1.31
2016.12.08 06:31:08.888,1.42357,1.42369,1.56,1.00
2016.12.08 06:31:08.939,1.4236,1.42375,1.00,1.50
2016.12.08 06:31:08.990,1.42362,1.42375,1.00,1.50
2016.12.08 06:31:09.445,1.42362,1.42377,1.00,1.50
2016.12.08 06:31:09.956,1.42363,1.42377,1.00,1.50
2016.12.08 06:31:10.610,1.42363,1.42379,1.00,1.69
2016.12.08 06:31:11.332,1.42364,1.42379,1.00,1.25
2016.12.08 06:31:11.433,1.42364,1.42381,1.00,1.00
2016.12.08 06:31:11.484,1.42367,1.42381,1.00,1.00
2016.12.08 06:31:13.724,1.42367,1.4238,1.00,1.00
2016.12.08 06:31:13.775,1.42362,1.4238,1.12,1.00
2016.12.08 06:31:13.978,1.4236,1.42378,1.12,1.00
2016.12.08 06:31:15.875,1.4236,1.42377,1.12,1.00
2016.12.08 06:31:17.390,1.42367,1.42377,1.00,1.00
2016.12.08 06:31:17.542,1.42367,1.42381,1.00,1.12
2016.12.08 06:31:17.795,1.42367,1.42383,1.00,1.00
2016.12.08 06:31:18.723,1.42367,1.42384,1.00,1.12
2016.12.08 06:31:21.575,1.42366,1.42384,1.00,1.12
2016.12.08 06:31:22.382,1.42367,1.42384,1.00,1.12
2016.12.08 06:31:23.269,1.42367,1.42383,1.00,1.00
2016.12.08 06:31:23.782,1.42367,1.42382,1.00,1.00
2016.12.08 06:31:23.883,1.42362,1.42382,1.75,1.50
2016.12.08 06:31:24.291,1.42366,1.42382,1.00,1.50
2016.12.08 06:31:24.392,1.42361,1.42382,1.37,1.87
2016.12.08 06:31:24.443,1.42362,1.42382,1.00,1.50
2016.12.08 06:31:24.494,1.42367,1.42382,1.00,1.50
2016.12.08 06:31:24.747,1.42367,1.42383,1.00,1.00
2016.12.08 06:31:24.848,1.42364,1.42383,1.12,1.00
2016.12.08 06:31:25.007,1.42367,1.42383,1.00,1.00
2016.12.08 06:31:25.504,1.42364,1.42382,1.12,1.00
2016.12.08 06:31:25.618,1.42367,1.42382,1.00,1.00
2016.12.08 06:31:25.719,1.42365,1.42382,1.00,1.00
2016.12.08 06:31:25.922,1.42365,1.42384,1.50,1.12
2016.12.08 06:31:26.023,1.42369,1.42384,1.00,1.75
2016.12.08 06:31:26.124,1.42369,1.42384,1.00,1.12
2016.12.08 06:31:29.424,1.4237,1.42384,1.00,1.12
2016.12.08 06:31:33.890,1.42369,1.42384,1.00,1.12
2016.12.08 06:31:34.220,1.42371,1.42388,1.00,1.75
2016.12.08 06:31:34.271,1.42371,1.42388,1.00,1.50
2016.12.08 06:31:34.322,1.42367,1.42386,1.12,1.00
2016.12.08 06:31:34.625,1.42369,1.42388,1.00,1.50
2016.12.08 06:31:35.150,1.42369,1.42388,1.50,1.00
2016.12.08 06:31:36.190,1.42369,1.42389,1.50,1.12
2016.12.08 06:31:37.710,1.42369,1.42388,1.50,1.00
2016.12.08 06:31:38.114,1.42367,1.42386,1.75,1.00
2016.12.08 06:31:38.165,1.42367,1.42386,1.50,1.00
2016.12.08 06:31:38.671,1.42367,1.42386,1.75,1.00
2016.12.08 06:31:38.979,1.42375,1.42388,1.00,1.00
2016.12.08 06:31:41.732,1.42372,1.42388,1.00,1.50
2016.12.08 06:31:42.250,1.42371,1.42388,1.00,1.50
2016.12.08 06:31:49.033,1.42371,1.42387,1.00,1.00
2016.12.08 06:31:49.185,1.42371,1.42387,1.00,1.75
2016.12.08 06:31:53.421,1.42368,1.42386,1.00,1.50
2016.12.08 06:31:53.970,1.42366,1.42386,1.12,1.50
2016.12.08 06:31:56.090,1.42366,1.42385,1.50,1.00
2016.12.08 06:32:00.678,1.42367,1.42386,1.12,1.00
2016.12.08 06:32:00.729,1.42369,1.42387,1.00,1.25
2016.12.08 06:32:01.235,1.4237,1.42386,1.00,1.00
2016.12.08 06:32:01.741,1.42369,1.42387,1.50,1.31
2016.12.08 06:32:01.842,1.42369,1.42387,1.87,1.31
2016.12.08 06:32:02.045,1.42372,1.42387,1.00,1.69
2016.12.08 06:32:02.316,1.42369,1.42387,1.00,1.69
2016.12.08 06:32:02.840,1.4237,1.42386,1.00,1.00
2016.12.08 06:32:03.379,1.4237,1.42387,1.00,1.69
2016.12.08 06:32:03.884,1.42369,1.42387,1.00,1.69
2016.12.08 06:32:04.349,1.42371,1.42386,1.00,1.00
2016.12.08 06:32:04.652,1.4237,1.42388,1.12,1.00
2016.12.08 06:32:05.425,1.42369,1.42388,1.00,1.37
2016.12.08 06:32:06.462,1.4237,1.42387,1.00,1.12
2016.12.08 06:32:07.008,1.42369,1.42387,1.00,1.12
2016.12.08 06:32:07.820,1.42369,1.42386,1.00,1.00
2016.12.08 06:32:08.676,1.4237,1.42386,1.00,1.00
2016.12.08 06:32:09.181,1.42369,1.42386,1.00,1.00
2016.12.08 06:32:09.722,1.4237,1.42386,1.00,1.00
2016.12.08 06:32:10.679,1.42366,1.42386,1.50,1.00
2016.12.08 06:32:11.148,1.4237,1.42386,1.00,1.00
2016.12.08 06:32:11.756,1.42369,1.42386,1.00,1.50
2016.12.08 06:32:12.320,1.4237,1.42386,1.00,1.50
2016.12.08 06:32:14.426,1.42369,1.42386,1.00,1.50
2016.12.08 06:32:20.299,1.42369,1.42386,1.00,1.50
2016.12.08 06:32:25.854,1.4237,1.42387,1.00,1.50
2016.12.08 06:32:26.447,1.42369,1.42387,1.00,1.50
2016.12.08 06:32:30.172,1.4237,1.42387,1.00,1.50
2016.12.08 06:32:45.990,1.42369,1.42384,1.00,1.00
2016.12.08 06:32:58.002,1.42366,1.42384,1.00,1.00
2016.12.08 06:32:58.576,1.42365,1.42384,1.00,1.00
2016.12.08 06:32:59.057,1.4236,1.42377,1.31,1.00
2016.12.08 06:32:59.158,1.42359,1.42377,1.31,1.00
2016.12.08 06:32:59.209,1.42365,1.42375,1.00,1.00
2016.12.08 06:32:59.572,1.42358,1.42375,1.31,1.00
2016.12.08 06:33:00.631,1.42364,1.4238,1.00,1.50
2016.12.08 06:33:00.834,1.42363,1.42383,1.50,1.00
2016.12.08 06:33:04.820,1.42365,1.42384,1.56,1.12
2016.12.08 06:33:09.380,1.42367,1.42385,1.25,1.12
2016.12.08 06:33:16.141,1.42367,1.42382,1.25,1.00
2016.12.08 06:33:16.243,1.4236,1.42378,1.00,1.00
2016.12.08 06:33:16.294,1.42367,1.4238,1.00,1.31
2016.12.08 06:33:16.597,1.42366,1.42378,1.00,1.00
2016.12.08 06:33:16.699,1.42362,1.42375,1.00,1.00
2016.12.08 06:33:17.197,1.42363,1.42373,1.00,1.00
2016.12.08 06:33:17.941,1.42363,1.42371,1.00,1.00
2016.12.08 06:33:18.042,1.42356,1.42365,1.00,1.31
2016.12.08 06:33:18.146,1.42352,1.42364,1.00,1.00
2016.12.08 06:33:18.553,1.42351,1.42362,1.00,1.00
2016.12.08 06:33:18.899,1.4235,1.42364,1.00,1.00
2016.12.08 06:33:19.404,1.42349,1.42365,1.00,1.00
2016.12.08 06:33:19.506,1.42347,1.42365,1.00,1.00
2016.12.08 06:33:20.137,1.42347,1.42364,1.00,1.00
2016.12.08 06:33:20.917,1.42349,1.42364,1.00,1.00
2016.12.08 06:33:21.223,1.42339,1.42356,1.00,1.25
2016.12.08 06:33:21.526,1.42341,1.42359,1.00,1.69
2016.12.08 06:33:22.035,1.42341,1.42359,1.00,1.69
2016.12.08 06:33:22.781,1.42345,1.4236,1.00,1.62
2016.12.08 06:33:22.832,1.42345,1.42363,1.00,1.31
2016.12.08 06:33:22.933,1.42347,1.42367,1.37,1.69
2016.12.08 06:33:23.035,1.42348,1.42368,1.12,1.69
2016.12.08 06:33:23.338,1.42355,1.42368,1.00,1.50
2016.12.08 06:33:23.439,1.42348,1.42368,1.75,1.12
2016.12.08 06:33:23.950,1.42348,1.42369,1.75,1.00
2016.12.08 06:33:24.152,1.42348,1.42369,1.00,1.50
2016.12.08 06:33:24.641,1.42359,1.42369,1.00,1.50
2016.12.08 06:33:25.040,1.42348,1.42369,1.50,1.50
2016.12.08 06:33:25.141,1.42358,1.42369,1.00,1.50
2016.12.08 06:33:30.113,1.42349,1.42369,1.00,1.50
2016.12.08 06:33:30.727,1.42348,1.42369,1.50,1.50
2016.12.08 06:33:31.542,1.42348,1.42365,1.00,1.00
2016.12.08 06:33:31.744,1.42346,1.42365,1.00,1.50
2016.12.08 06:33:32.160,1.42355,1.42367,1.00,1.75
2016.12.08 06:33:32.262,1.42355,1.42369,1.00,1.75
2016.12.08 06:33:32.674,1.42355,1.42369,1.00,1.12
2016.12.08 06:33:33.194,1.42356,1.4237,1.00,1.50
2016.12.08 06:33:33.703,1.42355,1.4237,1.00,1.50
2016.12.08 06:33:34.939,1.42355,1.4237,1.00,1.31
2016.12.08 06:33:35.081,1.42355,1.42371,1.00,1.75
2016.12.08 06:33:36.458,1.4235,1.42369,1.56,1.12
2016.12.08 06:33:39.172,1.42351,1.42371,1.56,1.75
2016.12.08 06:33:39.731,1.42351,1.4237,1.50,1.62
2016.12.08 06:33:40.540,1.42351,1.4237,1.87,1.25
2016.12.08 06:33:42.039,1.42351,1.42372,1.69,1.87
2016.12.08 06:33:42.342,1.42351,1.42372,1.12,2.44
2016.12.08 06:33:42.755,1.42351,1.42372,1.12,2.44
2016.12.08 06:33:43.583,1.4235,1.42371,1.37,1.69
2016.12.08 06:33:48.550,1.42358,1.42372,1.00,1.69
2016.12.08 06:33:49.055,1.42357,1.42372,1.00,1.00
2016.12.08 06:33:49.403,1.42359,1.42372,1.00,1.00
2016.12.08 06:33:49.969,1.42359,1.42371,1.00,1.00
2016.12.08 06:33:51.374,1.42359,1.42372,1.00,1.31
2016.12.08 06:33:52.092,1.42359,1.42373,1.00,1.25
2016.12.08 06:33:52.143,1.42353,1.42373,1.12,1.25
2016.12.08 06:33:52.396,1.42354,1.42374,1.50,1.56
2016.12.08 06:33:53.093,1.42354,1.42372,1.50,1.00
2016.12.08 06:33:54.710,1.42354,1.42373,1.50,1.00
2016.12.08 06:33:55.215,1.42356,1.42374,1.00,1.00
2016.12.08 06:33:55.533,1.42358,1.42375,1.00,1.12
2016.12.08 06:33:56.213,1.42358,1.42376,1.31,1.00
2016.12.08 06:33:56.750,1.42358,1.42376,2.06,1.00
2016.12.08 06:34:03.933,1.42357,1.42376,1.00,2.44
2016.12.08 06:34:04.477,1.42356,1.42377,1.12,1.31
2016.12.08 06:34:04.577,1.42366,1.42379,1.00,2.06
2016.12.08 06:34:04.679,1.42359,1.42377,1.00,1.56
2016.12.08 06:34:04.831,1.42355,1.42374,1.50,1.00
2016.12.08 06:34:05.510,1.42355,1.42375,2.25,1.31
2016.12.08 06:34:12.994,1.42357,1.42375,1.00,1.00
2016.12.08 06:34:21.632,1.42357,1.42376,1.00,1.31
2016.12.08 06:34:22.137,1.42356,1.42375,1.12,1.00
2016.12.08 06:34:23.101,1.42356,1.42374,1.12,1.00
2016.12.08 06:34:28.573,1.42358,1.42374,1.00,1.00
2016.12.08 06:34:36.660,1.42358,1.42376,1.00,1.69
2016.12.08 06:34:36.762,1.42359,1.42378,1.69,1.12
2016.12.08 06:34:36.814,1.42359,1.42379,1.69,1.50
2016.12.08 06:34:36.967,1.42362,1.42382,1.69,1.37
2016.12.08 06:34:37.017,1.42365,1.42382,1.00,1.37
2016.12.08 06:34:37.221,1.42363,1.42382,1.12,1.00
2016.12.08 06:34:41.663,1.42363,1.42383,1.87,1.25
2016.12.08 06:34:41.730,1.42365,1.42386,1.00,3.56
2016.12.08 06:34:42.033,1.42365,1.42386,1.12,2.06
2016.12.08 06:34:42.387,1.42367,1.42386,1.00,2.06
2016.12.08 06:34:42.920,1.42366,1.42386,1.00,1.50
2016.12.08 06:34:43.277,1.42368,1.42386,1.00,1.50
2016.12.08 06:34:49.394,1.42368,1.42386,1.00,1.00
2016.12.08 06:34:50.527,1.42368,1.42386,1.00,2.06
2016.12.08 06:34:51.077,1.42369,1.42386,1.00,1.00
2016.12.08 06:34:51.380,1.42369,1.42383,1.00,1.00
2016.12.08 06:34:52.137,1.42369,1.42382,1.00,1.00
2016.12.08 06:34:52.643,1.42364,1.42381,1.75,1.00
2016.12.08 06:34:52.935,1.42364,1.42384,1.75,1.56
2016.12.08 06:34:58.360,1.42364,1.42384,1.75,1.56
2016.12.08 06:35:00.578,1.42364,1.42384,1.75,1.56
2016.12.08 06:35:00.832,1.42363,1.42382,1.75,1.00
2016.12.08 06:35:00.981,1.42363,1.42382,1.75,1.56
2016.12.08 06:35:02.631,1.42363,1.42382,1.75,1.31
2016.12.08 06:35:10.192,1.42365,1.42385,2.25,1.56
2016.12.08 06:35:10.243,1.42367,1.42385,1.50,1.00
2016.12.08 06:35:10.344,1.42367,1.42388,1.50,2.44
2016.12.08 06:35:10.445,1.42369,1.4239,1.62,3.19
2016.12.08 06:35:10.760,1.42372,1.4239,1.75,3.94
2016.12.08 06:35:11.307,1.4237,1.42389,1.75,1.00
2016.12.08 06:35:12.196,1.4237,1.4239,1.75,1.31
2016.12.08 06:35:12.905,1.4237,1.42389,1.75,1.00
2016.12.08 06:35:13.239,1.42365,1.42386,2.25,1.56
2016.12.08 06:35:13.751,1.42365,1.42385,2.25,1.56
2016.12.08 06:35:14.812,1.42364,1.42385,3.00,2.81
2016.12.08 06:35:20.589,1.42364,1.42381,1.75,1.00
2016.12.08 06:35:22.061,1.42364,1.42382,3.00,1.00
2016.12.08 06:35:25.263,1.42364,1.42383,1.75,1.31
2016.12.08 06:35:25.879,1.42364,1.42382,1.75,1.00
2016.12.08 06:35:27.337,1.42364,1.42384,2.25,2.81
2016.12.08 06:35:27.867,1.42364,1.42384,1.75,2.06
2016.12.08 06:35:29.357,1.42364,1.42383,2.25,1.31
2016.12.08 06:35:29.459,1.42366,1.42383,1.00,1.31
2016.12.08 06:35:30.530,1.42366,1.42382,1.00,1.00
2016.12.08 06:35:31.064,1.42364,1.42381,2.25,1.00
2016.12.08 06:35:34.319,1.42364,1.42382,2.25,1.00
2016.12.08 06:35:35.806,1.42364,1.42383,2.25,1.31
2016.12.08 06:35:36.597,1.42364,1.42382,2.25,1.00
2016.12.08 06:35:37.994,1.42364,1.4238,1.50,1.00
2016.12.08 06:35:38.346,1.42359,1.42376,1.75,1.00
2016.12.08 06:35:38.400,1.4236,1.42376,1.00,1.00
2016.12.08 06:35:38.929,1.4236,1.42377,1.00,1.00
2016.12.08 06:35:40.647,1.4236,1.42379,1.00,2.06
2016.12.08 06:35:41.310,1.42359,1.42379,1.50,1.31
2016.12.08 06:35:46.384,1.42359,1.42379,1.00,2.06
2016.12.08 06:35:46.698,1.42359,1.42379,1.87,1.62
2016.12.08 06:35:48.438,1.42359,1.42377,1.12,1.00
2016.12.08 06:35:49.066,1.42357,1.42378,3.56,1.69
2016.12.08 06:35:49.570,1.42357,1.42378,3.56,1.31
2016.12.08 06:35:51.306,1.42358,1.42377,1.75,1.00
2016.12.08 06:35:51.846,1.42358,1.42379,2.25,2.06
2016.12.08 06:35:53.710,1.42358,1.42378,1.69,1.12
2016.12.08 06:35:54.246,1.42359,1.42378,1.00,1.69
2016.12.08 06:36:02.644,1.42359,1.42376,1.00,1.00
2016.12.08 06:36:02.947,1.4235,1.4237,1.62,1.50
2016.12.08 06:36:03.534,1.4235,1.42369,1.62,2.25
2016.12.08 06:36:08.250,1.4235,1.4237,1.62,2.25
2016.12.08 06:36:09.432,1.42348,1.4237,2.06,2.25
2016.12.08 06:36:12.434,1.4235,1.42369,2.44,1.12
2016.12.08 06:36:12.485,1.42351,1.42372,1.31,3.75
2016.12.08 06:36:12.586,1.4235,1.42372,2.81,3.00
2016.12.08 06:36:13.694,1.4235,1.42371,2.06,1.75
2016.12.08 06:36:17.642,1.4235,1.42372,1.56,2.25
2016.12.08 06:36:18.266,1.4235,1.42372,2.81,3.00
2016.12.08 06:36:20.380,1.42353,1.42372,1.31,2.62
2016.12.08 06:36:24.747,1.42353,1.4237,1.31,1.00
2016.12.08 06:36:25.148,1.42353,1.42372,1.31,1.87
2016.12.08 06:36:27.494,1.42354,1.42372,1.00,2.62
2016.12.08 06:36:34.428,1.42353,1.42372,1.56,1.12
2016.12.08 06:36:38.817,1.42354,1.42375,2.81,2.25
2016.12.08 06:36:39.151,1.42355,1.42375,1.31,2.25
2016.12.08 06:36:40.372,1.42355,1.42375,2.06,1.50
2016.12.08 06:36:46.300,1.42355,1.42374,1.31,1.00
2016.12.08 06:36:46.829,1.42355,1.42375,1.31,3.00
2016.12.08 06:36:47.146,1.42354,1.42373,2.06,1.50
2016.12.08 06:36:48.771,1.42354,1.42374,2.06,1.87
2016.12.08 06:36:49.431,1.42354,1.42374,1.56,2.25
2016.12.08 06:36:50.462,1.42354,1.42374,1.56,1.50
2016.12.08 06:36:54.704,1.42352,1.42373,2.44,3.00
2016.12.08 06:36:54.756,1.42352,1.42372,2.06,1.75
2016.12.08 06:36:55.936,1.4235,1.42371,2.06,1.75
2016.12.08 06:36:57.427,1.4235,1.4237,1.56,1.50
2016.12.08 06:37:02.887,1.4235,1.42368,1.56,1.87
2016.12.08 06:37:02.938,1.4235,1.42368,1.31,2.62
2016.12.08 06:37:03.484,1.4235,1.42369,1.00,4.31
2016.12.08 06:37:04.832,1.4235,1.42369,1.56,1.75
2016.12.08 06:37:06.537,1.4235,1.42368,1.31,1.75
2016.12.08 06:37:07.356,1.42352,1.42369,1.00,1.75
2016.12.08 06:37:14.471,1.4235,1.4237,1.31,2.25
2016.12.08 06:37:15.950,1.42349,1.4237,2.81,1.75
2016.12.08 06:37:17.442,1.42349,1.4237,2.06,1.75
2016.12.08 06:37:20.473,1.42349,1.4237,1.56,2.25
2016.12.08 06:37:21.094,1.42349,1.4237,1.56,3.00
2016.12.08 06:37:22.084,1.42352,1.42371,1.00,1.75
2016.12.08 06:37:32.808,1.42349,1.42369,2.06,1.87
2016.12.08 06:37:32.909,1.42349,1.42369,1.12,2.44
2016.12.08 06:37:33.294,1.42349,1.42369,1.00,3.56
2016.12.08 06:37:34.475,1.42347,1.42367,1.56,1.75
2016.12.08 06:37:43.597,1.4235,1.42369,1.00,2.06
2016.12.08 06:37:43.648,1.4235,1.42369,1.00,2.06
2016.12.08 06:37:44.155,1.42346,1.42368,3.56,1.75
2016.12.08 06:37:45.311,1.42346,1.42367,2.06,3.00
2016.12.08 06:37:46.269,1.42347,1.42367,1.25,3.00
2016.12.08 06:37:47.570,1.42346,1.42367,2.06,2.25
2016.12.08 06:37:49.427,1.42346,1.42367,1.69,2.25
2016.12.08 06:37:49.719,1.42346,1.42364,1.00,1.00
2016.12.08 06:37:49.870,1.42346,1.42363,1.00,1.75
2016.12.08 06:37:50.387,1.42342,1.42363,2.06,1.75
2016.12.08 06:37:51.376,1.42342,1.42363,1.56,1.75
2016.12.08 06:37:56.064,1.42344,1.42363,1.62,1.50
2016.12.08 06:37:56.580,1.42343,1.42363,1.69,1.87
2016.12.08 06:38:01.797,1.42345,1.42363,1.00,1.12
2016.12.08 06:38:04.894,1.42345,1.42364,1.56,2.25
2016.12.08 06:38:05.813,1.42345,1.42364,1.31,3.00
2016.12.08 06:38:09.408,1.42345,1.42364,1.31,3.00
2016.12.08 06:38:12.832,1.42346,1.42366,1.00,2.06
2016.12.08 06:38:12.883,1.42346,1.42366,1.00,2.06
2016.12.08 06:38:13.577,1.42348,1.42366,1.50,1.31
2016.12.08 06:38:13.802,1.4235,1.4237,1.31,2.25
2016.12.08 06:38:15.606,1.42349,1.4237,1.50,1.75
2016.12.08 06:38:16.740,1.42349,1.4237,2.06,2.25
2016.12.08 06:38:18.712,1.42351,1.4237,1.00,1.75
2016.12.08 06:38:19.527,1.4235,1.4237,1.31,3.75
2016.12.08 06:38:20.386,1.4235,1.42369,1.31,1.75
2016.12.08 06:38:21.217,1.4235,1.42367,1.31,2.25
2016.12.08 06:38:21.621,1.4235,1.42369,1.31,2.25
2016.12.08 06:38:24.017,1.4235,1.42369,1.31,1.12
2016.12.08 06:38:39.751,1.42349,1.42369,1.00,1.69
2016.12.08 06:38:41.061,1.42349,1.42369,1.69,1.12
2016.12.08 06:38:43.943,1.42348,1.42368,2.81,1.00
2016.12.08 06:38:44.247,1.42347,1.42367,1.31,2.25
2016.12.08 06:38:44.399,1.42347,1.42364,1.31,1.50
2016.12.08 06:38:44.649,1.42344,1.42364,1.31,2.25
2016.12.08 06:38:45.289,1.42342,1.42362,2.06,1.12
2016.12.08 06:38:45.963,1.42342,1.42361,1.31,1.00
2016.12.08 06:38:51.163,1.42342,1.42363,2.44,1.75
2016.12.08 06:38:52.149,1.42345,1.42365,1.56,1.75
2016.12.08 06:38:52.351,1.42347,1.42365,1.56,1.00
2016.12.08 06:38:52.661,1.42347,1.42367,1.69,1.87
2016.12.08 06:38:53.195,1.42349,1.42369,1.00,1.75
2016.12.08 06:38:53.246,1.42349,1.42369,1.12,1.12
2016.12.08 06:38:54.702,1.42348,1.42367,2.06,1.50
2016.12.08 06:38:55.014,1.42348,1.42364,1.31,1.00
2016.12.08 06:38:55.692,1.42348,1.42368,1.31,1.75
2016.12.08 06:38:57.147,1.42348,1.42368,2.44,1.12
2016.12.08 06:39:03.285,1.4235,1.42369,1.00,1.62
2016.12.08 06:39:03.589,1.42351,1.42371,1.25,2.25
2016.12.08 06:39:03.740,1.42351,1.42372,2.06,3.94
2016.12.08 06:39:04.571,1.42351,1.42371,2.06,1.00
2016.12.08 06:39:05.105,1.42351,1.42372,2.81,1.69
2016.12.08 06:39:06.779,1.42351,1.42371,2.06,1.00
2016.12.08 06:39:07.309,1.42351,1.42372,2.81,1.69
2016.12.08 06:39:08.206,1.42351,1.42371,2.06,1.00
2016.12.08 06:39:08.409,1.42352,1.42367,1.12,1.00
2016.12.08 06:39:09.649,1.42352,1.42366,1.31,1.00
2016.12.08 06:39:10.181,1.42352,1.42367,1.31,1.87
2016.12.08 06:39:10.770,1.42352,1.42366,1.31,1.00
2016.12.08 06:39:10.878,1.42346,1.42366,2.06,1.00
2016.12.08 06:39:11.409,1.42348,1.42366,1.25,1.50
2016.12.08 06:39:22.981,1.42351,1.42367,1.00,1.12
2016.12.08 06:39:23.234,1.42351,1.42371,1.69,1.37
2016.12.08 06:39:23.777,1.42353,1.42372,1.00,2.25
2016.12.08 06:39:24.450,1.42351,1.42372,2.44,2.25
2016.12.08 06:39:27.982,1.42351,1.42371,1.69,1.87
2016.12.08 06:39:38.892,1.42353,1.42371,1.00,1.37
2016.12.08 06:39:39.192,1.42351,1.42371,1.69,1.37
2016.12.08 06:39:39.537,1.42353,1.42371,1.00,1.37
2016.12.08 06:39:46.411,1.42351,1.42371,1.25,1.37
2016.12.08 06:39:49.452,1.4235,1.42371,2.81,1.50
2016.12.08 06:39:52.923,1.42351,1.42372,2.06,1.75
2016.12.08 06:39:53.681,1.42354,1.42372,1.00,1.75
2016.12.08 06:39:54.234,1.42352,1.42372,1.56,1.75
2016.12.08 06:40:04.595,1.42355,1.42375,1.25,2.25
2016.12.08 06:40:04.797,1.42357,1.42378,1.19,3.75
2016.12.08 06:40:09.390,1.42358,1.42378,1.19,1.75
2016.12.08 06:40:28.531,1.42357,1.42377,1.80,1.00
2016.12.08 06:40:45.104,1.42356,1.42374,1.56,1.00
2016.12.08 06:40:45.155,1.42356,1.42373,1.00,1.00
2016.12.08 06:40:45.268,1.42352,1.42372,2.44,1.00
2016.12.08 06:40:45.672,1.42351,1.42372,2.81,1.31
2016.12.08 06:40:45.961,1.42351,1.42372,2.81,1.69
2016.12.08 06:40:46.728,1.42351,1.42372,2.44,2.25
2016.12.08 06:40:49.385,1.42352,1.42372,1.25,1.87
2016.12.08 06:40:55.679,1.42352,1.42371,1.69,1.00
2016.12.08 06:40:56.507,1.42351,1.42371,2.44,2.25
2016.12.08 06:41:00.383,1.42352,1.42371,1.25,1.12
2016.12.08 06:41:00.708,1.4235,1.42369,1.31,1.00
2016.12.08 06:41:01.681,1.42349,1.42367,1.00,1.50
2016.12.08 06:41:01.833,1.42347,1.42367,1.31,3.00
2016.12.08 06:41:02.087,1.42344,1.42364,1.75,1.56
2016.12.08 06:41:02.138,1.42344,1.42362,1.12,1.00
2016.12.08 06:41:02.290,1.42341,1.42362,1.94,3.37
2016.12.08 06:41:02.839,1.4234,1.4236,1.69,1.12
2016.12.08 06:41:02.890,1.42339,1.42359,1.62,1.00
2016.12.08 06:41:02.940,1.42338,1.42359,1.56,1.75
2016.12.08 06:41:03.244,1.42346,1.42359,1.00,1.75
2016.12.08 06:41:03.715,1.42346,1.42357,1.00,1.75
2016.12.08 06:41:04.241,1.42347,1.42357,1.00,1.75
2016.12.08 06:41:04.795,1.42336,1.42357,2.44,2.25
2016.12.08 06:41:07.747,1.42336,1.42356,2.44,1.50
2016.12.08 06:41:08.950,1.42336,1.42356,2.44,1.50
2016.12.08 06:41:09.642,1.42338,1.42358,1.56,1.50
2016.12.08 06:41:10.184,1.42339,1.42359,1.62,1.12
2016.12.08 06:41:13.485,1.42339,1.42359,1.50,1.69
2016.12.08 06:41:14.981,1.42338,1.42357,1.75,1.00
2016.12.08 06:41:15.032,1.42337,1.42357,1.31,1.12
2016.12.08 06:41:15.525,1.42335,1.42355,2.00,1.50
2016.12.08 06:41:15.643,1.42334,1.42354,1.31,1.12
2016.12.08 06:41:16.024,1.42333,1.42353,1.50,1.62
2016.12.08 06:41:18.400,1.42333,1.42354,1.69,3.00
2016.12.08 06:41:18.456,1.42333,1.42354,1.50,3.19
2016.12.08 06:41:19.085,1.42333,1.42348,1.00,1.50
2016.12.08 06:41:19.238,1.42329,1.42347,1.00,1.69
2016.12.08 06:41:19.339,1.42327,1.42347,1.00,1.69
2016.12.08 06:41:19.665,1.42331,1.4235,1.00,1.75
2016.12.08 06:41:20.010,1.42338,1.42355,1.00,2.44
2016.12.08 06:41:21.089,1.42338,1.42353,1.00,2.44
2016.12.08 06:41:21.344,1.4233,1.4235,1.75,1.25
2016.12.08 06:41:21.546,1.42328,1.42349,1.69,2.25
2016.12.08 06:41:22.507,1.42328,1.42347,1.00,1.75
2016.12.08 06:41:29.066,1.42328,1.42347,1.19,1.75
2016.12.08 06:41:29.167,1.42328,1.42347,1.00,1.75
2016.12.08 06:41:30.476,1.42328,1.42347,1.19,1.75
2016.12.08 06:41:37.848,1.4233,1.42349,1.50,1.75
2016.12.08 06:41:37.899,1.42331,1.42349,1.19,1.75
2016.12.08 06:41:37.950,1.42331,1.42353,1.19,3.56
2016.12.08 06:41:38.001,1.42333,1.42353,1.19,2.25
2016.12.08 06:41:38.051,1.42333,1.42353,1.19,2.25
2016.12.08 06:41:45.042,1.42338,1.42355,1.00,1.75
2016.12.08 06:41:45.194,1.42338,1.42355,1.50,1.31
2016.12.08 06:41:45.749,1.42339,1.42357,1.00,1.31
2016.12.08 06:41:46.516,1.42339,1.42352,1.00,1.56
2016.12.08 06:41:46.567,1.4233,1.42351,2.06,2.06
2016.12.08 06:41:46.720,1.42329,1.42351,2.81,2.44
2016.12.08 06:41:46.770,1.42329,1.42351,2.44,3.56
2016.12.08 06:41:50.207,1.4233,1.42351,1.56,1.75
2016.12.08 06:41:50.726,1.4233,1.42351,1.00,1.75
2016.12.08 06:41:57.157,1.42334,1.42352,1.00,1.75
2016.12.08 06:41:57.511,1.4234,1.4236,1.00,2.25
2016.12.08 06:41:57.814,1.42345,1.42361,1.00,3.00
2016.12.08 06:42:08.755,1.42342,1.42358,1.00,1.25
2016.12.08 06:42:09.058,1.42342,1.42359,1.00,1.31
2016.12.08 06:42:09.379,1.42347,1.42363,1.00,3.37
2016.12.08 06:42:09.531,1.42347,1.42363,1.00,1.75
2016.12.08 06:42:10.284,1.42344,1.42364,1.50,1.75
2016.12.08 06:42:10.436,1.42344,1.42365,2.81,2.06
2016.12.08 06:42:10.741,1.42348,1.42365,1.00,1.31
2016.12.08 06:42:10.944,1.4235,1.42369,1.50,2.25
2016.12.08 06:42:11.461,1.42351,1.42372,1.00,2.25
2016.12.08 06:42:11.512,1.42353,1.42372,1.00,1.31
2016.12.08 06:42:12.871,1.42355,1.42372,1.00,1.31
2016.12.08 06:42:16.754,1.42355,1.42368,2.06,1.00
2016.12.08 06:42:17.405,1.42358,1.42373,1.00,1.75
2016.12.08 06:42:20.444,1.42355,1.42375,1.00,2.62
2016.12.08 06:42:21.846,1.42355,1.42376,1.50,4.12
2016.12.08 06:42:21.947,1.42355,1.42376,1.50,2.25
2016.12.08 06:42:23.058,1.42354,1.42375,1.50,2.06
2016.12.08 06:42:24.445,1.42353,1.42375,3.00,2.06
2016.12.08 06:42:25.454,1.42354,1.42375,1.00,2.06
2016.12.08 06:42:25.988,1.42355,1.42375,1.00,2.06
2016.12.08 06:42:26.491,1.42354,1.42374,1.00,1.75
2016.12.08 06:42:27.333,1.42351,1.4237,2.25,1.00
2016.12.08 06:42:27.636,1.42348,1.42368,3.00,1.50
2016.12.08 06:42:27.733,1.42348,1.42368,3.00,1.75
2016.12.08 06:42:28.461,1.4235,1.42365,1.50,1.00
2016.12.08 06:42:28.613,1.4235,1.42369,1.00,1.00
2016.12.08 06:42:29.296,1.42349,1.42369,1.50,1.00
2016.12.08 06:42:30.353,1.42351,1.42369,1.00,1.00
2016.12.08 06:42:30.872,1.42354,1.42369,1.00,1.00
2016.12.08 06:42:32.152,1.42354,1.42371,1.00,1.75
2016.12.08 06:42:32.456,1.42351,1.42371,1.50,1.75
2016.12.08 06:42:36.255,1.42351,1.42367,1.00,1.00
2016.12.08 06:42:36.357,1.42351,1.42368,1.00,2.25
2016.12.08 06:42:36.454,1.42348,1.42368,1.00,2.25
2016.12.08 06:42:36.555,1.42348,1.42368,1.00,4.12
2016.12.08 06:42:37.061,1.42349,1.42368,1.00,1.75
2016.12.08 06:42:37.263,1.42351,1.42371,1.00,3.00
2016.12.08 06:42:37.364,1.42351,1.42371,1.00,1.75
2016.12.08 06:42:37.897,1.4235,1.42371,2.25,1.75
2016.12.08 06:42:38.467,1.42349,1.4237,2.25,2.25
2016.12.08 06:42:38.771,1.42349,1.42367,1.00,1.75
2016.12.08 06:42:42.574,1.42347,1.42367,1.00,2.25
2016.12.08 06:42:43.479,1.42346,1.42364,1.00,1.50
2016.12.08 06:42:44.196,1.42345,1.42364,1.00,1.75
2016.12.08 06:42:44.298,1.42346,1.42364,1.00,1.50
2016.12.08 06:42:44.834,1.42346,1.42367,1.00,1.75
2016.12.08 06:42:45.052,1.42354,1.42368,1.00,1.75
2016.12.08 06:42:45.153,1.42347,1.42368,1.50,2.25
2016.12.08 06:42:45.254,1.42347,1.42368,2.25,1.87
2016.12.08 06:42:45.355,1.42354,1.42368,1.00,1.87
2016.12.08 06:42:45.784,1.42353,1.42374,1.50,1.12
2016.12.08 06:42:45.880,1.42353,1.42374,1.00,1.75
2016.12.08 06:42:46.183,1.42352,1.42373,1.50,2.25
2016.12.08 06:42:46.489,1.42352,1.42372,1.00,1.75
2016.12.08 06:42:47.071,1.42352,1.42373,1.50,1.75
2016.12.08 06:42:47.172,1.42353,1.42374,1.00,3.00
2016.12.08 06:42:47.425,1.42355,1.42374,1.00,1.75
2016.12.08 06:42:47.728,1.42363,1.42376,1.00,2.25
2016.12.08 06:42:50.818,1.42363,1.42375,1.00,1.31
2016.12.08 06:42:51.397,1.42363,1.42375,1.00,2.06
2016.12.08 06:42:53.762,1.42364,1.42375,1.00,1.75
2016.12.08 06:42:54.292,1.42365,1.42376,1.00,1.75
2016.12.08 06:42:54.393,1.42365,1.42377,1.00,3.56
2016.12.08 06:42:55.607,1.42355,1.42376,3.19,2.25
2016.12.08 06:42:55.910,1.42365,1.42377,1.00,1.31
2016.12.08 06:42:57.308,1.42357,1.42377,1.00,2.06
2016.12.08 06:42:58.012,1.42365,1.42377,1.00,1.31
2016.12.08 06:43:08.879,1.42356,1.42375,1.00,1.25
2016.12.08 06:43:12.934,1.42355,1.42375,2.62,1.25
2016.12.08 06:43:13.182,1.42365,1.42375,1.00,1.25
2016.12.08 06:43:13.608,1.42363,1.42377,1.00,2.25
2016.12.08 06:43:13.810,1.42363,1.42378,1.00,1.00
2016.12.08 06:43:13.912,1.42367,1.42378,1.00,1.00
2016.12.08 06:43:14.219,1.4237,1.4238,1.00,4.31
2016.12.08 06:43:14.322,1.42359,1.42379,1.69,2.62
2016.12.08 06:43:14.373,1.42359,1.42377,1.12,1.00
2016.12.08 06:43:14.676,1.42359,1.42376,1.00,1.50
2016.12.08 06:43:16.833,1.42358,1.42376,1.00,1.50
2016.12.08 06:43:20.824,1.42357,1.42375,1.31,1.12
2016.12.08 06:43:21.810,1.42357,1.42374,1.00,1.00
2016.12.08 06:43:22.377,1.42357,1.42374,1.00,1.37
2016.12.08 06:43:22.880,1.42355,1.42374,2.06,1.50
2016.12.08 06:43:23.099,1.42358,1.42376,2.06,1.50
2016.12.08 06:43:23.201,1.42366,1.42379,1.00,1.31
2016.12.08 06:43:23.710,1.42367,1.42378,1.00,1.62
2016.12.08 06:43:26.711,1.42366,1.42378,1.00,2.06
2016.12.08 06:43:27.012,1.42366,1.42379,1.00,1.31
2016.12.08 06:43:27.215,1.42369,1.42379,1.00,1.25
2016.12.08 06:43:27.731,1.4237,1.42379,1.00,1.25
2016.12.08 06:43:28.950,1.42369,1.4238,1.00,1.62
2016.12.08 06:43:29.382,1.42369,1.4238,1.00,1.62
2016.12.08 06:43:39.036,1.4237,1.42379,1.00,1.31
2016.12.08 06:43:39.138,1.4237,1.42381,1.00,1.50
2016.12.08 06:43:39.241,1.42373,1.42382,1.00,1.31
2016.12.08 06:43:41.350,1.42361,1.42381,1.56,2.25
2016.12.08 06:43:41.400,1.42361,1.4238,1.00,1.37
2016.12.08 06:43:41.703,1.42363,1.4238,1.00,1.75
2016.12.08 06:43:42.238,1.42364,1.4238,1.00,1.75
2016.12.08 06:43:44.654,1.42363,1.4238,1.00,1.75
2016.12.08 06:43:46.630,1.42364,1.4238,1.00,1.75
2016.12.08 06:44:00.938,1.42373,1.42383,1.00,3.75
2016.12.08 06:44:01.291,1.42373,1.42383,1.00,1.75
2016.12.08 06:44:01.797,1.42373,1.42381,1.00,1.50
2016.12.08 06:44:01.898,1.42363,1.42381,1.31,1.50
2016.12.08 06:44:02.200,1.42363,1.42381,1.31,1.50
2016.12.08 06:44:04.643,1.42363,1.42382,2.06,1.50
2016.12.08 06:44:04.693,1.42363,1.42382,2.06,1.12
2016.12.08 06:44:08.318,1.42363,1.42382,1.69,1.00
2016.12.08 06:44:08.911,1.42363,1.42382,1.69,1.12
2016.12.08 06:44:11.305,1.42364,1.42382,1.00,1.12
2016.12.08 06:44:11.407,1.42364,1.4238,1.00,1.00
2016.12.08 06:44:11.737,1.42367,1.42381,1.00,1.00
2016.12.08 06:44:13.025,1.42365,1.42381,1.00,1.00
2016.12.08 06:44:13.540,1.42366,1.42381,1.00,1.00
2016.12.08 06:44:17.174,1.42366,1.42379,1.00,1.00
2016.12.08 06:44:22.095,1.42366,1.4238,1.00,1.00
2016.12.08 06:44:26.506,1.42367,1.4238,1.00,1.00
2016.12.08 06:44:30.872,1.42367,1.42382,1.00,1.12
2016.12.08 06:44:30.923,1.42367,1.4238,1.00,1.00
2016.12.08 06:44:34.578,1.42367,1.42381,1.00,1.00
2016.12.08 06:44:35.126,1.42367,1.4238,1.00,1.00
2016.12.08 06:44:36.472,1.42367,1.42381,1.00,1.00
2016.12.08 06:44:36.973,1.42367,1.42382,1.00,1.00
2016.12.08 06:44:37.365,1.42368,1.42385,1.31,1.50
2016.12.08 06:44:37.618,1.42372,1.42385,1.00,1.00
2016.12.08 06:44:38.182,1.42372,1.42386,1.00,1.00
2016.12.08 06:44:44.330,1.42373,1.42386,1.00,1.00
2016.12.08 06:44:44.754,1.42375,1.42387,1.00,1.00
2016.12.08 06:44:45.012,1.42373,1.42387,1.00,1.00
2016.12.08 06:44:45.323,1.42373,1.42389,1.00,1.12
2016.12.08 06:44:45.373,1.42375,1.42389,1.00,1.00
2016.12.08 06:44:45.898,1.42375,1.4239,1.00,1.00
2016.12.08 06:44:46.573,1.42372,1.4239,2.81,1.00
2016.12.08 06:44:46.731,1.42375,1.4239,1.00,1.00
2016.12.08 06:44:48.354,1.42377,1.4239,1.00,1.00
2016.12.08 06:44:49.384,1.42377,1.4239,1.00,1.37
2016.12.08 06:44:54.462,1.42378,1.42392,1.00,1.50
2016.12.08 06:44:54.564,1.42378,1.42392,1.00,1.12
2016.12.08 06:44:56.350,1.42375,1.42391,1.56,1.00
2016.12.08 06:44:56.401,1.42375,1.42391,1.56,1.37
2016.12.08 06:44:56.502,1.42375,1.42391,1.56,1.12
2016.12.08 06:44:56.918,1.42376,1.42392,1.56,1.00
2016.12.08 06:44:57.221,1.42378,1.42396,1.56,1.75
2016.12.08 06:44:58.288,1.4238,1.42395,1.05,1.50
2016.12.08 06:45:00.042,1.4238,1.42393,1.00,1.00
2016.12.08 06:45:00.538,1.4238,1.42391,1.00,1.00
2016.12.08 06:45:00.600,1.42378,1.42393,1.00,1.37
2016.12.08 06:45:00.752,1.42378,1.42393,1.05,1.00
2016.12.08 06:45:01.106,1.42379,1.42394,1.30,1.00
2016.12.08 06:45:01.754,1.42381,1.42394,1.30,1.00
2016.12.08 06:45:03.918,1.4238,1.42394,1.30,1.00
2016.12.08 06:45:05.291,1.42377,1.42393,1.80,1.00
2016.12.08 06:45:05.848,1.42375,1.42392,1.80,1.00
2016.12.08 06:45:06.469,1.42376,1.42392,1.25,1.00
2016.12.08 06:45:06.984,1.42377,1.42396,1.00,2.62
2016.12.08 06:45:07.468,1.42379,1.42395,1.00,1.50
2016.12.08 06:45:08.172,1.42377,1.42395,1.25,1.50
2016.12.08 06:45:08.499,1.42379,1.42395,1.00,1.50
2016.12.08 06:45:09.886,1.42379,1.42397,1.30,3.00
2016.12.08 06:45:10.038,1.42379,1.42397,1.80,1.12
2016.12.08 06:45:10.205,1.42383,1.42399,1.00,2.25
2016.12.08 06:45:10.509,1.42383,1.42401,1.00,2.25
2016.12.08 06:45:11.888,1.42383,1.42401,1.30,1.50
2016.12.08 06:45:28.622,1.42385,1.42401,1.00,1.50
2016.12.08 06:45:37.712,1.42387,1.42403,1.00,2.06
2016.12.08 06:45:37.858,1.42387,1.42403,1.00,1.62
2016.12.08 06:45:43.652,1.42387,1.42401,1.00,1.00
2016.12.08 06:45:49.491,1.42387,1.42403,1.00,2.81
2016.12.08 06:46:00.372,1.42387,1.42402,1.00,1.87
2016.12.08 06:46:01.636,1.42388,1.42405,1.50,1.75
2016.12.08 06:46:01.738,1.42383,1.42403,1.12,1.87
2016.12.08 06:46:01.789,1.42383,1.42402,1.37,1.00
2016.12.08 06:46:01.940,1.42383,1.42402,1.00,1.00
2016.12.08 06:46:02.556,1.42382,1.42402,1.00,1.50
2016.12.08 06:46:02.708,1.42381,1.42401,1.87,1.37
2016.12.08 06:46:03.181,1.42384,1.42402,1.00,1.75
2016.12.08 06:46:07.011,1.42385,1.42405,1.50,1.75
2016.12.08 06:46:07.163,1.42386,1.42406,1.00,1.75
2016.12.08 06:46:07.706,1.42387,1.42406,1.00,1.75
2016.12.08 06:46:08.226,1.42386,1.42407,1.50,2.25
2016.12.08 06:46:09.796,1.42388,1.42407,1.00,2.25
2016.12.08 06:46:09.897,1.42388,1.42407,1.00,1.75
2016.12.08 06:46:09.948,1.42388,1.42407,1.00,1.50
2016.12.08 06:46:13.339,1.42387,1.42407,1.12,1.50
2016.12.08 06:46:13.635,1.42388,1.42409,1.12,1.69
2016.12.08 06:46:14.171,1.42389,1.4241,1.00,3.75
2016.12.08 06:46:16.317,1.4239,1.4241,1.00,2.25
2016.12.08 06:46:16.671,1.42392,1.4241,1.00,1.75
2016.12.08 06:46:16.976,1.42392,1.42411,1.00,1.37
2016.12.08 06:46:17.521,1.42393,1.4241,1.00,1.00
2016.12.08 06:46:19.958,1.42391,1.42412,1.87,3.00
2016.12.08 06:46:20.060,1.42391,1.42411,1.00,2.25
2016.12.08 06:46:20.594,1.4239,1.4241,1.00,3.00
2016.12.08 06:46:21.466,1.42389,1.42409,1.00,2.25
2016.12.08 06:46:21.792,1.42387,1.42407,1.00,1.75
2016.12.08 06:46:22.309,1.42387,1.42407,1.00,1.75
2016.12.08 06:46:22.831,1.42386,1.42407,1.50,1.75
2016.12.08 06:46:23.342,1.42386,1.42406,1.00,2.25
2016.12.08 06:46:24.560,1.42384,1.42405,1.50,1.75
2016.12.08 06:46:33.745,1.42384,1.42406,1.50,3.00
2016.12.08 06:46:36.083,1.42389,1.42406,1.00,1.75
2016.12.08 06:46:36.281,1.42392,1.42412,1.00,3.00
2016.12.08 06:46:42.663,1.424,1.42412,1.00,3.75
2016.12.08 06:46:42.765,1.42392,1.42412,1.00,3.00
2016.12.08 06:46:42.866,1.424,1.42412,1.00,2.25
2016.12.08 06:46:43.403,1.42392,1.42412,1.00,2.25
2016.12.08 06:46:43.505,1.42392,1.42412,1.00,2.25
2016.12.08 06:46:48.137,1.42391,1.42412,1.87,3.75
2016.12.08 06:47:00.387,1.4239,1.42411,1.87,2.25
2016.12.08 06:47:03.827,1.42391,1.4241,1.00,1.00
2016.12.08 06:47:11.592,1.4239,1.42406,1.00,1.00
2016.12.08 06:47:11.845,1.42386,1.42404,1.00,1.50
2016.12.08 06:47:22.394,1.42385,1.42403,1.31,1.12
2016.12.08 06:47:23.294,1.42386,1.42403,1.00,1.12
2016.12.08 06:47:24.947,1.42386,1.42403,1.56,1.12
2016.12.08 06:47:25.489,1.42386,1.42403,1.31,1.12
2016.12.08 06:47:31.751,1.42385,1.42404,1.56,2.25
2016.12.08 06:47:37.757,1.42385,1.42404,1.56,2.25
2016.12.08 06:47:53.547,1.42387,1.42406,1.12,3.19
2016.12.08 06:47:53.700,1.42387,1.42406,1.69,1.00
2016.12.08 06:47:53.807,1.42387,1.42406,1.31,1.37
2016.12.08 06:47:54.422,1.42388,1.42406,1.00,1.75
2016.12.08 06:47:55.123,1.42389,1.42406,1.00,1.75
2016.12.08 06:47:56.025,1.4239,1.42407,1.00,1.75
2016.12.08 06:47:59.536,1.42388,1.42406,1.00,1.75
2016.12.08 06:48:00.096,1.42386,1.42406,2.06,1.75
2016.12.08 06:48:04.391,1.42386,1.42406,2.06,1.75
2016.12.08 06:48:07.485,1.42386,1.42406,2.06,2.25
2016.12.08 06:48:07.753,1.42385,1.42405,1.56,1.50
2016.12.08 06:48:07.904,1.42385,1.42405,1.56,1.75
2016.12.08 06:48:08.152,1.42385,1.42404,1.56,1.75
2016.12.08 06:48:08.737,1.42385,1.42404,1.56,1.75
2016.12.08 06:48:08.838,1.42385,1.42404,1.56,1.75
2016.12.08 06:48:09.149,1.42386,1.42403,1.31,1.50
2016.12.08 06:48:10.446,1.42386,1.424,1.31,1.00
2016.12.08 06:48:11.622,1.42386,1.42397,1.00,1.00
2016.12.08 06:48:11.776,1.42379,1.42394,1.00,1.00
2016.12.08 06:48:12.311,1.42379,1.42394,1.00,1.50
2016.12.08 06:48:13.103,1.42375,1.42394,1.00,1.50
2016.12.08 06:48:14.890,1.42374,1.42394,1.00,1.50
2016.12.08 06:48:16.656,1.42376,1.42393,1.00,1.12
2016.12.08 06:48:19.884,1.42375,1.42392,1.00,1.00
2016.12.08 06:48:20.193,1.42375,1.42393,1.00,1.75
2016.12.08 06:48:20.345,1.42375,1.42393,1.00,1.50
2016.12.08 06:48:20.882,1.42376,1.42394,1.00,1.75
2016.12.08 06:48:24.154,1.42378,1.42393,1.00,1.50
2016.12.08 06:48:24.372,1.42376,1.42393,1.00,1.50
2016.12.08 06:48:26.486,1.42376,1.42393,1.00,1.50
2016.12.08 06:48:27.279,1.42375,1.42393,1.00,1.75
2016.12.08 06:48:27.791,1.42374,1.42393,1.00,1.75
2016.12.08 06:48:28.120,1.42376,1.42396,1.50,3.19
2016.12.08 06:48:28.221,1.42376,1.42396,2.62,2.25
2016.12.08 06:48:29.396,1.42376,1.42396,2.25,1.69
2016.12.08 06:48:34.742,1.42376,1.42397,3.00,1.12
2016.12.08 06:48:35.826,1.42376,1.42397,2.25,2.25
2016.12.08 06:48:37.249,1.42376,1.42397,3.00,2.62
2016.12.08 06:48:37.714,1.42376,1.42397,2.62,2.62
2016.12.08 06:48:37.866,1.42376,1.42397,1.50,2.25
2016.12.08 06:48:38.692,1.42377,1.42397,1.00,2.25
2016.12.08 06:48:39.238,1.42376,1.42397,2.25,1.50
2016.12.08 06:48:39.962,1.42378,1.42397,1.00,1.50
2016.12.08 06:48:41.775,1.42377,1.42397,1.50,1.00
2016.12.08 06:48:42.078,1.42376,1.42395,1.00,1.50
2016.12.08 06:48:43.719,1.42378,1.42394,1.00,1.12
2016.12.08 06:48:44.239,1.42378,1.42394,1.00,1.50
2016.12.08 06:48:55.896,1.42371,1.42388,1.75,1.00
2016.12.08 06:48:56.098,1.42366,1.42385,1.50,1.75
2016.12.08 06:48:56.623,1.42367,1.42385,1.00,3.00
2016.12.08 06:48:57.069,1.42366,1.42383,1.00,1.75
2016.12.08 06:48:57.486,1.42364,1.42382,1.00,1.50
2016.12.08 06:49:07.950,1.42365,1.42384,2.25,1.75
2016.12.08 06:49:08.103,1.42366,1.42386,1.00,1.75
2016.12.08 06:49:08.154,1.42369,1.42389,1.00,1.75
2016.12.08 06:49:08.205,1.42369,1.4239,1.87,2.62
2016.12.08 06:49:08.408,1.42369,1.42388,1.00,1.75
2016.12.08 06:49:08.711,1.42372,1.42387,1.00,1.75
2016.12.08 06:49:11.987,1.42372,1.42386,1.00,2.25
2016.12.08 06:49:15.327,1.42369,1.42386,1.00,2.25
2016.12.08 06:49:15.917,1.4237,1.42386,1.00,2.25
2016.12.08 06:49:21.141,1.42371,1.42386,1.00,2.25
2016.12.08 06:49:23.261,1.4237,1.42385,1.00,1.75
2016.12.08 06:49:23.412,1.4237,1.42384,1.00,5.06
2016.12.08 06:49:23.837,1.42368,1.42383,1.00,1.75
2016.12.08 06:49:29.259,1.4237,1.42384,1.00,3.56
2016.12.08 06:49:29.512,1.42371,1.42386,1.00,1.75
2016.12.08 06:49:29.715,1.42371,1.42387,1.00,2.44
2016.12.08 06:49:37.014,1.42371,1.42386,1.00,1.37
2016.12.08 06:49:37.065,1.42371,1.42387,1.00,1.00
2016.12.08 06:49:37.116,1.42371,1.42388,1.00,2.06
2016.12.08 06:49:41.772,1.42367,1.42388,1.00,2.81
2016.12.08 06:49:42.759,1.42371,1.42388,1.00,2.81
2016.12.08 06:49:43.417,1.42372,1.42388,1.00,1.75
2016.12.08 06:49:48.264,1.42371,1.42388,1.00,1.31
2016.12.08 06:49:49.330,1.42371,1.42388,1.00,2.00
2016.12.08 06:49:53.186,1.4237,1.42385,1.00,1.75
2016.12.08 06:49:57.619,1.42368,1.42384,1.00,1.50
2016.12.08 06:49:57.982,1.4237,1.42385,1.00,1.75
2016.12.08 06:50:00.213,1.42368,1.42384,1.00,1.50
2016.12.08 06:50:00.417,1.4237,1.42385,1.00,2.25
2016.12.08 06:50:00.879,1.42368,1.42385,1.00,1.75
2016.12.08 06:50:02.280,1.42368,1.42384,1.00,1.31
2016.12.08 06:50:02.381,1.42364,1.42382,1.00,1.75
2016.12.08 06:50:02.583,1.42364,1.42381,1.00,1.56
2016.12.08 06:50:02.684,1.42367,1.42382,1.00,1.31
2016.12.08 06:50:03.690,1.42367,1.42382,1.00,2.06
2016.12.08 06:50:03.897,1.42365,1.42382,1.00,2.06
2016.12.08 06:50:08.055,1.42365,1.4238,1.00,1.25
2016.12.08 06:50:12.055,1.42365,1.42381,1.00,1.56
2016.12.08 06:50:21.702,1.42364,1.42381,1.00,2.06
2016.12.08 06:50:23.035,1.42362,1.42381,1.00,2.06
2016.12.08 06:50:27.821,1.42365,1.42381,1.00,1.31
2016.12.08 06:50:27.922,1.42365,1.42383,1.00,1.31
2016.12.08 06:50:28.023,1.42365,1.42385,1.00,2.06
2016.12.08 06:50:28.225,1.42364,1.42384,1.87,2.62
2016.12.08 06:50:28.326,1.42364,1.42384,1.50,3.00
2016.12.08 06:50:28.805,1.42362,1.42383,1.12,2.25
2016.12.08 06:50:29.195,1.42365,1.42382,1.00,1.25
2016.12.08 06:50:29.500,1.42363,1.42374,1.00,3.75
2016.12.08 06:50:29.653,1.42359,1.42374,1.00,3.75
2016.12.08 06:50:30.250,1.42359,1.42373,1.00,6.00
2016.12.08 06:50:31.291,1.42359,1.42371,1.00,3.75
2016.12.08 06:50:31.800,1.42358,1.42371,1.00,3.75
2016.12.08 06:50:32.478,1.42358,1.42371,1.00,3.75
2016.12.08 06:50:37.765,1.42359,1.42371,1.00,3.75
2016.12.08 06:50:37.816,1.42359,1.42374,1.00,1.75
2016.12.08 06:50:37.968,1.42361,1.42378,1.00,1.62
2016.12.08 06:50:38.220,1.42361,1.42378,1.00,2.25
2016.12.08 06:50:39.024,1.42362,1.42378,1.00,3.00
2016.12.08 06:50:39.771,1.42361,1.42378,1.00,3.00
2016.12.08 06:50:45.157,1.42356,1.42377,1.50,2.25
2016.12.08 06:50:45.231,1.42361,1.42377,1.00,2.25
2016.12.08 06:50:49.341,1.42361,1.42377,1.00,2.25
2016.12.08 06:50:50.356,1.42356,1.42377,1.50,3.75
2016.12.08 06:50:50.457,1.42361,1.42377,1.00,3.00
2016.12.08 06:50:54.466,1.42361,1.42378,1.00,1.75
2016.12.08 06:50:57.893,1.42362,1.42378,1.00,1.75
2016.12.08 06:50:59.247,1.42361,1.42378,1.00,1.75
2016.12.08 06:51:02.057,1.42358,1.42377,1.00,1.62
2016.12.08 06:51:04.591,1.42367,1.42377,1.00,1.62
2016.12.08 06:51:05.454,1.42358,1.42377,1.50,1.62
2016.12.08 06:51:09.658,1.42368,1.42377,1.00,1.62
2016.12.08 06:51:17.863,1.42368,1.42377,1.00,1.69
2016.12.08 06:51:18.199,1.42368,1.42378,1.00,2.06
2016.12.08 06:51:18.867,1.42358,1.42378,2.25,2.06
2016.12.08 06:51:25.673,1.42368,1.42378,1.00,2.06
2016.12.08 06:51:27.921,1.42358,1.42378,1.50,2.06
2016.12.08 06:51:28.439,1.42359,1.42378,1.00,1.31
2016.12.08 06:51:29.049,1.4236,1.42378,1.00,1.31
2016.12.08 06:51:29.582,1.42359,1.42378,3.00,1.31
2016.12.08 06:51:30.190,1.4236,1.42378,1.00,1.31
2016.12.08 06:51:30.732,1.42359,1.42378,1.50,1.31
2016.12.08 06:51:40.386,1.42359,1.42376,1.00,1.00
2016.12.08 06:51:51.131,1.42358,1.42378,3.00,1.75
2016.12.08 06:51:53.565,1.4237,1.42378,1.00,1.75
2016.12.08 06:51:55.141,1.42368,1.42378,1.00,2.06
2016.12.08 06:51:55.294,1.42367,1.42375,1.00,1.56
2016.12.08 06:51:55.344,1.42365,1.42374,1.00,1.62
2016.12.08 06:51:55.446,1.42365,1.42375,1.00,3.00
2016.12.08 06:51:55.983,1.42365,1.42374,1.00,1.75
2016.12.08 06:51:56.135,1.42366,1.42375,1.00,3.00
2016.12.08 06:51:57.431,1.42365,1.42374,1.00,1.62
2016.12.08 06:51:57.654,1.42366,1.42374,1.00,1.62
2016.12.08 06:51:58.564,1.42365,1.42374,1.00,1.62
2016.12.08 06:52:02.166,1.42366,1.42374,1.00,1.62
2016.12.08 06:52:02.267,1.42366,1.42377,1.00,1.00
2016.12.08 06:52:02.455,1.42369,1.42383,1.00,2.81
2016.12.08 06:52:05.831,1.4237,1.42383,1.00,2.06
2016.12.08 06:52:06.458,1.42363,1.42384,1.00,3.00
2016.12.08 06:52:06.945,1.42362,1.42383,1.00,3.94
2016.12.08 06:52:07.046,1.4236,1.42381,1.12,1.75
2016.12.08 06:52:07.752,1.42361,1.4238,1.00,1.75
2016.12.08 06:52:08.446,1.42359,1.42382,2.25,3.00
2016.12.08 06:52:09.175,1.42361,1.42382,1.00,3.00
2016.12.08 06:52:09.687,1.42359,1.42382,2.25,3.00
2016.12.08 06:52:10.217,1.42361,1.4238,1.00,1.75
2016.12.08 06:52:11.001,1.42359,1.42381,2.25,1.75
2016.12.08 06:52:11.614,1.42361,1.42381,1.00,1.75
2016.12.08 06:52:12.972,1.42359,1.42381,2.25,1.75
2016.12.08 06:52:13.699,1.42361,1.42381,1.00,1.75
2016.12.08 06:52:14.422,1.42359,1.42381,2.25,1.75
2016.12.08 06:52:15.188,1.42361,1.42381,1.00,1.75
2016.12.08 06:52:16.311,1.42359,1.42381,2.25,1.75
2016.12.08 06:52:17.797,1.42361,1.42382,1.00,1.75
2016.12.08 06:52:18.143,1.42361,1.42381,1.00,2.62
2016.12.08 06:52:19.969,1.4236,1.42381,1.50,2.62
2016.12.08 06:52:20.417,1.42361,1.42382,1.00,4.12
2016.12.08 06:52:22.971,1.4236,1.42382,1.87,4.12
2016.12.08 06:52:23.520,1.42361,1.42382,1.00,4.12
2016.12.08 06:52:24.093,1.4236,1.42382,1.87,4.12
2016.12.08 06:52:24.648,1.42361,1.42382,1.00,4.12
2016.12.08 06:52:26.663,1.4236,1.42382,1.87,4.12
2016.12.08 06:52:27.211,1.42361,1.42382,1.00,4.12
2016.12.08 06:52:27.964,1.4236,1.42381,1.12,1.75
2016.12.08 06:52:28.065,1.42359,1.42375,1.50,1.00
2016.12.08 06:52:28.368,1.42358,1.42373,1.00,1.31
2016.12.08 06:52:28.671,1.42358,1.42374,1.00,4.12
2016.12.08 06:52:29.000,1.42358,1.42374,1.00,1.75
2016.12.08 06:52:33.038,1.42358,1.42374,1.00,1.31
2016.12.08 06:52:36.020,1.42358,1.42374,1.00,1.31
2016.12.08 06:52:39.606,1.42357,1.42373,1.00,2.25
2016.12.08 06:52:39.966,1.42354,1.42373,1.00,2.06
2016.12.08 06:52:41.128,1.42354,1.42369,1.50,1.00
2016.12.08 06:52:41.229,1.42353,1.4237,1.00,1.31
2016.12.08 06:52:41.355,1.42353,1.42369,1.00,1.12
2016.12.08 06:52:41.911,1.42352,1.42374,1.12,2.81
2016.12.08 06:52:49.461,1.42352,1.42374,2.25,1.75
2016.12.08 06:52:52.860,1.42351,1.42372,1.50,1.75
2016.12.08 06:52:53.254,1.42351,1.42369,1.50,1.69
2016.12.08 06:52:53.406,1.42349,1.42368,1.50,1.31
2016.12.08 06:52:59.785,1.42358,1.42368,1.00,1.31
2016.12.08 06:53:00.276,1.42358,1.42366,1.00,1.31
2016.12.08 06:53:00.887,1.42357,1.42366,1.00,1.31
2016.12.08 06:53:02.231,1.42355,1.42365,1.00,1.62
2016.12.08 06:53:02.433,1.4235,1.4237,1.50,3.37
2016.12.08 06:53:02.484,1.4235,1.42367,1.50,1.00
2016.12.08 06:53:04.204,1.42349,1.42367,1.00,1.00
2016.12.08 06:53:04.356,1.42346,1.42368,1.50,3.00
2016.12.08 06:53:04.893,1.42344,1.42365,1.87,1.75
2016.12.08 06:53:05.310,1.42352,1.42365,1.00,2.25
2016.12.08 06:53:06.196,1.4235,1.42364,1.00,1.75
2016.12.08 06:53:06.424,1.42352,1.42364,1.00,3.00
2016.12.08 06:53:06.727,1.42347,1.4236,1.00,1.75
2016.12.08 06:53:07.174,1.42347,1.4236,1.00,2.25
2016.12.08 06:53:10.177,1.42347,1.42363,1.00,2.62
2016.12.08 06:53:10.279,1.42347,1.42364,1.00,1.75
2016.12.08 06:53:12.938,1.42346,1.42364,1.00,2.25
2016.12.08 06:53:13.040,1.42351,1.42364,1.00,1.75
2016.12.08 06:53:13.242,1.42348,1.42363,1.00,1.69
2016.12.08 06:53:13.293,1.42348,1.42359,1.00,3.75
2016.12.08 06:53:13.835,1.42347,1.42359,1.00,3.75
2016.12.08 06:53:14.704,1.42346,1.42359,1.00,3.75
2016.12.08 06:53:15.370,1.42346,1.4236,1.00,1.25
2016.12.08 06:53:15.549,1.42352,1.42362,1.00,1.31
2016.12.08 06:53:16.309,1.42353,1.42363,1.00,5.25
2016.12.08 06:53:18.666,1.42353,1.42363,1.00,1.50
2016.12.08 06:53:19.223,1.42352,1.42363,1.00,1.50
2016.12.08 06:53:19.588,1.42352,1.42364,1.00,4.12
2016.12.08 06:53:20.291,1.42352,1.42364,1.00,4.12
2016.12.08 06:53:22.928,1.42342,1.42363,2.62,1.75
2016.12.08 06:53:23.433,1.42343,1.42363,1.00,1.75
2016.12.08 06:53:30.792,1.42342,1.42363,2.62,1.75
2016.12.08 06:53:32.656,1.42343,1.4236,1.00,1.62
2016.12.08 06:53:41.779,1.42341,1.42361,1.87,2.06
2016.12.08 06:53:41.930,1.42341,1.42358,1.00,1.62
2016.12.08 06:53:42.933,1.42341,1.42358,1.00,1.31
2016.12.08 06:53:43.454,1.42339,1.42358,1.50,1.31
2016.12.08 06:53:43.939,1.42338,1.42356,1.00,1.31
2016.12.08 06:53:47.476,1.42348,1.42355,1.00,1.62
2016.12.08 06:53:48.248,1.42347,1.42355,1.00,1.62
2016.12.08 06:53:48.797,1.42347,1.42357,1.00,1.31
2016.12.08 06:53:53.173,1.42345,1.42357,1.00,1.31
2016.12.08 06:54:00.252,1.42345,1.42359,1.00,6.00
2016.12.08 06:54:00.403,1.42337,1.42359,1.50,6.00
2016.12.08 06:54:12.595,1.42348,1.42357,1.00,3.75
2016.12.08 06:54:12.697,1.42343,1.42356,1.00,3.00
2016.12.08 06:54:12.798,1.42343,1.42355,1.00,1.00
2016.12.08 06:54:13.326,1.42344,1.42355,1.00,1.50
2016.12.08 06:54:13.719,1.42336,1.42355,1.00,1.50
2016.12.08 06:54:13.770,1.42335,1.42355,1.87,1.75
2016.12.08 06:54:14.080,1.42344,1.42355,1.00,1.75
2016.12.08 06:54:16.223,1.42335,1.42356,1.87,4.50
2016.12.08 06:54:16.774,1.42336,1.42356,1.00,3.75
2016.12.08 06:54:17.223,1.42344,1.42356,1.00,3.75
2016.12.08 06:54:18.599,1.42337,1.42356,1.00,3.75
2016.12.08 06:54:19.763,1.42335,1.42354,1.12,1.75
2016.12.08 06:54:19.814,1.42339,1.42353,1.00,1.75
2016.12.08 06:54:20.119,1.42339,1.42353,1.00,6.00
2016.12.08 06:54:20.902,1.42338,1.42352,1.00,3.75
2016.12.08 06:54:21.250,1.42341,1.42352,1.00,3.75
2016.12.08 06:54:25.283,1.4234,1.42353,1.00,6.75
2016.12.08 06:54:28.495,1.42338,1.42347,1.00,1.25
2016.12.08 06:54:28.647,1.42338,1.42347,1.00,1.69
2016.12.08 06:54:29.529,1.42334,1.42346,1.00,1.56
2016.12.08 06:54:30.589,1.42336,1.42346,1.00,1.56
2016.12.08 06:54:33.772,1.42336,1.42346,1.00,1.56
2016.12.08 06:54:35.162,1.42336,1.42346,1.00,1.56
2016.12.08 06:54:35.212,1.4233,1.42346,2.25,1.56
2016.12.08 06:54:35.263,1.42332,1.42346,1.00,1.00
2016.12.08 06:54:35.314,1.42334,1.42346,1.50,1.00
2016.12.08 06:54:35.516,1.42337,1.42354,1.00,1.75
2016.12.08 06:54:36.023,1.42338,1.42354,1.00,1.75
2016.12.08 06:54:37.828,1.42338,1.42356,1.00,1.75
2016.12.08 06:54:40.449,1.42334,1.42354,1.75,1.12
2016.12.08 06:54:49.425,1.42337,1.42355,1.00,2.25
2016.12.08 06:54:50.020,1.42336,1.42354,1.00,1.75
2016.12.08 06:54:50.420,1.42336,1.42354,1.00,2.25
2016.12.08 06:54:55.358,1.42333,1.42354,1.12,2.25
2016.12.08 06:55:01.528,1.42334,1.42354,1.00,2.25
2016.12.08 06:55:01.731,1.42338,1.42355,1.00,2.00
2016.12.08 06:55:01.833,1.42339,1.42356,1.00,1.94
2016.12.08 06:55:01.979,1.42337,1.42358,1.50,2.44
2016.12.08 06:55:02.032,1.42337,1.42358,1.75,2.06
2016.12.08 06:55:02.133,1.42337,1.42358,1.75,2.44
2016.12.08 06:55:02.234,1.42337,1.42358,1.12,2.44
2016.12.08 06:55:02.853,1.42338,1.42357,1.00,1.94
2016.12.08 06:55:03.434,1.42337,1.42357,1.87,1.75
2016.12.08 06:55:15.064,1.42334,1.42355,3.00,1.75
2016.12.08 06:55:15.685,1.42337,1.42357,1.00,2.25
2016.12.08 06:55:21.754,1.42338,1.42356,1.00,1.75
2016.12.08 06:55:25.048,1.42337,1.42356,1.00,1.75
2016.12.08 06:55:26.350,1.42338,1.42357,1.00,3.00
2016.12.08 06:55:32.785,1.42337,1.42357,1.00,3.00
2016.12.08 06:55:37.160,1.42338,1.42356,1.00,2.25
2016.12.08 06:55:42.982,1.42336,1.42356,2.25,1.75
2016.12.08 06:55:43.896,1.42337,1.42357,1.00,3.00
2016.12.08 06:55:45.903,1.42336,1.42356,1.50,1.75
2016.12.08 06:55:46.971,1.42337,1.42357,1.50,1.75
2016.12.08 06:55:47.123,1.42337,1.42358,1.12,3.75
2016.12.08 06:55:47.174,1.42344,1.42358,1.00,3.75
2016.12.08 06:55:47.275,1.42337,1.42357,1.12,1.75
2016.12.08 06:55:47.677,1.42344,1.42358,1.00,3.00
2016.12.08 06:55:48.957,1.42344,1.42353,1.00,1.00
2016.12.08 06:55:49.110,1.42335,1.42355,2.25,1.50
2016.12.08 06:55:49.211,1.42342,1.42355,1.00,1.50
2016.12.08 06:55:50.892,1.42343,1.42356,1.00,1.75
2016.12.08 06:55:52.193,1.42342,1.42357,1.00,2.25
2016.12.08 06:55:55.325,1.42344,1.42357,1.00,2.25
2016.12.08 06:55:55.590,1.42342,1.42357,1.00,2.25
2016.12.08 06:55:56.718,1.42341,1.42358,1.00,2.25
2016.12.08 06:55:57.155,1.42341,1.42355,1.00,3.37
2016.12.08 06:55:57.642,1.42341,1.42355,1.00,1.75
2016.12.08 06:56:04.028,1.42341,1.42355,1.00,3.37
2016.12.08 06:56:05.354,1.42341,1.42356,1.00,3.00
2016.12.08 06:56:07.631,1.42343,1.42356,1.00,1.75
2016.12.08 06:56:07.783,1.42345,1.42363,1.00,1.75
2016.12.08 06:56:07.935,1.42348,1.42362,1.00,1.31
2016.12.08 06:56:08.087,1.42348,1.42364,1.00,1.31
2016.12.08 06:56:08.238,1.42356,1.42364,1.00,1.62
2016.12.08 06:56:08.390,1.42356,1.42367,1.00,1.00
2016.12.08 06:56:08.492,1.42355,1.42373,2.25,1.31
2016.12.08 06:56:08.595,1.42355,1.42373,1.50,2.06
2016.12.08 06:56:08.646,1.42355,1.42369,1.12,1.00
2016.12.08 06:56:08.949,1.42353,1.42367,1.00,1.56
2016.12.08 06:56:09.051,1.42351,1.42367,1.00,1.56
2016.12.08 06:56:11.444,1.42351,1.42365,1.00,1.31
2016.12.08 06:56:11.967,1.4235,1.42365,1.00,1.31
2016.12.08 06:56:13.154,1.4235,1.42365,1.00,1.31
2016.12.08 06:56:15.748,1.42351,1.42365,1.00,1.31
2016.12.08 06:56:15.821,1.42351,1.42365,1.00,1.56
2016.12.08 06:56:16.335,1.42352,1.42368,1.00,2.06
2016.12.08 06:56:16.386,1.42352,1.42368,1.50,1.31
2016.12.08 06:56:16.487,1.42352,1.4237,3.00,1.25
2016.12.08 06:56:16.746,1.42357,1.4237,1.00,1.25
2016.12.08 06:56:17.261,1.42356,1.4237,1.00,1.25
2016.12.08 06:56:17.311,1.42354,1.4237,1.00,1.25
2016.12.08 06:56:19.158,1.42359,1.4237,1.00,1.25
2016.12.08 06:56:19.411,1.42362,1.42382,1.56,4.12
2016.12.08 06:56:19.512,1.42362,1.42382,2.06,3.37
2016.12.08 06:56:19.563,1.42365,1.42382,1.00,1.75
2016.12.08 06:56:19.766,1.42365,1.42383,1.00,2.00
2016.12.08 06:56:19.867,1.42365,1.42382,1.00,2.25
2016.12.08 06:56:20.400,1.42365,1.42382,1.00,4.12
2016.12.08 06:56:20.809,1.42365,1.42382,1.00,2.25
2016.12.08 06:56:21.115,1.42363,1.42381,1.00,1.75
2016.12.08 06:56:21.317,1.42365,1.42381,1.00,1.75
2016.12.08 06:56:21.865,1.42366,1.42382,1.00,2.25
2016.12.08 06:56:23.638,1.42369,1.42381,1.00,1.75
2016.12.08 06:56:24.268,1.4236,1.4238,2.25,1.50
2016.12.08 06:56:26.920,1.42364,1.42382,1.50,1.75
2016.12.08 06:56:27.223,1.42368,1.42385,1.00,2.25
2016.12.08 06:56:27.534,1.42372,1.42385,1.00,2.62
2016.12.08 06:56:27.686,1.42372,1.42384,1.00,1.00
2016.12.08 06:56:28.194,1.42371,1.42384,1.00,1.00
2016.12.08 06:56:29.242,1.42372,1.42384,1.00,1.00
2016.12.08 06:56:29.750,1.42366,1.42387,1.50,2.81
2016.12.08 06:56:30.028,1.42371,1.42387,1.00,3.56
2016.12.08 06:56:30.342,1.42366,1.42384,1.50,1.12
2016.12.08 06:56:30.393,1.42363,1.42381,3.37,1.00
2016.12.08 06:56:30.595,1.42362,1.4238,1.00,1.75
2016.12.08 06:56:30.696,1.42362,1.4238,1.00,1.75
2016.12.08 06:56:30.848,1.42359,1.4238,1.12,1.75
2016.12.08 06:56:31.132,1.42362,1.4238,1.00,1.75
2016.12.08 06:56:32.331,1.42364,1.4238,1.00,1.75
2016.12.08 06:56:35.365,1.42362,1.42379,1.00,1.75
2016.12.08 06:56:38.169,1.42361,1.42379,1.00,1.75
2016.12.08 06:56:38.422,1.42361,1.42383,3.00,3.75
2016.12.08 06:56:42.201,1.42368,1.42382,1.00,1.50
2016.12.08 06:56:44.606,1.42368,1.4238,1.00,1.00
2016.12.08 06:56:44.657,1.42359,1.42379,1.75,1.50
2016.12.08 06:56:44.707,1.42358,1.42376,3.37,1.50
2016.12.08 06:56:44.758,1.4236,1.42374,1.00,1.00
2016.12.08 06:56:44.910,1.42352,1.42373,3.37,1.87
2016.12.08 06:56:44.961,1.42352,1.42373,1.50,2.25
2016.12.08 06:56:46.254,1.42357,1.42372,1.00,2.25
2016.12.08 06:56:46.557,1.42355,1.42375,1.12,2.25
2016.12.08 06:56:46.658,1.42357,1.42375,1.00,2.25
2016.12.08 06:56:46.912,1.42359,1.42375,1.00,1.00
2016.12.08 06:56:47.064,1.42359,1.42379,1.50,3.00
2016.12.08 06:56:48.925,1.42357,1.42376,1.75,1.00
2016.12.08 06:56:49.026,1.42357,1.42376,1.50,2.25
2016.12.08 06:56:49.330,1.42357,1.42374,1.00,1.75
2016.12.08 06:56:49.729,1.4236,1.42374,1.00,1.75
2016.12.08 06:56:50.080,1.42362,1.42376,1.00,1.75
2016.12.08 06:56:50.562,1.4236,1.42377,1.00,2.25
2016.12.08 06:56:58.261,1.42362,1.42376,1.00,2.25
2016.12.08 06:57:00.076,1.42358,1.42376,1.00,1.75
2016.12.08 06:57:05.770,1.42357,1.42376,1.12,2.44
2016.12.08 06:57:09.464,1.42357,1.42376,1.37,2.44
2016.12.08 06:57:10.769,1.42357,1.42371,1.00,1.00
2016.12.08 06:57:11.073,1.42357,1.4237,1.00,2.25
2016.12.08 06:57:11.124,1.42349,1.4237,1.12,3.00
2016.12.08 06:57:12.348,1.42348,1.42365,1.50,1.00
2016.12.08 06:57:12.853,1.42348,1.42364,1.00,1.00
2016.12.08 06:57:13.576,1.42347,1.42364,1.50,1.00
2016.12.08 06:57:14.077,1.42346,1.42364,1.00,1.00
2016.12.08 06:57:14.904,1.42345,1.42364,3.00,1.00
2016.12.08 06:57:19.071,1.42347,1.42364,1.00,1.69
2016.12.08 06:57:19.572,1.42348,1.42364,1.00,1.25
2016.12.08 06:57:19.824,1.42349,1.42369,1.12,3.94
2016.12.08 06:57:21.978,1.42351,1.42369,1.00,2.00
2016.12.08 06:57:22.380,1.42354,1.4237,1.00,1.94
2016.12.08 06:57:22.616,1.42348,1.4237,1.50,2.44
2016.12.08 06:57:22.819,1.42351,1.42367,1.00,1.31
2016.12.08 06:57:25.494,1.42351,1.42369,1.00,3.94
2016.12.08 06:57:25.612,1.42354,1.42369,1.00,2.00
2016.12.08 06:57:25.916,1.42355,1.42372,1.00,1.75
2016.12.08 06:57:26.017,1.42355,1.42375,1.00,3.94
2016.12.08 06:57:26.531,1.42354,1.42373,1.12,1.75
2016.12.08 06:57:29.408,1.42353,1.42372,1.00,2.25
2016.12.08 06:57:43.108,1.42356,1.42373,1.00,3.00
2016.12.08 06:57:44.309,1.42354,1.42373,1.00,1.75
2016.12.08 06:57:45.056,1.42354,1.42372,1.00,1.75
2016.12.08 06:57:48.250,1.42356,1.42371,1.00,1.75
2016.12.08 06:57:51.552,1.42353,1.42371,1.00,1.75
2016.12.08 06:57:51.653,1.42353,1.4237,1.00,1.75
2016.12.08 06:57:51.754,1.42353,1.4237,1.00,1.50
2016.12.08 06:58:00.251,1.42353,1.42367,1.00,1.00
2016.12.08 06:58:00.758,1.42352,1.42371,1.00,1.75
2016.12.08 06:58:01.267,1.42353,1.42367,1.00,1.00
2016.12.08 06:58:01.369,1.42348,1.42368,1.50,1.75
2016.12.08 06:58:01.571,1.42348,1.42369,1.00,3.00
2016.12.08 06:58:01.874,1.42348,1.42365,1.00,1.31
2016.12.08 06:58:02.654,1.4235,1.42365,1.00,1.31
2016.12.08 06:58:03.558,1.42346,1.42367,1.50,1.75
2016.12.08 06:58:04.072,1.42348,1.42368,1.00,2.00
2016.12.08 06:58:04.958,1.42348,1.42367,1.50,1.75
2016.12.08 06:58:05.138,1.42351,1.42366,1.00,2.06
2016.12.08 06:58:05.955,1.42351,1.42363,1.00,1.25
2016.12.08 06:58:06.157,1.42345,1.42363,1.50,1.25
2016.12.08 06:58:06.573,1.42348,1.42363,1.00,1.00
2016.12.08 06:58:07.138,1.42346,1.42363,1.00,1.19
2016.12.08 06:58:10.909,1.42344,1.42363,1.50,1.19
2016.12.08 06:58:11.417,1.42344,1.42363,1.50,1.25
2016.12.08 06:58:13.271,1.42346,1.42363,1.00,1.25
2016.12.08 06:58:16.237,1.42346,1.42363,1.00,1.19
2016.12.08 06:58:16.761,1.42346,1.42363,1.50,1.00
2016.12.08 06:58:17.380,1.42346,1.42363,1.00,1.19
2016.12.08 06:58:21.911,1.42345,1.42365,1.12,2.06
2016.12.08 06:58:25.950,1.42346,1.42365,1.00,1.31
2016.12.08 06:58:26.497,1.42345,1.42365,1.75,2.06
2016.12.08 06:58:28.287,1.42351,1.42363,1.00,1.19
2016.12.08 06:58:36.712,1.4235,1.42363,1.00,1.19
2016.12.08 06:58:40.173,1.42351,1.42367,1.00,1.31
2016.12.08 06:58:45.057,1.42351,1.42366,1.00,1.69
2016.12.08 06:58:45.570,1.42352,1.42366,1.00,1.69
2016.12.08 06:58:47.180,1.42351,1.42366,1.00,1.69
2016.12.08 06:58:47.688,1.42352,1.42366,1.00,1.69
2016.12.08 06:58:48.974,1.42352,1.42366,1.00,1.31
2016.12.08 06:58:56.629,1.42351,1.42366,1.00,2.06
2016.12.08 06:58:57.708,1.4235,1.42364,1.00,1.25
2016.12.08 06:58:58.068,1.4235,1.42364,1.00,1.56
2016.12.08 06:58:58.582,1.4235,1.42368,1.00,2.44
2016.12.08 06:59:01.424,1.42351,1.42365,1.00,1.31
2016.12.08 06:59:08.834,1.4235,1.42365,1.00,1.69
2016.12.08 06:59:08.885,1.4235,1.42365,1.00,2.06
2016.12.08 06:59:11.150,1.42348,1.42365,1.00,1.31
2016.12.08 06:59:12.325,1.42348,1.42366,1.00,1.31
2016.12.08 06:59:12.839,1.42348,1.42366,1.50,1.56
2016.12.08 06:59:16.077,1.4235,1.42368,1.00,2.25
2016.12.08 06:59:16.595,1.42351,1.42366,1.00,1.56
2016.12.08 06:59:16.701,1.42351,1.42366,1.00,1.31
2016.12.08 06:59:21.219,1.42347,1.42366,1.00,1.31
2016.12.08 06:59:21.421,1.42348,1.42368,1.50,2.25
2016.12.08 06:59:21.750,1.42354,1.42371,1.00,2.25
2016.12.08 06:59:22.140,1.42354,1.42371,1.00,2.25
2016.12.08 06:59:22.292,1.42354,1.4237,1.00,1.00
2016.12.08 06:59:27.734,1.42354,1.42372,1.00,3.00
2016.12.08 06:59:31.631,1.42356,1.42372,1.00,3.00
2016.12.08 06:59:31.934,1.42356,1.42372,1.00,1.75
2016.12.08 06:59:32.966,1.42357,1.42372,1.00,1.75
2016.12.08 06:59:34.732,1.42353,1.42369,1.00,2.25
2016.12.08 06:59:34.833,1.42349,1.42367,1.37,1.56
2016.12.08 06:59:35.136,1.42349,1.42367,1.00,2.25
2016.12.08 06:59:35.710,1.4235,1.42367,1.00,2.25
2016.12.08 06:59:36.249,1.42349,1.42367,1.00,2.25
2016.12.08 06:59:37.452,1.42349,1.42368,1.00,2.25
2016.12.08 06:59:37.755,1.42354,1.42368,1.00,2.25
2016.12.08 06:59:38.268,1.42353,1.4237,1.00,3.37
2016.12.08 06:59:38.630,1.42354,1.42367,1.00,1.00
2016.12.08 06:59:38.883,1.42351,1.42367,1.00,1.00
2016.12.08 06:59:43.049,1.4235,1.42367,2.25,1.00
2016.12.08 06:59:45.341,1.42351,1.42367,1.00,1.25
2016.12.08 06:59:46.781,1.4235,1.42367,1.50,1.25
2016.12.08 06:59:47.351,1.4236,1.42367,1.00,1.25
2016.12.08 06:59:47.541,1.4235,1.42367,1.50,1.25
2016.12.08 06:59:48.223,1.4235,1.42367,2.25,1.56
2016.12.08 06:59:48.809,1.42351,1.42367,1.00,1.56
2016.12.08 06:59:48.913,1.42351,1.42367,1.00,1.56
2016.12.08 06:59:49.348,1.4235,1.42367,1.00,1.56
2016.12.08 06:59:49.893,1.42351,1.42367,1.00,1.31
2016.12.08 06:59:50.425,1.42352,1.42367,1.00,1.31
2016.12.08 06:59:51.094,1.42351,1.42367,1.50,1.31
2016.12.08 06:59:51.683,1.42351,1.42367,1.50,1.25
2016.12.08 06:59:51.961,1.42358,1.42367,1.00,1.25
2016.12.08 06:59:52.113,1.42358,1.42371,1.00,1.94
2016.12.08 06:59:52.654,1.42359,1.42373,1.00,2.81
2016.12.08 06:59:53.743,1.42359,1.42371,1.00,1.56
2016.12.08 06:59:54.267,1.4236,1.42373,1.00,1.31
2016.12.08 06:59:54.851,1.4236,1.42374,1.00,2.06
2016.12.08 06:59:56.071,1.4236,1.42374,1.00,1.56
2016.12.08 06:59:56.173,1.42362,1.42378,1.00,2.81
2016.12.08 06:59:56.376,1.42362,1.42378,1.00,2.06
2016.12.08 06:59:56.477,1.42366,1.42378,1.00,1.56
2016.12.08 06:59:56.681,1.42363,1.42378,1.00,1.56
2016.12.08 06:59:57.209,1.42362,1.42378,1.00,2.81
2016.12.08 06:59:57.421,1.42362,1.42378,1.00,2.81
2016.12.08 06:59:58.763,1.42363,1.42378,1.00,2.44
