2018.04.09 02:00:00.529,1.56741,1.56761,1.50,1.00
2018.04.09 02:00:01.307,1.5674,1.5676,1.87,1.00
2018.04.09 02:00:02.458,1.5674,1.5676,1.75,1.00
2018.04.09 02:00:02.560,1.5674,1.5676,1.00,1.00
2018.04.09 02:00:03.763,1.56741,1.56761,1.00,1.50
2018.04.09 02:00:04.280,1.56741,1.56761,1.50,1.00
2018.04.09 02:00:04.889,1.56742,1.56762,1.50,1.00
2018.04.09 02:00:05.404,1.56742,1.56762,1.00,1.00
2018.04.09 02:00:05.820,1.56742,1.56762,1.75,1.00
2018.04.09 02:00:07.402,1.56742,1.56762,1.00,1.00
2018.04.09 02:00:07.948,1.56742,1.56761,1.12,1.00
2018.04.09 02:00:08.153,1.5674,1.5676,1.00,1.00
2018.04.09 02:00:08.892,1.5674,1.56762,1.12,3.00
2018.04.09 02:00:09.277,1.5674,1.5676,1.50,1.00
2018.04.09 02:00:09.823,1.5674,1.5676,1.12,1.00
2018.04.09 02:00:10.360,1.5674,1.5676,1.75,1.00
2018.04.09 02:00:10.986,1.5674,1.5676,1.12,1.00
2018.04.09 02:00:11.396,1.56741,1.56761,1.37,1.00
2018.04.09 02:00:11.943,1.56741,1.56761,1.12,1.00
2018.04.09 02:00:13.576,1.56743,1.56761,1.00,1.00
2018.04.09 02:00:13.762,1.56742,1.56763,1.12,1.00
2018.04.09 02:00:14.004,1.56742,1.56764,2.44,1.00
2018.04.09 02:00:14.182,1.56742,1.56764,2.44,1.00
2018.04.09 02:00:14.234,1.56742,1.56762,1.50,1.00
2018.04.09 02:00:15.385,1.56742,1.56762,1.50,1.00
2018.04.09 02:00:16.782,1.56742,1.56762,1.50,1.00
2018.04.09 02:00:17.398,1.56742,1.56762,1.50,1.00
2018.04.09 02:00:21.408,1.56742,1.56762,1.50,1.00
2018.04.09 02:00:21.996,1.56742,1.56762,1.00,1.00
2018.04.09 02:00:23.536,1.56745,1.56764,1.00,1.00
2018.04.09 02:00:24.349,1.56745,1.56764,1.50,1.00
2018.04.09 02:00:24.401,1.56743,1.56763,2.44,1.00
2018.04.09 02:00:25.318,1.56743,1.56763,3.37,1.00
2018.04.09 02:00:27.448,1.56743,1.56763,1.50,1.00
2018.04.09 02:00:29.011,1.56743,1.56763,1.75,1.00
2018.04.09 02:00:29.062,1.56743,1.56763,1.50,1.00
2018.04.09 02:00:29.269,1.56743,1.56763,3.37,1.00
2018.04.09 02:00:29.678,1.56742,1.56764,1.75,1.00
2018.04.09 02:00:29.883,1.56742,1.56764,1.12,1.00
2018.04.09 02:00:30.652,1.56742,1.56764,1.50,1.00
2018.04.09 02:00:31.261,1.56741,1.56763,2.25,1.00
2018.04.09 02:00:32.301,1.56741,1.56763,1.87,1.00
2018.04.09 02:00:32.515,1.56741,1.56763,2.25,1.00
2018.04.09 02:00:33.499,1.56741,1.56763,2.25,1.00
2018.04.09 02:00:34.777,1.56741,1.56763,4.12,1.00
2018.04.09 02:00:35.085,1.56742,1.56761,1.00,1.00
2018.04.09 02:00:35.602,1.56741,1.5676,1.75,1.00
2018.04.09 02:00:36.143,1.56739,1.56757,2.00,1.00
2018.04.09 02:00:36.195,1.56738,1.56757,1.12,1.00
2018.04.09 02:00:36.401,1.56739,1.56759,1.00,1.50
2018.04.09 02:00:36.722,1.5674,1.5676,1.50,1.00
2018.04.09 02:00:37.229,1.5674,1.5676,1.00,1.00
2018.04.09 02:00:37.669,1.56741,1.56762,1.50,1.00
2018.04.09 02:00:37.984,1.5674,1.5676,1.12,1.00
2018.04.09 02:00:38.494,1.5674,1.56762,1.00,1.00
2018.04.09 02:00:39.183,1.5674,1.56762,1.50,1.50
2018.04.09 02:00:39.779,1.5674,1.56762,1.50,1.50
2018.04.09 02:00:40.137,1.56743,1.56763,1.00,2.25
2018.04.09 02:00:40.842,1.56744,1.56763,1.00,1.00
2018.04.09 02:00:43.306,1.56744,1.56763,1.50,1.00
2018.04.09 02:00:43.409,1.56744,1.56763,1.00,1.00
2018.04.09 02:00:43.462,1.56746,1.56764,1.00,1.00
2018.04.09 02:00:43.566,1.56748,1.56768,1.50,1.50
2018.04.09 02:00:43.618,1.56748,1.56768,1.75,1.00
2018.04.09 02:00:43.760,1.56749,1.56769,1.00,1.50
2018.04.09 02:00:44.742,1.56747,1.56767,1.12,1.00
2018.04.09 02:00:45.054,1.56742,1.56762,1.00,1.00
2018.04.09 02:00:49.076,1.56745,1.56763,1.00,1.00
2018.04.09 02:00:49.282,1.56743,1.56763,1.00,1.50
2018.04.09 02:00:49.794,1.56742,1.56762,1.00,1.00
2018.04.09 02:00:50.643,1.56743,1.56763,1.00,2.25
2018.04.09 02:00:52.247,1.56743,1.56765,1.12,1.50
2018.04.09 02:00:53.108,1.56746,1.56765,1.00,1.00
2018.04.09 02:00:53.631,1.56745,1.56765,1.50,1.00
2018.04.09 02:00:54.336,1.56744,1.56764,1.00,1.00
2018.04.09 02:00:54.899,1.56742,1.56762,1.12,1.00
2018.04.09 02:00:55.433,1.56742,1.56763,1.00,1.00
2018.04.09 02:00:55.739,1.56745,1.56764,1.00,1.00
2018.04.09 02:00:55.841,1.56742,1.56762,1.00,1.00
2018.04.09 02:00:55.943,1.56743,1.56763,2.44,1.00
2018.04.09 02:00:56.247,1.56742,1.56761,2.62,1.00
2018.04.09 02:00:56.758,1.56741,1.5676,1.00,1.00
2018.04.09 02:00:56.911,1.56739,1.56759,5.06,1.00
2018.04.09 02:00:57.116,1.5674,1.56759,1.12,1.00
2018.04.09 02:00:57.219,1.56741,1.56761,1.00,1.00
2018.04.09 02:00:57.754,1.56741,1.56761,1.37,1.00
2018.04.09 02:00:58.266,1.56741,1.56761,1.12,1.00
2018.04.09 02:00:58.521,1.56741,1.56761,1.75,1.00
2018.04.09 02:00:58.625,1.56741,1.56761,1.00,1.50
2018.04.09 02:00:59.167,1.5674,1.5676,1.00,1.00
2018.04.09 02:00:59.701,1.5674,1.56759,1.00,1.00
2018.04.09 02:00:59.753,1.56738,1.5676,1.00,2.25
2018.04.09 02:01:00.055,1.5674,1.56759,1.00,1.00
2018.04.09 02:01:00.393,1.56734,1.56754,2.44,1.00
2018.04.09 02:01:00.668,1.56737,1.56757,1.00,1.50
2018.04.09 02:01:00.720,1.56738,1.56757,1.75,1.00
2018.04.09 02:01:00.824,1.56738,1.56758,1.00,1.00
2018.04.09 02:01:01.745,1.56738,1.56758,1.50,1.00
2018.04.09 02:01:01.798,1.56735,1.56753,1.25,1.50
2018.04.09 02:01:01.906,1.56733,1.56754,1.00,1.50
2018.04.09 02:01:03.208,1.56733,1.56754,1.50,1.00
2018.04.09 02:01:03.737,1.56735,1.56755,1.00,1.50
2018.04.09 02:01:04.413,1.56733,1.56753,1.00,1.50
2018.04.09 02:01:07.407,1.56731,1.56751,1.75,1.00
2018.04.09 02:01:07.459,1.56731,1.56751,1.00,1.00
2018.04.09 02:01:08.535,1.56731,1.56751,1.50,1.00
2018.04.09 02:01:09.143,1.56731,1.56751,1.12,1.00
2018.04.09 02:01:13.380,1.56731,1.56751,1.50,1.50
2018.04.09 02:01:13.930,1.56737,1.56755,1.00,1.00
2018.04.09 02:01:13.982,1.56737,1.56757,1.00,1.00
2018.04.09 02:01:14.033,1.56735,1.56755,1.00,1.00
2018.04.09 02:01:14.527,1.56733,1.56753,1.50,1.00
2018.04.09 02:01:15.074,1.56734,1.56754,1.00,1.50
2018.04.09 02:01:15.584,1.56733,1.56753,1.00,1.00
2018.04.09 02:01:16.012,1.56735,1.56755,1.00,1.00
2018.04.09 02:01:16.563,1.56734,1.56756,3.37,2.25
2018.04.09 02:01:17.076,1.56735,1.56755,1.50,1.00
2018.04.09 02:01:17.811,1.56737,1.56756,2.62,1.50
2018.04.09 02:01:17.864,1.56737,1.56758,3.37,1.00
2018.04.09 02:01:17.917,1.56737,1.56758,1.00,1.00
2018.04.09 02:01:18.123,1.56739,1.56759,1.12,1.50
2018.04.09 02:01:20.115,1.56738,1.56757,1.50,1.00
2018.04.09 02:01:20.643,1.56738,1.56758,1.12,1.25
2018.04.09 02:01:20.972,1.56738,1.5676,2.25,2.25
2018.04.09 02:01:22.237,1.56738,1.5676,1.87,2.25
2018.04.09 02:01:22.290,1.56741,1.56761,1.00,1.25
2018.04.09 02:01:22.797,1.56741,1.56761,1.50,1.00
2018.04.09 02:01:23.316,1.56741,1.56761,1.12,1.00
2018.04.09 02:01:23.625,1.56744,1.56761,1.00,1.00
2018.04.09 02:01:24.614,1.56744,1.56757,1.00,1.00
2018.04.09 02:01:24.667,1.5674,1.56757,1.00,1.00
2018.04.09 02:01:24.720,1.5674,1.56755,1.00,1.00
2018.04.09 02:01:24.772,1.56738,1.56755,1.00,1.50
2018.04.09 02:01:25.283,1.56737,1.56754,1.00,1.00
2018.04.09 02:01:26.316,1.56737,1.56753,1.00,1.00
2018.04.09 02:01:27.467,1.56737,1.56756,1.50,1.25
2018.04.09 02:01:27.572,1.56739,1.56758,1.00,2.25
2018.04.09 02:01:27.880,1.56741,1.56758,1.00,1.50
2018.04.09 02:01:28.190,1.56739,1.56755,1.00,1.00
2018.04.09 02:01:28.346,1.56735,1.56752,1.00,1.00
2018.04.09 02:01:28.971,1.56735,1.56753,1.00,1.00
2018.04.09 02:01:29.177,1.56737,1.56753,1.00,1.00
2018.04.09 02:01:33.605,1.56734,1.56751,1.00,1.00
2018.04.09 02:01:33.916,1.56734,1.56753,1.50,1.00
2018.04.09 02:01:34.021,1.56738,1.56756,1.00,1.00
2018.04.09 02:01:34.331,1.56741,1.56758,1.00,1.50
2018.04.09 02:01:34.484,1.56739,1.56758,1.00,1.50
2018.04.09 02:01:35.176,1.56738,1.56757,1.12,1.00
2018.04.09 02:01:35.686,1.56738,1.56758,1.87,1.00
2018.04.09 02:01:35.737,1.56737,1.56754,1.37,1.00
2018.04.09 02:01:35.788,1.56735,1.56754,1.50,1.00
2018.04.09 02:01:36.144,1.56736,1.56756,1.50,1.50
2018.04.09 02:01:36.676,1.56737,1.56756,1.50,1.50
2018.04.09 02:01:37.518,1.56736,1.56754,1.00,1.00
2018.04.09 02:01:37.984,1.56734,1.56754,1.00,1.00
2018.04.09 02:01:38.524,1.56734,1.56753,1.00,1.00
2018.04.09 02:01:39.042,1.56734,1.56754,1.12,1.00
2018.04.09 02:01:39.196,1.56732,1.56752,1.12,1.00
2018.04.09 02:01:39.610,1.56734,1.56754,1.00,3.00
2018.04.09 02:01:39.800,1.5673,1.56749,1.50,1.00
2018.04.09 02:01:39.954,1.5673,1.56751,1.12,1.00
2018.04.09 02:01:40.160,1.56733,1.56753,1.00,1.00
2018.04.09 02:01:40.469,1.56731,1.56753,1.50,1.00
2018.04.09 02:01:40.522,1.56731,1.56751,1.50,1.00
2018.04.09 02:01:41.078,1.5673,1.5675,1.00,1.00
2018.04.09 02:01:41.969,1.5673,1.56749,1.00,1.00
2018.04.09 02:01:42.479,1.5673,1.5675,1.00,1.00
2018.04.09 02:01:43.003,1.56732,1.56752,1.00,1.50
2018.04.09 02:01:43.672,1.56731,1.56751,1.00,1.00
2018.04.09 02:01:47.762,1.5673,1.5675,1.00,1.00
2018.04.09 02:01:48.072,1.56729,1.56748,1.00,1.00
2018.04.09 02:01:48.766,1.56728,1.56748,1.00,1.00
2018.04.09 02:01:49.288,1.56729,1.56748,1.00,1.00
2018.04.09 02:01:50.023,1.5673,1.5675,1.00,1.00
2018.04.09 02:01:52.084,1.56729,1.56749,1.00,1.00
2018.04.09 02:01:52.188,1.56728,1.56747,1.00,1.00
2018.04.09 02:01:52.404,1.56729,1.5675,1.00,1.50
2018.04.09 02:01:52.924,1.5673,1.5675,1.00,1.00
2018.04.09 02:01:54.017,1.56732,1.5675,1.00,1.00
2018.04.09 02:01:54.490,1.56729,1.56748,2.25,1.00
2018.04.09 02:01:54.542,1.56731,1.5675,1.00,1.00
2018.04.09 02:01:54.705,1.56731,1.5675,1.50,1.00
2018.04.09 02:01:54.809,1.56731,1.5675,1.00,1.00
2018.04.09 02:01:55.065,1.56731,1.56751,3.37,1.00
2018.04.09 02:01:55.615,1.56731,1.56751,1.50,1.00
2018.04.09 02:01:56.706,1.56731,1.56751,1.00,1.00
2018.04.09 02:01:57.233,1.5673,1.5675,2.25,1.00
2018.04.09 02:01:57.729,1.5673,1.5675,1.87,1.00
2018.04.09 02:01:57.833,1.5673,1.5675,3.19,1.00
2018.04.09 02:01:59.007,1.56731,1.5675,1.00,1.00
2018.04.09 02:01:59.110,1.56732,1.56751,1.75,1.00
2018.04.09 02:01:59.955,1.56732,1.56752,1.75,1.00
2018.04.09 02:02:00.464,1.56734,1.56753,1.87,1.00
2018.04.09 02:02:01.483,1.56734,1.56754,1.75,1.00
2018.04.09 02:02:01.689,1.56734,1.56754,1.00,1.00
2018.04.09 02:02:09.732,1.56734,1.56754,4.31,1.00
2018.04.09 02:02:10.692,1.56734,1.56754,2.06,1.12
2018.04.09 02:02:10.801,1.56734,1.56754,1.75,1.00
2018.04.09 02:02:10.956,1.56734,1.56754,1.12,1.00
2018.04.09 02:02:16.041,1.56734,1.56754,1.37,1.00
2018.04.09 02:02:19.403,1.56734,1.56754,1.12,1.00
2018.04.09 02:02:19.454,1.56733,1.56752,1.50,1.00
2018.04.09 02:02:19.866,1.56732,1.56751,1.50,1.00
2018.04.09 02:02:20.050,1.56732,1.5675,3.37,1.00
2018.04.09 02:02:20.815,1.56732,1.5675,1.00,1.00
2018.04.09 02:02:21.215,1.56732,1.56752,1.50,1.00
2018.04.09 02:02:23.530,1.56733,1.56753,1.87,1.00
2018.04.09 02:02:23.582,1.56733,1.56753,4.12,1.00
2018.04.09 02:02:24.100,1.56734,1.56753,1.00,1.00
2018.04.09 02:02:24.432,1.56734,1.56753,1.75,1.00
2018.04.09 02:02:29.998,1.56734,1.56753,1.00,1.00
2018.04.09 02:02:33.340,1.56735,1.56755,1.50,1.00
2018.04.09 02:02:33.393,1.56737,1.56756,4.31,1.00
2018.04.09 02:02:33.498,1.56737,1.56756,2.25,1.00
2018.04.09 02:02:33.602,1.56742,1.56758,1.00,1.00
2018.04.09 02:02:34.135,1.56738,1.56757,1.87,1.00
2018.04.09 02:02:34.886,1.56738,1.56756,1.00,1.00
2018.04.09 02:02:34.938,1.56738,1.56753,1.00,1.00
2018.04.09 02:02:34.991,1.56737,1.56756,1.50,1.00
2018.04.09 02:02:35.043,1.56737,1.56755,1.75,1.00
2018.04.09 02:02:35.146,1.56736,1.56755,1.00,1.12
2018.04.09 02:02:36.987,1.56736,1.56754,1.00,1.00
2018.04.09 02:02:37.451,1.56736,1.56751,1.00,1.00
2018.04.09 02:02:37.503,1.56734,1.56751,1.50,1.00
2018.04.09 02:02:37.606,1.56732,1.5675,1.00,1.00
2018.04.09 02:02:37.658,1.56732,1.5675,1.50,1.00
2018.04.09 02:02:37.761,1.56732,1.5675,1.00,1.00
2018.04.09 02:02:38.312,1.56732,1.56749,1.50,1.00
2018.04.09 02:02:38.879,1.56732,1.56749,1.00,1.00
2018.04.09 02:02:39.392,1.56732,1.5675,1.12,1.00
2018.04.09 02:02:40.239,1.56732,1.5675,1.37,1.00
2018.04.09 02:02:40.988,1.56732,1.5675,1.00,1.00
2018.04.09 02:02:41.499,1.56733,1.56749,1.00,1.00
2018.04.09 02:02:41.872,1.5673,1.56748,1.12,1.00
2018.04.09 02:02:42.027,1.56728,1.56744,1.50,1.00
2018.04.09 02:02:42.079,1.56729,1.56746,1.12,1.00
2018.04.09 02:02:42.233,1.56731,1.56748,1.00,1.00
2018.04.09 02:02:42.859,1.56731,1.56747,1.00,1.00
2018.04.09 02:02:43.770,1.56732,1.56747,1.00,1.00
2018.04.09 02:02:44.144,1.5673,1.56749,1.00,1.00
2018.04.09 02:02:44.467,1.56732,1.56749,1.00,1.00
2018.04.09 02:02:48.066,1.56731,1.56747,1.00,1.00
2018.04.09 02:02:48.220,1.56728,1.56746,1.00,1.00
2018.04.09 02:02:48.323,1.56728,1.56747,1.75,1.00
2018.04.09 02:02:48.984,1.56728,1.56747,1.87,1.00
2018.04.09 02:02:49.257,1.56728,1.56745,1.12,1.00
2018.04.09 02:02:49.310,1.56728,1.56747,1.50,1.00
2018.04.09 02:02:49.363,1.56729,1.56747,1.50,1.00
2018.04.09 02:02:49.528,1.56731,1.56749,1.00,1.00
2018.04.09 02:02:49.783,1.56731,1.56747,1.00,1.00
2018.04.09 02:02:53.412,1.56731,1.56749,1.00,1.00
2018.04.09 02:02:54.068,1.56732,1.56748,1.00,1.00
2018.04.09 02:02:54.222,1.56729,1.56747,1.00,1.00
2018.04.09 02:02:54.274,1.56729,1.56749,1.00,1.50
2018.04.09 02:02:54.377,1.56731,1.56747,1.00,1.00
2018.04.09 02:02:54.891,1.56732,1.56749,1.00,1.00
2018.04.09 02:02:55.746,1.56732,1.56746,1.00,1.00
2018.04.09 02:02:55.900,1.5673,1.56745,1.00,1.00
2018.04.09 02:02:56.159,1.56732,1.56747,1.00,1.00
2018.04.09 02:02:56.211,1.56731,1.56749,1.00,1.00
2018.04.09 02:02:56.739,1.56731,1.56748,1.00,1.00
2018.04.09 02:03:04.295,1.56729,1.56746,1.00,1.00
2018.04.09 02:03:04.606,1.56727,1.56743,1.00,1.00
2018.04.09 02:03:07.629,1.56726,1.56741,1.00,1.00
2018.04.09 02:03:07.836,1.56724,1.5674,1.00,1.00
2018.04.09 02:03:08.046,1.56724,1.56742,1.00,1.00
2018.04.09 02:03:08.303,1.56726,1.56743,1.00,1.00
2018.04.09 02:03:08.846,1.56727,1.56743,1.00,1.00
2018.04.09 02:03:15.056,1.56726,1.56743,1.00,1.00
2018.04.09 02:03:15.650,1.56726,1.56744,1.00,1.00
2018.04.09 02:03:15.860,1.56732,1.56751,1.00,1.00
2018.04.09 02:03:16.386,1.56732,1.56751,1.37,1.00
2018.04.09 02:03:16.701,1.56731,1.56749,1.75,1.00
2018.04.09 02:03:16.855,1.56729,1.56749,1.50,1.00
2018.04.09 02:03:17.360,1.56729,1.56748,1.12,1.00
2018.04.09 02:03:19.963,1.56729,1.56747,1.12,1.00
2018.04.09 02:03:20.018,1.56729,1.56745,1.00,1.00
2018.04.09 02:03:20.225,1.56724,1.56742,1.00,1.00
2018.04.09 02:03:20.741,1.56723,1.56742,1.00,1.00
2018.04.09 02:03:21.679,1.56724,1.56742,1.00,1.00
2018.04.09 02:03:22.188,1.56724,1.56743,1.00,1.00
2018.04.09 02:03:26.818,1.56724,1.56743,3.37,1.00
2018.04.09 02:03:26.870,1.56724,1.56743,1.12,1.00
2018.04.09 02:03:28.563,1.56725,1.56743,1.50,1.00
2018.04.09 02:03:29.078,1.56724,1.56744,1.50,1.00
2018.04.09 02:03:29.610,1.56725,1.56744,1.00,1.00
2018.04.09 02:03:30.381,1.56724,1.56743,1.00,1.00
2018.04.09 02:03:30.588,1.56723,1.56741,1.12,1.00
2018.04.09 02:03:30.640,1.56723,1.56743,1.12,1.00
2018.04.09 02:03:30.744,1.56722,1.56741,1.00,1.00
2018.04.09 02:03:31.052,1.56719,1.5674,2.25,1.87
2018.04.09 02:03:31.154,1.5672,1.5674,1.50,1.00
2018.04.09 02:03:31.693,1.56723,1.56742,1.00,1.50
2018.04.09 02:03:32.205,1.56722,1.56742,1.87,1.00
2018.04.09 02:03:33.131,1.56723,1.56742,1.00,1.00
2018.04.09 02:03:34.476,1.56722,1.56742,1.50,1.00
2018.04.09 02:03:35.141,1.56723,1.56742,1.00,1.00
2018.04.09 02:03:35.729,1.56723,1.56743,1.00,1.12
2018.04.09 02:03:36.037,1.56725,1.56744,1.00,1.00
2018.04.09 02:03:36.606,1.56724,1.56744,1.50,1.00
2018.04.09 02:03:37.550,1.56724,1.56743,1.00,1.00
2018.04.09 02:03:38.173,1.56724,1.56744,1.00,1.00
2018.04.09 02:03:38.861,1.56723,1.56743,1.87,1.00
2018.04.09 02:03:40.887,1.56724,1.56744,1.00,1.00
2018.04.09 02:03:42.572,1.56724,1.56743,1.50,1.00
2018.04.09 02:03:42.777,1.56723,1.56743,2.25,1.00
2018.04.09 02:03:43.241,1.56725,1.56744,1.12,1.00
2018.04.09 02:03:43.786,1.56723,1.56742,1.50,1.00
2018.04.09 02:03:44.294,1.56725,1.56744,1.00,1.50
2018.04.09 02:03:45.166,1.56725,1.56745,1.12,1.00
2018.04.09 02:03:45.348,1.56725,1.56746,1.75,1.25
2018.04.09 02:03:45.909,1.56725,1.56745,3.37,1.00
2018.04.09 02:03:46.440,1.56725,1.56745,1.00,1.00
2018.04.09 02:03:47.441,1.56725,1.56745,1.50,1.00
2018.04.09 02:03:48.407,1.56725,1.56745,1.00,1.00
2018.04.09 02:03:49.394,1.56725,1.56745,1.37,1.00
2018.04.09 02:03:50.398,1.56725,1.56745,1.00,1.00
2018.04.09 02:03:50.655,1.56727,1.56746,1.00,1.25
2018.04.09 02:03:51.748,1.56728,1.56748,1.00,1.19
2018.04.09 02:03:51.902,1.56728,1.56749,1.00,1.19
2018.04.09 02:03:52.424,1.56728,1.56747,1.50,1.00
2018.04.09 02:03:52.630,1.56727,1.56746,1.00,1.00
2018.04.09 02:03:53.131,1.56726,1.56745,1.00,1.00
2018.04.09 02:03:53.286,1.56724,1.56738,1.00,1.00
2018.04.09 02:03:53.338,1.56724,1.56741,1.00,1.00
2018.04.09 02:03:53.596,1.56723,1.56743,1.00,1.00
2018.04.09 02:03:54.108,1.56722,1.56743,1.00,1.31
2018.04.09 02:03:54.638,1.56723,1.56742,1.00,1.00
2018.04.09 02:03:55.552,1.56722,1.56742,1.00,1.31
2018.04.09 02:03:56.858,1.56722,1.56742,1.00,2.44
2018.04.09 02:03:57.547,1.5672,1.56739,1.00,1.00
2018.04.09 02:03:58.061,1.56719,1.56738,1.00,1.00
2018.04.09 02:03:59.137,1.56718,1.56738,1.12,1.00
2018.04.09 02:03:59.240,1.56716,1.56738,1.00,2.62
2018.04.09 02:03:59.293,1.56718,1.56737,1.00,1.00
2018.04.09 02:04:04.867,1.56718,1.56738,1.00,1.00
2018.04.09 02:04:05.373,1.56719,1.56738,1.00,1.00
2018.04.09 02:04:07.779,1.56717,1.56738,1.00,1.00
2018.04.09 02:04:07.832,1.56716,1.56736,1.00,1.00
2018.04.09 02:04:08.346,1.56715,1.56735,1.00,1.00
2018.04.09 02:04:09.065,1.56716,1.56736,1.00,1.00
2018.04.09 02:04:09.376,1.5671,1.56732,1.50,1.50
2018.04.09 02:04:09.428,1.5671,1.56732,1.00,1.87
2018.04.09 02:04:09.736,1.5671,1.56732,1.75,1.00
2018.04.09 02:04:10.289,1.5671,1.56732,1.75,1.00
2018.04.09 02:04:11.418,1.5671,1.56732,1.00,1.00
2018.04.09 02:04:12.079,1.56712,1.56731,1.50,1.00
2018.04.09 02:04:12.133,1.56714,1.56734,1.00,1.69
2018.04.09 02:04:12.443,1.56716,1.56735,1.37,1.00
2018.04.09 02:04:12.496,1.56715,1.56736,1.00,1.00
2018.04.09 02:04:12.548,1.56717,1.56736,1.00,1.00
2018.04.09 02:04:14.136,1.56716,1.56736,1.00,1.00
2018.04.09 02:04:17.363,1.56716,1.56737,1.12,1.00
2018.04.09 02:04:17.953,1.56717,1.56737,1.00,1.00
2018.04.09 02:04:18.957,1.56716,1.56736,1.00,1.00
2018.04.09 02:04:19.620,1.56716,1.56735,1.00,1.00
2018.04.09 02:04:19.723,1.56714,1.56735,1.50,1.00
2018.04.09 02:04:19.851,1.56716,1.56735,1.00,1.00
2018.04.09 02:04:20.466,1.56716,1.56736,1.00,1.00
2018.04.09 02:04:21.079,1.56715,1.56736,1.00,1.00
2018.04.09 02:04:21.625,1.56716,1.56736,1.00,1.00
2018.04.09 02:04:22.327,1.56715,1.56736,1.00,1.00
2018.04.09 02:04:23.232,1.56719,1.56738,1.00,1.00
2018.04.09 02:04:23.544,1.56715,1.56734,2.25,1.00
2018.04.09 02:04:23.599,1.56714,1.56733,1.12,1.00
2018.04.09 02:04:24.102,1.56713,1.56732,2.25,1.00
2018.04.09 02:04:24.816,1.56713,1.56732,2.25,1.00
2018.04.09 02:04:25.436,1.56713,1.56733,2.25,1.00
2018.04.09 02:04:25.953,1.56713,1.56733,1.87,1.00
2018.04.09 02:04:27.334,1.56714,1.56733,1.00,1.00
2018.04.09 02:04:32.482,1.56713,1.56733,1.87,1.00
2018.04.09 02:04:32.997,1.56712,1.56732,1.00,1.25
2018.04.09 02:04:34.391,1.56712,1.56732,1.37,1.25
2018.04.09 02:04:34.546,1.56711,1.56729,1.12,1.00
2018.04.09 02:04:35.072,1.5671,1.56729,1.00,1.00
2018.04.09 02:04:36.237,1.56707,1.56728,1.75,1.00
2018.04.09 02:04:36.814,1.56707,1.56727,1.75,1.00
2018.04.09 02:04:37.340,1.56709,1.56728,1.50,1.00
2018.04.09 02:04:37.445,1.56713,1.56732,1.00,1.50
2018.04.09 02:04:38.922,1.5671,1.5673,1.00,1.00
2018.04.09 02:04:38.974,1.56709,1.56728,1.00,1.00
2018.04.09 02:04:39.026,1.56707,1.56729,1.00,1.25
2018.04.09 02:04:39.385,1.56707,1.56727,1.00,1.00
2018.04.09 02:04:40.668,1.56709,1.56728,1.00,1.00
2018.04.09 02:04:41.397,1.56707,1.56728,1.00,1.50
2018.04.09 02:04:44.527,1.56707,1.56727,1.00,1.00
2018.04.09 02:04:45.041,1.56707,1.56726,1.12,1.25
2018.04.09 02:04:56.936,1.56707,1.56728,1.00,1.00
2018.04.09 02:04:58.186,1.56708,1.56728,1.00,1.00
2018.04.09 02:04:58.901,1.56708,1.56727,1.00,1.00
2018.04.09 02:05:00.047,1.56707,1.56728,1.00,1.00
2018.04.09 02:05:00.638,1.56708,1.56727,1.00,1.00
2018.04.09 02:05:00.690,1.56712,1.56731,1.00,1.00
2018.04.09 02:05:00.794,1.56715,1.56735,1.00,1.00
2018.04.09 02:05:02.415,1.56716,1.56735,1.00,1.00
2018.04.09 02:05:06.527,1.56715,1.56735,1.00,1.00
2018.04.09 02:05:08.045,1.56716,1.56735,1.00,1.00
2018.04.09 02:05:10.351,1.56714,1.56733,1.75,1.00
2018.04.09 02:05:10.454,1.56716,1.56735,1.00,1.00
2018.04.09 02:05:10.789,1.56717,1.56737,1.00,1.00
2018.04.09 02:05:11.728,1.56718,1.56738,1.00,1.50
2018.04.09 02:05:14.934,1.56721,1.56741,1.00,1.50
2018.04.09 02:05:15.090,1.56718,1.5674,1.00,1.50
2018.04.09 02:05:15.619,1.56719,1.56739,1.00,1.50
2018.04.09 02:05:16.175,1.56719,1.56738,1.00,1.00
2018.04.09 02:05:16.710,1.56719,1.56739,1.00,1.50
2018.04.09 02:05:18.144,1.56719,1.56738,1.00,1.00
2018.04.09 02:05:18.248,1.56716,1.56736,1.00,1.00
2018.04.09 02:05:18.782,1.56717,1.56737,1.00,1.50
2018.04.09 02:05:21.975,1.56716,1.56736,1.00,1.50
2018.04.09 02:05:22.283,1.56718,1.56737,1.00,1.00
2018.04.09 02:05:22.847,1.56718,1.56738,1.00,2.25
2018.04.09 02:05:28.434,1.56718,1.56738,1.50,1.50
2018.04.09 02:05:29.258,1.56719,1.56739,1.00,1.00
2018.04.09 02:05:35.100,1.56718,1.56738,1.00,1.00
2018.04.09 02:05:35.409,1.56717,1.56736,1.00,1.00
2018.04.09 02:05:35.564,1.56713,1.56733,2.25,1.00
2018.04.09 02:05:36.091,1.56712,1.56732,1.00,1.50
2018.04.09 02:05:36.621,1.56713,1.56732,1.00,1.00
2018.04.09 02:05:38.269,1.56715,1.56734,1.00,1.00
2018.04.09 02:05:38.585,1.56717,1.56736,1.00,1.50
2018.04.09 02:05:38.791,1.5672,1.5674,1.50,1.50
2018.04.09 02:05:38.843,1.56722,1.5674,1.00,1.00
2018.04.09 02:05:39.306,1.5672,1.56739,1.00,1.00
2018.04.09 02:05:40.242,1.56718,1.5674,1.50,1.50
2018.04.09 02:05:41.283,1.56718,1.56738,1.50,1.00
2018.04.09 02:05:44.133,1.56719,1.56738,1.00,1.00
2018.04.09 02:05:48.652,1.56719,1.56738,1.37,1.00
2018.04.09 02:05:49.253,1.56719,1.56739,1.00,1.00
2018.04.09 02:05:49.567,1.56715,1.56735,1.50,1.50
2018.04.09 02:05:53.802,1.56715,1.56734,1.00,1.00
2018.04.09 02:05:54.471,1.56715,1.56735,1.50,1.00
2018.04.09 02:05:54.809,1.56717,1.56735,1.00,1.00
2018.04.09 02:05:54.963,1.56717,1.56737,1.00,1.50
2018.04.09 02:05:55.475,1.56716,1.56736,1.50,1.00
2018.04.09 02:05:56.197,1.56718,1.56738,1.00,1.00
2018.04.09 02:05:56.607,1.56717,1.56736,1.50,1.00
2018.04.09 02:05:57.389,1.56717,1.56737,1.50,1.00
2018.04.09 02:06:00.916,1.56718,1.56738,1.00,1.00
2018.04.09 02:06:02.060,1.56719,1.56738,1.00,1.00
2018.04.09 02:06:03.557,1.56719,1.56739,1.50,1.50
2018.04.09 02:06:05.798,1.56718,1.56738,1.00,1.00
2018.04.09 02:06:06.137,1.56715,1.56735,1.50,1.50
2018.04.09 02:06:07.878,1.56715,1.56734,1.00,1.00
2018.04.09 02:06:13.706,1.56714,1.56734,1.00,1.00
2018.04.09 02:06:14.687,1.56716,1.56736,1.00,2.25
2018.04.09 02:06:15.212,1.56715,1.56735,1.00,1.50
2018.04.09 02:06:23.932,1.56714,1.56734,1.00,1.00
2018.04.09 02:06:24.444,1.56714,1.56733,1.00,1.50
2018.04.09 02:06:36.386,1.56714,1.56732,1.00,1.00
2018.04.09 02:06:36.698,1.56714,1.56734,1.00,1.50
2018.04.09 02:06:37.110,1.56712,1.56732,1.00,1.00
2018.04.09 02:06:37.614,1.56711,1.56733,1.50,1.50
2018.04.09 02:06:37.973,1.56713,1.56733,1.00,1.50
2018.04.09 02:06:38.487,1.56713,1.56733,1.00,1.00
2018.04.09 02:06:39.128,1.5672,1.56737,1.00,1.75
2018.04.09 02:06:39.292,1.56722,1.56742,1.00,1.50
2018.04.09 02:06:39.343,1.56722,1.56743,1.00,1.00
2018.04.09 02:06:40.734,1.56723,1.56743,1.00,1.00
2018.04.09 02:06:43.612,1.56723,1.56741,1.00,1.00
2018.04.09 02:06:43.665,1.56721,1.5674,1.00,1.00
2018.04.09 02:06:44.296,1.56721,1.5674,1.50,1.00
2018.04.09 02:06:45.131,1.56721,1.5674,1.12,1.00
2018.04.09 02:06:48.288,1.56722,1.56742,1.00,1.50
2018.04.09 02:06:48.448,1.56723,1.56743,1.00,1.00
2018.04.09 02:06:49.215,1.56723,1.56743,2.25,1.00
2018.04.09 02:06:49.525,1.56723,1.56743,1.50,1.00
2018.04.09 02:06:50.535,1.56723,1.56743,2.25,1.00
2018.04.09 02:06:50.652,1.56723,1.56743,1.50,1.00
2018.04.09 02:06:53.316,1.56723,1.56743,2.25,1.00
2018.04.09 02:06:53.674,1.56723,1.56743,1.50,1.00
2018.04.09 02:06:55.494,1.56723,1.56743,2.25,1.00
2018.04.09 02:06:56.216,1.56723,1.56743,1.50,1.00
2018.04.09 02:06:56.966,1.56724,1.56744,1.12,1.50
2018.04.09 02:06:58.942,1.56724,1.56743,1.00,1.00
2018.04.09 02:06:59.717,1.56724,1.56744,1.12,1.50
2018.04.09 02:07:01.505,1.56725,1.56744,1.00,1.50
2018.04.09 02:07:02.632,1.56724,1.56744,1.75,1.50
2018.04.09 02:07:02.912,1.56724,1.56744,1.00,1.00
2018.04.09 02:07:03.490,1.56724,1.56744,1.75,1.00
2018.04.09 02:07:04.276,1.56724,1.56744,1.00,1.00
2018.04.09 02:07:04.942,1.56723,1.56743,2.25,1.00
2018.04.09 02:07:05.148,1.56723,1.56743,1.50,1.00
2018.04.09 02:07:05.695,1.56722,1.56742,1.87,1.00
2018.04.09 02:07:06.494,1.56723,1.56743,1.12,1.00
2018.04.09 02:07:07.499,1.56723,1.56743,3.00,1.00
2018.04.09 02:07:07.800,1.56723,1.56743,1.87,1.00
2018.04.09 02:07:08.016,1.56723,1.56743,1.87,1.00
2018.04.09 02:07:08.414,1.56723,1.56743,1.50,1.00
2018.04.09 02:07:08.721,1.56723,1.56743,2.25,1.00
2018.04.09 02:07:09.142,1.56723,1.56743,1.50,1.00
2018.04.09 02:07:11.232,1.56723,1.56743,1.50,1.50
2018.04.09 02:07:11.737,1.56723,1.56743,1.50,1.00
2018.04.09 02:07:14.501,1.56723,1.56743,1.50,2.25
2018.04.09 02:07:15.126,1.56723,1.56743,1.50,1.50
2018.04.09 02:07:30.774,1.56723,1.56743,1.00,2.25
2018.04.09 02:07:31.290,1.56724,1.56743,1.00,1.00
2018.04.09 02:07:36.310,1.56723,1.56743,1.00,1.00
2018.04.09 02:07:36.824,1.56724,1.56743,1.00,1.00
2018.04.09 02:07:37.408,1.56724,1.56744,1.00,1.50
2018.04.09 02:07:37.773,1.56722,1.56742,1.12,1.00
2018.04.09 02:07:38.313,1.56723,1.56743,1.00,1.00
2018.04.09 02:07:39.793,1.56724,1.56744,1.00,2.25
2018.04.09 02:07:41.192,1.56723,1.56743,1.00,1.00
2018.04.09 02:07:48.143,1.56724,1.56743,1.00,1.00
2018.04.09 02:07:53.991,1.56723,1.56743,1.00,1.00
2018.04.09 02:08:02.438,1.56724,1.56744,1.00,1.50
2018.04.09 02:08:14.765,1.56724,1.56743,1.00,1.00
2018.04.09 02:08:15.279,1.56723,1.56743,1.00,1.00
2018.04.09 02:08:17.389,1.56722,1.56743,1.00,1.00
2018.04.09 02:08:22.551,1.56724,1.56743,1.00,1.00
2018.04.09 02:08:23.074,1.56724,1.56744,1.00,1.00
2018.04.09 02:08:30.304,1.56723,1.56743,1.12,1.50
2018.04.09 02:08:52.282,1.56724,1.56744,1.00,1.50
2018.04.09 02:08:52.929,1.56725,1.56744,1.00,1.50
2018.04.09 02:09:07.583,1.56725,1.56745,1.12,1.50
2018.04.09 02:09:08.090,1.56724,1.56745,1.75,2.25
2018.04.09 02:09:15.499,1.56724,1.56745,1.75,2.25
2018.04.09 02:09:16.129,1.56725,1.56745,1.50,2.25
2018.04.09 02:09:16.688,1.56727,1.56745,1.00,1.00
2018.04.09 02:09:16.843,1.56729,1.56748,1.00,1.00
2018.04.09 02:09:16.947,1.5673,1.5675,1.00,1.00
2018.04.09 02:09:17.204,1.56732,1.56751,1.00,1.12
2018.04.09 02:09:17.461,1.56733,1.56753,1.00,1.50
2018.04.09 02:09:18.676,1.56733,1.56753,1.75,1.00
2018.04.09 02:09:18.983,1.56733,1.56753,1.00,1.00
2018.04.09 02:09:21.540,1.5673,1.56749,2.25,1.00
2018.04.09 02:09:21.736,1.56722,1.56742,1.50,1.00
2018.04.09 02:09:21.940,1.56722,1.56741,1.00,2.00
2018.04.09 02:09:23.226,1.56722,1.56741,1.00,1.25
2018.04.09 02:09:23.771,1.56721,1.5674,1.00,1.00
2018.04.09 02:09:24.288,1.56721,1.56741,1.37,1.62
2018.04.09 02:09:24.887,1.56721,1.56741,1.75,1.25
2018.04.09 02:09:25.092,1.56722,1.56741,1.00,1.69
2018.04.09 02:09:25.195,1.56722,1.56741,1.00,2.00
2018.04.09 02:09:25.808,1.56722,1.5674,1.00,1.00
2018.04.09 02:09:26.322,1.56722,1.56741,1.00,2.00
2018.04.09 02:09:26.793,1.56721,1.56741,2.25,1.25
2018.04.09 02:09:29.387,1.56721,1.56741,2.25,1.69
2018.04.09 02:09:30.503,1.56721,1.56741,1.50,1.69
2018.04.09 02:09:32.430,1.56721,1.56741,3.37,1.25
2018.04.09 02:09:33.411,1.56725,1.56743,1.00,1.69
2018.04.09 02:09:33.976,1.56722,1.56741,2.62,1.00
2018.04.09 02:09:34.694,1.56722,1.56741,2.62,1.50
2018.04.09 02:09:36.549,1.56722,1.5674,2.25,1.00
2018.04.09 02:09:39.329,1.56722,1.56742,1.50,1.19
2018.04.09 02:09:39.715,1.56721,1.5674,1.12,1.50
2018.04.09 02:09:40.345,1.56721,1.5674,1.00,1.50
2018.04.09 02:09:43.169,1.56722,1.5674,1.00,1.00
2018.04.09 02:09:43.474,1.56722,1.5674,2.62,1.00
2018.04.09 02:09:43.525,1.56722,1.56742,2.62,2.62
2018.04.09 02:09:44.069,1.56722,1.56742,1.12,3.00
2018.04.09 02:09:44.682,1.56722,1.56742,1.00,2.62
2018.04.09 02:09:44.733,1.56722,1.56742,1.00,3.00
2018.04.09 02:09:47.700,1.56722,1.56741,1.00,1.12
2018.04.09 02:09:49.838,1.56722,1.56741,1.00,2.00
2018.04.09 02:09:50.578,1.56722,1.56741,1.00,3.56
2018.04.09 02:09:51.330,1.56722,1.56741,1.00,1.31
2018.04.09 02:09:52.257,1.56722,1.56741,1.00,2.00
2018.04.09 02:09:53.851,1.56722,1.56741,1.12,1.25
2018.04.09 02:09:55.395,1.56722,1.56741,1.00,2.00
2018.04.09 02:09:56.030,1.56722,1.56741,1.12,1.25
2018.04.09 02:09:56.236,1.56722,1.56741,3.37,1.25
2018.04.09 02:09:56.666,1.56722,1.56741,1.12,1.25
2018.04.09 02:10:01.656,1.56722,1.56741,1.37,1.25
2018.04.09 02:10:02.162,1.56722,1.56741,3.37,1.25
2018.04.09 02:10:06.985,1.56726,1.56744,1.00,1.50
2018.04.09 02:10:07.192,1.56724,1.56742,1.12,1.00
2018.04.09 02:10:07.449,1.56725,1.56744,1.00,1.12
2018.04.09 02:10:07.501,1.56727,1.56745,1.00,1.50
2018.04.09 02:10:09.005,1.56726,1.56745,1.00,1.00
2018.04.09 02:10:10.751,1.56725,1.56743,1.50,1.00
2018.04.09 02:10:11.385,1.56725,1.56743,1.37,1.00
2018.04.09 02:10:14.386,1.56725,1.56743,1.12,1.00
2018.04.09 02:10:19.668,1.56725,1.56744,1.00,1.00
2018.04.09 02:10:22.738,1.56723,1.56741,1.50,1.00
2018.04.09 02:10:22.793,1.56722,1.56741,1.00,1.25
2018.04.09 02:10:23.428,1.56722,1.56741,1.50,1.25
2018.04.09 02:10:26.498,1.56722,1.56741,1.75,1.25
2018.04.09 02:10:27.958,1.56722,1.56739,1.75,1.00
2018.04.09 02:10:28.123,1.56716,1.56737,2.25,1.31
2018.04.09 02:10:28.176,1.56721,1.56739,1.00,2.44
2018.04.09 02:10:28.280,1.56721,1.5674,1.75,1.69
2018.04.09 02:10:28.512,1.56724,1.56741,1.75,1.19
2018.04.09 02:10:28.793,1.56724,1.56741,1.00,1.19
2018.04.09 02:10:29.954,1.56722,1.56741,1.50,1.19
2018.04.09 02:10:30.620,1.56722,1.56741,1.00,1.19
2018.04.09 02:10:31.512,1.56722,1.56741,1.00,1.00
2018.04.09 02:10:31.615,1.56724,1.56743,1.00,1.00
2018.04.09 02:10:32.849,1.56724,1.56743,1.37,1.00
2018.04.09 02:10:33.416,1.56724,1.56743,1.00,1.00
2018.04.09 02:10:38.862,1.56724,1.56743,1.75,1.00
2018.04.09 02:10:39.370,1.56725,1.56743,1.00,1.00
2018.04.09 02:10:41.568,1.56725,1.56744,1.50,1.00
2018.04.09 02:10:42.363,1.56725,1.56743,1.00,1.00
2018.04.09 02:10:44.248,1.56725,1.56744,1.00,1.00
2018.04.09 02:10:44.673,1.56725,1.56744,1.75,1.00
2018.04.09 02:10:45.225,1.56724,1.56743,1.75,1.00
2018.04.09 02:10:45.277,1.56724,1.56743,1.50,1.00
2018.04.09 02:10:51.766,1.56724,1.56743,2.25,1.00
2018.04.09 02:10:52.278,1.56724,1.56743,1.50,1.00
2018.04.09 02:10:53.759,1.56725,1.56743,1.00,1.00
2018.04.09 02:10:56.657,1.56726,1.56744,1.00,1.00
2018.04.09 02:11:01.263,1.56723,1.56741,1.50,1.00
2018.04.09 02:11:01.420,1.56721,1.56741,1.00,1.00
2018.04.09 02:11:03.425,1.5672,1.56741,1.50,1.00
2018.04.09 02:11:12.897,1.56722,1.56741,1.00,1.00
2018.04.09 02:11:13.416,1.56722,1.5674,1.50,1.00
2018.04.09 02:11:14.081,1.56721,1.5674,1.00,1.00
2018.04.09 02:11:15.362,1.56722,1.5674,1.00,1.00
2018.04.09 02:11:15.928,1.56721,1.5674,1.00,1.00
2018.04.09 02:11:20.299,1.56721,1.5674,1.37,1.00
2018.04.09 02:11:21.100,1.56721,1.5674,1.75,1.00
2018.04.09 02:11:21.437,1.56721,1.5674,1.00,1.00
2018.04.09 02:11:24.317,1.56721,1.5674,1.50,1.00
2018.04.09 02:11:25.060,1.56721,1.5674,1.50,1.00
2018.04.09 02:11:25.437,1.56721,1.5674,1.00,1.00
2018.04.09 02:11:25.988,1.56721,1.56741,1.00,1.00
2018.04.09 02:11:26.091,1.56721,1.56739,1.00,1.00
2018.04.09 02:11:33.712,1.56721,1.5674,1.00,1.12
2018.04.09 02:11:34.025,1.56725,1.56743,1.00,1.00
2018.04.09 02:11:35.078,1.56725,1.56743,1.50,1.00
2018.04.09 02:11:35.182,1.56724,1.56743,1.50,1.00
2018.04.09 02:11:35.848,1.56725,1.56743,1.00,1.00
2018.04.09 02:11:36.771,1.56724,1.56743,1.50,1.50
2018.04.09 02:11:37.276,1.56725,1.56743,1.00,1.00
2018.04.09 02:11:39.201,1.56724,1.56742,1.50,1.00
2018.04.09 02:11:43.188,1.56722,1.5674,1.12,1.00
2018.04.09 02:11:43.498,1.56721,1.56739,1.00,1.50
2018.04.09 02:11:46.226,1.56722,1.5674,1.00,1.75
2018.04.09 02:11:46.277,1.56724,1.56742,1.00,2.25
2018.04.09 02:11:46.329,1.56724,1.56744,1.00,1.12
2018.04.09 02:11:46.380,1.56726,1.56744,1.00,1.12
2018.04.09 02:11:46.936,1.56727,1.56745,1.00,1.50
2018.04.09 02:11:53.135,1.56726,1.56744,1.00,1.00
2018.04.09 02:11:53.442,1.56724,1.56742,1.00,1.00
2018.04.09 02:11:55.482,1.56719,1.5673,2.00,1.00
2018.04.09 02:11:55.535,1.56719,1.56734,1.00,1.00
2018.04.09 02:11:55.687,1.56716,1.56732,1.00,1.00
2018.04.09 02:11:55.945,1.56713,1.56733,1.50,1.50
2018.04.09 02:11:56.464,1.56713,1.56733,1.50,1.00
2018.04.09 02:11:57.136,1.56713,1.56731,1.00,1.00
2018.04.09 02:11:59.361,1.56713,1.56732,1.00,1.12
2018.04.09 02:12:00.868,1.56713,1.56731,1.00,1.00
2018.04.09 02:12:04.138,1.56713,1.56731,1.00,1.50
2018.04.09 02:12:05.439,1.56713,1.56731,1.00,1.50
2018.04.09 02:12:15.653,1.56712,1.56731,1.12,1.50
2018.04.09 02:12:16.165,1.56712,1.5673,1.00,1.87
2018.04.09 02:12:17.224,1.56712,1.5673,1.00,2.25
2018.04.09 02:12:18.085,1.56712,1.5673,1.00,1.50
2018.04.09 02:12:20.786,1.56712,1.5673,1.00,2.25
2018.04.09 02:12:24.920,1.56712,1.5673,1.00,1.50
2018.04.09 02:12:32.537,1.56711,1.5673,1.00,1.87
2018.04.09 02:12:32.879,1.56711,1.56728,1.50,1.00
2018.04.09 02:12:32.981,1.56712,1.5673,1.00,1.00
2018.04.09 02:12:34.301,1.56714,1.56732,1.50,1.00
2018.04.09 02:12:34.508,1.56721,1.5674,1.00,1.50
2018.04.09 02:12:35.762,1.56721,1.5674,1.37,1.50
2018.04.09 02:12:36.435,1.56721,1.5674,1.00,1.50
2018.04.09 02:12:41.209,1.56721,1.5674,1.50,1.50
2018.04.09 02:12:43.637,1.56721,1.56739,1.50,1.00
2018.04.09 02:12:44.151,1.56721,1.56739,1.00,1.00
2018.04.09 02:12:46.056,1.5672,1.56738,1.00,1.00
2018.04.09 02:12:56.345,1.56717,1.56735,1.00,1.00
2018.04.09 02:12:56.398,1.56718,1.56738,1.00,2.44
2018.04.09 02:12:56.527,1.56719,1.56736,1.00,1.25
2018.04.09 02:12:56.640,1.5672,1.56738,1.00,1.00
2018.04.09 02:13:00.076,1.5672,1.56737,1.00,1.00
2018.04.09 02:13:05.271,1.56721,1.56737,1.00,1.00
2018.04.09 02:13:07.394,1.56721,1.56738,1.00,1.00
2018.04.09 02:13:08.015,1.5672,1.56738,1.00,1.50
2018.04.09 02:13:17.516,1.56722,1.56739,1.00,1.00
2018.04.09 02:13:18.700,1.56722,1.5674,1.00,1.00
2018.04.09 02:13:22.685,1.56721,1.56739,1.00,1.00
2018.04.09 02:13:22.788,1.56719,1.56739,1.00,1.00
2018.04.09 02:13:24.124,1.5672,1.56739,1.00,1.50
2018.04.09 02:13:24.278,1.56722,1.5674,1.00,1.00
2018.04.09 02:13:24.827,1.56722,1.56739,1.00,1.00
2018.04.09 02:13:25.452,1.56721,1.56739,1.00,1.00
2018.04.09 02:13:26.002,1.56722,1.56739,1.00,1.00
2018.04.09 02:13:27.859,1.56722,1.5674,1.00,1.50
2018.04.09 02:13:28.399,1.56722,1.56739,1.00,1.00
2018.04.09 02:13:31.843,1.5672,1.56739,1.00,1.00
2018.04.09 02:13:55.436,1.5672,1.56737,1.00,1.00
2018.04.09 02:13:56.051,1.56719,1.56737,1.00,1.00
2018.04.09 02:13:56.601,1.5672,1.56737,1.00,1.00
2018.04.09 02:14:04.309,1.5672,1.56739,1.00,1.00
2018.04.09 02:14:04.361,1.56723,1.5674,1.00,1.12
2018.04.09 02:14:04.465,1.56727,1.56745,1.00,1.00
2018.04.09 02:14:05.015,1.56726,1.56745,1.50,1.50
2018.04.09 02:14:19.271,1.56727,1.56745,1.00,1.00
2018.04.09 02:14:30.620,1.56724,1.56743,1.50,1.00
2018.04.09 02:14:30.723,1.56721,1.5674,1.12,1.12
2018.04.09 02:14:31.266,1.56721,1.5674,1.00,2.25
2018.04.09 02:14:32.602,1.56721,1.5674,1.00,1.50
2018.04.09 02:14:33.114,1.56721,1.5674,1.50,1.50
2018.04.09 02:14:33.780,1.56721,1.5674,1.00,1.50
2018.04.09 02:14:39.549,1.56726,1.56743,1.00,1.50
2018.04.09 02:14:39.601,1.56724,1.56743,1.12,1.50
2018.04.09 02:14:39.654,1.56728,1.56745,1.00,1.75
2018.04.09 02:14:39.706,1.56726,1.56745,1.75,1.25
2018.04.09 02:14:40.208,1.56727,1.56746,1.50,1.87
2018.04.09 02:14:40.379,1.56727,1.56746,1.00,2.25
2018.04.09 02:14:40.759,1.56727,1.56746,1.50,1.87
2018.04.09 02:14:41.189,1.56727,1.56746,1.00,2.25
2018.04.09 02:14:41.979,1.56727,1.56746,1.37,2.25
2018.04.09 02:14:42.405,1.56726,1.56745,1.00,1.50
2018.04.09 02:14:46.176,1.56726,1.56745,1.75,1.00
2018.04.09 02:14:46.530,1.56725,1.56743,1.00,1.00
2018.04.09 02:14:47.043,1.56723,1.56742,2.44,1.00
2018.04.09 02:14:47.265,1.56723,1.56742,1.69,1.00
2018.04.09 02:14:47.614,1.56723,1.56742,2.25,1.00
2018.04.09 02:14:47.666,1.56725,1.56744,1.12,1.00
2018.04.09 02:14:48.203,1.56725,1.56744,1.50,1.00
2018.04.09 02:14:48.850,1.56725,1.56743,1.50,1.00
2018.04.09 02:14:49.398,1.56725,1.56743,1.12,1.00
2018.04.09 02:14:52.207,1.56727,1.56746,1.00,1.69
2018.04.09 02:14:52.259,1.56727,1.56746,1.00,1.31
2018.04.09 02:14:52.415,1.56728,1.56747,1.37,1.19
2018.04.09 02:14:52.850,1.56727,1.56746,1.37,1.31
2018.04.09 02:14:52.902,1.56727,1.56746,1.12,1.31
2018.04.09 02:14:53.226,1.56727,1.56746,1.75,1.31
2018.04.09 02:14:54.206,1.56727,1.56746,1.75,1.19
2018.04.09 02:14:56.028,1.56727,1.56746,1.00,1.69
2018.04.09 02:14:56.637,1.56727,1.56746,1.00,1.69
2018.04.09 02:14:56.791,1.56727,1.56746,3.00,1.31
2018.04.09 02:14:58.559,1.56727,1.56746,1.50,1.25
2018.04.09 02:14:59.157,1.56727,1.56746,1.00,1.69
2018.04.09 02:14:59.638,1.56725,1.56739,1.75,1.00
2018.04.09 02:14:59.742,1.5672,1.56739,1.50,1.00
2018.04.09 02:15:00.265,1.5672,1.56739,1.50,1.00
2018.04.09 02:15:00.646,1.56721,1.5674,2.62,1.00
2018.04.09 02:15:01.194,1.5672,1.56741,1.75,2.06
2018.04.09 02:15:03.229,1.56722,1.5674,1.50,1.25
2018.04.09 02:15:08.531,1.56722,1.5674,1.00,1.25
2018.04.09 02:15:08.845,1.56724,1.56741,1.00,1.19
2018.04.09 02:15:09.105,1.56722,1.56741,1.00,1.69
2018.04.09 02:15:10.462,1.56722,1.56741,1.00,2.44
2018.04.09 02:15:10.966,1.56722,1.56741,1.00,1.87
2018.04.09 02:15:12.050,1.56721,1.56739,1.12,1.00
2018.04.09 02:15:12.594,1.56721,1.5674,1.50,1.00
2018.04.09 02:15:13.233,1.56721,1.5674,1.75,1.00
2018.04.09 02:15:14.390,1.56721,1.5674,1.12,1.25
2018.04.09 02:15:17.340,1.56719,1.56738,1.50,1.00
2018.04.09 02:15:18.244,1.5672,1.56738,1.75,1.00
2018.04.09 02:15:18.755,1.5672,1.56738,2.25,1.00
2018.04.09 02:15:19.399,1.5672,1.56738,1.75,1.00
2018.04.09 02:15:19.942,1.56721,1.56738,1.00,1.00
2018.04.09 02:15:20.522,1.5672,1.56738,2.25,1.00
2018.04.09 02:15:20.676,1.56723,1.56741,1.00,1.31
2018.04.09 02:15:20.728,1.56724,1.56741,2.62,1.19
2018.04.09 02:15:20.935,1.56722,1.5674,1.50,1.00
2018.04.09 02:15:21.484,1.56721,1.56739,1.00,1.00
2018.04.09 02:15:21.713,1.5672,1.56739,3.37,1.00
2018.04.09 02:15:21.978,1.5672,1.56739,1.75,1.00
2018.04.09 02:15:24.570,1.56723,1.56741,1.00,1.69
2018.04.09 02:15:24.692,1.56723,1.56741,1.75,1.37
2018.04.09 02:15:24.952,1.56722,1.56741,1.75,1.87
2018.04.09 02:15:27.614,1.56722,1.56741,1.50,1.69
2018.04.09 02:15:28.171,1.56724,1.56741,1.12,1.19
2018.04.09 02:15:29.482,1.56723,1.56741,1.50,1.25
2018.04.09 02:15:29.636,1.56725,1.56741,1.50,1.00
2018.04.09 02:15:29.739,1.56722,1.56741,1.50,1.25
2018.04.09 02:15:29.842,1.56724,1.56741,1.50,1.25
2018.04.09 02:15:32.030,1.56727,1.56744,1.50,1.00
2018.04.09 02:15:32.134,1.56727,1.56745,1.75,1.25
2018.04.09 02:15:32.186,1.56727,1.56747,1.75,1.69
2018.04.09 02:15:32.501,1.56728,1.56747,1.00,2.44
2018.04.09 02:15:32.707,1.56726,1.56745,1.00,2.44
2018.04.09 02:15:33.225,1.56726,1.56744,1.00,1.50
2018.04.09 02:15:33.734,1.56726,1.56743,1.00,1.00
2018.04.09 02:15:34.042,1.56728,1.56747,1.12,2.06
2018.04.09 02:15:34.146,1.56728,1.56747,1.75,1.69
2018.04.09 02:15:35.021,1.56728,1.56747,1.12,1.69
2018.04.09 02:15:35.139,1.56728,1.56747,1.75,1.69
2018.04.09 02:15:35.313,1.56728,1.56747,1.12,2.06
2018.04.09 02:15:35.388,1.56728,1.56747,1.37,1.69
2018.04.09 02:15:36.671,1.56728,1.56747,1.12,2.44
2018.04.09 02:15:37.217,1.56729,1.56747,1.00,2.06
2018.04.09 02:15:37.330,1.56731,1.56747,1.00,1.31
2018.04.09 02:15:37.381,1.56729,1.56748,1.00,2.44
2018.04.09 02:15:37.432,1.56729,1.56748,1.75,1.69
2018.04.09 02:15:37.688,1.5673,1.56748,1.00,1.50
2018.04.09 02:15:38.202,1.56729,1.56747,1.75,1.25
2018.04.09 02:15:38.877,1.5673,1.56747,1.00,1.25
2018.04.09 02:15:39.388,1.5673,1.56747,1.12,1.19
2018.04.09 02:15:39.910,1.5673,1.56745,1.12,1.00
2018.04.09 02:15:40.931,1.56729,1.56745,1.00,1.00
2018.04.09 02:15:44.081,1.56734,1.56748,1.00,2.06
2018.04.09 02:15:44.134,1.56734,1.56749,1.00,1.19
2018.04.09 02:15:44.240,1.56729,1.56747,1.00,1.37
2018.04.09 02:15:45.736,1.56728,1.56745,1.00,1.25
2018.04.09 02:15:46.419,1.56729,1.56748,1.75,1.69
2018.04.09 02:15:46.932,1.56728,1.56747,1.75,1.69
2018.04.09 02:15:47.035,1.56728,1.56747,1.00,1.69
2018.04.09 02:15:47.330,1.56728,1.56747,1.75,1.69
2018.04.09 02:15:48.704,1.56729,1.56747,1.50,1.69
2018.04.09 02:15:50.393,1.56729,1.56747,1.00,1.69
2018.04.09 02:15:52.445,1.56729,1.56747,1.00,1.69
2018.04.09 02:15:53.146,1.56729,1.56747,1.50,1.69
2018.04.09 02:15:54.442,1.56729,1.56747,1.00,1.69
2018.04.09 02:15:56.494,1.56729,1.56747,1.50,1.69
2018.04.09 02:15:56.962,1.5673,1.56749,3.37,1.00
2018.04.09 02:15:57.068,1.56729,1.56749,1.12,2.44
2018.04.09 02:15:57.172,1.56727,1.56745,1.50,1.00
2018.04.09 02:15:57.555,1.56727,1.56745,3.37,1.00
2018.04.09 02:15:58.074,1.56727,1.56744,2.62,1.00
2018.04.09 02:15:58.282,1.56728,1.56746,1.37,1.87
2018.04.09 02:15:58.823,1.56728,1.56746,1.00,1.50
2018.04.09 02:15:59.511,1.56728,1.56746,1.50,1.00
2018.04.09 02:15:59.613,1.56728,1.56746,2.25,1.00
2018.04.09 02:16:00.183,1.56727,1.56746,1.87,1.00
2018.04.09 02:16:00.286,1.56727,1.56746,4.12,1.00
2018.04.09 02:16:02.440,1.56727,1.56747,1.87,1.25
2018.04.09 02:16:03.867,1.56729,1.56747,1.50,1.12
2018.04.09 02:16:03.921,1.56732,1.56751,1.00,2.81
2018.04.09 02:16:03.974,1.56736,1.56751,1.00,1.12
2018.04.09 02:16:04.027,1.56736,1.56754,1.00,2.25
2018.04.09 02:16:04.564,1.56736,1.56754,1.50,1.00
2018.04.09 02:16:05.874,1.56736,1.56754,1.50,1.19
2018.04.09 02:16:06.341,1.56735,1.56755,1.50,1.00
2018.04.09 02:16:06.393,1.56734,1.56755,2.25,1.00
2018.04.09 02:16:09.952,1.56734,1.56752,1.50,1.19
2018.04.09 02:16:10.269,1.56735,1.56752,2.62,1.00
2018.04.09 02:16:10.646,1.56735,1.56754,2.62,1.00
2018.04.09 02:16:11.400,1.56735,1.56754,2.62,1.00
2018.04.09 02:16:11.503,1.56735,1.56754,3.37,1.00
2018.04.09 02:16:12.480,1.56734,1.56754,5.06,1.00
2018.04.09 02:16:13.200,1.56735,1.56753,1.50,1.00
2018.04.09 02:16:14.440,1.56735,1.56753,1.75,1.00
2018.04.09 02:16:14.491,1.56735,1.56753,3.37,1.00
2018.04.09 02:16:16.400,1.56735,1.56753,2.25,1.00
2018.04.09 02:16:16.661,1.56735,1.56755,1.69,1.00
2018.04.09 02:16:16.713,1.56739,1.56755,1.00,1.00
2018.04.09 02:16:17.249,1.56735,1.56753,3.37,1.00
2018.04.09 02:16:18.290,1.56735,1.56753,1.37,1.00
2018.04.09 02:16:18.392,1.56734,1.56752,1.50,1.00
2018.04.09 02:16:22.809,1.56734,1.56752,1.50,1.00
2018.04.09 02:16:23.371,1.56734,1.56752,1.00,1.00
2018.04.09 02:16:26.447,1.56735,1.56753,1.00,1.12
2018.04.09 02:16:26.702,1.56737,1.56755,1.50,1.25
2018.04.09 02:16:27.011,1.56739,1.56756,2.62,1.00
2018.04.09 02:16:27.345,1.56738,1.56754,2.62,1.00
2018.04.09 02:16:27.397,1.56736,1.56754,3.00,1.00
2018.04.09 02:16:28.354,1.56737,1.56754,2.62,1.00
2018.04.09 02:16:28.938,1.56737,1.56755,1.50,1.00
2018.04.09 02:16:29.245,1.56737,1.56755,4.87,1.00
2018.04.09 02:16:29.348,1.56737,1.56755,4.12,1.00
2018.04.09 02:16:29.862,1.56738,1.56755,2.62,1.00
2018.04.09 02:16:30.440,1.56737,1.56755,1.12,1.00
2018.04.09 02:16:30.753,1.56737,1.56754,1.75,1.00
2018.04.09 02:16:31.291,1.56737,1.56754,1.75,1.00
2018.04.09 02:16:31.816,1.56737,1.56754,1.37,1.00
2018.04.09 02:16:32.699,1.56737,1.56754,1.12,1.00
2018.04.09 02:16:33.507,1.56735,1.56751,1.12,1.00
2018.04.09 02:16:34.039,1.56735,1.5675,1.00,1.00
2018.04.09 02:16:34.256,1.56735,1.56752,1.00,1.00
2018.04.09 02:16:34.358,1.56735,1.5675,1.00,1.00
2018.04.09 02:16:34.917,1.56734,1.5675,1.00,1.00
2018.04.09 02:16:37.171,1.56734,1.56751,1.00,1.00
2018.04.09 02:16:39.200,1.56734,1.5675,1.00,1.00
2018.04.09 02:16:40.036,1.56734,1.5675,1.37,1.00
2018.04.09 02:16:40.537,1.56734,1.5675,1.12,1.00
2018.04.09 02:16:41.449,1.56736,1.56751,1.00,1.00
2018.04.09 02:16:41.758,1.56736,1.56753,1.12,1.00
2018.04.09 02:16:42.092,1.56736,1.56753,2.25,1.00
2018.04.09 02:16:42.195,1.56736,1.56753,1.50,1.00
2018.04.09 02:16:42.403,1.56736,1.56753,2.25,1.00
2018.04.09 02:16:43.114,1.56737,1.56753,1.75,1.00
2018.04.09 02:16:47.447,1.56736,1.56753,2.25,1.00
2018.04.09 02:16:47.966,1.56736,1.56753,2.25,1.00
2018.04.09 02:16:48.558,1.56736,1.56753,1.50,1.00
2018.04.09 02:16:49.242,1.56736,1.56754,1.37,1.50
2018.04.09 02:16:49.950,1.56736,1.56754,1.50,1.50
2018.04.09 02:16:50.771,1.56736,1.56754,4.12,1.50
2018.04.09 02:16:51.237,1.56737,1.56754,1.50,1.00
2018.04.09 02:16:51.339,1.56737,1.56754,1.75,1.00
2018.04.09 02:16:51.871,1.56736,1.56755,4.12,1.00
2018.04.09 02:16:52.417,1.56736,1.56755,4.12,1.00
2018.04.09 02:16:53.062,1.56736,1.56754,4.12,1.00
2018.04.09 02:17:02.581,1.56736,1.56754,2.25,1.00
2018.04.09 02:17:02.888,1.56736,1.56754,5.62,1.00
2018.04.09 02:17:03.642,1.56737,1.56755,1.75,1.00
2018.04.09 02:17:04.352,1.56737,1.56755,1.50,1.00
2018.04.09 02:17:05.438,1.56737,1.56755,1.75,1.00
2018.04.09 02:17:05.747,1.56737,1.56757,1.00,1.69
2018.04.09 02:17:06.640,1.56734,1.56747,2.25,1.00
2018.04.09 02:17:06.745,1.56728,1.56744,1.50,1.50
2018.04.09 02:17:06.850,1.56726,1.56744,1.00,1.12
2018.04.09 02:17:07.780,1.56726,1.56744,1.75,1.00
2018.04.09 02:17:07.884,1.56726,1.56744,1.00,1.00
2018.04.09 02:17:08.039,1.56728,1.56744,1.00,1.00
2018.04.09 02:17:08.595,1.56726,1.56744,1.50,1.00
2018.04.09 02:17:09.136,1.56727,1.56745,2.25,1.00
2018.04.09 02:17:09.855,1.56726,1.56744,2.00,1.00
2018.04.09 02:17:11.292,1.56729,1.56747,1.50,1.00
2018.04.09 02:17:11.897,1.56729,1.56747,1.75,1.00
2018.04.09 02:17:17.469,1.56729,1.56747,1.00,1.50
2018.04.09 02:17:17.623,1.56729,1.56747,1.00,2.00
2018.04.09 02:17:17.957,1.56731,1.56749,1.00,3.94
2018.04.09 02:17:18.497,1.5673,1.56748,1.00,1.50
2018.04.09 02:17:19.065,1.56731,1.56749,1.00,2.25
2018.04.09 02:17:21.437,1.56731,1.56749,1.00,1.00
2018.04.09 02:17:22.934,1.56731,1.56749,1.00,1.75
2018.04.09 02:17:23.438,1.56731,1.56749,1.00,1.50
2018.04.09 02:17:23.595,1.56731,1.56749,1.00,1.75
2018.04.09 02:17:25.444,1.56731,1.56749,1.00,1.50
2018.04.09 02:17:25.955,1.56731,1.56749,1.00,1.00
2018.04.09 02:17:30.380,1.56731,1.56749,1.50,1.00
2018.04.09 02:17:31.386,1.56731,1.56749,1.00,1.00
2018.04.09 02:17:31.903,1.56732,1.5675,1.00,1.50
2018.04.09 02:17:35.049,1.56731,1.56749,1.00,1.00
2018.04.09 02:17:35.713,1.56732,1.5675,1.00,1.12
2018.04.09 02:17:41.997,1.56732,1.5675,1.00,1.75
2018.04.09 02:17:42.101,1.56732,1.5675,1.00,1.00
2018.04.09 02:17:45.527,1.56731,1.56749,1.00,1.75
2018.04.09 02:17:45.805,1.56729,1.56747,1.00,1.00
2018.04.09 02:17:46.595,1.5673,1.56748,1.00,1.00
2018.04.09 02:17:48.011,1.56731,1.56749,1.00,1.25
2018.04.09 02:17:48.535,1.56732,1.56749,1.00,1.00
2018.04.09 02:17:50.117,1.56731,1.56749,1.12,1.00
2018.04.09 02:17:54.274,1.56731,1.56749,1.37,1.00
2018.04.09 02:17:54.795,1.5673,1.56748,1.75,1.00
2018.04.09 02:17:56.393,1.5673,1.56748,1.37,1.00
2018.04.09 02:17:58.445,1.5673,1.56748,1.00,1.00
2018.04.09 02:18:00.075,1.56731,1.5675,1.12,1.69
2018.04.09 02:18:00.179,1.56731,1.5675,1.12,2.06
2018.04.09 02:18:00.579,1.56731,1.5675,3.37,1.31
2018.04.09 02:18:00.631,1.56731,1.5675,3.37,1.19
2018.04.09 02:18:00.743,1.56731,1.5675,3.37,1.56
2018.04.09 02:18:01.005,1.56731,1.56749,1.75,1.25
2018.04.09 02:18:01.160,1.56731,1.56749,1.00,1.69
2018.04.09 02:18:01.263,1.56731,1.56749,3.37,1.69
2018.04.09 02:18:01.928,1.5673,1.56748,1.75,1.00
2018.04.09 02:18:04.699,1.5673,1.56748,1.00,1.69
2018.04.09 02:18:05.203,1.5673,1.56748,1.00,1.25
2018.04.09 02:18:05.459,1.56731,1.56749,1.50,1.69
2018.04.09 02:18:06.905,1.56731,1.56749,1.00,2.44
2018.04.09 02:18:07.441,1.56731,1.56749,1.00,1.69
2018.04.09 02:18:08.017,1.56731,1.56749,1.50,2.06
2018.04.09 02:18:08.523,1.56731,1.56749,1.75,1.69
2018.04.09 02:18:09.437,1.56732,1.56748,1.00,1.19
2018.04.09 02:18:09.652,1.5673,1.56748,1.12,1.31
2018.04.09 02:18:11.039,1.5673,1.56748,3.37,1.19
2018.04.09 02:18:11.243,1.5673,1.56748,1.00,1.69
2018.04.09 02:18:13.674,1.5673,1.56748,1.75,1.19
2018.04.09 02:18:15.037,1.5673,1.56748,1.75,1.19
2018.04.09 02:18:15.488,1.5673,1.56748,1.00,1.19
2018.04.09 02:18:17.128,1.5673,1.56748,1.75,1.19
2018.04.09 02:18:24.279,1.5673,1.56748,1.12,1.19
2018.04.09 02:18:56.258,1.56731,1.56748,1.00,1.19
2018.04.09 02:18:57.735,1.56731,1.56748,1.00,1.19
2018.04.09 02:19:04.540,1.56731,1.56748,1.00,1.25
2018.04.09 02:19:08.063,1.5673,1.56748,1.00,1.31
2018.04.09 02:19:08.115,1.5673,1.56748,1.00,1.69
2018.04.09 02:19:09.143,1.56729,1.56747,1.00,1.19
2018.04.09 02:19:25.091,1.5673,1.56748,1.00,2.06
2018.04.09 02:19:25.636,1.56729,1.56747,1.00,1.31
2018.04.09 02:19:26.140,1.5673,1.56747,1.00,1.31
2018.04.09 02:19:29.350,1.56728,1.56745,1.00,1.00
2018.04.09 02:19:29.403,1.56728,1.56745,1.00,1.75
2018.04.09 02:19:29.455,1.56724,1.56742,1.00,1.50
2018.04.09 02:19:29.610,1.56725,1.56743,1.00,1.12
2018.04.09 02:19:29.664,1.56727,1.56745,1.00,1.12
2018.04.09 02:19:29.972,1.56729,1.56746,1.00,1.31
2018.04.09 02:19:30.477,1.5673,1.56746,1.00,1.31
2018.04.09 02:19:30.994,1.56729,1.56746,1.00,2.81
2018.04.09 02:19:31.046,1.56724,1.56741,1.00,1.25
2018.04.09 02:19:31.149,1.56724,1.56741,1.00,1.31
2018.04.09 02:19:31.665,1.56723,1.56741,1.00,1.31
2018.04.09 02:19:33.947,1.56723,1.56741,1.00,1.19
2018.04.09 02:19:37.841,1.56725,1.56742,1.00,2.06
2018.04.09 02:19:38.705,1.56724,1.56741,1.00,1.19
2018.04.09 02:19:39.100,1.5672,1.56736,1.00,1.00
2018.04.09 02:19:40.153,1.56719,1.56734,1.12,1.00
2018.04.09 02:19:40.886,1.5672,1.56735,1.00,1.00
2018.04.09 02:19:43.159,1.5672,1.56735,1.37,1.00
2018.04.09 02:19:45.719,1.56719,1.56735,1.75,1.00
2018.04.09 02:19:49.088,1.56719,1.56735,1.37,1.00
2018.04.09 02:19:49.140,1.56719,1.56735,1.00,1.00
2018.04.09 02:19:49.583,1.56719,1.56735,2.62,1.00
2018.04.09 02:19:50.465,1.5672,1.56735,1.00,1.00
2018.04.09 02:19:52.523,1.5672,1.56735,2.62,1.00
2018.04.09 02:19:53.119,1.56719,1.56735,2.25,1.00
2018.04.09 02:19:53.171,1.56718,1.56735,1.50,1.00
2018.04.09 02:19:53.693,1.56718,1.56734,1.12,1.00
2018.04.09 02:19:54.209,1.56718,1.56733,1.00,1.00
2018.04.09 02:19:54.869,1.56718,1.56732,1.50,1.00
2018.04.09 02:19:55.103,1.56717,1.56732,1.50,1.00
2018.04.09 02:19:55.307,1.56714,1.56731,3.94,1.00
2018.04.09 02:19:55.409,1.56714,1.56731,4.87,1.00
2018.04.09 02:19:55.925,1.56717,1.56731,1.00,1.00
2018.04.09 02:19:57.146,1.56714,1.56721,1.75,1.00
2018.04.09 02:19:57.197,1.56713,1.56723,3.37,1.00
2018.04.09 02:19:57.249,1.56708,1.56723,1.50,1.00
2018.04.09 02:19:57.352,1.5671,1.56727,1.50,1.00
2018.04.09 02:19:57.403,1.56709,1.56725,3.37,1.00
2018.04.09 02:19:57.505,1.56709,1.56725,1.00,1.00
2018.04.09 02:19:57.557,1.56709,1.56723,1.00,1.00
2018.04.09 02:19:58.317,1.56708,1.56723,3.37,1.00
2018.04.09 02:19:58.523,1.56708,1.56723,1.50,1.00
2018.04.09 02:19:59.078,1.56708,1.56722,1.50,1.00
2018.04.09 02:20:00.479,1.56707,1.56722,1.00,1.00
2018.04.09 02:20:03.062,1.56707,1.56722,1.50,1.00
2018.04.09 02:20:03.320,1.56706,1.56722,1.00,1.00
2018.04.09 02:20:03.425,1.56706,1.56722,3.37,1.00
2018.04.09 02:20:03.953,1.56707,1.56722,1.75,1.00
2018.04.09 02:20:04.405,1.56706,1.56721,1.12,1.00
2018.04.09 02:20:08.898,1.56705,1.56721,1.00,1.00
2018.04.09 02:20:09.557,1.56705,1.56721,3.00,1.00
2018.04.09 02:20:10.327,1.56705,1.56721,1.00,1.00
2018.04.09 02:20:10.942,1.56705,1.56721,1.50,1.00
2018.04.09 02:20:11.490,1.56705,1.56721,1.00,1.00
2018.04.09 02:20:15.533,1.56706,1.56721,1.00,1.00
2018.04.09 02:20:16.244,1.56704,1.56717,1.50,1.00
2018.04.09 02:20:16.401,1.56696,1.56712,3.75,1.00
2018.04.09 02:20:16.454,1.56698,1.56714,1.37,1.00
2018.04.09 02:20:16.940,1.56696,1.56711,1.50,1.00
2018.04.09 02:20:17.045,1.56694,1.56709,2.81,1.00
2018.04.09 02:20:17.200,1.56694,1.56711,1.37,1.00
2018.04.09 02:20:17.910,1.56694,1.5671,3.56,1.00
2018.04.09 02:20:22.742,1.56697,1.56714,1.50,1.25
2018.04.09 02:20:23.259,1.56697,1.56714,2.25,1.25
2018.04.09 02:20:26.249,1.56697,1.56714,1.50,1.00
2018.04.09 02:20:26.929,1.56698,1.56714,1.00,1.00
2018.04.09 02:20:26.981,1.567,1.56715,1.00,1.00
2018.04.09 02:20:27.526,1.567,1.56716,1.12,1.00
2018.04.09 02:20:28.072,1.56698,1.56716,1.50,1.00
2018.04.09 02:20:37.830,1.56696,1.56711,1.00,1.00
2018.04.09 02:20:37.935,1.56693,1.56709,1.69,1.00
2018.04.09 02:20:38.090,1.56693,1.56709,1.75,1.00
2018.04.09 02:20:38.141,1.56696,1.56714,1.12,1.00
2018.04.09 02:20:38.193,1.56698,1.56715,1.00,1.00
2018.04.09 02:20:38.603,1.56696,1.56714,1.00,1.00
2018.04.09 02:20:38.887,1.56696,1.56713,3.37,1.00
2018.04.09 02:20:39.435,1.56696,1.56712,1.50,1.00
2018.04.09 02:20:41.233,1.56696,1.56712,1.75,1.00
2018.04.09 02:20:42.387,1.56696,1.56711,1.50,1.00
2018.04.09 02:20:43.078,1.56696,1.56711,1.75,1.00
2018.04.09 02:20:45.439,1.56696,1.56711,1.50,1.00
2018.04.09 02:20:46.430,1.56696,1.56711,3.37,1.00
2018.04.09 02:20:47.757,1.56696,1.56711,1.50,1.00
2018.04.09 02:20:48.253,1.56695,1.5671,1.12,1.00
2018.04.09 02:20:48.691,1.56694,1.5671,3.56,1.00
2018.04.09 02:20:49.289,1.56694,1.56709,3.37,1.00
2018.04.09 02:20:52.648,1.56695,1.5671,1.94,1.00
2018.04.09 02:20:52.700,1.56697,1.56716,1.69,1.00
2018.04.09 02:20:53.261,1.56701,1.56716,2.62,1.00
2018.04.09 02:20:54.361,1.567,1.56716,1.37,1.00
2018.04.09 02:20:54.883,1.567,1.56716,2.62,1.00
2018.04.09 02:20:54.936,1.56697,1.5671,1.31,1.00
2018.04.09 02:20:55.040,1.56691,1.56708,3.94,1.00
2018.04.09 02:20:55.092,1.56696,1.56713,1.00,1.00
2018.04.09 02:20:55.144,1.56699,1.56714,3.37,1.00
2018.04.09 02:20:55.319,1.56699,1.56715,1.00,1.00
2018.04.09 02:20:55.422,1.56702,1.56716,3.37,1.00
2018.04.09 02:20:55.524,1.56699,1.56716,2.44,1.00
2018.04.09 02:20:55.626,1.56703,1.56717,3.37,1.00
2018.04.09 02:20:56.162,1.567,1.56717,5.44,1.00
2018.04.09 02:20:56.353,1.56703,1.56717,1.75,1.00
2018.04.09 02:20:57.164,1.56703,1.56719,1.75,1.00
2018.04.09 02:20:57.321,1.56705,1.56718,1.75,1.00
2018.04.09 02:20:57.426,1.56702,1.56716,2.62,1.00
2018.04.09 02:20:57.944,1.56701,1.56714,3.37,1.00
2018.04.09 02:20:58.206,1.56701,1.56717,3.37,1.00
2018.04.09 02:20:58.309,1.56705,1.56717,1.75,1.00
2018.04.09 02:20:58.515,1.56703,1.56717,1.75,1.00
2018.04.09 02:20:58.789,1.56701,1.56717,1.75,1.00
2018.04.09 02:20:58.945,1.56701,1.56715,1.00,1.00
2018.04.09 02:20:58.997,1.56697,1.56715,1.50,1.00
2018.04.09 02:20:59.153,1.56695,1.56712,1.50,1.00
2018.04.09 02:20:59.458,1.56693,1.5671,1.50,1.00
2018.04.09 02:21:00.412,1.56693,1.56711,1.50,1.00
2018.04.09 02:21:00.940,1.56693,1.56709,1.00,1.00
2018.04.09 02:21:02.136,1.56692,1.56709,1.00,1.00
2018.04.09 02:21:02.664,1.56692,1.56708,1.00,1.00
2018.04.09 02:21:02.717,1.56693,1.56713,1.00,1.12
2018.04.09 02:21:02.784,1.5669,1.56708,1.50,1.00
2018.04.09 02:21:03.115,1.56689,1.56707,1.00,1.19
2018.04.09 02:21:03.422,1.56687,1.56704,1.00,1.00
2018.04.09 02:21:03.727,1.56684,1.56699,1.19,1.00
2018.04.09 02:21:03.778,1.56683,1.56699,1.00,1.00
2018.04.09 02:21:04.084,1.56682,1.56697,1.00,1.00
2018.04.09 02:21:04.135,1.56682,1.567,1.50,1.00
2018.04.09 02:21:05.397,1.56683,1.56701,1.00,1.00
2018.04.09 02:21:06.370,1.56682,1.567,1.50,1.00
2018.04.09 02:21:06.423,1.56684,1.56701,1.00,1.00
2018.04.09 02:21:06.529,1.56689,1.56707,1.00,1.00
2018.04.09 02:21:06.580,1.56692,1.56709,1.00,1.00
2018.04.09 02:21:06.735,1.56688,1.56706,1.25,1.00
2018.04.09 02:21:07.205,1.56691,1.56708,1.00,1.00
2018.04.09 02:21:08.518,1.5669,1.56708,1.00,1.50
2018.04.09 02:21:09.781,1.5669,1.56707,1.00,1.00
2018.04.09 02:21:10.371,1.5669,1.56708,1.00,1.50
2018.04.09 02:21:10.885,1.5669,1.56707,1.00,1.00
2018.04.09 02:21:11.557,1.56689,1.56707,1.00,1.00
2018.04.09 02:21:11.865,1.56691,1.56708,1.00,1.50
2018.04.09 02:21:12.392,1.56691,1.56707,1.00,1.00
2018.04.09 02:21:12.714,1.56696,1.56712,1.00,1.12
2018.04.09 02:21:12.766,1.56697,1.56714,1.00,1.00
2018.04.09 02:21:13.307,1.56697,1.56715,1.00,1.50
2018.04.09 02:21:15.770,1.56698,1.56715,1.00,1.00
2018.04.09 02:21:18.154,1.567,1.56717,1.00,1.25
2018.04.09 02:21:18.536,1.56698,1.56716,1.00,1.00
2018.04.09 02:21:18.690,1.56699,1.56719,1.00,1.00
2018.04.09 02:21:19.255,1.56698,1.56715,1.00,1.00
2018.04.09 02:21:19.307,1.56695,1.56715,1.00,1.00
2018.04.09 02:21:19.359,1.56695,1.56713,1.00,1.00
2018.04.09 02:21:19.636,1.56689,1.56709,1.00,1.50
2018.04.09 02:21:20.223,1.56691,1.56709,1.00,1.00
2018.04.09 02:21:20.817,1.56692,1.56709,1.00,1.00
2018.04.09 02:21:22.306,1.56692,1.5671,1.00,1.00
2018.04.09 02:21:23.314,1.56697,1.56714,1.00,1.31
2018.04.09 02:21:23.840,1.56697,1.56715,1.00,1.00
2018.04.09 02:21:24.645,1.56693,1.5671,1.00,1.00
2018.04.09 02:21:24.748,1.56697,1.56716,1.00,2.44
2018.04.09 02:21:26.020,1.56698,1.56715,1.00,1.00
2018.04.09 02:21:26.326,1.567,1.56718,1.00,1.00
2018.04.09 02:21:27.604,1.56701,1.56718,1.00,1.00
2018.04.09 02:21:28.138,1.567,1.56718,1.00,1.00
2018.04.09 02:21:28.972,1.567,1.56719,1.00,1.25
2018.04.09 02:21:29.227,1.567,1.56717,1.00,1.00
2018.04.09 02:21:29.758,1.567,1.56718,1.00,1.50
2018.04.09 02:21:34.368,1.56699,1.56717,1.00,1.00
2018.04.09 02:21:38.788,1.567,1.56718,1.00,1.50
2018.04.09 02:21:39.108,1.56705,1.56723,1.00,1.00
2018.04.09 02:21:39.721,1.56704,1.56722,1.00,1.19
2018.04.09 02:21:39.880,1.56702,1.5672,1.00,1.00
2018.04.09 02:21:40.397,1.56701,1.56719,1.00,1.00
2018.04.09 02:21:43.353,1.567,1.56718,1.00,1.00
2018.04.09 02:21:43.875,1.56701,1.56719,1.00,1.00
2018.04.09 02:21:45.494,1.567,1.56718,1.37,1.00
2018.04.09 02:21:45.599,1.56699,1.56717,1.00,1.50
2018.04.09 02:21:46.138,1.56699,1.56719,1.00,1.50
2018.04.09 02:21:46.395,1.56699,1.56717,1.00,1.00
2018.04.09 02:21:46.934,1.56699,1.56717,1.50,1.00
2018.04.09 02:21:47.235,1.56699,1.56717,1.75,1.00
2018.04.09 02:21:47.584,1.567,1.56718,1.12,1.00
2018.04.09 02:21:48.145,1.567,1.56718,1.50,1.00
2018.04.09 02:21:49.386,1.567,1.56718,1.12,1.00
2018.04.09 02:21:51.150,1.567,1.56719,1.00,1.00
2018.04.09 02:21:51.253,1.56704,1.56722,1.00,2.25
2018.04.09 02:21:51.879,1.56704,1.56722,1.00,1.00
2018.04.09 02:21:52.489,1.56701,1.56719,1.50,1.00
2018.04.09 02:21:53.090,1.56701,1.56719,1.50,1.00
2018.04.09 02:21:54.735,1.56701,1.5672,1.75,1.00
2018.04.09 02:21:55.066,1.567,1.56717,2.62,1.00
2018.04.09 02:21:55.220,1.56696,1.56714,1.00,1.00
2018.04.09 02:21:55.323,1.56698,1.56715,2.00,1.00
2018.04.09 02:21:55.860,1.56697,1.56715,4.50,1.00
2018.04.09 02:21:56.142,1.56698,1.56716,1.75,1.00
2018.04.09 02:21:56.873,1.56698,1.56715,2.62,1.00
2018.04.09 02:21:57.410,1.56697,1.56715,1.25,1.00
2018.04.09 02:21:57.932,1.56696,1.56714,1.50,1.00
2018.04.09 02:21:57.984,1.56697,1.56713,2.62,1.00
2018.04.09 02:21:58.088,1.56696,1.56711,1.00,1.00
2018.04.09 02:21:58.452,1.56696,1.56714,1.00,1.00
2018.04.09 02:21:58.504,1.56698,1.56714,2.62,1.00
2018.04.09 02:21:59.048,1.56696,1.56713,2.62,1.00
2018.04.09 02:21:59.487,1.56695,1.56713,4.31,1.00
2018.04.09 02:21:59.590,1.56697,1.56714,2.62,1.00
2018.04.09 02:22:00.382,1.56696,1.56714,1.69,1.00
2018.04.09 02:22:00.939,1.56696,1.56713,1.50,1.00
2018.04.09 02:22:01.438,1.56696,1.56713,1.75,1.00
2018.04.09 02:22:01.641,1.56698,1.56716,1.50,1.00
2018.04.09 02:22:01.694,1.56699,1.56719,1.31,1.00
2018.04.09 02:22:02.241,1.56701,1.56719,1.12,1.00
2018.04.09 02:22:02.673,1.56702,1.56719,2.00,1.00
2018.04.09 02:22:03.201,1.56701,1.56719,3.00,1.00
2018.04.09 02:22:04.005,1.56702,1.5672,1.12,1.00
2018.04.09 02:22:04.810,1.56702,1.5672,3.00,1.00
2018.04.09 02:22:05.118,1.56701,1.56719,1.12,1.00
2018.04.09 02:22:05.468,1.567,1.56718,3.00,1.00
2018.04.09 02:22:05.808,1.567,1.56718,3.00,1.00
2018.04.09 02:22:06.346,1.567,1.56718,2.25,1.00
2018.04.09 02:22:06.920,1.56702,1.56718,2.62,1.00
2018.04.09 02:22:07.023,1.567,1.56718,1.87,1.00
2018.04.09 02:22:07.540,1.56703,1.56721,1.50,1.00
2018.04.09 02:22:07.851,1.56705,1.56723,3.56,1.00
2018.04.09 02:22:08.780,1.56705,1.56723,3.56,1.00
2018.04.09 02:22:10.995,1.56707,1.56724,2.25,1.00
2018.04.09 02:22:13.401,1.56706,1.56724,1.50,1.00
2018.04.09 02:22:13.504,1.56707,1.56724,2.62,1.00
2018.04.09 02:22:15.016,1.56706,1.56724,2.81,1.00
2018.04.09 02:22:15.119,1.56706,1.56724,2.44,1.00
2018.04.09 02:22:19.537,1.56708,1.56724,2.62,1.00
2018.04.09 02:22:19.589,1.56709,1.56727,1.50,1.00
2018.04.09 02:22:19.641,1.5671,1.56727,2.62,1.00
2018.04.09 02:22:19.952,1.56709,1.56727,1.69,1.00
2018.04.09 02:22:20.129,1.56712,1.5673,1.12,1.00
2018.04.09 02:22:20.181,1.56712,1.5673,1.75,1.00
2018.04.09 02:22:20.440,1.56711,1.56731,3.37,1.00
2018.04.09 02:22:20.987,1.56712,1.5673,1.37,1.00
2018.04.09 02:22:21.090,1.56711,1.56729,1.25,1.00
2018.04.09 02:22:21.347,1.56711,1.56729,2.00,1.00
2018.04.09 02:22:22.490,1.56711,1.56729,1.25,1.00
2018.04.09 02:22:22.631,1.56711,1.56731,1.25,1.00
2018.04.09 02:22:22.682,1.56711,1.56731,1.62,1.00
2018.04.09 02:22:23.268,1.56711,1.56731,1.62,1.00
2018.04.09 02:22:23.612,1.56712,1.56729,2.00,1.00
2018.04.09 02:22:24.256,1.56715,1.56729,1.00,1.00
2018.04.09 02:22:24.853,1.56711,1.56729,3.19,1.00
2018.04.09 02:22:25.310,1.56711,1.56729,1.50,1.00
2018.04.09 02:22:25.668,1.56711,1.5673,2.00,1.00
2018.04.09 02:22:25.977,1.56713,1.5673,2.00,1.00
2018.04.09 02:22:26.525,1.56713,1.5673,1.69,1.00
2018.04.09 02:22:26.628,1.56713,1.5673,2.00,1.00
2018.04.09 02:22:26.732,1.56712,1.5673,1.75,1.00
2018.04.09 02:22:27.009,1.56714,1.56731,2.00,1.00
2018.04.09 02:22:27.061,1.56714,1.56733,1.00,1.00
2018.04.09 02:22:27.468,1.56713,1.56731,1.50,1.00
2018.04.09 02:22:27.961,1.56712,1.56731,1.00,1.00
2018.04.09 02:22:28.523,1.56712,1.56731,1.50,1.00
2018.04.09 02:22:29.115,1.56712,1.56731,1.00,1.00
2018.04.09 02:22:29.222,1.56712,1.56731,1.75,1.00
2018.04.09 02:22:29.623,1.56712,1.56731,1.50,1.00
2018.04.09 02:22:30.854,1.56712,1.56731,2.25,1.00
2018.04.09 02:22:31.673,1.56712,1.56731,2.25,1.00
2018.04.09 02:22:33.832,1.56712,1.5673,2.25,1.00
2018.04.09 02:22:34.353,1.56712,1.5673,1.50,1.00
2018.04.09 02:22:36.067,1.56712,1.56732,1.50,1.00
2018.04.09 02:22:36.272,1.56712,1.5673,2.25,1.00
2018.04.09 02:22:36.904,1.56712,1.56731,2.25,1.00
2018.04.09 02:22:39.263,1.56712,1.5673,1.50,1.00
2018.04.09 02:22:39.673,1.5671,1.5673,1.69,1.00
2018.04.09 02:22:42.494,1.5671,1.5673,1.69,1.00
2018.04.09 02:22:43.793,1.56711,1.5673,1.00,1.00
2018.04.09 02:22:44.485,1.5671,1.5673,2.44,1.00
2018.04.09 02:22:45.723,1.5671,1.56726,2.25,1.00
2018.04.09 02:22:45.826,1.56707,1.56723,1.00,1.00
2018.04.09 02:22:45.930,1.56709,1.56727,1.00,1.00
2018.04.09 02:22:45.981,1.56711,1.56729,1.00,1.00
2018.04.09 02:22:46.295,1.56713,1.56731,1.75,1.00
2018.04.09 02:22:46.449,1.56713,1.56731,1.00,1.00
2018.04.09 02:22:46.551,1.56714,1.56731,2.00,1.00
2018.04.09 02:22:46.839,1.56713,1.5673,2.62,1.00
2018.04.09 02:22:46.941,1.56714,1.56733,2.25,1.00
2018.04.09 02:22:47.044,1.56715,1.56734,3.37,1.00
2018.04.09 02:22:47.146,1.56715,1.56734,1.50,1.00
2018.04.09 02:22:47.525,1.56714,1.56732,1.50,1.00
2018.04.09 02:22:48.098,1.56713,1.56733,4.31,1.00
2018.04.09 02:22:48.676,1.56712,1.56731,4.31,1.00
2018.04.09 02:22:49.541,1.56712,1.56731,1.69,1.00
2018.04.09 02:22:49.645,1.56712,1.56731,3.37,1.00
2018.04.09 02:22:51.443,1.56712,1.56731,2.06,1.00
2018.04.09 02:22:51.929,1.56712,1.5673,4.31,1.00
2018.04.09 02:22:52.032,1.56712,1.5673,1.69,1.00
2018.04.09 02:22:53.229,1.56711,1.5673,3.94,1.00
2018.04.09 02:22:53.737,1.56712,1.5673,3.37,1.00
2018.04.09 02:22:54.743,1.56712,1.5673,2.06,1.00
2018.04.09 02:22:56.000,1.56712,1.5673,1.69,1.00
2018.04.09 02:22:56.740,1.56712,1.5673,2.44,1.00
2018.04.09 02:22:57.001,1.56711,1.56728,4.31,1.00
2018.04.09 02:22:57.053,1.56711,1.5673,5.06,1.00
2018.04.09 02:22:57.579,1.56712,1.5673,1.25,1.00
2018.04.09 02:22:58.380,1.56711,1.56729,4.69,1.00
2018.04.09 02:22:59.267,1.56711,1.56729,4.69,1.00
2018.04.09 02:22:59.958,1.56712,1.5673,1.50,1.00
2018.04.09 02:23:01.002,1.56712,1.5673,2.25,1.00
2018.04.09 02:23:01.601,1.56712,1.56727,1.00,1.00
2018.04.09 02:23:01.703,1.56711,1.56729,1.12,1.00
2018.04.09 02:23:01.906,1.56711,1.56729,2.25,1.00
2018.04.09 02:23:02.059,1.56711,1.56731,1.75,1.00
2018.04.09 02:23:07.386,1.56712,1.56731,1.31,1.00
2018.04.09 02:23:07.897,1.56712,1.56731,1.69,1.00
2018.04.09 02:23:09.343,1.56712,1.56731,4.31,1.00
2018.04.09 02:23:09.572,1.56712,1.56731,2.06,1.00
2018.04.09 02:23:09.623,1.56712,1.56731,4.31,1.00
2018.04.09 02:23:09.931,1.56713,1.56731,1.75,1.00
2018.04.09 02:23:10.034,1.56713,1.56731,1.12,1.00
2018.04.09 02:23:10.086,1.56716,1.56735,1.00,1.00
2018.04.09 02:23:10.138,1.56718,1.56735,1.00,1.00
2018.04.09 02:23:10.697,1.56717,1.56736,2.44,1.00
2018.04.09 02:23:11.255,1.56717,1.56736,5.81,1.00
2018.04.09 02:23:11.836,1.56717,1.56736,3.19,1.00
2018.04.09 02:23:13.470,1.56717,1.56736,3.19,1.00
2018.04.09 02:23:14.414,1.56717,1.56736,3.19,1.00
2018.04.09 02:23:14.823,1.56715,1.56729,1.00,1.00
2018.04.09 02:23:14.876,1.56715,1.56734,3.56,1.50
2018.04.09 02:23:15.390,1.56716,1.56735,2.44,1.00
2018.04.09 02:23:16.524,1.56715,1.56732,1.75,1.00
2018.04.09 02:23:16.679,1.56712,1.56729,1.50,1.00
2018.04.09 02:23:18.263,1.56711,1.56729,2.44,1.00
2018.04.09 02:23:18.808,1.56711,1.56729,2.44,1.00
2018.04.09 02:23:18.860,1.56711,1.56729,2.44,1.00
2018.04.09 02:23:19.305,1.56711,1.56729,2.44,1.00
2018.04.09 02:23:19.850,1.56711,1.56729,2.44,1.00
2018.04.09 02:23:23.113,1.5671,1.56729,2.00,1.00
2018.04.09 02:23:25.024,1.56711,1.56729,1.12,1.00
2018.04.09 02:23:25.627,1.56715,1.56732,2.62,1.00
2018.04.09 02:23:25.680,1.56715,1.56734,3.56,1.00
2018.04.09 02:23:26.092,1.56716,1.56731,2.62,1.00
2018.04.09 02:23:26.196,1.56715,1.56731,1.50,1.00
2018.04.09 02:23:26.300,1.56712,1.56731,1.69,1.00
2018.04.09 02:23:26.403,1.56713,1.56731,2.00,1.00
2018.04.09 02:23:26.920,1.56715,1.5673,1.00,1.00
2018.04.09 02:23:27.499,1.56712,1.56731,2.25,1.00
2018.04.09 02:23:27.602,1.56713,1.5673,2.62,1.00
2018.04.09 02:23:34.376,1.56713,1.56732,2.62,1.00
2018.04.09 02:23:34.428,1.56712,1.56732,2.44,1.00
2018.04.09 02:23:34.531,1.56716,1.56734,1.00,1.50
2018.04.09 02:23:35.080,1.56716,1.56735,1.50,1.00
2018.04.09 02:23:35.486,1.56716,1.56735,1.75,1.00
2018.04.09 02:23:35.590,1.56715,1.56732,1.25,1.00
2018.04.09 02:23:35.745,1.56712,1.5673,3.37,1.00
2018.04.09 02:23:35.797,1.56711,1.5673,3.00,1.00
2018.04.09 02:23:38.522,1.5671,1.5673,2.44,1.00
2018.04.09 02:23:39.042,1.5671,1.5673,2.44,1.00
2018.04.09 02:23:39.702,1.5671,1.5673,4.31,1.00
2018.04.09 02:23:39.997,1.5671,1.56729,5.25,1.00
2018.04.09 02:23:40.520,1.56711,1.56729,2.62,1.00
2018.04.09 02:23:43.001,1.56709,1.56728,5.06,1.00
2018.04.09 02:23:43.107,1.56709,1.56728,4.12,1.00
2018.04.09 02:23:43.217,1.56709,1.56726,3.37,1.00
2018.04.09 02:23:43.268,1.56709,1.56728,2.25,1.00
2018.04.09 02:23:43.816,1.56709,1.56727,1.75,1.00
2018.04.09 02:23:44.515,1.56709,1.56728,1.87,1.00
2018.04.09 02:23:44.903,1.56709,1.56725,1.12,1.00
2018.04.09 02:23:44.955,1.56709,1.56728,2.25,1.00
2018.04.09 02:23:45.519,1.56709,1.56727,1.50,1.00
2018.04.09 02:23:45.697,1.56709,1.56725,1.12,1.00
2018.04.09 02:23:46.436,1.56706,1.56725,2.62,1.00
2018.04.09 02:23:47.072,1.56706,1.56725,4.12,1.00
2018.04.09 02:23:47.186,1.5671,1.56728,1.00,1.00
2018.04.09 02:23:50.653,1.5671,1.56729,1.00,1.00
2018.04.09 02:23:50.705,1.56708,1.56726,1.75,1.00
2018.04.09 02:23:50.756,1.5671,1.56728,1.50,1.00
2018.04.09 02:23:50.808,1.56714,1.56731,1.00,5.81
2018.04.09 02:23:50.861,1.56714,1.56731,1.00,2.44
2018.04.09 02:23:51.521,1.56714,1.56732,1.00,1.87
2018.04.09 02:23:53.996,1.56714,1.56733,1.12,1.50
2018.04.09 02:23:55.088,1.56711,1.5673,1.75,1.00
2018.04.09 02:23:55.608,1.56713,1.56731,1.00,1.00
2018.04.09 02:23:55.816,1.56711,1.56732,1.00,1.50
2018.04.09 02:23:56.767,1.56713,1.56732,1.00,1.50
2018.04.09 02:23:57.674,1.56712,1.56731,1.00,1.00
2018.04.09 02:23:58.190,1.56712,1.56732,1.00,1.50
2018.04.09 02:23:58.937,1.56712,1.56731,1.00,1.00
2018.04.09 02:23:59.477,1.56713,1.56732,1.00,1.00
2018.04.09 02:24:03.477,1.56712,1.56731,1.00,1.00
2018.04.09 02:24:04.436,1.56712,1.56731,1.00,1.50
2018.04.09 02:24:04.945,1.56712,1.56731,1.00,1.50
2018.04.09 02:24:09.444,1.56708,1.56726,2.62,1.00
2018.04.09 02:24:09.548,1.56711,1.56729,1.00,1.00
2018.04.09 02:24:09.806,1.56711,1.56729,1.75,1.00
2018.04.09 02:24:09.908,1.56711,1.56729,1.00,1.00
2018.04.09 02:24:13.795,1.56709,1.56728,1.00,1.00
2018.04.09 02:24:13.898,1.56711,1.56729,1.00,1.50
2018.04.09 02:24:14.419,1.56711,1.5673,1.50,1.00
2018.04.09 02:24:15.115,1.56711,1.5673,1.12,1.00
2018.04.09 02:24:15.641,1.56711,1.5673,1.50,1.00
2018.04.09 02:24:16.167,1.56711,1.5673,1.00,1.00
2018.04.09 02:24:16.714,1.56712,1.56731,1.00,1.50
2018.04.09 02:24:17.858,1.56712,1.5673,1.00,1.00
2018.04.09 02:24:20.534,1.56711,1.5673,1.00,1.00
2018.04.09 02:24:22.852,1.56712,1.5673,1.00,1.00
2018.04.09 02:24:23.373,1.56711,1.5673,1.00,1.00
2018.04.09 02:24:23.974,1.56712,1.56731,1.50,1.00
2018.04.09 02:24:25.090,1.56712,1.56731,1.50,1.00
2018.04.09 02:24:26.643,1.56711,1.56727,2.62,1.00
2018.04.09 02:24:26.695,1.56711,1.56729,2.62,1.00
2018.04.09 02:24:26.747,1.56709,1.56727,1.00,1.00
2018.04.09 02:24:26.799,1.56711,1.56728,1.00,1.00
2018.04.09 02:24:26.850,1.56709,1.56727,1.00,1.00
2018.04.09 02:24:27.698,1.56707,1.56726,3.37,1.00
2018.04.09 02:24:27.989,1.56707,1.56725,1.00,1.00
2018.04.09 02:24:28.979,1.56708,1.56726,1.00,1.00
2018.04.09 02:24:29.031,1.56706,1.56724,1.00,1.00
2018.04.09 02:24:29.352,1.56704,1.56721,3.37,1.00
2018.04.09 02:24:29.917,1.56704,1.56721,1.75,1.00
2018.04.09 02:24:30.994,1.56706,1.56723,1.50,1.00
2018.04.09 02:24:31.046,1.56706,1.56725,1.75,1.50
2018.04.09 02:24:31.097,1.56706,1.56725,1.12,1.00
2018.04.09 02:24:31.598,1.56707,1.56725,1.00,1.00
2018.04.09 02:24:34.476,1.56707,1.56725,1.50,1.00
2018.04.09 02:24:35.005,1.56707,1.56725,1.00,1.00
2018.04.09 02:24:35.578,1.56706,1.56725,1.00,2.25
2018.04.09 02:24:36.258,1.56705,1.56724,1.12,1.00
2018.04.09 02:24:36.810,1.56702,1.56721,2.25,1.00
2018.04.09 02:24:40.815,1.56702,1.56721,1.00,1.00
2018.04.09 02:24:41.349,1.56703,1.56721,1.00,1.00
2018.04.09 02:24:43.093,1.56703,1.56722,1.00,1.50
2018.04.09 02:24:43.402,1.56707,1.56726,1.50,1.00
2018.04.09 02:24:44.271,1.56707,1.56726,1.50,1.00
2018.04.09 02:24:46.479,1.56707,1.56726,1.12,1.00
2018.04.09 02:24:48.048,1.56708,1.56727,1.00,1.00
2018.04.09 02:24:48.100,1.56708,1.56727,1.75,1.00
2018.04.09 02:24:48.636,1.56709,1.56728,1.75,1.00
2018.04.09 02:24:49.146,1.56709,1.56728,1.50,1.00
2018.04.09 02:24:49.666,1.56709,1.56728,1.12,1.00
2018.04.09 02:24:50.014,1.56713,1.56732,1.50,1.50
2018.04.09 02:24:50.529,1.56714,1.56733,1.50,1.50
2018.04.09 02:24:53.282,1.56714,1.56733,1.12,2.25
2018.04.09 02:24:53.742,1.56714,1.56731,1.00,1.00
2018.04.09 02:24:54.255,1.56714,1.56732,1.50,1.50
2018.04.09 02:24:55.375,1.56713,1.56732,1.50,1.50
2018.04.09 02:24:56.392,1.56714,1.56733,1.00,1.50
2018.04.09 02:24:56.965,1.56715,1.56733,1.00,1.00
2018.04.09 02:24:57.748,1.56716,1.56734,1.00,1.50
2018.04.09 02:24:58.700,1.56715,1.56733,1.50,1.00
2018.04.09 02:24:59.208,1.56715,1.56733,1.00,1.00
2018.04.09 02:25:00.464,1.56715,1.56733,1.50,1.00
2018.04.09 02:25:01.052,1.56715,1.56733,1.00,1.00
2018.04.09 02:25:01.958,1.56715,1.56733,1.50,1.00
2018.04.09 02:25:02.506,1.56715,1.56733,1.00,1.00
2018.04.09 02:25:06.918,1.56715,1.56734,1.00,1.50
2018.04.09 02:25:12.242,1.56715,1.56735,1.00,1.00
2018.04.09 02:25:12.552,1.56719,1.56738,1.12,1.00
2018.04.09 02:25:13.376,1.56719,1.56738,1.75,1.00
2018.04.09 02:25:13.535,1.56722,1.56741,1.37,1.00
2018.04.09 02:25:14.041,1.56721,1.5674,1.50,1.00
2018.04.09 02:25:14.558,1.56722,1.56741,1.50,1.00
2018.04.09 02:25:15.082,1.56723,1.56742,1.00,1.50
2018.04.09 02:25:15.706,1.56723,1.56742,1.37,1.50
2018.04.09 02:25:15.758,1.56721,1.5674,1.75,1.00
2018.04.09 02:25:15.810,1.56721,1.5674,1.50,1.00
2018.04.09 02:25:16.380,1.56721,1.5674,1.12,1.00
2018.04.09 02:25:20.867,1.5672,1.56739,1.50,1.50
2018.04.09 02:25:21.382,1.5672,1.56739,1.50,1.50
2018.04.09 02:25:29.251,1.5672,1.5674,1.12,1.00
2018.04.09 02:25:30.032,1.56721,1.5674,1.00,1.00
2018.04.09 02:25:31.268,1.5672,1.56738,1.50,1.00
2018.04.09 02:25:31.584,1.56719,1.56739,1.00,1.00
2018.04.09 02:25:32.131,1.5672,1.56739,1.00,1.00
2018.04.09 02:25:32.641,1.56719,1.56739,1.12,1.00
2018.04.09 02:25:32.796,1.5672,1.56738,1.75,1.00
2018.04.09 02:25:33.123,1.5672,1.56739,1.12,2.25
2018.04.09 02:25:33.551,1.56716,1.56735,1.50,1.00
2018.04.09 02:25:33.654,1.56715,1.56735,1.00,1.50
2018.04.09 02:25:33.706,1.56715,1.56735,2.25,1.50
2018.04.09 02:25:35.440,1.56715,1.56735,1.00,1.00
2018.04.09 02:25:38.005,1.56716,1.56736,1.00,1.50
2018.04.09 02:25:38.108,1.56716,1.56732,2.25,1.00
2018.04.09 02:25:38.212,1.56712,1.5673,1.00,1.00
2018.04.09 02:25:38.727,1.56712,1.56728,1.00,1.00
2018.04.09 02:25:38.781,1.56709,1.56728,2.44,1.00
2018.04.09 02:25:39.012,1.5671,1.56727,1.75,1.00
2018.04.09 02:25:39.904,1.56709,1.56727,2.62,1.00
2018.04.09 02:25:40.434,1.56708,1.56727,1.87,1.00
2018.04.09 02:25:41.243,1.56708,1.56727,2.25,1.00
2018.04.09 02:25:41.839,1.56708,1.56727,2.25,1.00
2018.04.09 02:25:41.890,1.56708,1.56727,1.87,1.00
2018.04.09 02:25:43.699,1.56707,1.56726,1.69,1.00
2018.04.09 02:25:44.005,1.56705,1.56725,1.69,1.00
2018.04.09 02:25:44.384,1.56706,1.56725,2.25,1.00
2018.04.09 02:25:44.674,1.56705,1.56725,2.44,1.00
2018.04.09 02:25:46.389,1.56706,1.56725,2.25,1.00
2018.04.09 02:25:49.413,1.56705,1.56725,1.69,1.00
2018.04.09 02:25:51.127,1.56706,1.56725,2.62,1.00
2018.04.09 02:25:53.061,1.56706,1.56725,3.37,1.00
2018.04.09 02:25:53.266,1.56707,1.56725,2.62,1.00
2018.04.09 02:25:53.504,1.56707,1.56725,1.75,1.00
2018.04.09 02:25:53.710,1.56706,1.56725,4.31,1.00
2018.04.09 02:25:53.813,1.56706,1.56725,1.25,1.00
2018.04.09 02:25:53.916,1.56708,1.56725,1.00,1.00
2018.04.09 02:25:54.900,1.56706,1.56725,1.50,1.00
2018.04.09 02:25:57.245,1.56706,1.56725,1.50,1.00
2018.04.09 02:25:58.398,1.56706,1.56725,3.37,1.00
2018.04.09 02:25:59.243,1.56706,1.56725,1.25,1.00
2018.04.09 02:25:59.295,1.56706,1.56725,4.31,1.00
2018.04.09 02:25:59.997,1.56706,1.56726,5.06,1.00
2018.04.09 02:26:05.677,1.56706,1.56726,3.19,1.00
2018.04.09 02:26:07.664,1.56707,1.56726,1.75,1.00
2018.04.09 02:26:08.277,1.56709,1.56726,1.00,1.00
2018.04.09 02:26:11.388,1.56706,1.56726,6.19,1.00
2018.04.09 02:26:17.168,1.56707,1.56725,1.75,1.00
2018.04.09 02:26:17.271,1.56707,1.56725,1.00,1.00
2018.04.09 02:26:17.322,1.56708,1.56726,2.62,1.00
2018.04.09 02:26:18.404,1.56709,1.56726,2.62,1.00
2018.04.09 02:26:18.610,1.56709,1.56726,1.75,1.00
2018.04.09 02:26:19.433,1.56709,1.56726,2.62,1.00
2018.04.09 02:26:20.105,1.56708,1.56726,1.50,1.00
2018.04.09 02:26:20.817,1.5671,1.56726,1.00,1.00
2018.04.09 02:26:22.438,1.56709,1.56726,1.00,1.00
2018.04.09 02:26:23.127,1.56708,1.56726,3.37,1.00
2018.04.09 02:26:23.456,1.56709,1.56726,1.75,1.00
2018.04.09 02:26:24.444,1.56708,1.56726,3.37,1.00
2018.04.09 02:26:24.882,1.56708,1.56726,3.37,1.00
2018.04.09 02:26:26.291,1.56709,1.56726,2.62,1.00
2018.04.09 02:26:26.809,1.56708,1.56726,1.50,1.00
2018.04.09 02:26:27.419,1.56708,1.56726,1.50,1.00
2018.04.09 02:26:28.387,1.56708,1.56726,3.37,1.00
2018.04.09 02:26:28.920,1.56708,1.56725,4.12,1.00
2018.04.09 02:26:30.439,1.5671,1.56725,1.00,1.00
2018.04.09 02:26:31.049,1.56709,1.56725,2.62,1.00
2018.04.09 02:26:36.556,1.56708,1.56725,4.12,1.00
2018.04.09 02:26:43.460,1.56708,1.56724,4.12,1.00
2018.04.09 02:26:45.756,1.56708,1.56724,2.25,1.00
2018.04.09 02:26:48.131,1.56708,1.56724,2.62,1.00
2018.04.09 02:26:48.390,1.56708,1.56724,2.62,1.00
2018.04.09 02:26:49.866,1.5671,1.56725,2.62,1.00
2018.04.09 02:26:50.374,1.56709,1.56724,1.75,1.00
2018.04.09 02:26:50.426,1.56707,1.56724,2.25,1.00
2018.04.09 02:26:50.797,1.56707,1.56721,2.25,1.00
2018.04.09 02:26:51.532,1.56707,1.56721,3.37,1.00
2018.04.09 02:26:51.885,1.56707,1.56723,3.37,1.00
2018.04.09 02:26:51.937,1.56709,1.56724,2.62,1.00
2018.04.09 02:26:57.894,1.56707,1.56724,4.12,1.00
2018.04.09 02:26:58.464,1.56711,1.56725,1.00,1.00
2018.04.09 02:26:58.968,1.56712,1.56725,1.00,1.00
2018.04.09 02:27:00.603,1.56709,1.56725,1.75,1.00
2018.04.09 02:27:01.533,1.56709,1.56727,1.75,1.00
2018.04.09 02:27:01.817,1.56708,1.56727,2.25,1.00
2018.04.09 02:27:01.920,1.56708,1.56727,1.50,1.00
2018.04.09 02:27:02.074,1.56708,1.56725,1.00,1.00
2018.04.09 02:27:02.426,1.56708,1.56723,1.00,1.00
2018.04.09 02:27:06.914,1.56708,1.56723,4.12,1.00
2018.04.09 02:27:10.055,1.56708,1.56723,1.00,1.00
2018.04.09 02:27:10.363,1.56708,1.56723,3.37,1.00
2018.04.09 02:27:11.501,1.56709,1.56727,3.37,1.00
2018.04.09 02:27:11.917,1.56709,1.56726,1.00,1.00
2018.04.09 02:27:12.020,1.56709,1.56726,1.75,1.00
2018.04.09 02:27:12.195,1.56709,1.56726,1.00,1.00
2018.04.09 02:27:12.821,1.56709,1.56726,1.50,1.00
2018.04.09 02:27:13.409,1.56709,1.56726,1.12,1.00
2018.04.09 02:27:13.512,1.56709,1.56726,1.75,1.00
2018.04.09 02:27:17.335,1.56708,1.56726,1.00,1.00
2018.04.09 02:27:18.802,1.56707,1.56724,2.06,1.00
2018.04.09 02:27:19.339,1.56707,1.56724,2.44,1.00
2018.04.09 02:27:19.842,1.56707,1.56724,1.87,1.00
2018.04.09 02:27:20.380,1.56708,1.56724,1.00,1.00
2018.04.09 02:27:22.484,1.56707,1.56724,1.75,1.00
2018.04.09 02:27:23.094,1.56707,1.56724,1.50,1.00
2018.04.09 02:27:30.265,1.56707,1.56724,2.25,1.00
2018.04.09 02:27:30.966,1.56707,1.56724,1.50,1.00
2018.04.09 02:27:33.369,1.56706,1.56724,2.00,1.00
2018.04.09 02:27:33.936,1.56705,1.56723,2.44,1.00
2018.04.09 02:27:35.432,1.56707,1.56723,1.00,1.00
2018.04.09 02:27:35.554,1.56705,1.56723,2.44,1.00
2018.04.09 02:27:36.061,1.56705,1.56722,2.25,1.00
2018.04.09 02:27:36.610,1.56705,1.56722,2.25,1.00
2018.04.09 02:27:37.137,1.56705,1.56722,3.00,1.00
2018.04.09 02:27:38.587,1.56706,1.56722,1.12,1.00
2018.04.09 02:27:39.332,1.56706,1.56723,1.12,1.00
2018.04.09 02:27:47.861,1.56705,1.56723,1.31,1.00
2018.04.09 02:27:48.379,1.56705,1.56723,1.69,1.00
2018.04.09 02:27:49.141,1.56706,1.56723,1.75,1.00
2018.04.09 02:27:49.750,1.56708,1.56723,1.00,1.00
2018.04.09 02:27:51.621,1.56706,1.56723,1.75,1.00
2018.04.09 02:27:51.724,1.56707,1.56723,1.50,1.00
2018.04.09 02:27:51.930,1.56707,1.56723,1.75,1.00
2018.04.09 02:27:52.455,1.56708,1.56723,1.00,1.00
2018.04.09 02:27:53.039,1.56707,1.56723,1.12,1.00
2018.04.09 02:27:53.679,1.56705,1.56723,1.19,1.00
2018.04.09 02:27:53.939,1.56704,1.56723,1.69,1.00
2018.04.09 02:27:54.789,1.56704,1.56722,1.69,1.00
2018.04.09 02:28:00.160,1.56708,1.56722,1.00,1.00
2018.04.09 02:28:00.316,1.56709,1.56726,1.00,1.00
2018.04.09 02:28:00.843,1.56708,1.56727,1.25,1.00
2018.04.09 02:28:01.372,1.56709,1.56727,1.25,1.00
2018.04.09 02:28:02.365,1.56709,1.56727,1.19,1.00
2018.04.09 02:28:06.090,1.56708,1.56727,1.25,1.00
2018.04.09 02:28:06.351,1.56704,1.56723,1.19,1.00
2018.04.09 02:28:06.854,1.56704,1.56723,1.19,1.50
2018.04.09 02:28:06.907,1.56701,1.56721,1.87,1.00
2018.04.09 02:28:07.452,1.56701,1.5672,1.87,1.00
2018.04.09 02:28:18.906,1.56701,1.5672,1.69,1.00
2018.04.09 02:28:18.958,1.56703,1.56719,1.00,1.00
2018.04.09 02:28:19.506,1.56703,1.5672,1.00,1.00
2018.04.09 02:28:27.228,1.56702,1.5672,1.25,1.00
2018.04.09 02:28:28.356,1.56701,1.5672,1.12,1.00
2018.04.09 02:28:28.890,1.56701,1.5672,1.44,1.00
2018.04.09 02:28:33.694,1.56703,1.5672,1.00,1.00
2018.04.09 02:28:34.806,1.56702,1.5672,1.25,1.00
2018.04.09 02:28:37.792,1.56703,1.5672,1.00,1.00
2018.04.09 02:28:38.110,1.56703,1.5672,1.31,1.00
2018.04.09 02:28:38.212,1.56705,1.56722,1.25,1.00
2018.04.09 02:28:38.732,1.56705,1.56723,1.25,1.00
2018.04.09 02:28:39.392,1.56705,1.56723,1.19,1.00
2018.04.09 02:28:42.691,1.56705,1.56722,1.19,1.00
2018.04.09 02:28:45.396,1.56705,1.56722,1.25,1.00
2018.04.09 02:28:46.826,1.56704,1.56723,1.19,1.50
2018.04.09 02:28:50.251,1.56704,1.56723,1.19,1.50
2018.04.09 02:28:55.929,1.56704,1.56723,1.19,1.50
2018.04.09 02:28:57.094,1.56704,1.56723,1.19,1.50
2018.04.09 02:28:58.488,1.56709,1.56724,1.00,1.00
2018.04.09 02:28:58.593,1.56708,1.56727,1.00,1.00
2018.04.09 02:28:59.521,1.56708,1.56725,1.00,1.00
2018.04.09 02:29:02.286,1.56708,1.56727,1.00,1.50
2018.04.09 02:29:02.829,1.56709,1.56727,1.00,1.00
2018.04.09 02:29:08.591,1.56708,1.56725,1.12,1.00
2018.04.09 02:29:08.796,1.56709,1.56728,1.00,2.25
2018.04.09 02:29:10.224,1.5671,1.56728,1.12,1.00
2018.04.09 02:29:15.103,1.56708,1.56728,1.50,1.00
2018.04.09 02:29:15.676,1.56708,1.56728,1.50,1.00
2018.04.09 02:29:16.963,1.56708,1.56728,1.00,1.00
2018.04.09 02:29:17.067,1.5671,1.56728,1.50,1.00
2018.04.09 02:29:17.272,1.56708,1.56728,1.12,1.00
2018.04.09 02:29:17.583,1.56707,1.56728,2.25,1.50
2018.04.09 02:29:17.839,1.56708,1.56728,1.31,1.50
2018.04.09 02:29:17.941,1.56707,1.56728,4.50,1.50
2018.04.09 02:29:18.147,1.56709,1.56727,1.00,1.00
2018.04.09 02:29:20.520,1.56709,1.56727,1.50,1.00
2018.04.09 02:29:22.188,1.56709,1.56727,1.00,1.00
2018.04.09 02:29:22.731,1.56708,1.56727,1.00,1.50
2018.04.09 02:29:28.304,1.56709,1.56728,1.50,1.00
2018.04.09 02:29:28.820,1.56709,1.56728,1.00,1.00
2018.04.09 02:29:30.501,1.5671,1.56729,1.00,1.50
2018.04.09 02:29:31.004,1.56709,1.56728,1.00,1.50
2018.04.09 02:29:31.610,1.56708,1.56727,1.00,1.00
2018.04.09 02:30:02.738,1.56708,1.56726,1.00,1.00
2018.04.09 02:30:04.246,1.56708,1.56727,1.00,1.25
2018.04.09 02:30:05.489,1.56709,1.56728,1.00,1.69
2018.04.09 02:30:05.813,1.56713,1.5673,1.50,1.00
2018.04.09 02:30:05.916,1.56714,1.56732,1.00,1.00
2018.04.09 02:30:06.326,1.56712,1.5673,1.00,1.00
2018.04.09 02:30:06.530,1.56713,1.56734,1.50,1.12
2018.04.09 02:30:06.683,1.56714,1.56732,1.12,1.00
2018.04.09 02:30:07.172,1.56714,1.56733,1.75,1.00
2018.04.09 02:30:07.582,1.56714,1.56733,1.00,1.00
2018.04.09 02:30:07.735,1.56717,1.56735,1.50,1.00
2018.04.09 02:30:07.837,1.56717,1.56737,1.00,1.12
2018.04.09 02:30:07.888,1.56719,1.56737,1.00,2.62
2018.04.09 02:30:08.401,1.56715,1.56736,2.25,1.00
2018.04.09 02:30:08.453,1.56717,1.56736,1.50,1.00
2018.04.09 02:30:08.914,1.56714,1.56734,3.56,1.00
2018.04.09 02:30:09.018,1.56713,1.56734,2.25,1.12
2018.04.09 02:30:09.121,1.56714,1.56734,3.37,1.00
2018.04.09 02:30:09.531,1.56714,1.56734,1.00,1.00
2018.04.09 02:30:10.008,1.56714,1.56734,3.00,1.00
2018.04.09 02:30:11.246,1.56714,1.56734,1.12,1.50
2018.04.09 02:30:12.086,1.56714,1.56732,1.12,1.00
2018.04.09 02:30:12.395,1.56714,1.56733,3.37,1.00
2018.04.09 02:30:12.447,1.56714,1.56733,1.50,1.00
2018.04.09 02:30:12.963,1.56714,1.56733,1.50,1.00
2018.04.09 02:30:13.464,1.56714,1.56732,1.00,1.00
2018.04.09 02:30:14.213,1.56715,1.56733,1.00,1.00
2018.04.09 02:30:14.725,1.56716,1.56734,1.75,1.00
2018.04.09 02:30:15.060,1.56716,1.56734,1.50,1.00
2018.04.09 02:30:15.639,1.56715,1.56733,1.37,1.00
2018.04.09 02:30:16.174,1.56715,1.56733,1.00,1.00
2018.04.09 02:30:16.682,1.56715,1.56732,1.00,1.00
2018.04.09 02:30:17.230,1.56714,1.56732,1.00,1.00
2018.04.09 02:30:18.761,1.56715,1.56732,1.00,1.00
2018.04.09 02:30:19.572,1.56713,1.56731,1.31,1.00
2018.04.09 02:30:19.780,1.56712,1.56731,1.00,1.00
2018.04.09 02:30:21.030,1.56712,1.56731,1.37,1.00
2018.04.09 02:30:21.552,1.56712,1.56731,1.00,1.00
2018.04.09 02:30:22.812,1.56712,1.56731,1.50,1.00
2018.04.09 02:30:23.324,1.56709,1.56729,1.50,1.00
2018.04.09 02:30:23.856,1.5671,1.56729,1.12,1.00
2018.04.09 02:30:24.380,1.56709,1.56728,2.25,1.00
2018.04.09 02:30:25.063,1.56709,1.56728,2.25,1.00
2018.04.09 02:30:26.339,1.56709,1.56727,2.25,1.00
2018.04.09 02:30:27.345,1.56709,1.56727,2.25,1.00
2018.04.09 02:30:27.397,1.56709,1.56727,2.44,1.00
2018.04.09 02:30:27.903,1.56711,1.56729,1.00,1.00
2018.04.09 02:30:27.955,1.56711,1.5673,1.75,1.00
2018.04.09 02:30:28.631,1.56711,1.56729,1.75,1.00
2018.04.09 02:30:31.774,1.56713,1.56731,1.00,1.00
2018.04.09 02:30:33.393,1.56714,1.56732,1.00,1.00
2018.04.09 02:30:33.918,1.56714,1.56733,1.00,1.00
2018.04.09 02:30:34.317,1.56712,1.56733,1.12,1.50
2018.04.09 02:30:34.674,1.56714,1.56732,1.00,1.00
2018.04.09 02:30:34.929,1.56712,1.56731,1.50,1.00
2018.04.09 02:30:35.458,1.56713,1.56731,1.00,1.00
2018.04.09 02:30:35.561,1.56712,1.56733,1.12,1.00
2018.04.09 02:30:35.716,1.56712,1.56733,1.75,1.00
2018.04.09 02:30:37.102,1.56714,1.56734,1.12,3.00
2018.04.09 02:30:37.644,1.56721,1.56738,1.00,1.50
2018.04.09 02:30:37.696,1.56718,1.56738,1.00,1.00
2018.04.09 02:30:37.749,1.5672,1.56738,1.00,1.50
2018.04.09 02:30:38.006,1.56716,1.56735,1.00,1.00
2018.04.09 02:30:38.111,1.56714,1.56733,1.00,1.00
2018.04.09 02:30:40.527,1.56712,1.56729,2.62,1.50
2018.04.09 02:30:40.670,1.56711,1.5673,1.00,1.50
2018.04.09 02:30:40.722,1.56715,1.56732,1.00,1.00
2018.04.09 02:30:41.235,1.56715,1.56733,1.12,2.25
2018.04.09 02:30:41.576,1.56718,1.56733,1.00,1.00
2018.04.09 02:30:41.679,1.56718,1.56735,1.50,1.00
2018.04.09 02:30:41.731,1.5672,1.56737,1.00,1.00
2018.04.09 02:30:41.783,1.5672,1.56739,1.00,1.00
2018.04.09 02:30:42.000,1.56724,1.56741,1.00,1.00
2018.04.09 02:30:42.053,1.56725,1.56744,1.50,1.50
2018.04.09 02:30:42.362,1.56722,1.56741,1.00,1.00
2018.04.09 02:30:43.294,1.5672,1.56739,2.00,1.00
2018.04.09 02:30:43.602,1.56724,1.56742,1.00,1.00
2018.04.09 02:30:44.104,1.56724,1.56743,1.50,1.00
2018.04.09 02:30:44.616,1.56725,1.56744,1.12,1.00
2018.04.09 02:30:45.161,1.56724,1.56743,1.00,1.00
2018.04.09 02:30:45.673,1.56725,1.56744,1.00,1.00
2018.04.09 02:30:46.220,1.56724,1.56743,1.00,1.00
2018.04.09 02:30:46.718,1.56726,1.56745,1.00,1.50
2018.04.09 02:30:47.180,1.56724,1.56743,1.12,1.00
2018.04.09 02:30:47.685,1.56726,1.56745,1.00,1.50
2018.04.09 02:30:48.298,1.56725,1.56744,1.00,1.00
2018.04.09 02:30:48.628,1.56722,1.5674,1.50,1.00
2018.04.09 02:30:48.912,1.56724,1.56743,1.00,1.00
2018.04.09 02:30:49.434,1.56725,1.56744,1.12,1.00
2018.04.09 02:30:50.346,1.56726,1.56745,1.00,1.50
2018.04.09 02:30:52.356,1.56726,1.56747,1.12,1.50
2018.04.09 02:30:54.761,1.56726,1.56745,1.12,1.00
2018.04.09 02:30:56.492,1.56726,1.56745,1.50,1.00
2018.04.09 02:30:56.971,1.56732,1.56751,1.00,1.50
2018.04.09 02:30:57.074,1.56734,1.56753,1.00,2.06
2018.04.09 02:30:57.744,1.56734,1.56753,1.37,1.00
2018.04.09 02:30:58.205,1.56732,1.56751,2.00,1.00
2018.04.09 02:30:58.257,1.56731,1.5675,1.19,1.50
2018.04.09 02:30:58.317,1.56729,1.56748,1.00,1.50
2018.04.09 02:30:58.420,1.56727,1.56747,1.00,1.00
2018.04.09 02:30:58.978,1.56727,1.56746,1.00,1.00
2018.04.09 02:30:59.674,1.56727,1.56746,1.50,1.00
2018.04.09 02:31:00.661,1.56731,1.56746,1.00,1.00
2018.04.09 02:31:00.808,1.56731,1.56748,1.00,1.00
2018.04.09 02:31:00.860,1.56731,1.5675,1.00,1.00
2018.04.09 02:31:00.911,1.56731,1.5675,1.75,1.00
2018.04.09 02:31:01.499,1.56732,1.56751,2.62,1.00
2018.04.09 02:31:01.784,1.56731,1.56751,1.00,1.00
2018.04.09 02:31:02.185,1.56733,1.56751,1.12,1.00
2018.04.09 02:31:03.325,1.56738,1.56755,1.00,1.50
2018.04.09 02:31:03.482,1.56739,1.56757,1.00,1.00
2018.04.09 02:31:03.792,1.56737,1.56757,1.00,1.50
2018.04.09 02:31:03.896,1.56734,1.56755,1.00,1.00
2018.04.09 02:31:04.102,1.56734,1.56755,3.37,1.00
2018.04.09 02:31:04.398,1.56734,1.56755,1.00,1.00
2018.04.09 02:31:04.964,1.56733,1.56753,1.12,1.00
2018.04.09 02:31:06.072,1.56733,1.56753,1.50,1.00
2018.04.09 02:31:07.128,1.56743,1.56758,1.00,1.50
2018.04.09 02:31:07.180,1.56742,1.56759,1.12,1.00
2018.04.09 02:31:07.232,1.56743,1.56762,1.00,1.69
2018.04.09 02:31:09.693,1.56744,1.56762,1.00,1.19
2018.04.09 02:31:10.240,1.56742,1.56762,1.00,1.50
2018.04.09 02:31:10.291,1.56741,1.5676,1.00,1.00
2018.04.09 02:31:10.503,1.56742,1.56762,1.00,1.87
2018.04.09 02:31:11.096,1.56742,1.56762,1.50,1.50
2018.04.09 02:31:11.804,1.56742,1.56762,1.12,1.50
2018.04.09 02:31:11.982,1.56743,1.56762,1.50,1.00
2018.04.09 02:31:12.522,1.56743,1.56762,1.00,1.00
2018.04.09 02:31:13.247,1.56743,1.56761,1.00,1.00
2018.04.09 02:31:14.978,1.56744,1.56762,1.00,1.25
2018.04.09 02:31:15.562,1.56743,1.56761,1.00,1.00
2018.04.09 02:31:16.199,1.56743,1.56762,1.00,1.25
2018.04.09 02:31:16.772,1.56743,1.56761,1.00,1.00
2018.04.09 02:31:17.416,1.56743,1.56762,1.00,1.25
2018.04.09 02:31:19.803,1.56744,1.56762,1.00,1.25
2018.04.09 02:31:24.601,1.56743,1.56762,1.00,1.25
2018.04.09 02:31:26.062,1.56743,1.56761,1.00,1.25
2018.04.09 02:31:26.822,1.56742,1.56762,1.50,1.69
2018.04.09 02:31:27.326,1.56742,1.56762,1.12,1.25
2018.04.09 02:31:33.461,1.56742,1.56762,1.50,1.25
2018.04.09 02:31:33.564,1.56742,1.56762,1.00,1.31
2018.04.09 02:31:34.238,1.56742,1.56762,1.50,1.25
2018.04.09 02:31:34.963,1.56742,1.56762,1.00,1.00
2018.04.09 02:31:35.832,1.56742,1.56762,1.37,1.00
2018.04.09 02:31:36.389,1.56741,1.56761,3.37,1.00
2018.04.09 02:31:36.968,1.56747,1.56764,1.00,1.00
2018.04.09 02:31:37.103,1.56752,1.56771,1.12,1.12
2018.04.09 02:31:37.154,1.56751,1.56773,1.75,1.50
2018.04.09 02:31:37.682,1.56751,1.56773,4.12,1.00
2018.04.09 02:31:38.262,1.56752,1.56773,1.75,1.00
2018.04.09 02:31:38.577,1.56752,1.56773,3.37,1.00
2018.04.09 02:31:38.688,1.56751,1.56773,6.19,1.00
2018.04.09 02:31:39.118,1.56751,1.56773,1.87,1.00
2018.04.09 02:31:41.052,1.56751,1.56773,3.75,1.00
2018.04.09 02:31:41.761,1.56752,1.56773,3.37,1.00
2018.04.09 02:31:42.520,1.56752,1.56773,1.75,1.00
2018.04.09 02:31:43.174,1.56752,1.56773,1.75,1.00
2018.04.09 02:31:43.710,1.56752,1.56773,1.75,1.00
2018.04.09 02:31:43.763,1.56751,1.56773,2.44,1.00
2018.04.09 02:31:43.814,1.56751,1.56773,5.06,1.00
2018.04.09 02:31:44.233,1.56753,1.56772,1.50,1.00
2018.04.09 02:31:48.879,1.56753,1.56772,2.25,1.00
2018.04.09 02:31:48.981,1.56753,1.56772,1.50,1.00
2018.04.09 02:31:49.084,1.56753,1.56772,2.25,1.00
2018.04.09 02:31:49.186,1.56754,1.56772,1.00,1.00
2018.04.09 02:31:50.321,1.56753,1.56772,1.00,1.00
2018.04.09 02:31:51.379,1.56753,1.56772,1.50,1.00
2018.04.09 02:31:52.029,1.56753,1.56772,1.00,1.00
2018.04.09 02:31:52.661,1.56753,1.56772,1.50,1.00
2018.04.09 02:31:53.196,1.56752,1.56771,2.44,1.00
2018.04.09 02:31:53.352,1.56753,1.56773,1.31,1.00
2018.04.09 02:31:55.058,1.56753,1.56773,1.31,1.00
2018.04.09 02:31:55.691,1.56752,1.56772,1.19,1.00
2018.04.09 02:31:56.926,1.56752,1.56772,1.69,1.00
2018.04.09 02:31:59.511,1.56753,1.56773,1.69,1.00
2018.04.09 02:31:59.614,1.56754,1.56774,1.69,1.00
2018.04.09 02:31:59.952,1.56756,1.56775,1.12,1.00
2018.04.09 02:32:00.003,1.56756,1.56775,1.00,1.00
2018.04.09 02:32:01.136,1.56756,1.56775,2.62,1.00
2018.04.09 02:32:01.238,1.56756,1.56775,2.44,1.00
2018.04.09 02:32:01.441,1.56757,1.56775,1.00,1.00
2018.04.09 02:32:01.960,1.56756,1.56778,1.44,1.00
2018.04.09 02:32:02.012,1.56756,1.56776,1.87,1.00
2018.04.09 02:32:02.582,1.56757,1.56776,1.19,1.00
2018.04.09 02:32:02.634,1.56754,1.56774,1.87,1.00
2018.04.09 02:32:02.738,1.56753,1.56772,2.25,1.00
2018.04.09 02:32:03.248,1.56753,1.56772,1.50,1.00
2018.04.09 02:32:03.637,1.56755,1.56774,1.00,1.00
2018.04.09 02:32:04.183,1.56755,1.56775,1.50,1.00
2018.04.09 02:32:06.169,1.56755,1.56775,1.50,1.00
2018.04.09 02:32:06.681,1.56755,1.56775,1.12,1.00
2018.04.09 02:32:07.221,1.56756,1.56777,1.00,1.00
2018.04.09 02:32:07.314,1.56755,1.56775,1.12,1.00
2018.04.09 02:32:07.829,1.56755,1.56774,1.00,1.00
2018.04.09 02:32:08.345,1.56754,1.56773,1.50,1.00
2018.04.09 02:32:08.851,1.56754,1.56773,1.00,1.00
2018.04.09 02:32:10.389,1.56753,1.56773,1.50,1.00
2018.04.09 02:32:11.035,1.56753,1.56773,3.00,1.00
2018.04.09 02:32:12.440,1.56753,1.56773,1.12,1.00
2018.04.09 02:32:12.962,1.56753,1.56772,1.37,1.00
2018.04.09 02:32:13.469,1.56753,1.56772,3.37,1.00
2018.04.09 02:32:14.441,1.56753,1.56772,1.12,1.00
2018.04.09 02:32:15.121,1.56753,1.56772,1.50,1.00
2018.04.09 02:32:15.763,1.56753,1.56772,1.12,1.00
2018.04.09 02:32:19.236,1.56753,1.56772,3.37,1.00
2018.04.09 02:32:19.445,1.56753,1.56772,1.00,1.00
2018.04.09 02:32:20.327,1.56753,1.56772,1.75,1.00
2018.04.09 02:32:22.436,1.56752,1.56772,1.69,1.00
2018.04.09 02:32:22.544,1.56751,1.5677,3.37,1.00
2018.04.09 02:32:22.648,1.56749,1.56768,3.75,1.00
2018.04.09 02:32:23.160,1.56748,1.56768,3.37,1.00
2018.04.09 02:32:23.356,1.5675,1.5677,2.25,1.00
2018.04.09 02:32:23.464,1.56749,1.5677,1.00,1.00
2018.04.09 02:32:23.619,1.56751,1.5677,1.00,1.00
2018.04.09 02:32:24.320,1.5675,1.5677,1.12,1.00
2018.04.09 02:32:24.871,1.56751,1.56771,1.00,1.00
2018.04.09 02:32:25.201,1.56753,1.56773,1.00,1.00
2018.04.09 02:32:26.609,1.56752,1.56772,1.50,1.00
2018.04.09 02:32:26.918,1.56755,1.56773,1.00,1.00
2018.04.09 02:32:27.229,1.5675,1.5677,1.25,1.00
2018.04.09 02:32:27.331,1.56751,1.56771,3.00,1.00
2018.04.09 02:32:27.640,1.56754,1.56771,1.00,1.00
2018.04.09 02:32:27.743,1.56752,1.56771,1.00,1.00
2018.04.09 02:32:27.899,1.56754,1.56771,1.00,1.00
2018.04.09 02:32:28.104,1.56752,1.5677,1.00,1.00
2018.04.09 02:32:31.678,1.56752,1.5677,1.50,1.00
2018.04.09 02:32:32.252,1.56752,1.5677,1.00,1.00
2018.04.09 02:32:33.354,1.56751,1.56769,1.00,1.00
2018.04.09 02:32:33.874,1.5675,1.56769,1.00,1.00
2018.04.09 02:32:34.526,1.56752,1.56768,1.00,1.00
2018.04.09 02:32:34.839,1.5675,1.56767,1.00,1.00
2018.04.09 02:32:34.897,1.56752,1.5677,1.00,1.12
2018.04.09 02:32:35.001,1.56752,1.56772,1.12,1.00
2018.04.09 02:32:35.053,1.5675,1.56769,1.50,1.00
2018.04.09 02:32:35.394,1.56752,1.56768,1.00,1.00
2018.04.09 02:32:35.445,1.5675,1.56768,1.00,1.00
2018.04.09 02:32:36.532,1.5675,1.56767,1.12,1.00
2018.04.09 02:32:36.789,1.56748,1.56767,1.50,1.00
2018.04.09 02:32:37.333,1.56749,1.56767,1.00,1.00
2018.04.09 02:32:37.949,1.56749,1.56767,1.50,1.00
2018.04.09 02:32:38.656,1.56749,1.56768,1.50,1.00
2018.04.09 02:32:40.313,1.5675,1.56767,1.12,1.00
2018.04.09 02:32:42.579,1.56749,1.56767,1.00,1.00
2018.04.09 02:32:45.247,1.56749,1.56763,1.00,1.00
2018.04.09 02:32:45.300,1.56749,1.56766,1.00,1.00
2018.04.09 02:32:45.807,1.56746,1.56765,3.37,1.00
2018.04.09 02:32:45.911,1.56748,1.56767,1.00,1.00
2018.04.09 02:32:46.016,1.56748,1.56768,1.75,1.00
2018.04.09 02:32:46.575,1.56748,1.56768,4.12,1.00
2018.04.09 02:32:46.889,1.56748,1.56767,1.12,1.00
2018.04.09 02:32:47.512,1.56748,1.56767,1.50,1.00
2018.04.09 02:32:50.249,1.56748,1.56767,1.00,1.00
2018.04.09 02:32:50.793,1.56749,1.56768,1.12,1.00
2018.04.09 02:32:51.376,1.5675,1.56768,1.00,1.00
2018.04.09 02:32:51.993,1.5675,1.56767,1.00,1.00
2018.04.09 02:32:52.512,1.5675,1.56768,1.00,1.00
2018.04.09 02:32:53.163,1.56751,1.56771,1.00,1.00
2018.04.09 02:32:53.216,1.56754,1.56772,2.81,1.00
2018.04.09 02:32:53.320,1.56754,1.56772,1.31,1.00
2018.04.09 02:32:53.824,1.56755,1.56773,1.00,1.00
2018.04.09 02:32:59.982,1.56754,1.56773,1.00,1.00
2018.04.09 02:33:00.498,1.56753,1.56773,1.50,1.00
2018.04.09 02:33:00.652,1.56753,1.56773,2.25,1.00
2018.04.09 02:33:01.221,1.56755,1.56773,1.00,1.00
2018.04.09 02:33:01.758,1.56754,1.56773,1.75,1.00
2018.04.09 02:33:05.118,1.56754,1.56772,3.37,1.00
2018.04.09 02:33:05.765,1.56752,1.56772,2.44,1.00
2018.04.09 02:33:06.300,1.56752,1.56772,5.25,1.00
2018.04.09 02:33:06.962,1.56753,1.56772,3.37,1.00
2018.04.09 02:33:08.157,1.56753,1.56772,1.00,1.00
2018.04.09 02:33:08.769,1.56752,1.56772,2.44,1.00
2018.04.09 02:33:10.160,1.56752,1.56772,5.06,1.00
2018.04.09 02:33:10.691,1.56753,1.56773,4.12,1.00
2018.04.09 02:33:22.462,1.56754,1.56773,3.37,1.00
2018.04.09 02:33:23.057,1.56754,1.56774,3.37,1.00
2018.04.09 02:33:23.159,1.56754,1.56774,1.12,1.00
2018.04.09 02:33:23.313,1.56754,1.56774,1.75,1.00
2018.04.09 02:33:23.672,1.56754,1.56772,1.12,1.00
2018.04.09 02:33:24.058,1.56755,1.56772,1.75,1.00
2018.04.09 02:33:24.161,1.56754,1.56772,2.62,1.00
2018.04.09 02:33:24.789,1.56754,1.56773,3.37,1.00
2018.04.09 02:33:26.396,1.56755,1.56773,1.75,1.00
2018.04.09 02:33:26.967,1.56754,1.56773,3.37,1.00
2018.04.09 02:33:27.926,1.56755,1.56773,2.62,1.00
2018.04.09 02:33:29.449,1.56755,1.56773,1.50,1.00
2018.04.09 02:33:30.466,1.56754,1.56773,1.12,1.00
2018.04.09 02:33:31.039,1.56755,1.56773,1.00,1.00
2018.04.09 02:33:31.978,1.56754,1.56773,3.37,1.00
2018.04.09 02:33:32.080,1.56754,1.56773,1.00,1.00
2018.04.09 02:33:32.182,1.56754,1.56773,1.50,1.00
2018.04.09 02:33:35.389,1.56754,1.56773,1.37,1.00
2018.04.09 02:33:35.899,1.56754,1.56773,1.00,1.00
2018.04.09 02:33:37.707,1.56754,1.56773,1.37,1.00
2018.04.09 02:33:41.450,1.56755,1.56773,1.37,1.00
2018.04.09 02:33:42.061,1.56755,1.56774,1.00,1.00
2018.04.09 02:33:47.898,1.56755,1.56773,1.00,1.00
2018.04.09 02:33:48.507,1.56755,1.56774,1.12,1.00
2018.04.09 02:33:52.413,1.56757,1.56774,1.00,1.00
2018.04.09 02:33:58.103,1.56757,1.56773,1.00,1.00
2018.04.09 02:33:58.154,1.56754,1.56771,1.00,1.00
2018.04.09 02:33:58.464,1.56751,1.5677,1.00,1.00
2018.04.09 02:33:59.702,1.56751,1.56769,1.00,1.00
2018.04.09 02:34:01.280,1.5675,1.56769,1.00,1.00
2018.04.09 02:34:01.827,1.5675,1.56768,1.00,1.00
2018.04.09 02:34:02.667,1.5675,1.56768,1.50,1.00
2018.04.09 02:34:03.629,1.5675,1.56768,1.00,1.00
2018.04.09 02:34:06.500,1.5675,1.56769,1.00,1.00
2018.04.09 02:34:07.894,1.5675,1.56768,1.12,1.00
2018.04.09 02:34:14.074,1.56749,1.56768,1.00,1.00
2018.04.09 02:34:14.597,1.56747,1.56768,2.06,1.00
2018.04.09 02:34:14.649,1.56747,1.56768,2.44,1.00
2018.04.09 02:34:14.980,1.56748,1.56768,1.75,1.00
2018.04.09 02:34:16.767,1.56748,1.56768,1.25,1.00
2018.04.09 02:34:16.870,1.5675,1.56772,1.87,1.00
2018.04.09 02:34:17.570,1.5675,1.56772,3.00,1.00
2018.04.09 02:34:17.949,1.56755,1.56776,2.25,1.19
2018.04.09 02:34:18.156,1.56754,1.56773,2.81,1.25
2018.04.09 02:34:18.572,1.56754,1.56774,3.56,1.25
2018.04.09 02:34:18.880,1.56753,1.56773,1.25,1.19
2018.04.09 02:34:18.983,1.56752,1.56771,1.75,1.00
2018.04.09 02:34:19.315,1.5675,1.5677,3.37,1.00
2018.04.09 02:34:19.367,1.56749,1.56769,2.81,1.00
2018.04.09 02:34:19.675,1.56748,1.56767,1.69,1.00
2018.04.09 02:34:19.727,1.56745,1.56765,2.44,1.00
2018.04.09 02:34:19.830,1.56743,1.56765,2.62,1.00
2018.04.09 02:34:20.105,1.56743,1.56763,2.81,1.00
2018.04.09 02:34:22.303,1.56743,1.56763,1.69,1.00
2018.04.09 02:34:22.612,1.56742,1.56762,1.00,1.00
2018.04.09 02:34:23.242,1.56743,1.56764,1.00,1.00
2018.04.09 02:34:25.433,1.56744,1.56764,1.00,1.00
2018.04.09 02:34:25.955,1.56744,1.56765,1.00,1.00
2018.04.09 02:34:27.235,1.56744,1.56764,1.12,1.00
2018.04.09 02:34:28.947,1.56743,1.56763,2.25,1.00
2018.04.09 02:34:30.107,1.56743,1.56763,1.50,1.00
2018.04.09 02:34:30.623,1.56743,1.56763,1.75,1.00
2018.04.09 02:34:30.726,1.56743,1.56763,1.00,1.00
2018.04.09 02:34:32.432,1.56743,1.56763,1.75,1.00
2018.04.09 02:34:33.135,1.56743,1.56763,1.75,1.00
2018.04.09 02:34:34.279,1.56743,1.56763,1.00,1.00
2018.04.09 02:34:34.484,1.56743,1.56763,3.37,1.00
2018.04.09 02:34:34.690,1.56743,1.56763,1.12,1.00
2018.04.09 02:34:34.879,1.56743,1.56763,1.75,1.00
2018.04.09 02:34:35.613,1.56746,1.56766,1.50,1.00
2018.04.09 02:34:35.767,1.56746,1.56766,3.37,1.00
2018.04.09 02:34:36.087,1.56745,1.56764,1.50,1.00
2018.04.09 02:34:36.714,1.56744,1.56764,1.50,1.00
2018.04.09 02:34:38.438,1.56744,1.56764,1.00,1.00
2018.04.09 02:34:39.018,1.56744,1.56764,1.50,1.00
2018.04.09 02:34:39.332,1.56743,1.56762,1.50,1.00
2018.04.09 02:34:40.079,1.56741,1.56762,2.62,1.00
2018.04.09 02:34:40.553,1.56741,1.56762,1.50,1.00
2018.04.09 02:34:41.129,1.56742,1.56762,1.00,1.00
2018.04.09 02:34:46.448,1.5674,1.56762,2.62,1.00
2018.04.09 02:34:47.268,1.5674,1.56762,2.62,1.00
2018.04.09 02:34:48.072,1.5674,1.56762,2.62,1.00
2018.04.09 02:34:48.124,1.5674,1.56762,2.25,1.00
2018.04.09 02:34:48.625,1.5674,1.56762,2.62,1.00
2018.04.09 02:34:49.812,1.5674,1.5676,3.00,1.00
2018.04.09 02:34:50.443,1.5674,1.5676,3.00,1.00
2018.04.09 02:34:50.763,1.56741,1.5676,1.37,1.00
2018.04.09 02:34:54.447,1.56741,1.5676,1.12,1.00
2018.04.09 02:34:56.428,1.56741,1.5676,1.50,1.00
2018.04.09 02:34:57.158,1.56743,1.56762,1.00,1.00
2018.04.09 02:34:57.314,1.56743,1.56762,1.75,1.00
2018.04.09 02:34:57.367,1.56746,1.56766,1.00,1.00
2018.04.09 02:34:57.421,1.56746,1.56762,1.00,1.00
2018.04.09 02:34:57.474,1.56744,1.56764,1.00,2.06
2018.04.09 02:34:57.527,1.56744,1.56762,1.00,1.00
2018.04.09 02:34:57.580,1.56742,1.56762,1.00,1.00
2018.04.09 02:34:57.633,1.56745,1.56764,1.00,1.31
2018.04.09 02:34:57.738,1.56746,1.56766,1.00,1.12
2018.04.09 02:34:57.920,1.56748,1.56765,1.00,1.00
2018.04.09 02:34:59.987,1.56748,1.56764,1.00,1.00
2018.04.09 02:35:00.039,1.56745,1.56763,1.00,1.00
2018.04.09 02:35:00.668,1.56745,1.56764,1.00,1.00
2018.04.09 02:35:03.512,1.56745,1.56763,1.00,1.00
2018.04.09 02:35:03.820,1.56748,1.56766,1.00,1.00
2018.04.09 02:35:04.330,1.56748,1.56767,1.00,1.00
2018.04.09 02:35:06.248,1.56747,1.56767,1.25,1.00
2018.04.09 02:35:07.102,1.56747,1.56767,1.69,1.00
2018.04.09 02:35:07.286,1.5675,1.5677,1.25,1.00
2018.04.09 02:35:08.264,1.5675,1.56769,1.31,1.00
2018.04.09 02:35:12.338,1.5675,1.56768,1.00,1.00
2018.04.09 02:35:12.844,1.56748,1.56767,1.00,1.00
2018.04.09 02:35:17.173,1.56749,1.56768,1.00,1.00
2018.04.09 02:35:17.779,1.5675,1.56769,1.00,1.00
2018.04.09 02:35:18.601,1.5675,1.56768,1.25,1.00
2018.04.09 02:35:19.146,1.56749,1.56769,1.12,1.00
2018.04.09 02:35:20.361,1.56749,1.56768,1.12,1.00
2018.04.09 02:35:22.482,1.56752,1.56772,1.00,1.00
2018.04.09 02:35:22.599,1.56753,1.56775,1.00,1.12
2018.04.09 02:35:23.122,1.56753,1.56775,1.50,1.00
2018.04.09 02:35:24.418,1.56753,1.56775,1.12,1.00
2018.04.09 02:35:24.979,1.56753,1.56775,1.37,1.00
2018.04.09 02:35:25.317,1.56754,1.56773,1.50,1.00
2018.04.09 02:35:26.863,1.56752,1.56768,1.00,1.00
2018.04.09 02:35:26.969,1.56748,1.56768,4.31,1.00
2018.04.09 02:35:29.438,1.56746,1.56766,4.31,1.00
2018.04.09 02:35:29.826,1.56747,1.56766,1.25,1.00
2018.04.09 02:35:30.087,1.56746,1.56766,2.44,1.00
2018.04.09 02:35:31.460,1.56748,1.56768,1.50,1.00
2018.04.09 02:35:31.973,1.56748,1.56766,2.44,1.00
2018.04.09 02:35:32.517,1.56748,1.56766,1.12,1.00
2018.04.09 02:35:33.466,1.56746,1.56766,1.69,1.00
2018.04.09 02:35:35.503,1.56746,1.56766,2.00,1.00
2018.04.09 02:35:36.388,1.56746,1.56766,2.81,1.00
2018.04.09 02:35:36.439,1.56746,1.56766,1.69,1.00
2018.04.09 02:35:38.170,1.56746,1.56766,1.62,1.00
2018.04.09 02:35:38.760,1.56748,1.56766,1.37,1.00
2018.04.09 02:35:39.313,1.56748,1.56767,1.37,1.00
2018.04.09 02:35:39.834,1.56748,1.56767,1.00,1.00
2018.04.09 02:35:42.888,1.56748,1.56763,1.50,1.00
2018.04.09 02:35:43.832,1.56745,1.56766,6.19,1.00
2018.04.09 02:35:45.417,1.56748,1.56766,1.00,1.00
2018.04.09 02:35:46.211,1.56748,1.56766,1.37,1.00
2018.04.09 02:35:47.010,1.56748,1.56766,1.50,1.00
2018.04.09 02:35:49.541,1.56748,1.56766,1.50,1.00
2018.04.09 02:35:50.555,1.56748,1.56766,1.12,1.00
2018.04.09 02:35:53.591,1.56748,1.56767,1.50,1.00
2018.04.09 02:35:53.745,1.56748,1.56767,4.12,1.00
2018.04.09 02:35:54.035,1.56748,1.56766,1.12,1.00
2018.04.09 02:35:55.320,1.56747,1.56766,1.25,1.00
2018.04.09 02:35:55.927,1.56747,1.56767,1.25,1.00
2018.04.09 02:35:56.533,1.56747,1.56766,1.69,1.00
2018.04.09 02:36:00.694,1.56747,1.56766,1.12,1.00
2018.04.09 02:36:00.754,1.56746,1.56762,3.37,1.00
2018.04.09 02:36:00.807,1.56745,1.56762,1.00,1.00
2018.04.09 02:36:01.116,1.56744,1.56764,1.12,1.00
2018.04.09 02:36:01.220,1.56746,1.56766,4.12,1.00
2018.04.09 02:36:01.724,1.56748,1.56767,1.12,1.00
2018.04.09 02:36:02.626,1.56746,1.56767,1.87,1.00
2018.04.09 02:36:02.729,1.56746,1.56767,4.12,1.00
2018.04.09 02:36:04.389,1.56746,1.56767,2.25,1.00
2018.04.09 02:36:04.909,1.56746,1.56767,1.87,1.00
2018.04.09 02:36:05.239,1.56746,1.56767,2.25,1.00
2018.04.09 02:36:05.574,1.56745,1.56764,4.87,1.00
2018.04.09 02:36:05.626,1.56745,1.56764,1.50,1.00
2018.04.09 02:36:06.794,1.56745,1.56763,1.00,1.00
2018.04.09 02:36:09.582,1.56745,1.56764,1.00,1.00
2018.04.09 02:36:10.152,1.56745,1.56763,1.00,1.00
2018.04.09 02:36:11.509,1.56744,1.56763,1.00,1.00
2018.04.09 02:36:12.762,1.56744,1.56764,1.50,1.00
2018.04.09 02:36:12.814,1.56744,1.56764,4.12,1.00
2018.04.09 02:36:14.441,1.56744,1.56764,2.06,1.00
2018.04.09 02:36:15.020,1.56744,1.56763,1.50,1.00
2018.04.09 02:36:16.702,1.56744,1.56764,1.50,1.00
2018.04.09 02:36:17.464,1.56745,1.56764,1.00,1.00
2018.04.09 02:36:17.609,1.56748,1.56769,1.19,1.12
2018.04.09 02:36:17.714,1.5675,1.56767,1.00,1.00
2018.04.09 02:36:17.872,1.56749,1.56769,1.31,1.00
2018.04.09 02:36:18.028,1.56751,1.5677,1.00,1.00
2018.04.09 02:36:18.572,1.5675,1.56769,1.00,1.00
2018.04.09 02:36:21.955,1.5675,1.56769,1.19,1.00
2018.04.09 02:36:26.099,1.5675,1.5677,2.62,1.00
2018.04.09 02:36:26.618,1.5675,1.56771,1.19,1.00
2018.04.09 02:36:27.376,1.5675,1.56772,1.19,1.00
2018.04.09 02:36:27.898,1.56751,1.56771,1.19,1.00
2018.04.09 02:36:37.796,1.56752,1.56772,1.25,1.00
2018.04.09 02:36:38.105,1.56756,1.56775,1.75,1.00
2018.04.09 02:36:38.157,1.56755,1.56775,3.75,1.00
2018.04.09 02:36:38.210,1.56755,1.56772,1.50,1.00
2018.04.09 02:36:38.467,1.56753,1.56776,2.81,1.00
2018.04.09 02:36:38.520,1.56754,1.56774,1.50,1.00
2018.04.09 02:36:39.043,1.56754,1.56774,2.25,1.00
2018.04.09 02:36:39.720,1.56753,1.56773,3.56,1.00
2018.04.09 02:36:40.049,1.56754,1.56775,3.00,1.00
2018.04.09 02:36:40.491,1.56754,1.56775,1.69,1.00
2018.04.09 02:36:41.066,1.56754,1.56775,3.19,1.00
2018.04.09 02:36:41.506,1.56754,1.56775,3.19,1.00
2018.04.09 02:36:41.659,1.56754,1.56775,2.81,1.00
2018.04.09 02:36:41.762,1.56754,1.56775,3.37,1.00
2018.04.09 02:36:41.865,1.56754,1.56775,3.00,1.00
2018.04.09 02:36:44.406,1.56754,1.56775,3.19,1.00
2018.04.09 02:36:45.066,1.56754,1.56773,2.62,1.00
2018.04.09 02:36:45.580,1.56753,1.56774,1.87,1.00
2018.04.09 02:36:45.632,1.56753,1.56772,1.87,1.00
2018.04.09 02:36:47.565,1.56753,1.56772,1.25,1.00
2018.04.09 02:36:48.901,1.56754,1.56772,1.00,1.00
2018.04.09 02:36:49.208,1.56754,1.56773,1.75,1.00
2018.04.09 02:36:49.646,1.56754,1.56773,1.12,1.00
2018.04.09 02:36:52.987,1.56753,1.56773,3.00,1.00
2018.04.09 02:36:53.202,1.56754,1.56772,1.50,1.00
2018.04.09 02:36:53.760,1.56754,1.56772,1.12,1.00
2018.04.09 02:36:54.798,1.56754,1.56773,2.06,1.00
2018.04.09 02:36:55.704,1.56754,1.56773,2.06,1.00
2018.04.09 02:36:56.190,1.56755,1.56775,1.69,1.00
2018.04.09 02:36:56.242,1.56757,1.56775,1.00,1.00
2018.04.09 02:36:56.550,1.56759,1.56776,1.00,1.00
2018.04.09 02:36:58.096,1.56757,1.56776,2.44,1.00
2018.04.09 02:36:58.325,1.56757,1.56776,1.69,1.00
2018.04.09 02:36:58.852,1.56758,1.56776,1.62,1.00
2018.04.09 02:37:00.135,1.56759,1.56777,1.31,1.00
2018.04.09 02:37:00.188,1.56759,1.56777,2.00,1.00
2018.04.09 02:37:00.290,1.56759,1.56778,1.12,1.00
2018.04.09 02:37:00.342,1.5676,1.56781,2.25,1.00
2018.04.09 02:37:00.394,1.5676,1.56781,3.75,1.00
2018.04.09 02:37:00.918,1.56762,1.5678,1.12,1.00
2018.04.09 02:37:03.764,1.56762,1.56781,1.12,1.00
2018.04.09 02:37:04.221,1.56761,1.56779,1.00,1.00
2018.04.09 02:37:04.272,1.56761,1.56781,1.00,1.00
2018.04.09 02:37:04.375,1.56761,1.56779,1.00,1.00
2018.04.09 02:37:04.684,1.56759,1.56778,1.87,1.00
2018.04.09 02:37:05.291,1.5676,1.56779,1.00,1.00
2018.04.09 02:37:07.104,1.56763,1.56783,1.00,1.25
2018.04.09 02:37:11.669,1.56763,1.56783,1.37,1.25
2018.04.09 02:37:11.772,1.56765,1.56784,1.50,1.19
2018.04.09 02:37:11.825,1.56767,1.56787,1.00,1.25
2018.04.09 02:37:12.412,1.56768,1.56788,2.25,1.00
2018.04.09 02:37:12.757,1.56767,1.56783,1.12,1.00
2018.04.09 02:37:12.809,1.56764,1.56784,2.44,1.00
2018.04.09 02:37:12.912,1.56765,1.56785,2.81,1.00
2018.04.09 02:37:13.425,1.56767,1.56785,1.37,1.00
2018.04.09 02:37:14.293,1.56767,1.56785,1.00,1.00
2018.04.09 02:37:15.103,1.56767,1.56785,1.50,1.00
2018.04.09 02:37:15.973,1.56767,1.56785,1.00,1.00
2018.04.09 02:37:16.025,1.56765,1.56785,1.50,1.00
2018.04.09 02:37:16.536,1.56764,1.56785,2.06,1.00
2018.04.09 02:37:17.029,1.56767,1.56787,1.00,1.00
2018.04.09 02:37:17.337,1.56769,1.56789,1.75,1.00
2018.04.09 02:37:17.491,1.56769,1.56789,1.12,1.00
2018.04.09 02:37:17.993,1.56769,1.5679,1.00,1.00
2018.04.09 02:37:18.938,1.5677,1.5679,1.00,1.25
2018.04.09 02:37:19.480,1.5677,1.5679,2.44,1.25
2018.04.09 02:37:19.863,1.56769,1.56789,1.12,1.00
2018.04.09 02:37:20.676,1.56768,1.56786,1.00,1.00
2018.04.09 02:37:20.883,1.56765,1.56786,2.25,1.00
2018.04.09 02:37:21.527,1.56765,1.56786,2.06,1.00
2018.04.09 02:37:21.963,1.56765,1.56786,2.00,1.25
2018.04.09 02:37:22.066,1.56765,1.56786,1.12,1.25
2018.04.09 02:37:23.294,1.56764,1.56783,1.50,1.00
2018.04.09 02:37:24.026,1.56763,1.56783,2.25,1.00
2018.04.09 02:37:25.068,1.56763,1.56785,1.50,1.31
2018.04.09 02:37:25.679,1.56763,1.56783,2.25,1.25
2018.04.09 02:37:28.537,1.56762,1.56783,2.44,1.19
2018.04.09 02:37:29.896,1.56761,1.5678,1.69,1.00
2018.04.09 02:37:30.205,1.56764,1.56783,1.00,1.50
2018.04.09 02:37:30.440,1.56761,1.5678,1.69,1.00
2018.04.09 02:37:30.493,1.56759,1.5678,3.00,1.00
2018.04.09 02:37:31.010,1.56761,1.5678,1.50,1.00
2018.04.09 02:37:31.743,1.5676,1.5678,2.06,1.00
2018.04.09 02:37:32.903,1.5676,1.5678,2.44,1.00
2018.04.09 02:37:33.529,1.5676,1.5678,1.69,1.00
2018.04.09 02:37:34.036,1.5676,1.5678,1.25,1.00
2018.04.09 02:37:35.180,1.5676,1.5678,1.62,1.00
2018.04.09 02:37:36.451,1.5676,1.5678,1.31,1.00
2018.04.09 02:37:36.977,1.5676,1.56779,1.62,1.00
2018.04.09 02:37:37.544,1.5676,1.56779,1.31,1.00
2018.04.09 02:37:40.832,1.5676,1.56779,1.62,1.00
2018.04.09 02:37:41.358,1.56759,1.5678,2.62,1.00
2018.04.09 02:37:42.388,1.5676,1.5678,1.75,1.00
2018.04.09 02:37:42.748,1.5676,1.56782,3.56,1.00
2018.04.09 02:37:42.800,1.56763,1.56783,1.19,1.00
2018.04.09 02:37:43.121,1.56768,1.56787,1.00,1.00
2018.04.09 02:37:43.174,1.56769,1.56789,1.25,1.00
2018.04.09 02:37:43.380,1.56769,1.56787,1.25,1.00
2018.04.09 02:37:43.690,1.56766,1.56785,1.31,1.00
2018.04.09 02:37:44.211,1.56765,1.56784,1.19,1.00
2018.04.09 02:37:46.117,1.56765,1.56784,1.31,1.00
2018.04.09 02:37:47.911,1.56764,1.56785,1.69,1.00
2018.04.09 02:37:48.117,1.56764,1.56785,3.19,1.00
2018.04.09 02:37:48.689,1.56766,1.56785,1.00,1.00
2018.04.09 02:37:49.822,1.56766,1.56784,1.12,1.00
2018.04.09 02:37:50.336,1.56765,1.56785,1.31,1.00
2018.04.09 02:37:53.302,1.56765,1.56787,1.31,1.00
2018.04.09 02:37:53.815,1.56766,1.56786,1.94,1.00
2018.04.09 02:37:54.352,1.56767,1.56786,1.25,1.00
2018.04.09 02:37:54.869,1.56765,1.56786,2.44,1.00
2018.04.09 02:37:55.434,1.56765,1.56786,2.06,1.00
2018.04.09 02:37:55.970,1.56765,1.56785,1.94,1.00
2018.04.09 02:37:56.462,1.56765,1.56785,1.25,1.00
2018.04.09 02:37:57.133,1.56764,1.56785,2.06,1.00
2018.04.09 02:37:57.686,1.56764,1.56785,2.44,1.00
2018.04.09 02:38:01.390,1.56764,1.56785,1.69,1.00
2018.04.09 02:38:04.562,1.56764,1.56785,2.44,1.00
2018.04.09 02:38:05.379,1.56764,1.56784,2.44,1.00
2018.04.09 02:38:07.385,1.56764,1.56784,2.06,1.00
2018.04.09 02:38:08.447,1.56764,1.56784,2.44,1.00
2018.04.09 02:38:09.191,1.56764,1.56784,2.44,1.00
2018.04.09 02:38:09.294,1.56764,1.56784,2.06,1.00
2018.04.09 02:38:09.764,1.56762,1.56779,1.50,1.00
2018.04.09 02:38:09.867,1.56761,1.56781,2.25,1.00
2018.04.09 02:38:10.251,1.56762,1.56783,1.00,1.00
2018.04.09 02:38:10.303,1.56761,1.56781,1.50,1.00
2018.04.09 02:38:11.730,1.56761,1.56781,2.25,1.00
2018.04.09 02:38:13.439,1.56761,1.56781,1.50,1.00
2018.04.09 02:38:17.256,1.56761,1.56781,2.25,1.00
2018.04.09 02:38:19.306,1.56761,1.56781,3.00,1.00
2018.04.09 02:38:20.232,1.56761,1.5678,1.87,1.00
2018.04.09 02:38:21.752,1.5676,1.56778,1.75,1.00
2018.04.09 02:38:21.804,1.56758,1.56778,2.25,1.00
2018.04.09 02:38:21.924,1.56761,1.56781,4.12,1.00
2018.04.09 02:38:23.381,1.56762,1.56782,1.75,1.00
2018.04.09 02:38:23.781,1.56762,1.56782,1.50,1.00
2018.04.09 02:38:24.038,1.56769,1.56785,1.00,1.00
2018.04.09 02:38:24.091,1.56767,1.56787,1.00,1.50
2018.04.09 02:38:24.194,1.56765,1.56784,3.37,1.00
2018.04.09 02:38:24.553,1.56763,1.56783,3.00,1.25
2018.04.09 02:38:24.708,1.56764,1.56781,2.62,1.00
2018.04.09 02:38:24.760,1.56763,1.56781,1.00,1.00
2018.04.09 02:38:25.281,1.56761,1.56781,2.25,1.00
2018.04.09 02:38:25.710,1.56761,1.56781,2.25,1.00
2018.04.09 02:38:26.060,1.56762,1.56781,3.37,1.25
2018.04.09 02:38:26.320,1.56762,1.56781,1.12,1.25
2018.04.09 02:38:26.423,1.56761,1.56781,2.25,1.25
2018.04.09 02:38:27.379,1.56761,1.56781,1.75,1.25
2018.04.09 02:38:27.533,1.56765,1.56781,1.00,1.25
2018.04.09 02:38:28.191,1.56762,1.5678,1.75,1.00
2018.04.09 02:38:28.293,1.56761,1.5678,3.00,1.00
2018.04.09 02:38:28.530,1.56761,1.5678,2.25,1.00
2018.04.09 02:38:29.075,1.56763,1.5678,1.75,1.00
2018.04.09 02:38:30.471,1.56761,1.5678,3.00,1.00
2018.04.09 02:38:30.630,1.56761,1.5678,4.87,1.00
2018.04.09 02:38:30.733,1.56761,1.56778,1.00,1.25
2018.04.09 02:38:30.785,1.56758,1.56775,3.37,1.00
2018.04.09 02:38:30.837,1.56757,1.56775,1.00,1.00
2018.04.09 02:38:30.940,1.56756,1.56776,4.31,1.00
2018.04.09 02:38:31.044,1.56756,1.56776,5.06,1.00
2018.04.09 02:38:31.147,1.56756,1.56776,3.19,1.00
2018.04.09 02:38:31.249,1.56757,1.56776,2.62,1.00
2018.04.09 02:38:31.455,1.56756,1.56776,3.19,1.00
2018.04.09 02:38:31.673,1.56756,1.56776,2.44,1.00
2018.04.09 02:38:32.207,1.56756,1.56775,2.25,1.00
2018.04.09 02:38:32.819,1.56756,1.56775,1.69,1.00
2018.04.09 02:38:32.871,1.56756,1.56775,1.69,1.00
2018.04.09 02:38:33.628,1.56756,1.56775,1.31,1.00
2018.04.09 02:38:35.389,1.56756,1.56775,2.06,1.00
2018.04.09 02:38:35.904,1.56756,1.56775,2.44,1.00
2018.04.09 02:38:36.417,1.56757,1.56776,2.25,1.00
2018.04.09 02:38:42.694,1.56758,1.56776,1.00,1.00
2018.04.09 02:38:43.383,1.56757,1.56776,1.00,1.00
2018.04.09 02:38:44.424,1.56757,1.56776,1.75,1.00
2018.04.09 02:38:45.411,1.56757,1.56776,1.00,1.00
2018.04.09 02:38:47.066,1.56757,1.56775,1.75,1.00
2018.04.09 02:38:47.124,1.56757,1.56777,1.75,1.00
2018.04.09 02:38:47.177,1.56757,1.56777,1.00,1.00
2018.04.09 02:38:47.466,1.56757,1.56776,2.25,1.00
2018.04.09 02:38:47.674,1.56757,1.56776,1.50,1.00
2018.04.09 02:38:48.451,1.56757,1.56774,1.50,1.00
2018.04.09 02:38:48.811,1.56756,1.56774,1.00,1.00
2018.04.09 02:38:49.326,1.56755,1.56773,1.69,1.00
2018.04.09 02:38:52.098,1.56755,1.56772,1.50,1.00
2018.04.09 02:38:52.629,1.56755,1.56773,1.00,1.00
2018.04.09 02:38:53.188,1.56755,1.56774,1.00,1.00
2018.04.09 02:38:53.702,1.56755,1.56773,1.00,1.00
2018.04.09 02:38:54.113,1.56752,1.56772,2.62,1.00
2018.04.09 02:38:54.633,1.56752,1.56771,2.25,1.00
2018.04.09 02:38:54.834,1.56752,1.56769,1.00,1.00
2018.04.09 02:38:55.010,1.56749,1.56769,1.87,1.00
2018.04.09 02:38:55.215,1.56751,1.56771,1.50,1.00
2018.04.09 02:38:55.542,1.56754,1.56772,1.00,1.00
2018.04.09 02:38:56.537,1.56755,1.56773,1.00,1.00
2018.04.09 02:38:56.845,1.56757,1.56773,1.00,1.00
2018.04.09 02:38:57.227,1.56754,1.56771,4.12,1.00
2018.04.09 02:38:57.774,1.56753,1.56772,3.37,1.00
2018.04.09 02:38:59.414,1.56754,1.56772,1.50,1.00
2018.04.09 02:39:00.868,1.56754,1.56773,1.75,1.00
2018.04.09 02:39:01.219,1.56753,1.5677,1.00,1.00
2018.04.09 02:39:01.728,1.56751,1.5677,2.25,1.00
2018.04.09 02:39:02.249,1.56751,1.5677,4.12,1.00
2018.04.09 02:39:02.437,1.56751,1.5677,1.50,1.00
2018.04.09 02:39:03.041,1.56751,1.5677,2.25,1.00
2018.04.09 02:39:03.559,1.56751,1.5677,2.25,1.00
2018.04.09 02:39:05.390,1.56752,1.5677,1.00,1.00
2018.04.09 02:39:06.160,1.56751,1.5677,4.12,1.00
2018.04.09 02:39:07.442,1.56751,1.5677,2.25,1.00
2018.04.09 02:39:09.441,1.56751,1.5677,1.50,1.00
2018.04.09 02:39:11.393,1.56751,1.5677,1.87,1.00
2018.04.09 02:39:12.103,1.56751,1.5677,2.25,1.00
2018.04.09 02:39:13.014,1.56751,1.5677,1.00,1.00
2018.04.09 02:39:13.756,1.56751,1.5677,1.50,1.00
2018.04.09 02:39:14.253,1.5675,1.5677,1.50,1.00
2018.04.09 02:39:14.304,1.56753,1.56773,1.00,1.31
2018.04.09 02:39:14.824,1.56752,1.56772,1.00,1.25
2018.04.09 02:39:15.326,1.56752,1.56771,1.50,1.00
2018.04.09 02:39:15.725,1.56752,1.56769,1.00,1.00
2018.04.09 02:39:16.381,1.56749,1.5677,3.00,1.25
2018.04.09 02:39:16.585,1.5675,1.56771,2.62,1.00
2018.04.09 02:39:16.687,1.5675,1.5677,2.25,1.00
2018.04.09 02:39:17.637,1.56751,1.56771,2.25,1.00
2018.04.09 02:39:17.997,1.56754,1.56772,2.62,1.00
2018.04.09 02:39:19.096,1.56754,1.56773,2.62,1.00
2018.04.09 02:39:19.716,1.56754,1.56773,2.62,1.00
2018.04.09 02:39:20.238,1.56753,1.56774,5.06,1.00
2018.04.09 02:39:20.792,1.56753,1.56774,3.19,1.00
2018.04.09 02:39:22.406,1.56753,1.56773,5.25,1.25
2018.04.09 02:39:22.458,1.56754,1.56773,1.50,1.25
2018.04.09 02:39:22.510,1.56753,1.56771,3.56,1.00
2018.04.09 02:39:22.562,1.56753,1.56772,1.12,1.00
2018.04.09 02:39:22.819,1.56753,1.56772,1.75,1.00
2018.04.09 02:39:23.411,1.56753,1.56772,1.75,1.00
2018.04.09 02:39:23.736,1.56753,1.56772,1.50,1.25
2018.04.09 02:39:28.424,1.56753,1.56772,1.75,1.25
2018.04.09 02:39:28.528,1.56753,1.56772,1.12,1.25
2018.04.09 02:39:28.736,1.56752,1.56772,3.00,1.00
2018.04.09 02:39:28.839,1.56751,1.56771,2.25,1.00
2018.04.09 02:39:29.304,1.56755,1.56773,2.62,1.00
2018.04.09 02:39:29.358,1.56755,1.56775,2.62,1.50
2018.04.09 02:39:29.410,1.56758,1.56777,2.62,1.00
2018.04.09 02:39:29.738,1.5676,1.56777,1.75,1.00
2018.04.09 02:39:29.967,1.5676,1.56777,1.00,1.00
2018.04.09 02:39:30.482,1.5676,1.56778,1.50,1.00
2018.04.09 02:39:30.997,1.5676,1.56777,1.12,1.00
2018.04.09 02:39:33.205,1.5676,1.56778,1.12,1.00
2018.04.09 02:39:33.256,1.5676,1.56778,1.12,1.37
2018.04.09 02:39:33.309,1.56757,1.56777,1.87,1.37
2018.04.09 02:39:33.475,1.56755,1.56775,1.50,1.00
2018.04.09 02:39:34.886,1.56755,1.56775,1.87,1.00
2018.04.09 02:39:35.387,1.56755,1.56775,1.87,1.00
2018.04.09 02:39:36.054,1.56755,1.56775,1.50,1.00
2018.04.09 02:39:37.391,1.56755,1.56775,1.75,1.00
2018.04.09 02:39:37.443,1.56757,1.56777,1.12,1.00
2018.04.09 02:39:37.494,1.56757,1.56777,3.37,1.00
2018.04.09 02:39:37.802,1.56756,1.56775,1.75,1.00
2018.04.09 02:39:38.148,1.56754,1.56773,1.50,1.00
2018.04.09 02:39:38.689,1.56754,1.56772,1.12,1.00
2018.04.09 02:39:41.187,1.56754,1.56772,1.37,1.00
2018.04.09 02:39:41.731,1.56754,1.56771,1.00,1.00
2018.04.09 02:39:43.079,1.5675,1.5677,2.44,1.00
2018.04.09 02:39:43.182,1.56751,1.5677,3.56,1.00
2018.04.09 02:39:45.966,1.56751,1.5677,1.00,1.00
2018.04.09 02:39:47.391,1.56751,1.5677,1.37,1.00
2018.04.09 02:39:49.429,1.56751,1.5677,1.31,1.00
2018.04.09 02:39:49.966,1.56751,1.5677,1.75,1.00
2018.04.09 02:39:50.018,1.56751,1.5677,1.00,1.00
2018.04.09 02:39:50.667,1.56752,1.56772,1.50,1.00
2018.04.09 02:39:50.822,1.56751,1.56771,2.06,1.00
2018.04.09 02:39:51.027,1.56751,1.56771,2.44,1.00
2018.04.09 02:39:51.795,1.56752,1.56771,1.50,1.00
2018.04.09 02:39:52.834,1.56752,1.56771,1.12,1.00
2018.04.09 02:39:52.886,1.56751,1.56771,3.19,1.00
2018.04.09 02:39:53.753,1.56751,1.56771,1.69,1.00
2018.04.09 02:39:56.495,1.56751,1.56771,3.19,1.00
2018.04.09 02:39:58.342,1.56751,1.56771,2.81,1.00
2018.04.09 02:40:00.798,1.56751,1.56771,2.25,1.00
2018.04.09 02:40:01.110,1.56751,1.56771,3.00,1.00
2018.04.09 02:40:01.649,1.56752,1.56771,1.00,1.00
2018.04.09 02:40:02.219,1.56752,1.56773,2.06,1.00
2018.04.09 02:40:02.375,1.56755,1.56775,1.50,1.00
2018.04.09 02:40:02.579,1.56754,1.56774,1.87,1.00
2018.04.09 02:40:03.089,1.56754,1.56773,1.50,1.00
2018.04.09 02:40:03.141,1.56756,1.56775,1.50,1.00
2018.04.09 02:40:03.296,1.56755,1.56775,2.62,1.00
2018.04.09 02:40:03.349,1.56755,1.56777,2.25,1.00
2018.04.09 02:40:03.657,1.56755,1.56774,1.12,1.00
2018.04.09 02:40:04.503,1.56755,1.56773,1.00,1.00
2018.04.09 02:40:04.606,1.56753,1.56772,2.06,1.00
2018.04.09 02:40:04.657,1.56753,1.56772,2.44,1.00
2018.04.09 02:40:05.219,1.56753,1.56771,1.75,1.00
2018.04.09 02:40:06.155,1.56753,1.56771,1.12,1.00
2018.04.09 02:40:06.670,1.56753,1.56771,1.50,1.00
2018.04.09 02:40:07.267,1.56753,1.56771,1.00,1.00
2018.04.09 02:40:08.431,1.56753,1.56772,1.12,1.00
2018.04.09 02:40:09.189,1.56753,1.56771,1.12,1.00
2018.04.09 02:40:12.265,1.56753,1.56771,1.19,1.00
2018.04.09 02:40:12.949,1.56753,1.56771,1.00,1.00
2018.04.09 02:40:19.941,1.56753,1.56772,1.00,1.00
2018.04.09 02:40:19.995,1.56753,1.56772,1.75,1.00
2018.04.09 02:40:20.213,1.56753,1.56771,1.50,1.00
2018.04.09 02:40:20.943,1.56753,1.56771,1.00,1.00
2018.04.09 02:40:22.063,1.56753,1.56771,1.37,1.00
2018.04.09 02:40:22.566,1.56752,1.56771,2.25,1.00
2018.04.09 02:40:24.442,1.56752,1.56771,1.00,1.00
2018.04.09 02:40:25.078,1.56753,1.56773,1.75,1.00
2018.04.09 02:40:25.183,1.56755,1.56775,1.75,1.00
2018.04.09 02:40:25.341,1.56756,1.56776,2.25,1.00
2018.04.09 02:40:25.817,1.56756,1.56775,1.75,1.00
2018.04.09 02:40:26.339,1.56756,1.56774,1.50,1.00
2018.04.09 02:40:26.493,1.56754,1.56774,1.50,1.00
2018.04.09 02:40:26.596,1.56754,1.56772,1.00,1.00
2018.04.09 02:40:27.108,1.56752,1.56771,1.19,1.00
2018.04.09 02:40:27.438,1.56752,1.56771,1.00,1.00
2018.04.09 02:40:30.443,1.56751,1.56771,1.69,1.00
2018.04.09 02:40:32.443,1.56751,1.56771,2.44,1.00
2018.04.09 02:40:34.422,1.56751,1.56771,1.50,1.00
2018.04.09 02:40:34.524,1.56751,1.56771,3.00,1.00
2018.04.09 02:40:35.866,1.56751,1.56771,2.25,1.00
2018.04.09 02:40:39.754,1.56751,1.56771,2.81,1.00
2018.04.09 02:40:40.301,1.56752,1.56772,1.87,1.00
2018.04.09 02:40:40.353,1.56754,1.56772,1.00,1.00
2018.04.09 02:40:41.646,1.56752,1.56773,1.94,1.00
2018.04.09 02:40:42.296,1.56753,1.56773,1.19,1.00
2018.04.09 02:40:42.603,1.56753,1.56773,3.19,1.00
2018.04.09 02:40:46.809,1.56753,1.56773,2.44,1.00
2018.04.09 02:40:47.065,1.56753,1.56773,2.44,1.00
2018.04.09 02:40:51.484,1.56754,1.56774,2.00,1.00
2018.04.09 02:40:51.770,1.56754,1.56774,1.25,1.00
2018.04.09 02:40:53.793,1.56754,1.56774,2.06,1.00
2018.04.09 02:40:53.846,1.56757,1.56777,1.50,1.00
2018.04.09 02:40:53.899,1.56758,1.56778,2.44,1.00
2018.04.09 02:40:54.420,1.56758,1.56779,5.44,1.00
2018.04.09 02:40:54.932,1.56758,1.56779,5.44,1.00
2018.04.09 02:40:56.560,1.56759,1.56778,1.69,1.00
2018.04.09 02:40:57.200,1.56759,1.56778,1.25,1.00
2018.04.09 02:40:57.953,1.56758,1.56778,2.06,1.00
2018.04.09 02:40:58.332,1.56759,1.56778,2.81,1.00
2018.04.09 02:40:58.680,1.56759,1.56778,2.81,1.00
2018.04.09 02:40:58.739,1.56762,1.56782,2.25,1.00
2018.04.09 02:40:59.289,1.56763,1.56782,1.19,1.00
2018.04.09 02:40:59.392,1.56763,1.56784,1.19,1.00
2018.04.09 02:41:00.232,1.56763,1.56784,1.94,1.00
2018.04.09 02:41:00.884,1.56763,1.56784,1.69,1.00
2018.04.09 02:41:02.009,1.56763,1.56784,1.31,1.00
2018.04.09 02:41:02.163,1.56763,1.56784,2.00,1.00
2018.04.09 02:41:03.446,1.56763,1.5678,1.75,1.00
2018.04.09 02:41:03.601,1.56763,1.56782,1.75,1.00
2018.04.09 02:41:03.705,1.56761,1.5678,1.87,1.00
2018.04.09 02:41:04.198,1.56759,1.56779,1.12,1.00
2018.04.09 02:41:05.393,1.56759,1.56778,1.00,1.00
2018.04.09 02:41:06.602,1.56758,1.56778,1.25,1.00
2018.04.09 02:41:08.401,1.56758,1.56778,1.62,1.00
2018.04.09 02:41:09.422,1.56758,1.56778,1.25,1.00
2018.04.09 02:41:09.938,1.56758,1.56778,1.69,1.00
2018.04.09 02:41:11.386,1.56758,1.56778,1.31,1.00
2018.04.09 02:41:11.898,1.56758,1.56778,1.62,1.00
2018.04.09 02:41:12.441,1.56758,1.56779,2.00,1.00
2018.04.09 02:41:13.256,1.56758,1.56779,1.19,1.00
2018.04.09 02:41:15.430,1.56758,1.56779,1.50,1.00
2018.04.09 02:41:15.981,1.56757,1.56779,2.25,1.00
2018.04.09 02:41:16.186,1.56757,1.56775,1.50,1.00
2018.04.09 02:41:16.289,1.56755,1.56774,1.12,1.00
2018.04.09 02:41:16.446,1.56757,1.56777,1.50,1.00
2018.04.09 02:41:17.092,1.56757,1.56777,1.75,1.00
2018.04.09 02:41:19.305,1.56757,1.56777,1.75,1.00
2018.04.09 02:41:19.987,1.56757,1.56777,1.37,1.00
2018.04.09 02:41:20.350,1.56759,1.56779,1.00,1.00
2018.04.09 02:41:20.404,1.56759,1.5678,1.75,1.25
2018.04.09 02:41:20.715,1.56761,1.56781,3.37,1.19
2018.04.09 02:41:20.869,1.5676,1.5678,2.25,1.25
2018.04.09 02:41:21.024,1.56761,1.56778,2.62,1.00
2018.04.09 02:41:21.127,1.56758,1.56777,1.87,1.00
2018.04.09 02:41:21.639,1.56758,1.56777,1.50,1.00
2018.04.09 02:41:26.558,1.56758,1.56778,2.25,1.00
2018.04.09 02:41:26.766,1.56755,1.56775,3.19,1.00
2018.04.09 02:41:26.921,1.56757,1.56777,1.69,1.00
2018.04.09 02:41:29.627,1.56757,1.56779,2.44,1.00
2018.04.09 02:41:29.732,1.56759,1.56779,1.75,1.00
2018.04.09 02:41:30.393,1.56759,1.56779,1.37,1.00
2018.04.09 02:41:30.598,1.56758,1.56778,1.69,1.00
2018.04.09 02:41:31.224,1.56759,1.56779,1.00,1.00
2018.04.09 02:41:31.753,1.56758,1.56779,1.69,1.00
2018.04.09 02:41:32.405,1.56759,1.56779,1.00,1.00
2018.04.09 02:41:34.388,1.56758,1.56779,1.69,1.00
2018.04.09 02:41:34.851,1.56758,1.56779,1.69,1.00
2018.04.09 02:41:34.903,1.56758,1.56779,1.69,1.00
2018.04.09 02:41:35.332,1.56758,1.56778,2.44,1.00
2018.04.09 02:41:35.612,1.56758,1.56778,1.69,1.00
2018.04.09 02:41:35.868,1.56758,1.56778,3.19,1.00
2018.04.09 02:41:35.971,1.56758,1.56778,2.44,1.00
2018.04.09 02:41:37.089,1.56758,1.56778,1.31,1.00
2018.04.09 02:41:40.153,1.56759,1.56778,1.75,1.00
2018.04.09 02:41:40.255,1.56758,1.56778,2.00,1.00
2018.04.09 02:41:40.445,1.56757,1.56778,3.19,1.00
2018.04.09 02:41:40.747,1.56758,1.56778,1.62,1.00
2018.04.09 02:41:40.850,1.56758,1.56778,1.69,1.00
2018.04.09 02:41:40.953,1.56758,1.56778,2.00,1.00
2018.04.09 02:41:42.387,1.56758,1.56778,1.62,1.00
2018.04.09 02:41:42.439,1.56758,1.56778,1.25,1.00
2018.04.09 02:41:48.398,1.56758,1.56778,2.06,1.00
2018.04.09 02:41:48.801,1.56759,1.56778,1.75,1.00
2018.04.09 02:41:48.906,1.56762,1.56782,2.62,1.00
2018.04.09 02:41:49.206,1.56763,1.56782,2.00,1.00
2018.04.09 02:41:49.412,1.56762,1.56782,4.31,1.00
2018.04.09 02:41:50.032,1.56762,1.56781,2.25,1.00
2018.04.09 02:41:50.135,1.56762,1.56781,1.00,1.00
2018.04.09 02:41:51.113,1.56762,1.56782,2.44,1.00
2018.04.09 02:41:51.165,1.56763,1.56782,2.81,1.00
2018.04.09 02:41:51.268,1.56763,1.56782,1.31,1.00
2018.04.09 02:41:51.371,1.56763,1.56782,2.44,1.00
2018.04.09 02:41:51.680,1.5676,1.56779,1.75,1.00
2018.04.09 02:41:51.784,1.56758,1.56777,2.25,1.00
2018.04.09 02:41:52.334,1.56758,1.56777,1.94,1.00
2018.04.09 02:41:52.385,1.56758,1.56779,2.44,1.00
2018.04.09 02:41:52.436,1.5676,1.56779,1.75,1.00
2018.04.09 02:41:52.487,1.5676,1.56779,1.50,1.00
2018.04.09 02:41:52.693,1.5676,1.56779,1.75,1.00
2018.04.09 02:41:52.796,1.5676,1.56779,1.50,1.00
2018.04.09 02:41:53.307,1.5676,1.56779,1.00,1.00
2018.04.09 02:41:54.236,1.5676,1.56779,2.00,1.00
2018.04.09 02:41:54.594,1.56761,1.56781,3.37,1.00
2018.04.09 02:41:54.949,1.56757,1.56777,5.06,1.00
2018.04.09 02:41:55.455,1.56758,1.56778,1.25,1.00
2018.04.09 02:41:57.835,1.56758,1.56778,1.19,1.00
2018.04.09 02:41:57.989,1.56759,1.56778,2.00,1.00
2018.04.09 02:41:58.385,1.56758,1.56778,2.44,1.00
2018.04.09 02:42:01.489,1.56758,1.56778,1.19,1.00
2018.04.09 02:42:03.649,1.56758,1.56778,1.69,1.00
2018.04.09 02:42:07.438,1.56758,1.56778,1.69,1.00
2018.04.09 02:42:07.657,1.56759,1.56779,1.75,1.00
2018.04.09 02:42:08.195,1.56759,1.56779,1.50,1.00
2018.04.09 02:42:08.824,1.56759,1.56779,1.00,1.00
2018.04.09 02:42:10.347,1.5676,1.56779,2.62,1.00
2018.04.09 02:42:10.688,1.56757,1.56779,2.81,1.00
2018.04.09 02:42:11.185,1.56758,1.56779,1.31,1.00
2018.04.09 02:42:11.697,1.56759,1.56779,4.31,1.00
2018.04.09 02:42:11.881,1.56759,1.56779,2.06,1.00
2018.04.09 02:42:13.057,1.56759,1.56779,2.00,1.00
2018.04.09 02:42:13.598,1.56759,1.56779,1.00,1.00
2018.04.09 02:42:14.108,1.56759,1.56779,2.25,1.00
2018.04.09 02:42:14.262,1.56759,1.56779,2.44,1.00
2018.04.09 02:42:14.778,1.56759,1.56779,2.25,1.00
2018.04.09 02:42:14.987,1.56759,1.56779,1.12,1.00
2018.04.09 02:42:15.091,1.56759,1.56779,1.75,1.00
2018.04.09 02:42:15.196,1.56759,1.56779,1.37,1.00
2018.04.09 02:42:15.740,1.56761,1.56779,1.00,1.00
2018.04.09 02:42:16.292,1.56759,1.56779,1.69,1.00
2018.04.09 02:42:16.703,1.56759,1.56779,2.00,1.00
2018.04.09 02:42:16.911,1.56759,1.56779,1.25,1.00
2018.04.09 02:42:17.850,1.56759,1.56779,2.00,1.00
2018.04.09 02:42:18.391,1.56759,1.56778,1.50,1.00
2018.04.09 02:42:18.495,1.56758,1.56778,1.00,1.00
2018.04.09 02:42:19.854,1.56757,1.56777,2.06,1.00
2018.04.09 02:42:23.431,1.56758,1.56778,1.00,1.00
2018.04.09 02:42:24.052,1.56758,1.56778,1.50,1.00
2018.04.09 02:42:31.148,1.56758,1.56778,1.94,1.00
2018.04.09 02:42:31.753,1.56758,1.56778,1.69,1.00
2018.04.09 02:42:32.423,1.56758,1.56778,1.31,1.00
2018.04.09 02:42:32.769,1.56758,1.56778,1.94,1.00
2018.04.09 02:42:33.509,1.56758,1.56778,1.19,1.00
2018.04.09 02:42:34.276,1.56758,1.56778,1.56,1.00
2018.04.09 02:42:34.957,1.56758,1.56778,1.19,1.00
2018.04.09 02:42:35.498,1.56756,1.56776,2.44,1.00
2018.04.09 02:42:35.550,1.56756,1.56776,1.31,1.00
2018.04.09 02:42:35.861,1.56757,1.56777,1.50,1.00
2018.04.09 02:42:36.373,1.56757,1.56777,1.00,1.00
2018.04.09 02:42:36.753,1.56757,1.56777,1.75,1.00
2018.04.09 02:42:37.063,1.5676,1.56778,1.75,1.00
2018.04.09 02:42:37.708,1.56758,1.56778,5.06,1.00
2018.04.09 02:42:38.487,1.56758,1.56778,2.06,1.00
2018.04.09 02:42:38.597,1.56759,1.56778,2.25,1.00
2018.04.09 02:42:39.306,1.56759,1.56778,1.75,1.00
2018.04.09 02:42:39.918,1.56759,1.56779,2.25,1.00
2018.04.09 02:42:40.405,1.56759,1.56779,1.12,1.00
2018.04.09 02:42:40.913,1.56759,1.56779,1.50,1.00
2018.04.09 02:42:41.134,1.5676,1.56779,2.62,1.00
2018.04.09 02:42:41.186,1.56762,1.56782,1.12,1.50
2018.04.09 02:42:41.658,1.56762,1.56782,1.69,1.00
2018.04.09 02:42:42.267,1.56762,1.56782,1.19,1.00
2018.04.09 02:42:43.450,1.56762,1.56782,1.00,1.00
2018.04.09 02:42:43.968,1.56761,1.56781,1.69,1.00
2018.04.09 02:42:44.497,1.56758,1.56778,1.00,1.00
2018.04.09 02:42:45.008,1.56759,1.56779,1.00,1.00
2018.04.09 02:42:49.469,1.56758,1.56778,1.12,1.00
2018.04.09 02:42:53.271,1.56759,1.56779,1.00,1.00
2018.04.09 02:42:53.972,1.56758,1.56778,1.12,1.00
2018.04.09 02:43:02.084,1.56759,1.56779,1.00,1.00
2018.04.09 02:43:02.397,1.5676,1.5678,3.00,1.25
2018.04.09 02:43:02.706,1.5676,1.5678,2.25,1.25
2018.04.09 02:43:02.912,1.5676,1.56777,1.50,1.00
2018.04.09 02:43:03.065,1.5676,1.56779,1.00,1.00
2018.04.09 02:43:03.117,1.56759,1.56778,2.00,1.19
2018.04.09 02:43:03.220,1.56757,1.56778,4.12,1.19
2018.04.09 02:43:03.769,1.56757,1.56777,1.50,1.00
2018.04.09 02:43:04.749,1.56757,1.56777,2.25,1.00
2018.04.09 02:43:06.440,1.56757,1.56777,1.50,1.00
2018.04.09 02:43:06.986,1.56757,1.56777,2.25,1.00
2018.04.09 02:43:08.387,1.56757,1.56777,2.62,1.00
2018.04.09 02:43:08.860,1.56757,1.56777,3.00,1.00
2018.04.09 02:43:10.616,1.56757,1.56777,2.25,1.00
2018.04.09 02:43:11.160,1.56758,1.56777,1.00,1.00
2018.04.09 02:43:12.444,1.56757,1.56777,2.25,1.00
2018.04.09 02:43:13.027,1.56757,1.56777,2.62,1.00
2018.04.09 02:43:13.744,1.56757,1.56777,3.00,1.00
2018.04.09 02:43:14.261,1.56757,1.56777,2.25,1.00
2018.04.09 02:43:14.574,1.56761,1.56781,1.00,2.62
2018.04.09 02:43:14.728,1.56762,1.56782,2.25,1.00
2018.04.09 02:43:14.832,1.56762,1.56782,3.00,1.00
2018.04.09 02:43:14.986,1.56763,1.56782,1.00,1.00
2018.04.09 02:43:15.398,1.56763,1.56783,1.75,1.25
2018.04.09 02:43:18.453,1.56763,1.56783,1.12,1.25
2018.04.09 02:43:20.234,1.56764,1.56784,1.00,1.19
2018.04.09 02:43:20.859,1.56763,1.56783,1.00,1.25
2018.04.09 02:43:25.905,1.56763,1.56783,1.50,1.00
2018.04.09 02:43:26.009,1.56765,1.56785,1.75,1.00
2018.04.09 02:43:26.216,1.56768,1.56788,1.00,1.00
2018.04.09 02:43:26.422,1.56769,1.56789,1.37,1.00
2018.04.09 02:43:26.945,1.56769,1.56789,1.12,1.00
2018.04.09 02:43:28.481,1.56769,1.56789,1.75,1.00
2018.04.09 02:43:29.340,1.56769,1.56789,1.00,1.00
2018.04.09 02:43:30.701,1.56769,1.56789,3.00,1.00
2018.04.09 02:43:31.298,1.56772,1.56789,1.00,1.00
2018.04.09 02:43:34.444,1.56769,1.56789,1.50,1.00
2018.04.09 02:43:34.496,1.56769,1.56789,1.12,1.00
2018.04.09 02:43:35.850,1.56769,1.56789,2.44,1.00
2018.04.09 02:43:40.974,1.56769,1.56789,1.00,1.00
2018.04.09 02:43:41.488,1.56768,1.56789,1.12,1.00
2018.04.09 02:43:41.642,1.56768,1.56789,1.75,1.00
2018.04.09 02:43:41.950,1.56769,1.56789,2.44,1.00
2018.04.09 02:43:42.001,1.56769,1.56789,3.37,1.00
2018.04.09 02:43:42.156,1.56769,1.56789,3.37,1.00
2018.04.09 02:43:44.196,1.5677,1.5679,1.75,1.00
2018.04.09 02:43:44.409,1.56768,1.56788,4.12,1.00
2018.04.09 02:43:45.039,1.56769,1.56788,2.00,1.00
2018.04.09 02:43:45.142,1.56768,1.56788,3.19,1.00
2018.04.09 02:43:45.493,1.56767,1.56785,2.44,1.00
2018.04.09 02:43:45.545,1.56765,1.56785,3.19,1.00
2018.04.09 02:43:46.073,1.56766,1.56783,2.00,1.00
2018.04.09 02:43:46.124,1.56767,1.56783,1.00,1.00
2018.04.09 02:43:46.470,1.56765,1.56783,2.44,1.00
2018.04.09 02:43:47.980,1.56765,1.56783,2.44,1.00
2018.04.09 02:43:48.514,1.56765,1.56783,1.12,1.00
2018.04.09 02:43:49.024,1.56765,1.56783,1.75,1.00
2018.04.09 02:43:49.412,1.56762,1.56782,5.06,1.00
2018.04.09 02:43:49.464,1.56762,1.56782,6.00,1.00
2018.04.09 02:43:50.164,1.56764,1.56782,2.62,1.00
2018.04.09 02:43:50.361,1.56762,1.56782,3.00,1.00
2018.04.09 02:43:50.413,1.56763,1.56784,1.50,1.00
2018.04.09 02:43:50.465,1.56763,1.56783,2.44,1.00
2018.04.09 02:43:50.867,1.56764,1.56783,1.25,1.00
2018.04.09 02:43:51.394,1.56765,1.56783,1.00,1.00
2018.04.09 02:43:51.969,1.56762,1.56783,4.31,1.00
2018.04.09 02:43:52.663,1.56762,1.56782,4.31,1.00
2018.04.09 02:43:52.938,1.56762,1.56782,5.25,1.00
2018.04.09 02:43:53.145,1.56763,1.56783,2.44,1.00
2018.04.09 02:43:53.248,1.56763,1.56783,3.37,1.00
2018.04.09 02:43:53.777,1.56764,1.56784,4.31,1.00
2018.04.09 02:43:54.884,1.56764,1.56784,4.31,1.00
2018.04.09 02:43:58.390,1.56764,1.56784,1.69,1.00
2018.04.09 02:43:58.815,1.56762,1.56782,3.56,1.00
2018.04.09 02:43:59.320,1.56764,1.56783,1.69,1.00
2018.04.09 02:44:00.543,1.56764,1.56783,1.31,1.00
2018.04.09 02:44:02.386,1.56764,1.56783,1.62,1.00
2018.04.09 02:44:02.894,1.56764,1.56784,1.69,1.00
2018.04.09 02:44:03.424,1.56764,1.56784,2.44,1.00
2018.04.09 02:44:03.933,1.56764,1.56784,2.06,1.00
2018.04.09 02:44:08.153,1.56766,1.56784,1.00,1.00
2018.04.09 02:44:08.666,1.56764,1.56784,1.19,1.00
2018.04.09 02:44:09.408,1.56764,1.56784,2.06,1.00
2018.04.09 02:44:11.893,1.56766,1.56783,1.00,1.00
2018.04.09 02:44:12.223,1.56764,1.56783,5.25,1.00
2018.04.09 02:44:12.275,1.56764,1.56783,2.44,1.00
2018.04.09 02:44:12.786,1.56764,1.56783,4.31,1.00
2018.04.09 02:44:14.142,1.56764,1.56783,2.44,1.00
2018.04.09 02:44:14.244,1.56764,1.56783,4.31,1.00
2018.04.09 02:44:16.472,1.56765,1.56783,1.00,1.00
2018.04.09 02:44:17.065,1.56764,1.56783,2.44,1.00
2018.04.09 02:44:18.975,1.56765,1.56783,1.00,1.00
2018.04.09 02:44:19.615,1.56764,1.56783,3.56,1.00
2018.04.09 02:44:20.422,1.56764,1.56783,1.69,1.00
2018.04.09 02:44:21.026,1.56764,1.56783,3.56,1.00
2018.04.09 02:44:27.499,1.56765,1.56783,1.00,1.00
2018.04.09 02:44:28.498,1.56764,1.56783,2.00,1.00
2018.04.09 02:44:34.444,1.56764,1.56784,1.25,1.00
2018.04.09 02:44:43.449,1.56764,1.56784,2.81,1.00
2018.04.09 02:44:44.844,1.56763,1.56784,1.69,1.00
2018.04.09 02:44:45.390,1.56763,1.56784,1.69,1.00
2018.04.09 02:44:47.469,1.56764,1.56784,2.81,1.00
2018.04.09 02:44:48.389,1.56763,1.56784,4.50,1.00
2018.04.09 02:44:49.629,1.56764,1.56784,2.81,1.00
2018.04.09 02:44:49.785,1.56764,1.56784,5.81,1.00
2018.04.09 02:44:49.839,1.56767,1.56786,1.75,1.00
2018.04.09 02:44:49.892,1.56767,1.56786,1.00,1.00
2018.04.09 02:44:50.038,1.56766,1.56786,3.19,1.00
2018.04.09 02:44:50.508,1.56765,1.56785,2.44,1.00
2018.04.09 02:44:51.067,1.56765,1.56785,4.31,1.00
2018.04.09 02:44:52.037,1.56765,1.56784,2.62,1.00
2018.04.09 02:44:52.212,1.56763,1.56783,3.19,1.00
2018.04.09 02:44:52.316,1.56763,1.56783,3.19,1.00
2018.04.09 02:44:52.373,1.56761,1.5678,2.00,1.00
2018.04.09 02:44:52.425,1.56761,1.5678,1.69,1.00
2018.04.09 02:44:53.111,1.56761,1.5678,2.00,1.00
2018.04.09 02:44:53.215,1.56761,1.5678,1.69,1.00
2018.04.09 02:44:53.892,1.56761,1.56779,1.50,1.00
2018.04.09 02:44:54.276,1.56761,1.56779,1.50,1.00
2018.04.09 02:44:54.430,1.56761,1.56779,1.12,1.00
2018.04.09 02:44:54.931,1.56761,1.5678,1.00,1.00
2018.04.09 02:44:55.086,1.56761,1.5678,1.75,1.00
2018.04.09 02:44:55.686,1.56761,1.5678,1.75,1.00
2018.04.09 02:44:56.371,1.56761,1.56779,1.75,1.00
2018.04.09 02:44:56.497,1.56761,1.5678,1.12,1.00
2018.04.09 02:44:56.548,1.56761,1.5678,1.75,1.00
2018.04.09 02:44:56.734,1.5676,1.5678,1.69,1.00
2018.04.09 02:44:56.837,1.5676,1.56779,1.87,1.00
2018.04.09 02:44:57.925,1.5676,1.56779,2.00,1.00
2018.04.09 02:44:58.028,1.56759,1.56779,2.81,1.00
2018.04.09 02:45:00.388,1.56759,1.56779,3.19,1.00
2018.04.09 02:45:00.696,1.56759,1.56777,1.25,1.00
2018.04.09 02:45:00.800,1.56756,1.56778,1.00,1.00
2018.04.09 02:45:00.903,1.56756,1.56778,1.75,1.00
2018.04.09 02:45:01.271,1.56756,1.56778,1.00,1.00
2018.04.09 02:45:01.538,1.56757,1.56778,2.44,1.00
2018.04.09 02:45:01.700,1.56757,1.56778,1.19,1.00
2018.04.09 02:45:03.711,1.56757,1.56778,1.56,1.00
2018.04.09 02:45:04.046,1.56756,1.56776,2.44,1.00
2018.04.09 02:45:04.356,1.56757,1.56777,1.94,1.00
2018.04.09 02:45:05.456,1.56757,1.56777,1.19,1.00
2018.04.09 02:45:05.943,1.56757,1.56777,2.62,1.00
2018.04.09 02:45:06.894,1.56757,1.56777,2.25,1.00
2018.04.09 02:45:07.203,1.56756,1.56775,2.06,1.00
2018.04.09 02:45:07.716,1.56756,1.56776,2.44,1.00
2018.04.09 02:45:07.869,1.56756,1.56776,1.31,1.00
2018.04.09 02:45:08.077,1.56756,1.56776,2.44,1.00
2018.04.09 02:45:08.708,1.56756,1.56776,4.12,1.00
2018.04.09 02:45:09.420,1.56756,1.56776,2.81,1.00
2018.04.09 02:45:15.852,1.56757,1.56777,1.31,1.00
2018.04.09 02:45:23.742,1.56758,1.56775,1.25,1.00
2018.04.09 02:45:24.272,1.56756,1.56776,2.81,1.00
2018.04.09 02:45:24.883,1.56756,1.56775,2.81,1.00
2018.04.09 02:45:25.434,1.56756,1.56776,2.81,1.00
2018.04.09 02:45:29.356,1.56756,1.56776,2.06,1.00
2018.04.09 02:45:29.858,1.56757,1.56776,2.19,1.00
2018.04.09 02:45:30.570,1.56757,1.56776,1.31,1.00
2018.04.09 02:45:31.105,1.56757,1.56777,1.69,1.00
2018.04.09 02:45:31.555,1.56763,1.56781,1.00,1.00
2018.04.09 02:45:31.916,1.56764,1.56782,1.37,1.00
2018.04.09 02:45:33.405,1.56764,1.56783,2.00,1.00
2018.04.09 02:45:33.612,1.56764,1.56783,1.50,1.00
2018.04.09 02:45:34.212,1.56762,1.56782,2.25,1.00
2018.04.09 02:45:34.630,1.56762,1.56782,5.06,1.00
2018.04.09 02:45:35.393,1.56764,1.56782,1.00,1.00
2018.04.09 02:45:40.767,1.56762,1.56782,1.50,1.00
2018.04.09 02:45:43.049,1.56762,1.56782,1.87,1.00
2018.04.09 02:45:43.152,1.56762,1.56782,1.87,1.00
2018.04.09 02:45:43.305,1.56762,1.56782,2.25,1.00
2018.04.09 02:45:44.644,1.56762,1.56781,2.44,1.00
2018.04.09 02:45:44.696,1.56762,1.56781,2.06,1.00
2018.04.09 02:45:45.856,1.56762,1.56781,1.00,1.00
2018.04.09 02:45:45.960,1.56762,1.56783,1.87,1.00
2018.04.09 02:45:46.066,1.56761,1.56782,5.81,1.00
2018.04.09 02:45:46.399,1.56761,1.56782,3.00,1.00
2018.04.09 02:45:46.854,1.56764,1.56783,1.12,1.00
2018.04.09 02:45:47.167,1.56766,1.56786,3.19,1.00
2018.04.09 02:45:47.426,1.56766,1.56786,4.12,1.00
2018.04.09 02:45:49.435,1.56766,1.56786,3.19,1.00
2018.04.09 02:45:49.487,1.56766,1.56786,1.50,1.00
2018.04.09 02:45:49.846,1.56766,1.56786,3.19,1.00
2018.04.09 02:45:50.472,1.56766,1.56786,4.12,1.00
2018.04.09 02:45:50.524,1.56765,1.56786,1.00,1.00
2018.04.09 02:45:50.626,1.56765,1.56786,1.75,1.00
2018.04.09 02:45:50.927,1.56764,1.56784,5.06,1.00
2018.04.09 02:45:50.978,1.56764,1.56784,1.87,1.00
2018.04.09 02:45:51.286,1.56764,1.56783,3.56,1.00
2018.04.09 02:45:51.462,1.56763,1.56783,2.25,1.00
2018.04.09 02:45:52.496,1.56763,1.56783,5.06,1.00
2018.04.09 02:45:55.843,1.56764,1.56783,1.69,1.00
2018.04.09 02:45:59.018,1.56764,1.56783,2.62,1.00
2018.04.09 02:45:59.446,1.56764,1.56785,4.87,1.00
2018.04.09 02:45:59.812,1.56765,1.56785,3.56,1.00
2018.04.09 02:46:00.490,1.56767,1.56785,3.56,1.00
2018.04.09 02:46:03.175,1.56767,1.56785,1.62,1.00
2018.04.09 02:46:03.226,1.56766,1.56786,1.00,1.00
2018.04.09 02:46:03.277,1.56766,1.56786,1.75,1.00
2018.04.09 02:46:03.800,1.56766,1.56786,1.50,1.00
2018.04.09 02:46:04.580,1.56766,1.56786,2.25,1.00
2018.04.09 02:46:04.994,1.56766,1.56786,2.25,1.00
2018.04.09 02:46:05.733,1.56766,1.56786,3.19,1.00
2018.04.09 02:46:06.721,1.56766,1.56786,4.12,1.00
2018.04.09 02:46:07.327,1.56766,1.56786,2.25,1.00
2018.04.09 02:46:11.541,1.56766,1.56786,2.25,1.00
2018.04.09 02:46:13.131,1.56766,1.56786,3.94,1.00
2018.04.09 02:46:13.442,1.56766,1.56786,2.25,1.00
2018.04.09 02:46:15.332,1.56768,1.56786,2.00,1.00
2018.04.09 02:46:15.890,1.56771,1.56786,1.00,1.00
2018.04.09 02:46:16.508,1.56768,1.56786,2.00,1.00
2018.04.09 02:46:17.391,1.56768,1.56786,1.25,1.00
2018.04.09 02:46:17.874,1.56766,1.56786,2.25,1.00
2018.04.09 02:46:18.657,1.56766,1.56786,2.25,1.00
2018.04.09 02:46:18.966,1.56766,1.56784,1.50,1.00
2018.04.09 02:46:19.070,1.56761,1.56783,1.69,1.00
2018.04.09 02:46:19.122,1.56761,1.5678,1.69,1.00
2018.04.09 02:46:19.697,1.56761,1.5678,2.44,1.00
2018.04.09 02:46:20.920,1.56761,1.5678,2.44,1.00
2018.04.09 02:46:21.696,1.56761,1.5678,3.37,1.00
2018.04.09 02:46:21.748,1.56762,1.56782,2.25,1.00
2018.04.09 02:46:22.042,1.56762,1.56782,4.12,1.00
2018.04.09 02:46:23.704,1.56764,1.56782,1.00,1.00
2018.04.09 02:46:24.223,1.56761,1.56782,2.06,1.00
2018.04.09 02:46:24.662,1.56764,1.56783,1.50,1.00
2018.04.09 02:46:25.178,1.56764,1.56783,1.00,1.00
2018.04.09 02:46:25.844,1.56764,1.56783,1.75,1.00
2018.04.09 02:46:26.397,1.56764,1.56782,1.75,1.00
2018.04.09 02:46:26.449,1.56764,1.56782,1.00,1.00
2018.04.09 02:46:28.603,1.56764,1.56783,1.12,1.00
2018.04.09 02:46:30.790,1.56764,1.56783,1.50,1.00
2018.04.09 02:46:30.843,1.56764,1.56781,1.00,1.00
2018.04.09 02:46:31.347,1.56762,1.5678,1.19,1.00
2018.04.09 02:46:31.887,1.56762,1.5678,1.00,1.00
2018.04.09 02:46:38.011,1.56762,1.56781,1.00,1.00
2018.04.09 02:46:38.559,1.56762,1.56781,1.50,1.00
2018.04.09 02:46:39.507,1.56762,1.5678,1.50,1.00
2018.04.09 02:46:43.844,1.56766,1.56786,1.00,1.00
2018.04.09 02:46:44.372,1.56767,1.56787,1.50,1.00
2018.04.09 02:46:44.675,1.56767,1.56787,2.25,1.00
2018.04.09 02:46:44.944,1.56767,1.56787,1.50,1.00
2018.04.09 02:46:52.502,1.56769,1.56787,1.00,1.00
2018.04.09 02:46:53.151,1.56769,1.56787,1.50,1.00
2018.04.09 02:46:53.667,1.56769,1.56787,1.75,1.00
2018.04.09 02:46:55.630,1.56769,1.56787,1.50,1.00
2018.04.09 02:46:55.733,1.56767,1.56785,1.00,1.00
2018.04.09 02:46:56.252,1.56766,1.56784,1.12,1.00
2018.04.09 02:46:57.405,1.56765,1.56784,1.00,1.00
2018.04.09 02:46:59.556,1.56765,1.56784,1.50,1.00
2018.04.09 02:47:00.058,1.56765,1.56784,1.50,1.00
2018.04.09 02:47:00.359,1.56765,1.56782,1.00,1.00
2018.04.09 02:47:00.647,1.56762,1.56782,1.00,1.00
2018.04.09 02:47:01.009,1.56762,1.56781,3.37,1.00
2018.04.09 02:47:01.548,1.56762,1.56781,2.44,1.00
2018.04.09 02:47:01.702,1.56763,1.56782,1.00,1.00
2018.04.09 02:47:02.328,1.56762,1.56782,1.00,1.00
2018.04.09 02:47:03.043,1.56762,1.56782,1.50,1.00
2018.04.09 02:47:03.588,1.56762,1.56782,1.75,1.00
2018.04.09 02:47:03.801,1.56762,1.5678,1.75,1.00
2018.04.09 02:47:03.905,1.56762,1.5678,1.00,1.00
2018.04.09 02:47:04.414,1.56761,1.5678,3.37,1.00
2018.04.09 02:47:05.845,1.56761,1.5678,1.75,1.00
2018.04.09 02:47:06.555,1.56761,1.5678,1.50,1.00
2018.04.09 02:47:08.389,1.56762,1.5678,1.37,1.00
2018.04.09 02:47:08.660,1.56762,1.5678,1.00,1.00
2018.04.09 02:47:10.396,1.56762,1.5678,1.50,1.00
2018.04.09 02:47:10.930,1.56762,1.5678,1.00,1.00
2018.04.09 02:47:11.577,1.56762,1.56779,1.00,1.00
2018.04.09 02:47:12.135,1.56761,1.56779,1.25,1.00
2018.04.09 02:47:21.168,1.5676,1.56779,2.25,1.00
2018.04.09 02:47:21.709,1.56761,1.56779,2.00,1.00
2018.04.09 02:47:22.520,1.56761,1.56778,2.00,1.00
2018.04.09 02:47:23.185,1.56761,1.56779,2.00,1.00
2018.04.09 02:47:24.595,1.56761,1.5678,1.75,1.00
2018.04.09 02:47:25.927,1.5676,1.56778,2.25,1.00
2018.04.09 02:47:26.031,1.5676,1.56778,1.00,1.00
2018.04.09 02:47:26.717,1.5676,1.56778,1.50,1.00
2018.04.09 02:47:28.441,1.5676,1.56778,1.00,1.00
2018.04.09 02:47:29.701,1.5676,1.56778,1.37,1.00
2018.04.09 02:47:30.006,1.56758,1.56778,2.06,1.00
2018.04.09 02:47:33.164,1.56758,1.56777,2.06,1.00
2018.04.09 02:47:33.216,1.56759,1.56777,2.62,1.00
2018.04.09 02:47:33.548,1.56756,1.56775,2.25,1.00
2018.04.09 02:47:33.601,1.56755,1.56773,1.69,1.00
2018.04.09 02:47:33.654,1.56755,1.56775,1.69,1.00
2018.04.09 02:47:33.706,1.56755,1.56775,3.19,1.00
2018.04.09 02:47:33.809,1.56755,1.56775,1.69,1.00
2018.04.09 02:47:34.346,1.56756,1.56774,1.00,1.00
2018.04.09 02:47:34.887,1.56756,1.56773,1.00,1.00
2018.04.09 02:47:42.894,1.56755,1.56773,1.00,1.00
2018.04.09 02:47:53.188,1.56755,1.56774,1.00,1.00
2018.04.09 02:47:54.185,1.56756,1.56777,1.00,1.00
2018.04.09 02:47:54.391,1.56759,1.56777,1.00,1.00
2018.04.09 02:47:54.761,1.56759,1.56779,1.25,1.12
2018.04.09 02:47:54.812,1.56759,1.56779,3.56,1.00
2018.04.09 02:47:54.864,1.56759,1.56779,1.25,1.00
2018.04.09 02:47:55.322,1.56759,1.56779,2.00,1.00
2018.04.09 02:47:55.551,1.56758,1.56779,1.69,1.00
2018.04.09 02:47:56.240,1.56758,1.56777,1.19,1.00
2018.04.09 02:47:56.343,1.56757,1.56777,1.31,1.00
2018.04.09 02:47:56.396,1.56756,1.56773,1.50,1.00
2018.04.09 02:47:56.448,1.56755,1.56773,1.25,1.00
2018.04.09 02:47:56.604,1.56754,1.56774,2.00,1.00
2018.04.09 02:47:57.150,1.56754,1.56774,2.00,1.00
2018.04.09 02:47:58.159,1.56753,1.56774,2.81,1.00
2018.04.09 02:47:58.314,1.56753,1.56774,4.12,1.00
2018.04.09 02:47:58.826,1.56755,1.56776,1.69,1.00
2018.04.09 02:47:58.878,1.56757,1.56776,1.00,1.00
2018.04.09 02:47:59.300,1.56755,1.56774,1.94,1.00
2018.04.09 02:47:59.829,1.56753,1.56774,2.81,1.00
2018.04.09 02:48:00.330,1.56753,1.56774,2.44,1.00
2018.04.09 02:48:03.452,1.56753,1.56774,1.69,1.00
2018.04.09 02:48:07.331,1.56753,1.56774,2.44,1.00
2018.04.09 02:48:10.294,1.56753,1.56774,1.69,1.00
2018.04.09 02:48:10.824,1.56753,1.56774,2.44,1.00
2018.04.09 02:48:11.381,1.56754,1.56774,1.25,1.00
2018.04.09 02:48:11.690,1.56749,1.56767,1.00,1.00
2018.04.09 02:48:11.793,1.56747,1.56767,1.50,1.00
2018.04.09 02:48:11.896,1.56747,1.56767,4.12,1.00
2018.04.09 02:48:11.998,1.56747,1.56767,1.75,1.00
2018.04.09 02:48:12.655,1.56747,1.56767,1.75,1.00
2018.04.09 02:48:12.831,1.56747,1.56766,1.75,1.00
2018.04.09 02:48:12.883,1.56747,1.56765,1.00,1.00
2018.04.09 02:48:12.935,1.56749,1.5677,1.00,1.31
2018.04.09 02:48:13.088,1.5675,1.5677,2.25,1.00
2018.04.09 02:48:13.600,1.5675,1.5677,2.25,1.00
2018.04.09 02:48:14.068,1.5675,1.5677,1.00,1.00
2018.04.09 02:48:14.172,1.5675,1.56772,2.06,1.00
2018.04.09 02:48:14.778,1.5675,1.56772,1.69,1.50
2018.04.09 02:48:15.306,1.5675,1.56772,2.06,1.12
2018.04.09 02:48:22.116,1.5675,1.56771,1.50,1.00
2018.04.09 02:48:22.282,1.5675,1.56769,1.12,1.00
2018.04.09 02:48:22.749,1.56749,1.56766,1.00,1.00
2018.04.09 02:48:22.802,1.56749,1.5677,1.00,1.69
2018.04.09 02:48:22.855,1.56747,1.56767,1.12,1.00
2018.04.09 02:48:23.165,1.56747,1.56767,1.75,1.00
2018.04.09 02:48:24.438,1.56747,1.56767,1.00,1.00
2018.04.09 02:48:26.389,1.56747,1.56767,1.37,1.00
2018.04.09 02:48:28.222,1.56746,1.56766,1.50,1.00
2018.04.09 02:48:28.432,1.56748,1.56766,1.00,1.00
2018.04.09 02:48:28.745,1.56746,1.56766,5.06,1.00
2018.04.09 02:48:30.134,1.56745,1.56763,1.00,1.00
2018.04.09 02:48:30.661,1.56745,1.56765,1.00,1.50
2018.04.09 02:48:30.815,1.56745,1.56766,1.00,1.12
2018.04.09 02:48:31.020,1.56746,1.56766,2.00,1.00
2018.04.09 02:48:31.286,1.56747,1.56767,1.00,1.12
2018.04.09 02:48:31.879,1.56745,1.56766,1.00,1.00
2018.04.09 02:48:31.982,1.56744,1.56763,1.69,1.00
2018.04.09 02:48:32.189,1.56747,1.56767,1.00,1.25
2018.04.09 02:48:32.722,1.56746,1.56766,1.50,1.00
2018.04.09 02:48:32.775,1.56745,1.56764,2.62,1.00
2018.04.09 02:48:32.829,1.56744,1.56764,1.00,1.00
2018.04.09 02:48:33.384,1.56744,1.56765,1.50,1.00
2018.04.09 02:48:34.440,1.56744,1.56765,1.00,1.00
2018.04.09 02:48:37.964,1.56744,1.56765,1.50,1.00
2018.04.09 02:48:40.114,1.56744,1.56765,1.00,1.00
2018.04.09 02:48:41.893,1.56744,1.56764,1.00,1.00
2018.04.09 02:48:41.996,1.56742,1.56762,1.19,1.00
2018.04.09 02:48:42.509,1.56742,1.56761,1.00,1.00
2018.04.09 02:48:43.164,1.56743,1.56761,1.00,1.00
2018.04.09 02:48:45.871,1.56742,1.56761,1.12,1.00
2018.04.09 02:48:46.877,1.56742,1.56761,1.37,1.00
2018.04.09 02:48:47.589,1.56742,1.56761,1.12,1.00
2018.04.09 02:48:48.492,1.56742,1.56761,1.37,1.00
2018.04.09 02:48:51.535,1.56742,1.56761,1.12,1.00
2018.04.09 02:48:52.285,1.56742,1.56761,1.37,1.00
2018.04.09 02:48:52.850,1.56742,1.56761,1.00,1.00
2018.04.09 02:48:54.104,1.56742,1.56761,1.37,1.00
2018.04.09 02:48:58.437,1.56742,1.56761,1.00,1.00
2018.04.09 02:48:58.591,1.56742,1.56761,1.75,1.00
2018.04.09 02:49:00.387,1.56742,1.56761,1.37,1.00
2018.04.09 02:49:01.023,1.56742,1.56761,1.00,1.00
2018.04.09 02:49:02.683,1.56742,1.56761,1.75,1.00
2018.04.09 02:49:03.931,1.56742,1.56761,1.12,1.00
2018.04.09 02:49:05.756,1.56743,1.56763,1.00,1.12
2018.04.09 02:49:09.419,1.56743,1.56763,1.75,1.00
2018.04.09 02:49:13.415,1.56743,1.56763,1.50,1.00
2018.04.09 02:49:13.622,1.56742,1.56762,1.00,1.00
2018.04.09 02:49:15.451,1.56743,1.56763,1.00,1.00
2018.04.09 02:49:20.817,1.56742,1.56762,4.12,1.00
2018.04.09 02:49:21.355,1.56742,1.56763,2.25,1.00
2018.04.09 02:49:21.456,1.56742,1.56763,1.50,1.00
2018.04.09 02:49:22.378,1.56745,1.56762,1.00,1.00
2018.04.09 02:49:22.934,1.56743,1.56762,2.00,1.00
2018.04.09 02:49:23.386,1.56743,1.56762,1.25,1.00
2018.04.09 02:49:24.093,1.56742,1.56762,4.87,1.00
2018.04.09 02:49:25.422,1.56742,1.56762,2.25,1.00
2018.04.09 02:49:26.821,1.56742,1.56762,2.62,1.00
2018.04.09 02:49:27.394,1.56742,1.56762,3.00,1.00
2018.04.09 02:49:27.497,1.56742,1.56762,2.25,1.00
2018.04.09 02:49:29.439,1.56742,1.56762,3.00,1.00
2018.04.09 02:49:29.586,1.56743,1.56762,2.00,1.00
2018.04.09 02:49:30.559,1.56742,1.56762,4.87,1.00
2018.04.09 02:49:30.663,1.56744,1.56762,2.62,1.00
2018.04.09 02:49:31.408,1.56742,1.56762,3.00,1.00
2018.04.09 02:49:39.385,1.56742,1.56762,4.12,1.00
2018.04.09 02:49:40.098,1.56744,1.56763,2.62,1.00
2018.04.09 02:49:43.554,1.56742,1.56763,1.75,1.00
2018.04.09 02:49:43.810,1.56742,1.56763,1.00,1.00
2018.04.09 02:49:43.912,1.56742,1.56763,1.50,1.00
2018.04.09 02:49:44.598,1.56742,1.56763,1.00,1.00
2018.04.09 02:49:46.475,1.5674,1.5676,3.19,1.00
2018.04.09 02:49:47.065,1.5674,1.5676,2.25,1.00
2018.04.09 02:49:54.450,1.5674,1.5676,1.50,1.00
2018.04.09 02:49:55.418,1.5674,1.5676,1.00,1.00
2018.04.09 02:49:57.907,1.5674,1.56746,1.00,1.00
2018.04.09 02:49:58.036,1.56728,1.56741,1.00,1.00
2018.04.09 02:49:58.089,1.56721,1.56741,3.00,1.00
2018.04.09 02:49:58.450,1.56725,1.56746,1.00,2.44
2018.04.09 02:49:58.502,1.56725,1.56746,1.50,1.25
2018.04.09 02:49:58.554,1.56729,1.56748,1.00,3.37
2018.04.09 02:49:59.071,1.56728,1.56748,1.50,1.00
2018.04.09 02:49:59.658,1.56728,1.56748,1.50,1.00
2018.04.09 02:50:00.217,1.56728,1.56748,1.50,1.00
2018.04.09 02:50:00.527,1.56729,1.56748,1.75,1.00
2018.04.09 02:50:00.630,1.56729,1.56748,1.12,1.00
2018.04.09 02:50:00.733,1.5673,1.56749,1.75,1.00
2018.04.09 02:50:00.938,1.5673,1.56749,1.50,1.00
2018.04.09 02:50:01.918,1.5673,1.56748,1.12,1.00
2018.04.09 02:50:01.970,1.56728,1.56746,1.00,1.00
2018.04.09 02:50:02.125,1.56725,1.56744,1.00,1.00
2018.04.09 02:50:03.210,1.56724,1.56744,1.50,1.00
2018.04.09 02:50:03.262,1.56725,1.56745,3.37,1.00
2018.04.09 02:50:03.546,1.56726,1.56747,1.87,1.00
2018.04.09 02:50:03.599,1.56726,1.56747,2.25,1.00
2018.04.09 02:50:03.702,1.56726,1.56747,2.25,1.00
2018.04.09 02:50:04.172,1.56726,1.56746,2.25,1.00
2018.04.09 02:50:04.764,1.56726,1.56746,2.25,1.00
2018.04.09 02:50:05.282,1.56726,1.56746,4.12,1.00
2018.04.09 02:50:06.378,1.56727,1.56746,1.00,1.00
2018.04.09 02:50:06.890,1.56725,1.56745,1.50,1.00
2018.04.09 02:50:07.931,1.56725,1.56745,1.12,1.00
2018.04.09 02:50:08.531,1.56726,1.56745,1.00,1.00
2018.04.09 02:50:08.937,1.56726,1.56747,1.00,1.12
2018.04.09 02:50:09.092,1.56726,1.56747,1.75,1.00
2018.04.09 02:50:10.387,1.56726,1.56747,1.37,1.12
2018.04.09 02:50:10.932,1.56726,1.56747,1.00,1.00
2018.04.09 02:50:15.792,1.56726,1.56747,1.75,1.00
2018.04.09 02:50:16.403,1.56726,1.56747,1.00,1.12
2018.04.09 02:50:18.132,1.56726,1.56745,1.00,1.00
2018.04.09 02:50:21.979,1.56726,1.56744,1.00,1.00
2018.04.09 02:50:22.501,1.56726,1.56745,1.50,1.00
2018.04.09 02:50:23.703,1.56726,1.56744,1.00,1.00
2018.04.09 02:50:25.128,1.56726,1.56743,1.00,1.00
2018.04.09 02:50:25.180,1.56724,1.56744,1.00,1.12
2018.04.09 02:50:25.233,1.56726,1.56744,1.00,1.12
2018.04.09 02:50:25.745,1.56725,1.56745,2.25,1.00
2018.04.09 02:50:26.095,1.56725,1.56742,1.12,1.00
2018.04.09 02:50:35.786,1.56725,1.56743,1.00,1.12
2018.04.09 02:50:37.832,1.56725,1.56744,1.00,1.12
2018.04.09 02:50:38.345,1.56725,1.56744,1.50,1.00
2018.04.09 02:50:38.998,1.56725,1.56744,1.00,1.00
2018.04.09 02:50:41.708,1.56725,1.56745,1.75,1.00
2018.04.09 02:50:42.289,1.56726,1.56745,1.50,1.00
2018.04.09 02:50:43.460,1.56726,1.56745,1.12,1.00
2018.04.09 02:50:43.769,1.56726,1.56743,1.50,1.00
2018.04.09 02:50:43.872,1.56726,1.56743,1.00,1.00
2018.04.09 02:50:44.461,1.56725,1.56743,1.00,1.00
2018.04.09 02:50:51.623,1.56722,1.56743,1.69,1.00
2018.04.09 02:50:51.829,1.56723,1.56743,1.37,1.00
2018.04.09 02:50:52.522,1.56724,1.56744,1.50,1.00
2018.04.09 02:50:57.734,1.56723,1.56744,1.00,1.00
2018.04.09 02:51:00.542,1.56723,1.56744,1.50,1.00
2018.04.09 02:51:01.103,1.56723,1.56743,1.50,1.00
2018.04.09 02:51:01.629,1.56722,1.56742,2.25,1.00
2018.04.09 02:51:02.135,1.56722,1.56742,1.87,1.00
2018.04.09 02:51:06.963,1.56722,1.56742,1.50,1.00
2018.04.09 02:51:07.825,1.56722,1.56742,1.75,1.00
2018.04.09 02:51:08.031,1.56722,1.56743,1.50,1.00
2018.04.09 02:51:08.682,1.56723,1.56743,1.00,1.00
2018.04.09 02:51:09.250,1.56724,1.56743,1.12,1.00
2018.04.09 02:51:14.395,1.56724,1.56743,1.50,1.00
2018.04.09 02:51:15.397,1.56724,1.56743,1.00,1.00
2018.04.09 02:51:30.344,1.56724,1.56742,1.00,1.00
2018.04.09 02:51:30.499,1.56724,1.56743,2.44,1.00
2018.04.09 02:51:30.862,1.56724,1.56743,1.50,1.00
2018.04.09 02:51:31.386,1.56724,1.56743,1.37,1.00
2018.04.09 02:51:31.914,1.56723,1.56743,2.44,1.00
2018.04.09 02:51:33.098,1.56723,1.56743,2.44,1.00
2018.04.09 02:51:33.201,1.56724,1.56743,1.75,1.00
2018.04.09 02:51:33.742,1.56725,1.56743,1.00,1.00
2018.04.09 02:51:35.141,1.56724,1.56743,3.37,1.00
2018.04.09 02:51:35.244,1.56724,1.56743,1.12,1.00
2018.04.09 02:51:40.934,1.56724,1.56744,1.12,1.00
2018.04.09 02:51:42.172,1.56724,1.56744,1.75,1.00
2018.04.09 02:51:42.429,1.56724,1.56744,1.12,1.00
2018.04.09 02:51:42.763,1.56724,1.56744,3.00,1.00
2018.04.09 02:51:43.173,1.56724,1.56744,3.00,1.00
2018.04.09 02:51:44.385,1.56727,1.56744,1.00,1.00
2018.04.09 02:51:44.908,1.56724,1.56744,2.44,1.00
2018.04.09 02:51:45.959,1.56724,1.56744,1.00,1.00
2018.04.09 02:51:46.062,1.56724,1.5674,1.00,1.00
2018.04.09 02:51:46.313,1.56723,1.56742,1.94,1.00
2018.04.09 02:51:46.674,1.56723,1.5674,1.19,1.00
2018.04.09 02:51:47.664,1.56722,1.5674,1.56,1.00
2018.04.09 02:51:48.193,1.56723,1.5674,1.19,1.00
2018.04.09 02:51:49.716,1.56721,1.56743,3.94,1.00
2018.04.09 02:51:50.122,1.56723,1.56742,1.94,1.00
2018.04.09 02:51:51.172,1.56723,1.56743,1.94,1.00
2018.04.09 02:51:51.935,1.56722,1.56743,3.56,1.00
2018.04.09 02:51:52.753,1.56723,1.56743,2.19,1.00
2018.04.09 02:51:53.412,1.56723,1.56744,1.94,1.00
2018.04.09 02:51:54.400,1.56726,1.56744,1.00,1.00
2018.04.09 02:51:54.613,1.56724,1.56744,1.25,1.00
2018.04.09 02:51:55.756,1.56724,1.56744,1.19,1.00
2018.04.09 02:51:56.384,1.56723,1.56744,2.44,1.00
2018.04.09 02:51:56.487,1.56723,1.56744,5.25,1.00
2018.04.09 02:51:58.104,1.56723,1.56744,1.69,1.00
2018.04.09 02:51:58.156,1.56723,1.56743,2.44,1.00
2018.04.09 02:51:58.664,1.56723,1.56743,3.56,1.00
2018.04.09 02:52:00.212,1.56725,1.56745,1.31,1.00
2018.04.09 02:52:00.266,1.56727,1.56746,2.62,1.00
2018.04.09 02:52:00.492,1.56728,1.56748,1.69,1.00
2018.04.09 02:52:00.544,1.56731,1.56749,1.00,1.00
2018.04.09 02:52:00.750,1.56727,1.56747,1.31,1.00
2018.04.09 02:52:01.223,1.56727,1.56746,1.87,1.00
2018.04.09 02:52:01.767,1.56726,1.56746,1.31,1.00
2018.04.09 02:52:02.270,1.56726,1.56746,1.12,1.00
2018.04.09 02:52:02.720,1.56726,1.56746,1.50,1.00
2018.04.09 02:52:03.271,1.56727,1.56746,1.87,1.00
2018.04.09 02:52:04.853,1.56726,1.56746,1.94,1.00
2018.04.09 02:52:05.032,1.56728,1.56748,1.19,1.00
2018.04.09 02:52:05.238,1.56728,1.56748,1.94,1.00
2018.04.09 02:52:05.742,1.56728,1.56747,2.62,1.00
2018.04.09 02:52:07.518,1.56729,1.56747,2.00,1.00
2018.04.09 02:52:07.570,1.56731,1.56751,3.19,1.00
2018.04.09 02:52:07.776,1.56733,1.56754,1.25,1.00
2018.04.09 02:52:07.828,1.56733,1.56752,1.31,1.00
2018.04.09 02:52:08.135,1.56731,1.5675,1.94,1.00
2018.04.09 02:52:10.255,1.56731,1.56749,1.94,1.00
2018.04.09 02:52:12.445,1.56731,1.56749,1.19,1.00
2018.04.09 02:52:13.044,1.56731,1.56749,1.94,1.00
2018.04.09 02:52:13.575,1.5673,1.56748,2.62,1.00
2018.04.09 02:52:13.628,1.5673,1.56749,1.00,1.00
2018.04.09 02:52:14.912,1.5673,1.5675,2.06,1.00
2018.04.09 02:52:14.963,1.56731,1.56751,2.81,1.00
2018.04.09 02:52:15.219,1.56733,1.56753,1.69,1.00
2018.04.09 02:52:15.322,1.56732,1.5675,2.62,1.00
2018.04.09 02:52:15.475,1.5673,1.5675,4.31,1.00
2018.04.09 02:52:15.526,1.5673,1.56748,3.56,1.00
2018.04.09 02:52:15.709,1.56729,1.5675,1.31,1.00
2018.04.09 02:52:16.650,1.56729,1.5675,1.31,1.00
2018.04.09 02:52:16.753,1.56729,1.56748,1.19,1.00
2018.04.09 02:52:19.129,1.56729,1.56748,1.69,1.00
2018.04.09 02:52:19.489,1.56731,1.56751,1.69,1.00
2018.04.09 02:52:19.840,1.5673,1.56749,2.44,1.00
2018.04.09 02:52:20.341,1.5673,1.5675,1.69,1.00
2018.04.09 02:52:21.140,1.5673,1.5675,1.69,1.00
2018.04.09 02:52:21.455,1.56731,1.5675,1.94,1.00
2018.04.09 02:52:21.968,1.56731,1.5675,1.19,1.00
2018.04.09 02:52:25.444,1.56731,1.56751,1.94,1.00
2018.04.09 02:52:25.602,1.56733,1.56753,1.69,1.00
2018.04.09 02:52:27.067,1.56733,1.56753,2.44,1.00
2018.04.09 02:52:27.483,1.56733,1.56753,2.00,1.00
2018.04.09 02:52:28.428,1.56733,1.56752,2.00,1.00
2018.04.09 02:52:28.582,1.56733,1.56751,1.25,1.00
2018.04.09 02:52:28.685,1.56733,1.56751,2.00,1.00
2018.04.09 02:52:28.788,1.56733,1.56751,1.25,1.00
2018.04.09 02:52:29.214,1.56733,1.56751,2.00,1.00
2018.04.09 02:52:29.485,1.56733,1.56751,1.31,1.00
2018.04.09 02:52:29.992,1.5673,1.5675,2.44,1.00
2018.04.09 02:52:30.543,1.5673,1.56749,2.06,1.00
2018.04.09 02:52:33.066,1.5673,1.56749,1.94,1.00
2018.04.09 02:52:33.250,1.5673,1.56749,1.31,1.00
2018.04.09 02:52:36.236,1.56731,1.56751,1.69,1.00
2018.04.09 02:52:36.443,1.56734,1.56754,2.06,1.00
2018.04.09 02:52:36.985,1.56735,1.56754,1.50,1.00
2018.04.09 02:52:38.699,1.56735,1.56754,1.69,1.00
2018.04.09 02:52:40.335,1.56735,1.56754,1.25,1.00
2018.04.09 02:52:41.257,1.56737,1.56754,1.00,1.00
2018.04.09 02:52:41.498,1.56735,1.56754,1.25,1.00
2018.04.09 02:52:41.653,1.56737,1.56754,1.00,1.00
2018.04.09 02:52:43.318,1.56738,1.56754,1.00,1.00
2018.04.09 02:52:43.861,1.56738,1.56755,1.00,1.00
2018.04.09 02:52:44.368,1.56738,1.56756,1.50,1.00
2018.04.09 02:52:44.472,1.56739,1.56759,1.50,1.00
2018.04.09 02:52:44.577,1.5674,1.56758,1.31,1.00
2018.04.09 02:52:44.628,1.56744,1.56764,1.00,1.75
2018.04.09 02:52:44.680,1.56744,1.56764,1.00,1.00
2018.04.09 02:52:44.784,1.56743,1.56761,1.31,1.00
2018.04.09 02:52:45.148,1.56746,1.56763,1.31,1.00
2018.04.09 02:52:45.568,1.56746,1.56765,1.19,1.00
2018.04.09 02:52:45.621,1.56743,1.56762,1.94,1.00
2018.04.09 02:52:46.095,1.56746,1.56764,1.75,1.00
2018.04.09 02:52:46.252,1.56746,1.56763,1.12,1.00
2018.04.09 02:52:46.766,1.56745,1.56764,1.50,1.00
2018.04.09 02:52:47.209,1.56748,1.56765,1.00,1.00
2018.04.09 02:52:49.160,1.56746,1.56766,1.75,1.00
2018.04.09 02:52:49.212,1.56746,1.56766,1.00,1.00
2018.04.09 02:52:49.869,1.56751,1.56768,1.56,1.00
2018.04.09 02:52:49.921,1.56752,1.56771,1.56,1.00
2018.04.09 02:52:50.444,1.56752,1.56772,2.06,1.00
2018.04.09 02:52:50.598,1.56752,1.56769,2.06,1.00
2018.04.09 02:52:51.124,1.56753,1.56768,1.19,1.00
2018.04.09 02:52:51.998,1.56753,1.56766,1.00,1.00
2018.04.09 02:52:52.050,1.5675,1.56767,1.25,1.00
2018.04.09 02:52:52.153,1.56747,1.56766,1.69,1.00
2018.04.09 02:52:52.676,1.56748,1.56766,1.00,1.00
2018.04.09 02:52:58.376,1.56746,1.56766,1.69,1.00
2018.04.09 02:53:01.401,1.56746,1.56765,1.25,1.00
2018.04.09 02:53:02.556,1.56744,1.56764,3.19,1.00
2018.04.09 02:53:04.211,1.56746,1.56765,1.00,1.00
2018.04.09 02:53:04.829,1.56747,1.56765,1.00,1.00
2018.04.09 02:53:05.490,1.56747,1.56766,1.00,1.00
2018.04.09 02:53:10.872,1.56747,1.56767,1.50,1.12
2018.04.09 02:53:11.027,1.56749,1.56769,1.50,1.00
2018.04.09 02:53:11.361,1.56749,1.56767,1.75,1.00
2018.04.09 02:53:11.905,1.5675,1.56768,1.75,1.00
2018.04.09 02:53:12.060,1.5675,1.56768,1.50,1.00
2018.04.09 02:53:12.534,1.56748,1.56768,1.87,1.00
2018.04.09 02:53:12.890,1.56748,1.56768,4.12,1.00
2018.04.09 02:53:14.091,1.56748,1.56768,2.25,1.00
2018.04.09 02:53:14.663,1.56748,1.56768,1.50,1.00
2018.04.09 02:53:15.205,1.56749,1.56767,1.12,1.00
2018.04.09 02:53:16.312,1.56748,1.56767,3.37,1.00
2018.04.09 02:53:16.854,1.56748,1.56767,1.75,1.00
2018.04.09 02:53:17.567,1.56748,1.56768,2.25,1.00
2018.04.09 02:53:19.465,1.56749,1.56768,1.00,1.00
2018.04.09 02:53:19.518,1.5675,1.56768,2.00,1.00
2018.04.09 02:53:20.499,1.56757,1.56768,1.00,1.00
2018.04.09 02:53:21.155,1.56758,1.56771,1.00,1.00
2018.04.09 02:53:21.407,1.56761,1.56771,1.00,1.00
2018.04.09 02:53:21.922,1.56761,1.56772,1.00,1.00
2018.04.09 02:53:23.511,1.56761,1.5677,1.00,1.00
2018.04.09 02:53:23.563,1.56758,1.56771,1.00,1.00
2018.04.09 02:53:24.052,1.56761,1.56772,1.00,1.00
2018.04.09 02:53:24.310,1.56762,1.56774,1.00,1.00
2018.04.09 02:53:24.864,1.56763,1.56775,1.00,1.00
2018.04.09 02:53:25.387,1.56763,1.56774,1.00,1.00
2018.04.09 02:53:25.923,1.56763,1.56775,1.00,1.00
2018.04.09 02:53:26.607,1.56762,1.56775,1.00,1.00
2018.04.09 02:53:30.757,1.56763,1.56775,1.00,1.00
2018.04.09 02:53:30.808,1.56763,1.5678,1.00,1.50
2018.04.09 02:53:30.860,1.56767,1.5678,1.00,1.50
2018.04.09 02:53:31.383,1.56768,1.56781,1.00,1.00
2018.04.09 02:53:31.695,1.5677,1.56781,1.00,1.00
2018.04.09 02:53:35.059,1.56771,1.56781,1.00,1.00
2018.04.09 02:53:35.751,1.56771,1.56782,1.00,1.00
2018.04.09 02:53:40.345,1.56772,1.56782,1.00,1.00
2018.04.09 02:53:40.500,1.56772,1.56785,1.00,1.00
2018.04.09 02:53:41.630,1.56775,1.56786,1.00,1.00
2018.04.09 02:53:42.164,1.56775,1.56787,1.00,1.12
2018.04.09 02:53:45.490,1.56775,1.56788,1.00,1.00
2018.04.09 02:53:46.509,1.56775,1.56787,1.00,1.00
2018.04.09 02:53:53.256,1.56776,1.56787,1.00,1.00
2018.04.09 02:53:55.072,1.56776,1.56789,1.00,1.00
2018.04.09 02:53:55.278,1.56776,1.56787,1.00,1.00
2018.04.09 02:53:55.895,1.56775,1.56787,1.00,1.00
2018.04.09 02:53:56.407,1.56776,1.56787,1.00,1.00
2018.04.09 02:53:58.285,1.56776,1.56786,1.00,1.00
2018.04.09 02:53:59.200,1.56775,1.56786,1.00,1.00
2018.04.09 02:53:59.611,1.56775,1.56782,1.00,1.00
2018.04.09 02:53:59.664,1.56771,1.56782,1.00,1.00
2018.04.09 02:54:02.170,1.56771,1.56781,1.00,1.00
2018.04.09 02:54:02.750,1.5677,1.56781,1.00,1.00
2018.04.09 02:54:03.274,1.5677,1.5678,1.00,1.00
2018.04.09 02:54:03.327,1.56768,1.56779,1.00,1.00
2018.04.09 02:54:04.832,1.56769,1.5678,1.00,1.00
2018.04.09 02:54:11.260,1.56769,1.56778,1.00,1.00
2018.04.09 02:54:11.416,1.56766,1.56776,1.00,1.00
2018.04.09 02:54:11.469,1.56767,1.5678,1.00,1.00
2018.04.09 02:54:11.573,1.5677,1.5678,1.00,1.00
2018.04.09 02:54:16.366,1.56768,1.5678,1.00,1.00
2018.04.09 02:54:17.494,1.56768,1.56781,1.00,1.00
2018.04.09 02:54:17.647,1.5677,1.56781,1.00,1.00
2018.04.09 02:54:17.751,1.56772,1.56785,1.00,1.00
2018.04.09 02:54:18.006,1.56775,1.56785,1.00,1.00
2018.04.09 02:54:18.215,1.56773,1.56786,1.00,1.12
2018.04.09 02:54:18.838,1.56772,1.56786,1.00,1.00
2018.04.09 02:54:19.313,1.56772,1.56782,1.00,1.00
2018.04.09 02:54:19.723,1.56772,1.56784,1.00,1.00
2018.04.09 02:54:23.767,1.56772,1.56782,1.00,1.00
2018.04.09 02:54:23.920,1.5677,1.56782,1.00,1.00
2018.04.09 02:54:32.937,1.5677,1.56777,1.00,1.00
2018.04.09 02:54:32.990,1.56764,1.56779,1.75,1.00
2018.04.09 02:54:33.221,1.56766,1.56781,1.00,1.00
2018.04.09 02:54:33.324,1.56768,1.56781,1.00,1.00
2018.04.09 02:54:33.860,1.56767,1.56781,1.00,1.00
2018.04.09 02:54:34.406,1.56768,1.56781,1.00,1.00
2018.04.09 02:54:34.978,1.56767,1.56782,1.00,1.00
2018.04.09 02:54:35.504,1.56767,1.56783,1.00,1.00
2018.04.09 02:54:35.902,1.56767,1.56781,1.00,1.00
2018.04.09 02:54:36.434,1.56767,1.56782,1.00,1.00
2018.04.09 02:54:38.823,1.56767,1.5678,1.00,1.00
2018.04.09 02:54:39.339,1.56767,1.56781,1.00,1.00
2018.04.09 02:54:40.534,1.56768,1.56781,1.00,1.00
2018.04.09 02:54:41.089,1.56768,1.5678,1.00,1.00
2018.04.09 02:54:44.951,1.56768,1.56781,1.00,1.00
2018.04.09 02:54:45.561,1.56767,1.56781,1.00,1.00
2018.04.09 02:54:46.771,1.56768,1.56781,1.00,1.12
2018.04.09 02:54:47.971,1.56768,1.56778,1.00,1.00
2018.04.09 02:54:48.074,1.56764,1.56778,1.00,1.00
2018.04.09 02:54:48.719,1.56764,1.56777,1.00,1.00
2018.04.09 02:54:51.715,1.56764,1.56776,1.00,1.00
2018.04.09 02:54:59.587,1.56764,1.56777,1.00,1.00
2018.04.09 02:54:59.752,1.56766,1.56777,1.00,1.00
2018.04.09 02:55:02.652,1.56766,1.56779,1.00,1.00
2018.04.09 02:55:03.179,1.56767,1.5678,1.00,1.00
2018.04.09 02:55:03.830,1.56767,1.56781,1.00,1.00
2018.04.09 02:55:04.196,1.56767,1.56778,1.00,1.00
2018.04.09 02:55:04.352,1.56764,1.56777,1.00,1.00
2018.04.09 02:55:04.958,1.56764,1.56776,1.00,1.00
2018.04.09 02:55:05.477,1.56763,1.56777,1.00,1.00
2018.04.09 02:55:05.820,1.56763,1.56775,1.00,1.00
2018.04.09 02:55:07.109,1.56763,1.56776,1.00,1.00
2018.04.09 02:55:09.004,1.56763,1.56777,1.00,1.00
2018.04.09 02:55:09.824,1.56764,1.56778,1.00,1.00
2018.04.09 02:55:09.979,1.56762,1.56778,1.00,1.00
2018.04.09 02:55:11.466,1.56764,1.56779,1.00,1.00
2018.04.09 02:55:11.789,1.56763,1.56777,1.00,1.00
2018.04.09 02:55:12.302,1.56764,1.56777,1.00,1.00
2018.04.09 02:55:12.508,1.56762,1.56777,1.00,1.00
2018.04.09 02:55:13.021,1.56762,1.56778,1.00,1.12
2018.04.09 02:55:14.625,1.56762,1.56778,1.00,1.50
2018.04.09 02:55:16.381,1.56764,1.56781,1.00,1.50
2018.04.09 02:55:16.433,1.56763,1.56777,1.00,1.00
2018.04.09 02:55:16.485,1.56764,1.56779,1.00,1.00
2018.04.09 02:55:16.588,1.56764,1.56781,1.12,1.00
2018.04.09 02:55:17.089,1.56764,1.56781,1.00,1.19
2018.04.09 02:55:17.196,1.56764,1.56778,1.00,1.00
2018.04.09 02:55:18.056,1.56764,1.56779,1.00,1.00
2018.04.09 02:55:19.513,1.56765,1.56782,1.00,1.25
2018.04.09 02:55:19.604,1.56767,1.56782,1.00,1.25
2018.04.09 02:55:19.913,1.56769,1.56784,1.00,1.00
2018.04.09 02:55:20.223,1.56764,1.56778,1.00,1.00
2018.04.09 02:55:20.736,1.56763,1.56778,1.00,1.00
2018.04.09 02:55:22.732,1.56763,1.56779,1.00,1.00
2018.04.09 02:55:22.838,1.56764,1.56783,1.00,3.37
2018.04.09 02:55:22.890,1.56767,1.56783,1.00,1.50
2018.04.09 02:55:23.200,1.56764,1.5678,1.00,1.00
2018.04.09 02:55:23.759,1.56765,1.56782,1.00,2.62
2018.04.09 02:55:23.813,1.56768,1.56784,1.00,1.12
2018.04.09 02:55:24.454,1.56769,1.56784,1.00,1.00
2018.04.09 02:55:25.951,1.56769,1.56783,1.00,1.00
2018.04.09 02:55:26.161,1.56767,1.5678,1.00,1.00
2018.04.09 02:55:26.214,1.56764,1.5678,1.00,1.00
2018.04.09 02:55:26.731,1.56764,1.56779,1.00,1.00
2018.04.09 02:55:30.494,1.56764,1.56782,1.00,2.25
2018.04.09 02:55:30.649,1.56767,1.56783,1.00,1.19
2018.04.09 02:55:31.010,1.56765,1.56782,1.00,1.19
2018.04.09 02:55:31.061,1.56762,1.56779,1.12,1.00
2018.04.09 02:55:31.113,1.56762,1.56776,1.00,1.00
2018.04.09 02:55:31.654,1.56761,1.56777,1.00,1.00
2018.04.09 02:55:34.388,1.56764,1.56781,1.00,1.50
2018.04.09 02:55:35.235,1.56764,1.56779,1.00,1.00
2018.04.09 02:55:35.547,1.56759,1.56775,1.00,1.00
2018.04.09 02:55:35.703,1.56761,1.56775,1.00,1.00
2018.04.09 02:55:36.226,1.56761,1.56776,1.00,1.00
2018.04.09 02:55:36.278,1.56761,1.5678,1.50,1.00
2018.04.09 02:55:36.330,1.56763,1.56781,1.00,1.12
2018.04.09 02:55:36.690,1.56764,1.56779,1.00,1.00
2018.04.09 02:55:37.215,1.56765,1.56779,1.00,1.19
2018.04.09 02:55:42.440,1.56765,1.56779,1.00,1.00
2018.04.09 02:55:48.760,1.56764,1.56779,1.00,1.00
2018.04.09 02:55:51.536,1.56763,1.56778,1.00,1.00
2018.04.09 02:55:51.741,1.56758,1.56776,1.00,1.00
2018.04.09 02:55:52.251,1.56759,1.56776,1.00,1.00
2018.04.09 02:55:53.152,1.56759,1.56775,1.00,1.00
2018.04.09 02:55:53.660,1.56758,1.56774,1.00,1.00
2018.04.09 02:55:54.194,1.56758,1.56773,1.00,1.00
2018.04.09 02:55:57.788,1.56758,1.56775,1.00,1.37
2018.04.09 02:55:57.893,1.56757,1.56776,1.12,1.50
2018.04.09 02:55:57.996,1.56759,1.56776,1.00,1.00
2018.04.09 02:55:58.156,1.56757,1.56776,1.00,1.00
2018.04.09 02:55:58.727,1.56757,1.56775,1.00,1.00
2018.04.09 02:56:00.042,1.56757,1.56776,1.00,1.00
2018.04.09 02:56:00.348,1.56757,1.56773,1.00,1.00
2018.04.09 02:56:04.845,1.56757,1.56771,1.00,1.00
2018.04.09 02:56:04.950,1.56758,1.56773,1.00,1.00
2018.04.09 02:56:05.002,1.56759,1.56777,1.00,1.00
2018.04.09 02:56:05.054,1.56761,1.56778,1.00,1.25
2018.04.09 02:56:05.161,1.56762,1.5678,1.00,1.00
2018.04.09 02:56:05.699,1.56763,1.56779,1.00,1.00
2018.04.09 02:56:09.356,1.56762,1.56779,1.00,1.00
2018.04.09 02:56:09.408,1.56762,1.56776,1.00,1.00
2018.04.09 02:56:09.511,1.56759,1.56774,1.00,1.00
2018.04.09 02:56:10.073,1.56758,1.56773,1.00,1.00
2018.04.09 02:56:10.638,1.56758,1.56774,1.00,1.00
2018.04.09 02:56:12.707,1.56758,1.56775,1.00,1.00
2018.04.09 02:56:12.961,1.56758,1.56773,1.00,1.00
2018.04.09 02:56:13.907,1.56764,1.56779,1.00,1.00
2018.04.09 02:56:14.011,1.56762,1.56779,1.12,1.00
2018.04.09 02:56:14.185,1.5676,1.56776,1.12,1.00
2018.04.09 02:56:14.287,1.56758,1.56775,1.12,1.00
2018.04.09 02:56:14.644,1.56759,1.56776,1.50,1.00
2018.04.09 02:56:15.258,1.56759,1.56776,1.00,1.00
2018.04.09 02:56:18.814,1.56759,1.56777,1.00,1.00
2018.04.09 02:56:18.969,1.56759,1.56779,1.69,1.00
2018.04.09 02:56:19.492,1.5676,1.56779,1.00,1.00
2018.04.09 02:56:19.744,1.56766,1.56786,1.00,1.50
2018.04.09 02:56:19.797,1.56768,1.5678,1.00,1.00
2018.04.09 02:56:19.849,1.56768,1.56785,1.00,1.00
2018.04.09 02:56:19.902,1.56763,1.56783,1.19,1.00
2018.04.09 02:56:20.058,1.56763,1.5678,1.69,1.00
2018.04.09 02:56:20.572,1.56763,1.5678,1.00,1.00
2018.04.09 02:56:22.416,1.56762,1.5678,1.31,1.00
2018.04.09 02:56:23.794,1.56762,1.56779,1.00,1.00
2018.04.09 02:56:23.846,1.5676,1.56779,1.50,1.00
2018.04.09 02:56:26.385,1.5676,1.56779,2.25,1.00
2018.04.09 02:56:31.085,1.5676,1.56779,1.50,1.00
2018.04.09 02:56:33.287,1.5676,1.56779,1.87,1.00
2018.04.09 02:56:33.888,1.56762,1.5678,1.00,1.00
2018.04.09 02:56:40.065,1.56762,1.56781,1.12,1.00
2018.04.09 02:56:40.118,1.56762,1.56778,1.00,1.00
2018.04.09 02:56:40.170,1.5676,1.56778,1.00,1.25
2018.04.09 02:56:40.222,1.56758,1.56777,1.00,1.00
2018.04.09 02:56:40.639,1.56758,1.56778,2.25,1.25
2018.04.09 02:56:40.844,1.56759,1.56778,1.00,1.25
2018.04.09 02:56:41.523,1.56762,1.56781,1.75,1.25
2018.04.09 02:56:42.040,1.56762,1.56782,1.75,1.00
2018.04.09 02:56:42.350,1.56762,1.56779,1.00,1.00
2018.04.09 02:56:43.037,1.56761,1.56779,1.00,1.00
2018.04.09 02:56:43.421,1.56759,1.56779,1.00,1.00
2018.04.09 02:56:44.409,1.56759,1.56777,1.00,1.00
2018.04.09 02:56:44.720,1.56762,1.56779,1.00,1.00
2018.04.09 02:56:45.227,1.56761,1.56779,1.00,1.00
2018.04.09 02:56:45.762,1.56761,1.5678,1.00,1.00
2018.04.09 02:56:46.273,1.56761,1.56779,1.12,1.00
2018.04.09 02:56:46.581,1.56759,1.56779,2.25,1.00
2018.04.09 02:56:47.174,1.56759,1.56779,3.00,1.00
2018.04.09 02:56:47.684,1.56759,1.56779,1.50,1.00
2018.04.09 02:56:48.473,1.56759,1.56779,1.50,1.00
2018.04.09 02:56:51.179,1.56761,1.5678,1.00,1.00
2018.04.09 02:56:51.769,1.56761,1.56783,3.56,1.00
2018.04.09 02:56:51.822,1.56764,1.56783,1.12,1.00
2018.04.09 02:56:52.141,1.56763,1.56784,2.44,1.00
2018.04.09 02:56:52.663,1.56763,1.56784,2.44,1.00
2018.04.09 02:56:53.491,1.56763,1.56784,2.06,1.00
2018.04.09 02:56:53.543,1.56763,1.56784,1.00,1.00
2018.04.09 02:56:54.400,1.56763,1.56784,2.44,1.00
2018.04.09 02:56:56.390,1.56763,1.56784,2.44,1.00
2018.04.09 02:56:56.962,1.56763,1.56784,1.50,1.00
2018.04.09 02:56:58.282,1.56763,1.56784,1.75,1.00
2018.04.09 02:56:58.333,1.56764,1.56784,1.00,1.00
2018.04.09 02:56:58.875,1.56762,1.56784,3.19,1.00
2018.04.09 02:56:59.390,1.56762,1.56784,3.19,1.00
2018.04.09 02:56:59.442,1.56762,1.5678,2.00,1.00
2018.04.09 02:56:59.493,1.56762,1.56778,1.25,1.00
2018.04.09 02:56:59.598,1.56758,1.56778,5.25,1.00
2018.04.09 02:57:00.010,1.56758,1.56777,1.50,1.00
2018.04.09 02:57:00.155,1.56758,1.56777,2.25,1.00
2018.04.09 02:57:02.019,1.56759,1.56777,1.00,1.00
2018.04.09 02:57:03.411,1.56758,1.56777,2.25,1.00
2018.04.09 02:57:03.742,1.56759,1.56779,1.50,1.00
2018.04.09 02:57:03.794,1.56766,1.56786,1.00,1.19
2018.04.09 02:57:04.330,1.56765,1.56783,1.00,1.00
2018.04.09 02:57:04.949,1.56763,1.56782,1.87,1.00
2018.04.09 02:57:05.620,1.56762,1.56781,2.25,1.00
2018.04.09 02:57:08.426,1.56762,1.56781,1.50,1.00
2018.04.09 02:57:08.993,1.56762,1.56781,2.25,1.00
2018.04.09 02:57:09.619,1.56762,1.56782,1.00,1.00
2018.04.09 02:57:09.928,1.56764,1.56784,1.50,1.50
2018.04.09 02:57:10.532,1.56765,1.56784,1.25,1.00
2018.04.09 02:57:11.052,1.56765,1.56785,1.50,1.50
2018.04.09 02:57:11.555,1.56766,1.56786,1.00,1.00
2018.04.09 02:57:13.439,1.56766,1.56786,1.75,1.00
2018.04.09 02:57:13.945,1.56768,1.56786,1.00,1.00
2018.04.09 02:57:14.984,1.56766,1.56786,1.75,1.00
2018.04.09 02:57:18.419,1.56765,1.56785,3.19,1.00
2018.04.09 02:57:18.571,1.56765,1.56784,1.50,1.00
2018.04.09 02:57:18.775,1.56764,1.56784,1.69,1.00
2018.04.09 02:57:18.877,1.56765,1.56784,2.06,1.00
2018.04.09 02:57:19.387,1.56766,1.56784,1.69,1.00
2018.04.09 02:57:19.932,1.56766,1.56784,2.00,1.00
2018.04.09 02:57:19.988,1.56766,1.56783,1.12,1.00
2018.04.09 02:57:20.041,1.56764,1.56782,1.00,1.00
2018.04.09 02:57:20.195,1.56764,1.56784,1.12,1.00
2018.04.09 02:57:20.792,1.56765,1.56785,1.00,1.50
2018.04.09 02:57:21.883,1.56765,1.56785,1.00,2.25
2018.04.09 02:57:22.383,1.56765,1.56785,1.00,1.50
2018.04.09 02:57:22.935,1.56765,1.56785,1.00,2.25
2018.04.09 02:57:23.454,1.56765,1.56785,1.00,1.50
2018.04.09 02:57:24.386,1.56765,1.56785,1.00,1.87
2018.04.09 02:57:24.996,1.56765,1.56785,1.00,1.50
2018.04.09 02:57:27.210,1.56766,1.56786,1.00,1.12
2018.04.09 02:57:31.040,1.56767,1.56787,1.00,1.50
2018.04.09 02:57:34.441,1.56768,1.56787,1.00,1.50
2018.04.09 02:57:34.854,1.56768,1.56788,1.75,1.00
2018.04.09 02:57:35.163,1.56768,1.56788,1.00,1.12
2018.04.09 02:57:36.228,1.56768,1.56788,1.00,1.50
2018.04.09 02:57:36.763,1.56767,1.56787,1.12,1.00
2018.04.09 02:57:37.059,1.56766,1.56786,1.50,1.50
2018.04.09 02:57:37.598,1.56765,1.56785,1.50,1.12
2018.04.09 02:57:37.960,1.56764,1.56783,1.25,1.00
2018.04.09 02:57:41.761,1.56764,1.56783,1.00,1.75
2018.04.09 02:57:42.171,1.56764,1.56783,1.00,1.12
2018.04.09 02:57:42.581,1.56765,1.56784,1.50,1.00
2018.04.09 02:57:42.763,1.56764,1.56784,1.69,1.00
2018.04.09 02:57:44.195,1.56763,1.56783,2.44,1.00
2018.04.09 02:57:44.299,1.56765,1.56785,1.00,2.25
2018.04.09 02:57:44.350,1.56764,1.56782,1.12,1.00
2018.04.09 02:57:44.403,1.56762,1.56782,1.50,1.12
2018.04.09 02:57:45.736,1.56761,1.56781,1.00,1.00
2018.04.09 02:57:46.735,1.56762,1.56782,1.00,1.00
2018.04.09 02:57:46.943,1.5676,1.5678,1.50,1.00
2018.04.09 02:57:47.456,1.56759,1.56779,3.00,1.00
2018.04.09 02:57:48.133,1.56759,1.56779,2.62,1.00
2018.04.09 02:57:48.866,1.56759,1.56779,3.00,1.00
2018.04.09 02:57:49.405,1.56759,1.56779,1.50,1.00
2018.04.09 02:57:49.725,1.56755,1.56774,1.00,1.00
2018.04.09 02:57:50.748,1.56754,1.56774,1.50,1.00
2018.04.09 02:57:53.251,1.56755,1.56774,1.00,1.00
2018.04.09 02:57:53.775,1.56754,1.56775,1.00,1.00
2018.04.09 02:57:56.644,1.56754,1.56773,1.00,1.00
2018.04.09 02:57:57.260,1.56753,1.56773,1.50,1.00
2018.04.09 02:57:58.827,1.56753,1.56773,2.25,1.00
2018.04.09 02:57:59.480,1.56753,1.56773,1.50,1.00
2018.04.09 02:58:00.502,1.56754,1.56773,1.00,1.00
2018.04.09 02:58:01.460,1.56753,1.56773,1.50,1.00
2018.04.09 02:58:02.439,1.56755,1.56775,1.00,1.00
2018.04.09 02:58:02.971,1.56754,1.56774,1.00,1.00
2018.04.09 02:58:03.539,1.56754,1.56773,1.00,1.00
2018.04.09 02:58:04.495,1.56753,1.56773,1.00,1.00
2018.04.09 02:58:07.416,1.56753,1.56774,1.00,1.00
2018.04.09 02:58:07.601,1.56756,1.56778,1.50,1.00
2018.04.09 02:58:07.654,1.56757,1.56778,2.62,1.00
2018.04.09 02:58:07.761,1.56756,1.56776,1.50,1.00
2018.04.09 02:58:08.328,1.56756,1.56777,2.25,1.00
2018.04.09 02:58:08.838,1.56756,1.56777,1.75,1.00
2018.04.09 02:58:09.708,1.56754,1.56774,4.12,1.00
2018.04.09 02:58:09.759,1.56754,1.56774,1.12,1.00
2018.04.09 02:58:10.322,1.56753,1.56773,1.87,1.00
2018.04.09 02:58:11.007,1.56753,1.56773,1.50,1.00
2018.04.09 02:58:11.268,1.56753,1.56773,1.75,1.00
2018.04.09 02:58:11.373,1.56753,1.56773,2.25,1.00
2018.04.09 02:58:12.050,1.56754,1.56774,2.44,1.00
2018.04.09 02:58:12.370,1.56754,1.56774,1.50,1.00
2018.04.09 02:58:12.635,1.56753,1.56773,1.00,1.00
2018.04.09 02:58:13.673,1.56753,1.56773,1.50,1.00
2018.04.09 02:58:14.232,1.56753,1.56773,1.00,1.00
2018.04.09 02:58:14.777,1.56752,1.56772,2.62,1.00
2018.04.09 02:58:18.027,1.56754,1.56772,1.00,1.00
2018.04.09 02:58:18.348,1.56754,1.56769,1.00,1.00
2018.04.09 02:58:18.668,1.56754,1.56767,1.00,1.00
2018.04.09 02:58:19.210,1.56754,1.56766,1.00,1.00
2018.04.09 02:58:20.426,1.56754,1.56765,1.00,1.00
2018.04.09 02:58:20.529,1.56752,1.56765,1.00,1.00
2018.04.09 02:58:21.370,1.56752,1.56768,1.00,1.00
2018.04.09 02:58:21.728,1.56752,1.56771,1.50,1.25
2018.04.09 02:58:21.779,1.56755,1.56771,1.00,1.25
2018.04.09 02:58:22.088,1.56755,1.56765,1.00,1.00
2018.04.09 02:58:22.140,1.56755,1.56768,1.00,1.12
2018.04.09 02:58:23.655,1.56755,1.56769,1.00,1.00
2018.04.09 02:58:24.105,1.56749,1.5677,3.00,1.00
2018.04.09 02:58:24.156,1.56754,1.5677,1.00,1.00
2018.04.09 02:58:24.687,1.56754,1.56771,1.12,1.25
2018.04.09 02:58:25.638,1.56754,1.56771,1.37,1.00
2018.04.09 02:58:26.151,1.56754,1.56772,1.12,1.00
2018.04.09 02:58:26.479,1.56756,1.56772,1.00,1.25
2018.04.09 02:58:26.787,1.56756,1.56768,1.00,1.19
2018.04.09 02:58:27.738,1.56753,1.56769,1.00,1.00
2018.04.09 02:58:29.379,1.56753,1.5677,1.00,1.00
2018.04.09 02:58:29.940,1.56753,1.56771,1.00,1.00
2018.04.09 02:58:37.142,1.56756,1.56773,1.00,1.00
2018.04.09 02:58:37.668,1.56756,1.56774,1.00,1.00
2018.04.09 02:58:38.223,1.56756,1.56773,1.00,1.00
2018.04.09 02:58:38.691,1.56756,1.56775,1.00,1.00
2018.04.09 02:58:38.743,1.56759,1.56775,1.00,1.00
2018.04.09 02:58:39.079,1.56759,1.56777,1.00,1.00
2018.04.09 02:58:39.132,1.56762,1.56777,1.00,1.00
2018.04.09 02:58:39.185,1.56762,1.56779,1.00,1.00
2018.04.09 02:58:39.601,1.56765,1.5678,1.00,1.00
2018.04.09 02:58:40.138,1.56765,1.56781,1.00,1.00
2018.04.09 02:58:40.546,1.56765,1.56779,1.00,1.00
2018.04.09 02:58:40.648,1.56761,1.56777,1.00,1.00
2018.04.09 02:58:40.700,1.56761,1.56775,1.00,1.00
2018.04.09 02:58:41.077,1.56757,1.56777,1.50,1.00
2018.04.09 02:58:41.129,1.56759,1.56777,1.00,1.00
2018.04.09 02:58:41.435,1.56761,1.56777,1.00,1.00
2018.04.09 02:58:41.486,1.56761,1.56779,1.00,1.00
2018.04.09 02:58:45.175,1.56762,1.56779,1.00,1.00
2018.04.09 02:58:45.868,1.56761,1.56779,1.12,1.00
2018.04.09 02:58:46.488,1.56761,1.56777,1.00,1.00
2018.04.09 02:58:46.592,1.56759,1.56777,1.00,1.00
2018.04.09 02:58:46.645,1.56759,1.56779,1.50,1.00
2018.04.09 02:58:46.697,1.56761,1.56779,1.12,1.00
2018.04.09 02:58:47.256,1.56761,1.56781,1.50,1.00
2018.04.09 02:58:47.441,1.56764,1.5678,1.00,1.00
2018.04.09 02:58:47.756,1.56762,1.5678,1.00,1.00
2018.04.09 02:58:47.808,1.5676,1.56778,1.12,1.00
2018.04.09 02:58:48.117,1.5676,1.56779,1.75,1.00
2018.04.09 02:58:48.487,1.56759,1.56775,1.00,1.00
2018.04.09 02:58:48.541,1.56757,1.56775,1.12,1.50
2018.04.09 02:58:48.695,1.56759,1.56776,1.00,1.00
2018.04.09 02:58:49.349,1.56758,1.56777,1.75,1.00
2018.04.09 02:58:49.955,1.56759,1.56778,1.37,1.00
2018.04.09 02:58:50.493,1.56759,1.56778,1.12,1.00
2018.04.09 02:58:52.433,1.56759,1.56779,1.12,1.50
2018.04.09 02:58:53.057,1.56759,1.56779,1.50,1.50
2018.04.09 02:58:53.390,1.5676,1.56776,1.00,1.50
2018.04.09 02:58:53.758,1.56757,1.56774,1.00,1.00
2018.04.09 02:58:53.863,1.56756,1.56777,1.50,1.00
2018.04.09 02:58:53.916,1.56759,1.56777,1.00,1.00
2018.04.09 02:58:54.831,1.56759,1.56778,1.12,1.00
2018.04.09 02:58:55.341,1.5676,1.56778,1.12,1.00
2018.04.09 02:58:55.873,1.5676,1.56777,1.12,1.00
2018.04.09 02:58:58.337,1.5676,1.56776,1.00,1.00
2018.04.09 02:59:01.835,1.56761,1.56776,1.00,1.00
2018.04.09 02:59:03.545,1.56761,1.56778,1.00,1.00
2018.04.09 02:59:03.701,1.56763,1.56779,1.00,1.00
2018.04.09 02:59:06.289,1.56765,1.56779,1.00,1.00
2018.04.09 02:59:06.393,1.56761,1.56776,1.00,1.69
2018.04.09 02:59:06.446,1.56758,1.56775,1.00,1.00
2018.04.09 02:59:06.653,1.5676,1.56776,1.00,1.00
2018.04.09 02:59:07.171,1.56761,1.56777,1.00,1.00
2018.04.09 02:59:07.772,1.56761,1.56776,1.00,1.00
2018.04.09 02:59:07.824,1.56758,1.56776,1.00,1.50
2018.04.09 02:59:08.345,1.56757,1.56775,1.00,1.00
2018.04.09 02:59:08.879,1.56757,1.56776,1.00,1.50
2018.04.09 02:59:09.354,1.56758,1.56776,1.50,1.00
2018.04.09 02:59:09.915,1.56758,1.56777,1.12,1.50
2018.04.09 02:59:14.875,1.56758,1.56776,1.12,1.00
2018.04.09 02:59:16.413,1.56757,1.56776,1.00,1.00
2018.04.09 02:59:16.725,1.56758,1.56778,1.00,2.25
2018.04.09 02:59:17.240,1.56759,1.56778,1.00,1.50
2018.04.09 02:59:18.807,1.56759,1.56776,1.00,1.00
2018.04.09 02:59:19.334,1.56759,1.56777,1.00,1.50
2018.04.09 02:59:20.213,1.56759,1.56776,1.00,1.00
2018.04.09 02:59:21.227,1.56757,1.56776,1.00,1.50
2018.04.09 02:59:21.383,1.56757,1.56774,1.00,1.00
2018.04.09 02:59:22.167,1.56756,1.56774,1.00,1.00
2018.04.09 02:59:23.241,1.56756,1.56774,1.50,1.00
2018.04.09 02:59:23.769,1.56757,1.56775,1.00,1.00
2018.04.09 02:59:24.289,1.5676,1.56776,1.00,1.00
2018.04.09 02:59:24.798,1.5676,1.56777,1.00,1.00
2018.04.09 02:59:26.200,1.56761,1.56782,1.00,1.00
2018.04.09 02:59:26.252,1.5676,1.56779,3.19,1.00
2018.04.09 02:59:26.303,1.56764,1.56781,1.00,1.00
2018.04.09 02:59:26.735,1.56762,1.56782,1.50,1.00
2018.04.09 02:59:26.942,1.56765,1.56781,1.00,1.00
2018.04.09 02:59:27.045,1.56762,1.56781,1.00,1.00
2018.04.09 02:59:27.149,1.5676,1.56778,1.00,1.00
2018.04.09 02:59:27.512,1.56761,1.5678,1.12,1.00
2018.04.09 02:59:27.616,1.56764,1.56782,1.00,2.25
2018.04.09 02:59:28.281,1.56764,1.56781,1.00,1.00
2018.04.09 02:59:30.660,1.56764,1.5678,1.00,1.00
2018.04.09 02:59:31.175,1.56764,1.56781,1.00,1.00
2018.04.09 02:59:34.635,1.56765,1.56782,1.00,1.50
2018.04.09 02:59:35.147,1.56766,1.56783,1.00,1.00
2018.04.09 02:59:37.106,1.56766,1.56781,1.00,1.00
2018.04.09 02:59:37.620,1.56766,1.56782,1.00,1.00
2018.04.09 02:59:38.833,1.56765,1.56782,1.00,2.25
2018.04.09 02:59:39.348,1.56765,1.56781,1.00,1.00
2018.04.09 02:59:39.983,1.56765,1.56782,1.00,2.25
2018.04.09 02:59:42.596,1.56765,1.56781,1.00,1.00
2018.04.09 02:59:43.613,1.5676,1.56778,1.00,1.00
2018.04.09 02:59:45.306,1.5676,1.56777,1.00,1.00
2018.04.09 02:59:50.689,1.5676,1.56776,1.00,1.00
2018.04.09 02:59:50.931,1.56758,1.56777,1.00,1.00
2018.04.09 02:59:50.982,1.5676,1.56777,1.00,1.00
2018.04.09 02:59:51.710,1.5676,1.56778,1.00,1.00
2018.04.09 02:59:52.218,1.56761,1.56778,1.00,1.00
2018.04.09 02:59:52.852,1.56762,1.56779,1.00,1.50
2018.04.09 02:59:53.230,1.56759,1.56776,1.00,1.00
2018.04.09 02:59:53.282,1.56757,1.56776,1.50,1.00
2018.04.09 02:59:53.334,1.56757,1.56774,1.50,1.00
2018.04.09 02:59:53.386,1.56757,1.56776,1.50,1.00
2018.04.09 02:59:53.540,1.5676,1.56776,1.00,1.00
2018.04.09 02:59:54.047,1.56757,1.56773,1.00,1.00
2018.04.09 02:59:54.099,1.56755,1.56772,1.50,1.00
2018.04.09 02:59:54.203,1.56757,1.56774,1.00,1.00
2018.04.09 02:59:55.216,1.56757,1.56773,1.00,1.00
2018.04.09 02:59:56.077,1.56754,1.56773,1.00,1.50
2018.04.09 02:59:56.129,1.56754,1.56771,1.00,1.00
2018.04.09 02:59:56.550,1.56755,1.56773,1.00,1.50
2018.04.09 02:59:57.081,1.56756,1.56773,1.00,1.00
2018.04.09 02:59:57.627,1.56756,1.56774,1.00,1.00
2018.04.09 02:59:59.576,1.56759,1.56776,1.12,1.00
2018.04.09 02:59:59.628,1.56759,1.56779,2.25,2.25
