2018.04.27 04:00:00.713,1.55868,1.55889,1.00,1.00
2018.04.27 04:00:01.229,1.55868,1.5589,1.00,2.06
2018.04.27 04:00:01.742,1.55866,1.55888,1.50,1.50
2018.04.27 04:00:02.264,1.55867,1.55888,1.50,1.25
2018.04.27 04:00:02.801,1.55868,1.55889,1.00,1.31
2018.04.27 04:00:03.111,1.5587,1.5589,1.00,2.06
2018.04.27 04:00:04.487,1.5587,1.55889,1.00,1.00
2018.04.27 04:00:05.083,1.5587,1.55888,1.00,1.00
2018.04.27 04:00:05.888,1.5587,1.55887,1.00,1.69
2018.04.27 04:00:06.502,1.55869,1.5589,1.00,1.69
2018.04.27 04:00:06.606,1.55869,1.55884,1.00,1.69
2018.04.27 04:00:06.709,1.55869,1.55888,1.00,1.69
2018.04.27 04:00:07.266,1.55869,1.55887,1.00,1.69
2018.04.27 04:00:07.602,1.5587,1.55892,1.00,1.00
2018.04.27 04:00:08.633,1.5587,1.55888,1.00,1.00
2018.04.27 04:00:09.089,1.5587,1.55886,1.00,1.00
2018.04.27 04:00:09.804,1.5587,1.55892,1.50,1.31
2018.04.27 04:00:09.907,1.5587,1.55889,1.50,1.69
2018.04.27 04:00:10.114,1.5587,1.55892,1.00,1.31
2018.04.27 04:00:10.634,1.55869,1.55891,1.50,1.00
2018.04.27 04:00:15.147,1.55869,1.55886,1.00,1.25
2018.04.27 04:00:16.614,1.55869,1.55887,1.00,1.00
2018.04.27 04:00:16.717,1.55869,1.55891,1.00,1.00
2018.04.27 04:00:17.612,1.55869,1.55888,1.00,1.69
2018.04.27 04:00:18.231,1.55869,1.55887,1.00,1.00
2018.04.27 04:00:18.549,1.55867,1.55885,1.50,1.25
2018.04.27 04:00:18.602,1.55867,1.5589,1.00,1.69
2018.04.27 04:00:18.708,1.55866,1.55888,1.50,1.87
2018.04.27 04:00:21.108,1.55866,1.55887,1.00,1.69
2018.04.27 04:00:21.417,1.55863,1.55883,1.50,1.00
2018.04.27 04:00:21.573,1.55861,1.55883,1.25,1.00
2018.04.27 04:00:21.703,1.5586,1.55879,1.00,1.12
2018.04.27 04:00:22.168,1.5586,1.55877,1.00,1.69
2018.04.27 04:00:22.542,1.5586,1.55879,1.00,1.12
2018.04.27 04:00:23.378,1.5586,1.5588,1.00,2.06
2018.04.27 04:00:25.994,1.5586,1.55878,1.00,1.00
2018.04.27 04:00:26.515,1.5586,1.55879,1.00,1.00
2018.04.27 04:00:26.931,1.55858,1.55876,1.00,1.00
2018.04.27 04:00:27.437,1.55858,1.55877,1.00,1.00
2018.04.27 04:00:27.730,1.55858,1.55879,1.00,1.00
2018.04.27 04:00:29.417,1.55858,1.55876,1.00,1.00
2018.04.27 04:00:31.049,1.55858,1.55877,1.00,1.00
2018.04.27 04:00:31.401,1.55863,1.55882,1.19,1.69
2018.04.27 04:00:31.454,1.55865,1.55885,1.00,1.00
2018.04.27 04:00:32.887,1.55865,1.55882,1.00,1.00
2018.04.27 04:00:33.804,1.55865,1.55884,1.00,1.00
2018.04.27 04:00:34.350,1.55865,1.55885,1.00,1.50
2018.04.27 04:00:34.855,1.55865,1.55884,1.00,1.00
2018.04.27 04:00:35.514,1.55863,1.55885,2.44,1.00
2018.04.27 04:00:38.204,1.55866,1.55885,1.00,1.00
2018.04.27 04:00:41.181,1.55866,1.55883,1.00,1.00
2018.04.27 04:00:43.463,1.55866,1.55885,1.00,1.00
2018.04.27 04:00:47.247,1.55867,1.55887,1.00,1.69
2018.04.27 04:00:47.300,1.55868,1.55885,1.00,1.00
2018.04.27 04:00:47.405,1.55867,1.55889,1.00,1.69
2018.04.27 04:00:49.031,1.55869,1.5589,1.00,1.25
2018.04.27 04:01:00.814,1.55869,1.55887,1.25,1.50
2018.04.27 04:01:02.300,1.55869,1.55889,1.25,1.00
2018.04.27 04:01:02.818,1.55869,1.5589,1.25,1.00
2018.04.27 04:01:03.343,1.5587,1.5589,1.00,1.00
2018.04.27 04:01:03.497,1.55868,1.55887,1.69,1.69
2018.04.27 04:01:05.322,1.55868,1.55886,1.69,1.00
2018.04.27 04:01:06.067,1.55868,1.55888,1.69,1.25
2018.04.27 04:01:06.222,1.55868,1.5589,1.69,1.50
2018.04.27 04:01:08.985,1.55868,1.55887,1.69,1.00
2018.04.27 04:01:09.140,1.55868,1.5589,1.69,1.50
2018.04.27 04:01:09.458,1.55868,1.55888,1.69,1.69
2018.04.27 04:01:09.564,1.55868,1.5589,1.69,1.00
2018.04.27 04:01:10.961,1.55868,1.55889,1.69,1.00
2018.04.27 04:01:11.269,1.55868,1.55887,1.69,1.00
2018.04.27 04:01:11.873,1.55868,1.55888,1.69,2.44
2018.04.27 04:01:11.926,1.55868,1.5589,1.69,1.00
2018.04.27 04:01:12.235,1.55868,1.55886,1.69,1.50
2018.04.27 04:01:12.440,1.55868,1.5589,1.69,1.00
2018.04.27 04:01:13.080,1.55868,1.5589,1.69,1.00
2018.04.27 04:01:14.678,1.55868,1.55888,1.69,1.69
2018.04.27 04:01:14.781,1.55868,1.5589,1.69,1.00
2018.04.27 04:01:15.090,1.55868,1.55887,1.69,1.00
2018.04.27 04:01:15.193,1.55868,1.5589,1.69,1.00
2018.04.27 04:01:16.476,1.55868,1.55889,1.69,1.00
2018.04.27 04:01:17.161,1.55868,1.5589,1.69,1.00
2018.04.27 04:01:18.022,1.55868,1.55888,1.69,1.00
2018.04.27 04:01:18.475,1.55868,1.55885,1.69,1.00
2018.04.27 04:01:18.900,1.55868,1.5589,1.69,1.00
2018.04.27 04:01:19.096,1.55868,1.55887,1.69,1.00
2018.04.27 04:01:19.464,1.55868,1.55885,1.19,1.00
2018.04.27 04:01:19.516,1.55868,1.55889,1.19,1.00
2018.04.27 04:01:20.731,1.55868,1.55887,1.19,1.00
2018.04.27 04:01:21.225,1.55868,1.55889,1.19,1.00
2018.04.27 04:01:24.422,1.55871,1.55889,1.00,1.00
2018.04.27 04:01:25.044,1.55871,1.55888,1.00,1.00
2018.04.27 04:01:25.563,1.55871,1.55889,1.00,1.00
2018.04.27 04:01:26.442,1.55871,1.55888,1.00,1.25
2018.04.27 04:01:26.793,1.55871,1.55886,1.00,1.00
2018.04.27 04:01:26.985,1.55871,1.55888,1.00,1.00
2018.04.27 04:01:28.513,1.55871,1.55889,1.00,1.00
2018.04.27 04:01:29.074,1.55871,1.5589,1.00,1.00
2018.04.27 04:01:39.621,1.55871,1.55889,1.00,1.00
2018.04.27 04:01:43.445,1.55871,1.5589,1.00,1.00
2018.04.27 04:01:49.335,1.55871,1.55891,1.00,1.00
2018.04.27 04:01:49.916,1.55871,1.5589,1.00,1.00
2018.04.27 04:01:58.400,1.55871,1.55888,1.00,1.00
2018.04.27 04:01:59.906,1.55868,1.55887,1.00,1.00
2018.04.27 04:02:00.427,1.55868,1.55886,1.00,1.00
2018.04.27 04:02:00.634,1.55865,1.55886,1.25,1.00
2018.04.27 04:02:02.122,1.55865,1.55885,1.00,1.00
2018.04.27 04:02:02.661,1.55865,1.55886,1.00,1.00
2018.04.27 04:02:05.318,1.55864,1.55883,1.25,1.69
2018.04.27 04:02:05.730,1.55864,1.55886,1.69,2.44
2018.04.27 04:02:06.782,1.55864,1.55882,1.25,1.25
2018.04.27 04:02:06.889,1.55864,1.55886,1.25,1.00
2018.04.27 04:02:07.411,1.55864,1.55885,1.25,1.00
2018.04.27 04:02:08.335,1.55864,1.55885,1.19,1.00
2018.04.27 04:02:08.849,1.55865,1.55884,1.25,1.50
2018.04.27 04:02:11.425,1.55865,1.55885,1.00,1.50
2018.04.27 04:02:11.945,1.55864,1.55884,1.69,1.69
2018.04.27 04:02:12.482,1.55864,1.55885,1.69,1.00
2018.04.27 04:02:13.101,1.55864,1.55885,1.69,1.50
2018.04.27 04:02:13.153,1.55864,1.55883,1.69,1.00
2018.04.27 04:02:13.773,1.55864,1.55884,1.69,1.69
2018.04.27 04:02:14.537,1.55864,1.55885,1.69,1.00
2018.04.27 04:02:15.061,1.55864,1.55885,1.69,1.00
2018.04.27 04:02:16.129,1.55864,1.55884,1.69,1.00
2018.04.27 04:02:20.203,1.55864,1.55886,2.44,1.00
2018.04.27 04:02:20.744,1.55866,1.55886,1.00,1.00
2018.04.27 04:02:21.065,1.55866,1.55884,1.00,1.00
2018.04.27 04:02:23.911,1.55864,1.55884,1.25,1.00
2018.04.27 04:02:33.520,1.55863,1.55884,1.69,1.50
2018.04.27 04:02:34.787,1.55863,1.55883,1.25,1.69
2018.04.27 04:02:35.324,1.55863,1.55884,1.25,1.50
2018.04.27 04:02:38.758,1.55863,1.55883,1.25,1.25
2018.04.27 04:02:41.821,1.55863,1.55884,1.25,1.00
2018.04.27 04:02:42.685,1.55864,1.55884,1.00,1.00
2018.04.27 04:02:57.718,1.55864,1.55881,1.00,1.00
2018.04.27 04:02:58.041,1.55864,1.55884,1.00,1.00
2018.04.27 04:02:58.743,1.55864,1.55882,1.00,1.50
2018.04.27 04:02:59.919,1.55862,1.5588,2.44,1.00
2018.04.27 04:03:00.827,1.55862,1.55882,2.44,1.25
2018.04.27 04:03:01.063,1.55862,1.55884,2.44,2.44
2018.04.27 04:03:15.738,1.55862,1.55884,1.00,1.00
2018.04.27 04:03:17.600,1.55862,1.5588,1.00,1.00
2018.04.27 04:03:19.935,1.55862,1.55884,1.00,1.25
2018.04.27 04:03:22.314,1.55861,1.55882,1.69,1.00
2018.04.27 04:03:22.844,1.55861,1.55881,1.00,1.00
2018.04.27 04:03:24.497,1.55859,1.55881,1.50,1.00
2018.04.27 04:03:25.674,1.55859,1.55879,1.25,1.00
2018.04.27 04:03:29.080,1.55859,1.55878,1.25,1.00
2018.04.27 04:03:31.152,1.55858,1.55878,1.00,1.00
2018.04.27 04:03:35.811,1.55858,1.55879,1.19,1.00
2018.04.27 04:03:48.923,1.55858,1.5588,1.69,1.00
2018.04.27 04:03:53.633,1.55858,1.55878,1.19,1.00
2018.04.27 04:03:54.146,1.55858,1.55879,1.19,1.00
2018.04.27 04:03:55.216,1.55858,1.55879,1.00,1.00
2018.04.27 04:03:55.912,1.55858,1.55878,1.00,1.00
2018.04.27 04:03:58.417,1.55858,1.55879,1.00,1.00
2018.04.27 04:03:59.683,1.55858,1.55879,1.19,1.00
2018.04.27 04:04:00.197,1.55858,1.5588,1.69,1.00
2018.04.27 04:04:01.862,1.55858,1.55878,1.19,1.00
2018.04.27 04:04:02.375,1.55858,1.55879,1.00,1.00
2018.04.27 04:04:02.984,1.55857,1.55879,1.25,1.00
2018.04.27 04:04:03.507,1.55858,1.55879,1.25,1.00
2018.04.27 04:04:06.626,1.55857,1.55879,1.69,1.00
2018.04.27 04:04:14.446,1.55858,1.5588,1.19,1.00
2018.04.27 04:04:15.216,1.55857,1.55879,1.69,1.00
2018.04.27 04:04:15.794,1.5586,1.55879,1.00,1.00
2018.04.27 04:04:16.470,1.5586,1.55878,1.00,1.00
2018.04.27 04:04:18.154,1.5586,1.55879,1.00,1.00
2018.04.27 04:04:23.937,1.55855,1.55879,2.44,1.00
2018.04.27 04:04:24.480,1.55858,1.55879,1.00,1.00
2018.04.27 04:04:25.037,1.55858,1.5588,1.00,1.00
2018.04.27 04:04:25.993,1.55858,1.55877,1.00,1.00
2018.04.27 04:04:26.524,1.55858,1.55878,1.00,1.00
2018.04.27 04:04:27.544,1.55859,1.55877,1.00,1.00
2018.04.27 04:04:28.104,1.55858,1.55878,1.00,1.00
2018.04.27 04:04:30.602,1.55857,1.55878,1.25,1.00
2018.04.27 04:04:35.134,1.55855,1.55876,1.00,1.00
2018.04.27 04:04:35.656,1.55855,1.55875,1.00,1.00
2018.04.27 04:04:36.594,1.55855,1.55874,1.00,1.00
2018.04.27 04:04:40.922,1.55853,1.55873,1.00,1.00
2018.04.27 04:04:41.502,1.55853,1.55874,1.00,1.00
2018.04.27 04:04:43.235,1.55853,1.55873,1.00,1.00
2018.04.27 04:04:43.761,1.55853,1.55872,1.00,1.00
2018.04.27 04:04:44.361,1.55853,1.55873,1.00,1.00
2018.04.27 04:04:44.517,1.55853,1.55875,1.50,1.31
2018.04.27 04:04:47.665,1.55853,1.55872,1.50,1.00
2018.04.27 04:04:47.912,1.55853,1.55875,1.50,1.12
2018.04.27 04:04:51.469,1.55853,1.55875,2.44,1.00
2018.04.27 04:04:51.521,1.55855,1.55877,1.25,1.50
2018.04.27 04:04:53.327,1.55855,1.55876,1.25,1.00
2018.04.27 04:04:53.832,1.55855,1.55877,1.25,1.00
2018.04.27 04:04:54.339,1.55855,1.55876,1.25,1.69
2018.04.27 04:04:54.848,1.55855,1.55877,1.25,1.00
2018.04.27 04:04:55.426,1.55855,1.55876,1.25,1.00
2018.04.27 04:04:55.739,1.55857,1.55877,1.00,1.00
2018.04.27 04:04:56.651,1.55857,1.55879,1.00,2.06
2018.04.27 04:04:57.194,1.55857,1.55879,1.00,2.06
2018.04.27 04:04:59.263,1.55857,1.55877,1.00,1.00
2018.04.27 04:05:00.572,1.55857,1.55876,1.00,1.00
2018.04.27 04:05:01.126,1.55857,1.55877,1.00,1.00
2018.04.27 04:05:03.168,1.55857,1.55876,1.00,1.00
2018.04.27 04:05:03.804,1.55857,1.55878,1.00,1.00
2018.04.27 04:05:05.319,1.55854,1.55876,1.50,1.00
2018.04.27 04:05:05.424,1.55854,1.55874,1.00,1.00
2018.04.27 04:05:05.683,1.55852,1.55873,1.00,1.00
2018.04.27 04:05:06.119,1.55852,1.55869,1.00,1.00
2018.04.27 04:05:06.730,1.55852,1.5587,1.00,1.00
2018.04.27 04:05:06.975,1.55852,1.55872,1.00,1.00
2018.04.27 04:05:07.497,1.55852,1.55873,1.25,1.00
2018.04.27 04:05:08.100,1.55852,1.5587,1.25,1.00
2018.04.27 04:05:08.360,1.55849,1.55868,1.00,1.00
2018.04.27 04:05:16.591,1.55846,1.55865,1.00,1.00
2018.04.27 04:05:16.852,1.55849,1.55871,1.25,1.37
2018.04.27 04:05:17.008,1.55849,1.55868,1.25,1.00
2018.04.27 04:05:17.212,1.55849,1.5587,1.25,1.12
2018.04.27 04:05:18.761,1.55849,1.55871,1.25,2.62
2018.04.27 04:05:18.812,1.55849,1.55869,1.25,1.00
2018.04.27 04:05:19.193,1.55851,1.55869,1.00,1.69
2018.04.27 04:05:19.350,1.55851,1.55871,1.00,1.12
2018.04.27 04:05:21.403,1.55851,1.5587,1.00,1.00
2018.04.27 04:05:22.401,1.55851,1.55871,1.00,1.12
2018.04.27 04:05:22.504,1.55849,1.55868,1.25,1.00
2018.04.27 04:05:22.691,1.5585,1.5587,1.00,1.00
2018.04.27 04:05:23.208,1.55849,1.5587,1.25,1.00
2018.04.27 04:05:23.966,1.55849,1.55868,1.25,1.69
2018.04.27 04:05:24.854,1.55849,1.5587,1.00,1.00
2018.04.27 04:05:25.011,1.55846,1.55866,1.69,1.00
2018.04.27 04:05:25.223,1.55843,1.55864,1.50,1.87
2018.04.27 04:05:25.277,1.55843,1.55862,1.00,1.00
2018.04.27 04:05:25.487,1.55841,1.55861,1.00,1.00
2018.04.27 04:05:26.339,1.5584,1.55861,1.69,1.00
2018.04.27 04:05:26.892,1.55841,1.5586,1.00,1.00
2018.04.27 04:05:31.440,1.55841,1.5585,1.00,1.00
2018.04.27 04:05:31.493,1.55839,1.5585,1.00,1.00
2018.04.27 04:05:31.599,1.55833,1.5585,1.00,1.87
2018.04.27 04:05:31.702,1.55829,1.5585,1.00,2.81
2018.04.27 04:05:31.755,1.55832,1.55851,1.00,1.37
2018.04.27 04:05:32.115,1.5583,1.55851,1.12,1.37
2018.04.27 04:05:32.627,1.55829,1.55851,1.69,1.37
2018.04.27 04:05:32.811,1.55831,1.55851,1.00,1.37
2018.04.27 04:05:33.113,1.55834,1.55851,1.50,1.87
2018.04.27 04:05:34.289,1.55835,1.55851,1.00,1.87
2018.04.27 04:05:34.812,1.55836,1.55851,1.50,1.37
2018.04.27 04:05:35.224,1.55833,1.55851,1.37,1.37
2018.04.27 04:05:35.535,1.55836,1.55851,1.00,1.37
2018.04.27 04:05:36.093,1.55837,1.55851,1.00,1.37
2018.04.27 04:05:36.542,1.55832,1.55851,2.25,1.37
2018.04.27 04:05:36.594,1.55832,1.55851,1.00,1.37
2018.04.27 04:05:37.134,1.55829,1.55851,3.38,1.37
2018.04.27 04:05:37.641,1.5583,1.5585,1.50,1.37
2018.04.27 04:05:39.565,1.55831,1.55851,1.00,1.00
2018.04.27 04:05:39.619,1.55832,1.55853,2.25,1.00
2018.04.27 04:05:40.520,1.55836,1.55853,1.50,1.00
2018.04.27 04:05:42.901,1.55832,1.55853,1.50,1.00
2018.04.27 04:05:43.787,1.55836,1.55853,1.00,1.00
2018.04.27 04:05:44.162,1.55834,1.55853,1.00,1.00
2018.04.27 04:05:44.853,1.55837,1.55853,1.00,1.00
2018.04.27 04:05:45.186,1.55839,1.55853,1.00,1.00
2018.04.27 04:05:45.815,1.55838,1.55853,1.00,1.00
2018.04.27 04:05:45.866,1.55834,1.55853,1.50,1.00
2018.04.27 04:05:46.167,1.55837,1.55853,1.00,1.00
2018.04.27 04:05:46.558,1.55839,1.55853,1.00,1.00
2018.04.27 04:05:46.609,1.55835,1.55853,1.50,1.00
2018.04.27 04:05:46.661,1.55833,1.55853,1.87,1.00
2018.04.27 04:05:47.618,1.55832,1.55853,1.00,1.00
2018.04.27 04:05:48.653,1.55834,1.55853,1.00,1.00
2018.04.27 04:05:49.146,1.55832,1.55853,1.00,1.00
2018.04.27 04:05:49.300,1.55837,1.55853,1.00,1.00
2018.04.27 04:05:49.548,1.55835,1.55853,1.00,1.00
2018.04.27 04:05:49.601,1.55837,1.55853,1.00,1.00
2018.04.27 04:05:49.705,1.55839,1.55858,1.00,1.69
2018.04.27 04:05:49.809,1.55841,1.55859,1.50,1.19
2018.04.27 04:05:49.862,1.55839,1.55859,1.50,1.25
2018.04.27 04:05:50.019,1.55837,1.55859,1.00,1.12
2018.04.27 04:05:50.071,1.55837,1.55859,1.00,1.50
2018.04.27 04:05:50.582,1.55836,1.55857,1.00,1.37
2018.04.27 04:05:51.095,1.55835,1.55857,1.00,1.87
2018.04.27 04:05:51.833,1.55835,1.55855,1.00,1.00
2018.04.27 04:05:52.352,1.55835,1.55856,1.00,1.87
2018.04.27 04:05:54.582,1.55836,1.55856,1.00,1.87
2018.04.27 04:05:55.131,1.55835,1.55856,1.00,1.87
2018.04.27 04:05:56.565,1.55833,1.55855,1.69,1.00
2018.04.27 04:05:57.850,1.55833,1.55854,1.00,1.00
2018.04.27 04:05:57.903,1.55833,1.55852,1.00,1.00
2018.04.27 04:05:58.425,1.55829,1.55851,3.19,1.00
2018.04.27 04:06:00.285,1.55829,1.5585,3.00,1.00
2018.04.27 04:06:00.823,1.5583,1.5585,1.00,1.00
2018.04.27 04:06:01.874,1.55829,1.55849,1.00,1.12
2018.04.27 04:06:02.410,1.55828,1.55849,1.00,1.12
2018.04.27 04:06:03.589,1.5583,1.55849,1.50,1.12
2018.04.27 04:06:04.103,1.55829,1.55849,1.00,1.00
2018.04.27 04:06:04.584,1.55832,1.55849,1.50,1.00
2018.04.27 04:06:05.001,1.55829,1.55849,1.50,1.00
2018.04.27 04:06:06.566,1.5583,1.55849,1.00,1.25
2018.04.27 04:06:06.618,1.55832,1.5585,1.00,1.19
2018.04.27 04:06:06.722,1.55833,1.55851,1.00,1.00
2018.04.27 04:06:09.043,1.55832,1.55851,1.00,1.25
2018.04.27 04:06:09.095,1.55829,1.55851,1.00,1.25
2018.04.27 04:06:10.800,1.55831,1.55849,1.00,1.00
2018.04.27 04:06:11.450,1.55832,1.55849,1.00,1.00
2018.04.27 04:06:13.378,1.55829,1.55849,1.00,1.00
2018.04.27 04:06:15.460,1.55829,1.55851,1.00,1.19
2018.04.27 04:06:15.768,1.55835,1.5585,1.00,1.19
2018.04.27 04:06:15.972,1.55833,1.5585,1.00,1.19
2018.04.27 04:06:16.475,1.55834,1.5585,1.00,1.19
2018.04.27 04:06:16.686,1.55832,1.55851,1.12,1.00
2018.04.27 04:06:16.840,1.5583,1.5585,1.69,1.00
2018.04.27 04:06:17.399,1.55834,1.5585,1.00,1.00
2018.04.27 04:06:17.667,1.5583,1.5585,1.25,1.00
2018.04.27 04:06:17.824,1.55834,1.55851,1.00,1.00
2018.04.27 04:06:18.029,1.55832,1.55851,1.00,1.00
2018.04.27 04:06:18.081,1.5583,1.55851,2.25,1.00
2018.04.27 04:06:19.429,1.55834,1.55851,1.00,1.00
2018.04.27 04:06:19.954,1.5583,1.55851,3.19,1.00
2018.04.27 04:06:21.099,1.55832,1.55851,1.00,1.00
2018.04.27 04:06:21.498,1.5583,1.55851,1.25,1.00
2018.04.27 04:06:22.455,1.55832,1.55851,1.00,1.00
2018.04.27 04:06:23.045,1.55832,1.5585,1.00,1.00
2018.04.27 04:06:23.097,1.5583,1.5585,1.31,1.00
2018.04.27 04:06:23.458,1.55832,1.5585,1.00,1.00
2018.04.27 04:06:23.613,1.55831,1.55852,1.50,1.00
2018.04.27 04:06:23.667,1.55836,1.55852,1.00,1.00
2018.04.27 04:06:23.895,1.55833,1.55851,1.50,1.00
2018.04.27 04:06:24.499,1.55834,1.5585,1.50,1.00
2018.04.27 04:06:24.869,1.55832,1.5585,1.00,1.00
2018.04.27 04:06:25.564,1.55831,1.5585,1.50,1.00
2018.04.27 04:06:34.130,1.55829,1.5585,1.25,1.00
2018.04.27 04:06:48.093,1.55828,1.5585,2.44,1.00
2018.04.27 04:06:53.359,1.55828,1.5585,1.19,1.00
2018.04.27 04:06:54.953,1.55828,1.5585,1.25,1.00
2018.04.27 04:06:58.640,1.55827,1.55849,2.44,1.00
2018.04.27 04:06:58.694,1.55827,1.55845,1.00,1.00
2018.04.27 04:06:59.006,1.5582,1.55843,1.50,1.87
2018.04.27 04:06:59.249,1.5582,1.55844,1.50,1.00
2018.04.27 04:06:59.753,1.5582,1.55844,1.69,1.00
2018.04.27 04:07:00.321,1.55822,1.55844,1.00,1.00
2018.04.27 04:07:00.851,1.55822,1.55843,1.00,1.69
2018.04.27 04:07:01.700,1.55822,1.55844,1.00,1.00
2018.04.27 04:07:08.639,1.55823,1.55845,2.25,1.00
2018.04.27 04:07:08.846,1.55827,1.55849,1.00,1.19
2018.04.27 04:07:09.058,1.55828,1.5585,1.25,1.00
2018.04.27 04:07:09.278,1.5583,1.55851,1.00,1.00
2018.04.27 04:07:09.488,1.55828,1.5585,1.69,2.44
2018.04.27 04:07:10.003,1.55827,1.55849,1.88,1.00
2018.04.27 04:07:10.509,1.55829,1.55849,1.00,1.00
2018.04.27 04:07:11.133,1.55829,1.5585,1.00,1.00
2018.04.27 04:07:14.995,1.55827,1.55846,1.00,1.00
2018.04.27 04:07:16.994,1.55825,1.55846,1.00,1.50
2018.04.27 04:07:23.574,1.55827,1.55849,1.00,1.00
2018.04.27 04:07:23.626,1.55825,1.55847,2.25,1.00
2018.04.27 04:07:23.935,1.55825,1.55845,1.00,1.00
2018.04.27 04:07:28.625,1.55825,1.55846,1.00,1.50
2018.04.27 04:07:38.290,1.55825,1.55847,1.50,1.00
2018.04.27 04:07:38.551,1.55827,1.55851,1.50,1.25
2018.04.27 04:07:39.079,1.55828,1.55851,1.00,1.25
2018.04.27 04:07:46.042,1.55828,1.5585,1.00,1.00
2018.04.27 04:07:46.960,1.55829,1.5585,1.00,1.00
2018.04.27 04:07:47.779,1.55829,1.55849,1.00,1.00
2018.04.27 04:07:51.520,1.55829,1.5585,1.00,1.00
2018.04.27 04:08:03.732,1.55832,1.55854,1.69,1.00
2018.04.27 04:08:05.315,1.55834,1.55854,1.00,1.00
2018.04.27 04:08:05.836,1.55833,1.55854,1.69,1.50
2018.04.27 04:08:06.460,1.55835,1.55854,1.00,1.50
2018.04.27 04:08:06.987,1.55835,1.5585,1.00,1.00
2018.04.27 04:08:07.039,1.55833,1.5585,1.00,1.50
2018.04.27 04:08:07.091,1.55829,1.55849,1.50,1.00
2018.04.27 04:08:07.142,1.55831,1.55849,1.69,1.50
2018.04.27 04:08:07.194,1.55833,1.55854,1.00,1.00
2018.04.27 04:08:17.753,1.55833,1.55852,1.00,1.50
2018.04.27 04:08:17.924,1.55828,1.55848,1.00,1.00
2018.04.27 04:08:18.560,1.55827,1.55848,2.44,1.00
2018.04.27 04:08:19.188,1.55827,1.55849,2.44,1.00
2018.04.27 04:08:19.704,1.55827,1.55848,1.25,1.50
2018.04.27 04:08:22.661,1.55832,1.55848,1.00,2.25
2018.04.27 04:08:23.503,1.55833,1.55848,1.00,1.50
2018.04.27 04:08:28.230,1.55833,1.55849,1.00,1.00
2018.04.27 04:08:37.806,1.55833,1.5585,1.00,1.50
2018.04.27 04:08:42.115,1.55833,1.55849,1.00,1.00
2018.04.27 04:08:43.501,1.55833,1.5585,1.00,1.50
2018.04.27 04:08:43.823,1.5583,1.55845,1.00,1.00
2018.04.27 04:08:44.343,1.5583,1.55844,1.00,1.50
2018.04.27 04:08:45.031,1.55829,1.55844,1.00,1.50
2018.04.27 04:08:45.681,1.55828,1.55844,1.00,1.00
2018.04.27 04:08:46.711,1.55828,1.55845,1.00,1.00
2018.04.27 04:08:47.459,1.55829,1.55845,1.00,1.00
2018.04.27 04:08:47.993,1.55829,1.55844,1.00,1.00
2018.04.27 04:08:48.916,1.55828,1.55844,1.00,1.50
2018.04.27 04:08:49.021,1.55832,1.55849,1.00,1.00
2018.04.27 04:08:49.621,1.55833,1.55849,1.00,1.00
2018.04.27 04:08:50.760,1.55832,1.55849,1.00,1.00
2018.04.27 04:08:50.863,1.55832,1.55851,1.00,1.00
2018.04.27 04:08:51.386,1.55833,1.55851,1.00,1.00
2018.04.27 04:08:53.272,1.55834,1.55851,1.00,1.00
2018.04.27 04:08:53.795,1.55834,1.5585,1.00,1.00
2018.04.27 04:08:54.710,1.55833,1.5585,1.00,1.00
2018.04.27 04:09:00.213,1.55833,1.55851,1.00,1.00
2018.04.27 04:09:05.560,1.55832,1.55851,1.00,1.00
2018.04.27 04:09:05.963,1.5583,1.5585,1.00,1.00
2018.04.27 04:09:06.068,1.5583,1.55847,1.00,1.00
2018.04.27 04:09:06.378,1.55829,1.55845,1.00,1.00
2018.04.27 04:09:07.040,1.55828,1.55845,1.00,1.00
2018.04.27 04:09:15.052,1.55828,1.55846,1.00,1.00
2018.04.27 04:09:17.512,1.55828,1.55848,1.00,1.00
2018.04.27 04:09:17.676,1.55831,1.55848,1.00,1.00
2018.04.27 04:09:22.175,1.55829,1.55848,1.00,1.00
2018.04.27 04:09:23.277,1.55829,1.55849,1.00,1.50
2018.04.27 04:09:29.849,1.55829,1.55848,1.00,1.00
2018.04.27 04:09:36.764,1.55828,1.55848,1.00,1.00
2018.04.27 04:09:38.938,1.55828,1.55846,1.00,1.00
2018.04.27 04:09:39.485,1.55828,1.55847,1.00,1.00
2018.04.27 04:09:40.187,1.55829,1.55847,1.00,1.00
2018.04.27 04:09:40.953,1.55829,1.55848,1.00,1.00
2018.04.27 04:09:41.542,1.55831,1.55848,1.00,1.00
2018.04.27 04:09:47.497,1.55831,1.5585,1.00,1.00
2018.04.27 04:09:55.103,1.55831,1.55849,1.00,1.00
2018.04.27 04:09:55.631,1.55831,1.5585,1.00,1.00
2018.04.27 04:09:56.150,1.55831,1.55849,1.00,1.00
2018.04.27 04:09:58.429,1.55831,1.55848,1.00,1.00
2018.04.27 04:09:58.973,1.55831,1.55849,1.00,2.25
2018.04.27 04:09:59.508,1.55831,1.5585,1.00,1.00
2018.04.27 04:10:00.498,1.55831,1.55849,1.00,1.00
2018.04.27 04:10:02.605,1.55831,1.5585,1.00,1.00
2018.04.27 04:10:03.477,1.55832,1.5585,1.00,1.00
2018.04.27 04:10:09.562,1.55832,1.55849,1.00,1.00
2018.04.27 04:10:10.069,1.55831,1.55849,1.00,1.00
2018.04.27 04:10:10.623,1.55831,1.55848,1.00,1.00
2018.04.27 04:10:16.037,1.55831,1.55847,1.00,1.00
2018.04.27 04:10:16.090,1.55828,1.55847,1.00,1.00
2018.04.27 04:10:16.660,1.55827,1.55846,1.00,1.00
2018.04.27 04:10:23.482,1.55827,1.55847,1.00,1.00
2018.04.27 04:10:48.577,1.55827,1.55846,1.00,1.00
2018.04.27 04:10:51.656,1.55827,1.55847,1.00,1.25
2018.04.27 04:11:13.462,1.55826,1.55847,1.00,1.00
2018.04.27 04:11:21.676,1.55828,1.55847,1.00,1.00
2018.04.27 04:11:22.252,1.55827,1.55847,1.00,1.00
2018.04.27 04:11:23.888,1.55827,1.55848,1.00,1.00
2018.04.27 04:11:26.404,1.55828,1.55848,1.00,1.00
2018.04.27 04:11:28.267,1.55827,1.55848,1.00,1.00
2018.04.27 04:11:30.294,1.55827,1.55849,1.00,1.69
2018.04.27 04:11:30.607,1.5583,1.5585,1.00,1.50
2018.04.27 04:11:31.997,1.55831,1.5585,1.00,1.50
2018.04.27 04:11:34.552,1.55831,1.55847,1.00,1.00
2018.04.27 04:11:34.707,1.55826,1.55847,1.00,1.00
2018.04.27 04:11:35.303,1.55827,1.55847,1.00,1.00
2018.04.27 04:11:37.474,1.55829,1.55847,1.00,1.00
2018.04.27 04:11:40.864,1.55827,1.55847,1.00,1.37
2018.04.27 04:11:41.063,1.55825,1.55846,1.00,2.06
2018.04.27 04:11:41.610,1.55825,1.55844,1.00,1.00
2018.04.27 04:11:42.104,1.55826,1.55849,1.00,1.25
2018.04.27 04:11:42.207,1.55829,1.55849,1.00,1.31
2018.04.27 04:11:45.914,1.55831,1.55849,1.00,1.00
2018.04.27 04:11:45.966,1.55828,1.55849,1.50,1.00
2018.04.27 04:11:46.017,1.55828,1.55851,2.44,1.00
2018.04.27 04:11:47.250,1.55829,1.55851,1.69,1.00
2018.04.27 04:11:51.558,1.5583,1.55853,1.19,1.50
2018.04.27 04:11:57.051,1.5583,1.55851,1.19,1.00
2018.04.27 04:12:00.785,1.55831,1.55854,1.25,1.00
2018.04.27 04:12:01.162,1.55831,1.55851,1.69,1.00
2018.04.27 04:12:01.319,1.55837,1.55858,1.69,1.50
2018.04.27 04:12:01.372,1.55844,1.55856,1.25,1.00
2018.04.27 04:12:01.477,1.55838,1.55857,1.50,1.00
2018.04.27 04:12:01.529,1.55844,1.55855,1.00,1.00
2018.04.27 04:12:01.634,1.55841,1.55855,1.00,1.00
2018.04.27 04:12:01.759,1.55836,1.55855,1.00,1.00
2018.04.27 04:12:02.182,1.55843,1.55855,1.25,1.00
2018.04.27 04:12:02.446,1.55839,1.55857,1.69,1.00
2018.04.27 04:12:02.553,1.55837,1.55858,1.69,1.31
2018.04.27 04:12:03.086,1.55836,1.55858,1.00,1.31
2018.04.27 04:12:06.315,1.55837,1.55859,1.00,1.37
2018.04.27 04:12:07.485,1.55836,1.55859,1.00,1.37
2018.04.27 04:12:09.918,1.5584,1.55859,1.00,1.37
2018.04.27 04:12:10.244,1.55843,1.55859,1.25,1.37
2018.04.27 04:12:10.386,1.5584,1.55859,1.25,1.37
2018.04.27 04:12:10.489,1.55838,1.55859,1.69,1.37
2018.04.27 04:12:11.069,1.55838,1.55857,1.69,1.00
2018.04.27 04:12:12.054,1.5584,1.55857,1.00,1.00
2018.04.27 04:12:12.633,1.55838,1.55857,1.69,1.00
2018.04.27 04:12:15.513,1.55839,1.55858,1.00,1.12
2018.04.27 04:12:15.565,1.55841,1.55858,1.25,1.12
2018.04.27 04:12:15.937,1.55838,1.55858,1.00,1.12
2018.04.27 04:12:17.732,1.55839,1.55858,1.50,1.12
2018.04.27 04:12:17.784,1.55841,1.55858,1.00,1.12
2018.04.27 04:12:18.518,1.55842,1.55858,1.25,1.12
2018.04.27 04:12:19.199,1.55839,1.55858,1.00,1.12
2018.04.27 04:12:19.302,1.55841,1.55858,1.25,1.12
2018.04.27 04:12:20.056,1.5584,1.55858,1.69,1.12
2018.04.27 04:12:21.665,1.55838,1.55858,1.69,1.12
2018.04.27 04:12:21.717,1.55836,1.55858,1.00,1.12
2018.04.27 04:12:23.660,1.55837,1.55858,1.00,1.12
2018.04.27 04:12:24.204,1.55838,1.55858,1.00,1.00
2018.04.27 04:12:30.552,1.55838,1.5586,1.69,1.50
2018.04.27 04:12:36.928,1.55841,1.55861,1.19,1.50
2018.04.27 04:12:37.243,1.5587,1.55878,1.00,1.00
2018.04.27 04:12:37.297,1.55867,1.55884,2.06,1.00
2018.04.27 04:12:37.351,1.5587,1.55887,1.69,1.12
2018.04.27 04:12:37.455,1.55871,1.55892,1.50,1.50
2018.04.27 04:12:37.611,1.55873,1.55894,1.25,1.00
2018.04.27 04:12:37.880,1.55879,1.55901,1.50,1.50
2018.04.27 04:12:37.933,1.55879,1.55901,2.81,1.00
2018.04.27 04:12:38.447,1.5588,1.55902,1.31,1.00
2018.04.27 04:12:38.756,1.55883,1.55901,1.00,1.00
2018.04.27 04:12:39.094,1.55881,1.55901,2.44,1.00
2018.04.27 04:12:39.626,1.55884,1.55903,1.00,1.25
2018.04.27 04:12:40.172,1.55883,1.55902,1.69,1.25
2018.04.27 04:12:40.328,1.55874,1.55896,1.37,1.50
2018.04.27 04:12:40.432,1.55874,1.55896,1.37,2.44
2018.04.27 04:12:41.108,1.55877,1.55894,1.25,1.25
2018.04.27 04:12:41.830,1.55873,1.55894,1.37,1.25
2018.04.27 04:12:42.034,1.55872,1.55894,1.00,1.25
2018.04.27 04:12:42.593,1.55871,1.55893,1.00,1.00
2018.04.27 04:12:45.913,1.55874,1.55893,1.00,1.50
2018.04.27 04:12:46.239,1.55871,1.55893,1.50,1.50
2018.04.27 04:12:52.949,1.55872,1.55893,1.00,1.00
2018.04.27 04:12:53.053,1.55875,1.55893,1.00,1.00
2018.04.27 04:12:54.023,1.55873,1.55893,1.25,1.00
2018.04.27 04:12:54.075,1.55871,1.55893,1.50,1.00
2018.04.27 04:13:00.218,1.5587,1.55893,3.37,1.00
2018.04.27 04:13:01.542,1.55872,1.55893,1.00,1.00
2018.04.27 04:13:01.594,1.5587,1.55893,1.87,1.00
2018.04.27 04:13:02.106,1.55871,1.55893,1.00,1.00
2018.04.27 04:13:02.682,1.55873,1.55893,1.00,1.00
2018.04.27 04:13:02.943,1.55871,1.55892,1.50,1.00
2018.04.27 04:13:05.905,1.55871,1.55891,1.00,1.00
2018.04.27 04:13:06.503,1.5587,1.55891,1.50,1.19
2018.04.27 04:13:07.069,1.5587,1.55891,1.00,1.25
2018.04.27 04:13:07.586,1.5587,1.55891,1.00,1.19
2018.04.27 04:13:09.223,1.5587,1.55891,1.50,1.25
2018.04.27 04:13:10.078,1.55868,1.55891,2.62,1.25
2018.04.27 04:13:10.165,1.55868,1.55889,2.62,1.00
2018.04.27 04:13:11.555,1.55871,1.55889,1.00,1.00
2018.04.27 04:13:12.203,1.5587,1.55889,1.00,1.00
2018.04.27 04:13:14.493,1.55867,1.55889,3.94,1.00
2018.04.27 04:13:18.419,1.55868,1.55889,1.00,1.00
2018.04.27 04:13:18.999,1.55869,1.55889,1.00,1.00
2018.04.27 04:13:21.184,1.55868,1.55889,1.00,1.00
2018.04.27 04:13:22.301,1.55867,1.55889,2.44,1.00
2018.04.27 04:13:22.964,1.55868,1.55889,1.00,1.00
2018.04.27 04:13:23.244,1.55869,1.55887,1.00,1.00
2018.04.27 04:13:26.146,1.55869,1.55883,1.00,1.00
2018.04.27 04:13:26.198,1.55866,1.55883,1.00,1.00
2018.04.27 04:13:26.302,1.55864,1.55883,1.00,1.00
2018.04.27 04:13:26.804,1.55863,1.55883,1.00,1.00
2018.04.27 04:13:27.330,1.55867,1.55884,1.00,1.00
2018.04.27 04:13:28.137,1.55865,1.55884,1.00,1.00
2018.04.27 04:13:28.241,1.55863,1.55884,1.50,1.00
2018.04.27 04:13:28.476,1.55862,1.55881,1.50,1.00
2018.04.27 04:13:32.381,1.55863,1.55881,1.00,1.00
2018.04.27 04:13:32.986,1.55862,1.55881,1.25,1.00
2018.04.27 04:13:38.626,1.55862,1.55882,1.25,1.00
2018.04.27 04:13:39.072,1.55865,1.55882,1.69,1.00
2018.04.27 04:13:47.037,1.55862,1.55882,1.69,1.00
2018.04.27 04:13:47.246,1.55864,1.55881,1.00,1.00
2018.04.27 04:13:47.671,1.55864,1.55883,1.00,1.00
2018.04.27 04:13:49.322,1.55864,1.55882,1.00,1.00
2018.04.27 04:13:49.374,1.5586,1.55882,1.19,1.00
2018.04.27 04:13:49.426,1.5586,1.5588,1.00,1.37
2018.04.27 04:13:49.937,1.55857,1.55879,1.19,1.00
2018.04.27 04:13:51.044,1.55857,1.55879,1.19,1.00
2018.04.27 04:13:51.723,1.55859,1.55883,1.25,2.81
2018.04.27 04:13:51.778,1.55865,1.55883,1.00,1.12
2018.04.27 04:13:52.091,1.55865,1.55885,1.69,1.00
2018.04.27 04:13:52.512,1.55863,1.55885,1.00,1.12
2018.04.27 04:13:52.564,1.5586,1.55885,1.69,1.12
2018.04.27 04:13:53.529,1.55863,1.55885,1.69,1.87
2018.04.27 04:13:56.051,1.55864,1.55885,1.00,1.87
2018.04.27 04:13:56.555,1.55865,1.55885,1.69,2.62
2018.04.27 04:13:57.443,1.55866,1.55885,1.00,1.87
2018.04.27 04:13:57.547,1.55863,1.55886,1.00,1.50
2018.04.27 04:13:57.601,1.55868,1.55886,1.00,1.50
2018.04.27 04:13:58.613,1.55868,1.55889,1.00,1.69
2018.04.27 04:13:58.865,1.55871,1.55891,1.00,1.87
2018.04.27 04:13:59.191,1.55873,1.55891,1.00,1.87
2018.04.27 04:13:59.477,1.55871,1.55891,1.69,1.87
2018.04.27 04:13:59.632,1.55869,1.55891,1.00,1.87
2018.04.27 04:13:59.840,1.55873,1.55891,1.00,1.87
2018.04.27 04:14:00.302,1.55871,1.55891,1.00,1.00
2018.04.27 04:14:00.560,1.55873,1.55892,1.00,1.87
2018.04.27 04:14:00.664,1.55871,1.55892,1.25,1.87
2018.04.27 04:14:00.767,1.55869,1.55892,1.25,1.87
2018.04.27 04:14:01.872,1.55873,1.55892,1.00,1.87
2018.04.27 04:14:02.030,1.55871,1.55891,1.00,1.00
2018.04.27 04:14:02.082,1.55869,1.55891,1.00,1.00
2018.04.27 04:14:02.289,1.55873,1.55891,1.00,1.00
2018.04.27 04:14:02.392,1.5587,1.55891,1.69,1.00
2018.04.27 04:14:03.165,1.55868,1.55891,2.25,1.12
2018.04.27 04:14:04.018,1.5587,1.55891,1.00,1.12
2018.04.27 04:14:04.070,1.55868,1.55891,1.50,1.12
2018.04.27 04:14:04.123,1.55872,1.55891,1.00,1.12
2018.04.27 04:14:04.635,1.55873,1.55891,1.00,1.12
2018.04.27 04:14:05.374,1.55872,1.55891,1.00,1.00
2018.04.27 04:14:06.081,1.55873,1.55891,1.69,1.00
2018.04.27 04:14:06.797,1.55873,1.55887,1.00,1.00
2018.04.27 04:14:06.928,1.55869,1.55886,1.00,1.12
2018.04.27 04:14:07.185,1.55863,1.55886,1.25,1.12
2018.04.27 04:14:07.832,1.55865,1.55886,1.00,1.12
2018.04.27 04:14:08.140,1.55868,1.55886,1.00,1.12
2018.04.27 04:14:08.695,1.55867,1.55886,1.25,1.87
2018.04.27 04:14:08.955,1.55865,1.55886,1.00,1.25
2018.04.27 04:14:09.463,1.55866,1.55886,1.00,1.25
2018.04.27 04:14:12.749,1.55865,1.55886,1.00,1.87
2018.04.27 04:14:12.852,1.55863,1.55886,1.25,1.87
2018.04.27 04:14:13.192,1.55865,1.55885,1.69,1.87
2018.04.27 04:14:13.296,1.55863,1.55885,1.50,1.12
2018.04.27 04:14:14.072,1.55865,1.55884,1.00,1.00
2018.04.27 04:14:15.292,1.55863,1.55884,1.00,1.00
2018.04.27 04:14:15.835,1.55862,1.55883,1.50,1.12
2018.04.27 04:14:15.938,1.55862,1.55882,1.00,1.87
2018.04.27 04:14:16.091,1.5586,1.55881,1.00,1.12
2018.04.27 04:14:16.658,1.55859,1.55881,1.50,1.12
2018.04.27 04:14:17.271,1.55859,1.55881,1.00,1.37
2018.04.27 04:14:17.849,1.5586,1.5588,1.00,1.12
2018.04.27 04:14:18.380,1.55859,1.5588,1.00,1.87
2018.04.27 04:14:23.018,1.5586,1.5588,1.00,1.87
2018.04.27 04:14:23.586,1.55861,1.5588,1.00,1.00
2018.04.27 04:14:24.266,1.5586,1.5588,1.00,1.00
2018.04.27 04:14:25.645,1.55861,1.5588,1.00,1.00
2018.04.27 04:14:26.148,1.55861,1.55882,1.00,3.00
2018.04.27 04:14:26.303,1.55859,1.55881,1.00,1.12
2018.04.27 04:14:26.916,1.5586,1.55881,1.00,1.12
2018.04.27 04:14:28.160,1.55862,1.55883,1.00,3.00
2018.04.27 04:14:29.110,1.55862,1.55883,1.00,2.25
2018.04.27 04:14:29.354,1.5586,1.55883,1.69,2.25
2018.04.27 04:14:30.013,1.55862,1.55883,1.00,2.25
2018.04.27 04:14:32.575,1.55861,1.55882,1.00,1.00
2018.04.27 04:14:34.205,1.55862,1.55882,1.00,1.00
2018.04.27 04:14:35.593,1.55861,1.55882,1.50,1.00
2018.04.27 04:14:35.920,1.55861,1.5588,1.00,1.00
2018.04.27 04:14:36.214,1.55861,1.55883,1.00,1.50
2018.04.27 04:14:36.492,1.55862,1.5588,1.00,1.00
2018.04.27 04:14:56.421,1.55863,1.55883,1.00,1.12
2018.04.27 04:14:56.649,1.55866,1.55885,1.00,1.00
2018.04.27 04:14:57.220,1.55865,1.55885,1.00,1.00
2018.04.27 04:15:02.960,1.55865,1.55884,1.00,1.00
2018.04.27 04:15:08.017,1.55865,1.55885,1.50,1.00
2018.04.27 04:15:09.178,1.55867,1.55885,1.00,1.00
2018.04.27 04:15:09.717,1.55868,1.55885,1.00,1.00
2018.04.27 04:15:11.187,1.55865,1.55885,1.00,1.00
2018.04.27 04:15:11.351,1.55867,1.55885,1.00,1.00
2018.04.27 04:15:11.507,1.55865,1.55884,1.00,1.00
2018.04.27 04:15:12.081,1.55865,1.55884,1.00,1.37
2018.04.27 04:15:12.288,1.55864,1.55881,1.00,1.00
2018.04.27 04:15:12.393,1.55861,1.5588,1.00,1.87
2018.04.27 04:15:14.368,1.5586,1.55879,1.00,1.12
2018.04.27 04:15:14.877,1.5586,1.55879,1.00,1.87
2018.04.27 04:15:15.394,1.55859,1.55877,1.00,1.00
2018.04.27 04:15:15.859,1.55861,1.55877,1.00,1.00
2018.04.27 04:15:16.015,1.5586,1.5588,1.69,1.37
2018.04.27 04:15:16.533,1.5586,1.55878,1.69,1.00
2018.04.27 04:15:17.334,1.5586,1.5588,1.00,1.00
2018.04.27 04:15:17.387,1.55862,1.5588,1.00,1.00
2018.04.27 04:15:17.698,1.55864,1.5588,1.00,1.00
2018.04.27 04:15:18.506,1.55864,1.55883,1.00,2.62
2018.04.27 04:15:20.242,1.55863,1.55883,1.00,2.25
2018.04.27 04:15:21.415,1.55862,1.55881,1.00,1.00
2018.04.27 04:15:26.478,1.55861,1.55881,1.00,1.00
2018.04.27 04:15:28.578,1.55862,1.55881,1.00,1.00
2018.04.27 04:15:29.165,1.55861,1.55881,1.00,1.00
2018.04.27 04:15:29.702,1.55861,1.55883,2.44,2.62
2018.04.27 04:15:30.229,1.55861,1.55881,2.44,1.00
2018.04.27 04:15:30.892,1.55862,1.55881,1.00,1.00
2018.04.27 04:15:33.669,1.55861,1.55881,1.00,1.00
2018.04.27 04:15:35.807,1.55863,1.55881,1.00,1.00
2018.04.27 04:15:36.421,1.55861,1.55881,1.00,1.00
2018.04.27 04:15:36.967,1.55862,1.55881,1.00,1.00
2018.04.27 04:15:38.530,1.55861,1.55881,1.00,1.00
2018.04.27 04:15:39.439,1.55861,1.55881,1.19,1.00
2018.04.27 04:15:39.491,1.55862,1.55881,1.50,1.00
2018.04.27 04:15:39.544,1.55862,1.55883,1.50,1.00
2018.04.27 04:15:39.596,1.55864,1.55883,1.00,1.00
2018.04.27 04:15:47.520,1.55866,1.55883,1.00,1.00
2018.04.27 04:15:48.669,1.55864,1.55883,1.00,1.00
2018.04.27 04:15:49.450,1.55866,1.55883,1.69,1.00
2018.04.27 04:15:51.642,1.55866,1.55885,1.00,1.00
2018.04.27 04:15:52.764,1.55866,1.55886,1.00,1.31
2018.04.27 04:15:52.816,1.55864,1.55886,1.00,2.06
2018.04.27 04:15:52.868,1.55864,1.55884,1.00,1.00
2018.04.27 04:15:54.460,1.55863,1.55884,1.25,1.00
2018.04.27 04:15:54.784,1.55866,1.55884,1.00,1.00
2018.04.27 04:16:00.852,1.55865,1.55884,1.00,1.00
2018.04.27 04:16:02.859,1.55866,1.55884,1.00,1.00
2018.04.27 04:16:11.155,1.55863,1.55884,1.25,1.00
2018.04.27 04:16:11.763,1.55864,1.55884,1.00,1.00
2018.04.27 04:16:12.272,1.55866,1.55884,1.00,1.00
2018.04.27 04:16:12.324,1.55866,1.55886,1.00,1.31
2018.04.27 04:16:13.305,1.55865,1.55886,1.69,1.31
2018.04.27 04:16:19.444,1.55864,1.55887,1.00,3.94
2018.04.27 04:16:24.023,1.55865,1.55886,1.00,1.31
2018.04.27 04:16:32.164,1.55864,1.55885,1.25,1.00
2018.04.27 04:16:38.262,1.55868,1.55887,1.50,1.00
2018.04.27 04:16:39.621,1.55866,1.55887,1.00,1.00
2018.04.27 04:16:44.354,1.55869,1.55887,1.00,1.00
2018.04.27 04:16:46.207,1.55866,1.55885,1.00,1.50
2018.04.27 04:16:49.796,1.55867,1.55885,1.00,1.00
2018.04.27 04:16:50.004,1.55867,1.55888,1.50,1.50
2018.04.27 04:16:53.187,1.55868,1.55888,1.00,1.00
2018.04.27 04:16:53.798,1.55867,1.55888,1.00,1.00
2018.04.27 04:16:54.847,1.55869,1.55888,1.00,1.00
2018.04.27 04:16:55.447,1.55868,1.55888,1.00,1.00
2018.04.27 04:16:58.705,1.55869,1.55888,1.00,1.00
2018.04.27 04:16:58.860,1.55869,1.55891,1.00,3.75
2018.04.27 04:16:58.967,1.55873,1.5589,1.00,1.00
2018.04.27 04:16:59.020,1.55875,1.55893,1.00,1.69
2018.04.27 04:16:59.571,1.55874,1.55893,1.50,1.00
2018.04.27 04:16:59.674,1.55874,1.55895,1.50,2.25
2018.04.27 04:17:00.387,1.55874,1.55892,1.00,1.00
2018.04.27 04:17:01.605,1.55874,1.55895,1.50,1.69
2018.04.27 04:17:03.008,1.55874,1.55893,2.25,1.00
2018.04.27 04:17:05.271,1.55875,1.55893,1.00,1.00
2018.04.27 04:17:05.782,1.55874,1.55893,1.00,1.00
2018.04.27 04:17:10.253,1.55874,1.55895,1.50,2.44
2018.04.27 04:17:10.304,1.55874,1.55893,1.00,1.50
2018.04.27 04:17:14.759,1.55875,1.55893,1.00,1.00
2018.04.27 04:17:15.282,1.55874,1.55894,1.00,1.00
2018.04.27 04:17:16.080,1.55875,1.55894,1.00,1.00
2018.04.27 04:17:16.742,1.55874,1.55893,1.00,1.00
2018.04.27 04:17:20.977,1.55875,1.55893,1.00,1.00
2018.04.27 04:17:21.562,1.55875,1.55894,1.00,1.50
2018.04.27 04:17:22.543,1.55875,1.55893,1.00,1.00
2018.04.27 04:17:23.094,1.55875,1.55894,1.50,1.50
2018.04.27 04:17:39.589,1.55876,1.55894,1.00,1.00
2018.04.27 04:17:49.429,1.55876,1.55895,1.50,1.25
2018.04.27 04:18:07.449,1.55879,1.55896,1.50,1.69
2018.04.27 04:18:08.581,1.55878,1.55896,1.00,1.19
2018.04.27 04:18:09.120,1.55879,1.55896,1.00,1.25
2018.04.27 04:18:13.446,1.55878,1.55896,1.00,1.25
2018.04.27 04:18:17.599,1.55875,1.55896,2.25,1.25
2018.04.27 04:18:17.702,1.55877,1.55896,1.00,1.25
2018.04.27 04:18:18.460,1.55876,1.55896,1.00,1.25
2018.04.27 04:18:21.522,1.55876,1.55895,1.00,1.00
2018.04.27 04:18:21.830,1.55879,1.55895,1.50,1.00
2018.04.27 04:18:22.137,1.55876,1.55895,1.00,1.00
2018.04.27 04:18:25.061,1.55873,1.55895,1.00,1.12
2018.04.27 04:18:29.388,1.55873,1.55895,1.00,1.87
2018.04.27 04:18:30.500,1.55874,1.55895,1.00,1.87
2018.04.27 04:18:38.865,1.55874,1.55895,1.00,1.00
2018.04.27 04:18:41.459,1.55876,1.55895,1.00,1.00
2018.04.27 04:18:43.051,1.55876,1.55894,1.00,1.37
2018.04.27 04:18:43.459,1.55874,1.55893,1.00,1.87
2018.04.27 04:18:44.171,1.55874,1.55893,1.00,2.62
2018.04.27 04:18:52.589,1.55874,1.55892,1.00,1.00
2018.04.27 04:18:53.121,1.55874,1.55893,1.00,1.37
2018.04.27 04:18:53.819,1.55874,1.55893,1.00,1.00
2018.04.27 04:18:53.974,1.55876,1.55893,1.00,1.00
2018.04.27 04:18:54.491,1.55877,1.55895,1.00,1.87
2018.04.27 04:18:55.035,1.55878,1.55895,1.00,1.31
2018.04.27 04:18:58.193,1.55876,1.55895,1.00,1.31
2018.04.27 04:18:58.904,1.55876,1.55894,1.00,1.00
2018.04.27 04:18:58.958,1.55876,1.55892,1.00,1.12
2018.04.27 04:18:59.166,1.55874,1.55892,1.00,1.12
2018.04.27 04:19:00.244,1.55874,1.55892,1.00,1.37
2018.04.27 04:19:13.446,1.55876,1.55894,1.25,1.87
2018.04.27 04:19:13.627,1.55874,1.55894,1.00,1.87
2018.04.27 04:19:14.138,1.55875,1.55894,1.50,1.87
2018.04.27 04:19:16.627,1.55875,1.55894,2.25,1.87
2018.04.27 04:19:17.049,1.55875,1.55894,2.25,1.87
2018.04.27 04:19:36.099,1.55875,1.55893,1.00,1.00
2018.04.27 04:19:40.592,1.55875,1.55894,1.50,1.12
2018.04.27 04:19:40.695,1.55878,1.55897,1.00,2.06
2018.04.27 04:19:47.406,1.55878,1.55898,1.00,2.25
2018.04.27 04:19:47.720,1.55879,1.559,1.50,2.62
2018.04.27 04:19:47.773,1.55881,1.559,1.00,1.87
2018.04.27 04:19:48.187,1.55883,1.559,1.00,1.12
2018.04.27 04:19:48.692,1.55882,1.559,1.00,1.12
2018.04.27 04:19:49.810,1.55883,1.559,1.00,1.12
2018.04.27 04:19:56.090,1.55884,1.55902,1.00,1.87
2018.04.27 04:19:57.261,1.55884,1.55902,1.00,1.87
2018.04.27 04:19:58.587,1.55883,1.55902,1.00,1.87
2018.04.27 04:20:01.697,1.55883,1.559,1.00,1.00
2018.04.27 04:20:02.801,1.55883,1.55901,1.00,1.12
2018.04.27 04:20:20.514,1.55883,1.55899,1.00,1.00
2018.04.27 04:20:20.566,1.5588,1.55898,1.00,1.00
2018.04.27 04:20:20.876,1.55882,1.55899,1.00,1.87
2018.04.27 04:20:21.134,1.5588,1.55899,1.00,1.87
2018.04.27 04:20:21.676,1.55879,1.55898,1.00,1.12
2018.04.27 04:20:22.031,1.55881,1.55898,1.00,1.12
2018.04.27 04:20:23.023,1.5588,1.55898,1.00,1.12
2018.04.27 04:20:23.629,1.55881,1.55899,1.00,1.87
2018.04.27 04:20:29.534,1.55879,1.55899,1.50,1.87
2018.04.27 04:20:34.244,1.55879,1.55897,1.50,1.00
2018.04.27 04:20:47.010,1.55878,1.55897,1.00,1.00
2018.04.27 04:20:48.254,1.55878,1.55896,1.00,1.00
2018.04.27 04:20:49.752,1.55878,1.55894,1.00,2.06
2018.04.27 04:20:49.914,1.55872,1.55891,1.50,1.31
2018.04.27 04:20:49.966,1.55875,1.55891,1.50,1.00
2018.04.27 04:20:50.270,1.55872,1.55889,1.00,1.00
2018.04.27 04:20:50.783,1.55872,1.5589,1.00,1.00
2018.04.27 04:20:50.938,1.55871,1.55888,1.00,1.00
2018.04.27 04:20:51.042,1.55871,1.55891,1.00,1.12
2018.04.27 04:20:51.509,1.55871,1.55889,1.00,1.00
2018.04.27 04:20:53.267,1.55871,1.55886,1.00,1.00
2018.04.27 04:20:53.474,1.55871,1.55889,1.00,1.50
2018.04.27 04:21:00.298,1.55871,1.55886,1.00,1.00
2018.04.27 04:21:00.506,1.55869,1.55885,1.00,1.00
2018.04.27 04:21:00.976,1.55869,1.55887,1.00,1.12
2018.04.27 04:21:02.018,1.55869,1.55885,1.00,1.00
2018.04.27 04:21:04.558,1.55869,1.55887,1.00,1.87
2018.04.27 04:21:07.649,1.55869,1.55889,1.00,1.12
2018.04.27 04:21:07.702,1.55872,1.55889,1.00,1.12
2018.04.27 04:21:09.858,1.55871,1.5589,1.50,1.31
2018.04.27 04:21:13.166,1.55871,1.55892,1.00,1.87
2018.04.27 04:21:13.495,1.55873,1.55892,1.00,1.87
2018.04.27 04:21:14.861,1.55873,1.55892,1.00,1.87
2018.04.27 04:21:17.624,1.55872,1.55892,2.25,1.87
2018.04.27 04:21:18.709,1.55872,1.55891,1.50,1.00
2018.04.27 04:21:19.123,1.55872,1.55888,1.00,1.00
2018.04.27 04:21:19.270,1.55867,1.55888,1.50,1.00
2018.04.27 04:21:20.104,1.55867,1.55887,1.00,1.00
2018.04.27 04:21:20.680,1.55868,1.55887,1.00,1.87
2018.04.27 04:21:21.410,1.55867,1.55887,1.00,1.87
2018.04.27 04:21:23.259,1.55866,1.55887,1.00,1.50
2018.04.27 04:21:35.880,1.55864,1.55887,1.69,2.06
2018.04.27 04:21:36.381,1.55866,1.55887,1.00,2.06
2018.04.27 04:21:36.434,1.55864,1.55887,1.69,2.06
2018.04.27 04:21:37.249,1.55865,1.55887,1.00,2.06
2018.04.27 04:21:40.124,1.55865,1.55887,1.00,1.87
2018.04.27 04:21:41.141,1.55864,1.55887,1.50,2.62
2018.04.27 04:21:41.244,1.55864,1.55884,1.50,1.00
2018.04.27 04:21:42.904,1.55864,1.55887,1.50,1.37
2018.04.27 04:21:43.521,1.55865,1.55887,1.50,1.37
2018.04.27 04:21:47.093,1.55865,1.55888,2.44,1.00
2018.04.27 04:21:47.146,1.5587,1.55888,1.00,1.00
2018.04.27 04:21:47.659,1.5587,1.55889,1.00,1.12
2018.04.27 04:21:48.172,1.5587,1.55888,1.00,1.00
2018.04.27 04:21:48.634,1.55867,1.55888,1.50,1.87
2018.04.27 04:21:48.739,1.55864,1.55886,2.44,1.50
2018.04.27 04:21:57.103,1.55865,1.55887,1.00,1.12
2018.04.27 04:22:00.520,1.55864,1.55887,3.19,1.12
2018.04.27 04:22:06.898,1.55865,1.55887,1.00,1.12
2018.04.27 04:22:06.951,1.55868,1.55887,1.00,1.12
2018.04.27 04:22:07.003,1.55865,1.55887,2.62,1.12
2018.04.27 04:22:07.548,1.55867,1.55887,1.50,1.12
2018.04.27 04:22:07.651,1.55872,1.55889,1.00,1.37
2018.04.27 04:22:08.061,1.55872,1.55889,1.00,1.31
2018.04.27 04:22:08.647,1.55871,1.55889,1.00,1.00
2018.04.27 04:22:09.204,1.55868,1.55889,1.25,1.00
2018.04.27 04:22:09.800,1.55867,1.55889,1.00,1.50
2018.04.27 04:22:14.535,1.55869,1.55889,1.00,2.25
2018.04.27 04:22:14.587,1.55867,1.55889,1.00,1.50
2018.04.27 04:22:14.984,1.55869,1.55889,1.00,1.50
2018.04.27 04:22:15.586,1.5587,1.55889,1.00,1.50
2018.04.27 04:22:15.895,1.55869,1.55887,1.00,1.31
2018.04.27 04:22:16.052,1.55863,1.55884,1.50,1.19
2018.04.27 04:22:16.503,1.55861,1.55883,1.50,1.69
2018.04.27 04:22:16.607,1.55864,1.55883,1.00,1.19
2018.04.27 04:22:17.114,1.55865,1.55883,1.00,1.19
2018.04.27 04:22:17.617,1.55865,1.55883,1.00,1.00
2018.04.27 04:22:18.485,1.55865,1.55884,1.00,1.69
2018.04.27 04:22:18.914,1.55862,1.55884,1.25,1.50
2018.04.27 04:22:19.173,1.55864,1.55884,1.00,1.50
2018.04.27 04:22:19.877,1.55865,1.55883,1.00,1.00
2018.04.27 04:22:28.719,1.55863,1.55883,1.00,1.00
2018.04.27 04:22:28.771,1.55861,1.55883,1.00,1.00
2018.04.27 04:22:29.336,1.55861,1.55882,1.00,1.00
2018.04.27 04:22:31.795,1.55862,1.55882,1.00,1.00
2018.04.27 04:22:32.308,1.55863,1.55883,1.50,1.00
2018.04.27 04:22:33.967,1.55864,1.55883,1.00,1.00
2018.04.27 04:22:34.488,1.55865,1.55883,1.00,1.00
2018.04.27 04:22:40.041,1.55864,1.55883,1.00,1.00
2018.04.27 04:22:49.511,1.55863,1.55883,1.50,1.00
2018.04.27 04:22:50.864,1.55865,1.55883,1.00,1.00
2018.04.27 04:22:51.470,1.55866,1.55883,1.00,1.00
2018.04.27 04:22:52.931,1.55864,1.55883,1.00,1.00
2018.04.27 04:22:53.615,1.55865,1.55883,1.00,1.00
2018.04.27 04:22:56.388,1.55866,1.55883,1.00,1.00
2018.04.27 04:22:56.893,1.55865,1.55883,1.50,1.00
2018.04.27 04:22:56.997,1.55867,1.55886,1.00,1.00
2018.04.27 04:22:57.049,1.55871,1.55887,1.00,1.25
2018.04.27 04:22:57.186,1.55867,1.55888,1.00,1.00
2018.04.27 04:22:57.240,1.5587,1.55888,1.00,1.00
2018.04.27 04:22:57.345,1.55868,1.55888,1.00,1.00
2018.04.27 04:22:57.449,1.55871,1.55891,1.00,2.62
2018.04.27 04:22:57.502,1.55872,1.55893,1.50,1.00
2018.04.27 04:22:57.555,1.55877,1.55894,1.00,1.50
2018.04.27 04:22:57.867,1.55879,1.55896,1.00,1.69
2018.04.27 04:22:58.769,1.55877,1.55896,1.00,1.69
2018.04.27 04:22:58.873,1.55873,1.55895,1.00,1.25
2018.04.27 04:23:05.597,1.55874,1.55895,1.00,1.25
2018.04.27 04:23:05.699,1.55878,1.55895,1.00,1.25
2018.04.27 04:23:07.089,1.55874,1.55895,1.00,1.25
2018.04.27 04:23:08.817,1.55873,1.55895,2.25,1.25
2018.04.27 04:23:09.455,1.55873,1.55894,1.50,1.00
2018.04.27 04:23:09.632,1.55875,1.55894,1.00,1.00
2018.04.27 04:23:09.942,1.55878,1.55896,1.00,1.25
2018.04.27 04:23:10.232,1.55879,1.55899,1.00,1.69
2018.04.27 04:23:10.284,1.55881,1.55901,1.50,1.50
2018.04.27 04:23:10.795,1.5588,1.559,1.00,1.00
2018.04.27 04:23:10.899,1.55878,1.559,1.50,1.00
2018.04.27 04:23:11.003,1.55881,1.559,1.00,1.00
2018.04.27 04:23:11.872,1.55879,1.559,1.50,1.25
2018.04.27 04:23:12.906,1.55881,1.559,1.00,1.25
2018.04.27 04:23:26.446,1.55879,1.559,1.00,1.25
2018.04.27 04:23:26.498,1.55877,1.55899,1.87,1.00
2018.04.27 04:23:29.685,1.5588,1.55897,1.00,1.00
2018.04.27 04:23:30.099,1.55878,1.55897,1.00,1.00
2018.04.27 04:23:30.620,1.55876,1.55897,1.69,1.00
2018.04.27 04:23:31.147,1.55876,1.55897,1.25,1.00
2018.04.27 04:23:32.034,1.55873,1.55897,1.19,1.00
2018.04.27 04:23:32.137,1.55879,1.55897,1.00,1.00
2018.04.27 04:23:32.731,1.55879,1.55898,1.00,1.50
2018.04.27 04:23:33.045,1.55882,1.55898,1.00,1.00
2018.04.27 04:23:33.462,1.5588,1.55898,1.25,1.00
2018.04.27 04:23:34.216,1.55874,1.55898,1.69,1.00
2018.04.27 04:23:37.017,1.55879,1.55898,1.00,1.00
2018.04.27 04:23:39.412,1.55874,1.55898,1.19,1.50
2018.04.27 04:23:51.320,1.55877,1.55898,1.00,1.50
2018.04.27 04:23:51.372,1.55881,1.55898,1.00,1.00
2018.04.27 04:23:51.715,1.55876,1.55896,1.00,1.19
2018.04.27 04:23:52.785,1.55876,1.55896,1.00,1.25
2018.04.27 04:23:52.837,1.55878,1.55896,1.00,1.19
2018.04.27 04:23:52.891,1.55876,1.55895,1.25,1.69
2018.04.27 04:23:52.943,1.55872,1.55895,1.25,2.44
2018.04.27 04:23:53.098,1.55874,1.55895,1.00,1.69
2018.04.27 04:23:53.495,1.55878,1.55896,1.00,1.19
2018.04.27 04:23:54.281,1.5588,1.55896,1.00,1.19
2018.04.27 04:23:54.799,1.5588,1.55896,1.00,1.25
2018.04.27 04:23:56.060,1.55878,1.55896,1.00,1.25
2018.04.27 04:23:56.112,1.55875,1.55896,1.50,1.25
2018.04.27 04:23:56.164,1.55872,1.55896,2.06,1.25
2018.04.27 04:23:56.522,1.55877,1.55896,1.50,1.00
2018.04.27 04:23:56.850,1.5588,1.55896,1.00,1.00
2018.04.27 04:23:57.744,1.55875,1.55896,1.00,1.00
2018.04.27 04:23:58.148,1.55878,1.55896,1.00,1.00
2018.04.27 04:23:59.498,1.55878,1.55897,1.00,1.00
2018.04.27 04:24:01.283,1.55877,1.55897,1.50,1.00
2018.04.27 04:24:01.387,1.55875,1.55897,1.00,1.00
2018.04.27 04:24:01.612,1.55877,1.55897,1.50,1.00
2018.04.27 04:24:02.435,1.55875,1.55896,1.00,1.00
2018.04.27 04:24:02.540,1.55871,1.55894,1.87,1.00
2018.04.27 04:24:02.592,1.55874,1.55894,1.50,1.00
2018.04.27 04:24:03.174,1.55871,1.55894,1.37,1.00
2018.04.27 04:24:03.343,1.55874,1.55894,1.00,1.00
2018.04.27 04:24:03.682,1.55876,1.55894,1.00,1.00
2018.04.27 04:24:04.197,1.55876,1.55893,1.50,1.00
2018.04.27 04:24:05.074,1.55873,1.55893,1.50,1.00
2018.04.27 04:24:05.229,1.55871,1.55893,1.31,1.00
2018.04.27 04:24:06.143,1.55871,1.55894,2.81,1.50
2018.04.27 04:24:06.350,1.55871,1.55894,2.06,1.50
2018.04.27 04:24:15.245,1.55872,1.55897,2.44,1.69
2018.04.27 04:24:30.408,1.55875,1.55899,1.19,1.87
2018.04.27 04:24:30.717,1.55875,1.55897,1.19,1.00
2018.04.27 04:24:31.276,1.55875,1.55898,1.19,1.00
2018.04.27 04:24:33.588,1.55875,1.55897,1.19,1.50
2018.04.27 04:24:36.194,1.55875,1.55895,1.00,1.00
2018.04.27 04:24:39.748,1.55875,1.55897,1.00,1.00
2018.04.27 04:24:40.650,1.55881,1.55897,1.00,1.00
2018.04.27 04:24:41.200,1.55882,1.55898,1.00,1.12
2018.04.27 04:24:41.988,1.5588,1.55898,1.00,1.12
2018.04.27 04:24:43.331,1.55877,1.55898,1.00,1.12
2018.04.27 04:24:43.383,1.55875,1.55898,1.00,1.12
2018.04.27 04:24:43.435,1.55874,1.55896,1.69,1.00
2018.04.27 04:24:43.905,1.55876,1.55897,1.00,1.00
2018.04.27 04:24:44.404,1.55879,1.55897,1.00,1.00
2018.04.27 04:24:57.798,1.55879,1.55895,1.00,1.00
2018.04.27 04:24:57.851,1.55877,1.55895,1.00,1.00
2018.04.27 04:24:57.954,1.55874,1.55895,1.50,1.00
2018.04.27 04:24:58.006,1.55875,1.55897,1.25,1.00
2018.04.27 04:24:58.159,1.5588,1.55897,1.00,1.00
2018.04.27 04:24:58.262,1.55875,1.55897,1.25,1.00
2018.04.27 04:24:58.618,1.55883,1.55897,1.00,1.00
2018.04.27 04:24:59.366,1.55881,1.55897,1.50,1.00
2018.04.27 04:24:59.470,1.55877,1.55897,1.00,1.00
2018.04.27 04:25:00.169,1.55875,1.55897,2.44,1.00
2018.04.27 04:25:00.274,1.55874,1.55895,1.69,1.00
2018.04.27 04:25:00.811,1.55873,1.55894,2.81,1.00
2018.04.27 04:25:02.267,1.55877,1.55897,1.37,1.00
2018.04.27 04:25:02.811,1.55877,1.55898,1.37,1.00
2018.04.27 04:25:04.180,1.55878,1.55898,1.87,1.00
2018.04.27 04:25:04.753,1.55878,1.55899,1.87,1.00
2018.04.27 04:25:05.488,1.55884,1.55899,1.00,1.00
2018.04.27 04:25:07.726,1.55878,1.55899,1.69,1.00
2018.04.27 04:25:08.888,1.55884,1.55899,1.00,1.00
2018.04.27 04:25:09.569,1.55881,1.55899,1.69,1.00
2018.04.27 04:25:09.622,1.55883,1.55899,1.00,1.00
2018.04.27 04:25:10.138,1.55879,1.55898,1.00,1.00
2018.04.27 04:25:10.737,1.55877,1.55898,1.87,1.00
2018.04.27 04:25:15.718,1.55876,1.55898,1.87,1.00
2018.04.27 04:25:16.607,1.55884,1.55898,1.00,1.00
2018.04.27 04:25:19.411,1.55881,1.55898,1.00,1.00
2018.04.27 04:25:20.251,1.55883,1.55898,1.50,1.00
2018.04.27 04:25:21.165,1.55882,1.55898,1.25,1.00
2018.04.27 04:25:22.442,1.55881,1.55898,1.25,1.00
2018.04.27 04:25:22.494,1.55877,1.55898,1.37,1.00
2018.04.27 04:25:27.803,1.55878,1.55896,1.37,1.00
2018.04.27 04:25:28.691,1.55878,1.55896,1.19,1.00
2018.04.27 04:25:30.369,1.55878,1.55897,1.19,1.00
2018.04.27 04:25:34.196,1.55879,1.55898,1.19,1.00
2018.04.27 04:25:36.535,1.55879,1.55898,1.25,1.00
2018.04.27 04:25:37.486,1.55879,1.55899,1.25,1.00
2018.04.27 04:25:44.598,1.55879,1.55899,1.62,1.00
2018.04.27 04:25:45.147,1.55879,1.55899,1.31,1.00
2018.04.27 04:25:45.804,1.55879,1.55898,1.31,1.00
2018.04.27 04:25:47.175,1.55879,1.55898,1.31,1.00
2018.04.27 04:25:52.461,1.55879,1.55896,1.19,1.00
2018.04.27 04:25:52.771,1.55877,1.55894,1.75,1.00
2018.04.27 04:25:53.753,1.55878,1.55894,1.00,1.00
2018.04.27 04:25:57.891,1.55876,1.55894,1.75,1.00
2018.04.27 04:26:02.846,1.55878,1.55897,1.50,1.00
2018.04.27 04:26:03.388,1.55878,1.55898,1.50,1.00
2018.04.27 04:26:04.018,1.55879,1.559,3.00,1.00
2018.04.27 04:26:04.658,1.55881,1.55901,1.00,1.00
2018.04.27 04:26:09.068,1.55881,1.55902,1.12,1.00
2018.04.27 04:26:15.242,1.55881,1.55901,1.00,1.00
2018.04.27 04:26:18.060,1.55881,1.55901,1.87,1.00
2018.04.27 04:26:19.234,1.55881,1.55903,2.62,1.00
2018.04.27 04:26:33.456,1.55881,1.55902,1.37,1.00
2018.04.27 04:26:35.216,1.55881,1.55901,1.37,1.00
2018.04.27 04:26:37.679,1.55881,1.559,1.37,1.00
2018.04.27 04:26:46.050,1.55881,1.55899,1.00,1.00
2018.04.27 04:26:46.102,1.55879,1.55898,1.12,1.00
2018.04.27 04:26:46.207,1.55876,1.55897,1.19,1.00
2018.04.27 04:26:47.218,1.55878,1.55897,1.00,1.00
2018.04.27 04:26:47.765,1.55877,1.55897,1.00,1.00
2018.04.27 04:26:53.063,1.55877,1.55896,1.00,1.00
2018.04.27 04:26:55.687,1.55878,1.55896,1.00,1.00
2018.04.27 04:26:55.997,1.55876,1.55896,1.25,1.00
2018.04.27 04:26:57.729,1.55876,1.55896,1.19,1.00
2018.04.27 04:26:59.342,1.55876,1.55896,1.69,1.00
2018.04.27 04:27:00.212,1.55878,1.55897,1.00,1.00
2018.04.27 04:27:00.386,1.55876,1.55897,1.25,1.00
2018.04.27 04:27:03.423,1.55877,1.55897,1.00,1.00
2018.04.27 04:27:05.663,1.55876,1.55897,1.00,1.00
2018.04.27 04:27:15.982,1.55877,1.55897,1.00,1.00
2018.04.27 04:27:16.498,1.55876,1.55897,1.25,1.00
2018.04.27 04:27:17.392,1.55876,1.55897,1.19,1.00
2018.04.27 04:27:19.242,1.55876,1.55896,1.19,1.00
2018.04.27 04:27:20.996,1.55878,1.55897,2.25,1.00
2018.04.27 04:27:21.115,1.55881,1.55897,1.00,1.00
2018.04.27 04:27:22.214,1.55877,1.55897,1.00,1.00
2018.04.27 04:27:24.597,1.55878,1.55897,1.00,1.00
2018.04.27 04:27:25.230,1.55879,1.55897,1.00,1.00
2018.04.27 04:27:25.385,1.55877,1.55897,1.00,1.00
2018.04.27 04:27:25.636,1.55879,1.55897,1.00,1.00
2018.04.27 04:27:25.948,1.55881,1.55897,1.00,1.00
2018.04.27 04:27:26.705,1.5588,1.55897,1.00,1.00
2018.04.27 04:27:26.757,1.55878,1.55897,1.50,1.00
2018.04.27 04:27:27.797,1.55876,1.55897,2.44,1.00
2018.04.27 04:27:28.650,1.55877,1.55897,1.50,1.00
2018.04.27 04:27:28.703,1.55881,1.55897,1.00,1.00
2018.04.27 04:27:29.254,1.5588,1.55897,1.00,1.00
2018.04.27 04:27:33.412,1.55877,1.55897,2.25,1.00
2018.04.27 04:27:33.515,1.55879,1.55897,1.25,1.00
2018.04.27 04:27:33.917,1.55877,1.55897,1.50,1.00
2018.04.27 04:27:35.423,1.55878,1.55897,1.00,1.00
2018.04.27 04:27:40.692,1.55883,1.55897,1.00,1.00
2018.04.27 04:27:41.391,1.55882,1.55897,1.50,1.00
2018.04.27 04:27:44.367,1.55878,1.55897,1.37,1.00
2018.04.27 04:27:44.470,1.55877,1.55897,1.00,1.00
2018.04.27 04:27:45.287,1.55878,1.55897,1.00,1.00
2018.04.27 04:27:45.941,1.55881,1.55896,1.00,1.00
2018.04.27 04:27:46.345,1.55879,1.55896,1.00,1.00
2018.04.27 04:27:46.397,1.55877,1.55896,1.69,1.00
2018.04.27 04:27:46.779,1.55879,1.55896,1.00,1.00
2018.04.27 04:27:47.290,1.5588,1.55897,1.00,1.00
2018.04.27 04:27:48.197,1.55877,1.55897,1.25,1.00
2018.04.27 04:27:48.480,1.55879,1.55897,1.00,1.00
2018.04.27 04:27:48.805,1.55881,1.55897,1.00,1.00
2018.04.27 04:27:49.353,1.55879,1.55896,1.12,1.00
2018.04.27 04:27:49.434,1.55881,1.55896,1.00,1.00
2018.04.27 04:27:49.873,1.55881,1.55898,1.00,1.00
2018.04.27 04:27:49.926,1.55879,1.55898,1.50,1.00
2018.04.27 04:27:49.979,1.55881,1.55898,1.00,1.00
2018.04.27 04:27:50.512,1.55879,1.55898,1.00,1.00
2018.04.27 04:27:50.564,1.55877,1.55898,1.69,1.00
2018.04.27 04:27:50.616,1.55881,1.55898,1.00,1.00
2018.04.27 04:27:50.822,1.55878,1.55898,1.00,1.00
2018.04.27 04:27:51.623,1.55876,1.55898,1.69,1.00
2018.04.27 04:27:52.489,1.55876,1.55898,1.69,1.00
2018.04.27 04:27:52.592,1.55879,1.55898,1.00,1.00
2018.04.27 04:27:53.276,1.5588,1.55898,1.00,1.00
2018.04.27 04:27:55.502,1.55878,1.55898,1.00,1.00
2018.04.27 04:27:55.555,1.55876,1.55898,1.69,1.00
2018.04.27 04:27:55.812,1.55878,1.55898,1.00,1.00
2018.04.27 04:27:56.322,1.55879,1.55898,1.00,1.00
2018.04.27 04:27:57.255,1.55876,1.55898,1.69,1.00
2018.04.27 04:27:57.307,1.5588,1.55898,1.00,1.00
2018.04.27 04:27:57.571,1.55876,1.55898,1.19,1.00
2018.04.27 04:27:58.042,1.5588,1.55898,1.00,1.00
2018.04.27 04:27:58.404,1.5588,1.55896,1.00,1.00
2018.04.27 04:27:58.615,1.55875,1.55892,1.50,1.00
2018.04.27 04:27:59.869,1.55875,1.5589,1.00,1.00
2018.04.27 04:28:01.001,1.55875,1.55891,1.00,1.00
2018.04.27 04:28:01.230,1.55873,1.55891,1.00,1.00
2018.04.27 04:28:01.282,1.55876,1.55891,1.00,1.00
2018.04.27 04:28:01.437,1.55874,1.55891,1.12,1.00
2018.04.27 04:28:02.189,1.55873,1.55891,1.50,1.00
2018.04.27 04:28:03.016,1.55874,1.55891,1.00,1.00
2018.04.27 04:28:03.410,1.55871,1.55891,1.00,1.00
2018.04.27 04:28:03.943,1.5587,1.5589,1.25,1.00
2018.04.27 04:28:05.654,1.55871,1.5589,1.00,1.00
2018.04.27 04:28:05.921,1.55868,1.5589,1.69,1.00
2018.04.27 04:28:05.974,1.55868,1.55888,1.69,1.00
2018.04.27 04:28:06.182,1.55866,1.55887,2.25,1.00
2018.04.27 04:28:06.338,1.55866,1.55885,1.00,1.00
2018.04.27 04:28:06.390,1.55864,1.55885,1.00,1.00
2018.04.27 04:28:06.915,1.55863,1.55885,1.25,1.00
2018.04.27 04:28:08.264,1.55864,1.55885,1.00,1.00
2018.04.27 04:28:09.722,1.55866,1.55885,1.00,1.00
2018.04.27 04:28:11.156,1.55864,1.55885,1.00,1.00
2018.04.27 04:28:11.260,1.55867,1.55885,1.00,1.00
2018.04.27 04:28:11.868,1.55866,1.55885,1.00,1.00
2018.04.27 04:28:12.942,1.55865,1.55885,1.12,1.00
2018.04.27 04:28:13.516,1.55867,1.55885,1.00,1.00
2018.04.27 04:28:20.047,1.55866,1.55885,1.50,1.00
2018.04.27 04:28:20.151,1.55864,1.55885,1.00,1.00
2018.04.27 04:28:20.515,1.55863,1.55883,1.00,1.00
2018.04.27 04:28:21.495,1.55863,1.55881,1.00,1.00
2018.04.27 04:28:21.701,1.55863,1.55883,1.00,1.00
2018.04.27 04:28:31.423,1.55864,1.55883,1.00,1.00
2018.04.27 04:28:31.926,1.55863,1.55883,1.50,1.00
2018.04.27 04:28:35.052,1.55864,1.55883,1.00,1.00
2018.04.27 04:28:35.587,1.55863,1.55883,1.00,1.00
2018.04.27 04:28:46.946,1.55864,1.55883,1.00,1.00
2018.04.27 04:28:58.138,1.55864,1.55884,1.00,1.00
2018.04.27 04:28:58.190,1.55864,1.55881,1.00,1.00
2018.04.27 04:28:58.624,1.55863,1.55884,1.50,1.00
2018.04.27 04:28:59.166,1.55864,1.55884,1.00,1.00
2018.04.27 04:28:59.717,1.55863,1.55884,1.00,1.00
2018.04.27 04:29:03.228,1.55863,1.55882,1.00,1.00
2018.04.27 04:29:06.634,1.55863,1.55884,1.25,2.25
2018.04.27 04:29:06.790,1.55864,1.55882,1.00,1.00
2018.04.27 04:29:06.897,1.55862,1.55881,1.12,1.00
2018.04.27 04:29:07.002,1.5586,1.5588,1.00,1.00
2018.04.27 04:29:07.157,1.5586,1.55877,1.00,1.00
2018.04.27 04:29:07.671,1.55858,1.55877,2.62,1.00
2018.04.27 04:29:08.304,1.55859,1.55877,1.37,1.00
2018.04.27 04:29:08.841,1.55859,1.55877,1.37,1.00
2018.04.27 04:29:10.369,1.55857,1.55877,1.87,1.00
2018.04.27 04:29:10.421,1.55857,1.55877,1.50,1.00
2018.04.27 04:29:19.190,1.55857,1.55876,1.00,1.00
2018.04.27 04:29:20.352,1.55858,1.55876,1.00,1.00
2018.04.27 04:29:20.870,1.55857,1.55876,1.00,1.00
2018.04.27 04:29:33.793,1.5586,1.55878,1.00,1.00
2018.04.27 04:29:33.987,1.55862,1.55881,1.00,1.00
2018.04.27 04:29:34.039,1.55858,1.55877,1.00,1.00
2018.04.27 04:29:34.557,1.55857,1.55876,1.50,1.00
2018.04.27 04:29:39.089,1.55859,1.55876,1.00,1.00
2018.04.27 04:29:41.373,1.55857,1.55876,1.00,1.00
2018.04.27 04:29:42.149,1.55859,1.55876,1.00,1.00
2018.04.27 04:29:44.134,1.55862,1.55876,1.00,1.00
2018.04.27 04:29:49.573,1.55865,1.55877,1.00,1.00
2018.04.27 04:29:49.625,1.55863,1.55877,1.00,1.00
2018.04.27 04:29:49.677,1.55866,1.55877,1.00,1.00
2018.04.27 04:29:50.208,1.55867,1.55877,1.00,1.00
2018.04.27 04:29:50.575,1.55862,1.55877,1.00,1.00
2018.04.27 04:29:50.627,1.5586,1.55877,1.00,1.00
2018.04.27 04:29:51.529,1.55867,1.55877,1.00,1.00
2018.04.27 04:29:53.655,1.55861,1.55877,1.00,1.00
2018.04.27 04:29:58.381,1.55863,1.55877,1.00,1.00
2018.04.27 04:29:58.886,1.55866,1.55877,1.00,1.00
2018.04.27 04:29:58.993,1.55864,1.55877,1.25,1.00
2018.04.27 04:29:59.045,1.55861,1.55877,1.00,1.00
2018.04.27 04:29:59.097,1.55859,1.55877,1.00,1.00
2018.04.27 04:29:59.652,1.55858,1.55877,1.50,1.00
2018.04.27 04:30:00.089,1.55861,1.55876,1.00,1.00
2018.04.27 04:30:00.399,1.55865,1.55877,1.00,1.00
2018.04.27 04:30:00.633,1.55865,1.55881,1.00,1.50
2018.04.27 04:30:00.686,1.55869,1.5588,1.00,1.00
2018.04.27 04:30:00.738,1.55869,1.55882,1.00,1.00
2018.04.27 04:30:00.790,1.55871,1.5588,1.50,1.00
2018.04.27 04:30:01.037,1.55871,1.55882,1.00,1.00
2018.04.27 04:30:01.090,1.55869,1.55882,1.00,1.00
2018.04.27 04:30:02.761,1.55864,1.55882,1.50,1.00
2018.04.27 04:30:04.775,1.55863,1.55882,1.50,1.00
2018.04.27 04:30:05.037,1.55868,1.55882,1.00,1.00
2018.04.27 04:30:05.345,1.5587,1.55882,1.00,1.00
2018.04.27 04:30:06.330,1.55866,1.55882,1.50,1.00
2018.04.27 04:30:06.505,1.55869,1.55882,1.00,1.00
2018.04.27 04:30:06.829,1.55867,1.55882,1.00,1.00
2018.04.27 04:30:07.665,1.55865,1.55882,1.00,1.00
2018.04.27 04:30:08.208,1.55862,1.55882,2.25,1.00
2018.04.27 04:30:09.038,1.55868,1.55882,1.00,1.00
2018.04.27 04:30:09.352,1.55868,1.55879,1.50,1.00
2018.04.27 04:30:09.405,1.55868,1.55881,1.00,1.00
2018.04.27 04:30:09.457,1.55866,1.55881,1.50,1.00
2018.04.27 04:30:09.645,1.55868,1.55881,1.00,1.00
2018.04.27 04:30:09.697,1.55866,1.55881,1.00,1.00
2018.04.27 04:30:09.801,1.55862,1.55881,1.50,1.00
2018.04.27 04:30:10.390,1.55865,1.55881,1.00,1.00
2018.04.27 04:30:10.701,1.55868,1.55881,1.00,1.00
2018.04.27 04:30:12.780,1.55863,1.55881,1.00,1.00
2018.04.27 04:30:13.288,1.55862,1.55881,1.00,1.00
2018.04.27 04:30:13.471,1.55868,1.55881,1.00,1.00
2018.04.27 04:30:14.326,1.55865,1.55881,1.00,1.00
2018.04.27 04:30:14.646,1.55867,1.55881,1.00,1.00
2018.04.27 04:30:14.750,1.55868,1.55884,1.00,1.00
2018.04.27 04:30:14.802,1.5587,1.55884,1.00,1.00
2018.04.27 04:30:14.927,1.55866,1.55883,1.37,1.00
2018.04.27 04:30:14.979,1.55865,1.55882,1.00,1.00
2018.04.27 04:30:15.033,1.55867,1.55882,1.00,1.00
2018.04.27 04:30:15.086,1.55865,1.55882,1.00,1.00
2018.04.27 04:30:15.449,1.55863,1.55882,1.00,1.00
2018.04.27 04:30:17.052,1.55862,1.55882,1.50,1.00
2018.04.27 04:30:17.155,1.55866,1.55882,1.00,1.00
2018.04.27 04:30:17.774,1.55865,1.55882,1.00,1.00
2018.04.27 04:30:18.208,1.55865,1.55879,1.00,1.00
2018.04.27 04:30:18.365,1.55862,1.55879,1.50,1.00
2018.04.27 04:30:18.471,1.55863,1.55881,1.00,1.00
2018.04.27 04:30:19.008,1.55864,1.55882,1.00,1.00
2018.04.27 04:30:21.115,1.55863,1.55882,1.50,1.00
2018.04.27 04:30:27.423,1.55871,1.55885,1.00,1.50
2018.04.27 04:30:27.475,1.55868,1.55887,1.00,1.00
2018.04.27 04:30:27.528,1.55872,1.55888,1.00,1.00
2018.04.27 04:30:27.632,1.55873,1.5589,1.00,1.00
2018.04.27 04:30:30.934,1.55874,1.5589,1.00,1.00
2018.04.27 04:30:32.385,1.55873,1.5589,1.00,1.00
2018.04.27 04:30:33.140,1.55874,1.5589,1.00,1.00
2018.04.27 04:30:33.485,1.55873,1.55892,1.50,1.00
2018.04.27 04:30:34.517,1.55873,1.5589,1.00,1.00
2018.04.27 04:30:34.724,1.55869,1.55887,1.12,1.00
2018.04.27 04:30:37.969,1.55868,1.55887,2.25,1.00
2018.04.27 04:30:41.173,1.5587,1.55887,1.00,1.00
2018.04.27 04:30:42.646,1.55869,1.55887,1.00,1.00
2018.04.27 04:30:42.917,1.55864,1.55884,2.44,1.00
2018.04.27 04:30:43.761,1.55864,1.55883,1.69,1.00
2018.04.27 04:30:44.564,1.5587,1.55888,1.00,1.00
2018.04.27 04:30:44.789,1.55875,1.55894,1.00,1.50
2018.04.27 04:30:45.293,1.55875,1.55893,1.00,1.00
2018.04.27 04:30:45.396,1.55873,1.55893,1.50,1.00
2018.04.27 04:30:45.908,1.55873,1.55894,1.00,1.00
2018.04.27 04:30:46.443,1.55872,1.55894,1.69,1.00
2018.04.27 04:30:46.649,1.55875,1.55894,1.00,1.00
2018.04.27 04:30:47.775,1.55874,1.55894,1.00,1.00
2018.04.27 04:30:55.121,1.55872,1.55894,1.50,1.00
2018.04.27 04:30:55.793,1.55874,1.55894,1.00,1.00
2018.04.27 04:30:56.130,1.55872,1.55894,1.50,1.00
2018.04.27 04:30:59.815,1.55874,1.55894,1.00,1.00
2018.04.27 04:31:00.901,1.55872,1.55894,1.50,1.00
2018.04.27 04:31:04.770,1.55874,1.55894,1.00,1.50
2018.04.27 04:31:06.872,1.55872,1.55894,1.12,1.50
2018.04.27 04:31:07.384,1.55872,1.55893,1.00,1.00
2018.04.27 04:31:07.816,1.55874,1.55893,1.00,1.00
2018.04.27 04:31:08.836,1.55872,1.55893,1.00,1.00
2018.04.27 04:31:09.568,1.55874,1.55893,1.00,1.00
2018.04.27 04:31:09.797,1.55872,1.55893,1.00,1.00
2018.04.27 04:31:12.419,1.55872,1.55892,1.00,1.69
2018.04.27 04:31:12.965,1.55872,1.55893,1.00,1.00
2018.04.27 04:31:16.646,1.55875,1.55893,1.00,1.00
2018.04.27 04:31:17.006,1.55872,1.55893,1.87,1.00
2018.04.27 04:31:17.518,1.55872,1.55893,1.00,1.00
2018.04.27 04:31:17.621,1.55875,1.55893,1.00,1.00
2018.04.27 04:31:17.923,1.55872,1.55893,2.25,1.00
2018.04.27 04:31:22.649,1.55874,1.55893,1.00,1.00
2018.04.27 04:31:23.404,1.55872,1.55893,1.87,1.00
2018.04.27 04:31:35.561,1.55872,1.55892,1.00,1.25
2018.04.27 04:31:39.282,1.55872,1.55893,1.00,3.19
2018.04.27 04:31:39.830,1.55872,1.55892,1.00,1.25
2018.04.27 04:31:41.973,1.55872,1.55893,1.00,3.19
2018.04.27 04:31:44.146,1.55872,1.55892,1.00,1.25
2018.04.27 04:31:51.734,1.5587,1.55892,1.25,1.00
2018.04.27 04:31:53.003,1.55871,1.55892,1.00,1.00
2018.04.27 04:31:56.528,1.55873,1.55893,1.00,1.00
2018.04.27 04:32:04.178,1.55871,1.55893,1.00,1.50
2018.04.27 04:32:08.624,1.5587,1.55893,1.69,1.50
2018.04.27 04:32:08.882,1.55869,1.5589,1.00,1.50
2018.04.27 04:32:09.207,1.55867,1.55888,1.00,1.00
2018.04.27 04:32:09.830,1.55866,1.55888,1.69,1.50
2018.04.27 04:32:10.404,1.55866,1.55887,1.25,1.00
2018.04.27 04:32:24.597,1.55867,1.55889,1.00,1.00
2018.04.27 04:32:25.129,1.55868,1.5589,1.00,1.00
2018.04.27 04:32:26.061,1.55869,1.5589,1.00,1.00
2018.04.27 04:32:26.269,1.5587,1.55893,1.00,1.50
2018.04.27 04:32:30.795,1.5587,1.55892,1.00,1.00
2018.04.27 04:32:39.506,1.5587,1.55893,1.25,1.00
2018.04.27 04:32:43.499,1.5587,1.55893,1.19,1.50
2018.04.27 04:32:44.152,1.55873,1.55895,1.00,1.50
2018.04.27 04:32:44.685,1.55872,1.55894,1.69,1.00
2018.04.27 04:32:45.132,1.55874,1.55896,1.00,1.69
2018.04.27 04:32:45.475,1.55874,1.55894,1.00,1.00
2018.04.27 04:32:47.374,1.55874,1.55895,1.00,1.50
2018.04.27 04:32:50.137,1.55874,1.55896,1.50,1.50
2018.04.27 04:32:55.530,1.55874,1.55895,1.50,1.00
2018.04.27 04:32:56.159,1.55874,1.55896,1.50,1.00
2018.04.27 04:32:56.519,1.55877,1.55896,1.00,1.00
2018.04.27 04:32:56.945,1.55875,1.55896,1.00,1.00
2018.04.27 04:32:57.476,1.55874,1.55895,1.00,1.00
2018.04.27 04:33:01.344,1.55874,1.55896,1.00,1.50
2018.04.27 04:33:02.490,1.55875,1.55896,1.50,1.00
2018.04.27 04:33:04.357,1.55875,1.55895,1.00,1.00
2018.04.27 04:33:04.946,1.55874,1.55895,2.25,1.00
2018.04.27 04:33:09.550,1.55877,1.55895,1.00,1.00
2018.04.27 04:33:10.846,1.55874,1.55895,1.00,1.00
2018.04.27 04:33:15.842,1.55877,1.55895,1.00,1.00
2018.04.27 04:33:15.997,1.55875,1.55895,1.00,1.00
2018.04.27 04:33:16.759,1.55874,1.55895,1.00,1.00
2018.04.27 04:33:20.212,1.55874,1.5589,1.50,1.00
2018.04.27 04:33:26.901,1.55877,1.5589,1.00,1.00
2018.04.27 04:33:27.447,1.55876,1.5589,1.00,1.00
2018.04.27 04:33:27.976,1.55875,1.55889,1.00,1.00
2018.04.27 04:33:32.985,1.55874,1.55889,1.00,1.00
2018.04.27 04:33:40.326,1.55874,1.55888,1.00,1.00
2018.04.27 04:33:40.689,1.55871,1.55888,1.19,1.00
2018.04.27 04:33:41.386,1.55871,1.55888,1.00,1.00
2018.04.27 04:33:49.943,1.55871,1.55887,1.00,1.00
2018.04.27 04:33:50.047,1.55871,1.55893,1.87,1.00
2018.04.27 04:33:50.101,1.55873,1.55891,1.12,1.00
2018.04.27 04:33:50.410,1.55875,1.55891,1.00,1.00
2018.04.27 04:34:02.181,1.55875,1.55892,1.12,1.00
2018.04.27 04:34:05.555,1.55875,1.55891,1.12,1.00
2018.04.27 04:34:06.674,1.55875,1.55892,1.12,1.00
2018.04.27 04:34:11.512,1.55875,1.55891,1.00,1.00
2018.04.27 04:34:42.269,1.55875,1.55894,1.37,1.00
2018.04.27 04:34:42.322,1.55878,1.55894,1.12,1.00
2018.04.27 04:34:42.929,1.55878,1.55893,1.00,1.00
2018.04.27 04:34:44.840,1.55878,1.55892,1.00,1.00
2018.04.27 04:34:44.945,1.55873,1.55891,1.00,1.00
2018.04.27 04:34:57.798,1.55873,1.5589,1.00,1.00
2018.04.27 04:34:58.308,1.55873,1.55889,1.00,1.00
2018.04.27 04:34:58.823,1.55872,1.55889,1.25,1.00
2018.04.27 04:35:00.089,1.5587,1.55889,2.62,1.00
2018.04.27 04:35:00.244,1.55873,1.55889,1.00,1.00
2018.04.27 04:35:21.120,1.55873,1.5589,1.00,1.00
2018.04.27 04:35:31.241,1.55873,1.55889,1.00,1.00
2018.04.27 04:35:33.042,1.55873,1.5589,1.00,1.00
2018.04.27 04:35:33.651,1.55873,1.55889,1.00,1.00
2018.04.27 04:35:39.623,1.55873,1.5589,1.00,1.00
2018.04.27 04:35:39.983,1.55875,1.55888,1.00,1.00
2018.04.27 04:35:40.289,1.55873,1.55886,1.50,1.00
2018.04.27 04:35:41.244,1.55871,1.55885,1.00,1.00
2018.04.27 04:35:42.164,1.55872,1.55885,1.00,1.00
2018.04.27 04:35:42.720,1.55871,1.55885,1.00,1.00
2018.04.27 04:35:48.194,1.55871,1.55884,1.00,1.00
2018.04.27 04:35:48.298,1.55869,1.55884,1.00,1.00
2018.04.27 04:35:48.504,1.5587,1.55885,1.37,1.00
2018.04.27 04:35:48.969,1.55869,1.55884,1.50,1.00
2018.04.27 04:35:49.474,1.55867,1.55884,1.00,1.00
2018.04.27 04:35:51.369,1.55868,1.55884,1.00,1.00
2018.04.27 04:35:51.423,1.55869,1.55882,1.50,1.00
2018.04.27 04:35:51.989,1.55869,1.55883,1.00,1.00
2018.04.27 04:35:56.477,1.55869,1.55887,1.00,1.00
2018.04.27 04:36:00.416,1.55865,1.55887,1.00,2.44
2018.04.27 04:36:00.923,1.55866,1.55887,1.00,1.50
2018.04.27 04:36:01.952,1.55866,1.55886,1.00,1.00
2018.04.27 04:36:02.003,1.55866,1.55884,1.00,1.00
2018.04.27 04:36:02.302,1.55866,1.55887,1.00,1.50
2018.04.27 04:36:02.989,1.55866,1.55886,1.00,1.00
2018.04.27 04:36:03.042,1.55866,1.55884,1.00,1.00
2018.04.27 04:36:03.362,1.55866,1.55887,1.00,1.50
2018.04.27 04:36:04.286,1.55866,1.55884,1.00,1.69
2018.04.27 04:36:05.809,1.55867,1.55887,1.25,1.69
2018.04.27 04:36:05.861,1.55867,1.55887,1.31,1.69
2018.04.27 04:36:05.914,1.55868,1.5589,1.00,1.50
2018.04.27 04:36:05.967,1.5587,1.55892,1.00,2.25
2018.04.27 04:36:06.486,1.55871,1.55892,1.00,2.25
2018.04.27 04:36:06.538,1.55869,1.55892,1.25,2.25
2018.04.27 04:36:08.153,1.55869,1.55891,1.69,1.00
2018.04.27 04:36:08.707,1.55869,1.5589,1.25,1.69
2018.04.27 04:36:10.753,1.55869,1.55889,1.25,1.00
2018.04.27 04:36:11.286,1.55869,1.5589,1.25,1.00
2018.04.27 04:36:12.977,1.55869,1.55891,1.69,1.00
2018.04.27 04:36:13.509,1.55871,1.55891,1.00,1.00
2018.04.27 04:36:15.046,1.55871,1.55889,1.00,1.00
2018.04.27 04:36:15.196,1.55868,1.55889,2.25,1.69
2018.04.27 04:36:15.299,1.55868,1.55891,2.25,2.44
2018.04.27 04:36:15.902,1.5587,1.55891,1.00,1.00
2018.04.27 04:36:15.955,1.55871,1.55893,1.00,1.00
2018.04.27 04:36:16.216,1.55871,1.5589,1.00,1.00
2018.04.27 04:36:16.319,1.55871,1.55892,1.00,1.25
2018.04.27 04:36:16.849,1.55872,1.55893,1.00,1.00
2018.04.27 04:36:17.566,1.55872,1.55892,1.00,1.00
2018.04.27 04:36:18.074,1.55871,1.55892,1.00,1.69
2018.04.27 04:36:18.611,1.55872,1.55892,1.00,1.00
2018.04.27 04:36:19.265,1.55871,1.55892,1.00,2.44
2018.04.27 04:36:19.368,1.55871,1.5589,1.00,1.69
2018.04.27 04:36:19.926,1.55871,1.55892,1.50,1.00
2018.04.27 04:36:22.890,1.55871,1.55891,1.00,2.44
2018.04.27 04:36:24.362,1.55871,1.5589,1.00,1.00
2018.04.27 04:36:26.039,1.55871,1.55892,1.50,1.00
2018.04.27 04:36:26.577,1.55872,1.55892,1.00,1.00
2018.04.27 04:36:26.823,1.55874,1.55896,1.50,1.50
2018.04.27 04:36:27.947,1.55875,1.55894,1.00,1.00
2018.04.27 04:36:28.466,1.55874,1.55894,1.00,1.50
2018.04.27 04:36:30.314,1.55874,1.55893,1.00,1.00
2018.04.27 04:36:32.142,1.55874,1.55894,1.00,2.25
2018.04.27 04:36:32.731,1.55874,1.55893,1.00,1.00
2018.04.27 04:36:33.263,1.55874,1.55894,1.00,2.25
2018.04.27 04:36:35.521,1.55871,1.55893,1.50,1.00
2018.04.27 04:36:35.624,1.55871,1.55891,1.50,1.69
2018.04.27 04:36:36.012,1.55871,1.55894,1.50,1.50
2018.04.27 04:36:39.716,1.55871,1.55893,1.87,1.00
2018.04.27 04:36:45.010,1.55873,1.55893,1.00,1.00
2018.04.27 04:36:47.371,1.55871,1.55893,1.12,1.00
2018.04.27 04:36:51.817,1.55873,1.55893,1.00,1.00
2018.04.27 04:36:57.189,1.55874,1.55896,1.50,1.25
2018.04.27 04:36:57.250,1.55878,1.55897,1.00,1.00
2018.04.27 04:36:57.563,1.55876,1.55898,1.87,1.00
2018.04.27 04:36:58.194,1.55876,1.55897,1.50,1.69
2018.04.27 04:36:58.703,1.55876,1.55898,1.69,1.00
2018.04.27 04:36:59.245,1.55876,1.55899,1.69,1.50
2018.04.27 04:37:00.587,1.55876,1.55898,1.69,1.00
2018.04.27 04:37:01.110,1.55876,1.55897,1.69,1.00
2018.04.27 04:37:02.881,1.55876,1.55899,2.44,1.00
2018.04.27 04:37:04.704,1.55878,1.55899,1.00,1.00
2018.04.27 04:37:04.961,1.55876,1.55898,1.69,1.69
2018.04.27 04:37:05.567,1.55876,1.55899,1.69,1.00
2018.04.27 04:37:06.444,1.55879,1.55899,1.00,1.00
2018.04.27 04:37:07.270,1.55876,1.55899,2.25,1.00
2018.04.27 04:37:07.878,1.55876,1.55899,1.88,1.00
2018.04.27 04:37:08.471,1.55879,1.55899,1.00,1.00
2018.04.27 04:37:09.691,1.55877,1.55899,1.12,1.00
2018.04.27 04:37:10.193,1.55876,1.55899,1.69,1.00
2018.04.27 04:37:10.714,1.55876,1.55897,1.69,1.00
2018.04.27 04:37:10.867,1.55876,1.55899,2.44,1.00
2018.04.27 04:37:11.451,1.55877,1.55899,1.00,1.00
2018.04.27 04:37:11.967,1.55876,1.55899,1.50,1.00
2018.04.27 04:37:13.754,1.55877,1.55899,1.00,1.00
2018.04.27 04:37:14.324,1.55876,1.55899,3.00,1.00
2018.04.27 04:37:14.999,1.55877,1.55899,1.00,1.00
2018.04.27 04:37:15.736,1.55876,1.55899,3.00,1.00
2018.04.27 04:37:16.277,1.55877,1.55899,1.00,1.00
2018.04.27 04:37:16.838,1.55876,1.55899,3.00,1.00
2018.04.27 04:37:17.355,1.55877,1.55899,1.00,1.00
2018.04.27 04:37:17.931,1.55876,1.55899,3.00,1.00
2018.04.27 04:37:18.499,1.55877,1.55899,1.00,1.00
2018.04.27 04:37:19.106,1.55876,1.55899,3.00,1.00
2018.04.27 04:37:19.370,1.55876,1.55897,1.50,1.69
2018.04.27 04:37:20.651,1.55876,1.55899,2.25,1.00
2018.04.27 04:37:21.272,1.55877,1.55899,1.00,1.00
2018.04.27 04:37:21.841,1.55876,1.55899,1.50,1.00
2018.04.27 04:37:22.398,1.55877,1.55899,1.00,1.00
2018.04.27 04:37:23.012,1.55876,1.55899,3.00,1.00
2018.04.27 04:37:23.554,1.55877,1.55899,1.00,1.00
2018.04.27 04:37:24.069,1.55876,1.55899,1.50,1.00
2018.04.27 04:37:32.119,1.55879,1.55899,1.00,1.00
2018.04.27 04:37:32.420,1.55876,1.55899,3.75,1.00
2018.04.27 04:37:32.974,1.55876,1.55899,3.38,1.00
2018.04.27 04:37:37.462,1.55879,1.55899,1.00,1.00
2018.04.27 04:37:39.681,1.55877,1.55899,1.00,1.00
2018.04.27 04:37:41.309,1.55878,1.55899,1.00,1.00
2018.04.27 04:37:42.436,1.55877,1.55899,1.12,1.00
2018.04.27 04:37:46.417,1.55878,1.55899,1.00,1.00
2018.04.27 04:37:47.853,1.55876,1.55899,2.44,1.00
2018.04.27 04:38:03.729,1.55878,1.55898,1.00,1.50
2018.04.27 04:38:03.936,1.55876,1.55897,1.69,1.00
2018.04.27 04:38:04.924,1.55875,1.55897,1.00,1.00
2018.04.27 04:38:05.910,1.55876,1.55897,1.00,1.00
2018.04.27 04:38:12.972,1.55875,1.55897,1.00,1.00
2018.04.27 04:38:13.491,1.55876,1.55897,1.00,1.00
2018.04.27 04:38:14.036,1.55877,1.55897,1.00,1.00
2018.04.27 04:38:14.087,1.55874,1.55897,3.19,1.00
2018.04.27 04:38:16.554,1.55876,1.55897,1.00,1.00
2018.04.27 04:38:17.557,1.55877,1.55897,1.00,1.00
2018.04.27 04:38:23.866,1.55876,1.55898,1.50,1.00
2018.04.27 04:38:27.164,1.55877,1.55898,1.00,1.50
2018.04.27 04:38:27.683,1.55878,1.55898,1.00,1.50
2018.04.27 04:38:31.318,1.55878,1.55897,1.00,1.00
2018.04.27 04:38:36.316,1.55878,1.55896,1.00,1.00
2018.04.27 04:38:36.370,1.55876,1.55895,1.25,1.00
2018.04.27 04:38:36.423,1.55876,1.55893,1.25,1.25
2018.04.27 04:38:36.807,1.55878,1.55895,1.00,1.00
2018.04.27 04:38:37.318,1.55877,1.55893,1.00,1.00
2018.04.27 04:38:37.422,1.55877,1.55896,1.00,1.00
2018.04.27 04:38:37.949,1.55875,1.55895,1.19,1.00
2018.04.27 04:38:38.333,1.55875,1.55893,1.00,1.00
2018.04.27 04:38:38.437,1.55875,1.55895,1.00,1.00
2018.04.27 04:38:39.800,1.55875,1.55894,1.00,1.00
2018.04.27 04:38:40.466,1.55875,1.55895,1.00,1.00
2018.04.27 04:38:40.979,1.55875,1.55897,1.00,1.50
2018.04.27 04:38:45.206,1.55875,1.55896,1.00,1.00
2018.04.27 04:38:48.437,1.55875,1.55897,1.00,1.50
2018.04.27 04:38:53.522,1.55875,1.55895,1.00,1.00
2018.04.27 04:38:54.047,1.55875,1.55894,1.00,1.00
2018.04.27 04:39:01.345,1.55873,1.55894,1.00,1.00
2018.04.27 04:39:09.830,1.55873,1.55895,1.00,1.12
2018.04.27 04:39:16.935,1.55874,1.55895,1.00,1.12
2018.04.27 04:39:20.702,1.55873,1.55895,1.50,1.12
2018.04.27 04:39:22.673,1.55874,1.55895,1.00,1.12
2018.04.27 04:39:25.160,1.55874,1.55896,1.00,1.12
2018.04.27 04:39:28.443,1.55873,1.55896,1.69,1.31
2018.04.27 04:39:31.845,1.55873,1.55895,1.25,1.00
2018.04.27 04:39:32.458,1.55874,1.55896,1.00,1.31
2018.04.27 04:39:37.743,1.55874,1.55897,1.69,1.00
2018.04.27 04:39:39.198,1.55874,1.55897,1.50,1.19
2018.04.27 04:39:45.605,1.55874,1.55897,1.69,1.00
2018.04.27 04:39:46.035,1.55876,1.55896,1.00,2.44
2018.04.27 04:39:46.093,1.55875,1.55898,1.00,4.50
2018.04.27 04:39:46.300,1.55875,1.55896,1.00,1.00
2018.04.27 04:39:46.507,1.55875,1.55898,1.00,2.81
2018.04.27 04:39:47.464,1.55876,1.55898,1.00,2.25
2018.04.27 04:39:49.191,1.55876,1.55897,1.00,1.00
2018.04.27 04:39:52.071,1.55875,1.55897,1.50,1.00
2018.04.27 04:39:53.040,1.55876,1.55897,1.00,1.00
2018.04.27 04:39:54.757,1.55875,1.55897,1.50,1.00
2018.04.27 04:39:56.041,1.55876,1.55897,1.00,1.00
2018.04.27 04:40:00.217,1.55876,1.55894,1.50,1.00
2018.04.27 04:40:00.428,1.55872,1.55893,1.00,1.00
2018.04.27 04:40:01.494,1.55873,1.55893,1.00,1.50
2018.04.27 04:40:03.009,1.55873,1.55894,1.00,1.31
2018.04.27 04:40:06.645,1.55874,1.55894,1.00,1.87
2018.04.27 04:40:09.661,1.55877,1.55896,1.00,2.25
2018.04.27 04:40:09.714,1.55877,1.55896,1.00,1.00
2018.04.27 04:40:09.766,1.55877,1.55898,1.00,3.37
2018.04.27 04:40:10.042,1.55878,1.5589,1.00,1.00
2018.04.27 04:40:10.098,1.55873,1.55887,1.00,1.00
2018.04.27 04:40:10.150,1.55871,1.55887,1.00,1.00
2018.04.27 04:40:10.255,1.55868,1.55886,1.12,1.25
2018.04.27 04:40:10.308,1.55868,1.55884,1.00,1.00
2018.04.27 04:40:10.569,1.55865,1.55886,1.12,1.00
2018.04.27 04:40:11.771,1.55865,1.55885,1.00,1.00
2018.04.27 04:40:12.323,1.55865,1.55886,1.00,1.00
2018.04.27 04:40:12.874,1.55864,1.55886,1.50,1.00
2018.04.27 04:40:13.518,1.55864,1.55885,1.50,1.00
2018.04.27 04:40:14.204,1.55864,1.55886,1.50,1.50
2018.04.27 04:40:23.130,1.55864,1.55885,1.69,1.00
2018.04.27 04:40:23.667,1.55864,1.55886,1.69,1.00
2018.04.27 04:40:36.435,1.55864,1.55885,1.25,1.00
2018.04.27 04:40:37.060,1.55864,1.55886,1.25,2.25
2018.04.27 04:40:40.199,1.55864,1.55883,1.00,1.00
2018.04.27 04:40:43.916,1.55864,1.5588,1.00,1.00
2018.04.27 04:40:43.968,1.55861,1.55879,1.00,1.00
2018.04.27 04:40:44.021,1.55861,1.55876,1.00,1.00
2018.04.27 04:40:45.696,1.55858,1.55876,1.87,1.00
2018.04.27 04:40:51.682,1.55862,1.55882,1.00,1.50
2018.04.27 04:40:54.495,1.55862,1.55885,1.00,3.56
2018.04.27 04:40:55.391,1.55862,1.55884,1.50,1.00
2018.04.27 04:40:57.910,1.55862,1.55883,1.00,1.00
2018.04.27 04:40:57.962,1.55862,1.55881,1.00,1.69
2018.04.27 04:41:02.225,1.55862,1.55885,1.00,2.06
2018.04.27 04:41:03.547,1.55862,1.55881,1.00,1.00
2018.04.27 04:41:04.790,1.55862,1.55885,1.00,2.06
2018.04.27 04:41:05.398,1.55863,1.55885,1.00,1.31
2018.04.27 04:41:08.784,1.55863,1.55882,1.00,1.00
2018.04.27 04:41:13.778,1.55863,1.55885,1.00,1.31
2018.04.27 04:41:13.881,1.55863,1.55881,1.00,1.00
2018.04.27 04:41:14.740,1.55863,1.55882,1.00,1.25
2018.04.27 04:41:14.792,1.55863,1.55885,1.00,1.31
2018.04.27 04:41:15.567,1.55863,1.55883,1.00,1.00
2018.04.27 04:41:16.314,1.55863,1.55882,1.00,1.00
2018.04.27 04:41:17.079,1.55865,1.55882,1.00,1.69
2018.04.27 04:41:17.131,1.55865,1.55885,1.00,1.31
2018.04.27 04:41:17.336,1.55863,1.55885,1.00,1.31
2018.04.27 04:41:17.653,1.55865,1.55885,1.00,1.31
2018.04.27 04:41:18.218,1.55864,1.55885,1.00,1.31
2018.04.27 04:41:18.763,1.55863,1.55885,1.00,1.31
2018.04.27 04:41:25.452,1.55863,1.55884,1.00,1.00
2018.04.27 04:41:25.971,1.55863,1.55885,1.00,1.31
2018.04.27 04:41:30.348,1.55865,1.55886,1.00,2.81
2018.04.27 04:41:30.742,1.55863,1.55884,1.00,1.00
2018.04.27 04:41:31.421,1.55863,1.55885,1.00,2.25
2018.04.27 04:41:31.854,1.55863,1.55882,1.00,1.69
2018.04.27 04:41:32.596,1.55863,1.55886,1.00,2.06
2018.04.27 04:41:35.184,1.55863,1.55882,1.00,1.69
2018.04.27 04:41:35.287,1.55863,1.55886,1.00,3.56
2018.04.27 04:41:35.800,1.55863,1.55884,1.00,1.00
2018.04.27 04:41:36.559,1.55863,1.55885,1.00,2.06
2018.04.27 04:41:37.080,1.55863,1.55884,1.00,1.00
2018.04.27 04:41:38.980,1.55863,1.55885,1.00,3.00
2018.04.27 04:41:40.050,1.55863,1.55884,1.00,1.00
2018.04.27 04:41:40.601,1.55863,1.55883,1.00,1.69
2018.04.27 04:41:41.473,1.55863,1.55882,1.00,1.00
2018.04.27 04:41:42.003,1.55863,1.55883,1.00,1.69
2018.04.27 04:41:43.498,1.55863,1.55884,1.00,1.00
2018.04.27 04:41:46.973,1.55863,1.55885,1.00,2.81
2018.04.27 04:41:50.020,1.55863,1.55885,1.50,1.69
2018.04.27 04:41:50.560,1.55863,1.55885,1.00,2.06
2018.04.27 04:41:51.103,1.55862,1.55885,1.50,2.06
2018.04.27 04:41:57.069,1.55862,1.55884,1.00,1.00
2018.04.27 04:41:57.720,1.55862,1.55883,1.00,1.00
2018.04.27 04:42:19.362,1.55862,1.5588,1.00,1.00
2018.04.27 04:42:19.900,1.55862,1.55879,1.00,1.00
2018.04.27 04:42:20.447,1.55862,1.5588,1.00,1.00
2018.04.27 04:42:28.481,1.55862,1.55879,1.00,1.00
2018.04.27 04:42:31.523,1.55859,1.55879,1.25,1.00
2018.04.27 04:42:32.040,1.55859,1.55878,1.25,1.00
2018.04.27 04:42:44.961,1.55859,1.55878,1.19,1.00
2018.04.27 04:42:50.598,1.55859,1.55878,1.25,1.00
2018.04.27 04:42:51.916,1.55859,1.55878,1.19,1.00
2018.04.27 04:43:02.038,1.55859,1.55882,1.19,1.00
2018.04.27 04:43:02.094,1.55859,1.55879,1.19,1.00
2018.04.27 04:43:02.148,1.55859,1.5588,1.25,1.00
2018.04.27 04:43:02.270,1.55859,1.55877,1.25,1.00
2018.04.27 04:43:02.833,1.5586,1.55877,1.00,1.00
2018.04.27 04:43:03.659,1.55859,1.55877,1.25,1.00
2018.04.27 04:43:04.507,1.5586,1.55877,1.00,1.00
2018.04.27 04:43:05.220,1.55859,1.55877,1.00,1.00
2018.04.27 04:43:07.938,1.55859,1.55876,1.00,1.25
2018.04.27 04:43:08.666,1.55856,1.55876,1.44,1.69
2018.04.27 04:43:09.705,1.55857,1.55877,1.19,1.00
2018.04.27 04:43:16.166,1.55858,1.55876,1.25,1.00
2018.04.27 04:43:16.917,1.55858,1.55875,1.25,1.25
2018.04.27 04:43:21.399,1.55858,1.55879,1.25,2.44
2018.04.27 04:43:21.606,1.55859,1.55879,1.37,1.00
2018.04.27 04:43:21.917,1.55858,1.55879,1.69,1.00
2018.04.27 04:43:26.314,1.55858,1.55879,1.69,1.00
2018.04.27 04:43:27.529,1.55858,1.55879,1.69,1.00
2018.04.27 04:43:30.991,1.55858,1.55878,1.88,1.00
2018.04.27 04:43:36.280,1.55858,1.55879,1.69,1.69
2018.04.27 04:43:39.100,1.55858,1.55879,2.06,2.44
2018.04.27 04:43:40.283,1.55858,1.55877,1.13,1.69
2018.04.27 04:43:40.602,1.55857,1.55875,1.12,1.00
2018.04.27 04:43:41.344,1.55857,1.55874,1.12,1.00
2018.04.27 04:43:41.659,1.55858,1.55871,1.00,1.00
2018.04.27 04:43:41.713,1.55855,1.55871,1.00,1.00
2018.04.27 04:43:41.869,1.55852,1.55871,1.00,1.00
2018.04.27 04:43:42.279,1.55852,1.55869,1.00,1.00
2018.04.27 04:43:42.825,1.55849,1.55868,1.37,1.69
2018.04.27 04:43:43.365,1.5585,1.55869,1.37,1.00
2018.04.27 04:43:44.641,1.55849,1.55867,1.37,1.00
2018.04.27 04:43:44.754,1.55849,1.55869,1.37,1.50
2018.04.27 04:43:52.071,1.55849,1.55867,1.37,1.00
2018.04.27 04:43:52.680,1.55849,1.55868,1.37,1.69
2018.04.27 04:43:53.969,1.55849,1.55867,1.37,1.00
2018.04.27 04:43:55.874,1.55849,1.55867,1.37,1.00
2018.04.27 04:43:57.329,1.55849,1.55868,1.37,1.00
2018.04.27 04:43:59.693,1.55849,1.55868,1.87,1.00
2018.04.27 04:44:00.200,1.55849,1.55869,1.87,1.00
2018.04.27 04:44:00.823,1.55849,1.55869,1.87,1.00
2018.04.27 04:44:04.297,1.55852,1.55869,1.00,1.00
2018.04.27 04:44:06.443,1.55852,1.5587,1.12,1.00
2018.04.27 04:44:08.077,1.55852,1.55869,1.12,1.00
2018.04.27 04:44:18.540,1.5585,1.55856,1.37,1.00
2018.04.27 04:44:18.593,1.55845,1.55861,1.00,1.00
2018.04.27 04:44:18.647,1.55845,1.55863,1.00,1.50
2018.04.27 04:44:18.818,1.55838,1.55859,3.56,1.00
2018.04.27 04:44:19.366,1.55841,1.55858,1.25,1.00
2018.04.27 04:44:21.380,1.55843,1.55858,1.00,1.00
2018.04.27 04:44:21.991,1.55841,1.55858,1.00,1.00
2018.04.27 04:44:22.094,1.55843,1.55858,1.00,1.00
2018.04.27 04:44:23.387,1.55841,1.55854,1.00,1.00
2018.04.27 04:44:23.666,1.55838,1.55852,1.00,1.00
2018.04.27 04:44:25.266,1.55835,1.55852,1.00,1.00
2018.04.27 04:44:27.353,1.55838,1.55852,1.00,1.00
2018.04.27 04:44:27.741,1.55835,1.55852,2.06,1.00
2018.04.27 04:44:28.147,1.55838,1.55855,1.00,1.00
2018.04.27 04:44:28.483,1.55843,1.55856,1.00,1.00
2018.04.27 04:44:28.719,1.55841,1.55856,1.00,1.00
2018.04.27 04:44:28.877,1.55844,1.55857,1.00,1.00
2018.04.27 04:44:28.981,1.55842,1.55857,1.87,1.00
2018.04.27 04:44:29.524,1.55843,1.55857,1.00,1.00
2018.04.27 04:44:31.669,1.55842,1.55857,1.00,1.00
2018.04.27 04:44:33.147,1.55843,1.55859,1.00,1.00
2018.04.27 04:44:33.663,1.55843,1.5586,1.00,1.00
2018.04.27 04:44:44.786,1.55843,1.55858,1.00,1.00
2018.04.27 04:44:44.892,1.55843,1.5586,1.00,1.00
2018.04.27 04:44:45.419,1.55844,1.5586,1.00,1.00
2018.04.27 04:44:46.231,1.55843,1.5586,1.00,1.00
2018.04.27 04:44:46.839,1.55843,1.55859,1.00,1.00
2018.04.27 04:44:47.706,1.55846,1.55859,1.00,1.00
2018.04.27 04:44:47.961,1.55844,1.55859,1.12,1.00
2018.04.27 04:44:48.465,1.55843,1.55859,1.00,1.00
2018.04.27 04:44:49.181,1.55846,1.55859,1.00,1.00
2018.04.27 04:44:49.448,1.55844,1.55859,1.00,1.00
2018.04.27 04:44:50.339,1.55843,1.55859,1.00,1.00
2018.04.27 04:44:52.692,1.55841,1.55859,1.25,1.00
2018.04.27 04:44:52.944,1.55843,1.55859,1.00,1.00
2018.04.27 04:44:53.047,1.55841,1.55859,1.31,1.00
2018.04.27 04:44:54.933,1.55842,1.55859,1.00,1.00
2018.04.27 04:44:55.467,1.55843,1.55859,1.50,1.00
2018.04.27 04:45:00.528,1.55843,1.5586,1.00,1.00
2018.04.27 04:45:02.698,1.55843,1.55862,1.50,1.50
2018.04.27 04:45:02.750,1.55846,1.55862,1.00,1.00
2018.04.27 04:45:02.853,1.55843,1.55862,2.25,1.00
2018.04.27 04:45:03.163,1.55842,1.55859,1.00,1.00
2018.04.27 04:45:03.216,1.55842,1.55861,1.00,1.00
2018.04.27 04:45:03.578,1.55842,1.55863,1.50,1.00
2018.04.27 04:45:04.597,1.55842,1.55862,1.50,1.69
2018.04.27 04:45:05.201,1.55842,1.55863,1.00,1.00
2018.04.27 04:45:05.742,1.55843,1.55864,1.00,1.31
2018.04.27 04:45:10.260,1.55843,1.55863,1.00,1.00
2018.04.27 04:45:12.849,1.55843,1.55864,1.00,1.31
2018.04.27 04:45:15.769,1.55843,1.55861,1.00,1.00
2018.04.27 04:45:15.974,1.55843,1.55863,1.00,1.00
2018.04.27 04:45:17.555,1.55843,1.55864,1.00,1.31
2018.04.27 04:45:18.675,1.55845,1.55864,1.00,1.50
2018.04.27 04:45:27.122,1.55845,1.55863,1.00,1.00
2018.04.27 04:45:27.649,1.55845,1.55862,1.00,1.69
2018.04.27 04:45:28.008,1.55845,1.55864,1.00,2.81
2018.04.27 04:45:31.008,1.55843,1.55864,1.00,3.00
2018.04.27 04:45:31.980,1.55843,1.55863,1.50,1.00
2018.04.27 04:45:32.485,1.55843,1.55864,1.50,1.31
2018.04.27 04:45:40.656,1.55846,1.55864,1.00,1.31
2018.04.27 04:45:40.708,1.55846,1.55866,1.00,1.00
2018.04.27 04:45:41.019,1.55847,1.55864,1.00,1.00
2018.04.27 04:45:41.123,1.55845,1.55865,1.00,1.00
2018.04.27 04:45:48.643,1.55842,1.55864,1.00,1.50
2018.04.27 04:45:49.174,1.55843,1.55863,1.00,1.50
2018.04.27 04:45:50.300,1.55844,1.55863,1.00,1.00
2018.04.27 04:45:51.006,1.55843,1.55863,1.50,1.00
2018.04.27 04:45:56.236,1.55843,1.55864,1.00,2.44
2018.04.27 04:45:57.763,1.55843,1.55863,1.00,1.00
2018.04.27 04:45:59.119,1.55843,1.55864,1.00,1.69
2018.04.27 04:46:00.295,1.55843,1.55863,1.00,1.00
2018.04.27 04:46:00.842,1.55843,1.55864,1.00,2.44
2018.04.27 04:46:02.617,1.55843,1.55863,1.00,1.00
2018.04.27 04:46:03.192,1.55843,1.55864,1.00,2.25
2018.04.27 04:46:03.712,1.55843,1.55863,1.00,2.25
2018.04.27 04:46:04.511,1.55843,1.55862,1.00,1.00
2018.04.27 04:46:06.069,1.55843,1.55863,1.00,2.44
2018.04.27 04:46:09.887,1.55845,1.55863,1.00,1.00
2018.04.27 04:46:12.990,1.55845,1.55864,1.00,1.25
2018.04.27 04:46:13.299,1.55843,1.55862,1.00,1.00
2018.04.27 04:46:13.634,1.55843,1.5586,1.00,1.00
2018.04.27 04:46:14.147,1.55843,1.55861,1.00,1.00
2018.04.27 04:46:14.648,1.55843,1.55862,1.00,1.50
2018.04.27 04:46:23.244,1.5584,1.55862,2.06,1.00
2018.04.27 04:46:29.627,1.55843,1.55863,1.50,1.00
2018.04.27 04:46:29.943,1.55845,1.55863,1.00,1.50
2018.04.27 04:46:30.272,1.55844,1.5586,1.00,1.00
2018.04.27 04:46:30.722,1.55842,1.5586,1.00,1.00
2018.04.27 04:46:32.097,1.55843,1.5586,1.00,1.00
2018.04.27 04:46:39.219,1.55842,1.5586,1.00,1.00
2018.04.27 04:46:40.086,1.55843,1.5586,1.00,1.00
2018.04.27 04:46:40.464,1.55844,1.55863,1.00,1.50
2018.04.27 04:46:40.569,1.55846,1.55863,1.00,1.00
2018.04.27 04:46:40.953,1.55843,1.55863,2.25,1.00
2018.04.27 04:46:42.371,1.55842,1.55862,1.69,2.25
2018.04.27 04:46:43.027,1.55843,1.55862,1.00,2.25
2018.04.27 04:46:45.724,1.55842,1.55862,1.00,1.50
2018.04.27 04:46:47.047,1.55842,1.55861,1.00,1.00
2018.04.27 04:46:51.853,1.55842,1.55862,1.00,1.50
2018.04.27 04:46:52.171,1.55842,1.5586,1.00,1.00
2018.04.27 04:46:52.479,1.55844,1.55861,1.00,1.00
2018.04.27 04:46:52.711,1.55843,1.55863,1.12,1.25
2018.04.27 04:46:52.865,1.55848,1.55864,1.00,1.00
2018.04.27 04:46:53.071,1.55845,1.55864,1.00,1.00
2018.04.27 04:46:53.377,1.55845,1.55862,1.00,1.00
2018.04.27 04:46:53.739,1.55845,1.55864,1.00,1.00
2018.04.27 04:46:53.791,1.55848,1.55864,1.00,1.00
2018.04.27 04:46:55.912,1.55845,1.55864,1.00,1.00
2018.04.27 04:46:56.977,1.55845,1.55862,1.00,1.00
2018.04.27 04:46:57.080,1.55845,1.55864,1.50,1.00
2018.04.27 04:46:58.596,1.55845,1.55863,1.00,1.00
2018.04.27 04:46:58.752,1.55849,1.55865,1.00,1.12
2018.04.27 04:46:58.856,1.55843,1.55863,1.00,1.00
2018.04.27 04:46:58.908,1.5584,1.55859,1.12,1.00
2018.04.27 04:46:59.195,1.55838,1.55859,1.25,1.50
2018.04.27 04:46:59.455,1.55838,1.55857,1.25,1.00
2018.04.27 04:46:59.816,1.55838,1.55859,1.25,1.00
2018.04.27 04:46:59.868,1.5584,1.55859,1.00,1.00
2018.04.27 04:46:59.972,1.55838,1.55859,1.25,1.00
2018.04.27 04:47:00.529,1.55838,1.55858,1.25,1.00
2018.04.27 04:47:00.889,1.55841,1.55859,1.00,1.00
2018.04.27 04:47:00.993,1.55838,1.55859,1.31,1.00
2018.04.27 04:47:01.509,1.55838,1.55858,1.00,1.00
2018.04.27 04:47:02.875,1.55838,1.55859,1.50,1.00
2018.04.27 04:47:07.046,1.55838,1.55858,1.50,1.25
2018.04.27 04:47:07.892,1.55838,1.55859,2.25,1.00
2018.04.27 04:47:13.712,1.5584,1.55859,1.00,1.00
2018.04.27 04:47:14.025,1.55844,1.55862,1.00,1.00
2018.04.27 04:47:14.183,1.55849,1.55868,1.00,1.00
2018.04.27 04:47:14.288,1.5585,1.5587,1.50,1.00
2018.04.27 04:47:14.577,1.55851,1.55872,1.87,2.81
2018.04.27 04:47:15.124,1.55851,1.55871,1.00,1.00
2018.04.27 04:47:15.632,1.5585,1.55872,2.81,1.50
2018.04.27 04:47:16.602,1.55852,1.55872,1.00,1.50
2018.04.27 04:47:19.647,1.55851,1.55872,1.00,1.50
2018.04.27 04:47:19.953,1.55849,1.5587,1.19,1.00
2018.04.27 04:47:20.485,1.55849,1.55869,1.19,1.00
2018.04.27 04:47:21.575,1.55849,1.55869,1.00,1.50
2018.04.27 04:47:30.003,1.5585,1.55869,1.00,1.00
2018.04.27 04:47:30.345,1.55852,1.55869,1.00,1.00
2018.04.27 04:47:32.643,1.55849,1.55869,1.12,1.00
2018.04.27 04:47:33.200,1.5585,1.5587,1.00,1.50
2018.04.27 04:47:33.857,1.5585,1.55871,1.00,1.50
2018.04.27 04:47:35.470,1.55852,1.55871,1.00,1.50
2018.04.27 04:47:35.676,1.5585,1.55871,2.25,1.50
2018.04.27 04:47:36.377,1.55851,1.55871,1.00,1.50
2018.04.27 04:47:36.754,1.55853,1.55871,1.00,1.50
2018.04.27 04:47:37.129,1.55851,1.55871,1.00,1.50
2018.04.27 04:47:38.460,1.55851,1.5587,1.00,1.00
2018.04.27 04:47:39.171,1.55851,1.55869,1.00,1.69
2018.04.27 04:47:39.731,1.55851,1.5587,1.00,1.00
2018.04.27 04:47:40.470,1.5585,1.5587,1.25,1.50
2018.04.27 04:47:40.522,1.55852,1.5587,1.00,1.50
2018.04.27 04:47:41.673,1.5585,1.5587,1.25,1.50
2018.04.27 04:47:41.835,1.5585,1.55868,1.00,2.44
2018.04.27 04:47:41.889,1.55847,1.55868,2.25,1.00
2018.04.27 04:47:41.942,1.55847,1.55866,1.00,1.12
2018.04.27 04:47:41.996,1.55845,1.55866,1.50,1.12
2018.04.27 04:47:42.049,1.55845,1.55865,1.00,1.37
2018.04.27 04:47:43.584,1.55844,1.55862,1.00,1.00
2018.04.27 04:47:44.109,1.55844,1.55865,1.00,1.00
2018.04.27 04:47:44.644,1.55844,1.55866,1.00,2.06
2018.04.27 04:47:45.095,1.55844,1.55861,1.00,1.00
2018.04.27 04:47:45.306,1.55841,1.55862,1.50,1.50
2018.04.27 04:47:45.528,1.55843,1.55861,1.25,2.44
2018.04.27 04:47:45.840,1.55847,1.55864,1.69,1.00
2018.04.27 04:47:45.892,1.55847,1.55866,1.69,1.69
2018.04.27 04:47:46.149,1.5585,1.55866,1.00,1.25
2018.04.27 04:47:46.201,1.55849,1.55869,1.00,1.25
2018.04.27 04:47:47.016,1.55849,1.55868,1.00,1.00
2018.04.27 04:47:47.382,1.55849,1.5587,1.00,1.50
2018.04.27 04:47:48.748,1.55849,1.55868,1.00,1.00
2018.04.27 04:47:48.914,1.55849,1.5587,1.00,3.19
2018.04.27 04:47:49.278,1.55849,1.55867,1.00,1.25
2018.04.27 04:47:49.597,1.55846,1.55866,1.00,1.19
2018.04.27 04:47:50.244,1.55846,1.55863,1.00,1.00
2018.04.27 04:47:50.418,1.55842,1.55863,1.69,2.44
2018.04.27 04:47:51.537,1.55842,1.55861,1.50,1.00
2018.04.27 04:47:52.903,1.55842,1.55864,1.50,1.69
2018.04.27 04:47:55.476,1.55842,1.55863,1.50,1.69
2018.04.27 04:47:58.950,1.55842,1.55862,1.00,1.00
2018.04.27 04:47:59.052,1.55842,1.55864,1.00,2.81
2018.04.27 04:48:01.771,1.55851,1.55865,1.00,1.00
2018.04.27 04:48:01.822,1.55847,1.55865,2.44,1.00
2018.04.27 04:48:01.875,1.55847,1.55867,2.44,1.00
2018.04.27 04:48:01.979,1.5585,1.55871,1.00,3.19
2018.04.27 04:48:04.824,1.5585,1.55868,1.00,1.00
2018.04.27 04:48:04.930,1.55847,1.55867,1.00,3.00
2018.04.27 04:48:05.086,1.55848,1.55869,1.00,1.00
2018.04.27 04:48:05.760,1.55849,1.5587,1.00,1.69
2018.04.27 04:48:07.567,1.55847,1.5587,1.50,1.69
2018.04.27 04:48:08.106,1.5585,1.5587,1.00,1.69
2018.04.27 04:48:10.297,1.5585,1.55869,1.00,1.00
2018.04.27 04:48:10.833,1.5585,1.5587,1.00,1.69
2018.04.27 04:48:11.511,1.55848,1.5587,1.50,1.50
2018.04.27 04:48:11.961,1.5585,1.5587,1.00,1.69
2018.04.27 04:48:12.969,1.55848,1.5587,1.00,1.50
2018.04.27 04:48:13.406,1.5585,1.55869,1.00,1.00
2018.04.27 04:48:13.925,1.55849,1.55869,1.00,1.00
2018.04.27 04:48:14.444,1.55848,1.55869,1.00,1.00
2018.04.27 04:48:16.330,1.55847,1.55869,1.50,1.50
2018.04.27 04:48:19.547,1.55848,1.55869,1.00,1.50
2018.04.27 04:48:19.916,1.5585,1.55869,1.00,1.50
2018.04.27 04:48:20.002,1.55848,1.55869,1.87,1.50
2018.04.27 04:48:20.414,1.5585,1.55869,1.00,1.50
2018.04.27 04:48:30.691,1.55847,1.55868,1.50,1.00
2018.04.27 04:48:31.779,1.55847,1.55869,1.50,1.50
2018.04.27 04:48:32.447,1.55848,1.55869,1.00,1.50
2018.04.27 04:48:33.055,1.55849,1.55869,1.50,2.25
2018.04.27 04:48:34.331,1.55848,1.55869,1.00,1.69
2018.04.27 04:48:34.485,1.55848,1.55866,1.00,1.00
2018.04.27 04:48:34.798,1.55848,1.55869,1.00,1.00
2018.04.27 04:48:40.725,1.55846,1.55869,2.44,1.00
2018.04.27 04:48:43.426,1.55849,1.55869,1.00,1.00
2018.04.27 04:48:45.688,1.55849,1.5587,1.00,1.00
2018.04.27 04:48:46.385,1.55848,1.5587,1.00,2.44
2018.04.27 04:48:49.223,1.5585,1.5587,1.00,1.00
2018.04.27 04:48:55.018,1.5585,1.55869,1.00,1.00
2018.04.27 04:48:55.121,1.55847,1.55869,1.69,1.00
2018.04.27 04:48:55.226,1.5585,1.5587,1.00,2.25
2018.04.27 04:48:55.330,1.55848,1.5587,1.50,1.50
2018.04.27 04:48:55.869,1.55848,1.55869,1.00,1.00
2018.04.27 04:48:56.025,1.5585,1.55869,1.00,1.00
2018.04.27 04:48:56.077,1.55848,1.55869,1.00,1.00
2018.04.27 04:48:56.284,1.55851,1.5587,1.00,1.50
2018.04.27 04:48:56.389,1.55848,1.5587,2.25,1.00
2018.04.27 04:48:56.601,1.5585,1.5587,1.00,1.00
2018.04.27 04:49:02.292,1.5585,1.55869,1.00,1.69
2018.04.27 04:49:03.102,1.5585,1.5587,1.00,1.00
2018.04.27 04:49:03.614,1.5585,1.55869,1.00,1.25
2018.04.27 04:49:04.142,1.5585,1.5587,1.00,1.00
2018.04.27 04:49:06.613,1.5585,1.55869,1.00,1.69
2018.04.27 04:49:07.818,1.5585,1.5587,1.00,1.00
2018.04.27 04:49:15.556,1.55848,1.5587,1.00,1.50
2018.04.27 04:49:21.682,1.55848,1.55869,1.00,1.00
2018.04.27 04:49:22.194,1.55848,1.55868,1.00,1.00
2018.04.27 04:49:26.581,1.55848,1.5587,1.00,2.44
2018.04.27 04:49:26.907,1.55848,1.55868,1.00,1.00
2018.04.27 04:49:39.395,1.55848,1.5587,1.00,2.44
2018.04.27 04:49:39.560,1.55848,1.55868,1.00,1.00
2018.04.27 04:49:56.097,1.55848,1.55867,1.00,1.00
2018.04.27 04:49:56.734,1.55848,1.55868,1.00,1.00
2018.04.27 04:50:00.799,1.55848,1.5587,1.00,1.25
2018.04.27 04:50:01.849,1.55846,1.55868,1.00,1.00
2018.04.27 04:50:02.162,1.55844,1.55866,1.00,3.37
2018.04.27 04:50:03.374,1.55844,1.55865,1.00,1.00
2018.04.27 04:50:03.686,1.55844,1.55862,1.00,1.69
2018.04.27 04:50:03.821,1.55843,1.55865,1.00,1.12
2018.04.27 04:50:04.340,1.55844,1.55865,1.00,1.12
2018.04.27 04:50:04.481,1.55842,1.55865,1.50,1.12
2018.04.27 04:50:05.124,1.55842,1.55864,1.00,1.00
2018.04.27 04:50:05.732,1.55841,1.55864,1.25,1.00
2018.04.27 04:50:06.829,1.55842,1.55864,1.00,1.00
2018.04.27 04:50:09.130,1.55842,1.55862,1.00,1.00
2018.04.27 04:50:09.767,1.55842,1.55864,1.00,1.00
2018.04.27 04:50:13.809,1.55842,1.55862,1.00,1.00
2018.04.27 04:50:14.217,1.55842,1.55864,1.25,1.00
2018.04.27 04:50:22.527,1.55843,1.55866,1.00,1.87
2018.04.27 04:50:23.565,1.55842,1.55866,1.50,1.87
2018.04.27 04:50:23.671,1.55842,1.55863,1.50,1.00
2018.04.27 04:50:24.717,1.55842,1.55865,1.50,1.69
2018.04.27 04:50:25.312,1.55842,1.55863,1.50,1.00
2018.04.27 04:50:25.822,1.55842,1.55865,1.50,1.69
2018.04.27 04:50:28.555,1.55842,1.55866,1.50,2.62
2018.04.27 04:50:28.898,1.55845,1.55868,1.50,1.25
2018.04.27 04:50:41.395,1.55845,1.55869,1.50,1.69
2018.04.27 04:50:42.601,1.55846,1.55869,1.00,1.69
2018.04.27 04:51:06.784,1.55845,1.55868,1.19,1.00
2018.04.27 04:51:14.778,1.55852,1.55868,1.00,1.50
2018.04.27 04:51:20.008,1.55852,1.55873,1.00,1.87
2018.04.27 04:51:20.112,1.55855,1.55873,1.00,1.87
2018.04.27 04:51:21.139,1.55855,1.55873,1.00,1.87
2018.04.27 04:51:24.891,1.55852,1.55873,1.00,1.87
2018.04.27 04:51:24.995,1.55853,1.55875,1.50,1.00
2018.04.27 04:51:25.407,1.55856,1.55877,1.50,1.00
2018.04.27 04:51:25.917,1.55857,1.55878,1.00,1.50
2018.04.27 04:51:26.570,1.55856,1.55877,1.37,1.00
2018.04.27 04:51:27.090,1.55856,1.55878,1.37,2.25
2018.04.27 04:51:31.648,1.55858,1.55878,1.00,1.50
2018.04.27 04:51:31.819,1.55856,1.55878,1.50,1.50
2018.04.27 04:51:33.457,1.55863,1.55878,1.00,1.00
2018.04.27 04:51:33.666,1.55868,1.55884,1.00,1.00
2018.04.27 04:51:33.770,1.55866,1.55884,1.00,1.00
2018.04.27 04:51:33.976,1.55869,1.55884,1.00,1.00
2018.04.27 04:51:34.521,1.55869,1.55883,1.00,1.00
2018.04.27 04:51:37.200,1.55865,1.55883,1.00,1.00
2018.04.27 04:51:37.252,1.55863,1.55883,1.00,1.00
2018.04.27 04:51:37.764,1.55863,1.55882,1.00,1.00
2018.04.27 04:51:38.946,1.55862,1.55882,1.00,1.00
2018.04.27 04:51:39.534,1.55863,1.55882,2.25,1.00
2018.04.27 04:51:39.957,1.55861,1.55882,1.87,1.00
2018.04.27 04:51:40.576,1.55865,1.55882,1.00,1.00
2018.04.27 04:51:40.885,1.55867,1.55882,1.00,1.00
2018.04.27 04:51:41.406,1.55864,1.55882,1.00,1.00
2018.04.27 04:51:41.458,1.55867,1.55882,1.00,1.00
2018.04.27 04:51:41.938,1.55861,1.55882,1.87,1.00
2018.04.27 04:51:42.906,1.55861,1.55883,1.12,1.00
2018.04.27 04:51:43.487,1.55864,1.55883,1.00,1.00
2018.04.27 04:51:44.884,1.55861,1.55883,1.87,1.00
2018.04.27 04:51:45.384,1.55863,1.55883,1.00,1.00
2018.04.27 04:51:45.718,1.55867,1.55883,1.00,1.00
2018.04.27 04:51:46.233,1.55863,1.55883,1.00,1.00
2018.04.27 04:51:46.734,1.55862,1.55883,1.00,1.00
2018.04.27 04:51:47.369,1.55859,1.55883,4.31,1.50
2018.04.27 04:51:47.474,1.5586,1.55881,1.50,1.00
2018.04.27 04:51:48.014,1.55859,1.55881,2.25,1.00
2018.04.27 04:51:48.461,1.55861,1.5588,1.00,1.00
2018.04.27 04:51:48.787,1.55865,1.5588,1.00,1.00
2018.04.27 04:51:49.518,1.5586,1.5588,1.87,1.00
2018.04.27 04:51:50.040,1.5586,1.5588,1.37,1.00
2018.04.27 04:51:51.295,1.5586,1.5588,1.00,1.00
2018.04.27 04:51:52.492,1.55865,1.5588,1.00,1.00
2018.04.27 04:51:56.552,1.55864,1.5588,1.00,1.00
2018.04.27 04:51:57.336,1.55862,1.5588,1.19,1.00
2018.04.27 04:51:58.000,1.55862,1.55882,2.62,1.00
2018.04.27 04:51:58.053,1.55866,1.55882,1.12,1.00
2018.04.27 04:51:58.107,1.55866,1.55885,1.00,1.00
2018.04.27 04:51:58.160,1.55864,1.55885,1.50,1.00
2018.04.27 04:51:58.676,1.55863,1.55886,1.69,1.00
2018.04.27 04:51:58.731,1.55865,1.55886,1.00,1.00
2018.04.27 04:52:01.877,1.55865,1.55884,1.00,1.00
2018.04.27 04:52:11.648,1.55863,1.55884,1.69,1.00
2018.04.27 04:52:12.149,1.55864,1.55883,1.00,1.00
2018.04.27 04:52:12.328,1.55865,1.55885,1.00,1.00
2018.04.27 04:52:18.410,1.55865,1.55887,1.00,1.00
2018.04.27 04:52:26.078,1.55865,1.55885,1.00,1.00
2018.04.27 04:52:26.628,1.55865,1.55885,1.19,1.00
2018.04.27 04:52:28.349,1.55865,1.55885,1.00,1.00
2018.04.27 04:52:28.962,1.55865,1.55884,1.00,1.00
2018.04.27 04:52:32.290,1.55865,1.55885,1.00,1.00
2018.04.27 04:52:33.418,1.55866,1.55885,1.00,1.00
2018.04.27 04:52:34.315,1.55865,1.55885,1.00,1.00
2018.04.27 04:52:35.628,1.55866,1.55885,1.00,1.00
2018.04.27 04:52:36.135,1.55865,1.55885,1.50,1.00
2018.04.27 04:52:39.547,1.55866,1.55885,1.00,1.00
2018.04.27 04:52:40.132,1.55865,1.55885,1.00,1.00
2018.04.27 04:52:43.768,1.55865,1.55886,1.00,1.00
2018.04.27 04:52:45.756,1.55865,1.55886,1.00,1.19
2018.04.27 04:52:46.508,1.55865,1.55886,1.00,1.00
2018.04.27 04:52:53.316,1.55865,1.55884,1.00,1.00
2018.04.27 04:52:56.328,1.55866,1.55884,1.00,1.00
2018.04.27 04:52:57.059,1.55864,1.55886,1.50,1.00
2018.04.27 04:52:58.507,1.55866,1.55886,1.00,1.00
2018.04.27 04:53:01.048,1.55866,1.55884,1.00,1.00
2018.04.27 04:53:01.396,1.55866,1.55886,1.00,1.00
2018.04.27 04:53:01.928,1.55865,1.55886,1.00,1.00
2018.04.27 04:53:02.661,1.55866,1.55886,1.00,1.00
2018.04.27 04:53:03.206,1.55865,1.55886,1.00,1.00
2018.04.27 04:53:09.216,1.55866,1.55886,1.00,1.00
2018.04.27 04:53:10.393,1.55865,1.55886,1.00,1.00
2018.04.27 04:53:10.973,1.55866,1.55886,1.00,1.00
2018.04.27 04:53:11.076,1.55866,1.55884,1.00,1.00
2018.04.27 04:53:13.591,1.55866,1.55887,1.00,1.00
2018.04.27 04:53:16.218,1.55867,1.55887,1.00,1.00
2018.04.27 04:53:17.384,1.55866,1.55887,1.00,1.00
2018.04.27 04:53:17.487,1.55866,1.55884,1.00,1.00
2018.04.27 04:53:21.214,1.55867,1.55884,1.00,1.00
2018.04.27 04:53:21.536,1.55867,1.55887,1.00,1.00
2018.04.27 04:53:22.481,1.55867,1.55886,1.00,1.00
2018.04.27 04:53:27.835,1.55867,1.55885,1.00,1.50
2018.04.27 04:53:32.856,1.55867,1.55887,1.00,1.00
2018.04.27 04:53:33.388,1.55867,1.55888,1.00,1.31
2018.04.27 04:53:35.441,1.55866,1.55889,1.00,1.56
2018.04.27 04:53:36.062,1.55867,1.55888,1.00,1.31
2018.04.27 04:53:36.994,1.55867,1.5589,1.00,1.56
2018.04.27 04:53:39.279,1.55867,1.55887,1.00,1.00
2018.04.27 04:53:39.832,1.55867,1.55889,1.00,1.56
2018.04.27 04:54:09.998,1.55867,1.5589,1.50,2.62
2018.04.27 04:54:29.397,1.55868,1.55891,1.00,3.37
2018.04.27 04:54:29.929,1.55867,1.5589,1.50,1.87
2018.04.27 04:54:30.566,1.55867,1.55889,1.00,1.12
2018.04.27 04:54:35.071,1.55866,1.55889,1.00,1.25
2018.04.27 04:54:35.416,1.55868,1.55889,1.00,1.25
2018.04.27 04:54:49.116,1.55869,1.5589,1.00,1.19
2018.04.27 04:54:49.169,1.55869,1.55892,1.00,1.69
2018.04.27 04:54:49.221,1.55871,1.55893,1.25,2.25
2018.04.27 04:54:53.662,1.55871,1.55894,1.69,1.25
2018.04.27 04:54:54.866,1.55871,1.55894,1.69,1.00
2018.04.27 04:54:55.567,1.55873,1.55894,1.00,1.00
2018.04.27 04:54:59.426,1.55873,1.55893,1.00,1.69
2018.04.27 04:55:00.666,1.55873,1.55894,1.00,1.00
2018.04.27 04:55:01.197,1.55873,1.55895,1.50,1.25
2018.04.27 04:55:01.963,1.55873,1.55894,1.50,1.00
2018.04.27 04:55:02.377,1.55874,1.55891,1.00,1.00
2018.04.27 04:55:02.835,1.55874,1.55897,1.00,3.37
2018.04.27 04:55:02.991,1.55874,1.55892,1.00,1.00
2018.04.27 04:55:03.301,1.55874,1.55895,1.00,1.00
2018.04.27 04:55:03.827,1.55874,1.55896,1.00,1.31
2018.04.27 04:55:05.068,1.55874,1.55895,1.00,1.25
2018.04.27 04:55:06.247,1.55874,1.55894,1.00,1.69
2018.04.27 04:55:08.203,1.55874,1.55895,1.00,1.25
2018.04.27 04:55:11.380,1.55874,1.55894,1.00,1.00
2018.04.27 04:55:11.930,1.55874,1.55895,1.00,1.25
2018.04.27 04:55:12.578,1.55874,1.55894,1.00,1.00
2018.04.27 04:55:13.349,1.55873,1.55893,1.00,1.69
2018.04.27 04:55:18.454,1.55873,1.55896,1.00,2.81
2018.04.27 04:55:21.147,1.55873,1.55894,1.00,1.00
2018.04.27 04:55:21.732,1.55873,1.55893,1.00,1.50
2018.04.27 04:55:26.947,1.55873,1.55892,1.00,1.00
2018.04.27 04:55:27.257,1.5587,1.55892,1.00,1.19
2018.04.27 04:55:27.912,1.55869,1.55891,1.00,1.25
2018.04.27 04:55:28.516,1.55869,1.5589,1.00,1.00
2018.04.27 04:55:28.568,1.55869,1.55887,1.00,1.00
2018.04.27 04:55:28.896,1.55869,1.5589,1.00,1.25
2018.04.27 04:55:29.526,1.55869,1.55891,1.00,1.25
2018.04.27 04:55:31.557,1.5587,1.55891,1.12,1.00
2018.04.27 04:55:32.168,1.5587,1.55892,1.12,1.00
2018.04.27 04:55:34.234,1.55871,1.55892,1.00,1.00
2018.04.27 04:55:35.166,1.55871,1.55894,1.00,3.37
2018.04.27 04:55:43.008,1.55871,1.55893,1.00,1.00
2018.04.27 04:55:47.822,1.55871,1.55894,1.00,3.37
2018.04.27 04:55:51.972,1.55871,1.55893,1.00,1.00
2018.04.27 04:55:54.196,1.55871,1.55892,1.00,1.37
2018.04.27 04:55:56.860,1.55871,1.55893,1.25,1.00
2018.04.27 04:55:57.396,1.55872,1.55895,1.00,2.06
2018.04.27 04:56:00.557,1.55872,1.55891,1.00,1.00
2018.04.27 04:56:00.660,1.55872,1.55894,1.00,1.25
2018.04.27 04:56:04.626,1.55872,1.55892,1.00,1.00
2018.04.27 04:56:05.167,1.55872,1.55893,1.00,1.00
2018.04.27 04:56:05.675,1.55872,1.55895,1.00,1.69
2018.04.27 04:56:09.241,1.55872,1.55893,1.00,1.00
2018.04.27 04:56:09.931,1.55872,1.55894,1.00,3.37
2018.04.27 04:56:11.209,1.55873,1.55894,1.00,1.25
2018.04.27 04:56:48.443,1.55877,1.55894,1.00,1.25
2018.04.27 04:56:48.496,1.55877,1.55896,1.50,1.25
2018.04.27 04:56:48.550,1.55878,1.55901,1.00,1.50
2018.04.27 04:56:48.603,1.5588,1.55902,1.00,1.25
2018.04.27 04:56:49.192,1.55881,1.55902,1.00,1.25
2018.04.27 04:56:50.562,1.55881,1.55903,1.00,2.06
2018.04.27 04:56:53.576,1.55881,1.55903,1.00,2.06
2018.04.27 04:57:03.945,1.55883,1.55902,1.00,1.25
2018.04.27 04:57:04.578,1.55884,1.55902,1.00,1.25
2018.04.27 04:57:06.172,1.55882,1.55902,1.00,1.25
2018.04.27 04:57:09.631,1.55882,1.55902,1.00,1.19
2018.04.27 04:57:14.688,1.55885,1.55903,1.00,1.25
2018.04.27 04:57:15.020,1.55887,1.55905,1.00,2.06
2018.04.27 04:57:15.333,1.55885,1.55902,1.00,1.25
2018.04.27 04:57:17.916,1.55884,1.55903,1.00,1.31
2018.04.27 04:57:20.211,1.55881,1.55902,1.00,1.25
2018.04.27 04:57:21.665,1.55881,1.55902,1.00,2.25
2018.04.27 04:57:22.016,1.55875,1.55896,1.50,1.37
2018.04.27 04:57:22.778,1.55877,1.55896,1.00,1.37
2018.04.27 04:57:23.223,1.55875,1.55896,2.25,1.37
2018.04.27 04:57:24.670,1.55876,1.55896,1.00,1.37
2018.04.27 04:57:25.473,1.55881,1.55896,1.00,1.37
2018.04.27 04:57:26.265,1.55877,1.55895,1.00,1.37
2018.04.27 04:57:26.317,1.55875,1.55895,1.00,1.37
2018.04.27 04:57:29.198,1.55877,1.55895,1.00,1.37
2018.04.27 04:57:29.250,1.55875,1.55895,3.00,1.37
2018.04.27 04:57:29.302,1.55877,1.55895,1.00,1.37
2018.04.27 04:57:29.833,1.55878,1.55896,1.00,1.37
2018.04.27 04:57:30.205,1.5588,1.55895,1.00,1.37
2018.04.27 04:57:30.258,1.55878,1.55895,1.50,1.37
2018.04.27 04:57:31.731,1.55875,1.55895,1.50,1.37
2018.04.27 04:57:32.334,1.55876,1.55895,1.00,1.37
2018.04.27 04:57:32.879,1.55875,1.55895,1.00,1.37
2018.04.27 04:57:33.388,1.55874,1.5589,1.00,1.56
2018.04.27 04:57:33.440,1.55872,1.5589,1.50,1.56
2018.04.27 04:57:33.492,1.55876,1.5589,1.00,1.56
2018.04.27 04:57:33.596,1.55877,1.55892,1.50,1.31
2018.04.27 04:57:33.700,1.55879,1.55889,1.00,1.31
2018.04.27 04:57:33.804,1.55876,1.5589,1.00,1.56
2018.04.27 04:57:33.856,1.55874,1.55889,1.00,1.31
2018.04.27 04:57:34.099,1.5587,1.55889,1.00,1.31
2018.04.27 04:57:34.331,1.55872,1.55889,1.00,1.31
2018.04.27 04:57:34.920,1.55871,1.55889,1.00,1.31
2018.04.27 04:57:35.397,1.55873,1.55888,1.50,1.31
2018.04.27 04:57:37.304,1.55871,1.55888,1.00,1.31
2018.04.27 04:57:38.050,1.5587,1.55888,1.50,1.31
2018.04.27 04:57:38.153,1.55874,1.55888,1.00,1.31
2018.04.27 04:57:41.731,1.55868,1.55888,2.25,1.31
2018.04.27 04:57:42.990,1.55868,1.55888,1.50,1.37
2018.04.27 04:57:47.733,1.55874,1.55888,1.00,1.37
2018.04.27 04:57:47.966,1.55872,1.5589,1.00,2.25
2018.04.27 04:57:48.683,1.55873,1.55889,1.50,1.50
2018.04.27 04:57:49.272,1.55867,1.55887,1.00,1.00
2018.04.27 04:57:49.895,1.55867,1.55888,1.00,1.31
2018.04.27 04:57:50.825,1.55866,1.55888,1.50,1.31
2018.04.27 04:57:51.653,1.55866,1.55887,1.50,1.00
2018.04.27 04:57:54.207,1.55872,1.55887,1.00,1.31
2018.04.27 04:57:54.799,1.55867,1.55887,2.25,1.31
2018.04.27 04:57:54.851,1.55866,1.55887,1.00,1.31
2018.04.27 04:58:04.613,1.55866,1.55886,1.00,1.00
2018.04.27 04:58:19.936,1.55866,1.55887,1.00,1.31
2018.04.27 04:58:22.670,1.55866,1.55886,1.00,1.50
2018.04.27 04:58:30.351,1.55866,1.55888,1.37,1.00
2018.04.27 04:58:30.655,1.55874,1.55892,1.00,1.00
2018.04.27 04:58:30.707,1.55874,1.55894,1.00,1.00
2018.04.27 04:58:43.548,1.55871,1.55894,1.69,1.12
2018.04.27 04:58:44.189,1.55872,1.55894,1.50,1.12
2018.04.27 04:58:50.004,1.55873,1.55894,1.00,1.00
2018.04.27 04:58:50.235,1.5588,1.55895,1.00,1.00
2018.04.27 04:58:50.390,1.55874,1.55896,3.00,2.06
2018.04.27 04:58:50.938,1.55879,1.55896,1.00,2.06
2018.04.27 04:58:51.247,1.55874,1.55896,1.50,1.87
2018.04.27 04:58:54.138,1.5588,1.55896,1.00,1.12
2018.04.27 04:58:54.839,1.55877,1.55896,3.00,1.12
2018.04.27 04:58:54.943,1.55879,1.55896,1.00,1.12
2018.04.27 04:58:55.150,1.55877,1.55896,1.50,1.12
2018.04.27 04:58:56.104,1.55878,1.55897,1.00,1.56
2018.04.27 04:58:56.687,1.55879,1.55897,1.00,1.56
2018.04.27 04:58:57.188,1.55878,1.55897,1.00,1.56
2018.04.27 04:58:57.775,1.55878,1.55897,1.00,1.00
2018.04.27 04:58:58.483,1.55877,1.55898,1.00,1.50
2018.04.27 04:58:59.095,1.55877,1.55897,1.00,1.00
2018.04.27 04:59:00.069,1.55877,1.55898,1.00,1.50
2018.04.27 04:59:00.172,1.55879,1.55897,1.00,1.00
2018.04.27 04:59:00.713,1.55878,1.55897,1.00,1.00
2018.04.27 04:59:08.006,1.55877,1.55897,2.25,1.00
2018.04.27 04:59:10.682,1.55879,1.55897,1.00,1.00
2018.04.27 04:59:11.978,1.55877,1.55897,1.00,1.87
2018.04.27 04:59:12.372,1.55879,1.55898,1.00,1.19
2018.04.27 04:59:12.480,1.55877,1.55897,2.25,1.19
2018.04.27 04:59:12.584,1.55874,1.55896,1.69,1.25
2018.04.27 04:59:14.974,1.55875,1.55896,1.00,1.25
2018.04.27 04:59:15.028,1.55879,1.55896,1.00,1.25
2018.04.27 04:59:15.238,1.55876,1.55896,1.00,1.00
2018.04.27 04:59:15.782,1.55876,1.55895,1.50,1.00
2018.04.27 04:59:16.668,1.55875,1.55895,1.00,1.25
2018.04.27 04:59:17.260,1.55876,1.55895,1.00,1.25
2018.04.27 04:59:19.248,1.55876,1.55895,1.00,1.19
2018.04.27 04:59:19.299,1.55876,1.55896,1.00,1.12
2018.04.27 04:59:19.838,1.55875,1.55895,1.00,2.06
2018.04.27 04:59:21.129,1.55873,1.55895,1.00,2.06
2018.04.27 04:59:21.648,1.55873,1.55894,1.00,1.25
2018.04.27 04:59:22.424,1.55873,1.55893,1.00,1.00
2018.04.27 04:59:25.609,1.55873,1.55895,1.00,1.69
2018.04.27 04:59:26.201,1.55873,1.55893,1.00,1.00
2018.04.27 04:59:27.511,1.55873,1.55895,1.00,1.19
2018.04.27 04:59:28.448,1.55873,1.55892,1.00,1.00
2018.04.27 04:59:28.656,1.55867,1.55887,1.00,1.00
2018.04.27 04:59:28.761,1.55865,1.55887,1.50,1.87
2018.04.27 04:59:31.445,1.55867,1.55885,1.00,1.12
2018.04.27 04:59:31.651,1.55865,1.55885,1.50,1.12
2018.04.27 04:59:32.166,1.55866,1.55887,1.50,2.25
2018.04.27 04:59:32.422,1.55868,1.55887,1.00,2.25
2018.04.27 04:59:33.011,1.55869,1.55887,1.00,2.25
2018.04.27 04:59:33.296,1.55866,1.55887,1.00,1.12
2018.04.27 04:59:33.779,1.5587,1.55888,1.50,1.37
2018.04.27 04:59:34.331,1.55871,1.55887,1.00,1.12
2018.04.27 04:59:35.251,1.55867,1.55888,1.00,1.37
2018.04.27 04:59:45.138,1.55867,1.55888,1.00,1.12
2018.04.27 04:59:45.652,1.55867,1.55887,1.00,1.00
2018.04.27 04:59:46.271,1.55868,1.55887,1.00,1.00
2018.04.27 04:59:47.322,1.55867,1.55888,1.00,1.37
2018.04.27 04:59:50.947,1.55867,1.55888,1.00,1.12
2018.04.27 04:59:51.763,1.55867,1.55886,1.00,1.00
2018.04.27 04:59:51.969,1.55865,1.55887,1.50,1.00
2018.04.27 04:59:52.021,1.55869,1.55887,1.00,1.00
2018.04.27 04:59:52.279,1.55867,1.55886,1.50,1.00
2018.04.27 04:59:52.331,1.55869,1.55886,1.00,1.00
2018.04.27 04:59:52.383,1.55869,1.5589,1.87,2.25
2018.04.27 04:59:52.640,1.55871,1.55887,1.50,1.00
2018.04.27 04:59:52.797,1.55868,1.55888,1.00,1.31
2018.04.27 04:59:53.002,1.55866,1.55888,1.25,2.06
2018.04.27 04:59:53.308,1.55869,1.55888,1.00,1.31
2018.04.27 04:59:53.777,1.55867,1.55887,1.00,1.50
2018.04.27 04:59:53.951,1.55865,1.55887,1.87,1.50
2018.04.27 04:59:54.497,1.55864,1.55886,1.87,1.37
2018.04.27 04:59:54.549,1.55866,1.55886,1.00,1.37
2018.04.27 04:59:56.360,1.55864,1.55885,1.87,1.12
2018.04.27 04:59:58.598,1.55867,1.55885,1.00,1.12
2018.04.27 04:59:58.752,1.55864,1.55885,1.50,1.12
2018.04.27 04:59:58.948,1.55866,1.55885,1.00,1.12
2018.04.27 04:59:59.458,1.55867,1.55885,1.00,1.12
