2015.09.22 10:00:01.077,1.48142,1.48159,1.37,1.00
2015.09.22 10:00:01.179,1.4814,1.48159,1.87,1.00
2015.09.22 10:00:01.281,1.48139,1.48156,1.12,1.00
2015.09.22 10:00:01.382,1.48138,1.48156,1.12,1.00
2015.09.22 10:00:02.197,1.48145,1.48162,1.00,1.87
2015.09.22 10:00:02.248,1.48145,1.48162,1.00,1.12
2015.09.22 10:00:02.705,1.48141,1.48162,2.62,1.12
2015.09.22 10:00:03.483,1.48143,1.48162,1.00,1.12
2015.09.22 10:00:03.991,1.48144,1.48162,1.00,1.12
2015.09.22 10:00:05.124,1.48146,1.48162,1.00,1.12
2015.09.22 10:00:05.784,1.48147,1.48162,1.00,1.12
2015.09.22 10:00:06.257,1.48144,1.48162,1.00,1.12
2015.09.22 10:00:06.460,1.48146,1.48162,1.00,1.50
2015.09.22 10:00:06.836,1.48146,1.4816,1.00,1.00
2015.09.22 10:00:07.090,1.48136,1.48154,1.87,1.00
2015.09.22 10:00:07.597,1.48138,1.48157,1.00,1.50
2015.09.22 10:00:08.110,1.4814,1.48161,1.00,1.87
2015.09.22 10:00:08.262,1.48144,1.48163,1.00,2.70
2015.09.22 10:00:08.466,1.48145,1.48163,1.75,1.12
2015.09.22 10:00:08.822,1.48147,1.48166,1.12,1.50
2015.09.22 10:00:08.974,1.48149,1.48166,1.00,1.37
2015.09.22 10:00:09.499,1.48147,1.48166,1.50,1.12
2015.09.22 10:00:10.142,1.48147,1.48166,1.50,1.37
2015.09.22 10:00:10.395,1.48147,1.48168,1.50,1.50
2015.09.22 10:00:10.497,1.48148,1.48168,1.12,1.12
2015.09.22 10:00:11.278,1.48152,1.4817,1.00,1.50
2015.09.22 10:00:11.786,1.48152,1.4817,1.00,1.00
2015.09.22 10:00:12.302,1.48151,1.4817,1.12,1.00
2015.09.22 10:00:13.060,1.48152,1.4817,1.00,1.00
2015.09.22 10:00:13.650,1.48151,1.4817,1.50,1.12
2015.09.22 10:00:14.158,1.4815,1.4817,1.50,1.37
2015.09.22 10:00:15.715,1.48152,1.4817,1.00,1.37
2015.09.22 10:00:16.425,1.48149,1.48162,1.75,1.37
2015.09.22 10:00:16.479,1.4814,1.48161,1.87,1.50
2015.09.22 10:00:16.734,1.48143,1.48162,1.37,1.75
2015.09.22 10:00:16.835,1.48145,1.48163,1.00,1.87
2015.09.22 10:00:16.887,1.48143,1.48163,1.12,1.87
2015.09.22 10:00:17.040,1.48146,1.48163,1.00,1.87
2015.09.22 10:00:17.597,1.48149,1.48168,1.00,1.12
2015.09.22 10:00:18.234,1.48147,1.48168,1.87,1.12
2015.09.22 10:00:18.690,1.48148,1.48165,1.12,1.00
2015.09.22 10:00:19.095,1.48146,1.48166,1.50,1.00
2015.09.22 10:00:19.501,1.48146,1.48167,1.87,2.25
2015.09.22 10:00:19.915,1.48146,1.48164,1.75,1.00
2015.09.22 10:00:20.751,1.48138,1.48152,1.12,1.10
2015.09.22 10:00:20.803,1.48132,1.48148,1.00,1.00
2015.09.22 10:00:21.111,1.48129,1.48142,1.37,1.00
2015.09.22 10:00:21.315,1.48121,1.48139,1.00,1.00
2015.09.22 10:00:21.367,1.4812,1.48136,1.50,1.00
2015.09.22 10:00:21.941,1.48118,1.48136,1.00,1.00
2015.09.22 10:00:23.667,1.48116,1.48138,1.75,1.95
2015.09.22 10:00:25.288,1.48118,1.48135,1.12,1.00
2015.09.22 10:00:25.796,1.48116,1.48135,1.75,1.00
2015.09.22 10:00:26.620,1.48118,1.48135,1.50,1.00
2015.09.22 10:00:27.445,1.48118,1.48138,1.12,1.00
2015.09.22 10:00:29.129,1.48119,1.48138,1.37,1.37
2015.09.22 10:00:29.230,1.4812,1.48141,1.87,2.25
2015.09.22 10:00:29.653,1.48121,1.48138,1.12,1.00
2015.09.22 10:00:30.468,1.48119,1.48138,2.25,1.00
2015.09.22 10:00:31.560,1.48119,1.48138,1.12,1.37
2015.09.22 10:00:31.978,1.4811,1.4813,1.12,1.37
2015.09.22 10:00:32.030,1.48107,1.48126,1.50,1.00
2015.09.22 10:00:32.563,1.48107,1.48126,1.12,1.50
2015.09.22 10:00:33.206,1.48109,1.48128,1.00,1.50
2015.09.22 10:00:33.257,1.48109,1.48128,1.12,1.00
2015.09.22 10:00:34.440,1.48106,1.48126,1.87,1.12
2015.09.22 10:00:34.491,1.48104,1.48123,1.12,1.00
2015.09.22 10:00:34.845,1.48102,1.48123,1.50,1.50
2015.09.22 10:00:35.210,1.48104,1.4812,1.00,1.00
2015.09.22 10:00:35.261,1.481,1.4812,1.12,1.00
2015.09.22 10:00:35.312,1.48099,1.48118,1.87,1.00
2015.09.22 10:00:35.364,1.48098,1.48118,1.12,1.50
2015.09.22 10:00:35.718,1.48096,1.48117,1.50,1.37
2015.09.22 10:00:35.769,1.48096,1.48117,1.12,1.75
2015.09.22 10:00:36.393,1.48098,1.48118,1.00,1.75
2015.09.22 10:00:36.444,1.48098,1.48118,1.12,1.37
2015.09.22 10:00:36.495,1.48101,1.48122,1.37,1.87
2015.09.22 10:00:36.547,1.48101,1.4812,1.75,1.00
2015.09.22 10:00:36.649,1.48101,1.4812,1.00,1.00
2015.09.22 10:00:37.183,1.48101,1.48122,1.12,1.87
2015.09.22 10:00:37.631,1.48101,1.48122,1.12,1.37
2015.09.22 10:00:38.139,1.48103,1.48122,1.50,1.00
2015.09.22 10:00:38.646,1.48103,1.48122,1.00,1.00
2015.09.22 10:00:39.743,1.48104,1.48122,1.00,1.00
2015.09.22 10:00:39.845,1.48105,1.48124,1.00,1.00
2015.09.22 10:00:39.998,1.48107,1.48126,1.00,1.50
2015.09.22 10:00:40.355,1.48109,1.48126,1.00,1.12
2015.09.22 10:00:40.559,1.48107,1.48128,1.00,2.62
2015.09.22 10:00:40.660,1.48109,1.48128,1.00,1.87
2015.09.22 10:00:41.184,1.48109,1.48128,1.50,1.50
2015.09.22 10:00:41.548,1.48111,1.48128,1.00,1.00
2015.09.22 10:00:41.650,1.48109,1.48128,1.50,1.00
2015.09.22 10:00:42.668,1.48107,1.48128,1.50,1.37
2015.09.22 10:00:43.112,1.48104,1.48126,2.25,1.37
2015.09.22 10:00:43.771,1.48104,1.48125,1.50,1.12
2015.09.22 10:00:43.826,1.48105,1.48125,1.50,1.00
2015.09.22 10:00:44.795,1.48106,1.48125,1.00,1.12
2015.09.22 10:00:45.743,1.48107,1.48128,1.00,2.62
2015.09.22 10:00:45.794,1.48107,1.48128,1.12,2.25
2015.09.22 10:00:46.529,1.48106,1.48128,1.37,2.25
2015.09.22 10:00:48.368,1.48106,1.48127,1.87,1.37
2015.09.22 10:00:48.918,1.48106,1.48127,1.50,1.12
2015.09.22 10:00:49.424,1.48104,1.48126,2.25,1.00
2015.09.22 10:00:49.576,1.48103,1.48124,1.50,1.12
2015.09.22 10:00:50.316,1.48103,1.48123,1.50,1.12
2015.09.22 10:00:50.871,1.48103,1.48123,1.12,1.50
2015.09.22 10:00:51.380,1.48104,1.48126,1.00,2.25
2015.09.22 10:00:51.586,1.48104,1.48125,1.12,1.00
2015.09.22 10:00:52.100,1.48104,1.48126,1.37,1.50
2015.09.22 10:00:52.636,1.48106,1.48128,1.12,2.62
2015.09.22 10:00:53.184,1.48106,1.48126,1.50,1.00
2015.09.22 10:00:54.613,1.48104,1.48127,1.75,2.25
2015.09.22 10:00:54.917,1.48103,1.48125,1.75,2.25
2015.09.22 10:00:55.019,1.48103,1.48123,1.12,1.00
2015.09.22 10:00:55.070,1.48102,1.48121,1.87,1.00
2015.09.22 10:00:57.197,1.48102,1.48122,1.37,1.12
2015.09.22 10:00:57.582,1.481,1.48121,1.87,1.37
2015.09.22 10:00:58.502,1.48101,1.48122,1.75,1.12
2015.09.22 10:00:58.604,1.48103,1.48124,1.50,1.87
2015.09.22 10:00:58.705,1.48104,1.48124,1.00,1.00
2015.09.22 10:00:59.676,1.48102,1.48125,1.75,1.75
2015.09.22 10:00:59.829,1.48102,1.48124,1.00,1.87
2015.09.22 10:00:59.931,1.48098,1.48121,3.00,1.37
2015.09.22 10:01:00.236,1.48097,1.48118,1.50,1.00
2015.09.22 10:01:00.960,1.48097,1.48118,1.37,1.87
2015.09.22 10:01:01.011,1.48095,1.48115,1.37,1.50
2015.09.22 10:01:01.519,1.48097,1.48115,1.00,1.12
2015.09.22 10:01:02.281,1.48097,1.48115,1.12,1.00
2015.09.22 10:01:03.195,1.48099,1.48115,2.25,1.00
2015.09.22 10:01:04.849,1.48099,1.48115,1.37,1.37
2015.09.22 10:01:04.901,1.48093,1.48113,1.75,1.00
2015.09.22 10:01:04.952,1.48093,1.48111,1.37,1.00
2015.09.22 10:01:05.004,1.48091,1.48111,1.37,1.00
2015.09.22 10:01:05.258,1.48094,1.48113,1.00,1.50
2015.09.22 10:01:05.814,1.48093,1.48113,1.12,1.00
2015.09.22 10:01:06.069,1.48099,1.48113,1.00,1.12
2015.09.22 10:01:06.121,1.48099,1.48118,1.37,2.62
2015.09.22 10:01:06.324,1.48099,1.48119,1.12,2.25
2015.09.22 10:01:06.578,1.48101,1.48121,1.37,1.75
2015.09.22 10:01:06.920,1.48103,1.48125,1.12,1.75
2015.09.22 10:01:07.435,1.48102,1.48125,1.75,2.62
2015.09.22 10:01:07.487,1.48103,1.48122,1.00,1.00
2015.09.22 10:01:07.928,1.48101,1.4812,1.37,1.00
2015.09.22 10:01:08.369,1.48102,1.48122,1.00,1.00
2015.09.22 10:01:09.120,1.48102,1.48123,1.12,2.25
2015.09.22 10:01:09.392,1.48102,1.48123,1.37,1.87
2015.09.22 10:01:10.279,1.48102,1.48123,1.50,1.12
2015.09.22 10:01:10.830,1.481,1.48122,1.75,1.00
2015.09.22 10:01:12.456,1.481,1.48122,1.75,1.00
2015.09.22 10:01:12.963,1.48101,1.48122,1.00,1.37
2015.09.22 10:01:14.304,1.481,1.4812,1.12,1.12
2015.09.22 10:01:15.124,1.48099,1.48119,1.00,1.00
2015.09.22 10:01:15.941,1.48098,1.48119,1.37,1.50
2015.09.22 10:01:16.246,1.48091,1.48113,1.12,3.37
2015.09.22 10:01:16.636,1.4809,1.48111,1.00,1.12
2015.09.22 10:01:16.738,1.48088,1.48109,1.12,1.37
2015.09.22 10:01:16.789,1.48088,1.48109,1.12,1.00
2015.09.22 10:01:16.841,1.48089,1.48111,1.37,2.25
2015.09.22 10:01:17.318,1.48092,1.48111,1.00,1.75
2015.09.22 10:01:17.522,1.4809,1.48111,1.12,1.75
2015.09.22 10:01:18.273,1.48091,1.48111,1.00,1.75
2015.09.22 10:01:18.779,1.48088,1.4811,1.75,1.37
2015.09.22 10:01:18.931,1.48088,1.4811,1.50,1.87
2015.09.22 10:01:19.690,1.48088,1.48106,1.37,1.75
2015.09.22 10:01:19.746,1.48082,1.48103,1.12,1.75
2015.09.22 10:01:19.798,1.48081,1.48099,1.75,1.12
2015.09.22 10:01:19.900,1.48079,1.48099,1.12,1.12
2015.09.22 10:01:20.432,1.48077,1.48098,1.87,1.00
2015.09.22 10:01:20.946,1.48078,1.48098,1.50,1.00
2015.09.22 10:01:21.453,1.48081,1.48099,1.12,1.00
2015.09.22 10:01:21.872,1.48079,1.481,1.12,1.75
2015.09.22 10:01:22.572,1.4808,1.481,1.00,1.75
2015.09.22 10:01:22.879,1.48081,1.48101,1.00,1.37
2015.09.22 10:01:23.361,1.4808,1.48098,1.00,1.00
2015.09.22 10:01:23.757,1.48078,1.481,1.12,2.62
2015.09.22 10:01:24.097,1.48082,1.48101,1.00,1.75
2015.09.22 10:01:24.148,1.48082,1.481,1.00,1.00
2015.09.22 10:01:24.200,1.48078,1.481,2.25,1.00
2015.09.22 10:01:24.707,1.48078,1.481,1.37,1.00
2015.09.22 10:01:25.213,1.48078,1.48099,1.50,1.00
2015.09.22 10:01:26.251,1.48078,1.48099,1.00,1.37
2015.09.22 10:01:26.974,1.48079,1.48099,1.00,1.75
2015.09.22 10:01:27.506,1.48077,1.48099,1.50,1.75
2015.09.22 10:01:28.070,1.48077,1.48098,1.50,1.50
2015.09.22 10:01:31.171,1.48077,1.48098,1.00,1.87
2015.09.22 10:01:32.075,1.48076,1.48098,1.12,1.50
2015.09.22 10:01:33.052,1.48076,1.48098,1.87,1.50
2015.09.22 10:01:34.249,1.48076,1.48098,1.12,1.50
2015.09.22 10:01:35.176,1.48079,1.48098,1.00,1.50
2015.09.22 10:01:37.703,1.48076,1.48097,1.87,1.50
2015.09.22 10:01:41.399,1.48076,1.48096,1.00,1.00
2015.09.22 10:01:41.943,1.48075,1.48096,1.12,1.37
2015.09.22 10:01:42.488,1.48075,1.48096,1.37,1.00
2015.09.22 10:01:43.035,1.48077,1.48097,1.37,1.12
2015.09.22 10:01:43.189,1.48078,1.481,1.87,1.12
2015.09.22 10:01:43.292,1.4808,1.48102,2.62,1.50
2015.09.22 10:01:43.445,1.48083,1.48104,1.50,1.50
2015.09.22 10:01:44.024,1.48085,1.48104,1.87,1.00
2015.09.22 10:01:44.178,1.48084,1.48105,1.12,1.12
2015.09.22 10:01:44.229,1.48084,1.48105,1.50,1.50
2015.09.22 10:01:44.384,1.48084,1.48105,1.00,1.12
2015.09.22 10:01:44.915,1.48084,1.48104,1.37,1.50
2015.09.22 10:01:45.722,1.48086,1.48106,1.00,1.87
2015.09.22 10:01:46.838,1.48086,1.48106,1.50,1.50
2015.09.22 10:01:47.344,1.48087,1.48109,1.37,2.25
2015.09.22 10:01:47.751,1.4809,1.4811,1.00,1.50
2015.09.22 10:01:49.336,1.48089,1.48111,1.75,2.25
2015.09.22 10:01:50.444,1.4809,1.4811,1.12,1.37
2015.09.22 10:01:51.677,1.48089,1.48111,1.75,1.87
2015.09.22 10:01:53.219,1.48096,1.48112,1.12,1.37
2015.09.22 10:01:53.371,1.48093,1.48113,1.37,1.00
2015.09.22 10:01:53.525,1.48093,1.48112,1.00,1.37
2015.09.22 10:01:55.501,1.48091,1.48112,1.37,1.12
2015.09.22 10:01:56.090,1.48091,1.48112,1.00,1.12
2015.09.22 10:01:58.295,1.48088,1.48109,1.75,1.12
2015.09.22 10:01:58.864,1.48072,1.48088,2.62,1.00
2015.09.22 10:01:58.915,1.48065,1.48087,1.37,2.25
2015.09.22 10:01:59.017,1.48061,1.48083,1.50,1.37
2015.09.22 10:01:59.119,1.4806,1.48083,1.00,1.87
2015.09.22 10:01:59.632,1.4806,1.48081,1.37,1.50
2015.09.22 10:02:00.350,1.48059,1.48081,1.75,1.50
2015.09.22 10:02:00.503,1.48061,1.48082,1.12,1.12
2015.09.22 10:02:00.808,1.48062,1.48084,1.75,1.37
2015.09.22 10:02:01.739,1.48065,1.48086,1.12,1.75
2015.09.22 10:02:02.240,1.48064,1.48086,1.87,1.75
2015.09.22 10:02:02.555,1.48064,1.48085,1.50,1.00
2015.09.22 10:02:04.340,1.48065,1.48086,1.75,1.50
2015.09.22 10:02:04.645,1.48061,1.48082,1.50,1.87
2015.09.22 10:02:05.148,1.48061,1.48081,1.12,1.00
2015.09.22 10:02:05.777,1.48063,1.48083,1.00,2.25
2015.09.22 10:02:06.139,1.48064,1.48084,1.00,1.50
2015.09.22 10:02:06.957,1.48065,1.48084,1.00,1.12
2015.09.22 10:02:07.805,1.48064,1.48084,1.12,1.00
2015.09.22 10:02:08.597,1.48063,1.48085,2.25,2.62
2015.09.22 10:02:09.120,1.48063,1.48083,1.37,1.37
2015.09.22 10:02:09.873,1.48062,1.48079,1.87,1.00
2015.09.22 10:02:10.224,1.48062,1.48075,1.37,1.12
2015.09.22 10:02:10.277,1.48054,1.48075,1.00,2.25
2015.09.22 10:02:10.826,1.48055,1.48072,1.00,1.12
2015.09.22 10:02:10.877,1.48053,1.48072,1.00,1.50
2015.09.22 10:02:11.682,1.48048,1.48071,1.75,1.75
2015.09.22 10:02:11.734,1.48049,1.48072,1.87,1.12
2015.09.22 10:02:12.039,1.48052,1.48074,1.00,1.75
2015.09.22 10:02:12.447,1.48052,1.48073,1.12,1.37
2015.09.22 10:02:12.929,1.48051,1.48073,1.87,1.12
2015.09.22 10:02:13.440,1.4805,1.48072,1.87,1.75
2015.09.22 10:02:14.219,1.48052,1.48073,1.12,1.37
2015.09.22 10:02:14.281,1.48053,1.48073,1.12,1.37
2015.09.22 10:02:14.794,1.48053,1.48073,1.37,1.37
2015.09.22 10:02:15.250,1.48051,1.48073,1.12,2.25
2015.09.22 10:02:15.599,1.48049,1.48068,1.12,1.12
2015.09.22 10:02:16.005,1.48046,1.48066,1.50,1.00
2015.09.22 10:02:16.056,1.48046,1.48068,3.37,1.37
2015.09.22 10:02:16.259,1.48053,1.48074,1.00,2.25
2015.09.22 10:02:16.361,1.48054,1.48076,1.87,3.00
2015.09.22 10:02:16.413,1.48058,1.48076,1.50,3.00
2015.09.22 10:02:16.464,1.48058,1.48079,2.25,1.50
2015.09.22 10:02:16.566,1.4806,1.48081,1.12,2.25
2015.09.22 10:02:16.890,1.48062,1.48081,1.12,1.12
2015.09.22 10:02:16.942,1.48063,1.48083,1.37,1.00
2015.09.22 10:02:17.298,1.48063,1.48084,1.75,1.12
2015.09.22 10:02:17.450,1.48065,1.48086,1.12,1.00
2015.09.22 10:02:18.212,1.48068,1.48088,1.00,1.50
2015.09.22 10:02:18.456,1.4807,1.4809,1.75,1.37
2015.09.22 10:02:18.558,1.4807,1.48092,1.75,1.37
2015.09.22 10:02:18.660,1.48072,1.48095,1.12,2.62
2015.09.22 10:02:18.761,1.48072,1.48091,1.12,1.00
2015.09.22 10:02:18.964,1.4807,1.4809,1.12,1.00
2015.09.22 10:02:19.066,1.48069,1.48091,1.00,1.87
2015.09.22 10:02:19.494,1.48069,1.4809,1.12,1.00
2015.09.22 10:02:19.760,1.48071,1.48092,1.37,1.00
2015.09.22 10:02:19.862,1.48072,1.48093,1.12,1.12
2015.09.22 10:02:20.115,1.48075,1.48095,1.37,1.87
2015.09.22 10:02:21.059,1.48072,1.48089,1.00,1.75
2015.09.22 10:02:21.110,1.48066,1.48087,1.37,1.50
2015.09.22 10:02:21.162,1.48066,1.48087,1.00,1.87
2015.09.22 10:02:21.418,1.48065,1.48082,1.00,1.00
2015.09.22 10:02:21.520,1.48063,1.48084,1.75,1.12
2015.09.22 10:02:22.830,1.48063,1.48083,2.62,1.00
2015.09.22 10:02:23.339,1.48065,1.48084,1.00,1.00
2015.09.22 10:02:24.390,1.48064,1.48086,2.25,1.50
2015.09.22 10:02:24.492,1.48066,1.48086,2.25,1.00
2015.09.22 10:02:24.594,1.48067,1.48088,1.75,1.12
2015.09.22 10:02:24.645,1.48069,1.48088,2.25,1.00
2015.09.22 10:02:24.747,1.48071,1.48094,1.12,1.87
2015.09.22 10:02:24.798,1.48072,1.48094,1.12,1.50
2015.09.22 10:02:25.352,1.48082,1.48098,1.75,1.37
2015.09.22 10:02:25.403,1.48083,1.48103,1.12,1.50
2015.09.22 10:02:25.505,1.48081,1.48101,1.12,1.75
2015.09.22 10:02:25.556,1.48077,1.48099,1.50,1.12
2015.09.22 10:02:25.810,1.48075,1.48096,1.50,1.37
2015.09.22 10:02:25.861,1.48073,1.48096,1.87,1.87
2015.09.22 10:02:26.013,1.48072,1.48094,1.50,1.87
2015.09.22 10:02:26.064,1.48072,1.48094,1.00,2.25
2015.09.22 10:02:26.970,1.48069,1.48092,2.25,1.75
2015.09.22 10:02:27.326,1.48069,1.48091,1.87,1.87
2015.09.22 10:02:27.630,1.48057,1.4808,1.12,1.87
2015.09.22 10:02:28.147,1.48057,1.48078,1.37,1.12
2015.09.22 10:02:28.860,1.48057,1.48078,1.75,1.12
2015.09.22 10:02:29.013,1.48061,1.48079,1.37,1.00
2015.09.22 10:02:29.856,1.48061,1.48082,1.12,1.12
2015.09.22 10:02:30.570,1.4806,1.48082,1.12,1.75
2015.09.22 10:02:30.672,1.48062,1.48083,1.75,1.12
2015.09.22 10:02:30.775,1.48063,1.48084,1.87,1.50
2015.09.22 10:02:30.878,1.48065,1.48085,1.87,1.50
2015.09.22 10:02:31.385,1.48064,1.48083,1.00,1.12
2015.09.22 10:02:31.487,1.4806,1.48079,1.50,1.00
2015.09.22 10:02:31.588,1.48059,1.48079,1.00,1.37
2015.09.22 10:02:31.691,1.48057,1.48078,1.50,1.87
2015.09.22 10:02:31.793,1.48055,1.48076,1.50,1.37
2015.09.22 10:02:32.199,1.48053,1.48076,1.87,2.25
2015.09.22 10:02:32.623,1.48047,1.48069,1.87,1.50
2015.09.22 10:02:32.777,1.48051,1.48072,1.00,1.75
2015.09.22 10:02:33.083,1.48057,1.48071,1.00,1.00
2015.09.22 10:02:33.769,1.48054,1.48076,2.25,2.25
2015.09.22 10:02:33.820,1.48055,1.48076,1.50,1.50
2015.09.22 10:02:34.549,1.48055,1.48073,1.37,1.00
2015.09.22 10:02:35.001,1.48054,1.48071,1.87,1.00
2015.09.22 10:02:35.401,1.48054,1.48073,1.37,1.00
2015.09.22 10:02:37.618,1.48054,1.48073,1.75,1.00
2015.09.22 10:02:37.720,1.48055,1.48074,1.75,1.00
2015.09.22 10:02:37.822,1.48055,1.48073,1.75,1.00
2015.09.22 10:02:37.923,1.48055,1.48071,1.00,1.00
2015.09.22 10:02:38.386,1.48052,1.48069,1.00,1.87
2015.09.22 10:02:38.437,1.4805,1.48069,1.12,1.87
2015.09.22 10:02:38.488,1.4805,1.48071,2.25,1.12
2015.09.22 10:02:38.589,1.4805,1.48071,2.62,1.12
2015.09.22 10:02:39.027,1.48052,1.48073,1.00,1.12
2015.09.22 10:02:39.331,1.48054,1.48076,1.37,1.37
2015.09.22 10:02:40.014,1.48054,1.48073,1.00,1.50
2015.09.22 10:02:40.217,1.48049,1.48068,1.12,1.37
2015.09.22 10:02:40.987,1.48047,1.48066,1.12,1.00
2015.09.22 10:02:41.038,1.48045,1.48066,1.12,1.37
2015.09.22 10:02:41.365,1.48043,1.48061,1.37,1.00
2015.09.22 10:02:41.418,1.48042,1.48059,1.12,1.12
2015.09.22 10:02:41.521,1.48039,1.48059,1.12,1.87
2015.09.22 10:02:41.929,1.48039,1.48057,1.00,1.87
2015.09.22 10:02:44.264,1.48039,1.48052,1.00,1.00
2015.09.22 10:02:44.518,1.48037,1.48053,1.50,1.00
2015.09.22 10:02:46.962,1.48039,1.48052,1.00,1.00
2015.09.22 10:02:47.472,1.48039,1.48054,1.00,1.50
2015.09.22 10:02:48.013,1.48039,1.48052,1.00,1.00
2015.09.22 10:02:48.515,1.48039,1.48055,1.00,1.37
2015.09.22 10:02:48.567,1.4804,1.48055,1.00,1.00
2015.09.22 10:02:48.719,1.48043,1.4806,1.37,1.12
2015.09.22 10:02:48.922,1.48045,1.48066,1.50,1.87
2015.09.22 10:02:49.024,1.48045,1.48065,1.12,1.75
2015.09.22 10:02:49.861,1.48043,1.48061,1.00,1.12
2015.09.22 10:02:50.037,1.48041,1.48059,1.00,1.87
2015.09.22 10:02:50.138,1.48041,1.48059,1.00,1.87
2015.09.22 10:02:50.291,1.48039,1.48058,1.00,2.25
2015.09.22 10:02:50.342,1.48039,1.48053,1.00,1.00
2015.09.22 10:02:50.444,1.48039,1.48056,1.00,1.87
2015.09.22 10:02:51.071,1.48039,1.48055,1.00,1.12
2015.09.22 10:02:51.279,1.48039,1.48052,1.00,1.00
2015.09.22 10:02:51.583,1.48039,1.48055,1.00,1.87
2015.09.22 10:02:51.939,1.48039,1.48057,1.00,1.12
2015.09.22 10:02:52.921,1.48039,1.48056,1.12,1.00
2015.09.22 10:02:52.973,1.48039,1.48052,1.00,1.00
2015.09.22 10:02:53.279,1.48037,1.4805,1.00,1.37
2015.09.22 10:02:53.733,1.48037,1.48048,1.00,1.37
2015.09.22 10:02:53.784,1.48029,1.48046,1.75,1.00
2015.09.22 10:02:53.836,1.48029,1.48046,1.00,1.00
2015.09.22 10:02:53.887,1.48029,1.48044,1.00,1.00
2015.09.22 10:02:54.267,1.48034,1.48044,1.00,1.00
2015.09.22 10:02:54.321,1.48039,1.4805,1.00,1.00
2015.09.22 10:02:55.678,1.48039,1.48051,1.12,1.00
2015.09.22 10:02:56.313,1.48039,1.4805,1.50,1.00
2015.09.22 10:02:56.415,1.48039,1.48052,1.50,1.00
2015.09.22 10:02:56.466,1.48042,1.48052,1.00,1.00
2015.09.22 10:02:56.669,1.48047,1.48058,1.00,1.00
2015.09.22 10:02:56.772,1.48047,1.4806,1.00,1.00
2015.09.22 10:02:57.528,1.48047,1.48061,1.00,1.00
2015.09.22 10:02:59.341,1.48042,1.48058,1.00,1.00
2015.09.22 10:02:59.850,1.48042,1.48057,1.00,1.00
2015.09.22 10:03:00.053,1.48043,1.48059,1.00,1.00
2015.09.22 10:03:00.616,1.48043,1.48061,1.50,1.00
2015.09.22 10:03:00.823,1.48043,1.48063,1.50,1.50
2015.09.22 10:03:00.874,1.48046,1.48063,1.00,1.50
2015.09.22 10:03:01.180,1.48046,1.48062,1.00,1.87
2015.09.22 10:03:02.393,1.48046,1.4806,1.00,1.00
2015.09.22 10:03:02.478,1.48043,1.4806,1.37,1.00
2015.09.22 10:03:02.529,1.48042,1.4806,1.00,1.00
2015.09.22 10:03:02.581,1.4804,1.48057,1.87,1.00
2015.09.22 10:03:02.684,1.48038,1.48057,2.62,1.00
2015.09.22 10:03:02.785,1.48038,1.48055,1.12,1.00
2015.09.22 10:03:02.938,1.48034,1.48054,2.25,1.12
2015.09.22 10:03:02.989,1.48034,1.4805,1.50,1.00
2015.09.22 10:03:03.369,1.48036,1.4805,1.00,1.12
2015.09.22 10:03:03.420,1.48032,1.4805,1.12,1.12
2015.09.22 10:03:03.633,1.48027,1.48043,1.50,1.00
2015.09.22 10:03:03.684,1.48023,1.48043,1.12,1.12
2015.09.22 10:03:03.735,1.48023,1.48039,1.12,1.00
2015.09.22 10:03:03.786,1.48021,1.48039,1.87,1.37
2015.09.22 10:03:03.990,1.48021,1.48038,1.00,1.50
2015.09.22 10:03:04.041,1.48021,1.48036,1.00,1.00
2015.09.22 10:03:04.593,1.48021,1.48037,1.00,1.00
2015.09.22 10:03:04.900,1.48029,1.48043,1.00,1.00
2015.09.22 10:03:05.002,1.48025,1.48043,1.00,1.00
2015.09.22 10:03:05.053,1.48023,1.48041,1.75,1.00
2015.09.22 10:03:05.205,1.48021,1.48041,1.00,1.87
2015.09.22 10:03:05.722,1.48021,1.48038,1.00,1.12
2015.09.22 10:03:06.309,1.48019,1.48038,1.00,1.12
2015.09.22 10:03:06.361,1.48016,1.48035,1.87,1.00
2015.09.22 10:03:07.016,1.48017,1.48034,1.00,1.12
2015.09.22 10:03:07.386,1.4802,1.48034,1.00,1.00
2015.09.22 10:03:07.694,1.48022,1.48036,1.00,1.00
2015.09.22 10:03:07.745,1.48019,1.48036,1.50,1.00
2015.09.22 10:03:07.796,1.48019,1.48038,1.50,1.12
2015.09.22 10:03:08.505,1.48019,1.48039,1.87,1.87
2015.09.22 10:03:09.815,1.48029,1.48039,1.00,1.87
2015.09.22 10:03:09.967,1.48027,1.48046,1.00,1.12
2015.09.22 10:03:10.019,1.48031,1.48043,1.00,1.00
2015.09.22 10:03:10.122,1.48028,1.48046,1.00,1.50
2015.09.22 10:03:10.275,1.48023,1.48045,1.12,1.00
2015.09.22 10:03:10.326,1.48023,1.48041,1.12,1.00
2015.09.22 10:03:10.632,1.48022,1.48037,1.00,1.12
2015.09.22 10:03:11.142,1.48022,1.48037,1.00,2.25
2015.09.22 10:03:13.207,1.48017,1.48037,1.50,1.50
2015.09.22 10:03:13.739,1.48019,1.48037,1.00,1.00
2015.09.22 10:03:14.494,1.48019,1.48039,1.12,3.00
2015.09.22 10:03:14.648,1.48019,1.48039,1.37,2.62
2015.09.22 10:03:15.189,1.48021,1.4804,1.12,1.12
2015.09.22 10:03:15.240,1.48021,1.48042,1.50,2.25
2015.09.22 10:03:15.641,1.48023,1.48044,1.50,3.37
2015.09.22 10:03:15.901,1.4803,1.48044,1.00,3.00
2015.09.22 10:03:15.952,1.48027,1.48044,1.00,2.25
2015.09.22 10:03:16.003,1.48031,1.48046,1.00,1.12
2015.09.22 10:03:16.104,1.48031,1.48049,1.00,1.50
2015.09.22 10:03:16.156,1.48028,1.48048,1.50,1.12
2015.09.22 10:03:16.207,1.48028,1.48048,2.25,1.00
2015.09.22 10:03:16.309,1.48025,1.48045,1.87,1.00
2015.09.22 10:03:16.512,1.48022,1.48043,1.50,1.37
2015.09.22 10:03:17.054,1.4802,1.4804,1.37,1.00
2015.09.22 10:03:17.105,1.48015,1.48037,1.95,1.50
2015.09.22 10:03:17.156,1.48015,1.48034,1.20,1.00
2015.09.22 10:03:17.309,1.48011,1.4803,1.00,1.00
2015.09.22 10:03:17.411,1.4801,1.4803,1.12,1.12
2015.09.22 10:03:17.564,1.48007,1.48029,1.87,1.50
2015.09.22 10:03:18.317,1.48006,1.48027,1.87,1.37
2015.09.22 10:03:18.368,1.48012,1.4803,1.00,1.87
2015.09.22 10:03:18.811,1.48012,1.48031,1.00,1.12
2015.09.22 10:03:19.175,1.48015,1.48031,1.12,1.12
2015.09.22 10:03:19.641,1.48015,1.48035,1.50,1.50
2015.09.22 10:03:19.743,1.48012,1.48035,1.87,2.25
2015.09.22 10:03:19.795,1.48012,1.48033,1.12,1.12
2015.09.22 10:03:19.846,1.48012,1.48031,1.00,1.37
2015.09.22 10:03:21.271,1.4801,1.4803,1.37,1.87
2015.09.22 10:03:21.772,1.4801,1.4803,1.37,1.87
2015.09.22 10:03:22.401,1.48014,1.48031,1.12,1.12
2015.09.22 10:03:22.602,1.48016,1.48035,1.00,2.25
2015.09.22 10:03:22.703,1.48017,1.48038,1.12,3.37
2015.09.22 10:03:22.907,1.48021,1.48038,1.00,2.25
2015.09.22 10:03:23.161,1.48018,1.48037,1.37,1.12
2015.09.22 10:03:23.744,1.48018,1.48033,1.00,1.50
2015.09.22 10:03:23.800,1.48012,1.48033,1.50,1.50
2015.09.22 10:03:23.851,1.4801,1.48029,1.37,1.12
2015.09.22 10:03:23.902,1.48008,1.48029,1.37,1.50
2015.09.22 10:03:24.004,1.48006,1.48025,3.00,1.00
2015.09.22 10:03:24.308,1.4801,1.48024,1.00,1.00
2015.09.22 10:03:24.918,1.48025,1.4804,1.00,1.87
2015.09.22 10:03:25.020,1.48025,1.48041,1.12,1.00
2015.09.22 10:03:25.071,1.48028,1.48041,1.00,1.00
2015.09.22 10:03:25.174,1.48028,1.48044,1.00,1.12
2015.09.22 10:03:25.277,1.48028,1.48042,1.00,1.00
2015.09.22 10:03:25.378,1.48029,1.48046,1.00,1.87
2015.09.22 10:03:25.480,1.48032,1.48047,1.00,1.12
2015.09.22 10:03:25.532,1.48032,1.48049,1.00,2.25
2015.09.22 10:03:26.035,1.48033,1.4805,1.00,1.37
2015.09.22 10:03:26.592,1.48031,1.48049,1.00,1.50
2015.09.22 10:03:27.743,1.48028,1.48049,1.50,1.37
2015.09.22 10:03:28.263,1.48028,1.48049,1.50,2.25
2015.09.22 10:03:29.405,1.48026,1.48047,1.75,1.75
2015.09.22 10:03:29.558,1.48026,1.48047,1.37,1.87
2015.09.22 10:03:29.711,1.48025,1.48043,1.87,1.00
2015.09.22 10:03:29.763,1.48025,1.48043,1.00,1.12
2015.09.22 10:03:29.866,1.48023,1.48043,1.00,1.12
2015.09.22 10:03:29.918,1.48022,1.48039,1.00,1.12
2015.09.22 10:03:30.526,1.48022,1.48039,1.00,1.75
2015.09.22 10:03:30.581,1.48022,1.48039,1.00,1.00
2015.09.22 10:03:31.111,1.48025,1.4804,1.00,1.12
2015.09.22 10:03:32.039,1.48022,1.4804,1.00,1.75
2015.09.22 10:03:32.648,1.48022,1.4804,1.00,1.12
2015.09.22 10:03:32.954,1.48024,1.4804,1.00,1.12
2015.09.22 10:03:33.055,1.48024,1.4804,1.00,1.00
2015.09.22 10:03:33.413,1.48026,1.48042,1.00,1.12
2015.09.22 10:03:33.515,1.48024,1.48042,1.12,1.12
2015.09.22 10:03:33.617,1.48024,1.48042,1.37,1.12
2015.09.22 10:03:34.135,1.48024,1.48042,1.37,1.12
2015.09.22 10:03:35.193,1.48022,1.4804,1.12,1.00
2015.09.22 10:03:35.345,1.48022,1.48039,1.12,1.37
2015.09.22 10:03:37.039,1.48022,1.48039,1.12,1.75
2015.09.22 10:03:37.243,1.48016,1.48037,1.37,1.37
2015.09.22 10:03:37.346,1.48013,1.48034,1.12,1.12
2015.09.22 10:03:37.449,1.48011,1.4803,1.50,1.00
2015.09.22 10:03:37.654,1.48011,1.4803,1.12,1.00
2015.09.22 10:03:38.630,1.48009,1.4803,1.37,1.37
2015.09.22 10:03:38.681,1.48009,1.4803,1.12,1.12
2015.09.22 10:03:39.469,1.48007,1.48027,2.25,1.12
2015.09.22 10:03:39.571,1.48005,1.48024,1.75,1.00
2015.09.22 10:03:39.927,1.48003,1.48024,1.12,1.37
2015.09.22 10:03:40.130,1.48003,1.48021,1.12,1.00
2015.09.22 10:03:40.383,1.48001,1.4802,1.12,1.12
2015.09.22 10:03:40.847,1.47995,1.48015,1.00,1.75
2015.09.22 10:03:41.212,1.47995,1.48013,1.00,1.75
2015.09.22 10:03:41.263,1.47995,1.48015,1.00,2.25
2015.09.22 10:03:41.364,1.47995,1.48013,1.00,1.12
2015.09.22 10:03:41.826,1.4799,1.48011,1.12,1.12
2015.09.22 10:03:41.877,1.47988,1.48009,1.37,1.37
2015.09.22 10:03:41.928,1.47987,1.48007,1.00,1.12
2015.09.22 10:03:42.269,1.47983,1.47998,1.12,1.12
2015.09.22 10:03:42.321,1.47981,1.47998,1.00,1.12
2015.09.22 10:03:42.473,1.47975,1.47998,2.62,1.12
2015.09.22 10:03:42.575,1.47975,1.47995,1.00,1.00
2015.09.22 10:03:42.828,1.47979,1.47995,1.00,1.00
2015.09.22 10:03:42.981,1.47979,1.47998,1.00,1.00
2015.09.22 10:03:43.372,1.47979,1.47995,1.00,1.00
2015.09.22 10:03:43.475,1.47975,1.47995,1.00,1.75
2015.09.22 10:03:43.981,1.47975,1.47996,1.50,1.50
2015.09.22 10:03:44.758,1.4798,1.47998,1.00,1.50
2015.09.22 10:03:44.975,1.4798,1.47999,1.00,1.12
2015.09.22 10:03:46.409,1.4798,1.48,1.00,1.87
2015.09.22 10:03:46.461,1.4798,1.48,1.00,1.50
2015.09.22 10:03:46.512,1.47979,1.47995,1.00,1.00
2015.09.22 10:03:46.769,1.47968,1.47989,1.50,1.37
2015.09.22 10:03:46.872,1.47968,1.4799,1.75,1.12
2015.09.22 10:03:47.077,1.47967,1.47988,1.00,1.87
2015.09.22 10:03:47.605,1.47966,1.47988,1.50,1.12
2015.09.22 10:03:48.366,1.47966,1.47988,1.50,1.87
2015.09.22 10:03:48.784,1.47968,1.47988,1.50,1.87
2015.09.22 10:03:48.888,1.47971,1.47988,1.00,1.50
2015.09.22 10:03:49.402,1.47971,1.47987,1.00,1.00
2015.09.22 10:03:50.051,1.47973,1.47991,1.37,1.12
2015.09.22 10:03:50.108,1.47978,1.47996,1.00,1.00
2015.09.22 10:03:50.722,1.47978,1.47997,1.50,1.00
2015.09.22 10:03:50.962,1.47985,1.47998,1.00,1.37
2015.09.22 10:03:51.063,1.4798,1.48,1.12,2.25
2015.09.22 10:03:51.398,1.47984,1.48005,1.00,2.25
2015.09.22 10:03:51.703,1.47989,1.48006,1.00,1.00
2015.09.22 10:03:52.093,1.47985,1.48006,1.87,1.00
2015.09.22 10:03:52.145,1.47985,1.48004,1.87,1.00
2015.09.22 10:03:52.297,1.47983,1.48002,1.12,1.37
2015.09.22 10:03:52.889,1.47983,1.48002,1.00,1.50
2015.09.22 10:03:52.991,1.47983,1.48,1.00,1.12
2015.09.22 10:03:53.093,1.47978,1.47998,1.12,1.12
2015.09.22 10:03:53.195,1.47975,1.47994,1.00,2.25
2015.09.22 10:03:53.499,1.47973,1.47991,1.12,1.12
2015.09.22 10:03:54.498,1.47968,1.4799,1.12,1.75
2015.09.22 10:03:54.602,1.47966,1.47985,1.00,1.37
2015.09.22 10:03:54.805,1.47965,1.47981,1.00,1.50
2015.09.22 10:03:55.472,1.47965,1.47985,1.87,1.00
2015.09.22 10:03:55.575,1.47965,1.47986,1.75,1.00
2015.09.22 10:03:55.626,1.47969,1.47986,1.12,1.37
2015.09.22 10:03:56.284,1.47969,1.47988,1.00,1.87
2015.09.22 10:03:56.829,1.4797,1.4799,1.12,1.12
2015.09.22 10:03:56.983,1.4797,1.47991,1.12,1.75
2015.09.22 10:03:57.288,1.47974,1.47991,1.00,1.75
2015.09.22 10:03:57.925,1.47974,1.47991,1.00,1.12
2015.09.22 10:03:59.884,1.47975,1.47991,1.00,1.12
2015.09.22 10:03:59.935,1.47975,1.47995,1.50,2.25
2015.09.22 10:03:59.986,1.47978,1.47994,1.00,1.00
2015.09.22 10:04:00.189,1.47978,1.47997,1.87,1.00
2015.09.22 10:04:00.657,1.47978,1.48,2.25,1.12
2015.09.22 10:04:00.809,1.47978,1.48,1.50,1.50
2015.09.22 10:04:01.591,1.47978,1.48,1.87,1.50
2015.09.22 10:04:02.003,1.47983,1.48,1.00,1.50
2015.09.22 10:04:02.105,1.47983,1.48001,1.00,2.25
2015.09.22 10:04:05.729,1.47983,1.48002,1.50,1.75
2015.09.22 10:04:07.513,1.47979,1.47999,1.12,1.12
2015.09.22 10:04:07.718,1.47977,1.47995,1.00,1.75
2015.09.22 10:04:08.135,1.47977,1.47993,1.37,1.12
2015.09.22 10:04:08.186,1.47978,1.47995,1.37,1.12
2015.09.22 10:04:08.339,1.47981,1.47997,1.00,1.75
2015.09.22 10:04:08.644,1.47992,1.48001,1.00,1.75
2015.09.22 10:04:08.747,1.47993,1.48008,1.00,1.75
2015.09.22 10:04:09.563,1.47993,1.48009,1.00,1.87
2015.09.22 10:04:09.665,1.4799,1.48009,1.12,1.75
2015.09.22 10:04:09.716,1.47988,1.48003,1.12,1.00
2015.09.22 10:04:10.020,1.47985,1.48,1.50,1.75
2015.09.22 10:04:10.274,1.47981,1.47999,1.00,2.25
2015.09.22 10:04:10.858,1.47973,1.47994,2.25,1.12
2015.09.22 10:04:10.910,1.47973,1.47992,1.37,1.75
2015.09.22 10:04:11.063,1.47963,1.47986,2.25,2.62
2015.09.22 10:04:11.216,1.47962,1.47984,1.50,1.12
2015.09.22 10:04:11.521,1.4796,1.47982,1.00,1.87
2015.09.22 10:04:12.024,1.47958,1.47978,1.75,1.12
2015.09.22 10:04:12.530,1.47959,1.47978,1.00,1.87
2015.09.22 10:04:12.834,1.47955,1.47973,1.12,1.12
2015.09.22 10:04:13.494,1.4796,1.47979,1.12,1.37
2015.09.22 10:04:13.545,1.47965,1.4798,1.00,1.00
2015.09.22 10:04:13.596,1.47962,1.4798,1.37,1.00
2015.09.22 10:04:13.800,1.47963,1.47983,1.37,1.12
2015.09.22 10:04:13.954,1.47958,1.47982,2.62,1.87
2015.09.22 10:04:14.056,1.4796,1.47981,1.00,1.12
2015.09.22 10:04:14.157,1.47956,1.47978,3.00,1.00
2015.09.22 10:04:14.698,1.47956,1.47977,3.00,1.00
2015.09.22 10:04:16.307,1.47959,1.47977,1.00,1.12
2015.09.22 10:04:17.220,1.47961,1.47977,1.00,1.00
2015.09.22 10:04:17.948,1.47958,1.47973,1.12,1.12
2015.09.22 10:04:17.999,1.47951,1.47973,1.87,1.12
2015.09.22 10:04:18.100,1.47958,1.47972,1.00,1.87
2015.09.22 10:04:18.202,1.47953,1.47972,1.37,1.12
2015.09.22 10:04:18.254,1.47956,1.47976,1.37,1.00
2015.09.22 10:04:18.356,1.47953,1.47974,1.37,1.12
2015.09.22 10:04:18.458,1.47951,1.47972,1.00,1.12
2015.09.22 10:04:18.560,1.47947,1.47967,1.00,1.12
2015.09.22 10:04:18.712,1.47944,1.47965,1.00,1.12
2015.09.22 10:04:19.071,1.47943,1.47963,1.00,1.87
2015.09.22 10:04:19.656,1.47941,1.47962,2.62,1.50
2015.09.22 10:04:20.990,1.47945,1.47962,1.00,1.87
2015.09.22 10:04:21.497,1.47945,1.47964,1.50,1.37
2015.09.22 10:04:22.183,1.47945,1.47964,1.50,1.12
2015.09.22 10:04:23.209,1.47945,1.47965,1.50,1.00
2015.09.22 10:04:23.822,1.47943,1.47962,1.12,1.00
2015.09.22 10:04:23.874,1.4794,1.47961,1.37,1.12
2015.09.22 10:04:24.380,1.4794,1.47961,1.00,3.00
2015.09.22 10:04:25.489,1.4794,1.47961,1.50,1.75
2015.09.22 10:04:25.591,1.47939,1.47959,1.12,1.00
2015.09.22 10:04:25.845,1.47939,1.47956,1.00,1.00
2015.09.22 10:04:26.378,1.47939,1.4796,1.50,1.75
2015.09.22 10:04:27.031,1.47939,1.4796,1.50,1.75
2015.09.22 10:04:29.117,1.47939,1.47958,1.37,1.00
2015.09.22 10:04:29.695,1.47939,1.47957,1.50,1.12
2015.09.22 10:04:30.356,1.47937,1.47958,1.75,1.00
2015.09.22 10:04:30.407,1.47937,1.47956,1.37,1.37
2015.09.22 10:04:30.458,1.47935,1.47954,1.12,1.12
2015.09.22 10:04:30.610,1.47932,1.47952,1.87,1.00
2015.09.22 10:04:30.662,1.47932,1.47952,1.50,1.75
2015.09.22 10:04:31.665,1.4793,1.4795,1.37,1.75
2015.09.22 10:04:32.199,1.4793,1.4795,1.50,1.37
2015.09.22 10:04:32.707,1.4793,1.4795,1.87,1.00
2015.09.22 10:04:33.409,1.47938,1.4795,1.00,1.00
2015.09.22 10:04:33.511,1.47938,1.47955,1.37,1.00
2015.09.22 10:04:33.562,1.47938,1.47958,1.87,1.00
2015.09.22 10:04:33.665,1.47939,1.4796,1.37,1.00
2015.09.22 10:04:34.173,1.47941,1.4796,1.00,1.00
2015.09.22 10:04:35.251,1.47939,1.47958,1.37,1.12
2015.09.22 10:04:35.984,1.47934,1.47953,1.00,1.12
2015.09.22 10:04:36.407,1.47934,1.47952,1.00,1.00
2015.09.22 10:04:36.605,1.47934,1.47952,1.00,1.12
2015.09.22 10:04:37.527,1.47931,1.47951,1.50,1.87
2015.09.22 10:04:37.832,1.47943,1.47951,1.00,1.12
2015.09.22 10:04:37.883,1.47943,1.47956,1.00,2.62
2015.09.22 10:04:37.984,1.47943,1.47958,1.12,1.00
2015.09.22 10:04:38.187,1.47944,1.47964,1.50,1.50
2015.09.22 10:04:38.289,1.47944,1.47964,1.50,1.00
2015.09.22 10:04:38.642,1.47945,1.47964,1.87,1.00
2015.09.22 10:04:38.796,1.47943,1.47963,1.12,1.12
2015.09.22 10:04:38.898,1.47941,1.47962,1.00,1.50
2015.09.22 10:04:39.202,1.47945,1.47963,1.37,1.00
2015.09.22 10:04:39.354,1.47945,1.47966,2.62,1.00
2015.09.22 10:04:39.405,1.47945,1.47966,2.25,1.12
2015.09.22 10:04:40.078,1.47939,1.47958,1.50,1.00
2015.09.22 10:04:40.383,1.47944,1.4796,1.00,1.37
2015.09.22 10:04:40.637,1.47947,1.47964,1.00,1.37
2015.09.22 10:04:41.181,1.47944,1.47964,1.87,1.87
2015.09.22 10:04:42.714,1.47944,1.47964,1.50,1.87
2015.09.22 10:04:43.021,1.47946,1.47964,1.00,1.12
2015.09.22 10:04:43.830,1.47938,1.47959,1.00,1.75
2015.09.22 10:04:44.386,1.47937,1.47957,1.00,1.75
2015.09.22 10:04:44.562,1.47935,1.47955,1.00,1.00
2015.09.22 10:04:44.613,1.47937,1.47954,1.00,1.87
2015.09.22 10:04:44.816,1.47933,1.47953,1.00,1.87
2015.09.22 10:04:45.925,1.47933,1.47952,1.12,1.12
2015.09.22 10:04:46.128,1.47933,1.47952,2.25,1.00
2015.09.22 10:04:46.462,1.47937,1.47952,1.00,1.00
2015.09.22 10:04:46.969,1.47937,1.47953,1.00,1.12
2015.09.22 10:04:47.273,1.47951,1.47961,1.00,1.12
2015.09.22 10:04:47.324,1.47951,1.47962,1.00,1.12
2015.09.22 10:04:47.375,1.47946,1.47962,1.00,1.12
2015.09.22 10:04:47.712,1.47946,1.47965,2.62,1.00
2015.09.22 10:04:47.763,1.47951,1.47965,1.00,1.00
2015.09.22 10:04:48.118,1.47951,1.47968,1.00,1.00
2015.09.22 10:04:49.545,1.47953,1.47972,1.12,1.37
2015.09.22 10:04:50.050,1.47953,1.47972,1.12,1.12
2015.09.22 10:04:50.759,1.47953,1.47972,1.12,1.50
2015.09.22 10:04:51.938,1.47956,1.47972,1.00,1.50
2015.09.22 10:04:52.370,1.47956,1.47973,1.00,1.00
2015.09.22 10:04:53.563,1.47955,1.47974,1.12,1.87
2015.09.22 10:04:53.937,1.47951,1.47969,1.50,1.12
2015.09.22 10:04:54.466,1.47949,1.47969,1.37,1.12
2015.09.22 10:04:55.130,1.47949,1.47969,1.37,1.12
2015.09.22 10:04:55.648,1.47949,1.47969,1.87,1.12
2015.09.22 10:04:59.436,1.47948,1.47969,1.87,1.00
2015.09.22 10:05:00.259,1.47952,1.47969,1.00,1.00
2015.09.22 10:05:00.804,1.4795,1.47969,1.00,1.00
2015.09.22 10:05:01.614,1.47952,1.47969,1.00,1.00
2015.09.22 10:05:02.358,1.4795,1.47968,1.00,1.12
2015.09.22 10:05:02.939,1.4795,1.47969,1.12,2.25
2015.09.22 10:05:03.476,1.47948,1.47968,3.00,1.00
2015.09.22 10:05:03.984,1.47948,1.47969,1.87,1.87
2015.09.22 10:05:04.253,1.47947,1.47967,1.12,1.37
2015.09.22 10:05:04.783,1.47946,1.47967,1.12,1.87
2015.09.22 10:05:05.223,1.47944,1.47963,1.12,1.00
2015.09.22 10:05:05.274,1.47943,1.47963,1.00,1.87
2015.09.22 10:05:05.887,1.47943,1.47963,1.87,1.12
2015.09.22 10:05:06.192,1.47957,1.47963,1.00,1.12
2015.09.22 10:05:06.583,1.47958,1.47967,1.00,1.00
2015.09.22 10:05:06.635,1.47959,1.4798,1.37,1.12
2015.09.22 10:05:06.736,1.47962,1.4798,1.00,1.37
2015.09.22 10:05:06.889,1.47959,1.4798,1.00,1.12
2015.09.22 10:05:07.395,1.47959,1.47981,1.50,1.87
2015.09.22 10:05:07.966,1.47959,1.47981,2.62,1.50
2015.09.22 10:05:08.640,1.4796,1.47981,1.00,1.50
2015.09.22 10:05:09.260,1.47959,1.47981,2.62,1.87
2015.09.22 10:05:10.116,1.47959,1.4798,3.75,1.00
2015.09.22 10:05:10.487,1.47959,1.4798,3.00,1.00
2015.09.22 10:05:10.994,1.47962,1.47982,1.00,1.37
2015.09.22 10:05:11.771,1.4796,1.47982,2.25,1.37
2015.09.22 10:05:12.076,1.47956,1.47972,1.00,1.00
2015.09.22 10:05:12.178,1.47954,1.47972,1.00,2.25
2015.09.22 10:05:12.963,1.47954,1.47974,1.50,1.87
2015.09.22 10:05:13.488,1.47955,1.47974,1.00,1.87
2015.09.22 10:05:14.107,1.47954,1.47974,2.25,1.75
2015.09.22 10:05:14.731,1.47954,1.47974,2.25,1.12
2015.09.22 10:05:15.282,1.47954,1.47974,2.25,1.12
2015.09.22 10:05:17.240,1.47953,1.47973,2.25,1.12
2015.09.22 10:05:17.703,1.47952,1.47963,1.00,1.12
2015.09.22 10:05:17.754,1.47955,1.47975,1.12,1.50
2015.09.22 10:05:17.856,1.47958,1.47973,1.00,1.37
2015.09.22 10:05:18.161,1.4796,1.47982,1.87,1.50
2015.09.22 10:05:18.263,1.4796,1.47977,1.12,1.12
2015.09.22 10:05:18.364,1.47956,1.47976,1.50,1.12
2015.09.22 10:05:19.197,1.47959,1.47975,1.00,1.12
2015.09.22 10:05:19.249,1.47957,1.47979,1.00,1.12
2015.09.22 10:05:19.705,1.47958,1.4798,2.62,1.87
2015.09.22 10:05:20.010,1.47961,1.4798,1.37,1.12
2015.09.22 10:05:20.683,1.47962,1.4798,1.75,1.12
2015.09.22 10:05:20.785,1.47965,1.47983,1.00,1.87
2015.09.22 10:05:21.576,1.47968,1.47984,1.00,1.12
2015.09.22 10:05:21.628,1.47968,1.47985,1.00,1.12
2015.09.22 10:05:22.114,1.47966,1.47985,1.12,1.12
2015.09.22 10:05:22.869,1.47965,1.47983,1.00,1.75
2015.09.22 10:05:23.508,1.47964,1.47979,1.37,1.12
2015.09.22 10:05:24.993,1.47965,1.4798,1.12,1.37
2015.09.22 10:05:25.095,1.47965,1.47984,1.87,1.75
2015.09.22 10:05:25.198,1.47966,1.47985,1.37,1.12
2015.09.22 10:05:25.351,1.47967,1.47985,1.37,1.12
2015.09.22 10:05:25.740,1.47976,1.47985,1.37,1.12
2015.09.22 10:05:25.791,1.47976,1.47995,1.50,1.12
2015.09.22 10:05:25.843,1.47976,1.47995,1.87,1.12
2015.09.22 10:05:25.895,1.47976,1.47998,2.25,1.12
2015.09.22 10:05:26.099,1.4798,1.48001,1.37,2.62
2015.09.22 10:05:26.607,1.47982,1.48001,1.12,1.50
2015.09.22 10:05:26.973,1.47981,1.48001,1.87,1.37
2015.09.22 10:05:27.025,1.47982,1.48004,1.87,1.00
2015.09.22 10:05:27.076,1.47981,1.48004,1.50,1.75
2015.09.22 10:05:27.381,1.4798,1.48002,1.50,1.12
2015.09.22 10:05:27.902,1.47981,1.48002,1.00,1.12
2015.09.22 10:05:28.617,1.4798,1.48002,1.12,1.75
2015.09.22 10:05:28.973,1.4798,1.48002,1.50,1.75
2015.09.22 10:05:30.369,1.4798,1.48002,2.62,1.75
2015.09.22 10:05:30.938,1.47981,1.48002,1.12,1.37
2015.09.22 10:05:31.591,1.47981,1.48001,1.12,1.00
2015.09.22 10:05:32.120,1.47981,1.48002,1.12,1.12
2015.09.22 10:05:33.281,1.47981,1.48002,1.12,1.12
2015.09.22 10:05:33.587,1.47985,1.48005,1.37,1.75
2015.09.22 10:05:33.639,1.47985,1.48004,1.37,1.00
2015.09.22 10:05:33.894,1.47985,1.48004,1.12,1.12
2015.09.22 10:05:34.407,1.47983,1.48003,1.12,1.87
2015.09.22 10:05:35.045,1.47985,1.48003,1.12,1.75
2015.09.22 10:05:35.402,1.47991,1.48008,1.50,1.00
2015.09.22 10:05:35.453,1.47995,1.48013,1.00,1.12
2015.09.22 10:05:35.504,1.47995,1.48014,1.00,2.25
2015.09.22 10:05:35.822,1.47998,1.48014,1.00,1.75
2015.09.22 10:05:35.873,1.47995,1.48014,1.00,1.75
2015.09.22 10:05:36.714,1.47995,1.48016,1.87,1.75
2015.09.22 10:05:37.225,1.47995,1.48013,1.12,1.00
2015.09.22 10:05:37.377,1.48001,1.48013,1.00,1.00
2015.09.22 10:05:37.481,1.47998,1.48015,1.00,1.50
2015.09.22 10:05:37.532,1.48,1.48015,1.00,1.00
2015.09.22 10:05:38.030,1.47998,1.48015,1.00,1.00
2015.09.22 10:05:38.132,1.48008,1.48015,1.00,1.00
2015.09.22 10:05:38.184,1.48007,1.48018,1.00,1.00
2015.09.22 10:05:38.237,1.48009,1.48018,1.00,1.00
2015.09.22 10:05:38.339,1.48009,1.48027,1.00,1.12
2015.09.22 10:05:38.441,1.48011,1.48027,1.50,1.00
2015.09.22 10:05:38.869,1.48011,1.48027,1.12,1.00
2015.09.22 10:05:38.942,1.48005,1.48023,1.50,1.12
2015.09.22 10:05:39.096,1.48008,1.48023,1.00,1.50
2015.09.22 10:05:39.402,1.48012,1.48023,1.00,1.00
2015.09.22 10:05:39.505,1.48012,1.48025,1.00,1.00
2015.09.22 10:05:40.000,1.48015,1.48025,1.00,1.00
2015.09.22 10:05:40.052,1.48015,1.48033,1.50,1.00
2015.09.22 10:05:40.205,1.48014,1.48033,1.00,1.37
2015.09.22 10:05:40.408,1.48011,1.48031,1.50,1.12
2015.09.22 10:05:41.153,1.48011,1.48031,1.50,1.50
2015.09.22 10:05:41.675,1.48011,1.48031,1.00,1.87
2015.09.22 10:05:41.828,1.48011,1.48031,1.50,1.50
2015.09.22 10:05:42.132,1.48011,1.48031,1.50,1.50
2015.09.22 10:05:43.019,1.48011,1.48031,1.50,1.50
2015.09.22 10:05:43.120,1.48011,1.48031,1.12,2.25
2015.09.22 10:05:43.893,1.48011,1.48031,1.87,1.87
2015.09.22 10:05:43.944,1.48012,1.48031,1.12,1.50
2015.09.22 10:05:44.248,1.48012,1.48031,2.25,1.12
2015.09.22 10:05:44.767,1.48012,1.48031,2.25,1.12
2015.09.22 10:05:45.765,1.48014,1.48031,1.00,1.00
2015.09.22 10:05:46.906,1.48009,1.48029,3.37,1.00
2015.09.22 10:05:47.423,1.48013,1.48032,1.50,1.50
2015.09.22 10:05:47.475,1.48013,1.48032,1.50,1.00
2015.09.22 10:05:47.866,1.48013,1.48032,1.12,1.75
2015.09.22 10:05:48.331,1.48016,1.48032,1.00,1.75
2015.09.22 10:05:49.976,1.48016,1.4803,1.00,1.87
2015.09.22 10:05:50.433,1.48014,1.4803,1.00,1.87
2015.09.22 10:05:51.086,1.48009,1.48028,1.00,1.37
2015.09.22 10:05:51.137,1.48009,1.48024,1.00,1.12
2015.09.22 10:05:51.847,1.48007,1.48024,1.00,1.12
2015.09.22 10:05:51.950,1.48011,1.48024,1.00,1.12
2015.09.22 10:05:52.520,1.48007,1.48024,1.12,1.12
2015.09.22 10:05:53.336,1.48005,1.48024,1.50,1.12
2015.09.22 10:05:54.951,1.48005,1.48024,1.75,1.12
2015.09.22 10:05:56.964,1.48008,1.48024,1.37,1.12
2015.09.22 10:05:57.480,1.48007,1.48026,1.50,1.00
2015.09.22 10:05:58.268,1.48012,1.48031,1.00,1.00
2015.09.22 10:05:58.471,1.48014,1.48031,1.00,1.00
2015.09.22 10:05:58.775,1.48014,1.48031,1.00,1.75
2015.09.22 10:05:58.878,1.48011,1.48031,1.12,1.75
2015.09.22 10:05:59.082,1.48009,1.4803,1.87,1.50
2015.09.22 10:05:59.665,1.48009,1.4803,2.62,1.37
2015.09.22 10:05:59.775,1.48009,1.48028,2.25,1.12
2015.09.22 10:06:00.279,1.48009,1.48028,1.50,1.12
2015.09.22 10:06:00.380,1.48009,1.48028,1.00,1.12
2015.09.22 10:06:01.085,1.48008,1.48028,1.00,1.12
2015.09.22 10:06:01.598,1.48006,1.48025,1.00,1.75
2015.09.22 10:06:01.649,1.48002,1.48022,2.25,1.12
2015.09.22 10:06:01.700,1.48002,1.48012,1.00,1.00
2015.09.22 10:06:01.853,1.48,1.48012,1.00,1.00
2015.09.22 10:06:02.215,1.47996,1.48013,1.37,1.12
2015.09.22 10:06:02.267,1.47993,1.48012,1.37,1.12
2015.09.22 10:06:02.774,1.47992,1.48014,2.25,1.37
2015.09.22 10:06:03.382,1.47994,1.48014,1.12,1.37
2015.09.22 10:06:03.585,1.47997,1.48014,1.37,1.37
2015.09.22 10:06:03.890,1.48009,1.48021,1.00,1.00
2015.09.22 10:06:03.992,1.48013,1.48029,1.50,1.12
2015.09.22 10:06:04.747,1.4801,1.48032,1.87,1.12
2015.09.22 10:06:05.001,1.48007,1.4803,2.25,1.37
2015.09.22 10:06:05.205,1.48007,1.4803,2.62,1.50
2015.09.22 10:06:05.818,1.48007,1.48029,2.25,1.37
2015.09.22 10:06:06.086,1.4801,1.4803,1.00,1.12
2015.09.22 10:06:06.188,1.48007,1.48028,1.75,1.12
2015.09.22 10:06:06.493,1.4801,1.48029,1.12,1.12
2015.09.22 10:06:06.974,1.48009,1.48028,1.00,1.12
2015.09.22 10:06:07.025,1.48006,1.48027,1.12,1.12
2015.09.22 10:06:07.279,1.48005,1.48025,1.50,1.12
2015.09.22 10:06:07.381,1.48002,1.48021,1.50,1.00
2015.09.22 10:06:07.483,1.48002,1.48021,1.12,1.12
2015.09.22 10:06:07.787,1.48,1.4802,1.37,1.12
2015.09.22 10:06:08.131,1.48,1.4802,1.75,1.12
2015.09.22 10:06:08.286,1.48002,1.48024,1.50,1.75
2015.09.22 10:06:08.591,1.48002,1.48024,3.00,1.00
2015.09.22 10:06:08.642,1.48002,1.48024,3.37,1.00
2015.09.22 10:06:09.417,1.48,1.48019,2.25,1.87
2015.09.22 10:06:09.473,1.47995,1.48018,1.85,1.12
2015.09.22 10:06:09.524,1.47995,1.48015,1.50,1.12
2015.09.22 10:06:09.779,1.47995,1.48015,1.00,1.37
2015.09.22 10:06:10.523,1.48004,1.4802,1.12,1.00
2015.09.22 10:06:10.675,1.48004,1.48026,1.50,1.37
2015.09.22 10:06:11.189,1.48005,1.48027,1.12,1.12
2015.09.22 10:06:13.587,1.48004,1.48026,1.87,1.87
2015.09.22 10:06:14.554,1.48004,1.48025,1.87,1.37
2015.09.22 10:06:15.465,1.48004,1.48024,1.87,1.00
2015.09.22 10:06:15.516,1.48004,1.48024,1.50,1.12
2015.09.22 10:06:15.669,1.48001,1.48021,1.12,1.37
2015.09.22 10:06:15.822,1.48001,1.48019,1.12,1.12
2015.09.22 10:06:15.975,1.47998,1.48017,1.37,1.12
2015.09.22 10:06:16.373,1.48005,1.48023,1.12,1.37
2015.09.22 10:06:16.426,1.48005,1.48026,1.50,1.75
2015.09.22 10:06:16.629,1.48009,1.48028,1.50,1.37
2015.09.22 10:06:16.731,1.4801,1.48028,1.00,1.00
2015.09.22 10:06:16.832,1.48013,1.48032,1.00,2.25
2015.09.22 10:06:17.035,1.48013,1.48032,1.00,1.87
2015.09.22 10:06:17.559,1.48013,1.48032,1.00,1.50
2015.09.22 10:06:17.910,1.48011,1.48032,1.00,1.75
2015.09.22 10:06:19.573,1.48014,1.4803,1.00,1.37
2015.09.22 10:06:20.169,1.48016,1.48031,1.00,1.12
2015.09.22 10:06:20.270,1.48014,1.48032,1.00,2.25
2015.09.22 10:06:20.526,1.48011,1.48029,1.12,1.00
2015.09.22 10:06:21.591,1.48014,1.4803,1.00,1.50
2015.09.22 10:06:23.900,1.48015,1.48032,1.00,1.12
2015.09.22 10:06:23.951,1.48015,1.48033,1.00,1.75
2015.09.22 10:06:24.959,1.4802,1.48033,1.00,1.75
2015.09.22 10:06:25.163,1.48022,1.48036,1.12,1.12
2015.09.22 10:06:25.267,1.48022,1.48042,1.50,1.50
2015.09.22 10:06:25.319,1.48022,1.48042,2.25,1.50
2015.09.22 10:06:25.625,1.48035,1.48052,1.00,1.12
2015.09.22 10:06:26.137,1.48035,1.48052,1.00,1.12
2015.09.22 10:06:26.190,1.48033,1.48054,1.00,2.25
2015.09.22 10:06:26.293,1.48036,1.48054,1.00,2.25
2015.09.22 10:06:26.447,1.48034,1.48054,1.00,1.87
2015.09.22 10:06:26.854,1.48034,1.48054,1.85,1.12
2015.09.22 10:06:27.421,1.48034,1.48054,1.57,1.75
2015.09.22 10:06:27.849,1.48032,1.48052,1.87,1.12
2015.09.22 10:06:27.900,1.48034,1.4805,1.00,1.00
2015.09.22 10:06:28.578,1.48032,1.4805,1.37,1.12
2015.09.22 10:06:29.268,1.48035,1.48053,1.12,1.12
2015.09.22 10:06:29.868,1.48035,1.48054,1.12,1.37
2015.09.22 10:06:31.180,1.48035,1.48054,1.87,1.37
2015.09.22 10:06:31.484,1.48043,1.4806,1.00,1.12
2015.09.22 10:06:31.739,1.48045,1.48061,1.00,1.00
2015.09.22 10:06:32.748,1.48045,1.4806,1.00,1.00
2015.09.22 10:06:32.801,1.48038,1.48057,1.00,1.12
2015.09.22 10:06:33.158,1.4804,1.48057,1.00,1.12
2015.09.22 10:06:33.463,1.48042,1.48059,1.00,1.75
2015.09.22 10:06:34.475,1.48042,1.4806,1.00,1.12
2015.09.22 10:06:35.405,1.48042,1.48062,1.00,2.25
2015.09.22 10:06:35.456,1.48049,1.48062,1.00,2.25
2015.09.22 10:06:35.508,1.48049,1.48062,1.00,1.12
2015.09.22 10:06:35.660,1.48049,1.48066,1.00,1.00
2015.09.22 10:06:35.762,1.48051,1.48069,1.00,2.25
2015.09.22 10:06:35.865,1.48051,1.48069,1.12,1.00
2015.09.22 10:06:36.565,1.48051,1.4807,1.50,1.12
2015.09.22 10:06:37.036,1.48051,1.4807,1.00,1.87
2015.09.22 10:06:37.188,1.48051,1.48071,1.87,1.87
2015.09.22 10:06:37.998,1.48053,1.48072,1.12,1.50
2015.09.22 10:06:38.499,1.48053,1.48071,1.00,1.12
2015.09.22 10:06:39.016,1.48053,1.4807,1.00,1.12
2015.09.22 10:06:39.562,1.48053,1.48071,1.00,1.00
2015.09.22 10:06:40.074,1.48053,1.48072,1.00,1.37
2015.09.22 10:06:40.125,1.48053,1.48072,1.00,1.12
2015.09.22 10:06:40.328,1.48051,1.48072,1.12,1.37
2015.09.22 10:06:41.429,1.48051,1.48071,1.00,1.50
2015.09.22 10:06:41.480,1.48047,1.48067,1.75,1.00
2015.09.22 10:06:41.531,1.48047,1.48068,1.12,1.87
2015.09.22 10:06:41.582,1.48045,1.48064,1.12,1.00
2015.09.22 10:06:42.448,1.48042,1.48062,1.87,1.12
2015.09.22 10:06:42.752,1.48042,1.4806,1.12,1.12
2015.09.22 10:06:43.808,1.48039,1.48058,1.37,1.12
2015.09.22 10:06:44.340,1.48039,1.48055,1.37,1.00
2015.09.22 10:06:45.162,1.48039,1.48055,1.00,1.00
2015.09.22 10:06:45.469,1.48033,1.48052,1.37,1.75
2015.09.22 10:06:45.571,1.48026,1.48048,3.75,1.12
2015.09.22 10:06:45.675,1.48026,1.48045,1.12,1.50
2015.09.22 10:06:45.781,1.48026,1.48044,1.12,1.37
2015.09.22 10:06:46.343,1.48024,1.48044,1.50,1.87
2015.09.22 10:06:46.395,1.48024,1.48044,1.50,1.12
2015.09.22 10:06:46.776,1.48024,1.48039,1.00,1.12
2015.09.22 10:06:46.828,1.48019,1.48039,1.00,1.12
2015.09.22 10:06:46.981,1.48013,1.48034,1.50,1.37
2015.09.22 10:06:47.083,1.48013,1.48032,1.00,1.75
2015.09.22 10:06:47.134,1.48011,1.48032,1.12,1.75
2015.09.22 10:06:47.185,1.48014,1.48032,1.00,1.75
2015.09.22 10:06:47.287,1.48011,1.48033,1.12,1.12
2015.09.22 10:06:47.792,1.48011,1.48031,1.00,1.12
2015.09.22 10:06:49.223,1.48011,1.4803,1.00,1.87
2015.09.22 10:06:49.680,1.48008,1.48028,1.50,1.12
2015.09.22 10:06:50.247,1.48007,1.48027,1.37,1.37
2015.09.22 10:06:50.298,1.48007,1.48027,1.12,1.37
2015.09.22 10:06:50.350,1.48007,1.48026,1.00,1.37
2015.09.22 10:06:50.503,1.48001,1.48021,1.50,1.50
2015.09.22 10:06:50.554,1.48001,1.48021,1.12,1.50
2015.09.22 10:06:51.016,1.47998,1.48017,1.12,1.00
2015.09.22 10:06:51.677,1.47998,1.48018,1.12,1.12
2015.09.22 10:06:52.401,1.47998,1.48018,1.37,1.12
2015.09.22 10:06:52.973,1.48,1.48018,1.00,1.75
2015.09.22 10:06:53.099,1.47998,1.48018,1.00,1.75
2015.09.22 10:06:53.650,1.47999,1.48017,1.00,1.00
2015.09.22 10:06:54.327,1.48002,1.48021,1.12,1.75
2015.09.22 10:06:54.531,1.48002,1.48021,1.37,1.00
2015.09.22 10:06:54.734,1.48006,1.48021,1.00,1.00
2015.09.22 10:06:55.039,1.48005,1.48026,1.12,1.12
2015.09.22 10:06:55.541,1.48005,1.48023,1.12,1.12
2015.09.22 10:06:56.190,1.48002,1.48022,1.47,1.12
2015.09.22 10:06:56.343,1.48001,1.48022,1.00,1.75
2015.09.22 10:06:56.975,1.48002,1.48022,1.00,2.25
2015.09.22 10:06:57.077,1.48002,1.48022,1.00,1.37
2015.09.22 10:06:57.585,1.48002,1.48021,1.00,1.37
2015.09.22 10:06:58.300,1.48,1.4802,1.50,1.00
2015.09.22 10:06:59.702,1.48,1.4802,2.25,1.00
2015.09.22 10:06:59.907,1.48,1.48021,1.87,1.37
2015.09.22 10:07:00.415,1.48,1.4802,1.50,1.37
2015.09.22 10:07:01.252,1.4801,1.48025,1.00,1.37
2015.09.22 10:07:01.315,1.48011,1.48027,1.00,1.12
2015.09.22 10:07:01.418,1.48012,1.48029,1.00,1.37
2015.09.22 10:07:01.520,1.48013,1.48032,1.00,1.12
2015.09.22 10:07:01.622,1.48011,1.48032,1.50,1.12
2015.09.22 10:07:01.724,1.48013,1.48032,1.00,1.12
2015.09.22 10:07:02.031,1.48015,1.48032,1.00,1.12
2015.09.22 10:07:02.352,1.48019,1.48032,1.00,1.37
2015.09.22 10:07:02.403,1.48019,1.48034,1.00,1.12
2015.09.22 10:07:02.455,1.48019,1.48036,1.00,1.12
2015.09.22 10:07:02.557,1.4802,1.48037,1.00,1.12
2015.09.22 10:07:02.810,1.4802,1.4804,1.00,1.12
2015.09.22 10:07:03.014,1.48018,1.48035,1.00,1.12
2015.09.22 10:07:03.457,1.4802,1.48038,1.00,1.12
2015.09.22 10:07:04.938,1.4802,1.48039,1.00,1.12
2015.09.22 10:07:06.328,1.48018,1.48039,1.12,1.75
2015.09.22 10:07:06.430,1.48018,1.48038,1.12,1.12
2015.09.22 10:07:06.939,1.48018,1.48037,1.00,1.12
2015.09.22 10:07:07.492,1.48013,1.48033,1.87,1.37
2015.09.22 10:07:07.543,1.48012,1.48031,1.00,1.12
2015.09.22 10:07:07.594,1.48015,1.48031,1.12,1.12
2015.09.22 10:07:07.848,1.48015,1.48036,1.75,1.12
2015.09.22 10:07:08.051,1.48015,1.48037,1.87,1.37
2015.09.22 10:07:08.326,1.48022,1.48037,1.00,1.37
2015.09.22 10:07:08.647,1.48022,1.4804,1.00,1.12
2015.09.22 10:07:08.850,1.48022,1.48041,1.12,1.75
2015.09.22 10:07:09.388,1.48022,1.48041,1.50,1.12
2015.09.22 10:07:10.810,1.48022,1.48041,1.75,1.12
2015.09.22 10:07:13.239,1.4803,1.4805,1.87,1.12
2015.09.22 10:07:13.341,1.48034,1.48053,1.00,1.12
2015.09.22 10:07:13.645,1.48035,1.48056,1.87,1.50
2015.09.22 10:07:13.848,1.48036,1.48056,1.12,1.12
2015.09.22 10:07:14.587,1.48036,1.48057,1.37,1.87
2015.09.22 10:07:15.211,1.48036,1.48058,1.00,1.87
2015.09.22 10:07:15.912,1.48035,1.48057,1.87,1.87
2015.09.22 10:07:16.257,1.48035,1.48057,1.87,1.87
2015.09.22 10:07:17.308,1.48035,1.48057,2.25,1.50
2015.09.22 10:07:17.815,1.48036,1.48059,1.12,1.75
2015.09.22 10:07:17.866,1.48038,1.4806,1.00,2.62
2015.09.22 10:07:19.250,1.48038,1.4806,1.87,1.00
2015.09.22 10:07:19.770,1.4804,1.48062,1.75,1.00
2015.09.22 10:07:20.318,1.48032,1.48044,1.00,1.12
2015.09.22 10:07:20.380,1.48024,1.48044,1.00,1.12
2015.09.22 10:07:20.482,1.48024,1.48042,1.00,1.12
2015.09.22 10:07:20.584,1.48021,1.48042,1.87,1.12
2015.09.22 10:07:21.402,1.48021,1.48041,1.12,1.12
2015.09.22 10:07:21.807,1.4802,1.48039,1.00,1.37
2015.09.22 10:07:22.666,1.4802,1.48041,2.25,1.37
2015.09.22 10:07:23.536,1.4802,1.48042,1.50,1.87
2015.09.22 10:07:24.085,1.4802,1.48041,1.37,1.12
2015.09.22 10:07:24.187,1.4802,1.48042,1.50,1.87
2015.09.22 10:07:24.694,1.4802,1.48041,1.37,1.12
2015.09.22 10:07:25.292,1.4802,1.48042,1.50,1.75
2015.09.22 10:07:25.620,1.4802,1.48032,1.00,1.12
2015.09.22 10:07:25.671,1.48009,1.48032,1.87,1.75
2015.09.22 10:07:26.545,1.4801,1.48031,1.00,1.87
2015.09.22 10:07:27.791,1.48008,1.48031,2.25,1.75
2015.09.22 10:07:27.893,1.48008,1.48029,1.50,1.12
2015.09.22 10:07:28.633,1.48011,1.48032,2.25,1.12
2015.09.22 10:07:28.684,1.48013,1.48034,1.00,1.75
2015.09.22 10:07:28.837,1.48014,1.48034,1.37,1.75
2015.09.22 10:07:28.888,1.48014,1.48034,1.87,1.00
2015.09.22 10:07:28.940,1.48014,1.48036,1.87,1.00
2015.09.22 10:07:28.992,1.48018,1.48039,1.75,1.12
2015.09.22 10:07:29.501,1.4802,1.48042,1.75,1.50
2015.09.22 10:07:29.970,1.48025,1.48046,1.75,1.00
2015.09.22 10:07:30.279,1.48025,1.48046,1.12,2.25
2015.09.22 10:07:30.432,1.4802,1.4804,1.37,1.12
2015.09.22 10:07:30.585,1.48018,1.48039,1.12,1.87
2015.09.22 10:07:30.636,1.48018,1.48039,1.37,1.50
2015.09.22 10:07:30.688,1.48017,1.48034,1.00,1.00
2015.09.22 10:07:30.740,1.48014,1.48034,1.37,1.00
2015.09.22 10:07:31.123,1.48013,1.48032,1.12,1.00
2015.09.22 10:07:31.175,1.48008,1.48029,1.87,1.12
2015.09.22 10:07:31.227,1.48004,1.48027,1.12,1.87
2015.09.22 10:07:31.329,1.48001,1.48026,1.87,1.87
2015.09.22 10:07:31.431,1.47998,1.48023,2.25,2.25
2015.09.22 10:07:31.778,1.47999,1.48021,1.37,1.87
2015.09.22 10:07:32.150,1.47998,1.48021,1.87,1.50
2015.09.22 10:07:32.354,1.47998,1.48021,1.12,1.87
2015.09.22 10:07:33.034,1.47998,1.48021,1.37,3.00
2015.09.22 10:07:33.340,1.47998,1.48019,1.37,1.50
2015.09.22 10:07:34.275,1.47996,1.48019,1.75,1.87
2015.09.22 10:07:34.631,1.47994,1.48015,1.12,1.87
2015.09.22 10:07:35.040,1.4799,1.4801,1.75,1.00
2015.09.22 10:07:35.294,1.4799,1.48012,1.75,1.00
2015.09.22 10:07:35.396,1.47991,1.48015,1.87,1.50
2015.09.22 10:07:35.548,1.47994,1.48017,1.37,2.25
2015.09.22 10:07:35.802,1.47994,1.48017,1.37,3.37
2015.09.22 10:07:36.154,1.47992,1.48011,1.87,1.00
2015.09.22 10:07:36.206,1.47991,1.48011,1.12,1.00
2015.09.22 10:07:36.308,1.47989,1.48011,1.12,1.50
2015.09.22 10:07:36.410,1.47987,1.48009,1.12,1.12
2015.09.22 10:07:36.817,1.47985,1.48007,1.12,1.00
2015.09.22 10:07:37.738,1.47995,1.4801,1.37,1.00
2015.09.22 10:07:37.794,1.47995,1.48017,1.37,3.37
2015.09.22 10:07:38.305,1.47995,1.48016,1.37,1.37
2015.09.22 10:07:39.086,1.47995,1.48017,1.12,3.37
2015.09.22 10:07:39.804,1.47993,1.4801,1.00,1.87
2015.09.22 10:07:39.956,1.47987,1.48009,1.12,1.87
2015.09.22 10:07:40.396,1.47986,1.48007,1.00,1.50
2015.09.22 10:07:40.600,1.47986,1.48007,1.00,2.62
2015.09.22 10:07:41.110,1.47983,1.48005,1.12,1.50
2015.09.22 10:07:41.642,1.47983,1.48005,1.12,1.87
2015.09.22 10:07:42.712,1.47982,1.48005,1.12,2.25
2015.09.22 10:07:43.370,1.47981,1.48004,1.87,1.37
2015.09.22 10:07:43.883,1.47981,1.48003,1.12,2.25
2015.09.22 10:07:44.146,1.47981,1.48003,1.87,1.87
2015.09.22 10:07:44.298,1.47981,1.48,1.12,1.37
2015.09.22 10:07:44.744,1.47975,1.47994,1.00,1.87
2015.09.22 10:07:44.846,1.4797,1.47992,1.50,1.87
2015.09.22 10:07:44.948,1.4797,1.47989,1.00,1.87
2015.09.22 10:07:45.050,1.47964,1.47985,1.12,1.50
2015.09.22 10:07:45.582,1.47963,1.47985,1.50,1.12
2015.09.22 10:07:45.634,1.4796,1.47981,1.37,1.00
2015.09.22 10:07:45.997,1.47955,1.47976,1.12,1.00
2015.09.22 10:07:46.201,1.47961,1.47982,1.12,1.12
2015.09.22 10:07:47.614,1.47962,1.47982,1.12,1.12
2015.09.22 10:07:47.919,1.47962,1.47984,1.12,1.50
2015.09.22 10:07:48.020,1.47963,1.47984,1.00,1.87
2015.09.22 10:07:48.545,1.47963,1.47984,1.00,1.50
2015.09.22 10:07:49.230,1.47962,1.47984,1.12,1.37
2015.09.22 10:07:50.278,1.47959,1.47981,1.12,1.12
2015.09.22 10:07:50.330,1.47958,1.47979,1.57,1.12
2015.09.22 10:07:50.709,1.47955,1.47978,1.87,1.37
2015.09.22 10:07:51.014,1.4796,1.47981,1.37,1.12
2015.09.22 10:07:51.065,1.4796,1.47982,1.37,1.12
2015.09.22 10:07:51.168,1.47962,1.47985,1.37,1.50
2015.09.22 10:07:51.372,1.47962,1.47983,1.50,1.12
2015.09.22 10:07:51.815,1.47972,1.4799,1.37,1.00
2015.09.22 10:07:52.145,1.47969,1.47991,1.87,1.75
2015.09.22 10:07:52.197,1.47968,1.4799,1.12,1.12
2015.09.22 10:07:52.248,1.47968,1.4799,1.12,1.87
2015.09.22 10:07:53.209,1.47968,1.47989,1.12,1.87
2015.09.22 10:07:53.717,1.47966,1.47987,1.37,1.37
2015.09.22 10:07:54.222,1.47966,1.47987,1.37,1.37
2015.09.22 10:07:55.126,1.47969,1.47987,1.00,1.12
2015.09.22 10:07:55.431,1.4797,1.47991,1.12,1.75
2015.09.22 10:07:55.482,1.47971,1.47992,1.75,1.50
2015.09.22 10:07:55.685,1.47974,1.47995,1.37,1.12
2015.09.22 10:07:55.736,1.47975,1.47996,1.75,1.75
2015.09.22 10:07:56.097,1.47977,1.47998,1.50,1.12
2015.09.22 10:07:56.552,1.47977,1.47998,1.75,1.00
2015.09.22 10:07:56.856,1.47981,1.48002,1.00,1.87
2015.09.22 10:07:57.675,1.47981,1.48002,1.00,1.87
2015.09.22 10:07:57.982,1.47984,1.48002,1.00,1.12
2015.09.22 10:07:58.537,1.47984,1.48001,1.00,1.12
2015.09.22 10:07:58.994,1.47978,1.47998,1.50,1.87
2015.09.22 10:07:59.046,1.47977,1.47998,1.12,1.87
2015.09.22 10:07:59.148,1.47977,1.47997,1.75,1.00
2015.09.22 10:07:59.555,1.47976,1.47997,1.37,1.87
2015.09.22 10:07:59.658,1.47975,1.47996,1.75,1.87
2015.09.22 10:08:00.201,1.47974,1.47994,1.00,1.87
2015.09.22 10:08:00.255,1.47974,1.47992,1.00,1.37
2015.09.22 10:08:00.560,1.4797,1.47991,1.37,1.37
2015.09.22 10:08:00.662,1.4797,1.4799,1.37,1.37
2015.09.22 10:08:01.174,1.4797,1.4799,1.37,1.37
2015.09.22 10:08:01.742,1.47969,1.4799,1.12,1.12
2015.09.22 10:08:02.263,1.47969,1.47988,1.12,1.37
2015.09.22 10:08:02.568,1.47967,1.47986,1.12,1.37
2015.09.22 10:08:03.080,1.47969,1.47986,1.37,1.37
2015.09.22 10:08:04.661,1.47969,1.4799,1.37,1.75
2015.09.22 10:08:05.169,1.47969,1.47991,2.25,1.12
2015.09.22 10:08:06.149,1.47971,1.47991,1.12,1.12
2015.09.22 10:08:07.905,1.47968,1.47988,2.25,1.37
2015.09.22 10:08:08.153,1.47968,1.47988,1.50,1.37
2015.09.22 10:08:08.682,1.4797,1.47989,1.00,1.75
2015.09.22 10:08:09.088,1.47979,1.4799,1.00,1.12
2015.09.22 10:08:09.485,1.47982,1.47997,1.00,1.50
2015.09.22 10:08:09.537,1.47983,1.47999,1.00,1.00
2015.09.22 10:08:10.224,1.47982,1.47999,1.00,1.00
2015.09.22 10:08:10.377,1.47982,1.48001,1.37,1.00
2015.09.22 10:08:10.530,1.47983,1.48003,1.50,1.12
2015.09.22 10:08:10.901,1.47987,1.48006,1.50,1.12
2015.09.22 10:08:11.108,1.47994,1.48015,1.37,1.12
2015.09.22 10:08:11.313,1.47995,1.48016,1.12,2.25
2015.09.22 10:08:11.567,1.47993,1.48015,1.00,1.75
2015.09.22 10:08:12.412,1.4799,1.48012,1.12,1.87
2015.09.22 10:08:12.944,1.47991,1.48011,1.00,1.50
2015.09.22 10:08:14.004,1.47994,1.48013,1.50,1.12
2015.09.22 10:08:14.213,1.47993,1.48016,1.87,1.12
2015.09.22 10:08:14.468,1.47995,1.48017,1.50,1.12
2015.09.22 10:08:15.272,1.47997,1.48018,1.00,1.75
2015.09.22 10:08:15.581,1.47999,1.48018,1.37,1.37
2015.09.22 10:08:16.103,1.48,1.4802,1.87,1.37
2015.09.22 10:08:16.154,1.48001,1.4802,1.00,1.12
2015.09.22 10:08:17.053,1.48008,1.48027,1.50,1.00
2015.09.22 10:08:17.154,1.4801,1.4803,1.12,1.37
2015.09.22 10:08:17.560,1.48011,1.48031,1.00,2.62
2015.09.22 10:08:17.662,1.48009,1.48028,1.12,1.00
2015.09.22 10:08:17.715,1.48005,1.48028,1.47,2.62
2015.09.22 10:08:18.426,1.48005,1.48027,1.37,2.25
2015.09.22 10:08:18.884,1.48005,1.48026,1.37,1.37
2015.09.22 10:08:19.087,1.48005,1.48025,1.00,1.50
2015.09.22 10:08:19.189,1.48003,1.48024,1.75,1.12
2015.09.22 10:08:19.652,1.48003,1.48023,1.75,1.12
2015.09.22 10:08:19.704,1.48002,1.48021,1.00,1.12
2015.09.22 10:08:21.257,1.47999,1.48018,1.12,1.75
2015.09.22 10:08:21.315,1.47994,1.48016,1.75,2.25
2015.09.22 10:08:21.671,1.47994,1.48014,1.75,1.75
2015.09.22 10:08:21.772,1.47994,1.48012,1.75,1.12
2015.09.22 10:08:21.823,1.47993,1.48012,1.00,1.12
2015.09.22 10:08:22.536,1.4799,1.48012,2.25,1.00
2015.09.22 10:08:22.690,1.4799,1.4801,1.37,1.75
2015.09.22 10:08:22.893,1.47986,1.48007,1.75,1.87
2015.09.22 10:08:22.995,1.47987,1.48007,1.00,2.25
2015.09.22 10:08:23.716,1.4799,1.4801,1.00,3.75
2015.09.22 10:08:23.768,1.4799,1.4801,1.00,1.87
2015.09.22 10:08:24.277,1.47991,1.48012,1.00,1.75
2015.09.22 10:08:25.383,1.47989,1.4801,1.12,1.50
2015.09.22 10:08:25.689,1.47991,1.4801,1.12,1.37
2015.09.22 10:08:26.204,1.47991,1.4801,1.12,1.37
2015.09.22 10:08:26.860,1.47991,1.4801,1.37,1.12
2015.09.22 10:08:27.736,1.4799,1.48009,1.12,1.75
2015.09.22 10:08:28.124,1.47986,1.48003,1.00,1.50
2015.09.22 10:08:28.188,1.47984,1.48001,1.00,1.37
2015.09.22 10:08:28.696,1.47984,1.48,1.37,1.37
2015.09.22 10:08:29.012,1.47981,1.47997,1.50,1.00
2015.09.22 10:08:29.699,1.47979,1.47996,1.37,1.00
2015.09.22 10:08:29.751,1.47976,1.47991,1.37,1.37
2015.09.22 10:08:29.852,1.4797,1.47989,1.12,1.00
2015.09.22 10:08:29.954,1.47969,1.47988,1.95,1.00
2015.09.22 10:08:30.359,1.47969,1.47989,1.75,1.00
2015.09.22 10:08:30.410,1.47971,1.47991,1.12,1.12
2015.09.22 10:08:30.718,1.47972,1.47991,1.12,1.00
2015.09.22 10:08:30.769,1.47974,1.47996,1.87,1.75
2015.09.22 10:08:30.820,1.47977,1.47996,1.12,1.37
2015.09.22 10:08:30.972,1.4798,1.48,1.75,1.37
2015.09.22 10:08:31.479,1.47982,1.48,1.50,1.00
2015.09.22 10:08:31.530,1.47983,1.48007,1.87,3.37
2015.09.22 10:08:31.893,1.47974,1.47995,1.00,1.75
2015.09.22 10:08:32.046,1.4797,1.47991,2.62,1.00
2015.09.22 10:08:32.554,1.47971,1.47991,1.50,1.50
2015.09.22 10:08:33.067,1.47971,1.47991,1.87,1.50
2015.09.22 10:08:33.378,1.47972,1.47994,1.50,2.62
2015.09.22 10:08:33.683,1.47974,1.47995,2.25,1.50
2015.09.22 10:08:34.639,1.47976,1.47997,1.37,1.12
2015.09.22 10:08:34.691,1.47979,1.48002,1.12,1.12
2015.09.22 10:08:35.047,1.47977,1.47999,1.12,1.12
2015.09.22 10:08:35.554,1.47975,1.47998,1.75,1.12
2015.09.22 10:08:36.163,1.47979,1.47996,1.00,1.12
2015.09.22 10:08:36.656,1.47976,1.47996,1.12,1.00
2015.09.22 10:08:36.959,1.47977,1.47997,1.75,1.75
2015.09.22 10:08:37.414,1.47979,1.48001,1.12,1.12
2015.09.22 10:08:37.466,1.47978,1.47998,1.12,1.12
2015.09.22 10:08:37.519,1.47977,1.47997,1.75,1.00
2015.09.22 10:08:37.570,1.47976,1.47993,1.00,1.00
2015.09.22 10:08:37.723,1.47972,1.47993,1.12,1.00
2015.09.22 10:08:37.774,1.47972,1.4799,1.12,1.00
2015.09.22 10:08:38.550,1.4797,1.47992,1.50,1.12
2015.09.22 10:08:38.947,1.47975,1.47992,1.00,1.12
2015.09.22 10:08:39.223,1.47973,1.47992,1.12,1.12
2015.09.22 10:08:40.247,1.47975,1.47993,1.00,1.50
2015.09.22 10:08:40.754,1.47974,1.47993,1.12,1.00
2015.09.22 10:08:41.007,1.47974,1.47994,1.12,1.12
2015.09.22 10:08:41.278,1.47975,1.47993,1.00,1.00
2015.09.22 10:08:41.329,1.47974,1.47993,1.12,1.00
2015.09.22 10:08:41.911,1.47974,1.47994,1.12,1.12
2015.09.22 10:08:42.532,1.47974,1.47994,1.37,1.50
2015.09.22 10:08:42.989,1.47974,1.47994,1.37,1.50
2015.09.22 10:08:43.302,1.4797,1.47993,1.50,1.87
2015.09.22 10:08:43.354,1.47969,1.47988,1.12,1.00
2015.09.22 10:08:43.557,1.47969,1.47987,1.00,1.00
2015.09.22 10:08:44.065,1.47969,1.47986,1.00,1.12
2015.09.22 10:08:44.117,1.47968,1.47985,1.37,1.37
2015.09.22 10:08:44.169,1.47967,1.47983,1.00,1.37
2015.09.22 10:08:44.913,1.4796,1.47976,1.00,1.00
2015.09.22 10:08:45.121,1.47959,1.47978,1.37,1.00
2015.09.22 10:08:45.860,1.47959,1.47978,1.37,1.00
2015.09.22 10:08:46.397,1.47959,1.47978,1.75,1.00
2015.09.22 10:08:46.703,1.47963,1.47983,1.75,1.50
2015.09.22 10:08:47.211,1.47967,1.47983,1.00,1.00
2015.09.22 10:08:47.950,1.47967,1.47983,1.50,1.00
2015.09.22 10:08:48.852,1.47967,1.47984,1.50,2.25
2015.09.22 10:08:49.581,1.47967,1.47985,1.75,1.12
2015.09.22 10:08:50.148,1.4797,1.47985,1.00,1.00
2015.09.22 10:08:51.158,1.4797,1.47985,1.50,1.00
2015.09.22 10:08:51.464,1.47971,1.47987,1.75,1.50
2015.09.22 10:08:51.718,1.47971,1.47989,1.75,1.50
2015.09.22 10:08:52.656,1.47969,1.47989,1.12,1.12
2015.09.22 10:08:52.711,1.47976,1.47988,1.00,1.50
2015.09.22 10:08:52.865,1.47974,1.47993,1.37,1.50
2015.09.22 10:08:52.967,1.47974,1.47989,1.37,1.00
2015.09.22 10:08:53.939,1.47979,1.47993,1.37,1.50
2015.09.22 10:08:53.991,1.4797,1.47987,1.37,1.50
2015.09.22 10:08:54.398,1.47969,1.47986,1.00,1.12
2015.09.22 10:08:54.905,1.47968,1.47987,1.75,1.37
2015.09.22 10:08:55.292,1.47968,1.47988,1.75,2.62
2015.09.22 10:08:55.978,1.47968,1.47987,1.75,1.37
2015.09.22 10:08:56.494,1.47968,1.47988,1.75,2.62
2015.09.22 10:08:56.999,1.47968,1.47986,1.75,1.00
2015.09.22 10:08:57.507,1.47971,1.47988,1.12,1.87
2015.09.22 10:08:57.608,1.47971,1.47988,1.37,1.12
2015.09.22 10:08:58.058,1.47974,1.47991,1.87,1.00
2015.09.22 10:08:58.109,1.47975,1.47995,1.50,1.50
2015.09.22 10:08:58.618,1.47975,1.47995,1.12,1.12
2015.09.22 10:08:58.771,1.47975,1.47995,1.50,1.12
2015.09.22 10:08:59.849,1.47975,1.47995,1.87,1.50
2015.09.22 10:09:00.411,1.47975,1.47994,1.87,1.37
2015.09.22 10:09:01.328,1.47975,1.47994,1.87,1.37
2015.09.22 10:09:01.739,1.47975,1.47994,1.87,1.00
2015.09.22 10:09:02.247,1.47976,1.47994,1.12,1.37
2015.09.22 10:09:03.039,1.47977,1.47994,1.00,1.87
2015.09.22 10:09:06.531,1.47974,1.47994,2.25,1.87
2015.09.22 10:09:07.087,1.47974,1.47991,1.87,1.12
2015.09.22 10:09:07.657,1.47975,1.47991,1.00,1.12
2015.09.22 10:09:08.202,1.47978,1.47994,1.50,1.00
2015.09.22 10:09:08.515,1.47981,1.47994,1.00,1.00
2015.09.22 10:09:08.821,1.47985,1.48,1.12,1.00
2015.09.22 10:09:08.872,1.47985,1.48002,1.12,1.00
2015.09.22 10:09:09.489,1.47978,1.47996,1.37,1.50
2015.09.22 10:09:09.642,1.47973,1.47992,1.50,1.00
2015.09.22 10:09:09.743,1.47971,1.47991,1.00,1.87
2015.09.22 10:09:09.946,1.47966,1.47987,1.87,1.12
2015.09.22 10:09:09.997,1.47966,1.47983,1.37,1.00
2015.09.22 10:09:10.048,1.47964,1.47983,1.12,1.50
2015.09.22 10:09:10.149,1.47961,1.47981,1.37,1.87
2015.09.22 10:09:10.352,1.47959,1.47977,1.00,1.12
2015.09.22 10:09:10.746,1.47954,1.47975,1.87,2.25
2015.09.22 10:09:11.276,1.47955,1.47975,1.00,2.62
2015.09.22 10:09:11.782,1.47954,1.47972,1.87,1.12
2015.09.22 10:09:12.576,1.47954,1.47972,1.00,1.50
2015.09.22 10:09:13.082,1.47954,1.47972,1.50,1.50
2015.09.22 10:09:13.387,1.47954,1.47972,1.12,1.50
2015.09.22 10:09:14.417,1.47953,1.47972,1.00,1.50
2015.09.22 10:09:15.706,1.47956,1.4797,1.37,1.00
2015.09.22 10:09:15.859,1.47958,1.47976,1.37,1.37
2015.09.22 10:09:16.063,1.47958,1.47978,1.37,1.00
2015.09.22 10:09:16.164,1.47958,1.47978,1.37,1.00
2015.09.22 10:09:16.683,1.47961,1.47979,1.37,1.00
2015.09.22 10:09:18.442,1.47961,1.47979,1.37,1.00
2015.09.22 10:09:18.807,1.47964,1.47979,1.50,1.00
2015.09.22 10:09:19.010,1.47964,1.47982,1.50,1.50
2015.09.22 10:09:19.777,1.47966,1.47982,1.37,1.00
2015.09.22 10:09:20.280,1.47966,1.47982,1.37,1.00
2015.09.22 10:09:20.746,1.47968,1.47985,1.75,1.00
2015.09.22 10:09:21.193,1.47968,1.47989,1.50,1.12
2015.09.22 10:09:21.245,1.47968,1.47986,1.50,1.00
2015.09.22 10:09:21.347,1.47968,1.47985,1.50,1.12
2015.09.22 10:09:21.885,1.47968,1.47986,1.50,1.87
2015.09.22 10:09:22.809,1.47972,1.47986,1.12,1.00
2015.09.22 10:09:22.860,1.47975,1.47992,1.50,1.00
2015.09.22 10:09:22.962,1.47975,1.47992,1.37,1.00
2015.09.22 10:09:24.055,1.47978,1.47997,1.50,1.00
2015.09.22 10:09:24.562,1.47978,1.47997,1.50,1.00
2015.09.22 10:09:25.388,1.47978,1.47998,1.75,1.00
2015.09.22 10:09:25.895,1.47978,1.47997,1.75,1.00
2015.09.22 10:09:26.401,1.47978,1.47997,1.75,1.00
2015.09.22 10:09:27.472,1.47978,1.47998,1.87,1.00
2015.09.22 10:09:27.625,1.47984,1.48001,1.00,1.50
2015.09.22 10:09:27.677,1.47983,1.48001,1.75,1.50
2015.09.22 10:09:27.778,1.4798,1.48,1.37,1.00
2015.09.22 10:09:27.830,1.4798,1.47997,1.37,1.00
2015.09.22 10:09:28.500,1.47979,1.47997,1.37,1.00
2015.09.22 10:09:29.007,1.47981,1.47997,1.00,1.00
2015.09.22 10:09:29.588,1.47974,1.47984,1.00,1.00
2015.09.22 10:09:29.639,1.47964,1.47983,1.37,1.00
2015.09.22 10:09:29.794,1.47961,1.47981,1.37,1.00
2015.09.22 10:09:30.148,1.47962,1.47983,1.37,1.50
2015.09.22 10:09:30.870,1.47965,1.47983,1.00,1.87
2015.09.22 10:09:31.651,1.47962,1.47981,1.75,1.00
2015.09.22 10:09:32.570,1.47965,1.47983,1.50,1.37
2015.09.22 10:09:32.678,1.47965,1.47983,1.75,1.12
2015.09.22 10:09:33.085,1.47973,1.47983,1.00,1.12
2015.09.22 10:09:33.136,1.47971,1.47986,1.00,1.00
2015.09.22 10:09:33.188,1.47973,1.47989,1.00,1.12
2015.09.22 10:09:33.239,1.47973,1.47989,1.00,1.37
2015.09.22 10:09:33.761,1.47973,1.47992,1.50,1.00
2015.09.22 10:09:33.813,1.47973,1.47995,1.50,1.00
2015.09.22 10:09:33.864,1.47973,1.47993,1.50,1.00
2015.09.22 10:09:33.915,1.47973,1.47991,1.50,1.00
2015.09.22 10:09:34.425,1.47971,1.47991,1.37,1.00
2015.09.22 10:09:34.730,1.47971,1.47991,1.37,1.37
2015.09.22 10:09:35.085,1.47971,1.47988,1.00,1.37
2015.09.22 10:09:35.292,1.47971,1.47988,1.12,1.12
2015.09.22 10:09:35.343,1.47976,1.47988,1.00,1.12
2015.09.22 10:09:35.445,1.47976,1.47991,1.00,1.12
2015.09.22 10:09:35.496,1.47976,1.47993,1.12,1.00
2015.09.22 10:09:35.701,1.47976,1.47996,1.12,1.00
2015.09.22 10:09:35.803,1.47978,1.47996,1.00,1.00
2015.09.22 10:09:36.338,1.47977,1.47996,1.37,1.00
2015.09.22 10:09:36.398,1.47977,1.47998,1.75,1.00
2015.09.22 10:09:38.399,1.47981,1.48001,1.75,1.37
2015.09.22 10:09:38.703,1.47979,1.48001,1.75,1.37
2015.09.22 10:09:38.906,1.47978,1.48,1.75,1.37
2015.09.22 10:09:39.423,1.4798,1.48001,1.37,1.00
2015.09.22 10:09:39.729,1.47984,1.48005,2.25,1.00
2015.09.22 10:09:40.379,1.47987,1.48008,1.47,1.50
2015.09.22 10:09:41.114,1.47987,1.48008,1.95,1.50
2015.09.22 10:09:41.643,1.47989,1.48008,1.50,1.87
2015.09.22 10:09:43.573,1.47986,1.48008,2.25,1.87
2015.09.22 10:09:43.938,1.47992,1.48008,1.00,1.00
2015.09.22 10:09:44.194,1.47991,1.4801,2.25,1.87
2015.09.22 10:09:44.347,1.47991,1.48008,2.25,1.00
2015.09.22 10:09:45.252,1.4799,1.48008,1.75,1.00
2015.09.22 10:09:45.303,1.47991,1.4801,1.37,1.50
2015.09.22 10:09:45.405,1.47991,1.48004,1.00,1.00
2015.09.22 10:09:45.610,1.47986,1.48003,1.12,1.00
2015.09.22 10:09:45.662,1.47992,1.48004,1.00,1.00
2015.09.22 10:09:45.815,1.47992,1.4801,1.37,1.12
2015.09.22 10:09:45.916,1.47997,1.48014,1.37,1.00
2015.09.22 10:09:45.967,1.47997,1.48017,1.37,1.00
2015.09.22 10:09:46.018,1.47997,1.48015,1.37,1.00
2015.09.22 10:09:46.777,1.48002,1.48019,1.37,1.00
2015.09.22 10:09:46.980,1.48002,1.48021,1.37,1.00
2015.09.22 10:09:47.132,1.48005,1.48021,1.12,1.00
2015.09.22 10:09:47.184,1.48005,1.48025,1.12,1.00
2015.09.22 10:09:47.908,1.48006,1.48025,1.87,1.00
2015.09.22 10:09:47.964,1.48007,1.48025,1.12,1.00
2015.09.22 10:09:48.482,1.4801,1.48027,1.00,1.50
2015.09.22 10:09:48.691,1.48009,1.48027,1.12,1.00
2015.09.22 10:09:48.742,1.48012,1.48031,1.75,2.25
2015.09.22 10:09:49.256,1.48011,1.48028,1.12,1.00
2015.09.22 10:09:49.307,1.4801,1.48028,1.75,1.00
2015.09.22 10:09:49.853,1.48011,1.48028,1.12,1.00
2015.09.22 10:09:50.637,1.48012,1.48028,1.00,1.00
2015.09.22 10:09:50.689,1.48012,1.4803,1.00,1.00
2015.09.22 10:09:50.740,1.48012,1.4803,1.12,1.00
2015.09.22 10:09:50.943,1.48016,1.48036,1.12,1.00
2015.09.22 10:09:51.045,1.48016,1.48038,1.12,1.50
2015.09.22 10:09:51.247,1.4803,1.48048,1.00,1.00
2015.09.22 10:09:51.349,1.48031,1.48049,1.12,1.00
2015.09.22 10:09:52.049,1.4803,1.48042,1.12,1.00
2015.09.22 10:09:52.151,1.48023,1.48043,1.12,1.12
2015.09.22 10:09:52.660,1.48021,1.48042,1.12,3.00
2015.09.22 10:09:53.182,1.48021,1.4804,1.12,1.00
2015.09.22 10:09:53.677,1.48019,1.48039,1.75,1.00
2015.09.22 10:09:53.779,1.48018,1.48036,1.95,1.00
2015.09.22 10:09:53.983,1.48017,1.48035,1.50,1.00
2015.09.22 10:09:54.137,1.48017,1.48035,1.00,1.75
2015.09.22 10:09:54.779,1.48015,1.48031,1.75,1.00
2015.09.22 10:09:54.881,1.48015,1.4803,1.00,1.00
2015.09.22 10:09:55.034,1.48013,1.4803,1.00,1.00
2015.09.22 10:09:55.311,1.48013,1.48028,1.00,1.00
2015.09.22 10:09:56.086,1.48009,1.48028,1.87,1.00
2015.09.22 10:09:56.639,1.48012,1.48028,1.00,1.00
2015.09.22 10:09:57.183,1.48011,1.48027,1.00,1.00
2015.09.22 10:09:57.663,1.48009,1.4803,1.75,2.25
2015.09.22 10:09:57.968,1.48014,1.48034,1.87,1.00
2015.09.22 10:09:58.474,1.48019,1.48035,1.00,1.00
2015.09.22 10:09:58.833,1.48019,1.48035,1.37,1.00
2015.09.22 10:09:59.339,1.4802,1.48035,1.00,1.00
2015.09.22 10:09:59.542,1.48017,1.48033,1.50,1.00
2015.09.22 10:10:00.152,1.4802,1.48038,1.00,1.12
2015.09.22 10:10:00.254,1.4802,1.48035,1.00,1.00
2015.09.22 10:10:00.761,1.48017,1.48034,2.25,1.00
2015.09.22 10:10:01.809,1.48017,1.48034,2.25,1.00
2015.09.22 10:10:02.472,1.48016,1.48033,1.75,1.00
2015.09.22 10:10:03.818,1.48016,1.48034,1.75,1.00
2015.09.22 10:10:04.361,1.48016,1.48035,1.75,1.00
2015.09.22 10:10:04.801,1.48017,1.48033,1.75,1.00
2015.09.22 10:10:05.259,1.48017,1.48034,1.00,1.00
2015.09.22 10:10:05.565,1.48015,1.48032,2.25,1.00
2015.09.22 10:10:06.107,1.48015,1.48034,2.25,1.00
2015.09.22 10:10:06.391,1.48019,1.48034,1.00,1.00
2015.09.22 10:10:06.442,1.48016,1.48036,2.25,1.12
2015.09.22 10:10:06.493,1.48016,1.48036,1.87,1.00
2015.09.22 10:10:06.594,1.48016,1.48035,1.87,1.00
2015.09.22 10:10:07.247,1.48021,1.48036,1.00,1.37
2015.09.22 10:10:07.399,1.48017,1.48033,1.12,1.00
2015.09.22 10:10:07.450,1.48017,1.4803,1.12,1.00
2015.09.22 10:10:07.610,1.48014,1.48029,1.12,1.00
2015.09.22 10:10:07.665,1.48013,1.48027,2.62,1.00
2015.09.22 10:10:07.871,1.48011,1.48029,1.87,1.12
2015.09.22 10:10:08.433,1.48011,1.48028,1.37,1.00
2015.09.22 10:10:08.596,1.48011,1.48028,1.12,1.00
2015.09.22 10:10:09.101,1.48011,1.48028,1.50,1.00
2015.09.22 10:10:09.761,1.48011,1.48027,1.50,1.00
2015.09.22 10:10:10.483,1.48011,1.48027,1.50,1.50
2015.09.22 10:10:10.948,1.48008,1.48024,1.75,1.00
2015.09.22 10:10:11.633,1.48008,1.48023,1.50,1.00
2015.09.22 10:10:11.687,1.48008,1.48023,1.50,1.00
2015.09.22 10:10:11.738,1.48008,1.48021,1.50,1.00
2015.09.22 10:10:12.043,1.48013,1.48028,1.37,2.62
2015.09.22 10:10:12.094,1.48013,1.48028,1.75,1.00
2015.09.22 10:10:12.499,1.48012,1.48027,1.12,1.00
2015.09.22 10:10:13.598,1.48013,1.48027,1.00,1.00
2015.09.22 10:10:14.222,1.48013,1.48028,1.00,1.00
2015.09.22 10:10:14.881,1.48013,1.48027,1.00,1.00
2015.09.22 10:10:15.674,1.48013,1.48028,1.00,1.00
2015.09.22 10:10:16.422,1.48013,1.48027,1.00,1.00
2015.09.22 10:10:16.562,1.48013,1.4803,1.37,1.12
2015.09.22 10:10:16.716,1.48016,1.48031,1.50,1.50
2015.09.22 10:10:17.126,1.48016,1.48035,2.25,1.00
2015.09.22 10:10:17.231,1.48016,1.48033,2.25,1.00
2015.09.22 10:10:17.830,1.48016,1.48033,1.50,1.00
2015.09.22 10:10:18.185,1.48015,1.48031,1.12,1.00
2015.09.22 10:10:18.524,1.48014,1.48025,1.00,1.00
2015.09.22 10:10:18.575,1.48007,1.48025,1.12,1.00
2015.09.22 10:10:19.031,1.48004,1.48023,1.75,1.00
2015.09.22 10:10:19.653,1.48006,1.48025,1.00,1.12
2015.09.22 10:10:19.937,1.48006,1.48026,1.50,1.50
2015.09.22 10:10:20.291,1.48012,1.48026,1.37,1.00
2015.09.22 10:10:20.394,1.48015,1.4803,1.00,1.50
2015.09.22 10:10:20.496,1.48017,1.48033,1.00,1.75
2015.09.22 10:10:20.547,1.48017,1.48033,1.00,1.00
2015.09.22 10:10:21.194,1.48017,1.48037,1.00,1.87
2015.09.22 10:10:21.246,1.48017,1.48037,1.87,1.00
2015.09.22 10:10:21.884,1.48019,1.48037,1.00,1.00
2015.09.22 10:10:22.635,1.48019,1.48038,1.12,1.12
2015.09.22 10:10:24.507,1.48019,1.48038,1.50,1.12
2015.09.22 10:10:26.556,1.4802,1.48038,1.50,1.12
2015.09.22 10:10:27.096,1.4802,1.4804,1.87,1.50
2015.09.22 10:10:29.559,1.4802,1.4804,1.50,1.50
2015.09.22 10:10:30.289,1.48021,1.4804,1.00,1.12
2015.09.22 10:10:33.254,1.48015,1.48033,1.12,1.12
2015.09.22 10:10:33.357,1.48012,1.48032,2.25,1.00
2015.09.22 10:10:33.409,1.48012,1.48032,1.50,1.75
2015.09.22 10:10:33.461,1.48012,1.4803,1.12,1.12
2015.09.22 10:10:33.563,1.48011,1.48032,1.37,1.50
2015.09.22 10:10:33.716,1.48012,1.48031,1.00,1.12
2015.09.22 10:10:33.870,1.48012,1.48032,1.00,1.87
2015.09.22 10:10:34.044,1.48012,1.48032,1.87,1.00
2015.09.22 10:10:34.460,1.48001,1.48021,1.50,1.00
2015.09.22 10:10:34.783,1.48,1.48016,1.12,1.00
2015.09.22 10:10:34.836,1.47995,1.48016,1.12,2.25
2015.09.22 10:10:34.887,1.47998,1.48016,1.00,2.25
2015.09.22 10:10:35.090,1.48001,1.48018,1.00,1.12
2015.09.22 10:10:35.446,1.48001,1.4802,1.37,1.87
2015.09.22 10:10:35.839,1.48001,1.4802,1.37,3.00
2015.09.22 10:10:35.891,1.47998,1.48018,1.12,1.87
2015.09.22 10:10:36.825,1.47998,1.48017,1.12,1.12
2015.09.22 10:10:37.275,1.47998,1.48017,1.12,2.25
2015.09.22 10:10:37.823,1.47996,1.48016,1.12,1.87
2015.09.22 10:10:38.128,1.47998,1.48015,1.37,1.50
2015.09.22 10:10:38.740,1.47999,1.48015,1.00,1.50
2015.09.22 10:10:39.279,1.47999,1.48016,1.00,1.12
2015.09.22 10:10:40.939,1.47998,1.48016,1.12,1.00
2015.09.22 10:10:41.244,1.47995,1.48014,1.50,2.25
2015.09.22 10:10:41.748,1.47991,1.4801,1.37,1.00
2015.09.22 10:10:42.053,1.47989,1.48007,1.87,1.00
2015.09.22 10:10:42.594,1.47989,1.48008,1.87,1.00
2015.09.22 10:10:43.251,1.4799,1.48008,1.37,1.00
2015.09.22 10:10:43.794,1.47991,1.48009,1.37,1.00
2015.09.22 10:10:44.450,1.47991,1.48009,1.12,1.00
2015.09.22 10:10:44.962,1.47994,1.48009,1.00,1.00
2015.09.22 10:10:45.216,1.47994,1.48012,1.00,1.00
2015.09.22 10:10:46.380,1.47992,1.48012,1.12,2.25
2015.09.22 10:10:46.482,1.47988,1.4801,1.12,2.25
2015.09.22 10:10:46.584,1.47985,1.48005,1.00,2.62
2015.09.22 10:10:46.685,1.47984,1.48003,1.75,1.00
2015.09.22 10:10:46.888,1.47984,1.48002,1.50,1.00
2015.09.22 10:10:46.940,1.47986,1.48005,1.00,1.87
2015.09.22 10:10:47.879,1.47984,1.48005,1.87,2.25
2015.09.22 10:10:48.417,1.47984,1.48003,1.87,1.00
2015.09.22 10:10:49.592,1.47984,1.48002,1.50,1.12
2015.09.22 10:10:49.998,1.47981,1.48001,2.25,1.12
2015.09.22 10:10:50.778,1.47981,1.48,1.87,1.00
2015.09.22 10:10:51.328,1.47981,1.48001,1.87,1.50
2015.09.22 10:10:51.531,1.4798,1.48,1.00,1.12
2015.09.22 10:10:52.213,1.4798,1.47999,1.00,1.00
2015.09.22 10:10:52.569,1.47979,1.48,1.12,1.00
2015.09.22 10:10:52.874,1.47986,1.48003,1.37,1.00
2015.09.22 10:10:53.180,1.47983,1.48003,1.12,1.37
2015.09.22 10:10:53.893,1.47983,1.48002,1.12,1.37
2015.09.22 10:10:53.994,1.47979,1.48,1.12,1.37
2015.09.22 10:10:54.603,1.47979,1.48,1.75,1.12
2015.09.22 10:10:55.015,1.47978,1.47998,1.50,1.37
2015.09.22 10:10:55.319,1.47971,1.47991,1.75,1.12
2015.09.22 10:10:55.623,1.47968,1.4799,2.25,1.37
2015.09.22 10:10:55.674,1.47968,1.4799,1.37,1.12
2015.09.22 10:10:55.827,1.47967,1.47987,1.00,1.37
2015.09.22 10:10:56.389,1.47966,1.47987,1.00,2.25
2015.09.22 10:10:56.696,1.47965,1.47984,1.12,1.37
2015.09.22 10:10:56.797,1.47964,1.47984,1.50,1.37
2015.09.22 10:10:57.304,1.47964,1.47983,1.12,1.37
2015.09.22 10:10:58.089,1.47962,1.47983,1.37,1.75
2015.09.22 10:10:58.141,1.47961,1.47981,1.50,1.50
2015.09.22 10:10:58.685,1.47961,1.47981,1.50,1.50
2015.09.22 10:10:58.888,1.47965,1.47984,1.00,1.12
2015.09.22 10:10:59.091,1.47966,1.47984,1.50,1.00
2015.09.22 10:10:59.624,1.47968,1.47984,1.12,1.00
2015.09.22 10:10:59.675,1.47968,1.47987,1.50,1.12
2015.09.22 10:10:59.777,1.4797,1.47987,1.00,1.00
2015.09.22 10:10:59.983,1.47972,1.47992,1.00,1.50
2015.09.22 10:11:00.034,1.47971,1.47992,1.12,1.50
2015.09.22 10:11:01.001,1.47973,1.47992,1.37,1.12
2015.09.22 10:11:02.651,1.47971,1.47992,1.87,1.50
2015.09.22 10:11:03.194,1.47972,1.47992,1.00,1.50
2015.09.22 10:11:04.263,1.47972,1.47992,1.12,1.50
2015.09.22 10:11:05.072,1.47972,1.47992,1.37,1.12
2015.09.22 10:11:05.344,1.47972,1.47988,1.00,1.12
2015.09.22 10:11:05.744,1.47964,1.47986,1.87,2.25
2015.09.22 10:11:05.800,1.47965,1.47986,1.37,1.50
2015.09.22 10:11:06.054,1.47968,1.47991,1.12,2.62
2015.09.22 10:11:06.105,1.47968,1.4799,1.37,1.37
2015.09.22 10:11:06.257,1.47969,1.47991,1.12,1.50
2015.09.22 10:11:07.339,1.47971,1.47991,1.12,1.12
2015.09.22 10:11:07.753,1.47971,1.47991,1.12,1.12
2015.09.22 10:11:08.058,1.47973,1.47994,2.25,1.75
2015.09.22 10:11:08.160,1.47973,1.47994,2.62,1.12
2015.09.22 10:11:08.768,1.47973,1.47994,1.75,1.12
2015.09.22 10:11:09.023,1.47979,1.47994,1.00,1.00
2015.09.22 10:11:09.227,1.47984,1.48002,1.37,1.00
2015.09.22 10:11:09.329,1.47984,1.48002,1.75,1.00
2015.09.22 10:11:09.482,1.47986,1.48006,1.75,1.87
2015.09.22 10:11:09.978,1.47988,1.48008,1.37,1.12
2015.09.22 10:11:10.182,1.47988,1.48005,1.37,1.00
2015.09.22 10:11:10.437,1.47977,1.47998,3.37,1.12
2015.09.22 10:11:10.488,1.47978,1.47997,1.00,1.12
2015.09.22 10:11:11.346,1.47974,1.47996,2.62,1.37
2015.09.22 10:11:11.750,1.47973,1.47994,1.00,1.75
2015.09.22 10:11:12.293,1.47973,1.47993,1.00,1.87
2015.09.22 10:11:14.271,1.47971,1.47993,1.12,1.12
2015.09.22 10:11:14.373,1.47973,1.47995,1.87,2.62
2015.09.22 10:11:14.424,1.47974,1.47995,1.12,2.62
2015.09.22 10:11:14.829,1.47975,1.47995,1.37,1.50
2015.09.22 10:11:14.931,1.47979,1.47998,1.00,1.12
2015.09.22 10:11:15.134,1.47975,1.47998,1.12,2.62
2015.09.22 10:11:15.759,1.47976,1.47998,1.12,1.50
2015.09.22 10:11:16.013,1.47979,1.48,2.25,1.00
2015.09.22 10:11:16.064,1.4798,1.48002,1.50,1.37
2015.09.22 10:11:16.115,1.47982,1.48003,2.62,1.37
2015.09.22 10:11:16.166,1.47983,1.48003,1.12,1.00
2015.09.22 10:11:16.217,1.47987,1.48007,1.00,1.87
2015.09.22 10:11:16.370,1.47986,1.48008,1.12,1.75
2015.09.22 10:11:17.368,1.47986,1.48009,1.12,1.87
2015.09.22 10:11:18.295,1.47987,1.48009,1.12,1.87
2015.09.22 10:11:18.397,1.47988,1.4801,1.12,1.12
2015.09.22 10:11:18.970,1.47988,1.48006,1.00,1.00
2015.09.22 10:11:19.072,1.47984,1.48006,1.12,1.50
2015.09.22 10:11:19.579,1.47983,1.48005,1.12,1.12
2015.09.22 10:11:20.180,1.47984,1.48005,1.12,1.12
2015.09.22 10:11:20.688,1.47984,1.48005,1.12,1.12
2015.09.22 10:11:21.510,1.47984,1.48006,2.62,1.50
2015.09.22 10:11:22.025,1.47988,1.48008,1.37,1.50
2015.09.22 10:11:24.145,1.47987,1.48009,1.87,2.25
2015.09.22 10:11:24.551,1.47987,1.48009,2.62,2.25
2015.09.22 10:11:25.959,1.47989,1.48009,1.75,1.12
2015.09.22 10:11:26.263,1.47993,1.48015,1.50,2.25
2015.09.22 10:11:26.365,1.47993,1.48013,2.25,1.12
2015.09.22 10:11:27.124,1.47991,1.48012,3.00,1.37
2015.09.22 10:11:27.948,1.47991,1.48012,1.87,2.25
2015.09.22 10:11:28.253,1.47989,1.48009,1.50,1.12
2015.09.22 10:11:28.786,1.47988,1.48009,1.75,1.12
2015.09.22 10:11:29.319,1.47988,1.48008,1.37,1.12
2015.09.22 10:11:30.332,1.47988,1.48009,1.37,1.87
2015.09.22 10:11:30.637,1.47998,1.48015,1.50,1.00
2015.09.22 10:11:30.790,1.47998,1.48017,1.50,1.00
2015.09.22 10:11:30.892,1.47999,1.48019,1.12,1.00
2015.09.22 10:11:31.260,1.48001,1.48022,1.00,1.12
2015.09.22 10:11:31.809,1.48001,1.48023,1.87,2.62
2015.09.22 10:11:32.331,1.48001,1.48023,1.75,2.25
2015.09.22 10:11:33.156,1.48002,1.48023,1.12,2.25
2015.09.22 10:11:33.703,1.48002,1.48023,1.50,2.25
2015.09.22 10:11:33.855,1.48005,1.48023,1.00,2.25
2015.09.22 10:11:34.167,1.48001,1.48023,1.87,1.75
2015.09.22 10:11:34.721,1.47992,1.48012,1.50,2.25
2015.09.22 10:11:35.029,1.47992,1.4801,1.87,1.00
2015.09.22 10:11:35.536,1.47992,1.48011,1.87,1.00
2015.09.22 10:11:36.272,1.47994,1.48012,1.12,1.12
2015.09.22 10:11:37.044,1.47995,1.48014,1.00,3.00
2015.09.22 10:11:37.639,1.48009,1.48025,1.00,1.00
2015.09.22 10:11:37.994,1.4801,1.4803,1.12,1.50
2015.09.22 10:11:38.597,1.48009,1.4803,1.50,1.50
2015.09.22 10:11:39.208,1.48009,1.48028,1.00,1.12
2015.09.22 10:11:39.361,1.48009,1.4803,1.50,1.12
2015.09.22 10:11:40.371,1.48011,1.48033,1.87,3.00
2015.09.22 10:11:40.432,1.48013,1.48033,1.12,1.50
2015.09.22 10:11:41.191,1.48014,1.48034,1.37,1.00
2015.09.22 10:11:41.705,1.48014,1.48036,1.75,2.25
2015.09.22 10:11:43.614,1.48019,1.48036,1.00,1.50
2015.09.22 10:11:44.125,1.48026,1.48041,1.00,1.00
2015.09.22 10:11:44.430,1.48032,1.48045,1.00,1.12
2015.09.22 10:11:44.532,1.48033,1.48046,1.00,1.37
2015.09.22 10:11:44.583,1.48037,1.48051,1.00,1.00
2015.09.22 10:11:44.684,1.48037,1.48057,1.37,1.50
2015.09.22 10:11:44.786,1.48036,1.48058,1.37,1.00
2015.09.22 10:11:44.939,1.48036,1.48053,1.12,1.00
2015.09.22 10:11:45.587,1.48036,1.48055,1.12,1.00
2015.09.22 10:11:45.644,1.48032,1.48054,2.25,1.12
2015.09.22 10:11:46.176,1.48032,1.48053,1.37,1.75
2015.09.22 10:11:47.178,1.48032,1.48053,1.37,1.75
2015.09.22 10:11:48.189,1.48032,1.48054,1.12,1.12
2015.09.22 10:11:48.698,1.48032,1.48054,1.75,1.12
2015.09.22 10:11:48.749,1.48035,1.48057,1.75,1.12
2015.09.22 10:11:48.903,1.48035,1.48057,1.75,1.00
2015.09.22 10:11:49.134,1.48035,1.48057,1.12,1.75
2015.09.22 10:11:49.287,1.48034,1.48055,1.00,1.87
2015.09.22 10:11:49.624,1.48032,1.48053,1.87,1.12
2015.09.22 10:11:50.307,1.48031,1.48053,1.12,1.75
2015.09.22 10:11:50.651,1.48032,1.48054,1.12,1.12
2015.09.22 10:11:50.702,1.48036,1.48054,1.00,1.00
2015.09.22 10:11:50.905,1.48036,1.48057,1.37,1.50
2015.09.22 10:11:51.905,1.48036,1.48058,1.12,1.12
2015.09.22 10:11:52.938,1.48037,1.48058,1.75,1.12
2015.09.22 10:11:53.715,1.48036,1.48058,1.87,1.12
2015.09.22 10:11:54.692,1.48036,1.48058,1.12,1.12
2015.09.22 10:11:54.809,1.48038,1.4806,1.37,1.87
2015.09.22 10:11:55.658,1.48035,1.48053,1.50,1.37
2015.09.22 10:11:55.714,1.48029,1.48051,1.12,1.50
2015.09.22 10:11:55.815,1.48028,1.4805,1.87,1.37
2015.09.22 10:11:55.918,1.48028,1.4805,2.25,1.00
2015.09.22 10:11:56.223,1.48028,1.4805,1.50,2.25
2015.09.22 10:11:56.511,1.48028,1.4805,2.25,1.50
2015.09.22 10:11:57.018,1.48028,1.48049,2.25,1.37
2015.09.22 10:11:57.734,1.48028,1.48049,1.12,1.75
2015.09.22 10:11:59.028,1.48027,1.48048,1.00,1.87
2015.09.22 10:11:59.332,1.48024,1.48045,1.75,1.00
2015.09.22 10:11:59.988,1.48026,1.48045,2.25,1.00
2015.09.22 10:12:00.242,1.48026,1.48049,2.62,2.25
2015.09.22 10:12:00.789,1.48027,1.48049,1.37,1.87
2015.09.22 10:12:00.840,1.48026,1.48048,2.62,1.12
2015.09.22 10:12:01.219,1.48026,1.48036,1.12,1.00
2015.09.22 10:12:01.321,1.48013,1.48033,1.37,1.50
2015.09.22 10:12:01.423,1.48011,1.48032,1.00,1.12
2015.09.22 10:12:01.525,1.48011,1.48031,1.00,1.12
2015.09.22 10:12:02.204,1.4801,1.4803,1.00,1.87
2015.09.22 10:12:02.559,1.48007,1.48028,1.00,1.75
2015.09.22 10:12:03.705,1.48007,1.48029,1.50,1.87
2015.09.22 10:12:04.430,1.48007,1.48029,1.50,1.87
2015.09.22 10:12:04.856,1.48008,1.48031,1.12,1.87
2015.09.22 10:12:06.637,1.48008,1.4803,1.12,1.12
2015.09.22 10:12:07.442,1.48008,1.4803,1.50,1.87
2015.09.22 10:12:08.067,1.48009,1.48032,1.12,1.12
2015.09.22 10:12:08.597,1.4801,1.48032,1.37,1.12
2015.09.22 10:12:09.213,1.48013,1.48032,1.87,1.12
2015.09.22 10:12:09.803,1.48013,1.48032,1.87,1.12
2015.09.22 10:12:10.710,1.48013,1.48032,1.37,1.12
2015.09.22 10:12:11.335,1.48013,1.48032,1.75,1.12
2015.09.22 10:12:11.843,1.48014,1.48032,1.00,1.12
2015.09.22 10:12:14.743,1.48009,1.48031,2.25,1.12
2015.09.22 10:12:14.947,1.4801,1.48026,1.00,1.00
2015.09.22 10:12:15.099,1.48008,1.48026,1.50,1.00
2015.09.22 10:12:15.788,1.48005,1.48026,2.25,1.00
2015.09.22 10:12:16.295,1.48005,1.48026,2.25,1.00
2015.09.22 10:12:16.814,1.48005,1.48026,1.50,1.00
2015.09.22 10:12:17.242,1.48005,1.48027,1.12,2.62
2015.09.22 10:12:17.549,1.47994,1.48017,1.12,1.50
2015.09.22 10:12:17.651,1.47993,1.48017,1.12,1.87
2015.09.22 10:12:17.754,1.47996,1.48017,1.00,1.00
2015.09.22 10:12:17.958,1.47996,1.48018,1.87,1.12
2015.09.22 10:12:18.505,1.47997,1.48019,1.12,1.50
2015.09.22 10:12:20.857,1.47997,1.4802,1.12,2.62
2015.09.22 10:12:22.099,1.47997,1.48019,1.75,1.37
2015.09.22 10:12:22.633,1.47998,1.4802,1.00,2.25
2015.09.22 10:12:22.938,1.47996,1.48013,1.12,1.37
2015.09.22 10:12:22.991,1.47993,1.48012,1.12,1.37
2015.09.22 10:12:23.093,1.47989,1.48012,1.12,1.87
2015.09.22 10:12:23.463,1.4799,1.48013,1.12,2.62
2015.09.22 10:12:24.003,1.47992,1.48015,1.87,2.62
2015.09.22 10:12:24.156,1.47997,1.48015,1.00,1.37
2015.09.22 10:12:24.342,1.47997,1.48016,1.00,1.00
2015.09.22 10:12:25.161,1.47997,1.48018,1.12,1.12
2015.09.22 10:12:25.696,1.47997,1.48019,1.12,1.75
2015.09.22 10:12:25.799,1.47999,1.48019,1.00,1.12
2015.09.22 10:12:26.934,1.47998,1.4802,1.12,1.87
2015.09.22 10:12:32.840,1.47998,1.48021,1.12,1.87
2015.09.22 10:12:32.944,1.47999,1.48021,1.50,1.87
2015.09.22 10:12:33.484,1.47999,1.48021,1.50,1.87
2015.09.22 10:12:33.535,1.47999,1.48021,1.37,1.87
2015.09.22 10:12:33.586,1.48001,1.48021,1.75,1.12
2015.09.22 10:12:33.637,1.48001,1.48023,1.87,1.75
2015.09.22 10:12:33.688,1.48003,1.48024,1.37,1.50
2015.09.22 10:12:34.193,1.48006,1.48027,1.00,3.00
2015.09.22 10:12:34.345,1.48004,1.48025,1.00,1.37
2015.09.22 10:12:40.139,1.48001,1.48022,1.37,1.37
2015.09.22 10:12:40.646,1.48,1.48022,1.37,1.75
2015.09.22 10:12:42.158,1.48,1.48022,1.12,1.12
2015.09.22 10:12:42.515,1.48004,1.48024,1.50,1.50
2015.09.22 10:12:42.872,1.48005,1.48024,1.37,1.37
2015.09.22 10:12:43.271,1.48007,1.48028,1.87,1.12
2015.09.22 10:12:43.326,1.48009,1.4803,1.37,2.62
2015.09.22 10:12:43.782,1.48009,1.48024,1.00,1.00
2015.09.22 10:12:43.833,1.48007,1.48024,1.00,1.00
2015.09.22 10:12:43.884,1.48007,1.48022,1.00,1.00
2015.09.22 10:12:44.036,1.48001,1.48022,1.12,1.12
2015.09.22 10:12:44.840,1.47998,1.4802,1.47,1.12
2015.09.22 10:12:45.347,1.47998,1.48018,1.10,1.12
2015.09.22 10:12:45.696,1.47997,1.48018,1.50,1.12
2015.09.22 10:12:46.311,1.47997,1.48017,1.50,1.00
2015.09.22 10:12:49.175,1.47997,1.48018,1.50,1.50
2015.09.22 10:12:49.751,1.48004,1.48024,1.12,1.00
2015.09.22 10:12:49.807,1.48005,1.48027,1.12,1.87
2015.09.22 10:12:50.403,1.48005,1.48025,1.75,1.00
2015.09.22 10:12:51.006,1.48005,1.48025,1.37,1.37
2015.09.22 10:12:51.310,1.48002,1.48021,1.37,1.12
2015.09.22 10:12:51.413,1.48001,1.48021,1.37,1.75
2015.09.22 10:12:51.515,1.47999,1.48017,1.00,1.00
2015.09.22 10:12:51.719,1.47996,1.48015,1.00,1.00
2015.09.22 10:12:51.872,1.47995,1.48012,1.37,1.00
2015.09.22 10:12:52.281,1.47986,1.48008,1.85,1.00
2015.09.22 10:12:52.787,1.47986,1.48007,1.75,1.00
2015.09.22 10:12:52.889,1.47988,1.48007,1.50,1.00
2015.09.22 10:12:53.041,1.47989,1.48009,1.37,1.50
2015.09.22 10:12:54.719,1.4799,1.48009,1.00,1.12
2015.09.22 10:12:55.629,1.47989,1.48009,1.12,1.12
2015.09.22 10:12:57.441,1.4799,1.48009,1.50,1.12
2015.09.22 10:12:58.740,1.47994,1.48012,1.50,1.00
2015.09.22 10:12:59.046,1.47994,1.48012,1.75,1.00
2015.09.22 10:12:59.553,1.47993,1.48012,1.75,1.12
2015.09.22 10:12:59.604,1.47994,1.48012,1.00,1.12
2015.09.22 10:13:00.405,1.47995,1.48014,1.37,1.12
2015.09.22 10:13:00.457,1.47995,1.48016,2.25,1.50
2015.09.22 10:13:00.711,1.47996,1.48018,1.50,1.87
2015.09.22 10:13:00.762,1.47997,1.48018,1.87,1.50
2015.09.22 10:13:01.217,1.47998,1.48018,2.25,1.50
2015.09.22 10:13:01.654,1.48001,1.48019,1.12,1.75
2015.09.22 10:13:01.757,1.48004,1.48024,1.87,1.00
2015.09.22 10:13:02.061,1.48005,1.48026,1.87,1.00
2015.09.22 10:13:02.265,1.48006,1.48027,1.20,1.00
2015.09.22 10:13:02.367,1.48005,1.48027,2.25,1.12
2015.09.22 10:13:03.097,1.48006,1.48029,1.95,1.87
2015.09.22 10:13:03.149,1.48009,1.48029,1.00,1.50
2015.09.22 10:13:03.354,1.48011,1.4803,1.00,1.87
2015.09.22 10:13:03.876,1.48011,1.48031,1.00,1.75
2015.09.22 10:13:04.315,1.48015,1.48031,1.00,1.37
2015.09.22 10:13:04.378,1.48015,1.48033,1.12,1.50
2015.09.22 10:13:04.581,1.48014,1.48034,1.00,2.25
2015.09.22 10:13:04.785,1.48013,1.48033,1.12,1.87
2015.09.22 10:13:05.289,1.48013,1.48033,1.50,1.87
2015.09.22 10:13:05.895,1.48012,1.48032,1.37,1.50
2015.09.22 10:13:05.947,1.48011,1.48032,1.37,1.50
2015.09.22 10:13:06.150,1.48016,1.48031,1.00,1.00
2015.09.22 10:13:06.458,1.48021,1.48035,1.00,1.50
2015.09.22 10:13:06.560,1.48019,1.48035,1.12,1.00
2015.09.22 10:13:06.662,1.48022,1.48037,1.00,1.12
2015.09.22 10:13:07.428,1.48019,1.48038,2.25,1.12
2015.09.22 10:13:07.956,1.48019,1.48038,1.50,1.12
2015.09.22 10:13:09.568,1.48017,1.48038,1.37,1.50
2015.09.22 10:13:10.486,1.48018,1.48038,1.75,1.12
2015.09.22 10:13:10.892,1.48017,1.48038,1.37,1.50
2015.09.22 10:13:12.512,1.48017,1.48038,1.12,1.37
2015.09.22 10:13:12.716,1.48018,1.48035,1.37,1.00
2015.09.22 10:13:12.768,1.48015,1.48035,1.37,1.50
2015.09.22 10:13:12.819,1.48014,1.48033,1.12,1.12
2015.09.22 10:13:12.971,1.48011,1.48031,1.50,1.50
2015.09.22 10:13:14.302,1.48012,1.48031,1.12,1.12
2015.09.22 10:13:15.369,1.48011,1.4803,1.37,1.00
2015.09.22 10:13:15.902,1.4801,1.4803,1.50,1.50
2015.09.22 10:13:15.953,1.4801,1.4803,1.37,1.87
2015.09.22 10:13:16.309,1.48007,1.48026,1.37,1.00
2015.09.22 10:13:19.018,1.48007,1.48026,1.00,1.00
2015.09.22 10:13:19.120,1.48004,1.48025,1.12,1.37
2015.09.22 10:13:20.070,1.48006,1.48026,1.50,2.25
2015.09.22 10:13:20.710,1.48007,1.48026,1.12,1.12
2015.09.22 10:13:20.862,1.48007,1.48026,1.12,1.12
2015.09.22 10:13:21.866,1.48007,1.48028,1.12,1.87
2015.09.22 10:13:22.387,1.48011,1.4803,1.00,1.87
2015.09.22 10:13:22.886,1.48012,1.48033,1.75,1.75
2015.09.22 10:13:23.293,1.48015,1.48035,1.37,1.50
2015.09.22 10:13:23.871,1.48015,1.48035,1.12,1.50
2015.09.22 10:13:28.723,1.48018,1.48037,1.00,1.75
2015.09.22 10:13:28.870,1.48016,1.48037,1.12,1.75
2015.09.22 10:13:29.212,1.4802,1.48042,1.12,1.87
2015.09.22 10:13:29.827,1.48026,1.48047,1.12,1.50
2015.09.22 10:13:30.367,1.48025,1.48045,1.87,1.12
2015.09.22 10:13:30.895,1.48025,1.48045,1.87,1.50
2015.09.22 10:13:31.632,1.48025,1.48046,1.12,1.87
2015.09.22 10:13:31.937,1.48028,1.48046,1.00,1.12
2015.09.22 10:13:32.140,1.48026,1.48046,1.12,1.50
2015.09.22 10:13:32.192,1.48024,1.48043,1.12,1.00
2015.09.22 10:13:32.293,1.48022,1.48041,1.37,1.12
2015.09.22 10:13:32.345,1.4802,1.48041,1.12,1.87
2015.09.22 10:13:32.396,1.4802,1.48039,1.12,1.00
2015.09.22 10:13:33.012,1.48018,1.4804,2.25,1.87
2015.09.22 10:13:33.517,1.4802,1.48038,1.12,1.87
2015.09.22 10:13:33.829,1.48019,1.48035,1.37,1.00
2015.09.22 10:13:34.518,1.48018,1.48035,1.12,1.00
2015.09.22 10:13:34.721,1.48017,1.48038,1.12,1.87
2015.09.22 10:13:35.230,1.48018,1.48037,2.25,1.00
2015.09.22 10:13:36.495,1.48019,1.48037,1.12,1.12
2015.09.22 10:13:37.001,1.48019,1.48036,1.00,1.50
2015.09.22 10:13:37.760,1.48019,1.48036,1.00,1.50
2015.09.22 10:13:38.262,1.48019,1.48036,1.12,1.12
2015.09.22 10:13:38.364,1.48017,1.48034,1.00,1.37
2015.09.22 10:13:38.578,1.48015,1.48034,1.00,1.37
2015.09.22 10:13:38.680,1.48013,1.48031,1.75,1.00
2015.09.22 10:13:38.731,1.48013,1.48031,1.00,1.00
2015.09.22 10:13:38.782,1.48013,1.48027,1.00,1.00
2015.09.22 10:13:38.833,1.48011,1.48027,1.00,1.12
2015.09.22 10:13:39.185,1.48011,1.48026,1.00,1.87
2015.09.22 10:13:39.237,1.48009,1.48026,1.00,1.87
2015.09.22 10:13:39.607,1.4801,1.48027,1.37,1.12
2015.09.22 10:13:39.709,1.48011,1.48029,1.12,2.25
2015.09.22 10:13:41.080,1.48005,1.48022,1.37,1.12
2015.09.22 10:13:41.133,1.48003,1.48022,1.37,1.12
2015.09.22 10:13:41.664,1.48004,1.48024,1.00,1.00
2015.09.22 10:13:41.716,1.48006,1.48025,1.37,1.50
2015.09.22 10:13:41.871,1.48008,1.48029,1.00,1.50
2015.09.22 10:13:42.026,1.4801,1.4803,1.00,1.12
2015.09.22 10:13:42.432,1.48011,1.48034,1.75,1.50
2015.09.22 10:13:43.098,1.48011,1.48034,1.75,1.37
2015.09.22 10:13:43.922,1.48012,1.48034,1.12,1.37
2015.09.22 10:13:44.024,1.48016,1.48035,1.00,1.50
2015.09.22 10:13:44.128,1.48016,1.48035,1.50,1.50
2015.09.22 10:13:44.230,1.48017,1.48039,1.12,1.12
2015.09.22 10:13:44.745,1.4802,1.4804,1.00,1.75
2015.09.22 10:13:45.636,1.48018,1.4804,1.12,1.75
2015.09.22 10:13:46.542,1.4802,1.4804,1.37,1.00
2015.09.22 10:13:47.067,1.48022,1.48042,1.00,1.75
2015.09.22 10:13:47.590,1.48022,1.48041,1.00,1.00
2015.09.22 10:13:47.844,1.48019,1.48042,1.87,1.87
2015.09.22 10:13:47.945,1.48018,1.48039,1.00,1.12
2015.09.22 10:13:48.047,1.48018,1.48039,1.00,1.12
2015.09.22 10:13:48.405,1.48015,1.48035,2.25,1.00
2015.09.22 10:13:48.947,1.48016,1.48038,1.12,1.37
2015.09.22 10:13:49.454,1.48017,1.48037,1.00,1.00
2015.09.22 10:13:50.348,1.48015,1.48036,1.00,1.37
2015.09.22 10:13:50.653,1.48019,1.4804,2.25,1.37
2015.09.22 10:13:50.857,1.48015,1.48035,1.87,1.00
2015.09.22 10:13:51.264,1.48014,1.48034,1.00,1.12
2015.09.22 10:13:51.613,1.48014,1.48038,1.87,1.12
2015.09.22 10:13:54.473,1.48016,1.48038,1.87,1.12
2015.09.22 10:14:00.814,1.48017,1.48037,1.87,1.37
2015.09.22 10:14:02.443,1.48017,1.48037,1.37,1.37
2015.09.22 10:14:03.445,1.48017,1.48037,1.37,1.37
2015.09.22 10:14:04.144,1.48016,1.48037,1.37,1.12
2015.09.22 10:14:04.348,1.48016,1.48036,1.37,1.50
2015.09.22 10:14:04.620,1.48028,1.48036,1.00,1.12
2015.09.22 10:14:04.671,1.48025,1.48038,1.00,1.57
2015.09.22 10:14:04.772,1.48031,1.48051,1.12,2.25
2015.09.22 10:14:04.823,1.48031,1.48051,1.12,1.50
2015.09.22 10:14:04.874,1.48027,1.48048,1.87,1.12
2015.09.22 10:14:04.976,1.48027,1.48048,1.12,1.87
2015.09.22 10:14:05.482,1.48026,1.48048,1.00,2.25
2015.09.22 10:14:05.787,1.48027,1.48047,1.00,1.00
2015.09.22 10:14:05.838,1.4803,1.48048,1.00,1.50
2015.09.22 10:14:05.940,1.4803,1.4805,1.12,1.47
2015.09.22 10:14:06.576,1.4803,1.48051,1.50,1.87
2015.09.22 10:14:08.017,1.4803,1.48048,1.00,1.12
2015.09.22 10:14:08.372,1.48028,1.48047,1.00,1.00
2015.09.22 10:14:08.577,1.4803,1.48051,1.37,2.25
2015.09.22 10:14:08.884,1.48033,1.48055,1.00,1.20
2015.09.22 10:14:09.591,1.48038,1.48056,1.12,1.00
2015.09.22 10:14:10.101,1.48038,1.4806,1.87,1.12
2015.09.22 10:14:10.406,1.48038,1.48061,2.62,1.87
2015.09.22 10:14:11.587,1.4804,1.48061,1.50,1.12
2015.09.22 10:14:11.689,1.48044,1.48065,1.00,2.25
2015.09.22 10:14:11.740,1.48046,1.48065,1.00,2.25
2015.09.22 10:14:12.131,1.48049,1.48065,1.50,1.00
2015.09.22 10:14:12.184,1.48049,1.4807,1.50,1.00
2015.09.22 10:14:12.389,1.48051,1.48073,1.75,3.00
2015.09.22 10:14:12.900,1.48052,1.48073,1.00,1.87
2015.09.22 10:14:13.206,1.48055,1.48075,1.50,1.50
2015.09.22 10:14:16.290,1.48056,1.48076,1.00,1.75
2015.09.22 10:14:16.714,1.48044,1.48063,1.00,1.37
2015.09.22 10:14:16.968,1.48042,1.48062,1.50,1.37
2015.09.22 10:14:17.475,1.48042,1.48063,2.25,1.75
2015.09.22 10:14:18.038,1.48042,1.48061,1.50,1.75
2015.09.22 10:14:18.577,1.48043,1.48061,1.00,1.75
2015.09.22 10:14:19.117,1.48042,1.48061,1.12,1.75
2015.09.22 10:14:19.809,1.48042,1.48061,1.37,1.75
2015.09.22 10:14:20.247,1.48041,1.4806,1.37,1.12
2015.09.22 10:14:20.654,1.48044,1.4806,1.37,1.12
2015.09.22 10:14:20.705,1.48046,1.48062,1.12,1.12
2015.09.22 10:14:20.807,1.48047,1.48066,1.00,1.37
2015.09.22 10:14:21.620,1.48046,1.48066,3.00,1.37
2015.09.22 10:14:22.135,1.48047,1.48066,1.75,1.37
2015.09.22 10:14:22.888,1.48048,1.48066,1.00,1.37
2015.09.22 10:14:23.600,1.48046,1.48066,1.50,1.37
2015.09.22 10:14:23.993,1.48043,1.48064,2.25,1.75
2015.09.22 10:14:24.544,1.48045,1.48062,1.00,1.12
2015.09.22 10:14:24.747,1.48045,1.48065,1.12,1.87
2015.09.22 10:14:25.253,1.48045,1.48065,1.37,1.75
2015.09.22 10:14:25.456,1.48045,1.48065,1.87,1.75
2015.09.22 10:14:25.920,1.48052,1.48065,1.37,1.12
2015.09.22 10:14:25.971,1.48052,1.48068,1.37,1.12
2015.09.22 10:14:26.022,1.48052,1.48071,1.37,1.12
2015.09.22 10:14:26.174,1.4805,1.4807,1.37,1.12
2015.09.22 10:14:26.226,1.4805,1.48068,1.00,1.12
2015.09.22 10:14:26.429,1.48048,1.48068,1.87,1.12
2015.09.22 10:14:26.480,1.48048,1.48068,1.50,1.12
2015.09.22 10:14:27.217,1.48048,1.48068,1.12,1.12
2015.09.22 10:14:27.723,1.48049,1.48068,1.00,1.12
2015.09.22 10:14:28.028,1.48047,1.48068,1.12,1.12
2015.09.22 10:14:28.755,1.48044,1.48065,1.50,1.12
2015.09.22 10:14:29.263,1.48044,1.48065,1.50,1.12
2015.09.22 10:14:29.936,1.48046,1.48065,1.00,1.12
2015.09.22 10:14:31.344,1.48047,1.48065,1.50,1.12
2015.09.22 10:14:31.446,1.48048,1.48067,1.12,1.75
2015.09.22 10:14:32.141,1.48048,1.48067,1.12,1.37
2015.09.22 10:14:32.746,1.48047,1.48067,1.50,1.12
2015.09.22 10:14:33.292,1.48048,1.48069,1.12,1.12
2015.09.22 10:14:33.947,1.48049,1.48069,1.00,1.12
2015.09.22 10:14:35.451,1.4805,1.48069,1.00,1.75
2015.09.22 10:14:36.415,1.48049,1.48069,1.75,1.75
2015.09.22 10:14:37.628,1.48049,1.48068,1.00,1.12
2015.09.22 10:14:38.446,1.48049,1.48067,1.37,1.37
2015.09.22 10:14:40.729,1.48049,1.48069,2.25,1.12
2015.09.22 10:14:40.884,1.48051,1.4807,1.12,1.12
2015.09.22 10:14:41.346,1.4805,1.4807,1.50,1.12
2015.09.22 10:14:41.448,1.48052,1.48072,1.37,1.12
2015.09.22 10:14:44.360,1.48052,1.48072,1.00,1.75
2015.09.22 10:14:44.885,1.48051,1.48069,1.37,1.00
2015.09.22 10:14:48.154,1.48047,1.4807,1.37,2.25
2015.09.22 10:14:48.256,1.48046,1.48068,1.12,1.87
2015.09.22 10:14:48.408,1.48045,1.48065,1.37,1.37
2015.09.22 10:14:48.915,1.48044,1.48066,1.12,1.87
2015.09.22 10:14:50.058,1.48045,1.48066,1.50,1.75
2015.09.22 10:14:50.514,1.48046,1.48067,1.37,1.37
2015.09.22 10:14:51.250,1.48046,1.48067,1.12,1.37
2015.09.22 10:14:51.915,1.48046,1.48067,1.37,1.37
2015.09.22 10:14:52.895,1.48049,1.48068,1.37,1.12
2015.09.22 10:14:52.997,1.4805,1.48069,1.12,1.00
2015.09.22 10:14:53.099,1.48051,1.48072,1.37,1.12
2015.09.22 10:14:53.403,1.48057,1.48076,1.12,1.37
2015.09.22 10:14:53.506,1.48058,1.4808,1.87,1.12
2015.09.22 10:14:54.211,1.48064,1.48082,1.37,1.00
2015.09.22 10:14:54.264,1.48066,1.48085,1.37,1.00
2015.09.22 10:14:54.317,1.48068,1.48089,1.87,1.37
2015.09.22 10:14:54.418,1.48069,1.48091,1.12,1.50
2015.09.22 10:14:55.332,1.48068,1.48088,2.62,1.50
2015.09.22 10:14:55.889,1.48068,1.4809,1.87,1.75
2015.09.22 10:14:55.990,1.4807,1.4809,1.37,1.00
2015.09.22 10:14:56.092,1.4807,1.4809,1.12,1.00
2015.09.22 10:14:56.193,1.4807,1.4809,1.00,2.25
2015.09.22 10:14:57.014,1.4807,1.4809,1.12,1.00
2015.09.22 10:14:57.116,1.48069,1.48091,1.75,1.37
2015.09.22 10:14:58.538,1.48073,1.48091,1.00,1.37
2015.09.22 10:14:58.639,1.48075,1.48094,1.00,1.50
2015.09.22 10:14:58.690,1.48075,1.48094,1.50,1.00
2015.09.22 10:14:58.894,1.48076,1.48096,1.37,1.12
2015.09.22 10:14:58.945,1.48075,1.48096,1.87,1.50
2015.09.22 10:14:58.997,1.48071,1.48093,3.00,1.75
2015.09.22 10:14:59.048,1.48071,1.48093,1.87,1.75
2015.09.22 10:14:59.099,1.48071,1.48092,1.50,1.12
2015.09.22 10:14:59.752,1.48071,1.48093,3.00,1.00
2015.09.22 10:15:00.260,1.48073,1.48094,1.50,1.12
2015.09.22 10:15:00.362,1.48072,1.48093,1.00,1.12
2015.09.22 10:15:01.024,1.48072,1.48092,1.12,1.00
2015.09.22 10:15:01.507,1.48073,1.48092,1.37,1.00
2015.09.22 10:15:02.499,1.48073,1.48092,1.37,1.00
2015.09.22 10:15:03.365,1.48074,1.48093,1.37,1.37
2015.09.22 10:15:03.880,1.48075,1.48094,1.50,1.12
2015.09.22 10:15:04.308,1.48078,1.48095,1.00,1.37
2015.09.22 10:15:04.411,1.48079,1.48099,1.00,1.75
2015.09.22 10:15:04.614,1.4808,1.481,1.00,1.50
2015.09.22 10:15:04.818,1.48078,1.48098,1.00,1.37
2015.09.22 10:15:05.587,1.48077,1.48097,1.50,1.12
2015.09.22 10:15:05.975,1.48076,1.48097,2.25,1.37
2015.09.22 10:15:06.483,1.48076,1.48095,1.12,1.37
2015.09.22 10:15:07.104,1.48076,1.48094,1.12,1.12
2015.09.22 10:15:07.156,1.48073,1.48092,1.00,1.12
2015.09.22 10:15:07.258,1.4807,1.4809,1.37,1.50
2015.09.22 10:15:07.360,1.48069,1.48087,1.00,1.37
2015.09.22 10:15:07.411,1.48067,1.4809,1.00,1.12
2015.09.22 10:15:07.918,1.48066,1.48087,2.62,1.00
2015.09.22 10:15:08.898,1.48068,1.48088,1.12,1.00
2015.09.22 10:15:08.950,1.48069,1.4809,1.37,1.75
2015.09.22 10:15:09.592,1.48068,1.48089,1.12,1.37
2015.09.22 10:15:09.693,1.48068,1.48088,1.12,1.00
2015.09.22 10:15:09.744,1.48068,1.48086,1.00,1.12
2015.09.22 10:15:10.129,1.48065,1.48085,1.50,1.37
2015.09.22 10:15:10.455,1.48065,1.48084,1.00,1.12
2015.09.22 10:15:10.993,1.48063,1.48083,1.00,1.12
2015.09.22 10:15:11.146,1.48059,1.48081,2.62,1.37
2015.09.22 10:15:11.451,1.48065,1.48083,1.12,1.75
2015.09.22 10:15:11.809,1.48071,1.48087,1.00,1.12
2015.09.22 10:15:11.866,1.48071,1.48089,1.00,1.00
2015.09.22 10:15:12.248,1.48069,1.48089,1.50,1.12
2015.09.22 10:15:12.965,1.48067,1.48086,1.37,1.00
2015.09.22 10:15:13.271,1.48067,1.48087,1.00,1.75
2015.09.22 10:15:13.332,1.48064,1.48084,1.12,1.00
2015.09.22 10:15:13.838,1.48066,1.48085,1.00,1.50
2015.09.22 10:15:14.518,1.48073,1.48086,1.12,1.12
2015.09.22 10:15:14.569,1.48073,1.48094,1.87,1.87
2015.09.22 10:15:15.076,1.48072,1.48094,1.12,1.75
2015.09.22 10:15:15.230,1.4807,1.48091,1.00,1.37
2015.09.22 10:15:15.828,1.48072,1.48091,1.00,1.75
2015.09.22 10:15:15.879,1.48072,1.48094,1.50,1.12
2015.09.22 10:15:16.468,1.48073,1.48094,1.50,1.12
2015.09.22 10:15:17.415,1.4807,1.48088,1.12,1.00
2015.09.22 10:15:17.469,1.48065,1.48086,1.50,1.12
2015.09.22 10:15:17.571,1.48063,1.48085,1.87,1.75
2015.09.22 10:15:17.673,1.48063,1.48083,1.12,1.37
2015.09.22 10:15:19.080,1.48061,1.48082,1.75,1.37
2015.09.22 10:15:19.182,1.48063,1.48082,1.00,1.37
2015.09.22 10:15:19.950,1.48063,1.48082,1.37,1.00
2015.09.22 10:15:20.052,1.48065,1.48083,1.37,1.37
2015.09.22 10:15:20.358,1.48065,1.48085,2.25,1.12
2015.09.22 10:15:20.561,1.48083,1.48098,1.00,1.37
2015.09.22 10:15:20.663,1.48083,1.48099,1.00,1.00
2015.09.22 10:15:20.714,1.4808,1.48099,1.00,1.00
2015.09.22 10:15:21.067,1.48086,1.48101,1.00,1.37
2015.09.22 10:15:21.223,1.48083,1.48101,1.37,1.37
2015.09.22 10:15:21.748,1.48082,1.48098,1.12,1.37
2015.09.22 10:15:22.053,1.4808,1.48096,1.37,1.75
2015.09.22 10:15:22.154,1.48076,1.48094,1.12,1.37
2015.09.22 10:15:22.864,1.48075,1.48094,1.37,1.12
2015.09.22 10:15:23.067,1.48075,1.48093,1.00,1.12
2015.09.22 10:15:23.169,1.48074,1.48092,1.00,1.00
2015.09.22 10:15:23.726,1.48075,1.48092,1.12,1.12
2015.09.22 10:15:23.780,1.48075,1.48096,1.00,1.12
2015.09.22 10:15:23.932,1.48075,1.48098,1.87,1.12
2015.09.22 10:15:24.188,1.48076,1.48099,1.37,1.12
2015.09.22 10:15:24.497,1.48076,1.48098,1.00,1.12
2015.09.22 10:15:24.959,1.48074,1.48093,1.50,1.37
2015.09.22 10:15:25.368,1.48072,1.48093,1.37,1.75
2015.09.22 10:15:25.875,1.4807,1.48093,1.87,2.25
2015.09.22 10:15:26.632,1.48071,1.48092,1.00,1.12
2015.09.22 10:15:27.170,1.48071,1.48092,1.00,1.75
2015.09.22 10:15:27.684,1.4807,1.48092,1.75,1.12
2015.09.22 10:15:28.201,1.4807,1.48091,1.75,1.12
2015.09.22 10:15:29.381,1.48073,1.48091,1.00,1.12
2015.09.22 10:15:30.224,1.48073,1.48091,1.50,1.37
2015.09.22 10:15:30.275,1.48071,1.48091,1.75,1.37
2015.09.22 10:15:30.920,1.48077,1.48092,1.12,1.12
2015.09.22 10:15:30.972,1.48078,1.48097,1.87,1.00
2015.09.22 10:15:31.124,1.48078,1.48098,2.62,1.12
2015.09.22 10:15:31.530,1.4808,1.48099,2.25,1.12
2015.09.22 10:15:31.581,1.48083,1.48101,1.00,1.12
2015.09.22 10:15:32.410,1.48083,1.48101,1.12,1.12
2015.09.22 10:15:32.663,1.4808,1.48101,1.00,2.25
2015.09.22 10:15:32.714,1.48079,1.48098,1.12,1.12
2015.09.22 10:15:33.033,1.48078,1.48095,1.00,1.12
2015.09.22 10:15:33.482,1.48077,1.48097,1.50,1.12
2015.09.22 10:15:33.634,1.48078,1.48093,1.00,1.00
2015.09.22 10:15:33.787,1.48072,1.48093,1.75,1.12
2015.09.22 10:15:34.294,1.48075,1.48092,1.50,1.37
2015.09.22 10:15:34.447,1.48078,1.48092,1.00,1.37
2015.09.22 10:15:35.117,1.48082,1.48099,1.37,1.75
2015.09.22 10:15:35.174,1.48082,1.48102,1.37,1.12
2015.09.22 10:15:35.396,1.48084,1.48101,1.12,1.12
2015.09.22 10:15:35.917,1.48083,1.48101,1.87,1.12
2015.09.22 10:15:36.762,1.48083,1.48101,1.12,1.12
2015.09.22 10:15:37.270,1.48084,1.481,1.00,1.00
2015.09.22 10:15:37.834,1.48083,1.48101,1.12,1.12
2015.09.22 10:15:43.259,1.48082,1.48102,1.87,1.37
2015.09.22 10:15:43.669,1.48083,1.48104,1.12,1.12
2015.09.22 10:15:43.720,1.48088,1.48108,1.00,1.37
2015.09.22 10:15:44.227,1.48088,1.48109,1.87,1.12
2015.09.22 10:15:44.734,1.48089,1.48109,1.00,1.12
2015.09.22 10:15:45.401,1.48089,1.48109,1.00,1.12
2015.09.22 10:15:45.911,1.48088,1.48109,1.00,1.87
2015.09.22 10:15:46.717,1.48087,1.48107,1.87,1.12
2015.09.22 10:15:47.220,1.48087,1.48105,1.12,1.12
2015.09.22 10:15:47.525,1.48085,1.48105,1.00,1.75
2015.09.22 10:15:48.636,1.48085,1.48104,1.00,1.87
2015.09.22 10:15:49.042,1.48082,1.48102,1.12,1.37
2015.09.22 10:15:49.864,1.48082,1.48103,1.50,1.75
2015.09.22 10:15:50.117,1.48082,1.48102,1.50,1.37
2015.09.22 10:15:50.219,1.48084,1.48103,1.12,1.12
2015.09.22 10:15:51.658,1.48084,1.48103,1.12,1.12
2015.09.22 10:15:53.087,1.48083,1.48103,1.00,1.12
2015.09.22 10:15:54.798,1.48084,1.48105,1.50,1.37
2015.09.22 10:15:55.358,1.48084,1.48105,1.37,1.37
2015.09.22 10:15:55.460,1.48085,1.48107,1.87,1.37
2015.09.22 10:15:55.967,1.48087,1.48107,1.00,1.37
2015.09.22 10:16:01.329,1.48085,1.48103,1.12,1.75
2015.09.22 10:16:01.380,1.48082,1.48099,1.12,1.37
2015.09.22 10:16:01.432,1.48079,1.48097,1.00,1.12
2015.09.22 10:16:01.483,1.48076,1.48097,1.12,1.12
2015.09.22 10:16:01.534,1.48076,1.48098,1.00,1.75
2015.09.22 10:16:01.760,1.48075,1.48096,1.37,1.12
2015.09.22 10:16:02.727,1.48074,1.48094,1.12,1.37
2015.09.22 10:16:02.778,1.48076,1.48094,1.00,1.37
2015.09.22 10:16:03.286,1.48075,1.48096,1.50,1.45
2015.09.22 10:16:04.192,1.48076,1.48096,1.00,1.45
2015.09.22 10:16:10.128,1.48075,1.48096,1.12,1.82
2015.09.22 10:16:10.636,1.48076,1.48096,1.00,1.82
2015.09.22 10:16:11.172,1.48076,1.48096,1.12,1.20
2015.09.22 10:16:11.375,1.48076,1.48098,1.50,1.82
2015.09.22 10:16:12.191,1.48075,1.48098,2.25,1.20
2015.09.22 10:16:13.491,1.48076,1.48098,1.50,1.20
2015.09.22 10:16:16.120,1.48076,1.48097,1.50,1.47
2015.09.22 10:16:16.702,1.48076,1.48097,1.50,1.47
2015.09.22 10:16:18.334,1.48076,1.48097,1.12,1.95
2015.09.22 10:16:18.639,1.48073,1.48094,1.75,1.20
2015.09.22 10:16:19.145,1.48073,1.48094,1.37,1.20
2015.09.22 10:16:20.248,1.48075,1.48094,1.37,1.12
2015.09.22 10:16:20.553,1.48075,1.48094,1.87,1.12
2015.09.22 10:16:20.604,1.48075,1.48096,2.62,1.00
2015.09.22 10:16:21.156,1.48076,1.48096,1.50,1.00
2015.09.22 10:16:22.790,1.48076,1.48097,1.50,1.45
2015.09.22 10:16:23.406,1.48075,1.48097,2.25,1.37
2015.09.22 10:16:27.082,1.48077,1.48098,1.37,1.12
2015.09.22 10:16:28.767,1.48084,1.48105,1.12,1.20
2015.09.22 10:16:28.819,1.48085,1.48107,1.75,2.70
2015.09.22 10:16:29.022,1.48088,1.48109,1.50,1.45
2015.09.22 10:16:29.543,1.48089,1.48111,1.50,2.32
2015.09.22 10:16:30.146,1.48089,1.48111,2.25,1.82
2015.09.22 10:16:30.197,1.48091,1.48112,1.87,1.87
2015.09.22 10:16:30.299,1.48094,1.48114,1.37,1.20
2015.09.22 10:16:30.807,1.48096,1.48115,1.00,1.20
2015.09.22 10:16:31.312,1.48093,1.48115,1.50,1.20
2015.09.22 10:16:31.617,1.48092,1.48113,1.50,1.12
2015.09.22 10:16:32.125,1.48092,1.48113,2.25,1.00
2015.09.22 10:16:33.299,1.48093,1.48114,1.50,1.47
2015.09.22 10:16:34.369,1.48093,1.48115,1.50,2.32
2015.09.22 10:16:34.872,1.48093,1.48115,1.00,1.95
2015.09.22 10:16:35.181,1.48093,1.48115,1.12,1.95
2015.09.22 10:16:35.793,1.48085,1.48104,1.75,1.07
2015.09.22 10:16:35.996,1.4808,1.48103,1.37,1.20
2015.09.22 10:16:36.739,1.4808,1.48102,1.12,1.45
2015.09.22 10:16:37.077,1.48082,1.48102,1.87,1.37
2015.09.22 10:16:37.129,1.48083,1.48106,1.12,1.20
2015.09.22 10:16:37.281,1.48084,1.48106,1.12,1.20
2015.09.22 10:16:37.434,1.4808,1.48103,2.25,1.20
2015.09.22 10:16:37.536,1.4808,1.48102,1.50,1.20
2015.09.22 10:16:38.406,1.4808,1.481,1.00,1.20
2015.09.22 10:16:39.623,1.48079,1.48099,1.00,1.20
2015.09.22 10:16:40.142,1.48081,1.48104,2.25,1.85
2015.09.22 10:16:40.649,1.48085,1.48105,1.12,1.85
2015.09.22 10:16:41.206,1.48085,1.48104,1.87,1.37
2015.09.22 10:16:41.710,1.48088,1.48105,1.00,1.20
2015.09.22 10:16:41.811,1.48086,1.48105,1.12,1.20
2015.09.22 10:16:42.657,1.48086,1.48107,1.37,1.20
2015.09.22 10:16:43.048,1.48089,1.48108,1.12,1.45
2015.09.22 10:16:43.353,1.48091,1.48108,1.00,1.45
2015.09.22 10:16:45.186,1.48092,1.48109,1.00,1.12
2015.09.22 10:16:45.288,1.4809,1.48109,1.87,1.12
2015.09.22 10:16:45.795,1.48091,1.48109,1.00,1.20
2015.09.22 10:16:46.533,1.48092,1.48109,1.12,1.12
2015.09.22 10:16:47.077,1.48092,1.48109,1.37,1.12
2015.09.22 10:16:48.002,1.48094,1.48114,1.50,1.57
2015.09.22 10:16:48.053,1.481,1.48115,1.00,1.12
2015.09.22 10:16:50.087,1.48099,1.48115,1.12,1.12
2015.09.22 10:16:50.788,1.48098,1.48115,1.12,1.12
2015.09.22 10:16:51.362,1.48096,1.48115,1.50,1.20
2015.09.22 10:16:51.843,1.48094,1.48111,1.87,1.00
2015.09.22 10:16:51.895,1.48094,1.48115,1.50,1.12
2015.09.22 10:16:51.947,1.48092,1.48106,1.37,1.00
2015.09.22 10:16:52.049,1.48091,1.48111,1.00,1.20
2015.09.22 10:16:52.354,1.48092,1.48114,1.00,1.20
2015.09.22 10:16:52.768,1.48091,1.48111,1.12,1.20
2015.09.22 10:16:53.326,1.48091,1.48112,1.50,1.12
2015.09.22 10:16:53.579,1.48097,1.48115,1.12,1.00
2015.09.22 10:16:54.509,1.48097,1.48116,1.12,1.10
2015.09.22 10:16:55.454,1.48098,1.48116,1.00,1.10
2015.09.22 10:16:55.853,1.48098,1.48113,1.00,1.12
2015.09.22 10:16:55.904,1.48092,1.48112,1.00,1.75
2015.09.22 10:16:57.199,1.48093,1.48112,1.12,1.82
2015.09.22 10:16:58.736,1.48092,1.48112,1.00,1.20
2015.09.22 10:16:59.239,1.48092,1.48111,1.00,1.45
2015.09.22 10:16:59.974,1.48091,1.48111,1.00,1.45
2015.09.22 10:17:02.818,1.48092,1.48111,1.12,1.75
2015.09.22 10:17:02.919,1.48092,1.48111,1.87,1.75
2015.09.22 10:17:02.971,1.48096,1.48114,1.12,1.12
2015.09.22 10:17:03.073,1.48096,1.48117,1.37,1.20
2015.09.22 10:17:06.043,1.48097,1.48117,1.37,1.20
2015.09.22 10:17:06.197,1.48097,1.48118,1.12,1.85
2015.09.22 10:17:06.615,1.48096,1.48117,1.50,1.20
2015.09.22 10:17:10.495,1.48097,1.48118,1.12,1.82
2015.09.22 10:17:10.799,1.48097,1.48118,1.37,1.20
2015.09.22 10:17:11.126,1.48097,1.48119,1.50,1.20
2015.09.22 10:17:11.488,1.48099,1.48121,1.37,1.20
2015.09.22 10:17:12.342,1.48099,1.48121,1.00,1.82
2015.09.22 10:17:14.754,1.48099,1.48121,1.00,1.82
2015.09.22 10:17:14.856,1.48101,1.48121,1.37,1.12
2015.09.22 10:17:15.009,1.48101,1.48124,1.87,1.82
2015.09.22 10:17:15.823,1.48102,1.48124,1.50,1.75
2015.09.22 10:17:16.705,1.48106,1.48125,1.00,1.45
2015.09.22 10:17:16.756,1.48109,1.48125,1.00,1.45
2015.09.22 10:17:16.960,1.48107,1.48125,1.00,1.37
2015.09.22 10:17:17.307,1.48119,1.48128,1.00,1.75
2015.09.22 10:17:17.358,1.48119,1.48132,1.00,1.50
2015.09.22 10:17:17.663,1.48114,1.48133,2.62,1.20
2015.09.22 10:17:17.714,1.48118,1.48133,1.00,1.12
2015.09.22 10:17:18.018,1.48122,1.48136,1.00,1.20
2015.09.22 10:17:18.386,1.4812,1.48136,1.50,1.20
2015.09.22 10:17:18.540,1.48121,1.4814,1.00,1.12
2015.09.22 10:17:18.591,1.48123,1.4814,1.00,1.12
2015.09.22 10:17:18.947,1.48123,1.48144,1.00,1.85
2015.09.22 10:17:19.403,1.48125,1.48144,1.37,1.87
2015.09.22 10:17:19.507,1.48128,1.48147,1.12,1.12
2015.09.22 10:17:19.609,1.48128,1.48151,1.87,1.87
2015.09.22 10:17:19.661,1.48126,1.48148,1.12,1.50
2015.09.22 10:17:19.712,1.48125,1.48146,1.12,1.00
2015.09.22 10:17:19.763,1.48124,1.48144,2.25,1.00
2015.09.22 10:17:19.814,1.48124,1.48144,1.87,1.37
2015.09.22 10:17:20.258,1.48125,1.48144,1.00,2.25
2015.09.22 10:17:20.621,1.48125,1.48147,1.50,1.20
2015.09.22 10:17:20.723,1.48126,1.48149,1.50,1.82
2015.09.22 10:17:21.026,1.48129,1.4815,1.12,1.20
2015.09.22 10:17:21.576,1.48128,1.48147,1.50,1.20
2015.09.22 10:17:22.087,1.48128,1.48147,1.00,1.57
2015.09.22 10:17:22.862,1.48126,1.48147,1.12,1.57
2015.09.22 10:17:22.913,1.48126,1.48147,1.37,1.57
2015.09.22 10:17:23.658,1.48134,1.48151,1.75,1.75
2015.09.22 10:17:23.712,1.48139,1.4816,1.12,1.12
2015.09.22 10:17:23.916,1.48135,1.48157,1.87,1.37
2015.09.22 10:17:23.967,1.48135,1.48156,1.12,1.12
2015.09.22 10:17:24.221,1.48137,1.48154,1.00,1.12
2015.09.22 10:17:24.323,1.48134,1.48154,1.87,1.12
2015.09.22 10:17:24.374,1.48134,1.48153,1.50,1.75
2015.09.22 10:17:24.823,1.4813,1.48149,1.50,1.37
2015.09.22 10:17:25.346,1.48131,1.48151,1.00,1.37
2015.09.22 10:17:25.753,1.48133,1.48151,1.00,1.37
2015.09.22 10:17:26.277,1.48134,1.48152,1.00,1.12
2015.09.22 10:17:26.555,1.48134,1.48153,1.50,1.75
2015.09.22 10:17:26.962,1.48136,1.48153,1.00,1.75
2015.09.22 10:17:27.600,1.48138,1.48153,1.00,1.12
2015.09.22 10:17:28.032,1.48139,1.48155,1.00,1.12
2015.09.22 10:17:28.134,1.48139,1.48157,1.00,1.12
2015.09.22 10:17:29.299,1.48141,1.48159,1.00,1.75
2015.09.22 10:17:29.350,1.48141,1.48159,1.00,1.37
2015.09.22 10:17:29.888,1.48139,1.48159,1.50,1.75
2015.09.22 10:17:30.444,1.48142,1.48159,1.00,1.12
2015.09.22 10:17:30.838,1.48144,1.48163,1.37,1.12
2015.09.22 10:17:30.890,1.48146,1.48165,1.37,1.12
2015.09.22 10:17:30.941,1.48146,1.48167,1.37,1.12
2015.09.22 10:17:31.803,1.48146,1.48167,2.25,1.12
2015.09.22 10:17:32.910,1.48146,1.48166,1.50,1.12
2015.09.22 10:17:34.160,1.48146,1.48166,1.50,1.12
2015.09.22 10:17:34.211,1.48146,1.48155,1.50,1.00
2015.09.22 10:17:34.416,1.48142,1.48154,1.37,1.00
2015.09.22 10:17:34.569,1.48141,1.48154,1.50,1.00
2015.09.22 10:17:35.077,1.48139,1.48154,2.25,1.00
2015.09.22 10:17:35.969,1.4814,1.48154,1.37,1.00
2015.09.22 10:17:36.760,1.48137,1.48152,1.37,1.37
2015.09.22 10:17:36.813,1.48128,1.48141,1.75,1.00
2015.09.22 10:17:37.320,1.48126,1.48141,1.50,1.00
2015.09.22 10:17:38.077,1.48126,1.48144,1.50,1.12
2015.09.22 10:17:39.357,1.48127,1.48144,1.50,1.12
2015.09.22 10:17:39.865,1.48126,1.4814,1.00,1.12
2015.09.22 10:17:39.968,1.48127,1.48141,1.00,1.50
2015.09.22 10:17:40.475,1.48127,1.48141,1.00,1.00
2015.09.22 10:17:40.627,1.48127,1.48145,1.37,1.75
2015.09.22 10:17:41.224,1.48126,1.4814,1.50,1.00
2015.09.22 10:17:41.731,1.48126,1.48142,1.37,1.00
2015.09.22 10:17:43.087,1.48126,1.48146,1.37,1.87
2015.09.22 10:17:43.442,1.48126,1.48142,1.37,1.00
2015.09.22 10:17:44.452,1.48123,1.48142,1.37,1.00
2015.09.22 10:17:44.503,1.48123,1.4814,1.37,1.00
2015.09.22 10:17:44.810,1.48122,1.48138,1.12,1.00
2015.09.22 10:17:45.115,1.48119,1.48138,1.87,1.00
2015.09.22 10:17:45.732,1.48119,1.48138,1.00,1.37
2015.09.22 10:17:45.784,1.48115,1.48129,1.75,1.00
2015.09.22 10:17:45.886,1.48112,1.48129,1.87,1.00
2015.09.22 10:17:45.989,1.4811,1.48127,1.50,1.00
2015.09.22 10:17:46.040,1.4811,1.48127,1.12,1.00
2015.09.22 10:17:46.548,1.4811,1.48129,1.00,1.37
2015.09.22 10:17:46.942,1.48111,1.48127,1.37,1.00
2015.09.22 10:17:47.298,1.48111,1.4813,1.50,1.12
2015.09.22 10:17:49.044,1.4811,1.4813,1.50,1.12
2015.09.22 10:17:49.615,1.48111,1.4813,1.00,1.12
2015.09.22 10:17:49.928,1.48112,1.48132,1.50,1.87
2015.09.22 10:17:50.249,1.48114,1.48132,1.50,1.00
2015.09.22 10:17:50.811,1.48114,1.48133,1.00,1.12
2015.09.22 10:17:52.142,1.48112,1.48131,1.75,1.00
2015.09.22 10:17:52.648,1.48111,1.48131,1.50,1.12
2015.09.22 10:17:53.458,1.48112,1.48133,1.00,2.25
2015.09.22 10:17:55.120,1.48111,1.48133,2.62,2.25
2015.09.22 10:17:56.078,1.48111,1.48133,1.87,2.25
2015.09.22 10:17:57.079,1.48111,1.48133,1.87,2.25
2015.09.22 10:17:57.635,1.48111,1.48133,1.50,1.87
2015.09.22 10:17:57.937,1.48113,1.48132,1.00,1.37
2015.09.22 10:17:58.619,1.48112,1.48131,1.00,1.00
2015.09.22 10:17:59.180,1.48112,1.4813,1.00,1.00
2015.09.22 10:17:59.383,1.48108,1.48127,1.00,1.12
2015.09.22 10:17:59.587,1.48106,1.48124,1.87,1.00
2015.09.22 10:18:00.154,1.48106,1.48124,1.12,1.00
2015.09.22 10:18:00.306,1.48105,1.48119,1.50,1.00
2015.09.22 10:18:00.460,1.48101,1.4812,1.12,2.25
2015.09.22 10:18:00.817,1.48103,1.48121,1.00,1.12
2015.09.22 10:18:00.919,1.48103,1.48122,1.12,1.00
2015.09.22 10:18:01.455,1.48102,1.4812,1.50,1.00
2015.09.22 10:18:01.962,1.48102,1.4812,1.00,1.12
2015.09.22 10:18:04.024,1.481,1.4812,1.50,1.12
2015.09.22 10:18:06.760,1.481,1.4812,1.37,1.87
2015.09.22 10:18:07.304,1.481,1.48119,1.37,1.12
2015.09.22 10:18:08.055,1.48103,1.48119,1.00,1.12
2015.09.22 10:18:10.081,1.48101,1.48119,1.12,1.00
2015.09.22 10:18:12.246,1.48101,1.48119,1.50,1.00
2015.09.22 10:18:12.766,1.48101,1.48119,1.37,1.00
2015.09.22 10:18:13.316,1.48102,1.48118,1.37,1.00
2015.09.22 10:18:13.891,1.48101,1.48118,1.12,1.00
2015.09.22 10:18:15.196,1.48102,1.48118,1.00,1.00
2015.09.22 10:18:15.756,1.481,1.48118,1.87,1.00
2015.09.22 10:18:16.260,1.481,1.48118,1.87,1.00
2015.09.22 10:18:16.762,1.48101,1.48118,1.00,1.00
2015.09.22 10:18:17.286,1.48102,1.48118,1.00,1.00
2015.09.22 10:18:17.513,1.481,1.48118,1.12,1.00
2015.09.22 10:18:18.054,1.48101,1.48118,1.00,1.00
2015.09.22 10:18:18.209,1.48101,1.4812,1.00,1.12
2015.09.22 10:18:19.115,1.481,1.4812,1.87,1.12
2015.09.22 10:18:19.771,1.48101,1.4812,1.00,1.12
2015.09.22 10:18:20.953,1.481,1.4812,1.87,1.12
2015.09.22 10:18:21.004,1.481,1.4812,1.50,1.50
2015.09.22 10:18:21.771,1.481,1.48121,1.50,1.12
2015.09.22 10:18:22.284,1.481,1.48121,1.12,1.75
2015.09.22 10:18:22.884,1.481,1.48121,1.50,1.75
2015.09.22 10:18:23.448,1.48101,1.48121,1.00,1.75
2015.09.22 10:18:23.954,1.481,1.4812,1.50,1.37
2015.09.22 10:18:24.460,1.48101,1.4812,1.00,1.37
2015.09.22 10:18:25.199,1.481,1.48121,1.00,1.12
2015.09.22 10:18:25.707,1.48101,1.48121,1.12,1.37
2015.09.22 10:18:26.857,1.48101,1.48121,1.12,1.75
2015.09.22 10:18:27.771,1.48103,1.48121,1.00,1.75
2015.09.22 10:18:29.274,1.48101,1.48121,1.50,1.75
2015.09.22 10:18:29.802,1.48102,1.48121,1.00,1.75
2015.09.22 10:18:30.354,1.48101,1.48121,1.12,1.75
2015.09.22 10:18:31.166,1.48102,1.4812,1.00,1.37
2015.09.22 10:18:31.926,1.48101,1.48122,1.50,1.75
2015.09.22 10:18:33.129,1.48101,1.48116,1.12,1.12
2015.09.22 10:18:33.504,1.48101,1.48112,1.00,1.12
2015.09.22 10:18:33.557,1.48092,1.48112,1.12,1.12
2015.09.22 10:18:35.783,1.48091,1.48112,1.37,1.12
2015.09.22 10:18:36.306,1.48091,1.48113,1.12,1.75
2015.09.22 10:18:37.233,1.48091,1.48111,1.50,1.37
2015.09.22 10:18:38.838,1.48092,1.48113,1.37,1.12
2015.09.22 10:18:38.940,1.48095,1.48115,1.00,1.87
2015.09.22 10:18:38.992,1.48095,1.48115,1.50,1.50
2015.09.22 10:18:41.264,1.48095,1.48114,1.12,1.87
2015.09.22 10:18:41.366,1.48092,1.48111,1.00,1.00
2015.09.22 10:18:41.417,1.48091,1.48111,1.37,1.75
2015.09.22 10:18:41.796,1.48089,1.48111,1.50,1.12
2015.09.22 10:18:42.306,1.48088,1.48111,1.87,1.75
2015.09.22 10:18:43.265,1.48088,1.48109,1.12,1.37
2015.09.22 10:18:43.855,1.48089,1.48109,1.37,1.00
2015.09.22 10:18:46.286,1.48089,1.4811,1.12,1.37
2015.09.22 10:18:47.510,1.48089,1.4811,1.00,1.12
2015.09.22 10:18:47.614,1.48088,1.48109,1.12,1.12
2015.09.22 10:18:47.819,1.48084,1.48107,1.75,1.12
2015.09.22 10:18:48.218,1.48084,1.48107,1.75,1.12
2015.09.22 10:18:49.389,1.48086,1.48106,1.00,1.37
2015.09.22 10:18:49.890,1.48085,1.48106,1.75,1.37
2015.09.22 10:18:50.308,1.48084,1.48105,1.37,1.37
2015.09.22 10:18:50.359,1.48083,1.48104,1.50,1.12
2015.09.22 10:18:50.411,1.48083,1.48105,1.37,1.75
2015.09.22 10:18:50.715,1.48083,1.48106,1.75,2.25
2015.09.22 10:18:51.263,1.48084,1.48107,1.87,1.12
2015.09.22 10:18:51.813,1.48084,1.48106,2.25,1.00
2015.09.22 10:18:52.324,1.48086,1.48106,1.00,1.37
2015.09.22 10:18:53.504,1.48085,1.48107,1.50,1.75
2015.09.22 10:18:54.020,1.48085,1.48105,1.00,1.75
2015.09.22 10:18:55.025,1.48085,1.48101,1.00,1.00
2015.09.22 10:18:55.427,1.48076,1.48098,1.75,1.12
2015.09.22 10:18:56.669,1.48076,1.48099,1.87,2.25
2015.09.22 10:18:57.178,1.48078,1.48099,1.00,1.75
2015.09.22 10:18:57.533,1.48078,1.48099,1.75,1.37
2015.09.22 10:18:58.358,1.48078,1.48099,1.12,1.50
2015.09.22 10:19:01.348,1.48078,1.48099,1.75,1.50
2015.09.22 10:19:01.984,1.48078,1.48099,1.75,1.50
2015.09.22 10:19:03.390,1.4808,1.48099,1.00,1.12
2015.09.22 10:19:03.747,1.48079,1.481,1.87,1.00
2015.09.22 10:19:04.254,1.48082,1.48101,1.37,1.37
2015.09.22 10:19:04.394,1.48082,1.48102,1.37,1.00
2015.09.22 10:19:05.571,1.48082,1.48103,1.37,1.87
2015.09.22 10:19:06.545,1.48078,1.48096,1.12,1.50
2015.09.22 10:19:06.650,1.48075,1.48096,1.75,1.50
2015.09.22 10:19:06.701,1.48073,1.48094,1.12,1.37
2015.09.22 10:19:06.905,1.48071,1.48092,1.12,1.37
2015.09.22 10:19:07.057,1.48068,1.48091,1.37,1.75
2015.09.22 10:19:07.770,1.48069,1.48091,1.12,1.50
2015.09.22 10:19:08.584,1.48071,1.48091,1.37,1.37
2015.09.22 10:19:09.585,1.48071,1.48091,1.37,1.12
2015.09.22 10:19:10.036,1.48071,1.48087,1.37,1.00
2015.09.22 10:19:10.188,1.48065,1.48085,1.50,1.12
2015.09.22 10:19:10.291,1.48061,1.48083,1.50,1.12
2015.09.22 10:19:10.393,1.48063,1.48085,1.12,2.62
2015.09.22 10:19:10.914,1.48064,1.48086,1.50,2.62
2015.09.22 10:19:11.295,1.48062,1.48083,1.12,1.00
2015.09.22 10:19:11.347,1.48061,1.48083,2.25,1.37
2015.09.22 10:19:12.152,1.4806,1.48083,1.87,1.75
2015.09.22 10:19:12.805,1.48061,1.48081,1.00,1.00
2015.09.22 10:19:15.621,1.48062,1.48082,1.37,1.37
2015.09.22 10:19:15.723,1.48064,1.48084,1.00,1.37
2015.09.22 10:19:16.028,1.48062,1.48084,1.12,1.87
2015.09.22 10:19:16.080,1.48062,1.48081,1.00,1.37
2015.09.22 10:19:16.233,1.48064,1.48081,1.00,1.37
2015.09.22 10:19:16.437,1.4807,1.48087,1.00,1.12
2015.09.22 10:19:16.488,1.4807,1.48091,2.25,2.62
2015.09.22 10:19:16.847,1.4807,1.48093,3.37,1.12
2015.09.22 10:19:17.102,1.4807,1.48092,2.62,1.37
2015.09.22 10:19:17.407,1.48071,1.48093,1.12,1.50
2015.09.22 10:19:18.005,1.48076,1.48094,1.00,1.87
2015.09.22 10:19:18.110,1.48078,1.48098,1.00,1.12
2015.09.22 10:19:18.499,1.48079,1.48099,1.00,1.50
2015.09.22 10:19:18.550,1.48079,1.48099,1.37,1.50
2015.09.22 10:19:19.653,1.4808,1.48099,1.37,2.25
2015.09.22 10:19:19.704,1.4808,1.48099,1.37,1.12
2015.09.22 10:19:23.596,1.48084,1.48102,1.00,1.87
2015.09.22 10:19:23.901,1.48091,1.48109,1.00,1.10
2015.09.22 10:19:24.680,1.48091,1.48112,1.50,1.87
2015.09.22 10:19:26.767,1.48091,1.48111,1.50,1.00
2015.09.22 10:19:27.071,1.48089,1.4811,1.87,1.37
2015.09.22 10:19:27.223,1.48087,1.48109,1.12,1.50
2015.09.22 10:19:27.869,1.48088,1.48109,1.00,1.75
2015.09.22 10:19:28.362,1.48085,1.48109,1.87,2.25
2015.09.22 10:19:28.724,1.48083,1.48104,1.00,1.37
2015.09.22 10:19:31.513,1.48082,1.48104,1.87,2.25
2015.09.22 10:19:32.017,1.48085,1.48104,1.12,1.37
2015.09.22 10:19:34.443,1.48085,1.48103,1.50,1.00
2015.09.22 10:19:34.495,1.48085,1.48103,1.12,1.00
2015.09.22 10:19:34.649,1.48083,1.48103,1.00,1.37
2015.09.22 10:19:34.801,1.48084,1.48104,1.37,1.12
2015.09.22 10:19:35.005,1.48084,1.48106,2.25,1.12
2015.09.22 10:19:35.649,1.48085,1.48106,1.37,1.75
2015.09.22 10:19:39.288,1.48085,1.48106,1.37,1.12
2015.09.22 10:19:39.543,1.48093,1.48115,1.50,1.75
2015.09.22 10:19:41.801,1.48097,1.48115,1.00,1.75
2015.09.22 10:19:42.055,1.48097,1.48117,1.12,1.87
2015.09.22 10:19:42.918,1.48097,1.48117,1.37,1.75
2015.09.22 10:19:43.903,1.481,1.48119,1.37,1.37
2015.09.22 10:19:43.972,1.481,1.48121,1.37,1.50
2015.09.22 10:19:44.624,1.481,1.48121,1.00,1.87
2015.09.22 10:19:45.233,1.481,1.48119,1.00,1.12
2015.09.22 10:19:45.540,1.481,1.4812,1.37,1.37
2015.09.22 10:19:46.226,1.481,1.4812,1.37,1.87
2015.09.22 10:19:46.430,1.48097,1.4812,1.87,1.87
2015.09.22 10:19:46.533,1.48096,1.48115,1.00,1.00
2015.09.22 10:19:46.736,1.48094,1.48113,1.00,1.37
2015.09.22 10:19:47.154,1.48092,1.48112,1.12,1.12
2015.09.22 10:19:47.986,1.4809,1.4811,1.00,1.00
2015.09.22 10:19:48.241,1.48089,1.4811,1.37,1.75
2015.09.22 10:19:48.342,1.48089,1.48111,2.62,1.37
2015.09.22 10:19:48.892,1.48091,1.48111,1.12,1.00
2015.09.22 10:19:51.064,1.48091,1.48113,1.87,1.37
2015.09.22 10:19:51.699,1.48092,1.48113,1.12,1.37
2015.09.22 10:19:52.207,1.48093,1.48114,1.87,1.37
2015.09.22 10:19:53.624,1.48094,1.48115,1.75,1.12
2015.09.22 10:19:56.951,1.48096,1.48117,1.12,1.87
2015.09.22 10:19:57.365,1.48098,1.48117,2.25,1.50
2015.09.22 10:19:57.906,1.48098,1.48116,1.12,1.50
2015.09.22 10:19:58.063,1.48098,1.48114,1.12,1.00
2015.09.22 10:19:58.283,1.48098,1.48116,1.12,1.12
2015.09.22 10:19:58.796,1.48098,1.48115,1.12,1.00
2015.09.22 10:19:59.298,1.48098,1.48116,1.12,2.25
2015.09.22 10:19:59.894,1.48096,1.48115,1.87,1.37
2015.09.22 10:20:00.401,1.48096,1.48115,1.87,1.12
2015.09.22 10:20:00.806,1.481,1.48116,1.00,1.50
2015.09.22 10:20:01.111,1.48106,1.4812,1.12,1.00
2015.09.22 10:20:01.162,1.48106,1.48122,1.12,1.00
2015.09.22 10:20:01.365,1.48107,1.48126,1.87,1.00
2015.09.22 10:20:01.919,1.48107,1.48125,2.62,1.00
2015.09.22 10:20:02.713,1.48107,1.48124,2.25,1.00
2015.09.22 10:20:03.979,1.48109,1.48124,1.50,1.00
2015.09.22 10:20:04.133,1.48112,1.48129,1.75,1.50
2015.09.22 10:20:04.185,1.48113,1.48129,1.75,1.50
2015.09.22 10:20:04.337,1.48113,1.48131,1.75,1.00
2015.09.22 10:20:05.103,1.48113,1.4813,1.75,1.00
2015.09.22 10:20:05.674,1.48113,1.48131,1.75,1.00
2015.09.22 10:20:06.513,1.48113,1.48131,1.12,1.37
2015.09.22 10:20:06.616,1.48113,1.48129,1.12,1.75
2015.09.22 10:20:06.667,1.48108,1.48126,1.12,1.37
2015.09.22 10:20:06.718,1.48108,1.48126,1.12,1.00
2015.09.22 10:20:06.821,1.48107,1.48125,1.12,1.37
2015.09.22 10:20:07.176,1.48101,1.48122,1.37,1.50
2015.09.22 10:20:07.379,1.48103,1.48121,1.75,1.00
2015.09.22 10:20:07.684,1.48105,1.48123,1.75,1.00
2015.09.22 10:20:08.092,1.48107,1.48127,1.12,1.50
2015.09.22 10:20:08.499,1.48106,1.48124,1.37,1.00
2015.09.22 10:20:08.836,1.48103,1.48121,1.12,1.87
2015.09.22 10:20:08.887,1.48101,1.48119,1.00,1.00
2015.09.22 10:20:09.191,1.48097,1.48117,1.87,1.37
2015.09.22 10:20:10.106,1.48097,1.48117,1.87,1.37
2015.09.22 10:20:10.640,1.48095,1.48116,1.75,1.12
2015.09.22 10:20:11.315,1.48096,1.48114,1.12,1.12
2015.09.22 10:20:11.620,1.48096,1.48114,1.12,1.75
2015.09.22 10:20:11.722,1.48091,1.48112,1.12,1.12
2015.09.22 10:20:12.105,1.48085,1.48107,1.75,1.87
2015.09.22 10:20:12.613,1.48085,1.48104,1.75,1.00
2015.09.22 10:20:13.719,1.48085,1.48103,1.75,1.00
2015.09.22 10:20:13.872,1.48084,1.48102,1.75,1.37
2015.09.22 10:20:13.924,1.48078,1.481,1.12,1.75
2015.09.22 10:20:13.977,1.48076,1.48099,1.12,1.75
2015.09.22 10:20:14.029,1.48074,1.48093,1.75,1.00
2015.09.22 10:20:14.131,1.48071,1.48092,1.87,1.37
2015.09.22 10:20:14.233,1.48071,1.48091,1.00,1.00
2015.09.22 10:20:14.336,1.48069,1.48089,1.75,1.12
2015.09.22 10:20:14.439,1.48066,1.48088,1.75,1.12
2015.09.22 10:20:14.541,1.48066,1.48088,1.00,1.87
2015.09.22 10:20:15.368,1.48066,1.48087,1.37,1.12
2015.09.22 10:20:15.675,1.48066,1.48087,1.00,1.37
2015.09.22 10:20:16.188,1.4807,1.48087,1.00,1.00
2015.09.22 10:20:16.239,1.48071,1.48092,1.37,2.25
2015.09.22 10:20:16.645,1.48071,1.48092,1.37,1.50
2015.09.22 10:20:17.163,1.48071,1.48092,1.37,2.25
2015.09.22 10:20:17.711,1.48069,1.4809,1.12,3.00
2015.09.22 10:20:18.151,1.48069,1.48085,1.37,1.00
2015.09.22 10:20:18.202,1.48067,1.48088,1.12,1.00
2015.09.22 10:20:18.304,1.48066,1.48084,1.12,1.00
2015.09.22 10:20:18.456,1.48063,1.48081,1.00,1.00
2015.09.22 10:20:19.022,1.48059,1.48079,1.00,1.87
2015.09.22 10:20:19.330,1.48057,1.48077,1.12,1.12
2015.09.22 10:20:19.635,1.48056,1.48077,1.87,1.00
2015.09.22 10:20:19.839,1.48056,1.48078,1.87,1.87
2015.09.22 10:20:20.358,1.48056,1.48077,1.37,1.00
2015.09.22 10:20:20.511,1.48055,1.48074,1.50,1.00
2015.09.22 10:20:21.017,1.48053,1.48074,1.75,2.25
2015.09.22 10:20:21.702,1.48053,1.48069,1.75,1.00
2015.09.22 10:20:21.754,1.4805,1.48069,1.50,1.00
2015.09.22 10:20:21.907,1.4805,1.48068,1.75,1.00
2015.09.22 10:20:21.958,1.48051,1.48072,1.50,1.50
2015.09.22 10:20:22.009,1.48053,1.48072,1.37,1.12
2015.09.22 10:20:22.315,1.48045,1.48062,1.00,1.00
2015.09.22 10:20:23.126,1.48034,1.48056,1.37,1.37
2015.09.22 10:20:23.532,1.48034,1.48057,2.25,1.12
2015.09.22 10:20:23.634,1.48039,1.48059,1.87,1.00
2015.09.22 10:20:23.736,1.4804,1.48059,2.25,1.00
2015.09.22 10:20:23.838,1.48041,1.48064,2.62,1.12
2015.09.22 10:20:24.235,1.48044,1.48068,1.75,1.50
2015.09.22 10:20:24.438,1.48048,1.48071,2.25,1.50
2015.09.22 10:20:24.541,1.4805,1.48071,1.87,1.50
2015.09.22 10:20:24.694,1.48051,1.48073,1.00,1.37
2015.09.22 10:20:24.745,1.4805,1.48073,1.75,1.37
2015.09.22 10:20:24.848,1.48052,1.48074,1.75,1.00
2015.09.22 10:20:25.102,1.48052,1.4807,1.75,1.00
2015.09.22 10:20:25.507,1.4805,1.48071,1.12,2.62
2015.09.22 10:20:25.864,1.48051,1.48071,1.37,1.00
2015.09.22 10:20:26.365,1.4805,1.48071,1.75,1.00
2015.09.22 10:20:26.895,1.4805,1.48069,1.00,1.00
2015.09.22 10:20:28.017,1.48048,1.48069,1.87,1.00
2015.09.22 10:20:28.670,1.4805,1.48069,1.00,1.50
2015.09.22 10:20:28.772,1.48048,1.48069,1.87,1.87
2015.09.22 10:20:29.290,1.4805,1.48069,1.00,1.87
2015.09.22 10:20:29.544,1.48043,1.48064,1.12,1.00
2015.09.22 10:20:29.944,1.48041,1.48063,1.75,1.12
2015.09.22 10:20:30.046,1.48041,1.48058,1.37,1.00
2015.09.22 10:20:30.149,1.48037,1.48058,1.50,1.00
2015.09.22 10:20:30.253,1.48035,1.48058,1.37,1.12
2015.09.22 10:20:30.355,1.48038,1.4806,1.50,1.50
2015.09.22 10:20:30.612,1.48035,1.48057,2.25,1.00
2015.09.22 10:20:31.009,1.48035,1.48052,1.87,1.00
2015.09.22 10:20:31.315,1.48044,1.48059,1.00,1.37
2015.09.22 10:20:31.619,1.48047,1.48065,1.50,1.00
2015.09.22 10:20:31.772,1.48047,1.48069,1.12,1.00
2015.09.22 10:20:32.589,1.4805,1.4807,1.37,1.00
2015.09.22 10:20:32.792,1.48043,1.48064,1.37,1.12
2015.09.22 10:20:32.945,1.48043,1.48061,1.37,1.00
2015.09.22 10:20:33.047,1.48041,1.48063,1.00,1.75
2015.09.22 10:20:33.148,1.48043,1.48065,1.50,1.12
2015.09.22 10:20:33.749,1.48045,1.48068,1.12,1.75
2015.09.22 10:20:33.801,1.48044,1.48066,1.12,1.00
2015.09.22 10:20:33.852,1.48047,1.48068,1.12,1.87
2015.09.22 10:20:33.955,1.48047,1.48068,1.00,2.62
2015.09.22 10:20:34.057,1.48045,1.48065,1.37,1.00
2015.09.22 10:20:34.363,1.48046,1.48068,1.12,2.25
2015.09.22 10:20:35.104,1.48045,1.48066,1.75,1.50
2015.09.22 10:20:35.695,1.48045,1.48065,1.12,1.37
2015.09.22 10:20:36.046,1.48045,1.48064,1.12,1.37
2015.09.22 10:20:36.938,1.48044,1.48064,1.37,2.62
2015.09.22 10:20:36.989,1.48042,1.48062,1.12,2.25
2015.09.22 10:20:37.092,1.4804,1.48062,1.00,3.37
2015.09.22 10:20:37.193,1.48038,1.4806,1.37,1.87
2015.09.22 10:20:37.295,1.48035,1.48059,1.37,2.25
2015.09.22 10:20:38.060,1.48035,1.48059,1.50,1.75
2015.09.22 10:20:38.264,1.48037,1.4806,1.12,1.12
2015.09.22 10:20:38.568,1.48028,1.48052,1.12,1.50
2015.09.22 10:20:38.878,1.48027,1.48051,1.87,2.25
2015.09.22 10:20:39.398,1.48028,1.4805,1.00,1.87
2015.09.22 10:20:39.704,1.48028,1.48048,1.37,1.87
2015.09.22 10:20:39.806,1.48023,1.48047,1.12,1.87
2015.09.22 10:20:39.959,1.48022,1.48041,1.37,1.00
2015.09.22 10:20:40.011,1.48021,1.48041,1.00,1.00
2015.09.22 10:20:40.062,1.48016,1.48039,1.12,1.00
2015.09.22 10:20:40.163,1.48018,1.48039,1.12,1.00
2015.09.22 10:20:40.669,1.48017,1.48039,1.12,1.00
2015.09.22 10:20:41.092,1.48014,1.48039,3.00,1.50
2015.09.22 10:20:41.194,1.4802,1.4804,1.00,1.12
2015.09.22 10:20:41.297,1.48021,1.48046,1.12,2.62
2015.09.22 10:20:41.399,1.48022,1.48046,2.62,1.12
2015.09.22 10:20:41.501,1.48024,1.48047,1.50,1.50
2015.09.22 10:20:42.299,1.48027,1.48049,1.00,1.50
2015.09.22 10:20:42.520,1.4803,1.48049,1.00,1.50
2015.09.22 10:20:42.825,1.48032,1.48055,1.50,1.37
2015.09.22 10:20:43.079,1.4803,1.48054,1.37,2.25
2015.09.22 10:20:43.484,1.48028,1.48053,1.87,1.50
2015.09.22 10:20:44.313,1.48028,1.48052,1.37,1.75
2015.09.22 10:20:44.930,1.4803,1.48052,1.50,3.00
2015.09.22 10:20:45.040,1.48034,1.48055,1.00,2.25
2015.09.22 10:20:45.143,1.48034,1.48055,1.00,1.12
2015.09.22 10:20:45.195,1.48034,1.48057,1.37,1.87
2015.09.22 10:20:45.348,1.48036,1.48058,1.37,1.00
2015.09.22 10:20:45.500,1.4804,1.48059,1.00,1.00
2015.09.22 10:20:45.806,1.48039,1.48063,2.25,1.50
2015.09.22 10:20:46.220,1.48042,1.48063,1.00,1.87
2015.09.22 10:20:46.322,1.48043,1.48063,1.37,1.87
2015.09.22 10:20:46.866,1.48043,1.48063,1.00,1.37
2015.09.22 10:20:47.895,1.48041,1.48061,1.00,1.37
2015.09.22 10:20:48.410,1.4804,1.48061,1.75,1.12
2015.09.22 10:20:49.110,1.48018,1.48022,6.00,1.00
2015.09.22 10:20:49.163,1.48013,1.48022,1.12,1.00
2015.09.22 10:20:49.265,1.48005,1.48022,1.12,1.00
2015.09.22 10:20:49.316,1.48005,1.48022,1.12,1.37
2015.09.22 10:20:49.469,1.48002,1.48016,1.00,1.00
2015.09.22 10:20:49.570,1.48002,1.48014,1.00,1.00
2015.09.22 10:20:50.112,1.47997,1.48016,1.12,1.37
2015.09.22 10:20:50.568,1.47996,1.48016,1.00,1.87
2015.09.22 10:20:50.860,1.47998,1.48017,1.00,1.87
2015.09.22 10:20:50.962,1.47999,1.48022,1.87,1.37
2015.09.22 10:20:51.664,1.48007,1.48027,1.12,1.87
2015.09.22 10:20:51.875,1.48007,1.48027,1.00,1.87
2015.09.22 10:20:52.343,1.48007,1.48019,1.00,1.00
2015.09.22 10:20:52.754,1.47996,1.48018,1.75,1.75
2015.09.22 10:20:53.525,1.47995,1.48017,1.12,1.50
2015.09.22 10:20:54.031,1.47997,1.48016,1.37,1.00
2015.09.22 10:20:54.547,1.47997,1.48017,1.12,1.50
2015.09.22 10:20:55.356,1.47998,1.48018,1.50,1.00
2015.09.22 10:20:55.408,1.47999,1.48019,1.87,1.12
2015.09.22 10:20:55.511,1.48001,1.48021,2.25,1.12
2015.09.22 10:20:56.022,1.48001,1.4802,1.12,1.00
2015.09.22 10:20:56.444,1.47999,1.48019,1.75,1.00
2015.09.22 10:20:56.948,1.47998,1.4802,1.12,2.25
2015.09.22 10:20:57.636,1.47998,1.48017,1.12,1.37
2015.09.22 10:20:58.170,1.47996,1.48018,1.12,1.75
2015.09.22 10:20:58.221,1.48003,1.48018,1.00,1.75
2015.09.22 10:20:58.323,1.48004,1.48025,1.00,1.37
2015.09.22 10:20:58.374,1.48004,1.48025,1.37,1.37
2015.09.22 10:20:58.425,1.48005,1.48025,1.12,1.00
2015.09.22 10:20:58.679,1.48007,1.4803,1.00,2.62
2015.09.22 10:20:58.730,1.48006,1.4803,1.87,2.62
2015.09.22 10:20:59.547,1.48005,1.48028,1.12,1.87
2015.09.22 10:21:00.054,1.48005,1.48026,1.87,2.25
2015.09.22 10:21:00.257,1.48002,1.48019,1.00,1.37
2015.09.22 10:21:00.909,1.48002,1.48015,1.00,1.87
2015.09.22 10:21:00.960,1.47992,1.48013,1.50,1.37
2015.09.22 10:21:01.011,1.4799,1.48009,1.37,1.00
2015.09.22 10:21:01.062,1.47989,1.48009,1.87,1.00
2015.09.22 10:21:01.164,1.47986,1.48009,1.12,2.25
2015.09.22 10:21:01.266,1.47984,1.48008,1.12,1.75
2015.09.22 10:21:01.980,1.47992,1.48012,1.12,1.00
2015.09.22 10:21:02.034,1.4799,1.48013,1.75,1.75
2015.09.22 10:21:02.136,1.47992,1.48013,1.00,1.00
2015.09.22 10:21:02.672,1.47992,1.48014,1.00,1.00
2015.09.22 10:21:02.825,1.47991,1.48013,1.50,1.75
2015.09.22 10:21:03.602,1.47991,1.48013,1.37,1.75
2015.09.22 10:21:03.654,1.47992,1.48013,1.50,1.00
2015.09.22 10:21:03.857,1.47993,1.48015,1.87,1.75
2015.09.22 10:21:04.365,1.47994,1.48016,1.50,1.75
2015.09.22 10:21:04.725,1.47997,1.48017,1.00,1.75
2015.09.22 10:21:04.777,1.47997,1.48018,1.50,1.12
2015.09.22 10:21:05.287,1.47998,1.4802,1.12,1.87
2015.09.22 10:21:05.339,1.47998,1.48005,1.87,1.00
2015.09.22 10:21:05.905,1.47977,1.47999,1.12,1.75
2015.09.22 10:21:06.058,1.47978,1.47999,1.00,1.12
2015.09.22 10:21:06.160,1.47974,1.47998,1.87,1.37
2015.09.22 10:21:06.467,1.47974,1.47997,1.50,1.12
2015.09.22 10:21:07.341,1.47973,1.47995,1.50,1.12
2015.09.22 10:21:08.154,1.47973,1.47995,1.00,2.25
2015.09.22 10:21:08.612,1.4797,1.47991,1.37,1.12
2015.09.22 10:21:08.765,1.47968,1.47991,1.87,1.12
2015.09.22 10:21:08.816,1.47968,1.4799,1.75,1.12
2015.09.22 10:21:09.323,1.47967,1.47989,1.50,1.12
2015.09.22 10:21:09.375,1.47967,1.47988,1.12,1.12
2015.09.22 10:21:10.292,1.47964,1.47986,1.87,1.12
2015.09.22 10:21:10.811,1.47964,1.47986,1.87,1.12
2015.09.22 10:21:11.313,1.47966,1.47986,1.37,1.12
2015.09.22 10:21:11.473,1.47965,1.47986,1.00,1.12
2015.09.22 10:21:11.944,1.47963,1.47983,1.50,1.00
2015.09.22 10:21:12.467,1.47962,1.47983,1.87,1.00
2015.09.22 10:21:12.975,1.47966,1.47984,1.00,1.00
2015.09.22 10:21:13.821,1.47966,1.47984,1.00,1.75
2015.09.22 10:21:13.872,1.47961,1.4798,1.37,1.37
2015.09.22 10:21:14.230,1.47958,1.47979,1.87,1.00
2015.09.22 10:21:14.433,1.47958,1.47979,1.75,1.37
2015.09.22 10:21:14.585,1.47956,1.47977,2.25,1.37
2015.09.22 10:21:14.636,1.47956,1.47976,1.37,1.37
2015.09.22 10:21:14.687,1.47952,1.47974,1.57,1.12
2015.09.22 10:21:15.046,1.47949,1.47967,1.00,1.12
2015.09.22 10:21:15.300,1.47947,1.47966,1.12,1.12
2015.09.22 10:21:16.399,1.47944,1.47964,1.75,1.00
2015.09.22 10:21:16.502,1.47946,1.47968,1.87,1.12
2015.09.22 10:21:16.553,1.47949,1.47969,1.37,1.12
2015.09.22 10:21:16.604,1.47949,1.47971,1.12,1.87
2015.09.22 10:21:17.568,1.47949,1.4797,1.50,1.00
2015.09.22 10:21:17.838,1.47948,1.4797,1.37,1.75
2015.09.22 10:21:18.345,1.47947,1.47968,1.12,1.37
2015.09.22 10:21:19.148,1.47949,1.47971,1.37,1.75
2015.09.22 10:21:20.003,1.47949,1.47971,1.50,1.50
2015.09.22 10:21:20.510,1.4795,1.47972,1.87,1.00
2015.09.22 10:21:21.134,1.4795,1.47973,1.75,1.87
2015.09.22 10:21:21.287,1.4795,1.47971,1.00,1.12
2015.09.22 10:21:21.908,1.4795,1.47972,1.12,1.12
2015.09.22 10:21:21.959,1.47951,1.47974,1.37,1.75
2015.09.22 10:21:22.113,1.4795,1.47971,1.37,1.50
2015.09.22 10:21:22.318,1.47949,1.47971,1.75,1.50
2015.09.22 10:21:22.826,1.47949,1.47968,1.75,1.00
2015.09.22 10:21:23.112,1.47949,1.47972,1.87,2.62
2015.09.22 10:21:23.474,1.47939,1.4796,1.12,1.00
2015.09.22 10:21:23.626,1.47938,1.47959,1.37,1.00
2015.09.22 10:21:23.981,1.47938,1.47961,1.87,1.12
2015.09.22 10:21:24.133,1.47941,1.47963,1.37,1.37
2015.09.22 10:21:24.234,1.47942,1.47967,1.75,1.12
2015.09.22 10:21:24.285,1.47944,1.47968,1.37,1.87
2015.09.22 10:21:24.740,1.47946,1.47968,1.12,1.12
2015.09.22 10:21:25.247,1.47946,1.47968,1.12,1.37
2015.09.22 10:21:25.609,1.47944,1.47967,1.75,1.37
2015.09.22 10:21:25.711,1.47945,1.47967,1.75,1.00
2015.09.22 10:21:26.750,1.47946,1.47969,1.12,1.75
2015.09.22 10:21:26.902,1.47948,1.4797,1.12,1.37
2015.09.22 10:21:27.004,1.4795,1.47971,1.37,1.00
2015.09.22 10:21:27.156,1.47949,1.47971,1.37,1.12
2015.09.22 10:21:27.208,1.47949,1.4797,1.00,1.37
2015.09.22 10:21:27.886,1.47946,1.4797,1.12,1.12
2015.09.22 10:21:27.939,1.47945,1.47969,1.50,1.37
2015.09.22 10:21:27.990,1.47946,1.4797,1.12,1.12
2015.09.22 10:21:28.041,1.47947,1.47973,1.75,1.75
2015.09.22 10:21:28.143,1.47949,1.47973,1.37,1.50
2015.09.22 10:21:28.652,1.47949,1.47971,1.37,1.12
2015.09.22 10:21:28.705,1.47949,1.4797,1.00,1.12
2015.09.22 10:21:29.257,1.47949,1.47969,1.00,1.12
2015.09.22 10:21:29.926,1.47948,1.47969,1.00,1.75
2015.09.22 10:21:30.130,1.47946,1.47967,1.50,1.12
2015.09.22 10:21:30.541,1.4795,1.47972,1.37,1.75
2015.09.22 10:21:31.370,1.47954,1.47974,1.50,1.12
2015.09.22 10:21:31.421,1.47954,1.47975,1.75,1.12
2015.09.22 10:21:31.473,1.47954,1.47977,1.50,1.12
2015.09.22 10:21:31.525,1.47956,1.47978,1.37,1.12
2015.09.22 10:21:31.888,1.47957,1.4798,1.12,1.12
2015.09.22 10:21:32.765,1.47958,1.4798,1.12,1.12
2015.09.22 10:21:33.483,1.4796,1.47982,1.75,1.12
2015.09.22 10:21:33.534,1.47962,1.47984,1.12,1.12
2015.09.22 10:21:33.586,1.47964,1.47985,1.12,1.12
2015.09.22 10:21:33.637,1.47965,1.47987,1.12,1.12
2015.09.22 10:21:33.741,1.47966,1.47988,1.37,1.37
2015.09.22 10:21:33.793,1.47969,1.4799,1.00,1.12
2015.09.22 10:21:33.845,1.47969,1.47991,1.37,1.12
2015.09.22 10:21:34.282,1.4797,1.47992,1.12,1.12
2015.09.22 10:21:34.333,1.47973,1.47996,1.12,1.12
2015.09.22 10:21:34.652,1.47969,1.47991,1.12,1.87
2015.09.22 10:21:34.704,1.47965,1.47987,1.75,1.00
2015.09.22 10:21:35.411,1.47965,1.47987,1.12,1.50
2015.09.22 10:21:35.900,1.47963,1.47977,1.00,1.00
2015.09.22 10:21:36.205,1.47987,1.47993,1.37,1.00
2015.09.22 10:21:36.256,1.47987,1.48006,1.12,1.12
2015.09.22 10:21:36.307,1.47992,1.48013,1.37,4.50
2015.09.22 10:21:36.359,1.47993,1.48014,1.12,1.00
2015.09.22 10:21:36.410,1.47988,1.48004,1.87,1.00
2015.09.22 10:21:36.461,1.47988,1.48004,1.37,1.00
2015.09.22 10:21:36.563,1.47985,1.48003,1.12,1.00
2015.09.22 10:21:36.665,1.47984,1.48007,1.12,1.12
2015.09.22 10:21:37.291,1.47992,1.48008,1.00,1.00
2015.09.22 10:21:37.343,1.47991,1.48012,1.12,1.37
2015.09.22 10:21:37.700,1.47992,1.48012,1.12,1.00
2015.09.22 10:21:37.751,1.47993,1.48015,1.12,1.50
2015.09.22 10:21:38.259,1.47995,1.48018,1.12,1.12
2015.09.22 10:21:38.607,1.47998,1.4802,1.12,1.87
2015.09.22 10:21:39.115,1.47999,1.48022,1.12,1.12
2015.09.22 10:21:40.378,1.48,1.48023,1.12,1.75
2015.09.22 10:21:40.885,1.48,1.48021,1.37,1.00
2015.09.22 10:21:40.936,1.47999,1.48021,1.87,1.12
2015.09.22 10:21:41.567,1.47999,1.48021,1.75,1.37
2015.09.22 10:21:41.619,1.47999,1.4802,1.00,1.37
2015.09.22 10:21:43.377,1.47999,1.48021,1.50,2.25
2015.09.22 10:21:43.487,1.48001,1.48021,1.00,1.50
2015.09.22 10:21:43.993,1.47999,1.48021,1.75,1.37
2015.09.22 10:21:44.950,1.48,1.4802,1.00,1.00
2015.09.22 10:21:45.174,1.48,1.48022,1.75,2.25
2015.09.22 10:21:45.492,1.47997,1.48017,1.37,1.00
2015.09.22 10:21:45.796,1.47995,1.48017,1.87,1.50
2015.09.22 10:21:46.608,1.4798,1.47989,1.87,1.12
2015.09.22 10:21:46.661,1.47966,1.47989,1.12,1.12
2015.09.22 10:21:47.077,1.47968,1.4799,1.87,1.12
2015.09.22 10:21:47.283,1.47967,1.47988,1.12,1.37
2015.09.22 10:21:47.386,1.47969,1.47989,1.12,1.75
2015.09.22 10:21:47.772,1.47972,1.47992,1.00,1.12
2015.09.22 10:21:48.236,1.47971,1.47992,1.00,1.12
2015.09.22 10:21:48.440,1.47971,1.47979,1.00,1.00
2015.09.22 10:21:48.491,1.47969,1.4799,1.12,1.50
2015.09.22 10:21:48.593,1.47959,1.47977,1.37,1.12
2015.09.22 10:21:48.644,1.47958,1.47977,1.00,1.12
2015.09.22 10:21:49.079,1.47953,1.47976,2.25,1.12
2015.09.22 10:21:49.589,1.47955,1.47978,1.50,1.37
2015.09.22 10:21:49.692,1.47955,1.47977,1.12,1.12
2015.09.22 10:21:49.794,1.47955,1.47978,2.25,1.12
2015.09.22 10:21:50.232,1.47957,1.47978,1.50,1.12
2015.09.22 10:21:50.393,1.47956,1.47978,1.12,2.62
2015.09.22 10:21:50.496,1.47952,1.47974,2.25,1.75
2015.09.22 10:21:50.599,1.47952,1.47974,1.50,1.75
2015.09.22 10:21:50.901,1.47954,1.47976,1.50,1.12
2015.09.22 10:21:50.953,1.47956,1.47977,1.37,1.50
2015.09.22 10:21:51.004,1.47956,1.47978,1.75,1.00
2015.09.22 10:21:51.541,1.47959,1.4798,1.87,1.12
2015.09.22 10:21:51.605,1.47962,1.47982,1.00,1.87
2015.09.22 10:21:51.707,1.47961,1.47982,1.12,1.50
2015.09.22 10:21:51.910,1.4796,1.47981,1.50,1.12
2015.09.22 10:21:52.417,1.47961,1.47981,1.00,1.12
2015.09.22 10:21:52.468,1.47958,1.47981,2.62,1.12
2015.09.22 10:21:52.784,1.47958,1.47976,1.87,1.50
2015.09.22 10:21:52.836,1.47954,1.47973,1.00,1.37
2015.09.22 10:21:53.092,1.47951,1.47973,1.12,1.37
2015.09.22 10:21:53.618,1.47958,1.47973,1.12,1.37
2015.09.22 10:21:54.115,1.47964,1.47983,1.00,1.75
2015.09.22 10:21:54.167,1.47964,1.47986,1.12,1.50
2015.09.22 10:21:54.270,1.47963,1.47985,1.37,2.25
2015.09.22 10:21:54.321,1.47961,1.47985,2.25,2.62
2015.09.22 10:21:54.372,1.47962,1.47984,1.00,1.37
2015.09.22 10:21:54.677,1.47968,1.47985,1.00,1.75
2015.09.22 10:21:54.780,1.47968,1.47986,1.00,1.37
2015.09.22 10:21:54.832,1.47968,1.47986,1.00,1.00
2015.09.22 10:21:54.883,1.47971,1.47989,1.00,1.12
2015.09.22 10:21:54.934,1.47968,1.4799,2.25,1.12
2015.09.22 10:21:55.622,1.47974,1.47998,1.12,2.25
2015.09.22 10:21:55.726,1.47971,1.47994,1.20,1.87
2015.09.22 10:21:55.777,1.4797,1.47991,1.87,1.00
2015.09.22 10:21:55.828,1.4797,1.47991,1.50,1.00
2015.09.22 10:21:55.880,1.4797,1.47991,1.12,1.87
2015.09.22 10:21:56.387,1.47967,1.4799,1.75,1.12
2015.09.22 10:21:57.024,1.47967,1.47989,1.75,1.75
2015.09.22 10:21:57.126,1.47967,1.47988,1.12,1.12
2015.09.22 10:21:58.429,1.47965,1.47987,1.12,1.37
2015.09.22 10:21:58.531,1.47963,1.47984,1.87,1.37
2015.09.22 10:21:58.684,1.47963,1.47982,1.00,1.00
2015.09.22 10:22:00.376,1.47966,1.47982,1.00,1.00
2015.09.22 10:22:00.631,1.47968,1.47987,1.00,1.37
2015.09.22 10:22:01.235,1.47968,1.47987,1.00,1.12
2015.09.22 10:22:06.802,1.47968,1.47987,1.37,1.12
2015.09.22 10:22:07.752,1.47969,1.47989,1.00,1.75
2015.09.22 10:22:08.503,1.47969,1.47989,1.37,1.12
2015.09.22 10:22:09.074,1.47966,1.47988,3.00,1.12
2015.09.22 10:22:09.531,1.47967,1.47985,1.37,1.12
2015.09.22 10:22:09.633,1.47967,1.47988,1.50,1.12
2015.09.22 10:22:09.685,1.47967,1.47989,1.50,1.12
2015.09.22 10:22:10.007,1.47967,1.47989,1.12,1.12
2015.09.22 10:22:10.363,1.47971,1.47989,1.00,1.12
2015.09.22 10:22:10.834,1.47971,1.47989,1.00,1.00
2015.09.22 10:22:13.863,1.47967,1.47989,1.50,1.12
2015.09.22 10:22:13.915,1.47967,1.47989,1.50,1.37
2015.09.22 10:22:14.221,1.47963,1.47983,1.00,1.75
2015.09.22 10:22:14.868,1.47961,1.47981,1.12,1.37
2015.09.22 10:22:15.471,1.47961,1.47981,1.50,1.37
2015.09.22 10:22:15.674,1.47964,1.47985,2.62,1.37
2015.09.22 10:22:16.415,1.47966,1.47988,1.75,2.25
2015.09.22 10:22:16.472,1.47967,1.47988,1.87,1.37
2015.09.22 10:22:16.981,1.47967,1.47988,1.12,1.75
2015.09.22 10:22:17.498,1.47967,1.47987,1.50,1.00
2015.09.22 10:22:18.007,1.47968,1.47988,1.12,1.50
2015.09.22 10:22:18.510,1.47966,1.47987,1.50,1.00
2015.09.22 10:22:19.782,1.47966,1.47988,1.50,1.12
2015.09.22 10:22:20.589,1.47967,1.47987,1.00,1.00
2015.09.22 10:22:21.105,1.47966,1.47988,1.87,1.12
2015.09.22 10:22:21.157,1.47966,1.47986,1.12,1.50
2015.09.22 10:22:21.228,1.47966,1.47986,1.50,1.12
2015.09.22 10:22:23.537,1.47966,1.47986,1.00,1.37
2015.09.22 10:22:23.905,1.47962,1.47984,1.12,1.75
2015.09.22 10:22:23.957,1.47962,1.47983,1.00,1.12
2015.09.22 10:22:24.372,1.47964,1.47984,1.00,1.87
2015.09.22 10:22:24.822,1.47964,1.47984,2.25,1.37
2015.09.22 10:22:25.329,1.47964,1.47984,2.25,1.50
2015.09.22 10:22:25.432,1.47962,1.47984,1.50,1.87
2015.09.22 10:22:25.736,1.47964,1.47984,1.12,1.87
2015.09.22 10:22:26.638,1.47964,1.47984,1.37,1.50
2015.09.22 10:22:27.371,1.47964,1.47984,1.12,1.75
2015.09.22 10:22:28.309,1.47964,1.47983,1.50,1.00
2015.09.22 10:22:28.951,1.47964,1.47985,2.25,1.75
2015.09.22 10:22:29.272,1.47964,1.47984,1.00,1.12
2015.09.22 10:22:29.847,1.47965,1.47984,1.12,1.00
2015.09.22 10:22:30.750,1.47966,1.47986,1.00,1.12
2015.09.22 10:22:31.761,1.47965,1.47985,1.87,1.37
2015.09.22 10:22:33.338,1.47965,1.47985,1.87,1.50
2015.09.22 10:22:34.768,1.47965,1.47985,1.12,1.50
2015.09.22 10:22:35.483,1.47965,1.47985,2.25,1.12
2015.09.22 10:22:35.787,1.47962,1.47984,1.87,1.50
2015.09.22 10:22:35.890,1.47962,1.47982,1.00,1.12
2015.09.22 10:22:36.949,1.47963,1.47982,1.00,1.12
2015.09.22 10:22:37.001,1.47963,1.47985,1.50,2.62
2015.09.22 10:22:37.103,1.47964,1.47985,1.12,1.12
2015.09.22 10:22:37.205,1.47963,1.47984,1.00,1.00
2015.09.22 10:22:37.307,1.47963,1.47984,1.00,1.12
2015.09.22 10:22:37.813,1.47965,1.47985,1.12,1.00
2015.09.22 10:22:37.864,1.47967,1.47988,1.12,3.00
2015.09.22 10:22:39.481,1.47967,1.47988,1.50,1.50
2015.09.22 10:22:40.380,1.47967,1.47987,1.50,1.00
2015.09.22 10:22:40.934,1.47967,1.47987,1.87,1.00
2015.09.22 10:22:41.580,1.47967,1.47987,1.87,1.00
2015.09.22 10:22:42.231,1.47967,1.47988,1.87,1.87
2015.09.22 10:22:42.537,1.47965,1.47987,1.12,1.87
2015.09.22 10:22:42.588,1.47964,1.47985,1.12,1.37
2015.09.22 10:22:42.925,1.47963,1.47983,1.50,1.87
2015.09.22 10:22:43.429,1.47963,1.47983,2.62,1.12
2015.09.22 10:22:43.943,1.47965,1.47985,1.50,2.62
2015.09.22 10:22:44.337,1.47967,1.47985,1.50,1.00
2015.09.22 10:22:44.490,1.47968,1.47987,1.50,1.50
2015.09.22 10:22:44.804,1.47968,1.47985,1.50,1.00
2015.09.22 10:22:45.311,1.47969,1.47986,1.00,1.00
2015.09.22 10:22:46.763,1.47969,1.47987,1.00,1.00
2015.09.22 10:22:47.067,1.4797,1.47987,1.87,1.00
2015.09.22 10:22:47.648,1.4797,1.47987,2.25,1.00
2015.09.22 10:22:47.758,1.4797,1.4799,2.25,1.12
2015.09.22 10:22:48.574,1.4797,1.47991,1.87,1.37
2015.09.22 10:22:49.096,1.47969,1.47989,1.37,1.50
2015.09.22 10:22:49.249,1.47967,1.47989,1.87,1.87
2015.09.22 10:22:49.452,1.47967,1.47988,1.00,1.87
2015.09.22 10:22:49.605,1.47965,1.47984,1.50,1.00
2015.09.22 10:22:50.164,1.47965,1.47984,1.12,1.12
2015.09.22 10:22:50.731,1.47964,1.47984,1.12,1.12
2015.09.22 10:22:51.148,1.47963,1.47983,1.87,1.87
2015.09.22 10:22:51.453,1.47959,1.47981,2.25,1.87
2015.09.22 10:22:51.504,1.47959,1.47979,1.50,1.75
2015.09.22 10:22:51.555,1.47959,1.47979,1.50,1.12
2015.09.22 10:22:51.657,1.4796,1.47979,1.00,1.37
2015.09.22 10:22:52.094,1.47963,1.4798,1.12,1.12
2015.09.22 10:22:52.145,1.47963,1.47983,1.87,1.12
2015.09.22 10:22:52.670,1.47963,1.47982,1.87,1.00
2015.09.22 10:22:52.897,1.47963,1.47982,1.50,1.37
2015.09.22 10:22:54.202,1.47963,1.47982,1.50,1.37
2015.09.22 10:22:56.313,1.47964,1.47983,1.12,1.87
2015.09.22 10:22:56.415,1.47965,1.47983,1.00,1.87
2015.09.22 10:22:56.517,1.47964,1.47983,1.12,2.25
2015.09.22 10:22:57.540,1.47963,1.47981,1.00,1.75
2015.09.22 10:22:57.846,1.47948,1.47969,1.87,1.37
2015.09.22 10:22:57.999,1.47948,1.47963,1.12,1.00
2015.09.22 10:22:58.327,1.47947,1.47961,1.00,1.00
2015.09.22 10:22:58.379,1.47947,1.47963,1.00,1.00
2015.09.22 10:22:58.836,1.47947,1.47965,1.00,1.00
2015.09.22 10:22:59.125,1.47947,1.47966,1.00,1.12
2015.09.22 10:22:59.177,1.47945,1.47966,1.12,1.12
2015.09.22 10:22:59.943,1.47944,1.47964,2.25,1.87
2015.09.22 10:23:00.859,1.47944,1.47961,1.00,1.00
2015.09.22 10:23:01.402,1.47944,1.47961,1.50,1.50
2015.09.22 10:23:01.453,1.47944,1.47961,1.00,1.87
2015.09.22 10:23:01.556,1.47942,1.47961,1.12,3.00
2015.09.22 10:23:01.759,1.47941,1.47961,1.37,1.50
2015.09.22 10:23:01.963,1.47942,1.47961,1.12,1.87
2015.09.22 10:23:02.065,1.4794,1.47961,1.75,2.25
2015.09.22 10:23:02.268,1.47938,1.47959,2.25,1.37
2015.09.22 10:23:02.629,1.47941,1.47959,1.00,1.50
2015.09.22 10:23:02.681,1.47939,1.47959,1.12,1.37
2015.09.22 10:23:02.732,1.47939,1.4796,1.75,1.87
2015.09.22 10:23:03.435,1.4794,1.47961,1.12,1.12
2015.09.22 10:23:04.308,1.47936,1.47957,1.87,1.12
2015.09.22 10:23:04.360,1.47937,1.47955,1.75,1.00
2015.09.22 10:23:04.466,1.4794,1.47959,1.00,1.12
2015.09.22 10:23:04.517,1.47942,1.47959,1.00,1.12
2015.09.22 10:23:04.568,1.47942,1.47961,1.87,1.12
2015.09.22 10:23:04.873,1.4794,1.47962,1.75,1.50
2015.09.22 10:23:05.434,1.47939,1.4796,1.12,1.12
2015.09.22 10:23:05.971,1.47938,1.4796,1.12,1.50
2015.09.22 10:23:06.529,1.47944,1.4796,1.00,1.87
2015.09.22 10:23:06.928,1.47942,1.47965,1.12,3.00
2015.09.22 10:23:07.030,1.47941,1.47964,1.12,1.12
2015.09.22 10:23:07.082,1.47941,1.47963,1.00,1.37
2015.09.22 10:23:07.285,1.47941,1.4796,1.12,1.00
2015.09.22 10:23:07.387,1.4794,1.47962,1.12,2.25
2015.09.22 10:23:07.490,1.47941,1.47962,1.12,1.37
2015.09.22 10:23:08.134,1.47942,1.47962,1.12,1.37
2015.09.22 10:23:08.287,1.4794,1.4796,1.75,1.00
2015.09.22 10:23:08.998,1.4794,1.47961,1.12,2.25
2015.09.22 10:23:09.760,1.47938,1.47958,1.37,1.00
2015.09.22 10:23:10.343,1.47938,1.47954,1.37,1.00
2015.09.22 10:23:10.496,1.47934,1.47954,1.12,1.00
2015.09.22 10:23:10.548,1.47933,1.47954,1.12,1.37
2015.09.22 10:23:11.106,1.47931,1.47954,3.37,1.87
2015.09.22 10:23:13.285,1.47934,1.47953,1.12,1.00
2015.09.22 10:23:13.488,1.47934,1.47955,2.62,1.75
2015.09.22 10:23:14.256,1.47935,1.47955,1.37,1.75
2015.09.22 10:23:14.308,1.4794,1.4796,1.12,1.50
2015.09.22 10:23:14.461,1.47941,1.47961,1.37,1.37
2015.09.22 10:23:14.968,1.4794,1.4796,1.50,1.00
2015.09.22 10:23:15.763,1.4794,1.47961,1.50,1.87
2015.09.22 10:23:17.081,1.4794,1.4796,1.12,1.50
2015.09.22 10:23:17.335,1.47937,1.47958,1.87,1.12
2015.09.22 10:23:17.489,1.47936,1.47954,1.37,1.37
2015.09.22 10:23:17.591,1.47932,1.47953,1.37,1.00
2015.09.22 10:23:17.693,1.47928,1.47948,1.12,1.00
2015.09.22 10:23:17.897,1.47926,1.47944,1.12,1.00
2015.09.22 10:23:18.511,1.47924,1.47943,2.25,1.00
2015.09.22 10:23:19.026,1.47924,1.47945,2.62,1.12
2015.09.22 10:23:19.379,1.47924,1.47944,2.25,1.37
2015.09.22 10:23:19.762,1.47928,1.47946,1.12,1.50
2015.09.22 10:23:19.814,1.47928,1.47946,1.50,1.00
2015.09.22 10:23:20.017,1.47928,1.47948,1.87,1.12
2015.09.22 10:23:20.474,1.47931,1.47947,1.00,1.00
2015.09.22 10:23:20.627,1.47933,1.47952,1.87,1.12
2015.09.22 10:23:21.111,1.47935,1.47955,1.00,1.12
2015.09.22 10:23:21.314,1.47935,1.47956,1.87,2.25
2015.09.22 10:23:21.840,1.47935,1.47955,1.12,1.37
2015.09.22 10:23:22.473,1.47935,1.47955,1.12,1.75
2015.09.22 10:23:22.526,1.47933,1.47952,1.00,1.37
2015.09.22 10:23:23.141,1.47932,1.47952,1.50,1.37
2015.09.22 10:23:24.387,1.47933,1.47952,1.00,1.37
2015.09.22 10:23:26.774,1.47934,1.47953,1.12,1.12
2015.09.22 10:23:27.079,1.47937,1.47955,1.00,1.12
2015.09.22 10:23:28.472,1.47937,1.47954,1.00,1.75
2015.09.22 10:23:29.187,1.47933,1.47952,1.75,1.00
2015.09.22 10:23:29.444,1.47923,1.47941,1.00,1.00
2015.09.22 10:23:29.546,1.4792,1.47941,2.25,1.87
2015.09.22 10:23:29.598,1.4792,1.47941,1.37,2.62
2015.09.22 10:23:30.106,1.4792,1.47937,1.00,1.12
2015.09.22 10:23:30.522,1.4792,1.47939,1.87,1.12
2015.09.22 10:23:30.625,1.47922,1.47939,1.50,1.00
2015.09.22 10:23:30.728,1.47923,1.47943,1.12,1.12
2015.09.22 10:23:32.472,1.47921,1.47942,1.50,1.37
2015.09.22 10:23:32.625,1.47919,1.47942,2.62,1.12
2015.09.22 10:23:32.950,1.47919,1.47934,1.12,1.12
2015.09.22 10:23:33.051,1.47918,1.47936,1.87,1.00
2015.09.22 10:23:33.790,1.4792,1.4794,1.00,3.00
2015.09.22 10:23:33.994,1.47923,1.47941,1.00,1.12
2015.09.22 10:23:34.299,1.47926,1.47941,1.00,1.12
2015.09.22 10:23:34.452,1.47923,1.47945,1.50,2.25
2015.09.22 10:23:34.605,1.47923,1.47945,1.12,1.87
2015.09.22 10:23:35.547,1.47923,1.47941,1.12,1.00
2015.09.22 10:23:35.649,1.47921,1.47941,1.00,1.00
2015.09.22 10:23:35.700,1.47921,1.47941,1.00,1.50
2015.09.22 10:23:35.954,1.47923,1.47944,1.12,2.25
2015.09.22 10:23:38.533,1.47923,1.47944,1.37,1.12
2015.09.22 10:23:39.044,1.47923,1.47944,1.12,1.75
2015.09.22 10:23:40.172,1.47923,1.47941,1.00,1.00
2015.09.22 10:23:41.585,1.47923,1.47941,1.37,1.00
2015.09.22 10:23:41.970,1.47928,1.47942,1.00,1.12
2015.09.22 10:23:42.031,1.47925,1.47945,1.50,1.87
2015.09.22 10:23:42.235,1.47929,1.47947,1.00,2.25
2015.09.22 10:23:42.794,1.47929,1.47946,1.00,1.12
2015.09.22 10:23:43.608,1.47924,1.47943,1.37,1.50
2015.09.22 10:23:43.660,1.47921,1.47941,1.12,1.12
2015.09.22 10:23:43.711,1.47921,1.47941,1.00,1.37
2015.09.22 10:23:44.033,1.47921,1.47939,1.00,1.12
2015.09.22 10:23:44.186,1.47918,1.47939,1.12,1.12
2015.09.22 10:23:46.714,1.47918,1.47937,1.00,1.12
2015.09.22 10:23:46.968,1.47918,1.47939,1.50,1.37
2015.09.22 10:23:47.020,1.47923,1.47941,1.00,2.25
2015.09.22 10:23:47.274,1.47925,1.47944,1.00,3.00
2015.09.22 10:23:47.730,1.47928,1.47944,1.00,1.00
2015.09.22 10:23:47.789,1.47928,1.47948,1.50,1.12
2015.09.22 10:23:48.449,1.47931,1.47949,1.00,1.12
2015.09.22 10:23:48.974,1.47929,1.47948,1.00,1.37
2015.09.22 10:23:49.279,1.47929,1.47946,1.00,1.12
2015.09.22 10:23:49.893,1.47925,1.47942,1.00,1.12
2015.09.22 10:23:49.944,1.4792,1.47938,1.37,1.37
2015.09.22 10:23:50.046,1.47917,1.47935,2.62,1.12
2015.09.22 10:23:50.576,1.47917,1.47932,1.00,1.00
2015.09.22 10:23:50.728,1.47915,1.47934,1.00,1.75
2015.09.22 10:23:51.235,1.47915,1.47933,1.00,1.12
2015.09.22 10:23:52.083,1.47917,1.47933,1.00,1.75
2015.09.22 10:23:52.185,1.4792,1.47937,1.00,1.12
2015.09.22 10:23:52.288,1.4792,1.47941,1.00,1.75
2015.09.22 10:23:53.247,1.47921,1.47941,1.12,1.12
2015.09.22 10:24:00.940,1.47919,1.47939,1.50,1.37
2015.09.22 10:24:01.469,1.47919,1.47939,1.12,1.12
2015.09.22 10:24:01.925,1.47922,1.47939,1.00,1.87
2015.09.22 10:24:02.445,1.4792,1.47939,1.00,1.87
2015.09.22 10:24:02.973,1.47919,1.47939,2.25,2.25
2015.09.22 10:24:03.479,1.4792,1.47939,1.87,1.87
2015.09.22 10:24:04.328,1.47927,1.47944,1.00,1.37
2015.09.22 10:24:04.379,1.4793,1.47944,1.00,1.00
2015.09.22 10:24:04.684,1.47933,1.47947,1.00,1.12
2015.09.22 10:24:04.786,1.47933,1.4795,1.00,1.12
2015.09.22 10:24:04.888,1.47933,1.47951,1.00,1.37
2015.09.22 10:24:06.287,1.47934,1.47952,1.00,1.12
2015.09.22 10:24:06.389,1.47937,1.47952,1.00,1.12
2015.09.22 10:24:06.695,1.47939,1.47957,1.00,1.12
2015.09.22 10:24:06.800,1.47942,1.4796,1.00,1.37
2015.09.22 10:24:07.289,1.47947,1.47963,1.00,1.37
2015.09.22 10:24:07.890,1.47947,1.47963,1.00,1.00
2015.09.22 10:24:09.395,1.47947,1.47967,1.00,1.12
2015.09.22 10:24:09.497,1.47945,1.47966,1.37,1.75
2015.09.22 10:24:09.599,1.47946,1.47965,1.00,1.00
2015.09.22 10:24:10.106,1.47945,1.47965,1.37,1.12
2015.09.22 10:24:10.617,1.47945,1.47965,1.12,1.12
2015.09.22 10:24:10.921,1.47942,1.47964,1.37,1.12
2015.09.22 10:24:11.607,1.47945,1.47963,1.00,1.50
2015.09.22 10:24:12.060,1.47948,1.47964,1.00,1.50
2015.09.22 10:24:12.760,1.47946,1.47965,1.50,2.62
2015.09.22 10:24:13.267,1.47946,1.47965,1.00,2.25
2015.09.22 10:24:14.054,1.47944,1.47964,1.12,1.37
2015.09.22 10:24:14.209,1.47945,1.47962,1.00,1.12
2015.09.22 10:24:14.609,1.47943,1.47962,1.87,1.12
2015.09.22 10:24:15.121,1.47944,1.47962,1.00,1.75
2015.09.22 10:24:16.533,1.47943,1.47964,1.12,1.12
2015.09.22 10:24:16.838,1.47944,1.47964,1.00,1.37
2015.09.22 10:24:17.381,1.47944,1.47961,1.00,1.00
2015.09.22 10:24:17.585,1.47942,1.47961,1.12,1.00
2015.09.22 10:24:18.532,1.47941,1.47961,1.00,1.00
2015.09.22 10:24:19.034,1.47941,1.47962,1.50,1.50
2015.09.22 10:24:19.397,1.47941,1.47961,1.37,1.75
2015.09.22 10:24:19.448,1.47939,1.47959,1.12,1.37
2015.09.22 10:24:19.550,1.47939,1.47958,1.12,1.12
2015.09.22 10:24:19.873,1.47937,1.47954,1.00,1.12
2015.09.22 10:24:20.538,1.47935,1.47953,1.00,1.12
2015.09.22 10:24:20.893,1.47933,1.47951,2.62,1.12
2015.09.22 10:24:20.995,1.47937,1.47951,1.00,1.12
2015.09.22 10:24:21.149,1.47934,1.4795,1.00,1.00
2015.09.22 10:24:21.908,1.47934,1.47951,1.00,1.12
2015.09.22 10:24:24.013,1.47934,1.47952,1.00,2.25
2015.09.22 10:24:25.006,1.47937,1.47952,1.00,1.87
2015.09.22 10:24:25.366,1.47934,1.47951,1.00,1.50
2015.09.22 10:24:26.730,1.47934,1.47952,1.00,1.37
2015.09.22 10:24:26.832,1.47934,1.47953,1.00,1.12
2015.09.22 10:24:26.883,1.47937,1.47952,1.00,1.00
2015.09.22 10:24:27.349,1.47933,1.47954,1.00,1.37
2015.09.22 10:24:27.451,1.47932,1.47952,1.37,1.37
2015.09.22 10:24:27.986,1.47933,1.47951,1.12,1.50
2015.09.22 10:24:31.071,1.47933,1.4795,1.00,1.75
2015.09.22 10:24:31.223,1.47933,1.4795,1.00,1.50
2015.09.22 10:24:32.800,1.47931,1.4795,1.00,1.37
2015.09.22 10:24:33.367,1.47931,1.47951,1.37,1.12
2015.09.22 10:24:33.569,1.47929,1.47951,2.62,1.75
2015.09.22 10:24:33.974,1.47933,1.47951,1.00,1.12
2015.09.22 10:24:34.730,1.47943,1.47961,1.50,1.00
2015.09.22 10:24:34.781,1.47943,1.47966,1.87,1.12
2015.09.22 10:24:35.188,1.47942,1.47963,1.37,1.37
2015.09.22 10:24:35.493,1.47939,1.47962,1.12,1.87
2015.09.22 10:24:36.273,1.47939,1.4796,1.37,1.87
2015.09.22 10:24:36.860,1.47939,1.4796,1.87,1.50
2015.09.22 10:24:37.417,1.47943,1.47963,1.50,1.37
2015.09.22 10:24:37.470,1.47943,1.47962,1.12,1.00
2015.09.22 10:24:37.997,1.47943,1.47963,1.00,1.87
2015.09.22 10:24:38.943,1.47942,1.47963,1.37,1.37
2015.09.22 10:24:45.649,1.47943,1.47964,1.37,1.12
2015.09.22 10:24:46.106,1.47943,1.47963,1.00,1.87
2015.09.22 10:24:46.614,1.47942,1.47963,1.12,1.87
2015.09.22 10:24:47.017,1.47942,1.47964,1.12,1.75
2015.09.22 10:24:48.827,1.47941,1.47963,1.12,1.37
2015.09.22 10:24:49.345,1.47942,1.47963,1.00,2.25
2015.09.22 10:24:49.899,1.47942,1.47963,1.00,1.50
2015.09.22 10:24:51.255,1.47942,1.47963,1.00,1.50
2015.09.22 10:24:51.981,1.47942,1.47963,1.00,1.50
2015.09.22 10:24:53.774,1.47942,1.47963,1.37,1.12
2015.09.22 10:24:55.677,1.47942,1.47963,1.37,1.12
2015.09.22 10:24:56.032,1.47945,1.47965,1.75,1.00
2015.09.22 10:24:56.336,1.47947,1.47967,1.50,1.12
2015.09.22 10:24:56.955,1.47952,1.47971,1.00,1.12
2015.09.22 10:24:57.010,1.47953,1.47975,1.87,1.75
2015.09.22 10:24:57.315,1.47956,1.47975,1.50,1.37
2015.09.22 10:24:58.088,1.47956,1.47977,1.37,1.75
2015.09.22 10:24:58.595,1.47956,1.47976,1.37,1.75
2015.09.22 10:24:58.696,1.47954,1.47973,1.37,1.37
2015.09.22 10:24:58.799,1.4795,1.47971,2.25,1.12
2015.09.22 10:24:59.054,1.47951,1.47974,1.12,1.87
2015.09.22 10:24:59.680,1.47949,1.4797,1.12,1.12
2015.09.22 10:24:59.731,1.47948,1.47968,1.00,1.37
2015.09.22 10:25:00.162,1.47947,1.47967,2.25,1.37
2015.09.22 10:25:00.620,1.47945,1.47964,1.87,1.00
2015.09.22 10:25:00.671,1.47944,1.47964,1.50,1.00
2015.09.22 10:25:00.722,1.47948,1.47964,1.00,1.00
2015.09.22 10:25:01.172,1.47948,1.47968,1.50,1.50
2015.09.22 10:25:01.607,1.47948,1.47968,1.87,1.37
2015.09.22 10:25:01.862,1.47951,1.47968,1.50,1.00
2015.09.22 10:25:01.914,1.47952,1.47968,1.37,1.00
2015.09.22 10:25:01.965,1.47954,1.47972,1.37,1.12
2015.09.22 10:25:02.016,1.47956,1.47972,1.37,1.37
2015.09.22 10:25:02.391,1.47956,1.47976,1.12,1.75
2015.09.22 10:25:02.442,1.4796,1.47977,1.00,1.87
2015.09.22 10:25:02.544,1.47957,1.47975,1.00,1.37
2015.09.22 10:25:02.646,1.47957,1.47974,1.00,1.37
2015.09.22 10:25:03.069,1.47959,1.47974,1.00,1.75
2015.09.22 10:25:03.171,1.47959,1.47979,1.50,1.37
2015.09.22 10:25:03.529,1.47961,1.4798,1.00,1.12
2015.09.22 10:25:04.036,1.47962,1.47983,1.12,1.87
2015.09.22 10:25:04.138,1.47962,1.47983,1.12,1.37
2015.09.22 10:25:04.239,1.47962,1.47983,1.37,1.12
2015.09.22 10:25:05.127,1.47965,1.47983,1.12,1.00
2015.09.22 10:25:05.193,1.47976,1.47999,1.12,1.87
2015.09.22 10:25:05.346,1.47978,1.48001,1.37,2.25
2015.09.22 10:25:05.854,1.47978,1.48001,1.75,1.87
2015.09.22 10:25:06.158,1.47978,1.48001,1.12,1.87
2015.09.22 10:25:06.624,1.47979,1.48001,1.12,1.87
2015.09.22 10:25:07.135,1.47979,1.48,1.12,1.00
2015.09.22 10:25:08.356,1.47984,1.48002,1.00,1.75
2015.09.22 10:25:08.407,1.47984,1.48002,1.37,1.75
2015.09.22 10:25:08.509,1.47984,1.48006,1.87,1.87
2015.09.22 10:25:08.611,1.47986,1.48007,2.62,1.37
2015.09.22 10:25:08.865,1.4799,1.48012,1.87,1.50
2015.09.22 10:25:09.243,1.47992,1.48014,1.37,1.37
2015.09.22 10:25:09.345,1.47992,1.48015,1.12,1.12
2015.09.22 10:25:09.863,1.47994,1.48017,1.87,1.12
2015.09.22 10:25:10.551,1.47995,1.48017,1.50,1.12
2015.09.22 10:25:12.757,1.47995,1.48017,1.12,1.12
2015.09.22 10:25:13.265,1.47998,1.48017,1.37,1.12
2015.09.22 10:25:13.367,1.48,1.48017,1.37,1.00
2015.09.22 10:25:13.469,1.48001,1.4802,1.75,1.37
2015.09.22 10:25:13.521,1.48002,1.48022,1.50,1.37
2015.09.22 10:25:14.454,1.48006,1.48024,1.00,1.37
2015.09.22 10:25:14.657,1.48002,1.48022,1.75,2.25
2015.09.22 10:25:14.759,1.48001,1.48021,1.12,1.12
2015.09.22 10:25:14.861,1.47997,1.48019,1.12,1.50
2015.09.22 10:25:15.014,1.47994,1.48017,2.62,1.87
2015.09.22 10:25:15.268,1.47993,1.48014,1.12,1.37
2015.09.22 10:25:15.910,1.47991,1.48014,1.87,1.87
2015.09.22 10:25:16.263,1.47993,1.48015,1.75,1.87
2015.09.22 10:25:16.365,1.47994,1.48015,1.12,1.50
2015.09.22 10:25:17.161,1.47993,1.48014,1.12,1.37
2015.09.22 10:25:17.700,1.47993,1.48014,1.12,1.37
2015.09.22 10:25:18.912,1.47998,1.48003,1.00,1.00
2015.09.22 10:25:19.014,1.47993,1.48003,1.12,1.00
2015.09.22 10:25:19.116,1.47982,1.48003,1.12,1.00
2015.09.22 10:25:19.421,1.47981,1.48004,1.37,1.87
2015.09.22 10:25:19.472,1.47981,1.48004,1.50,1.50
2015.09.22 10:25:19.964,1.47978,1.47996,1.12,1.00
2015.09.22 10:25:20.270,1.47977,1.47993,1.12,1.00
2015.09.22 10:25:20.321,1.47977,1.47998,1.12,1.12
2015.09.22 10:25:20.473,1.47977,1.47994,1.12,1.00
2015.09.22 10:25:21.204,1.4798,1.47994,1.00,1.00
2015.09.22 10:25:21.256,1.4798,1.47997,1.00,1.00
2015.09.22 10:25:21.409,1.47976,1.47998,1.12,2.62
2015.09.22 10:25:22.121,1.47977,1.47998,1.50,1.12
2015.09.22 10:25:22.853,1.47975,1.47995,1.12,1.50
2015.09.22 10:25:22.912,1.47972,1.47993,1.10,1.12
2015.09.22 10:25:23.116,1.47973,1.47995,1.50,1.12
2015.09.22 10:25:23.218,1.47974,1.47996,1.87,1.37
2015.09.22 10:25:24.112,1.47975,1.47997,1.87,1.87
2015.09.22 10:25:24.635,1.47975,1.47997,1.12,1.12
2015.09.22 10:25:24.939,1.47975,1.47995,1.12,1.12
2015.09.22 10:25:25.786,1.47976,1.47995,1.37,1.12
2015.09.22 10:25:26.419,1.47975,1.47995,1.12,1.12
2015.09.22 10:25:26.943,1.47974,1.47995,1.75,1.12
2015.09.22 10:25:27.700,1.47973,1.47995,1.12,1.87
2015.09.22 10:25:28.207,1.47973,1.47995,1.37,1.12
2015.09.22 10:25:29.697,1.47974,1.47995,1.37,1.12
2015.09.22 10:25:30.531,1.47975,1.47995,1.37,1.12
2015.09.22 10:25:31.196,1.47977,1.47996,1.12,1.37
2015.09.22 10:25:31.248,1.47977,1.47999,1.87,1.87
2015.09.22 10:25:31.454,1.47978,1.48,1.37,1.75
2015.09.22 10:25:31.968,1.4798,1.48001,1.37,1.87
2015.09.22 10:25:34.434,1.47981,1.48002,1.87,1.12
2015.09.22 10:25:34.854,1.47984,1.48005,1.37,1.87
2015.09.22 10:25:35.362,1.47982,1.48004,1.50,1.37
2015.09.22 10:25:35.911,1.47985,1.48004,1.37,1.12
2015.09.22 10:25:36.291,1.4799,1.48008,1.12,1.75
2015.09.22 10:25:36.342,1.47992,1.48011,1.12,1.12
2015.09.22 10:25:36.698,1.47992,1.48013,1.12,2.25
2015.09.22 10:25:36.800,1.47991,1.48011,1.87,1.00
2015.09.22 10:25:37.256,1.47993,1.48013,1.37,1.87
2015.09.22 10:25:37.459,1.47993,1.48013,1.12,1.00
2015.09.22 10:25:37.511,1.47993,1.48015,1.87,1.87
2015.09.22 10:25:37.873,1.47995,1.48015,1.37,1.12
2015.09.22 10:25:38.178,1.47988,1.48006,1.12,1.00
2015.09.22 10:25:38.280,1.47984,1.48005,1.12,1.00
2015.09.22 10:25:38.585,1.47984,1.48003,1.12,1.00
2015.09.22 10:25:38.839,1.47983,1.48003,1.75,1.00
2015.09.22 10:25:40.249,1.47983,1.48004,1.75,1.12
2015.09.22 10:25:40.351,1.47982,1.48003,1.37,1.87
2015.09.22 10:25:41.213,1.47982,1.48004,1.75,1.87
2015.09.22 10:25:41.720,1.47984,1.48004,1.00,1.50
2015.09.22 10:25:42.748,1.47985,1.48006,1.37,1.12
2015.09.22 10:25:43.256,1.47985,1.48006,1.37,1.87
2015.09.22 10:25:43.769,1.47985,1.48006,1.37,1.87
2015.09.22 10:25:44.429,1.47983,1.48002,1.12,1.37
2015.09.22 10:25:44.482,1.4798,1.48002,1.47,2.25
2015.09.22 10:25:45.598,1.4798,1.48,1.12,1.12
2015.09.22 10:25:46.043,1.47973,1.47993,1.75,1.37
2015.09.22 10:25:46.146,1.47973,1.47994,1.37,1.37
2015.09.22 10:25:46.350,1.47975,1.47998,1.12,1.87
2015.09.22 10:25:47.278,1.47977,1.47998,1.12,1.87
2015.09.22 10:25:47.807,1.47977,1.47998,1.12,1.37
2015.09.22 10:25:48.061,1.47978,1.47998,1.12,1.75
2015.09.22 10:25:48.164,1.47973,1.47994,1.20,1.00
2015.09.22 10:25:48.471,1.47969,1.47987,1.12,1.00
2015.09.22 10:25:48.962,1.47963,1.47979,1.75,1.50
2015.09.22 10:25:49.015,1.47957,1.47979,1.00,1.12
2015.09.22 10:25:49.673,1.47956,1.47977,1.75,1.37
2015.09.22 10:25:50.511,1.47957,1.47979,1.12,1.75
2015.09.22 10:25:50.613,1.47956,1.47977,1.75,1.87
2015.09.22 10:25:50.664,1.47956,1.47974,1.75,1.00
2015.09.22 10:25:50.870,1.47953,1.47974,1.37,1.87
2015.09.22 10:25:50.972,1.47951,1.47973,1.12,1.87
2015.09.22 10:25:52.141,1.47952,1.47971,1.37,1.12
2015.09.22 10:25:52.398,1.47948,1.47967,1.50,1.12
2015.09.22 10:25:52.449,1.47946,1.47966,1.50,1.50
2015.09.22 10:25:52.500,1.47944,1.47966,1.37,1.87
2015.09.22 10:25:52.552,1.47944,1.47965,1.00,1.12
2015.09.22 10:25:53.060,1.47942,1.47964,1.37,2.25
2015.09.22 10:25:53.420,1.47942,1.47964,1.12,1.75
2015.09.22 10:25:53.879,1.47941,1.47962,1.12,1.50
2015.09.22 10:25:54.404,1.47941,1.47962,1.75,1.50
2015.09.22 10:25:54.965,1.47941,1.47962,1.75,1.00
2015.09.22 10:25:55.472,1.47941,1.47962,1.12,1.00
2015.09.22 10:25:56.243,1.47941,1.47964,1.75,1.75
2015.09.22 10:25:56.682,1.47943,1.47963,1.12,1.00
2015.09.22 10:25:57.217,1.47944,1.47963,1.37,1.00
2015.09.22 10:25:57.623,1.47947,1.47969,1.12,1.12
2015.09.22 10:25:57.674,1.47948,1.4797,1.12,1.12
2015.09.22 10:25:57.725,1.47951,1.4797,1.75,1.12
2015.09.22 10:25:58.117,1.47956,1.47978,1.12,1.00
2015.09.22 10:25:58.829,1.47958,1.47978,1.37,1.00
2015.09.22 10:25:59.419,1.47958,1.47978,1.50,1.37
2015.09.22 10:25:59.729,1.47953,1.47973,1.37,1.12
2015.09.22 10:25:59.780,1.47953,1.47973,1.87,1.00
2015.09.22 10:25:59.932,1.47953,1.47973,1.12,1.50
2015.09.22 10:26:00.944,1.47951,1.47973,2.62,1.12
2015.09.22 10:26:01.147,1.47954,1.47976,1.37,1.75
2015.09.22 10:26:01.198,1.47955,1.47976,1.12,1.12
2015.09.22 10:26:01.505,1.47951,1.47973,1.12,2.25
2015.09.22 10:26:02.128,1.47949,1.47971,1.00,1.12
2015.09.22 10:26:02.230,1.47949,1.47971,1.50,1.12
2015.09.22 10:26:03.642,1.47949,1.47971,1.37,1.75
2015.09.22 10:26:03.744,1.47948,1.4797,1.12,1.12
2015.09.22 10:26:03.846,1.47948,1.4797,1.12,1.12
2015.09.22 10:26:04.313,1.47948,1.47969,1.37,1.50
2015.09.22 10:26:04.364,1.47948,1.47969,1.37,1.50
2015.09.22 10:26:04.517,1.47945,1.47966,1.12,1.50
2015.09.22 10:26:05.086,1.47944,1.47964,1.37,1.87
2015.09.22 10:26:06.377,1.47943,1.47964,1.75,1.12
2015.09.22 10:26:06.738,1.4795,1.47972,1.12,1.37
2015.09.22 10:26:07.246,1.4795,1.47972,1.75,1.37
2015.09.22 10:26:07.347,1.47951,1.47972,1.00,1.37
2015.09.22 10:26:07.651,1.4795,1.47972,1.12,1.87
2015.09.22 10:26:08.202,1.47948,1.47964,2.25,1.00
2015.09.22 10:26:08.254,1.47944,1.47964,1.12,1.00
2015.09.22 10:26:08.457,1.47942,1.47964,1.50,1.37
2015.09.22 10:26:09.926,1.47943,1.47965,1.75,1.12
2015.09.22 10:26:10.470,1.47944,1.47964,1.12,1.00
2015.09.22 10:26:11.971,1.47944,1.47964,1.12,1.12
2015.09.22 10:26:12.074,1.47944,1.47963,1.00,1.75
2015.09.22 10:26:12.589,1.47939,1.47961,1.37,2.62
2015.09.22 10:26:12.895,1.47938,1.47955,1.12,1.12
2015.09.22 10:26:12.949,1.47935,1.47955,1.12,1.12
2015.09.22 10:26:13.001,1.47934,1.47955,1.50,1.75
2015.09.22 10:26:13.153,1.47933,1.47955,1.87,1.75
2015.09.22 10:26:13.306,1.47933,1.47954,1.00,1.50
2015.09.22 10:26:13.408,1.47933,1.47956,1.12,1.75
2015.09.22 10:26:13.459,1.47934,1.47956,1.37,1.87
2015.09.22 10:26:13.511,1.47934,1.47956,1.00,2.25
2015.09.22 10:26:14.648,1.47933,1.47953,1.12,1.00
2015.09.22 10:26:14.953,1.47935,1.47954,1.75,1.00
2015.09.22 10:26:15.158,1.47938,1.47957,1.00,1.37
2015.09.22 10:26:15.548,1.47936,1.47957,1.87,1.37
2015.09.22 10:26:15.920,1.47936,1.47959,1.87,2.62
2015.09.22 10:26:16.450,1.47936,1.47957,1.50,1.37
2015.09.22 10:26:16.997,1.47934,1.47954,1.37,2.25
2015.09.22 10:26:17.099,1.47933,1.47953,1.50,1.12
2015.09.22 10:26:17.697,1.47931,1.47952,2.25,1.50
2015.09.22 10:26:17.850,1.47936,1.47953,1.50,1.00
2015.09.22 10:26:18.201,1.47941,1.47959,1.00,1.37
2015.09.22 10:26:18.255,1.47941,1.47961,1.00,1.00
2015.09.22 10:26:18.307,1.47944,1.47961,1.00,1.00
2015.09.22 10:26:18.617,1.47942,1.47963,1.12,2.25
2015.09.22 10:26:18.922,1.47945,1.47962,1.00,1.12
2015.09.22 10:26:19.347,1.47951,1.47971,1.00,1.12
2015.09.22 10:26:19.399,1.47951,1.47972,1.37,3.00
2015.09.22 10:26:19.602,1.47951,1.47972,1.50,1.37
2015.09.22 10:26:19.704,1.47951,1.47972,1.37,1.37
2015.09.22 10:26:20.010,1.47951,1.47972,1.12,2.25
2015.09.22 10:26:20.932,1.4795,1.47971,1.12,2.25
2015.09.22 10:26:21.288,1.47948,1.47969,2.25,1.00
2015.09.22 10:26:21.492,1.47949,1.47968,1.12,1.00
2015.09.22 10:26:22.304,1.47948,1.47968,1.37,1.37
2015.09.22 10:26:23.326,1.47947,1.47968,1.37,1.50
2015.09.22 10:26:23.529,1.47946,1.47967,1.12,1.50
2015.09.22 10:26:24.038,1.47947,1.47967,1.00,1.75
2015.09.22 10:26:24.587,1.47946,1.47967,1.00,1.75
2015.09.22 10:26:24.899,1.47945,1.47967,1.12,1.12
2015.09.22 10:26:24.951,1.47948,1.47969,1.75,1.12
2015.09.22 10:26:26.345,1.47949,1.4797,1.00,1.37
2015.09.22 10:26:27.367,1.47948,1.47971,1.75,2.25
2015.09.22 10:26:27.726,1.47951,1.4797,1.37,1.12
2015.09.22 10:26:28.031,1.47944,1.47968,2.25,2.25
2015.09.22 10:26:28.183,1.47943,1.47963,1.37,1.00
2015.09.22 10:26:28.234,1.47942,1.47965,1.50,2.25
2015.09.22 10:26:28.575,1.47942,1.47963,1.00,1.12
2015.09.22 10:26:29.135,1.47942,1.47961,1.00,1.37
2015.09.22 10:26:29.186,1.4794,1.47961,1.00,1.37
2015.09.22 10:26:29.237,1.4794,1.47961,1.00,1.37
2015.09.22 10:26:30.242,1.47939,1.47961,1.12,1.75
2015.09.22 10:26:30.648,1.47937,1.47956,1.37,1.37
2015.09.22 10:26:30.703,1.47936,1.47956,1.37,1.37
2015.09.22 10:26:31.061,1.47933,1.47955,2.25,1.12
2015.09.22 10:26:31.439,1.47931,1.47951,1.37,1.75
2015.09.22 10:26:31.896,1.47931,1.47952,1.50,1.37
2015.09.22 10:26:31.998,1.47933,1.47952,1.00,1.37
2015.09.22 10:26:32.505,1.47933,1.47952,1.37,1.37
2015.09.22 10:26:32.921,1.47937,1.47953,1.12,1.37
2015.09.22 10:26:32.982,1.47939,1.47958,1.00,1.12
2015.09.22 10:26:33.389,1.47936,1.47956,1.00,1.37
2015.09.22 10:26:33.897,1.47936,1.47956,1.37,1.37
2015.09.22 10:26:34.341,1.47933,1.47954,1.12,1.12
2015.09.22 10:26:34.629,1.47934,1.47952,1.00,1.37
2015.09.22 10:26:34.680,1.47934,1.47954,1.87,1.00
2015.09.22 10:26:34.833,1.47938,1.47958,2.25,1.00
2015.09.22 10:26:34.986,1.4794,1.47958,1.87,1.00
2015.09.22 10:26:35.495,1.47941,1.47962,2.25,2.25
2015.09.22 10:26:35.842,1.47946,1.47963,1.37,1.00
2015.09.22 10:26:36.300,1.47944,1.47965,2.62,1.87
2015.09.22 10:26:37.172,1.47942,1.47964,1.50,1.12
2015.09.22 10:26:37.479,1.47941,1.47963,1.87,1.75
2015.09.22 10:26:37.989,1.4794,1.4796,1.50,1.37
2015.09.22 10:26:38.506,1.47942,1.47962,1.50,1.12
2015.09.22 10:26:38.558,1.47942,1.47963,1.87,1.87
2015.09.22 10:26:40.385,1.47941,1.47962,1.37,1.12
2015.09.22 10:26:43.294,1.47941,1.47961,1.37,1.37
2015.09.22 10:26:43.829,1.47945,1.47965,1.37,1.37
2015.09.22 10:26:44.400,1.47947,1.47965,1.37,1.00
2015.09.22 10:26:44.929,1.47947,1.47965,1.37,1.00
2015.09.22 10:26:45.437,1.47947,1.47965,1.37,1.37
2015.09.22 10:26:46.102,1.47947,1.47967,2.25,1.12
2015.09.22 10:26:46.885,1.47947,1.47967,1.50,1.37
2015.09.22 10:26:47.189,1.4795,1.47966,1.12,1.37
2015.09.22 10:26:47.392,1.47952,1.47971,1.37,1.37
2015.09.22 10:26:47.444,1.47955,1.47971,1.12,1.37
2015.09.22 10:26:47.495,1.47955,1.47973,1.12,2.62
2015.09.22 10:26:48.160,1.47955,1.47974,1.37,1.75
2015.09.22 10:26:48.516,1.47955,1.47974,1.50,1.00
2015.09.22 10:26:50.171,1.47953,1.47974,1.00,1.00
2015.09.22 10:26:50.325,1.47953,1.47971,1.00,1.00
2015.09.22 10:26:50.681,1.47958,1.47972,1.00,1.87
2015.09.22 10:26:50.784,1.47956,1.47975,1.00,1.12
2015.09.22 10:26:51.090,1.47958,1.47975,1.00,1.12
2015.09.22 10:26:51.615,1.47958,1.47977,1.00,1.12
2015.09.22 10:26:52.122,1.47958,1.47978,1.37,1.12
2015.09.22 10:26:52.428,1.47961,1.47981,1.50,1.12
2015.09.22 10:26:52.951,1.47961,1.47981,1.50,1.87
2015.09.22 10:26:53.055,1.47961,1.47981,1.50,1.87
2015.09.22 10:26:53.542,1.47964,1.47981,1.37,1.87
2015.09.22 10:26:54.282,1.47966,1.47981,1.00,1.50
2015.09.22 10:26:54.336,1.47966,1.47983,1.00,1.00
2015.09.22 10:26:54.886,1.47965,1.47984,1.00,1.12
2015.09.22 10:26:55.904,1.47965,1.47983,1.00,1.00
2015.09.22 10:26:56.107,1.47965,1.47985,1.47,1.87
2015.09.22 10:26:56.608,1.47966,1.47985,1.45,1.00
2015.09.22 10:26:57.206,1.47967,1.47986,1.10,1.12
2015.09.22 10:26:57.753,1.47967,1.47986,1.07,1.12
2015.09.22 10:26:58.291,1.47967,1.47985,1.07,1.00
2015.09.22 10:26:59.267,1.47967,1.47986,1.07,1.12
2015.09.22 10:26:59.422,1.47968,1.47988,1.20,1.12
2015.09.22 10:26:59.473,1.47968,1.47989,1.57,1.50
2015.09.22 10:27:00.400,1.47969,1.47987,1.10,1.00
2015.09.22 10:27:01.046,1.47969,1.47987,1.07,1.00
2015.09.22 10:27:01.629,1.47969,1.47989,1.07,1.12
2015.09.22 10:27:02.537,1.47968,1.47989,1.20,2.25
2015.09.22 10:27:02.944,1.47969,1.47989,1.57,1.00
2015.09.22 10:27:03.895,1.4797,1.47991,1.57,1.87
2015.09.22 10:27:05.354,1.47972,1.47993,1.00,1.75
2015.09.22 10:27:06.879,1.47973,1.47993,1.12,1.37
2015.09.22 10:27:07.404,1.47974,1.47994,1.00,1.50
2015.09.22 10:27:08.481,1.47972,1.47994,1.75,1.75
2015.09.22 10:27:08.583,1.47972,1.47994,1.12,1.75
2015.09.22 10:27:08.635,1.47971,1.47992,1.37,1.75
2015.09.22 10:27:09.143,1.4797,1.4799,1.37,1.00
2015.09.22 10:27:10.333,1.4797,1.47991,1.50,1.75
2015.09.22 10:27:10.959,1.47969,1.47991,1.50,1.75
2015.09.22 10:27:12.308,1.47968,1.47989,1.12,1.50
2015.09.22 10:27:12.360,1.47965,1.47985,1.12,1.37
2015.09.22 10:27:12.870,1.47963,1.47984,1.12,1.50
2015.09.22 10:27:13.383,1.47962,1.47982,1.87,1.12
2015.09.22 10:27:13.753,1.47962,1.47982,1.00,1.87
2015.09.22 10:27:14.261,1.47961,1.47981,1.00,1.50
2015.09.22 10:27:14.363,1.4796,1.47981,1.50,2.25
2015.09.22 10:27:14.870,1.4796,1.47981,1.50,1.12
2015.09.22 10:27:22.014,1.4796,1.47981,1.50,1.12
2015.09.22 10:27:22.883,1.47961,1.47982,1.37,1.12
2015.09.22 10:27:23.522,1.47961,1.47984,1.87,2.25
2015.09.22 10:27:23.574,1.47961,1.47982,1.37,1.12
2015.09.22 10:27:26.970,1.4796,1.47981,1.87,1.12
2015.09.22 10:27:27.461,1.4796,1.47981,1.00,1.12
2015.09.22 10:27:28.470,1.47959,1.47981,1.12,1.12
2015.09.22 10:27:29.393,1.47961,1.47982,1.00,3.00
2015.09.22 10:27:30.791,1.4796,1.47981,1.37,2.62
2015.09.22 10:27:31.088,1.4796,1.47978,1.37,1.37
2015.09.22 10:27:31.140,1.47955,1.47976,1.75,1.00
2015.09.22 10:27:31.649,1.47955,1.47976,1.37,2.25
2015.09.22 10:27:33.286,1.47955,1.47976,1.37,1.12
2015.09.22 10:27:33.825,1.47955,1.47976,1.37,1.37
2015.09.22 10:27:35.011,1.47955,1.47976,1.37,1.37
2015.09.22 10:27:35.562,1.47956,1.47976,1.75,1.00
2015.09.22 10:27:36.285,1.47959,1.4798,1.12,2.25
2015.09.22 10:27:36.488,1.47961,1.4798,1.00,1.87
2015.09.22 10:27:36.886,1.47964,1.4798,1.50,1.00
2015.09.22 10:27:36.937,1.47966,1.47987,1.00,1.12
2015.09.22 10:27:37.573,1.47966,1.47987,1.00,1.37
2015.09.22 10:27:37.968,1.47965,1.47988,1.12,1.75
2015.09.22 10:27:38.272,1.47971,1.47993,1.50,1.50
2015.09.22 10:27:38.476,1.47975,1.47995,1.37,1.12
2015.09.22 10:27:38.781,1.47973,1.47995,1.00,1.75
2015.09.22 10:27:39.325,1.47971,1.47992,1.37,1.37
2015.09.22 10:27:39.833,1.47972,1.47992,1.12,1.00
2015.09.22 10:27:39.985,1.47975,1.47996,1.12,3.00
2015.09.22 10:27:40.886,1.47973,1.47994,1.75,1.50
2015.09.22 10:27:42.975,1.47974,1.47994,1.00,1.87
2015.09.22 10:27:43.510,1.47972,1.47992,1.75,1.12
2015.09.22 10:27:43.561,1.47973,1.47992,1.00,1.12
2015.09.22 10:27:43.663,1.47973,1.47992,1.00,1.50
2015.09.22 10:27:44.403,1.4797,1.4799,1.37,1.00
2015.09.22 10:27:45.013,1.47972,1.47991,1.12,1.12
2015.09.22 10:27:45.319,1.47972,1.47991,1.12,1.12
2015.09.22 10:27:45.925,1.47974,1.4799,1.75,1.00
2015.09.22 10:27:46.930,1.47972,1.4799,1.12,1.00
2015.09.22 10:27:47.134,1.47972,1.47991,1.00,1.12
2015.09.22 10:27:47.697,1.47972,1.4799,1.00,1.37
2015.09.22 10:27:48.167,1.47968,1.47988,1.75,1.50
2015.09.22 10:27:48.320,1.47967,1.47985,1.37,1.00
2015.09.22 10:27:48.932,1.47963,1.47984,1.87,1.12
2015.09.22 10:27:49.186,1.47963,1.47984,1.75,1.37
2015.09.22 10:27:49.238,1.47963,1.47983,1.00,1.12
2015.09.22 10:27:49.644,1.47958,1.47982,2.25,2.25
2015.09.22 10:27:50.179,1.47958,1.47981,1.37,2.25
2015.09.22 10:27:50.736,1.47958,1.47979,1.50,1.75
2015.09.22 10:27:51.237,1.47958,1.47979,1.37,1.37
2015.09.22 10:27:52.031,1.47961,1.47983,1.50,1.12
2015.09.22 10:27:52.540,1.47963,1.47983,1.12,1.75
2015.09.22 10:27:53.522,1.47961,1.47981,1.12,1.00
2015.09.22 10:27:53.573,1.47962,1.47981,1.00,1.00
2015.09.22 10:27:53.777,1.47961,1.47981,1.12,1.00
2015.09.22 10:27:54.205,1.47962,1.47981,1.00,1.00
2015.09.22 10:27:54.358,1.4796,1.47981,1.00,2.25
2015.09.22 10:27:54.959,1.47954,1.47975,1.50,1.12
2015.09.22 10:27:55.481,1.47954,1.47975,1.87,1.37
2015.09.22 10:27:55.735,1.47956,1.47977,1.50,1.87
2015.09.22 10:27:55.786,1.47956,1.47977,1.50,1.87
2015.09.22 10:27:56.290,1.47957,1.47978,1.87,1.12
2015.09.22 10:27:58.069,1.47957,1.47978,1.87,1.12
2015.09.22 10:27:58.542,1.47957,1.47976,2.25,1.00
2015.09.22 10:27:58.847,1.47962,1.47982,1.37,1.12
2015.09.22 10:27:58.948,1.47964,1.47983,1.37,1.75
2015.09.22 10:27:59.466,1.47962,1.47983,1.37,1.75
2015.09.22 10:27:59.846,1.47962,1.47982,1.50,1.37
2015.09.22 10:28:00.151,1.4796,1.4798,1.37,1.12
2015.09.22 10:28:01.544,1.47959,1.47979,1.87,1.00
2015.09.22 10:28:02.217,1.4796,1.4798,1.75,1.00
2015.09.22 10:28:02.550,1.47966,1.4798,1.00,1.75
2015.09.22 10:28:02.966,1.47972,1.47986,1.00,1.37
2015.09.22 10:28:03.018,1.47975,1.47989,1.00,1.37
2015.09.22 10:28:03.121,1.47972,1.47989,1.00,1.37
2015.09.22 10:28:03.223,1.47972,1.4799,1.00,1.12
2015.09.22 10:28:03.529,1.4797,1.47986,1.00,1.75
2015.09.22 10:28:04.207,1.47972,1.47987,1.00,1.37
2015.09.22 10:28:04.259,1.47972,1.47988,1.00,1.37
2015.09.22 10:28:06.004,1.47974,1.47989,1.00,1.37
2015.09.22 10:28:06.157,1.47974,1.47993,1.12,1.12
2015.09.22 10:28:06.367,1.47974,1.47993,1.37,1.12
2015.09.22 10:28:06.727,1.47978,1.47993,1.00,1.00
2015.09.22 10:28:07.081,1.47975,1.47993,1.00,1.75
2015.09.22 10:28:07.183,1.47975,1.47993,1.12,1.12
2015.09.22 10:28:07.285,1.47975,1.47993,1.12,1.75
2015.09.22 10:28:08.760,1.47974,1.47993,1.12,1.75
2015.09.22 10:28:09.349,1.47974,1.47993,1.37,1.75
2015.09.22 10:28:10.267,1.47979,1.47996,1.12,1.37
2015.09.22 10:28:10.809,1.47979,1.47996,1.37,1.00
2015.09.22 10:28:11.306,1.47983,1.47996,1.00,1.00
2015.09.22 10:28:11.728,1.47985,1.48,1.37,1.50
2015.09.22 10:28:11.781,1.47985,1.48004,1.12,1.87
2015.09.22 10:28:13.397,1.47985,1.48004,1.37,1.87
2015.09.22 10:28:13.825,1.47988,1.48005,1.00,1.37
2015.09.22 10:28:13.877,1.47988,1.48005,1.37,1.37
2015.09.22 10:28:13.979,1.47988,1.48008,1.87,1.00
2015.09.22 10:28:14.529,1.47991,1.48008,1.37,1.00
2015.09.22 10:28:14.855,1.47991,1.48011,1.50,1.50
2015.09.22 10:28:15.213,1.47991,1.48012,1.50,1.12
2015.09.22 10:28:15.314,1.47991,1.48012,1.50,1.12
2015.09.22 10:28:15.835,1.47991,1.48011,1.50,1.50
2015.09.22 10:28:16.637,1.47991,1.48011,1.50,1.50
2015.09.22 10:28:17.247,1.47991,1.48011,1.50,1.12
2015.09.22 10:28:17.301,1.47991,1.48011,1.50,1.12
2015.09.22 10:28:17.678,1.47995,1.48014,1.37,1.75
2015.09.22 10:28:18.133,1.47994,1.48015,1.12,1.50
2015.09.22 10:28:18.184,1.47995,1.48015,1.00,1.87
2015.09.22 10:28:18.286,1.47993,1.48014,1.00,1.75
2015.09.22 10:28:18.797,1.47992,1.48013,1.12,1.87
2015.09.22 10:28:20.219,1.47992,1.48013,1.12,1.87
2015.09.22 10:28:20.917,1.47992,1.48013,1.12,1.87
2015.09.22 10:28:21.440,1.4799,1.48012,1.87,1.12
2015.09.22 10:28:22.361,1.47991,1.48012,1.12,1.12
2015.09.22 10:28:22.412,1.47991,1.48012,1.00,1.50
2015.09.22 10:28:22.667,1.4799,1.48011,1.37,1.12
2015.09.22 10:28:24.884,1.47991,1.48012,1.12,1.12
2015.09.22 10:28:24.986,1.47993,1.48012,1.12,1.00
2015.09.22 10:28:25.514,1.47993,1.48014,1.87,1.50
2015.09.22 10:28:26.446,1.47995,1.48015,1.12,1.00
2015.09.22 10:28:26.498,1.47996,1.48016,1.12,1.50
2015.09.22 10:28:27.430,1.47997,1.48016,1.37,1.00
2015.09.22 10:28:27.983,1.47994,1.48017,1.12,1.87
2015.09.22 10:28:28.041,1.47994,1.48017,1.37,2.62
2015.09.22 10:28:29.915,1.47992,1.48012,1.00,1.12
2015.09.22 10:28:30.466,1.4799,1.48012,1.37,1.12
2015.09.22 10:28:30.795,1.47989,1.4801,1.37,1.12
2015.09.22 10:28:32.252,1.47989,1.48011,1.37,1.87
2015.09.22 10:28:33.028,1.47993,1.48015,1.37,2.25
2015.09.22 10:28:33.131,1.47995,1.48015,1.37,1.50
2015.09.22 10:28:34.250,1.47995,1.48015,1.75,1.00
2015.09.22 10:28:35.251,1.47996,1.48015,1.00,1.00
2015.09.22 10:28:35.558,1.47993,1.48015,1.75,1.12
2015.09.22 10:28:35.610,1.47993,1.48014,1.37,1.37
2015.09.22 10:28:35.763,1.47994,1.48014,1.37,1.00
2015.09.22 10:28:35.816,1.47992,1.48014,1.87,1.75
2015.09.22 10:28:35.918,1.47995,1.48015,1.37,1.37
2015.09.22 10:28:36.446,1.47996,1.48015,1.00,1.00
2015.09.22 10:28:36.903,1.47992,1.48015,2.25,1.50
2015.09.22 10:28:37.055,1.47994,1.48015,1.12,1.00
2015.09.22 10:28:37.827,1.47995,1.48015,1.75,1.00
2015.09.22 10:28:38.758,1.47996,1.48015,1.00,1.00
2015.09.22 10:28:39.181,1.47993,1.48015,1.12,1.87
2015.09.22 10:28:39.233,1.47991,1.48011,1.87,1.00
2015.09.22 10:28:39.940,1.4799,1.48009,1.50,1.00
2015.09.22 10:28:39.992,1.47989,1.48011,1.12,1.75
2015.09.22 10:28:40.299,1.47989,1.48006,1.00,1.00
2015.09.22 10:28:40.554,1.47984,1.48002,1.12,1.00
2015.09.22 10:28:41.374,1.47983,1.48003,1.12,1.50
2015.09.22 10:28:41.476,1.47985,1.48005,1.37,1.37
2015.09.22 10:28:41.527,1.47986,1.48006,1.12,1.50
2015.09.22 10:28:41.579,1.47988,1.48007,1.00,1.00
2015.09.22 10:28:42.101,1.47988,1.48008,1.50,1.00
2015.09.22 10:28:42.784,1.47988,1.48008,2.25,1.00
2015.09.22 10:28:42.836,1.4799,1.48011,1.12,1.12
2015.09.22 10:28:42.887,1.47992,1.48011,1.00,1.00
2015.09.22 10:28:42.989,1.47992,1.48014,1.12,1.75
2015.09.22 10:28:43.142,1.47995,1.48015,1.37,1.37
2015.09.22 10:28:43.193,1.47993,1.48015,1.75,1.12
2015.09.22 10:28:43.244,1.47993,1.48014,1.37,1.37
2015.09.22 10:28:43.346,1.47991,1.48011,1.37,1.12
2015.09.22 10:28:44.372,1.47993,1.48015,1.12,2.62
2015.09.22 10:28:44.423,1.47991,1.48012,1.75,1.50
2015.09.22 10:28:44.949,1.4799,1.48012,1.12,1.87
2015.09.22 10:28:45.968,1.47994,1.48013,1.00,1.00
2015.09.22 10:28:47.276,1.47992,1.48013,1.75,1.00
2015.09.22 10:28:48.029,1.47992,1.48014,1.12,1.75
2015.09.22 10:28:48.345,1.47994,1.48014,1.00,1.00
2015.09.22 10:28:48.548,1.47992,1.48014,1.12,1.75
2015.09.22 10:28:48.852,1.47991,1.48011,1.00,1.37
2015.09.22 10:28:49.208,1.47989,1.4801,1.37,1.12
2015.09.22 10:28:50.443,1.47989,1.4801,1.75,1.00
2015.09.22 10:28:52.357,1.4799,1.4801,1.00,1.12
2015.09.22 10:28:53.987,1.4799,1.4801,1.00,1.37
2015.09.22 10:28:57.428,1.4799,1.4801,1.00,1.00
2015.09.22 10:28:57.479,1.47991,1.48011,1.37,1.37
2015.09.22 10:28:57.581,1.47994,1.48013,1.37,1.37
2015.09.22 10:28:57.683,1.47995,1.48016,1.37,1.50
2015.09.22 10:28:57.887,1.47998,1.48018,1.00,1.37
2015.09.22 10:28:58.090,1.48,1.48021,1.87,1.00
2015.09.22 10:28:58.518,1.48002,1.48025,2.25,2.25
2015.09.22 10:28:58.569,1.48007,1.48027,1.00,1.00
2015.09.22 10:28:58.773,1.48007,1.48028,1.12,1.50
2015.09.22 10:28:59.078,1.48005,1.48026,1.75,1.12
2015.09.22 10:28:59.129,1.48005,1.48025,1.12,1.37
2015.09.22 10:28:59.181,1.48004,1.48024,1.00,1.37
2015.09.22 10:28:59.733,1.48003,1.48021,1.00,1.12
2015.09.22 10:29:01.709,1.48002,1.48023,1.12,1.50
2015.09.22 10:29:02.379,1.48002,1.48023,1.12,1.00
2015.09.22 10:29:02.480,1.48002,1.48023,2.62,1.00
2015.09.22 10:29:02.684,1.48008,1.48028,1.50,1.12
2015.09.22 10:29:03.193,1.48008,1.48029,1.37,1.75
2015.09.22 10:29:03.742,1.48006,1.48028,1.87,1.87
2015.09.22 10:29:03.895,1.48006,1.48026,1.12,1.87
2015.09.22 10:29:04.408,1.48008,1.48028,1.37,1.87
2015.09.22 10:29:04.939,1.48008,1.48031,1.87,1.87
2015.09.22 10:29:05.041,1.48008,1.48031,2.62,1.87
2015.09.22 10:29:05.350,1.48011,1.48029,1.00,1.75
2015.09.22 10:29:05.649,1.48009,1.48029,2.25,1.75
2015.09.22 10:29:05.701,1.48009,1.48027,1.50,1.12
2015.09.22 10:29:07.246,1.48008,1.48027,1.12,1.12
2015.09.22 10:29:07.750,1.48008,1.48027,1.37,1.12
2015.09.22 10:29:08.156,1.48005,1.48027,1.75,2.62
2015.09.22 10:29:08.662,1.48005,1.48026,1.37,1.75
2015.09.22 10:29:09.172,1.48005,1.48025,1.00,1.75
2015.09.22 10:29:10.207,1.48002,1.48023,1.75,1.50
2015.09.22 10:29:10.727,1.48002,1.48023,1.50,1.87
2015.09.22 10:29:10.779,1.48002,1.48023,1.75,1.50
2015.09.22 10:29:10.983,1.48002,1.48023,1.75,1.00
2015.09.22 10:29:11.186,1.48003,1.48025,1.75,1.00
2015.09.22 10:29:11.693,1.48004,1.48027,1.12,1.87
2015.09.22 10:29:12.548,1.48004,1.48024,1.37,1.87
2015.09.22 10:29:13.023,1.48003,1.48025,1.12,1.87
2015.09.22 10:29:13.177,1.48004,1.48025,1.37,1.50
2015.09.22 10:29:13.944,1.48005,1.48028,1.12,1.75
2015.09.22 10:29:16.926,1.48006,1.48028,1.37,1.75
2015.09.22 10:29:17.231,1.48009,1.4803,1.75,1.75
2015.09.22 10:29:17.332,1.48011,1.48033,1.75,1.37
2015.09.22 10:29:17.875,1.48011,1.48033,1.75,1.37
2015.09.22 10:29:17.927,1.48012,1.48032,1.00,1.00
2015.09.22 10:29:22.004,1.48009,1.4803,1.12,1.12
2015.09.22 10:29:22.106,1.48007,1.48028,1.47,1.75
2015.09.22 10:29:22.410,1.48007,1.48028,1.50,1.00
2015.09.22 10:29:22.512,1.48007,1.48028,1.37,1.12
2015.09.22 10:29:23.364,1.48008,1.48031,1.12,1.87
2015.09.22 10:29:27.437,1.48008,1.4803,1.12,1.87
2015.09.22 10:29:27.741,1.48011,1.48032,1.12,1.50
2015.09.22 10:29:28.097,1.4801,1.48032,1.12,3.37
2015.09.22 10:29:28.149,1.48008,1.48029,1.12,1.12
2015.09.22 10:29:28.522,1.48008,1.48028,1.00,1.12
2015.09.22 10:29:28.625,1.48008,1.48026,1.00,1.00
2015.09.22 10:29:28.727,1.48003,1.48024,1.12,1.50
2015.09.22 10:29:28.829,1.48001,1.48023,1.75,2.25
2015.09.22 10:29:29.133,1.47997,1.4802,1.37,1.50
2015.09.22 10:29:29.335,1.48,1.48021,1.00,1.37
2015.09.22 10:29:29.864,1.47998,1.48021,1.12,2.25
2015.09.22 10:29:30.176,1.47996,1.48017,1.12,1.50
2015.09.22 10:29:30.689,1.47996,1.48017,1.12,1.50
2015.09.22 10:29:31.988,1.47997,1.48018,1.00,1.12
2015.09.22 10:29:32.293,1.47994,1.48016,1.37,1.12
2015.09.22 10:29:34.152,1.47999,1.48016,1.00,1.12
2015.09.22 10:29:34.254,1.48,1.48019,1.00,1.50
2015.09.22 10:29:34.356,1.47998,1.48019,1.00,1.87
2015.09.22 10:29:34.559,1.47996,1.48018,1.12,1.87
2015.09.22 10:29:35.058,1.47999,1.48017,1.12,1.00
2015.09.22 10:29:35.110,1.47997,1.48018,1.37,1.75
2015.09.22 10:29:35.625,1.47997,1.48018,1.37,1.87
2015.09.22 10:29:35.829,1.47996,1.48017,1.00,1.12
2015.09.22 10:29:36.133,1.47992,1.48015,2.32,1.12
2015.09.22 10:29:37.013,1.47992,1.48014,1.12,1.37
2015.09.22 10:29:37.327,1.47993,1.48014,1.50,1.37
2015.09.22 10:29:39.508,1.47993,1.48015,1.75,1.12
2015.09.22 10:29:40.023,1.47993,1.48015,1.87,1.12
2015.09.22 10:29:40.124,1.47992,1.48015,3.00,1.75
2015.09.22 10:29:40.654,1.47992,1.48014,1.75,1.37
2015.09.22 10:29:42.575,1.47992,1.48012,1.75,1.00
2015.09.22 10:29:43.082,1.47992,1.48012,1.50,1.00
2015.09.22 10:29:44.255,1.47991,1.48012,1.87,1.37
2015.09.22 10:29:44.834,1.47991,1.48012,1.12,1.50
2015.09.22 10:29:46.602,1.47991,1.48012,1.12,1.50
2015.09.22 10:29:49.706,1.47991,1.48012,1.75,1.50
2015.09.22 10:29:50.632,1.4799,1.48012,1.75,1.87
2015.09.22 10:29:51.372,1.4799,1.48011,1.37,1.00
2015.09.22 10:29:51.918,1.4799,1.48011,1.12,1.37
2015.09.22 10:29:52.619,1.47989,1.48009,1.00,1.00
2015.09.22 10:29:52.954,1.47994,1.48013,1.37,1.12
2015.09.22 10:29:53.005,1.47995,1.48015,1.37,1.12
2015.09.22 10:29:53.208,1.47996,1.48018,1.50,1.12
2015.09.22 10:29:54.388,1.47996,1.48016,1.37,1.12
2015.09.22 10:29:56.924,1.47996,1.48016,1.37,1.12
2015.09.22 10:29:57.640,1.47994,1.48016,1.87,1.12
2015.09.22 10:29:58.381,1.47993,1.48016,1.12,1.87
2015.09.22 10:29:58.894,1.47993,1.48015,1.12,1.37
2015.09.22 10:30:01.037,1.47994,1.48016,1.50,1.75
2015.09.22 10:30:02.561,1.47994,1.48016,2.25,1.12
2015.09.22 10:30:03.668,1.47994,1.48016,1.50,1.75
2015.09.22 10:30:04.416,1.47998,1.48018,1.37,1.12
2015.09.22 10:30:04.518,1.47999,1.48019,1.87,1.00
2015.09.22 10:30:05.026,1.47999,1.48021,2.25,1.12
2015.09.22 10:30:05.178,1.47999,1.48022,2.25,2.25
2015.09.22 10:30:06.154,1.48,1.48022,1.87,1.75
2015.09.22 10:30:07.960,1.48,1.48022,1.50,1.75
2015.09.22 10:30:08.495,1.48,1.48022,1.50,1.75
2015.09.22 10:30:11.468,1.48001,1.48022,1.50,1.12
2015.09.22 10:30:11.792,1.48002,1.48022,1.87,1.12
2015.09.22 10:30:12.097,1.48017,1.48029,1.00,1.12
2015.09.22 10:30:12.148,1.48017,1.48031,1.00,1.12
2015.09.22 10:30:12.250,1.48017,1.48036,1.00,1.12
2015.09.22 10:30:13.433,1.48014,1.48036,1.87,1.12
2015.09.22 10:30:14.734,1.48016,1.48037,1.87,1.12
2015.09.22 10:30:14.836,1.48015,1.48037,1.12,1.12
2015.09.22 10:30:15.376,1.48015,1.48037,1.12,1.12
2015.09.22 10:30:15.920,1.48014,1.48035,1.12,1.37
2015.09.22 10:30:16.174,1.48013,1.48035,1.87,1.37
2015.09.22 10:30:18.576,1.48013,1.48035,1.12,1.37
2015.09.22 10:30:19.542,1.48013,1.48035,1.87,1.50
2015.09.22 10:30:20.070,1.48015,1.48035,1.00,1.50
2015.09.22 10:30:20.713,1.48015,1.48035,1.12,1.37
2015.09.22 10:30:21.019,1.48013,1.48032,1.37,1.00
2015.09.22 10:30:21.173,1.48009,1.4803,1.37,1.37
2015.09.22 10:30:21.680,1.48009,1.4803,1.00,1.87
2015.09.22 10:30:22.328,1.48008,1.4803,1.12,1.37
2015.09.22 10:30:22.784,1.48007,1.48029,1.75,1.12
2015.09.22 10:30:23.038,1.48007,1.48027,1.00,1.50
2015.09.22 10:30:24.001,1.48004,1.4801,1.12,1.00
2015.09.22 10:30:24.056,1.47986,1.48009,1.87,1.12
2015.09.22 10:30:24.158,1.47984,1.48006,2.62,1.12
2015.09.22 10:30:25.371,1.47983,1.48006,1.12,2.25
2015.09.22 10:30:25.828,1.47983,1.48005,2.25,1.12
2015.09.22 10:30:26.031,1.47988,1.48009,1.12,1.37
2015.09.22 10:30:26.667,1.47988,1.48009,1.12,1.37
2015.09.22 10:30:28.723,1.47988,1.4801,1.37,1.12
2015.09.22 10:30:28.774,1.47988,1.48001,1.37,1.00
2015.09.22 10:30:28.826,1.47986,1.48001,1.00,1.12
2015.09.22 10:30:28.877,1.47986,1.47997,1.00,1.00
2015.09.22 10:30:29.030,1.47973,1.47995,2.25,1.12
2015.09.22 10:30:29.081,1.47973,1.47995,1.12,1.50
2015.09.22 10:30:29.132,1.47971,1.47995,1.75,1.87
2015.09.22 10:30:29.235,1.47969,1.47991,2.25,1.00
2015.09.22 10:30:31.307,1.47973,1.47991,1.00,1.00
2015.09.22 10:30:33.436,1.47965,1.47988,2.62,2.62
2015.09.22 10:30:33.650,1.47965,1.47984,1.00,1.37
2015.09.22 10:30:34.165,1.47965,1.47984,1.00,1.12
2015.09.22 10:30:34.985,1.47963,1.47983,1.12,1.50
2015.09.22 10:30:36.200,1.47962,1.47983,1.12,2.25
2015.09.22 10:30:38.029,1.47963,1.47983,1.00,1.87
2015.09.22 10:30:38.962,1.47963,1.47978,1.00,1.75
2015.09.22 10:30:39.013,1.47958,1.47978,1.00,1.12
2015.09.22 10:30:39.064,1.47958,1.47976,1.00,1.12
2015.09.22 10:30:39.217,1.47958,1.47978,1.00,1.75
2015.09.22 10:30:39.471,1.4796,1.47978,1.00,1.12
2015.09.22 10:30:39.523,1.4796,1.47978,1.12,1.00
2015.09.22 10:30:39.625,1.47961,1.47983,1.50,1.12
2015.09.22 10:30:39.727,1.47964,1.47986,1.00,1.75
2015.09.22 10:30:41.010,1.47963,1.47986,1.12,1.12
2015.09.22 10:30:41.742,1.47964,1.47986,1.87,1.12
2015.09.22 10:30:41.844,1.47964,1.47984,1.75,1.37
2015.09.22 10:30:42.345,1.47963,1.47984,1.50,1.12
2015.09.22 10:30:43.395,1.47962,1.47984,1.87,1.12
2015.09.22 10:30:43.909,1.47962,1.47984,1.87,1.12
2015.09.22 10:30:45.052,1.47962,1.47984,1.87,1.12
2015.09.22 10:30:46.078,1.47962,1.47984,1.87,1.75
2015.09.22 10:30:46.666,1.47962,1.47981,1.50,1.00
2015.09.22 10:30:47.360,1.47962,1.47981,1.50,1.00
2015.09.22 10:30:47.463,1.47963,1.47983,1.87,1.12
2015.09.22 10:30:47.667,1.47963,1.47982,1.00,1.75
2015.09.22 10:30:47.719,1.47961,1.47981,1.00,1.12
2015.09.22 10:30:47.770,1.47961,1.4798,1.00,1.12
2015.09.22 10:30:48.476,1.47963,1.47983,1.12,1.12
2015.09.22 10:30:48.528,1.47963,1.47985,1.12,1.12
2015.09.22 10:30:49.187,1.47963,1.47985,2.62,1.75
2015.09.22 10:30:49.492,1.47965,1.47985,1.75,1.12
2015.09.22 10:30:49.897,1.47967,1.47986,1.37,1.12
2015.09.22 10:30:51.177,1.47966,1.47987,1.87,1.12
2015.09.22 10:30:51.494,1.47966,1.47985,1.50,1.00
2015.09.22 10:30:52.001,1.47963,1.47985,1.87,1.37
2015.09.22 10:30:52.155,1.4796,1.47981,2.62,1.37
2015.09.22 10:30:52.308,1.47958,1.47979,1.12,1.37
2015.09.22 10:30:53.198,1.47956,1.47976,1.50,1.12
2015.09.22 10:30:54.874,1.47956,1.47976,1.50,1.12
2015.09.22 10:30:55.546,1.47956,1.47976,1.50,1.12
2015.09.22 10:30:56.072,1.47958,1.47976,1.00,1.12
2015.09.22 10:30:57.954,1.47959,1.47976,1.00,1.12
2015.09.22 10:30:58.056,1.47959,1.47978,1.00,1.12
2015.09.22 10:30:58.558,1.47959,1.47978,1.37,1.12
2015.09.22 10:30:59.369,1.47959,1.47978,1.00,1.12
2015.09.22 10:30:59.420,1.47959,1.47977,1.00,1.75
2015.09.22 10:30:59.623,1.47956,1.47975,1.37,1.37
2015.09.22 10:30:59.675,1.47956,1.47975,1.37,1.75
2015.09.22 10:31:00.379,1.47955,1.47974,1.12,1.12
2015.09.22 10:31:00.966,1.47956,1.47974,1.00,1.75
2015.09.22 10:31:01.507,1.47957,1.47974,1.00,1.75
2015.09.22 10:31:02.103,1.47956,1.47974,1.00,1.75
2015.09.22 10:31:02.620,1.47956,1.47975,1.00,1.75
2015.09.22 10:31:02.671,1.4796,1.47977,1.00,1.12
2015.09.22 10:31:02.773,1.47961,1.47978,1.12,1.12
2015.09.22 10:31:02.875,1.47963,1.47978,1.00,1.12
2015.09.22 10:31:02.977,1.47963,1.47981,1.00,1.37
2015.09.22 10:31:03.684,1.47963,1.47983,1.12,1.12
2015.09.22 10:31:04.192,1.47963,1.47982,1.12,1.00
2015.09.22 10:31:04.699,1.47961,1.47982,1.37,1.37
2015.09.22 10:31:05.374,1.47961,1.47981,1.50,1.00
2015.09.22 10:31:05.527,1.47959,1.47981,1.12,1.12
2015.09.22 10:31:06.751,1.47958,1.47979,1.87,1.00
2015.09.22 10:31:06.803,1.47958,1.47979,1.87,1.37
2015.09.22 10:31:07.008,1.47952,1.47972,1.50,1.37
2015.09.22 10:31:07.262,1.47948,1.4797,1.50,1.00
2015.09.22 10:31:08.211,1.47948,1.4797,1.87,1.00
2015.09.22 10:31:08.898,1.47948,1.4797,1.87,1.37
2015.09.22 10:31:09.152,1.47942,1.47964,1.00,1.12
2015.09.22 10:31:09.513,1.47939,1.4796,1.12,1.00
2015.09.22 10:31:11.416,1.4794,1.47962,1.12,1.87
2015.09.22 10:31:11.468,1.47941,1.47962,1.12,1.00
2015.09.22 10:31:11.671,1.47942,1.47962,1.12,1.00
2015.09.22 10:31:11.722,1.47942,1.47963,1.00,1.12
2015.09.22 10:31:12.529,1.47942,1.47962,1.00,1.87
2015.09.22 10:31:13.080,1.47941,1.47961,1.00,1.37
2015.09.22 10:31:14.114,1.47937,1.47958,3.75,1.00
2015.09.22 10:31:14.622,1.47938,1.47958,1.00,1.00
2015.09.22 10:31:15.746,1.47938,1.47959,1.37,1.12
2015.09.22 10:31:16.640,1.47938,1.4796,2.25,1.12
2015.09.22 10:31:17.291,1.47936,1.47952,1.37,1.37
2015.09.22 10:31:17.344,1.47929,1.4795,1.50,1.12
2015.09.22 10:31:17.395,1.47928,1.47949,1.50,1.12
2015.09.22 10:31:17.497,1.47928,1.4795,1.87,1.37
2015.09.22 10:31:18.003,1.47928,1.4795,1.87,1.00
2015.09.22 10:31:18.307,1.47929,1.4795,1.00,1.37
2015.09.22 10:31:18.888,1.47929,1.4795,1.37,1.12
2015.09.22 10:31:18.990,1.4793,1.47951,1.00,1.37
2015.09.22 10:31:19.497,1.47929,1.47951,1.50,1.12
2015.09.22 10:31:20.061,1.47929,1.47949,1.87,1.00
2015.09.22 10:31:20.112,1.47931,1.47952,1.37,1.75
2015.09.22 10:31:20.266,1.47932,1.47953,1.12,1.00
2015.09.22 10:31:20.775,1.47931,1.47954,2.62,1.75
2015.09.22 10:31:20.826,1.47931,1.47953,2.25,1.12
2015.09.22 10:31:21.734,1.47939,1.47958,1.00,1.50
2015.09.22 10:31:21.785,1.47939,1.47958,1.00,1.00
2015.09.22 10:31:22.243,1.4794,1.47958,1.00,1.50
2015.09.22 10:31:22.499,1.4794,1.47959,1.00,1.37
2015.09.22 10:31:23.304,1.47939,1.47959,1.00,1.37
2015.09.22 10:31:23.356,1.47935,1.47954,3.00,1.00
2015.09.22 10:31:23.864,1.47935,1.47955,2.25,1.00
2015.09.22 10:31:23.915,1.47936,1.47955,1.00,1.00
2015.09.22 10:31:24.018,1.47933,1.47955,2.62,1.37
2015.09.22 10:31:24.535,1.47933,1.47953,2.25,1.00
2015.09.22 10:31:25.019,1.47933,1.47955,3.00,1.12
2015.09.22 10:31:25.071,1.47933,1.47955,3.00,1.12
2015.09.22 10:31:25.376,1.47934,1.47954,1.37,1.12
2015.09.22 10:31:26.670,1.47933,1.47953,1.37,1.12
2015.09.22 10:31:26.721,1.47931,1.47949,1.00,1.00
2015.09.22 10:31:26.822,1.47931,1.47946,1.00,1.00
2015.09.22 10:31:26.925,1.47929,1.47946,1.00,1.00
2015.09.22 10:31:27.486,1.4793,1.47951,1.50,1.75
2015.09.22 10:31:27.996,1.4793,1.4795,1.50,1.37
2015.09.22 10:31:28.972,1.47927,1.4795,3.37,1.12
2015.09.22 10:31:29.074,1.47927,1.47949,2.25,1.50
2015.09.22 10:31:29.125,1.47927,1.47948,1.12,1.12
2015.09.22 10:31:29.431,1.47927,1.47948,1.50,1.37
2015.09.22 10:31:29.637,1.47927,1.47947,1.12,1.12
2015.09.22 10:31:30.489,1.47928,1.47947,1.12,1.00
2015.09.22 10:31:30.541,1.47928,1.4795,1.50,1.75
2015.09.22 10:31:31.556,1.47928,1.47948,1.87,1.37
2015.09.22 10:31:31.759,1.47927,1.47947,1.12,1.37
2015.09.22 10:31:32.226,1.47925,1.47945,1.00,1.75
2015.09.22 10:31:32.533,1.47926,1.47946,1.00,1.00
2015.09.22 10:31:32.584,1.47925,1.47948,2.25,1.75
2015.09.22 10:31:32.897,1.47927,1.47948,1.37,1.12
2015.09.22 10:31:34.547,1.47927,1.47947,2.25,1.12
2015.09.22 10:31:34.601,1.47928,1.47948,1.00,1.12
2015.09.22 10:31:34.652,1.4793,1.47948,1.00,1.00
2015.09.22 10:31:34.754,1.47931,1.4795,1.50,1.12
2015.09.22 10:31:35.141,1.47932,1.4795,1.37,1.12
2015.09.22 10:31:38.885,1.47933,1.47953,1.37,1.75
2015.09.22 10:31:39.434,1.47932,1.47953,1.87,1.75
2015.09.22 10:31:40.132,1.47932,1.47953,1.12,1.75
2015.09.22 10:31:41.145,1.47931,1.47951,1.00,1.37
2015.09.22 10:31:43.217,1.47931,1.4795,1.37,1.00
2015.09.22 10:31:43.875,1.47929,1.47951,1.87,1.75
2015.09.22 10:31:45.642,1.47929,1.47951,1.87,1.75
2015.09.22 10:31:45.845,1.47928,1.47949,1.12,1.37
2015.09.22 10:31:46.201,1.47924,1.47946,1.37,1.12
2015.09.22 10:31:46.252,1.47924,1.47945,1.37,1.37
2015.09.22 10:31:47.910,1.47924,1.47946,1.12,1.75
2015.09.22 10:31:48.432,1.47924,1.47946,1.37,1.75
2015.09.22 10:31:48.736,1.47924,1.47946,1.87,1.12
2015.09.22 10:31:49.340,1.4793,1.4795,2.25,1.37
2015.09.22 10:31:50.197,1.47932,1.47951,1.37,1.00
2015.09.22 10:31:51.167,1.47932,1.47951,1.37,1.00
2015.09.22 10:31:51.471,1.47939,1.47951,1.50,1.00
2015.09.22 10:31:51.624,1.47941,1.47957,1.12,1.37
2015.09.22 10:31:51.726,1.47943,1.47961,1.00,1.12
2015.09.22 10:31:51.777,1.47944,1.47961,1.00,1.00
2015.09.22 10:31:52.342,1.47944,1.47963,1.50,1.12
2015.09.22 10:31:52.857,1.47943,1.47963,1.87,1.12
2015.09.22 10:31:53.913,1.47943,1.47963,1.37,1.12
2015.09.22 10:31:54.015,1.47942,1.47962,3.00,1.37
2015.09.22 10:31:54.523,1.47942,1.47962,1.12,1.75
2015.09.22 10:31:54.828,1.47941,1.47962,3.00,1.00
2015.09.22 10:31:55.688,1.47943,1.47962,1.50,1.00
2015.09.22 10:31:55.790,1.47943,1.47962,1.75,1.00
2015.09.22 10:31:56.943,1.47945,1.47965,1.12,1.12
2015.09.22 10:31:58.867,1.47944,1.47965,1.00,1.75
2015.09.22 10:31:59.992,1.47943,1.47962,2.62,1.00
2015.09.22 10:32:00.413,1.47948,1.47964,1.37,1.12
2015.09.22 10:32:00.515,1.47949,1.47969,1.37,1.50
2015.09.22 10:32:00.566,1.47947,1.47969,1.12,1.50
2015.09.22 10:32:01.024,1.47949,1.47969,1.37,1.37
2015.09.22 10:32:01.177,1.47947,1.47967,1.37,1.37
2015.09.22 10:32:01.229,1.47947,1.47966,1.00,1.12
2015.09.22 10:32:01.884,1.47944,1.47962,1.37,1.12
2015.09.22 10:32:01.950,1.47941,1.47962,1.87,1.12
2015.09.22 10:32:02.577,1.47942,1.47962,1.00,1.12
2015.09.22 10:32:03.333,1.4794,1.47962,1.12,1.12
2015.09.22 10:32:05.123,1.4794,1.47962,1.12,1.75
2015.09.22 10:32:05.808,1.47941,1.47961,1.00,1.12
2015.09.22 10:32:06.115,1.4794,1.47962,1.12,1.12
2015.09.22 10:32:06.522,1.47942,1.47963,2.25,1.12
2015.09.22 10:32:06.946,1.47945,1.47965,1.12,1.12
2015.09.22 10:32:06.997,1.47946,1.47967,1.75,1.37
2015.09.22 10:32:07.556,1.47948,1.4797,1.87,1.12
2015.09.22 10:32:07.658,1.4795,1.47971,1.37,1.87
2015.09.22 10:32:07.761,1.47951,1.47972,1.37,1.87
2015.09.22 10:32:07.816,1.47951,1.47974,2.25,1.12
2015.09.22 10:32:08.330,1.47951,1.47974,2.25,1.12
2015.09.22 10:32:08.553,1.47952,1.47975,1.12,1.75
2015.09.22 10:32:09.100,1.47953,1.47974,1.37,1.37
2015.09.22 10:32:09.693,1.47955,1.47974,1.00,1.37
2015.09.22 10:32:09.748,1.47957,1.47974,1.00,1.37
2015.09.22 10:32:10.056,1.47961,1.47975,1.37,1.12
2015.09.22 10:32:10.158,1.47962,1.4798,1.00,1.20
2015.09.22 10:32:10.261,1.47961,1.47981,1.37,1.12
2015.09.22 10:32:10.414,1.4796,1.47979,1.12,1.12
2015.09.22 10:32:11.334,1.47958,1.4798,1.37,1.12
2015.09.22 10:32:12.745,1.47958,1.4798,2.62,1.75
2015.09.22 10:32:12.796,1.47958,1.4798,2.62,1.12
2015.09.22 10:32:13.506,1.4796,1.4798,1.12,1.75
2015.09.22 10:32:15.524,1.47959,1.47979,1.00,1.37
2015.09.22 10:32:16.635,1.47956,1.47978,1.87,1.50
2015.09.22 10:32:16.788,1.47953,1.47974,1.00,1.12
2015.09.22 10:32:16.840,1.47952,1.47973,1.37,1.12
2015.09.22 10:32:17.557,1.47949,1.4797,2.25,1.00
2015.09.22 10:32:17.926,1.47949,1.4797,1.12,1.37
2015.09.22 10:32:18.230,1.47945,1.47967,1.75,1.75
2015.09.22 10:32:18.819,1.47944,1.47965,1.50,1.75
2015.09.22 10:32:19.298,1.47943,1.47965,2.25,1.00
2015.09.22 10:32:19.400,1.47947,1.47967,1.50,1.12
2015.09.22 10:32:19.603,1.47947,1.47968,1.50,2.62
2015.09.22 10:32:19.705,1.47943,1.47965,2.25,1.37
2015.09.22 10:32:20.521,1.47943,1.47965,1.50,1.37
2015.09.22 10:32:21.105,1.47943,1.47965,1.50,1.37
2015.09.22 10:32:21.410,1.47943,1.47965,1.50,1.50
2015.09.22 10:32:21.817,1.47946,1.47968,1.12,2.25
2015.09.22 10:32:22.243,1.47946,1.47968,2.62,1.12
2015.09.22 10:32:22.295,1.47947,1.47969,1.37,1.12
2015.09.22 10:32:22.817,1.47947,1.47969,1.12,1.75
2015.09.22 10:32:23.378,1.47948,1.47969,1.00,1.12
2015.09.22 10:32:23.924,1.47946,1.47966,1.75,1.12
2015.09.22 10:32:24.493,1.47949,1.47967,1.00,1.12
2015.09.22 10:32:24.909,1.47949,1.47965,1.00,1.12
2015.09.22 10:32:24.960,1.47944,1.47965,2.62,1.12
2015.09.22 10:32:25.788,1.47944,1.47966,3.00,1.12
2015.09.22 10:32:26.461,1.47944,1.47966,1.12,1.12
2015.09.22 10:32:26.978,1.47941,1.47962,1.12,1.00
2015.09.22 10:32:28.072,1.47941,1.47961,1.12,1.00
2015.09.22 10:32:28.174,1.47941,1.47962,1.37,1.00
2015.09.22 10:32:28.276,1.47941,1.47962,1.37,1.37
2015.09.22 10:32:28.377,1.47937,1.47957,1.75,1.12
2015.09.22 10:32:28.763,1.47936,1.47954,1.37,1.12
2015.09.22 10:32:28.815,1.47932,1.47954,1.87,2.25
2015.09.22 10:32:30.424,1.47932,1.47954,1.75,1.50
2015.09.22 10:32:30.475,1.47932,1.47954,1.75,2.62
2015.09.22 10:32:30.527,1.47929,1.47951,3.75,1.12
2015.09.22 10:32:31.035,1.47929,1.47951,1.87,1.12
2015.09.22 10:32:31.584,1.47931,1.47951,1.87,1.12
2015.09.22 10:32:32.092,1.47931,1.47953,1.37,1.12
2015.09.22 10:32:32.143,1.47931,1.47953,1.50,1.00
2015.09.22 10:32:32.677,1.47931,1.47953,1.87,1.00
2015.09.22 10:32:33.269,1.4793,1.47952,1.75,1.12
2015.09.22 10:32:34.533,1.4793,1.47952,1.12,1.87
2015.09.22 10:32:35.049,1.4793,1.47952,1.75,1.12
2015.09.22 10:32:35.354,1.47931,1.47952,1.87,1.00
2015.09.22 10:32:35.861,1.47934,1.47952,1.12,1.00
2015.09.22 10:32:36.400,1.47933,1.47952,1.87,1.00
2015.09.22 10:32:37.026,1.47933,1.47954,2.62,1.00
2015.09.22 10:32:37.989,1.47933,1.47954,2.25,1.00
2015.09.22 10:32:38.192,1.47935,1.47954,1.00,1.37
2015.09.22 10:32:38.731,1.47932,1.47954,1.12,1.75
2015.09.22 10:32:40.028,1.4793,1.47952,1.87,1.87
2015.09.22 10:32:41.171,1.4793,1.47952,1.12,1.87
2015.09.22 10:32:44.075,1.4793,1.47952,1.37,1.75
2015.09.22 10:32:44.605,1.4793,1.47952,1.37,1.12
2015.09.22 10:32:48.976,1.4793,1.47952,2.62,1.12
2015.09.22 10:32:49.630,1.4793,1.47952,2.62,1.12
2015.09.22 10:32:50.160,1.4793,1.47952,2.62,1.12
2015.09.22 10:32:51.321,1.4793,1.47952,1.87,1.12
2015.09.22 10:32:51.575,1.47931,1.47952,1.75,1.00
2015.09.22 10:32:51.778,1.47934,1.47954,1.00,1.00
2015.09.22 10:32:51.830,1.47933,1.47955,1.37,1.75
2015.09.22 10:32:52.134,1.47931,1.47952,1.87,1.12
2015.09.22 10:32:52.641,1.47932,1.47954,1.12,1.12
2015.09.22 10:32:53.744,1.47932,1.47954,1.12,1.12
2015.09.22 10:32:53.947,1.47933,1.47955,1.12,1.12
2015.09.22 10:32:54.371,1.47937,1.47957,1.75,1.87
2015.09.22 10:32:54.422,1.47937,1.47959,1.37,1.12
2015.09.22 10:32:54.625,1.47937,1.47958,1.12,1.12
2015.09.22 10:32:55.743,1.47934,1.47956,1.37,1.87
2015.09.22 10:32:57.249,1.47934,1.47956,1.75,1.12
2015.09.22 10:32:57.352,1.47937,1.47958,1.87,1.50
2015.09.22 10:32:57.779,1.47939,1.4796,1.37,1.50
2015.09.22 10:32:57.835,1.47941,1.47963,1.50,1.85
2015.09.22 10:32:58.038,1.47942,1.47964,1.12,1.75
2015.09.22 10:32:58.547,1.47944,1.47966,1.87,1.12
2015.09.22 10:32:59.188,1.47945,1.47968,1.75,2.62
2015.09.22 10:32:59.644,1.47945,1.47968,2.62,2.62
2015.09.22 10:33:00.839,1.47946,1.47967,1.12,1.00
2015.09.22 10:33:03.021,1.47946,1.47967,1.12,1.00
2015.09.22 10:33:04.667,1.47947,1.47968,1.87,1.87
2015.09.22 10:33:04.769,1.47947,1.4797,3.00,1.75
2015.09.22 10:33:04.973,1.47947,1.47968,1.87,1.37
2015.09.22 10:33:05.077,1.47947,1.47968,2.25,1.00
2015.09.22 10:33:05.845,1.47947,1.47968,1.50,1.00
2015.09.22 10:33:06.805,1.47947,1.47968,2.25,1.00
2015.09.22 10:33:07.109,1.47947,1.47968,2.62,1.00
2015.09.22 10:33:07.681,1.47947,1.47968,2.25,1.00
2015.09.22 10:33:08.584,1.47947,1.47968,1.37,1.50
2015.09.22 10:33:08.686,1.47945,1.47967,1.37,2.62
2015.09.22 10:33:09.131,1.47942,1.47963,1.37,1.50
2015.09.22 10:33:09.966,1.47942,1.47964,1.12,1.12
2015.09.22 10:33:10.858,1.47945,1.47965,1.37,1.50
2015.09.22 10:33:11.223,1.47944,1.47966,1.12,1.75
2015.09.22 10:33:11.275,1.47941,1.47963,1.75,1.37
2015.09.22 10:33:11.326,1.47941,1.47963,1.12,1.37
2015.09.22 10:33:11.581,1.47941,1.47963,1.75,1.37
2015.09.22 10:33:11.784,1.47944,1.47966,1.37,1.12
2015.09.22 10:33:12.136,1.47944,1.47967,1.50,1.87
2015.09.22 10:33:12.508,1.47945,1.47967,1.00,1.00
2015.09.22 10:33:13.059,1.47945,1.47967,1.37,1.00
2015.09.22 10:33:13.692,1.47945,1.47967,1.75,1.00
2015.09.22 10:33:13.996,1.47947,1.47967,1.87,1.00
2015.09.22 10:33:14.513,1.47948,1.4797,1.87,1.75
2015.09.22 10:33:16.470,1.47949,1.47971,1.75,2.25
2015.09.22 10:33:16.522,1.47949,1.47971,2.62,1.87
2015.09.22 10:33:16.573,1.47953,1.47974,1.12,1.75
2015.09.22 10:33:16.929,1.47953,1.47975,3.00,1.00
2015.09.22 10:33:17.588,1.47953,1.47975,1.87,1.12
2015.09.22 10:33:18.099,1.47956,1.47973,1.00,1.50
2015.09.22 10:33:19.979,1.47952,1.47972,1.12,1.12
2015.09.22 10:33:20.625,1.47951,1.47971,1.12,1.12
2015.09.22 10:33:21.564,1.47951,1.47972,1.12,1.87
2015.09.22 10:33:22.509,1.47953,1.47972,1.00,1.12
2015.09.22 10:33:22.713,1.47952,1.47971,1.00,1.50
2015.09.22 10:33:23.018,1.47949,1.4797,1.00,1.12
2015.09.22 10:33:26.090,1.47948,1.4797,1.00,1.75
2015.09.22 10:33:26.394,1.47947,1.47969,1.75,1.75
2015.09.22 10:33:29.521,1.47946,1.47968,1.50,1.12
2015.09.22 10:33:33.149,1.47947,1.47968,2.62,1.12
2015.09.22 10:33:33.454,1.47952,1.47972,1.12,1.12
2015.09.22 10:33:33.556,1.47953,1.47975,1.87,1.12
2015.09.22 10:33:33.658,1.47955,1.47968,1.12,1.00
2015.09.22 10:33:33.760,1.47951,1.47971,1.00,1.87
2015.09.22 10:33:33.811,1.47947,1.47971,1.75,2.62
2015.09.22 10:33:33.965,1.47949,1.47972,1.37,1.12
2015.09.22 10:33:34.017,1.47948,1.4797,1.50,1.12
2015.09.22 10:33:34.423,1.47952,1.47971,1.75,1.50
2015.09.22 10:33:34.475,1.47955,1.47978,1.75,1.75
2015.09.22 10:33:34.527,1.47956,1.47978,1.12,1.12
2015.09.22 10:33:34.629,1.47959,1.47979,1.12,1.50
2015.09.22 10:33:35.137,1.47959,1.47982,1.12,1.87
2015.09.22 10:33:35.238,1.4796,1.47982,1.12,1.50
2015.09.22 10:33:35.441,1.47961,1.47982,1.12,1.00
2015.09.22 10:33:35.909,1.4796,1.47981,2.25,1.50
2015.09.22 10:33:35.960,1.4796,1.47979,1.50,1.00
2015.09.22 10:33:36.012,1.4796,1.47979,1.50,1.87
2015.09.22 10:33:36.063,1.4796,1.47977,1.50,1.12
2015.09.22 10:33:36.695,1.47958,1.47978,1.37,1.12
2015.09.22 10:33:37.399,1.47958,1.4798,1.12,1.12
2015.09.22 10:33:38.871,1.47958,1.4798,1.12,1.12
2015.09.22 10:33:39.395,1.47959,1.47978,1.50,1.37
2015.09.22 10:33:39.603,1.47961,1.4798,1.37,1.12
2015.09.22 10:33:39.756,1.47962,1.47983,1.75,1.12
2015.09.22 10:33:39.908,1.47964,1.47984,1.37,1.37
2015.09.22 10:33:39.960,1.47965,1.47985,1.37,1.37
2015.09.22 10:33:40.061,1.47967,1.47989,1.00,1.50
2015.09.22 10:33:40.112,1.47967,1.47989,1.00,1.87
2015.09.22 10:33:40.904,1.47967,1.47989,1.87,1.12
2015.09.22 10:33:42.318,1.47969,1.47989,1.37,1.12
2015.09.22 10:33:42.420,1.47969,1.4799,1.37,1.50
2015.09.22 10:33:42.522,1.47966,1.47989,2.62,1.87
2015.09.22 10:33:43.756,1.47966,1.47989,2.25,1.87
2015.09.22 10:33:44.340,1.47971,1.47989,1.00,2.25
2015.09.22 10:33:45.274,1.47973,1.4799,1.37,1.12
2015.09.22 10:33:45.325,1.47976,1.47994,1.00,1.87
2015.09.22 10:33:45.527,1.47976,1.47997,1.00,1.87
2015.09.22 10:33:46.034,1.47976,1.47995,1.87,1.37
2015.09.22 10:33:46.584,1.4798,1.47998,1.37,1.75
2015.09.22 10:33:46.737,1.4798,1.47998,1.37,1.37
2015.09.22 10:33:48.144,1.47982,1.47999,1.37,1.12
2015.09.22 10:33:50.563,1.47982,1.47999,1.37,1.12
2015.09.22 10:33:51.107,1.47982,1.48,1.37,1.12
2015.09.22 10:33:51.158,1.47982,1.48002,1.37,2.25
2015.09.22 10:33:52.480,1.47982,1.48002,1.37,2.25
2015.09.22 10:33:52.986,1.4798,1.48001,2.62,1.75
2015.09.22 10:33:54.610,1.4798,1.48,1.87,1.50
2015.09.22 10:33:54.712,1.47985,1.48002,1.37,1.75
2015.09.22 10:33:55.226,1.47987,1.48002,1.12,1.12
2015.09.22 10:33:55.429,1.47987,1.48003,1.12,1.00
2015.09.22 10:33:56.292,1.47987,1.48004,1.37,1.87
2015.09.22 10:33:56.495,1.47989,1.4801,2.25,1.00
2015.09.22 10:33:56.818,1.47989,1.48009,1.50,1.12
2015.09.22 10:33:56.920,1.47989,1.48008,1.37,1.75
2015.09.22 10:33:57.598,1.47989,1.48008,1.87,1.75
2015.09.22 10:33:58.119,1.47989,1.48008,2.25,1.12
2015.09.22 10:33:58.485,1.4799,1.48009,1.50,1.50
2015.09.22 10:33:58.536,1.4799,1.48009,1.37,1.50
2015.09.22 10:33:58.587,1.4799,1.48008,1.37,1.12
2015.09.22 10:33:59.095,1.47991,1.48008,1.37,1.87
2015.09.22 10:34:00.241,1.47991,1.48008,1.75,1.37
2015.09.22 10:34:00.293,1.48,1.48021,1.37,1.12
2015.09.22 10:34:00.446,1.48002,1.48022,1.87,1.37
2015.09.22 10:34:00.497,1.48002,1.48024,2.62,1.37
2015.09.22 10:34:00.548,1.48003,1.48024,1.75,1.00
2015.09.22 10:34:01.674,1.48004,1.48025,1.37,1.37
2015.09.22 10:34:02.182,1.48003,1.48025,1.87,1.87
2015.09.22 10:34:03.209,1.4801,1.48025,1.00,1.37
2015.09.22 10:34:03.260,1.4801,1.48029,1.37,2.62
2015.09.22 10:34:03.615,1.48013,1.4803,1.00,1.87
2015.09.22 10:34:03.921,1.48012,1.48032,1.37,1.87
2015.09.22 10:34:03.973,1.48012,1.48032,1.50,1.87
2015.09.22 10:34:04.328,1.48012,1.48032,2.25,1.00
2015.09.22 10:34:07.095,1.48012,1.48032,1.37,1.75
2015.09.22 10:34:07.686,1.48012,1.48032,1.50,1.12
2015.09.22 10:34:08.837,1.48012,1.48032,1.87,1.12
2015.09.22 10:34:09.208,1.48014,1.48035,1.75,2.25
2015.09.22 10:34:13.189,1.48014,1.48035,1.87,1.12
2015.09.22 10:34:13.966,1.48014,1.48035,1.37,1.87
2015.09.22 10:34:15.067,1.48014,1.48035,1.37,1.87
2015.09.22 10:34:15.948,1.48014,1.48035,1.12,1.37
2015.09.22 10:34:18.846,1.48014,1.48036,1.37,2.62
2015.09.22 10:34:18.897,1.48013,1.48035,1.37,2.25
2015.09.22 10:34:19.403,1.48011,1.48033,1.87,1.75
2015.09.22 10:34:20.189,1.48011,1.48032,1.75,1.37
2015.09.22 10:34:24.186,1.48011,1.48031,1.12,1.00
2015.09.22 10:34:24.694,1.48012,1.48031,1.00,1.00
2015.09.22 10:34:24.897,1.48011,1.4803,1.00,1.50
2015.09.22 10:34:25.550,1.48007,1.48029,1.12,1.37
2015.09.22 10:34:25.855,1.48005,1.48028,1.12,3.00
2015.09.22 10:34:27.379,1.48005,1.48028,1.12,3.00
2015.09.22 10:34:27.909,1.48005,1.48027,1.12,1.75
2015.09.22 10:34:30.115,1.48006,1.48028,1.50,1.87
2015.09.22 10:34:30.798,1.48006,1.48028,1.37,1.37
2015.09.22 10:34:30.850,1.48006,1.48029,1.12,3.00
2015.09.22 10:34:32.844,1.48007,1.48029,2.25,1.37
2015.09.22 10:34:34.226,1.48007,1.48029,1.75,1.37
2015.09.22 10:34:36.829,1.48006,1.48027,1.50,1.50
2015.09.22 10:34:45.952,1.48007,1.48027,1.12,1.50
2015.09.22 10:34:47.071,1.48008,1.48029,1.87,1.37
2015.09.22 10:34:47.455,1.48014,1.48034,1.37,1.20
2015.09.22 10:34:47.810,1.48015,1.48036,1.37,1.12
2015.09.22 10:34:48.833,1.48015,1.48036,1.75,1.12
2015.09.22 10:34:50.254,1.48017,1.48036,1.50,1.12
2015.09.22 10:34:50.458,1.48018,1.48037,1.87,1.37
2015.09.22 10:34:50.509,1.48019,1.48039,1.50,1.50
2015.09.22 10:34:50.560,1.48019,1.48039,1.87,1.00
2015.09.22 10:34:50.662,1.48021,1.48041,1.50,1.37
2015.09.22 10:34:51.210,1.48022,1.48043,2.25,1.12
2015.09.22 10:34:51.730,1.48022,1.48043,2.62,1.12
2015.09.22 10:34:52.265,1.48022,1.48043,2.25,1.12
2015.09.22 10:34:55.175,1.48024,1.48045,1.75,1.12
2015.09.22 10:35:00.965,1.48025,1.48045,1.00,1.12
2015.09.22 10:35:02.439,1.48025,1.48046,1.00,1.12
2015.09.22 10:35:02.491,1.48024,1.48046,2.25,1.12
2015.09.22 10:35:04.724,1.48026,1.48047,1.00,1.87
2015.09.22 10:35:05.241,1.48025,1.48047,1.37,2.62
2015.09.22 10:35:06.016,1.48024,1.48044,2.25,1.00
2015.09.22 10:35:06.830,1.48026,1.48045,1.00,1.00
2015.09.22 10:35:07.432,1.48025,1.48045,1.87,1.37
2015.09.22 10:35:08.201,1.48025,1.48045,1.87,1.37
2015.09.22 10:35:09.792,1.48026,1.48045,1.00,1.37
2015.09.22 10:35:11.312,1.48025,1.48046,1.37,1.12
2015.09.22 10:35:12.811,1.48026,1.48045,1.12,1.12
2015.09.22 10:35:13.808,1.48026,1.48045,1.12,1.00
2015.09.22 10:35:13.859,1.48028,1.48048,1.75,1.75
2015.09.22 10:35:13.961,1.48029,1.48052,1.87,1.75
2015.09.22 10:35:14.012,1.48033,1.48053,1.00,1.37
2015.09.22 10:35:14.164,1.4804,1.48054,1.00,2.62
2015.09.22 10:35:14.216,1.4804,1.48055,1.00,1.12
2015.09.22 10:35:14.418,1.4804,1.48059,1.00,1.12
2015.09.22 10:35:15.111,1.4804,1.48059,1.50,1.12
2015.09.22 10:35:15.264,1.4804,1.48061,1.75,1.12
2015.09.22 10:35:15.670,1.4804,1.4806,1.12,1.37
2015.09.22 10:35:15.822,1.48039,1.4806,1.87,1.75
2015.09.22 10:35:16.503,1.48039,1.4806,1.12,1.12
2015.09.22 10:35:16.816,1.48039,1.4806,1.37,1.12
2015.09.22 10:35:18.429,1.48037,1.48058,1.12,1.37
2015.09.22 10:35:19.164,1.48037,1.48058,1.12,1.37
2015.09.22 10:35:20.188,1.48037,1.4806,1.12,1.75
2015.09.22 10:35:20.701,1.48037,1.48059,3.00,1.12
2015.09.22 10:35:21.712,1.48038,1.48059,1.37,1.12
2015.09.22 10:35:24.699,1.48038,1.48058,1.00,1.37
2015.09.22 10:35:25.418,1.48034,1.4805,1.12,1.37
2015.09.22 10:35:25.521,1.48027,1.48047,1.87,1.12
2015.09.22 10:35:25.573,1.48027,1.48046,1.12,1.37
2015.09.22 10:35:25.726,1.48025,1.48046,1.50,2.25
2015.09.22 10:35:25.981,1.48022,1.48044,1.50,1.12
2015.09.22 10:35:26.982,1.48022,1.48043,1.87,1.12
2015.09.22 10:35:27.524,1.48022,1.48044,1.12,1.75
2015.09.22 10:35:28.157,1.4802,1.48042,3.00,1.37
2015.09.22 10:35:29.454,1.4802,1.48041,2.25,1.00
2015.09.22 10:35:29.708,1.4802,1.48042,2.62,1.50
2015.09.22 10:35:32.075,1.48021,1.48041,1.37,1.00
2015.09.22 10:35:33.633,1.4802,1.48041,1.75,1.00
2015.09.22 10:35:34.861,1.4802,1.48042,1.87,1.50
2015.09.22 10:35:35.855,1.4802,1.48042,2.25,1.50
2015.09.22 10:35:36.059,1.48022,1.48043,1.50,1.12
2015.09.22 10:35:36.161,1.48023,1.48044,1.50,1.50
2015.09.22 10:35:37.354,1.48023,1.48045,2.25,1.87
2015.09.22 10:35:37.876,1.48023,1.48044,1.87,1.37
2015.09.22 10:35:38.385,1.48024,1.48045,1.37,1.75
2015.09.22 10:35:40.571,1.48032,1.48048,2.25,1.00
2015.09.22 10:35:40.623,1.48032,1.48053,2.25,1.37
2015.09.22 10:35:40.775,1.48033,1.48054,1.37,1.87
2015.09.22 10:35:40.877,1.48033,1.48056,1.12,3.00
2015.09.22 10:35:41.583,1.48033,1.48056,1.12,3.00
2015.09.22 10:35:41.958,1.48034,1.48055,1.75,1.00
2015.09.22 10:35:43.883,1.48035,1.48057,1.87,1.75
2015.09.22 10:35:44.385,1.48035,1.48056,1.37,1.12
2015.09.22 10:35:45.872,1.48034,1.48044,1.50,1.00
2015.09.22 10:35:46.025,1.48023,1.48044,1.87,1.37
2015.09.22 10:35:46.735,1.48022,1.48044,1.37,1.87
2015.09.22 10:35:47.273,1.48022,1.48044,1.37,2.62
2015.09.22 10:35:47.835,1.48022,1.48042,1.37,1.00
2015.09.22 10:35:48.510,1.48021,1.48042,1.12,1.00
2015.09.22 10:35:48.992,1.48021,1.48044,1.12,2.62
2015.09.22 10:35:50.089,1.48022,1.48044,1.12,1.75
2015.09.22 10:35:50.397,1.48027,1.48047,2.62,1.87
2015.09.22 10:35:50.448,1.48027,1.48049,2.62,1.12
2015.09.22 10:35:50.702,1.48028,1.4805,2.25,1.12
2015.09.22 10:35:50.905,1.48029,1.4805,1.12,1.12
2015.09.22 10:35:51.109,1.48033,1.48051,1.37,1.37
2015.09.22 10:35:51.783,1.48031,1.48051,1.87,1.75
2015.09.22 10:35:51.887,1.48028,1.48048,1.87,1.37
2015.09.22 10:35:52.191,1.48028,1.48045,1.87,1.12
2015.09.22 10:35:52.395,1.48025,1.48045,1.87,1.87
2015.09.22 10:36:03.415,1.48023,1.48043,1.12,1.00
2015.09.22 10:36:05.993,1.48023,1.48043,1.12,1.00
2015.09.22 10:36:07.185,1.48023,1.48043,1.75,1.00
2015.09.22 10:36:08.803,1.48023,1.48043,1.50,1.75
2015.09.22 10:36:11.513,1.48023,1.48043,1.37,1.75
2015.09.22 10:36:11.818,1.48025,1.48046,1.50,1.75
2015.09.22 10:36:11.869,1.48025,1.48046,1.50,1.50
2015.09.22 10:36:11.921,1.48026,1.48046,1.37,1.75
2015.09.22 10:36:12.023,1.48026,1.48046,1.37,1.37
2015.09.22 10:36:12.422,1.48029,1.48047,1.75,1.12
2015.09.22 10:36:12.625,1.48032,1.4805,1.37,1.12
2015.09.22 10:36:12.726,1.48032,1.48052,1.37,1.75
2015.09.22 10:36:14.460,1.48032,1.48052,1.37,1.12
2015.09.22 10:36:14.916,1.48032,1.48052,1.37,2.62
2015.09.22 10:36:15.124,1.4803,1.48052,1.37,2.62
2015.09.22 10:36:17.679,1.4803,1.4805,1.37,1.00
2015.09.22 10:36:18.190,1.4803,1.48051,1.37,1.37
2015.09.22 10:36:19.586,1.48028,1.48048,1.50,1.12
2015.09.22 10:36:19.696,1.48025,1.48047,1.00,1.87
2015.09.22 10:36:20.058,1.48024,1.48044,1.00,1.12
2015.09.22 10:36:20.110,1.48021,1.48043,1.87,1.37
2015.09.22 10:36:20.617,1.4802,1.48043,1.12,2.62
2015.09.22 10:36:21.586,1.4802,1.48043,1.12,2.62
2015.09.22 10:36:22.852,1.48021,1.48042,1.12,1.12
2015.09.22 10:36:26.601,1.48019,1.4804,1.37,1.12
2015.09.22 10:36:27.997,1.48019,1.48041,1.37,1.12
2015.09.22 10:36:29.492,1.4802,1.48038,1.37,1.00
2015.09.22 10:36:30.516,1.48019,1.48038,1.37,1.00
2015.09.22 10:36:30.720,1.48022,1.48044,2.25,1.37
2015.09.22 10:36:30.771,1.48023,1.48045,1.12,2.25
2015.09.22 10:36:30.873,1.48023,1.48044,1.37,1.87
2015.09.22 10:36:30.924,1.48023,1.48042,1.12,1.37
2015.09.22 10:36:31.396,1.48019,1.48041,1.12,1.75
2015.09.22 10:36:31.904,1.48018,1.48039,1.75,1.37
2015.09.22 10:36:32.411,1.48018,1.48037,1.12,1.00
2015.09.22 10:36:33.044,1.48018,1.48041,1.12,1.87
2015.09.22 10:36:34.005,1.48018,1.4804,1.12,1.75
2015.09.22 10:36:37.181,1.48018,1.4804,1.12,1.75
2015.09.22 10:36:37.703,1.48018,1.48039,1.12,2.25
2015.09.22 10:36:38.213,1.48019,1.48039,1.00,2.25
2015.09.22 10:36:38.720,1.48018,1.48039,1.12,1.75
2015.09.22 10:36:38.924,1.48018,1.48041,1.12,4.12
2015.09.22 10:36:39.428,1.48019,1.48041,1.00,4.12
2015.09.22 10:36:39.943,1.48019,1.4804,1.00,1.75
2015.09.22 10:36:40.359,1.48017,1.48037,1.12,1.75
2015.09.22 10:36:40.614,1.48009,1.4803,1.12,1.87
2015.09.22 10:36:40.665,1.48006,1.48029,1.12,1.75
2015.09.22 10:36:40.716,1.48005,1.48028,1.12,1.12
2015.09.22 10:36:41.237,1.48006,1.48026,1.00,1.75
2015.09.22 10:36:42.573,1.48006,1.48028,1.75,1.12
2015.09.22 10:36:42.624,1.48008,1.48029,1.12,3.00
2015.09.22 10:36:42.777,1.48013,1.48032,1.00,1.12
2015.09.22 10:36:43.211,1.48015,1.48033,1.00,1.75
2015.09.22 10:36:43.265,1.48014,1.48035,1.12,1.37
2015.09.22 10:36:43.469,1.48018,1.48037,1.00,1.87
2015.09.22 10:36:43.977,1.48017,1.48038,1.12,1.37
2015.09.22 10:36:50.589,1.48018,1.48036,1.00,1.00
2015.09.22 10:36:51.189,1.48017,1.48037,1.37,1.12
2015.09.22 10:36:55.355,1.48018,1.48037,1.00,1.37
2015.09.22 10:36:56.764,1.48019,1.48037,1.00,1.37
2015.09.22 10:36:57.119,1.48018,1.48038,1.50,1.75
2015.09.22 10:36:57.526,1.4802,1.4804,1.37,1.75
2015.09.22 10:36:58.923,1.48019,1.48038,1.37,1.37
2015.09.22 10:36:59.604,1.48018,1.4804,1.87,1.12
2015.09.22 10:37:00.638,1.48019,1.48039,1.37,1.12
2015.09.22 10:37:01.044,1.48021,1.4804,1.12,1.00
2015.09.22 10:37:01.441,1.4802,1.4804,1.12,1.00
2015.09.22 10:37:01.492,1.48025,1.48047,1.87,1.87
2015.09.22 10:37:01.848,1.48026,1.48045,1.00,1.00
2015.09.22 10:37:02.231,1.48025,1.48045,1.75,1.00
2015.09.22 10:37:02.741,1.48025,1.48046,1.75,1.12
2015.09.22 10:37:03.378,1.48025,1.48046,1.75,1.12
2015.09.22 10:37:03.530,1.48023,1.48043,1.00,1.75
2015.09.22 10:37:03.581,1.48023,1.48043,1.00,2.25
2015.09.22 10:37:04.112,1.4802,1.48041,1.50,1.37
2015.09.22 10:37:06.051,1.48018,1.48037,1.37,1.12
2015.09.22 10:37:06.103,1.48016,1.48034,1.12,1.00
2015.09.22 10:37:06.205,1.48017,1.48037,1.37,1.12
2015.09.22 10:37:06.764,1.48018,1.48039,1.50,1.12
2015.09.22 10:37:06.967,1.48022,1.48041,1.00,2.25
2015.09.22 10:37:07.335,1.4802,1.48041,1.50,1.00
2015.09.22 10:37:07.590,1.4802,1.48041,1.87,1.12
2015.09.22 10:37:11.521,1.4802,1.48041,1.12,1.00
2015.09.22 10:37:11.985,1.4802,1.48042,2.62,2.25
2015.09.22 10:37:12.290,1.48024,1.48044,1.37,1.37
2015.09.22 10:37:12.722,1.48026,1.48047,1.12,1.87
2015.09.22 10:37:12.775,1.48026,1.48047,1.75,1.00
2015.09.22 10:37:12.827,1.48027,1.48048,1.87,1.37
2015.09.22 10:37:13.081,1.48027,1.48049,2.25,1.00
2015.09.22 10:37:13.183,1.48027,1.48048,1.00,1.50
2015.09.22 10:37:13.487,1.48025,1.48045,1.37,1.50
2015.09.22 10:37:13.867,1.48022,1.48035,1.00,1.00
2015.09.22 10:37:13.920,1.48014,1.48033,1.00,1.00
2015.09.22 10:37:13.971,1.48014,1.48033,1.00,1.37
2015.09.22 10:37:14.073,1.4801,1.4803,1.50,1.75
2015.09.22 10:37:14.276,1.48008,1.4803,1.87,1.00
2015.09.22 10:37:15.678,1.4801,1.48031,1.37,1.87
2015.09.22 10:37:17.611,1.48009,1.4803,1.87,1.37
2015.09.22 10:37:18.401,1.48011,1.48031,1.87,1.75
2015.09.22 10:37:18.503,1.48012,1.48031,1.37,1.00
2015.09.22 10:37:19.698,1.48015,1.48035,1.50,1.37
2015.09.22 10:37:19.910,1.48017,1.48036,1.37,1.37
2015.09.22 10:37:20.214,1.48018,1.48039,1.50,1.12
2015.09.22 10:37:20.417,1.48019,1.4804,2.62,1.37
2015.09.22 10:37:21.385,1.48019,1.4804,3.00,1.00
2015.09.22 10:37:21.638,1.48019,1.4804,3.00,1.00
2015.09.22 10:37:21.740,1.48021,1.48041,1.00,1.37
2015.09.22 10:37:23.049,1.48019,1.4804,2.25,1.00
2015.09.22 10:37:23.617,1.48019,1.4804,2.25,1.00
2015.09.22 10:37:24.617,1.48021,1.4804,1.37,1.00
2015.09.22 10:37:25.438,1.48021,1.48041,1.12,1.12
2015.09.22 10:37:26.442,1.48019,1.4804,1.75,1.00
2015.09.22 10:37:27.402,1.48019,1.4804,1.12,1.37
2015.09.22 10:37:27.942,1.48017,1.48039,1.87,1.87
2015.09.22 10:37:28.469,1.48017,1.48038,1.12,1.12
2015.09.22 10:37:28.673,1.48017,1.48038,1.12,1.37
2015.09.22 10:37:28.979,1.48014,1.48033,1.00,1.37
2015.09.22 10:37:29.335,1.48012,1.48033,1.00,2.62
2015.09.22 10:37:29.904,1.48012,1.4803,1.00,1.00
2015.09.22 10:37:31.384,1.48012,1.48032,1.00,1.37
2015.09.22 10:37:34.665,1.4801,1.48033,1.75,2.25
2015.09.22 10:37:34.969,1.48018,1.4804,1.75,1.95
2015.09.22 10:37:35.020,1.4802,1.48041,1.75,1.50
2015.09.22 10:37:35.394,1.48024,1.48045,1.00,1.37
2015.09.22 10:37:35.546,1.48024,1.48046,1.12,1.50
2015.09.22 10:37:36.403,1.48026,1.48046,1.37,1.12
2015.09.22 10:37:37.888,1.48026,1.48048,1.75,1.12
2015.09.22 10:37:39.436,1.48028,1.48048,1.12,1.87
2015.09.22 10:37:39.740,1.48031,1.4805,1.37,1.12
2015.09.22 10:37:40.115,1.48031,1.48053,1.75,1.12
2015.09.22 10:37:40.490,1.48034,1.48054,1.12,1.37
2015.09.22 10:37:40.541,1.48034,1.48055,1.37,1.87
2015.09.22 10:37:42.563,1.48034,1.48056,1.75,1.12
2015.09.22 10:37:43.360,1.48034,1.48056,1.75,2.25
2015.09.22 10:37:43.728,1.48034,1.48054,1.12,1.12
2015.09.22 10:37:44.034,1.48038,1.48055,1.37,1.12
2015.09.22 10:37:44.136,1.48038,1.48059,1.75,1.87
2015.09.22 10:37:44.882,1.48038,1.48059,1.50,2.25
2015.09.22 10:37:44.933,1.48038,1.48057,1.37,1.87
2015.09.22 10:37:44.984,1.48036,1.48057,1.12,1.87
2015.09.22 10:37:45.582,1.48038,1.48059,1.50,1.87
2015.09.22 10:37:46.346,1.48036,1.48057,1.12,1.50
2015.09.22 10:37:46.550,1.48035,1.48057,1.75,1.87
2015.09.22 10:37:47.419,1.48038,1.48059,1.37,2.25
2015.09.22 10:37:49.889,1.48035,1.48057,1.75,2.62
2015.09.22 10:37:50.194,1.48031,1.48053,1.75,1.87
2015.09.22 10:37:50.712,1.48031,1.48051,1.37,1.87
2015.09.22 10:37:51.404,1.4803,1.48049,1.37,1.12
2015.09.22 10:37:51.760,1.4803,1.4805,1.12,1.37
2015.09.22 10:37:52.577,1.48031,1.48051,1.12,1.12
2015.09.22 10:37:52.982,1.48032,1.48053,1.12,1.37
2015.09.22 10:37:53.287,1.48036,1.48057,1.75,1.75
2015.09.22 10:37:53.837,1.48039,1.48057,1.37,1.75
2015.09.22 10:37:55.347,1.48039,1.48058,1.12,1.37
2015.09.22 10:37:55.399,1.48041,1.48061,1.37,1.75
2015.09.22 10:37:57.684,1.4804,1.48061,2.25,1.75
2015.09.22 10:37:57.888,1.48048,1.48066,1.12,1.12
2015.09.22 10:37:57.990,1.48049,1.48067,1.50,1.37
2015.09.22 10:37:58.092,1.48044,1.48065,2.25,1.00
2015.09.22 10:37:58.195,1.48043,1.48065,1.87,1.12
2015.09.22 10:37:58.695,1.48051,1.4807,1.12,1.12
2015.09.22 10:37:58.750,1.48052,1.48072,1.37,1.37
2015.09.22 10:37:58.802,1.48052,1.48075,1.75,1.87
2015.09.22 10:37:58.904,1.48054,1.48076,1.12,1.50
2015.09.22 10:37:59.006,1.48057,1.48076,1.12,1.00
2015.09.22 10:37:59.260,1.48059,1.4808,1.37,1.50
2015.09.22 10:37:59.678,1.4806,1.48079,1.37,1.12
2015.09.22 10:38:00.253,1.48059,1.48079,1.87,1.12
2015.09.22 10:38:00.769,1.48061,1.48082,1.75,2.25
2015.09.22 10:38:01.086,1.48063,1.48082,1.12,1.12
2015.09.22 10:38:01.442,1.48068,1.48087,1.12,1.50
2015.09.22 10:38:01.891,1.48072,1.48089,1.00,1.00
2015.09.22 10:38:01.942,1.48072,1.48093,1.37,1.87
2015.09.22 10:38:01.993,1.48072,1.48093,1.50,1.50
2015.09.22 10:38:02.202,1.48072,1.48093,1.37,1.75
2015.09.22 10:38:02.405,1.48074,1.48095,1.37,2.62
2015.09.22 10:38:02.997,1.48072,1.48092,1.12,1.12
2015.09.22 10:38:03.518,1.48072,1.48092,1.75,1.12
2015.09.22 10:38:04.100,1.48073,1.48092,1.12,1.12
2015.09.22 10:38:04.436,1.48072,1.48092,1.12,1.12
2015.09.22 10:38:06.173,1.48072,1.48092,1.50,1.12
2015.09.22 10:38:06.629,1.48072,1.48092,1.37,1.75
2015.09.22 10:38:07.035,1.48073,1.48092,1.12,1.12
2015.09.22 10:38:07.933,1.48072,1.48093,1.12,1.50
2015.09.22 10:38:08.144,1.48072,1.4809,1.12,1.00
2015.09.22 10:38:08.801,1.48071,1.48092,1.75,1.12
2015.09.22 10:38:09.589,1.48072,1.48089,1.00,1.00
2015.09.22 10:38:09.695,1.48072,1.48087,1.00,1.00
2015.09.22 10:38:09.848,1.48068,1.48086,1.37,1.00
2015.09.22 10:38:10.357,1.48067,1.48087,1.75,1.12
2015.09.22 10:38:10.923,1.48068,1.48086,1.37,1.00
2015.09.22 10:38:10.979,1.48068,1.48084,1.12,1.00
2015.09.22 10:38:11.486,1.48066,1.48083,1.37,1.00
2015.09.22 10:38:11.996,1.48065,1.48084,1.75,1.00
2015.09.22 10:38:12.507,1.48065,1.48085,1.75,1.00
2015.09.22 10:38:12.948,1.48065,1.48085,1.75,1.12
2015.09.22 10:38:14.361,1.48067,1.48085,1.00,1.50
2015.09.22 10:38:14.463,1.48065,1.48085,1.75,1.12
2015.09.22 10:38:14.767,1.48065,1.48083,1.75,1.00
2015.09.22 10:38:15.574,1.48065,1.48083,1.75,1.00
2015.09.22 10:38:15.726,1.48062,1.48081,1.75,1.00
2015.09.22 10:38:16.080,1.48058,1.48076,1.12,1.00
2015.09.22 10:38:16.134,1.48055,1.48076,1.12,2.25
2015.09.22 10:38:16.186,1.48055,1.48072,1.12,1.00
2015.09.22 10:38:16.693,1.48051,1.48071,1.12,1.00
2015.09.22 10:38:17.673,1.48055,1.48072,1.00,1.12
2015.09.22 10:38:17.979,1.48054,1.48075,1.12,1.37
2015.09.22 10:38:18.893,1.48054,1.48073,1.12,1.00
2015.09.22 10:38:20.730,1.48054,1.48073,1.12,1.00
2015.09.22 10:38:21.188,1.48054,1.48073,1.75,1.00
2015.09.22 10:38:21.727,1.48055,1.48076,1.75,1.37
2015.09.22 10:38:21.778,1.48055,1.48076,2.62,1.00
2015.09.22 10:38:22.324,1.48056,1.48077,1.75,1.50
2015.09.22 10:38:23.296,1.48057,1.48077,1.37,1.50
2015.09.22 10:38:25.195,1.48057,1.48077,1.50,1.00
2015.09.22 10:38:25.828,1.48061,1.48078,1.12,1.00
2015.09.22 10:38:25.982,1.48063,1.48084,1.12,1.87
2015.09.22 10:38:26.185,1.48066,1.48085,1.12,1.00
2015.09.22 10:38:26.691,1.48066,1.48086,1.12,1.12
2015.09.22 10:38:27.383,1.48066,1.48088,1.75,1.87
2015.09.22 10:38:30.375,1.48067,1.48088,1.12,1.12
2015.09.22 10:38:30.428,1.4807,1.48088,1.12,1.12
2015.09.22 10:38:30.580,1.48071,1.48089,1.75,1.00
2015.09.22 10:38:31.417,1.48072,1.48092,1.37,1.87
2015.09.22 10:38:31.469,1.48072,1.48092,1.37,1.50
2015.09.22 10:38:32.138,1.48072,1.48092,1.37,1.12
2015.09.22 10:38:33.988,1.48072,1.48092,1.12,1.12
2015.09.22 10:38:36.480,1.48072,1.48094,1.75,2.25
2015.09.22 10:38:36.582,1.48074,1.48096,2.25,1.75
2015.09.22 10:38:36.684,1.48077,1.48096,1.50,1.12
2015.09.22 10:38:36.786,1.48077,1.48098,2.62,1.50
2015.09.22 10:38:36.888,1.48079,1.48099,1.12,1.50
2015.09.22 10:38:38.034,1.48078,1.48101,1.37,1.50
2015.09.22 10:38:39.368,1.48077,1.481,2.62,1.00
2015.09.22 10:38:39.695,1.48077,1.481,1.75,1.50
2015.09.22 10:38:40.000,1.48078,1.481,1.12,1.12
2015.09.22 10:38:40.749,1.48079,1.48101,1.37,1.50
2015.09.22 10:38:41.375,1.48078,1.48101,1.12,1.50
2015.09.22 10:38:43.288,1.48079,1.481,1.37,1.00
2015.09.22 10:38:45.126,1.48079,1.48099,1.37,1.00
2015.09.22 10:38:46.942,1.48076,1.48095,1.12,1.00
2015.09.22 10:38:46.993,1.48075,1.48096,1.37,1.37
2015.09.22 10:38:47.095,1.48071,1.48095,1.12,1.87
2015.09.22 10:38:47.196,1.48071,1.48096,1.75,1.50
2015.09.22 10:38:47.248,1.48072,1.48093,1.50,1.00
2015.09.22 10:38:47.452,1.48073,1.48095,1.12,1.00
2015.09.22 10:38:47.554,1.48075,1.48095,1.00,1.00
2015.09.22 10:38:48.557,1.48076,1.48095,1.50,1.00
2015.09.22 10:38:49.064,1.48079,1.48094,1.37,1.00
2015.09.22 10:38:49.444,1.48078,1.48091,1.37,1.00
2015.09.22 10:38:49.495,1.48078,1.48091,1.37,1.00
2015.09.22 10:38:49.547,1.48078,1.48094,1.37,1.00
2015.09.22 10:38:50.064,1.48076,1.48093,1.50,1.00
2015.09.22 10:38:51.423,1.48073,1.4809,1.12,1.00
2015.09.22 10:38:51.771,1.48069,1.48087,1.75,1.00
2015.09.22 10:38:51.822,1.48067,1.48085,1.50,1.00
2015.09.22 10:38:51.873,1.48067,1.48082,1.50,1.00
2015.09.22 10:38:52.590,1.48066,1.48083,1.12,1.00
2015.09.22 10:38:53.402,1.48064,1.48083,2.25,1.00
2015.09.22 10:38:53.910,1.48064,1.48083,1.87,1.00
2015.09.22 10:38:54.417,1.48064,1.48084,1.87,1.00
2015.09.22 10:38:55.097,1.48064,1.48084,2.25,1.50
2015.09.22 10:38:55.671,1.48064,1.48084,1.87,1.50
2015.09.22 10:38:55.981,1.48079,1.48088,1.00,1.12
2015.09.22 10:38:56.235,1.48084,1.48095,1.00,1.00
2015.09.22 10:38:56.286,1.48084,1.48098,1.50,1.10
2015.09.22 10:38:56.633,1.48084,1.48107,1.87,1.00
2015.09.22 10:38:57.140,1.48084,1.48106,2.62,1.00
2015.09.22 10:38:57.293,1.48084,1.48106,1.37,1.37
2015.09.22 10:39:00.835,1.48084,1.48104,1.37,1.87
2015.09.22 10:39:00.937,1.48082,1.48104,1.37,1.87
2015.09.22 10:39:01.039,1.4808,1.48101,1.37,1.37
2015.09.22 10:39:01.242,1.48079,1.48099,1.12,1.37
2015.09.22 10:39:01.811,1.48077,1.48095,1.37,1.00
2015.09.22 10:39:01.862,1.48073,1.48097,1.75,1.12
2015.09.22 10:39:01.913,1.48073,1.48096,1.12,1.12
2015.09.22 10:39:02.401,1.48071,1.48093,1.37,1.00
2015.09.22 10:39:02.455,1.48071,1.48093,1.00,1.00
2015.09.22 10:39:02.557,1.48068,1.48091,1.50,1.00
2015.09.22 10:39:03.269,1.48068,1.4809,1.00,1.00
2015.09.22 10:39:03.523,1.48068,1.4809,1.37,1.00
2015.09.22 10:39:04.058,1.48068,1.48088,1.50,1.00
2015.09.22 10:39:04.834,1.48068,1.4809,1.50,1.50
2015.09.22 10:39:05.037,1.4808,1.4809,1.00,1.50
2015.09.22 10:39:05.089,1.48077,1.48092,1.00,1.00
2015.09.22 10:39:05.141,1.48074,1.48092,1.75,1.00
2015.09.22 10:39:05.192,1.48076,1.48098,1.75,1.50
2015.09.22 10:39:05.243,1.48076,1.48098,1.00,1.00
2015.09.22 10:39:05.395,1.48071,1.48095,1.50,1.00
2015.09.22 10:39:05.497,1.48072,1.48094,1.50,1.12
2015.09.22 10:39:06.002,1.48071,1.48091,1.00,1.37
2015.09.22 10:39:06.311,1.48067,1.48087,1.00,1.37
2015.09.22 10:39:06.616,1.48065,1.48084,1.87,1.00
2015.09.22 10:39:06.718,1.48063,1.48084,1.12,1.50
2015.09.22 10:39:06.820,1.48061,1.48081,1.00,1.00
2015.09.22 10:39:07.600,1.4806,1.48079,1.50,1.00
2015.09.22 10:39:07.905,1.4806,1.48077,1.87,1.00
2015.09.22 10:39:08.387,1.4806,1.4808,1.87,1.50
2015.09.22 10:39:08.489,1.4806,1.48078,1.87,1.00
2015.09.22 10:39:09.100,1.48063,1.48078,1.75,1.00
2015.09.22 10:39:09.254,1.48068,1.48087,1.37,1.12
2015.09.22 10:39:09.357,1.48069,1.48083,1.12,1.00
2015.09.22 10:39:09.460,1.48065,1.48083,2.62,1.00
2015.09.22 10:39:09.562,1.48064,1.48083,1.37,1.50
2015.09.22 10:39:10.019,1.48061,1.48081,1.87,1.00
2015.09.22 10:39:10.522,1.4806,1.4808,1.87,1.00
2015.09.22 10:39:10.826,1.48059,1.48076,1.37,1.00
2015.09.22 10:39:11.133,1.48059,1.48078,1.37,1.00
2015.09.22 10:39:12.025,1.48058,1.48078,2.25,1.00
2015.09.22 10:39:12.554,1.48058,1.48078,2.62,1.12
2015.09.22 10:39:14.020,1.48058,1.48075,1.12,1.00
2015.09.22 10:39:14.071,1.48058,1.48075,1.12,1.00
2015.09.22 10:39:14.173,1.48058,1.48075,1.12,1.00
2015.09.22 10:39:14.679,1.48058,1.48076,1.75,1.00
2015.09.22 10:39:17.390,1.48058,1.48077,1.75,1.00
2015.09.22 10:39:17.963,1.48058,1.48067,1.75,1.00
2015.09.22 10:39:18.065,1.48055,1.48064,1.12,1.00
2015.09.22 10:39:18.116,1.48054,1.48064,1.37,1.00
2015.09.22 10:39:18.168,1.48051,1.48065,1.00,1.00
2015.09.22 10:39:18.322,1.48046,1.48065,1.12,1.00
2015.09.22 10:39:18.843,1.48044,1.48061,1.12,1.00
2015.09.22 10:39:19.372,1.48044,1.48064,1.75,1.00
2015.09.22 10:39:25.098,1.48046,1.48066,1.12,1.12
2015.09.22 10:39:25.200,1.48049,1.48067,1.37,1.12
2015.09.22 10:39:25.403,1.48049,1.48068,1.75,1.50
2015.09.22 10:39:25.990,1.48049,1.48067,1.75,1.00
2015.09.22 10:39:26.041,1.48049,1.48067,1.12,1.00
2015.09.22 10:39:26.744,1.48049,1.48066,1.37,1.00
2015.09.22 10:39:26.795,1.48049,1.48066,1.00,1.00
2015.09.22 10:39:27.782,1.48047,1.48063,1.00,1.00
2015.09.22 10:39:29.683,1.48048,1.48065,1.37,1.87
2015.09.22 10:39:29.988,1.48052,1.48069,1.87,1.00
2015.09.22 10:39:30.040,1.48055,1.48073,1.37,1.37
2015.09.22 10:39:30.142,1.48055,1.48075,1.87,1.50
2015.09.22 10:39:30.448,1.48058,1.48076,1.37,1.12
2015.09.22 10:39:30.953,1.48059,1.48077,1.50,1.00
2015.09.22 10:39:31.260,1.48059,1.48078,1.75,1.50
2015.09.22 10:39:31.817,1.48061,1.48078,1.00,1.50
2015.09.22 10:39:34.423,1.48061,1.48077,1.00,1.00
2015.09.22 10:39:34.728,1.4806,1.48078,1.87,1.00
2015.09.22 10:39:38.305,1.4806,1.48079,2.25,1.00
2015.09.22 10:39:38.618,1.48062,1.48077,1.37,1.00
2015.09.22 10:39:39.153,1.48062,1.48077,1.37,1.00
2015.09.22 10:39:41.201,1.48064,1.48077,1.50,1.00
2015.09.22 10:39:41.303,1.48061,1.48077,1.12,1.50
2015.09.22 10:39:41.455,1.48058,1.4807,1.87,1.00
2015.09.22 10:39:41.609,1.48057,1.48074,1.50,1.00
2015.09.22 10:39:42.326,1.48057,1.48076,2.25,1.00
2015.09.22 10:39:42.820,1.48059,1.48078,1.50,1.87
2015.09.22 10:39:43.319,1.4806,1.48078,1.50,1.00
2015.09.22 10:39:43.705,1.48055,1.48076,1.12,1.37
2015.09.22 10:39:43.757,1.48053,1.48074,1.50,1.00
2015.09.22 10:39:43.808,1.48053,1.48073,1.00,1.12
2015.09.22 10:39:44.328,1.48051,1.4807,1.12,1.00
2015.09.22 10:39:44.961,1.48049,1.4807,1.37,1.00
2015.09.22 10:39:45.114,1.48048,1.4807,1.87,1.75
2015.09.22 10:39:45.453,1.48048,1.48069,1.87,1.37
2015.09.22 10:39:47.611,1.48058,1.48075,1.50,2.25
2015.09.22 10:39:47.662,1.48058,1.48075,1.87,1.00
2015.09.22 10:39:47.713,1.48058,1.48074,1.50,1.00
2015.09.22 10:39:47.815,1.48061,1.48077,1.37,1.00
2015.09.22 10:39:47.918,1.48061,1.48074,1.50,1.00
2015.09.22 10:39:48.020,1.48057,1.48072,1.00,1.00
2015.09.22 10:39:48.326,1.48053,1.48073,1.75,1.00
2015.09.22 10:39:50.021,1.48052,1.48073,1.75,1.00
2015.09.22 10:39:54.535,1.48052,1.48072,1.75,1.12
2015.09.22 10:39:55.040,1.48052,1.48071,1.75,1.00
2015.09.22 10:39:55.853,1.48052,1.48067,1.75,1.00
2015.09.22 10:39:55.955,1.48049,1.48067,1.12,1.37
2015.09.22 10:39:56.461,1.48048,1.48067,1.12,1.00
2015.09.22 10:39:56.613,1.4805,1.48069,1.12,1.00
2015.09.22 10:39:57.294,1.4805,1.48069,2.25,1.00
2015.09.22 10:39:58.294,1.48051,1.48069,1.12,1.00
2015.09.22 10:39:59.148,1.48051,1.48068,1.12,1.00
2015.09.22 10:39:59.199,1.48049,1.48067,1.37,1.12
2015.09.22 10:39:59.251,1.48048,1.48067,2.25,1.12
2015.09.22 10:39:59.454,1.4805,1.48071,1.12,2.25
2015.09.22 10:39:59.809,1.48052,1.48071,1.12,1.00
2015.09.22 10:40:00.113,1.48053,1.48074,1.87,2.25
2015.09.22 10:40:00.215,1.48054,1.48074,1.50,1.87
2015.09.22 10:40:00.317,1.48053,1.48074,1.50,1.75
2015.09.22 10:40:00.369,1.48053,1.48071,1.00,1.12
2015.09.22 10:40:00.471,1.48052,1.48072,1.50,1.00
2015.09.22 10:40:01.095,1.48053,1.48073,1.12,1.12
2015.09.22 10:40:01.197,1.48053,1.48073,1.50,1.12
2015.09.22 10:40:01.508,1.48053,1.48071,2.62,1.00
2015.09.22 10:40:02.024,1.48058,1.48071,1.87,1.00
2015.09.22 10:40:02.399,1.48063,1.48077,1.12,1.37
2015.09.22 10:40:02.451,1.48062,1.48078,2.25,1.00
2015.09.22 10:40:02.503,1.48062,1.4808,1.50,1.00
2015.09.22 10:40:02.842,1.48065,1.48082,1.12,1.50
2015.09.22 10:40:03.522,1.48063,1.48083,1.87,1.00
2015.09.22 10:40:04.048,1.48064,1.48084,1.12,1.00
2015.09.22 10:40:05.195,1.48064,1.48083,1.12,1.00
2015.09.22 10:40:05.398,1.48064,1.48086,1.12,1.37
2015.09.22 10:40:05.449,1.48065,1.48081,1.50,1.00
2015.09.22 10:40:05.500,1.48065,1.48083,1.12,1.50
2015.09.22 10:40:05.603,1.48065,1.48083,1.37,1.37
2015.09.22 10:40:05.756,1.48067,1.48086,1.12,1.00
2015.09.22 10:40:06.281,1.48067,1.48085,1.12,1.00
2015.09.22 10:40:06.837,1.48067,1.48086,1.12,1.00
2015.09.22 10:40:07.351,1.48067,1.48085,1.12,1.00
2015.09.22 10:40:08.495,1.48068,1.48085,1.00,1.00
2015.09.22 10:40:08.903,1.48067,1.48085,1.12,1.00
2015.09.22 10:40:09.364,1.48068,1.48087,1.12,1.00
2015.09.22 10:40:09.737,1.48071,1.48091,1.00,2.25
2015.09.22 10:40:09.839,1.48071,1.48091,1.37,1.00
2015.09.22 10:40:10.452,1.48072,1.48091,1.37,1.00
2015.09.22 10:40:11.321,1.48071,1.48091,1.75,1.00
2015.09.22 10:40:11.748,1.48072,1.48091,1.37,1.00
2015.09.22 10:40:12.100,1.48071,1.48091,1.75,1.00
2015.09.22 10:40:12.820,1.48071,1.4809,1.75,1.00
2015.09.22 10:40:13.213,1.48068,1.48089,1.47,1.00
2015.09.22 10:40:13.720,1.4807,1.4809,1.37,1.12
2015.09.22 10:40:17.048,1.4807,1.4809,1.12,1.12
2015.09.22 10:40:17.658,1.48071,1.4809,1.00,1.12
2015.09.22 10:40:34.480,1.48067,1.48084,1.75,1.00
2015.09.22 10:40:34.855,1.48064,1.4808,2.25,1.00
2015.09.22 10:40:34.907,1.48062,1.48082,1.12,1.50
2015.09.22 10:40:35.060,1.48063,1.48082,1.37,1.50
2015.09.22 10:40:35.111,1.48066,1.48085,1.00,1.00
2015.09.22 10:40:35.370,1.48066,1.48086,1.37,1.00
2015.09.22 10:40:35.675,1.48067,1.48086,1.12,1.50
2015.09.22 10:40:36.243,1.48062,1.48082,1.12,1.37
2015.09.22 10:40:36.914,1.48062,1.48081,1.12,1.37
2015.09.22 10:40:37.015,1.48062,1.48082,1.12,1.87
2015.09.22 10:40:38.147,1.48063,1.48084,1.37,1.00
2015.09.22 10:40:38.204,1.48066,1.48085,1.12,1.12
2015.09.22 10:40:38.306,1.48064,1.48086,1.75,1.37
2015.09.22 10:40:38.814,1.48065,1.48087,1.37,1.50
2015.09.22 10:40:38.966,1.48065,1.48087,1.12,1.37
2015.09.22 10:40:40.052,1.48066,1.48084,1.12,1.00
2015.09.22 10:40:40.103,1.48065,1.48084,1.75,1.00
2015.09.22 10:40:40.205,1.48065,1.48081,1.12,1.00
2015.09.22 10:40:40.410,1.48062,1.48077,1.00,1.87
2015.09.22 10:40:40.563,1.48057,1.48077,1.12,1.87
2015.09.22 10:40:40.614,1.48058,1.48077,1.00,1.87
2015.09.22 10:40:41.118,1.48058,1.48076,1.00,1.50
2015.09.22 10:40:41.373,1.48058,1.48074,1.00,1.00
2015.09.22 10:40:42.320,1.48058,1.48073,1.00,1.00
2015.09.22 10:40:43.088,1.48056,1.48074,1.12,1.00
2015.09.22 10:40:43.392,1.48045,1.48063,1.12,1.50
2015.09.22 10:40:43.545,1.48042,1.48063,1.12,1.50
2015.09.22 10:40:43.596,1.48044,1.48062,1.37,1.00
2015.09.22 10:40:44.009,1.48045,1.48062,1.00,1.50
2015.09.22 10:40:44.164,1.48043,1.4806,1.12,1.50
2015.09.22 10:40:44.317,1.48037,1.48056,1.12,1.00
2015.09.22 10:40:44.419,1.48036,1.48056,1.12,1.50
2015.09.22 10:40:44.527,1.48035,1.48056,1.00,3.00
2015.09.22 10:40:44.781,1.48035,1.48053,1.00,1.00
2015.09.22 10:40:46.138,1.48035,1.48056,1.37,1.87
2015.09.22 10:40:46.290,1.48035,1.48053,1.37,1.00
2015.09.22 10:40:47.127,1.48033,1.48053,1.37,1.50
2015.09.22 10:40:47.787,1.48033,1.48051,1.37,1.00
2015.09.22 10:40:48.663,1.48032,1.48052,1.12,1.12
2015.09.22 10:40:49.019,1.48033,1.48054,1.75,1.87
2015.09.22 10:40:49.324,1.48034,1.48052,1.75,1.00
2015.09.22 10:40:49.375,1.48034,1.48054,1.75,1.12
2015.09.22 10:40:49.938,1.48038,1.48054,1.12,1.50
2015.09.22 10:40:49.990,1.48038,1.48058,1.75,1.00
2015.09.22 10:40:50.447,1.48041,1.4806,1.00,1.50
2015.09.22 10:40:50.602,1.48041,1.4806,1.75,1.50
2015.09.22 10:40:51.401,1.48042,1.48061,1.37,1.00
2015.09.22 10:40:51.908,1.48041,1.48061,1.12,1.37
2015.09.22 10:40:55.987,1.48041,1.48059,1.12,1.00
2015.09.22 10:40:56.495,1.4804,1.48062,1.75,2.62
2015.09.22 10:40:58.048,1.4804,1.48059,1.75,1.00
2015.09.22 10:40:58.951,1.48038,1.48055,1.00,1.37
2015.09.22 10:40:59.053,1.48036,1.48055,1.37,1.00
2015.09.22 10:40:59.155,1.48037,1.48058,1.75,1.87
2015.09.22 10:40:59.257,1.4804,1.48058,1.12,1.12
2015.09.22 10:40:59.918,1.4804,1.48058,1.12,1.37
2015.09.22 10:41:01.252,1.48038,1.48057,1.12,1.00
2015.09.22 10:41:01.558,1.48036,1.48052,1.12,1.00
2015.09.22 10:41:01.659,1.48033,1.48052,1.75,1.00
2015.09.22 10:41:02.126,1.48032,1.4805,1.12,1.00
2015.09.22 10:41:02.736,1.48033,1.4805,1.00,1.50
2015.09.22 10:41:03.490,1.48031,1.48049,1.12,1.87
2015.09.22 10:41:05.217,1.48033,1.4805,1.00,1.00
2015.09.22 10:41:05.722,1.48033,1.48051,1.00,2.62
2015.09.22 10:41:10.619,1.48033,1.4805,1.00,1.00
2015.09.22 10:41:12.023,1.48033,1.48051,1.12,2.25
2015.09.22 10:41:12.329,1.48028,1.48047,1.12,1.12
2015.09.22 10:41:15.226,1.48028,1.48047,1.12,1.50
2015.09.22 10:41:19.429,1.48028,1.48047,1.75,1.00
2015.09.22 10:41:20.554,1.48029,1.48048,1.37,1.00
2015.09.22 10:41:21.299,1.48033,1.48048,1.12,1.50
2015.09.22 10:41:21.806,1.48033,1.48049,1.12,1.50
2015.09.22 10:41:26.079,1.48033,1.48051,1.12,1.00
2015.09.22 10:41:28.020,1.48034,1.48051,1.75,1.00
2015.09.22 10:41:28.072,1.48035,1.48053,1.12,1.00
2015.09.22 10:41:28.615,1.48035,1.48054,1.12,1.00
2015.09.22 10:41:29.142,1.48038,1.48055,1.00,1.00
2015.09.22 10:41:29.497,1.4804,1.48061,1.75,3.37
2015.09.22 10:41:30.005,1.48041,1.48061,1.12,1.87
2015.09.22 10:41:30.532,1.48041,1.48061,1.12,1.50
2015.09.22 10:41:39.108,1.48044,1.48061,1.00,1.00
2015.09.22 10:41:39.164,1.48044,1.48063,1.37,1.00
2015.09.22 10:41:39.369,1.48044,1.48061,1.37,1.00
2015.09.22 10:41:42.487,1.48042,1.48063,1.75,1.50
2015.09.22 10:41:43.297,1.48042,1.48061,1.12,1.12
2015.09.22 10:41:43.603,1.48041,1.4806,1.12,1.37
2015.09.22 10:41:49.206,1.48041,1.4806,1.12,1.12
2015.09.22 10:41:49.961,1.48042,1.48061,1.50,1.00
2015.09.22 10:41:50.268,1.48052,1.48069,1.12,1.37
2015.09.22 10:41:50.714,1.48053,1.48073,1.12,1.37
2015.09.22 10:41:50.766,1.48053,1.48074,1.87,1.37
2015.09.22 10:41:52.081,1.48053,1.48074,1.75,1.00
2015.09.22 10:41:52.417,1.48053,1.48074,1.75,1.37
2015.09.22 10:41:53.404,1.48053,1.48073,1.87,1.12
2015.09.22 10:41:54.805,1.48053,1.48074,1.87,1.87
2015.09.22 10:41:55.483,1.48053,1.48074,1.87,1.87
2015.09.22 10:41:56.287,1.48055,1.48074,1.00,1.87
2015.09.22 10:41:57.935,1.48054,1.48074,1.12,1.00
2015.09.22 10:41:58.037,1.48056,1.48076,1.37,2.62
2015.09.22 10:41:58.544,1.48057,1.48077,1.87,1.87
2015.09.22 10:41:59.499,1.48056,1.48076,1.37,1.50
2015.09.22 10:41:59.659,1.48055,1.48076,1.75,1.50
2015.09.22 10:41:59.762,1.48056,1.48076,1.75,1.00
2015.09.22 10:41:59.864,1.48057,1.48077,1.37,1.37
2015.09.22 10:41:59.966,1.48057,1.48077,1.00,1.37
2015.09.22 10:42:02.316,1.48054,1.48075,1.12,1.75
2015.09.22 10:42:04.677,1.48052,1.48071,1.12,1.37
2015.09.22 10:42:06.645,1.48052,1.48068,1.12,1.87
2015.09.22 10:42:06.899,1.48041,1.48062,1.37,1.87
2015.09.22 10:42:07.001,1.48041,1.48062,1.37,1.87
2015.09.22 10:42:08.382,1.4804,1.48061,1.37,1.75
2015.09.22 10:42:08.895,1.4804,1.48061,1.37,1.75
2015.09.22 10:42:10.480,1.48039,1.48059,1.12,1.00
2015.09.22 10:42:10.886,1.48038,1.4806,1.75,1.75
2015.09.22 10:42:12.078,1.48038,1.48059,1.75,1.37
2015.09.22 10:42:13.885,1.4804,1.4806,1.00,1.50
2015.09.22 10:42:14.191,1.48038,1.48059,1.37,1.12
2015.09.22 10:42:14.396,1.48034,1.48056,1.50,1.12
2015.09.22 10:42:14.953,1.48033,1.48054,1.75,1.50
2015.09.22 10:42:15.106,1.48031,1.48053,1.12,1.87
2015.09.22 10:42:15.309,1.48029,1.48047,1.37,1.00
2015.09.22 10:42:15.411,1.48027,1.48046,1.12,1.00
2015.09.22 10:42:15.563,1.48025,1.48046,1.50,1.75
2015.09.22 10:42:15.982,1.48022,1.48044,1.87,1.75
2015.09.22 10:42:16.841,1.48023,1.48044,1.00,1.75
2015.09.22 10:42:17.091,1.48022,1.48044,3.00,1.12
2015.09.22 10:42:17.194,1.48023,1.48044,1.50,1.12
2015.09.22 10:42:17.246,1.48026,1.48044,1.00,1.12
2015.09.22 10:42:17.298,1.48026,1.48043,1.00,1.00
2015.09.22 10:42:17.349,1.48021,1.48043,1.12,1.50
2015.09.22 10:42:17.401,1.48025,1.4804,1.12,1.00
2015.09.22 10:42:17.504,1.48024,1.48042,1.00,1.12
2015.09.22 10:42:17.883,1.48032,1.48054,1.00,1.50
2015.09.22 10:42:18.355,1.48032,1.48054,1.37,1.00
2015.09.22 10:42:19.533,1.48032,1.48054,2.25,1.12
2015.09.22 10:42:19.838,1.48034,1.48056,1.12,1.75
2015.09.22 10:42:20.384,1.48034,1.48055,1.12,1.00
2015.09.22 10:42:21.347,1.48033,1.48055,1.75,1.37
2015.09.22 10:42:21.398,1.48031,1.48053,1.75,1.50
2015.09.22 10:42:22.635,1.48031,1.48052,1.75,1.00
2015.09.22 10:42:23.801,1.48031,1.48052,1.12,1.50
2015.09.22 10:42:24.308,1.48032,1.48051,1.00,1.00
2015.09.22 10:42:26.763,1.48032,1.48053,1.00,1.75
2015.09.22 10:42:31.341,1.48032,1.48047,1.00,1.00
2015.09.22 10:42:31.805,1.48021,1.48042,1.87,1.75
2015.09.22 10:42:31.856,1.4802,1.4804,1.00,1.87
2015.09.22 10:42:32.009,1.48018,1.4804,1.12,2.25
2015.09.22 10:42:32.672,1.48018,1.48039,1.12,1.87
2015.09.22 10:42:33.036,1.4802,1.48039,1.37,1.12
2015.09.22 10:42:34.267,1.4802,1.4804,1.37,2.25
2015.09.22 10:42:36.991,1.4802,1.4804,1.37,2.62
2015.09.22 10:42:39.248,1.48017,1.48039,1.12,3.00
2015.09.22 10:42:39.924,1.48017,1.48027,1.12,1.00
2015.09.22 10:42:39.975,1.48002,1.48023,1.12,1.00
2015.09.22 10:42:40.229,1.48,1.48023,1.75,2.25
2015.09.22 10:42:42.263,1.48002,1.48023,1.12,1.87
2015.09.22 10:42:42.673,1.48001,1.48022,1.37,1.00
2015.09.22 10:42:43.965,1.48016,1.48027,1.00,1.75
2015.09.22 10:42:44.018,1.48016,1.48028,1.37,1.12
2015.09.22 10:42:44.360,1.48021,1.48044,2.62,3.37
2015.09.22 10:42:44.413,1.48024,1.48043,1.00,1.00
2015.09.22 10:42:44.515,1.48024,1.48043,1.37,1.00
2015.09.22 10:42:44.819,1.48029,1.48047,1.00,1.12
2015.09.22 10:42:44.870,1.48029,1.48048,1.00,1.50
2015.09.22 10:42:45.480,1.48029,1.48048,1.00,1.50
2015.09.22 10:42:45.989,1.48028,1.48047,1.00,1.00
2015.09.22 10:42:46.497,1.48026,1.48047,2.25,1.00
2015.09.22 10:42:46.860,1.48026,1.48047,1.50,1.12
2015.09.22 10:42:47.184,1.4803,1.48047,1.12,1.12
2015.09.22 10:42:47.387,1.48028,1.48048,1.87,1.50
2015.09.22 10:42:47.692,1.48032,1.48049,1.00,1.12
2015.09.22 10:42:48.055,1.48034,1.48052,1.75,1.12
2015.09.22 10:42:48.116,1.48035,1.48055,1.12,1.12
2015.09.22 10:42:48.167,1.48034,1.48053,1.50,1.00
2015.09.22 10:42:48.218,1.48034,1.48053,1.12,1.00
2015.09.22 10:42:48.270,1.48033,1.48053,1.12,1.00
2015.09.22 10:42:48.574,1.48032,1.48053,1.50,1.75
2015.09.22 10:42:48.726,1.48031,1.48052,1.12,1.12
2015.09.22 10:42:49.495,1.48028,1.4805,1.37,1.12
2015.09.22 10:42:49.546,1.48024,1.48046,1.50,1.12
2015.09.22 10:42:49.851,1.48025,1.48046,1.00,1.75
2015.09.22 10:42:50.358,1.48024,1.48046,1.87,1.75
2015.09.22 10:42:50.870,1.48026,1.48046,1.00,1.75
2015.09.22 10:42:51.755,1.48025,1.48046,1.12,1.75
2015.09.22 10:42:52.431,1.48024,1.48046,1.12,1.87
2015.09.22 10:42:52.939,1.48022,1.48041,1.12,1.37
2015.09.22 10:42:52.991,1.4802,1.48041,2.25,1.50
2015.09.22 10:42:53.042,1.4802,1.48041,1.50,1.12
2015.09.22 10:42:53.096,1.48019,1.4804,1.12,1.12
2015.09.22 10:42:53.200,1.48019,1.48042,1.12,1.12
2015.09.22 10:42:53.571,1.48022,1.48044,1.37,1.12
2015.09.22 10:42:54.530,1.48024,1.48045,1.00,1.87
2015.09.22 10:42:55.043,1.48023,1.48045,1.00,1.87
2015.09.22 10:42:55.548,1.48024,1.48045,1.00,1.87
2015.09.22 10:42:55.706,1.48024,1.48045,1.12,1.50
2015.09.22 10:42:58.825,1.48023,1.48044,1.37,1.50
2015.09.22 10:43:00.258,1.48023,1.48044,1.37,1.50
2015.09.22 10:43:00.461,1.48023,1.48044,1.37,1.50
2015.09.22 10:43:00.766,1.48018,1.4804,2.25,1.12
2015.09.22 10:43:01.283,1.48018,1.4804,2.25,1.12
2015.09.22 10:43:02.058,1.48019,1.4804,1.00,1.87
2015.09.22 10:43:02.873,1.48019,1.4804,1.00,1.87
2015.09.22 10:43:03.408,1.48015,1.48037,1.87,2.25
2015.09.22 10:43:03.459,1.48013,1.48033,1.87,1.00
2015.09.22 10:43:03.511,1.48013,1.48033,1.00,1.37
2015.09.22 10:43:03.563,1.4801,1.48032,1.87,1.12
2015.09.22 10:43:04.359,1.48008,1.48029,1.50,1.87
2015.09.22 10:43:04.410,1.48003,1.48024,1.87,1.12
2015.09.22 10:43:04.968,1.48003,1.48024,1.50,1.50
2015.09.22 10:43:05.275,1.48001,1.48022,1.50,1.12
2015.09.22 10:43:05.777,1.48,1.48021,1.50,2.25
2015.09.22 10:43:05.828,1.47999,1.48019,1.50,1.12
2015.09.22 10:43:05.981,1.47994,1.48014,1.12,1.12
2015.09.22 10:43:06.352,1.47996,1.48015,1.00,1.12
2015.09.22 10:43:06.454,1.47997,1.48018,1.50,1.12
2015.09.22 10:43:06.506,1.47999,1.48019,1.12,1.12
2015.09.22 10:43:06.887,1.48003,1.48026,1.37,2.62
2015.09.22 10:43:07.437,1.48004,1.48025,1.50,1.50
2015.09.22 10:43:08.436,1.48004,1.48026,1.37,1.37
2015.09.22 10:43:08.781,1.48004,1.48026,1.75,1.37
2015.09.22 10:43:09.085,1.48005,1.48027,1.75,2.62
2015.09.22 10:43:10.341,1.48005,1.48027,1.87,1.87
2015.09.22 10:43:13.498,1.48006,1.48027,1.75,2.62
2015.09.22 10:43:13.753,1.48008,1.48027,1.00,1.37
2015.09.22 10:43:15.467,1.48008,1.48028,1.00,1.50
2015.09.22 10:43:15.771,1.48008,1.48027,1.00,1.87
2015.09.22 10:43:15.924,1.48002,1.48024,1.12,1.37
2015.09.22 10:43:16.026,1.47998,1.4802,1.87,1.00
2015.09.22 10:43:16.228,1.47998,1.4802,1.50,1.12
2015.09.22 10:43:16.736,1.47998,1.48018,1.37,1.50
2015.09.22 10:43:17.625,1.47997,1.48016,1.75,1.00
2015.09.22 10:43:17.727,1.47998,1.48018,1.37,1.50
2015.09.22 10:43:18.577,1.47999,1.48019,1.50,1.50
2015.09.22 10:43:18.629,1.48001,1.48021,1.37,1.00
2015.09.22 10:43:18.680,1.48002,1.48023,1.12,1.75
2015.09.22 10:43:18.731,1.48004,1.48026,1.37,1.50
2015.09.22 10:43:18.935,1.48007,1.48027,1.37,1.00
2015.09.22 10:43:19.039,1.48007,1.4803,1.12,1.50
2015.09.22 10:43:19.678,1.48009,1.4803,1.12,1.12
2015.09.22 10:43:20.236,1.48008,1.4803,1.75,1.87
2015.09.22 10:43:21.345,1.48005,1.48025,1.37,1.37
2015.09.22 10:43:21.549,1.47999,1.4802,1.37,1.50
2015.09.22 10:43:21.651,1.48001,1.4802,1.37,1.12
2015.09.22 10:43:21.754,1.48003,1.48022,1.00,1.12
2015.09.22 10:43:22.925,1.48004,1.48024,1.12,1.50
2015.09.22 10:43:23.450,1.48004,1.48023,1.12,1.00
2015.09.22 10:43:23.956,1.48004,1.48024,1.12,1.50
2015.09.22 10:43:27.650,1.48004,1.48024,1.12,1.87
2015.09.22 10:43:28.217,1.48002,1.48023,1.12,1.87
2015.09.22 10:43:28.923,1.48002,1.48023,1.12,1.87
2015.09.22 10:43:30.076,1.48002,1.48024,1.12,1.12
2015.09.22 10:43:30.280,1.48004,1.48026,1.75,1.12
2015.09.22 10:43:31.029,1.48004,1.48025,1.75,1.87
2015.09.22 10:43:31.545,1.48005,1.48024,1.00,1.00
2015.09.22 10:43:32.709,1.48,1.48022,2.25,1.12
2015.09.22 10:43:33.302,1.48001,1.48022,1.00,1.12
2015.09.22 10:43:33.505,1.48,1.48022,2.25,1.00
2015.09.22 10:43:33.993,1.48006,1.48027,1.12,1.12
2015.09.22 10:43:34.513,1.48007,1.48028,1.00,1.87
2015.09.22 10:43:34.898,1.48006,1.48028,1.12,1.87
2015.09.22 10:43:39.398,1.48008,1.48029,1.75,1.12
2015.09.22 10:43:39.457,1.48009,1.48031,1.87,1.12
2015.09.22 10:43:40.455,1.48012,1.48033,1.00,1.37
2015.09.22 10:43:40.507,1.48012,1.48034,1.75,1.37
2015.09.22 10:43:41.054,1.48013,1.48033,1.12,1.00
2015.09.22 10:43:41.105,1.48011,1.48033,1.00,1.87
2015.09.22 10:43:41.868,1.4801,1.48033,1.87,1.87
2015.09.22 10:43:42.021,1.48015,1.48037,1.50,1.12
2015.09.22 10:43:42.376,1.48021,1.48037,1.37,1.12
2015.09.22 10:43:42.428,1.48023,1.48045,1.12,2.25
2015.09.22 10:43:43.603,1.48024,1.48044,1.37,1.50
2015.09.22 10:43:45.189,1.48022,1.48044,1.75,1.87
2015.09.22 10:43:45.986,1.48022,1.48042,1.12,1.50
2015.09.22 10:43:46.239,1.48022,1.48039,1.12,1.00
2015.09.22 10:43:46.817,1.48022,1.48041,1.12,1.87
2015.09.22 10:43:47.720,1.48023,1.4804,1.00,1.12
2015.09.22 10:43:47.821,1.48019,1.4804,1.87,1.12
2015.09.22 10:43:47.923,1.48019,1.4804,1.50,1.87
2015.09.22 10:43:48.430,1.48019,1.48037,1.37,1.00
2015.09.22 10:43:49.684,1.48017,1.48037,1.75,1.12
2015.09.22 10:43:51.183,1.48017,1.48036,1.75,1.00
2015.09.22 10:43:51.488,1.48013,1.48029,1.00,1.12
2015.09.22 10:43:51.590,1.48007,1.48029,1.12,1.87
2015.09.22 10:43:51.641,1.48008,1.48028,1.37,1.00
2015.09.22 10:43:52.220,1.48009,1.48029,1.12,1.37
2015.09.22 10:43:54.532,1.4801,1.48031,1.12,1.50
2015.09.22 10:43:54.686,1.48012,1.48033,1.87,1.50
2015.09.22 10:43:55.195,1.48015,1.48035,1.75,1.00
2015.09.22 10:43:55.297,1.48017,1.48037,1.12,1.00
2015.09.22 10:43:55.550,1.48018,1.48037,1.37,1.00
2015.09.22 10:43:55.703,1.48017,1.48037,1.12,1.00
2015.09.22 10:43:55.804,1.48015,1.48037,1.37,1.00
2015.09.22 10:43:56.607,1.48016,1.48032,1.00,1.00
2015.09.22 10:43:56.708,1.48012,1.48032,1.12,1.50
2015.09.22 10:43:56.810,1.4801,1.4803,1.12,1.00
2015.09.22 10:43:57.325,1.4801,1.48031,1.00,2.62
2015.09.22 10:43:57.857,1.4801,1.4803,1.12,1.00
2015.09.22 10:43:57.910,1.48013,1.48034,2.25,1.12
2015.09.22 10:43:58.214,1.48017,1.48039,1.37,2.25
2015.09.22 10:43:58.519,1.48019,1.4804,1.75,1.00
2015.09.22 10:43:59.408,1.48016,1.48037,1.87,1.00
2015.09.22 10:43:59.713,1.48012,1.48031,1.00,1.50
2015.09.22 10:43:59.865,1.48012,1.48034,1.37,3.00
2015.09.22 10:44:00.120,1.48012,1.48032,1.00,1.50
2015.09.22 10:44:00.673,1.48011,1.48031,1.00,1.37
2015.09.22 10:44:01.183,1.48009,1.48031,1.50,1.75
2015.09.22 10:44:01.437,1.48011,1.48031,1.50,1.37
2015.09.22 10:44:01.643,1.48016,1.48036,1.12,1.00
2015.09.22 10:44:01.953,1.48017,1.4804,1.37,1.75
2015.09.22 10:44:02.005,1.4802,1.48041,1.00,1.75
2015.09.22 10:44:02.400,1.4802,1.48041,1.75,1.50
2015.09.22 10:44:02.951,1.48022,1.48042,1.00,1.50
2015.09.22 10:44:05.464,1.48022,1.48042,1.00,1.12
2015.09.22 10:44:06.039,1.48022,1.48043,1.00,1.87
2015.09.22 10:44:06.551,1.48022,1.48044,1.00,3.00
2015.09.22 10:44:06.984,1.48022,1.48042,1.87,1.00
2015.09.22 10:44:07.503,1.48021,1.48043,1.50,1.12
2015.09.22 10:44:07.605,1.48022,1.48043,1.37,1.00
2015.09.22 10:44:08.184,1.48022,1.48043,1.75,1.00
2015.09.22 10:44:08.527,1.48025,1.48046,1.00,1.50
2015.09.22 10:44:08.902,1.48023,1.48031,1.12,1.00
2015.09.22 10:44:08.953,1.4802,1.48036,1.12,1.00
2015.09.22 10:44:09.004,1.48018,1.48033,1.50,1.00
2015.09.22 10:44:09.055,1.48018,1.48031,1.12,1.00
2015.09.22 10:44:09.106,1.48012,1.48031,1.87,1.37
2015.09.22 10:44:09.208,1.48008,1.48026,2.25,1.00
2015.09.22 10:44:09.310,1.48005,1.48027,1.75,2.25
2015.09.22 10:44:09.361,1.48004,1.48024,1.37,1.00
2015.09.22 10:44:10.120,1.48001,1.48024,1.87,1.87
2015.09.22 10:44:10.173,1.48001,1.48021,1.00,1.50
2015.09.22 10:44:10.681,1.47999,1.4802,1.12,1.50
2015.09.22 10:44:11.478,1.47999,1.48019,1.37,1.00
2015.09.22 10:44:11.682,1.48,1.48019,1.00,1.50
2015.09.22 10:44:11.784,1.47999,1.4802,1.87,1.00
2015.09.22 10:44:11.988,1.48001,1.48024,1.37,1.37
2015.09.22 10:44:12.090,1.48004,1.48025,1.50,1.12
2015.09.22 10:44:12.395,1.48009,1.48028,1.00,1.12
2015.09.22 10:44:12.902,1.48007,1.48029,1.12,1.75
2015.09.22 10:44:14.514,1.48008,1.48028,1.00,1.37
2015.09.22 10:44:15.843,1.48008,1.48021,1.00,1.00
2015.09.22 10:44:16.221,1.48005,1.48019,1.37,1.12
2015.09.22 10:44:16.273,1.47993,1.48011,1.50,1.00
2015.09.22 10:44:16.324,1.47991,1.48011,1.50,1.12
2015.09.22 10:44:16.529,1.4799,1.48011,1.47,1.37
2015.09.22 10:44:17.438,1.47989,1.48009,1.00,1.00
2015.09.22 10:44:17.860,1.47989,1.48011,2.25,1.37
2015.09.22 10:44:18.012,1.47995,1.48015,1.12,1.00
2015.09.22 10:44:18.114,1.47994,1.48015,1.37,1.12
2015.09.22 10:44:18.991,1.48002,1.48023,1.75,1.87
2015.09.22 10:44:19.045,1.48005,1.48023,1.12,1.37
2015.09.22 10:44:19.147,1.48006,1.48024,1.75,1.00
2015.09.22 10:44:19.300,1.48007,1.48026,1.37,1.12
2015.09.22 10:44:19.454,1.48014,1.4803,1.37,1.12
2015.09.22 10:44:19.557,1.48014,1.48031,1.87,1.37
2015.09.22 10:44:19.608,1.48014,1.48035,1.87,1.12
2015.09.22 10:44:19.659,1.48014,1.48035,1.37,1.12
2015.09.22 10:44:20.070,1.48011,1.48033,1.37,3.00
2015.09.22 10:44:20.579,1.48011,1.4803,1.87,1.00
2015.09.22 10:44:20.883,1.48013,1.48031,1.12,1.12
2015.09.22 10:44:21.245,1.48012,1.48028,1.12,1.00
2015.09.22 10:44:21.302,1.48011,1.48033,2.62,1.87
2015.09.22 10:44:21.455,1.48011,1.48032,1.87,1.37
2015.09.22 10:44:21.608,1.48011,1.48034,2.62,1.12
2015.09.22 10:44:21.913,1.48017,1.48039,1.12,1.37
2015.09.22 10:44:22.015,1.48015,1.48038,1.37,1.12
2015.09.22 10:44:22.464,1.48014,1.48036,1.50,1.12
2015.09.22 10:44:22.722,1.48015,1.48038,1.37,1.12
2015.09.22 10:44:22.773,1.48016,1.48038,1.12,1.37
2015.09.22 10:44:22.929,1.48018,1.48041,1.75,2.62
2015.09.22 10:44:23.451,1.48018,1.48041,1.87,1.75
2015.09.22 10:44:23.915,1.48018,1.48041,1.87,1.12
2015.09.22 10:44:24.220,1.48017,1.48031,1.12,1.00
2015.09.22 10:44:24.322,1.48013,1.48031,1.37,1.00
2015.09.22 10:44:24.374,1.48011,1.48026,1.75,1.00
2015.09.22 10:44:24.578,1.48002,1.48018,1.50,1.00
2015.09.22 10:44:24.681,1.48,1.48018,1.12,1.00
2015.09.22 10:44:25.033,1.47998,1.48017,1.00,1.00
2015.09.22 10:44:25.542,1.47997,1.48017,1.00,1.50
2015.09.22 10:44:26.607,1.47996,1.48017,1.75,1.50
2015.09.22 10:44:27.117,1.47999,1.48017,1.00,1.00
2015.09.22 10:44:27.624,1.47999,1.48019,1.00,3.00
2015.09.22 10:44:27.675,1.47999,1.48016,1.00,1.00
2015.09.22 10:44:28.392,1.47996,1.48014,1.12,1.00
2015.09.22 10:44:28.444,1.47985,1.48008,1.12,2.62
2015.09.22 10:44:29.734,1.47987,1.48007,2.25,1.00
2015.09.22 10:44:30.245,1.47987,1.48009,2.25,1.37
2015.09.22 10:44:31.134,1.4799,1.4801,1.00,2.62
2015.09.22 10:44:31.438,1.47993,1.48012,1.00,1.37
2015.09.22 10:44:31.946,1.47993,1.48013,1.00,1.37
2015.09.22 10:44:32.841,1.47992,1.48012,1.12,1.50
2015.09.22 10:44:33.248,1.47993,1.48012,1.12,1.00
2015.09.22 10:44:39.182,1.47992,1.48012,1.75,1.12
2015.09.22 10:44:39.588,1.4799,1.48011,1.75,1.12
2015.09.22 10:44:39.792,1.47989,1.4801,1.50,1.87
2015.09.22 10:44:40.557,1.47989,1.48009,1.00,1.50
2015.09.22 10:44:40.863,1.47991,1.48011,1.00,1.50
2015.09.22 10:44:41.373,1.4799,1.48009,1.00,1.12
2015.09.22 10:44:42.164,1.47989,1.48009,1.00,1.87
2015.09.22 10:44:42.874,1.4799,1.48009,1.37,1.00
2015.09.22 10:44:43.074,1.47988,1.48009,2.62,1.37
2015.09.22 10:44:43.464,1.47992,1.48011,1.00,1.37
2015.09.22 10:44:43.515,1.47991,1.48012,1.87,1.12
2015.09.22 10:44:43.829,1.47996,1.48017,1.12,1.75
2015.09.22 10:44:43.881,1.48001,1.48021,1.00,1.75
2015.09.22 10:44:44.033,1.48001,1.48022,1.50,1.12
2015.09.22 10:44:44.085,1.48001,1.48022,1.75,1.00
2015.09.22 10:44:45.510,1.48002,1.48022,1.87,1.00
2015.09.22 10:44:45.854,1.48002,1.48022,1.87,1.00
2015.09.22 10:44:48.807,1.48001,1.48021,1.75,1.37
2015.09.22 10:44:49.487,1.48001,1.48021,1.87,1.00
2015.09.22 10:44:49.995,1.48001,1.48023,1.50,1.75
2015.09.22 10:44:50.516,1.48001,1.48021,1.00,1.12
2015.09.22 10:44:51.298,1.48001,1.48021,1.50,1.12
2015.09.22 10:44:51.964,1.48001,1.48021,1.50,1.12
2015.09.22 10:44:54.864,1.48002,1.48024,1.87,3.00
2015.09.22 10:44:55.017,1.48004,1.48024,1.12,1.12
2015.09.22 10:44:55.119,1.48008,1.48027,1.00,1.12
2015.09.22 10:44:55.223,1.48008,1.48025,1.75,1.00
2015.09.22 10:44:55.324,1.48005,1.48025,1.87,1.12
2015.09.22 10:44:55.727,1.48004,1.48025,1.75,1.37
2015.09.22 10:44:57.982,1.48006,1.48026,1.37,1.37
2015.09.22 10:44:58.503,1.48007,1.48028,1.50,2.25
2015.09.22 10:44:59.424,1.48007,1.48028,1.12,1.50
2015.09.22 10:45:00.157,1.48007,1.4802,1.12,1.00
2015.09.22 10:45:00.311,1.48,1.48015,1.00,1.87
2015.09.22 10:45:00.362,1.47994,1.48015,1.87,1.87
2015.09.22 10:45:00.413,1.47994,1.48013,1.00,2.62
2015.09.22 10:45:00.515,1.4799,1.4801,1.00,1.00
2015.09.22 10:45:00.991,1.47987,1.4801,1.87,1.12
2015.09.22 10:45:01.398,1.47987,1.48007,1.12,1.75
2015.09.22 10:45:01.450,1.47983,1.48003,1.50,1.00
2015.09.22 10:45:01.886,1.47984,1.48,1.12,1.00
2015.09.22 10:45:02.251,1.47977,1.47997,1.37,1.12
2015.09.22 10:45:02.354,1.47978,1.48,1.50,1.87
2015.09.22 10:45:03.644,1.47976,1.47996,1.37,1.50
2015.09.22 10:45:04.104,1.47973,1.47992,1.37,1.00
2015.09.22 10:45:04.155,1.47973,1.47992,1.00,1.00
2015.09.22 10:45:04.358,1.47973,1.47989,1.00,1.00
2015.09.22 10:45:04.461,1.47969,1.47989,1.12,1.12
2015.09.22 10:45:04.974,1.47969,1.47989,1.50,1.50
2015.09.22 10:45:05.127,1.47968,1.47988,1.12,1.12
2015.09.22 10:45:05.228,1.47966,1.47988,1.75,2.25
2015.09.22 10:45:05.330,1.47964,1.47987,1.50,1.12
2015.09.22 10:45:09.085,1.47965,1.47987,1.37,1.87
2015.09.22 10:45:09.871,1.47966,1.47987,1.12,1.37
2015.09.22 10:45:10.159,1.47966,1.47986,1.12,1.12
2015.09.22 10:45:11.025,1.47975,1.47988,1.00,1.75
2015.09.22 10:45:11.177,1.47977,1.47991,1.12,1.00
2015.09.22 10:45:11.228,1.47977,1.47998,1.75,1.12
2015.09.22 10:45:11.626,1.47975,1.47996,1.75,1.87
2015.09.22 10:45:11.677,1.47974,1.47996,2.25,2.25
2015.09.22 10:45:12.215,1.47975,1.47996,1.37,2.25
2015.09.22 10:45:12.827,1.47974,1.47995,1.37,1.00
2015.09.22 10:45:12.929,1.47974,1.47993,1.37,1.00
2015.09.22 10:45:13.234,1.47974,1.47993,1.00,1.37
2015.09.22 10:45:13.285,1.47972,1.47993,1.12,1.75
2015.09.22 10:45:13.798,1.4797,1.47993,1.75,2.25
2015.09.22 10:45:14.342,1.47971,1.47992,1.00,1.12
2015.09.22 10:45:14.854,1.47971,1.4799,1.00,1.50
2015.09.22 10:45:14.956,1.47969,1.47987,1.00,1.00
2015.09.22 10:45:15.108,1.47966,1.47987,1.37,1.50
2015.09.22 10:45:15.464,1.47967,1.47987,1.87,1.00
2015.09.22 10:45:15.846,1.4797,1.47989,1.00,1.00
2015.09.22 10:45:15.947,1.47967,1.47986,1.75,1.37
2015.09.22 10:45:16.593,1.47965,1.47985,1.00,1.50
2015.09.22 10:45:16.746,1.47962,1.47985,1.12,2.62
2015.09.22 10:45:16.849,1.4796,1.47984,1.87,1.75
2015.09.22 10:45:18.091,1.47958,1.4798,2.25,1.00
2015.09.22 10:45:18.909,1.47958,1.4798,2.25,1.00
2015.09.22 10:45:23.365,1.47963,1.47985,1.87,1.12
2015.09.22 10:45:23.670,1.47969,1.47992,1.12,1.12
2015.09.22 10:45:24.379,1.47969,1.4799,1.87,1.00
2015.09.22 10:45:24.490,1.47971,1.47993,1.37,1.50
2015.09.22 10:45:24.744,1.47971,1.47993,1.12,1.37
2015.09.22 10:45:25.404,1.47971,1.47993,1.37,1.87
2015.09.22 10:45:26.100,1.47976,1.47995,1.37,1.12
2015.09.22 10:45:26.151,1.47976,1.47998,1.37,1.87
2015.09.22 10:45:27.799,1.47976,1.47998,1.37,1.87
2015.09.22 10:45:30.094,1.47975,1.47995,1.87,1.00
2015.09.22 10:45:30.640,1.47975,1.47995,1.75,1.37
2015.09.22 10:45:31.703,1.47975,1.47996,1.75,1.37
2015.09.22 10:45:33.106,1.47975,1.47996,1.50,1.50
2015.09.22 10:45:33.465,1.47979,1.47996,1.00,1.50
2015.09.22 10:45:33.771,1.47985,1.48,1.00,1.50
2015.09.22 10:45:34.676,1.47983,1.48002,1.00,1.87
2015.09.22 10:45:35.670,1.47981,1.48,1.37,1.00
2015.09.22 10:45:36.431,1.47982,1.48002,1.12,1.50
2015.09.22 10:45:36.941,1.47982,1.48003,1.00,1.12
2015.09.22 10:45:37.685,1.47982,1.48003,1.37,1.75
2015.09.22 10:45:38.075,1.47985,1.48003,1.00,1.75
2015.09.22 10:45:40.592,1.47985,1.48003,1.00,1.87
2015.09.22 10:45:40.888,1.47985,1.48003,1.50,1.00
2015.09.22 10:45:41.439,1.47988,1.48005,1.00,1.37
2015.09.22 10:45:41.642,1.4799,1.48009,1.37,1.12
2015.09.22 10:45:41.795,1.4799,1.48011,1.50,1.75
2015.09.22 10:45:42.118,1.4799,1.48008,1.12,1.12
2015.09.22 10:45:42.431,1.47987,1.48005,1.50,1.75
2015.09.22 10:45:45.238,1.47987,1.48005,1.00,2.25
2015.09.22 10:45:45.767,1.47987,1.48005,1.00,1.87
2015.09.22 10:45:47.214,1.47987,1.48004,1.00,1.00
2015.09.22 10:45:47.733,1.47987,1.48005,1.00,1.12
2015.09.22 10:45:49.278,1.47986,1.48004,1.12,1.00
2015.09.22 10:45:50.126,1.47986,1.48004,1.00,1.87
2015.09.22 10:45:50.887,1.47984,1.48003,1.00,1.12
2015.09.22 10:45:52.003,1.47983,1.48003,1.12,1.87
2015.09.22 10:45:52.308,1.47981,1.47999,1.00,1.00
2015.09.22 10:45:52.613,1.47973,1.47993,1.75,1.37
2015.09.22 10:45:52.664,1.47973,1.47992,1.00,1.00
2015.09.22 10:45:52.715,1.47975,1.47992,1.00,1.00
2015.09.22 10:45:52.818,1.47975,1.47996,1.00,1.12
2015.09.22 10:45:53.220,1.47978,1.47997,1.00,1.75
2015.09.22 10:45:53.525,1.47982,1.48002,1.00,1.37
2015.09.22 10:45:54.032,1.47982,1.48003,1.37,1.75
2015.09.22 10:45:54.839,1.4799,1.48003,1.00,1.75
2015.09.22 10:45:54.892,1.4799,1.48009,1.12,1.12
2015.09.22 10:45:54.944,1.4799,1.48009,1.00,2.25
2015.09.22 10:45:55.097,1.47987,1.48009,1.50,2.25
2015.09.22 10:45:55.351,1.47987,1.48007,1.00,1.12
2015.09.22 10:45:57.413,1.47985,1.48007,1.87,1.75
2015.09.22 10:45:57.920,1.47985,1.48005,1.87,1.50
2015.09.22 10:45:58.546,1.47985,1.48003,1.87,1.00
2015.09.22 10:46:01.316,1.47983,1.48003,1.37,1.50
2015.09.22 10:46:02.045,1.47983,1.48002,1.00,1.12
2015.09.22 10:46:02.543,1.47981,1.47999,1.75,1.00
2015.09.22 10:46:02.645,1.47982,1.48001,1.00,1.00
2015.09.22 10:46:03.326,1.47982,1.48,1.00,1.00
2015.09.22 10:46:03.709,1.47981,1.48003,1.75,1.50
2015.09.22 10:46:04.363,1.47981,1.48004,2.25,2.62
2015.09.22 10:46:05.253,1.47981,1.48003,1.75,1.37
2015.09.22 10:46:09.915,1.47985,1.48004,1.00,1.75
2015.09.22 10:46:10.068,1.47989,1.48008,1.00,1.12
2015.09.22 10:46:10.584,1.47987,1.48009,1.00,1.87
2015.09.22 10:46:10.888,1.47983,1.48004,1.87,1.00
2015.09.22 10:46:10.939,1.47983,1.48004,1.87,1.00
2015.09.22 10:46:10.992,1.47983,1.48005,1.50,1.12
2015.09.22 10:46:11.883,1.47983,1.48005,1.87,1.75
2015.09.22 10:46:12.690,1.47983,1.48002,1.12,1.00
2015.09.22 10:46:12.793,1.4798,1.48002,1.50,1.12
2015.09.22 10:46:13.563,1.4798,1.48002,1.37,1.87
2015.09.22 10:46:13.765,1.47978,1.48,1.75,1.87
2015.09.22 10:46:14.183,1.47978,1.47997,1.50,1.00
2015.09.22 10:46:14.925,1.47974,1.47987,1.00,1.37
2015.09.22 10:46:14.977,1.47969,1.47987,1.50,1.37
2015.09.22 10:46:15.029,1.47968,1.47987,1.12,1.37
2015.09.22 10:46:15.081,1.47966,1.47986,1.12,2.25
2015.09.22 10:46:15.184,1.47963,1.47983,1.87,1.00
2015.09.22 10:46:15.692,1.47962,1.47984,1.75,1.12
2015.09.22 10:46:16.399,1.47964,1.47984,1.00,1.37
2015.09.22 10:46:16.946,1.47963,1.47984,1.75,1.87
2015.09.22 10:46:17.125,1.47963,1.47982,1.75,1.00
2015.09.22 10:46:17.881,1.47963,1.47984,1.12,1.12
2015.09.22 10:46:19.775,1.47964,1.47984,1.00,1.50
2015.09.22 10:46:20.430,1.47963,1.47984,1.37,1.50
2015.09.22 10:46:20.936,1.47961,1.47983,1.75,1.12
2015.09.22 10:46:25.049,1.47961,1.47983,1.75,1.00
2015.09.22 10:46:25.872,1.47966,1.47983,1.50,1.00
2015.09.22 10:46:26.025,1.47969,1.47989,1.00,1.37
2015.09.22 10:46:27.662,1.47969,1.4799,1.87,1.75
2015.09.22 10:46:28.041,1.47971,1.47992,1.50,1.00
2015.09.22 10:46:28.143,1.4797,1.47992,1.87,1.12
2015.09.22 10:46:28.651,1.47972,1.47994,1.00,2.25
2015.09.22 10:46:29.198,1.47971,1.47987,1.00,1.12
2015.09.22 10:46:29.722,1.47975,1.47999,1.87,1.12
2015.09.22 10:46:30.305,1.47975,1.47999,1.87,2.25
2015.09.22 10:46:31.804,1.47978,1.47998,1.00,1.37
2015.09.22 10:46:32.322,1.47976,1.47996,1.37,1.12
2015.09.22 10:46:32.933,1.47974,1.47995,1.00,1.12
2015.09.22 10:46:33.544,1.47974,1.47996,1.87,1.75
2015.09.22 10:46:33.595,1.47974,1.47996,2.25,1.87
2015.09.22 10:46:34.429,1.47972,1.47994,1.75,1.12
2015.09.22 10:46:34.480,1.47969,1.47992,2.25,1.12
2015.09.22 10:46:34.836,1.47968,1.47991,1.12,1.75
2015.09.22 10:46:34.938,1.47968,1.47989,1.00,1.12
2015.09.22 10:46:35.141,1.47966,1.47987,1.00,1.12
2015.09.22 10:46:37.485,1.47965,1.47987,1.75,1.12
2015.09.22 10:46:39.103,1.47966,1.47988,1.00,1.75
2015.09.22 10:46:39.557,1.47963,1.47985,1.37,1.87
2015.09.22 10:46:40.065,1.47963,1.47984,1.12,1.00
2015.09.22 10:46:41.119,1.47964,1.47985,1.00,1.87
2015.09.22 10:46:41.754,1.47964,1.47984,1.12,1.00
2015.09.22 10:46:42.058,1.47963,1.47982,1.37,1.00
2015.09.22 10:46:44.643,1.47962,1.47982,1.00,1.00
2015.09.22 10:46:44.847,1.47961,1.47981,1.12,1.50
2015.09.22 10:46:45.376,1.47961,1.47981,1.50,1.00
2015.09.22 10:46:46.696,1.4796,1.4798,1.87,1.00
2015.09.22 10:46:47.005,1.47947,1.47962,1.12,1.00
2015.09.22 10:46:47.056,1.47945,1.47962,1.12,1.00
2015.09.22 10:46:47.158,1.47944,1.47962,1.37,1.00
2015.09.22 10:46:47.614,1.47943,1.47965,1.12,1.12
2015.09.22 10:46:47.969,1.47941,1.47965,1.12,2.62
2015.09.22 10:46:49.625,1.47942,1.47964,1.87,1.37
2015.09.22 10:46:55.828,1.47942,1.47965,1.75,1.87
2015.09.22 10:46:56.573,1.47942,1.47957,1.75,1.00
2015.09.22 10:46:56.624,1.47942,1.47959,1.12,1.00
2015.09.22 10:46:56.992,1.47933,1.47954,1.00,2.25
2015.09.22 10:46:57.297,1.4793,1.47948,1.50,1.00
2015.09.22 10:46:57.652,1.47928,1.47948,1.75,1.12
2015.09.22 10:46:58.314,1.47929,1.47947,1.37,1.00
2015.09.22 10:46:58.727,1.47929,1.47945,1.37,1.00
2015.09.22 10:46:59.295,1.47929,1.47944,1.00,1.00
2015.09.22 10:47:00.285,1.47926,1.47945,1.50,1.00
2015.09.22 10:47:00.387,1.47926,1.47947,1.87,1.50
2015.09.22 10:47:00.488,1.47926,1.47947,1.50,1.50
2015.09.22 10:47:00.793,1.47926,1.47947,1.37,1.87
2015.09.22 10:47:01.281,1.47925,1.47943,1.75,1.00
2015.09.22 10:47:01.334,1.47925,1.47943,1.37,1.00
2015.09.22 10:47:01.639,1.4793,1.47943,1.00,1.00
2015.09.22 10:47:01.945,1.47931,1.47945,1.00,1.00
2015.09.22 10:47:02.047,1.47929,1.47945,1.00,1.00
2015.09.22 10:47:02.567,1.47929,1.47944,1.12,1.00
2015.09.22 10:47:04.724,1.47926,1.47944,1.87,1.00
2015.09.22 10:47:05.770,1.47926,1.47944,3.00,1.00
2015.09.22 10:47:07.160,1.47926,1.47944,1.87,1.00
2015.09.22 10:47:07.263,1.47924,1.47943,1.87,1.50
2015.09.22 10:47:07.314,1.47924,1.4794,1.87,1.00
2015.09.22 10:47:07.736,1.47923,1.47928,1.00,1.00
2015.09.22 10:47:07.787,1.47914,1.47927,1.57,1.00
2015.09.22 10:47:07.890,1.47913,1.47927,1.00,1.00
2015.09.22 10:47:08.045,1.47913,1.47928,1.87,1.12
2015.09.22 10:47:08.097,1.47915,1.47932,1.37,1.50
2015.09.22 10:47:08.424,1.47918,1.47938,1.75,1.00
2015.09.22 10:47:08.577,1.47922,1.47938,1.00,1.00
2015.09.22 10:47:09.160,1.47922,1.4794,1.00,1.50
2015.09.22 10:47:09.469,1.47924,1.4794,1.00,1.00
2015.09.22 10:47:10.892,1.47922,1.4794,1.87,1.00
2015.09.22 10:47:11.401,1.47922,1.47941,2.32,1.00
2015.09.22 10:47:11.903,1.47924,1.4794,1.37,1.00
2015.09.22 10:47:14.125,1.47924,1.4794,1.50,1.00
2015.09.22 10:47:14.228,1.47924,1.4794,1.50,1.00
2015.09.22 10:47:15.756,1.47922,1.4794,2.62,1.00
2015.09.22 10:47:15.858,1.47922,1.4794,1.75,1.00
2015.09.22 10:47:16.631,1.47922,1.47939,1.00,1.00
2015.09.22 10:47:16.960,1.4792,1.47939,1.75,1.00
2015.09.22 10:47:17.214,1.4792,1.47941,2.25,1.00
2015.09.22 10:47:17.468,1.47923,1.47941,1.75,1.00
2015.09.22 10:47:17.570,1.47925,1.47945,1.75,1.50
2015.09.22 10:47:18.179,1.47925,1.47947,1.37,1.00
2015.09.22 10:47:18.702,1.47926,1.47946,1.37,1.00
2015.09.22 10:47:18.971,1.47931,1.47951,1.37,1.50
2015.09.22 10:47:19.483,1.47933,1.4795,1.00,1.00
2015.09.22 10:47:20.025,1.47932,1.4795,1.75,1.00
2015.09.22 10:47:20.565,1.47932,1.4795,1.75,1.00
2015.09.22 10:47:20.666,1.47933,1.4795,1.00,1.00
2015.09.22 10:47:21.071,1.47929,1.47947,1.47,1.00
2015.09.22 10:47:21.578,1.47926,1.47946,1.87,1.00
2015.09.22 10:47:21.934,1.4793,1.47948,1.00,1.00
2015.09.22 10:47:21.985,1.47928,1.47948,1.12,1.00
2015.09.22 10:47:22.674,1.47925,1.47946,1.10,1.37
2015.09.22 10:47:22.829,1.47922,1.47942,1.20,1.00
2015.09.22 10:47:22.931,1.47922,1.47944,1.20,1.00
2015.09.22 10:47:22.983,1.47922,1.47944,1.95,1.00
2015.09.22 10:47:23.035,1.47924,1.47946,1.37,1.00
2015.09.22 10:47:23.137,1.47924,1.47944,1.37,1.00
2015.09.22 10:47:24.062,1.47922,1.47947,1.95,1.00
2015.09.22 10:47:24.166,1.47922,1.47942,1.95,1.00
2015.09.22 10:47:24.269,1.47922,1.47945,2.32,1.00
2015.09.22 10:47:24.844,1.47922,1.47945,2.70,1.00
2015.09.22 10:47:25.049,1.47922,1.47943,2.70,1.00
2015.09.22 10:47:25.661,1.47922,1.47943,2.32,1.00
2015.09.22 10:47:26.171,1.47921,1.47942,1.12,1.00
2015.09.22 10:47:27.176,1.47921,1.4794,1.37,1.00
2015.09.22 10:47:27.228,1.4792,1.47941,1.75,1.00
2015.09.22 10:47:27.734,1.47921,1.4794,1.00,1.00
2015.09.22 10:47:28.244,1.4792,1.47941,1.75,1.12
2015.09.22 10:47:29.080,1.47921,1.47941,1.00,1.12
2015.09.22 10:47:29.586,1.4792,1.47941,1.75,1.12
2015.09.22 10:47:30.432,1.4792,1.47941,1.75,1.12
2015.09.22 10:47:30.735,1.47922,1.47942,1.87,1.00
2015.09.22 10:47:30.837,1.47924,1.47946,1.87,1.12
2015.09.22 10:47:30.990,1.47929,1.47948,1.00,1.00
2015.09.22 10:47:31.093,1.47925,1.47945,1.37,1.00
2015.09.22 10:47:32.024,1.47925,1.47941,1.37,1.00
2015.09.22 10:47:32.126,1.47925,1.47942,1.12,1.00
2015.09.22 10:47:32.380,1.47925,1.47944,1.50,1.00
2015.09.22 10:47:32.679,1.4792,1.47943,1.85,1.00
2015.09.22 10:47:32.833,1.4792,1.4794,1.75,1.00
2015.09.22 10:47:33.500,1.47922,1.4794,2.62,1.00
2015.09.22 10:47:34.007,1.47923,1.47941,1.12,1.00
2015.09.22 10:47:34.312,1.47922,1.47937,1.00,1.00
2015.09.22 10:47:34.885,1.47917,1.47935,1.37,1.00
2015.09.22 10:47:34.936,1.47917,1.47937,1.37,1.50
2015.09.22 10:47:35.039,1.47916,1.47935,1.75,1.00
2015.09.22 10:47:35.242,1.47917,1.47937,1.37,1.50
2015.09.22 10:47:35.346,1.47917,1.47935,1.37,1.00
2015.09.22 10:47:35.499,1.47917,1.47937,1.37,1.12
2015.09.22 10:47:35.992,1.47918,1.47937,1.75,1.00
2015.09.22 10:47:36.378,1.47923,1.47937,1.50,1.00
2015.09.22 10:47:36.531,1.47926,1.47947,1.87,1.50
2015.09.22 10:47:36.582,1.47927,1.47944,1.75,1.00
2015.09.22 10:47:36.685,1.47932,1.47949,1.00,1.37
2015.09.22 10:47:36.838,1.47932,1.47952,1.87,1.12
2015.09.22 10:47:36.890,1.47934,1.47953,1.50,1.87
2015.09.22 10:47:37.144,1.47935,1.47956,1.37,1.12
2015.09.22 10:47:37.195,1.47935,1.47956,1.75,1.00
2015.09.22 10:47:37.656,1.47934,1.47955,2.25,1.50
2015.09.22 10:47:37.860,1.47935,1.47957,1.75,2.25
2015.09.22 10:47:38.992,1.47936,1.47956,1.12,1.00
2015.09.22 10:47:39.502,1.47937,1.47959,1.37,1.87
2015.09.22 10:47:40.997,1.47942,1.47962,1.50,1.00
2015.09.22 10:47:41.555,1.47943,1.47962,1.50,1.00
2015.09.22 10:47:41.606,1.47944,1.47962,1.50,1.00
2015.09.22 10:47:42.213,1.4795,1.47967,1.00,1.12
2015.09.22 10:47:42.517,1.4795,1.47968,1.50,1.00
2015.09.22 10:47:42.720,1.47952,1.47968,1.00,1.00
2015.09.22 10:47:42.873,1.4795,1.47968,1.00,1.87
2015.09.22 10:47:43.178,1.47944,1.47965,1.37,1.75
2015.09.22 10:47:43.229,1.47944,1.47961,1.37,1.00
2015.09.22 10:47:43.553,1.47944,1.47961,1.00,1.00
2015.09.22 10:47:43.607,1.47944,1.47964,1.00,1.87
2015.09.22 10:47:44.117,1.47944,1.47964,1.00,1.87
2015.09.22 10:47:44.169,1.47944,1.47962,1.00,1.75
2015.09.22 10:47:44.220,1.47942,1.47962,1.12,1.75
2015.09.22 10:47:44.474,1.47942,1.47963,1.87,1.87
2015.09.22 10:47:44.985,1.47942,1.47961,1.12,1.00
2015.09.22 10:47:45.088,1.4794,1.47961,1.00,1.12
2015.09.22 10:47:45.403,1.47937,1.47957,2.62,1.37
2015.09.22 10:47:45.456,1.47937,1.47955,1.00,1.00
2015.09.22 10:47:45.507,1.47934,1.47955,1.00,1.37
2015.09.22 10:47:46.342,1.47932,1.47953,1.12,1.87
2015.09.22 10:47:47.386,1.4793,1.47952,1.37,1.75
2015.09.22 10:47:48.492,1.47929,1.47951,1.12,1.12
2015.09.22 10:47:50.034,1.4793,1.47951,1.00,1.12
2015.09.22 10:47:50.555,1.47929,1.47951,1.12,1.12
2015.09.22 10:47:51.391,1.47929,1.47951,1.37,1.12
2015.09.22 10:47:52.441,1.47929,1.47951,2.62,1.12
2015.09.22 10:47:53.466,1.47929,1.47951,1.12,1.12
2015.09.22 10:47:54.725,1.47929,1.47951,1.37,1.75
2015.09.22 10:47:55.033,1.47926,1.47947,1.50,1.00
2015.09.22 10:47:55.564,1.47924,1.47947,3.00,1.37
2015.09.22 10:47:56.343,1.47925,1.47947,1.00,1.87
2015.09.22 10:47:56.597,1.47925,1.47947,1.12,1.50
2015.09.22 10:48:00.576,1.47926,1.47947,1.37,2.25
2015.09.22 10:48:01.359,1.47924,1.47945,1.37,1.37
2015.09.22 10:48:02.245,1.47924,1.47945,1.12,1.37
2015.09.22 10:48:03.288,1.47924,1.47945,1.37,1.37
2015.09.22 10:48:04.297,1.47924,1.47945,1.00,1.37
2015.09.22 10:48:04.755,1.47924,1.47946,1.12,1.75
2015.09.22 10:48:06.619,1.47926,1.47945,1.00,1.00
2015.09.22 10:48:07.224,1.47926,1.47946,1.37,1.00
2015.09.22 10:48:09.931,1.47922,1.47944,1.75,1.12
2015.09.22 10:48:09.983,1.47922,1.47944,1.75,1.12
2015.09.22 10:48:10.490,1.47922,1.47944,1.37,1.87
2015.09.22 10:48:12.472,1.47923,1.47943,1.00,1.00
2015.09.22 10:48:13.794,1.47923,1.47943,1.50,1.00
2015.09.22 10:48:14.454,1.47924,1.47945,1.37,1.87
2015.09.22 10:48:15.140,1.47924,1.47944,1.37,1.00
2015.09.22 10:48:15.772,1.47926,1.47946,1.12,1.00
2015.09.22 10:48:15.825,1.4793,1.47948,1.00,1.50
2015.09.22 10:48:15.877,1.4793,1.47948,1.37,1.12
2015.09.22 10:48:15.978,1.47933,1.47948,1.00,1.00
2015.09.22 10:48:16.131,1.47933,1.4795,1.37,1.00
2015.09.22 10:48:16.232,1.47934,1.47953,1.00,1.12
2015.09.22 10:48:16.284,1.47937,1.47953,1.00,1.12
2015.09.22 10:48:16.644,1.47937,1.47956,1.00,1.50
2015.09.22 10:48:16.999,1.47934,1.47956,1.50,1.75
2015.09.22 10:48:17.101,1.47934,1.47954,1.00,1.12
2015.09.22 10:48:17.987,1.47932,1.47954,1.12,1.87
2015.09.22 10:48:18.038,1.47932,1.47952,1.00,1.12
2015.09.22 10:48:18.089,1.47932,1.47953,1.00,1.12
2015.09.22 10:48:18.243,1.47932,1.47955,1.75,2.25
2015.09.22 10:48:18.550,1.47934,1.47955,1.75,1.12
2015.09.22 10:48:19.878,1.47935,1.47955,1.37,1.37
2015.09.22 10:48:20.230,1.47936,1.47957,1.50,1.37
2015.09.22 10:48:20.282,1.47936,1.47957,1.50,1.12
2015.09.22 10:48:23.207,1.47935,1.47955,1.12,1.50
2015.09.22 10:48:23.259,1.47934,1.47954,1.12,1.37
2015.09.22 10:48:23.361,1.47929,1.47951,1.12,1.12
2015.09.22 10:48:23.729,1.47929,1.4795,1.95,1.50
2015.09.22 10:48:23.780,1.47936,1.47956,1.87,1.00
2015.09.22 10:48:24.287,1.47936,1.47957,1.87,1.00
2015.09.22 10:48:26.042,1.47937,1.47958,1.12,1.37
2015.09.22 10:48:26.350,1.47938,1.47958,1.00,1.12
2015.09.22 10:48:26.724,1.47937,1.47958,1.37,1.75
2015.09.22 10:48:27.242,1.47937,1.47958,1.00,1.87
2015.09.22 10:48:27.748,1.47936,1.47957,1.50,1.12
2015.09.22 10:48:28.659,1.47937,1.47957,1.37,1.12
2015.09.22 10:48:29.520,1.47937,1.47957,1.12,1.75
2015.09.22 10:48:30.300,1.47937,1.47957,1.50,1.37
2015.09.22 10:48:30.848,1.47937,1.47957,1.87,1.00
2015.09.22 10:48:37.766,1.47937,1.47958,1.37,2.25
2015.09.22 10:48:38.812,1.47938,1.47958,1.37,1.87
2015.09.22 10:48:39.624,1.47938,1.47958,1.50,1.50
2015.09.22 10:48:41.836,1.47938,1.47958,1.87,1.50
2015.09.22 10:48:42.439,1.4794,1.47959,1.00,1.37
2015.09.22 10:48:43.585,1.4794,1.4796,1.12,1.37
2015.09.22 10:48:44.123,1.4794,1.4796,1.50,1.00
2015.09.22 10:48:45.540,1.4794,1.47961,1.87,1.87
2015.09.22 10:48:46.076,1.4794,1.47962,2.32,1.75
2015.09.22 10:48:46.279,1.4794,1.47962,1.50,1.75
2015.09.22 10:48:48.891,1.47939,1.47961,1.37,1.75
2015.09.22 10:48:50.880,1.4794,1.47961,1.87,1.37
2015.09.22 10:48:51.083,1.47942,1.47964,1.50,1.12
2015.09.22 10:48:51.184,1.47943,1.47965,1.00,2.25
2015.09.22 10:48:51.885,1.47943,1.47964,1.37,1.37
2015.09.22 10:48:52.636,1.4794,1.4796,1.37,1.00
2015.09.22 10:48:53.146,1.47939,1.4796,1.37,1.37
2015.09.22 10:48:54.144,1.47938,1.4796,1.12,1.12
2015.09.22 10:48:57.709,1.47937,1.47957,1.37,1.12
2015.09.22 10:48:57.811,1.47935,1.47957,1.95,1.87
2015.09.22 10:48:58.351,1.47934,1.47954,1.87,1.00
2015.09.22 10:49:00.050,1.47934,1.47955,1.87,1.12
2015.09.22 10:49:00.665,1.47934,1.47953,1.87,1.00
2015.09.22 10:49:00.717,1.47931,1.47953,1.75,1.87
2015.09.22 10:49:01.224,1.4793,1.47952,1.75,1.75
2015.09.22 10:49:01.326,1.47927,1.47947,1.12,1.50
2015.09.22 10:49:01.428,1.47924,1.47944,1.12,1.50
2015.09.22 10:49:01.531,1.47921,1.47942,1.87,1.50
2015.09.22 10:49:02.275,1.47919,1.47939,2.62,1.87
2015.09.22 10:49:02.428,1.47919,1.47937,1.87,1.00
2015.09.22 10:49:02.936,1.47919,1.47936,1.87,1.00
2015.09.22 10:49:04.658,1.47917,1.47936,1.75,1.12
2015.09.22 10:49:05.174,1.47917,1.47936,1.12,1.12
2015.09.22 10:49:06.350,1.47916,1.47936,1.50,1.50
2015.09.22 10:49:06.402,1.47914,1.47936,1.50,1.87
2015.09.22 10:49:06.453,1.47914,1.47936,1.37,2.62
2015.09.22 10:49:06.819,1.4791,1.47927,1.00,1.12
2015.09.22 10:49:06.870,1.47908,1.47926,1.00,1.50
2015.09.22 10:49:06.972,1.47905,1.47926,1.87,1.37
2015.09.22 10:49:07.124,1.47905,1.47926,1.87,1.12
2015.09.22 10:49:09.126,1.47905,1.47926,1.87,1.50
2015.09.22 10:49:09.928,1.47905,1.47926,1.87,2.62
2015.09.22 10:49:10.232,1.4789,1.4791,1.00,1.75
2015.09.22 10:49:10.335,1.47886,1.4791,1.75,1.87
2015.09.22 10:49:10.437,1.47884,1.47907,1.37,1.12
2015.09.22 10:49:10.640,1.47877,1.47899,1.50,1.50
2015.09.22 10:49:10.742,1.47876,1.47898,1.50,1.12
2015.09.22 10:49:11.533,1.47876,1.47892,1.12,1.00
2015.09.22 10:49:14.346,1.47874,1.47891,1.00,1.12
2015.09.22 10:49:14.448,1.47874,1.47892,1.00,1.00
2015.09.22 10:49:15.952,1.47874,1.47891,1.00,1.00
2015.09.22 10:49:16.467,1.47874,1.4789,1.00,1.00
2015.09.22 10:49:17.313,1.47874,1.47891,1.00,1.00
2015.09.22 10:49:17.836,1.47874,1.4789,1.12,1.00
2015.09.22 10:49:19.171,1.47874,1.47889,1.00,1.00
2015.09.22 10:49:19.708,1.47874,1.47893,1.00,1.87
2015.09.22 10:49:20.538,1.47885,1.47903,1.00,2.62
2015.09.22 10:49:20.589,1.47884,1.47901,1.50,1.00
2015.09.22 10:49:20.641,1.47884,1.47901,1.37,1.75
2015.09.22 10:49:20.692,1.47878,1.47899,1.00,1.12
2015.09.22 10:49:20.794,1.47875,1.47897,1.12,1.12
2015.09.22 10:49:20.999,1.47871,1.47896,1.12,1.12
2015.09.22 10:49:21.050,1.47869,1.47893,2.62,1.12
2015.09.22 10:49:21.101,1.47871,1.47893,1.00,1.37
2015.09.22 10:49:21.254,1.47871,1.47888,1.00,1.00
2015.09.22 10:49:21.648,1.47868,1.47888,1.00,1.12
2015.09.22 10:49:21.751,1.47868,1.47888,1.00,1.50
2015.09.22 10:49:22.007,1.47868,1.47888,1.00,1.12
2015.09.22 10:49:22.213,1.47866,1.47888,1.37,1.87
2015.09.22 10:49:22.315,1.47866,1.47888,1.37,1.37
2015.09.22 10:49:22.874,1.47866,1.47886,1.37,1.00
2015.09.22 10:49:22.931,1.47872,1.47886,1.00,1.00
2015.09.22 10:49:23.033,1.47872,1.47892,1.50,2.62
2015.09.22 10:49:23.085,1.47875,1.47892,1.12,1.50
2015.09.22 10:49:23.187,1.47875,1.47895,1.12,1.12
2015.09.22 10:49:23.340,1.47875,1.47892,1.50,1.00
2015.09.22 10:49:24.332,1.47877,1.47892,1.00,1.00
2015.09.22 10:49:24.950,1.47881,1.47897,1.00,1.00
2015.09.22 10:49:26.079,1.4788,1.47896,2.62,1.00
2015.09.22 10:49:26.231,1.47882,1.47899,1.12,1.00
2015.09.22 10:49:26.282,1.47882,1.47899,1.37,1.00
2015.09.22 10:49:26.384,1.47882,1.47899,1.12,1.00
2015.09.22 10:49:26.911,1.47882,1.479,2.25,1.00
2015.09.22 10:49:27.270,1.47879,1.47898,1.50,1.12
2015.09.22 10:49:27.322,1.47879,1.47898,1.50,1.12
2015.09.22 10:49:28.031,1.47873,1.47894,1.37,1.37
2015.09.22 10:49:28.183,1.47871,1.47893,1.50,1.75
2015.09.22 10:49:28.714,1.47871,1.47893,1.50,1.12
2015.09.22 10:49:28.816,1.47871,1.47893,1.87,1.12
2015.09.22 10:49:29.516,1.47872,1.47892,1.00,1.12
2015.09.22 10:49:30.424,1.47871,1.47893,1.87,2.25
2015.09.22 10:49:30.481,1.47861,1.4788,1.37,1.00
2015.09.22 10:49:30.803,1.47861,1.47878,1.37,1.00
2015.09.22 10:49:31.159,1.47861,1.4788,1.37,1.00
2015.09.22 10:49:31.261,1.47861,1.47882,1.37,1.87
2015.09.22 10:49:32.570,1.47862,1.47881,1.37,1.00
2015.09.22 10:49:33.772,1.47862,1.47879,1.37,1.00
2015.09.22 10:49:34.437,1.47861,1.47879,1.00,1.00
2015.09.22 10:49:34.827,1.47861,1.47878,1.00,1.37
2015.09.22 10:49:34.879,1.47852,1.47871,1.50,1.12
2015.09.22 10:49:34.930,1.47854,1.47871,1.00,1.12
2015.09.22 10:49:35.184,1.4786,1.4788,1.00,1.37
2015.09.22 10:49:35.235,1.4786,1.4788,1.37,1.00
2015.09.22 10:49:35.919,1.47862,1.47881,1.12,1.50
2015.09.22 10:49:36.427,1.47862,1.47883,1.50,1.12
2015.09.22 10:49:37.220,1.47862,1.47881,1.50,1.37
2015.09.22 10:49:37.322,1.47862,1.47881,1.87,1.00
2015.09.22 10:49:37.835,1.47862,1.47881,1.00,1.50
2015.09.22 10:49:37.937,1.47859,1.47881,1.87,2.25
2015.09.22 10:49:39.065,1.47861,1.4788,1.00,1.12
2015.09.22 10:49:39.117,1.4786,1.47881,1.37,2.25
2015.09.22 10:49:39.625,1.4786,1.4788,1.00,1.75
2015.09.22 10:49:40.520,1.47859,1.47879,1.50,1.12
2015.09.22 10:49:42.178,1.47859,1.47879,1.12,1.87
2015.09.22 10:49:42.230,1.47859,1.47879,1.37,1.37
2015.09.22 10:49:43.051,1.47871,1.47881,1.37,1.12
2015.09.22 10:49:43.152,1.47874,1.47884,1.00,1.37
2015.09.22 10:49:43.533,1.47874,1.47895,1.12,1.87
2015.09.22 10:49:45.087,1.47874,1.47895,1.50,2.25
2015.09.22 10:49:45.872,1.47874,1.47894,1.12,1.12
2015.09.22 10:49:46.569,1.47874,1.47894,1.50,1.37
2015.09.22 10:49:47.344,1.47874,1.47894,1.50,1.50
2015.09.22 10:49:48.463,1.47873,1.47894,1.12,1.50
2015.09.22 10:49:49.011,1.47873,1.47894,1.37,1.50
2015.09.22 10:49:50.025,1.47873,1.47893,1.12,1.12
2015.09.22 10:49:50.812,1.47873,1.47892,1.75,1.00
2015.09.22 10:49:52.033,1.47873,1.47893,1.75,1.00
2015.09.22 10:49:52.547,1.47874,1.47893,1.00,1.00
2015.09.22 10:49:54.004,1.47873,1.47894,1.12,1.50
2015.09.22 10:49:54.526,1.47874,1.47894,1.75,1.12
2015.09.22 10:49:54.842,1.47875,1.47894,1.50,1.12
2015.09.22 10:49:55.261,1.47876,1.47897,1.12,1.00
2015.09.22 10:49:57.677,1.47877,1.47898,1.00,2.62
2015.09.22 10:49:58.788,1.47872,1.47884,1.00,1.12
2015.09.22 10:49:58.839,1.47863,1.47884,1.12,1.12
2015.09.22 10:49:59.399,1.47862,1.47884,1.75,1.87
2015.09.22 10:50:00.123,1.47862,1.47884,1.50,1.87
2015.09.22 10:50:00.598,1.47866,1.47885,1.00,1.75
2015.09.22 10:50:00.751,1.47866,1.47888,1.87,1.75
2015.09.22 10:50:00.853,1.47868,1.47888,1.12,1.12
2015.09.22 10:50:00.955,1.4787,1.4789,1.37,1.00
2015.09.22 10:50:01.372,1.47868,1.47889,1.37,1.37
2015.09.22 10:50:01.676,1.47874,1.47893,1.12,1.87
2015.09.22 10:50:01.727,1.47877,1.47893,1.37,1.00
2015.09.22 10:50:01.931,1.47877,1.47896,1.37,1.00
2015.09.22 10:50:02.505,1.47877,1.47896,1.12,1.00
2015.09.22 10:50:04.650,1.47879,1.47897,1.12,1.00
2015.09.22 10:50:06.051,1.47875,1.47895,1.87,1.12
2015.09.22 10:50:06.102,1.47875,1.47893,1.00,1.00
2015.09.22 10:50:06.510,1.47873,1.47891,1.87,1.00
2015.09.22 10:50:06.870,1.47874,1.47896,1.12,2.62
2015.09.22 10:50:06.921,1.47875,1.47896,1.12,2.25
2015.09.22 10:50:07.309,1.47886,1.47896,2.25,1.00
2015.09.22 10:50:07.365,1.47887,1.47903,1.00,1.12
2015.09.22 10:50:07.416,1.47888,1.47908,1.75,1.12
2015.09.22 10:50:07.467,1.47889,1.4791,1.12,1.37
2015.09.22 10:50:07.519,1.4789,1.47911,1.12,1.12
2015.09.22 10:50:07.823,1.47895,1.47916,1.37,1.12
2015.09.22 10:50:08.280,1.47896,1.47919,1.75,1.87
2015.09.22 10:50:09.149,1.47898,1.47919,1.37,1.50
2015.09.22 10:50:10.885,1.47898,1.4792,1.75,1.50
2015.09.22 10:50:12.197,1.47899,1.47921,1.87,1.75
2015.09.22 10:50:13.128,1.47898,1.47919,1.50,1.00
2015.09.22 10:50:13.493,1.47897,1.4792,1.75,2.25
2015.09.22 10:50:15.814,1.47897,1.47919,1.12,1.12
2015.09.22 10:50:18.048,1.47899,1.47918,1.12,1.37
2015.09.22 10:50:18.099,1.47899,1.47918,1.12,1.37
2015.09.22 10:50:19.918,1.479,1.47918,1.00,1.37
2015.09.22 10:50:20.020,1.47898,1.47919,1.12,1.50
2015.09.22 10:50:20.376,1.47898,1.47918,1.00,1.00
2015.09.22 10:50:20.973,1.47893,1.47918,1.75,1.37
2015.09.22 10:50:21.024,1.47895,1.4792,1.87,1.50
2015.09.22 10:50:21.628,1.47895,1.47922,1.87,1.37
2015.09.22 10:50:22.234,1.47899,1.47922,1.00,1.37
2015.09.22 10:50:23.493,1.47895,1.47921,2.62,1.50
2015.09.22 10:50:24.746,1.479,1.47922,1.00,1.50
2015.09.22 10:50:26.512,1.47891,1.47918,1.75,2.25
2015.09.22 10:50:26.565,1.47891,1.47918,1.75,1.87
2015.09.22 10:50:27.448,1.4789,1.47918,2.25,1.50
2015.09.22 10:50:28.082,1.4789,1.47915,1.75,1.37
2015.09.22 10:50:28.336,1.47889,1.47915,1.12,1.37
2015.09.22 10:50:28.844,1.47887,1.47915,2.25,1.37
2015.09.22 10:50:29.916,1.47887,1.47915,1.87,1.37
2015.09.22 10:50:29.978,1.47889,1.47915,1.00,1.37
2015.09.22 10:50:30.080,1.47887,1.47915,1.75,1.37
2015.09.22 10:50:30.598,1.47887,1.47914,1.75,1.37
2015.09.22 10:50:32.774,1.47886,1.47913,2.25,1.75
2015.09.22 10:50:33.284,1.47888,1.47914,1.37,1.50
2015.09.22 10:50:33.336,1.47888,1.47914,1.75,1.12
2015.09.22 10:50:33.387,1.47889,1.47915,1.75,1.50
2015.09.22 10:50:33.878,1.47886,1.47914,2.25,2.62
2015.09.22 10:50:34.882,1.47884,1.47902,1.37,1.00
2015.09.22 10:50:34.935,1.47879,1.47902,1.00,1.37
2015.09.22 10:50:34.987,1.47877,1.479,1.12,1.37
2015.09.22 10:50:35.091,1.47873,1.47901,1.50,1.75
2015.09.22 10:50:36.084,1.47873,1.47901,1.50,2.25
2015.09.22 10:50:36.502,1.47873,1.47901,1.50,3.37
2015.09.22 10:50:37.011,1.4787,1.47898,2.25,1.87
2015.09.22 10:50:37.562,1.4787,1.47898,1.75,2.25
2015.09.22 10:50:37.919,1.47876,1.47899,1.37,2.25
2015.09.22 10:50:37.971,1.47873,1.47899,1.87,2.25
2015.09.22 10:50:38.022,1.47873,1.47898,1.37,1.12
2015.09.22 10:50:38.073,1.47871,1.47897,1.00,1.37
2015.09.22 10:50:38.226,1.47867,1.47892,1.37,1.37
2015.09.22 10:50:38.378,1.47865,1.4789,1.12,1.12
2015.09.22 10:50:39.119,1.47863,1.47887,2.62,1.12
2015.09.22 10:50:39.744,1.47864,1.47886,1.12,1.50
2015.09.22 10:50:39.848,1.47859,1.47879,1.12,1.00
2015.09.22 10:50:39.899,1.47859,1.47879,1.00,1.12
2015.09.22 10:50:40.288,1.47857,1.47878,1.12,1.12
2015.09.22 10:50:40.953,1.47856,1.47877,1.00,1.37
2015.09.22 10:50:42.030,1.47855,1.47878,1.12,1.75
2015.09.22 10:50:46.092,1.47856,1.47878,1.12,1.12
2015.09.22 10:50:47.267,1.47856,1.47878,2.25,1.12
2015.09.22 10:50:47.419,1.47859,1.47881,1.37,1.87
2015.09.22 10:50:50.601,1.47859,1.47881,1.37,1.75
2015.09.22 10:50:51.132,1.47859,1.47881,1.37,1.75
2015.09.22 10:50:51.647,1.47859,1.47881,1.37,1.75
2015.09.22 10:50:51.901,1.47857,1.47877,1.00,1.00
2015.09.22 10:50:51.953,1.47857,1.47877,1.00,1.37
2015.09.22 10:50:52.309,1.47856,1.47878,1.37,1.75
2015.09.22 10:50:53.791,1.47856,1.47878,1.12,1.75
2015.09.22 10:50:54.099,1.47856,1.47878,3.00,1.12
2015.09.22 10:50:54.201,1.47863,1.47883,1.37,1.00
2015.09.22 10:50:54.303,1.47865,1.47886,1.37,1.50
2015.09.22 10:50:54.650,1.47866,1.47886,1.00,1.12
2015.09.22 10:50:54.904,1.47865,1.47886,1.12,1.00
2015.09.22 10:50:55.208,1.47865,1.47887,1.37,1.12
2015.09.22 10:50:55.410,1.47861,1.47881,1.00,1.12
2015.09.22 10:50:55.462,1.47857,1.47881,1.75,1.12
2015.09.22 10:50:56.126,1.47858,1.4788,1.37,1.12
2015.09.22 10:50:56.431,1.47859,1.47879,1.37,1.00
2015.09.22 10:50:56.839,1.47861,1.47881,1.37,1.00
2015.09.22 10:50:57.354,1.47862,1.47882,1.37,1.00
2015.09.22 10:50:57.962,1.47863,1.47883,1.00,1.75
2015.09.22 10:50:58.267,1.47861,1.47882,1.37,1.75
2015.09.22 10:50:58.945,1.47859,1.47882,1.12,1.12
2015.09.22 10:50:58.996,1.47861,1.47883,2.25,1.12
2015.09.22 10:50:59.048,1.47862,1.47884,1.00,1.75
2015.09.22 10:50:59.099,1.47863,1.47884,1.37,1.12
2015.09.22 10:50:59.201,1.47865,1.47886,1.00,1.12
2015.09.22 10:50:59.506,1.47866,1.47891,2.25,2.25
2015.09.22 10:51:00.124,1.47866,1.47886,1.87,1.00
2015.09.22 10:51:00.429,1.47864,1.47886,1.37,1.00
2015.09.22 10:51:00.531,1.47865,1.47886,1.50,1.00
2015.09.22 10:51:00.633,1.47868,1.47888,1.00,1.12
2015.09.22 10:51:00.735,1.47869,1.47892,1.50,1.75
2015.09.22 10:51:00.837,1.47869,1.4789,1.50,1.00
2015.09.22 10:51:01.537,1.4787,1.47891,1.12,1.37
2015.09.22 10:51:02.931,1.47872,1.47892,1.00,1.00
2015.09.22 10:51:03.450,1.47872,1.47893,1.37,1.37
2015.09.22 10:51:03.973,1.47872,1.47894,1.12,1.37
2015.09.22 10:51:04.442,1.47871,1.47893,1.12,1.12
2015.09.22 10:51:04.848,1.47871,1.47892,1.00,1.12
2015.09.22 10:51:05.353,1.4787,1.47892,1.75,1.37
2015.09.22 10:51:06.164,1.4787,1.47892,1.12,1.37
2015.09.22 10:51:06.368,1.47869,1.47891,1.37,1.75
2015.09.22 10:51:06.621,1.4787,1.47892,1.12,1.37
2015.09.22 10:51:07.542,1.47871,1.47892,1.12,1.12
2015.09.22 10:51:07.848,1.47879,1.479,1.12,1.12
2015.09.22 10:51:07.899,1.47882,1.47902,1.00,1.87
2015.09.22 10:51:08.104,1.47881,1.47902,1.12,1.00
2015.09.22 10:51:09.982,1.47882,1.47902,1.12,1.00
2015.09.22 10:51:10.033,1.47882,1.479,1.12,1.00
2015.09.22 10:51:10.399,1.47879,1.47901,1.37,1.37
2015.09.22 10:51:10.453,1.47879,1.47901,1.50,1.12
2015.09.22 10:51:10.708,1.47879,1.47901,1.37,1.37
2015.09.22 10:51:10.759,1.47879,1.47901,1.50,1.12
2015.09.22 10:51:11.629,1.47879,1.47902,1.75,1.75
2015.09.22 10:51:12.524,1.47879,1.47902,2.25,1.75
2015.09.22 10:51:13.065,1.47881,1.47903,1.75,1.75
2015.09.22 10:51:13.637,1.47881,1.47903,1.75,1.75
2015.09.22 10:51:13.948,1.47883,1.47903,1.02,1.12
2015.09.22 10:51:14.899,1.47883,1.47902,1.02,1.00
2015.09.22 10:51:16.398,1.47883,1.47905,1.02,1.75
2015.09.22 10:51:16.905,1.47883,1.47905,1.02,1.75
2015.09.22 10:51:17.361,1.47882,1.47901,1.37,1.00
2015.09.22 10:51:17.894,1.4788,1.47901,1.12,1.37
2015.09.22 10:51:18.659,1.47879,1.47901,1.37,1.87
2015.09.22 10:51:18.711,1.47879,1.479,1.12,1.37
2015.09.22 10:51:19.516,1.47879,1.47899,1.12,1.00
2015.09.22 10:51:19.567,1.47876,1.47897,1.12,1.50
2015.09.22 10:51:20.176,1.47876,1.47897,1.12,2.25
2015.09.22 10:51:20.898,1.47874,1.47894,1.50,1.37
2015.09.22 10:51:23.794,1.47873,1.47893,1.87,1.00
2015.09.22 10:51:24.404,1.47874,1.47895,1.12,1.50
2015.09.22 10:51:25.012,1.47877,1.47896,1.37,1.37
2015.09.22 10:51:25.539,1.47876,1.47895,1.12,1.37
2015.09.22 10:51:26.342,1.47875,1.47895,1.75,1.12
2015.09.22 10:51:27.481,1.47875,1.47895,1.75,1.37
2015.09.22 10:51:29.177,1.47877,1.47897,1.87,1.00
2015.09.22 10:51:29.695,1.4788,1.47897,1.00,1.00
2015.09.22 10:51:30.451,1.47878,1.47898,1.50,1.37
2015.09.22 10:51:31.013,1.47878,1.47898,1.50,1.37
2015.09.22 10:51:31.521,1.47877,1.47897,1.00,1.50
2015.09.22 10:51:32.175,1.47876,1.47897,1.00,1.50
2015.09.22 10:51:32.683,1.47874,1.47897,1.87,1.75
2015.09.22 10:51:32.836,1.47875,1.47897,1.12,3.75
2015.09.22 10:51:33.215,1.4787,1.47888,1.00,1.75
2015.09.22 10:51:33.266,1.47868,1.47888,1.00,1.75
2015.09.22 10:51:33.931,1.47868,1.47888,1.50,1.12
2015.09.22 10:51:34.139,1.4787,1.4789,1.37,1.12
2015.09.22 10:51:34.648,1.4787,1.47892,1.50,1.75
2015.09.22 10:51:34.749,1.47871,1.47892,1.12,1.37
2015.09.22 10:51:34.801,1.47873,1.47893,1.00,1.12
2015.09.22 10:51:35.277,1.47882,1.47904,1.50,1.75
2015.09.22 10:51:35.331,1.47882,1.47904,1.87,1.12
2015.09.22 10:51:35.843,1.47889,1.47909,1.00,1.37
2015.09.22 10:51:35.895,1.47889,1.47909,1.00,1.37
2015.09.22 10:51:36.609,1.47891,1.4791,1.00,1.50
2015.09.22 10:51:36.870,1.47891,1.4791,1.00,1.50
2015.09.22 10:51:37.123,1.47891,1.4791,1.00,1.87
2015.09.22 10:51:37.174,1.47889,1.47909,1.12,1.37
2015.09.22 10:51:37.327,1.47888,1.47907,1.12,1.37
2015.09.22 10:51:37.430,1.47888,1.47908,1.87,1.00
2015.09.22 10:51:38.222,1.47889,1.47909,1.37,1.12
2015.09.22 10:51:38.882,1.47889,1.4791,1.87,1.12
2015.09.22 10:51:39.035,1.47886,1.47907,1.00,1.75
2015.09.22 10:51:39.567,1.47884,1.47905,1.87,1.37
2015.09.22 10:51:39.872,1.47883,1.47905,1.12,1.12
2015.09.22 10:51:40.385,1.47884,1.47905,1.12,1.37
2015.09.22 10:51:40.845,1.4789,1.47909,1.00,1.50
2015.09.22 10:51:41.201,1.4789,1.4791,1.37,1.12
2015.09.22 10:51:41.708,1.4789,1.4791,1.12,1.50
2015.09.22 10:51:42.301,1.4789,1.4791,1.12,1.50
2015.09.22 10:51:42.661,1.47888,1.47907,1.00,1.37
2015.09.22 10:51:42.814,1.47886,1.47907,1.00,1.37
2015.09.22 10:51:42.866,1.47886,1.47906,1.00,1.87
2015.09.22 10:51:42.917,1.47881,1.47901,1.87,1.87
2015.09.22 10:51:43.968,1.47882,1.47901,1.00,1.87
2015.09.22 10:51:44.375,1.4788,1.479,1.00,1.37
2015.09.22 10:51:44.934,1.47882,1.479,1.00,1.37
2015.09.22 10:51:45.496,1.47885,1.47904,1.87,1.12
2015.09.22 10:51:45.802,1.47888,1.47908,1.50,1.75
2015.09.22 10:51:46.057,1.4789,1.47908,1.00,1.12
2015.09.22 10:51:46.261,1.47887,1.47906,1.50,1.37
2015.09.22 10:51:47.032,1.47887,1.47905,1.00,1.37
2015.09.22 10:51:47.641,1.47887,1.47905,1.50,1.00
2015.09.22 10:51:48.678,1.47895,1.47915,1.75,1.12
2015.09.22 10:51:48.885,1.47896,1.47917,1.37,1.00
2015.09.22 10:51:48.937,1.47897,1.47919,1.12,1.12
2015.09.22 10:51:49.091,1.47898,1.4792,1.37,1.37
2015.09.22 10:51:49.142,1.47899,1.47921,1.12,1.37
2015.09.22 10:51:49.903,1.479,1.47922,1.37,1.50
2015.09.22 10:51:50.415,1.479,1.47921,1.37,1.37
2015.09.22 10:51:51.523,1.47903,1.47923,1.12,1.50
2015.09.22 10:51:51.879,1.47903,1.47923,1.50,1.00
2015.09.22 10:51:52.437,1.47905,1.47923,1.00,1.00
2015.09.22 10:51:53.489,1.47905,1.47925,1.37,1.75
2015.09.22 10:51:53.540,1.47907,1.47925,1.12,1.00
2015.09.22 10:51:54.098,1.47904,1.47925,1.87,1.50
2015.09.22 10:51:54.483,1.47904,1.47923,1.87,1.00
2015.09.22 10:51:55.802,1.47904,1.47923,1.50,1.00
2015.09.22 10:51:56.056,1.47904,1.47924,1.75,1.00
2015.09.22 10:51:56.410,1.47908,1.47924,1.00,1.00
2015.09.22 10:51:57.449,1.47909,1.47928,1.00,2.25
2015.09.22 10:51:57.996,1.47908,1.47928,1.00,2.25
2015.09.22 10:51:58.505,1.47908,1.47928,1.00,2.25
2015.09.22 10:51:59.345,1.47908,1.47927,1.00,1.50
2015.09.22 10:52:00.243,1.47907,1.47924,1.12,1.12
2015.09.22 10:52:00.786,1.47908,1.47925,1.00,1.12
2015.09.22 10:52:01.561,1.47906,1.47924,1.00,1.00
2015.09.22 10:52:02.263,1.47905,1.47924,1.12,1.00
2015.09.22 10:52:02.518,1.47904,1.47924,1.50,1.75
2015.09.22 10:52:02.672,1.47899,1.47918,1.12,1.00
2015.09.22 10:52:02.774,1.47895,1.47919,2.25,1.75
2015.09.22 10:52:03.425,1.47895,1.47916,1.75,1.00
2015.09.22 10:52:05.525,1.47895,1.47917,1.87,1.87
2015.09.22 10:52:06.590,1.47895,1.47916,1.87,1.50
2015.09.22 10:52:07.415,1.47893,1.47916,1.75,2.25
2015.09.22 10:52:08.819,1.47894,1.47914,1.50,1.12
2015.09.22 10:52:09.988,1.47894,1.47914,1.50,1.37
2015.09.22 10:52:10.709,1.47893,1.47913,1.50,1.50
2015.09.22 10:52:11.218,1.47893,1.47913,1.00,1.75
2015.09.22 10:52:11.827,1.47893,1.47913,1.50,1.50
2015.09.22 10:52:18.448,1.47893,1.47913,1.00,1.75
2015.09.22 10:52:20.638,1.47892,1.47912,1.87,1.37
2015.09.22 10:52:22.744,1.47892,1.47913,1.12,1.37
2015.09.22 10:52:23.211,1.4789,1.47909,1.37,1.12
2015.09.22 10:52:23.262,1.47886,1.47907,1.00,1.12
2015.09.22 10:52:23.465,1.47881,1.47903,1.12,1.00
2015.09.22 10:52:23.516,1.47879,1.47903,1.87,1.75
2015.09.22 10:52:23.567,1.47878,1.479,2.32,1.12
2015.09.22 10:52:24.174,1.47878,1.47899,1.12,1.12
2015.09.22 10:52:25.761,1.47879,1.47898,1.00,1.12
2015.09.22 10:52:26.613,1.47879,1.47897,1.00,1.00
2015.09.22 10:52:27.343,1.47879,1.479,1.87,1.75
2015.09.22 10:52:27.599,1.47881,1.479,1.12,1.00
2015.09.22 10:52:28.148,1.47882,1.479,1.00,1.12
2015.09.22 10:52:28.657,1.47883,1.479,1.00,1.00
2015.09.22 10:52:29.475,1.47882,1.479,1.00,1.00
2015.09.22 10:52:29.641,1.47884,1.479,1.00,1.00
2015.09.22 10:52:29.793,1.47885,1.47904,1.12,1.87
2015.09.22 10:52:30.302,1.47885,1.47904,1.12,1.37
2015.09.22 10:52:30.354,1.47888,1.47904,1.37,1.00
2015.09.22 10:52:30.802,1.4789,1.4791,1.50,1.37
2015.09.22 10:52:31.160,1.4789,1.4791,1.50,1.00
2015.09.22 10:52:31.364,1.47891,1.47909,1.00,1.37
2015.09.22 10:52:32.162,1.4789,1.47909,1.00,1.37
2015.09.22 10:52:32.669,1.4789,1.47909,1.00,1.12
2015.09.22 10:52:33.024,1.47888,1.47908,1.50,1.12
2015.09.22 10:52:33.126,1.47888,1.47908,1.87,1.00
2015.09.22 10:52:33.645,1.47891,1.4791,1.00,1.87
2015.09.22 10:52:35.265,1.47891,1.47908,1.12,1.00
2015.09.22 10:52:41.964,1.47891,1.4791,1.00,1.00
2015.09.22 10:52:45.082,1.47891,1.4791,1.50,1.00
2015.09.22 10:52:46.082,1.47891,1.4791,1.50,1.50
2015.09.22 10:52:47.555,1.4789,1.47907,1.37,1.00
2015.09.22 10:52:48.087,1.4789,1.47907,1.12,1.00
2015.09.22 10:52:48.804,1.4789,1.47908,1.12,1.00
2015.09.22 10:52:49.728,1.47889,1.47908,1.37,1.37
2015.09.22 10:52:49.905,1.47889,1.47908,1.37,1.00
2015.09.22 10:52:50.527,1.47889,1.47908,1.12,1.00
2015.09.22 10:52:51.467,1.47893,1.47908,1.00,1.00
2015.09.22 10:52:51.671,1.47896,1.47917,1.50,2.25
2015.09.22 10:52:51.823,1.47896,1.47918,1.75,1.37
2015.09.22 10:52:52.130,1.47898,1.47918,1.37,1.37
2015.09.22 10:52:52.181,1.47901,1.47922,1.00,1.37
2015.09.22 10:52:52.233,1.479,1.47922,1.12,1.75
2015.09.22 10:52:52.538,1.47902,1.47923,1.00,3.37
2015.09.22 10:52:52.589,1.47902,1.47922,1.37,1.00
2015.09.22 10:52:55.837,1.47902,1.47924,1.87,1.12
2015.09.22 10:52:55.991,1.47904,1.47925,1.50,1.00
2015.09.22 10:52:56.601,1.47904,1.47925,1.00,1.37
2015.09.22 10:52:57.643,1.47905,1.47923,1.00,1.00
2015.09.22 10:52:57.983,1.4791,1.47928,1.00,1.50
2015.09.22 10:52:58.034,1.4791,1.47928,1.37,1.00
2015.09.22 10:52:58.137,1.47911,1.47932,1.37,1.87
2015.09.22 10:52:58.239,1.47913,1.47932,1.00,1.37
2015.09.22 10:52:58.841,1.47913,1.47933,1.00,1.37
2015.09.22 10:52:59.528,1.47912,1.47931,1.12,1.00
2015.09.22 10:53:00.035,1.4791,1.47931,1.12,1.37
2015.09.22 10:53:00.448,1.47909,1.4793,1.87,1.50
2015.09.22 10:53:00.551,1.47909,1.4793,1.50,1.87
2015.09.22 10:53:00.705,1.47909,1.4793,1.87,1.50
2015.09.22 10:53:00.858,1.4791,1.47932,1.87,2.25
2015.09.22 10:53:01.543,1.47911,1.47932,1.50,1.12
2015.09.22 10:53:02.165,1.4791,1.47932,3.00,1.12
2015.09.22 10:53:02.689,1.47914,1.47932,1.00,1.12
2015.09.22 10:53:03.348,1.47912,1.47932,1.87,1.12
2015.09.22 10:53:03.450,1.47914,1.47935,2.25,1.12
2015.09.22 10:53:03.835,1.47917,1.47938,1.12,1.75
2015.09.22 10:53:04.607,1.47916,1.47937,1.12,1.12
2015.09.22 10:53:04.658,1.47917,1.47937,1.00,1.12
2015.09.22 10:53:04.760,1.47914,1.47935,1.37,1.37
2015.09.22 10:53:04.811,1.47913,1.47935,1.12,1.75
2015.09.22 10:53:05.834,1.47916,1.47935,1.12,1.12
2015.09.22 10:53:07.409,1.47916,1.47935,1.75,1.12
2015.09.22 10:53:07.570,1.47917,1.47935,1.00,1.12
2015.09.22 10:53:08.375,1.47916,1.47935,1.12,1.12
2015.09.22 10:53:08.925,1.47913,1.47933,1.50,1.12
2015.09.22 10:53:09.234,1.47918,1.47932,1.00,1.12
2015.09.22 10:53:09.438,1.47918,1.47935,1.00,1.12
2015.09.22 10:53:10.446,1.47915,1.47935,1.37,1.12
2015.09.22 10:53:10.607,1.47913,1.47933,1.87,1.37
2015.09.22 10:53:10.658,1.47913,1.47932,1.12,1.75
2015.09.22 10:53:11.281,1.47913,1.47932,1.37,2.25
2015.09.22 10:53:11.586,1.47913,1.47931,1.00,1.75
2015.09.22 10:53:12.094,1.4791,1.4793,1.50,1.12
2015.09.22 10:53:12.248,1.47911,1.47931,1.12,1.87
2015.09.22 10:53:12.756,1.4791,1.47929,1.00,1.12
2015.09.22 10:53:13.286,1.4791,1.4793,1.37,1.00
2015.09.22 10:53:13.819,1.47911,1.47931,1.37,1.12
2015.09.22 10:53:14.337,1.47911,1.4793,1.12,1.00
2015.09.22 10:53:14.842,1.47911,1.47932,1.12,1.87
2015.09.22 10:53:16.972,1.47911,1.47932,1.12,1.50
2015.09.22 10:53:17.502,1.47912,1.47931,1.00,1.12
2015.09.22 10:53:17.864,1.47913,1.47933,1.00,2.25
2015.09.22 10:53:18.593,1.47913,1.47933,1.87,1.00
2015.09.22 10:53:19.116,1.47913,1.47934,1.75,1.00
2015.09.22 10:53:20.282,1.47913,1.47935,2.25,1.87
2015.09.22 10:53:21.180,1.47913,1.47934,1.50,1.37
2015.09.22 10:53:21.846,1.47911,1.47932,1.37,1.50
2015.09.22 10:53:22.396,1.47911,1.47932,1.37,1.50
2015.09.22 10:53:22.940,1.47911,1.4793,1.37,1.00
2015.09.22 10:53:25.578,1.47911,1.47927,1.37,1.00
2015.09.22 10:53:25.730,1.47903,1.47922,1.37,1.87
2015.09.22 10:53:25.882,1.47901,1.47922,1.12,1.87
2015.09.22 10:53:25.933,1.47902,1.47922,1.50,1.87
2015.09.22 10:53:26.085,1.47907,1.47927,1.00,1.87
2015.09.22 10:53:26.136,1.47907,1.47927,1.37,1.87
2015.09.22 10:53:26.643,1.47907,1.47928,1.50,1.50
2015.09.22 10:53:27.436,1.47909,1.47928,1.12,1.00
2015.09.22 10:53:29.723,1.47911,1.47932,2.25,1.75
2015.09.22 10:53:29.774,1.47911,1.47932,2.62,1.37
2015.09.22 10:53:32.030,1.47913,1.47933,1.37,1.75
2015.09.22 10:53:32.183,1.47919,1.47933,1.00,1.75
2015.09.22 10:53:32.285,1.47919,1.47937,1.75,1.37
2015.09.22 10:53:32.387,1.47921,1.4794,1.00,1.12
2015.09.22 10:53:32.756,1.47922,1.4794,1.37,1.00
2015.09.22 10:53:33.293,1.47924,1.4794,1.50,1.00
2015.09.22 10:53:33.496,1.47924,1.47945,2.25,1.75
2015.09.22 10:53:34.012,1.47924,1.47944,1.12,1.12
2015.09.22 10:53:34.072,1.47924,1.47942,1.12,1.12
2015.09.22 10:53:34.789,1.47922,1.47941,1.12,1.75
2015.09.22 10:53:35.093,1.47919,1.47938,2.25,1.50
2015.09.22 10:53:35.148,1.47919,1.47938,1.50,2.25
2015.09.22 10:53:35.505,1.47914,1.47933,1.75,1.12
2015.09.22 10:53:35.607,1.47914,1.47932,1.50,1.50
2015.09.22 10:53:35.861,1.47914,1.47934,2.25,1.87
2015.09.22 10:53:37.096,1.47914,1.47932,1.37,1.12
2015.09.22 10:53:37.300,1.47917,1.47936,1.00,1.50
2015.09.22 10:53:37.403,1.47915,1.47937,1.75,1.75
2015.09.22 10:53:37.708,1.47916,1.47933,1.50,1.12
2015.09.22 10:53:38.432,1.47916,1.47933,1.37,1.12
2015.09.22 10:53:38.584,1.47919,1.47936,1.00,1.00
2015.09.22 10:53:39.091,1.47919,1.47939,1.37,1.12
2015.09.22 10:53:39.937,1.47916,1.47936,2.25,1.37
2015.09.22 10:53:40.040,1.47916,1.47935,1.50,1.37
2015.09.22 10:53:40.193,1.47914,1.47933,1.00,1.37
2015.09.22 10:53:40.506,1.47912,1.47934,1.50,2.25
2015.09.22 10:53:40.660,1.47912,1.47931,1.00,1.37
2015.09.22 10:53:40.864,1.4791,1.47931,1.50,1.75
2015.09.22 10:53:41.517,1.4791,1.4793,1.12,1.12
2015.09.22 10:53:42.213,1.4791,1.4793,1.37,1.12
2015.09.22 10:53:46.574,1.4791,1.4793,1.00,1.12
2015.09.22 10:53:47.545,1.4791,1.4793,1.37,1.12
2015.09.22 10:53:48.172,1.4791,1.4793,1.37,1.12
2015.09.22 10:53:48.274,1.4791,1.47931,2.25,1.12
2015.09.22 10:53:48.325,1.47911,1.47933,1.37,1.12
2015.09.22 10:53:49.017,1.47911,1.47932,1.12,1.50
2015.09.22 10:53:49.274,1.47911,1.4793,1.12,1.37
2015.09.22 10:53:49.427,1.47911,1.47931,1.00,1.00
2015.09.22 10:53:49.681,1.47909,1.4793,1.37,1.37
2015.09.22 10:53:49.783,1.47908,1.47929,1.50,1.12
2015.09.22 10:53:49.986,1.47909,1.47929,1.12,1.12
2015.09.22 10:53:50.357,1.47909,1.47931,1.50,1.87
2015.09.22 10:53:50.409,1.47909,1.47931,1.87,1.50
2015.09.22 10:53:50.944,1.4791,1.47932,1.00,2.25
2015.09.22 10:53:51.300,1.47909,1.47929,1.50,1.37
2015.09.22 10:53:51.823,1.47908,1.47927,1.87,1.00
2015.09.22 10:53:52.298,1.47907,1.47927,1.00,2.62
2015.09.22 10:53:52.400,1.47901,1.47921,3.00,1.50
2015.09.22 10:53:52.452,1.47901,1.47919,1.87,1.00
2015.09.22 10:53:52.657,1.47904,1.4792,1.00,1.37
2015.09.22 10:53:53.004,1.47905,1.47926,1.00,1.87
2015.09.22 10:53:53.526,1.47905,1.47927,1.37,1.87
2015.09.22 10:53:54.056,1.47906,1.47927,1.37,1.12
2015.09.22 10:53:55.624,1.47906,1.47925,1.00,1.50
2015.09.22 10:53:55.675,1.47906,1.47925,1.00,1.87
2015.09.22 10:53:56.131,1.47906,1.47927,1.00,2.25
2015.09.22 10:53:56.578,1.47904,1.47925,1.75,1.87
2015.09.22 10:53:56.886,1.47906,1.47926,1.75,1.37
2015.09.22 10:53:57.039,1.47907,1.47929,1.12,2.62
2015.09.22 10:53:57.545,1.47906,1.47926,1.50,1.00
2015.09.22 10:53:57.698,1.47906,1.47926,1.00,2.25
2015.09.22 10:53:58.689,1.47904,1.47925,1.87,1.37
2015.09.22 10:54:00.149,1.47903,1.47924,1.37,1.87
2015.09.22 10:54:00.252,1.47902,1.47922,1.00,1.87
2015.09.22 10:54:00.455,1.479,1.4792,1.50,1.87
2015.09.22 10:54:00.763,1.479,1.47918,2.25,1.12
2015.09.22 10:54:00.918,1.479,1.47921,1.50,1.12
2015.09.22 10:54:02.555,1.479,1.47921,1.00,2.25
2015.09.22 10:54:04.054,1.47899,1.47921,1.12,2.25
2015.09.22 10:54:10.040,1.47899,1.47921,1.37,1.12
2015.09.22 10:54:11.685,1.479,1.47918,1.12,1.50
2015.09.22 10:54:12.206,1.47898,1.47918,1.75,1.75
2015.09.22 10:54:12.708,1.47898,1.47919,2.25,1.75
2015.09.22 10:54:13.216,1.47898,1.47918,2.25,1.12
2015.09.22 10:54:14.542,1.47899,1.47917,1.00,1.37
2015.09.22 10:54:15.660,1.47898,1.47917,1.12,1.37
2015.09.22 10:54:16.172,1.47897,1.47917,1.12,1.87
2015.09.22 10:54:19.224,1.47896,1.47917,1.87,1.87
2015.09.22 10:54:19.821,1.47897,1.47917,1.50,1.37
2015.09.22 10:54:20.327,1.47898,1.47917,1.00,1.37
2015.09.22 10:54:21.202,1.47898,1.47918,1.37,1.75
2015.09.22 10:54:23.755,1.47898,1.47919,1.50,1.50
2015.09.22 10:54:24.263,1.479,1.47919,1.00,1.50
2015.09.22 10:54:25.401,1.47902,1.47921,1.37,1.87
2015.09.22 10:54:25.504,1.47903,1.47924,1.37,1.12
2015.09.22 10:54:25.657,1.47905,1.47927,1.37,2.25
2015.09.22 10:54:26.024,1.47906,1.47927,1.37,1.37
2015.09.22 10:54:26.633,1.47906,1.47926,1.37,1.00
2015.09.22 10:54:26.938,1.47904,1.47921,1.00,1.00
2015.09.22 10:54:27.091,1.47903,1.47923,1.37,1.00
2015.09.22 10:54:27.345,1.47904,1.47925,1.50,2.62
2015.09.22 10:54:27.497,1.47906,1.47925,1.00,1.50
2015.09.22 10:54:28.212,1.47906,1.47924,1.00,1.12
2015.09.22 10:54:28.836,1.47904,1.47925,1.37,3.00
2015.09.22 10:54:29.347,1.47905,1.47924,1.00,1.00
2015.09.22 10:54:30.146,1.47903,1.47924,1.37,2.62
2015.09.22 10:54:30.198,1.47905,1.47924,1.00,1.37
2015.09.22 10:54:30.714,1.47904,1.47926,1.12,1.50
2015.09.22 10:54:30.969,1.47904,1.4792,1.12,1.00
2015.09.22 10:54:31.442,1.47899,1.4792,2.62,1.87
2015.09.22 10:54:31.494,1.47899,1.47919,1.37,1.75
2015.09.22 10:54:32.281,1.47899,1.47917,1.37,1.12
2015.09.22 10:54:32.818,1.47899,1.47919,1.87,1.12
2015.09.22 10:54:32.869,1.479,1.47921,2.25,1.50
2015.09.22 10:54:33.224,1.47903,1.47924,1.50,1.37
2015.09.22 10:54:33.545,1.47903,1.47925,2.25,1.37
2015.09.22 10:54:34.199,1.47903,1.4792,1.87,1.37
2015.09.22 10:54:34.590,1.479,1.47919,1.87,1.37
2015.09.22 10:54:34.641,1.47897,1.47921,1.87,1.12
2015.09.22 10:54:34.946,1.47895,1.47912,1.12,1.00
2015.09.22 10:54:35.048,1.47892,1.47911,1.87,1.00
2015.09.22 10:54:35.099,1.47892,1.47911,1.50,1.00
2015.09.22 10:54:35.150,1.47892,1.47909,1.37,1.00
2015.09.22 10:54:35.656,1.47888,1.47908,1.12,1.00
2015.09.22 10:54:36.173,1.47887,1.47908,1.75,1.00
2015.09.22 10:54:36.678,1.47887,1.47909,2.62,1.12
2015.09.22 10:54:36.729,1.47892,1.47909,1.37,1.12
2015.09.22 10:54:37.142,1.47892,1.47915,3.00,2.62
2015.09.22 10:54:37.851,1.47894,1.47913,1.37,1.12
2015.09.22 10:54:37.902,1.47895,1.47915,1.12,2.25
2015.09.22 10:54:38.399,1.47897,1.47917,1.00,2.62
2015.09.22 10:54:40.286,1.47897,1.47918,1.00,1.75
2015.09.22 10:54:41.158,1.47899,1.47918,1.37,1.37
2015.09.22 10:54:41.312,1.47901,1.47922,1.12,1.00
2015.09.22 10:54:41.363,1.47902,1.47922,1.37,1.00
2015.09.22 10:54:41.882,1.479,1.47921,1.37,1.12
2015.09.22 10:54:42.188,1.479,1.47918,1.37,1.00
2015.09.22 10:54:42.495,1.47896,1.4791,1.37,1.00
2015.09.22 10:54:42.546,1.47896,1.4791,1.00,1.00
2015.09.22 10:54:42.699,1.47894,1.4791,1.12,1.00
2015.09.22 10:54:43.098,1.47894,1.47913,1.00,1.00
2015.09.22 10:54:43.150,1.47894,1.47915,1.37,1.87
2015.09.22 10:54:43.303,1.47896,1.47915,1.00,1.12
2015.09.22 10:54:43.405,1.47893,1.47915,1.87,2.25
2015.09.22 10:54:43.912,1.47893,1.47915,1.75,1.87
2015.09.22 10:54:44.600,1.47893,1.47915,2.25,1.37
2015.09.22 10:54:44.905,1.4789,1.4791,1.50,1.37
2015.09.22 10:54:45.109,1.47887,1.47909,1.00,1.50
2015.09.22 10:54:45.363,1.47887,1.47908,1.75,1.37
2015.09.22 10:54:45.920,1.47886,1.47907,1.12,1.37
2015.09.22 10:54:46.123,1.47885,1.47903,1.00,1.00
2015.09.22 10:54:46.276,1.47882,1.47901,1.87,1.00
2015.09.22 10:54:46.826,1.47882,1.47902,1.12,1.00
2015.09.22 10:54:46.935,1.47882,1.47902,1.37,1.00
2015.09.22 10:54:47.520,1.47882,1.47903,1.12,1.12
2015.09.22 10:54:48.321,1.47881,1.47903,1.87,1.12
2015.09.22 10:54:48.372,1.47881,1.47904,1.87,1.75
2015.09.22 10:54:48.423,1.47882,1.47904,1.37,1.50
2015.09.22 10:54:49.070,1.47882,1.47904,1.37,1.75
2015.09.22 10:54:49.578,1.47881,1.47901,1.87,1.00
2015.09.22 10:54:50.160,1.47882,1.47901,1.00,1.12
2015.09.22 10:54:50.599,1.47881,1.47901,1.75,1.12
2015.09.22 10:54:50.655,1.47881,1.47901,1.37,1.12
2015.09.22 10:54:51.177,1.4788,1.479,1.37,1.00
2015.09.22 10:54:51.433,1.47879,1.47901,1.12,1.75
2015.09.22 10:54:51.637,1.47877,1.47898,1.37,1.12
2015.09.22 10:54:52.182,1.47878,1.47898,1.00,1.37
2015.09.22 10:54:53.912,1.4788,1.47899,1.00,1.50
2015.09.22 10:54:55.978,1.47879,1.479,1.37,1.87
2015.09.22 10:54:56.869,1.47877,1.47898,1.12,1.00
2015.09.22 10:54:57.413,1.4788,1.47899,1.00,1.00
2015.09.22 10:54:57.718,1.47882,1.47902,1.37,1.00
2015.09.22 10:54:58.674,1.47882,1.47903,1.37,1.12
2015.09.22 10:54:59.434,1.47882,1.47902,1.37,1.00
2015.09.22 10:54:59.960,1.47882,1.47902,1.37,1.00
2015.09.22 10:55:00.478,1.47882,1.47903,1.37,1.87
2015.09.22 10:55:01.109,1.47881,1.47903,1.12,1.12
2015.09.22 10:55:01.618,1.47881,1.47902,1.12,1.50
2015.09.22 10:55:01.772,1.47882,1.47903,1.00,1.12
2015.09.22 10:55:02.295,1.4788,1.479,1.87,1.00
2015.09.22 10:55:04.065,1.47881,1.479,1.00,1.00
2015.09.22 10:55:07.610,1.4788,1.47901,1.00,1.12
2015.09.22 10:55:08.798,1.47879,1.47901,1.50,1.12
2015.09.22 10:55:10.269,1.4788,1.47901,1.00,1.12
2015.09.22 10:55:12.377,1.4788,1.479,1.37,1.00
2015.09.22 10:55:13.802,1.47881,1.47902,1.50,1.75
2015.09.22 10:55:17.419,1.4788,1.47901,1.87,1.37
2015.09.22 10:55:17.926,1.4788,1.479,1.12,1.50
2015.09.22 10:55:18.659,1.4788,1.479,1.00,1.50
2015.09.22 10:55:20.724,1.47876,1.47898,2.62,1.37
2015.09.22 10:55:21.262,1.47876,1.47893,2.62,1.00
2015.09.22 10:55:21.516,1.47869,1.47891,1.50,1.12
2015.09.22 10:55:21.618,1.47873,1.47894,1.37,1.12
2015.09.22 10:55:21.986,1.47879,1.47899,1.00,1.87
2015.09.22 10:55:22.046,1.47879,1.47899,1.00,1.50
2015.09.22 10:55:22.198,1.4788,1.47901,1.12,1.00
2015.09.22 10:55:22.503,1.4788,1.47896,1.12,1.00
2015.09.22 10:55:22.808,1.47879,1.47897,1.12,1.00
2015.09.22 10:55:23.357,1.47879,1.47898,1.50,1.12
2015.09.22 10:55:23.897,1.47879,1.47897,1.00,1.00
2015.09.22 10:55:25.329,1.47878,1.47898,1.87,1.12
2015.09.22 10:55:25.634,1.4788,1.47899,1.50,1.12
2015.09.22 10:55:26.369,1.4788,1.47899,1.12,1.50
2015.09.22 10:55:26.907,1.4788,1.479,1.50,1.12
2015.09.22 10:55:28.121,1.4788,1.479,1.50,1.00
2015.09.22 10:55:28.628,1.47882,1.47902,1.00,1.75
2015.09.22 10:55:28.831,1.4788,1.479,1.50,1.00
2015.09.22 10:55:31.095,1.47882,1.47902,1.00,1.87
2015.09.22 10:55:31.248,1.47882,1.47902,1.50,1.00
2015.09.22 10:55:31.641,1.47888,1.47908,1.00,1.87
2015.09.22 10:55:31.950,1.47888,1.4791,1.87,1.37
2015.09.22 10:55:32.256,1.47888,1.47907,1.12,1.37
2015.09.22 10:55:32.461,1.47883,1.47905,1.37,1.12
2015.09.22 10:55:32.990,1.47883,1.47906,1.87,1.12
2015.09.22 10:55:33.332,1.47888,1.47906,1.00,1.37
2015.09.22 10:55:33.435,1.47888,1.47908,1.50,1.87
2015.09.22 10:55:33.950,1.47888,1.47908,1.87,1.12
2015.09.22 10:55:34.735,1.47885,1.47903,1.12,1.00
2015.09.22 10:55:34.837,1.47883,1.47903,1.87,1.00
2015.09.22 10:55:35.344,1.47883,1.47903,1.12,1.50
2015.09.22 10:55:35.885,1.47883,1.47903,1.37,1.37
2015.09.22 10:55:36.720,1.47882,1.47903,1.50,1.87
2015.09.22 10:55:36.997,1.47882,1.47902,1.50,1.37
2015.09.22 10:55:40.408,1.47882,1.47903,1.50,2.25
2015.09.22 10:55:40.979,1.47882,1.47902,1.00,1.37
2015.09.22 10:55:41.562,1.47882,1.47902,1.00,1.37
2015.09.22 10:55:42.065,1.47886,1.47902,1.00,1.12
2015.09.22 10:55:42.167,1.47884,1.47903,1.12,1.37
2015.09.22 10:55:43.442,1.47884,1.47903,1.00,1.75
2015.09.22 10:55:45.332,1.47885,1.47903,1.37,1.37
2015.09.22 10:55:45.485,1.47889,1.47907,1.12,1.50
2015.09.22 10:55:46.695,1.47885,1.47907,2.25,1.87
2015.09.22 10:55:46.747,1.47887,1.47903,1.00,1.00
2015.09.22 10:55:47.254,1.47885,1.47906,1.50,2.25
2015.09.22 10:55:47.790,1.47886,1.47906,1.00,2.25
2015.09.22 10:55:48.345,1.47886,1.47905,1.00,1.00
2015.09.22 10:55:49.870,1.47885,1.47905,1.50,1.00
2015.09.22 10:55:50.544,1.47888,1.47906,1.00,1.50
2015.09.22 10:55:51.274,1.47887,1.47907,1.37,1.12
2015.09.22 10:55:51.717,1.4789,1.4791,1.12,1.50
2015.09.22 10:55:51.920,1.47892,1.47912,1.37,1.00
2015.09.22 10:55:52.367,1.47892,1.4791,1.37,1.00
2015.09.22 10:55:52.570,1.47884,1.47906,1.87,1.00
2015.09.22 10:55:52.622,1.47884,1.479,1.87,1.00
2015.09.22 10:55:52.994,1.47876,1.47893,1.00,1.00
2015.09.22 10:55:53.456,1.47871,1.47893,1.50,1.50
2015.09.22 10:55:54.375,1.47873,1.47893,1.00,1.37
2015.09.22 10:55:55.161,1.47872,1.47893,1.50,1.37
2015.09.22 10:55:55.532,1.47874,1.47893,1.00,1.37
2015.09.22 10:55:56.122,1.47872,1.47893,1.50,1.37
2015.09.22 10:55:57.668,1.47875,1.47895,1.12,1.87
2015.09.22 10:55:59.403,1.47874,1.47894,1.87,1.00
2015.09.22 10:56:06.377,1.47874,1.47894,1.50,1.00
2015.09.22 10:56:10.514,1.47874,1.47895,1.12,1.87
2015.09.22 10:56:10.992,1.47877,1.47897,1.37,1.87
2015.09.22 10:56:12.603,1.47877,1.47898,1.37,1.12
2015.09.22 10:56:12.911,1.47875,1.47896,1.50,1.75
2015.09.22 10:56:13.414,1.47876,1.47896,1.12,1.75
2015.09.22 10:56:14.066,1.47876,1.47897,1.87,1.12
2015.09.22 10:56:14.677,1.47877,1.47898,1.50,1.12
2015.09.22 10:56:20.848,1.47877,1.47899,1.87,1.75
2015.09.22 10:56:21.417,1.47878,1.47899,1.00,1.75
2015.09.22 10:56:21.966,1.47877,1.47899,1.87,1.75
2015.09.22 10:56:22.570,1.47878,1.47899,1.00,1.87
2015.09.22 10:56:23.149,1.47878,1.47899,1.50,1.75
2015.09.22 10:56:24.133,1.47878,1.47898,1.00,1.12
2015.09.22 10:56:25.660,1.4788,1.47899,1.37,1.12
2015.09.22 10:56:25.864,1.47888,1.47909,1.87,2.32
2015.09.22 10:56:26.017,1.47888,1.4791,2.25,1.75
2015.09.22 10:56:26.221,1.47889,1.4791,1.87,1.12
2015.09.22 10:56:26.323,1.47889,1.4791,1.87,1.50
2015.09.22 10:56:26.834,1.4789,1.47912,1.00,1.75
2015.09.22 10:56:27.470,1.4789,1.47912,1.37,1.75
2015.09.22 10:56:28.189,1.47889,1.47912,1.50,2.62
2015.09.22 10:56:28.557,1.47889,1.47912,2.25,1.87
2015.09.22 10:56:29.072,1.47892,1.47913,1.37,1.87
2015.09.22 10:56:29.123,1.47893,1.47913,1.00,1.87
2015.09.22 10:56:29.225,1.47893,1.47913,1.50,1.50
2015.09.22 10:56:29.630,1.47893,1.47913,1.12,1.00
2015.09.22 10:56:30.146,1.47893,1.47913,1.12,1.37
2015.09.22 10:56:31.951,1.47893,1.47913,1.50,1.00
2015.09.22 10:56:32.474,1.47893,1.47914,1.12,1.12
2015.09.22 10:56:32.736,1.47891,1.47912,1.12,1.12
2015.09.22 10:56:33.591,1.47891,1.47913,1.12,1.50
2015.09.22 10:56:34.042,1.47895,1.47913,1.00,1.37
2015.09.22 10:56:34.599,1.47895,1.47914,1.12,1.37
2015.09.22 10:56:35.421,1.47896,1.47915,1.00,1.12
2015.09.22 10:56:35.675,1.479,1.47919,1.00,1.37
2015.09.22 10:56:35.727,1.47902,1.4792,1.00,1.87
2015.09.22 10:56:36.238,1.47902,1.47922,1.00,1.75
2015.09.22 10:56:37.253,1.479,1.47921,2.62,1.12
2015.09.22 10:56:37.750,1.47903,1.47921,1.00,1.12
2015.09.22 10:56:37.804,1.47903,1.47923,1.37,1.12
2015.09.22 10:56:38.223,1.47902,1.47923,1.50,1.12
2015.09.22 10:56:38.325,1.47902,1.47922,1.12,1.37
2015.09.22 10:56:39.813,1.47902,1.47921,1.00,1.37
2015.09.22 10:56:40.407,1.47902,1.47921,1.00,1.87
2015.09.22 10:56:41.571,1.47902,1.47921,1.00,2.25
2015.09.22 10:56:42.118,1.47902,1.47921,1.12,1.12
2015.09.22 10:56:42.589,1.47902,1.47921,1.12,1.37
2015.09.22 10:56:43.308,1.47897,1.4791,1.00,1.37
2015.09.22 10:56:43.359,1.47889,1.47909,1.50,1.37
2015.09.22 10:56:43.871,1.47887,1.47907,1.12,1.00
2015.09.22 10:56:44.125,1.47887,1.47909,1.87,1.12
2015.09.22 10:56:44.971,1.47889,1.4791,1.00,1.87
2015.09.22 10:56:45.472,1.47887,1.47909,2.62,1.12
2015.09.22 10:56:45.980,1.47889,1.4791,1.00,2.62
2015.09.22 10:56:46.540,1.47896,1.4791,1.50,1.37
2015.09.22 10:56:46.592,1.47896,1.47918,2.62,2.25
2015.09.22 10:56:47.358,1.47896,1.47917,1.87,1.75
2015.09.22 10:56:47.460,1.47896,1.47917,1.50,1.12
2015.09.22 10:56:48.035,1.47896,1.47914,1.50,1.37
2015.09.22 10:56:48.086,1.47891,1.47911,1.37,1.12
2015.09.22 10:56:48.595,1.47891,1.47911,1.12,1.75
2015.09.22 10:56:48.798,1.47891,1.47909,1.12,1.12
2015.09.22 10:56:48.900,1.4789,1.47909,1.37,1.37
2015.09.22 10:56:52.604,1.47895,1.47908,1.00,1.00
2015.09.22 10:56:52.706,1.47895,1.47912,1.37,1.00
2015.09.22 10:56:53.494,1.47902,1.47918,1.12,1.12
2015.09.22 10:56:53.799,1.47907,1.47924,1.12,1.87
2015.09.22 10:56:55.005,1.47907,1.47926,1.12,1.75
2015.09.22 10:56:55.332,1.47902,1.47915,1.12,1.00
2015.09.22 10:56:55.434,1.47901,1.47915,1.00,1.00
2015.09.22 10:56:55.485,1.47896,1.47915,1.87,1.37
2015.09.22 10:56:55.789,1.47896,1.47914,1.12,1.00
2015.09.22 10:56:56.102,1.47896,1.47915,1.12,1.87
2015.09.22 10:56:56.620,1.47896,1.47915,1.50,1.75
2015.09.22 10:56:56.875,1.47896,1.47917,1.50,1.87
2015.09.22 10:56:57.890,1.47896,1.47917,1.50,1.12
2015.09.22 10:56:58.319,1.47888,1.47908,1.87,1.12
2015.09.22 10:56:58.585,1.4789,1.47908,1.00,1.12
2015.09.22 10:56:59.188,1.47888,1.47908,1.12,1.12
2015.09.22 10:56:59.759,1.47888,1.47905,1.00,1.00
2015.09.22 10:57:00.265,1.47884,1.47905,1.12,1.00
2015.09.22 10:57:00.895,1.47886,1.47907,1.87,1.50
2015.09.22 10:57:01.293,1.47891,1.47913,1.50,1.12
2015.09.22 10:57:01.352,1.47892,1.47914,1.12,1.50
2015.09.22 10:57:01.403,1.47893,1.47914,1.12,1.37
2015.09.22 10:57:01.606,1.47893,1.47915,1.75,1.50
2015.09.22 10:57:02.966,1.47897,1.47916,1.00,1.00
2015.09.22 10:57:03.510,1.47897,1.47917,1.00,1.50
2015.09.22 10:57:04.017,1.47896,1.47917,2.25,1.00
2015.09.22 10:57:04.541,1.47896,1.47917,1.87,1.12
2015.09.22 10:57:04.601,1.47895,1.47917,1.75,1.87
2015.09.22 10:57:04.906,1.47896,1.4791,1.12,1.00
2015.09.22 10:57:04.958,1.47894,1.4791,1.12,1.00
2015.09.22 10:57:05.009,1.47893,1.4791,1.00,1.00
2015.09.22 10:57:05.112,1.47891,1.4791,1.00,2.25
2015.09.22 10:57:05.778,1.47888,1.47908,3.00,1.00
2015.09.22 10:57:05.829,1.47888,1.47908,1.87,1.37
2015.09.22 10:57:06.490,1.47889,1.47907,1.00,1.12
2015.09.22 10:57:07.849,1.47888,1.47907,1.12,1.12
2015.09.22 10:57:08.370,1.4789,1.47907,1.75,1.00
2015.09.22 10:57:08.422,1.47893,1.47914,1.87,2.70
2015.09.22 10:57:08.473,1.47897,1.47914,1.12,1.20
2015.09.22 10:57:08.626,1.47899,1.47918,1.00,1.50
2015.09.22 10:57:09.135,1.479,1.47918,1.00,1.12
2015.09.22 10:57:09.187,1.479,1.4792,1.75,1.37
2015.09.22 10:57:09.238,1.47901,1.47921,2.25,1.12
2015.09.22 10:57:10.566,1.47902,1.47921,1.12,1.00
2015.09.22 10:57:11.895,1.47905,1.47921,1.12,1.00
2015.09.22 10:57:11.947,1.47909,1.47929,1.37,1.50
2015.09.22 10:57:13.359,1.4791,1.47929,1.37,1.00
2015.09.22 10:57:13.910,1.47911,1.47929,1.12,1.00
2015.09.22 10:57:14.282,1.47913,1.47932,1.00,1.00
2015.09.22 10:57:14.334,1.47912,1.47933,1.12,2.25
2015.09.22 10:57:14.787,1.47914,1.47935,1.87,2.25
2015.09.22 10:57:15.460,1.47914,1.47933,1.87,1.00
2015.09.22 10:57:15.511,1.47915,1.47933,1.00,1.00
2015.09.22 10:57:15.717,1.47915,1.47935,1.00,1.12
2015.09.22 10:57:16.368,1.47914,1.47935,1.87,1.12
2015.09.22 10:57:16.878,1.47917,1.47935,1.12,1.12
2015.09.22 10:57:17.681,1.47917,1.47934,1.00,1.12
2015.09.22 10:57:18.478,1.47917,1.47935,1.00,1.12
2015.09.22 10:57:22.954,1.47917,1.47934,1.00,1.00
2015.09.22 10:57:23.195,1.47917,1.47928,1.00,1.00
2015.09.22 10:57:23.297,1.47912,1.47928,1.00,1.12
2015.09.22 10:57:23.399,1.47908,1.47929,2.25,1.50
2015.09.22 10:57:23.950,1.47909,1.47927,1.37,1.00
2015.09.22 10:57:24.419,1.47909,1.47925,1.37,1.00
2015.09.22 10:57:24.470,1.47908,1.47927,1.75,1.00
2015.09.22 10:57:26.199,1.47908,1.47925,1.12,1.00
2015.09.22 10:57:26.301,1.47907,1.47927,1.50,1.87
2015.09.22 10:57:26.352,1.47907,1.47927,1.00,1.87
2015.09.22 10:57:26.403,1.47907,1.47927,1.12,1.50
2015.09.22 10:57:27.529,1.47913,1.47936,1.12,1.12
2015.09.22 10:57:28.529,1.47913,1.47936,1.87,1.37
2015.09.22 10:57:29.225,1.47919,1.47936,1.37,1.37
2015.09.22 10:57:29.431,1.47925,1.47944,1.37,1.12
2015.09.22 10:57:29.533,1.47926,1.47948,1.37,1.12
2015.09.22 10:57:29.635,1.47928,1.47949,1.12,1.50
2015.09.22 10:57:29.736,1.47929,1.4795,1.12,1.75
2015.09.22 10:57:30.496,1.47935,1.47952,1.00,1.12
2015.09.22 10:57:30.547,1.47935,1.47953,1.37,1.12
2015.09.22 10:57:30.598,1.47933,1.47949,1.50,1.00
2015.09.22 10:57:30.650,1.47931,1.47947,1.87,1.00
2015.09.22 10:57:30.752,1.47926,1.47947,1.50,1.87
2015.09.22 10:57:30.803,1.47926,1.47947,1.00,1.75
2015.09.22 10:57:31.007,1.47931,1.4795,1.00,1.12
2015.09.22 10:57:31.058,1.47931,1.4795,1.00,1.00
2015.09.22 10:57:31.532,1.47931,1.47952,1.75,1.00
2015.09.22 10:57:31.838,1.47933,1.47956,1.12,1.87
2015.09.22 10:57:32.042,1.47933,1.47955,1.75,1.50
2015.09.22 10:57:32.144,1.4794,1.47955,1.12,1.12
2015.09.22 10:57:32.350,1.47942,1.47961,1.37,1.50
2015.09.22 10:57:32.452,1.47942,1.47964,1.12,1.50
2015.09.22 10:57:32.503,1.47941,1.47964,1.50,1.12
2015.09.22 10:57:32.846,1.47943,1.47961,1.12,1.00
2015.09.22 10:57:32.898,1.47943,1.47959,1.00,1.12
2015.09.22 10:57:33.001,1.47938,1.47956,1.10,1.00
2015.09.22 10:57:33.154,1.47934,1.47958,1.20,2.62
2015.09.22 10:57:34.897,1.47938,1.47956,1.00,1.00
2015.09.22 10:57:35.817,1.47938,1.47958,1.37,1.12
2015.09.22 10:57:35.919,1.47937,1.47958,1.87,1.12
2015.09.22 10:57:36.426,1.47937,1.47958,1.87,1.12
2015.09.22 10:57:38.015,1.47937,1.47958,1.37,1.75
2015.09.22 10:57:38.857,1.47936,1.47956,2.25,1.00
2015.09.22 10:57:39.389,1.47936,1.47958,2.62,1.12
2015.09.22 10:57:39.693,1.47932,1.47954,1.87,1.12
2015.09.22 10:57:39.744,1.47938,1.47953,1.00,1.12
2015.09.22 10:57:40.399,1.47938,1.47957,1.37,1.75
2015.09.22 10:57:40.460,1.47938,1.47962,2.25,1.87
2015.09.22 10:57:41.624,1.47945,1.47962,1.12,1.12
2015.09.22 10:57:41.675,1.47945,1.47965,1.12,1.50
2015.09.22 10:57:41.727,1.47945,1.47965,1.50,1.12
2015.09.22 10:57:41.930,1.47945,1.47966,2.62,1.12
2015.09.22 10:57:42.286,1.47945,1.47967,3.00,1.00
2015.09.22 10:57:42.337,1.47947,1.4797,1.87,2.25
2015.09.22 10:57:42.924,1.47948,1.4797,1.50,1.12
2015.09.22 10:57:43.450,1.4795,1.47969,1.12,1.00
2015.09.22 10:57:43.779,1.47951,1.47973,2.25,2.25
2015.09.22 10:57:44.084,1.47953,1.47973,1.00,1.12
2015.09.22 10:57:44.432,1.47956,1.47976,2.25,1.75
2015.09.22 10:57:44.486,1.47956,1.47977,3.37,1.37
2015.09.22 10:57:44.811,1.47958,1.47979,1.37,1.50
2015.09.22 10:57:45.115,1.47964,1.4798,1.00,1.00
2015.09.22 10:57:45.217,1.47964,1.47985,1.37,1.87
2015.09.22 10:57:45.268,1.47965,1.47986,1.00,1.12
2015.09.22 10:57:45.839,1.47966,1.47986,1.12,1.37
2015.09.22 10:57:47.980,1.47966,1.47986,1.37,1.37
2015.09.22 10:57:48.524,1.47968,1.47986,1.00,1.37
2015.09.22 10:57:49.049,1.47968,1.47984,1.00,1.37
2015.09.22 10:57:49.202,1.47964,1.47984,1.12,1.87
2015.09.22 10:57:49.304,1.47964,1.47983,1.12,1.50
2015.09.22 10:57:49.609,1.47958,1.47979,1.00,1.12
2015.09.22 10:57:49.813,1.4796,1.47981,1.00,2.62
2015.09.22 10:57:50.476,1.47963,1.4798,1.00,1.12
2015.09.22 10:57:50.682,1.47965,1.47985,1.12,1.87
2015.09.22 10:57:50.834,1.47965,1.47985,1.50,1.50
2015.09.22 10:57:51.992,1.47965,1.47985,1.12,1.50
2015.09.22 10:57:52.196,1.47966,1.47987,1.75,1.12
2015.09.22 10:57:54.586,1.47969,1.47989,1.00,1.75
2015.09.22 10:57:55.105,1.4797,1.47988,1.00,1.37
2015.09.22 10:57:55.608,1.47968,1.47988,1.50,1.37
2015.09.22 10:57:58.069,1.47968,1.47988,1.87,1.00
2015.09.22 10:57:58.221,1.47967,1.47987,1.87,1.00
2015.09.22 10:57:58.729,1.47967,1.47987,1.87,1.12
2015.09.22 10:57:58.831,1.47967,1.47987,1.87,1.12
2015.09.22 10:57:59.824,1.47967,1.47987,1.87,1.12
2015.09.22 10:58:00.432,1.47968,1.4799,1.12,2.25
2015.09.22 10:58:00.484,1.4797,1.4799,1.50,1.87
2015.09.22 10:58:01.712,1.4797,1.4799,1.50,1.50
2015.09.22 10:58:02.439,1.4797,1.47988,1.50,1.00
2015.09.22 10:58:03.081,1.4797,1.4799,1.00,1.50
2015.09.22 10:58:03.779,1.4797,1.47991,2.62,1.87
2015.09.22 10:58:06.320,1.4797,1.4799,1.50,1.37
2015.09.22 10:58:06.531,1.47972,1.47992,1.87,1.50
2015.09.22 10:58:06.582,1.47972,1.47992,2.25,1.37
2015.09.22 10:58:07.142,1.47973,1.47992,1.00,2.25
2015.09.22 10:58:07.709,1.47971,1.47985,1.00,1.50
2015.09.22 10:58:07.761,1.47963,1.47982,1.12,1.00
2015.09.22 10:58:08.268,1.4796,1.47982,1.50,1.87
2015.09.22 10:58:08.320,1.4796,1.47979,1.00,1.00
2015.09.22 10:58:08.472,1.47958,1.47979,1.50,1.87
2015.09.22 10:58:09.165,1.4796,1.47979,1.00,1.87
2015.09.22 10:58:09.268,1.47958,1.47979,1.50,1.87
2015.09.22 10:58:09.804,1.47958,1.47979,1.50,1.87
2015.09.22 10:58:09.905,1.47958,1.47976,1.50,1.00
2015.09.22 10:58:09.956,1.47958,1.47978,1.87,1.50
2015.09.22 10:58:10.160,1.47958,1.47978,1.00,1.50
2015.09.22 10:58:10.473,1.47955,1.47975,1.37,1.87
2015.09.22 10:58:10.525,1.47954,1.4797,1.12,1.12
2015.09.22 10:58:10.628,1.4795,1.47969,1.12,1.00
2015.09.22 10:58:11.159,1.47948,1.47969,2.25,1.12
2015.09.22 10:58:11.559,1.47948,1.47967,1.87,1.00
2015.09.22 10:58:11.891,1.47947,1.47967,1.50,1.37
2015.09.22 10:58:12.766,1.47947,1.47965,1.50,1.00
2015.09.22 10:58:12.919,1.47944,1.47962,1.87,1.00
2015.09.22 10:58:13.509,1.47944,1.47964,1.50,1.00
2015.09.22 10:58:13.560,1.47948,1.47968,1.00,1.87
2015.09.22 10:58:13.611,1.47948,1.47968,1.37,1.50
2015.09.22 10:58:13.814,1.47948,1.4797,2.25,1.37
2015.09.22 10:58:14.018,1.47954,1.47975,1.50,1.87
2015.09.22 10:58:14.373,1.47954,1.47971,1.12,1.00
2015.09.22 10:58:14.910,1.47953,1.47974,1.12,1.75
2015.09.22 10:58:15.214,1.47953,1.47974,1.75,1.50
2015.09.22 10:58:15.366,1.47954,1.47974,1.12,1.12
2015.09.22 10:58:16.185,1.47955,1.47975,1.12,1.37
2015.09.22 10:58:16.388,1.47956,1.47976,1.50,1.50
2015.09.22 10:58:16.909,1.47955,1.47976,1.12,1.50
2015.09.22 10:58:18.370,1.47955,1.47977,1.12,1.12
2015.09.22 10:58:18.523,1.47959,1.47978,1.00,1.00
2015.09.22 10:58:18.574,1.47958,1.47978,1.87,1.00
2015.09.22 10:58:19.083,1.47961,1.47981,1.37,2.25
2015.09.22 10:58:19.591,1.47961,1.4798,1.00,1.12
2015.09.22 10:58:20.126,1.47959,1.4798,1.50,2.25
2015.09.22 10:58:20.634,1.47961,1.47981,1.00,1.50
2015.09.22 10:58:21.426,1.47959,1.4798,1.87,1.00
2015.09.22 10:58:22.308,1.4796,1.47984,2.25,1.37
2015.09.22 10:58:22.360,1.47963,1.47984,1.37,1.00
2015.09.22 10:58:22.913,1.47963,1.47985,1.00,1.50
2015.09.22 10:58:23.117,1.47963,1.47984,1.37,1.00
2015.09.22 10:58:23.635,1.47962,1.47985,2.62,1.12
2015.09.22 10:58:23.982,1.47964,1.47982,1.37,1.00
2015.09.22 10:58:25.219,1.47963,1.47982,1.00,1.00
2015.09.22 10:58:25.625,1.47962,1.47979,1.00,1.12
2015.09.22 10:58:26.002,1.47958,1.47976,1.12,1.00
2015.09.22 10:58:26.875,1.47957,1.47975,1.12,1.50
2015.09.22 10:58:26.978,1.47955,1.47975,1.12,1.50
2015.09.22 10:58:27.029,1.47956,1.47975,1.37,1.50
2015.09.22 10:58:27.711,1.47955,1.47976,1.12,1.75
2015.09.22 10:58:28.432,1.47955,1.47973,1.12,1.00
2015.09.22 10:58:29.230,1.47955,1.47974,1.12,1.50
2015.09.22 10:58:29.333,1.47956,1.47974,1.37,1.50
2015.09.22 10:58:29.435,1.47956,1.47977,1.75,1.50
2015.09.22 10:58:29.740,1.47956,1.47974,1.12,1.00
2015.09.22 10:58:29.945,1.47955,1.47972,1.00,1.37
2015.09.22 10:58:30.300,1.47951,1.47972,1.87,1.87
2015.09.22 10:58:31.447,1.47951,1.4797,1.87,1.00
2015.09.22 10:58:31.964,1.47951,1.47969,1.87,1.00
2015.09.22 10:58:32.801,1.4795,1.47971,2.25,2.25
2015.09.22 10:58:32.903,1.47954,1.47971,1.00,1.12
2015.09.22 10:58:33.106,1.47958,1.47977,1.12,1.00
2015.09.22 10:58:33.157,1.47958,1.47974,1.00,1.00
2015.09.22 10:58:33.360,1.47958,1.47977,1.87,1.00
2015.09.22 10:58:33.700,1.47961,1.47979,1.12,1.50
2015.09.22 10:58:33.803,1.47964,1.47984,1.50,1.37
2015.09.22 10:58:33.905,1.47965,1.47986,1.37,1.50
2015.09.22 10:58:33.956,1.47965,1.47987,1.12,1.87
2015.09.22 10:58:34.007,1.47968,1.47988,1.00,1.75
2015.09.22 10:58:34.058,1.47968,1.47988,1.37,1.00
2015.09.22 10:58:34.261,1.47971,1.47991,1.00,1.37
2015.09.22 10:58:34.823,1.47968,1.47988,2.25,1.50
2015.09.22 10:58:34.876,1.47967,1.47985,1.00,1.00
2015.09.22 10:58:34.927,1.47965,1.47985,1.50,1.12
2015.09.22 10:58:35.333,1.47964,1.47985,1.87,1.50
2015.09.22 10:58:35.536,1.47963,1.47985,1.87,1.87
2015.09.22 10:58:35.587,1.47965,1.47986,3.00,1.37
2015.09.22 10:58:36.747,1.47965,1.47986,1.12,1.50
2015.09.22 10:58:38.330,1.47965,1.47986,1.75,1.12
2015.09.22 10:58:38.685,1.47965,1.4798,1.87,1.00
2015.09.22 10:58:38.736,1.47966,1.47979,1.00,1.00
2015.09.22 10:58:38.838,1.47959,1.47979,1.50,1.50
2015.09.22 10:58:39.737,1.47965,1.47986,1.12,2.62
2015.09.22 10:58:40.249,1.47966,1.47985,1.00,1.12
2015.09.22 10:58:40.788,1.47965,1.47984,1.37,1.00
2015.09.22 10:58:41.864,1.47965,1.47985,1.50,1.12
2015.09.22 10:58:42.068,1.47966,1.47987,1.75,1.12
2015.09.22 10:58:42.691,1.47966,1.47981,1.12,1.00
2015.09.22 10:58:42.742,1.47964,1.47981,1.00,1.00
2015.09.22 10:58:42.794,1.47964,1.47983,1.00,1.00
2015.09.22 10:58:42.845,1.47963,1.47983,1.75,1.50
2015.09.22 10:58:42.998,1.47964,1.47983,1.50,1.00
2015.09.22 10:58:43.049,1.47964,1.47985,1.87,1.87
2015.09.22 10:58:43.585,1.47968,1.47989,1.37,1.87
2015.09.22 10:58:43.931,1.47971,1.4799,1.12,1.12
2015.09.22 10:58:46.358,1.47972,1.47991,1.00,1.37
2015.09.22 10:58:47.156,1.47971,1.47991,1.50,1.37
2015.09.22 10:58:47.464,1.47971,1.47993,1.37,1.75
2015.09.22 10:58:47.719,1.47973,1.47993,1.12,1.87
2015.09.22 10:58:47.872,1.47971,1.47991,2.25,1.50
2015.09.22 10:58:48.666,1.47971,1.47991,2.25,1.87
2015.09.22 10:58:49.272,1.47972,1.47991,1.00,1.37
2015.09.22 10:58:49.854,1.47971,1.47991,1.50,1.87
2015.09.22 10:58:50.578,1.4797,1.47988,1.37,1.00
2015.09.22 10:58:50.884,1.47968,1.47987,1.50,1.12
2015.09.22 10:58:51.393,1.47966,1.47987,3.00,1.00
2015.09.22 10:58:51.903,1.47966,1.47986,2.25,1.00
2015.09.22 10:58:52.433,1.47966,1.47986,2.25,1.37
2015.09.22 10:58:53.159,1.47966,1.47986,2.25,1.12
2015.09.22 10:58:57.009,1.47967,1.47985,1.37,1.00
2015.09.22 10:58:57.060,1.47967,1.47983,1.37,1.00
2015.09.22 10:58:57.512,1.47963,1.47983,1.75,1.00
2015.09.22 10:58:57.873,1.47963,1.47981,1.75,1.00
2015.09.22 10:58:57.925,1.47963,1.47981,1.00,1.00
2015.09.22 10:58:58.382,1.47961,1.47979,1.37,1.00
2015.09.22 10:58:58.434,1.4796,1.47979,1.12,1.37
2015.09.22 10:58:58.948,1.47957,1.47975,1.12,1.00
2015.09.22 10:59:00.371,1.47957,1.47968,1.12,1.00
2015.09.22 10:59:00.687,1.47955,1.47968,1.00,1.75
2015.09.22 10:59:00.739,1.47944,1.47966,1.12,2.25
2015.09.22 10:59:00.791,1.47946,1.47966,1.12,1.87
2015.09.22 10:59:00.842,1.47947,1.47966,1.12,1.87
2015.09.22 10:59:00.994,1.47946,1.47966,1.12,2.25
2015.09.22 10:59:01.503,1.47944,1.47964,1.12,1.12
2015.09.22 10:59:02.096,1.47944,1.4796,1.12,1.00
2015.09.22 10:59:02.199,1.47943,1.4796,1.12,1.00
2015.09.22 10:59:02.251,1.47942,1.47957,1.12,1.00
2015.09.22 10:59:02.455,1.47939,1.47958,1.12,1.00
2015.09.22 10:59:02.507,1.47939,1.47956,1.12,1.00
2015.09.22 10:59:02.764,1.47939,1.47958,1.12,1.50
2015.09.22 10:59:03.171,1.47937,1.47958,1.75,1.50
2015.09.22 10:59:03.576,1.47937,1.47958,1.12,2.25
2015.09.22 10:59:03.627,1.47937,1.47954,1.37,1.00
2015.09.22 10:59:03.780,1.47933,1.47951,1.12,1.12
2015.09.22 10:59:03.831,1.4793,1.47951,1.87,1.50
2015.09.22 10:59:03.882,1.4793,1.47951,1.12,1.87
2015.09.22 10:59:04.035,1.4793,1.47948,1.00,2.25
2015.09.22 10:59:04.709,1.47924,1.47941,1.37,1.87
2015.09.22 10:59:04.764,1.4792,1.47941,1.12,1.50
2015.09.22 10:59:04.866,1.47921,1.47941,1.12,1.00
2015.09.22 10:59:05.272,1.47921,1.47938,1.12,1.00
2015.09.22 10:59:05.374,1.47921,1.47938,1.00,1.00
2015.09.22 10:59:06.172,1.4792,1.47938,1.00,1.00
2015.09.22 10:59:06.679,1.47918,1.47938,1.37,1.50
2015.09.22 10:59:07.324,1.47913,1.47932,1.37,1.50
2015.09.22 10:59:07.376,1.47913,1.47932,1.00,1.50
2015.09.22 10:59:07.428,1.47912,1.47932,1.00,1.75
2015.09.22 10:59:08.137,1.4791,1.47928,1.37,1.50
2015.09.22 10:59:08.589,1.47896,1.47917,1.37,1.87
2015.09.22 10:59:08.645,1.47898,1.47917,1.00,1.12
2015.09.22 10:59:08.697,1.47898,1.4792,1.50,1.50
2015.09.22 10:59:09.936,1.47898,1.47918,1.37,1.00
2015.09.22 10:59:10.545,1.47898,1.47918,1.12,1.37
2015.09.22 10:59:10.798,1.47897,1.47917,1.12,1.12
2015.09.22 10:59:11.344,1.47897,1.47917,1.87,1.50
2015.09.22 10:59:11.549,1.47899,1.47917,1.37,1.00
2015.09.22 10:59:12.058,1.47899,1.47918,1.50,1.00
2015.09.22 10:59:12.579,1.47899,1.47917,1.75,1.00
2015.09.22 10:59:14.489,1.479,1.4792,1.12,1.87
2015.09.22 10:59:15.814,1.47901,1.47919,1.37,1.00
2015.09.22 10:59:16.170,1.47897,1.47916,1.87,1.00
2015.09.22 10:59:16.272,1.47893,1.47913,1.87,1.00
2015.09.22 10:59:16.323,1.47892,1.4791,1.95,1.00
2015.09.22 10:59:16.476,1.47887,1.47905,1.00,1.00
2015.09.22 10:59:16.579,1.47885,1.47903,1.00,1.00
2015.09.22 10:59:17.104,1.47877,1.47899,1.37,1.87
2015.09.22 10:59:17.155,1.47877,1.47898,1.00,1.50
2015.09.22 10:59:17.662,1.47877,1.47896,1.37,1.00
2015.09.22 10:59:18.177,1.47875,1.47896,1.37,1.50
2015.09.22 10:59:19.017,1.47883,1.47898,1.50,1.00
2015.09.22 10:59:19.068,1.47884,1.47904,1.37,1.12
2015.09.22 10:59:19.120,1.47884,1.47901,1.37,1.00
2015.09.22 10:59:19.222,1.47879,1.479,1.12,1.00
2015.09.22 10:59:19.273,1.47884,1.47899,1.00,1.12
2015.09.22 10:59:19.324,1.4788,1.47899,1.00,1.12
2015.09.22 10:59:19.477,1.47884,1.47899,1.00,1.12
2015.09.22 10:59:19.528,1.4788,1.47899,1.50,1.12
2015.09.22 10:59:19.681,1.47876,1.47896,2.25,1.12
2015.09.22 10:59:20.074,1.47875,1.47896,1.12,1.87
2015.09.22 10:59:20.581,1.47874,1.47894,1.95,1.87
2015.09.22 10:59:20.886,1.47872,1.4789,2.32,1.50
2015.09.22 10:59:21.453,1.47872,1.47887,1.00,1.12
2015.09.22 10:59:21.507,1.47866,1.47885,1.10,1.12
2015.09.22 10:59:21.610,1.47866,1.47886,1.00,1.87
2015.09.22 10:59:21.662,1.47865,1.47885,1.12,1.37
2015.09.22 10:59:22.427,1.47864,1.47882,1.12,1.00
2015.09.22 10:59:23.634,1.47864,1.47882,1.37,1.00
2015.09.22 10:59:24.380,1.47864,1.47882,1.12,1.00
2015.09.22 10:59:24.938,1.47863,1.47882,1.37,1.00
2015.09.22 10:59:25.279,1.4786,1.47873,1.00,1.00
2015.09.22 10:59:25.590,1.47857,1.47872,2.25,1.12
2015.09.22 10:59:25.651,1.47853,1.47872,1.00,1.12
2015.09.22 10:59:25.754,1.47856,1.47872,1.00,1.12
2015.09.22 10:59:25.907,1.47856,1.47874,1.00,1.12
2015.09.22 10:59:26.047,1.47853,1.47874,1.00,1.12
2015.09.22 10:59:26.149,1.47852,1.47872,2.25,1.12
2015.09.22 10:59:26.454,1.4786,1.47877,1.00,1.12
2015.09.22 10:59:26.828,1.47856,1.47875,1.00,1.50
2015.09.22 10:59:26.931,1.47854,1.47874,2.25,1.00
2015.09.22 10:59:27.603,1.47855,1.47874,1.00,1.00
2015.09.22 10:59:28.662,1.47854,1.47874,1.87,1.00
2015.09.22 10:59:29.811,1.47854,1.47876,2.62,1.75
2015.09.22 10:59:30.066,1.47853,1.47874,2.25,1.75
2015.09.22 10:59:30.658,1.47853,1.47874,1.87,1.87
2015.09.22 10:59:31.662,1.47852,1.47874,2.25,1.87
2015.09.22 10:59:31.967,1.47853,1.47872,1.50,1.37
2015.09.22 10:59:33.169,1.47852,1.47872,1.00,1.12
2015.09.22 10:59:33.654,1.47854,1.47872,1.00,1.12
2015.09.22 10:59:33.960,1.47861,1.47874,1.00,1.37
2015.09.22 10:59:34.012,1.47861,1.47878,1.00,1.75
2015.09.22 10:59:34.392,1.47865,1.47877,1.00,1.00
2015.09.22 10:59:34.495,1.47865,1.47884,1.00,1.12
2015.09.22 10:59:34.801,1.47866,1.47886,1.00,1.12
2015.09.22 10:59:35.056,1.47868,1.47886,1.00,1.12
2015.09.22 10:59:35.570,1.47866,1.47886,2.25,1.12
2015.09.22 10:59:35.857,1.47868,1.47886,1.00,1.12
2015.09.22 10:59:35.959,1.47866,1.47886,1.50,1.12
2015.09.22 10:59:36.162,1.47868,1.47886,1.00,1.12
2015.09.22 10:59:36.852,1.47869,1.47888,1.00,1.75
2015.09.22 10:59:36.954,1.47865,1.47885,1.50,1.12
2015.09.22 10:59:37.360,1.47863,1.47884,1.00,1.37
2015.09.22 10:59:37.563,1.47864,1.47888,1.12,1.12
2015.09.22 10:59:37.716,1.47862,1.47884,1.87,1.00
2015.09.22 10:59:37.767,1.47862,1.47884,1.00,1.37
2015.09.22 10:59:38.071,1.47856,1.47879,1.87,1.12
2015.09.22 10:59:38.477,1.47853,1.47878,1.87,1.12
2015.09.22 10:59:39.469,1.47855,1.47878,1.50,1.37
2015.09.22 10:59:40.573,1.47855,1.47878,2.25,1.37
2015.09.22 10:59:40.913,1.47867,1.47886,1.00,1.12
2015.09.22 10:59:41.015,1.47867,1.47887,1.37,1.12
2015.09.22 10:59:41.564,1.47869,1.47894,2.25,1.87
2015.09.22 10:59:41.767,1.47872,1.47893,1.10,1.00
2015.09.22 10:59:42.021,1.47872,1.47896,1.37,1.50
2015.09.22 10:59:42.122,1.47872,1.47897,1.50,2.62
2015.09.22 10:59:43.137,1.47872,1.47896,1.37,1.50
2015.09.22 10:59:44.477,1.47872,1.47897,1.87,3.37
2015.09.22 10:59:44.984,1.47874,1.47898,1.12,1.37
2015.09.22 10:59:45.817,1.47874,1.47898,1.37,1.12
2015.09.22 10:59:46.071,1.47879,1.47899,1.00,1.12
2015.09.22 10:59:46.123,1.47876,1.479,1.50,1.12
2015.09.22 10:59:46.226,1.47875,1.479,2.25,1.00
2015.09.22 10:59:46.532,1.47875,1.47899,1.87,1.50
2015.09.22 10:59:47.023,1.47875,1.47899,1.12,2.62
2015.09.22 10:59:47.463,1.47875,1.47898,1.87,1.37
2015.09.22 10:59:47.867,1.47875,1.47899,1.37,2.62
2015.09.22 10:59:48.063,1.47875,1.47899,1.37,2.62
2015.09.22 10:59:48.524,1.47882,1.47904,1.37,1.37
2015.09.22 10:59:48.676,1.47882,1.47906,1.37,1.50
2015.09.22 10:59:49.084,1.47883,1.47907,2.25,1.75
2015.09.22 10:59:49.135,1.47885,1.47908,1.37,1.87
2015.09.22 10:59:49.238,1.47883,1.47907,2.32,1.50
2015.09.22 10:59:49.339,1.47883,1.47905,1.20,1.50
2015.09.22 10:59:49.843,1.47881,1.47905,1.37,2.25
2015.09.22 10:59:50.362,1.4788,1.47903,1.50,1.50
2015.09.22 10:59:50.413,1.4788,1.47902,1.50,1.00
2015.09.22 10:59:50.998,1.47879,1.47902,1.37,1.37
2015.09.22 10:59:51.050,1.47875,1.47898,1.37,1.12
2015.09.22 10:59:51.354,1.47873,1.47897,2.62,1.00
2015.09.22 10:59:51.405,1.47873,1.47897,1.50,1.87
2015.09.22 10:59:51.862,1.47873,1.47894,1.87,1.12
2015.09.22 10:59:52.560,1.47873,1.47894,1.37,1.37
2015.09.22 10:59:53.523,1.47872,1.47894,1.50,1.12
2015.09.22 10:59:53.575,1.47872,1.47894,1.50,1.50
2015.09.22 10:59:53.678,1.47871,1.47894,1.37,1.50
2015.09.22 10:59:54.018,1.47871,1.47891,1.12,1.12
2015.09.22 10:59:54.120,1.47868,1.47891,1.37,2.25
2015.09.22 10:59:54.171,1.47868,1.47891,1.12,2.25
2015.09.22 10:59:54.928,1.47868,1.47881,1.12,1.00
2015.09.22 10:59:55.360,1.47866,1.47878,1.00,1.00
2015.09.22 10:59:55.412,1.47853,1.47875,1.12,1.50
2015.09.22 10:59:55.566,1.47851,1.47875,1.00,1.87
2015.09.22 10:59:55.669,1.47849,1.47872,1.87,1.00
2015.09.22 10:59:55.773,1.47853,1.47872,1.00,1.00
2015.09.22 10:59:55.825,1.47849,1.47872,1.37,1.00
2015.09.22 10:59:56.437,1.47847,1.4787,1.12,1.50
2015.09.22 10:59:56.953,1.47848,1.47871,1.00,1.00
2015.09.22 10:59:57.738,1.47847,1.47871,1.00,1.50
2015.09.22 10:59:57.795,1.47847,1.47868,1.37,1.12
2015.09.22 10:59:58.130,1.47846,1.4787,1.00,1.37
2015.09.22 10:59:58.383,1.47846,1.47865,1.50,1.00
2015.09.22 10:59:58.921,1.47846,1.47863,1.00,1.12
2015.09.22 10:59:58.972,1.47842,1.47863,1.50,1.12
2015.09.22 10:59:59.491,1.47842,1.47863,1.12,1.00
2015.09.22 10:59:59.698,1.47842,1.47862,1.50,1.00
