2012.02.20 07:00:00.342,1.31113,1.31133,1.50,1.50
2012.02.20 07:00:00.469,1.31116,1.31133,1.50,1.50
2012.02.20 07:00:00.718,1.31113,1.31133,1.50,1.50
2012.02.20 07:00:01.256,1.31108,1.31133,1.50,3.00
2012.02.20 07:00:01.333,1.31108,1.31133,1.50,2.25
2012.02.20 07:00:01.470,1.31108,1.31133,2.25,3.00
2012.02.20 07:00:01.978,1.31111,1.31134,2.25,2.25
2012.02.20 07:00:02.280,1.31113,1.31135,1.50,1.50
2012.02.20 07:00:02.485,1.31109,1.31134,2.25,2.25
2012.02.20 07:00:03.525,1.31113,1.31135,1.50,1.50
2012.02.20 07:00:03.874,1.31114,1.31139,2.25,3.00
2012.02.20 07:00:04.026,1.31119,1.31143,1.50,1.50
2012.02.20 07:00:04.174,1.31119,1.31144,2.25,3.00
2012.02.20 07:00:04.433,1.31119,1.31144,2.25,2.25
2012.02.20 07:00:04.642,1.31123,1.31146,1.50,2.25
2012.02.20 07:00:05.786,1.31122,1.31145,1.50,2.25
2012.02.20 07:00:06.375,1.31121,1.31146,2.25,2.25
2012.02.20 07:00:06.686,1.31121,1.31146,2.25,2.25
2012.02.20 07:00:07.014,1.31124,1.31147,1.50,3.00
2012.02.20 07:00:07.540,1.31122,1.31147,2.25,3.00
2012.02.20 07:00:07.633,1.31122,1.31147,2.25,3.00
2012.02.20 07:00:08.135,1.31122,1.31147,1.50,3.00
2012.02.20 07:00:08.461,1.31119,1.31142,2.25,1.50
2012.02.20 07:00:08.529,1.31119,1.31142,2.25,2.25
2012.02.20 07:00:09.330,1.31121,1.31144,1.50,2.25
2012.02.20 07:00:09.944,1.31119,1.31144,2.25,2.25
2012.02.20 07:00:10.421,1.31121,1.31144,1.50,2.25
2012.02.20 07:00:10.608,1.31118,1.31143,2.25,2.25
2012.02.20 07:00:10.676,1.31118,1.31143,2.25,2.25
2012.02.20 07:00:11.253,1.31123,1.31146,1.50,3.00
2012.02.20 07:00:11.766,1.31122,1.31145,1.50,2.25
2012.02.20 07:00:12.769,1.31121,1.31143,1.50,1.50
2012.02.20 07:00:12.849,1.31117,1.3114,1.50,2.25
2012.02.20 07:00:12.988,1.31119,1.31142,1.50,3.00
2012.02.20 07:00:13.329,1.31122,1.31144,1.50,1.50
2012.02.20 07:00:13.648,1.31124,1.31144,1.50,1.50
2012.02.20 07:00:13.718,1.31124,1.31147,1.50,3.75
2012.02.20 07:00:14.115,1.31122,1.31147,1.50,3.00
2012.02.20 07:00:14.190,1.31126,1.31148,1.50,1.50
2012.02.20 07:00:14.832,1.31125,1.31139,1.50,1.50
2012.02.20 07:00:14.972,1.31116,1.31138,1.50,1.13
2012.02.20 07:00:15.109,1.31114,1.31136,1.50,1.50
2012.02.20 07:00:15.608,1.31112,1.31136,1.50,3.00
2012.02.20 07:00:16.171,1.31115,1.31136,1.50,1.50
2012.02.20 07:00:16.245,1.31115,1.31136,2.25,1.50
2012.02.20 07:00:16.766,1.31116,1.31141,3.15,3.00
2012.02.20 07:00:16.850,1.31125,1.3115,2.25,3.00
2012.02.20 07:00:17.750,1.31125,1.31148,1.50,2.25
2012.02.20 07:00:18.060,1.31119,1.31144,2.25,2.25
2012.02.20 07:00:18.452,1.31116,1.31139,3.00,1.50
2012.02.20 07:00:19.008,1.31118,1.31141,2.25,2.25
2012.02.20 07:00:19.086,1.31117,1.31142,2.25,2.25
2012.02.20 07:00:19.688,1.31118,1.31141,1.50,2.25
2012.02.20 07:00:20.536,1.3112,1.31145,1.50,2.25
2012.02.20 07:00:21.118,1.3112,1.31145,1.50,2.25
2012.02.20 07:00:22.540,1.3112,1.31145,2.25,2.25
2012.02.20 07:00:25.713,1.31121,1.31144,1.50,2.25
2012.02.20 07:00:26.275,1.31122,1.31147,1.50,2.25
2012.02.20 07:00:26.776,1.31121,1.31146,1.50,2.25
2012.02.20 07:00:27.333,1.31123,1.31146,1.50,2.25
2012.02.20 07:00:28.597,1.3112,1.31145,2.25,2.25
2012.02.20 07:00:28.867,1.31123,1.31146,1.50,2.25
2012.02.20 07:00:29.058,1.31123,1.31146,2.25,1.50
2012.02.20 07:00:29.286,1.31121,1.31146,2.25,2.25
2012.02.20 07:00:29.541,1.31121,1.31146,3.00,1.50
2012.02.20 07:00:29.860,1.31133,1.31156,1.50,1.50
2012.02.20 07:00:30.387,1.31132,1.31156,1.50,2.25
2012.02.20 07:00:31.025,1.31131,1.31157,2.25,2.25
2012.02.20 07:00:31.803,1.31133,1.31158,1.50,2.25
2012.02.20 07:00:32.061,1.31131,1.31154,1.50,2.25
2012.02.20 07:00:32.518,1.31133,1.31156,1.50,1.50
2012.02.20 07:00:33.186,1.31131,1.31156,2.25,1.50
2012.02.20 07:00:33.507,1.31127,1.3115,2.25,1.50
2012.02.20 07:00:34.084,1.31127,1.31152,2.25,1.50
2012.02.20 07:00:34.277,1.31132,1.31155,1.50,2.25
2012.02.20 07:00:35.508,1.31132,1.31155,2.25,2.25
2012.02.20 07:00:36.683,1.31127,1.3115,2.25,1.50
2012.02.20 07:00:37.815,1.31127,1.3115,2.25,1.50
2012.02.20 07:00:37.887,1.31129,1.31154,2.25,2.25
2012.02.20 07:00:37.965,1.31134,1.31156,1.50,1.50
2012.02.20 07:00:38.157,1.31134,1.31157,1.50,2.25
2012.02.20 07:00:38.407,1.31134,1.31157,1.50,2.25
2012.02.20 07:00:38.536,1.3113,1.31155,2.25,2.25
2012.02.20 07:00:38.609,1.31135,1.31158,1.50,2.25
2012.02.20 07:00:38.678,1.31135,1.31158,2.25,1.50
2012.02.20 07:00:39.180,1.31138,1.31161,1.50,2.25
2012.02.20 07:00:39.310,1.31136,1.31159,2.25,2.25
2012.02.20 07:00:39.557,1.31133,1.31157,2.25,1.50
2012.02.20 07:00:40.368,1.31137,1.31162,1.50,2.25
2012.02.20 07:00:40.561,1.31137,1.31162,2.25,2.25
2012.02.20 07:00:42.039,1.31139,1.31162,1.50,2.25
2012.02.20 07:00:42.576,1.31138,1.31161,2.25,2.25
2012.02.20 07:00:43.508,1.31135,1.31159,2.25,1.50
2012.02.20 07:00:44.270,1.31135,1.31159,2.25,2.25
2012.02.20 07:00:44.636,1.3114,1.31163,1.50,2.25
2012.02.20 07:00:44.769,1.3114,1.31163,2.25,2.25
2012.02.20 07:00:44.958,1.31142,1.31165,1.50,2.25
2012.02.20 07:00:45.285,1.3114,1.31164,2.25,2.25
2012.02.20 07:00:46.289,1.31139,1.31163,2.25,2.25
2012.02.20 07:00:46.793,1.31139,1.31163,2.25,2.25
2012.02.20 07:00:47.441,1.31139,1.31163,1.50,2.25
2012.02.20 07:00:47.507,1.31136,1.31161,2.25,2.25
2012.02.20 07:00:48.649,1.31136,1.31161,2.25,2.25
2012.02.20 07:00:49.617,1.31138,1.31161,1.50,2.25
2012.02.20 07:00:49.687,1.31138,1.31161,1.50,2.25
2012.02.20 07:00:50.299,1.31136,1.31159,2.25,1.50
2012.02.20 07:00:50.705,1.31142,1.31165,1.50,2.25
2012.02.20 07:00:50.903,1.31146,1.31169,1.50,2.25
2012.02.20 07:00:50.968,1.31144,1.31167,1.50,2.25
2012.02.20 07:00:51.429,1.31144,1.31167,2.25,2.25
2012.02.20 07:00:51.974,1.31148,1.31173,1.50,1.50
2012.02.20 07:00:52.056,1.31142,1.31168,2.25,2.25
2012.02.20 07:00:52.127,1.31142,1.31168,2.25,2.25
2012.02.20 07:00:52.678,1.31145,1.31168,1.50,2.25
2012.02.20 07:00:53.023,1.31143,1.31166,1.50,2.25
2012.02.20 07:00:53.102,1.31139,1.31165,2.63,2.25
2012.02.20 07:00:53.633,1.31141,1.31166,1.50,2.25
2012.02.20 07:00:53.767,1.31141,1.31166,2.25,2.25
2012.02.20 07:00:54.378,1.3114,1.31163,2.25,1.50
2012.02.20 07:00:54.869,1.31142,1.31165,2.25,1.50
2012.02.20 07:00:55.348,1.31145,1.31168,1.50,2.25
2012.02.20 07:00:55.479,1.31139,1.31165,2.25,2.25
2012.02.20 07:00:55.547,1.31139,1.31165,2.25,2.25
2012.02.20 07:00:57.100,1.31138,1.31162,2.25,2.25
2012.02.20 07:00:57.362,1.31136,1.3116,2.25,1.50
2012.02.20 07:00:57.920,1.31132,1.31155,3.00,1.50
2012.02.20 07:00:58.048,1.31132,1.31155,2.25,1.50
2012.02.20 07:00:58.121,1.31132,1.31157,2.25,1.50
2012.02.20 07:00:58.262,1.31132,1.31155,2.25,1.50
2012.02.20 07:00:59.267,1.31133,1.31158,2.25,1.50
2012.02.20 07:00:59.356,1.31132,1.31154,1.50,2.25
2012.02.20 07:00:59.554,1.31135,1.3116,2.25,2.25
2012.02.20 07:01:00.073,1.31134,1.3116,2.25,2.25
2012.02.20 07:01:00.218,1.31131,1.31156,2.25,2.25
2012.02.20 07:01:00.671,1.31132,1.31157,2.25,2.25
2012.02.20 07:01:01.359,1.31135,1.31159,1.50,2.25
2012.02.20 07:01:01.441,1.31136,1.3116,2.25,2.25
2012.02.20 07:01:02.001,1.31139,1.31162,1.50,2.25
2012.02.20 07:01:02.389,1.31137,1.3116,1.50,2.25
2012.02.20 07:01:02.907,1.31136,1.31161,2.25,2.25
2012.02.20 07:01:03.968,1.31134,1.31158,2.25,2.25
2012.02.20 07:01:04.798,1.31136,1.31159,1.50,2.25
2012.02.20 07:01:05.182,1.31136,1.31159,1.50,2.25
2012.02.20 07:01:05.253,1.31129,1.31153,2.25,2.25
2012.02.20 07:01:05.620,1.31129,1.31153,1.50,2.25
2012.02.20 07:01:06.661,1.31131,1.31156,1.50,2.25
2012.02.20 07:01:12.149,1.31131,1.31156,1.50,2.25
2012.02.20 07:01:12.652,1.31131,1.31156,2.25,2.25
2012.02.20 07:01:13.332,1.31134,1.31159,2.25,2.25
2012.02.20 07:01:13.657,1.31134,1.31157,1.50,2.25
2012.02.20 07:01:13.794,1.31126,1.31151,2.25,1.50
2012.02.20 07:01:13.872,1.31126,1.31151,2.25,2.25
2012.02.20 07:01:14.009,1.3113,1.31154,1.50,2.25
2012.02.20 07:01:14.378,1.31127,1.31152,2.25,2.25
2012.02.20 07:01:14.577,1.31125,1.31148,2.25,1.50
2012.02.20 07:01:15.270,1.31125,1.31148,2.25,1.50
2012.02.20 07:01:15.343,1.31128,1.31151,2.25,2.25
2012.02.20 07:01:15.562,1.31135,1.31158,1.50,2.25
2012.02.20 07:01:15.700,1.31133,1.31158,1.50,2.25
2012.02.20 07:01:15.766,1.31133,1.31158,2.25,2.25
2012.02.20 07:01:15.968,1.31135,1.31158,2.25,2.25
2012.02.20 07:01:16.098,1.31132,1.31156,2.25,1.50
2012.02.20 07:01:16.566,1.31135,1.3116,2.25,2.25
2012.02.20 07:01:16.639,1.31135,1.31156,1.13,1.50
2012.02.20 07:01:17.460,1.31134,1.31157,1.50,1.50
2012.02.20 07:01:17.784,1.31136,1.31162,2.25,2.25
2012.02.20 07:01:17.858,1.31136,1.31162,2.25,2.25
2012.02.20 07:01:17.983,1.31136,1.31162,2.25,2.25
2012.02.20 07:01:18.660,1.31132,1.31156,3.00,1.50
2012.02.20 07:01:18.858,1.31132,1.31156,3.00,1.50
2012.02.20 07:01:19.369,1.31135,1.31158,2.25,1.50
2012.02.20 07:01:19.581,1.31132,1.31155,3.00,1.50
2012.02.20 07:01:20.169,1.31136,1.31159,1.50,2.25
2012.02.20 07:01:20.380,1.31131,1.31153,1.88,1.50
2012.02.20 07:01:20.703,1.31131,1.31155,1.43,1.50
2012.02.20 07:01:20.849,1.31129,1.31149,1.50,1.50
2012.02.20 07:01:20.921,1.31129,1.31149,1.50,1.50
2012.02.20 07:01:21.419,1.31127,1.31152,2.25,2.25
2012.02.20 07:01:21.491,1.31127,1.31149,2.25,1.13
2012.02.20 07:01:22.214,1.31117,1.31139,1.50,1.50
2012.02.20 07:01:22.298,1.31122,1.31145,2.25,2.25
2012.02.20 07:01:22.730,1.31124,1.31146,1.50,1.50
2012.02.20 07:01:23.059,1.31129,1.31154,2.25,2.25
2012.02.20 07:01:25.861,1.31127,1.31152,2.25,2.25
2012.02.20 07:01:26.288,1.31128,1.31151,2.25,2.25
2012.02.20 07:01:27.960,1.3113,1.31155,2.25,2.25
2012.02.20 07:01:28.480,1.31129,1.31152,2.25,1.50
2012.02.20 07:01:30.280,1.31129,1.31152,2.25,2.25
2012.02.20 07:01:31.026,1.31128,1.31153,2.25,2.25
2012.02.20 07:01:31.097,1.31124,1.31149,2.25,2.25
2012.02.20 07:01:32.249,1.31129,1.31152,1.50,2.25
2012.02.20 07:01:32.812,1.31128,1.31151,2.25,2.25
2012.02.20 07:01:36.780,1.31128,1.31153,2.25,2.25
2012.02.20 07:01:37.279,1.31128,1.31153,1.50,2.25
2012.02.20 07:01:37.840,1.31129,1.31152,1.50,2.25
2012.02.20 07:01:39.380,1.31129,1.31152,2.25,2.25
2012.02.20 07:01:39.652,1.31135,1.31159,1.50,2.25
2012.02.20 07:01:40.275,1.31138,1.31161,1.50,2.25
2012.02.20 07:01:40.778,1.31137,1.3116,1.50,2.25
2012.02.20 07:01:41.462,1.31138,1.31161,1.50,2.25
2012.02.20 07:01:41.983,1.31135,1.3116,1.50,2.25
2012.02.20 07:01:42.794,1.31133,1.31158,2.25,2.25
2012.02.20 07:01:42.877,1.31137,1.3116,2.25,2.25
2012.02.20 07:01:43.538,1.31136,1.31161,2.25,2.25
2012.02.20 07:01:45.112,1.31134,1.31159,2.25,2.25
2012.02.20 07:01:45.179,1.31134,1.31157,2.25,1.50
2012.02.20 07:01:45.497,1.31132,1.31155,2.25,1.50
2012.02.20 07:01:46.004,1.31131,1.31156,2.25,1.50
2012.02.20 07:01:46.591,1.31132,1.31157,2.25,2.25
2012.02.20 07:01:49.399,1.31136,1.31161,2.25,3.00
2012.02.20 07:01:50.907,1.31135,1.31159,2.25,1.13
2012.02.20 07:01:51.105,1.31127,1.31152,2.25,2.25
2012.02.20 07:01:51.181,1.31134,1.31158,1.50,2.40
2012.02.20 07:01:51.318,1.31129,1.31154,3.00,2.25
2012.02.20 07:01:51.463,1.31128,1.31151,2.25,1.50
2012.02.20 07:01:51.589,1.3113,1.31155,2.25,2.25
2012.02.20 07:01:51.660,1.31127,1.3115,2.25,1.50
2012.02.20 07:01:52.675,1.31129,1.31154,2.25,1.50
2012.02.20 07:01:54.101,1.31131,1.31156,2.25,2.25
2012.02.20 07:01:55.395,1.31131,1.31154,2.25,1.50
2012.02.20 07:01:55.898,1.31133,1.31156,1.50,2.25
2012.02.20 07:01:55.975,1.31133,1.31156,2.25,2.25
2012.02.20 07:01:56.299,1.31128,1.31151,2.25,2.25
2012.02.20 07:01:57.349,1.31125,1.31148,3.00,1.50
2012.02.20 07:01:57.431,1.31128,1.31153,2.25,2.25
2012.02.20 07:01:58.131,1.31127,1.31152,2.25,1.50
2012.02.20 07:01:59.088,1.31127,1.31152,2.25,1.50
2012.02.20 07:01:59.720,1.31126,1.31151,2.25,1.50
2012.02.20 07:02:00.098,1.31124,1.31149,2.25,1.50
2012.02.20 07:02:00.710,1.31123,1.31148,2.25,1.50
2012.02.20 07:02:00.780,1.31125,1.3115,2.25,1.50
2012.02.20 07:02:01.298,1.31127,1.31152,2.25,2.25
2012.02.20 07:02:04.961,1.31125,1.3115,2.25,1.50
2012.02.20 07:02:05.088,1.31125,1.31148,2.25,1.50
2012.02.20 07:02:05.419,1.31123,1.31144,1.50,1.50
2012.02.20 07:02:09.432,1.31127,1.3115,2.25,1.50
2012.02.20 07:02:09.867,1.31128,1.31151,2.25,2.25
2012.02.20 07:02:10.748,1.31127,1.31152,2.25,2.25
2012.02.20 07:02:11.189,1.31126,1.31151,2.25,2.25
2012.02.20 07:02:11.541,1.31129,1.31154,2.25,2.25
2012.02.20 07:02:12.098,1.31129,1.31152,2.25,1.50
2012.02.20 07:02:13.158,1.31128,1.31151,2.25,2.25
2012.02.20 07:02:13.456,1.31128,1.31153,2.25,2.25
2012.02.20 07:02:13.959,1.31128,1.31153,2.25,2.25
2012.02.20 07:02:14.788,1.31127,1.31152,2.25,1.50
2012.02.20 07:02:15.427,1.31127,1.3115,2.25,1.50
2012.02.20 07:02:15.800,1.31122,1.31147,2.25,1.50
2012.02.20 07:02:18.851,1.31124,1.31149,2.25,1.50
2012.02.20 07:02:19.426,1.31124,1.31149,2.25,1.50
2012.02.20 07:02:19.759,1.31131,1.31154,1.50,2.25
2012.02.20 07:02:20.106,1.31128,1.31153,2.25,2.25
2012.02.20 07:02:20.179,1.31128,1.31153,2.25,2.25
2012.02.20 07:02:20.617,1.31128,1.31151,2.25,1.50
2012.02.20 07:02:21.331,1.31128,1.31151,2.25,1.50
2012.02.20 07:02:21.918,1.3113,1.31153,2.25,2.25
2012.02.20 07:02:21.999,1.31134,1.31159,2.25,2.63
2012.02.20 07:02:23.203,1.31132,1.31157,2.25,2.25
2012.02.20 07:02:23.402,1.31129,1.31152,2.25,1.50
2012.02.20 07:02:23.951,1.31129,1.31152,2.25,2.25
2012.02.20 07:02:24.149,1.31125,1.3115,2.25,2.25
2012.02.20 07:02:24.218,1.31122,1.31147,2.25,1.50
2012.02.20 07:02:24.770,1.31123,1.31146,2.25,1.50
2012.02.20 07:02:25.706,1.31124,1.31149,2.25,1.50
2012.02.20 07:02:26.631,1.31127,1.3115,2.25,2.25
2012.02.20 07:02:28.228,1.31122,1.31147,2.25,2.25
2012.02.20 07:02:28.777,1.31124,1.31147,1.50,2.25
2012.02.20 07:02:29.336,1.31123,1.31148,2.25,2.25
2012.02.20 07:02:30.901,1.31124,1.31147,1.50,2.25
2012.02.20 07:02:34.095,1.31124,1.31147,2.25,2.25
2012.02.20 07:02:35.304,1.31123,1.31146,2.25,1.50
2012.02.20 07:02:35.990,1.31123,1.31148,2.25,2.25
2012.02.20 07:02:36.972,1.31122,1.31147,2.25,2.25
2012.02.20 07:02:37.190,1.31121,1.31146,2.25,2.25
2012.02.20 07:02:37.913,1.31123,1.31146,1.50,2.25
2012.02.20 07:02:39.642,1.31126,1.31149,1.50,2.25
2012.02.20 07:02:40.616,1.31127,1.3115,1.50,2.25
2012.02.20 07:02:40.747,1.31125,1.31148,2.25,2.25
2012.02.20 07:02:42.368,1.31125,1.31148,2.25,2.25
2012.02.20 07:02:43.528,1.31125,1.3115,2.25,2.25
2012.02.20 07:02:49.140,1.31128,1.31151,1.50,2.25
2012.02.20 07:02:51.367,1.31128,1.31151,2.25,2.25
2012.02.20 07:02:53.046,1.31129,1.31152,1.50,2.25
2012.02.20 07:02:53.126,1.31129,1.31153,2.25,1.50
2012.02.20 07:02:53.747,1.31125,1.3115,3.00,1.50
2012.02.20 07:02:53.831,1.3113,1.31153,1.50,2.25
2012.02.20 07:02:53.903,1.31133,1.31158,1.50,2.25
2012.02.20 07:02:53.969,1.31133,1.31158,2.25,2.25
2012.02.20 07:02:54.043,1.31133,1.31158,2.25,2.25
2012.02.20 07:02:54.727,1.3113,1.31155,2.25,1.50
2012.02.20 07:02:55.428,1.3113,1.31155,2.25,1.50
2012.02.20 07:02:56.702,1.31128,1.31153,2.25,1.50
2012.02.20 07:02:56.775,1.31127,1.31152,2.25,1.50
2012.02.20 07:02:57.495,1.31129,1.31152,2.25,1.50
2012.02.20 07:02:58.372,1.31129,1.31152,2.25,1.50
2012.02.20 07:02:58.443,1.31129,1.31154,2.25,1.50
2012.02.20 07:02:58.519,1.31132,1.31157,2.25,2.25
2012.02.20 07:02:58.885,1.31132,1.31155,2.25,1.50
2012.02.20 07:03:01.381,1.31133,1.31156,2.25,1.50
2012.02.20 07:03:01.871,1.31133,1.31156,2.25,1.50
2012.02.20 07:03:02.548,1.3113,1.31155,2.25,1.50
2012.02.20 07:03:02.767,1.31132,1.31157,2.25,1.50
2012.02.20 07:03:03.429,1.31133,1.31156,2.25,1.50
2012.02.20 07:03:03.509,1.31134,1.3116,2.25,2.25
2012.02.20 07:03:04.439,1.31133,1.31158,2.25,1.50
2012.02.20 07:03:05.078,1.31132,1.31157,2.25,1.50
2012.02.20 07:03:05.657,1.31131,1.31156,2.25,1.50
2012.02.20 07:03:05.726,1.31131,1.31156,2.25,1.50
2012.02.20 07:03:05.976,1.31129,1.31151,1.50,1.50
2012.02.20 07:03:06.111,1.31126,1.31151,2.25,1.50
2012.02.20 07:03:06.252,1.31126,1.31151,2.25,1.50
2012.02.20 07:03:06.378,1.31128,1.31154,2.25,2.25
2012.02.20 07:03:07.099,1.31128,1.31154,2.25,2.40
2012.02.20 07:03:07.468,1.31131,1.31156,2.25,1.50
2012.02.20 07:03:07.777,1.31133,1.31159,2.25,1.50
2012.02.20 07:03:07.849,1.3114,1.31163,2.25,2.33
2012.02.20 07:03:08.442,1.3114,1.31163,2.25,2.33
2012.02.20 07:03:08.957,1.3114,1.31163,2.25,1.50
2012.02.20 07:03:09.809,1.31142,1.31165,2.25,1.13
2012.02.20 07:03:12.175,1.31141,1.31164,2.25,1.50
2012.02.20 07:03:12.859,1.31141,1.31164,2.25,1.50
2012.02.20 07:03:13.627,1.3114,1.31165,2.25,2.25
2012.02.20 07:03:17.931,1.31144,1.31166,1.50,1.50
2012.02.20 07:03:18.535,1.31144,1.31167,1.50,2.25
2012.02.20 07:03:20.328,1.31146,1.31172,2.25,2.25
2012.02.20 07:03:20.398,1.31146,1.31172,2.25,2.25
2012.02.20 07:03:21.148,1.3115,1.31173,2.25,1.50
2012.02.20 07:03:21.277,1.31148,1.31171,2.25,1.50
2012.02.20 07:03:22.759,1.31149,1.31172,2.25,1.50
2012.02.20 07:03:23.568,1.31142,1.31165,2.25,1.50
2012.02.20 07:03:23.650,1.31144,1.31166,2.25,1.50
2012.02.20 07:03:24.167,1.31142,1.31166,2.25,1.50
2012.02.20 07:03:27.291,1.31145,1.31169,2.25,2.25
2012.02.20 07:03:28.129,1.31143,1.31168,2.25,2.25
2012.02.20 07:03:28.640,1.31143,1.31166,2.25,1.50
2012.02.20 07:03:29.870,1.31144,1.31167,2.25,1.50
2012.02.20 07:03:30.398,1.31143,1.31166,2.25,1.50
2012.02.20 07:03:31.485,1.31143,1.31166,2.25,3.00
2012.02.20 07:03:31.994,1.31141,1.31166,2.25,2.25
2012.02.20 07:03:34.191,1.31147,1.31167,1.50,1.50
2012.02.20 07:03:34.708,1.31148,1.31169,1.50,1.50
2012.02.20 07:03:35.146,1.31146,1.31169,2.25,1.50
2012.02.20 07:03:36.142,1.31147,1.3117,1.50,1.50
2012.02.20 07:03:36.683,1.31146,1.3117,2.25,1.50
2012.02.20 07:03:37.458,1.31138,1.31163,2.25,1.50
2012.02.20 07:03:37.921,1.31137,1.3116,2.25,1.50
2012.02.20 07:03:38.428,1.31135,1.3116,2.25,2.25
2012.02.20 07:03:40.281,1.31137,1.3116,2.25,2.25
2012.02.20 07:03:40.405,1.31134,1.31158,1.50,1.50
2012.02.20 07:03:40.480,1.31134,1.31158,1.50,2.25
2012.02.20 07:03:41.037,1.31134,1.31157,3.00,1.50
2012.02.20 07:03:41.393,1.31137,1.31161,1.50,3.00
2012.02.20 07:03:42.543,1.31136,1.31159,2.25,1.50
2012.02.20 07:03:43.051,1.31135,1.31158,2.25,1.50
2012.02.20 07:03:43.413,1.31135,1.3116,2.25,2.25
2012.02.20 07:03:45.284,1.31134,1.31158,2.25,1.50
2012.02.20 07:03:45.798,1.31133,1.31157,2.25,1.50
2012.02.20 07:03:46.326,1.31137,1.3116,2.25,1.50
2012.02.20 07:03:46.730,1.31137,1.3116,2.25,1.50
2012.02.20 07:03:47.661,1.31134,1.3116,2.25,3.00
2012.02.20 07:03:48.122,1.31132,1.31155,2.25,1.50
2012.02.20 07:03:48.947,1.31132,1.31157,2.25,3.00
2012.02.20 07:03:50.438,1.31132,1.31157,2.25,3.00
2012.02.20 07:03:51.217,1.31133,1.31157,2.25,1.50
2012.02.20 07:03:51.893,1.31135,1.31157,2.25,1.50
2012.02.20 07:03:52.030,1.31135,1.31158,2.25,1.50
2012.02.20 07:03:52.104,1.31135,1.31159,2.25,1.50
2012.02.20 07:03:52.955,1.31142,1.31164,1.50,1.50
2012.02.20 07:03:53.037,1.31136,1.31161,2.25,2.25
2012.02.20 07:03:53.593,1.31136,1.31159,2.25,1.50
2012.02.20 07:03:54.112,1.31137,1.3116,2.25,3.00
2012.02.20 07:03:54.870,1.31133,1.31159,2.25,1.50
2012.02.20 07:03:55.508,1.31133,1.31159,2.25,1.50
2012.02.20 07:03:56.201,1.31129,1.31154,2.25,2.25
2012.02.20 07:03:56.337,1.31129,1.31154,2.25,3.00
2012.02.20 07:03:57.967,1.31127,1.31151,2.25,1.50
2012.02.20 07:03:58.491,1.3113,1.31153,2.25,2.25
2012.02.20 07:03:59.411,1.31127,1.31151,2.25,1.50
2012.02.20 07:04:00.180,1.31133,1.31151,1.50,1.50
2012.02.20 07:04:00.252,1.31133,1.31156,1.50,2.55
2012.02.20 07:04:00.936,1.31134,1.31157,2.25,2.25
2012.02.20 07:04:02.624,1.31132,1.31155,2.25,1.50
2012.02.20 07:04:03.125,1.3113,1.31154,2.25,1.50
2012.02.20 07:04:05.368,1.31131,1.31155,2.25,1.50
2012.02.20 07:04:08.389,1.31131,1.31154,2.25,1.50
2012.02.20 07:04:08.918,1.31133,1.31157,2.25,2.25
2012.02.20 07:04:09.538,1.31129,1.31155,2.25,1.50
2012.02.20 07:04:09.676,1.31129,1.31153,2.25,1.50
2012.02.20 07:04:09.940,1.31129,1.31153,2.25,1.50
2012.02.20 07:04:10.008,1.31131,1.31155,2.25,1.50
2012.02.20 07:04:11.258,1.31131,1.31155,2.25,1.50
2012.02.20 07:04:19.112,1.31132,1.31152,1.50,1.50
2012.02.20 07:04:19.188,1.31127,1.31152,2.25,3.00
2012.02.20 07:04:21.120,1.31124,1.31149,2.25,1.50
2012.02.20 07:04:22.169,1.31126,1.3115,2.25,1.50
2012.02.20 07:04:23.506,1.3113,1.31151,1.50,1.50
2012.02.20 07:04:23.773,1.31133,1.31152,1.50,1.50
2012.02.20 07:04:23.838,1.31133,1.31155,1.50,1.50
2012.02.20 07:04:24.086,1.31131,1.31155,2.25,1.50
2012.02.20 07:04:24.217,1.31131,1.31154,2.25,2.25
2012.02.20 07:04:25.660,1.3113,1.31153,2.25,1.50
2012.02.20 07:04:26.656,1.3113,1.31153,2.25,1.50
2012.02.20 07:04:26.792,1.3113,1.31155,2.25,1.50
2012.02.20 07:04:26.931,1.31134,1.31157,2.25,3.00
2012.02.20 07:04:27.937,1.31133,1.31158,2.25,3.00
2012.02.20 07:04:28.013,1.3113,1.31154,2.25,2.25
2012.02.20 07:04:28.360,1.3113,1.31156,2.25,3.00
2012.02.20 07:04:29.264,1.3113,1.31156,2.25,2.25
2012.02.20 07:04:31.351,1.31131,1.31156,2.25,2.25
2012.02.20 07:04:31.419,1.31131,1.31156,2.25,1.50
2012.02.20 07:04:31.612,1.31134,1.31159,2.25,2.63
2012.02.20 07:04:31.819,1.31132,1.31158,2.25,3.00
2012.02.20 07:04:33.539,1.31132,1.31157,2.25,1.50
2012.02.20 07:04:34.042,1.31136,1.31158,2.25,1.50
2012.02.20 07:04:34.621,1.31133,1.31159,2.25,3.00
2012.02.20 07:04:35.425,1.31135,1.3116,2.25,2.25
2012.02.20 07:04:35.763,1.3114,1.31163,1.50,2.25
2012.02.20 07:04:35.960,1.31142,1.31165,2.25,2.25
2012.02.20 07:04:36.514,1.31141,1.31164,2.25,1.50
2012.02.20 07:04:36.699,1.31138,1.31163,2.25,2.25
2012.02.20 07:04:37.242,1.31138,1.31163,2.25,3.00
2012.02.20 07:04:37.639,1.31137,1.31162,1.50,2.25
2012.02.20 07:04:38.170,1.31134,1.31159,2.25,1.50
2012.02.20 07:04:38.246,1.3114,1.31165,2.25,2.25
2012.02.20 07:04:38.446,1.31139,1.31165,2.25,2.25
2012.02.20 07:04:38.708,1.31135,1.31161,2.25,2.25
2012.02.20 07:04:38.777,1.31135,1.31158,2.25,1.50
2012.02.20 07:04:39.422,1.31134,1.31157,2.25,1.50
2012.02.20 07:04:39.750,1.31134,1.31157,2.25,1.50
2012.02.20 07:04:40.212,1.3114,1.31163,2.25,2.25
2012.02.20 07:04:41.767,1.31137,1.3116,2.25,1.50
2012.02.20 07:04:41.839,1.31137,1.3116,2.25,2.25
2012.02.20 07:04:42.028,1.31137,1.3116,2.25,2.25
2012.02.20 07:04:44.038,1.31132,1.31157,2.25,1.50
2012.02.20 07:04:44.614,1.31134,1.31157,2.25,1.50
2012.02.20 07:04:45.181,1.31137,1.3116,1.50,2.25
2012.02.20 07:04:45.367,1.31137,1.31162,1.50,2.25
2012.02.20 07:04:45.890,1.31133,1.31157,2.25,1.50
2012.02.20 07:04:46.277,1.31131,1.31155,2.25,1.50
2012.02.20 07:04:46.836,1.31134,1.31158,2.25,2.25
2012.02.20 07:04:46.908,1.31132,1.31155,2.25,1.50
2012.02.20 07:04:47.429,1.31131,1.31154,2.25,1.50
2012.02.20 07:04:47.892,1.31131,1.31156,2.25,1.50
2012.02.20 07:04:48.024,1.31129,1.31154,3.00,1.50
2012.02.20 07:04:48.103,1.31129,1.31151,1.50,1.50
2012.02.20 07:04:48.180,1.31129,1.31149,1.50,1.50
2012.02.20 07:04:49.071,1.31128,1.31153,2.25,2.25
2012.02.20 07:04:49.528,1.31129,1.31153,2.25,1.50
2012.02.20 07:04:51.032,1.31129,1.31153,2.25,2.25
2012.02.20 07:04:52.684,1.31129,1.31153,2.25,1.50
2012.02.20 07:04:52.762,1.3113,1.31154,2.25,2.25
2012.02.20 07:04:55.069,1.31129,1.31154,2.25,2.25
2012.02.20 07:04:55.318,1.31129,1.31154,2.25,2.25
2012.02.20 07:04:56.007,1.31133,1.31155,1.50,1.50
2012.02.20 07:04:56.850,1.3113,1.31154,2.25,2.25
2012.02.20 07:04:58.747,1.31133,1.31158,1.50,3.00
2012.02.20 07:04:59.443,1.31131,1.31156,2.25,2.25
2012.02.20 07:05:02.329,1.31135,1.31158,1.50,1.50
2012.02.20 07:05:02.848,1.31135,1.31158,2.25,1.50
2012.02.20 07:05:05.378,1.31133,1.31156,2.25,1.50
2012.02.20 07:05:06.368,1.31132,1.31155,2.25,1.50
2012.02.20 07:05:06.616,1.31132,1.31157,2.25,2.25
2012.02.20 07:05:07.117,1.31135,1.31158,2.25,2.25
2012.02.20 07:05:08.583,1.31136,1.3116,2.25,1.50
2012.02.20 07:05:08.733,1.31137,1.31162,2.25,2.25
2012.02.20 07:05:09.057,1.31143,1.31166,2.25,2.25
2012.02.20 07:05:10.369,1.31139,1.31164,2.25,1.50
2012.02.20 07:05:10.438,1.31144,1.31169,2.25,2.25
2012.02.20 07:05:10.981,1.31142,1.31167,2.25,2.25
2012.02.20 07:05:14.154,1.31143,1.31166,2.25,1.50
2012.02.20 07:05:14.847,1.31143,1.31166,2.25,2.25
2012.02.20 07:05:15.828,1.31144,1.31169,2.25,2.25
2012.02.20 07:05:16.483,1.31144,1.31167,2.25,1.50
2012.02.20 07:05:18.010,1.31143,1.31168,2.25,2.25
2012.02.20 07:05:21.486,1.31143,1.31166,2.25,1.50
2012.02.20 07:05:22.231,1.31143,1.31166,2.25,1.50
2012.02.20 07:05:22.359,1.31144,1.31169,2.25,3.00
2012.02.20 07:05:22.803,1.31146,1.31169,2.25,2.25
2012.02.20 07:05:23.118,1.31149,1.31174,2.25,4.05
2012.02.20 07:05:23.938,1.31149,1.31174,2.25,3.00
2012.02.20 07:05:24.868,1.31148,1.31173,2.25,1.50
2012.02.20 07:05:25.407,1.31149,1.31172,2.25,1.50
2012.02.20 07:05:25.801,1.31152,1.31175,2.25,2.25
2012.02.20 07:05:26.076,1.31156,1.31179,2.25,2.25
2012.02.20 07:05:26.729,1.31151,1.31176,2.25,1.50
2012.02.20 07:05:27.202,1.31153,1.31178,2.25,1.50
2012.02.20 07:05:27.729,1.31154,1.31177,2.25,1.50
2012.02.20 07:05:28.070,1.31154,1.31179,2.25,2.25
2012.02.20 07:05:29.570,1.31157,1.3118,1.50,2.25
2012.02.20 07:05:30.100,1.31155,1.3118,2.25,2.25
2012.02.20 07:05:30.701,1.31155,1.31178,2.25,1.50
2012.02.20 07:05:30.967,1.31151,1.31176,2.25,1.50
2012.02.20 07:05:31.478,1.31151,1.31176,2.25,2.25
2012.02.20 07:05:32.601,1.31152,1.31175,2.25,1.50
2012.02.20 07:05:33.856,1.31153,1.31176,2.25,2.25
2012.02.20 07:05:36.198,1.31151,1.31176,2.25,2.25
2012.02.20 07:05:36.534,1.3115,1.31173,2.25,1.50
2012.02.20 07:05:36.733,1.3115,1.31175,2.25,2.25
2012.02.20 07:05:36.803,1.31148,1.31172,1.13,1.50
2012.02.20 07:05:37.335,1.31147,1.31171,2.25,2.25
2012.02.20 07:05:37.899,1.31147,1.31172,1.50,2.25
2012.02.20 07:05:37.970,1.31145,1.3117,2.25,2.25
2012.02.20 07:05:40.324,1.3115,1.31173,1.50,2.25
2012.02.20 07:05:40.856,1.3115,1.31173,2.25,2.25
2012.02.20 07:05:41.424,1.31152,1.31175,2.25,2.25
2012.02.20 07:05:42.066,1.31152,1.31177,1.50,2.25
2012.02.20 07:05:42.639,1.31152,1.31177,2.25,2.25
2012.02.20 07:05:45.645,1.31152,1.31175,1.50,2.25
2012.02.20 07:05:46.295,1.31152,1.31175,2.25,2.25
2012.02.20 07:05:50.339,1.31149,1.31174,2.25,2.25
2012.02.20 07:05:50.843,1.31151,1.31174,1.50,2.25
2012.02.20 07:05:51.059,1.31151,1.31176,2.25,2.25
2012.02.20 07:05:51.321,1.31151,1.31176,2.25,2.25
2012.02.20 07:05:51.810,1.31148,1.31172,2.25,1.50
2012.02.20 07:05:52.566,1.3115,1.31175,2.25,2.25
2012.02.20 07:05:53.598,1.31152,1.31177,1.50,2.25
2012.02.20 07:05:54.132,1.31152,1.31177,1.50,2.25
2012.02.20 07:05:54.380,1.31152,1.31177,1.50,2.55
2012.02.20 07:05:54.911,1.31155,1.31177,1.50,1.05
2012.02.20 07:05:55.171,1.31157,1.31177,1.50,1.05
2012.02.20 07:05:55.591,1.31153,1.31176,2.25,2.55
2012.02.20 07:05:56.668,1.31155,1.31176,1.50,1.05
2012.02.20 07:05:59.197,1.31154,1.31177,2.25,2.25
2012.02.20 07:05:59.790,1.31153,1.31176,1.50,2.25
2012.02.20 07:06:00.492,1.31154,1.31177,1.50,2.25
2012.02.20 07:06:01.648,1.31153,1.31176,1.50,2.25
2012.02.20 07:06:03.037,1.31153,1.31176,2.25,2.25
2012.02.20 07:06:03.289,1.31155,1.31178,1.50,2.25
2012.02.20 07:06:03.619,1.31155,1.31178,1.50,2.25
2012.02.20 07:06:04.409,1.31156,1.31179,1.50,2.40
2012.02.20 07:06:04.602,1.31155,1.3118,2.25,2.40
2012.02.20 07:06:05.308,1.31156,1.31181,1.50,2.40
2012.02.20 07:06:07.518,1.31157,1.31182,2.25,2.63
2012.02.20 07:06:07.591,1.31159,1.31182,1.50,2.25
2012.02.20 07:06:08.151,1.31162,1.31187,1.50,3.15
2012.02.20 07:06:08.290,1.31162,1.31187,1.50,3.15
2012.02.20 07:06:08.828,1.31161,1.31186,1.50,2.25
2012.02.20 07:06:09.630,1.31157,1.31182,2.25,2.25
2012.02.20 07:06:09.997,1.3115,1.31176,2.25,2.25
2012.02.20 07:06:10.538,1.3115,1.31174,2.25,1.50
2012.02.20 07:06:10.670,1.31153,1.31178,2.25,2.25
2012.02.20 07:06:13.479,1.3115,1.31175,2.25,1.50
2012.02.20 07:06:13.921,1.31149,1.31173,1.13,2.25
2012.02.20 07:06:14.137,1.31149,1.31173,1.13,2.25
2012.02.20 07:06:16.062,1.31148,1.31169,1.13,1.50
2012.02.20 07:06:16.571,1.31148,1.3117,1.13,1.50
2012.02.20 07:06:16.643,1.31148,1.3117,1.13,1.50
2012.02.20 07:06:17.158,1.31149,1.31172,1.50,2.25
2012.02.20 07:06:17.694,1.31149,1.31172,1.50,2.25
2012.02.20 07:06:17.831,1.31145,1.31169,2.25,2.25
2012.02.20 07:06:17.903,1.31143,1.31169,2.25,2.25
2012.02.20 07:06:18.926,1.31149,1.31173,1.50,2.25
2012.02.20 07:06:19.482,1.31146,1.3117,1.50,2.25
2012.02.20 07:06:19.667,1.31145,1.3117,3.00,2.25
2012.02.20 07:06:20.218,1.31146,1.3117,1.50,2.25
2012.02.20 07:06:20.290,1.31149,1.31172,1.50,2.25
2012.02.20 07:06:20.416,1.31148,1.31174,2.25,2.25
2012.02.20 07:06:21.053,1.31151,1.31174,2.25,2.25
2012.02.20 07:06:21.551,1.31148,1.31171,2.25,1.50
2012.02.20 07:06:21.620,1.31149,1.31172,2.25,2.25
2012.02.20 07:06:22.319,1.31149,1.31172,1.50,2.25
2012.02.20 07:06:23.079,1.3115,1.31175,1.50,2.25
2012.02.20 07:06:23.410,1.31151,1.31176,2.25,2.25
2012.02.20 07:06:23.912,1.31151,1.31174,2.25,2.25
2012.02.20 07:06:24.040,1.31152,1.31177,3.00,2.25
2012.02.20 07:06:24.358,1.31159,1.31182,2.25,2.25
2012.02.20 07:06:24.488,1.31155,1.31178,2.25,1.50
2012.02.20 07:06:25.126,1.31155,1.31178,2.25,1.50
2012.02.20 07:06:25.613,1.31158,1.31181,2.25,2.25
2012.02.20 07:06:28.803,1.31153,1.31176,2.25,1.50
2012.02.20 07:06:28.879,1.31153,1.31176,2.25,1.50
2012.02.20 07:06:29.186,1.31153,1.31178,2.25,1.50
2012.02.20 07:06:29.826,1.31158,1.31183,2.25,2.25
2012.02.20 07:06:29.967,1.31157,1.3118,2.25,1.50
2012.02.20 07:06:30.838,1.31157,1.3118,2.25,2.25
2012.02.20 07:06:31.392,1.31156,1.31179,2.25,1.50
2012.02.20 07:06:33.928,1.31157,1.3118,2.25,3.00
2012.02.20 07:06:34.348,1.31153,1.31178,2.25,1.50
2012.02.20 07:06:34.505,1.31153,1.31178,2.25,2.25
2012.02.20 07:06:37.110,1.31153,1.31178,2.25,1.50
2012.02.20 07:06:37.240,1.31155,1.3118,2.25,3.00
2012.02.20 07:06:37.309,1.31159,1.31182,1.50,2.25
2012.02.20 07:06:37.827,1.31158,1.31183,2.25,2.25
2012.02.20 07:06:38.234,1.31159,1.31184,2.25,2.25
2012.02.20 07:06:39.529,1.31163,1.31186,1.50,1.88
2012.02.20 07:06:40.331,1.31164,1.31186,1.50,1.88
2012.02.20 07:06:41.176,1.3116,1.31183,2.25,2.25
2012.02.20 07:06:41.247,1.31155,1.3118,2.25,1.50
2012.02.20 07:06:41.316,1.31155,1.3118,2.25,2.25
2012.02.20 07:06:47.140,1.31155,1.3118,2.25,2.25
2012.02.20 07:06:47.649,1.31153,1.31178,2.25,2.25
2012.02.20 07:06:48.715,1.31152,1.31177,2.63,2.25
2012.02.20 07:06:48.792,1.3116,1.31183,1.50,3.00
2012.02.20 07:06:48.867,1.31163,1.31186,1.50,2.25
2012.02.20 07:06:49.921,1.31163,1.31188,2.25,3.00
2012.02.20 07:06:50.250,1.31164,1.31189,1.50,2.40
2012.02.20 07:06:51.892,1.31162,1.31187,1.50,2.25
2012.02.20 07:06:52.407,1.31163,1.31188,1.50,2.40
2012.02.20 07:06:55.007,1.31162,1.31185,2.25,2.25
2012.02.20 07:06:55.624,1.31163,1.31186,1.50,2.25
2012.02.20 07:06:56.758,1.31162,1.31185,2.25,2.25
2012.02.20 07:06:57.857,1.31161,1.31186,2.25,2.25
2012.02.20 07:06:58.050,1.31165,1.31188,1.50,2.40
2012.02.20 07:06:58.601,1.31164,1.31187,1.50,2.25
2012.02.20 07:07:00.496,1.3116,1.31185,2.25,2.25
2012.02.20 07:07:00.685,1.3116,1.31185,2.25,2.25
2012.02.20 07:07:01.375,1.3116,1.31185,2.25,2.25
2012.02.20 07:07:01.905,1.31162,1.31185,2.25,2.25
2012.02.20 07:07:02.457,1.31163,1.31186,2.25,2.25
2012.02.20 07:07:09.418,1.31167,1.3119,1.50,2.40
2012.02.20 07:07:14.254,1.31165,1.3119,2.25,2.40
2012.02.20 07:07:17.020,1.31167,1.3119,1.50,2.40
2012.02.20 07:07:17.150,1.31163,1.31188,2.25,2.25
2012.02.20 07:07:17.911,1.31164,1.31187,2.25,2.25
2012.02.20 07:07:18.206,1.31164,1.31187,2.25,1.50
2012.02.20 07:07:18.337,1.31167,1.3119,1.50,2.40
2012.02.20 07:07:18.919,1.31167,1.3119,1.50,2.40
2012.02.20 07:07:19.251,1.31168,1.31192,2.25,1.05
2012.02.20 07:07:19.823,1.31168,1.31193,2.25,2.25
2012.02.20 07:07:20.970,1.31162,1.31181,1.50,1.50
2012.02.20 07:07:21.222,1.31157,1.31181,1.50,2.10
2012.02.20 07:07:21.417,1.31156,1.31179,1.50,1.50
2012.02.20 07:07:21.730,1.31151,1.31174,1.50,1.28
2012.02.20 07:07:21.859,1.31153,1.31174,1.50,1.13
2012.02.20 07:07:22.393,1.31153,1.31174,1.50,1.13
2012.02.20 07:07:22.463,1.31151,1.31177,2.25,2.25
2012.02.20 07:07:23.690,1.3115,1.31173,2.25,1.50
2012.02.20 07:07:24.081,1.3115,1.31175,2.25,1.50
2012.02.20 07:07:24.681,1.31149,1.31174,3.00,1.50
2012.02.20 07:07:24.995,1.31153,1.31177,2.25,2.25
2012.02.20 07:07:26.750,1.31153,1.31177,2.25,1.50
2012.02.20 07:07:26.819,1.31157,1.3118,2.25,2.25
2012.02.20 07:07:27.461,1.31157,1.3118,2.25,2.25
2012.02.20 07:07:28.822,1.31157,1.3118,1.50,2.25
2012.02.20 07:07:29.011,1.31154,1.31179,2.25,2.25
2012.02.20 07:07:29.279,1.31155,1.31178,2.25,1.50
2012.02.20 07:07:29.864,1.31156,1.31181,2.25,2.25
2012.02.20 07:07:32.335,1.31154,1.31179,2.25,1.50
2012.02.20 07:07:32.890,1.31155,1.3118,2.25,2.25
2012.02.20 07:07:32.960,1.31155,1.31178,2.25,2.25
2012.02.20 07:07:33.210,1.31154,1.31177,2.25,1.50
2012.02.20 07:07:34.140,1.31155,1.3118,2.25,2.25
2012.02.20 07:07:34.220,1.31165,1.31184,1.50,1.50
2012.02.20 07:07:34.408,1.31165,1.31188,1.50,2.25
2012.02.20 07:07:35.030,1.31161,1.31184,2.25,1.50
2012.02.20 07:07:35.708,1.31162,1.31187,2.25,2.25
2012.02.20 07:07:36.383,1.31162,1.31185,2.25,1.50
2012.02.20 07:07:37.087,1.3116,1.31185,2.25,2.25
2012.02.20 07:07:41.552,1.31162,1.31185,1.50,2.25
2012.02.20 07:07:41.772,1.31159,1.31184,2.25,2.25
2012.02.20 07:07:41.977,1.31157,1.31182,2.25,2.25
2012.02.20 07:07:42.289,1.31157,1.31182,2.25,2.25
2012.02.20 07:07:42.621,1.31161,1.31186,1.50,3.75
2012.02.20 07:07:43.207,1.31159,1.31184,1.50,2.25
2012.02.20 07:07:44.111,1.31157,1.31182,2.25,2.25
2012.02.20 07:07:44.186,1.31156,1.31181,2.25,2.25
2012.02.20 07:07:45.300,1.31154,1.31179,3.00,1.50
2012.02.20 07:07:45.661,1.31154,1.31177,3.00,1.50
2012.02.20 07:07:45.967,1.31154,1.31179,3.00,2.25
2012.02.20 07:07:46.278,1.31154,1.31176,1.50,1.50
2012.02.20 07:07:46.843,1.31152,1.31177,3.00,1.50
2012.02.20 07:07:48.132,1.31153,1.31176,2.25,1.50
2012.02.20 07:07:48.198,1.31154,1.31179,2.25,2.25
2012.02.20 07:07:48.516,1.31156,1.31177,1.50,1.50
2012.02.20 07:07:48.591,1.31158,1.31181,2.25,1.50
2012.02.20 07:07:49.199,1.31157,1.3118,2.25,1.50
2012.02.20 07:07:49.708,1.31157,1.31179,1.50,2.25
2012.02.20 07:07:49.911,1.31159,1.31181,1.13,2.25
2012.02.20 07:07:50.514,1.31162,1.31186,1.13,1.50
2012.02.20 07:07:50.968,1.31163,1.31184,1.50,1.50
2012.02.20 07:07:51.532,1.31163,1.31184,1.50,2.25
2012.02.20 07:07:51.865,1.3115,1.3117,1.43,1.50
2012.02.20 07:07:52.334,1.31147,1.31169,1.50,1.50
2012.02.20 07:07:53.522,1.31148,1.31171,2.25,2.25
2012.02.20 07:07:56.677,1.31145,1.3117,2.25,2.25
2012.02.20 07:07:57.273,1.31148,1.31171,2.25,2.25
2012.02.20 07:08:01.177,1.31147,1.3117,1.50,1.50
2012.02.20 07:08:01.748,1.31144,1.3117,2.25,2.25
2012.02.20 07:08:02.829,1.31143,1.31168,1.50,1.50
2012.02.20 07:08:09.921,1.31147,1.3117,2.25,2.25
2012.02.20 07:08:10.567,1.31146,1.31169,2.25,1.50
2012.02.20 07:08:11.343,1.31146,1.31171,2.25,2.25
2012.02.20 07:08:11.530,1.31148,1.31173,2.25,2.25
2012.02.20 07:08:13.884,1.31148,1.31171,2.25,1.50
2012.02.20 07:08:15.511,1.31148,1.31173,2.25,1.50
2012.02.20 07:08:15.963,1.31147,1.31171,3.00,1.50
2012.02.20 07:08:17.608,1.31147,1.31171,3.00,1.50
2012.02.20 07:08:18.188,1.31147,1.31173,3.00,1.50
2012.02.20 07:08:18.699,1.31147,1.31173,3.00,1.50
2012.02.20 07:08:19.705,1.31147,1.31172,1.50,1.50
2012.02.20 07:08:20.210,1.31147,1.31172,1.50,1.50
2012.02.20 07:08:20.402,1.31147,1.31168,1.50,1.50
2012.02.20 07:08:21.141,1.31147,1.31173,3.00,2.25
2012.02.20 07:08:21.209,1.31147,1.31173,3.00,2.25
2012.02.20 07:08:24.129,1.31152,1.31175,1.50,3.00
2012.02.20 07:08:24.669,1.31147,1.31173,3.00,2.25
2012.02.20 07:08:28.138,1.31148,1.31174,2.25,2.25
2012.02.20 07:08:28.910,1.31151,1.31175,1.50,1.50
2012.02.20 07:08:31.078,1.3115,1.31175,2.25,3.00
2012.02.20 07:08:32.159,1.31151,1.31174,1.50,2.25
2012.02.20 07:08:32.469,1.31151,1.31174,1.50,2.25
2012.02.20 07:08:32.642,1.31149,1.31175,2.25,3.00
2012.02.20 07:08:33.937,1.31152,1.31175,1.50,3.00
2012.02.20 07:08:34.011,1.31152,1.31175,1.50,3.00
2012.02.20 07:08:34.577,1.31151,1.31175,2.25,3.00
2012.02.20 07:08:35.233,1.31151,1.31175,2.25,3.00
2012.02.20 07:08:35.362,1.31154,1.31175,1.50,1.50
2012.02.20 07:08:35.879,1.31153,1.31175,2.25,1.50
2012.02.20 07:08:37.170,1.31153,1.31175,1.50,1.50
2012.02.20 07:08:37.858,1.31151,1.31175,2.25,1.50
2012.02.20 07:08:45.828,1.31155,1.31175,1.50,1.50
2012.02.20 07:08:46.567,1.31151,1.31175,2.25,3.00
2012.02.20 07:08:47.171,1.3115,1.31174,2.25,2.25
2012.02.20 07:08:47.770,1.31148,1.31174,2.25,2.25
2012.02.20 07:08:52.100,1.31152,1.31175,1.50,2.25
2012.02.20 07:08:52.237,1.3115,1.31176,2.25,2.25
2012.02.20 07:08:53.018,1.31152,1.31175,1.50,2.25
2012.02.20 07:08:53.268,1.31147,1.31173,2.25,2.25
2012.02.20 07:08:53.393,1.31147,1.3117,2.25,1.50
2012.02.20 07:08:53.978,1.31149,1.31173,2.25,2.25
2012.02.20 07:08:54.750,1.31149,1.31172,2.25,1.50
2012.02.20 07:08:54.878,1.31149,1.31172,2.25,1.50
2012.02.20 07:09:00.554,1.3115,1.31176,2.25,2.25
2012.02.20 07:09:04.336,1.31149,1.31172,2.25,1.50
2012.02.20 07:09:04.788,1.31146,1.31171,1.50,2.25
2012.02.20 07:09:04.918,1.31146,1.31163,1.50,1.50
2012.02.20 07:09:05.047,1.31137,1.31158,1.50,1.50
2012.02.20 07:09:05.357,1.31136,1.31162,2.25,2.25
2012.02.20 07:09:07.372,1.31139,1.31161,3.00,1.50
2012.02.20 07:09:07.438,1.31139,1.31154,3.00,2.25
2012.02.20 07:09:07.711,1.31127,1.31145,1.13,1.50
2012.02.20 07:09:07.840,1.31133,1.31152,1.50,1.13
2012.02.20 07:09:08.148,1.31137,1.3116,1.50,2.18
2012.02.20 07:09:08.278,1.31137,1.3116,1.50,1.43
2012.02.20 07:09:08.838,1.31136,1.31161,1.50,2.25
2012.02.20 07:09:09.234,1.31138,1.31162,1.50,2.25
2012.02.20 07:09:09.795,1.31134,1.31157,2.25,1.50
2012.02.20 07:09:11.486,1.31131,1.31155,2.25,1.50
2012.02.20 07:09:11.897,1.31131,1.31157,2.25,1.50
2012.02.20 07:09:12.330,1.31136,1.31159,2.25,2.25
2012.02.20 07:09:19.708,1.31137,1.31163,1.50,2.25
2012.02.20 07:09:20.030,1.31132,1.31155,2.25,1.50
2012.02.20 07:09:20.218,1.31135,1.31159,2.25,2.25
2012.02.20 07:09:20.551,1.31136,1.31162,2.25,2.25
2012.02.20 07:09:21.188,1.31139,1.31163,1.50,2.25
2012.02.20 07:09:21.719,1.31139,1.31165,2.25,2.25
2012.02.20 07:09:22.348,1.31138,1.31162,2.25,1.50
2012.02.20 07:09:22.852,1.31137,1.31161,2.25,1.50
2012.02.20 07:09:23.109,1.31135,1.31161,2.25,2.25
2012.02.20 07:09:24.025,1.3114,1.31165,2.25,2.25
2012.02.20 07:09:24.274,1.31143,1.31167,2.25,2.25
2012.02.20 07:09:24.976,1.31139,1.31164,2.25,1.50
2012.02.20 07:09:25.521,1.31142,1.31165,2.25,1.50
2012.02.20 07:09:26.070,1.31142,1.31165,2.25,2.25
2012.02.20 07:09:28.575,1.31138,1.31163,2.25,1.50
2012.02.20 07:09:28.799,1.3114,1.31165,2.25,2.25
2012.02.20 07:09:34.833,1.31142,1.31165,2.25,2.25
2012.02.20 07:09:35.451,1.31138,1.31161,1.13,1.65
2012.02.20 07:09:35.531,1.31141,1.31163,1.50,1.50
2012.02.20 07:09:35.603,1.31145,1.31165,1.50,1.13
2012.02.20 07:09:35.672,1.31147,1.31165,1.50,1.13
2012.02.20 07:09:36.098,1.31146,1.31171,2.25,2.25
2012.02.20 07:09:36.542,1.31146,1.31171,2.25,2.25
2012.02.20 07:09:36.874,1.3114,1.31164,2.25,1.50
2012.02.20 07:09:37.564,1.3114,1.31164,2.25,1.50
2012.02.20 07:09:37.997,1.31143,1.31166,2.25,1.50
2012.02.20 07:09:38.229,1.31143,1.31166,2.25,1.80
2012.02.20 07:09:38.299,1.31137,1.31162,1.88,2.55
2012.02.20 07:09:38.819,1.31137,1.31161,1.50,1.43
2012.02.20 07:09:38.892,1.31144,1.31162,1.50,1.35
2012.02.20 07:09:39.540,1.31143,1.31164,2.25,1.35
2012.02.20 07:09:40.213,1.31143,1.31164,2.25,1.05
2012.02.20 07:09:40.549,1.31143,1.31168,2.25,2.25
2012.02.20 07:09:52.008,1.3114,1.31165,2.25,2.25
2012.02.20 07:09:53.556,1.31142,1.31165,1.50,2.25
2012.02.20 07:09:56.849,1.31137,1.31162,2.25,2.25
2012.02.20 07:09:56.926,1.31135,1.3116,2.25,1.50
2012.02.20 07:09:57.546,1.31136,1.31161,2.25,1.50
2012.02.20 07:09:58.102,1.31138,1.31161,2.25,1.50
2012.02.20 07:09:58.213,1.3114,1.31163,2.25,2.25
2012.02.20 07:09:58.338,1.31142,1.31167,1.50,2.25
2012.02.20 07:09:59.313,1.31141,1.31164,1.50,2.25
2012.02.20 07:10:00.320,1.31139,1.31163,2.25,2.25
2012.02.20 07:10:02.122,1.31137,1.31161,2.25,1.50
2012.02.20 07:10:02.627,1.31135,1.31161,2.25,1.50
2012.02.20 07:10:03.145,1.31137,1.31163,2.25,2.25
2012.02.20 07:10:03.767,1.31139,1.31163,2.25,2.25
2012.02.20 07:10:05.881,1.31138,1.31161,2.25,1.50
2012.02.20 07:10:06.418,1.31135,1.3116,2.25,1.50
2012.02.20 07:10:06.488,1.31139,1.31162,2.25,1.50
2012.02.20 07:10:07.106,1.3114,1.31163,2.25,2.25
2012.02.20 07:10:07.742,1.31139,1.31162,2.25,1.50
2012.02.20 07:10:08.329,1.31141,1.31164,1.50,2.25
2012.02.20 07:10:11.146,1.3114,1.31163,2.25,2.25
2012.02.20 07:10:13.601,1.3114,1.31163,2.25,1.50
2012.02.20 07:10:14.159,1.31141,1.31164,2.25,2.25
2012.02.20 07:10:20.279,1.31142,1.31166,1.50,2.25
2012.02.20 07:10:20.800,1.31143,1.31167,1.50,2.25
2012.02.20 07:10:21.242,1.31146,1.3117,1.50,2.25
2012.02.20 07:10:21.367,1.31146,1.3117,2.25,2.25
2012.02.20 07:10:21.621,1.31146,1.3117,2.25,2.25
2012.02.20 07:10:22.213,1.31144,1.31168,2.25,1.50
2012.02.20 07:10:23.103,1.31141,1.31167,2.25,1.50
2012.02.20 07:10:23.228,1.31141,1.31167,2.25,1.50
2012.02.20 07:10:23.508,1.31143,1.31169,2.25,1.50
2012.02.20 07:10:23.578,1.31143,1.31167,2.25,1.50
2012.02.20 07:10:26.776,1.31146,1.31169,2.25,1.50
2012.02.20 07:10:27.461,1.31142,1.31168,2.25,1.50
2012.02.20 07:10:29.250,1.31141,1.31167,2.25,1.50
2012.02.20 07:10:29.904,1.31142,1.31168,2.25,1.50
2012.02.20 07:10:30.148,1.31142,1.31168,2.25,1.50
2012.02.20 07:10:30.340,1.31146,1.31172,2.25,3.00
2012.02.20 07:10:31.040,1.31146,1.31172,2.25,3.00
2012.02.20 07:10:34.301,1.31146,1.31172,2.25,3.00
2012.02.20 07:10:34.610,1.31144,1.31167,3.00,1.50
2012.02.20 07:10:34.755,1.31144,1.3117,3.00,2.25
2012.02.20 07:10:35.275,1.31144,1.3117,3.38,2.25
2012.02.20 07:10:36.809,1.31144,1.31169,3.00,1.50
2012.02.20 07:10:39.513,1.31146,1.3117,2.25,2.25
2012.02.20 07:10:44.487,1.31149,1.31172,2.25,1.50
2012.02.20 07:10:51.039,1.31148,1.31171,2.25,1.50
2012.02.20 07:10:51.596,1.31147,1.31172,2.25,1.50
2012.02.20 07:10:52.319,1.3115,1.31173,2.25,2.25
2012.02.20 07:10:53.037,1.31149,1.31172,2.25,1.50
2012.02.20 07:10:56.766,1.31146,1.3117,2.25,1.50
2012.02.20 07:10:56.850,1.31145,1.3117,2.25,1.50
2012.02.20 07:10:57.361,1.31143,1.31169,2.25,2.25
2012.02.20 07:11:11.833,1.31144,1.3117,1.50,2.78
2012.02.20 07:11:11.975,1.31142,1.31168,2.25,2.25
2012.02.20 07:11:12.125,1.31142,1.31165,3.00,1.50
2012.02.20 07:11:13.020,1.31136,1.31159,2.63,1.50
2012.02.20 07:11:13.100,1.31136,1.31161,2.63,1.50
2012.02.20 07:11:13.429,1.31136,1.3116,2.25,1.50
2012.02.20 07:11:13.948,1.3114,1.31163,1.50,3.00
2012.02.20 07:11:14.018,1.3114,1.31163,2.25,3.00
2012.02.20 07:11:15.570,1.31142,1.31165,1.50,3.00
2012.02.20 07:11:15.709,1.31142,1.31165,2.25,3.00
2012.02.20 07:11:16.469,1.31141,1.31164,2.25,1.50
2012.02.20 07:11:17.820,1.3114,1.31163,2.25,1.50
2012.02.20 07:11:18.732,1.31143,1.31166,2.25,3.00
2012.02.20 07:11:23.729,1.31139,1.31162,2.25,1.50
2012.02.20 07:11:24.157,1.31141,1.31164,2.25,2.25
2012.02.20 07:11:30.857,1.3114,1.31163,2.25,1.50
2012.02.20 07:11:31.927,1.31141,1.31164,2.25,2.25
2012.02.20 07:11:37.070,1.3114,1.31163,2.25,1.50
2012.02.20 07:11:37.501,1.31138,1.31163,2.25,2.25
2012.02.20 07:11:37.810,1.31138,1.31161,2.25,1.50
2012.02.20 07:11:38.059,1.31138,1.31163,2.25,2.25
2012.02.20 07:11:40.920,1.31142,1.31164,1.50,2.25
2012.02.20 07:11:47.330,1.31141,1.31164,2.25,2.25
2012.02.20 07:11:48.452,1.31139,1.31162,2.25,1.50
2012.02.20 07:11:48.819,1.31141,1.31162,1.50,1.50
2012.02.20 07:11:50.228,1.31142,1.31162,1.50,1.50
2012.02.20 07:11:50.830,1.31141,1.31163,2.25,1.50
2012.02.20 07:11:54.896,1.3114,1.31162,2.25,1.50
2012.02.20 07:11:55.696,1.3114,1.31162,2.25,1.50
2012.02.20 07:11:57.649,1.3114,1.31163,2.25,2.25
2012.02.20 07:11:58.270,1.31139,1.31163,2.25,3.00
2012.02.20 07:11:58.346,1.31139,1.31163,2.25,3.00
2012.02.20 07:12:00.109,1.31137,1.3116,2.25,1.50
2012.02.20 07:12:00.358,1.31137,1.31162,2.25,1.50
2012.02.20 07:12:00.954,1.31136,1.31161,2.25,1.50
2012.02.20 07:12:01.728,1.31137,1.3116,2.25,1.50
2012.02.20 07:12:02.530,1.31139,1.31163,2.25,3.00
2012.02.20 07:12:03.710,1.31138,1.31162,2.25,1.50
2012.02.20 07:12:03.902,1.31137,1.31161,2.25,3.00
2012.02.20 07:12:07.867,1.31136,1.31159,2.25,1.50
2012.02.20 07:12:08.428,1.31135,1.3116,2.25,2.25
2012.02.20 07:12:09.051,1.31134,1.31159,3.00,1.50
2012.02.20 07:12:12.789,1.31134,1.31159,3.00,2.25
2012.02.20 07:12:13.667,1.31135,1.31158,2.25,1.50
2012.02.20 07:12:15.091,1.31135,1.31158,2.25,1.50
2012.02.20 07:12:15.971,1.31134,1.31157,1.50,1.50
2012.02.20 07:12:18.552,1.31134,1.31157,1.50,1.50
2012.02.20 07:12:19.330,1.31129,1.31154,2.25,1.50
2012.02.20 07:12:20.515,1.3113,1.31156,2.25,2.25
2012.02.20 07:12:22.796,1.3113,1.31156,2.25,1.50
2012.02.20 07:12:22.989,1.31134,1.31159,2.25,3.00
2012.02.20 07:12:23.180,1.3113,1.31156,2.25,1.50
2012.02.20 07:12:23.607,1.3113,1.31156,2.25,2.25
2012.02.20 07:12:26.489,1.31135,1.31159,1.50,1.50
2012.02.20 07:12:26.562,1.31135,1.31159,2.25,1.50
2012.02.20 07:12:27.120,1.31134,1.31158,2.25,1.50
2012.02.20 07:12:27.680,1.31135,1.31159,2.25,1.50
2012.02.20 07:12:28.014,1.31128,1.31153,2.25,2.25
2012.02.20 07:12:28.260,1.31131,1.31155,2.25,1.50
2012.02.20 07:12:28.850,1.31136,1.31155,1.50,1.50
2012.02.20 07:12:28.922,1.31137,1.31155,1.50,1.50
2012.02.20 07:12:29.263,1.31132,1.31155,2.25,1.50
2012.02.20 07:12:29.781,1.31132,1.31155,2.25,3.00
2012.02.20 07:12:30.340,1.31133,1.31156,1.50,1.50
2012.02.20 07:12:30.857,1.31132,1.31155,2.25,2.25
2012.02.20 07:12:31.689,1.31131,1.31154,2.25,1.50
2012.02.20 07:12:32.258,1.31129,1.31154,3.00,1.50
2012.02.20 07:12:32.879,1.31134,1.31157,2.25,2.25
2012.02.20 07:12:33.557,1.31134,1.31157,1.50,2.25
2012.02.20 07:12:33.629,1.31134,1.31157,2.25,1.50
2012.02.20 07:12:34.165,1.31134,1.31157,2.25,1.50
2012.02.20 07:12:34.820,1.31132,1.31155,3.00,1.50
2012.02.20 07:12:35.466,1.31133,1.31156,2.25,1.50
2012.02.20 07:12:36.467,1.31133,1.31158,2.63,2.25
2012.02.20 07:12:37.070,1.31133,1.31157,1.50,1.50
2012.02.20 07:12:39.392,1.31133,1.31158,1.50,2.25
2012.02.20 07:12:41.256,1.31132,1.31158,3.00,3.00
2012.02.20 07:12:41.961,1.31132,1.31158,3.00,3.00
2012.02.20 07:12:42.732,1.31132,1.31158,3.00,3.00
2012.02.20 07:12:42.797,1.31132,1.31155,1.50,1.50
2012.02.20 07:12:44.012,1.31132,1.31154,1.50,1.50
2012.02.20 07:12:44.558,1.3113,1.31153,2.25,1.50
2012.02.20 07:12:45.082,1.31129,1.31153,2.25,2.25
2012.02.20 07:12:45.398,1.31125,1.3115,3.00,1.50
2012.02.20 07:12:46.576,1.31128,1.31153,2.25,2.25
2012.02.20 07:12:47.096,1.31128,1.31152,1.50,1.50
2012.02.20 07:12:47.780,1.31128,1.31151,1.50,1.50
2012.02.20 07:12:48.520,1.31128,1.31152,1.50,2.25
2012.02.20 07:12:48.860,1.31128,1.3115,1.50,1.50
2012.02.20 07:12:49.613,1.31131,1.31154,2.25,1.50
2012.02.20 07:12:49.803,1.31131,1.31155,2.25,3.00
2012.02.20 07:12:50.573,1.3113,1.31153,2.25,1.50
2012.02.20 07:12:51.106,1.31128,1.31153,3.00,3.00
2012.02.20 07:12:51.182,1.31129,1.31153,2.25,1.50
2012.02.20 07:12:51.314,1.31128,1.31153,3.00,3.00
2012.02.20 07:12:55.881,1.31128,1.31152,1.50,1.50
2012.02.20 07:12:56.387,1.31131,1.31153,1.50,2.25
2012.02.20 07:12:59.288,1.31129,1.31152,2.25,1.50
2012.02.20 07:12:59.939,1.31129,1.31153,2.25,2.25
2012.02.20 07:13:01.833,1.3113,1.31153,2.25,1.50
2012.02.20 07:13:02.639,1.3113,1.31154,2.25,2.25
2012.02.20 07:13:02.949,1.31127,1.3115,1.50,2.25
2012.02.20 07:13:03.470,1.31124,1.31148,2.25,1.50
2012.02.20 07:13:03.539,1.31124,1.31147,2.25,1.50
2012.02.20 07:13:03.610,1.31126,1.31147,1.50,1.50
2012.02.20 07:13:03.679,1.31123,1.31147,2.25,1.50
2012.02.20 07:13:03.813,1.31126,1.31147,1.50,1.50
2012.02.20 07:13:04.533,1.31126,1.31144,1.50,1.50
2012.02.20 07:13:04.614,1.31129,1.3115,1.50,1.50
2012.02.20 07:13:05.063,1.31127,1.31149,1.50,1.50
2012.02.20 07:13:05.131,1.31127,1.31149,1.50,1.50
2012.02.20 07:13:05.676,1.31123,1.31148,2.25,2.25
2012.02.20 07:13:05.752,1.31121,1.31146,2.25,2.25
2012.02.20 07:13:05.820,1.31121,1.31145,2.25,2.25
2012.02.20 07:13:06.342,1.31124,1.31145,1.50,2.25
2012.02.20 07:13:06.513,1.31122,1.31145,1.50,2.25
2012.02.20 07:13:06.799,1.3112,1.31144,2.25,1.50
2012.02.20 07:13:08.959,1.3112,1.31144,1.50,2.25
2012.02.20 07:13:09.036,1.31117,1.3114,1.50,3.00
2012.02.20 07:13:09.490,1.31119,1.3114,1.50,1.50
2012.02.20 07:13:10.023,1.31119,1.31141,1.50,1.50
2012.02.20 07:13:10.587,1.31118,1.31141,2.25,1.50
2012.02.20 07:13:11.822,1.31117,1.31142,2.25,2.25
2012.02.20 07:13:12.129,1.31119,1.31142,2.25,1.50
2012.02.20 07:13:12.463,1.3112,1.31143,2.25,2.25
2012.02.20 07:13:13.460,1.3112,1.31143,2.25,1.50
2012.02.20 07:13:14.769,1.3112,1.31143,2.25,1.50
2012.02.20 07:13:18.164,1.31114,1.31134,3.00,1.88
2012.02.20 07:13:18.236,1.31115,1.31126,1.50,1.13
2012.02.20 07:13:18.317,1.31115,1.31124,1.50,1.50
2012.02.20 07:13:18.534,1.31099,1.31117,1.50,1.50
2012.02.20 07:13:18.674,1.31102,1.31122,1.50,2.25
2012.02.20 07:13:19.177,1.31105,1.31128,1.13,1.88
2012.02.20 07:13:19.262,1.31107,1.3113,2.25,3.00
2012.02.20 07:13:19.406,1.31107,1.3113,3.75,1.50
2012.02.20 07:13:19.729,1.31112,1.31135,2.25,1.50
2012.02.20 07:13:20.239,1.31111,1.31136,3.00,2.25
2012.02.20 07:13:21.256,1.31112,1.31135,2.25,1.50
2012.02.20 07:13:22.326,1.31111,1.31133,1.50,1.50
2012.02.20 07:13:22.581,1.31113,1.31136,1.50,3.00
2012.02.20 07:13:23.010,1.31116,1.31137,1.50,1.50
2012.02.20 07:13:23.561,1.31112,1.31135,2.25,1.50
2012.02.20 07:13:24.499,1.31111,1.31136,3.00,2.25
2012.02.20 07:13:25.948,1.31112,1.31135,2.25,1.50
2012.02.20 07:13:29.185,1.31111,1.31134,3.00,1.50
2012.02.20 07:13:29.601,1.31113,1.31138,2.25,3.00
2012.02.20 07:13:30.311,1.31112,1.31135,2.25,1.50
2012.02.20 07:13:31.363,1.31111,1.31134,1.50,1.50
2012.02.20 07:13:32.680,1.31111,1.31136,3.00,2.25
2012.02.20 07:13:33.288,1.31111,1.31135,1.50,1.50
2012.02.20 07:13:34.420,1.31114,1.31137,1.50,2.25
2012.02.20 07:13:36.413,1.31114,1.31137,1.50,2.25
2012.02.20 07:13:37.001,1.31113,1.31135,2.25,1.50
2012.02.20 07:13:41.919,1.31112,1.31135,2.25,1.50
2012.02.20 07:13:43.001,1.31111,1.31134,2.25,1.50
2012.02.20 07:13:43.579,1.31111,1.31134,2.25,1.50
2012.02.20 07:13:43.710,1.31111,1.31136,2.25,2.25
2012.02.20 07:13:44.725,1.31112,1.31135,2.25,1.50
2012.02.20 07:13:45.241,1.31113,1.31136,2.25,1.50
2012.02.20 07:13:47.102,1.31112,1.31137,2.25,2.25
2012.02.20 07:13:49.146,1.31112,1.31137,2.25,3.00
2012.02.20 07:13:49.662,1.3111,1.31136,2.25,3.00
2012.02.20 07:13:49.988,1.31118,1.3114,2.25,2.25
2012.02.20 07:13:51.492,1.31122,1.31143,2.25,1.50
2012.02.20 07:13:51.891,1.31128,1.31148,1.50,1.50
2012.02.20 07:13:51.961,1.31128,1.31148,1.50,1.50
2012.02.20 07:13:52.534,1.31127,1.31148,1.50,1.50
2012.02.20 07:13:53.419,1.31127,1.31148,1.50,2.25
2012.02.20 07:13:55.201,1.31127,1.31147,1.50,1.50
2012.02.20 07:14:01.738,1.31129,1.31146,1.50,1.50
2012.02.20 07:14:02.559,1.31128,1.31146,1.50,1.50
2012.02.20 07:14:03.109,1.31127,1.31146,1.50,1.50
2012.02.20 07:14:04.152,1.31128,1.31146,1.50,1.50
2012.02.20 07:14:04.503,1.3113,1.31149,1.50,1.50
2012.02.20 07:14:05.079,1.3113,1.3115,1.50,1.50
2012.02.20 07:14:06.337,1.31131,1.3115,1.50,1.50
2012.02.20 07:14:06.788,1.31133,1.31153,1.50,1.50
2012.02.20 07:14:06.991,1.31136,1.31158,1.50,1.50
2012.02.20 07:14:07.060,1.31138,1.31158,1.50,1.50
2012.02.20 07:14:07.984,1.31134,1.31158,1.50,1.50
2012.02.20 07:14:08.518,1.31133,1.31157,1.50,1.50
2012.02.20 07:14:08.654,1.31135,1.31157,1.50,1.50
2012.02.20 07:14:08.943,1.31136,1.31159,1.50,1.50
2012.02.20 07:14:09.068,1.31136,1.31159,1.50,1.50
2012.02.20 07:14:09.440,1.31132,1.31155,2.25,1.50
2012.02.20 07:14:09.508,1.31132,1.31155,2.25,1.50
2012.02.20 07:14:10.711,1.31134,1.31156,1.50,1.50
2012.02.20 07:14:11.471,1.31132,1.31155,2.25,1.50
2012.02.20 07:14:14.361,1.31129,1.31154,2.25,1.50
2012.02.20 07:14:15.079,1.31132,1.31155,2.25,2.25
2012.02.20 07:14:17.262,1.31132,1.31156,2.25,3.00
2012.02.20 07:14:24.082,1.31135,1.31155,1.50,1.50
2012.02.20 07:14:24.714,1.31132,1.31155,2.25,2.25
2012.02.20 07:14:25.533,1.31131,1.31154,2.25,1.50
2012.02.20 07:14:26.283,1.31131,1.31155,2.25,1.50
2012.02.20 07:14:27.371,1.31131,1.31154,2.25,2.25
2012.02.20 07:14:27.651,1.31128,1.31151,2.25,1.50
2012.02.20 07:14:28.305,1.3113,1.31151,1.50,1.50
2012.02.20 07:14:28.387,1.31126,1.31151,2.25,3.00
2012.02.20 07:14:28.464,1.31126,1.31151,2.25,3.00
2012.02.20 07:14:28.721,1.3113,1.31152,1.50,1.50
2012.02.20 07:14:30.377,1.31132,1.31152,1.50,1.50
2012.02.20 07:14:30.462,1.3113,1.31152,1.50,1.50
2012.02.20 07:14:32.522,1.31132,1.31152,1.50,1.50
2012.02.20 07:14:32.840,1.3113,1.31152,1.50,1.50
2012.02.20 07:14:34.288,1.31132,1.31152,1.50,1.50
2012.02.20 07:14:34.996,1.31133,1.31153,1.50,1.50
2012.02.20 07:14:35.128,1.31131,1.31153,1.50,1.50
2012.02.20 07:14:36.088,1.31132,1.31153,1.50,1.50
2012.02.20 07:14:36.754,1.31131,1.31153,1.50,1.50
2012.02.20 07:14:37.368,1.31133,1.31153,1.50,1.50
2012.02.20 07:14:37.947,1.31132,1.31153,1.50,1.50
2012.02.20 07:14:39.519,1.31131,1.31153,1.50,1.50
2012.02.20 07:14:40.082,1.31128,1.31152,2.25,1.50
2012.02.20 07:14:40.637,1.31129,1.31152,1.50,1.50
2012.02.20 07:14:50.510,1.3113,1.31152,1.50,1.50
2012.02.20 07:14:51.078,1.31129,1.31152,1.50,1.50
2012.02.20 07:14:51.868,1.3113,1.31152,1.50,1.50
2012.02.20 07:14:52.167,1.31132,1.31152,1.50,1.50
2012.02.20 07:14:52.557,1.3113,1.31152,1.50,1.50
2012.02.20 07:14:56.358,1.31131,1.31152,1.50,1.50
2012.02.20 07:14:57.556,1.3113,1.31152,1.50,1.50
2012.02.20 07:14:57.692,1.3113,1.31151,1.50,1.13
2012.02.20 07:14:57.763,1.31127,1.31151,1.50,1.13
2012.02.20 07:14:57.836,1.31127,1.31147,1.50,1.50
2012.02.20 07:14:57.986,1.3112,1.31145,2.25,3.00
2012.02.20 07:14:58.137,1.31119,1.3114,1.50,1.50
2012.02.20 07:14:58.947,1.31115,1.31139,2.25,1.50
2012.02.20 07:14:59.027,1.31115,1.3114,2.25,2.25
2012.02.20 07:14:59.257,1.31115,1.31139,2.25,1.50
2012.02.20 07:14:59.334,1.31117,1.31139,1.50,1.50
2012.02.20 07:14:59.679,1.31119,1.31139,1.50,1.50
2012.02.20 07:14:59.827,1.31117,1.31139,1.50,1.50
2012.02.20 07:15:00.028,1.31115,1.31139,2.25,1.50
2012.02.20 07:15:01.398,1.31114,1.31137,2.25,2.25
2012.02.20 07:15:01.588,1.31116,1.31139,2.25,2.25
2012.02.20 07:15:03.194,1.3112,1.31142,1.50,1.50
2012.02.20 07:15:03.403,1.31117,1.31142,1.50,3.00
2012.02.20 07:15:03.997,1.3112,1.31142,1.50,1.50
2012.02.20 07:15:04.378,1.31118,1.31142,1.50,1.50
2012.02.20 07:15:05.421,1.31116,1.31139,2.25,2.25
2012.02.20 07:15:11.206,1.31117,1.3114,1.50,2.25
2012.02.20 07:15:12.724,1.31117,1.3114,2.25,1.50
2012.02.20 07:15:12.915,1.3112,1.31142,1.50,1.50
2012.02.20 07:15:13.232,1.31122,1.31142,1.50,1.50
2012.02.20 07:15:13.371,1.31122,1.31143,1.50,1.50
2012.02.20 07:15:14.054,1.31122,1.31144,2.25,1.88
2012.02.20 07:15:15.098,1.3112,1.31144,2.25,1.13
2012.02.20 07:15:22.175,1.31118,1.31143,3.00,3.00
2012.02.20 07:15:22.383,1.31118,1.31139,1.50,1.50
2012.02.20 07:15:22.449,1.31118,1.31139,1.50,1.50
2012.02.20 07:15:22.520,1.31118,1.31142,1.50,3.00
2012.02.20 07:15:23.995,1.31118,1.3114,1.50,1.50
2012.02.20 07:15:24.656,1.31117,1.31142,2.25,1.50
2012.02.20 07:15:24.725,1.31117,1.31142,2.25,2.25
2012.02.20 07:15:25.040,1.31116,1.31139,2.25,1.50
2012.02.20 07:15:25.472,1.31115,1.31138,3.00,1.50
2012.02.20 07:15:26.015,1.31116,1.31139,2.25,2.25
2012.02.20 07:15:26.740,1.31116,1.31139,2.25,1.50
2012.02.20 07:15:27.176,1.31115,1.31138,2.25,2.25
2012.02.20 07:15:27.590,1.31112,1.31137,2.25,2.25
2012.02.20 07:15:28.113,1.31115,1.3114,1.50,2.25
2012.02.20 07:15:28.632,1.31113,1.31138,2.25,2.25
2012.02.20 07:15:34.184,1.3111,1.31135,2.25,2.25
2012.02.20 07:15:34.679,1.31108,1.31133,2.25,1.50
2012.02.20 07:15:35.221,1.31109,1.31134,2.25,2.25
2012.02.20 07:15:35.844,1.3111,1.31133,2.25,1.50
2012.02.20 07:15:36.703,1.31112,1.31135,1.50,2.25
2012.02.20 07:15:37.207,1.31111,1.31134,2.25,2.25
2012.02.20 07:15:37.939,1.3111,1.31133,2.25,1.50
2012.02.20 07:15:38.458,1.31108,1.31134,2.25,2.25
2012.02.20 07:15:41.576,1.31112,1.31135,1.50,2.25
2012.02.20 07:15:42.234,1.31108,1.31134,3.00,2.25
2012.02.20 07:15:42.959,1.31109,1.31133,2.25,1.50
2012.02.20 07:15:43.590,1.3111,1.31135,2.25,2.25
2012.02.20 07:15:44.288,1.3111,1.31133,2.25,1.50
2012.02.20 07:15:44.806,1.31108,1.31134,3.00,2.25
2012.02.20 07:15:45.358,1.3111,1.31133,2.25,1.50
2012.02.20 07:15:45.997,1.31111,1.31134,2.25,2.25
2012.02.20 07:15:46.558,1.3111,1.31135,2.25,2.25
2012.02.20 07:15:46.874,1.31109,1.31133,2.25,2.25
2012.02.20 07:15:47.197,1.31104,1.31128,2.25,1.50
2012.02.20 07:15:47.274,1.31105,1.3113,2.25,2.25
2012.02.20 07:15:47.602,1.3111,1.31133,1.50,2.25
2012.02.20 07:15:47.853,1.3111,1.31135,2.25,3.00
2012.02.20 07:15:48.517,1.31108,1.31133,2.25,1.50
2012.02.20 07:15:49.009,1.31108,1.31131,2.25,1.50
2012.02.20 07:15:49.310,1.31108,1.31133,2.25,1.50
2012.02.20 07:15:49.942,1.31108,1.31133,2.25,2.25
2012.02.20 07:15:50.344,1.31107,1.31132,2.25,2.25
2012.02.20 07:15:51.125,1.31099,1.31124,2.25,1.50
2012.02.20 07:15:51.207,1.31099,1.31124,2.25,1.50
2012.02.20 07:15:51.288,1.31098,1.31121,2.25,1.50
2012.02.20 07:15:51.367,1.31101,1.31124,2.25,1.50
2012.02.20 07:15:51.955,1.31102,1.31125,1.50,2.25
2012.02.20 07:15:52.151,1.31096,1.31119,2.25,1.50
2012.02.20 07:15:52.222,1.31096,1.31119,2.25,1.50
2012.02.20 07:15:52.788,1.31096,1.31119,2.25,2.25
2012.02.20 07:15:53.301,1.31095,1.31118,2.25,1.50
2012.02.20 07:15:53.434,1.31098,1.31123,2.25,2.25
2012.02.20 07:15:53.504,1.31095,1.3112,2.25,1.50
2012.02.20 07:15:53.689,1.31095,1.3112,2.25,2.25
2012.02.20 07:15:53.841,1.31095,1.3112,2.25,1.50
2012.02.20 07:15:54.046,1.31094,1.31119,2.25,2.25
2012.02.20 07:15:54.195,1.31092,1.31117,2.25,1.50
2012.02.20 07:15:54.740,1.31092,1.31117,2.25,2.25
2012.02.20 07:15:54.827,1.31087,1.31112,2.25,1.50
2012.02.20 07:15:55.341,1.31088,1.31114,2.25,2.25
2012.02.20 07:15:55.871,1.31086,1.31111,2.25,1.50
2012.02.20 07:15:56.585,1.31089,1.31113,2.25,2.25
2012.02.20 07:15:56.662,1.31093,1.31117,2.25,2.25
2012.02.20 07:15:57.000,1.31093,1.31117,2.25,2.25
2012.02.20 07:15:57.332,1.31093,1.31117,2.25,1.50
2012.02.20 07:15:57.399,1.31095,1.3112,2.25,1.65
2012.02.20 07:15:57.471,1.31095,1.3112,2.25,2.25
2012.02.20 07:15:57.600,1.31095,1.3112,2.25,3.00
2012.02.20 07:15:58.051,1.31093,1.31118,2.25,2.25
2012.02.20 07:15:58.756,1.31093,1.31117,2.25,1.50
2012.02.20 07:15:59.682,1.31093,1.31117,2.25,1.50
2012.02.20 07:15:59.749,1.31094,1.3112,2.25,2.25
2012.02.20 07:16:00.501,1.31095,1.31119,2.25,1.50
2012.02.20 07:16:01.024,1.31095,1.31119,2.25,1.50
2012.02.20 07:16:01.092,1.31097,1.31122,2.25,1.65
2012.02.20 07:16:02.207,1.31097,1.31122,2.25,2.40
2012.02.20 07:16:02.491,1.31103,1.31127,1.50,1.50
2012.02.20 07:16:03.281,1.31103,1.31128,2.25,2.25
2012.02.20 07:16:03.353,1.31105,1.31128,1.50,2.25
2012.02.20 07:16:03.630,1.31103,1.3113,2.25,1.43
2012.02.20 07:16:05.740,1.31104,1.3113,1.50,1.43
2012.02.20 07:16:06.002,1.31103,1.3113,1.50,1.80
2012.02.20 07:16:06.358,1.31102,1.31126,2.10,1.50
2012.02.20 07:16:06.433,1.31102,1.31127,2.25,2.25
2012.02.20 07:16:06.567,1.31102,1.31127,2.25,2.25
2012.02.20 07:16:06.647,1.3111,1.31129,1.50,1.43
2012.02.20 07:16:06.791,1.31107,1.31129,1.50,1.43
2012.02.20 07:16:07.228,1.31105,1.31128,1.50,2.25
2012.02.20 07:16:07.824,1.31106,1.31129,1.50,2.25
2012.02.20 07:16:08.701,1.31107,1.3113,1.50,2.93
2012.02.20 07:16:09.148,1.31109,1.3113,1.50,1.43
2012.02.20 07:16:09.651,1.31109,1.31129,1.50,1.43
2012.02.20 07:16:10.262,1.31107,1.31129,1.50,1.43
2012.02.20 07:16:12.599,1.31109,1.31129,1.50,1.43
2012.02.20 07:16:12.915,1.31112,1.31129,1.50,1.43
2012.02.20 07:16:13.124,1.31109,1.3113,1.50,1.43
2012.02.20 07:16:13.670,1.31108,1.3113,1.50,1.43
2012.02.20 07:16:14.127,1.31113,1.3113,1.50,1.43
2012.02.20 07:16:14.696,1.31113,1.31129,1.50,1.43
2012.02.20 07:16:14.778,1.31109,1.31129,1.50,1.43
2012.02.20 07:16:15.380,1.31107,1.3113,2.25,1.43
2012.02.20 07:16:16.045,1.31107,1.3113,1.50,2.93
2012.02.20 07:16:16.718,1.31108,1.3113,1.50,1.43
2012.02.20 07:16:17.102,1.31106,1.31129,2.25,2.25
2012.02.20 07:16:17.945,1.31109,1.3113,1.50,1.43
2012.02.20 07:16:18.811,1.31109,1.3113,1.50,1.43
2012.02.20 07:16:18.879,1.31107,1.3113,1.50,1.43
2012.02.20 07:16:19.339,1.31107,1.3113,1.50,1.43
2012.02.20 07:16:19.886,1.31102,1.31125,2.25,1.50
2012.02.20 07:16:20.573,1.31103,1.31126,2.25,1.50
2012.02.20 07:16:21.101,1.311,1.31125,3.00,1.50
2012.02.20 07:16:21.671,1.311,1.31125,1.50,2.63
2012.02.20 07:16:21.746,1.31096,1.31119,3.00,1.50
2012.02.20 07:16:22.503,1.31089,1.31114,2.25,1.50
2012.02.20 07:16:23.058,1.31088,1.31113,2.25,1.50
2012.02.20 07:16:24.457,1.31089,1.31114,2.25,1.50
2012.02.20 07:16:26.168,1.31086,1.31111,2.25,1.50
2012.02.20 07:16:26.893,1.31085,1.3111,2.25,1.50
2012.02.20 07:16:27.024,1.31085,1.31108,2.25,1.50
2012.02.20 07:16:27.535,1.31084,1.31107,2.25,1.50
2012.02.20 07:16:28.372,1.31086,1.31109,2.25,2.25
2012.02.20 07:16:28.955,1.31085,1.3111,2.25,3.00
2012.02.20 07:16:29.365,1.31085,1.3111,2.25,2.25
2012.02.20 07:16:29.924,1.31084,1.31107,2.25,1.50
2012.02.20 07:16:30.856,1.31087,1.31106,1.50,1.35
2012.02.20 07:16:31.063,1.31087,1.31106,1.50,1.50
2012.02.20 07:16:31.403,1.31081,1.31104,2.25,1.50
2012.02.20 07:16:31.477,1.31081,1.31104,2.25,1.50
2012.02.20 07:16:31.552,1.31075,1.311,2.25,1.50
2012.02.20 07:16:31.752,1.31073,1.31098,2.25,1.50
2012.02.20 07:16:32.552,1.31073,1.31096,2.25,1.50
2012.02.20 07:16:32.629,1.31074,1.31099,2.25,2.25
2012.02.20 07:16:32.933,1.31075,1.31099,1.50,1.13
2012.02.20 07:16:33.289,1.31075,1.31091,1.50,1.35
2012.02.20 07:16:33.505,1.31072,1.31091,1.50,1.35
2012.02.20 07:16:33.573,1.31064,1.31089,2.25,2.25
2012.02.20 07:16:33.762,1.31066,1.31089,2.25,1.50
2012.02.20 07:16:33.833,1.31066,1.31091,2.25,2.85
2012.02.20 07:16:33.963,1.3106,1.31085,2.25,1.50
2012.02.20 07:16:34.498,1.31065,1.31085,1.35,1.50
2012.02.20 07:16:34.577,1.31068,1.31091,2.25,2.25
2012.02.20 07:16:34.654,1.31069,1.31094,2.25,2.25
2012.02.20 07:16:34.720,1.31069,1.31094,2.25,1.50
2012.02.20 07:16:34.790,1.31072,1.31097,2.25,3.38
2012.02.20 07:16:35.320,1.31073,1.31096,2.25,1.50
2012.02.20 07:16:35.871,1.31074,1.31098,2.25,1.13
2012.02.20 07:16:36.819,1.31074,1.31098,2.25,1.13
2012.02.20 07:16:37.022,1.31072,1.31095,2.25,1.50
2012.02.20 07:16:37.538,1.31072,1.31095,2.25,1.50
2012.02.20 07:16:37.610,1.31072,1.31097,2.25,2.25
2012.02.20 07:16:38.465,1.31075,1.31098,2.25,1.13
2012.02.20 07:16:39.315,1.31075,1.31098,2.25,2.25
2012.02.20 07:16:39.531,1.31072,1.31095,2.25,1.50
2012.02.20 07:16:39.673,1.31072,1.31097,2.25,1.50
2012.02.20 07:16:40.401,1.31074,1.31097,2.25,1.50
2012.02.20 07:16:41.381,1.31075,1.31098,2.25,1.50
2012.02.20 07:16:41.463,1.31076,1.31101,2.25,2.25
2012.02.20 07:16:42.910,1.31074,1.311,2.25,1.50
2012.02.20 07:16:43.892,1.31073,1.31096,2.25,1.50
2012.02.20 07:16:44.442,1.31075,1.31098,2.25,1.50
2012.02.20 07:16:44.970,1.31072,1.31097,2.25,1.50
2012.02.20 07:16:45.950,1.31075,1.31098,2.25,2.25
2012.02.20 07:16:46.470,1.31075,1.311,2.25,2.25
2012.02.20 07:16:50.029,1.31076,1.31099,2.25,1.50
2012.02.20 07:16:50.425,1.31082,1.31105,1.50,1.50
2012.02.20 07:16:50.635,1.31088,1.31107,1.50,1.43
2012.02.20 07:16:51.599,1.31084,1.31107,1.50,2.93
2012.02.20 07:16:51.731,1.31086,1.31107,1.50,1.43
2012.02.20 07:16:51.990,1.31084,1.31107,1.50,1.43
2012.02.20 07:16:52.770,1.31085,1.31107,1.50,1.43
2012.02.20 07:16:53.359,1.31085,1.31107,2.25,1.43
2012.02.20 07:16:53.672,1.31098,1.31121,2.25,1.50
2012.02.20 07:16:53.740,1.31106,1.3113,2.25,1.13
2012.02.20 07:16:53.811,1.31106,1.31129,2.25,1.50
2012.02.20 07:16:53.940,1.31104,1.31129,1.50,3.00
2012.02.20 07:16:54.011,1.31098,1.31123,2.25,2.25
2012.02.20 07:16:54.832,1.31096,1.31119,2.25,1.50
2012.02.20 07:16:54.909,1.311,1.31123,2.25,2.25
2012.02.20 07:16:55.560,1.311,1.31123,2.25,2.25
2012.02.20 07:16:55.966,1.31099,1.31122,2.25,1.50
2012.02.20 07:16:57.232,1.31098,1.31123,2.25,2.25
2012.02.20 07:16:59.737,1.311,1.31125,2.25,1.50
2012.02.20 07:17:00.360,1.31101,1.31124,2.25,1.50
2012.02.20 07:17:00.493,1.31104,1.31127,1.50,2.25
2012.02.20 07:17:00.620,1.31102,1.31125,2.25,2.25
2012.02.20 07:17:01.195,1.31101,1.31124,2.25,1.50
2012.02.20 07:17:01.808,1.311,1.31125,2.25,2.25
2012.02.20 07:17:03.112,1.31098,1.31123,2.25,1.50
2012.02.20 07:17:03.528,1.31098,1.31121,2.25,1.50
2012.02.20 07:17:04.008,1.311,1.31123,2.25,1.50
2012.02.20 07:17:04.271,1.311,1.31125,2.25,2.25
2012.02.20 07:17:04.701,1.311,1.31123,2.25,1.50
2012.02.20 07:17:04.772,1.31102,1.31127,2.25,2.25
2012.02.20 07:17:05.422,1.31105,1.31128,1.50,2.25
2012.02.20 07:17:06.089,1.31107,1.31131,1.50,1.50
2012.02.20 07:17:06.564,1.31106,1.31129,1.50,1.50
2012.02.20 07:17:06.632,1.311,1.31123,2.25,2.25
2012.02.20 07:17:09.947,1.311,1.31123,2.25,2.25
2012.02.20 07:17:14.116,1.31096,1.31119,2.25,1.50
2012.02.20 07:17:14.458,1.31094,1.31119,2.25,2.25
2012.02.20 07:17:14.531,1.31094,1.31119,2.25,2.25
2012.02.20 07:17:14.840,1.31097,1.3112,1.50,2.25
2012.02.20 07:17:15.341,1.31093,1.31117,1.50,2.25
2012.02.20 07:17:16.151,1.31091,1.31117,2.25,2.25
2012.02.20 07:17:16.909,1.31092,1.31118,2.25,2.25
2012.02.20 07:17:18.119,1.31094,1.31118,1.50,2.25
2012.02.20 07:17:18.798,1.31093,1.31117,2.25,2.25
2012.02.20 07:17:19.421,1.3109,1.31116,2.25,2.25
2012.02.20 07:17:20.952,1.31091,1.31117,1.50,2.25
2012.02.20 07:17:21.292,1.31085,1.31103,1.50,1.50
2012.02.20 07:17:21.481,1.31078,1.31103,2.25,2.25
2012.02.20 07:17:22.002,1.31084,1.31104,1.50,1.50
2012.02.20 07:17:22.256,1.31081,1.31105,1.50,1.50
2012.02.20 07:17:22.796,1.31081,1.31106,2.25,1.50
2012.02.20 07:17:23.241,1.31081,1.31104,2.25,1.50
2012.02.20 07:17:23.681,1.31081,1.31105,2.25,1.50
2012.02.20 07:17:25.046,1.31086,1.31105,1.50,1.50
2012.02.20 07:17:26.084,1.31088,1.31104,1.50,1.50
2012.02.20 07:17:26.286,1.31089,1.31111,1.50,1.50
2012.02.20 07:17:27.071,1.31086,1.3111,2.25,2.25
2012.02.20 07:17:28.388,1.31087,1.3111,1.50,1.50
2012.02.20 07:17:30.929,1.31086,1.3111,2.25,2.25
2012.02.20 07:17:31.012,1.31086,1.3111,1.50,2.25
2012.02.20 07:17:31.082,1.31084,1.3111,1.50,2.25
2012.02.20 07:17:31.152,1.31086,1.3111,1.50,2.25
2012.02.20 07:17:31.478,1.31094,1.31112,1.50,1.50
2012.02.20 07:17:31.680,1.31094,1.31112,1.50,1.50
2012.02.20 07:17:32.372,1.31093,1.31116,1.50,1.50
2012.02.20 07:17:34.104,1.31093,1.31114,1.50,1.35
2012.02.20 07:17:34.185,1.31088,1.31116,2.25,1.50
2012.02.20 07:17:34.380,1.31087,1.31116,2.25,1.50
2012.02.20 07:17:34.902,1.31085,1.31116,2.25,1.50
2012.02.20 07:17:35.483,1.31085,1.31116,2.25,1.50
2012.02.20 07:17:36.412,1.31083,1.31116,2.25,1.50
2012.02.20 07:17:38.778,1.31082,1.31116,2.25,1.50
2012.02.20 07:17:39.280,1.31083,1.31116,2.25,1.50
2012.02.20 07:17:40.184,1.31083,1.31111,2.25,1.13
2012.02.20 07:17:40.501,1.31083,1.31109,2.25,1.13
2012.02.20 07:17:41.424,1.31079,1.3111,2.25,1.13
2012.02.20 07:17:41.694,1.31085,1.31109,1.50,1.13
2012.02.20 07:17:42.008,1.3109,1.31112,1.50,1.50
2012.02.20 07:17:42.746,1.31089,1.31112,1.50,3.00
2012.02.20 07:17:43.391,1.31092,1.31112,1.50,1.50
2012.02.20 07:17:43.653,1.31098,1.31121,1.50,2.40
2012.02.20 07:17:43.782,1.31098,1.31121,2.25,1.80
2012.02.20 07:17:43.927,1.31098,1.31121,2.25,1.50
2012.02.20 07:17:44.001,1.31105,1.31123,1.50,1.50
2012.02.20 07:17:45.020,1.31103,1.31125,1.50,1.50
2012.02.20 07:17:45.404,1.31105,1.31127,1.50,3.23
2012.02.20 07:17:48.169,1.31106,1.31127,1.50,3.23
2012.02.20 07:17:48.747,1.31106,1.31126,1.50,1.65
2012.02.20 07:17:48.879,1.31103,1.31126,1.50,1.65
2012.02.20 07:17:49.533,1.311,1.31124,1.50,1.50
2012.02.20 07:17:49.804,1.31098,1.31122,1.50,1.13
2012.02.20 07:17:50.059,1.31098,1.31121,1.50,1.35
2012.02.20 07:17:50.131,1.31096,1.31121,1.50,2.85
2012.02.20 07:17:50.333,1.31098,1.31121,1.50,2.85
2012.02.20 07:17:50.520,1.31099,1.31121,1.50,1.35
2012.02.20 07:17:51.850,1.311,1.31121,1.50,1.35
2012.02.20 07:17:52.200,1.31097,1.31121,1.50,1.35
2012.02.20 07:17:52.746,1.31096,1.31119,2.25,2.25
2012.02.20 07:17:53.054,1.31096,1.31119,1.50,2.25
2012.02.20 07:17:53.394,1.31099,1.31122,1.50,2.25
2012.02.20 07:17:54.078,1.311,1.31123,1.50,2.25
2012.02.20 07:17:54.430,1.31097,1.3112,2.25,2.25
2012.02.20 07:17:55.033,1.31097,1.3112,1.50,2.25
2012.02.20 07:17:59.327,1.31095,1.3112,1.50,2.25
2012.02.20 07:18:00.326,1.31097,1.31122,1.50,2.63
2012.02.20 07:18:00.908,1.31096,1.31117,1.50,1.50
2012.02.20 07:18:01.256,1.31096,1.31117,1.50,1.50
2012.02.20 07:18:01.773,1.31096,1.31117,1.50,1.50
2012.02.20 07:18:01.853,1.31092,1.31114,1.50,1.13
2012.02.20 07:18:02.378,1.31091,1.31114,1.50,1.28
2012.02.20 07:18:02.450,1.31093,1.31114,1.50,1.28
2012.02.20 07:18:02.962,1.31093,1.31115,1.50,1.43
2012.02.20 07:18:03.383,1.31091,1.3111,1.50,1.50
2012.02.20 07:18:04.153,1.3109,1.3111,1.50,1.50
2012.02.20 07:18:04.534,1.31087,1.3111,2.25,1.50
2012.02.20 07:18:04.997,1.31091,1.31114,1.50,2.40
2012.02.20 07:18:05.312,1.31093,1.31114,1.50,1.28
2012.02.20 07:18:05.656,1.31092,1.31107,1.50,1.13
2012.02.20 07:18:06.200,1.31089,1.31107,1.50,1.13
2012.02.20 07:18:06.339,1.31089,1.31107,1.50,1.13
2012.02.20 07:18:06.412,1.31087,1.31107,1.50,1.13
2012.02.20 07:18:06.901,1.31085,1.3111,1.50,2.25
2012.02.20 07:18:07.401,1.31084,1.31107,1.50,2.63
2012.02.20 07:18:07.472,1.31086,1.31107,1.50,1.28
2012.02.20 07:18:07.542,1.31083,1.31107,2.25,1.43
2012.02.20 07:18:07.743,1.3108,1.31105,2.25,1.50
2012.02.20 07:18:08.271,1.3108,1.31105,2.25,1.50
2012.02.20 07:18:09.024,1.3108,1.31105,1.50,1.50
2012.02.20 07:18:09.550,1.3108,1.31103,2.25,1.65
2012.02.20 07:18:09.882,1.31085,1.31106,1.50,1.35
2012.02.20 07:18:09.953,1.31083,1.31106,1.50,1.20
2012.02.20 07:18:10.590,1.31082,1.31106,2.25,1.20
2012.02.20 07:18:10.659,1.31084,1.31106,1.50,1.20
2012.02.20 07:18:11.735,1.31084,1.31106,1.50,1.05
2012.02.20 07:18:12.244,1.31084,1.31106,1.50,1.05
2012.02.20 07:18:12.386,1.31084,1.31107,2.25,1.65
2012.02.20 07:18:12.533,1.31086,1.31112,2.25,3.00
2012.02.20 07:18:13.286,1.31089,1.31113,1.50,2.40
2012.02.20 07:18:14.273,1.31091,1.31114,1.50,1.50
2012.02.20 07:18:14.342,1.31078,1.31114,2.25,1.65
2012.02.20 07:18:14.901,1.31077,1.31113,1.65,2.40
2012.02.20 07:18:15.539,1.31088,1.31111,1.50,3.00
2012.02.20 07:18:15.622,1.3109,1.31113,1.50,3.00
2012.02.20 07:18:16.003,1.31092,1.31113,1.50,1.50
2012.02.20 07:18:16.069,1.3109,1.31113,1.50,1.50
2012.02.20 07:18:16.614,1.31091,1.31113,1.50,1.50
2012.02.20 07:18:16.871,1.31091,1.31113,1.50,1.50
2012.02.20 07:18:17.061,1.31091,1.31114,2.25,2.25
2012.02.20 07:18:17.795,1.31096,1.31117,1.50,2.25
2012.02.20 07:18:17.870,1.31093,1.31117,1.50,3.00
2012.02.20 07:18:18.767,1.31094,1.31117,1.50,1.50
2012.02.20 07:18:18.972,1.31092,1.31115,2.25,2.25
2012.02.20 07:18:19.047,1.31092,1.31115,1.50,2.25
2012.02.20 07:18:19.318,1.31095,1.31117,1.50,1.50
2012.02.20 07:18:20.239,1.31094,1.31117,1.50,1.50
2012.02.20 07:18:21.073,1.31096,1.31117,1.50,1.50
2012.02.20 07:18:21.584,1.31097,1.31117,1.50,1.50
2012.02.20 07:18:22.482,1.31096,1.31117,1.50,1.50
2012.02.20 07:18:22.809,1.311,1.3112,1.50,2.03
2012.02.20 07:18:22.884,1.31097,1.31119,1.50,1.50
2012.02.20 07:18:23.024,1.31097,1.31122,2.25,2.25
2012.02.20 07:18:23.363,1.31105,1.31124,1.50,1.43
2012.02.20 07:18:23.495,1.31102,1.31124,1.50,1.43
2012.02.20 07:18:23.643,1.31099,1.31122,1.50,2.25
2012.02.20 07:18:23.784,1.31099,1.31122,1.50,2.25
2012.02.20 07:18:24.376,1.31094,1.31119,2.25,2.25
2012.02.20 07:18:24.453,1.31098,1.31121,1.50,2.25
2012.02.20 07:18:24.643,1.31096,1.31121,1.50,2.25
2012.02.20 07:18:24.709,1.31099,1.31124,1.50,3.08
2012.02.20 07:18:24.840,1.31093,1.31119,2.25,2.25
2012.02.20 07:18:24.970,1.31093,1.31119,1.50,2.25
2012.02.20 07:18:25.305,1.31101,1.31124,1.50,2.93
2012.02.20 07:18:25.381,1.31101,1.31124,1.50,2.93
2012.02.20 07:18:25.664,1.31101,1.31124,1.50,2.93
2012.02.20 07:18:26.333,1.31101,1.31124,1.50,2.93
2012.02.20 07:18:26.830,1.311,1.31124,1.50,2.93
2012.02.20 07:18:26.980,1.31103,1.31124,1.50,1.43
2012.02.20 07:18:27.303,1.31109,1.31123,1.50,1.43
2012.02.20 07:18:27.620,1.31112,1.31123,1.50,1.43
2012.02.20 07:18:28.175,1.3111,1.31123,1.50,1.43
2012.02.20 07:18:28.925,1.31109,1.31124,1.50,1.43
2012.02.20 07:18:29.322,1.31107,1.31124,1.50,1.43
2012.02.20 07:18:29.821,1.31104,1.31123,1.50,1.43
2012.02.20 07:18:29.960,1.31107,1.31123,1.50,1.43
2012.02.20 07:18:30.282,1.31109,1.31123,1.50,1.43
2012.02.20 07:18:30.625,1.31114,1.31123,1.50,1.43
2012.02.20 07:18:31.173,1.3111,1.31123,1.50,1.43
2012.02.20 07:18:31.491,1.31113,1.31123,1.50,1.43
2012.02.20 07:18:32.099,1.31109,1.31123,1.50,1.43
2012.02.20 07:18:34.083,1.3111,1.31135,1.50,3.00
2012.02.20 07:18:34.156,1.3111,1.31135,1.50,2.25
2012.02.20 07:18:34.711,1.31109,1.31132,1.50,2.25
2012.02.20 07:18:35.608,1.31107,1.31132,2.25,2.25
2012.02.20 07:18:36.519,1.31109,1.31134,1.50,2.25
2012.02.20 07:18:38.270,1.31106,1.31129,2.25,1.50
2012.02.20 07:18:38.350,1.31107,1.3113,2.25,2.25
2012.02.20 07:18:38.698,1.31105,1.31128,2.25,1.50
2012.02.20 07:18:39.050,1.31105,1.31128,2.25,2.25
2012.02.20 07:18:39.241,1.31105,1.31128,2.25,1.50
2012.02.20 07:18:39.492,1.31105,1.31128,2.25,2.25
2012.02.20 07:18:40.413,1.31102,1.31127,2.25,1.50
2012.02.20 07:18:41.147,1.31104,1.31129,2.25,2.25
2012.02.20 07:18:41.539,1.31104,1.31127,2.25,2.25
2012.02.20 07:18:49.242,1.31102,1.31125,1.50,1.50
2012.02.20 07:18:49.926,1.31102,1.31125,1.50,2.25
2012.02.20 07:18:50.239,1.31098,1.31123,2.25,2.25
2012.02.20 07:18:53.440,1.31099,1.31122,1.50,2.25
2012.02.20 07:18:53.980,1.31099,1.31122,2.25,1.50
2012.02.20 07:18:54.247,1.31101,1.31126,2.25,2.25
2012.02.20 07:18:54.392,1.31104,1.31127,2.25,2.25
2012.02.20 07:18:54.712,1.31104,1.31129,2.25,3.00
2012.02.20 07:18:55.437,1.31104,1.31129,2.25,3.00
2012.02.20 07:18:56.442,1.31102,1.31125,2.25,2.25
2012.02.20 07:18:56.980,1.31104,1.31129,1.50,3.00
2012.02.20 07:18:58.146,1.31104,1.31129,1.50,3.00
2012.02.20 07:18:58.569,1.31104,1.31129,2.25,3.00
2012.02.20 07:18:58.762,1.31103,1.31126,2.25,1.50
2012.02.20 07:18:58.890,1.31102,1.31126,1.35,2.25
2012.02.20 07:18:59.079,1.31102,1.31126,1.35,1.50
2012.02.20 07:18:59.590,1.31102,1.31126,1.73,2.25
2012.02.20 07:18:59.933,1.311,1.31123,2.63,2.25
2012.02.20 07:19:00.787,1.31089,1.31111,3.00,1.50
2012.02.20 07:19:00.864,1.3109,1.31113,2.25,1.50
2012.02.20 07:19:00.936,1.3109,1.31113,2.25,2.25
2012.02.20 07:19:01.443,1.3109,1.31113,2.25,2.25
2012.02.20 07:19:02.959,1.31092,1.31116,1.50,2.25
2012.02.20 07:19:04.436,1.3109,1.31116,2.25,2.25
2012.02.20 07:19:04.943,1.3109,1.31116,2.25,2.25
2012.02.20 07:19:05.069,1.3109,1.31116,1.50,2.25
2012.02.20 07:19:05.242,1.31088,1.31111,1.50,2.25
2012.02.20 07:19:05.834,1.31087,1.31111,1.50,2.25
2012.02.20 07:19:05.916,1.31085,1.31109,1.50,2.25
2012.02.20 07:19:05.998,1.31083,1.31106,2.25,2.25
2012.02.20 07:19:06.075,1.31085,1.31108,1.50,2.25
2012.02.20 07:19:06.154,1.31085,1.31108,1.50,2.25
2012.02.20 07:19:06.221,1.31082,1.31106,1.50,2.25
2012.02.20 07:19:06.297,1.31082,1.31103,1.50,1.50
2012.02.20 07:19:06.826,1.31079,1.31105,3.00,2.25
2012.02.20 07:19:07.741,1.31079,1.31105,2.25,2.25
2012.02.20 07:19:08.278,1.31079,1.31104,1.50,2.25
2012.02.20 07:19:08.763,1.31081,1.31104,1.50,2.25
2012.02.20 07:19:08.889,1.31079,1.31104,1.50,2.25
2012.02.20 07:19:09.139,1.31079,1.31104,1.50,2.25
2012.02.20 07:19:09.493,1.31081,1.31104,1.50,2.25
2012.02.20 07:19:09.561,1.31079,1.31105,2.25,2.25
2012.02.20 07:19:10.225,1.31079,1.31105,2.25,2.25
2012.02.20 07:19:10.433,1.31083,1.31107,1.50,2.25
2012.02.20 07:19:10.640,1.31086,1.31109,1.50,2.25
2012.02.20 07:19:10.710,1.31088,1.31113,1.50,2.25
2012.02.20 07:19:10.900,1.31088,1.31113,1.50,2.25
2012.02.20 07:19:11.451,1.31091,1.31114,1.50,2.25
2012.02.20 07:19:11.979,1.3109,1.31115,2.25,3.00
2012.02.20 07:19:12.942,1.31091,1.31114,2.25,2.25
2012.02.20 07:19:14.323,1.3109,1.31113,2.25,2.25
2012.02.20 07:19:14.701,1.31093,1.31115,1.50,1.50
2012.02.20 07:19:15.310,1.31091,1.31116,2.25,3.00
2012.02.20 07:19:16.280,1.31094,1.31116,1.50,1.50
2012.02.20 07:19:16.361,1.3109,1.31113,2.25,1.50
2012.02.20 07:19:16.859,1.31093,1.31115,1.50,1.50
2012.02.20 07:19:17.411,1.31092,1.31115,2.25,1.50
2012.02.20 07:19:17.741,1.31094,1.31115,1.50,1.50
2012.02.20 07:19:18.248,1.31093,1.31115,1.50,1.50
2012.02.20 07:19:19.161,1.3109,1.31113,2.25,1.50
2012.02.20 07:19:19.348,1.3109,1.31115,2.25,3.00
2012.02.20 07:19:19.478,1.3109,1.31115,2.25,3.00
2012.02.20 07:19:20.040,1.31091,1.31114,2.25,1.50
2012.02.20 07:19:21.549,1.31091,1.31115,2.25,1.50
2012.02.20 07:19:23.869,1.31091,1.31115,1.50,1.50
2012.02.20 07:19:23.944,1.31089,1.31113,2.25,2.25
2012.02.20 07:19:24.008,1.31089,1.31113,2.25,2.25
2012.02.20 07:19:25.271,1.31089,1.31113,2.25,2.25
2012.02.20 07:19:25.615,1.31086,1.31111,2.25,2.25
2012.02.20 07:19:26.414,1.31082,1.31109,3.00,2.25
2012.02.20 07:19:26.933,1.31082,1.31109,3.00,2.25
2012.02.20 07:19:27.798,1.31078,1.31112,1.50,1.50
2012.02.20 07:19:28.428,1.31081,1.3111,1.50,1.13
2012.02.20 07:19:28.511,1.31077,1.311,2.25,2.25
2012.02.20 07:19:28.769,1.31079,1.31102,1.50,2.25
2012.02.20 07:19:29.490,1.3108,1.31104,1.50,2.25
2012.02.20 07:19:29.821,1.31074,1.31099,2.25,2.25
2012.02.20 07:19:31.582,1.31074,1.31097,1.50,2.25
2012.02.20 07:19:32.495,1.31073,1.31096,1.50,2.25
2012.02.20 07:19:33.020,1.31071,1.31094,1.50,1.50
2012.02.20 07:19:34.160,1.31072,1.31095,2.25,1.50
2012.02.20 07:19:35.757,1.31072,1.31095,2.25,1.50
2012.02.20 07:19:35.835,1.31076,1.31099,1.50,2.25
2012.02.20 07:19:35.975,1.31078,1.31101,1.50,2.25
2012.02.20 07:19:36.283,1.31079,1.31104,2.25,2.25
2012.02.20 07:19:36.356,1.31079,1.311,2.25,1.13
2012.02.20 07:19:36.719,1.31067,1.3109,2.25,1.50
2012.02.20 07:19:37.364,1.31067,1.3109,2.25,1.50
2012.02.20 07:19:37.868,1.31066,1.31089,1.50,1.50
2012.02.20 07:19:38.580,1.31066,1.31091,3.00,1.50
2012.02.20 07:19:39.108,1.31066,1.3109,1.50,1.50
2012.02.20 07:19:39.178,1.31066,1.31088,1.50,1.50
2012.02.20 07:19:39.699,1.31066,1.3109,1.50,1.50
2012.02.20 07:19:40.477,1.31065,1.31088,2.25,1.50
2012.02.20 07:19:40.549,1.31065,1.3109,2.25,1.50
2012.02.20 07:19:40.988,1.31065,1.31088,2.25,1.50
2012.02.20 07:19:41.118,1.31065,1.3109,2.25,1.50
2012.02.20 07:19:42.690,1.31065,1.3109,2.25,1.50
2012.02.20 07:19:43.460,1.31065,1.3109,2.25,1.50
2012.02.20 07:19:43.665,1.31067,1.3109,1.50,1.50
2012.02.20 07:19:44.293,1.31073,1.31092,1.50,1.50
2012.02.20 07:19:44.365,1.31077,1.311,2.63,1.50
2012.02.20 07:19:44.644,1.31078,1.31099,1.50,1.50
2012.02.20 07:19:44.912,1.31077,1.31102,2.25,2.25
2012.02.20 07:19:45.110,1.31075,1.311,3.38,1.50
2012.02.20 07:19:46.237,1.31079,1.31104,3.00,1.50
2012.02.20 07:19:46.504,1.31079,1.31103,1.50,1.50
2012.02.20 07:19:46.784,1.31078,1.31101,2.25,1.50
2012.02.20 07:19:46.862,1.31073,1.31097,3.00,1.50
2012.02.20 07:19:47.071,1.31072,1.31096,2.25,1.50
2012.02.20 07:19:47.203,1.31074,1.31099,2.25,1.50
2012.02.20 07:19:48.033,1.31075,1.311,2.25,1.50
2012.02.20 07:19:48.783,1.31075,1.311,2.25,2.25
2012.02.20 07:19:49.290,1.31074,1.31099,2.25,1.50
2012.02.20 07:19:49.360,1.31072,1.31097,1.50,1.50
2012.02.20 07:19:49.950,1.31072,1.31096,3.00,1.50
2012.02.20 07:19:50.020,1.31073,1.31099,2.25,1.50
2012.02.20 07:19:50.984,1.31074,1.31098,2.25,1.50
2012.02.20 07:19:51.119,1.31074,1.311,2.25,2.25
2012.02.20 07:19:51.478,1.31074,1.31098,2.25,1.50
2012.02.20 07:19:52.211,1.31074,1.311,2.25,2.25
2012.02.20 07:19:52.473,1.31077,1.31103,2.25,1.50
2012.02.20 07:19:52.988,1.31076,1.31102,2.25,1.50
2012.02.20 07:19:53.381,1.31082,1.31101,1.13,1.50
2012.02.20 07:19:53.573,1.31092,1.31113,1.50,1.88
2012.02.20 07:19:54.177,1.31088,1.31111,2.25,1.50
2012.02.20 07:19:54.434,1.31086,1.31111,2.25,2.25
2012.02.20 07:19:54.692,1.31088,1.31113,2.25,2.25
2012.02.20 07:19:55.165,1.31096,1.31115,1.50,1.50
2012.02.20 07:19:55.413,1.31092,1.31115,3.00,2.25
2012.02.20 07:19:56.275,1.31092,1.31113,1.50,1.50
2012.02.20 07:19:57.501,1.31092,1.31115,1.50,3.00
2012.02.20 07:19:57.571,1.31092,1.31115,1.50,2.25
2012.02.20 07:19:58.550,1.31092,1.3111,1.50,1.50
2012.02.20 07:19:58.682,1.31092,1.31115,1.50,1.50
2012.02.20 07:19:59.199,1.31095,1.31116,1.50,1.50
2012.02.20 07:20:00.147,1.31092,1.31115,1.50,2.25
2012.02.20 07:20:01.091,1.31095,1.31116,1.50,1.50
2012.02.20 07:20:01.801,1.31094,1.31113,1.50,1.13
2012.02.20 07:20:01.932,1.31092,1.31113,3.00,1.13
2012.02.20 07:20:02.065,1.31092,1.31116,1.50,1.50
2012.02.20 07:20:02.708,1.3109,1.31115,2.25,3.00
2012.02.20 07:20:02.790,1.31089,1.31114,3.00,2.25
2012.02.20 07:20:03.249,1.31095,1.31118,1.50,1.50
2012.02.20 07:20:03.652,1.31098,1.31119,1.50,1.50
2012.02.20 07:20:03.784,1.31095,1.31118,1.50,3.00
2012.02.20 07:20:04.212,1.31093,1.31116,2.25,2.25
2012.02.20 07:20:04.895,1.31092,1.31115,1.50,2.25
2012.02.20 07:20:07.645,1.3109,1.31115,3.00,2.25
2012.02.20 07:20:08.203,1.31098,1.31121,1.50,2.25
2012.02.20 07:20:08.473,1.31095,1.31118,1.50,2.25
2012.02.20 07:20:09.830,1.31097,1.31121,1.50,3.00
2012.02.20 07:20:10.231,1.31095,1.31121,1.50,3.00
2012.02.20 07:20:10.969,1.31096,1.31119,1.50,2.25
2012.02.20 07:20:11.921,1.31098,1.31121,1.50,3.00
2012.02.20 07:20:12.128,1.31096,1.31121,1.50,3.00
2012.02.20 07:20:13.481,1.31095,1.3112,2.25,2.25
2012.02.20 07:20:16.458,1.31096,1.31119,1.50,2.25
2012.02.20 07:20:16.530,1.31098,1.31121,1.50,2.25
2012.02.20 07:20:18.340,1.31098,1.31123,1.50,3.38
2012.02.20 07:20:18.704,1.311,1.31123,1.50,1.50
2012.02.20 07:20:18.829,1.31102,1.31123,1.50,1.50
2012.02.20 07:20:19.361,1.31101,1.31123,1.50,1.50
2012.02.20 07:20:19.435,1.31099,1.31123,1.50,1.50
2012.02.20 07:20:20.369,1.31098,1.31123,1.50,2.25
2012.02.20 07:20:20.695,1.31099,1.31121,1.50,1.50
2012.02.20 07:20:21.202,1.31098,1.31121,1.50,3.00
2012.02.20 07:20:21.351,1.31099,1.31121,1.50,1.50
2012.02.20 07:20:21.491,1.31097,1.3112,1.50,2.25
2012.02.20 07:20:21.701,1.311,1.31123,1.50,3.00
2012.02.20 07:20:23.030,1.31095,1.31118,2.25,2.25
2012.02.20 07:20:23.562,1.31099,1.31124,1.50,3.00
2012.02.20 07:20:26.143,1.31103,1.31125,1.50,1.50
2012.02.20 07:20:26.216,1.31103,1.31125,1.50,1.50
2012.02.20 07:20:26.598,1.31105,1.31125,1.50,1.50
2012.02.20 07:20:26.679,1.31101,1.31125,1.50,1.50
2012.02.20 07:20:26.755,1.31101,1.31125,1.50,1.50
2012.02.20 07:20:27.125,1.31103,1.31125,1.50,1.50
2012.02.20 07:20:27.462,1.311,1.31125,1.50,3.00
2012.02.20 07:20:28.357,1.31098,1.31123,1.50,2.25
2012.02.20 07:20:28.701,1.31103,1.31125,1.50,1.50
2012.02.20 07:20:28.830,1.31103,1.31125,1.50,1.50
2012.02.20 07:20:29.471,1.31102,1.31125,1.50,1.50
2012.02.20 07:20:30.391,1.31101,1.31125,1.50,1.50
2012.02.20 07:20:31.173,1.31102,1.31125,1.50,1.50
2012.02.20 07:20:31.840,1.31101,1.31125,1.50,3.00
2012.02.20 07:20:32.869,1.31102,1.31125,1.50,1.50
2012.02.20 07:20:33.460,1.31099,1.31125,2.25,3.00
2012.02.20 07:20:34.034,1.31102,1.31125,1.50,1.50
2012.02.20 07:20:34.800,1.31105,1.31125,1.50,1.50
2012.02.20 07:20:34.990,1.31105,1.31125,1.50,1.50
2012.02.20 07:20:37.772,1.31104,1.31125,1.50,1.50
2012.02.20 07:20:39.676,1.31107,1.31125,1.50,1.50
2012.02.20 07:20:39.751,1.31105,1.31125,1.50,1.50
2012.02.20 07:20:40.309,1.31104,1.31125,2.25,1.50
2012.02.20 07:20:40.695,1.31106,1.31125,1.50,1.50
2012.02.20 07:20:40.769,1.31104,1.31125,2.63,1.50
2012.02.20 07:20:41.727,1.31103,1.31125,2.63,1.50
2012.02.20 07:20:41.803,1.31106,1.31125,1.50,1.50
2012.02.20 07:20:42.172,1.31108,1.31128,1.50,1.88
2012.02.20 07:20:43.654,1.31107,1.31128,3.00,1.13
2012.02.20 07:20:43.798,1.3111,1.31133,1.50,2.25
2012.02.20 07:20:43.872,1.3111,1.31133,2.25,2.25
2012.02.20 07:20:44.604,1.3111,1.31136,1.50,2.25
2012.02.20 07:20:44.813,1.31108,1.31134,2.25,2.25
2012.02.20 07:20:45.014,1.31115,1.31138,1.50,2.25
2012.02.20 07:20:45.664,1.31116,1.31139,1.50,2.25
2012.02.20 07:20:45.734,1.31116,1.31139,1.50,2.25
2012.02.20 07:20:46.443,1.31113,1.31139,1.50,2.25
2012.02.20 07:20:46.713,1.31114,1.3114,2.18,2.25
2012.02.20 07:20:46.784,1.31114,1.3114,2.93,2.25
2012.02.20 07:20:47.029,1.31116,1.3114,1.43,2.25
2012.02.20 07:20:47.365,1.31122,1.31146,1.50,2.25
2012.02.20 07:20:47.638,1.3112,1.31144,1.50,2.25
2012.02.20 07:20:47.771,1.31123,1.31146,1.50,2.25
2012.02.20 07:20:48.460,1.31124,1.31147,1.50,2.25
2012.02.20 07:20:48.542,1.31117,1.31142,2.25,2.25
2012.02.20 07:20:48.980,1.31115,1.31138,2.93,1.50
2012.02.20 07:20:49.414,1.31116,1.31141,2.93,2.25
2012.02.20 07:20:49.480,1.31121,1.31145,1.50,2.25
2012.02.20 07:20:49.792,1.31119,1.31143,1.50,2.25
2012.02.20 07:20:50.364,1.3112,1.31144,1.50,2.25
2012.02.20 07:20:51.025,1.31122,1.31148,1.50,2.25
2012.02.20 07:20:51.166,1.31118,1.31143,2.25,2.25
2012.02.20 07:20:51.692,1.3112,1.31146,1.50,2.25
2012.02.20 07:20:52.254,1.3112,1.31144,1.50,2.25
2012.02.20 07:20:52.390,1.31118,1.31142,1.50,2.25
2012.02.20 07:20:53.537,1.31118,1.31142,1.50,2.25
2012.02.20 07:20:54.240,1.31117,1.3114,1.50,2.25
2012.02.20 07:20:54.383,1.31117,1.3114,1.50,2.25
2012.02.20 07:20:54.657,1.31111,1.31137,3.75,1.50
2012.02.20 07:20:54.736,1.31111,1.31137,2.25,2.25
2012.02.20 07:20:55.764,1.31112,1.31135,1.50,2.25
2012.02.20 07:20:56.069,1.31113,1.31139,2.25,2.25
2012.02.20 07:20:56.630,1.31111,1.31136,2.25,2.25
2012.02.20 07:20:56.762,1.31111,1.31136,2.25,2.25
2012.02.20 07:21:01.323,1.31107,1.31129,1.50,2.25
2012.02.20 07:21:01.463,1.31105,1.31131,3.75,2.25
2012.02.20 07:21:02.206,1.3111,1.31136,2.25,3.23
2012.02.20 07:21:02.357,1.31111,1.31134,2.25,2.55
2012.02.20 07:21:02.903,1.3111,1.31133,2.25,2.40
2012.02.20 07:21:03.395,1.31109,1.31133,2.25,1.05
2012.02.20 07:21:03.470,1.31109,1.31133,2.25,1.05
2012.02.20 07:21:03.619,1.31119,1.31144,2.25,1.28
2012.02.20 07:21:04.253,1.31121,1.31144,2.25,2.63
2012.02.20 07:21:04.332,1.31123,1.31146,2.25,2.25
2012.02.20 07:21:04.607,1.31123,1.31146,3.00,2.25
2012.02.20 07:21:05.173,1.31121,1.31146,3.00,2.25
2012.02.20 07:21:05.305,1.31123,1.31146,2.25,2.25
2012.02.20 07:21:06.047,1.31123,1.31146,2.25,2.25
2012.02.20 07:21:06.384,1.31114,1.31136,1.50,2.25
2012.02.20 07:21:06.649,1.31112,1.31136,1.50,2.25
2012.02.20 07:21:07.042,1.3111,1.31131,1.50,2.25
2012.02.20 07:21:07.111,1.31106,1.31131,1.50,2.25
2012.02.20 07:21:07.934,1.31105,1.31127,1.50,2.25
2012.02.20 07:21:09.799,1.31105,1.31131,3.00,2.25
2012.02.20 07:21:10.070,1.31107,1.31131,2.25,2.25
2012.02.20 07:21:10.892,1.31106,1.31128,1.50,2.25
2012.02.20 07:21:11.750,1.31106,1.31129,1.50,2.25
2012.02.20 07:21:13.065,1.31104,1.31127,1.50,2.25
2012.02.20 07:21:13.662,1.31103,1.31127,3.00,2.25
2012.02.20 07:21:13.741,1.31098,1.31122,1.50,2.25
2012.02.20 07:21:14.135,1.31102,1.31125,1.50,2.40
2012.02.20 07:21:14.505,1.31097,1.31121,2.25,2.25
2012.02.20 07:21:14.650,1.31101,1.31116,1.05,1.50
2012.02.20 07:21:14.728,1.31108,1.31128,1.50,2.40
2012.02.20 07:21:14.867,1.31103,1.31128,2.25,2.40
2012.02.20 07:21:14.945,1.31103,1.31128,2.25,2.40
2012.02.20 07:21:15.015,1.31105,1.31128,1.50,2.40
2012.02.20 07:21:15.607,1.3111,1.31128,1.50,1.50
2012.02.20 07:21:15.695,1.31115,1.31138,1.50,1.50
2012.02.20 07:21:15.764,1.31114,1.3114,3.00,2.25
2012.02.20 07:21:16.013,1.31112,1.31138,2.25,2.25
2012.02.20 07:21:16.282,1.31111,1.31134,3.00,2.25
2012.02.20 07:21:16.849,1.31111,1.31134,3.00,2.25
2012.02.20 07:21:16.922,1.3111,1.31133,2.25,2.25
2012.02.20 07:21:18.179,1.31111,1.31134,1.50,2.25
2012.02.20 07:21:18.605,1.31108,1.31131,2.25,2.25
2012.02.20 07:21:18.886,1.31107,1.31129,1.50,1.50
2012.02.20 07:21:19.219,1.31107,1.31131,1.50,2.25
2012.02.20 07:21:21.982,1.31108,1.31129,1.50,1.50
2012.02.20 07:21:23.148,1.31106,1.31127,1.50,1.50
2012.02.20 07:21:23.630,1.31106,1.31125,1.50,1.50
2012.02.20 07:21:24.168,1.31101,1.31124,1.50,1.50
2012.02.20 07:21:24.242,1.31101,1.31124,1.50,2.25
2012.02.20 07:21:24.441,1.311,1.31124,2.25,2.25
2012.02.20 07:21:24.514,1.311,1.3112,2.25,1.50
2012.02.20 07:21:24.853,1.311,1.31122,2.25,1.50
2012.02.20 07:21:26.003,1.311,1.31124,2.25,2.25
2012.02.20 07:21:26.502,1.311,1.3112,1.50,1.50
2012.02.20 07:21:26.576,1.31105,1.31128,2.25,2.25
2012.02.20 07:21:26.848,1.31101,1.31122,1.50,1.50
2012.02.20 07:21:27.498,1.31101,1.31121,1.50,1.50
2012.02.20 07:21:27.643,1.31101,1.31123,1.50,1.50
2012.02.20 07:21:27.939,1.311,1.31123,2.25,2.25
2012.02.20 07:21:28.441,1.311,1.31125,3.00,2.25
2012.02.20 07:21:28.570,1.311,1.31125,2.25,2.25
2012.02.20 07:21:29.140,1.31099,1.31122,2.25,2.25
2012.02.20 07:21:29.998,1.31099,1.31124,1.50,2.25
2012.02.20 07:21:30.849,1.31098,1.31123,3.00,2.25
2012.02.20 07:21:31.449,1.31099,1.31124,1.50,2.25
2012.02.20 07:21:31.952,1.31098,1.31123,3.00,2.25
2012.02.20 07:21:33.050,1.31099,1.31122,1.50,2.25
2012.02.20 07:21:33.690,1.31098,1.31122,1.50,2.25
2012.02.20 07:21:34.011,1.31098,1.31122,1.50,2.25
2012.02.20 07:21:36.170,1.31098,1.31121,3.00,2.25
2012.02.20 07:21:36.868,1.31098,1.3112,1.50,1.50
2012.02.20 07:21:37.134,1.31099,1.31122,3.00,2.25
2012.02.20 07:21:37.693,1.31099,1.31121,1.50,1.50
2012.02.20 07:21:37.941,1.31099,1.31123,1.50,2.25
2012.02.20 07:21:39.443,1.31099,1.31121,1.50,1.50
2012.02.20 07:21:40.100,1.31099,1.31122,3.00,2.25
2012.02.20 07:21:42.141,1.31101,1.31123,1.50,2.25
2012.02.20 07:21:42.915,1.31104,1.31127,1.50,2.25
2012.02.20 07:21:43.113,1.31105,1.31128,1.50,2.25
2012.02.20 07:21:44.092,1.31109,1.31132,1.50,3.00
2012.02.20 07:21:44.572,1.31105,1.31128,1.50,2.25
2012.02.20 07:21:45.610,1.31103,1.31127,2.25,2.25
2012.02.20 07:21:46.122,1.31102,1.31128,2.25,2.25
2012.02.20 07:21:46.852,1.3111,1.31126,1.50,1.50
2012.02.20 07:21:46.933,1.31114,1.31139,2.63,2.25
2012.02.20 07:21:47.095,1.31116,1.31139,1.50,2.25
2012.02.20 07:21:47.411,1.31117,1.31139,1.50,1.50
2012.02.20 07:21:47.615,1.31117,1.31139,1.50,1.50
2012.02.20 07:21:47.824,1.3112,1.31146,1.50,3.75
2012.02.20 07:21:48.150,1.31122,1.31146,1.50,3.75
2012.02.20 07:21:48.655,1.31121,1.31145,2.25,2.25
2012.02.20 07:21:49.201,1.31121,1.31146,1.50,1.50
2012.02.20 07:21:49.271,1.31123,1.31146,1.50,1.50
2012.02.20 07:21:49.602,1.31122,1.31146,2.25,3.00
2012.02.20 07:21:49.745,1.31124,1.31146,1.50,1.50
2012.02.20 07:21:49.812,1.31124,1.31146,1.50,1.50
2012.02.20 07:21:49.885,1.31126,1.31146,1.50,1.50
2012.02.20 07:21:50.223,1.31126,1.31146,1.50,1.50
2012.02.20 07:21:50.937,1.31119,1.31144,1.50,2.25
2012.02.20 07:21:51.142,1.3112,1.31143,2.25,2.25
2012.02.20 07:21:51.491,1.31117,1.31143,1.50,2.25
2012.02.20 07:21:52.022,1.31118,1.31143,1.50,2.25
2012.02.20 07:21:52.651,1.31115,1.31136,1.50,1.50
2012.02.20 07:21:53.165,1.31115,1.31138,1.50,2.25
2012.02.20 07:21:53.240,1.31115,1.31139,2.25,2.25
2012.02.20 07:21:54.045,1.31117,1.31141,1.50,2.25
2012.02.20 07:21:54.753,1.31116,1.31139,1.50,2.25
2012.02.20 07:21:56.001,1.31116,1.31139,1.50,2.25
2012.02.20 07:21:56.500,1.31116,1.31138,1.50,2.25
2012.02.20 07:21:57.679,1.31115,1.31138,1.50,2.25
2012.02.20 07:21:57.749,1.31113,1.31138,2.25,2.25
2012.02.20 07:21:58.310,1.31113,1.31135,1.50,2.25
2012.02.20 07:22:00.136,1.31112,1.31135,2.25,2.25
2012.02.20 07:22:00.219,1.3111,1.31133,1.50,1.50
2012.02.20 07:22:00.635,1.31107,1.31132,2.25,2.40
2012.02.20 07:22:00.773,1.31106,1.31128,1.50,1.50
2012.02.20 07:22:00.841,1.31103,1.31128,2.25,2.25
2012.02.20 07:22:01.899,1.31104,1.31129,3.00,2.25
2012.02.20 07:22:01.971,1.31102,1.31126,1.50,1.50
2012.02.20 07:22:02.113,1.31101,1.31126,2.25,2.40
2012.02.20 07:22:02.722,1.31102,1.31122,1.50,2.25
2012.02.20 07:22:03.002,1.31103,1.31125,2.25,1.50
2012.02.20 07:22:03.606,1.31104,1.31125,1.13,1.50
2012.02.20 07:22:03.676,1.31108,1.31132,1.50,2.25
2012.02.20 07:22:03.811,1.31108,1.3113,1.50,2.25
2012.02.20 07:22:06.442,1.31108,1.3113,1.50,1.50
2012.02.20 07:22:07.209,1.31108,1.31131,1.50,1.50
2012.02.20 07:22:07.581,1.31109,1.31133,2.25,2.25
2012.02.20 07:22:07.650,1.31108,1.31132,3.00,2.25
2012.02.20 07:22:07.853,1.31108,1.31134,3.00,2.25
2012.02.20 07:22:08.202,1.31108,1.31131,1.50,1.50
2012.02.20 07:22:08.271,1.31107,1.31131,2.25,2.25
2012.02.20 07:22:09.962,1.31108,1.31129,1.50,1.50
2012.02.20 07:22:10.091,1.31109,1.31132,1.50,2.25
2012.02.20 07:22:10.163,1.31109,1.31132,1.50,1.50
2012.02.20 07:22:10.231,1.31111,1.31134,3.00,2.25
2012.02.20 07:22:10.962,1.3111,1.31134,1.50,1.13
2012.02.20 07:22:11.531,1.31112,1.31135,1.50,2.63
2012.02.20 07:22:11.829,1.31111,1.31134,1.50,2.63
2012.02.20 07:22:12.252,1.31111,1.31134,2.25,2.25
2012.02.20 07:22:12.501,1.31111,1.31127,2.25,1.50
2012.02.20 07:22:12.832,1.31114,1.31127,1.50,1.50
2012.02.20 07:22:12.902,1.31114,1.31132,1.50,1.50
2012.02.20 07:22:13.032,1.31114,1.3113,1.50,1.50
2012.02.20 07:22:13.219,1.31114,1.31135,1.50,1.13
2012.02.20 07:22:13.911,1.31114,1.31135,1.50,2.63
2012.02.20 07:22:14.700,1.31114,1.31133,1.50,1.50
2012.02.20 07:22:15.490,1.31114,1.31134,1.50,1.50
2012.02.20 07:22:15.764,1.31114,1.31138,2.63,2.25
2012.02.20 07:22:15.893,1.31115,1.31138,1.50,2.25
2012.02.20 07:22:16.212,1.31117,1.31141,2.25,1.50
2012.02.20 07:22:16.419,1.31118,1.31142,1.50,2.25
2012.02.20 07:22:17.326,1.31118,1.31143,2.25,2.25
2012.02.20 07:22:17.662,1.3112,1.31145,1.50,2.25
2012.02.20 07:22:18.193,1.31119,1.31142,1.50,2.25
2012.02.20 07:22:18.701,1.31119,1.31142,1.50,2.25
2012.02.20 07:22:19.021,1.3112,1.31143,1.50,2.25
2012.02.20 07:22:19.088,1.31118,1.31141,1.50,2.25
2012.02.20 07:22:19.601,1.31118,1.31142,2.25,2.25
2012.02.20 07:22:20.189,1.31119,1.31143,1.50,3.00
2012.02.20 07:22:20.780,1.31119,1.31144,1.50,1.05
2012.02.20 07:22:21.289,1.31121,1.31145,1.50,2.25
2012.02.20 07:22:21.630,1.31125,1.31148,1.50,1.28
2012.02.20 07:22:22.347,1.31121,1.31146,1.50,2.25
2012.02.20 07:22:22.427,1.31123,1.31146,1.50,2.25
2012.02.20 07:22:22.772,1.31123,1.31146,1.50,2.25
2012.02.20 07:22:23.113,1.31121,1.31146,3.00,2.25
2012.02.20 07:22:24.045,1.31122,1.31147,1.50,2.25
2012.02.20 07:22:24.589,1.31122,1.31147,1.50,2.25
2012.02.20 07:22:31.371,1.31123,1.31148,2.25,2.78
2012.02.20 07:22:31.844,1.31125,1.31148,1.50,2.78
2012.02.20 07:22:32.381,1.31123,1.31146,2.25,2.25
2012.02.20 07:22:33.605,1.31124,1.31147,1.50,2.25
2012.02.20 07:22:33.747,1.31127,1.3115,1.50,2.25
2012.02.20 07:22:33.824,1.31128,1.31151,2.25,2.25
2012.02.20 07:22:34.096,1.31124,1.31143,1.50,1.50
2012.02.20 07:22:34.165,1.31124,1.31147,2.25,2.25
2012.02.20 07:22:34.238,1.31124,1.31147,2.25,3.75
2012.02.20 07:22:34.373,1.31116,1.31138,1.50,1.65
2012.02.20 07:22:34.513,1.31114,1.31135,1.50,1.50
2012.02.20 07:22:35.065,1.31112,1.31135,3.00,2.25
2012.02.20 07:22:35.200,1.3111,1.31133,3.00,1.50
2012.02.20 07:22:35.713,1.3111,1.31134,1.50,2.25
2012.02.20 07:22:36.306,1.31111,1.31134,1.50,2.25
2012.02.20 07:22:37.031,1.31111,1.31134,1.50,2.25
2012.02.20 07:22:37.889,1.31112,1.31135,1.50,2.25
2012.02.20 07:22:38.569,1.31112,1.31135,1.50,2.25
2012.02.20 07:22:39.119,1.31111,1.31135,1.50,2.25
2012.02.20 07:22:40.562,1.3111,1.31133,2.25,2.25
2012.02.20 07:22:42.181,1.31109,1.31134,3.00,2.25
2012.02.20 07:22:42.379,1.31113,1.31138,2.25,2.25
2012.02.20 07:22:42.513,1.31115,1.3114,1.50,2.25
2012.02.20 07:22:42.907,1.31116,1.31141,1.50,3.00
2012.02.20 07:22:43.468,1.3112,1.31141,1.50,1.50
2012.02.20 07:22:43.622,1.31118,1.31141,2.25,1.50
2012.02.20 07:22:44.441,1.31118,1.31141,1.50,3.00
2012.02.20 07:22:45.070,1.31118,1.31139,1.50,1.50
2012.02.20 07:22:46.044,1.31117,1.31139,1.50,1.50
2012.02.20 07:22:46.183,1.31122,1.31141,1.50,1.50
2012.02.20 07:22:46.813,1.31122,1.31145,1.50,2.63
2012.02.20 07:22:47.140,1.3112,1.31144,2.25,1.13
2012.02.20 07:22:47.272,1.31119,1.31142,3.00,1.50
2012.02.20 07:22:47.629,1.31119,1.31144,3.00,2.63
2012.02.20 07:22:48.156,1.31122,1.31145,3.00,1.13
2012.02.20 07:22:48.364,1.31126,1.31147,1.50,2.25
2012.02.20 07:22:48.554,1.31127,1.31151,1.50,2.25
2012.02.20 07:22:50.104,1.31125,1.31149,1.50,2.25
2012.02.20 07:22:50.621,1.31124,1.31147,1.50,2.25
2012.02.20 07:22:51.182,1.31126,1.31146,1.50,1.50
2012.02.20 07:22:51.257,1.31135,1.31155,1.50,1.50
2012.02.20 07:22:51.809,1.3114,1.31161,1.50,2.25
2012.02.20 07:22:51.884,1.31135,1.31158,1.50,2.25
2012.02.20 07:22:52.543,1.31137,1.3116,1.50,2.25
2012.02.20 07:22:53.080,1.31135,1.31158,3.00,2.25
2012.02.20 07:22:53.801,1.31136,1.31158,1.50,2.25
2012.02.20 07:22:55.095,1.31137,1.31162,2.25,2.25
2012.02.20 07:22:56.681,1.31137,1.31162,2.25,3.75
2012.02.20 07:22:56.881,1.31137,1.31154,1.50,1.50
2012.02.20 07:22:57.131,1.31137,1.31162,2.25,2.25
2012.02.20 07:22:57.205,1.31135,1.31156,3.00,1.50
2012.02.20 07:22:57.273,1.31137,1.31162,2.25,2.25
2012.02.20 07:22:57.404,1.31137,1.31162,2.25,2.25
2012.02.20 07:22:57.601,1.31138,1.31161,1.50,2.25
2012.02.20 07:22:58.050,1.31137,1.31162,2.25,2.25
2012.02.20 07:22:59.027,1.31136,1.31161,2.25,3.75
2012.02.20 07:23:00.328,1.31138,1.31163,1.50,2.25
2012.02.20 07:23:00.622,1.31139,1.31162,1.50,2.25
2012.02.20 07:23:00.692,1.31139,1.31164,2.25,2.25
2012.02.20 07:23:01.099,1.31143,1.31168,1.50,2.25
2012.02.20 07:23:01.350,1.3114,1.31163,3.00,2.25
2012.02.20 07:23:01.479,1.3114,1.31165,2.25,2.25
2012.02.20 07:23:04.540,1.31142,1.31165,1.50,2.25
2012.02.20 07:23:12.633,1.31142,1.31167,2.25,2.25
2012.02.20 07:23:12.986,1.31138,1.31158,1.50,2.25
2012.02.20 07:23:13.063,1.31133,1.31158,2.25,2.25
2012.02.20 07:23:13.639,1.31133,1.31158,1.50,3.75
2012.02.20 07:23:13.952,1.31135,1.31158,1.50,2.25
2012.02.20 07:23:19.633,1.31134,1.31157,1.50,2.25
2012.02.20 07:23:20.470,1.31133,1.31158,1.50,2.25
2012.02.20 07:23:23.599,1.31131,1.31156,1.50,2.25
2012.02.20 07:23:25.912,1.31127,1.3115,2.25,2.25
2012.02.20 07:23:25.995,1.31119,1.31144,4.50,2.25
2012.02.20 07:23:26.135,1.31119,1.31147,2.25,2.25
2012.02.20 07:23:26.642,1.3112,1.31149,1.50,3.75
2012.02.20 07:23:26.879,1.3112,1.31149,2.25,3.75
2012.02.20 07:23:27.224,1.31122,1.31151,2.25,2.25
2012.02.20 07:23:27.852,1.31122,1.31151,2.25,2.25
2012.02.20 07:23:27.935,1.31115,1.31142,2.25,2.25
2012.02.20 07:23:29.294,1.31118,1.31146,2.25,2.25
2012.02.20 07:23:29.555,1.31113,1.31143,2.25,2.25
2012.02.20 07:23:30.073,1.31118,1.31142,1.50,2.25
2012.02.20 07:23:30.768,1.31119,1.31143,1.50,2.25
2012.02.20 07:23:30.863,1.31117,1.31137,1.50,1.50
2012.02.20 07:23:31.223,1.31116,1.31141,1.50,2.63
2012.02.20 07:23:31.567,1.31118,1.31141,1.50,2.25
2012.02.20 07:23:32.271,1.31116,1.31139,1.50,2.25
2012.02.20 07:23:33.348,1.31116,1.31139,1.50,2.25
2012.02.20 07:23:33.542,1.31114,1.31139,1.50,2.25
2012.02.20 07:23:33.675,1.31116,1.31139,1.50,2.25
2012.02.20 07:23:34.014,1.31103,1.31127,1.65,1.50
2012.02.20 07:23:34.083,1.31109,1.31131,2.25,1.50
2012.02.20 07:23:34.227,1.31109,1.31131,1.50,1.50
2012.02.20 07:23:34.585,1.31108,1.31128,1.50,2.25
2012.02.20 07:23:35.242,1.31103,1.31126,2.25,2.25
2012.02.20 07:23:35.452,1.31106,1.3113,1.50,2.25
2012.02.20 07:23:36.023,1.31105,1.31129,1.50,2.25
2012.02.20 07:23:36.631,1.31104,1.3113,1.50,2.25
2012.02.20 07:23:37.359,1.31101,1.31127,2.25,2.25
2012.02.20 07:23:38.320,1.311,1.31124,2.25,1.50
2012.02.20 07:23:38.392,1.311,1.31124,2.25,2.25
2012.02.20 07:23:38.534,1.31099,1.31122,2.25,1.50
2012.02.20 07:23:39.213,1.31099,1.31124,1.50,2.25
2012.02.20 07:23:39.969,1.31098,1.31121,1.50,2.25
2012.02.20 07:23:40.314,1.31098,1.31123,1.50,2.25
2012.02.20 07:23:40.673,1.31098,1.31124,1.50,2.25
2012.02.20 07:23:40.821,1.31091,1.31117,2.25,2.25
2012.02.20 07:23:40.893,1.31091,1.31117,1.50,2.25
2012.02.20 07:23:41.241,1.31091,1.31115,2.25,1.50
2012.02.20 07:23:41.919,1.31096,1.31117,1.50,1.88
2012.02.20 07:23:42.464,1.31095,1.31115,1.50,1.50
2012.02.20 07:23:42.602,1.31091,1.31115,2.25,1.50
2012.02.20 07:23:42.675,1.31091,1.31115,1.50,1.50
2012.02.20 07:23:43.201,1.3109,1.31115,1.50,4.50
2012.02.20 07:23:43.823,1.3109,1.31115,1.50,3.00
2012.02.20 07:23:44.174,1.31091,1.31114,1.50,2.25
2012.02.20 07:23:44.435,1.31091,1.31115,1.50,1.50
2012.02.20 07:23:44.735,1.31088,1.3111,1.50,2.25
2012.02.20 07:23:45.874,1.31087,1.3111,2.25,2.25
2012.02.20 07:23:45.943,1.31088,1.31111,1.50,2.25
2012.02.20 07:23:46.039,1.31091,1.31115,1.50,3.00
2012.02.20 07:23:46.325,1.31094,1.31115,1.50,1.50
2012.02.20 07:23:46.721,1.31094,1.31115,1.50,1.50
2012.02.20 07:23:46.866,1.31094,1.31115,1.50,1.50
2012.02.20 07:23:47.060,1.31093,1.31115,1.50,1.50
2012.02.20 07:23:47.732,1.31097,1.31115,1.50,1.50
2012.02.20 07:23:47.869,1.3109,1.31113,1.50,2.25
2012.02.20 07:23:47.948,1.3109,1.31113,2.25,1.50
2012.02.20 07:23:48.295,1.31091,1.31116,2.25,2.25
2012.02.20 07:23:48.958,1.31091,1.31112,1.50,1.50
2012.02.20 07:23:49.652,1.31087,1.3111,2.25,1.50
2012.02.20 07:23:49.738,1.31087,1.31112,1.50,2.25
2012.02.20 07:23:49.942,1.31088,1.31113,2.25,3.00
2012.02.20 07:23:50.499,1.31091,1.31114,1.50,1.88
2012.02.20 07:23:50.823,1.31088,1.31113,2.25,3.00
2012.02.20 07:23:51.133,1.31087,1.3111,1.50,2.25
2012.02.20 07:23:51.972,1.31083,1.31108,2.25,2.25
2012.02.20 07:23:52.129,1.31081,1.31105,2.25,1.50
2012.02.20 07:23:52.413,1.31079,1.31102,2.25,2.25
2012.02.20 07:23:52.557,1.31075,1.31098,3.75,1.50
2012.02.20 07:23:53.007,1.31075,1.31098,2.25,1.88
2012.02.20 07:23:53.705,1.31076,1.31094,1.50,2.25
2012.02.20 07:23:53.783,1.31068,1.31091,1.50,2.25
2012.02.20 07:23:53.859,1.31068,1.31091,1.50,2.25
2012.02.20 07:23:54.220,1.31069,1.31092,1.50,2.25
2012.02.20 07:23:54.299,1.31069,1.31092,1.88,2.25
2012.02.20 07:23:55.176,1.31076,1.31092,1.50,1.50
2012.02.20 07:23:55.266,1.31076,1.31099,3.00,2.25
2012.02.20 07:23:56.016,1.31079,1.31101,1.50,1.50
2012.02.20 07:23:56.236,1.31082,1.31101,1.50,1.50
2012.02.20 07:23:57.154,1.31083,1.31104,1.50,3.00
2012.02.20 07:23:57.688,1.31084,1.31104,1.50,3.00
2012.02.20 07:23:58.094,1.31083,1.31108,3.00,2.63
2012.02.20 07:23:58.170,1.31085,1.31108,1.50,1.13
2012.02.20 07:23:58.525,1.31087,1.31108,1.50,1.13
2012.02.20 07:23:59.309,1.31086,1.31108,1.50,1.13
2012.02.20 07:23:59.928,1.31085,1.31108,2.25,1.13
2012.02.20 07:24:00.253,1.31087,1.31108,1.50,1.13
2012.02.20 07:24:00.696,1.31085,1.31109,1.50,1.13
2012.02.20 07:24:00.849,1.31084,1.31109,3.00,2.63
2012.02.20 07:24:01.466,1.3108,1.31104,2.25,2.25
2012.02.20 07:24:01.591,1.3108,1.31104,1.50,2.25
2012.02.20 07:24:02.053,1.31078,1.31102,2.25,2.25
2012.02.20 07:24:02.122,1.31077,1.31099,1.50,1.50
2012.02.20 07:24:02.642,1.31078,1.31103,1.50,2.25
2012.02.20 07:24:03.935,1.31078,1.31101,1.50,2.25
2012.02.20 07:24:04.203,1.31076,1.31101,3.75,2.25
2012.02.20 07:24:04.722,1.31077,1.31102,1.50,2.25
2012.02.20 07:24:05.230,1.31077,1.311,1.50,2.25
2012.02.20 07:24:05.381,1.31075,1.31098,4.50,2.25
2012.02.20 07:24:05.842,1.31077,1.311,2.25,2.25
2012.02.20 07:24:06.543,1.31077,1.31102,2.25,2.25
2012.02.20 07:24:08.538,1.31075,1.31099,1.50,2.25
2012.02.20 07:24:08.675,1.31075,1.31094,2.25,1.50
2012.02.20 07:24:08.745,1.31071,1.31092,1.50,1.50
2012.02.20 07:24:08.817,1.31068,1.3109,1.50,1.50
2012.02.20 07:24:10.064,1.31068,1.31093,2.25,2.25
2012.02.20 07:24:11.121,1.31069,1.31092,2.25,1.50
2012.02.20 07:24:11.613,1.31066,1.3109,1.50,1.50
2012.02.20 07:24:11.871,1.31066,1.3109,1.50,1.50
2012.02.20 07:24:13.081,1.31071,1.31094,1.50,2.25
2012.02.20 07:24:13.195,1.31072,1.31094,2.25,1.50
2012.02.20 07:24:13.722,1.31075,1.31097,1.50,1.50
2012.02.20 07:24:14.146,1.31071,1.31095,2.25,1.50
2012.02.20 07:24:14.470,1.31071,1.31094,1.50,2.25
2012.02.20 07:24:15.040,1.31069,1.31094,2.25,2.25
2012.02.20 07:24:15.541,1.3107,1.31093,2.25,2.25
2012.02.20 07:24:16.144,1.3107,1.31095,2.25,3.00
2012.02.20 07:24:16.217,1.31074,1.31095,1.50,1.50
2012.02.20 07:24:16.755,1.31067,1.3109,3.00,1.50
2012.02.20 07:24:16.939,1.31067,1.31091,1.50,1.50
2012.02.20 07:24:17.596,1.31067,1.31091,1.50,1.50
2012.02.20 07:24:17.931,1.31069,1.31091,1.50,1.50
2012.02.20 07:24:18.270,1.31068,1.31089,3.75,1.13
2012.02.20 07:24:18.487,1.31065,1.31087,2.25,1.50
2012.02.20 07:24:19.383,1.31061,1.31083,1.50,1.50
2012.02.20 07:24:19.554,1.31061,1.31085,1.50,1.50
2012.02.20 07:24:19.761,1.31061,1.31083,1.50,1.50
2012.02.20 07:24:20.026,1.31061,1.31082,1.50,1.50
2012.02.20 07:24:20.584,1.31061,1.31081,1.50,1.50
2012.02.20 07:24:20.785,1.31062,1.31085,2.25,2.25
2012.02.20 07:24:21.321,1.31065,1.31087,2.25,2.25
2012.02.20 07:24:21.404,1.31065,1.3109,2.25,2.63
2012.02.20 07:24:21.539,1.31069,1.3109,2.25,1.88
2012.02.20 07:24:22.016,1.31067,1.3109,2.25,1.88
2012.02.20 07:24:22.552,1.31065,1.31088,2.25,1.50
2012.02.20 07:24:23.470,1.31067,1.31088,2.25,1.50
2012.02.20 07:24:23.546,1.3107,1.31095,2.25,3.00
2012.02.20 07:24:24.105,1.31068,1.31093,3.75,1.50
2012.02.20 07:24:24.230,1.31068,1.31091,2.25,1.50
2012.02.20 07:24:24.873,1.31069,1.31092,2.25,2.25
2012.02.20 07:24:26.404,1.31067,1.3109,1.50,2.25
2012.02.20 07:24:26.755,1.31071,1.31094,1.50,2.25
2012.02.20 07:24:26.955,1.31072,1.31095,1.50,1.50
2012.02.20 07:24:27.740,1.3107,1.31095,2.25,3.00
2012.02.20 07:24:28.484,1.31073,1.31095,2.25,1.50
2012.02.20 07:24:30.131,1.31075,1.31098,2.25,3.75
2012.02.20 07:24:30.202,1.31075,1.31098,2.25,2.25
2012.02.20 07:24:30.454,1.31077,1.31101,2.25,2.25
2012.02.20 07:24:31.002,1.31074,1.31097,2.25,1.50
2012.02.20 07:24:31.556,1.31074,1.31097,2.25,1.50
2012.02.20 07:24:32.859,1.31074,1.31097,2.25,2.25
2012.02.20 07:24:33.183,1.31074,1.31099,2.25,2.25
2012.02.20 07:24:33.251,1.31074,1.31099,3.75,2.25
2012.02.20 07:24:33.322,1.31076,1.31099,1.50,2.25
2012.02.20 07:24:33.794,1.31072,1.31097,2.25,2.25
2012.02.20 07:24:33.919,1.31073,1.31098,2.25,2.25
2012.02.20 07:24:34.793,1.31074,1.31099,1.50,2.25
2012.02.20 07:24:35.680,1.31075,1.311,1.50,2.25
2012.02.20 07:24:35.750,1.31078,1.31101,1.50,2.25
2012.02.20 07:24:36.295,1.31074,1.31099,1.50,2.25
2012.02.20 07:24:36.850,1.31075,1.311,1.50,2.25
2012.02.20 07:24:37.390,1.31072,1.31101,2.25,1.50
2012.02.20 07:24:37.910,1.31072,1.31101,2.25,1.50
2012.02.20 07:24:37.991,1.31072,1.31101,2.25,2.25
2012.02.20 07:24:38.309,1.31074,1.31102,1.50,1.88
2012.02.20 07:24:38.891,1.31076,1.31102,1.50,1.88
2012.02.20 07:24:39.441,1.31077,1.31102,1.50,1.13
2012.02.20 07:24:39.992,1.31073,1.31101,2.25,2.25
2012.02.20 07:24:40.520,1.31075,1.31102,1.50,1.13
2012.02.20 07:24:40.592,1.31075,1.31102,2.25,1.13
2012.02.20 07:24:41.303,1.31077,1.31102,1.50,1.13
2012.02.20 07:24:41.857,1.31072,1.31099,2.25,2.25
2012.02.20 07:24:43.612,1.31071,1.31101,2.25,2.25
2012.02.20 07:24:43.879,1.31071,1.31101,2.25,3.75
2012.02.20 07:24:46.414,1.31069,1.31098,2.25,2.25
2012.02.20 07:24:46.755,1.31072,1.31098,1.50,1.50
2012.02.20 07:24:47.598,1.31071,1.31099,1.50,3.00
2012.02.20 07:24:47.742,1.31068,1.31097,3.75,2.25
2012.02.20 07:24:47.941,1.31071,1.31098,1.50,1.50
2012.02.20 07:24:48.295,1.31069,1.31098,3.75,1.50
2012.02.20 07:24:50.204,1.3107,1.31097,1.50,2.25
2012.02.20 07:24:50.733,1.31069,1.31096,2.25,2.25
2012.02.20 07:24:51.402,1.31064,1.31097,3.00,2.25
2012.02.20 07:24:51.919,1.31064,1.31098,1.50,3.75
2012.02.20 07:24:55.116,1.31062,1.31093,1.50,1.50
2012.02.20 07:24:55.719,1.31063,1.31093,1.50,1.50
2012.02.20 07:24:56.244,1.31061,1.31093,2.25,1.50
2012.02.20 07:24:56.489,1.31061,1.31093,2.25,2.25
2012.02.20 07:24:57.289,1.31064,1.31092,2.25,1.50
2012.02.20 07:24:58.792,1.31064,1.31093,2.25,1.50
2012.02.20 07:24:59.314,1.31065,1.31088,2.25,2.25
2012.02.20 07:25:00.537,1.31069,1.31092,1.50,2.25
2012.02.20 07:25:01.036,1.31069,1.31092,1.50,2.25
2012.02.20 07:25:01.251,1.31065,1.3109,3.75,2.25
2012.02.20 07:25:02.703,1.31063,1.31088,2.25,1.50
2012.02.20 07:25:03.698,1.31067,1.31092,2.25,2.25
2012.02.20 07:25:04.552,1.31067,1.3109,2.25,2.25
2012.02.20 07:25:04.993,1.31064,1.31087,1.50,2.25
2012.02.20 07:25:05.134,1.31061,1.31083,1.50,2.25
2012.02.20 07:25:06.084,1.31059,1.31082,2.25,1.50
2012.02.20 07:25:06.163,1.31061,1.31084,2.25,2.25
2012.02.20 07:25:06.684,1.31063,1.31084,1.50,1.50
2012.02.20 07:25:08.013,1.31063,1.31085,1.50,1.50
2012.02.20 07:25:08.842,1.31063,1.31086,3.00,1.50
2012.02.20 07:25:08.975,1.31064,1.31089,2.25,3.00
2012.02.20 07:25:09.040,1.31063,1.31086,3.00,1.50
2012.02.20 07:25:09.726,1.31063,1.31085,1.50,1.50
2012.02.20 07:25:12.843,1.31063,1.31083,1.50,1.50
2012.02.20 07:25:12.914,1.31063,1.31083,1.50,1.50
2012.02.20 07:25:13.164,1.31063,1.31083,1.50,1.50
2012.02.20 07:25:13.235,1.31063,1.31085,1.50,1.50
2012.02.20 07:25:13.363,1.31063,1.31087,1.50,1.50
2012.02.20 07:25:13.879,1.31063,1.31088,4.50,1.50
2012.02.20 07:25:14.390,1.31067,1.3109,2.25,2.63
2012.02.20 07:25:15.301,1.31063,1.31088,4.50,1.50
2012.02.20 07:25:15.377,1.31063,1.31086,3.00,1.50
2012.02.20 07:25:15.520,1.31064,1.31087,2.25,1.50
2012.02.20 07:25:15.742,1.31064,1.31087,2.25,2.25
2012.02.20 07:25:15.815,1.31063,1.31084,1.50,1.50
2012.02.20 07:25:16.354,1.31063,1.31084,1.50,1.50
2012.02.20 07:25:16.684,1.31063,1.31086,1.50,1.50
2012.02.20 07:25:17.264,1.31063,1.31085,1.50,1.50
2012.02.20 07:25:17.617,1.31063,1.31085,1.50,1.50
2012.02.20 07:25:17.837,1.31065,1.31088,2.25,1.50
2012.02.20 07:25:19.233,1.31074,1.31091,1.50,1.50
2012.02.20 07:25:19.442,1.31074,1.31097,1.50,2.25
2012.02.20 07:25:19.794,1.31072,1.31095,3.75,2.25
2012.02.20 07:25:21.048,1.31072,1.31095,1.50,2.25
2012.02.20 07:25:21.263,1.31068,1.31092,1.05,2.25
2012.02.20 07:25:21.772,1.31068,1.31093,2.55,2.25
2012.02.20 07:25:22.284,1.31068,1.31093,2.55,1.50
2012.02.20 07:25:22.360,1.3107,1.31095,2.25,2.25
2012.02.20 07:25:22.771,1.3107,1.31093,2.25,1.50
2012.02.20 07:25:23.573,1.3107,1.31093,2.25,2.25
2012.02.20 07:25:24.084,1.31069,1.31092,2.25,1.50
2012.02.20 07:25:24.835,1.3107,1.31093,2.25,2.25
2012.02.20 07:25:25.515,1.3107,1.31093,2.25,2.25
2012.02.20 07:25:25.596,1.31072,1.31095,2.25,2.25
2012.02.20 07:25:27.066,1.31073,1.31098,1.50,2.25
2012.02.20 07:25:27.277,1.31076,1.31099,1.50,2.25
2012.02.20 07:25:27.972,1.31074,1.31097,1.50,2.25
2012.02.20 07:25:28.052,1.31072,1.31097,2.25,2.25
2012.02.20 07:25:28.541,1.31074,1.31096,1.50,2.25
2012.02.20 07:25:28.893,1.31076,1.31101,1.50,2.25
2012.02.20 07:25:29.024,1.31078,1.31101,1.50,2.25
2012.02.20 07:25:29.777,1.31079,1.31102,1.50,2.25
2012.02.20 07:25:30.039,1.31078,1.31101,1.50,2.25
2012.02.20 07:25:30.604,1.31079,1.31104,1.50,2.25
2012.02.20 07:25:30.933,1.31079,1.31102,1.50,2.25
2012.02.20 07:25:31.116,1.31082,1.31105,1.50,5.25
2012.02.20 07:25:32.163,1.31083,1.31105,1.50,1.50
2012.02.20 07:25:32.246,1.31088,1.31113,1.50,2.25
2012.02.20 07:25:32.465,1.31088,1.31107,1.50,2.25
2012.02.20 07:25:32.606,1.31081,1.31105,2.25,2.25
2012.02.20 07:25:32.674,1.31081,1.31106,3.00,2.25
2012.02.20 07:25:32.810,1.31081,1.31102,1.50,1.50
2012.02.20 07:25:33.180,1.31078,1.31103,1.50,2.25
2012.02.20 07:25:33.763,1.31075,1.311,1.50,2.25
2012.02.20 07:25:33.903,1.31076,1.31101,2.25,2.25
2012.02.20 07:25:34.435,1.31075,1.31097,2.25,1.50
2012.02.20 07:25:34.503,1.31071,1.31095,2.25,1.50
2012.02.20 07:25:35.067,1.31071,1.31096,2.25,1.50
2012.02.20 07:25:35.694,1.3107,1.31095,2.25,3.75
2012.02.20 07:25:35.773,1.3107,1.31093,2.25,1.50
2012.02.20 07:25:36.032,1.3107,1.31093,2.25,1.50
2012.02.20 07:25:36.245,1.31065,1.31086,1.50,1.50
2012.02.20 07:25:36.760,1.31065,1.31085,1.50,1.50
2012.02.20 07:25:37.182,1.31065,1.31088,1.50,1.50
2012.02.20 07:25:37.848,1.31065,1.31083,1.50,1.50
2012.02.20 07:25:37.926,1.31065,1.31083,1.50,1.50
2012.02.20 07:25:38.066,1.31065,1.31088,1.50,1.50
2012.02.20 07:25:38.528,1.31066,1.31089,2.25,1.50
2012.02.20 07:25:38.678,1.31067,1.31092,2.25,1.50
2012.02.20 07:25:39.526,1.31067,1.31091,2.25,1.50
2012.02.20 07:25:40.062,1.31069,1.31092,2.25,1.50
2012.02.20 07:25:40.252,1.3107,1.31095,2.25,3.75
2012.02.20 07:25:40.382,1.3107,1.31093,2.25,1.50
2012.02.20 07:25:41.886,1.31069,1.31092,2.25,1.50
2012.02.20 07:25:42.441,1.3107,1.31093,2.25,1.50
2012.02.20 07:25:42.841,1.3107,1.31091,2.25,1.50
2012.02.20 07:25:44.382,1.31069,1.31092,2.25,1.50
2012.02.20 07:25:45.073,1.31068,1.31093,2.25,3.00
2012.02.20 07:25:45.392,1.31068,1.31091,2.25,1.50
2012.02.20 07:25:46.025,1.31071,1.31094,2.25,1.50
2012.02.20 07:25:47.932,1.31068,1.31093,2.25,1.50
2012.02.20 07:25:48.623,1.31072,1.31095,2.25,2.25
2012.02.20 07:25:49.177,1.31069,1.31094,2.25,1.50
2012.02.20 07:25:49.254,1.31069,1.31092,2.25,1.50
2012.02.20 07:25:50.195,1.31068,1.31091,2.25,1.50
2012.02.20 07:25:50.337,1.31069,1.31094,2.25,3.75
2012.02.20 07:25:51.033,1.31069,1.31092,2.25,1.50
2012.02.20 07:25:51.694,1.3107,1.31093,2.25,1.50
2012.02.20 07:25:51.946,1.3107,1.31093,2.25,2.25
2012.02.20 07:25:52.592,1.31065,1.31087,1.50,1.50
2012.02.20 07:25:52.924,1.31065,1.31087,1.65,1.50
2012.02.20 07:25:53.244,1.31065,1.31087,1.65,1.50
2012.02.20 07:25:53.459,1.31067,1.31091,2.25,1.50
2012.02.20 07:25:53.733,1.31065,1.31089,3.15,1.50
2012.02.20 07:25:54.543,1.31068,1.31093,2.25,3.75
2012.02.20 07:25:54.671,1.31068,1.31093,2.25,2.25
2012.02.20 07:25:55.127,1.31068,1.31091,2.25,1.50
2012.02.20 07:25:55.463,1.31066,1.31089,2.25,1.50
2012.02.20 07:25:56.054,1.31066,1.31091,2.25,1.50
2012.02.20 07:25:57.786,1.31069,1.31092,2.25,1.50
2012.02.20 07:25:58.659,1.31069,1.31092,2.25,1.50
2012.02.20 07:25:58.948,1.31067,1.31091,2.25,1.50
2012.02.20 07:25:59.440,1.31065,1.31087,1.65,1.50
2012.02.20 07:26:00.207,1.31065,1.31088,3.00,1.50
2012.02.20 07:26:02.054,1.31065,1.31088,1.50,1.50
2012.02.20 07:26:02.623,1.31065,1.31088,1.50,1.50
2012.02.20 07:26:02.971,1.31065,1.31084,1.50,1.50
2012.02.20 07:26:03.524,1.31064,1.31085,1.50,1.50
2012.02.20 07:26:03.595,1.31064,1.31083,1.50,1.50
2012.02.20 07:26:04.544,1.31063,1.31078,1.50,1.50
2012.02.20 07:26:05.073,1.31064,1.31077,1.50,1.50
2012.02.20 07:26:05.214,1.31063,1.31076,1.45,1.50
2012.02.20 07:26:05.503,1.31063,1.31079,1.45,1.50
2012.02.20 07:26:06.467,1.31056,1.3108,2.38,2.25
2012.02.20 07:26:07.331,1.31054,1.31077,1.75,1.50
2012.02.20 07:26:09.914,1.31054,1.31079,1.75,2.25
2012.02.20 07:26:10.453,1.31056,1.3108,2.38,2.25
2012.02.20 07:26:11.853,1.31054,1.31077,1.45,1.50
2012.02.20 07:26:12.416,1.31054,1.31075,1.45,1.50
2012.02.20 07:26:13.060,1.31053,1.31075,1.93,1.50
2012.02.20 07:26:13.291,1.31054,1.31077,2.38,3.00
2012.02.20 07:26:14.473,1.31055,1.31078,2.38,1.50
2012.02.20 07:26:15.343,1.31056,1.31079,2.38,2.25
2012.02.20 07:26:17.513,1.31056,1.31081,2.38,2.25
2012.02.20 07:26:17.739,1.31058,1.31083,2.38,3.00
2012.02.20 07:26:18.152,1.31063,1.31085,2.38,1.50
2012.02.20 07:26:18.724,1.31061,1.31086,2.38,2.25
2012.02.20 07:26:19.344,1.31061,1.31086,2.38,2.25
2012.02.20 07:26:21.417,1.31064,1.31086,1.50,1.50
2012.02.20 07:26:21.680,1.31064,1.31087,2.38,2.25
2012.02.20 07:26:21.958,1.31069,1.31092,1.50,3.75
2012.02.20 07:26:23.256,1.31063,1.31086,3.88,1.50
2012.02.20 07:26:24.102,1.31063,1.31086,2.38,2.25
2012.02.20 07:26:24.374,1.31061,1.31083,2.38,1.50
2012.02.20 07:26:24.876,1.3106,1.31083,2.38,1.50
2012.02.20 07:26:26.043,1.31061,1.31084,2.38,1.50
2012.02.20 07:26:26.860,1.3106,1.31085,2.38,2.25
2012.02.20 07:26:28.040,1.31063,1.31088,2.38,2.25
2012.02.20 07:26:28.570,1.31063,1.31088,2.38,2.25
2012.02.20 07:26:29.586,1.31063,1.31086,2.38,2.25
2012.02.20 07:26:29.913,1.31068,1.31091,1.50,2.25
2012.02.20 07:26:29.983,1.31068,1.31091,1.50,2.25
2012.02.20 07:26:30.914,1.31065,1.31089,2.25,2.25
2012.02.20 07:26:31.579,1.31063,1.31089,2.38,1.50
2012.02.20 07:26:32.140,1.31068,1.31091,1.50,2.25
2012.02.20 07:26:32.655,1.31068,1.31091,2.25,2.25
2012.02.20 07:26:34.242,1.31069,1.31092,1.50,3.00
2012.02.20 07:26:36.259,1.31067,1.31092,2.25,3.00
2012.02.20 07:26:36.572,1.31067,1.31092,1.50,3.00
2012.02.20 07:26:37.351,1.31065,1.3109,2.25,2.25
2012.02.20 07:26:37.982,1.31065,1.31088,1.50,2.25
2012.02.20 07:26:38.331,1.3106,1.31083,2.38,2.25
2012.02.20 07:26:38.822,1.31066,1.31089,1.50,2.25
2012.02.20 07:26:40.146,1.31066,1.31089,1.50,2.25
2012.02.20 07:26:41.027,1.31066,1.31089,1.50,2.25
2012.02.20 07:26:42.732,1.31066,1.31089,1.50,2.25
2012.02.20 07:26:44.120,1.31067,1.3109,1.50,2.25
2012.02.20 07:26:45.109,1.31067,1.3109,2.25,2.25
2012.02.20 07:26:45.310,1.31065,1.31088,3.75,1.50
2012.02.20 07:26:46.401,1.31065,1.3109,2.25,2.25
2012.02.20 07:26:46.470,1.31065,1.3109,2.25,2.25
2012.02.20 07:26:47.659,1.31065,1.3109,2.25,2.25
2012.02.20 07:26:48.296,1.31066,1.31091,1.50,2.25
2012.02.20 07:26:48.953,1.31063,1.31086,1.50,2.25
2012.02.20 07:26:49.164,1.31056,1.31079,1.50,2.25
2012.02.20 07:26:49.232,1.31054,1.31079,2.25,1.50
2012.02.20 07:26:49.750,1.31054,1.31078,2.25,1.50
2012.02.20 07:26:49.945,1.31054,1.31079,2.25,2.25
2012.02.20 07:26:50.151,1.31054,1.31079,2.25,2.25
2012.02.20 07:26:50.484,1.31055,1.31078,2.25,1.50
2012.02.20 07:26:50.753,1.31045,1.31069,3.00,2.25
2012.02.20 07:26:50.957,1.31049,1.31075,2.25,3.00
2012.02.20 07:26:51.676,1.31055,1.31075,1.50,1.50
2012.02.20 07:26:52.001,1.31052,1.31075,1.50,3.00
2012.02.20 07:26:52.073,1.31048,1.31069,1.50,2.25
2012.02.20 07:26:52.621,1.31047,1.3107,2.25,2.25
2012.02.20 07:26:52.836,1.31047,1.3107,2.25,1.50
2012.02.20 07:26:53.036,1.31047,1.3107,2.25,1.50
2012.02.20 07:26:53.874,1.31053,1.31075,1.50,3.00
2012.02.20 07:26:54.011,1.31054,1.31077,1.50,1.13
2012.02.20 07:26:54.202,1.31054,1.31077,2.25,1.13
2012.02.20 07:26:54.747,1.31054,1.31079,2.25,2.25
2012.02.20 07:26:55.597,1.31054,1.31078,2.25,1.50
2012.02.20 07:26:56.119,1.31054,1.31079,2.25,2.25
2012.02.20 07:26:56.769,1.31056,1.31079,2.25,1.50
2012.02.20 07:26:57.033,1.31058,1.31081,2.25,1.50
2012.02.20 07:26:57.694,1.31057,1.3108,2.25,1.50
2012.02.20 07:26:58.042,1.31057,1.31082,2.25,2.25
2012.02.20 07:26:59.359,1.31057,1.3108,2.25,1.50
2012.02.20 07:26:59.876,1.31054,1.31077,2.25,1.50
2012.02.20 07:27:00.443,1.31055,1.31078,2.25,1.50
2012.02.20 07:27:00.953,1.31055,1.31078,2.25,1.50
2012.02.20 07:27:01.084,1.31057,1.31082,2.25,2.25
2012.02.20 07:27:02.865,1.31046,1.31071,2.25,2.25
2012.02.20 07:27:02.943,1.31045,1.3107,2.25,1.50
2012.02.20 07:27:03.520,1.31046,1.31071,2.25,2.25
2012.02.20 07:27:04.055,1.31049,1.31072,1.50,2.25
2012.02.20 07:27:04.735,1.31048,1.31071,1.50,2.25
2012.02.20 07:27:04.872,1.31048,1.31071,2.25,2.25
2012.02.20 07:27:04.941,1.31051,1.31072,1.50,1.50
2012.02.20 07:27:05.151,1.31049,1.31072,1.50,1.50
2012.02.20 07:27:05.707,1.31047,1.31072,2.25,2.25
2012.02.20 07:27:05.860,1.31049,1.31075,2.25,2.25
2012.02.20 07:27:06.535,1.31051,1.31076,1.50,3.00
2012.02.20 07:27:06.678,1.31049,1.31075,2.25,3.00
2012.02.20 07:27:06.817,1.31045,1.3107,2.25,2.25
2012.02.20 07:27:07.593,1.31047,1.31072,2.25,2.25
2012.02.20 07:27:08.657,1.31047,1.31073,2.25,1.50
2012.02.20 07:27:09.095,1.3105,1.31075,2.25,2.25
2012.02.20 07:27:09.315,1.3105,1.31075,2.25,2.25
2012.02.20 07:27:09.972,1.3105,1.31075,2.25,2.25
2012.02.20 07:27:10.551,1.3105,1.31075,2.25,2.25
2012.02.20 07:27:11.216,1.3105,1.31075,2.25,2.25
2012.02.20 07:27:11.762,1.3105,1.31075,2.25,2.25
2012.02.20 07:27:15.590,1.3105,1.31073,2.25,1.50
2012.02.20 07:27:16.110,1.31053,1.31076,2.25,2.25
2012.02.20 07:27:16.264,1.31051,1.31074,2.25,1.50
2012.02.20 07:27:16.534,1.31052,1.31077,2.25,2.25
2012.02.20 07:27:17.495,1.31051,1.31076,3.75,2.25
2012.02.20 07:27:17.681,1.31051,1.31076,1.50,2.25
2012.02.20 07:27:19.139,1.31052,1.31075,1.50,2.25
2012.02.20 07:27:19.215,1.3105,1.31075,1.50,2.25
2012.02.20 07:27:19.720,1.31051,1.31074,1.50,2.25
2012.02.20 07:27:20.531,1.3105,1.31073,1.50,2.25
2012.02.20 07:27:21.110,1.31052,1.31075,1.50,2.25
2012.02.20 07:27:21.672,1.31051,1.31076,1.50,2.25
2012.02.20 07:27:23.075,1.31051,1.31076,2.25,2.25
2012.02.20 07:27:23.381,1.31059,1.3108,1.50,1.50
2012.02.20 07:27:23.514,1.31059,1.31082,2.25,1.50
2012.02.20 07:27:23.584,1.31064,1.31081,1.50,1.13
2012.02.20 07:27:23.851,1.31066,1.31082,1.50,1.50
2012.02.20 07:27:23.924,1.31064,1.31081,3.00,1.13
2012.02.20 07:27:24.313,1.31061,1.31081,1.50,1.13
2012.02.20 07:27:24.510,1.3106,1.31081,2.55,1.13
2012.02.20 07:27:24.961,1.31064,1.31089,1.65,2.25
2012.02.20 07:27:25.100,1.31064,1.31087,2.40,1.50
2012.02.20 07:27:26.062,1.31064,1.31087,2.40,1.50
2012.02.20 07:27:26.685,1.31064,1.31083,1.43,1.50
2012.02.20 07:27:26.827,1.31064,1.31083,1.43,1.50
2012.02.20 07:27:26.903,1.31064,1.31079,1.43,1.50
2012.02.20 07:27:27.395,1.31056,1.31081,2.40,1.50
2012.02.20 07:27:27.469,1.31056,1.31079,2.40,1.88
2012.02.20 07:27:27.619,1.31056,1.31078,1.65,1.50
2012.02.20 07:27:28.173,1.31051,1.31073,1.28,3.00
2012.02.20 07:27:28.251,1.31051,1.3107,1.28,1.50
2012.02.20 07:27:28.322,1.31051,1.31073,1.28,1.50
2012.02.20 07:27:29.653,1.31051,1.31072,1.28,1.50
2012.02.20 07:27:31.290,1.31049,1.31073,2.25,1.50
2012.02.20 07:27:32.037,1.31049,1.31072,2.25,1.13
2012.02.20 07:27:32.382,1.31049,1.3107,1.50,1.50
2012.02.20 07:27:32.713,1.3105,1.31071,1.50,2.25
2012.02.20 07:27:33.553,1.31048,1.31073,2.25,2.25
2012.02.20 07:27:34.050,1.31048,1.31073,1.50,2.25
2012.02.20 07:27:34.121,1.31048,1.31073,2.25,2.25
2012.02.20 07:27:34.695,1.31047,1.31072,3.00,2.25
2012.02.20 07:27:35.023,1.31045,1.31068,1.50,1.13
2012.02.20 07:27:36.080,1.31047,1.31069,1.13,2.25
2012.02.20 07:27:36.366,1.31052,1.31075,3.75,2.25
2012.02.20 07:27:36.437,1.31054,1.31075,1.50,1.50
2012.02.20 07:27:36.804,1.31038,1.31063,2.25,1.50
2012.02.20 07:27:36.876,1.31038,1.31063,2.25,1.50
2012.02.20 07:27:37.084,1.31038,1.31063,2.25,2.25
2012.02.20 07:27:38.229,1.31039,1.31064,3.00,2.25
2012.02.20 07:27:38.306,1.31041,1.31065,2.55,2.25
2012.02.20 07:27:38.646,1.31052,1.31075,2.25,1.13
2012.02.20 07:27:38.991,1.31059,1.31082,1.50,2.25
2012.02.20 07:27:39.065,1.31057,1.31082,1.50,2.25
2012.02.20 07:27:39.781,1.31055,1.31079,3.00,2.25
2012.02.20 07:27:39.881,1.31058,1.31081,2.40,2.25
2012.02.20 07:27:40.362,1.3106,1.31083,2.25,2.25
2012.02.20 07:27:40.716,1.31057,1.3108,2.25,1.50
2012.02.20 07:27:40.787,1.31057,1.3108,2.25,2.25
2012.02.20 07:27:41.416,1.31056,1.31079,1.50,2.25
2012.02.20 07:27:41.950,1.31056,1.31079,2.25,2.25
2012.02.20 07:27:42.324,1.31056,1.31079,2.25,1.50
2012.02.20 07:27:42.657,1.31064,1.31084,1.50,2.25
2012.02.20 07:27:43.001,1.31066,1.31089,1.50,2.25
2012.02.20 07:27:43.649,1.31065,1.31086,1.13,1.50
2012.02.20 07:27:43.725,1.31063,1.31085,2.25,1.50
2012.02.20 07:27:43.864,1.31061,1.3108,1.50,1.50
2012.02.20 07:27:44.260,1.3106,1.3108,1.50,1.50
2012.02.20 07:27:44.334,1.31058,1.31081,2.03,3.75
2012.02.20 07:27:44.480,1.31057,1.3108,2.40,2.25
2012.02.20 07:27:44.978,1.31056,1.31078,1.05,2.25
2012.02.20 07:27:46.478,1.31058,1.31081,2.40,2.25
2012.02.20 07:27:46.561,1.31062,1.31084,2.25,2.25
2012.02.20 07:27:46.779,1.31069,1.31086,1.13,1.50
2012.02.20 07:27:47.056,1.31072,1.31092,1.50,2.25
2012.02.20 07:27:47.126,1.31072,1.31092,2.25,1.50
2012.02.20 07:27:47.705,1.31076,1.31098,1.50,1.50
2012.02.20 07:27:47.785,1.31076,1.31099,2.25,1.50
2012.02.20 07:27:47.916,1.31081,1.31102,1.50,2.25
2012.02.20 07:27:48.065,1.31081,1.31105,2.25,2.25
2012.02.20 07:27:48.776,1.31079,1.31104,2.25,2.25
2012.02.20 07:27:49.292,1.31077,1.31102,2.25,2.63
2012.02.20 07:27:50.001,1.31077,1.311,2.25,1.50
2012.02.20 07:27:51.104,1.31076,1.31099,2.25,1.50
2012.02.20 07:27:51.304,1.31074,1.311,2.55,2.25
2012.02.20 07:27:51.374,1.31074,1.31097,1.05,1.50
2012.02.20 07:27:51.843,1.31074,1.311,2.55,2.25
2012.02.20 07:27:51.911,1.31074,1.31098,2.55,1.50
2012.02.20 07:27:51.981,1.31074,1.311,2.55,3.75
2012.02.20 07:27:52.171,1.31074,1.31098,1.05,1.50
2012.02.20 07:27:52.795,1.31074,1.31096,1.05,1.50
2012.02.20 07:27:53.314,1.31073,1.31097,3.45,1.50
2012.02.20 07:27:53.830,1.31074,1.31096,1.65,1.50
2012.02.20 07:27:54.563,1.31074,1.31095,1.80,1.50
2012.02.20 07:27:55.230,1.31074,1.31096,1.80,1.50
2012.02.20 07:27:55.440,1.31074,1.31098,1.80,1.50
2012.02.20 07:27:55.934,1.31074,1.31098,1.80,1.50
2012.02.20 07:27:57.295,1.31074,1.31099,3.15,2.25
2012.02.20 07:27:57.820,1.31074,1.31098,1.65,1.50
2012.02.20 07:27:58.422,1.31075,1.31098,2.25,1.50
2012.02.20 07:27:58.626,1.31074,1.31095,1.50,1.50
2012.02.20 07:27:58.915,1.31082,1.31104,2.25,2.25
2012.02.20 07:27:59.818,1.31082,1.31105,2.25,1.50
2012.02.20 07:28:00.359,1.31083,1.31106,2.25,2.25
2012.02.20 07:28:00.635,1.31084,1.31107,2.25,2.25
2012.02.20 07:28:00.976,1.31088,1.31111,2.25,2.25
2012.02.20 07:28:01.322,1.31088,1.31111,2.40,1.50
2012.02.20 07:28:02.204,1.31092,1.31114,2.25,1.50
2012.02.20 07:28:02.711,1.31092,1.31117,2.25,2.25
2012.02.20 07:28:07.082,1.31092,1.31115,2.25,1.13
2012.02.20 07:28:07.364,1.31086,1.3111,1.05,1.50
2012.02.20 07:28:08.013,1.31086,1.31111,2.55,1.13
2012.02.20 07:28:08.578,1.31086,1.31108,1.05,1.50
2012.02.20 07:28:09.642,1.31085,1.31108,3.30,1.50
2012.02.20 07:28:10.583,1.31086,1.31108,1.05,1.50
2012.02.20 07:28:11.093,1.31085,1.31108,3.15,1.50
2012.02.20 07:28:11.576,1.31088,1.3111,1.50,2.25
2012.02.20 07:28:11.727,1.3109,1.31115,2.25,2.25
2012.02.20 07:28:11.914,1.31094,1.31117,1.50,2.25
2012.02.20 07:28:12.050,1.31096,1.31119,2.25,2.25
2012.02.20 07:28:12.744,1.31101,1.31124,1.50,2.63
2012.02.20 07:28:12.828,1.31099,1.31122,1.50,2.25
2012.02.20 07:28:12.963,1.31099,1.31122,2.25,2.25
2012.02.20 07:28:16.763,1.31101,1.31124,1.50,2.25
2012.02.20 07:28:21.167,1.31098,1.31123,2.25,2.25
2012.02.20 07:28:21.299,1.31098,1.31123,2.10,2.25
2012.02.20 07:28:21.632,1.311,1.31123,1.50,2.25
2012.02.20 07:28:22.109,1.31098,1.31123,2.10,2.25
2012.02.20 07:28:22.650,1.31099,1.31124,1.50,2.63
2012.02.20 07:28:24.736,1.31098,1.31123,2.25,2.25
2012.02.20 07:28:25.002,1.311,1.31123,1.50,2.25
2012.02.20 07:28:25.479,1.31099,1.31122,1.50,2.25
2012.02.20 07:28:25.701,1.31095,1.31119,2.55,2.25
2012.02.20 07:28:25.770,1.31093,1.31117,1.43,2.25
2012.02.20 07:28:25.923,1.31092,1.31117,1.50,2.25
2012.02.20 07:28:26.539,1.3109,1.31112,3.00,2.25
2012.02.20 07:28:26.711,1.31087,1.31111,1.50,2.25
2012.02.20 07:28:26.874,1.31091,1.31114,1.50,2.25
2012.02.20 07:28:27.016,1.31091,1.31116,1.50,2.25
2012.02.20 07:28:27.533,1.31091,1.31116,1.50,2.25
2012.02.20 07:28:28.520,1.31092,1.31117,2.25,2.63
2012.02.20 07:28:28.608,1.3109,1.31115,2.25,2.25
2012.02.20 07:28:29.134,1.31091,1.31116,1.50,2.25
2012.02.20 07:28:29.514,1.31091,1.31112,1.50,2.25
2012.02.20 07:28:29.704,1.31085,1.3111,2.25,2.25
2012.02.20 07:28:31.664,1.31087,1.3111,1.50,2.25
2012.02.20 07:28:32.548,1.31091,1.31114,1.50,2.25
2012.02.20 07:28:32.629,1.31091,1.31115,1.50,1.50
2012.02.20 07:28:32.769,1.31095,1.31117,1.50,3.38
2012.02.20 07:28:32.915,1.31096,1.31121,1.50,2.25
2012.02.20 07:28:33.918,1.31095,1.31118,1.50,2.25
2012.02.20 07:28:34.312,1.31097,1.3112,1.50,3.75
2012.02.20 07:28:34.584,1.31095,1.3112,1.50,2.25
2012.02.20 07:28:35.320,1.31095,1.3112,2.25,2.25
2012.02.20 07:28:35.992,1.31097,1.3112,1.50,2.25
2012.02.20 07:28:36.511,1.31095,1.3112,3.00,2.25
2012.02.20 07:28:40.951,1.31098,1.31121,1.50,2.25
2012.02.20 07:28:41.567,1.31097,1.3112,1.50,2.25
2012.02.20 07:28:41.718,1.31094,1.31116,1.50,2.25
2012.02.20 07:28:41.862,1.31092,1.31116,1.50,2.25
2012.02.20 07:28:42.610,1.31092,1.31116,1.50,2.25
2012.02.20 07:28:42.700,1.31094,1.31116,1.50,2.25
2012.02.20 07:28:42.778,1.31092,1.31115,2.25,2.25
2012.02.20 07:28:43.123,1.31093,1.31116,3.75,2.25
2012.02.20 07:28:43.661,1.31096,1.31119,1.50,2.25
2012.02.20 07:28:45.368,1.31093,1.31118,3.00,2.25
2012.02.20 07:28:46.299,1.31095,1.31118,1.13,2.25
2012.02.20 07:28:46.393,1.31098,1.31123,1.65,2.25
2012.02.20 07:28:46.466,1.31101,1.31123,1.50,2.25
2012.02.20 07:28:46.536,1.31102,1.31123,1.05,2.25
2012.02.20 07:28:46.813,1.31104,1.31127,2.78,2.25
2012.02.20 07:28:47.014,1.31104,1.31129,3.53,2.25
2012.02.20 07:28:47.230,1.31106,1.31131,1.88,3.00
2012.02.20 07:28:47.380,1.3111,1.31133,1.28,3.75
2012.02.20 07:28:47.665,1.3111,1.31129,1.28,1.50
2012.02.20 07:28:48.634,1.3111,1.31129,1.28,1.88
2012.02.20 07:28:48.777,1.31109,1.31129,1.58,1.50
2012.02.20 07:28:49.363,1.3111,1.31129,1.28,1.50
2012.02.20 07:28:49.903,1.3111,1.31131,1.28,1.50
2012.02.20 07:28:50.718,1.3111,1.3113,1.28,1.50
2012.02.20 07:28:51.597,1.31109,1.31126,1.05,1.50
2012.02.20 07:28:51.948,1.31104,1.31126,1.80,2.25
2012.02.20 07:28:52.285,1.31104,1.31127,4.05,2.25
2012.02.20 07:28:52.803,1.31107,1.31129,1.35,2.25
2012.02.20 07:28:53.223,1.31106,1.31128,2.85,1.13
2012.02.20 07:28:54.103,1.31107,1.31129,1.35,1.50
2012.02.20 07:28:54.695,1.31107,1.3113,1.35,1.88
2012.02.20 07:28:54.968,1.31104,1.31126,2.33,1.50
2012.02.20 07:28:55.553,1.31104,1.31128,1.80,2.63
2012.02.20 07:28:56.865,1.31102,1.31125,2.25,2.25
2012.02.20 07:28:56.944,1.31102,1.31125,1.50,2.25
2012.02.20 07:28:57.224,1.31102,1.31121,2.03,2.25
2012.02.20 07:28:57.434,1.31104,1.31127,2.03,1.13
2012.02.20 07:28:57.652,1.31107,1.3113,1.50,3.00
2012.02.20 07:28:58.101,1.31107,1.3113,1.95,1.50
2012.02.20 07:28:58.836,1.31103,1.31123,1.88,1.50
2012.02.20 07:28:59.392,1.31103,1.31125,1.88,3.00
2012.02.20 07:29:01.061,1.31103,1.31123,1.88,1.50
2012.02.20 07:29:01.131,1.311,1.31123,3.38,2.25
2012.02.20 07:29:02.093,1.311,1.31123,2.63,2.25
2012.02.20 07:29:04.275,1.31099,1.31123,1.88,1.13
2012.02.20 07:29:04.405,1.31099,1.31121,1.50,1.50
2012.02.20 07:29:04.606,1.31094,1.31119,2.25,2.25
2012.02.20 07:29:05.234,1.31094,1.31119,1.50,2.25
2012.02.20 07:29:05.546,1.31096,1.31121,1.50,3.00
2012.02.20 07:29:06.102,1.31095,1.3112,1.50,2.25
2012.02.20 07:29:06.242,1.31095,1.3112,1.50,2.25
2012.02.20 07:29:07.024,1.31096,1.31117,1.50,1.13
2012.02.20 07:29:07.154,1.31094,1.31117,3.00,2.63
2012.02.20 07:29:07.221,1.31094,1.31117,1.50,2.25
2012.02.20 07:29:07.391,1.31094,1.31117,2.25,2.25
2012.02.20 07:29:08.256,1.31102,1.31127,1.50,2.63
2012.02.20 07:29:08.594,1.31102,1.31127,2.25,2.25
2012.02.20 07:29:08.854,1.31102,1.31127,1.50,2.63
2012.02.20 07:29:09.376,1.31103,1.31127,1.50,1.13
2012.02.20 07:29:09.684,1.31105,1.31128,1.50,1.88
2012.02.20 07:29:10.252,1.31104,1.31128,1.50,1.88
2012.02.20 07:29:12.119,1.31104,1.31127,3.00,2.25
2012.02.20 07:29:12.198,1.3111,1.31133,1.50,2.25
2012.02.20 07:29:12.279,1.31108,1.31133,1.50,2.25
2012.02.20 07:29:12.366,1.3111,1.31135,1.50,2.25
2012.02.20 07:29:13.105,1.31107,1.31132,2.25,2.25
2012.02.20 07:29:14.182,1.31109,1.31132,1.50,2.25
2012.02.20 07:29:14.260,1.31109,1.31132,2.25,2.25
2012.02.20 07:29:15.074,1.3111,1.31133,1.50,2.25
2012.02.20 07:29:15.721,1.3111,1.31133,1.50,3.75
2012.02.20 07:29:15.805,1.31107,1.3113,1.50,1.50
2012.02.20 07:29:15.878,1.31105,1.31128,2.25,2.25
2012.02.20 07:29:16.202,1.31103,1.31128,2.25,2.25
2012.02.20 07:29:17.843,1.31101,1.31124,1.50,2.25
2012.02.20 07:29:17.920,1.31099,1.31122,1.50,2.25
2012.02.20 07:29:18.252,1.31098,1.31123,1.50,2.25
2012.02.20 07:29:18.392,1.31098,1.31123,1.88,2.25
2012.02.20 07:29:18.524,1.31101,1.31124,1.50,2.25
2012.02.20 07:29:18.878,1.31103,1.31126,1.50,3.75
2012.02.20 07:29:19.526,1.31102,1.31125,1.50,2.25
2012.02.20 07:29:19.660,1.311,1.31125,1.50,2.25
2012.02.20 07:29:21.419,1.31089,1.31114,1.50,1.50
2012.02.20 07:29:21.756,1.31089,1.31112,3.00,1.50
2012.02.20 07:29:22.178,1.31091,1.31117,2.25,2.25
2012.02.20 07:29:22.255,1.31092,1.31115,2.25,1.50
2012.02.20 07:29:22.382,1.31092,1.31117,2.25,3.75
2012.02.20 07:29:22.452,1.31092,1.31117,1.50,2.25
2012.02.20 07:29:24.486,1.31093,1.31118,1.50,2.25
2012.02.20 07:29:25.166,1.31094,1.31118,1.50,2.25
2012.02.20 07:29:25.719,1.31095,1.31119,1.50,3.75
2012.02.20 07:29:25.855,1.31092,1.31116,2.25,2.25
2012.02.20 07:29:26.202,1.3109,1.31113,2.25,1.13
2012.02.20 07:29:26.528,1.31086,1.31111,1.50,2.25
2012.02.20 07:29:27.281,1.31086,1.31109,1.50,3.00
2012.02.20 07:29:27.943,1.31079,1.31104,2.55,1.50
2012.02.20 07:29:28.493,1.31083,1.31105,2.25,1.50
2012.02.20 07:29:30.806,1.31089,1.31108,2.25,1.50
2012.02.20 07:29:30.884,1.31092,1.31115,1.50,3.38
2012.02.20 07:29:31.217,1.31091,1.31115,1.50,3.38
2012.02.20 07:29:31.565,1.31094,1.31119,1.50,1.50
2012.02.20 07:29:31.635,1.31094,1.31119,1.50,1.50
2012.02.20 07:29:32.658,1.31096,1.31118,1.50,1.50
2012.02.20 07:29:32.741,1.31095,1.31118,2.25,1.50
2012.02.20 07:29:33.065,1.31095,1.31118,2.25,1.50
2012.02.20 07:29:33.666,1.31095,1.31118,2.25,1.50
2012.02.20 07:29:35.559,1.31095,1.31118,2.25,1.50
2012.02.20 07:29:35.883,1.31097,1.31121,2.25,2.25
2012.02.20 07:29:36.795,1.311,1.31122,1.50,1.50
2012.02.20 07:29:37.303,1.31099,1.31122,3.00,1.50
2012.02.20 07:29:37.910,1.31101,1.31122,1.50,1.50
2012.02.20 07:29:37.991,1.31095,1.31118,2.25,2.25
2012.02.20 07:29:38.719,1.31096,1.31118,2.25,1.50
2012.02.20 07:29:38.791,1.31099,1.31122,3.00,3.38
2012.02.20 07:29:39.136,1.31101,1.31122,1.50,1.50
2012.02.20 07:29:39.519,1.31099,1.31122,3.00,3.00
2012.02.20 07:29:45.335,1.31098,1.31121,1.50,2.25
2012.02.20 07:29:45.402,1.31096,1.31121,2.25,2.25
2012.02.20 07:29:46.106,1.311,1.31122,1.50,3.00
2012.02.20 07:29:46.231,1.31098,1.31122,1.50,1.50
2012.02.20 07:29:46.743,1.31099,1.31122,1.50,1.50
2012.02.20 07:29:47.123,1.31102,1.31125,1.50,2.25
2012.02.20 07:29:47.653,1.31104,1.31128,1.50,1.50
2012.02.20 07:29:47.786,1.31104,1.31128,1.50,1.50
2012.02.20 07:29:48.513,1.31103,1.31128,1.50,3.00
2012.02.20 07:29:49.337,1.31112,1.31136,1.50,1.50
2012.02.20 07:29:49.845,1.31113,1.31135,1.50,1.50
2012.02.20 07:29:50.383,1.31112,1.31135,1.50,1.50
2012.02.20 07:29:50.914,1.31111,1.31135,1.50,1.50
2012.02.20 07:29:52.382,1.3111,1.31135,1.50,3.00
2012.02.20 07:29:52.956,1.31109,1.31132,1.50,2.25
2012.02.20 07:29:54.373,1.31109,1.31134,1.50,2.25
2012.02.20 07:29:55.073,1.31109,1.31134,3.00,2.25
2012.02.20 07:29:55.743,1.31108,1.31131,2.25,2.25
2012.02.20 07:29:56.402,1.3111,1.31133,1.50,2.25
2012.02.20 07:29:56.934,1.31111,1.31134,1.50,2.25
2012.02.20 07:29:57.392,1.31109,1.31134,1.50,2.25
2012.02.20 07:29:59.359,1.31111,1.31134,1.50,2.25
2012.02.20 07:30:00.811,1.31111,1.31134,1.50,2.25
2012.02.20 07:30:01.730,1.31113,1.31136,3.00,2.25
2012.02.20 07:30:01.832,1.31117,1.3114,1.50,1.50
2012.02.20 07:30:01.913,1.31117,1.31141,2.25,1.50
2012.02.20 07:30:02.406,1.31117,1.31139,1.50,2.25
2012.02.20 07:30:03.168,1.31119,1.31143,1.50,2.25
2012.02.20 07:30:03.476,1.31121,1.31146,1.50,2.25
2012.02.20 07:30:03.601,1.31117,1.31143,1.50,2.25
2012.02.20 07:30:03.752,1.3112,1.31144,1.50,3.75
2012.02.20 07:30:04.014,1.31118,1.31144,1.50,3.75
2012.02.20 07:30:05.033,1.31118,1.31144,1.50,2.25
2012.02.20 07:30:06.181,1.31116,1.31142,3.00,2.25
2012.02.20 07:30:08.333,1.31118,1.31142,1.50,2.25
2012.02.20 07:30:09.115,1.31118,1.31142,1.50,2.25
2012.02.20 07:30:09.369,1.31118,1.31142,1.50,2.25
2012.02.20 07:30:09.781,1.31116,1.31141,1.50,2.25
2012.02.20 07:30:10.342,1.31118,1.31141,1.50,2.25
2012.02.20 07:30:10.647,1.31118,1.31141,1.50,2.25
2012.02.20 07:30:10.785,1.31115,1.3114,1.50,2.25
2012.02.20 07:30:11.782,1.31116,1.31141,1.50,2.25
2012.02.20 07:30:12.001,1.31118,1.31141,1.50,2.25
2012.02.20 07:30:12.314,1.3112,1.31145,1.50,2.25
2012.02.20 07:30:12.635,1.31118,1.31142,1.50,2.25
2012.02.20 07:30:15.580,1.31117,1.31141,2.25,2.25
2012.02.20 07:30:19.341,1.31113,1.31138,3.00,1.50
2012.02.20 07:30:19.902,1.31118,1.31142,1.50,2.85
2012.02.20 07:30:20.846,1.31119,1.31142,1.50,1.35
2012.02.20 07:30:21.483,1.31118,1.31142,1.50,1.35
2012.02.20 07:30:22.756,1.31117,1.31142,3.75,1.35
2012.02.20 07:30:24.781,1.31117,1.31142,2.25,2.85
2012.02.20 07:30:29.624,1.31117,1.3114,2.25,1.50
2012.02.20 07:30:30.380,1.31118,1.31142,2.25,1.35
2012.02.20 07:30:31.083,1.31117,1.31142,2.25,2.85
2012.02.20 07:30:31.903,1.31118,1.31141,1.50,2.25
2012.02.20 07:30:40.043,1.31118,1.31141,2.25,1.50
2012.02.20 07:30:40.672,1.31118,1.31141,2.25,1.50
2012.02.20 07:30:43.071,1.31112,1.31144,1.50,1.50
2012.02.20 07:30:47.749,1.31114,1.31144,1.50,1.50
2012.02.20 07:30:50.680,1.31114,1.31144,1.50,1.50
2012.02.20 07:30:51.329,1.31114,1.31144,1.50,2.25
2012.02.20 07:30:52.985,1.31117,1.31144,1.50,3.00
2012.02.20 07:30:53.784,1.31118,1.31144,1.50,1.50
2012.02.20 07:30:55.579,1.31115,1.31144,3.00,1.50
2012.02.20 07:30:56.675,1.31117,1.31142,1.50,1.35
2012.02.20 07:30:56.804,1.31119,1.31144,1.50,3.00
2012.02.20 07:30:57.110,1.3112,1.31143,1.50,2.25
2012.02.20 07:31:00.093,1.3112,1.31143,1.50,2.25
2012.02.20 07:31:00.610,1.31121,1.31145,1.50,1.50
2012.02.20 07:31:00.802,1.31119,1.31142,1.50,2.25
2012.02.20 07:31:01.474,1.31118,1.31141,1.50,2.25
2012.02.20 07:31:02.465,1.31117,1.31142,2.25,2.25
2012.02.20 07:31:02.530,1.31119,1.31142,1.50,2.25
2012.02.20 07:31:03.030,1.31117,1.3114,2.25,1.50
2012.02.20 07:31:03.366,1.31117,1.3114,1.50,2.25
2012.02.20 07:31:03.684,1.31118,1.31139,1.50,1.13
2012.02.20 07:31:03.820,1.31114,1.31139,1.50,1.88
2012.02.20 07:31:03.901,1.3111,1.31136,2.63,2.25
2012.02.20 07:31:04.045,1.31109,1.31134,2.48,2.25
2012.02.20 07:31:04.683,1.31108,1.3113,1.13,1.50
2012.02.20 07:31:05.014,1.31111,1.31134,1.50,2.25
2012.02.20 07:31:05.146,1.31109,1.31134,3.38,2.25
2012.02.20 07:31:05.700,1.31108,1.31131,2.63,1.50
2012.02.20 07:31:06.402,1.31109,1.31134,1.88,2.25
2012.02.20 07:31:06.932,1.31111,1.31134,1.50,2.25
2012.02.20 07:31:07.004,1.3111,1.31133,1.50,2.25
2012.02.20 07:31:07.828,1.31108,1.31133,4.13,2.25
2012.02.20 07:31:08.141,1.31111,1.31137,1.50,4.50
2012.02.20 07:31:08.757,1.31112,1.31136,1.50,2.25
2012.02.20 07:31:09.073,1.3111,1.31136,1.88,2.25
2012.02.20 07:31:10.312,1.31111,1.31136,1.50,2.25
2012.02.20 07:31:10.445,1.31111,1.31136,1.50,2.25
2012.02.20 07:31:10.513,1.31113,1.31138,1.50,2.25
2012.02.20 07:31:10.930,1.31111,1.31136,1.50,2.25
2012.02.20 07:31:11.592,1.3111,1.31133,2.63,1.50
2012.02.20 07:31:12.615,1.31114,1.31137,1.50,2.25
2012.02.20 07:31:12.940,1.31114,1.31137,3.00,2.25
2012.02.20 07:31:13.172,1.31116,1.31141,1.50,2.25
2012.02.20 07:31:13.703,1.31115,1.31138,1.50,2.25
2012.02.20 07:31:13.772,1.31113,1.31138,1.50,3.75
2012.02.20 07:31:13.944,1.31113,1.31136,1.50,2.25
2012.02.20 07:31:14.091,1.31111,1.31136,1.50,2.25
2012.02.20 07:31:14.883,1.31113,1.31138,3.00,2.25
2012.02.20 07:31:15.193,1.31116,1.31141,1.50,2.25
2012.02.20 07:31:15.758,1.31115,1.31138,1.50,2.25
2012.02.20 07:31:15.971,1.31113,1.31138,1.50,2.25
2012.02.20 07:31:16.346,1.31113,1.31138,3.98,2.25
2012.02.20 07:31:16.685,1.31121,1.31146,1.50,2.25
2012.02.20 07:31:17.016,1.31126,1.31149,1.50,2.25
2012.02.20 07:31:17.084,1.31126,1.31149,1.50,2.25
2012.02.20 07:31:17.808,1.31124,1.31149,1.50,4.50
2012.02.20 07:31:18.435,1.31125,1.31148,1.50,2.25
2012.02.20 07:31:18.561,1.31123,1.31148,2.25,2.25
2012.02.20 07:31:21.204,1.31125,1.31148,1.50,2.25
2012.02.20 07:31:21.578,1.31123,1.31148,3.75,2.25
2012.02.20 07:31:22.406,1.31124,1.31149,1.50,2.25
2012.02.20 07:31:22.970,1.31125,1.3115,1.50,2.25
2012.02.20 07:31:23.222,1.31127,1.3115,1.50,2.25
2012.02.20 07:31:23.886,1.3113,1.31153,1.50,3.00
2012.02.20 07:31:24.402,1.31131,1.31155,1.50,1.50
2012.02.20 07:31:25.117,1.3113,1.31153,2.25,1.50
2012.02.20 07:31:25.208,1.31133,1.31155,1.50,3.00
2012.02.20 07:31:25.720,1.31134,1.31157,1.50,2.25
2012.02.20 07:31:26.444,1.31133,1.31156,1.50,2.25
2012.02.20 07:31:26.974,1.31132,1.31155,1.50,2.25
2012.02.20 07:31:27.532,1.31131,1.31156,2.93,2.25
2012.02.20 07:31:27.837,1.31133,1.31156,1.50,2.25
2012.02.20 07:31:28.164,1.31132,1.31155,1.50,2.25
2012.02.20 07:31:28.801,1.31133,1.31156,1.50,2.25
2012.02.20 07:31:34.204,1.31132,1.31156,1.50,2.25
2012.02.20 07:31:34.273,1.31132,1.31156,2.25,2.25
2012.02.20 07:31:34.585,1.31134,1.31156,1.50,1.50
2012.02.20 07:31:35.109,1.31133,1.31156,1.50,2.25
2012.02.20 07:31:35.505,1.31135,1.31158,1.50,3.00
2012.02.20 07:31:36.401,1.31133,1.31158,3.00,2.25
2012.02.20 07:31:37.140,1.31132,1.31155,2.25,1.50
2012.02.20 07:31:37.594,1.31132,1.31157,2.93,2.25
2012.02.20 07:31:38.113,1.31135,1.31159,2.25,1.13
2012.02.20 07:31:39.653,1.31135,1.31158,2.85,1.88
2012.02.20 07:31:39.988,1.31138,1.31162,2.93,1.13
2012.02.20 07:31:40.409,1.31145,1.31162,1.50,1.13
2012.02.20 07:31:40.485,1.31141,1.31162,1.50,1.13
2012.02.20 07:31:41.416,1.31142,1.31165,1.50,1.50
2012.02.20 07:31:41.492,1.31144,1.31162,1.50,1.13
2012.02.20 07:31:41.781,1.31141,1.3116,1.50,1.13
2012.02.20 07:31:41.852,1.3114,1.31156,1.50,2.25
2012.02.20 07:31:41.931,1.31134,1.31156,1.43,2.25
2012.02.20 07:31:42.007,1.31132,1.31156,1.81,2.25
2012.02.20 07:31:42.072,1.31132,1.31153,1.06,1.50
2012.02.20 07:31:42.288,1.31132,1.31155,2.56,2.25
2012.02.20 07:31:42.857,1.31132,1.31153,2.18,1.50
2012.02.20 07:31:42.933,1.31133,1.31157,1.50,2.25
2012.02.20 07:31:43.548,1.31134,1.31157,1.50,2.25
2012.02.20 07:31:43.945,1.31131,1.31154,1.50,2.25
2012.02.20 07:31:44.148,1.31128,1.31151,1.43,1.50
2012.02.20 07:31:44.291,1.31127,1.31151,1.43,2.25
2012.02.20 07:31:46.018,1.31125,1.31151,2.93,2.25
2012.02.20 07:31:46.513,1.31127,1.31151,2.25,1.50
2012.02.20 07:31:46.584,1.31129,1.31153,2.25,2.25
2012.02.20 07:31:47.344,1.3113,1.31153,1.50,2.25
2012.02.20 07:31:48.095,1.31132,1.31155,1.50,2.25
2012.02.20 07:31:48.222,1.3113,1.31155,1.50,2.25
2012.02.20 07:31:48.474,1.31132,1.31155,1.50,2.25
2012.02.20 07:31:50.900,1.31132,1.3115,1.50,2.25
2012.02.20 07:31:50.981,1.31126,1.31148,2.25,1.50
2012.02.20 07:31:51.128,1.31126,1.31151,2.25,2.25
2012.02.20 07:31:51.523,1.31125,1.31147,1.50,1.50
2012.02.20 07:31:52.012,1.31126,1.31149,2.25,1.50
2012.02.20 07:31:52.402,1.31128,1.31151,1.50,2.25
2012.02.20 07:31:53.179,1.31127,1.3115,1.50,2.25
2012.02.20 07:31:53.804,1.31128,1.31152,1.50,2.25
2012.02.20 07:31:53.872,1.31126,1.3115,2.25,2.25
2012.02.20 07:31:53.941,1.31126,1.3115,1.50,2.25
2012.02.20 07:31:54.482,1.31126,1.31151,2.25,2.25
2012.02.20 07:31:54.800,1.3113,1.31155,1.50,3.75
2012.02.20 07:31:55.320,1.31129,1.31152,1.50,2.25
2012.02.20 07:31:55.402,1.31129,1.31154,2.25,2.25
2012.02.20 07:31:55.471,1.31131,1.31154,1.50,2.25
2012.02.20 07:31:55.992,1.31132,1.31155,1.50,2.25
2012.02.20 07:31:56.487,1.31132,1.31155,1.50,2.25
2012.02.20 07:31:56.871,1.3113,1.31155,1.50,2.25
2012.02.20 07:31:57.830,1.31132,1.31155,1.50,2.25
2012.02.20 07:31:58.252,1.31134,1.31157,1.50,3.75
2012.02.20 07:31:59.075,1.31133,1.31156,1.50,2.25
2012.02.20 07:31:59.341,1.31131,1.31154,1.50,2.25
2012.02.20 07:32:01.474,1.31131,1.31154,1.50,2.25
2012.02.20 07:32:01.614,1.31129,1.31152,1.50,2.25
2012.02.20 07:32:01.685,1.31129,1.31152,2.25,2.25
2012.02.20 07:32:02.184,1.31127,1.3115,2.93,1.50
2012.02.20 07:32:02.310,1.31127,1.3115,2.25,2.25
2012.02.20 07:32:02.763,1.31129,1.31152,1.50,2.25
2012.02.20 07:32:04.715,1.31126,1.31152,2.25,2.25
2012.02.20 07:32:04.843,1.31126,1.31152,1.50,2.25
2012.02.20 07:32:05.477,1.31129,1.31153,1.50,2.25
2012.02.20 07:32:05.981,1.3113,1.31153,1.50,2.25
2012.02.20 07:32:07.606,1.31131,1.31156,1.50,2.25
2012.02.20 07:32:08.134,1.31131,1.31156,1.50,2.25
2012.02.20 07:32:09.510,1.31133,1.31156,1.50,2.25
2012.02.20 07:32:09.890,1.31131,1.31156,1.50,2.25
2012.02.20 07:32:10.023,1.31132,1.31156,1.50,2.25
2012.02.20 07:32:10.095,1.31135,1.31158,1.50,2.63
2012.02.20 07:32:10.625,1.31134,1.31157,1.50,2.25
2012.02.20 07:32:11.292,1.31136,1.31159,1.50,1.88
2012.02.20 07:32:12.909,1.31137,1.31159,1.50,1.88
2012.02.20 07:32:12.987,1.31138,1.31159,1.50,1.13
2012.02.20 07:32:13.127,1.3114,1.31158,1.50,1.13
2012.02.20 07:32:13.205,1.3114,1.31158,1.50,1.13
2012.02.20 07:32:13.412,1.31142,1.31158,1.50,1.13
2012.02.20 07:32:13.613,1.3114,1.31158,1.50,1.13
2012.02.20 07:32:14.142,1.31139,1.31158,1.50,1.13
2012.02.20 07:32:14.705,1.3114,1.31158,1.50,1.13
2012.02.20 07:32:15.363,1.31139,1.3116,3.00,1.13
2012.02.20 07:32:15.687,1.31141,1.3116,1.50,1.13
2012.02.20 07:32:16.208,1.31141,1.3116,1.50,1.13
2012.02.20 07:32:16.533,1.31144,1.3116,1.50,1.13
2012.02.20 07:32:17.011,1.31141,1.3116,3.00,1.13
2012.02.20 07:32:18.506,1.31141,1.3116,1.50,1.13
2012.02.20 07:32:19.067,1.3114,1.3116,1.50,1.13
2012.02.20 07:32:21.271,1.3114,1.31159,1.50,1.13
2012.02.20 07:32:21.762,1.31142,1.31159,1.50,1.13
2012.02.20 07:32:22.809,1.31139,1.31159,1.50,1.13
2012.02.20 07:32:23.240,1.31135,1.31158,1.50,1.13
2012.02.20 07:32:24.013,1.31135,1.31159,1.50,1.13
2012.02.20 07:32:25.037,1.31132,1.31158,1.50,2.63
2012.02.20 07:32:25.115,1.31131,1.31154,1.50,2.25
2012.02.20 07:32:25.712,1.31129,1.31154,2.25,3.00
2012.02.20 07:32:25.807,1.31125,1.31145,1.50,1.35
2012.02.20 07:32:26.157,1.31119,1.31143,1.50,2.25
2012.02.20 07:32:26.235,1.31116,1.31143,1.50,2.25
2012.02.20 07:32:28.335,1.31115,1.31138,1.50,2.25
2012.02.20 07:32:28.616,1.31117,1.31142,1.50,2.25
2012.02.20 07:32:28.981,1.31119,1.31142,1.50,2.25
2012.02.20 07:32:29.864,1.3112,1.31143,1.50,1.50
2012.02.20 07:32:30.560,1.31121,1.31143,1.50,1.50
2012.02.20 07:32:30.634,1.31124,1.31143,1.50,1.50
2012.02.20 07:32:31.192,1.31125,1.31147,1.50,1.50
2012.02.20 07:32:31.324,1.31123,1.31147,1.50,3.00
2012.02.20 07:32:31.487,1.3112,1.31145,1.50,2.25
2012.02.20 07:32:31.817,1.31118,1.31142,1.50,2.85
2012.02.20 07:32:32.452,1.31116,1.31141,1.50,2.25
2012.02.20 07:32:33.476,1.3112,1.31143,1.50,3.75
2012.02.20 07:32:35.289,1.31117,1.3114,1.50,2.25
2012.02.20 07:32:37.501,1.31117,1.3114,1.50,2.25
2012.02.20 07:32:37.935,1.31115,1.31138,1.50,2.25
2012.02.20 07:32:38.005,1.31113,1.31138,1.50,2.25
2012.02.20 07:32:38.150,1.31113,1.31138,1.50,2.63
2012.02.20 07:32:38.231,1.31107,1.31126,1.13,1.50
2012.02.20 07:32:38.437,1.31105,1.31124,1.50,1.50
2012.02.20 07:32:39.254,1.31102,1.31127,4.50,2.25
2012.02.20 07:32:39.333,1.31102,1.31125,3.00,1.50
2012.02.20 07:32:39.942,1.31102,1.31127,3.00,2.25
2012.02.20 07:32:40.997,1.31105,1.31128,1.88,2.25
2012.02.20 07:32:44.302,1.31107,1.31128,1.13,1.50
2012.02.20 07:32:44.430,1.31107,1.31125,1.13,1.50
2012.02.20 07:32:44.750,1.31098,1.31121,2.93,2.25
2012.02.20 07:32:48.973,1.31103,1.31126,1.50,2.25
2012.02.20 07:32:49.281,1.31107,1.31125,1.88,1.35
2012.02.20 07:32:49.822,1.31097,1.31119,1.50,2.25
2012.02.20 07:32:50.352,1.31094,1.31117,1.50,1.50
2012.02.20 07:32:50.624,1.31092,1.31118,1.50,2.85
2012.02.20 07:32:51.176,1.31091,1.31115,1.50,2.25
2012.02.20 07:32:51.845,1.31091,1.31116,2.25,2.25
2012.02.20 07:32:51.934,1.31095,1.31119,1.50,2.25
2012.02.20 07:32:52.424,1.31095,1.31118,1.50,3.00
2012.02.20 07:32:52.994,1.31098,1.31121,2.25,2.25
2012.02.20 07:32:53.512,1.31098,1.31121,3.00,2.25
2012.02.20 07:32:57.558,1.31098,1.3112,1.50,2.25
2012.02.20 07:32:59.655,1.31098,1.3112,1.50,2.25
2012.02.20 07:33:02.393,1.31096,1.31119,3.00,2.25
2012.02.20 07:33:10.014,1.31098,1.31122,2.25,1.35
2012.02.20 07:33:10.641,1.31102,1.31122,2.25,1.35
2012.02.20 07:33:12.764,1.31098,1.31122,2.25,1.35
2012.02.20 07:33:13.438,1.31102,1.31123,2.25,1.35
2012.02.20 07:33:16.177,1.31097,1.31122,3.00,2.85
2012.02.20 07:33:27.025,1.31097,1.31122,2.25,2.85
2012.02.20 07:33:27.222,1.31097,1.31118,1.50,2.85
2012.02.20 07:33:27.414,1.31097,1.31115,1.50,1.35
2012.02.20 07:33:27.615,1.31091,1.31114,1.50,2.25
2012.02.20 07:33:27.683,1.31091,1.31114,1.50,2.25
2012.02.20 07:33:27.817,1.31089,1.31113,1.50,2.25
2012.02.20 07:33:28.713,1.31087,1.31112,3.75,2.25
2012.02.20 07:33:28.795,1.31093,1.31118,1.88,2.25
2012.02.20 07:33:29.802,1.31089,1.31114,2.25,2.25
2012.02.20 07:33:32.492,1.31088,1.31111,1.50,2.25
2012.02.20 07:33:33.875,1.31087,1.31112,3.00,2.25
2012.02.20 07:33:35.899,1.31087,1.31112,2.25,2.25
2012.02.20 07:33:40.364,1.3109,1.31113,1.50,2.25
2012.02.20 07:33:42.109,1.31092,1.31115,1.50,2.25
2012.02.20 07:33:42.892,1.31091,1.31114,1.50,2.25
2012.02.20 07:33:44.329,1.31092,1.31115,1.50,2.25
2012.02.20 07:33:45.771,1.31091,1.31116,1.50,2.25
2012.02.20 07:33:48.865,1.31088,1.31114,2.25,2.25
2012.02.20 07:33:48.931,1.31092,1.31115,1.50,2.25
2012.02.20 07:33:50.754,1.3109,1.31115,1.50,2.25
2012.02.20 07:33:52.197,1.31089,1.31114,2.25,2.25
2012.02.20 07:33:52.496,1.31089,1.31113,2.85,2.25
2012.02.20 07:33:52.823,1.31094,1.31115,1.50,1.50
2012.02.20 07:33:53.237,1.31097,1.31122,3.00,2.25
2012.02.20 07:33:53.828,1.31097,1.31122,3.00,2.25
2012.02.20 07:33:54.471,1.31096,1.31121,2.25,2.25
2012.02.20 07:33:54.854,1.31096,1.31121,2.25,2.25
2012.02.20 07:33:55.294,1.31091,1.31116,1.88,2.25
2012.02.20 07:33:59.073,1.31094,1.31119,1.88,2.25
2012.02.20 07:33:59.202,1.31094,1.31119,2.25,2.25
2012.02.20 07:33:59.536,1.31095,1.31119,1.88,1.50
2012.02.20 07:34:00.240,1.31092,1.31118,1.50,2.25
2012.02.20 07:34:00.553,1.31092,1.31118,1.50,2.25
2012.02.20 07:34:01.463,1.31093,1.31118,1.88,2.25
2012.02.20 07:34:01.922,1.31093,1.31113,1.50,1.50
2012.02.20 07:34:02.127,1.31088,1.31112,1.50,2.25
2012.02.20 07:34:02.740,1.31091,1.31113,1.50,2.25
2012.02.20 07:34:03.291,1.3109,1.31113,1.50,1.50
2012.02.20 07:34:05.476,1.31091,1.31113,1.50,1.65
2012.02.20 07:34:05.797,1.31093,1.31114,1.50,1.65
2012.02.20 07:34:06.424,1.31097,1.31114,2.25,1.65
2012.02.20 07:34:06.514,1.31097,1.31119,2.25,1.35
2012.02.20 07:34:06.593,1.31096,1.31118,2.25,2.85
2012.02.20 07:34:06.803,1.31098,1.31116,1.50,2.10
2012.02.20 07:34:07.366,1.31097,1.31115,1.50,1.35
2012.02.20 07:34:08.198,1.31096,1.31116,1.50,1.35
2012.02.20 07:34:08.971,1.31096,1.31115,1.50,1.35
2012.02.20 07:34:09.970,1.31096,1.31115,1.50,1.35
2012.02.20 07:34:10.230,1.31096,1.31115,2.25,2.10
2012.02.20 07:34:10.561,1.31096,1.3112,3.75,1.50
2012.02.20 07:34:11.451,1.31102,1.31123,2.25,1.65
2012.02.20 07:34:11.653,1.31103,1.31122,2.25,1.50
2012.02.20 07:34:12.326,1.31102,1.31123,2.25,1.50
2012.02.20 07:34:12.845,1.31107,1.31126,1.88,1.50
2012.02.20 07:34:13.534,1.31106,1.31128,3.38,2.25
2012.02.20 07:34:13.620,1.31105,1.31122,1.88,1.35
2012.02.20 07:34:14.254,1.311,1.31122,2.25,1.35
2012.02.20 07:34:19.298,1.31103,1.31125,2.25,1.50
2012.02.20 07:34:19.825,1.31104,1.31124,2.25,1.50
2012.02.20 07:34:20.705,1.31101,1.31119,2.25,2.25
2012.02.20 07:34:21.468,1.31099,1.31122,2.25,2.25
2012.02.20 07:34:25.971,1.31105,1.31124,1.88,2.25
2012.02.20 07:34:26.844,1.31105,1.31126,2.25,2.63
2012.02.20 07:34:30.582,1.31101,1.31126,2.25,3.38
2012.02.20 07:34:31.122,1.31104,1.31128,2.25,2.25
2012.02.20 07:34:31.194,1.31108,1.31128,1.88,1.50
2012.02.20 07:34:31.751,1.3111,1.31133,1.50,2.25
2012.02.20 07:34:32.342,1.31109,1.31132,1.88,2.25
2012.02.20 07:34:33.520,1.3111,1.31133,1.50,2.25
2012.02.20 07:34:33.597,1.31112,1.31134,1.50,1.50
2012.02.20 07:34:33.783,1.31111,1.31134,1.50,3.00
2012.02.20 07:34:33.852,1.31111,1.31134,1.50,3.00
2012.02.20 07:34:34.126,1.31109,1.31132,1.88,2.25
2012.02.20 07:34:34.379,1.31108,1.31131,1.88,2.25
2012.02.20 07:34:35.864,1.3111,1.31133,1.88,2.25
2012.02.20 07:34:35.937,1.31106,1.31129,1.88,2.25
2012.02.20 07:34:39.191,1.31108,1.3113,1.13,2.25
2012.02.20 07:34:39.770,1.31108,1.31129,1.13,1.50
2012.02.20 07:34:40.353,1.31106,1.31129,1.13,2.25
2012.02.20 07:34:44.447,1.31108,1.31131,1.13,1.50
2012.02.20 07:34:44.777,1.31109,1.31134,1.88,2.25
2012.02.20 07:34:45.055,1.31109,1.31132,1.88,2.25
2012.02.20 07:34:45.736,1.31106,1.3113,1.13,2.25
2012.02.20 07:34:46.251,1.31103,1.31126,2.25,2.25
2012.02.20 07:34:46.660,1.31104,1.31127,1.50,1.50
2012.02.20 07:34:47.288,1.31104,1.31128,1.50,2.25
2012.02.20 07:34:48.972,1.31103,1.31128,2.25,2.25
2012.02.20 07:34:59.741,1.31105,1.3113,2.25,3.00
2012.02.20 07:35:00.708,1.31104,1.31129,2.25,2.25
2012.02.20 07:35:01.431,1.31106,1.3113,1.88,1.50
2012.02.20 07:35:01.950,1.31106,1.31131,1.88,2.25
2012.02.20 07:35:03.513,1.31106,1.31131,1.88,2.25
2012.02.20 07:35:03.717,1.3111,1.31133,1.50,2.25
2012.02.20 07:35:04.833,1.31111,1.31134,1.50,2.25
2012.02.20 07:35:05.795,1.31109,1.31134,1.88,2.25
2012.02.20 07:35:06.686,1.31111,1.31136,1.50,3.00
2012.02.20 07:35:08.706,1.31112,1.31136,1.50,1.50
2012.02.20 07:35:08.830,1.3111,1.31133,1.88,2.25
2012.02.20 07:35:10.794,1.31111,1.31134,1.50,2.25
2012.02.20 07:35:11.577,1.3111,1.31133,1.88,2.25
2012.02.20 07:35:15.744,1.31111,1.31134,1.50,2.25
2012.02.20 07:35:16.054,1.3111,1.31133,2.63,2.25
2012.02.20 07:35:16.624,1.31111,1.31134,1.50,2.25
2012.02.20 07:35:19.433,1.31112,1.31137,1.50,2.40
2012.02.20 07:35:20.045,1.31112,1.31137,2.25,2.40
2012.02.20 07:35:20.383,1.31125,1.31151,1.50,2.25
2012.02.20 07:35:20.451,1.31122,1.31147,1.50,2.25
2012.02.20 07:35:21.119,1.31122,1.31147,1.50,3.00
2012.02.20 07:35:21.498,1.31124,1.31147,1.50,2.25
2012.02.20 07:35:21.574,1.31122,1.31145,1.50,2.25
2012.02.20 07:35:23.415,1.31126,1.31151,1.50,2.25
2012.02.20 07:35:23.491,1.31123,1.31148,2.25,2.25
2012.02.20 07:35:23.635,1.31129,1.31149,1.50,2.25
2012.02.20 07:35:23.704,1.31129,1.31149,1.50,1.50
2012.02.20 07:35:23.904,1.31126,1.31149,2.25,1.50
2012.02.20 07:35:23.976,1.31126,1.31151,1.50,2.25
2012.02.20 07:35:24.313,1.31128,1.31153,1.50,2.25
2012.02.20 07:35:24.645,1.3113,1.31153,1.50,2.25
2012.02.20 07:35:25.420,1.31129,1.31154,1.50,2.25
2012.02.20 07:35:25.501,1.3113,1.31154,1.50,2.25
2012.02.20 07:35:26.042,1.31131,1.31154,1.50,2.25
2012.02.20 07:35:26.890,1.31133,1.31156,3.00,3.00
2012.02.20 07:35:27.225,1.31136,1.31158,1.50,1.13
2012.02.20 07:35:32.549,1.31136,1.31158,1.50,1.13
2012.02.20 07:35:32.691,1.3113,1.31153,1.50,2.25
2012.02.20 07:35:32.840,1.3113,1.31153,2.25,1.50
2012.02.20 07:35:32.987,1.31137,1.31156,1.50,2.25
2012.02.20 07:35:33.067,1.31135,1.31159,1.50,1.13
2012.02.20 07:35:34.028,1.31134,1.31158,1.50,2.25
2012.02.20 07:35:34.770,1.31136,1.31159,1.50,1.13
2012.02.20 07:35:36.182,1.31135,1.31159,1.50,2.63
2012.02.20 07:35:36.982,1.31134,1.31158,1.50,2.63
2012.02.20 07:35:37.615,1.31135,1.31159,1.50,2.63
2012.02.20 07:35:40.664,1.31138,1.31159,1.50,1.13
2012.02.20 07:35:40.851,1.31135,1.31159,3.00,1.13
2012.02.20 07:35:44.821,1.31135,1.31159,1.50,1.13
2012.02.20 07:35:46.691,1.31136,1.31159,1.50,1.13
2012.02.20 07:35:47.563,1.31135,1.31159,1.50,1.13
2012.02.20 07:35:49.825,1.31136,1.31159,1.50,1.13
2012.02.20 07:35:50.467,1.31134,1.31157,1.50,2.25
2012.02.20 07:35:51.097,1.31136,1.31158,1.50,1.13
2012.02.20 07:35:54.216,1.31138,1.31159,1.50,1.13
2012.02.20 07:35:54.284,1.31138,1.31159,1.50,1.13
2012.02.20 07:35:54.359,1.31136,1.31159,1.50,1.13
2012.02.20 07:35:54.501,1.31136,1.31159,1.50,1.13
2012.02.20 07:35:54.771,1.31136,1.31159,1.50,1.13
2012.02.20 07:35:54.979,1.31149,1.31159,1.50,1.13
2012.02.20 07:35:55.315,1.31155,1.31167,1.50,1.50
2012.02.20 07:35:55.509,1.31147,1.3117,2.25,1.50
2012.02.20 07:35:56.135,1.31145,1.31165,1.50,1.50
2012.02.20 07:35:56.642,1.31148,1.31165,1.50,1.50
2012.02.20 07:35:56.713,1.31146,1.31165,1.50,1.50
2012.02.20 07:35:57.273,1.31146,1.31168,3.00,1.50
2012.02.20 07:35:57.343,1.31148,1.31168,1.50,1.50
2012.02.20 07:35:57.872,1.31147,1.31168,1.50,1.50
2012.02.20 07:35:58.579,1.31147,1.31168,1.50,1.50
2012.02.20 07:35:58.865,1.31151,1.31171,1.50,1.50
2012.02.20 07:35:59.201,1.31153,1.31171,1.50,1.50
2012.02.20 07:35:59.772,1.31152,1.31171,1.50,1.50
2012.02.20 07:36:01.420,1.31151,1.31168,1.50,1.50
2012.02.20 07:36:01.952,1.31152,1.31168,1.50,1.50
2012.02.20 07:36:02.754,1.3115,1.31168,1.50,1.50
2012.02.20 07:36:02.882,1.31148,1.31168,1.50,1.50
2012.02.20 07:36:03.297,1.3115,1.31168,1.50,1.50
2012.02.20 07:36:03.363,1.31147,1.31168,1.50,1.50
2012.02.20 07:36:04.004,1.31144,1.31162,1.50,1.13
2012.02.20 07:36:04.254,1.31144,1.31159,1.50,1.13
2012.02.20 07:36:04.325,1.31136,1.31159,1.50,1.13
2012.02.20 07:36:04.833,1.31135,1.31157,1.50,2.25
2012.02.20 07:36:06.434,1.31136,1.31158,1.50,1.13
2012.02.20 07:36:07.344,1.31147,1.31164,1.50,1.50
2012.02.20 07:36:07.853,1.31142,1.31164,2.25,1.50
2012.02.20 07:36:08.373,1.31143,1.31164,1.50,1.50
2012.02.20 07:36:09.047,1.31143,1.3116,1.50,1.13
2012.02.20 07:36:10.433,1.31137,1.3116,3.00,1.13
2012.02.20 07:36:10.525,1.31134,1.31154,1.50,2.25
2012.02.20 07:36:10.856,1.31143,1.31159,1.50,1.13
2012.02.20 07:36:11.041,1.31144,1.31159,1.50,1.13
2012.02.20 07:36:11.113,1.31138,1.31159,1.50,1.13
2012.02.20 07:36:11.272,1.3114,1.31159,1.50,1.13
2012.02.20 07:36:11.946,1.31139,1.31159,1.50,1.13
2012.02.20 07:36:12.995,1.31139,1.31161,3.75,1.13
2012.02.20 07:36:13.068,1.31142,1.31159,1.50,1.13
2012.02.20 07:36:13.669,1.31142,1.31162,1.50,1.13
2012.02.20 07:36:13.993,1.31144,1.31162,1.50,1.13
2012.02.20 07:36:14.123,1.31142,1.31162,1.50,1.13
2012.02.20 07:36:14.325,1.31137,1.31161,2.25,1.88
2012.02.20 07:36:14.393,1.31136,1.31159,1.50,1.13
2012.02.20 07:36:14.583,1.31138,1.31159,1.50,1.13
2012.02.20 07:36:15.161,1.31136,1.31159,3.00,1.13
2012.02.20 07:36:18.295,1.31136,1.31159,1.50,1.13
2012.02.20 07:36:18.553,1.31138,1.31159,1.50,1.13
2012.02.20 07:36:18.773,1.31136,1.31159,1.50,1.13
2012.02.20 07:36:19.374,1.31133,1.31159,2.93,2.63
2012.02.20 07:36:20.342,1.31133,1.31158,2.93,1.13
2012.02.20 07:36:20.954,1.31129,1.31154,2.25,2.25
2012.02.20 07:36:21.802,1.31138,1.31159,1.50,1.13
2012.02.20 07:36:21.942,1.31131,1.31154,1.50,2.63
2012.02.20 07:36:22.087,1.31128,1.31145,1.50,2.25
2012.02.20 07:36:22.485,1.31128,1.31147,1.50,2.25
2012.02.20 07:36:23.236,1.31122,1.31146,1.50,2.25
2012.02.20 07:36:23.657,1.31123,1.31147,1.50,2.25
2012.02.20 07:36:23.998,1.31126,1.31149,2.25,3.75
2012.02.20 07:36:24.074,1.31126,1.31149,3.00,2.25
2012.02.20 07:36:24.146,1.3113,1.31152,1.50,1.50
2012.02.20 07:36:25.923,1.31129,1.31152,1.50,1.50
2012.02.20 07:36:26.852,1.31128,1.31152,1.50,1.50
2012.02.20 07:36:27.473,1.3113,1.31152,1.50,1.50
2012.02.20 07:36:28.535,1.31134,1.31157,1.50,1.50
2012.02.20 07:36:28.734,1.31132,1.31155,1.50,2.25
2012.02.20 07:36:29.051,1.31129,1.31154,1.50,3.00
2012.02.20 07:36:29.302,1.31131,1.31154,1.50,3.00
2012.02.20 07:36:31.742,1.31134,1.31154,1.50,1.50
2012.02.20 07:36:31.816,1.31138,1.31156,1.50,1.13
2012.02.20 07:36:32.001,1.31138,1.31157,1.50,1.50
2012.02.20 07:36:32.714,1.31137,1.31157,1.50,1.50
2012.02.20 07:36:32.784,1.31133,1.31156,1.50,2.25
2012.02.20 07:36:32.853,1.31131,1.31156,1.50,2.25
2012.02.20 07:36:33.043,1.31131,1.31154,1.50,2.25
2012.02.20 07:36:33.295,1.31128,1.31155,1.50,1.50
2012.02.20 07:36:33.495,1.3113,1.31155,1.50,1.50
2012.02.20 07:36:33.733,1.31128,1.31155,1.50,1.88
2012.02.20 07:36:34.772,1.31131,1.31155,1.50,1.50
2012.02.20 07:36:36.785,1.31128,1.31155,1.50,1.50
2012.02.20 07:36:36.994,1.3113,1.31155,1.50,1.50
2012.02.20 07:36:37.311,1.31132,1.31155,1.50,1.50
2012.02.20 07:36:37.384,1.31132,1.31155,1.50,1.50
2012.02.20 07:36:37.964,1.31133,1.31155,1.50,1.50
2012.02.20 07:36:38.114,1.31131,1.31155,3.00,1.50
2012.02.20 07:36:39.569,1.31133,1.31158,1.50,1.13
2012.02.20 07:36:39.909,1.31138,1.31158,1.50,1.13
2012.02.20 07:36:40.113,1.31133,1.31159,2.25,1.13
2012.02.20 07:36:40.661,1.31132,1.31158,1.50,2.63
2012.02.20 07:36:41.170,1.31134,1.31158,1.50,1.13
2012.02.20 07:36:41.570,1.31131,1.31158,3.00,1.13
2012.02.20 07:36:43.519,1.31134,1.31158,1.50,1.13
2012.02.20 07:36:43.781,1.31132,1.31159,2.25,2.63
2012.02.20 07:36:45.008,1.31135,1.31159,1.50,1.13
2012.02.20 07:36:45.217,1.31129,1.31157,2.25,2.25
2012.02.20 07:36:45.284,1.31129,1.31157,1.50,2.25
2012.02.20 07:36:45.575,1.31128,1.31152,1.43,1.50
2012.02.20 07:36:45.925,1.3113,1.31153,1.50,2.25
2012.02.20 07:36:46.647,1.31129,1.31152,2.25,2.25
2012.02.20 07:36:48.621,1.31131,1.31154,1.50,2.25
2012.02.20 07:36:48.753,1.31129,1.31155,2.25,2.25
2012.02.20 07:36:50.901,1.3113,1.31156,1.50,2.25
2012.02.20 07:36:52.016,1.31129,1.31155,2.25,2.25
2012.02.20 07:36:53.750,1.3113,1.31153,1.50,2.25
2012.02.20 07:36:55.752,1.31128,1.31153,2.25,2.25
2012.02.20 07:36:56.311,1.3113,1.31153,2.25,1.50
2012.02.20 07:36:56.564,1.31127,1.31152,3.75,2.25
2012.02.20 07:36:57.842,1.3113,1.31153,1.50,3.75
2012.02.20 07:36:57.910,1.31126,1.31151,2.25,1.50
2012.02.20 07:37:00.261,1.31129,1.31152,1.50,2.25
2012.02.20 07:37:01.852,1.31127,1.31152,3.75,2.25
2012.02.20 07:37:03.173,1.31129,1.31152,1.50,2.25
2012.02.20 07:37:04.862,1.31131,1.31155,1.50,2.25
2012.02.20 07:37:05.773,1.3113,1.31154,1.50,2.25
2012.02.20 07:37:07.014,1.31132,1.31156,1.50,2.25
2012.02.20 07:37:07.085,1.31132,1.31156,1.50,2.25
2012.02.20 07:37:07.654,1.3113,1.31156,2.25,2.25
2012.02.20 07:37:07.742,1.31133,1.31158,1.50,1.13
2012.02.20 07:37:08.794,1.31135,1.31158,1.50,1.13
2012.02.20 07:37:09.662,1.31134,1.31158,3.00,1.13
2012.02.20 07:37:10.647,1.31136,1.31159,1.50,1.13
2012.02.20 07:37:10.719,1.31134,1.31158,1.50,1.13
2012.02.20 07:37:11.235,1.31135,1.31158,1.50,1.13
2012.02.20 07:37:12.095,1.31134,1.31158,1.50,1.13
2012.02.20 07:37:14.073,1.31132,1.31156,3.75,2.25
2012.02.20 07:37:14.313,1.31134,1.31158,1.50,4.13
2012.02.20 07:37:14.830,1.31135,1.31158,1.50,1.13
2012.02.20 07:37:17.905,1.31136,1.31158,1.50,1.13
2012.02.20 07:37:20.060,1.31136,1.31158,1.50,1.13
2012.02.20 07:37:20.135,1.31129,1.31154,2.25,2.25
2012.02.20 07:37:20.210,1.3113,1.31154,2.25,1.50
2012.02.20 07:37:20.761,1.31129,1.31155,2.25,2.25
2012.02.20 07:37:22.597,1.31132,1.31156,1.50,2.25
2012.02.20 07:37:24.954,1.3113,1.31154,2.25,1.50
2012.02.20 07:37:25.337,1.3113,1.31153,1.50,2.25
2012.02.20 07:37:26.156,1.31129,1.31154,1.50,2.25
2012.02.20 07:37:26.234,1.31131,1.31154,1.50,2.25
2012.02.20 07:37:26.742,1.3113,1.31156,1.50,2.25
2012.02.20 07:37:27.338,1.31129,1.31155,2.25,2.25
2012.02.20 07:37:29.624,1.3113,1.31155,1.50,2.25
2012.02.20 07:37:29.825,1.31129,1.31152,1.50,2.25
2012.02.20 07:37:30.420,1.31127,1.31152,2.25,3.75
2012.02.20 07:37:30.964,1.31127,1.31152,1.50,2.25
2012.02.20 07:37:31.513,1.31128,1.31151,1.50,2.25
2012.02.20 07:37:32.136,1.31127,1.31152,1.50,2.25
2012.02.20 07:37:32.452,1.31129,1.31152,1.50,2.25
2012.02.20 07:37:32.964,1.31127,1.31152,1.50,2.25
2012.02.20 07:37:33.046,1.31129,1.31152,2.25,2.25
2012.02.20 07:37:33.566,1.31131,1.31154,1.50,2.25
2012.02.20 07:37:34.067,1.3113,1.31155,2.25,2.25
2012.02.20 07:37:34.613,1.31128,1.31153,1.50,2.25
2012.02.20 07:37:34.759,1.31128,1.31153,2.25,1.50
2012.02.20 07:37:35.409,1.31131,1.31154,1.50,2.25
2012.02.20 07:37:36.107,1.31128,1.31153,2.25,1.50
2012.02.20 07:37:36.623,1.31129,1.31152,3.75,1.50
2012.02.20 07:37:36.752,1.3113,1.31154,2.25,2.25
2012.02.20 07:37:37.804,1.31132,1.31157,1.50,2.25
2012.02.20 07:37:38.810,1.3113,1.31155,2.25,2.25
2012.02.20 07:37:39.540,1.3113,1.31155,1.50,2.25
2012.02.20 07:37:40.178,1.31129,1.31154,1.50,2.25
2012.02.20 07:37:40.500,1.31131,1.31154,1.50,2.25
2012.02.20 07:37:40.632,1.31132,1.31157,1.50,2.25
2012.02.20 07:37:42.146,1.3113,1.31154,2.25,2.25
2012.02.20 07:37:42.271,1.31129,1.31154,2.25,2.25
2012.02.20 07:37:42.812,1.3113,1.31155,1.50,2.25
2012.02.20 07:37:45.082,1.31132,1.31155,1.50,2.25
2012.02.20 07:37:45.474,1.3113,1.31156,2.25,2.25
2012.02.20 07:37:46.064,1.31131,1.31154,2.25,1.50
2012.02.20 07:37:46.134,1.31132,1.31157,2.25,2.25
2012.02.20 07:37:47.307,1.31131,1.31156,1.50,2.25
2012.02.20 07:37:47.961,1.31124,1.31147,2.25,3.75
2012.02.20 07:37:48.112,1.3112,1.31145,1.50,2.25
2012.02.20 07:37:48.654,1.31118,1.31145,1.50,2.25
2012.02.20 07:37:48.964,1.31118,1.31145,1.50,3.00
2012.02.20 07:37:49.117,1.31116,1.31145,1.50,3.00
2012.02.20 07:37:49.897,1.31117,1.31145,1.50,1.50
2012.02.20 07:37:50.322,1.31117,1.31145,1.50,1.50
2012.02.20 07:37:52.434,1.31118,1.31144,1.50,1.50
2012.02.20 07:38:00.411,1.31114,1.31144,2.25,2.25
2012.02.20 07:38:02.829,1.31117,1.31145,1.50,2.25
2012.02.20 07:38:03.262,1.31118,1.31144,2.25,1.50
2012.02.20 07:38:03.537,1.3112,1.31144,1.50,1.50
2012.02.20 07:38:03.637,1.3112,1.31144,2.25,1.50
2012.02.20 07:38:03.899,1.31125,1.31147,1.50,1.50
2012.02.20 07:38:03.977,1.31125,1.31149,1.50,1.50
2012.02.20 07:38:04.248,1.31127,1.31151,1.50,2.25
2012.02.20 07:38:04.514,1.31127,1.31152,1.50,2.25
2012.02.20 07:38:05.507,1.31125,1.3115,2.25,2.25
2012.02.20 07:38:06.583,1.31125,1.3115,2.25,2.25
2012.02.20 07:38:06.923,1.31126,1.31151,3.75,1.50
2012.02.20 07:38:07.424,1.31127,1.3115,2.25,1.50
2012.02.20 07:38:07.493,1.31127,1.3115,2.25,1.50
2012.02.20 07:38:07.694,1.31127,1.31152,2.25,1.50
2012.02.20 07:38:07.765,1.31126,1.31149,2.25,1.50
2012.02.20 07:38:08.702,1.31126,1.31149,2.25,1.50
2012.02.20 07:38:08.778,1.31126,1.31151,2.25,1.50
2012.02.20 07:38:08.986,1.31126,1.31149,2.25,1.50
2012.02.20 07:38:09.124,1.31126,1.31149,1.50,2.25
2012.02.20 07:38:09.683,1.31124,1.31149,2.93,2.25
2012.02.20 07:38:09.755,1.31124,1.31147,2.93,1.50
2012.02.20 07:38:10.131,1.31124,1.31147,3.75,1.50
2012.02.20 07:38:10.390,1.31131,1.31156,2.25,2.25
2012.02.20 07:38:11.143,1.31132,1.31157,1.50,2.25
2012.02.20 07:38:11.723,1.31133,1.31158,1.50,4.13
2012.02.20 07:38:12.583,1.31132,1.31157,1.50,2.25
2012.02.20 07:38:13.150,1.31128,1.31153,2.25,2.25
2012.02.20 07:38:14.172,1.31128,1.31153,1.50,2.25
2012.02.20 07:38:14.353,1.31128,1.31153,2.25,2.25
2012.02.20 07:38:15.073,1.3113,1.31155,1.50,3.75
2012.02.20 07:38:16.412,1.31134,1.31157,1.50,3.75
2012.02.20 07:38:16.863,1.31132,1.31157,1.50,2.25
2012.02.20 07:38:18.483,1.31131,1.31156,1.50,2.25
2012.02.20 07:38:19.053,1.3113,1.31154,1.50,2.25
2012.02.20 07:38:22.273,1.31131,1.31156,1.50,2.25
2012.02.20 07:38:23.304,1.31134,1.31157,1.50,2.25
2012.02.20 07:38:24.060,1.31132,1.31157,3.00,2.25
2012.02.20 07:38:24.563,1.31133,1.31158,1.50,2.63
2012.02.20 07:38:24.697,1.31136,1.31159,1.50,4.88
2012.02.20 07:38:24.767,1.31136,1.31159,3.00,3.38
2012.02.20 07:38:24.838,1.31138,1.31159,1.50,1.13
2012.02.20 07:38:25.856,1.31139,1.31159,1.50,1.13
2012.02.20 07:38:26.402,1.31138,1.31159,1.50,1.13
2012.02.20 07:38:27.123,1.31139,1.31159,1.50,1.13
2012.02.20 07:38:27.443,1.31142,1.31159,1.50,1.13
2012.02.20 07:38:28.041,1.31142,1.31159,1.50,1.13
2012.02.20 07:38:28.508,1.31144,1.31161,1.50,1.13
2012.02.20 07:38:29.634,1.31144,1.31161,1.50,1.13
2012.02.20 07:38:29.702,1.31142,1.31161,1.50,1.13
2012.02.20 07:38:30.244,1.31141,1.31161,1.50,1.13
2012.02.20 07:38:30.904,1.31142,1.31161,1.50,1.13
2012.02.20 07:38:31.035,1.3114,1.31161,1.50,1.13
2012.02.20 07:38:31.593,1.31139,1.31161,2.25,1.13
2012.02.20 07:38:33.901,1.31137,1.31161,2.25,1.13
2012.02.20 07:38:35.900,1.3114,1.31161,1.50,1.13
2012.02.20 07:38:37.111,1.31141,1.31161,1.50,1.13
2012.02.20 07:38:38.027,1.31142,1.31164,1.50,1.50
2012.02.20 07:38:38.575,1.31143,1.31163,1.50,1.50
2012.02.20 07:38:39.140,1.31144,1.31166,1.50,1.50
2012.02.20 07:38:40.592,1.31146,1.31166,1.50,1.50
2012.02.20 07:38:41.539,1.31145,1.31166,1.50,1.50
2012.02.20 07:38:42.042,1.31145,1.31161,1.50,1.13
2012.02.20 07:38:42.183,1.3114,1.31161,1.50,1.13
2012.02.20 07:38:42.574,1.31142,1.31163,1.50,1.50
2012.02.20 07:38:42.911,1.31144,1.31163,1.50,1.50
2012.02.20 07:38:43.864,1.31145,1.31163,1.50,1.50
2012.02.20 07:38:44.182,1.31142,1.31165,1.50,1.50
2012.02.20 07:38:44.377,1.31145,1.31168,1.50,1.50
2012.02.20 07:38:45.089,1.31144,1.31168,2.25,3.00
2012.02.20 07:38:45.978,1.31145,1.31168,1.50,1.50
2012.02.20 07:38:46.326,1.31149,1.31172,2.25,2.25
2012.02.20 07:38:46.727,1.31146,1.31169,1.50,1.50
2012.02.20 07:38:47.516,1.31145,1.31169,2.25,1.50
2012.02.20 07:38:47.596,1.31147,1.31169,1.50,1.50
2012.02.20 07:38:47.903,1.31149,1.31169,1.50,1.50
2012.02.20 07:38:51.435,1.31149,1.31169,1.50,1.50
2012.02.20 07:38:52.290,1.31152,1.31173,1.50,1.50
2012.02.20 07:38:52.823,1.31149,1.31173,2.25,3.00
2012.02.20 07:38:53.214,1.31146,1.3117,2.25,1.50
2012.02.20 07:38:53.771,1.31144,1.31167,2.25,2.25
2012.02.20 07:38:55.400,1.31146,1.3117,2.25,2.25
2012.02.20 07:38:55.764,1.31146,1.31168,2.25,1.50
2012.02.20 07:38:59.031,1.31142,1.31166,2.25,1.50
2012.02.20 07:38:59.565,1.31143,1.31166,1.50,1.50
2012.02.20 07:38:59.752,1.31146,1.31166,1.50,1.50
2012.02.20 07:38:59.914,1.31144,1.31168,2.25,3.00
2012.02.20 07:39:00.464,1.31144,1.31168,3.75,1.50
2012.02.20 07:39:00.657,1.31146,1.31169,2.25,2.25
2012.02.20 07:39:01.166,1.31148,1.31171,1.50,3.00
2012.02.20 07:39:01.704,1.31147,1.31171,2.25,1.50
2012.02.20 07:39:02.214,1.31141,1.31162,1.50,1.88
2012.02.20 07:39:02.287,1.31138,1.31162,1.43,1.88
2012.02.20 07:39:02.357,1.31142,1.31162,1.50,1.88
2012.02.20 07:39:02.683,1.31144,1.31163,1.50,1.50
2012.02.20 07:39:02.751,1.31142,1.31163,1.50,1.13
2012.02.20 07:39:03.254,1.31141,1.31163,2.25,1.50
2012.02.20 07:39:04.217,1.31142,1.31163,1.50,1.50
2012.02.20 07:39:04.798,1.31142,1.31162,1.50,1.73
2012.02.20 07:39:04.940,1.31136,1.31161,2.25,1.88
2012.02.20 07:39:05.015,1.3114,1.31162,1.50,1.73
2012.02.20 07:39:05.533,1.31138,1.31163,2.25,1.50
2012.02.20 07:39:07.061,1.31137,1.31162,2.25,2.63
2012.02.20 07:39:07.723,1.31139,1.31162,1.50,2.63
2012.02.20 07:39:08.353,1.31137,1.3116,3.75,2.63
2012.02.20 07:39:09.973,1.31135,1.31158,2.25,1.13
2012.02.20 07:39:10.936,1.31137,1.31158,1.50,1.13
2012.02.20 07:39:17.291,1.31138,1.31159,1.50,1.13
2012.02.20 07:39:17.823,1.31136,1.31159,2.25,1.13
2012.02.20 07:39:22.679,1.31136,1.31158,1.50,1.13
2012.02.20 07:39:22.811,1.31134,1.31157,1.50,2.25
2012.02.20 07:39:26.841,1.31135,1.31159,1.50,1.13
2012.02.20 07:39:27.439,1.31134,1.31157,1.50,2.25
2012.02.20 07:39:28.722,1.31139,1.31158,1.50,1.13
2012.02.20 07:39:29.806,1.31136,1.31157,1.50,2.25
2012.02.20 07:39:29.887,1.31129,1.31152,2.25,1.50
2012.02.20 07:39:29.957,1.31129,1.31152,1.50,2.25
2012.02.20 07:39:30.343,1.31125,1.31148,2.25,1.50
2012.02.20 07:39:30.535,1.31126,1.31149,2.25,2.25
2012.02.20 07:39:31.078,1.31122,1.31146,3.68,1.50
2012.02.20 07:39:31.699,1.31122,1.31146,1.50,2.25
2012.02.20 07:39:32.034,1.31122,1.31147,3.00,2.25
2012.02.20 07:39:32.373,1.31125,1.3115,3.00,2.25
2012.02.20 07:39:32.843,1.31131,1.31152,1.50,2.25
2012.02.20 07:39:34.186,1.31129,1.31152,1.50,2.25
2012.02.20 07:39:34.279,1.31127,1.31152,2.25,1.50
2012.02.20 07:39:34.663,1.31127,1.3115,2.25,1.50
2012.02.20 07:39:35.164,1.31128,1.31151,2.25,1.50
2012.02.20 07:39:36.318,1.31129,1.31152,2.25,1.50
2012.02.20 07:39:38.022,1.31126,1.31149,2.25,1.50
2012.02.20 07:39:38.092,1.31128,1.31151,2.25,1.50
2012.02.20 07:39:38.162,1.3113,1.31153,1.50,2.25
2012.02.20 07:39:38.523,1.31133,1.31155,1.50,2.25
2012.02.20 07:39:39.054,1.3113,1.31153,3.00,2.25
2012.02.20 07:39:39.670,1.31127,1.3115,2.25,1.50
2012.02.20 07:39:40.005,1.31125,1.3115,2.25,2.25
2012.02.20 07:39:41.038,1.31124,1.31147,1.50,2.25
2012.02.20 07:39:41.115,1.3112,1.31143,1.50,2.25
2012.02.20 07:39:41.665,1.31116,1.31141,2.25,1.50
2012.02.20 07:39:41.732,1.31116,1.31141,2.25,2.25
2012.02.20 07:39:41.895,1.31116,1.31139,2.25,1.50
2012.02.20 07:39:42.684,1.31117,1.3114,2.25,1.50
2012.02.20 07:39:44.046,1.31114,1.31139,2.25,1.50
2012.02.20 07:39:44.569,1.31115,1.31138,2.25,2.25
2012.02.20 07:39:46.224,1.31114,1.31137,2.25,2.25
2012.02.20 07:39:47.703,1.31116,1.31138,1.50,2.25
2012.02.20 07:39:47.775,1.31115,1.31136,1.50,2.25
2012.02.20 07:39:47.850,1.31125,1.31145,1.50,1.50
2012.02.20 07:39:47.996,1.31124,1.31145,1.50,1.50
2012.02.20 07:39:48.815,1.31123,1.31146,1.50,2.25
2012.02.20 07:39:48.891,1.31121,1.31145,1.50,2.25
2012.02.20 07:39:49.344,1.31124,1.31147,1.50,2.25
2012.02.20 07:39:49.854,1.31127,1.3115,1.50,3.75
2012.02.20 07:39:50.701,1.31127,1.3115,2.25,1.50
2012.02.20 07:39:50.787,1.3113,1.31154,2.25,2.25
2012.02.20 07:39:50.981,1.3113,1.31156,2.25,2.25
2012.02.20 07:39:51.483,1.31129,1.31153,2.25,1.50
2012.02.20 07:39:52.186,1.3113,1.31156,2.25,3.00
2012.02.20 07:39:56.221,1.31131,1.31154,2.25,1.50
2012.02.20 07:39:56.752,1.31133,1.31156,2.25,3.00
2012.02.20 07:39:57.353,1.31131,1.31154,2.25,1.50
2012.02.20 07:40:00.335,1.31131,1.31154,2.25,1.50
2012.02.20 07:40:00.407,1.31132,1.31157,2.25,1.50
2012.02.20 07:40:02.094,1.31136,1.31158,2.25,1.13
2012.02.20 07:40:02.513,1.31135,1.31158,2.25,2.63
2012.02.20 07:40:03.554,1.31136,1.31159,2.25,1.88
2012.02.20 07:40:07.072,1.31135,1.3116,2.25,1.88
2012.02.20 07:40:07.615,1.31135,1.31159,2.25,1.13
2012.02.20 07:40:09.055,1.31136,1.31159,1.50,2.63
2012.02.20 07:40:09.777,1.31135,1.31159,2.25,1.13
2012.02.20 07:40:12.211,1.31135,1.31158,1.50,1.13
2012.02.20 07:40:12.722,1.31137,1.31158,2.25,1.13
2012.02.20 07:40:13.565,1.31139,1.31158,1.50,1.13
2012.02.20 07:40:14.105,1.31137,1.31158,2.25,1.13
2012.02.20 07:40:15.602,1.31135,1.3116,2.25,2.63
2012.02.20 07:40:27.607,1.31135,1.3116,2.25,2.25
2012.02.20 07:40:27.734,1.31135,1.3116,2.25,1.50
2012.02.20 07:40:28.241,1.31138,1.31161,2.25,1.50
2012.02.20 07:40:28.375,1.31138,1.31163,2.25,1.50
2012.02.20 07:40:29.023,1.31138,1.31161,2.25,1.50
2012.02.20 07:40:29.826,1.31139,1.31162,2.25,1.50
2012.02.20 07:40:30.503,1.3114,1.31163,2.25,1.50
2012.02.20 07:40:30.835,1.31138,1.31161,2.25,1.50
2012.02.20 07:40:30.903,1.31138,1.31161,2.25,1.50
2012.02.20 07:40:31.927,1.31138,1.3116,2.25,1.50
2012.02.20 07:40:32.490,1.31136,1.31159,1.50,1.50
2012.02.20 07:40:32.918,1.31138,1.31161,3.00,2.25
2012.02.20 07:40:33.259,1.31143,1.31164,2.25,1.88
2012.02.20 07:40:33.821,1.31144,1.31167,1.50,3.00
2012.02.20 07:40:33.907,1.31136,1.31161,2.25,1.50
2012.02.20 07:40:34.453,1.31136,1.31161,2.25,1.50
2012.02.20 07:40:37.535,1.31133,1.31159,2.25,1.50
2012.02.20 07:40:38.611,1.31134,1.3116,2.25,1.50
2012.02.20 07:40:40.064,1.31134,1.31158,2.25,1.50
2012.02.20 07:40:41.488,1.31133,1.31159,2.25,1.50
2012.02.20 07:40:46.445,1.31134,1.3116,2.25,3.00
2012.02.20 07:40:47.931,1.31133,1.31159,2.25,1.50
2012.02.20 07:40:48.674,1.31134,1.31158,2.25,1.50
2012.02.20 07:40:48.904,1.31134,1.3116,2.25,1.50
2012.02.20 07:40:49.234,1.31132,1.31158,2.25,1.50
2012.02.20 07:40:49.366,1.31132,1.31158,2.25,2.25
2012.02.20 07:40:50.182,1.3113,1.31159,2.25,3.00
2012.02.20 07:40:50.695,1.31133,1.31161,2.25,1.50
2012.02.20 07:40:51.233,1.31133,1.31161,2.25,1.50
2012.02.20 07:40:51.892,1.31131,1.31159,3.75,1.50
2012.02.20 07:40:52.106,1.3113,1.31157,2.25,2.25
2012.02.20 07:40:52.845,1.31129,1.31159,2.25,2.25
2012.02.20 07:40:52.915,1.31127,1.31156,2.25,1.50
2012.02.20 07:40:53.103,1.31127,1.31156,2.25,1.50
2012.02.20 07:40:53.653,1.31128,1.31157,2.25,2.25
2012.02.20 07:40:55.113,1.31129,1.31158,3.75,2.25
2012.02.20 07:40:55.354,1.31132,1.31158,2.25,1.50
2012.02.20 07:40:59.747,1.31129,1.31155,2.25,1.50
2012.02.20 07:41:00.238,1.31133,1.31157,2.25,1.50
2012.02.20 07:41:02.028,1.31131,1.31157,2.25,1.50
2012.02.20 07:41:02.249,1.31135,1.31159,2.25,1.50
2012.02.20 07:41:02.846,1.31135,1.3116,2.25,2.25
2012.02.20 07:41:02.944,1.31136,1.31162,2.25,2.25
2012.02.20 07:41:03.285,1.31135,1.31159,2.25,1.50
2012.02.20 07:41:03.719,1.31135,1.31161,2.25,2.25
2012.02.20 07:41:03.913,1.31134,1.3116,2.25,1.50
2012.02.20 07:41:04.093,1.31137,1.31161,2.25,2.25
2012.02.20 07:41:04.826,1.31137,1.31161,2.25,1.50
2012.02.20 07:41:04.900,1.31139,1.31165,2.25,2.25
2012.02.20 07:41:05.547,1.31139,1.31163,2.25,2.25
2012.02.20 07:41:05.902,1.31134,1.31159,1.50,1.50
2012.02.20 07:41:06.776,1.31137,1.3116,2.25,1.50
2012.02.20 07:41:08.241,1.31137,1.31161,2.25,2.25
2012.02.20 07:41:14.100,1.31142,1.31165,2.25,3.75
2012.02.20 07:41:14.633,1.31143,1.31169,1.50,3.75
2012.02.20 07:41:14.892,1.31143,1.31169,2.25,3.00
2012.02.20 07:41:16.163,1.31143,1.31164,2.25,4.50
2012.02.20 07:41:16.775,1.31146,1.3117,1.50,2.25
2012.02.20 07:41:16.991,1.31146,1.3117,2.25,1.50
2012.02.20 07:41:17.284,1.31146,1.3117,3.75,2.25
2012.02.20 07:41:17.369,1.31148,1.3117,2.25,1.50
2012.02.20 07:41:18.402,1.31148,1.3117,1.50,2.25
2012.02.20 07:41:18.704,1.31158,1.31171,1.50,1.13
2012.02.20 07:41:19.331,1.31157,1.31171,1.50,1.13
2012.02.20 07:41:19.775,1.31155,1.31171,2.25,1.13
2012.02.20 07:41:20.537,1.31153,1.31176,2.25,1.50
2012.02.20 07:41:20.749,1.31151,1.31174,2.25,1.50
2012.02.20 07:41:21.179,1.31151,1.31168,1.50,1.50
2012.02.20 07:41:21.583,1.31143,1.31166,2.25,1.50
2012.02.20 07:41:22.154,1.31143,1.31159,2.25,1.50
2012.02.20 07:41:22.307,1.31139,1.31161,1.50,1.50
2012.02.20 07:41:22.624,1.31139,1.31161,1.50,1.50
2012.02.20 07:41:23.133,1.31138,1.31162,1.50,1.50
2012.02.20 07:41:23.335,1.31138,1.31158,1.50,1.50
2012.02.20 07:41:23.474,1.31138,1.3116,1.50,3.00
2012.02.20 07:41:23.614,1.31138,1.31158,1.50,1.50
2012.02.20 07:41:24.365,1.31144,1.31158,5.25,1.50
2012.02.20 07:41:24.779,1.31144,1.3116,4.50,1.50
2012.02.20 07:41:24.927,1.31144,1.31158,4.50,1.50
2012.02.20 07:41:25.471,1.31135,1.31156,1.50,1.50
2012.02.20 07:41:25.606,1.31135,1.31156,1.50,1.50
2012.02.20 07:41:26.675,1.31134,1.31154,1.50,1.50
2012.02.20 07:41:27.089,1.31134,1.31153,1.13,1.50
2012.02.20 07:41:27.171,1.31134,1.31151,1.13,1.50
2012.02.20 07:41:27.508,1.31135,1.31148,6.00,1.50
2012.02.20 07:41:28.184,1.31139,1.31153,1.50,1.50
2012.02.20 07:41:28.263,1.31138,1.31155,1.13,3.00
2012.02.20 07:41:28.334,1.31138,1.31151,1.13,1.50
2012.02.20 07:41:28.546,1.3113,1.31151,2.85,1.50
2012.02.20 07:41:29.067,1.31132,1.31151,1.50,1.50
2012.02.20 07:41:29.140,1.31146,1.31157,4.50,2.25
2012.02.20 07:41:29.215,1.31143,1.31157,1.50,1.50
2012.02.20 07:41:29.421,1.31138,1.31151,1.50,1.50
2012.02.20 07:41:30.010,1.31137,1.31157,1.43,1.50
2012.02.20 07:41:30.156,1.31136,1.31159,4.06,1.50
2012.02.20 07:41:30.675,1.31138,1.3116,1.50,1.50
2012.02.20 07:41:30.947,1.31138,1.31158,2.25,1.50
2012.02.20 07:41:31.526,1.31139,1.31159,1.50,1.50
2012.02.20 07:41:32.538,1.31139,1.3116,2.25,1.50
2012.02.20 07:41:33.066,1.31139,1.31161,2.25,1.50
2012.02.20 07:41:33.413,1.3114,1.31162,1.50,1.50
2012.02.20 07:41:33.779,1.31143,1.31162,1.50,1.50
2012.02.20 07:41:34.002,1.31137,1.31159,2.25,1.50
2012.02.20 07:41:34.607,1.31138,1.3116,1.50,1.50
2012.02.20 07:41:35.285,1.31137,1.31159,1.50,3.00
2012.02.20 07:41:35.880,1.31137,1.31158,2.25,1.50
2012.02.20 07:41:36.850,1.31137,1.31157,2.18,1.50
2012.02.20 07:41:37.844,1.31137,1.31156,1.50,1.50
2012.02.20 07:41:37.983,1.31137,1.31156,1.50,1.50
2012.02.20 07:41:38.507,1.31138,1.31158,1.50,1.50
2012.02.20 07:41:39.013,1.31138,1.31159,1.50,1.50
2012.02.20 07:41:39.563,1.31137,1.31158,2.25,1.50
2012.02.20 07:41:42.174,1.31137,1.31156,1.50,1.50
2012.02.20 07:41:42.746,1.31137,1.31155,1.50,1.50
2012.02.20 07:41:43.456,1.31135,1.31154,1.50,1.50
2012.02.20 07:41:43.534,1.31133,1.31151,1.50,1.50
2012.02.20 07:41:45.502,1.31132,1.3115,1.50,1.50
2012.02.20 07:41:46.164,1.31132,1.31152,1.50,1.50
2012.02.20 07:41:46.724,1.31132,1.3115,1.50,1.50
2012.02.20 07:41:46.999,1.31132,1.31153,1.50,1.50
2012.02.20 07:41:47.809,1.31132,1.31154,1.50,1.50
2012.02.20 07:41:48.015,1.31134,1.31151,1.50,1.50
2012.02.20 07:41:48.087,1.31133,1.31151,1.50,1.50
2012.02.20 07:41:48.277,1.31131,1.31153,1.13,1.50
2012.02.20 07:41:48.476,1.31131,1.31155,1.50,1.50
2012.02.20 07:41:48.550,1.31131,1.31155,1.50,1.50
2012.02.20 07:41:48.696,1.31132,1.31157,2.25,1.50
2012.02.20 07:41:49.729,1.31137,1.31155,1.88,1.50
2012.02.20 07:41:50.288,1.31131,1.31156,3.00,1.50
2012.02.20 07:41:50.686,1.3113,1.31153,1.50,1.50
2012.02.20 07:41:51.046,1.31142,1.31153,1.13,1.50
2012.02.20 07:41:51.113,1.31142,1.31155,1.13,3.00
2012.02.20 07:41:51.256,1.31136,1.31155,1.50,2.25
2012.02.20 07:41:51.453,1.31129,1.31151,2.18,2.25
2012.02.20 07:41:52.099,1.31129,1.3115,2.18,1.50
2012.02.20 07:41:52.191,1.31129,1.31152,3.00,2.25
2012.02.20 07:41:52.778,1.31131,1.3115,1.13,1.50
2012.02.20 07:41:53.291,1.31131,1.31151,1.13,2.25
2012.02.20 07:41:55.053,1.31129,1.31149,1.88,1.50
2012.02.20 07:41:55.591,1.31129,1.3115,1.88,1.50
2012.02.20 07:41:55.933,1.31129,1.31148,1.88,1.50
2012.02.20 07:41:56.466,1.31129,1.31149,1.88,1.50
2012.02.20 07:41:56.872,1.31129,1.31147,1.88,1.50
2012.02.20 07:41:57.625,1.31129,1.31149,1.88,1.50
2012.02.20 07:41:59.025,1.31129,1.31146,1.88,1.50
2012.02.20 07:41:59.580,1.31123,1.31142,1.50,1.88
2012.02.20 07:41:59.800,1.31118,1.31139,1.50,1.50
2012.02.20 07:42:00.413,1.3112,1.31143,2.25,1.50
2012.02.20 07:42:00.555,1.31117,1.31142,2.25,1.50
2012.02.20 07:42:00.742,1.31116,1.31138,1.50,1.50
2012.02.20 07:42:00.815,1.31116,1.31138,1.50,1.50
2012.02.20 07:42:01.377,1.31116,1.31139,3.00,1.50
2012.02.20 07:42:03.243,1.31116,1.31139,3.00,1.50
2012.02.20 07:42:03.451,1.31119,1.31142,2.25,1.50
2012.02.20 07:42:05.027,1.31119,1.31142,3.00,2.25
2012.02.20 07:42:05.098,1.31119,1.31141,3.00,1.50
2012.02.20 07:42:05.633,1.31116,1.31137,1.88,1.50
2012.02.20 07:42:06.985,1.31116,1.31136,1.88,1.50
2012.02.20 07:42:08.150,1.31116,1.31137,1.88,1.50
2012.02.20 07:42:08.583,1.31116,1.31137,1.13,1.50
2012.02.20 07:42:08.908,1.31114,1.31135,1.50,1.50
2012.02.20 07:42:09.253,1.31112,1.31132,2.25,1.50
2012.02.20 07:42:10.117,1.3111,1.31129,1.50,1.50
2012.02.20 07:42:10.701,1.3111,1.3113,1.50,1.50
2012.02.20 07:42:11.355,1.3111,1.31132,1.50,1.50
2012.02.20 07:42:11.547,1.3111,1.31129,1.50,1.50
2012.02.20 07:42:11.883,1.31108,1.31129,1.50,1.50
2012.02.20 07:42:12.165,1.31108,1.31128,1.50,1.50
2012.02.20 07:42:12.889,1.3111,1.3113,1.50,1.50
2012.02.20 07:42:13.369,1.31113,1.3113,1.50,1.50
2012.02.20 07:42:13.522,1.31115,1.31136,2.25,1.13
2012.02.20 07:42:14.969,1.31113,1.31135,1.50,2.25
2012.02.20 07:42:16.369,1.31115,1.31133,1.13,2.25
2012.02.20 07:42:18.225,1.31118,1.31135,3.00,1.13
2012.02.20 07:42:18.536,1.31118,1.31141,2.25,2.25
2012.02.20 07:42:18.608,1.31116,1.31138,2.25,1.50
2012.02.20 07:42:18.685,1.31114,1.31138,1.43,1.50
2012.02.20 07:42:19.457,1.31115,1.3114,2.25,1.50
2012.02.20 07:42:19.664,1.31118,1.31141,2.25,1.50
2012.02.20 07:42:20.009,1.3112,1.31143,2.25,1.50
2012.02.20 07:42:20.350,1.31117,1.3114,2.25,1.50
2012.02.20 07:42:21.352,1.31116,1.31139,2.25,1.50
2012.02.20 07:42:21.431,1.31116,1.31139,2.25,1.50
2012.02.20 07:42:21.597,1.31114,1.31137,4.50,1.50
2012.02.20 07:42:22.006,1.31112,1.3113,2.63,1.50
2012.02.20 07:42:22.139,1.31113,1.3113,1.50,1.50
2012.02.20 07:42:23.133,1.31114,1.3113,2.25,1.50
2012.02.20 07:42:23.218,1.31115,1.31137,2.25,1.13
2012.02.20 07:42:23.617,1.31116,1.31137,3.00,1.13
2012.02.20 07:42:25.758,1.31115,1.31137,3.00,1.13
2012.02.20 07:42:27.823,1.31114,1.31134,1.50,2.25
2012.02.20 07:42:31.914,1.31114,1.31133,1.50,1.50
2012.02.20 07:42:33.116,1.31114,1.31135,1.50,2.25
2012.02.20 07:42:33.245,1.31113,1.31136,1.50,1.50
2012.02.20 07:42:36.064,1.31113,1.31136,1.50,1.50
2012.02.20 07:42:36.484,1.31113,1.31136,1.50,1.50
2012.02.20 07:42:36.947,1.31113,1.31134,1.50,1.50
2012.02.20 07:42:38.140,1.3111,1.31133,2.25,1.50
2012.02.20 07:42:38.233,1.31104,1.31126,1.50,1.50
2012.02.20 07:42:38.301,1.31105,1.31128,2.25,1.50
2012.02.20 07:42:38.852,1.31107,1.31127,1.50,1.50
2012.02.20 07:42:39.435,1.31107,1.31126,1.50,1.50
2012.02.20 07:42:39.562,1.31105,1.31128,1.50,1.50
2012.02.20 07:42:41.351,1.3111,1.31128,1.50,1.50
2012.02.20 07:42:41.712,1.31124,1.31137,1.50,2.18
2012.02.20 07:42:42.474,1.31132,1.31141,4.50,1.50
2012.02.20 07:42:42.703,1.31125,1.31142,1.50,1.50
2012.02.20 07:42:43.246,1.31123,1.31141,1.13,1.50
2012.02.20 07:42:44.224,1.31123,1.31139,1.13,1.50
2012.02.20 07:42:44.768,1.31123,1.31138,1.13,1.50
2012.02.20 07:42:45.311,1.31123,1.31137,1.13,1.50
2012.02.20 07:42:45.531,1.31123,1.31139,1.13,3.00
2012.02.20 07:42:46.157,1.31119,1.31136,1.13,4.50
2012.02.20 07:42:46.236,1.31115,1.31134,1.50,1.13
2012.02.20 07:42:46.794,1.31116,1.31133,2.25,1.13
2012.02.20 07:42:47.796,1.31116,1.31133,1.50,1.13
2012.02.20 07:42:48.505,1.31116,1.31133,1.50,1.13
2012.02.20 07:42:49.043,1.31117,1.31133,1.50,1.13
2012.02.20 07:42:50.237,1.31114,1.31134,2.25,1.13
2012.02.20 07:42:50.881,1.31112,1.31137,3.75,1.50
2012.02.20 07:42:50.967,1.31116,1.31135,1.50,1.50
2012.02.20 07:42:51.046,1.31121,1.31139,2.25,1.50
2012.02.20 07:42:51.124,1.31121,1.31145,2.25,1.88
2012.02.20 07:42:51.267,1.31123,1.31145,1.50,1.88
2012.02.20 07:42:52.769,1.31123,1.31145,2.25,1.13
2012.02.20 07:42:53.787,1.31123,1.31145,2.25,1.13
2012.02.20 07:42:55.543,1.31124,1.31145,2.25,1.13
2012.02.20 07:43:02.899,1.31127,1.31144,2.25,1.13
2012.02.20 07:43:03.665,1.31125,1.31144,2.25,1.13
2012.02.20 07:43:04.373,1.31127,1.31145,2.25,1.13
2012.02.20 07:43:08.235,1.31123,1.31144,2.25,1.13
2012.02.20 07:43:08.855,1.31121,1.31144,1.43,1.13
2012.02.20 07:43:10.098,1.31126,1.31144,3.68,1.13
2012.02.20 07:43:10.424,1.3113,1.31144,3.00,1.13
2012.02.20 07:43:15.605,1.3113,1.31145,2.25,1.13
2012.02.20 07:43:16.388,1.31132,1.31151,1.50,1.50
2012.02.20 07:43:16.895,1.31132,1.31153,1.50,2.25
2012.02.20 07:43:17.790,1.31132,1.31151,1.50,3.00
2012.02.20 07:43:18.077,1.31132,1.31155,1.50,2.25
2012.02.20 07:43:18.147,1.31132,1.31152,1.50,1.50
2012.02.20 07:43:18.995,1.31132,1.31153,1.50,1.50
2012.02.20 07:43:19.831,1.31132,1.31152,1.50,1.50
2012.02.20 07:43:20.332,1.31128,1.31153,2.25,1.50
2012.02.20 07:43:21.051,1.31131,1.31154,2.25,1.50
2012.02.20 07:43:21.593,1.31131,1.31153,2.25,4.50
2012.02.20 07:43:21.738,1.31134,1.31152,1.13,1.50
2012.02.20 07:43:21.865,1.31134,1.31152,1.13,1.50
2012.02.20 07:43:22.198,1.31133,1.31156,3.00,1.13
2012.02.20 07:43:22.397,1.31133,1.31155,1.50,2.25
2012.02.20 07:43:22.726,1.31133,1.31153,1.50,1.50
2012.02.20 07:43:24.932,1.31133,1.31154,1.50,1.50
2012.02.20 07:43:25.285,1.31135,1.31156,2.25,1.13
2012.02.20 07:43:26.977,1.31133,1.31156,2.25,3.38
2012.02.20 07:43:27.764,1.31133,1.31149,2.25,1.50
2012.02.20 07:43:27.848,1.31132,1.31155,6.00,2.25
2012.02.20 07:43:28.285,1.31134,1.31154,1.13,1.50
2012.02.20 07:43:28.485,1.31129,1.31154,2.25,2.25
2012.02.20 07:43:28.613,1.31129,1.31152,2.25,1.50
2012.02.20 07:43:29.856,1.31126,1.31149,3.75,1.50
2012.02.20 07:43:29.938,1.31123,1.31146,3.75,1.50
2012.02.20 07:43:30.335,1.31121,1.31146,4.43,1.50
2012.02.20 07:43:30.403,1.31121,1.31144,2.93,1.50
2012.02.20 07:43:30.944,1.31121,1.31143,1.43,1.50
2012.02.20 07:43:31.522,1.31122,1.31142,1.43,1.50
2012.02.20 07:43:32.576,1.31122,1.31142,1.43,1.50
2012.02.20 07:43:33.080,1.31119,1.31143,1.50,1.50
2012.02.20 07:43:33.347,1.31119,1.31141,1.50,1.50
2012.02.20 07:43:33.412,1.31119,1.31143,1.50,1.50
2012.02.20 07:43:33.644,1.31123,1.31139,1.50,1.50
2012.02.20 07:43:33.987,1.31123,1.31139,1.50,1.50
2012.02.20 07:43:34.271,1.31123,1.31141,1.50,1.50
2012.02.20 07:43:34.851,1.31123,1.31146,1.50,1.50
2012.02.20 07:43:34.975,1.31123,1.31144,1.50,1.50
2012.02.20 07:43:35.165,1.31123,1.31146,1.50,3.00
2012.02.20 07:43:35.676,1.31125,1.31148,3.00,1.13
2012.02.20 07:43:36.075,1.31126,1.31152,2.25,3.75
2012.02.20 07:43:36.624,1.31125,1.31149,2.25,1.50
2012.02.20 07:43:37.280,1.31126,1.31149,1.50,2.25
2012.02.20 07:43:38.295,1.31126,1.31148,1.50,1.50
2012.02.20 07:43:38.794,1.31127,1.31148,1.50,1.50
2012.02.20 07:43:38.871,1.31127,1.3115,2.25,2.63
2012.02.20 07:43:39.815,1.31125,1.31148,2.25,3.00
2012.02.20 07:43:40.418,1.31127,1.31149,2.25,1.50
2012.02.20 07:43:40.968,1.31126,1.31151,2.25,2.25
2012.02.20 07:43:41.118,1.31126,1.31151,2.25,2.25
2012.02.20 07:43:42.004,1.31129,1.31151,1.50,2.25
2012.02.20 07:43:42.335,1.31133,1.31153,1.50,2.25
2012.02.20 07:43:42.879,1.31134,1.31155,1.50,1.88
2012.02.20 07:43:43.456,1.31131,1.31155,3.00,1.88
2012.02.20 07:43:43.786,1.31131,1.31155,3.00,1.13
2012.02.20 07:43:44.434,1.31133,1.31155,2.25,1.13
2012.02.20 07:43:44.527,1.31135,1.3116,2.25,1.50
2012.02.20 07:43:44.794,1.31135,1.31159,2.25,1.50
2012.02.20 07:43:45.120,1.31138,1.31161,2.25,1.50
2012.02.20 07:43:45.622,1.31137,1.31162,2.25,1.50
2012.02.20 07:43:46.461,1.31136,1.31161,2.25,1.50
2012.02.20 07:43:47.333,1.31135,1.3116,2.25,1.50
2012.02.20 07:43:49.345,1.31136,1.31159,2.25,1.50
2012.02.20 07:43:49.418,1.31136,1.31161,2.25,2.25
2012.02.20 07:43:49.493,1.31136,1.31161,2.25,1.50
2012.02.20 07:43:50.206,1.31144,1.31167,2.25,2.25
2012.02.20 07:43:50.714,1.31142,1.31165,2.25,1.50
2012.02.20 07:43:51.418,1.31142,1.31165,2.25,1.50
2012.02.20 07:43:51.486,1.31142,1.31167,2.25,1.50
2012.02.20 07:43:52.114,1.31142,1.31165,2.25,1.50
2012.02.20 07:43:53.361,1.3114,1.31166,2.25,1.50
2012.02.20 07:43:53.569,1.31139,1.31165,2.25,1.50
2012.02.20 07:43:53.774,1.3114,1.31166,2.25,1.50
2012.02.20 07:43:54.337,1.31141,1.31165,2.25,1.50
2012.02.20 07:43:57.616,1.31141,1.31167,2.25,1.50
2012.02.20 07:43:58.156,1.3114,1.31166,3.75,1.50
2012.02.20 07:43:58.661,1.31141,1.31167,2.25,1.50
2012.02.20 07:43:59.901,1.31147,1.31171,2.25,2.25
2012.02.20 07:44:00.529,1.31144,1.31168,2.25,1.50
2012.02.20 07:44:00.737,1.31144,1.3117,2.25,2.25
2012.02.20 07:44:00.902,1.31142,1.31168,2.25,1.50
2012.02.20 07:44:01.993,1.31145,1.31171,2.25,1.50
2012.02.20 07:44:02.554,1.31145,1.31169,2.25,1.50
2012.02.20 07:44:02.826,1.31143,1.31167,2.25,1.50
2012.02.20 07:44:03.333,1.31142,1.31168,2.25,1.50
2012.02.20 07:44:04.069,1.31142,1.31168,3.00,3.00
2012.02.20 07:44:04.777,1.31142,1.31165,2.25,3.00
2012.02.20 07:44:04.915,1.31145,1.31171,3.75,3.00
2012.02.20 07:44:05.360,1.31143,1.31167,2.25,1.50
2012.02.20 07:44:06.214,1.31145,1.31169,2.25,2.25
2012.02.20 07:44:06.748,1.31144,1.31168,2.25,1.50
2012.02.20 07:44:07.615,1.31144,1.3117,2.25,2.25
2012.02.20 07:44:14.155,1.31145,1.31171,2.25,1.50
2012.02.20 07:44:14.804,1.31152,1.31175,2.25,1.50
2012.02.20 07:44:15.134,1.3115,1.31173,2.25,1.50
2012.02.20 07:44:19.084,1.31148,1.31173,2.25,1.50
2012.02.20 07:44:19.229,1.31147,1.31171,3.75,1.50
2012.02.20 07:44:19.297,1.31147,1.3117,2.25,1.50
2012.02.20 07:44:19.842,1.31143,1.31169,2.25,1.50
2012.02.20 07:44:20.336,1.31147,1.31171,2.25,2.25
2012.02.20 07:44:21.222,1.31147,1.3117,2.25,1.50
2012.02.20 07:44:23.266,1.31147,1.31171,2.25,2.25
2012.02.20 07:44:25.080,1.31147,1.3117,2.25,1.50
2012.02.20 07:44:25.586,1.31148,1.31173,1.50,3.00
2012.02.20 07:44:26.238,1.31147,1.31172,2.25,2.25
2012.02.20 07:44:26.364,1.3115,1.31175,2.25,2.25
2012.02.20 07:44:26.880,1.31149,1.31174,2.25,1.50
2012.02.20 07:44:27.810,1.31148,1.31171,2.25,1.50
2012.02.20 07:44:28.811,1.31149,1.31172,1.50,2.25
2012.02.20 07:44:30.629,1.31149,1.31174,2.25,1.50
2012.02.20 07:44:30.776,1.31153,1.31176,2.25,1.50
2012.02.20 07:44:31.559,1.31153,1.31178,2.25,2.25
2012.02.20 07:44:33.437,1.31153,1.31176,2.25,1.50
2012.02.20 07:44:33.820,1.3115,1.31173,2.25,1.50
2012.02.20 07:44:33.896,1.3115,1.31173,2.25,1.50
2012.02.20 07:44:34.574,1.31149,1.31174,2.25,2.25
2012.02.20 07:44:35.248,1.31149,1.31172,2.25,1.50
2012.02.20 07:44:36.562,1.3115,1.31175,1.50,2.25
2012.02.20 07:44:37.133,1.31148,1.31173,2.25,2.25
2012.02.20 07:44:38.852,1.31148,1.31173,2.25,1.50
2012.02.20 07:44:39.465,1.31147,1.31172,2.25,1.50
2012.02.20 07:44:39.972,1.31148,1.31171,2.25,1.50
2012.02.20 07:44:41.797,1.31145,1.3117,2.25,1.50
2012.02.20 07:44:41.867,1.31145,1.3117,2.25,1.50
2012.02.20 07:44:42.476,1.31148,1.31172,2.25,3.00
2012.02.20 07:44:44.123,1.31146,1.31169,2.25,1.50
2012.02.20 07:44:44.710,1.31147,1.3117,2.25,1.50
2012.02.20 07:44:45.245,1.31146,1.31171,2.25,1.50
2012.02.20 07:44:46.001,1.31147,1.3117,2.25,1.50
2012.02.20 07:44:49.093,1.31154,1.3117,3.75,1.50
2012.02.20 07:44:49.237,1.31151,1.31174,2.25,1.50
2012.02.20 07:44:49.842,1.31151,1.31173,2.25,1.50
2012.02.20 07:44:49.916,1.31153,1.31176,2.25,1.50
2012.02.20 07:44:50.368,1.31154,1.31179,2.25,3.00
2012.02.20 07:44:51.515,1.31155,1.31178,2.25,1.50
2012.02.20 07:44:51.862,1.31155,1.3118,2.25,2.25
2012.02.20 07:44:53.893,1.31154,1.31177,2.25,1.50
2012.02.20 07:44:54.399,1.31155,1.31178,2.25,1.50
2012.02.20 07:44:55.535,1.31154,1.31179,2.25,1.50
2012.02.20 07:44:57.520,1.31154,1.31179,2.25,1.50
2012.02.20 07:44:58.509,1.31154,1.31179,2.25,1.50
2012.02.20 07:44:58.595,1.31153,1.31176,2.25,1.50
2012.02.20 07:44:58.668,1.31152,1.31175,2.25,1.50
2012.02.20 07:44:59.168,1.31151,1.31176,2.25,1.50
2012.02.20 07:45:00.307,1.31153,1.31176,2.25,1.50
2012.02.20 07:45:00.380,1.31154,1.31179,2.25,3.75
2012.02.20 07:45:00.637,1.31154,1.31177,1.50,3.00
2012.02.20 07:45:00.846,1.31154,1.31177,1.50,2.25
2012.02.20 07:45:01.074,1.31154,1.31177,2.25,1.50
2012.02.20 07:45:01.783,1.31154,1.31179,2.25,2.25
2012.02.20 07:45:02.005,1.31156,1.31181,2.25,3.00
2012.02.20 07:45:02.534,1.31159,1.31182,1.50,3.00
2012.02.20 07:45:03.087,1.31157,1.31182,2.25,3.00
2012.02.20 07:45:03.964,1.31153,1.31178,2.25,1.50
2012.02.20 07:45:04.331,1.31152,1.31175,2.25,1.50
2012.02.20 07:45:04.653,1.31154,1.31177,2.25,1.50
2012.02.20 07:45:06.970,1.31155,1.31178,2.25,1.50
2012.02.20 07:45:08.739,1.31158,1.31181,2.25,1.50
2012.02.20 07:45:09.399,1.31157,1.3118,2.25,1.50
2012.02.20 07:45:09.907,1.31158,1.31181,2.25,1.50
2012.02.20 07:45:09.974,1.31158,1.31183,2.25,2.25
2012.02.20 07:45:10.587,1.31158,1.31183,2.25,1.50
2012.02.20 07:45:11.439,1.31158,1.31183,2.25,1.50
2012.02.20 07:45:11.536,1.31165,1.3119,2.25,1.50
2012.02.20 07:45:11.684,1.31164,1.31189,2.25,2.25
2012.02.20 07:45:12.155,1.31164,1.31187,2.25,4.50
2012.02.20 07:45:12.296,1.31166,1.31186,1.50,1.50
2012.02.20 07:45:12.438,1.31166,1.31184,1.50,1.50
2012.02.20 07:45:13.093,1.31166,1.31186,1.50,1.50
2012.02.20 07:45:13.689,1.31166,1.31188,1.50,3.00
2012.02.20 07:45:14.357,1.31166,1.31186,1.50,1.50
2012.02.20 07:45:14.796,1.31166,1.31189,1.50,1.13
2012.02.20 07:45:15.590,1.31165,1.31182,1.13,3.00
2012.02.20 07:45:15.945,1.31152,1.31172,3.00,1.13
2012.02.20 07:45:16.285,1.31157,1.31172,2.25,1.13
2012.02.20 07:45:17.291,1.31167,1.31187,1.13,2.25
2012.02.20 07:45:17.803,1.31167,1.31186,1.13,1.50
2012.02.20 07:45:18.313,1.31167,1.31187,1.13,2.25
2012.02.20 07:45:18.383,1.31167,1.31187,1.13,2.25
2012.02.20 07:45:18.591,1.31162,1.31186,2.25,2.25
2012.02.20 07:45:19.411,1.31158,1.31183,2.25,1.50
2012.02.20 07:45:19.806,1.31156,1.31179,2.25,1.50
2012.02.20 07:45:19.988,1.31156,1.31179,2.25,1.50
2012.02.20 07:45:20.514,1.31155,1.3118,2.93,1.50
2012.02.20 07:45:21.076,1.31156,1.31181,2.25,1.50
2012.02.20 07:45:21.898,1.31157,1.31182,2.25,2.25
2012.02.20 07:45:21.965,1.31156,1.3118,1.43,1.50
2012.02.20 07:45:25.063,1.31155,1.31179,1.43,1.50
2012.02.20 07:45:26.037,1.31155,1.31176,1.43,1.50
2012.02.20 07:45:26.656,1.31155,1.31176,1.43,1.50
2012.02.20 07:45:26.960,1.31151,1.31174,2.93,1.50
2012.02.20 07:45:27.711,1.3115,1.3117,1.43,1.50
2012.02.20 07:45:27.788,1.31148,1.31171,2.25,1.50
2012.02.20 07:45:28.247,1.31149,1.31174,2.25,1.50
2012.02.20 07:45:29.475,1.3115,1.31172,1.43,1.50
2012.02.20 07:45:29.543,1.3115,1.31175,2.93,1.50
2012.02.20 07:45:30.161,1.3115,1.31174,1.43,1.50
2012.02.20 07:45:30.954,1.31152,1.31175,2.25,1.50
2012.02.20 07:45:31.327,1.31152,1.31175,3.00,1.50
2012.02.20 07:45:31.467,1.31155,1.3118,2.25,1.50
2012.02.20 07:45:31.533,1.31154,1.31177,2.25,1.50
2012.02.20 07:45:32.065,1.31154,1.31177,2.25,1.50
2012.02.20 07:45:32.221,1.31154,1.31179,2.25,1.50
2012.02.20 07:45:32.430,1.31154,1.31177,2.25,1.50
2012.02.20 07:45:32.694,1.31155,1.31181,2.25,1.50
2012.02.20 07:45:33.690,1.31155,1.3118,3.00,1.50
2012.02.20 07:45:33.994,1.31155,1.31178,3.00,1.50
2012.02.20 07:45:34.626,1.31156,1.31179,2.25,1.50
2012.02.20 07:45:35.135,1.31157,1.3118,2.25,1.50
2012.02.20 07:45:35.469,1.31154,1.31175,1.43,1.50
2012.02.20 07:45:35.547,1.31154,1.31175,1.43,1.50
2012.02.20 07:45:35.620,1.31154,1.31177,1.43,1.50
2012.02.20 07:45:36.513,1.31154,1.31179,2.93,1.50
2012.02.20 07:45:37.033,1.31155,1.31178,2.25,1.50
2012.02.20 07:45:37.585,1.31156,1.31179,2.25,1.50
2012.02.20 07:45:37.847,1.31155,1.31176,1.43,1.50
2012.02.20 07:45:39.140,1.31155,1.31175,1.43,1.50
2012.02.20 07:45:39.289,1.31154,1.31175,1.43,1.50
2012.02.20 07:45:40.086,1.31154,1.31175,1.43,1.50
2012.02.20 07:45:40.706,1.31154,1.31175,1.43,1.50
2012.02.20 07:45:41.076,1.31151,1.31173,1.43,1.50
2012.02.20 07:45:41.862,1.31151,1.31175,1.43,1.50
2012.02.20 07:45:42.198,1.3115,1.31172,1.43,1.50
2012.02.20 07:45:42.263,1.3115,1.31174,1.43,1.50
2012.02.20 07:45:42.614,1.3115,1.31172,1.43,1.50
2012.02.20 07:45:43.838,1.31151,1.31173,1.43,1.50
2012.02.20 07:45:44.376,1.31151,1.31171,1.43,1.50
2012.02.20 07:45:45.210,1.31148,1.31172,1.50,1.50
2012.02.20 07:45:45.299,1.31147,1.31171,3.00,1.50
2012.02.20 07:45:45.424,1.31147,1.31169,3.00,1.50
2012.02.20 07:45:45.736,1.31147,1.31167,3.00,1.50
2012.02.20 07:45:46.133,1.31147,1.31169,1.50,1.50
2012.02.20 07:45:47.067,1.31146,1.3117,1.50,1.50
2012.02.20 07:45:47.317,1.31147,1.31172,2.25,3.00
2012.02.20 07:45:47.458,1.31147,1.31169,2.25,4.50
2012.02.20 07:45:47.533,1.31147,1.31166,2.25,1.13
2012.02.20 07:45:53.715,1.31147,1.31171,1.50,1.50
2012.02.20 07:45:56.024,1.31146,1.31169,1.50,1.50
2012.02.20 07:45:56.779,1.31146,1.31169,1.50,6.00
2012.02.20 07:45:57.792,1.31145,1.31166,1.50,1.13
2012.02.20 07:45:59.324,1.31144,1.31164,1.50,1.50
2012.02.20 07:45:59.954,1.31144,1.31167,1.50,1.50
2012.02.20 07:46:00.455,1.31144,1.31166,1.50,1.50
2012.02.20 07:46:00.656,1.31144,1.31164,1.50,1.50
2012.02.20 07:46:01.857,1.31143,1.31165,1.50,1.50
2012.02.20 07:46:02.520,1.31143,1.31164,1.50,1.50
2012.02.20 07:46:03.412,1.31144,1.31165,1.50,1.50
2012.02.20 07:46:03.966,1.31139,1.31164,3.68,1.50
2012.02.20 07:46:04.315,1.3114,1.31163,2.25,1.50
2012.02.20 07:46:04.963,1.3114,1.31166,2.25,3.00
2012.02.20 07:46:05.123,1.31141,1.31164,2.25,1.50
2012.02.20 07:46:05.756,1.31141,1.31166,1.50,1.50
2012.02.20 07:46:11.134,1.31142,1.31166,2.25,1.50
2012.02.20 07:46:11.322,1.31142,1.31166,2.25,2.25
2012.02.20 07:46:14.696,1.3114,1.31163,1.50,2.25
2012.02.20 07:46:14.823,1.3114,1.31159,1.50,1.50
2012.02.20 07:46:15.782,1.3114,1.3116,1.50,3.00
2012.02.20 07:46:16.340,1.3114,1.31158,1.50,1.50
2012.02.20 07:46:17.193,1.3114,1.3116,1.50,1.50
2012.02.20 07:46:18.048,1.3114,1.31157,1.50,1.50
2012.02.20 07:46:18.833,1.3114,1.31159,1.50,1.50
2012.02.20 07:46:19.114,1.3114,1.31157,1.50,1.50
2012.02.20 07:46:19.364,1.3114,1.31161,1.50,1.50
2012.02.20 07:46:19.884,1.31139,1.31162,1.50,2.25
2012.02.20 07:46:24.360,1.31139,1.31161,1.50,3.00
2012.02.20 07:46:25.003,1.3113,1.31157,1.13,1.13
2012.02.20 07:46:25.073,1.31129,1.31162,2.10,2.25
2012.02.20 07:46:25.338,1.31132,1.31157,1.50,5.25
2012.02.20 07:46:27.610,1.31132,1.31154,1.50,1.13
2012.02.20 07:46:32.088,1.31132,1.31154,1.50,1.13
2012.02.20 07:46:32.155,1.31132,1.31154,1.50,1.13
2012.02.20 07:46:33.994,1.31132,1.31154,1.50,1.13
2012.02.20 07:46:35.887,1.31132,1.31154,1.50,1.13
2012.02.20 07:46:38.614,1.31132,1.31154,1.50,1.13
2012.02.20 07:46:46.306,1.31133,1.31154,1.50,2.63
2012.02.20 07:46:49.230,1.31133,1.31154,3.00,1.13
2012.02.20 07:46:49.378,1.31134,1.31153,1.50,1.50
2012.02.20 07:46:49.506,1.31131,1.31153,3.00,3.00
2012.02.20 07:46:49.576,1.31132,1.31153,1.50,2.25
2012.02.20 07:46:50.105,1.31134,1.31154,1.50,1.13
2012.02.20 07:46:50.410,1.31135,1.31154,1.50,1.13
2012.02.20 07:46:53.887,1.31135,1.31154,2.25,1.13
2012.02.20 07:47:08.933,1.31136,1.31155,2.25,1.13
2012.02.20 07:47:11.164,1.31139,1.31155,1.50,1.13
2012.02.20 07:47:11.986,1.3114,1.31155,1.50,1.13
2012.02.20 07:47:12.558,1.31142,1.31155,1.50,1.13
2012.02.20 07:47:12.844,1.3114,1.31155,3.75,1.13
2012.02.20 07:47:13.859,1.3114,1.31155,2.25,1.13
2012.02.20 07:47:14.486,1.31146,1.31166,2.25,3.00
2012.02.20 07:47:14.570,1.31145,1.31168,2.25,3.38
2012.02.20 07:47:15.508,1.31146,1.31168,2.25,1.13
2012.02.20 07:47:15.589,1.31149,1.31168,1.50,1.13
2012.02.20 07:47:16.400,1.31148,1.31168,2.25,1.13
2012.02.20 07:47:21.066,1.31154,1.3117,4.50,1.13
2012.02.20 07:47:21.124,1.31147,1.31168,2.25,1.13
2012.02.20 07:47:21.393,1.3115,1.31168,1.50,1.13
2012.02.20 07:47:22.047,1.31152,1.31168,1.50,1.13
2012.02.20 07:47:22.390,1.31155,1.31174,3.00,2.25
2012.02.20 07:47:28.742,1.31151,1.31166,4.50,1.50
2012.02.20 07:47:29.235,1.31151,1.31168,4.50,1.88
2012.02.20 07:47:30.478,1.31145,1.31168,2.25,4.88
2012.02.20 07:47:30.555,1.31145,1.31167,2.25,1.50
2012.02.20 07:47:36.686,1.31141,1.31163,2.63,1.50
2012.02.20 07:47:36.761,1.31141,1.31159,1.13,1.50
2012.02.20 07:47:37.119,1.3114,1.31161,2.25,2.25
2012.02.20 07:47:37.638,1.31141,1.31163,3.00,1.50
2012.02.20 07:47:38.301,1.31139,1.31161,1.50,1.50
2012.02.20 07:47:39.042,1.31139,1.31159,2.25,1.13
2012.02.20 07:47:40.712,1.31134,1.31157,1.50,2.63
2012.02.20 07:47:40.843,1.31134,1.31157,1.50,2.25
2012.02.20 07:47:42.386,1.31135,1.31158,1.50,2.25
2012.02.20 07:47:42.514,1.31133,1.31158,2.25,2.25
2012.02.20 07:47:44.106,1.31133,1.31158,2.25,1.50
2012.02.20 07:47:44.664,1.31134,1.31157,2.25,1.50
2012.02.20 07:47:45.521,1.31135,1.31158,2.25,1.50
2012.02.20 07:47:46.315,1.31134,1.31157,2.25,1.50
2012.02.20 07:47:47.566,1.31134,1.31159,2.25,2.25
2012.02.20 07:47:48.072,1.31133,1.31156,2.25,1.50
2012.02.20 07:47:49.648,1.31132,1.31155,1.43,1.50
2012.02.20 07:47:49.855,1.31132,1.31157,2.93,1.50
2012.02.20 07:47:50.701,1.31133,1.31156,2.25,1.50
2012.02.20 07:47:50.783,1.31136,1.31161,2.25,2.25
2012.02.20 07:47:51.375,1.31136,1.31159,2.25,1.50
2012.02.20 07:47:51.969,1.31137,1.31162,2.25,1.50
2012.02.20 07:47:52.374,1.31141,1.31165,2.25,2.25
2012.02.20 07:47:52.575,1.31141,1.31163,2.25,1.50
2012.02.20 07:47:53.239,1.31138,1.31153,1.50,2.63
2012.02.20 07:47:53.328,1.31129,1.3115,1.50,1.50
2012.02.20 07:47:54.684,1.31125,1.3114,2.18,1.13
2012.02.20 07:47:55.337,1.31126,1.31139,1.50,1.13
2012.02.20 07:47:55.652,1.31127,1.31139,2.25,1.13
2012.02.20 07:47:57.095,1.31124,1.31139,4.13,1.13
2012.02.20 07:47:58.127,1.31124,1.31139,4.13,1.13
2012.02.20 07:48:01.845,1.31124,1.31139,1.50,1.13
2012.02.20 07:48:01.925,1.31119,1.3114,1.43,1.13
2012.02.20 07:48:05.816,1.3112,1.3114,2.25,1.13
2012.02.20 07:48:08.714,1.31121,1.31139,2.25,1.13
2012.02.20 07:48:09.796,1.3112,1.31139,2.25,1.13
2012.02.20 07:48:10.722,1.31119,1.3114,2.25,1.13
2012.02.20 07:48:11.207,1.31121,1.31139,2.25,1.13
2012.02.20 07:48:11.881,1.31124,1.31139,1.50,1.13
2012.02.20 07:48:12.940,1.31121,1.31139,2.25,1.13
2012.02.20 07:48:21.786,1.31123,1.3114,2.25,1.13
2012.02.20 07:48:22.903,1.31118,1.31139,2.25,1.13
2012.02.20 07:48:23.103,1.31118,1.31139,2.25,1.13
2012.02.20 07:48:23.696,1.31118,1.31139,2.25,1.13
2012.02.20 07:48:24.240,1.3112,1.3114,2.25,1.13
2012.02.20 07:48:25.331,1.31118,1.31139,2.25,1.13
2012.02.20 07:48:25.407,1.31118,1.31139,2.25,1.13
2012.02.20 07:48:25.546,1.31117,1.31139,1.50,1.13
2012.02.20 07:48:27.956,1.31121,1.3114,1.50,2.63
2012.02.20 07:48:29.150,1.31119,1.3114,2.25,1.13
2012.02.20 07:48:29.922,1.31119,1.31139,2.25,1.13
2012.02.20 07:48:30.186,1.31119,1.31139,2.25,1.13
2012.02.20 07:48:31.199,1.3112,1.31139,2.25,1.13
2012.02.20 07:48:31.751,1.31122,1.3114,1.50,1.13
2012.02.20 07:48:33.502,1.31123,1.3114,1.50,1.13
2012.02.20 07:48:36.477,1.31124,1.3114,1.50,1.13
2012.02.20 07:48:36.806,1.31126,1.3114,1.50,1.13
2012.02.20 07:48:37.195,1.31127,1.3114,2.25,1.13
2012.02.20 07:48:38.326,1.3113,1.3114,1.50,1.13
2012.02.20 07:48:38.993,1.31128,1.3114,3.68,1.13
2012.02.20 07:48:42.808,1.31126,1.31139,1.50,1.13
2012.02.20 07:48:42.880,1.31124,1.31145,1.50,2.25
2012.02.20 07:48:43.031,1.31124,1.31147,1.50,2.25
2012.02.20 07:48:43.360,1.31125,1.3115,2.25,2.25
2012.02.20 07:48:43.556,1.31128,1.31151,1.50,2.25
2012.02.20 07:48:44.107,1.31127,1.3115,1.50,2.25
2012.02.20 07:48:44.683,1.31126,1.31149,1.50,2.25
2012.02.20 07:48:45.909,1.31124,1.31147,2.25,1.50
2012.02.20 07:48:46.525,1.31124,1.31149,2.25,2.25
2012.02.20 07:48:46.694,1.31124,1.31148,2.25,4.50
2012.02.20 07:48:47.044,1.31123,1.31145,3.00,1.13
2012.02.20 07:48:48.165,1.31123,1.31144,2.25,1.50
2012.02.20 07:48:50.024,1.31122,1.31142,1.50,1.50
2012.02.20 07:48:51.018,1.31121,1.31142,1.13,2.25
2012.02.20 07:48:52.383,1.31121,1.31142,1.88,1.50
2012.02.20 07:48:52.916,1.31122,1.31143,1.50,2.25
2012.02.20 07:48:53.596,1.31122,1.31142,1.50,1.50
2012.02.20 07:48:54.196,1.31122,1.31141,1.50,1.50
2012.02.20 07:48:54.383,1.31122,1.31143,1.50,2.25
2012.02.20 07:48:55.355,1.31121,1.31142,1.13,1.50
2012.02.20 07:48:55.888,1.31121,1.3114,1.13,1.50
2012.02.20 07:48:55.952,1.31121,1.31142,1.13,1.50
2012.02.20 07:49:00.881,1.31121,1.31143,1.13,3.00
2012.02.20 07:49:01.358,1.31121,1.31141,1.13,1.50
2012.02.20 07:49:01.487,1.31121,1.31143,1.13,3.00
2012.02.20 07:49:01.615,1.31121,1.3114,1.13,1.50
2012.02.20 07:49:02.318,1.31121,1.31139,1.13,1.50
2012.02.20 07:49:02.388,1.31121,1.31141,1.13,2.25
2012.02.20 07:49:03.321,1.31121,1.31141,1.13,2.25
2012.02.20 07:49:03.541,1.31114,1.31131,2.25,1.13
2012.02.20 07:49:03.761,1.31114,1.31131,2.25,1.13
2012.02.20 07:49:04.406,1.31116,1.31131,2.25,1.13
2012.02.20 07:49:05.036,1.31116,1.3113,2.25,1.13
2012.02.20 07:49:07.424,1.31118,1.31141,1.50,1.50
2012.02.20 07:49:07.497,1.31118,1.31143,1.50,3.00
2012.02.20 07:49:07.563,1.31118,1.31143,1.50,3.00
2012.02.20 07:49:07.835,1.31118,1.31141,1.50,1.50
2012.02.20 07:49:07.903,1.31118,1.31141,1.50,3.75
2012.02.20 07:49:07.974,1.31114,1.31138,3.00,1.50
2012.02.20 07:49:08.857,1.31113,1.31137,3.68,1.50
2012.02.20 07:49:09.201,1.31114,1.31136,1.50,2.25
2012.02.20 07:49:09.785,1.31114,1.31134,1.50,2.25
2012.02.20 07:49:10.505,1.31114,1.31133,1.50,1.50
2012.02.20 07:49:11.068,1.31114,1.31136,1.50,2.25
2012.02.20 07:49:13.843,1.31114,1.31137,1.50,1.13
2012.02.20 07:49:16.560,1.31116,1.31137,2.25,1.13
2012.02.20 07:49:24.965,1.31126,1.31147,1.13,3.00
2012.02.20 07:49:25.152,1.31126,1.31144,1.13,1.50
2012.02.20 07:49:26.087,1.31126,1.31146,1.13,1.50
2012.02.20 07:49:26.776,1.31126,1.31145,1.13,1.50
2012.02.20 07:49:27.925,1.31125,1.31147,1.13,2.25
2012.02.20 07:49:36.313,1.31125,1.31146,1.13,1.50
2012.02.20 07:49:36.587,1.31127,1.31148,1.50,2.25
2012.02.20 07:49:37.178,1.31125,1.31148,1.88,4.50
2012.02.20 07:49:37.683,1.31125,1.31146,1.88,1.50
2012.02.20 07:49:38.228,1.31125,1.31147,1.88,2.25
2012.02.20 07:49:40.306,1.31125,1.31146,1.88,1.50
2012.02.20 07:49:41.035,1.31125,1.31145,1.88,1.50
2012.02.20 07:49:42.806,1.31125,1.31144,1.13,1.50
2012.02.20 07:49:44.365,1.31125,1.31146,1.13,2.25
2012.02.20 07:49:44.805,1.31125,1.31144,1.13,1.50
2012.02.20 07:49:46.434,1.31124,1.31144,1.13,1.50
2012.02.20 07:49:46.509,1.31124,1.31142,1.13,1.50
2012.02.20 07:49:47.061,1.31121,1.31138,1.13,1.50
2012.02.20 07:49:47.146,1.3112,1.31143,2.25,2.25
2012.02.20 07:49:47.342,1.3112,1.31143,2.25,1.50
2012.02.20 07:49:47.663,1.31119,1.31139,1.43,1.50
2012.02.20 07:49:48.345,1.31119,1.31138,1.43,1.50
2012.02.20 07:49:48.489,1.31119,1.3114,1.43,1.50
2012.02.20 07:49:48.708,1.31119,1.31142,2.25,1.50
2012.02.20 07:49:49.239,1.31119,1.31142,2.25,1.50
2012.02.20 07:49:51.625,1.31119,1.31143,1.43,3.00
2012.02.20 07:49:52.015,1.31118,1.31141,2.93,1.50
2012.02.20 07:49:52.344,1.31124,1.31141,1.43,1.50
2012.02.20 07:49:52.418,1.31124,1.31145,1.43,1.50
2012.02.20 07:49:52.923,1.31126,1.31143,1.50,1.50
2012.02.20 07:49:53.116,1.31126,1.31145,1.50,1.50
2012.02.20 07:49:53.413,1.31126,1.31143,1.50,1.50
2012.02.20 07:49:54.216,1.31126,1.31145,1.50,1.50
2012.02.20 07:49:54.894,1.31123,1.31141,1.43,1.50
2012.02.20 07:49:57.769,1.3112,1.31142,1.43,1.50
2012.02.20 07:49:59.346,1.3112,1.31143,2.93,1.50
2012.02.20 07:50:01.554,1.31121,1.31144,1.43,1.50
2012.02.20 07:50:01.908,1.31121,1.31142,1.43,1.50
2012.02.20 07:50:02.616,1.31121,1.31143,1.43,1.50
2012.02.20 07:50:03.255,1.3112,1.31144,1.43,1.50
2012.02.20 07:50:03.327,1.31122,1.31146,2.25,2.25
2012.02.20 07:50:03.429,1.31122,1.31146,2.25,1.50
2012.02.20 07:50:03.967,1.31121,1.31147,2.93,3.00
2012.02.20 07:50:04.412,1.31121,1.31145,2.25,1.50
2012.02.20 07:50:05.702,1.3112,1.31142,1.43,1.50
2012.02.20 07:50:05.784,1.31119,1.3114,1.43,1.50
2012.02.20 07:50:06.235,1.3112,1.31143,1.43,3.00
2012.02.20 07:50:06.763,1.3112,1.31142,1.43,1.50
2012.02.20 07:50:07.185,1.3112,1.31144,1.43,1.50
2012.02.20 07:50:08.888,1.3112,1.31143,1.43,1.50
2012.02.20 07:50:09.025,1.3112,1.31141,1.43,1.50
2012.02.20 07:50:09.095,1.3112,1.31143,1.43,1.50
2012.02.20 07:50:09.163,1.3112,1.31141,1.43,1.50
2012.02.20 07:50:09.767,1.31119,1.31139,1.43,1.50
2012.02.20 07:50:10.526,1.31119,1.31139,1.43,1.50
2012.02.20 07:50:10.656,1.31119,1.31141,1.43,1.50
2012.02.20 07:50:10.858,1.31119,1.31141,1.43,1.50
2012.02.20 07:50:12.313,1.31119,1.31141,1.43,1.50
2012.02.20 07:50:13.142,1.3112,1.3114,1.43,1.50
2012.02.20 07:50:15.751,1.31122,1.31143,1.43,1.50
2012.02.20 07:50:21.761,1.31123,1.31144,1.43,1.50
2012.02.20 07:50:23.264,1.31124,1.31142,1.43,1.50
2012.02.20 07:50:24.216,1.31124,1.31145,1.43,3.00
2012.02.20 07:50:24.427,1.31124,1.31147,1.43,3.00
2012.02.20 07:50:24.640,1.31123,1.31145,1.43,1.50
2012.02.20 07:50:25.148,1.31124,1.31144,1.43,1.50
2012.02.20 07:50:25.739,1.31121,1.31143,1.43,1.50
2012.02.20 07:50:26.454,1.3112,1.31141,1.43,1.50
2012.02.20 07:50:26.984,1.31116,1.3114,1.50,1.50
2012.02.20 07:50:27.544,1.31116,1.31141,1.50,1.50
2012.02.20 07:50:28.106,1.31116,1.31139,1.50,1.50
2012.02.20 07:50:28.728,1.31116,1.31138,1.50,1.50
2012.02.20 07:50:28.800,1.31116,1.3114,2.18,1.50
2012.02.20 07:50:30.993,1.31117,1.31142,2.25,1.50
2012.02.20 07:50:31.605,1.31116,1.31141,2.93,1.50
2012.02.20 07:50:32.259,1.31117,1.3114,2.25,1.50
2012.02.20 07:50:32.341,1.31119,1.31142,2.25,1.50
2012.02.20 07:50:33.624,1.31124,1.31149,2.25,1.50
2012.02.20 07:50:34.188,1.31128,1.31149,1.50,1.50
2012.02.20 07:50:35.119,1.31129,1.31149,1.50,1.50
2012.02.20 07:50:36.835,1.31129,1.31148,1.50,1.50
2012.02.20 07:50:37.423,1.31129,1.31147,1.50,1.50
2012.02.20 07:50:38.714,1.31129,1.31146,1.50,1.88
2012.02.20 07:50:38.787,1.31123,1.31145,1.50,2.25
2012.02.20 07:50:38.929,1.31121,1.31141,3.00,1.50
2012.02.20 07:50:39.129,1.31121,1.31137,1.50,1.50
2012.02.20 07:50:39.415,1.31121,1.31139,1.50,1.50
2012.02.20 07:50:39.927,1.31121,1.31138,1.50,1.50
2012.02.20 07:50:40.114,1.31121,1.3114,1.50,1.50
2012.02.20 07:50:40.724,1.31119,1.31138,1.88,1.50
2012.02.20 07:50:40.806,1.31119,1.3114,1.88,1.50
2012.02.20 07:50:41.412,1.31119,1.31139,1.88,1.50
2012.02.20 07:50:42.228,1.31119,1.31138,1.13,1.50
2012.02.20 07:50:42.294,1.31119,1.31135,1.13,1.50
2012.02.20 07:50:43.020,1.31119,1.31137,1.13,1.50
2012.02.20 07:50:43.345,1.31119,1.31139,1.13,2.25
2012.02.20 07:50:43.745,1.31118,1.31137,1.13,1.50
2012.02.20 07:50:44.172,1.31118,1.31134,1.13,1.50
2012.02.20 07:50:44.470,1.31109,1.31128,1.43,1.13
2012.02.20 07:50:45.104,1.31107,1.31128,1.50,1.13
2012.02.20 07:50:45.595,1.31109,1.31128,2.25,1.13
2012.02.20 07:50:46.329,1.31108,1.31128,2.25,1.13
2012.02.20 07:50:47.066,1.31105,1.31128,3.00,1.13
2012.02.20 07:50:49.986,1.31105,1.31128,3.00,1.13
2012.02.20 07:50:50.065,1.31105,1.31125,1.50,1.50
2012.02.20 07:50:50.394,1.31105,1.31122,1.50,1.50
2012.02.20 07:50:50.713,1.31103,1.3112,1.13,1.50
2012.02.20 07:50:53.666,1.31104,1.31121,1.88,1.50
2012.02.20 07:50:54.254,1.31104,1.3112,1.88,1.50
2012.02.20 07:50:54.532,1.31105,1.31122,1.50,1.50
2012.02.20 07:50:55.853,1.31105,1.3112,1.50,1.50
2012.02.20 07:50:56.138,1.31105,1.31122,1.50,1.50
2012.02.20 07:50:56.277,1.31105,1.31124,1.50,1.50
2012.02.20 07:50:56.489,1.31105,1.31126,1.50,1.50
2012.02.20 07:50:57.147,1.31106,1.31126,1.43,1.50
2012.02.20 07:50:57.879,1.31106,1.31124,1.43,1.50
2012.02.20 07:50:58.198,1.31105,1.31122,1.50,1.50
2012.02.20 07:50:58.727,1.31105,1.31121,1.50,1.50
2012.02.20 07:50:59.933,1.31105,1.31122,1.50,1.50
2012.02.20 07:51:00.591,1.31105,1.31123,1.50,1.50
2012.02.20 07:51:01.094,1.31105,1.31122,1.50,1.50
2012.02.20 07:51:01.446,1.31105,1.31122,1.50,1.50
2012.02.20 07:51:01.516,1.31107,1.31124,1.43,1.50
2012.02.20 07:51:01.587,1.31107,1.31126,1.43,1.50
2012.02.20 07:51:02.492,1.31107,1.31125,1.43,1.50
2012.02.20 07:51:04.174,1.31106,1.31124,1.43,1.50
2012.02.20 07:51:05.576,1.31106,1.31126,1.43,1.50
2012.02.20 07:51:06.404,1.31106,1.31128,1.43,2.63
2012.02.20 07:51:07.222,1.31106,1.31126,1.43,1.50
2012.02.20 07:51:12.808,1.31108,1.31128,1.43,2.63
2012.02.20 07:51:12.875,1.31108,1.31128,1.43,2.63
2012.02.20 07:51:15.946,1.31108,1.31126,1.43,1.50
2012.02.20 07:51:16.268,1.31107,1.31128,1.43,1.13
2012.02.20 07:51:16.807,1.31108,1.31128,1.43,1.13
2012.02.20 07:51:18.176,1.31111,1.31129,1.43,4.13
2012.02.20 07:51:18.440,1.31109,1.31129,2.25,2.63
2012.02.20 07:51:19.269,1.31111,1.31129,2.25,1.13
2012.02.20 07:51:21.359,1.31122,1.31141,1.50,1.50
2012.02.20 07:51:21.639,1.31124,1.31141,1.50,1.50
2012.02.20 07:51:21.898,1.31124,1.31145,1.50,2.25
2012.02.20 07:51:22.994,1.31124,1.31141,1.50,1.50
2012.02.20 07:51:23.762,1.31121,1.31138,1.13,1.50
2012.02.20 07:51:24.103,1.31121,1.31136,1.13,1.50
2012.02.20 07:51:25.496,1.31121,1.31138,1.13,1.50
2012.02.20 07:51:25.571,1.31124,1.3114,1.50,1.50
2012.02.20 07:51:25.646,1.31124,1.31144,1.50,1.50
2012.02.20 07:51:26.941,1.31124,1.31142,1.50,1.50
2012.02.20 07:51:28.136,1.31124,1.31144,1.50,2.25
2012.02.20 07:51:29.648,1.31124,1.31143,1.50,1.50
2012.02.20 07:51:30.728,1.31124,1.31145,1.50,2.25
2012.02.20 07:51:33.984,1.31124,1.31146,1.50,2.63
2012.02.20 07:51:35.678,1.31124,1.31143,1.50,1.50
2012.02.20 07:51:37.435,1.31124,1.31142,1.50,1.50
2012.02.20 07:51:38.330,1.31124,1.31143,1.50,1.50
2012.02.20 07:51:40.153,1.31124,1.31145,1.50,3.75
2012.02.20 07:51:43.890,1.31124,1.31143,1.50,1.50
2012.02.20 07:51:44.470,1.31124,1.31142,1.50,1.50
2012.02.20 07:51:45.342,1.31123,1.31142,1.50,1.50
2012.02.20 07:51:55.027,1.31123,1.31143,1.50,1.50
2012.02.20 07:51:55.338,1.31124,1.31145,1.50,2.25
2012.02.20 07:51:56.883,1.31124,1.31146,1.50,1.88
2012.02.20 07:51:59.997,1.31124,1.31144,1.50,1.50
2012.02.20 07:52:05.673,1.31122,1.31141,1.13,1.50
2012.02.20 07:52:05.969,1.31122,1.31144,1.13,2.25
2012.02.20 07:52:06.532,1.31121,1.31142,1.13,1.50
2012.02.20 07:52:07.208,1.31122,1.31141,1.13,2.25
2012.02.20 07:52:07.752,1.31122,1.31141,1.13,2.25
2012.02.20 07:52:08.964,1.31122,1.31141,1.13,1.50
2012.02.20 07:52:12.565,1.31122,1.31141,1.13,2.25
2012.02.20 07:52:12.938,1.31121,1.31135,1.13,1.50
2012.02.20 07:52:13.652,1.31122,1.31136,1.13,1.50
2012.02.20 07:52:13.730,1.31122,1.31138,1.13,1.50
2012.02.20 07:52:14.338,1.31121,1.31139,1.13,1.50
2012.02.20 07:52:15.823,1.31122,1.3114,1.13,1.50
2012.02.20 07:52:17.836,1.31115,1.31133,3.00,4.50
2012.02.20 07:52:17.914,1.31112,1.31131,2.93,1.13
2012.02.20 07:52:18.342,1.3111,1.3113,2.25,1.13
2012.02.20 07:52:19.020,1.31108,1.31127,2.18,1.50
2012.02.20 07:52:19.564,1.31108,1.31125,2.18,1.50
2012.02.20 07:52:19.907,1.31108,1.31125,1.50,1.50
2012.02.20 07:52:19.979,1.31108,1.31128,1.50,2.25
2012.02.20 07:52:21.601,1.31108,1.31126,2.18,1.50
2012.02.20 07:52:21.738,1.31108,1.31128,2.18,2.25
2012.02.20 07:52:21.807,1.31108,1.31126,2.18,1.50
2012.02.20 07:52:22.248,1.31108,1.31128,1.50,2.25
2012.02.20 07:52:24.142,1.31108,1.31127,1.50,1.50
2012.02.20 07:52:24.215,1.31108,1.31129,1.50,2.25
2012.02.20 07:52:26.473,1.31108,1.31129,1.50,2.25
2012.02.20 07:52:27.219,1.31112,1.31133,1.43,4.50
2012.02.20 07:52:27.303,1.31112,1.31131,1.43,1.50
2012.02.20 07:52:27.767,1.31106,1.3113,2.93,1.50
2012.02.20 07:52:28.017,1.31108,1.31132,2.25,1.50
2012.02.20 07:52:28.156,1.31108,1.31134,2.25,1.50
2012.02.20 07:52:28.227,1.31108,1.31134,3.75,1.50
2012.02.20 07:52:28.476,1.3111,1.31136,2.25,2.25
2012.02.20 07:52:28.664,1.31108,1.31133,2.25,1.50
2012.02.20 07:52:29.724,1.31107,1.31132,2.93,1.50
2012.02.20 07:52:32.654,1.31109,1.31132,2.25,1.50
2012.02.20 07:52:33.152,1.31111,1.31136,2.25,1.50
2012.02.20 07:52:33.405,1.31112,1.31134,1.13,1.50
2012.02.20 07:52:33.538,1.31112,1.31136,1.13,1.88
2012.02.20 07:52:33.666,1.3111,1.31131,1.43,1.50
2012.02.20 07:52:34.269,1.31111,1.3113,1.43,1.50
2012.02.20 07:52:34.403,1.31111,1.31133,1.43,1.50
2012.02.20 07:52:34.584,1.31111,1.31131,1.43,1.50
2012.02.20 07:52:35.256,1.31111,1.31132,1.43,1.50
2012.02.20 07:52:35.966,1.3111,1.31134,1.43,1.50
2012.02.20 07:52:38.332,1.3111,1.31134,1.43,1.50
2012.02.20 07:52:38.613,1.31111,1.31133,1.43,1.50
2012.02.20 07:52:39.015,1.31111,1.31134,2.25,1.50
2012.02.20 07:52:39.465,1.31111,1.31136,1.43,1.50
2012.02.20 07:52:39.538,1.3111,1.31131,1.43,6.00
2012.02.20 07:52:39.606,1.3111,1.31131,1.43,1.50
2012.02.20 07:52:40.183,1.3111,1.31131,1.43,1.50
2012.02.20 07:52:40.716,1.3111,1.31132,1.43,1.50
2012.02.20 07:52:41.247,1.3111,1.31133,1.43,1.50
2012.02.20 07:52:41.787,1.3111,1.31132,1.43,1.50
2012.02.20 07:52:42.343,1.3111,1.31133,2.93,1.50
2012.02.20 07:52:42.980,1.31111,1.31132,1.43,1.50
2012.02.20 07:52:43.582,1.31111,1.31131,1.43,1.50
2012.02.20 07:52:43.789,1.31108,1.31131,2.93,1.50
2012.02.20 07:52:44.040,1.31108,1.31131,1.50,3.00
2012.02.20 07:52:44.261,1.31108,1.31129,2.25,1.13
2012.02.20 07:52:44.617,1.31108,1.31129,1.43,1.50
2012.02.20 07:52:45.266,1.3111,1.31134,2.25,3.00
2012.02.20 07:52:45.790,1.31108,1.31132,2.93,1.50
2012.02.20 07:52:46.037,1.31107,1.31129,1.43,1.50
2012.02.20 07:52:46.740,1.31108,1.31129,1.43,1.50
2012.02.20 07:52:47.315,1.31107,1.31129,1.43,1.50
2012.02.20 07:52:47.978,1.31113,1.31134,2.18,1.50
2012.02.20 07:52:48.057,1.31113,1.31134,2.18,1.50
2012.02.20 07:52:48.637,1.31114,1.31136,2.25,1.13
2012.02.20 07:52:49.355,1.31114,1.31136,2.25,1.13
2012.02.20 07:52:49.906,1.31113,1.31134,1.50,1.50
2012.02.20 07:52:50.466,1.31113,1.31135,1.50,2.25
2012.02.20 07:52:50.614,1.31113,1.31136,3.68,2.63
2012.02.20 07:52:51.977,1.31113,1.31136,3.00,2.63
2012.02.20 07:52:52.176,1.31113,1.31133,2.18,1.50
2012.02.20 07:52:52.446,1.31113,1.31136,1.50,2.63
2012.02.20 07:52:52.519,1.31113,1.31133,2.18,1.50
2012.02.20 07:52:52.599,1.31113,1.31133,2.18,1.50
2012.02.20 07:52:54.392,1.31108,1.31134,2.93,1.50
2012.02.20 07:52:54.954,1.31109,1.31132,2.25,1.50
2012.02.20 07:52:55.651,1.31108,1.31131,1.43,1.50
2012.02.20 07:52:56.628,1.31108,1.31132,1.43,1.50
2012.02.20 07:52:57.272,1.31108,1.3113,1.43,1.50
2012.02.20 07:52:57.350,1.31112,1.31133,1.13,1.50
2012.02.20 07:52:58.277,1.31113,1.31135,1.50,3.00
2012.02.20 07:52:58.346,1.31114,1.31135,1.50,2.25
2012.02.20 07:52:58.828,1.31113,1.31134,1.50,2.25
2012.02.20 07:52:59.361,1.31114,1.31134,1.50,2.25
2012.02.20 07:53:00.059,1.3111,1.31133,2.25,1.50
2012.02.20 07:53:00.326,1.31112,1.31136,2.25,1.50
2012.02.20 07:53:00.835,1.3111,1.31134,2.25,1.50
2012.02.20 07:53:01.024,1.3111,1.31136,2.25,1.50
2012.02.20 07:53:01.736,1.31111,1.31137,2.25,1.50
2012.02.20 07:53:02.278,1.3111,1.31136,2.25,1.50
2012.02.20 07:53:02.894,1.31109,1.31132,2.25,1.50
2012.02.20 07:53:03.083,1.31111,1.31134,2.25,1.50
2012.02.20 07:53:03.675,1.31111,1.31135,2.25,1.50
2012.02.20 07:53:03.994,1.31108,1.31133,2.25,1.50
2012.02.20 07:53:04.265,1.31109,1.31132,2.25,1.50
2012.02.20 07:53:05.074,1.31109,1.31132,1.43,1.50
2012.02.20 07:53:05.415,1.31109,1.31132,1.43,1.50
2012.02.20 07:53:08.863,1.31108,1.31131,2.93,1.50
2012.02.20 07:53:09.620,1.31109,1.31131,1.43,1.50
2012.02.20 07:53:10.275,1.31109,1.3113,1.43,1.50
2012.02.20 07:53:13.902,1.31108,1.3113,1.43,1.50
2012.02.20 07:53:14.934,1.31108,1.31132,1.43,1.50
2012.02.20 07:53:15.517,1.31109,1.31134,2.25,1.50
2012.02.20 07:53:15.656,1.31109,1.31132,2.25,1.50
2012.02.20 07:53:15.995,1.31109,1.31134,2.25,1.50
2012.02.20 07:53:16.244,1.31108,1.31131,2.25,1.50
2012.02.20 07:53:16.856,1.31109,1.31132,2.25,1.50
2012.02.20 07:53:17.405,1.31108,1.31133,2.25,1.50
2012.02.20 07:53:17.998,1.31109,1.31134,3.75,1.50
2012.02.20 07:53:18.731,1.3111,1.31133,2.25,1.50
2012.02.20 07:53:19.388,1.31107,1.31132,2.25,1.50
2012.02.20 07:53:19.914,1.3111,1.31133,2.25,1.50
2012.02.20 07:53:20.885,1.3111,1.31133,2.25,1.50
2012.02.20 07:53:20.956,1.31113,1.31136,2.25,1.50
2012.02.20 07:53:22.103,1.31112,1.31135,2.25,1.50
2012.02.20 07:53:22.149,1.31112,1.31135,2.25,1.50
2012.02.20 07:53:22.415,1.31113,1.31137,2.25,1.50
2012.02.20 07:53:23.305,1.3111,1.31136,2.93,1.50
2012.02.20 07:53:24.227,1.31111,1.31136,1.43,1.50
2012.02.20 07:53:24.299,1.31112,1.31138,2.25,1.50
2012.02.20 07:53:24.425,1.31112,1.31138,2.25,1.50
2012.02.20 07:53:25.440,1.31111,1.31137,2.93,1.50
2012.02.20 07:53:25.523,1.31115,1.31139,2.25,1.50
2012.02.20 07:53:26.056,1.31114,1.3114,2.25,3.00
2012.02.20 07:53:27.716,1.31116,1.31141,2.25,1.50
2012.02.20 07:53:30.067,1.31115,1.31139,3.75,1.50
2012.02.20 07:53:30.447,1.31117,1.31142,2.25,3.00
2012.02.20 07:53:34.446,1.31115,1.31141,2.25,1.50
2012.02.20 07:53:34.573,1.31115,1.31139,2.25,1.50
2012.02.20 07:53:35.219,1.31114,1.31138,2.93,1.50
2012.02.20 07:53:35.749,1.31115,1.31139,2.25,1.50
2012.02.20 07:53:37.063,1.31116,1.3114,2.25,1.50
2012.02.20 07:53:37.585,1.31115,1.31141,2.25,3.00
2012.02.20 07:53:38.087,1.31115,1.31139,2.25,1.50
2012.02.20 07:53:40.106,1.31115,1.31139,2.25,1.50
2012.02.20 07:53:40.235,1.31118,1.31142,2.25,1.50
2012.02.20 07:53:40.826,1.31117,1.31141,2.25,1.50
2012.02.20 07:53:41.470,1.31115,1.31139,2.25,1.50
2012.02.20 07:53:42.053,1.31116,1.3114,2.25,1.50
2012.02.20 07:53:51.171,1.31116,1.31142,2.25,1.50
2012.02.20 07:53:51.439,1.31122,1.31145,1.50,2.25
2012.02.20 07:53:51.566,1.31122,1.31145,2.25,1.50
2012.02.20 07:53:51.937,1.31127,1.31146,1.50,2.63
2012.02.20 07:53:52.534,1.31125,1.31146,2.25,1.13
2012.02.20 07:53:56.472,1.31123,1.31146,1.50,1.13
2012.02.20 07:53:56.888,1.31123,1.31143,1.50,2.25
2012.02.20 07:53:57.104,1.31123,1.31139,1.50,1.50
2012.02.20 07:53:57.499,1.31115,1.3114,2.25,1.88
2012.02.20 07:53:58.138,1.31116,1.31136,2.25,1.13
2012.02.20 07:53:58.217,1.31112,1.31133,1.50,2.25
2012.02.20 07:53:58.309,1.3111,1.31133,1.13,2.25
2012.02.20 07:53:58.434,1.31112,1.31133,1.50,2.25
2012.02.20 07:53:58.574,1.31112,1.31135,1.50,2.25
2012.02.20 07:53:59.054,1.31112,1.31135,1.50,2.25
2012.02.20 07:54:01.561,1.31113,1.31136,2.25,1.13
2012.02.20 07:54:02.069,1.31112,1.31134,1.50,4.50
2012.02.20 07:54:03.177,1.31112,1.31134,1.50,2.25
2012.02.20 07:54:03.257,1.31113,1.31136,2.25,1.13
2012.02.20 07:54:04.505,1.31114,1.31136,2.25,1.13
2012.02.20 07:54:05.958,1.31111,1.31136,2.25,1.88
2012.02.20 07:54:06.205,1.31115,1.31136,1.50,1.50
2012.02.20 07:54:06.909,1.31116,1.31134,1.13,1.50
2012.02.20 07:54:07.246,1.31104,1.31129,2.25,1.50
2012.02.20 07:54:07.674,1.31106,1.31131,2.25,1.50
2012.02.20 07:54:07.818,1.31106,1.31129,2.25,1.50
2012.02.20 07:54:08.355,1.31105,1.31128,2.25,1.50
2012.02.20 07:54:08.904,1.31104,1.31127,2.25,1.50
2012.02.20 07:54:09.770,1.31104,1.31129,2.25,1.50
2012.02.20 07:54:10.457,1.31104,1.31129,2.25,1.50
2012.02.20 07:54:11.367,1.31106,1.31131,2.25,1.50
2012.02.20 07:54:11.822,1.31105,1.31128,2.25,1.50
2012.02.20 07:54:12.437,1.31106,1.31129,2.25,1.50
2012.02.20 07:54:13.284,1.31107,1.31133,2.25,1.50
2012.02.20 07:54:14.189,1.31107,1.31132,3.75,1.50
2012.02.20 07:54:14.827,1.31113,1.31136,2.25,1.50
2012.02.20 07:54:14.984,1.31111,1.31134,2.25,1.50
2012.02.20 07:54:15.535,1.31111,1.31134,2.25,1.50
2012.02.20 07:54:15.607,1.31111,1.31136,2.25,1.50
2012.02.20 07:54:16.166,1.31112,1.31137,2.25,1.50
2012.02.20 07:54:16.236,1.31112,1.31135,2.25,1.50
2012.02.20 07:54:17.004,1.3111,1.31133,2.25,1.50
2012.02.20 07:54:17.344,1.31106,1.31128,2.93,1.13
2012.02.20 07:54:21.047,1.31105,1.31126,1.50,2.25
2012.02.20 07:54:21.183,1.31105,1.31124,1.50,1.50
2012.02.20 07:54:21.446,1.31104,1.31129,2.63,2.63
2012.02.20 07:54:21.515,1.31107,1.31131,2.25,1.50
2012.02.20 07:54:21.826,1.31107,1.31131,2.25,1.50
2012.02.20 07:54:22.372,1.31107,1.31131,2.25,1.50
2012.02.20 07:54:22.981,1.31107,1.3113,2.25,5.25
2012.02.20 07:54:23.696,1.31105,1.3113,3.00,6.00
2012.02.20 07:54:23.782,1.31112,1.31135,2.25,1.50
2012.02.20 07:54:24.897,1.31112,1.31137,2.25,1.50
2012.02.20 07:54:25.780,1.31111,1.31136,2.25,1.50
2012.02.20 07:54:27.052,1.31111,1.31136,2.25,1.50
2012.02.20 07:54:28.147,1.31113,1.31138,2.25,2.25
2012.02.20 07:54:28.216,1.31107,1.31131,2.93,1.50
2012.02.20 07:54:28.346,1.31108,1.31131,1.50,2.25
2012.02.20 07:54:29.960,1.31108,1.31131,3.00,1.13
2012.02.20 07:54:31.194,1.31108,1.31131,1.50,1.13
2012.02.20 07:54:31.466,1.31108,1.31128,1.50,1.50
2012.02.20 07:54:31.788,1.31108,1.31128,1.50,1.50
2012.02.20 07:54:32.185,1.31108,1.3113,3.00,2.25
2012.02.20 07:54:34.561,1.31111,1.31135,2.25,1.13
2012.02.20 07:54:34.698,1.31111,1.31137,2.25,3.75
2012.02.20 07:54:34.828,1.31111,1.31137,2.25,3.00
2012.02.20 07:54:35.807,1.3111,1.31136,2.25,1.50
2012.02.20 07:54:36.135,1.31113,1.31138,2.25,1.50
2012.02.20 07:54:36.644,1.31112,1.31137,2.93,1.50
2012.02.20 07:54:37.177,1.31116,1.31138,1.50,2.25
2012.02.20 07:54:37.995,1.31114,1.31136,3.00,1.50
2012.02.20 07:54:38.073,1.31115,1.3114,2.25,1.50
2012.02.20 07:54:38.149,1.31115,1.31138,2.25,1.50
2012.02.20 07:54:39.040,1.31114,1.31136,1.50,1.50
2012.02.20 07:54:39.446,1.31114,1.31136,1.50,1.50
2012.02.20 07:54:39.835,1.31114,1.31134,1.50,1.50
2012.02.20 07:54:40.732,1.31114,1.31136,1.50,1.50
2012.02.20 07:54:41.183,1.31114,1.31137,3.00,1.50
2012.02.20 07:54:41.612,1.31114,1.31139,3.00,1.50
2012.02.20 07:54:44.571,1.31118,1.31139,1.50,2.25
2012.02.20 07:54:44.657,1.31116,1.31138,1.13,3.00
2012.02.20 07:54:44.727,1.31116,1.31137,1.13,1.50
2012.02.20 07:54:45.248,1.31113,1.31131,5.25,1.50
2012.02.20 07:54:45.448,1.31113,1.31133,6.75,1.50
2012.02.20 07:54:46.007,1.31116,1.31137,1.50,1.88
2012.02.20 07:54:46.078,1.31113,1.31137,2.25,1.88
2012.02.20 07:54:46.148,1.31113,1.31137,2.25,1.50
2012.02.20 07:54:46.800,1.31113,1.31137,2.25,1.50
2012.02.20 07:54:47.368,1.31115,1.31138,2.25,1.50
2012.02.20 07:54:47.563,1.31116,1.31139,2.25,1.50
2012.02.20 07:54:48.471,1.31113,1.31138,2.25,1.50
2012.02.20 07:54:48.547,1.31116,1.31141,2.25,1.50
2012.02.20 07:54:49.423,1.31117,1.3114,2.25,1.50
2012.02.20 07:54:50.819,1.31117,1.31142,2.25,2.25
2012.02.20 07:54:53.394,1.31122,1.31145,1.50,2.25
2012.02.20 07:54:54.463,1.31123,1.31146,1.50,3.00
2012.02.20 07:54:55.838,1.3112,1.31143,2.25,2.25
2012.02.20 07:54:56.037,1.3112,1.31139,2.25,4.50
2012.02.20 07:54:57.364,1.31118,1.31142,2.25,3.00
2012.02.20 07:54:57.435,1.31118,1.31142,2.25,2.25
2012.02.20 07:54:58.160,1.31121,1.31144,1.50,2.25
2012.02.20 07:55:00.819,1.31119,1.31144,2.25,2.25
2012.02.20 07:55:08.934,1.31121,1.31144,1.50,2.25
2012.02.20 07:55:09.583,1.31119,1.31144,2.25,2.25
2012.02.20 07:55:13.327,1.31118,1.31141,2.25,1.50
2012.02.20 07:55:14.098,1.31117,1.31142,2.25,2.25
2012.02.20 07:55:15.673,1.31117,1.31142,2.25,1.50
2012.02.20 07:55:15.985,1.31117,1.31142,2.93,1.50
2012.02.20 07:55:24.655,1.31118,1.31141,2.25,1.50
2012.02.20 07:55:24.975,1.31118,1.31136,1.43,1.50
2012.02.20 07:55:25.050,1.31118,1.31136,1.43,2.25
2012.02.20 07:55:25.316,1.31115,1.31133,1.43,1.13
2012.02.20 07:55:26.565,1.31116,1.31133,2.18,1.13
2012.02.20 07:55:27.727,1.31117,1.31134,1.43,1.13
2012.02.20 07:55:29.317,1.3112,1.31133,1.50,1.13
2012.02.20 07:55:33.236,1.31118,1.31133,1.43,1.13
2012.02.20 07:55:36.249,1.31117,1.31133,2.25,1.13
2012.02.20 07:55:37.329,1.31114,1.31134,2.93,1.13
2012.02.20 07:55:38.799,1.31115,1.31133,1.43,1.13
2012.02.20 07:55:47.602,1.31119,1.31133,2.25,1.13
2012.02.20 07:55:48.884,1.31119,1.31133,1.43,1.13
2012.02.20 07:55:56.727,1.3112,1.31134,1.43,1.13
2012.02.20 07:55:57.059,1.31126,1.31137,1.43,4.50
2012.02.20 07:55:57.388,1.31127,1.31147,1.43,2.25
2012.02.20 07:55:59.489,1.31125,1.31147,1.43,2.63
2012.02.20 07:55:59.560,1.31125,1.31144,1.43,4.50
2012.02.20 07:55:59.641,1.31123,1.31144,2.25,4.50
2012.02.20 07:55:59.790,1.31121,1.31142,1.43,1.13
2012.02.20 07:55:59.869,1.31121,1.31142,1.43,4.88
2012.02.20 07:56:01.662,1.31125,1.31146,1.50,1.50
2012.02.20 07:56:01.796,1.31125,1.31148,1.50,2.25
2012.02.20 07:56:02.305,1.31124,1.31147,2.25,1.50
2012.02.20 07:56:02.393,1.31124,1.31146,2.25,4.50
2012.02.20 07:56:02.796,1.31124,1.31143,2.25,1.13
2012.02.20 07:56:04.526,1.31124,1.31143,2.25,1.13
2012.02.20 07:56:05.670,1.31125,1.31143,1.50,1.13
2012.02.20 07:56:07.935,1.31121,1.31143,1.43,2.63
2012.02.20 07:56:08.146,1.31122,1.31143,1.43,2.63
2012.02.20 07:56:10.248,1.31125,1.31143,1.50,1.13
2012.02.20 07:56:10.564,1.31125,1.31143,2.25,1.13
2012.02.20 07:56:18.446,1.31125,1.31143,1.43,1.13
2012.02.20 07:56:19.646,1.3112,1.31143,2.25,2.63
2012.02.20 07:56:23.944,1.31123,1.31143,2.25,1.13
2012.02.20 07:56:24.555,1.31123,1.31143,2.25,1.13
2012.02.20 07:56:28.156,1.31124,1.31142,1.50,1.13
2012.02.20 07:56:28.359,1.31124,1.31142,1.50,1.13
2012.02.20 07:56:29.495,1.31127,1.31142,2.25,1.13
2012.02.20 07:56:39.276,1.31129,1.31142,2.25,1.13
2012.02.20 07:56:43.611,1.31129,1.31142,1.43,1.13
2012.02.20 07:57:01.899,1.31133,1.31142,1.43,1.13
2012.02.20 07:57:02.450,1.31124,1.31139,1.50,1.50
2012.02.20 07:57:02.738,1.31124,1.3114,1.50,1.50
2012.02.20 07:57:03.488,1.31123,1.31139,1.50,1.50
2012.02.20 07:57:03.687,1.31123,1.31139,1.50,1.50
2012.02.20 07:57:04.421,1.31123,1.31138,1.50,1.50
2012.02.20 07:57:04.867,1.31123,1.3114,1.50,1.50
2012.02.20 07:57:05.638,1.31123,1.31139,1.50,1.50
2012.02.20 07:57:05.912,1.31123,1.31141,1.50,1.50
2012.02.20 07:57:06.484,1.31123,1.31142,1.50,1.88
2012.02.20 07:57:07.573,1.31123,1.31141,1.50,1.50
2012.02.20 07:57:08.599,1.31126,1.31147,2.25,1.50
2012.02.20 07:57:09.424,1.31128,1.31151,2.25,3.00
2012.02.20 07:57:26.487,1.31123,1.31144,1.50,1.88
2012.02.20 07:57:29.258,1.31124,1.31141,1.50,3.00
2012.02.20 07:57:29.624,1.31124,1.31139,1.50,1.50
2012.02.20 07:57:31.063,1.31124,1.3114,1.50,1.50
2012.02.20 07:57:31.805,1.31124,1.31137,1.50,1.50
2012.02.20 07:57:32.670,1.31124,1.31137,1.50,1.50
2012.02.20 07:57:33.907,1.31124,1.31139,1.50,1.50
2012.02.20 07:57:34.981,1.31124,1.31138,1.50,1.50
2012.02.20 07:57:35.063,1.31124,1.31136,1.50,1.50
2012.02.20 07:57:35.284,1.31124,1.31139,1.50,1.50
2012.02.20 07:57:36.856,1.31124,1.31138,1.50,1.50
2012.02.20 07:57:36.928,1.31124,1.31136,1.50,1.50
2012.02.20 07:57:37.517,1.31124,1.31135,1.50,1.50
2012.02.20 07:57:39.009,1.31124,1.31134,1.50,1.50
2012.02.20 07:57:40.003,1.31124,1.31137,1.50,1.50
2012.02.20 07:57:41.936,1.31124,1.31134,1.50,1.50
2012.02.20 07:57:42.718,1.31124,1.31135,1.50,1.50
2012.02.20 07:57:43.455,1.31124,1.31133,1.50,1.50
2012.02.20 07:57:46.828,1.31124,1.31137,1.50,1.50
2012.02.20 07:57:47.467,1.31124,1.31135,1.50,1.50
2012.02.20 07:57:48.015,1.31124,1.31134,1.50,1.50
2012.02.20 07:57:50.844,1.31123,1.31131,1.50,1.50
2012.02.20 07:57:51.614,1.31116,1.31134,1.13,1.50
2012.02.20 07:57:53.844,1.31115,1.31132,1.13,4.50
2012.02.20 07:57:53.975,1.31116,1.31132,1.13,3.75
2012.02.20 07:57:58.333,1.31109,1.31127,2.18,1.13
2012.02.20 07:57:59.268,1.31107,1.31127,1.50,2.25
2012.02.20 07:57:59.584,1.31107,1.31131,1.50,3.38
2012.02.20 07:57:59.776,1.31111,1.31131,1.50,2.63
2012.02.20 07:58:00.373,1.31109,1.31131,3.75,2.63
2012.02.20 07:58:01.448,1.3111,1.3113,1.50,1.50
2012.02.20 07:58:01.724,1.3111,1.3113,2.25,1.50
2012.02.20 07:58:11.197,1.31107,1.31129,1.50,1.50
2012.02.20 07:58:11.273,1.31106,1.31119,2.25,4.50
2012.02.20 07:58:11.422,1.31104,1.31119,2.25,4.50
2012.02.20 07:58:28.904,1.31104,1.31119,1.50,4.50
2012.02.20 07:58:28.978,1.31104,1.31114,1.50,1.13
2012.02.20 07:58:36.262,1.31104,1.31114,1.50,1.13
2012.02.20 07:58:37.075,1.31104,1.31114,1.50,1.13
2012.02.20 07:58:37.518,1.31104,1.31114,1.50,1.13
2012.02.20 07:58:50.258,1.31095,1.31111,1.43,1.50
2012.02.20 07:58:50.457,1.31089,1.3111,2.18,1.50
2012.02.20 07:58:50.589,1.31095,1.31111,1.50,1.13
2012.02.20 07:58:50.914,1.31096,1.31111,2.25,1.13
2012.02.20 07:58:52.769,1.31094,1.3111,2.25,1.13
2012.02.20 07:58:57.760,1.31097,1.31111,2.25,1.13
2012.02.20 07:58:58.099,1.31102,1.31111,2.25,1.13
2012.02.20 07:58:58.236,1.31106,1.31114,2.25,3.75
2012.02.20 07:59:00.366,1.31105,1.31114,1.43,3.75
2012.02.20 07:59:00.636,1.31105,1.31114,1.43,4.13
2012.02.20 07:59:02.302,1.31103,1.31114,1.43,4.13
2012.02.20 07:59:03.378,1.31103,1.31114,1.43,4.13
2012.02.20 07:59:03.444,1.31102,1.31114,1.43,3.75
2012.02.20 07:59:05.208,1.31102,1.31114,1.43,3.75
2012.02.20 07:59:05.803,1.31103,1.31114,1.43,4.13
2012.02.20 07:59:08.205,1.31102,1.31114,1.43,4.13
2012.02.20 07:59:09.747,1.31102,1.31114,1.43,4.13
2012.02.20 07:59:10.728,1.31097,1.31114,2.93,4.13
2012.02.20 07:59:10.807,1.31097,1.31114,2.93,4.13
2012.02.20 07:59:11.314,1.311,1.31114,2.25,4.13
2012.02.20 07:59:11.655,1.31098,1.31114,2.25,4.13
2012.02.20 07:59:12.470,1.31098,1.31114,2.25,4.13
2012.02.20 07:59:15.221,1.311,1.31114,2.25,4.13
2012.02.20 07:59:15.485,1.31097,1.31114,1.43,4.13
2012.02.20 07:59:18.763,1.31093,1.31114,3.00,4.13
2012.02.20 07:59:19.473,1.31095,1.31114,2.25,4.13
2012.02.20 07:59:20.703,1.31097,1.31114,1.50,4.13
2012.02.20 07:59:26.028,1.31096,1.31114,2.25,4.13
2012.02.20 07:59:30.638,1.31094,1.31114,2.25,4.13
2012.02.20 07:59:31.176,1.31087,1.31111,1.50,2.63
2012.02.20 07:59:32.577,1.31087,1.31109,1.50,1.50
2012.02.20 07:59:33.172,1.31087,1.31111,1.50,2.63
2012.02.20 07:59:33.889,1.31089,1.31111,1.50,1.88
2012.02.20 07:59:34.392,1.31087,1.31111,1.50,3.38
2012.02.20 07:59:35.095,1.31087,1.31109,1.50,1.50
2012.02.20 07:59:36.339,1.31085,1.31107,1.88,1.50
2012.02.20 07:59:36.683,1.31086,1.31107,1.13,3.00
2012.02.20 07:59:37.719,1.31085,1.31104,1.13,2.25
2012.02.20 07:59:37.788,1.31079,1.31098,2.25,1.13
2012.02.20 07:59:38.358,1.31078,1.31098,1.50,1.13
2012.02.20 07:59:38.512,1.31079,1.31098,1.50,1.13
2012.02.20 07:59:38.712,1.31077,1.31098,1.50,1.13
2012.02.20 07:59:39.709,1.31079,1.31096,1.50,1.50
2012.02.20 07:59:40.364,1.31072,1.31095,3.38,2.25
2012.02.20 07:59:40.645,1.31066,1.31085,2.25,1.13
2012.02.20 07:59:41.002,1.31067,1.31085,2.25,1.13
2012.02.20 07:59:41.356,1.31074,1.31085,1.50,1.13
2012.02.20 07:59:41.612,1.31071,1.31085,1.50,1.13
2012.02.20 07:59:42.156,1.3107,1.31085,3.75,1.13
2012.02.20 07:59:42.737,1.31068,1.31085,2.25,1.13
2012.02.20 07:59:43.406,1.31068,1.31091,2.25,1.50
2012.02.20 07:59:43.547,1.31068,1.31091,2.25,3.00
2012.02.20 07:59:44.322,1.3107,1.3109,1.50,1.13
2012.02.20 07:59:44.851,1.3107,1.3109,2.25,1.13
2012.02.20 07:59:45.419,1.31071,1.3109,3.00,1.13
2012.02.20 07:59:45.671,1.31074,1.3109,1.50,1.13
2012.02.20 07:59:46.309,1.31078,1.3109,1.50,1.13
2012.02.20 07:59:46.452,1.31081,1.31101,1.13,1.50
2012.02.20 07:59:46.529,1.31081,1.31102,2.63,2.25
2012.02.20 07:59:47.117,1.31081,1.31102,1.13,1.50
2012.02.20 07:59:47.995,1.31081,1.31102,1.13,1.50
2012.02.20 07:59:48.699,1.31081,1.31102,1.13,3.00
2012.02.20 07:59:48.777,1.31081,1.31099,1.13,1.50
2012.02.20 07:59:49.048,1.31082,1.31102,1.88,1.50
2012.02.20 07:59:49.610,1.31081,1.311,1.13,2.25
2012.02.20 07:59:50.475,1.31081,1.311,1.13,2.25
2012.02.20 07:59:55.206,1.31081,1.311,1.13,1.50
2012.02.20 07:59:56.107,1.31081,1.31097,1.13,1.50
2012.02.20 07:59:56.867,1.31081,1.31099,1.13,3.75
2012.02.20 07:59:57.407,1.31081,1.31099,1.13,2.25
2012.02.20 07:59:58.333,1.31081,1.311,1.13,3.00
2012.02.20 07:59:58.974,1.31081,1.311,1.13,1.50
2012.02.20 07:59:59.050,1.31081,1.31101,1.13,3.00
