2014.04.04 15:00:00.037,1.50264,1.50275,1.00,1.00
2014.04.04 15:00:00.188,1.50264,1.50277,1.00,1.00
2014.04.04 15:00:00.290,1.50264,1.50275,1.00,1.00
2014.04.04 15:00:00.593,1.50252,1.50265,1.00,1.00
2014.04.04 15:00:01.098,1.50257,1.50267,1.00,1.19
2014.04.04 15:00:01.149,1.50257,1.50269,1.00,1.00
2014.04.04 15:00:01.200,1.50257,1.50271,1.00,1.00
2014.04.04 15:00:01.251,1.50257,1.50273,1.00,1.32
2014.04.04 15:00:01.403,1.50257,1.50269,1.13,1.00
2014.04.04 15:00:02.102,1.50254,1.5027,1.00,1.69
2014.04.04 15:00:02.437,1.50254,1.50269,1.38,1.19
2014.04.04 15:00:02.741,1.50255,1.50271,1.69,1.00
2014.04.04 15:00:03.044,1.50257,1.50271,1.00,1.19
2014.04.04 15:00:03.095,1.50257,1.50272,1.00,1.00
2014.04.04 15:00:03.146,1.50257,1.50275,1.00,2.44
2014.04.04 15:00:03.247,1.50255,1.50275,2.63,2.44
2014.04.04 15:00:03.298,1.50258,1.50275,1.00,2.44
2014.04.04 15:00:03.400,1.50256,1.50275,1.00,2.44
2014.04.04 15:00:03.804,1.50259,1.50274,1.00,2.25
2014.04.04 15:00:04.109,1.50256,1.50271,1.00,1.19
2014.04.04 15:00:04.210,1.50256,1.50272,1.00,1.50
2014.04.04 15:00:04.514,1.50257,1.5027,1.00,1.00
2014.04.04 15:00:04.666,1.50254,1.5027,1.50,1.00
2014.04.04 15:00:05.090,1.50248,1.50265,2.00,1.00
2014.04.04 15:00:05.142,1.50247,1.50262,1.00,1.00
2014.04.04 15:00:05.294,1.50246,1.5026,1.00,1.00
2014.04.04 15:00:05.446,1.50244,1.5026,1.00,1.50
2014.04.04 15:00:05.951,1.50242,1.50258,1.00,1.38
2014.04.04 15:00:06.254,1.5024,1.50258,1.00,1.69
2014.04.04 15:00:06.557,1.5024,1.50255,1.00,1.19
2014.04.04 15:00:06.810,1.50236,1.5025,1.00,1.00
2014.04.04 15:00:09.148,1.50237,1.5025,1.00,1.00
2014.04.04 15:00:09.260,1.5024,1.50252,1.00,1.50
2014.04.04 15:00:09.462,1.50242,1.50257,1.00,1.50
2014.04.04 15:00:09.564,1.50242,1.50258,1.00,1.00
2014.04.04 15:00:10.010,1.5024,1.50258,1.50,1.00
2014.04.04 15:00:10.522,1.50239,1.50257,2.25,1.00
2014.04.04 15:00:10.981,1.50239,1.50255,2.25,1.00
2014.04.04 15:00:11.346,1.50242,1.50256,1.00,1.00
2014.04.04 15:00:11.549,1.50244,1.50259,1.00,1.95
2014.04.04 15:00:12.147,1.50243,1.50259,1.88,1.20
2014.04.04 15:00:12.403,1.50243,1.5026,1.88,1.00
2014.04.04 15:00:12.708,1.50247,1.5026,1.00,1.25
2014.04.04 15:00:13.229,1.50249,1.50263,1.00,1.80
2014.04.04 15:00:13.652,1.50254,1.50269,1.00,1.00
2014.04.04 15:00:14.317,1.50254,1.50265,1.00,1.00
2014.04.04 15:00:14.469,1.50252,1.50265,1.50,1.00
2014.04.04 15:00:14.875,1.50248,1.50265,1.00,1.00
2014.04.04 15:00:15.380,1.50247,1.50265,1.00,1.25
2014.04.04 15:00:16.130,1.50252,1.50269,1.63,1.00
2014.04.04 15:00:16.435,1.50261,1.50273,1.00,1.38
2014.04.04 15:00:16.536,1.50261,1.50277,1.00,1.13
2014.04.04 15:00:16.789,1.5026,1.50274,1.00,1.00
2014.04.04 15:00:17.244,1.5026,1.50272,1.50,1.00
2014.04.04 15:00:17.553,1.50259,1.50274,1.50,1.00
2014.04.04 15:00:18.407,1.50264,1.50274,1.00,1.00
2014.04.04 15:00:18.457,1.50264,1.50277,1.50,1.00
2014.04.04 15:00:18.508,1.50264,1.50278,1.88,1.00
2014.04.04 15:00:18.811,1.50268,1.50282,1.00,1.13
2014.04.04 15:00:18.862,1.50266,1.50282,1.00,1.13
2014.04.04 15:00:18.964,1.50266,1.5028,1.00,1.00
2014.04.04 15:00:19.065,1.50264,1.5028,1.00,1.00
2014.04.04 15:00:19.166,1.50263,1.50277,1.50,1.00
2014.04.04 15:00:20.206,1.50266,1.50277,1.50,1.00
2014.04.04 15:00:20.614,1.50267,1.50281,1.00,1.00
2014.04.04 15:00:20.715,1.50267,1.50284,1.50,1.69
2014.04.04 15:00:21.078,1.50265,1.50281,1.13,2.10
2014.04.04 15:00:21.281,1.50257,1.5027,1.25,1.50
2014.04.04 15:00:21.483,1.50259,1.50274,1.00,1.19
2014.04.04 15:00:21.635,1.50257,1.50273,1.00,1.00
2014.04.04 15:00:21.737,1.50257,1.5027,1.00,1.00
2014.04.04 15:00:22.824,1.50254,1.5027,1.00,1.00
2014.04.04 15:00:23.076,1.50252,1.5027,1.00,1.50
2014.04.04 15:00:23.501,1.50251,1.50268,1.00,1.00
2014.04.04 15:00:24.007,1.50251,1.50268,1.63,1.00
2014.04.04 15:00:24.517,1.5025,1.50265,1.19,1.00
2014.04.04 15:00:24.568,1.50248,1.50265,1.50,1.69
2014.04.04 15:00:24.619,1.50246,1.50265,1.88,1.69
2014.04.04 15:00:24.670,1.50251,1.50267,1.00,1.69
2014.04.04 15:00:25.175,1.5025,1.50265,1.50,1.19
2014.04.04 15:00:25.774,1.5025,1.50266,1.00,1.50
2014.04.04 15:00:26.237,1.50248,1.50265,2.25,1.25
2014.04.04 15:00:26.440,1.50249,1.50263,1.00,1.50
2014.04.04 15:00:26.895,1.50247,1.50263,1.00,1.00
2014.04.04 15:00:26.996,1.50248,1.50265,1.00,1.00
2014.04.04 15:00:27.047,1.50257,1.50265,1.00,1.00
2014.04.04 15:00:27.199,1.50257,1.50269,1.38,1.88
2014.04.04 15:00:27.250,1.5026,1.50269,1.00,1.38
2014.04.04 15:00:27.301,1.5026,1.50276,1.00,1.38
2014.04.04 15:00:27.402,1.5026,1.50276,1.00,1.00
2014.04.04 15:00:27.604,1.5026,1.50271,1.00,1.00
2014.04.04 15:00:27.807,1.50254,1.50271,1.50,1.69
2014.04.04 15:00:27.908,1.50254,1.5027,1.88,1.19
2014.04.04 15:00:28.413,1.50254,1.50271,1.00,1.25
2014.04.04 15:00:28.464,1.50254,1.50271,2.10,1.25
2014.04.04 15:00:29.408,1.50262,1.50275,1.50,1.00
2014.04.04 15:00:29.467,1.50263,1.50279,1.00,1.00
2014.04.04 15:00:30.070,1.50262,1.50279,1.00,1.00
2014.04.04 15:00:30.134,1.50262,1.50276,1.00,1.00
2014.04.04 15:00:30.538,1.5026,1.50277,1.00,1.50
2014.04.04 15:00:30.640,1.50258,1.50277,1.50,1.50
2014.04.04 15:00:30.741,1.50262,1.50277,1.00,1.00
2014.04.04 15:00:31.046,1.50262,1.50275,1.00,1.50
2014.04.04 15:00:31.357,1.50256,1.50272,1.69,1.00
2014.04.04 15:00:32.813,1.50256,1.50266,1.69,1.38
2014.04.04 15:00:32.873,1.5025,1.50265,1.00,1.00
2014.04.04 15:00:32.924,1.50248,1.50265,1.50,1.00
2014.04.04 15:00:33.025,1.5025,1.50265,1.00,1.00
2014.04.04 15:00:33.570,1.5025,1.50266,1.00,1.00
2014.04.04 15:00:33.877,1.50247,1.50265,1.50,1.13
2014.04.04 15:00:34.082,1.50245,1.50262,1.50,1.13
2014.04.04 15:00:34.386,1.50245,1.5026,1.00,1.69
2014.04.04 15:00:34.436,1.50243,1.5026,1.00,1.69
2014.04.04 15:00:36.004,1.50241,1.5026,1.00,2.25
2014.04.04 15:00:36.054,1.50241,1.50255,1.00,1.00
2014.04.04 15:00:36.105,1.50239,1.50255,1.69,1.00
2014.04.04 15:00:36.633,1.5024,1.50254,1.00,1.00
2014.04.04 15:00:36.845,1.5024,1.50259,1.88,1.00
2014.04.04 15:00:37.476,1.50242,1.50259,1.00,1.00
2014.04.04 15:00:37.998,1.50241,1.50259,1.13,1.00
2014.04.04 15:00:38.405,1.50243,1.50256,1.00,1.00
2014.04.04 15:00:39.270,1.50237,1.50254,1.00,1.88
2014.04.04 15:00:39.322,1.50237,1.50248,2.10,1.25
2014.04.04 15:00:39.425,1.50235,1.50248,1.00,1.00
2014.04.04 15:00:40.142,1.50235,1.50249,1.00,1.00
2014.04.04 15:00:40.533,1.50235,1.50251,1.00,1.69
2014.04.04 15:00:41.152,1.50235,1.50251,1.38,1.69
2014.04.04 15:00:41.304,1.50241,1.50251,1.00,1.00
2014.04.04 15:00:41.507,1.50244,1.50259,1.00,1.00
2014.04.04 15:00:41.608,1.50246,1.50259,1.38,1.00
2014.04.04 15:00:41.912,1.50253,1.50264,1.57,1.45
2014.04.04 15:00:42.216,1.50259,1.50266,1.00,2.25
2014.04.04 15:00:42.317,1.50259,1.50266,1.00,1.00
2014.04.04 15:00:42.368,1.50253,1.50266,1.50,1.00
2014.04.04 15:00:42.419,1.50253,1.50269,1.50,1.25
2014.04.04 15:00:42.943,1.50254,1.5027,1.00,1.50
2014.04.04 15:00:43.370,1.50253,1.50268,1.38,1.00
2014.04.04 15:00:43.471,1.50252,1.5027,2.07,3.00
2014.04.04 15:00:43.674,1.50255,1.5027,1.00,3.00
2014.04.04 15:00:44.171,1.50254,1.50267,1.00,1.00
2014.04.04 15:00:44.323,1.50246,1.50265,1.00,1.38
2014.04.04 15:00:44.425,1.50244,1.5026,2.07,1.00
2014.04.04 15:00:44.729,1.50244,1.50257,1.50,1.00
2014.04.04 15:00:44.882,1.50244,1.50259,1.50,1.00
2014.04.04 15:00:45.577,1.50246,1.50259,1.00,1.00
2014.04.04 15:00:45.890,1.50245,1.50257,1.50,1.00
2014.04.04 15:00:45.941,1.50242,1.50257,1.00,1.00
2014.04.04 15:00:46.144,1.5024,1.50256,1.88,1.00
2014.04.04 15:00:46.246,1.50242,1.50256,1.00,1.00
2014.04.04 15:00:48.258,1.50241,1.50256,1.00,1.00
2014.04.04 15:00:48.796,1.5024,1.50256,1.00,1.00
2014.04.04 15:00:49.150,1.50239,1.50254,1.00,1.00
2014.04.04 15:00:50.456,1.50237,1.50253,1.00,1.13
2014.04.04 15:00:50.560,1.50237,1.50248,1.00,1.00
2014.04.04 15:00:51.053,1.50235,1.50248,1.50,1.00
2014.04.04 15:00:51.155,1.50237,1.50248,1.00,1.00
2014.04.04 15:00:51.206,1.50238,1.50252,1.00,1.00
2014.04.04 15:00:51.358,1.50245,1.50251,1.00,1.00
2014.04.04 15:00:51.510,1.50243,1.50258,1.00,1.00
2014.04.04 15:00:51.611,1.50246,1.50258,1.00,1.00
2014.04.04 15:00:51.763,1.50246,1.50262,1.00,1.00
2014.04.04 15:00:52.388,1.50246,1.50263,1.50,1.50
2014.04.04 15:00:52.663,1.50249,1.50263,1.00,1.50
2014.04.04 15:00:52.916,1.50251,1.50268,1.00,2.07
2014.04.04 15:00:53.475,1.50251,1.50268,1.00,1.25
2014.04.04 15:00:54.102,1.5025,1.50268,1.50,2.82
2014.04.04 15:00:54.203,1.5025,1.50268,1.50,3.57
2014.04.04 15:00:55.578,1.50249,1.50266,1.50,2.82
2014.04.04 15:00:55.884,1.50249,1.50261,1.00,1.00
2014.04.04 15:00:56.675,1.50246,1.50261,1.00,1.00
2014.04.04 15:00:56.777,1.50244,1.50259,1.00,1.00
2014.04.04 15:00:57.610,1.50244,1.50259,1.00,1.69
2014.04.04 15:00:57.771,1.50242,1.50259,1.00,2.07
2014.04.04 15:00:57.923,1.50242,1.50259,1.00,2.07
2014.04.04 15:00:59.661,1.5024,1.50257,1.00,2.07
2014.04.04 15:01:00.204,1.50241,1.50256,1.00,1.25
2014.04.04 15:01:00.710,1.50241,1.50255,1.00,1.00
2014.04.04 15:01:03.640,1.50241,1.50253,1.00,1.00
2014.04.04 15:01:03.741,1.50239,1.50253,1.00,1.00
2014.04.04 15:01:04.627,1.50239,1.5025,1.00,1.00
2014.04.04 15:01:04.729,1.50235,1.5025,1.50,1.50
2014.04.04 15:01:09.001,1.50237,1.50252,1.50,1.50
2014.04.04 15:01:13.719,1.50237,1.50251,1.00,1.00
2014.04.04 15:01:14.023,1.50231,1.50248,1.50,1.25
2014.04.04 15:01:14.175,1.50231,1.50246,1.50,1.00
2014.04.04 15:01:15.730,1.50231,1.50243,1.00,1.00
2014.04.04 15:01:16.457,1.50228,1.50243,1.00,1.00
2014.04.04 15:01:16.997,1.50227,1.50243,1.25,1.00
2014.04.04 15:01:21.348,1.50226,1.50241,3.57,1.00
2014.04.04 15:01:21.657,1.50222,1.50232,1.60,1.00
2014.04.04 15:01:22.113,1.50221,1.5023,1.60,1.00
2014.04.04 15:01:22.417,1.50215,1.50231,1.00,1.00
2014.04.04 15:01:22.469,1.5022,1.50231,1.00,1.00
2014.04.04 15:01:22.773,1.50229,1.50243,2.44,1.00
2014.04.04 15:01:22.824,1.50233,1.50243,1.00,1.00
2014.04.04 15:01:23.592,1.50239,1.50254,1.00,1.69
2014.04.04 15:01:25.242,1.50239,1.50254,1.00,1.19
2014.04.04 15:01:25.548,1.50239,1.50256,1.38,1.25
2014.04.04 15:01:25.599,1.50242,1.50255,1.00,1.00
2014.04.04 15:01:30.887,1.50238,1.50242,1.00,1.00
2014.04.04 15:01:30.938,1.50228,1.50242,1.00,1.00
2014.04.04 15:01:31.286,1.50229,1.50239,1.00,1.00
2014.04.04 15:01:31.337,1.50224,1.50239,2.25,1.00
2014.04.04 15:01:31.388,1.50224,1.50236,1.50,1.00
2014.04.04 15:01:31.541,1.50221,1.50236,1.00,1.00
2014.04.04 15:01:31.693,1.50221,1.50238,1.00,1.25
2014.04.04 15:01:32.153,1.5022,1.50233,1.00,1.00
2014.04.04 15:01:32.660,1.5022,1.50233,1.38,1.00
2014.04.04 15:01:33.365,1.50219,1.50233,2.07,1.00
2014.04.04 15:01:33.719,1.50215,1.50228,1.38,1.00
2014.04.04 15:01:33.770,1.50215,1.50228,1.63,1.00
2014.04.04 15:01:33.871,1.50215,1.50231,2.07,1.00
2014.04.04 15:01:34.301,1.50215,1.50231,1.69,1.00
2014.04.04 15:01:35.937,1.50216,1.50231,1.00,1.00
2014.04.04 15:01:36.781,1.50219,1.50231,1.00,1.00
2014.04.04 15:01:37.084,1.50226,1.50238,1.13,1.00
2014.04.04 15:01:37.135,1.5023,1.50244,1.00,1.23
2014.04.04 15:01:37.186,1.5023,1.50246,1.00,2.07
2014.04.04 15:01:37.338,1.5023,1.50243,1.00,1.00
2014.04.04 15:01:37.999,1.50228,1.5024,1.00,1.50
2014.04.04 15:01:38.064,1.50225,1.5024,1.50,1.50
2014.04.04 15:01:38.582,1.50224,1.5024,2.25,1.50
2014.04.04 15:01:39.104,1.50225,1.5024,1.00,1.00
2014.04.04 15:01:39.306,1.50227,1.5024,1.00,1.00
2014.04.04 15:01:39.357,1.50228,1.50242,1.00,1.00
2014.04.04 15:01:39.509,1.50224,1.50242,1.50,2.44
2014.04.04 15:01:39.661,1.50224,1.50238,1.00,1.00
2014.04.04 15:01:39.913,1.50221,1.50238,1.00,1.63
2014.04.04 15:01:40.016,1.50219,1.50237,1.50,1.50
2014.04.04 15:01:41.896,1.50219,1.50237,1.50,2.44
2014.04.04 15:01:41.947,1.50219,1.50236,1.50,1.63
2014.04.04 15:01:42.099,1.50216,1.50233,1.00,1.13
2014.04.04 15:01:42.150,1.50216,1.50233,1.00,1.38
2014.04.04 15:01:43.085,1.50215,1.50232,1.00,1.38
2014.04.04 15:01:43.426,1.50215,1.50229,1.00,1.00
2014.04.04 15:01:43.527,1.50215,1.50231,1.00,3.38
2014.04.04 15:01:43.629,1.50215,1.50226,1.00,1.00
2014.04.04 15:01:43.933,1.50213,1.50226,1.00,1.00
2014.04.04 15:01:44.034,1.50215,1.50226,1.00,1.00
2014.04.04 15:01:44.085,1.50215,1.5023,1.00,1.13
2014.04.04 15:01:44.660,1.50215,1.50231,1.00,1.00
2014.04.04 15:01:45.454,1.50213,1.50231,1.50,1.00
2014.04.04 15:01:45.921,1.50215,1.50231,1.00,1.00
2014.04.04 15:01:47.330,1.50215,1.5023,1.00,2.10
2014.04.04 15:01:47.635,1.50219,1.50223,1.00,1.00
2014.04.04 15:01:47.993,1.50231,1.50241,1.00,1.40
2014.04.04 15:01:48.052,1.5023,1.50242,1.00,1.65
2014.04.04 15:01:48.153,1.50225,1.50242,1.69,1.65
2014.04.04 15:01:48.681,1.50224,1.50242,1.57,1.00
2014.04.04 15:01:49.287,1.50224,1.50241,1.38,1.00
2014.04.04 15:01:50.503,1.50222,1.50241,1.63,1.50
2014.04.04 15:01:52.077,1.50222,1.50241,1.25,1.88
2014.04.04 15:01:52.128,1.50222,1.50237,1.25,1.00
2014.04.04 15:01:52.647,1.5022,1.50237,1.19,1.00
2014.04.04 15:01:53.004,1.5022,1.50233,1.19,1.00
2014.04.04 15:01:53.106,1.50219,1.50235,1.25,1.00
2014.04.04 15:01:53.661,1.50217,1.50236,1.32,1.13
2014.04.04 15:01:54.173,1.50216,1.50235,2.07,1.50
2014.04.04 15:01:54.456,1.50216,1.50235,2.07,1.00
2014.04.04 15:01:55.082,1.50218,1.50235,1.00,1.00
2014.04.04 15:01:55.183,1.50218,1.50236,2.07,1.00
2014.04.04 15:01:57.726,1.50221,1.50236,1.00,1.00
2014.04.04 15:01:58.917,1.50221,1.50234,1.00,1.00
2014.04.04 15:01:59.069,1.50218,1.50234,2.25,1.00
2014.04.04 15:01:59.170,1.50218,1.50237,1.38,2.25
2014.04.04 15:01:59.271,1.50218,1.50237,1.57,2.25
2014.04.04 15:01:59.647,1.5022,1.50235,1.38,1.00
2014.04.04 15:02:00.226,1.50219,1.50235,2.07,1.00
2014.04.04 15:02:01.404,1.50221,1.50237,1.13,1.00
2014.04.04 15:02:02.427,1.50222,1.50238,1.00,1.00
2014.04.04 15:02:04.106,1.50222,1.50239,1.57,1.50
2014.04.04 15:02:04.173,1.50222,1.50241,1.57,1.00
2014.04.04 15:02:04.768,1.50222,1.5024,2.07,1.00
2014.04.04 15:02:06.202,1.50222,1.5024,1.57,1.00
2014.04.04 15:02:06.866,1.50221,1.50241,1.57,1.00
2014.04.04 15:02:07.396,1.50222,1.50241,1.38,1.00
2014.04.04 15:02:07.906,1.5022,1.50242,4.32,1.50
2014.04.04 15:02:08.406,1.5022,1.50241,2.44,1.13
2014.04.04 15:02:08.457,1.5022,1.50235,1.69,1.00
2014.04.04 15:02:09.366,1.50223,1.50238,1.00,1.00
2014.04.04 15:02:13.024,1.50223,1.50236,1.00,1.00
2014.04.04 15:02:13.618,1.5022,1.50237,1.50,1.88
2014.04.04 15:02:14.131,1.5022,1.50237,1.88,1.00
2014.04.04 15:02:14.340,1.5022,1.50237,1.60,1.00
2014.04.04 15:02:14.655,1.50224,1.50237,1.60,1.00
2014.04.04 15:02:15.632,1.50226,1.50237,1.00,1.00
2014.04.04 15:02:15.784,1.50228,1.50243,1.00,1.00
2014.04.04 15:02:16.318,1.50229,1.50243,1.00,1.00
2014.04.04 15:02:16.621,1.50233,1.50243,1.00,1.00
2014.04.04 15:02:16.672,1.50233,1.50249,1.00,1.19
2014.04.04 15:02:16.774,1.50235,1.50249,1.00,1.00
2014.04.04 15:02:17.027,1.50231,1.50247,1.00,1.88
2014.04.04 15:02:17.128,1.50229,1.50246,3.00,1.00
2014.04.04 15:02:17.230,1.50229,1.50242,2.25,1.00
2014.04.04 15:02:17.556,1.5023,1.50241,1.60,1.00
2014.04.04 15:02:17.859,1.50225,1.50239,2.34,1.00
2014.04.04 15:02:18.213,1.50236,1.50249,1.00,1.00
2014.04.04 15:02:18.314,1.50236,1.50252,1.13,1.25
2014.04.04 15:02:18.643,1.50237,1.50254,1.00,1.00
2014.04.04 15:02:19.167,1.50238,1.50254,1.00,1.00
2014.04.04 15:02:22.342,1.50239,1.50254,1.38,1.00
2014.04.04 15:02:22.646,1.50243,1.50256,1.13,1.00
2014.04.04 15:02:22.747,1.50243,1.50261,1.88,1.00
2014.04.04 15:02:22.848,1.50246,1.50264,1.13,1.50
2014.04.04 15:02:23.202,1.50246,1.50261,1.00,1.00
2014.04.04 15:02:23.405,1.50242,1.50258,1.69,1.00
2014.04.04 15:02:23.815,1.50241,1.50258,1.57,1.00
2014.04.04 15:02:24.394,1.5024,1.50258,3.57,1.00
2014.04.04 15:02:24.445,1.50241,1.50256,1.19,1.00
2014.04.04 15:02:24.902,1.50239,1.50254,1.69,1.00
2014.04.04 15:02:25.005,1.50239,1.50253,1.00,1.00
2014.04.04 15:02:25.207,1.50237,1.50253,1.00,1.50
2014.04.04 15:02:25.359,1.50234,1.50252,2.82,1.00
2014.04.04 15:02:25.565,1.50234,1.5025,2.07,1.00
2014.04.04 15:02:28.985,1.50243,1.50253,1.57,1.00
2014.04.04 15:02:29.132,1.50244,1.50258,1.32,1.00
2014.04.04 15:02:29.193,1.50244,1.5026,1.32,1.50
2014.04.04 15:02:29.581,1.50244,1.5026,1.63,1.50
2014.04.04 15:02:31.678,1.50248,1.5026,1.00,1.00
2014.04.04 15:02:32.275,1.50248,1.5026,1.38,1.00
2014.04.04 15:02:32.579,1.50251,1.50265,1.13,1.00
2014.04.04 15:02:32.630,1.50253,1.50265,1.00,1.00
2014.04.04 15:02:33.214,1.50253,1.50266,1.00,1.00
2014.04.04 15:02:33.798,1.50253,1.50267,1.00,1.50
2014.04.04 15:02:34.388,1.50249,1.50267,1.88,1.50
2014.04.04 15:02:34.590,1.50249,1.50267,1.88,1.50
2014.04.04 15:02:35.122,1.5025,1.50267,1.00,1.00
2014.04.04 15:02:37.622,1.5025,1.50266,1.13,1.00
2014.04.04 15:02:38.158,1.50248,1.50263,1.50,1.00
2014.04.04 15:02:38.494,1.50258,1.50264,1.00,1.00
2014.04.04 15:02:38.596,1.50259,1.50269,1.50,1.00
2014.04.04 15:02:38.748,1.50259,1.50278,3.57,1.88
2014.04.04 15:02:38.799,1.50261,1.50278,1.00,1.50
2014.04.04 15:02:38.952,1.50264,1.50277,1.00,1.38
2014.04.04 15:02:39.154,1.50259,1.50275,1.50,1.00
2014.04.04 15:02:39.256,1.50259,1.50273,1.00,1.00
2014.04.04 15:02:39.781,1.50258,1.50274,1.00,1.00
2014.04.04 15:02:40.294,1.50257,1.50274,1.32,1.50
2014.04.04 15:02:41.441,1.5026,1.5027,1.00,1.00
2014.04.04 15:02:41.542,1.5026,1.50274,1.38,1.00
2014.04.04 15:02:42.988,1.50258,1.50274,1.19,1.00
2014.04.04 15:02:45.254,1.50262,1.50277,1.00,1.00
2014.04.04 15:02:47.749,1.50262,1.50276,1.50,1.00
2014.04.04 15:02:47.901,1.50257,1.50272,2.25,1.00
2014.04.04 15:02:48.795,1.50257,1.50272,2.63,1.00
2014.04.04 15:02:49.204,1.50258,1.50275,1.38,1.00
2014.04.04 15:02:50.197,1.50258,1.50275,1.00,1.50
2014.04.04 15:02:50.443,1.50258,1.50272,1.00,1.00
2014.04.04 15:02:53.131,1.50257,1.50272,1.00,1.00
2014.04.04 15:02:55.912,1.50259,1.50272,1.00,1.50
2014.04.04 15:02:56.220,1.50259,1.50272,2.44,1.50
2014.04.04 15:02:56.288,1.5026,1.50275,1.19,1.00
2014.04.04 15:02:56.924,1.50265,1.50275,1.00,1.00
2014.04.04 15:02:57.791,1.50261,1.50275,1.13,1.00
2014.04.04 15:03:00.216,1.50262,1.50275,1.88,1.00
2014.04.04 15:03:00.419,1.50262,1.50273,1.00,1.00
2014.04.04 15:03:00.470,1.5026,1.50273,1.00,1.00
2014.04.04 15:03:00.571,1.5026,1.5027,1.00,1.00
2014.04.04 15:03:00.673,1.50256,1.5027,1.84,1.00
2014.04.04 15:03:01.367,1.50254,1.50269,1.19,1.00
2014.04.04 15:03:01.474,1.50254,1.50266,1.19,1.00
2014.04.04 15:03:01.525,1.5025,1.50266,1.69,1.00
2014.04.04 15:03:01.626,1.5025,1.50262,1.19,1.00
2014.04.04 15:03:01.778,1.5025,1.50262,1.00,1.00
2014.04.04 15:03:02.284,1.50246,1.50262,4.84,1.00
2014.04.04 15:03:02.385,1.50246,1.50262,2.97,1.00
2014.04.04 15:03:02.932,1.50246,1.50262,2.29,1.00
2014.04.04 15:03:04.440,1.50247,1.50262,1.00,1.00
2014.04.04 15:03:04.693,1.50247,1.50262,1.77,1.00
2014.04.04 15:03:05.611,1.50247,1.50264,2.52,1.00
2014.04.04 15:03:06.138,1.50249,1.50263,1.25,1.00
2014.04.04 15:03:06.190,1.50254,1.50263,1.00,1.00
2014.04.04 15:03:06.393,1.50257,1.50269,1.00,1.00
2014.04.04 15:03:06.595,1.50256,1.50271,1.00,1.00
2014.04.04 15:03:09.133,1.50261,1.50273,1.38,1.00
2014.04.04 15:03:10.343,1.50259,1.50276,3.57,1.00
2014.04.04 15:03:10.546,1.50262,1.50278,1.88,1.00
2014.04.04 15:03:10.948,1.50264,1.50278,1.00,1.00
2014.04.04 15:03:11.201,1.50265,1.50282,1.00,1.00
2014.04.04 15:03:11.353,1.50267,1.50282,1.00,1.00
2014.04.04 15:03:12.281,1.50267,1.50281,1.00,1.00
2014.04.04 15:03:12.585,1.50262,1.50277,1.60,1.88
2014.04.04 15:03:12.888,1.50261,1.50274,1.45,1.00
2014.04.04 15:03:13.420,1.50261,1.50274,1.20,1.50
2014.04.04 15:03:13.723,1.50261,1.50271,1.20,1.00
2014.04.04 15:03:14.182,1.50259,1.50271,1.20,1.00
2014.04.04 15:03:15.901,1.50255,1.50269,1.53,1.00
2014.04.04 15:03:15.952,1.50255,1.50268,1.28,1.00
2014.04.04 15:03:16.461,1.50254,1.50268,1.20,1.00
2014.04.04 15:03:17.304,1.50255,1.50268,1.00,1.00
2014.04.04 15:03:17.363,1.50255,1.50268,1.45,1.00
2014.04.04 15:03:17.667,1.50254,1.50264,1.20,1.00
2014.04.04 15:03:20.897,1.50254,1.50264,2.33,1.00
2014.04.04 15:03:20.998,1.50253,1.50264,1.69,1.00
2014.04.04 15:03:21.100,1.50254,1.50268,1.00,1.00
2014.04.04 15:03:21.202,1.50256,1.50269,1.00,1.00
2014.04.04 15:03:21.304,1.50254,1.50269,1.00,1.00
2014.04.04 15:03:21.557,1.50253,1.50264,1.53,1.00
2014.04.04 15:03:22.392,1.50256,1.50266,1.00,1.19
2014.04.04 15:03:22.442,1.50254,1.50267,1.00,1.25
2014.04.04 15:03:22.971,1.50253,1.50267,1.00,1.25
2014.04.04 15:03:23.275,1.5025,1.50266,1.00,1.00
2014.04.04 15:03:25.273,1.50251,1.50266,1.00,1.00
2014.04.04 15:03:25.475,1.50253,1.50266,1.00,1.00
2014.04.04 15:03:25.672,1.50251,1.50266,1.00,1.00
2014.04.04 15:03:29.253,1.50253,1.50266,1.00,1.00
2014.04.04 15:03:29.831,1.50252,1.50266,1.00,1.00
2014.04.04 15:03:30.567,1.50254,1.50267,1.50,1.00
2014.04.04 15:03:31.157,1.50254,1.50268,1.69,1.00
2014.04.04 15:03:31.881,1.50256,1.50268,1.00,1.00
2014.04.04 15:03:32.693,1.50258,1.50268,1.00,1.00
2014.04.04 15:03:32.997,1.50265,1.50274,1.00,1.00
2014.04.04 15:03:33.099,1.50265,1.50276,1.00,1.00
2014.04.04 15:03:33.403,1.50267,1.50276,1.00,1.00
2014.04.04 15:03:33.706,1.50262,1.50277,3.00,1.00
2014.04.04 15:03:34.211,1.50263,1.50277,2.25,1.00
2014.04.04 15:03:35.582,1.50263,1.50277,1.88,1.00
2014.04.04 15:03:36.152,1.50263,1.50277,1.50,1.00
2014.04.04 15:03:36.304,1.50266,1.50278,1.00,1.00
2014.04.04 15:03:36.632,1.50266,1.5028,1.00,1.25
2014.04.04 15:03:37.237,1.50265,1.50276,1.00,1.00
2014.04.04 15:03:37.339,1.50265,1.5028,1.00,1.19
2014.04.04 15:03:37.390,1.50267,1.5028,1.00,1.00
2014.04.04 15:03:37.896,1.50267,1.50281,1.00,1.00
2014.04.04 15:03:39.173,1.50266,1.50282,2.63,1.00
2014.04.04 15:03:42.053,1.50266,1.50282,1.00,1.50
2014.04.04 15:03:42.358,1.50263,1.50277,1.50,1.00
2014.04.04 15:03:42.689,1.50265,1.50277,1.00,1.00
2014.04.04 15:03:44.832,1.50263,1.50277,1.50,1.00
2014.04.04 15:03:45.086,1.50263,1.50275,1.00,1.00
2014.04.04 15:03:45.643,1.50266,1.50275,1.00,1.00
2014.04.04 15:03:46.149,1.50264,1.50275,1.00,1.00
2014.04.04 15:03:46.385,1.50262,1.50275,1.13,1.00
2014.04.04 15:03:46.537,1.50264,1.50275,1.00,1.00
2014.04.04 15:03:46.840,1.50269,1.50275,1.00,1.00
2014.04.04 15:03:46.942,1.50269,1.50277,1.00,1.00
2014.04.04 15:03:47.743,1.50268,1.50277,1.00,1.00
2014.04.04 15:03:47.794,1.50265,1.50277,1.50,1.00
2014.04.04 15:03:50.763,1.50267,1.50277,1.00,1.00
2014.04.04 15:03:51.362,1.50265,1.50277,1.88,1.00
2014.04.04 15:03:51.517,1.50263,1.50277,1.38,1.00
2014.04.04 15:03:51.619,1.50266,1.50277,1.00,1.00
2014.04.04 15:03:52.101,1.50266,1.50279,1.00,1.00
2014.04.04 15:03:52.608,1.50267,1.50279,1.00,1.00
2014.04.04 15:03:53.544,1.5027,1.50279,1.00,1.00
2014.04.04 15:03:53.864,1.50272,1.50279,1.00,1.00
2014.04.04 15:03:53.914,1.5027,1.50279,1.00,1.00
2014.04.04 15:03:54.016,1.50268,1.50279,1.00,1.00
2014.04.04 15:03:54.445,1.50273,1.50279,1.00,1.00
2014.04.04 15:03:54.950,1.50272,1.50279,1.00,1.00
2014.04.04 15:03:55.423,1.50268,1.50279,1.00,1.00
2014.04.04 15:03:59.051,1.50271,1.50279,1.00,1.00
2014.04.04 15:03:59.354,1.50278,1.50287,1.00,1.00
2014.04.04 15:03:59.506,1.50278,1.50292,1.00,1.00
2014.04.04 15:03:59.709,1.50278,1.50293,1.69,1.00
2014.04.04 15:04:00.243,1.50277,1.50294,1.19,1.00
2014.04.04 15:04:06.199,1.50279,1.50293,1.25,1.00
2014.04.04 15:04:06.662,1.50277,1.5029,1.69,1.00
2014.04.04 15:04:11.009,1.50279,1.50291,1.00,1.00
2014.04.04 15:04:13.856,1.50279,1.50292,1.00,1.00
2014.04.04 15:04:14.739,1.50279,1.50293,1.00,1.00
2014.04.04 15:04:18.096,1.50281,1.50293,1.00,1.00
2014.04.04 15:04:18.399,1.50294,1.50305,2.13,2.10
2014.04.04 15:04:18.602,1.50301,1.50306,1.00,1.00
2014.04.04 15:04:19.146,1.50301,1.50308,1.69,1.00
2014.04.04 15:04:21.517,1.50298,1.50305,1.00,1.00
2014.04.04 15:04:21.582,1.50292,1.50307,1.00,2.10
2014.04.04 15:04:21.976,1.50293,1.50308,1.69,1.00
2014.04.04 15:04:22.032,1.50295,1.50311,1.00,1.50
2014.04.04 15:04:22.387,1.50297,1.50311,1.00,1.00
2014.04.04 15:04:22.641,1.50297,1.50313,1.50,1.00
2014.04.04 15:04:24.329,1.50298,1.50313,1.00,1.00
2014.04.04 15:04:24.842,1.50299,1.50314,1.00,1.00
2014.04.04 15:04:24.994,1.50299,1.50316,1.19,1.13
2014.04.04 15:04:25.628,1.503,1.50316,1.00,1.38
2014.04.04 15:04:25.681,1.50297,1.50316,1.69,1.38
2014.04.04 15:04:26.260,1.50297,1.50309,1.25,1.00
2014.04.04 15:04:26.413,1.5028,1.50297,1.00,1.32
2014.04.04 15:04:27.385,1.50279,1.50297,1.25,1.88
2014.04.04 15:04:28.030,1.50279,1.50294,1.25,1.00
2014.04.04 15:04:28.681,1.50279,1.50295,1.25,1.50
2014.04.04 15:04:29.036,1.5028,1.50292,1.25,1.00
2014.04.04 15:04:29.137,1.50276,1.5029,1.00,1.00
2014.04.04 15:04:29.188,1.50273,1.50286,2.07,1.13
2014.04.04 15:04:29.289,1.50269,1.50284,1.00,1.00
2014.04.04 15:04:29.391,1.50265,1.50281,1.50,1.88
2014.04.04 15:04:29.492,1.50263,1.50279,1.50,1.00
2014.04.04 15:04:29.796,1.50272,1.50284,1.00,2.07
2014.04.04 15:04:29.847,1.50272,1.50284,1.00,1.69
2014.04.04 15:04:30.163,1.50268,1.50284,1.00,1.50
2014.04.04 15:04:30.367,1.50268,1.50282,1.00,1.00
2014.04.04 15:04:31.195,1.50267,1.50282,1.00,1.00
2014.04.04 15:04:32.398,1.5027,1.50282,1.00,1.13
2014.04.04 15:04:33.165,1.5027,1.50281,1.00,1.35
2014.04.04 15:04:33.432,1.50269,1.50285,1.00,1.13
2014.04.04 15:04:33.946,1.50268,1.50286,1.00,1.38
2014.04.04 15:04:34.452,1.50268,1.50286,1.00,1.13
2014.04.04 15:04:35.042,1.50269,1.50286,1.00,1.00
2014.04.04 15:04:35.194,1.50271,1.50286,1.00,1.00
2014.04.04 15:04:35.498,1.50268,1.50287,1.88,1.63
2014.04.04 15:04:35.750,1.50267,1.50283,1.25,1.00
2014.04.04 15:04:35.902,1.50264,1.50283,1.69,1.88
2014.04.04 15:04:35.953,1.50264,1.50281,1.69,1.13
2014.04.04 15:04:36.206,1.50262,1.50279,1.25,1.13
2014.04.04 15:04:36.308,1.50265,1.50279,1.00,1.00
2014.04.04 15:04:36.612,1.50277,1.50286,2.44,1.00
2014.04.04 15:04:37.256,1.50277,1.50286,1.50,1.00
2014.04.04 15:04:37.312,1.50271,1.50286,3.00,1.00
2014.04.04 15:04:37.474,1.50271,1.50291,3.00,1.25
2014.04.04 15:04:37.855,1.50274,1.50292,1.13,1.19
2014.04.04 15:04:38.158,1.50282,1.50294,1.00,1.00
2014.04.04 15:04:38.209,1.50282,1.50299,1.00,1.25
2014.04.04 15:04:38.639,1.50284,1.50299,1.00,1.32
2014.04.04 15:04:39.180,1.50282,1.50299,1.00,1.00
2014.04.04 15:04:39.334,1.50281,1.50298,1.00,1.19
2014.04.04 15:04:39.998,1.50276,1.50294,1.00,1.50
2014.04.04 15:04:40.213,1.50276,1.50294,1.00,1.88
2014.04.04 15:04:40.415,1.50274,1.50294,1.50,2.07
2014.04.04 15:04:40.517,1.50273,1.50293,1.00,2.07
2014.04.04 15:04:40.871,1.50276,1.50293,1.00,2.82
2014.04.04 15:04:40.973,1.50274,1.50294,1.00,3.19
2014.04.04 15:04:41.238,1.50279,1.50295,1.00,1.19
2014.04.04 15:04:41.339,1.50279,1.50295,1.00,1.00
2014.04.04 15:04:41.390,1.50281,1.50295,1.00,1.00
2014.04.04 15:04:41.955,1.5028,1.50297,1.00,1.69
2014.04.04 15:04:42.890,1.50279,1.50296,1.00,2.25
2014.04.04 15:04:43.209,1.50276,1.50295,1.88,2.07
2014.04.04 15:04:44.477,1.50277,1.50292,1.00,1.38
2014.04.04 15:04:44.591,1.50273,1.5029,2.44,2.25
2014.04.04 15:04:44.643,1.50273,1.5029,1.50,3.19
2014.04.04 15:04:44.897,1.5027,1.50286,1.50,1.32
2014.04.04 15:04:45.381,1.50274,1.50289,1.00,2.07
2014.04.04 15:04:45.432,1.50274,1.50289,1.00,1.50
2014.04.04 15:04:45.635,1.50276,1.50289,1.00,1.00
2014.04.04 15:04:45.888,1.50274,1.50289,1.00,1.00
2014.04.04 15:04:46.647,1.50275,1.50289,1.00,1.13
2014.04.04 15:04:46.850,1.50276,1.50295,1.00,1.85
2014.04.04 15:04:46.900,1.50278,1.50296,1.00,2.29
2014.04.04 15:04:47.204,1.5028,1.50295,1.00,1.30
2014.04.04 15:04:47.539,1.50281,1.50294,1.00,2.25
2014.04.04 15:04:47.641,1.50275,1.5029,1.00,1.00
2014.04.04 15:04:47.691,1.50275,1.50284,1.00,1.00
2014.04.04 15:04:47.793,1.50275,1.50288,1.20,2.07
2014.04.04 15:04:48.386,1.50274,1.5029,1.00,1.19
2014.04.04 15:04:48.684,1.50274,1.5029,1.50,1.69
2014.04.04 15:04:49.228,1.50275,1.50289,1.00,1.00
2014.04.04 15:04:49.742,1.50274,1.50291,1.50,1.69
2014.04.04 15:04:49.894,1.5028,1.50293,1.38,1.50
2014.04.04 15:04:50.096,1.5028,1.50298,1.38,1.50
2014.04.04 15:04:50.602,1.50281,1.50298,1.00,1.50
2014.04.04 15:04:51.243,1.50282,1.50293,1.00,1.50
2014.04.04 15:04:51.404,1.50277,1.50292,1.00,1.25
2014.04.04 15:04:51.455,1.50275,1.50292,1.00,1.25
2014.04.04 15:04:51.658,1.50278,1.50293,1.00,1.19
2014.04.04 15:04:52.163,1.50278,1.50293,1.13,1.00
2014.04.04 15:04:52.516,1.50278,1.50291,1.00,1.00
2014.04.04 15:04:52.567,1.50276,1.50291,1.50,1.13
2014.04.04 15:04:52.618,1.50272,1.50288,1.00,1.00
2014.04.04 15:04:52.770,1.5027,1.50288,2.25,1.00
2014.04.04 15:04:52.973,1.50272,1.50288,1.00,1.50
2014.04.04 15:04:53.276,1.50272,1.50285,1.00,1.00
2014.04.04 15:04:53.327,1.50268,1.50285,1.00,1.00
2014.04.04 15:04:53.877,1.50267,1.50285,1.13,1.00
2014.04.04 15:04:54.342,1.50271,1.50285,1.00,1.00
2014.04.04 15:04:56.417,1.50271,1.50286,1.00,1.00
2014.04.04 15:04:56.928,1.5028,1.50287,1.00,1.00
2014.04.04 15:04:57.130,1.50285,1.50293,1.00,1.00
2014.04.04 15:04:57.182,1.50282,1.50293,1.00,1.00
2014.04.04 15:04:57.233,1.50283,1.50297,1.00,1.50
2014.04.04 15:04:57.334,1.50281,1.50297,1.00,1.00
2014.04.04 15:04:57.537,1.50281,1.50295,1.00,1.19
2014.04.04 15:04:57.588,1.50277,1.50295,2.25,1.19
2014.04.04 15:04:57.639,1.50277,1.50292,2.25,1.25
2014.04.04 15:04:59.126,1.50275,1.50292,1.00,1.25
2014.04.04 15:04:59.632,1.50274,1.50291,1.00,1.00
2014.04.04 15:04:59.885,1.50279,1.50292,1.00,1.69
2014.04.04 15:05:00.149,1.50279,1.50294,1.00,2.25
2014.04.04 15:05:01.542,1.50278,1.50294,1.88,1.50
2014.04.04 15:05:01.644,1.50278,1.50289,1.13,1.00
2014.04.04 15:05:01.849,1.50273,1.50286,1.00,1.00
2014.04.04 15:05:02.321,1.50272,1.50289,1.00,1.00
2014.04.04 15:05:02.574,1.50277,1.50294,1.13,1.69
2014.04.04 15:05:03.173,1.50276,1.50287,1.00,1.00
2014.04.04 15:05:03.228,1.50269,1.50287,1.00,1.00
2014.04.04 15:05:03.866,1.50273,1.50288,1.00,1.00
2014.04.04 15:05:03.969,1.50273,1.5029,1.13,1.00
2014.04.04 15:05:04.020,1.50273,1.50292,1.13,1.69
2014.04.04 15:05:10.621,1.50277,1.50294,1.88,1.50
2014.04.04 15:05:10.951,1.50271,1.50289,1.38,1.00
2014.04.04 15:05:11.608,1.50269,1.50288,1.38,1.00
2014.04.04 15:05:12.458,1.5027,1.50288,1.38,1.00
2014.04.04 15:05:13.809,1.50268,1.50285,1.19,1.38
2014.04.04 15:05:13.911,1.50267,1.50285,1.00,1.75
2014.04.04 15:05:14.013,1.50265,1.50284,1.00,1.88
2014.04.04 15:05:14.114,1.50264,1.50284,1.50,2.25
2014.04.04 15:05:14.670,1.50264,1.50281,1.00,1.50
2014.04.04 15:05:14.772,1.50263,1.50279,1.00,1.38
2014.04.04 15:05:15.164,1.50259,1.50278,1.50,1.69
2014.04.04 15:05:15.418,1.50261,1.50278,1.00,1.25
2014.04.04 15:05:15.722,1.50261,1.50281,1.50,2.07
2014.04.04 15:05:15.975,1.50263,1.50281,1.00,1.69
2014.04.04 15:05:16.330,1.50263,1.50281,1.88,1.00
2014.04.04 15:05:16.482,1.5027,1.50286,1.00,1.25
2014.04.04 15:05:16.533,1.5027,1.50288,1.00,2.25
2014.04.04 15:05:16.584,1.50268,1.50288,1.25,2.25
2014.04.04 15:05:16.737,1.50268,1.50285,1.00,1.38
2014.04.04 15:05:16.788,1.50265,1.50285,1.00,1.38
2014.04.04 15:05:17.874,1.50265,1.50285,1.50,1.00
2014.04.04 15:05:18.398,1.50265,1.50286,1.50,1.69
2014.04.04 15:05:18.752,1.50268,1.50286,1.00,1.25
2014.04.04 15:05:19.290,1.50268,1.50284,1.00,1.00
2014.04.04 15:05:19.391,1.50266,1.50284,1.00,1.00
2014.04.04 15:05:20.891,1.5027,1.50287,1.50,1.19
2014.04.04 15:05:21.194,1.50276,1.50293,1.38,1.19
2014.04.04 15:05:21.296,1.50276,1.50296,1.38,1.69
2014.04.04 15:05:22.211,1.50275,1.50289,1.00,1.38
2014.04.04 15:05:22.262,1.5027,1.50289,1.38,1.38
2014.04.04 15:05:22.313,1.5027,1.50288,1.38,1.57
2014.04.04 15:05:22.851,1.5027,1.50288,1.38,1.57
2014.04.04 15:05:23.471,1.5027,1.50288,1.38,1.88
2014.04.04 15:05:23.999,1.50267,1.50287,1.88,1.32
2014.04.04 15:05:24.540,1.50267,1.50286,1.38,1.00
2014.04.04 15:05:25.645,1.50269,1.50286,1.13,1.13
2014.04.04 15:05:25.746,1.50272,1.50286,1.00,1.38
2014.04.04 15:05:26.069,1.50279,1.50294,1.00,1.57
2014.04.04 15:05:26.379,1.50281,1.50295,1.00,2.07
2014.04.04 15:05:26.904,1.50281,1.50295,1.00,2.07
2014.04.04 15:05:27.859,1.50281,1.50296,1.50,1.00
2014.04.04 15:05:28.868,1.50284,1.50296,1.00,1.00
2014.04.04 15:05:29.092,1.50282,1.50298,1.00,1.19
2014.04.04 15:05:29.748,1.50282,1.50293,1.00,1.00
2014.04.04 15:05:29.951,1.50278,1.50293,1.00,2.10
2014.04.04 15:05:31.377,1.50281,1.50292,1.00,1.00
2014.04.04 15:05:31.973,1.50281,1.50293,1.00,2.14
2014.04.04 15:05:34.021,1.50279,1.50292,1.00,1.72
2014.04.04 15:05:35.980,1.50278,1.50293,1.38,1.25
2014.04.04 15:05:38.616,1.5028,1.50293,1.00,1.25
2014.04.04 15:05:39.249,1.50281,1.50296,1.00,1.69
2014.04.04 15:05:39.791,1.50279,1.50296,1.38,1.69
2014.04.04 15:05:40.569,1.50277,1.50296,1.38,1.19
2014.04.04 15:05:40.671,1.50277,1.50292,1.00,1.00
2014.04.04 15:05:41.241,1.50281,1.50296,1.50,1.19
2014.04.04 15:05:41.551,1.50286,1.503,1.00,1.00
2014.04.04 15:05:42.101,1.50286,1.50301,1.00,1.50
2014.04.04 15:05:42.404,1.5029,1.50303,1.00,1.00
2014.04.04 15:05:42.811,1.50289,1.50301,1.00,1.50
2014.04.04 15:05:42.964,1.50284,1.50299,1.13,1.19
2014.04.04 15:05:43.472,1.50279,1.50298,1.00,1.19
2014.04.04 15:05:43.674,1.50278,1.50296,1.00,1.19
2014.04.04 15:05:43.979,1.50277,1.50295,1.13,1.19
2014.04.04 15:05:45.091,1.50279,1.50296,1.38,1.69
2014.04.04 15:05:45.395,1.50284,1.50297,1.38,1.19
2014.04.04 15:05:45.496,1.50286,1.50299,1.38,1.19
2014.04.04 15:05:45.598,1.50286,1.50301,1.38,1.50
2014.04.04 15:05:45.902,1.50293,1.50306,1.00,1.00
2014.04.04 15:05:46.155,1.50292,1.50308,1.00,1.00
2014.04.04 15:05:46.257,1.50292,1.50302,1.00,1.00
2014.04.04 15:05:46.460,1.50288,1.50302,1.00,1.69
2014.04.04 15:05:46.562,1.50289,1.50299,1.00,1.00
2014.04.04 15:05:46.663,1.50286,1.50299,1.50,1.50
2014.04.04 15:05:46.714,1.50286,1.50296,1.50,1.25
2014.04.04 15:05:46.815,1.50284,1.50295,1.00,1.25
2014.04.04 15:05:46.866,1.50284,1.50292,1.00,1.50
2014.04.04 15:05:46.917,1.50278,1.50292,1.00,1.69
2014.04.04 15:05:47.020,1.50274,1.50292,1.00,1.69
2014.04.04 15:05:47.656,1.50273,1.50292,1.00,1.19
2014.04.04 15:05:48.087,1.50273,1.50292,1.38,1.19
2014.04.04 15:05:49.300,1.50272,1.5029,1.38,1.19
2014.04.04 15:05:50.601,1.50272,1.5029,1.13,1.50
2014.04.04 15:05:50.923,1.50275,1.50292,1.38,1.64
2014.04.04 15:05:52.317,1.50273,1.50292,1.38,1.69
2014.04.04 15:05:52.419,1.50273,1.50287,1.00,1.00
2014.04.04 15:05:52.520,1.50272,1.50285,1.00,1.00
2014.04.04 15:05:52.825,1.50263,1.5028,1.38,1.19
2014.04.04 15:05:53.027,1.50262,1.50281,1.88,1.25
2014.04.04 15:05:53.914,1.50263,1.50283,1.88,1.19
2014.04.04 15:05:54.761,1.50263,1.50281,1.38,1.69
2014.04.04 15:05:56.324,1.50263,1.50281,1.00,1.25
2014.04.04 15:05:56.527,1.50265,1.50281,1.00,1.00
2014.04.04 15:05:56.831,1.5027,1.50281,1.38,1.00
2014.04.04 15:05:57.135,1.5027,1.50285,1.50,1.00
2014.04.04 15:05:57.238,1.50272,1.50288,1.00,1.69
2014.04.04 15:05:57.289,1.50272,1.50288,1.00,2.44
2014.04.04 15:05:57.542,1.5027,1.50289,1.00,2.44
2014.04.04 15:05:57.796,1.50266,1.50284,2.07,2.25
2014.04.04 15:05:57.847,1.50273,1.50284,1.00,1.00
2014.04.04 15:05:57.948,1.50273,1.50286,1.00,1.00
2014.04.04 15:05:57.999,1.50273,1.50289,1.00,1.50
2014.04.04 15:05:58.518,1.50272,1.5029,1.00,1.13
2014.04.04 15:05:59.843,1.50272,1.50288,1.00,1.00
2014.04.04 15:06:00.159,1.5027,1.50288,2.07,1.00
2014.04.04 15:06:00.723,1.50272,1.50292,1.00,1.63
2014.04.04 15:06:01.232,1.5027,1.50289,1.57,1.50
2014.04.04 15:06:01.843,1.5027,1.50289,2.82,1.00
2014.04.04 15:06:02.147,1.50276,1.50294,3.57,1.00
2014.04.04 15:06:02.855,1.50275,1.50294,2.82,1.50
2014.04.04 15:06:02.957,1.50275,1.50294,2.07,2.25
2014.04.04 15:06:03.058,1.50275,1.50294,1.57,2.25
2014.04.04 15:06:03.681,1.50277,1.50296,1.38,2.25
2014.04.04 15:06:03.732,1.50277,1.50296,1.38,1.50
2014.04.04 15:06:04.741,1.50277,1.50294,1.38,1.00
2014.04.04 15:06:04.843,1.50276,1.50294,2.07,1.00
2014.04.04 15:06:06.276,1.50277,1.50294,1.38,1.00
2014.04.04 15:06:06.479,1.50276,1.50294,3.57,1.00
2014.04.04 15:06:06.580,1.50278,1.50294,1.38,1.00
2014.04.04 15:06:06.884,1.50284,1.503,1.38,1.50
2014.04.04 15:06:07.390,1.50285,1.50301,2.07,1.00
2014.04.04 15:06:07.977,1.50285,1.50301,2.82,1.00
2014.04.04 15:06:08.078,1.50285,1.50303,2.82,2.25
2014.04.04 15:06:09.219,1.50284,1.50303,1.63,2.25
2014.04.04 15:06:09.674,1.50284,1.50303,1.57,2.10
2014.04.04 15:06:09.726,1.50284,1.503,1.57,1.00
2014.04.04 15:06:10.030,1.50279,1.50296,1.57,1.00
2014.04.04 15:06:10.334,1.50275,1.50293,2.82,1.00
2014.04.04 15:06:10.435,1.50275,1.50293,1.88,1.00
2014.04.04 15:06:10.587,1.50273,1.50291,1.57,1.00
2014.04.04 15:06:11.157,1.50273,1.50291,1.57,1.00
2014.04.04 15:06:11.670,1.50275,1.50291,1.38,1.00
2014.04.04 15:06:12.002,1.50276,1.50293,2.07,1.00
2014.04.04 15:06:12.305,1.5028,1.50294,1.38,1.00
2014.04.04 15:06:12.608,1.50286,1.50297,1.57,1.00
2014.04.04 15:06:12.659,1.50287,1.503,1.63,1.00
2014.04.04 15:06:12.761,1.50288,1.50302,1.38,1.00
2014.04.04 15:06:12.863,1.50288,1.50305,2.82,1.00
2014.04.04 15:06:13.852,1.50288,1.50305,3.57,1.00
2014.04.04 15:06:14.416,1.50287,1.50303,1.38,1.00
2014.04.04 15:06:14.517,1.50286,1.50303,1.32,1.00
2014.04.04 15:06:15.527,1.50286,1.50304,1.32,1.00
2014.04.04 15:06:15.689,1.50288,1.50305,1.00,1.50
2014.04.04 15:06:15.943,1.50289,1.5031,2.82,1.50
2014.04.04 15:06:17.731,1.50296,1.50311,1.00,1.13
2014.04.04 15:06:17.934,1.50298,1.50315,1.19,1.50
2014.04.04 15:06:18.136,1.50299,1.50318,2.82,1.00
2014.04.04 15:06:18.237,1.50303,1.50318,1.19,1.00
2014.04.04 15:06:18.592,1.50303,1.50314,1.19,1.00
2014.04.04 15:06:18.642,1.503,1.50314,1.25,1.00
2014.04.04 15:06:19.089,1.50304,1.50321,1.57,1.00
2014.04.04 15:06:19.395,1.50308,1.50323,1.00,1.50
2014.04.04 15:06:19.699,1.50311,1.50327,1.88,1.00
2014.04.04 15:06:20.205,1.5031,1.50326,1.57,1.00
2014.04.04 15:06:20.721,1.50312,1.50326,1.38,1.50
2014.04.04 15:06:21.253,1.50319,1.50329,1.38,1.25
2014.04.04 15:06:21.304,1.50322,1.50338,1.19,1.60
2014.04.04 15:06:21.406,1.50322,1.50339,1.57,1.00
2014.04.04 15:06:21.861,1.50323,1.5034,1.57,1.00
2014.04.04 15:06:21.912,1.50323,1.50343,3.57,1.38
2014.04.04 15:06:22.444,1.50323,1.50343,2.82,1.38
2014.04.04 15:06:22.919,1.50327,1.50343,1.88,1.00
2014.04.04 15:06:23.020,1.50328,1.50348,2.07,2.25
2014.04.04 15:06:24.190,1.50328,1.50348,2.82,3.38
2014.04.04 15:06:24.291,1.50328,1.50345,2.82,1.00
2014.04.04 15:06:25.316,1.50331,1.50345,1.00,1.00
2014.04.04 15:06:26.085,1.50331,1.50347,1.57,1.00
2014.04.04 15:06:26.415,1.50329,1.5034,1.19,1.00
2014.04.04 15:06:26.466,1.50323,1.5034,1.57,1.13
2014.04.04 15:06:26.971,1.50323,1.50339,1.19,1.00
2014.04.04 15:06:27.859,1.50322,1.50339,1.32,1.00
2014.04.04 15:06:27.960,1.50322,1.50335,1.19,1.00
2014.04.04 15:06:28.264,1.5032,1.50325,1.25,1.00
2014.04.04 15:06:28.365,1.50314,1.50325,1.69,1.00
2014.04.04 15:06:28.416,1.50314,1.50326,1.00,1.00
2014.04.04 15:06:28.720,1.50313,1.50329,1.13,1.50
2014.04.04 15:06:29.292,1.50313,1.50329,1.38,1.50
2014.04.04 15:06:31.540,1.5031,1.50329,1.38,1.00
2014.04.04 15:06:31.742,1.50313,1.50331,1.38,1.00
2014.04.04 15:06:32.248,1.50312,1.50332,1.57,1.13
2014.04.04 15:06:32.851,1.50313,1.5033,1.13,1.00
2014.04.04 15:06:32.958,1.50313,1.50328,1.13,1.00
2014.04.04 15:06:34.157,1.5031,1.50328,1.88,1.00
2014.04.04 15:06:34.788,1.5031,1.50327,1.38,1.00
2014.04.04 15:06:34.991,1.50307,1.50322,1.88,1.00
2014.04.04 15:06:35.092,1.50307,1.50319,1.38,1.00
2014.04.04 15:06:35.626,1.50303,1.50322,2.63,1.00
2014.04.04 15:06:35.929,1.50306,1.50323,1.38,1.50
2014.04.04 15:06:38.248,1.50306,1.50323,1.00,3.00
2014.04.04 15:06:38.299,1.50306,1.5032,1.00,1.00
2014.04.04 15:06:38.704,1.50303,1.5032,1.38,2.25
2014.04.04 15:06:38.755,1.50303,1.50318,1.38,1.00
2014.04.04 15:06:39.303,1.50303,1.5032,1.38,1.00
2014.04.04 15:06:39.405,1.50303,1.5032,1.38,1.00
2014.04.04 15:06:40.105,1.50303,1.50318,1.88,1.00
2014.04.04 15:06:40.155,1.50303,1.50316,1.88,1.00
2014.04.04 15:06:40.927,1.50303,1.50315,1.38,1.00
2014.04.04 15:06:41.031,1.50303,1.50312,1.50,1.00
2014.04.04 15:06:41.133,1.503,1.5031,1.50,1.00
2014.04.04 15:06:41.335,1.50304,1.5031,1.00,1.00
2014.04.04 15:06:41.437,1.50299,1.50307,1.00,1.00
2014.04.04 15:06:41.538,1.50299,1.50305,1.00,1.00
2014.04.04 15:06:41.639,1.503,1.50306,1.50,1.00
2014.04.04 15:06:41.691,1.50296,1.50306,1.50,1.00
2014.04.04 15:06:41.742,1.50299,1.50307,1.00,1.50
2014.04.04 15:06:42.046,1.50301,1.5031,1.88,1.00
2014.04.04 15:06:42.199,1.50303,1.50321,1.38,1.00
2014.04.04 15:06:42.401,1.50306,1.50323,1.38,2.14
2014.04.04 15:06:43.008,1.50315,1.50323,2.44,1.00
2014.04.04 15:06:43.064,1.50315,1.50334,3.57,1.00
2014.04.04 15:06:43.165,1.50323,1.50334,1.38,1.50
2014.04.04 15:06:43.267,1.50322,1.50337,1.57,1.00
2014.04.04 15:06:43.368,1.5032,1.50337,1.69,1.00
2014.04.04 15:06:43.419,1.5032,1.50334,1.69,1.00
2014.04.04 15:06:43.672,1.50316,1.5033,1.13,1.00
2014.04.04 15:06:43.824,1.50316,1.50327,1.45,1.00
2014.04.04 15:06:43.928,1.50316,1.5033,1.45,1.69
2014.04.04 15:06:43.979,1.50319,1.5033,1.00,1.69
2014.04.04 15:06:44.282,1.50319,1.50333,1.35,1.69
2014.04.04 15:06:44.333,1.50319,1.50333,1.45,1.69
2014.04.04 15:06:44.435,1.50318,1.50333,1.00,1.00
2014.04.04 15:06:44.688,1.50318,1.50337,1.25,1.50
2014.04.04 15:06:45.218,1.50318,1.50337,1.63,1.50
2014.04.04 15:06:45.910,1.50318,1.50337,1.25,1.50
2014.04.04 15:06:45.961,1.50318,1.50333,1.25,1.00
2014.04.04 15:06:46.063,1.50314,1.50333,2.07,1.00
2014.04.04 15:06:47.668,1.50314,1.50332,1.38,1.00
2014.04.04 15:06:47.770,1.50314,1.50332,1.38,1.00
2014.04.04 15:06:48.189,1.50314,1.50327,1.25,1.00
2014.04.04 15:06:48.392,1.50309,1.50327,1.38,1.00
2014.04.04 15:06:48.594,1.50309,1.50324,1.88,1.00
2014.04.04 15:06:48.745,1.50307,1.50323,1.38,1.00
2014.04.04 15:06:49.425,1.50304,1.50324,3.38,1.00
2014.04.04 15:06:49.686,1.50304,1.50322,1.38,1.00
2014.04.04 15:06:49.990,1.50302,1.5032,1.38,1.00
2014.04.04 15:06:50.504,1.50304,1.50322,1.88,1.69
2014.04.04 15:06:52.636,1.50304,1.50322,1.88,1.19
2014.04.04 15:06:53.138,1.50305,1.50322,1.88,1.19
2014.04.04 15:06:53.684,1.50305,1.50322,1.88,1.00
2014.04.04 15:06:54.324,1.50305,1.50322,1.88,1.00
2014.04.04 15:06:54.376,1.50309,1.50327,1.38,1.69
2014.04.04 15:06:54.813,1.50311,1.50329,1.38,1.69
2014.04.04 15:06:54.864,1.50313,1.5033,1.38,1.25
2014.04.04 15:06:54.965,1.50315,1.50332,1.38,1.00
2014.04.04 15:06:55.167,1.50317,1.50333,1.38,2.10
2014.04.04 15:06:55.269,1.50321,1.50333,1.38,1.60
2014.04.04 15:06:55.574,1.50322,1.50333,2.07,1.00
2014.04.04 15:06:55.675,1.50324,1.50343,1.63,1.50
2014.04.04 15:06:56.176,1.50324,1.50341,1.63,1.00
2014.04.04 15:06:56.726,1.50324,1.50341,1.63,1.00
2014.04.04 15:06:57.695,1.50322,1.50339,1.19,1.00
2014.04.04 15:06:57.797,1.50322,1.50339,1.00,1.19
2014.04.04 15:06:57.949,1.50318,1.50337,1.32,2.25
2014.04.04 15:06:58.718,1.50318,1.50337,1.13,2.44
2014.04.04 15:06:59.032,1.50318,1.50336,1.38,1.19
2014.04.04 15:07:00.000,1.50316,1.50335,1.38,1.19
2014.04.04 15:07:00.164,1.50316,1.50335,1.38,1.19
2014.04.04 15:07:00.366,1.50317,1.50337,1.38,2.22
2014.04.04 15:07:00.569,1.50317,1.50331,3.38,1.00
2014.04.04 15:07:00.721,1.50317,1.50331,1.13,1.00
2014.04.04 15:07:01.657,1.50314,1.50333,1.38,1.69
2014.04.04 15:07:02.092,1.50314,1.5033,1.38,1.00
2014.04.04 15:07:02.845,1.50311,1.50327,1.57,1.00
2014.04.04 15:07:03.211,1.50314,1.50334,1.57,2.78
2014.04.04 15:07:03.281,1.50314,1.50334,2.07,1.50
2014.04.04 15:07:03.433,1.50315,1.50334,1.57,1.20
2014.04.04 15:07:03.851,1.5032,1.50333,1.38,1.00
2014.04.04 15:07:04.003,1.50326,1.50338,1.38,1.00
2014.04.04 15:07:04.054,1.50326,1.50341,1.38,1.00
2014.04.04 15:07:04.105,1.50326,1.50341,1.38,1.00
2014.04.04 15:07:04.257,1.50327,1.50343,1.38,1.00
2014.04.04 15:07:04.830,1.50327,1.50344,1.38,1.45
2014.04.04 15:07:05.619,1.50325,1.50337,1.00,2.89
2014.04.04 15:07:05.670,1.5032,1.50335,1.38,1.00
2014.04.04 15:07:05.822,1.50318,1.50334,1.38,1.25
2014.04.04 15:07:06.680,1.50316,1.50334,1.38,3.72
2014.04.04 15:07:07.187,1.50316,1.50333,2.07,1.00
2014.04.04 15:07:07.288,1.50316,1.50335,2.07,1.00
2014.04.04 15:07:07.813,1.5032,1.50338,1.38,1.28
2014.04.04 15:07:07.914,1.50321,1.50341,1.38,3.79
2014.04.04 15:07:08.420,1.50323,1.50341,1.88,1.25
2014.04.04 15:07:08.623,1.50323,1.50337,1.00,1.00
2014.04.04 15:07:08.724,1.50321,1.50337,1.32,1.00
2014.04.04 15:07:09.235,1.5032,1.50337,1.88,1.50
2014.04.04 15:07:10.029,1.50326,1.5034,1.00,2.25
2014.04.04 15:07:10.181,1.50321,1.50336,1.00,1.00
2014.04.04 15:07:10.769,1.5032,1.50335,1.13,1.00
2014.04.04 15:07:10.871,1.5032,1.50336,1.88,1.00
2014.04.04 15:07:10.972,1.50322,1.50339,1.38,1.00
2014.04.04 15:07:11.023,1.50322,1.50339,1.38,1.00
2014.04.04 15:07:11.175,1.50324,1.50341,2.07,1.00
2014.04.04 15:07:11.386,1.50327,1.50343,1.13,1.13
2014.04.04 15:07:11.852,1.50327,1.50341,1.13,1.00
2014.04.04 15:07:11.953,1.50324,1.50341,1.32,1.00
2014.04.04 15:07:12.054,1.50326,1.50342,1.00,1.00
2014.04.04 15:07:12.156,1.50326,1.50344,1.50,1.00
2014.04.04 15:07:12.477,1.50328,1.50345,1.00,1.00
2014.04.04 15:07:12.832,1.50329,1.50345,1.38,1.00
2014.04.04 15:07:13.136,1.50337,1.50346,1.13,1.00
2014.04.04 15:07:13.469,1.50335,1.50348,1.00,1.35
2014.04.04 15:07:13.520,1.50331,1.50348,1.00,1.35
2014.04.04 15:07:13.773,1.50334,1.50349,1.00,1.50
2014.04.04 15:07:14.076,1.50334,1.50348,1.00,1.53
2014.04.04 15:07:14.238,1.50331,1.50348,1.50,1.28
2014.04.04 15:07:14.339,1.50333,1.50348,1.00,1.47
2014.04.04 15:07:14.441,1.50331,1.50349,1.00,2.22
2014.04.04 15:07:14.542,1.50334,1.50349,1.00,2.22
2014.04.04 15:07:14.695,1.50335,1.50351,1.00,2.85
2014.04.04 15:07:14.998,1.50334,1.50348,1.00,1.50
2014.04.04 15:07:15.789,1.50334,1.50347,1.00,1.28
2014.04.04 15:07:16.093,1.50341,1.50354,1.13,1.45
2014.04.04 15:07:16.447,1.50342,1.50357,1.00,1.00
2014.04.04 15:07:17.334,1.50342,1.50358,1.13,1.00
2014.04.04 15:07:17.587,1.50342,1.5036,1.38,1.00
2014.04.04 15:07:17.739,1.50346,1.5036,1.00,1.00
2014.04.04 15:07:17.791,1.50346,1.50363,1.00,1.19
2014.04.04 15:07:17.842,1.50349,1.50363,1.00,1.19
2014.04.04 15:07:17.893,1.50349,1.50366,1.50,1.13
2014.04.04 15:07:18.046,1.50349,1.50369,1.88,2.07
2014.04.04 15:07:18.205,1.50351,1.50369,1.00,1.38
2014.04.04 15:07:18.510,1.50353,1.50369,1.88,1.00
2014.04.04 15:07:18.663,1.50353,1.50374,1.88,1.32
2014.04.04 15:07:18.714,1.50353,1.50372,1.38,1.38
2014.04.04 15:07:19.019,1.50353,1.5037,1.00,1.38
2014.04.04 15:07:19.768,1.50353,1.50371,1.38,1.25
2014.04.04 15:07:19.986,1.50353,1.50366,1.38,1.00
2014.04.04 15:07:20.088,1.50353,1.50366,1.00,1.50
2014.04.04 15:07:20.139,1.50353,1.50362,1.00,1.00
2014.04.04 15:07:20.240,1.50346,1.50362,1.00,1.00
2014.04.04 15:07:20.449,1.50349,1.50362,1.00,1.00
2014.04.04 15:07:20.500,1.50349,1.50367,1.00,1.19
2014.04.04 15:07:21.047,1.50348,1.50363,1.00,1.25
2014.04.04 15:07:22.174,1.50348,1.50366,1.38,1.19
2014.04.04 15:07:22.276,1.50352,1.50369,1.00,1.69
2014.04.04 15:07:22.327,1.50352,1.50369,1.50,1.00
2014.04.04 15:07:22.379,1.50354,1.50371,1.00,1.19
2014.04.04 15:07:22.683,1.50363,1.50373,1.38,1.50
2014.04.04 15:07:22.784,1.50364,1.5038,1.32,1.23
2014.04.04 15:07:22.936,1.50364,1.50382,2.82,1.00
2014.04.04 15:07:22.987,1.50367,1.50382,1.00,1.00
2014.04.04 15:07:23.343,1.50372,1.50388,1.00,1.75
2014.04.04 15:07:23.401,1.50373,1.50388,1.00,1.00
2014.04.04 15:07:23.655,1.50375,1.50388,1.00,1.00
2014.04.04 15:07:23.756,1.50375,1.50392,1.00,1.50
2014.04.04 15:07:24.359,1.50375,1.50392,1.00,1.69
2014.04.04 15:07:24.955,1.50374,1.50392,1.00,1.69
2014.04.04 15:07:25.057,1.50372,1.50392,1.13,1.69
2014.04.04 15:07:25.753,1.50367,1.50384,1.38,1.32
2014.04.04 15:07:26.483,1.50367,1.50379,1.38,1.00
2014.04.04 15:07:26.584,1.50363,1.5038,1.50,1.00
2014.04.04 15:07:26.989,1.50365,1.50384,1.13,1.19
2014.04.04 15:07:27.090,1.50365,1.50384,1.38,1.19
2014.04.04 15:07:27.192,1.50366,1.50386,1.38,1.49
2014.04.04 15:07:28.724,1.50367,1.50387,1.13,1.57
2014.04.04 15:07:29.333,1.50367,1.50387,1.13,2.07
2014.04.04 15:07:30.862,1.5037,1.50387,1.88,1.25
2014.04.04 15:07:30.914,1.50373,1.50391,1.25,1.00
2014.04.04 15:07:32.607,1.50373,1.50391,1.63,1.00
2014.04.04 15:07:32.708,1.50373,1.50393,2.07,1.25
2014.04.04 15:07:33.320,1.50375,1.50394,1.19,1.50
2014.04.04 15:07:36.010,1.50375,1.50393,1.19,1.00
2014.04.04 15:07:36.317,1.50375,1.50386,1.19,1.88
2014.04.04 15:07:36.368,1.50369,1.50386,1.69,1.88
2014.04.04 15:07:36.470,1.50367,1.50385,1.25,1.50
2014.04.04 15:07:36.824,1.50366,1.50381,1.19,1.00
2014.04.04 15:07:37.587,1.50365,1.50381,1.19,1.00
2014.04.04 15:07:38.323,1.50364,1.50375,1.00,1.00
2014.04.04 15:07:38.379,1.50362,1.50375,1.00,1.00
2014.04.04 15:07:38.480,1.5036,1.50374,1.00,1.00
2014.04.04 15:07:38.531,1.50357,1.5037,1.00,1.00
2014.04.04 15:07:38.582,1.50355,1.5037,1.00,1.00
2014.04.04 15:07:39.087,1.50354,1.5037,1.25,1.00
2014.04.04 15:07:39.239,1.50349,1.50368,2.07,1.00
2014.04.04 15:07:40.226,1.50349,1.50366,1.69,1.00
2014.04.04 15:07:41.206,1.50349,1.50365,1.19,1.00
2014.04.04 15:07:41.510,1.50347,1.50363,1.00,1.00
2014.04.04 15:07:41.662,1.50343,1.50363,2.29,1.50
2014.04.04 15:07:41.814,1.50346,1.50363,1.00,1.00
2014.04.04 15:07:42.117,1.50346,1.50365,1.50,1.50
2014.04.04 15:07:42.961,1.50346,1.50362,1.00,1.00
2014.04.04 15:07:43.012,1.50345,1.50364,2.44,1.00
2014.04.04 15:07:43.469,1.50348,1.50364,1.00,1.00
2014.04.04 15:07:44.013,1.50348,1.50365,1.00,1.00
2014.04.04 15:07:44.527,1.50346,1.50365,1.69,1.00
2014.04.04 15:07:45.236,1.5035,1.50365,1.00,1.00
2014.04.04 15:07:45.388,1.5035,1.50367,1.00,2.44
2014.04.04 15:07:45.439,1.50348,1.50367,1.50,2.44
2014.04.04 15:07:46.776,1.50348,1.50367,1.50,1.88
2014.04.04 15:07:46.827,1.50348,1.50363,1.50,1.00
2014.04.04 15:07:47.530,1.50347,1.50364,1.50,1.00
2014.04.04 15:07:47.835,1.50347,1.50361,1.50,1.00
2014.04.04 15:07:47.937,1.50347,1.50363,1.00,1.00
2014.04.04 15:07:48.984,1.50345,1.50363,1.50,1.00
2014.04.04 15:07:50.671,1.50345,1.50361,1.50,1.50
2014.04.04 15:07:51.206,1.50345,1.50362,1.00,1.00
2014.04.04 15:07:51.509,1.50343,1.50351,1.00,1.88
2014.04.04 15:07:51.560,1.50337,1.50349,1.00,1.13
2014.04.04 15:07:51.662,1.50333,1.50349,1.00,1.88
2014.04.04 15:07:51.966,1.50333,1.50348,1.00,1.38
2014.04.04 15:07:52.519,1.50333,1.50348,1.00,1.38
2014.04.04 15:07:52.621,1.50331,1.50348,1.25,1.38
2014.04.04 15:07:53.127,1.50329,1.50346,1.19,1.38
2014.04.04 15:07:54.925,1.50327,1.50344,1.25,1.13
2014.04.04 15:07:57.853,1.50325,1.50345,3.94,1.88
2014.04.04 15:07:58.293,1.50329,1.50344,1.00,1.88
2014.04.04 15:07:58.597,1.5033,1.50346,1.69,1.38
2014.04.04 15:07:59.217,1.50329,1.50346,1.00,1.38
2014.04.04 15:07:59.843,1.50327,1.50346,2.44,1.38
2014.04.04 15:08:01.019,1.50328,1.50345,1.69,1.13
2014.04.04 15:08:01.913,1.5033,1.50345,1.00,1.00
2014.04.04 15:08:02.571,1.50328,1.50346,1.69,1.88
2014.04.04 15:08:04.204,1.50329,1.50344,1.25,1.00
2014.04.04 15:08:07.191,1.50327,1.50343,2.44,1.00
2014.04.04 15:08:07.243,1.50327,1.50342,1.25,1.00
2014.04.04 15:08:07.447,1.5033,1.50342,1.00,1.00
2014.04.04 15:08:07.836,1.50329,1.50344,1.69,1.00
2014.04.04 15:08:07.938,1.50329,1.50346,1.69,1.50
2014.04.04 15:08:08.431,1.50334,1.50346,1.00,1.00
2014.04.04 15:08:08.533,1.50331,1.50346,1.00,1.00
2014.04.04 15:08:09.104,1.5033,1.50346,1.25,1.50
2014.04.04 15:08:10.178,1.50333,1.50346,1.00,1.00
2014.04.04 15:08:10.330,1.50333,1.50349,1.00,1.00
2014.04.04 15:08:10.381,1.50336,1.50349,1.00,1.00
2014.04.04 15:08:11.095,1.50335,1.50352,1.00,1.57
2014.04.04 15:08:11.607,1.50335,1.50353,1.00,3.00
2014.04.04 15:08:12.146,1.50335,1.50353,1.19,3.00
2014.04.04 15:08:12.247,1.50334,1.50349,1.19,1.00
2014.04.04 15:08:12.349,1.50331,1.50349,1.19,1.88
2014.04.04 15:08:12.450,1.5033,1.50349,1.25,1.13
2014.04.04 15:08:12.501,1.5033,1.50349,1.25,1.38
2014.04.04 15:08:13.202,1.50329,1.50347,1.00,1.38
2014.04.04 15:08:14.046,1.5033,1.50346,1.00,1.13
2014.04.04 15:08:15.478,1.50329,1.50347,1.50,1.88
2014.04.04 15:08:15.783,1.50334,1.5035,1.00,1.28
2014.04.04 15:08:16.088,1.50335,1.50352,1.19,1.53
2014.04.04 15:08:16.392,1.50338,1.50355,1.19,1.00
2014.04.04 15:08:16.494,1.50338,1.50357,1.69,1.13
2014.04.04 15:08:19.753,1.50338,1.50357,1.00,1.63
2014.04.04 15:08:20.065,1.50335,1.50352,1.69,1.00
2014.04.04 15:08:20.411,1.50337,1.50352,1.00,1.00
2014.04.04 15:08:20.614,1.50335,1.50352,1.25,1.00
2014.04.04 15:08:20.867,1.50336,1.50352,1.19,1.00
2014.04.04 15:08:21.223,1.50337,1.50356,1.25,1.00
2014.04.04 15:08:21.274,1.50342,1.50358,1.00,1.88
2014.04.04 15:08:21.577,1.50348,1.50363,1.19,3.00
2014.04.04 15:08:21.628,1.50348,1.50363,1.19,3.38
2014.04.04 15:08:21.679,1.50344,1.5036,1.25,1.13
2014.04.04 15:08:22.328,1.50343,1.50359,1.19,1.00
2014.04.04 15:08:23.328,1.50343,1.50358,1.19,1.00
2014.04.04 15:08:23.430,1.50342,1.50358,1.25,1.00
2014.04.04 15:08:23.531,1.50342,1.5036,1.25,1.50
2014.04.04 15:08:24.037,1.50342,1.50359,1.25,1.00
2014.04.04 15:08:24.189,1.50344,1.50361,1.69,1.13
2014.04.04 15:08:24.239,1.50345,1.50366,1.25,1.32
2014.04.04 15:08:27.101,1.50345,1.50363,1.25,1.00
2014.04.04 15:08:27.606,1.50346,1.50365,1.00,1.32
2014.04.04 15:08:28.110,1.50346,1.50365,1.69,1.13
2014.04.04 15:08:29.602,1.50345,1.50365,1.19,1.88
2014.04.04 15:08:30.958,1.50349,1.50367,1.25,1.50
2014.04.04 15:08:31.262,1.50353,1.50373,2.44,2.25
2014.04.04 15:08:31.363,1.50356,1.50373,1.19,1.00
2014.04.04 15:08:32.233,1.50356,1.50375,1.19,2.25
2014.04.04 15:08:32.588,1.50361,1.50379,1.19,2.25
2014.04.04 15:08:32.892,1.50366,1.50383,1.00,1.30
2014.04.04 15:08:33.401,1.50366,1.50383,1.00,1.68
2014.04.04 15:08:33.458,1.50366,1.50383,1.00,1.00
2014.04.04 15:08:39.386,1.50365,1.5038,1.19,1.00
2014.04.04 15:08:39.806,1.50365,1.50378,1.19,1.60
2014.04.04 15:08:39.907,1.5036,1.50368,1.88,1.00
2014.04.04 15:08:40.009,1.50356,1.50365,1.35,1.00
2014.04.04 15:08:40.162,1.50355,1.50363,2.48,1.00
2014.04.04 15:08:40.213,1.50361,1.50369,1.00,1.50
2014.04.04 15:08:40.264,1.50355,1.50365,2.48,1.00
2014.04.04 15:08:40.517,1.50348,1.50363,1.25,1.00
2014.04.04 15:08:40.567,1.5035,1.50361,1.00,1.00
2014.04.04 15:08:40.719,1.50345,1.50357,1.69,1.00
2014.04.04 15:08:40.770,1.50345,1.50359,1.25,1.00
2014.04.04 15:08:40.821,1.50348,1.50358,1.00,1.00
2014.04.04 15:08:40.922,1.5034,1.50356,1.25,1.00
2014.04.04 15:08:40.973,1.5034,1.50351,1.25,1.00
2014.04.04 15:08:41.747,1.5034,1.50356,1.19,1.00
2014.04.04 15:08:42.232,1.50343,1.5036,1.00,2.25
2014.04.04 15:08:42.282,1.50345,1.5036,1.00,2.25
2014.04.04 15:08:42.796,1.50345,1.5036,1.69,2.03
2014.04.04 15:08:43.099,1.50342,1.50356,1.00,2.07
2014.04.04 15:08:43.251,1.5034,1.50358,1.00,1.00
2014.04.04 15:08:43.403,1.50343,1.5036,1.00,1.50
2014.04.04 15:08:43.655,1.50344,1.50362,1.50,1.00
2014.04.04 15:08:43.706,1.50346,1.50365,1.00,1.25
2014.04.04 15:08:43.908,1.50348,1.50366,1.00,1.19
2014.04.04 15:08:44.438,1.50349,1.50366,1.00,1.25
2014.04.04 15:08:44.875,1.50349,1.50356,1.00,1.00
2014.04.04 15:08:45.027,1.5034,1.50356,1.50,1.00
2014.04.04 15:08:45.077,1.5034,1.50356,1.00,1.19
2014.04.04 15:08:45.280,1.50344,1.50361,1.00,1.50
2014.04.04 15:08:45.432,1.50346,1.50367,1.50,5.07
2014.04.04 15:08:45.584,1.50348,1.50367,1.00,2.82
2014.04.04 15:08:46.100,1.50348,1.50365,1.00,1.00
2014.04.04 15:08:46.202,1.50348,1.50362,1.00,1.13
2014.04.04 15:08:46.253,1.50346,1.50362,1.25,1.13
2014.04.04 15:08:46.455,1.50343,1.50362,2.25,1.00
2014.04.04 15:08:46.557,1.50343,1.50361,1.00,1.19
2014.04.04 15:08:46.658,1.50341,1.50361,1.50,2.07
2014.04.04 15:08:48.641,1.50343,1.50361,1.00,1.50
2014.04.04 15:08:49.058,1.50344,1.50359,1.00,1.00
2014.04.04 15:08:49.412,1.50343,1.50363,1.13,2.44
2014.04.04 15:08:49.463,1.50343,1.50363,1.13,2.44
2014.04.04 15:08:50.980,1.50343,1.50361,1.00,1.32
2014.04.04 15:08:51.082,1.50341,1.5036,1.50,1.25
2014.04.04 15:08:53.722,1.50341,1.50357,1.00,1.13
2014.04.04 15:08:54.237,1.5034,1.50358,1.50,1.19
2014.04.04 15:08:54.540,1.50345,1.50362,1.00,2.07
2014.04.04 15:08:54.793,1.50347,1.50364,1.00,1.25
2014.04.04 15:08:55.317,1.50346,1.50361,1.00,1.00
2014.04.04 15:08:55.368,1.50344,1.50361,1.00,1.38
2014.04.04 15:08:55.469,1.50342,1.50361,1.25,1.88
2014.04.04 15:09:00.230,1.50342,1.50358,1.00,1.00
2014.04.04 15:09:01.975,1.50342,1.5036,1.13,1.25
2014.04.04 15:09:04.358,1.50342,1.50359,1.00,1.00
2014.04.04 15:09:04.951,1.50342,1.50358,1.00,1.00
2014.04.04 15:09:05.887,1.50342,1.50352,1.00,1.00
2014.04.04 15:09:05.938,1.50338,1.50352,1.88,1.00
2014.04.04 15:09:06.241,1.50335,1.50351,1.19,1.00
2014.04.04 15:09:06.342,1.50335,1.50346,1.13,1.00
2014.04.04 15:09:08.398,1.50335,1.50344,1.28,1.00
2014.04.04 15:09:08.451,1.50326,1.50344,1.88,1.50
2014.04.04 15:09:10.113,1.50325,1.50344,1.00,1.50
2014.04.04 15:09:11.620,1.50325,1.50342,1.00,1.00
2014.04.04 15:09:11.822,1.50322,1.50342,2.44,2.82
2014.04.04 15:09:11.924,1.50322,1.5034,1.25,1.00
2014.04.04 15:09:12.506,1.50321,1.50339,1.00,1.25
2014.04.04 15:09:15.023,1.50321,1.50337,1.00,1.00
2014.04.04 15:09:15.326,1.50319,1.50339,1.50,1.19
2014.04.04 15:09:16.114,1.50317,1.50336,2.07,1.00
2014.04.04 15:09:17.037,1.50317,1.50335,1.00,1.69
2014.04.04 15:09:18.057,1.50317,1.50335,1.38,1.69
2014.04.04 15:09:18.109,1.50323,1.50335,1.00,1.25
2014.04.04 15:09:18.210,1.50319,1.50336,1.88,1.00
2014.04.04 15:09:18.311,1.5032,1.50339,1.88,1.00
2014.04.04 15:09:18.362,1.5032,1.50339,1.88,1.00
2014.04.04 15:09:18.463,1.50319,1.50337,1.25,1.00
2014.04.04 15:09:18.717,1.50317,1.50337,1.32,2.25
2014.04.04 15:09:19.349,1.50317,1.50337,1.32,1.00
2014.04.04 15:09:19.547,1.50317,1.50335,1.19,1.50
2014.04.04 15:09:19.893,1.50316,1.50333,1.00,1.25
2014.04.04 15:09:21.194,1.50315,1.50334,1.00,1.19
2014.04.04 15:09:21.706,1.50315,1.50334,1.00,1.25
2014.04.04 15:09:22.764,1.50316,1.50336,1.00,2.44
2014.04.04 15:09:23.348,1.50318,1.50338,1.00,2.82
2014.04.04 15:09:23.652,1.50324,1.50341,1.00,1.32
2014.04.04 15:09:23.702,1.50324,1.50341,1.00,1.13
2014.04.04 15:09:24.480,1.50324,1.50339,1.00,1.00
2014.04.04 15:09:24.581,1.50321,1.50339,1.00,1.63
2014.04.04 15:09:24.683,1.50319,1.50339,1.25,4.32
2014.04.04 15:09:25.379,1.50319,1.50339,1.00,5.07
2014.04.04 15:09:25.430,1.50317,1.50335,1.50,1.00
2014.04.04 15:09:26.000,1.50316,1.50335,1.50,1.00
2014.04.04 15:09:28.174,1.50315,1.50335,1.00,2.25
2014.04.04 15:09:29.211,1.50315,1.50334,1.00,1.50
2014.04.04 15:09:29.313,1.50314,1.50334,1.50,1.69
2014.04.04 15:09:29.821,1.50312,1.50332,1.25,2.07
2014.04.04 15:09:30.896,1.50312,1.5033,1.25,1.00
2014.04.04 15:09:31.048,1.50312,1.5033,1.00,2.07
2014.04.04 15:09:31.567,1.50311,1.5033,2.25,1.32
2014.04.04 15:09:32.625,1.50311,1.50333,3.00,3.57
2014.04.04 15:09:33.579,1.50312,1.50333,1.00,3.57
2014.04.04 15:09:35.027,1.50313,1.50333,1.00,2.82
2014.04.04 15:09:35.552,1.50314,1.50333,1.00,1.32
2014.04.04 15:09:35.856,1.50316,1.50334,1.00,1.57
2014.04.04 15:09:36.210,1.50314,1.50335,1.19,2.07
2014.04.04 15:09:36.311,1.50314,1.50332,1.19,1.00
2014.04.04 15:09:37.702,1.50314,1.5033,1.19,1.00
2014.04.04 15:09:37.755,1.50312,1.50329,1.00,1.00
2014.04.04 15:09:38.370,1.50312,1.5033,1.00,1.00
2014.04.04 15:09:38.905,1.50312,1.5033,1.19,1.13
2014.04.04 15:09:42.003,1.5031,1.5033,3.94,2.63
2014.04.04 15:09:42.053,1.5031,1.5033,3.19,2.82
2014.04.04 15:09:42.844,1.50316,1.5033,1.00,2.82
2014.04.04 15:09:42.945,1.50316,1.5033,1.00,2.63
2014.04.04 15:09:43.451,1.50315,1.5033,1.00,1.38
2014.04.04 15:09:43.603,1.50319,1.50332,1.00,1.13
2014.04.04 15:09:44.115,1.5032,1.50333,1.00,1.38
2014.04.04 15:09:44.267,1.50319,1.50334,1.00,1.00
2014.04.04 15:09:44.696,1.50322,1.50335,1.00,1.13
2014.04.04 15:09:45.201,1.50324,1.50335,1.00,1.00
2014.04.04 15:09:46.102,1.50324,1.50341,1.00,3.38
2014.04.04 15:09:46.655,1.50324,1.50341,1.00,3.38
2014.04.04 15:09:49.131,1.50324,1.50339,1.00,1.00
2014.04.04 15:09:49.183,1.5032,1.50339,1.19,1.38
2014.04.04 15:09:49.335,1.50321,1.50336,1.00,1.00
2014.04.04 15:09:49.487,1.50318,1.50336,3.19,1.00
2014.04.04 15:09:50.021,1.50318,1.50336,1.69,2.63
2014.04.04 15:09:52.000,1.50323,1.50336,1.00,1.50
2014.04.04 15:09:52.202,1.50323,1.50339,1.00,1.00
2014.04.04 15:09:52.711,1.50323,1.5034,1.00,1.00
2014.04.04 15:09:54.327,1.50323,1.50338,1.00,1.00
2014.04.04 15:09:54.701,1.50323,1.50334,1.00,1.00
2014.04.04 15:09:55.389,1.5032,1.50334,1.00,1.50
2014.04.04 15:09:55.592,1.50319,1.50329,1.00,1.00
2014.04.04 15:09:57.268,1.50318,1.50329,1.00,1.00
2014.04.04 15:09:57.572,1.50321,1.50329,1.00,1.00
2014.04.04 15:09:57.623,1.50321,1.50332,1.00,1.00
2014.04.04 15:09:57.724,1.50319,1.50332,1.00,1.00
2014.04.04 15:09:58.551,1.50324,1.50332,1.13,1.00
2014.04.04 15:09:58.659,1.50332,1.50343,1.38,1.50
2014.04.04 15:09:58.709,1.50337,1.50343,1.00,1.00
2014.04.04 15:09:58.811,1.50337,1.50346,1.00,1.60
2014.04.04 15:09:59.013,1.5034,1.50346,1.00,1.60
2014.04.04 15:09:59.317,1.50345,1.50351,1.25,1.00
2014.04.04 15:09:59.418,1.5035,1.50361,1.00,2.18
2014.04.04 15:09:59.469,1.50348,1.50361,1.19,2.18
2014.04.04 15:09:59.570,1.50349,1.50361,1.19,1.43
2014.04.04 15:09:59.621,1.50349,1.50364,1.19,1.00
2014.04.04 15:10:00.115,1.50348,1.50364,1.00,1.00
2014.04.04 15:10:00.660,1.50348,1.50366,1.00,1.00
2014.04.04 15:10:02.383,1.50349,1.50366,1.00,1.00
2014.04.04 15:10:02.443,1.50353,1.50369,1.00,1.50
2014.04.04 15:10:02.951,1.50353,1.5037,1.00,1.50
2014.04.04 15:10:03.255,1.50353,1.50366,1.00,1.00
2014.04.04 15:10:03.867,1.50353,1.50364,1.00,1.00
2014.04.04 15:10:04.901,1.50353,1.50365,1.00,1.00
2014.04.04 15:10:05.033,1.50353,1.50367,1.00,1.00
2014.04.04 15:10:05.496,1.50353,1.50364,1.00,1.00
2014.04.04 15:10:07.174,1.50354,1.50369,1.00,1.50
2014.04.04 15:10:08.247,1.5035,1.50369,2.82,1.50
2014.04.04 15:10:08.449,1.5035,1.50365,1.19,1.00
2014.04.04 15:10:08.500,1.50349,1.50365,1.69,1.00
2014.04.04 15:10:08.888,1.50347,1.50363,1.19,1.00
2014.04.04 15:10:09.192,1.50342,1.50357,1.47,1.00
2014.04.04 15:10:10.081,1.50335,1.50355,1.00,1.38
2014.04.04 15:10:10.738,1.50335,1.50355,1.19,1.13
2014.04.04 15:10:11.114,1.50334,1.50353,1.69,1.50
2014.04.04 15:10:11.266,1.50331,1.50352,3.19,1.50
2014.04.04 15:10:11.644,1.50334,1.50351,1.57,1.00
2014.04.04 15:10:12.213,1.50335,1.50351,1.25,1.00
2014.04.04 15:10:12.718,1.50334,1.50351,1.25,1.00
2014.04.04 15:10:14.739,1.50333,1.50351,1.00,1.00
2014.04.04 15:10:15.152,1.5033,1.50347,1.69,1.00
2014.04.04 15:10:15.536,1.50328,1.50345,1.00,1.00
2014.04.04 15:10:15.639,1.50326,1.50345,2.25,1.00
2014.04.04 15:10:15.741,1.50325,1.50343,1.63,1.00
2014.04.04 15:10:16.266,1.50325,1.50343,1.00,1.00
2014.04.04 15:10:16.796,1.50325,1.50342,1.00,1.00
2014.04.04 15:10:17.100,1.50323,1.50338,1.00,1.00
2014.04.04 15:10:17.151,1.50323,1.50342,1.00,1.25
2014.04.04 15:10:17.762,1.50325,1.50342,1.00,1.25
2014.04.04 15:10:17.823,1.50326,1.50345,1.50,1.25
2014.04.04 15:10:18.124,1.50326,1.50345,1.88,1.25
2014.04.04 15:10:18.276,1.50328,1.50349,1.13,1.69
2014.04.04 15:10:18.327,1.50328,1.50349,1.00,2.82
2014.04.04 15:10:18.664,1.50327,1.50343,1.00,1.13
2014.04.04 15:10:18.765,1.50324,1.50343,1.00,1.32
2014.04.04 15:10:18.816,1.50322,1.50341,1.25,1.00
2014.04.04 15:10:19.888,1.50324,1.50341,1.25,2.25
2014.04.04 15:10:20.426,1.50322,1.50341,1.19,3.00
2014.04.04 15:10:23.213,1.50325,1.50341,1.00,1.00
2014.04.04 15:10:23.365,1.50323,1.50343,1.50,1.38
2014.04.04 15:10:23.585,1.50321,1.50341,2.44,1.25
2014.04.04 15:10:24.134,1.50321,1.50341,1.19,1.50
2014.04.04 15:10:24.287,1.50327,1.50342,1.25,1.00
2014.04.04 15:10:24.591,1.50332,1.50351,1.19,1.88
2014.04.04 15:10:24.642,1.50332,1.50351,1.19,1.88
2014.04.04 15:10:25.181,1.50332,1.50351,1.19,1.50
2014.04.04 15:10:26.276,1.50332,1.50349,1.19,1.00
2014.04.04 15:10:26.579,1.50334,1.50347,1.50,1.00
2014.04.04 15:10:27.113,1.50333,1.50347,1.00,1.00
2014.04.04 15:10:27.813,1.50333,1.50345,1.00,1.00
2014.04.04 15:10:28.912,1.5033,1.50345,1.69,1.00
2014.04.04 15:10:29.165,1.5033,1.50347,1.69,1.00
2014.04.04 15:10:29.482,1.5033,1.50344,3.19,1.00
2014.04.04 15:10:32.131,1.5033,1.50342,1.69,1.00
2014.04.04 15:10:32.336,1.5033,1.50344,1.69,1.00
2014.04.04 15:10:32.534,1.5033,1.50342,1.69,1.00
2014.04.04 15:10:33.040,1.5033,1.50341,1.69,1.00
2014.04.04 15:10:33.416,1.5033,1.50343,1.69,1.00
2014.04.04 15:10:35.530,1.5033,1.50345,1.69,1.00
2014.04.04 15:10:35.634,1.5033,1.50347,1.69,1.00
2014.04.04 15:10:39.690,1.5033,1.50348,2.44,1.50
2014.04.04 15:10:40.623,1.50333,1.50348,1.00,1.00
2014.04.04 15:10:40.991,1.5033,1.50346,1.19,1.00
2014.04.04 15:10:41.048,1.5033,1.50346,1.25,1.00
2014.04.04 15:10:41.353,1.50331,1.50349,1.19,2.25
2014.04.04 15:10:41.917,1.50333,1.5035,1.25,1.00
2014.04.04 15:10:42.120,1.50334,1.50354,1.69,1.00
2014.04.04 15:10:42.221,1.50337,1.50354,1.00,1.00
2014.04.04 15:10:42.778,1.50337,1.50355,1.00,2.25
2014.04.04 15:10:43.665,1.50337,1.50353,1.00,1.00
2014.04.04 15:10:44.250,1.50338,1.50353,1.00,1.00
2014.04.04 15:10:44.557,1.50338,1.5035,1.00,1.00
2014.04.04 15:10:44.709,1.50332,1.50348,1.19,1.00
2014.04.04 15:10:45.215,1.50332,1.50347,1.19,1.00
2014.04.04 15:10:45.722,1.50332,1.50348,1.19,1.00
2014.04.04 15:10:45.823,1.50332,1.5035,1.19,1.50
2014.04.04 15:10:46.378,1.5033,1.50348,1.19,1.00
2014.04.04 15:10:46.682,1.50335,1.50348,1.00,1.00
2014.04.04 15:10:46.733,1.50335,1.5035,1.00,1.50
2014.04.04 15:10:47.137,1.50337,1.5035,1.00,1.00
2014.04.04 15:10:48.065,1.5034,1.50354,1.25,1.00
2014.04.04 15:10:48.376,1.5034,1.50353,1.69,1.00
2014.04.04 15:10:52.321,1.50339,1.50353,1.69,1.00
2014.04.04 15:10:52.795,1.50339,1.5035,1.19,1.00
2014.04.04 15:10:53.128,1.50339,1.50348,1.19,1.00
2014.04.04 15:10:53.827,1.50335,1.50348,1.00,1.50
2014.04.04 15:10:53.878,1.50334,1.50343,1.00,1.00
2014.04.04 15:10:54.384,1.50326,1.50342,2.14,1.00
2014.04.04 15:10:54.485,1.50326,1.50342,1.69,1.00
2014.04.04 15:10:54.995,1.50327,1.50341,1.19,1.00
2014.04.04 15:10:55.313,1.50327,1.50338,1.19,1.00
2014.04.04 15:10:55.973,1.50324,1.50338,1.19,1.38
2014.04.04 15:10:56.029,1.50322,1.50338,1.25,1.38
2014.04.04 15:10:56.576,1.50321,1.50336,1.19,1.50
2014.04.04 15:10:56.757,1.50321,1.50334,1.19,1.00
2014.04.04 15:10:57.064,1.50321,1.50332,1.19,1.00
2014.04.04 15:10:59.932,1.50321,1.50334,1.19,2.25
2014.04.04 15:11:02.939,1.5032,1.50333,1.19,1.50
2014.04.04 15:11:03.257,1.50317,1.50331,1.57,1.00
2014.04.04 15:11:03.775,1.50317,1.50331,1.32,1.00
2014.04.04 15:11:05.434,1.50317,1.50331,1.32,1.00
2014.04.04 15:11:07.114,1.50317,1.50331,1.32,1.00
2014.04.04 15:11:09.307,1.50317,1.5033,1.19,1.00
2014.04.04 15:11:09.358,1.50314,1.5033,2.82,1.00
2014.04.04 15:11:09.970,1.50314,1.50329,1.19,2.25
2014.04.04 15:11:10.523,1.50314,1.50327,1.19,1.00
2014.04.04 15:11:11.353,1.50315,1.50326,1.19,1.00
2014.04.04 15:11:11.686,1.50312,1.50326,1.32,1.00
2014.04.04 15:11:13.443,1.50313,1.50326,1.19,1.00
2014.04.04 15:11:17.964,1.50311,1.50327,1.69,1.00
2014.04.04 15:11:18.469,1.50311,1.50328,1.69,1.00
2014.04.04 15:11:18.785,1.50312,1.50325,1.19,1.00
2014.04.04 15:11:19.149,1.50312,1.50328,1.19,2.25
2014.04.04 15:11:19.968,1.50313,1.50328,1.19,1.50
2014.04.04 15:11:21.420,1.50313,1.50328,1.19,1.88
2014.04.04 15:11:21.622,1.50312,1.50321,1.19,1.00
2014.04.04 15:11:21.724,1.50309,1.50321,1.25,1.00
2014.04.04 15:11:21.775,1.50308,1.50318,1.19,1.38
2014.04.04 15:11:21.825,1.50301,1.50318,1.00,1.38
2014.04.04 15:11:22.337,1.50298,1.50316,2.22,1.38
2014.04.04 15:11:22.842,1.50301,1.50317,1.19,1.88
2014.04.04 15:11:23.207,1.50301,1.50317,1.19,1.50
2014.04.04 15:11:23.722,1.50301,1.50316,1.19,1.00
2014.04.04 15:11:26.885,1.50305,1.50316,1.50,1.00
2014.04.04 15:11:27.088,1.50312,1.50327,1.00,2.48
2014.04.04 15:11:27.139,1.50309,1.5032,1.00,1.00
2014.04.04 15:11:27.189,1.50306,1.5032,1.19,1.00
2014.04.04 15:11:27.240,1.50304,1.5032,1.50,1.00
2014.04.04 15:11:27.392,1.50302,1.50318,1.32,1.00
2014.04.04 15:11:27.695,1.50301,1.50316,2.14,1.38
2014.04.04 15:11:27.847,1.503,1.50315,1.70,1.13
2014.04.04 15:11:28.386,1.50299,1.50315,1.19,1.00
2014.04.04 15:11:30.155,1.50303,1.50315,1.19,1.00
2014.04.04 15:11:30.509,1.503,1.50314,1.19,1.00
2014.04.04 15:11:30.962,1.50298,1.50315,1.19,1.13
2014.04.04 15:11:33.636,1.50296,1.50314,1.69,1.00
2014.04.04 15:11:33.698,1.503,1.50314,1.19,1.00
2014.04.04 15:11:34.124,1.50303,1.50316,2.44,1.00
2014.04.04 15:11:34.276,1.50306,1.50324,1.69,1.88
2014.04.04 15:11:34.478,1.50314,1.50327,1.00,1.50
2014.04.04 15:11:34.784,1.50322,1.50333,1.19,1.00
2014.04.04 15:11:34.887,1.50322,1.50339,1.19,2.93
2014.04.04 15:11:34.989,1.50324,1.50339,1.19,2.93
2014.04.04 15:11:35.192,1.50321,1.50337,1.69,1.50
2014.04.04 15:11:35.425,1.50321,1.50335,1.19,1.00
2014.04.04 15:11:35.476,1.50318,1.50333,1.19,1.00
2014.04.04 15:11:35.679,1.50322,1.50335,1.00,1.00
2014.04.04 15:11:35.831,1.50322,1.50338,1.25,1.00
2014.04.04 15:11:36.361,1.50321,1.50339,1.69,1.13
2014.04.04 15:11:37.168,1.50321,1.50338,1.19,1.00
2014.04.04 15:11:37.221,1.50322,1.50338,1.19,1.00
2014.04.04 15:11:40.464,1.50325,1.50338,1.00,1.00
2014.04.04 15:11:40.668,1.50333,1.50349,2.25,1.13
2014.04.04 15:11:41.217,1.50333,1.5035,1.19,2.03
2014.04.04 15:11:41.374,1.50333,1.50352,1.19,1.50
2014.04.04 15:11:41.426,1.50336,1.50352,1.19,1.00
2014.04.04 15:11:47.588,1.50336,1.50354,1.19,1.13
2014.04.04 15:11:50.245,1.50336,1.50355,1.19,1.00
2014.04.04 15:11:51.431,1.50338,1.50355,1.19,1.00
2014.04.04 15:11:52.518,1.50338,1.5035,1.19,1.00
2014.04.04 15:11:52.619,1.50338,1.50353,1.19,1.50
2014.04.04 15:11:52.670,1.50335,1.50353,1.19,1.50
2014.04.04 15:11:53.107,1.50337,1.50353,1.19,2.25
2014.04.04 15:11:53.648,1.50337,1.50352,1.19,1.00
2014.04.04 15:11:54.175,1.5034,1.50354,1.19,1.13
2014.04.04 15:11:54.582,1.5034,1.50351,1.19,1.00
2014.04.04 15:11:54.835,1.50336,1.50348,1.19,1.88
2014.04.04 15:11:55.527,1.50333,1.50348,1.19,1.88
2014.04.04 15:11:55.645,1.50331,1.50346,1.19,1.00
2014.04.04 15:11:55.696,1.50331,1.50344,1.19,1.00
2014.04.04 15:11:55.798,1.50331,1.50346,1.19,3.00
2014.04.04 15:11:55.949,1.50331,1.50342,1.19,1.00
2014.04.04 15:11:56.565,1.50331,1.50341,1.19,1.00
2014.04.04 15:11:57.756,1.50329,1.50341,1.19,1.00
2014.04.04 15:11:58.789,1.50326,1.50341,1.19,1.00
2014.04.04 15:11:59.538,1.50326,1.50342,1.19,1.00
2014.04.04 15:12:00.941,1.5033,1.50342,1.19,1.00
2014.04.04 15:12:01.043,1.5033,1.50346,1.19,1.00
2014.04.04 15:12:01.195,1.50331,1.50348,1.19,1.50
2014.04.04 15:12:01.296,1.50333,1.50348,1.19,1.50
2014.04.04 15:12:01.802,1.50333,1.50349,1.19,1.00
2014.04.04 15:12:02.307,1.50334,1.50349,1.19,1.00
2014.04.04 15:12:03.932,1.50334,1.50352,1.69,1.00
2014.04.04 15:12:04.134,1.50334,1.50349,2.44,1.00
2014.04.04 15:12:07.187,1.50342,1.50358,1.00,1.57
2014.04.04 15:12:07.239,1.50345,1.50358,1.19,1.38
2014.04.04 15:12:07.343,1.50345,1.50358,1.19,1.00
2014.04.04 15:12:07.444,1.50343,1.50358,1.19,1.00
2014.04.04 15:12:08.233,1.50343,1.5036,1.19,1.00
2014.04.04 15:12:10.355,1.50343,1.50358,1.19,1.00
2014.04.04 15:12:10.658,1.50338,1.50352,1.39,1.00
2014.04.04 15:12:11.233,1.50337,1.50351,1.19,1.00
2014.04.04 15:12:11.537,1.50335,1.50342,1.00,1.00
2014.04.04 15:12:11.588,1.5033,1.50342,1.28,1.00
2014.04.04 15:12:12.093,1.50329,1.50341,1.53,1.00
2014.04.04 15:12:12.375,1.50325,1.50341,1.69,1.00
2014.04.04 15:12:14.014,1.50327,1.50343,1.19,1.50
2014.04.04 15:12:15.596,1.50326,1.50343,1.19,1.00
2014.04.04 15:12:18.391,1.50326,1.50346,1.69,1.38
2014.04.04 15:12:18.722,1.5033,1.50346,1.38,1.00
2014.04.04 15:12:19.026,1.50336,1.50352,2.44,1.13
2014.04.04 15:12:19.127,1.50336,1.50354,1.69,1.00
2014.04.04 15:12:19.727,1.50336,1.50353,1.25,1.00
2014.04.04 15:12:21.858,1.50336,1.50353,2.44,1.50
2014.04.04 15:12:21.930,1.50341,1.50358,1.88,1.28
2014.04.04 15:12:22.032,1.50343,1.50359,1.19,1.28
2014.04.04 15:12:22.336,1.50343,1.50356,1.19,3.53
2014.04.04 15:12:22.437,1.50338,1.50355,1.57,1.53
2014.04.04 15:12:22.641,1.50338,1.50351,1.19,1.00
2014.04.04 15:12:23.177,1.50338,1.50352,1.19,1.00
2014.04.04 15:12:24.317,1.50334,1.50352,1.19,1.88
2014.04.04 15:12:24.418,1.50338,1.50349,1.19,1.00
2014.04.04 15:12:24.520,1.50338,1.50353,1.19,1.00
2014.04.04 15:12:24.722,1.50336,1.50353,1.19,1.00
2014.04.04 15:12:26.682,1.50336,1.50353,1.19,1.00
2014.04.04 15:12:27.608,1.50336,1.50354,1.19,1.50
2014.04.04 15:12:28.158,1.50336,1.50353,1.19,1.13
2014.04.04 15:12:28.259,1.50336,1.50351,1.19,1.00
2014.04.04 15:12:30.533,1.50335,1.50351,1.19,1.00
2014.04.04 15:12:31.046,1.50335,1.50352,1.19,1.00
2014.04.04 15:12:31.452,1.50335,1.50354,1.19,1.13
2014.04.04 15:12:32.126,1.50336,1.50354,1.19,1.13
2014.04.04 15:12:33.984,1.50336,1.50355,1.69,1.00
2014.04.04 15:12:35.029,1.50339,1.50349,1.25,1.00
2014.04.04 15:12:35.092,1.50333,1.50354,4.32,1.00
2014.04.04 15:12:35.295,1.50337,1.50354,1.19,1.13
2014.04.04 15:12:35.938,1.50337,1.50354,1.19,1.38
2014.04.04 15:12:36.462,1.50337,1.50354,1.19,1.50
2014.04.04 15:12:36.822,1.50337,1.50353,1.19,2.63
2014.04.04 15:12:36.873,1.50334,1.50353,1.19,2.63
2014.04.04 15:12:36.924,1.50334,1.5035,1.19,1.00
2014.04.04 15:12:37.430,1.50334,1.50351,1.19,1.00
2014.04.04 15:12:38.287,1.50332,1.50351,2.44,1.00
2014.04.04 15:12:40.059,1.50332,1.50351,2.07,1.00
2014.04.04 15:12:40.406,1.5034,1.50352,1.00,1.00
2014.04.04 15:12:40.457,1.5034,1.50355,1.00,1.19
2014.04.04 15:12:40.609,1.50339,1.50351,1.50,1.00
2014.04.04 15:12:40.761,1.50333,1.50347,1.25,1.00
2014.04.04 15:12:40.863,1.50328,1.50347,1.69,2.63
2014.04.04 15:12:40.965,1.50326,1.50345,1.69,1.00
2014.04.04 15:12:41.016,1.50326,1.50345,1.19,1.50
2014.04.04 15:12:41.383,1.50325,1.50342,1.00,1.00
2014.04.04 15:12:41.916,1.50324,1.50342,1.69,1.00
2014.04.04 15:12:42.588,1.50324,1.50343,1.25,1.00
2014.04.04 15:12:45.963,1.50326,1.50343,1.00,1.13
2014.04.04 15:12:46.492,1.50326,1.50343,1.19,1.13
2014.04.04 15:12:46.828,1.50336,1.50343,1.00,1.13
2014.04.04 15:12:47.611,1.50334,1.50343,1.00,1.13
2014.04.04 15:12:49.262,1.50324,1.50343,1.69,1.13
2014.04.04 15:12:49.923,1.50324,1.50341,1.69,1.00
2014.04.04 15:12:50.227,1.50322,1.50332,1.00,1.00
2014.04.04 15:12:50.732,1.50317,1.50334,1.19,1.00
2014.04.04 15:12:50.935,1.50321,1.50337,1.00,1.00
2014.04.04 15:12:51.239,1.50323,1.50339,1.25,1.00
2014.04.04 15:12:51.862,1.50323,1.5034,1.25,1.00
2014.04.04 15:12:53.744,1.50323,1.5034,1.19,1.50
2014.04.04 15:12:54.986,1.50323,1.5034,1.69,1.50
2014.04.04 15:12:55.088,1.50323,1.5034,1.19,1.50
2014.04.04 15:12:56.060,1.50325,1.5034,1.00,1.50
2014.04.04 15:12:56.677,1.50322,1.50337,1.19,1.00
2014.04.04 15:12:56.879,1.50317,1.50333,1.69,1.00
2014.04.04 15:13:01.958,1.50316,1.50334,1.19,1.50
2014.04.04 15:13:02.165,1.50316,1.50332,1.19,1.00
2014.04.04 15:13:02.468,1.50314,1.5033,1.19,1.50
2014.04.04 15:13:02.519,1.50312,1.5033,1.69,1.88
2014.04.04 15:13:02.621,1.50311,1.50323,1.69,1.00
2014.04.04 15:13:02.925,1.5031,1.50321,1.00,1.00
2014.04.04 15:13:02.976,1.50307,1.50321,1.13,1.00
2014.04.04 15:13:03.481,1.5031,1.50323,1.00,1.00
2014.04.04 15:13:03.634,1.50311,1.50325,1.00,1.00
2014.04.04 15:13:03.938,1.50314,1.50326,1.13,1.00
2014.04.04 15:13:04.241,1.50317,1.50328,1.00,1.00
2014.04.04 15:13:04.292,1.50312,1.50328,1.69,1.00
2014.04.04 15:13:04.495,1.50315,1.50327,1.00,1.00
2014.04.04 15:13:04.596,1.50315,1.50332,1.25,3.00
2014.04.04 15:13:04.697,1.50315,1.5033,1.69,1.00
2014.04.04 15:13:05.246,1.50318,1.5033,1.00,1.00
2014.04.04 15:13:06.088,1.50319,1.50333,1.00,1.00
2014.04.04 15:13:06.149,1.50317,1.50329,1.50,1.00
2014.04.04 15:13:08.841,1.50317,1.50328,1.50,1.00
2014.04.04 15:13:09.866,1.50317,1.50333,1.50,1.00
2014.04.04 15:13:15.184,1.50319,1.50333,1.00,1.00
2014.04.04 15:13:15.535,1.50322,1.50333,1.00,1.00
2014.04.04 15:13:15.840,1.50327,1.50336,1.00,1.00
2014.04.04 15:13:16.144,1.5033,1.50338,1.00,1.00
2014.04.04 15:13:16.346,1.5033,1.5034,1.00,1.00
2014.04.04 15:13:16.448,1.5033,1.50344,1.00,1.00
2014.04.04 15:13:16.973,1.50331,1.50344,1.00,1.00
2014.04.04 15:13:19.106,1.50331,1.50342,1.00,1.00
2014.04.04 15:13:20.359,1.5033,1.50342,1.00,1.00
2014.04.04 15:13:20.875,1.50329,1.50342,1.00,1.00
2014.04.04 15:13:22.373,1.50329,1.50345,1.00,1.00
2014.04.04 15:13:24.002,1.50329,1.50345,1.00,1.38
2014.04.04 15:13:24.104,1.50329,1.50343,1.00,1.63
2014.04.04 15:13:24.207,1.50323,1.5034,1.25,1.00
2014.04.04 15:13:24.459,1.50324,1.50342,1.50,2.25
2014.04.04 15:13:24.822,1.50324,1.5034,1.00,1.00
2014.04.04 15:13:25.166,1.50324,1.50338,1.00,1.00
2014.04.04 15:13:26.846,1.50322,1.50338,1.25,1.50
2014.04.04 15:13:32.412,1.50322,1.50334,1.25,1.00
2014.04.04 15:13:34.656,1.50327,1.50338,1.00,1.50
2014.04.04 15:13:35.162,1.50328,1.50338,1.00,1.00
2014.04.04 15:13:35.948,1.50327,1.50334,1.50,1.00
2014.04.04 15:13:36.723,1.50322,1.50334,1.50,1.00
2014.04.04 15:13:36.928,1.50322,1.50331,1.50,1.00
2014.04.04 15:13:37.395,1.50319,1.50331,1.50,1.00
2014.04.04 15:13:37.447,1.50319,1.50325,1.00,1.00
2014.04.04 15:13:37.650,1.50316,1.50324,1.00,1.00
2014.04.04 15:13:37.903,1.50311,1.50324,1.50,1.00
2014.04.04 15:13:43.317,1.50311,1.50322,1.00,1.00
2014.04.04 15:13:44.244,1.5031,1.50322,1.00,1.00
2014.04.04 15:13:44.881,1.50309,1.50322,1.88,1.00
2014.04.04 15:13:46.860,1.50309,1.50323,1.50,1.00
2014.04.04 15:13:49.737,1.50309,1.50321,1.50,1.00
2014.04.04 15:13:50.043,1.50306,1.50321,1.50,1.00
2014.04.04 15:13:50.094,1.50306,1.50313,1.00,1.00
2014.04.04 15:13:50.145,1.50303,1.50313,1.50,1.00
2014.04.04 15:13:50.247,1.50301,1.50314,1.50,1.00
2014.04.04 15:13:53.350,1.50301,1.50316,1.00,1.00
2014.04.04 15:13:54.126,1.50301,1.5031,1.00,1.00
2014.04.04 15:13:54.278,1.50299,1.5031,1.00,1.00
2014.04.04 15:13:54.582,1.50296,1.50309,1.00,1.00
2014.04.04 15:13:54.785,1.50296,1.50303,1.00,1.00
2014.04.04 15:13:54.886,1.50293,1.50303,1.50,1.00
2014.04.04 15:13:55.139,1.50293,1.503,1.50,1.00
2014.04.04 15:13:55.633,1.5029,1.503,1.88,1.00
2014.04.04 15:13:56.138,1.50291,1.503,1.13,1.00
2014.04.04 15:13:56.759,1.50291,1.50301,1.13,1.00
2014.04.04 15:13:57.112,1.50291,1.50305,1.13,1.00
2014.04.04 15:13:57.213,1.50296,1.50305,1.00,1.00
2014.04.04 15:13:57.314,1.50294,1.50308,1.00,1.00
2014.04.04 15:13:58.242,1.50294,1.50301,1.00,1.00
2014.04.04 15:13:58.293,1.5029,1.50301,2.25,1.00
2014.04.04 15:13:58.647,1.50291,1.50299,1.00,1.00
2014.04.04 15:13:58.749,1.50291,1.50301,1.00,1.00
2014.04.04 15:13:58.952,1.50288,1.50301,1.00,1.00
2014.04.04 15:13:59.074,1.50286,1.50301,1.00,1.00
2014.04.04 15:13:59.175,1.50288,1.50301,1.00,1.00
2014.04.04 15:13:59.482,1.50288,1.50298,1.00,1.00
2014.04.04 15:13:59.946,1.50285,1.50299,1.00,1.00
2014.04.04 15:13:59.997,1.50285,1.50291,1.00,1.00
2014.04.04 15:14:00.351,1.50282,1.50291,1.00,1.00
2014.04.04 15:14:00.604,1.5028,1.50292,2.25,1.00
2014.04.04 15:14:00.756,1.5028,1.50285,1.00,1.00
2014.04.04 15:14:00.857,1.50277,1.50285,1.00,1.00
2014.04.04 15:14:01.060,1.50274,1.50285,1.00,1.00
2014.04.04 15:14:01.514,1.50272,1.50285,1.00,1.13
2014.04.04 15:14:01.666,1.50269,1.50285,1.00,1.00
2014.04.04 15:14:02.447,1.50276,1.50291,1.00,1.50
2014.04.04 15:14:02.610,1.50274,1.50293,1.25,2.25
2014.04.04 15:14:02.661,1.50274,1.50293,2.25,1.69
2014.04.04 15:14:02.964,1.50277,1.50293,1.00,1.00
2014.04.04 15:14:03.267,1.50272,1.50286,1.50,1.00
2014.04.04 15:14:03.773,1.50273,1.50287,1.00,1.00
2014.04.04 15:14:03.925,1.50274,1.50293,1.43,1.19
2014.04.04 15:14:03.976,1.50274,1.50293,1.62,1.00
2014.04.04 15:14:04.230,1.50274,1.50294,1.53,1.00
2014.04.04 15:14:04.332,1.50274,1.50294,1.62,1.00
2014.04.04 15:14:04.921,1.50275,1.50294,1.50,1.00
2014.04.04 15:14:05.381,1.50275,1.50289,1.00,1.00
2014.04.04 15:14:05.483,1.50273,1.50289,1.00,1.00
2014.04.04 15:14:05.585,1.50271,1.50289,2.44,1.00
2014.04.04 15:14:06.334,1.50271,1.50291,2.44,1.88
2014.04.04 15:14:08.909,1.50271,1.50289,2.44,1.00
2014.04.04 15:14:09.665,1.50271,1.50287,2.25,1.00
2014.04.04 15:14:10.175,1.50271,1.50287,1.88,1.00
2014.04.04 15:14:10.680,1.50271,1.50287,1.13,1.00
2014.04.04 15:14:10.992,1.50272,1.50285,1.00,1.00
2014.04.04 15:14:11.195,1.5027,1.50285,3.38,1.00
2014.04.04 15:14:15.895,1.50263,1.50279,1.00,1.00
2014.04.04 15:14:15.951,1.50263,1.50277,1.00,1.00
2014.04.04 15:14:16.470,1.50261,1.50277,1.50,1.00
2014.04.04 15:14:16.996,1.50261,1.50278,1.50,1.00
2014.04.04 15:14:17.047,1.50261,1.50276,1.50,1.00
2014.04.04 15:14:17.350,1.50263,1.50276,1.00,1.00
2014.04.04 15:14:17.901,1.50263,1.50277,1.00,1.25
2014.04.04 15:14:20.440,1.50263,1.50273,1.00,1.00
2014.04.04 15:14:20.542,1.50261,1.50273,1.00,1.00
2014.04.04 15:14:20.745,1.50265,1.50273,1.00,1.00
2014.04.04 15:14:20.797,1.50267,1.50276,1.00,1.00
2014.04.04 15:14:20.898,1.50268,1.5028,1.00,1.50
2014.04.04 15:14:21.051,1.5027,1.5028,1.00,1.00
2014.04.04 15:14:21.152,1.50268,1.5028,1.00,1.00
2014.04.04 15:14:21.820,1.50269,1.50281,1.00,1.00
2014.04.04 15:14:21.871,1.50272,1.50285,1.00,1.00
2014.04.04 15:14:21.972,1.50272,1.50287,1.00,1.00
2014.04.04 15:14:24.443,1.50278,1.5029,1.00,1.13
2014.04.04 15:14:24.610,1.50278,1.50293,1.00,1.00
2014.04.04 15:14:24.863,1.50278,1.50287,1.00,1.00
2014.04.04 15:14:25.066,1.50274,1.50288,2.25,1.00
2014.04.04 15:14:26.932,1.50272,1.50286,1.00,1.00
2014.04.04 15:14:27.706,1.50272,1.50285,1.00,1.00
2014.04.04 15:14:27.757,1.5027,1.50285,1.25,1.00
2014.04.04 15:14:28.061,1.5027,1.50281,1.00,1.00
2014.04.04 15:14:28.162,1.50267,1.50281,1.50,1.00
2014.04.04 15:14:28.691,1.50268,1.50281,1.00,1.00
2014.04.04 15:14:31.641,1.50266,1.50276,1.00,1.00
2014.04.04 15:14:32.316,1.50266,1.50281,1.50,1.25
2014.04.04 15:14:34.271,1.50268,1.50281,1.00,1.00
2014.04.04 15:14:34.322,1.50268,1.50284,1.00,1.25
2014.04.04 15:14:34.373,1.50271,1.50285,1.00,1.00
2014.04.04 15:14:34.677,1.50273,1.50287,1.50,1.00
2014.04.04 15:14:34.981,1.50273,1.50284,1.00,1.00
2014.04.04 15:14:36.001,1.50271,1.50284,1.00,1.00
2014.04.04 15:14:37.922,1.50271,1.50288,1.00,1.32
2014.04.04 15:14:37.973,1.50271,1.50288,1.00,1.32
2014.04.04 15:14:38.230,1.50274,1.5029,1.00,2.07
2014.04.04 15:14:38.281,1.50274,1.5029,1.00,1.00
2014.04.04 15:14:38.382,1.50276,1.50291,1.00,1.25
2014.04.04 15:14:38.791,1.50278,1.50284,1.00,1.00
2014.04.04 15:14:38.994,1.50275,1.50284,1.00,1.00
2014.04.04 15:14:39.247,1.50272,1.50284,1.50,1.00
2014.04.04 15:14:39.623,1.50272,1.50284,2.70,1.00
2014.04.04 15:14:40.731,1.50272,1.50284,1.35,1.00
2014.04.04 15:14:41.241,1.50272,1.50285,1.95,1.00
2014.04.04 15:14:42.910,1.50276,1.50285,1.00,1.00
2014.04.04 15:14:43.113,1.50274,1.50289,1.00,1.00
2014.04.04 15:14:43.266,1.50276,1.50291,1.00,1.19
2014.04.04 15:14:43.671,1.50277,1.50293,1.50,1.00
2014.04.04 15:14:43.723,1.5028,1.50293,1.00,1.00
2014.04.04 15:14:47.159,1.50279,1.50293,1.00,1.69
2014.04.04 15:14:47.510,1.50277,1.5029,1.50,1.00
2014.04.04 15:14:48.257,1.50277,1.50291,2.78,1.00
2014.04.04 15:14:48.561,1.5028,1.50291,1.00,1.00
2014.04.04 15:14:50.669,1.5028,1.50293,1.00,1.00
2014.04.04 15:14:51.310,1.50282,1.50293,1.00,1.00
2014.04.04 15:14:57.497,1.50282,1.50295,1.00,1.00
2014.04.04 15:14:59.186,1.50282,1.50294,1.00,1.00
2014.04.04 15:14:59.578,1.50282,1.50292,1.00,1.00
2014.04.04 15:15:00.034,1.50282,1.50289,1.00,1.00
2014.04.04 15:15:00.343,1.50277,1.50285,1.00,1.00
2014.04.04 15:15:02.472,1.50276,1.50283,1.00,1.00
2014.04.04 15:15:02.535,1.50264,1.50281,1.00,1.25
2014.04.04 15:15:03.982,1.50263,1.50281,1.00,1.25
2014.04.04 15:15:04.508,1.50262,1.50281,1.00,1.25
2014.04.04 15:15:05.342,1.50262,1.50281,1.00,1.19
2014.04.04 15:15:05.887,1.50262,1.50281,1.00,1.25
2014.04.04 15:15:11.039,1.5026,1.5028,1.69,2.63
2014.04.04 15:15:17.717,1.5026,1.50277,1.00,1.00
2014.04.04 15:15:23.806,1.50258,1.50277,1.50,1.50
2014.04.04 15:15:28.395,1.5026,1.50277,1.00,1.50
2014.04.04 15:15:28.830,1.50258,1.50277,2.25,1.50
2014.04.04 15:15:30.756,1.5026,1.50277,1.00,1.50
2014.04.04 15:15:32.934,1.50261,1.50279,1.00,1.32
2014.04.04 15:15:33.237,1.50268,1.50277,1.00,1.00
2014.04.04 15:15:34.146,1.50258,1.50277,1.50,2.25
2014.04.04 15:15:34.440,1.5026,1.50277,1.00,2.25
2014.04.04 15:15:34.992,1.5026,1.50278,1.00,1.00
2014.04.04 15:15:35.295,1.50263,1.50279,1.00,1.00
2014.04.04 15:15:35.346,1.50264,1.50282,1.00,2.44
2014.04.04 15:15:37.613,1.50268,1.50282,1.00,2.25
2014.04.04 15:15:37.918,1.50268,1.50285,1.00,1.00
2014.04.04 15:15:38.121,1.50268,1.50287,1.00,1.69
2014.04.04 15:15:38.894,1.50268,1.50288,1.69,1.50
2014.04.04 15:15:41.621,1.50268,1.50284,1.00,1.13
2014.04.04 15:15:41.672,1.50265,1.50284,1.80,1.13
2014.04.04 15:15:41.774,1.50265,1.50282,1.00,1.50
2014.04.04 15:15:41.876,1.50263,1.50282,3.00,1.88
2014.04.04 15:15:42.097,1.50263,1.5028,1.50,1.00
2014.04.04 15:15:43.352,1.50267,1.5028,1.00,1.00
2014.04.04 15:15:43.504,1.50271,1.50288,1.50,1.00
2014.04.04 15:15:43.605,1.50271,1.5029,1.00,1.00
2014.04.04 15:15:43.707,1.50274,1.5029,1.00,1.00
2014.04.04 15:15:44.215,1.50273,1.50293,1.50,1.69
2014.04.04 15:15:44.581,1.50273,1.50289,1.00,1.00
2014.04.04 15:15:45.120,1.50273,1.50288,1.00,1.00
2014.04.04 15:15:49.008,1.50264,1.50279,1.00,1.00
2014.04.04 15:15:49.062,1.50264,1.50282,1.00,1.00
2014.04.04 15:15:50.882,1.5027,1.50282,1.00,1.00
2014.04.04 15:15:51.236,1.50271,1.5029,1.50,2.25
2014.04.04 15:15:51.855,1.50272,1.5029,1.00,2.25
2014.04.04 15:15:51.906,1.50274,1.5029,1.00,2.25
2014.04.04 15:15:54.427,1.50275,1.5029,1.00,1.00
2014.04.04 15:15:56.533,1.50275,1.50288,1.00,1.00
2014.04.04 15:15:57.349,1.50273,1.50289,1.00,1.50
2014.04.04 15:16:00.528,1.50274,1.50289,1.00,1.00
2014.04.04 15:16:00.679,1.50274,1.50294,1.38,1.00
2014.04.04 15:16:00.932,1.50277,1.50294,1.00,1.00
2014.04.04 15:16:04.006,1.50278,1.50294,1.00,1.00
2014.04.04 15:16:04.067,1.50278,1.50297,1.00,3.57
2014.04.04 15:16:04.573,1.50279,1.50297,1.00,2.82
2014.04.04 15:16:05.739,1.50279,1.50297,1.00,2.82
2014.04.04 15:16:07.115,1.50279,1.50297,1.00,2.44
2014.04.04 15:16:08.371,1.50279,1.50296,1.00,1.00
2014.04.04 15:16:10.832,1.50277,1.50296,1.00,1.50
2014.04.04 15:16:18.814,1.50282,1.50298,1.00,1.00
2014.04.04 15:16:21.654,1.50282,1.50295,1.00,1.00
2014.04.04 15:16:22.466,1.50282,1.50298,1.00,1.00
2014.04.04 15:16:22.672,1.50277,1.50297,1.69,1.13
2014.04.04 15:16:22.773,1.50277,1.50295,1.50,1.00
2014.04.04 15:16:23.430,1.50277,1.50295,2.25,1.63
2014.04.04 15:16:23.632,1.50273,1.50288,1.00,1.32
2014.04.04 15:16:23.784,1.5027,1.50288,1.00,2.07
2014.04.04 15:16:23.835,1.50272,1.50288,1.00,2.07
2014.04.04 15:16:24.341,1.50271,1.50288,1.00,2.07
2014.04.04 15:16:25.900,1.5027,1.50288,1.00,2.07
2014.04.04 15:16:27.298,1.5027,1.50285,1.00,1.50
2014.04.04 15:16:27.732,1.5027,1.50279,1.00,1.00
2014.04.04 15:16:27.783,1.50266,1.50279,1.00,1.00
2014.04.04 15:16:27.834,1.50264,1.50277,1.19,1.00
2014.04.04 15:16:28.138,1.50262,1.50272,1.53,1.00
2014.04.04 15:16:28.189,1.50262,1.50274,1.53,1.00
2014.04.04 15:16:28.392,1.50258,1.50272,1.53,1.00
2014.04.04 15:16:28.494,1.50258,1.50272,1.00,1.00
2014.04.04 15:16:34.305,1.50262,1.50276,1.00,1.25
2014.04.04 15:16:34.413,1.50259,1.50276,1.00,1.25
2014.04.04 15:16:34.665,1.50258,1.50274,1.00,1.00
2014.04.04 15:16:35.202,1.50257,1.50274,1.00,1.00
2014.04.04 15:16:35.520,1.50259,1.50274,1.00,1.00
2014.04.04 15:16:36.622,1.50259,1.50274,1.00,1.38
2014.04.04 15:16:36.774,1.50257,1.50272,1.00,1.00
2014.04.04 15:16:36.977,1.50251,1.50268,1.50,1.00
2014.04.04 15:16:37.331,1.50253,1.50268,1.00,1.13
2014.04.04 15:16:37.635,1.50255,1.50269,1.00,1.00
2014.04.04 15:16:38.149,1.50255,1.5027,1.38,1.50
2014.04.04 15:16:38.452,1.50259,1.50272,1.00,1.00
2014.04.04 15:16:39.074,1.5026,1.50272,1.00,1.00
2014.04.04 15:16:39.378,1.50268,1.50273,1.00,1.00
2014.04.04 15:16:39.706,1.50266,1.50281,1.00,1.00
2014.04.04 15:16:39.813,1.50268,1.50281,1.00,1.00
2014.04.04 15:16:40.117,1.50272,1.50283,1.00,1.00
2014.04.04 15:16:40.168,1.50273,1.50286,1.00,1.00
2014.04.04 15:16:40.830,1.50273,1.50287,1.00,1.00
2014.04.04 15:16:42.712,1.50273,1.50289,1.00,1.00
2014.04.04 15:16:42.813,1.50281,1.5029,1.00,1.00
2014.04.04 15:16:43.218,1.50281,1.50293,1.00,1.00
2014.04.04 15:16:43.523,1.50274,1.50292,1.50,1.50
2014.04.04 15:16:43.577,1.50276,1.50292,1.00,1.50
2014.04.04 15:16:43.880,1.50279,1.50292,1.00,1.00
2014.04.04 15:16:46.288,1.50282,1.50292,1.00,1.00
2014.04.04 15:16:46.338,1.50282,1.50296,1.00,1.50
2014.04.04 15:16:46.591,1.50282,1.50297,1.00,1.00
2014.04.04 15:16:48.823,1.50279,1.50293,1.00,1.00
2014.04.04 15:16:50.031,1.50276,1.50293,1.00,1.88
2014.04.04 15:16:50.233,1.50278,1.50293,1.00,1.00
2014.04.04 15:16:50.486,1.50276,1.50293,1.00,1.00
2014.04.04 15:16:51.488,1.50276,1.50292,1.00,1.00
2014.04.04 15:16:53.009,1.50277,1.50292,1.50,1.00
2014.04.04 15:16:55.173,1.50279,1.50294,1.50,2.44
2014.04.04 15:17:04.273,1.50279,1.50296,1.00,1.69
2014.04.04 15:17:07.729,1.50283,1.50296,1.00,1.50
2014.04.04 15:17:07.931,1.50286,1.50301,1.00,1.00
2014.04.04 15:17:08.657,1.50286,1.50304,1.00,1.69
2014.04.04 15:17:09.257,1.50283,1.50304,1.50,2.82
2014.04.04 15:17:09.510,1.50282,1.50296,1.50,1.00
2014.04.04 15:17:10.129,1.5028,1.50296,1.00,2.44
2014.04.04 15:17:10.189,1.50278,1.50294,1.00,1.00
2014.04.04 15:17:10.290,1.50275,1.50294,1.00,1.50
2014.04.04 15:17:10.602,1.50277,1.50294,1.00,1.00
2014.04.04 15:17:10.906,1.50283,1.50297,1.00,1.00
2014.04.04 15:17:11.237,1.50285,1.50297,1.00,1.00
2014.04.04 15:17:11.743,1.50284,1.50297,1.00,1.00
2014.04.04 15:17:12.807,1.50284,1.503,1.00,2.07
2014.04.04 15:17:14.878,1.50284,1.503,1.00,3.19
2014.04.04 15:17:16.915,1.5028,1.5029,1.00,1.19
2014.04.04 15:17:16.969,1.50274,1.50286,1.50,1.00
2014.04.04 15:17:17.074,1.50271,1.50286,1.00,1.38
2014.04.04 15:17:17.276,1.50266,1.50281,1.00,2.82
2014.04.04 15:17:17.327,1.50265,1.50281,1.50,2.82
2014.04.04 15:17:17.657,1.50263,1.50281,1.00,2.44
2014.04.04 15:17:18.192,1.50263,1.50279,1.00,1.94
2014.04.04 15:17:18.655,1.50268,1.50279,1.00,1.69
2014.04.04 15:17:18.908,1.50273,1.50286,1.00,1.32
2014.04.04 15:17:19.653,1.50274,1.50287,1.00,1.25
2014.04.04 15:17:19.958,1.50274,1.50285,1.00,1.00
2014.04.04 15:17:20.012,1.50271,1.50285,1.50,1.00
2014.04.04 15:17:20.379,1.50268,1.50285,1.50,1.13
2014.04.04 15:17:22.483,1.50272,1.50285,1.00,1.00
2014.04.04 15:17:24.258,1.50271,1.50285,1.00,1.00
2014.04.04 15:17:25.017,1.50268,1.50284,1.50,1.00
2014.04.04 15:17:25.809,1.50268,1.50285,1.50,1.00
2014.04.04 15:17:25.910,1.50271,1.50285,1.00,1.00
2014.04.04 15:17:26.467,1.50272,1.50285,1.00,1.00
2014.04.04 15:17:26.978,1.5027,1.50285,1.50,1.00
2014.04.04 15:17:27.131,1.50272,1.50285,1.00,1.00
2014.04.04 15:17:27.438,1.50275,1.50285,1.00,1.00
2014.04.04 15:17:27.488,1.50275,1.50288,1.00,1.00
2014.04.04 15:17:27.539,1.50273,1.50288,1.00,1.00
2014.04.04 15:17:27.640,1.50273,1.5029,1.00,1.88
2014.04.04 15:17:27.691,1.50273,1.5029,1.00,1.88
2014.04.04 15:17:28.036,1.50275,1.5029,1.00,1.88
2014.04.04 15:17:28.576,1.50274,1.5029,1.00,2.07
2014.04.04 15:17:28.627,1.50274,1.5029,1.00,1.69
2014.04.04 15:17:29.307,1.50276,1.5029,1.00,1.00
2014.04.04 15:17:30.130,1.50279,1.5029,1.00,1.00
2014.04.04 15:17:30.444,1.50282,1.5029,1.00,1.13
2014.04.04 15:17:30.495,1.50282,1.50294,1.00,1.13
2014.04.04 15:17:30.597,1.50279,1.50295,1.00,2.63
2014.04.04 15:17:30.950,1.50283,1.50295,1.00,1.88
2014.04.04 15:17:31.051,1.50278,1.50295,1.50,1.88
2014.04.04 15:17:31.166,1.50281,1.50295,1.00,1.88
2014.04.04 15:17:31.369,1.50286,1.50302,1.00,1.00
2014.04.04 15:17:31.470,1.50289,1.50301,1.00,1.00
2014.04.04 15:17:31.674,1.50289,1.50304,1.00,1.00
2014.04.04 15:17:31.725,1.50295,1.50304,1.00,1.00
2014.04.04 15:17:31.877,1.50296,1.50307,1.00,1.28
2014.04.04 15:17:32.339,1.50292,1.50307,1.00,1.00
2014.04.04 15:17:32.441,1.50291,1.50307,1.00,1.38
2014.04.04 15:17:32.492,1.50288,1.50303,1.19,1.38
2014.04.04 15:17:32.544,1.50288,1.50303,1.00,1.00
2014.04.04 15:17:32.595,1.50286,1.50299,1.50,1.00
2014.04.04 15:17:32.798,1.50286,1.50301,1.00,1.00
2014.04.04 15:17:33.053,1.50286,1.50298,1.00,1.00
2014.04.04 15:17:33.357,1.50284,1.50297,1.00,1.19
2014.04.04 15:17:33.408,1.50281,1.50297,1.00,1.19
2014.04.04 15:17:33.660,1.50278,1.50297,1.00,1.19
2014.04.04 15:17:33.812,1.50281,1.50297,1.00,1.19
2014.04.04 15:17:35.659,1.50283,1.50297,1.00,1.69
2014.04.04 15:17:36.979,1.50279,1.50297,1.50,2.07
2014.04.04 15:17:37.080,1.50279,1.50294,1.00,1.00
2014.04.04 15:17:37.797,1.50283,1.50294,1.00,1.00
2014.04.04 15:17:40.258,1.50283,1.50296,1.00,1.25
2014.04.04 15:17:40.310,1.50287,1.50297,1.00,1.19
2014.04.04 15:17:40.613,1.50294,1.50301,1.00,1.00
2014.04.04 15:17:40.766,1.50294,1.50304,1.00,1.00
2014.04.04 15:17:40.867,1.50294,1.50307,1.00,2.25
2014.04.04 15:17:46.998,1.5029,1.50307,1.00,1.32
2014.04.04 15:17:47.510,1.50289,1.50306,1.00,1.13
2014.04.04 15:17:47.561,1.50287,1.50306,1.50,1.13
2014.04.04 15:17:50.117,1.50287,1.50305,1.50,1.00
2014.04.04 15:17:54.237,1.50288,1.50305,1.00,1.00
2014.04.04 15:17:55.258,1.50288,1.50307,1.00,1.57
2014.04.04 15:17:57.032,1.50288,1.50307,1.00,1.57
2014.04.04 15:17:59.601,1.50288,1.50307,1.00,1.57
2014.04.04 15:18:01.178,1.5029,1.50305,1.00,1.00
2014.04.04 15:18:01.331,1.50289,1.50307,1.00,1.50
2014.04.04 15:18:01.818,1.50287,1.50307,2.44,1.50
2014.04.04 15:18:03.323,1.50287,1.50307,2.44,1.88
2014.04.04 15:18:03.929,1.50287,1.50307,2.25,2.07
2014.04.04 15:18:06.189,1.50287,1.50305,2.25,2.07
2014.04.04 15:18:06.290,1.50287,1.50305,1.50,2.07
2014.04.04 15:18:06.392,1.50287,1.50303,1.00,1.13
2014.04.04 15:18:06.908,1.50286,1.50303,1.50,1.13
2014.04.04 15:18:10.050,1.50286,1.50305,1.50,2.82
2014.04.04 15:18:10.583,1.50286,1.50305,1.50,3.19
2014.04.04 15:18:11.326,1.50287,1.50305,1.00,3.19
2014.04.04 15:18:14.354,1.50287,1.50305,1.00,2.44
2014.04.04 15:18:16.256,1.50287,1.50305,1.00,2.44
2014.04.04 15:18:16.953,1.50287,1.50305,1.00,2.82
2014.04.04 15:18:17.653,1.50286,1.50305,1.00,2.82
2014.04.04 15:18:18.162,1.50286,1.50305,1.00,2.82
2014.04.04 15:18:20.375,1.50286,1.50305,1.00,2.82
2014.04.04 15:18:24.529,1.50286,1.50305,1.00,1.94
2014.04.04 15:18:24.857,1.50285,1.50295,1.00,1.13
2014.04.04 15:18:24.907,1.50279,1.50295,1.20,1.88
2014.04.04 15:18:24.958,1.50278,1.50292,1.58,1.00
2014.04.04 15:18:25.266,1.50279,1.50292,1.45,1.88
2014.04.04 15:18:25.317,1.50279,1.50292,1.45,1.00
2014.04.04 15:18:25.368,1.50277,1.50292,1.00,1.00
2014.04.04 15:18:25.520,1.50274,1.50292,1.25,1.00
2014.04.04 15:18:25.571,1.50274,1.50289,1.69,1.00
2014.04.04 15:18:26.077,1.5027,1.50288,1.69,1.13
2014.04.04 15:18:26.624,1.5027,1.50287,1.50,1.00
2014.04.04 15:18:27.760,1.50272,1.50287,1.00,1.00
2014.04.04 15:18:28.288,1.50271,1.50288,1.00,2.07
2014.04.04 15:18:28.595,1.50273,1.50288,1.00,1.69
2014.04.04 15:18:34.324,1.50276,1.50288,1.00,2.25
2014.04.04 15:18:34.975,1.50276,1.50289,1.00,1.00
2014.04.04 15:18:38.275,1.50275,1.50289,1.00,1.00
2014.04.04 15:18:38.809,1.50274,1.50288,1.00,1.88
2014.04.04 15:18:39.236,1.50277,1.50289,1.00,1.00
2014.04.04 15:18:42.696,1.50279,1.50289,1.00,1.00
2014.04.04 15:18:42.747,1.50279,1.50291,1.00,2.63
2014.04.04 15:18:45.770,1.50281,1.50291,1.00,2.63
2014.04.04 15:18:46.348,1.50286,1.50291,1.00,1.00
2014.04.04 15:18:46.398,1.50286,1.50293,1.00,1.00
2014.04.04 15:18:46.450,1.50288,1.50293,1.00,1.00
2014.04.04 15:18:46.501,1.50289,1.50295,1.00,1.00
2014.04.04 15:18:46.602,1.50289,1.50299,1.00,1.50
2014.04.04 15:18:47.316,1.50286,1.50299,1.00,1.50
2014.04.04 15:18:48.015,1.50286,1.50301,1.00,2.44
2014.04.04 15:18:48.862,1.50286,1.50301,1.00,2.44
2014.04.04 15:18:51.656,1.50286,1.50301,1.00,2.25
2014.04.04 15:18:51.841,1.50289,1.50301,1.00,2.25
2014.04.04 15:18:58.010,1.5029,1.50301,1.00,2.25
2014.04.04 15:18:58.758,1.50288,1.50301,1.00,2.63
2014.04.04 15:18:58.911,1.50288,1.50301,1.00,3.57
2014.04.04 15:18:59.239,1.50285,1.50296,1.00,1.00
2014.04.04 15:19:00.428,1.50285,1.50298,1.00,2.44
2014.04.04 15:19:00.732,1.50286,1.50306,2.25,3.57
2014.04.04 15:19:00.885,1.50288,1.50306,1.50,2.07
2014.04.04 15:19:01.188,1.50288,1.50302,1.00,1.00
2014.04.04 15:19:01.989,1.50285,1.50302,1.50,1.00
2014.04.04 15:19:02.941,1.50285,1.50302,1.50,1.38
2014.04.04 15:19:03.194,1.50285,1.50296,1.00,1.38
2014.04.04 15:19:03.614,1.50282,1.50295,1.00,1.88
2014.04.04 15:19:04.119,1.50282,1.50293,1.00,1.00
2014.04.04 15:19:06.707,1.50278,1.50293,1.00,1.88
2014.04.04 15:19:07.311,1.50278,1.50293,1.00,1.88
2014.04.04 15:19:09.355,1.50278,1.50293,1.00,2.07
2014.04.04 15:19:10.606,1.5028,1.50293,1.00,2.07
2014.04.04 15:19:13.051,1.50278,1.50292,1.00,1.25
2014.04.04 15:19:14.371,1.50281,1.50292,1.00,1.69
2014.04.04 15:19:14.896,1.5028,1.50292,1.00,1.50
2014.04.04 15:19:15.468,1.50273,1.50284,1.00,1.13
2014.04.04 15:19:15.527,1.5027,1.50284,1.00,1.13
2014.04.04 15:19:15.629,1.5027,1.50281,1.00,1.00
2014.04.04 15:19:16.048,1.50268,1.50281,1.00,1.00
2014.04.04 15:19:16.833,1.5027,1.50281,1.00,1.00
2014.04.04 15:19:17.137,1.50277,1.50287,1.00,1.00
2014.04.04 15:19:17.188,1.50277,1.5029,1.00,1.50
2014.04.04 15:19:17.779,1.50276,1.5029,1.50,1.50
2014.04.04 15:19:18.058,1.50276,1.50292,1.50,1.50
2014.04.04 15:19:22.088,1.50279,1.50292,1.00,1.50
2014.04.04 15:19:22.618,1.50278,1.50292,1.00,1.50
2014.04.04 15:19:23.200,1.50274,1.50292,1.00,2.63
2014.04.04 15:19:23.402,1.50274,1.5029,1.00,1.00
2014.04.04 15:19:23.503,1.50271,1.50289,1.69,1.38
2014.04.04 15:19:23.604,1.50271,1.5029,1.69,1.00
2014.04.04 15:19:23.655,1.5027,1.50289,1.19,2.63
2014.04.04 15:19:23.959,1.50266,1.50285,1.50,1.00
2014.04.04 15:19:24.111,1.50266,1.50283,1.00,1.00
2014.04.04 15:19:24.364,1.50263,1.50281,1.00,1.32
2014.04.04 15:19:24.871,1.50262,1.50282,1.50,2.07
2014.04.04 15:19:25.178,1.50262,1.50279,1.00,1.00
2014.04.04 15:19:25.768,1.50262,1.50278,1.00,1.00
2014.04.04 15:19:28.751,1.50269,1.50284,1.69,1.00
2014.04.04 15:19:29.059,1.50269,1.50288,1.69,1.00
2014.04.04 15:19:31.348,1.50271,1.50289,1.00,1.00
2014.04.04 15:19:31.895,1.50271,1.5029,1.00,1.25
2014.04.04 15:19:35.483,1.50275,1.50291,1.13,1.00
2014.04.04 15:19:35.686,1.50279,1.50296,1.00,1.00
2014.04.04 15:19:35.888,1.50277,1.50296,1.25,1.00
2014.04.04 15:19:36.192,1.50277,1.50299,2.44,2.82
2014.04.04 15:19:37.396,1.50278,1.50299,1.00,3.19
2014.04.04 15:19:37.447,1.50278,1.50299,1.19,3.00
2014.04.04 15:19:38.389,1.50278,1.50299,1.32,2.25
2014.04.04 15:19:38.948,1.50281,1.50301,1.00,2.07
2014.04.04 15:19:40.638,1.50281,1.50301,1.19,1.88
2014.04.04 15:19:41.459,1.50279,1.50301,2.07,2.25
2014.04.04 15:19:43.746,1.50282,1.50302,1.19,1.50
2014.04.04 15:19:44.130,1.50284,1.50303,1.00,1.00
2014.04.04 15:19:44.181,1.50284,1.50303,2.07,1.00
2014.04.04 15:19:44.232,1.50287,1.50307,1.69,1.88
2014.04.04 15:19:44.384,1.50287,1.50308,2.44,2.63
2014.04.04 15:19:44.654,1.5029,1.50308,1.19,1.38
2014.04.04 15:19:45.355,1.5029,1.50308,1.25,1.38
2014.04.04 15:19:45.677,1.5029,1.50309,1.69,1.13
2014.04.04 15:19:50.538,1.50292,1.50309,1.00,1.00
2014.04.04 15:19:50.740,1.50292,1.50311,3.75,1.00
2014.04.04 15:19:51.068,1.50294,1.50313,1.00,1.32
2014.04.04 15:19:52.449,1.50295,1.50313,1.00,1.32
2014.04.04 15:19:53.074,1.50294,1.50313,1.50,1.13
2014.04.04 15:19:53.639,1.50294,1.50313,1.00,1.38
2014.04.04 15:19:54.868,1.50298,1.50313,1.00,1.38
2014.04.04 15:19:55.020,1.50296,1.50313,1.00,1.00
2014.04.04 15:19:56.020,1.50296,1.50313,1.00,1.19
2014.04.04 15:19:56.835,1.50295,1.50313,1.00,1.57
2014.04.04 15:19:57.533,1.50293,1.50313,1.00,1.57
2014.04.04 15:19:58.190,1.50293,1.50311,1.00,1.88
2014.04.04 15:19:58.377,1.50293,1.50307,1.00,1.00
2014.04.04 15:19:58.682,1.50293,1.50304,1.00,1.00
2014.04.04 15:19:58.784,1.50293,1.50309,1.00,3.00
2014.04.04 15:19:58.835,1.5029,1.50309,1.25,2.25
2014.04.04 15:19:59.138,1.50292,1.50308,1.00,1.00
2014.04.04 15:19:59.391,1.50291,1.50311,1.00,2.07
2014.04.04 15:19:59.824,1.5029,1.50311,3.19,2.07
2014.04.04 15:20:01.647,1.50289,1.50308,1.50,1.32
2014.04.04 15:20:02.181,1.50288,1.50308,1.25,1.69
2014.04.04 15:20:02.486,1.50296,1.50309,1.00,1.50
2014.04.04 15:20:02.789,1.50298,1.50309,1.00,1.00
2014.04.04 15:20:02.890,1.50298,1.50313,1.00,2.07
2014.04.04 15:20:03.396,1.50298,1.50313,1.00,1.50
2014.04.04 15:20:03.897,1.50297,1.50313,1.00,1.50
2014.04.04 15:20:04.049,1.50297,1.50313,1.00,2.25
2014.04.04 15:20:04.604,1.50297,1.50313,1.00,1.88
2014.04.04 15:20:05.131,1.50298,1.50313,1.00,1.38
2014.04.04 15:20:06.124,1.50298,1.50313,1.00,1.50
2014.04.04 15:20:06.488,1.503,1.50313,1.00,1.00
2014.04.04 15:20:07.168,1.503,1.50315,1.00,1.19
2014.04.04 15:20:08.941,1.503,1.50315,1.00,1.25
2014.04.04 15:20:12.784,1.50302,1.50318,1.00,1.38
2014.04.04 15:20:12.863,1.50303,1.50322,1.00,1.13
2014.04.04 15:20:18.126,1.50303,1.50321,1.00,1.00
2014.04.04 15:20:19.147,1.50302,1.5032,1.00,1.88
2014.04.04 15:20:19.655,1.503,1.50319,2.44,1.38
2014.04.04 15:20:20.130,1.50303,1.50319,1.00,1.13
2014.04.04 15:20:20.640,1.50302,1.50318,1.00,1.13
2014.04.04 15:20:21.275,1.503,1.50319,1.50,1.50
2014.04.04 15:20:21.545,1.50302,1.50319,1.00,1.00
2014.04.04 15:20:22.078,1.50301,1.50319,1.25,1.00
2014.04.04 15:20:22.586,1.50301,1.50319,1.19,1.00
2014.04.04 15:20:23.045,1.50301,1.50321,1.19,1.88
2014.04.04 15:20:23.196,1.50301,1.50318,1.19,1.00
2014.04.04 15:20:23.298,1.503,1.5032,1.50,1.38
2014.04.04 15:20:23.502,1.50301,1.50321,1.19,2.25
2014.04.04 15:20:24.206,1.503,1.50321,2.07,2.25
2014.04.04 15:20:24.510,1.50299,1.50316,1.50,1.32
2014.04.04 15:20:28.288,1.50301,1.50316,1.00,1.32
2014.04.04 15:20:28.620,1.50302,1.50317,1.00,1.00
2014.04.04 15:20:28.873,1.50302,1.5032,1.50,2.07
2014.04.04 15:20:30.054,1.50302,1.50322,2.44,2.63
2014.04.04 15:20:30.275,1.50304,1.50322,1.00,2.63
2014.04.04 15:20:32.005,1.50307,1.50322,1.00,1.50
2014.04.04 15:20:32.356,1.50303,1.50322,1.00,1.88
2014.04.04 15:20:34.776,1.50303,1.50322,1.00,2.82
2014.04.04 15:20:35.553,1.50303,1.5032,1.00,1.00
2014.04.04 15:20:37.622,1.50303,1.5032,1.19,1.00
2014.04.04 15:20:38.433,1.50306,1.5032,1.00,1.00
2014.04.04 15:20:38.584,1.50306,1.50322,1.19,1.50
2014.04.04 15:20:39.089,1.50306,1.50321,1.19,1.00
2014.04.04 15:20:39.639,1.50306,1.50321,1.00,1.00
2014.04.04 15:20:44.417,1.5031,1.50322,1.00,1.00
2014.04.04 15:20:44.793,1.50305,1.50322,1.00,1.00
2014.04.04 15:20:45.562,1.50305,1.50324,1.00,2.07
2014.04.04 15:20:47.735,1.50305,1.50322,1.00,1.00
2014.04.04 15:20:48.626,1.50307,1.50322,1.00,1.00
2014.04.04 15:20:49.504,1.50305,1.50323,1.00,1.63
2014.04.04 15:20:50.025,1.50305,1.50323,1.00,1.32
2014.04.04 15:20:52.120,1.50307,1.50324,1.00,1.57
2014.04.04 15:20:52.663,1.50307,1.50324,1.00,1.57
2014.04.04 15:20:52.966,1.50309,1.50323,1.00,2.07
2014.04.04 15:20:54.450,1.50306,1.50323,1.19,1.38
2014.04.04 15:20:54.652,1.50303,1.50321,1.69,1.50
2014.04.04 15:20:55.158,1.50303,1.5032,1.50,1.88
2014.04.04 15:20:55.737,1.503,1.5032,1.19,1.88
2014.04.04 15:20:56.682,1.503,1.5032,2.44,1.88
2014.04.04 15:20:59.615,1.503,1.5032,2.44,1.00
2014.04.04 15:20:59.673,1.503,1.5032,2.37,1.00
2014.04.04 15:21:04.254,1.50302,1.50318,1.00,1.00
2014.04.04 15:21:04.305,1.503,1.50318,1.50,1.00
2014.04.04 15:21:04.457,1.503,1.5032,1.00,2.07
2014.04.04 15:21:05.205,1.50299,1.50319,1.50,1.00
2014.04.04 15:21:05.255,1.50299,1.50319,1.00,1.38
2014.04.04 15:21:05.814,1.50298,1.50316,1.00,1.00
2014.04.04 15:21:06.318,1.50298,1.50317,1.69,1.00
2014.04.04 15:21:06.927,1.503,1.50317,1.00,1.00
2014.04.04 15:21:08.336,1.50299,1.50316,1.00,1.00
2014.04.04 15:21:08.745,1.50297,1.50313,1.00,1.00
2014.04.04 15:21:08.847,1.50295,1.50312,1.25,1.50
2014.04.04 15:21:08.999,1.50293,1.50312,1.50,2.44
2014.04.04 15:21:09.050,1.50293,1.50309,1.50,1.00
2014.04.04 15:21:09.404,1.50288,1.50309,2.25,3.57
2014.04.04 15:21:09.657,1.50285,1.50305,1.19,1.00
2014.04.04 15:21:09.708,1.50285,1.50304,1.50,1.19
2014.04.04 15:21:10.215,1.50285,1.50304,1.50,1.38
2014.04.04 15:21:11.105,1.50284,1.50302,1.00,1.00
2014.04.04 15:21:12.825,1.50288,1.50302,1.00,1.00
2014.04.04 15:21:13.269,1.50288,1.50304,1.50,1.50
2014.04.04 15:21:14.258,1.50288,1.50304,1.50,1.50
2014.04.04 15:21:16.496,1.50286,1.50304,1.00,1.50
2014.04.04 15:21:16.699,1.50285,1.50301,1.50,1.88
2014.04.04 15:21:17.054,1.50282,1.50297,1.38,1.00
2014.04.04 15:21:17.206,1.50279,1.50296,1.25,1.00
2014.04.04 15:21:17.358,1.50277,1.50294,1.00,1.38
2014.04.04 15:21:17.663,1.50272,1.50284,1.00,1.00
2014.04.04 15:21:17.715,1.50268,1.50284,1.19,1.00
2014.04.04 15:21:18.053,1.50265,1.50284,1.50,1.57
2014.04.04 15:21:18.586,1.50264,1.50283,1.00,2.07
2014.04.04 15:21:19.887,1.50264,1.50281,1.00,1.13
2014.04.04 15:21:19.988,1.50262,1.50281,2.25,1.13
2014.04.04 15:21:20.348,1.50262,1.50279,1.00,1.00
2014.04.04 15:21:21.138,1.50261,1.50277,1.25,1.00
2014.04.04 15:21:21.200,1.50261,1.5028,1.25,1.13
2014.04.04 15:21:21.576,1.50261,1.50278,1.25,1.00
2014.04.04 15:21:21.879,1.50259,1.50277,1.25,1.00
2014.04.04 15:21:22.181,1.50258,1.50275,1.69,1.00
2014.04.04 15:21:22.978,1.50258,1.50275,1.25,1.00
2014.04.04 15:21:24.620,1.50258,1.50274,1.25,1.00
2014.04.04 15:21:25.173,1.50258,1.50275,1.69,1.00
2014.04.04 15:21:25.826,1.50259,1.50275,1.00,1.00
2014.04.04 15:21:28.685,1.50266,1.50278,1.00,1.00
2014.04.04 15:21:28.786,1.50268,1.50281,1.00,1.00
2014.04.04 15:21:28.837,1.50268,1.50286,1.00,2.52
2014.04.04 15:21:28.888,1.50268,1.50286,1.00,2.52
2014.04.04 15:21:28.989,1.5027,1.50286,1.00,2.07
2014.04.04 15:21:29.624,1.5027,1.50286,1.19,1.50
2014.04.04 15:21:30.225,1.5027,1.50287,1.00,1.00
2014.04.04 15:21:30.950,1.50273,1.5029,1.00,3.00
2014.04.04 15:21:32.013,1.50273,1.5029,1.00,3.00
2014.04.04 15:21:32.671,1.50273,1.5029,1.00,2.63
2014.04.04 15:21:33.014,1.50275,1.5029,1.00,2.63
2014.04.04 15:21:33.115,1.50275,1.50291,1.00,1.00
2014.04.04 15:21:33.620,1.50276,1.50293,1.00,1.63
2014.04.04 15:21:34.081,1.50276,1.50289,1.00,1.00
2014.04.04 15:21:34.132,1.50272,1.50289,1.50,1.00
2014.04.04 15:21:34.233,1.50272,1.50287,1.00,1.00
2014.04.04 15:21:34.541,1.50272,1.50285,1.00,1.00
2014.04.04 15:21:34.644,1.50272,1.50287,1.00,1.50
2014.04.04 15:21:34.695,1.50274,1.50287,1.00,1.50
2014.04.04 15:21:37.186,1.50274,1.50292,1.50,1.69
2014.04.04 15:21:37.237,1.50279,1.50293,1.00,1.57
2014.04.04 15:21:37.440,1.50279,1.50293,1.00,1.00
2014.04.04 15:21:37.959,1.5028,1.50294,1.00,1.00
2014.04.04 15:21:38.594,1.5028,1.50297,1.00,1.50
2014.04.04 15:21:38.645,1.50284,1.50297,1.00,1.50
2014.04.04 15:21:39.181,1.50292,1.503,1.00,1.00
2014.04.04 15:21:39.282,1.50287,1.50301,1.00,1.00
2014.04.04 15:21:39.859,1.50287,1.50302,1.00,1.00
2014.04.04 15:21:41.275,1.50287,1.50301,1.00,1.00
2014.04.04 15:21:41.326,1.50287,1.50299,1.00,1.00
2014.04.04 15:21:41.377,1.50285,1.50299,1.00,1.45
2014.04.04 15:21:43.917,1.50285,1.50296,1.00,1.00
2014.04.04 15:21:47.556,1.50286,1.50296,1.00,1.00
2014.04.04 15:21:47.607,1.50286,1.50298,1.00,1.20
2014.04.04 15:21:47.658,1.50288,1.50299,1.00,1.25
2014.04.04 15:21:48.174,1.50289,1.50299,1.00,1.00
2014.04.04 15:21:48.804,1.50289,1.50298,1.00,1.00
2014.04.04 15:21:49.177,1.50288,1.50296,1.00,1.00
2014.04.04 15:21:49.227,1.50285,1.50296,1.00,1.00
2014.04.04 15:21:50.458,1.50285,1.50299,1.00,1.73
2014.04.04 15:21:52.426,1.50285,1.50295,1.00,1.00
2014.04.04 15:21:52.731,1.50285,1.50293,1.00,1.00
2014.04.04 15:21:52.782,1.50285,1.50297,1.00,1.50
2014.04.04 15:21:53.471,1.50287,1.50297,1.00,1.00
2014.04.04 15:21:54.006,1.50285,1.50297,1.13,1.28
2014.04.04 15:21:55.592,1.50285,1.50298,1.00,1.25
2014.04.04 15:22:00.135,1.50285,1.50296,1.00,1.00
2014.04.04 15:22:01.097,1.50286,1.50299,1.30,1.50
2014.04.04 15:22:01.148,1.50287,1.50301,1.50,1.00
2014.04.04 15:22:01.200,1.5029,1.50301,1.50,1.00
2014.04.04 15:22:01.616,1.50292,1.50301,1.00,1.00
2014.04.04 15:22:02.175,1.50293,1.50301,1.00,1.00
2014.04.04 15:22:02.449,1.50293,1.50303,1.00,1.00
2014.04.04 15:22:05.756,1.50293,1.50304,1.00,1.00
2014.04.04 15:22:06.374,1.50299,1.50311,1.00,1.60
2014.04.04 15:22:06.678,1.50304,1.50318,1.00,1.71
2014.04.04 15:22:06.780,1.50304,1.50323,1.00,3.57
2014.04.04 15:22:06.932,1.50304,1.50314,1.00,1.50
2014.04.04 15:22:07.033,1.50304,1.50319,1.50,1.05
2014.04.04 15:22:07.730,1.50304,1.50318,1.50,1.00
2014.04.04 15:22:07.781,1.50306,1.5032,1.00,1.32
2014.04.04 15:22:08.877,1.50306,1.50317,1.00,1.00
2014.04.04 15:22:09.180,1.50302,1.50312,1.00,1.38
2014.04.04 15:22:09.231,1.50298,1.50312,1.00,1.38
2014.04.04 15:22:09.737,1.50293,1.50307,1.00,1.00
2014.04.04 15:22:09.939,1.50298,1.50312,1.00,1.32
2014.04.04 15:22:10.040,1.50298,1.50315,2.25,1.57
2014.04.04 15:22:10.192,1.50298,1.50314,1.00,1.57
2014.04.04 15:22:12.937,1.50294,1.50303,1.00,1.00
2014.04.04 15:22:13.387,1.50292,1.50302,1.00,1.63
2014.04.04 15:22:13.489,1.50288,1.50302,1.00,1.63
2014.04.04 15:22:13.672,1.50286,1.50302,1.50,1.57
2014.04.04 15:22:14.222,1.50285,1.50302,1.50,1.57
2014.04.04 15:22:15.390,1.50285,1.50302,1.50,1.19
2014.04.04 15:22:16.141,1.50285,1.50302,1.50,1.57
2014.04.04 15:22:16.495,1.50287,1.50302,1.00,1.50
2014.04.04 15:22:16.697,1.50282,1.50294,1.00,1.13
2014.04.04 15:22:16.799,1.5028,1.50298,1.00,2.25
2014.04.04 15:22:17.138,1.50285,1.50298,1.00,1.38
2014.04.04 15:22:17.785,1.50285,1.50298,1.00,1.00
2014.04.04 15:22:17.987,1.50285,1.503,1.00,1.13
2014.04.04 15:22:18.038,1.50285,1.503,1.00,1.38
2014.04.04 15:22:20.743,1.50284,1.50298,1.50,1.38
2014.04.04 15:22:21.158,1.50287,1.503,1.00,1.25
2014.04.04 15:22:22.032,1.50287,1.50302,1.00,2.07
2014.04.04 15:22:27.091,1.50287,1.50303,1.00,1.57
2014.04.04 15:22:28.118,1.50287,1.50303,1.00,1.57
2014.04.04 15:22:28.683,1.50287,1.50303,1.00,1.57
2014.04.04 15:22:30.321,1.50286,1.503,1.00,1.25
2014.04.04 15:22:30.423,1.50286,1.50297,1.00,1.13
2014.04.04 15:22:30.753,1.50283,1.50297,1.00,1.13
2014.04.04 15:22:35.728,1.50282,1.503,1.50,2.07
2014.04.04 15:22:41.723,1.50282,1.50299,1.50,1.63
2014.04.04 15:22:42.077,1.50282,1.50299,1.50,1.25
2014.04.04 15:22:42.876,1.50283,1.50299,1.00,1.25
2014.04.04 15:22:43.989,1.50283,1.50299,1.00,1.63
2014.04.04 15:22:46.205,1.50283,1.50298,1.00,1.00
2014.04.04 15:22:47.338,1.50283,1.50295,1.00,1.50
2014.04.04 15:22:47.596,1.50279,1.50294,1.00,1.32
2014.04.04 15:22:47.647,1.5028,1.50295,1.00,1.88
2014.04.04 15:22:47.799,1.50284,1.50297,1.00,1.38
2014.04.04 15:22:47.951,1.50288,1.50301,1.00,1.78
2014.04.04 15:22:48.406,1.50291,1.50304,1.00,1.72
2014.04.04 15:22:48.507,1.50291,1.50304,1.00,1.00
2014.04.04 15:22:48.810,1.50294,1.50307,1.00,1.00
2014.04.04 15:22:49.314,1.50293,1.50307,1.00,1.00
2014.04.04 15:22:49.466,1.50294,1.50309,1.00,1.25
2014.04.04 15:22:49.568,1.50296,1.50314,1.00,1.57
2014.04.04 15:22:50.260,1.50297,1.50314,1.00,1.57
2014.04.04 15:22:50.585,1.50299,1.50316,1.00,2.07
2014.04.04 15:22:51.468,1.50299,1.50313,1.00,1.00
2014.04.04 15:22:51.570,1.50302,1.50318,1.50,1.00
2014.04.04 15:22:51.672,1.50305,1.50318,1.00,1.19
2014.04.04 15:22:52.219,1.50305,1.50318,1.00,1.00
2014.04.04 15:22:52.723,1.50305,1.5032,1.00,1.00
2014.04.04 15:22:53.311,1.50305,1.50318,1.00,1.00
2014.04.04 15:22:55.577,1.50305,1.50318,1.00,1.32
2014.04.04 15:22:55.730,1.503,1.50313,1.50,1.00
2014.04.04 15:22:56.269,1.50301,1.50312,1.00,1.00
2014.04.04 15:22:56.376,1.50301,1.5031,1.00,1.00
2014.04.04 15:22:56.834,1.50301,1.50312,1.00,1.00
2014.04.04 15:22:58.445,1.503,1.50312,1.00,1.00
2014.04.04 15:22:58.809,1.50302,1.50318,1.00,1.00
2014.04.04 15:22:58.961,1.50305,1.50319,1.00,1.25
2014.04.04 15:22:59.759,1.50308,1.5032,1.00,1.00
2014.04.04 15:23:01.863,1.50308,1.50322,1.00,1.00
2014.04.04 15:23:01.965,1.50312,1.50322,1.00,1.00
2014.04.04 15:23:02.460,1.50312,1.50322,1.00,1.88
2014.04.04 15:23:02.663,1.50302,1.50316,1.13,1.00
2014.04.04 15:23:02.714,1.50302,1.50316,1.00,1.19
2014.04.04 15:23:03.018,1.50299,1.50309,1.00,1.00
2014.04.04 15:23:03.322,1.50292,1.50306,1.00,1.25
2014.04.04 15:23:03.626,1.50295,1.5031,1.00,1.69
2014.04.04 15:23:03.727,1.50295,1.5031,1.00,1.19
2014.04.04 15:23:04.801,1.50306,1.50322,1.00,1.25
2014.04.04 15:23:04.852,1.50309,1.50321,1.00,1.00
2014.04.04 15:23:05.593,1.50309,1.50322,1.00,1.00
2014.04.04 15:23:07.072,1.50309,1.50324,1.50,1.00
2014.04.04 15:23:08.920,1.50308,1.50324,1.00,1.00
2014.04.04 15:23:10.874,1.50308,1.50325,1.00,1.00
2014.04.04 15:23:11.026,1.50308,1.50325,1.50,1.19
2014.04.04 15:23:11.347,1.50313,1.50328,1.50,1.38
2014.04.04 15:23:11.654,1.50311,1.50327,1.00,1.00
2014.04.04 15:23:12.011,1.50311,1.50325,1.00,1.00
2014.04.04 15:23:12.319,1.50308,1.50322,1.00,1.00
2014.04.04 15:23:12.925,1.50309,1.50322,1.00,1.00
2014.04.04 15:23:13.077,1.50309,1.50326,1.50,1.19
2014.04.04 15:23:13.128,1.50311,1.50326,1.00,1.19
2014.04.04 15:23:13.381,1.50313,1.50331,1.00,1.19
2014.04.04 15:23:13.483,1.50314,1.50331,1.00,1.00
2014.04.04 15:23:16.372,1.50315,1.50331,1.00,1.25
2014.04.04 15:23:16.423,1.50315,1.50332,1.38,1.19
2014.04.04 15:23:16.576,1.50318,1.50335,2.63,1.50
2014.04.04 15:23:16.728,1.50318,1.50339,1.88,2.44
2014.04.04 15:23:16.779,1.5032,1.50339,1.88,2.25
2014.04.04 15:23:18.323,1.5032,1.50337,2.63,1.00
2014.04.04 15:23:18.627,1.50318,1.50335,1.00,1.00
2014.04.04 15:23:18.982,1.50318,1.50333,1.00,1.00
2014.04.04 15:23:19.134,1.50315,1.50331,1.50,1.00
2014.04.04 15:23:20.482,1.50315,1.5033,1.00,1.00
2014.04.04 15:23:21.443,1.50315,1.50328,1.00,1.00
2014.04.04 15:23:26.192,1.50315,1.50324,1.00,1.00
2014.04.04 15:23:26.293,1.50313,1.50324,1.00,1.00
2014.04.04 15:23:27.933,1.50313,1.50326,1.00,1.00
2014.04.04 15:23:28.454,1.50312,1.50326,1.50,1.00
2014.04.04 15:23:28.988,1.50312,1.50325,1.50,1.00
2014.04.04 15:23:32.372,1.50312,1.50324,1.50,1.00
2014.04.04 15:23:33.344,1.50312,1.50327,1.50,1.00
2014.04.04 15:23:34.867,1.50312,1.50325,1.50,1.00
2014.04.04 15:23:35.399,1.50312,1.50326,1.50,1.00
2014.04.04 15:23:36.844,1.50312,1.50329,1.50,1.25
2014.04.04 15:23:36.895,1.50314,1.50329,1.00,1.25
2014.04.04 15:23:37.455,1.50316,1.50329,1.00,1.25
2014.04.04 15:23:41.174,1.50317,1.50333,1.00,1.25
2014.04.04 15:23:41.275,1.50319,1.50333,1.00,1.25
2014.04.04 15:23:41.776,1.5032,1.50333,1.00,1.00
2014.04.04 15:23:42.927,1.50319,1.50333,1.00,1.00
2014.04.04 15:23:43.574,1.50319,1.50337,1.50,1.19
2014.04.04 15:23:43.675,1.50322,1.50337,1.00,1.19
2014.04.04 15:23:43.928,1.50324,1.50339,1.00,1.00
2014.04.04 15:23:45.888,1.5032,1.50333,1.00,1.00
2014.04.04 15:23:46.194,1.50319,1.5033,1.00,1.00
2014.04.04 15:23:46.447,1.5032,1.50333,1.00,1.00
2014.04.04 15:23:47.851,1.5032,1.50334,1.00,1.00
2014.04.04 15:23:48.293,1.50324,1.50334,1.00,1.00
2014.04.04 15:23:48.510,1.50324,1.50336,1.00,1.25
2014.04.04 15:23:48.764,1.50323,1.5034,1.50,1.32
2014.04.04 15:23:48.866,1.50328,1.5034,1.00,1.32
2014.04.04 15:23:49.280,1.50328,1.50341,1.50,1.00
2014.04.04 15:23:49.849,1.50328,1.5034,1.50,1.00
2014.04.04 15:23:51.546,1.50328,1.50341,1.00,1.00
2014.04.04 15:23:52.162,1.50328,1.5034,1.00,1.00
2014.04.04 15:23:53.560,1.5033,1.50341,1.00,1.19
2014.04.04 15:23:53.712,1.50334,1.50348,2.48,1.13
2014.04.04 15:23:53.763,1.50342,1.50349,1.00,1.38
2014.04.04 15:23:54.438,1.50346,1.50355,1.00,1.00
2014.04.04 15:23:54.984,1.50346,1.50356,1.00,1.00
2014.04.04 15:23:55.237,1.50346,1.50358,1.88,1.00
2014.04.04 15:23:55.338,1.50346,1.50352,1.50,1.00
2014.04.04 15:23:55.642,1.50336,1.50348,1.45,1.00
2014.04.04 15:23:56.324,1.50332,1.50347,2.33,1.00
2014.04.04 15:23:56.375,1.50332,1.50347,1.50,1.00
2014.04.04 15:23:56.527,1.5033,1.50346,1.13,1.00
2014.04.04 15:23:59.309,1.50333,1.50346,1.00,1.00
2014.04.04 15:23:59.612,1.50326,1.50341,1.38,1.88
2014.04.04 15:23:59.663,1.50326,1.50344,1.38,3.94
2014.04.04 15:23:59.815,1.50326,1.50345,1.50,2.82
2014.04.04 15:24:00.018,1.50328,1.50345,1.00,1.19
2014.04.04 15:24:00.120,1.5033,1.50348,1.00,1.25
2014.04.04 15:24:00.171,1.50332,1.50348,1.00,1.25
2014.04.04 15:24:00.677,1.50331,1.50349,1.00,2.07
2014.04.04 15:24:01.563,1.50331,1.50349,1.00,2.07
2014.04.04 15:24:03.011,1.50332,1.50349,1.00,2.07
2014.04.04 15:24:03.113,1.50333,1.50349,1.00,1.19
2014.04.04 15:24:03.759,1.50332,1.50349,1.00,1.19
2014.04.04 15:24:05.203,1.50333,1.50351,1.00,2.07
2014.04.04 15:24:06.105,1.50333,1.50351,1.00,2.07
2014.04.04 15:24:06.750,1.50332,1.50351,1.00,1.69
2014.04.04 15:24:07.851,1.5033,1.50349,1.00,1.69
2014.04.04 15:24:07.902,1.5033,1.50347,1.00,1.25
2014.04.04 15:24:07.953,1.50327,1.50347,1.50,1.25
2014.04.04 15:24:08.105,1.50327,1.50347,1.50,1.19
2014.04.04 15:24:08.528,1.50327,1.50342,1.50,1.00
2014.04.04 15:24:08.832,1.50326,1.5034,1.00,1.00
2014.04.04 15:24:08.882,1.50324,1.50341,1.00,1.00
2014.04.04 15:24:08.933,1.50324,1.50341,1.00,1.19
2014.04.04 15:24:09.035,1.50323,1.50342,1.00,1.69
2014.04.04 15:24:09.237,1.50323,1.5034,1.13,1.19
2014.04.04 15:24:09.641,1.50321,1.50339,2.25,1.19
2014.04.04 15:24:10.736,1.5032,1.50338,2.63,1.19
2014.04.04 15:24:11.210,1.50325,1.50338,1.00,1.19
2014.04.04 15:24:11.463,1.50327,1.50343,1.00,1.69
2014.04.04 15:24:11.815,1.50329,1.50343,1.00,1.69
2014.04.04 15:24:12.018,1.50326,1.50343,1.50,1.69
2014.04.04 15:24:12.069,1.50326,1.50341,1.50,1.00
2014.04.04 15:24:12.221,1.50324,1.50341,1.88,1.69
2014.04.04 15:24:12.373,1.50322,1.5034,1.88,1.69
2014.04.04 15:24:12.525,1.5032,1.50337,1.38,1.00
2014.04.04 15:24:12.929,1.50319,1.50337,1.50,1.19
2014.04.04 15:24:13.174,1.50319,1.50337,1.88,1.19
2014.04.04 15:24:13.378,1.50324,1.50341,1.50,1.00
2014.04.04 15:24:13.429,1.50329,1.50342,1.00,1.00
2014.04.04 15:24:13.581,1.5033,1.50346,1.00,1.00
2014.04.04 15:24:13.633,1.50327,1.5034,2.63,1.00
2014.04.04 15:24:13.886,1.50325,1.5034,1.32,1.00
2014.04.04 15:24:13.937,1.50325,1.50338,1.00,1.00
2014.04.04 15:24:13.987,1.5032,1.50338,2.44,1.00
2014.04.04 15:24:14.305,1.5032,1.50336,1.13,1.19
2014.04.04 15:24:14.822,1.50319,1.50338,1.00,1.57
2014.04.04 15:24:15.125,1.50322,1.50338,1.00,1.19
2014.04.04 15:24:15.644,1.50324,1.50341,1.00,1.19
2014.04.04 15:24:15.745,1.50325,1.50342,1.00,1.00
2014.04.04 15:24:15.846,1.50328,1.50342,1.00,1.00
2014.04.04 15:24:16.252,1.50328,1.50348,1.50,1.19
2014.04.04 15:24:18.560,1.5033,1.50348,1.00,1.57
2014.04.04 15:24:18.662,1.50328,1.50348,1.88,1.57
2014.04.04 15:24:19.127,1.5033,1.50348,1.00,2.07
2014.04.04 15:24:19.301,1.50328,1.50348,1.00,2.07
2014.04.04 15:24:20.658,1.50329,1.50348,1.00,1.57
2014.04.04 15:24:20.759,1.50331,1.50348,1.00,1.19
2014.04.04 15:24:20.911,1.50332,1.5035,1.00,1.32
2014.04.04 15:24:21.903,1.50333,1.50352,1.50,2.44
2014.04.04 15:24:22.583,1.50334,1.50352,1.00,1.69
2014.04.04 15:24:23.157,1.50335,1.50352,1.00,1.19
2014.04.04 15:24:23.210,1.50338,1.50353,1.00,1.19
2014.04.04 15:24:23.311,1.50338,1.50353,1.00,1.00
2014.04.04 15:24:23.412,1.50338,1.50356,1.00,1.69
2014.04.04 15:24:23.930,1.5034,1.50356,1.00,1.69
2014.04.04 15:24:24.135,1.5034,1.50358,1.00,1.25
2014.04.04 15:24:24.236,1.50347,1.50358,1.00,1.25
2014.04.04 15:24:27.046,1.50347,1.50356,1.00,1.00
2014.04.04 15:24:27.863,1.50347,1.50357,1.00,1.00
2014.04.04 15:24:28.675,1.50347,1.5036,1.00,1.00
2014.04.04 15:24:29.198,1.50347,1.50359,1.00,1.00
2014.04.04 15:24:30.740,1.50347,1.50356,1.00,1.00
2014.04.04 15:24:31.272,1.50347,1.50357,1.00,1.00
2014.04.04 15:24:31.711,1.50345,1.50356,1.00,1.00
2014.04.04 15:24:31.813,1.50341,1.50356,1.50,1.00
2014.04.04 15:24:31.965,1.50345,1.50356,1.00,1.00
2014.04.04 15:24:32.636,1.50345,1.50354,1.00,1.00
2014.04.04 15:24:32.738,1.50345,1.50356,1.00,1.00
2014.04.04 15:24:32.789,1.5034,1.50356,1.00,1.00
2014.04.04 15:24:32.840,1.50341,1.50351,1.00,1.00
2014.04.04 15:24:33.714,1.50339,1.50352,1.50,1.00
2014.04.04 15:24:34.751,1.50339,1.5035,1.00,1.00
2014.04.04 15:24:35.291,1.5034,1.5035,1.00,1.00
2014.04.04 15:24:36.954,1.5034,1.50352,1.00,1.00
2014.04.04 15:24:37.717,1.5034,1.50353,1.00,1.00
2014.04.04 15:24:38.931,1.50339,1.50353,1.00,1.00
2014.04.04 15:24:39.922,1.50337,1.50351,2.25,1.00
2014.04.04 15:24:40.227,1.50337,1.50349,1.00,1.00
2014.04.04 15:24:40.685,1.50335,1.50346,1.00,1.00
2014.04.04 15:24:41.761,1.50334,1.50351,1.00,1.50
2014.04.04 15:24:41.862,1.50334,1.50348,1.00,1.00
2014.04.04 15:24:42.373,1.50335,1.50348,1.00,1.00
2014.04.04 15:24:42.881,1.50335,1.50352,1.00,1.00
2014.04.04 15:24:42.983,1.50338,1.50352,1.00,1.00
2014.04.04 15:24:43.542,1.50341,1.50355,1.00,1.00
2014.04.04 15:24:43.846,1.50346,1.50361,1.00,1.00
2014.04.04 15:24:44.100,1.50347,1.50359,1.25,1.00
2014.04.04 15:24:44.455,1.50345,1.50358,1.00,1.00
2014.04.04 15:24:45.346,1.50331,1.5035,1.00,1.69
2014.04.04 15:24:45.922,1.5033,1.5035,1.00,2.44
2014.04.04 15:24:46.444,1.50331,1.5035,1.00,1.69
2014.04.04 15:24:46.596,1.50334,1.5035,1.00,1.19
2014.04.04 15:24:46.976,1.50334,1.50353,1.00,1.19
2014.04.04 15:24:47.179,1.50331,1.50346,1.50,1.00
2014.04.04 15:24:47.482,1.50337,1.50355,3.00,1.19
2014.04.04 15:24:47.584,1.50337,1.50358,3.00,1.57
2014.04.04 15:24:47.787,1.50339,1.50358,1.00,1.00
2014.04.04 15:24:48.292,1.5034,1.50359,1.00,1.50
2014.04.04 15:24:48.614,1.50342,1.50359,1.00,1.50
2014.04.04 15:24:48.716,1.50344,1.50363,1.00,2.25
2014.04.04 15:24:49.030,1.50352,1.50364,1.00,1.00
2014.04.04 15:24:49.081,1.50352,1.50367,1.50,1.00
2014.04.04 15:24:49.184,1.50354,1.50367,1.00,1.00
2014.04.04 15:24:49.337,1.50354,1.50372,1.00,1.00
2014.04.04 15:24:49.590,1.50354,1.50374,1.00,1.00
2014.04.04 15:24:50.582,1.50354,1.50374,1.00,1.32
2014.04.04 15:24:51.716,1.50355,1.50374,1.00,1.19
2014.04.04 15:24:52.518,1.50355,1.50372,1.00,1.00
2014.04.04 15:24:52.883,1.50352,1.50372,1.00,1.00
2014.04.04 15:24:53.086,1.50352,1.50365,1.00,1.00
2014.04.04 15:24:53.238,1.50349,1.50365,1.00,1.50
2014.04.04 15:24:53.440,1.50351,1.50365,1.00,1.50
2014.04.04 15:24:53.745,1.50351,1.50368,1.00,1.00
2014.04.04 15:24:54.672,1.50353,1.50369,1.00,1.13
2014.04.04 15:24:54.875,1.50351,1.5037,1.00,1.00
2014.04.04 15:24:55.229,1.50353,1.5037,1.00,1.19
2014.04.04 15:24:55.546,1.50349,1.50365,1.00,1.00
2014.04.04 15:24:55.597,1.50346,1.50364,2.70,1.13
2014.04.04 15:24:55.648,1.50347,1.50359,1.00,1.00
2014.04.04 15:24:56.381,1.50344,1.5036,1.00,1.50
2014.04.04 15:24:56.440,1.50341,1.5036,1.00,1.69
2014.04.04 15:24:56.789,1.50344,1.50361,1.00,1.19
2014.04.04 15:24:57.093,1.50353,1.50367,1.00,1.00
2014.04.04 15:24:57.398,1.5035,1.5036,1.00,1.50
2014.04.04 15:24:57.500,1.50346,1.50357,1.00,1.00
2014.04.04 15:24:57.552,1.50346,1.50357,1.00,1.19
2014.04.04 15:24:57.654,1.5034,1.50357,1.35,1.69
2014.04.04 15:24:57.756,1.5034,1.50356,1.35,1.19
2014.04.04 15:24:58.009,1.50341,1.50356,1.00,1.19
2014.04.04 15:24:58.110,1.50341,1.50356,1.00,1.69
2014.04.04 15:24:58.375,1.50339,1.50356,1.50,1.69
2014.04.04 15:24:58.629,1.50335,1.50355,1.88,1.19
2014.04.04 15:24:59.139,1.50335,1.50354,1.50,1.25
2014.04.04 15:25:00.987,1.50337,1.50355,1.00,1.19
2014.04.04 15:25:01.575,1.50337,1.50349,1.00,1.00
2014.04.04 15:25:01.677,1.50334,1.50349,2.25,1.00
2014.04.04 15:25:01.930,1.50334,1.50353,1.50,1.19
2014.04.04 15:25:01.981,1.50336,1.50355,1.00,1.69
2014.04.04 15:25:03.239,1.50335,1.50353,1.00,1.19
2014.04.04 15:25:03.859,1.50334,1.50353,1.50,1.19
2014.04.04 15:25:05.165,1.50334,1.50346,1.00,1.00
2014.04.04 15:25:05.316,1.50328,1.50345,1.00,1.00
2014.04.04 15:25:05.367,1.50327,1.50344,1.00,1.19
2014.04.04 15:25:05.672,1.50325,1.50344,1.00,1.19
2014.04.04 15:25:05.773,1.50326,1.50345,1.00,1.32
2014.04.04 15:25:05.875,1.50327,1.50345,1.00,1.32
2014.04.04 15:25:06.180,1.50333,1.50351,1.50,1.19
2014.04.04 15:25:06.282,1.50338,1.50352,1.00,1.00
2014.04.04 15:25:07.824,1.50336,1.50352,1.50,1.00
2014.04.04 15:25:08.348,1.50337,1.50352,1.00,1.25
2014.04.04 15:25:08.860,1.50336,1.50352,1.00,1.25
2014.04.04 15:25:09.164,1.50345,1.50354,1.00,1.19
2014.04.04 15:25:09.215,1.50345,1.50356,1.00,1.00
2014.04.04 15:25:09.266,1.50345,1.50358,1.00,1.00
2014.04.04 15:25:09.367,1.50342,1.50359,1.88,1.28
2014.04.04 15:25:09.418,1.50346,1.50361,1.00,2.78
2014.04.04 15:25:09.622,1.50342,1.50361,2.63,2.03
2014.04.04 15:25:09.723,1.50345,1.5036,1.00,1.53
2014.04.04 15:25:10.236,1.50345,1.5036,1.50,1.28
2014.04.04 15:25:10.338,1.50345,1.50362,1.50,1.00
2014.04.04 15:25:10.389,1.50349,1.50365,1.00,1.32
2014.04.04 15:25:11.352,1.50349,1.50356,1.00,1.00
2014.04.04 15:25:11.504,1.50339,1.50354,1.00,1.00
2014.04.04 15:25:11.554,1.50341,1.50354,1.00,1.00
2014.04.04 15:25:11.757,1.50341,1.50357,1.00,1.00
2014.04.04 15:25:11.909,1.50339,1.50357,1.00,1.25
2014.04.04 15:25:12.271,1.50337,1.50357,1.00,2.07
2014.04.04 15:25:12.684,1.50336,1.50357,1.88,1.19
2014.04.04 15:25:13.089,1.50337,1.50358,1.19,1.69
2014.04.04 15:25:13.429,1.5034,1.50358,1.00,1.69
2014.04.04 15:25:13.973,1.5034,1.50358,1.00,1.69
2014.04.04 15:25:15.070,1.50345,1.5036,1.00,1.32
2014.04.04 15:25:15.325,1.50346,1.50361,1.50,1.38
2014.04.04 15:25:15.578,1.50347,1.50366,1.50,1.00
2014.04.04 15:25:15.629,1.50347,1.50367,1.69,1.50
2014.04.04 15:25:16.611,1.50349,1.50367,1.00,1.50
2014.04.04 15:25:17.022,1.50347,1.50367,2.82,1.50
2014.04.04 15:25:17.152,1.50347,1.50365,2.82,1.00
2014.04.04 15:25:17.456,1.5035,1.50367,1.00,1.00
2014.04.04 15:25:18.051,1.5035,1.50365,1.50,1.00
2014.04.04 15:25:18.479,1.5035,1.50367,1.50,1.00
2014.04.04 15:25:18.629,1.5035,1.50364,1.00,1.00
2014.04.04 15:25:22.479,1.50348,1.50365,1.50,1.00
2014.04.04 15:25:22.549,1.50348,1.50364,1.00,1.38
2014.04.04 15:25:22.752,1.50342,1.50361,3.60,1.50
2014.04.04 15:25:23.305,1.50342,1.5036,2.25,1.00
2014.04.04 15:25:23.822,1.50342,1.50359,1.00,1.50
2014.04.04 15:25:24.846,1.50339,1.50359,2.25,2.25
2014.04.04 15:25:24.897,1.50339,1.50355,2.25,1.00
2014.04.04 15:25:25.403,1.5034,1.50359,1.00,1.38
2014.04.04 15:25:25.454,1.5034,1.50359,1.00,1.38
2014.04.04 15:25:25.809,1.50341,1.5036,1.00,1.32
2014.04.04 15:25:26.386,1.50345,1.50361,1.00,1.25
2014.04.04 15:25:26.448,1.50346,1.50364,1.00,1.00
2014.04.04 15:25:26.979,1.50346,1.50366,1.00,2.07
2014.04.04 15:25:27.602,1.50346,1.50366,1.00,1.88
2014.04.04 15:25:31.472,1.50346,1.50365,1.25,1.00
2014.04.04 15:25:31.573,1.50345,1.50363,1.19,1.00
2014.04.04 15:25:31.674,1.50343,1.50363,2.44,1.00
2014.04.04 15:25:31.877,1.50343,1.50361,1.25,1.00
2014.04.04 15:25:32.419,1.50343,1.50362,1.00,1.32
2014.04.04 15:25:32.649,1.50341,1.50362,1.50,1.69
2014.04.04 15:25:33.814,1.50341,1.50362,1.69,1.69
2014.04.04 15:25:35.168,1.50342,1.50362,1.50,2.44
2014.04.04 15:25:38.132,1.50345,1.50362,1.00,1.19
2014.04.04 15:25:38.437,1.50352,1.50365,1.00,1.19
2014.04.04 15:25:39.245,1.5035,1.50368,1.00,1.69
2014.04.04 15:25:39.549,1.50347,1.50366,1.00,1.19
2014.04.04 15:25:39.940,1.50351,1.5036,1.00,1.00
2014.04.04 15:25:40.003,1.50347,1.5036,1.50,1.00
2014.04.04 15:25:40.206,1.50347,1.50356,1.00,1.00
2014.04.04 15:25:40.746,1.50347,1.50357,1.00,1.00
2014.04.04 15:25:41.004,1.50342,1.50357,1.50,1.50
2014.04.04 15:25:41.405,1.50346,1.50357,1.00,1.25
2014.04.04 15:25:42.299,1.50344,1.50357,1.00,1.00
2014.04.04 15:25:42.834,1.50344,1.50358,1.00,1.00
2014.04.04 15:25:42.936,1.50344,1.50355,1.00,1.00
2014.04.04 15:25:42.986,1.50342,1.50355,1.50,1.00
2014.04.04 15:25:43.501,1.50342,1.50356,1.00,1.00
2014.04.04 15:25:44.094,1.50341,1.50358,1.00,1.19
2014.04.04 15:25:44.633,1.50342,1.50358,1.00,1.19
2014.04.04 15:25:45.272,1.50343,1.50358,1.00,1.00
2014.04.04 15:25:46.549,1.50343,1.50359,1.00,1.00
2014.04.04 15:25:47.316,1.50351,1.5036,1.00,1.05
2014.04.04 15:25:47.368,1.50354,1.50369,1.19,1.00
2014.04.04 15:25:49.078,1.50354,1.50369,1.50,1.00
2014.04.04 15:25:49.659,1.50354,1.50364,1.00,1.00
2014.04.04 15:25:49.963,1.50348,1.50362,1.00,1.00
2014.04.04 15:25:50.477,1.50347,1.50361,1.00,1.00
2014.04.04 15:25:50.528,1.50347,1.50358,1.00,1.00
2014.04.04 15:25:50.679,1.50344,1.50358,1.69,1.00
2014.04.04 15:25:52.291,1.50344,1.50356,1.69,1.00
2014.04.04 15:25:52.544,1.50342,1.50356,1.00,1.00
2014.04.04 15:25:52.599,1.50342,1.50358,1.00,1.00
2014.04.04 15:25:53.164,1.50341,1.50359,1.00,1.35
2014.04.04 15:25:53.701,1.50341,1.50358,1.00,1.00
2014.04.04 15:25:54.751,1.50342,1.50358,1.00,1.00
2014.04.04 15:25:55.791,1.50342,1.50359,1.50,1.00
2014.04.04 15:25:56.297,1.50343,1.5036,1.00,1.69
2014.04.04 15:25:59.508,1.50345,1.5036,1.00,1.50
2014.04.04 15:26:01.696,1.50354,1.5036,1.00,1.50
2014.04.04 15:26:01.754,1.50354,1.50369,1.50,1.19
2014.04.04 15:26:02.270,1.50355,1.50369,1.00,1.19
2014.04.04 15:26:02.476,1.50355,1.50371,1.00,1.00
2014.04.04 15:26:02.830,1.50355,1.50369,1.00,1.00
2014.04.04 15:26:03.830,1.50355,1.50365,1.00,1.00
2014.04.04 15:26:04.133,1.50348,1.50362,1.00,1.00
2014.04.04 15:26:04.235,1.50346,1.50362,1.00,1.50
2014.04.04 15:26:04.337,1.50343,1.50361,1.20,1.00
2014.04.04 15:26:04.388,1.50343,1.50359,1.20,1.00
2014.04.04 15:26:04.938,1.50343,1.50358,1.00,1.00
2014.04.04 15:26:05.191,1.50336,1.50355,1.00,1.88
2014.04.04 15:26:05.242,1.50336,1.50355,1.00,2.07
2014.04.04 15:26:05.344,1.50334,1.50355,2.25,2.07
2014.04.04 15:26:06.829,1.50331,1.50352,1.00,1.32
2014.04.04 15:26:07.159,1.50331,1.50349,1.00,1.00
2014.04.04 15:26:07.676,1.5033,1.50349,1.69,1.50
2014.04.04 15:26:08.120,1.50332,1.50349,1.50,1.00
2014.04.04 15:26:08.424,1.50341,1.50356,1.50,1.95
2014.04.04 15:26:08.809,1.50344,1.50356,1.00,1.00
2014.04.04 15:26:10.872,1.50344,1.50355,1.00,1.00
2014.04.04 15:26:11.421,1.50344,1.50356,1.00,1.00
2014.04.04 15:26:11.991,1.50345,1.50356,1.00,1.00
2014.04.04 15:26:12.420,1.50345,1.50358,1.00,1.00
2014.04.04 15:26:12.978,1.50344,1.50358,1.50,1.00
2014.04.04 15:26:16.621,1.50348,1.50364,1.25,1.00
2014.04.04 15:26:17.410,1.50345,1.50358,1.19,1.00
2014.04.04 15:26:17.725,1.50345,1.50353,1.00,1.00
2014.04.04 15:26:17.832,1.50338,1.50353,1.50,1.00
2014.04.04 15:26:18.357,1.50338,1.50352,1.00,1.50
2014.04.04 15:26:18.509,1.50338,1.5035,1.00,1.00
2014.04.04 15:26:18.661,1.50335,1.5035,1.00,1.50
2014.04.04 15:26:18.712,1.50335,1.50348,1.00,1.50
2014.04.04 15:26:19.323,1.50334,1.50348,1.00,1.00
2014.04.04 15:26:21.007,1.50334,1.50349,1.00,1.00
2014.04.04 15:26:23.090,1.50334,1.50345,1.00,1.00
2014.04.04 15:26:23.293,1.5033,1.50345,1.00,1.00
2014.04.04 15:26:23.344,1.5033,1.50343,1.00,1.00
2014.04.04 15:26:23.648,1.5033,1.50339,1.00,1.00
2014.04.04 15:26:23.749,1.50325,1.50342,1.28,1.13
2014.04.04 15:26:24.299,1.50323,1.50342,1.53,1.32
2014.04.04 15:26:24.440,1.50321,1.50342,1.00,2.82
2014.04.04 15:26:25.147,1.50321,1.50342,1.00,2.82
2014.04.04 15:26:26.413,1.50321,1.50342,1.00,2.07
2014.04.04 15:26:27.170,1.5032,1.50342,2.25,2.07
2014.04.04 15:26:27.626,1.50322,1.50344,1.00,2.98
2014.04.04 15:26:28.072,1.50326,1.50344,1.00,3.19
2014.04.04 15:26:28.921,1.50326,1.50343,1.00,2.44
2014.04.04 15:26:32.071,1.50321,1.5034,1.50,1.19
2014.04.04 15:26:33.954,1.50323,1.50341,1.00,1.25
2014.04.04 15:26:36.929,1.50323,1.50342,1.00,1.69
2014.04.04 15:26:38.087,1.50326,1.50343,1.00,1.19
2014.04.04 15:26:38.638,1.50327,1.50339,1.50,1.00
2014.04.04 15:26:39.155,1.50326,1.50338,1.00,1.00
2014.04.04 15:26:39.458,1.5033,1.50346,1.00,2.82
2014.04.04 15:26:39.509,1.5033,1.50346,1.00,2.07
2014.04.04 15:26:39.560,1.50333,1.50346,1.00,2.07
2014.04.04 15:26:39.711,1.50333,1.50347,1.00,1.00
2014.04.04 15:26:40.540,1.50333,1.5035,1.00,2.07
2014.04.04 15:26:40.643,1.50333,1.50341,1.00,1.00
2014.04.04 15:26:40.795,1.50325,1.50341,1.00,2.25
2014.04.04 15:26:40.966,1.50326,1.50339,1.00,1.00
2014.04.04 15:26:41.119,1.50324,1.50339,1.00,1.00
2014.04.04 15:26:41.691,1.50323,1.50339,1.00,1.00
2014.04.04 15:26:43.521,1.50323,1.50338,1.00,1.00
2014.04.04 15:26:43.684,1.50323,1.50336,1.00,1.50
2014.04.04 15:26:44.085,1.50323,1.50334,1.00,1.00
2014.04.04 15:26:44.288,1.50323,1.50338,1.00,1.00
2014.04.04 15:26:44.439,1.50321,1.50338,1.00,1.13
2014.04.04 15:26:45.970,1.50321,1.5034,1.50,1.32
2014.04.04 15:26:50.170,1.50321,1.5034,1.50,1.63
2014.04.04 15:26:50.497,1.50321,1.5034,1.50,1.25
2014.04.04 15:26:51.723,1.50321,1.50338,1.00,1.00
2014.04.04 15:26:52.033,1.50319,1.50335,1.00,1.00
2014.04.04 15:26:52.235,1.50316,1.50333,1.00,1.00
2014.04.04 15:26:52.751,1.50316,1.50335,1.00,1.19
2014.04.04 15:26:53.054,1.50322,1.50335,1.00,1.19
2014.04.04 15:26:53.105,1.50322,1.50337,1.00,1.00
2014.04.04 15:26:53.206,1.50322,1.50341,1.00,1.69
2014.04.04 15:26:53.257,1.50321,1.5034,1.00,1.19
2014.04.04 15:26:53.831,1.50321,1.5034,1.00,1.19
2014.04.04 15:26:54.360,1.50322,1.50341,1.00,1.57
2014.04.04 15:26:54.764,1.5032,1.50336,1.00,1.38
2014.04.04 15:26:54.866,1.50318,1.50335,1.50,1.38
2014.04.04 15:26:54.967,1.50316,1.50335,1.00,1.63
2014.04.04 15:26:56.196,1.50316,1.50335,1.00,1.57
2014.04.04 15:26:57.099,1.50317,1.50335,1.00,1.00
2014.04.04 15:26:57.200,1.50319,1.50335,1.00,1.00
2014.04.04 15:26:57.504,1.50323,1.50335,1.00,1.00
2014.04.04 15:26:57.959,1.5032,1.50335,3.19,1.00
2014.04.04 15:26:58.262,1.5032,1.50337,3.57,1.13
2014.04.04 15:26:59.110,1.50323,1.5034,1.50,1.00
2014.04.04 15:26:59.645,1.50323,1.50341,1.50,1.25
2014.04.04 15:27:00.182,1.50323,1.50341,1.50,1.19
2014.04.04 15:27:00.901,1.5033,1.50342,1.00,1.19
2014.04.04 15:27:01.103,1.50332,1.50345,1.00,1.19
2014.04.04 15:27:01.205,1.50332,1.50348,1.00,1.38
2014.04.04 15:27:01.407,1.50333,1.50351,1.00,1.19
2014.04.04 15:27:01.560,1.50331,1.50351,2.44,1.32
2014.04.04 15:27:01.611,1.50331,1.50345,1.69,1.00
2014.04.04 15:27:01.764,1.50329,1.50345,1.25,1.50
2014.04.04 15:27:01.865,1.50327,1.50345,1.25,1.50
2014.04.04 15:27:01.967,1.50328,1.50345,1.00,1.69
2014.04.04 15:27:02.068,1.50328,1.50345,1.00,1.50
2014.04.04 15:27:02.169,1.5033,1.5035,1.00,3.19
2014.04.04 15:27:02.683,1.50333,1.50349,1.50,1.69
2014.04.04 15:27:03.195,1.50332,1.50349,1.00,1.69
2014.04.04 15:27:05.690,1.50333,1.50349,1.00,1.69
2014.04.04 15:27:07.580,1.50332,1.50349,1.50,1.19
2014.04.04 15:27:07.732,1.5033,1.50348,1.00,1.19
2014.04.04 15:27:07.934,1.50327,1.50346,1.88,1.19
2014.04.04 15:27:08.086,1.50325,1.50344,1.50,1.69
2014.04.04 15:27:08.136,1.50325,1.50344,1.50,1.69
2014.04.04 15:27:08.800,1.50324,1.50343,1.00,1.19
2014.04.04 15:27:10.391,1.50325,1.50344,1.00,2.44
2014.04.04 15:27:10.492,1.50325,1.50345,1.50,1.32
2014.04.04 15:27:11.001,1.50326,1.50345,1.00,1.32
2014.04.04 15:27:13.779,1.50327,1.50345,1.00,1.32
2014.04.04 15:27:15.481,1.50328,1.50345,1.00,1.19
2014.04.04 15:27:16.017,1.50328,1.50345,1.00,1.00
2014.04.04 15:27:16.407,1.50328,1.50348,1.00,1.69
2014.04.04 15:27:16.931,1.50329,1.50348,1.50,1.69
2014.04.04 15:27:17.083,1.50328,1.50346,1.50,1.00
2014.04.04 15:27:17.386,1.50336,1.50351,1.00,1.00
2014.04.04 15:27:17.487,1.50337,1.50353,1.00,1.00
2014.04.04 15:27:17.538,1.50339,1.50353,1.00,1.00
2014.04.04 15:27:17.590,1.50339,1.50355,1.00,2.44
2014.04.04 15:27:17.691,1.50341,1.50355,1.00,1.69
2014.04.04 15:27:17.797,1.50338,1.50355,1.00,1.25
2014.04.04 15:27:18.275,1.50342,1.50359,1.25,1.50
2014.04.04 15:27:18.407,1.50342,1.50361,1.25,1.50
2014.04.04 15:27:18.458,1.50344,1.50361,1.00,1.00
2014.04.04 15:27:18.762,1.50342,1.50358,1.00,1.19
2014.04.04 15:27:18.863,1.5034,1.50359,1.50,1.69
2014.04.04 15:27:20.060,1.50341,1.5036,1.50,1.19
2014.04.04 15:27:20.162,1.50341,1.5036,1.50,1.19
2014.04.04 15:27:20.265,1.50341,1.5036,2.25,1.00
2014.04.04 15:27:20.316,1.50343,1.5036,1.50,1.00
2014.04.04 15:27:20.367,1.50343,1.50362,2.25,1.00
2014.04.04 15:27:20.519,1.50343,1.50365,2.44,2.44
2014.04.04 15:27:21.168,1.50346,1.50361,1.00,1.50
2014.04.04 15:27:21.428,1.50341,1.50359,1.00,1.50
2014.04.04 15:27:21.478,1.50341,1.50359,1.00,1.69
2014.04.04 15:27:21.529,1.50339,1.50359,1.00,1.69
2014.04.04 15:27:21.821,1.50341,1.50359,1.00,1.69
2014.04.04 15:27:22.628,1.50339,1.50359,1.00,2.44
2014.04.04 15:27:22.808,1.50342,1.50359,1.00,2.44
2014.04.04 15:27:23.113,1.50344,1.50362,1.00,1.19
2014.04.04 15:27:23.215,1.50343,1.50361,1.00,1.19
2014.04.04 15:27:23.720,1.50343,1.50363,1.00,1.19
2014.04.04 15:27:24.223,1.50342,1.50361,1.50,1.19
2014.04.04 15:27:24.918,1.50342,1.5036,1.00,2.44
2014.04.04 15:27:25.020,1.5034,1.5036,1.00,2.44
2014.04.04 15:27:25.525,1.50339,1.50357,1.50,1.19
2014.04.04 15:27:28.247,1.50339,1.50357,1.50,1.19
2014.04.04 15:27:31.399,1.50339,1.50356,1.00,1.19
2014.04.04 15:27:31.552,1.50337,1.50357,2.25,1.69
2014.04.04 15:27:31.654,1.50342,1.50359,1.00,1.69
2014.04.04 15:27:32.008,1.50342,1.5036,1.00,1.69
2014.04.04 15:27:32.821,1.50343,1.5036,1.00,1.69
2014.04.04 15:27:34.940,1.50343,1.50362,1.00,3.19
2014.04.04 15:27:35.653,1.50343,1.50362,1.38,3.19
2014.04.04 15:27:35.704,1.50347,1.50362,1.00,1.19
2014.04.04 15:27:35.856,1.50347,1.50365,1.00,1.19
2014.04.04 15:27:37.905,1.50347,1.50361,1.00,1.00
2014.04.04 15:27:38.007,1.50345,1.50365,1.00,2.07
2014.04.04 15:27:38.058,1.50345,1.50365,1.00,2.82
2014.04.04 15:27:38.160,1.50345,1.50365,1.13,1.69
2014.04.04 15:27:38.211,1.50347,1.50366,1.00,2.07
2014.04.04 15:27:43.700,1.50345,1.50365,1.00,1.69
2014.04.04 15:27:45.225,1.50349,1.50365,1.00,1.19
2014.04.04 15:27:45.378,1.50352,1.50369,1.00,1.25
2014.04.04 15:27:45.429,1.50356,1.50369,1.00,1.25
2014.04.04 15:27:45.530,1.50356,1.50371,1.00,1.00
2014.04.04 15:27:46.037,1.50357,1.50377,1.00,1.32
2014.04.04 15:27:47.989,1.50357,1.50377,1.00,1.19
2014.04.04 15:27:49.333,1.50357,1.50377,1.00,1.19
2014.04.04 15:27:50.866,1.50355,1.50375,1.88,1.50
2014.04.04 15:27:51.622,1.50354,1.50374,1.50,1.25
2014.04.04 15:27:53.331,1.50354,1.50375,1.88,2.44
2014.04.04 15:27:53.858,1.50357,1.50375,1.00,2.07
2014.04.04 15:27:54.010,1.50354,1.50375,1.13,2.82
2014.04.04 15:27:54.595,1.50354,1.50375,1.00,2.82
2014.04.04 15:27:55.108,1.50353,1.50373,1.50,1.19
2014.04.04 15:27:55.620,1.50353,1.50374,2.25,1.69
2014.04.04 15:27:58.406,1.50367,1.50382,1.00,1.25
2014.04.04 15:27:59.009,1.50367,1.50381,1.00,1.00
2014.04.04 15:27:59.215,1.50363,1.50379,2.25,1.00
2014.04.04 15:27:59.518,1.5036,1.50379,1.00,1.88
2014.04.04 15:27:59.771,1.5036,1.50379,1.00,1.88
2014.04.04 15:28:00.391,1.5036,1.50379,1.50,1.57
2014.04.04 15:28:00.907,1.50361,1.50379,1.00,2.07
2014.04.04 15:28:01.446,1.5036,1.50379,2.25,1.57
2014.04.04 15:28:01.983,1.50361,1.50379,1.50,1.57
2014.04.04 15:28:03.106,1.50363,1.50376,1.00,1.25
2014.04.04 15:28:03.207,1.50361,1.50378,1.50,1.32
2014.04.04 15:28:05.258,1.50361,1.5038,2.25,1.69
2014.04.04 15:28:05.359,1.50363,1.5038,1.00,1.19
2014.04.04 15:28:05.934,1.50362,1.5038,1.00,1.32
2014.04.04 15:28:06.793,1.50363,1.5038,1.00,1.32
2014.04.04 15:28:07.338,1.50362,1.5038,1.00,1.32
2014.04.04 15:28:07.941,1.50361,1.50379,2.25,1.19
2014.04.04 15:28:08.042,1.50359,1.50378,1.50,2.82
2014.04.04 15:28:08.552,1.50359,1.50377,1.50,2.82
2014.04.04 15:28:09.088,1.5036,1.50377,1.00,2.82
2014.04.04 15:28:10.148,1.5036,1.50377,1.00,2.82
2014.04.04 15:28:12.999,1.50362,1.50378,1.00,1.00
2014.04.04 15:28:14.342,1.50362,1.50376,1.00,1.00
2014.04.04 15:28:14.443,1.5036,1.50376,1.00,1.00
2014.04.04 15:28:15.840,1.5036,1.50374,1.00,1.00
2014.04.04 15:28:16.273,1.50357,1.50375,2.10,1.57
2014.04.04 15:28:19.238,1.50359,1.50374,1.00,1.25
2014.04.04 15:28:19.879,1.50361,1.50375,1.00,1.00
2014.04.04 15:28:19.930,1.50361,1.50379,1.00,2.25
2014.04.04 15:28:20.585,1.50362,1.50379,1.00,2.25
2014.04.04 15:28:22.087,1.50362,1.50379,1.00,2.44
2014.04.04 15:28:23.799,1.50359,1.50373,1.00,1.00
2014.04.04 15:28:23.951,1.50353,1.50371,2.40,1.19
2014.04.04 15:28:24.053,1.50353,1.50371,1.50,1.19
2014.04.04 15:28:26.814,1.50349,1.50366,1.60,1.00
2014.04.04 15:28:26.882,1.50345,1.50364,1.00,1.69
2014.04.04 15:28:27.409,1.50345,1.50364,1.00,1.69
2014.04.04 15:28:28.333,1.50345,1.50364,1.00,1.69
2014.04.04 15:28:29.312,1.50345,1.50361,1.00,1.00
2014.04.04 15:28:29.363,1.50341,1.50361,1.13,1.69
2014.04.04 15:28:32.051,1.50341,1.50361,1.13,1.50
2014.04.04 15:28:36.561,1.50341,1.50359,1.13,1.00
2014.04.04 15:28:36.865,1.50344,1.50358,1.00,1.00
2014.04.04 15:28:36.966,1.50344,1.50364,1.00,1.50
2014.04.04 15:28:37.507,1.50344,1.50365,2.25,1.00
2014.04.04 15:28:42.895,1.50354,1.50366,1.00,1.00
2014.04.04 15:28:43.148,1.50354,1.5037,1.50,1.00
2014.04.04 15:28:43.301,1.50354,1.50372,1.00,1.00
2014.04.04 15:28:43.352,1.50357,1.50372,1.00,1.00
2014.04.04 15:28:43.657,1.50361,1.50372,1.50,1.00
2014.04.04 15:28:43.859,1.50364,1.50378,1.00,1.00
2014.04.04 15:28:44.328,1.50364,1.50381,1.00,1.00
2014.04.04 15:28:44.379,1.50366,1.50381,1.00,1.00
2014.04.04 15:28:44.581,1.50366,1.50383,1.88,1.00
2014.04.04 15:28:44.632,1.50366,1.50386,2.63,1.00
2014.04.04 15:28:44.683,1.50371,1.50386,1.00,1.00
2014.04.04 15:28:45.058,1.50371,1.50388,1.00,1.50
2014.04.04 15:28:45.210,1.50367,1.50385,1.32,1.00
2014.04.04 15:28:46.156,1.50367,1.50385,1.32,1.00
2014.04.04 15:28:47.144,1.50367,1.50385,1.32,1.00
2014.04.04 15:28:47.848,1.50366,1.50385,1.25,1.00
2014.04.04 15:28:49.058,1.50366,1.50381,1.25,1.00
2014.04.04 15:28:51.056,1.50366,1.50382,1.00,1.00
2014.04.04 15:28:51.664,1.50367,1.50381,1.00,1.00
2014.04.04 15:28:53.862,1.50366,1.50381,1.00,1.00
2014.04.04 15:28:54.387,1.50366,1.50382,1.25,1.50
2014.04.04 15:28:56.688,1.50366,1.50378,1.25,1.00
2014.04.04 15:28:56.739,1.50357,1.50376,1.00,1.00
2014.04.04 15:28:57.126,1.50356,1.50374,1.50,1.00
2014.04.04 15:28:57.632,1.50357,1.5037,1.00,1.00
2014.04.04 15:28:57.936,1.50353,1.50367,1.00,1.00
2014.04.04 15:28:57.987,1.50353,1.50365,1.00,1.00
2014.04.04 15:28:58.190,1.50351,1.50365,1.00,1.00
2014.04.04 15:28:58.467,1.50348,1.50365,1.00,1.00
2014.04.04 15:28:58.680,1.50348,1.50363,1.00,1.00
2014.04.04 15:28:59.196,1.5035,1.50363,1.00,1.00
2014.04.04 15:28:59.247,1.5035,1.50365,1.00,1.00
2014.04.04 15:28:59.784,1.50351,1.50366,1.00,1.00
2014.04.04 15:28:59.986,1.50352,1.50368,1.00,1.00
2014.04.04 15:29:01.814,1.50353,1.50369,1.00,1.19
2014.04.04 15:29:02.352,1.50352,1.50369,1.00,1.19
2014.04.04 15:29:02.916,1.50352,1.50369,1.00,1.19
2014.04.04 15:29:04.044,1.50352,1.50369,1.00,1.19
2014.04.04 15:29:04.604,1.50356,1.50369,1.00,1.19
2014.04.04 15:29:06.221,1.50356,1.50369,1.00,1.19
2014.04.04 15:29:12.044,1.50356,1.50369,1.00,1.19
2014.04.04 15:29:13.407,1.50357,1.50369,1.00,1.20
2014.04.04 15:29:13.571,1.50357,1.50373,1.50,2.22
2014.04.04 15:29:13.622,1.50361,1.50373,1.00,1.25
2014.04.04 15:29:13.926,1.50364,1.50376,1.00,2.14
2014.04.04 15:29:14.901,1.50362,1.50378,1.00,4.39
2014.04.04 15:29:15.767,1.50365,1.50377,1.00,1.19
2014.04.04 15:29:15.869,1.50364,1.50377,1.00,1.20
2014.04.04 15:29:16.121,1.50366,1.50377,1.00,1.20
2014.04.04 15:29:16.365,1.50366,1.50382,1.00,1.19
2014.04.04 15:29:16.518,1.50366,1.50382,1.00,1.25
2014.04.04 15:29:19.079,1.50366,1.50385,1.00,2.44
2014.04.04 15:29:20.551,1.50368,1.50385,1.00,2.29
2014.04.04 15:29:21.128,1.50367,1.50385,1.00,2.44
2014.04.04 15:29:21.384,1.50364,1.50382,1.00,1.19
2014.04.04 15:29:21.687,1.50365,1.50379,1.00,1.00
2014.04.04 15:29:22.196,1.50365,1.50382,1.00,2.44
2014.04.04 15:29:23.238,1.50365,1.50382,1.00,2.44
2014.04.04 15:29:24.162,1.50362,1.50382,2.25,3.94
2014.04.04 15:29:24.314,1.50362,1.5038,2.25,1.19
2014.04.04 15:29:24.415,1.50364,1.50381,1.00,1.69
2014.04.04 15:29:24.516,1.50364,1.50382,1.50,1.25
2014.04.04 15:29:24.668,1.50366,1.50383,1.00,3.04
2014.04.04 15:29:25.279,1.50366,1.50381,1.00,1.00
2014.04.04 15:29:27.472,1.5036,1.50376,1.00,1.00
2014.04.04 15:29:28.368,1.50362,1.50376,1.00,1.25
2014.04.04 15:29:29.265,1.50364,1.50376,1.00,1.25
2014.04.04 15:29:30.033,1.50364,1.50377,1.00,2.44
2014.04.04 15:29:30.690,1.50363,1.50377,1.00,1.69
2014.04.04 15:29:31.454,1.50366,1.5038,1.00,1.69
2014.04.04 15:29:31.606,1.50368,1.50381,1.00,1.95
2014.04.04 15:29:32.010,1.50366,1.50381,1.00,1.50
2014.04.04 15:29:32.061,1.50366,1.50379,1.00,1.00
2014.04.04 15:29:32.585,1.50366,1.50381,1.00,1.00
2014.04.04 15:29:33.095,1.50369,1.50381,1.00,1.00
2014.04.04 15:29:33.566,1.50369,1.50383,1.00,1.00
2014.04.04 15:29:33.668,1.50371,1.50383,1.00,1.00
2014.04.04 15:29:35.102,1.5037,1.50383,1.00,1.00
2014.04.04 15:29:37.391,1.50365,1.50382,1.32,1.50
2014.04.04 15:29:37.442,1.50367,1.50382,1.00,2.25
2014.04.04 15:29:37.543,1.50364,1.50382,1.19,2.25
2014.04.04 15:29:37.695,1.50365,1.5038,1.25,1.00
2014.04.04 15:29:37.948,1.50363,1.50379,1.00,1.00
2014.04.04 15:29:38.202,1.50361,1.50377,1.50,1.00
2014.04.04 15:29:38.896,1.50362,1.50377,1.00,1.00
2014.04.04 15:29:41.756,1.5036,1.50378,2.44,1.00
2014.04.04 15:29:42.948,1.50363,1.50378,1.00,1.00
2014.04.04 15:29:43.425,1.50361,1.5038,1.00,2.44
2014.04.04 15:29:43.526,1.50363,1.5038,1.00,1.69
2014.04.04 15:29:45.495,1.50362,1.5038,1.00,1.50
2014.04.04 15:29:46.194,1.50361,1.5038,1.00,1.50
2014.04.04 15:29:47.152,1.50362,1.5038,1.00,1.00
2014.04.04 15:29:47.667,1.50364,1.50382,1.13,2.25
2014.04.04 15:29:47.972,1.50375,1.50383,1.00,1.00
2014.04.04 15:29:48.363,1.50381,1.50395,1.25,1.38
2014.04.04 15:29:48.430,1.50382,1.504,1.50,1.00
2014.04.04 15:29:48.582,1.50384,1.504,1.00,1.00
2014.04.04 15:29:48.684,1.50387,1.50405,1.50,1.25
2014.04.04 15:29:48.786,1.5039,1.50405,1.00,1.00
2014.04.04 15:29:48.837,1.5039,1.50407,1.00,1.00
2014.04.04 15:29:49.144,1.50396,1.50409,1.00,1.69
2014.04.04 15:29:49.195,1.50396,1.50411,1.00,1.00
2014.04.04 15:29:49.448,1.50393,1.50411,1.00,1.50
2014.04.04 15:29:49.600,1.50392,1.50409,1.00,1.00
2014.04.04 15:29:49.701,1.50392,1.50412,1.50,1.25
2014.04.04 15:29:50.377,1.50393,1.50412,1.50,1.19
2014.04.04 15:29:51.375,1.50395,1.50411,1.00,1.19
2014.04.04 15:29:51.679,1.50398,1.50417,1.00,1.19
2014.04.04 15:29:51.730,1.50401,1.50418,1.00,1.19
2014.04.04 15:29:51.781,1.50401,1.50419,1.00,1.19
2014.04.04 15:29:52.142,1.50401,1.50414,1.00,1.00
2014.04.04 15:29:52.299,1.50396,1.50414,1.19,1.00
2014.04.04 15:29:52.924,1.50396,1.50414,1.00,1.00
2014.04.04 15:29:54.171,1.50398,1.50414,1.00,1.00
2014.04.04 15:29:54.222,1.50398,1.50416,1.00,1.25
2014.04.04 15:29:54.273,1.504,1.50416,1.00,1.25
2014.04.04 15:29:54.375,1.50397,1.50416,2.25,1.25
2014.04.04 15:29:55.070,1.50397,1.50415,1.00,1.88
2014.04.04 15:29:55.121,1.50397,1.50413,1.00,1.00
2014.04.04 15:29:57.816,1.50397,1.50412,1.00,1.00
2014.04.04 15:29:58.018,1.50393,1.50409,1.00,1.00
2014.04.04 15:29:58.543,1.50393,1.5041,1.00,1.25
2014.04.04 15:29:58.594,1.50396,1.5041,1.00,1.25
2014.04.04 15:29:58.746,1.50396,1.50414,1.00,2.25
2014.04.04 15:29:59.251,1.50396,1.50415,1.50,1.25
2014.04.04 15:29:59.602,1.50399,1.50416,1.00,1.69
2014.04.04 15:30:00.135,1.50399,1.50416,1.00,1.50
2014.04.04 15:30:00.337,1.50403,1.50423,1.00,2.44
2014.04.04 15:30:00.388,1.50402,1.50418,1.00,1.00
2014.04.04 15:30:00.716,1.50406,1.50419,1.00,1.19
2014.04.04 15:30:00.868,1.50401,1.50419,1.00,1.19
2014.04.04 15:30:01.071,1.50402,1.50419,1.00,2.07
2014.04.04 15:30:01.871,1.50396,1.50414,1.13,1.19
2014.04.04 15:30:02.290,1.50396,1.50416,1.43,1.69
2014.04.04 15:30:02.391,1.50396,1.50416,1.68,1.69
2014.04.04 15:30:02.694,1.50403,1.5042,1.00,1.69
2014.04.04 15:30:03.149,1.504,1.50419,1.00,1.19
2014.04.04 15:30:03.251,1.50404,1.50419,1.00,1.69
2014.04.04 15:30:03.302,1.50404,1.50419,1.00,1.00
2014.04.04 15:30:03.353,1.50404,1.50422,1.00,2.82
2014.04.04 15:30:03.999,1.50404,1.50423,1.50,1.69
2014.04.04 15:30:05.227,1.50406,1.50426,1.00,2.82
2014.04.04 15:30:05.328,1.50407,1.50426,1.00,1.57
2014.04.04 15:30:06.466,1.50408,1.50427,1.00,1.69
2014.04.04 15:30:08.802,1.50408,1.50427,1.00,2.07
2014.04.04 15:30:09.338,1.50408,1.50427,1.00,1.69
2014.04.04 15:30:10.027,1.50409,1.50426,1.00,1.00
2014.04.04 15:30:12.953,1.50406,1.50427,1.00,4.92
2014.04.04 15:30:13.003,1.50406,1.50424,1.00,1.00
2014.04.04 15:30:13.105,1.50404,1.50423,1.69,1.50
2014.04.04 15:30:13.257,1.50404,1.50417,1.00,1.13
2014.04.04 15:30:13.358,1.50401,1.50417,1.50,1.13
2014.04.04 15:30:13.460,1.50401,1.50414,1.50,1.00
2014.04.04 15:30:13.713,1.50398,1.50414,1.00,1.00
2014.04.04 15:30:14.591,1.50397,1.50414,1.00,1.00
2014.04.04 15:30:16.152,1.50397,1.50415,1.00,1.25
2014.04.04 15:30:16.736,1.50398,1.50415,1.00,1.25
2014.04.04 15:30:19.353,1.50398,1.50417,1.00,1.69
2014.04.04 15:30:19.888,1.50398,1.50417,3.00,1.00
2014.04.04 15:30:20.391,1.50399,1.50417,1.00,1.00
2014.04.04 15:30:20.493,1.50405,1.50417,1.00,1.00
2014.04.04 15:30:20.595,1.50406,1.50422,1.00,1.50
2014.04.04 15:30:20.697,1.50407,1.50424,1.00,1.13
2014.04.04 15:30:20.799,1.50405,1.50425,1.00,4.50
2014.04.04 15:30:23.082,1.50405,1.50425,1.00,4.69
2014.04.04 15:30:23.337,1.50401,1.50419,1.00,1.50
2014.04.04 15:30:23.642,1.50402,1.50421,1.00,1.69
2014.04.04 15:30:23.693,1.50404,1.50421,1.00,1.69
2014.04.04 15:30:24.204,1.50401,1.50419,1.00,1.00
2014.04.04 15:30:24.728,1.504,1.50419,1.00,1.19
2014.04.04 15:30:25.681,1.504,1.50419,1.00,1.69
2014.04.04 15:30:27.216,1.50402,1.5042,1.00,1.69
2014.04.04 15:30:27.807,1.50402,1.5042,1.50,1.00
2014.04.04 15:30:27.908,1.50402,1.50422,3.38,2.25
2014.04.04 15:30:28.060,1.50406,1.50422,1.00,1.00
2014.04.04 15:30:28.595,1.50406,1.50424,1.00,2.07
2014.04.04 15:30:28.923,1.50406,1.50421,1.00,1.00
2014.04.04 15:30:29.608,1.50406,1.5042,1.50,1.00
2014.04.04 15:30:30.136,1.50404,1.5042,1.50,1.00
2014.04.04 15:30:30.642,1.50405,1.50421,1.00,1.00
2014.04.04 15:30:31.156,1.50405,1.50422,1.00,1.32
2014.04.04 15:30:31.257,1.50404,1.50419,1.00,1.00
2014.04.04 15:30:31.308,1.50402,1.50418,1.50,1.00
2014.04.04 15:30:31.460,1.504,1.50417,1.50,1.00
2014.04.04 15:30:31.561,1.50399,1.50415,1.00,1.00
2014.04.04 15:30:32.332,1.50397,1.50414,1.00,1.25
2014.04.04 15:30:32.957,1.50398,1.50415,1.00,1.19
2014.04.04 15:30:35.662,1.50398,1.50415,1.00,1.00
2014.04.04 15:30:35.713,1.50401,1.50416,1.00,1.50
2014.04.04 15:30:36.017,1.50403,1.50424,1.00,4.50
2014.04.04 15:30:36.067,1.50403,1.50424,1.00,4.13
2014.04.04 15:30:36.735,1.50403,1.50424,1.50,3.98
2014.04.04 15:30:36.786,1.50405,1.50424,1.00,3.98
2014.04.04 15:30:38.457,1.50405,1.50424,1.00,3.98
2014.04.04 15:30:38.979,1.50405,1.50424,1.00,3.98
2014.04.04 15:30:39.283,1.50405,1.50422,1.00,1.13
2014.04.04 15:30:39.956,1.50404,1.50418,1.00,1.00
2014.04.04 15:30:40.010,1.50401,1.50416,1.00,1.00
2014.04.04 15:30:40.339,1.504,1.50418,1.00,1.50
2014.04.04 15:30:40.441,1.50403,1.5042,1.00,1.50
2014.04.04 15:30:40.745,1.50404,1.50421,1.19,1.00
2014.04.04 15:30:41.558,1.50407,1.50421,1.00,1.00
2014.04.04 15:30:41.660,1.50409,1.50424,1.00,1.00
2014.04.04 15:30:41.761,1.50409,1.50426,1.00,1.88
2014.04.04 15:30:42.316,1.50408,1.50426,1.00,1.88
2014.04.04 15:30:42.367,1.50408,1.50424,1.00,1.50
2014.04.04 15:30:43.406,1.50407,1.50424,1.00,1.50
2014.04.04 15:30:47.425,1.50411,1.50427,1.00,1.00
2014.04.04 15:30:51.801,1.50411,1.50425,1.00,1.00
2014.04.04 15:30:52.307,1.50411,1.50427,1.00,1.00
2014.04.04 15:30:52.560,1.5041,1.50425,1.00,1.00
2014.04.04 15:30:52.661,1.50408,1.50425,1.50,1.50
2014.04.04 15:30:53.173,1.50409,1.50425,1.00,1.00
2014.04.04 15:30:54.169,1.50411,1.50425,1.00,1.00
2014.04.04 15:30:54.271,1.50411,1.50429,1.00,1.30
2014.04.04 15:30:54.678,1.50413,1.50429,1.00,1.00
2014.04.04 15:30:56.328,1.50414,1.50429,1.00,1.00
2014.04.04 15:30:56.430,1.50411,1.5043,1.00,3.75
2014.04.04 15:30:56.481,1.50411,1.50428,1.00,1.50
2014.04.04 15:30:56.784,1.50409,1.50427,1.50,1.00
2014.04.04 15:30:57.331,1.50409,1.50426,1.50,1.00
2014.04.04 15:30:58.688,1.50409,1.50424,1.50,1.88
2014.04.04 15:30:58.840,1.50403,1.50419,1.50,1.00
2014.04.04 15:30:58.891,1.50403,1.50417,1.00,1.00
2014.04.04 15:30:59.195,1.504,1.5041,1.95,1.00
2014.04.04 15:30:59.499,1.50399,1.50415,1.45,1.00
2014.04.04 15:30:59.550,1.50398,1.50415,1.00,1.00
2014.04.04 15:31:00.597,1.50396,1.50415,1.69,1.13
2014.04.04 15:31:01.034,1.50395,1.50411,1.25,1.00
2014.04.04 15:31:01.338,1.5039,1.50406,1.13,1.00
2014.04.04 15:31:01.490,1.50387,1.50404,1.25,1.00
2014.04.04 15:31:01.591,1.50385,1.50404,1.50,1.00
2014.04.04 15:31:01.692,1.50385,1.50401,1.00,1.00
2014.04.04 15:31:02.476,1.50384,1.50401,1.50,1.50
2014.04.04 15:31:02.780,1.50381,1.50392,1.00,1.00
2014.04.04 15:31:02.831,1.50376,1.50392,1.00,1.50
2014.04.04 15:31:02.882,1.50376,1.5039,1.00,1.00
2014.04.04 15:31:03.034,1.50373,1.50389,1.00,1.00
2014.04.04 15:31:03.084,1.50379,1.50389,1.00,1.00
2014.04.04 15:31:03.236,1.50379,1.50393,1.00,1.00
2014.04.04 15:31:03.287,1.50379,1.50395,1.00,1.00
2014.04.04 15:31:03.742,1.50378,1.50392,1.00,1.00
2014.04.04 15:31:03.843,1.50374,1.50392,1.25,1.00
2014.04.04 15:31:03.944,1.50372,1.50391,2.07,1.50
2014.04.04 15:31:04.377,1.50388,1.50394,1.00,1.00
2014.04.04 15:31:04.445,1.50388,1.50406,1.88,1.13
2014.04.04 15:31:04.548,1.50391,1.50409,1.00,3.53
2014.04.04 15:31:04.599,1.50389,1.50407,1.00,1.00
2014.04.04 15:31:05.003,1.50393,1.50406,1.00,1.00
2014.04.04 15:31:05.105,1.50393,1.5041,1.00,1.00
2014.04.04 15:31:05.611,1.50394,1.50411,1.69,1.00
2014.04.04 15:31:06.750,1.50386,1.50405,2.25,1.00
2014.04.04 15:31:06.851,1.50386,1.50401,1.00,1.00
2014.04.04 15:31:06.953,1.50383,1.50401,2.82,1.00
2014.04.04 15:31:07.763,1.50381,1.50399,1.25,1.00
2014.04.04 15:31:08.068,1.50382,1.50397,1.00,1.00
2014.04.04 15:31:08.726,1.5038,1.50397,1.00,1.50
2014.04.04 15:31:08.777,1.5038,1.50395,1.00,1.00
2014.04.04 15:31:09.282,1.50379,1.50394,1.50,1.00
2014.04.04 15:31:09.687,1.50384,1.50396,1.00,1.00
2014.04.04 15:31:09.940,1.50385,1.504,1.00,1.00
2014.04.04 15:31:10.294,1.50384,1.50402,1.00,1.50
2014.04.04 15:31:11.267,1.50385,1.50402,1.00,1.50
2014.04.04 15:31:11.799,1.50386,1.50402,1.50,1.00
2014.04.04 15:31:12.978,1.50383,1.50402,1.00,1.38
2014.04.04 15:31:13.281,1.50383,1.504,1.00,1.88
2014.04.04 15:31:13.585,1.50385,1.504,1.00,1.50
2014.04.04 15:31:14.198,1.50384,1.504,1.25,1.88
2014.04.04 15:31:15.290,1.50384,1.50398,1.25,1.00
2014.04.04 15:31:15.665,1.50381,1.50395,1.00,1.00
2014.04.04 15:31:16.187,1.5038,1.50395,1.00,1.00
2014.04.04 15:31:18.220,1.50387,1.50399,1.50,1.00
2014.04.04 15:31:18.945,1.50401,1.50405,1.00,1.00
2014.04.04 15:31:19.009,1.50396,1.50415,1.19,1.00
2014.04.04 15:31:19.513,1.50395,1.50414,2.44,1.00
2014.04.04 15:31:20.329,1.50395,1.50414,1.69,1.00
2014.04.04 15:31:20.879,1.50396,1.50414,1.00,1.00
2014.04.04 15:31:21.081,1.50398,1.50414,1.00,1.00
2014.04.04 15:31:21.725,1.50398,1.50415,1.00,1.00
2014.04.04 15:31:21.826,1.50396,1.50415,1.00,1.00
2014.04.04 15:31:22.419,1.50395,1.50415,1.69,1.50
2014.04.04 15:31:22.521,1.50397,1.50415,1.00,1.00
2014.04.04 15:31:26.643,1.50401,1.50416,1.00,1.00
2014.04.04 15:31:28.631,1.50402,1.50416,1.00,1.00
2014.04.04 15:31:30.970,1.50402,1.50415,1.00,1.00
2014.04.04 15:31:31.381,1.50402,1.50412,1.00,1.00
2014.04.04 15:31:36.468,1.50401,1.50412,1.00,1.00
2014.04.04 15:31:36.721,1.50403,1.50418,1.00,1.19
2014.04.04 15:31:36.873,1.504,1.50417,1.00,1.13
2014.04.04 15:31:36.975,1.504,1.50411,1.00,1.00
2014.04.04 15:31:37.476,1.504,1.50412,1.00,1.00
2014.04.04 15:31:38.651,1.50401,1.50412,1.00,1.00
2014.04.04 15:31:42.247,1.504,1.50412,1.00,1.00
2014.04.04 15:31:45.960,1.504,1.50414,1.00,1.50
2014.04.04 15:31:47.444,1.50396,1.50414,1.00,1.50
2014.04.04 15:31:47.545,1.50396,1.50411,1.00,1.00
2014.04.04 15:31:47.798,1.50388,1.50404,1.25,1.00
2014.04.04 15:31:49.140,1.50388,1.50402,1.00,1.00
2014.04.04 15:31:49.394,1.50379,1.50397,1.28,2.63
2014.04.04 15:31:49.900,1.50378,1.50396,1.25,1.50
2014.04.04 15:31:50.583,1.50377,1.50395,1.19,1.00
2014.04.04 15:31:54.209,1.50375,1.50393,1.19,1.50
2014.04.04 15:31:54.310,1.50374,1.50391,1.69,1.00
2014.04.04 15:31:54.361,1.50374,1.50388,1.25,1.00
2014.04.04 15:31:54.614,1.50372,1.50388,1.25,1.00
2014.04.04 15:31:55.018,1.50368,1.50385,1.00,1.00
2014.04.04 15:31:55.822,1.50369,1.50385,1.00,1.32
2014.04.04 15:31:56.182,1.50372,1.50385,1.00,1.63
2014.04.04 15:31:56.486,1.50375,1.50385,1.00,1.00
2014.04.04 15:31:56.638,1.50375,1.50389,1.00,1.00
2014.04.04 15:31:57.428,1.50376,1.50389,1.00,1.00
2014.04.04 15:31:57.833,1.50378,1.50389,1.00,1.00
2014.04.04 15:31:57.986,1.50378,1.50392,1.00,1.00
2014.04.04 15:32:00.023,1.5038,1.50392,1.00,1.00
2014.04.04 15:32:00.814,1.50383,1.50394,1.00,1.00
2014.04.04 15:32:01.068,1.50385,1.50401,1.00,1.50
2014.04.04 15:32:02.001,1.50384,1.50401,1.25,1.50
2014.04.04 15:32:02.658,1.50386,1.50401,1.00,1.50
2014.04.04 15:32:02.962,1.50388,1.50401,1.00,1.00
2014.04.04 15:32:03.013,1.50387,1.50404,2.25,1.00
2014.04.04 15:32:03.569,1.50387,1.50401,2.25,1.00
2014.04.04 15:32:04.177,1.50386,1.50401,1.00,1.00
2014.04.04 15:32:07.901,1.50386,1.504,1.00,1.00
2014.04.04 15:32:08.205,1.50377,1.5039,1.13,1.00
2014.04.04 15:32:08.357,1.50375,1.5039,1.00,1.00
2014.04.04 15:32:08.997,1.50374,1.5039,1.00,1.00
2014.04.04 15:32:09.532,1.50375,1.5039,1.00,1.00
2014.04.04 15:32:10.040,1.50375,1.50391,1.00,1.00
2014.04.04 15:32:10.861,1.50373,1.50391,3.57,1.00
2014.04.04 15:32:11.608,1.50373,1.5039,1.25,1.13
2014.04.04 15:32:11.710,1.50372,1.50387,1.69,1.50
2014.04.04 15:32:11.761,1.50369,1.50387,1.88,1.50
2014.04.04 15:32:11.813,1.50369,1.50384,1.13,1.00
2014.04.04 15:32:14.145,1.50368,1.50384,1.00,1.50
2014.04.04 15:32:14.449,1.50366,1.50379,1.00,1.00
2014.04.04 15:32:14.500,1.50364,1.50379,1.00,1.00
2014.04.04 15:32:14.651,1.50364,1.50376,1.00,1.00
2014.04.04 15:32:14.797,1.50363,1.50378,1.00,1.00
2014.04.04 15:32:16.195,1.50364,1.50378,1.00,1.00
2014.04.04 15:32:20.649,1.50368,1.5038,1.00,1.00
2014.04.04 15:32:20.700,1.50368,1.50383,1.00,1.00
2014.04.04 15:32:21.112,1.50375,1.50382,1.00,1.00
2014.04.04 15:32:21.164,1.50375,1.50385,1.00,1.19
2014.04.04 15:32:21.526,1.50375,1.50391,1.00,2.44
2014.04.04 15:32:23.130,1.50377,1.50391,1.00,1.00
2014.04.04 15:32:23.231,1.50377,1.50394,1.00,1.00
2014.04.04 15:32:23.585,1.50377,1.50395,3.57,1.00
2014.04.04 15:32:23.889,1.5039,1.50401,1.00,1.00
2014.04.04 15:32:24.041,1.5039,1.50403,1.00,1.00
2014.04.04 15:32:24.345,1.5039,1.50407,1.88,2.25
2014.04.04 15:32:24.856,1.50391,1.50407,1.00,1.00
2014.04.04 15:32:25.430,1.5039,1.50407,1.50,1.00
2014.04.04 15:32:26.441,1.50389,1.50405,1.50,1.00
2014.04.04 15:32:26.976,1.50382,1.50391,1.19,1.00
2014.04.04 15:32:27.039,1.50381,1.50391,1.00,1.00
2014.04.04 15:32:27.141,1.50383,1.50391,1.00,1.00
2014.04.04 15:32:27.394,1.50386,1.50402,1.50,1.00
2014.04.04 15:32:27.913,1.50386,1.50403,1.69,1.00
2014.04.04 15:32:28.386,1.50389,1.50403,1.00,1.00
2014.04.04 15:32:28.487,1.50386,1.50403,1.57,1.00
2014.04.04 15:32:29.153,1.50386,1.50395,1.00,1.69
2014.04.04 15:32:29.210,1.50376,1.50393,1.00,1.00
2014.04.04 15:32:30.060,1.50377,1.50393,1.00,1.00
2014.04.04 15:32:30.831,1.50377,1.50389,1.00,1.00
2014.04.04 15:32:31.293,1.50377,1.50391,1.00,1.00
2014.04.04 15:32:31.837,1.50377,1.50392,1.00,1.00
2014.04.04 15:32:32.133,1.50381,1.50392,1.00,1.00
2014.04.04 15:32:32.436,1.50388,1.504,1.00,1.35
2014.04.04 15:32:32.487,1.50388,1.50403,1.00,1.00
2014.04.04 15:32:32.740,1.50388,1.50403,1.19,1.00
2014.04.04 15:32:33.296,1.50386,1.50401,1.19,1.00
2014.04.04 15:32:34.490,1.50386,1.50403,1.19,1.00
2014.04.04 15:32:34.649,1.50386,1.50403,1.19,1.00
2014.04.04 15:32:35.167,1.50386,1.50403,1.00,1.00
2014.04.04 15:32:36.931,1.50384,1.50403,1.69,1.00
2014.04.04 15:32:37.032,1.50384,1.50401,1.25,1.50
2014.04.04 15:32:37.184,1.50382,1.504,2.25,1.50
2014.04.04 15:32:37.690,1.50383,1.50401,1.32,1.00
2014.04.04 15:32:37.953,1.50383,1.50403,2.82,2.10
2014.04.04 15:32:38.307,1.50387,1.50404,1.00,1.00
2014.04.04 15:32:39.018,1.50386,1.50404,1.00,1.00
2014.04.04 15:32:41.207,1.50386,1.50403,1.00,1.00
2014.04.04 15:32:41.309,1.50382,1.50402,3.27,1.00
2014.04.04 15:32:42.845,1.50382,1.504,2.07,1.00
2014.04.04 15:32:43.149,1.50378,1.50396,1.88,1.00
2014.04.04 15:32:43.517,1.50378,1.50393,1.88,1.00
2014.04.04 15:32:43.770,1.50376,1.50392,1.00,1.00
2014.04.04 15:32:43.871,1.50373,1.50392,1.00,1.50
2014.04.04 15:32:43.983,1.50373,1.50388,1.00,1.00
2014.04.04 15:32:44.948,1.50372,1.50387,1.69,1.00
2014.04.04 15:32:45.469,1.50372,1.50387,1.50,1.00
2014.04.04 15:32:46.072,1.50372,1.50387,1.69,1.00
2014.04.04 15:32:46.426,1.50373,1.50391,1.25,1.00
2014.04.04 15:32:46.578,1.50374,1.5039,1.69,1.00
2014.04.04 15:32:47.555,1.50374,1.50388,1.19,1.00
2014.04.04 15:32:47.945,1.50372,1.50382,1.69,1.00
2014.04.04 15:32:47.996,1.50372,1.50382,1.00,1.00
2014.04.04 15:32:48.046,1.50372,1.50378,1.00,1.00
2014.04.04 15:32:48.097,1.50369,1.50378,1.00,1.00
2014.04.04 15:32:48.250,1.50369,1.50376,1.00,1.00
2014.04.04 15:32:48.411,1.50366,1.50376,1.19,1.00
2014.04.04 15:32:48.613,1.50363,1.50378,2.07,1.00
2014.04.04 15:32:49.014,1.50363,1.50375,2.07,1.00
2014.04.04 15:32:49.373,1.50363,1.50378,1.32,1.00
2014.04.04 15:32:49.727,1.50367,1.50381,1.19,1.00
2014.04.04 15:32:49.828,1.5037,1.50382,1.00,1.00
2014.04.04 15:32:50.131,1.50371,1.5038,1.25,1.00
2014.04.04 15:32:50.486,1.50368,1.5038,1.25,1.00
2014.04.04 15:32:50.536,1.50371,1.5038,1.00,1.00
2014.04.04 15:32:50.833,1.50376,1.50386,1.00,1.00
2014.04.04 15:32:51.040,1.50378,1.50386,1.00,1.00
2014.04.04 15:32:51.192,1.50378,1.50389,1.50,1.00
2014.04.04 15:32:51.293,1.50378,1.50394,1.50,1.00
2014.04.04 15:32:51.552,1.50376,1.50394,1.00,1.00
2014.04.04 15:32:52.054,1.50374,1.50394,2.25,1.00
2014.04.04 15:32:52.205,1.50374,1.50392,2.25,1.13
2014.04.04 15:32:52.358,1.50372,1.50391,1.00,1.50
2014.04.04 15:32:53.105,1.50373,1.50391,1.50,1.50
2014.04.04 15:32:53.639,1.50374,1.50391,1.00,1.19
2014.04.04 15:32:55.870,1.50372,1.50388,1.00,1.00
2014.04.04 15:32:56.023,1.50369,1.50386,2.25,1.00
2014.04.04 15:32:56.640,1.50368,1.50386,1.00,1.00
2014.04.04 15:33:00.456,1.50374,1.50388,1.00,1.00
2014.04.04 15:33:03.299,1.50374,1.5039,1.00,1.00
2014.04.04 15:33:04.066,1.50374,1.50391,1.00,1.00
2014.04.04 15:33:04.617,1.50374,1.5039,1.50,1.00
2014.04.04 15:33:07.146,1.50374,1.50391,1.50,1.00
2014.04.04 15:33:09.494,1.50375,1.50391,1.00,1.00
2014.04.04 15:33:09.545,1.50375,1.50394,1.00,1.19
2014.04.04 15:33:09.646,1.50383,1.50394,1.50,1.19
2014.04.04 15:33:09.849,1.50383,1.50402,2.48,2.44
2014.04.04 15:33:09.951,1.50383,1.50402,3.42,1.50
2014.04.04 15:33:10.052,1.50386,1.50402,1.50,1.50
2014.04.04 15:33:10.203,1.50386,1.50404,1.50,1.00
2014.04.04 15:33:10.753,1.50387,1.50404,1.00,1.00
2014.04.04 15:33:10.856,1.5039,1.50406,1.00,1.19
2014.04.04 15:33:10.958,1.5039,1.50407,1.19,1.00
2014.04.04 15:33:11.059,1.5039,1.50409,1.69,1.00
2014.04.04 15:33:11.160,1.50394,1.5041,1.38,1.00
2014.04.04 15:33:11.463,1.50399,1.50411,1.00,1.00
2014.04.04 15:33:11.565,1.50393,1.50411,1.00,1.00
2014.04.04 15:33:12.599,1.504,1.50413,1.00,1.50
2014.04.04 15:33:12.701,1.50397,1.50414,1.00,1.00
2014.04.04 15:33:13.476,1.50397,1.50417,1.00,2.07
2014.04.04 15:33:13.983,1.50397,1.50417,1.00,1.69
2014.04.04 15:33:16.223,1.50397,1.50414,1.00,1.00
2014.04.04 15:33:16.999,1.50397,1.50411,1.00,1.00
2014.04.04 15:33:17.202,1.50392,1.50408,1.50,1.38
2014.04.04 15:33:17.404,1.50389,1.50407,1.50,1.69
2014.04.04 15:33:18.308,1.50388,1.50406,1.00,1.50
2014.04.04 15:33:18.410,1.50387,1.50404,1.00,1.00
2014.04.04 15:33:19.175,1.50387,1.50405,1.00,2.25
2014.04.04 15:33:19.760,1.50387,1.50404,1.00,1.00
2014.04.04 15:33:20.518,1.50387,1.50403,1.00,1.00
2014.04.04 15:33:20.620,1.50385,1.50404,1.00,1.00
2014.04.04 15:33:20.670,1.50387,1.50405,1.00,1.69
2014.04.04 15:33:20.822,1.50387,1.50407,1.13,2.25
2014.04.04 15:33:20.873,1.50389,1.50407,1.00,1.50
2014.04.04 15:33:21.826,1.5039,1.50407,1.00,1.50
2014.04.04 15:33:21.979,1.50394,1.50413,1.88,1.88
2014.04.04 15:33:23.882,1.50397,1.50413,1.38,1.00
2014.04.04 15:33:24.236,1.50396,1.50409,1.00,1.38
2014.04.04 15:33:24.286,1.50392,1.50409,1.50,1.38
2014.04.04 15:33:24.590,1.5039,1.50407,1.00,1.00
2014.04.04 15:33:24.843,1.50392,1.50409,1.88,2.07
2014.04.04 15:33:24.944,1.50394,1.50411,1.13,1.00
2014.04.04 15:33:25.046,1.50397,1.50413,1.00,1.00
2014.04.04 15:33:25.599,1.50397,1.50414,1.00,1.50
2014.04.04 15:33:27.141,1.50395,1.50414,1.25,1.50
2014.04.04 15:33:27.890,1.50395,1.50412,1.25,1.00
2014.04.04 15:33:28.420,1.50395,1.50412,1.19,1.00
2014.04.04 15:33:28.934,1.50394,1.50413,1.69,1.50
2014.04.04 15:33:31.028,1.50394,1.50413,1.69,1.50
2014.04.04 15:33:34.437,1.50394,1.50412,1.69,1.38
2014.04.04 15:33:34.993,1.50394,1.50406,1.69,1.75
2014.04.04 15:33:35.065,1.50385,1.50403,1.00,1.25
2014.04.04 15:33:35.429,1.50387,1.50403,1.00,1.25
2014.04.04 15:33:35.916,1.50385,1.50403,1.00,1.25
2014.04.04 15:33:38.198,1.50385,1.50401,1.00,1.00
2014.04.04 15:33:38.299,1.50385,1.50403,1.00,1.69
2014.04.04 15:33:38.953,1.50385,1.50402,1.00,1.00
2014.04.04 15:33:39.420,1.50383,1.50402,1.88,1.00
2014.04.04 15:33:42.058,1.50384,1.50402,1.00,1.00
2014.04.04 15:33:42.378,1.50384,1.50398,1.00,1.00
2014.04.04 15:33:42.429,1.50381,1.50399,2.25,1.50
2014.04.04 15:33:42.581,1.50384,1.50401,1.00,1.50
2014.04.04 15:33:42.885,1.50386,1.50402,1.00,1.00
2014.04.04 15:33:45.498,1.50386,1.50405,1.00,1.63
2014.04.04 15:33:46.011,1.50387,1.50408,1.50,3.19
2014.04.04 15:33:48.375,1.50387,1.50405,1.00,1.25
2014.04.04 15:33:48.985,1.50388,1.50405,1.25,1.00
2014.04.04 15:33:53.055,1.50388,1.50409,2.25,2.07
2014.04.04 15:33:53.106,1.50388,1.50409,3.38,1.69
2014.04.04 15:33:53.157,1.50395,1.5041,1.00,1.50
2014.04.04 15:33:53.258,1.50395,1.50412,1.00,1.50
2014.04.04 15:33:53.360,1.50396,1.50415,1.50,1.63
2014.04.04 15:33:53.411,1.50399,1.50417,1.00,2.44
2014.04.04 15:33:53.663,1.504,1.50418,1.00,1.38
2014.04.04 15:33:53.866,1.504,1.50418,1.00,1.00
2014.04.04 15:33:54.724,1.50402,1.50418,1.00,1.00
2014.04.04 15:33:55.231,1.50402,1.50417,1.00,1.00
2014.04.04 15:33:57.700,1.504,1.50417,1.50,1.00
2014.04.04 15:34:00.620,1.504,1.50421,2.63,3.19
2014.04.04 15:34:01.866,1.504,1.50419,1.13,1.13
2014.04.04 15:34:03.030,1.50401,1.50419,1.00,1.13
2014.04.04 15:34:03.612,1.50401,1.50418,1.00,1.00
2014.04.04 15:34:04.432,1.504,1.50418,1.00,1.00
2014.04.04 15:34:07.032,1.504,1.50418,1.00,1.69
2014.04.04 15:34:08.168,1.50399,1.50419,2.63,1.57
2014.04.04 15:34:08.511,1.50399,1.50419,2.63,1.57
2014.04.04 15:34:09.665,1.50399,1.50419,2.63,1.19
2014.04.04 15:34:12.929,1.50399,1.50419,2.63,1.32
2014.04.04 15:34:13.083,1.50401,1.50419,1.00,1.32
2014.04.04 15:34:14.090,1.50403,1.50419,1.00,1.57
2014.04.04 15:34:14.402,1.504,1.50419,1.00,1.57
2014.04.04 15:34:16.302,1.50399,1.50419,2.82,1.63
2014.04.04 15:34:16.903,1.50399,1.50419,2.82,1.32
2014.04.04 15:34:21.582,1.50399,1.50419,2.82,1.32
2014.04.04 15:34:23.437,1.50399,1.50419,2.82,1.38
2014.04.04 15:34:25.592,1.50399,1.50419,3.00,1.69
2014.04.04 15:34:25.643,1.50399,1.50415,1.50,1.00
2014.04.04 15:34:25.796,1.50397,1.50415,1.00,1.00
2014.04.04 15:34:27.787,1.50396,1.50415,1.00,1.69
2014.04.04 15:34:27.856,1.50395,1.50415,1.00,1.19
2014.04.04 15:34:28.404,1.50394,1.50414,2.25,1.69
2014.04.04 15:34:29.019,1.50394,1.50409,1.00,1.00
2014.04.04 15:34:29.070,1.50392,1.50409,1.00,1.00
2014.04.04 15:34:29.273,1.50389,1.50409,1.38,2.44
2014.04.04 15:34:30.994,1.50389,1.50409,1.00,1.69
2014.04.04 15:34:31.248,1.50388,1.50406,1.00,1.32
2014.04.04 15:34:32.013,1.50387,1.50403,1.00,1.00
2014.04.04 15:34:33.412,1.50388,1.50403,1.00,1.00
2014.04.04 15:34:34.357,1.50388,1.50404,1.00,1.25
2014.04.04 15:34:34.935,1.50388,1.50404,1.00,1.19
2014.04.04 15:34:36.558,1.50388,1.50407,4.35,2.44
2014.04.04 15:34:36.660,1.50395,1.50408,1.50,1.00
2014.04.04 15:34:36.761,1.50395,1.50411,1.50,1.25
2014.04.04 15:34:38.132,1.50398,1.50411,1.00,1.25
2014.04.04 15:34:38.386,1.50394,1.50411,1.00,1.00
2014.04.04 15:34:38.538,1.50392,1.50411,2.44,1.00
2014.04.04 15:34:38.791,1.50396,1.50413,1.60,1.00
2014.04.04 15:34:38.843,1.50397,1.50415,1.35,1.00
2014.04.04 15:34:38.944,1.50397,1.50417,1.35,1.32
2014.04.04 15:34:41.541,1.50398,1.50417,1.00,1.32
2014.04.04 15:34:42.328,1.504,1.50417,1.00,1.32
2014.04.04 15:34:44.963,1.50401,1.50417,1.00,1.25
2014.04.04 15:34:45.770,1.50401,1.50415,1.00,1.00
2014.04.04 15:34:45.872,1.50397,1.50416,1.50,1.19
2014.04.04 15:34:46.399,1.50398,1.50417,1.00,1.69
2014.04.04 15:34:48.476,1.50398,1.50417,1.00,1.69
2014.04.04 15:34:48.577,1.50401,1.50418,1.00,1.13
2014.04.04 15:34:49.082,1.50402,1.5042,1.00,2.82
2014.04.04 15:34:52.387,1.50402,1.5042,1.50,1.00
2014.04.04 15:34:52.703,1.50404,1.50421,1.00,1.13
2014.04.04 15:34:53.007,1.50402,1.50421,1.00,1.88
2014.04.04 15:34:53.108,1.50404,1.50421,1.00,1.88
2014.04.04 15:34:53.411,1.50401,1.50418,1.50,1.00
2014.04.04 15:34:53.975,1.50401,1.50417,1.00,2.25
2014.04.04 15:34:54.387,1.50401,1.50415,1.00,1.00
2014.04.04 15:34:54.539,1.50398,1.50414,1.00,1.00
2014.04.04 15:34:54.640,1.50402,1.50414,1.00,1.00
2014.04.04 15:34:58.121,1.504,1.50414,1.00,1.00
2014.04.04 15:35:00.542,1.50398,1.50414,1.00,1.00
2014.04.04 15:35:04.282,1.50396,1.50414,1.54,1.00
2014.04.04 15:35:06.167,1.50397,1.50414,1.00,1.13
2014.04.04 15:35:09.605,1.50397,1.50411,1.00,1.00
2014.04.04 15:35:09.909,1.50395,1.50406,1.00,1.38
2014.04.04 15:35:09.960,1.50386,1.50406,3.23,1.57
2014.04.04 15:35:10.061,1.50386,1.50404,2.48,1.13
2014.04.04 15:35:10.112,1.50385,1.50404,1.00,1.13
2014.04.04 15:35:10.163,1.50384,1.50404,3.00,1.32
2014.04.04 15:35:11.169,1.50384,1.50404,3.00,1.13
2014.04.04 15:35:14.376,1.50384,1.50404,3.00,1.32
2014.04.04 15:35:14.882,1.50385,1.50404,1.00,1.32
2014.04.04 15:35:17.192,1.50387,1.50404,1.00,1.32
2014.04.04 15:35:17.894,1.50385,1.50404,1.00,1.32
2014.04.04 15:35:18.326,1.5039,1.50404,1.00,1.19
2014.04.04 15:35:18.885,1.5039,1.50404,1.00,1.00
2014.04.04 15:35:21.329,1.5039,1.50405,1.00,1.25
2014.04.04 15:35:24.374,1.50389,1.50405,1.00,1.25
2014.04.04 15:35:25.388,1.50389,1.50405,1.50,1.19
2014.04.04 15:35:26.052,1.50391,1.50405,1.00,1.19
2014.04.04 15:35:27.294,1.50389,1.50405,1.00,1.19
2014.04.04 15:35:27.396,1.5039,1.50404,1.60,1.19
2014.04.04 15:35:27.549,1.50391,1.50407,1.35,1.38
2014.04.04 15:35:27.910,1.50393,1.50411,1.00,1.32
2014.04.04 15:35:28.600,1.50393,1.50411,1.60,1.25
2014.04.04 15:35:28.752,1.50397,1.50412,1.00,1.50
2014.04.04 15:35:29.005,1.50395,1.50415,1.13,2.07
2014.04.04 15:35:29.056,1.50395,1.50415,1.32,1.88
2014.04.04 15:35:29.493,1.50395,1.50415,1.00,2.07
2014.04.04 15:35:30.059,1.50395,1.50415,1.60,2.07
2014.04.04 15:35:30.794,1.50398,1.50415,1.00,1.19
2014.04.04 15:35:33.606,1.50399,1.50415,1.00,1.19
2014.04.04 15:35:33.708,1.50399,1.50415,1.50,1.25
2014.04.04 15:35:35.403,1.50398,1.50415,1.88,1.00
2014.04.04 15:35:37.048,1.50398,1.50412,1.13,1.13
2014.04.04 15:35:37.100,1.50393,1.5041,1.13,1.00
2014.04.04 15:35:37.153,1.50392,1.50408,1.00,1.25
2014.04.04 15:35:37.255,1.5039,1.50407,1.50,1.00
2014.04.04 15:35:37.796,1.50389,1.50407,1.50,1.00
2014.04.04 15:35:38.156,1.50391,1.50407,2.85,1.00
2014.04.04 15:35:38.263,1.50392,1.50407,1.00,1.00
2014.04.04 15:35:38.364,1.50393,1.5041,1.00,1.25
2014.04.04 15:35:38.791,1.5039,1.50409,1.50,1.25
2014.04.04 15:35:39.452,1.50389,1.50408,3.60,1.00
2014.04.04 15:35:39.981,1.5039,1.50408,1.00,1.00
2014.04.04 15:35:40.234,1.50389,1.50407,1.50,1.38
2014.04.04 15:35:40.386,1.50386,1.50406,2.10,2.63
2014.04.04 15:35:45.615,1.50386,1.50406,2.10,1.19
2014.04.04 15:35:48.052,1.50386,1.50406,3.23,1.19
2014.04.04 15:35:51.945,1.50389,1.50406,1.00,1.19
2014.04.04 15:35:52.552,1.50389,1.50406,1.00,1.13
2014.04.04 15:35:55.377,1.50389,1.50406,1.00,1.19
2014.04.04 15:35:55.998,1.50391,1.50408,1.00,1.00
2014.04.04 15:35:56.151,1.504,1.50411,1.00,1.39
2014.04.04 15:35:56.202,1.504,1.50411,1.00,1.20
2014.04.04 15:35:56.354,1.504,1.50414,1.00,1.00
2014.04.04 15:35:57.031,1.504,1.50418,1.00,3.64
2014.04.04 15:35:57.551,1.504,1.50417,1.00,1.19
2014.04.04 15:35:58.073,1.504,1.50417,1.00,1.25
2014.04.04 15:35:58.288,1.504,1.50418,1.00,2.00
2014.04.04 15:35:59.957,1.504,1.50418,1.00,1.63
2014.04.04 15:36:00.160,1.50403,1.50419,1.00,1.13
2014.04.04 15:36:00.514,1.50401,1.50419,1.50,1.69
2014.04.04 15:36:01.060,1.504,1.50419,1.50,3.19
2014.04.04 15:36:01.774,1.504,1.50418,1.00,2.00
2014.04.04 15:36:01.875,1.50398,1.50416,1.25,1.50
2014.04.04 15:36:06.906,1.50399,1.50416,1.00,1.69
2014.04.04 15:36:07.245,1.50397,1.50416,1.50,1.00
2014.04.04 15:36:13.293,1.50399,1.50416,1.00,1.32
2014.04.04 15:36:13.496,1.50404,1.50424,1.50,3.19
2014.04.04 15:36:14.021,1.50407,1.50424,1.00,1.50
2014.04.04 15:36:15.467,1.50407,1.50426,1.50,1.32
2014.04.04 15:36:15.620,1.50409,1.50426,1.00,1.32
2014.04.04 15:36:16.198,1.50409,1.50425,1.00,1.00
2014.04.04 15:36:16.710,1.50409,1.50424,1.00,1.00
2014.04.04 15:36:22.582,1.50412,1.50428,1.00,1.25
2014.04.04 15:36:22.634,1.50416,1.50428,1.00,1.25
2014.04.04 15:36:22.685,1.50416,1.5043,1.00,1.00
2014.04.04 15:36:22.736,1.50417,1.50432,1.00,1.00
2014.04.04 15:36:22.838,1.50416,1.50435,1.32,3.00
2014.04.04 15:36:23.305,1.50417,1.50428,1.00,1.00
2014.04.04 15:36:23.367,1.50415,1.50428,1.28,1.50
2014.04.04 15:36:23.518,1.50413,1.50428,1.00,1.50
2014.04.04 15:36:23.569,1.50411,1.50428,1.00,1.50
2014.04.04 15:36:23.993,1.50407,1.50428,1.50,1.69
2014.04.04 15:36:25.075,1.50407,1.50428,1.50,1.69
2014.04.04 15:36:25.379,1.50412,1.50431,1.00,2.07
2014.04.04 15:36:25.430,1.50412,1.50431,1.25,1.38
2014.04.04 15:36:25.682,1.5041,1.50429,1.69,1.00
2014.04.04 15:36:25.733,1.5041,1.50429,1.50,1.19
2014.04.04 15:36:26.139,1.5041,1.50424,1.00,1.19
2014.04.04 15:36:26.190,1.50407,1.50421,2.25,1.00
2014.04.04 15:36:26.292,1.50404,1.5042,1.00,1.50
2014.04.04 15:36:26.342,1.50403,1.5042,1.00,2.44
2014.04.04 15:36:26.696,1.504,1.5042,1.00,3.19
2014.04.04 15:36:26.797,1.504,1.50419,1.00,1.19
2014.04.04 15:36:29.015,1.504,1.50418,1.00,1.69
2014.04.04 15:36:31.238,1.50398,1.50417,1.50,1.19
2014.04.04 15:36:31.744,1.50398,1.50417,1.00,1.00
2014.04.04 15:36:39.055,1.50398,1.50416,1.00,1.00
2014.04.04 15:36:42.777,1.50399,1.50416,1.50,1.50
2014.04.04 15:36:42.829,1.504,1.50416,2.63,1.00
2014.04.04 15:36:42.880,1.50403,1.50419,1.50,1.00
2014.04.04 15:36:42.981,1.50403,1.50421,1.69,1.00
2014.04.04 15:36:43.083,1.50403,1.50423,1.69,1.88
2014.04.04 15:36:43.765,1.50406,1.50424,1.25,1.00
2014.04.04 15:36:44.072,1.50401,1.50416,1.50,1.00
2014.04.04 15:36:44.325,1.50398,1.50416,1.50,1.00
2014.04.04 15:36:46.793,1.50398,1.50415,1.00,1.00
2014.04.04 15:36:47.302,1.50398,1.50416,1.00,1.69
2014.04.04 15:36:47.504,1.504,1.50418,1.50,1.25
2014.04.04 15:36:54.242,1.50399,1.50418,1.00,1.32
2014.04.04 15:36:54.573,1.50402,1.50419,1.50,1.19
2014.04.04 15:36:54.725,1.50405,1.50422,1.35,1.50
2014.04.04 15:36:55.251,1.50406,1.50425,1.00,2.07
2014.04.04 15:36:56.193,1.50406,1.50425,1.00,1.00
2014.04.04 15:36:57.997,1.50406,1.50425,1.00,1.19
2014.04.04 15:37:00.482,1.50406,1.50423,1.00,1.00
2014.04.04 15:37:00.533,1.50404,1.5042,1.00,1.00
2014.04.04 15:37:00.837,1.50403,1.50417,1.00,1.00
2014.04.04 15:37:01.036,1.50399,1.50417,2.63,1.00
2014.04.04 15:37:01.289,1.50399,1.50415,1.50,1.00
2014.04.04 15:37:01.492,1.50396,1.50415,1.00,2.07
2014.04.04 15:37:01.746,1.50396,1.50414,1.00,2.07
2014.04.04 15:37:05.509,1.50408,1.50425,1.00,1.63
2014.04.04 15:37:05.610,1.50408,1.50426,1.50,3.19
2014.04.04 15:37:08.231,1.50408,1.50425,1.00,2.00
2014.04.04 15:37:08.282,1.50405,1.50425,1.00,1.94
2014.04.04 15:37:08.333,1.50405,1.50422,1.00,1.57
2014.04.04 15:37:08.586,1.50402,1.50419,1.00,1.88
2014.04.04 15:37:08.839,1.50405,1.50419,1.00,1.50
2014.04.04 15:37:09.092,1.50406,1.50424,1.00,1.13
2014.04.04 15:37:09.193,1.50407,1.50426,1.00,1.69
2014.04.04 15:37:09.345,1.50405,1.50425,1.95,1.50
2014.04.04 15:37:10.347,1.50406,1.50425,1.00,1.00
2014.04.04 15:37:10.863,1.50406,1.50426,1.50,1.25
2014.04.04 15:37:11.384,1.50405,1.50425,1.50,1.00
2014.04.04 15:37:11.606,1.50406,1.50426,1.57,1.00
2014.04.04 15:37:11.665,1.5041,1.50428,1.00,2.25
2014.04.04 15:37:13.090,1.5041,1.50428,1.00,2.63
2014.04.04 15:37:14.191,1.5041,1.50427,1.00,1.13
2014.04.04 15:37:15.370,1.50409,1.50427,1.25,1.13
2014.04.04 15:37:16.022,1.50406,1.50424,1.00,1.69
2014.04.04 15:37:16.328,1.50405,1.50421,1.00,1.25
2014.04.04 15:37:16.429,1.50402,1.50421,1.00,1.25
2014.04.04 15:37:16.960,1.50402,1.5042,1.00,1.32
2014.04.04 15:37:17.451,1.504,1.50419,1.00,1.00
2014.04.04 15:37:18.110,1.50402,1.50419,1.00,1.00
2014.04.04 15:37:19.115,1.50403,1.5042,1.00,1.13
2014.04.04 15:37:19.557,1.50402,1.50418,1.00,1.00
2014.04.04 15:37:20.070,1.50402,1.50417,1.00,1.00
2014.04.04 15:37:20.172,1.504,1.50417,3.00,1.00
2014.04.04 15:37:20.722,1.50399,1.50417,1.00,1.00
2014.04.04 15:37:20.773,1.50399,1.50413,1.00,1.00
2014.04.04 15:37:25.973,1.50395,1.50414,1.50,1.63
2014.04.04 15:37:27.392,1.50395,1.50414,1.50,1.63
2014.04.04 15:37:27.899,1.50394,1.5041,1.00,1.00
2014.04.04 15:37:28.540,1.50394,1.50412,1.00,1.38
2014.04.04 15:37:29.240,1.50395,1.50412,1.00,1.38
2014.04.04 15:37:29.543,1.50405,1.50418,1.00,1.00
2014.04.04 15:37:29.594,1.50405,1.5042,1.00,1.50
2014.04.04 15:37:30.137,1.50404,1.50421,1.00,1.13
2014.04.04 15:37:30.648,1.50403,1.50421,1.00,1.13
2014.04.04 15:37:35.728,1.50403,1.50422,1.00,1.50
2014.04.04 15:37:35.782,1.50407,1.50422,1.00,1.50
2014.04.04 15:37:36.289,1.50406,1.50423,1.00,1.00
2014.04.04 15:37:37.503,1.50406,1.50423,1.00,1.19
2014.04.04 15:37:39.292,1.50406,1.50423,1.00,1.00
2014.04.04 15:37:42.693,1.50405,1.50423,1.13,1.25
2014.04.04 15:37:43.952,1.50406,1.50424,1.38,1.19
2014.04.04 15:37:44.473,1.50406,1.50425,1.13,1.19
2014.04.04 15:37:46.473,1.50406,1.50425,3.38,1.19
2014.04.04 15:37:46.860,1.50408,1.50426,1.38,1.00
2014.04.04 15:37:46.910,1.50408,1.50426,1.98,1.00
2014.04.04 15:37:46.961,1.50412,1.50429,1.38,1.00
2014.04.04 15:37:47.063,1.50413,1.50431,1.38,2.44
2014.04.04 15:37:49.713,1.50414,1.50432,1.88,1.25
2014.04.04 15:37:52.061,1.50414,1.50433,1.88,1.50
2014.04.04 15:37:52.772,1.50414,1.50433,1.88,1.69
2014.04.04 15:37:53.151,1.50414,1.5043,1.00,1.00
2014.04.04 15:37:53.303,1.50414,1.50432,1.50,1.25
2014.04.04 15:37:53.556,1.50414,1.50433,1.13,3.19
2014.04.04 15:37:53.859,1.50414,1.50433,1.38,2.44
2014.04.04 15:37:53.960,1.50414,1.50432,1.00,1.19
2014.04.04 15:37:54.112,1.50414,1.50429,1.00,1.00
2014.04.04 15:37:54.162,1.5041,1.50429,1.13,1.19
2014.04.04 15:37:54.416,1.50414,1.50428,1.00,1.19
2014.04.04 15:37:54.518,1.5041,1.5043,1.50,1.19
2014.04.04 15:37:54.569,1.50412,1.5043,1.50,1.69
2014.04.04 15:37:54.873,1.5041,1.50428,1.00,1.19
2014.04.04 15:37:55.278,1.5041,1.5043,1.50,2.44
2014.04.04 15:37:55.800,1.50411,1.5043,1.00,2.44
2014.04.04 15:37:58.312,1.50412,1.5043,1.00,1.69
2014.04.04 15:37:58.382,1.50413,1.5043,1.38,1.50
2014.04.04 15:37:58.585,1.50414,1.50431,1.25,1.50
2014.04.04 15:37:59.090,1.50415,1.50431,1.00,1.50
2014.04.04 15:37:59.539,1.50413,1.50431,1.00,1.00
2014.04.04 15:37:59.691,1.50409,1.50429,1.50,1.00
2014.04.04 15:38:00.219,1.50409,1.50429,1.50,1.19
2014.04.04 15:38:00.729,1.50409,1.50426,1.88,1.00
2014.04.04 15:38:03.336,1.50412,1.50426,1.00,1.00
2014.04.04 15:38:03.604,1.50416,1.50432,1.00,1.50
2014.04.04 15:38:04.132,1.50416,1.50433,1.00,1.00
2014.04.04 15:38:04.669,1.50416,1.50432,1.00,1.00
2014.04.04 15:38:05.530,1.50416,1.50432,1.00,1.38
2014.04.04 15:38:06.124,1.50416,1.50432,1.00,1.00
2014.04.04 15:38:06.825,1.50416,1.5043,1.00,1.00
2014.04.04 15:38:06.876,1.50413,1.5043,1.00,1.38
2014.04.04 15:38:06.977,1.50413,1.50425,1.00,1.00
2014.04.04 15:38:07.028,1.50409,1.50425,1.19,1.50
2014.04.04 15:38:07.130,1.50408,1.50424,1.50,1.50
2014.04.04 15:38:07.181,1.50414,1.50424,1.00,1.50
2014.04.04 15:38:07.334,1.50414,1.50426,1.00,1.00
2014.04.04 15:38:07.386,1.50412,1.50426,1.00,1.00
2014.04.04 15:38:07.436,1.50414,1.50426,1.00,1.00
2014.04.04 15:38:07.761,1.50411,1.50426,1.00,1.00
2014.04.04 15:38:07.866,1.50411,1.50424,1.00,1.00
2014.04.04 15:38:08.284,1.50409,1.50423,1.00,1.00
2014.04.04 15:38:09.438,1.50409,1.50424,1.00,1.50
2014.04.04 15:38:09.591,1.50414,1.50424,1.00,1.00
2014.04.04 15:38:09.642,1.50414,1.50426,1.00,1.00
2014.04.04 15:38:10.512,1.50414,1.50427,1.00,1.50
2014.04.04 15:38:10.793,1.50411,1.50425,1.00,1.00
2014.04.04 15:38:11.617,1.50411,1.50422,1.00,1.00
2014.04.04 15:38:12.332,1.50408,1.50422,1.00,1.00
2014.04.04 15:38:12.788,1.50413,1.50422,1.00,1.00
2014.04.04 15:38:12.889,1.50411,1.50422,1.00,1.00
2014.04.04 15:38:14.421,1.50413,1.50422,1.00,1.00
2014.04.04 15:38:14.641,1.50411,1.50422,1.00,1.00
2014.04.04 15:38:15.893,1.50413,1.50425,1.00,1.13
2014.04.04 15:38:16.196,1.50411,1.50425,1.00,1.00
2014.04.04 15:38:17.265,1.50411,1.50426,1.00,1.69
2014.04.04 15:38:17.418,1.50414,1.50426,1.00,1.00
2014.04.04 15:38:18.177,1.50416,1.50428,1.00,1.00
2014.04.04 15:38:20.126,1.50417,1.50428,1.00,1.00
2014.04.04 15:38:20.584,1.50413,1.50428,1.00,1.38
2014.04.04 15:38:20.936,1.50413,1.50425,1.00,1.00
2014.04.04 15:38:20.987,1.5041,1.50424,1.50,1.00
2014.04.04 15:38:21.240,1.50408,1.50424,1.50,1.32
2014.04.04 15:38:21.746,1.50408,1.50423,1.50,1.50
2014.04.04 15:38:22.696,1.50406,1.50423,1.00,1.88
2014.04.04 15:38:22.849,1.50406,1.5042,1.00,1.00
2014.04.04 15:38:22.909,1.50403,1.5042,1.00,1.00
2014.04.04 15:38:23.650,1.50406,1.50421,1.13,1.00
2014.04.04 15:38:23.705,1.50406,1.50424,1.13,1.25
2014.04.04 15:38:25.979,1.50406,1.50422,1.00,1.13
2014.04.04 15:38:26.131,1.50404,1.50422,1.00,1.13
2014.04.04 15:38:26.182,1.50402,1.50422,1.00,1.88
2014.04.04 15:38:26.486,1.50399,1.50418,1.00,2.82
2014.04.04 15:38:26.790,1.504,1.50415,1.00,1.00
2014.04.04 15:38:27.323,1.504,1.50416,1.50,1.00
2014.04.04 15:38:27.860,1.504,1.50417,1.50,1.00
2014.04.04 15:38:28.846,1.504,1.50418,1.50,1.50
2014.04.04 15:38:29.632,1.50404,1.50418,1.00,1.50
2014.04.04 15:38:29.935,1.50407,1.5042,1.00,1.00
2014.04.04 15:38:33.420,1.50407,1.50421,1.00,1.25
2014.04.04 15:38:36.103,1.50412,1.50423,1.00,1.69
2014.04.04 15:38:36.205,1.50412,1.50423,1.00,1.00
2014.04.04 15:38:36.307,1.50413,1.50426,1.00,1.00
2014.04.04 15:38:36.358,1.50413,1.50428,1.00,1.00
2014.04.04 15:38:37.287,1.50413,1.50429,1.00,1.00
2014.04.04 15:38:37.810,1.50413,1.5043,1.00,2.07
2014.04.04 15:38:43.733,1.50417,1.5043,1.00,1.25
2014.04.04 15:38:43.796,1.50417,1.50436,1.00,2.82
2014.04.04 15:38:44.515,1.50417,1.50435,1.00,1.00
2014.04.04 15:38:46.235,1.50417,1.50435,1.00,1.63
2014.04.04 15:38:47.304,1.50417,1.50435,1.00,1.00
2014.04.04 15:38:49.346,1.50417,1.50433,1.00,1.50
2014.04.04 15:38:49.864,1.50416,1.50433,1.13,1.50
2014.04.04 15:38:50.168,1.50415,1.50431,1.00,2.25
2014.04.04 15:38:50.219,1.50411,1.50429,1.69,1.00
2014.04.04 15:38:50.270,1.50411,1.5043,1.00,3.94
2014.04.04 15:38:50.948,1.50412,1.50425,1.00,1.00
2014.04.04 15:38:51.302,1.50412,1.50427,1.00,2.44
2014.04.04 15:38:52.324,1.50413,1.50427,1.00,1.69
2014.04.04 15:38:52.376,1.50411,1.50429,1.00,3.57
2014.04.04 15:38:52.847,1.50414,1.50428,1.00,1.00
2014.04.04 15:38:53.172,1.50414,1.5043,1.00,1.00
2014.04.04 15:38:53.727,1.50413,1.50428,1.00,1.00
2014.04.04 15:38:54.487,1.50412,1.50424,1.00,1.00
2014.04.04 15:38:54.741,1.50406,1.50421,1.45,1.00
2014.04.04 15:38:55.146,1.50409,1.50424,1.00,2.44
2014.04.04 15:38:55.918,1.50404,1.50424,1.00,1.19
2014.04.04 15:38:58.140,1.50403,1.50424,1.88,1.19
2014.04.04 15:38:58.647,1.50403,1.50422,1.00,1.19
2014.04.04 15:38:59.210,1.50402,1.50422,2.63,1.19
2014.04.04 15:38:59.956,1.50402,1.50422,2.63,1.19
2014.04.04 15:39:00.498,1.50403,1.50422,1.00,1.19
2014.04.04 15:39:02.859,1.50406,1.50422,1.00,1.19
2014.04.04 15:39:03.162,1.50408,1.50422,1.00,1.00
2014.04.04 15:39:03.718,1.50405,1.50422,1.00,1.00
2014.04.04 15:39:03.769,1.50403,1.50423,1.35,1.25
2014.04.04 15:39:03.820,1.50402,1.50421,2.85,1.00
2014.04.04 15:39:04.666,1.50398,1.50417,1.30,1.19
2014.04.04 15:39:04.731,1.504,1.50418,2.25,1.69
2014.04.04 15:39:07.352,1.50399,1.50418,1.00,1.25
2014.04.04 15:39:07.453,1.50401,1.50418,1.00,2.44
2014.04.04 15:39:13.601,1.50402,1.50418,1.00,1.50
2014.04.04 15:39:13.907,1.50407,1.50421,1.00,1.00
2014.04.04 15:39:14.365,1.50411,1.50421,1.00,1.00
2014.04.04 15:39:14.467,1.50411,1.50424,1.00,1.19
2014.04.04 15:39:14.721,1.50406,1.50424,1.50,1.00
2014.04.04 15:39:14.822,1.50408,1.50424,1.00,1.00
2014.04.04 15:39:29.511,1.50408,1.50425,1.00,1.00
2014.04.04 15:39:30.032,1.50408,1.50426,1.00,1.00
2014.04.04 15:39:37.637,1.50408,1.50426,1.00,1.75
2014.04.04 15:39:37.941,1.50405,1.50418,1.00,1.50
2014.04.04 15:39:37.992,1.50399,1.50418,1.00,3.38
2014.04.04 15:39:38.044,1.50399,1.50416,1.00,1.00
2014.04.04 15:39:38.095,1.50397,1.50416,1.50,1.88
2014.04.04 15:39:38.405,1.50397,1.50414,1.00,1.00
2014.04.04 15:39:39.437,1.50395,1.50414,1.25,1.50
2014.04.04 15:39:39.589,1.50394,1.50412,1.69,1.00
2014.04.04 15:39:41.840,1.50394,1.50412,1.00,1.00
2014.04.04 15:39:42.163,1.50396,1.50413,1.00,1.50
2014.04.04 15:39:43.898,1.50393,1.50411,2.07,1.00
2014.04.04 15:39:44.202,1.50392,1.50408,1.00,1.00
2014.04.04 15:39:44.506,1.50389,1.50404,1.00,1.50
2014.04.04 15:39:45.636,1.5039,1.50404,1.00,1.00
2014.04.04 15:39:45.990,1.50388,1.50404,2.63,1.00
2014.04.04 15:39:49.236,1.50387,1.50404,1.50,1.25
2014.04.04 15:39:49.803,1.50387,1.50402,1.00,1.00
2014.04.04 15:39:50.424,1.50389,1.50402,1.00,1.00
2014.04.04 15:39:50.727,1.50394,1.50404,1.00,1.00
2014.04.04 15:39:50.980,1.50393,1.50406,1.00,2.78
2014.04.04 15:39:51.385,1.50394,1.50409,1.00,1.00
2014.04.04 15:39:52.301,1.50391,1.50407,1.38,1.00
2014.04.04 15:39:52.353,1.50391,1.50407,1.00,1.69
2014.04.04 15:39:52.404,1.5039,1.50405,1.00,1.00
2014.04.04 15:39:52.505,1.50388,1.50405,1.50,1.00
2014.04.04 15:39:52.657,1.50392,1.50405,1.00,1.00
2014.04.04 15:39:53.061,1.50391,1.50408,1.00,1.19
2014.04.04 15:39:53.112,1.50394,1.50408,1.00,1.69
2014.04.04 15:39:53.264,1.50394,1.5041,1.00,1.25
2014.04.04 15:39:53.315,1.50392,1.5041,1.13,1.25
2014.04.04 15:39:54.366,1.50392,1.50408,1.00,1.00
2014.04.04 15:39:57.802,1.50389,1.50408,1.57,1.50
2014.04.04 15:39:58.655,1.50389,1.50407,1.57,1.00
2014.04.04 15:39:58.756,1.50389,1.50405,1.57,1.00
2014.04.04 15:40:00.807,1.50389,1.50405,1.00,1.00
2014.04.04 15:40:01.733,1.50388,1.50405,1.00,1.25
2014.04.04 15:40:02.037,1.50386,1.504,1.50,1.00
2014.04.04 15:40:02.394,1.50384,1.504,1.00,1.25
2014.04.04 15:40:02.697,1.50382,1.504,1.13,1.25
2014.04.04 15:40:02.951,1.50383,1.50396,1.00,1.00
2014.04.04 15:40:15.613,1.50382,1.50396,1.00,1.00
2014.04.04 15:40:17.509,1.50383,1.50396,1.00,1.00
2014.04.04 15:40:17.764,1.50381,1.50396,1.00,1.00
2014.04.04 15:40:22.361,1.50383,1.50396,1.00,1.00
2014.04.04 15:40:25.956,1.50386,1.50401,1.00,2.25
2014.04.04 15:40:27.673,1.50384,1.50401,1.00,1.00
2014.04.04 15:40:28.234,1.50385,1.504,1.00,1.00
2014.04.04 15:40:28.953,1.50383,1.504,1.00,2.63
2014.04.04 15:40:29.004,1.50383,1.50397,1.00,1.00
2014.04.04 15:40:31.157,1.50383,1.50398,1.00,1.00
2014.04.04 15:40:32.800,1.50381,1.50398,1.00,2.44
2014.04.04 15:40:33.153,1.50381,1.50395,1.00,1.00
2014.04.04 15:40:33.717,1.50381,1.50395,1.00,1.38
2014.04.04 15:40:34.661,1.50381,1.50395,1.00,1.13
2014.04.04 15:40:42.649,1.50379,1.50395,1.69,1.00
2014.04.04 15:40:45.709,1.50379,1.50396,1.00,3.38
2014.04.04 15:40:57.854,1.50375,1.50393,1.19,1.13
2014.04.04 15:40:57.965,1.50374,1.50393,1.00,1.57
2014.04.04 15:40:58.016,1.50374,1.50389,1.00,1.00
2014.04.04 15:40:58.168,1.50372,1.5039,1.25,1.00
2014.04.04 15:40:58.222,1.50372,1.50388,1.25,1.00
2014.04.04 15:40:58.725,1.50371,1.50387,1.50,1.00
2014.04.04 15:40:59.240,1.50371,1.50386,1.00,1.25
2014.04.04 15:41:01.397,1.50372,1.50386,1.00,1.25
2014.04.04 15:41:04.173,1.5037,1.50386,1.50,1.00
2014.04.04 15:41:04.690,1.50371,1.50386,1.00,1.00
2014.04.04 15:41:07.214,1.50368,1.50385,1.00,1.00
2014.04.04 15:41:07.778,1.50369,1.50385,1.00,1.00
2014.04.04 15:41:08.773,1.50372,1.50385,1.00,1.00
2014.04.04 15:41:10.847,1.50372,1.50386,1.00,1.00
2014.04.04 15:41:14.046,1.50367,1.50386,2.44,1.00
2014.04.04 15:41:14.561,1.50367,1.50385,1.19,1.00
2014.04.04 15:41:18.022,1.50365,1.50385,1.00,1.13
2014.04.04 15:41:18.174,1.50364,1.50382,1.13,1.00
2014.04.04 15:41:18.275,1.50364,1.50384,1.13,2.25
2014.04.04 15:41:18.326,1.50367,1.50384,1.00,2.25
2014.04.04 15:41:18.689,1.50367,1.50386,1.00,1.50
2014.04.04 15:41:23.262,1.50367,1.50384,1.00,1.00
2014.04.04 15:41:23.869,1.50366,1.50384,2.82,1.00
2014.04.04 15:41:26.394,1.50368,1.50384,1.00,1.00
2014.04.04 15:41:27.515,1.50366,1.50384,2.25,1.00
2014.04.04 15:41:27.617,1.50366,1.50382,1.50,1.00
2014.04.04 15:41:28.122,1.50367,1.50382,1.00,1.19
2014.04.04 15:41:28.223,1.50367,1.50383,1.00,1.00
2014.04.04 15:41:28.582,1.50365,1.5038,1.50,1.00
2014.04.04 15:41:28.885,1.50364,1.5038,1.00,1.69
2014.04.04 15:41:28.935,1.50362,1.5038,1.00,1.69
2014.04.04 15:41:29.348,1.50359,1.50377,1.50,1.00
2014.04.04 15:41:29.399,1.50359,1.50374,1.00,1.00
2014.04.04 15:41:29.904,1.50359,1.50373,1.00,1.00
2014.04.04 15:41:31.195,1.50362,1.50375,1.00,1.00
2014.04.04 15:41:31.541,1.50359,1.50374,1.50,1.00
2014.04.04 15:41:32.053,1.50359,1.50375,1.50,1.00
2014.04.04 15:41:35.511,1.50357,1.50375,1.00,1.50
2014.04.04 15:41:35.562,1.50356,1.50375,1.00,2.44
2014.04.04 15:41:35.865,1.50359,1.50375,1.00,1.69
2014.04.04 15:41:39.212,1.50359,1.50375,1.00,2.25
2014.04.04 15:41:40.459,1.50357,1.50373,1.13,1.00
2014.04.04 15:41:40.971,1.50357,1.50372,1.00,1.00
2014.04.04 15:41:41.986,1.50355,1.50372,1.88,1.00
2014.04.04 15:41:43.439,1.50358,1.50372,1.00,1.00
2014.04.04 15:41:44.075,1.50357,1.50372,1.13,1.00
2014.04.04 15:41:44.621,1.50357,1.50373,1.13,1.00
2014.04.04 15:41:45.066,1.50359,1.50373,1.00,1.00
2014.04.04 15:41:46.819,1.50359,1.50373,1.38,1.00
2014.04.04 15:41:46.971,1.50359,1.50376,1.38,2.25
2014.04.04 15:41:47.073,1.50362,1.50376,1.00,2.25
2014.04.04 15:41:48.940,1.50364,1.50376,1.00,1.50
2014.04.04 15:41:49.094,1.50365,1.50378,1.13,1.00
2014.04.04 15:41:49.349,1.50366,1.50381,1.00,1.00
2014.04.04 15:42:00.191,1.50366,1.5038,1.50,1.00
2014.04.04 15:42:00.733,1.50366,1.50381,1.50,1.00
2014.04.04 15:42:02.978,1.50366,1.50383,1.00,1.50
2014.04.04 15:42:03.130,1.50369,1.50384,1.00,2.25
2014.04.04 15:42:03.433,1.50372,1.50387,1.00,1.50
2014.04.04 15:42:04.669,1.50373,1.50388,1.00,1.50
2014.04.04 15:42:05.124,1.50375,1.50388,1.00,2.25
2014.04.04 15:42:05.779,1.50374,1.50388,1.00,2.25
2014.04.04 15:42:08.529,1.50379,1.50396,2.25,1.50
2014.04.04 15:42:08.826,1.50381,1.50396,1.00,1.00
2014.04.04 15:42:09.619,1.50386,1.50396,1.00,1.00
2014.04.04 15:42:09.720,1.50385,1.50402,1.00,1.00
2014.04.04 15:42:09.824,1.50383,1.50397,1.50,1.00
2014.04.04 15:42:10.331,1.50382,1.50398,1.00,1.25
2014.04.04 15:42:12.690,1.50381,1.50398,1.00,1.25
2014.04.04 15:42:13.215,1.50382,1.50398,1.00,1.00
2014.04.04 15:42:16.239,1.50383,1.50398,1.38,1.00
2014.04.04 15:42:16.543,1.50387,1.50404,1.00,1.50
2014.04.04 15:42:17.180,1.50388,1.50404,1.00,1.00
2014.04.04 15:42:17.790,1.50388,1.50405,1.00,1.25
2014.04.04 15:42:19.897,1.50388,1.50404,1.00,1.00
2014.04.04 15:42:19.948,1.50388,1.50402,1.00,1.00
2014.04.04 15:42:20.050,1.50383,1.50402,1.50,2.44
2014.04.04 15:42:20.252,1.50384,1.50399,1.00,1.00
2014.04.04 15:42:20.354,1.50384,1.50401,1.00,1.25
2014.04.04 15:42:20.758,1.50385,1.50402,1.63,1.00
2014.04.04 15:42:21.276,1.50385,1.50402,1.63,1.00
2014.04.04 15:42:21.783,1.50388,1.50402,1.00,1.00
2014.04.04 15:42:23.544,1.50385,1.50402,1.63,1.00
2014.04.04 15:42:24.649,1.50386,1.50403,1.13,2.25
2014.04.04 15:42:26.802,1.50387,1.50403,1.00,1.50
2014.04.04 15:42:27.057,1.50387,1.50401,1.00,1.00
2014.04.04 15:42:27.558,1.50387,1.504,1.00,1.00
2014.04.04 15:42:28.064,1.50388,1.50403,1.00,1.50
2014.04.04 15:42:28.781,1.50393,1.50404,1.00,2.25
2014.04.04 15:42:28.883,1.50389,1.50404,1.13,1.00
2014.04.04 15:42:29.135,1.50388,1.50402,1.00,1.00
2014.04.04 15:42:29.777,1.50389,1.50401,1.00,1.00
2014.04.04 15:42:30.197,1.50389,1.50403,1.00,1.00
2014.04.04 15:42:31.045,1.50391,1.50403,1.00,1.00
2014.04.04 15:42:32.004,1.50391,1.50404,1.00,1.00
2014.04.04 15:42:37.248,1.50389,1.50404,1.00,1.50
2014.04.04 15:42:37.501,1.50388,1.50402,1.00,1.13
2014.04.04 15:42:37.552,1.50385,1.50402,1.25,2.63
2014.04.04 15:42:37.603,1.50385,1.504,1.25,1.00
2014.04.04 15:42:37.906,1.50385,1.50399,1.00,1.19
2014.04.04 15:42:40.224,1.50385,1.50397,1.00,1.00
2014.04.04 15:42:40.528,1.50377,1.50388,2.07,1.00
2014.04.04 15:42:40.730,1.50372,1.50386,1.13,2.03
2014.04.04 15:42:40.882,1.5037,1.50385,1.00,1.47
2014.04.04 15:42:40.933,1.5037,1.50383,1.00,1.00
2014.04.04 15:42:41.236,1.50372,1.50381,1.00,1.00
2014.04.04 15:42:41.743,1.50373,1.50381,1.00,1.00
2014.04.04 15:42:42.310,1.50373,1.50382,1.00,1.00
2014.04.04 15:42:42.918,1.50373,1.50383,1.00,1.00
2014.04.04 15:42:43.125,1.50373,1.50385,1.00,1.25
2014.04.04 15:42:43.286,1.50375,1.50385,1.00,1.25
2014.04.04 15:42:43.864,1.50376,1.50385,1.00,1.00
2014.04.04 15:42:44.207,1.50378,1.50385,1.00,1.00
2014.04.04 15:42:45.025,1.50378,1.50386,1.00,1.00
2014.04.04 15:42:45.535,1.50378,1.50387,1.00,1.00
2014.04.04 15:42:46.340,1.50378,1.50388,1.00,1.50
2014.04.04 15:42:46.712,1.50378,1.50386,1.00,1.00
2014.04.04 15:42:49.133,1.50378,1.50388,1.00,1.50
2014.04.04 15:42:51.154,1.50371,1.50385,1.00,1.50
2014.04.04 15:42:55.135,1.50372,1.50385,1.00,1.50
2014.04.04 15:42:55.339,1.50372,1.50383,1.00,1.00
2014.04.04 15:42:55.491,1.50367,1.50382,1.50,1.50
2014.04.04 15:42:55.592,1.50366,1.5038,1.00,1.00
2014.04.04 15:42:55.931,1.50366,1.50378,1.00,2.25
2014.04.04 15:42:56.279,1.50369,1.50378,1.00,2.25
2014.04.04 15:42:56.346,1.50367,1.50378,1.00,2.25
2014.04.04 15:43:07.029,1.50369,1.50378,1.00,2.25
2014.04.04 15:43:07.182,1.50369,1.5038,1.00,1.50
2014.04.04 15:43:07.798,1.50369,1.50381,1.00,1.00
2014.04.04 15:43:11.278,1.50369,1.50384,1.00,2.25
2014.04.04 15:43:15.424,1.50371,1.50384,1.00,2.25
2014.04.04 15:43:16.090,1.5037,1.50384,1.00,2.25
2014.04.04 15:43:18.237,1.50371,1.50384,1.00,2.25
2014.04.04 15:43:19.805,1.5037,1.50383,1.00,1.00
2014.04.04 15:43:20.352,1.5037,1.50384,1.00,1.50
2014.04.04 15:43:23.115,1.50371,1.50384,1.00,1.50
2014.04.04 15:43:23.655,1.5037,1.50384,1.00,2.25
2014.04.04 15:43:24.328,1.50367,1.50384,1.50,2.25
2014.04.04 15:43:25.092,1.5037,1.50384,1.00,1.00
2014.04.04 15:43:25.636,1.50371,1.50385,1.00,1.50
2014.04.04 15:43:26.563,1.50376,1.50385,1.00,1.00
2014.04.04 15:43:26.621,1.50376,1.50391,1.00,1.63
2014.04.04 15:43:27.332,1.50376,1.50388,1.00,1.00
2014.04.04 15:43:27.840,1.50373,1.50387,1.00,1.00
2014.04.04 15:43:28.353,1.50373,1.50388,1.00,1.13
2014.04.04 15:43:28.890,1.50374,1.50388,1.00,1.50
2014.04.04 15:43:29.286,1.50371,1.50387,1.00,1.50
2014.04.04 15:43:29.389,1.50371,1.50385,1.00,1.00
2014.04.04 15:43:31.352,1.50372,1.50385,1.00,1.00
2014.04.04 15:43:32.476,1.50373,1.50385,1.00,1.00
2014.04.04 15:43:32.779,1.50375,1.50385,1.00,1.00
2014.04.04 15:43:33.828,1.50375,1.50387,1.00,1.50
2014.04.04 15:43:34.697,1.50377,1.50387,1.00,1.50
2014.04.04 15:43:35.529,1.50375,1.50387,1.00,1.95
2014.04.04 15:43:35.843,1.50378,1.50387,1.00,1.95
2014.04.04 15:43:36.378,1.50377,1.50387,1.00,1.95
2014.04.04 15:43:36.926,1.50378,1.50387,1.00,1.95
2014.04.04 15:43:37.721,1.50379,1.50387,1.00,1.50
2014.04.04 15:43:38.076,1.50377,1.50387,1.00,1.50
2014.04.04 15:43:38.177,1.50379,1.50387,1.00,1.50
2014.04.04 15:43:38.228,1.50379,1.50389,1.00,2.25
2014.04.04 15:43:38.330,1.50379,1.50391,1.00,1.00
2014.04.04 15:43:38.380,1.50381,1.50391,1.00,1.00
2014.04.04 15:43:39.214,1.50387,1.50398,1.00,1.19
2014.04.04 15:43:39.711,1.50389,1.50399,1.00,1.50
2014.04.04 15:43:39.813,1.50389,1.50401,1.00,1.00
2014.04.04 15:43:39.965,1.50389,1.50404,1.00,1.50
2014.04.04 15:43:40.475,1.50389,1.504,1.00,1.00
2014.04.04 15:43:40.576,1.50384,1.50399,1.13,1.00
2014.04.04 15:43:41.098,1.50383,1.50399,1.88,1.00
2014.04.04 15:43:42.687,1.50382,1.50399,1.00,1.00
2014.04.04 15:43:42.839,1.50382,1.50399,1.00,1.19
2014.04.04 15:43:43.041,1.50383,1.50399,1.50,1.00
2014.04.04 15:43:43.445,1.50381,1.50399,2.44,1.00
2014.04.04 15:43:44.321,1.50382,1.50399,1.00,2.44
2014.04.04 15:43:44.473,1.50382,1.50397,1.00,1.00
2014.04.04 15:43:44.882,1.50377,1.50395,1.69,1.00
2014.04.04 15:43:44.984,1.50377,1.50394,1.00,1.00
2014.04.04 15:43:45.187,1.50376,1.50392,1.00,1.00
2014.04.04 15:43:45.541,1.50379,1.50392,1.00,1.00
2014.04.04 15:43:45.642,1.50377,1.50392,1.00,1.00
2014.04.04 15:43:45.743,1.50381,1.50392,1.00,1.00
2014.04.04 15:43:46.409,1.50378,1.50392,1.50,1.00
2014.04.04 15:43:46.510,1.50378,1.50394,1.50,1.50
2014.04.04 15:43:47.280,1.50377,1.50394,2.82,1.50
2014.04.04 15:43:48.639,1.50382,1.50394,1.00,1.50
2014.04.04 15:43:48.691,1.50382,1.50396,1.00,1.00
2014.04.04 15:43:48.742,1.50382,1.50398,1.00,1.50
2014.04.04 15:43:49.254,1.50381,1.50398,1.00,1.50
2014.04.04 15:43:53.247,1.50381,1.50397,1.00,1.00
2014.04.04 15:43:53.310,1.50385,1.50399,1.00,1.45
2014.04.04 15:43:53.412,1.50387,1.50401,1.00,1.50
2014.04.04 15:43:53.463,1.50385,1.50401,1.00,1.50
2014.04.04 15:43:54.749,1.50385,1.50403,1.00,1.00
2014.04.04 15:43:55.976,1.50386,1.50403,1.00,1.25
2014.04.04 15:43:56.129,1.50385,1.50403,1.00,1.19
2014.04.04 15:43:59.631,1.50385,1.50402,1.00,1.00
2014.04.04 15:44:01.950,1.50384,1.50402,1.50,1.00
2014.04.04 15:44:02.756,1.50384,1.50401,1.00,1.00
2014.04.04 15:44:02.858,1.50384,1.504,1.00,1.19
2014.04.04 15:44:03.359,1.50383,1.50398,1.00,1.25
2014.04.04 15:44:05.095,1.50384,1.50399,1.00,1.19
2014.04.04 15:44:05.726,1.50384,1.50399,1.00,1.19
2014.04.04 15:44:08.502,1.50382,1.50401,1.13,1.00
2014.04.04 15:44:10.925,1.50381,1.504,2.44,1.00
2014.04.04 15:44:11.585,1.50382,1.504,1.00,1.00
2014.04.04 15:44:11.717,1.50384,1.504,1.00,1.00
2014.04.04 15:44:12.728,1.50386,1.504,1.00,1.69
2014.04.04 15:44:13.242,1.50386,1.50401,1.00,1.00
2014.04.04 15:44:13.803,1.50385,1.50401,1.50,1.00
2014.04.04 15:44:14.323,1.50384,1.50401,1.50,1.00
2014.04.04 15:44:15.873,1.50387,1.50401,1.00,1.00
2014.04.04 15:44:18.374,1.50387,1.50403,1.50,1.00
2014.04.04 15:44:19.008,1.50387,1.50404,1.50,1.00
2014.04.04 15:44:19.594,1.50387,1.50403,1.00,1.00
2014.04.04 15:44:24.023,1.50387,1.50403,1.00,1.19
2014.04.04 15:44:26.259,1.50387,1.50401,1.00,1.00
2014.04.04 15:44:32.811,1.50387,1.50402,1.00,1.00
2014.04.04 15:44:34.253,1.50388,1.50402,1.00,1.00
2014.04.04 15:44:34.355,1.5039,1.50402,1.00,1.00
2014.04.04 15:44:35.907,1.5039,1.50404,1.00,1.00
2014.04.04 15:44:36.408,1.50391,1.50404,1.00,1.00
2014.04.04 15:44:42.374,1.50391,1.50406,1.00,1.19
2014.04.04 15:44:42.475,1.50393,1.50407,1.00,1.19
2014.04.04 15:44:42.577,1.50393,1.50407,1.00,1.25
2014.04.04 15:44:42.678,1.50395,1.50412,1.50,1.50
2014.04.04 15:44:43.676,1.50395,1.50413,2.25,1.00
2014.04.04 15:44:46.243,1.50397,1.50413,1.00,1.00
2014.04.04 15:44:47.026,1.50398,1.50413,1.00,1.00
2014.04.04 15:44:49.535,1.50399,1.50413,1.00,1.00
2014.04.04 15:44:49.959,1.50401,1.50415,1.00,1.00
2014.04.04 15:44:51.969,1.50399,1.50415,1.50,1.00
2014.04.04 15:44:52.302,1.50404,1.50415,1.00,1.00
2014.04.04 15:44:52.504,1.50404,1.50421,1.69,1.50
2014.04.04 15:44:54.096,1.50405,1.5042,1.50,1.50
2014.04.04 15:44:54.608,1.50405,1.50421,1.50,1.50
2014.04.04 15:44:55.360,1.50405,1.50418,1.00,1.00
2014.04.04 15:44:55.564,1.504,1.50419,2.25,1.50
2014.04.04 15:44:57.667,1.504,1.50417,2.25,1.00
2014.04.04 15:44:58.906,1.504,1.50419,2.25,1.50
2014.04.04 15:45:00.121,1.504,1.50418,2.25,1.00
2014.04.04 15:45:00.671,1.50401,1.50418,1.00,1.00
2014.04.04 15:45:01.339,1.50401,1.50416,1.00,1.00
2014.04.04 15:45:01.491,1.50399,1.50416,1.25,1.00
2014.04.04 15:45:01.542,1.50397,1.50414,1.00,1.00
2014.04.04 15:45:02.159,1.50399,1.50414,1.00,1.00
2014.04.04 15:45:02.212,1.50399,1.50417,1.00,1.00
2014.04.04 15:45:02.658,1.50397,1.50416,4.32,1.00
2014.04.04 15:45:02.911,1.50397,1.50416,4.32,1.00
2014.04.04 15:45:09.035,1.50399,1.50413,1.00,1.00
2014.04.04 15:45:09.092,1.50399,1.50417,1.00,1.50
2014.04.04 15:45:09.944,1.504,1.50417,1.00,1.00
2014.04.04 15:45:14.614,1.50404,1.50421,1.00,1.19
2014.04.04 15:45:14.669,1.50405,1.50422,1.00,1.00
2014.04.04 15:45:14.721,1.50405,1.50424,2.25,1.69
2014.04.04 15:45:14.772,1.50407,1.50424,1.00,1.00
2014.04.04 15:45:15.076,1.5041,1.50426,1.00,1.00
2014.04.04 15:45:15.489,1.5041,1.50428,1.00,1.50
2014.04.04 15:45:16.918,1.5041,1.50424,1.00,1.00
2014.04.04 15:45:17.563,1.50408,1.50424,1.00,1.00
2014.04.04 15:45:18.611,1.50408,1.50425,1.00,1.00
2014.04.04 15:45:20.945,1.50408,1.50427,1.50,1.25
2014.04.04 15:45:24.196,1.50413,1.50432,1.00,1.69
2014.04.04 15:45:24.507,1.50418,1.50435,1.13,1.00
2014.04.04 15:45:25.115,1.50417,1.50434,1.00,2.44
2014.04.04 15:45:25.176,1.50415,1.50434,1.00,2.44
2014.04.04 15:45:25.710,1.50414,1.50434,1.00,3.19
2014.04.04 15:45:25.855,1.50412,1.50433,1.88,1.19
2014.04.04 15:45:26.565,1.50412,1.50433,1.88,1.19
2014.04.04 15:45:27.514,1.50413,1.50433,1.00,1.19
2014.04.04 15:45:28.083,1.50414,1.50433,1.00,1.19
2014.04.04 15:45:29.098,1.50412,1.50432,2.25,1.19
2014.04.04 15:45:29.250,1.50414,1.50432,1.00,1.69
2014.04.04 15:45:29.351,1.50411,1.5043,1.50,1.19
2014.04.04 15:45:29.786,1.50413,1.50429,1.00,1.25
2014.04.04 15:45:29.887,1.50413,1.50432,1.50,1.25
2014.04.04 15:45:29.989,1.50411,1.50432,3.00,1.69
2014.04.04 15:45:30.336,1.50411,1.5043,1.00,1.19
2014.04.04 15:45:31.837,1.5041,1.50429,1.00,1.25
2014.04.04 15:45:32.820,1.50409,1.50429,1.00,1.69
2014.04.04 15:45:39.775,1.50415,1.50432,1.00,1.00
2014.04.04 15:45:45.530,1.50413,1.50432,2.44,1.00
2014.04.04 15:45:46.084,1.50413,1.50432,2.25,1.00
2014.04.04 15:45:47.821,1.50416,1.50432,1.00,1.00
2014.04.04 15:45:48.426,1.50423,1.50435,1.00,1.00
2014.04.04 15:45:48.477,1.50423,1.50443,1.88,1.00
2014.04.04 15:45:49.716,1.50424,1.50443,1.00,1.00
2014.04.04 15:45:50.952,1.50425,1.50443,1.00,1.00
2014.04.04 15:45:52.443,1.50425,1.50443,1.00,1.19
2014.04.04 15:45:52.967,1.50426,1.50443,1.00,1.19
2014.04.04 15:45:55.774,1.50433,1.50449,1.00,1.00
2014.04.04 15:45:56.377,1.50434,1.50449,1.00,1.00
2014.04.04 15:45:57.117,1.50433,1.50449,1.00,1.00
2014.04.04 15:45:57.555,1.50429,1.50448,2.25,1.00
2014.04.04 15:45:58.126,1.50429,1.50447,1.00,1.25
2014.04.04 15:45:58.566,1.50426,1.50447,2.82,2.44
2014.04.04 15:46:00.526,1.50429,1.50447,1.00,2.44
2014.04.04 15:46:00.890,1.50428,1.50447,1.00,2.44
2014.04.04 15:46:01.767,1.50428,1.5044,1.00,1.17
2014.04.04 15:46:02.071,1.50411,1.50416,1.00,2.63
2014.04.04 15:46:02.173,1.50409,1.50415,1.50,1.00
2014.04.04 15:46:02.375,1.5041,1.5042,1.53,1.00
2014.04.04 15:46:02.577,1.50413,1.5042,1.00,1.00
2014.04.04 15:46:03.133,1.50411,1.5042,1.00,1.35
2014.04.04 15:46:03.815,1.50411,1.50427,1.00,1.19
2014.04.04 15:46:03.867,1.50411,1.50424,1.00,1.00
2014.04.04 15:46:06.862,1.50412,1.50424,1.00,1.69
2014.04.04 15:46:08.092,1.50412,1.50423,1.00,1.00
2014.04.04 15:46:10.119,1.5041,1.50423,1.00,1.00
2014.04.04 15:46:10.671,1.50411,1.50424,1.00,1.19
2014.04.04 15:46:10.875,1.50412,1.50427,1.00,1.00
2014.04.04 15:46:10.976,1.50416,1.50427,1.00,1.00
2014.04.04 15:46:11.280,1.50413,1.50426,1.00,1.00
2014.04.04 15:46:11.331,1.50413,1.50424,1.00,1.00
2014.04.04 15:46:11.636,1.50418,1.50428,1.00,1.50
2014.04.04 15:46:12.055,1.50416,1.50428,1.00,1.00
2014.04.04 15:46:12.622,1.50415,1.50428,1.00,1.00
2014.04.04 15:46:13.311,1.50416,1.50428,1.00,1.00
2014.04.04 15:46:13.903,1.50414,1.50428,1.00,1.00
2014.04.04 15:46:15.489,1.50413,1.50428,1.00,1.00
2014.04.04 15:46:17.545,1.50414,1.50428,1.00,1.00
2014.04.04 15:46:17.646,1.50414,1.50431,1.00,2.82
2014.04.04 15:46:18.756,1.50412,1.50429,1.50,1.00
2014.04.04 15:46:18.808,1.50415,1.5043,1.00,1.00
2014.04.04 15:46:21.022,1.50415,1.50431,1.00,1.50
2014.04.04 15:46:21.327,1.50418,1.50429,1.00,1.00
2014.04.04 15:46:21.428,1.50415,1.50429,1.00,1.50
2014.04.04 15:46:21.630,1.50411,1.50429,3.19,1.50
2014.04.04 15:46:21.832,1.50415,1.50429,1.00,1.50
2014.04.04 15:46:23.362,1.50417,1.50429,1.00,1.00
2014.04.04 15:46:25.895,1.50416,1.50432,1.00,1.19
2014.04.04 15:46:25.962,1.50416,1.50432,1.00,1.00
2014.04.04 15:46:27.452,1.50414,1.50432,1.00,1.25
2014.04.04 15:46:27.502,1.50414,1.50431,1.00,1.88
2014.04.04 15:46:27.553,1.50412,1.50431,1.00,2.63
2014.04.04 15:46:27.605,1.50412,1.50426,1.00,1.25
2014.04.04 15:46:27.808,1.5041,1.50426,1.50,2.44
2014.04.04 15:46:28.322,1.50411,1.50426,1.00,4.32
2014.04.04 15:46:28.849,1.50412,1.50428,1.00,1.57
2014.04.04 15:46:29.400,1.50412,1.50426,1.00,1.00
2014.04.04 15:46:29.653,1.50414,1.50426,1.00,1.00
2014.04.04 15:46:29.963,1.50416,1.50426,1.00,1.00
2014.04.04 15:46:30.722,1.50416,1.50425,1.00,1.00
2014.04.04 15:46:30.773,1.50414,1.50425,1.00,1.00
2014.04.04 15:46:31.346,1.50415,1.50427,1.00,1.19
2014.04.04 15:46:32.066,1.50417,1.50427,1.00,1.19
2014.04.04 15:46:32.369,1.5042,1.5043,1.00,1.50
2014.04.04 15:46:32.623,1.50424,1.50432,1.00,1.19
2014.04.04 15:46:32.724,1.50424,1.50435,1.00,1.19
2014.04.04 15:46:32.825,1.50427,1.50438,1.00,2.22
2014.04.04 15:46:32.876,1.50427,1.50438,1.00,1.00
2014.04.04 15:46:32.927,1.50427,1.5044,1.00,1.13
2014.04.04 15:46:33.028,1.50429,1.50441,1.00,1.63
2014.04.04 15:46:33.369,1.50437,1.50449,1.00,1.50
2014.04.04 15:46:34.018,1.50434,1.50449,1.00,2.25
2014.04.04 15:46:34.077,1.50434,1.50447,1.00,1.00
2014.04.04 15:46:40.727,1.50439,1.50453,1.00,1.00
2014.04.04 15:46:41.272,1.50439,1.50452,1.00,2.25
2014.04.04 15:46:43.317,1.50435,1.5045,1.50,1.00
2014.04.04 15:46:43.369,1.50435,1.50448,1.50,1.00
2014.04.04 15:46:43.672,1.5043,1.50444,1.00,1.50
2014.04.04 15:46:43.824,1.5043,1.50444,1.00,1.47
2014.04.04 15:46:44.482,1.5043,1.5044,1.00,1.00
2014.04.04 15:46:46.706,1.5043,1.50442,1.00,1.54
2014.04.04 15:46:48.412,1.50425,1.50433,1.00,1.00
2014.04.04 15:46:48.514,1.5043,1.50439,1.00,1.38
2014.04.04 15:46:48.565,1.50424,1.50439,1.00,1.57
2014.04.04 15:46:48.717,1.50424,1.50432,1.00,1.00
2014.04.04 15:46:49.357,1.50425,1.50435,1.00,1.00
2014.04.04 15:46:50.769,1.50425,1.50437,1.00,1.25
2014.04.04 15:46:52.390,1.50426,1.50439,1.00,1.19
2014.04.04 15:46:52.912,1.50425,1.50441,1.50,2.44
2014.04.04 15:46:52.963,1.50425,1.50441,1.50,1.57
2014.04.04 15:46:56.232,1.50425,1.50438,1.50,1.00
2014.04.04 15:46:56.878,1.50424,1.50438,1.00,1.00
2014.04.04 15:47:01.787,1.50424,1.5044,1.25,1.00
2014.04.04 15:47:01.889,1.50427,1.50441,1.00,1.00
2014.04.04 15:47:01.990,1.50427,1.50443,1.00,1.00
2014.04.04 15:47:02.496,1.50428,1.50443,1.00,1.00
2014.04.04 15:47:03.210,1.50428,1.50441,1.00,1.00
2014.04.04 15:47:03.514,1.50422,1.50436,1.00,1.00
2014.04.04 15:47:05.672,1.50422,1.50436,1.00,1.38
2014.04.04 15:47:05.976,1.50416,1.50428,1.00,1.50
2014.04.04 15:47:06.027,1.50413,1.50428,1.25,1.50
2014.04.04 15:47:06.547,1.50415,1.50428,1.00,1.00
2014.04.04 15:47:06.649,1.50413,1.50427,1.00,1.00
2014.04.04 15:47:06.750,1.50409,1.50427,1.50,1.00
2014.04.04 15:47:06.851,1.50412,1.50427,1.00,1.00
2014.04.04 15:47:07.829,1.50412,1.50428,1.00,1.13
2014.04.04 15:47:08.538,1.50412,1.50423,1.00,1.00
2014.04.04 15:47:08.639,1.50412,1.50427,1.00,1.25
2014.04.04 15:47:09.044,1.50412,1.50429,1.00,1.00
2014.04.04 15:47:11.797,1.50413,1.50428,1.00,1.00
2014.04.04 15:47:12.089,1.50415,1.50429,1.00,1.00
2014.04.04 15:47:12.992,1.50414,1.50429,1.00,2.63
2014.04.04 15:47:13.394,1.50414,1.50429,1.00,2.63
2014.04.04 15:47:13.561,1.50416,1.50429,1.00,2.63
2014.04.04 15:47:14.115,1.50417,1.50429,1.00,1.00
2014.04.04 15:47:16.216,1.50419,1.50429,1.00,1.00
2014.04.04 15:47:16.526,1.50419,1.50431,1.00,1.00
2014.04.04 15:47:17.032,1.50419,1.50434,1.00,2.82
2014.04.04 15:47:18.052,1.50416,1.50434,1.50,2.82
2014.04.04 15:47:22.110,1.50416,1.50434,1.00,2.82
2014.04.04 15:47:22.161,1.50421,1.50434,1.00,1.69
2014.04.04 15:47:22.313,1.50422,1.50437,1.50,1.00
2014.04.04 15:47:22.415,1.5042,1.50437,1.50,1.13
2014.04.04 15:47:22.467,1.50418,1.50437,1.69,2.63
2014.04.04 15:47:22.568,1.50427,1.50437,1.00,2.25
2014.04.04 15:47:22.770,1.50428,1.50443,1.25,1.00
2014.04.04 15:47:23.024,1.50425,1.50444,1.19,2.85
2014.04.04 15:47:23.428,1.50428,1.50447,1.00,1.69
2014.04.04 15:47:23.479,1.50428,1.50447,1.00,1.69
2014.04.04 15:47:23.681,1.50428,1.50444,1.00,1.00
2014.04.04 15:47:23.731,1.50426,1.50444,1.25,1.00
2014.04.04 15:47:23.883,1.50426,1.50438,1.00,1.00
2014.04.04 15:47:23.985,1.50424,1.50441,1.35,1.00
2014.04.04 15:47:24.187,1.50429,1.50444,1.00,1.00
2014.04.04 15:47:24.440,1.5043,1.50448,1.00,1.19
2014.04.04 15:47:24.643,1.50427,1.50443,3.19,1.00
2014.04.04 15:47:24.744,1.50424,1.50443,1.19,1.13
2014.04.04 15:47:27.062,1.50421,1.50431,1.00,1.88
2014.04.04 15:47:27.120,1.50419,1.5043,1.00,1.00
2014.04.04 15:47:27.663,1.50419,1.50432,1.00,1.69
2014.04.04 15:47:28.164,1.5042,1.50432,1.00,1.00
2014.04.04 15:47:28.646,1.50425,1.50432,1.00,1.00
2014.04.04 15:47:28.697,1.50425,1.50438,1.00,1.69
2014.04.04 15:47:29.632,1.50419,1.50439,1.00,2.07
2014.04.04 15:47:29.684,1.50423,1.50439,1.00,1.19
2014.04.04 15:47:29.735,1.50423,1.5044,1.00,1.25
2014.04.04 15:47:30.089,1.50423,1.50444,1.00,2.44
2014.04.04 15:47:30.599,1.50422,1.50441,4.50,1.00
2014.04.04 15:47:30.903,1.5042,1.50436,1.13,1.00
2014.04.04 15:47:31.662,1.50421,1.50436,1.50,1.00
2014.04.04 15:47:32.328,1.50422,1.50436,1.00,1.00
2014.04.04 15:47:32.652,1.5042,1.50436,1.00,1.00
2014.04.04 15:47:32.851,1.5042,1.50439,1.00,1.25
2014.04.04 15:47:32.953,1.5042,1.50439,1.88,1.25
2014.04.04 15:47:33.105,1.50434,1.50449,1.00,1.25
2014.04.04 15:47:33.156,1.50441,1.50451,1.00,1.19
2014.04.04 15:47:33.206,1.50441,1.50453,1.00,1.00
2014.04.04 15:47:33.502,1.50437,1.50456,1.00,1.13
2014.04.04 15:47:33.603,1.5044,1.50458,1.00,2.82
2014.04.04 15:47:33.806,1.50437,1.50458,1.25,2.63
2014.04.04 15:47:34.009,1.50436,1.50458,1.00,3.57
2014.04.04 15:47:34.552,1.50443,1.50458,1.00,2.07
2014.04.04 15:47:34.705,1.50443,1.50459,1.00,1.69
2014.04.04 15:47:34.909,1.50441,1.50459,1.00,2.44
2014.04.04 15:47:35.569,1.50441,1.50453,1.00,1.00
2014.04.04 15:47:35.620,1.50439,1.50453,1.00,1.00
2014.04.04 15:47:35.671,1.50439,1.50453,1.00,1.38
2014.04.04 15:47:35.722,1.50436,1.50453,1.00,1.38
2014.04.04 15:47:35.774,1.50436,1.50453,1.00,1.13
2014.04.04 15:47:35.926,1.50436,1.50449,1.00,1.00
2014.04.04 15:47:36.229,1.5044,1.50452,1.00,1.00
2014.04.04 15:47:36.280,1.5044,1.50455,1.00,1.50
2014.04.04 15:47:36.382,1.50441,1.50452,1.00,1.00
2014.04.04 15:47:36.736,1.50435,1.50451,1.00,1.00
2014.04.04 15:47:36.989,1.5044,1.50457,1.00,1.69
2014.04.04 15:47:38.873,1.5044,1.50451,1.00,1.00
2014.04.04 15:47:38.925,1.50436,1.5045,1.00,1.00
2014.04.04 15:47:39.127,1.5044,1.5045,1.00,1.00
2014.04.04 15:47:39.178,1.5044,1.50455,1.00,2.82
2014.04.04 15:47:39.229,1.50437,1.50455,1.50,1.69
2014.04.04 15:47:39.279,1.50437,1.50452,1.50,1.00
2014.04.04 15:47:39.482,1.50435,1.50452,1.00,1.13
2014.04.04 15:47:39.684,1.50435,1.50449,1.00,1.00
2014.04.04 15:47:40.087,1.50435,1.50447,1.00,1.00
2014.04.04 15:47:40.138,1.50433,1.50447,1.00,1.00
2014.04.04 15:47:40.874,1.50435,1.50447,1.00,1.00
2014.04.04 15:47:41.131,1.50433,1.50447,1.00,1.00
2014.04.04 15:47:41.639,1.50432,1.50448,1.00,1.00
2014.04.04 15:47:43.938,1.50432,1.50447,1.00,1.13
2014.04.04 15:47:43.989,1.5043,1.50447,1.69,1.13
2014.04.04 15:47:44.444,1.50429,1.50445,1.00,1.00
2014.04.04 15:47:44.848,1.50429,1.50448,1.50,1.88
2014.04.04 15:47:44.899,1.50431,1.50448,1.00,1.88
2014.04.04 15:47:45.206,1.50427,1.50444,1.69,1.00
2014.04.04 15:47:45.754,1.50434,1.50448,1.00,1.19
2014.04.04 15:47:45.818,1.50434,1.5045,1.00,1.69
2014.04.04 15:47:46.323,1.50434,1.50451,1.00,3.19
2014.04.04 15:47:47.277,1.50435,1.50451,1.00,1.69
2014.04.04 15:47:47.328,1.50438,1.50452,1.00,1.69
2014.04.04 15:47:47.480,1.50444,1.5046,1.00,1.00
2014.04.04 15:47:48.111,1.50444,1.50461,1.00,1.13
2014.04.04 15:47:49.314,1.50444,1.50461,1.00,1.38
2014.04.04 15:47:49.835,1.50443,1.50461,1.25,1.38
2014.04.04 15:47:50.353,1.50442,1.50456,1.00,1.00
2014.04.04 15:47:50.454,1.5044,1.50456,1.69,1.38
2014.04.04 15:47:50.960,1.50437,1.50454,3.19,1.00
2014.04.04 15:47:51.668,1.50438,1.50454,1.00,1.13
2014.04.04 15:47:51.870,1.50447,1.50454,1.00,1.00
2014.04.04 15:47:51.971,1.50447,1.50457,1.00,1.00
2014.04.04 15:47:52.174,1.50446,1.50459,1.00,1.13
2014.04.04 15:47:52.275,1.50443,1.50458,1.00,1.88
2014.04.04 15:47:53.116,1.5044,1.50456,1.19,1.88
2014.04.04 15:47:53.178,1.5044,1.50456,1.00,1.88
2014.04.04 15:47:54.964,1.5044,1.50456,1.00,1.88
2014.04.04 15:47:55.923,1.50441,1.50455,1.00,1.13
2014.04.04 15:47:56.428,1.5044,1.50456,1.00,1.00
2014.04.04 15:47:57.073,1.50441,1.50456,1.00,1.00
2014.04.04 15:47:58.122,1.50445,1.50456,1.00,1.00
2014.04.04 15:47:58.274,1.50445,1.50459,1.00,1.25
2014.04.04 15:47:58.325,1.50445,1.50459,1.00,1.63
2014.04.04 15:47:58.477,1.50442,1.50458,1.00,1.38
2014.04.04 15:47:58.679,1.50445,1.50458,1.00,1.00
2014.04.04 15:47:59.569,1.50445,1.50461,1.50,2.07
2014.04.04 15:48:00.658,1.50442,1.50461,1.00,2.07
2014.04.04 15:48:01.763,1.5044,1.50456,1.00,1.00
2014.04.04 15:48:01.865,1.50438,1.50456,1.20,1.69
2014.04.04 15:48:02.366,1.50438,1.50455,1.00,1.63
2014.04.04 15:48:03.060,1.50437,1.50455,1.00,1.63
2014.04.04 15:48:07.758,1.50435,1.50455,3.00,1.38
2014.04.04 15:48:08.422,1.50435,1.50453,2.25,1.00
2014.04.04 15:48:09.030,1.50436,1.50453,1.50,1.00
2014.04.04 15:48:09.750,1.50436,1.50455,1.50,2.63
2014.04.04 15:48:10.351,1.50437,1.50455,1.00,1.50
2014.04.04 15:48:10.503,1.5044,1.50456,1.00,1.25
2014.04.04 15:48:10.807,1.50442,1.50461,1.00,1.88
2014.04.04 15:48:11.542,1.50442,1.50463,2.44,1.30
2014.04.04 15:48:11.846,1.50446,1.50462,2.25,1.88
2014.04.04 15:48:12.408,1.50447,1.50462,1.00,1.13
2014.04.04 15:48:12.711,1.50451,1.50466,1.00,1.32
2014.04.04 15:48:12.863,1.50449,1.50466,1.50,1.32
2014.04.04 15:48:13.542,1.5045,1.50468,1.00,1.57
2014.04.04 15:48:13.643,1.50458,1.5047,1.00,1.19
2014.04.04 15:48:13.745,1.50458,1.50468,1.00,1.00
2014.04.04 15:48:13.947,1.50458,1.50473,1.00,1.32
2014.04.04 15:48:14.150,1.50458,1.5047,1.00,1.13
2014.04.04 15:48:14.830,1.50457,1.5047,1.00,1.13
2014.04.04 15:48:14.881,1.50454,1.5047,2.25,1.13
2014.04.04 15:48:14.982,1.50454,1.50472,2.25,1.00
2014.04.04 15:48:15.033,1.50454,1.50472,2.25,1.38
2014.04.04 15:48:15.597,1.50455,1.50472,1.00,1.38
2014.04.04 15:48:16.401,1.50454,1.50472,1.50,1.38
2014.04.04 15:48:16.913,1.50454,1.50472,1.50,1.38
2014.04.04 15:48:17.659,1.50454,1.50466,1.50,1.00
2014.04.04 15:48:18.063,1.5045,1.50466,1.00,1.13
2014.04.04 15:48:18.114,1.50453,1.50466,1.00,1.13
2014.04.04 15:48:18.215,1.50453,1.50471,2.25,2.07
2014.04.04 15:48:18.266,1.50453,1.50467,1.00,1.00
2014.04.04 15:48:18.418,1.50449,1.50467,2.25,1.38
2014.04.04 15:48:19.723,1.50449,1.50466,1.50,1.13
2014.04.04 15:48:23.446,1.50452,1.50466,1.00,1.13
2014.04.04 15:48:23.980,1.50451,1.50469,1.00,1.88
2014.04.04 15:48:24.962,1.5045,1.50467,1.25,1.00
2014.04.04 15:48:25.266,1.50446,1.50465,1.54,2.63
2014.04.04 15:48:25.570,1.50445,1.50463,1.19,1.38
2014.04.04 15:48:25.722,1.50443,1.50461,1.00,1.00
2014.04.04 15:48:25.824,1.50443,1.50458,1.00,1.00
2014.04.04 15:48:26.160,1.50445,1.50459,1.00,1.00
2014.04.04 15:48:26.211,1.50445,1.50461,1.00,1.00
2014.04.04 15:48:26.503,1.50445,1.50463,1.00,3.00
2014.04.04 15:48:28.011,1.50446,1.50463,1.00,1.00
2014.04.04 15:48:30.368,1.50446,1.50462,1.35,2.10
2014.04.04 15:48:30.570,1.50444,1.50457,1.28,1.73
2014.04.04 15:48:30.621,1.50439,1.50457,1.00,1.73
2014.04.04 15:48:31.491,1.5044,1.5045,1.00,1.00
2014.04.04 15:48:31.543,1.50438,1.5045,1.28,1.00
2014.04.04 15:48:31.596,1.50437,1.50452,1.53,2.25
2014.04.04 15:48:32.116,1.50436,1.50451,1.45,1.00
2014.04.04 15:48:32.369,1.50432,1.50451,1.00,1.50
2014.04.04 15:48:32.974,1.50432,1.50452,1.50,1.50
2014.04.04 15:48:33.329,1.50437,1.50452,1.00,1.25
2014.04.04 15:48:33.610,1.50433,1.5045,1.95,1.00
2014.04.04 15:48:33.711,1.50433,1.50453,1.95,1.32
2014.04.04 15:48:34.216,1.50433,1.50451,1.00,1.00
2014.04.04 15:48:34.757,1.50432,1.5045,1.00,1.50
2014.04.04 15:48:35.050,1.50437,1.5045,1.00,1.50
2014.04.04 15:48:35.303,1.50434,1.5045,1.50,1.88
2014.04.04 15:48:35.455,1.50433,1.50448,1.00,1.38
2014.04.04 15:48:35.798,1.50432,1.50445,1.00,1.00
2014.04.04 15:48:36.311,1.50432,1.50446,1.00,1.00
2014.04.04 15:48:39.190,1.50439,1.50455,1.00,1.57
2014.04.04 15:48:41.884,1.5044,1.50456,1.00,3.57
2014.04.04 15:48:45.533,1.50439,1.50456,1.00,3.57
2014.04.04 15:48:46.600,1.50441,1.50456,1.00,2.07
2014.04.04 15:48:47.400,1.50439,1.50456,1.00,2.07
2014.04.04 15:48:47.923,1.50437,1.50454,1.00,1.13
2014.04.04 15:48:48.024,1.50437,1.50453,1.00,1.50
2014.04.04 15:48:48.075,1.50435,1.50452,1.50,1.38
2014.04.04 15:48:48.582,1.50435,1.50451,1.00,1.57
2014.04.04 15:48:48.835,1.50435,1.50452,1.43,1.13
2014.04.04 15:48:49.349,1.50436,1.50452,1.00,1.13
2014.04.04 15:48:49.811,1.50438,1.50453,1.00,2.07
2014.04.04 15:48:50.378,1.50438,1.50454,1.00,2.82
2014.04.04 15:48:50.712,1.50441,1.50454,1.00,1.69
2014.04.04 15:48:50.813,1.50441,1.50456,1.00,1.88
2014.04.04 15:48:51.066,1.50439,1.50456,1.00,1.13
2014.04.04 15:48:51.979,1.50439,1.50455,1.00,1.00
2014.04.04 15:48:52.042,1.50437,1.50455,1.00,1.00
2014.04.04 15:48:53.289,1.50437,1.50454,1.00,1.00
2014.04.04 15:48:53.390,1.50434,1.50454,3.19,1.38
2014.04.04 15:48:53.493,1.50432,1.5045,1.50,1.88
2014.04.04 15:48:53.595,1.50429,1.50449,1.69,1.38
2014.04.04 15:48:53.848,1.50426,1.50446,3.19,1.38
2014.04.04 15:48:53.899,1.50429,1.50446,1.00,1.38
2014.04.04 15:48:54.202,1.50431,1.50446,1.00,1.00
2014.04.04 15:48:56.635,1.50427,1.50446,1.50,1.88
2014.04.04 15:48:56.989,1.50431,1.50445,1.00,2.07
2014.04.04 15:48:57.192,1.50424,1.50441,1.50,1.00
2014.04.04 15:48:57.420,1.50427,1.50441,1.00,1.00
2014.04.04 15:48:59.030,1.50428,1.50441,1.00,1.00
2014.04.04 15:48:59.131,1.50428,1.50444,1.00,1.32
2014.04.04 15:48:59.182,1.50432,1.50445,1.00,1.88
2014.04.04 15:48:59.385,1.50432,1.50446,1.00,1.32
2014.04.04 15:49:00.117,1.50432,1.50445,1.00,1.00
2014.04.04 15:49:02.190,1.50432,1.50447,1.00,2.07
2014.04.04 15:49:05.293,1.50432,1.50447,1.00,1.00
2014.04.04 15:49:05.947,1.50432,1.50449,1.00,1.32
2014.04.04 15:49:06.606,1.50432,1.50449,1.00,1.13
2014.04.04 15:49:08.809,1.50431,1.50445,1.00,1.00
2014.04.04 15:49:08.911,1.50427,1.50445,1.00,1.38
2014.04.04 15:49:13.073,1.50427,1.50445,2.25,2.48
2014.04.04 15:49:13.758,1.50425,1.50442,2.25,1.13
2014.04.04 15:49:14.550,1.50426,1.50442,1.00,1.13
2014.04.04 15:49:14.652,1.5043,1.50443,1.00,1.69
2014.04.04 15:49:14.956,1.50426,1.50444,1.50,2.07
2014.04.04 15:49:15.411,1.50432,1.50444,1.00,1.00
2014.04.04 15:49:15.614,1.50428,1.50444,1.00,1.00
2014.04.04 15:49:15.715,1.50426,1.50446,2.25,2.63
2014.04.04 15:49:16.830,1.50426,1.50445,1.00,1.00
2014.04.04 15:49:17.382,1.50426,1.50444,1.00,1.50
2014.04.04 15:49:20.990,1.50426,1.50445,1.00,1.00
2014.04.04 15:49:21.517,1.50426,1.50446,1.00,2.82
2014.04.04 15:49:22.636,1.50426,1.50444,1.00,1.00
2014.04.04 15:49:22.959,1.50426,1.50439,1.00,1.50
2014.04.04 15:49:24.903,1.50426,1.50437,1.00,1.00
2014.04.04 15:49:25.425,1.50426,1.50436,1.00,1.00
2014.04.04 15:49:26.235,1.50427,1.50437,1.00,1.00
2014.04.04 15:49:26.285,1.50428,1.50439,1.50,1.00
2014.04.04 15:49:26.661,1.50429,1.50439,1.38,1.50
2014.04.04 15:49:26.813,1.50433,1.50445,1.00,1.50
2014.04.04 15:49:26.914,1.50433,1.50447,1.69,1.50
2014.04.04 15:49:27.218,1.50434,1.50446,1.19,1.00
2014.04.04 15:49:27.652,1.50434,1.50444,1.19,1.00
2014.04.04 15:49:27.804,1.50434,1.50446,1.19,1.00
2014.04.04 15:49:28.347,1.50433,1.50443,1.00,1.00
2014.04.04 15:49:28.399,1.50431,1.50444,1.35,1.00
2014.04.04 15:49:28.454,1.50431,1.50441,1.00,1.50
2014.04.04 15:49:29.025,1.50431,1.50442,1.00,1.00
2014.04.04 15:49:31.089,1.50433,1.50442,1.00,1.00
2014.04.04 15:49:31.292,1.50435,1.50445,1.00,1.00
2014.04.04 15:49:31.394,1.50435,1.50448,1.50,1.00
2014.04.04 15:49:31.444,1.50437,1.50448,1.00,1.00
2014.04.04 15:49:31.930,1.50437,1.50451,1.00,2.78
2014.04.04 15:49:34.386,1.50443,1.50451,1.00,1.00
2014.04.04 15:49:34.437,1.50443,1.50455,1.50,1.25
2014.04.04 15:49:34.488,1.50443,1.50457,1.50,1.00
2014.04.04 15:49:34.993,1.50442,1.50456,1.00,2.25
2014.04.04 15:49:36.382,1.50442,1.5045,1.00,1.00
2014.04.04 15:49:36.483,1.50437,1.5045,1.00,1.50
2014.04.04 15:49:36.585,1.50436,1.50448,1.00,1.00
2014.04.04 15:49:36.686,1.50434,1.50448,1.50,1.00
2014.04.04 15:49:36.939,1.50436,1.50449,1.00,1.00
2014.04.04 15:49:42.054,1.50439,1.50449,1.00,1.00
2014.04.04 15:49:42.271,1.50447,1.50454,1.00,1.00
2014.04.04 15:49:42.372,1.50447,1.50458,1.00,1.00
2014.04.04 15:49:42.824,1.50445,1.50458,1.00,1.00
2014.04.04 15:49:42.925,1.50445,1.50456,1.00,1.00
2014.04.04 15:49:43.433,1.50445,1.50455,1.00,1.00
2014.04.04 15:49:43.826,1.50445,1.50457,1.00,1.50
2014.04.04 15:49:44.372,1.50445,1.50456,1.00,1.00
2014.04.04 15:49:44.580,1.5045,1.50456,1.00,1.00
2014.04.04 15:49:44.733,1.50451,1.50462,1.00,2.10
2014.04.04 15:49:44.936,1.50445,1.50461,1.69,1.35
2014.04.04 15:49:44.987,1.50445,1.50461,1.69,1.35
2014.04.04 15:49:45.507,1.50446,1.50461,1.00,1.00
2014.04.04 15:49:45.811,1.50448,1.50461,1.50,1.00
2014.04.04 15:49:46.701,1.50457,1.50464,1.00,1.00
2014.04.04 15:49:46.766,1.50458,1.50469,1.00,1.00
2014.04.04 15:49:47.686,1.50451,1.50466,1.50,1.50
2014.04.04 15:49:47.838,1.50452,1.50462,1.00,1.00
2014.04.04 15:49:48.344,1.50452,1.50463,1.00,1.50
2014.04.04 15:49:48.445,1.50447,1.50463,1.19,2.25
2014.04.04 15:49:48.496,1.50447,1.5046,1.00,1.00
2014.04.04 15:49:49.034,1.50447,1.50459,1.00,1.00
2014.04.04 15:49:49.772,1.50447,1.50457,1.00,1.00
2014.04.04 15:49:50.281,1.50446,1.50457,1.00,1.00
2014.04.04 15:49:50.962,1.50442,1.50457,1.00,1.00
2014.04.04 15:49:51.064,1.5044,1.50455,2.07,1.00
2014.04.04 15:49:51.368,1.5044,1.5045,1.13,1.00
2014.04.04 15:49:51.674,1.5044,1.50447,1.00,1.00
2014.04.04 15:49:51.725,1.50438,1.50447,1.50,1.00
2014.04.04 15:49:53.819,1.50441,1.50447,1.00,1.00
2014.04.04 15:49:53.920,1.50441,1.50452,1.00,1.50
2014.04.04 15:49:54.072,1.5044,1.5045,1.00,1.00
2014.04.04 15:49:54.123,1.50438,1.5045,1.50,1.00
2014.04.04 15:49:54.427,1.50438,1.50447,1.00,1.00
2014.04.04 15:49:54.478,1.50434,1.50446,1.50,1.00
2014.04.04 15:49:54.630,1.50441,1.50445,1.00,1.00
2014.04.04 15:49:54.681,1.50441,1.50451,1.00,1.00
2014.04.04 15:49:54.833,1.50443,1.50451,1.00,1.00
2014.04.04 15:49:55.238,1.50446,1.50452,1.00,1.50
2014.04.04 15:49:55.739,1.50445,1.50452,1.00,1.50
2014.04.04 15:49:59.482,1.50445,1.5045,1.00,1.00
2014.04.04 15:49:59.989,1.50444,1.5045,1.50,1.00
2014.04.04 15:50:00.529,1.50445,1.5045,1.00,1.00
2014.04.04 15:50:00.907,1.50447,1.50451,1.00,1.00
2014.04.04 15:50:01.008,1.50447,1.50455,1.00,1.00
2014.04.04 15:50:01.112,1.50445,1.50455,1.00,1.00
2014.04.04 15:50:01.213,1.50445,1.50452,1.00,1.00
2014.04.04 15:50:03.077,1.50442,1.50452,1.50,1.00
2014.04.04 15:50:03.179,1.50442,1.5045,1.50,1.00
2014.04.04 15:50:03.330,1.50438,1.50448,1.19,1.00
2014.04.04 15:50:03.381,1.50436,1.50448,1.00,1.00
2014.04.04 15:50:03.432,1.50432,1.50447,1.00,1.00
2014.04.04 15:50:03.699,1.50432,1.50445,1.00,1.00
2014.04.04 15:50:04.031,1.5043,1.5044,1.00,1.00
2014.04.04 15:50:05.607,1.5043,1.50442,1.00,1.00
2014.04.04 15:50:07.602,1.50431,1.50442,1.00,1.00
2014.04.04 15:50:08.187,1.5043,1.50442,1.00,1.00
2014.04.04 15:50:10.573,1.5043,1.50443,1.00,1.50
2014.04.04 15:50:11.031,1.50432,1.50445,1.00,1.00
2014.04.04 15:50:13.634,1.50435,1.50444,1.00,1.50
2014.04.04 15:50:13.967,1.50421,1.50432,2.44,1.00
2014.04.04 15:50:14.411,1.50429,1.50437,1.00,1.38
2014.04.04 15:50:14.942,1.50431,1.50437,1.00,1.00
2014.04.04 15:50:16.424,1.50423,1.50437,1.25,1.50
2014.04.04 15:50:16.525,1.50421,1.50435,1.19,1.00
2014.04.04 15:50:16.626,1.5042,1.50435,1.69,1.00
2014.04.04 15:50:17.601,1.50422,1.50435,1.00,1.00
2014.04.04 15:50:18.699,1.50422,1.50433,1.00,1.50
2014.04.04 15:50:21.195,1.50423,1.50433,1.00,1.50
2014.04.04 15:50:22.562,1.50422,1.50433,1.00,1.50
2014.04.04 15:50:23.095,1.50424,1.50433,1.00,1.50
2014.04.04 15:50:23.800,1.50423,1.50433,1.00,1.50
2014.04.04 15:50:25.705,1.50421,1.50433,1.00,1.50
2014.04.04 15:50:26.088,1.50419,1.50433,1.25,1.88
2014.04.04 15:50:28.420,1.50419,1.5043,1.00,1.00
2014.04.04 15:50:29.873,1.50419,1.5043,1.00,1.38
2014.04.04 15:50:29.924,1.50415,1.50428,1.00,1.00
2014.04.04 15:50:29.975,1.50415,1.50428,1.00,1.38
2014.04.04 15:50:30.468,1.50413,1.50421,1.00,1.00
2014.04.04 15:50:30.519,1.50409,1.50421,1.00,1.00
2014.04.04 15:50:31.092,1.50409,1.50425,1.00,1.88
2014.04.04 15:50:31.840,1.50409,1.50425,1.00,1.88
2014.04.04 15:50:31.891,1.50411,1.50425,1.00,1.88
2014.04.04 15:50:33.381,1.5041,1.50427,1.00,2.63
2014.04.04 15:50:34.029,1.5041,1.50424,1.00,1.38
2014.04.04 15:50:34.322,1.5041,1.50424,1.00,1.88
2014.04.04 15:50:34.423,1.50412,1.50424,1.00,1.13
2014.04.04 15:50:34.726,1.50416,1.50424,1.00,1.00
2014.04.04 15:50:35.299,1.50417,1.50424,1.00,1.00
2014.04.04 15:50:35.350,1.50415,1.50427,1.00,1.88
2014.04.04 15:50:35.654,1.50412,1.50426,1.50,1.00
2014.04.04 15:50:35.907,1.50406,1.50419,1.00,1.00
2014.04.04 15:50:36.216,1.50405,1.50417,1.00,1.00
2014.04.04 15:50:36.519,1.50409,1.50417,1.00,1.00
2014.04.04 15:50:36.621,1.50406,1.50417,1.00,1.00
2014.04.04 15:50:36.672,1.50404,1.50417,1.00,1.00
2014.04.04 15:50:37.505,1.50403,1.50417,1.00,1.00
2014.04.04 15:50:37.607,1.50403,1.50415,1.00,1.50
2014.04.04 15:50:38.705,1.50404,1.50415,1.00,1.50
2014.04.04 15:50:39.015,1.50413,1.50423,1.00,1.00
2014.04.04 15:50:39.167,1.5041,1.50423,1.00,1.50
2014.04.04 15:50:39.369,1.50414,1.50423,1.00,1.50
2014.04.04 15:50:39.876,1.50413,1.50424,1.00,1.00
2014.04.04 15:50:40.028,1.50415,1.50427,1.00,1.00
2014.04.04 15:50:41.471,1.50413,1.50427,1.50,1.00
2014.04.04 15:50:41.741,1.50412,1.50424,2.25,1.00
2014.04.04 15:50:42.056,1.50416,1.50424,1.00,1.00
2014.04.04 15:50:42.106,1.50418,1.5043,1.00,1.00
2014.04.04 15:50:42.360,1.50421,1.50431,1.00,1.00
2014.04.04 15:50:42.713,1.50418,1.50431,1.00,1.00
2014.04.04 15:50:43.510,1.50418,1.5043,1.00,1.00
2014.04.04 15:50:44.050,1.50417,1.5043,1.50,1.00
2014.04.04 15:50:44.767,1.50416,1.5043,1.00,1.00
2014.04.04 15:50:44.845,1.50415,1.50428,1.50,1.50
2014.04.04 15:50:45.047,1.50417,1.50431,1.00,1.00
2014.04.04 15:50:49.037,1.5042,1.50431,1.00,1.00
2014.04.04 15:50:49.189,1.5042,1.50433,1.00,1.00
2014.04.04 15:50:51.589,1.5042,1.50434,1.00,1.50
2014.04.04 15:50:52.712,1.50421,1.50434,1.00,1.00
2014.04.04 15:50:52.764,1.50421,1.50431,1.00,1.00
2014.04.04 15:50:54.319,1.50425,1.50431,1.00,1.00
2014.04.04 15:50:54.422,1.50425,1.50436,1.00,1.00
2014.04.04 15:50:54.474,1.50423,1.50439,1.00,2.25
2014.04.04 15:50:54.575,1.5042,1.50438,1.00,1.00
2014.04.04 15:50:54.676,1.50423,1.50437,1.00,1.00
2014.04.04 15:50:55.029,1.50423,1.50433,1.00,1.00
2014.04.04 15:50:56.527,1.50421,1.50433,1.00,1.00
2014.04.04 15:50:57.132,1.50422,1.50433,1.00,1.00
2014.04.04 15:51:00.357,1.50421,1.50433,1.00,1.00
2014.04.04 15:51:06.978,1.50425,1.50433,1.00,1.00
2014.04.04 15:51:07.838,1.50425,1.50435,1.00,1.00
2014.04.04 15:51:10.106,1.50425,1.50436,1.00,2.25
2014.04.04 15:51:13.051,1.50423,1.50438,1.50,1.00
2014.04.04 15:51:13.254,1.50422,1.50436,1.00,1.00
2014.04.04 15:51:13.723,1.50422,1.50431,1.00,1.00
2014.04.04 15:51:13.774,1.50417,1.50431,1.00,1.00
2014.04.04 15:51:15.678,1.50416,1.50431,1.00,1.00
2014.04.04 15:51:15.781,1.50414,1.50431,1.50,1.00
2014.04.04 15:51:17.506,1.50414,1.50431,1.00,2.07
2014.04.04 15:51:18.273,1.50413,1.50431,1.00,3.57
2014.04.04 15:51:18.426,1.50416,1.50431,1.00,1.69
2014.04.04 15:51:18.884,1.5042,1.50431,1.00,1.50
2014.04.04 15:51:19.139,1.5042,1.50433,1.00,1.50
2014.04.04 15:51:19.240,1.50415,1.50431,1.50,1.00
2014.04.04 15:51:22.598,1.50421,1.50435,1.00,1.00
2014.04.04 15:51:22.804,1.50421,1.50437,1.00,1.50
2014.04.04 15:51:22.907,1.50419,1.50437,1.50,1.88
2014.04.04 15:51:23.261,1.50419,1.50426,1.00,1.00
2014.04.04 15:51:23.312,1.50412,1.50426,1.00,2.25
2014.04.04 15:51:23.364,1.50408,1.5042,1.19,1.00
2014.04.04 15:51:23.466,1.50405,1.5042,1.00,1.00
2014.04.04 15:51:23.567,1.50403,1.5042,1.00,1.00
2014.04.04 15:51:23.618,1.50405,1.5042,1.00,1.00
2014.04.04 15:51:23.922,1.50407,1.50422,1.00,2.25
2014.04.04 15:51:24.435,1.50408,1.50422,1.00,1.00
2014.04.04 15:51:24.536,1.50408,1.50424,1.00,2.63
2014.04.04 15:51:25.998,1.5041,1.50424,1.00,1.00
2014.04.04 15:51:26.680,1.5041,1.50418,1.00,1.00
2014.04.04 15:51:26.883,1.50401,1.50413,1.00,1.00
2014.04.04 15:51:27.086,1.50401,1.50411,1.00,1.00
2014.04.04 15:51:27.339,1.50395,1.50412,1.25,1.00
2014.04.04 15:51:27.491,1.50395,1.50408,1.00,1.50
2014.04.04 15:51:29.870,1.50399,1.50408,1.00,2.25
2014.04.04 15:51:29.971,1.50401,1.50411,1.00,1.00
2014.04.04 15:51:31.053,1.50402,1.50411,1.00,1.00
2014.04.04 15:51:31.104,1.504,1.50411,1.00,1.00
2014.04.04 15:51:31.407,1.50401,1.50414,1.00,3.42
2014.04.04 15:51:31.638,1.50398,1.50413,1.00,1.92
2014.04.04 15:51:31.790,1.50398,1.5041,1.00,1.00
2014.04.04 15:51:32.617,1.50399,1.5041,1.00,1.00
2014.04.04 15:51:32.819,1.50397,1.5041,1.00,1.00
2014.04.04 15:51:33.022,1.50397,1.50408,1.00,1.00
2014.04.04 15:51:33.242,1.50397,1.5041,1.00,1.13
2014.04.04 15:51:34.625,1.50396,1.5041,1.00,1.32
2014.04.04 15:51:35.569,1.50399,1.5041,1.00,1.13
2014.04.04 15:51:38.425,1.50404,1.50416,1.00,1.60
2014.04.04 15:51:38.480,1.50404,1.5042,1.00,1.00
2014.04.04 15:51:39.618,1.50404,1.50421,1.50,1.00
2014.04.04 15:51:40.399,1.50404,1.50422,1.50,1.50
2014.04.04 15:51:42.082,1.50404,1.50422,1.50,1.95
2014.04.04 15:51:43.593,1.50404,1.50422,1.50,2.70
2014.04.04 15:51:44.349,1.50404,1.50421,1.50,1.00
2014.04.04 15:51:44.657,1.50399,1.50411,1.19,1.50
2014.04.04 15:51:44.721,1.50396,1.5041,1.00,1.00
2014.04.04 15:51:44.823,1.50393,1.50405,1.00,1.00
2014.04.04 15:51:45.025,1.50394,1.50407,1.00,1.88
2014.04.04 15:51:45.595,1.50395,1.50407,1.00,1.50
2014.04.04 15:51:48.456,1.50399,1.50407,1.00,1.00
2014.04.04 15:51:48.507,1.50399,1.5041,1.00,1.00
2014.04.04 15:51:48.609,1.50399,1.50408,1.00,1.00
2014.04.04 15:51:55.700,1.50401,1.50411,1.00,1.38
2014.04.04 15:51:56.009,1.50401,1.50411,1.00,1.38
2014.04.04 15:51:58.975,1.50401,1.50411,1.00,1.13
2014.04.04 15:51:59.582,1.504,1.50411,1.00,1.13
2014.04.04 15:52:01.078,1.504,1.50412,1.00,1.25
2014.04.04 15:52:01.230,1.50403,1.50412,1.00,1.00
2014.04.04 15:52:01.533,1.50402,1.50414,1.00,1.13
2014.04.04 15:52:02.050,1.50402,1.50413,1.00,1.00
2014.04.04 15:52:03.647,1.50404,1.50414,1.00,1.69
2014.04.04 15:52:05.761,1.50408,1.50414,1.00,1.00
2014.04.04 15:52:05.818,1.50406,1.5042,1.50,1.13
2014.04.04 15:52:06.385,1.50407,1.5042,1.00,1.13
2014.04.04 15:52:07.598,1.50407,1.50419,1.00,1.00
2014.04.04 15:52:07.699,1.50405,1.50419,1.00,1.00
2014.04.04 15:52:07.916,1.50405,1.50417,1.00,1.00
2014.04.04 15:52:08.227,1.50408,1.50418,1.00,1.38
2014.04.04 15:52:08.380,1.50406,1.50419,1.00,1.38
2014.04.04 15:52:09.890,1.50405,1.50419,1.00,1.38
2014.04.04 15:52:10.431,1.50404,1.50417,1.00,1.13
2014.04.04 15:52:11.729,1.50401,1.50414,1.00,1.38
2014.04.04 15:52:12.818,1.50401,1.50411,1.00,1.50
2014.04.04 15:52:12.869,1.50395,1.50411,1.50,1.88
2014.04.04 15:52:13.122,1.50399,1.50407,1.00,1.00
2014.04.04 15:52:13.223,1.50399,1.5041,1.50,1.00
2014.04.04 15:52:13.426,1.50397,1.5041,1.00,1.50
2014.04.04 15:52:14.244,1.504,1.50408,1.00,1.88
2014.04.04 15:52:14.298,1.504,1.5041,1.00,1.13
2014.04.04 15:52:14.501,1.504,1.50412,1.00,1.00
2014.04.04 15:52:14.556,1.50401,1.50415,1.00,1.32
2014.04.04 15:52:15.246,1.50401,1.50416,1.00,3.38
2014.04.04 15:52:15.982,1.50403,1.50416,1.00,1.13
2014.04.04 15:52:16.285,1.50405,1.50419,1.00,1.57
2014.04.04 15:52:16.589,1.50405,1.50419,1.00,1.13
2014.04.04 15:52:16.774,1.50405,1.50419,1.00,1.38
2014.04.04 15:52:17.305,1.50405,1.50419,1.00,1.38
2014.04.04 15:52:19.681,1.50406,1.5042,1.00,1.88
2014.04.04 15:52:19.886,1.50404,1.5042,1.00,2.63
2014.04.04 15:52:19.937,1.50404,1.50419,1.00,1.38
2014.04.04 15:52:20.457,1.50405,1.50419,1.00,1.38
2014.04.04 15:52:22.229,1.50405,1.5042,1.00,1.88
2014.04.04 15:52:22.973,1.50405,1.5042,1.00,1.88
2014.04.04 15:52:25.337,1.50408,1.5042,1.00,1.88
2014.04.04 15:52:27.375,1.50406,1.5042,1.00,1.00
2014.04.04 15:52:28.432,1.50406,1.50422,1.00,1.38
2014.04.04 15:52:31.062,1.50406,1.50422,1.00,1.25
2014.04.04 15:52:31.163,1.50406,1.50422,1.00,1.63
2014.04.04 15:52:31.715,1.50406,1.50422,1.00,1.32
2014.04.04 15:52:32.748,1.50406,1.50422,1.00,1.63
2014.04.04 15:52:32.876,1.50409,1.50422,1.00,1.63
2014.04.04 15:52:33.415,1.50409,1.50422,1.00,1.00
2014.04.04 15:52:34.384,1.50409,1.50424,1.00,1.38
2014.04.04 15:52:35.943,1.50409,1.50424,1.00,1.13
2014.04.04 15:52:41.720,1.50407,1.50424,1.50,1.13
2014.04.04 15:52:43.325,1.50408,1.50424,1.00,1.13
2014.04.04 15:52:44.188,1.50408,1.50422,1.00,1.00
2014.04.04 15:52:44.693,1.50407,1.50422,1.00,1.38
2014.04.04 15:52:47.288,1.50409,1.50422,1.00,1.00
2014.04.04 15:52:52.455,1.50406,1.50422,1.00,1.00
2014.04.04 15:52:52.805,1.5041,1.50422,1.00,1.00
2014.04.04 15:52:53.110,1.50415,1.50427,1.00,1.38
2014.04.04 15:52:53.262,1.50412,1.50427,1.00,1.38
2014.04.04 15:52:54.229,1.50411,1.5043,1.25,1.38
2014.04.04 15:52:54.735,1.50411,1.5043,1.25,1.38
2014.04.04 15:52:55.071,1.50411,1.5043,1.25,1.38
2014.04.04 15:52:55.739,1.50411,1.5043,1.25,1.38
2014.04.04 15:52:58.736,1.50411,1.50428,1.25,1.38
2014.04.04 15:52:58.990,1.50407,1.50426,2.25,1.00
2014.04.04 15:53:01.315,1.50416,1.50427,1.00,1.00
2014.04.04 15:53:01.378,1.50411,1.50428,1.00,1.38
2014.04.04 15:53:01.958,1.5041,1.50428,1.00,1.63
2014.04.04 15:53:02.632,1.5041,1.50426,1.00,1.00
2014.04.04 15:53:04.808,1.5041,1.50426,1.00,1.38
2014.04.04 15:53:05.576,1.50408,1.50426,2.25,1.38
2014.04.04 15:53:06.934,1.50407,1.50425,1.00,1.13
2014.04.04 15:53:07.036,1.50407,1.50423,1.00,1.00
2014.04.04 15:53:07.339,1.50405,1.5042,1.00,1.13
2014.04.04 15:53:09.927,1.50408,1.5042,1.00,1.00
2014.04.04 15:53:10.043,1.50405,1.5042,1.00,1.00
2014.04.04 15:53:10.393,1.50402,1.50419,1.00,1.00
2014.04.04 15:53:10.495,1.50404,1.5042,1.00,1.13
2014.04.04 15:53:10.697,1.504,1.50419,1.50,1.00
2014.04.04 15:53:10.899,1.50405,1.50418,1.00,1.00
2014.04.04 15:53:11.455,1.50404,1.50418,1.00,1.38
2014.04.04 15:53:11.607,1.50401,1.50418,1.00,1.88
2014.04.04 15:53:12.135,1.504,1.50416,1.00,2.25
2014.04.04 15:53:12.186,1.50397,1.50416,1.25,3.75
2014.04.04 15:53:12.388,1.50399,1.50416,1.00,3.57
2014.04.04 15:53:12.893,1.50401,1.50416,1.00,3.57
2014.04.04 15:53:13.407,1.50401,1.50416,1.00,2.25
2014.04.04 15:53:14.579,1.50401,1.50416,1.00,1.88
2014.04.04 15:53:16.691,1.50393,1.50409,1.19,1.50
2014.04.04 15:53:16.754,1.50392,1.50409,1.00,1.25
2014.04.04 15:53:18.305,1.50394,1.50409,1.00,1.00
2014.04.04 15:53:18.811,1.50395,1.5041,1.00,1.00
2014.04.04 15:53:19.115,1.504,1.50412,1.00,1.00
2014.04.04 15:53:19.216,1.504,1.50414,1.00,1.50
2014.04.04 15:53:19.317,1.50398,1.50414,1.00,1.50
2014.04.04 15:53:19.776,1.50398,1.50412,1.00,1.00
2014.04.04 15:53:19.878,1.50396,1.50412,1.00,2.25
2014.04.04 15:53:20.396,1.50395,1.50411,1.00,1.00
2014.04.04 15:53:22.486,1.50396,1.50411,1.00,1.00
2014.04.04 15:53:27.516,1.50396,1.50412,1.50,1.50
2014.04.04 15:53:28.017,1.50395,1.50412,1.50,1.00
2014.04.04 15:53:28.537,1.50396,1.50412,1.00,1.00
2014.04.04 15:53:28.865,1.50398,1.50412,1.00,1.00
2014.04.04 15:53:29.557,1.50398,1.50413,1.00,1.00
2014.04.04 15:53:32.011,1.50398,1.50414,1.00,1.00
2014.04.04 15:53:32.622,1.50401,1.50414,1.00,1.00
2014.04.04 15:53:33.274,1.50401,1.50415,1.00,1.00
2014.04.04 15:53:33.926,1.504,1.50415,1.00,1.00
2014.04.04 15:53:34.988,1.50397,1.50415,1.50,1.32
2014.04.04 15:53:35.612,1.504,1.50415,1.50,1.32
2014.04.04 15:53:35.966,1.50398,1.50415,1.00,1.00
2014.04.04 15:53:36.585,1.50398,1.50414,1.00,1.00
2014.04.04 15:53:36.788,1.50402,1.50414,1.00,1.00
2014.04.04 15:53:36.890,1.50403,1.50418,1.25,1.00
2014.04.04 15:53:36.940,1.50409,1.50418,1.00,1.00
2014.04.04 15:53:36.991,1.50409,1.50425,1.50,3.94
2014.04.04 15:53:37.093,1.50409,1.50425,1.00,2.07
2014.04.04 15:53:37.708,1.50408,1.50424,1.00,1.19
2014.04.04 15:53:38.393,1.50405,1.50424,3.00,1.63
2014.04.04 15:53:39.055,1.50405,1.50421,1.00,1.00
2014.04.04 15:53:39.339,1.50408,1.50421,1.00,1.00
2014.04.04 15:53:39.491,1.50409,1.50423,1.00,2.63
2014.04.04 15:53:39.693,1.50406,1.50423,1.00,2.63
2014.04.04 15:53:40.666,1.50405,1.50423,1.00,2.63
2014.04.04 15:53:40.719,1.50407,1.50423,1.00,2.63
2014.04.04 15:53:41.323,1.50407,1.50423,1.00,2.63
2014.04.04 15:53:45.370,1.50414,1.50423,1.00,1.88
2014.04.04 15:53:45.420,1.50414,1.50428,1.00,2.44
2014.04.04 15:53:46.115,1.50411,1.50427,1.00,1.00
2014.04.04 15:53:46.369,1.50414,1.50427,1.00,1.88
2014.04.04 15:53:47.237,1.50414,1.50426,1.00,2.25
2014.04.04 15:53:47.388,1.50408,1.50426,1.50,2.63
2014.04.04 15:53:48.005,1.50408,1.50423,1.50,1.00
2014.04.04 15:53:52.537,1.50406,1.50423,1.00,1.00
2014.04.04 15:53:52.588,1.50406,1.50423,1.00,1.38
2014.04.04 15:53:55.798,1.50406,1.50423,1.50,1.88
2014.04.04 15:53:55.849,1.50408,1.50423,1.00,1.88
2014.04.04 15:53:57.165,1.50408,1.50425,1.00,2.63
2014.04.04 15:53:57.676,1.50409,1.50425,1.00,2.63
2014.04.04 15:54:01.598,1.50402,1.50412,1.13,1.25
2014.04.04 15:54:01.701,1.504,1.50412,1.00,2.82
2014.04.04 15:54:06.386,1.50396,1.50412,1.00,2.63
2014.04.04 15:54:06.639,1.50395,1.50412,1.00,3.38
2014.04.04 15:54:06.690,1.5039,1.5041,1.00,1.63
2014.04.04 15:54:06.741,1.5039,1.50407,1.00,1.00
2014.04.04 15:54:06.792,1.50388,1.50407,2.25,1.00
2014.04.04 15:54:06.843,1.50392,1.50407,1.00,1.00
2014.04.04 15:54:08.354,1.5039,1.50407,1.00,1.00
2014.04.04 15:54:08.695,1.5039,1.50404,1.00,1.00
2014.04.04 15:54:08.797,1.50388,1.50404,2.25,1.00
2014.04.04 15:54:09.480,1.50388,1.50405,2.25,1.13
2014.04.04 15:54:13.084,1.50388,1.50405,1.00,1.38
2014.04.04 15:54:16.874,1.50392,1.50409,1.00,1.38
2014.04.04 15:54:19.575,1.50394,1.50409,1.00,1.38
2014.04.04 15:54:20.386,1.50391,1.50409,1.00,1.38
2014.04.04 15:54:21.001,1.5039,1.50408,1.00,1.57
2014.04.04 15:54:22.674,1.50387,1.50408,1.00,1.57
2014.04.04 15:54:22.775,1.50389,1.50405,1.00,2.63
2014.04.04 15:54:23.286,1.50389,1.50408,1.00,1.57
2014.04.04 15:54:26.614,1.50387,1.50408,1.50,1.57
2014.04.04 15:54:26.787,1.50387,1.50404,1.50,1.88
2014.04.04 15:54:27.090,1.50386,1.50398,1.00,1.38
2014.04.04 15:54:28.187,1.50388,1.50398,1.00,1.00
2014.04.04 15:54:28.790,1.50388,1.50401,1.00,2.07
2014.04.04 15:54:28.841,1.50386,1.50401,1.00,2.07
2014.04.04 15:54:29.043,1.50384,1.50399,1.00,1.38
2014.04.04 15:54:29.205,1.50384,1.50399,1.00,1.88
2014.04.04 15:54:29.711,1.50383,1.50397,1.00,1.38
2014.04.04 15:54:32.360,1.50385,1.50397,1.00,1.38
2014.04.04 15:54:32.884,1.50384,1.50397,1.00,1.38
2014.04.04 15:54:33.396,1.50385,1.50397,1.00,1.63
2014.04.04 15:54:35.523,1.50384,1.50397,1.00,1.57
2014.04.04 15:54:36.452,1.50384,1.50397,1.00,1.32
2014.04.04 15:54:37.102,1.50385,1.50397,1.00,1.19
2014.04.04 15:54:37.428,1.50383,1.50397,1.00,1.19
2014.04.04 15:54:37.835,1.50385,1.50399,1.00,2.82
2014.04.04 15:54:38.146,1.50387,1.50399,1.00,1.19
2014.04.04 15:54:38.197,1.50387,1.504,1.00,1.00
2014.04.04 15:54:38.248,1.50387,1.50403,1.00,1.19
2014.04.04 15:54:38.299,1.50393,1.50403,1.00,1.19
2014.04.04 15:54:38.350,1.50393,1.50404,1.00,1.69
2014.04.04 15:54:38.451,1.50393,1.50407,1.00,1.00
2014.04.04 15:54:41.024,1.50388,1.50407,1.00,1.25
2014.04.04 15:54:41.125,1.50387,1.50402,2.25,1.00
2014.04.04 15:54:41.429,1.50395,1.50401,1.00,1.00
2014.04.04 15:54:41.480,1.50395,1.50405,1.00,1.00
2014.04.04 15:54:41.531,1.50395,1.50407,1.00,1.50
2014.04.04 15:54:41.582,1.50392,1.50407,1.00,1.38
2014.04.04 15:54:41.684,1.50391,1.50408,1.00,1.50
2014.04.04 15:54:42.288,1.50391,1.50407,1.00,1.00
2014.04.04 15:54:42.817,1.50389,1.50407,1.50,1.00
2014.04.04 15:54:43.875,1.50389,1.50407,1.00,3.23
2014.04.04 15:54:44.178,1.50394,1.50402,1.00,1.00
2014.04.04 15:54:44.229,1.50394,1.50406,1.00,1.00
2014.04.04 15:54:44.331,1.50388,1.50404,1.50,1.00
2014.04.04 15:54:44.381,1.50387,1.50402,1.69,1.00
2014.04.04 15:54:44.736,1.50388,1.50407,1.50,2.25
2014.04.04 15:54:48.059,1.50388,1.50406,1.00,1.00
2014.04.04 15:54:48.350,1.50384,1.50401,1.00,1.57
2014.04.04 15:54:48.656,1.50387,1.50404,1.00,1.50
2014.04.04 15:54:49.065,1.50387,1.50404,1.00,1.75
2014.04.04 15:54:50.636,1.50384,1.50402,1.50,1.38
2014.04.04 15:54:50.737,1.50384,1.50399,1.00,1.50
2014.04.04 15:54:51.046,1.50386,1.50403,1.00,1.38
2014.04.04 15:54:51.097,1.50386,1.50403,1.00,1.00
2014.04.04 15:54:51.148,1.50386,1.50405,1.50,2.44
2014.04.04 15:54:51.249,1.50387,1.50403,1.00,1.00
2014.04.04 15:54:51.351,1.50389,1.50407,1.00,1.19
2014.04.04 15:54:52.082,1.50389,1.50407,1.00,1.00
2014.04.04 15:54:52.601,1.50388,1.50407,1.00,1.00
2014.04.04 15:54:52.653,1.50388,1.50404,1.00,1.50
2014.04.04 15:54:52.957,1.50389,1.50406,1.00,1.50
2014.04.04 15:54:53.461,1.50389,1.50406,1.00,1.88
2014.04.04 15:54:53.961,1.50385,1.50401,1.00,1.50
2014.04.04 15:54:55.899,1.50385,1.504,1.00,1.50
2014.04.04 15:54:55.950,1.50385,1.504,1.00,2.10
2014.04.04 15:54:56.000,1.50383,1.50398,1.00,1.60
2014.04.04 15:54:56.203,1.50383,1.50395,1.00,1.00
2014.04.04 15:54:56.814,1.5038,1.50395,1.00,1.00
2014.04.04 15:54:57.486,1.5038,1.50394,1.00,1.00
2014.04.04 15:54:59.926,1.5038,1.50394,1.00,1.60
2014.04.04 15:55:00.128,1.5038,1.50392,1.00,2.10
2014.04.04 15:55:00.179,1.50375,1.50392,1.50,2.48
2014.04.04 15:55:03.502,1.50378,1.50393,1.50,1.35
2014.04.04 15:55:05.152,1.50381,1.50395,1.00,1.50
2014.04.04 15:55:05.513,1.50381,1.504,2.25,1.60
2014.04.04 15:55:06.288,1.50381,1.50401,2.25,2.67
2014.04.04 15:55:06.339,1.50386,1.50398,1.00,1.50
2014.04.04 15:55:06.642,1.50373,1.50378,1.38,1.35
2014.04.04 15:55:06.895,1.5037,1.50378,1.00,3.23
2014.04.04 15:55:06.946,1.5037,1.50378,1.00,3.04
2014.04.04 15:55:07.047,1.50361,1.50376,1.00,2.29
2014.04.04 15:55:07.098,1.50359,1.50376,1.00,2.29
2014.04.04 15:55:07.149,1.50359,1.50369,1.00,1.00
2014.04.04 15:55:07.453,1.50359,1.50375,1.00,1.69
2014.04.04 15:55:08.081,1.50359,1.50375,1.00,1.00
2014.04.04 15:55:08.875,1.50359,1.50373,1.00,1.00
2014.04.04 15:55:09.027,1.50352,1.50368,2.03,1.50
2014.04.04 15:55:09.128,1.5035,1.50366,3.45,1.00
2014.04.04 15:55:09.230,1.5035,1.50367,2.25,1.00
2014.04.04 15:55:09.483,1.5035,1.50365,1.50,1.25
2014.04.04 15:55:10.384,1.50349,1.50365,1.00,1.25
2014.04.04 15:55:12.366,1.50349,1.50362,1.00,1.00
2014.04.04 15:55:12.670,1.50344,1.50353,1.00,1.00
2014.04.04 15:55:12.772,1.50339,1.50353,1.00,1.00
2014.04.04 15:55:14.648,1.50339,1.50357,1.50,2.07
2014.04.04 15:55:18.694,1.50339,1.50354,1.00,1.00
2014.04.04 15:55:18.946,1.50338,1.50357,1.00,2.82
2014.04.04 15:55:19.486,1.50339,1.50357,1.00,1.69
2014.04.04 15:55:19.634,1.50337,1.50357,2.63,1.69
2014.04.04 15:55:19.684,1.50337,1.50357,2.63,1.69
2014.04.04 15:55:19.855,1.50337,1.50357,2.63,2.44
2014.04.04 15:55:20.436,1.50337,1.50355,1.28,1.00
2014.04.04 15:55:20.942,1.50337,1.50355,1.28,1.32
2014.04.04 15:55:21.265,1.50339,1.50356,1.00,1.19
2014.04.04 15:55:21.467,1.50342,1.50358,1.50,1.00
2014.04.04 15:55:21.518,1.50342,1.5036,1.50,1.00
2014.04.04 15:55:21.670,1.50341,1.50358,1.69,1.50
2014.04.04 15:55:21.973,1.50348,1.50361,1.00,1.19
2014.04.04 15:55:22.074,1.50344,1.50362,1.00,1.00
2014.04.04 15:55:22.175,1.50345,1.50364,1.00,1.69
2014.04.04 15:55:22.724,1.50345,1.50363,1.00,1.00
2014.04.04 15:55:23.405,1.50345,1.50364,1.00,2.44
2014.04.04 15:55:23.915,1.50345,1.50364,1.00,2.82
2014.04.04 15:55:23.966,1.50345,1.50362,1.00,1.38
2014.04.04 15:55:24.168,1.50343,1.50362,2.25,1.38
2014.04.04 15:55:24.270,1.50343,1.50362,2.25,1.00
2014.04.04 15:55:24.371,1.50343,1.50358,1.50,1.00
2014.04.04 15:55:24.796,1.50343,1.50361,1.69,1.38
2014.04.04 15:55:26.130,1.50343,1.50361,1.69,1.38
2014.04.04 15:55:26.592,1.50343,1.50361,1.69,1.00
2014.04.04 15:55:26.882,1.50343,1.50358,1.69,1.00
2014.04.04 15:55:26.983,1.50343,1.50363,1.69,1.38
2014.04.04 15:55:27.475,1.50343,1.50363,1.69,1.13
2014.04.04 15:55:27.984,1.50344,1.50363,1.00,1.13
2014.04.04 15:55:29.864,1.50343,1.50363,1.69,1.13
2014.04.04 15:55:32.143,1.50343,1.5036,1.25,1.38
2014.04.04 15:55:32.296,1.50339,1.50356,1.50,1.50
2014.04.04 15:55:32.347,1.50339,1.50352,1.50,1.00
2014.04.04 15:55:32.650,1.50339,1.5035,1.50,1.50
2014.04.04 15:55:33.386,1.50339,1.50352,1.00,1.38
2014.04.04 15:55:34.408,1.50339,1.50353,1.00,1.00
2014.04.04 15:55:34.509,1.50343,1.50353,1.00,1.00
2014.04.04 15:55:35.063,1.50343,1.50354,1.00,1.00
2014.04.04 15:55:35.608,1.50343,1.50355,1.00,1.32
2014.04.04 15:55:35.760,1.50343,1.50358,1.00,1.00
2014.04.04 15:55:35.810,1.50345,1.50361,1.00,2.63
2014.04.04 15:55:36.134,1.50345,1.50362,1.00,1.13
2014.04.04 15:55:36.185,1.50352,1.50362,1.00,1.00
2014.04.04 15:55:36.338,1.50352,1.50365,1.00,1.25
2014.04.04 15:55:36.389,1.5035,1.50364,1.00,1.00
2014.04.04 15:55:36.595,1.50347,1.50363,1.00,1.00
2014.04.04 15:55:36.646,1.50345,1.50364,1.00,1.88
2014.04.04 15:55:36.949,1.50343,1.5036,1.00,1.63
2014.04.04 15:55:37.483,1.50344,1.50359,1.00,1.38
2014.04.04 15:55:37.803,1.50346,1.50359,1.00,1.38
2014.04.04 15:55:38.317,1.50346,1.50359,1.00,1.13
2014.04.04 15:55:40.677,1.50344,1.50359,1.00,1.38
2014.04.04 15:55:44.609,1.50344,1.50359,1.00,1.00
2014.04.04 15:55:44.760,1.50346,1.50359,1.00,1.00
2014.04.04 15:55:44.862,1.50348,1.50363,1.00,1.00
2014.04.04 15:55:44.963,1.50354,1.50366,1.00,2.07
2014.04.04 15:55:45.116,1.50354,1.50368,1.00,2.07
2014.04.04 15:55:46.717,1.50353,1.50368,1.00,1.32
2014.04.04 15:55:46.835,1.5035,1.50368,1.00,1.32
2014.04.04 15:55:46.886,1.5035,1.50366,1.50,1.00
2014.04.04 15:55:47.394,1.50351,1.50365,1.00,1.13
2014.04.04 15:55:48.150,1.5035,1.50365,1.00,1.13
2014.04.04 15:55:48.740,1.5035,1.50364,1.00,1.00
2014.04.04 15:55:49.244,1.5035,1.50363,1.00,1.00
2014.04.04 15:55:50.342,1.50351,1.50363,1.00,1.00
2014.04.04 15:55:51.305,1.50351,1.50365,1.00,1.13
2014.04.04 15:55:53.797,1.50352,1.50366,1.00,1.25
2014.04.04 15:55:53.898,1.50354,1.50366,1.00,1.25
2014.04.04 15:55:53.949,1.50354,1.50369,1.00,1.00
2014.04.04 15:55:54.482,1.50355,1.5037,1.00,1.00
2014.04.04 15:55:56.068,1.50355,1.50371,1.00,1.00
2014.04.04 15:55:59.489,1.50352,1.50366,1.25,2.25
2014.04.04 15:55:59.993,1.50352,1.50366,1.00,1.69
2014.04.04 15:56:00.044,1.5035,1.50366,1.00,1.69
2014.04.04 15:56:00.576,1.50351,1.50366,1.00,1.19
2014.04.04 15:56:02.681,1.50351,1.50366,1.00,1.19
2014.04.04 15:56:03.469,1.50351,1.50366,1.00,1.00
2014.04.04 15:56:06.086,1.50354,1.50367,1.00,1.19
2014.04.04 15:56:06.490,1.50354,1.50371,1.00,1.57
2014.04.04 15:56:07.005,1.50354,1.50373,1.50,2.07
2014.04.04 15:56:08.130,1.50354,1.50373,1.50,2.07
2014.04.04 15:56:08.740,1.50354,1.50371,1.50,1.00
2014.04.04 15:56:09.241,1.50354,1.50371,1.50,1.19
2014.04.04 15:56:09.393,1.50358,1.50371,1.00,1.00
2014.04.04 15:56:09.545,1.5036,1.50374,1.00,1.00
2014.04.04 15:56:09.748,1.50363,1.50374,1.00,1.00
2014.04.04 15:56:11.141,1.50363,1.50375,1.00,1.00
2014.04.04 15:56:11.545,1.50363,1.50377,1.00,1.50
2014.04.04 15:56:11.596,1.50365,1.50377,1.00,1.50
2014.04.04 15:56:11.747,1.50365,1.5038,1.00,3.57
2014.04.04 15:56:11.798,1.50363,1.5038,1.50,3.57
2014.04.04 15:56:11.950,1.50366,1.50377,1.00,1.00
2014.04.04 15:56:12.152,1.50364,1.50377,1.00,1.50
2014.04.04 15:56:12.354,1.50362,1.50377,1.00,1.50
2014.04.04 15:56:12.456,1.50362,1.50375,1.00,1.00
2014.04.04 15:56:14.752,1.50361,1.50374,1.00,1.00
2014.04.04 15:56:15.569,1.50361,1.50375,1.00,2.25
2014.04.04 15:56:20.415,1.50361,1.50374,1.00,1.38
2014.04.04 15:56:20.619,1.50355,1.50369,1.00,1.00
2014.04.04 15:56:20.721,1.50353,1.5037,1.50,1.69
2014.04.04 15:56:23.157,1.50355,1.50368,1.00,1.00
2014.04.04 15:56:24.806,1.50353,1.50368,1.50,1.50
2014.04.04 15:56:25.414,1.50352,1.50368,1.00,2.63
2014.04.04 15:56:25.675,1.50352,1.50365,1.00,1.00
2014.04.04 15:56:27.619,1.5035,1.50365,1.00,1.13
2014.04.04 15:56:29.609,1.5035,1.50363,1.00,1.00
2014.04.04 15:56:29.929,1.5035,1.50361,1.00,1.00
2014.04.04 15:56:30.740,1.50357,1.50361,1.00,1.00
2014.04.04 15:56:30.841,1.50358,1.50366,1.00,1.00
2014.04.04 15:56:31.094,1.50358,1.50368,1.00,1.00
2014.04.04 15:56:32.400,1.50358,1.5037,1.00,1.00
2014.04.04 15:56:32.915,1.5036,1.5037,1.00,1.00
2014.04.04 15:56:34.259,1.5036,1.50371,1.00,1.00
2014.04.04 15:56:34.877,1.5036,1.50368,1.00,1.00
2014.04.04 15:56:34.928,1.50353,1.50368,1.00,2.10
2014.04.04 15:56:34.979,1.50351,1.50367,2.25,1.35
2014.04.04 15:56:35.029,1.5035,1.50362,1.00,1.00
2014.04.04 15:56:35.233,1.50348,1.50361,1.00,1.50
2014.04.04 15:56:35.385,1.50351,1.5036,1.00,1.00
2014.04.04 15:56:41.026,1.50351,1.50359,1.00,1.00
2014.04.04 15:56:41.078,1.50349,1.50359,1.00,1.00
2014.04.04 15:56:44.461,1.50349,1.50358,1.00,1.00
2014.04.04 15:56:44.988,1.50348,1.50358,1.00,1.00
2014.04.04 15:56:46.426,1.50348,1.50361,1.00,1.69
2014.04.04 15:56:46.552,1.50345,1.50361,1.00,1.69
2014.04.04 15:56:46.663,1.50345,1.50358,1.00,1.00
2014.04.04 15:56:47.162,1.50342,1.50357,1.00,1.13
2014.04.04 15:56:47.221,1.50336,1.50352,1.19,1.00
2014.04.04 15:56:47.526,1.50341,1.50355,1.00,1.25
2014.04.04 15:56:47.904,1.50346,1.50356,1.00,1.00
2014.04.04 15:56:48.056,1.50346,1.50361,1.00,1.19
2014.04.04 15:56:49.107,1.50346,1.50358,1.00,1.00
2014.04.04 15:56:52.945,1.50347,1.50358,1.00,1.00
2014.04.04 15:56:54.923,1.50348,1.5036,1.00,1.00
2014.04.04 15:56:56.933,1.50343,1.50358,1.00,1.00
2014.04.04 15:56:57.034,1.50341,1.50356,1.00,1.00
2014.04.04 15:56:57.464,1.50337,1.50352,1.69,1.00
2014.04.04 15:56:57.515,1.50337,1.50352,1.50,1.00
2014.04.04 15:56:58.071,1.50337,1.50351,1.00,1.00
2014.04.04 15:56:59.559,1.50339,1.50351,1.00,1.00
2014.04.04 15:57:01.474,1.50339,1.50352,1.00,1.25
2014.04.04 15:57:02.851,1.5034,1.50352,1.00,1.25
2014.04.04 15:57:03.602,1.50339,1.50353,1.00,1.19
2014.04.04 15:57:03.981,1.50336,1.50353,1.00,1.19
2014.04.04 15:57:04.083,1.50336,1.50348,1.00,1.35
2014.04.04 15:57:04.336,1.50332,1.50346,1.50,1.00
2014.04.04 15:57:08.140,1.50334,1.50346,1.00,1.00
2014.04.04 15:57:08.192,1.50347,1.50361,1.00,1.25
2014.04.04 15:57:08.752,1.50347,1.50358,1.00,1.00
2014.04.04 15:57:09.665,1.50347,1.5036,1.00,1.00
2014.04.04 15:57:09.716,1.50347,1.50351,1.00,1.00
2014.04.04 15:57:09.918,1.50341,1.50352,1.00,1.00
2014.04.04 15:57:10.019,1.50339,1.50352,1.00,1.00
2014.04.04 15:57:10.222,1.50342,1.50352,1.00,1.00
2014.04.04 15:57:10.272,1.50342,1.50354,1.00,1.50
2014.04.04 15:57:10.677,1.50342,1.50358,1.00,1.25
2014.04.04 15:57:10.798,1.50344,1.50358,1.00,1.25
2014.04.04 15:57:11.117,1.50344,1.50354,1.00,1.00
2014.04.04 15:57:12.441,1.50344,1.50353,1.00,1.00
2014.04.04 15:57:12.694,1.50338,1.50348,1.00,1.50
2014.04.04 15:57:12.795,1.50335,1.50348,1.00,1.50
2014.04.04 15:57:13.112,1.50335,1.5035,1.00,1.50
2014.04.04 15:57:14.090,1.50337,1.5035,1.00,1.69
2014.04.04 15:57:14.598,1.50338,1.50353,1.00,1.50
2014.04.04 15:57:15.119,1.50339,1.50352,1.00,1.50
2014.04.04 15:57:15.170,1.50339,1.5035,1.00,1.00
2014.04.04 15:57:15.517,1.50339,1.50352,1.00,1.00
2014.04.04 15:57:16.158,1.5034,1.5035,1.00,1.00
2014.04.04 15:57:16.213,1.5034,1.50352,1.00,1.00
2014.04.04 15:57:17.889,1.5034,1.50344,1.00,1.50
2014.04.04 15:57:17.940,1.50335,1.50344,1.00,1.50
2014.04.04 15:57:17.992,1.50335,1.50342,1.00,1.00
2014.04.04 15:57:18.245,1.50328,1.50342,1.00,1.00
2014.04.04 15:57:18.600,1.50326,1.50342,1.00,1.00
2014.04.04 15:57:19.543,1.50326,1.50344,1.00,1.69
2014.04.04 15:57:20.467,1.50327,1.50344,1.00,1.69
2014.04.04 15:57:22.427,1.50332,1.50345,1.00,1.50
2014.04.04 15:57:22.680,1.50332,1.50347,1.00,1.00
2014.04.04 15:57:22.731,1.50332,1.5035,1.00,1.88
2014.04.04 15:57:26.687,1.50332,1.5035,1.00,1.69
2014.04.04 15:57:27.453,1.50332,1.50346,1.00,1.00
2014.04.04 15:57:27.757,1.5033,1.50343,1.25,1.00
2014.04.04 15:57:27.858,1.50326,1.50343,1.69,1.00
2014.04.04 15:57:31.050,1.50326,1.50342,1.00,1.00
2014.04.04 15:57:31.677,1.50326,1.50339,1.00,1.00
2014.04.04 15:57:34.157,1.50325,1.50339,1.00,1.00
2014.04.04 15:57:37.051,1.50326,1.50342,1.00,1.50
2014.04.04 15:57:37.130,1.50326,1.5034,1.00,1.50
2014.04.04 15:57:37.741,1.50327,1.5034,1.00,1.50
2014.04.04 15:57:40.173,1.50325,1.5034,1.00,1.50
2014.04.04 15:57:40.375,1.50328,1.50341,1.00,1.50
2014.04.04 15:57:40.679,1.5033,1.50346,1.00,1.50
2014.04.04 15:57:41.044,1.50331,1.50348,1.50,1.00
2014.04.04 15:57:43.288,1.50333,1.50348,1.00,1.00
2014.04.04 15:57:44.541,1.50335,1.50348,1.00,1.00
2014.04.04 15:57:45.403,1.50335,1.5035,1.50,1.00
2014.04.04 15:57:47.043,1.50335,1.50352,1.00,1.69
2014.04.04 15:57:47.371,1.50335,1.50349,1.00,1.00
2014.04.04 15:57:47.884,1.50337,1.50349,1.00,1.00
2014.04.04 15:57:48.325,1.50339,1.50349,1.00,1.00
2014.04.04 15:57:49.642,1.50339,1.50351,1.00,1.25
2014.04.04 15:57:51.964,1.50341,1.50355,1.00,1.50
2014.04.04 15:57:52.120,1.50341,1.50357,1.50,1.88
2014.04.04 15:57:53.603,1.50344,1.50357,1.00,1.50
2014.04.04 15:57:54.079,1.50344,1.5036,1.00,1.63
2014.04.04 15:57:54.186,1.50344,1.50356,1.00,1.00
2014.04.04 15:57:54.885,1.50344,1.5036,1.00,2.82
2014.04.04 15:57:55.557,1.50344,1.5036,1.00,2.82
2014.04.04 15:57:55.987,1.50344,1.50356,1.00,1.00
2014.04.04 15:57:57.078,1.50344,1.50357,1.00,1.00
2014.04.04 15:57:57.585,1.50345,1.50357,1.00,1.00
2014.04.04 15:57:58.151,1.50344,1.50357,1.00,1.00
2014.04.04 15:57:58.304,1.50346,1.50361,1.50,1.69
2014.04.04 15:57:58.831,1.50346,1.50361,1.50,1.00
2014.04.04 15:58:00.533,1.50348,1.50361,1.00,1.00
2014.04.04 15:58:01.593,1.50348,1.50357,1.00,1.00
2014.04.04 15:58:02.496,1.50348,1.50362,1.00,1.00
2014.04.04 15:58:03.661,1.5035,1.50362,1.00,1.00
2014.04.04 15:58:03.895,1.50348,1.50362,1.00,1.00
2014.04.04 15:58:04.823,1.50348,1.50364,1.00,2.82
2014.04.04 15:58:07.298,1.50347,1.50362,1.00,1.25
2014.04.04 15:58:08.217,1.50346,1.50362,2.25,1.25
2014.04.04 15:58:08.908,1.50346,1.50362,2.25,1.19
2014.04.04 15:58:13.350,1.50347,1.50362,1.00,1.19
2014.04.04 15:58:16.163,1.50347,1.50364,1.00,2.44
2014.04.04 15:58:18.169,1.50347,1.50364,1.00,2.82
2014.04.04 15:58:18.221,1.50347,1.50358,1.00,1.00
2014.04.04 15:58:18.772,1.50346,1.50358,1.50,1.00
2014.04.04 15:58:21.669,1.50346,1.5036,1.00,1.00
2014.04.04 15:58:23.921,1.50346,1.50358,1.00,1.00
2014.04.04 15:58:24.270,1.50337,1.50353,3.00,1.50
2014.04.04 15:58:24.481,1.50336,1.50349,1.00,1.00
2014.04.04 15:58:25.250,1.50336,1.5035,1.00,1.00
2014.04.04 15:58:25.594,1.50338,1.50351,1.00,1.00
2014.04.04 15:58:25.696,1.50338,1.50354,1.50,1.25
2014.04.04 15:58:25.949,1.50339,1.50356,1.00,1.00
2014.04.04 15:58:26.254,1.5034,1.50354,1.00,1.00
2014.04.04 15:58:26.356,1.50337,1.50355,1.50,1.19
2014.04.04 15:58:26.940,1.5034,1.50355,1.00,1.19
2014.04.04 15:58:27.244,1.50344,1.50355,1.50,1.00
2014.04.04 15:58:27.395,1.50346,1.50359,1.00,1.25
2014.04.04 15:58:27.598,1.50344,1.50359,1.50,1.25
2014.04.04 15:58:28.102,1.50344,1.50358,1.50,1.00
2014.04.04 15:58:29.072,1.50344,1.5036,1.50,1.50
2014.04.04 15:58:30.315,1.50344,1.50357,1.00,1.50
2014.04.04 15:58:30.948,1.50344,1.5036,1.00,1.50
2014.04.04 15:58:31.616,1.50344,1.50359,1.00,1.00
2014.04.04 15:58:32.888,1.50344,1.50356,1.00,1.00
2014.04.04 15:58:33.882,1.50344,1.50357,1.00,1.00
2014.04.04 15:58:33.933,1.50344,1.5036,1.00,1.00
2014.04.04 15:58:34.606,1.50345,1.5036,1.00,1.00
2014.04.04 15:58:37.121,1.50344,1.5036,1.50,1.00
2014.04.04 15:58:37.785,1.50344,1.50359,1.50,1.00
2014.04.04 15:58:41.327,1.50353,1.50359,1.00,1.25
2014.04.04 15:58:41.480,1.50354,1.50363,1.00,1.00
2014.04.04 15:58:41.530,1.50354,1.50363,1.38,1.00
2014.04.04 15:58:41.834,1.50358,1.50363,1.13,1.00
2014.04.04 15:58:41.885,1.50358,1.50374,1.88,1.60
2014.04.04 15:58:42.419,1.50358,1.50376,1.13,1.50
2014.04.04 15:58:43.064,1.50359,1.50376,1.00,1.50
2014.04.04 15:58:44.871,1.50365,1.50376,1.00,1.00
2014.04.04 15:58:45.023,1.50365,1.50381,2.25,1.00
2014.04.04 15:58:45.174,1.50363,1.5038,1.00,1.00
2014.04.04 15:58:45.756,1.50363,1.50378,1.00,1.00
2014.04.04 15:58:46.312,1.50362,1.50378,1.88,1.00
2014.04.04 15:58:47.013,1.50362,1.50379,1.88,1.00
2014.04.04 15:58:49.639,1.50362,1.50376,1.50,1.00
2014.04.04 15:58:49.943,1.50366,1.50382,1.00,1.19
2014.04.04 15:58:49.994,1.50366,1.50382,1.00,1.69
2014.04.04 15:58:50.197,1.50364,1.5038,1.50,1.00
2014.04.04 15:58:51.511,1.50364,1.50381,1.50,1.25
2014.04.04 15:58:54.729,1.50364,1.50381,1.88,1.00
2014.04.04 15:58:54.932,1.50371,1.50388,1.00,1.25
2014.04.04 15:58:54.984,1.50371,1.50386,1.00,1.00
2014.04.04 15:58:55.287,1.50368,1.50385,1.00,1.19
2014.04.04 15:58:55.794,1.50368,1.50384,1.00,1.69
2014.04.04 15:58:55.996,1.50369,1.50384,1.00,1.00
2014.04.04 15:58:56.098,1.50371,1.50385,1.00,1.13
2014.04.04 15:58:56.199,1.50371,1.50388,1.00,1.69
2014.04.04 15:58:56.560,1.50369,1.50385,1.00,1.13
2014.04.04 15:58:56.868,1.50371,1.50388,1.00,2.44
2014.04.04 15:58:57.424,1.50371,1.50387,1.50,1.00
2014.04.04 15:58:57.604,1.50371,1.50389,1.50,1.25
2014.04.04 15:58:57.756,1.50373,1.50389,1.00,1.25
2014.04.04 15:58:58.060,1.50382,1.50395,1.38,1.38
2014.04.04 15:58:58.161,1.50384,1.50399,1.00,1.88
2014.04.04 15:58:58.212,1.50387,1.50399,1.00,1.88
2014.04.04 15:58:58.364,1.50387,1.50402,1.00,1.19
2014.04.04 15:58:59.404,1.50386,1.50403,1.00,1.69
2014.04.04 15:58:59.455,1.50383,1.50403,3.00,1.69
2014.04.04 15:58:59.962,1.50383,1.504,3.00,1.00
2014.04.04 15:59:00.019,1.50385,1.504,1.00,1.00
2014.04.04 15:59:00.720,1.50385,1.50402,1.50,1.19
2014.04.04 15:59:02.449,1.50385,1.50402,1.50,1.57
2014.04.04 15:59:03.579,1.50385,1.50402,1.50,1.00
2014.04.04 15:59:05.885,1.50386,1.50405,1.50,1.19
2014.04.04 15:59:09.586,1.50387,1.50403,1.00,1.25
2014.04.04 15:59:10.327,1.50387,1.50402,1.00,1.00
2014.04.04 15:59:10.480,1.50386,1.504,1.00,1.00
2014.04.04 15:59:11.701,1.50386,1.50399,1.00,1.00
2014.04.04 15:59:11.752,1.50384,1.50399,1.00,1.50
2014.04.04 15:59:11.803,1.50384,1.50395,1.00,1.00
2014.04.04 15:59:11.854,1.50381,1.50395,1.00,1.00
2014.04.04 15:59:12.492,1.50382,1.50393,1.00,1.00
2014.04.04 15:59:12.543,1.50376,1.50393,1.50,1.00
2014.04.04 15:59:14.744,1.50376,1.50394,1.50,1.25
2014.04.04 15:59:14.896,1.50379,1.50396,1.00,1.19
2014.04.04 15:59:15.098,1.5038,1.50396,1.00,1.69
2014.04.04 15:59:15.622,1.50381,1.50395,1.00,1.00
2014.04.04 15:59:16.067,1.50381,1.50398,1.00,1.69
2014.04.04 15:59:16.857,1.5039,1.50398,1.00,1.69
2014.04.04 15:59:16.959,1.5039,1.50399,1.00,1.00
2014.04.04 15:59:17.010,1.5039,1.50405,1.00,3.34
2014.04.04 15:59:17.566,1.50391,1.50409,1.00,2.25
2014.04.04 15:59:17.617,1.50391,1.50409,1.00,3.19
2014.04.04 15:59:18.021,1.50392,1.50409,1.50,1.69
2014.04.04 15:59:18.375,1.50396,1.50409,1.00,1.25
2014.04.04 15:59:18.678,1.504,1.50411,1.00,1.19
2014.04.04 15:59:18.830,1.50394,1.50411,1.13,1.00
2014.04.04 15:59:21.418,1.50391,1.50408,1.00,1.00
2014.04.04 15:59:21.929,1.5039,1.50407,1.00,1.00
2014.04.04 15:59:22.646,1.5039,1.50409,1.00,1.25
2014.04.04 15:59:23.160,1.50391,1.5041,1.00,1.19
2014.04.04 15:59:23.902,1.50398,1.5041,1.00,1.19
2014.04.04 15:59:23.954,1.50398,1.50413,1.00,1.69
2014.04.04 15:59:24.106,1.50395,1.50412,1.00,1.25
2014.04.04 15:59:24.460,1.50393,1.50412,1.50,1.69
2014.04.04 15:59:24.966,1.50392,1.50411,1.50,1.32
2014.04.04 15:59:25.883,1.50395,1.50411,1.00,1.69
2014.04.04 15:59:26.035,1.50395,1.50413,1.00,2.44
2014.04.04 15:59:26.642,1.50394,1.50413,1.00,2.44
2014.04.04 15:59:27.729,1.50396,1.50413,1.00,1.25
2014.04.04 15:59:28.232,1.50405,1.5042,1.00,1.00
2014.04.04 15:59:28.639,1.50406,1.50422,1.50,1.50
2014.04.04 15:59:28.820,1.50408,1.50422,1.00,1.50
2014.04.04 15:59:29.073,1.5041,1.50426,1.00,1.25
2014.04.04 15:59:30.068,1.50413,1.5043,1.38,1.60
2014.04.04 15:59:30.374,1.50413,1.50431,1.88,1.00
2014.04.04 15:59:30.886,1.50413,1.50432,1.88,1.13
2014.04.04 15:59:30.938,1.50413,1.50432,1.50,1.13
2014.04.04 15:59:31.466,1.50414,1.5043,1.00,1.00
2014.04.04 15:59:31.973,1.50413,1.50429,1.50,1.25
2014.04.04 15:59:32.074,1.50411,1.50429,1.00,1.25
2014.04.04 15:59:32.614,1.50412,1.50429,1.00,1.25
2014.04.04 15:59:33.550,1.50419,1.50429,1.00,1.25
2014.04.04 15:59:33.702,1.50419,1.50431,1.00,1.00
2014.04.04 15:59:33.803,1.50419,1.50435,1.88,1.25
2014.04.04 15:59:33.955,1.50419,1.50438,1.88,1.69
2014.04.04 15:59:34.220,1.50419,1.50438,3.38,1.69
2014.04.04 15:59:37.741,1.50427,1.50443,1.00,1.69
2014.04.04 15:59:38.453,1.50427,1.50441,1.00,1.00
2014.04.04 15:59:38.657,1.50426,1.50444,1.00,1.19
2014.04.04 15:59:39.192,1.50425,1.50444,1.50,2.07
2014.04.04 15:59:39.615,1.5043,1.50444,1.00,1.69
2014.04.04 15:59:40.080,1.50433,1.50444,1.00,1.19
2014.04.04 15:59:40.585,1.50433,1.50448,1.00,1.69
2014.04.04 15:59:40.950,1.50433,1.50448,1.00,1.19
2014.04.04 15:59:41.604,1.5043,1.50446,1.00,1.19
2014.04.04 15:59:42.561,1.5043,1.50448,1.00,1.50
2014.04.04 15:59:43.076,1.5043,1.50447,1.00,1.00
2014.04.04 15:59:43.279,1.50434,1.50448,1.00,1.20
2014.04.04 15:59:43.380,1.50431,1.50448,1.00,1.00
2014.04.04 15:59:43.431,1.50428,1.50445,1.00,1.38
2014.04.04 15:59:43.735,1.5043,1.50446,1.00,2.25
2014.04.04 15:59:44.039,1.50432,1.50446,1.00,1.50
2014.04.04 15:59:44.382,1.50436,1.50446,1.00,1.00
2014.04.04 15:59:44.534,1.50436,1.50449,1.00,1.00
2014.04.04 15:59:44.585,1.50434,1.50449,1.00,1.00
2014.04.04 15:59:44.888,1.50429,1.50445,1.00,1.00
2014.04.04 15:59:45.242,1.50429,1.50443,1.00,1.00
2014.04.04 15:59:45.918,1.50432,1.50443,1.00,1.00
2014.04.04 15:59:46.438,1.50432,1.50444,1.00,1.00
2014.04.04 15:59:46.895,1.50437,1.50445,1.00,1.00
2014.04.04 15:59:46.997,1.50432,1.5045,1.50,1.38
2014.04.04 15:59:47.351,1.50435,1.50448,1.00,2.33
2014.04.04 15:59:47.857,1.50436,1.50451,1.00,2.25
2014.04.04 15:59:48.008,1.50434,1.50451,1.00,3.45
2014.04.04 15:59:48.211,1.50436,1.50449,1.00,1.50
2014.04.04 15:59:48.515,1.50434,1.50447,1.00,1.00
2014.04.04 15:59:50.360,1.50434,1.50449,1.00,2.25
2014.04.04 15:59:50.463,1.50434,1.50446,1.00,1.00
2014.04.04 15:59:52.998,1.50436,1.50446,1.00,1.13
2014.04.04 15:59:53.056,1.50431,1.50445,1.00,1.00
2014.04.04 15:59:53.567,1.5043,1.50445,1.00,1.00
2014.04.04 15:59:54.173,1.50429,1.50445,1.00,1.50
2014.04.04 15:59:54.781,1.50432,1.50445,1.00,1.50
2014.04.04 15:59:55.251,1.50437,1.50447,1.00,1.00
2014.04.04 15:59:55.555,1.5044,1.50448,1.00,1.00
2014.04.04 15:59:55.606,1.5044,1.50451,1.00,2.25
2014.04.04 15:59:55.808,1.50442,1.50451,1.00,1.00
2014.04.04 15:59:55.859,1.50442,1.50454,1.00,1.00
2014.04.04 15:59:55.910,1.50442,1.50456,1.00,1.00
2014.04.04 15:59:56.011,1.5044,1.50456,1.00,1.00
2014.04.04 15:59:56.577,1.50442,1.50456,1.00,1.00
2014.04.04 15:59:57.099,1.50444,1.50457,1.00,1.50
2014.04.04 15:59:57.725,1.50444,1.50455,1.00,1.00
2014.04.04 15:59:58.987,1.50445,1.50455,1.00,1.00
2014.04.04 15:59:59.888,1.50444,1.50455,1.00,1.00
