2014.07.28 09:00:00.355,1.45273,1.45293,1.00,1.00
2014.07.28 09:00:00.873,1.45271,1.45293,1.25,1.00
2014.07.28 09:00:01.611,1.45271,1.45292,1.69,1.00
2014.07.28 09:00:02.117,1.4527,1.45292,1.32,1.50
2014.07.28 09:00:02.733,1.4527,1.45292,1.32,1.50
2014.07.28 09:00:03.393,1.45269,1.45291,2.82,1.00
2014.07.28 09:00:03.930,1.45269,1.45293,3.57,2.25
2014.07.28 09:00:04.697,1.45269,1.45293,3.57,2.25
2014.07.28 09:00:05.213,1.45272,1.45293,1.25,1.00
2014.07.28 09:00:05.633,1.45274,1.45293,1.00,1.00
2014.07.28 09:00:06.148,1.45273,1.45293,1.00,1.00
2014.07.28 09:00:06.719,1.45273,1.45292,1.00,1.00
2014.07.28 09:00:07.580,1.45271,1.45292,1.19,1.00
2014.07.28 09:00:08.116,1.45271,1.45293,1.00,1.88
2014.07.28 09:00:09.562,1.45271,1.45293,1.00,1.13
2014.07.28 09:00:10.346,1.45273,1.45294,1.00,3.00
2014.07.28 09:00:10.800,1.45271,1.45293,1.00,1.38
2014.07.28 09:00:11.306,1.4527,1.45292,1.00,1.88
2014.07.28 09:00:11.559,1.45268,1.4529,1.19,1.50
2014.07.28 09:00:11.862,1.45271,1.45291,1.00,1.32
2014.07.28 09:00:12.417,1.4527,1.45292,1.00,2.07
2014.07.28 09:00:12.945,1.4527,1.45292,1.00,2.82
2014.07.28 09:00:13.248,1.45269,1.45289,1.00,1.32
2014.07.28 09:00:13.804,1.45267,1.45289,1.69,1.75
2014.07.28 09:00:14.675,1.45267,1.45289,1.19,1.00
2014.07.28 09:00:15.697,1.45268,1.4529,1.25,2.82
2014.07.28 09:00:18.129,1.4527,1.4529,1.00,1.25
2014.07.28 09:00:19.309,1.4527,1.45291,1.25,1.69
2014.07.28 09:00:21.556,1.4527,1.45291,1.00,1.69
2014.07.28 09:00:23.864,1.4527,1.45292,1.00,2.00
2014.07.28 09:00:24.384,1.4527,1.45291,1.50,1.32
2014.07.28 09:00:25.091,1.45269,1.4529,1.25,1.25
2014.07.28 09:00:25.604,1.4527,1.4529,1.00,1.25
2014.07.28 09:00:26.112,1.45269,1.4529,1.69,1.25
2014.07.28 09:00:26.826,1.4527,1.45291,1.00,1.32
2014.07.28 09:00:27.336,1.4527,1.45292,1.25,2.07
2014.07.28 09:00:28.920,1.45272,1.45293,1.00,1.19
2014.07.28 09:00:28.971,1.45272,1.45293,1.00,1.25
2014.07.28 09:00:29.508,1.45272,1.45294,1.00,1.50
2014.07.28 09:00:30.027,1.45272,1.45293,1.00,1.00
2014.07.28 09:00:30.691,1.45272,1.45293,1.00,1.19
2014.07.28 09:00:31.954,1.45272,1.45293,1.25,1.25
2014.07.28 09:00:32.365,1.4527,1.45292,1.25,1.19
2014.07.28 09:00:33.490,1.45269,1.45291,1.69,1.00
2014.07.28 09:00:34.476,1.45269,1.45291,1.69,1.25
2014.07.28 09:00:36.190,1.45269,1.4529,1.19,1.00
2014.07.28 09:00:36.729,1.45269,1.45291,1.50,1.00
2014.07.28 09:00:37.614,1.4527,1.45292,1.00,2.82
2014.07.28 09:00:38.341,1.4527,1.45292,1.00,1.32
2014.07.28 09:00:38.910,1.4527,1.45292,1.25,1.32
2014.07.28 09:00:39.433,1.45269,1.45291,1.69,1.00
2014.07.28 09:00:40.278,1.4527,1.45293,1.25,2.82
2014.07.28 09:00:40.586,1.45272,1.45294,1.00,2.44
2014.07.28 09:00:40.839,1.45273,1.45295,1.50,2.44
2014.07.28 09:00:40.942,1.45278,1.45297,1.00,1.99
2014.07.28 09:00:40.994,1.45278,1.45297,1.00,1.24
2014.07.28 09:00:41.095,1.45278,1.453,1.69,1.57
2014.07.28 09:00:43.866,1.45279,1.45301,1.00,3.94
2014.07.28 09:00:44.373,1.45281,1.45301,1.00,1.32
2014.07.28 09:00:44.912,1.45281,1.45302,1.00,1.24
2014.07.28 09:00:46.855,1.45281,1.45303,1.00,3.12
2014.07.28 09:00:47.054,1.45279,1.45301,1.69,1.19
2014.07.28 09:00:47.155,1.45279,1.45301,1.50,2.07
2014.07.28 09:00:47.408,1.45271,1.45295,2.07,2.07
2014.07.28 09:00:47.459,1.45271,1.45295,2.07,2.82
2014.07.28 09:00:47.762,1.45274,1.45295,1.00,1.57
2014.07.28 09:00:50.278,1.45274,1.45296,1.00,1.57
2014.07.28 09:00:51.467,1.45275,1.45297,1.00,4.69
2014.07.28 09:00:53.324,1.45274,1.45296,1.00,2.44
2014.07.28 09:00:53.375,1.45274,1.45295,1.00,1.57
2014.07.28 09:00:55.014,1.45273,1.45294,1.50,1.32
2014.07.28 09:00:56.489,1.45273,1.45293,1.00,1.19
2014.07.28 09:00:57.197,1.45271,1.45293,1.50,1.19
2014.07.28 09:00:58.222,1.45271,1.45293,1.38,1.00
2014.07.28 09:00:58.324,1.45272,1.45293,1.63,1.00
2014.07.28 09:00:58.527,1.45274,1.45296,1.88,1.69
2014.07.28 09:00:58.729,1.45277,1.45296,1.00,1.25
2014.07.28 09:00:59.236,1.45277,1.45298,1.00,2.44
2014.07.28 09:00:59.644,1.45279,1.45297,1.00,1.25
2014.07.28 09:00:59.745,1.45275,1.45297,1.25,1.63
2014.07.28 09:00:59.856,1.45277,1.45298,1.00,1.57
2014.07.28 09:01:00.362,1.45278,1.45299,1.50,2.82
2014.07.28 09:01:01.846,1.45278,1.453,1.50,1.57
2014.07.28 09:01:04.339,1.45277,1.45299,1.32,1.19
2014.07.28 09:01:04.692,1.45279,1.453,1.00,1.19
2014.07.28 09:01:05.223,1.4528,1.453,1.00,1.19
2014.07.28 09:01:05.526,1.45282,1.453,1.00,1.19
2014.07.28 09:01:06.059,1.45281,1.45301,1.00,1.32
2014.07.28 09:01:06.109,1.45279,1.45301,1.00,1.32
2014.07.28 09:01:06.303,1.45281,1.45301,1.00,1.32
2014.07.28 09:01:06.897,1.45282,1.45301,1.00,1.19
2014.07.28 09:01:07.049,1.45282,1.45301,1.00,1.00
2014.07.28 09:01:07.554,1.45283,1.45301,1.00,1.00
2014.07.28 09:01:08.215,1.45283,1.45303,1.00,1.32
2014.07.28 09:01:10.203,1.45284,1.45302,1.00,1.00
2014.07.28 09:01:10.355,1.45284,1.45304,1.00,1.25
2014.07.28 09:01:10.910,1.45285,1.45303,1.00,1.00
2014.07.28 09:01:11.659,1.45284,1.45304,1.00,1.25
2014.07.28 09:01:12.340,1.45284,1.45305,1.25,1.32
2014.07.28 09:01:13.203,1.45284,1.45305,1.19,1.13
2014.07.28 09:01:13.371,1.45284,1.45303,1.19,1.00
2014.07.28 09:01:13.473,1.45284,1.45306,2.07,1.00
2014.07.28 09:01:13.980,1.45285,1.45305,1.19,1.00
2014.07.28 09:01:14.082,1.45283,1.45305,1.25,1.57
2014.07.28 09:01:15.016,1.45285,1.45305,1.00,1.57
2014.07.28 09:01:15.370,1.45283,1.45304,1.25,1.32
2014.07.28 09:01:16.139,1.45283,1.45303,1.25,1.00
2014.07.28 09:01:16.443,1.45281,1.45302,1.25,1.25
2014.07.28 09:01:16.961,1.45281,1.45301,1.25,1.00
2014.07.28 09:01:18.402,1.45281,1.45301,1.00,1.19
2014.07.28 09:01:19.393,1.45281,1.45303,1.00,2.07
2014.07.28 09:01:21.723,1.45281,1.45303,1.00,2.07
2014.07.28 09:01:25.586,1.45282,1.45304,1.00,1.57
2014.07.28 09:01:27.796,1.45282,1.45304,1.00,1.63
2014.07.28 09:01:28.007,1.45284,1.45304,1.00,1.63
2014.07.28 09:01:28.635,1.45282,1.45304,1.00,2.07
2014.07.28 09:01:29.144,1.45282,1.45304,1.00,1.69
2014.07.28 09:01:31.045,1.45282,1.45304,1.19,1.50
2014.07.28 09:01:31.968,1.45284,1.45304,1.00,1.00
2014.07.28 09:01:34.138,1.45284,1.45306,1.25,1.57
2014.07.28 09:01:34.188,1.45284,1.45306,2.07,1.00
2014.07.28 09:01:34.693,1.45286,1.45308,1.25,2.07
2014.07.28 09:01:35.309,1.45286,1.45308,1.19,2.07
2014.07.28 09:01:35.822,1.45288,1.4531,1.00,1.87
2014.07.28 09:01:37.373,1.45288,1.45309,1.69,1.15
2014.07.28 09:01:39.781,1.45289,1.45311,1.00,2.37
2014.07.28 09:01:40.302,1.45288,1.45311,1.25,1.87
2014.07.28 09:01:41.995,1.45288,1.45309,1.00,1.62
2014.07.28 09:01:42.197,1.45286,1.45308,1.25,1.32
2014.07.28 09:01:43.095,1.45286,1.45308,1.00,1.32
2014.07.28 09:01:44.388,1.45285,1.45307,1.69,1.19
2014.07.28 09:01:45.469,1.45285,1.45303,1.25,1.00
2014.07.28 09:01:45.621,1.45283,1.45303,1.00,1.32
2014.07.28 09:01:45.722,1.45281,1.45303,1.25,1.32
2014.07.28 09:01:45.925,1.45279,1.453,1.69,1.00
2014.07.28 09:01:46.482,1.4528,1.45302,1.19,1.69
2014.07.28 09:01:46.937,1.4528,1.45302,1.00,1.69
2014.07.28 09:01:49.863,1.45278,1.453,1.69,1.25
2014.07.28 09:01:50.892,1.45281,1.45301,1.00,1.19
2014.07.28 09:01:52.324,1.45278,1.453,2.07,1.32
2014.07.28 09:01:52.426,1.45284,1.45299,1.00,1.00
2014.07.28 09:01:52.527,1.45284,1.45303,1.00,1.00
2014.07.28 09:01:52.628,1.45289,1.45307,1.00,1.13
2014.07.28 09:01:52.730,1.45289,1.45308,1.00,1.25
2014.07.28 09:01:53.829,1.45289,1.45308,1.00,1.19
2014.07.28 09:01:54.155,1.45284,1.45308,2.44,1.69
2014.07.28 09:01:54.206,1.45284,1.45305,1.69,1.00
2014.07.28 09:01:54.509,1.45288,1.45308,1.00,1.19
2014.07.28 09:01:55.134,1.45288,1.45309,1.00,1.32
2014.07.28 09:01:55.803,1.45285,1.45308,1.32,1.25
2014.07.28 09:01:56.107,1.45284,1.45308,1.69,2.07
2014.07.28 09:01:56.411,1.45287,1.45309,1.00,3.19
2014.07.28 09:01:56.462,1.45287,1.45309,1.25,2.44
2014.07.28 09:01:57.899,1.45285,1.45308,1.19,1.63
2014.07.28 09:01:58.406,1.45286,1.45311,1.19,1.57
2014.07.28 09:01:59.935,1.45289,1.45312,1.00,2.44
2014.07.28 09:02:00.086,1.45289,1.45312,1.25,1.13
2014.07.28 09:02:00.137,1.45293,1.45314,1.00,1.88
2014.07.28 09:02:00.441,1.45296,1.45317,1.00,1.57
2014.07.28 09:02:00.947,1.45296,1.45317,1.00,1.32
2014.07.28 09:02:01.604,1.45296,1.45316,1.00,1.25
2014.07.28 09:02:01.907,1.45292,1.45314,2.07,1.00
2014.07.28 09:02:02.008,1.45292,1.45314,1.19,1.25
2014.07.28 09:02:02.547,1.45295,1.45314,1.00,1.25
2014.07.28 09:02:02.649,1.45295,1.45319,1.69,1.69
2014.07.28 09:02:02.911,1.45296,1.45318,1.19,1.25
2014.07.28 09:02:05.435,1.45298,1.45319,1.38,1.00
2014.07.28 09:02:05.536,1.45301,1.45324,1.57,1.69
2014.07.28 09:02:05.638,1.45305,1.45328,1.25,2.07
2014.07.28 09:02:05.740,1.45307,1.45329,1.25,1.32
2014.07.28 09:02:06.246,1.45305,1.45327,1.32,1.00
2014.07.28 09:02:06.652,1.45312,1.45328,1.00,1.00
2014.07.28 09:02:06.755,1.45312,1.45333,1.69,1.00
2014.07.28 09:02:07.058,1.45311,1.45331,1.19,1.50
2014.07.28 09:02:07.109,1.45309,1.45331,1.69,1.50
2014.07.28 09:02:07.311,1.45308,1.45331,1.32,1.69
2014.07.28 09:02:07.615,1.4531,1.45331,1.19,1.00
2014.07.28 09:02:07.817,1.4531,1.45333,3.57,1.00
2014.07.28 09:02:07.922,1.45311,1.45333,3.27,1.00
2014.07.28 09:02:07.973,1.45313,1.45336,2.25,1.25
2014.07.28 09:02:08.480,1.45315,1.45338,2.07,1.19
2014.07.28 09:02:09.039,1.45315,1.45337,1.32,1.63
2014.07.28 09:02:09.343,1.45315,1.45334,1.00,1.00
2014.07.28 09:02:09.867,1.45316,1.45333,1.00,1.00
2014.07.28 09:02:10.408,1.45315,1.45334,1.00,1.00
2014.07.28 09:02:11.142,1.45313,1.4533,1.19,1.00
2014.07.28 09:02:11.243,1.45313,1.45333,1.00,1.25
2014.07.28 09:02:11.762,1.4531,1.45333,2.18,1.25
2014.07.28 09:02:12.341,1.4531,1.45333,2.18,1.19
2014.07.28 09:02:16.232,1.45312,1.45334,1.00,1.19
2014.07.28 09:02:17.110,1.45311,1.45334,1.25,1.19
2014.07.28 09:02:17.211,1.45311,1.45334,1.25,1.25
2014.07.28 09:02:17.313,1.45316,1.45334,1.00,1.25
2014.07.28 09:02:19.157,1.45311,1.45334,1.25,1.32
2014.07.28 09:02:19.662,1.4531,1.45334,3.19,2.07
2014.07.28 09:02:20.210,1.4531,1.45334,2.44,2.07
2014.07.28 09:02:21.224,1.45311,1.45334,1.00,2.07
2014.07.28 09:02:21.773,1.4531,1.45334,2.44,2.82
2014.07.28 09:02:22.297,1.45311,1.45333,1.00,1.63
2014.07.28 09:02:22.811,1.4531,1.45333,1.25,1.63
2014.07.28 09:02:23.385,1.4531,1.45333,1.25,1.25
2014.07.28 09:02:23.739,1.4531,1.45333,1.25,2.07
2014.07.28 09:02:24.336,1.45309,1.45333,1.25,2.07
2014.07.28 09:02:24.855,1.4531,1.45333,1.00,1.57
2014.07.28 09:02:25.316,1.45312,1.45333,1.00,1.57
2014.07.28 09:02:25.417,1.45312,1.45334,1.00,1.32
2014.07.28 09:02:25.877,1.45315,1.45334,1.00,1.32
2014.07.28 09:02:26.441,1.45315,1.45334,1.00,1.32
2014.07.28 09:02:27.082,1.45313,1.45334,1.00,1.32
2014.07.28 09:02:27.878,1.45312,1.45334,1.25,2.07
2014.07.28 09:02:28.410,1.45312,1.45334,1.00,2.07
2014.07.28 09:02:29.414,1.45312,1.45334,1.00,2.07
2014.07.28 09:02:31.201,1.45312,1.45334,1.00,2.07
2014.07.28 09:02:32.798,1.45311,1.45333,1.00,1.57
2014.07.28 09:02:35.342,1.4531,1.45332,1.25,2.07
2014.07.28 09:02:36.031,1.45311,1.45332,1.00,1.32
2014.07.28 09:02:37.240,1.45309,1.45331,1.32,1.25
2014.07.28 09:02:38.671,1.45308,1.4533,2.82,1.25
2014.07.28 09:02:39.205,1.4531,1.45331,1.00,1.19
2014.07.28 09:02:39.409,1.45308,1.4533,1.00,1.38
2014.07.28 09:02:39.510,1.45308,1.45325,1.00,1.00
2014.07.28 09:02:40.023,1.45309,1.4533,1.00,2.07
2014.07.28 09:02:40.553,1.45309,1.4533,1.00,1.57
2014.07.28 09:02:41.070,1.45308,1.4533,1.00,2.82
2014.07.28 09:02:41.576,1.45307,1.45329,1.25,1.32
2014.07.28 09:02:42.801,1.45307,1.45329,1.00,2.07
2014.07.28 09:02:42.852,1.45305,1.45326,1.00,1.13
2014.07.28 09:02:43.357,1.45303,1.45325,1.19,1.25
2014.07.28 09:02:43.913,1.45305,1.45325,1.25,1.00
2014.07.28 09:02:44.418,1.45305,1.45327,2.07,1.19
2014.07.28 09:02:47.280,1.45305,1.45327,2.82,1.19
2014.07.28 09:02:47.535,1.45307,1.45329,1.88,1.13
2014.07.28 09:02:48.093,1.45307,1.45329,2.44,1.19
2014.07.28 09:02:49.529,1.45307,1.45329,1.50,1.69
2014.07.28 09:02:50.514,1.45307,1.45329,1.25,1.69
2014.07.28 09:02:53.627,1.45308,1.4533,1.00,2.82
2014.07.28 09:02:54.155,1.45307,1.45329,1.69,1.32
2014.07.28 09:02:54.693,1.45307,1.45327,1.25,1.00
2014.07.28 09:02:54.909,1.45305,1.45324,1.32,1.00
2014.07.28 09:02:55.162,1.45305,1.45323,1.00,1.00
2014.07.28 09:02:56.020,1.45305,1.45324,1.00,1.00
2014.07.28 09:02:57.322,1.45305,1.45326,1.00,1.19
2014.07.28 09:02:58.197,1.45305,1.45326,1.25,1.25
2014.07.28 09:03:03.637,1.45305,1.45326,1.25,2.00
2014.07.28 09:03:05.831,1.45305,1.45327,1.25,2.44
2014.07.28 09:03:06.659,1.45305,1.45327,1.19,2.44
2014.07.28 09:03:08.201,1.45305,1.45327,1.25,2.44
2014.07.28 09:03:08.743,1.45305,1.45327,1.19,2.44
2014.07.28 09:03:11.633,1.45305,1.45321,1.00,1.00
2014.07.28 09:03:11.683,1.45302,1.45321,1.00,1.00
2014.07.28 09:03:11.836,1.45302,1.45318,1.00,1.00
2014.07.28 09:03:11.887,1.453,1.45318,1.00,1.00
2014.07.28 09:03:11.988,1.453,1.45321,1.00,1.13
2014.07.28 09:03:12.190,1.453,1.45321,1.00,1.19
2014.07.28 09:03:12.241,1.45299,1.4532,1.00,1.00
2014.07.28 09:03:13.342,1.45299,1.45319,1.00,1.00
2014.07.28 09:03:13.673,1.45296,1.45319,2.07,1.69
2014.07.28 09:03:14.553,1.45297,1.4532,1.19,1.57
2014.07.28 09:03:15.531,1.45297,1.4532,1.19,1.63
2014.07.28 09:03:21.576,1.453,1.45321,1.00,1.74
2014.07.28 09:03:22.126,1.453,1.45321,1.00,1.25
2014.07.28 09:03:23.194,1.45297,1.4532,2.44,1.00
2014.07.28 09:03:23.498,1.45296,1.4532,2.82,2.44
2014.07.28 09:03:24.367,1.45297,1.4532,1.32,1.57
2014.07.28 09:03:26.371,1.45296,1.4532,3.19,2.07
2014.07.28 09:03:27.508,1.45298,1.45321,1.25,1.69
2014.07.28 09:03:28.279,1.45298,1.4532,1.00,1.32
2014.07.28 09:03:28.381,1.45298,1.45315,1.00,1.25
2014.07.28 09:03:28.432,1.45293,1.45315,3.57,1.25
2014.07.28 09:03:29.031,1.45292,1.45314,1.69,1.00
2014.07.28 09:03:29.540,1.45293,1.45314,1.13,1.19
2014.07.28 09:03:30.387,1.45293,1.45314,1.13,1.00
2014.07.28 09:03:35.874,1.45293,1.45316,1.00,1.32
2014.07.28 09:03:37.944,1.45293,1.45314,1.00,1.00
2014.07.28 09:03:38.644,1.45293,1.45314,1.00,1.19
2014.07.28 09:03:39.785,1.45292,1.45314,1.25,1.19
2014.07.28 09:03:40.303,1.45291,1.45313,1.19,1.63
2014.07.28 09:03:40.405,1.4529,1.4531,2.07,1.00
2014.07.28 09:03:40.456,1.45289,1.4531,1.57,1.00
2014.07.28 09:03:41.004,1.45289,1.45311,2.07,1.32
2014.07.28 09:03:41.538,1.45289,1.45311,2.07,1.32
2014.07.28 09:03:42.376,1.45289,1.45311,1.69,1.32
2014.07.28 09:03:43.481,1.45289,1.4531,1.00,1.32
2014.07.28 09:03:43.582,1.45287,1.45305,1.19,1.00
2014.07.28 09:03:43.812,1.45286,1.45308,2.44,1.00
2014.07.28 09:03:44.267,1.45289,1.45311,1.19,1.32
2014.07.28 09:03:45.352,1.45293,1.45313,1.00,1.19
2014.07.28 09:03:45.454,1.45293,1.45316,1.25,1.57
2014.07.28 09:03:45.555,1.45294,1.45316,1.19,1.25
2014.07.28 09:03:46.061,1.45296,1.45317,1.69,1.00
2014.07.28 09:03:46.378,1.45301,1.4532,1.00,1.32
2014.07.28 09:03:47.110,1.45301,1.4532,1.00,1.32
2014.07.28 09:03:47.656,1.45296,1.4532,2.82,2.07
2014.07.28 09:03:47.871,1.45295,1.45318,2.07,1.25
2014.07.28 09:03:48.174,1.45294,1.45317,1.57,1.19
2014.07.28 09:03:52.142,1.45294,1.45317,1.32,1.13
2014.07.28 09:03:52.602,1.45296,1.45319,1.69,1.32
2014.07.28 09:03:52.905,1.45296,1.45319,1.25,1.57
2014.07.28 09:03:53.902,1.45296,1.45319,1.00,1.57
2014.07.28 09:03:55.762,1.45295,1.45319,1.69,2.44
2014.07.28 09:03:56.466,1.45295,1.45319,1.69,2.44
2014.07.28 09:03:58.911,1.45295,1.45319,1.69,2.44
2014.07.28 09:03:59.938,1.45295,1.45318,1.00,2.07
2014.07.28 09:04:00.920,1.45295,1.45318,1.00,1.57
2014.07.28 09:04:01.456,1.45295,1.45318,1.19,1.57
2014.07.28 09:04:05.524,1.45295,1.45315,1.19,1.00
2014.07.28 09:04:05.676,1.45292,1.45316,1.69,2.07
2014.07.28 09:04:06.543,1.45292,1.45316,1.69,3.19
2014.07.28 09:04:07.860,1.45293,1.45316,1.00,2.44
2014.07.28 09:04:08.962,1.45293,1.45317,1.69,2.07
2014.07.28 09:04:12.985,1.45293,1.45317,2.07,2.07
2014.07.28 09:04:15.005,1.45293,1.45317,2.07,2.07
2014.07.28 09:04:15.993,1.45293,1.45317,2.07,2.07
2014.07.28 09:04:18.012,1.45293,1.45317,2.44,2.07
2014.07.28 09:04:19.016,1.45293,1.45317,3.19,2.07
2014.07.28 09:04:20.021,1.45293,1.45317,2.07,2.07
2014.07.28 09:04:21.999,1.45293,1.45316,1.32,1.57
2014.07.28 09:04:24.143,1.45292,1.45316,2.07,2.07
2014.07.28 09:04:26.387,1.45293,1.45316,1.00,2.07
2014.07.28 09:04:27.698,1.45292,1.45316,1.69,2.07
2014.07.28 09:04:29.171,1.45292,1.45313,1.00,1.57
2014.07.28 09:04:29.272,1.4529,1.45313,1.25,1.57
2014.07.28 09:04:29.540,1.45292,1.45314,1.00,1.57
2014.07.28 09:04:31.149,1.45292,1.45314,1.00,1.57
2014.07.28 09:04:32.177,1.45292,1.45313,1.00,1.32
2014.07.28 09:04:32.777,1.45292,1.45316,1.69,2.07
2014.07.28 09:04:33.283,1.45293,1.45316,1.25,1.57
2014.07.28 09:04:35.708,1.45293,1.45313,1.25,1.00
2014.07.28 09:04:36.213,1.45291,1.45313,1.19,1.00
2014.07.28 09:04:39.212,1.45292,1.45314,1.25,1.32
2014.07.28 09:04:39.516,1.45294,1.45316,1.63,1.57
2014.07.28 09:04:40.061,1.45294,1.45315,1.25,1.32
2014.07.28 09:04:43.195,1.45294,1.45316,1.00,1.63
2014.07.28 09:04:43.769,1.45293,1.45316,1.00,1.57
2014.07.28 09:04:44.432,1.45293,1.45316,1.00,1.57
2014.07.28 09:04:45.119,1.45292,1.45315,1.25,1.57
2014.07.28 09:04:45.663,1.45293,1.45315,1.00,1.57
2014.07.28 09:04:46.200,1.45292,1.45315,1.25,1.57
2014.07.28 09:04:46.750,1.45293,1.45315,1.25,1.57
2014.07.28 09:04:55.270,1.45293,1.45317,1.69,2.44
2014.07.28 09:05:00.290,1.45293,1.45316,1.25,1.63
2014.07.28 09:05:02.253,1.45293,1.45317,1.69,2.44
2014.07.28 09:05:03.255,1.45293,1.45317,1.69,2.44
2014.07.28 09:05:03.801,1.45293,1.45317,1.69,2.07
2014.07.28 09:05:08.515,1.45293,1.45315,1.25,1.32
2014.07.28 09:05:08.919,1.45293,1.45315,1.25,1.57
2014.07.28 09:05:09.055,1.45293,1.45315,1.25,1.57
2014.07.28 09:05:09.563,1.45293,1.45315,1.00,1.57
2014.07.28 09:05:11.532,1.45293,1.45315,1.00,1.57
2014.07.28 09:05:12.037,1.45293,1.45314,1.00,1.19
2014.07.28 09:05:12.139,1.45295,1.45317,1.00,2.07
2014.07.28 09:05:12.997,1.45295,1.45317,1.00,1.57
2014.07.28 09:05:13.659,1.45296,1.45317,1.00,1.57
2014.07.28 09:05:14.166,1.45296,1.45318,1.00,2.07
2014.07.28 09:05:14.760,1.45295,1.45318,1.00,1.69
2014.07.28 09:05:15.511,1.45296,1.45318,1.00,1.57
2014.07.28 09:05:17.515,1.45295,1.45317,1.25,1.32
2014.07.28 09:05:23.074,1.45295,1.45317,1.19,1.32
2014.07.28 09:05:23.579,1.45297,1.45317,1.00,1.25
2014.07.28 09:05:24.131,1.45297,1.45317,1.19,1.00
2014.07.28 09:05:25.881,1.45302,1.45317,1.00,1.00
2014.07.28 09:05:25.983,1.45302,1.45319,1.00,1.15
2014.07.28 09:05:27.383,1.45302,1.45316,1.00,1.00
2014.07.28 09:05:27.434,1.45297,1.45316,1.25,1.00
2014.07.28 09:05:27.535,1.45297,1.45319,1.25,1.32
2014.07.28 09:05:28.222,1.45297,1.45319,1.25,1.57
2014.07.28 09:05:32.677,1.45297,1.45319,1.19,1.63
2014.07.28 09:05:34.897,1.45297,1.45319,1.00,1.57
2014.07.28 09:05:35.006,1.45295,1.45319,1.69,2.44
2014.07.28 09:05:35.107,1.45295,1.45318,1.25,1.69
2014.07.28 09:05:36.473,1.45294,1.45314,1.19,1.00
2014.07.28 09:05:36.981,1.45294,1.45315,1.19,1.13
2014.07.28 09:05:37.497,1.45294,1.45314,1.00,1.57
2014.07.28 09:05:37.801,1.45298,1.45315,1.00,1.32
2014.07.28 09:05:38.104,1.453,1.45316,1.00,1.25
2014.07.28 09:05:38.611,1.45299,1.45319,1.00,1.57
2014.07.28 09:05:39.090,1.45295,1.45319,1.19,2.07
2014.07.28 09:05:39.248,1.45299,1.4532,1.00,1.57
2014.07.28 09:05:39.349,1.45298,1.45319,1.19,1.13
2014.07.28 09:05:39.552,1.45296,1.45318,1.32,1.25
2014.07.28 09:05:40.557,1.45296,1.45318,1.25,1.13
2014.07.28 09:05:40.813,1.45296,1.45318,1.00,1.32
2014.07.28 09:05:42.858,1.45296,1.45318,1.25,1.32
2014.07.28 09:05:43.870,1.45296,1.45318,1.00,1.32
2014.07.28 09:05:44.861,1.45296,1.45318,1.25,1.32
2014.07.28 09:05:46.128,1.45296,1.45318,1.25,1.57
2014.07.28 09:05:53.902,1.45295,1.45318,1.25,1.69
2014.07.28 09:05:58.345,1.45294,1.45318,1.69,2.44
2014.07.28 09:05:58.396,1.45294,1.45318,1.69,2.44
2014.07.28 09:05:58.448,1.45297,1.45318,1.00,1.32
2014.07.28 09:05:58.981,1.45298,1.45321,1.19,1.63
2014.07.28 09:06:00.007,1.45299,1.45321,1.25,1.69
2014.07.28 09:06:04.388,1.45299,1.4532,1.25,1.25
2014.07.28 09:06:04.906,1.45299,1.45319,1.25,1.00
2014.07.28 09:06:05.422,1.45298,1.45321,1.25,1.57
2014.07.28 09:06:05.925,1.45295,1.45319,2.82,2.07
2014.07.28 09:06:06.243,1.45295,1.45319,2.82,2.07
2014.07.28 09:06:06.920,1.45295,1.45319,1.69,2.07
2014.07.28 09:06:12.048,1.45295,1.45318,1.25,1.69
2014.07.28 09:06:12.953,1.45295,1.45317,1.00,1.44
2014.07.28 09:06:13.956,1.45295,1.45317,1.00,1.44
2014.07.28 09:06:14.952,1.45295,1.45317,1.00,1.44
2014.07.28 09:06:15.380,1.45297,1.45317,1.00,1.44
2014.07.28 09:06:15.481,1.45297,1.45318,1.00,1.69
2014.07.28 09:06:22.593,1.45297,1.4532,1.25,1.57
2014.07.28 09:06:23.200,1.45297,1.45318,1.00,1.32
2014.07.28 09:06:23.251,1.45294,1.45315,1.32,1.00
2014.07.28 09:06:23.302,1.45293,1.45315,1.00,1.50
2014.07.28 09:06:23.403,1.4529,1.45312,1.50,2.44
2014.07.28 09:06:23.504,1.4529,1.4531,1.00,1.57
2014.07.28 09:06:23.807,1.4529,1.45311,1.00,1.57
2014.07.28 09:06:23.858,1.45288,1.45311,1.00,2.07
2014.07.28 09:06:24.407,1.45288,1.45311,1.00,2.63
2014.07.28 09:06:32.535,1.45288,1.45309,1.00,1.57
2014.07.28 09:06:33.556,1.45288,1.45309,1.00,2.07
2014.07.28 09:06:34.218,1.45287,1.45309,1.00,2.07
2014.07.28 09:06:34.339,1.45287,1.45303,1.00,1.00
2014.07.28 09:06:34.440,1.45282,1.45301,1.13,1.32
2014.07.28 09:06:34.592,1.4528,1.45301,1.25,1.32
2014.07.28 09:06:34.643,1.4528,1.45299,1.00,1.63
2014.07.28 09:06:34.694,1.45278,1.45298,1.25,1.13
2014.07.28 09:06:34.847,1.45278,1.45296,1.00,1.25
2014.07.28 09:06:35.353,1.45277,1.45297,1.00,1.19
2014.07.28 09:06:35.656,1.4528,1.45298,1.00,1.32
2014.07.28 09:06:35.965,1.45282,1.45298,1.00,1.32
2014.07.28 09:06:40.598,1.45282,1.45297,1.00,1.00
2014.07.28 09:06:42.784,1.45283,1.45297,1.00,1.00
2014.07.28 09:06:43.767,1.4528,1.45297,1.00,1.00
2014.07.28 09:06:43.870,1.45282,1.45297,1.00,1.00
2014.07.28 09:06:48.856,1.45282,1.453,1.00,1.32
2014.07.28 09:06:49.109,1.45283,1.45297,1.00,1.00
2014.07.28 09:06:49.314,1.45284,1.45299,1.00,1.00
2014.07.28 09:06:49.568,1.45282,1.45299,1.00,1.00
2014.07.28 09:06:53.724,1.45282,1.45303,1.00,1.19
2014.07.28 09:06:53.876,1.45284,1.45303,1.00,1.19
2014.07.28 09:06:54.498,1.45284,1.45303,1.00,1.19
2014.07.28 09:06:55.222,1.45284,1.45303,1.00,1.25
2014.07.28 09:06:56.900,1.45284,1.45303,1.00,1.63
2014.07.28 09:06:57.421,1.45285,1.45303,1.00,1.32
2014.07.28 09:06:58.242,1.45285,1.45303,1.00,1.32
2014.07.28 09:07:02.871,1.45284,1.45303,1.00,1.25
2014.07.28 09:07:05.227,1.45282,1.45303,1.00,1.88
2014.07.28 09:07:05.379,1.45282,1.453,1.00,1.00
2014.07.28 09:07:05.889,1.45281,1.45299,1.00,1.00
2014.07.28 09:07:06.193,1.45284,1.45299,1.00,1.00
2014.07.28 09:07:09.269,1.45285,1.45299,1.00,1.00
2014.07.28 09:07:10.392,1.45281,1.45299,1.00,1.00
2014.07.28 09:07:10.687,1.45279,1.45299,1.00,1.19
2014.07.28 09:07:10.940,1.45282,1.45298,1.00,1.25
2014.07.28 09:07:11.142,1.45279,1.45299,1.00,1.19
2014.07.28 09:07:11.345,1.45281,1.453,1.00,1.19
2014.07.28 09:07:11.851,1.45282,1.453,1.00,1.32
2014.07.28 09:07:12.357,1.45282,1.453,1.00,1.32
2014.07.28 09:07:18.601,1.45279,1.453,1.00,1.38
2014.07.28 09:07:18.854,1.45281,1.45299,1.00,1.13
2014.07.28 09:07:20.363,1.45281,1.453,1.00,1.25
2014.07.28 09:07:21.351,1.45281,1.45301,1.00,1.25
2014.07.28 09:07:25.749,1.45281,1.45301,1.00,1.38
2014.07.28 09:07:25.800,1.45278,1.45301,1.19,1.38
2014.07.28 09:07:25.901,1.45281,1.453,1.00,1.00
2014.07.28 09:07:26.414,1.45281,1.45301,1.00,1.00
2014.07.28 09:07:27.097,1.45282,1.45303,1.00,1.57
2014.07.28 09:07:28.172,1.45282,1.45303,1.00,1.57
2014.07.28 09:07:37.746,1.45283,1.45302,1.00,1.25
2014.07.28 09:07:38.100,1.45285,1.45302,1.00,1.25
2014.07.28 09:07:39.201,1.45285,1.45302,1.00,1.19
2014.07.28 09:07:40.609,1.45282,1.45302,1.00,1.19
2014.07.28 09:07:42.242,1.45282,1.45302,1.00,1.19
2014.07.28 09:07:46.240,1.45282,1.45304,1.00,2.44
2014.07.28 09:07:48.218,1.45282,1.45303,1.00,1.57
2014.07.28 09:07:52.282,1.45282,1.45304,1.00,3.19
2014.07.28 09:07:55.241,1.45282,1.45303,1.00,1.57
2014.07.28 09:07:56.244,1.45282,1.45304,1.00,2.44
2014.07.28 09:07:57.296,1.45282,1.45303,1.00,1.57
2014.07.28 09:08:02.066,1.45284,1.45303,1.00,1.57
2014.07.28 09:08:02.602,1.45285,1.45303,1.00,1.57
2014.07.28 09:08:03.454,1.45285,1.45304,1.00,2.07
2014.07.28 09:08:06.463,1.45285,1.45304,1.00,1.57
2014.07.28 09:08:07.467,1.45285,1.45304,1.00,2.07
2014.07.28 09:08:11.490,1.45285,1.45304,1.00,1.57
2014.07.28 09:08:11.622,1.45282,1.45304,1.00,1.57
2014.07.28 09:08:11.877,1.45284,1.45304,1.00,1.57
2014.07.28 09:08:12.435,1.45282,1.45304,1.00,1.57
2014.07.28 09:08:12.950,1.45283,1.45304,1.00,2.07
2014.07.28 09:08:14.512,1.4528,1.45304,1.25,2.82
2014.07.28 09:08:26.675,1.4528,1.45303,1.00,1.57
2014.07.28 09:08:27.681,1.4528,1.45304,1.25,2.82
2014.07.28 09:08:28.652,1.4528,1.45303,1.00,1.57
2014.07.28 09:08:29.368,1.45278,1.45299,1.32,1.00
2014.07.28 09:08:29.647,1.45277,1.45299,1.69,1.19
2014.07.28 09:08:30.691,1.45277,1.45299,1.50,1.25
2014.07.28 09:08:35.674,1.45277,1.45299,1.50,2.82
2014.07.28 09:08:35.978,1.4528,1.45301,1.25,1.25
2014.07.28 09:08:36.988,1.4528,1.45301,1.00,1.19
2014.07.28 09:08:41.283,1.4528,1.45298,1.00,1.00
2014.07.28 09:08:41.334,1.45277,1.45298,1.32,1.00
2014.07.28 09:08:41.839,1.45276,1.45297,1.19,1.00
2014.07.28 09:08:42.369,1.45276,1.45297,1.25,1.25
2014.07.28 09:08:42.952,1.45277,1.45298,1.00,1.19
2014.07.28 09:08:43.205,1.45278,1.45302,1.32,2.07
2014.07.28 09:08:43.256,1.45278,1.45298,1.32,1.00
2014.07.28 09:08:48.205,1.45278,1.45298,1.32,1.00
2014.07.28 09:08:50.244,1.45278,1.45298,1.32,1.00
2014.07.28 09:08:53.524,1.45278,1.45298,1.32,1.00
2014.07.28 09:08:57.569,1.45278,1.45298,1.32,1.00
2014.07.28 09:08:59.592,1.45278,1.45298,1.32,1.00
2014.07.28 09:09:03.557,1.45278,1.45298,1.19,1.00
2014.07.28 09:09:04.410,1.45278,1.453,1.19,1.25
2014.07.28 09:09:07.028,1.45278,1.45298,1.19,1.00
2014.07.28 09:09:07.331,1.45271,1.45295,2.44,1.69
2014.07.28 09:09:07.484,1.45271,1.45292,1.00,1.19
2014.07.28 09:09:07.585,1.45271,1.45294,1.19,1.13
2014.07.28 09:09:08.109,1.45274,1.45294,1.00,1.00
2014.07.28 09:09:08.691,1.45274,1.45295,1.32,1.00
2014.07.28 09:09:09.615,1.45274,1.45295,1.32,1.00
2014.07.28 09:09:11.633,1.45274,1.45295,1.19,1.00
2014.07.28 09:09:17.162,1.45273,1.45293,1.57,1.00
2014.07.28 09:09:17.790,1.45273,1.45294,1.57,1.00
2014.07.28 09:09:18.613,1.45273,1.45294,1.57,1.00
2014.07.28 09:09:19.378,1.45275,1.45294,1.00,1.00
2014.07.28 09:09:19.896,1.45276,1.45295,1.00,1.25
2014.07.28 09:09:23.004,1.45275,1.45295,1.25,1.00
2014.07.28 09:09:30.258,1.45273,1.45294,1.57,1.00
2014.07.28 09:09:30.764,1.45273,1.45294,1.38,1.19
2014.07.28 09:09:31.360,1.45273,1.45293,1.38,1.19
2014.07.28 09:09:31.865,1.45273,1.45293,1.13,1.19
2014.07.28 09:09:32.399,1.45273,1.45293,1.13,1.19
2014.07.28 09:09:34.381,1.45273,1.45293,1.13,1.19
2014.07.28 09:09:38.374,1.45273,1.45293,1.13,1.19
2014.07.28 09:09:46.799,1.45273,1.45293,1.13,1.19
2014.07.28 09:09:49.406,1.45273,1.45293,1.13,1.19
2014.07.28 09:09:50.410,1.45273,1.45293,1.13,1.19
2014.07.28 09:09:51.429,1.45273,1.45293,1.13,1.19
2014.07.28 09:09:52.455,1.45273,1.45293,1.13,1.19
2014.07.28 09:09:54.392,1.45272,1.45292,1.13,1.25
2014.07.28 09:09:54.903,1.4527,1.45292,2.07,1.69
2014.07.28 09:09:57.531,1.4527,1.45291,1.13,1.19
2014.07.28 09:09:58.065,1.4527,1.45289,1.13,1.00
2014.07.28 09:09:58.579,1.45271,1.45288,1.00,1.00
2014.07.28 09:10:00.818,1.4527,1.45288,1.13,1.00
2014.07.28 09:10:05.287,1.4527,1.4529,1.32,1.00
2014.07.28 09:10:05.957,1.4527,1.45288,1.32,1.00
2014.07.28 09:10:06.463,1.45272,1.45288,1.38,1.00
2014.07.28 09:10:13.637,1.4527,1.45289,1.13,1.00
2014.07.28 09:10:14.145,1.4527,1.45288,1.13,1.00
2014.07.28 09:10:14.196,1.4527,1.45288,1.38,1.00
2014.07.28 09:10:14.752,1.45269,1.45288,1.13,1.00
2014.07.28 09:10:14.803,1.45269,1.45288,1.00,1.69
2014.07.28 09:10:14.955,1.45267,1.45288,1.00,1.69
2014.07.28 09:10:15.259,1.45264,1.45285,1.69,1.25
2014.07.28 09:10:15.360,1.45264,1.45283,1.69,1.00
2014.07.28 09:10:15.822,1.45262,1.45281,1.50,1.00
2014.07.28 09:10:16.449,1.45262,1.45281,1.50,1.00
2014.07.28 09:10:18.578,1.45263,1.45282,1.00,2.44
2014.07.28 09:10:19.657,1.45263,1.45282,1.00,1.69
2014.07.28 09:10:20.643,1.45263,1.45282,1.00,1.69
2014.07.28 09:10:21.869,1.45261,1.45282,2.63,1.19
2014.07.28 09:10:22.375,1.45263,1.45283,1.00,3.19
2014.07.28 09:10:22.903,1.45263,1.45283,1.00,3.19
2014.07.28 09:10:28.438,1.45263,1.45281,1.00,1.00
2014.07.28 09:10:28.756,1.45261,1.45281,1.00,1.88
2014.07.28 09:10:28.958,1.45255,1.45277,1.00,1.32
2014.07.28 09:10:29.009,1.45255,1.45275,1.00,1.19
2014.07.28 09:10:29.212,1.45252,1.45273,1.50,1.19
2014.07.28 09:10:29.314,1.45252,1.45271,1.50,1.19
2014.07.28 09:10:29.618,1.45254,1.45271,1.00,1.19
2014.07.28 09:10:29.885,1.45252,1.45271,1.50,1.19
2014.07.28 09:10:30.413,1.45252,1.45272,1.00,1.19
2014.07.28 09:10:31.224,1.45252,1.4527,1.50,1.19
2014.07.28 09:10:32.085,1.45254,1.4527,1.00,1.19
2014.07.28 09:10:35.056,1.45252,1.4527,1.50,1.19
2014.07.28 09:10:35.577,1.45252,1.45271,1.50,1.19
2014.07.28 09:10:38.307,1.45252,1.4527,1.50,1.19
2014.07.28 09:10:39.457,1.45251,1.4527,1.00,1.19
2014.07.28 09:10:40.016,1.45252,1.4527,1.00,1.19
2014.07.28 09:10:40.627,1.45252,1.45269,1.00,1.19
2014.07.28 09:10:41.133,1.45251,1.45269,1.00,1.19
2014.07.28 09:10:41.666,1.45251,1.45271,1.00,1.19
2014.07.28 09:10:42.377,1.45251,1.45269,1.00,1.19
2014.07.28 09:10:44.361,1.45251,1.45269,1.00,1.19
2014.07.28 09:10:45.125,1.4525,1.45269,1.00,1.19
2014.07.28 09:10:46.495,1.45249,1.45268,1.50,1.19
2014.07.28 09:10:48.248,1.45249,1.45267,1.50,1.19
2014.07.28 09:10:49.667,1.45249,1.45269,1.50,1.19
2014.07.28 09:10:50.207,1.4525,1.45269,1.00,1.19
2014.07.28 09:10:50.258,1.4525,1.45271,1.00,1.19
2014.07.28 09:10:56.015,1.4525,1.45268,1.00,1.00
2014.07.28 09:10:57.605,1.45252,1.45268,1.00,1.00
2014.07.28 09:10:57.706,1.45252,1.4527,1.00,1.25
2014.07.28 09:10:57.858,1.45254,1.45269,1.00,1.00
2014.07.28 09:10:59.594,1.45252,1.45269,1.00,1.00
2014.07.28 09:10:59.645,1.45252,1.45267,1.00,1.00
2014.07.28 09:10:59.849,1.4525,1.45267,1.00,1.00
2014.07.28 09:11:00.256,1.45253,1.45267,1.00,1.00
2014.07.28 09:11:00.307,1.45253,1.45271,1.00,1.00
2014.07.28 09:11:00.813,1.45254,1.45272,1.00,1.25
2014.07.28 09:11:06.730,1.45254,1.45275,1.00,1.69
2014.07.28 09:11:13.234,1.45257,1.45274,1.00,1.19
2014.07.28 09:11:13.762,1.45257,1.45274,1.00,1.69
2014.07.28 09:11:20.814,1.45255,1.45274,1.00,1.69
2014.07.28 09:11:35.562,1.45255,1.45274,1.00,1.19
2014.07.28 09:11:35.901,1.45257,1.45275,1.00,1.19
2014.07.28 09:11:37.567,1.45257,1.45275,1.00,1.19
2014.07.28 09:11:39.081,1.45255,1.45275,1.00,1.19
2014.07.28 09:11:39.593,1.45255,1.45274,1.00,1.19
2014.07.28 09:11:40.535,1.45255,1.45274,1.00,1.19
2014.07.28 09:11:42.079,1.45255,1.45276,1.35,1.25
2014.07.28 09:11:42.180,1.45262,1.4528,1.00,2.25
2014.07.28 09:11:42.487,1.45263,1.45283,1.13,1.69
2014.07.28 09:11:42.639,1.45266,1.45284,1.00,2.44
2014.07.28 09:11:45.246,1.45265,1.45283,1.00,1.69
2014.07.28 09:11:45.550,1.45266,1.4528,1.00,1.00
2014.07.28 09:11:48.154,1.45266,1.45281,1.00,1.00
2014.07.28 09:11:50.197,1.45264,1.45281,1.00,1.00
2014.07.28 09:11:50.904,1.45264,1.45283,1.00,1.19
2014.07.28 09:11:51.428,1.45262,1.45283,1.50,1.94
2014.07.28 09:11:52.031,1.45263,1.45283,1.00,1.69
2014.07.28 09:11:52.208,1.45266,1.45283,1.00,1.69
2014.07.28 09:11:55.399,1.45267,1.45282,1.00,1.25
2014.07.28 09:11:55.905,1.45267,1.45286,1.00,1.32
2014.07.28 09:11:55.956,1.45273,1.45286,1.00,1.19
2014.07.28 09:11:56.159,1.45271,1.45286,1.00,1.19
2014.07.28 09:11:56.705,1.4527,1.45286,1.00,1.19
2014.07.28 09:11:57.311,1.4527,1.45284,1.00,1.00
2014.07.28 09:11:59.832,1.4527,1.45283,1.00,1.00
2014.07.28 09:12:00.333,1.4527,1.45284,1.00,1.00
2014.07.28 09:12:03.341,1.4527,1.45283,1.00,1.00
2014.07.28 09:12:05.182,1.4527,1.45285,1.00,1.19
2014.07.28 09:12:05.945,1.4527,1.45285,1.00,1.25
2014.07.28 09:12:06.607,1.45269,1.45285,1.00,1.25
2014.07.28 09:12:07.111,1.4527,1.45285,1.00,1.25
2014.07.28 09:12:08.284,1.4527,1.45284,1.00,1.00
2014.07.28 09:12:09.370,1.45267,1.45284,1.00,1.25
2014.07.28 09:12:09.623,1.45267,1.45282,1.00,1.00
2014.07.28 09:12:09.977,1.45267,1.45284,1.00,1.25
2014.07.28 09:12:10.180,1.45267,1.45282,1.00,1.00
2014.07.28 09:12:10.406,1.45267,1.45284,1.00,1.25
2014.07.28 09:12:11.145,1.45267,1.45281,1.00,1.00
2014.07.28 09:12:11.600,1.45267,1.45283,1.00,1.00
2014.07.28 09:12:14.085,1.45268,1.45283,1.00,1.00
2014.07.28 09:12:14.604,1.45268,1.45284,1.00,1.25
2014.07.28 09:12:15.525,1.4527,1.45286,1.00,1.69
2014.07.28 09:12:16.103,1.4527,1.45286,1.00,1.69
2014.07.28 09:12:16.405,1.45268,1.45286,1.00,1.69
2014.07.28 09:12:20.342,1.45269,1.45287,1.00,1.69
2014.07.28 09:12:22.005,1.45269,1.45287,1.00,1.69
2014.07.28 09:12:22.527,1.4527,1.45287,1.00,1.69
2014.07.28 09:12:23.063,1.45269,1.45287,1.00,1.19
2014.07.28 09:12:25.016,1.45269,1.45286,1.00,1.19
2014.07.28 09:12:27.174,1.4527,1.45287,1.00,1.69
2014.07.28 09:12:28.054,1.4527,1.45287,1.00,1.69
2014.07.28 09:12:35.050,1.4527,1.45287,1.00,1.69
2014.07.28 09:12:40.064,1.4527,1.45287,1.00,1.69
2014.07.28 09:12:41.694,1.45271,1.45287,1.00,1.69
2014.07.28 09:12:42.583,1.45278,1.45287,1.00,1.00
2014.07.28 09:12:42.684,1.45278,1.45292,1.00,1.69
2014.07.28 09:12:42.887,1.45279,1.45294,1.00,2.07
2014.07.28 09:12:42.988,1.45279,1.45295,1.00,1.00
2014.07.28 09:12:43.090,1.45279,1.45298,1.00,2.25
2014.07.28 09:12:43.241,1.45283,1.45299,1.00,1.19
2014.07.28 09:12:43.595,1.45283,1.45301,1.00,1.69
2014.07.28 09:12:43.645,1.45285,1.45301,1.00,1.69
2014.07.28 09:12:44.092,1.45283,1.45301,1.00,1.69
2014.07.28 09:12:46.613,1.45282,1.45301,1.00,1.19
2014.07.28 09:12:48.599,1.45282,1.45301,1.00,1.19
2014.07.28 09:12:51.562,1.45281,1.45301,1.00,1.19
2014.07.28 09:12:52.711,1.45281,1.453,1.00,1.19
2014.07.28 09:12:54.723,1.45281,1.453,1.00,1.69
2014.07.28 09:12:55.082,1.45279,1.453,1.00,1.69
2014.07.28 09:12:55.868,1.45281,1.453,1.00,1.69
2014.07.28 09:12:58.822,1.45279,1.453,1.00,1.69
2014.07.28 09:12:59.167,1.45281,1.453,1.00,1.69
2014.07.28 09:12:59.756,1.45281,1.453,1.00,1.69
2014.07.28 09:13:01.739,1.45281,1.453,1.00,1.69
2014.07.28 09:13:06.455,1.45281,1.45301,1.00,2.07
2014.07.28 09:13:07.459,1.45281,1.453,1.00,1.19
2014.07.28 09:13:12.574,1.45281,1.453,1.00,1.19
2014.07.28 09:13:13.608,1.45282,1.453,1.00,1.19
2014.07.28 09:13:14.608,1.45282,1.453,1.00,1.19
2014.07.28 09:13:15.324,1.45284,1.45301,1.00,1.32
2014.07.28 09:13:17.298,1.45284,1.45302,1.00,1.19
2014.07.28 09:13:22.430,1.45284,1.45302,1.00,1.19
2014.07.28 09:13:24.464,1.45284,1.45301,1.00,1.19
2014.07.28 09:13:25.381,1.45285,1.45301,1.00,1.19
2014.07.28 09:13:25.947,1.45285,1.45302,1.00,1.32
2014.07.28 09:13:30.730,1.45286,1.45301,1.00,1.19
2014.07.28 09:13:31.244,1.45285,1.45301,1.00,1.19
2014.07.28 09:13:32.856,1.45285,1.45301,1.00,1.19
2014.07.28 09:13:36.869,1.45285,1.45302,1.00,1.57
2014.07.28 09:13:37.873,1.45285,1.453,1.00,1.19
2014.07.28 09:13:45.160,1.45286,1.453,1.00,1.19
2014.07.28 09:13:45.615,1.45281,1.45298,1.00,1.19
2014.07.28 09:13:45.919,1.45279,1.45298,1.00,1.19
2014.07.28 09:13:46.380,1.45282,1.45298,1.00,1.19
2014.07.28 09:13:46.583,1.4528,1.45298,1.00,1.19
2014.07.28 09:13:46.684,1.4528,1.453,1.00,1.19
2014.07.28 09:13:47.651,1.4528,1.45299,1.00,1.19
2014.07.28 09:13:48.634,1.4528,1.453,1.00,1.19
2014.07.28 09:13:52.082,1.45282,1.453,1.00,1.19
2014.07.28 09:13:52.619,1.45282,1.453,1.00,1.19
2014.07.28 09:13:54.635,1.45281,1.453,1.00,1.19
2014.07.28 09:13:55.627,1.45281,1.453,1.00,1.19
2014.07.28 09:13:57.650,1.45281,1.45298,1.00,1.19
2014.07.28 09:14:07.796,1.45281,1.45299,1.00,1.32
2014.07.28 09:14:09.771,1.45281,1.45298,1.00,1.19
2014.07.28 09:14:10.775,1.45281,1.45298,1.00,1.19
2014.07.28 09:14:11.777,1.45281,1.45298,1.00,1.19
2014.07.28 09:14:13.783,1.45281,1.45298,1.00,1.19
2014.07.28 09:14:16.172,1.45282,1.45298,1.00,1.19
2014.07.28 09:14:16.702,1.45282,1.45298,1.00,1.19
2014.07.28 09:14:18.358,1.45281,1.45298,1.00,1.32
2014.07.28 09:14:18.729,1.45282,1.45296,1.00,1.57
2014.07.28 09:14:19.033,1.45279,1.45291,1.00,2.07
2014.07.28 09:14:19.386,1.45276,1.4529,1.00,1.25
2014.07.28 09:14:19.892,1.45277,1.4529,1.00,1.25
2014.07.28 09:14:20.714,1.45277,1.4529,1.00,1.69
2014.07.28 09:14:23.192,1.45276,1.45289,1.00,1.19
2014.07.28 09:14:24.732,1.45277,1.45289,1.00,1.19
2014.07.28 09:14:30.671,1.45276,1.4529,1.00,1.69
2014.07.28 09:14:34.785,1.45276,1.4529,1.00,1.69
2014.07.28 09:14:37.169,1.45275,1.4529,1.00,1.69
2014.07.28 09:14:39.587,1.45276,1.45291,1.00,1.19
2014.07.28 09:14:40.122,1.45276,1.45292,1.00,1.32
2014.07.28 09:14:43.829,1.45276,1.45291,1.00,1.19
2014.07.28 09:14:47.176,1.45275,1.45291,1.00,1.19
2014.07.28 09:14:47.762,1.45275,1.45296,1.00,1.50
2014.07.28 09:14:47.863,1.45277,1.45295,1.00,1.19
2014.07.28 09:14:48.167,1.4528,1.45297,1.50,1.25
2014.07.28 09:14:49.082,1.45281,1.45299,1.00,1.19
2014.07.28 09:14:56.113,1.4528,1.45299,1.00,1.19
2014.07.28 09:14:57.667,1.45281,1.45299,1.00,1.19
2014.07.28 09:14:58.206,1.45281,1.45299,1.00,1.19
2014.07.28 09:14:58.811,1.45282,1.45299,1.00,1.19
2014.07.28 09:15:00.634,1.45281,1.453,1.00,1.19
2014.07.28 09:15:01.400,1.45281,1.45303,1.00,1.69
2014.07.28 09:15:01.504,1.45282,1.45302,1.00,1.32
2014.07.28 09:15:02.699,1.45282,1.453,1.00,1.19
2014.07.28 09:15:04.686,1.45282,1.453,1.00,1.19
2014.07.28 09:15:05.432,1.45281,1.453,1.00,1.19
2014.07.28 09:15:06.422,1.45282,1.453,1.00,1.19
2014.07.28 09:15:08.701,1.45282,1.45301,1.00,1.19
2014.07.28 09:15:09.707,1.45282,1.453,1.00,1.19
2014.07.28 09:15:10.717,1.45282,1.453,1.00,1.19
2014.07.28 09:15:11.030,1.45285,1.453,1.00,1.19
2014.07.28 09:15:11.532,1.45285,1.45302,1.00,1.19
2014.07.28 09:15:14.602,1.4529,1.45302,1.00,1.19
2014.07.28 09:15:14.653,1.4529,1.45304,1.00,1.19
2014.07.28 09:15:15.667,1.4529,1.45306,1.00,1.19
2014.07.28 09:15:16.108,1.45284,1.45306,1.13,1.19
2014.07.28 09:15:16.259,1.45284,1.45304,1.00,1.69
2014.07.28 09:15:17.367,1.45284,1.45304,1.00,1.57
2014.07.28 09:15:17.873,1.45284,1.45304,1.00,1.69
2014.07.28 09:15:19.290,1.45282,1.45304,1.00,1.69
2014.07.28 09:15:19.658,1.45284,1.45304,1.00,2.07
2014.07.28 09:15:19.841,1.45281,1.45304,1.00,2.07
2014.07.28 09:15:20.246,1.45281,1.45301,1.00,1.19
2014.07.28 09:15:21.249,1.45281,1.45301,1.00,1.19
2014.07.28 09:15:23.256,1.45281,1.453,1.00,1.19
2014.07.28 09:15:24.287,1.45281,1.453,1.00,1.19
2014.07.28 09:15:28.271,1.45281,1.45301,1.00,1.19
2014.07.28 09:15:32.332,1.45281,1.453,1.00,1.19
2014.07.28 09:15:35.970,1.45281,1.45302,1.00,1.69
2014.07.28 09:15:36.492,1.4528,1.45299,1.00,1.19
2014.07.28 09:15:37.338,1.4528,1.45299,1.00,1.19
2014.07.28 09:15:38.303,1.4528,1.45299,1.00,1.19
2014.07.28 09:15:40.741,1.45279,1.45299,1.00,1.19
2014.07.28 09:15:41.333,1.4528,1.45299,1.00,1.19
2014.07.28 09:15:41.840,1.45279,1.45299,1.00,1.19
2014.07.28 09:15:42.380,1.45279,1.45298,1.00,1.19
2014.07.28 09:15:43.406,1.4528,1.45298,1.00,1.19
2014.07.28 09:15:43.609,1.45277,1.45298,1.50,1.19
2014.07.28 09:15:43.760,1.45277,1.45296,1.00,1.19
2014.07.28 09:15:43.862,1.45275,1.45296,1.13,1.19
2014.07.28 09:15:47.841,1.45274,1.45295,1.13,1.19
2014.07.28 09:15:52.290,1.45276,1.45295,1.00,1.19
2014.07.28 09:15:53.939,1.45275,1.45295,1.00,1.19
2014.07.28 09:15:54.457,1.45276,1.45295,1.00,1.19
2014.07.28 09:15:57.572,1.45274,1.45295,1.00,1.69
2014.07.28 09:15:58.092,1.45274,1.45295,1.50,1.69
2014.07.28 09:15:58.625,1.45273,1.45294,1.88,1.69
2014.07.28 09:15:58.726,1.45273,1.45292,1.00,1.19
2014.07.28 09:15:58.777,1.45271,1.45291,1.00,1.25
2014.07.28 09:15:58.828,1.4527,1.4529,1.50,1.19
2014.07.28 09:15:59.364,1.45269,1.4529,1.00,1.69
2014.07.28 09:15:59.873,1.4527,1.4529,1.00,1.69
2014.07.28 09:16:03.097,1.45271,1.45289,1.00,1.19
2014.07.28 09:16:03.410,1.45273,1.45289,1.00,1.19
2014.07.28 09:16:03.511,1.45273,1.45292,1.00,1.19
2014.07.28 09:16:04.024,1.45274,1.45292,1.00,1.19
2014.07.28 09:16:06.134,1.45274,1.45294,1.38,1.19
2014.07.28 09:16:06.185,1.45279,1.45294,1.00,1.19
2014.07.28 09:16:06.235,1.45279,1.45296,1.00,1.69
2014.07.28 09:16:06.387,1.45274,1.45296,1.25,1.69
2014.07.28 09:16:06.438,1.45274,1.45294,1.00,1.19
2014.07.28 09:16:06.957,1.45274,1.45293,1.00,1.19
2014.07.28 09:16:07.568,1.45274,1.45292,1.00,1.19
2014.07.28 09:16:08.247,1.45273,1.45292,1.00,1.19
2014.07.28 09:16:12.199,1.45274,1.45291,1.00,1.19
2014.07.28 09:16:12.739,1.45274,1.45291,1.00,1.19
2014.07.28 09:16:13.244,1.45273,1.4529,1.00,1.19
2014.07.28 09:16:13.750,1.45273,1.45289,1.00,1.19
2014.07.28 09:16:15.972,1.4527,1.45287,1.00,1.19
2014.07.28 09:16:16.530,1.45269,1.45287,1.00,1.19
2014.07.28 09:16:16.996,1.45269,1.45285,1.00,1.19
2014.07.28 09:16:17.615,1.45267,1.45285,1.00,1.19
2014.07.28 09:16:18.505,1.45267,1.45289,1.00,1.57
2014.07.28 09:16:18.556,1.45267,1.45288,1.00,2.82
2014.07.28 09:16:18.607,1.45264,1.45288,1.50,3.57
2014.07.28 09:16:18.657,1.45264,1.45284,1.00,1.38
2014.07.28 09:16:18.961,1.45264,1.45281,1.00,1.19
2014.07.28 09:16:19.062,1.45261,1.45281,1.00,1.19
2014.07.28 09:16:19.722,1.45262,1.45281,1.00,1.19
2014.07.28 09:16:20.244,1.45262,1.4528,1.00,1.19
2014.07.28 09:16:21.469,1.45261,1.4528,1.00,1.19
2014.07.28 09:16:22.020,1.45262,1.4528,1.00,1.19
2014.07.28 09:16:26.609,1.45263,1.45281,1.00,1.19
2014.07.28 09:16:28.118,1.45263,1.45281,1.00,1.19
2014.07.28 09:16:30.950,1.45264,1.45281,1.00,1.19
2014.07.28 09:16:31.390,1.45267,1.45282,1.00,1.19
2014.07.28 09:16:31.933,1.45266,1.45282,1.00,1.19
2014.07.28 09:16:32.438,1.45266,1.45283,1.00,1.19
2014.07.28 09:16:34.859,1.45265,1.45283,1.00,1.19
2014.07.28 09:16:36.643,1.45266,1.45282,1.00,1.19
2014.07.28 09:16:43.663,1.45266,1.45282,1.00,1.19
2014.07.28 09:16:50.262,1.45265,1.45281,1.00,1.19
2014.07.28 09:16:50.872,1.45265,1.45282,1.00,1.19
2014.07.28 09:16:51.689,1.45265,1.45282,1.00,1.19
2014.07.28 09:16:52.193,1.45266,1.45282,1.00,1.19
2014.07.28 09:16:52.789,1.45265,1.45282,1.00,1.19
2014.07.28 09:16:54.698,1.45265,1.45282,1.00,1.19
2014.07.28 09:16:55.701,1.45265,1.45282,1.00,1.19
2014.07.28 09:17:01.390,1.45266,1.45281,1.00,1.19
2014.07.28 09:17:01.988,1.45266,1.45282,1.00,1.19
2014.07.28 09:17:15.774,1.45266,1.4528,1.00,1.19
2014.07.28 09:17:16.779,1.45266,1.45281,1.00,1.19
2014.07.28 09:17:17.694,1.45268,1.45283,1.00,1.19
2014.07.28 09:17:17.898,1.4527,1.45286,1.00,1.19
2014.07.28 09:17:18.926,1.4527,1.45287,1.00,1.19
2014.07.28 09:17:21.131,1.4527,1.45286,1.00,1.19
2014.07.28 09:17:23.105,1.4527,1.45288,1.00,1.19
2014.07.28 09:17:23.324,1.4527,1.45284,1.00,1.19
2014.07.28 09:17:23.628,1.45263,1.45279,1.00,1.19
2014.07.28 09:17:23.729,1.45261,1.45276,1.00,1.19
2014.07.28 09:17:23.931,1.45255,1.45275,1.50,1.19
2014.07.28 09:17:24.488,1.45252,1.45276,1.50,2.44
2014.07.28 09:17:24.539,1.45252,1.4527,1.00,1.19
2014.07.28 09:17:24.842,1.45252,1.45269,1.00,1.19
2014.07.28 09:17:25.416,1.45253,1.45269,1.00,1.19
2014.07.28 09:17:26.389,1.45252,1.45268,1.00,1.19
2014.07.28 09:17:26.440,1.45252,1.45271,1.00,1.00
2014.07.28 09:17:26.592,1.45257,1.45272,1.00,1.19
2014.07.28 09:17:27.112,1.45258,1.45273,1.00,1.19
2014.07.28 09:17:27.964,1.45258,1.45274,1.00,1.19
2014.07.28 09:17:28.469,1.45257,1.45274,1.00,1.19
2014.07.28 09:17:29.185,1.45257,1.45275,1.00,1.19
2014.07.28 09:17:31.299,1.45258,1.45275,1.00,1.19
2014.07.28 09:17:32.853,1.45256,1.45275,1.00,1.19
2014.07.28 09:17:33.048,1.45258,1.45274,1.00,1.19
2014.07.28 09:17:33.606,1.45256,1.45274,1.00,1.19
2014.07.28 09:17:34.964,1.45256,1.45275,1.00,1.19
2014.07.28 09:17:35.967,1.45256,1.45275,1.00,1.19
2014.07.28 09:17:37.005,1.45256,1.45273,1.00,1.19
2014.07.28 09:17:37.258,1.45254,1.45273,1.00,1.19
2014.07.28 09:17:37.992,1.45254,1.45272,1.00,1.19
2014.07.28 09:17:38.501,1.45255,1.45272,1.00,1.19
2014.07.28 09:17:39.033,1.45256,1.45273,1.00,1.19
2014.07.28 09:17:43.558,1.45255,1.45273,1.00,1.19
2014.07.28 09:17:46.011,1.45255,1.45273,1.00,1.19
2014.07.28 09:17:56.889,1.45255,1.4527,1.00,1.19
2014.07.28 09:17:57.143,1.4525,1.4527,1.00,1.19
2014.07.28 09:17:57.396,1.45252,1.4527,1.00,1.19
2014.07.28 09:17:57.923,1.45252,1.4527,1.00,1.19
2014.07.28 09:17:58.227,1.45258,1.45273,1.00,1.19
2014.07.28 09:17:59.717,1.45252,1.45272,1.00,1.19
2014.07.28 09:17:59.919,1.45256,1.45272,1.00,1.19
2014.07.28 09:18:01.328,1.45253,1.45272,1.00,1.19
2014.07.28 09:18:01.430,1.45251,1.45272,1.13,1.19
2014.07.28 09:18:01.582,1.45256,1.45272,1.00,1.19
2014.07.28 09:18:02.208,1.45258,1.45273,1.00,1.19
2014.07.28 09:18:03.106,1.45252,1.45273,1.88,1.19
2014.07.28 09:18:03.214,1.45252,1.45271,1.00,1.19
2014.07.28 09:18:03.644,1.45258,1.45271,1.00,1.19
2014.07.28 09:18:04.165,1.45258,1.45272,1.00,1.19
2014.07.28 09:18:05.084,1.45253,1.45272,1.00,1.19
2014.07.28 09:18:05.699,1.45253,1.45271,1.00,1.19
2014.07.28 09:18:07.591,1.45259,1.45271,1.00,1.19
2014.07.28 09:18:07.693,1.45259,1.45273,1.00,1.19
2014.07.28 09:18:09.177,1.45255,1.45273,1.00,1.19
2014.07.28 09:18:09.513,1.45255,1.45276,1.00,2.07
2014.07.28 09:18:09.683,1.45255,1.45274,1.00,1.19
2014.07.28 09:18:10.705,1.45255,1.45275,1.00,1.19
2014.07.28 09:18:11.328,1.45254,1.45275,1.00,1.19
2014.07.28 09:18:11.856,1.45254,1.45274,1.00,1.19
2014.07.28 09:18:12.007,1.45252,1.45274,1.00,1.19
2014.07.28 09:18:12.696,1.45252,1.45275,1.25,1.19
2014.07.28 09:18:15.529,1.45252,1.45275,1.63,1.19
2014.07.28 09:18:15.631,1.45258,1.45275,1.00,1.25
2014.07.28 09:18:16.607,1.45258,1.45275,1.00,1.19
2014.07.28 09:18:17.196,1.45252,1.45276,1.19,1.69
2014.07.28 09:18:17.630,1.45252,1.45274,1.00,1.19
2014.07.28 09:18:19.704,1.45252,1.45274,1.38,1.19
2014.07.28 09:18:20.665,1.45253,1.45276,1.38,1.69
2014.07.28 09:18:23.576,1.45251,1.45276,1.69,1.19
2014.07.28 09:18:23.677,1.45257,1.45275,1.00,1.25
2014.07.28 09:18:24.319,1.45258,1.45275,1.00,1.25
2014.07.28 09:18:25.851,1.45259,1.45277,1.00,1.19
2014.07.28 09:18:31.464,1.45258,1.45277,1.00,1.19
2014.07.28 09:18:32.776,1.45259,1.45277,1.00,1.19
2014.07.28 09:18:33.315,1.45258,1.45277,1.00,1.19
2014.07.28 09:18:33.659,1.45254,1.45276,1.32,1.19
2014.07.28 09:18:34.573,1.45254,1.45276,1.32,1.25
2014.07.28 09:18:36.605,1.45254,1.45277,1.32,1.19
2014.07.28 09:18:37.603,1.45254,1.45277,1.32,1.19
2014.07.28 09:18:38.594,1.45254,1.45277,1.32,1.69
2014.07.28 09:18:39.631,1.45254,1.45278,2.07,2.44
2014.07.28 09:18:44.830,1.45255,1.45276,1.00,1.19
2014.07.28 09:18:44.881,1.45252,1.45272,1.63,1.00
2014.07.28 09:18:45.134,1.45252,1.45269,1.63,1.00
2014.07.28 09:18:45.564,1.45252,1.45271,1.63,1.00
2014.07.28 09:18:46.070,1.45252,1.45272,1.63,1.00
2014.07.28 09:18:46.172,1.45252,1.45276,2.07,1.69
2014.07.28 09:18:47.182,1.45253,1.45276,1.63,1.25
2014.07.28 09:18:48.136,1.45253,1.45277,2.07,2.44
2014.07.28 09:18:53.584,1.45254,1.45272,1.13,1.25
2014.07.28 09:18:53.888,1.45252,1.45269,1.19,1.00
2014.07.28 09:18:54.449,1.45252,1.45271,1.19,1.00
2014.07.28 09:18:54.904,1.45253,1.45274,1.32,1.00
2014.07.28 09:19:01.420,1.45253,1.45273,1.32,1.00
2014.07.28 09:19:01.926,1.45251,1.45273,1.69,1.00
2014.07.28 09:19:08.644,1.45252,1.45276,1.57,2.44
2014.07.28 09:19:11.837,1.45253,1.45276,1.32,1.19
2014.07.28 09:19:14.731,1.45253,1.45276,1.57,1.25
2014.07.28 09:19:15.735,1.45253,1.45276,1.57,1.00
2014.07.28 09:19:16.739,1.45253,1.45276,1.57,1.25
2014.07.28 09:19:18.227,1.45253,1.45274,1.57,1.00
2014.07.28 09:19:18.846,1.45253,1.45274,1.57,1.00
2014.07.28 09:19:19.747,1.45253,1.45274,1.57,1.00
2014.07.28 09:19:23.956,1.45253,1.45276,1.69,1.25
2014.07.28 09:19:24.897,1.45253,1.45276,1.57,1.19
2014.07.28 09:19:26.875,1.45253,1.45276,1.63,1.69
2014.07.28 09:19:27.876,1.45253,1.45276,1.57,1.19
2014.07.28 09:19:28.297,1.45253,1.45276,1.57,1.19
2014.07.28 09:19:28.499,1.45254,1.45277,1.69,1.25
2014.07.28 09:19:28.651,1.45255,1.45278,1.57,1.00
2014.07.28 09:19:28.782,1.45261,1.45285,1.88,2.74
2014.07.28 09:19:29.289,1.45261,1.45285,2.07,1.69
2014.07.28 09:19:29.989,1.45262,1.45285,1.57,1.19
2014.07.28 09:19:31.997,1.45263,1.45285,1.32,1.25
2014.07.28 09:19:33.037,1.45263,1.45285,1.13,1.25
2014.07.28 09:19:36.050,1.45261,1.45285,2.44,1.69
2014.07.28 09:19:36.595,1.45261,1.45283,1.69,1.00
2014.07.28 09:19:42.296,1.45261,1.45282,1.69,1.00
2014.07.28 09:19:42.832,1.4526,1.45283,2.48,1.25
2014.07.28 09:19:46.416,1.45262,1.45284,1.69,1.25
2014.07.28 09:19:48.700,1.45263,1.45283,1.69,1.00
2014.07.28 09:19:50.630,1.45263,1.45283,1.69,1.00
2014.07.28 09:19:55.001,1.45263,1.45283,1.69,1.00
2014.07.28 09:19:58.614,1.45263,1.45283,1.69,1.00
2014.07.28 09:19:59.354,1.45263,1.45284,1.69,1.00
2014.07.28 09:19:59.930,1.45263,1.45286,1.69,1.69
2014.07.28 09:20:00.547,1.45263,1.45286,2.07,1.25
2014.07.28 09:20:00.851,1.45267,1.45289,1.63,1.69
2014.07.28 09:20:00.952,1.45268,1.45292,2.07,3.94
2014.07.28 09:20:01.976,1.45268,1.45292,2.07,1.19
2014.07.28 09:20:03.042,1.45268,1.45292,2.07,1.69
2014.07.28 09:20:13.680,1.45269,1.45291,1.19,1.25
2014.07.28 09:20:14.112,1.45269,1.45289,1.19,1.00
2014.07.28 09:20:14.213,1.45266,1.45289,2.07,1.25
2014.07.28 09:20:14.720,1.45265,1.45288,2.44,1.00
2014.07.28 09:20:15.388,1.45265,1.45288,1.69,1.00
2014.07.28 09:20:16.438,1.45265,1.45288,1.69,1.25
2014.07.28 09:20:25.514,1.45265,1.45287,1.69,1.00
2014.07.28 09:20:26.227,1.45265,1.45287,1.69,1.25
2014.07.28 09:20:32.972,1.45265,1.45287,1.69,1.00
2014.07.28 09:20:37.406,1.4527,1.45287,1.00,1.00
2014.07.28 09:20:42.835,1.45271,1.45287,1.00,1.25
2014.07.28 09:20:46.817,1.45271,1.45288,1.00,1.25
2014.07.28 09:20:47.356,1.45271,1.45288,1.00,1.19
2014.07.28 09:20:48.065,1.45271,1.45288,1.00,1.00
2014.07.28 09:20:51.154,1.45271,1.45288,1.00,1.19
2014.07.28 09:20:56.048,1.45271,1.45288,1.00,1.25
2014.07.28 09:20:57.051,1.45271,1.45288,1.00,1.19
2014.07.28 09:20:58.177,1.45271,1.45288,1.00,1.25
2014.07.28 09:20:58.750,1.45269,1.45288,1.00,1.25
2014.07.28 09:21:00.194,1.45271,1.45288,1.00,1.25
2014.07.28 09:21:01.289,1.45271,1.45288,1.00,1.19
2014.07.28 09:21:03.407,1.45272,1.45289,1.00,1.19
2014.07.28 09:21:03.609,1.45274,1.45292,1.00,1.19
2014.07.28 09:21:03.812,1.45275,1.45296,1.00,1.19
2014.07.28 09:21:04.014,1.45275,1.45294,1.00,1.19
2014.07.28 09:21:04.115,1.45275,1.45297,1.00,1.69
2014.07.28 09:21:04.166,1.45277,1.45297,1.00,1.69
2014.07.28 09:21:04.686,1.45276,1.45297,1.00,1.69
2014.07.28 09:21:05.000,1.45275,1.45293,1.00,1.19
2014.07.28 09:21:05.405,1.45276,1.45296,1.00,1.13
2014.07.28 09:21:05.506,1.45278,1.45297,1.00,1.69
2014.07.28 09:21:06.012,1.45279,1.45298,1.00,1.69
2014.07.28 09:21:06.416,1.45279,1.45297,1.00,1.19
2014.07.28 09:21:06.467,1.45276,1.45297,1.00,1.69
2014.07.28 09:21:07.312,1.45276,1.45294,1.00,1.19
2014.07.28 09:21:07.824,1.45275,1.45294,1.00,1.19
2014.07.28 09:21:08.535,1.45275,1.45293,1.00,1.19
2014.07.28 09:21:14.577,1.45275,1.45294,1.00,1.19
2014.07.28 09:21:17.338,1.4527,1.45294,1.69,2.44
2014.07.28 09:21:26.509,1.45271,1.45294,1.19,1.19
2014.07.28 09:21:27.015,1.45272,1.45296,2.44,2.44
2014.07.28 09:21:27.521,1.45272,1.45296,2.44,1.69
2014.07.28 09:21:28.026,1.45272,1.45296,2.07,1.69
2014.07.28 09:21:31.015,1.45272,1.45294,1.32,1.19
2014.07.28 09:21:33.340,1.45272,1.45294,1.32,1.25
2014.07.28 09:21:34.506,1.45274,1.45297,1.19,1.19
2014.07.28 09:21:34.810,1.45272,1.45296,2.44,2.44
2014.07.28 09:21:35.945,1.45272,1.45294,1.32,1.19
2014.07.28 09:21:36.475,1.45273,1.45294,1.00,1.19
2014.07.28 09:21:37.030,1.45273,1.45294,1.38,1.19
2014.07.28 09:21:37.554,1.45273,1.45294,1.75,1.19
2014.07.28 09:21:38.164,1.45273,1.45294,2.00,1.25
2014.07.28 09:21:38.609,1.45273,1.45294,1.69,1.25
2014.07.28 09:21:38.710,1.45273,1.45294,2.25,1.00
2014.07.28 09:21:39.013,1.45275,1.45296,2.07,1.25
2014.07.28 09:21:39.316,1.45275,1.45294,2.63,1.00
2014.07.28 09:21:39.825,1.45275,1.45295,2.63,1.00
2014.07.28 09:21:40.128,1.45276,1.45295,3.08,1.00
2014.07.28 09:21:42.212,1.45276,1.45297,3.64,1.69
2014.07.28 09:21:43.096,1.45276,1.45298,3.64,1.25
2014.07.28 09:21:43.405,1.45281,1.45303,1.00,3.12
2014.07.28 09:21:43.557,1.45282,1.45303,1.50,1.69
2014.07.28 09:21:43.861,1.4528,1.453,1.00,1.25
2014.07.28 09:21:44.422,1.45276,1.45299,2.44,1.00
2014.07.28 09:21:44.937,1.45276,1.45299,2.07,1.25
2014.07.28 09:21:45.757,1.45276,1.45299,2.82,1.19
2014.07.28 09:21:46.727,1.45276,1.45297,1.69,1.00
2014.07.28 09:21:46.829,1.45275,1.45295,1.32,1.00
2014.07.28 09:21:46.930,1.45273,1.45295,1.50,1.00
2014.07.28 09:21:48.887,1.45272,1.45295,2.07,1.19
2014.07.28 09:21:51.655,1.45277,1.45296,1.00,1.19
2014.07.28 09:21:52.418,1.45277,1.45296,1.00,1.25
2014.07.28 09:21:52.928,1.45277,1.45297,1.13,1.25
2014.07.28 09:21:53.434,1.45278,1.453,1.00,1.19
2014.07.28 09:21:53.984,1.45279,1.45298,1.00,1.25
2014.07.28 09:21:54.851,1.45279,1.45297,1.00,1.00
2014.07.28 09:21:55.352,1.45279,1.453,1.00,1.19
2014.07.28 09:22:02.127,1.45279,1.45297,1.00,1.00
2014.07.28 09:22:02.638,1.45279,1.45299,1.00,1.19
2014.07.28 09:22:03.152,1.45279,1.45299,1.50,1.19
2014.07.28 09:22:09.707,1.45281,1.45299,1.00,1.19
2014.07.28 09:22:10.736,1.45279,1.45299,1.50,1.19
2014.07.28 09:22:11.695,1.45279,1.45299,1.50,1.25
2014.07.28 09:22:12.866,1.45278,1.45297,2.00,1.00
2014.07.28 09:22:13.026,1.45278,1.45299,2.00,1.25
2014.07.28 09:22:13.658,1.45278,1.45299,1.75,1.19
2014.07.28 09:22:15.991,1.45278,1.45299,2.00,1.25
2014.07.28 09:22:17.295,1.45278,1.45299,1.75,1.19
2014.07.28 09:22:19.744,1.45279,1.45299,1.50,1.25
2014.07.28 09:22:23.226,1.45279,1.45299,1.50,1.19
2014.07.28 09:22:23.766,1.45278,1.45299,1.50,1.32
2014.07.28 09:22:24.904,1.45278,1.45299,1.00,1.19
2014.07.28 09:22:25.565,1.45278,1.45299,1.00,1.19
2014.07.28 09:22:26.330,1.45279,1.45299,1.00,1.19
2014.07.28 09:22:27.046,1.45279,1.45299,1.00,1.19
2014.07.28 09:22:31.745,1.45279,1.45299,1.13,1.25
2014.07.28 09:22:34.394,1.45279,1.45299,1.63,1.00
2014.07.28 09:22:34.698,1.45285,1.45304,1.00,1.32
2014.07.28 09:22:34.799,1.45283,1.45304,1.00,1.32
2014.07.28 09:22:35.386,1.45283,1.45303,1.00,1.32
2014.07.28 09:22:35.932,1.45282,1.45303,1.00,1.32
2014.07.28 09:22:36.671,1.45283,1.45303,1.00,1.32
2014.07.28 09:22:41.857,1.45282,1.45303,1.00,1.32
2014.07.28 09:22:43.153,1.45283,1.45303,1.00,1.32
2014.07.28 09:22:46.325,1.45282,1.45303,1.00,1.32
2014.07.28 09:22:46.908,1.45283,1.45303,1.00,1.32
2014.07.28 09:22:47.452,1.45283,1.45303,1.00,1.19
2014.07.28 09:22:47.654,1.45281,1.45303,1.32,1.19
2014.07.28 09:22:49.312,1.45281,1.45303,1.13,1.19
2014.07.28 09:22:50.662,1.45282,1.45303,1.00,1.19
2014.07.28 09:22:54.613,1.45284,1.45303,1.00,1.19
2014.07.28 09:22:55.533,1.45284,1.45305,1.00,1.19
2014.07.28 09:22:56.054,1.45283,1.45303,1.00,1.25
2014.07.28 09:22:56.846,1.45283,1.45303,1.00,1.19
2014.07.28 09:22:57.358,1.4528,1.45298,2.07,1.00
2014.07.28 09:22:57.863,1.45279,1.45298,1.69,1.00
2014.07.28 09:22:57.914,1.45279,1.453,1.69,1.00
2014.07.28 09:22:58.445,1.4528,1.453,1.13,1.19
2014.07.28 09:23:01.190,1.45279,1.453,1.69,2.44
2014.07.28 09:23:03.483,1.45279,1.453,1.50,1.69
2014.07.28 09:23:07.098,1.45279,1.453,1.50,1.32
2014.07.28 09:23:09.923,1.45279,1.453,1.13,1.32
2014.07.28 09:23:11.417,1.45278,1.453,1.00,2.44
2014.07.28 09:23:11.926,1.45277,1.45297,1.00,1.25
2014.07.28 09:23:13.214,1.45278,1.45297,1.00,1.69
2014.07.28 09:23:23.633,1.45278,1.45296,1.00,1.00
2014.07.28 09:23:25.519,1.45277,1.45296,1.00,1.00
2014.07.28 09:23:29.077,1.45277,1.45297,1.00,2.44
2014.07.28 09:23:29.621,1.45278,1.45297,1.00,1.25
2014.07.28 09:23:31.103,1.45277,1.45297,1.13,1.69
2014.07.28 09:23:32.322,1.45277,1.45297,1.00,1.19
2014.07.28 09:23:32.844,1.45278,1.45297,1.00,1.19
2014.07.28 09:23:33.354,1.45278,1.45297,1.00,1.00
2014.07.28 09:23:33.733,1.45276,1.45297,1.00,1.00
2014.07.28 09:23:34.273,1.45275,1.45297,1.25,2.25
2014.07.28 09:23:35.156,1.45275,1.45296,1.25,1.00
2014.07.28 09:23:38.425,1.45275,1.45296,1.19,1.50
2014.07.28 09:23:38.946,1.45277,1.45296,1.00,1.00
2014.07.28 09:23:39.464,1.45278,1.45297,1.00,1.25
2014.07.28 09:23:44.322,1.45279,1.45297,1.00,1.00
2014.07.28 09:23:44.859,1.45278,1.45298,1.25,1.28
2014.07.28 09:23:47.402,1.45276,1.45297,1.32,1.00
2014.07.28 09:23:47.504,1.45276,1.45297,1.25,1.63
2014.07.28 09:23:49.474,1.45278,1.45297,1.00,1.63
2014.07.28 09:23:49.575,1.45276,1.45298,1.69,1.32
2014.07.28 09:23:49.727,1.45275,1.45296,1.00,1.38
2014.07.28 09:23:50.232,1.45276,1.45297,1.00,2.07
2014.07.28 09:23:50.755,1.45276,1.45297,1.00,1.57
2014.07.28 09:23:51.895,1.45276,1.45298,1.00,3.57
2014.07.28 09:23:52.590,1.45275,1.45296,1.25,1.32
2014.07.28 09:23:53.243,1.45276,1.45297,1.00,2.07
2014.07.28 09:23:54.716,1.45276,1.45297,1.25,2.07
2014.07.28 09:23:55.338,1.45278,1.45298,1.00,2.82
2014.07.28 09:23:55.540,1.45278,1.45299,1.25,1.32
2014.07.28 09:23:56.503,1.45279,1.45299,1.00,1.32
2014.07.28 09:23:58.061,1.45282,1.45299,1.00,1.50
2014.07.28 09:23:58.213,1.45282,1.45301,1.00,1.00
2014.07.28 09:23:58.516,1.4528,1.453,1.00,1.25
2014.07.28 09:23:58.934,1.45279,1.45298,1.25,1.00
2014.07.28 09:24:00.076,1.45277,1.45298,1.25,2.07
2014.07.28 09:24:00.957,1.45277,1.45298,1.19,1.88
2014.07.28 09:24:02.028,1.45279,1.45298,1.00,1.00
2014.07.28 09:24:02.537,1.45277,1.45298,1.69,1.00
2014.07.28 09:24:02.946,1.45277,1.45298,2.44,1.00
2014.07.28 09:24:03.098,1.45281,1.453,1.00,1.13
2014.07.28 09:24:03.638,1.45281,1.45301,1.00,2.82
2014.07.28 09:24:05.473,1.45281,1.453,1.00,1.00
2014.07.28 09:24:07.132,1.45281,1.45299,1.00,1.00
2014.07.28 09:24:07.667,1.4528,1.45299,1.25,1.00
2014.07.28 09:24:10.380,1.45279,1.45298,1.19,1.00
2014.07.28 09:24:11.917,1.45278,1.45297,1.32,1.00
2014.07.28 09:24:12.435,1.45279,1.45298,1.25,1.00
2014.07.28 09:24:12.943,1.45279,1.45299,1.25,1.50
2014.07.28 09:24:18.501,1.45278,1.453,1.32,1.69
2014.07.28 09:24:19.900,1.45278,1.45299,1.32,1.00
2014.07.28 09:24:21.731,1.45278,1.45298,1.32,1.00
2014.07.28 09:24:22.311,1.45278,1.45297,1.32,1.00
2014.07.28 09:24:23.382,1.45277,1.45296,1.69,1.00
2014.07.28 09:24:23.584,1.4528,1.45296,1.00,1.00
2014.07.28 09:24:23.685,1.4528,1.45298,1.00,1.00
2014.07.28 09:24:24.191,1.4528,1.45299,1.00,1.69
2014.07.28 09:24:24.847,1.4528,1.45297,1.00,1.00
2014.07.28 09:24:25.667,1.4528,1.45298,1.00,1.50
2014.07.28 09:24:26.424,1.45278,1.45298,1.19,1.50
2014.07.28 09:24:26.961,1.4528,1.45299,1.00,2.25
2014.07.28 09:24:27.484,1.45281,1.45299,1.00,1.00
2014.07.28 09:24:27.764,1.45278,1.45299,1.19,1.00
2014.07.28 09:24:28.661,1.45278,1.45298,1.19,1.00
2014.07.28 09:24:28.762,1.45277,1.45296,1.19,1.00
2014.07.28 09:24:29.269,1.45277,1.45296,1.19,1.00
2014.07.28 09:24:29.816,1.45276,1.45295,1.32,1.00
2014.07.28 09:24:30.646,1.45276,1.45295,1.13,1.38
2014.07.28 09:24:30.747,1.45273,1.45293,1.00,1.19
2014.07.28 09:24:30.798,1.45273,1.45288,1.00,1.00
2014.07.28 09:24:30.849,1.4527,1.45288,1.43,1.00
2014.07.28 09:24:31.914,1.4527,1.45289,1.00,1.13
2014.07.28 09:24:32.622,1.45269,1.45288,1.00,1.00
2014.07.28 09:24:33.076,1.45269,1.45283,1.00,1.00
2014.07.28 09:24:33.177,1.45265,1.45281,1.13,1.00
2014.07.28 09:24:33.380,1.45257,1.45276,1.69,1.00
2014.07.28 09:24:33.481,1.45257,1.45276,1.32,1.00
2014.07.28 09:24:33.532,1.45257,1.4528,1.25,1.19
2014.07.28 09:24:33.582,1.45262,1.4528,1.00,1.19
2014.07.28 09:24:34.088,1.45263,1.45279,1.00,1.19
2014.07.28 09:24:34.791,1.45262,1.45278,1.00,1.00
2014.07.28 09:24:37.573,1.45263,1.45278,1.00,1.25
2014.07.28 09:24:38.181,1.45263,1.45278,1.00,1.19
2014.07.28 09:24:38.961,1.45262,1.45278,1.00,1.19
2014.07.28 09:24:39.621,1.45263,1.45278,1.00,1.19
2014.07.28 09:24:42.383,1.45262,1.45278,1.00,1.19
2014.07.28 09:24:43.604,1.45259,1.45275,1.00,1.00
2014.07.28 09:24:43.806,1.45254,1.45275,1.00,1.19
2014.07.28 09:24:43.958,1.45254,1.45271,1.00,1.00
2014.07.28 09:24:44.480,1.45254,1.45272,1.00,1.00
2014.07.28 09:24:45.923,1.45255,1.45272,1.00,1.00
2014.07.28 09:24:48.778,1.45254,1.45272,1.00,1.00
2014.07.28 09:24:51.865,1.45253,1.45272,1.13,1.25
2014.07.28 09:24:52.732,1.45254,1.45272,1.00,1.25
2014.07.28 09:24:53.262,1.45253,1.45272,1.13,1.00
2014.07.28 09:24:53.770,1.45254,1.45273,1.00,1.25
2014.07.28 09:24:54.481,1.45254,1.45273,1.00,1.19
2014.07.28 09:24:54.983,1.45254,1.45273,1.00,1.25
2014.07.28 09:24:55.361,1.45251,1.45273,1.19,1.25
2014.07.28 09:24:55.990,1.45251,1.45275,1.69,4.32
2014.07.28 09:24:56.872,1.4525,1.45273,2.44,1.50
2014.07.28 09:25:00.271,1.4525,1.45273,1.88,1.50
2014.07.28 09:25:00.575,1.45245,1.45265,1.19,1.00
2014.07.28 09:25:01.081,1.45245,1.45264,1.19,1.00
2014.07.28 09:25:01.612,1.45245,1.45264,1.00,1.00
2014.07.28 09:25:02.279,1.45244,1.45264,1.25,1.00
2014.07.28 09:25:02.601,1.45246,1.45264,1.00,1.25
2014.07.28 09:25:03.129,1.45245,1.45264,1.00,1.25
2014.07.28 09:25:05.910,1.45245,1.45264,1.00,1.19
2014.07.28 09:25:09.927,1.45245,1.45264,1.00,1.25
2014.07.28 09:25:11.193,1.45245,1.45264,1.00,1.19
2014.07.28 09:25:13.444,1.45242,1.45264,1.25,1.19
2014.07.28 09:25:13.747,1.4524,1.45259,1.00,1.00
2014.07.28 09:25:13.848,1.45236,1.45259,1.57,1.69
2014.07.28 09:25:14.353,1.45235,1.45258,2.44,1.00
2014.07.28 09:25:14.933,1.45235,1.45257,2.44,1.50
2014.07.28 09:25:15.498,1.45235,1.45258,1.69,2.00
2014.07.28 09:25:16.009,1.45235,1.45259,2.44,2.82
2014.07.28 09:25:16.766,1.45235,1.45258,1.69,2.00
2014.07.28 09:25:22.372,1.45235,1.45257,1.69,1.00
2014.07.28 09:25:23.483,1.45235,1.45257,2.44,1.00
2014.07.28 09:25:24.614,1.45235,1.45256,2.44,1.00
2014.07.28 09:25:24.855,1.45235,1.45254,2.44,1.00
2014.07.28 09:25:25.064,1.45235,1.45256,2.44,1.00
2014.07.28 09:25:27.652,1.45236,1.45256,1.32,1.00
2014.07.28 09:25:29.960,1.45235,1.45256,1.69,1.00
2014.07.28 09:25:31.163,1.45235,1.45256,2.44,1.00
2014.07.28 09:25:32.732,1.45235,1.45256,1.69,1.00
2014.07.28 09:25:35.781,1.45236,1.45256,1.32,1.00
2014.07.28 09:25:37.300,1.45237,1.45257,1.19,1.00
2014.07.28 09:25:37.841,1.45237,1.45256,1.19,1.00
2014.07.28 09:25:38.408,1.45237,1.45254,1.19,1.00
2014.07.28 09:25:39.132,1.45237,1.45253,1.19,1.00
2014.07.28 09:25:39.934,1.45237,1.45254,1.25,1.00
2014.07.28 09:25:41.122,1.45237,1.45254,1.19,1.00
2014.07.28 09:25:41.365,1.45237,1.45256,1.19,1.00
2014.07.28 09:25:48.384,1.45235,1.45254,2.07,1.00
2014.07.28 09:25:48.434,1.45235,1.45254,1.32,1.00
2014.07.28 09:25:50.144,1.45235,1.45253,1.19,1.00
2014.07.28 09:25:50.688,1.45235,1.45252,1.19,1.00
2014.07.28 09:25:53.475,1.45234,1.45253,1.19,1.00
2014.07.28 09:25:54.138,1.45235,1.45254,1.19,1.00
2014.07.28 09:25:55.352,1.45235,1.45254,1.69,1.00
2014.07.28 09:25:58.741,1.45238,1.45256,1.00,1.00
2014.07.28 09:26:00.837,1.45238,1.45254,1.00,1.00
2014.07.28 09:26:01.344,1.45236,1.45254,1.19,1.00
2014.07.28 09:26:04.410,1.45236,1.45254,1.25,1.00
2014.07.28 09:26:06.589,1.45236,1.45254,1.19,1.00
2014.07.28 09:26:10.201,1.45234,1.45253,1.69,1.00
2014.07.28 09:26:10.717,1.45234,1.45254,1.69,1.00
2014.07.28 09:26:11.510,1.45234,1.45254,1.19,1.00
2014.07.28 09:26:12.672,1.45234,1.45254,1.69,1.00
2014.07.28 09:26:17.142,1.45234,1.45254,1.69,1.00
2014.07.28 09:26:18.337,1.45234,1.45254,1.69,1.00
2014.07.28 09:26:19.941,1.45234,1.45253,1.69,1.00
2014.07.28 09:26:20.480,1.45238,1.45253,1.25,1.00
2014.07.28 09:26:31.491,1.45237,1.45253,1.00,1.00
2014.07.28 09:26:32.102,1.45236,1.45253,1.25,1.00
2014.07.28 09:26:33.909,1.45236,1.45253,1.19,1.00
2014.07.28 09:26:41.609,1.45236,1.45253,1.00,1.00
2014.07.28 09:26:42.122,1.45236,1.45254,1.00,1.00
2014.07.28 09:26:43.161,1.45236,1.45252,1.00,1.00
2014.07.28 09:26:43.715,1.45233,1.45252,1.19,1.00
2014.07.28 09:26:44.420,1.45233,1.45252,1.25,1.00
2014.07.28 09:26:44.963,1.45227,1.45243,1.13,1.00
2014.07.28 09:26:45.267,1.45222,1.45239,1.57,1.00
2014.07.28 09:26:45.469,1.45219,1.45236,1.00,1.00
2014.07.28 09:26:45.521,1.45213,1.45231,2.00,1.00
2014.07.28 09:26:45.622,1.45213,1.45232,1.19,1.00
2014.07.28 09:26:45.876,1.45213,1.45232,1.19,1.00
2014.07.28 09:26:46.584,1.45212,1.45232,1.19,1.00
2014.07.28 09:26:46.635,1.45212,1.4523,1.19,1.00
2014.07.28 09:26:47.508,1.45211,1.45231,2.07,1.00
2014.07.28 09:26:48.060,1.45211,1.45231,1.32,1.00
2014.07.28 09:26:48.607,1.45211,1.4523,1.32,1.00
2014.07.28 09:26:50.129,1.45211,1.45231,1.19,1.00
2014.07.28 09:26:50.911,1.45211,1.4523,1.32,1.00
2014.07.28 09:26:51.658,1.45211,1.45229,1.32,1.00
2014.07.28 09:26:52.173,1.45211,1.4523,1.32,1.00
2014.07.28 09:26:52.897,1.45211,1.4523,1.32,1.00
2014.07.28 09:26:55.181,1.45211,1.45231,1.32,1.00
2014.07.28 09:26:55.737,1.45211,1.45232,1.32,1.00
2014.07.28 09:26:56.512,1.45211,1.45231,1.57,1.00
2014.07.28 09:26:57.243,1.45211,1.45231,1.57,1.00
2014.07.28 09:26:58.323,1.45213,1.45231,1.19,1.00
2014.07.28 09:26:58.853,1.45212,1.4523,1.69,1.00
2014.07.28 09:26:59.701,1.45213,1.45232,1.19,1.00
2014.07.28 09:27:00.238,1.45214,1.45233,1.25,1.00
2014.07.28 09:27:00.741,1.45213,1.45233,1.19,1.00
2014.07.28 09:27:01.581,1.45213,1.45231,1.19,1.00
2014.07.28 09:27:01.789,1.45213,1.45234,1.19,1.00
2014.07.28 09:27:03.021,1.45214,1.45234,1.25,1.00
2014.07.28 09:27:03.123,1.45215,1.45235,1.19,1.00
2014.07.28 09:27:03.325,1.4522,1.4524,1.25,1.00
2014.07.28 09:27:03.830,1.45219,1.45239,1.32,1.00
2014.07.28 09:27:04.343,1.45219,1.4524,1.32,1.00
2014.07.28 09:27:05.108,1.45219,1.45239,1.32,1.00
2014.07.28 09:27:05.425,1.45216,1.45235,2.07,1.00
2014.07.28 09:27:05.957,1.45216,1.45235,1.19,1.00
2014.07.28 09:27:06.159,1.45216,1.45235,1.25,1.00
2014.07.28 09:27:06.665,1.45213,1.45234,1.57,1.00
2014.07.28 09:27:07.375,1.45213,1.45234,1.57,1.00
2014.07.28 09:27:11.155,1.45213,1.45235,1.32,1.00
2014.07.28 09:27:11.893,1.45213,1.45233,1.32,1.00
2014.07.28 09:27:12.399,1.45212,1.45232,1.19,1.00
2014.07.28 09:27:13.113,1.45213,1.45233,1.19,1.00
2014.07.28 09:27:14.988,1.45213,1.45234,1.32,1.00
2014.07.28 09:27:16.012,1.45213,1.45234,1.32,1.00
2014.07.28 09:27:21.724,1.45213,1.45234,1.57,1.00
2014.07.28 09:27:29.340,1.45213,1.45234,2.07,1.00
2014.07.28 09:27:30.821,1.45213,1.45234,1.57,1.00
2014.07.28 09:27:31.600,1.45213,1.45235,1.57,1.00
2014.07.28 09:27:32.816,1.45213,1.45232,1.57,1.00
2014.07.28 09:27:33.351,1.45214,1.45234,1.19,1.00
2014.07.28 09:27:33.830,1.45214,1.45234,1.25,1.00
2014.07.28 09:27:35.233,1.45213,1.45232,1.32,1.00
2014.07.28 09:27:36.461,1.45212,1.45231,1.69,1.00
2014.07.28 09:27:37.010,1.45213,1.45232,1.19,1.00
2014.07.28 09:27:40.392,1.45212,1.45233,1.32,1.00
2014.07.28 09:27:41.733,1.45211,1.45232,1.69,1.00
2014.07.28 09:27:42.293,1.45211,1.45232,1.69,1.00
2014.07.28 09:27:43.471,1.45211,1.45233,1.69,1.00
2014.07.28 09:27:44.010,1.45211,1.45232,1.69,1.00
2014.07.28 09:27:44.757,1.45211,1.45232,1.69,1.00
2014.07.28 09:27:47.278,1.45211,1.45232,1.69,1.00
2014.07.28 09:27:47.828,1.45211,1.45233,1.69,1.00
2014.07.28 09:27:51.928,1.45211,1.45233,1.57,1.00
2014.07.28 09:27:52.846,1.45211,1.45232,1.57,1.00
2014.07.28 09:27:53.399,1.45211,1.45232,1.57,1.00
2014.07.28 09:27:56.431,1.45212,1.45232,1.32,1.00
2014.07.28 09:27:56.974,1.45212,1.45232,1.32,1.00
2014.07.28 09:27:57.126,1.45212,1.45234,1.32,1.25
2014.07.28 09:27:57.329,1.45212,1.45234,1.13,1.19
2014.07.28 09:27:57.633,1.45212,1.4523,1.00,1.19
2014.07.28 09:27:59.016,1.45212,1.45231,1.00,1.19
2014.07.28 09:28:03.033,1.45212,1.4523,1.00,1.19
2014.07.28 09:28:03.586,1.45211,1.4523,1.00,1.19
2014.07.28 09:28:03.889,1.45211,1.45228,1.00,1.19
2014.07.28 09:28:04.395,1.4521,1.45228,1.00,1.19
2014.07.28 09:28:05.980,1.4521,1.45229,1.00,1.19
2014.07.28 09:28:11.517,1.45211,1.45229,1.00,1.19
2014.07.28 09:28:12.028,1.45211,1.4523,1.00,1.19
2014.07.28 09:28:31.172,1.45211,1.45231,1.00,1.19
2014.07.28 09:28:34.717,1.4521,1.45231,1.13,1.19
2014.07.28 09:28:35.484,1.4521,1.45229,1.00,1.19
2014.07.28 09:28:37.159,1.4521,1.45228,1.00,1.19
2014.07.28 09:28:37.707,1.45209,1.45228,1.00,1.19
2014.07.28 09:28:39.361,1.45209,1.45228,1.00,1.19
2014.07.28 09:28:40.248,1.4521,1.45228,1.00,1.19
2014.07.28 09:28:49.132,1.4521,1.45229,1.00,1.69
2014.07.28 09:28:51.140,1.4521,1.45231,1.88,1.19
2014.07.28 09:28:51.241,1.45214,1.45231,1.00,1.19
2014.07.28 09:28:51.645,1.45213,1.45234,1.00,1.19
2014.07.28 09:28:51.696,1.45217,1.45234,1.00,1.19
2014.07.28 09:28:51.798,1.45215,1.45234,1.00,1.19
2014.07.28 09:28:52.873,1.45215,1.45235,1.00,1.25
2014.07.28 09:28:53.519,1.45214,1.45235,1.00,1.25
2014.07.28 09:28:54.081,1.45214,1.45235,1.00,1.19
2014.07.28 09:28:56.832,1.45214,1.45235,1.00,1.19
2014.07.28 09:28:59.788,1.45216,1.45234,1.00,1.19
2014.07.28 09:28:59.940,1.45214,1.45234,1.00,1.19
2014.07.28 09:29:00.449,1.45213,1.45234,1.88,1.19
2014.07.28 09:29:00.553,1.45212,1.45232,1.50,1.19
2014.07.28 09:29:00.958,1.45216,1.45232,1.00,1.19
2014.07.28 09:29:05.685,1.45216,1.45231,1.00,1.19
2014.07.28 09:29:07.890,1.45216,1.45231,1.00,1.25
2014.07.28 09:29:12.418,1.45218,1.45232,1.00,1.19
2014.07.28 09:29:12.721,1.45216,1.45232,1.00,1.19
2014.07.28 09:29:13.242,1.45217,1.45232,1.00,1.19
2014.07.28 09:29:16.229,1.45218,1.45232,1.00,1.19
2014.07.28 09:29:16.777,1.45218,1.45231,1.00,1.19
2014.07.28 09:29:17.288,1.45217,1.45231,1.00,1.19
2014.07.28 09:29:19.747,1.45217,1.4523,1.00,1.19
2014.07.28 09:29:22.957,1.45217,1.45232,1.00,1.19
2014.07.28 09:29:23.058,1.45219,1.45232,1.00,1.19
2014.07.28 09:29:23.575,1.4522,1.45232,1.00,1.19
2014.07.28 09:29:24.269,1.4522,1.45233,1.00,1.19
2014.07.28 09:29:24.779,1.45219,1.45233,1.00,1.19
2014.07.28 09:29:27.158,1.45214,1.45233,1.00,1.19
2014.07.28 09:29:27.310,1.45214,1.45232,1.00,1.85
2014.07.28 09:29:27.361,1.45209,1.45231,1.63,1.60
2014.07.28 09:29:27.412,1.45209,1.45228,1.00,1.00
2014.07.28 09:29:27.715,1.45209,1.45223,1.00,1.19
2014.07.28 09:29:28.120,1.45207,1.45223,1.00,1.19
2014.07.28 09:29:28.322,1.45205,1.45223,1.00,1.19
2014.07.28 09:29:28.726,1.45205,1.45221,1.00,1.19
2014.07.28 09:29:29.868,1.45208,1.45221,1.00,1.19
2014.07.28 09:29:29.919,1.45208,1.45223,1.00,1.19
2014.07.28 09:29:30.122,1.45205,1.45221,1.00,1.19
2014.07.28 09:29:30.324,1.45203,1.45221,1.00,1.19
2014.07.28 09:29:30.414,1.45203,1.45223,1.00,1.19
2014.07.28 09:29:30.567,1.4521,1.45224,1.00,1.19
2014.07.28 09:29:30.618,1.4521,1.45226,1.00,1.19
2014.07.28 09:29:30.669,1.45207,1.45227,1.00,1.19
2014.07.28 09:29:30.720,1.45207,1.45224,1.00,1.19
2014.07.28 09:29:30.872,1.45204,1.45224,1.13,1.19
2014.07.28 09:29:31.732,1.45203,1.45224,1.13,1.19
2014.07.28 09:29:31.834,1.45202,1.45222,1.88,1.19
2014.07.28 09:29:33.207,1.45202,1.45221,1.88,1.19
2014.07.28 09:29:33.511,1.45204,1.45224,1.00,1.19
2014.07.28 09:29:37.322,1.45205,1.45224,1.00,1.19
2014.07.28 09:29:40.189,1.45204,1.45224,1.00,1.19
2014.07.28 09:29:40.341,1.45203,1.45221,1.13,1.19
2014.07.28 09:29:40.450,1.45201,1.45225,1.50,1.74
2014.07.28 09:29:40.653,1.45202,1.45222,1.00,1.19
2014.07.28 09:29:41.859,1.45202,1.45224,1.00,2.07
2014.07.28 09:29:42.481,1.45203,1.45225,1.00,2.07
2014.07.28 09:29:43.148,1.45202,1.45225,1.50,1.32
2014.07.28 09:29:43.681,1.45202,1.45225,1.25,1.69
2014.07.28 09:29:44.160,1.45204,1.45225,1.00,1.19
2014.07.28 09:29:46.026,1.45202,1.45225,1.00,1.19
2014.07.28 09:29:46.554,1.45202,1.45223,1.00,1.19
2014.07.28 09:29:47.567,1.45203,1.45224,1.00,1.19
2014.07.28 09:29:49.601,1.45203,1.45223,1.00,1.19
2014.07.28 09:29:49.854,1.45201,1.45223,1.13,1.19
2014.07.28 09:29:50.726,1.45201,1.45222,1.13,1.19
2014.07.28 09:29:57.027,1.45199,1.45222,2.07,1.19
2014.07.28 09:29:58.047,1.45199,1.45222,1.69,1.19
2014.07.28 09:29:58.553,1.45199,1.45221,1.25,1.69
2014.07.28 09:29:59.111,1.45199,1.45221,1.00,1.69
2014.07.28 09:30:02.310,1.45198,1.45221,1.32,1.69
2014.07.28 09:30:02.957,1.45198,1.45221,1.63,1.69
2014.07.28 09:30:05.660,1.45197,1.45219,1.88,1.19
2014.07.28 09:30:09.872,1.45195,1.45215,1.00,1.05
2014.07.28 09:30:09.923,1.45193,1.45215,1.25,1.54
2014.07.28 09:30:09.973,1.45193,1.45214,1.00,1.19
2014.07.28 09:30:10.277,1.45196,1.45216,1.00,1.69
2014.07.28 09:30:10.581,1.45198,1.45216,1.00,1.19
2014.07.28 09:30:11.301,1.45198,1.45217,1.00,1.19
2014.07.28 09:30:13.293,1.45198,1.45219,1.00,1.57
2014.07.28 09:30:19.382,1.45198,1.45219,1.00,1.57
2014.07.28 09:30:20.386,1.45198,1.4522,1.00,1.62
2014.07.28 09:30:20.538,1.452,1.45221,1.00,2.37
2014.07.28 09:30:20.741,1.45201,1.45223,1.50,1.57
2014.07.28 09:30:20.893,1.45203,1.45225,1.00,2.74
2014.07.28 09:30:21.045,1.45204,1.45226,1.25,1.49
2014.07.28 09:30:21.097,1.45206,1.45226,1.00,1.19
2014.07.28 09:30:21.198,1.45204,1.45226,1.69,1.19
2014.07.28 09:30:26.368,1.45205,1.45226,1.00,1.19
2014.07.28 09:30:26.873,1.45206,1.45226,1.00,1.19
2014.07.28 09:30:27.378,1.45205,1.45228,1.00,2.44
2014.07.28 09:30:28.324,1.45205,1.45227,1.25,1.57
2014.07.28 09:30:32.366,1.45204,1.45224,1.00,1.00
2014.07.28 09:30:35.450,1.45204,1.45224,1.19,1.00
2014.07.28 09:30:36.656,1.45204,1.45224,1.25,1.00
2014.07.28 09:30:37.630,1.45204,1.45227,1.25,1.57
2014.07.28 09:30:38.813,1.45204,1.45227,1.19,1.19
2014.07.28 09:30:45.484,1.45204,1.45226,1.25,1.19
2014.07.28 09:30:46.888,1.45204,1.45226,1.25,1.00
2014.07.28 09:30:51.603,1.45204,1.45226,1.32,1.25
2014.07.28 09:30:54.015,1.45204,1.45227,1.69,1.19
2014.07.28 09:30:58.224,1.45204,1.45228,1.19,2.82
2014.07.28 09:31:02.440,1.45204,1.45226,1.25,1.32
2014.07.28 09:31:03.485,1.45204,1.45226,1.19,1.32
2014.07.28 09:31:04.547,1.45204,1.45226,1.00,1.13
2014.07.28 09:31:04.850,1.45198,1.45221,1.19,1.38
2014.07.28 09:31:04.952,1.45198,1.45221,1.25,1.57
2014.07.28 09:31:06.187,1.45198,1.45219,1.00,1.32
2014.07.28 09:31:12.676,1.45198,1.4522,1.88,1.19
2014.07.28 09:31:13.191,1.45198,1.45221,1.63,1.69
2014.07.28 09:31:15.691,1.452,1.45222,1.13,1.25
2014.07.28 09:31:15.799,1.452,1.45221,1.13,1.19
2014.07.28 09:31:18.822,1.452,1.45221,1.38,1.19
2014.07.28 09:31:19.248,1.45201,1.45223,1.13,2.07
2014.07.28 09:31:19.911,1.45199,1.45222,1.63,1.69
2014.07.28 09:31:20.422,1.45199,1.45222,1.63,2.07
2014.07.28 09:31:21.104,1.45199,1.45222,1.25,2.07
2014.07.28 09:31:21.610,1.452,1.45222,1.13,2.07
2014.07.28 09:31:22.176,1.452,1.45222,1.32,1.32
2014.07.28 09:31:22.683,1.45201,1.45222,1.00,1.69
2014.07.28 09:31:25.127,1.45201,1.45222,1.00,1.25
2014.07.28 09:31:26.023,1.45204,1.45224,1.00,2.44
2014.07.28 09:31:26.298,1.45204,1.45227,1.38,1.05
2014.07.28 09:31:26.399,1.45208,1.45228,1.00,1.19
2014.07.28 09:31:26.602,1.45206,1.45229,1.32,1.69
2014.07.28 09:31:27.387,1.45206,1.45228,1.00,2.07
2014.07.28 09:31:27.589,1.45204,1.45225,1.00,1.19
2014.07.28 09:31:29.006,1.45205,1.45224,1.00,1.19
2014.07.28 09:31:29.549,1.45204,1.45226,1.00,2.44
2014.07.28 09:31:30.552,1.45204,1.45226,1.00,2.44
2014.07.28 09:31:30.972,1.45202,1.45224,1.32,1.19
2014.07.28 09:31:31.701,1.45202,1.45224,1.32,1.25
2014.07.28 09:31:34.062,1.45202,1.45224,1.32,1.00
2014.07.28 09:31:36.370,1.45202,1.45225,1.57,1.25
2014.07.28 09:31:37.397,1.45202,1.45225,2.07,1.00
2014.07.28 09:31:41.455,1.45202,1.45224,2.07,1.00
2014.07.28 09:31:41.607,1.45205,1.45228,1.57,1.50
2014.07.28 09:31:42.127,1.45205,1.45227,2.07,1.00
2014.07.28 09:31:42.228,1.45205,1.45225,1.57,1.00
2014.07.28 09:31:42.330,1.45204,1.45224,1.69,1.00
2014.07.28 09:31:42.874,1.45203,1.45225,1.57,1.00
2014.07.28 09:31:50.682,1.45201,1.45224,2.07,1.00
2014.07.28 09:31:51.403,1.45201,1.45224,1.57,1.00
2014.07.28 09:31:53.965,1.45201,1.45225,2.07,1.69
2014.07.28 09:31:55.582,1.45201,1.45224,1.57,1.00
2014.07.28 09:31:55.835,1.452,1.45222,2.07,1.00
2014.07.28 09:31:55.937,1.45199,1.45222,1.57,1.00
2014.07.28 09:31:56.190,1.45198,1.4522,2.07,1.00
2014.07.28 09:31:57.240,1.45198,1.4522,1.32,1.00
2014.07.28 09:32:02.055,1.45198,1.4522,1.32,1.00
2014.07.28 09:32:11.285,1.45198,1.4522,2.07,1.00
2014.07.28 09:32:12.088,1.45198,1.4522,1.13,1.25
2014.07.28 09:32:12.190,1.45198,1.45219,1.38,1.00
2014.07.28 09:32:12.292,1.45198,1.45219,1.13,1.00
2014.07.28 09:32:24.895,1.45196,1.45218,1.57,1.00
2014.07.28 09:32:25.249,1.45196,1.45218,1.57,1.25
2014.07.28 09:32:26.291,1.45195,1.45218,1.57,1.25
2014.07.28 09:32:28.195,1.45196,1.45219,1.57,1.00
2014.07.28 09:32:31.397,1.45198,1.45219,1.38,1.19
2014.07.28 09:32:32.397,1.45198,1.45219,1.63,1.25
2014.07.28 09:32:38.321,1.45196,1.45219,1.57,1.25
2014.07.28 09:32:38.727,1.45195,1.45217,1.69,1.00
2014.07.28 09:32:39.258,1.45195,1.45216,1.69,1.00
2014.07.28 09:32:39.775,1.45194,1.45217,3.57,1.00
2014.07.28 09:32:40.975,1.45195,1.45217,1.32,1.00
2014.07.28 09:32:41.177,1.45202,1.45225,1.50,1.00
2014.07.28 09:32:41.228,1.45207,1.45226,1.00,1.00
2014.07.28 09:32:41.532,1.45209,1.4523,1.00,1.57
2014.07.28 09:32:41.633,1.45209,1.45233,1.69,2.07
2014.07.28 09:32:42.239,1.4521,1.45233,1.00,1.57
2014.07.28 09:32:42.902,1.4521,1.45234,1.25,1.57
2014.07.28 09:32:47.560,1.45209,1.45235,1.57,1.57
2014.07.28 09:32:48.566,1.4521,1.45234,1.19,1.57
2014.07.28 09:32:49.639,1.4521,1.45235,1.32,1.57
2014.07.28 09:32:52.192,1.45209,1.45236,2.82,2.82
2014.07.28 09:32:54.104,1.45211,1.45237,1.19,1.32
2014.07.28 09:33:03.286,1.45211,1.45236,1.32,2.07
2014.07.28 09:33:07.900,1.45211,1.45236,1.32,2.07
2014.07.28 09:33:14.017,1.45211,1.45236,1.19,2.07
2014.07.28 09:33:18.333,1.45209,1.45232,1.69,1.00
2014.07.28 09:33:18.839,1.45209,1.45231,1.19,1.50
2014.07.28 09:33:18.992,1.45209,1.45231,1.19,1.69
2014.07.28 09:33:19.916,1.45208,1.45231,2.07,1.25
2014.07.28 09:33:20.439,1.45209,1.45232,1.32,1.32
2014.07.28 09:33:20.947,1.45208,1.4523,1.57,1.00
2014.07.28 09:33:23.379,1.45208,1.45231,1.57,1.69
2014.07.28 09:33:24.291,1.45208,1.45231,1.57,1.50
2014.07.28 09:33:25.974,1.45208,1.4523,1.57,1.00
2014.07.28 09:33:26.330,1.45208,1.4523,1.57,1.00
2014.07.28 09:33:27.600,1.45208,1.4523,1.57,1.00
2014.07.28 09:33:32.185,1.45208,1.45231,2.07,1.50
2014.07.28 09:33:35.128,1.4521,1.45231,1.32,1.00
2014.07.28 09:33:36.049,1.45211,1.45232,2.82,1.00
2014.07.28 09:33:36.352,1.45217,1.4524,1.63,3.12
2014.07.28 09:33:36.454,1.45216,1.45239,1.57,1.00
2014.07.28 09:33:36.504,1.45216,1.45237,1.57,1.00
2014.07.28 09:33:37.009,1.45215,1.45236,1.63,1.25
2014.07.28 09:33:38.159,1.45214,1.45234,1.69,1.00
2014.07.28 09:33:38.210,1.45213,1.45234,2.07,1.00
2014.07.28 09:33:38.260,1.45213,1.45231,1.57,1.00
2014.07.28 09:33:39.276,1.45212,1.45231,1.69,1.00
2014.07.28 09:33:53.437,1.45211,1.45232,1.69,1.00
2014.07.28 09:33:55.543,1.45211,1.45231,1.69,1.00
2014.07.28 09:33:57.491,1.45211,1.45232,1.69,1.00
2014.07.28 09:34:04.540,1.45211,1.45231,1.57,1.00
2014.07.28 09:34:09.914,1.45211,1.45229,1.57,1.00
2014.07.28 09:34:11.600,1.45211,1.4523,1.57,1.00
2014.07.28 09:34:26.998,1.45211,1.45229,1.19,1.00
2014.07.28 09:34:28.128,1.45211,1.45229,1.19,1.00
2014.07.28 09:34:29.479,1.45211,1.45229,1.25,1.00
2014.07.28 09:34:30.572,1.45211,1.45229,1.19,1.00
2014.07.28 09:34:31.082,1.45209,1.45229,1.32,1.00
2014.07.28 09:34:31.185,1.45208,1.45222,1.13,1.00
2014.07.28 09:34:31.286,1.45204,1.45222,1.13,1.00
2014.07.28 09:34:31.388,1.45203,1.45224,1.32,1.00
2014.07.28 09:34:31.439,1.45204,1.45224,1.25,1.00
2014.07.28 09:34:32.273,1.45202,1.45225,1.69,1.25
2014.07.28 09:34:32.324,1.45202,1.45225,1.69,1.25
2014.07.28 09:34:38.667,1.45204,1.45225,1.57,1.50
2014.07.28 09:34:38.920,1.45209,1.45229,2.07,1.00
2014.07.28 09:34:39.438,1.45211,1.45229,1.57,1.00
2014.07.28 09:34:40.458,1.45211,1.45229,1.32,1.00
2014.07.28 09:34:44.054,1.4521,1.45228,1.19,1.00
2014.07.28 09:34:44.307,1.4521,1.45227,1.00,1.00
2014.07.28 09:34:44.813,1.4521,1.45228,1.00,1.50
2014.07.28 09:34:50.106,1.4521,1.45228,1.19,1.00
2014.07.28 09:34:50.883,1.45209,1.45228,2.07,1.00
2014.07.28 09:34:59.412,1.45209,1.45227,1.32,1.00
2014.07.28 09:34:59.915,1.45207,1.45226,2.82,1.00
2014.07.28 09:35:02.257,1.45208,1.45226,1.19,1.00
2014.07.28 09:35:02.867,1.45208,1.45226,1.32,1.00
2014.07.28 09:35:02.980,1.45208,1.45228,1.32,1.50
2014.07.28 09:35:03.486,1.45208,1.45229,1.32,1.00
2014.07.28 09:35:03.941,1.4521,1.4523,2.07,1.00
2014.07.28 09:35:04.143,1.45211,1.4523,1.00,1.00
2014.07.28 09:35:04.699,1.45211,1.4523,1.19,1.00
2014.07.28 09:35:05.879,1.4521,1.4523,1.19,1.00
2014.07.28 09:35:10.854,1.45209,1.45229,2.82,1.00
2014.07.28 09:35:13.819,1.45209,1.45229,2.82,1.00
2014.07.28 09:35:14.367,1.45209,1.4523,2.82,1.00
2014.07.28 09:35:14.725,1.45209,1.45229,2.82,1.00
2014.07.28 09:35:21.245,1.45208,1.45228,1.32,1.00
2014.07.28 09:35:21.447,1.45206,1.45225,2.44,1.00
2014.07.28 09:35:25.813,1.45207,1.45226,1.57,1.00
2014.07.28 09:35:25.974,1.45206,1.45228,3.19,1.00
2014.07.28 09:35:26.647,1.45208,1.45228,1.32,1.00
2014.07.28 09:35:27.153,1.45208,1.45229,1.32,1.00
2014.07.28 09:35:31.857,1.45211,1.45229,1.00,1.00
2014.07.28 09:35:43.893,1.4521,1.45229,1.32,1.00
2014.07.28 09:35:46.221,1.4521,1.45229,1.32,1.00
2014.07.28 09:35:54.632,1.4521,1.4523,1.69,1.00
2014.07.28 09:35:59.065,1.4521,1.4523,1.32,1.00
2014.07.28 09:36:00.056,1.45207,1.45227,2.44,1.00
2014.07.28 09:36:00.622,1.45207,1.45228,2.07,1.00
2014.07.28 09:36:01.125,1.45208,1.45229,1.19,1.00
2014.07.28 09:36:01.633,1.45208,1.45228,1.19,1.00
2014.07.28 09:36:07.404,1.45208,1.45227,1.32,1.00
2014.07.28 09:36:09.519,1.45208,1.45226,1.32,1.00
2014.07.28 09:36:10.582,1.45206,1.45225,3.19,1.00
2014.07.28 09:36:11.281,1.45206,1.45225,1.69,1.00
2014.07.28 09:36:12.679,1.45205,1.45228,1.69,1.25
2014.07.28 09:36:13.601,1.45206,1.45228,1.32,1.19
2014.07.28 09:36:14.594,1.45205,1.45228,1.69,1.25
2014.07.28 09:36:15.100,1.45206,1.45229,1.13,2.44
2014.07.28 09:36:15.922,1.45206,1.45229,1.32,1.25
2014.07.28 09:36:18.009,1.45207,1.45231,1.19,2.44
2014.07.28 09:36:18.987,1.45207,1.45228,1.19,1.00
2014.07.28 09:36:21.162,1.45206,1.45228,1.69,1.00
2014.07.28 09:36:22.238,1.45207,1.45228,1.25,1.25
2014.07.28 09:36:23.346,1.45207,1.45227,1.25,1.00
2014.07.28 09:36:23.870,1.45207,1.45228,1.25,1.25
2014.07.28 09:36:34.181,1.45207,1.45229,1.25,1.60
2014.07.28 09:36:34.585,1.45207,1.45229,1.00,1.13
2014.07.28 09:36:35.191,1.45207,1.45229,1.32,1.32
2014.07.28 09:36:37.855,1.45209,1.4523,1.00,1.19
2014.07.28 09:36:38.263,1.45211,1.4523,1.00,1.00
2014.07.28 09:36:38.314,1.45211,1.45232,1.25,1.00
2014.07.28 09:36:38.516,1.45215,1.45232,1.19,1.00
2014.07.28 09:36:38.567,1.45215,1.45238,1.69,1.05
2014.07.28 09:36:38.921,1.45215,1.45237,1.69,1.00
2014.07.28 09:36:39.225,1.45217,1.45239,1.13,1.00
2014.07.28 09:36:39.537,1.45217,1.45239,1.32,1.00
2014.07.28 09:36:40.046,1.45217,1.4524,1.69,1.25
2014.07.28 09:36:40.565,1.45217,1.4524,2.44,1.00
2014.07.28 09:36:41.322,1.45217,1.45239,2.44,1.00
2014.07.28 09:36:41.907,1.45217,1.45239,1.69,1.00
2014.07.28 09:36:43.582,1.45217,1.4524,1.69,1.25
2014.07.28 09:36:45.673,1.45217,1.45239,1.69,1.00
2014.07.28 09:36:47.668,1.45217,1.45239,1.69,1.25
2014.07.28 09:36:48.739,1.45217,1.45239,1.69,1.00
2014.07.28 09:36:50.896,1.45217,1.45239,1.69,1.00
2014.07.28 09:36:51.987,1.45217,1.45239,1.69,1.00
2014.07.28 09:36:54.033,1.45217,1.4524,1.57,1.25
2014.07.28 09:36:54.470,1.45221,1.45244,1.00,2.07
2014.07.28 09:36:54.571,1.45221,1.45244,1.19,1.57
2014.07.28 09:36:55.668,1.45221,1.45244,1.19,1.32
2014.07.28 09:36:56.387,1.45221,1.45243,1.19,1.00
2014.07.28 09:36:57.823,1.45222,1.45241,1.19,1.00
2014.07.28 09:36:57.927,1.45222,1.45243,1.19,1.00
2014.07.28 09:36:59.027,1.45222,1.45244,1.19,1.32
2014.07.28 09:36:59.756,1.45222,1.45243,1.19,1.00
2014.07.28 09:37:00.303,1.45222,1.45241,1.19,1.00
2014.07.28 09:37:01.889,1.45222,1.45244,1.69,1.25
2014.07.28 09:37:03.800,1.45225,1.45245,1.00,1.19
2014.07.28 09:37:04.321,1.45224,1.45245,1.00,1.19
2014.07.28 09:37:05.157,1.45224,1.45247,1.25,1.57
2014.07.28 09:37:06.219,1.45224,1.45245,1.19,1.00
2014.07.28 09:37:07.579,1.45224,1.45246,1.19,1.32
2014.07.28 09:37:09.432,1.45224,1.45246,1.19,1.13
2014.07.28 09:37:09.976,1.45225,1.45245,1.19,1.00
2014.07.28 09:37:10.478,1.45225,1.45244,1.19,1.00
2014.07.28 09:37:10.782,1.45226,1.45246,1.19,1.00
2014.07.28 09:37:11.309,1.45226,1.45247,1.69,1.00
2014.07.28 09:37:11.913,1.45226,1.45247,1.69,1.00
2014.07.28 09:37:12.782,1.45226,1.45247,1.69,1.00
2014.07.28 09:37:15.086,1.45226,1.45247,1.69,1.00
2014.07.28 09:37:15.761,1.4523,1.45247,1.00,1.00
2014.07.28 09:37:16.362,1.4523,1.45248,1.00,1.00
2014.07.28 09:37:20.757,1.45232,1.45248,1.00,1.00
2014.07.28 09:37:20.808,1.45232,1.45253,1.25,1.32
2014.07.28 09:37:20.859,1.45235,1.45253,1.00,1.32
2014.07.28 09:37:21.213,1.45235,1.45255,1.50,1.25
2014.07.28 09:37:22.887,1.45235,1.45253,1.69,1.00
2014.07.28 09:37:23.413,1.45235,1.45254,1.13,1.00
2014.07.28 09:37:24.768,1.45235,1.45253,1.00,1.00
2014.07.28 09:37:29.561,1.45235,1.45254,1.00,1.00
2014.07.28 09:37:30.115,1.45235,1.45253,1.00,1.00
2014.07.28 09:37:30.793,1.45235,1.45254,1.00,1.00
2014.07.28 09:37:31.812,1.45234,1.45254,1.00,1.00
2014.07.28 09:37:32.116,1.4523,1.45249,1.25,1.00
2014.07.28 09:37:33.790,1.4523,1.45253,1.32,1.57
2014.07.28 09:37:33.841,1.45232,1.45253,1.19,1.13
2014.07.28 09:37:34.145,1.45235,1.45252,1.00,1.00
2014.07.28 09:37:34.753,1.45235,1.45253,1.13,1.00
2014.07.28 09:37:35.265,1.45235,1.45252,1.32,1.00
2014.07.28 09:37:36.099,1.45235,1.45252,1.32,1.00
2014.07.28 09:37:37.935,1.45235,1.45253,1.32,1.00
2014.07.28 09:37:40.166,1.45235,1.45252,1.32,1.00
2014.07.28 09:37:43.531,1.45235,1.45253,1.32,1.00
2014.07.28 09:37:44.041,1.45235,1.45252,1.63,1.00
2014.07.28 09:37:44.763,1.45235,1.45253,2.00,1.00
2014.07.28 09:37:45.069,1.45235,1.45252,1.32,1.00
2014.07.28 09:37:45.612,1.45235,1.45253,1.13,1.00
2014.07.28 09:37:46.150,1.45235,1.45253,1.50,1.00
2014.07.28 09:37:47.113,1.45235,1.45253,1.13,1.00
2014.07.28 09:37:59.359,1.45237,1.45253,1.25,1.00
2014.07.28 09:37:59.410,1.45237,1.45258,1.25,1.63
2014.07.28 09:37:59.920,1.45238,1.45258,1.00,1.25
2014.07.28 09:38:07.509,1.45238,1.45259,1.19,1.13
2014.07.28 09:38:08.026,1.45239,1.45261,1.32,1.32
2014.07.28 09:38:08.534,1.4524,1.45263,1.50,1.69
2014.07.28 09:38:09.140,1.45241,1.45262,1.00,1.57
2014.07.28 09:38:09.650,1.4524,1.45262,1.00,2.07
2014.07.28 09:38:10.201,1.45241,1.45262,1.50,1.57
2014.07.28 09:38:11.127,1.45243,1.45264,1.00,1.05
2014.07.28 09:38:11.229,1.45246,1.45268,1.00,2.85
2014.07.28 09:38:12.092,1.45246,1.45267,1.00,1.57
2014.07.28 09:38:12.597,1.45246,1.45268,1.00,1.57
2014.07.28 09:38:13.148,1.45246,1.45268,1.50,1.57
2014.07.28 09:38:14.197,1.45246,1.45268,1.25,1.57
2014.07.28 09:38:14.735,1.45246,1.45268,1.25,1.57
2014.07.28 09:38:15.696,1.45246,1.45268,1.25,1.32
2014.07.28 09:38:15.747,1.45248,1.45268,1.00,1.32
2014.07.28 09:38:15.963,1.45246,1.4527,2.07,3.19
2014.07.28 09:38:16.933,1.45246,1.45268,1.32,1.57
2014.07.28 09:38:18.007,1.45246,1.45268,1.32,1.32
2014.07.28 09:38:18.682,1.45246,1.45268,1.25,1.57
2014.07.28 09:38:19.832,1.45246,1.45268,1.00,1.38
2014.07.28 09:38:19.934,1.45243,1.45267,1.88,1.88
2014.07.28 09:38:20.492,1.45243,1.45267,1.50,1.88
2014.07.28 09:38:21.934,1.45243,1.45267,1.69,2.82
2014.07.28 09:38:22.535,1.45243,1.45266,1.50,1.57
2014.07.28 09:38:23.075,1.45244,1.45266,1.00,1.57
2014.07.28 09:38:23.836,1.45243,1.45266,1.50,1.57
2014.07.28 09:38:24.350,1.45243,1.45267,1.50,2.82
2014.07.28 09:38:24.856,1.45243,1.45266,1.50,1.57
2014.07.28 09:38:26.985,1.45243,1.45267,1.50,3.19
2014.07.28 09:38:28.301,1.45243,1.45265,1.50,1.57
2014.07.28 09:38:34.070,1.45243,1.45266,1.50,2.25
2014.07.28 09:38:35.495,1.45243,1.45265,1.50,1.57
2014.07.28 09:38:36.658,1.45242,1.45264,1.00,1.32
2014.07.28 09:38:36.961,1.4524,1.45263,1.00,1.94
2014.07.28 09:38:37.805,1.4524,1.45262,1.00,1.69
2014.07.28 09:38:40.306,1.45241,1.45262,1.00,2.25
2014.07.28 09:38:40.839,1.45242,1.45262,1.00,1.57
2014.07.28 09:38:41.143,1.45244,1.45262,1.00,1.57
2014.07.28 09:38:51.409,1.45242,1.45262,1.50,1.57
2014.07.28 09:38:52.036,1.45242,1.45265,1.50,1.13
2014.07.28 09:38:52.087,1.45246,1.45265,1.00,1.44
2014.07.28 09:38:52.392,1.45246,1.45265,1.00,1.32
2014.07.28 09:38:52.543,1.45244,1.45265,1.00,1.32
2014.07.28 09:38:53.051,1.45244,1.45268,1.38,1.13
2014.07.28 09:38:53.103,1.4525,1.45268,1.00,1.13
2014.07.28 09:38:58.394,1.4525,1.4527,1.50,2.07
2014.07.28 09:39:00.884,1.45251,1.4527,1.00,1.57
2014.07.28 09:39:03.708,1.45251,1.45269,1.00,1.57
2014.07.28 09:39:04.605,1.4525,1.45269,1.50,1.57
2014.07.28 09:39:05.145,1.4525,1.4527,1.50,1.57
2014.07.28 09:39:05.797,1.4525,1.45269,1.50,1.57
2014.07.28 09:39:06.902,1.4525,1.4527,1.50,1.57
2014.07.28 09:39:09.619,1.4525,1.45269,1.50,1.57
2014.07.28 09:39:09.926,1.45247,1.45269,1.00,1.57
2014.07.28 09:39:10.330,1.45246,1.45267,1.00,1.57
2014.07.28 09:39:11.518,1.45246,1.45266,1.50,1.94
2014.07.28 09:39:13.206,1.45247,1.45266,1.00,1.69
2014.07.28 09:39:13.747,1.45246,1.45265,1.13,1.57
2014.07.28 09:39:14.931,1.45246,1.45266,1.00,1.69
2014.07.28 09:39:16.453,1.45244,1.45263,1.00,1.32
2014.07.28 09:39:16.756,1.4524,1.45259,1.00,1.88
2014.07.28 09:39:17.067,1.45239,1.45257,1.00,1.94
2014.07.28 09:39:17.169,1.45236,1.45256,1.00,1.69
2014.07.28 09:39:17.270,1.45239,1.45256,1.00,1.57
2014.07.28 09:39:18.161,1.4524,1.45256,1.00,1.32
2014.07.28 09:39:18.262,1.4524,1.45258,1.00,1.69
2014.07.28 09:39:19.251,1.4524,1.45257,1.00,1.57
2014.07.28 09:39:19.868,1.4524,1.45257,1.00,1.69
2014.07.28 09:39:19.919,1.45235,1.45256,1.00,1.57
2014.07.28 09:39:20.424,1.45236,1.45255,1.00,1.13
2014.07.28 09:39:20.930,1.45236,1.45255,1.00,1.13
2014.07.28 09:39:20.980,1.45236,1.45254,1.00,1.57
2014.07.28 09:39:21.889,1.45239,1.45255,1.00,1.13
2014.07.28 09:39:22.200,1.4524,1.45259,1.00,1.57
2014.07.28 09:39:23.654,1.45242,1.4526,1.00,1.57
2014.07.28 09:39:23.849,1.4524,1.4526,1.00,1.57
2014.07.28 09:39:25.490,1.4524,1.4526,1.00,1.32
2014.07.28 09:39:25.642,1.45243,1.4526,1.00,1.19
2014.07.28 09:39:25.693,1.45243,1.45262,1.00,1.19
2014.07.28 09:39:25.845,1.45246,1.45262,1.00,1.19
2014.07.28 09:39:26.681,1.45246,1.45262,1.00,1.19
2014.07.28 09:39:27.110,1.45246,1.45265,1.00,1.57
2014.07.28 09:39:27.615,1.45247,1.45265,1.00,1.32
2014.07.28 09:39:29.794,1.45247,1.45266,1.00,1.62
2014.07.28 09:39:31.197,1.45247,1.45266,1.00,1.62
2014.07.28 09:39:31.602,1.45247,1.45263,1.00,1.19
2014.07.28 09:39:31.703,1.45243,1.45263,1.00,1.19
2014.07.28 09:39:33.749,1.45243,1.45262,1.00,1.19
2014.07.28 09:39:34.103,1.45245,1.45262,1.00,1.19
2014.07.28 09:39:34.728,1.45245,1.45263,1.00,1.19
2014.07.28 09:39:35.082,1.45247,1.45263,1.00,1.19
2014.07.28 09:39:37.491,1.45244,1.45264,1.00,1.32
2014.07.28 09:39:38.762,1.45244,1.45264,1.00,1.32
2014.07.28 09:39:39.723,1.45244,1.45265,1.00,1.57
2014.07.28 09:39:42.030,1.45243,1.45262,1.00,1.00
2014.07.28 09:39:44.430,1.45243,1.45262,1.00,1.75
2014.07.28 09:39:50.112,1.4524,1.45262,1.00,2.82
2014.07.28 09:39:50.162,1.4524,1.4526,1.00,2.82
2014.07.28 09:39:50.213,1.45236,1.4526,2.07,3.94
2014.07.28 09:39:51.180,1.45236,1.45258,1.69,1.19
2014.07.28 09:39:52.376,1.45236,1.45258,1.50,1.69
2014.07.28 09:39:53.134,1.45238,1.45258,1.00,1.69
2014.07.28 09:39:53.698,1.45237,1.45258,1.00,1.69
2014.07.28 09:39:54.003,1.45239,1.45262,1.88,2.07
2014.07.28 09:39:54.053,1.45242,1.45262,1.00,1.32
2014.07.28 09:39:54.589,1.45241,1.45262,1.00,1.19
2014.07.28 09:39:55.108,1.45241,1.45262,1.00,1.19
2014.07.28 09:39:55.625,1.45242,1.45262,1.00,1.19
2014.07.28 09:39:56.133,1.45242,1.45262,1.00,1.19
2014.07.28 09:39:56.335,1.45239,1.45261,1.50,1.32
2014.07.28 09:39:56.437,1.45236,1.45258,1.13,1.69
2014.07.28 09:39:57.511,1.45236,1.45258,1.00,2.44
2014.07.28 09:39:58.545,1.45236,1.45258,1.00,2.07
2014.07.28 09:39:58.906,1.45236,1.45258,1.00,1.57
2014.07.28 09:39:59.007,1.45239,1.45259,1.00,1.69
2014.07.28 09:40:01.073,1.45242,1.45259,1.00,1.19
2014.07.28 09:40:01.125,1.45242,1.45262,1.00,1.88
2014.07.28 09:40:01.277,1.45244,1.45262,1.00,1.19
2014.07.28 09:40:01.429,1.45242,1.45262,1.00,1.69
2014.07.28 09:40:01.531,1.45241,1.4526,1.00,1.19
2014.07.28 09:40:02.327,1.45239,1.4526,1.00,1.32
2014.07.28 09:40:02.429,1.45237,1.45258,1.00,1.19
2014.07.28 09:40:02.935,1.45236,1.45258,1.00,1.32
2014.07.28 09:40:03.631,1.45236,1.45257,1.00,1.19
2014.07.28 09:40:05.977,1.45236,1.45256,1.00,1.19
2014.07.28 09:40:07.043,1.45236,1.45257,1.00,1.19
2014.07.28 09:40:07.687,1.45238,1.45257,1.00,1.19
2014.07.28 09:40:08.781,1.45238,1.45259,1.00,1.32
2014.07.28 09:40:09.852,1.45238,1.45258,1.50,1.19
2014.07.28 09:40:14.063,1.45238,1.45257,1.50,1.19
2014.07.28 09:40:14.940,1.45239,1.45257,1.00,1.19
2014.07.28 09:40:15.274,1.45238,1.45259,1.00,1.32
2014.07.28 09:40:16.267,1.45241,1.45259,1.00,1.19
2014.07.28 09:40:16.882,1.4524,1.45259,1.00,1.19
2014.07.28 09:40:18.631,1.4524,1.4526,1.00,1.19
2014.07.28 09:40:21.651,1.45239,1.4526,1.00,1.32
2014.07.28 09:40:22.161,1.45238,1.4526,1.00,1.32
2014.07.28 09:40:22.626,1.45237,1.45258,1.50,1.19
2014.07.28 09:40:23.149,1.45235,1.45258,1.88,1.19
2014.07.28 09:40:23.670,1.45235,1.45257,1.50,1.19
2014.07.28 09:40:25.023,1.45235,1.45256,1.00,1.32
2014.07.28 09:40:25.126,1.45235,1.45254,1.00,1.19
2014.07.28 09:40:25.429,1.45231,1.45251,1.30,1.69
2014.07.28 09:40:25.898,1.45235,1.45253,1.00,2.44
2014.07.28 09:40:26.353,1.45233,1.45253,1.00,1.32
2014.07.28 09:40:28.468,1.45233,1.45252,1.00,1.69
2014.07.28 09:40:29.113,1.45235,1.45252,1.00,1.69
2014.07.28 09:40:30.340,1.45234,1.45252,1.00,1.69
2014.07.28 09:40:30.851,1.45233,1.45252,1.00,1.69
2014.07.28 09:40:31.381,1.45234,1.45252,1.00,1.69
2014.07.28 09:40:34.042,1.45234,1.45253,1.00,2.07
2014.07.28 09:40:34.981,1.45231,1.45253,1.00,2.07
2014.07.28 09:40:36.074,1.45231,1.45252,1.00,1.69
2014.07.28 09:40:40.694,1.45231,1.45251,1.00,1.32
2014.07.28 09:40:41.081,1.45234,1.45251,1.00,1.32
2014.07.28 09:40:41.893,1.45234,1.45251,1.00,1.32
2014.07.28 09:40:43.822,1.45232,1.45251,1.00,1.32
2014.07.28 09:40:44.437,1.45232,1.4525,1.00,1.19
2014.07.28 09:40:45.074,1.45232,1.45252,1.00,2.07
2014.07.28 09:40:46.177,1.45232,1.45251,1.00,1.32
2014.07.28 09:40:47.297,1.45232,1.45252,1.00,1.69
2014.07.28 09:40:50.089,1.45232,1.45251,1.00,1.19
2014.07.28 09:40:52.736,1.4523,1.45251,1.50,1.19
2014.07.28 09:40:53.279,1.4523,1.4525,1.50,1.19
2014.07.28 09:40:53.828,1.4523,1.45251,1.00,1.19
2014.07.28 09:40:54.854,1.4523,1.4525,1.00,1.19
2014.07.28 09:40:55.568,1.45231,1.45253,1.00,1.69
2014.07.28 09:40:55.770,1.45234,1.45256,1.00,2.44
2014.07.28 09:40:56.074,1.45237,1.45257,1.00,1.25
2014.07.28 09:40:56.225,1.45234,1.45259,1.69,1.19
2014.07.28 09:40:57.152,1.45234,1.45259,2.07,1.19
2014.07.28 09:41:03.984,1.45234,1.45256,1.57,1.00
2014.07.28 09:41:04.699,1.45234,1.45255,1.57,1.00
2014.07.28 09:41:05.101,1.45233,1.45255,1.32,1.25
2014.07.28 09:41:05.202,1.45232,1.45252,1.13,1.69
2014.07.28 09:41:05.253,1.45228,1.45252,2.44,1.69
2014.07.28 09:41:05.354,1.45231,1.45252,1.00,2.44
2014.07.28 09:41:05.557,1.45227,1.4525,1.57,1.25
2014.07.28 09:41:06.419,1.45227,1.4525,1.25,1.19
2014.07.28 09:41:06.969,1.45229,1.4525,1.00,1.19
2014.07.28 09:41:07.222,1.4523,1.45253,1.88,1.13
2014.07.28 09:41:07.323,1.45232,1.45255,1.00,1.13
2014.07.28 09:41:07.425,1.45232,1.45255,1.25,2.07
2014.07.28 09:41:08.400,1.45232,1.45255,1.00,2.82
2014.07.28 09:41:11.082,1.45235,1.45254,1.00,1.19
2014.07.28 09:41:11.689,1.45235,1.45255,1.00,1.32
2014.07.28 09:41:11.841,1.45231,1.45252,1.00,1.69
2014.07.28 09:41:12.347,1.4523,1.45252,1.00,2.44
2014.07.28 09:41:13.213,1.4523,1.45251,1.00,1.69
2014.07.28 09:41:15.740,1.4523,1.45252,1.00,2.44
2014.07.28 09:41:16.953,1.4523,1.45251,1.00,1.69
2014.07.28 09:41:17.225,1.4523,1.45253,1.13,1.69
2014.07.28 09:41:17.427,1.45232,1.45252,1.00,1.25
2014.07.28 09:41:24.135,1.45232,1.45253,1.00,1.19
2014.07.28 09:41:25.139,1.45232,1.45254,1.13,2.44
2014.07.28 09:41:32.065,1.45229,1.45253,1.69,1.69
2014.07.28 09:41:32.368,1.45227,1.4525,1.63,1.19
2014.07.28 09:41:32.924,1.4523,1.4525,1.00,1.19
2014.07.28 09:41:33.430,1.4523,1.45251,1.00,1.32
2014.07.28 09:41:34.673,1.4523,1.45252,1.00,1.69
2014.07.28 09:41:37.769,1.45229,1.45252,1.50,1.69
2014.07.28 09:41:38.622,1.45229,1.4525,1.50,1.19
2014.07.28 09:41:39.796,1.45229,1.45251,1.50,1.32
2014.07.28 09:41:44.500,1.45229,1.4525,1.50,1.19
2014.07.28 09:41:48.171,1.4523,1.4525,1.00,1.19
2014.07.28 09:41:48.687,1.45229,1.4525,1.50,1.19
2014.07.28 09:41:49.737,1.4523,1.4525,1.00,1.19
2014.07.28 09:41:55.670,1.4523,1.45249,1.25,1.00
2014.07.28 09:41:55.974,1.45234,1.45253,1.00,1.19
2014.07.28 09:41:56.449,1.45232,1.45253,1.50,1.19
2014.07.28 09:41:57.016,1.45232,1.45254,1.50,1.19
2014.07.28 09:41:58.553,1.45234,1.45254,1.00,1.19
2014.07.28 09:42:01.044,1.45233,1.45254,1.00,1.69
2014.07.28 09:42:01.609,1.45233,1.45254,1.00,1.69
2014.07.28 09:42:02.602,1.45233,1.45254,1.00,1.69
2014.07.28 09:42:03.619,1.45234,1.45254,1.00,1.69
2014.07.28 09:42:07.422,1.45232,1.45254,1.00,1.69
2014.07.28 09:42:09.036,1.45234,1.45254,1.00,1.69
2014.07.28 09:42:10.209,1.45235,1.45254,1.00,1.69
2014.07.28 09:42:10.260,1.45235,1.45254,1.00,1.25
2014.07.28 09:42:10.412,1.45237,1.45256,1.00,1.69
2014.07.28 09:42:10.463,1.45237,1.45256,1.00,1.00
2014.07.28 09:42:10.989,1.45237,1.45258,1.00,1.19
2014.07.28 09:42:12.084,1.45236,1.45259,1.00,1.69
2014.07.28 09:42:13.032,1.45236,1.4526,1.69,1.19
2014.07.28 09:42:15.540,1.45236,1.4526,1.69,1.19
2014.07.28 09:42:16.648,1.45236,1.4526,1.69,1.69
2014.07.28 09:42:16.699,1.45239,1.4526,1.00,1.69
2014.07.28 09:42:16.901,1.45236,1.45258,1.69,1.25
2014.07.28 09:42:17.166,1.45234,1.45256,1.19,1.25
2014.07.28 09:42:18.194,1.45234,1.45256,1.00,2.44
2014.07.28 09:42:19.148,1.45234,1.45256,1.00,2.44
2014.07.28 09:42:21.210,1.45235,1.45255,1.00,1.25
2014.07.28 09:42:25.600,1.45236,1.45255,1.00,1.50
2014.07.28 09:42:25.940,1.45239,1.4526,1.00,1.94
2014.07.28 09:42:26.244,1.45241,1.4526,1.00,1.19
2014.07.28 09:42:27.028,1.45241,1.45261,1.00,1.25
2014.07.28 09:42:28.018,1.45241,1.45261,1.00,1.19
2014.07.28 09:42:29.210,1.45241,1.45261,1.00,1.69
2014.07.28 09:42:33.869,1.45238,1.4526,1.25,1.19
2014.07.28 09:42:34.021,1.45238,1.45256,1.00,1.25
2014.07.28 09:42:34.174,1.45236,1.45255,1.13,1.00
2014.07.28 09:42:38.219,1.45236,1.45256,1.25,1.00
2014.07.28 09:42:38.736,1.45237,1.45258,1.00,1.32
2014.07.28 09:42:38.889,1.4524,1.45258,1.00,1.32
2014.07.28 09:42:39.041,1.4524,1.4526,1.00,2.07
2014.07.28 09:42:39.545,1.4524,1.45261,1.00,1.19
2014.07.28 09:42:39.697,1.45242,1.45261,1.00,1.19
2014.07.28 09:42:40.226,1.45241,1.45261,1.00,1.19
2014.07.28 09:42:40.743,1.4524,1.4526,1.00,1.19
2014.07.28 09:42:40.794,1.45238,1.4526,1.00,1.19
2014.07.28 09:42:41.316,1.45239,1.45258,1.00,1.19
2014.07.28 09:42:41.367,1.45239,1.45256,1.00,1.57
2014.07.28 09:42:41.418,1.45228,1.45247,2.37,1.00
2014.07.28 09:42:41.469,1.45228,1.45247,1.00,1.00
2014.07.28 09:42:41.671,1.45231,1.45247,1.00,1.00
2014.07.28 09:42:41.722,1.45231,1.4525,1.00,1.25
2014.07.28 09:42:41.874,1.45228,1.4525,1.32,1.25
2014.07.28 09:42:41.933,1.45228,1.45248,1.32,1.00
2014.07.28 09:42:42.446,1.45228,1.45249,1.13,1.69
2014.07.28 09:42:42.773,1.45226,1.45249,2.07,1.00
2014.07.28 09:42:43.947,1.45227,1.45249,1.69,1.00
2014.07.28 09:42:46.023,1.45227,1.4525,1.69,1.25
2014.07.28 09:42:46.528,1.45227,1.45249,1.69,1.00
2014.07.28 09:42:50.174,1.45227,1.45249,2.07,1.00
2014.07.28 09:42:50.587,1.45226,1.45249,2.44,1.00
2014.07.28 09:42:52.127,1.45228,1.45249,1.57,1.00
2014.07.28 09:42:53.346,1.45227,1.45249,1.69,1.00
2014.07.28 09:43:03.232,1.45227,1.45249,1.25,1.69
2014.07.28 09:43:05.037,1.45227,1.45249,1.19,1.50
2014.07.28 09:43:05.341,1.45231,1.45252,1.00,2.07
2014.07.28 09:43:05.644,1.45233,1.45252,1.00,1.69
2014.07.28 09:43:06.634,1.45231,1.45252,1.00,1.69
2014.07.28 09:43:07.191,1.45231,1.45252,1.00,1.19
2014.07.28 09:43:09.049,1.45231,1.45252,1.00,1.69
2014.07.28 09:43:14.365,1.45231,1.45252,1.00,1.19
2014.07.28 09:43:23.540,1.4523,1.45252,1.32,1.69
2014.07.28 09:43:24.502,1.4523,1.45252,1.13,2.44
2014.07.28 09:43:27.000,1.4523,1.45252,1.32,1.69
2014.07.28 09:43:27.848,1.45231,1.45252,1.00,1.19
2014.07.28 09:43:28.462,1.45231,1.4525,1.00,1.00
2014.07.28 09:43:28.564,1.45229,1.45248,1.00,1.00
2014.07.28 09:43:28.716,1.45226,1.45247,2.07,1.25
2014.07.28 09:43:29.250,1.45226,1.45246,1.25,1.00
2014.07.28 09:43:29.755,1.45226,1.45246,1.00,1.19
2014.07.28 09:43:30.577,1.45226,1.45244,1.00,1.00
2014.07.28 09:43:31.977,1.45226,1.45247,1.00,1.19
2014.07.28 09:43:32.497,1.45227,1.45248,1.50,1.32
2014.07.28 09:43:33.165,1.45227,1.45247,1.25,1.00
2014.07.28 09:43:33.696,1.45228,1.45247,1.00,1.00
2014.07.28 09:43:34.651,1.45231,1.45247,1.00,1.00
2014.07.28 09:43:34.753,1.45231,1.45249,1.00,1.00
2014.07.28 09:43:34.855,1.45231,1.45253,1.69,1.50
2014.07.28 09:43:34.906,1.45234,1.45255,1.00,1.00
2014.07.28 09:43:35.412,1.45234,1.45256,1.32,1.25
2014.07.28 09:43:35.952,1.45234,1.45256,1.32,1.00
2014.07.28 09:43:39.410,1.45233,1.45255,2.44,1.00
2014.07.28 09:43:39.959,1.45235,1.45256,1.25,1.25
2014.07.28 09:43:43.373,1.45234,1.45256,1.32,1.69
2014.07.28 09:43:43.678,1.45236,1.45256,1.00,1.19
2014.07.28 09:43:44.188,1.45236,1.45257,1.00,1.19
2014.07.28 09:43:44.870,1.45236,1.45257,1.25,1.25
2014.07.28 09:43:45.905,1.45235,1.45257,1.25,2.07
2014.07.28 09:43:47.080,1.45236,1.45258,1.00,2.07
2014.07.28 09:43:48.014,1.45236,1.45258,1.00,2.82
2014.07.28 09:43:49.650,1.45237,1.45258,1.00,2.07
2014.07.28 09:43:49.700,1.45237,1.45258,1.00,1.32
2014.07.28 09:43:49.852,1.45239,1.45258,1.00,1.19
2014.07.28 09:43:50.411,1.4524,1.45261,1.00,2.07
2014.07.28 09:43:51.184,1.4524,1.45261,1.38,1.19
2014.07.28 09:43:51.235,1.45242,1.45264,1.00,2.25
2014.07.28 09:43:51.387,1.45245,1.45264,1.00,1.69
2014.07.28 09:43:51.539,1.45245,1.45266,1.00,1.19
2014.07.28 09:43:51.640,1.45246,1.45268,1.00,1.69
2014.07.28 09:43:52.347,1.45249,1.45269,1.00,1.19
2014.07.28 09:43:53.314,1.45249,1.45271,1.00,1.69
2014.07.28 09:43:54.305,1.45249,1.45271,1.50,1.19
2014.07.28 09:43:56.246,1.45248,1.4527,1.25,1.32
2014.07.28 09:43:57.235,1.45248,1.45272,1.69,1.57
2014.07.28 09:43:57.679,1.45252,1.45273,1.00,1.69
2014.07.28 09:43:57.730,1.45252,1.45273,1.00,1.13
2014.07.28 09:43:57.987,1.45254,1.45274,1.00,1.19
2014.07.28 09:43:58.139,1.45254,1.45277,1.19,1.57
2014.07.28 09:43:59.147,1.45254,1.45277,1.25,1.32
2014.07.28 09:44:00.160,1.45253,1.45277,1.69,2.07
2014.07.28 09:44:01.335,1.45253,1.45277,1.19,2.07
2014.07.28 09:44:01.661,1.45253,1.45277,1.19,2.07
2014.07.28 09:44:04.296,1.45253,1.45276,1.32,1.25
2014.07.28 09:44:05.349,1.45255,1.45277,1.19,1.25
2014.07.28 09:44:05.891,1.45255,1.45277,1.25,1.32
2014.07.28 09:44:07.278,1.45255,1.45277,1.19,1.25
2014.07.28 09:44:09.379,1.45255,1.45278,1.19,2.07
2014.07.28 09:44:11.571,1.45255,1.45278,1.19,1.13
2014.07.28 09:44:14.396,1.45255,1.45278,1.19,1.69
2014.07.28 09:44:15.946,1.45254,1.45277,2.44,1.00
2014.07.28 09:44:17.892,1.45255,1.45278,1.19,1.75
2014.07.28 09:44:22.060,1.45254,1.45276,1.69,1.00
2014.07.28 09:44:22.601,1.45254,1.45275,1.69,1.00
2014.07.28 09:44:23.107,1.45254,1.45275,1.69,1.50
2014.07.28 09:44:23.261,1.45253,1.45275,2.07,1.69
2014.07.28 09:44:23.312,1.45253,1.45272,2.07,1.00
2014.07.28 09:44:24.031,1.45255,1.45272,1.00,1.00
2014.07.28 09:44:25.602,1.45253,1.45272,1.25,1.50
2014.07.28 09:44:26.123,1.45252,1.45272,1.25,1.75
2014.07.28 09:44:26.225,1.4525,1.4527,1.00,1.50
2014.07.28 09:44:26.478,1.45248,1.4527,1.25,1.32
2014.07.28 09:44:30.244,1.45248,1.4527,1.25,1.13
2014.07.28 09:44:30.295,1.4525,1.4527,1.13,1.00
2014.07.28 09:44:30.447,1.45253,1.45276,1.57,1.19
2014.07.28 09:44:30.953,1.45255,1.45276,1.00,1.19
2014.07.28 09:44:31.465,1.45255,1.45278,1.25,2.07
2014.07.28 09:44:33.965,1.45257,1.45277,1.00,1.19
2014.07.28 09:44:34.471,1.45257,1.45277,1.00,1.25
2014.07.28 09:44:40.112,1.45257,1.45276,1.25,1.00
2014.07.28 09:44:41.348,1.45257,1.45277,1.25,1.00
2014.07.28 09:44:43.449,1.45257,1.4528,1.32,1.69
2014.07.28 09:44:43.979,1.45258,1.45278,1.25,1.00
2014.07.28 09:44:45.379,1.45258,1.45277,1.25,1.00
2014.07.28 09:44:45.481,1.4526,1.45277,1.00,1.00
2014.07.28 09:44:45.633,1.4526,1.45279,1.00,1.32
2014.07.28 09:44:46.148,1.45259,1.45279,1.00,1.32
2014.07.28 09:44:46.706,1.45259,1.45277,1.00,1.00
2014.07.28 09:44:47.153,1.45261,1.45278,1.00,1.00
2014.07.28 09:44:47.254,1.45258,1.45278,1.25,1.00
2014.07.28 09:44:48.465,1.45261,1.45278,1.00,1.00
2014.07.28 09:44:49.025,1.4526,1.45278,1.00,1.00
2014.07.28 09:44:49.541,1.4526,1.4528,1.00,2.44
2014.07.28 09:44:50.016,1.4526,1.45277,1.00,1.00
2014.07.28 09:44:50.154,1.4526,1.45281,1.00,2.82
2014.07.28 09:44:50.771,1.4526,1.45278,1.00,1.00
2014.07.28 09:44:51.332,1.45261,1.4528,1.00,1.57
2014.07.28 09:44:53.296,1.4526,1.45279,1.00,1.32
2014.07.28 09:44:53.398,1.45255,1.45279,1.69,2.07
2014.07.28 09:44:53.448,1.45255,1.45274,1.19,1.00
2014.07.28 09:44:54.206,1.45255,1.45274,1.00,1.00
2014.07.28 09:44:57.589,1.45253,1.45274,1.25,1.25
2014.07.28 09:44:57.691,1.45252,1.45274,1.00,1.69
2014.07.28 09:44:57.792,1.4525,1.45272,1.00,1.69
2014.07.28 09:44:58.322,1.4525,1.45269,1.00,1.00
2014.07.28 09:44:58.828,1.45249,1.45269,1.00,1.25
2014.07.28 09:44:59.333,1.4525,1.45269,1.25,1.00
2014.07.28 09:44:59.485,1.4525,1.45273,1.25,1.57
2014.07.28 09:44:59.587,1.45252,1.45271,1.00,1.32
2014.07.28 09:45:00.103,1.45251,1.45271,1.00,1.13
2014.07.28 09:45:00.657,1.4525,1.45271,1.25,1.13
2014.07.28 09:45:00.961,1.4525,1.45269,1.00,1.13
2014.07.28 09:45:01.501,1.45249,1.45269,1.00,1.32
2014.07.28 09:45:02.568,1.45249,1.4527,1.00,1.57
2014.07.28 09:45:03.739,1.4525,1.45271,1.00,1.57
2014.07.28 09:45:10.362,1.45252,1.45271,1.00,1.00
2014.07.28 09:45:10.615,1.45252,1.45274,1.32,1.25
2014.07.28 09:45:10.666,1.45255,1.45274,1.00,1.25
2014.07.28 09:45:11.203,1.45255,1.45273,1.00,1.00
2014.07.28 09:45:12.543,1.45254,1.45273,1.25,1.00
2014.07.28 09:45:15.306,1.45253,1.45273,1.25,1.00
2014.07.28 09:45:18.407,1.45254,1.45273,1.00,1.25
2014.07.28 09:45:21.820,1.45253,1.45273,1.25,1.00
2014.07.28 09:45:24.195,1.45254,1.45273,1.00,1.00
2014.07.28 09:45:24.740,1.45254,1.45274,1.00,1.25
2014.07.28 09:45:25.427,1.45253,1.45273,1.19,1.00
2014.07.28 09:45:28.737,1.45254,1.45274,1.25,1.00
2014.07.28 09:45:28.939,1.45254,1.45277,1.00,1.88
2014.07.28 09:45:29.040,1.45254,1.45277,1.32,1.75
2014.07.28 09:45:29.545,1.45254,1.45277,1.69,1.00
2014.07.28 09:45:30.217,1.45254,1.45277,1.69,1.00
2014.07.28 09:45:32.524,1.45254,1.45277,1.69,1.25
2014.07.28 09:45:34.746,1.45254,1.45277,1.32,1.19
2014.07.28 09:45:35.281,1.45256,1.45278,1.00,2.07
2014.07.28 09:45:37.191,1.45256,1.45278,1.25,1.32
2014.07.28 09:45:37.732,1.45256,1.45276,1.25,1.00
2014.07.28 09:45:40.633,1.45255,1.45276,1.25,1.25
2014.07.28 09:45:41.164,1.45252,1.45276,1.19,2.44
2014.07.28 09:45:41.707,1.45252,1.45274,1.19,1.00
2014.07.28 09:45:42.217,1.45252,1.45274,1.19,1.25
2014.07.28 09:45:43.049,1.45252,1.45273,1.19,1.00
2014.07.28 09:45:43.599,1.45251,1.45272,1.32,1.00
2014.07.28 09:45:44.115,1.45251,1.45272,1.32,1.00
2014.07.28 09:45:46.105,1.45249,1.45272,1.50,1.00
2014.07.28 09:45:46.157,1.45249,1.4527,1.50,1.00
2014.07.28 09:45:46.258,1.45247,1.45269,1.32,2.07
2014.07.28 09:45:46.360,1.45247,1.45266,1.25,1.00
2014.07.28 09:45:46.563,1.45247,1.45268,1.25,1.69
2014.07.28 09:45:47.101,1.45248,1.45268,1.00,1.25
2014.07.28 09:45:49.847,1.45249,1.4527,1.00,1.38
2014.07.28 09:45:49.948,1.4525,1.4527,1.32,1.00
2014.07.28 09:45:50.202,1.45253,1.45273,1.00,1.00
2014.07.28 09:45:51.397,1.45253,1.45275,1.00,1.69
2014.07.28 09:45:51.907,1.45254,1.45275,1.00,1.32
2014.07.28 09:45:52.865,1.45254,1.45273,1.00,1.00
2014.07.28 09:45:54.035,1.45254,1.45272,1.00,1.00
2014.07.28 09:45:54.894,1.45252,1.45272,1.25,1.00
2014.07.28 09:45:57.244,1.45252,1.45272,1.19,1.00
2014.07.28 09:45:59.388,1.45252,1.45272,1.25,1.00
2014.07.28 09:45:59.891,1.45252,1.45273,1.25,1.25
2014.07.28 09:46:00.405,1.45252,1.45273,1.19,1.00
2014.07.28 09:46:00.544,1.45251,1.45271,1.32,1.00
2014.07.28 09:46:01.047,1.45251,1.45271,1.32,1.00
2014.07.28 09:46:01.581,1.45251,1.4527,1.32,1.00
2014.07.28 09:46:02.966,1.45251,1.4527,1.32,1.00
2014.07.28 09:46:05.025,1.45251,1.4527,1.19,1.00
2014.07.28 09:46:06.102,1.45251,1.4527,1.25,1.00
2014.07.28 09:46:06.153,1.45251,1.45272,1.25,1.25
2014.07.28 09:46:06.355,1.45251,1.4527,1.25,1.00
2014.07.28 09:46:08.105,1.45251,1.45273,1.25,1.69
2014.07.28 09:46:08.264,1.45251,1.45265,1.25,1.00
2014.07.28 09:46:11.454,1.45251,1.45265,1.25,1.75
2014.07.28 09:46:11.984,1.45249,1.45264,1.32,1.75
2014.07.28 09:46:12.514,1.45248,1.45264,1.57,1.50
2014.07.28 09:46:12.616,1.45247,1.45264,1.25,1.75
2014.07.28 09:46:12.920,1.45248,1.45265,1.25,1.75
2014.07.28 09:46:14.438,1.45248,1.45266,1.25,1.75
2014.07.28 09:46:14.950,1.45248,1.45266,1.19,1.75
2014.07.28 09:46:15.466,1.45248,1.45267,1.19,1.50
2014.07.28 09:46:17.025,1.45248,1.45267,1.25,1.50
2014.07.28 09:46:19.682,1.45248,1.45269,1.25,2.00
2014.07.28 09:46:24.002,1.45248,1.45269,1.00,1.88
2014.07.28 09:46:24.154,1.45244,1.45268,1.57,2.82
2014.07.28 09:46:24.889,1.45244,1.45267,1.57,1.69
2014.07.28 09:46:25.041,1.45243,1.45266,2.07,1.75
2014.07.28 09:46:25.496,1.4524,1.45262,4.32,1.00
2014.07.28 09:46:25.800,1.45239,1.45262,1.57,1.75
2014.07.28 09:46:26.795,1.45239,1.45262,1.57,1.75
2014.07.28 09:46:27.894,1.45239,1.45262,1.57,1.75
2014.07.28 09:46:28.893,1.45239,1.45262,1.63,2.00
2014.07.28 09:46:29.879,1.45239,1.45262,1.57,2.00
2014.07.28 09:46:31.284,1.45239,1.45262,1.57,1.50
2014.07.28 09:46:32.186,1.45239,1.45262,2.07,1.50
2014.07.28 09:46:34.744,1.45239,1.45262,1.57,1.50
2014.07.28 09:46:36.276,1.4524,1.45263,1.57,1.50
2014.07.28 09:46:37.108,1.4524,1.45263,2.07,1.50
2014.07.28 09:46:37.662,1.4524,1.45263,2.07,1.75
2014.07.28 09:46:38.220,1.4524,1.45263,1.32,1.75
2014.07.28 09:46:39.647,1.45239,1.45263,2.07,2.25
2014.07.28 09:46:40.616,1.45239,1.45263,2.07,2.44
2014.07.28 09:46:43.797,1.45239,1.45263,3.19,2.44
2014.07.28 09:46:44.325,1.4524,1.45263,1.19,2.25
2014.07.28 09:46:45.144,1.4524,1.45263,1.69,2.25
2014.07.28 09:46:47.814,1.4524,1.45263,1.69,2.25
2014.07.28 09:46:50.864,1.4524,1.45262,1.69,1.75
2014.07.28 09:46:51.279,1.4524,1.45264,1.69,1.32
2014.07.28 09:46:52.113,1.4524,1.45264,2.44,1.32
2014.07.28 09:46:54.102,1.4524,1.45264,1.57,1.69
2014.07.28 09:46:54.808,1.4524,1.45264,1.57,2.00
2014.07.28 09:46:55.765,1.4524,1.45264,2.82,2.44
2014.07.28 09:46:57.953,1.4524,1.45264,2.07,2.00
2014.07.28 09:46:58.461,1.4524,1.45264,2.07,1.75
2014.07.28 09:47:01.105,1.4524,1.45263,2.07,1.50
2014.07.28 09:47:01.613,1.45241,1.45264,1.19,2.25
2014.07.28 09:47:02.144,1.45241,1.45264,1.19,2.25
2014.07.28 09:47:02.674,1.45241,1.45264,1.19,2.25
2014.07.28 09:47:06.334,1.45242,1.45265,1.32,1.69
2014.07.28 09:47:07.550,1.45244,1.45267,1.32,1.50
2014.07.28 09:47:09.738,1.45244,1.45267,1.32,1.75
2014.07.28 09:47:10.841,1.45242,1.45265,2.07,1.50
2014.07.28 09:47:14.622,1.45243,1.45265,1.19,1.75
2014.07.28 09:47:15.856,1.45242,1.45265,2.07,1.75
2014.07.28 09:47:19.053,1.45242,1.45265,1.57,1.75
2014.07.28 09:47:20.302,1.45242,1.45265,1.32,1.75
2014.07.28 09:47:25.185,1.45242,1.45265,1.32,1.50
2014.07.28 09:47:26.979,1.45243,1.45265,1.19,1.50
2014.07.28 09:47:29.074,1.45243,1.45265,1.19,1.50
2014.07.28 09:47:32.883,1.45243,1.45265,1.19,1.50
2014.07.28 09:47:33.455,1.45243,1.45265,1.19,1.50
2014.07.28 09:47:35.390,1.45243,1.45265,1.19,1.50
2014.07.28 09:47:37.902,1.45243,1.45264,2.07,1.00
2014.07.28 09:47:40.686,1.45243,1.45264,2.07,1.88
2014.07.28 09:47:40.737,1.4524,1.45263,2.63,1.13
2014.07.28 09:47:40.839,1.4524,1.45263,1.19,1.19
2014.07.28 09:47:40.941,1.4524,1.45261,1.00,1.38
2014.07.28 09:47:40.991,1.45237,1.45261,1.00,1.88
2014.07.28 09:47:41.042,1.45237,1.45261,1.19,2.44
2014.07.28 09:47:41.143,1.45237,1.45261,1.25,2.44
2014.07.28 09:47:41.414,1.4524,1.4526,1.00,1.63
2014.07.28 09:47:42.452,1.4524,1.4526,1.00,1.57
2014.07.28 09:47:45.031,1.45241,1.4526,1.00,1.32
2014.07.28 09:47:49.184,1.45241,1.45262,1.00,2.25
2014.07.28 09:47:49.285,1.45243,1.45263,1.00,1.63
2014.07.28 09:47:49.336,1.45244,1.45263,1.00,1.25
2014.07.28 09:47:50.141,1.45244,1.45267,1.00,3.12
2014.07.28 09:47:52.550,1.45244,1.45266,1.00,1.32
2014.07.28 09:47:57.864,1.45244,1.45266,1.25,1.13
2014.07.28 09:48:02.692,1.45243,1.45266,1.69,1.32
2014.07.28 09:48:03.201,1.45243,1.45266,1.19,2.07
2014.07.28 09:48:03.936,1.45243,1.45266,1.19,2.07
2014.07.28 09:48:04.485,1.45244,1.45266,1.19,1.32
2014.07.28 09:48:05.296,1.45244,1.45266,1.25,1.32
2014.07.28 09:48:08.141,1.45244,1.45267,1.19,2.74
2014.07.28 09:48:15.033,1.45246,1.45267,1.00,1.99
2014.07.28 09:48:15.625,1.45244,1.45267,1.69,1.62
2014.07.28 09:48:17.085,1.45244,1.45267,1.19,1.62
2014.07.28 09:48:17.667,1.45244,1.45267,1.19,1.62
2014.07.28 09:48:18.082,1.45244,1.45265,1.00,1.32
2014.07.28 09:48:18.133,1.45239,1.45263,2.07,1.38
2014.07.28 09:48:18.285,1.45239,1.45261,1.00,2.82
2014.07.28 09:48:18.437,1.45237,1.45258,1.19,1.38
2014.07.28 09:48:18.742,1.45235,1.45257,1.19,1.69
2014.07.28 09:48:19.680,1.45235,1.45257,1.00,3.19
2014.07.28 09:48:19.990,1.45237,1.45257,1.00,3.19
2014.07.28 09:48:20.294,1.4524,1.45258,1.00,2.07
2014.07.28 09:48:20.547,1.45237,1.45258,1.50,1.19
2014.07.28 09:48:20.960,1.45235,1.45257,1.00,2.82
2014.07.28 09:48:22.084,1.45237,1.45257,1.00,3.19
2014.07.28 09:48:22.388,1.45242,1.45257,1.00,2.07
2014.07.28 09:48:22.489,1.45242,1.4526,1.00,2.44
2014.07.28 09:48:23.570,1.45242,1.45261,1.00,1.69
2014.07.28 09:48:24.178,1.45244,1.45261,1.00,1.32
2014.07.28 09:48:24.838,1.45244,1.45262,1.00,2.82
2014.07.28 09:48:26.101,1.45244,1.45262,1.00,2.82
2014.07.28 09:48:32.126,1.45244,1.45262,1.00,2.07
2014.07.28 09:48:33.743,1.45242,1.45262,1.00,2.07
2014.07.28 09:48:34.257,1.45242,1.45261,1.00,1.69
2014.07.28 09:48:34.832,1.45242,1.4526,1.00,1.32
2014.07.28 09:48:36.841,1.45241,1.45261,1.00,1.69
2014.07.28 09:48:37.505,1.45242,1.45261,1.00,1.69
2014.07.28 09:48:38.177,1.45241,1.45263,1.00,1.75
2014.07.28 09:48:38.228,1.45241,1.45263,1.88,1.38
2014.07.28 09:48:38.279,1.45245,1.45266,1.13,1.00
2014.07.28 09:48:38.381,1.45249,1.45269,1.00,2.07
2014.07.28 09:48:38.836,1.45252,1.4527,1.00,1.19
2014.07.28 09:48:39.138,1.45252,1.45272,1.00,1.57
2014.07.28 09:48:39.795,1.45252,1.45272,1.00,1.57
2014.07.28 09:48:40.483,1.45252,1.45272,1.00,1.63
2014.07.28 09:48:42.329,1.45252,1.45272,1.00,1.32
2014.07.28 09:48:46.080,1.4525,1.45272,1.19,1.32
2014.07.28 09:48:49.683,1.4525,1.45272,1.19,1.88
2014.07.28 09:48:50.687,1.4525,1.45272,1.19,2.07
2014.07.28 09:48:51.238,1.45252,1.45272,1.00,1.32
2014.07.28 09:48:51.871,1.45252,1.45271,1.00,1.00
2014.07.28 09:48:52.023,1.45248,1.4527,1.57,1.25
2014.07.28 09:48:52.530,1.45248,1.45269,1.19,1.00
2014.07.28 09:48:53.123,1.45248,1.45269,1.25,1.00
2014.07.28 09:48:54.041,1.45248,1.45269,1.19,1.00
2014.07.28 09:48:58.196,1.45248,1.45269,1.25,1.25
2014.07.28 09:49:00.190,1.45246,1.45269,1.19,1.63
2014.07.28 09:49:00.763,1.45246,1.45268,1.19,1.25
2014.07.28 09:49:03.027,1.45246,1.45269,1.00,2.07
2014.07.28 09:49:04.031,1.45246,1.45269,1.25,2.07
2014.07.28 09:49:05.887,1.45247,1.45269,1.00,2.44
2014.07.28 09:49:10.370,1.45247,1.45269,1.25,1.69
2014.07.28 09:49:12.158,1.45246,1.45269,1.19,1.13
2014.07.28 09:49:12.260,1.45249,1.4527,1.00,1.25
2014.07.28 09:49:12.769,1.45248,1.4527,1.00,1.32
2014.07.28 09:49:13.301,1.45248,1.4527,1.00,2.07
2014.07.28 09:49:14.897,1.45248,1.4527,1.25,2.07
2014.07.28 09:49:18.892,1.45247,1.4527,1.69,1.50
2014.07.28 09:49:19.146,1.45251,1.45273,1.19,1.25
2014.07.28 09:49:20.003,1.45251,1.45274,1.19,2.07
2014.07.28 09:49:21.453,1.45251,1.45274,1.19,2.07
2014.07.28 09:49:22.195,1.45251,1.45273,1.19,2.00
2014.07.28 09:49:22.745,1.45251,1.45273,1.19,1.25
2014.07.28 09:49:27.838,1.45252,1.45275,1.19,2.07
2014.07.28 09:49:28.343,1.45254,1.45276,1.69,1.32
2014.07.28 09:49:28.921,1.45254,1.45277,1.19,2.44
2014.07.28 09:49:29.331,1.45254,1.45274,1.19,1.00
2014.07.28 09:49:29.636,1.45253,1.45273,1.00,1.19
2014.07.28 09:49:30.141,1.45254,1.45274,1.00,1.69
2014.07.28 09:49:30.665,1.45253,1.45274,1.00,2.44
2014.07.28 09:49:31.203,1.45253,1.45274,1.00,1.69
2014.07.28 09:49:33.617,1.45254,1.45274,1.00,1.19
2014.07.28 09:49:34.744,1.45254,1.45275,1.00,1.32
2014.07.28 09:49:35.691,1.45253,1.45275,1.50,1.32
2014.07.28 09:49:35.792,1.45253,1.45276,1.50,1.32
2014.07.28 09:49:36.970,1.45253,1.45276,1.25,2.07
2014.07.28 09:49:37.175,1.45254,1.45274,1.50,1.32
2014.07.28 09:49:38.511,1.45253,1.45274,1.28,1.19
2014.07.28 09:49:39.279,1.45252,1.45274,1.53,1.19
2014.07.28 09:49:41.973,1.45253,1.45272,1.00,1.19
2014.07.28 09:49:42.282,1.45252,1.4527,1.00,1.19
2014.07.28 09:49:42.383,1.4525,1.4527,1.00,1.69
2014.07.28 09:49:42.586,1.4525,1.45267,1.00,1.32
2014.07.28 09:49:42.637,1.45247,1.45267,1.00,1.32
2014.07.28 09:49:42.788,1.45246,1.45265,1.00,1.19
2014.07.28 09:49:42.839,1.45244,1.45265,1.00,1.19
2014.07.28 09:49:43.598,1.45243,1.45265,1.00,1.32
2014.07.28 09:49:44.106,1.45242,1.45264,1.00,1.57
2014.07.28 09:49:44.340,1.45246,1.45264,1.00,2.07
2014.07.28 09:49:44.644,1.45248,1.45264,1.00,1.32
2014.07.28 09:49:44.694,1.45248,1.45265,1.00,1.32
2014.07.28 09:49:44.846,1.45246,1.45266,1.00,1.69
2014.07.28 09:49:44.948,1.45246,1.45265,1.00,1.57
2014.07.28 09:49:45.941,1.45245,1.45265,1.00,1.57
2014.07.28 09:49:46.517,1.45245,1.45264,1.00,1.57
2014.07.28 09:49:47.047,1.45246,1.45264,1.00,1.57
2014.07.28 09:49:47.770,1.45245,1.45263,1.00,1.57
2014.07.28 09:49:49.129,1.45246,1.45263,1.00,1.57
2014.07.28 09:49:51.082,1.45244,1.45263,1.00,1.57
2014.07.28 09:49:51.336,1.45246,1.45264,1.00,1.57
2014.07.28 09:49:52.348,1.45246,1.45264,1.00,1.57
2014.07.28 09:49:53.421,1.45244,1.45263,1.00,1.57
2014.07.28 09:49:58.232,1.45243,1.45263,1.00,1.57
2014.07.28 09:49:58.960,1.45243,1.45262,1.00,1.57
2014.07.28 09:50:02.668,1.45243,1.45262,1.00,1.32
2014.07.28 09:50:03.672,1.45243,1.45262,1.00,2.07
2014.07.28 09:50:04.196,1.45244,1.45262,1.00,2.07
2014.07.28 09:50:05.979,1.45244,1.45263,1.00,2.07
2014.07.28 09:50:06.525,1.45243,1.45263,1.00,1.19
2014.07.28 09:50:07.184,1.45243,1.45262,1.00,2.44
2014.07.28 09:50:08.684,1.45239,1.45259,1.00,1.50
2014.07.28 09:50:08.735,1.45239,1.45259,1.00,2.44
2014.07.28 09:50:09.927,1.45239,1.45257,1.00,1.19
2014.07.28 09:50:10.534,1.45238,1.45257,1.00,1.19
2014.07.28 09:50:15.147,1.45238,1.45256,1.00,1.19
2014.07.28 09:50:15.662,1.45237,1.45256,1.00,1.19
2014.07.28 09:50:16.174,1.45237,1.45256,1.00,1.69
2014.07.28 09:50:17.398,1.45238,1.45256,1.00,1.69
2014.07.28 09:50:17.903,1.45237,1.45256,1.00,1.69
2014.07.28 09:50:18.734,1.45238,1.45256,1.00,1.69
2014.07.28 09:50:19.574,1.45237,1.45256,1.00,1.69
2014.07.28 09:50:23.746,1.45238,1.45256,1.00,1.19
2014.07.28 09:50:24.779,1.45236,1.45256,1.00,1.69
2014.07.28 09:50:25.725,1.45238,1.45256,1.00,1.69
2014.07.28 09:50:26.264,1.45238,1.45256,1.00,1.19
2014.07.28 09:50:26.739,1.45236,1.45257,1.00,3.19
2014.07.28 09:50:27.705,1.45238,1.45257,1.00,3.19
2014.07.28 09:50:29.905,1.45237,1.45257,1.00,3.19
2014.07.28 09:50:30.804,1.45238,1.45257,1.00,3.19
2014.07.28 09:50:31.305,1.45238,1.45256,1.00,1.19
2014.07.28 09:50:31.827,1.45239,1.45256,1.00,1.19
2014.07.28 09:50:32.413,1.45239,1.45257,1.00,2.44
2014.07.28 09:50:32.545,1.45237,1.45257,1.00,2.44
2014.07.28 09:50:33.730,1.45237,1.45257,1.00,2.44
2014.07.28 09:50:35.114,1.45237,1.45257,1.00,2.44
2014.07.28 09:50:35.349,1.45239,1.45257,1.00,2.44
2014.07.28 09:50:35.652,1.45241,1.45257,1.00,1.00
2014.07.28 09:50:35.805,1.45241,1.45259,1.00,1.00
2014.07.28 09:50:35.907,1.45238,1.4526,1.19,1.25
2014.07.28 09:50:36.110,1.45236,1.4526,1.69,1.69
2014.07.28 09:50:36.616,1.45236,1.45258,1.69,1.00
2014.07.28 09:50:37.022,1.45236,1.45258,1.50,1.19
2014.07.28 09:50:37.558,1.45237,1.45259,1.00,2.07
2014.07.28 09:50:38.434,1.45237,1.45259,1.00,2.07
2014.07.28 09:50:39.430,1.45237,1.45258,1.00,1.19
2014.07.28 09:50:42.586,1.45235,1.45257,1.25,1.32
2014.07.28 09:50:42.889,1.45233,1.45253,1.13,1.25
2014.07.28 09:50:43.394,1.45232,1.45254,1.69,1.19
2014.07.28 09:50:43.947,1.45233,1.45255,1.19,1.25
2014.07.28 09:51:05.516,1.45233,1.45255,1.25,1.69
2014.07.28 09:51:11.925,1.4523,1.45252,2.82,1.00
2014.07.28 09:51:12.437,1.45231,1.45253,1.69,1.00
2014.07.28 09:51:14.384,1.45233,1.45254,1.25,1.25
2014.07.28 09:51:15.008,1.45231,1.45253,1.69,1.00
2014.07.28 09:51:15.950,1.45231,1.45253,1.69,1.25
2014.07.28 09:51:16.953,1.45231,1.45253,1.69,1.00
2014.07.28 09:51:18.674,1.45233,1.45254,1.25,1.25
2014.07.28 09:51:26.454,1.45232,1.45253,1.57,1.00
2014.07.28 09:51:30.478,1.45232,1.45253,1.57,1.00
2014.07.28 09:51:31.892,1.45232,1.45253,1.57,1.00
2014.07.28 09:51:42.519,1.45232,1.45253,1.25,1.25
2014.07.28 09:51:43.064,1.45233,1.45255,1.00,2.44
2014.07.28 09:51:44.657,1.45233,1.45254,1.00,1.94
2014.07.28 09:51:44.910,1.45228,1.45249,1.57,1.00
2014.07.28 09:51:45.214,1.45232,1.45252,1.13,1.69
2014.07.28 09:51:45.265,1.45232,1.45252,1.13,1.25
2014.07.28 09:51:45.669,1.45233,1.45255,1.32,1.69
2014.07.28 09:51:46.663,1.45233,1.45255,1.32,1.25
2014.07.28 09:51:48.646,1.45234,1.45256,1.19,1.69
2014.07.28 09:51:49.885,1.45238,1.45258,1.00,1.32
2014.07.28 09:51:50.341,1.45239,1.4526,1.00,1.57
2014.07.28 09:51:52.633,1.45238,1.4526,1.00,1.57
2014.07.28 09:51:53.173,1.45237,1.45259,1.25,1.57
2014.07.28 09:51:53.686,1.45238,1.45259,1.00,1.57
2014.07.28 09:51:54.223,1.45236,1.45258,1.19,1.32
2014.07.28 09:51:57.979,1.45237,1.45258,1.00,1.32
2014.07.28 09:52:01.442,1.45236,1.45258,1.25,1.32
2014.07.28 09:52:04.613,1.45238,1.45258,1.00,1.32
2014.07.28 09:52:05.605,1.45238,1.45258,1.00,1.32
2014.07.28 09:52:41.150,1.45237,1.45258,1.00,1.00
2014.07.28 09:52:46.233,1.45238,1.45258,1.00,1.25
2014.07.28 09:52:47.450,1.45237,1.45258,1.25,1.25
2014.07.28 09:52:47.969,1.45238,1.45258,1.00,1.25
2014.07.28 09:52:49.405,1.45239,1.45258,1.00,1.25
2014.07.28 09:52:53.589,1.45239,1.45258,1.00,1.19
2014.07.28 09:52:54.723,1.45239,1.45258,1.00,1.25
2014.07.28 09:52:55.727,1.45239,1.45258,1.00,1.19
2014.07.28 09:52:57.036,1.45239,1.45256,1.00,1.00
2014.07.28 09:52:57.087,1.45236,1.45256,1.25,1.00
2014.07.28 09:52:57.593,1.45235,1.45256,1.00,1.25
2014.07.28 09:52:58.229,1.45235,1.45256,1.00,1.69
2014.07.28 09:52:58.743,1.45236,1.45256,1.00,1.69
2014.07.28 09:53:02.616,1.45235,1.45256,1.00,2.07
2014.07.28 09:53:02.718,1.45233,1.45255,1.25,1.32
2014.07.28 09:53:03.585,1.45233,1.45254,1.00,1.19
2014.07.28 09:53:04.180,1.45234,1.45254,1.00,1.19
2014.07.28 09:53:04.587,1.45236,1.45255,1.00,2.07
2014.07.28 09:53:05.477,1.45237,1.45255,1.00,1.25
2014.07.28 09:53:05.780,1.45238,1.45258,1.00,1.32
2014.07.28 09:53:05.932,1.45235,1.45255,1.00,1.19
2014.07.28 09:53:06.462,1.45234,1.45255,1.00,2.07
2014.07.28 09:53:07.075,1.45234,1.45254,1.00,1.57
2014.07.28 09:53:07.592,1.45233,1.45253,1.00,1.32
2014.07.28 09:53:08.140,1.45234,1.45253,1.00,1.32
2014.07.28 09:53:09.882,1.45233,1.45253,1.00,1.32
2014.07.28 09:53:10.492,1.45232,1.45253,1.00,1.32
2014.07.28 09:53:10.994,1.45233,1.45253,1.00,1.32
2014.07.28 09:53:11.756,1.45233,1.45253,1.00,1.32
2014.07.28 09:53:12.293,1.45234,1.45253,1.00,1.32
2014.07.28 09:53:17.632,1.45234,1.45254,1.00,1.25
2014.07.28 09:53:18.446,1.45237,1.45255,1.00,1.19
2014.07.28 09:53:19.449,1.45237,1.45256,1.00,1.25
2014.07.28 09:53:21.434,1.45236,1.45257,1.00,1.19
2014.07.28 09:53:23.976,1.45236,1.45257,1.00,1.69
2014.07.28 09:53:27.312,1.45236,1.45256,1.00,1.32
2014.07.28 09:53:28.434,1.45235,1.45256,1.00,1.57
2014.07.28 09:53:28.687,1.45233,1.45256,1.25,2.44
2014.07.28 09:53:29.597,1.45231,1.45253,1.19,1.25
2014.07.28 09:53:30.228,1.45229,1.45253,1.69,2.07
2014.07.28 09:53:31.249,1.45229,1.45253,1.69,2.07
2014.07.28 09:53:32.437,1.4523,1.45253,1.19,1.32
2014.07.28 09:53:54.102,1.45231,1.45253,1.00,1.00
2014.07.28 09:53:54.830,1.45231,1.45253,1.25,1.19
2014.07.28 09:53:58.273,1.45231,1.45253,1.00,1.19
2014.07.28 09:53:59.213,1.45231,1.45253,1.25,1.19
2014.07.28 09:54:01.473,1.45233,1.45253,1.00,1.19
2014.07.28 09:54:01.524,1.45233,1.45256,1.50,2.07
2014.07.28 09:54:02.030,1.45234,1.45256,1.00,1.32
2014.07.28 09:54:02.705,1.45234,1.45257,1.25,1.69
2014.07.28 09:54:06.067,1.45234,1.45257,1.00,2.44
2014.07.28 09:54:07.042,1.45234,1.45257,1.25,2.44
2014.07.28 09:54:08.364,1.45233,1.45257,1.69,3.94
2014.07.28 09:54:08.516,1.45231,1.45255,1.19,2.07
2014.07.28 09:54:09.026,1.4523,1.45252,1.19,1.00
2014.07.28 09:54:15.010,1.45229,1.45252,1.32,1.00
2014.07.28 09:54:15.986,1.4523,1.45252,1.19,1.25
2014.07.28 09:54:19.014,1.4523,1.45252,1.19,1.63
2014.07.28 09:54:19.116,1.45229,1.45251,1.25,1.13
2014.07.28 09:54:19.420,1.45227,1.4525,1.25,1.19
2014.07.28 09:54:20.430,1.45226,1.45248,1.25,1.19
2014.07.28 09:54:21.150,1.45227,1.45248,1.00,1.19
2014.07.28 09:54:21.776,1.45227,1.45248,1.00,1.25
2014.07.28 09:54:24.618,1.45227,1.45248,1.00,1.19
2014.07.28 09:54:25.521,1.45228,1.45248,1.00,1.19
2014.07.28 09:54:25.825,1.4523,1.4525,1.00,2.07
2014.07.28 09:54:26.743,1.4523,1.4525,1.00,1.57
2014.07.28 09:54:29.823,1.45229,1.4525,1.00,1.57
2014.07.28 09:54:30.897,1.45229,1.4525,1.00,1.63
2014.07.28 09:54:40.399,1.4523,1.4525,1.00,1.57
2014.07.28 09:54:40.911,1.45229,1.4525,1.00,1.57
2014.07.28 09:54:41.583,1.4523,1.4525,1.00,1.57
2014.07.28 09:54:41.937,1.45233,1.4525,1.00,1.13
2014.07.28 09:54:41.987,1.45233,1.45253,1.00,1.32
2014.07.28 09:54:42.494,1.45232,1.45253,1.25,1.32
2014.07.28 09:54:43.296,1.45232,1.45253,1.00,1.38
2014.07.28 09:54:43.347,1.45235,1.45253,1.00,1.38
2014.07.28 09:54:43.499,1.45233,1.45253,1.00,1.32
2014.07.28 09:54:43.650,1.45234,1.4525,1.00,1.00
2014.07.28 09:54:45.290,1.45234,1.45256,1.50,2.25
2014.07.28 09:54:45.341,1.45237,1.45258,1.00,1.75
2014.07.28 09:54:45.846,1.45237,1.45257,1.00,1.00
2014.07.28 09:54:46.402,1.45237,1.45257,1.19,1.00
2014.07.28 09:54:47.408,1.45237,1.45257,1.19,1.00
2014.07.28 09:54:47.968,1.45235,1.45256,1.69,1.00
2014.07.28 09:54:48.019,1.45234,1.45256,1.32,1.00
2014.07.28 09:54:48.070,1.45232,1.45256,3.38,1.50
2014.07.28 09:54:48.576,1.45234,1.45256,1.32,1.00
2014.07.28 09:54:49.479,1.45232,1.45256,2.82,1.38
2014.07.28 09:54:50.501,1.45232,1.45256,3.57,1.38
2014.07.28 09:54:52.953,1.45233,1.45256,1.57,1.38
2014.07.28 09:54:53.950,1.45233,1.45256,1.57,1.38
2014.07.28 09:54:55.314,1.45234,1.45256,1.32,1.38
2014.07.28 09:54:55.904,1.45234,1.45256,1.32,1.13
2014.07.28 09:54:56.666,1.45234,1.45256,1.32,1.13
2014.07.28 09:55:00.862,1.45234,1.45256,1.32,1.13
2014.07.28 09:55:18.299,1.45235,1.45258,1.25,2.07
2014.07.28 09:55:21.619,1.45233,1.45256,1.32,1.13
2014.07.28 09:55:21.721,1.45238,1.45256,1.19,1.00
2014.07.28 09:55:21.772,1.45238,1.4526,1.19,1.63
2014.07.28 09:55:22.334,1.45238,1.45259,1.00,2.00
2014.07.28 09:55:22.385,1.45235,1.45259,1.69,2.44
2014.07.28 09:55:22.901,1.45235,1.45257,1.19,1.00
2014.07.28 09:55:26.267,1.45235,1.45259,1.88,2.63
2014.07.28 09:55:26.319,1.45238,1.45259,1.00,1.13
2014.07.28 09:55:26.623,1.45238,1.45261,1.57,1.69
2014.07.28 09:55:28.128,1.45241,1.45261,1.00,1.25
2014.07.28 09:55:30.104,1.45241,1.45262,1.25,2.07
2014.07.28 09:55:32.254,1.4524,1.45262,1.19,2.07
2014.07.28 09:55:32.658,1.45238,1.45261,1.69,1.88
2014.07.28 09:55:33.188,1.45238,1.45261,1.69,1.75
2014.07.28 09:55:33.455,1.45238,1.45261,1.19,1.75
2014.07.28 09:55:34.996,1.45238,1.45261,1.00,1.75
2014.07.28 09:55:35.052,1.45242,1.45261,1.00,1.00
2014.07.28 09:55:35.154,1.45242,1.45264,1.00,1.32
2014.07.28 09:55:35.458,1.4524,1.45262,1.32,1.00
2014.07.28 09:55:36.366,1.4524,1.45262,1.19,1.00
2014.07.28 09:55:41.188,1.45241,1.45262,1.25,1.25
2014.07.28 09:55:42.693,1.45241,1.45262,1.19,1.00
2014.07.28 09:55:47.260,1.45238,1.45261,1.19,1.25
2014.07.28 09:55:47.311,1.45238,1.45261,1.19,1.63
2014.07.28 09:55:47.513,1.45236,1.45259,1.19,1.63
2014.07.28 09:55:49.857,1.45236,1.45259,1.19,1.69
2014.07.28 09:55:51.830,1.45236,1.45259,1.19,1.69
2014.07.28 09:56:00.669,1.45236,1.45259,1.19,1.69
2014.07.28 09:56:01.894,1.45236,1.45259,1.25,2.44
2014.07.28 09:56:02.578,1.45236,1.45257,1.00,2.07
2014.07.28 09:56:02.781,1.45231,1.45251,1.00,1.00
2014.07.28 09:56:03.313,1.4523,1.45251,1.25,1.00
2014.07.28 09:56:03.830,1.45231,1.45251,1.00,1.25
2014.07.28 09:56:04.341,1.45229,1.45251,1.19,1.25
2014.07.28 09:56:04.745,1.45227,1.45248,1.19,1.00
2014.07.28 09:56:04.847,1.45227,1.4525,1.19,1.00
2014.07.28 09:56:04.898,1.45227,1.4525,1.19,1.32
2014.07.28 09:56:05.201,1.45226,1.45248,1.25,1.32
2014.07.28 09:56:05.997,1.45226,1.45248,1.00,2.82
2014.07.28 09:56:06.502,1.45223,1.45244,1.25,1.25
2014.07.28 09:56:07.237,1.45223,1.45243,1.25,1.00
2014.07.28 09:56:07.440,1.45223,1.45246,1.25,2.07
2014.07.28 09:56:07.643,1.4522,1.45243,2.44,1.32
2014.07.28 09:56:08.196,1.45219,1.45241,1.19,1.00
2014.07.28 09:56:08.717,1.45219,1.45241,1.00,1.19
2014.07.28 09:56:11.664,1.45219,1.45242,1.25,1.69
2014.07.28 09:56:12.636,1.45221,1.45242,1.00,1.25
2014.07.28 09:56:12.940,1.45226,1.4525,1.69,3.49
2014.07.28 09:56:13.446,1.45226,1.45248,1.25,1.13
2014.07.28 09:56:13.846,1.45225,1.45248,1.19,1.88
2014.07.28 09:56:14.457,1.45225,1.45248,1.25,2.44
2014.07.28 09:56:15.457,1.45223,1.45247,1.69,2.82
2014.07.28 09:56:16.386,1.45223,1.45246,1.50,2.07
2014.07.28 09:56:16.690,1.45221,1.45243,1.25,1.32
2014.07.28 09:56:16.842,1.45222,1.45244,1.69,1.32
2014.07.28 09:56:18.806,1.45222,1.45244,1.19,1.13
2014.07.28 09:56:19.110,1.45225,1.45246,1.25,1.88
2014.07.28 09:56:19.617,1.45225,1.45248,1.25,2.07
2014.07.28 09:56:20.126,1.45226,1.45248,1.00,1.69
2014.07.28 09:56:22.806,1.45225,1.45249,2.82,2.82
2014.07.28 09:56:23.211,1.45226,1.45249,2.07,1.80
2014.07.28 09:56:23.720,1.4523,1.45251,1.00,1.32
2014.07.28 09:56:44.086,1.45227,1.45251,1.32,1.57
2014.07.28 09:56:44.556,1.45226,1.45244,2.44,1.00
2014.07.28 09:56:44.607,1.45226,1.45244,1.69,1.00
2014.07.28 09:56:44.658,1.45224,1.4524,1.19,1.00
2014.07.28 09:56:44.759,1.45222,1.45244,1.69,1.35
2014.07.28 09:56:45.377,1.45223,1.45244,1.25,1.05
2014.07.28 09:56:45.529,1.45223,1.45239,1.00,1.00
2014.07.28 09:56:45.579,1.4522,1.45239,1.00,1.00
2014.07.28 09:56:45.630,1.4522,1.45237,1.00,1.00
2014.07.28 09:56:46.154,1.45216,1.45238,1.57,1.50
2014.07.28 09:56:46.671,1.45216,1.45238,1.57,1.50
2014.07.28 09:56:47.187,1.45219,1.45238,1.00,1.00
2014.07.28 09:56:51.597,1.45215,1.4523,1.38,1.00
2014.07.28 09:56:51.648,1.45214,1.4523,1.63,1.00
2014.07.28 09:56:51.699,1.45213,1.4523,1.00,1.00
2014.07.28 09:56:51.800,1.45211,1.4523,1.25,1.00
2014.07.28 09:56:52.365,1.45212,1.45231,1.00,1.35
2014.07.28 09:56:52.618,1.45214,1.4523,1.00,1.00
2014.07.28 09:56:52.669,1.45214,1.45234,1.00,1.32
2014.07.28 09:56:52.720,1.45212,1.45234,1.00,1.19
2014.07.28 09:56:53.124,1.4521,1.45231,1.00,1.32
2014.07.28 09:56:53.650,1.45209,1.45229,1.00,1.25
2014.07.28 09:56:56.194,1.45209,1.45225,1.00,1.00
2014.07.28 09:56:56.700,1.45208,1.45225,1.25,1.00
2014.07.28 09:57:00.003,1.45206,1.45225,1.00,1.00
2014.07.28 09:57:00.521,1.45207,1.45226,1.00,1.00
2014.07.28 09:57:01.035,1.45207,1.45227,1.00,1.00
2014.07.28 09:57:01.136,1.45207,1.4523,1.00,1.57
2014.07.28 09:57:01.672,1.45207,1.4523,1.19,1.57
2014.07.28 09:57:02.870,1.45207,1.4523,1.25,2.07
2014.07.28 09:57:04.852,1.45207,1.45229,1.00,1.32
2014.07.28 09:57:05.369,1.45206,1.45228,1.25,1.57
2014.07.28 09:57:06.348,1.45206,1.45228,1.00,2.07
2014.07.28 09:57:08.248,1.45205,1.45227,1.25,1.19
2014.07.28 09:57:11.215,1.45206,1.45226,1.00,1.25
2014.07.28 09:57:11.418,1.45202,1.45226,2.07,2.44
2014.07.28 09:57:15.097,1.45203,1.45226,1.19,1.19
2014.07.28 09:57:18.843,1.45203,1.45224,1.19,1.00
2014.07.28 09:57:19.372,1.45203,1.45225,1.19,1.25
2014.07.28 09:57:20.595,1.45203,1.45224,1.19,1.00
2014.07.28 09:57:21.174,1.45203,1.45224,1.25,1.00
2014.07.28 09:57:21.904,1.45203,1.45224,1.19,1.00
2014.07.28 09:57:22.495,1.45202,1.45225,1.32,1.00
2014.07.28 09:57:23.018,1.45202,1.45225,1.32,1.25
2014.07.28 09:57:29.764,1.45203,1.45225,1.25,1.00
2014.07.28 09:57:30.288,1.45203,1.45226,1.25,1.25
2014.07.28 09:57:30.850,1.45203,1.45226,1.19,1.19
2014.07.28 09:57:31.856,1.45203,1.45224,1.00,1.00
2014.07.28 09:57:32.310,1.45203,1.45226,1.63,1.19
2014.07.28 09:57:32.361,1.45203,1.45227,1.57,1.69
2014.07.28 09:57:33.378,1.45203,1.45227,2.07,1.69
2014.07.28 09:57:38.960,1.45203,1.45227,2.07,1.69
2014.07.28 09:57:58.349,1.45206,1.45229,1.57,1.19
2014.07.28 09:57:58.703,1.45208,1.4523,1.57,1.25
2014.07.28 09:57:59.724,1.45208,1.4523,1.57,1.00
2014.07.28 09:58:00.927,1.45208,1.4523,1.57,1.25
2014.07.28 09:58:02.259,1.45208,1.4523,1.57,1.00
2014.07.28 09:58:05.470,1.45207,1.4523,1.57,1.25
2014.07.28 09:58:06.357,1.45206,1.45229,1.32,1.19
2014.07.28 09:58:07.353,1.45206,1.4523,2.07,1.69
2014.07.28 09:58:07.858,1.45207,1.4523,1.57,1.19
2014.07.28 09:58:08.359,1.45207,1.4523,1.57,1.00
2014.07.28 09:58:09.513,1.45207,1.4523,1.57,1.00
2014.07.28 09:58:10.549,1.45208,1.45231,1.57,1.25
2014.07.28 09:58:14.789,1.45208,1.45231,1.57,1.99
2014.07.28 09:58:22.649,1.45207,1.4523,1.57,1.19
2014.07.28 09:58:23.639,1.45207,1.4523,1.57,1.25
2014.07.28 09:58:25.327,1.45209,1.4523,1.13,1.19
2014.07.28 09:58:25.901,1.4521,1.4523,1.00,1.19
2014.07.28 09:58:26.427,1.4521,1.4523,1.00,1.19
2014.07.28 09:58:27.339,1.45209,1.4523,1.00,1.19
2014.07.28 09:58:27.441,1.45206,1.45229,1.13,2.44
2014.07.28 09:58:27.593,1.45206,1.45225,1.00,1.00
2014.07.28 09:58:27.694,1.45206,1.45227,1.00,1.69
2014.07.28 09:58:30.117,1.45206,1.45224,1.00,1.00
2014.07.28 09:58:31.142,1.45207,1.45224,1.00,1.00
2014.07.28 09:58:34.858,1.45207,1.45225,1.00,1.00
2014.07.28 09:58:36.334,1.45206,1.45225,1.25,1.00
2014.07.28 09:58:43.573,1.45202,1.45225,1.32,1.25
2014.07.28 09:58:44.596,1.45202,1.45225,1.32,2.44
2014.07.28 09:58:51.192,1.45202,1.45225,2.07,1.94
2014.07.28 09:58:51.723,1.45202,1.45224,2.07,1.25
2014.07.28 09:58:53.992,1.45202,1.45226,2.07,2.44
2014.07.28 09:58:56.341,1.45202,1.45226,2.07,1.69
2014.07.28 09:58:59.911,1.45202,1.45226,1.69,1.69
2014.07.28 09:59:00.953,1.45203,1.45226,1.25,1.19
2014.07.28 09:59:01.463,1.45204,1.45226,1.00,1.19
2014.07.28 09:59:01.990,1.45204,1.45227,1.69,1.69
2014.07.28 09:59:03.501,1.45204,1.45227,1.50,1.69
2014.07.28 09:59:06.303,1.45203,1.45227,1.25,2.44
2014.07.28 09:59:06.851,1.45204,1.45227,1.00,1.69
2014.07.28 09:59:21.608,1.45204,1.45227,1.38,3.57
2014.07.28 09:59:22.370,1.45204,1.45227,1.63,2.82
2014.07.28 09:59:22.910,1.45204,1.45227,1.63,1.32
2014.07.28 09:59:23.417,1.45206,1.45228,1.13,1.19
2014.07.28 09:59:23.937,1.45206,1.45228,1.13,1.00
2014.07.28 09:59:24.089,1.45205,1.45225,1.00,1.38
2014.07.28 09:59:24.190,1.45201,1.45223,1.63,2.07
2014.07.28 09:59:24.241,1.45201,1.4522,1.63,1.00
2014.07.28 09:59:26.221,1.45199,1.4522,1.57,1.00
2014.07.28 09:59:29.878,1.45199,1.45221,2.44,1.00
2014.07.28 09:59:29.980,1.45199,1.45223,3.94,1.50
2014.07.28 09:59:30.081,1.45201,1.45223,1.57,1.00
2014.07.28 09:59:30.347,1.45199,1.45223,2.82,1.69
2014.07.28 09:59:30.954,1.45199,1.45221,2.07,1.25
2014.07.28 09:59:33.603,1.45199,1.45221,1.38,1.00
2014.07.28 09:59:33.907,1.45195,1.45217,1.25,1.69
2014.07.28 09:59:34.213,1.45191,1.45212,1.38,1.00
2014.07.28 09:59:34.745,1.4519,1.45212,1.63,1.00
2014.07.28 09:59:39.284,1.45189,1.45212,1.57,1.19
2014.07.28 09:59:40.388,1.4519,1.45212,1.57,1.25
2014.07.28 09:59:42.522,1.4519,1.45212,1.57,1.25
2014.07.28 09:59:42.775,1.45192,1.45215,2.07,1.00
2014.07.28 09:59:42.978,1.45194,1.45217,1.63,1.25
2014.07.28 09:59:43.970,1.45192,1.45215,2.44,1.00
2014.07.28 09:59:44.485,1.45192,1.45215,1.69,1.50
2014.07.28 09:59:44.914,1.45192,1.45215,1.69,1.50
2014.07.28 09:59:47.392,1.45192,1.45215,2.82,1.00
2014.07.28 09:59:49.024,1.45192,1.45215,1.57,1.25
2014.07.28 09:59:51.533,1.45192,1.45215,1.57,1.00
2014.07.28 09:59:52.070,1.45192,1.45216,1.57,1.32
2014.07.28 09:59:52.722,1.45192,1.45215,1.57,1.00
2014.07.28 09:59:53.243,1.45192,1.45215,1.32,1.00
2014.07.28 09:59:56.448,1.45192,1.45215,2.07,1.25
2014.07.28 09:59:58.117,1.45192,1.45214,2.44,1.00
