2009.07.01 10:00:07.651,1.6285,1.62895,1.20,6.40
2009.07.01 10:00:07.981,1.6285,1.62895,12.40,1.60
2009.07.01 10:00:08.221,1.6285,1.62895,14.00,1.60
2009.07.01 10:00:24.387,1.62835,1.6289,3.20,8.00
2009.07.01 10:00:30.875,1.62835,1.62885,1.80,6.40
2009.07.01 10:00:31.095,1.62835,1.62885,1.80,8.00
2009.07.01 10:00:31.325,1.6283,1.62885,14.40,8.00
2009.07.01 10:00:31.725,1.6283,1.62885,3.20,8.00
2009.07.01 10:00:37.204,1.62835,1.62885,12.40,8.00
2009.07.01 10:00:37.954,1.62835,1.62885,3.20,8.00
2009.07.01 10:00:44.022,1.62815,1.62865,12.40,4.80
2009.07.01 10:00:44.372,1.6283,1.62865,1.20,1.60
2009.07.01 10:00:44.722,1.62835,1.62865,1.20,1.60
2009.07.01 10:00:45.112,1.6283,1.6288,1.80,6.40
2009.07.01 10:00:45.292,1.62825,1.6288,14.40,6.40
2009.07.01 10:00:46.152,1.62825,1.6288,6.40,6.40
2009.07.01 10:00:46.412,1.62825,1.62875,3.20,3.20
2009.07.01 10:00:46.742,1.62825,1.62875,3.20,4.80
2009.07.01 10:00:47.552,1.6283,1.62875,12.40,1.60
2009.07.01 10:00:47.832,1.6283,1.6288,12.40,8.00
2009.07.01 10:00:48.121,1.62825,1.6288,3.20,8.00
2009.07.01 10:00:49.121,1.62825,1.62875,3.20,3.20
2009.07.01 10:00:49.911,1.62825,1.62875,3.20,4.80
2009.07.01 10:00:50.261,1.6283,1.6287,11.20,6.40
2009.07.01 10:00:50.741,1.6282,1.6287,12.40,4.80
2009.07.01 10:00:51.830,1.6282,1.6287,12.40,1.60
2009.07.01 10:00:52.120,1.6282,1.62875,12.40,1.60
2009.07.01 10:00:52.470,1.6283,1.62875,12.40,1.60
2009.07.01 10:00:52.700,1.6283,1.62885,12.40,4.80
2009.07.01 10:00:52.930,1.6283,1.62885,3.20,4.80
2009.07.01 10:00:53.320,1.6283,1.62885,3.20,6.40
2009.07.01 10:00:53.670,1.6283,1.62885,3.20,8.00
2009.07.01 10:00:54.820,1.6283,1.62885,3.20,3.20
2009.07.01 10:00:55.169,1.6284,1.6289,12.40,4.80
2009.07.01 10:00:56.529,1.62835,1.6289,3.20,8.00
2009.07.01 10:00:56.989,1.62835,1.6288,1.80,3.20
2009.07.01 10:00:57.169,1.6284,1.62875,11.20,3.20
2009.07.01 10:00:57.809,1.6283,1.62875,11.20,8.00
2009.07.01 10:00:58.039,1.6282,1.62875,12.40,8.00
2009.07.01 10:00:59.868,1.6282,1.6287,12.40,3.20
2009.07.01 10:00:59.988,1.6282,1.6287,12.40,6.40
2009.07.01 10:01:00.338,1.6282,1.6287,12.40,8.00
2009.07.01 10:01:00.808,1.62815,1.6287,3.20,8.00
2009.07.01 10:01:01.138,1.6282,1.62865,11.20,6.40
2009.07.01 10:01:01.438,1.6281,1.62865,13.00,8.00
2009.07.01 10:01:01.738,1.62805,1.62865,14.40,8.00
2009.07.01 10:01:02.798,1.62805,1.62865,14.40,6.40
2009.07.01 10:01:03.198,1.62815,1.62865,12.40,4.80
2009.07.01 10:01:03.478,1.62815,1.6287,12.40,8.00
2009.07.01 10:01:03.598,1.6282,1.62865,1.20,1.60
2009.07.01 10:01:03.938,1.6282,1.6287,12.40,8.00
2009.07.01 10:01:06.457,1.6282,1.6287,12.40,3.20
2009.07.01 10:01:06.638,1.6282,1.6287,12.40,1.60
2009.07.01 10:01:06.697,1.6283,1.6287,1.20,1.60
2009.07.01 10:01:07.097,1.62825,1.62875,3.20,1.60
2009.07.01 10:01:07.727,1.62825,1.6288,3.20,8.00
2009.07.01 10:01:08.756,1.62825,1.6288,14.40,8.00
2009.07.01 10:01:09.676,1.62825,1.6288,14.40,6.40
2009.07.01 10:01:09.956,1.62835,1.62875,11.20,3.20
2009.07.01 10:01:10.296,1.62835,1.6287,3.20,3.20
2009.07.01 10:01:10.636,1.62825,1.6287,11.20,4.80
2009.07.01 10:01:11.156,1.62825,1.62875,12.40,8.00
2009.07.01 10:01:15.795,1.62825,1.62875,3.20,1.60
2009.07.01 10:01:15.975,1.6283,1.62875,12.40,1.60
2009.07.01 10:01:18.474,1.6283,1.62875,11.20,1.60
2009.07.01 10:01:18.924,1.6283,1.62875,3.20,1.60
2009.07.01 10:01:18.974,1.62825,1.62875,12.40,1.60
2009.07.01 10:01:22.143,1.62825,1.62875,3.20,1.60
2009.07.01 10:01:23.163,1.6283,1.62875,12.40,1.60
2009.07.01 10:01:23.633,1.6283,1.6288,12.40,4.80
2009.07.01 10:01:23.863,1.62825,1.6288,3.20,4.80
2009.07.01 10:01:24.453,1.62825,1.62875,3.20,1.60
2009.07.01 10:01:26.352,1.6283,1.62875,12.40,1.60
2009.07.01 10:01:26.742,1.6283,1.6288,14.00,1.60
2009.07.01 10:01:27.022,1.6283,1.62885,3.20,8.00
2009.07.01 10:01:27.202,1.6283,1.62885,14.40,8.00
2009.07.01 10:01:27.742,1.6283,1.62885,11.20,8.00
2009.07.01 10:01:27.963,1.6283,1.62885,3.20,8.00
2009.07.01 10:01:32.840,1.62835,1.6288,11.20,3.20
2009.07.01 10:01:33.200,1.62835,1.6288,11.20,4.80
2009.07.01 10:01:33.540,1.6283,1.6288,19.60,4.80
2009.07.01 10:01:36.120,1.62825,1.6288,8.80,4.80
2009.07.01 10:01:36.980,1.6283,1.6288,19.60,4.80
2009.07.01 10:01:55.945,1.6283,1.62875,19.60,6.40
2009.07.01 10:01:58.015,1.6283,1.6288,19.60,8.00
2009.07.01 10:01:58.404,1.62825,1.62875,8.80,3.20
2009.07.01 10:01:58.744,1.6283,1.62875,10.00,4.80
2009.07.01 10:01:58.964,1.6283,1.6288,11.60,8.00
2009.07.01 10:01:59.144,1.6283,1.6288,19.60,8.00
2009.07.01 10:02:04.703,1.62835,1.6288,1.20,1.60
2009.07.01 10:02:05.083,1.6284,1.62885,4.40,1.60
2009.07.01 10:02:05.373,1.62835,1.6289,3.20,4.80
2009.07.01 10:02:05.723,1.62835,1.62885,3.20,3.20
2009.07.01 10:02:06.082,1.62835,1.62885,12.40,3.20
2009.07.01 10:02:06.422,1.62835,1.62885,12.40,4.80
2009.07.01 10:02:07.332,1.6284,1.6289,11.20,4.80
2009.07.01 10:02:07.512,1.6284,1.6289,12.40,4.80
2009.07.01 10:02:07.802,1.6285,1.6289,1.80,1.60
2009.07.01 10:02:08.102,1.6285,1.629,1.80,8.00
2009.07.01 10:02:08.442,1.6285,1.629,1.80,1.60
2009.07.01 10:02:08.782,1.62855,1.629,12.40,1.60
2009.07.01 10:02:09.172,1.62865,1.629,1.20,1.60
2009.07.01 10:02:09.512,1.62865,1.6291,12.40,3.20
2009.07.01 10:02:09.862,1.6286,1.62915,13.00,8.00
2009.07.01 10:02:10.192,1.6287,1.6291,11.20,3.20
2009.07.01 10:02:10.541,1.62845,1.62905,14.40,3.20
2009.07.01 10:02:10.881,1.62845,1.62905,14.40,6.40
2009.07.01 10:02:11.241,1.62845,1.62905,3.20,8.00
2009.07.01 10:02:11.531,1.6285,1.62905,11.20,8.00
2009.07.01 10:02:11.821,1.62855,1.62905,11.20,3.20
2009.07.01 10:02:12.111,1.6285,1.62905,3.20,3.20
2009.07.01 10:02:12.911,1.6285,1.62905,14.40,3.20
2009.07.01 10:02:14.181,1.6286,1.62905,12.40,4.80
2009.07.01 10:02:14.350,1.62855,1.62905,1.80,1.60
2009.07.01 10:02:14.900,1.6285,1.62905,14.40,3.20
2009.07.01 10:02:15.250,1.6285,1.62905,6.40,3.20
2009.07.01 10:02:15.580,1.62855,1.62905,11.20,3.20
2009.07.01 10:02:16.330,1.6285,1.62905,14.00,3.20
2009.07.01 10:02:28.157,1.6285,1.62905,11.20,3.20
2009.07.01 10:02:28.458,1.6285,1.62905,14.40,3.20
2009.07.01 10:02:31.046,1.62865,1.62905,3.20,4.80
2009.07.01 10:02:31.287,1.62865,1.62905,11.20,4.80
2009.07.01 10:02:31.566,1.62865,1.62905,8.00,3.20
2009.07.01 10:02:31.887,1.6285,1.6291,14.40,8.00
2009.07.01 10:02:37.045,1.62855,1.62905,11.20,3.20
2009.07.01 10:02:37.165,1.62855,1.62905,11.20,1.60
2009.07.01 10:02:37.615,1.6285,1.62905,3.20,1.60
2009.07.01 10:02:37.965,1.62855,1.62905,3.20,1.60
2009.07.01 10:02:38.655,1.62865,1.6292,12.40,8.00
2009.07.01 10:02:38.834,1.6287,1.6292,3.20,8.00
2009.07.01 10:02:39.175,1.62865,1.6292,3.20,3.20
2009.07.01 10:02:44.313,1.62865,1.6292,3.20,6.40
2009.07.01 10:02:44.903,1.62865,1.6292,3.20,4.80
2009.07.01 10:02:45.123,1.6287,1.6292,12.40,4.80
2009.07.01 10:02:45.303,1.62865,1.6292,3.20,1.60
2009.07.01 10:02:45.703,1.62865,1.6292,3.20,3.20
2009.07.01 10:02:45.813,1.6287,1.6292,12.40,8.00
2009.07.01 10:02:46.153,1.6287,1.6292,12.40,4.80
2009.07.01 10:02:46.273,1.6287,1.6292,14.00,4.80
2009.07.01 10:02:52.031,1.62845,1.62905,14.40,1.60
2009.07.01 10:02:52.382,1.62845,1.62905,3.20,1.60
2009.07.01 10:02:53.821,1.62865,1.62905,1.20,1.60
2009.07.01 10:02:54.501,1.62865,1.62915,12.40,6.40
2009.07.01 10:02:55.531,1.6287,1.6292,12.40,8.00
2009.07.01 10:02:55.890,1.6287,1.6292,12.40,9.60
2009.07.01 10:03:01.759,1.62865,1.6292,12.40,3.20
2009.07.01 10:03:01.979,1.62865,1.6292,12.40,4.80
2009.07.01 10:03:02.219,1.62865,1.6291,11.20,1.60
2009.07.01 10:03:02.609,1.6286,1.6291,11.20,1.60
2009.07.01 10:03:03.399,1.6286,1.62915,12.40,4.80
2009.07.01 10:03:03.749,1.6286,1.62915,11.20,4.80
2009.07.01 10:03:04.438,1.6286,1.6291,11.20,1.60
2009.07.01 10:03:06.668,1.6286,1.6291,11.20,3.20
2009.07.01 10:03:07.178,1.6285,1.6291,14.40,6.40
2009.07.01 10:03:07.228,1.6285,1.6291,12.40,6.40
2009.07.01 10:03:07.528,1.6285,1.62905,12.40,1.60
2009.07.01 10:03:09.377,1.62855,1.62905,9.20,1.60
2009.07.01 10:03:09.597,1.62855,1.62905,12.40,1.60
2009.07.01 10:03:09.877,1.62855,1.6291,12.40,3.20
2009.07.01 10:03:10.847,1.6285,1.6291,3.20,6.40
2009.07.01 10:03:11.017,1.6285,1.629,3.20,1.60
2009.07.01 10:03:11.667,1.62855,1.629,11.20,1.60
2009.07.01 10:03:12.536,1.6285,1.629,3.20,1.60
2009.07.01 10:03:13.276,1.62855,1.629,11.20,1.60
2009.07.01 10:03:13.566,1.62855,1.629,12.40,1.60
2009.07.01 10:03:13.856,1.6286,1.6291,11.20,3.20
2009.07.01 10:03:14.386,1.6285,1.6291,14.40,3.20
2009.07.01 10:03:15.266,1.6286,1.6291,8.00,1.60
2009.07.01 10:03:15.556,1.6286,1.6291,11.20,1.60
2009.07.01 10:03:15.846,1.6287,1.62915,1.20,1.60
2009.07.01 10:03:16.196,1.6287,1.6292,9.20,6.40
2009.07.01 10:03:16.665,1.62865,1.6292,3.20,3.20
2009.07.01 10:03:17.176,1.62865,1.6291,12.40,1.60
2009.07.01 10:03:17.465,1.6287,1.62915,1.20,1.60
2009.07.01 10:03:17.855,1.6287,1.6292,1.20,3.20
2009.07.01 10:03:18.185,1.6287,1.6292,9.20,3.20
2009.07.01 10:03:18.355,1.6287,1.6292,12.40,3.20
2009.07.01 10:03:18.885,1.62865,1.6292,12.40,3.20
2009.07.01 10:03:19.288,1.62865,1.6292,11.20,9.60
2009.07.01 10:03:19.625,1.6286,1.6291,11.20,1.60
2009.07.01 10:03:21.624,1.6286,1.62915,11.20,3.20
2009.07.01 10:03:22.115,1.6286,1.62915,11.20,6.40
2009.07.01 10:03:22.395,1.62845,1.6291,14.40,3.20
2009.07.01 10:03:22.454,1.62845,1.629,14.40,1.60
2009.07.01 10:03:22.784,1.62845,1.629,3.20,1.60
2009.07.01 10:03:24.104,1.6285,1.629,12.40,1.60
2009.07.01 10:03:24.434,1.62855,1.62905,11.20,1.60
2009.07.01 10:03:24.534,1.62845,1.62905,14.40,1.60
2009.07.01 10:03:24.874,1.62845,1.629,3.20,1.60
2009.07.01 10:03:26.163,1.62845,1.629,3.20,1.60
2009.07.01 10:03:26.613,1.6286,1.629,1.20,1.60
2009.07.01 10:03:26.963,1.62855,1.62915,12.40,9.60
2009.07.01 10:03:27.303,1.62845,1.62915,12.80,6.40
2009.07.01 10:03:27.583,1.62845,1.62915,4.80,6.40
2009.07.01 10:03:27.763,1.6285,1.62905,1.60,3.20
2009.07.01 10:03:27.933,1.62845,1.62905,12.40,6.40
2009.07.01 10:03:28.163,1.62845,1.62905,12.40,8.00
2009.07.01 10:03:28.333,1.62845,1.629,12.40,3.20
2009.07.01 10:03:28.863,1.62845,1.629,1.20,3.20
2009.07.01 10:03:29.202,1.62845,1.629,12.40,3.20
2009.07.01 10:03:29.842,1.6285,1.629,1.20,3.20
2009.07.01 10:03:30.062,1.6285,1.629,1.20,1.60
2009.07.01 10:03:31.012,1.62835,1.62895,9.80,4.80
2009.07.01 10:03:31.242,1.62835,1.62895,1.80,4.80
2009.07.01 10:03:31.352,1.62835,1.62895,1.60,4.80
2009.07.01 10:03:31.622,1.6284,1.6289,1.20,1.60
2009.07.01 10:03:31.962,1.6284,1.62895,1.20,1.60
2009.07.01 10:03:33.092,1.6284,1.629,12.40,1.60
2009.07.01 10:03:33.681,1.62855,1.629,1.20,1.60
2009.07.01 10:03:34.301,1.6285,1.629,12.40,1.60
2009.07.01 10:03:34.471,1.6285,1.6291,12.40,6.40
2009.07.01 10:03:34.651,1.6285,1.629,9.20,1.60
2009.07.01 10:03:34.951,1.6284,1.629,3.20,1.60
2009.07.01 10:03:35.301,1.6284,1.629,3.20,4.80
2009.07.01 10:03:35.641,1.62845,1.629,11.20,4.80
2009.07.01 10:03:35.991,1.62845,1.62895,12.40,1.60
2009.07.01 10:03:36.341,1.62845,1.629,12.40,1.60
2009.07.01 10:03:36.571,1.6285,1.629,1.20,1.60
2009.07.01 10:03:36.751,1.6285,1.62905,4.40,1.60
2009.07.01 10:03:37.110,1.6285,1.62905,12.40,1.60
2009.07.01 10:03:38.031,1.6285,1.6291,12.40,6.40
2009.07.01 10:03:38.210,1.6285,1.6291,12.40,4.80
2009.07.01 10:03:38.720,1.6285,1.629,12.40,1.60
2009.07.01 10:03:40.830,1.62845,1.629,3.20,1.60
2009.07.01 10:03:41.270,1.62845,1.629,3.20,3.20
2009.07.01 10:03:42.589,1.6284,1.629,12.40,6.40
2009.07.01 10:03:42.649,1.6284,1.629,9.20,6.40
2009.07.01 10:03:42.879,1.62835,1.62895,14.40,1.60
2009.07.01 10:03:43.169,1.62845,1.62895,11.20,1.60
2009.07.01 10:03:43.749,1.62845,1.6289,11.20,1.60
2009.07.01 10:03:44.649,1.6284,1.6289,3.20,1.60
2009.07.01 10:03:45.009,1.6285,1.62895,1.20,1.60
2009.07.01 10:03:45.188,1.6285,1.62905,12.40,1.60
2009.07.01 10:03:46.118,1.62855,1.62905,3.20,1.60
2009.07.01 10:03:46.458,1.62855,1.62905,12.40,1.60
2009.07.01 10:03:46.638,1.62855,1.62915,12.40,1.60
2009.07.01 10:03:46.878,1.62855,1.62905,12.40,1.60
2009.07.01 10:03:47.158,1.62855,1.6291,12.40,3.20
2009.07.01 10:03:47.568,1.62855,1.6291,3.20,3.20
2009.07.01 10:03:47.928,1.62855,1.62905,3.20,1.60
2009.07.01 10:03:48.278,1.62855,1.6291,3.20,1.60
2009.07.01 10:03:48.618,1.62855,1.62905,3.20,1.60
2009.07.01 10:03:49.238,1.62855,1.6291,3.20,1.60
2009.07.01 10:03:50.377,1.62855,1.6291,3.20,3.20
2009.07.01 10:03:50.737,1.62855,1.62905,3.20,1.60
2009.07.01 10:03:52.077,1.6285,1.62905,14.40,1.60
2009.07.01 10:03:52.547,1.6285,1.62905,3.20,1.60
2009.07.01 10:03:52.877,1.6285,1.629,3.20,1.60
2009.07.01 10:03:55.586,1.62855,1.629,12.40,1.60
2009.07.01 10:03:55.996,1.6286,1.629,3.20,1.60
2009.07.01 10:03:58.485,1.6287,1.6293,5.00,4.80
2009.07.01 10:03:58.835,1.6287,1.6293,13.00,4.80
2009.07.01 10:03:59.346,1.6287,1.62925,5.00,1.60
2009.07.01 10:03:59.695,1.62875,1.62925,3.20,1.60
2009.07.01 10:04:01.855,1.6288,1.6292,4.80,3.20
2009.07.01 10:04:01.965,1.6287,1.6292,5.00,9.60
2009.07.01 10:04:02.145,1.6288,1.6292,3.20,9.60
2009.07.01 10:04:02.435,1.6289,1.6291,1.80,1.60
2009.07.01 10:04:02.944,1.6289,1.62915,1.80,1.60
2009.07.01 10:04:03.064,1.6289,1.62915,11.20,1.60
2009.07.01 10:04:03.534,1.6285,1.62915,11.20,4.80
2009.07.01 10:04:04.045,1.62855,1.62905,3.20,1.60
2009.07.01 10:04:04.384,1.62855,1.6292,3.20,1.60
2009.07.01 10:04:04.794,1.62865,1.62915,3.20,1.60
2009.07.01 10:04:05.074,1.62865,1.6292,3.20,1.60
2009.07.01 10:04:05.414,1.6288,1.6292,3.20,1.60
2009.07.01 10:04:06.264,1.62875,1.62925,1.80,3.20
2009.07.01 10:04:06.384,1.6287,1.6292,1.20,1.60
2009.07.01 10:04:06.553,1.6287,1.6292,3.20,1.60
2009.07.01 10:04:06.673,1.6287,1.62925,6.40,1.60
2009.07.01 10:04:07.003,1.6287,1.62915,6.40,1.60
2009.07.01 10:04:07.123,1.6288,1.62915,4.40,1.60
2009.07.01 10:04:07.603,1.6289,1.6293,3.20,1.60
2009.07.01 10:04:07.864,1.6289,1.62945,3.20,1.60
2009.07.01 10:04:08.483,1.6289,1.6294,1.80,4.80
2009.07.01 10:04:08.773,1.62875,1.6294,4.80,4.80
2009.07.01 10:04:08.983,1.62875,1.62925,1.80,3.20
2009.07.01 10:04:09.273,1.6288,1.62935,8.00,4.80
2009.07.01 10:04:09.553,1.62875,1.62925,11.20,1.60
2009.07.01 10:04:09.903,1.6287,1.6293,3.20,1.60
2009.07.01 10:04:11.162,1.6287,1.6293,3.20,3.20
2009.07.01 10:04:11.592,1.6287,1.62925,1.80,6.40
2009.07.01 10:04:11.872,1.62875,1.6292,11.20,1.60
2009.07.01 10:04:11.982,1.6287,1.6292,11.20,1.60
2009.07.01 10:04:12.392,1.62865,1.6292,12.40,1.60
2009.07.01 10:04:15.801,1.6287,1.6292,1.20,1.60
2009.07.01 10:04:16.221,1.62865,1.6292,3.20,1.60
2009.07.01 10:04:16.621,1.6287,1.6292,8.00,1.60
2009.07.01 10:04:16.861,1.6286,1.6292,3.20,4.80
2009.07.01 10:04:17.141,1.62865,1.62925,12.40,8.00
2009.07.01 10:04:17.561,1.62865,1.62915,12.40,1.60
2009.07.01 10:04:17.861,1.62865,1.62915,9.20,6.40
2009.07.01 10:04:18.311,1.6287,1.62915,11.20,8.00
2009.07.01 10:04:18.831,1.62855,1.62915,13.00,11.20
2009.07.01 10:04:19.340,1.62855,1.6291,1.80,1.60
2009.07.01 10:04:19.520,1.6285,1.6291,14.40,1.60
2009.07.01 10:04:19.910,1.6285,1.6291,3.20,1.60
2009.07.01 10:04:21.630,1.6285,1.62905,3.20,1.60
2009.07.01 10:04:22.720,1.6285,1.6291,3.20,1.60
2009.07.01 10:04:24.839,1.6285,1.6291,3.20,8.00
2009.07.01 10:04:25.189,1.6285,1.62905,3.20,1.60
2009.07.01 10:04:26.669,1.62855,1.62905,11.20,1.60
2009.07.01 10:04:27.368,1.62855,1.62905,12.40,1.60
2009.07.01 10:04:27.718,1.62855,1.62905,3.20,1.60
2009.07.01 10:04:28.129,1.62855,1.6291,3.20,4.80
2009.07.01 10:04:39.627,1.6285,1.629,6.40,1.60
2009.07.01 10:04:39.805,1.62855,1.6289,11.20,1.60
2009.07.01 10:04:41.985,1.6285,1.6289,3.20,1.60
2009.07.01 10:04:42.495,1.62855,1.6289,11.20,1.60
2009.07.01 10:04:43.664,1.62845,1.6289,11.20,1.60
2009.07.01 10:04:43.885,1.62845,1.6289,3.20,1.60
2009.07.01 10:04:45.855,1.62845,1.6289,3.20,3.20
2009.07.01 10:04:45.964,1.62845,1.6289,3.20,1.60
2009.07.01 10:04:47.713,1.62845,1.629,3.20,4.80
2009.07.01 10:04:47.773,1.62845,1.6289,3.20,1.60
2009.07.01 10:04:47.894,1.6284,1.6289,14.40,1.60
2009.07.01 10:04:48.124,1.62845,1.6288,12.40,1.60
2009.07.01 10:04:48.593,1.6285,1.6288,11.20,1.60
2009.07.01 10:04:48.943,1.62845,1.62895,12.40,3.20
2009.07.01 10:04:49.293,1.6283,1.6288,2.80,1.60
2009.07.01 10:04:49.463,1.62835,1.6288,11.20,1.60
2009.07.01 10:04:49.583,1.62835,1.6287,12.40,1.60
2009.07.01 10:04:49.933,1.62835,1.6288,11.20,1.60
2009.07.01 10:04:50.283,1.62835,1.6287,11.20,1.60
2009.07.01 10:04:51.833,1.62835,1.62885,11.20,1.60
2009.07.01 10:04:58.881,1.62835,1.6288,11.20,3.20
2009.07.01 10:05:00.591,1.62835,1.6288,11.20,1.60
2009.07.01 10:05:03.620,1.62835,1.62885,11.20,1.60
2009.07.01 10:05:05.139,1.62825,1.62885,20.00,4.80
2009.07.01 10:05:05.189,1.62825,1.62885,14.80,4.80
2009.07.01 10:05:05.239,1.62825,1.62885,6.80,4.80
2009.07.01 10:05:05.469,1.6283,1.62885,6.80,1.60
2009.07.01 10:05:05.649,1.62825,1.62885,8.80,4.80
2009.07.01 10:05:05.879,1.62825,1.62885,18.00,4.80
2009.07.01 10:05:06.049,1.62825,1.6288,6.80,1.60
2009.07.01 10:05:11.748,1.6283,1.6288,5.60,4.80
2009.07.01 10:05:12.158,1.6283,1.62875,5.60,1.60
2009.07.01 10:05:13.597,1.62825,1.62875,8.80,1.60
2009.07.01 10:05:14.127,1.6283,1.62885,3.20,1.60
2009.07.01 10:05:15.277,1.6283,1.6289,3.20,3.20
2009.07.01 10:05:15.557,1.62835,1.62885,12.40,1.60
2009.07.01 10:05:15.847,1.62835,1.62895,12.40,3.20
2009.07.01 10:05:16.407,1.6283,1.62895,3.20,9.60
2009.07.01 10:05:16.577,1.62835,1.62895,12.40,6.40
2009.07.01 10:05:16.927,1.62835,1.62885,12.40,1.60
2009.07.01 10:05:17.157,1.62835,1.62895,12.40,3.20
2009.07.01 10:05:24.085,1.62845,1.6289,3.20,3.20
2009.07.01 10:05:24.365,1.62835,1.6289,12.40,3.20
2009.07.01 10:05:27.544,1.62835,1.6289,11.20,3.20
2009.07.01 10:05:28.004,1.62835,1.6289,11.20,6.40
2009.07.01 10:05:28.364,1.62835,1.6289,11.20,8.00
2009.07.01 10:05:30.373,1.62835,1.6289,11.20,11.20
2009.07.01 10:05:30.613,1.62835,1.6288,11.20,3.20
2009.07.01 10:05:30.843,1.6283,1.6288,5.60,3.20
2009.07.01 10:05:31.523,1.62825,1.6288,8.80,3.20
2009.07.01 10:05:32.103,1.6283,1.6288,16.80,6.40
2009.07.01 10:05:32.513,1.6283,1.6288,5.60,8.00
2009.07.01 10:05:32.873,1.6283,1.6288,5.60,9.60
2009.07.01 10:05:33.602,1.6283,1.6287,5.60,1.60
2009.07.01 10:05:33.832,1.6283,1.62875,5.60,6.40
2009.07.01 10:05:36.332,1.6283,1.62875,5.60,3.20
2009.07.01 10:05:36.682,1.6284,1.6288,3.20,6.40
2009.07.01 10:05:36.742,1.6284,1.6288,1.80,6.40
2009.07.01 10:05:36.802,1.6284,1.6287,1.80,1.60
2009.07.01 10:05:37.042,1.62825,1.6288,20.00,9.60
2009.07.01 10:05:40.761,1.62825,1.6288,20.00,8.00
2009.07.01 10:05:44.080,1.6283,1.62875,5.60,8.00
2009.07.01 10:05:44.820,1.6283,1.6287,5.60,8.00
2009.07.01 10:05:45.170,1.6283,1.6286,5.60,1.60
2009.07.01 10:05:45.460,1.6283,1.62865,5.60,1.60
2009.07.01 10:05:45.810,1.6283,1.6287,5.60,12.80
2009.07.01 10:05:46.340,1.6283,1.62865,5.60,4.80
2009.07.01 10:05:46.639,1.6283,1.62865,5.60,11.20
2009.07.01 10:05:46.759,1.6283,1.62855,5.60,1.60
2009.07.01 10:05:46.980,1.6283,1.6285,5.60,1.60
2009.07.01 10:05:53.238,1.6281,1.6285,16.80,1.60
2009.07.01 10:05:53.588,1.6281,1.6284,5.60,1.60
2009.07.01 10:05:58.097,1.62805,1.6284,6.80,1.60
2009.07.01 10:05:58.447,1.62805,1.6285,6.80,1.60
2009.07.01 10:05:58.787,1.62805,1.6284,6.80,1.60
2009.07.01 10:05:58.966,1.62805,1.6285,6.80,1.60
2009.07.01 10:06:00.236,1.6281,1.6284,5.60,1.60
2009.07.01 10:06:00.736,1.6281,1.6283,5.60,1.60
2009.07.01 10:06:01.096,1.6281,1.6284,5.60,1.60
2009.07.01 10:06:08.574,1.62825,1.6285,4.00,3.20
2009.07.01 10:06:08.924,1.62825,1.6285,4.00,1.60
2009.07.01 10:06:09.274,1.62825,1.62855,4.00,1.60
2009.07.01 10:06:09.564,1.62825,1.6287,4.00,8.00
2009.07.01 10:06:10.154,1.62835,1.6287,4.00,4.80
2009.07.01 10:06:10.494,1.62835,1.6287,4.00,3.20
2009.07.01 10:06:11.153,1.62835,1.62875,4.00,8.00
2009.07.01 10:06:11.484,1.62835,1.62875,4.00,6.40
2009.07.01 10:06:12.593,1.62825,1.62875,11.20,6.40
2009.07.01 10:06:13.383,1.62825,1.6286,11.20,3.20
2009.07.01 10:06:13.673,1.62825,1.62855,11.20,1.60
2009.07.01 10:06:13.953,1.6281,1.6286,1.80,3.20
2009.07.01 10:06:14.363,1.6281,1.6286,4.00,4.80
2009.07.01 10:06:14.583,1.6281,1.62855,4.00,1.60
2009.07.01 10:06:15.302,1.6281,1.6286,4.00,3.20
2009.07.01 10:06:16.232,1.6281,1.6286,15.20,1.60
2009.07.01 10:06:16.572,1.6281,1.62855,15.20,3.20
2009.07.01 10:06:16.973,1.6281,1.62855,4.00,3.20
2009.07.01 10:06:17.272,1.6281,1.6284,4.00,1.60
2009.07.01 10:06:17.912,1.6281,1.6285,4.00,1.60
2009.07.01 10:06:18.961,1.6281,1.6285,16.40,1.60
2009.07.01 10:06:19.311,1.6281,1.62865,3.20,6.40
2009.07.01 10:06:20.951,1.6281,1.6286,1.80,3.20
2009.07.01 10:06:21.121,1.62815,1.62855,11.20,3.20
2009.07.01 10:06:21.461,1.6281,1.6285,4.00,1.60
2009.07.01 10:06:21.981,1.6281,1.62845,4.00,1.60
2009.07.01 10:06:22.251,1.6281,1.6285,4.00,1.60
2009.07.01 10:06:23.191,1.62825,1.6285,1.60,1.60
2009.07.01 10:06:23.300,1.62825,1.6285,4.00,1.60
2009.07.01 10:06:24.580,1.6283,1.6286,4.00,1.60
2009.07.01 10:06:26.230,1.6283,1.6286,4.00,4.80
2009.07.01 10:06:26.340,1.6283,1.62855,4.00,3.20
2009.07.01 10:06:26.620,1.6283,1.6285,4.00,1.60
2009.07.01 10:06:26.730,1.6283,1.6286,4.00,4.80
2009.07.01 10:06:26.910,1.6283,1.6286,4.00,1.60
2009.07.01 10:06:27.020,1.6283,1.6286,4.00,4.80
2009.07.01 10:06:27.380,1.6283,1.6285,4.00,1.60
2009.07.01 10:06:27.769,1.6283,1.62855,4.00,1.60
2009.07.01 10:06:27.940,1.62805,1.62855,4.00,1.60
2009.07.01 10:06:28.809,1.62805,1.6286,4.00,4.80
2009.07.01 10:06:30.629,1.6281,1.62855,4.00,1.60
2009.07.01 10:06:30.859,1.6281,1.6285,4.00,1.60
2009.07.01 10:06:31.469,1.62805,1.6286,5.20,6.40
2009.07.01 10:06:31.579,1.62805,1.6286,5.20,4.80
2009.07.01 10:06:32.198,1.6281,1.62855,4.00,3.20
2009.07.01 10:06:32.528,1.62805,1.6285,5.20,3.20
2009.07.01 10:06:32.868,1.62805,1.6285,5.20,1.60
2009.07.01 10:06:33.088,1.62805,1.6286,5.20,3.20
2009.07.01 10:06:33.268,1.62805,1.6286,5.20,1.60
2009.07.01 10:06:34.728,1.62815,1.6286,9.20,1.60
2009.07.01 10:06:35.068,1.6281,1.62865,1.80,1.60
2009.07.01 10:06:35.417,1.62805,1.62865,18.40,1.60
2009.07.01 10:06:35.638,1.62805,1.62865,15.20,1.60
2009.07.01 10:06:35.938,1.62805,1.62865,7.20,1.60
2009.07.01 10:06:38.977,1.6281,1.6286,15.20,1.60
2009.07.01 10:06:39.037,1.6281,1.6286,4.00,1.60
2009.07.01 10:06:48.184,1.6281,1.62855,1.60,1.60
2009.07.01 10:06:48.724,1.6281,1.6286,1.60,1.60
2009.07.01 10:06:54.123,1.6282,1.62845,1.60,1.60
2009.07.01 10:06:54.693,1.6282,1.6285,1.60,1.60
2009.07.01 10:06:55.193,1.6282,1.62845,1.60,1.60
2009.07.01 10:06:56.093,1.6282,1.62845,1.00,1.60
2009.07.01 10:06:56.262,1.6278,1.62845,3.20,1.60
2009.07.01 10:06:57.062,1.62785,1.62845,1.80,1.60
2009.07.01 10:06:57.122,1.62785,1.62845,3.20,1.60
2009.07.01 10:06:57.352,1.62785,1.6285,3.20,1.60
2009.07.01 10:07:05.510,1.628,1.6285,12.40,1.60
2009.07.01 10:07:05.980,1.62805,1.6285,11.20,1.60
2009.07.01 10:07:06.330,1.62795,1.6285,14.40,1.60
2009.07.01 10:07:06.450,1.62795,1.6285,3.20,1.60
2009.07.01 10:07:07.490,1.628,1.6285,11.20,4.80
2009.07.01 10:07:07.780,1.6279,1.6285,14.40,3.20
2009.07.01 10:07:08.170,1.628,1.6285,12.40,1.60
2009.07.01 10:07:08.630,1.62805,1.62855,3.20,8.00
2009.07.01 10:07:08.979,1.62805,1.62855,11.20,8.00
2009.07.01 10:07:09.789,1.62805,1.62855,12.40,4.80
2009.07.01 10:07:09.899,1.62805,1.62855,3.20,1.60
2009.07.01 10:07:10.409,1.62805,1.6286,3.20,8.00
2009.07.01 10:07:10.579,1.62805,1.6286,3.20,3.20
2009.07.01 10:07:10.679,1.62805,1.6286,3.20,1.60
2009.07.01 10:07:18.357,1.628,1.6286,3.20,4.80
2009.07.01 10:07:18.767,1.628,1.62855,3.20,1.60
2009.07.01 10:07:19.577,1.62805,1.62855,12.40,1.60
2009.07.01 10:07:19.847,1.62805,1.62855,3.20,1.60
2009.07.01 10:07:20.187,1.62805,1.6286,3.20,1.60
2009.07.01 10:07:20.537,1.62805,1.62865,3.20,8.00
2009.07.01 10:07:23.226,1.62805,1.6286,1.80,3.20
2009.07.01 10:07:23.446,1.628,1.6286,3.20,4.80
2009.07.01 10:07:26.945,1.628,1.62855,3.20,3.20
2009.07.01 10:07:27.065,1.628,1.62855,3.20,6.40
2009.07.01 10:07:27.185,1.62805,1.62855,8.00,6.40
2009.07.01 10:07:27.475,1.628,1.6285,12.80,3.20
2009.07.01 10:07:27.777,1.628,1.6285,9.60,4.80
2009.07.01 10:07:28.305,1.628,1.6285,12.80,3.20
2009.07.01 10:07:30.005,1.628,1.62845,12.80,3.20
2009.07.01 10:07:30.064,1.6279,1.62845,16.00,6.40
2009.07.01 10:07:30.354,1.6279,1.62845,14.40,6.40
2009.07.01 10:07:30.464,1.6279,1.62845,14.40,8.00
2009.07.01 10:07:30.685,1.6279,1.62845,12.40,8.00
2009.07.01 10:07:30.964,1.6279,1.62845,14.00,1.60
2009.07.01 10:07:31.594,1.628,1.62845,4.40,1.60
2009.07.01 10:07:31.824,1.628,1.6285,4.40,1.60
2009.07.01 10:07:32.054,1.628,1.62855,12.40,4.80
2009.07.01 10:07:32.444,1.628,1.62855,3.20,4.80
2009.07.01 10:07:34.104,1.628,1.62855,1.80,8.00
2009.07.01 10:07:34.334,1.62795,1.6285,3.20,1.60
2009.07.01 10:07:34.733,1.62795,1.6285,6.40,1.60
2009.07.01 10:07:34.793,1.628,1.6285,1.80,1.60
2009.07.01 10:07:35.973,1.62795,1.6285,11.20,1.60
2009.07.01 10:07:36.333,1.628,1.6285,14.00,1.60
2009.07.01 10:07:36.983,1.62805,1.62855,11.20,8.00
2009.07.01 10:07:37.153,1.62805,1.62855,11.20,3.20
2009.07.01 10:07:37.273,1.62805,1.62855,11.20,1.60
2009.07.01 10:07:37.622,1.628,1.62855,3.20,1.60
2009.07.01 10:07:38.272,1.62805,1.62855,1.80,1.60
2009.07.01 10:07:39.782,1.62805,1.62855,3.20,1.60
2009.07.01 10:07:43.991,1.62805,1.6287,3.20,11.20
2009.07.01 10:07:44.441,1.62805,1.6286,3.20,1.60
2009.07.01 10:07:47.680,1.6281,1.6286,12.40,1.60
2009.07.01 10:07:47.960,1.6281,1.6286,3.20,1.60
2009.07.01 10:07:48.410,1.6281,1.6287,3.20,6.40
2009.07.01 10:07:48.940,1.6281,1.62865,1.80,3.20
2009.07.01 10:07:49.180,1.628,1.62865,3.20,3.20
2009.07.01 10:07:49.580,1.62805,1.6286,12.40,1.60
2009.07.01 10:07:50.020,1.62805,1.6286,3.20,1.60
2009.07.01 10:07:50.260,1.62805,1.62865,3.20,8.00
2009.07.01 10:07:54.998,1.62805,1.6286,3.20,3.20
2009.07.01 10:07:55.108,1.62805,1.6286,3.20,6.40
2009.07.01 10:07:55.638,1.6281,1.6286,11.20,6.40
2009.07.01 10:07:56.228,1.628,1.6286,1.80,6.40
2009.07.01 10:07:58.228,1.62805,1.6286,12.40,8.00
2009.07.01 10:08:04.746,1.628,1.6286,11.20,8.00
2009.07.01 10:08:04.926,1.6281,1.6286,8.00,8.00
2009.07.01 10:08:05.106,1.628,1.6286,16.00,4.80
2009.07.01 10:08:05.326,1.628,1.6286,16.00,1.60
2009.07.01 10:08:05.496,1.628,1.6286,14.00,1.60
2009.07.01 10:08:06.456,1.628,1.6286,14.00,3.20
2009.07.01 10:08:06.755,1.628,1.6286,14.00,8.00
2009.07.01 10:08:13.194,1.628,1.6286,3.20,8.00
2009.07.01 10:08:13.254,1.62805,1.6286,1.20,8.00
2009.07.01 10:08:13.824,1.62805,1.6286,12.40,8.00
2009.07.01 10:08:14.174,1.62805,1.6286,3.20,1.60
2009.07.01 10:08:17.503,1.62805,1.62865,3.20,8.00
2009.07.01 10:08:18.693,1.6282,1.62865,3.20,4.80
2009.07.01 10:08:18.863,1.6281,1.62865,5.00,4.80
2009.07.01 10:08:19.033,1.62805,1.62865,14.40,4.80
2009.07.01 10:08:19.272,1.62805,1.62865,3.20,4.80
2009.07.01 10:08:29.920,1.628,1.62855,14.00,1.60
2009.07.01 10:08:31.409,1.628,1.6286,14.00,4.80
2009.07.01 10:08:31.639,1.62795,1.62855,3.20,3.20
2009.07.01 10:08:31.969,1.628,1.62855,12.80,3.20
2009.07.01 10:08:32.249,1.628,1.62855,3.20,4.80
2009.07.01 10:08:32.360,1.628,1.6285,3.20,1.60
2009.07.01 10:08:46.446,1.62805,1.6286,12.40,4.80
2009.07.01 10:08:48.205,1.62805,1.6286,12.40,3.20
2009.07.01 10:08:48.945,1.6279,1.62855,6.40,4.80
2009.07.01 10:08:49.125,1.6279,1.6285,15.60,1.60
2009.07.01 10:08:52.585,1.6279,1.6285,14.00,1.60
2009.07.01 10:08:53.914,1.62795,1.6285,1.20,1.60
2009.07.01 10:08:54.414,1.6279,1.6285,4.80,1.60
2009.07.01 10:08:54.646,1.6279,1.62855,3.20,6.40
2009.07.01 10:08:54.884,1.6279,1.62845,3.20,1.60
2009.07.01 10:08:55.474,1.62795,1.62845,11.20,1.60
2009.07.01 10:08:55.764,1.6281,1.62845,4.40,1.60
2009.07.01 10:08:56.094,1.6282,1.6286,4.40,1.60
2009.07.01 10:08:56.434,1.6282,1.62865,6.00,1.60
2009.07.01 10:08:56.894,1.62825,1.62865,11.20,1.60
2009.07.01 10:08:57.133,1.62825,1.62865,11.20,8.00
2009.07.01 10:08:57.303,1.62815,1.62865,13.00,11.20
2009.07.01 10:08:57.713,1.6282,1.6286,3.20,8.00
2009.07.01 10:08:57.983,1.62795,1.62855,3.20,1.60
2009.07.01 10:08:58.163,1.62795,1.6286,14.00,8.00
2009.07.01 10:08:58.333,1.62795,1.62855,14.00,6.40
2009.07.01 10:08:58.673,1.62795,1.62855,14.00,8.00
2009.07.01 10:09:08.101,1.628,1.62855,14.00,6.40
2009.07.01 10:09:08.391,1.628,1.62855,14.00,8.00
2009.07.01 10:09:11.500,1.62795,1.62855,3.20,11.20
2009.07.01 10:09:13.359,1.6279,1.6285,1.80,3.20
2009.07.01 10:09:13.639,1.6279,1.6285,1.80,4.80
2009.07.01 10:09:13.929,1.62785,1.6285,14.40,4.80
2009.07.01 10:09:14.219,1.62785,1.62845,14.40,3.20
2009.07.01 10:09:14.389,1.62785,1.62845,14.40,4.80
2009.07.01 10:09:14.859,1.62785,1.62845,3.20,4.80
2009.07.01 10:09:17.419,1.62785,1.62845,6.40,4.80
2009.07.01 10:09:17.628,1.62785,1.62845,14.40,4.80
2009.07.01 10:09:17.969,1.6279,1.62845,1.80,4.80
2009.07.01 10:09:18.388,1.62795,1.6284,11.20,3.20
2009.07.01 10:09:18.668,1.6278,1.6284,16.00,4.80
2009.07.01 10:09:22.127,1.628,1.62855,12.80,1.60
2009.07.01 10:09:22.398,1.62805,1.62855,8.00,3.20
2009.07.01 10:09:22.628,1.6279,1.6285,6.40,1.60
2009.07.01 10:09:27.966,1.6279,1.6285,6.40,3.20
2009.07.01 10:09:28.206,1.628,1.6284,3.20,3.20
2009.07.01 10:09:28.536,1.628,1.6284,3.20,1.60
2009.07.01 10:09:28.656,1.628,1.6284,1.60,1.60
2009.07.01 10:09:28.826,1.62795,1.62855,1.20,1.60
2009.07.01 10:09:28.986,1.62795,1.62855,3.20,1.60
2009.07.01 10:09:29.336,1.62795,1.6286,14.40,8.00
2009.07.01 10:09:36.714,1.62795,1.6286,14.40,6.40
2009.07.01 10:09:36.764,1.62795,1.62855,13.00,3.20
2009.07.01 10:09:37.114,1.62795,1.62855,1.80,4.80
2009.07.01 10:09:37.434,1.62795,1.6285,1.80,1.60
2009.07.01 10:09:49.221,1.6279,1.6284,1.80,3.20
2009.07.01 10:09:49.551,1.62785,1.6284,3.20,1.60
2009.07.01 10:09:50.211,1.62785,1.62845,3.20,3.20
2009.07.01 10:09:54.510,1.6279,1.6285,1.80,4.80
2009.07.01 10:09:54.629,1.6279,1.6285,3.20,1.60
2009.07.01 10:09:54.960,1.6279,1.6285,14.40,1.60
2009.07.01 10:09:55.340,1.62795,1.6285,1.80,1.60
2009.07.01 10:09:55.629,1.62795,1.6285,3.20,1.60
2009.07.01 10:09:55.969,1.62795,1.6286,14.40,8.00
2009.07.01 10:09:56.659,1.62805,1.62865,3.20,8.00
2009.07.01 10:09:57.009,1.62805,1.6286,1.80,3.20
2009.07.01 10:09:57.399,1.62795,1.6286,14.40,8.00
2009.07.01 10:10:00.838,1.62795,1.6286,13.00,8.00
2009.07.01 10:10:01.068,1.62795,1.6286,1.80,8.00
2009.07.01 10:10:01.288,1.62795,1.62855,1.80,1.60
2009.07.01 10:10:03.028,1.62795,1.62855,3.20,1.60
2009.07.01 10:10:03.368,1.62795,1.62855,14.40,1.60
2009.07.01 10:10:03.667,1.62795,1.6286,14.40,8.00
2009.07.01 10:10:04.637,1.62795,1.62855,13.00,3.20
2009.07.01 10:10:04.867,1.62795,1.62855,1.80,3.20
2009.07.01 10:10:04.977,1.62795,1.6285,1.80,1.60
2009.07.01 10:10:14.655,1.628,1.6285,5.00,1.60
2009.07.01 10:10:14.765,1.6281,1.6285,3.20,1.60
2009.07.01 10:10:14.875,1.6281,1.62865,3.20,1.60
2009.07.01 10:10:15.165,1.62805,1.62865,3.20,1.60
2009.07.01 10:10:15.335,1.62805,1.62865,14.40,1.60
2009.07.01 10:10:15.565,1.62805,1.62865,14.40,4.80
2009.07.01 10:10:19.094,1.62805,1.62865,13.00,4.80
2009.07.01 10:10:19.454,1.628,1.62865,5.00,4.80
2009.07.01 10:10:19.614,1.62805,1.62865,1.80,1.60
2009.07.01 10:10:20.023,1.62805,1.6288,13.00,9.60
2009.07.01 10:10:20.194,1.62805,1.62875,13.00,3.20
2009.07.01 10:10:20.423,1.62805,1.6287,13.00,3.20
2009.07.01 10:10:20.534,1.62805,1.6287,5.00,3.20
2009.07.01 10:10:20.763,1.62805,1.6287,1.80,3.20
2009.07.01 10:10:20.883,1.62805,1.6287,1.80,4.80
2009.07.01 10:10:23.863,1.62805,1.6287,1.80,1.60
2009.07.01 10:10:24.033,1.6281,1.6288,1.80,6.40
2009.07.01 10:10:24.372,1.6281,1.6288,13.00,6.40
2009.07.01 10:10:24.543,1.6281,1.6288,13.00,4.80
2009.07.01 10:10:25.192,1.6281,1.6288,1.80,6.40
2009.07.01 10:10:25.482,1.6281,1.6288,1.80,3.20
2009.07.01 10:10:25.702,1.62815,1.6288,1.80,3.20
2009.07.01 10:10:26.462,1.62815,1.6288,9.80,3.20
2009.07.01 10:10:26.742,1.62815,1.6288,13.00,3.20
2009.07.01 10:10:27.022,1.6282,1.6288,1.80,3.20
2009.07.01 10:10:32.660,1.6282,1.6289,13.00,3.20
2009.07.01 10:10:32.891,1.6282,1.62895,13.00,4.80
2009.07.01 10:10:33.170,1.6283,1.62895,1.80,4.80
2009.07.01 10:10:33.291,1.6283,1.62895,13.00,4.80
2009.07.01 10:10:33.460,1.6283,1.62895,13.00,3.20
2009.07.01 10:10:37.299,1.6283,1.62895,1.80,3.20
2009.07.01 10:10:40.058,1.62825,1.62895,13.00,3.20
2009.07.01 10:10:40.558,1.62825,1.6289,13.00,1.60
2009.07.01 10:10:40.798,1.6283,1.6289,1.80,1.60
2009.07.01 10:10:41.138,1.6282,1.6289,13.00,1.60
2009.07.01 10:10:41.488,1.6282,1.6289,13.00,3.20
2009.07.01 10:10:56.665,1.6281,1.62855,12.80,3.20
2009.07.01 10:10:56.884,1.62795,1.62855,13.00,4.80
2009.07.01 10:10:57.174,1.62795,1.6285,13.00,1.60
2009.07.01 10:10:57.295,1.62795,1.6285,5.00,1.60
2009.07.01 10:10:57.354,1.62795,1.6285,1.80,1.60
2009.07.01 10:11:05.962,1.62795,1.6285,4.80,1.60
2009.07.01 10:11:15.391,1.6281,1.6286,1.80,3.20
2009.07.01 10:11:15.680,1.6281,1.6286,1.80,4.80
2009.07.01 10:11:16.080,1.6281,1.6286,4.80,1.60
2009.07.01 10:11:16.770,1.6281,1.6287,17.60,4.80
2009.07.01 10:11:17.230,1.6281,1.6287,16.00,4.80
2009.07.01 10:11:17.680,1.62815,1.6287,3.20,1.60
2009.07.01 10:11:18.209,1.62815,1.62875,13.00,4.80
2009.07.01 10:11:18.440,1.62815,1.6287,1.80,1.60
2009.07.01 10:11:20.639,1.62815,1.62855,1.80,1.60
2009.07.01 10:11:20.859,1.628,1.6285,12.80,3.20
2009.07.01 10:11:21.079,1.628,1.62845,11.20,1.60
2009.07.01 10:11:21.319,1.62785,1.62845,13.00,1.60
2009.07.01 10:11:23.708,1.62795,1.62845,1.80,1.60
2009.07.01 10:11:24.398,1.628,1.6286,1.80,4.80
2009.07.01 10:11:25.868,1.628,1.6286,5.00,4.80
2009.07.01 10:11:28.507,1.628,1.6286,5.00,3.20
2009.07.01 10:11:29.427,1.628,1.6286,5.00,4.80
2009.07.01 10:11:29.707,1.62795,1.62855,14.40,1.60
2009.07.01 10:11:30.110,1.6281,1.62865,3.20,1.60
2009.07.01 10:11:30.527,1.6281,1.6287,1.80,1.60
2009.07.01 10:11:30.756,1.6281,1.62875,5.00,4.80
2009.07.01 10:11:31.116,1.6281,1.6287,14.60,3.20
2009.07.01 10:11:31.466,1.6281,1.6287,1.80,4.80
2009.07.01 10:11:31.976,1.6281,1.62865,1.80,3.20
2009.07.01 10:11:32.276,1.62815,1.6286,11.20,3.20
2009.07.01 10:11:32.456,1.628,1.62855,3.40,3.20
2009.07.01 10:11:32.796,1.62805,1.6286,1.80,4.80
2009.07.01 10:11:33.186,1.62805,1.6286,13.00,4.80
2009.07.01 10:11:38.235,1.62815,1.6286,1.80,1.60
2009.07.01 10:11:38.644,1.62815,1.6287,1.80,1.60
2009.07.01 10:11:39.164,1.62815,1.62875,1.80,4.80
2009.07.01 10:11:44.723,1.6282,1.62875,11.20,4.80
2009.07.01 10:11:44.843,1.6282,1.6286,11.20,3.20
2009.07.01 10:11:45.013,1.6282,1.6286,8.00,3.20
2009.07.01 10:11:45.133,1.62805,1.6286,14.60,3.20
2009.07.01 10:11:45.523,1.62805,1.6286,13.00,4.80
2009.07.01 10:11:46.273,1.62805,1.6286,1.80,4.80
2009.07.01 10:11:46.493,1.628,1.6286,14.40,4.80
2009.07.01 10:11:46.782,1.62805,1.6286,1.80,4.80
2009.07.01 10:11:50.272,1.62805,1.6285,1.80,3.20
2009.07.01 10:11:50.442,1.62805,1.6285,1.80,6.40
2009.07.01 10:11:50.672,1.6281,1.62835,3.20,3.20
2009.07.01 10:11:50.732,1.62785,1.6284,3.40,1.60
2009.07.01 10:11:50.971,1.62785,1.62835,1.80,1.60
2009.07.01 10:11:51.261,1.6279,1.62845,1.80,1.60
2009.07.01 10:11:51.881,1.62795,1.62855,13.00,4.80
2009.07.01 10:11:53.312,1.628,1.62855,1.80,4.80
2009.07.01 10:11:59.719,1.62795,1.62855,13.00,4.80
2009.07.01 10:12:04.548,1.628,1.62855,1.80,4.80
2009.07.01 10:12:04.958,1.628,1.62855,3.20,1.60
2009.07.01 10:12:05.298,1.628,1.62855,14.40,1.60
2009.07.01 10:12:05.648,1.62805,1.6286,1.80,3.20
2009.07.01 10:12:07.058,1.628,1.62855,9.80,3.20
2009.07.01 10:12:07.178,1.628,1.62855,1.80,4.80
2009.07.01 10:12:07.688,1.62795,1.62855,13.00,4.80
2009.07.01 10:12:11.816,1.62795,1.62855,13.00,6.40
2009.07.01 10:12:11.876,1.62795,1.62845,13.00,3.20
2009.07.01 10:12:12.146,1.62805,1.62845,11.20,3.20
2009.07.01 10:12:12.527,1.62805,1.62845,3.20,4.80
2009.07.01 10:12:12.816,1.6278,1.62845,1.80,4.80
2009.07.01 10:12:13.087,1.62775,1.6283,13.00,3.20
2009.07.01 10:12:13.326,1.62785,1.62835,11.20,1.60
2009.07.01 10:12:13.547,1.62785,1.62835,8.00,1.60
2009.07.01 10:12:13.786,1.6277,1.6286,1.80,8.00
2009.07.01 10:12:14.316,1.6279,1.62855,1.20,1.60
2009.07.01 10:12:14.666,1.62805,1.6286,11.20,6.40
2009.07.01 10:12:15.056,1.6279,1.62855,1.80,6.40
2009.07.01 10:12:15.736,1.628,1.62845,1.80,3.20
2009.07.01 10:12:16.085,1.62795,1.62855,3.20,8.00
2009.07.01 10:12:16.365,1.62795,1.62855,14.40,6.40
2009.07.01 10:12:16.665,1.62805,1.62845,11.20,3.20
2009.07.01 10:12:16.945,1.62805,1.62845,11.20,6.40
2009.07.01 10:12:17.245,1.6279,1.62845,13.00,6.40
2009.07.01 10:12:17.485,1.6279,1.62845,5.00,6.40
2009.07.01 10:12:18.005,1.6279,1.62845,1.80,6.40
2009.07.01 10:12:18.855,1.6279,1.62845,3.20,1.60
2009.07.01 10:12:19.265,1.628,1.62845,11.20,1.60
2009.07.01 10:12:19.785,1.62795,1.62855,14.40,6.40
2009.07.01 10:12:20.195,1.628,1.6285,1.80,6.40
2009.07.01 10:12:20.535,1.62795,1.6285,13.00,9.60
2009.07.01 10:12:20.875,1.6279,1.6285,14.40,9.60
2009.07.01 10:12:21.045,1.628,1.6285,11.20,6.40
2009.07.01 10:12:21.504,1.62795,1.62855,14.40,8.00
2009.07.01 10:12:22.414,1.6279,1.6285,14.40,9.60
2009.07.01 10:12:32.322,1.62795,1.6285,1.80,9.60
2009.07.01 10:12:37.770,1.62795,1.62845,1.80,3.20
2009.07.01 10:12:38.350,1.6279,1.6284,1.80,3.20
2009.07.01 10:12:38.400,1.6278,1.6284,13.00,3.20
2009.07.01 10:12:39.210,1.6278,1.62835,13.00,3.20
2009.07.01 10:12:39.550,1.6278,1.62835,1.80,3.20
2009.07.01 10:12:39.840,1.62775,1.62835,13.00,3.20
2009.07.01 10:12:40.410,1.62775,1.6283,13.00,4.80
2009.07.01 10:12:40.530,1.62775,1.62815,13.00,3.20
2009.07.01 10:12:40.710,1.62765,1.62815,1.60,3.20
2009.07.01 10:12:40.880,1.62755,1.62815,3.20,3.20
2009.07.01 10:12:41.349,1.62755,1.62815,3.20,4.80
2009.07.01 10:12:46.108,1.6276,1.62815,3.20,1.60
2009.07.01 10:12:46.449,1.6277,1.62815,1.80,1.60
2009.07.01 10:12:46.618,1.6277,1.6282,1.80,4.80
2009.07.01 10:12:46.848,1.62765,1.6282,13.00,4.80
2009.07.01 10:12:48.048,1.62765,1.62815,13.00,3.20
2009.07.01 10:12:48.348,1.62765,1.6282,1.80,1.60
2009.07.01 10:12:48.808,1.62765,1.6282,5.00,1.60
2009.07.01 10:12:49.038,1.62765,1.6282,13.00,1.60
2009.07.01 10:12:49.497,1.62765,1.6282,1.80,1.60
2009.07.01 10:12:51.857,1.62765,1.62815,1.80,3.20
2009.07.01 10:12:52.077,1.6276,1.62815,5.00,3.20
2009.07.01 10:12:52.137,1.6276,1.62815,3.20,1.60
2009.07.01 10:12:52.477,1.62765,1.62815,3.20,1.60
2009.07.01 10:12:52.767,1.6277,1.62825,1.80,1.60
2009.07.01 10:12:53.117,1.6277,1.6283,13.00,4.80
2009.07.01 10:12:54.247,1.62775,1.6283,3.20,1.60
2009.07.01 10:12:54.476,1.62775,1.62835,3.20,4.80
2009.07.01 10:12:59.405,1.62775,1.6283,1.80,3.20
2009.07.01 10:12:59.745,1.6277,1.6283,14.60,3.20
2009.07.01 10:13:00.105,1.6278,1.62825,14.00,1.60
2009.07.01 10:13:00.275,1.6278,1.6284,3.20,4.80
2009.07.01 10:13:00.565,1.62785,1.6284,1.80,3.20
2009.07.01 10:13:03.244,1.6279,1.62845,1.80,1.60
2009.07.01 10:13:03.654,1.6279,1.62845,3.20,1.60
2009.07.01 10:13:03.884,1.6279,1.62845,6.40,1.60
2009.07.01 10:13:06.144,1.628,1.6285,8.00,4.80
2009.07.01 10:13:06.613,1.62785,1.62845,13.00,1.60
2009.07.01 10:13:09.223,1.62785,1.6284,1.80,3.20
2009.07.01 10:13:09.543,1.6278,1.62835,13.00,1.60
2009.07.01 10:13:09.943,1.6278,1.62835,5.00,1.60
2009.07.01 10:13:10.003,1.6278,1.62835,1.80,1.60
2009.07.01 10:13:15.931,1.62775,1.6283,13.00,3.20
2009.07.01 10:13:16.531,1.62775,1.6283,1.80,4.80
2009.07.01 10:13:25.259,1.62775,1.6283,3.20,1.60
2009.07.01 10:13:25.539,1.6278,1.62835,14.00,1.60
2009.07.01 10:13:25.999,1.62785,1.62845,1.80,4.80
2009.07.01 10:13:26.498,1.62785,1.6284,1.80,3.20
2009.07.01 10:13:27.248,1.62785,1.62835,1.80,1.60
2009.07.01 10:13:32.097,1.62785,1.62835,5.00,1.60
2009.07.01 10:13:32.277,1.62785,1.62835,13.00,1.60
2009.07.01 10:13:32.897,1.62785,1.62845,14.40,1.60
2009.07.01 10:13:33.127,1.6279,1.62845,1.80,1.60
2009.07.01 10:13:33.237,1.6279,1.6285,1.80,4.80
2009.07.01 10:13:37.096,1.62785,1.6285,14.40,4.80
2009.07.01 10:13:37.386,1.62785,1.62845,9.80,3.20
2009.07.01 10:13:37.726,1.62785,1.62845,1.80,4.80
2009.07.01 10:13:41.675,1.62785,1.62845,1.80,6.40
2009.07.01 10:13:42.025,1.62785,1.6283,1.80,3.20
2009.07.01 10:13:44.874,1.6277,1.6283,8.00,4.80
2009.07.01 10:13:45.224,1.6277,1.6283,6.40,4.80
2009.07.01 10:13:46.384,1.62765,1.6282,3.20,1.60
2009.07.01 10:13:46.674,1.6277,1.6282,12.80,1.60
2009.07.01 10:13:47.024,1.6277,1.62825,1.80,1.60
2009.07.01 10:13:49.873,1.6277,1.62815,1.80,3.20
2009.07.01 10:13:50.213,1.62775,1.62815,11.20,4.80
2009.07.01 10:13:50.433,1.62775,1.62815,8.00,4.80
2009.07.01 10:13:50.843,1.6276,1.62815,1.80,4.80
2009.07.01 10:13:51.652,1.6277,1.62815,1.80,1.60
2009.07.01 10:13:52.003,1.6277,1.62815,1.80,4.80
2009.07.01 10:13:52.522,1.62775,1.62815,11.20,4.80
2009.07.01 10:13:52.982,1.6276,1.62815,1.80,4.80
2009.07.01 10:14:03.240,1.62765,1.62815,1.80,1.60
2009.07.01 10:14:03.630,1.62765,1.6282,3.20,1.60
2009.07.01 10:14:04.310,1.62765,1.62825,14.40,1.60
2009.07.01 10:14:04.590,1.6277,1.62825,1.80,1.60
2009.07.01 10:14:14.127,1.62765,1.6282,13.00,3.20
2009.07.01 10:14:14.747,1.62765,1.6282,13.00,4.80
2009.07.01 10:14:17.086,1.62765,1.62815,13.00,1.60
2009.07.01 10:14:18.416,1.62765,1.6282,13.00,4.80
2009.07.01 10:14:28.454,1.62775,1.62815,11.20,3.20
2009.07.01 10:14:28.864,1.6276,1.62815,1.80,4.80
2009.07.01 10:14:32.093,1.6276,1.6281,1.80,3.20
2009.07.01 10:14:32.373,1.62765,1.6281,11.20,3.20
2009.07.01 10:14:32.543,1.62765,1.6281,11.20,4.80
2009.07.01 10:14:33.122,1.62765,1.6281,3.20,4.80
2009.07.01 10:14:33.233,1.6275,1.6281,1.80,4.80
2009.07.01 10:14:33.682,1.62765,1.6281,1.20,1.60
2009.07.01 10:14:33.862,1.62775,1.6282,1.60,1.60
2009.07.01 10:14:34.082,1.6279,1.62835,1.20,1.60
2009.07.01 10:14:34.552,1.62805,1.62835,1.20,1.60
2009.07.01 10:14:34.852,1.62805,1.62845,1.20,3.20
2009.07.01 10:14:35.202,1.62825,1.62855,1.20,1.60
2009.07.01 10:14:35.482,1.62825,1.6286,1.20,8.00
2009.07.01 10:14:40.361,1.6275,1.62815,1.20,8.00
2009.07.01 10:14:42.090,1.62765,1.62815,1.20,4.80
2009.07.01 10:14:42.250,1.62765,1.6281,1.20,1.60
2009.07.01 10:14:50.948,1.62775,1.6281,1.20,1.60
2009.07.01 10:14:51.588,1.62775,1.62825,1.20,6.40
2009.07.01 10:14:52.688,1.62775,1.6282,1.20,3.20
2009.07.01 10:14:53.088,1.6277,1.6282,1.20,3.20
2009.07.01 10:14:53.308,1.6277,1.6281,1.20,1.60
2009.07.01 10:14:53.658,1.6276,1.6281,1.20,1.60
2009.07.01 10:14:54.457,1.6276,1.62805,1.20,1.60
2009.07.01 10:14:54.677,1.62755,1.62805,11.20,1.60
2009.07.01 10:14:55.207,1.62745,1.62795,12.40,1.60
2009.07.01 10:15:04.065,1.62755,1.62795,1.20,1.60
2009.07.01 10:15:04.295,1.62755,1.62805,1.20,1.60
2009.07.01 10:15:05.165,1.6276,1.62805,1.20,1.60
2009.07.01 10:15:05.615,1.62765,1.6281,1.20,1.60
2009.07.01 10:15:05.895,1.62765,1.62815,1.20,1.60
2009.07.01 10:15:11.993,1.6276,1.62815,11.20,1.60
2009.07.01 10:15:13.553,1.6275,1.62815,14.40,4.80
2009.07.01 10:15:13.843,1.6276,1.62805,11.20,1.60
2009.07.01 10:15:13.963,1.6275,1.62805,12.40,1.60
2009.07.01 10:15:16.232,1.6276,1.62805,1.20,1.60
2009.07.01 10:15:16.622,1.6276,1.6281,1.20,1.60
2009.07.01 10:15:20.031,1.6276,1.62795,1.20,1.60
2009.07.01 10:15:20.201,1.62755,1.62795,11.20,1.60
2009.07.01 10:15:20.501,1.62755,1.628,8.00,6.40
2009.07.01 10:15:20.611,1.6275,1.6279,1.20,3.20
2009.07.01 10:15:20.671,1.6275,1.6279,1.20,1.60
2009.07.01 10:15:20.721,1.6275,1.628,1.20,1.60
2009.07.01 10:15:21.021,1.6275,1.62805,3.20,1.60
2009.07.01 10:15:21.491,1.6275,1.6281,3.20,1.60
2009.07.01 10:15:23.700,1.62765,1.6281,1.20,1.60
2009.07.01 10:15:24.000,1.62765,1.62825,3.20,8.00
2009.07.01 10:15:26.240,1.6277,1.62825,1.80,8.00
2009.07.01 10:15:26.360,1.6276,1.6282,9.20,3.20
2009.07.01 10:15:26.420,1.6276,1.6282,14.00,3.20
2009.07.01 10:15:26.769,1.6276,1.62815,12.40,1.60
2009.07.01 10:15:28.569,1.6276,1.6281,12.40,1.60
2009.07.01 10:15:28.739,1.62755,1.62805,1.80,3.20
2009.07.01 10:15:29.089,1.62755,1.62805,1.80,4.80
2009.07.01 10:15:29.379,1.6276,1.62805,11.20,4.80
2009.07.01 10:15:29.549,1.62745,1.628,12.40,1.60
2009.07.01 10:15:29.729,1.6276,1.628,1.20,1.60
2009.07.01 10:15:30.079,1.6276,1.628,9.20,1.60
2009.07.01 10:15:30.319,1.6276,1.62815,12.40,1.60
2009.07.01 10:15:31.169,1.62765,1.62815,1.20,1.60
2009.07.01 10:15:31.568,1.6276,1.62815,12.40,1.60
2009.07.01 10:15:32.438,1.62755,1.62815,1.80,4.80
2009.07.01 10:15:33.008,1.62755,1.6281,3.20,1.60
2009.07.01 10:15:33.308,1.6276,1.6282,11.20,8.00
2009.07.01 10:15:34.128,1.6276,1.62815,11.20,1.60
2009.07.01 10:15:34.638,1.6276,1.6281,11.20,4.80
2009.07.01 10:15:34.818,1.6275,1.6281,12.40,6.40
2009.07.01 10:15:38.017,1.6275,1.6281,12.40,6.40
2009.07.01 10:15:38.407,1.62745,1.62805,3.20,3.20
2009.07.01 10:15:38.757,1.6275,1.62805,11.20,3.20
2009.07.01 10:15:38.937,1.6275,1.628,11.20,1.60
2009.07.01 10:15:40.006,1.62745,1.628,3.20,1.60
2009.07.01 10:15:41.466,1.6275,1.628,3.20,1.60
2009.07.01 10:15:41.696,1.62745,1.628,12.40,1.60
2009.07.01 10:15:47.005,1.6275,1.628,11.20,1.60
2009.07.01 10:15:47.785,1.62745,1.628,3.20,1.60
2009.07.01 10:15:52.224,1.62745,1.628,3.20,3.20
2009.07.01 10:15:52.513,1.62745,1.6279,3.20,1.60
2009.07.01 10:15:52.573,1.62745,1.62785,1.80,3.20
2009.07.01 10:15:52.873,1.62745,1.62785,1.80,4.80
2009.07.01 10:15:53.033,1.62745,1.6278,1.80,3.20
2009.07.01 10:15:53.263,1.6275,1.6278,11.20,3.20
2009.07.01 10:15:53.433,1.62725,1.6278,11.20,3.20
2009.07.01 10:15:55.813,1.6273,1.6278,3.20,3.20
2009.07.01 10:15:56.152,1.62725,1.6278,12.40,3.20
2009.07.01 10:15:59.602,1.62725,1.6278,12.40,1.60
2009.07.01 10:15:59.832,1.62725,1.6278,12.40,3.20
2009.07.01 10:16:03.021,1.6273,1.6278,11.20,3.20
2009.07.01 10:16:10.509,1.6273,1.6278,11.20,3.20
2009.07.01 10:16:13.789,1.6273,1.6278,12.40,3.20
2009.07.01 10:16:13.968,1.62735,1.6278,11.20,3.20
2009.07.01 10:16:14.188,1.6273,1.6278,3.20,3.20
2009.07.01 10:16:14.518,1.6273,1.62795,3.20,11.20
2009.07.01 10:16:16.987,1.6273,1.6279,3.20,4.80
2009.07.01 10:16:17.857,1.6273,1.6279,12.40,4.80
2009.07.01 10:16:19.337,1.62725,1.62785,12.40,3.20
2009.07.01 10:16:20.127,1.6273,1.6278,1.20,1.60
2009.07.01 10:16:20.347,1.6273,1.62795,1.20,8.00
2009.07.01 10:16:24.816,1.6273,1.6279,12.40,6.40
2009.07.01 10:16:25.455,1.6273,1.62785,11.20,3.20
2009.07.01 10:16:25.575,1.62725,1.6278,12.40,1.60
2009.07.01 10:16:25.925,1.6273,1.6278,12.40,1.60
2009.07.01 10:16:26.215,1.6273,1.62795,12.40,6.40
2009.07.01 10:16:32.064,1.62735,1.6279,8.00,6.40
2009.07.01 10:16:32.354,1.6273,1.6279,12.40,6.40
2009.07.01 10:16:41.522,1.6274,1.628,3.20,1.60
2009.07.01 10:16:41.641,1.6274,1.628,6.40,1.60
2009.07.01 10:16:41.861,1.6274,1.628,14.40,1.60
2009.07.01 10:16:42.151,1.6274,1.6281,14.40,11.20
2009.07.01 10:16:42.881,1.6274,1.62805,14.40,9.60
2009.07.01 10:16:42.931,1.6274,1.628,13.00,3.20
2009.07.01 10:16:42.981,1.6275,1.628,11.20,9.60
2009.07.01 10:16:43.141,1.6275,1.6279,3.20,1.60
2009.07.01 10:16:43.201,1.62735,1.6279,3.20,1.60
2009.07.01 10:16:44.091,1.6274,1.6279,11.20,1.60
2009.07.01 10:16:44.321,1.6273,1.6279,14.40,4.80
2009.07.01 10:16:44.551,1.6273,1.6278,3.20,1.60
2009.07.01 10:16:52.929,1.62735,1.6278,3.20,1.60
2009.07.01 10:16:53.279,1.62735,1.628,3.20,12.80
2009.07.01 10:16:58.167,1.62735,1.6279,3.20,1.60
2009.07.01 10:16:58.687,1.62735,1.628,3.20,14.40
2009.07.01 10:17:00.137,1.62735,1.6279,3.20,1.60
2009.07.01 10:17:00.487,1.62735,1.628,3.20,19.20
2009.07.01 10:17:00.607,1.62735,1.6279,1.80,4.80
2009.07.01 10:17:00.657,1.6273,1.6279,14.40,4.80
2009.07.01 10:17:00.997,1.6273,1.6278,14.40,1.60
2009.07.01 10:17:01.227,1.6273,1.6278,6.40,1.60
2009.07.01 10:17:01.277,1.6273,1.6278,3.20,1.60
2009.07.01 10:17:13.474,1.62735,1.6278,11.20,1.60
2009.07.01 10:17:19.923,1.62735,1.6278,12.40,1.60
2009.07.01 10:17:20.222,1.6274,1.62795,11.20,3.20
2009.07.01 10:17:20.462,1.6274,1.6279,11.20,1.60
2009.07.01 10:17:20.692,1.62735,1.6279,3.20,1.60
2009.07.01 10:17:24.101,1.62735,1.6279,1.80,4.80
2009.07.01 10:17:24.851,1.6273,1.6279,14.40,6.40
2009.07.01 10:17:25.151,1.6273,1.6279,3.20,6.40
2009.07.01 10:17:27.500,1.6273,1.6278,1.80,3.20
2009.07.01 10:17:31.989,1.62735,1.6279,1.80,6.40
2009.07.01 10:17:32.109,1.62735,1.62785,1.80,3.20
2009.07.01 10:17:32.929,1.62735,1.6278,1.80,3.20
2009.07.01 10:17:33.249,1.6274,1.6277,8.00,3.20
2009.07.01 10:17:33.529,1.62715,1.62755,1.80,3.20
2009.07.01 10:17:33.989,1.62715,1.62755,11.20,3.20
2009.07.01 10:17:34.389,1.62705,1.6275,11.20,3.20
2009.07.01 10:17:34.679,1.6271,1.62745,11.20,3.20
2009.07.01 10:17:35.539,1.62685,1.62745,16.20,4.80
2009.07.01 10:17:35.708,1.6269,1.62745,1.80,1.60
2009.07.01 10:17:36.288,1.6269,1.62755,1.80,6.40
2009.07.01 10:17:37.728,1.62695,1.6275,6.40,3.20
2009.07.01 10:17:37.848,1.62695,1.6276,14.40,12.80
2009.07.01 10:17:43.567,1.62695,1.6275,13.00,3.20
2009.07.01 10:17:43.676,1.62705,1.6275,8.00,6.40
2009.07.01 10:17:43.727,1.62705,1.62745,8.00,3.20
2009.07.01 10:17:43.837,1.6269,1.62745,3.40,3.20
2009.07.01 10:17:44.007,1.6269,1.62745,1.80,4.80
2009.07.01 10:17:44.126,1.6269,1.62735,12.80,3.20
2009.07.01 10:17:44.246,1.6269,1.62735,3.20,3.20
2009.07.01 10:17:44.306,1.62675,1.62735,16.00,3.20
2009.07.01 10:17:45.216,1.62675,1.62735,16.00,4.80
2009.07.01 10:17:45.556,1.62675,1.62735,16.00,3.20
2009.07.01 10:17:45.796,1.62675,1.62735,16.00,4.80
2009.07.01 10:17:46.436,1.62685,1.62735,12.40,1.60
2009.07.01 10:17:46.556,1.6269,1.62735,1.80,1.60
2009.07.01 10:17:46.776,1.6269,1.62745,1.80,4.80
2009.07.01 10:17:46.946,1.6269,1.62745,1.80,4.80
2009.07.01 10:17:47.126,1.62685,1.62745,14.60,12.80
2009.07.01 10:17:47.286,1.62685,1.62735,3.40,3.20
2009.07.01 10:17:47.506,1.62675,1.62735,14.40,4.80
2009.07.01 10:17:47.566,1.62675,1.6273,13.00,3.20
2009.07.01 10:17:47.896,1.6267,1.6273,3.40,3.20
2009.07.01 10:17:48.185,1.6267,1.6273,3.40,4.80
2009.07.01 10:17:49.615,1.62675,1.6273,14.00,1.60
2009.07.01 10:17:49.785,1.6268,1.62725,1.80,1.60
2009.07.01 10:17:50.005,1.6268,1.6274,1.80,11.20
2009.07.01 10:17:52.424,1.6268,1.62735,5.00,4.80
2009.07.01 10:17:52.645,1.6269,1.62735,12.40,1.60
2009.07.01 10:17:53.054,1.6269,1.62735,1.80,4.80
2009.07.01 10:17:53.234,1.6269,1.62735,1.80,1.60
2009.07.01 10:17:53.524,1.6269,1.6275,1.80,12.80
2009.07.01 10:17:55.803,1.6269,1.62745,1.80,4.80
2009.07.01 10:17:59.713,1.6269,1.6274,1.80,3.20
2009.07.01 10:17:59.893,1.62685,1.6274,3.20,3.20
2009.07.01 10:18:00.413,1.6269,1.6274,1.80,1.60
2009.07.01 10:18:00.693,1.6269,1.6275,5.00,6.40
2009.07.01 10:18:00.862,1.6269,1.6275,13.00,6.40
2009.07.01 10:18:01.722,1.62695,1.6275,1.80,6.40
2009.07.01 10:18:04.531,1.62695,1.6275,1.80,9.60
2009.07.01 10:18:04.811,1.62695,1.6274,1.80,1.60
2009.07.01 10:18:05.102,1.62695,1.62735,1.80,3.20
2009.07.01 10:18:05.341,1.627,1.62735,11.20,4.80
2009.07.01 10:18:05.571,1.62675,1.62735,1.80,4.80
2009.07.01 10:18:07.491,1.62685,1.62735,12.40,1.60
2009.07.01 10:18:07.891,1.62695,1.62735,1.80,1.60
2009.07.01 10:18:08.191,1.62695,1.6275,1.80,6.40
2009.07.01 10:18:08.361,1.62695,1.6275,1.80,6.40
2009.07.01 10:18:10.150,1.62695,1.6275,3.20,3.20
2009.07.01 10:18:10.440,1.62695,1.6276,3.20,4.80
2009.07.01 10:18:10.560,1.62695,1.62755,3.20,3.20
2009.07.01 10:18:10.950,1.627,1.62755,1.80,3.20
2009.07.01 10:18:11.350,1.627,1.62755,1.80,12.80
2009.07.01 10:18:11.630,1.6269,1.62745,13.00,4.80
2009.07.01 10:18:11.910,1.627,1.62745,3.20,4.80
2009.07.01 10:18:12.320,1.62685,1.6274,13.00,6.40
2009.07.01 10:18:12.610,1.6268,1.6274,1.80,6.40
2009.07.01 10:18:15.389,1.6268,1.6274,5.00,6.40
2009.07.01 10:18:15.799,1.6268,1.6274,13.00,6.40
2009.07.01 10:18:16.439,1.62685,1.6275,1.80,11.20
2009.07.01 10:18:17.808,1.6268,1.6274,13.00,3.20
2009.07.01 10:18:17.868,1.6268,1.6274,13.00,4.80
2009.07.01 10:18:18.088,1.6269,1.6274,12.80,1.60
2009.07.01 10:18:18.198,1.62685,1.6275,1.80,12.80
2009.07.01 10:18:18.488,1.62685,1.6274,1.80,3.20
2009.07.01 10:18:18.809,1.62685,1.6274,1.80,3.20
2009.07.01 10:18:19.158,1.62685,1.6275,1.80,11.20
2009.07.01 10:18:19.488,1.62685,1.62745,9.80,4.80
2009.07.01 10:18:19.838,1.62695,1.6274,8.00,3.20
2009.07.01 10:18:20.288,1.6268,1.6274,13.00,6.40
2009.07.01 10:18:20.518,1.62685,1.6274,9.80,1.60
2009.07.01 10:18:20.748,1.62685,1.6275,13.00,12.80
2009.07.01 10:18:20.928,1.62685,1.62745,9.80,4.80
2009.07.01 10:18:21.318,1.6268,1.6274,13.00,4.80
2009.07.01 10:18:21.658,1.6268,1.6274,13.00,6.40
2009.07.01 10:18:22.008,1.6268,1.6274,5.00,6.40
2009.07.01 10:18:22.127,1.6268,1.6274,1.80,6.40
2009.07.01 10:18:23.987,1.6268,1.6274,1.80,9.60
2009.07.01 10:18:26.096,1.627,1.6276,1.20,4.80
2009.07.01 10:18:26.206,1.627,1.6276,3.20,4.80
2009.07.01 10:18:26.726,1.627,1.6276,3.20,8.00
2009.07.01 10:18:26.786,1.627,1.62755,1.80,3.20
2009.07.01 10:18:27.326,1.62695,1.62755,13.00,4.80
2009.07.01 10:18:27.726,1.627,1.62755,3.20,1.60
2009.07.01 10:18:30.125,1.62715,1.6276,1.80,3.20
2009.07.01 10:18:30.365,1.62715,1.6277,1.80,12.80
2009.07.01 10:18:30.805,1.6271,1.62765,1.80,8.00
2009.07.01 10:18:31.455,1.6271,1.6276,1.80,1.60
2009.07.01 10:18:31.735,1.6271,1.62775,1.80,11.20
2009.07.01 10:18:33.544,1.6271,1.6277,1.80,11.20
2009.07.01 10:18:33.704,1.6272,1.62765,1.20,1.60
2009.07.01 10:18:34.114,1.6273,1.62775,11.20,8.00
2009.07.01 10:18:34.275,1.6273,1.6277,11.20,8.00
2009.07.01 10:18:34.454,1.6273,1.6277,11.20,9.60
2009.07.01 10:18:34.734,1.6273,1.62765,11.20,1.60
2009.07.01 10:18:34.954,1.62705,1.62775,1.80,11.20
2009.07.01 10:18:42.562,1.62715,1.62775,1.80,11.20
2009.07.01 10:18:42.782,1.6272,1.6277,12.40,3.20
2009.07.01 10:18:42.962,1.6272,1.6277,12.40,1.60
2009.07.01 10:18:43.362,1.6272,1.6278,3.20,12.80
2009.07.01 10:18:43.942,1.6272,1.6278,3.20,12.80
2009.07.01 10:18:46.002,1.6272,1.6278,3.20,9.60
2009.07.01 10:18:46.342,1.62725,1.6278,12.40,3.20
2009.07.01 10:18:46.521,1.62725,1.6278,3.20,1.60
2009.07.01 10:18:46.932,1.62725,1.6278,14.40,1.60
2009.07.01 10:18:47.291,1.6273,1.62795,14.40,12.80
2009.07.01 10:18:47.921,1.62735,1.6279,1.80,3.20
2009.07.01 10:18:48.311,1.62735,1.6279,1.80,9.60
2009.07.01 10:18:48.611,1.6274,1.62785,11.20,9.60
2009.07.01 10:18:48.951,1.62725,1.62785,14.40,11.20
2009.07.01 10:18:49.841,1.62725,1.6278,14.40,1.60
2009.07.01 10:18:51.311,1.6273,1.6278,3.20,1.60
2009.07.01 10:18:51.601,1.62735,1.6279,12.40,4.80
2009.07.01 10:18:52.020,1.62735,1.6279,6.40,1.60
2009.07.01 10:18:52.380,1.62735,1.6279,14.40,1.60
2009.07.01 10:18:52.710,1.62735,1.628,14.40,11.20
2009.07.01 10:18:52.940,1.62735,1.628,14.40,8.00
2009.07.01 10:18:53.060,1.62735,1.62785,13.00,1.60
2009.07.01 10:18:53.230,1.6273,1.62785,1.60,1.60
2009.07.01 10:18:53.390,1.62715,1.62785,3.40,3.20
2009.07.01 10:18:53.730,1.62715,1.62785,1.80,3.20
2009.07.01 10:18:55.879,1.62715,1.62785,1.80,4.80
2009.07.01 10:18:55.989,1.6273,1.62785,8.00,4.80
2009.07.01 10:18:56.159,1.62725,1.62785,3.20,4.80
2009.07.01 10:18:56.399,1.62725,1.62785,3.20,3.20
2009.07.01 10:18:57.379,1.6273,1.62785,11.20,3.20
2009.07.01 10:18:57.679,1.6274,1.62795,11.20,8.00
2009.07.01 10:18:58.029,1.62735,1.6279,3.20,3.20
2009.07.01 10:18:59.868,1.62735,1.62785,3.20,3.20
2009.07.01 10:19:00.038,1.62735,1.62785,1.80,9.60
2009.07.01 10:19:00.328,1.6273,1.62785,12.40,3.20
2009.07.01 10:19:00.558,1.6273,1.62785,4.40,3.20
2009.07.01 10:19:00.898,1.6273,1.62785,14.40,4.80
2009.07.01 10:19:01.018,1.62735,1.62795,3.20,11.20
2009.07.01 10:19:01.758,1.62735,1.62795,3.20,3.20
2009.07.01 10:19:02.148,1.62745,1.62805,3.20,11.20
2009.07.01 10:19:02.588,1.6274,1.628,3.20,6.40
2009.07.01 10:19:02.927,1.62745,1.628,1.80,6.40
2009.07.01 10:19:06.446,1.62745,1.628,5.00,6.40
2009.07.01 10:19:06.847,1.62745,1.628,13.00,6.40
2009.07.01 10:19:08.906,1.62745,1.628,13.00,3.20
2009.07.01 10:19:09.016,1.62755,1.628,11.20,3.20
2009.07.01 10:19:09.246,1.6276,1.628,3.20,3.20
2009.07.01 10:19:09.536,1.62755,1.6281,1.80,1.60
2009.07.01 10:19:09.836,1.62755,1.6282,3.20,11.20
2009.07.01 10:19:10.196,1.6276,1.62805,1.80,3.20
2009.07.01 10:19:10.546,1.6277,1.62805,11.20,1.60
2009.07.01 10:19:10.886,1.6273,1.628,3.40,6.40
2009.07.01 10:19:11.175,1.6273,1.62795,1.80,1.60
2009.07.01 10:19:14.125,1.62725,1.6279,13.00,3.20
2009.07.01 10:19:14.655,1.62735,1.62785,13.00,1.60
2009.07.01 10:19:14.945,1.62735,1.62785,9.80,1.60
2009.07.01 10:19:15.344,1.62735,1.62785,1.80,1.60
2009.07.01 10:19:19.124,1.62735,1.62775,1.80,3.20
2009.07.01 10:19:19.523,1.6274,1.62775,11.20,4.80
2009.07.01 10:19:19.633,1.6274,1.62775,3.20,4.80
2009.07.01 10:19:19.743,1.62715,1.62775,1.80,4.80
2009.07.01 10:19:19.863,1.62715,1.6277,1.80,1.60
2009.07.01 10:19:21.563,1.6272,1.6277,1.80,3.20
2009.07.01 10:19:21.733,1.6272,1.6277,1.80,1.60
2009.07.01 10:19:24.772,1.6272,1.6277,9.80,1.60
2009.07.01 10:19:25.003,1.6272,1.6277,13.00,1.60
2009.07.01 10:19:25.422,1.6272,1.6277,1.80,1.60
2009.07.01 10:19:26.332,1.6272,1.6277,1.80,4.80
2009.07.01 10:19:26.672,1.62725,1.6277,11.20,6.40
2009.07.01 10:19:27.132,1.6271,1.62765,13.00,1.60
2009.07.01 10:19:32.191,1.6271,1.62765,14.40,1.60
2009.07.01 10:19:33.320,1.6271,1.62765,13.00,4.80
2009.07.01 10:19:33.720,1.6271,1.6276,1.80,1.60
2009.07.01 10:19:34.090,1.6271,1.6276,1.80,3.20
2009.07.01 10:19:36.140,1.6271,1.6276,1.80,4.80
2009.07.01 10:19:36.259,1.62715,1.6275,11.20,9.60
2009.07.01 10:19:36.609,1.6269,1.62745,13.00,1.60
2009.07.01 10:19:36.949,1.6269,1.62745,3.20,1.60
2009.07.01 10:19:37.339,1.62695,1.62755,13.00,9.60
2009.07.01 10:19:37.689,1.627,1.6275,13.00,3.20
2009.07.01 10:19:37.859,1.627,1.6275,13.00,1.60
2009.07.01 10:19:40.658,1.627,1.6276,13.00,6.40
2009.07.01 10:19:41.448,1.627,1.6275,13.00,4.80
2009.07.01 10:19:41.688,1.6271,1.6275,11.20,4.80
2009.07.01 10:19:41.808,1.62695,1.6275,1.80,6.40
2009.07.01 10:19:52.605,1.6268,1.6274,13.00,3.20
2009.07.01 10:19:52.825,1.62685,1.62735,13.00,1.60
2009.07.01 10:19:53.575,1.62685,1.62745,13.00,6.40
2009.07.01 10:19:53.696,1.62685,1.6273,13.00,1.60
2009.07.01 10:19:54.266,1.62695,1.6273,14.00,1.60
2009.07.01 10:19:54.555,1.62695,1.6275,3.20,3.20
2009.07.01 10:19:54.835,1.62695,1.6275,3.20,3.20
2009.07.01 10:19:55.065,1.62695,1.6275,3.20,1.60
2009.07.01 10:19:55.765,1.62695,1.6276,3.20,4.80
2009.07.01 10:19:57.024,1.627,1.62755,1.80,4.80
2009.07.01 10:19:57.944,1.627,1.62755,3.40,4.80
2009.07.01 10:19:58.124,1.627,1.62755,4.80,1.60
2009.07.01 10:19:58.344,1.627,1.62755,8.00,1.60
2009.07.01 10:19:58.514,1.6271,1.62765,11.20,4.80
2009.07.01 10:19:58.814,1.62705,1.62765,3.20,6.40
2009.07.01 10:19:59.454,1.627,1.6275,1.80,1.60
2009.07.01 10:19:59.924,1.627,1.6274,1.80,1.60
2009.07.01 10:20:00.964,1.62705,1.6274,1.80,1.60
2009.07.01 10:20:06.792,1.6272,1.6276,3.20,1.60
2009.07.01 10:20:07.132,1.62725,1.6276,1.80,1.60
2009.07.01 10:20:07.762,1.6273,1.62775,11.20,1.60
2009.07.01 10:20:10.481,1.62715,1.62765,14.40,1.60
2009.07.01 10:20:21.159,1.62725,1.6276,11.20,1.60
2009.07.01 10:20:21.508,1.6273,1.6278,12.40,3.20
2009.07.01 10:20:21.678,1.6273,1.6278,12.40,1.60
2009.07.01 10:20:22.208,1.6273,1.62795,3.20,6.40
2009.07.01 10:20:22.618,1.6273,1.62785,3.20,1.60
2009.07.01 10:20:24.308,1.6273,1.62785,1.80,1.60
2009.07.01 10:20:24.768,1.6273,1.62785,1.80,4.80
2009.07.01 10:20:24.878,1.6273,1.6278,1.80,1.60
2009.07.01 10:20:25.238,1.62725,1.6278,13.00,1.60
2009.07.01 10:20:25.747,1.62725,1.6278,13.00,3.20
2009.07.01 10:20:26.387,1.62725,1.6278,1.80,3.20
2009.07.01 10:20:33.126,1.6274,1.628,1.80,9.60
2009.07.01 10:20:33.346,1.62735,1.628,13.00,9.60
2009.07.01 10:20:33.726,1.62735,1.6279,1.80,1.60
2009.07.01 10:20:34.076,1.6274,1.62805,1.80,8.00
2009.07.01 10:20:40.334,1.62745,1.628,1.80,1.60
2009.07.01 10:20:47.352,1.62745,1.6281,1.80,9.60
2009.07.01 10:20:47.532,1.6275,1.6279,11.20,4.80
2009.07.01 10:20:47.812,1.62725,1.6279,1.80,4.80
2009.07.01 10:20:47.872,1.62725,1.6278,1.80,1.60
2009.07.01 10:20:58.490,1.6273,1.6278,1.80,3.20
2009.07.01 10:21:03.868,1.6273,1.6278,1.80,1.60
2009.07.01 10:21:04.359,1.6273,1.6278,1.80,3.20
2009.07.01 10:21:05.728,1.6273,1.6278,1.80,1.60
2009.07.01 10:21:18.105,1.6274,1.6279,3.20,1.60
2009.07.01 10:21:18.605,1.6274,1.6279,14.40,1.60
2009.07.01 10:21:19.215,1.62745,1.6279,1.80,1.60
2009.07.01 10:21:19.335,1.6275,1.6279,1.80,1.60
2009.07.01 10:21:19.744,1.6275,1.62805,1.80,6.40
2009.07.01 10:21:22.124,1.6275,1.62805,1.80,4.80
2009.07.01 10:21:23.803,1.62745,1.628,13.00,3.20
2009.07.01 10:21:23.983,1.62745,1.628,1.80,4.80
2009.07.01 10:21:25.293,1.6274,1.62795,1.80,3.20
2009.07.01 10:21:25.593,1.62745,1.62795,11.20,4.80
2009.07.01 10:21:25.823,1.6273,1.6279,13.00,1.60
2009.07.01 10:21:42.749,1.6273,1.62785,1.80,3.20
2009.07.01 10:21:42.979,1.6273,1.62785,1.80,4.80
2009.07.01 10:21:43.599,1.6273,1.62785,1.80,6.40
2009.07.01 10:21:43.829,1.6272,1.62785,13.00,6.40
2009.07.01 10:21:44.119,1.6273,1.62785,1.80,1.60
2009.07.01 10:21:44.469,1.62735,1.62795,1.80,6.40
2009.07.01 10:21:47.228,1.6273,1.6279,1.80,1.60
2009.07.01 10:21:48.388,1.6273,1.6279,1.80,3.20
2009.07.01 10:21:48.607,1.6273,1.62785,1.80,3.20
2009.07.01 10:21:48.998,1.6273,1.62785,1.80,4.80
2009.07.01 10:21:49.448,1.62725,1.62785,13.00,4.80
2009.07.01 10:21:51.027,1.62725,1.62785,1.80,4.80
2009.07.01 10:22:01.555,1.62725,1.62785,1.80,6.40
2009.07.01 10:22:01.794,1.6272,1.62775,13.00,3.20
2009.07.01 10:22:02.304,1.6272,1.62775,9.80,4.80
2009.07.01 10:22:02.544,1.62735,1.62775,1.20,1.60
2009.07.01 10:22:03.244,1.62745,1.6279,11.20,1.60
2009.07.01 10:22:03.545,1.6274,1.6279,5.00,3.20
2009.07.01 10:22:03.664,1.62735,1.6279,1.80,4.80
2009.07.01 10:22:03.984,1.62735,1.6279,13.00,4.80
2009.07.01 10:22:12.872,1.62735,1.6279,14.40,1.60
2009.07.01 10:22:13.042,1.62735,1.6279,13.00,4.80
2009.07.01 10:22:15.641,1.6274,1.6279,1.80,4.80
2009.07.01 10:22:16.091,1.62745,1.6279,1.80,1.60
2009.07.01 10:22:16.421,1.62735,1.628,11.20,4.80
2009.07.01 10:22:16.711,1.62735,1.62795,3.20,4.80
2009.07.01 10:22:22.279,1.6273,1.6279,14.00,4.80
2009.07.01 10:22:23.999,1.6274,1.6279,3.20,1.60
2009.07.01 10:22:24.409,1.6274,1.6279,1.60,4.80
2009.07.01 10:22:24.639,1.62735,1.6279,1.80,4.80
2009.07.01 10:22:25.779,1.62735,1.62785,1.80,3.20
2009.07.01 10:22:26.129,1.6273,1.62785,13.00,4.80
2009.07.01 10:22:26.479,1.6273,1.62785,14.40,1.60
2009.07.01 10:22:26.778,1.6273,1.62795,14.40,4.80
2009.07.01 10:22:27.058,1.62735,1.6279,1.80,4.80
2009.07.01 10:22:29.538,1.6274,1.6279,12.40,1.60
2009.07.01 10:22:29.878,1.6274,1.6279,3.20,1.60
2009.07.01 10:22:33.877,1.6276,1.62815,5.00,4.80
2009.07.01 10:22:35.566,1.6276,1.6281,5.00,3.20
2009.07.01 10:22:36.026,1.62755,1.6281,1.80,4.80
2009.07.01 10:22:37.816,1.62755,1.62805,1.80,3.20
2009.07.01 10:22:38.165,1.6275,1.628,1.80,1.60
2009.07.01 10:22:39.205,1.6276,1.628,1.80,1.60
2009.07.01 10:22:39.556,1.6277,1.6282,3.20,4.80
2009.07.01 10:22:43.154,1.6277,1.62815,3.20,6.40
2009.07.01 10:22:43.394,1.6277,1.62805,3.20,3.20
2009.07.01 10:22:43.614,1.62755,1.62805,1.80,3.20
2009.07.01 10:22:43.724,1.6276,1.628,11.20,1.60
2009.07.01 10:22:44.124,1.62745,1.628,1.80,1.60
2009.07.01 10:22:46.234,1.6275,1.628,12.80,1.60
2009.07.01 10:22:46.514,1.62755,1.6282,1.80,4.80
2009.07.01 10:22:46.844,1.6277,1.62815,1.60,4.80
2009.07.01 10:22:47.453,1.6277,1.62815,3.20,4.80
2009.07.01 10:22:47.804,1.62755,1.6281,1.80,1.60
2009.07.01 10:22:48.203,1.6277,1.6282,3.20,4.80
2009.07.01 10:23:48.848,1.6275,1.62805,6.40,1.60
2009.07.01 10:23:49.078,1.62755,1.62815,1.80,4.80
2009.07.01 10:23:49.309,1.6275,1.62815,8.00,4.80
2009.07.01 10:23:49.419,1.6275,1.62805,8.00,1.60
2009.07.01 10:23:49.689,1.6275,1.62815,16.00,4.80
2009.07.01 10:23:49.858,1.62755,1.6281,1.80,1.60
2009.07.01 10:23:50.408,1.62755,1.6282,1.80,4.80
2009.07.01 10:23:50.588,1.6277,1.62815,1.60,4.80
2009.07.01 10:23:50.928,1.6277,1.62815,3.20,4.80
2009.07.01 10:24:11.863,1.6277,1.6281,3.20,3.20
2009.07.01 10:24:12.373,1.6277,1.6281,1.60,3.20
2009.07.01 10:24:12.543,1.62745,1.62805,14.60,1.60
2009.07.01 10:24:41.816,1.6277,1.6281,3.20,3.20
2009.07.01 10:24:42.266,1.6277,1.6281,1.60,4.80
2009.07.01 10:24:42.786,1.6276,1.62805,12.80,1.60
2009.07.01 10:24:42.896,1.6276,1.62815,1.80,4.80
2009.07.01 10:24:44.035,1.6276,1.6281,3.20,1.60
2009.07.01 10:24:44.546,1.6276,1.6282,3.20,4.80
2009.07.01 10:24:45.065,1.6276,1.62815,1.80,3.20
2009.07.01 10:24:45.305,1.6277,1.62815,3.20,3.20
2009.07.01 10:24:45.645,1.6277,1.62815,3.20,4.80
2009.07.01 10:24:53.553,1.6277,1.6281,3.20,1.60
2009.07.01 10:24:53.843,1.6277,1.6281,1.60,1.60
2009.07.01 10:24:53.903,1.62745,1.628,3.20,1.60
2009.07.01 10:24:54.543,1.6275,1.628,1.80,1.60
2009.07.01 10:25:02.941,1.6275,1.628,14.40,1.60
2009.07.01 10:25:03.550,1.6275,1.6279,13.00,1.60
2009.07.01 10:25:04.021,1.6275,1.6279,1.80,1.60
2009.07.01 10:25:07.190,1.62745,1.6279,13.00,1.60
2009.07.01 10:25:14.398,1.62745,1.6279,1.80,1.60
2009.07.01 10:25:14.678,1.62745,1.6279,1.80,4.80
2009.07.01 10:25:14.908,1.6275,1.6279,11.20,4.80
2009.07.01 10:25:15.078,1.6275,1.6278,8.00,1.60
2009.07.01 10:25:15.568,1.62745,1.6278,1.80,1.60
2009.07.01 10:25:19.457,1.6274,1.6278,13.00,1.60
2009.07.01 10:25:19.517,1.6274,1.6278,5.00,1.60
2009.07.01 10:25:19.757,1.6274,1.6278,1.80,1.60
2009.07.01 10:25:22.036,1.6274,1.6278,3.20,1.60
2009.07.01 10:25:22.266,1.62745,1.6278,1.80,1.60
2009.07.01 10:25:22.626,1.62745,1.6278,13.00,1.60
2009.07.01 10:25:22.946,1.6274,1.62795,13.00,4.80
2009.07.01 10:25:24.346,1.6274,1.6278,13.00,1.60
2009.07.01 10:25:24.826,1.6274,1.6278,1.80,1.60
2009.07.01 10:25:25.215,1.62735,1.6278,14.40,1.60
2009.07.01 10:25:25.515,1.6274,1.6278,1.80,1.60
2009.07.01 10:25:26.155,1.6274,1.6278,1.80,1.60
2009.07.01 10:25:26.445,1.6275,1.6278,3.20,1.60
2009.07.01 10:25:26.785,1.6275,1.6281,3.20,3.20
2009.07.01 10:25:27.085,1.62755,1.62805,1.80,1.60
2009.07.01 10:25:29.914,1.6275,1.628,13.00,1.60
2009.07.01 10:25:30.134,1.6275,1.628,5.00,1.60
2009.07.01 10:25:30.184,1.6275,1.628,1.80,1.60
2009.07.01 10:25:30.414,1.6275,1.628,1.80,3.20
2009.07.01 10:25:30.474,1.6275,1.6279,1.80,1.60
2009.07.01 10:25:34.132,1.62755,1.6279,1.80,1.60
2009.07.01 10:25:34.722,1.62765,1.6279,1.60,1.60
2009.07.01 10:25:34.943,1.6277,1.62805,1.80,1.60
2009.07.01 10:25:35.302,1.6277,1.62815,1.80,1.60
2009.07.01 10:25:38.451,1.6277,1.62825,1.80,6.40
2009.07.01 10:25:41.460,1.6277,1.6281,1.80,1.60
2009.07.01 10:25:46.369,1.6277,1.62825,1.80,6.40
2009.07.01 10:25:46.659,1.62775,1.6282,12.40,1.60
2009.07.01 10:25:46.839,1.6278,1.6282,1.20,1.60
2009.07.01 10:25:47.179,1.62785,1.62835,1.80,1.60
2009.07.01 10:25:47.359,1.62785,1.6283,5.00,1.60
2009.07.01 10:25:47.539,1.62785,1.6283,13.00,1.60
2009.07.01 10:25:48.009,1.62785,1.6283,1.80,1.60
2009.07.01 10:25:49.279,1.6279,1.6283,1.80,1.60
2009.07.01 10:25:49.628,1.6279,1.62845,1.80,3.20
2009.07.01 10:25:49.978,1.6279,1.6283,1.80,1.60
2009.07.01 10:25:50.268,1.62785,1.6283,13.00,1.60
2009.07.01 10:25:50.678,1.62785,1.6283,1.80,1.60
2009.07.01 10:25:51.998,1.62785,1.6283,3.20,1.60
2009.07.01 10:25:52.118,1.6279,1.62845,1.80,3.20
2009.07.01 10:25:52.387,1.62785,1.6284,6.40,1.60
2009.07.01 10:25:52.997,1.6279,1.6283,1.80,1.60
2009.07.01 10:25:53.167,1.6279,1.62845,1.80,1.60
2009.07.01 10:25:53.557,1.6279,1.6283,1.80,1.60
2009.07.01 10:25:53.847,1.6279,1.62845,1.80,1.60
2009.07.01 10:25:54.597,1.6279,1.62855,3.20,6.40
2009.07.01 10:25:54.947,1.62795,1.6284,1.80,1.60
2009.07.01 10:25:55.347,1.628,1.6284,12.40,1.60
2009.07.01 10:25:55.648,1.628,1.6287,3.20,4.80
2009.07.01 10:25:55.937,1.628,1.62855,14.40,1.60
2009.07.01 10:25:56.777,1.62805,1.6285,1.80,1.60
2009.07.01 10:25:56.937,1.628,1.6285,14.40,1.60
2009.07.01 10:26:00.686,1.628,1.6286,1.80,4.80
2009.07.01 10:26:01.186,1.628,1.6284,1.80,1.60
2009.07.01 10:26:01.765,1.628,1.6284,3.20,1.60
2009.07.01 10:26:01.946,1.628,1.62855,3.20,3.20
2009.07.01 10:26:02.425,1.628,1.6285,14.40,1.60
2009.07.01 10:26:02.695,1.628,1.6284,4.40,1.60
2009.07.01 10:26:02.925,1.62805,1.6284,11.20,1.60
2009.07.01 10:26:03.205,1.628,1.6284,3.20,1.60
2009.07.01 10:26:03.485,1.628,1.62855,3.20,1.60
2009.07.01 10:26:05.005,1.628,1.6285,14.40,1.60
2009.07.01 10:26:05.285,1.62805,1.6285,1.80,1.60
2009.07.01 10:26:07.264,1.628,1.6284,3.20,1.60
2009.07.01 10:26:07.664,1.628,1.62855,11.20,1.60
2009.07.01 10:26:07.904,1.628,1.6285,14.40,1.60
2009.07.01 10:26:09.394,1.628,1.6285,6.40,1.60
2009.07.01 10:26:09.504,1.628,1.6284,1.80,1.60
2009.07.01 10:26:10.193,1.62795,1.6284,1.80,1.60
2009.07.01 10:26:11.253,1.6279,1.62835,13.00,3.20
2009.07.01 10:26:11.753,1.62795,1.62835,8.00,4.80
2009.07.01 10:26:12.223,1.62785,1.6282,1.80,1.60
2009.07.01 10:26:12.513,1.62785,1.62835,1.80,1.60
2009.07.01 10:26:19.201,1.62785,1.62845,1.80,4.80
2009.07.01 10:26:19.491,1.62785,1.6284,13.00,4.80
2009.07.01 10:26:21.541,1.62785,1.6284,1.80,4.80
2009.07.01 10:26:23.580,1.62785,1.6284,3.20,1.60
2009.07.01 10:26:23.870,1.6279,1.6284,1.80,1.60
2009.07.01 10:26:23.930,1.6279,1.6283,1.80,1.60
2009.07.01 10:26:24.090,1.62785,1.6283,14.40,1.60
2009.07.01 10:26:25.190,1.6279,1.6283,1.80,1.60
2009.07.01 10:26:26.949,1.62785,1.6283,11.20,1.60
2009.07.01 10:26:27.069,1.62785,1.6283,3.20,1.60
2009.07.01 10:26:27.229,1.6279,1.6283,12.40,1.60
2009.07.01 10:26:27.519,1.6279,1.6283,3.20,1.60
2009.07.01 10:26:27.699,1.6279,1.62845,1.80,1.60
2009.07.01 10:26:27.929,1.62785,1.6284,17.60,1.60
2009.07.01 10:26:28.099,1.62785,1.6283,12.80,1.60
2009.07.01 10:26:28.489,1.62785,1.6283,4.80,1.60
2009.07.01 10:26:28.839,1.62785,1.6283,3.40,1.60
2009.07.01 10:26:29.189,1.62785,1.6283,1.80,1.60
2009.07.01 10:26:29.299,1.6278,1.6283,16.00,1.60
2009.07.01 10:26:29.589,1.6278,1.6283,4.80,1.60
2009.07.01 10:26:30.648,1.62795,1.6283,4.40,1.60
2009.07.01 10:26:30.928,1.6279,1.6286,1.80,6.40
2009.07.01 10:26:31.219,1.62795,1.62845,11.20,1.60
2009.07.01 10:26:31.558,1.6278,1.62835,1.80,1.60
2009.07.01 10:26:32.068,1.62795,1.6283,1.80,1.60
2009.07.01 10:26:36.537,1.62795,1.62845,1.80,1.60
2009.07.01 10:26:37.027,1.62795,1.6284,13.00,1.60
2009.07.01 10:26:39.586,1.62795,1.6284,9.80,1.60
2009.07.01 10:26:39.826,1.62795,1.6284,1.80,1.60
2009.07.01 10:26:40.056,1.6279,1.6284,16.00,1.60
2009.07.01 10:26:40.286,1.6279,1.6284,12.80,1.60
2009.07.01 10:26:40.556,1.6279,1.6284,4.80,1.60
2009.07.01 10:26:46.005,1.62785,1.62825,3.20,1.60
2009.07.01 10:26:46.335,1.6279,1.6281,11.20,1.60
2009.07.01 10:26:46.734,1.6275,1.6281,11.20,4.80
2009.07.01 10:26:47.024,1.6275,1.62805,11.20,1.60
2009.07.01 10:26:47.354,1.6275,1.6278,3.20,1.60
2009.07.01 10:26:47.644,1.6275,1.62795,1.20,1.60
2009.07.01 10:26:47.994,1.6275,1.62805,14.40,1.60
2009.07.01 10:26:48.324,1.6276,1.628,11.20,1.60
2009.07.01 10:26:48.674,1.62745,1.628,1.80,1.60
2009.07.01 10:26:48.964,1.62745,1.628,1.80,3.20
2009.07.01 10:26:49.134,1.62745,1.628,1.80,6.40
2009.07.01 10:26:49.254,1.62745,1.6279,1.80,1.60
2009.07.01 10:26:49.484,1.62745,1.6278,1.80,1.60
2009.07.01 10:26:49.714,1.62745,1.62795,1.80,3.20
2009.07.01 10:26:50.054,1.62745,1.6278,1.80,1.60
2009.07.01 10:26:50.574,1.6275,1.6278,1.80,1.60
2009.07.01 10:26:50.804,1.6275,1.62795,14.40,1.60
2009.07.01 10:26:51.203,1.6275,1.6279,11.20,1.60
2009.07.01 10:26:51.484,1.6275,1.62835,3.20,11.20
2009.07.01 10:26:52.003,1.6275,1.6283,11.20,8.00
2009.07.01 10:26:52.353,1.6275,1.6283,14.40,8.00
2009.07.01 10:26:52.653,1.62755,1.6281,1.80,1.60
2009.07.01 10:26:53.693,1.62755,1.62805,1.80,6.40
2009.07.01 10:26:53.973,1.6274,1.6278,14.40,1.60
2009.07.01 10:26:56.472,1.6274,1.6277,3.20,1.60
2009.07.01 10:27:02.811,1.6274,1.62795,3.20,3.20
2009.07.01 10:27:14.478,1.62735,1.6277,14.40,1.60
2009.07.01 10:27:19.007,1.6273,1.6277,11.20,1.60
2009.07.01 10:27:19.357,1.6273,1.6276,3.20,1.60
2009.07.01 10:27:22.226,1.62725,1.6276,14.40,1.60
2009.07.01 10:27:22.386,1.62735,1.6276,12.40,1.60
2009.07.01 10:27:22.556,1.62735,1.6276,3.20,1.60
2009.07.01 10:27:22.726,1.62735,1.62775,12.40,1.60
2009.07.01 10:27:23.406,1.6273,1.6277,3.20,1.60
2009.07.01 10:27:23.746,1.6273,1.6276,1.20,1.60
2009.07.01 10:27:26.515,1.62725,1.6276,11.20,1.60
2009.07.01 10:27:26.805,1.6272,1.62745,1.60,1.60
2009.07.01 10:27:26.915,1.6271,1.62745,7.60,1.60
2009.07.01 10:27:26.965,1.6271,1.6277,15.60,3.20
2009.07.01 10:27:27.245,1.62715,1.62755,1.20,1.60
2009.07.01 10:27:27.595,1.62715,1.6277,1.20,1.60
2009.07.01 10:27:30.164,1.6272,1.6277,1.20,1.60
2009.07.01 10:27:31.164,1.6272,1.62765,12.40,1.60
2009.07.01 10:27:31.744,1.62715,1.6276,1.80,1.60
2009.07.01 10:27:32.044,1.62715,1.6275,1.80,1.60
2009.07.01 10:27:32.254,1.6271,1.6275,3.20,1.60
2009.07.01 10:27:32.544,1.62705,1.6275,13.00,1.60
2009.07.01 10:27:32.834,1.627,1.6274,4.80,1.60
2009.07.01 10:27:33.523,1.6271,1.6274,1.20,1.60
2009.07.01 10:27:33.853,1.62715,1.6274,11.20,1.60
2009.07.01 10:27:34.143,1.62715,1.6274,12.40,1.60
2009.07.01 10:27:34.313,1.62715,1.62755,12.40,1.60
2009.07.01 10:27:38.052,1.62725,1.6275,3.20,1.60
2009.07.01 10:27:38.272,1.62715,1.62765,14.40,1.60
2009.07.01 10:27:38.332,1.62715,1.6275,14.40,1.60
2009.07.01 10:27:39.212,1.62715,1.6275,6.40,1.60
2009.07.01 10:27:39.392,1.62715,1.6275,3.20,1.60
2009.07.01 10:27:39.832,1.62715,1.6275,12.40,1.60
2009.07.01 10:27:43.061,1.62725,1.62765,11.20,3.20
2009.07.01 10:27:43.351,1.62715,1.6275,14.40,1.60
2009.07.01 10:27:43.701,1.62715,1.6275,3.20,1.60
2009.07.01 10:27:47.930,1.6272,1.62765,3.20,1.60
2009.07.01 10:27:48.270,1.62715,1.6275,14.40,1.60
2009.07.01 10:27:48.959,1.62725,1.6275,11.20,1.60
2009.07.01 10:27:49.300,1.62715,1.62765,14.40,1.60
2009.07.01 10:27:49.709,1.62715,1.6276,6.40,1.60
2009.07.01 10:27:49.819,1.62715,1.6276,3.20,1.60
2009.07.01 10:27:50.339,1.62715,1.6275,3.20,1.60
2009.07.01 10:27:51.199,1.62715,1.6275,12.40,1.60
2009.07.01 10:27:54.248,1.62715,1.62765,12.40,3.20
2009.07.01 10:27:55.908,1.6271,1.6276,3.20,1.60
2009.07.01 10:27:56.198,1.6271,1.6275,3.20,1.60
2009.07.01 10:27:56.528,1.62705,1.6275,3.20,1.60
2009.07.01 10:27:56.877,1.6271,1.6275,11.20,1.60
2009.07.01 10:27:57.148,1.6271,1.6275,3.20,1.60
2009.07.01 10:27:57.488,1.62705,1.6275,12.40,1.60
2009.07.01 10:27:59.497,1.62705,1.6275,11.20,3.20
2009.07.01 10:27:59.777,1.62705,1.6274,11.20,1.60
2009.07.01 10:28:00.307,1.627,1.6274,3.20,1.60
2009.07.01 10:28:01.457,1.62705,1.6274,11.20,1.60
2009.07.01 10:28:02.026,1.62705,1.62755,12.40,3.20
2009.07.01 10:28:02.256,1.6271,1.6275,1.20,1.60
2009.07.01 10:28:02.996,1.62705,1.6274,3.20,1.60
2009.07.01 10:28:14.213,1.62705,1.6274,3.20,1.60
2009.07.01 10:28:15.873,1.62715,1.6274,11.20,1.60
2009.07.01 10:28:16.103,1.62715,1.62755,11.20,1.60
2009.07.01 10:28:18.362,1.62725,1.6275,1.20,1.60
2009.07.01 10:28:18.813,1.62725,1.62765,4.40,3.20
2009.07.01 10:28:19.212,1.6274,1.6276,1.20,1.60
2009.07.01 10:28:19.622,1.62735,1.62775,1.80,1.60
2009.07.01 10:28:19.852,1.6273,1.6277,3.20,1.60
2009.07.01 10:28:21.512,1.62735,1.6277,11.20,1.60
2009.07.01 10:28:22.262,1.62735,1.6276,11.20,1.60
2009.07.01 10:28:23.591,1.62725,1.6276,13.00,1.60
2009.07.01 10:28:24.051,1.6272,1.6276,4.80,1.60
2009.07.01 10:28:24.581,1.6272,1.6276,3.20,1.60
2009.07.01 10:28:27.290,1.6272,1.6276,1.80,1.60
2009.07.01 10:28:27.510,1.6272,1.6275,1.80,1.60
2009.07.01 10:28:27.680,1.6272,1.6275,11.20,1.60
2009.07.01 10:28:30.000,1.6271,1.6275,13.00,1.60
2009.07.01 10:28:33.119,1.62715,1.6275,1.20,1.60
2009.07.01 10:28:33.349,1.62715,1.6275,3.20,1.60
2009.07.01 10:28:33.689,1.62715,1.6275,1.80,1.60
2009.07.01 10:28:34.099,1.627,1.62735,3.20,1.60
2009.07.01 10:28:35.239,1.62705,1.6273,12.40,1.60
2009.07.01 10:28:35.358,1.62705,1.6273,6.40,1.60
2009.07.01 10:28:35.598,1.62715,1.62745,12.40,1.60
2009.07.01 10:28:35.818,1.62715,1.62755,3.20,1.60
2009.07.01 10:28:37.478,1.62715,1.62735,1.80,1.60
2009.07.01 10:28:37.768,1.62715,1.62735,1.20,1.60
2009.07.01 10:28:38.068,1.62715,1.6276,3.20,1.60
2009.07.01 10:28:40.347,1.62715,1.6275,1.80,1.60
2009.07.01 10:28:40.467,1.627,1.62735,3.20,1.60
2009.07.01 10:28:40.997,1.62715,1.62735,3.20,1.60
2009.07.01 10:28:41.347,1.62715,1.6276,3.20,1.60
2009.07.01 10:28:44.026,1.62715,1.6277,3.20,3.20
2009.07.01 10:28:59.393,1.6272,1.62765,1.80,1.60
2009.07.01 10:28:59.742,1.6272,1.62765,3.20,1.60
2009.07.01 10:28:59.793,1.6272,1.62775,3.20,1.60
2009.07.01 10:29:00.073,1.6272,1.62765,3.20,1.60
2009.07.01 10:29:00.362,1.6272,1.6278,3.20,6.40
2009.07.01 10:29:00.892,1.62725,1.62775,11.20,1.60
2009.07.01 10:29:01.242,1.62715,1.6277,12.40,1.60
2009.07.01 10:29:01.542,1.62715,1.62765,12.40,1.60
2009.07.01 10:29:02.302,1.62715,1.62765,1.20,1.60
2009.07.01 10:29:08.340,1.62715,1.62765,12.40,1.60
2009.07.01 10:29:11.949,1.62715,1.6276,12.40,1.60
2009.07.01 10:29:12.230,1.6271,1.6276,1.80,4.80
2009.07.01 10:29:12.460,1.62705,1.6276,11.20,4.80
2009.07.01 10:29:12.690,1.62705,1.62755,11.20,1.60
2009.07.01 10:29:12.869,1.62705,1.62745,11.20,1.60
2009.07.01 10:29:15.669,1.62705,1.62755,11.20,1.60
2009.07.01 10:29:21.048,1.62705,1.6275,12.40,1.60
2009.07.01 10:29:21.578,1.62705,1.62765,12.40,11.20
2009.07.01 10:29:23.357,1.62705,1.62765,12.40,12.80
2009.07.01 10:29:23.527,1.62705,1.62755,11.20,1.60
2009.07.01 10:29:23.747,1.62695,1.62755,13.00,4.80
2009.07.01 10:29:23.917,1.627,1.62755,11.20,6.40
2009.07.01 10:29:24.326,1.627,1.6274,1.20,1.60
2009.07.01 10:29:24.666,1.627,1.62755,1.20,3.20
2009.07.01 10:29:24.956,1.627,1.6275,12.40,1.60
2009.07.01 10:29:27.986,1.627,1.62755,1.80,1.60
2009.07.01 10:29:28.676,1.627,1.62755,11.20,3.20
2009.07.01 10:29:28.845,1.627,1.62745,11.20,1.60
2009.07.01 10:29:29.585,1.6269,1.62745,14.40,1.60
2009.07.01 10:29:29.825,1.627,1.62745,11.20,1.60
2009.07.01 10:29:30.235,1.62695,1.6274,12.40,1.60
2009.07.01 10:29:30.465,1.627,1.6275,11.20,1.60
2009.07.01 10:29:33.384,1.627,1.62745,8.00,1.60
2009.07.01 10:29:33.604,1.6269,1.62735,12.40,1.60
2009.07.01 10:29:35.084,1.6269,1.62745,12.40,1.60
2009.07.01 10:29:38.583,1.62695,1.6274,1.20,1.60
2009.07.01 10:29:38.883,1.627,1.6274,3.20,1.60
2009.07.01 10:29:38.993,1.627,1.62735,3.20,1.60
2009.07.01 10:29:39.043,1.627,1.62735,11.20,1.60
2009.07.01 10:29:39.223,1.627,1.6275,11.20,1.60
2009.07.01 10:29:39.283,1.627,1.62745,12.80,1.60
2009.07.01 10:29:42.692,1.6269,1.62745,14.60,4.80
2009.07.01 10:29:42.862,1.62695,1.62745,1.20,1.60
2009.07.01 10:29:43.032,1.62705,1.62735,1.20,1.60
2009.07.01 10:29:43.152,1.6271,1.62735,1.60,1.60
2009.07.01 10:29:43.382,1.6271,1.6275,1.60,1.60
2009.07.01 10:29:43.602,1.6271,1.6276,3.20,1.60
2009.07.01 10:29:44.072,1.62705,1.62755,12.40,1.60
2009.07.01 10:29:48.520,1.62705,1.6276,12.40,1.60
2009.07.01 10:29:49.420,1.627,1.6276,3.20,4.80
2009.07.01 10:29:49.740,1.627,1.6276,14.00,8.00
2009.07.01 10:29:49.970,1.627,1.62755,14.00,1.60
2009.07.01 10:29:51.660,1.62705,1.62755,1.20,1.60
2009.07.01 10:29:52.050,1.6271,1.62755,3.20,1.60
2009.07.01 10:29:52.230,1.6271,1.6277,11.20,9.60
2009.07.01 10:29:52.350,1.6271,1.62765,12.80,4.80
2009.07.01 10:29:52.520,1.62705,1.62765,3.20,4.80
2009.07.01 10:29:53.999,1.6271,1.62765,12.80,4.80
2009.07.01 10:29:54.229,1.6271,1.62765,11.20,4.80
2009.07.01 10:29:54.289,1.6271,1.62765,3.20,4.80
2009.07.01 10:29:58.249,1.6271,1.62765,4.40,1.60
2009.07.01 10:29:58.608,1.62705,1.62765,14.40,4.80
2009.07.01 10:29:58.928,1.62705,1.6276,3.20,1.60
2009.07.01 10:29:59.898,1.6271,1.6276,12.80,1.60
2009.07.01 10:30:00.298,1.627,1.6276,16.00,4.80
2009.07.01 10:30:00.418,1.627,1.62755,12.40,1.60
2009.07.01 10:30:00.928,1.627,1.62755,14.00,1.60
2009.07.01 10:30:01.288,1.62705,1.62755,1.20,1.60
2009.07.01 10:30:01.807,1.62705,1.6277,3.20,1.60
2009.07.01 10:30:01.978,1.62705,1.6277,3.20,1.60
2009.07.01 10:30:02.148,1.62715,1.6277,3.20,1.60
2009.07.01 10:30:02.437,1.62715,1.6278,3.20,6.40
2009.07.01 10:30:02.787,1.6273,1.6278,3.20,6.40
2009.07.01 10:30:03.127,1.6273,1.62775,1.20,1.60
2009.07.01 10:30:03.487,1.6273,1.62775,4.40,1.60
2009.07.01 10:30:03.947,1.6274,1.62775,3.20,1.60
2009.07.01 10:30:04.597,1.6274,1.6279,3.20,1.60
2009.07.01 10:30:04.997,1.6273,1.62785,6.40,1.60
2009.07.01 10:30:07.346,1.6274,1.62785,3.20,1.60
2009.07.01 10:30:08.796,1.62715,1.6278,5.00,4.80
2009.07.01 10:30:09.086,1.62715,1.62775,5.00,1.60
2009.07.01 10:30:09.366,1.6272,1.62775,8.00,1.60
2009.07.01 10:30:09.606,1.62715,1.62775,1.20,1.60
2009.07.01 10:30:09.886,1.6273,1.62775,3.20,1.60
2009.07.01 10:30:17.964,1.6272,1.62775,6.40,1.60
2009.07.01 10:30:26.242,1.6273,1.62775,1.60,1.60
2009.07.01 10:30:26.292,1.6273,1.62775,3.20,1.60
2009.07.01 10:30:26.641,1.6272,1.62775,6.40,1.60
2009.07.01 10:30:26.991,1.6272,1.62775,3.20,1.60
2009.07.01 10:30:27.461,1.62725,1.62775,11.20,1.60
2009.07.01 10:30:28.621,1.6272,1.62775,3.20,1.60
2009.07.01 10:30:36.179,1.62715,1.6277,3.20,1.60
2009.07.01 10:30:40.498,1.62705,1.6276,1.20,1.60
2009.07.01 10:30:45.107,1.62705,1.6276,1.20,3.20
2009.07.01 10:30:45.277,1.627,1.6275,11.20,1.60
2009.07.01 10:30:45.497,1.62695,1.6275,12.40,1.60
2009.07.01 10:30:45.847,1.62695,1.6275,12.40,3.20
2009.07.01 10:30:46.137,1.62695,1.6274,8.00,1.60
2009.07.01 10:30:46.417,1.6269,1.62735,12.40,1.60
2009.07.01 10:30:47.936,1.6269,1.62735,3.20,1.60
2009.07.01 10:30:49.846,1.62695,1.62735,11.20,1.60
2009.07.01 10:30:49.956,1.6268,1.6273,14.40,1.60
2009.07.01 10:30:50.356,1.6268,1.62725,14.40,1.60
2009.07.01 10:30:50.636,1.6268,1.62735,14.40,3.20
2009.07.01 10:30:51.326,1.6268,1.62725,14.40,1.60
2009.07.01 10:30:51.676,1.6268,1.6272,14.40,1.60
2009.07.01 10:30:53.375,1.6268,1.6273,14.40,3.20
2009.07.01 10:30:53.615,1.6269,1.62725,12.40,1.60
2009.07.01 10:30:54.145,1.62705,1.62725,1.20,1.60
2009.07.01 10:30:54.205,1.62705,1.62765,1.80,1.60
2009.07.01 10:30:54.315,1.627,1.6276,3.20,1.60
2009.07.01 10:30:56.994,1.62705,1.6275,1.80,4.80
2009.07.01 10:30:57.174,1.6271,1.6275,11.20,1.60
2009.07.01 10:30:57.334,1.62705,1.62735,1.20,1.60
2009.07.01 10:30:57.724,1.6271,1.6276,11.20,3.20
2009.07.01 10:31:03.103,1.62705,1.6274,3.20,1.60
2009.07.01 10:31:03.333,1.62705,1.62755,3.20,3.20
2009.07.01 10:31:03.682,1.6271,1.62765,1.80,3.20
2009.07.01 10:31:04.042,1.6271,1.6276,1.80,1.60
2009.07.01 10:31:16.869,1.62705,1.6276,14.40,1.60
2009.07.01 10:31:17.160,1.62705,1.6276,13.00,1.60
2009.07.01 10:31:17.339,1.62705,1.6275,13.00,1.60
2009.07.01 10:31:17.399,1.62715,1.6275,11.20,1.60
2009.07.01 10:31:17.639,1.627,1.6275,14.40,1.60
2009.07.01 10:31:17.979,1.627,1.6275,6.40,1.60
2009.07.01 10:31:18.039,1.627,1.6275,3.20,1.60
2009.07.01 10:31:21.498,1.62705,1.6275,5.00,1.60
2009.07.01 10:31:21.679,1.62705,1.6277,13.00,3.20
2009.07.01 10:31:21.958,1.62705,1.6277,13.00,1.60
2009.07.01 10:31:26.117,1.62715,1.62755,3.20,1.60
2009.07.01 10:31:26.287,1.627,1.62755,3.20,1.60
2009.07.01 10:31:33.006,1.627,1.6275,11.20,1.60
2009.07.01 10:31:33.065,1.627,1.6275,14.40,1.60
2009.07.01 10:31:37.624,1.6271,1.6277,1.80,3.20
2009.07.01 10:31:37.744,1.6271,1.6277,1.80,1.60
2009.07.01 10:31:48.412,1.62705,1.6277,13.00,1.60
2009.07.01 10:31:48.712,1.62705,1.6277,1.80,1.60
2009.07.01 10:31:49.072,1.627,1.6277,14.40,1.60
2009.07.01 10:31:49.361,1.627,1.6278,1.80,8.00
2009.07.01 10:31:49.642,1.6271,1.6277,1.80,3.20
2009.07.01 10:31:49.932,1.62715,1.62765,3.20,1.60
2009.07.01 10:31:50.222,1.6269,1.62775,1.80,9.60
2009.07.01 10:31:50.501,1.627,1.62765,1.20,1.60
2009.07.01 10:31:50.781,1.6271,1.6276,1.20,1.60
2009.07.01 10:31:52.191,1.62725,1.6276,1.20,1.60
2009.07.01 10:31:52.481,1.62725,1.62775,1.20,4.80
2009.07.01 10:31:54.211,1.62725,1.6277,1.20,3.20
2009.07.01 10:31:54.620,1.62725,1.6276,1.20,1.60
2009.07.01 10:31:58.080,1.62725,1.62775,12.40,1.60
2009.07.01 10:31:58.420,1.6273,1.6276,11.20,1.60
2009.07.01 10:31:58.709,1.6273,1.62775,4.40,3.20
2009.07.01 10:31:59.099,1.6273,1.6276,12.40,1.60
2009.07.01 10:31:59.549,1.6273,1.62775,12.40,1.60
2009.07.01 10:32:00.929,1.62725,1.6277,3.20,1.60
2009.07.01 10:32:01.439,1.62725,1.6276,12.40,1.60
2009.07.01 10:32:02.818,1.6271,1.6276,4.80,1.60
2009.07.01 10:32:03.088,1.6271,1.6275,4.80,1.60
2009.07.01 10:32:03.708,1.6271,1.6275,3.20,1.60
2009.07.01 10:32:06.268,1.62725,1.6276,1.20,3.20
2009.07.01 10:32:06.548,1.6273,1.6276,1.20,1.60
2009.07.01 10:32:06.828,1.6273,1.62775,12.40,1.60
2009.07.01 10:32:07.067,1.62735,1.6279,3.20,11.20
2009.07.01 10:32:07.357,1.62735,1.62785,11.20,3.20
2009.07.01 10:32:07.827,1.62725,1.6278,13.00,4.80
2009.07.01 10:32:08.117,1.62735,1.62765,11.20,1.60
2009.07.01 10:32:08.787,1.6272,1.62765,14.40,1.60
2009.07.01 10:32:09.017,1.6272,1.6278,3.20,1.60
2009.07.01 10:32:09.597,1.6273,1.6277,1.20,1.60
2009.07.01 10:32:10.167,1.6273,1.6277,9.20,1.60
2009.07.01 10:32:10.347,1.6273,1.6277,12.40,1.60
2009.07.01 10:32:13.196,1.6273,1.6277,11.20,1.60
2009.07.01 10:32:13.656,1.62725,1.6276,12.40,1.60
2009.07.01 10:32:18.705,1.62725,1.6278,12.40,3.20
2009.07.01 10:32:18.885,1.6273,1.6277,12.40,1.60
2009.07.01 10:32:23.813,1.6275,1.62775,1.20,1.60
2009.07.01 10:32:24.163,1.6275,1.628,3.20,1.60
2009.07.01 10:32:26.643,1.6276,1.6279,12.40,1.60
2009.07.01 10:32:27.283,1.62755,1.6282,3.20,11.20
2009.07.01 10:32:27.632,1.62755,1.6281,3.20,1.60
2009.07.01 10:32:28.442,1.6276,1.62805,11.20,1.60
2009.07.01 10:32:29.662,1.62755,1.62805,12.40,1.60
2009.07.01 10:32:30.232,1.6276,1.62805,8.00,1.60
2009.07.01 10:32:30.512,1.6276,1.62805,11.20,1.60
2009.07.01 10:32:36.640,1.6276,1.62805,12.40,1.60
2009.07.01 10:32:36.930,1.6276,1.62815,12.40,8.00
2009.07.01 10:32:39.779,1.6276,1.62815,12.40,4.80
2009.07.01 10:32:39.949,1.6276,1.6281,11.20,1.60
2009.07.01 10:32:40.180,1.6276,1.62795,11.20,1.60
2009.07.01 10:32:40.569,1.62755,1.62795,12.40,1.60
2009.07.01 10:32:49.187,1.6275,1.6279,1.80,1.60
2009.07.01 10:32:49.657,1.62745,1.6278,14.40,1.60
2009.07.01 10:32:49.960,1.62745,1.6278,11.20,1.60
2009.07.01 10:32:50.417,1.62745,1.6278,3.20,1.60
2009.07.01 10:32:55.536,1.62755,1.6278,1.20,1.60
2009.07.01 10:32:56.065,1.62755,1.62795,12.40,1.60
2009.07.01 10:32:56.985,1.6276,1.6279,12.40,1.60
2009.07.01 10:33:24.999,1.6276,1.6279,3.20,1.60
2009.07.01 10:33:35.806,1.62765,1.6279,11.20,1.60
2009.07.01 10:33:40.945,1.6276,1.6279,11.20,1.60
2009.07.01 10:33:41.295,1.62755,1.6279,12.40,1.60
2009.07.01 10:33:42.115,1.6276,1.6279,1.20,1.60
2009.07.01 10:33:42.685,1.6276,1.6279,12.40,1.60
2009.07.01 10:33:43.924,1.6276,1.6279,1.20,1.60
2009.07.01 10:33:46.353,1.6276,1.62805,12.40,1.60
2009.07.01 10:33:46.824,1.6276,1.6279,1.20,1.60
2009.07.01 10:33:47.753,1.6277,1.6279,1.20,1.60
2009.07.01 10:33:48.033,1.6277,1.6282,1.20,1.60
2009.07.01 10:33:48.273,1.6277,1.62805,1.20,1.60
2009.07.01 10:33:53.422,1.6277,1.628,9.20,1.60
2009.07.01 10:33:53.472,1.6277,1.628,12.40,1.60
2009.07.01 10:34:00.200,1.62765,1.628,3.20,1.60
2009.07.01 10:34:00.710,1.62765,1.628,1.80,1.60
2009.07.01 10:34:01.050,1.6277,1.6279,11.20,1.60
2009.07.01 10:34:01.330,1.62765,1.62805,3.20,1.60
2009.07.01 10:34:04.719,1.62765,1.628,12.40,1.60
2009.07.01 10:34:06.788,1.6276,1.6279,3.20,1.60
2009.07.01 10:34:07.009,1.6276,1.6279,1.20,1.60
2009.07.01 10:34:07.998,1.62755,1.6279,9.20,1.60
2009.07.01 10:34:08.159,1.62755,1.6279,1.20,1.60
2009.07.01 10:34:10.518,1.62745,1.6278,12.40,1.60
2009.07.01 10:34:11.717,1.62745,1.62795,1.20,1.60
2009.07.01 10:34:12.337,1.62745,1.6279,12.40,1.60
2009.07.01 10:34:13.207,1.62745,1.6279,1.20,1.60
2009.07.01 10:34:13.837,1.62755,1.6279,1.20,1.60
2009.07.01 10:34:14.167,1.62755,1.62805,4.40,3.20
2009.07.01 10:34:14.447,1.62755,1.628,12.40,1.60
2009.07.01 10:34:14.617,1.62755,1.6283,12.40,11.20
2009.07.01 10:34:15.817,1.62755,1.62805,12.40,1.60
2009.07.01 10:34:16.666,1.62755,1.6283,12.40,8.00
2009.07.01 10:34:17.126,1.62755,1.62815,12.40,1.60
2009.07.01 10:34:23.924,1.6279,1.6282,1.20,1.60
2009.07.01 10:34:24.094,1.6279,1.62835,12.40,3.20
2009.07.01 10:34:26.664,1.6279,1.62845,12.40,3.20
2009.07.01 10:34:27.634,1.6279,1.62855,12.40,14.40
2009.07.01 10:34:27.754,1.6279,1.6284,12.40,1.60
2009.07.01 10:34:27.984,1.6279,1.6283,12.40,1.60
2009.07.01 10:34:28.164,1.62795,1.6283,1.20,1.60
2009.07.01 10:34:28.513,1.62795,1.62845,1.20,3.20
2009.07.01 10:34:28.863,1.62795,1.6284,12.40,1.60
2009.07.01 10:34:29.183,1.62795,1.6284,3.20,1.60
2009.07.01 10:34:30.113,1.628,1.6284,11.20,1.60
2009.07.01 10:34:30.683,1.628,1.6284,8.00,1.60
2009.07.01 10:34:30.912,1.62795,1.6284,3.20,1.60
2009.07.01 10:34:31.143,1.628,1.6284,1.20,1.60
2009.07.01 10:34:31.792,1.628,1.6284,12.40,1.60
2009.07.01 10:34:33.552,1.628,1.6284,11.20,1.60
2009.07.01 10:34:33.842,1.628,1.6283,11.20,1.60
2009.07.01 10:34:34.082,1.628,1.6283,9.20,1.60
2009.07.01 10:34:34.312,1.628,1.6283,1.20,1.60
2009.07.01 10:34:34.662,1.62795,1.6283,1.20,1.60
2009.07.01 10:34:35.162,1.628,1.6283,1.20,1.60
2009.07.01 10:34:35.671,1.62795,1.62845,12.40,1.60
2009.07.01 10:34:36.002,1.62795,1.6283,11.20,1.60
2009.07.01 10:34:36.241,1.6279,1.6283,12.40,1.60
2009.07.01 10:34:36.981,1.6279,1.6283,1.20,1.60
2009.07.01 10:34:38.801,1.6279,1.6283,12.40,1.60
2009.07.01 10:34:39.201,1.62795,1.6283,11.20,1.60
2009.07.01 10:34:40.011,1.6281,1.6283,1.20,1.60
2009.07.01 10:34:40.071,1.6281,1.62845,1.20,3.20
2009.07.01 10:34:40.510,1.6281,1.6286,1.20,8.00
2009.07.01 10:34:40.690,1.6281,1.62855,1.20,1.60
2009.07.01 10:34:48.089,1.6281,1.6284,1.20,1.60
2009.07.01 10:34:56.946,1.62815,1.6284,1.20,1.60
2009.07.01 10:34:57.416,1.6282,1.6284,1.20,1.60
2009.07.01 10:34:57.527,1.62815,1.62855,4.40,1.60
2009.07.01 10:34:57.827,1.62815,1.6285,12.40,1.60
2009.07.01 10:34:58.356,1.62815,1.6285,4.40,1.60
2009.07.01 10:34:58.656,1.62815,1.6285,1.20,1.60
2009.07.01 10:34:59.976,1.6282,1.6285,1.20,1.60
2009.07.01 10:35:01.745,1.6282,1.6285,12.40,1.60
2009.07.01 10:35:02.675,1.6282,1.6285,1.20,1.60
2009.07.01 10:35:06.054,1.62825,1.6285,1.20,1.60
2009.07.01 10:35:06.734,1.6282,1.6285,12.40,1.60
2009.07.01 10:35:06.894,1.6281,1.6285,16.00,1.60
2009.07.01 10:35:07.244,1.62815,1.6284,11.20,1.60
2009.07.01 10:35:07.604,1.62815,1.6283,11.20,1.60
2009.07.01 10:35:08.014,1.628,1.6283,1.20,1.60
2009.07.01 10:35:09.773,1.62805,1.62845,1.20,3.20
2009.07.01 10:35:10.173,1.628,1.6284,12.40,1.60
2009.07.01 10:35:10.633,1.628,1.6283,12.40,1.60
2009.07.01 10:35:32.868,1.62805,1.6283,1.20,1.60
2009.07.01 10:35:33.278,1.62805,1.62845,1.20,1.60
2009.07.01 10:35:36.277,1.6281,1.6285,1.20,3.20
2009.07.01 10:35:36.447,1.6281,1.6284,1.20,1.60
2009.07.01 10:35:37.767,1.62815,1.6284,1.20,1.60
2009.07.01 10:35:38.057,1.62815,1.62855,1.20,3.20
2009.07.01 10:35:38.386,1.6281,1.6285,1.20,1.60
2009.07.01 10:35:38.597,1.6281,1.6284,1.20,1.60
2009.07.01 10:35:38.876,1.6281,1.62855,1.20,3.20
2009.07.01 10:35:38.936,1.6281,1.6284,1.20,1.60
2009.07.01 10:35:39.226,1.62805,1.62855,11.20,4.80
2009.07.01 10:35:39.676,1.628,1.62835,12.40,1.60
2009.07.01 10:35:50.554,1.628,1.62845,12.40,3.20
2009.07.01 10:35:53.153,1.62795,1.6284,3.20,1.60
2009.07.01 10:35:53.603,1.62795,1.6283,3.20,1.60
2009.07.01 10:35:53.893,1.6279,1.6282,11.20,1.60
2009.07.01 10:35:54.173,1.6278,1.6284,1.20,9.60
2009.07.01 10:35:54.583,1.6278,1.6283,1.20,1.60
2009.07.01 10:35:54.943,1.6278,1.6282,1.20,1.60
2009.07.01 10:35:55.182,1.6278,1.6281,1.20,1.60
2009.07.01 10:35:59.161,1.62795,1.6281,1.20,1.60
2009.07.01 10:35:59.321,1.62795,1.62825,1.20,1.60
2009.07.01 10:36:10.639,1.6279,1.6282,12.40,1.60
2009.07.01 10:36:11.159,1.6279,1.6282,1.20,1.60
2009.07.01 10:36:14.638,1.62785,1.6282,11.20,1.60
2009.07.01 10:36:15.047,1.62785,1.6282,8.00,1.60
2009.07.01 10:36:15.167,1.6278,1.6282,1.20,1.60
2009.07.01 10:36:15.287,1.6278,1.6281,1.20,1.60
2009.07.01 10:36:16.197,1.62775,1.6281,1.20,1.60
2009.07.01 10:36:20.806,1.6277,1.6281,12.40,1.60
2009.07.01 10:36:21.126,1.6277,1.628,12.40,1.60
2009.07.01 10:36:21.306,1.62775,1.628,1.20,1.60
2009.07.01 10:36:21.596,1.6277,1.628,12.40,1.60
2009.07.01 10:36:21.706,1.6277,1.62815,12.40,1.60
2009.07.01 10:36:22.116,1.6277,1.62825,9.20,8.00
2009.07.01 10:36:22.606,1.6277,1.6282,1.20,1.60
2009.07.01 10:36:24.345,1.6277,1.6281,1.20,1.60
2009.07.01 10:36:25.165,1.6277,1.628,1.20,1.60
2009.07.01 10:36:29.084,1.6277,1.62815,1.20,1.60
2009.07.01 10:36:29.564,1.6277,1.628,1.20,1.60
2009.07.01 10:36:36.502,1.62775,1.628,1.20,1.60
2009.07.01 10:36:42.621,1.6277,1.628,12.40,1.60
2009.07.01 10:36:42.841,1.6277,1.628,11.20,1.60
2009.07.01 10:36:43.201,1.6277,1.628,3.20,1.60
2009.07.01 10:36:43.591,1.62765,1.6279,1.20,1.60
2009.07.01 10:36:47.900,1.62775,1.62805,1.20,1.60
2009.07.01 10:36:58.117,1.62765,1.628,12.40,1.60
2009.07.01 10:36:58.517,1.62775,1.628,1.20,1.60
2009.07.01 10:37:01.117,1.62785,1.6283,1.20,3.20
2009.07.01 10:37:01.336,1.62775,1.62825,12.40,1.60
2009.07.01 10:37:01.496,1.62775,1.62815,12.40,1.60
2009.07.01 10:37:01.976,1.62775,1.62815,1.20,1.60
2009.07.01 10:37:02.896,1.6277,1.6281,12.40,1.60
2009.07.01 10:37:03.066,1.6277,1.628,1.20,1.60
2009.07.01 10:37:03.356,1.6277,1.6279,1.20,1.60
2009.07.01 10:37:04.126,1.6277,1.62805,1.20,1.60
2009.07.01 10:37:06.335,1.6277,1.6279,1.20,1.60
2009.07.01 10:37:09.694,1.6276,1.6279,3.20,1.60
2009.07.01 10:37:09.936,1.6276,1.6279,12.40,1.60
2009.07.01 10:37:10.394,1.6276,1.6279,1.20,1.60
2009.07.01 10:37:10.674,1.6276,1.6279,4.40,1.60
2009.07.01 10:37:11.024,1.6276,1.6279,12.40,1.60
2009.07.01 10:37:11.654,1.6277,1.6279,1.20,1.60
2009.07.01 10:37:12.114,1.6277,1.62805,1.20,1.60
2009.07.01 10:37:12.404,1.6277,1.6279,4.40,1.60
2009.07.01 10:37:12.694,1.6278,1.6279,1.20,1.60
2009.07.01 10:37:13.514,1.6278,1.6282,1.20,1.60
2009.07.01 10:37:13.983,1.6279,1.62815,1.20,1.60
2009.07.01 10:37:14.273,1.62775,1.6283,3.20,1.60
2009.07.01 10:37:14.724,1.62775,1.6281,1.80,1.60
2009.07.01 10:37:15.193,1.6278,1.62825,3.20,1.60
2009.07.01 10:37:15.533,1.6279,1.6281,1.20,1.60
2009.07.01 10:37:16.043,1.6279,1.6285,1.20,4.80
2009.07.01 10:37:16.553,1.6279,1.6285,1.20,8.00
2009.07.01 10:37:16.733,1.6279,1.6283,1.20,1.60
2009.07.01 10:37:17.363,1.6279,1.6281,1.20,1.60
2009.07.01 10:37:18.603,1.62795,1.6281,1.20,1.60
2009.07.01 10:37:18.873,1.6279,1.62825,12.40,1.60
2009.07.01 10:37:19.462,1.62775,1.6282,14.40,1.60
2009.07.01 10:37:19.762,1.62775,1.6281,3.20,1.60
2009.07.01 10:37:23.481,1.6279,1.6281,1.20,1.60
2009.07.01 10:37:28.400,1.62795,1.6281,1.20,1.60
2009.07.01 10:37:29.260,1.628,1.62825,1.20,1.60
2009.07.01 10:37:29.560,1.628,1.62835,1.20,3.20
2009.07.01 10:37:29.910,1.628,1.6282,1.20,1.60
2009.07.01 10:37:30.529,1.628,1.62835,1.20,3.20
2009.07.01 10:37:32.129,1.62805,1.6283,1.20,1.60
2009.07.01 10:37:32.489,1.628,1.6283,1.20,1.60
2009.07.01 10:37:32.879,1.628,1.62845,12.40,8.00
2009.07.01 10:37:33.209,1.6279,1.62825,12.40,1.60
2009.07.01 10:37:33.539,1.6278,1.6284,14.40,3.20
2009.07.01 10:37:33.889,1.6278,1.62835,12.40,1.60
2009.07.01 10:37:34.239,1.6278,1.6283,3.20,1.60
2009.07.01 10:37:34.748,1.62785,1.6282,12.40,1.60
2009.07.01 10:37:34.968,1.6279,1.6282,11.20,1.60
2009.07.01 10:37:35.848,1.6279,1.6282,12.40,1.60
2009.07.01 10:37:35.908,1.62795,1.6285,8.00,9.60
2009.07.01 10:37:36.258,1.62795,1.62835,11.20,1.60
2009.07.01 10:37:36.498,1.6279,1.62825,11.20,1.60
2009.07.01 10:37:36.898,1.6279,1.62825,3.20,1.60
2009.07.01 10:37:37.258,1.6278,1.6281,12.40,1.60
2009.07.01 10:37:40.437,1.62785,1.6281,11.20,1.60
2009.07.01 10:37:41.477,1.6278,1.6281,12.40,1.60
2009.07.01 10:37:41.867,1.62785,1.6281,4.40,1.60
2009.07.01 10:37:42.097,1.62785,1.6281,12.40,1.60
2009.07.01 10:37:42.617,1.62785,1.62825,12.40,1.60
2009.07.01 10:37:45.316,1.6278,1.6282,3.20,1.60
2009.07.01 10:37:45.716,1.62785,1.6281,8.00,1.60
2009.07.01 10:37:46.066,1.62785,1.6281,1.20,1.60
2009.07.01 10:37:46.306,1.62785,1.62825,12.40,1.60
2009.07.01 10:37:46.836,1.62785,1.6282,3.20,1.60
2009.07.01 10:37:47.776,1.62785,1.6282,1.80,1.60
2009.07.01 10:37:48.006,1.6279,1.6281,11.20,1.60
2009.07.01 10:37:48.235,1.6278,1.6281,12.40,1.60
2009.07.01 10:37:49.595,1.6279,1.6281,1.20,1.60
2009.07.01 10:37:50.045,1.62795,1.62855,11.20,9.60
2009.07.01 10:37:52.514,1.62775,1.628,12.40,1.60
2009.07.01 10:37:55.703,1.62775,1.62815,12.40,1.60
2009.07.01 10:37:57.163,1.62775,1.628,12.40,1.60
2009.07.01 10:37:59.393,1.62765,1.628,13.00,1.60
2009.07.01 10:37:59.672,1.62775,1.628,11.20,1.60
2009.07.01 10:38:00.063,1.6276,1.628,1.80,1.60
2009.07.01 10:38:00.242,1.62765,1.6279,8.00,1.60
2009.07.01 10:38:00.582,1.6274,1.6278,14.40,1.60
2009.07.01 10:38:07.490,1.62745,1.6278,13.00,1.60
2009.07.01 10:38:07.762,1.62755,1.6278,11.20,1.60
2009.07.01 10:38:08.221,1.62755,1.6278,8.00,1.60
2009.07.01 10:38:08.400,1.62745,1.6278,11.20,1.60
2009.07.01 10:38:08.630,1.6274,1.6278,12.40,1.60
2009.07.01 10:38:09.030,1.62745,1.6278,1.20,1.60
2009.07.01 10:38:09.490,1.6274,1.6278,12.40,1.60
2009.07.01 10:38:13.089,1.62735,1.6278,3.20,1.60
2009.07.01 10:38:13.499,1.6273,1.6278,1.80,1.60
2009.07.01 10:38:13.619,1.62735,1.6278,11.20,1.60
2009.07.01 10:38:13.729,1.62735,1.6278,8.00,1.60
2009.07.01 10:38:14.009,1.62725,1.6278,12.40,1.60
2009.07.01 10:38:16.568,1.62725,1.6278,3.20,1.60
2009.07.01 10:38:16.738,1.62725,1.6278,14.40,1.60
2009.07.01 10:38:18.948,1.62725,1.6278,14.40,1.60
2009.07.01 10:38:19.148,1.6274,1.6278,1.20,1.60
2009.07.01 10:38:19.448,1.6274,1.6278,9.20,1.60
2009.07.01 10:38:19.807,1.6274,1.6278,12.40,1.60
2009.07.01 10:38:22.768,1.62745,1.6278,1.80,1.60
2009.07.01 10:38:23.007,1.62745,1.628,1.80,3.20
2009.07.01 10:38:23.127,1.62755,1.628,11.20,1.60
2009.07.01 10:38:23.367,1.62755,1.628,8.00,1.60
2009.07.01 10:38:23.537,1.6274,1.6279,14.40,1.60
2009.07.01 10:38:24.287,1.6274,1.6279,13.00,1.60
2009.07.01 10:38:24.636,1.6274,1.6279,1.80,1.60
2009.07.01 10:38:24.926,1.62735,1.6279,4.40,1.60
2009.07.01 10:38:25.257,1.6274,1.6279,11.20,1.60
2009.07.01 10:38:26.086,1.62735,1.6279,3.20,1.60
2009.07.01 10:38:28.975,1.6274,1.6279,1.80,1.60
2009.07.01 10:38:34.684,1.6274,1.6279,3.20,1.60
2009.07.01 10:38:35.814,1.6274,1.6279,1.80,1.60
2009.07.01 10:38:38.123,1.6274,1.628,14.40,1.60
2009.07.01 10:38:38.243,1.62745,1.62815,1.80,4.80
2009.07.01 10:38:38.463,1.62745,1.628,1.80,1.60
2009.07.01 10:38:40.633,1.6274,1.628,13.00,1.60
2009.07.01 10:38:41.323,1.6274,1.628,5.00,1.60
2009.07.01 10:38:41.672,1.6274,1.628,1.80,3.20
2009.07.01 10:38:42.032,1.6273,1.6279,13.00,1.60
2009.07.01 10:38:42.212,1.6273,1.6279,1.80,1.60
2009.07.01 10:38:42.612,1.6273,1.62785,1.80,1.60
2009.07.01 10:38:42.912,1.62715,1.6277,3.20,1.60
2009.07.01 10:38:43.192,1.62715,1.6277,6.40,1.60
2009.07.01 10:38:43.312,1.62715,1.6277,14.40,1.60
2009.07.01 10:38:43.712,1.62715,1.6277,3.20,1.60
2009.07.01 10:38:44.801,1.62715,1.6277,14.40,1.60
2009.07.01 10:38:44.911,1.62715,1.6277,11.20,1.60
2009.07.01 10:38:45.031,1.62715,1.6277,3.20,1.60
2009.07.01 10:38:45.201,1.62715,1.6277,11.20,1.60
2009.07.01 10:38:45.321,1.62715,1.6277,14.40,1.60
2009.07.01 10:38:47.191,1.62725,1.6277,11.20,1.60
2009.07.01 10:38:47.481,1.6271,1.6277,14.40,1.60
2009.07.01 10:38:47.721,1.6272,1.6276,11.20,1.60
2009.07.01 10:38:48.061,1.62725,1.6276,1.20,1.60
2009.07.01 10:38:48.291,1.6273,1.62775,11.20,1.60
2009.07.01 10:38:51.910,1.6272,1.6277,14.40,1.60
2009.07.01 10:38:52.470,1.6272,1.6276,3.20,1.60
2009.07.01 10:38:58.468,1.62735,1.6276,12.40,1.60
2009.07.01 10:38:58.878,1.6274,1.62775,1.20,1.60
2009.07.01 10:38:59.048,1.6274,1.62785,12.40,1.60
2009.07.01 10:38:59.398,1.6274,1.6277,12.40,1.60
2009.07.01 10:38:59.748,1.62745,1.6277,1.20,1.60
2009.07.01 10:39:00.078,1.62745,1.62785,3.20,1.60
2009.07.01 10:39:04.167,1.62755,1.62795,1.20,3.20
2009.07.01 10:39:04.407,1.62755,1.6279,1.20,1.60
2009.07.01 10:39:04.997,1.62755,1.6279,12.40,1.60
2009.07.01 10:39:05.886,1.6276,1.6279,3.20,1.60
2009.07.01 10:39:06.236,1.6276,1.6279,11.20,1.60
2009.07.01 10:39:06.466,1.62755,1.6279,3.20,1.60
2009.07.01 10:39:07.846,1.6276,1.6279,11.20,1.60
2009.07.01 10:39:14.145,1.62735,1.6277,14.40,1.60
2009.07.01 10:39:14.644,1.62745,1.6277,11.20,1.60
2009.07.01 10:39:14.924,1.62745,1.6277,8.00,1.60
2009.07.01 10:39:15.195,1.6273,1.6277,3.20,1.60
2009.07.01 10:39:18.493,1.6273,1.6277,1.80,1.60
2009.07.01 10:39:18.893,1.62725,1.6276,3.20,1.60
2009.07.01 10:39:19.123,1.62725,1.6276,1.80,1.60
2009.07.01 10:39:19.663,1.62725,1.6275,1.80,1.60
2009.07.01 10:39:20.143,1.6273,1.6275,11.20,1.60
2009.07.01 10:39:20.483,1.6272,1.62765,11.20,3.20
2009.07.01 10:39:24.092,1.6271,1.6275,12.40,1.60
2009.07.01 10:39:25.202,1.627,1.6275,14.00,1.60
2009.07.01 10:39:25.622,1.62705,1.6274,12.40,1.60
2009.07.01 10:39:25.902,1.62705,1.62755,12.40,1.60
2009.07.01 10:39:26.222,1.62705,1.6275,3.20,1.60
2009.07.01 10:39:26.971,1.627,1.6275,13.00,1.60
2009.07.01 10:39:27.261,1.62695,1.6274,3.20,1.60
2009.07.01 10:39:27.591,1.627,1.6274,12.40,1.60
2009.07.01 10:39:28.061,1.62705,1.6274,1.80,1.60
2009.07.01 10:39:30.101,1.627,1.6274,11.20,1.60
2009.07.01 10:39:30.331,1.627,1.6273,3.20,1.60
2009.07.01 10:39:30.510,1.62705,1.6273,11.20,1.60
2009.07.01 10:39:31.700,1.62695,1.6273,12.40,1.60
2009.07.01 10:39:31.930,1.627,1.6273,11.20,1.60
2009.07.01 10:39:32.510,1.62695,1.6273,3.20,1.60
2009.07.01 10:39:33.750,1.627,1.62745,12.40,3.20
2009.07.01 10:39:34.200,1.62705,1.6274,1.80,1.60
2009.07.01 10:39:34.650,1.62705,1.62755,1.80,3.20
2009.07.01 10:39:35.119,1.62705,1.6275,3.20,1.60
2009.07.01 10:39:35.409,1.62705,1.6275,3.20,3.20
2009.07.01 10:39:35.579,1.62705,1.6275,1.80,6.40
2009.07.01 10:39:35.910,1.62705,1.6273,1.80,1.60
2009.07.01 10:39:36.379,1.627,1.62745,1.20,1.60
2009.07.01 10:39:36.609,1.62705,1.6274,11.20,1.60
2009.07.01 10:39:37.249,1.62695,1.6273,14.40,1.60
2009.07.01 10:39:37.519,1.62695,1.6273,4.40,1.60
2009.07.01 10:39:37.759,1.627,1.6273,11.20,1.60
2009.07.01 10:39:37.989,1.62695,1.6273,3.20,1.60
2009.07.01 10:39:42.028,1.6271,1.6274,1.20,1.60
2009.07.01 10:39:42.258,1.62715,1.6274,3.20,1.60
2009.07.01 10:39:42.488,1.6272,1.62755,1.20,1.60
2009.07.01 10:39:42.868,1.62705,1.6275,14.60,1.60
2009.07.01 10:39:43.098,1.62705,1.6275,13.00,1.60
2009.07.01 10:39:43.447,1.6272,1.6275,3.20,1.60
2009.07.01 10:39:43.668,1.62705,1.6275,13.00,1.60
2009.07.01 10:39:44.647,1.62715,1.6275,11.20,1.60
2009.07.01 10:39:44.987,1.62715,1.62765,1.80,3.20
2009.07.01 10:39:46.037,1.62715,1.6275,1.80,1.60
2009.07.01 10:39:46.337,1.6271,1.6275,14.40,1.60
2009.07.01 10:39:46.387,1.6271,1.6275,11.20,1.60
2009.07.01 10:39:46.616,1.6271,1.62765,3.20,1.60
2009.07.01 10:39:46.777,1.62715,1.6276,1.80,1.60
2009.07.01 10:39:47.536,1.6271,1.6276,14.40,1.60
2009.07.01 10:39:47.776,1.6271,1.6276,3.20,1.60
2009.07.01 10:39:48.396,1.6271,1.6276,6.40,1.60
2009.07.01 10:39:48.456,1.6271,1.6276,14.40,1.60
2009.07.01 10:39:48.736,1.6271,1.6275,14.40,1.60
2009.07.01 10:39:52.405,1.6271,1.62765,14.40,3.20
2009.07.01 10:40:01.723,1.6271,1.6276,6.40,1.60
2009.07.01 10:40:02.113,1.6271,1.6276,14.40,1.60
2009.07.01 10:40:02.883,1.6271,1.6276,3.20,1.60
2009.07.01 10:40:03.053,1.6271,1.6276,14.40,1.60
2009.07.01 10:40:06.602,1.6271,1.6276,13.00,1.60
2009.07.01 10:40:06.722,1.6272,1.6276,8.00,1.60
2009.07.01 10:40:06.942,1.62705,1.6275,3.20,1.60
2009.07.01 10:40:07.052,1.62705,1.6274,3.20,1.60
2009.07.01 10:40:12.350,1.6271,1.6274,11.20,1.60
2009.07.01 10:40:13.460,1.62705,1.6274,14.00,1.60
2009.07.01 10:40:15.469,1.627,1.6274,1.80,1.60
2009.07.01 10:40:16.000,1.62705,1.6274,11.20,1.60
2009.07.01 10:40:16.290,1.627,1.6273,12.40,1.60
2009.07.01 10:40:16.589,1.627,1.6273,3.20,1.60
2009.07.01 10:40:16.859,1.627,1.6273,1.80,1.60
2009.07.01 10:40:17.099,1.62695,1.6272,1.80,1.60
2009.07.01 10:40:17.869,1.6269,1.6272,1.20,1.60
2009.07.01 10:40:20.609,1.62695,1.6273,1.20,1.60
2009.07.01 10:40:20.838,1.6269,1.6273,14.40,1.60
2009.07.01 10:40:21.198,1.62695,1.6273,11.20,1.60
2009.07.01 10:40:24.298,1.62695,1.62745,12.40,1.60
2009.07.01 10:40:24.698,1.627,1.6274,11.20,1.60
2009.07.01 10:40:24.867,1.62705,1.6274,1.20,1.60
2009.07.01 10:40:25.087,1.62705,1.6276,1.20,1.60
2009.07.01 10:40:25.457,1.62705,1.6274,12.40,1.60
2009.07.01 10:40:28.037,1.6271,1.6274,1.20,1.60
2009.07.01 10:40:28.157,1.6272,1.62755,1.20,1.60
2009.07.01 10:40:28.616,1.6273,1.62765,1.20,3.20
2009.07.01 10:40:28.717,1.6273,1.62775,1.20,1.60
2009.07.01 10:40:29.226,1.62735,1.6277,11.20,1.60
2009.07.01 10:40:29.906,1.6274,1.6277,1.20,1.60
2009.07.01 10:40:30.526,1.6274,1.6277,12.40,1.60
2009.07.01 10:40:30.636,1.6274,1.62785,12.40,1.60
2009.07.01 10:40:31.556,1.62735,1.6278,1.80,1.60
2009.07.01 10:40:32.016,1.62735,1.6277,12.40,1.60
2009.07.01 10:40:32.197,1.62735,1.62785,3.20,1.60
2009.07.01 10:40:32.426,1.62735,1.6277,3.20,1.60
2009.07.01 10:40:32.945,1.62735,1.6277,1.80,1.60
2009.07.01 10:40:33.285,1.6273,1.6277,6.40,1.60
2009.07.01 10:40:33.625,1.6273,1.6277,3.20,1.60
2009.07.01 10:40:34.375,1.62735,1.6277,3.20,1.60
2009.07.01 10:40:34.655,1.62735,1.6277,1.80,1.60
2009.07.01 10:40:34.935,1.62735,1.6277,11.20,1.60
2009.07.01 10:40:41.763,1.6273,1.6276,1.20,1.60
2009.07.01 10:40:41.933,1.62735,1.6276,3.20,1.60
2009.07.01 10:40:42.293,1.62735,1.62775,11.20,1.60
2009.07.01 10:40:45.242,1.62725,1.6277,14.40,1.60
2009.07.01 10:40:45.462,1.62735,1.6277,11.20,1.60
2009.07.01 10:40:45.522,1.62725,1.6276,12.40,1.60
2009.07.01 10:40:47.162,1.6272,1.62775,3.20,3.20
2009.07.01 10:40:47.392,1.62715,1.6276,12.40,1.60
2009.07.01 10:40:47.672,1.62725,1.62775,11.20,12.80
2009.07.01 10:40:47.952,1.62715,1.6276,12.40,1.60
2009.07.01 10:40:48.412,1.6271,1.6276,1.80,1.60
2009.07.01 10:40:48.762,1.62715,1.6276,11.20,6.40
2009.07.01 10:40:49.092,1.6269,1.6275,14.40,3.20
2009.07.01 10:40:49.491,1.627,1.6275,3.20,1.60
2009.07.01 10:40:49.811,1.62695,1.62765,11.20,1.60
2009.07.01 10:40:50.141,1.62715,1.6276,1.20,1.60
2009.07.01 10:40:50.522,1.62715,1.6277,1.20,6.40
2009.07.01 10:40:51.201,1.6271,1.62765,1.80,3.20
2009.07.01 10:40:51.481,1.62715,1.62755,8.00,1.60
2009.07.01 10:40:51.771,1.627,1.62755,12.40,1.60
2009.07.01 10:40:52.171,1.627,1.62765,14.00,6.40
2009.07.01 10:40:52.511,1.6272,1.62765,1.20,1.60
2009.07.01 10:40:53.041,1.6272,1.62785,1.20,9.60
2009.07.01 10:40:53.341,1.6272,1.6277,1.20,1.60
2009.07.01 10:40:54.071,1.6273,1.6277,3.20,1.60
2009.07.01 10:40:54.561,1.6275,1.62785,1.20,1.60
2009.07.01 10:40:54.850,1.62735,1.628,1.20,1.60
2009.07.01 10:40:55.140,1.62745,1.6279,1.20,1.60
2009.07.01 10:40:55.480,1.62735,1.62805,1.80,1.60
2009.07.01 10:40:55.780,1.62745,1.62805,1.80,1.60
2009.07.01 10:40:56.130,1.62735,1.62805,13.00,3.20
2009.07.01 10:40:56.360,1.62735,1.6279,1.80,1.60
2009.07.01 10:40:57.740,1.62735,1.6279,3.20,1.60
2009.07.01 10:40:58.079,1.62735,1.62805,1.80,6.40
2009.07.01 10:40:58.430,1.62735,1.62795,5.00,1.60
2009.07.01 10:40:58.719,1.6274,1.6278,1.80,1.60
2009.07.01 10:40:58.829,1.62745,1.6279,11.20,1.60
2009.07.01 10:40:59.179,1.6272,1.62785,1.80,1.60
2009.07.01 10:40:59.689,1.6272,1.6278,1.80,1.60
2009.07.01 10:41:02.508,1.6272,1.6277,1.80,1.60
2009.07.01 10:41:02.778,1.6272,1.62785,3.20,1.60
2009.07.01 10:41:03.178,1.62725,1.6278,1.80,3.20
2009.07.01 10:41:03.518,1.62725,1.62795,1.80,6.40
2009.07.01 10:41:04.728,1.62725,1.6279,1.80,1.60
2009.07.01 10:41:05.008,1.6273,1.628,1.80,6.40
2009.07.01 10:41:05.348,1.6273,1.62795,1.80,3.20
2009.07.01 10:41:05.638,1.62725,1.6279,14.40,1.60
2009.07.01 10:41:05.757,1.62725,1.6279,3.20,1.60
2009.07.01 10:41:08.887,1.62725,1.62785,3.20,3.20
2009.07.01 10:41:09.217,1.62725,1.6277,12.40,1.60
2009.07.01 10:41:12.126,1.6274,1.628,12.40,4.80
2009.07.01 10:41:13.296,1.62745,1.628,12.40,3.20
2009.07.01 10:41:14.675,1.62745,1.62785,12.40,1.60
2009.07.01 10:41:14.975,1.6274,1.628,1.80,15.80
2009.07.01 10:41:15.485,1.62745,1.62785,11.20,1.60
2009.07.01 10:41:15.605,1.6274,1.62795,11.20,8.00
2009.07.01 10:41:16.135,1.62745,1.6279,8.00,3.20
2009.07.01 10:41:16.465,1.62745,1.6279,11.20,3.20
2009.07.01 10:41:17.045,1.62735,1.6279,14.40,1.60
2009.07.01 10:41:17.265,1.62745,1.6279,12.40,1.60
2009.07.01 10:41:17.965,1.62745,1.62805,12.40,8.00
2009.07.01 10:41:19.564,1.62755,1.628,1.20,3.20
2009.07.01 10:41:19.785,1.62755,1.628,9.20,1.60
2009.07.01 10:41:20.144,1.6275,1.62815,3.20,16.00
2009.07.01 10:41:20.254,1.62755,1.62805,11.20,1.60
2009.07.01 10:41:20.794,1.6275,1.62805,12.40,1.60
2009.07.01 10:41:21.364,1.6275,1.62815,12.40,12.80
2009.07.01 10:41:21.714,1.62755,1.62795,1.20,1.60
2009.07.01 10:41:22.064,1.6275,1.62795,12.40,1.60
2009.07.01 10:41:22.344,1.62755,1.6282,3.20,14.40
2009.07.01 10:41:22.704,1.6275,1.62815,1.80,11.20
2009.07.01 10:41:23.054,1.62745,1.62805,3.20,1.60
2009.07.01 10:41:23.403,1.6275,1.6282,1.80,14.40
2009.07.01 10:41:24.383,1.6275,1.6281,3.20,3.20
2009.07.01 10:41:24.623,1.6276,1.6281,1.20,3.20
2009.07.01 10:41:24.843,1.6276,1.6281,12.40,3.20
2009.07.01 10:41:25.243,1.62755,1.6281,1.80,1.60
2009.07.01 10:41:25.653,1.6275,1.6281,3.20,1.60
2009.07.01 10:41:25.763,1.6275,1.628,3.20,1.60
2009.07.01 10:41:26.103,1.6275,1.62815,3.20,11.20
2009.07.01 10:41:26.403,1.6275,1.6281,3.20,4.80
2009.07.01 10:41:26.743,1.62755,1.628,11.20,1.60
2009.07.01 10:41:27.102,1.62755,1.628,1.20,3.20
2009.07.01 10:41:27.452,1.62755,1.62815,12.40,8.00
2009.07.01 10:41:27.802,1.62755,1.6281,1.20,3.20
2009.07.01 10:41:28.022,1.62745,1.6281,3.20,11.20
2009.07.01 10:41:28.422,1.62755,1.6281,1.20,3.20
2009.07.01 10:41:28.822,1.6275,1.6281,1.80,4.80
2009.07.01 10:41:29.052,1.62745,1.6281,3.20,4.80
2009.07.01 10:41:35.460,1.62745,1.628,1.80,1.60
2009.07.01 10:41:35.571,1.6275,1.6279,11.20,1.60
2009.07.01 10:41:35.990,1.62745,1.6281,1.20,12.80
2009.07.01 10:41:36.050,1.62745,1.62805,12.40,6.40
2009.07.01 10:41:36.740,1.62745,1.6279,12.40,1.60
2009.07.01 10:41:37.120,1.6276,1.6281,1.20,3.20
2009.07.01 10:41:37.470,1.6277,1.6281,1.20,1.60
2009.07.01 10:41:37.750,1.62765,1.6282,3.20,1.60
2009.07.01 10:41:38.050,1.62765,1.6283,1.80,12.80
2009.07.01 10:41:38.330,1.62765,1.6281,1.80,1.60
2009.07.01 10:41:38.791,1.6277,1.6281,1.20,1.60
2009.07.01 10:41:39.250,1.6276,1.6281,14.40,1.60
2009.07.01 10:41:39.600,1.6276,1.6281,3.20,1.60
2009.07.01 10:41:40.070,1.6277,1.6281,4.40,1.60
2009.07.01 10:41:40.239,1.6277,1.62825,12.40,9.60
2009.07.01 10:41:40.699,1.6276,1.6281,14.40,1.60
2009.07.01 10:41:40.919,1.6276,1.6281,6.40,1.60
2009.07.01 10:41:41.259,1.6277,1.6281,1.20,1.60
2009.07.01 10:41:41.829,1.6277,1.6281,12.40,1.60
2009.07.01 10:41:44.098,1.6277,1.6281,9.20,1.60
2009.07.01 10:41:44.518,1.6276,1.6281,3.20,1.60
2009.07.01 10:41:45.048,1.6276,1.6281,14.40,1.60
2009.07.01 10:41:45.278,1.6276,1.62825,14.40,12.80
2009.07.01 10:41:45.838,1.6276,1.6281,3.20,1.60
2009.07.01 10:41:46.368,1.6277,1.6281,1.20,1.60
2009.07.01 10:41:46.668,1.62765,1.62825,1.80,12.80
2009.07.01 10:41:46.948,1.6276,1.6281,14.40,1.60
2009.07.01 10:41:47.298,1.6276,1.6281,3.20,1.60
2009.07.01 10:41:47.627,1.6277,1.6281,12.40,1.60
2009.07.01 10:41:47.967,1.62775,1.6281,8.00,1.60
2009.07.01 10:41:48.378,1.62775,1.6281,11.20,1.60
2009.07.01 10:41:49.187,1.6277,1.628,12.40,1.60
2009.07.01 10:41:49.247,1.62765,1.628,1.80,1.60
2009.07.01 10:41:49.857,1.62765,1.6283,1.80,12.80
2009.07.01 10:41:50.207,1.6277,1.62825,11.20,11.20
2009.07.01 10:41:50.557,1.6277,1.6282,11.20,11.20
2009.07.01 10:41:50.878,1.62745,1.628,3.20,1.60
2009.07.01 10:41:51.617,1.62755,1.628,12.40,1.60
2009.07.01 10:41:51.846,1.62755,1.62835,12.40,12.80
2009.07.01 10:41:53.046,1.6276,1.62815,12.40,1.60
2009.07.01 10:41:53.926,1.6276,1.62825,12.40,12.80
2009.07.01 10:41:54.276,1.6276,1.62815,12.40,1.60
2009.07.01 10:41:54.976,1.6276,1.628,12.40,1.60
2009.07.01 10:41:58.145,1.6277,1.6284,11.20,14.40
2009.07.01 10:41:59.635,1.6276,1.6282,1.80,6.40
2009.07.01 10:41:59.865,1.6276,1.6282,1.80,8.00
2009.07.01 10:42:00.154,1.62765,1.6281,11.20,1.60
2009.07.01 10:42:00.485,1.62755,1.628,3.20,1.60
2009.07.01 10:42:00.784,1.6275,1.62815,1.20,17.60
2009.07.01 10:42:01.005,1.62745,1.62805,12.40,3.20
2009.07.01 10:42:01.234,1.62745,1.62795,12.40,1.60
2009.07.01 10:42:01.464,1.62745,1.62795,1.20,1.60
2009.07.01 10:42:01.924,1.6274,1.62795,3.20,1.60
2009.07.01 10:42:02.324,1.6275,1.62815,1.20,11.20
2009.07.01 10:42:04.283,1.6275,1.6281,2.80,3.20
2009.07.01 10:42:04.793,1.62765,1.6281,1.20,1.60
2009.07.01 10:42:05.064,1.62755,1.62825,12.40,4.80
2009.07.01 10:42:05.293,1.62765,1.6281,1.20,1.60
2009.07.01 10:42:05.583,1.62755,1.6281,12.40,1.60
2009.07.01 10:42:05.873,1.6276,1.628,3.20,1.60
2009.07.01 10:42:06.043,1.62765,1.62815,12.40,1.60
2009.07.01 10:42:06.263,1.62775,1.6281,1.20,1.60
2009.07.01 10:42:06.793,1.62775,1.6281,12.40,1.60
2009.07.01 10:42:08.283,1.62765,1.6281,13.00,1.60
2009.07.01 10:42:08.673,1.62765,1.628,1.80,1.60
2009.07.01 10:42:08.912,1.6276,1.628,3.20,1.60
2009.07.01 10:42:14.521,1.6277,1.62815,8.00,3.20
2009.07.01 10:42:14.861,1.62775,1.628,11.20,1.60
2009.07.01 10:42:15.031,1.62765,1.628,14.40,1.60
2009.07.01 10:42:15.491,1.62775,1.62815,8.00,1.60
2009.07.01 10:42:15.761,1.6276,1.628,3.20,1.60
2009.07.01 10:42:30.027,1.62765,1.628,12.40,1.60
2009.07.01 10:42:30.417,1.6277,1.62815,3.20,1.60
2009.07.01 10:42:30.527,1.62765,1.628,3.20,1.60
2009.07.01 10:42:31.727,1.62765,1.62815,3.20,1.60
2009.07.01 10:42:32.087,1.62765,1.6281,1.80,1.60
2009.07.01 10:42:32.727,1.6278,1.6281,1.20,1.60
2009.07.01 10:42:33.267,1.6278,1.62825,11.20,3.20
2009.07.01 10:42:33.726,1.6278,1.6282,11.20,3.20
2009.07.01 10:42:34.016,1.62775,1.6281,12.40,1.60
2009.07.01 10:42:36.616,1.6277,1.628,11.20,1.60
2009.07.01 10:42:36.856,1.62755,1.628,1.80,1.60
2009.07.01 10:42:37.196,1.62755,1.6279,1.80,1.60
2009.07.01 10:42:37.366,1.62755,1.62805,1.80,1.60
2009.07.01 10:42:37.815,1.62755,1.6279,1.80,1.60
2009.07.01 10:42:40.855,1.6276,1.62805,12.40,1.60
2009.07.01 10:42:41.264,1.6277,1.628,1.20,1.60
2009.07.01 10:42:41.374,1.6277,1.62815,1.20,1.60
2009.07.01 10:42:41.605,1.6277,1.6281,4.40,1.60
2009.07.01 10:42:41.715,1.6277,1.6281,12.40,1.60
2009.07.01 10:42:42.234,1.62775,1.6281,1.20,1.60
2009.07.01 10:42:42.695,1.6277,1.6281,12.40,1.60
2009.07.01 10:42:42.994,1.62775,1.6281,3.20,1.60
2009.07.01 10:42:43.404,1.62765,1.6281,1.80,1.60
2009.07.01 10:42:43.904,1.62765,1.628,1.80,1.60
2009.07.01 10:42:44.084,1.62765,1.628,11.20,1.60
2009.07.01 10:42:44.444,1.6276,1.628,12.40,1.60
2009.07.01 10:42:44.794,1.6276,1.628,3.20,1.60
2009.07.01 10:42:45.134,1.6276,1.628,1.80,1.60
2009.07.01 10:42:45.604,1.6276,1.628,11.20,1.60
2009.07.01 10:42:45.944,1.6276,1.6279,11.20,1.60
2009.07.01 10:42:46.403,1.6276,1.62805,11.20,1.60
2009.07.01 10:42:47.343,1.6275,1.628,13.00,1.60
2009.07.01 10:42:47.523,1.6275,1.628,5.00,1.60
2009.07.01 10:42:47.753,1.6275,1.628,1.80,1.60
2009.07.01 10:42:52.522,1.62765,1.62805,11.20,1.60
2009.07.01 10:42:53.282,1.6276,1.628,3.20,1.60
2009.07.01 10:42:53.732,1.62755,1.628,14.40,1.60
2009.07.01 10:42:53.912,1.62755,1.628,11.20,1.60
2009.07.01 10:42:54.082,1.62755,1.628,3.20,1.60
2009.07.01 10:42:54.312,1.6276,1.628,11.20,1.60
2009.07.01 10:42:54.431,1.6275,1.6279,13.00,1.60
2009.07.01 10:42:54.771,1.6276,1.6279,11.20,1.60
2009.07.01 10:42:55.131,1.62755,1.6279,3.20,1.60
2009.07.01 10:42:55.981,1.6276,1.62805,1.80,1.60
2009.07.01 10:42:56.951,1.6276,1.628,1.20,1.60
2009.07.01 10:42:57.191,1.62755,1.628,12.40,1.60
2009.07.01 10:42:57.251,1.62755,1.6279,12.40,1.60
2009.07.01 10:42:57.571,1.62765,1.6279,1.80,1.60
2009.07.01 10:42:58.061,1.62765,1.6279,11.20,1.60
2009.07.01 10:42:58.401,1.62755,1.62805,3.20,1.60
2009.07.01 10:43:00.660,1.62755,1.6279,3.20,1.60
2009.07.01 10:43:00.880,1.62755,1.62805,3.20,1.60
2009.07.01 10:43:01.400,1.62755,1.6279,3.20,1.60
2009.07.01 10:43:02.099,1.62755,1.6279,3.20,4.80
2009.07.01 10:43:02.339,1.62755,1.6279,1.80,8.00
2009.07.01 10:43:02.560,1.6275,1.6279,13.00,3.20
2009.07.01 10:43:02.780,1.6275,1.62785,13.00,3.20
2009.07.01 10:43:03.069,1.6275,1.62785,13.00,8.00
2009.07.01 10:43:03.349,1.62725,1.6278,3.20,3.20
2009.07.01 10:43:03.809,1.6273,1.62765,12.40,1.60
2009.07.01 10:43:04.099,1.6272,1.62765,12.40,1.60
2009.07.01 10:43:04.439,1.62725,1.62785,11.20,11.20
2009.07.01 10:43:04.939,1.62725,1.62775,8.00,8.00
2009.07.01 10:43:05.449,1.6272,1.6276,11.20,1.60
2009.07.01 10:43:06.369,1.62735,1.6276,1.20,1.60
2009.07.01 10:43:06.659,1.6273,1.6278,3.20,3.20
2009.07.01 10:43:06.959,1.62735,1.62775,11.20,1.60
2009.07.01 10:43:07.248,1.6273,1.62775,12.40,1.60
2009.07.01 10:43:08.028,1.6273,1.6276,12.40,1.60
2009.07.01 10:43:08.728,1.62735,1.6276,11.20,1.60
2009.07.01 10:43:08.898,1.62735,1.6276,12.40,1.60
2009.07.01 10:43:09.198,1.62735,1.6279,12.40,1.60
2009.07.01 10:43:14.487,1.62735,1.6277,12.40,1.60
2009.07.01 10:43:15.187,1.62735,1.6277,12.40,3.20
2009.07.01 10:43:15.246,1.62735,1.6277,12.40,9.60
2009.07.01 10:43:15.487,1.62735,1.62765,8.00,3.20
2009.07.01 10:43:15.596,1.62735,1.6276,8.00,3.20
2009.07.01 10:43:15.777,1.62725,1.62745,8.00,1.60
2009.07.01 10:43:16.066,1.6271,1.62745,1.60,1.60
2009.07.01 10:43:16.356,1.62705,1.62745,11.20,1.60
2009.07.01 10:43:16.597,1.627,1.62765,3.20,4.80
2009.07.01 10:43:16.876,1.627,1.6274,12.40,1.60
2009.07.01 10:43:17.296,1.627,1.62755,12.40,3.20
2009.07.01 10:43:17.696,1.62705,1.6274,4.40,1.60
2009.07.01 10:43:18.216,1.6271,1.6277,3.20,3.20
2009.07.01 10:43:18.746,1.62715,1.62765,12.40,1.60
2009.07.01 10:43:19.146,1.62715,1.62765,3.20,1.60
2009.07.01 10:43:20.525,1.62715,1.6275,3.20,1.60
2009.07.01 10:43:21.095,1.6273,1.6278,1.20,1.60
2009.07.01 10:43:21.155,1.6273,1.62775,4.40,1.60
2009.07.01 10:43:21.375,1.6273,1.62765,12.40,1.60
2009.07.01 10:43:22.745,1.6272,1.6276,14.40,1.60
2009.07.01 10:43:24.224,1.6272,1.62775,14.40,1.60
2009.07.01 10:43:28.463,1.6272,1.6277,3.20,1.60
2009.07.01 10:43:29.143,1.6272,1.6277,1.80,1.60
2009.07.01 10:43:29.373,1.62715,1.6276,14.40,1.60
2009.07.01 10:43:29.544,1.62715,1.6276,11.20,1.60
2009.07.01 10:43:29.823,1.62715,1.6276,3.20,1.60
2009.07.01 10:43:30.163,1.6272,1.6276,3.20,1.60
2009.07.01 10:43:30.403,1.6271,1.6276,3.20,1.60
2009.07.01 10:43:30.933,1.62715,1.6276,12.40,1.60
2009.07.01 10:43:31.173,1.6272,1.6276,11.20,1.60
2009.07.01 10:43:31.402,1.62715,1.6276,3.20,1.60
2009.07.01 10:43:33.992,1.6273,1.6276,4.40,1.60
2009.07.01 10:43:34.232,1.6273,1.62775,12.40,3.20
2009.07.01 10:43:34.812,1.6273,1.6276,12.40,1.60
2009.07.01 10:43:34.922,1.6273,1.6276,3.20,1.60
2009.07.01 10:43:36.021,1.6273,1.62775,3.20,1.60
2009.07.01 10:43:36.321,1.6273,1.62785,3.20,6.40
2009.07.01 10:43:36.601,1.6273,1.6278,12.40,1.60
2009.07.01 10:43:37.111,1.62725,1.6278,1.80,1.60
2009.07.01 10:43:37.351,1.6272,1.6278,14.40,1.60
2009.07.01 10:43:37.711,1.6272,1.6278,14.40,4.80
2009.07.01 10:43:38.381,1.6272,1.6278,3.20,4.80
2009.07.01 10:43:38.731,1.6272,1.6277,3.20,1.60
2009.07.01 10:43:39.131,1.62715,1.62785,9.80,11.20
2009.07.01 10:43:39.531,1.62715,1.6277,1.80,1.60
2009.07.01 10:43:39.990,1.6272,1.62755,11.20,1.60
2009.07.01 10:43:40.271,1.62715,1.6277,1.80,1.60
2009.07.01 10:43:40.820,1.62715,1.62765,3.20,1.60
2009.07.01 10:43:41.210,1.62715,1.62775,3.20,3.20
2009.07.01 10:43:42.980,1.62715,1.62775,3.20,3.20
2009.07.01 10:43:43.350,1.6272,1.6276,11.20,3.20
2009.07.01 10:43:43.630,1.62705,1.6276,1.80,3.20
2009.07.01 10:43:44.049,1.627,1.6276,14.40,3.20
2009.07.01 10:43:44.399,1.627,1.6276,3.20,1.60
2009.07.01 10:43:45.239,1.627,1.62755,1.80,3.20
2009.07.01 10:43:45.589,1.62705,1.62765,11.20,9.60
2009.07.01 10:43:45.829,1.62705,1.6275,8.00,1.60
2009.07.01 10:43:46.109,1.627,1.62765,3.20,9.60
2009.07.01 10:43:46.699,1.62705,1.6276,12.40,1.60
2009.07.01 10:43:46.929,1.6271,1.6276,11.20,3.20
2009.07.01 10:43:48.538,1.6271,1.6276,11.20,1.60
2009.07.01 10:43:49.548,1.62705,1.6275,12.40,1.60
2009.07.01 10:43:49.778,1.627,1.6275,3.20,1.60
2009.07.01 10:43:51.728,1.62705,1.6275,12.40,1.60
2009.07.01 10:43:51.778,1.6271,1.6275,8.00,1.60
2009.07.01 10:43:52.008,1.6271,1.6275,11.20,1.60
2009.07.01 10:43:53.097,1.6271,1.62765,11.20,3.20
2009.07.01 10:43:55.746,1.6271,1.6275,11.20,1.60
2009.07.01 10:43:56.716,1.6271,1.6275,12.40,1.60
2009.07.01 10:43:56.997,1.62715,1.62765,11.20,1.60
2009.07.01 10:43:57.756,1.6271,1.6276,3.20,1.60
2009.07.01 10:43:58.376,1.6271,1.6276,14.40,1.60
2009.07.01 10:44:01.435,1.6271,1.62775,14.40,6.40
2009.07.01 10:44:01.725,1.62715,1.6277,3.20,3.20
2009.07.01 10:44:02.055,1.62715,1.6277,3.20,1.60
2009.07.01 10:44:03.195,1.62715,1.6277,3.20,3.20
2009.07.01 10:44:03.885,1.62715,1.6276,3.20,1.60
2009.07.01 10:44:10.833,1.62715,1.6276,1.80,1.60
2009.07.01 10:44:11.123,1.6272,1.6276,11.20,1.60
2009.07.01 10:44:11.353,1.6272,1.6276,8.00,1.60
2009.07.01 10:44:11.463,1.62705,1.6276,14.40,1.60
2009.07.01 10:44:12.103,1.6271,1.6276,12.40,1.60
2009.07.01 10:44:12.393,1.62715,1.6276,3.20,1.60
2009.07.01 10:44:12.733,1.62715,1.6277,11.20,3.20
2009.07.01 10:44:14.482,1.62715,1.62765,3.20,1.60
2009.07.01 10:44:15.092,1.62715,1.62775,3.20,3.20
2009.07.01 10:44:17.761,1.62725,1.6277,1.20,1.60
2009.07.01 10:44:18.351,1.6273,1.6277,11.20,1.60
2009.07.01 10:44:26.129,1.6273,1.6277,12.40,1.60
2009.07.01 10:44:26.299,1.6273,1.6277,9.20,1.60
2009.07.01 10:44:26.539,1.62735,1.6277,1.20,1.60
2009.07.01 10:44:26.949,1.62735,1.62785,1.20,3.20
2009.07.01 10:44:28.699,1.6274,1.6278,1.20,1.60
2009.07.01 10:44:29.049,1.6274,1.62795,1.20,9.60
2009.07.01 10:44:29.329,1.6274,1.6279,1.20,1.60
2009.07.01 10:44:29.768,1.6274,1.6279,3.20,1.60
2009.07.01 10:44:29.929,1.62745,1.6279,12.40,1.60
2009.07.01 10:44:30.688,1.6274,1.62785,3.20,1.60
2009.07.01 10:44:31.318,1.62745,1.62795,11.20,1.60
2009.07.01 10:44:31.658,1.62745,1.6279,11.20,11.20
2009.07.01 10:44:31.938,1.6272,1.62785,13.00,3.20
2009.07.01 10:44:32.168,1.6272,1.62775,1.80,1.60
2009.07.01 10:44:32.448,1.6272,1.6279,1.80,14.20
2009.07.01 10:44:33.027,1.62715,1.62785,13.00,9.60
2009.07.01 10:44:33.367,1.62715,1.6277,13.00,1.60
2009.07.01 10:44:34.447,1.62715,1.6277,13.00,1.60
2009.07.01 10:44:34.787,1.6273,1.6277,1.80,1.60
2009.07.01 10:44:35.007,1.6273,1.62785,1.80,6.40
2009.07.01 10:44:43.205,1.6273,1.6278,14.40,1.60
2009.07.01 10:44:43.445,1.6273,1.6278,3.20,1.60
2009.07.01 10:44:43.845,1.6273,1.6277,3.20,1.60
2009.07.01 10:44:45.645,1.62725,1.62785,14.40,8.00
2009.07.01 10:44:45.936,1.6272,1.6277,13.00,1.60
2009.07.01 10:44:46.384,1.6272,1.6277,1.80,1.60
2009.07.01 10:44:46.564,1.6273,1.6277,1.20,1.60
2009.07.01 10:44:46.955,1.62725,1.6277,14.40,1.60
2009.07.01 10:44:47.474,1.6272,1.6277,13.00,1.60
2009.07.01 10:44:47.984,1.6272,1.6277,1.80,1.60
2009.07.01 10:44:48.694,1.62725,1.6277,12.40,1.60
2009.07.01 10:44:48.934,1.6273,1.6277,11.20,1.60
2009.07.01 10:44:50.024,1.6273,1.62785,3.20,9.60
2009.07.01 10:44:50.323,1.6273,1.6278,3.20,1.60
2009.07.01 10:44:50.624,1.6273,1.6278,1.80,1.60
2009.07.01 10:44:50.793,1.62725,1.6278,14.40,1.60
2009.07.01 10:44:51.023,1.62725,1.6277,3.20,1.60
2009.07.01 10:44:51.363,1.6273,1.6277,12.40,1.60
2009.07.01 10:44:51.703,1.6273,1.62785,12.40,9.60
2009.07.01 10:44:51.883,1.6273,1.6278,3.20,1.60
2009.07.01 10:44:53.553,1.6273,1.6279,3.20,9.60
2009.07.01 10:44:53.842,1.62735,1.62785,1.80,8.00
2009.07.01 10:44:54.013,1.6274,1.62785,9.20,1.60
2009.07.01 10:44:54.243,1.6274,1.62785,12.40,1.60
2009.07.01 10:44:54.582,1.6274,1.62795,12.40,9.60
2009.07.01 10:44:56.882,1.62735,1.6279,1.80,1.60
2009.07.01 10:44:57.122,1.62735,1.6279,1.80,4.80
2009.07.01 10:44:57.242,1.62735,1.6279,1.80,6.40
2009.07.01 10:44:58.112,1.6274,1.6279,1.20,9.60
2009.07.01 10:44:58.573,1.6274,1.6279,12.40,9.60
2009.07.01 10:45:00.301,1.6274,1.6279,12.40,3.20
2009.07.01 10:45:00.632,1.6274,1.6279,12.40,1.60
2009.07.01 10:45:03.050,1.6274,1.62785,12.40,1.60
2009.07.01 10:45:03.330,1.6274,1.6278,12.40,1.60
2009.07.01 10:45:03.440,1.62735,1.62795,1.80,12.80
2009.07.01 10:45:03.760,1.62735,1.6279,1.80,4.80
2009.07.01 10:45:04.060,1.6273,1.62785,13.00,3.20
2009.07.01 10:45:04.400,1.6273,1.62785,9.80,6.40
2009.07.01 10:45:04.780,1.62725,1.6278,13.00,4.80
2009.07.01 10:45:04.950,1.62725,1.6278,1.80,4.80
2009.07.01 10:45:05.120,1.6273,1.6278,11.20,4.80
2009.07.01 10:45:05.640,1.62735,1.62775,1.80,1.60
2009.07.01 10:45:06.150,1.62735,1.62785,1.80,14.20
2009.07.01 10:45:06.449,1.627,1.62775,14.40,1.60
2009.07.01 10:45:06.680,1.62715,1.62775,1.20,1.60
2009.07.01 10:45:07.089,1.62715,1.62775,12.40,1.60
2009.07.01 10:45:07.370,1.6272,1.62785,3.20,4.80
2009.07.01 10:45:07.719,1.62735,1.6278,3.20,1.60
2009.07.01 10:45:08.070,1.62735,1.62795,3.20,4.80
2009.07.01 10:45:08.879,1.62745,1.6279,1.20,1.60
2009.07.01 10:45:09.109,1.62745,1.6279,12.40,1.60
2009.07.01 10:45:09.279,1.62745,1.628,12.40,3.20
2009.07.01 10:45:09.669,1.62745,1.6279,12.40,1.60
2009.07.01 10:45:10.009,1.62745,1.628,12.40,3.20
2009.07.01 10:45:10.658,1.62745,1.628,14.40,1.60
2009.07.01 10:45:10.988,1.62745,1.628,14.40,3.20
2009.07.01 10:45:11.339,1.62745,1.6279,12.40,1.60
2009.07.01 10:45:11.688,1.62745,1.628,12.40,3.20
2009.07.01 10:45:12.318,1.6275,1.62795,1.20,1.60
2009.07.01 10:45:12.538,1.62745,1.62795,3.20,1.60
2009.07.01 10:45:12.888,1.62745,1.62795,12.40,1.60
2009.07.01 10:45:13.798,1.62745,1.62805,12.40,12.80
2009.07.01 10:45:15.717,1.6274,1.628,1.80,12.80
2009.07.01 10:45:18.517,1.62745,1.62795,11.20,1.60
2009.07.01 10:45:18.807,1.6274,1.6279,12.40,1.60
2009.07.01 10:45:19.956,1.62745,1.62805,12.40,12.80
2009.07.01 10:45:21.986,1.62745,1.62795,8.00,4.80
2009.07.01 10:45:22.436,1.6274,1.6279,3.20,3.20
2009.07.01 10:45:22.556,1.62735,1.6279,3.20,3.20
2009.07.01 10:45:22.846,1.62735,1.62805,14.40,14.40
2009.07.01 10:45:22.956,1.62735,1.628,14.40,8.00
2009.07.01 10:45:27.647,1.62735,1.6279,14.40,1.60
2009.07.01 10:45:27.884,1.62735,1.6279,13.00,4.80
2009.07.01 10:45:28.125,1.62735,1.6277,3.20,1.60
2009.07.01 10:45:28.404,1.62735,1.62785,1.80,1.60
2009.07.01 10:45:28.634,1.6273,1.6278,1.80,1.60
2009.07.01 10:45:29.114,1.6273,1.6277,1.80,1.60
2009.07.01 10:45:29.444,1.6272,1.6276,4.80,1.60
2009.07.01 10:45:29.904,1.6273,1.6275,11.20,1.60
2009.07.01 10:45:30.234,1.62725,1.62795,1.80,8.00
2009.07.01 10:45:30.624,1.6273,1.6277,3.20,1.60
2009.07.01 10:45:30.964,1.6273,1.628,3.20,8.00
2009.07.01 10:45:31.723,1.6273,1.62785,1.80,6.40
2009.07.01 10:45:32.074,1.62735,1.6276,11.20,1.60
2009.07.01 10:45:32.414,1.6273,1.62775,11.20,1.60
2009.07.01 10:45:32.743,1.62725,1.6276,13.00,1.60
2009.07.01 10:45:33.043,1.6273,1.62775,1.80,1.60
2009.07.01 10:45:33.383,1.6272,1.6276,14.40,1.60
2009.07.01 10:45:33.783,1.62725,1.6276,1.80,1.60
2009.07.01 10:45:34.323,1.6272,1.6275,1.80,1.60
2009.07.01 10:45:35.522,1.62725,1.6275,1.80,1.60
2009.07.01 10:45:35.942,1.62725,1.62765,1.80,1.60
2009.07.01 10:45:36.342,1.6273,1.6276,3.20,1.60
2009.07.01 10:45:37.252,1.6273,1.6276,14.40,1.60
2009.07.01 10:45:37.762,1.6274,1.6276,12.40,1.60
2009.07.01 10:45:38.112,1.6274,1.62775,12.40,1.60
2009.07.01 10:45:38.642,1.62745,1.6277,4.40,1.60
2009.07.01 10:45:39.162,1.62745,1.6277,12.40,1.60
2009.07.01 10:45:42.151,1.6274,1.6277,1.80,1.60
2009.07.01 10:45:45.640,1.62735,1.6277,14.40,1.60
2009.07.01 10:45:46.110,1.62735,1.6277,13.00,1.60
2009.07.01 10:45:46.570,1.6273,1.6277,1.80,1.60
2009.07.01 10:45:49.359,1.62725,1.6277,14.40,1.60
2009.07.01 10:45:49.709,1.62725,1.6277,1.80,4.80
2009.07.01 10:45:50.039,1.6272,1.62755,1.80,1.60
2009.07.01 10:45:50.279,1.62715,1.6278,3.20,1.60
2009.07.01 10:45:50.559,1.6272,1.62765,1.80,1.60
2009.07.01 10:45:51.419,1.62725,1.6276,12.40,1.60
2009.07.01 10:45:51.769,1.6272,1.6276,13.00,1.60
2009.07.01 10:45:52.199,1.62725,1.62745,11.20,1.60
2009.07.01 10:45:52.609,1.62715,1.6276,12.40,1.60
2009.07.01 10:45:52.949,1.62725,1.62755,1.20,1.60
2009.07.01 10:45:53.479,1.6272,1.6279,1.80,8.00
2009.07.01 10:45:53.778,1.6272,1.62785,1.80,8.00
2009.07.01 10:45:54.118,1.6272,1.6276,12.40,1.60
2009.07.01 10:45:54.418,1.62715,1.6276,3.20,1.60
2009.07.01 10:45:54.768,1.62725,1.6276,8.00,1.60
2009.07.01 10:45:55.128,1.6272,1.6276,14.40,1.60
2009.07.01 10:45:56.228,1.6273,1.6275,11.20,1.60
2009.07.01 10:45:56.638,1.6272,1.6275,11.20,1.60
2009.07.01 10:45:57.917,1.6272,1.6275,8.00,1.60
2009.07.01 10:45:58.367,1.6272,1.6275,1.20,1.60
2009.07.01 10:45:58.717,1.6272,1.6275,9.20,1.60
2009.07.01 10:45:58.837,1.6272,1.6275,12.40,1.60
2009.07.01 10:45:59.067,1.6272,1.6275,3.20,1.60
2009.07.01 10:45:59.407,1.62725,1.6275,3.20,1.60
2009.07.01 10:45:59.647,1.62725,1.62765,1.80,1.60
2009.07.01 10:45:59.877,1.62725,1.6275,1.80,1.60
2009.07.01 10:46:00.107,1.6272,1.6275,14.40,1.60
2009.07.01 10:46:00.497,1.6272,1.6275,13.00,1.60
2009.07.01 10:46:00.847,1.6273,1.6275,8.00,1.60
2009.07.01 10:46:01.197,1.6272,1.6275,11.20,1.60
2009.07.01 10:46:05.375,1.6272,1.6274,11.20,1.60
2009.07.01 10:46:06.085,1.6272,1.6274,3.20,1.60
2009.07.01 10:46:06.255,1.62715,1.6274,14.00,1.60
2009.07.01 10:46:07.335,1.62715,1.62755,14.00,1.60
2009.07.01 10:46:07.625,1.62715,1.6275,12.40,1.60
2009.07.01 10:46:08.015,1.62715,1.6274,12.40,1.60
2009.07.01 10:46:11.154,1.62715,1.62755,12.40,1.60
2009.07.01 10:46:11.874,1.6272,1.6275,3.20,1.60
2009.07.01 10:46:11.934,1.6272,1.6275,11.20,1.60
2009.07.01 10:46:17.722,1.6272,1.62765,11.20,1.60
2009.07.01 10:46:22.491,1.62735,1.6276,11.20,1.60
2009.07.01 10:46:23.011,1.62735,1.6276,3.20,1.60
2009.07.01 10:46:23.301,1.6274,1.6276,1.20,1.60
2009.07.01 10:46:23.461,1.6273,1.628,3.20,8.00
2009.07.01 10:46:23.751,1.62735,1.62795,11.20,8.00
2009.07.01 10:46:23.921,1.62735,1.62795,8.00,8.00
2009.07.01 10:46:24.041,1.6273,1.62795,12.40,8.00
2009.07.01 10:46:26.620,1.6273,1.62785,12.40,1.60
2009.07.01 10:46:26.680,1.6274,1.62785,1.20,1.60
2009.07.01 10:46:26.800,1.6274,1.6277,1.20,1.60
2009.07.01 10:46:27.240,1.6273,1.6277,3.20,1.60
2009.07.01 10:46:27.300,1.62735,1.6277,11.20,1.60
2009.07.01 10:46:27.650,1.6273,1.6277,12.40,1.60
2009.07.01 10:46:33.079,1.6273,1.6277,1.80,1.60
2009.07.01 10:46:33.409,1.6273,1.6276,1.80,1.60
2009.07.01 10:46:33.530,1.62735,1.6276,11.20,1.60
2009.07.01 10:46:33.988,1.6272,1.6276,3.20,1.60
2009.07.01 10:46:34.158,1.62725,1.6279,1.80,6.40
2009.07.01 10:46:34.758,1.62725,1.62765,1.80,1.60
2009.07.01 10:46:37.998,1.6273,1.6276,12.40,1.60
2009.07.01 10:46:38.218,1.62735,1.6276,11.20,1.60
2009.07.01 10:46:59.993,1.6274,1.62775,1.20,1.60
2009.07.01 10:47:00.232,1.62735,1.6277,1.80,1.60
2009.07.01 10:47:00.752,1.6273,1.6277,14.40,1.60
2009.07.01 10:47:01.102,1.6273,1.6276,1.80,1.60
2009.07.01 10:47:01.612,1.62735,1.6276,8.00,1.60
2009.07.01 10:47:01.842,1.62725,1.6276,3.20,1.60
2009.07.01 10:47:02.022,1.6273,1.6276,11.20,1.60
2009.07.01 10:47:04.002,1.6272,1.6276,14.40,1.60
2009.07.01 10:47:04.391,1.6272,1.6276,3.20,1.60
2009.07.01 10:47:30.355,1.62725,1.6276,12.40,1.60
2009.07.01 10:47:30.765,1.62725,1.6276,4.40,1.60
2009.07.01 10:47:31.005,1.62725,1.6276,1.20,1.60
2009.07.01 10:47:31.625,1.6272,1.6276,11.20,1.60
2009.07.01 10:47:32.154,1.62715,1.6275,12.40,1.60
2009.07.01 10:47:32.424,1.62715,1.6275,1.20,1.60
2009.07.01 10:47:33.874,1.62715,1.6275,9.20,1.60
2009.07.01 10:47:33.994,1.62715,1.6275,12.40,1.60
2009.07.01 10:47:36.124,1.6272,1.6275,8.00,1.60
2009.07.01 10:47:36.183,1.62715,1.6275,12.40,1.60
2009.07.01 10:47:39.313,1.62715,1.6275,3.20,1.60
2009.07.01 10:47:39.813,1.6272,1.6275,12.40,1.60
2009.07.01 10:47:39.983,1.6272,1.62765,1.80,1.60
2009.07.01 10:47:40.152,1.62715,1.6276,14.40,1.60
2009.07.01 10:47:40.383,1.6272,1.6275,11.20,1.60
2009.07.01 10:47:40.732,1.6271,1.6275,9.80,1.60
2009.07.01 10:47:40.912,1.62715,1.6275,11.20,1.60
2009.07.01 10:47:41.252,1.6271,1.6275,1.60,1.60
2009.07.01 10:47:41.592,1.62715,1.6275,8.00,1.60
2009.07.01 10:47:41.762,1.62705,1.6275,14.40,1.60
2009.07.01 10:47:43.611,1.62705,1.6275,13.00,1.60
2009.07.01 10:47:43.942,1.627,1.6274,14.40,1.60
2009.07.01 10:47:44.502,1.627,1.6274,11.20,1.60
2009.07.01 10:47:44.731,1.627,1.6274,3.20,1.60
2009.07.01 10:47:45.201,1.62705,1.6274,3.20,1.60
2009.07.01 10:47:45.431,1.62715,1.62755,1.20,1.60
2009.07.01 10:47:45.781,1.62715,1.6275,12.40,1.60
2009.07.01 10:47:49.121,1.6272,1.6275,1.20,1.60
2009.07.01 10:47:49.230,1.62725,1.6275,11.20,1.60
2009.07.01 10:48:07.746,1.62715,1.6275,14.40,1.60
2009.07.01 10:48:07.866,1.62715,1.6275,3.20,1.60
2009.07.01 10:48:08.286,1.62715,1.6275,1.80,1.60
2009.07.01 10:48:08.676,1.62715,1.6274,1.80,1.60
2009.07.01 10:48:09.006,1.62715,1.6274,11.20,1.60
2009.07.01 10:48:12.675,1.62715,1.6274,8.00,1.60
2009.07.01 10:48:12.735,1.6271,1.6274,12.40,1.60
2009.07.01 10:48:13.544,1.62705,1.6274,1.80,1.60
2009.07.01 10:48:13.834,1.627,1.6274,14.40,1.60
2009.07.01 10:48:14.055,1.627,1.6274,11.20,1.60
2009.07.01 10:48:14.165,1.627,1.6274,3.20,1.60
2009.07.01 10:48:17.244,1.627,1.6274,6.40,1.60
2009.07.01 10:48:17.354,1.627,1.6274,14.40,1.60
2009.07.01 10:48:19.003,1.6271,1.6274,11.20,1.60
2009.07.01 10:48:19.183,1.62705,1.6274,3.20,1.60
2009.07.01 10:48:19.503,1.62705,1.62755,11.20,1.60
2009.07.01 10:48:19.563,1.62705,1.6275,14.40,1.60
2009.07.01 10:48:23.892,1.62715,1.6275,3.20,1.60
2009.07.01 10:48:25.862,1.6271,1.6275,1.80,1.60
2009.07.01 10:48:26.371,1.62705,1.6275,16.00,1.60
2009.07.01 10:48:26.641,1.62705,1.6275,14.40,1.60
2009.07.01 10:48:34.759,1.62715,1.6275,12.40,1.60
2009.07.01 10:48:37.129,1.6271,1.6275,1.80,1.60
2009.07.01 10:48:37.519,1.62705,1.6275,14.40,1.60
2009.07.01 10:48:40.198,1.6271,1.6275,1.80,1.60
2009.07.01 10:48:40.609,1.62715,1.6275,12.40,1.60
2009.07.01 10:48:41.138,1.6271,1.6275,1.80,1.60
2009.07.01 10:48:41.358,1.62715,1.6275,12.40,1.60
2009.07.01 10:48:41.528,1.62705,1.6275,14.40,1.60
2009.07.01 10:48:41.698,1.6271,1.6275,1.80,1.60
2009.07.01 10:48:42.288,1.62705,1.6275,14.40,1.60
2009.07.01 10:48:43.558,1.62715,1.6275,12.40,1.60
2009.07.01 10:48:52.605,1.6271,1.6275,1.80,1.60
2009.07.01 10:48:52.825,1.62715,1.6274,11.20,1.60
2009.07.01 10:48:53.405,1.627,1.6274,12.40,1.60
2009.07.01 10:48:56.374,1.62705,1.6274,1.20,1.60
2009.07.01 10:48:56.494,1.6271,1.62755,11.20,3.20
2009.07.01 10:48:57.184,1.62715,1.6275,1.20,1.60
2009.07.01 10:48:57.934,1.62715,1.62765,3.20,1.60
2009.07.01 10:49:00.443,1.62715,1.6276,11.20,1.60
2009.07.01 10:49:00.783,1.62715,1.6276,3.20,1.60
2009.07.01 10:49:06.052,1.62715,1.6276,1.80,1.60
2009.07.01 10:49:06.342,1.6271,1.6276,14.40,1.60
2009.07.01 10:49:07.222,1.6271,1.6275,3.20,1.60
2009.07.01 10:49:10.211,1.6271,1.62765,3.20,1.60
2009.07.01 10:49:11.641,1.6271,1.6275,3.20,1.60
2009.07.01 10:49:11.760,1.62705,1.6275,6.40,1.60
2009.07.01 10:49:11.981,1.62705,1.6275,3.20,1.60
2009.07.01 10:49:12.151,1.6271,1.6275,11.20,1.60
2009.07.01 10:49:12.450,1.627,1.6275,13.00,1.60
2009.07.01 10:49:12.570,1.6271,1.62765,11.20,11.20
2009.07.01 10:49:12.750,1.6271,1.6275,3.20,1.60
2009.07.01 10:49:12.870,1.62705,1.6275,1.20,1.60
2009.07.01 10:49:13.160,1.6271,1.6275,11.20,1.60
2009.07.01 10:49:36.794,1.627,1.6275,14.40,1.60
2009.07.01 10:49:37.015,1.627,1.6274,4.40,1.60
2009.07.01 10:49:37.184,1.627,1.6274,12.40,1.60
2009.07.01 10:49:55.270,1.62705,1.6274,1.20,1.60
2009.07.01 10:49:55.560,1.62705,1.62755,1.20,3.20
2009.07.01 10:49:55.850,1.62705,1.62765,1.20,1.60
2009.07.01 10:49:56.200,1.62705,1.62745,1.20,1.60
2009.07.01 10:50:00.259,1.6271,1.6275,12.40,1.60
2009.07.01 10:50:01.279,1.62715,1.6275,11.20,1.60
2009.07.01 10:50:02.578,1.62715,1.6275,12.40,1.60
2009.07.01 10:50:03.198,1.6273,1.6275,1.20,1.60
2009.07.01 10:50:03.518,1.6273,1.6278,1.20,3.20
2009.07.01 10:50:03.818,1.6273,1.62775,12.40,1.60
2009.07.01 10:50:05.338,1.62735,1.6277,11.20,1.60
2009.07.01 10:50:06.167,1.6273,1.6277,3.20,1.60
2009.07.01 10:50:06.457,1.6273,1.6277,12.40,1.60
2009.07.01 10:50:15.185,1.6273,1.6279,1.20,9.60
2009.07.01 10:50:15.475,1.6272,1.62785,14.40,4.80
2009.07.01 10:50:15.815,1.6273,1.62775,12.40,1.60
2009.07.01 10:50:17.595,1.6273,1.6276,12.40,1.60
2009.07.01 10:50:17.985,1.6273,1.62775,12.40,1.60
2009.07.01 10:50:23.623,1.6272,1.6277,14.40,1.60
2009.07.01 10:50:23.953,1.6272,1.6276,6.40,1.60
2009.07.01 10:50:24.403,1.62725,1.6276,11.20,1.60
2009.07.01 10:50:26.523,1.6272,1.6276,11.20,1.60
2009.07.01 10:50:27.632,1.62725,1.6276,11.20,1.60
2009.07.01 10:50:27.902,1.62725,1.6279,11.20,12.80
2009.07.01 10:50:28.182,1.62725,1.62785,11.20,8.00
2009.07.01 10:50:29.012,1.62725,1.6277,11.20,1.60
2009.07.01 10:50:29.352,1.6273,1.6277,1.20,1.60
2009.07.01 10:50:30.002,1.6273,1.6277,12.40,1.60
2009.07.01 10:50:30.871,1.62725,1.6277,1.80,1.60
2009.07.01 10:50:31.101,1.6272,1.6276,14.40,1.60
2009.07.01 10:50:31.511,1.6272,1.62775,14.40,1.60
2009.07.01 10:50:31.741,1.62725,1.6277,11.20,1.60
2009.07.01 10:51:16.641,1.6274,1.6277,1.20,1.60
2009.07.01 10:51:16.760,1.62745,1.6277,3.20,1.60
2009.07.01 10:51:16.991,1.62745,1.62785,11.20,1.60
2009.07.01 10:51:17.440,1.6274,1.6278,1.80,1.60
2009.07.01 10:51:17.840,1.62745,1.6277,11.20,1.60
2009.07.01 10:51:18.361,1.6273,1.6277,14.40,1.60
2009.07.01 10:51:18.700,1.6273,1.6276,12.40,1.60
2009.07.01 10:51:19.840,1.6274,1.6276,1.20,1.60
2009.07.01 10:51:20.120,1.62745,1.6279,1.20,1.60
2009.07.01 10:51:20.749,1.62745,1.62785,3.20,1.60
2009.07.01 10:51:21.089,1.6275,1.62785,11.20,1.60
2009.07.01 10:51:22.079,1.6274,1.6278,3.20,1.60
2009.07.01 10:51:22.239,1.62735,1.6278,14.40,1.60
2009.07.01 10:51:22.469,1.62745,1.6278,11.20,1.60
2009.07.01 10:51:22.589,1.62745,1.6277,11.20,1.60
2009.07.01 10:51:22.829,1.62735,1.6277,11.20,1.60
2009.07.01 10:51:23.289,1.62745,1.6277,12.40,1.60
2009.07.01 10:51:23.589,1.62745,1.628,3.20,1.60
2009.07.01 10:51:23.919,1.6276,1.62795,1.20,1.60
2009.07.01 10:51:24.269,1.6276,1.6281,1.20,3.20
2009.07.01 10:51:24.778,1.6276,1.628,4.40,1.60
2009.07.01 10:51:25.068,1.6276,1.628,12.40,1.60
2009.07.01 10:51:25.408,1.6276,1.628,3.20,1.60
2009.07.01 10:51:25.768,1.6276,1.6281,1.80,1.60
2009.07.01 10:51:26.258,1.6277,1.62825,1.20,1.60
2009.07.01 10:51:26.538,1.6276,1.6282,3.20,1.60
2009.07.01 10:51:26.828,1.62765,1.6282,1.80,1.60
2009.07.01 10:51:27.168,1.6277,1.62805,4.40,1.60
2009.07.01 10:51:27.508,1.6276,1.6282,14.40,1.60
2009.07.01 10:51:27.978,1.6276,1.62805,12.40,1.60
2009.07.01 10:51:28.259,1.62765,1.628,11.20,1.60
2009.07.01 10:51:29.387,1.62755,1.628,13.00,1.60
2009.07.01 10:51:29.677,1.62765,1.628,11.20,1.60
2009.07.01 10:51:30.008,1.62765,1.628,8.00,1.60
2009.07.01 10:51:30.347,1.6275,1.628,1.80,1.60
2009.07.01 10:51:30.577,1.6275,1.6282,1.80,12.80
2009.07.01 10:51:30.927,1.6275,1.628,1.80,1.60
2009.07.01 10:51:33.026,1.62745,1.628,14.40,1.60
2009.07.01 10:51:33.257,1.62745,1.6279,6.40,1.60
2009.07.01 10:51:33.676,1.6275,1.6279,11.20,1.60
2009.07.01 10:51:34.266,1.62745,1.6279,12.40,1.60
2009.07.01 10:51:35.146,1.62745,1.6279,3.20,1.60
2009.07.01 10:51:37.435,1.6274,1.6279,14.40,1.60
2009.07.01 10:51:37.765,1.62745,1.6279,11.20,1.60
2009.07.01 10:51:38.085,1.6274,1.628,3.20,1.60
2009.07.01 10:51:39.865,1.62745,1.62795,11.20,1.60
2009.07.01 10:51:42.024,1.62745,1.6278,11.20,1.60
2009.07.01 10:51:44.014,1.6274,1.6278,3.20,1.60
2009.07.01 10:51:45.693,1.62735,1.6278,14.40,1.60
2009.07.01 10:51:45.804,1.62735,1.6278,3.20,1.60
2009.07.01 10:51:52.252,1.6274,1.6278,12.40,1.60
2009.07.01 10:51:52.492,1.62745,1.6278,11.20,1.60
2009.07.01 10:51:52.772,1.62735,1.6278,14.40,1.60
2009.07.01 10:51:53.152,1.62735,1.6278,3.20,1.60
2009.07.01 10:51:55.741,1.62735,1.6277,8.00,1.60
2009.07.01 10:51:56.021,1.6273,1.6277,12.40,1.60
2009.07.01 10:52:04.509,1.6273,1.6277,1.20,1.60
2009.07.01 10:52:06.638,1.6273,1.6278,1.20,1.60
2009.07.01 10:52:21.824,1.62725,1.6278,1.20,1.60
2009.07.01 10:52:22.155,1.62725,1.6278,1.20,3.20
2009.07.01 10:52:23.954,1.6273,1.6278,1.20,3.20
2009.07.01 10:52:24.364,1.6273,1.6278,1.20,1.60
2009.07.01 10:52:24.774,1.62725,1.6278,2.80,3.20
2009.07.01 10:52:25.174,1.62725,1.6278,1.20,3.20
2009.07.01 10:52:27.953,1.6272,1.6278,2.80,3.20
2009.07.01 10:52:28.183,1.62725,1.62775,1.20,1.60
2009.07.01 10:52:28.703,1.62725,1.62785,1.20,3.20
2009.07.01 10:52:29.053,1.62725,1.6278,1.20,3.20
2009.07.01 10:52:30.783,1.6272,1.6278,2.80,3.20
2009.07.01 10:52:30.962,1.6272,1.6277,2.80,1.60
2009.07.01 10:52:32.162,1.6272,1.6277,1.20,1.60
2009.07.01 10:52:32.282,1.6271,1.6276,2.80,1.60
2009.07.01 10:52:32.512,1.62715,1.6276,1.20,1.60
2009.07.01 10:52:32.792,1.62725,1.6276,1.20,1.60
2009.07.01 10:52:33.302,1.62725,1.62775,1.20,3.20
2009.07.01 10:52:34.502,1.6272,1.6277,1.20,1.60
2009.07.01 10:52:34.942,1.62715,1.6277,2.80,1.60
2009.07.01 10:52:35.061,1.62715,1.6277,1.20,1.60
2009.07.01 10:52:35.502,1.6272,1.62785,1.20,12.80
2009.07.01 10:52:35.852,1.6272,1.62785,1.20,3.20
2009.07.01 10:52:36.211,1.6272,1.6277,1.20,1.60
2009.07.01 10:52:37.551,1.6271,1.6277,1.60,1.60
2009.07.01 10:52:37.941,1.6271,1.6276,1.60,1.60
2009.07.01 10:52:38.061,1.62705,1.6276,2.80,1.60
2009.07.01 10:52:38.291,1.6272,1.6276,1.20,1.60
2009.07.01 10:52:40.040,1.6271,1.6276,2.80,1.60
2009.07.01 10:52:40.340,1.6271,1.62775,2.80,1.60
2009.07.01 10:52:40.620,1.6271,1.6277,1.20,1.60
2009.07.01 10:52:40.920,1.6272,1.6277,1.20,1.60
2009.07.01 10:52:41.210,1.6272,1.6276,1.20,1.60
2009.07.01 10:52:41.550,1.62715,1.62775,1.20,1.60
2009.07.01 10:52:42.170,1.62715,1.6276,1.20,1.60
2009.07.01 10:52:43.760,1.6271,1.6276,1.20,1.60
2009.07.01 10:52:43.999,1.6271,1.62775,1.20,6.40
2009.07.01 10:52:44.219,1.62715,1.6277,1.20,1.60
2009.07.01 10:52:44.329,1.62715,1.6277,1.20,3.20
2009.07.01 10:52:44.609,1.62715,1.6276,1.20,1.60
2009.07.01 10:52:46.629,1.6271,1.62775,1.20,6.40
2009.07.01 10:52:46.919,1.6271,1.6277,1.20,3.20
2009.07.01 10:52:47.668,1.62715,1.6277,1.20,3.20
2009.07.01 10:52:47.948,1.62715,1.6276,1.20,1.60
2009.07.01 10:52:48.238,1.6271,1.6276,1.20,1.60
2009.07.01 10:52:48.818,1.6271,1.62775,1.20,3.20
2009.07.01 10:52:49.058,1.6271,1.62785,1.20,11.20
2009.07.01 10:52:53.967,1.62725,1.6277,1.20,1.60
2009.07.01 10:52:56.746,1.6272,1.6277,1.20,1.60
2009.07.01 10:52:57.256,1.6273,1.6277,1.20,1.60
2009.07.01 10:52:57.776,1.62735,1.62785,1.20,3.20
2009.07.01 10:52:57.996,1.62735,1.6278,1.20,1.60
2009.07.01 10:52:58.416,1.6273,1.6278,1.20,1.60
2009.07.01 10:52:58.816,1.6273,1.62795,1.20,14.40
2009.07.01 10:52:59.326,1.6273,1.62775,1.20,1.60
2009.07.01 10:53:16.991,1.6272,1.62775,1.20,3.20
2009.07.01 10:53:17.221,1.62725,1.6277,1.20,1.60
2009.07.01 10:53:19.911,1.6273,1.6277,1.20,1.60
2009.07.01 10:53:24.750,1.6273,1.62785,1.20,3.20
2009.07.01 10:53:43.065,1.62735,1.6278,1.20,1.60
2009.07.01 10:53:45.175,1.62745,1.6278,1.20,1.60
2009.07.01 10:53:45.705,1.62745,1.62795,1.20,9.60
2009.07.01 10:53:45.885,1.62745,1.6279,1.20,1.60
2009.07.01 10:53:46.234,1.62745,1.6278,1.20,1.60
2009.07.01 10:53:57.641,1.6275,1.6278,1.20,1.60
2009.07.01 10:53:58.311,1.6275,1.62795,1.20,3.20
2009.07.01 10:53:59.341,1.62745,1.6279,1.20,1.60
2009.07.01 10:53:59.631,1.6274,1.6279,1.60,8.00
2009.07.01 10:54:00.091,1.62735,1.6278,1.20,1.60
2009.07.01 10:54:06.350,1.6273,1.6278,2.80,1.60
2009.07.01 10:54:06.470,1.6273,1.6277,2.80,1.60
2009.07.01 10:54:06.699,1.6273,1.6277,1.20,1.60
2009.07.01 10:54:08.149,1.62735,1.62785,1.20,1.60
2009.07.01 10:54:08.369,1.6273,1.6278,1.20,1.60
2009.07.01 10:54:20.936,1.62725,1.6277,1.20,1.60
2009.07.01 10:54:21.106,1.6274,1.62785,1.20,1.60
2009.07.01 10:54:21.336,1.62745,1.6278,1.20,1.60
2009.07.01 10:54:21.570,1.62745,1.62795,1.20,3.20
2009.07.01 10:54:22.755,1.62745,1.62805,1.20,3.20
2009.07.01 10:54:24.325,1.62755,1.628,1.20,1.60
2009.07.01 10:54:25.495,1.6277,1.628,1.20,1.60
2009.07.01 10:54:25.825,1.62775,1.6282,1.20,3.20
2009.07.01 10:54:26.115,1.62765,1.6281,2.80,1.60
2009.07.01 10:54:26.455,1.62765,1.6281,1.20,1.60
2009.07.01 10:54:26.895,1.62765,1.6283,1.20,11.20
2009.07.01 10:54:27.234,1.62765,1.6281,1.20,1.60
2009.07.01 10:54:27.574,1.62765,1.6283,1.20,12.80
2009.07.01 10:54:28.504,1.62765,1.62825,1.20,3.20
2009.07.01 10:54:28.854,1.62765,1.6282,1.20,1.60
2009.07.01 10:54:33.883,1.62775,1.6282,1.20,1.60
2009.07.01 10:54:34.113,1.6278,1.6283,1.00,11.20
2009.07.01 10:54:34.233,1.62795,1.62825,1.20,1.60
2009.07.01 10:54:34.403,1.628,1.62825,1.20,1.60
2009.07.01 10:54:34.583,1.62795,1.62855,1.20,1.60
2009.07.01 10:54:34.923,1.62795,1.62865,1.20,9.60
2009.07.01 10:54:35.042,1.6279,1.62855,1.20,6.40
2009.07.01 10:54:35.552,1.6279,1.62845,1.20,1.60
2009.07.01 10:54:41.441,1.62795,1.6284,1.20,1.60
2009.07.01 10:54:41.741,1.62795,1.6286,1.20,12.60
2009.07.01 10:54:48.069,1.62795,1.6285,1.20,3.20
2009.07.01 10:54:48.649,1.62785,1.62845,1.60,3.20
2009.07.01 10:54:49.039,1.6278,1.6284,2.80,3.20
2009.07.01 10:54:54.418,1.6278,1.6284,2.80,3.20
2009.07.01 10:54:54.598,1.6278,1.6284,1.20,3.20
2009.07.01 10:54:58.277,1.6279,1.6284,1.20,3.20
2009.07.01 10:54:58.577,1.6279,1.6284,1.20,1.60
2009.07.01 10:54:58.697,1.6279,1.6285,1.20,19.20
2009.07.01 10:54:59.267,1.628,1.62845,1.20,1.60
2009.07.01 10:54:59.617,1.62805,1.62855,1.20,1.60
2009.07.01 10:55:00.007,1.62805,1.6288,1.20,3.20
2009.07.01 10:55:00.367,1.62805,1.6287,1.20,3.20
2009.07.01 10:55:00.656,1.62795,1.6287,1.20,3.20
2009.07.01 10:55:02.746,1.62795,1.62865,1.20,4.80
2009.07.01 10:55:05.395,1.62795,1.62865,1.20,3.20
2009.07.01 10:55:08.474,1.62805,1.62865,1.20,3.20
2009.07.01 10:55:09.814,1.6281,1.62865,1.20,3.20
2009.07.01 10:55:10.154,1.62805,1.62865,1.20,3.20
2009.07.01 10:55:16.373,1.62795,1.62865,1.20,3.20
2009.07.01 10:55:20.992,1.62795,1.62865,1.20,4.80
2009.07.01 10:55:21.341,1.62795,1.62865,1.20,3.20
2009.07.01 10:55:21.691,1.62795,1.62865,1.20,4.80
2009.07.01 10:55:21.971,1.62795,1.62865,1.20,3.20
2009.07.01 10:55:23.181,1.62795,1.62865,1.20,4.80
2009.07.01 10:55:23.531,1.62795,1.62865,1.20,3.20
2009.07.01 10:55:24.621,1.6279,1.62865,1.20,4.80
2009.07.01 10:55:24.971,1.6279,1.62865,1.20,6.40
2009.07.01 10:55:25.450,1.6279,1.6286,1.20,3.20
2009.07.01 10:55:25.560,1.62785,1.6286,1.20,8.00
2009.07.01 10:55:31.999,1.62785,1.62855,1.20,4.80
2009.07.01 10:55:36.238,1.62795,1.62855,1.20,4.80
2009.07.01 10:55:36.678,1.62795,1.62855,1.20,3.20
2009.07.01 10:55:38.487,1.628,1.62855,1.20,3.20
2009.07.01 10:55:38.658,1.628,1.62865,1.20,8.00
2009.07.01 10:55:39.347,1.628,1.62865,1.20,4.80
2009.07.01 10:55:39.527,1.62805,1.62865,1.20,8.00
2009.07.01 10:55:39.927,1.62805,1.62865,1.20,6.40
2009.07.01 10:55:40.327,1.62805,1.62865,1.20,8.00
2009.07.01 10:55:40.607,1.62805,1.6286,1.20,3.20
2009.07.01 10:55:41.827,1.6281,1.6287,1.20,11.20
2009.07.01 10:55:50.385,1.62795,1.6286,1.20,9.60
2009.07.01 10:55:50.674,1.62795,1.6286,1.20,12.80
2009.07.01 10:55:50.845,1.62795,1.62855,1.20,3.20
2009.07.01 10:55:50.964,1.6279,1.62855,1.20,8.00
2009.07.01 10:55:51.714,1.6279,1.6285,1.20,1.60
2009.07.01 10:55:52.054,1.62805,1.62865,1.20,11.20
2009.07.01 10:55:58.583,1.62795,1.6286,1.20,11.20
2009.07.01 10:56:00.072,1.62795,1.6285,1.20,1.60
2009.07.01 10:56:00.422,1.6279,1.6286,1.20,9.60
2009.07.01 10:56:01.582,1.62795,1.62855,1.20,8.00
2009.07.01 10:56:02.662,1.62795,1.62855,1.20,6.40
2009.07.01 10:56:02.841,1.62795,1.62855,1.20,3.20
2009.07.01 10:56:08.110,1.6279,1.62855,1.20,8.00
2009.07.01 10:56:08.230,1.6279,1.62855,1.20,6.40
2009.07.01 10:56:08.750,1.6279,1.62855,1.20,8.00
2009.07.01 10:56:09.030,1.62795,1.62855,1.20,4.80
2009.07.01 10:56:09.440,1.62795,1.6285,1.20,1.60
2009.07.01 10:56:09.610,1.62795,1.62865,1.20,9.60
2009.07.01 10:56:10.071,1.6279,1.6286,1.20,3.20
2009.07.01 10:56:11.699,1.62795,1.6286,1.20,3.20
2009.07.01 10:56:17.218,1.6279,1.6286,1.20,3.20
2009.07.01 10:56:20.587,1.62795,1.6286,1.20,3.20
2009.07.01 10:56:25.916,1.62795,1.6286,1.20,3.20
2009.07.01 10:56:27.405,1.628,1.6287,1.20,4.80
2009.07.01 10:56:27.625,1.6281,1.6287,1.20,4.80
2009.07.01 10:56:27.855,1.6281,1.6287,1.20,3.20
2009.07.01 10:56:28.735,1.628,1.62865,2.80,3.20
2009.07.01 10:56:29.385,1.6279,1.62865,2.80,8.00
2009.07.01 10:56:29.605,1.6279,1.6286,1.60,8.00
2009.07.01 10:56:29.995,1.62785,1.6286,2.80,4.80
2009.07.01 10:56:30.405,1.62785,1.6286,1.20,9.60
2009.07.01 10:56:31.025,1.62795,1.6286,1.20,6.40
2009.07.01 10:56:31.435,1.62785,1.6286,1.20,9.60
2009.07.01 10:56:31.844,1.628,1.6286,1.20,3.20
2009.07.01 10:56:32.144,1.62815,1.6286,1.20,1.60
2009.07.01 10:56:32.604,1.62815,1.6287,1.20,12.40
2009.07.01 10:56:32.774,1.62815,1.6288,1.20,6.40
2009.07.01 10:56:34.254,1.62825,1.62875,1.20,6.40
2009.07.01 10:56:34.614,1.62825,1.62875,1.20,3.20
2009.07.01 10:56:35.134,1.6281,1.62875,2.80,3.20
2009.07.01 10:56:35.244,1.6281,1.62885,2.80,9.60
2009.07.01 10:56:35.643,1.6281,1.6288,1.20,3.20
2009.07.01 10:56:40.073,1.6281,1.6288,1.20,9.60
2009.07.01 10:56:40.872,1.6281,1.6288,1.20,9.60
2009.07.01 10:56:40.932,1.62825,1.6288,1.20,9.60
2009.07.01 10:56:41.222,1.62825,1.6288,1.20,1.60
2009.07.01 10:56:42.262,1.6283,1.6288,1.20,1.60
2009.07.01 10:56:42.712,1.6283,1.629,1.20,18.80
2009.07.01 10:56:43.462,1.6283,1.62895,1.20,8.00
2009.07.01 10:56:43.982,1.62825,1.62895,1.20,4.80
2009.07.01 10:56:44.321,1.6283,1.62895,1.20,3.20
2009.07.01 10:56:47.061,1.62825,1.62895,1.20,6.40
2009.07.01 10:56:47.401,1.62825,1.62895,1.20,8.00
2009.07.01 10:56:49.190,1.62845,1.62895,1.00,8.00
2009.07.01 10:56:49.430,1.62855,1.6289,1.20,1.60
2009.07.01 10:56:49.710,1.6284,1.6289,12.40,1.60
2009.07.01 10:56:49.990,1.62825,1.62905,2.80,12.80
2009.07.01 10:56:50.280,1.6284,1.62885,1.60,3.20
2009.07.01 10:56:50.550,1.62815,1.62885,1.00,6.20
2009.07.01 10:56:51.789,1.62815,1.62875,2.80,6.20
2009.07.01 10:56:52.020,1.62815,1.6287,1.00,3.20
2009.07.01 10:56:52.419,1.62815,1.6287,1.00,4.60
2009.07.01 10:56:53.229,1.62815,1.6287,1.00,1.20
2009.07.01 10:56:53.459,1.62815,1.6288,1.00,1.60
2009.07.01 10:56:53.679,1.62815,1.6289,1.00,14.00
2009.07.01 10:56:54.329,1.62815,1.62885,1.00,9.20
2009.07.01 10:56:54.859,1.62815,1.6288,1.00,1.20
2009.07.01 10:56:55.029,1.6281,1.6288,1.20,1.20
2009.07.01 10:56:55.439,1.6281,1.62875,1.20,1.20
2009.07.01 10:56:55.549,1.6281,1.62885,1.20,12.80
2009.07.01 10:56:55.898,1.6281,1.62885,1.20,4.80
2009.07.01 10:56:56.759,1.6281,1.62885,1.20,8.00
2009.07.01 10:56:58.438,1.6281,1.62885,1.20,9.60
2009.07.01 10:56:58.778,1.6281,1.6287,1.20,3.20
2009.07.01 10:56:59.408,1.62815,1.6288,1.20,4.80
2009.07.01 10:57:01.057,1.62815,1.6288,1.20,4.80
2009.07.01 10:57:02.027,1.62815,1.6288,1.20,4.80
2009.07.01 10:57:02.207,1.62825,1.6288,1.20,1.60
2009.07.01 10:57:02.657,1.62825,1.6289,1.20,4.80
2009.07.01 10:57:02.997,1.62815,1.6288,2.80,3.20
2009.07.01 10:57:03.707,1.62815,1.62875,1.20,1.60
2009.07.01 10:57:05.026,1.6281,1.62875,2.80,4.80
2009.07.01 10:57:05.706,1.6281,1.62875,1.20,12.80
2009.07.01 10:57:05.876,1.6281,1.62875,1.20,4.80
2009.07.01 10:57:05.997,1.62805,1.6287,2.80,4.80
2009.07.01 10:57:06.326,1.62805,1.62865,1.20,1.60
2009.07.01 10:57:10.186,1.62805,1.62865,2.80,1.60
2009.07.01 10:57:10.465,1.62805,1.62865,1.20,1.60
2009.07.01 10:57:11.395,1.62815,1.62865,1.20,1.60
2009.07.01 10:57:11.745,1.62815,1.62875,1.20,6.40
2009.07.01 10:57:16.124,1.62825,1.62895,1.20,11.20
2009.07.01 10:57:17.064,1.62825,1.6289,1.20,6.40
2009.07.01 10:57:18.193,1.62825,1.6289,1.20,9.60
2009.07.01 10:57:18.414,1.6282,1.6288,1.20,4.80
2009.07.01 10:57:18.883,1.6282,1.6288,1.20,6.40
2009.07.01 10:57:19.923,1.6282,1.6288,1.20,4.80
2009.07.01 10:57:26.201,1.6283,1.6288,1.20,1.60
2009.07.01 10:57:26.491,1.6283,1.6289,1.20,3.20
2009.07.01 10:57:26.721,1.62825,1.6289,2.80,4.80
2009.07.01 10:57:26.941,1.62825,1.6289,1.20,6.40
2009.07.01 10:57:27.521,1.62825,1.6289,1.20,3.20
2009.07.01 10:57:27.821,1.62825,1.62905,1.20,8.00
2009.07.01 10:57:28.301,1.62825,1.629,1.20,8.00
2009.07.01 10:57:28.631,1.62835,1.629,1.20,4.80
2009.07.01 10:57:29.240,1.62835,1.629,1.20,3.20
2009.07.01 10:57:29.571,1.62835,1.629,1.20,3.20
2009.07.01 10:57:30.150,1.6284,1.629,1.60,1.60
2009.07.01 10:57:30.480,1.62845,1.62915,1.20,12.80
2009.07.01 10:57:33.530,1.6284,1.629,1.60,3.20
2009.07.01 10:57:34.069,1.62835,1.629,1.20,3.20
2009.07.01 10:57:34.360,1.6283,1.629,11.20,6.40
2009.07.01 10:57:34.809,1.62825,1.629,1.20,6.40
2009.07.01 10:57:34.929,1.62825,1.629,1.20,8.00
2009.07.01 10:57:40.298,1.6283,1.629,1.00,8.00
2009.07.01 10:57:40.468,1.6284,1.6289,1.20,1.60
2009.07.01 10:57:40.698,1.6284,1.62905,1.20,14.40
2009.07.01 10:57:40.868,1.6284,1.629,1.20,4.80
2009.07.01 10:57:41.108,1.6284,1.6289,1.20,1.60
2009.07.01 10:57:41.578,1.6284,1.62905,1.20,6.40
2009.07.01 10:57:42.548,1.62835,1.62895,1.20,3.20
2009.07.01 10:57:42.837,1.6284,1.6289,1.20,1.60
2009.07.01 10:57:43.407,1.62835,1.6289,2.80,1.60
2009.07.01 10:57:43.927,1.62835,1.6289,1.20,1.60
2009.07.01 10:57:49.336,1.6285,1.6289,1.20,1.60
2009.07.01 10:57:49.516,1.6285,1.6291,1.20,9.60
2009.07.01 10:57:49.906,1.62855,1.62905,1.00,8.00
2009.07.01 10:57:50.076,1.6286,1.62905,1.00,8.00
2009.07.01 10:57:50.185,1.6286,1.62945,1.00,4.80
2009.07.01 10:57:50.486,1.62855,1.6294,1.00,3.20
2009.07.01 10:57:50.706,1.62855,1.6294,1.60,3.20
2009.07.01 10:57:50.826,1.62865,1.6294,1.00,3.20
2009.07.01 10:57:51.125,1.62855,1.6295,1.00,6.40
2009.07.01 10:57:51.586,1.62855,1.62935,3.20,3.20
2009.07.01 10:57:51.935,1.62855,1.62935,8.00,3.20
2009.07.01 10:57:52.275,1.62855,1.62935,1.00,3.20
2009.07.01 10:57:52.845,1.62845,1.6292,4.80,4.80
2009.07.01 10:57:53.075,1.6285,1.629,1.60,1.60
2009.07.01 10:57:53.255,1.6284,1.629,1.20,1.60
2009.07.01 10:57:54.885,1.6284,1.6289,1.20,1.60
2009.07.01 10:57:55.114,1.6285,1.6289,1.20,1.60
2009.07.01 10:57:55.864,1.6286,1.6289,1.00,1.60
2009.07.01 10:57:56.254,1.6286,1.6292,1.00,1.60
2009.07.01 10:57:56.824,1.6286,1.6294,1.60,3.20
2009.07.01 10:57:57.164,1.6286,1.62935,1.00,3.20
2009.07.01 10:57:57.504,1.6285,1.62935,2.80,3.20
2009.07.01 10:57:57.564,1.62855,1.62935,1.60,3.20
2009.07.01 10:57:57.804,1.6285,1.62935,1.60,3.20
2009.07.01 10:57:57.924,1.6285,1.6293,1.00,3.20
2009.07.01 10:57:58.794,1.6284,1.6292,4.80,1.60
2009.07.01 10:57:59.143,1.62845,1.629,12.80,1.60
2009.07.01 10:57:59.493,1.6284,1.629,1.20,1.60
2009.07.01 10:58:05.522,1.62845,1.6289,1.20,1.60
2009.07.01 10:58:05.932,1.62845,1.62905,1.20,1.60
2009.07.01 10:58:07.861,1.6286,1.629,1.00,1.60
2009.07.01 10:58:10.661,1.6288,1.6291,1.20,1.60
2009.07.01 10:58:10.891,1.6288,1.6294,1.20,3.20
2009.07.01 10:58:11.061,1.6289,1.62935,1.20,3.20
2009.07.01 10:58:11.510,1.6288,1.6295,1.20,16.00
2009.07.01 10:58:11.850,1.6288,1.62935,1.20,1.60
2009.07.01 10:58:13.280,1.6288,1.6293,1.20,1.60
2009.07.01 10:58:13.390,1.6289,1.6293,1.20,1.60
2009.07.01 10:58:13.920,1.6288,1.6293,1.20,1.60
2009.07.01 10:58:14.150,1.62885,1.6293,1.00,1.60
2009.07.01 10:58:14.360,1.62895,1.6293,1.20,1.60
2009.07.01 10:58:14.590,1.62895,1.62945,1.20,3.20
2009.07.01 10:58:14.709,1.62895,1.6294,1.20,1.60
2009.07.01 10:58:15.099,1.62895,1.6294,1.20,3.20
2009.07.01 10:58:15.159,1.629,1.6294,1.20,3.20
2009.07.01 10:58:15.320,1.62885,1.6294,2.80,3.20
2009.07.01 10:58:15.710,1.62885,1.6294,1.20,3.20
2009.07.01 10:58:15.889,1.62885,1.6293,1.20,1.60
2009.07.01 10:58:16.179,1.6288,1.6293,2.80,1.60
2009.07.01 10:58:16.639,1.62875,1.6293,1.60,1.60
2009.07.01 10:58:16.919,1.6287,1.6292,2.80,1.60
2009.07.01 10:58:18.219,1.6287,1.6292,1.60,1.60
2009.07.01 10:58:18.569,1.62865,1.6292,2.80,1.60
2009.07.01 10:58:18.789,1.62865,1.6291,2.80,1.60
2009.07.01 10:58:21.298,1.6287,1.6291,1.20,1.60
2009.07.01 10:58:22.508,1.62865,1.6291,4.40,1.60
2009.07.01 10:58:22.747,1.62865,1.6291,1.60,1.60
2009.07.01 10:58:23.148,1.6285,1.629,3.20,1.60
2009.07.01 10:58:23.268,1.6285,1.629,1.60,1.60
2009.07.01 10:58:23.547,1.62845,1.629,1.60,1.60
2009.07.01 10:58:23.657,1.62845,1.629,1.00,1.60
2009.07.01 10:58:23.817,1.6285,1.629,1.00,1.60
2009.07.01 10:58:24.497,1.62845,1.629,1.00,1.60
2009.07.01 10:58:24.827,1.62845,1.6289,1.00,1.60
2009.07.01 10:58:26.197,1.6284,1.6289,1.00,1.60
2009.07.01 10:58:26.837,1.6284,1.62905,1.00,4.80
2009.07.01 10:58:27.117,1.62855,1.629,1.00,1.60
2009.07.01 10:58:27.566,1.62865,1.629,1.00,1.60
2009.07.01 10:58:28.096,1.6286,1.629,1.00,1.60
2009.07.01 10:58:28.376,1.62865,1.6289,1.00,1.60
2009.07.01 10:58:28.946,1.62865,1.62905,1.00,1.60
2009.07.01 10:58:38.764,1.6287,1.629,1.00,1.60
2009.07.01 10:58:39.034,1.6286,1.629,1.00,1.60
2009.07.01 10:58:39.384,1.62855,1.629,1.60,1.60
2009.07.01 10:58:39.664,1.62855,1.629,1.60,1.60
2009.07.01 10:58:39.905,1.6285,1.62915,1.00,4.80
2009.07.01 10:58:40.434,1.6285,1.62905,1.00,1.60
2009.07.01 10:58:40.714,1.6285,1.629,1.00,1.60
2009.07.01 10:58:44.493,1.6286,1.629,1.00,1.60
2009.07.01 10:58:44.893,1.62845,1.629,2.80,1.60
2009.07.01 10:58:45.252,1.62845,1.6289,1.00,1.60
2009.07.01 10:58:45.603,1.62845,1.629,1.00,4.80
2009.07.01 10:58:52.240,1.6285,1.62895,1.00,1.60
2009.07.01 10:58:52.521,1.62855,1.62895,1.00,1.60
2009.07.01 10:58:52.861,1.62855,1.6289,1.00,1.60
2009.07.01 10:58:54.410,1.6285,1.6289,1.00,1.60
2009.07.01 10:58:56.320,1.62845,1.6289,1.20,1.60
2009.07.01 10:58:56.660,1.62845,1.6289,1.20,1.60
2009.07.01 10:58:56.880,1.6284,1.6289,1.60,1.60
2009.07.01 10:58:57.280,1.62845,1.6289,1.00,1.60
2009.07.01 10:58:57.519,1.6284,1.6289,1.20,1.60
2009.07.01 10:59:01.118,1.6284,1.6289,1.00,1.60
2009.07.01 10:59:01.408,1.62835,1.6289,1.60,1.60
2009.07.01 10:59:01.698,1.6284,1.6289,1.20,1.60
2009.07.01 10:59:02.058,1.62845,1.6289,1.00,1.60
2009.07.01 10:59:04.368,1.6284,1.6289,1.20,1.60
2009.07.01 10:59:04.718,1.62835,1.6289,1.60,1.60
2009.07.01 10:59:04.948,1.62835,1.6289,1.00,1.60
2009.07.01 10:59:05.127,1.6283,1.6289,1.60,1.60
2009.07.01 10:59:05.367,1.62825,1.6289,1.60,4.80
2009.07.01 10:59:05.607,1.62825,1.6288,1.00,1.60
2009.07.01 10:59:06.237,1.62835,1.6288,1.20,1.60
2009.07.01 10:59:06.508,1.62835,1.62895,1.20,4.80
2009.07.01 10:59:06.567,1.62835,1.62895,1.20,3.20
2009.07.01 10:59:09.197,1.6284,1.62905,1.20,4.80
2009.07.01 10:59:09.616,1.6284,1.62885,1.20,1.60
2009.07.01 10:59:09.896,1.6284,1.6291,1.20,4.80
2009.07.01 10:59:10.646,1.62845,1.62905,1.00,4.80
2009.07.01 10:59:10.926,1.6284,1.629,1.20,3.20
2009.07.01 10:59:11.336,1.6284,1.6289,1.20,1.60
2009.07.01 10:59:11.626,1.62835,1.6289,1.60,4.80
2009.07.01 10:59:12.136,1.6283,1.62875,1.60,1.60
2009.07.01 10:59:15.255,1.6283,1.6287,2.80,1.60
2009.07.01 10:59:19.574,1.6283,1.6287,1.60,1.60
2009.07.01 10:59:21.363,1.62825,1.6287,4.40,1.60
2009.07.01 10:59:21.753,1.62825,1.6287,2.80,1.60
2009.07.01 10:59:26.312,1.62825,1.6286,2.80,1.60
2009.07.01 10:59:26.492,1.6284,1.6286,1.20,1.60
2009.07.01 10:59:26.722,1.62845,1.6286,1.00,1.60
2009.07.01 10:59:26.892,1.62845,1.6289,1.00,1.60
2009.07.01 10:59:27.112,1.62845,1.629,1.00,1.60
2009.07.01 10:59:28.332,1.62835,1.6288,3.20,3.20
2009.07.01 10:59:28.452,1.62835,1.62865,1.60,1.60
2009.07.01 10:59:28.732,1.6282,1.62865,1.60,1.60
2009.07.01 10:59:28.782,1.62815,1.62865,1.60,1.60
2009.07.01 10:59:29.781,1.62815,1.6286,3.20,1.60
2009.07.01 10:59:32.681,1.62815,1.6286,3.20,1.60
2009.07.01 10:59:33.441,1.62815,1.6286,1.60,1.60
2009.07.01 10:59:33.771,1.6281,1.6286,3.20,1.60
2009.07.01 10:59:33.881,1.6281,1.6285,1.60,1.60
2009.07.01 10:59:34.001,1.62805,1.6285,1.60,1.60
2009.07.01 10:59:34.341,1.628,1.6285,3.20,1.60
2009.07.01 10:59:34.910,1.628,1.6285,1.60,1.60
2009.07.01 10:59:35.320,1.62795,1.6285,1.20,1.60
2009.07.01 10:59:35.710,1.6279,1.6285,2.80,1.60
2009.07.01 10:59:36.210,1.628,1.62845,1.60,1.60
2009.07.01 10:59:36.550,1.628,1.62865,1.60,6.40
2009.07.01 10:59:38.399,1.62805,1.6286,1.20,1.60
2009.07.01 10:59:38.579,1.6281,1.6286,1.60,1.60
2009.07.01 10:59:38.810,1.6281,1.6286,1.60,4.80
2009.07.01 10:59:39.269,1.628,1.6285,3.20,1.60
2009.07.01 10:59:39.609,1.628,1.6285,1.60,1.60
2009.07.01 10:59:42.758,1.62805,1.6285,1.20,1.60
2009.07.01 10:59:43.158,1.62805,1.62865,1.20,1.60
2009.07.01 10:59:43.448,1.62805,1.62875,1.20,3.20
2009.07.01 10:59:43.568,1.62805,1.6287,1.20,1.60
2009.07.01 10:59:44.188,1.6281,1.6287,1.00,1.60
2009.07.01 10:59:44.528,1.62805,1.62855,12.40,1.60
2009.07.01 10:59:44.877,1.628,1.62835,1.60,1.60
2009.07.01 10:59:45.167,1.6279,1.62835,1.60,1.60
2009.07.01 10:59:47.427,1.62785,1.6283,1.60,1.60
2009.07.01 10:59:47.667,1.62785,1.6282,1.60,1.60
2009.07.01 10:59:53.735,1.6277,1.6282,4.40,1.60
2009.07.01 10:59:53.915,1.6278,1.6282,1.20,1.60
2009.07.01 10:59:54.265,1.6278,1.6282,2.80,1.60
2009.07.01 10:59:55.885,1.62775,1.6282,2.80,1.60
2009.07.01 10:59:56.115,1.6278,1.6282,2.80,1.60
2009.07.01 10:59:56.535,1.62775,1.6282,2.80,1.60
2009.07.01 10:59:57.835,1.62775,1.6282,1.60,1.60
