2008.12.04 02:00:37.655,1.59275,1.5936,2.00,1.00
2008.12.04 02:00:41.904,1.59275,1.5936,2.00,2.40
2008.12.04 02:00:55.271,1.59265,1.5936,2.00,2.40
2008.12.04 02:00:58.210,1.59265,1.5935,2.00,2.20
2008.12.04 02:00:58.480,1.5926,1.5935,2.00,2.20
2008.12.04 02:01:01.799,1.5926,1.59345,2.00,2.20
2008.12.04 02:01:10.457,1.5926,1.59355,2.00,2.20
2008.12.04 02:01:10.727,1.59265,1.59355,2.00,2.20
2008.12.04 02:01:23.154,1.5926,1.59355,1.60,2.20
2008.12.04 02:01:23.324,1.5926,1.5934,1.60,2.20
2008.12.04 02:01:23.444,1.59255,1.5934,3.60,2.20
2008.12.04 02:01:23.664,1.59255,1.5934,2.00,2.20
2008.12.04 02:01:33.142,1.59255,1.5934,1.60,2.20
2008.12.04 02:01:33.312,1.59255,1.5933,1.60,2.20
2008.12.04 02:01:33.551,1.5925,1.59325,1.60,2.20
2008.12.04 02:01:33.721,1.5924,1.59325,2.00,2.20
2008.12.04 02:01:34.251,1.5925,1.59325,2.00,2.20
2008.12.04 02:01:34.421,1.5925,1.59335,2.00,2.20
2008.12.04 02:01:34.701,1.59255,1.59345,2.00,2.20
2008.12.04 02:01:40.160,1.5925,1.59345,2.00,2.20
2008.12.04 02:01:40.390,1.5925,1.59335,2.00,2.20
2008.12.04 02:01:40.610,1.5925,1.5929,1.60,2.20
2008.12.04 02:01:40.780,1.5924,1.5929,1.60,2.20
2008.12.04 02:01:40.950,1.5924,1.5929,1.60,2.20
2008.12.04 02:01:42.399,1.59235,1.59285,1.60,2.20
2008.12.04 02:01:42.620,1.5923,1.59275,1.00,2.20
2008.12.04 02:01:43.429,1.5923,1.59315,2.00,1.60
2008.12.04 02:01:43.649,1.5923,1.5932,2.00,2.20
2008.12.04 02:01:49.837,1.59235,1.5933,2.00,2.20
2008.12.04 02:01:50.517,1.5926,1.5933,2.00,2.20
2008.12.04 02:01:50.867,1.5925,1.5933,1.60,2.20
2008.12.04 02:01:51.217,1.5925,1.5933,1.60,2.20
2008.12.04 02:01:51.437,1.5923,1.59345,1.80,2.20
2008.12.04 02:01:51.727,1.5923,1.59345,1.00,2.20
2008.12.04 02:01:52.077,1.5923,1.5932,1.80,2.20
2008.12.04 02:01:52.367,1.5923,1.5932,1.60,2.20
2008.12.04 02:01:53.057,1.59235,1.5932,2.00,2.20
2008.12.04 02:01:53.407,1.5923,1.5931,3.60,2.20
2008.12.04 02:01:53.687,1.5923,1.5931,2.00,2.20
2008.12.04 02:01:54.376,1.5923,1.5931,3.60,2.20
2008.12.04 02:01:56.457,1.5923,1.593,2.00,2.20
2008.12.04 02:01:56.746,1.5923,1.593,1.60,2.20
2008.12.04 02:01:57.496,1.5923,1.593,1.00,2.20
2008.12.04 02:01:57.666,1.5923,1.593,2.00,2.20
2008.12.04 02:01:57.845,1.5923,1.5931,2.00,2.20
2008.12.04 02:01:58.065,1.5924,1.5931,1.60,2.20
2008.12.04 02:01:58.415,1.5923,1.5931,3.60,2.20
2008.12.04 02:02:08.833,1.5924,1.5931,2.00,2.20
2008.12.04 02:02:09.113,1.5924,1.5933,2.00,2.20
2008.12.04 02:02:43.774,1.59235,1.5933,3.60,2.20
2008.12.04 02:02:47.663,1.59235,1.5932,3.60,2.20
2008.12.04 02:02:47.994,1.59235,1.5932,1.60,2.20
2008.12.04 02:02:48.283,1.5923,1.5932,2.00,2.20
2008.12.04 02:02:50.863,1.5923,1.5931,2.00,2.20
2008.12.04 02:02:51.103,1.5923,1.5931,1.00,2.20
2008.12.04 02:02:51.843,1.5923,1.59305,1.00,2.20
2008.12.04 02:02:53.473,1.5923,1.59295,1.00,2.20
2008.12.04 02:02:54.042,1.5923,1.59305,1.00,2.20
2008.12.04 02:02:58.921,1.5923,1.5931,1.00,2.20
2008.12.04 02:03:17.366,1.5923,1.59305,1.00,2.20
2008.12.04 02:03:18.327,1.5923,1.59295,1.00,2.20
2008.12.04 02:03:20.406,1.5923,1.5928,1.00,2.20
2008.12.04 02:03:20.576,1.5923,1.59275,1.00,2.20
2008.12.04 02:03:20.736,1.5923,1.59295,1.00,2.20
2008.12.04 02:03:27.424,1.5923,1.59285,1.00,2.20
2008.12.04 02:03:31.874,1.5923,1.5928,1.00,2.20
2008.12.04 02:03:32.283,1.5923,1.59275,1.00,2.20
2008.12.04 02:03:32.882,1.5923,1.5927,1.00,2.20
2008.12.04 02:03:46.359,1.5923,1.59275,1.00,2.20
2008.12.04 02:03:47.989,1.5923,1.5928,1.00,2.20
2008.12.04 02:03:51.258,1.5923,1.5928,1.60,2.20
2008.12.04 02:03:52.378,1.59235,1.5928,1.60,2.20
2008.12.04 02:03:53.477,1.5924,1.5928,1.60,2.20
2008.12.04 02:03:55.977,1.5924,1.5929,1.60,2.20
2008.12.04 02:03:56.217,1.59245,1.5929,1.60,2.20
2008.12.04 02:03:56.727,1.5923,1.5928,1.00,2.20
2008.12.04 02:03:57.297,1.5924,1.5928,1.60,2.20
2008.12.04 02:03:58.446,1.5924,1.5929,1.60,2.20
2008.12.04 02:03:58.806,1.59245,1.5929,1.60,2.20
2008.12.04 02:03:58.986,1.5924,1.59275,1.60,2.20
2008.12.04 02:03:59.516,1.5923,1.59275,1.00,2.20
2008.12.04 02:04:00.536,1.5924,1.59275,1.60,2.20
2008.12.04 02:04:00.876,1.5924,1.5929,1.60,2.20
2008.12.04 02:04:01.266,1.5923,1.5929,1.00,2.20
2008.12.04 02:04:01.766,1.59245,1.5929,1.60,2.20
2008.12.04 02:04:01.945,1.59245,1.59305,1.60,2.20
2008.12.04 02:04:05.574,1.5925,1.59305,1.60,2.20
2008.12.04 02:04:07.344,1.5925,1.59295,1.60,2.20
2008.12.04 02:04:07.564,1.5925,1.5929,1.60,2.20
2008.12.04 02:04:10.174,1.5925,1.59295,1.60,2.20
2008.12.04 02:04:10.463,1.59265,1.59295,1.60,2.20
2008.12.04 02:04:17.382,1.5927,1.59295,1.60,2.20
2008.12.04 02:04:20.841,1.5925,1.5929,1.60,2.20
2008.12.04 02:04:21.131,1.5925,1.593,1.60,2.20
2008.12.04 02:04:21.581,1.5925,1.5931,1.60,2.20
2008.12.04 02:04:21.701,1.59255,1.5931,1.60,2.20
2008.12.04 02:04:22.990,1.5925,1.5931,3.60,2.20
2008.12.04 02:04:23.351,1.59275,1.59315,1.60,2.20
2008.12.04 02:04:50.334,1.59285,1.59315,1.60,2.20
2008.12.04 02:05:13.938,1.59275,1.59315,1.60,2.20
2008.12.04 02:05:14.798,1.5927,1.59305,1.60,2.20
2008.12.04 02:05:17.267,1.5927,1.5931,1.60,2.20
2008.12.04 02:05:17.487,1.5928,1.59315,1.60,2.20
2008.12.04 02:05:17.547,1.59285,1.59315,1.60,2.20
2008.12.04 02:05:22.396,1.59275,1.59315,1.60,2.20
2008.12.04 02:05:24.705,1.59275,1.59305,1.60,2.20
2008.12.04 02:05:24.875,1.5927,1.59305,1.60,2.20
2008.12.04 02:05:27.905,1.5927,1.59315,1.60,2.20
2008.12.04 02:05:28.145,1.59275,1.59315,1.60,2.20
2008.12.04 02:05:31.804,1.59275,1.59305,1.60,2.20
2008.12.04 02:05:31.984,1.5927,1.59305,1.60,2.20
2008.12.04 02:05:34.463,1.5927,1.59315,1.60,2.20
2008.12.04 02:05:34.583,1.59285,1.59315,1.60,2.20
2008.12.04 02:05:36.643,1.59285,1.5931,1.60,2.20
2008.12.04 02:05:36.873,1.5928,1.5931,1.60,2.20
2008.12.04 02:05:39.762,1.59285,1.59315,1.60,2.20
2008.12.04 02:06:03.856,1.59285,1.5931,1.60,2.20
2008.12.04 02:06:03.966,1.5928,1.5931,1.60,2.20
2008.12.04 02:06:08.435,1.5927,1.5931,1.60,2.20
2008.12.04 02:06:08.545,1.5927,1.59305,1.60,2.20
2008.12.04 02:06:14.503,1.5928,1.5931,1.60,2.20
2008.12.04 02:06:16.963,1.5928,1.5932,1.60,2.20
2008.12.04 02:06:17.133,1.59295,1.5932,1.60,2.20
2008.12.04 02:06:29.790,1.593,1.5933,1.60,2.20
2008.12.04 02:06:30.140,1.5925,1.5933,1.60,2.20
2008.12.04 02:06:30.699,1.59245,1.5933,6.80,2.20
2008.12.04 02:06:30.869,1.59245,1.5933,5.20,2.20
2008.12.04 02:06:31.039,1.59245,1.5933,3.60,2.20
2008.12.04 02:06:31.559,1.59245,1.5933,1.60,2.20
2008.12.04 02:06:32.189,1.5927,1.5933,1.60,2.20
2008.12.04 02:06:35.388,1.5927,1.5932,1.60,2.20
2008.12.04 02:06:35.508,1.59265,1.5932,1.60,2.20
2008.12.04 02:06:42.507,1.59265,1.5931,1.60,2.20
2008.12.04 02:06:42.567,1.59255,1.5931,1.60,2.20
2008.12.04 02:06:42.987,1.59265,1.5932,1.60,2.20
2008.12.04 02:06:43.407,1.59265,1.5933,1.60,2.20
2008.12.04 02:06:43.646,1.5927,1.5933,1.60,2.20
2008.12.04 02:06:45.446,1.5927,1.5931,1.60,2.20
2008.12.04 02:06:45.566,1.59255,1.5931,1.60,2.20
2008.12.04 02:06:46.006,1.59255,1.5932,1.60,2.20
2008.12.04 02:06:46.116,1.59265,1.5932,1.60,2.20
2008.12.04 02:06:47.445,1.59265,1.5933,1.60,2.20
2008.12.04 02:06:48.675,1.59265,1.5931,1.60,2.20
2008.12.04 02:06:48.835,1.59255,1.5931,1.60,2.20
2008.12.04 02:06:50.635,1.5926,1.5931,1.60,2.20
2008.12.04 02:06:50.805,1.5926,1.5932,1.60,2.20
2008.12.04 02:06:51.155,1.5926,1.5933,1.60,2.20
2008.12.04 02:06:54.314,1.5926,1.59335,1.60,2.20
2008.12.04 02:07:01.532,1.5926,1.59325,1.60,2.20
2008.12.04 02:07:02.162,1.5926,1.59335,1.60,2.20
2008.12.04 02:07:14.749,1.59255,1.59335,1.60,2.20
2008.12.04 02:07:28.496,1.5923,1.59335,5.20,2.20
2008.12.04 02:07:34.104,1.5923,1.59335,3.20,2.20
2008.12.04 02:07:34.384,1.59235,1.59335,1.60,2.20
2008.12.04 02:07:34.444,1.59235,1.59325,1.60,2.20
2008.12.04 02:07:34.614,1.5923,1.59325,1.60,2.20
2008.12.04 02:07:40.882,1.5923,1.59325,2.00,2.20
2008.12.04 02:07:40.993,1.5923,1.59335,2.00,2.20
2008.12.04 02:07:41.292,1.5923,1.59335,3.60,2.20
2008.12.04 02:07:45.001,1.5923,1.59335,5.20,2.20
2008.12.04 02:07:50.810,1.59245,1.59335,1.60,2.20
2008.12.04 02:07:53.200,1.59245,1.5933,1.60,2.20
2008.12.04 02:07:53.421,1.59235,1.5933,3.60,2.20
2008.12.04 02:07:53.530,1.5924,1.5933,1.60,2.20
2008.12.04 02:07:55.059,1.5924,1.59325,1.60,2.20
2008.12.04 02:07:55.229,1.5923,1.59325,1.60,2.20
2008.12.04 02:08:03.337,1.5923,1.5933,1.60,2.20
2008.12.04 02:08:03.507,1.5924,1.5933,1.60,2.20
2008.12.04 02:08:27.381,1.59235,1.5933,3.60,2.20
2008.12.04 02:08:27.665,1.59235,1.59335,5.20,2.20
2008.12.04 02:08:27.831,1.5924,1.5934,3.20,2.20
2008.12.04 02:08:27.941,1.5924,1.5934,3.60,2.20
2008.12.04 02:08:29.001,1.5924,1.59335,3.60,2.20
2008.12.04 02:08:29.171,1.59245,1.59335,1.60,2.20
2008.12.04 02:08:34.989,1.5924,1.59335,3.60,2.20
2008.12.04 02:08:35.229,1.59255,1.59355,1.60,2.20
2008.12.04 02:08:37.959,1.59255,1.5936,1.60,1.00
2008.12.04 02:08:38.488,1.59255,1.5936,2.00,1.00
2008.12.04 02:08:38.669,1.5926,1.5936,3.20,1.00
2008.12.04 02:08:40.118,1.59255,1.5936,2.00,1.00
2008.12.04 02:08:40.358,1.5925,1.5936,4.80,1.00
2008.12.04 02:08:40.538,1.5925,1.5936,3.20,1.00
2008.12.04 02:08:42.068,1.59255,1.5936,2.00,1.00
2008.12.04 02:08:42.238,1.59255,1.5936,3.60,1.00
2008.12.04 02:08:42.577,1.5926,1.5936,2.00,1.00
2008.12.04 02:08:43.037,1.59255,1.5936,5.20,1.00
2008.12.04 02:08:43.277,1.59255,1.5936,3.60,1.00
2008.12.04 02:08:44.707,1.5926,1.5936,1.60,1.00
2008.12.04 02:08:44.937,1.59245,1.5936,1.60,1.00
2008.12.04 02:08:47.437,1.5925,1.5936,1.60,1.00
2008.12.04 02:08:48.076,1.59255,1.5936,3.60,1.00
2008.12.04 02:08:52.125,1.5926,1.5936,1.60,1.00
2008.12.04 02:08:52.245,1.59245,1.5936,1.60,1.00
2008.12.04 02:08:53.415,1.59245,1.5936,3.60,1.00
2008.12.04 02:08:53.585,1.5925,1.5936,1.60,1.00
2008.12.04 02:09:01.373,1.59255,1.5936,1.60,2.40
2008.12.04 02:09:01.733,1.5925,1.5936,1.60,1.00
2008.12.04 02:09:14.380,1.59245,1.5936,3.60,1.00
2008.12.04 02:09:14.660,1.59245,1.5936,1.60,1.00
2008.12.04 02:09:22.388,1.59245,1.5935,1.60,2.20
2008.12.04 02:09:22.548,1.59235,1.5935,1.60,2.20
2008.12.04 02:09:29.066,1.5924,1.5935,1.60,2.20
2008.12.04 02:09:29.177,1.5924,1.5935,3.20,2.20
2008.12.04 02:09:52.061,1.59245,1.5935,1.60,2.20
2008.12.04 02:10:22.143,1.5924,1.5935,3.20,2.20
2008.12.04 02:10:22.313,1.5924,1.59355,3.20,2.20
2008.12.04 02:10:22.434,1.59255,1.59355,1.60,2.20
2008.12.04 02:10:37.650,1.59255,1.59355,2.00,2.20
2008.12.04 02:10:37.870,1.59255,1.5936,2.00,1.00
2008.12.04 02:10:37.990,1.59255,1.5936,3.60,1.00
2008.12.04 02:10:44.128,1.59255,1.5936,5.20,1.00
2008.12.04 02:10:47.967,1.5926,1.5936,2.00,1.00
2008.12.04 02:10:48.207,1.5927,1.5936,1.60,1.00
2008.12.04 02:10:52.196,1.5926,1.5936,1.60,1.00
2008.12.04 02:10:54.406,1.5926,1.5936,3.60,1.00
2008.12.04 02:10:54.676,1.5927,1.5936,1.60,1.00
2008.12.04 02:11:08.982,1.5926,1.5936,3.20,1.00
2008.12.04 02:11:18.870,1.5926,1.5936,5.20,1.00
2008.12.04 02:11:19.110,1.5927,1.5936,1.60,1.00
2008.12.04 02:11:40.215,1.5926,1.5936,3.60,1.00
2008.12.04 02:11:40.275,1.59265,1.5936,1.60,1.00
2008.12.04 02:12:07.688,1.5927,1.5936,1.60,1.00
2008.12.04 02:12:07.858,1.59265,1.5936,3.20,1.00
2008.12.04 02:12:08.098,1.5928,1.5936,1.60,1.00
2008.12.04 02:12:08.268,1.5927,1.5936,2.00,1.00
2008.12.04 02:12:08.618,1.59275,1.5936,1.60,1.00
2008.12.04 02:12:08.858,1.5928,1.5936,1.60,1.00
2008.12.04 02:12:26.493,1.5927,1.5936,3.60,1.00
2008.12.04 02:12:26.724,1.5928,1.5936,1.60,1.00
2008.12.04 02:12:39.110,1.59275,1.5936,3.20,1.00
2008.12.04 02:12:39.220,1.59285,1.5936,1.60,1.00
2008.12.04 02:13:30.088,1.59275,1.5936,1.60,1.00
2008.12.04 02:13:50.233,1.5926,1.5936,3.20,1.00
2008.12.04 02:13:52.323,1.59275,1.5936,1.60,1.00
2008.12.04 02:13:54.312,1.5926,1.5936,3.20,1.00
2008.12.04 02:13:54.482,1.59265,1.5936,2.00,1.00
2008.12.04 02:13:54.782,1.59275,1.5936,1.60,1.00
2008.12.04 02:13:55.672,1.59265,1.5936,2.00,1.00
2008.12.04 02:13:56.752,1.59275,1.5936,1.60,1.00
2008.12.04 02:14:08.629,1.59265,1.5936,2.00,1.00
2008.12.04 02:14:09.049,1.59275,1.5936,1.60,1.00
2008.12.04 02:14:10.878,1.59265,1.5936,2.00,1.00
2008.12.04 02:14:11.338,1.59275,1.5936,1.60,1.00
2008.12.04 02:14:33.773,1.5927,1.5936,1.60,1.00
2008.12.04 02:14:38.802,1.59265,1.5936,3.60,1.00
2008.12.04 02:14:38.912,1.59275,1.5936,1.60,1.00
2008.12.04 02:15:10.164,1.5927,1.5936,1.60,1.00
2008.12.04 02:15:18.802,1.5927,1.5936,1.60,1.00
2008.12.04 02:15:40.606,1.59265,1.5936,3.60,1.00
2008.12.04 02:15:40.777,1.59275,1.5936,1.60,1.00
2008.12.04 02:15:45.445,1.5928,1.5936,2.00,1.00
2008.12.04 02:15:45.716,1.5927,1.5936,4.80,1.00
2008.12.04 02:15:45.775,1.5929,1.5936,1.60,1.00
2008.12.04 02:15:45.995,1.5927,1.5936,3.20,1.00
2008.12.04 02:15:46.175,1.59275,1.5936,1.60,1.00
2008.12.04 02:15:50.404,1.5927,1.5936,1.60,1.00
2008.12.04 02:15:52.494,1.59265,1.5936,1.60,1.00
2008.12.04 02:15:54.073,1.5926,1.5936,3.20,1.00
2008.12.04 02:15:54.253,1.5927,1.5936,1.60,1.00
2008.12.04 02:15:56.203,1.5927,1.5936,3.20,1.00
2008.12.04 02:15:56.383,1.5929,1.5936,1.60,1.00
2008.12.04 02:15:58.412,1.5927,1.5936,3.20,1.00
2008.12.04 02:15:58.862,1.59275,1.5936,1.60,1.00
2008.12.04 02:15:59.042,1.5929,1.5936,3.60,1.00
2008.12.04 02:15:59.332,1.59295,1.5936,1.60,1.00
2008.12.04 02:15:59.572,1.59295,1.5936,3.60,1.00
2008.12.04 02:15:59.812,1.59305,1.5936,3.60,1.00
2008.12.04 02:16:00.282,1.59305,1.5936,5.20,1.00
2008.12.04 02:16:00.982,1.5931,1.5936,2.00,1.00
2008.12.04 02:16:02.181,1.59305,1.5936,3.20,1.00
2008.12.04 02:16:02.351,1.59305,1.5936,1.60,1.00
2008.12.04 02:16:02.531,1.59295,1.5936,3.60,1.00
2008.12.04 02:16:02.711,1.59295,1.5936,1.60,1.00
2008.12.04 02:16:05.501,1.59285,1.5936,3.20,1.00
2008.12.04 02:16:05.671,1.59285,1.5936,1.60,1.00
2008.12.04 02:16:06.311,1.59275,1.5936,1.60,1.00
2008.12.04 02:16:11.779,1.5928,1.5936,1.60,1.00
2008.12.04 02:16:12.729,1.59285,1.5936,1.60,1.00
2008.12.04 02:16:13.779,1.59285,1.5936,3.20,1.00
2008.12.04 02:16:25.946,1.59295,1.5936,2.00,1.00
2008.12.04 02:16:26.006,1.593,1.5936,1.60,1.00
2008.12.04 02:16:40.742,1.59325,1.5936,1.60,1.00
2008.12.04 02:16:57.608,1.5932,1.5936,1.60,1.00
2008.12.04 02:17:06.186,1.59315,1.5936,1.60,1.00
2008.12.04 02:17:44.397,1.5932,1.5936,1.60,1.00
2008.12.04 02:18:03.772,1.59315,1.5936,1.60,1.00
2008.12.04 02:18:11.450,1.593,1.5936,1.60,1.00
2008.12.04 02:18:20.698,1.59295,1.5936,1.60,1.00
2008.12.04 02:18:21.048,1.593,1.5936,1.60,1.00
2008.12.04 02:18:21.608,1.59295,1.5936,1.60,1.00
2008.12.04 02:18:22.757,1.5928,1.5936,1.60,1.00
2008.12.04 02:18:27.426,1.5929,1.5936,1.60,1.00
2008.12.04 02:18:30.126,1.59295,1.5936,1.60,1.00
2008.12.04 02:18:30.356,1.59305,1.5936,1.60,1.00
2008.12.04 02:18:30.645,1.59315,1.5936,1.60,1.00
2008.12.04 02:18:30.975,1.593,1.5936,1.60,1.00
2008.12.04 02:18:32.245,1.59305,1.5936,1.60,1.00
2008.12.04 02:18:50.941,1.5928,1.5936,1.60,1.00
2008.12.04 02:18:51.230,1.5929,1.5936,1.60,1.00
2008.12.04 02:18:58.329,1.59295,1.5936,3.20,1.00
2008.12.04 02:18:58.609,1.5931,1.5936,1.60,1.00
2008.12.04 02:18:59.019,1.59315,1.5936,1.60,1.00
2008.12.04 02:18:59.808,1.5931,1.5936,1.60,1.00
2008.12.04 02:19:12.265,1.59305,1.5936,1.60,1.00
2008.12.04 02:19:14.845,1.59315,1.5936,1.60,1.00
2008.12.04 02:19:15.765,1.5932,1.5936,1.60,1.00
2008.12.04 02:19:21.183,1.59325,1.5936,1.60,1.00
2008.12.04 02:19:22.233,1.5933,1.5936,1.60,1.00
2008.12.04 02:19:22.463,1.5934,1.5936,1.60,1.00
2008.12.04 02:19:24.312,1.59345,1.5936,1.60,1.00
2008.12.04 02:19:26.132,1.59345,1.5944,1.60,4.60
2008.12.04 02:19:35.120,1.5934,1.5944,1.60,6.20
2008.12.04 02:19:35.500,1.5933,1.5943,1.60,1.60
2008.12.04 02:19:35.680,1.5933,1.5936,1.60,1.00
2008.12.04 02:19:46.937,1.5932,1.5936,1.60,1.00
2008.12.04 02:20:35.785,1.59305,1.5936,1.60,1.00
2008.12.04 02:20:40.264,1.59315,1.5936,1.60,1.00
2008.12.04 02:20:41.454,1.59295,1.5936,3.20,1.00
2008.12.04 02:20:41.574,1.593,1.5936,1.60,1.00
2008.12.04 02:21:00.849,1.5929,1.5936,6.00,1.00
2008.12.04 02:21:01.029,1.5929,1.5936,4.00,1.00
2008.12.04 02:21:04.458,1.59295,1.5936,2.00,1.00
2008.12.04 02:21:04.638,1.59295,1.5936,3.60,1.00
2008.12.04 02:21:04.868,1.59305,1.5936,1.60,1.00
2008.12.04 02:21:05.778,1.59295,1.5936,3.20,1.00
2008.12.04 02:21:09.237,1.59295,1.5936,1.60,1.00
2008.12.04 02:21:09.297,1.5929,1.5936,5.60,1.00
2008.12.04 02:21:11.926,1.5929,1.5936,7.60,1.00
2008.12.04 02:21:12.396,1.5929,1.5936,6.00,1.00
2008.12.04 02:21:13.386,1.59305,1.5936,1.60,1.00
2008.12.04 02:21:44.129,1.59295,1.5936,1.60,1.00
2008.12.04 02:21:44.299,1.5929,1.5936,5.60,1.00
2008.12.04 02:21:46.658,1.593,1.5936,1.60,1.00
2008.12.04 02:22:33.237,1.5929,1.5936,3.60,1.00
2008.12.04 02:22:33.586,1.5929,1.5936,2.00,1.00
2008.12.04 02:22:33.697,1.59285,1.5936,3.20,1.00
2008.12.04 02:22:34.216,1.5929,1.5936,2.00,1.00
2008.12.04 02:22:34.556,1.593,1.5936,1.60,1.00
2008.12.04 02:22:53.702,1.59315,1.5936,1.60,1.00
2008.12.04 02:23:01.990,1.5932,1.5936,1.60,1.00
2008.12.04 02:23:13.297,1.59325,1.5936,1.60,1.00
2008.12.04 02:23:21.505,1.5933,1.5936,1.60,1.00
2008.12.04 02:23:22.145,1.5934,1.5936,1.60,1.00
2008.12.04 02:23:22.605,1.59345,1.5936,1.60,1.00
2008.12.04 02:23:24.324,1.59345,1.59445,1.60,3.80
2008.12.04 02:23:24.544,1.59345,1.5936,1.60,1.00
2008.12.04 02:23:28.433,1.5934,1.5936,1.60,1.00
2008.12.04 02:23:28.723,1.5934,1.5937,1.60,1.00
2008.12.04 02:23:29.003,1.5933,1.5936,1.60,1.00
2008.12.04 02:23:33.052,1.59335,1.5936,1.60,1.00
2008.12.04 02:23:33.812,1.5934,1.5936,1.60,1.00
2008.12.04 02:23:40.990,1.5934,1.5937,1.60,1.00
2008.12.04 02:23:58.766,1.5934,1.5936,1.60,1.00
2008.12.04 02:23:58.936,1.5932,1.5936,1.60,1.00
2008.12.04 02:24:11.343,1.59315,1.5936,1.60,1.00
2008.12.04 02:24:44.995,1.593,1.5936,1.60,1.00
2008.12.04 02:24:50.253,1.5929,1.5936,2.40,1.00
2008.12.04 02:24:51.573,1.5929,1.5936,4.00,1.00
2008.12.04 02:24:51.913,1.593,1.5936,1.60,1.00
2008.12.04 02:24:52.093,1.5929,1.5936,4.00,1.00
2008.12.04 02:24:52.213,1.5929,1.5936,6.00,1.00
2008.12.04 02:24:56.762,1.5929,1.5936,4.00,1.00
2008.12.04 02:24:57.062,1.5929,1.5936,2.40,1.00
2008.12.04 02:25:17.067,1.5929,1.5936,2.40,2.40
2008.12.04 02:25:17.598,1.5929,1.5936,2.40,1.00
2008.12.04 02:25:40.401,1.5929,1.5935,2.40,2.20
2008.12.04 02:25:48.589,1.5929,1.59345,2.40,2.20
2008.12.04 02:25:51.239,1.5929,1.5935,2.40,2.20
2008.12.04 02:25:51.579,1.5929,1.5936,2.40,1.00
2008.12.04 02:25:55.418,1.5929,1.5935,2.40,2.20
2008.12.04 02:25:56.038,1.5929,1.5936,2.40,1.60
2008.12.04 02:25:56.328,1.5929,1.5936,2.40,1.00
2008.12.04 02:25:58.907,1.5929,1.5935,2.40,2.20
2008.12.04 02:26:03.676,1.5929,1.59345,2.40,2.20
2008.12.04 02:26:04.506,1.5929,1.5935,2.40,2.20
2008.12.04 02:26:06.235,1.5929,1.59355,2.40,2.20
2008.12.04 02:26:06.735,1.5929,1.5935,2.40,2.20
2008.12.04 02:26:43.416,1.5929,1.5934,2.40,2.20
2008.12.04 02:26:47.855,1.5929,1.5933,2.40,2.20
2008.12.04 02:26:54.893,1.5929,1.5934,2.40,2.20
2008.12.04 02:26:56.033,1.5929,1.5935,2.40,3.80
2008.12.04 02:26:56.213,1.5929,1.5935,2.40,2.20
2008.12.04 02:27:42.752,1.5929,1.59355,2.40,3.80
2008.12.04 02:27:42.992,1.5929,1.59355,2.40,2.20
2008.12.04 02:28:04.327,1.5929,1.5935,2.40,2.20
2008.12.04 02:28:44.127,1.5929,1.5935,1.00,2.20
2008.12.04 02:29:04.042,1.5929,1.5934,2.40,2.20
2008.12.04 02:29:04.632,1.5929,1.5933,2.40,2.20
2008.12.04 02:29:06.961,1.5929,1.59325,2.40,2.20
2008.12.04 02:29:07.141,1.5929,1.5932,2.40,2.20
2008.12.04 02:29:14.350,1.5929,1.59315,2.40,2.20
2008.12.04 02:29:21.538,1.5929,1.5932,2.40,2.20
2008.12.04 02:29:21.888,1.5929,1.59325,2.40,2.20
2008.12.04 02:29:25.677,1.5929,1.5932,2.40,2.20
2008.12.04 02:29:36.654,1.5929,1.5931,2.40,2.20
2008.12.04 02:29:42.323,1.5929,1.5932,2.40,2.20
2008.12.04 02:29:45.562,1.5929,1.59325,2.40,2.20
2008.12.04 02:29:47.192,1.5923,1.5928,3.20,2.20
2008.12.04 02:29:50.501,1.59225,1.5928,1.60,2.20
2008.12.04 02:29:50.791,1.59225,1.59315,1.60,1.40
2008.12.04 02:29:50.851,1.5929,1.59325,1.00,2.20
2008.12.04 02:29:50.911,1.5929,1.59325,2.40,2.20
2008.12.04 02:30:25.013,1.5929,1.5933,2.40,1.60
2008.12.04 02:30:25.812,1.5929,1.59335,2.40,1.60
2008.12.04 02:30:27.352,1.5929,1.59345,2.40,1.60
2008.12.04 02:30:28.822,1.5929,1.5933,2.40,2.20
2008.12.04 02:30:29.172,1.5929,1.59355,2.40,1.60
2008.12.04 02:30:31.541,1.5929,1.5934,2.40,2.20
2008.12.04 02:30:51.386,1.5929,1.59345,2.40,2.20
2008.12.04 02:30:59.024,1.5929,1.5935,2.40,2.20
2008.12.04 02:30:59.324,1.5929,1.5936,2.40,1.00
2008.12.04 02:31:01.784,1.5929,1.5935,2.40,2.20
2008.12.04 02:31:02.024,1.5929,1.59355,2.40,2.20
2008.12.04 02:31:06.143,1.5929,1.59355,1.60,2.20
2008.12.04 02:31:06.373,1.59245,1.59355,3.60,2.20
2008.12.04 02:31:12.721,1.5925,1.59355,1.60,2.20
2008.12.04 02:31:12.891,1.59255,1.5936,2.00,1.00
2008.12.04 02:31:13.061,1.59255,1.5936,3.60,1.00
2008.12.04 02:31:13.231,1.59255,1.5936,5.20,1.00
2008.12.04 02:31:19.519,1.59255,1.5936,3.20,1.00
2008.12.04 02:31:19.689,1.5926,1.5936,1.60,1.00
2008.12.04 02:31:19.809,1.5925,1.5932,1.60,2.20
2008.12.04 02:31:21.379,1.59245,1.5933,3.20,2.20
2008.12.04 02:31:21.499,1.5925,1.5934,3.60,2.20
2008.12.04 02:31:21.709,1.5926,1.5934,1.60,2.20
2008.12.04 02:31:22.629,1.5925,1.5934,5.20,2.20
2008.12.04 02:31:27.237,1.5926,1.59355,4.80,2.20
2008.12.04 02:31:27.577,1.5926,1.59355,6.40,2.20
2008.12.04 02:31:28.147,1.5926,1.59345,6.40,2.20
2008.12.04 02:31:28.317,1.5926,1.59345,4.80,2.20
2008.12.04 02:31:28.478,1.5926,1.59345,6.80,2.20
2008.12.04 02:31:28.707,1.5927,1.59345,1.60,2.20
2008.12.04 02:31:29.497,1.59275,1.59345,1.60,2.20
2008.12.04 02:31:30.377,1.5928,1.59345,1.60,2.20
2008.12.04 02:31:31.207,1.59285,1.59345,1.60,2.20
2008.12.04 02:31:31.657,1.5926,1.59345,5.20,2.20
2008.12.04 02:31:32.746,1.5928,1.59345,1.60,2.20
2008.12.04 02:31:44.533,1.59285,1.59345,1.60,2.20
2008.12.04 02:32:14.496,1.59285,1.59335,1.60,2.20
2008.12.04 02:32:14.846,1.5928,1.59325,2.40,2.20
2008.12.04 02:32:18.275,1.5928,1.59335,4.00,2.20
2008.12.04 02:32:30.172,1.5928,1.59325,2.40,2.20
2008.12.04 02:32:33.192,1.5928,1.5932,2.40,2.20
2008.12.04 02:32:35.161,1.5928,1.59335,2.40,1.40
2008.12.04 02:32:35.401,1.5928,1.5932,2.40,2.20
2008.12.04 02:32:35.571,1.5928,1.59315,2.40,2.20
2008.12.04 02:32:35.861,1.5928,1.59305,2.40,2.20
2008.12.04 02:32:36.091,1.5928,1.5932,2.40,2.20
2008.12.04 02:32:36.311,1.5928,1.5931,2.40,2.20
2008.12.04 02:32:36.481,1.5928,1.59305,2.40,2.20
2008.12.04 02:32:50.447,1.5928,1.59295,2.40,2.20
2008.12.04 02:32:53.457,1.5928,1.5929,2.40,2.20
2008.12.04 02:32:53.747,1.5928,1.59295,2.40,2.20
2008.12.04 02:33:13.612,1.5928,1.59315,2.40,1.40
2008.12.04 02:33:13.912,1.5928,1.5933,2.40,2.20
2008.12.04 02:33:15.121,1.5928,1.5932,2.40,2.20
2008.12.04 02:33:42.345,1.5928,1.59315,2.40,2.20
2008.12.04 02:33:42.465,1.5928,1.59325,2.40,2.20
2008.12.04 02:33:43.255,1.5928,1.59335,2.40,2.20
2008.12.04 02:33:59.441,1.5928,1.59325,2.40,2.20
2008.12.04 02:34:22.055,1.5928,1.59335,2.40,2.20
2008.12.04 02:34:38.331,1.5929,1.59335,1.60,2.20
2008.12.04 02:34:38.451,1.5929,1.5934,1.60,2.20
2008.12.04 02:35:14.033,1.5928,1.5934,4.00,2.20
2008.12.04 02:35:14.143,1.5928,1.5933,4.00,2.20
2008.12.04 02:35:18.082,1.5928,1.59325,4.00,2.20
2008.12.04 02:35:18.192,1.5928,1.59325,2.40,2.20
2008.12.04 02:35:18.812,1.5928,1.5932,2.40,2.20
2008.12.04 02:35:20.511,1.5928,1.59315,2.40,2.20
2008.12.04 02:35:20.861,1.5928,1.5931,2.40,2.20
2008.12.04 02:35:21.031,1.5928,1.59305,2.40,2.20
2008.12.04 02:35:23.391,1.5928,1.59315,2.40,2.20
2008.12.04 02:35:28.079,1.5928,1.5932,2.40,2.20
2008.12.04 02:35:32.718,1.5928,1.59315,2.40,2.20
2008.12.04 02:36:02.621,1.5928,1.5931,2.40,2.20
2008.12.04 02:36:04.281,1.5928,1.593,2.40,2.20
2008.12.04 02:36:05.120,1.5928,1.5929,2.40,2.20
2008.12.04 02:36:05.530,1.5922,1.5928,3.20,2.20
2008.12.04 02:36:06.110,1.5928,1.5929,2.40,2.20
2008.12.04 02:36:06.920,1.5928,1.59295,2.40,2.20
2008.12.04 02:36:10.219,1.5928,1.59285,2.40,2.70
2008.12.04 02:36:14.718,1.5928,1.593,2.40,3.40
2008.12.04 02:36:18.507,1.5928,1.59295,2.40,1.40
2008.12.04 02:36:20.147,1.5928,1.59335,2.40,2.20
2008.12.04 02:36:20.317,1.59295,1.59335,1.60,2.20
2008.12.04 02:36:20.607,1.59295,1.59355,3.20,1.60
2008.12.04 02:36:20.837,1.5932,1.59355,1.60,1.60
2008.12.04 02:36:21.007,1.5932,1.5936,1.60,1.60
2008.12.04 02:36:21.186,1.5932,1.59375,1.60,1.60
2008.12.04 02:36:21.306,1.5932,1.59385,1.60,1.60
2008.12.04 02:36:21.466,1.59325,1.59385,1.60,1.60
2008.12.04 02:36:21.647,1.59325,1.594,3.20,1.60
2008.12.04 02:36:21.706,1.59335,1.594,1.60,1.60
2008.12.04 02:36:21.826,1.59335,1.5941,3.20,1.60
2008.12.04 02:36:22.006,1.59345,1.5941,1.60,1.60
2008.12.04 02:36:22.236,1.59345,1.5942,3.20,1.60
2008.12.04 02:36:23.846,1.59345,1.59425,3.20,1.60
2008.12.04 02:36:24.086,1.5935,1.59425,1.60,1.60
2008.12.04 02:36:24.536,1.5934,1.59425,1.60,1.60
2008.12.04 02:36:24.756,1.5934,1.5943,1.60,1.60
2008.12.04 02:36:25.036,1.5929,1.5934,8.80,2.20
2008.12.04 02:36:25.315,1.59285,1.5934,1.60,2.20
2008.12.04 02:36:25.545,1.5928,1.59335,2.40,2.20
2008.12.04 02:36:27.855,1.5928,1.59325,2.40,2.20
2008.12.04 02:36:28.665,1.5928,1.59345,2.40,2.20
2008.12.04 02:36:29.015,1.5928,1.5935,2.40,2.20
2008.12.04 02:36:30.744,1.5928,1.59345,2.40,2.20
2008.12.04 02:36:33.774,1.5928,1.5935,2.40,2.20
2008.12.04 02:36:34.353,1.59285,1.59355,1.60,2.20
2008.12.04 02:36:36.533,1.59285,1.5936,1.60,2.20
2008.12.04 02:36:37.033,1.59285,1.59355,1.60,2.20
2008.12.04 02:36:39.912,1.5928,1.5935,2.40,2.20
2008.12.04 02:36:40.262,1.5928,1.59345,2.40,2.20
2008.12.04 02:36:42.021,1.5928,1.59345,4.00,2.20
2008.12.04 02:36:42.131,1.5928,1.59355,4.00,2.20
2008.12.04 02:36:42.241,1.5928,1.5935,2.40,2.20
2008.12.04 02:36:44.251,1.5928,1.5934,2.40,2.20
2008.12.04 02:36:45.960,1.5928,1.59335,2.40,2.20
2008.12.04 02:36:47.350,1.5928,1.5934,2.40,2.20
2008.12.04 02:36:52.699,1.5928,1.59335,2.40,2.20
2008.12.04 02:36:54.379,1.5928,1.5934,2.40,2.20
2008.12.04 02:36:57.088,1.5928,1.5934,4.00,2.20
2008.12.04 02:37:01.667,1.5928,1.5934,2.40,2.20
2008.12.04 02:37:06.515,1.5928,1.5934,4.00,2.20
2008.12.04 02:37:07.045,1.59285,1.5934,1.60,2.20
2008.12.04 02:37:09.965,1.5928,1.5934,2.40,2.20
2008.12.04 02:37:12.644,1.5928,1.5934,4.00,2.20
2008.12.04 02:37:20.272,1.5929,1.5935,1.60,2.20
2008.12.04 02:37:29.240,1.5929,1.59355,1.60,2.20
2008.12.04 02:37:45.096,1.5929,1.59345,1.60,2.20
2008.12.04 02:37:45.666,1.59295,1.59345,1.60,2.20
2008.12.04 02:37:45.786,1.59295,1.59355,1.60,2.20
2008.12.04 02:37:58.663,1.59295,1.59365,1.60,2.20
2008.12.04 02:37:58.783,1.593,1.59365,1.60,2.20
2008.12.04 02:38:00.602,1.59305,1.59365,1.60,2.20
2008.12.04 02:38:01.472,1.59305,1.59365,3.20,2.20
2008.12.04 02:38:10.730,1.5931,1.59365,1.60,2.20
2008.12.04 02:38:10.950,1.5932,1.5937,1.60,2.20
2008.12.04 02:38:12.060,1.59315,1.5937,3.20,2.20
2008.12.04 02:38:12.419,1.59315,1.5937,4.80,2.20
2008.12.04 02:38:12.529,1.59325,1.5937,1.60,2.20
2008.12.04 02:38:12.640,1.59325,1.5938,1.60,2.20
2008.12.04 02:38:13.049,1.5934,1.5938,1.60,2.20
2008.12.04 02:38:13.329,1.59345,1.594,1.60,2.20
2008.12.04 02:38:13.559,1.59335,1.59385,1.60,2.20
2008.12.04 02:38:14.069,1.59335,1.594,3.20,2.20
2008.12.04 02:38:14.299,1.59345,1.594,1.60,2.20
2008.12.04 02:38:14.599,1.59345,1.59415,1.60,2.20
2008.12.04 02:38:15.169,1.5935,1.59415,1.60,2.20
2008.12.04 02:38:20.298,1.59345,1.59405,1.60,2.20
2008.12.04 02:38:20.587,1.59345,1.594,1.60,2.20
2008.12.04 02:38:22.987,1.59345,1.59405,1.60,2.20
2008.12.04 02:38:23.097,1.5935,1.59405,1.60,2.20
2008.12.04 02:38:24.906,1.59355,1.59405,2.00,2.20
2008.12.04 02:38:25.076,1.59365,1.59405,1.60,2.20
2008.12.04 02:38:25.256,1.59365,1.5943,1.60,1.00
2008.12.04 02:38:25.426,1.59375,1.5943,1.60,1.00
2008.12.04 02:38:25.776,1.59385,1.5943,1.60,1.00
2008.12.04 02:38:32.785,1.59385,1.5943,3.20,1.00
2008.12.04 02:38:32.904,1.59395,1.5943,1.60,1.00
2008.12.04 02:38:33.344,1.59405,1.5943,1.60,1.00
2008.12.04 02:38:36.484,1.59405,1.5946,1.60,2.20
2008.12.04 02:38:40.873,1.59445,1.5949,1.60,1.40
2008.12.04 02:38:40.973,1.59465,1.5955,1.60,1.60
2008.12.04 02:38:41.083,1.5945,1.5955,3.20,1.60
2008.12.04 02:38:41.263,1.5945,1.59535,1.60,2.20
2008.12.04 02:38:41.743,1.59475,1.59575,1.60,1.60
2008.12.04 02:38:45.192,1.59465,1.5952,1.60,2.20
2008.12.04 02:38:45.601,1.59475,1.5953,1.60,2.20
2008.12.04 02:38:47.441,1.5948,1.5953,1.60,2.20
2008.12.04 02:38:51.950,1.59475,1.5953,1.60,2.20
2008.12.04 02:38:52.700,1.59475,1.5952,1.60,2.20
2008.12.04 02:38:52.800,1.59465,1.5952,1.60,2.20
2008.12.04 02:38:55.659,1.5946,1.5952,1.60,2.20
2008.12.04 02:39:04.327,1.59455,1.5952,1.60,2.20
2008.12.04 02:39:04.607,1.59455,1.5947,1.60,1.00
2008.12.04 02:39:04.837,1.59455,1.5947,1.60,2.40
2008.12.04 02:39:05.917,1.5945,1.5947,1.60,2.40
2008.12.04 02:39:09.386,1.59445,1.5947,1.60,2.40
2008.12.04 02:39:15.594,1.59445,1.5947,3.20,2.40
2008.12.04 02:39:17.554,1.5945,1.5947,1.60,2.40
2008.12.04 02:39:20.053,1.5942,1.5947,1.60,2.40
2008.12.04 02:39:25.432,1.59425,1.5947,1.60,2.40
2008.12.04 02:39:25.552,1.59435,1.5947,1.60,2.40
2008.12.04 02:39:33.130,1.5943,1.5947,3.20,2.40
2008.12.04 02:39:34.680,1.59425,1.5947,3.20,2.40
2008.12.04 02:39:35.429,1.5943,1.5947,1.60,2.40
2008.12.04 02:39:36.309,1.59435,1.5947,1.60,2.40
2008.12.04 02:39:56.564,1.59425,1.5947,1.60,2.40
2008.12.04 02:39:57.164,1.5942,1.5947,1.60,2.40
2008.12.04 02:39:58.144,1.59395,1.5947,3.20,4.60
2008.12.04 02:39:58.644,1.594,1.5947,1.60,4.60
2008.12.04 02:40:01.713,1.594,1.5946,1.60,2.20
2008.12.04 02:40:02.843,1.594,1.59455,1.60,2.20
2008.12.04 02:40:02.963,1.59375,1.59455,3.20,2.20
2008.12.04 02:40:03.253,1.5938,1.59455,1.60,2.20
2008.12.04 02:40:05.412,1.5937,1.59455,1.60,2.20
2008.12.04 02:40:06.552,1.59345,1.59455,3.20,2.20
2008.12.04 02:40:06.722,1.5935,1.59455,1.60,2.20
2008.12.04 02:40:07.082,1.5934,1.5943,1.60,2.20
2008.12.04 02:40:07.742,1.5934,1.5943,3.20,2.20
2008.12.04 02:40:07.852,1.5934,1.59445,3.20,2.20
2008.12.04 02:40:08.031,1.5935,1.59445,1.60,2.20
2008.12.04 02:40:08.201,1.59355,1.59455,1.60,2.20
2008.12.04 02:40:08.882,1.59355,1.59455,3.20,2.20
2008.12.04 02:40:09.112,1.59355,1.59455,4.80,2.20
2008.12.04 02:40:13.580,1.59365,1.59455,1.60,2.20
2008.12.04 02:40:13.761,1.5939,1.59455,1.60,2.20
2008.12.04 02:40:23.058,1.5939,1.5946,1.60,2.20
2008.12.04 02:40:23.178,1.594,1.5946,1.60,2.20
2008.12.04 02:40:26.127,1.594,1.5947,1.60,4.60
2008.12.04 02:40:39.934,1.594,1.5946,1.60,2.20
2008.12.04 02:41:27.302,1.59375,1.59445,1.60,2.20
2008.12.04 02:41:27.592,1.59375,1.5943,1.60,2.20
2008.12.04 02:41:27.772,1.5937,1.5943,1.60,2.20
2008.12.04 02:41:27.952,1.5937,1.59435,1.60,2.20
2008.12.04 02:41:28.512,1.59355,1.59445,1.60,2.20
2008.12.04 02:41:28.902,1.5938,1.59455,1.60,2.20
2008.12.04 02:41:34.581,1.59375,1.59455,1.60,2.20
2008.12.04 02:41:34.691,1.59375,1.59445,1.60,2.20
2008.12.04 02:41:38.900,1.59375,1.59435,1.60,2.20
2008.12.04 02:41:49.837,1.59375,1.59445,1.60,2.20
2008.12.04 02:41:53.096,1.59355,1.59445,1.60,2.20
2008.12.04 02:41:54.496,1.59375,1.59445,1.60,2.20
2008.12.04 02:41:55.126,1.59375,1.59435,1.60,2.20
2008.12.04 02:41:55.745,1.5935,1.59435,1.60,2.20
2008.12.04 02:41:57.845,1.59355,1.59445,1.60,2.20
2008.12.04 02:41:58.005,1.59375,1.59445,1.60,2.20
2008.12.04 02:42:19.020,1.59395,1.59455,1.60,2.20
2008.12.04 02:42:21.439,1.594,1.5946,1.60,2.20
2008.12.04 02:42:30.317,1.594,1.5947,1.60,4.60
2008.12.04 02:42:42.084,1.594,1.5947,1.60,4.60
2008.12.04 02:42:44.174,1.59395,1.5947,3.20,2.40
2008.12.04 02:42:44.344,1.5942,1.5947,1.60,2.40
2008.12.04 02:42:49.812,1.59415,1.5947,1.60,2.40
2008.12.04 02:42:50.312,1.59425,1.5947,1.60,2.40
2008.12.04 02:42:50.532,1.5945,1.5947,1.60,2.40
2008.12.04 02:42:53.202,1.5942,1.5947,1.60,2.40
2008.12.04 02:42:53.502,1.5941,1.5947,1.60,2.40
2008.12.04 02:42:58.260,1.5944,1.5947,1.60,2.40
2008.12.04 02:42:58.650,1.5943,1.5947,1.60,2.40
2008.12.04 02:43:00.060,1.5946,1.5947,1.60,2.40
2008.12.04 02:43:08.578,1.5947,1.5953,1.60,3.50
2008.12.04 02:43:09.048,1.5942,1.5947,1.60,2.40
2008.12.04 02:43:09.288,1.59415,1.5947,4.80,2.40
2008.12.04 02:43:09.578,1.5942,1.5947,1.60,2.40
2008.12.04 02:43:09.927,1.5941,1.5947,3.20,2.40
2008.12.04 02:43:10.487,1.5938,1.5947,1.60,2.40
2008.12.04 02:43:12.057,1.59405,1.5947,1.60,2.40
2008.12.04 02:43:12.767,1.59385,1.5947,1.60,2.40
2008.12.04 02:43:12.927,1.59405,1.5947,1.60,2.40
2008.12.04 02:43:13.497,1.594,1.5947,1.60,2.40
2008.12.04 02:43:13.547,1.5938,1.5947,1.60,2.40
2008.12.04 02:43:15.226,1.5938,1.5947,3.20,2.40
2008.12.04 02:43:15.336,1.59415,1.5947,1.60,2.40
2008.12.04 02:43:17.036,1.5941,1.5947,1.60,4.60
2008.12.04 02:43:18.616,1.59415,1.5947,1.60,2.40
2008.12.04 02:43:27.583,1.59415,1.5947,1.60,2.40
2008.12.04 02:43:30.513,1.59415,1.5947,1.60,4.60
2008.12.04 02:43:30.752,1.5941,1.5947,1.60,4.60
2008.12.04 02:43:34.352,1.5941,1.5947,1.60,2.40
2008.12.04 02:43:34.412,1.5942,1.5947,1.60,2.40
2008.12.04 02:43:35.291,1.5941,1.5947,1.60,4.60
2008.12.04 02:43:37.591,1.594,1.5947,1.60,4.60
2008.12.04 02:43:37.701,1.5941,1.5947,1.60,2.40
2008.12.04 02:43:37.931,1.5943,1.5947,1.60,2.40
2008.12.04 02:43:38.681,1.59415,1.5947,1.60,2.40
2008.12.04 02:43:38.961,1.5944,1.5947,1.60,2.40
2008.12.04 02:44:02.565,1.5945,1.5947,1.60,2.40
2008.12.04 02:44:03.434,1.5942,1.5947,1.60,2.40
2008.12.04 02:44:03.655,1.594,1.5947,1.60,2.40
2008.12.04 02:44:55.032,1.59405,1.5947,1.60,2.40
2008.12.04 02:45:14.308,1.59395,1.5947,3.20,2.40
2008.12.04 02:45:14.487,1.594,1.5947,1.60,2.40
2008.12.04 02:46:12.603,1.59395,1.5947,3.20,2.40
2008.12.04 02:46:12.954,1.59405,1.5947,1.60,2.40
2008.12.04 02:46:13.363,1.594,1.5947,3.20,2.40
2008.12.04 02:46:13.423,1.59405,1.5947,1.60,2.40
2008.12.04 02:46:13.603,1.59405,1.5947,3.20,2.40
2008.12.04 02:46:14.463,1.5941,1.5947,1.60,2.40
2008.12.04 02:46:18.872,1.59415,1.5947,1.60,2.40
2008.12.04 02:46:19.142,1.59415,1.5947,3.20,2.40
2008.12.04 02:46:25.691,1.59415,1.5947,4.80,2.40
2008.12.04 02:46:25.921,1.59435,1.5947,1.60,2.40
2008.12.04 02:46:26.151,1.5943,1.5947,3.20,2.40
2008.12.04 02:46:34.029,1.59425,1.5947,1.60,2.40
2008.12.04 02:46:34.258,1.59415,1.5947,3.20,2.40
2008.12.04 02:46:35.748,1.5942,1.5947,3.20,2.40
2008.12.04 02:46:38.178,1.59425,1.5947,1.60,2.40
2008.12.04 02:46:38.408,1.59415,1.5947,3.20,2.40
2008.12.04 02:46:41.297,1.5942,1.5947,3.20,2.40
2008.12.04 02:46:48.565,1.59425,1.5947,1.60,2.40
2008.12.04 02:46:48.735,1.59415,1.5947,3.20,2.40
2008.12.04 02:47:02.632,1.5941,1.5947,1.60,2.40
2008.12.04 02:47:04.872,1.59415,1.5947,3.20,2.40
2008.12.04 02:47:05.151,1.59415,1.5947,3.20,2.40
2008.12.04 02:47:05.321,1.5942,1.5947,1.60,2.40
2008.12.04 02:47:05.561,1.5941,1.5947,1.60,2.40
2008.12.04 02:47:08.770,1.59415,1.5947,1.60,2.40
2008.12.04 02:47:08.940,1.59415,1.5947,3.20,2.40
2008.12.04 02:47:09.000,1.59415,1.5947,3.20,2.40
2008.12.04 02:47:12.599,1.5942,1.5947,1.60,2.40
2008.12.04 02:47:12.829,1.5941,1.5947,1.60,2.40
2008.12.04 02:47:15.609,1.59425,1.5947,1.60,2.40
2008.12.04 02:47:30.405,1.5943,1.5947,1.60,2.40
2008.12.04 02:47:57.638,1.59425,1.5947,1.60,2.40
2008.12.04 02:48:01.057,1.5943,1.5947,1.60,2.40
2008.12.04 02:48:05.956,1.59435,1.5947,1.60,2.40
2008.12.04 02:48:16.364,1.5944,1.5947,1.60,2.40
2008.12.04 02:48:17.004,1.5944,1.5947,1.60,2.40
2008.12.04 02:48:17.123,1.5943,1.5947,1.60,2.40
2008.12.04 02:48:18.173,1.5943,1.5947,3.20,2.40
2008.12.04 02:48:18.883,1.5943,1.5947,1.60,2.40
2008.12.04 02:48:19.243,1.59425,1.5947,3.20,2.40
2008.12.04 02:48:20.003,1.5943,1.5947,1.60,2.40
2008.12.04 02:48:27.591,1.59425,1.5947,3.20,2.40
2008.12.04 02:48:27.771,1.5943,1.5947,1.60,2.40
2008.12.04 02:48:28.001,1.5942,1.5947,1.60,2.40
2008.12.04 02:48:28.341,1.59415,1.5947,3.20,2.40
2008.12.04 02:48:30.420,1.5942,1.5947,1.60,2.40
2008.12.04 02:48:32.290,1.59415,1.5947,3.20,2.40
2008.12.04 02:48:38.848,1.5942,1.5947,1.60,2.40
2008.12.04 02:48:38.958,1.5941,1.5947,3.20,2.40
2008.12.04 02:48:39.068,1.5941,1.5947,1.60,2.40
2008.12.04 02:48:48.586,1.59405,1.5947,3.20,2.40
2008.12.04 02:48:53.235,1.59405,1.5947,1.60,2.40
2008.12.04 02:48:53.355,1.59395,1.5947,3.20,2.40
2008.12.04 02:48:55.314,1.59405,1.5947,1.60,2.40
2008.12.04 02:48:55.814,1.59405,1.5947,3.20,2.40
2008.12.04 02:48:58.704,1.5941,1.5947,1.60,2.40
2008.12.04 02:48:58.873,1.59395,1.5947,3.20,2.40
2008.12.04 02:49:22.598,1.594,1.5947,1.60,2.40
2008.12.04 02:49:22.717,1.5941,1.5947,1.60,2.40
2008.12.04 02:49:34.295,1.5941,1.5947,1.60,2.40
2008.12.04 02:50:35.060,1.5941,1.5947,1.60,1.00
2008.12.04 02:50:40.829,1.59415,1.5947,1.60,1.00
2008.12.04 02:50:41.009,1.59415,1.5947,1.60,2.40
2008.12.04 02:51:11.261,1.5941,1.5947,1.60,2.40
2008.12.04 02:51:23.988,1.59395,1.5947,3.20,2.40
2008.12.04 02:51:24.278,1.59405,1.5947,1.60,2.40
2008.12.04 02:51:24.388,1.59405,1.5947,3.20,2.40
2008.12.04 02:51:47.112,1.59395,1.5947,3.20,2.40
2008.12.04 02:51:49.612,1.59405,1.5947,1.60,2.40
2008.12.04 02:51:49.662,1.59405,1.5947,3.20,2.40
2008.12.04 02:51:53.761,1.5941,1.5947,1.60,2.40
2008.12.04 02:51:53.981,1.59425,1.5947,1.60,2.40
2008.12.04 02:51:54.091,1.5943,1.5947,1.60,2.40
2008.12.04 02:51:54.331,1.59425,1.5947,3.20,2.40
2008.12.04 02:51:54.611,1.5943,1.5947,1.60,2.40
2008.12.04 02:52:23.034,1.5943,1.5947,1.60,2.40
2008.12.04 02:52:23.374,1.59425,1.5947,1.60,2.40
2008.12.04 02:52:27.613,1.5941,1.5947,1.60,2.40
2008.12.04 02:52:28.603,1.59425,1.5947,1.60,2.40
2008.12.04 02:52:29.552,1.5943,1.5947,1.60,2.40
2008.12.04 02:52:31.592,1.59425,1.5947,1.60,2.40
2008.12.04 02:53:04.684,1.5943,1.5947,1.60,2.40
2008.12.04 02:53:08.913,1.59425,1.5947,1.60,2.40
2008.12.04 02:53:54.002,1.59415,1.5947,1.60,2.40
2008.12.04 02:53:54.562,1.59395,1.5947,3.20,2.40
2008.12.04 02:53:54.912,1.594,1.5947,1.60,2.40
2008.12.04 02:53:55.321,1.5939,1.5947,2.40,2.40
2008.12.04 02:53:58.071,1.5939,1.5947,4.00,2.40
2008.12.04 02:53:58.351,1.59415,1.5947,1.60,2.40
2008.12.04 02:54:02.400,1.59405,1.5947,3.20,2.40
2008.12.04 02:54:02.500,1.59415,1.5947,1.60,2.40
2008.12.04 02:54:02.900,1.59415,1.5947,3.20,2.40
2008.12.04 02:54:03.740,1.5944,1.5947,1.60,2.40
2008.12.04 02:54:04.089,1.59425,1.5947,3.20,2.40
2008.12.04 02:54:04.200,1.5943,1.5947,1.60,2.40
2008.12.04 02:54:04.609,1.59435,1.5947,1.60,2.40
2008.12.04 02:54:04.789,1.59435,1.5947,3.20,2.40
2008.12.04 02:54:07.669,1.5944,1.5947,1.60,2.40
2008.12.04 02:54:07.999,1.5944,1.5947,1.60,2.40
2008.12.04 02:54:08.228,1.5943,1.5947,1.60,2.40
2008.12.04 02:54:08.399,1.5942,1.5947,1.60,2.40
2008.12.04 02:54:08.579,1.59415,1.5947,4.80,2.40
2008.12.04 02:54:10.148,1.59415,1.5947,6.80,2.40
2008.12.04 02:54:10.388,1.5943,1.5947,1.60,2.40
2008.12.04 02:54:10.558,1.5944,1.5947,2.00,2.40
2008.12.04 02:54:10.798,1.59475,1.5956,1.60,3.50
2008.12.04 02:54:10.958,1.5945,1.5947,1.60,2.40
2008.12.04 02:54:11.528,1.59435,1.5947,4.80,2.40
2008.12.04 02:54:13.897,1.5944,1.5947,1.60,2.40
2008.12.04 02:54:14.007,1.5945,1.5947,1.60,2.40
2008.12.04 02:54:14.187,1.59485,1.5957,1.60,3.50
2008.12.04 02:54:14.417,1.59465,1.5947,1.60,2.40
2008.12.04 02:54:14.597,1.5945,1.5947,1.60,2.40
2008.12.04 02:54:14.777,1.59455,1.5947,1.60,2.40
2008.12.04 02:54:15.398,1.59445,1.5947,1.60,2.40
2008.12.04 02:54:16.407,1.5943,1.5947,2.40,2.40
2008.12.04 02:54:16.976,1.5943,1.5947,1.00,2.40
2008.12.04 02:54:38.051,1.5943,1.5947,2.40,2.40
2008.12.04 02:54:38.351,1.5943,1.5947,4.00,2.40
2008.12.04 02:54:39.441,1.59435,1.5947,1.60,2.40
2008.12.04 02:54:39.621,1.59435,1.5947,4.80,2.40
2008.12.04 02:54:42.850,1.5944,1.5947,1.60,2.40
2008.12.04 02:54:43.210,1.59435,1.5947,4.80,2.40
2008.12.04 02:54:43.710,1.5944,1.5947,1.60,2.40
2008.12.04 02:54:43.830,1.5944,1.5947,3.20,2.40
2008.12.04 02:54:43.940,1.5944,1.5947,4.80,2.40
2008.12.04 02:54:44.760,1.5945,1.5947,1.60,2.40
2008.12.04 02:54:45.689,1.59455,1.5947,1.60,2.40
2008.12.04 02:54:48.589,1.5946,1.5947,1.60,2.40
2008.12.04 02:54:52.238,1.5947,1.5955,1.60,3.50
2008.12.04 02:54:57.107,1.5946,1.5947,1.64,2.40
2008.12.04 02:54:57.397,1.5946,1.5947,1.60,2.40
2008.12.04 02:54:59.176,1.5947,1.5957,1.60,3.50
2008.12.04 02:54:59.356,1.59455,1.5947,3.20,2.40
2008.12.04 02:54:59.696,1.59465,1.5947,1.60,2.40
2008.12.04 02:54:59.806,1.59485,1.59565,1.60,3.50
2008.12.04 02:55:00.136,1.5946,1.5947,1.60,2.40
2008.12.04 02:55:01.016,1.59465,1.5947,3.20,2.40
2008.12.04 02:55:01.296,1.59465,1.5947,5.20,2.40
2008.12.04 02:55:01.646,1.5947,1.5957,3.20,3.50
2008.12.04 02:55:02.165,1.59475,1.5956,1.60,3.50
2008.12.04 02:55:02.445,1.59495,1.5956,1.60,2.20
2008.12.04 02:55:03.745,1.5949,1.59555,1.60,3.50
2008.12.04 02:55:04.325,1.59465,1.5947,1.60,2.40
2008.12.04 02:55:04.495,1.5946,1.5947,3.60,2.40
2008.12.04 02:55:05.785,1.5948,1.59535,1.60,3.50
2008.12.04 02:55:06.524,1.5947,1.5953,1.60,3.50
2008.12.04 02:55:08.114,1.5948,1.5953,1.60,3.50
2008.12.04 02:55:08.464,1.59455,1.5947,3.40,2.40
2008.12.04 02:55:10.124,1.5948,1.59525,1.60,3.50
2008.12.04 02:55:10.403,1.5947,1.59525,1.60,3.50
2008.12.04 02:55:11.693,1.5946,1.5947,1.60,2.40
2008.12.04 02:55:11.863,1.59455,1.5947,5.20,2.40
2008.12.04 02:55:12.333,1.5944,1.5947,1.60,2.40
2008.12.04 02:55:12.903,1.5943,1.5947,2.00,2.40
2008.12.04 02:56:26.285,1.5943,1.5947,2.00,4.60
2008.12.04 02:56:27.505,1.5943,1.59465,2.00,2.20
2008.12.04 02:56:33.703,1.5943,1.5947,2.00,2.40
2008.12.04 02:56:39.422,1.5943,1.59465,2.00,2.20
2008.12.04 02:56:41.372,1.5943,1.5947,2.00,2.40
2008.12.04 02:56:42.511,1.5943,1.59465,2.00,2.20
2008.12.04 02:56:46.970,1.5943,1.5947,2.00,2.40
2008.12.04 02:56:50.969,1.5943,1.59455,2.00,2.20
2008.12.04 02:56:51.269,1.5943,1.5947,2.00,2.40
2008.12.04 02:56:53.059,1.5943,1.59465,2.00,2.20
2008.12.04 02:56:53.458,1.5943,1.5947,2.00,4.60
2008.12.04 02:56:53.629,1.5943,1.59465,2.00,2.20
2008.12.04 02:56:58.667,1.5943,1.5946,2.00,1.40
2008.12.04 02:56:58.967,1.5943,1.5947,2.00,2.40
2008.12.04 02:57:01.607,1.5943,1.59455,2.00,2.20
2008.12.04 02:57:05.486,1.5942,1.59455,1.20,2.20
2008.12.04 02:57:10.104,1.5942,1.5946,1.20,2.20
2008.12.04 02:57:10.284,1.5943,1.5946,2.00,2.20
2008.12.04 02:57:22.951,1.5943,1.59455,2.00,2.20
2008.12.04 02:57:26.401,1.5942,1.59455,1.20,2.20
2008.12.04 02:57:33.449,1.5939,1.59435,1.20,2.20
2008.12.04 02:57:34.029,1.5939,1.5943,1.20,2.20
2008.12.04 02:57:37.688,1.5943,1.5944,2.00,2.20
2008.12.04 02:57:38.218,1.5939,1.59415,3.20,2.20
2008.12.04 02:57:41.147,1.5939,1.5942,3.20,2.20
2008.12.04 02:57:44.246,1.5939,1.5942,1.20,2.20
2008.12.04 02:57:44.826,1.5943,1.5946,2.00,3.40
2008.12.04 02:57:44.996,1.5942,1.59425,2.60,2.20
2008.12.04 02:57:45.226,1.5942,1.5943,2.60,2.20
2008.12.04 02:57:45.756,1.5942,1.59425,2.60,2.20
2008.12.04 02:57:46.966,1.5942,1.5943,2.60,2.20
2008.12.04 02:57:47.955,1.5942,1.59425,2.60,2.20
2008.12.04 02:57:48.525,1.5939,1.59425,1.20,2.20
2008.12.04 02:57:48.755,1.5939,1.59405,1.20,2.20
2008.12.04 02:57:48.995,1.5943,1.59455,2.00,4.20
2008.12.04 02:57:51.444,1.5942,1.5945,1.20,3.40
2008.12.04 02:57:53.644,1.5942,1.5944,1.20,1.40
2008.12.04 02:57:53.814,1.5939,1.5944,1.20,1.40
2008.12.04 02:57:54.684,1.5939,1.59435,1.20,1.40
2008.12.04 02:57:56.453,1.5939,1.5941,1.20,2.20
2008.12.04 02:57:56.573,1.5935,1.5941,1.00,2.20
2008.12.04 02:57:56.693,1.5943,1.59445,2.00,3.40
2008.12.04 02:57:57.263,1.5939,1.59405,3.20,2.20
2008.12.04 02:57:57.543,1.5935,1.59405,1.00,2.20
2008.12.04 02:57:58.123,1.5942,1.5945,1.20,3.50
2008.12.04 02:57:58.303,1.5942,1.59445,1.20,1.60
2008.12.04 02:57:58.543,1.5943,1.59445,2.00,1.60
2008.12.04 02:57:59.292,1.5935,1.5937,3.40,2.20
2008.12.04 02:57:59.573,1.593,1.5937,1.60,2.20
2008.12.04 02:58:00.252,1.593,1.59365,1.60,2.20
2008.12.04 02:58:00.472,1.5928,1.59365,2.40,2.20
2008.12.04 02:58:00.872,1.5928,1.5936,2.40,2.20
2008.12.04 02:58:01.092,1.5928,1.5934,2.40,1.60
2008.12.04 02:58:01.482,1.5928,1.5934,2.40,1.40
2008.12.04 02:58:01.652,1.5928,1.5934,2.40,1.60
2008.12.04 02:58:01.982,1.5928,1.59325,2.40,1.60
2008.12.04 02:58:04.282,1.5928,1.5934,2.40,1.40
2008.12.04 02:58:04.681,1.5928,1.59365,2.40,2.20
2008.12.04 02:58:13.689,1.5928,1.59305,2.40,2.20
2008.12.04 02:58:14.139,1.5928,1.593,2.40,2.20
2008.12.04 02:58:14.369,1.5928,1.5934,2.40,1.60
2008.12.04 02:58:14.699,1.5928,1.5934,2.40,1.40
2008.12.04 02:58:14.819,1.5928,1.5935,2.40,1.60
2008.12.04 02:58:15.339,1.5928,1.5934,2.40,1.40
2008.12.04 02:58:16.009,1.5928,1.5935,2.40,1.60
2008.12.04 02:58:16.359,1.5928,1.59315,2.40,1.60
2008.12.04 02:58:16.538,1.5928,1.593,2.40,2.20
2008.12.04 02:58:17.128,1.5928,1.59295,2.40,2.20
2008.12.04 02:58:17.828,1.5928,1.593,2.40,2.20
2008.12.04 02:58:21.367,1.5919,1.59275,2.50,2.20
2008.12.04 02:58:24.566,1.5928,1.5932,2.40,2.50
2008.12.04 02:58:27.216,1.5928,1.593,2.40,2.20
2008.12.04 02:58:28.825,1.5928,1.59315,2.40,3.80
2008.12.04 02:58:29.736,1.5928,1.5932,2.40,1.40
2008.12.04 02:58:29.896,1.5928,1.59335,2.40,3.00
2008.12.04 02:58:32.085,1.5928,1.59385,2.40,1.60
2008.12.04 02:58:32.325,1.5928,1.5939,2.40,1.60
2008.12.04 02:58:32.605,1.5928,1.59385,2.40,1.60
2008.12.04 02:58:32.844,1.5928,1.5938,2.40,1.40
2008.12.04 02:58:33.204,1.5928,1.5939,2.40,1.60
2008.12.04 02:58:39.733,1.5928,1.59365,2.40,1.60
2008.12.04 02:58:39.853,1.5928,1.59365,2.40,3.00
2008.12.04 02:58:40.313,1.5928,1.5933,2.40,1.40
2008.12.04 02:58:40.493,1.5928,1.59335,2.40,3.00
2008.12.04 02:58:45.381,1.5928,1.5933,2.40,1.40
2008.12.04 02:58:45.571,1.5928,1.5936,2.40,1.60
2008.12.04 02:58:45.801,1.5928,1.59365,2.40,3.00
2008.12.04 02:58:54.410,1.5928,1.5936,2.40,1.40
2008.12.04 02:58:54.579,1.5928,1.5938,2.40,1.60
2008.12.04 02:58:55.109,1.5928,1.59385,2.40,3.00
2008.12.04 02:58:57.479,1.5928,1.5936,2.40,1.60
2008.12.04 02:59:05.277,1.5928,1.59345,2.40,1.60
2008.12.04 02:59:05.717,1.5928,1.59345,2.40,3.00
2008.12.04 02:59:07.326,1.5928,1.59345,2.40,1.60
2008.12.04 02:59:07.606,1.5928,1.5935,2.40,1.60
2008.12.04 02:59:07.836,1.5928,1.5935,2.40,1.40
2008.12.04 02:59:08.126,1.5928,1.5936,2.40,1.60
2008.12.04 02:59:08.586,1.5928,1.59365,2.40,3.00
2008.12.04 02:59:09.286,1.5928,1.5936,2.40,1.60
2008.12.04 02:59:10.135,1.5928,1.5935,2.40,1.60
2008.12.04 02:59:11.115,1.5928,1.59345,2.40,1.60
2008.12.04 02:59:11.355,1.5928,1.59345,2.40,3.00
2008.12.04 02:59:11.525,1.5928,1.5934,2.40,1.60
2008.12.04 02:59:12.585,1.5928,1.5933,2.40,2.20
2008.12.04 02:59:12.875,1.5928,1.5932,2.40,1.40
2008.12.04 02:59:13.175,1.5928,1.5931,2.40,1.40
2008.12.04 02:59:13.445,1.5928,1.59315,2.40,3.00
2008.12.04 02:59:13.665,1.5928,1.5932,2.40,1.60
2008.12.04 02:59:14.544,1.5928,1.59325,2.40,3.00
2008.12.04 02:59:14.874,1.5928,1.59325,2.40,1.60
2008.12.04 02:59:15.794,1.5928,1.59335,2.40,3.00
2008.12.04 02:59:15.974,1.5928,1.5933,2.40,1.40
2008.12.04 02:59:16.334,1.5928,1.5934,2.40,1.60
2008.12.04 02:59:16.504,1.5928,1.5934,2.40,1.40
2008.12.04 02:59:16.734,1.5928,1.5935,2.40,1.60
2008.12.04 02:59:17.703,1.5928,1.5935,2.40,3.00
2008.12.04 02:59:17.934,1.5928,1.59345,2.40,1.40
2008.12.04 02:59:18.163,1.5928,1.5935,2.40,1.40
2008.12.04 02:59:19.543,1.5928,1.59345,2.40,1.40
2008.12.04 02:59:19.883,1.5928,1.5935,2.40,1.40
2008.12.04 02:59:21.393,1.5928,1.59345,2.40,1.40
2008.12.04 02:59:22.942,1.5928,1.5935,2.40,1.40
2008.12.04 02:59:23.713,1.5928,1.59365,2.40,3.00
2008.12.04 02:59:24.712,1.5928,1.5935,2.40,1.40
2008.12.04 02:59:24.942,1.5928,1.5935,2.40,2.20
2008.12.04 02:59:24.992,1.5928,1.5935,2.40,3.80
2008.12.04 02:59:26.472,1.5928,1.5934,2.40,1.40
2008.12.04 02:59:27.691,1.5928,1.59335,2.40,1.40
2008.12.04 02:59:33.610,1.5928,1.59335,2.40,3.80
2008.12.04 02:59:33.840,1.5928,1.5932,2.40,1.40
2008.12.04 02:59:36.529,1.5928,1.59315,2.40,1.40
2008.12.04 02:59:36.989,1.5928,1.59335,2.40,1.40
2008.12.04 02:59:44.437,1.5928,1.5935,2.40,2.20
2008.12.04 02:59:44.557,1.5928,1.5934,2.40,1.40
2008.12.04 02:59:46.667,1.5928,1.59345,2.40,3.00
2008.12.04 02:59:46.947,1.5928,1.59335,2.40,1.40
2008.12.04 02:59:47.126,1.5928,1.5935,2.40,1.60
2008.12.04 02:59:47.546,1.5928,1.59355,2.40,3.00
2008.12.04 02:59:48.466,1.5928,1.5939,2.40,1.60
2008.12.04 02:59:48.586,1.5928,1.5937,2.40,1.60
2008.12.04 02:59:48.856,1.5928,1.5938,2.40,1.40
2008.12.04 02:59:49.196,1.5928,1.59395,2.40,1.60
2008.12.04 02:59:51.635,1.5928,1.594,2.40,1.60
2008.12.04 02:59:53.115,1.5928,1.59365,2.40,3.20
2008.12.04 02:59:53.235,1.5928,1.59365,2.40,4.60
2008.12.04 02:59:57.124,1.5928,1.59365,2.40,3.00
