2015.12.14 20:00:00.049,1.5107,1.51092,1.50,1.12
2015.12.14 20:00:00.100,1.51073,1.51092,1.00,1.12
2015.12.14 20:00:00.407,1.51081,1.51098,1.00,1.00
2015.12.14 20:00:00.561,1.51081,1.511,1.00,1.00
2015.12.14 20:00:00.764,1.51083,1.511,1.00,1.00
2015.12.14 20:00:01.097,1.51081,1.511,1.00,1.00
2015.12.14 20:00:01.607,1.51082,1.511,1.00,1.00
2015.12.14 20:00:01.962,1.5108,1.511,1.00,1.00
2015.12.14 20:00:02.648,1.51079,1.511,1.00,1.00
2015.12.14 20:00:04.069,1.5108,1.511,1.50,1.00
2015.12.14 20:00:04.120,1.5108,1.51102,2.25,1.50
2015.12.14 20:00:04.424,1.51082,1.51102,1.87,1.00
2015.12.14 20:00:05.742,1.51083,1.51104,1.37,1.37
2015.12.14 20:00:07.040,1.51085,1.51105,1.00,1.37
2015.12.14 20:00:07.548,1.51088,1.51105,1.00,1.37
2015.12.14 20:00:07.602,1.51086,1.51105,1.00,1.37
2015.12.14 20:00:08.119,1.51085,1.51105,1.50,1.37
2015.12.14 20:00:08.576,1.51085,1.51108,2.62,1.37
2015.12.14 20:00:10.302,1.51087,1.51109,1.37,1.37
2015.12.14 20:00:10.632,1.51092,1.51113,1.00,1.12
2015.12.14 20:00:10.936,1.51089,1.51112,1.87,1.12
2015.12.14 20:00:10.987,1.5109,1.51113,1.12,1.12
2015.12.14 20:00:11.968,1.51088,1.51111,1.12,1.37
2015.12.14 20:00:12.516,1.51087,1.5111,1.12,1.87
2015.12.14 20:00:12.922,1.51091,1.51111,1.37,1.87
2015.12.14 20:00:13.045,1.51092,1.51114,1.37,1.87
2015.12.14 20:00:16.518,1.51091,1.5111,1.75,1.00
2015.12.14 20:00:16.722,1.51084,1.51104,1.00,1.87
2015.12.14 20:00:16.773,1.51081,1.51103,1.50,1.12
2015.12.14 20:00:17.078,1.51082,1.51104,1.12,1.12
2015.12.14 20:00:17.281,1.51079,1.51099,1.00,1.37
2015.12.14 20:00:19.153,1.51079,1.51099,1.00,1.75
2015.12.14 20:00:19.696,1.51078,1.51098,1.37,1.12
2015.12.14 20:00:21.411,1.5108,1.511,1.00,1.12
2015.12.14 20:00:21.462,1.5108,1.511,1.00,1.00
2015.12.14 20:00:21.973,1.51079,1.511,1.12,1.00
2015.12.14 20:00:27.606,1.51079,1.51102,2.25,1.12
2015.12.14 20:00:28.114,1.5108,1.51103,1.87,1.12
2015.12.14 20:00:31.441,1.51081,1.51104,1.12,1.87
2015.12.14 20:00:31.492,1.51083,1.51104,1.12,1.12
2015.12.14 20:00:31.543,1.51082,1.51104,1.37,1.75
2015.12.14 20:00:31.594,1.5108,1.51103,2.62,1.12
2015.12.14 20:00:32.103,1.51082,1.51102,1.00,1.12
2015.12.14 20:00:32.544,1.5108,1.51101,1.87,1.12
2015.12.14 20:00:33.846,1.5108,1.51102,1.50,1.12
2015.12.14 20:00:34.299,1.5108,1.51101,1.12,1.12
2015.12.14 20:00:36.441,1.51079,1.511,1.00,1.12
2015.12.14 20:00:36.593,1.51075,1.51098,1.87,1.12
2015.12.14 20:00:37.108,1.51075,1.51096,1.50,1.37
2015.12.14 20:00:39.613,1.51075,1.51096,1.12,1.12
2015.12.14 20:00:41.833,1.51074,1.51095,1.50,1.12
2015.12.14 20:00:41.986,1.51072,1.51092,1.12,1.00
2015.12.14 20:00:42.037,1.51072,1.51092,1.12,1.12
2015.12.14 20:00:44.011,1.51071,1.5109,1.00,1.12
2015.12.14 20:00:44.366,1.51069,1.51089,1.37,1.12
2015.12.14 20:00:44.418,1.51067,1.51088,1.00,1.12
2015.12.14 20:00:44.469,1.51065,1.51086,1.87,1.75
2015.12.14 20:00:44.614,1.51061,1.51082,1.12,1.12
2015.12.14 20:00:46.661,1.5106,1.51081,1.00,1.12
2015.12.14 20:00:49.997,1.51062,1.51079,1.00,1.12
2015.12.14 20:00:50.150,1.51062,1.51082,1.50,1.12
2015.12.14 20:00:50.516,1.51064,1.51082,1.00,1.12
2015.12.14 20:00:51.024,1.51065,1.51083,1.37,1.12
2015.12.14 20:00:51.149,1.51065,1.51084,1.37,1.12
2015.12.14 20:00:51.718,1.51067,1.51084,1.00,1.12
2015.12.14 20:00:54.907,1.51065,1.51082,1.87,1.00
2015.12.14 20:00:56.081,1.51067,1.51084,1.00,1.12
2015.12.14 20:00:56.601,1.51068,1.51084,1.00,1.12
2015.12.14 20:00:57.081,1.51068,1.51087,1.00,1.12
2015.12.14 20:00:57.388,1.51071,1.51087,1.00,1.12
2015.12.14 20:00:57.754,1.51075,1.51094,1.00,1.12
2015.12.14 20:00:57.857,1.51079,1.51095,1.00,1.12
2015.12.14 20:00:58.110,1.51079,1.51097,1.00,1.87
2015.12.14 20:00:58.269,1.51079,1.51096,1.00,1.12
2015.12.14 20:00:58.523,1.51075,1.51094,1.00,1.12
2015.12.14 20:00:58.726,1.51079,1.51094,1.00,1.12
2015.12.14 20:00:59.003,1.51077,1.51095,1.00,1.12
2015.12.14 20:00:59.510,1.51078,1.51095,1.00,1.12
2015.12.14 20:00:59.612,1.51076,1.51095,1.00,1.12
2015.12.14 20:00:59.714,1.51076,1.51097,1.12,1.12
2015.12.14 20:00:59.995,1.51074,1.51096,2.62,1.12
2015.12.14 20:01:00.524,1.51074,1.51094,1.87,1.12
2015.12.14 20:01:05.011,1.51076,1.51094,1.00,1.12
2015.12.14 20:01:05.364,1.51074,1.51094,1.00,1.12
2015.12.14 20:01:05.569,1.51076,1.51094,1.00,1.12
2015.12.14 20:01:05.979,1.51074,1.51094,1.00,1.12
2015.12.14 20:01:07.081,1.51074,1.51093,2.25,1.00
2015.12.14 20:01:07.590,1.51074,1.51094,1.00,1.12
2015.12.14 20:01:07.895,1.51076,1.51094,1.00,1.12
2015.12.14 20:01:08.439,1.51077,1.51094,1.00,1.12
2015.12.14 20:01:08.541,1.51077,1.51096,1.00,1.37
2015.12.14 20:01:09.048,1.51078,1.51096,1.00,1.37
2015.12.14 20:01:09.569,1.51077,1.51096,1.00,1.37
2015.12.14 20:01:09.620,1.51079,1.51096,1.00,1.37
2015.12.14 20:01:10.178,1.51081,1.51096,1.00,1.00
2015.12.14 20:01:10.842,1.51079,1.51098,1.00,1.12
2015.12.14 20:01:12.283,1.51079,1.51096,1.00,1.37
2015.12.14 20:01:12.786,1.5108,1.51096,1.00,1.37
2015.12.14 20:01:13.140,1.51078,1.51086,1.00,1.00
2015.12.14 20:01:13.295,1.51063,1.5108,1.50,1.12
2015.12.14 20:01:13.449,1.5106,1.5108,1.87,1.12
2015.12.14 20:01:13.500,1.51062,1.5108,1.00,1.12
2015.12.14 20:01:13.913,1.51058,1.5108,1.87,1.12
2015.12.14 20:01:14.094,1.51062,1.51082,1.00,1.12
2015.12.14 20:01:14.299,1.51068,1.51091,4.12,1.12
2015.12.14 20:01:14.453,1.51071,1.51092,1.87,1.75
2015.12.14 20:01:14.504,1.51073,1.51093,1.12,1.00
2015.12.14 20:01:14.809,1.51071,1.51092,1.12,1.12
2015.12.14 20:01:15.074,1.51073,1.51091,1.37,1.00
2015.12.14 20:01:15.127,1.51074,1.51093,1.12,1.00
2015.12.14 20:01:15.381,1.51072,1.51093,1.12,1.12
2015.12.14 20:01:15.483,1.5107,1.51093,1.12,1.12
2015.12.14 20:01:15.789,1.51073,1.51095,1.12,1.87
2015.12.14 20:01:19.405,1.51073,1.51094,1.00,1.12
2015.12.14 20:01:22.150,1.51074,1.51094,1.00,1.12
2015.12.14 20:01:22.201,1.51074,1.51095,1.50,1.37
2015.12.14 20:01:22.253,1.51075,1.51096,1.50,1.37
2015.12.14 20:01:22.405,1.51076,1.51099,1.12,1.37
2015.12.14 20:01:22.456,1.51078,1.51101,1.12,3.00
2015.12.14 20:01:22.507,1.51077,1.511,1.12,1.12
2015.12.14 20:01:22.913,1.51078,1.51098,1.00,1.12
2015.12.14 20:01:22.965,1.51075,1.51096,1.00,1.12
2015.12.14 20:01:23.016,1.51074,1.51095,1.12,1.12
2015.12.14 20:01:23.526,1.51073,1.51093,1.12,1.37
2015.12.14 20:01:24.338,1.51072,1.51092,1.12,1.50
2015.12.14 20:01:24.878,1.51069,1.51092,1.12,2.25
2015.12.14 20:01:25.384,1.51068,1.51091,1.75,1.12
2015.12.14 20:01:25.435,1.51068,1.5109,1.37,1.12
2015.12.14 20:01:25.709,1.51068,1.51086,1.37,1.00
2015.12.14 20:01:25.913,1.5106,1.51082,1.12,1.37
2015.12.14 20:01:26.014,1.51059,1.51081,1.37,1.12
2015.12.14 20:01:26.342,1.51057,1.51077,1.00,1.12
2015.12.14 20:01:26.850,1.51054,1.51079,1.75,2.25
2015.12.14 20:01:26.952,1.51056,1.51079,1.12,2.62
2015.12.14 20:01:27.004,1.51056,1.51078,1.37,1.12
2015.12.14 20:01:29.558,1.51057,1.51079,1.50,1.12
2015.12.14 20:01:29.609,1.51057,1.51078,1.87,1.00
2015.12.14 20:01:30.116,1.51058,1.5108,1.12,1.12
2015.12.14 20:01:30.318,1.51057,1.51077,1.00,1.37
2015.12.14 20:01:30.415,1.51057,1.51077,1.37,1.00
2015.12.14 20:01:30.720,1.51055,1.51077,1.87,1.12
2015.12.14 20:01:31.232,1.51056,1.51077,1.00,1.12
2015.12.14 20:01:33.921,1.51063,1.51077,1.00,1.12
2015.12.14 20:01:35.545,1.51063,1.51079,1.00,1.87
2015.12.14 20:01:36.691,1.51065,1.51079,1.00,1.87
2015.12.14 20:01:37.107,1.51077,1.51089,1.00,1.12
2015.12.14 20:01:37.158,1.51071,1.5109,1.87,1.12
2015.12.14 20:01:37.210,1.51074,1.51093,1.37,1.12
2015.12.14 20:01:37.515,1.51086,1.51097,1.00,1.87
2015.12.14 20:01:38.658,1.5108,1.51097,1.00,1.87
2015.12.14 20:01:38.760,1.51088,1.51097,1.00,1.12
2015.12.14 20:01:39.064,1.5109,1.51099,1.00,1.87
2015.12.14 20:01:39.167,1.5109,1.51099,1.00,1.50
2015.12.14 20:01:39.608,1.51092,1.51102,1.00,1.87
2015.12.14 20:01:39.963,1.51092,1.51101,1.00,1.12
2015.12.14 20:01:40.479,1.51093,1.511,1.00,1.12
2015.12.14 20:01:41.071,1.51093,1.511,1.00,1.12
2015.12.14 20:01:41.577,1.51094,1.51103,1.00,1.87
2015.12.14 20:01:41.730,1.5109,1.51101,1.00,1.12
2015.12.14 20:01:41.933,1.5109,1.51101,1.00,1.75
2015.12.14 20:01:42.086,1.51088,1.511,1.00,1.12
2015.12.14 20:01:43.190,1.51082,1.511,1.00,1.12
2015.12.14 20:01:43.353,1.51091,1.511,1.00,1.12
2015.12.14 20:01:44.081,1.51091,1.51101,1.00,1.50
2015.12.14 20:01:44.926,1.51092,1.51102,1.00,1.12
2015.12.14 20:01:45.470,1.51091,1.51102,1.00,1.12
2015.12.14 20:01:45.926,1.51089,1.51101,1.00,2.25
2015.12.14 20:01:46.028,1.51086,1.51099,1.00,1.00
2015.12.14 20:01:46.079,1.51086,1.51099,1.00,1.87
2015.12.14 20:01:46.383,1.51079,1.51095,1.00,1.87
2015.12.14 20:01:46.485,1.51084,1.51095,1.00,1.87
2015.12.14 20:01:46.688,1.51082,1.51095,1.00,1.12
2015.12.14 20:01:46.790,1.51082,1.51096,1.00,1.00
2015.12.14 20:01:47.653,1.51082,1.51095,1.00,1.50
2015.12.14 20:01:47.806,1.51072,1.51094,1.12,1.87
2015.12.14 20:01:48.032,1.51076,1.51094,1.00,1.12
2015.12.14 20:01:48.083,1.51076,1.51096,1.00,1.37
2015.12.14 20:01:48.235,1.51079,1.51096,1.00,1.37
2015.12.14 20:01:48.286,1.51079,1.51097,1.00,1.00
2015.12.14 20:01:48.439,1.51082,1.51097,1.00,1.00
2015.12.14 20:01:48.490,1.51082,1.51099,1.00,2.25
2015.12.14 20:01:48.795,1.51081,1.5109,1.00,1.00
2015.12.14 20:01:48.846,1.51081,1.51093,1.00,1.00
2015.12.14 20:01:48.898,1.51075,1.51086,1.00,1.00
2015.12.14 20:01:48.949,1.51075,1.51091,1.00,1.00
2015.12.14 20:01:49.000,1.51081,1.51088,1.00,1.00
2015.12.14 20:01:49.125,1.51076,1.51091,1.00,1.75
2015.12.14 20:01:49.176,1.51076,1.51091,1.00,1.00
2015.12.14 20:01:49.228,1.51069,1.51093,1.00,1.00
2015.12.14 20:01:49.279,1.51069,1.5109,1.00,1.00
2015.12.14 20:01:49.433,1.5107,1.51092,1.00,1.00
2015.12.14 20:01:49.585,1.51073,1.51092,1.00,1.00
2015.12.14 20:01:50.002,1.51069,1.51095,1.50,1.00
2015.12.14 20:01:50.104,1.51076,1.51097,1.00,2.25
2015.12.14 20:01:50.411,1.51062,1.51081,1.75,1.75
2015.12.14 20:01:50.464,1.51063,1.51079,1.00,1.12
2015.12.14 20:01:50.567,1.51062,1.51083,1.00,1.12
2015.12.14 20:01:50.669,1.51067,1.51088,1.00,1.12
2015.12.14 20:01:50.853,1.51068,1.51092,1.00,1.00
2015.12.14 20:01:51.005,1.51071,1.51093,1.00,1.00
2015.12.14 20:01:51.310,1.51075,1.51097,1.50,1.37
2015.12.14 20:01:51.412,1.51075,1.51097,1.50,1.00
2015.12.14 20:01:51.722,1.51079,1.51097,1.00,1.00
2015.12.14 20:01:52.071,1.51083,1.51104,1.00,1.00
2015.12.14 20:01:52.428,1.51083,1.51107,1.00,1.12
2015.12.14 20:01:52.581,1.51085,1.51107,1.00,1.12
2015.12.14 20:01:53.108,1.51085,1.5111,1.50,1.50
2015.12.14 20:01:53.210,1.51083,1.51107,1.50,1.00
2015.12.14 20:01:53.413,1.51084,1.51104,1.00,1.00
2015.12.14 20:01:53.616,1.51082,1.51106,1.00,1.50
2015.12.14 20:01:54.022,1.51086,1.51107,1.00,1.12
2015.12.14 20:01:54.269,1.51087,1.5111,1.12,1.50
2015.12.14 20:01:54.472,1.51085,1.5111,1.50,1.87
2015.12.14 20:01:54.524,1.51088,1.5111,1.00,2.25
2015.12.14 20:01:55.035,1.51088,1.51109,1.00,1.00
2015.12.14 20:01:55.339,1.51087,1.51109,1.00,1.37
2015.12.14 20:01:55.866,1.51087,1.51108,1.50,1.00
2015.12.14 20:01:56.171,1.5109,1.51114,1.00,2.25
2015.12.14 20:01:56.222,1.5109,1.51114,1.00,1.87
2015.12.14 20:01:56.477,1.51092,1.51116,1.00,1.12
2015.12.14 20:01:57.011,1.51093,1.51116,1.00,1.12
2015.12.14 20:01:57.316,1.51093,1.51117,1.00,2.25
2015.12.14 20:01:58.205,1.51092,1.51116,1.00,1.50
2015.12.14 20:01:59.022,1.51094,1.51115,1.00,1.00
2015.12.14 20:01:59.276,1.51092,1.51115,1.00,1.00
2015.12.14 20:01:59.327,1.51094,1.51115,1.00,1.00
2015.12.14 20:01:59.378,1.51092,1.51115,1.00,1.00
2015.12.14 20:01:59.480,1.51094,1.51117,1.00,1.50
2015.12.14 20:01:59.961,1.51095,1.51119,1.00,1.37
2015.12.14 20:02:00.113,1.51093,1.51115,1.50,1.00
2015.12.14 20:02:00.318,1.51085,1.51109,1.37,1.00
2015.12.14 20:02:00.471,1.51085,1.51106,1.00,1.00
2015.12.14 20:02:00.776,1.51089,1.51108,1.00,1.12
2015.12.14 20:02:01.308,1.51088,1.51107,1.12,1.00
2015.12.14 20:02:01.613,1.51086,1.51105,1.00,1.12
2015.12.14 20:02:02.499,1.51086,1.51106,1.37,1.37
2015.12.14 20:02:02.551,1.51087,1.51107,1.12,1.37
2015.12.14 20:02:02.602,1.51089,1.51107,1.00,1.37
2015.12.14 20:02:02.704,1.51089,1.51112,2.25,1.87
2015.12.14 20:02:02.908,1.51089,1.5111,1.00,1.87
2015.12.14 20:02:03.416,1.51086,1.51108,1.12,1.50
2015.12.14 20:02:03.762,1.51084,1.51105,1.37,1.50
2015.12.14 20:02:04.219,1.51086,1.51107,1.00,1.00
2015.12.14 20:02:04.321,1.51086,1.51108,1.37,1.37
2015.12.14 20:02:05.841,1.51085,1.51104,1.12,1.00
2015.12.14 20:02:05.943,1.51082,1.51104,1.12,1.87
2015.12.14 20:02:06.045,1.51081,1.51102,1.50,1.37
2015.12.14 20:02:11.316,1.51081,1.51101,1.00,1.37
2015.12.14 20:02:11.418,1.51077,1.51101,1.12,1.75
2015.12.14 20:02:11.925,1.51076,1.51099,1.12,1.87
2015.12.14 20:02:14.137,1.51078,1.511,1.37,1.37
2015.12.14 20:02:15.727,1.51078,1.511,1.00,1.75
2015.12.14 20:02:19.212,1.5108,1.51099,1.00,1.12
2015.12.14 20:02:19.466,1.51083,1.51106,1.12,2.25
2015.12.14 20:02:22.773,1.51084,1.51104,1.37,2.25
2015.12.14 20:02:23.288,1.51084,1.51103,1.00,1.75
2015.12.14 20:02:24.346,1.51082,1.51102,1.12,1.50
2015.12.14 20:02:25.413,1.51084,1.51103,1.00,1.12
2015.12.14 20:02:25.666,1.51082,1.51103,1.12,1.12
2015.12.14 20:02:25.869,1.51082,1.51105,1.87,2.62
2015.12.14 20:02:26.196,1.5108,1.51103,2.25,1.12
2015.12.14 20:02:26.859,1.51079,1.511,1.12,1.12
2015.12.14 20:02:27.164,1.5108,1.51103,1.12,1.12
2015.12.14 20:02:27.687,1.51077,1.511,1.12,1.12
2015.12.14 20:02:27.993,1.51075,1.51097,1.87,1.12
2015.12.14 20:02:28.362,1.51076,1.51098,1.12,1.37
2015.12.14 20:02:28.823,1.51075,1.51098,1.75,1.12
2015.12.14 20:02:29.077,1.51076,1.51098,1.12,1.37
2015.12.14 20:02:30.443,1.51077,1.51098,1.37,1.00
2015.12.14 20:02:32.993,1.51076,1.51097,1.00,1.00
2015.12.14 20:02:34.966,1.51075,1.51098,1.87,1.12
2015.12.14 20:02:36.275,1.51074,1.51095,1.50,1.00
2015.12.14 20:02:36.681,1.51075,1.51097,1.12,1.50
2015.12.14 20:02:37.290,1.51073,1.51096,1.87,1.12
2015.12.14 20:02:40.097,1.51073,1.51092,1.00,1.12
2015.12.14 20:02:40.149,1.5107,1.51092,1.50,1.12
2015.12.14 20:02:40.459,1.51071,1.51093,1.75,1.37
2015.12.14 20:02:40.511,1.51072,1.51095,1.12,1.12
2015.12.14 20:02:46.509,1.51075,1.51098,1.12,2.62
2015.12.14 20:02:47.315,1.51078,1.511,1.37,1.12
2015.12.14 20:02:47.620,1.51081,1.511,1.00,1.37
2015.12.14 20:02:47.874,1.51077,1.51098,1.87,1.00
2015.12.14 20:02:48.381,1.51077,1.51099,1.50,1.12
2015.12.14 20:02:50.306,1.5108,1.51101,1.12,1.00
2015.12.14 20:02:52.697,1.51077,1.511,1.87,2.25
2015.12.14 20:02:53.103,1.51077,1.51097,1.00,1.12
2015.12.14 20:02:53.689,1.51075,1.51097,1.37,1.12
2015.12.14 20:02:55.011,1.51073,1.51095,1.50,1.12
2015.12.14 20:02:55.347,1.51075,1.51097,1.37,1.87
2015.12.14 20:02:55.655,1.51073,1.51095,1.50,1.12
2015.12.14 20:02:55.960,1.51075,1.51097,1.37,1.87
2015.12.14 20:02:56.309,1.51073,1.51095,1.87,1.37
2015.12.14 20:02:56.616,1.51075,1.51097,1.37,1.12
2015.12.14 20:02:56.920,1.51073,1.51095,2.25,1.12
2015.12.14 20:03:01.032,1.51076,1.51095,1.00,1.12
2015.12.14 20:03:01.135,1.51076,1.51099,1.87,1.12
2015.12.14 20:03:01.257,1.51078,1.51101,1.37,1.12
2015.12.14 20:03:01.309,1.51079,1.51102,1.12,1.12
2015.12.14 20:03:02.427,1.51079,1.511,1.50,1.37
2015.12.14 20:03:02.528,1.51077,1.51099,1.50,1.12
2015.12.14 20:03:03.456,1.51077,1.511,1.12,1.12
2015.12.14 20:03:03.507,1.51078,1.51101,1.12,2.25
2015.12.14 20:03:07.598,1.51078,1.51098,1.12,1.37
2015.12.14 20:03:07.700,1.51076,1.51096,1.50,1.00
2015.12.14 20:03:08.232,1.51074,1.51096,1.12,1.37
2015.12.14 20:03:09.578,1.51074,1.51093,1.12,1.00
2015.12.14 20:03:10.366,1.51074,1.5109,1.12,1.00
2015.12.14 20:03:11.650,1.51076,1.5109,1.12,1.00
2015.12.14 20:03:12.006,1.51077,1.5109,1.12,1.00
2015.12.14 20:03:12.318,1.51079,1.51093,1.12,1.00
2015.12.14 20:03:12.719,1.51081,1.51095,1.12,1.00
2015.12.14 20:03:13.025,1.51085,1.51095,1.12,1.00
2015.12.14 20:03:13.853,1.51083,1.51095,1.50,1.00
2015.12.14 20:03:14.121,1.51083,1.51098,1.87,1.00
2015.12.14 20:03:14.612,1.51086,1.51098,1.00,1.00
2015.12.14 20:03:14.764,1.51086,1.51101,1.00,1.00
2015.12.14 20:03:15.274,1.51086,1.51101,1.50,1.00
2015.12.14 20:03:17.046,1.51084,1.51101,1.00,1.00
2015.12.14 20:03:18.840,1.5109,1.51101,1.00,1.00
2015.12.14 20:03:18.891,1.51086,1.51101,1.00,1.00
2015.12.14 20:03:18.942,1.51088,1.51104,1.00,1.00
2015.12.14 20:03:19.341,1.5109,1.51104,1.00,1.00
2015.12.14 20:03:19.697,1.5109,1.51106,1.00,1.00
2015.12.14 20:03:20.204,1.51091,1.51106,1.00,1.00
2015.12.14 20:03:20.561,1.5109,1.51104,1.00,1.00
2015.12.14 20:03:20.663,1.51088,1.51104,1.00,1.00
2015.12.14 20:03:21.199,1.51089,1.51104,1.00,1.00
2015.12.14 20:03:21.503,1.51091,1.51104,1.00,1.00
2015.12.14 20:03:21.655,1.51089,1.51104,1.50,1.00
2015.12.14 20:03:22.324,1.51091,1.51104,1.00,1.00
2015.12.14 20:03:22.476,1.51093,1.51107,1.00,1.00
2015.12.14 20:03:22.679,1.51091,1.51109,1.50,1.00
2015.12.14 20:03:22.730,1.51094,1.51109,1.00,1.00
2015.12.14 20:03:22.833,1.5109,1.51109,1.00,1.00
2015.12.14 20:03:25.688,1.51091,1.51109,1.00,1.00
2015.12.14 20:03:26.194,1.5109,1.51109,1.12,1.00
2015.12.14 20:03:27.156,1.5109,1.51109,1.37,1.00
2015.12.14 20:03:28.458,1.5109,1.51109,1.12,1.00
2015.12.14 20:03:31.945,1.51091,1.51109,1.00,1.00
2015.12.14 20:03:32.052,1.51091,1.51109,3.00,1.00
2015.12.14 20:03:32.356,1.51098,1.51111,1.12,1.00
2015.12.14 20:03:32.674,1.51099,1.51111,1.12,1.00
2015.12.14 20:03:33.144,1.511,1.51114,1.50,1.00
2015.12.14 20:03:33.981,1.51101,1.51114,1.87,1.00
2015.12.14 20:03:36.102,1.51101,1.51116,1.37,1.00
2015.12.14 20:03:37.956,1.51101,1.51116,1.00,1.00
2015.12.14 20:03:38.109,1.51098,1.51116,1.37,1.00
2015.12.14 20:03:38.328,1.51096,1.5111,1.50,1.00
2015.12.14 20:03:38.480,1.51092,1.5111,1.50,1.00
2015.12.14 20:03:38.887,1.51092,1.5111,1.87,1.00
2015.12.14 20:03:39.977,1.51091,1.5111,2.25,1.00
2015.12.14 20:03:40.515,1.51091,1.5111,1.87,1.00
2015.12.14 20:03:41.748,1.51093,1.5111,1.00,1.00
2015.12.14 20:03:44.405,1.51093,1.51108,1.00,1.00
2015.12.14 20:03:44.658,1.51089,1.51108,1.87,1.00
2015.12.14 20:03:45.093,1.51088,1.51105,1.12,1.00
2015.12.14 20:03:45.431,1.51087,1.51105,1.37,1.00
2015.12.14 20:03:47.187,1.51086,1.51103,1.12,1.00
2015.12.14 20:03:50.408,1.51089,1.51103,1.00,1.00
2015.12.14 20:03:50.459,1.51089,1.51107,1.00,1.12
2015.12.14 20:03:50.510,1.51093,1.51107,1.00,1.12
2015.12.14 20:03:50.663,1.51094,1.51111,1.87,1.00
2015.12.14 20:03:50.765,1.51094,1.51114,3.00,1.00
2015.12.14 20:03:51.069,1.51102,1.51114,1.00,1.00
2015.12.14 20:03:52.845,1.511,1.51114,2.25,1.00
2015.12.14 20:03:53.509,1.51102,1.51114,1.00,1.00
2015.12.14 20:03:54.015,1.51102,1.51114,1.50,1.00
2015.12.14 20:03:54.886,1.511,1.51114,1.87,1.00
2015.12.14 20:03:54.937,1.51098,1.51114,1.87,1.00
2015.12.14 20:03:56.973,1.51099,1.51114,2.62,1.00
2015.12.14 20:03:58.582,1.51102,1.51114,1.00,1.00
2015.12.14 20:03:59.772,1.51102,1.51116,1.00,1.00
2015.12.14 20:04:00.294,1.51103,1.51116,1.00,1.00
2015.12.14 20:04:01.651,1.51103,1.51119,1.00,1.00
2015.12.14 20:04:02.158,1.51107,1.51119,1.00,1.00
2015.12.14 20:04:02.311,1.51109,1.51122,1.00,1.00
2015.12.14 20:04:02.465,1.5111,1.51124,1.00,1.00
2015.12.14 20:04:02.655,1.51113,1.51124,1.00,1.00
2015.12.14 20:04:04.659,1.51111,1.51124,1.00,1.00
2015.12.14 20:04:05.216,1.5111,1.51124,1.87,1.00
2015.12.14 20:04:05.318,1.51112,1.51124,1.12,1.00
2015.12.14 20:04:05.623,1.51109,1.51124,2.62,1.00
2015.12.14 20:04:06.206,1.51109,1.51124,1.75,1.00
2015.12.14 20:04:06.257,1.51111,1.51126,1.12,1.00
2015.12.14 20:04:06.359,1.51109,1.51126,1.37,1.00
2015.12.14 20:04:06.411,1.51109,1.51126,1.12,1.00
2015.12.14 20:04:13.102,1.5111,1.51126,1.12,1.00
2015.12.14 20:04:13.408,1.51108,1.51124,1.37,1.50
2015.12.14 20:04:13.511,1.511,1.5112,1.87,1.50
2015.12.14 20:04:13.563,1.511,1.51118,1.50,1.87
2015.12.14 20:04:13.614,1.51098,1.51118,1.12,2.25
2015.12.14 20:04:13.666,1.51098,1.51115,1.12,1.00
2015.12.14 20:04:13.920,1.51094,1.51115,1.50,1.50
2015.12.14 20:04:14.112,1.51094,1.51112,1.50,1.00
2015.12.14 20:04:15.989,1.51092,1.51109,1.12,1.00
2015.12.14 20:04:16.142,1.51085,1.51107,1.75,1.50
2015.12.14 20:04:16.245,1.51085,1.51107,1.37,1.87
2015.12.14 20:04:16.762,1.51085,1.51104,1.37,1.00
2015.12.14 20:04:17.134,1.51089,1.51104,1.00,1.00
2015.12.14 20:04:17.439,1.51092,1.51104,1.00,1.00
2015.12.14 20:04:17.946,1.51093,1.51104,1.00,1.00
2015.12.14 20:04:18.625,1.5109,1.51104,1.87,1.00
2015.12.14 20:04:19.233,1.51088,1.51104,1.87,1.00
2015.12.14 20:04:19.747,1.51089,1.51104,1.12,1.00
2015.12.14 20:04:21.531,1.51086,1.51104,1.50,1.00
2015.12.14 20:04:22.538,1.51084,1.51104,1.75,1.12
2015.12.14 20:04:23.071,1.51084,1.51103,1.75,1.00
2015.12.14 20:04:23.223,1.51083,1.51103,1.50,1.00
2015.12.14 20:04:23.419,1.51084,1.51103,1.75,1.00
2015.12.14 20:04:23.520,1.51083,1.51103,1.00,1.37
2015.12.14 20:04:23.928,1.51081,1.51102,3.00,1.12
2015.12.14 20:04:24.233,1.51079,1.51096,1.87,1.00
2015.12.14 20:04:24.335,1.51073,1.51094,1.87,1.37
2015.12.14 20:04:24.386,1.51076,1.51094,1.00,1.37
2015.12.14 20:04:24.915,1.51075,1.51093,1.50,1.00
2015.12.14 20:04:25.220,1.51077,1.51093,1.87,1.00
2015.12.14 20:04:25.541,1.51081,1.51093,1.00,1.00
2015.12.14 20:04:25.694,1.51076,1.51092,1.50,1.37
2015.12.14 20:04:25.797,1.51073,1.51091,1.00,1.12
2015.12.14 20:04:25.900,1.5107,1.51091,2.25,1.12
2015.12.14 20:04:26.130,1.5107,1.51087,2.25,1.00
2015.12.14 20:04:26.639,1.51071,1.51087,1.00,1.00
2015.12.14 20:04:27.243,1.51072,1.51087,1.00,1.00
2015.12.14 20:04:27.579,1.51074,1.51087,1.00,1.00
2015.12.14 20:04:27.631,1.51076,1.5109,1.12,1.00
2015.12.14 20:04:27.784,1.51078,1.5109,1.00,1.00
2015.12.14 20:04:28.103,1.51081,1.5109,1.00,1.00
2015.12.14 20:04:28.559,1.51077,1.5109,1.00,1.00
2015.12.14 20:04:30.104,1.51077,1.51091,1.87,1.00
2015.12.14 20:04:31.499,1.51077,1.51091,1.87,1.00
2015.12.14 20:04:32.424,1.51081,1.51091,1.00,1.00
2015.12.14 20:04:32.526,1.51082,1.51096,1.00,1.00
2015.12.14 20:04:32.628,1.51084,1.51096,1.00,1.00
2015.12.14 20:04:32.679,1.51084,1.51099,1.00,1.00
2015.12.14 20:04:32.730,1.51087,1.51099,1.00,1.00
2015.12.14 20:04:32.864,1.51084,1.51099,1.87,1.00
2015.12.14 20:04:35.580,1.51085,1.51099,1.00,1.00
2015.12.14 20:04:40.310,1.51084,1.51099,1.87,1.00
2015.12.14 20:04:41.059,1.51085,1.51099,1.00,1.00
2015.12.14 20:04:47.011,1.51086,1.51099,1.00,1.00
2015.12.14 20:04:52.471,1.51087,1.51099,1.00,1.00
2015.12.14 20:04:52.523,1.51087,1.51102,1.12,1.00
2015.12.14 20:04:52.624,1.51089,1.51102,1.00,1.00
2015.12.14 20:04:53.130,1.51088,1.51102,1.00,1.12
2015.12.14 20:04:53.639,1.51087,1.51102,1.00,1.12
2015.12.14 20:04:54.360,1.51085,1.51102,1.00,1.12
2015.12.14 20:04:54.871,1.51084,1.51102,1.12,1.12
2015.12.14 20:04:58.675,1.51082,1.51098,1.87,1.00
2015.12.14 20:04:58.929,1.51074,1.5109,1.00,1.00
2015.12.14 20:04:59.233,1.51071,1.5109,1.87,1.00
2015.12.14 20:04:59.284,1.51071,1.51087,1.87,1.00
2015.12.14 20:04:59.597,1.51074,1.51087,1.00,1.00
2015.12.14 20:05:05.850,1.51075,1.51087,1.00,1.00
2015.12.14 20:05:07.245,1.51074,1.51087,1.00,1.00
2015.12.14 20:05:10.369,1.51075,1.51087,1.00,1.00
2015.12.14 20:05:10.668,1.51073,1.51087,1.00,1.00
2015.12.14 20:05:10.987,1.51075,1.51087,1.00,1.00
2015.12.14 20:05:11.527,1.51074,1.51087,1.00,1.00
2015.12.14 20:05:14.330,1.51075,1.51087,1.00,1.00
2015.12.14 20:05:16.829,1.51072,1.51087,1.00,1.12
2015.12.14 20:05:17.337,1.51073,1.51087,1.00,1.12
2015.12.14 20:05:18.491,1.51072,1.51087,1.00,1.12
2015.12.14 20:05:19.029,1.51074,1.51087,1.00,1.12
2015.12.14 20:05:19.283,1.51077,1.51092,1.50,1.00
2015.12.14 20:05:20.220,1.51077,1.51094,1.50,1.00
2015.12.14 20:05:21.356,1.5108,1.51094,1.00,1.00
2015.12.14 20:05:21.458,1.51077,1.51094,1.37,1.00
2015.12.14 20:05:21.661,1.51076,1.51094,1.12,1.00
2015.12.14 20:05:23.062,1.51075,1.51094,1.75,1.00
2015.12.14 20:05:23.521,1.51075,1.51093,1.12,1.00
2015.12.14 20:05:23.623,1.51075,1.51092,1.00,1.50
2015.12.14 20:05:23.675,1.51072,1.51092,1.00,1.50
2015.12.14 20:05:23.817,1.51072,1.51089,1.00,1.00
2015.12.14 20:05:26.937,1.51073,1.51089,1.00,1.00
2015.12.14 20:05:26.988,1.51074,1.51091,1.00,1.12
2015.12.14 20:05:27.143,1.51076,1.51094,1.75,1.00
2015.12.14 20:05:27.448,1.51076,1.51094,1.12,1.00
2015.12.14 20:05:27.754,1.51076,1.51094,1.12,1.00
2015.12.14 20:05:29.146,1.51077,1.51094,1.12,1.00
2015.12.14 20:05:29.502,1.51079,1.51094,1.00,1.00
2015.12.14 20:05:29.807,1.51084,1.51094,1.00,1.00
2015.12.14 20:05:30.061,1.51082,1.51094,1.00,1.00
2015.12.14 20:05:30.254,1.51084,1.51094,1.00,1.00
2015.12.14 20:05:31.115,1.51085,1.51094,1.00,1.00
2015.12.14 20:05:31.267,1.5108,1.51094,1.00,1.12
2015.12.14 20:05:31.370,1.51076,1.51093,1.00,1.12
2015.12.14 20:05:31.574,1.51072,1.51089,1.00,1.12
2015.12.14 20:05:31.998,1.5107,1.51089,1.50,1.12
2015.12.14 20:05:32.150,1.51075,1.51089,1.00,1.12
2015.12.14 20:05:32.456,1.51073,1.51089,1.00,1.87
2015.12.14 20:05:32.767,1.51076,1.51089,1.00,1.87
2015.12.14 20:05:33.448,1.51068,1.51089,3.00,1.50
2015.12.14 20:05:33.653,1.51068,1.51084,1.50,1.00
2015.12.14 20:05:34.122,1.51074,1.51084,1.00,1.12
2015.12.14 20:05:34.960,1.51074,1.51084,1.00,1.50
2015.12.14 20:05:35.011,1.5107,1.51084,1.00,1.50
2015.12.14 20:05:35.520,1.51071,1.51084,1.00,1.50
2015.12.14 20:05:35.673,1.51067,1.51084,1.00,1.50
2015.12.14 20:05:35.977,1.5107,1.51084,1.00,1.00
2015.12.14 20:05:36.497,1.51069,1.51084,1.00,1.00
2015.12.14 20:05:37.073,1.51069,1.51084,1.87,1.00
2015.12.14 20:05:37.767,1.5107,1.51084,1.00,1.00
2015.12.14 20:05:38.074,1.51073,1.51084,1.00,1.00
2015.12.14 20:05:39.942,1.51069,1.51087,1.12,1.12
2015.12.14 20:05:40.043,1.51076,1.51087,1.00,1.12
2015.12.14 20:05:40.145,1.51076,1.51089,1.00,1.87
2015.12.14 20:05:40.196,1.51076,1.51089,1.00,1.12
2015.12.14 20:05:40.450,1.51077,1.51089,1.00,1.75
2015.12.14 20:05:41.640,1.51077,1.51089,1.00,1.50
2015.12.14 20:05:41.691,1.51077,1.51089,1.00,1.00
2015.12.14 20:05:41.742,1.51077,1.51089,1.00,1.75
2015.12.14 20:05:42.048,1.51065,1.5108,1.50,1.37
2015.12.14 20:05:42.558,1.51066,1.51079,1.00,1.50
2015.12.14 20:05:43.094,1.51067,1.5108,1.00,1.12
2015.12.14 20:05:43.919,1.51065,1.51078,1.00,1.37
2015.12.14 20:05:44.258,1.51062,1.51077,1.00,1.12
2015.12.14 20:05:46.264,1.51062,1.51078,1.00,1.12
2015.12.14 20:05:46.366,1.51062,1.51076,1.00,1.12
2015.12.14 20:05:46.729,1.51062,1.5108,1.00,1.12
2015.12.14 20:05:46.780,1.51062,1.51075,1.00,1.00
2015.12.14 20:05:47.319,1.51062,1.51078,1.00,1.12
2015.12.14 20:05:49.155,1.51061,1.51078,1.00,1.12
2015.12.14 20:05:49.874,1.51062,1.51078,1.00,1.12
2015.12.14 20:05:50.180,1.51058,1.51076,1.00,1.12
2015.12.14 20:05:50.685,1.51059,1.51074,1.00,1.12
2015.12.14 20:05:51.293,1.51062,1.51076,1.00,1.12
2015.12.14 20:05:51.395,1.51062,1.51077,1.00,1.12
2015.12.14 20:05:51.497,1.51066,1.51077,1.00,1.12
2015.12.14 20:05:52.349,1.51064,1.51077,1.00,1.00
2015.12.14 20:05:52.604,1.51067,1.51077,1.00,1.00
2015.12.14 20:05:52.706,1.51067,1.5108,1.00,1.50
2015.12.14 20:05:53.214,1.51067,1.5108,1.00,1.87
2015.12.14 20:05:53.595,1.51065,1.5108,1.00,1.87
2015.12.14 20:05:54.120,1.51063,1.5108,1.00,1.87
2015.12.14 20:05:54.273,1.51063,1.51079,1.00,1.12
2015.12.14 20:05:54.586,1.51062,1.51075,1.00,1.12
2015.12.14 20:05:54.745,1.51058,1.51077,1.00,1.87
2015.12.14 20:05:54.797,1.51057,1.51076,1.00,1.12
2015.12.14 20:05:55.103,1.51041,1.51063,2.25,1.75
2015.12.14 20:05:55.154,1.51041,1.51062,1.12,1.37
2015.12.14 20:05:55.306,1.51041,1.51061,1.50,1.87
2015.12.14 20:05:55.832,1.51042,1.51059,1.00,1.12
2015.12.14 20:05:56.194,1.51052,1.51059,1.00,1.12
2015.12.14 20:05:56.551,1.51053,1.51059,1.00,1.12
2015.12.14 20:05:56.654,1.51055,1.51061,1.00,1.50
2015.12.14 20:05:56.857,1.51053,1.51061,1.00,1.00
2015.12.14 20:05:56.908,1.51053,1.51061,1.00,2.25
2015.12.14 20:05:57.162,1.51037,1.51054,1.87,1.12
2015.12.14 20:05:57.300,1.51048,1.51054,1.00,1.12
2015.12.14 20:05:57.674,1.51048,1.51054,1.00,1.12
2015.12.14 20:05:57.878,1.51042,1.51054,1.00,1.12
2015.12.14 20:05:58.080,1.51039,1.51052,1.00,1.12
2015.12.14 20:05:58.132,1.51039,1.51052,1.00,1.87
2015.12.14 20:05:58.481,1.51039,1.51048,1.00,1.37
2015.12.14 20:05:58.786,1.51042,1.51048,1.00,1.37
2015.12.14 20:05:58.837,1.5104,1.51051,1.00,1.12
2015.12.14 20:05:58.888,1.5104,1.51051,1.00,1.37
2015.12.14 20:05:59.079,1.51043,1.51051,1.00,1.37
2015.12.14 20:05:59.283,1.51024,1.51045,1.12,2.25
2015.12.14 20:05:59.334,1.51023,1.51039,1.00,1.12
2015.12.14 20:05:59.385,1.51026,1.51039,1.00,1.12
2015.12.14 20:05:59.619,1.51027,1.51041,1.00,1.12
2015.12.14 20:05:59.721,1.51027,1.51041,1.00,1.00
2015.12.14 20:05:59.823,1.51032,1.51041,1.00,1.00
2015.12.14 20:06:00.380,1.51028,1.51041,1.00,1.00
2015.12.14 20:06:00.731,1.5103,1.51041,1.00,1.00
2015.12.14 20:06:01.809,1.51028,1.51041,1.00,1.00
2015.12.14 20:06:01.955,1.51027,1.51039,1.00,1.12
2015.12.14 20:06:02.161,1.51025,1.51038,1.00,1.12
2015.12.14 20:06:02.264,1.51022,1.51038,1.00,1.12
2015.12.14 20:06:02.366,1.51024,1.51034,1.00,1.00
2015.12.14 20:06:02.468,1.51017,1.51032,1.00,1.37
2015.12.14 20:06:02.520,1.51017,1.51032,1.00,2.62
2015.12.14 20:06:02.723,1.51013,1.51026,1.00,1.00
2015.12.14 20:06:02.897,1.5101,1.51026,1.00,1.12
2015.12.14 20:06:02.948,1.51008,1.51024,1.00,1.37
2015.12.14 20:06:02.999,1.51008,1.51024,1.00,1.12
2015.12.14 20:06:03.305,1.51002,1.51014,1.00,1.37
2015.12.14 20:06:03.408,1.51002,1.51017,1.00,1.12
2015.12.14 20:06:03.459,1.51002,1.51018,1.00,1.37
2015.12.14 20:06:03.562,1.51,1.5102,1.50,1.75
2015.12.14 20:06:04.097,1.51001,1.51021,1.00,1.12
2015.12.14 20:06:04.555,1.51003,1.51021,1.00,1.12
2015.12.14 20:06:04.758,1.51,1.51021,1.87,1.12
2015.12.14 20:06:04.810,1.51,1.5102,1.50,1.12
2015.12.14 20:06:05.263,1.51,1.51021,1.00,1.87
2015.12.14 20:06:05.315,1.51003,1.51021,1.00,1.12
2015.12.14 20:06:05.568,1.51001,1.51018,1.00,1.00
2015.12.14 20:06:06.145,1.51002,1.51018,1.00,1.00
2015.12.14 20:06:06.740,1.51003,1.51018,1.00,1.00
2015.12.14 20:06:07.146,1.51002,1.51018,1.00,1.37
2015.12.14 20:06:07.400,1.51,1.51017,1.50,1.12
2015.12.14 20:06:07.502,1.51,1.51019,1.00,1.75
2015.12.14 20:06:07.683,1.51003,1.51026,1.12,1.87
2015.12.14 20:06:07.734,1.51009,1.51026,1.00,1.50
2015.12.14 20:06:07.939,1.51009,1.51028,1.00,1.50
2015.12.14 20:06:07.990,1.51011,1.51028,1.00,1.12
2015.12.14 20:06:08.298,1.51033,1.51046,1.00,1.12
2015.12.14 20:06:08.350,1.51033,1.51049,1.00,1.12
2015.12.14 20:06:08.442,1.51033,1.51052,1.00,1.12
2015.12.14 20:06:08.494,1.51042,1.51055,1.00,1.12
2015.12.14 20:06:08.546,1.51042,1.51056,1.00,1.75
2015.12.14 20:06:08.750,1.51042,1.51055,1.00,1.12
2015.12.14 20:06:09.057,1.51045,1.51057,1.00,1.12
2015.12.14 20:06:09.263,1.51045,1.51061,1.00,1.12
2015.12.14 20:06:09.392,1.5105,1.51064,1.00,1.75
2015.12.14 20:06:09.446,1.5105,1.51065,1.00,1.37
2015.12.14 20:06:09.497,1.51044,1.51065,1.50,1.37
2015.12.14 20:06:09.903,1.51045,1.51068,1.12,1.12
2015.12.14 20:06:09.954,1.51047,1.51069,1.12,1.87
2015.12.14 20:06:10.056,1.51046,1.51068,1.12,1.37
2015.12.14 20:06:10.261,1.51048,1.51066,1.00,1.37
2015.12.14 20:06:10.742,1.51046,1.51066,1.12,1.37
2015.12.14 20:06:10.843,1.51051,1.51066,1.00,1.37
2015.12.14 20:06:11.350,1.51052,1.51066,1.00,1.37
2015.12.14 20:06:11.548,1.51041,1.51064,1.87,1.87
2015.12.14 20:06:11.650,1.51039,1.51062,1.75,1.12
2015.12.14 20:06:11.752,1.51039,1.51062,1.00,1.12
2015.12.14 20:06:11.905,1.51044,1.51062,1.00,1.12
2015.12.14 20:06:12.058,1.51043,1.51062,1.00,1.00
2015.12.14 20:06:12.161,1.51044,1.51064,1.12,1.50
2015.12.14 20:06:12.213,1.51044,1.51065,1.12,1.12
2015.12.14 20:06:13.227,1.51044,1.51062,1.00,1.12
2015.12.14 20:06:13.380,1.5104,1.51061,1.50,1.00
2015.12.14 20:06:13.432,1.5104,1.51061,1.12,1.50
2015.12.14 20:06:13.737,1.51043,1.5106,1.00,1.00
2015.12.14 20:06:14.042,1.51045,1.51062,1.00,1.75
2015.12.14 20:06:14.987,1.51047,1.51062,1.00,1.12
2015.12.14 20:06:15.445,1.51045,1.51062,1.00,1.12
2015.12.14 20:06:15.950,1.51044,1.51062,1.00,1.12
2015.12.14 20:06:16.102,1.51042,1.51062,1.00,1.12
2015.12.14 20:06:16.612,1.51041,1.51061,1.12,1.37
2015.12.14 20:06:16.663,1.51041,1.51063,1.12,3.00
2015.12.14 20:06:16.941,1.51039,1.51059,1.12,1.37
2015.12.14 20:06:16.993,1.51039,1.5106,2.25,1.00
2015.12.14 20:06:17.044,1.51039,1.5106,2.25,1.12
2015.12.14 20:06:19.174,1.51043,1.51061,1.00,2.25
2015.12.14 20:06:19.478,1.51043,1.51058,1.00,1.12
2015.12.14 20:06:19.750,1.51039,1.51055,1.00,1.12
2015.12.14 20:06:20.269,1.5104,1.51055,1.00,1.12
2015.12.14 20:06:20.573,1.5104,1.51058,1.00,1.12
2015.12.14 20:06:20.675,1.5104,1.51055,1.00,1.12
2015.12.14 20:06:21.070,1.5104,1.51059,1.12,1.00
2015.12.14 20:06:21.172,1.51037,1.51058,1.87,1.12
2015.12.14 20:06:21.477,1.5104,1.51059,1.00,1.87
2015.12.14 20:06:22.023,1.5104,1.51058,1.00,1.12
2015.12.14 20:06:23.700,1.51039,1.51058,1.00,1.87
2015.12.14 20:06:24.197,1.51039,1.51058,1.12,1.12
2015.12.14 20:06:24.552,1.51038,1.51058,1.12,1.00
2015.12.14 20:06:24.705,1.51037,1.51058,1.87,2.25
2015.12.14 20:06:24.967,1.51038,1.51058,1.12,1.12
2015.12.14 20:06:25.188,1.51036,1.51057,2.25,1.00
2015.12.14 20:06:25.241,1.51036,1.51056,1.12,1.00
2015.12.14 20:06:25.753,1.5104,1.51057,1.00,1.37
2015.12.14 20:06:26.059,1.51048,1.51066,1.87,1.00
2015.12.14 20:06:26.161,1.5105,1.5107,1.75,1.87
2015.12.14 20:06:26.329,1.51054,1.51074,1.50,1.87
2015.12.14 20:06:26.432,1.51057,1.51074,1.00,1.37
2015.12.14 20:06:26.940,1.51057,1.51075,1.12,1.37
2015.12.14 20:06:27.258,1.51055,1.51069,1.37,1.00
2015.12.14 20:06:27.309,1.51053,1.51069,1.37,1.00
2015.12.14 20:06:27.360,1.5105,1.51065,1.12,1.00
2015.12.14 20:06:27.411,1.51048,1.51065,1.12,1.00
2015.12.14 20:06:27.545,1.51048,1.51065,1.12,1.00
2015.12.14 20:06:27.596,1.51048,1.51065,1.87,1.00
2015.12.14 20:06:27.749,1.51048,1.51065,1.00,1.00
2015.12.14 20:06:27.851,1.51047,1.51069,1.12,1.50
2015.12.14 20:06:27.953,1.51051,1.51073,1.75,2.25
2015.12.14 20:06:28.004,1.51054,1.51074,1.12,1.12
2015.12.14 20:06:28.056,1.51055,1.51074,1.12,1.00
2015.12.14 20:06:28.107,1.51056,1.51076,1.87,1.00
2015.12.14 20:06:28.361,1.51057,1.51079,1.87,1.50
2015.12.14 20:06:28.514,1.51061,1.51081,1.12,1.00
2015.12.14 20:06:28.983,1.51062,1.51085,1.87,2.25
2015.12.14 20:06:29.034,1.51064,1.51085,1.37,1.50
2015.12.14 20:06:29.188,1.51067,1.51087,1.12,1.00
2015.12.14 20:06:30.777,1.51068,1.51085,1.50,1.00
2015.12.14 20:06:31.462,1.51068,1.51087,1.50,1.00
2015.12.14 20:06:33.089,1.51068,1.51089,1.50,1.50
2015.12.14 20:06:35.016,1.51071,1.51089,1.00,1.50
2015.12.14 20:06:35.169,1.51072,1.51092,1.50,1.50
2015.12.14 20:06:35.270,1.51076,1.51094,1.00,1.87
2015.12.14 20:06:35.372,1.51076,1.51094,1.12,1.00
2015.12.14 20:06:35.578,1.51078,1.51094,1.00,1.00
2015.12.14 20:06:35.782,1.51073,1.5109,1.12,1.00
2015.12.14 20:06:35.935,1.51072,1.51088,1.12,1.00
2015.12.14 20:06:36.223,1.51067,1.51085,1.12,1.12
2015.12.14 20:06:36.325,1.51067,1.51083,1.00,1.00
2015.12.14 20:06:37.265,1.51066,1.51083,1.12,1.00
2015.12.14 20:06:37.572,1.51054,1.51075,1.50,1.50
2015.12.14 20:06:37.674,1.51061,1.51076,1.00,1.87
2015.12.14 20:06:37.979,1.5106,1.51081,1.12,1.12
2015.12.14 20:06:38.321,1.51066,1.51082,1.00,1.87
2015.12.14 20:06:38.676,1.51062,1.51079,1.00,1.00
2015.12.14 20:06:39.083,1.51064,1.51081,1.00,1.37
2015.12.14 20:06:39.407,1.51068,1.51081,1.00,2.25
2015.12.14 20:06:40.210,1.51063,1.51077,1.00,1.12
2015.12.14 20:06:40.311,1.51061,1.51075,1.00,1.00
2015.12.14 20:06:40.413,1.51058,1.51075,1.00,1.12
2015.12.14 20:06:40.515,1.51058,1.51075,1.00,1.87
2015.12.14 20:06:40.720,1.5106,1.51081,1.00,1.00
2015.12.14 20:06:40.925,1.51068,1.5108,1.00,1.00
2015.12.14 20:06:41.433,1.51068,1.51081,1.00,1.87
2015.12.14 20:06:41.738,1.51064,1.51075,1.00,1.00
2015.12.14 20:06:41.840,1.5106,1.51075,1.00,1.87
2015.12.14 20:06:42.350,1.51059,1.51079,1.37,1.12
2015.12.14 20:06:42.401,1.51059,1.51082,1.75,1.87
2015.12.14 20:06:42.452,1.51062,1.51082,1.12,1.12
2015.12.14 20:06:42.503,1.51061,1.51082,1.37,1.50
2015.12.14 20:06:42.554,1.51059,1.51082,1.87,1.87
2015.12.14 20:06:42.605,1.51066,1.51082,1.00,1.87
2015.12.14 20:06:42.910,1.51066,1.51079,1.00,1.37
2015.12.14 20:06:43.215,1.51068,1.51079,1.00,1.37
2015.12.14 20:06:43.699,1.51062,1.5108,1.00,1.37
2015.12.14 20:06:43.902,1.51063,1.51079,1.00,1.12
2015.12.14 20:06:44.055,1.51061,1.51079,1.00,1.37
2015.12.14 20:06:44.106,1.51061,1.51082,1.75,1.75
2015.12.14 20:06:44.158,1.51066,1.51082,1.00,1.00
2015.12.14 20:06:44.209,1.51066,1.51082,1.00,1.50
2015.12.14 20:06:44.361,1.51063,1.51082,1.00,1.12
2015.12.14 20:06:44.666,1.51063,1.51083,1.50,1.00
2015.12.14 20:06:44.717,1.51063,1.51083,1.87,1.00
2015.12.14 20:06:46.537,1.51063,1.51083,1.50,1.12
2015.12.14 20:06:47.298,1.51063,1.51085,1.12,1.37
2015.12.14 20:06:47.603,1.51065,1.51082,1.00,2.25
2015.12.14 20:06:47.907,1.51062,1.51081,1.00,1.50
2015.12.14 20:06:48.071,1.51065,1.51082,1.00,1.75
2015.12.14 20:06:48.326,1.51063,1.51082,1.00,1.12
2015.12.14 20:06:49.099,1.51064,1.5108,1.00,1.12
2015.12.14 20:06:49.721,1.51064,1.51081,1.00,1.00
2015.12.14 20:06:49.975,1.51066,1.51083,1.00,1.12
2015.12.14 20:06:50.229,1.51062,1.51083,1.00,1.12
2015.12.14 20:06:50.534,1.51061,1.51079,1.00,1.87
2015.12.14 20:06:50.627,1.51057,1.51076,1.12,1.37
2015.12.14 20:06:50.730,1.51054,1.51074,1.00,1.37
2015.12.14 20:06:51.965,1.51053,1.51073,1.37,1.37
2015.12.14 20:06:52.270,1.51053,1.51071,1.00,1.12
2015.12.14 20:06:52.948,1.51052,1.51071,1.00,1.12
2015.12.14 20:06:53.840,1.5105,1.51071,2.62,1.12
2015.12.14 20:06:54.297,1.51057,1.51071,1.00,1.12
2015.12.14 20:06:54.829,1.51058,1.51071,1.00,1.12
2015.12.14 20:06:55.134,1.5106,1.51071,1.00,1.12
2015.12.14 20:06:56.901,1.51059,1.51071,1.00,1.12
2015.12.14 20:06:57.155,1.5106,1.51073,1.00,1.00
2015.12.14 20:06:57.257,1.51062,1.51075,1.00,1.87
2015.12.14 20:06:57.359,1.5106,1.51074,1.00,1.12
2015.12.14 20:06:57.562,1.51058,1.51074,1.00,1.12
2015.12.14 20:06:58.069,1.51057,1.51074,1.00,1.12
2015.12.14 20:06:58.432,1.51059,1.51074,1.00,1.12
2015.12.14 20:06:58.737,1.51059,1.51072,1.00,1.12
2015.12.14 20:06:58.993,1.51056,1.51075,1.00,1.12
2015.12.14 20:06:59.097,1.51058,1.51075,1.00,1.12
2015.12.14 20:06:59.401,1.5106,1.51075,1.00,1.12
2015.12.14 20:06:59.756,1.5106,1.51074,1.00,1.12
2015.12.14 20:07:00.213,1.51052,1.51073,1.37,1.12
2015.12.14 20:07:00.264,1.51052,1.51075,1.75,1.12
2015.12.14 20:07:00.430,1.51053,1.51074,1.00,1.12
2015.12.14 20:07:00.746,1.51051,1.51073,3.00,1.00
2015.12.14 20:07:01.157,1.51051,1.51074,2.25,1.87
2015.12.14 20:07:01.513,1.51052,1.51069,1.12,1.00
2015.12.14 20:07:01.688,1.51048,1.51069,1.12,1.87
2015.12.14 20:07:01.739,1.51047,1.51069,1.50,2.25
2015.12.14 20:07:01.790,1.51047,1.51067,1.00,1.12
2015.12.14 20:07:02.095,1.51047,1.51067,1.37,1.12
2015.12.14 20:07:02.197,1.51047,1.51067,1.00,1.87
2015.12.14 20:07:02.248,1.51047,1.51066,1.00,1.87
2015.12.14 20:07:02.350,1.51044,1.51065,1.12,1.12
2015.12.14 20:07:02.401,1.51046,1.51065,1.00,1.12
2015.12.14 20:07:02.706,1.51051,1.51072,1.50,1.12
2015.12.14 20:07:02.793,1.51052,1.51075,1.12,1.12
2015.12.14 20:07:03.097,1.51054,1.51077,2.62,1.12
2015.12.14 20:07:03.148,1.51055,1.51078,1.12,1.87
2015.12.14 20:07:03.756,1.51054,1.51076,2.25,1.37
2015.12.14 20:07:05.041,1.51055,1.51078,1.12,1.87
2015.12.14 20:07:05.143,1.51054,1.51076,1.50,1.12
2015.12.14 20:07:05.809,1.51057,1.51076,1.00,1.12
2015.12.14 20:07:06.158,1.51057,1.51074,1.00,1.37
2015.12.14 20:07:07.327,1.5106,1.51074,1.00,1.37
2015.12.14 20:07:07.480,1.51068,1.51084,1.12,1.75
2015.12.14 20:07:07.582,1.5107,1.51091,1.12,1.12
2015.12.14 20:07:07.634,1.5107,1.51092,1.50,1.12
2015.12.14 20:07:07.804,1.51077,1.51091,1.00,1.50
2015.12.14 20:07:08.363,1.51077,1.5109,1.00,1.87
2015.12.14 20:07:08.946,1.51077,1.5109,1.00,1.12
2015.12.14 20:07:09.453,1.51077,1.51089,1.00,1.00
2015.12.14 20:07:09.658,1.51077,1.51091,1.00,1.50
2015.12.14 20:07:10.988,1.51075,1.51091,1.00,1.50
2015.12.14 20:07:11.239,1.51075,1.51089,1.00,1.00
2015.12.14 20:07:12.292,1.51074,1.51089,1.00,1.12
2015.12.14 20:07:12.444,1.51072,1.51089,1.00,1.12
2015.12.14 20:07:12.495,1.5107,1.51087,1.12,1.00
2015.12.14 20:07:12.800,1.51067,1.51082,1.12,1.00
2015.12.14 20:07:13.105,1.51067,1.51084,1.00,1.12
2015.12.14 20:07:13.670,1.51066,1.51086,1.12,1.00
2015.12.14 20:07:14.177,1.51066,1.51086,1.12,1.12
2015.12.14 20:07:14.753,1.51065,1.51086,1.87,1.12
2015.12.14 20:07:15.092,1.51065,1.51086,1.50,1.87
2015.12.14 20:07:15.418,1.51061,1.51079,2.62,1.00
2015.12.14 20:07:15.622,1.51058,1.51076,1.50,1.00
2015.12.14 20:07:15.673,1.51058,1.51076,1.87,1.00
2015.12.14 20:07:15.724,1.51062,1.51078,1.00,1.00
2015.12.14 20:07:15.826,1.51059,1.5108,2.62,1.00
2015.12.14 20:07:15.878,1.5106,1.51082,2.25,1.12
2015.12.14 20:07:16.183,1.51067,1.51084,1.00,1.50
2015.12.14 20:07:16.379,1.51062,1.51083,1.12,1.37
2015.12.14 20:07:16.431,1.51061,1.5108,1.87,1.00
2015.12.14 20:07:16.634,1.51061,1.51081,1.00,1.12
2015.12.14 20:07:17.142,1.51063,1.51081,1.00,1.12
2015.12.14 20:07:17.193,1.51065,1.51086,1.12,1.87
2015.12.14 20:07:18.385,1.51068,1.51088,1.00,1.12
2015.12.14 20:07:18.486,1.5107,1.51088,1.37,1.12
2015.12.14 20:07:18.588,1.51074,1.51093,1.00,1.12
2015.12.14 20:07:18.791,1.51074,1.51097,1.12,1.12
2015.12.14 20:07:23.229,1.51072,1.51092,1.75,1.00
2015.12.14 20:07:23.281,1.51072,1.5109,1.37,1.00
2015.12.14 20:07:23.380,1.51069,1.5109,2.25,1.87
2015.12.14 20:07:23.431,1.51068,1.51089,1.37,1.12
2015.12.14 20:07:23.584,1.51065,1.51088,2.25,1.12
2015.12.14 20:07:23.635,1.51067,1.5109,1.37,1.12
2015.12.14 20:07:23.686,1.51068,1.51091,1.12,1.87
2015.12.14 20:07:23.890,1.51071,1.51092,1.50,1.12
2015.12.14 20:07:24.144,1.51075,1.51097,1.12,1.50
2015.12.14 20:07:24.905,1.51072,1.51095,1.12,1.12
2015.12.14 20:07:25.414,1.5107,1.5109,1.12,1.12
2015.12.14 20:07:25.819,1.51068,1.51089,1.00,1.00
2015.12.14 20:07:26.106,1.51069,1.51093,1.75,1.75
2015.12.14 20:07:26.157,1.51073,1.51094,1.12,1.12
2015.12.14 20:07:26.615,1.51071,1.51093,3.00,1.37
2015.12.14 20:07:26.920,1.51073,1.51096,1.87,1.12
2015.12.14 20:07:28.525,1.51077,1.511,1.12,1.12
2015.12.14 20:07:29.118,1.51081,1.511,1.00,1.12
2015.12.14 20:07:30.928,1.5108,1.511,1.00,1.12
2015.12.14 20:07:31.479,1.51081,1.511,1.00,1.12
2015.12.14 20:07:32.698,1.51085,1.511,1.00,1.12
2015.12.14 20:07:32.930,1.51085,1.51103,1.00,1.12
2015.12.14 20:07:35.092,1.51087,1.51103,1.00,1.12
2015.12.14 20:07:36.193,1.5109,1.51103,1.00,1.12
2015.12.14 20:07:36.332,1.5109,1.51106,1.00,1.00
2015.12.14 20:07:36.846,1.51093,1.51107,1.00,1.12
2015.12.14 20:07:36.948,1.51085,1.51104,1.50,1.37
2015.12.14 20:07:37.050,1.51087,1.51103,1.00,1.12
2015.12.14 20:07:37.101,1.51085,1.51102,1.00,1.37
2015.12.14 20:07:37.152,1.51083,1.51101,1.00,1.00
2015.12.14 20:07:37.203,1.51083,1.51101,1.00,1.12
2015.12.14 20:07:37.305,1.51083,1.51101,1.00,1.37
2015.12.14 20:07:37.407,1.51083,1.51101,1.00,1.12
2015.12.14 20:07:37.599,1.51081,1.51099,1.00,1.12
2015.12.14 20:07:37.701,1.51083,1.51099,1.00,1.12
2015.12.14 20:07:37.854,1.51083,1.51101,1.00,1.12
2015.12.14 20:07:37.905,1.51081,1.51101,1.00,1.12
2015.12.14 20:07:38.565,1.5108,1.51101,1.12,1.75
2015.12.14 20:07:40.521,1.51077,1.511,2.25,1.12
2015.12.14 20:07:40.572,1.51077,1.51097,1.00,1.12
2015.12.14 20:07:40.823,1.51076,1.51096,1.00,1.12
2015.12.14 20:07:41.127,1.51076,1.51093,1.50,1.12
2015.12.14 20:07:41.864,1.51078,1.51093,1.00,1.12
2015.12.14 20:07:41.965,1.51078,1.51095,1.00,1.12
2015.12.14 20:07:45.191,1.51075,1.51095,1.00,1.12
2015.12.14 20:07:45.242,1.51075,1.51093,1.00,1.12
2015.12.14 20:07:45.293,1.51073,1.51093,1.00,1.12
2015.12.14 20:07:45.446,1.51071,1.51089,1.00,1.12
2015.12.14 20:07:45.598,1.51068,1.51089,1.12,1.87
2015.12.14 20:07:45.727,1.51068,1.51085,1.00,1.12
2015.12.14 20:07:45.880,1.51069,1.51088,1.00,1.37
2015.12.14 20:07:45.931,1.51069,1.51088,1.00,1.12
2015.12.14 20:07:46.387,1.51067,1.51085,1.00,1.12
2015.12.14 20:07:46.489,1.51069,1.51088,1.00,1.50
2015.12.14 20:07:46.540,1.51069,1.51088,1.00,1.87
2015.12.14 20:07:47.150,1.51069,1.51086,1.00,1.37
2015.12.14 20:07:47.302,1.51067,1.51086,1.00,1.37
2015.12.14 20:07:47.454,1.51067,1.51084,1.00,1.12
2015.12.14 20:07:47.607,1.51065,1.51084,1.00,1.12
2015.12.14 20:07:47.658,1.51065,1.51086,1.12,1.12
2015.12.14 20:07:47.760,1.51065,1.51083,1.00,1.12
2015.12.14 20:07:48.064,1.51067,1.51083,1.00,1.12
2015.12.14 20:07:48.332,1.51067,1.51085,1.00,1.12
2015.12.14 20:07:48.839,1.51068,1.51084,1.00,1.12
2015.12.14 20:07:49.725,1.51068,1.51084,1.00,1.37
2015.12.14 20:07:51.177,1.51066,1.51083,1.00,1.00
2015.12.14 20:07:51.349,1.51066,1.51083,1.00,1.37
2015.12.14 20:07:51.702,1.51064,1.51083,1.50,1.12
2015.12.14 20:07:51.855,1.51066,1.51083,1.00,1.12
2015.12.14 20:07:52.391,1.51064,1.51084,1.50,1.87
2015.12.14 20:07:53.045,1.51066,1.51084,1.00,1.87
2015.12.14 20:07:53.553,1.51067,1.51084,1.00,1.87
2015.12.14 20:07:54.357,1.51066,1.51084,1.00,1.87
2015.12.14 20:07:54.547,1.51066,1.51084,1.00,1.12
2015.12.14 20:07:54.699,1.51066,1.51084,1.37,1.12
2015.12.14 20:07:55.222,1.51064,1.51083,1.87,1.00
2015.12.14 20:07:55.731,1.51069,1.51084,1.00,1.37
2015.12.14 20:07:56.267,1.51068,1.51084,1.12,1.50
2015.12.14 20:07:56.777,1.51068,1.51084,1.50,1.00
2015.12.14 20:07:57.285,1.51069,1.51084,1.00,1.00
2015.12.14 20:07:57.645,1.51072,1.51084,1.00,1.00
2015.12.14 20:07:58.183,1.51069,1.51084,1.12,1.00
2015.12.14 20:07:58.234,1.51067,1.51084,2.25,1.00
2015.12.14 20:07:58.286,1.51069,1.51084,1.00,1.00
2015.12.14 20:07:58.794,1.51068,1.51084,1.00,1.00
2015.12.14 20:07:59.336,1.51068,1.51084,1.00,1.50
2015.12.14 20:07:59.843,1.5107,1.51084,1.00,1.00
2015.12.14 20:08:00.384,1.51068,1.51085,1.00,1.12
2015.12.14 20:08:00.537,1.51068,1.51084,1.00,1.87
2015.12.14 20:08:00.843,1.51066,1.51083,1.50,1.12
2015.12.14 20:08:00.945,1.51066,1.51084,1.50,1.37
2015.12.14 20:08:01.403,1.51064,1.51082,1.12,1.00
2015.12.14 20:08:01.944,1.51064,1.51082,1.00,1.87
2015.12.14 20:08:02.452,1.51062,1.51082,1.87,1.50
2015.12.14 20:08:02.706,1.51064,1.51082,1.00,1.50
2015.12.14 20:08:03.031,1.51068,1.51082,1.00,1.50
2015.12.14 20:08:03.235,1.51066,1.51083,1.00,1.12
2015.12.14 20:08:03.489,1.51068,1.51083,1.00,1.12
2015.12.14 20:08:04.002,1.51067,1.51083,1.00,1.12
2015.12.14 20:08:04.444,1.51067,1.51084,1.00,1.37
2015.12.14 20:08:04.546,1.51067,1.51084,1.00,1.75
2015.12.14 20:08:04.801,1.51063,1.51081,1.87,1.12
2015.12.14 20:08:05.207,1.51067,1.51084,1.00,1.87
2015.12.14 20:08:05.461,1.51065,1.51084,1.87,1.87
2015.12.14 20:08:06.039,1.51065,1.51084,1.87,1.87
2015.12.14 20:08:06.711,1.51067,1.51084,1.00,1.87
2015.12.14 20:08:06.864,1.51071,1.51082,1.00,1.00
2015.12.14 20:08:08.520,1.51072,1.51084,1.00,1.87
2015.12.14 20:08:12.377,1.51069,1.51084,1.50,1.12
2015.12.14 20:08:12.683,1.51071,1.51084,1.00,1.12
2015.12.14 20:08:12.835,1.51066,1.51084,1.50,1.12
2015.12.14 20:08:14.389,1.51065,1.51084,1.00,1.12
2015.12.14 20:08:14.744,1.51062,1.51082,1.87,1.37
2015.12.14 20:08:14.897,1.51059,1.51079,1.37,1.37
2015.12.14 20:08:14.999,1.51059,1.5108,1.50,1.00
2015.12.14 20:08:15.405,1.51059,1.51079,1.00,1.12
2015.12.14 20:08:15.503,1.51059,1.5108,1.50,1.37
2015.12.14 20:08:16.042,1.51059,1.51079,1.87,1.37
2015.12.14 20:08:16.550,1.51061,1.51079,1.00,1.37
2015.12.14 20:08:16.905,1.51059,1.51078,1.00,1.12
2015.12.14 20:08:17.007,1.51057,1.51078,1.12,1.87
2015.12.14 20:08:17.094,1.51057,1.51077,1.00,1.12
2015.12.14 20:08:17.247,1.51055,1.51074,1.00,1.12
2015.12.14 20:08:17.806,1.51055,1.51071,1.00,1.37
2015.12.14 20:08:18.009,1.51055,1.51074,1.00,1.12
2015.12.14 20:08:18.493,1.51055,1.51073,1.00,1.12
2015.12.14 20:08:18.899,1.51051,1.51071,1.37,1.12
2015.12.14 20:08:19.001,1.5105,1.5107,1.00,1.87
2015.12.14 20:08:19.053,1.51048,1.51068,1.12,1.37
2015.12.14 20:08:19.104,1.51045,1.51066,2.25,1.37
2015.12.14 20:08:19.434,1.51044,1.51063,1.37,1.12
2015.12.14 20:08:19.740,1.51054,1.5107,1.00,1.12
2015.12.14 20:08:19.841,1.51056,1.5107,1.00,1.00
2015.12.14 20:08:20.146,1.51056,1.51072,1.87,1.00
2015.12.14 20:08:20.906,1.51056,1.51072,1.50,1.50
2015.12.14 20:08:21.414,1.51052,1.51072,1.50,1.50
2015.12.14 20:08:21.465,1.51052,1.5107,1.12,1.00
2015.12.14 20:08:21.617,1.5105,1.51068,1.37,1.37
2015.12.14 20:08:21.922,1.51052,1.5107,1.37,1.50
2015.12.14 20:08:21.973,1.51052,1.5107,1.00,1.50
2015.12.14 20:08:22.126,1.51052,1.51068,1.00,1.87
2015.12.14 20:08:22.634,1.51051,1.51068,1.12,1.50
2015.12.14 20:08:22.939,1.51053,1.51068,1.00,1.37
2015.12.14 20:08:23.464,1.51053,1.51068,1.12,1.12
2015.12.14 20:08:23.769,1.51058,1.51069,1.00,1.12
2015.12.14 20:08:23.821,1.51054,1.51069,1.00,1.12
2015.12.14 20:08:23.872,1.51052,1.51069,1.87,1.12
2015.12.14 20:08:24.025,1.51052,1.5107,1.50,1.12
2015.12.14 20:08:24.905,1.51051,1.5107,1.87,1.00
2015.12.14 20:08:25.422,1.51051,1.5107,1.50,1.12
2015.12.14 20:08:27.422,1.51054,1.5107,1.00,1.00
2015.12.14 20:08:28.503,1.51052,1.5107,1.50,1.00
2015.12.14 20:08:29.040,1.51054,1.5107,1.00,1.00
2015.12.14 20:08:29.548,1.51052,1.5107,1.50,1.00
2015.12.14 20:08:30.055,1.51052,1.5107,1.00,1.50
2015.12.14 20:08:31.250,1.51051,1.51068,1.12,1.00
2015.12.14 20:08:31.556,1.51049,1.51066,1.00,1.00
2015.12.14 20:08:32.114,1.51049,1.51066,1.75,1.00
2015.12.14 20:08:32.216,1.5105,1.51066,1.00,1.00
2015.12.14 20:08:33.790,1.51051,1.51066,1.00,1.00
2015.12.14 20:08:34.003,1.51049,1.51066,1.00,1.00
2015.12.14 20:08:34.451,1.51043,1.51062,1.00,1.12
2015.12.14 20:08:34.503,1.51039,1.51061,1.12,1.37
2015.12.14 20:08:34.605,1.51038,1.5106,2.25,1.12
2015.12.14 20:08:35.113,1.51038,1.51058,1.00,1.12
2015.12.14 20:08:35.655,1.51037,1.51058,1.12,1.12
2015.12.14 20:08:35.960,1.51039,1.51058,1.00,1.12
2015.12.14 20:08:36.264,1.51043,1.51058,1.00,1.12
2015.12.14 20:08:36.568,1.5104,1.51058,1.00,1.12
2015.12.14 20:08:37.085,1.51041,1.51058,1.50,1.12
2015.12.14 20:08:37.187,1.51041,1.51061,1.50,1.87
2015.12.14 20:08:37.340,1.51045,1.5106,1.00,1.00
2015.12.14 20:08:37.493,1.51043,1.51063,1.87,1.12
2015.12.14 20:08:37.544,1.51049,1.51063,1.00,1.00
2015.12.14 20:08:37.595,1.51049,1.51066,1.00,1.12
2015.12.14 20:08:37.697,1.51052,1.51066,1.00,1.12
2015.12.14 20:08:38.010,1.51057,1.51068,1.00,1.12
2015.12.14 20:08:38.853,1.51057,1.5107,1.00,1.37
2015.12.14 20:08:38.955,1.51057,1.51072,1.00,1.00
2015.12.14 20:08:39.007,1.5106,1.51072,1.00,1.00
2015.12.14 20:08:39.315,1.51061,1.51076,1.00,1.50
2015.12.14 20:08:42.100,1.51059,1.51076,1.00,1.50
2015.12.14 20:08:42.303,1.51062,1.51076,1.00,1.50
2015.12.14 20:08:43.480,1.51061,1.51076,1.00,1.50
2015.12.14 20:08:46.569,1.5106,1.51076,1.00,1.50
2015.12.14 20:08:47.803,1.51058,1.51076,1.00,1.50
2015.12.14 20:08:49.241,1.51059,1.51076,1.00,1.50
2015.12.14 20:08:49.445,1.5106,1.51078,1.00,1.00
2015.12.14 20:08:49.547,1.51065,1.51081,1.00,1.87
2015.12.14 20:08:49.598,1.51065,1.51081,1.00,1.12
2015.12.14 20:08:49.650,1.51067,1.51081,1.00,1.00
2015.12.14 20:08:49.802,1.51067,1.51084,1.00,1.50
2015.12.14 20:08:49.904,1.51069,1.51084,1.00,1.50
2015.12.14 20:08:51.445,1.51068,1.51084,1.00,1.50
2015.12.14 20:08:52.135,1.51068,1.51082,1.00,1.00
2015.12.14 20:08:52.289,1.51066,1.51082,1.00,1.50
2015.12.14 20:08:53.302,1.51068,1.51083,1.00,1.12
2015.12.14 20:08:53.505,1.51062,1.5108,1.50,1.12
2015.12.14 20:08:53.607,1.51058,1.51077,2.25,1.12
2015.12.14 20:08:53.659,1.51058,1.51077,1.12,1.50
2015.12.14 20:08:54.166,1.51059,1.51077,1.00,1.87
2015.12.14 20:08:54.319,1.51059,1.51075,1.00,1.37
2015.12.14 20:08:54.691,1.51061,1.51075,1.00,1.12
2015.12.14 20:08:54.743,1.51061,1.51076,1.00,1.12
2015.12.14 20:08:55.362,1.51062,1.51076,1.00,1.12
2015.12.14 20:08:56.648,1.51062,1.51075,1.00,1.87
2015.12.14 20:08:56.954,1.51059,1.51072,1.00,1.12
2015.12.14 20:08:57.855,1.51059,1.51071,1.00,1.12
2015.12.14 20:08:58.008,1.51059,1.51073,1.00,1.87
2015.12.14 20:09:00.206,1.51057,1.51073,1.00,1.87
2015.12.14 20:09:00.257,1.51057,1.51073,1.00,2.25
2015.12.14 20:09:00.562,1.51052,1.51069,1.00,1.87
2015.12.14 20:09:00.816,1.51053,1.51064,1.00,1.00
2015.12.14 20:09:01.161,1.51049,1.5106,1.00,1.50
2015.12.14 20:09:01.673,1.51049,1.51058,1.00,1.12
2015.12.14 20:09:03.410,1.51046,1.51058,1.00,1.12
2015.12.14 20:09:05.080,1.51044,1.51058,1.00,1.12
2015.12.14 20:09:05.182,1.51042,1.51056,1.00,1.00
2015.12.14 20:09:05.487,1.51037,1.51047,1.00,1.12
2015.12.14 20:09:05.792,1.51035,1.51045,1.00,1.50
2015.12.14 20:09:05.944,1.51032,1.51045,1.00,1.87
2015.12.14 20:09:06.482,1.51032,1.51048,1.00,2.25
2015.12.14 20:09:07.399,1.51031,1.51048,1.00,1.12
2015.12.14 20:09:07.479,1.51034,1.51049,1.00,1.50
2015.12.14 20:09:07.530,1.51034,1.51049,1.00,1.00
2015.12.14 20:09:07.582,1.51037,1.51049,1.00,1.00
2015.12.14 20:09:08.099,1.51037,1.51054,1.00,1.87
2015.12.14 20:09:08.150,1.51035,1.51054,1.00,1.87
2015.12.14 20:09:08.201,1.51037,1.51054,1.00,1.87
2015.12.14 20:09:08.505,1.51044,1.5106,1.00,1.12
2015.12.14 20:09:08.813,1.51045,1.51063,1.00,1.12
2015.12.14 20:09:09.170,1.51043,1.51062,1.00,1.50
2015.12.14 20:09:09.273,1.51041,1.51062,1.87,1.87
2015.12.14 20:09:11.494,1.51041,1.51063,1.75,1.75
2015.12.14 20:09:12.013,1.51042,1.51064,1.87,1.87
2015.12.14 20:09:13.897,1.51042,1.51061,1.12,1.00
2015.12.14 20:09:14.917,1.51042,1.51063,1.12,1.50
2015.12.14 20:09:15.257,1.51039,1.51047,1.50,1.00
2015.12.14 20:09:15.410,1.51027,1.5104,1.87,1.00
2015.12.14 20:09:15.461,1.5102,1.51037,1.12,1.00
2015.12.14 20:09:15.512,1.51019,1.51037,1.12,1.00
2015.12.14 20:09:15.563,1.51017,1.51036,2.62,1.37
2015.12.14 20:09:15.614,1.51017,1.51036,2.62,1.37
2015.12.14 20:09:16.165,1.51019,1.51036,1.00,1.37
2015.12.14 20:09:16.369,1.51021,1.51043,2.62,2.25
2015.12.14 20:09:16.472,1.51023,1.51042,1.12,1.37
2015.12.14 20:09:16.777,1.51023,1.51037,1.00,1.37
2015.12.14 20:09:16.951,1.51021,1.51037,1.00,1.37
2015.12.14 20:09:17.730,1.51019,1.51037,1.50,1.37
2015.12.14 20:09:21.178,1.51021,1.51037,1.00,1.37
2015.12.14 20:09:21.229,1.51021,1.5103,1.00,1.00
2015.12.14 20:09:21.382,1.51007,1.51026,1.12,2.62
2015.12.14 20:09:21.585,1.51002,1.51022,1.00,1.12
2015.12.14 20:09:21.928,1.51004,1.51022,1.00,1.00
2015.12.14 20:09:22.183,1.51013,1.51033,1.00,1.50
2015.12.14 20:09:22.591,1.51013,1.51034,1.12,1.50
2015.12.14 20:09:22.925,1.51015,1.51036,1.12,2.25
2015.12.14 20:09:23.229,1.51013,1.51032,1.37,1.12
2015.12.14 20:09:23.533,1.51011,1.5103,1.75,1.00
2015.12.14 20:09:24.077,1.51011,1.51031,1.75,1.12
2015.12.14 20:09:24.989,1.51009,1.5103,1.50,1.12
2015.12.14 20:09:26.479,1.51009,1.51031,1.12,1.87
2015.12.14 20:09:26.530,1.5101,1.51031,1.12,1.50
2015.12.14 20:09:26.839,1.51013,1.51031,1.37,1.00
2015.12.14 20:09:27.295,1.51011,1.51031,1.87,1.50
2015.12.14 20:09:27.599,1.51013,1.51031,1.37,1.00
2015.12.14 20:09:28.737,1.51013,1.5103,1.37,1.00
2015.12.14 20:09:29.276,1.51011,1.5103,1.12,1.00
2015.12.14 20:09:29.429,1.51007,1.51027,1.12,1.12
2015.12.14 20:09:29.480,1.51007,1.51022,1.12,1.00
2015.12.14 20:09:29.685,1.51,1.51022,2.62,1.87
2015.12.14 20:09:29.837,1.51,1.51017,1.87,1.00
2015.12.14 20:09:30.295,1.51002,1.5102,1.12,1.87
2015.12.14 20:09:30.397,1.51004,1.5102,1.00,1.87
2015.12.14 20:09:30.703,1.51008,1.51023,1.50,1.00
2015.12.14 20:09:31.805,1.51008,1.51026,1.50,1.00
2015.12.14 20:09:32.009,1.51007,1.51026,1.37,2.25
2015.12.14 20:09:32.111,1.51002,1.51024,1.87,1.12
2015.12.14 20:09:32.296,1.51002,1.51022,1.12,1.87
2015.12.14 20:09:33.230,1.51002,1.5102,1.00,1.75
2015.12.14 20:09:34.071,1.51,1.51019,1.50,1.87
2015.12.14 20:09:34.376,1.51002,1.51019,1.00,1.12
2015.12.14 20:09:34.731,1.51002,1.5102,1.00,1.50
2015.12.14 20:09:35.265,1.51001,1.5102,1.00,1.00
2015.12.14 20:09:35.417,1.51002,1.5102,1.00,1.37
2015.12.14 20:09:35.723,1.51004,1.51018,1.00,1.12
2015.12.14 20:09:36.231,1.51003,1.51018,1.00,1.12
2015.12.14 20:09:37.437,1.51003,1.51021,1.00,1.87
2015.12.14 20:09:37.538,1.51003,1.5102,1.00,1.00
2015.12.14 20:09:38.052,1.50999,1.5102,1.00,1.00
2015.12.14 20:09:38.778,1.51,1.5102,1.00,1.12
2015.12.14 20:09:40.200,1.51,1.51019,1.50,1.00
2015.12.14 20:09:40.454,1.51,1.51016,1.00,1.00
2015.12.14 20:09:40.758,1.50997,1.51015,1.00,1.87
2015.12.14 20:09:41.107,1.50988,1.51008,1.87,1.12
2015.12.14 20:09:41.158,1.50989,1.51008,1.00,1.50
2015.12.14 20:09:41.664,1.50988,1.51005,1.50,1.00
2015.12.14 20:09:41.990,1.50992,1.51005,1.37,1.00
2015.12.14 20:09:42.041,1.50992,1.51012,1.37,1.87
2015.12.14 20:09:42.266,1.50993,1.51012,1.75,1.50
2015.12.14 20:09:42.368,1.50993,1.51012,1.12,1.12
2015.12.14 20:09:42.622,1.50992,1.51009,1.87,1.00
2015.12.14 20:09:42.825,1.50989,1.51007,1.00,1.12
2015.12.14 20:09:42.876,1.50988,1.51007,1.37,1.87
2015.12.14 20:09:43.081,1.50985,1.51004,1.50,1.00
2015.12.14 20:09:43.132,1.50989,1.51005,1.00,1.37
2015.12.14 20:09:43.437,1.50992,1.51009,1.37,1.00
2015.12.14 20:09:43.925,1.50992,1.51007,1.37,1.00
2015.12.14 20:09:44.458,1.50992,1.51008,1.37,1.00
2015.12.14 20:09:44.611,1.50992,1.51012,1.37,1.12
2015.12.14 20:09:44.712,1.50994,1.51014,1.37,1.50
2015.12.14 20:09:44.764,1.50995,1.51014,1.12,1.00
2015.12.14 20:09:45.068,1.50993,1.51014,1.87,1.50
2015.12.14 20:09:45.272,1.50996,1.51014,1.37,1.00
2015.12.14 20:09:45.801,1.50994,1.51014,1.12,1.12
2015.12.14 20:09:46.318,1.50992,1.51009,1.12,1.00
2015.12.14 20:09:46.369,1.50992,1.51008,1.00,1.00
2015.12.14 20:09:46.471,1.50987,1.51007,1.12,1.12
2015.12.14 20:09:46.522,1.50985,1.51005,1.12,1.12
2015.12.14 20:09:46.574,1.50985,1.51005,1.37,2.25
2015.12.14 20:09:46.850,1.50982,1.51003,1.87,1.37
2015.12.14 20:09:47.155,1.50984,1.51005,1.12,2.25
2015.12.14 20:09:47.460,1.50984,1.51002,1.12,1.00
2015.12.14 20:09:48.060,1.50983,1.51002,1.12,1.12
2015.12.14 20:09:48.364,1.50985,1.51002,1.12,1.00
2015.12.14 20:09:48.872,1.5099,1.51007,1.00,1.12
2015.12.14 20:09:49.127,1.50994,1.51012,1.12,1.00
2015.12.14 20:09:49.609,1.50994,1.5101,1.12,1.00
2015.12.14 20:09:49.661,1.50992,1.5101,1.37,1.00
2015.12.14 20:09:49.712,1.50991,1.51008,1.75,1.00
2015.12.14 20:09:49.764,1.50991,1.5101,1.12,1.00
2015.12.14 20:09:49.866,1.50993,1.5101,1.12,1.00
2015.12.14 20:09:49.917,1.50993,1.51012,1.12,1.00
2015.12.14 20:09:50.070,1.50993,1.51012,1.12,1.87
2015.12.14 20:09:50.171,1.50993,1.51012,1.12,1.00
2015.12.14 20:09:50.273,1.50993,1.51012,1.87,1.87
2015.12.14 20:09:50.324,1.50993,1.51012,1.87,1.00
2015.12.14 20:09:50.556,1.50996,1.51012,1.12,1.00
2015.12.14 20:09:51.065,1.50995,1.51012,1.50,1.00
2015.12.14 20:09:51.269,1.50995,1.5101,1.00,1.12
2015.12.14 20:09:51.421,1.50992,1.5101,1.50,1.12
2015.12.14 20:09:51.606,1.50994,1.51013,1.50,1.50
2015.12.14 20:09:51.861,1.50997,1.51013,1.00,1.50
2015.12.14 20:09:52.165,1.50998,1.51016,1.12,1.12
2015.12.14 20:09:52.520,1.51,1.51016,1.00,1.12
2015.12.14 20:09:53.021,1.51001,1.51016,1.00,1.12
2015.12.14 20:09:53.528,1.50998,1.51016,1.50,1.12
2015.12.14 20:09:54.415,1.50997,1.51016,1.12,1.12
2015.12.14 20:09:54.927,1.50999,1.51016,1.50,1.00
2015.12.14 20:09:55.434,1.50998,1.51016,1.37,1.00
2015.12.14 20:09:56.381,1.51001,1.51016,1.12,1.00
2015.12.14 20:09:56.694,1.50999,1.51016,1.50,1.00
2015.12.14 20:09:56.847,1.51,1.51016,1.87,1.00
2015.12.14 20:09:56.999,1.51,1.51016,1.12,1.00
2015.12.14 20:09:57.576,1.51001,1.51016,1.12,1.00
2015.12.14 20:09:57.729,1.51005,1.5102,1.00,1.00
2015.12.14 20:09:57.881,1.51007,1.51022,1.37,1.00
2015.12.14 20:09:58.186,1.51011,1.51024,1.12,1.00
2015.12.14 20:09:58.390,1.51012,1.51028,1.37,1.00
2015.12.14 20:09:58.929,1.51012,1.51029,1.75,1.00
2015.12.14 20:09:59.284,1.51016,1.51029,1.00,1.00
2015.12.14 20:09:59.990,1.51016,1.51029,1.12,1.00
2015.12.14 20:10:00.091,1.51019,1.51033,1.12,1.00
2015.12.14 20:10:00.244,1.5102,1.5104,1.50,2.62
2015.12.14 20:10:00.346,1.51021,1.51042,1.87,1.12
2015.12.14 20:10:00.397,1.51024,1.51044,1.37,1.87
2015.12.14 20:10:00.550,1.51025,1.51044,2.25,1.37
2015.12.14 20:10:00.703,1.51029,1.51048,1.37,1.87
2015.12.14 20:10:01.075,1.51029,1.5105,1.75,1.37
2015.12.14 20:10:02.263,1.51031,1.51051,1.37,1.37
2015.12.14 20:10:02.315,1.51033,1.51052,1.00,1.37
2015.12.14 20:10:03.178,1.51033,1.51053,1.12,1.50
2015.12.14 20:10:03.610,1.51034,1.51053,1.37,1.00
2015.12.14 20:10:04.119,1.51034,1.51052,1.37,1.00
2015.12.14 20:10:04.221,1.51032,1.51052,1.12,1.87
2015.12.14 20:10:04.756,1.51033,1.51049,1.00,1.00
2015.12.14 20:10:05.580,1.5103,1.51049,1.12,1.12
2015.12.14 20:10:06.577,1.5103,1.51051,1.12,1.87
2015.12.14 20:10:06.882,1.51033,1.51052,1.00,1.87
2015.12.14 20:10:07.401,1.51031,1.51049,1.12,1.00
2015.12.14 20:10:08.234,1.51031,1.51051,1.12,1.50
2015.12.14 20:10:08.708,1.51031,1.51048,1.12,1.00
2015.12.14 20:10:09.694,1.51031,1.5105,1.12,1.12
2015.12.14 20:10:11.208,1.51033,1.51052,1.00,1.87
2015.12.14 20:10:11.715,1.51031,1.51051,1.12,1.50
2015.12.14 20:10:13.222,1.51032,1.51051,1.00,1.50
2015.12.14 20:10:13.753,1.51032,1.51049,1.00,1.00
2015.12.14 20:10:13.906,1.51029,1.51047,1.75,1.00
2015.12.14 20:10:14.008,1.51028,1.51047,1.37,1.00
2015.12.14 20:10:14.059,1.51028,1.51042,1.37,1.00
2015.12.14 20:10:14.314,1.51023,1.51044,1.75,2.25
2015.12.14 20:10:14.517,1.51023,1.51041,1.75,1.00
2015.12.14 20:10:14.802,1.51016,1.51035,1.87,1.00
2015.12.14 20:10:16.017,1.51014,1.51035,2.25,1.50
2015.12.14 20:10:16.631,1.51016,1.51036,1.50,1.12
2015.12.14 20:10:17.037,1.51017,1.51038,1.37,1.87
2015.12.14 20:10:18.306,1.51016,1.51035,1.87,1.50
2015.12.14 20:10:19.389,1.51014,1.51033,2.25,1.12
2015.12.14 20:10:19.440,1.51014,1.51033,1.50,1.50
2015.12.14 20:10:19.542,1.51012,1.51032,1.87,1.50
2015.12.14 20:10:21.023,1.51015,1.51035,1.37,1.50
2015.12.14 20:10:22.355,1.51013,1.51034,1.37,1.87
2015.12.14 20:10:23.709,1.51014,1.51035,1.12,2.62
2015.12.14 20:10:23.760,1.51015,1.51035,1.12,2.62
2015.12.14 20:10:24.321,1.51016,1.51035,1.37,1.12
2015.12.14 20:10:27.721,1.51018,1.51035,1.12,1.00
2015.12.14 20:10:28.290,1.51018,1.51037,1.12,1.12
2015.12.14 20:10:29.111,1.51018,1.51035,1.12,1.00
2015.12.14 20:10:29.212,1.51015,1.51033,1.12,1.00
2015.12.14 20:10:29.263,1.51014,1.51033,1.50,1.75
2015.12.14 20:10:29.315,1.51014,1.51032,1.00,1.12
2015.12.14 20:10:29.518,1.51011,1.51028,1.12,1.00
2015.12.14 20:10:29.620,1.51009,1.51029,1.37,1.12
2015.12.14 20:10:29.773,1.5101,1.51032,1.75,1.87
2015.12.14 20:10:29.824,1.51014,1.51032,1.12,1.00
2015.12.14 20:10:33.013,1.51015,1.51035,1.12,2.25
2015.12.14 20:10:33.993,1.51015,1.51033,1.12,1.00
2015.12.14 20:10:34.044,1.51014,1.51032,1.37,1.12
2015.12.14 20:10:34.096,1.51014,1.5103,1.37,1.00
2015.12.14 20:10:34.147,1.5101,1.5103,1.12,1.00
2015.12.14 20:10:34.683,1.5101,1.51031,1.12,1.12
2015.12.14 20:10:34.734,1.51014,1.51031,1.37,1.00
2015.12.14 20:10:35.039,1.51015,1.51032,1.12,1.00
2015.12.14 20:10:35.900,1.51015,1.51034,1.12,1.12
2015.12.14 20:10:38.654,1.51018,1.51037,1.12,1.12
2015.12.14 20:10:42.047,1.51019,1.51036,1.00,1.00
2015.12.14 20:10:42.684,1.51019,1.51037,1.50,1.12
2015.12.14 20:10:43.445,1.51018,1.51037,1.12,1.87
2015.12.14 20:10:43.750,1.51018,1.51038,1.12,1.87
2015.12.14 20:10:46.253,1.51018,1.51036,1.12,1.00
2015.12.14 20:10:46.761,1.51022,1.51039,1.00,1.37
2015.12.14 20:10:47.085,1.51031,1.51049,1.12,1.00
2015.12.14 20:10:47.391,1.5103,1.51049,1.37,1.50
2015.12.14 20:10:47.898,1.51031,1.51049,1.00,1.00
2015.12.14 20:10:48.257,1.5103,1.51049,1.12,1.87
2015.12.14 20:10:48.601,1.51031,1.51049,1.87,1.12
2015.12.14 20:10:48.704,1.51031,1.51049,1.12,1.50
2015.12.14 20:10:49.264,1.51031,1.51049,1.12,1.12
2015.12.14 20:10:49.946,1.51032,1.51049,1.12,1.12
2015.12.14 20:10:50.358,1.51032,1.51048,1.00,1.00
2015.12.14 20:10:51.107,1.51029,1.51048,2.62,1.12
2015.12.14 20:10:57.644,1.5103,1.51051,1.87,1.75
2015.12.14 20:10:57.696,1.51031,1.51051,1.12,1.37
2015.12.14 20:10:59.875,1.51029,1.51048,1.87,1.12
2015.12.14 20:11:01.127,1.5103,1.5105,1.12,1.37
2015.12.14 20:11:02.155,1.51032,1.51051,1.37,1.12
2015.12.14 20:11:02.308,1.51033,1.51052,1.37,1.50
2015.12.14 20:11:07.088,1.51031,1.51052,1.12,1.87
2015.12.14 20:11:07.291,1.51034,1.51052,1.00,1.00
2015.12.14 20:11:07.798,1.51034,1.51053,1.00,1.50
2015.12.14 20:11:08.002,1.51036,1.51055,1.37,1.50
2015.12.14 20:11:08.330,1.51046,1.51064,1.12,1.00
2015.12.14 20:11:08.788,1.51048,1.51066,1.37,1.87
2015.12.14 20:11:08.940,1.51048,1.51066,1.00,1.50
2015.12.14 20:11:09.968,1.51047,1.51067,1.12,1.50
2015.12.14 20:11:10.019,1.51049,1.51067,1.37,1.37
2015.12.14 20:11:11.690,1.51049,1.51065,1.37,1.00
2015.12.14 20:11:12.239,1.51049,1.51064,1.37,1.00
2015.12.14 20:11:12.544,1.51047,1.51064,1.12,1.00
2015.12.14 20:11:13.091,1.51046,1.51063,1.12,1.00
2015.12.14 20:11:13.142,1.51045,1.51063,1.12,1.00
2015.12.14 20:11:13.657,1.51045,1.51064,1.12,1.12
2015.12.14 20:11:14.611,1.51047,1.51066,1.37,1.50
2015.12.14 20:11:15.118,1.51045,1.51066,1.87,1.87
2015.12.14 20:11:19.942,1.51045,1.51062,1.12,1.00
2015.12.14 20:11:20.246,1.51041,1.51062,1.12,1.50
2015.12.14 20:11:20.909,1.51042,1.51062,1.12,1.37
2015.12.14 20:11:21.416,1.51043,1.51062,1.12,1.00
2015.12.14 20:11:21.923,1.51044,1.51065,1.37,1.87
2015.12.14 20:11:22.750,1.51043,1.51064,1.50,1.12
2015.12.14 20:11:23.157,1.51041,1.51063,1.87,1.12
2015.12.14 20:11:24.014,1.51043,1.5106,1.00,1.00
2015.12.14 20:11:24.319,1.51036,1.51058,1.75,1.12
2015.12.14 20:11:24.625,1.51035,1.51056,1.12,1.50
2015.12.14 20:11:24.828,1.51032,1.51053,1.87,1.37
2015.12.14 20:11:25.220,1.51033,1.51056,1.87,1.75
2015.12.14 20:11:25.271,1.51036,1.51056,1.12,1.87
2015.12.14 20:11:25.788,1.51036,1.51054,1.75,1.00
2015.12.14 20:11:25.890,1.51034,1.51054,1.12,1.50
2015.12.14 20:11:26.420,1.51037,1.51054,1.00,1.00
2015.12.14 20:11:26.928,1.51033,1.51054,1.87,1.50
2015.12.14 20:11:27.030,1.51034,1.51055,1.12,1.37
2015.12.14 20:11:27.233,1.51033,1.51054,1.87,1.50
2015.12.14 20:11:27.436,1.51035,1.51054,1.12,1.00
2015.12.14 20:11:27.639,1.51034,1.51054,1.12,1.12
2015.12.14 20:11:28.144,1.51033,1.51053,2.25,1.12
2015.12.14 20:11:28.195,1.51033,1.51053,1.12,1.50
2015.12.14 20:11:28.398,1.51033,1.51051,1.00,1.00
2015.12.14 20:11:28.703,1.5103,1.51049,1.37,1.12
2015.12.14 20:11:29.219,1.5103,1.51052,1.75,1.87
2015.12.14 20:11:29.776,1.51031,1.51052,1.12,1.50
2015.12.14 20:11:30.284,1.51031,1.51047,1.12,1.00
2015.12.14 20:11:30.437,1.51028,1.51046,1.12,1.00
2015.12.14 20:11:30.558,1.51028,1.51046,1.00,1.00
2015.12.14 20:11:30.863,1.51028,1.51048,1.00,3.00
2015.12.14 20:11:30.965,1.51028,1.51048,1.12,1.12
2015.12.14 20:11:31.372,1.5103,1.5105,1.12,1.50
2015.12.14 20:11:31.847,1.51029,1.51051,1.12,1.87
2015.12.14 20:11:32.051,1.5103,1.5105,1.12,1.12
2015.12.14 20:11:32.357,1.51032,1.51053,1.12,2.25
2015.12.14 20:11:32.865,1.51033,1.51053,1.12,1.87
2015.12.14 20:11:33.767,1.51034,1.51053,1.12,1.12
2015.12.14 20:11:34.277,1.51035,1.51054,1.12,1.50
2015.12.14 20:11:34.749,1.51036,1.51054,1.12,1.00
2015.12.14 20:11:34.853,1.51038,1.51057,1.37,1.50
2015.12.14 20:11:34.955,1.51038,1.51055,1.12,1.00
2015.12.14 20:11:35.057,1.5104,1.51057,1.37,1.50
2015.12.14 20:11:35.108,1.51038,1.51057,1.12,1.50
2015.12.14 20:11:35.941,1.51038,1.51059,1.12,3.37
2015.12.14 20:11:36.245,1.51038,1.51056,1.12,1.00
2015.12.14 20:11:36.449,1.51034,1.51055,1.12,1.50
2015.12.14 20:11:39.560,1.51036,1.51055,1.12,2.25
2015.12.14 20:11:40.270,1.51036,1.51054,1.12,1.00
2015.12.14 20:11:40.777,1.51036,1.51055,1.12,2.25
2015.12.14 20:11:41.584,1.51036,1.51054,1.12,1.00
2015.12.14 20:11:42.091,1.51036,1.51055,1.12,1.00
2015.12.14 20:11:42.567,1.51038,1.51058,1.12,1.12
2015.12.14 20:11:42.618,1.51043,1.5106,1.00,1.12
2015.12.14 20:11:42.771,1.51044,1.51062,1.00,1.00
2015.12.14 20:11:42.823,1.51045,1.51066,1.75,1.75
2015.12.14 20:11:42.874,1.51047,1.51067,1.12,1.87
2015.12.14 20:11:43.534,1.51048,1.51068,1.12,1.87
2015.12.14 20:11:44.061,1.51049,1.51067,1.12,1.00
2015.12.14 20:11:44.264,1.51047,1.51068,1.12,1.37
2015.12.14 20:11:44.366,1.51049,1.51069,1.12,1.50
2015.12.14 20:11:45.126,1.51049,1.51067,1.12,1.00
2015.12.14 20:11:45.675,1.51049,1.51068,1.12,1.12
2015.12.14 20:11:46.181,1.51049,1.51069,1.12,1.50
2015.12.14 20:11:46.537,1.51051,1.51069,1.37,1.00
2015.12.14 20:11:46.854,1.51048,1.51067,1.12,1.00
2015.12.14 20:11:46.905,1.51047,1.51067,1.12,1.12
2015.12.14 20:11:47.159,1.51047,1.51055,1.12,1.00
2015.12.14 20:11:47.261,1.51043,1.51051,1.00,1.00
2015.12.14 20:11:47.313,1.51035,1.51046,1.00,1.00
2015.12.14 20:11:47.364,1.51029,1.51045,3.37,1.50
2015.12.14 20:11:47.415,1.51035,1.51046,1.00,1.12
2015.12.14 20:11:47.466,1.51038,1.5105,1.00,1.00
2015.12.14 20:11:47.518,1.51038,1.51056,1.00,1.87
2015.12.14 20:11:47.569,1.51041,1.51061,1.87,1.75
2015.12.14 20:11:47.833,1.51054,1.51073,1.37,1.37
2015.12.14 20:11:48.087,1.51055,1.51074,1.12,1.00
2015.12.14 20:11:48.696,1.51055,1.51073,1.12,1.00
2015.12.14 20:11:49.222,1.51054,1.51071,1.75,1.00
2015.12.14 20:11:49.528,1.51056,1.51071,1.37,1.00
2015.12.14 20:11:49.579,1.51054,1.5107,1.12,1.00
2015.12.14 20:11:49.783,1.51051,1.51067,1.12,1.00
2015.12.14 20:11:49.834,1.51049,1.51067,1.12,1.00
2015.12.14 20:11:49.986,1.51049,1.51064,1.12,1.00
2015.12.14 20:11:50.314,1.51052,1.51067,1.12,1.00
2015.12.14 20:11:50.416,1.51053,1.51071,1.12,1.00
2015.12.14 20:11:50.569,1.51054,1.51073,1.12,1.00
2015.12.14 20:11:50.874,1.51055,1.51073,1.12,1.12
2015.12.14 20:11:50.976,1.51056,1.51071,1.12,1.00
2015.12.14 20:11:51.078,1.51059,1.51074,1.37,1.00
2015.12.14 20:11:51.782,1.5106,1.51074,1.75,1.00
2015.12.14 20:11:52.290,1.51062,1.51075,1.37,1.00
2015.12.14 20:11:52.548,1.51062,1.51077,1.37,1.00
2015.12.14 20:11:52.766,1.51062,1.51075,1.37,1.00
2015.12.14 20:11:53.845,1.51062,1.51076,1.37,1.00
2015.12.14 20:11:54.504,1.51062,1.51078,1.37,1.00
2015.12.14 20:11:55.160,1.51062,1.51079,1.37,1.00
2015.12.14 20:11:56.773,1.51064,1.51079,1.00,1.12
2015.12.14 20:11:56.925,1.51068,1.51084,1.00,1.12
2015.12.14 20:11:56.977,1.51067,1.51088,2.25,1.50
2015.12.14 20:11:57.183,1.5107,1.51091,2.25,1.50
2015.12.14 20:11:57.488,1.51074,1.51093,1.12,1.87
2015.12.14 20:11:58.287,1.51074,1.51092,1.12,1.00
2015.12.14 20:11:58.900,1.51072,1.51092,1.12,1.12
2015.12.14 20:12:00.992,1.51069,1.51091,1.50,1.37
2015.12.14 20:12:01.499,1.5107,1.5109,1.00,1.12
2015.12.14 20:12:01.955,1.51073,1.5109,1.00,1.12
2015.12.14 20:12:02.196,1.51078,1.51099,2.25,1.12
2015.12.14 20:12:02.298,1.51078,1.51094,1.12,1.00
2015.12.14 20:12:02.400,1.51071,1.51091,2.62,1.12
2015.12.14 20:12:03.854,1.51071,1.51093,1.75,1.87
2015.12.14 20:12:04.361,1.51072,1.51093,1.12,1.50
2015.12.14 20:12:05.630,1.51071,1.51092,1.12,1.87
2015.12.14 20:12:06.167,1.5107,1.51091,1.12,1.37
2015.12.14 20:12:09.058,1.5107,1.51089,1.12,1.00
2015.12.14 20:12:09.211,1.51068,1.51088,1.12,1.12
2015.12.14 20:12:09.586,1.51068,1.51081,1.12,1.00
2015.12.14 20:12:09.790,1.51057,1.51075,1.37,1.12
2015.12.14 20:12:09.841,1.51057,1.51073,1.00,1.37
2015.12.14 20:12:09.944,1.51055,1.51075,1.50,1.37
2015.12.14 20:12:10.249,1.51053,1.51071,1.12,1.00
2015.12.14 20:12:10.300,1.51053,1.51075,1.87,1.75
2015.12.14 20:12:10.419,1.51058,1.51073,1.00,1.00
2015.12.14 20:12:10.522,1.51061,1.51078,1.00,1.87
2015.12.14 20:12:10.624,1.51059,1.51076,1.37,1.00
2015.12.14 20:12:10.828,1.51054,1.51076,1.12,1.87
2015.12.14 20:12:10.879,1.51054,1.51075,1.87,1.00
2015.12.14 20:12:11.285,1.51057,1.51077,1.00,1.50
2015.12.14 20:12:11.799,1.51057,1.51079,1.37,1.50
2015.12.14 20:12:12.310,1.51058,1.51077,1.12,1.00
2015.12.14 20:12:12.824,1.51058,1.51079,1.12,1.50
2015.12.14 20:12:14.519,1.51055,1.51076,3.00,1.12
2015.12.14 20:12:14.907,1.51061,1.51079,1.00,1.12
2015.12.14 20:12:14.959,1.5106,1.5108,1.87,1.12
2015.12.14 20:12:15.063,1.51061,1.51081,1.50,1.37
2015.12.14 20:12:15.521,1.51063,1.51084,1.12,1.50
2015.12.14 20:12:15.872,1.5106,1.51082,1.75,1.87
2015.12.14 20:12:16.176,1.5106,1.51082,1.12,1.87
2015.12.14 20:12:16.228,1.5106,1.5108,1.00,1.12
2015.12.14 20:12:16.533,1.51058,1.51078,1.00,1.37
2015.12.14 20:12:16.940,1.51058,1.51079,1.12,1.50
2015.12.14 20:12:17.168,1.51057,1.51078,1.50,1.00
2015.12.14 20:12:18.282,1.51056,1.51078,1.50,1.37
2015.12.14 20:12:18.813,1.51056,1.51077,1.12,1.12
2015.12.14 20:12:19.334,1.51056,1.51076,1.00,1.12
2015.12.14 20:12:20.276,1.51056,1.51078,1.50,1.12
2015.12.14 20:12:24.528,1.51054,1.51077,2.62,1.75
2015.12.14 20:12:24.579,1.51054,1.51076,2.25,1.12
2015.12.14 20:12:25.441,1.51054,1.51077,1.12,2.25
2015.12.14 20:12:25.948,1.51053,1.51076,1.87,1.12
2015.12.14 20:12:28.141,1.51054,1.51077,1.87,2.25
2015.12.14 20:12:28.648,1.51055,1.51077,1.37,1.37
2015.12.14 20:12:29.054,1.51055,1.51077,1.00,1.75
2015.12.14 20:12:29.439,1.51056,1.51077,1.00,1.50
2015.12.14 20:12:29.967,1.51057,1.51077,1.00,1.50
2015.12.14 20:12:30.682,1.51057,1.51077,1.00,1.37
2015.12.14 20:12:31.201,1.51058,1.51077,1.00,1.00
2015.12.14 20:12:31.794,1.51059,1.51077,1.00,1.00
2015.12.14 20:12:32.344,1.51058,1.51077,1.00,1.12
2015.12.14 20:12:33.106,1.51057,1.51077,1.00,1.12
2015.12.14 20:12:36.552,1.51056,1.51077,1.50,1.50
2015.12.14 20:12:37.092,1.51057,1.51077,1.00,1.00
2015.12.14 20:12:37.694,1.51056,1.51077,1.50,1.00
2015.12.14 20:12:38.696,1.51056,1.51075,1.50,1.00
2015.12.14 20:12:39.212,1.51054,1.51069,1.50,1.37
2015.12.14 20:12:39.315,1.51053,1.51074,1.87,1.50
2015.12.14 20:12:39.417,1.51053,1.51074,1.87,1.00
2015.12.14 20:12:39.903,1.51054,1.51075,1.12,1.50
2015.12.14 20:12:40.410,1.51055,1.51075,1.12,1.00
2015.12.14 20:12:40.760,1.5106,1.51083,1.12,1.75
2015.12.14 20:12:40.812,1.51061,1.51083,1.12,1.37
2015.12.14 20:12:41.321,1.51062,1.51083,1.12,1.00
2015.12.14 20:12:43.820,1.51062,1.51084,1.12,1.12
2015.12.14 20:12:46.324,1.51062,1.51083,1.12,1.00
2015.12.14 20:12:52.367,1.51062,1.51079,1.12,1.00
2015.12.14 20:12:52.622,1.51048,1.5107,1.87,1.87
2015.12.14 20:12:52.673,1.51048,1.51069,1.50,1.12
2015.12.14 20:12:52.724,1.51048,1.51067,1.50,1.12
2015.12.14 20:12:52.826,1.51048,1.51068,1.12,1.37
2015.12.14 20:12:52.927,1.51049,1.5107,1.00,1.00
2015.12.14 20:12:52.979,1.51049,1.51072,1.12,1.50
2015.12.14 20:12:53.344,1.5105,1.5107,1.87,1.50
2015.12.14 20:12:53.549,1.5105,1.51072,1.87,2.32
2015.12.14 20:12:54.044,1.51055,1.51073,1.00,1.12
2015.12.14 20:12:54.095,1.51055,1.51074,1.00,1.12
2015.12.14 20:12:54.247,1.51057,1.51077,1.00,1.12
2015.12.14 20:12:54.300,1.51057,1.51078,1.12,3.00
2015.12.14 20:12:55.413,1.51057,1.51079,1.75,1.87
2015.12.14 20:12:55.465,1.51059,1.51079,1.12,1.12
2015.12.14 20:12:56.023,1.51059,1.51076,1.12,1.00
2015.12.14 20:12:56.176,1.51053,1.51076,1.12,2.62
2015.12.14 20:12:56.302,1.51052,1.51074,1.37,1.50
2015.12.14 20:12:56.354,1.51051,1.51074,2.25,1.87
2015.12.14 20:12:56.904,1.51051,1.51071,1.50,1.00
2015.12.14 20:12:58.103,1.5105,1.5107,1.00,1.87
2015.12.14 20:12:58.408,1.51038,1.51052,1.00,1.50
2015.12.14 20:12:58.510,1.51028,1.51049,4.27,1.37
2015.12.14 20:12:58.561,1.51028,1.51049,3.52,2.25
2015.12.14 20:13:01.188,1.51029,1.51049,1.00,1.87
2015.12.14 20:13:01.239,1.51029,1.51049,1.50,1.37
2015.12.14 20:13:01.645,1.51031,1.51049,1.50,1.00
2015.12.14 20:13:02.183,1.5103,1.51049,1.12,1.00
2015.12.14 20:13:02.906,1.51033,1.51049,1.00,1.00
2015.12.14 20:13:03.412,1.51033,1.5105,1.12,1.00
2015.12.14 20:13:03.788,1.51035,1.5105,1.12,1.00
2015.12.14 20:13:03.839,1.51035,1.51053,1.50,1.00
2015.12.14 20:13:06.857,1.51039,1.51053,1.00,1.00
2015.12.14 20:13:07.085,1.51045,1.51062,1.87,1.00
2015.12.14 20:13:07.592,1.51048,1.51062,1.00,1.00
2015.12.14 20:13:08.020,1.51048,1.51062,1.87,1.00
2015.12.14 20:13:10.133,1.51048,1.51062,1.00,1.00
2015.12.14 20:13:10.230,1.51048,1.51065,1.00,1.00
2015.12.14 20:13:11.547,1.51048,1.51064,1.00,1.00
2015.12.14 20:13:11.650,1.51045,1.51062,1.12,1.00
2015.12.14 20:13:11.995,1.51042,1.51062,1.75,1.75
2015.12.14 20:13:12.047,1.51044,1.51062,1.12,1.00
2015.12.14 20:13:12.098,1.51044,1.5106,1.12,1.00
2015.12.14 20:13:12.200,1.51041,1.51059,1.12,1.00
2015.12.14 20:13:12.403,1.51045,1.51059,1.00,1.00
2015.12.14 20:13:12.505,1.51045,1.51062,1.00,1.12
2015.12.14 20:13:12.658,1.51045,1.51062,1.50,1.00
2015.12.14 20:13:13.467,1.51047,1.51064,1.12,1.00
2015.12.14 20:13:14.949,1.51048,1.51064,1.00,1.00
2015.12.14 20:13:19.227,1.51047,1.51064,1.87,1.00
2015.12.14 20:13:20.557,1.51048,1.51064,1.00,1.00
2015.12.14 20:13:23.627,1.5105,1.51064,1.00,1.00
2015.12.14 20:13:24.376,1.5105,1.51068,1.00,1.75
2015.12.14 20:13:24.529,1.5105,1.51068,1.00,1.00
2015.12.14 20:13:26.048,1.51048,1.51069,1.12,1.87
2015.12.14 20:13:26.297,1.51048,1.51067,1.00,1.37
2015.12.14 20:13:26.798,1.51049,1.51067,1.00,1.50
2015.12.14 20:13:29.033,1.51048,1.51066,1.00,1.12
2015.12.14 20:13:29.579,1.51048,1.51064,1.00,1.00
2015.12.14 20:13:30.120,1.51047,1.51064,1.00,1.00
2015.12.14 20:13:31.551,1.51046,1.51064,1.12,1.00
2015.12.14 20:13:33.814,1.51046,1.51064,1.00,1.75
2015.12.14 20:13:34.017,1.51046,1.51066,1.00,2.25
2015.12.14 20:13:34.569,1.51047,1.51066,1.00,1.50
2015.12.14 20:13:34.975,1.51047,1.51062,1.00,1.00
2015.12.14 20:13:35.077,1.51043,1.51062,1.50,1.87
2015.12.14 20:13:35.179,1.51043,1.51062,1.00,2.25
2015.12.14 20:13:35.332,1.51042,1.51063,1.50,1.12
2015.12.14 20:13:35.383,1.5104,1.51062,1.87,1.50
2015.12.14 20:13:35.434,1.5104,1.5106,1.12,1.12
2015.12.14 20:13:35.485,1.5104,1.5106,1.00,1.75
2015.12.14 20:13:35.738,1.51039,1.5106,1.50,1.12
2015.12.14 20:13:35.789,1.51041,1.51061,1.00,1.87
2015.12.14 20:13:35.891,1.51041,1.51061,1.12,1.50
2015.12.14 20:13:36.311,1.51042,1.51064,1.87,2.25
2015.12.14 20:13:36.840,1.51042,1.51063,2.25,1.00
2015.12.14 20:13:37.378,1.51042,1.51064,2.62,1.50
2015.12.14 20:13:37.950,1.51044,1.51065,1.12,1.12
2015.12.14 20:13:38.255,1.51049,1.51066,1.00,1.12
2015.12.14 20:13:38.459,1.51056,1.51073,1.37,1.12
2015.12.14 20:13:38.611,1.51055,1.51075,1.12,1.00
2015.12.14 20:13:39.129,1.51055,1.51076,1.12,1.12
2015.12.14 20:13:39.485,1.51055,1.51077,1.12,2.25
2015.12.14 20:13:40.017,1.51053,1.51074,1.12,2.25
2015.12.14 20:13:40.068,1.51051,1.51071,1.75,1.00
2015.12.14 20:13:40.170,1.51049,1.51071,1.50,2.25
2015.12.14 20:13:40.477,1.5105,1.51072,1.12,1.12
2015.12.14 20:13:40.584,1.5105,1.51072,1.12,1.37
2015.12.14 20:13:42.075,1.51049,1.51071,2.25,1.37
2015.12.14 20:13:42.126,1.51049,1.51071,1.87,1.87
2015.12.14 20:13:43.205,1.51053,1.51071,1.00,1.12
2015.12.14 20:13:43.751,1.51054,1.51071,1.00,1.12
2015.12.14 20:13:44.512,1.51055,1.51071,1.00,1.12
2015.12.14 20:13:45.176,1.51053,1.51071,1.00,1.12
2015.12.14 20:13:46.186,1.51051,1.51071,1.00,1.12
2015.12.14 20:13:47.018,1.51054,1.51074,1.00,1.75
2015.12.14 20:13:47.558,1.51054,1.51075,1.00,3.37
2015.12.14 20:13:48.552,1.51054,1.51072,1.00,1.00
2015.12.14 20:13:49.099,1.51053,1.51073,1.12,1.12
2015.12.14 20:13:49.414,1.51053,1.51073,1.12,2.25
2015.12.14 20:13:49.567,1.51053,1.51073,1.12,1.50
2015.12.14 20:13:50.023,1.51053,1.51072,1.00,1.50
2015.12.14 20:13:50.425,1.51053,1.51071,1.00,1.12
2015.12.14 20:13:50.476,1.51053,1.51072,1.00,1.50
2015.12.14 20:13:50.527,1.51053,1.51072,1.00,1.87
2015.12.14 20:13:51.144,1.51056,1.5107,1.00,1.00
2015.12.14 20:13:51.245,1.51051,1.5107,1.00,1.00
2015.12.14 20:13:51.754,1.5105,1.5107,1.00,1.12
2015.12.14 20:13:52.007,1.51053,1.5107,1.00,1.12
2015.12.14 20:13:52.774,1.51052,1.51074,1.12,2.62
2015.12.14 20:13:52.825,1.51052,1.51074,2.25,1.50
2015.12.14 20:13:52.926,1.51053,1.51075,1.37,1.87
2015.12.14 20:13:54.418,1.51056,1.51075,1.00,1.50
2015.12.14 20:13:57.495,1.51055,1.51075,1.12,1.12
2015.12.14 20:13:59.011,1.51056,1.51075,1.00,1.12
2015.12.14 20:13:59.366,1.51054,1.51075,1.12,2.62
2015.12.14 20:13:59.873,1.51054,1.51075,1.12,1.87
2015.12.14 20:14:01.271,1.51053,1.51073,1.00,1.00
2015.12.14 20:14:03.366,1.51051,1.51073,2.25,1.00
2015.12.14 20:14:03.638,1.51055,1.51073,1.00,1.00
2015.12.14 20:14:04.091,1.51053,1.51072,1.37,1.87
2015.12.14 20:14:04.295,1.51052,1.51073,1.12,1.12
2015.12.14 20:14:04.658,1.51052,1.51073,1.12,1.37
2015.12.14 20:14:05.977,1.51051,1.51073,1.37,1.87
2015.12.14 20:14:06.386,1.51055,1.51073,1.00,1.87
2015.12.14 20:14:06.488,1.51052,1.51073,1.12,1.87
2015.12.14 20:14:09.181,1.5105,1.5107,1.12,1.00
2015.12.14 20:14:09.385,1.51047,1.51067,1.00,1.00
2015.12.14 20:14:10.950,1.51045,1.51067,1.87,2.62
2015.12.14 20:14:11.052,1.51044,1.51066,1.12,1.50
2015.12.14 20:14:12.089,1.51042,1.51064,1.00,1.87
2015.12.14 20:14:12.546,1.5104,1.51063,1.87,1.37
2015.12.14 20:14:13.054,1.51039,1.51062,1.87,1.87
2015.12.14 20:14:13.563,1.51038,1.51059,1.37,1.37
2015.12.14 20:14:13.919,1.51041,1.51057,1.00,1.37
2015.12.14 20:14:14.021,1.51041,1.51059,1.00,1.87
2015.12.14 20:14:14.326,1.51043,1.51059,1.00,1.87
2015.12.14 20:14:14.478,1.5104,1.5106,1.00,1.12
2015.12.14 20:14:14.530,1.51043,1.5106,1.00,1.12
2015.12.14 20:14:14.581,1.51041,1.5106,1.00,1.12
2015.12.14 20:14:15.516,1.51043,1.5106,1.00,1.12
2015.12.14 20:14:15.719,1.51043,1.51063,1.00,1.50
2015.12.14 20:14:15.871,1.51041,1.51063,2.25,1.50
2015.12.14 20:14:15.922,1.51043,1.51063,1.00,1.50
2015.12.14 20:14:17.252,1.51043,1.51063,1.12,1.37
2015.12.14 20:14:18.427,1.51044,1.51063,1.00,1.37
2015.12.14 20:14:19.308,1.51042,1.51062,1.50,1.37
2015.12.14 20:14:19.815,1.51041,1.51061,1.37,1.12
2015.12.14 20:14:20.570,1.51039,1.51061,1.87,1.12
2015.12.14 20:14:20.688,1.51039,1.51059,1.00,1.75
2015.12.14 20:14:21.639,1.51041,1.51059,1.00,1.37
2015.12.14 20:14:21.943,1.51044,1.51062,1.00,2.62
2015.12.14 20:14:23.009,1.51044,1.51062,1.12,1.12
2015.12.14 20:14:23.263,1.51046,1.51064,1.00,1.87
2015.12.14 20:14:23.657,1.51043,1.51064,1.50,1.87
2015.12.14 20:14:24.191,1.51043,1.51063,1.12,3.00
2015.12.14 20:14:24.799,1.51043,1.51061,1.87,1.00
2015.12.14 20:14:26.043,1.51043,1.51064,1.87,1.12
2015.12.14 20:14:29.528,1.51045,1.51065,1.87,1.00
2015.12.14 20:14:29.833,1.5105,1.51065,1.37,1.00
2015.12.14 20:14:29.884,1.5105,1.51067,1.87,1.00
2015.12.14 20:14:30.037,1.51052,1.5107,1.87,1.12
2015.12.14 20:14:35.906,1.51052,1.5107,1.12,1.00
2015.12.14 20:14:37.561,1.51051,1.5107,1.87,1.00
2015.12.14 20:14:38.085,1.51055,1.5107,1.00,1.00
2015.12.14 20:14:38.238,1.51055,1.51072,1.37,1.12
2015.12.14 20:14:38.441,1.51057,1.51076,1.12,1.00
2015.12.14 20:14:38.593,1.51055,1.51073,1.87,1.00
2015.12.14 20:14:38.899,1.51056,1.51071,1.00,1.12
2015.12.14 20:14:39.067,1.51052,1.51071,1.12,1.12
2015.12.14 20:14:39.429,1.51053,1.51073,1.50,1.87
2015.12.14 20:14:39.638,1.51055,1.51073,1.00,1.50
2015.12.14 20:14:40.180,1.51056,1.51073,1.12,1.00
2015.12.14 20:14:40.288,1.51056,1.51075,1.12,1.12
2015.12.14 20:14:40.795,1.51057,1.51075,1.50,1.12
2015.12.14 20:14:40.947,1.51055,1.51075,1.50,1.87
2015.12.14 20:14:42.852,1.51055,1.51074,1.50,1.12
2015.12.14 20:14:43.157,1.51059,1.51075,1.00,1.50
2015.12.14 20:14:44.146,1.51058,1.51074,1.00,1.00
2015.12.14 20:14:44.552,1.51059,1.51078,1.00,1.87
2015.12.14 20:14:45.089,1.5106,1.51077,1.00,1.12
2015.12.14 20:14:45.342,1.51058,1.51077,1.00,1.12
2015.12.14 20:14:46.034,1.51057,1.51076,1.00,1.50
2015.12.14 20:14:46.085,1.51055,1.51072,1.50,1.00
2015.12.14 20:14:46.438,1.51054,1.51072,1.00,2.25
2015.12.14 20:14:46.540,1.51054,1.51072,1.00,1.12
2015.12.14 20:14:48.239,1.51055,1.51072,1.00,1.12
2015.12.14 20:14:48.433,1.51055,1.51075,1.50,1.00
2015.12.14 20:14:48.484,1.51058,1.51076,1.00,1.87
2015.12.14 20:14:48.890,1.5106,1.51076,1.00,1.50
2015.12.14 20:14:49.434,1.51061,1.51077,1.00,1.12
2015.12.14 20:14:55.148,1.5106,1.51077,1.50,1.12
2015.12.14 20:14:55.250,1.51056,1.51077,3.00,1.87
2015.12.14 20:14:55.352,1.51056,1.51074,1.00,1.12
2015.12.14 20:14:55.920,1.51056,1.51072,1.00,1.37
2015.12.14 20:14:55.971,1.51056,1.51077,1.12,1.87
2015.12.14 20:14:56.175,1.51055,1.51075,1.00,1.12
2015.12.14 20:14:56.479,1.51055,1.51073,1.00,1.12
2015.12.14 20:14:56.835,1.51055,1.51073,1.00,1.00
2015.12.14 20:14:57.380,1.51052,1.51075,2.62,2.62
2015.12.14 20:14:57.533,1.51052,1.51073,1.50,1.37
2015.12.14 20:14:58.075,1.51052,1.51073,1.12,1.75
2015.12.14 20:14:59.558,1.51054,1.51072,1.00,1.50
2015.12.14 20:14:59.864,1.51064,1.5108,1.50,1.00
2015.12.14 20:14:59.966,1.51067,1.51084,1.00,1.12
2015.12.14 20:15:00.220,1.51067,1.51088,1.12,1.87
2015.12.14 20:15:00.757,1.51068,1.51088,1.00,1.50
2015.12.14 20:15:01.267,1.51069,1.51088,1.00,1.12
2015.12.14 20:15:02.631,1.5107,1.5109,1.00,1.87
2015.12.14 20:15:05.926,1.51072,1.5109,1.00,1.12
2015.12.14 20:15:09.251,1.51072,1.51091,1.12,1.37
2015.12.14 20:15:09.302,1.51072,1.51093,1.12,1.87
2015.12.14 20:15:09.835,1.51073,1.51093,1.00,1.12
2015.12.14 20:15:09.886,1.51073,1.51094,1.00,1.00
2015.12.14 20:15:12.584,1.51073,1.51094,1.00,1.75
2015.12.14 20:15:12.889,1.51071,1.5109,1.50,1.12
2015.12.14 20:15:13.123,1.51069,1.5109,1.12,1.12
2015.12.14 20:15:13.174,1.51071,1.51089,1.00,1.37
2015.12.14 20:15:13.327,1.51073,1.51092,1.00,1.37
2015.12.14 20:15:18.208,1.51075,1.51094,1.12,1.37
2015.12.14 20:15:18.259,1.51075,1.51095,1.12,1.37
2015.12.14 20:15:18.311,1.51078,1.51096,1.00,1.87
2015.12.14 20:15:18.826,1.51079,1.51096,1.00,1.12
2015.12.14 20:15:19.029,1.51079,1.51097,1.00,1.00
2015.12.14 20:15:23.117,1.51079,1.51098,1.00,1.12
2015.12.14 20:15:23.647,1.51079,1.51097,1.00,1.12
2015.12.14 20:15:24.139,1.5108,1.51099,1.12,1.37
2015.12.14 20:15:24.190,1.51082,1.51099,1.00,1.37
2015.12.14 20:15:24.465,1.51087,1.51106,1.50,1.00
2015.12.14 20:15:25.012,1.51088,1.51106,1.00,1.37
2015.12.14 20:15:25.316,1.51086,1.51104,1.00,1.12
2015.12.14 20:15:25.848,1.51084,1.51104,1.87,1.12
2015.12.14 20:15:27.996,1.51083,1.511,1.87,1.00
2015.12.14 20:15:28.149,1.51076,1.51095,1.87,1.12
2015.12.14 20:15:28.200,1.51075,1.51095,1.87,1.12
2015.12.14 20:15:29.011,1.51074,1.51094,1.00,1.75
2015.12.14 20:15:29.113,1.51071,1.51094,2.25,1.75
2015.12.14 20:15:29.908,1.51075,1.51094,1.12,1.75
2015.12.14 20:15:29.959,1.51077,1.51095,1.00,1.37
2015.12.14 20:15:30.010,1.51077,1.51095,1.50,1.00
2015.12.14 20:15:31.044,1.51077,1.51097,1.87,1.37
2015.12.14 20:15:31.372,1.51077,1.51096,1.50,1.37
2015.12.14 20:15:31.423,1.51077,1.51095,1.00,1.12
2015.12.14 20:15:32.659,1.51079,1.51095,1.00,1.12
2015.12.14 20:15:33.016,1.51079,1.51097,1.00,1.75
2015.12.14 20:15:35.596,1.51079,1.51098,1.50,1.00
2015.12.14 20:15:35.951,1.51079,1.51097,1.50,1.37
2015.12.14 20:15:36.458,1.51079,1.51095,1.00,1.37
2015.12.14 20:15:37.059,1.51073,1.51093,2.25,1.37
2015.12.14 20:15:37.110,1.51073,1.51092,1.87,1.12
2015.12.14 20:15:37.625,1.51074,1.51091,1.00,1.87
2015.12.14 20:15:38.157,1.51074,1.51091,1.00,1.37
2015.12.14 20:15:38.693,1.51073,1.51091,1.12,1.37
2015.12.14 20:15:38.994,1.51073,1.51093,1.87,1.95
2015.12.14 20:15:39.803,1.51073,1.51091,1.50,1.00
2015.12.14 20:15:40.326,1.51072,1.51091,2.62,1.00
2015.12.14 20:15:41.250,1.51072,1.5109,2.62,1.47
2015.12.14 20:15:43.252,1.51072,1.51091,2.62,1.50
2015.12.14 20:15:43.760,1.51072,1.5109,1.37,1.47
2015.12.14 20:15:45.737,1.5107,1.5109,1.87,1.50
2015.12.14 20:15:45.956,1.5107,1.51089,1.12,1.75
2015.12.14 20:15:47.359,1.51068,1.51087,1.87,1.37
2015.12.14 20:15:48.447,1.51067,1.51086,1.12,1.37
2015.12.14 20:15:48.871,1.51065,1.51085,2.25,1.37
2015.12.14 20:15:48.922,1.51065,1.51084,1.87,1.12
2015.12.14 20:15:49.058,1.51061,1.51082,1.87,1.37
2015.12.14 20:15:51.178,1.51061,1.51076,1.12,1.37
2015.12.14 20:15:51.281,1.51058,1.51077,1.12,1.00
2015.12.14 20:15:52.243,1.5106,1.5108,1.75,1.50
2015.12.14 20:15:52.335,1.51062,1.51082,1.12,1.00
2015.12.14 20:15:52.742,1.51063,1.51083,1.12,1.12
2015.12.14 20:15:54.469,1.51065,1.51086,1.12,1.75
2015.12.14 20:15:54.608,1.51067,1.51086,1.00,1.12
2015.12.14 20:15:55.190,1.51067,1.51085,1.00,1.37
2015.12.14 20:15:55.444,1.51065,1.51084,1.00,1.12
2015.12.14 20:15:55.545,1.51064,1.51085,1.12,1.50
2015.12.14 20:15:55.647,1.51064,1.51083,1.00,1.00
2015.12.14 20:15:55.900,1.51066,1.51083,1.00,1.00
2015.12.14 20:15:56.230,1.51067,1.51088,1.87,1.37
2015.12.14 20:15:57.093,1.51071,1.51088,1.00,1.37
2015.12.14 20:15:57.634,1.51071,1.5109,1.00,1.75
2015.12.14 20:15:57.940,1.51071,1.51088,1.00,1.12
2015.12.14 20:15:58.971,1.51071,1.51085,1.00,1.00
2015.12.14 20:15:59.743,1.51071,1.51088,1.00,1.12
2015.12.14 20:16:00.047,1.51073,1.51089,1.00,1.12
2015.12.14 20:16:00.830,1.51074,1.51089,1.00,1.12
2015.12.14 20:16:00.881,1.51074,1.51093,1.00,1.00
2015.12.14 20:16:00.933,1.51076,1.51093,1.00,1.00
2015.12.14 20:16:01.237,1.51081,1.51093,1.50,1.37
2015.12.14 20:16:01.289,1.51081,1.51093,1.50,1.00
2015.12.14 20:16:01.340,1.51084,1.51093,1.00,1.00
2015.12.14 20:16:01.672,1.51084,1.51098,1.00,1.50
2015.12.14 20:16:02.180,1.51085,1.51101,1.00,1.12
2015.12.14 20:16:02.231,1.51083,1.51101,1.00,1.12
2015.12.14 20:16:02.486,1.51084,1.51101,1.00,1.00
2015.12.14 20:16:02.593,1.51088,1.51101,1.00,1.00
2015.12.14 20:16:02.796,1.51088,1.51105,1.00,1.12
2015.12.14 20:16:02.891,1.51091,1.51105,1.00,1.12
2015.12.14 20:16:03.197,1.51094,1.51105,1.00,1.12
2015.12.14 20:16:03.889,1.51094,1.51107,1.00,1.87
2015.12.14 20:16:04.397,1.51095,1.51107,1.00,1.87
2015.12.14 20:16:04.449,1.51091,1.51107,1.00,1.87
2015.12.14 20:16:04.653,1.51089,1.51107,1.00,1.87
2015.12.14 20:16:04.755,1.51089,1.51106,1.00,1.75
2015.12.14 20:16:05.059,1.51086,1.51101,1.00,1.37
2015.12.14 20:16:05.363,1.51087,1.51101,1.00,1.00
2015.12.14 20:16:05.414,1.51089,1.51103,1.00,1.12
2015.12.14 20:16:05.537,1.51092,1.51107,1.00,1.87
2015.12.14 20:16:05.588,1.51092,1.51104,1.00,1.12
2015.12.14 20:16:05.690,1.51093,1.51106,1.00,1.37
2015.12.14 20:16:06.198,1.51092,1.51106,1.00,1.37
2015.12.14 20:16:06.402,1.5109,1.51104,1.00,1.12
2015.12.14 20:16:07.608,1.51089,1.51104,1.00,1.12
2015.12.14 20:16:08.165,1.51088,1.51104,1.00,1.12
2015.12.14 20:16:08.520,1.51091,1.51104,1.00,1.12
2015.12.14 20:16:08.621,1.51091,1.51107,1.00,1.12
2015.12.14 20:16:10.469,1.51088,1.51106,1.50,1.12
2015.12.14 20:16:11.382,1.51085,1.51103,1.00,1.12
2015.12.14 20:16:11.484,1.51083,1.51101,1.00,1.12
2015.12.14 20:16:11.903,1.51081,1.51099,1.00,1.12
2015.12.14 20:16:13.098,1.5108,1.51099,1.87,1.12
2015.12.14 20:16:13.443,1.5108,1.51096,1.00,1.37
2015.12.14 20:16:15.747,1.51083,1.51096,1.00,1.37
2015.12.14 20:16:15.899,1.51085,1.511,1.00,1.12
2015.12.14 20:16:15.951,1.51087,1.51101,1.00,1.37
2015.12.14 20:16:16.155,1.51089,1.51106,1.00,1.75
2015.12.14 20:16:16.673,1.51088,1.51106,1.00,1.75
2015.12.14 20:16:17.217,1.51087,1.51104,1.00,1.37
2015.12.14 20:16:17.370,1.51086,1.51104,1.50,1.12
2015.12.14 20:16:17.776,1.51084,1.51103,1.12,1.12
2015.12.14 20:16:18.170,1.51082,1.51102,1.37,1.75
2015.12.14 20:16:18.221,1.51081,1.511,1.12,1.37
2015.12.14 20:16:18.273,1.51081,1.511,1.00,1.12
2015.12.14 20:16:18.903,1.51081,1.51097,1.00,1.00
2015.12.14 20:16:19.409,1.5108,1.51099,1.12,1.75
2015.12.14 20:16:23.554,1.51081,1.51099,1.00,1.75
2015.12.14 20:16:24.089,1.51079,1.51099,2.25,1.12
2015.12.14 20:16:25.781,1.51082,1.51099,1.00,1.12
2015.12.14 20:16:26.189,1.51085,1.511,1.00,1.37
2015.12.14 20:16:26.241,1.51085,1.51102,1.00,1.12
2015.12.14 20:16:26.495,1.51087,1.51102,1.00,1.12
2015.12.14 20:16:26.902,1.51089,1.51104,1.00,1.12
2015.12.14 20:16:26.953,1.51089,1.51106,1.00,1.12
2015.12.14 20:16:27.055,1.51089,1.51108,1.87,1.12
2015.12.14 20:16:27.106,1.51092,1.51108,1.00,1.12
2015.12.14 20:16:31.270,1.5109,1.51108,1.00,1.12
2015.12.14 20:16:31.650,1.51089,1.51108,1.87,1.12
2015.12.14 20:16:31.853,1.51089,1.51107,1.00,1.12
2015.12.14 20:16:32.360,1.51088,1.51106,1.00,1.75
2015.12.14 20:16:33.358,1.51087,1.51105,1.00,1.37
2015.12.14 20:16:33.663,1.51081,1.51101,1.50,2.25
2015.12.14 20:16:34.856,1.51078,1.51098,2.25,1.12
2015.12.14 20:16:35.771,1.51083,1.51098,1.00,1.12
2015.12.14 20:16:35.975,1.51083,1.51101,1.12,1.37
2015.12.14 20:16:36.546,1.5108,1.51099,1.00,1.00
2015.12.14 20:16:36.749,1.51077,1.51097,1.50,1.12
2015.12.14 20:16:37.784,1.51079,1.51097,1.00,1.12
2015.12.14 20:16:37.886,1.51079,1.51099,1.50,1.75
2015.12.14 20:16:47.465,1.51082,1.51099,1.00,1.75
2015.12.14 20:16:47.669,1.51083,1.51101,1.00,1.87
2015.12.14 20:16:47.720,1.51086,1.51101,1.00,1.37
2015.12.14 20:16:47.872,1.51086,1.51107,1.87,1.87
2015.12.14 20:16:48.238,1.51088,1.51106,1.00,1.12
2015.12.14 20:16:49.631,1.5109,1.51106,1.00,1.87
2015.12.14 20:16:49.977,1.51088,1.51106,1.00,1.12
2015.12.14 20:16:50.180,1.5109,1.51106,1.00,1.12
2015.12.14 20:16:51.101,1.51088,1.51106,1.00,1.12
2015.12.14 20:16:51.621,1.51085,1.51106,1.87,1.12
2015.12.14 20:16:52.079,1.51089,1.51106,1.00,1.12
2015.12.14 20:16:52.383,1.51093,1.51112,1.00,1.50
2015.12.14 20:16:53.565,1.51094,1.51114,1.12,1.87
2015.12.14 20:16:53.667,1.51095,1.51117,1.12,3.37
2015.12.14 20:16:54.174,1.51097,1.51116,1.12,1.12
2015.12.14 20:16:55.376,1.51098,1.51115,1.00,1.12
2015.12.14 20:16:55.477,1.51096,1.51115,1.12,1.12
2015.12.14 20:16:55.681,1.51099,1.51115,1.00,1.12
2015.12.14 20:16:56.188,1.51098,1.51115,1.00,1.12
2015.12.14 20:16:57.398,1.51097,1.51118,1.87,1.87
2015.12.14 20:16:57.807,1.51097,1.51117,1.12,1.12
2015.12.14 20:16:57.858,1.51097,1.51116,1.50,1.00
2015.12.14 20:16:58.912,1.51097,1.51116,1.50,1.37
2015.12.14 20:16:58.963,1.51097,1.51115,1.00,1.12
2015.12.14 20:16:59.892,1.51097,1.51117,1.50,1.87
2015.12.14 20:17:00.585,1.51097,1.51115,1.37,1.37
2015.12.14 20:17:00.964,1.51095,1.51114,1.12,1.12
2015.12.14 20:17:02.586,1.51092,1.51111,1.12,1.12
2015.12.14 20:17:04.379,1.51093,1.51112,1.00,1.00
2015.12.14 20:17:07.290,1.51101,1.51114,1.00,1.37
2015.12.14 20:17:07.493,1.51104,1.51122,1.50,1.12
2015.12.14 20:17:08.894,1.51102,1.51121,1.00,1.00
2015.12.14 20:17:09.678,1.51102,1.51123,1.87,1.75
2015.12.14 20:17:09.881,1.51104,1.51123,1.37,1.00
2015.12.14 20:17:09.983,1.51106,1.51125,1.00,1.00
2015.12.14 20:17:10.085,1.51106,1.51124,1.00,1.37
2015.12.14 20:17:10.594,1.51103,1.51124,1.12,1.12
2015.12.14 20:17:12.803,1.51101,1.51121,1.37,1.12
2015.12.14 20:17:13.410,1.511,1.51118,1.12,1.00
2015.12.14 20:17:13.917,1.511,1.51117,1.12,1.00
2015.12.14 20:17:13.969,1.511,1.51119,1.12,1.12
2015.12.14 20:17:14.020,1.51098,1.51118,1.50,1.37
2015.12.14 20:17:15.329,1.51105,1.51118,1.00,1.50
2015.12.14 20:17:15.430,1.51105,1.51123,1.50,1.12
2015.12.14 20:17:15.533,1.51106,1.51127,1.12,1.12
2015.12.14 20:17:16.937,1.51112,1.51127,1.00,1.75
2015.12.14 20:17:19.547,1.51107,1.51127,1.50,1.12
2015.12.14 20:17:20.738,1.51105,1.51123,1.00,1.00
2015.12.14 20:17:21.252,1.51104,1.51123,1.00,1.00
2015.12.14 20:17:22.566,1.51105,1.51123,1.00,1.00
2015.12.14 20:17:22.870,1.51107,1.51123,1.00,1.00
2015.12.14 20:17:27.710,1.51105,1.51123,1.00,1.00
2015.12.14 20:17:29.135,1.51104,1.51123,1.50,1.00
2015.12.14 20:17:30.393,1.51104,1.51123,1.00,1.37
2015.12.14 20:17:30.777,1.51104,1.5112,1.00,1.00
2015.12.14 20:17:30.879,1.51098,1.51118,1.12,1.50
2015.12.14 20:17:30.930,1.51096,1.51116,2.25,1.12
2015.12.14 20:17:31.235,1.51098,1.51119,1.12,1.12
2015.12.14 20:17:32.307,1.51099,1.5112,1.12,1.87
2015.12.14 20:17:32.359,1.51101,1.5112,1.12,1.12
2015.12.14 20:17:32.511,1.51102,1.5112,1.12,1.00
2015.12.14 20:17:35.239,1.51103,1.51123,1.12,1.50
2015.12.14 20:17:38.117,1.51103,1.51122,1.12,1.37
2015.12.14 20:17:39.117,1.51103,1.51123,1.12,1.50
2015.12.14 20:17:40.162,1.51102,1.51122,1.12,1.37
2015.12.14 20:17:41.251,1.51102,1.5112,1.12,1.00
2015.12.14 20:17:41.302,1.51102,1.51118,1.12,1.00
2015.12.14 20:17:41.455,1.511,1.51118,1.12,1.00
2015.12.14 20:17:42.867,1.51098,1.51118,1.12,1.12
2015.12.14 20:17:42.918,1.51098,1.51106,1.12,1.00
2015.12.14 20:17:42.969,1.51096,1.51106,1.12,1.00
2015.12.14 20:17:43.071,1.51087,1.51103,1.37,1.00
2015.12.14 20:17:43.122,1.51085,1.51103,1.12,2.25
2015.12.14 20:17:43.173,1.51083,1.51101,1.12,1.12
2015.12.14 20:17:43.225,1.51081,1.51099,1.87,1.50
2015.12.14 20:17:43.276,1.5108,1.51099,1.87,1.50
2015.12.14 20:17:43.833,1.5108,1.51101,1.12,1.87
2015.12.14 20:17:44.075,1.5108,1.511,1.12,1.87
2015.12.14 20:17:46.560,1.51078,1.51097,1.12,1.00
2015.12.14 20:17:47.173,1.51076,1.51094,1.12,1.00
2015.12.14 20:17:47.326,1.51073,1.51093,1.12,1.50
2015.12.14 20:17:47.377,1.51072,1.51091,1.37,1.12
2015.12.14 20:17:47.682,1.51071,1.51091,1.00,1.50
2015.12.14 20:17:47.733,1.51073,1.51091,1.00,1.50
2015.12.14 20:17:48.240,1.5107,1.5109,1.37,1.12
2015.12.14 20:17:48.542,1.51077,1.51093,1.12,1.37
2015.12.14 20:17:48.847,1.51077,1.51095,1.87,2.25
2015.12.14 20:17:49.050,1.51077,1.51095,2.25,1.12
2015.12.14 20:17:49.252,1.51077,1.51094,2.25,1.37
2015.12.14 20:17:49.557,1.51077,1.51095,2.25,1.00
2015.12.14 20:17:51.562,1.51077,1.51095,1.75,1.87
2015.12.14 20:17:51.732,1.51081,1.51097,1.00,1.00
2015.12.14 20:17:51.783,1.51083,1.51099,1.37,1.37
2015.12.14 20:17:52.291,1.51081,1.511,1.87,1.37
2015.12.14 20:17:52.596,1.51083,1.511,1.37,1.00
2015.12.14 20:17:52.748,1.51082,1.51099,1.37,1.12
2015.12.14 20:17:52.799,1.51081,1.51097,1.00,1.00
2015.12.14 20:17:53.054,1.51081,1.51099,1.00,1.12
2015.12.14 20:17:53.258,1.51079,1.51099,1.12,2.62
2015.12.14 20:17:53.765,1.51079,1.51099,1.50,3.00
2015.12.14 20:17:55.157,1.5108,1.51099,1.75,1.50
2015.12.14 20:17:55.513,1.51083,1.51101,1.12,1.87
2015.12.14 20:17:57.977,1.51084,1.51103,1.12,1.00
2015.12.14 20:17:58.492,1.51086,1.51103,1.37,1.00
2015.12.14 20:17:58.695,1.51085,1.51103,1.12,1.87
2015.12.14 20:17:58.747,1.51083,1.51102,1.87,1.50
2015.12.14 20:17:59.052,1.51083,1.51099,1.12,1.37
2015.12.14 20:17:59.154,1.51082,1.51101,1.12,2.25
2015.12.14 20:17:59.696,1.51081,1.51101,1.12,2.25
2015.12.14 20:18:00.171,1.51084,1.51102,1.12,1.37
2015.12.14 20:18:00.375,1.51086,1.51104,1.37,1.37
2015.12.14 20:18:02.768,1.51085,1.511,1.37,1.37
2015.12.14 20:18:03.275,1.51085,1.51104,1.12,2.32
2015.12.14 20:18:03.817,1.51085,1.51104,1.12,1.37
2015.12.14 20:18:03.970,1.51085,1.51104,1.00,1.12
2015.12.14 20:18:05.830,1.51083,1.51103,2.25,1.12
2015.12.14 20:18:06.849,1.51082,1.51099,1.12,1.00
2015.12.14 20:18:07.053,1.51077,1.51095,1.00,1.37
2015.12.14 20:18:08.057,1.51076,1.51095,1.00,1.37
2015.12.14 20:18:08.159,1.51076,1.51093,1.00,1.37
2015.12.14 20:18:08.666,1.51074,1.51094,1.50,2.62
2015.12.14 20:18:10.346,1.51076,1.51093,1.00,1.75
2015.12.14 20:18:10.705,1.51078,1.51093,1.00,1.37
2015.12.14 20:18:11.213,1.51077,1.51093,1.00,1.37
2015.12.14 20:18:12.491,1.51079,1.51096,1.87,1.12
2015.12.14 20:18:12.542,1.51079,1.51098,2.62,1.75
2015.12.14 20:18:12.695,1.51081,1.51101,1.37,1.12
2015.12.14 20:18:12.746,1.51082,1.51101,1.00,1.00
2015.12.14 20:18:12.797,1.51086,1.51101,1.00,1.00
2015.12.14 20:18:13.578,1.51087,1.51101,1.00,1.12
2015.12.14 20:18:17.152,1.51087,1.51103,1.00,1.00
2015.12.14 20:18:17.607,1.51086,1.51103,1.00,1.75
2015.12.14 20:18:18.085,1.51082,1.51102,2.62,1.87
2015.12.14 20:18:18.593,1.51082,1.51101,1.87,1.00
2015.12.14 20:18:18.877,1.51082,1.51099,1.87,1.37
2015.12.14 20:18:20.914,1.51082,1.51102,1.87,1.50
2015.12.14 20:18:21.098,1.51083,1.51101,1.12,1.37
2015.12.14 20:18:21.523,1.51084,1.51103,1.12,1.37
2015.12.14 20:18:22.030,1.51086,1.51104,1.12,1.37
2015.12.14 20:18:22.132,1.51087,1.51106,1.00,1.50
2015.12.14 20:18:22.184,1.51087,1.51107,1.00,1.87
2015.12.14 20:18:22.285,1.51087,1.51109,1.87,1.50
2015.12.14 20:18:22.878,1.51091,1.51109,1.12,1.37
2015.12.14 20:18:23.031,1.51094,1.51117,3.75,1.12
2015.12.14 20:18:23.082,1.51095,1.51118,1.12,2.25
2015.12.14 20:18:23.133,1.51098,1.51118,1.12,1.00
2015.12.14 20:18:23.853,1.51098,1.51121,1.12,2.25
2015.12.14 20:18:24.007,1.51099,1.51121,1.12,1.50
2015.12.14 20:18:24.552,1.51101,1.51121,1.50,1.12
2015.12.14 20:18:24.904,1.51101,1.51122,1.87,1.00
2015.12.14 20:18:25.322,1.51102,1.51122,1.00,1.37
2015.12.14 20:18:25.476,1.51105,1.51123,1.00,1.37
2015.12.14 20:18:25.527,1.51105,1.51125,1.50,1.10
2015.12.14 20:18:25.578,1.51108,1.51125,1.00,1.00
2015.12.14 20:18:25.883,1.51113,1.51127,1.12,1.37
2015.12.14 20:18:26.519,1.51113,1.51136,1.12,1.87
2015.12.14 20:18:26.823,1.51114,1.51136,1.12,1.12
2015.12.14 20:18:26.925,1.51114,1.51132,1.37,1.37
2015.12.14 20:18:27.129,1.5111,1.51132,1.37,1.37
2015.12.14 20:18:27.641,1.51111,1.51134,1.87,1.87
2015.12.14 20:18:27.692,1.51112,1.51134,1.12,1.50
2015.12.14 20:18:28.048,1.51114,1.51136,1.37,1.37
2015.12.14 20:18:28.099,1.51115,1.51136,1.12,1.00
2015.12.14 20:18:28.405,1.51115,1.51135,1.12,1.37
2015.12.14 20:18:28.506,1.51114,1.51135,1.00,1.87
2015.12.14 20:18:28.862,1.51114,1.51131,1.00,1.00
2015.12.14 20:18:29.170,1.51111,1.51129,1.00,1.50
2015.12.14 20:18:29.425,1.51107,1.51128,2.62,1.12
2015.12.14 20:18:29.527,1.51107,1.51128,1.12,1.87
2015.12.14 20:18:30.038,1.51107,1.51126,1.37,1.37
2015.12.14 20:18:30.232,1.51105,1.51126,1.12,1.37
2015.12.14 20:18:30.914,1.51105,1.51128,1.50,2.62
2015.12.14 20:18:31.218,1.51108,1.51129,1.00,1.12
2015.12.14 20:18:31.523,1.51113,1.51134,1.37,1.12
2015.12.14 20:18:32.478,1.51111,1.51133,2.25,1.37
2015.12.14 20:18:32.530,1.51111,1.51131,1.87,1.12
2015.12.14 20:18:36.723,1.51111,1.51134,1.12,1.50
2015.12.14 20:18:36.774,1.51113,1.51134,1.12,1.00
2015.12.14 20:18:41.436,1.51113,1.51131,1.12,1.37
2015.12.14 20:18:42.864,1.51113,1.51133,1.12,1.37
2015.12.14 20:18:43.386,1.51116,1.51133,1.00,1.37
2015.12.14 20:18:43.487,1.51116,1.51128,1.00,1.00
2015.12.14 20:18:43.589,1.5111,1.51126,1.12,1.00
2015.12.14 20:18:43.641,1.51106,1.51125,1.50,1.50
2015.12.14 20:18:43.692,1.51106,1.51125,1.00,1.87
2015.12.14 20:18:43.946,1.51106,1.51123,1.00,1.50
2015.12.14 20:18:44.650,1.51106,1.51124,1.00,2.25
2015.12.14 20:18:44.908,1.51101,1.51124,1.37,2.25
2015.12.14 20:18:46.476,1.51101,1.51124,1.37,1.37
2015.12.14 20:18:47.374,1.51101,1.51124,1.87,2.25
2015.12.14 20:18:47.931,1.51101,1.51125,2.62,1.12
2015.12.14 20:18:48.099,1.51103,1.51126,1.37,1.75
2015.12.14 20:18:48.150,1.51104,1.51126,1.12,1.37
2015.12.14 20:18:48.353,1.51102,1.51125,1.50,1.12
2015.12.14 20:18:52.215,1.51102,1.51123,1.37,1.12
2015.12.14 20:18:52.477,1.51102,1.51122,1.00,1.00
2015.12.14 20:18:54.277,1.51102,1.51124,1.37,1.87
2015.12.14 20:18:54.379,1.511,1.51122,1.87,1.12
2015.12.14 20:18:54.743,1.511,1.51121,1.12,1.12
2015.12.14 20:18:54.844,1.511,1.5112,1.37,1.00
2015.12.14 20:18:55.867,1.51099,1.51119,1.37,1.37
2015.12.14 20:18:56.276,1.51097,1.51119,1.12,2.62
2015.12.14 20:18:56.777,1.51096,1.51118,1.87,1.37
2015.12.14 20:19:00.285,1.51097,1.51118,1.12,1.00
2015.12.14 20:19:00.816,1.51096,1.51118,1.12,1.37
2015.12.14 20:19:00.867,1.51097,1.51118,1.12,1.00
2015.12.14 20:19:02.998,1.51099,1.51119,1.50,1.00
2015.12.14 20:19:08.901,1.511,1.51121,1.37,1.37
2015.12.14 20:19:09.003,1.51101,1.51122,1.00,1.00
2015.12.14 20:19:10.914,1.51102,1.51124,1.12,1.87
2015.12.14 20:19:12.792,1.51103,1.51124,1.12,1.50
2015.12.14 20:19:14.408,1.51104,1.51125,1.12,1.50
2015.12.14 20:19:15.311,1.51102,1.51124,1.37,1.75
2015.12.14 20:19:15.843,1.51101,1.51122,1.50,1.75
2015.12.14 20:19:16.350,1.51101,1.51121,1.00,1.12
2015.12.14 20:19:16.857,1.51099,1.51121,1.50,1.12
2015.12.14 20:19:18.055,1.51099,1.51121,1.87,1.37
2015.12.14 20:19:18.106,1.51101,1.51123,1.00,1.87
2015.12.14 20:19:19.809,1.51101,1.51123,1.50,1.12
2015.12.14 20:19:20.467,1.51101,1.51125,1.87,2.25
2015.12.14 20:19:20.975,1.51102,1.51124,1.12,1.00
2015.12.14 20:19:22.727,1.51102,1.51123,1.12,1.37
2015.12.14 20:19:23.234,1.51101,1.51122,2.62,1.00
2015.12.14 20:19:28.771,1.51104,1.51122,1.00,1.00
2015.12.14 20:19:29.304,1.51104,1.51125,1.50,1.87
2015.12.14 20:19:32.120,1.51104,1.51124,1.12,1.00
2015.12.14 20:19:32.612,1.51101,1.51124,2.25,1.12
2015.12.14 20:19:32.816,1.51101,1.51123,1.87,1.75
2015.12.14 20:19:33.369,1.51101,1.51123,1.50,1.37
2015.12.14 20:19:39.044,1.51102,1.51123,2.25,1.12
2015.12.14 20:19:39.841,1.51102,1.51122,1.50,1.50
2015.12.14 20:19:40.095,1.51097,1.5112,1.37,1.12
2015.12.14 20:19:43.920,1.51099,1.5112,1.00,1.12
2015.12.14 20:19:44.176,1.51096,1.51117,1.87,1.37
2015.12.14 20:19:44.279,1.51093,1.51115,1.87,1.50
2015.12.14 20:19:44.436,1.51092,1.51114,1.00,2.25
2015.12.14 20:19:44.945,1.51089,1.51112,1.12,1.50
2015.12.14 20:19:45.453,1.51088,1.51111,1.12,1.87
2015.12.14 20:19:47.051,1.51088,1.51108,1.12,1.37
2015.12.14 20:19:47.385,1.5108,1.51103,3.37,1.87
2015.12.14 20:19:47.893,1.5108,1.51104,2.62,1.75
2015.12.14 20:19:48.066,1.5108,1.51099,1.37,1.50
2015.12.14 20:19:48.117,1.51076,1.51098,1.12,1.12
2015.12.14 20:19:48.168,1.51075,1.51095,1.50,1.37
2015.12.14 20:19:48.219,1.51072,1.51095,2.62,1.75
2015.12.14 20:19:48.270,1.51072,1.51092,1.87,1.12
2015.12.14 20:19:48.372,1.51072,1.51094,1.00,1.12
2015.12.14 20:19:49.195,1.5107,1.51091,1.12,1.12
2015.12.14 20:19:50.252,1.51067,1.51086,1.50,1.12
2015.12.14 20:19:50.303,1.51065,1.51086,1.50,1.87
2015.12.14 20:19:50.354,1.51065,1.51083,1.50,1.37
2015.12.14 20:19:50.508,1.51061,1.51081,1.00,1.37
2015.12.14 20:19:51.066,1.51061,1.51081,1.12,1.00
2015.12.14 20:19:51.239,1.51061,1.51083,1.87,1.37
2015.12.14 20:19:51.546,1.5107,1.51091,1.12,1.12
2015.12.14 20:19:51.597,1.51069,1.51091,1.37,1.87
2015.12.14 20:19:52.472,1.5107,1.51091,1.37,1.00
2015.12.14 20:19:53.592,1.51072,1.51093,1.00,1.87
2015.12.14 20:19:54.069,1.51069,1.51092,2.25,1.12
2015.12.14 20:19:54.475,1.51074,1.51092,1.00,1.12
2015.12.14 20:19:54.780,1.51078,1.511,2.62,1.12
2015.12.14 20:19:54.831,1.51079,1.51102,1.12,1.12
2015.12.14 20:19:54.882,1.51078,1.51101,2.25,1.12
2015.12.14 20:19:55.060,1.51078,1.511,1.37,1.12
2015.12.14 20:19:55.213,1.51079,1.51102,1.50,1.75
2015.12.14 20:19:55.315,1.51079,1.51099,1.00,1.12
2015.12.14 20:19:55.417,1.51079,1.51102,1.87,1.37
2015.12.14 20:19:59.294,1.51082,1.51105,1.12,1.87
2015.12.14 20:19:59.911,1.51087,1.51105,1.00,1.12
2015.12.14 20:20:00.419,1.51084,1.51107,1.87,1.12
2015.12.14 20:20:00.962,1.51086,1.51107,1.00,1.75
2015.12.14 20:20:01.504,1.51085,1.51107,1.12,1.75
2015.12.14 20:20:04.189,1.51083,1.51104,1.00,1.12
2015.12.14 20:20:05.263,1.51085,1.51104,1.00,1.12
2015.12.14 20:20:05.314,1.51087,1.51107,1.00,1.75
2015.12.14 20:20:05.366,1.51089,1.51107,1.00,1.75
2015.12.14 20:20:05.417,1.51089,1.51109,1.12,1.12
2015.12.14 20:20:05.944,1.5109,1.51111,1.00,2.25
2015.12.14 20:20:06.046,1.5109,1.51111,1.50,1.50
2015.12.14 20:20:06.250,1.51093,1.51111,1.00,1.12
2015.12.14 20:20:06.555,1.51098,1.5112,1.50,1.37
2015.12.14 20:20:09.498,1.51101,1.5112,1.00,1.37
2015.12.14 20:20:09.671,1.51099,1.5112,1.12,1.37
2015.12.14 20:20:11.061,1.51101,1.5112,1.00,1.37
2015.12.14 20:20:12.632,1.51103,1.51121,1.00,1.75
2015.12.14 20:20:12.734,1.51105,1.51124,1.00,1.75
2015.12.14 20:20:12.854,1.51105,1.51125,1.00,1.10
2015.12.14 20:20:13.276,1.51103,1.51125,1.00,1.00
2015.12.14 20:20:13.328,1.51102,1.51123,1.12,1.37
2015.12.14 20:20:13.937,1.51104,1.51123,1.00,1.37
2015.12.14 20:20:14.228,1.51105,1.51126,1.50,1.12
2015.12.14 20:20:15.175,1.51102,1.51125,1.50,1.75
2015.12.14 20:20:15.684,1.51104,1.51125,1.00,2.25
2015.12.14 20:20:16.191,1.51102,1.51125,2.25,2.25
2015.12.14 20:20:18.451,1.51102,1.5112,1.50,1.00
2015.12.14 20:20:18.604,1.51104,1.51126,1.87,1.37
2015.12.14 20:20:19.141,1.51102,1.51125,1.12,1.75
2015.12.14 20:20:19.193,1.51102,1.51123,1.00,1.37
2015.12.14 20:20:19.346,1.51102,1.51124,1.50,1.37
2015.12.14 20:20:19.651,1.51104,1.51125,1.37,1.87
2015.12.14 20:20:20.184,1.51105,1.51125,1.12,1.00
2015.12.14 20:20:21.065,1.51104,1.51125,1.37,1.50
2015.12.14 20:20:21.572,1.51102,1.51123,1.87,1.00
2015.12.14 20:20:22.315,1.51102,1.51122,1.87,1.00
2015.12.14 20:20:23.072,1.51104,1.51123,1.87,1.00
2015.12.14 20:20:24.172,1.51102,1.51123,1.87,1.00
2015.12.14 20:20:24.681,1.51104,1.51124,1.87,1.00
2015.12.14 20:20:25.230,1.51104,1.51124,1.12,1.87
2015.12.14 20:20:25.739,1.51102,1.51123,2.62,1.00
2015.12.14 20:20:26.499,1.51102,1.51121,2.62,1.00
2015.12.14 20:20:28.201,1.51102,1.51123,1.87,1.00
2015.12.14 20:20:29.444,1.51102,1.51122,1.87,1.00
2015.12.14 20:20:29.783,1.51102,1.5112,1.87,1.00
2015.12.14 20:20:30.041,1.51103,1.51122,2.25,1.00
2015.12.14 20:20:30.569,1.51103,1.51121,1.50,1.00
2015.12.14 20:20:31.872,1.51102,1.51121,1.12,1.00
2015.12.14 20:20:32.429,1.51101,1.51123,1.87,1.50
2015.12.14 20:20:32.582,1.51106,1.51123,1.12,1.00
2015.12.14 20:20:32.633,1.51106,1.51127,1.75,1.50
2015.12.14 20:20:32.988,1.51108,1.51127,1.12,1.00
2015.12.14 20:20:33.604,1.51111,1.51127,1.12,1.00
2015.12.14 20:20:34.077,1.51109,1.51127,1.12,1.00
2015.12.14 20:20:34.331,1.51109,1.51132,1.12,1.37
2015.12.14 20:20:35.003,1.51111,1.51133,1.87,1.47
2015.12.14 20:20:35.511,1.51111,1.51133,1.87,1.00
2015.12.14 20:20:36.453,1.51111,1.51132,1.12,1.00
2015.12.14 20:20:36.505,1.51107,1.51129,1.87,1.12
2015.12.14 20:20:36.607,1.51109,1.51127,1.00,1.12
2015.12.14 20:20:36.709,1.51109,1.5113,1.12,1.37
2015.12.14 20:20:36.760,1.51111,1.5113,1.00,1.37
2015.12.14 20:20:37.014,1.51112,1.51133,1.50,1.00
2015.12.14 20:20:38.386,1.51115,1.51133,1.00,1.00
2015.12.14 20:20:38.640,1.51114,1.51136,2.62,1.37
2015.12.14 20:20:38.691,1.51114,1.51135,1.87,1.12
2015.12.14 20:20:38.895,1.51114,1.51136,1.37,1.00
2015.12.14 20:20:39.396,1.51114,1.51135,1.37,1.00
2015.12.14 20:20:39.599,1.51114,1.51133,1.37,1.00
2015.12.14 20:20:42.228,1.51111,1.51133,1.12,1.50
2015.12.14 20:20:43.478,1.51111,1.51133,1.12,1.87
2015.12.14 20:20:43.987,1.51111,1.51135,1.12,2.25
2015.12.14 20:20:46.055,1.51111,1.51133,1.12,1.37
2015.12.14 20:20:47.793,1.51111,1.51133,1.12,1.12
2015.12.14 20:20:50.888,1.51111,1.51134,1.12,1.12
2015.12.14 20:20:51.947,1.51111,1.51133,1.12,1.00
2015.12.14 20:20:53.150,1.51111,1.51134,1.12,1.12
2015.12.14 20:20:54.451,1.51111,1.51135,1.12,3.75
2015.12.14 20:20:56.313,1.5111,1.51133,1.12,1.50
2015.12.14 20:20:56.364,1.51109,1.51133,1.12,1.87
2015.12.14 20:20:56.955,1.51111,1.51133,1.12,1.00
2015.12.14 20:21:00.978,1.51111,1.5113,1.12,1.00
2015.12.14 20:21:01.029,1.5111,1.51129,1.37,1.00
2015.12.14 20:21:01.080,1.5111,1.51126,1.37,1.37
2015.12.14 20:21:01.131,1.51103,1.51124,1.00,1.75
2015.12.14 20:21:01.233,1.51099,1.51122,1.37,1.75
2015.12.14 20:21:01.765,1.51098,1.51121,1.37,1.50
2015.12.14 20:21:06.825,1.51101,1.51119,1.00,1.00
2015.12.14 20:21:07.028,1.51101,1.51123,1.12,2.70
2015.12.14 20:21:09.877,1.511,1.51122,1.12,1.12
2015.12.14 20:21:10.961,1.51102,1.51122,1.12,1.00
2015.12.14 20:21:12.363,1.51101,1.51122,1.87,1.37
2015.12.14 20:21:12.559,1.51102,1.51124,1.37,1.50
2015.12.14 20:21:13.067,1.51102,1.51125,1.37,3.07
2015.12.14 20:21:13.645,1.51102,1.51124,1.37,1.50
2015.12.14 20:21:14.646,1.51102,1.51124,1.37,1.00
2015.12.14 20:21:18.877,1.51107,1.51124,1.00,1.50
2015.12.14 20:21:19.050,1.51108,1.51127,1.12,1.87
2015.12.14 20:21:19.102,1.51113,1.51127,1.12,1.00
2015.12.14 20:21:19.408,1.51115,1.51127,1.00,1.00
2015.12.14 20:21:19.612,1.51113,1.51127,1.87,1.00
2015.12.14 20:21:20.175,1.51113,1.51134,2.25,1.37
2015.12.14 20:21:20.762,1.51111,1.51132,1.00,1.37
2015.12.14 20:21:22.655,1.51111,1.51129,1.00,2.25
2015.12.14 20:21:22.706,1.51104,1.51125,1.12,1.37
2015.12.14 20:21:22.808,1.51103,1.51124,1.12,1.12
2015.12.14 20:21:23.011,1.51103,1.51124,1.50,1.00
2015.12.14 20:21:24.847,1.51105,1.51126,1.00,1.75
2015.12.14 20:21:25.000,1.51107,1.51126,1.00,1.12
2015.12.14 20:21:25.101,1.51108,1.51128,1.00,1.37
2015.12.14 20:21:25.690,1.51108,1.5113,1.50,1.75
2015.12.14 20:21:26.198,1.5111,1.5113,1.00,1.12
2015.12.14 20:21:26.503,1.5111,1.51131,1.00,1.12
2015.12.14 20:21:29.754,1.51111,1.51131,1.00,1.12
2015.12.14 20:21:29.906,1.51111,1.51131,1.00,1.00
2015.12.14 20:21:31.411,1.51112,1.51131,1.00,1.00
2015.12.14 20:21:32.364,1.51111,1.51131,1.00,1.00
2015.12.14 20:21:33.076,1.51112,1.51131,1.00,1.00
2015.12.14 20:21:34.121,1.51112,1.5113,1.00,1.12
2015.12.14 20:21:34.224,1.51112,1.51132,1.00,1.37
2015.12.14 20:21:34.275,1.51114,1.51132,1.00,1.37
2015.12.14 20:21:34.680,1.51114,1.51134,1.00,1.75
2015.12.14 20:21:34.883,1.51114,1.51132,1.00,1.12
2015.12.14 20:21:34.985,1.51114,1.51134,1.00,1.37
2015.12.14 20:21:35.138,1.51118,1.51136,1.00,1.12
2015.12.14 20:21:35.189,1.51118,1.51139,1.00,1.57
2015.12.14 20:21:35.291,1.51118,1.51139,2.25,1.00
2015.12.14 20:21:35.939,1.5112,1.51139,1.00,1.00
2015.12.14 20:21:36.446,1.51117,1.51141,1.87,1.75
2015.12.14 20:21:39.442,1.5112,1.51141,1.00,1.75
2015.12.14 20:21:39.948,1.51118,1.51141,1.50,1.75
2015.12.14 20:21:40.912,1.51115,1.51139,4.12,1.37
2015.12.14 20:21:41.523,1.51115,1.51136,1.12,1.12
2015.12.14 20:21:41.726,1.51112,1.51133,1.00,1.00
2015.12.14 20:21:42.232,1.51111,1.51133,1.87,1.00
2015.12.14 20:21:43.228,1.51111,1.51135,1.87,1.75
2015.12.14 20:21:43.331,1.5111,1.5113,1.12,1.00
2015.12.14 20:21:43.433,1.51107,1.5113,1.75,2.25
2015.12.14 20:21:43.535,1.51105,1.51129,1.75,2.25
2015.12.14 20:21:43.839,1.51107,1.51128,1.12,1.50
2015.12.14 20:21:44.346,1.51107,1.51129,1.12,1.00
2015.12.14 20:21:44.682,1.51103,1.51124,1.12,1.37
2015.12.14 20:21:45.619,1.51103,1.51125,1.12,1.00
2015.12.14 20:21:45.924,1.51105,1.51126,1.12,1.00
2015.12.14 20:21:46.229,1.51102,1.51126,1.00,1.87
2015.12.14 20:21:48.121,1.51105,1.51125,1.12,1.50
2015.12.14 20:21:48.427,1.51108,1.51128,1.12,1.12
2015.12.14 20:21:48.731,1.51106,1.51128,1.12,1.50
2015.12.14 20:21:49.137,1.51108,1.51128,1.12,1.12
2015.12.14 20:21:49.594,1.51108,1.5113,1.12,1.12
2015.12.14 20:21:50.138,1.51109,1.5113,1.12,1.00
2015.12.14 20:21:50.687,1.51109,1.51131,1.12,1.12
2015.12.14 20:21:58.126,1.51109,1.51124,1.12,1.00
2015.12.14 20:21:58.228,1.51109,1.51128,1.12,1.00
2015.12.14 20:22:00.530,1.51108,1.51128,1.37,1.12
2015.12.14 20:22:00.632,1.51106,1.51124,1.75,1.00
2015.12.14 20:22:02.408,1.51106,1.51122,1.12,1.00
2015.12.14 20:22:02.713,1.51096,1.51113,1.12,1.12
2015.12.14 20:22:02.764,1.51094,1.51113,2.25,1.12
2015.12.14 20:22:03.045,1.51094,1.51111,1.87,1.37
2015.12.14 20:22:03.350,1.51087,1.51108,1.37,1.12
2015.12.14 20:22:03.555,1.51092,1.51108,1.00,1.50
2015.12.14 20:22:03.859,1.51094,1.51108,1.12,1.00
2015.12.14 20:22:03.961,1.51094,1.51108,1.12,1.00
2015.12.14 20:22:04.092,1.51096,1.51108,1.00,1.37
2015.12.14 20:22:04.195,1.51098,1.5111,1.00,1.10
2015.12.14 20:22:04.248,1.51098,1.51113,1.50,1.00
2015.12.14 20:22:04.654,1.51095,1.51113,1.12,1.00
2015.12.14 20:22:04.756,1.51093,1.51113,1.12,1.00
2015.12.14 20:22:05.289,1.51095,1.51113,1.12,1.00
2015.12.14 20:22:05.746,1.51096,1.5111,1.00,1.00
2015.12.14 20:22:06.814,1.51098,1.5111,1.37,1.00
2015.12.14 20:22:07.017,1.51097,1.5111,1.37,1.00
2015.12.14 20:22:07.525,1.51097,1.5111,1.00,1.00
2015.12.14 20:22:10.338,1.51094,1.5111,1.87,1.00
2015.12.14 20:22:12.328,1.51094,1.5111,1.37,1.00
2015.12.14 20:22:12.531,1.51091,1.5111,1.12,1.50
2015.12.14 20:22:12.582,1.51091,1.51107,1.12,1.00
2015.12.14 20:22:12.786,1.51087,1.51104,1.12,1.00
2015.12.14 20:22:12.887,1.51086,1.51104,1.37,1.00
2015.12.14 20:22:13.769,1.51088,1.51104,1.00,1.00
2015.12.14 20:22:14.030,1.51085,1.51102,1.37,1.00
2015.12.14 20:22:14.082,1.51082,1.511,1.12,1.00
2015.12.14 20:22:14.133,1.51082,1.51098,1.12,1.00
2015.12.14 20:22:14.184,1.51078,1.51098,1.50,1.00
2015.12.14 20:22:14.733,1.51078,1.51094,1.37,1.00
2015.12.14 20:22:14.786,1.51074,1.51091,1.20,1.00
2015.12.14 20:22:15.092,1.51072,1.51089,1.37,1.00
2015.12.14 20:22:15.345,1.51071,1.51087,1.00,1.00
2015.12.14 20:22:15.803,1.51071,1.51085,1.00,1.00
2015.12.14 20:22:15.929,1.51065,1.51085,1.75,1.00
2015.12.14 20:22:15.980,1.51064,1.51085,1.50,1.37
2015.12.14 20:22:16.183,1.51065,1.51087,1.75,1.12
2015.12.14 20:22:16.285,1.51068,1.51087,1.12,1.00
2015.12.14 20:22:16.701,1.51065,1.51087,1.87,1.50
2015.12.14 20:22:17.224,1.51066,1.51085,1.12,1.12
2015.12.14 20:22:18.910,1.51065,1.51081,1.50,1.00
2015.12.14 20:22:19.211,1.51064,1.51081,1.00,1.12
2015.12.14 20:22:19.364,1.51065,1.51081,1.37,1.00
2015.12.14 20:22:19.871,1.51065,1.51081,1.00,1.00
2015.12.14 20:22:20.378,1.51066,1.51081,1.00,1.00
2015.12.14 20:22:21.600,1.51064,1.51082,2.62,1.50
2015.12.14 20:22:22.120,1.51065,1.51081,1.00,1.00
2015.12.14 20:22:22.526,1.51063,1.51081,1.00,1.12
2015.12.14 20:22:22.578,1.51063,1.51081,1.87,1.87
2015.12.14 20:22:22.927,1.51068,1.51082,1.37,2.25
2015.12.14 20:22:23.459,1.51067,1.51081,1.20,1.00
2015.12.14 20:22:23.764,1.51064,1.51081,1.12,1.50
2015.12.14 20:22:23.968,1.51064,1.51081,1.87,1.50
2015.12.14 20:22:24.155,1.51064,1.51081,1.12,2.25
2015.12.14 20:22:24.565,1.51065,1.51081,1.37,2.25
2015.12.14 20:22:24.667,1.51064,1.51081,1.12,2.25
2015.12.14 20:22:25.174,1.51064,1.51081,1.37,2.25
2015.12.14 20:22:25.275,1.51061,1.51081,1.57,1.50
2015.12.14 20:22:25.327,1.51061,1.51076,1.57,1.00
2015.12.14 20:22:25.649,1.51063,1.51074,1.37,1.00
2015.12.14 20:22:25.700,1.51063,1.51078,1.37,1.00
2015.12.14 20:22:26.220,1.51063,1.51078,1.37,1.00
2015.12.14 20:22:28.960,1.51063,1.5108,1.37,1.00
2015.12.14 20:22:29.012,1.51065,1.51083,1.50,1.00
2015.12.14 20:22:29.316,1.51072,1.51083,1.37,1.00
2015.12.14 20:22:32.707,1.51073,1.51085,1.00,1.00
2015.12.14 20:22:32.759,1.51073,1.51087,1.57,1.00
2015.12.14 20:22:32.810,1.51075,1.5109,1.87,1.00
2015.12.14 20:22:33.378,1.51079,1.5109,1.00,1.00
2015.12.14 20:22:33.896,1.51079,1.51092,1.00,1.00
2015.12.14 20:22:34.201,1.51081,1.51095,1.37,1.00
2015.12.14 20:22:34.506,1.51086,1.51096,1.37,1.00
2015.12.14 20:22:34.716,1.51082,1.51095,1.50,1.00
2015.12.14 20:22:34.767,1.51085,1.51095,1.37,1.00
2015.12.14 20:22:34.869,1.5108,1.51092,1.75,1.00
2015.12.14 20:22:34.920,1.5108,1.51092,1.00,1.00
2015.12.14 20:22:34.971,1.51078,1.51094,1.75,1.00
2015.12.14 20:22:35.022,1.51078,1.51095,1.00,1.50
2015.12.14 20:22:35.428,1.51075,1.51091,1.50,1.00
2015.12.14 20:22:36.402,1.51077,1.51091,1.37,1.00
2015.12.14 20:22:37.133,1.51075,1.51091,1.87,1.00
2015.12.14 20:22:38.446,1.51077,1.51091,1.37,1.00
2015.12.14 20:22:38.548,1.51079,1.51094,1.37,1.00
2015.12.14 20:22:38.701,1.5108,1.51094,1.50,1.00
2015.12.14 20:22:38.803,1.5108,1.51096,2.62,1.00
2015.12.14 20:22:39.134,1.5108,1.51096,1.00,1.00
2015.12.14 20:22:39.642,1.51077,1.51096,1.50,1.12
2015.12.14 20:22:43.328,1.51077,1.51096,1.37,1.50
2015.12.14 20:22:43.925,1.51079,1.51096,1.00,1.00
2015.12.14 20:22:46.870,1.51079,1.51094,1.00,1.00
2015.12.14 20:22:47.213,1.51072,1.51086,1.87,1.00
2015.12.14 20:22:47.518,1.51074,1.51086,1.50,1.00
2015.12.14 20:22:47.924,1.51074,1.51086,1.00,1.00
2015.12.14 20:22:49.598,1.51071,1.51086,1.87,1.00
2015.12.14 20:22:50.130,1.51072,1.51086,1.00,1.00
2015.12.14 20:22:50.644,1.51072,1.51086,1.50,1.00
2015.12.14 20:22:51.000,1.51072,1.51086,1.50,1.00
2015.12.14 20:22:51.102,1.51074,1.51086,1.37,1.00
2015.12.14 20:22:51.203,1.51072,1.51086,2.25,1.00
2015.12.14 20:22:51.426,1.51071,1.51086,1.47,1.00
2015.12.14 20:22:52.541,1.51075,1.51086,1.00,1.00
2015.12.14 20:22:52.643,1.51071,1.51086,1.95,1.00
2015.12.14 20:22:54.635,1.5107,1.51086,1.00,1.00
2015.12.14 20:22:57.141,1.5107,1.51086,1.75,1.00
2015.12.14 20:22:57.547,1.5107,1.51086,1.00,1.00
2015.12.14 20:22:58.031,1.51072,1.51086,1.37,1.00
2015.12.14 20:23:02.795,1.51074,1.51091,1.12,1.50
2015.12.14 20:23:02.846,1.51078,1.51091,1.50,1.00
2015.12.14 20:23:03.118,1.51078,1.51091,1.00,1.00
2015.12.14 20:23:03.730,1.51075,1.51091,2.62,1.00
2015.12.14 20:23:03.925,1.51073,1.51091,1.37,1.87
2015.12.14 20:23:04.230,1.51073,1.51088,1.37,1.00
2015.12.14 20:23:04.567,1.51071,1.51088,1.95,1.00
2015.12.14 20:23:04.830,1.51075,1.51088,1.37,1.00
2015.12.14 20:23:05.141,1.51072,1.51088,1.57,1.00
2015.12.14 20:23:05.659,1.51073,1.51088,1.37,1.00
2015.12.14 20:23:07.640,1.51076,1.5109,1.37,1.00
2015.12.14 20:23:07.945,1.51082,1.5109,1.37,1.00
2015.12.14 20:23:08.149,1.5108,1.5109,1.87,1.00
2015.12.14 20:23:08.682,1.51081,1.5109,1.00,1.00
2015.12.14 20:23:09.215,1.51081,1.51091,1.00,1.00
2015.12.14 20:23:09.749,1.51081,1.51092,1.00,1.00
2015.12.14 20:23:10.307,1.51081,1.51095,1.00,1.00
2015.12.14 20:23:16.784,1.51081,1.51095,1.75,1.00
2015.12.14 20:23:18.409,1.51078,1.51095,1.50,1.00
2015.12.14 20:23:18.511,1.51075,1.51095,1.37,1.50
2015.12.14 20:23:18.663,1.51073,1.51095,1.37,2.25
2015.12.14 20:23:18.715,1.51073,1.51094,1.00,1.12
2015.12.14 20:23:18.766,1.51075,1.51091,1.00,1.00
2015.12.14 20:23:19.475,1.51075,1.51091,1.87,1.00
2015.12.14 20:23:19.786,1.51081,1.51093,1.37,1.00
2015.12.14 20:23:20.294,1.51079,1.51093,1.50,1.00
2015.12.14 20:23:20.983,1.51081,1.51096,1.37,1.00
2015.12.14 20:23:21.489,1.51082,1.51096,1.50,1.00
2015.12.14 20:23:26.368,1.51085,1.51096,1.37,1.00
2015.12.14 20:23:26.672,1.51085,1.51098,1.37,1.00
2015.12.14 20:23:27.406,1.51084,1.51098,1.87,1.00
2015.12.14 20:23:41.340,1.51084,1.51102,3.00,1.00
2015.12.14 20:23:41.442,1.51084,1.51105,3.00,1.50
2015.12.14 20:23:42.317,1.51084,1.51104,1.50,1.12
2015.12.14 20:23:42.419,1.51083,1.51104,1.37,1.12
2015.12.14 20:23:42.846,1.51081,1.51102,1.37,1.12
2015.12.14 20:23:43.099,1.51083,1.51104,1.00,1.12
2015.12.14 20:23:49.717,1.51082,1.51099,1.12,1.87
2015.12.14 20:23:49.921,1.51082,1.51103,1.12,4.87
2015.12.14 20:23:50.225,1.51082,1.511,1.87,1.00
2015.12.14 20:23:50.479,1.51082,1.51103,1.87,1.00
2015.12.14 20:23:50.530,1.51083,1.51104,1.75,1.12
2015.12.14 20:23:56.319,1.51084,1.51104,1.12,1.00
2015.12.14 20:23:56.796,1.51084,1.51107,1.12,1.37
2015.12.14 20:23:57.849,1.51086,1.51108,1.37,2.25
2015.12.14 20:23:58.063,1.51087,1.51108,1.12,1.87
2015.12.14 20:23:58.166,1.51085,1.51107,1.37,1.37
2015.12.14 20:23:58.766,1.51085,1.51105,1.37,1.00
2015.12.14 20:23:59.013,1.51086,1.51105,1.37,1.00
2015.12.14 20:23:59.267,1.51085,1.51106,1.37,1.12
2015.12.14 20:23:59.533,1.51086,1.51107,1.50,1.87
2015.12.14 20:23:59.933,1.51086,1.51107,1.00,1.87
2015.12.14 20:24:00.466,1.51086,1.51107,1.75,1.12
2015.12.14 20:24:02.219,1.51086,1.51106,1.75,1.00
2015.12.14 20:24:02.526,1.51086,1.51104,1.75,1.00
2015.12.14 20:24:03.152,1.51085,1.51104,1.12,1.00
2015.12.14 20:24:03.940,1.51083,1.51103,1.87,1.00
2015.12.14 20:24:05.147,1.51083,1.51104,1.87,1.50
2015.12.14 20:24:07.388,1.51084,1.51106,2.25,2.62
2015.12.14 20:24:08.052,1.51084,1.51106,1.50,2.62
2015.12.14 20:24:10.560,1.51082,1.51103,1.12,1.50
2015.12.14 20:24:11.106,1.51083,1.51104,1.87,1.12
2015.12.14 20:24:11.644,1.51084,1.51104,1.00,1.12
2015.12.14 20:24:14.683,1.51084,1.51105,1.00,1.87
2015.12.14 20:24:14.836,1.51084,1.51106,1.50,2.25
2015.12.14 20:24:15.141,1.51089,1.51106,1.12,1.50
2015.12.14 20:24:15.192,1.51089,1.51111,1.50,1.12
2015.12.14 20:24:15.243,1.51092,1.51113,1.00,1.20
2015.12.14 20:24:15.558,1.51103,1.51119,1.37,1.00
2015.12.14 20:24:15.863,1.51099,1.5112,2.32,1.50
2015.12.14 20:24:15.965,1.51099,1.51117,2.25,1.00
2015.12.14 20:24:16.269,1.51098,1.51115,1.50,1.00
2015.12.14 20:24:16.371,1.51098,1.51118,1.50,1.12
2015.12.14 20:24:16.763,1.51098,1.51118,1.00,1.12
2015.12.14 20:24:17.844,1.51097,1.51115,1.37,1.00
2015.12.14 20:24:18.047,1.51097,1.51117,1.37,1.00
2015.12.14 20:24:18.275,1.51097,1.51115,1.37,1.00
2015.12.14 20:24:18.782,1.51096,1.51115,1.37,1.12
2015.12.14 20:24:19.090,1.51093,1.51114,1.37,1.12
2015.12.14 20:24:19.141,1.51092,1.51112,2.25,1.00
2015.12.14 20:24:19.192,1.51092,1.51112,1.87,1.12
2015.12.14 20:24:19.699,1.51092,1.51115,1.75,1.87
2015.12.14 20:24:19.828,1.51095,1.51115,1.12,1.00
2015.12.14 20:24:20.351,1.51095,1.51116,1.75,1.87
2015.12.14 20:24:21.780,1.51097,1.51118,1.37,1.50
2015.12.14 20:24:23.208,1.51096,1.51117,1.12,1.00
2015.12.14 20:24:23.310,1.51096,1.51117,1.75,1.00
2015.12.14 20:24:23.614,1.51098,1.51118,1.12,1.12
2015.12.14 20:24:23.879,1.51097,1.51118,1.37,1.37
2015.12.14 20:24:24.613,1.51097,1.51118,1.00,1.50
2015.12.14 20:24:24.715,1.51097,1.51118,1.12,1.50
2015.12.14 20:24:26.111,1.51099,1.51117,1.12,1.00
2015.12.14 20:24:27.784,1.51098,1.51117,1.12,1.00
2015.12.14 20:24:27.885,1.51098,1.51117,1.00,1.00
2015.12.14 20:24:28.675,1.51098,1.51117,1.12,1.00
2015.12.14 20:24:29.190,1.51099,1.51118,1.12,1.00
2015.12.14 20:24:30.190,1.51098,1.51118,1.37,1.37
2015.12.14 20:24:30.292,1.51097,1.51116,1.37,1.00
2015.12.14 20:24:30.467,1.51097,1.51114,1.37,1.00
2015.12.14 20:24:30.570,1.51093,1.51113,1.37,1.12
2015.12.14 20:24:30.779,1.51091,1.51106,1.50,1.00
2015.12.14 20:24:30.881,1.51091,1.51106,1.00,1.00
2015.12.14 20:24:31.135,1.51089,1.51109,1.12,1.00
2015.12.14 20:24:31.237,1.51089,1.51103,1.12,1.00
2015.12.14 20:24:32.223,1.5109,1.51103,1.12,1.00
2015.12.14 20:24:32.325,1.51091,1.5111,1.87,1.50
2015.12.14 20:24:32.682,1.51093,1.51114,1.12,1.87
2015.12.14 20:24:33.239,1.51093,1.51113,1.12,1.00
2015.12.14 20:24:33.341,1.51093,1.51111,1.12,1.00
2015.12.14 20:24:33.437,1.51093,1.51113,1.12,1.50
2015.12.14 20:24:33.540,1.51092,1.5111,1.12,1.00
2015.12.14 20:24:34.054,1.51091,1.51109,1.87,1.00
2015.12.14 20:24:34.358,1.51092,1.51107,1.37,1.00
2015.12.14 20:24:34.409,1.51092,1.51111,1.37,1.00
2015.12.14 20:24:34.707,1.51093,1.51116,1.12,2.62
2015.12.14 20:24:35.214,1.51095,1.51116,1.50,1.50
2015.12.14 20:24:35.721,1.51095,1.51114,1.37,1.00
2015.12.14 20:24:36.679,1.51095,1.51116,1.37,1.50
2015.12.14 20:24:40.331,1.51093,1.51115,1.12,1.37
2015.12.14 20:24:40.686,1.51092,1.51111,1.75,1.50
2015.12.14 20:24:41.013,1.51093,1.51113,1.12,1.00
2015.12.14 20:24:41.369,1.51094,1.51116,1.12,1.50
2015.12.14 20:24:45.910,1.51092,1.51114,1.87,1.12
2015.12.14 20:24:46.450,1.51092,1.51111,1.87,1.00
2015.12.14 20:24:47.446,1.51092,1.51111,1.87,1.00
2015.12.14 20:24:50.120,1.51093,1.51111,1.75,1.00
2015.12.14 20:24:50.715,1.51093,1.5111,1.75,1.00
2015.12.14 20:24:51.459,1.51093,1.51111,1.75,1.00
2015.12.14 20:24:51.778,1.51097,1.51111,1.00,1.00
2015.12.14 20:24:51.829,1.51093,1.5111,2.25,1.00
2015.12.14 20:24:51.880,1.51097,1.5111,1.00,1.00
2015.12.14 20:24:51.931,1.51097,1.51116,1.00,1.12
2015.12.14 20:24:52.034,1.511,1.5112,1.12,1.00
2015.12.14 20:24:52.136,1.51097,1.5112,2.62,1.87
2015.12.14 20:24:52.643,1.51099,1.5112,1.50,1.37
2015.12.14 20:24:53.172,1.51101,1.5112,1.00,1.87
2015.12.14 20:24:53.274,1.51104,1.5112,1.75,1.37
2015.12.14 20:24:53.325,1.51104,1.51124,1.75,1.12
2015.12.14 20:24:53.929,1.51104,1.51125,1.87,1.12
2015.12.14 20:24:55.343,1.51103,1.51125,1.95,1.12
2015.12.14 20:24:55.699,1.51101,1.51122,1.95,1.37
2015.12.14 20:24:56.210,1.51102,1.51123,1.00,1.87
2015.12.14 20:24:58.921,1.511,1.51123,1.87,1.12
2015.12.14 20:24:59.317,1.51102,1.51121,1.00,1.12
2015.12.14 20:24:59.419,1.51103,1.51123,1.00,2.25
2015.12.14 20:24:59.938,1.51104,1.51124,1.00,1.12
2015.12.14 20:25:00.475,1.51105,1.51124,1.00,1.12
2015.12.14 20:25:00.890,1.51103,1.51124,1.12,1.12
2015.12.14 20:25:01.043,1.51103,1.51123,1.00,1.12
2015.12.14 20:25:01.849,1.51102,1.51121,1.00,1.12
2015.12.14 20:25:01.951,1.51101,1.51123,1.37,1.12
2015.12.14 20:25:02.059,1.511,1.51121,1.50,1.12
2015.12.14 20:25:02.465,1.51101,1.51121,1.12,1.00
2015.12.14 20:25:02.978,1.51099,1.51121,2.25,1.87
2015.12.14 20:25:03.182,1.51102,1.51121,1.00,1.12
2015.12.14 20:25:03.436,1.51102,1.51124,1.87,1.50
2015.12.14 20:25:03.943,1.51102,1.51123,1.50,1.37
2015.12.14 20:25:05.202,1.51101,1.51121,1.12,1.00
2015.12.14 20:25:05.304,1.51101,1.51119,1.12,1.00
2015.12.14 20:25:05.355,1.51098,1.51118,2.25,1.00
2015.12.14 20:25:05.457,1.51096,1.51117,1.37,1.00
2015.12.14 20:25:06.291,1.51096,1.51117,1.37,1.00
2015.12.14 20:25:06.920,1.51096,1.51117,1.00,1.00
2015.12.14 20:25:10.297,1.51097,1.51117,1.00,1.00
2015.12.14 20:25:10.348,1.51098,1.5112,1.12,1.50
2015.12.14 20:25:10.652,1.51095,1.51116,1.75,1.12
2015.12.14 20:25:10.961,1.51093,1.51109,1.50,1.37
2015.12.14 20:25:11.063,1.51091,1.51109,2.25,1.37
2015.12.14 20:25:11.585,1.51091,1.5111,1.50,1.37
2015.12.14 20:25:12.337,1.51091,1.51106,1.37,1.87
2015.12.14 20:25:12.388,1.51087,1.51106,1.87,1.87
2015.12.14 20:25:12.890,1.51087,1.51105,1.00,1.87
2015.12.14 20:25:13.203,1.51085,1.51106,1.12,1.87
2015.12.14 20:25:13.558,1.51082,1.51103,1.00,1.37
2015.12.14 20:25:13.877,1.5108,1.511,2.62,1.12
2015.12.14 20:25:17.232,1.51082,1.511,1.37,1.12
2015.12.14 20:25:17.486,1.51082,1.51103,2.25,1.12
2015.12.14 20:25:17.782,1.51085,1.51106,1.12,1.12
2015.12.14 20:25:18.088,1.51087,1.51106,1.00,1.12
2015.12.14 20:25:18.596,1.51086,1.51106,1.95,1.12
2015.12.14 20:25:18.901,1.51086,1.51106,1.10,1.12
2015.12.14 20:25:19.410,1.51086,1.51106,2.70,1.12
2015.12.14 20:25:19.717,1.51086,1.51106,1.57,1.12
2015.12.14 20:25:20.736,1.51087,1.51106,1.37,1.12
2015.12.14 20:25:20.837,1.51086,1.51106,2.25,1.12
2015.12.14 20:25:21.351,1.51086,1.51106,1.50,1.12
2015.12.14 20:25:21.604,1.51086,1.51106,2.62,1.12
2015.12.14 20:25:21.909,1.51086,1.51106,2.25,1.12
2015.12.14 20:25:22.061,1.51086,1.51106,1.87,1.12
2015.12.14 20:25:22.163,1.51086,1.51106,2.62,1.12
2015.12.14 20:25:22.265,1.51086,1.51106,1.50,1.12
2015.12.14 20:25:22.519,1.5109,1.51106,1.37,1.12
2015.12.14 20:25:22.621,1.51087,1.51106,1.75,1.12
2015.12.14 20:25:22.930,1.51086,1.51106,1.50,1.12
2015.12.14 20:25:23.133,1.51086,1.51106,2.62,1.12
2015.12.14 20:25:24.023,1.51088,1.51106,1.37,1.12
2015.12.14 20:25:24.076,1.51088,1.51108,2.25,1.00
2015.12.14 20:25:24.127,1.51092,1.51108,1.37,1.00
2015.12.14 20:25:24.281,1.51092,1.51113,1.50,1.75
2015.12.14 20:25:25.513,1.51092,1.51113,1.00,1.12
2015.12.14 20:25:27.229,1.51093,1.51113,1.00,1.12
2015.12.14 20:25:27.738,1.51092,1.51113,1.00,1.12
2015.12.14 20:25:30.276,1.5109,1.51111,1.12,1.12
2015.12.14 20:25:30.683,1.51086,1.51106,1.12,1.12
2015.12.14 20:25:31.038,1.51086,1.51106,1.75,1.12
2015.12.14 20:25:31.191,1.51085,1.51106,1.50,1.12
2015.12.14 20:25:31.243,1.51089,1.51106,1.37,1.12
2015.12.14 20:25:31.345,1.51086,1.51106,1.75,1.12
2015.12.14 20:25:31.396,1.51088,1.51109,1.00,1.50
2015.12.14 20:25:31.501,1.51088,1.51109,1.75,1.00
2015.12.14 20:25:32.009,1.5109,1.51112,1.12,1.37
2015.12.14 20:25:32.415,1.51089,1.51111,1.37,1.12
2015.12.14 20:25:32.720,1.51088,1.51109,1.87,1.12
2015.12.14 20:25:33.060,1.51088,1.51111,2.62,1.12
2015.12.14 20:25:33.365,1.51088,1.51109,1.12,1.12
2015.12.14 20:25:33.823,1.51088,1.51111,1.87,1.12
2015.12.14 20:25:37.702,1.51086,1.51108,1.37,1.12
2015.12.14 20:25:38.006,1.51085,1.51106,1.87,1.12
2015.12.14 20:25:40.234,1.51085,1.51106,2.25,1.12
2015.12.14 20:25:41.996,1.51085,1.51106,2.25,1.12
2015.12.14 20:25:42.301,1.51088,1.51108,1.12,1.12
2015.12.14 20:25:42.403,1.51088,1.51111,2.25,1.87
2015.12.14 20:25:45.853,1.51091,1.51111,1.37,1.12
2015.12.14 20:25:46.006,1.51092,1.51114,1.37,1.12
2015.12.14 20:25:48.700,1.51091,1.51113,1.12,1.12
2015.12.14 20:25:49.055,1.51091,1.51112,1.00,1.12
2015.12.14 20:25:52.220,1.5109,1.51109,1.00,1.12
2015.12.14 20:25:52.575,1.51087,1.51108,1.50,1.12
2015.12.14 20:25:53.349,1.51088,1.51109,1.00,1.00
2015.12.14 20:25:53.755,1.51089,1.51111,1.50,1.12
2015.12.14 20:25:54.059,1.5109,1.51112,1.12,1.37
2015.12.14 20:25:54.364,1.51092,1.51115,1.37,2.25
2015.12.14 20:25:55.254,1.51091,1.51112,1.37,1.37
2015.12.14 20:25:55.560,1.51089,1.51111,1.12,1.87
2015.12.14 20:25:55.864,1.51086,1.51107,1.75,1.00
2015.12.14 20:25:55.915,1.51085,1.51106,2.25,1.12
2015.12.14 20:25:57.185,1.51085,1.51106,1.50,1.37
2015.12.14 20:26:00.898,1.51086,1.51109,1.12,1.87
2015.12.14 20:26:01.255,1.51086,1.51105,1.37,1.12
2015.12.14 20:26:01.306,1.51086,1.51105,1.00,1.12
2015.12.14 20:26:01.357,1.51086,1.51105,1.00,1.00
2015.12.14 20:26:01.459,1.51086,1.51105,1.00,1.12
2015.12.14 20:26:02.434,1.51083,1.51105,1.50,1.12
2015.12.14 20:26:02.868,1.51083,1.51103,1.50,1.12
2015.12.14 20:26:07.276,1.51082,1.51101,1.50,1.37
2015.12.14 20:26:09.928,1.51082,1.51101,1.50,1.75
2015.12.14 20:26:10.436,1.51081,1.511,1.75,1.12
2015.12.14 20:26:10.913,1.51079,1.511,1.87,1.12
2015.12.14 20:26:10.964,1.5108,1.51101,1.00,1.00
2015.12.14 20:26:14.828,1.5108,1.51101,1.37,1.00
2015.12.14 20:26:15.953,1.5108,1.51101,1.00,1.00
2015.12.14 20:26:18.167,1.51077,1.51097,2.25,1.00
2015.12.14 20:26:18.473,1.51077,1.51097,1.37,1.12
2015.12.14 20:26:19.339,1.51077,1.51097,1.00,1.12
2015.12.14 20:26:19.979,1.51076,1.51097,1.00,1.12
2015.12.14 20:26:22.582,1.51076,1.51097,1.50,1.12
2015.12.14 20:26:25.471,1.51076,1.51097,1.50,1.12
2015.12.14 20:26:25.853,1.51082,1.51098,1.37,1.12
2015.12.14 20:26:25.904,1.51082,1.51099,1.37,1.12
2015.12.14 20:26:25.955,1.51078,1.51099,1.50,1.12
2015.12.14 20:26:26.057,1.51078,1.51099,1.12,1.12
2015.12.14 20:26:26.642,1.51078,1.51096,1.37,1.00
2015.12.14 20:26:26.693,1.51077,1.51096,1.12,1.87
2015.12.14 20:26:26.795,1.51072,1.51092,1.12,1.87
2015.12.14 20:26:26.897,1.51072,1.51088,1.00,1.00
2015.12.14 20:26:27.202,1.51069,1.51088,1.12,1.00
2015.12.14 20:26:28.288,1.5107,1.51088,1.00,1.00
2015.12.14 20:26:28.340,1.51071,1.51088,2.25,1.00
2015.12.14 20:26:28.392,1.51073,1.51092,1.50,1.37
2015.12.14 20:26:28.443,1.51075,1.51092,1.00,1.37
2015.12.14 20:26:28.494,1.51075,1.51093,1.00,1.87
2015.12.14 20:26:28.596,1.51075,1.51098,1.87,1.12
2015.12.14 20:26:29.574,1.51076,1.51096,1.50,1.75
2015.12.14 20:26:29.726,1.51075,1.51095,1.00,1.12
2015.12.14 20:26:30.182,1.51075,1.51096,1.50,1.37
2015.12.14 20:26:30.283,1.51076,1.51098,1.37,1.12
2015.12.14 20:26:31.113,1.51076,1.51098,1.12,1.12
2015.12.14 20:26:31.595,1.51079,1.511,1.00,1.12
2015.12.14 20:26:32.120,1.51078,1.51101,2.25,1.37
2015.12.14 20:26:32.279,1.51079,1.51103,1.12,1.87
2015.12.14 20:26:33.003,1.51078,1.51096,1.12,1.00
2015.12.14 20:26:33.308,1.51077,1.51094,2.25,1.87
2015.12.14 20:26:33.410,1.51077,1.51096,1.00,1.12
2015.12.14 20:26:33.563,1.51075,1.51096,1.00,1.12
2015.12.14 20:26:33.675,1.51073,1.51094,1.12,1.12
2015.12.14 20:26:35.784,1.51075,1.51097,1.50,1.12
2015.12.14 20:26:41.714,1.51075,1.51097,1.75,1.12
2015.12.14 20:26:42.701,1.51074,1.51096,1.75,1.12
2015.12.14 20:26:43.269,1.51074,1.51096,1.75,1.12
2015.12.14 20:26:45.021,1.51074,1.51096,1.75,1.12
2015.12.14 20:26:46.324,1.51075,1.51096,1.00,1.12
2015.12.14 20:26:47.026,1.51072,1.51094,1.75,1.75
2015.12.14 20:26:47.537,1.51072,1.51093,1.37,1.37
2015.12.14 20:26:56.713,1.51075,1.51093,1.37,1.37
2015.12.14 20:27:01.355,1.51075,1.51095,1.37,1.12
2015.12.14 20:27:06.555,1.51075,1.51093,1.50,1.12
2015.12.14 20:27:09.635,1.51075,1.51094,1.37,1.00
2015.12.14 20:27:09.838,1.51075,1.51093,1.37,1.37
2015.12.14 20:27:10.349,1.51075,1.51095,1.37,1.87
2015.12.14 20:27:11.259,1.51075,1.51093,1.37,1.37
2015.12.14 20:27:20.278,1.51076,1.51095,1.12,1.12
2015.12.14 20:27:20.583,1.51078,1.51095,1.37,1.12
2015.12.14 20:27:20.888,1.51078,1.51098,1.50,1.37
2015.12.14 20:27:23.181,1.51078,1.51097,1.37,1.12
2015.12.14 20:27:23.722,1.51079,1.51098,1.12,1.12
2015.12.14 20:27:28.317,1.51081,1.51098,1.00,1.12
2015.12.14 20:27:28.997,1.51079,1.51098,1.12,1.12
2015.12.14 20:27:29.505,1.51079,1.51097,1.12,1.12
2015.12.14 20:27:31.412,1.51078,1.5109,1.37,1.00
2015.12.14 20:27:31.615,1.51077,1.51092,1.37,1.00
2015.12.14 20:27:31.667,1.51074,1.51092,1.00,1.00
2015.12.14 20:27:31.769,1.5107,1.51086,1.75,1.00
2015.12.14 20:27:31.870,1.51068,1.51085,1.75,1.37
2015.12.14 20:27:31.980,1.51064,1.51085,4.50,1.50
2015.12.14 20:27:32.387,1.51069,1.51086,1.00,1.12
2015.12.14 20:27:32.590,1.51073,1.51094,1.37,2.25
2015.12.14 20:27:36.187,1.51074,1.51095,1.37,1.12
2015.12.14 20:27:38.956,1.51075,1.51095,1.75,1.12
2015.12.14 20:27:39.489,1.51076,1.51095,1.12,1.00
2015.12.14 20:27:44.479,1.51076,1.51097,1.12,1.50
2015.12.14 20:27:45.346,1.51076,1.51094,1.12,1.00
2015.12.14 20:27:48.675,1.51077,1.51094,1.37,1.00
2015.12.14 20:27:49.202,1.51076,1.51094,1.12,1.00
2015.12.14 20:27:49.766,1.51076,1.51096,1.12,1.12
2015.12.14 20:27:55.620,1.51077,1.51096,1.12,1.00
2015.12.14 20:28:00.200,1.51077,1.51094,1.12,1.00
2015.12.14 20:28:00.303,1.51075,1.51091,1.00,1.00
2015.12.14 20:28:00.456,1.51073,1.51093,1.12,1.12
2015.12.14 20:28:00.507,1.51073,1.51091,1.12,1.00
2015.12.14 20:28:01.235,1.51073,1.51093,1.12,2.25
2015.12.14 20:28:01.792,1.51073,1.51093,1.12,2.25
2015.12.14 20:28:03.319,1.51073,1.51091,1.12,1.00
2015.12.14 20:28:04.768,1.51073,1.51093,1.12,2.25
2015.12.14 20:28:05.274,1.51074,1.51093,1.12,1.50
2015.12.14 20:28:11.688,1.51074,1.51092,1.12,1.00
2015.12.14 20:28:16.738,1.5107,1.51092,1.87,1.50
2015.12.14 20:28:16.789,1.5107,1.51087,1.87,1.00
2015.12.14 20:28:16.941,1.51067,1.51085,1.12,1.00
2015.12.14 20:28:17.043,1.51065,1.51085,1.87,1.12
2015.12.14 20:28:18.560,1.51065,1.51083,1.75,1.00
2015.12.14 20:28:18.662,1.51063,1.51083,1.87,1.00
2015.12.14 20:28:19.176,1.51063,1.51082,1.12,1.00
2015.12.14 20:28:19.278,1.51063,1.51085,1.12,2.62
2015.12.14 20:28:25.818,1.51063,1.51083,1.12,1.00
2015.12.14 20:28:26.855,1.51063,1.51085,1.12,2.62
2015.12.14 20:28:27.021,1.51063,1.51082,1.12,1.00
2015.12.14 20:28:27.957,1.51063,1.51078,1.12,1.00
2015.12.14 20:28:28.223,1.51063,1.5108,1.12,1.00
2015.12.14 20:28:28.274,1.51059,1.5108,1.37,1.50
2015.12.14 20:28:28.987,1.51057,1.5108,1.50,2.62
2015.12.14 20:28:29.494,1.51057,1.51077,1.37,1.00
2015.12.14 20:28:29.545,1.51056,1.51078,1.87,1.87
2015.12.14 20:28:29.674,1.5106,1.51078,1.12,1.00
2015.12.14 20:28:30.333,1.51061,1.51078,1.12,1.00
2015.12.14 20:28:30.849,1.5106,1.51078,1.12,1.00
2015.12.14 20:28:31.227,1.5106,1.5108,1.12,1.00
2015.12.14 20:28:31.278,1.51062,1.5108,1.12,1.00
2015.12.14 20:28:31.585,1.5106,1.51078,1.12,1.00
2015.12.14 20:28:31.949,1.51062,1.51078,1.12,1.00
2015.12.14 20:28:33.491,1.5106,1.51078,1.37,1.00
2015.12.14 20:28:34.003,1.51063,1.51078,1.00,1.00
2015.12.14 20:28:34.511,1.5106,1.51078,1.37,1.00
2015.12.14 20:28:37.037,1.51061,1.51077,1.12,1.00
2015.12.14 20:28:37.545,1.51062,1.51077,1.12,1.00
2015.12.14 20:28:37.661,1.5106,1.51077,1.12,1.00
2015.12.14 20:28:38.739,1.51061,1.51077,1.12,1.00
2015.12.14 20:28:39.497,1.51062,1.51077,1.12,1.00
2015.12.14 20:28:40.087,1.51062,1.5108,1.12,1.00
2015.12.14 20:28:40.189,1.5106,1.51077,1.12,1.00
2015.12.14 20:28:40.291,1.51054,1.51073,1.12,1.00
2015.12.14 20:28:40.342,1.51054,1.51069,1.12,1.00
2015.12.14 20:28:40.393,1.51052,1.51069,1.37,1.00
2015.12.14 20:28:40.740,1.51051,1.51067,1.12,1.00
2015.12.14 20:28:40.792,1.5105,1.51067,1.00,1.00
2015.12.14 20:28:40.996,1.5105,1.5107,1.00,2.62
2015.12.14 20:28:44.466,1.5105,1.51068,1.00,1.00
2015.12.14 20:28:45.015,1.5105,1.51067,1.00,1.00
2015.12.14 20:28:45.223,1.5105,1.51069,1.00,1.87
2015.12.14 20:28:47.895,1.5105,1.5107,1.00,1.00
2015.12.14 20:28:47.997,1.51048,1.5107,1.50,1.87
2015.12.14 20:28:49.907,1.51049,1.5107,1.12,1.12
2015.12.14 20:28:50.568,1.51049,1.51069,1.12,1.00
2015.12.14 20:28:51.085,1.51047,1.51069,1.75,1.50
2015.12.14 20:28:52.884,1.51049,1.51069,1.37,1.00
2015.12.14 20:28:55.474,1.51049,1.51064,1.37,1.00
2015.12.14 20:28:55.728,1.51038,1.5106,1.87,3.00
2015.12.14 20:28:56.237,1.51038,1.51058,1.87,1.00
2015.12.14 20:28:56.339,1.51038,1.51053,1.87,1.00
2015.12.14 20:28:56.492,1.51036,1.51055,1.12,1.12
2015.12.14 20:28:56.995,1.51035,1.51057,2.25,1.50
2015.12.14 20:28:57.097,1.51037,1.51058,1.12,1.87
2015.12.14 20:29:09.043,1.51039,1.51059,1.50,2.25
2015.12.14 20:29:09.247,1.51037,1.51058,1.75,1.12
2015.12.14 20:29:09.299,1.51037,1.51056,1.37,1.75
2015.12.14 20:29:09.350,1.51035,1.51054,1.57,1.12
2015.12.14 20:29:09.504,1.51037,1.51057,1.57,1.37
2015.12.14 20:29:09.556,1.51038,1.51057,1.37,1.37
2015.12.14 20:29:09.608,1.51039,1.51061,1.50,1.12
2015.12.14 20:29:09.710,1.51038,1.51059,1.50,1.12
2015.12.14 20:29:10.016,1.51038,1.51059,1.50,1.12
2015.12.14 20:29:10.539,1.51038,1.51059,1.37,1.12
2015.12.14 20:29:10.640,1.51039,1.5106,2.25,1.50
2015.12.14 20:29:10.945,1.5104,1.5106,1.12,1.00
2015.12.14 20:29:12.213,1.5104,1.51062,1.12,2.25
2015.12.14 20:29:12.720,1.51038,1.51059,1.00,1.12
2015.12.14 20:29:15.319,1.51037,1.51057,1.12,1.37
2015.12.14 20:29:18.035,1.51039,1.51057,1.00,1.37
2015.12.14 20:29:19.145,1.51037,1.51057,1.12,1.37
2015.12.14 20:29:19.654,1.51038,1.51057,1.00,1.37
2015.12.14 20:29:20.663,1.51038,1.51059,1.87,1.12
2015.12.14 20:29:21.225,1.51038,1.51059,1.87,1.12
2015.12.14 20:29:21.726,1.51038,1.51057,2.25,1.37
2015.12.14 20:29:22.251,1.51038,1.51059,2.62,1.37
2015.12.14 20:29:22.352,1.51038,1.51061,3.37,1.12
2015.12.14 20:29:23.740,1.51039,1.51063,1.87,1.50
2015.12.14 20:29:23.842,1.51039,1.51061,1.50,1.12
2015.12.14 20:29:24.355,1.51039,1.51059,1.00,1.12
2015.12.14 20:29:26.870,1.51047,1.51059,1.00,1.12
2015.12.14 20:29:27.175,1.51054,1.51072,1.20,1.00
2015.12.14 20:29:27.277,1.51056,1.51072,1.50,1.00
2015.12.14 20:29:27.597,1.51059,1.51072,1.37,1.00
2015.12.14 20:29:28.250,1.51059,1.51076,1.37,1.00
2015.12.14 20:29:28.352,1.51059,1.51079,1.37,2.25
2015.12.14 20:29:28.477,1.51057,1.51079,1.12,3.75
2015.12.14 20:29:29.002,1.51057,1.51077,1.12,1.00
2015.12.14 20:29:29.366,1.51057,1.51074,1.12,1.37
2015.12.14 20:29:29.468,1.51054,1.51074,1.75,1.87
2015.12.14 20:29:29.570,1.51054,1.51074,1.00,1.50
2015.12.14 20:29:29.975,1.51056,1.51075,1.37,1.12
2015.12.14 20:29:30.299,1.51054,1.51072,1.12,1.00
2015.12.14 20:29:30.559,1.51054,1.51077,1.75,1.87
2015.12.14 20:29:30.661,1.51057,1.51078,1.00,1.12
2015.12.14 20:29:30.965,1.51055,1.51077,1.50,1.12
2015.12.14 20:29:31.372,1.51054,1.51072,1.12,1.00
2015.12.14 20:29:31.494,1.51049,1.51071,1.12,1.37
2015.12.14 20:29:31.749,1.51049,1.51068,1.12,1.00
2015.12.14 20:29:31.851,1.51046,1.51068,1.87,1.87
2015.12.14 20:29:32.156,1.51045,1.51067,1.50,1.12
2015.12.14 20:29:32.461,1.51047,1.51068,1.12,1.12
2015.12.14 20:29:33.876,1.51049,1.51068,1.12,1.00
2015.12.14 20:29:34.503,1.51049,1.51071,1.12,1.50
2015.12.14 20:29:34.790,1.51047,1.5107,1.87,1.12
2015.12.14 20:29:38.542,1.51051,1.5107,1.00,1.12
2015.12.14 20:29:38.868,1.51057,1.51078,1.87,1.12
2015.12.14 20:29:46.361,1.51058,1.5108,1.12,1.87
2015.12.14 20:29:46.890,1.51057,1.51079,1.12,1.37
2015.12.14 20:29:48.903,1.51059,1.51079,1.12,1.00
2015.12.14 20:29:50.707,1.51065,1.5108,1.00,1.50
2015.12.14 20:29:50.809,1.51065,1.51085,1.87,2.25
2015.12.14 20:29:50.911,1.51068,1.51085,1.12,1.00
2015.12.14 20:29:51.100,1.5107,1.51088,1.87,1.12
2015.12.14 20:29:51.202,1.51074,1.5109,1.50,1.12
2015.12.14 20:29:51.304,1.51075,1.51093,1.37,1.12
2015.12.14 20:29:51.406,1.51076,1.51093,1.12,1.12
2015.12.14 20:29:51.509,1.51076,1.51096,1.12,1.87
2015.12.14 20:29:52.463,1.51076,1.51097,2.62,1.50
2015.12.14 20:29:52.515,1.5108,1.51097,1.12,1.37
2015.12.14 20:29:53.449,1.5108,1.51098,1.12,1.12
2015.12.14 20:29:53.901,1.5108,1.51095,1.87,1.00
2015.12.14 20:29:54.002,1.51084,1.51102,1.00,1.87
2015.12.14 20:29:54.054,1.51082,1.51103,2.25,1.12
2015.12.14 20:29:54.105,1.51084,1.51106,1.12,3.82
2015.12.14 20:29:54.410,1.51084,1.51102,1.12,1.37
2015.12.14 20:29:54.613,1.51084,1.51105,1.87,3.07
2015.12.14 20:29:55.411,1.51086,1.51104,1.87,1.37
2015.12.14 20:29:55.514,1.51086,1.51105,1.37,1.00
2015.12.14 20:29:56.020,1.51086,1.51106,1.87,1.87
2015.12.14 20:29:56.382,1.51088,1.51106,1.37,1.87
2015.12.14 20:29:56.914,1.51088,1.51105,1.12,1.00
2015.12.14 20:29:58.633,1.51088,1.51103,1.12,1.00
2015.12.14 20:29:58.734,1.51084,1.51105,1.12,1.50
2015.12.14 20:29:58.837,1.51083,1.51102,1.50,1.12
2015.12.14 20:29:59.165,1.51083,1.51097,1.00,1.00
2015.12.14 20:29:59.795,1.51081,1.511,1.37,1.00
2015.12.14 20:30:00.100,1.51082,1.51099,1.12,1.00
2015.12.14 20:30:00.252,1.51084,1.51102,1.12,1.00
2015.12.14 20:30:00.630,1.51081,1.51101,1.12,1.50
2015.12.14 20:30:00.732,1.51079,1.51101,1.87,1.50
2015.12.14 20:30:00.784,1.51079,1.51097,1.87,1.00
2015.12.14 20:30:01.139,1.51081,1.51097,1.37,1.00
2015.12.14 20:30:01.649,1.51079,1.51098,1.87,1.00
2015.12.14 20:30:02.399,1.51081,1.51098,1.12,1.00
2015.12.14 20:30:02.450,1.51083,1.51101,1.12,1.00
2015.12.14 20:30:02.553,1.51083,1.51104,1.12,1.00
2015.12.14 20:30:03.195,1.51083,1.51105,1.12,1.00
2015.12.14 20:30:04.300,1.51083,1.51106,1.12,1.87
2015.12.14 20:30:05.185,1.51083,1.51105,1.12,1.00
2015.12.14 20:30:05.339,1.51082,1.51105,1.87,1.87
2015.12.14 20:30:05.883,1.51083,1.51104,1.00,1.37
2015.12.14 20:30:06.403,1.51083,1.51102,1.00,1.00
2015.12.14 20:30:06.853,1.51082,1.511,1.12,2.25
2015.12.14 20:30:07.006,1.51079,1.51096,1.00,1.00
2015.12.14 20:30:07.057,1.51079,1.51096,1.00,1.87
2015.12.14 20:30:07.159,1.51076,1.51092,1.00,1.12
2015.12.14 20:30:07.210,1.51073,1.51092,1.00,1.12
2015.12.14 20:30:07.261,1.51073,1.5109,1.00,1.00
2015.12.14 20:30:07.472,1.51068,1.51091,1.87,1.12
2015.12.14 20:30:07.574,1.51068,1.51088,1.00,2.25
2015.12.14 20:30:08.465,1.51068,1.51088,1.12,1.50
2015.12.14 20:30:08.516,1.51068,1.51088,1.50,1.00
2015.12.14 20:30:08.567,1.51068,1.51091,2.25,1.12
2015.12.14 20:30:08.916,1.51068,1.51087,1.00,1.12
2015.12.14 20:30:09.018,1.51068,1.5109,2.25,1.12
2015.12.14 20:30:09.069,1.51068,1.51091,2.62,1.37
2015.12.14 20:30:09.121,1.5107,1.51093,1.12,1.75
2015.12.14 20:30:09.375,1.51071,1.51094,1.87,1.75
2015.12.14 20:30:09.578,1.51074,1.51096,1.37,3.00
2015.12.14 20:30:09.883,1.51074,1.51094,1.50,1.87
2015.12.14 20:30:10.302,1.51071,1.51094,1.87,2.25
2015.12.14 20:30:10.456,1.51071,1.5109,1.37,1.37
2015.12.14 20:30:10.965,1.51071,1.5109,1.00,2.25
2015.12.14 20:30:11.303,1.51072,1.51092,1.12,1.00
2015.12.14 20:30:11.405,1.51072,1.51092,1.00,1.12
2015.12.14 20:30:11.881,1.51072,1.51093,1.12,1.50
2015.12.14 20:30:12.840,1.51073,1.51092,1.12,1.00
2015.12.14 20:30:13.041,1.51071,1.51092,1.12,1.57
2015.12.14 20:30:13.549,1.51071,1.51092,1.12,1.50
2015.12.14 20:30:13.601,1.51072,1.51092,1.12,1.12
2015.12.14 20:30:14.606,1.51073,1.5109,1.12,1.00
2015.12.14 20:30:14.761,1.5107,1.5109,1.37,1.87
2015.12.14 20:30:14.813,1.5107,1.5109,1.00,1.87
2015.12.14 20:30:18.031,1.51069,1.51088,1.50,1.00
2015.12.14 20:30:18.507,1.5107,1.5109,1.12,1.00
2015.12.14 20:30:18.835,1.51072,1.5109,1.12,1.00
2015.12.14 20:30:19.352,1.51072,1.51091,1.12,1.00
2015.12.14 20:30:20.223,1.51072,1.51093,1.12,2.25
2015.12.14 20:30:22.405,1.51072,1.51093,1.12,1.50
2015.12.14 20:30:22.507,1.5107,1.51092,1.75,1.37
2015.12.14 20:30:23.432,1.51071,1.51093,1.12,1.50
2015.12.14 20:30:23.483,1.51072,1.51093,1.12,1.12
2015.12.14 20:30:30.954,1.51073,1.51094,1.12,2.25
2015.12.14 20:30:32.307,1.51074,1.51094,1.12,1.12
2015.12.14 20:30:36.052,1.51074,1.51093,1.12,1.00
2015.12.14 20:30:36.155,1.51074,1.5109,1.12,1.00
2015.12.14 20:30:36.337,1.51072,1.5109,1.75,1.00
2015.12.14 20:30:37.073,1.51072,1.51092,1.75,1.00
2015.12.14 20:30:38.356,1.51072,1.5109,1.12,1.00
2015.12.14 20:30:38.673,1.51072,1.51092,1.12,1.00
2015.12.14 20:30:39.136,1.51072,1.5109,1.12,1.00
2015.12.14 20:30:39.238,1.51071,1.51088,1.12,1.12
2015.12.14 20:30:39.340,1.51068,1.51086,1.00,1.50
2015.12.14 20:30:40.008,1.51068,1.51089,1.12,1.87
2015.12.14 20:30:41.392,1.51068,1.5109,1.87,1.75
2015.12.14 20:30:41.443,1.51069,1.51091,1.75,1.50
2015.12.14 20:30:42.115,1.51069,1.5109,1.12,2.62
2015.12.14 20:30:42.439,1.51069,1.51086,1.12,1.00
2015.12.14 20:30:42.947,1.51065,1.51086,1.12,1.12
2015.12.14 20:30:43.059,1.51062,1.51084,1.87,1.37
2015.12.14 20:30:43.111,1.51062,1.51083,1.50,1.12
2015.12.14 20:30:44.096,1.51062,1.5108,1.12,1.00
2015.12.14 20:30:44.300,1.51062,1.51075,1.12,1.00
2015.12.14 20:30:44.529,1.51054,1.51071,1.00,1.37
2015.12.14 20:30:44.631,1.51053,1.51069,1.00,1.75
2015.12.14 20:30:45.139,1.51051,1.51067,1.00,1.37
2015.12.14 20:30:45.678,1.51051,1.51064,1.00,1.00
2015.12.14 20:30:45.729,1.51049,1.51065,1.00,1.50
2015.12.14 20:30:45.780,1.51049,1.51063,1.00,1.37
2015.12.14 20:30:45.934,1.51046,1.51061,1.00,1.47
2015.12.14 20:30:46.289,1.51046,1.51064,1.00,1.75
2015.12.14 20:30:46.391,1.51044,1.51064,1.00,1.75
2015.12.14 20:30:47.279,1.51043,1.51064,1.00,1.12
2015.12.14 20:30:47.534,1.51044,1.51063,1.00,2.25
2015.12.14 20:30:47.585,1.5104,1.5106,2.25,1.12
2015.12.14 20:30:47.637,1.5104,1.51057,1.12,1.50
2015.12.14 20:30:47.688,1.51036,1.51057,1.50,1.37
2015.12.14 20:30:48.221,1.51036,1.51059,3.00,1.87
2015.12.14 20:30:48.955,1.51037,1.51061,2.25,1.12
2015.12.14 20:30:49.006,1.5104,1.51062,1.12,1.50
2015.12.14 20:30:49.158,1.51041,1.51061,1.37,1.37
2015.12.14 20:30:49.260,1.51041,1.51062,1.12,1.50
2015.12.14 20:30:49.766,1.51041,1.51062,1.12,1.12
2015.12.14 20:30:49.868,1.51039,1.51061,1.37,1.12
2015.12.14 20:30:50.357,1.51036,1.51056,1.37,1.12
2015.12.14 20:30:50.408,1.51035,1.51055,1.37,1.00
2015.12.14 20:30:50.510,1.51035,1.51051,1.00,1.00
2015.12.14 20:30:50.612,1.51029,1.51051,1.50,1.87
2015.12.14 20:30:50.663,1.51028,1.5105,1.37,1.75
2015.12.14 20:30:50.917,1.51026,1.51048,1.37,1.87
2015.12.14 20:30:51.241,1.51028,1.51051,1.12,1.75
2015.12.14 20:30:51.546,1.5103,1.51053,1.12,1.75
2015.12.14 20:30:52.262,1.5103,1.51044,1.12,1.00
2015.12.14 20:30:52.548,1.51018,1.51033,1.00,1.37
2015.12.14 20:30:52.650,1.51018,1.51034,1.00,1.00
2015.12.14 20:30:52.812,1.51013,1.51034,1.12,1.00
2015.12.14 20:30:56.647,1.51012,1.51035,1.37,1.75
2015.12.14 20:30:56.698,1.51011,1.51033,1.87,1.12
2015.12.14 20:30:56.749,1.5101,1.5103,1.50,1.37
2015.12.14 20:30:56.952,1.51007,1.51026,1.87,1.00
2015.12.14 20:30:57.055,1.51007,1.51027,1.00,1.12
2015.12.14 20:30:57.233,1.51004,1.51026,2.25,1.12
2015.12.14 20:30:57.386,1.51006,1.51026,1.37,1.50
2015.12.14 20:30:57.487,1.51006,1.51028,1.37,1.12
2015.12.14 20:30:58.045,1.51009,1.5103,1.12,1.75
2015.12.14 20:30:58.096,1.51009,1.5103,1.50,1.12
2015.12.14 20:30:58.147,1.51009,1.5103,1.87,1.50
2015.12.14 20:30:58.300,1.51013,1.51034,1.00,1.00
2015.12.14 20:30:58.564,1.51013,1.51034,1.12,1.00
2015.12.14 20:30:58.869,1.51009,1.51031,1.50,1.75
2015.12.14 20:30:59.275,1.51009,1.51031,2.62,1.37
2015.12.14 20:30:59.814,1.5101,1.51032,1.12,1.37
2015.12.14 20:31:00.565,1.51011,1.51032,1.12,1.00
2015.12.14 20:31:00.870,1.51011,1.51031,1.00,1.37
2015.12.14 20:31:02.184,1.51011,1.51033,1.37,1.12
2015.12.14 20:31:02.285,1.51011,1.51034,1.87,1.12
2015.12.14 20:31:02.847,1.51011,1.51033,1.87,1.87
2015.12.14 20:31:03.384,1.51014,1.51034,1.00,1.12
2015.12.14 20:31:04.245,1.51015,1.51034,1.00,1.87
2015.12.14 20:31:04.297,1.51017,1.51034,1.00,1.12
2015.12.14 20:31:04.843,1.51017,1.51037,1.12,1.12
2015.12.14 20:31:05.147,1.5103,1.51042,1.37,1.37
2015.12.14 20:31:05.199,1.51031,1.51053,1.12,1.87
2015.12.14 20:31:05.300,1.51032,1.51053,1.12,1.50
2015.12.14 20:31:05.828,1.51032,1.51054,1.12,1.95
2015.12.14 20:31:06.133,1.51029,1.51051,1.12,1.37
2015.12.14 20:31:06.184,1.51028,1.51049,1.12,1.50
2015.12.14 20:31:06.236,1.51025,1.51049,2.25,2.25
2015.12.14 20:31:06.287,1.51024,1.51047,1.12,1.75
2015.12.14 20:31:06.338,1.51026,1.51047,1.37,1.37
2015.12.14 20:31:06.389,1.51027,1.51049,1.12,1.50
2015.12.14 20:31:06.930,1.51028,1.51051,1.12,2.62
2015.12.14 20:31:08.459,1.51032,1.51051,1.00,1.75
2015.12.14 20:31:08.764,1.51034,1.51053,1.12,1.37
2015.12.14 20:31:09.376,1.51034,1.51057,1.87,1.12
2015.12.14 20:31:11.911,1.51034,1.51055,1.37,1.75
2015.12.14 20:31:12.013,1.51034,1.51055,1.50,1.87
2015.12.14 20:31:12.114,1.51034,1.51053,1.00,1.37
2015.12.14 20:31:12.231,1.5103,1.51053,1.50,1.37
2015.12.14 20:31:13.083,1.5103,1.51049,1.37,1.00
2015.12.14 20:31:13.185,1.51029,1.51049,1.50,1.37
2015.12.14 20:31:13.698,1.51027,1.51049,1.75,1.50
2015.12.14 20:31:14.186,1.51026,1.51048,1.87,1.12
2015.12.14 20:31:14.491,1.51023,1.51046,4.12,1.87
2015.12.14 20:31:14.694,1.51023,1.51044,1.87,1.12
2015.12.14 20:31:15.067,1.51027,1.51048,1.50,1.12
2015.12.14 20:31:15.323,1.51035,1.51057,1.12,1.87
2015.12.14 20:31:20.231,1.51039,1.51058,1.00,1.12
2015.12.14 20:31:20.535,1.51044,1.51068,1.12,1.12
2015.12.14 20:31:20.637,1.51047,1.51069,1.37,1.37
2015.12.14 20:31:21.185,1.51048,1.5107,1.37,1.87
2015.12.14 20:31:21.541,1.51044,1.51067,1.12,1.87
2015.12.14 20:31:21.643,1.51043,1.51066,1.87,1.12
2015.12.14 20:31:22.201,1.51043,1.51065,1.37,1.37
2015.12.14 20:31:22.731,1.51043,1.51066,1.87,1.87
2015.12.14 20:31:24.256,1.51044,1.51063,1.37,1.00
2015.12.14 20:31:24.308,1.51042,1.51061,1.12,1.00
2015.12.14 20:31:24.461,1.51037,1.51059,1.87,1.12
2015.12.14 20:31:24.563,1.51036,1.51058,1.87,1.12
2015.12.14 20:31:24.716,1.51036,1.51057,1.75,1.00
2015.12.14 20:31:24.869,1.51039,1.51061,1.37,1.12
2015.12.14 20:31:25.951,1.5104,1.51058,1.00,1.12
2015.12.14 20:31:26.874,1.51036,1.51058,2.62,1.12
2015.12.14 20:31:28.167,1.51039,1.51058,1.00,1.12
2015.12.14 20:31:28.472,1.51046,1.51066,1.00,1.12
2015.12.14 20:31:28.523,1.51046,1.51067,1.50,1.37
2015.12.14 20:31:28.574,1.51046,1.51069,1.87,1.12
2015.12.14 20:31:28.880,1.51046,1.51065,1.12,1.00
2015.12.14 20:31:29.187,1.51042,1.51059,1.12,1.37
2015.12.14 20:31:29.288,1.5104,1.51059,1.00,1.87
2015.12.14 20:31:29.340,1.5104,1.51058,1.00,1.37
2015.12.14 20:31:29.638,1.51037,1.51058,1.12,1.75
2015.12.14 20:31:31.025,1.51036,1.51059,2.62,1.37
2015.12.14 20:31:31.254,1.51045,1.51068,1.12,2.25
2015.12.14 20:31:32.319,1.51045,1.51056,1.12,1.00
2015.12.14 20:31:32.601,1.51032,1.51049,1.50,1.50
2015.12.14 20:31:32.652,1.51032,1.51049,1.00,1.00
2015.12.14 20:31:32.855,1.51029,1.51049,1.12,1.87
2015.12.14 20:31:33.463,1.51027,1.51047,1.00,1.12
2015.12.14 20:31:33.975,1.51024,1.51046,1.87,1.50
2015.12.14 20:31:34.229,1.51024,1.51049,1.75,1.50
2015.12.14 20:31:34.280,1.51024,1.51049,1.00,1.00
2015.12.14 20:31:34.793,1.51024,1.51051,1.00,1.50
2015.12.14 20:31:35.323,1.51024,1.51051,1.37,1.50
2015.12.14 20:31:35.695,1.51027,1.51051,1.00,1.50
2015.12.14 20:31:42.014,1.51028,1.51051,1.00,1.00
2015.12.14 20:31:43.034,1.51029,1.51051,1.00,1.00
2015.12.14 20:31:43.137,1.51029,1.51053,1.87,1.10
2015.12.14 20:31:43.189,1.51032,1.51054,1.00,1.00
2015.12.14 20:31:43.343,1.51037,1.51061,1.00,1.20
2015.12.14 20:31:43.445,1.51037,1.51062,2.25,1.12
2015.12.14 20:31:43.598,1.5104,1.51066,1.50,1.10
2015.12.14 20:31:44.055,1.51042,1.51066,1.12,1.50
2015.12.14 20:31:46.485,1.51046,1.51067,1.00,1.12
2015.12.14 20:31:46.790,1.51049,1.5107,1.50,1.12
2015.12.14 20:31:47.094,1.51049,1.5107,1.00,1.87
2015.12.14 20:31:48.893,1.51051,1.51073,1.12,1.12
2015.12.14 20:31:49.096,1.51052,1.51075,1.12,1.87
2015.12.14 20:31:49.199,1.51051,1.51073,1.12,1.12
2015.12.14 20:31:52.698,1.51054,1.51075,1.00,1.12
2015.12.14 20:31:52.801,1.51056,1.51078,1.12,1.50
2015.12.14 20:31:53.106,1.51054,1.51073,2.25,1.12
2015.12.14 20:31:53.450,1.51054,1.51072,1.00,1.37
2015.12.14 20:31:53.755,1.51049,1.51068,1.00,1.75
2015.12.14 20:31:55.553,1.51048,1.51067,1.00,1.37
2015.12.14 20:31:55.966,1.5105,1.51067,1.00,1.37
2015.12.14 20:31:56.774,1.5105,1.51069,1.00,1.12
2015.12.14 20:31:56.977,1.5105,1.51073,1.87,1.75
2015.12.14 20:31:57.484,1.51053,1.51073,1.12,1.12
2015.12.14 20:31:58.676,1.51053,1.51074,1.37,2.25
2015.12.14 20:31:59.183,1.51053,1.51074,1.50,1.37
2015.12.14 20:31:59.719,1.51053,1.51075,1.87,1.50
2015.12.14 20:32:00.224,1.51053,1.51074,1.50,1.00
2015.12.14 20:32:03.406,1.51054,1.51077,1.12,1.75
2015.12.14 20:32:03.508,1.51053,1.51074,1.50,1.00
2015.12.14 20:32:04.801,1.51053,1.51074,1.50,1.12
2015.12.14 20:32:05.308,1.51053,1.51072,1.00,1.12
2015.12.14 20:32:07.845,1.51051,1.51072,1.12,1.12
2015.12.14 20:32:07.896,1.51051,1.51071,1.00,1.87
2015.12.14 20:32:08.048,1.51051,1.51071,1.12,1.50
2015.12.14 20:32:18.312,1.51051,1.51073,1.37,2.25
2015.12.14 20:32:18.364,1.51052,1.51073,1.00,1.87
2015.12.14 20:32:19.753,1.51051,1.51073,1.37,1.75
2015.12.14 20:32:20.262,1.51051,1.51071,1.00,1.12
2015.12.14 20:32:20.931,1.51047,1.51065,1.00,1.12
2015.12.14 20:32:21.033,1.51047,1.51067,1.00,1.12
2015.12.14 20:32:21.455,1.51047,1.51069,1.37,1.37
2015.12.14 20:32:22.552,1.51048,1.51069,1.12,1.50
2015.12.14 20:32:22.794,1.51047,1.51066,1.12,1.50
2015.12.14 20:32:22.845,1.51045,1.51066,1.12,1.87
2015.12.14 20:32:23.350,1.51045,1.51065,1.12,1.00
2015.12.14 20:32:23.964,1.51045,1.5106,1.12,1.00
2015.12.14 20:32:24.117,1.51042,1.5106,1.37,1.00
2015.12.14 20:32:24.169,1.51041,1.51058,1.12,1.00
2015.12.14 20:32:24.220,1.51039,1.51058,1.87,1.00
2015.12.14 20:32:24.701,1.51038,1.51059,1.12,1.12
2015.12.14 20:32:24.752,1.51039,1.5106,1.12,1.12
2015.12.14 20:32:24.854,1.51041,1.51063,1.37,1.87
2015.12.14 20:32:27.036,1.51041,1.51059,1.37,1.00
2015.12.14 20:32:27.340,1.51034,1.51053,1.50,1.12
2015.12.14 20:32:27.888,1.51032,1.51053,2.62,2.25
2015.12.14 20:32:28.746,1.51033,1.51054,1.87,1.87
2015.12.14 20:32:28.847,1.51035,1.51055,1.37,1.50
2015.12.14 20:32:29.058,1.51035,1.51056,1.12,1.50
2015.12.14 20:32:29.160,1.51034,1.51055,1.50,1.00
2015.12.14 20:32:29.769,1.51034,1.51055,1.00,1.00
2015.12.14 20:32:29.871,1.51032,1.51055,1.75,1.37
2015.12.14 20:32:30.483,1.51033,1.51053,1.75,1.00
2015.12.14 20:32:31.024,1.51033,1.51054,1.75,1.12
2015.12.14 20:32:33.708,1.51041,1.51055,1.00,1.37
2015.12.14 20:32:34.573,1.51042,1.51055,1.00,1.37
2015.12.14 20:32:35.744,1.51041,1.51062,2.25,2.25
2015.12.14 20:32:35.798,1.51041,1.51062,2.62,1.50
2015.12.14 20:32:36.203,1.51046,1.51062,1.00,1.00
2015.12.14 20:32:36.356,1.51041,1.51062,2.62,1.87
2015.12.14 20:32:36.856,1.51041,1.5106,1.00,1.00
2015.12.14 20:32:37.132,1.51039,1.5106,1.50,1.00
2015.12.14 20:32:37.784,1.51041,1.51062,1.87,1.87
2015.12.14 20:32:38.141,1.5104,1.51061,1.37,1.87
2015.12.14 20:32:38.192,1.51039,1.51059,1.50,1.50
2015.12.14 20:32:38.294,1.51036,1.51057,1.87,1.00
2015.12.14 20:32:40.770,1.51038,1.51058,1.00,1.12
2015.12.14 20:32:40.923,1.51038,1.51059,1.50,1.37
2015.12.14 20:32:41.177,1.51038,1.51059,1.12,3.00
2015.12.14 20:32:42.517,1.51037,1.51058,1.12,1.75
2015.12.14 20:32:43.083,1.51039,1.51058,1.00,2.25
2015.12.14 20:32:43.984,1.51037,1.51058,1.12,1.12
2015.12.14 20:32:44.086,1.51039,1.51058,1.00,1.12
2015.12.14 20:32:44.391,1.51039,1.51059,1.37,1.00
2015.12.14 20:32:44.493,1.51037,1.51059,1.37,1.87
2015.12.14 20:32:44.595,1.51035,1.51057,2.25,1.12
2015.12.14 20:32:46.080,1.51037,1.51057,1.00,1.75
2015.12.14 20:32:46.182,1.51039,1.51057,1.00,1.75
2015.12.14 20:32:46.284,1.51039,1.51059,1.00,1.00
2015.12.14 20:32:46.872,1.51039,1.51059,1.00,1.37
2015.12.14 20:32:49.520,1.5104,1.51057,1.00,1.00
2015.12.14 20:32:49.778,1.51039,1.51062,1.87,1.87
2015.12.14 20:32:49.879,1.51039,1.5106,1.12,1.37
2015.12.14 20:32:50.209,1.51037,1.51058,1.12,1.87
2015.12.14 20:32:50.697,1.51038,1.51058,1.37,1.87
2015.12.14 20:32:51.002,1.51041,1.51059,1.50,1.37
2015.12.14 20:32:51.688,1.51039,1.51055,1.47,1.37
2015.12.14 20:32:52.195,1.51037,1.51055,2.25,1.37
2015.12.14 20:32:52.616,1.51039,1.51055,1.87,1.37
2015.12.14 20:32:52.790,1.5104,1.51059,1.87,1.12
2015.12.14 20:32:53.298,1.51041,1.51061,1.50,2.25
2015.12.14 20:32:54.332,1.51041,1.51061,1.50,1.87
2015.12.14 20:32:55.708,1.5104,1.5106,1.87,1.00
2015.12.14 20:32:55.810,1.5104,1.51059,1.00,1.00
2015.12.14 20:32:55.912,1.51038,1.51057,1.87,1.00
2015.12.14 20:32:56.452,1.51038,1.51057,1.12,1.00
2015.12.14 20:32:57.111,1.51035,1.51057,2.25,1.37
2015.12.14 20:32:57.213,1.51034,1.51055,1.87,1.75
2015.12.14 20:32:57.786,1.51032,1.51052,1.12,1.00
2015.12.14 20:32:59.459,1.51032,1.51052,1.12,1.37
2015.12.14 20:32:59.510,1.51032,1.51049,1.12,1.12
2015.12.14 20:33:00.491,1.51032,1.51053,1.12,1.87
2015.12.14 20:33:00.542,1.51032,1.51053,1.12,1.50
2015.12.14 20:33:07.942,1.51032,1.51052,1.12,1.00
2015.12.14 20:33:09.707,1.51032,1.51051,1.12,1.00
2015.12.14 20:33:10.938,1.51032,1.5105,1.12,1.50
2015.12.14 20:33:11.920,1.51032,1.5105,1.12,1.12
2015.12.14 20:33:12.643,1.51032,1.5105,1.12,1.00
2015.12.14 20:33:14.134,1.51032,1.5105,1.50,1.00
2015.12.14 20:33:14.338,1.51029,1.51049,2.25,1.12
2015.12.14 20:33:15.001,1.5103,1.51049,1.50,1.50
2015.12.14 20:33:16.954,1.5103,1.51049,1.00,1.50
2015.12.14 20:33:22.219,1.51029,1.51048,2.25,1.12
2015.12.14 20:33:22.582,1.51037,1.51049,1.00,1.50
2015.12.14 20:33:22.786,1.5104,1.51059,2.25,2.25
2015.12.14 20:33:22.839,1.51042,1.51059,1.75,1.87
2015.12.14 20:33:22.890,1.51045,1.51062,1.00,1.00
2015.12.14 20:33:22.942,1.51045,1.51064,1.87,1.12
2015.12.14 20:33:23.255,1.51046,1.51064,1.37,1.87
2015.12.14 20:33:24.171,1.51044,1.51064,1.87,1.87
2015.12.14 20:33:24.747,1.51044,1.51064,1.37,1.87
2015.12.14 20:33:25.185,1.51042,1.51064,1.50,1.87
2015.12.14 20:33:26.324,1.51042,1.51063,1.37,2.62
2015.12.14 20:33:26.375,1.51041,1.51058,1.37,1.37
2015.12.14 20:33:26.680,1.51039,1.51058,1.00,1.50
2015.12.14 20:33:27.874,1.51037,1.51055,1.12,1.00
2015.12.14 20:33:28.178,1.51039,1.51058,1.75,1.87
2015.12.14 20:33:28.686,1.51039,1.51056,1.12,1.00
2015.12.14 20:33:29.004,1.51039,1.51054,1.12,1.00
2015.12.14 20:33:30.260,1.51038,1.51056,1.75,1.00
2015.12.14 20:33:30.763,1.51038,1.51057,1.37,1.00
2015.12.14 20:33:32.066,1.51038,1.51057,1.50,1.12
2015.12.14 20:33:32.418,1.51042,1.51058,1.00,1.37
2015.12.14 20:33:32.571,1.51043,1.51061,1.00,1.12
2015.12.14 20:33:33.095,1.51044,1.51062,1.00,1.00
2015.12.14 20:33:35.627,1.51043,1.51062,1.00,1.50
2015.12.14 20:33:35.678,1.51041,1.51058,1.12,1.00
2015.12.14 20:33:35.881,1.51033,1.51053,1.00,1.12
2015.12.14 20:33:36.604,1.51033,1.51053,1.37,1.12
2015.12.14 20:33:36.706,1.51036,1.51055,1.00,1.37
2015.12.14 20:33:36.910,1.51042,1.51063,1.37,1.50
2015.12.14 20:33:36.961,1.51042,1.51063,1.12,1.37
2015.12.14 20:33:37.485,1.51045,1.51063,1.37,1.00
2015.12.14 20:33:38.639,1.51045,1.51065,1.37,2.25
2015.12.14 20:33:39.141,1.51043,1.51065,2.25,2.62
2015.12.14 20:33:39.293,1.51043,1.51064,1.12,1.87
2015.12.14 20:33:41.828,1.51043,1.51064,2.25,1.12
2015.12.14 20:33:42.033,1.51046,1.51066,1.00,1.00
2015.12.14 20:33:42.663,1.51045,1.51066,1.00,1.00
2015.12.14 20:33:43.994,1.51043,1.51065,1.50,1.12
2015.12.14 20:33:44.309,1.51044,1.51067,1.12,1.87
2015.12.14 20:33:47.911,1.51045,1.51065,1.00,1.12
2015.12.14 20:33:48.013,1.51045,1.51067,1.50,1.75
2015.12.14 20:33:48.576,1.51047,1.51067,1.50,1.12
2015.12.14 20:33:50.714,1.51049,1.51067,1.00,1.12
2015.12.14 20:33:51.019,1.51051,1.51067,1.00,1.12
2015.12.14 20:33:51.844,1.51052,1.51067,1.00,1.12
2015.12.14 20:33:52.157,1.51054,1.51067,1.00,1.12
2015.12.14 20:33:55.287,1.51054,1.51066,1.00,1.87
2015.12.14 20:33:55.390,1.51045,1.51063,1.00,1.12
2015.12.14 20:33:55.594,1.51049,1.51062,1.00,1.00
2015.12.14 20:33:55.746,1.51044,1.51059,1.00,1.00
2015.12.14 20:33:56.162,1.51046,1.51062,1.00,1.12
2015.12.14 20:33:56.467,1.51048,1.51062,1.00,1.12
2015.12.14 20:33:56.787,1.51046,1.51062,1.00,1.12
2015.12.14 20:33:57.346,1.51045,1.51062,1.00,1.12
2015.12.14 20:33:58.631,1.51045,1.51059,1.00,1.00
2015.12.14 20:33:58.733,1.51045,1.51064,1.12,1.12
2015.12.14 20:33:58.834,1.51045,1.51066,2.25,1.87
2015.12.14 20:33:58.987,1.5105,1.51066,1.00,1.12
2015.12.14 20:34:02.502,1.51051,1.51066,1.00,1.12
2015.12.14 20:34:02.840,1.51054,1.51066,1.00,1.12
2015.12.14 20:34:07.694,1.51051,1.51066,1.12,1.12
2015.12.14 20:34:07.846,1.51048,1.51066,2.25,1.12
2015.12.14 20:34:08.100,1.51046,1.51066,1.12,1.12
2015.12.14 20:34:08.812,1.51045,1.51066,1.12,1.12
2015.12.14 20:34:09.066,1.51044,1.51064,1.37,1.12
2015.12.14 20:34:09.218,1.51044,1.51065,1.12,1.12
2015.12.14 20:34:09.806,1.51046,1.51065,1.00,1.12
2015.12.14 20:34:10.111,1.51048,1.51067,1.00,1.87
2015.12.14 20:34:12.267,1.51049,1.51067,1.50,1.12
2015.12.14 20:34:12.572,1.51051,1.51067,1.00,1.12
2015.12.14 20:34:13.121,1.51052,1.51067,1.00,1.12
2015.12.14 20:34:14.180,1.5105,1.51067,1.00,1.12
2015.12.14 20:34:14.586,1.51047,1.51067,1.50,1.12
2015.12.14 20:34:14.739,1.51047,1.5107,1.87,1.75
2015.12.14 20:34:17.941,1.51048,1.51068,1.00,1.50
2015.12.14 20:34:18.043,1.51046,1.51066,1.00,1.37
2015.12.14 20:34:18.144,1.51046,1.51066,1.00,1.00
2015.12.14 20:34:18.449,1.51044,1.51066,1.37,1.37
2015.12.14 20:34:18.770,1.51036,1.51056,1.00,1.87
2015.12.14 20:34:19.074,1.51036,1.51053,1.00,1.12
2015.12.14 20:34:19.277,1.51036,1.51055,1.00,1.12
2015.12.14 20:34:19.790,1.51036,1.51056,1.00,1.75
2015.12.14 20:34:20.316,1.51034,1.51056,1.87,1.12
2015.12.14 20:34:20.750,1.51037,1.51056,1.00,1.12
2015.12.14 20:34:21.054,1.51045,1.51063,1.12,1.00
2015.12.14 20:34:21.561,1.51045,1.51065,1.50,1.00
2015.12.14 20:34:22.161,1.51045,1.51066,1.12,1.12
2015.12.14 20:34:23.259,1.51045,1.51067,1.87,1.12
2015.12.14 20:34:24.843,1.51044,1.51066,1.37,1.12
2015.12.14 20:34:25.148,1.51043,1.51061,1.00,1.12
2015.12.14 20:34:25.795,1.51041,1.51061,1.37,1.12
2015.12.14 20:34:26.099,1.51047,1.51059,1.00,1.12
2015.12.14 20:34:28.146,1.51045,1.5106,1.00,1.12
2015.12.14 20:34:28.248,1.51041,1.51058,1.00,1.75
2015.12.14 20:34:28.401,1.5104,1.51054,1.37,1.37
2015.12.14 20:34:28.452,1.51045,1.51055,1.00,1.37
2015.12.14 20:34:28.554,1.51045,1.51058,1.00,1.12
2015.12.14 20:34:29.060,1.51046,1.51059,1.00,1.12
2015.12.14 20:34:29.232,1.51043,1.51059,1.00,1.12
2015.12.14 20:34:29.451,1.51044,1.51058,1.00,1.12
2015.12.14 20:34:30.367,1.51044,1.51059,1.00,1.12
2015.12.14 20:34:30.469,1.51043,1.51057,1.00,1.12
2015.12.14 20:34:31.222,1.51045,1.51057,1.00,1.12
2015.12.14 20:34:31.274,1.51045,1.51059,1.00,1.12
2015.12.14 20:34:31.794,1.51044,1.51059,1.00,1.12
2015.12.14 20:34:31.845,1.51044,1.51058,1.00,1.12
2015.12.14 20:34:32.226,1.51042,1.51056,1.00,1.12
2015.12.14 20:34:32.378,1.51042,1.51057,1.00,1.00
2015.12.14 20:34:32.632,1.51039,1.51057,1.00,1.00
2015.12.14 20:34:32.886,1.51041,1.51058,1.00,1.12
2015.12.14 20:34:33.399,1.51042,1.51058,1.00,1.12
2015.12.14 20:34:33.805,1.51042,1.51061,1.00,1.12
2015.12.14 20:34:34.312,1.51042,1.51062,1.12,1.12
2015.12.14 20:34:34.891,1.51042,1.5106,1.00,1.12
2015.12.14 20:34:35.298,1.51041,1.51062,1.12,1.75
2015.12.14 20:34:35.552,1.51042,1.51061,1.00,1.12
2015.12.14 20:34:35.603,1.51037,1.51059,2.25,1.12
2015.12.14 20:34:35.654,1.51037,1.51058,1.12,1.12
2015.12.14 20:34:35.960,1.51035,1.51052,1.00,1.12
2015.12.14 20:34:37.518,1.51034,1.51052,1.00,1.12
2015.12.14 20:34:38.889,1.51033,1.51053,1.00,1.12
2015.12.14 20:34:39.267,1.51035,1.51053,1.00,1.12
2015.12.14 20:34:40.260,1.51035,1.51052,1.00,1.12
2015.12.14 20:34:40.362,1.51031,1.51051,1.50,1.12
2015.12.14 20:34:40.667,1.51033,1.51051,1.00,1.12
2015.12.14 20:34:41.667,1.51033,1.5105,1.00,1.12
2015.12.14 20:34:41.718,1.51031,1.51048,1.00,1.12
2015.12.14 20:34:42.123,1.51027,1.51047,1.50,1.37
2015.12.14 20:34:42.631,1.51025,1.51047,1.37,1.37
2015.12.14 20:34:42.784,1.51026,1.51043,1.00,1.12
2015.12.14 20:34:42.886,1.51024,1.51043,1.50,1.12
2015.12.14 20:34:45.744,1.51022,1.51043,1.12,1.12
2015.12.14 20:34:46.907,1.51022,1.5104,1.00,1.12
2015.12.14 20:34:46.958,1.51019,1.5104,1.00,1.12
2015.12.14 20:34:47.886,1.5102,1.5104,1.00,1.12
2015.12.14 20:34:47.988,1.51021,1.51042,1.50,1.12
2015.12.14 20:34:48.039,1.51021,1.51044,1.87,1.75
2015.12.14 20:34:48.192,1.51023,1.51046,1.87,1.12
2015.12.14 20:34:48.598,1.51023,1.51044,1.00,1.12
2015.12.14 20:34:49.081,1.51022,1.51045,1.12,1.12
2015.12.14 20:34:49.590,1.51023,1.51046,1.87,1.12
2015.12.14 20:34:51.784,1.51026,1.51046,1.00,1.12
2015.12.14 20:34:51.988,1.51027,1.51048,1.12,1.50
2015.12.14 20:34:52.176,1.51027,1.51047,1.12,1.37
2015.12.14 20:34:52.227,1.51027,1.51048,1.12,1.57
2015.12.14 20:34:52.657,1.51027,1.51044,1.12,1.00
2015.12.14 20:34:52.961,1.51027,1.51039,1.12,1.00
2015.12.14 20:34:53.215,1.51025,1.5104,1.12,1.00
2015.12.14 20:34:53.457,1.51022,1.51039,1.87,1.00
2015.12.14 20:34:53.509,1.51022,1.51037,1.12,1.00
2015.12.14 20:34:53.966,1.51022,1.5104,1.12,1.00
2015.12.14 20:34:54.017,1.51024,1.51038,1.37,1.00
2015.12.14 20:34:54.597,1.51025,1.51042,1.12,1.00
2015.12.14 20:34:57.212,1.51027,1.51042,1.37,1.00
2015.12.14 20:34:57.263,1.51028,1.51041,1.50,1.00
2015.12.14 20:34:57.315,1.51029,1.51043,1.75,1.00
2015.12.14 20:34:57.416,1.5103,1.51046,1.75,1.00
2015.12.14 20:34:57.721,1.5103,1.51043,1.75,1.00
2015.12.14 20:34:57.924,1.5103,1.51045,1.37,1.00
2015.12.14 20:34:58.887,1.51028,1.51045,2.25,1.00
2015.12.14 20:34:59.147,1.51031,1.51045,1.37,1.00
2015.12.14 20:34:59.199,1.51033,1.51051,3.00,1.87
2015.12.14 20:34:59.251,1.5104,1.51047,1.00,1.00
2015.12.14 20:34:59.354,1.51038,1.51054,1.50,1.00
2015.12.14 20:34:59.456,1.51038,1.51048,1.37,1.00
2015.12.14 20:34:59.558,1.51036,1.51048,1.12,1.00
2015.12.14 20:34:59.609,1.51035,1.51046,1.12,1.00
2015.12.14 20:34:59.711,1.51034,1.51045,1.00,1.00
2015.12.14 20:34:59.813,1.51032,1.51045,1.00,1.00
2015.12.14 20:35:00.272,1.51032,1.51047,1.00,1.00
2015.12.14 20:35:00.805,1.51031,1.51047,1.12,1.00
2015.12.14 20:35:01.415,1.51031,1.51049,1.12,1.00
2015.12.14 20:35:01.971,1.51031,1.51052,1.12,1.50
2015.12.14 20:35:02.023,1.51029,1.51051,2.25,1.12
2015.12.14 20:35:02.075,1.51029,1.5105,1.12,1.12
2015.12.14 20:35:02.127,1.51029,1.51048,1.12,1.12
2015.12.14 20:35:02.634,1.51029,1.51046,1.00,1.12
2015.12.14 20:35:02.749,1.51027,1.51046,1.50,1.12
2015.12.14 20:35:03.002,1.51028,1.51046,1.00,1.12
2015.12.14 20:35:03.406,1.51029,1.51049,1.12,1.37
2015.12.14 20:35:03.510,1.51031,1.5105,1.00,1.12
2015.12.14 20:35:03.815,1.51036,1.51055,1.00,1.12
2015.12.14 20:35:04.220,1.51035,1.51053,1.00,1.37
2015.12.14 20:35:04.322,1.51035,1.51054,1.00,1.37
2015.12.14 20:35:04.373,1.51035,1.51053,1.00,1.37
2015.12.14 20:35:04.880,1.51034,1.51053,1.50,1.12
2015.12.14 20:35:04.931,1.51034,1.51054,1.50,1.12
2015.12.14 20:35:05.103,1.51034,1.51055,2.62,1.50
2015.12.14 20:35:05.205,1.51037,1.51055,1.00,1.50
2015.12.14 20:35:05.307,1.51035,1.51055,1.12,1.50
2015.12.14 20:35:07.579,1.51035,1.51054,1.12,1.37
2015.12.14 20:35:07.883,1.51036,1.51051,1.00,1.37
2015.12.14 20:35:07.985,1.5103,1.5105,1.00,1.12
2015.12.14 20:35:08.036,1.5103,1.51047,1.00,1.75
2015.12.14 20:35:08.189,1.51027,1.51043,1.50,1.37
2015.12.14 20:35:08.341,1.51027,1.51042,1.00,1.75
2015.12.14 20:35:08.846,1.51026,1.51041,1.00,1.12
2015.12.14 20:35:09.381,1.51026,1.51042,1.00,1.00
2015.12.14 20:35:09.433,1.51025,1.51042,1.00,1.12
2015.12.14 20:35:09.738,1.51024,1.51038,1.00,1.12
2015.12.14 20:35:09.992,1.51021,1.51036,1.50,1.12
2015.12.14 20:35:10.122,1.51021,1.51035,1.50,1.12
2015.12.14 20:35:10.427,1.51022,1.51035,1.00,1.12
2015.12.14 20:35:10.580,1.51021,1.51036,1.00,1.00
2015.12.14 20:35:11.057,1.51022,1.51035,1.00,1.12
2015.12.14 20:35:11.736,1.51021,1.51035,1.00,1.12
2015.12.14 20:35:12.310,1.51019,1.51035,1.87,1.12
2015.12.14 20:35:12.862,1.51019,1.51033,1.12,1.37
2015.12.14 20:35:13.791,1.5102,1.51033,1.00,1.37
2015.12.14 20:35:14.045,1.5102,1.51035,1.00,1.12
2015.12.14 20:35:14.652,1.5102,1.51033,1.00,1.37
2015.12.14 20:35:15.153,1.51021,1.51034,1.00,1.12
2015.12.14 20:35:15.670,1.5102,1.51033,1.50,1.37
2015.12.14 20:35:15.975,1.51022,1.51033,1.00,1.37
2015.12.14 20:35:16.026,1.5102,1.51033,1.00,1.37
2015.12.14 20:35:19.645,1.51019,1.51033,1.87,1.37
2015.12.14 20:35:20.936,1.51021,1.51033,1.00,1.37
2015.12.14 20:35:21.692,1.51019,1.51033,1.12,1.37
2015.12.14 20:35:21.744,1.51023,1.51033,1.00,1.37
2015.12.14 20:35:22.250,1.51022,1.51033,1.00,1.37
2015.12.14 20:35:22.529,1.51019,1.51033,1.12,1.37
2015.12.14 20:35:23.189,1.51014,1.51033,1.87,1.87
2015.12.14 20:35:23.700,1.51015,1.51032,1.00,1.12
2015.12.14 20:35:23.802,1.51017,1.51032,1.00,1.12
2015.12.14 20:35:24.748,1.51017,1.51031,1.00,1.12
2015.12.14 20:35:24.799,1.51014,1.5103,1.00,1.87
2015.12.14 20:35:25.002,1.51012,1.5103,1.00,1.87
2015.12.14 20:35:26.407,1.51019,1.5103,1.00,1.12
2015.12.14 20:35:26.560,1.51021,1.5104,1.00,1.75
2015.12.14 20:35:26.611,1.51023,1.5104,1.37,1.00
2015.12.14 20:35:26.662,1.51023,1.5104,1.37,1.75
2015.12.14 20:35:26.713,1.51022,1.51039,1.00,1.37
2015.12.14 20:35:26.916,1.51022,1.51039,2.62,1.00
2015.12.14 20:35:27.018,1.51022,1.51039,1.87,1.00
2015.12.14 20:35:27.289,1.51022,1.51039,1.50,1.12
2015.12.14 20:35:28.169,1.51022,1.51038,1.50,1.12
2015.12.14 20:35:28.752,1.51022,1.51038,1.00,1.00
2015.12.14 20:35:28.804,1.51018,1.51037,1.00,1.00
2015.12.14 20:35:28.855,1.51018,1.51034,1.00,1.00
2015.12.14 20:35:29.160,1.51017,1.51033,1.00,1.95
2015.12.14 20:35:29.313,1.51014,1.51034,1.00,1.12
2015.12.14 20:35:29.364,1.51014,1.51034,1.37,1.12
2015.12.14 20:35:29.894,1.51015,1.51034,2.62,1.12
2015.12.14 20:35:30.200,1.51015,1.51031,1.87,1.37
2015.12.14 20:35:30.302,1.51015,1.51033,2.62,1.12
2015.12.14 20:35:30.404,1.51015,1.51031,1.87,1.12
2015.12.14 20:35:30.930,1.51015,1.51031,1.37,1.12
2015.12.14 20:35:31.648,1.51015,1.51031,1.87,1.12
2015.12.14 20:35:31.903,1.51007,1.51024,1.37,1.12
2015.12.14 20:35:32.410,1.51006,1.51025,1.37,1.12
2015.12.14 20:35:33.137,1.51006,1.51024,1.37,1.87
2015.12.14 20:35:33.291,1.51009,1.51027,1.12,1.75
2015.12.14 20:35:33.545,1.51011,1.51027,1.00,1.12
2015.12.14 20:35:33.749,1.51012,1.51027,1.00,1.00
2015.12.14 20:35:34.272,1.51011,1.51027,1.00,1.00
2015.12.14 20:35:34.375,1.51011,1.51027,1.00,1.37
2015.12.14 20:35:34.893,1.51012,1.51025,1.00,1.00
2015.12.14 20:35:35.400,1.51011,1.51026,1.00,1.87
2015.12.14 20:35:35.706,1.51011,1.5102,1.00,1.37
2015.12.14 20:35:35.961,1.51011,1.51024,1.00,1.37
2015.12.14 20:35:39.977,1.51011,1.51027,1.00,1.12
2015.12.14 20:35:40.029,1.51011,1.51029,1.50,1.37
2015.12.14 20:35:40.131,1.51013,1.51027,1.00,1.00
2015.12.14 20:35:40.436,1.51015,1.51029,1.00,1.75
2015.12.14 20:35:41.429,1.51016,1.51029,1.00,1.12
2015.12.14 20:35:42.400,1.51016,1.51032,1.50,1.50
2015.12.14 20:35:42.501,1.51016,1.51033,1.00,1.12
2015.12.14 20:35:42.654,1.5102,1.51035,1.00,1.12
2015.12.14 20:35:43.013,1.51024,1.51035,1.00,1.12
2015.12.14 20:35:43.737,1.51023,1.51035,1.00,1.12
2015.12.14 20:35:44.324,1.5102,1.51035,1.00,1.87
2015.12.14 20:35:44.832,1.51019,1.51035,1.00,1.87
2015.12.14 20:35:45.313,1.51021,1.51033,1.00,1.12
2015.12.14 20:35:45.629,1.51018,1.51031,1.00,1.12
2015.12.14 20:35:46.162,1.51016,1.51031,1.00,1.12
2015.12.14 20:35:48.570,1.51016,1.51028,1.00,1.00
2015.12.14 20:35:48.723,1.51016,1.51027,1.00,1.37
2015.12.14 20:35:48.977,1.51013,1.51027,1.00,1.37
2015.12.14 20:35:49.493,1.51014,1.51027,1.00,1.37
2015.12.14 20:35:50.352,1.51013,1.51027,1.00,1.37
2015.12.14 20:35:52.462,1.51012,1.51027,1.50,1.37
2015.12.14 20:35:52.614,1.51012,1.5103,1.50,1.12
2015.12.14 20:35:53.020,1.51014,1.5103,1.00,1.12
2015.12.14 20:35:53.146,1.51015,1.51031,1.00,1.00
2015.12.14 20:35:53.198,1.51013,1.51031,2.25,1.50
2015.12.14 20:35:53.300,1.51015,1.51033,1.00,1.75
2015.12.14 20:35:53.503,1.51015,1.51036,1.00,2.25
2015.12.14 20:35:55.454,1.51013,1.51033,1.87,1.00
2015.12.14 20:35:55.505,1.51013,1.51033,1.50,1.75
2015.12.14 20:35:55.658,1.51013,1.51033,1.12,1.37
2015.12.14 20:35:56.483,1.51015,1.51033,1.00,1.37
2015.12.14 20:35:57.643,1.51016,1.51033,1.00,1.37
2015.12.14 20:35:58.898,1.51016,1.51033,1.50,1.50
2015.12.14 20:35:59.253,1.51019,1.51033,1.00,1.50
2015.12.14 20:36:01.129,1.51019,1.5103,1.00,1.37
2015.12.14 20:36:01.434,1.51011,1.51018,1.50,1.37
2015.12.14 20:36:01.972,1.51011,1.51018,1.00,1.87
2015.12.14 20:36:02.378,1.51009,1.51017,1.00,1.00
2015.12.14 20:36:03.119,1.51009,1.51018,1.00,1.00
2015.12.14 20:36:06.846,1.51009,1.51019,1.00,1.00
2015.12.14 20:36:06.972,1.51006,1.51019,1.00,1.00
2015.12.14 20:36:07.023,1.51003,1.51019,1.12,1.37
2015.12.14 20:36:12.147,1.51003,1.51021,1.00,1.50
2015.12.14 20:36:12.249,1.51003,1.5102,1.00,1.12
2015.12.14 20:36:12.453,1.51003,1.51021,1.00,1.50
2015.12.14 20:36:15.022,1.51003,1.51021,1.12,1.12
2015.12.14 20:36:15.529,1.51003,1.51022,1.12,1.50
2015.12.14 20:36:20.403,1.51006,1.51022,1.00,1.50
2015.12.14 20:36:20.707,1.51001,1.51015,1.00,1.12
2015.12.14 20:36:21.064,1.51,1.51013,1.00,1.37
2015.12.14 20:36:21.217,1.50997,1.51013,1.00,1.37
2015.12.14 20:36:21.370,1.50997,1.5101,1.00,1.37
2015.12.14 20:36:21.675,1.50993,1.5101,1.00,1.37
2015.12.14 20:36:22.038,1.50993,1.51003,1.00,1.37
2015.12.14 20:36:22.171,1.50991,1.51003,1.00,1.37
2015.12.14 20:36:22.273,1.50991,1.51006,1.00,1.00
2015.12.14 20:36:22.375,1.50991,1.51004,1.00,1.37
2015.12.14 20:36:22.845,1.50991,1.51008,1.00,1.12
2015.12.14 20:36:23.298,1.50994,1.51008,1.00,1.12
2015.12.14 20:36:23.606,1.50994,1.51005,1.00,1.12
2015.12.14 20:36:23.657,1.50991,1.51005,1.00,1.12
2015.12.14 20:36:24.071,1.50991,1.51,1.00,1.37
2015.12.14 20:36:24.173,1.50991,1.51003,1.00,1.50
2015.12.14 20:36:25.443,1.50991,1.51004,1.00,2.25
2015.12.14 20:36:25.954,1.50991,1.51005,1.00,1.87
2015.12.14 20:36:26.258,1.50988,1.51002,1.00,1.00
2015.12.14 20:36:26.664,1.50986,1.51002,1.00,1.00
2015.12.14 20:36:27.198,1.50986,1.51004,1.00,1.37
2015.12.14 20:36:29.848,1.50986,1.51005,1.87,1.87
2015.12.14 20:36:29.949,1.50989,1.51005,1.00,1.12
2015.12.14 20:36:30.306,1.50987,1.51005,1.00,1.00
2015.12.14 20:36:30.813,1.5099,1.51006,1.00,1.37
2015.12.14 20:36:31.181,1.50987,1.51006,1.50,1.50
2015.12.14 20:36:31.724,1.50987,1.51008,1.50,3.00
2015.12.14 20:36:32.241,1.50987,1.51007,1.50,1.37
2015.12.14 20:36:36.371,1.50988,1.51006,1.00,1.37
2015.12.14 20:36:36.574,1.50988,1.51004,1.00,1.50
2015.12.14 20:36:36.879,1.50984,1.51004,1.12,3.00
2015.12.14 20:36:37.406,1.50984,1.51004,1.12,1.87
2015.12.14 20:36:38.124,1.50984,1.51004,1.12,3.00
2015.12.14 20:36:39.478,1.50987,1.51004,1.00,1.87
2015.12.14 20:36:40.302,1.50987,1.51006,1.50,1.75
2015.12.14 20:36:42.285,1.50987,1.51004,1.00,1.37
2015.12.14 20:36:43.960,1.50984,1.51004,1.00,1.37
2015.12.14 20:36:44.012,1.50984,1.51002,1.00,1.12
2015.12.14 20:36:46.632,1.50982,1.51001,1.00,1.37
2015.12.14 20:36:46.683,1.50982,1.51001,1.00,2.25
2015.12.14 20:36:46.989,1.5098,1.50993,1.00,1.00
2015.12.14 20:36:47.091,1.50976,1.50993,1.50,1.00
2015.12.14 20:36:49.013,1.50974,1.50993,1.12,1.00
2015.12.14 20:36:49.542,1.50973,1.5099,1.87,1.00
2015.12.14 20:36:51.432,1.50973,1.50994,1.87,2.62
2015.12.14 20:36:56.512,1.50973,1.5099,1.00,1.75
2015.12.14 20:36:56.615,1.50971,1.5099,1.00,1.75
2015.12.14 20:36:57.147,1.5097,1.50987,1.00,1.00
2015.12.14 20:36:59.304,1.50969,1.50987,1.00,1.00
2015.12.14 20:36:59.507,1.50969,1.50987,1.00,1.12
2015.12.14 20:36:59.899,1.50969,1.50988,1.00,1.37
2015.12.14 20:37:00.408,1.50969,1.50987,1.00,1.50
2015.12.14 20:37:01.834,1.50969,1.5099,1.12,1.50
2015.12.14 20:37:02.036,1.50969,1.5099,1.87,1.00
2015.12.14 20:37:03.927,1.50979,1.5099,1.00,1.50
2015.12.14 20:37:04.469,1.50979,1.50989,1.00,1.12
2015.12.14 20:37:07.165,1.50979,1.5099,1.00,1.50
2015.12.14 20:37:07.532,1.50979,1.5099,1.00,2.25
2015.12.14 20:37:09.065,1.50978,1.5099,1.00,2.25
2015.12.14 20:37:10.242,1.50978,1.50991,1.00,1.37
2015.12.14 20:37:10.294,1.5098,1.50992,1.00,2.25
2015.12.14 20:37:11.602,1.50986,1.50992,1.00,1.12
2015.12.14 20:37:11.653,1.50986,1.50992,1.00,1.12
2015.12.14 20:37:11.755,1.50986,1.50995,1.00,1.12
2015.12.14 20:37:11.857,1.50986,1.50998,1.00,1.37
2015.12.14 20:37:12.265,1.50984,1.50996,1.00,1.12
2015.12.14 20:37:12.621,1.50981,1.50996,1.00,1.12
2015.12.14 20:37:12.723,1.50982,1.50995,1.00,1.12
2015.12.14 20:37:13.164,1.5098,1.50992,1.00,1.00
2015.12.14 20:37:14.001,1.50981,1.50992,1.00,1.00
2015.12.14 20:37:15.281,1.50988,1.50992,1.00,1.00
2015.12.14 20:37:15.441,1.50989,1.50997,1.00,1.37
2015.12.14 20:37:15.494,1.50987,1.51,1.00,1.12
2015.12.14 20:37:15.546,1.50987,1.51003,1.00,1.12
2015.12.14 20:37:15.649,1.5099,1.51001,1.00,1.00
2015.12.14 20:37:15.954,1.50989,1.51001,1.00,1.75
2015.12.14 20:37:16.107,1.50986,1.50999,1.00,1.00
2015.12.14 20:37:16.158,1.50986,1.50998,1.00,1.12
2015.12.14 20:37:16.661,1.5099,1.51,1.00,1.12
2015.12.14 20:37:16.966,1.50993,1.51005,1.00,1.75
2015.12.14 20:37:17.474,1.50994,1.51005,1.00,1.12
2015.12.14 20:37:17.626,1.50991,1.51005,1.00,1.12
2015.12.14 20:37:17.677,1.50991,1.51003,1.00,1.12
2015.12.14 20:37:18.405,1.50993,1.51003,1.00,1.12
2015.12.14 20:37:19.031,1.50993,1.51004,1.00,1.12
2015.12.14 20:37:19.184,1.50991,1.51005,1.00,1.12
2015.12.14 20:37:19.640,1.50988,1.51002,1.00,1.00
2015.12.14 20:37:19.692,1.5099,1.51002,1.00,1.00
2015.12.14 20:37:19.860,1.50989,1.51004,1.00,1.00
2015.12.14 20:37:19.911,1.50987,1.51004,1.00,1.00
2015.12.14 20:37:20.063,1.50989,1.51006,1.00,1.50
2015.12.14 20:37:20.267,1.5099,1.51009,1.12,1.12
2015.12.14 20:37:22.040,1.50992,1.51009,1.00,1.00
2015.12.14 20:37:22.293,1.50995,1.51013,1.00,1.00
2015.12.14 20:37:22.344,1.50995,1.51015,1.50,1.87
2015.12.14 20:37:22.825,1.51,1.51015,1.00,1.37
2015.12.14 20:37:23.131,1.51002,1.51022,1.12,1.12
2015.12.14 20:37:23.684,1.51001,1.51021,1.37,1.37
2015.12.14 20:37:24.194,1.51002,1.51021,1.37,1.12
2015.12.14 20:37:26.049,1.51002,1.51021,1.50,1.00
2015.12.14 20:37:26.552,1.51003,1.51021,1.00,1.12
2015.12.14 20:37:27.456,1.51002,1.51021,1.87,1.00
2015.12.14 20:37:27.809,1.51002,1.51021,1.12,1.12
2015.12.14 20:37:28.385,1.51002,1.51021,1.00,1.87
2015.12.14 20:37:29.332,1.51001,1.51021,1.50,1.87
2015.12.14 20:37:30.318,1.51,1.51019,1.12,1.00
2015.12.14 20:37:30.827,1.51,1.51019,1.12,1.12
2015.12.14 20:37:31.340,1.51,1.51017,1.00,1.37
2015.12.14 20:37:35.320,1.50998,1.51018,1.00,1.12
2015.12.14 20:37:38.062,1.51,1.51018,1.00,1.12
2015.12.14 20:37:40.072,1.51002,1.51019,1.00,1.37
2015.12.14 20:37:40.124,1.51002,1.51021,1.00,1.87
2015.12.14 20:37:42.769,1.51004,1.51021,1.00,1.12
2015.12.14 20:37:42.820,1.51004,1.51022,1.00,1.37
2015.12.14 20:37:43.210,1.51004,1.51024,1.12,1.50
2015.12.14 20:37:45.290,1.51002,1.51023,1.12,1.75
2015.12.14 20:37:45.925,1.51002,1.51019,1.00,1.00
2015.12.14 20:37:46.668,1.51001,1.51019,1.50,1.00
2015.12.14 20:37:48.478,1.51001,1.51018,1.00,1.12
2015.12.14 20:37:48.529,1.51001,1.5102,1.00,1.12
2015.12.14 20:37:48.580,1.50999,1.5102,1.12,1.12
2015.12.14 20:37:48.632,1.50999,1.51018,1.00,1.12
2015.12.14 20:37:51.804,1.50997,1.51018,2.62,1.12
2015.12.14 20:37:52.745,1.50998,1.51018,1.00,1.12
2015.12.14 20:37:52.796,1.51002,1.51018,1.00,1.12
2015.12.14 20:37:53.101,1.51002,1.51021,1.00,1.50
2015.12.14 20:37:53.612,1.51003,1.51021,1.00,1.50
2015.12.14 20:37:54.862,1.51002,1.51021,1.00,1.87
2015.12.14 20:37:54.913,1.51002,1.51019,1.00,1.12
2015.12.14 20:37:55.420,1.51002,1.51016,1.00,1.00
2015.12.14 20:37:56.499,1.51,1.51016,1.00,1.00
2015.12.14 20:38:00.800,1.50997,1.51016,1.00,1.00
2015.12.14 20:38:01.713,1.50995,1.51016,1.50,1.50
2015.12.14 20:38:02.690,1.50995,1.51016,1.50,2.62
2015.12.14 20:38:02.997,1.50992,1.51013,1.12,2.25
2015.12.14 20:38:03.801,1.50993,1.51012,1.00,1.37
2015.12.14 20:38:04.106,1.50995,1.51013,1.00,1.12
2015.12.14 20:38:07.045,1.50994,1.51013,1.00,1.12
2015.12.14 20:38:08.374,1.50995,1.51013,1.00,1.12
2015.12.14 20:38:08.527,1.50995,1.51015,1.12,1.37
2015.12.14 20:38:08.627,1.50997,1.51015,1.00,1.37
2015.12.14 20:38:11.636,1.50995,1.51015,1.12,1.37
2015.12.14 20:38:12.117,1.50993,1.51014,1.12,1.12
2015.12.14 20:38:12.441,1.50992,1.51011,1.00,1.12
2015.12.14 20:38:12.745,1.5099,1.51009,1.00,1.12
2015.12.14 20:38:13.252,1.5099,1.51007,1.00,1.37
2015.12.14 20:38:13.763,1.5099,1.51009,1.00,1.12
2015.12.14 20:38:14.067,1.50992,1.51009,1.00,1.12
2015.12.14 20:38:14.891,1.5099,1.51009,1.00,1.12
2015.12.14 20:38:15.401,1.50989,1.51009,1.00,1.87
2015.12.14 20:38:18.947,1.50989,1.51007,1.00,1.37
2015.12.14 20:38:19.150,1.50988,1.51005,1.00,1.12
2015.12.14 20:38:19.658,1.50987,1.51005,1.00,1.12
2015.12.14 20:38:20.439,1.50987,1.51004,1.00,1.12
2015.12.14 20:38:21.002,1.50987,1.51003,1.00,1.12
2015.12.14 20:38:22.664,1.50987,1.51005,1.50,1.75
2015.12.14 20:38:23.185,1.50989,1.51005,1.00,1.75
2015.12.14 20:38:23.287,1.5099,1.51007,1.00,1.12
2015.12.14 20:38:23.505,1.50992,1.51008,1.00,1.12
2015.12.14 20:38:23.809,1.50994,1.51009,1.00,1.12
2015.12.14 20:38:25.134,1.50995,1.51009,1.00,1.12
2015.12.14 20:38:26.895,1.50996,1.51012,1.00,1.37
2015.12.14 20:38:26.946,1.50998,1.51012,1.00,1.37
2015.12.14 20:38:26.998,1.50998,1.51013,1.00,1.37
2015.12.14 20:38:27.519,1.50999,1.51015,1.00,1.12
2015.12.14 20:38:29.540,1.50998,1.51015,1.00,1.12
2015.12.14 20:38:29.642,1.50996,1.51013,1.00,1.37
2015.12.14 20:38:29.744,1.50991,1.51011,1.12,1.37
2015.12.14 20:38:30.049,1.5099,1.51005,1.00,1.12
2015.12.14 20:38:30.557,1.50988,1.51005,1.00,1.12
2015.12.14 20:38:30.812,1.5099,1.51005,1.00,1.12
2015.12.14 20:38:30.863,1.5099,1.51008,1.00,1.12
2015.12.14 20:38:31.377,1.50991,1.51008,1.00,1.12
2015.12.14 20:38:31.429,1.50993,1.51008,1.00,1.12
2015.12.14 20:38:31.581,1.50993,1.5101,1.00,1.50
2015.12.14 20:38:32.088,1.50992,1.51009,1.00,1.12
2015.12.14 20:38:32.241,1.5099,1.51009,1.00,1.12
2015.12.14 20:38:33.207,1.5099,1.51009,1.00,1.37
2015.12.14 20:38:33.258,1.50992,1.51009,1.00,1.37
2015.12.14 20:38:33.410,1.50992,1.51012,1.87,1.87
2015.12.14 20:38:33.512,1.50995,1.51012,1.00,1.37
2015.12.14 20:38:34.020,1.50996,1.51014,1.00,1.12
2015.12.14 20:38:35.010,1.50997,1.51014,1.00,1.12
2015.12.14 20:38:35.315,1.50996,1.5101,1.00,1.75
2015.12.14 20:38:35.663,1.50988,1.51002,1.00,1.50
2015.12.14 20:38:36.144,1.50987,1.51004,1.00,1.75
2015.12.14 20:38:36.913,1.50987,1.51002,1.00,1.37
2015.12.14 20:38:39.890,1.50986,1.51004,1.00,1.37
2015.12.14 20:38:40.194,1.50989,1.51004,1.00,1.37
2015.12.14 20:38:41.179,1.50985,1.51005,1.50,1.12
2015.12.14 20:38:42.184,1.50987,1.51005,1.00,1.12
2015.12.14 20:38:42.692,1.50988,1.51005,1.00,1.12
2015.12.14 20:38:43.233,1.50989,1.51005,1.00,1.12
2015.12.14 20:38:46.146,1.50986,1.51005,1.50,1.12
2015.12.14 20:38:46.248,1.50991,1.51003,1.00,1.00
2015.12.14 20:38:46.451,1.50989,1.51003,1.00,1.00
2015.12.14 20:38:46.959,1.50988,1.51003,1.00,1.00
2015.12.14 20:38:48.764,1.50987,1.51003,1.00,1.00
2015.12.14 20:38:48.815,1.50985,1.51003,1.00,1.00
2015.12.14 20:38:49.209,1.50985,1.51002,1.00,1.37
2015.12.14 20:38:49.737,1.50984,1.51002,1.87,1.37
2015.12.14 20:38:50.266,1.50984,1.51003,2.25,1.50
2015.12.14 20:38:50.697,1.50984,1.51003,2.25,1.00
2015.12.14 20:38:51.456,1.50987,1.51005,1.00,1.12
2015.12.14 20:38:53.316,1.50988,1.51005,1.00,1.12
2015.12.14 20:38:56.504,1.50986,1.51005,1.50,1.12
2015.12.14 20:39:03.731,1.50982,1.50999,1.12,1.37
2015.12.14 20:39:04.061,1.50982,1.50995,1.12,1.37
2015.12.14 20:39:04.112,1.50982,1.50997,1.12,1.37
2015.12.14 20:39:04.315,1.50982,1.50999,1.12,1.12
2015.12.14 20:39:04.637,1.50982,1.50999,1.12,2.62
2015.12.14 20:39:04.742,1.50982,1.50999,1.12,1.50
2015.12.14 20:39:05.312,1.50982,1.50998,1.12,1.00
2015.12.14 20:39:05.845,1.50982,1.50999,1.12,1.87
2015.12.14 20:39:06.353,1.50982,1.51002,1.12,1.75
2015.12.14 20:39:06.404,1.50982,1.50998,1.12,1.37
2015.12.14 20:39:06.506,1.50983,1.51004,2.25,3.00
2015.12.14 20:39:06.557,1.50983,1.51004,2.25,2.62
2015.12.14 20:39:06.710,1.50984,1.51003,1.00,1.50
2015.12.14 20:39:07.224,1.50984,1.51004,1.00,2.62
2015.12.14 20:39:07.530,1.50982,1.51,1.12,1.87
2015.12.14 20:39:09.066,1.50982,1.50997,1.12,1.00
2015.12.14 20:39:09.373,1.50982,1.51002,1.12,1.75
2015.12.14 20:39:10.240,1.50982,1.50997,1.12,1.00
2015.12.14 20:39:10.545,1.50982,1.50991,1.12,1.37
2015.12.14 20:39:11.052,1.50982,1.50992,1.12,1.37
2015.12.14 20:39:18.730,1.50983,1.50989,1.00,1.37
2015.12.14 20:39:19.945,1.50982,1.5099,1.12,1.00
2015.12.14 20:39:20.047,1.50982,1.50994,1.12,3.82
2015.12.14 20:39:20.830,1.50982,1.50991,1.12,1.37
2015.12.14 20:39:23.642,1.50982,1.50992,1.12,1.50
2015.12.14 20:39:24.152,1.50982,1.50991,1.12,1.37
2015.12.14 20:39:24.872,1.50982,1.50988,1.12,1.12
2015.12.14 20:39:24.975,1.50982,1.50992,1.12,2.32
2015.12.14 20:39:25.178,1.5098,1.50986,1.75,1.12
2015.12.14 20:39:25.280,1.50983,1.50989,1.00,1.87
2015.12.14 20:39:28.370,1.50982,1.50991,1.12,1.37
2015.12.14 20:39:31.373,1.50982,1.50993,1.12,1.75
2015.12.14 20:39:32.086,1.50982,1.50994,1.12,1.75
2015.12.14 20:39:32.483,1.50982,1.50996,1.12,1.37
2015.12.14 20:39:32.788,1.50982,1.50998,1.12,2.25
2015.12.14 20:39:33.564,1.50986,1.50998,1.00,1.37
2015.12.14 20:39:33.667,1.50985,1.51005,1.50,1.12
2015.12.14 20:39:33.819,1.50987,1.51005,1.00,1.12
2015.12.14 20:39:34.124,1.50989,1.51005,1.00,1.12
2015.12.14 20:39:34.701,1.5099,1.51005,1.00,1.12
2015.12.14 20:39:35.063,1.50994,1.51005,1.00,1.12
2015.12.14 20:39:35.165,1.50992,1.51005,1.00,1.12
2015.12.14 20:39:39.132,1.50993,1.51005,1.00,1.12
2015.12.14 20:39:39.953,1.50997,1.51008,1.00,1.00
2015.12.14 20:39:40.004,1.50999,1.51013,1.00,1.00
2015.12.14 20:39:40.055,1.51001,1.51013,1.00,1.00
2015.12.14 20:39:40.421,1.51003,1.51014,1.00,1.00
2015.12.14 20:39:40.727,1.51007,1.51014,1.00,1.00
2015.12.14 20:39:41.111,1.51007,1.51018,1.00,2.02
2015.12.14 20:39:41.567,1.51009,1.51018,1.00,2.02
2015.12.14 20:39:41.897,1.5101,1.51014,1.00,1.00
2015.12.14 20:39:42.100,1.51014,1.51018,1.00,1.20
2015.12.14 20:39:42.606,1.51013,1.51019,1.00,1.27
2015.12.14 20:39:43.347,1.51013,1.51018,1.00,1.57
2015.12.14 20:39:44.430,1.51011,1.51018,1.00,1.57
2015.12.14 20:39:47.407,1.5101,1.51014,1.50,1.00
2015.12.14 20:39:47.711,1.51011,1.51018,1.00,1.57
2015.12.14 20:39:48.225,1.5101,1.51018,1.00,1.87
2015.12.14 20:39:48.428,1.51007,1.51018,1.00,1.27
2015.12.14 20:39:48.985,1.51004,1.51018,1.00,1.27
2015.12.14 20:39:49.036,1.51002,1.51018,1.50,1.27
2015.12.14 20:39:50.095,1.51003,1.51018,1.00,1.65
2015.12.14 20:39:50.197,1.51005,1.51018,1.00,1.57
2015.12.14 20:39:50.730,1.51005,1.51019,1.00,1.20
2015.12.14 20:39:51.654,1.51005,1.51018,1.00,1.50
2015.12.14 20:39:51.958,1.51007,1.51018,1.00,1.50
2015.12.14 20:39:52.262,1.51013,1.51018,1.00,1.20
2015.12.14 20:39:52.703,1.51015,1.51019,1.00,1.20
2015.12.14 20:39:53.251,1.51015,1.51019,1.00,1.20
2015.12.14 20:39:53.968,1.51014,1.51018,1.50,1.42
2015.12.14 20:39:54.527,1.51017,1.51023,1.00,1.20
2015.12.14 20:39:54.679,1.51017,1.51033,1.00,1.12
2015.12.14 20:39:54.780,1.5102,1.51035,1.00,1.00
2015.12.14 20:39:55.084,1.51021,1.51033,1.00,1.00
2015.12.14 20:39:55.286,1.51021,1.51037,1.00,1.00
2015.12.14 20:39:55.388,1.51021,1.51033,1.00,2.25
2015.12.14 20:39:55.959,1.51021,1.51041,1.00,1.47
2015.12.14 20:39:56.819,1.51021,1.51037,1.00,1.37
2015.12.14 20:39:57.367,1.5102,1.51037,1.50,1.37
2015.12.14 20:39:57.709,1.51023,1.51039,1.00,1.37
2015.12.14 20:39:58.012,1.51028,1.51041,1.00,1.37
2015.12.14 20:39:58.063,1.51025,1.51041,1.00,1.37
2015.12.14 20:39:58.165,1.5102,1.51041,2.25,1.50
2015.12.14 20:39:58.317,1.5102,1.51044,1.50,1.87
2015.12.14 20:39:58.368,1.5102,1.51035,1.50,1.00
2015.12.14 20:39:58.705,1.51026,1.51035,1.00,1.00
2015.12.14 20:39:58.870,1.51026,1.51039,1.00,1.00
2015.12.14 20:39:59.173,1.51025,1.51035,1.00,1.00
2015.12.14 20:39:59.375,1.51027,1.51042,1.00,1.00
2015.12.14 20:39:59.628,1.51027,1.5104,1.00,1.37
2015.12.14 20:39:59.971,1.51027,1.51036,1.00,1.37
2015.12.14 20:40:00.123,1.51027,1.51038,1.00,1.37
2015.12.14 20:40:00.403,1.51028,1.5104,1.00,1.37
2015.12.14 20:40:00.455,1.51028,1.51043,1.00,1.50
2015.12.14 20:40:00.506,1.51028,1.51043,1.00,1.00
2015.12.14 20:40:00.708,1.51033,1.51043,1.00,1.00
2015.12.14 20:40:01.032,1.51026,1.51045,1.00,1.12
2015.12.14 20:40:01.134,1.51026,1.51048,1.00,2.25
2015.12.14 20:40:01.676,1.51025,1.51047,1.00,1.00
2015.12.14 20:40:02.212,1.51026,1.51049,1.00,1.85
2015.12.14 20:40:02.669,1.51028,1.51051,1.00,1.87
2015.12.14 20:40:02.820,1.51028,1.51051,1.00,1.37
2015.12.14 20:40:04.256,1.5103,1.51051,1.00,1.47
2015.12.14 20:40:04.785,1.51035,1.51052,1.00,1.87
2015.12.14 20:40:05.349,1.51034,1.51052,1.00,1.47
2015.12.14 20:40:05.450,1.51035,1.51056,1.00,1.37
2015.12.14 20:40:05.653,1.51036,1.51058,1.37,1.50
2015.12.14 20:40:05.755,1.51035,1.51058,1.50,1.50
2015.12.14 20:40:05.884,1.51037,1.51058,1.50,1.37
2015.12.14 20:40:06.190,1.51039,1.51059,1.37,1.00
2015.12.14 20:40:06.342,1.51039,1.51063,1.12,1.87
2015.12.14 20:40:06.443,1.51043,1.51063,1.00,1.87
2015.12.14 20:40:06.544,1.51039,1.51063,1.00,1.87
2015.12.14 20:40:06.747,1.51036,1.51059,1.37,1.75
2015.12.14 20:40:06.999,1.51035,1.51059,1.50,1.87
2015.12.14 20:40:07.175,1.51032,1.51052,1.00,1.37
2015.12.14 20:40:07.428,1.51028,1.51054,1.87,1.12
2015.12.14 20:40:07.530,1.51034,1.51056,1.00,3.37
2015.12.14 20:40:08.036,1.51035,1.51057,1.00,1.85
2015.12.14 20:40:08.340,1.51032,1.51055,1.00,1.87
2015.12.14 20:40:08.441,1.5103,1.51055,1.37,1.12
2015.12.14 20:40:09.051,1.51029,1.51055,1.00,2.25
2015.12.14 20:40:10.061,1.51031,1.51053,1.00,1.75
2015.12.14 20:40:10.365,1.51036,1.51056,1.50,1.37
2015.12.14 20:40:10.466,1.51036,1.51058,1.50,1.47
2015.12.14 20:40:10.991,1.51037,1.51058,1.00,1.47
2015.12.14 20:40:11.360,1.51035,1.51058,1.50,1.47
2015.12.14 20:40:11.613,1.51036,1.51054,1.00,1.10
2015.12.14 20:40:11.714,1.5103,1.51051,1.12,1.00
2015.12.14 20:40:11.817,1.51029,1.51047,1.37,1.00
2015.12.14 20:40:11.918,1.5103,1.5105,1.12,1.00
2015.12.14 20:40:12.070,1.51032,1.5105,1.37,1.00
2015.12.14 20:40:12.171,1.51034,1.51053,1.12,1.00
2015.12.14 20:40:12.222,1.51034,1.51056,1.12,1.37
2015.12.14 20:40:12.475,1.5103,1.51052,1.50,1.00
2015.12.14 20:40:12.809,1.5103,1.5105,1.50,1.00
2015.12.14 20:40:12.961,1.51029,1.5105,1.00,1.00
2015.12.14 20:40:13.469,1.51028,1.5105,1.12,1.00
2015.12.14 20:40:13.677,1.51028,1.5105,1.87,1.00
2015.12.14 20:40:13.728,1.51028,1.51053,1.87,1.50
2015.12.14 20:40:14.072,1.5103,1.51053,1.50,1.00
2015.12.14 20:40:15.561,1.51035,1.51054,1.00,1.00
2015.12.14 20:40:15.864,1.51039,1.51057,1.00,1.00
2015.12.14 20:40:16.390,1.51039,1.51056,1.00,1.37
2015.12.14 20:40:16.676,1.51035,1.51057,1.75,1.50
2015.12.14 20:40:16.777,1.51034,1.51054,1.50,1.00
2015.12.14 20:40:17.086,1.51038,1.51054,1.37,1.00
2015.12.14 20:40:17.190,1.51033,1.51054,1.87,1.00
2015.12.14 20:40:17.342,1.51036,1.51054,1.00,1.00
2015.12.14 20:40:17.779,1.51032,1.51054,1.50,1.00
2015.12.14 20:40:18.318,1.51035,1.51054,1.00,1.00
2015.12.14 20:40:18.849,1.51036,1.51054,1.50,1.00
2015.12.14 20:40:19.089,1.51039,1.51054,1.00,1.00
2015.12.14 20:40:19.647,1.51038,1.51054,1.00,1.00
2015.12.14 20:40:21.616,1.51036,1.51054,1.50,1.00
2015.12.14 20:40:22.122,1.51037,1.51054,1.00,1.00
2015.12.14 20:40:23.710,1.51037,1.51053,1.00,1.00
2015.12.14 20:40:24.233,1.51036,1.51053,1.00,1.00
2015.12.14 20:40:24.860,1.51036,1.51054,1.00,1.00
2015.12.14 20:40:25.144,1.51038,1.51054,1.00,1.00
2015.12.14 20:40:25.661,1.51037,1.51054,1.00,1.00
2015.12.14 20:40:26.672,1.51034,1.51054,1.87,1.00
2015.12.14 20:40:26.776,1.51034,1.51052,1.00,1.00
2015.12.14 20:40:27.094,1.51035,1.51054,1.00,1.50
2015.12.14 20:40:27.723,1.51036,1.51054,1.00,1.50
2015.12.14 20:40:28.426,1.51035,1.51054,1.00,1.50
2015.12.14 20:40:28.935,1.51032,1.51054,1.37,1.50
2015.12.14 20:40:31.795,1.51035,1.51054,1.37,1.00
2015.12.14 20:40:32.098,1.51038,1.51054,1.87,1.00
2015.12.14 20:40:32.275,1.51038,1.51054,1.00,1.00
2015.12.14 20:40:32.377,1.51036,1.51054,1.12,1.00
2015.12.14 20:40:32.883,1.51036,1.51052,1.00,1.00
2015.12.14 20:40:33.186,1.51032,1.51048,1.00,1.37
2015.12.14 20:40:34.116,1.51032,1.51052,1.87,2.62
2015.12.14 20:40:34.167,1.51036,1.51052,1.00,2.62
2015.12.14 20:40:34.218,1.51036,1.51052,1.12,1.50
2015.12.14 20:40:34.269,1.51038,1.51052,1.00,1.50
2015.12.14 20:40:35.573,1.51038,1.51053,1.00,1.00
2015.12.14 20:40:35.931,1.5104,1.51054,1.00,1.00
2015.12.14 20:40:36.236,1.51042,1.51054,1.00,1.00
2015.12.14 20:40:36.713,1.5104,1.51054,1.00,1.00
2015.12.14 20:40:37.236,1.51039,1.51054,1.00,1.00
2015.12.14 20:40:38.001,1.5104,1.51054,1.00,1.00
2015.12.14 20:40:38.102,1.51038,1.51054,1.00,1.00
2015.12.14 20:40:38.630,1.51039,1.51054,1.00,1.00
2015.12.14 20:40:40.202,1.51038,1.51054,1.00,1.50
2015.12.14 20:40:43.385,1.51037,1.51051,1.12,1.00
2015.12.14 20:40:43.487,1.51033,1.51051,2.25,1.50
2015.12.14 20:40:43.747,1.51036,1.51051,1.00,1.50
2015.12.14 20:40:43.950,1.51033,1.51051,1.00,1.50
2015.12.14 20:40:44.254,1.51038,1.51051,1.00,1.00
2015.12.14 20:40:45.611,1.51036,1.51051,1.00,1.00
2015.12.14 20:40:45.712,1.51033,1.51051,1.12,1.00
2015.12.14 20:40:46.121,1.51036,1.51051,1.37,1.00
2015.12.14 20:40:46.222,1.51036,1.51053,1.37,1.50
2015.12.14 20:40:46.425,1.51032,1.51053,1.37,1.50
2015.12.14 20:40:46.556,1.51032,1.5105,1.00,1.00
2015.12.14 20:40:47.061,1.51033,1.5105,1.00,1.00
2015.12.14 20:40:49.393,1.51033,1.51051,1.00,1.50
2015.12.14 20:40:49.899,1.5103,1.5105,1.87,1.00
2015.12.14 20:40:50.244,1.5102,1.51039,1.87,1.00
2015.12.14 20:40:50.346,1.51019,1.51039,1.12,1.00
2015.12.14 20:40:50.447,1.51019,1.51033,1.12,1.00
2015.12.14 20:40:50.498,1.51019,1.51037,1.12,1.00
2015.12.14 20:40:50.750,1.51017,1.51037,1.00,1.50
2015.12.14 20:40:51.292,1.51016,1.51036,1.12,1.00
2015.12.14 20:40:51.948,1.51014,1.51036,1.87,1.00
2015.12.14 20:40:52.050,1.51014,1.5102,1.87,1.72
2015.12.14 20:40:52.456,1.51019,1.51024,1.37,1.00
2015.12.14 20:40:52.572,1.5102,1.51028,1.37,1.95
2015.12.14 20:40:52.623,1.51015,1.51028,1.37,1.10
2015.12.14 20:40:52.674,1.51015,1.51028,1.00,1.57
2015.12.14 20:40:52.725,1.51013,1.51018,1.00,1.00
2015.12.14 20:40:52.776,1.51009,1.51018,1.00,1.00
2015.12.14 20:40:52.878,1.51006,1.51018,1.00,1.00
2015.12.14 20:40:53.283,1.51008,1.51018,1.00,1.50
2015.12.14 20:40:53.827,1.51009,1.51018,1.00,1.50
2015.12.14 20:40:54.948,1.51012,1.51018,1.00,1.20
2015.12.14 20:40:56.930,1.51011,1.51018,1.00,1.20
2015.12.14 20:40:57.924,1.51009,1.51018,1.00,1.20
2015.12.14 20:40:58.026,1.51012,1.51018,1.00,1.20
2015.12.14 20:40:58.386,1.51009,1.51018,1.87,1.20
2015.12.14 20:41:00.083,1.51008,1.51018,1.12,1.95
2015.12.14 20:41:02.008,1.51007,1.51018,1.12,1.95
2015.12.14 20:41:04.756,1.51006,1.51018,1.12,1.20
2015.12.14 20:41:05.518,1.51002,1.51018,1.75,1.20
2015.12.14 20:41:05.570,1.51,1.51018,1.12,1.42
2015.12.14 20:41:05.621,1.50997,1.51015,1.87,1.00
2015.12.14 20:41:05.673,1.50995,1.51015,1.37,1.00
2015.12.14 20:41:05.724,1.50994,1.51015,1.12,1.00
2015.12.14 20:41:05.869,1.50997,1.51017,1.00,1.00
2015.12.14 20:41:06.173,1.50994,1.51013,1.12,1.00
2015.12.14 20:41:06.888,1.50992,1.51008,3.00,1.00
2015.12.14 20:41:07.517,1.50992,1.51008,2.62,1.00
2015.12.14 20:41:08.872,1.50993,1.51008,1.50,1.00
2015.12.14 20:41:11.280,1.50993,1.51008,1.87,1.00
2015.12.14 20:41:11.483,1.50999,1.51016,1.37,1.00
2015.12.14 20:41:11.585,1.50999,1.51018,1.50,1.10
2015.12.14 20:41:13.382,1.51001,1.51018,1.37,1.27
2015.12.14 20:41:15.193,1.51001,1.51018,2.32,1.95
2015.12.14 20:41:15.295,1.51002,1.51018,3.00,1.95
2015.12.14 20:41:16.056,1.51005,1.51018,1.50,1.95
2015.12.14 20:41:17.131,1.51005,1.51018,2.25,2.02
2015.12.14 20:41:19.721,1.51007,1.51018,1.00,1.30
2015.12.14 20:41:20.027,1.51014,1.51018,1.00,1.27
2015.12.14 20:41:20.271,1.51011,1.51018,1.87,2.02
2015.12.14 20:41:20.423,1.51011,1.51018,1.00,2.02
2015.12.14 20:41:21.196,1.51009,1.51018,2.25,1.00
2015.12.14 20:41:21.722,1.51008,1.51018,1.37,1.00
2015.12.14 20:41:23.286,1.51007,1.51018,3.37,1.00
2015.12.14 20:41:23.869,1.51009,1.51018,1.00,1.00
2015.12.14 20:41:24.410,1.51012,1.51018,1.87,1.72
2015.12.14 20:41:24.785,1.51015,1.51023,1.75,1.87
2015.12.14 20:41:25.296,1.51015,1.51019,1.12,1.05
2015.12.14 20:41:25.550,1.51012,1.51018,1.00,1.10
2015.12.14 20:41:25.754,1.51009,1.51018,2.25,1.10
2015.12.14 20:41:26.125,1.51011,1.51018,1.37,1.27
2015.12.14 20:41:26.328,1.51009,1.51018,3.37,1.80
2015.12.14 20:41:27.139,1.51009,1.51018,2.25,1.00
2015.12.14 20:41:27.291,1.51006,1.51018,2.25,1.00
2015.12.14 20:41:28.477,1.51007,1.51018,1.00,1.00
2015.12.14 20:41:28.528,1.51007,1.51018,1.87,1.12
2015.12.14 20:41:29.061,1.51008,1.51018,1.00,1.50
2015.12.14 20:41:30.564,1.51007,1.51018,1.00,1.50
2015.12.14 20:41:31.126,1.51008,1.51018,1.00,1.50
2015.12.14 20:41:32.023,1.51009,1.51018,1.37,1.42
2015.12.14 20:41:32.226,1.51008,1.51018,1.12,1.57
2015.12.14 20:41:40.825,1.51007,1.51018,1.00,1.20
2015.12.14 20:41:41.363,1.51006,1.51018,1.12,1.12
2015.12.14 20:41:41.882,1.51005,1.51018,1.12,1.12
2015.12.14 20:41:42.654,1.51004,1.51018,1.50,2.17
2015.12.14 20:41:45.104,1.51005,1.51018,1.00,2.17
2015.12.14 20:41:45.657,1.51006,1.51018,1.12,2.17
2015.12.14 20:41:46.538,1.51006,1.51019,1.12,1.95
2015.12.14 20:41:49.594,1.51007,1.51019,1.00,1.95
2015.12.14 20:41:51.767,1.51007,1.51019,2.62,1.95
2015.12.14 20:41:59.412,1.51011,1.51019,1.00,1.95
2015.12.14 20:41:59.728,1.51014,1.51018,1.50,1.57
2015.12.14 20:41:59.981,1.5101,1.51018,1.37,1.10
2015.12.14 20:42:01.363,1.51011,1.51019,1.12,1.12
2015.12.14 20:42:03.967,1.51009,1.51019,1.00,1.12
2015.12.14 20:42:04.529,1.51008,1.51019,2.25,1.12
2015.12.14 20:42:07.496,1.51008,1.51019,2.25,1.12
2015.12.14 20:42:08.119,1.51006,1.51018,1.87,1.50
2015.12.14 20:42:08.170,1.51006,1.51018,1.00,1.50
2015.12.14 20:42:08.272,1.51003,1.51018,1.00,1.50
2015.12.14 20:42:08.526,1.51001,1.51018,1.12,1.10
2015.12.14 20:42:09.011,1.50998,1.51018,1.87,1.10
2015.12.14 20:42:09.113,1.50996,1.51008,1.37,1.00
2015.12.14 20:42:09.215,1.50995,1.51008,1.00,1.00
2015.12.14 20:42:09.735,1.50994,1.51008,1.12,1.00
2015.12.14 20:42:11.792,1.50996,1.51008,1.00,1.00
2015.12.14 20:42:25.812,1.50996,1.51017,1.50,1.00
2015.12.14 20:42:32.791,1.50994,1.51018,1.85,3.00
2015.12.14 20:42:32.943,1.50993,1.51008,2.62,1.00
2015.12.14 20:42:33.444,1.50993,1.51008,1.87,1.00
2015.12.14 20:42:37.128,1.50994,1.51009,1.00,1.00
2015.12.14 20:42:37.641,1.50995,1.51008,1.00,1.00
2015.12.14 20:42:37.946,1.51003,1.51018,1.00,1.80
2015.12.14 20:42:38.049,1.51004,1.51018,1.50,1.30
2015.12.14 20:42:38.578,1.51006,1.51018,1.12,1.42
2015.12.14 20:42:42.025,1.51005,1.51018,2.25,1.95
2015.12.14 20:42:43.274,1.51003,1.51018,1.50,1.20
2015.12.14 20:42:43.325,1.51,1.51018,1.12,1.20
2015.12.14 20:42:43.832,1.50997,1.51018,1.87,2.02
2015.12.14 20:42:44.287,1.50995,1.51018,1.12,2.02
2015.12.14 20:42:44.796,1.50996,1.51017,1.00,1.00
2015.12.14 20:42:44.948,1.50995,1.51008,1.12,1.00
2015.12.14 20:42:46.348,1.50994,1.51008,1.12,1.00
2015.12.14 20:42:46.874,1.50995,1.51008,1.00,1.00
2015.12.14 20:42:48.119,1.50994,1.51008,1.87,1.00
2015.12.14 20:42:48.341,1.50991,1.51008,1.87,1.00
2015.12.14 20:42:48.797,1.50989,1.51008,2.62,1.00
2015.12.14 20:42:49.474,1.5099,1.51008,1.00,1.00
2015.12.14 20:42:49.524,1.50992,1.51008,1.00,1.00
2015.12.14 20:42:49.895,1.50996,1.51008,1.00,1.00
2015.12.14 20:42:52.585,1.50996,1.51009,1.00,1.00
2015.12.14 20:42:52.911,1.50994,1.51009,1.50,1.00
2015.12.14 20:42:54.903,1.50994,1.51008,1.00,1.00
2015.12.14 20:42:55.005,1.50992,1.51008,1.87,1.00
2015.12.14 20:42:55.369,1.50994,1.51008,1.00,1.00
2015.12.14 20:42:57.829,1.5099,1.51008,3.45,1.00
2015.12.14 20:42:58.064,1.5099,1.51008,1.20,1.00
2015.12.14 20:42:58.317,1.50988,1.51007,1.00,1.00
2015.12.14 20:42:58.368,1.50985,1.51007,2.25,1.00
2015.12.14 20:42:58.782,1.50981,1.51003,1.00,1.12
2015.12.14 20:42:58.884,1.50978,1.51002,2.25,1.87
2015.12.14 20:43:03.123,1.50978,1.51003,1.50,1.87
2015.12.14 20:43:04.646,1.50977,1.51002,1.12,3.75
2015.12.14 20:43:05.160,1.50978,1.51002,1.00,3.00
2015.12.14 20:43:06.215,1.50978,1.51002,1.87,1.50
2015.12.14 20:43:06.743,1.50978,1.51002,1.87,1.00
2015.12.14 20:43:07.123,1.50984,1.51003,1.00,1.37
2015.12.14 20:43:07.326,1.50982,1.51006,1.50,1.50
2015.12.14 20:43:07.731,1.50982,1.51004,1.00,1.00
2015.12.14 20:43:08.538,1.50986,1.51005,1.00,1.75
2015.12.14 20:43:08.843,1.50989,1.51006,1.50,1.37
2015.12.14 20:43:09.357,1.5099,1.51006,1.00,1.37
2015.12.14 20:43:09.585,1.5099,1.51008,1.00,1.00
2015.12.14 20:43:12.005,1.50991,1.51008,1.00,1.00
2015.12.14 20:43:13.480,1.50991,1.51009,1.12,1.00
2015.12.14 20:43:14.164,1.5099,1.51008,1.37,1.00
2015.12.14 20:43:14.669,1.5099,1.51008,1.00,1.00
2015.12.14 20:43:15.175,1.50988,1.51008,3.37,1.00
2015.12.14 20:43:15.739,1.50988,1.51008,2.62,1.00
2015.12.14 20:43:17.171,1.50988,1.5101,1.00,1.50
2015.12.14 20:43:17.222,1.50984,1.51007,1.37,1.37
2015.12.14 20:43:17.751,1.50985,1.51005,1.50,1.00
2015.12.14 20:43:17.890,1.50985,1.51007,1.50,1.00
2015.12.14 20:43:18.344,1.50984,1.51006,1.00,1.50
2015.12.14 20:43:18.841,1.50985,1.51006,1.50,1.00
2015.12.14 20:43:18.943,1.50985,1.51008,1.50,1.00
2015.12.14 20:43:19.603,1.50989,1.51009,1.00,1.00
2015.12.14 20:43:20.118,1.50989,1.51008,1.00,1.00
2015.12.14 20:43:21.213,1.50987,1.51008,1.50,1.00
2015.12.14 20:43:21.365,1.50989,1.51008,1.00,1.00
2015.12.14 20:43:21.783,1.50992,1.51008,1.00,1.00
2015.12.14 20:43:22.667,1.50994,1.51008,1.12,1.00
2015.12.14 20:43:23.173,1.50995,1.51008,1.12,1.00
2015.12.14 20:43:24.067,1.50996,1.51008,1.00,1.00
2015.12.14 20:43:24.117,1.50996,1.51018,1.00,1.95
2015.12.14 20:43:24.652,1.50995,1.51017,1.12,1.12
2015.12.14 20:43:27.989,1.50997,1.51017,1.00,1.12
2015.12.14 20:43:28.294,1.51002,1.51018,1.00,1.50
2015.12.14 20:43:28.834,1.51003,1.51018,1.50,1.87
2015.12.14 20:43:29.341,1.50999,1.51018,3.75,1.00
2015.12.14 20:43:29.594,1.50995,1.51018,1.87,1.80
2015.12.14 20:43:30.612,1.50996,1.51018,1.12,2.55
2015.12.14 20:43:31.118,1.50997,1.51017,1.00,1.00
2015.12.14 20:43:34.051,1.50996,1.51017,1.50,1.00
2015.12.14 20:43:35.615,1.50998,1.51017,1.00,1.00
2015.12.14 20:43:36.342,1.50999,1.51017,1.00,1.00
2015.12.14 20:43:36.798,1.51001,1.51017,1.00,1.00
2015.12.14 20:43:37.126,1.51012,1.51018,1.37,1.05
2015.12.14 20:43:37.430,1.51014,1.5102,1.87,2.17
2015.12.14 20:43:37.734,1.51019,1.51024,1.00,1.10
2015.12.14 20:43:38.277,1.51019,1.51024,1.00,2.02
2015.12.14 20:43:38.449,1.5102,1.51036,1.00,1.12
2015.12.14 20:43:38.916,1.5102,1.51033,1.00,1.00
2015.12.14 20:43:39.325,1.51015,1.51033,1.87,2.62
2015.12.14 20:43:39.427,1.51015,1.51021,1.50,1.65
2015.12.14 20:43:39.630,1.51019,1.51033,1.00,2.25
2015.12.14 20:43:39.927,1.51019,1.51035,1.87,1.00
2015.12.14 20:43:40.080,1.51022,1.51035,1.00,1.00
2015.12.14 20:43:40.333,1.51021,1.51037,1.00,1.00
2015.12.14 20:43:40.839,1.51021,1.51038,1.00,1.50
2015.12.14 20:43:41.045,1.51021,1.51033,1.00,1.00
2015.12.14 20:43:41.147,1.51021,1.51037,1.00,1.00
2015.12.14 20:43:41.299,1.51018,1.51037,1.00,1.00
2015.12.14 20:43:41.552,1.51022,1.51038,1.00,1.00
2015.12.14 20:43:41.704,1.51022,1.51041,1.00,1.50
2015.12.14 20:43:41.755,1.51024,1.51042,1.00,1.75
2015.12.14 20:43:42.264,1.51024,1.51041,1.50,1.37
2015.12.14 20:43:42.315,1.51024,1.51044,1.00,1.37
2015.12.14 20:43:42.438,1.51024,1.51046,1.00,1.37
2015.12.14 20:43:42.540,1.51028,1.51046,1.00,1.37
2015.12.14 20:43:42.855,1.51032,1.51046,1.00,1.37
2015.12.14 20:43:42.957,1.51027,1.51046,1.00,1.87
2015.12.14 20:43:43.008,1.51027,1.51043,1.00,1.37
2015.12.14 20:43:43.160,1.51023,1.51043,1.00,1.37
2015.12.14 20:43:43.313,1.51024,1.51045,1.50,1.37
2015.12.14 20:43:43.638,1.51021,1.51045,1.12,1.37
2015.12.14 20:43:43.942,1.51023,1.51045,1.00,1.95
2015.12.14 20:43:44.473,1.51024,1.51045,1.00,1.37
2015.12.14 20:43:44.777,1.51028,1.51046,1.00,3.00
2015.12.14 20:43:45.062,1.51025,1.51046,1.00,1.50
2015.12.14 20:43:45.164,1.51027,1.51046,1.00,1.37
2015.12.14 20:43:45.214,1.51027,1.51047,1.00,1.00
2015.12.14 20:43:45.478,1.5103,1.51047,1.00,1.00
2015.12.14 20:43:50.975,1.51028,1.51049,1.50,1.37
2015.12.14 20:43:52.980,1.51027,1.51049,1.00,1.87
2015.12.14 20:43:53.031,1.51024,1.51049,1.37,2.62
2015.12.14 20:43:53.819,1.51035,1.51047,1.00,1.50
2015.12.14 20:43:53.920,1.5104,1.51051,1.00,1.50
2015.12.14 20:43:53.971,1.51047,1.51052,1.00,1.00
2015.12.14 20:43:54.023,1.51051,1.51057,1.37,1.00
2015.12.14 20:43:54.074,1.51051,1.51066,1.37,1.87
2015.12.14 20:43:54.125,1.51047,1.51067,1.00,1.75
2015.12.14 20:43:54.327,1.51047,1.51063,1.00,1.37
2015.12.14 20:43:54.630,1.51047,1.51065,1.00,1.37
2015.12.14 20:43:54.776,1.51047,1.51067,1.00,1.37
2015.12.14 20:43:56.730,1.51048,1.51067,1.00,1.37
2015.12.14 20:43:57.328,1.51048,1.51064,1.00,1.37
2015.12.14 20:43:58.008,1.51048,1.5107,2.62,1.87
2015.12.14 20:43:58.317,1.51049,1.51067,1.12,1.37
2015.12.14 20:43:58.716,1.51049,1.5107,2.25,1.37
2015.12.14 20:43:58.818,1.51043,1.51062,1.37,1.37
2015.12.14 20:43:58.919,1.51043,1.51067,1.00,1.00
2015.12.14 20:43:59.122,1.51042,1.51065,1.50,1.37
2015.12.14 20:43:59.223,1.51042,1.51067,1.87,1.00
2015.12.14 20:43:59.577,1.51044,1.51067,1.00,1.37
2015.12.14 20:44:00.400,1.51044,1.51067,1.00,1.12
2015.12.14 20:44:00.603,1.51038,1.51063,1.12,1.00
2015.12.14 20:44:00.704,1.51038,1.51065,2.25,1.87
2015.12.14 20:44:00.805,1.51041,1.51065,1.00,1.87
2015.12.14 20:44:01.233,1.51049,1.5107,1.37,1.50
2015.12.14 20:44:01.285,1.51049,1.5107,1.37,1.12
2015.12.14 20:44:01.437,1.5105,1.51074,1.00,2.32
2015.12.14 20:44:01.538,1.51052,1.5107,1.00,1.37
2015.12.14 20:44:01.641,1.51052,1.51072,1.00,1.50
2015.12.14 20:44:01.742,1.51052,1.51068,1.00,1.37
2015.12.14 20:44:01.843,1.51052,1.51073,1.00,1.50
2015.12.14 20:44:02.350,1.51048,1.5107,1.00,1.00
2015.12.14 20:44:02.500,1.51048,1.5107,1.00,1.87
2015.12.14 20:44:02.551,1.51045,1.5107,1.50,1.37
2015.12.14 20:44:02.703,1.51047,1.51068,1.37,1.37
2015.12.14 20:44:02.805,1.51044,1.51068,1.87,1.37
2015.12.14 20:44:03.312,1.51046,1.51067,1.00,1.00
2015.12.14 20:44:04.230,1.51055,1.51067,1.00,1.00
2015.12.14 20:44:04.433,1.51058,1.51077,1.10,1.50
2015.12.14 20:44:04.484,1.51058,1.51081,1.75,1.00
2015.12.14 20:44:04.585,1.51062,1.51085,1.50,1.00
2015.12.14 20:44:04.838,1.51059,1.51085,2.32,1.00
2015.12.14 20:44:04.939,1.51059,1.51085,1.50,1.50
2015.12.14 20:44:05.117,1.51058,1.51084,1.00,1.75
2015.12.14 20:44:05.320,1.51059,1.51085,1.50,1.50
2015.12.14 20:44:05.371,1.5107,1.51085,1.00,1.50
2015.12.14 20:44:05.422,1.51064,1.51087,1.00,1.37
2015.12.14 20:44:05.472,1.51067,1.51087,1.00,1.37
2015.12.14 20:44:05.927,1.51068,1.51092,1.00,1.50
2015.12.14 20:44:06.316,1.51068,1.51092,1.00,1.00
2015.12.14 20:44:06.367,1.51068,1.51092,1.00,1.37
2015.12.14 20:44:06.571,1.51063,1.51091,1.87,1.50
2015.12.14 20:44:06.622,1.51063,1.51091,1.00,1.50
2015.12.14 20:44:06.926,1.51063,1.51091,1.47,1.87
2015.12.14 20:44:07.758,1.51064,1.51091,1.20,1.12
2015.12.14 20:44:08.061,1.51068,1.5109,1.00,1.12
2015.12.14 20:44:09.450,1.51067,1.51093,1.00,2.25
2015.12.14 20:44:09.754,1.51071,1.51091,1.00,1.50
2015.12.14 20:44:10.263,1.51069,1.51088,1.00,1.00
2015.12.14 20:44:10.314,1.51069,1.51088,1.00,1.75
2015.12.14 20:44:10.365,1.51061,1.51083,1.00,1.50
2015.12.14 20:44:10.466,1.51058,1.5108,2.25,1.37
2015.12.14 20:44:10.568,1.51058,1.51084,1.50,2.32
2015.12.14 20:44:10.619,1.51057,1.51078,1.00,1.37
2015.12.14 20:44:11.161,1.51056,1.51077,1.00,1.37
2015.12.14 20:44:11.263,1.51055,1.51081,1.50,1.50
2015.12.14 20:44:11.465,1.51058,1.51081,1.00,1.50
2015.12.14 20:44:12.014,1.51059,1.51082,1.00,1.75
2015.12.14 20:44:12.673,1.51065,1.51084,1.00,1.50
2015.12.14 20:44:12.724,1.51065,1.51084,1.00,1.37
2015.12.14 20:44:12.978,1.51067,1.51084,1.00,1.75
2015.12.14 20:44:13.433,1.51066,1.51085,1.00,1.12
2015.12.14 20:44:13.534,1.51068,1.51088,1.00,2.62
2015.12.14 20:44:13.666,1.51068,1.51088,1.00,1.50
2015.12.14 20:44:13.718,1.51068,1.51085,1.00,1.00
2015.12.14 20:44:13.769,1.51064,1.51085,1.00,1.00
2015.12.14 20:44:13.871,1.51064,1.51085,1.00,1.87
2015.12.14 20:44:14.075,1.51064,1.51087,1.00,1.12
2015.12.14 20:44:14.127,1.51064,1.51085,1.00,1.37
2015.12.14 20:44:14.533,1.51064,1.51085,1.00,1.00
2015.12.14 20:44:14.814,1.51063,1.51089,1.00,2.62
2015.12.14 20:44:14.865,1.51064,1.51087,1.00,1.00
2015.12.14 20:44:14.966,1.51062,1.51087,1.50,1.00
2015.12.14 20:44:15.331,1.51069,1.51089,1.00,1.87
2015.12.14 20:44:15.536,1.51073,1.51096,1.12,3.07
2015.12.14 20:44:15.688,1.51072,1.51091,1.37,1.37
2015.12.14 20:44:15.790,1.51071,1.51091,1.12,1.37
2015.12.14 20:44:16.156,1.51072,1.51097,1.00,1.50
2015.12.14 20:44:16.511,1.51074,1.51098,1.12,1.37
2015.12.14 20:44:16.815,1.51077,1.51099,1.37,1.00
2015.12.14 20:44:17.321,1.51078,1.51102,1.37,1.37
2015.12.14 20:44:17.650,1.51081,1.51104,1.37,1.85
2015.12.14 20:44:18.867,1.5108,1.51103,2.62,1.00
2015.12.14 20:44:19.405,1.51081,1.51104,1.87,1.75
2015.12.14 20:44:20.730,1.51081,1.51105,1.87,1.75
2015.12.14 20:44:22.782,1.5108,1.51104,1.87,1.50
2015.12.14 20:44:23.035,1.51069,1.51095,1.37,1.75
2015.12.14 20:44:23.541,1.51071,1.51096,1.00,2.25
2015.12.14 20:44:24.105,1.5107,1.51096,1.12,2.25
2015.12.14 20:44:24.309,1.51076,1.51094,1.00,1.00
2015.12.14 20:44:24.612,1.51077,1.51091,1.00,1.37
2015.12.14 20:44:24.664,1.51074,1.51091,1.00,1.75
2015.12.14 20:44:24.816,1.51069,1.51087,1.00,1.37
2015.12.14 20:44:25.349,1.51068,1.51087,1.00,1.37
2015.12.14 20:44:25.854,1.51069,1.51087,1.00,1.37
2015.12.14 20:44:26.461,1.51067,1.51087,1.00,1.87
2015.12.14 20:44:27.002,1.51069,1.51087,1.00,1.37
2015.12.14 20:44:27.457,1.51067,1.51087,1.00,1.37
2015.12.14 20:44:28.112,1.51063,1.51083,1.00,1.00
2015.12.14 20:44:28.163,1.51059,1.51083,1.50,1.00
2015.12.14 20:44:28.214,1.51059,1.5108,1.00,1.37
2015.12.14 20:44:28.315,1.51058,1.51082,1.87,1.00
2015.12.14 20:44:28.465,1.51058,1.5108,1.00,1.00
2015.12.14 20:44:28.768,1.51056,1.5108,1.50,1.12
2015.12.14 20:44:31.640,1.51056,1.51081,1.50,1.75
2015.12.14 20:44:33.525,1.51056,1.51079,1.50,2.25
2015.12.14 20:44:34.024,1.51055,1.51077,1.00,2.25
2015.12.14 20:44:34.075,1.51053,1.51077,1.50,2.25
2015.12.14 20:44:37.414,1.51053,1.51074,1.00,1.00
2015.12.14 20:44:37.465,1.5105,1.51068,1.00,1.00
2015.12.14 20:44:37.516,1.51047,1.51068,1.00,1.50
2015.12.14 20:44:37.568,1.51045,1.51068,1.00,1.50
2015.12.14 20:44:37.619,1.51045,1.51066,1.00,1.50
2015.12.14 20:44:37.670,1.51043,1.51066,1.00,1.50
2015.12.14 20:44:37.822,1.51043,1.51064,1.00,1.37
2015.12.14 20:44:38.330,1.51042,1.51063,1.00,1.87
2015.12.14 20:44:38.836,1.51041,1.5106,1.00,1.00
2015.12.14 20:44:39.343,1.5104,1.51061,1.12,1.50
2015.12.14 20:44:39.880,1.5104,1.51063,1.00,1.50
2015.12.14 20:44:40.410,1.51041,1.51063,1.00,1.00
2015.12.14 20:44:40.915,1.5104,1.51062,1.00,1.00
2015.12.14 20:44:41.418,1.51041,1.51062,1.00,1.12
2015.12.14 20:44:41.469,1.51041,1.51064,1.00,1.12
2015.12.14 20:44:41.621,1.51043,1.51065,1.00,1.37
2015.12.14 20:44:42.126,1.51042,1.51065,1.00,1.37
2015.12.14 20:44:43.267,1.51041,1.51065,1.00,1.37
2015.12.14 20:44:46.365,1.51042,1.51066,1.00,1.37
2015.12.14 20:44:46.416,1.51042,1.51066,1.37,1.00
2015.12.14 20:44:46.466,1.51045,1.51066,1.00,1.00
2015.12.14 20:44:46.584,1.51042,1.51068,2.25,1.00
2015.12.14 20:44:46.688,1.51043,1.5107,1.50,1.12
2015.12.14 20:44:46.891,1.51044,1.51066,1.00,1.00
2015.12.14 20:44:47.043,1.51042,1.51067,1.12,1.37
2015.12.14 20:44:47.350,1.51044,1.51067,1.00,1.37
2015.12.14 20:44:47.653,1.51043,1.5107,1.87,1.50
2015.12.14 20:44:48.183,1.51044,1.51071,1.00,3.00
2015.12.14 20:44:49.439,1.51043,1.51071,1.12,1.87
2015.12.14 20:44:49.641,1.5104,1.51063,1.00,1.37
2015.12.14 20:44:49.692,1.51038,1.51063,1.87,1.37
2015.12.14 20:44:50.235,1.51039,1.51063,1.00,1.37
2015.12.14 20:44:50.590,1.51037,1.51064,1.50,1.37
2015.12.14 20:44:51.096,1.51035,1.51063,2.25,2.62
2015.12.14 20:44:51.318,1.51032,1.51056,1.50,1.37
2015.12.14 20:44:51.572,1.51028,1.51055,1.50,1.37
2015.12.14 20:44:52.543,1.51028,1.51055,1.00,1.87
2015.12.14 20:44:52.833,1.51034,1.51058,1.00,3.07
2015.12.14 20:44:52.934,1.51037,1.5106,1.00,2.32
2015.12.14 20:44:53.345,1.51037,1.51062,1.87,1.12
2015.12.14 20:44:53.730,1.51037,1.51051,1.00,1.37
2015.12.14 20:44:53.781,1.51034,1.51051,1.50,1.37
2015.12.14 20:44:53.933,1.5103,1.51052,1.12,1.37
2015.12.14 20:44:54.147,1.51028,1.51054,1.87,1.87
2015.12.14 20:44:54.248,1.51028,1.5105,2.62,1.37
2015.12.14 20:44:54.552,1.51028,1.51054,1.87,1.87
2015.12.14 20:44:55.334,1.51026,1.51053,3.37,1.87
2015.12.14 20:44:55.436,1.51026,1.51051,1.00,1.37
2015.12.14 20:44:56.604,1.51028,1.51051,1.00,1.37
2015.12.14 20:44:56.852,1.51028,1.51053,1.00,1.37
2015.12.14 20:44:57.439,1.51029,1.51053,1.00,1.87
2015.12.14 20:44:57.844,1.51028,1.5105,1.00,1.37
2015.12.14 20:44:57.946,1.51025,1.5105,1.00,1.37
2015.12.14 20:44:58.453,1.51026,1.5105,1.00,1.37
2015.12.14 20:44:59.960,1.51026,1.51051,1.00,1.87
2015.12.14 20:45:00.466,1.51027,1.51052,1.00,1.37
2015.12.14 20:45:00.618,1.51029,1.51052,1.00,1.37
2015.12.14 20:45:00.801,1.51027,1.51052,1.00,1.37
2015.12.14 20:45:01.307,1.51028,1.51053,1.00,2.25
2015.12.14 20:45:01.561,1.51026,1.51053,1.00,2.25
2015.12.14 20:45:01.817,1.51028,1.51053,1.00,2.25
2015.12.14 20:45:02.171,1.5103,1.51053,1.00,2.25
2015.12.14 20:45:02.928,1.51032,1.51053,1.00,1.87
2015.12.14 20:45:02.979,1.51032,1.51057,1.50,1.50
2015.12.14 20:45:03.030,1.51032,1.51057,1.50,1.50
2015.12.14 20:45:03.081,1.51034,1.51057,1.00,1.12
2015.12.14 20:45:03.860,1.51037,1.51057,1.37,1.12
2015.12.14 20:45:04.064,1.51037,1.5106,1.00,1.00
2015.12.14 20:45:04.216,1.51039,1.5106,1.00,1.00
2015.12.14 20:45:04.267,1.51037,1.5106,1.50,1.00
2015.12.14 20:45:04.773,1.51035,1.51062,1.00,1.50
2015.12.14 20:45:04.824,1.51033,1.51061,1.12,1.12
2015.12.14 20:45:04.966,1.51032,1.51057,1.00,1.50
2015.12.14 20:45:05.269,1.51029,1.51056,1.50,1.37
2015.12.14 20:45:05.522,1.51029,1.51053,1.87,1.00
2015.12.14 20:45:05.826,1.51032,1.51056,1.00,1.37
2015.12.14 20:45:06.198,1.51033,1.51056,1.37,1.37
2015.12.14 20:45:06.299,1.51032,1.51056,1.87,1.37
2015.12.14 20:45:06.553,1.51032,1.51056,1.87,1.00
2015.12.14 20:45:07.058,1.51032,1.51059,1.50,1.87
2015.12.14 20:45:07.640,1.51032,1.51059,1.87,1.50
2015.12.14 20:45:07.741,1.51035,1.51059,1.00,1.50
2015.12.14 20:45:08.304,1.51035,1.51057,1.00,1.37
2015.12.14 20:45:08.405,1.51035,1.51058,1.00,1.00
2015.12.14 20:45:08.949,1.51035,1.51059,1.00,1.50
2015.12.14 20:45:09.101,1.51035,1.51059,1.00,2.62
2015.12.14 20:45:09.494,1.51035,1.51056,1.00,1.37
2015.12.14 20:45:09.596,1.51035,1.51058,1.00,1.37
2015.12.14 20:45:10.119,1.51035,1.51059,1.00,3.37
2015.12.14 20:45:10.172,1.51035,1.51059,1.00,2.25
2015.12.14 20:45:10.722,1.51035,1.51059,1.00,3.37
2015.12.14 20:45:10.773,1.51035,1.51059,1.00,1.50
2015.12.14 20:45:11.279,1.51035,1.51057,1.50,1.37
2015.12.14 20:45:11.712,1.51035,1.51052,1.50,1.37
2015.12.14 20:45:11.813,1.51035,1.51055,1.50,1.37
2015.12.14 20:45:12.504,1.51034,1.51055,1.00,1.37
2015.12.14 20:45:12.656,1.5103,1.51055,1.50,1.37
2015.12.14 20:45:12.707,1.5103,1.51056,1.50,1.50
2015.12.14 20:45:12.997,1.51032,1.51056,1.00,1.50
2015.12.14 20:45:13.553,1.51031,1.51056,1.00,1.50
2015.12.14 20:45:13.856,1.5103,1.51052,1.00,1.00
2015.12.14 20:45:14.160,1.51028,1.51053,2.25,1.37
2015.12.14 20:45:14.368,1.51028,1.5105,1.00,1.00
2015.12.14 20:45:14.469,1.51023,1.51047,1.12,1.12
2015.12.14 20:45:14.722,1.5102,1.51047,2.25,2.25
2015.12.14 20:45:14.823,1.5102,1.51043,1.00,1.00
2015.12.14 20:45:14.925,1.51018,1.51045,2.62,1.12
2015.12.14 20:45:14.976,1.5102,1.51045,1.00,1.12
2015.12.14 20:45:15.279,1.51025,1.51046,1.00,1.37
2015.12.14 20:45:15.330,1.51025,1.5105,1.00,3.00
2015.12.14 20:45:15.502,1.51028,1.51049,1.00,1.00
2015.12.14 20:45:16.027,1.51027,1.5105,1.00,1.37
2015.12.14 20:45:16.335,1.5103,1.51052,1.00,1.12
2015.12.14 20:45:16.751,1.51031,1.51054,1.00,1.00
2015.12.14 20:45:16.904,1.51033,1.51056,1.00,1.50
2015.12.14 20:45:17.208,1.51036,1.51056,1.00,1.37
2015.12.14 20:45:18.067,1.51036,1.51057,1.00,1.12
2015.12.14 20:45:18.288,1.51038,1.5106,1.00,1.50
2015.12.14 20:45:19.274,1.51038,1.51061,1.00,1.50
2015.12.14 20:45:19.798,1.51039,1.51061,1.00,1.00
2015.12.14 20:45:20.152,1.51043,1.51061,1.00,1.00
2015.12.14 20:45:20.673,1.51043,1.51065,1.00,1.75
2015.12.14 20:45:21.356,1.51041,1.51065,1.50,1.37
2015.12.14 20:45:21.898,1.51041,1.51065,1.50,1.37
2015.12.14 20:45:22.682,1.51044,1.51065,1.00,1.37
2015.12.14 20:45:22.907,1.51042,1.51066,1.00,2.25
2015.12.14 20:45:23.008,1.51046,1.51066,1.00,1.87
2015.12.14 20:45:23.211,1.51042,1.51063,1.00,1.37
2015.12.14 20:45:23.413,1.51042,1.51062,1.00,2.62
2015.12.14 20:45:23.465,1.51036,1.51059,1.00,1.37
2015.12.14 20:45:24.006,1.51035,1.5106,1.00,1.87
2015.12.14 20:45:24.517,1.51033,1.51059,1.50,2.25
2015.12.14 20:45:25.059,1.51032,1.51058,1.87,1.12
2015.12.14 20:45:25.185,1.51032,1.51058,1.50,1.37
2015.12.14 20:45:25.686,1.51032,1.51056,1.00,1.50
2015.12.14 20:45:25.737,1.51032,1.51056,1.00,1.00
2015.12.14 20:45:26.241,1.51033,1.51057,1.00,1.37
2015.12.14 20:45:26.990,1.51034,1.51057,1.00,1.37
2015.12.14 20:45:27.041,1.51035,1.51057,1.00,1.00
2015.12.14 20:45:27.193,1.51037,1.51057,1.00,1.00
2015.12.14 20:45:27.295,1.51037,1.5106,1.00,1.00
2015.12.14 20:45:27.533,1.51041,1.51063,1.00,2.25
2015.12.14 20:45:28.139,1.51041,1.51063,1.00,2.25
2015.12.14 20:45:28.645,1.51041,1.51062,1.00,1.87
2015.12.14 20:45:29.999,1.51041,1.51056,1.00,1.00
2015.12.14 20:45:30.151,1.51033,1.51054,1.00,1.12
2015.12.14 20:45:30.253,1.51033,1.51053,1.00,1.75
2015.12.14 20:45:30.563,1.5103,1.51053,1.00,1.87
2015.12.14 20:45:31.070,1.51029,1.51048,1.00,1.00
2015.12.14 20:45:31.172,1.51021,1.51043,1.37,1.00
2015.12.14 20:45:31.224,1.51019,1.51041,1.12,1.00
2015.12.14 20:45:31.325,1.51019,1.5104,1.00,1.37
2015.12.14 20:45:31.427,1.51015,1.51037,1.50,1.37
2015.12.14 20:45:31.707,1.51013,1.51037,1.50,1.37
2015.12.14 20:45:32.112,1.51013,1.51018,1.00,1.80
2015.12.14 20:45:32.568,1.5101,1.51018,1.00,1.05
2015.12.14 20:45:32.815,1.51008,1.51018,1.00,1.05
2015.12.14 20:45:32.866,1.5101,1.51018,1.00,1.05
2015.12.14 20:45:32.917,1.51007,1.51018,1.00,1.05
2015.12.14 20:45:33.221,1.51005,1.51018,1.00,1.05
2015.12.14 20:45:33.424,1.51007,1.51018,1.00,1.80
2015.12.14 20:45:33.728,1.51005,1.51018,1.00,1.80
2015.12.14 20:45:37.377,1.51003,1.51018,1.00,2.10
2015.12.14 20:45:38.421,1.51006,1.51018,1.00,1.80
2015.12.14 20:45:38.771,1.51011,1.51018,1.00,1.50
2015.12.14 20:45:38.823,1.51011,1.51018,1.00,1.50
2015.12.14 20:45:39.515,1.5101,1.51018,1.00,1.50
2015.12.14 20:45:39.920,1.51013,1.51018,1.00,1.87
2015.12.14 20:45:40.021,1.51011,1.51018,1.00,1.20
2015.12.14 20:45:40.566,1.51011,1.51019,1.00,1.95
2015.12.14 20:45:40.820,1.51009,1.51019,1.00,1.95
2015.12.14 20:45:41.706,1.51007,1.51018,1.00,1.05
2015.12.14 20:45:42.212,1.51007,1.51017,1.00,1.00
2015.12.14 20:45:42.718,1.51006,1.51018,1.00,2.02
2015.12.14 20:45:42.971,1.51009,1.51018,1.00,1.20
2015.12.14 20:45:43.511,1.51013,1.51018,1.00,1.80
2015.12.14 20:45:43.764,1.51011,1.51018,1.00,1.50
2015.12.14 20:45:44.271,1.51012,1.51019,1.00,2.02
2015.12.14 20:45:45.718,1.51013,1.51019,1.00,2.10
2015.12.14 20:45:46.224,1.51014,1.51018,1.00,1.57
2015.12.14 20:45:46.395,1.51016,1.51021,1.00,1.20
2015.12.14 20:45:47.154,1.51018,1.51024,1.37,1.30
2015.12.14 20:45:47.256,1.51016,1.51022,1.87,1.95
2015.12.14 20:45:47.357,1.51016,1.51021,1.12,1.95
2015.12.14 20:45:49.247,1.51015,1.51019,1.50,1.87
2015.12.14 20:45:49.753,1.51016,1.51022,1.37,1.80
2015.12.14 20:45:50.284,1.51015,1.51019,1.00,1.20
2015.12.14 20:45:50.758,1.51019,1.51025,1.37,1.42
2015.12.14 20:45:51.264,1.51019,1.51025,1.37,2.02
2015.12.14 20:45:51.761,1.51017,1.51023,1.37,2.02
2015.12.14 20:45:52.369,1.51015,1.5102,1.47,2.02
2015.12.14 20:45:52.911,1.51015,1.51021,1.37,2.17
2015.12.14 20:45:53.063,1.51017,1.51023,1.37,2.17
2015.12.14 20:45:53.164,1.51015,1.51021,1.87,1.95
2015.12.14 20:45:54.394,1.51019,1.51025,1.37,2.10
2015.12.14 20:45:54.563,1.51016,1.51022,1.12,2.10
2015.12.14 20:45:54.867,1.51018,1.51024,1.37,1.00
2015.12.14 20:45:54.969,1.51016,1.51022,1.37,1.65
2015.12.14 20:45:55.070,1.51014,1.51019,1.37,1.57
2015.12.14 20:45:55.583,1.51014,1.51018,1.00,1.30
2015.12.14 20:45:55.700,1.51014,1.5102,1.87,1.30
2015.12.14 20:45:56.005,1.51006,1.51018,2.62,1.30
2015.12.14 20:45:56.056,1.51006,1.51018,1.87,1.95
2015.12.14 20:45:56.107,1.51004,1.51018,1.50,1.95
2015.12.14 20:45:56.792,1.51002,1.51018,1.87,2.10
2015.12.14 20:45:56.893,1.51003,1.51018,2.62,2.10
2015.12.14 20:45:57.197,1.5101,1.51019,1.00,1.57
2015.12.14 20:45:57.501,1.51017,1.51023,1.00,1.12
2015.12.14 20:45:58.039,1.51018,1.51024,1.00,1.20
2015.12.14 20:45:58.496,1.51019,1.51034,1.00,2.25
2015.12.14 20:45:59.154,1.51019,1.51023,1.00,1.35
2015.12.14 20:46:00.201,1.51017,1.51022,1.00,1.35
2015.12.14 20:46:00.720,1.51015,1.51021,1.00,1.27
2015.12.14 20:46:01.554,1.51014,1.5102,2.25,1.20
2015.12.14 20:46:02.162,1.51014,1.51019,1.50,1.50
2015.12.14 20:46:02.213,1.51021,1.51025,1.00,1.50
2015.12.14 20:46:02.264,1.51023,1.51034,1.00,1.00
2015.12.14 20:46:02.366,1.51025,1.51037,1.00,1.50
2015.12.14 20:46:02.468,1.51026,1.51043,1.00,1.00
2015.12.14 20:46:02.592,1.51028,1.5105,1.00,1.47
2015.12.14 20:46:02.693,1.51028,1.51051,1.00,1.12
2015.12.14 20:46:02.795,1.51023,1.51049,1.37,1.00
2015.12.14 20:46:02.998,1.51026,1.51051,1.00,1.50
2015.12.14 20:46:03.301,1.51028,1.51051,1.50,1.37
2015.12.14 20:46:03.849,1.5103,1.51052,1.00,1.37
2015.12.14 20:46:03.900,1.5103,1.51054,1.00,2.62
2015.12.14 20:46:04.203,1.5103,1.51054,1.00,1.12
2015.12.14 20:46:04.507,1.51029,1.51054,1.00,3.00
2015.12.14 20:46:04.829,1.51029,1.51054,1.00,1.50
2015.12.14 20:46:05.032,1.5103,1.51052,1.00,1.37
2015.12.14 20:46:05.133,1.5103,1.51054,1.00,1.50
2015.12.14 20:46:05.679,1.51031,1.51054,1.00,1.00
2015.12.14 20:46:05.730,1.51031,1.51049,1.00,1.37
2015.12.14 20:46:05.831,1.51031,1.51054,1.00,1.12
2015.12.14 20:46:06.337,1.51031,1.51055,1.00,1.50
2015.12.14 20:46:06.388,1.51031,1.51055,1.00,1.00
2015.12.14 20:46:06.489,1.51031,1.51051,1.00,1.37
2015.12.14 20:46:06.691,1.51031,1.51054,1.00,1.50
2015.12.14 20:46:06.793,1.51031,1.51056,1.00,2.25
2015.12.14 20:46:07.007,1.51031,1.51056,1.00,1.50
2015.12.14 20:46:07.834,1.51031,1.51055,1.00,1.37
2015.12.14 20:46:07.936,1.51032,1.51056,1.00,1.37
2015.12.14 20:46:07.987,1.51035,1.51056,1.00,1.37
2015.12.14 20:46:08.139,1.51035,1.51058,1.00,1.12
2015.12.14 20:46:08.240,1.51035,1.51056,1.00,1.37
2015.12.14 20:46:08.291,1.51035,1.51058,1.00,1.12
2015.12.14 20:46:08.594,1.51035,1.51058,1.50,2.25
2015.12.14 20:46:09.018,1.51035,1.51058,1.00,1.50
2015.12.14 20:46:09.119,1.51035,1.51055,1.00,1.37
2015.12.14 20:46:09.322,1.51035,1.51057,1.00,1.57
2015.12.14 20:46:10.094,1.51035,1.51053,1.00,1.37
2015.12.14 20:46:10.198,1.51035,1.51055,1.00,1.47
2015.12.14 20:46:11.143,1.51035,1.51058,1.00,2.62
2015.12.14 20:46:11.932,1.51035,1.51058,1.00,1.87
2015.12.14 20:46:12.322,1.51035,1.51057,1.00,1.50
2015.12.14 20:46:12.861,1.51032,1.51057,1.00,1.50
2015.12.14 20:46:13.063,1.5103,1.51057,1.00,2.70
2015.12.14 20:46:13.114,1.5103,1.51054,1.00,1.50
2015.12.14 20:46:15.239,1.5103,1.51053,1.00,1.00
2015.12.14 20:46:16.123,1.51029,1.51053,1.00,1.50
2015.12.14 20:46:16.174,1.51027,1.51051,1.50,1.00
2015.12.14 20:46:16.326,1.51029,1.51047,1.00,1.37
2015.12.14 20:46:16.520,1.5103,1.51049,1.00,1.37
2015.12.14 20:46:16.622,1.51028,1.51049,1.00,1.47
2015.12.14 20:46:17.127,1.51028,1.5105,1.00,1.37
2015.12.14 20:46:17.827,1.5103,1.5105,1.00,1.37
2015.12.14 20:46:17.928,1.5103,1.51051,1.00,1.50
2015.12.14 20:46:18.224,1.5103,1.51053,1.00,1.12
2015.12.14 20:46:20.235,1.5103,1.51053,1.50,1.87
2015.12.14 20:46:21.292,1.51034,1.51053,1.00,1.50
2015.12.14 20:46:21.343,1.51034,1.51053,1.00,1.00
2015.12.14 20:46:21.394,1.51032,1.51053,1.00,1.00
2015.12.14 20:46:22.429,1.51032,1.51054,1.00,1.75
2015.12.14 20:46:23.888,1.5103,1.51054,1.00,2.32
2015.12.14 20:46:24.049,1.51029,1.51051,1.50,1.37
2015.12.14 20:46:25.755,1.51027,1.51048,1.00,1.37
2015.12.14 20:46:25.958,1.51027,1.5105,1.00,1.50
2015.12.14 20:46:26.161,1.51031,1.51051,1.00,1.50
2015.12.14 20:46:26.263,1.51029,1.51049,1.00,1.00
2015.12.14 20:46:26.769,1.51029,1.5105,1.00,1.12
2015.12.14 20:46:28.916,1.51031,1.5105,1.00,1.00
2015.12.14 20:46:29.118,1.51029,1.51049,1.00,1.00
2015.12.14 20:46:30.971,1.51027,1.5105,1.00,1.12
2015.12.14 20:46:31.073,1.51024,1.51048,1.00,1.12
2015.12.14 20:46:31.224,1.51024,1.51048,1.00,2.25
2015.12.14 20:46:31.731,1.51024,1.51045,1.00,1.00
2015.12.14 20:46:32.142,1.51026,1.51045,1.00,1.00
2015.12.14 20:46:32.446,1.51024,1.51045,1.00,1.12
2015.12.14 20:46:32.972,1.51024,1.51044,1.00,1.12
2015.12.14 20:46:33.023,1.51026,1.51044,1.00,1.12
2015.12.14 20:46:33.531,1.51025,1.51046,1.00,2.25
2015.12.14 20:46:34.158,1.51025,1.51044,1.00,1.50
2015.12.14 20:46:34.884,1.51025,1.51045,1.00,1.57
2015.12.14 20:46:36.877,1.51023,1.51042,1.00,1.37
2015.12.14 20:46:36.979,1.51018,1.51045,1.50,1.75
2015.12.14 20:46:37.080,1.51018,1.51042,1.00,1.87
2015.12.14 20:46:37.427,1.51018,1.51022,1.00,1.35
2015.12.14 20:46:37.731,1.51021,1.51025,1.00,1.35
2015.12.14 20:46:38.241,1.51022,1.51028,1.00,1.80
2015.12.14 20:46:38.748,1.51021,1.51037,1.00,1.37
2015.12.14 20:46:38.849,1.51021,1.51043,1.00,1.37
2015.12.14 20:46:38.951,1.51021,1.51038,1.00,1.37
2015.12.14 20:46:39.052,1.51021,1.51044,1.00,1.75
2015.12.14 20:46:39.103,1.51021,1.51044,1.00,1.37
2015.12.14 20:46:39.205,1.51021,1.51044,1.00,1.00
2015.12.14 20:46:39.256,1.51021,1.51043,1.00,1.37
2015.12.14 20:46:39.765,1.51022,1.51044,1.00,1.12
2015.12.14 20:46:40.270,1.51022,1.51042,1.00,1.37
2015.12.14 20:46:40.423,1.5102,1.51044,1.00,1.75
2015.12.14 20:46:40.474,1.51019,1.51037,1.00,1.00
2015.12.14 20:46:40.777,1.51017,1.51033,1.00,1.00
2015.12.14 20:46:41.057,1.51017,1.51035,1.00,1.00
2015.12.14 20:46:41.108,1.51019,1.51035,1.00,1.00
2015.12.14 20:46:41.412,1.51019,1.51033,1.00,1.00
2015.12.14 20:46:41.463,1.51018,1.51036,1.00,1.00
2015.12.14 20:46:41.513,1.51021,1.51036,1.00,1.00
2015.12.14 20:46:41.926,1.51019,1.51035,1.00,1.00
2015.12.14 20:46:41.977,1.51019,1.51039,1.00,1.00
2015.12.14 20:46:42.130,1.51019,1.51041,1.00,1.00
2015.12.14 20:46:42.181,1.51019,1.51037,1.00,1.00
2015.12.14 20:46:42.660,1.51021,1.51036,1.00,1.00
2015.12.14 20:46:42.712,1.51019,1.51036,1.00,1.00
2015.12.14 20:46:42.763,1.51019,1.51034,1.00,2.25
2015.12.14 20:46:43.079,1.51021,1.51036,1.00,1.00
2015.12.14 20:46:43.394,1.51018,1.51033,1.12,2.25
2015.12.14 20:46:44.051,1.51018,1.51037,1.00,1.00
2015.12.14 20:46:44.151,1.51018,1.51041,1.00,1.12
2015.12.14 20:46:44.202,1.51018,1.51039,1.00,1.37
2015.12.14 20:46:44.304,1.51018,1.51042,1.12,1.87
2015.12.14 20:46:44.355,1.5102,1.51042,1.00,1.87
2015.12.14 20:46:44.811,1.5102,1.51042,1.00,1.50
2015.12.14 20:46:44.913,1.5102,1.51045,1.00,1.75
2015.12.14 20:46:45.482,1.5102,1.51045,1.00,1.75
2015.12.14 20:46:46.117,1.51022,1.51045,1.00,1.75
2015.12.14 20:46:46.907,1.51022,1.51044,1.00,1.50
2015.12.14 20:46:47.413,1.51022,1.51045,1.00,1.87
2015.12.14 20:46:47.919,1.51022,1.51046,1.37,1.37
2015.12.14 20:46:48.460,1.51023,1.51047,1.12,1.37
2015.12.14 20:46:48.764,1.51023,1.51044,1.12,1.37
2015.12.14 20:46:48.815,1.51023,1.51046,1.12,1.37
2015.12.14 20:46:48.917,1.51023,1.51047,1.00,1.00
2015.12.14 20:46:51.808,1.51023,1.51048,1.00,1.85
2015.12.14 20:46:53.724,1.51023,1.51047,1.00,1.85
2015.12.14 20:46:56.198,1.51021,1.51047,1.50,3.00
2015.12.14 20:46:56.470,1.51021,1.51042,1.00,1.00
2015.12.14 20:46:56.811,1.5101,1.51035,2.25,1.87
2015.12.14 20:46:57.749,1.5101,1.51034,2.25,1.50
2015.12.14 20:47:00.125,1.5101,1.51034,1.00,1.50
2015.12.14 20:47:00.636,1.51009,1.51032,1.00,1.50
2015.12.14 20:47:01.799,1.51009,1.51029,1.00,1.37
2015.12.14 20:47:02.521,1.51006,1.51029,1.12,1.47
2015.12.14 20:47:03.051,1.51005,1.51028,1.87,1.00
2015.12.14 20:47:03.102,1.51008,1.51028,1.00,1.00
2015.12.14 20:47:03.304,1.51006,1.51028,1.12,1.37
2015.12.14 20:47:03.457,1.51008,1.51028,1.00,1.47
2015.12.14 20:47:03.609,1.51006,1.51028,1.12,1.12
2015.12.14 20:47:03.711,1.51006,1.51017,1.12,1.00
2015.12.14 20:47:03.813,1.51009,1.51024,1.00,1.00
2015.12.14 20:47:03.914,1.51007,1.51017,1.00,1.00
2015.12.14 20:47:04.117,1.51009,1.51021,1.00,1.00
2015.12.14 20:47:04.218,1.51007,1.51021,1.00,1.00
2015.12.14 20:47:04.421,1.51009,1.51021,1.00,1.00
2015.12.14 20:47:04.563,1.51007,1.51021,1.00,1.00
2015.12.14 20:47:04.715,1.51009,1.51021,1.00,1.00
2015.12.14 20:47:04.868,1.51007,1.51021,1.00,1.00
2015.12.14 20:47:05.020,1.51008,1.51023,1.00,1.00
2015.12.14 20:47:05.222,1.51007,1.51017,1.00,1.00
2015.12.14 20:47:05.425,1.51009,1.51024,1.00,1.00
2015.12.14 20:47:05.476,1.51007,1.51024,1.00,1.00
2015.12.14 20:47:05.527,1.51007,1.51021,1.00,1.00
2015.12.14 20:47:05.882,1.51004,1.51021,1.00,1.00
2015.12.14 20:47:05.933,1.51004,1.51017,1.00,1.00
2015.12.14 20:47:06.034,1.51002,1.51017,1.00,1.00
2015.12.14 20:47:06.459,1.51003,1.5102,1.00,1.00
2015.12.14 20:47:06.764,1.51008,1.5102,1.00,1.00
2015.12.14 20:47:07.270,1.51008,1.51021,1.00,1.00
2015.12.14 20:47:07.523,1.51008,1.51027,1.00,1.37
2015.12.14 20:47:07.726,1.5101,1.51027,1.00,1.00
2015.12.14 20:47:08.434,1.5101,1.51023,1.00,1.50
2015.12.14 20:47:08.536,1.5101,1.51026,1.00,1.00
2015.12.14 20:47:08.778,1.5101,1.51022,1.00,1.50
2015.12.14 20:47:08.830,1.5101,1.51025,1.00,1.00
2015.12.14 20:47:09.336,1.5101,1.51022,1.00,1.50
2015.12.14 20:47:09.539,1.5101,1.51027,1.00,1.12
2015.12.14 20:47:09.843,1.51008,1.51022,1.00,1.50
2015.12.14 20:47:10.096,1.51006,1.51022,1.00,1.50
2015.12.14 20:47:10.357,1.51008,1.51022,1.00,1.50
2015.12.14 20:47:10.863,1.51006,1.51023,1.00,1.50
2015.12.14 20:47:11.042,1.51008,1.51022,1.00,1.50
2015.12.14 20:47:11.143,1.51008,1.51026,1.00,1.87
2015.12.14 20:47:11.195,1.51006,1.51026,1.00,1.87
2015.12.14 20:47:11.246,1.51006,1.51022,1.00,1.00
2015.12.14 20:47:11.449,1.51007,1.51027,1.00,1.00
2015.12.14 20:47:11.500,1.51005,1.51021,1.00,1.00
2015.12.14 20:47:12.007,1.51005,1.51022,1.00,1.00
2015.12.14 20:47:12.463,1.51007,1.51021,1.00,1.00
2015.12.14 20:47:12.514,1.51005,1.51025,1.00,1.37
2015.12.14 20:47:12.565,1.51003,1.51025,1.00,1.00
2015.12.14 20:47:12.616,1.51003,1.5102,1.00,1.00
2015.12.14 20:47:12.958,1.51007,1.51021,1.00,1.00
2015.12.14 20:47:13.111,1.51008,1.51024,1.00,1.00
2015.12.14 20:47:13.649,1.5101,1.51024,1.00,1.00
2015.12.14 20:47:13.750,1.51008,1.51024,1.00,1.00
2015.12.14 20:47:13.852,1.5101,1.51024,1.00,1.00
2015.12.14 20:47:14.408,1.51008,1.51025,1.00,1.50
2015.12.14 20:47:14.459,1.5101,1.51025,1.00,1.50
2015.12.14 20:47:14.561,1.5101,1.51027,1.00,1.00
2015.12.14 20:47:14.816,1.5101,1.51023,1.00,1.00
2015.12.14 20:47:15.121,1.51013,1.51029,1.00,1.00
2015.12.14 20:47:15.172,1.51013,1.51025,1.00,1.00
2015.12.14 20:47:15.578,1.51013,1.51029,1.00,1.00
2015.12.14 20:47:15.827,1.51013,1.51022,1.00,1.00
2015.12.14 20:47:15.878,1.51011,1.51022,1.00,1.00
2015.12.14 20:47:15.929,1.51011,1.51029,1.00,1.00
2015.12.14 20:47:16.674,1.51011,1.51026,1.00,1.00
2015.12.14 20:47:16.775,1.51009,1.51026,1.00,1.00
2015.12.14 20:47:16.978,1.51009,1.51029,1.00,1.00
2015.12.14 20:47:17.079,1.51009,1.51026,1.00,1.00
2015.12.14 20:47:17.282,1.5101,1.51029,1.00,1.00
2015.12.14 20:47:17.383,1.5101,1.51025,1.00,1.00
2015.12.14 20:47:17.586,1.5101,1.51029,1.00,1.00
2015.12.14 20:47:17.788,1.51012,1.51029,1.00,1.00
2015.12.14 20:47:17.911,1.5101,1.51029,1.00,1.00
2015.12.14 20:47:18.063,1.51012,1.51026,1.00,1.00
2015.12.14 20:47:18.165,1.51012,1.51029,1.00,1.00
2015.12.14 20:47:18.367,1.51011,1.51025,1.00,1.00
2015.12.14 20:47:18.577,1.51012,1.51029,1.00,1.00
2015.12.14 20:47:18.679,1.51012,1.51025,1.00,1.00
2015.12.14 20:47:18.881,1.51012,1.51029,1.00,1.50
2015.12.14 20:47:19.033,1.51009,1.51029,1.00,1.50
2015.12.14 20:47:19.084,1.51012,1.51029,1.00,1.50
2015.12.14 20:47:19.186,1.5101,1.51029,1.00,1.50
2015.12.14 20:47:19.287,1.5101,1.51026,1.00,1.00
2015.12.14 20:47:19.793,1.51011,1.51025,1.00,1.00
2015.12.14 20:47:19.933,1.51009,1.51026,1.00,1.00
2015.12.14 20:47:20.085,1.51011,1.51026,1.00,1.00
2015.12.14 20:47:20.592,1.5101,1.51026,1.00,1.00
2015.12.14 20:47:21.098,1.51007,1.51026,1.00,1.50
2015.12.14 20:47:21.453,1.51008,1.51022,1.00,1.00
2015.12.14 20:47:21.504,1.51004,1.51022,1.87,1.00
2015.12.14 20:47:21.683,1.51002,1.51021,1.00,1.00
2015.12.14 20:47:21.734,1.51,1.51022,1.00,1.87
2015.12.14 20:47:21.786,1.51,1.51019,1.00,1.00
2015.12.14 20:47:22.090,1.50998,1.51019,1.50,1.00
2015.12.14 20:47:22.141,1.50998,1.51015,1.00,1.00
2015.12.14 20:47:22.242,1.50996,1.51015,1.00,1.00
2015.12.14 20:47:22.446,1.50998,1.51013,1.00,1.00
2015.12.14 20:47:22.700,1.50997,1.51015,1.00,1.00
2015.12.14 20:47:22.890,1.50997,1.51017,1.00,1.00
2015.12.14 20:47:23.348,1.51004,1.51016,1.00,1.00
2015.12.14 20:47:23.450,1.51004,1.51023,1.00,1.50
2015.12.14 20:47:23.804,1.51007,1.51023,1.00,1.00
2015.12.14 20:47:24.154,1.5101,1.51024,1.00,1.00
2015.12.14 20:47:24.256,1.51011,1.51028,1.00,1.00
2015.12.14 20:47:24.511,1.51008,1.51028,1.00,1.00
2015.12.14 20:47:24.562,1.51008,1.51022,1.00,1.00
2015.12.14 20:47:25.068,1.51008,1.51028,1.00,1.12
2015.12.14 20:47:25.744,1.51008,1.51025,1.00,1.00
2015.12.14 20:47:26.048,1.51007,1.51023,1.00,1.50
2015.12.14 20:47:26.251,1.51008,1.51025,1.00,1.00
2015.12.14 20:47:26.656,1.5101,1.51025,1.00,1.00
2015.12.14 20:47:27.289,1.51009,1.51025,1.00,1.00
2015.12.14 20:47:28.348,1.51009,1.51029,1.00,1.12
2015.12.14 20:47:29.493,1.51017,1.5103,1.00,1.87
2015.12.14 20:47:29.646,1.5102,1.51039,1.00,1.50
2015.12.14 20:47:29.849,1.5102,1.5104,1.00,1.37
2015.12.14 20:47:30.103,1.51022,1.5104,1.00,1.00
2015.12.14 20:47:30.511,1.51024,1.51041,1.00,1.12
2015.12.14 20:47:30.612,1.51022,1.51041,1.00,1.12
2015.12.14 20:47:31.069,1.51025,1.51044,1.00,1.00
2015.12.14 20:47:31.476,1.51025,1.51046,1.00,1.00
2015.12.14 20:47:31.755,1.51025,1.51046,1.00,1.87
2015.12.14 20:47:31.806,1.51023,1.51046,1.00,2.62
2015.12.14 20:47:32.313,1.51023,1.51045,1.00,1.47
2015.12.14 20:47:32.617,1.5102,1.51043,1.12,1.12
2015.12.14 20:47:32.669,1.51023,1.51046,1.00,2.25
2015.12.14 20:47:33.188,1.51023,1.51041,1.00,1.37
2015.12.14 20:47:33.290,1.51023,1.51043,1.00,1.50
2015.12.14 20:47:33.696,1.51021,1.51044,1.00,1.50
2015.12.14 20:47:33.798,1.51018,1.51041,1.00,1.00
2015.12.14 20:47:34.001,1.51018,1.51036,1.00,1.37
2015.12.14 20:47:34.103,1.51018,1.51039,1.00,1.37
2015.12.14 20:47:34.204,1.51017,1.51036,1.00,1.37
2015.12.14 20:47:34.407,1.51014,1.51037,1.00,2.32
2015.12.14 20:47:34.581,1.51014,1.51033,1.00,1.37
2015.12.14 20:47:34.633,1.51012,1.51033,1.00,1.37
2015.12.14 20:47:34.785,1.51011,1.5103,1.00,1.37
2015.12.14 20:47:34.892,1.5101,1.51033,1.00,1.37
2015.12.14 20:47:35.146,1.5101,1.51025,1.00,1.00
2015.12.14 20:47:35.653,1.51009,1.51025,1.00,1.00
2015.12.14 20:47:35.907,1.51004,1.51022,1.00,1.00
2015.12.14 20:47:36.370,1.51006,1.51022,1.00,1.00
2015.12.14 20:47:36.826,1.51002,1.51021,1.12,1.00
2015.12.14 20:47:37.309,1.51004,1.51022,1.00,1.00
2015.12.14 20:47:37.360,1.51002,1.51024,1.00,1.00
2015.12.14 20:47:37.877,1.51002,1.51019,1.00,1.00
2015.12.14 20:47:38.180,1.51002,1.51024,1.00,1.00
2015.12.14 20:47:38.484,1.51002,1.51019,1.00,1.00
2015.12.14 20:47:38.585,1.51,1.51019,1.50,1.00
2015.12.14 20:47:38.636,1.51002,1.51019,1.00,1.00
2015.12.14 20:47:38.688,1.51,1.51019,1.50,1.00
2015.12.14 20:47:38.881,1.51002,1.51019,1.00,1.00
2015.12.14 20:47:39.388,1.51001,1.5102,1.37,1.00
2015.12.14 20:47:39.490,1.50997,1.5102,1.57,1.00
2015.12.14 20:47:39.592,1.50996,1.51019,1.00,1.00
2015.12.14 20:47:39.694,1.50992,1.51016,1.37,1.00
2015.12.14 20:47:40.070,1.50995,1.51018,1.00,1.12
2015.12.14 20:47:40.374,1.50995,1.51018,1.00,2.25
2015.12.14 20:47:40.577,1.50995,1.51018,1.00,1.12
2015.12.14 20:47:40.678,1.50993,1.51016,1.87,1.00
2015.12.14 20:47:40.932,1.50999,1.51022,1.00,1.00
2015.12.14 20:47:41.187,1.50997,1.51019,1.87,1.00
2015.12.14 20:47:41.501,1.50997,1.51018,1.00,1.37
2015.12.14 20:47:41.908,1.50998,1.51021,1.00,3.00
2015.12.14 20:47:42.486,1.50998,1.51021,1.00,3.00
2015.12.14 20:47:42.695,1.50997,1.51017,1.00,1.87
2015.12.14 20:47:42.746,1.50995,1.51017,1.00,1.87
2015.12.14 20:47:42.915,1.50995,1.51017,1.00,1.12
2015.12.14 20:47:43.421,1.50997,1.51017,1.00,1.00
2015.12.14 20:47:43.574,1.50994,1.51017,1.00,1.12
2015.12.14 20:47:43.726,1.50994,1.51017,1.00,2.25
2015.12.14 20:47:43.878,1.50994,1.51017,1.00,1.50
2015.12.14 20:47:44.208,1.5099,1.51013,1.12,1.12
2015.12.14 20:47:44.563,1.50992,1.51014,1.00,1.87
2015.12.14 20:47:44.868,1.50995,1.51014,1.00,1.50
2015.12.14 20:47:44.919,1.50992,1.51014,1.00,1.50
2015.12.14 20:47:45.020,1.50994,1.51013,1.00,1.00
2015.12.14 20:47:45.122,1.5099,1.51012,1.00,1.00
2015.12.14 20:47:45.173,1.50993,1.51013,1.00,1.00
2015.12.14 20:47:45.455,1.50989,1.51012,1.00,1.00
2015.12.14 20:47:45.506,1.50991,1.51014,1.00,2.25
2015.12.14 20:47:45.812,1.50991,1.51012,1.00,1.12
2015.12.14 20:47:46.342,1.50995,1.51012,1.00,1.00
2015.12.14 20:47:46.444,1.50992,1.51012,1.00,1.12
2015.12.14 20:47:46.986,1.50993,1.51012,1.00,1.12
2015.12.14 20:47:47.391,1.50989,1.51012,1.00,1.87
2015.12.14 20:47:47.442,1.50992,1.51012,1.00,1.12
2015.12.14 20:47:47.750,1.50992,1.5101,1.00,1.00
2015.12.14 20:47:48.066,1.50994,1.5101,1.00,1.00
2015.12.14 20:47:48.117,1.50992,1.5101,1.00,1.00
2015.12.14 20:47:48.286,1.50994,1.5101,1.00,1.00
2015.12.14 20:47:48.451,1.50992,1.5101,1.00,1.00
2015.12.14 20:47:48.733,1.50987,1.5101,2.25,1.50
2015.12.14 20:47:49.307,1.50992,1.5101,1.00,1.00
2015.12.14 20:47:49.510,1.5099,1.5101,1.12,1.00
2015.12.14 20:47:49.612,1.50992,1.5101,1.00,1.00
2015.12.14 20:47:49.815,1.50989,1.5101,1.37,1.00
2015.12.14 20:47:49.966,1.50993,1.51009,1.00,1.00
2015.12.14 20:47:50.068,1.5099,1.51009,1.12,1.12
2015.12.14 20:47:50.321,1.50993,1.51009,1.00,1.00
2015.12.14 20:47:50.415,1.50989,1.51009,1.37,1.00
2015.12.14 20:47:50.618,1.50993,1.51009,1.00,1.00
2015.12.14 20:47:50.720,1.5099,1.51009,1.50,1.00
2015.12.14 20:47:50.922,1.50993,1.51009,1.00,1.00
2015.12.14 20:47:51.235,1.5099,1.51006,1.37,1.00
2015.12.14 20:47:51.894,1.5099,1.51006,1.12,1.00
2015.12.14 20:47:52.267,1.50987,1.51006,1.12,1.00
2015.12.14 20:47:52.370,1.50984,1.51004,1.75,1.00
2015.12.14 20:47:52.422,1.50984,1.51004,1.00,1.00
2015.12.14 20:47:53.095,1.50984,1.51004,1.37,1.00
2015.12.14 20:47:54.625,1.50984,1.51004,1.00,1.00
2015.12.14 20:47:54.778,1.50984,1.51002,1.00,1.00
2015.12.14 20:47:55.311,1.50983,1.51002,1.12,1.00
2015.12.14 20:47:56.031,1.50983,1.51002,1.87,1.00
2015.12.14 20:47:56.234,1.50983,1.51002,1.00,1.00
2015.12.14 20:47:56.437,1.50983,1.51002,2.25,1.00
2015.12.14 20:47:56.539,1.50983,1.51002,1.00,1.00
2015.12.14 20:47:57.305,1.50983,1.51002,1.50,1.00
2015.12.14 20:47:57.407,1.50982,1.51002,1.50,1.00
2015.12.14 20:47:57.609,1.50983,1.51002,1.50,1.00
2015.12.14 20:47:57.812,1.50981,1.51002,1.50,1.00
2015.12.14 20:47:58.308,1.50983,1.51002,1.50,1.00
2015.12.14 20:47:58.612,1.50982,1.51002,1.00,1.00
2015.12.14 20:47:58.816,1.50984,1.51002,1.37,1.00
2015.12.14 20:47:58.918,1.50982,1.51002,1.50,1.00
2015.12.14 20:47:59.130,1.50984,1.51002,1.37,1.00
2015.12.14 20:47:59.536,1.50987,1.51001,1.37,1.00
2015.12.14 20:47:59.739,1.50982,1.51002,1.00,1.00
2015.12.14 20:47:59.840,1.50983,1.51002,1.37,1.00
2015.12.14 20:48:00.145,1.50985,1.51002,1.37,1.00
2015.12.14 20:48:00.246,1.50983,1.51002,1.37,1.00
2015.12.14 20:48:00.646,1.50981,1.51002,2.25,1.00
2015.12.14 20:48:01.160,1.50984,1.51002,1.37,1.00
2015.12.14 20:48:01.211,1.50982,1.51002,1.50,1.00
2015.12.14 20:48:01.832,1.50982,1.51003,1.50,1.50
2015.12.14 20:48:01.991,1.50982,1.51003,1.00,1.50
2015.12.14 20:48:02.497,1.50982,1.51002,1.00,1.00
2015.12.14 20:48:03.004,1.5098,1.51002,1.75,1.00
2015.12.14 20:48:03.576,1.5098,1.51003,3.00,1.00
2015.12.14 20:48:04.121,1.5098,1.51004,2.32,1.00
2015.12.14 20:48:04.628,1.5098,1.51003,2.32,1.00
2015.12.14 20:48:04.730,1.50985,1.51003,1.37,1.00
2015.12.14 20:48:04.831,1.50983,1.51003,1.37,1.00
2015.12.14 20:48:05.241,1.50981,1.51003,1.75,1.00
2015.12.14 20:48:05.569,1.50985,1.51003,1.37,1.00
2015.12.14 20:48:05.823,1.50983,1.51004,1.37,1.00
2015.12.14 20:48:06.127,1.50981,1.51004,1.75,1.00
2015.12.14 20:48:06.228,1.50984,1.51004,1.37,1.00
2015.12.14 20:48:06.330,1.50982,1.51004,1.50,1.00
2015.12.14 20:48:06.734,1.50983,1.51001,1.00,1.00
2015.12.14 20:48:06.887,1.50977,1.50998,1.87,1.00
2015.12.14 20:48:06.938,1.50977,1.50998,1.00,1.00
2015.12.14 20:48:07.373,1.50977,1.51002,1.50,1.00
2015.12.14 20:48:07.424,1.50978,1.51002,1.37,1.00
2015.12.14 20:48:07.728,1.50977,1.50999,1.50,1.00
2015.12.14 20:48:08.032,1.50977,1.50999,2.25,1.50
2015.12.14 20:48:08.540,1.50976,1.50999,2.25,1.50
2015.12.14 20:48:09.337,1.50976,1.50997,2.25,1.00
2015.12.14 20:48:10.171,1.50977,1.50998,1.50,1.00
2015.12.14 20:48:10.324,1.50983,1.51004,1.00,1.00
2015.12.14 20:48:10.375,1.50986,1.51006,1.37,1.00
2015.12.14 20:48:10.680,1.50987,1.51011,1.12,1.00
2015.12.14 20:48:10.731,1.50989,1.51011,1.37,1.00
2015.12.14 20:48:11.294,1.50989,1.51012,2.25,1.00
2015.12.14 20:48:11.812,1.50989,1.51013,2.25,1.00
2015.12.14 20:48:13.520,1.50989,1.51012,1.75,1.00
2015.12.14 20:48:13.824,1.50989,1.5101,1.75,1.00
2015.12.14 20:48:14.372,1.50987,1.5101,1.75,1.00
2015.12.14 20:48:14.864,1.5099,1.5101,1.37,1.00
2015.12.14 20:48:14.974,1.50988,1.51011,1.50,1.00
2015.12.14 20:48:15.076,1.50992,1.51011,1.37,1.00
2015.12.14 20:48:15.380,1.50982,1.50999,1.37,1.00
2015.12.14 20:48:15.482,1.50979,1.50999,1.37,1.00
2015.12.14 20:48:15.878,1.50977,1.50999,1.37,1.00
2015.12.14 20:48:16.031,1.50977,1.50992,1.37,1.00
2015.12.14 20:48:16.386,1.50977,1.50998,1.37,1.00
2015.12.14 20:48:16.539,1.50978,1.51,1.12,1.12
2015.12.14 20:48:16.692,1.50982,1.51003,1.37,1.00
2015.12.14 20:48:16.946,1.50982,1.51005,1.37,1.50
2015.12.14 20:48:17.078,1.50985,1.51006,1.37,1.00
2015.12.14 20:48:17.179,1.50982,1.51006,2.25,1.00
2015.12.14 20:48:17.535,1.50984,1.51008,1.00,1.50
2015.12.14 20:48:17.588,1.50986,1.51008,1.37,1.50
2015.12.14 20:48:18.045,1.50988,1.51008,1.37,1.00
2015.12.14 20:48:18.557,1.50988,1.51009,1.37,1.00
2015.12.14 20:48:20.955,1.50987,1.51009,1.50,1.00
2015.12.14 20:48:21.158,1.50987,1.51009,1.00,1.00
2015.12.14 20:48:21.664,1.50986,1.51009,1.37,1.00
2015.12.14 20:48:21.767,1.50984,1.51006,1.50,1.00
2015.12.14 20:48:22.053,1.50984,1.51007,1.00,1.00
2015.12.14 20:48:22.566,1.50984,1.51008,1.87,1.00
2015.12.14 20:48:23.073,1.50985,1.51008,1.37,1.00
2015.12.14 20:48:23.606,1.50984,1.51008,2.32,1.00
2015.12.14 20:48:24.170,1.50985,1.51008,1.37,1.00
2015.12.14 20:48:27.586,1.50986,1.51008,1.37,1.00
2015.12.14 20:48:27.912,1.50986,1.51005,1.37,1.00
2015.12.14 20:48:28.216,1.50985,1.51007,1.37,1.00
2015.12.14 20:48:28.369,1.50989,1.51007,1.37,1.00
2015.12.14 20:48:28.888,1.50988,1.51008,1.47,1.00
2015.12.14 20:48:29.202,1.50987,1.51006,1.37,1.00
2015.12.14 20:48:29.304,1.50985,1.51006,1.37,1.00
2015.12.14 20:48:29.406,1.50983,1.51006,1.47,1.00
2015.12.14 20:48:29.811,1.50983,1.51003,1.47,1.00
2015.12.14 20:48:30.369,1.50982,1.50998,1.37,1.00
2015.12.14 20:48:30.578,1.50977,1.50998,1.37,1.00
2015.12.14 20:48:30.681,1.50977,1.50996,1.37,1.00
2015.12.14 20:48:30.783,1.50977,1.50997,1.12,1.00
2015.12.14 20:48:31.240,1.50977,1.50995,1.00,1.00
2015.12.14 20:48:31.544,1.50977,1.50993,1.12,1.00
2015.12.14 20:48:32.094,1.50977,1.50992,1.00,1.00
2015.12.14 20:48:32.499,1.50977,1.50989,1.00,1.00
2015.12.14 20:48:32.905,1.50977,1.50985,1.00,1.00
2015.12.14 20:48:33.090,1.50968,1.5098,1.00,1.00
2015.12.14 20:48:33.293,1.50968,1.50982,1.00,1.00
2015.12.14 20:48:33.445,1.50968,1.5098,1.00,1.00
2015.12.14 20:48:33.749,1.50967,1.50978,2.17,1.00
2015.12.14 20:48:34.053,1.50968,1.5098,1.00,1.50
2015.12.14 20:48:34.497,1.50968,1.50978,1.00,1.00
2015.12.14 20:48:35.003,1.50968,1.5098,1.00,1.00
2015.12.14 20:48:35.155,1.50968,1.50978,1.00,1.00
2015.12.14 20:48:35.662,1.50968,1.50977,1.00,1.00
2015.12.14 20:48:36.194,1.50968,1.50978,1.00,1.00
2015.12.14 20:48:36.347,1.50968,1.50981,1.00,1.50
2015.12.14 20:48:36.499,1.50968,1.50984,1.00,1.00
2015.12.14 20:48:36.701,1.50968,1.50982,1.00,1.00
2015.12.14 20:48:37.057,1.50968,1.5098,1.00,1.00
2015.12.14 20:48:37.564,1.50968,1.50979,1.00,1.00
2015.12.14 20:48:38.508,1.50968,1.50977,1.00,1.00
2015.12.14 20:48:39.808,1.50967,1.50977,1.50,1.00
2015.12.14 20:48:40.133,1.50968,1.50975,1.00,1.00
2015.12.14 20:48:41.257,1.50967,1.50975,2.32,1.00
2015.12.14 20:48:41.769,1.50968,1.50976,1.00,1.00
2015.12.14 20:48:42.378,1.50967,1.50975,1.42,1.00
2015.12.14 20:48:44.883,1.50967,1.50978,1.57,1.00
2015.12.14 20:48:44.937,1.50967,1.5098,1.27,1.00
2015.12.14 20:48:45.091,1.50967,1.50982,2.02,1.00
2015.12.14 20:48:45.244,1.50967,1.5098,2.77,1.00
2015.12.14 20:48:45.751,1.50968,1.50982,1.00,1.00
2015.12.14 20:48:46.005,1.50968,1.5098,1.00,1.00
2015.12.14 20:48:46.738,1.50967,1.5098,2.55,1.00
2015.12.14 20:48:47.244,1.50968,1.5098,1.50,1.00
2015.12.14 20:48:48.749,1.50967,1.5098,2.85,1.00
2015.12.14 20:48:49.253,1.50968,1.5098,1.00,1.00
2015.12.14 20:48:49.949,1.50967,1.5098,2.85,1.00
2015.12.14 20:48:50.803,1.50967,1.50984,2.17,1.37
2015.12.14 20:48:50.854,1.50968,1.50984,1.00,1.00
2015.12.14 20:48:50.906,1.50968,1.50988,1.00,1.00
2015.12.14 20:48:50.957,1.50977,1.50988,1.00,1.00
2015.12.14 20:48:51.276,1.50977,1.50985,1.00,1.00
2015.12.14 20:48:51.580,1.50968,1.50985,1.00,1.00
2015.12.14 20:48:51.935,1.50968,1.50982,1.00,1.00
2015.12.14 20:48:51.986,1.50968,1.50985,1.00,1.00
2015.12.14 20:48:52.037,1.50968,1.50987,1.00,1.12
2015.12.14 20:48:52.089,1.50977,1.50988,1.00,1.37
2015.12.14 20:48:52.191,1.50977,1.5099,1.00,1.00
2015.12.14 20:48:52.703,1.50976,1.5099,1.00,1.00
2015.12.14 20:48:52.754,1.50976,1.50988,1.00,1.00
2015.12.14 20:48:53.261,1.50976,1.50986,1.00,1.00
2015.12.14 20:48:53.717,1.50976,1.5099,1.00,1.37
2015.12.14 20:48:54.267,1.50977,1.5099,1.00,1.00
2015.12.14 20:48:55.724,1.50977,1.50991,1.00,1.00
2015.12.14 20:48:56.028,1.50977,1.50987,1.00,1.00
2015.12.14 20:48:56.332,1.50977,1.5099,1.00,1.12
2015.12.14 20:48:57.927,1.50977,1.50988,1.00,1.00
2015.12.14 20:48:58.230,1.50977,1.50986,1.00,1.00
2015.12.14 20:48:58.791,1.50968,1.50986,1.00,1.00
2015.12.14 20:48:59.975,1.50968,1.50984,1.50,1.00
2015.12.14 20:49:00.279,1.50968,1.50981,1.50,1.00
2015.12.14 20:49:01.004,1.50967,1.50981,2.55,1.00
2015.12.14 20:49:01.411,1.50968,1.50979,1.00,1.00
2015.12.14 20:49:01.917,1.50968,1.50977,1.00,1.00
2015.12.14 20:49:03.012,1.50967,1.50977,1.00,1.00
2015.12.14 20:49:03.366,1.50968,1.5098,1.00,1.00
2015.12.14 20:49:03.569,1.50968,1.50977,1.00,1.00
2015.12.14 20:49:03.620,1.50968,1.50979,1.00,1.00
2015.12.14 20:49:04.382,1.50968,1.50977,1.00,1.00
2015.12.14 20:49:05.716,1.50967,1.50976,1.00,1.00
2015.12.14 20:49:06.261,1.50968,1.50977,1.00,1.00
2015.12.14 20:49:07.017,1.50967,1.50977,1.00,1.00
2015.12.14 20:49:07.688,1.50968,1.50977,1.00,1.00
2015.12.14 20:49:10.426,1.50967,1.50977,2.85,1.00
2015.12.14 20:49:10.939,1.50968,1.50978,1.00,1.00
2015.12.14 20:49:14.390,1.50968,1.50976,1.00,1.00
2015.12.14 20:49:14.722,1.50968,1.50972,1.00,1.12
2015.12.14 20:49:15.229,1.50959,1.50966,1.65,1.00
2015.12.14 20:49:17.612,1.50958,1.50963,1.80,1.00
2015.12.14 20:49:18.038,1.50957,1.50963,1.95,1.00
2015.12.14 20:49:18.429,1.50943,1.50963,1.00,1.00
2015.12.14 20:49:18.917,1.50942,1.50957,1.00,1.00
2015.12.14 20:49:19.019,1.50936,1.50957,1.50,1.00
2015.12.14 20:49:19.070,1.50936,1.50957,1.12,1.00
2015.12.14 20:49:19.121,1.50939,1.50961,1.00,1.87
2015.12.14 20:49:19.436,1.50936,1.50956,1.00,1.00
2015.12.14 20:49:19.487,1.50934,1.50956,1.12,1.00
2015.12.14 20:49:21.537,1.50935,1.50956,1.00,1.00
2015.12.14 20:49:21.701,1.50938,1.50959,1.00,1.37
2015.12.14 20:49:21.803,1.5094,1.50963,1.00,1.57
2015.12.14 20:49:22.258,1.50943,1.50963,1.00,1.00
2015.12.14 20:49:23.914,1.50941,1.50963,1.12,1.00
2015.12.14 20:49:27.476,1.5094,1.50961,1.12,1.00
2015.12.14 20:49:27.805,1.50936,1.50958,1.37,1.12
2015.12.14 20:49:27.907,1.50935,1.50958,1.87,1.12
2015.12.14 20:49:28.261,1.50934,1.50956,2.62,1.00
2015.12.14 20:49:28.694,1.50932,1.50953,1.57,1.00
2015.12.14 20:49:29.126,1.5093,1.50953,2.25,1.00
2015.12.14 20:49:29.685,1.5093,1.50957,1.50,1.50
2015.12.14 20:49:30.314,1.5093,1.50956,1.12,1.37
2015.12.14 20:49:33.995,1.50931,1.50957,1.00,1.50
2015.12.14 20:49:34.500,1.50931,1.50957,1.37,1.37
2015.12.14 20:49:35.051,1.50931,1.50957,1.12,1.50
2015.12.14 20:49:35.705,1.50931,1.50957,1.12,1.50
2015.12.14 20:49:37.851,1.50928,1.50957,1.75,2.25
2015.12.14 20:49:37.901,1.50929,1.50957,1.00,2.25
2015.12.14 20:49:38.404,1.5093,1.50957,1.00,2.25
2015.12.14 20:49:38.767,1.5093,1.50957,1.87,2.25
2015.12.14 20:49:38.882,1.5093,1.50957,2.25,2.25
2015.12.14 20:49:39.419,1.5093,1.50957,1.50,1.87
2015.12.14 20:49:39.984,1.5093,1.50957,1.50,1.87
2015.12.14 20:49:40.986,1.5093,1.50957,2.25,1.12
2015.12.14 20:49:41.678,1.50933,1.50956,1.00,1.00
2015.12.14 20:49:41.883,1.50935,1.50957,1.00,1.12
2015.12.14 20:49:42.137,1.50942,1.50965,1.00,1.50
2015.12.14 20:49:42.592,1.50944,1.50967,1.00,1.87
2015.12.14 20:49:42.896,1.50946,1.50967,1.00,1.00
2015.12.14 20:49:42.947,1.50946,1.50969,1.00,1.00
2015.12.14 20:49:43.371,1.5095,1.50969,1.00,1.00
2015.12.14 20:49:43.688,1.50948,1.50969,1.00,1.00
2015.12.14 20:49:43.841,1.50962,1.50969,1.57,1.00
2015.12.14 20:49:44.145,1.50947,1.50969,1.00,1.00
2015.12.14 20:49:44.668,1.50946,1.50969,1.00,1.00
2015.12.14 20:49:44.719,1.50945,1.50967,1.00,1.00
2015.12.14 20:49:45.267,1.50953,1.50967,1.00,1.00
2015.12.14 20:49:45.369,1.5095,1.50967,1.00,1.00
2015.12.14 20:49:45.752,1.50953,1.50967,1.00,1.00
2015.12.14 20:49:45.894,1.5095,1.50967,2.25,1.00
2015.12.14 20:49:45.995,1.50954,1.50967,1.50,1.00
2015.12.14 20:49:46.798,1.50954,1.50964,1.50,1.00
2015.12.14 20:49:46.900,1.50944,1.50958,1.50,1.00
2015.12.14 20:49:47.002,1.50934,1.50956,1.75,1.00
2015.12.14 20:49:47.205,1.50933,1.50956,1.87,1.00
2015.12.14 20:49:47.736,1.50933,1.50956,1.12,1.50
2015.12.14 20:49:48.271,1.50931,1.50955,2.62,1.00
2015.12.14 20:49:50.513,1.50931,1.50953,1.37,1.00
2015.12.14 20:49:50.564,1.5093,1.50953,1.00,1.00
2015.12.14 20:49:51.605,1.50929,1.50953,1.50,1.00
2015.12.14 20:49:52.161,1.50931,1.50954,1.00,1.87
2015.12.14 20:50:00.412,1.50929,1.50952,1.50,1.00
2015.12.14 20:50:00.918,1.50929,1.50952,1.37,1.00
2015.12.14 20:50:01.919,1.50931,1.50953,1.00,1.00
2015.12.14 20:50:03.180,1.50932,1.50956,1.12,1.37
2015.12.14 20:50:04.040,1.50932,1.50956,1.12,1.12
2015.12.14 20:50:08.182,1.50931,1.50955,1.87,1.00
2015.12.14 20:50:08.711,1.50931,1.50955,1.87,1.00
2015.12.14 20:50:09.332,1.50933,1.50956,2.25,1.00
2015.12.14 20:50:09.858,1.50935,1.50959,1.00,1.00
2015.12.14 20:50:09.910,1.5094,1.50963,1.00,1.00
2015.12.14 20:50:10.214,1.5094,1.50964,1.75,1.00
2015.12.14 20:50:10.317,1.5094,1.50966,1.75,1.50
2015.12.14 20:50:10.469,1.50944,1.50968,1.87,1.00
2015.12.14 20:50:10.772,1.50964,1.50969,1.30,1.00
2015.12.14 20:50:11.755,1.50964,1.50968,1.30,1.00
2015.12.14 20:50:12.173,1.50962,1.50966,1.30,1.00
2015.12.14 20:50:12.478,1.50958,1.50964,1.30,1.00
2015.12.14 20:50:13.024,1.5094,1.50963,2.62,1.00
2015.12.14 20:50:13.075,1.50938,1.50961,1.50,1.00
2015.12.14 20:50:13.177,1.50938,1.50959,1.00,1.00
2015.12.14 20:50:13.379,1.50936,1.50961,2.25,1.50
2015.12.14 20:50:13.481,1.50936,1.50959,1.50,1.00
2015.12.14 20:50:14.042,1.50933,1.50956,2.25,1.00
2015.12.14 20:50:14.262,1.50934,1.50958,1.50,1.00
2015.12.14 20:50:14.602,1.50933,1.50956,2.25,1.00
2015.12.14 20:50:14.757,1.50934,1.50958,1.37,1.00
2015.12.14 20:50:14.859,1.50937,1.50959,1.37,1.00
2015.12.14 20:50:14.961,1.50937,1.50961,1.87,1.00
2015.12.14 20:50:15.289,1.50935,1.50959,2.25,1.00
2015.12.14 20:50:15.445,1.50936,1.50962,1.50,1.00
2015.12.14 20:50:15.607,1.50941,1.5096,1.00,1.00
2015.12.14 20:50:15.709,1.50941,1.50965,1.00,1.00
2015.12.14 20:50:15.760,1.50943,1.50966,1.37,1.00
2015.12.14 20:50:16.078,1.50959,1.50967,1.05,1.00
2015.12.14 20:50:17.186,1.50964,1.50971,1.05,1.87
2015.12.14 20:50:17.288,1.50959,1.50967,1.05,1.00
2015.12.14 20:50:17.591,1.50958,1.50965,1.05,1.00
2015.12.14 20:50:18.902,1.50941,1.50965,2.62,1.00
2015.12.14 20:50:22.764,1.50941,1.50965,2.62,1.50
2015.12.14 20:50:22.905,1.50941,1.50963,1.87,1.00
2015.12.14 20:50:23.006,1.50941,1.50961,1.12,1.00
2015.12.14 20:50:23.209,1.50938,1.50959,1.00,1.00
2015.12.14 20:50:23.722,1.50936,1.50959,1.37,1.50
2015.12.14 20:50:24.230,1.50937,1.50959,1.87,1.00
2015.12.14 20:50:24.735,1.50937,1.5096,1.37,1.00
2015.12.14 20:50:25.077,1.50937,1.50957,1.37,1.00
2015.12.14 20:50:25.179,1.50936,1.50957,1.12,1.00
2015.12.14 20:50:27.063,1.50936,1.50959,1.12,1.00
2015.12.14 20:50:28.374,1.50936,1.50958,1.00,1.00
2015.12.14 20:50:28.527,1.50934,1.50958,1.12,1.00
2015.12.14 20:50:32.497,1.50936,1.5096,1.00,1.87
2015.12.14 20:50:32.852,1.50936,1.50958,1.00,1.00
2015.12.14 20:50:33.005,1.50934,1.50958,1.87,1.50
2015.12.14 20:50:33.517,1.50933,1.50957,1.00,1.12
2015.12.14 20:50:33.891,1.50932,1.50955,1.12,1.00
2015.12.14 20:50:34.412,1.50932,1.50955,1.00,1.37
2015.12.14 20:50:34.822,1.50933,1.50957,1.00,1.12
2015.12.14 20:50:35.414,1.50932,1.50957,1.87,1.87
2015.12.14 20:50:35.574,1.50934,1.50957,1.00,1.12
2015.12.14 20:50:36.079,1.50934,1.50959,1.00,1.87
2015.12.14 20:50:36.569,1.50936,1.50959,1.00,1.87
2015.12.14 20:50:37.352,1.50934,1.50956,1.50,1.00
2015.12.14 20:50:39.490,1.50933,1.50956,1.00,1.00
2015.12.14 20:50:40.029,1.50932,1.50956,1.00,1.12
2015.12.14 20:50:40.335,1.50934,1.50958,1.00,1.37
2015.12.14 20:50:40.841,1.50935,1.50958,1.00,1.87
2015.12.14 20:50:41.805,1.50935,1.50958,1.00,1.87
2015.12.14 20:50:42.613,1.50934,1.50958,1.00,1.87
2015.12.14 20:50:43.919,1.50934,1.50958,1.00,1.87
2015.12.14 20:50:44.173,1.50932,1.50956,1.12,1.00
2015.12.14 20:50:45.093,1.50932,1.50956,1.50,1.37
2015.12.14 20:50:45.599,1.50933,1.50958,1.00,1.37
2015.12.14 20:50:46.057,1.50931,1.50956,1.87,1.12
2015.12.14 20:50:46.488,1.50933,1.50957,1.00,1.37
2015.12.14 20:50:47.017,1.50933,1.50956,1.00,1.37
2015.12.14 20:50:47.765,1.50934,1.50959,1.00,1.37
2015.12.14 20:50:47.969,1.50939,1.50964,1.50,1.00
2015.12.14 20:50:48.019,1.50941,1.50965,1.00,1.00
2015.12.14 20:50:48.346,1.50943,1.50967,1.00,1.37
2015.12.14 20:50:48.802,1.50958,1.50965,1.87,1.00
2015.12.14 20:50:49.398,1.50958,1.50967,1.87,1.00
2015.12.14 20:50:49.901,1.50958,1.50968,1.87,1.50
2015.12.14 20:50:50.408,1.50958,1.50968,1.87,1.50
2015.12.14 20:50:50.955,1.50958,1.50968,1.42,1.50
2015.12.14 20:50:51.809,1.50957,1.50968,1.87,1.50
2015.12.14 20:50:53.556,1.50957,1.50968,1.87,2.25
2015.12.14 20:50:54.085,1.50957,1.50967,1.87,1.00
2015.12.14 20:50:54.688,1.50944,1.50967,1.00,1.12
2015.12.14 20:50:54.789,1.50951,1.50967,1.00,1.12
2015.12.14 20:50:55.067,1.50956,1.50974,1.42,1.00
2015.12.14 20:50:55.118,1.50965,1.50974,1.00,1.00
2015.12.14 20:50:55.426,1.50956,1.50975,1.42,1.12
2015.12.14 20:50:55.528,1.50965,1.50976,1.00,1.37
2015.12.14 20:50:55.731,1.50967,1.50978,2.02,1.00
2015.12.14 20:50:55.883,1.50967,1.50985,2.17,1.50
2015.12.14 20:50:56.137,1.50967,1.50986,1.42,1.37
2015.12.14 20:50:57.195,1.50968,1.50985,1.00,1.12
2015.12.14 20:50:57.704,1.50968,1.50985,1.00,1.37
2015.12.14 20:50:58.273,1.50968,1.50985,1.00,1.87
2015.12.14 20:50:59.264,1.50968,1.50985,1.00,1.87
2015.12.14 20:50:59.416,1.50966,1.50985,1.80,1.87
2015.12.14 20:51:00.001,1.50968,1.50983,1.00,1.37
2015.12.14 20:51:00.457,1.50967,1.50982,1.10,1.37
2015.12.14 20:51:03.874,1.50967,1.50982,1.10,1.37
2015.12.14 20:51:04.633,1.50968,1.50983,1.00,1.37
2015.12.14 20:51:04.898,1.50968,1.50983,1.00,1.12
2015.12.14 20:51:05.433,1.50967,1.50984,1.10,1.37
2015.12.14 20:51:05.942,1.50967,1.50984,1.10,1.37
2015.12.14 20:51:06.094,1.50967,1.50986,1.30,1.37
2015.12.14 20:51:07.442,1.50968,1.50988,1.00,1.87
2015.12.14 20:51:07.973,1.50967,1.50988,1.72,1.87
2015.12.14 20:51:08.495,1.50968,1.50986,1.00,1.37
2015.12.14 20:51:09.155,1.50967,1.50988,1.72,1.87
2015.12.14 20:51:09.762,1.50968,1.50988,1.00,1.37
2015.12.14 20:51:10.312,1.50967,1.50987,1.72,1.37
2015.12.14 20:51:10.823,1.50968,1.50988,1.00,1.37
2015.12.14 20:51:11.317,1.50968,1.50989,1.00,1.37
2015.12.14 20:51:11.925,1.50968,1.50987,1.00,1.00
2015.12.14 20:51:15.913,1.50968,1.5098,1.00,1.00
2015.12.14 20:51:16.601,1.50968,1.50981,1.00,1.00
2015.12.14 20:51:17.418,1.50968,1.50984,1.00,1.00
2015.12.14 20:51:17.621,1.50968,1.50981,1.00,1.00
2015.12.14 20:51:18.025,1.50968,1.50983,1.00,1.00
2015.12.14 20:51:18.125,1.50968,1.50981,1.00,1.00
2015.12.14 20:51:19.339,1.50968,1.50982,1.00,1.00
2015.12.14 20:51:19.972,1.50968,1.5098,1.00,1.00
2015.12.14 20:51:21.504,1.50968,1.50979,1.00,1.00
2015.12.14 20:51:22.031,1.50967,1.50979,1.42,1.00
2015.12.14 20:51:22.644,1.50968,1.50979,1.00,1.00
2015.12.14 20:51:22.960,1.50968,1.50978,1.00,1.00
2015.12.14 20:51:23.643,1.50968,1.50979,1.00,1.00
2015.12.14 20:51:26.003,1.50968,1.50978,1.00,1.00
2015.12.14 20:51:26.308,1.50967,1.50975,1.00,1.00
2015.12.14 20:51:26.409,1.50966,1.50977,2.02,1.00
2015.12.14 20:51:26.926,1.50966,1.50979,2.02,1.00
2015.12.14 20:51:27.467,1.50967,1.50979,2.17,1.00
2015.12.14 20:51:28.010,1.50968,1.50979,1.00,1.00
2015.12.14 20:51:28.532,1.50967,1.50979,2.17,1.00
2015.12.14 20:51:31.147,1.50967,1.5098,2.47,1.00
2015.12.14 20:51:31.401,1.50967,1.50982,1.72,1.00
2015.12.14 20:51:32.507,1.50967,1.50986,1.05,1.12
2015.12.14 20:51:32.609,1.50977,1.5099,1.00,1.00
2015.12.14 20:51:32.965,1.50977,1.50992,1.00,1.00
2015.12.14 20:51:33.503,1.50977,1.50993,1.00,1.00
2015.12.14 20:51:34.022,1.50977,1.50995,1.00,1.00
2015.12.14 20:51:35.973,1.50976,1.50995,1.00,1.00
2015.12.14 20:51:36.814,1.50977,1.50989,1.00,1.00
2015.12.14 20:51:37.140,1.50977,1.50984,1.00,1.00
2015.12.14 20:51:37.394,1.50967,1.50984,1.10,1.00
2015.12.14 20:51:37.900,1.50967,1.50982,1.42,1.00
2015.12.14 20:51:38.229,1.50967,1.50979,1.50,1.00
2015.12.14 20:51:38.381,1.50967,1.50982,1.50,1.00
2015.12.14 20:51:38.737,1.50967,1.50984,1.50,1.12
2015.12.14 20:51:38.788,1.50966,1.50979,2.17,1.00
2015.12.14 20:51:38.890,1.50966,1.50982,2.17,1.00
2015.12.14 20:51:39.396,1.50966,1.50984,2.17,1.87
2015.12.14 20:51:39.928,1.50966,1.50982,2.17,1.00
2015.12.14 20:51:40.083,1.50966,1.50984,2.17,1.00
2015.12.14 20:51:40.287,1.50968,1.50988,1.00,1.00
2015.12.14 20:51:40.389,1.50977,1.50993,1.00,1.00
2015.12.14 20:51:40.940,1.50977,1.50994,1.00,1.00
2015.12.14 20:51:41.259,1.50977,1.50992,1.00,1.00
2015.12.14 20:51:41.412,1.50977,1.50994,1.00,1.00
2015.12.14 20:51:41.766,1.50977,1.50992,1.00,1.00
2015.12.14 20:51:42.086,1.50977,1.50994,1.00,1.00
2015.12.14 20:51:42.978,1.50977,1.50991,1.00,1.00
2015.12.14 20:51:43.485,1.50977,1.5099,1.00,1.00
2015.12.14 20:51:44.595,1.50977,1.50989,1.00,1.00
2015.12.14 20:51:44.792,1.50977,1.50992,1.00,1.00
2015.12.14 20:51:44.995,1.50977,1.50989,1.00,1.00
2015.12.14 20:51:45.047,1.50977,1.50991,1.00,1.00
2015.12.14 20:51:46.044,1.50977,1.50989,1.00,1.00
2015.12.14 20:51:46.371,1.50977,1.50985,1.00,1.00
2015.12.14 20:51:48.322,1.50968,1.50979,1.00,1.00
2015.12.14 20:51:48.831,1.50967,1.50978,1.05,1.00
2015.12.14 20:51:48.884,1.50967,1.5098,1.05,1.00
2015.12.14 20:51:49.487,1.50967,1.50985,1.05,1.50
2015.12.14 20:51:49.538,1.50977,1.50982,1.00,1.00
2015.12.14 20:51:49.640,1.50977,1.50986,1.00,1.00
2015.12.14 20:51:49.741,1.50967,1.50978,1.20,1.00
2015.12.14 20:51:49.843,1.50977,1.50983,1.00,1.00
2015.12.14 20:51:49.945,1.50967,1.50982,1.20,1.00
2015.12.14 20:51:50.073,1.50976,1.50985,1.00,1.00
2015.12.14 20:51:50.176,1.50966,1.50986,1.65,1.00
2015.12.14 20:51:50.277,1.50977,1.50986,1.00,1.00
2015.12.14 20:51:50.582,1.50967,1.50978,1.30,1.00
2015.12.14 20:51:51.410,1.50967,1.50974,1.65,1.00
2015.12.14 20:51:51.512,1.50967,1.50976,1.00,1.00
2015.12.14 20:51:51.869,1.50967,1.50974,1.35,1.00
2015.12.14 20:51:52.224,1.50967,1.50971,1.80,1.00
2015.12.14 20:51:52.557,1.50967,1.50971,1.00,1.00
2015.12.14 20:51:52.608,1.50967,1.50971,1.00,1.00
2015.12.14 20:51:52.659,1.50967,1.50974,1.72,1.00
2015.12.14 20:51:52.811,1.50967,1.50977,1.00,1.00
2015.12.14 20:51:53.115,1.50967,1.50979,1.00,1.00
2015.12.14 20:51:53.318,1.50967,1.50982,1.00,1.12
2015.12.14 20:51:54.311,1.50968,1.50982,1.00,1.00
2015.12.14 20:51:56.635,1.50968,1.50983,1.00,1.00
2015.12.14 20:51:56.737,1.50966,1.50986,1.95,1.00
2015.12.14 20:51:56.788,1.50977,1.50984,1.00,1.00
2015.12.14 20:51:56.839,1.50977,1.50986,1.00,1.00
2015.12.14 20:51:57.041,1.50977,1.50984,1.00,1.00
2015.12.14 20:51:57.092,1.50968,1.50986,1.12,1.00
2015.12.14 20:51:57.174,1.50977,1.50983,1.00,1.00
2015.12.14 20:51:57.225,1.50977,1.50985,1.00,1.00
2015.12.14 20:51:58.195,1.50977,1.50987,1.00,1.00
2015.12.14 20:51:58.348,1.50977,1.50984,1.00,1.00
2015.12.14 20:51:58.399,1.50968,1.5098,1.00,1.00
2015.12.14 20:51:58.948,1.50967,1.50979,1.30,1.00
2015.12.14 20:51:59.050,1.50967,1.50977,1.57,1.00
2015.12.14 20:51:59.861,1.50967,1.5098,1.80,1.00
2015.12.14 20:51:59.963,1.50967,1.50984,1.80,1.00
2015.12.14 20:52:00.194,1.50967,1.50981,1.80,1.00
2015.12.14 20:52:01.207,1.50977,1.50981,1.00,1.00
2015.12.14 20:52:01.754,1.50977,1.50982,1.00,1.00
2015.12.14 20:52:02.210,1.50968,1.50981,1.00,1.00
2015.12.14 20:52:02.312,1.50968,1.50978,1.00,1.00
2015.12.14 20:52:02.616,1.50967,1.50973,1.87,1.12
2015.12.14 20:52:02.912,1.50967,1.50976,1.65,1.12
2015.12.14 20:52:03.421,1.50966,1.50976,1.30,1.12
2015.12.14 20:52:04.135,1.50967,1.50974,1.00,1.00
2015.12.14 20:52:04.439,1.50964,1.50968,1.57,1.00
2015.12.14 20:52:05.499,1.50966,1.5097,1.57,1.00
2015.12.14 20:52:06.086,1.50967,1.50971,1.57,1.12
2015.12.14 20:52:06.340,1.50965,1.50969,1.57,1.00
2015.12.14 20:52:06.846,1.50966,1.5097,1.72,1.00
2015.12.14 20:52:08.798,1.50962,1.50967,1.12,1.00
2015.12.14 20:52:09.332,1.50962,1.50967,1.30,1.00
2015.12.14 20:52:10.130,1.50962,1.50969,1.30,1.37
2015.12.14 20:52:11.241,1.50966,1.50971,1.87,1.37
2015.12.14 20:52:12.446,1.50967,1.50971,1.95,1.00
2015.12.14 20:52:12.497,1.50964,1.50969,1.95,1.00
2015.12.14 20:52:15.617,1.50962,1.50967,1.05,1.00
2015.12.14 20:52:15.953,1.50961,1.50965,1.12,1.00
2015.12.14 20:52:16.422,1.50962,1.50967,1.57,1.00
2015.12.14 20:52:16.473,1.50948,1.50967,1.00,1.00
2015.12.14 20:52:16.979,1.50947,1.5097,1.00,1.37
2015.12.14 20:52:17.240,1.50963,1.5097,1.87,1.37
2015.12.14 20:52:17.848,1.50963,1.5097,1.87,1.12
2015.12.14 20:52:22.054,1.50963,1.50968,1.87,1.00
2015.12.14 20:52:24.693,1.50963,1.5097,1.10,1.12
2015.12.14 20:52:24.849,1.50967,1.50972,1.10,1.00
2015.12.14 20:52:26.378,1.50967,1.50971,1.00,1.00
2015.12.14 20:52:26.783,1.50967,1.50974,1.35,2.25
2015.12.14 20:52:27.036,1.50967,1.50976,1.27,1.50
2015.12.14 20:52:27.578,1.50967,1.50975,1.00,1.00
2015.12.14 20:52:27.629,1.50963,1.50968,1.00,1.00
2015.12.14 20:52:30.531,1.50961,1.50967,1.00,1.00
2015.12.14 20:52:31.088,1.50948,1.50965,1.00,1.00
2015.12.14 20:52:31.594,1.50947,1.50964,1.50,1.00
2015.12.14 20:52:32.314,1.50948,1.50964,1.00,1.00
2015.12.14 20:52:32.618,1.50942,1.50964,3.37,1.00
2015.12.14 20:52:32.963,1.50942,1.50962,3.37,1.00
2015.12.14 20:52:33.510,1.50942,1.50962,1.87,1.50
2015.12.14 20:52:33.813,1.50948,1.50962,1.00,1.00
2015.12.14 20:52:33.915,1.50944,1.50962,1.12,1.00
2015.12.14 20:52:34.017,1.50947,1.50962,1.00,1.00
2015.12.14 20:52:34.321,1.50943,1.50962,1.37,1.00
2015.12.14 20:52:35.340,1.50947,1.50962,1.50,1.50
2015.12.14 20:52:35.846,1.50948,1.50962,1.00,1.00
2015.12.14 20:52:36.494,1.50942,1.50962,3.37,1.00
2015.12.14 20:52:38.005,1.50947,1.50962,1.00,1.00
2015.12.14 20:52:38.587,1.50948,1.50963,1.00,1.00
2015.12.14 20:52:41.903,1.50948,1.50965,1.50,1.00
2015.12.14 20:52:42.573,1.50948,1.50964,1.50,1.00
2015.12.14 20:52:43.413,1.50948,1.50962,1.00,1.00
2015.12.14 20:52:43.963,1.50948,1.50961,1.00,1.00
2015.12.14 20:52:44.470,1.50948,1.5096,1.50,1.00
2015.12.14 20:52:46.726,1.50948,1.50961,1.50,1.00
2015.12.14 20:52:47.346,1.50948,1.50962,1.50,1.00
2015.12.14 20:52:47.871,1.50948,1.50963,1.50,1.00
2015.12.14 20:52:48.074,1.50949,1.50968,1.37,1.12
2015.12.14 20:52:48.378,1.50949,1.50966,1.37,1.00
2015.12.14 20:52:48.630,1.50949,1.50968,1.37,1.00
2015.12.14 20:52:49.718,1.50949,1.50966,1.37,1.00
2015.12.14 20:52:49.921,1.50948,1.50967,3.00,1.87
2015.12.14 20:52:50.130,1.50948,1.50964,1.50,1.00
2015.12.14 20:53:01.435,1.5095,1.50964,1.37,1.00
2015.12.14 20:53:01.486,1.5095,1.50968,1.87,1.37
2015.12.14 20:53:01.537,1.50955,1.50968,1.37,1.00
2015.12.14 20:53:01.904,1.50967,1.50975,2.02,1.12
2015.12.14 20:53:03.336,1.50967,1.50975,1.30,1.37
2015.12.14 20:53:04.247,1.50967,1.50973,1.95,1.87
2015.12.14 20:53:04.778,1.50965,1.50969,1.05,1.00
2015.12.14 20:53:04.880,1.50945,1.5096,1.00,1.00
2015.12.14 20:53:04.930,1.50943,1.50958,1.00,1.00
2015.12.14 20:53:05.032,1.5094,1.50956,1.00,1.00
2015.12.14 20:53:05.538,1.50938,1.50956,1.37,1.00
2015.12.14 20:53:06.259,1.50938,1.50958,1.37,1.00
2015.12.14 20:53:06.661,1.50938,1.50956,1.37,1.00
2015.12.14 20:53:08.368,1.50934,1.50956,1.00,1.00
2015.12.14 20:53:08.949,1.50933,1.50956,1.75,1.50
2015.12.14 20:53:09.455,1.50933,1.50955,1.75,1.00
2015.12.14 20:53:09.961,1.50933,1.50955,1.50,1.00
2015.12.14 20:53:10.891,1.50932,1.50955,2.25,1.00
2015.12.14 20:53:11.396,1.50933,1.50956,1.37,1.00
2015.12.14 20:53:12.912,1.50937,1.50958,1.00,1.00
2015.12.14 20:53:13.115,1.50942,1.50965,1.12,1.00
2015.12.14 20:53:13.317,1.50947,1.50965,1.00,1.00
2015.12.14 20:53:13.853,1.50947,1.50966,1.00,1.00
2015.12.14 20:53:14.612,1.50948,1.50966,1.00,1.00
2015.12.14 20:53:17.544,1.50948,1.50965,1.00,1.00
2015.12.14 20:53:18.313,1.50948,1.50964,1.00,1.00
2015.12.14 20:53:18.818,1.50947,1.50963,1.00,1.50
2015.12.14 20:53:19.123,1.50947,1.50961,1.00,1.00
2015.12.14 20:53:19.435,1.50944,1.50959,1.00,1.00
2015.12.14 20:53:19.486,1.50942,1.50959,1.00,1.00
2015.12.14 20:53:19.587,1.50939,1.5096,1.37,1.00
2015.12.14 20:53:20.457,1.50939,1.50958,1.37,1.00
2015.12.14 20:53:21.532,1.50939,1.5096,1.37,1.50
2015.12.14 20:53:21.913,1.50944,1.50956,1.12,1.00
2015.12.14 20:53:22.218,1.50948,1.5096,1.00,1.00
2015.12.14 20:53:22.270,1.50947,1.50962,1.00,1.00
2015.12.14 20:53:22.780,1.50947,1.50963,1.00,1.00
2015.12.14 20:53:23.286,1.50947,1.50962,1.00,1.00
2015.12.14 20:53:24.876,1.50948,1.50962,1.00,1.00
2015.12.14 20:53:25.432,1.50948,1.50965,1.00,1.50
2015.12.14 20:53:28.477,1.50947,1.50965,1.50,1.00
2015.12.14 20:53:28.988,1.50948,1.50965,1.00,1.00
2015.12.14 20:53:29.495,1.50948,1.50964,1.00,1.00
2015.12.14 20:53:30.016,1.50948,1.50965,1.00,1.00
2015.12.14 20:53:33.209,1.50947,1.50965,1.00,1.00
2015.12.14 20:53:34.576,1.50947,1.50964,2.25,1.00
2015.12.14 20:53:35.129,1.50948,1.50964,1.00,1.00
2015.12.14 20:53:35.681,1.50948,1.50963,1.00,1.00
2015.12.14 20:53:37.344,1.50948,1.50961,1.00,1.00
2015.12.14 20:53:38.953,1.50947,1.5096,1.00,1.00
2015.12.14 20:53:39.004,1.50941,1.50957,1.50,1.00
2015.12.14 20:53:39.055,1.50938,1.50957,1.37,1.00
2015.12.14 20:53:39.435,1.50938,1.50953,1.37,1.00
2015.12.14 20:53:41.526,1.50945,1.5095,1.37,1.00
2015.12.14 20:53:41.628,1.50945,1.50959,1.37,1.00
2015.12.14 20:53:41.729,1.50947,1.50961,1.00,1.00
2015.12.14 20:53:42.319,1.50947,1.50962,1.00,1.00
2015.12.14 20:53:42.572,1.50946,1.5096,1.12,1.00
2015.12.14 20:53:42.673,1.50943,1.50958,1.00,1.00
2015.12.14 20:53:42.775,1.50938,1.50957,1.87,1.00
2015.12.14 20:53:43.079,1.50938,1.50955,1.37,1.00
2015.12.14 20:53:43.619,1.50939,1.50955,1.37,1.00
2015.12.14 20:53:44.125,1.50939,1.50954,1.37,1.00
2015.12.14 20:53:44.705,1.50939,1.50955,1.37,1.00
2015.12.14 20:53:45.525,1.50939,1.50957,1.37,1.87
2015.12.14 20:53:47.718,1.50945,1.50957,1.37,1.00
2015.12.14 20:53:47.769,1.50945,1.50964,1.37,1.37
2015.12.14 20:53:47.820,1.50945,1.50966,1.37,1.12
2015.12.14 20:53:48.334,1.50947,1.50966,1.00,1.00
2015.12.14 20:53:49.124,1.50947,1.50967,1.00,1.12
2015.12.14 20:53:49.438,1.50957,1.50967,1.27,1.37
2015.12.14 20:53:49.601,1.50948,1.50967,1.00,1.37
2015.12.14 20:53:49.702,1.50956,1.50967,2.02,1.12
2015.12.14 20:53:50.243,1.50956,1.50967,2.02,1.37
2015.12.14 20:53:50.761,1.50956,1.50967,2.02,1.12
2015.12.14 20:53:51.470,1.50956,1.50967,2.02,1.87
2015.12.14 20:53:51.571,1.50956,1.50967,2.02,1.12
2015.12.14 20:53:53.529,1.50961,1.50967,1.50,1.00
2015.12.14 20:53:54.075,1.50961,1.50968,1.50,1.00
2015.12.14 20:53:54.227,1.50948,1.50968,1.00,1.00
2015.12.14 20:53:54.430,1.50948,1.50968,1.00,1.37
2015.12.14 20:53:58.320,1.50961,1.50968,1.65,1.37
2015.12.14 20:53:59.267,1.50959,1.50966,1.65,1.87
2015.12.14 20:53:59.369,1.5096,1.50966,1.65,1.12
2015.12.14 20:53:59.884,1.5096,1.50966,1.65,1.37
2015.12.14 20:54:00.422,1.50961,1.50966,1.05,1.00
2015.12.14 20:54:00.928,1.50962,1.50966,2.10,1.00
2015.12.14 20:54:01.726,1.50948,1.50968,1.00,1.37
2015.12.14 20:54:01.980,1.50948,1.50968,1.00,1.37
2015.12.14 20:54:02.486,1.50948,1.50969,1.00,2.62
2015.12.14 20:54:03.075,1.50948,1.50969,1.00,1.87
2015.12.14 20:54:03.616,1.50947,1.50969,1.50,1.87
2015.12.14 20:54:04.130,1.50948,1.50969,1.00,1.87
2015.12.14 20:54:04.434,1.50949,1.50965,1.00,1.00
2015.12.14 20:54:05.957,1.50949,1.50966,1.00,1.00
2015.12.14 20:54:06.834,1.50949,1.50967,1.00,1.00
2015.12.14 20:54:08.221,1.50949,1.50966,1.00,1.00
2015.12.14 20:54:08.899,1.50949,1.50969,1.00,1.12
2015.12.14 20:54:09.004,1.50963,1.50969,1.95,1.00
2015.12.14 20:54:09.513,1.50966,1.50971,1.95,1.37
2015.12.14 20:54:10.717,1.50963,1.50968,1.95,1.00
2015.12.14 20:54:18.230,1.50957,1.50968,1.05,1.00
2015.12.14 20:54:18.734,1.50957,1.50967,1.05,1.00
2015.12.14 20:54:19.658,1.50949,1.50967,1.00,1.00
2015.12.14 20:54:21.562,1.50949,1.50969,1.00,1.00
2015.12.14 20:54:21.765,1.50949,1.50965,1.00,1.00
2015.12.14 20:54:22.306,1.50948,1.50965,1.50,1.00
2015.12.14 20:54:22.824,1.50948,1.50966,1.50,1.00
2015.12.14 20:54:23.333,1.50948,1.50967,1.00,1.50
2015.12.14 20:54:23.638,1.50948,1.50962,1.00,1.00
2015.12.14 20:54:24.643,1.50948,1.50961,1.00,1.00
2015.12.14 20:54:25.415,1.50948,1.50959,1.00,1.00
2015.12.14 20:54:25.631,1.50948,1.50963,1.00,1.00
2015.12.14 20:54:25.934,1.50948,1.50961,1.00,1.00
2015.12.14 20:54:27.372,1.50948,1.50962,1.00,1.00
2015.12.14 20:54:27.828,1.50948,1.50965,1.00,1.00
2015.12.14 20:54:28.363,1.50949,1.50965,1.00,1.00
2015.12.14 20:54:30.452,1.50949,1.50962,1.00,1.00
2015.12.14 20:54:35.303,1.50949,1.50961,1.00,1.00
2015.12.14 20:54:35.535,1.50949,1.50964,1.00,1.00
2015.12.14 20:54:36.844,1.50949,1.50962,1.00,1.00
2015.12.14 20:54:37.418,1.50948,1.50961,1.00,1.00
2015.12.14 20:54:38.298,1.50947,1.50961,1.87,1.00
2015.12.14 20:54:38.841,1.50947,1.5096,1.87,1.00
2015.12.14 20:54:39.502,1.50948,1.5096,1.00,1.00
2015.12.14 20:54:40.040,1.5095,1.50963,1.00,1.00
2015.12.14 20:54:40.262,1.5095,1.50968,1.00,1.00
2015.12.14 20:54:40.364,1.50949,1.50966,1.00,1.00
2015.12.14 20:54:40.870,1.5095,1.50966,1.00,1.00
2015.12.14 20:54:42.363,1.50952,1.50966,1.00,1.00
2015.12.14 20:54:42.668,1.50967,1.50972,1.10,1.00
2015.12.14 20:54:42.769,1.50967,1.50977,1.10,1.00
2015.12.14 20:54:43.447,1.50967,1.50976,1.27,1.00
2015.12.14 20:54:43.652,1.50967,1.50974,1.27,1.00
2015.12.14 20:54:45.205,1.50967,1.50976,1.42,1.00
2015.12.14 20:54:45.779,1.50967,1.50981,1.27,1.00
2015.12.14 20:54:46.285,1.50966,1.5098,1.95,1.00
2015.12.14 20:54:47.134,1.50966,1.50979,1.95,1.00
2015.12.14 20:54:47.387,1.50966,1.50977,1.95,1.00
2015.12.14 20:54:47.640,1.50966,1.50979,1.95,1.00
2015.12.14 20:54:47.742,1.50966,1.50977,1.30,1.00
2015.12.14 20:54:48.046,1.50967,1.50973,1.87,1.00
2015.12.14 20:54:51.564,1.50967,1.50974,1.27,1.50
2015.12.14 20:54:53.470,1.50967,1.50975,2.17,1.12
2015.12.14 20:54:54.336,1.50967,1.50979,1.72,1.12
2015.12.14 20:54:54.438,1.50967,1.50983,1.72,1.50
2015.12.14 20:54:54.946,1.50968,1.50983,1.00,1.00
2015.12.14 20:54:54.998,1.50968,1.5098,1.00,1.00
2015.12.14 20:54:55.632,1.50967,1.5098,2.70,1.00
2015.12.14 20:54:56.138,1.50968,1.5098,1.00,1.00
2015.12.14 20:54:59.266,1.50968,1.50979,1.00,1.00
2015.12.14 20:54:59.380,1.50968,1.50984,1.00,1.00
2015.12.14 20:54:59.512,1.50967,1.50977,2.85,1.00
2015.12.14 20:55:00.220,1.50968,1.50976,1.00,1.00
2015.12.14 20:55:00.828,1.50968,1.50979,1.00,1.00
2015.12.14 20:55:01.261,1.50967,1.50982,1.50,1.00
2015.12.14 20:55:01.837,1.50968,1.50982,1.00,1.00
2015.12.14 20:55:02.144,1.50968,1.5098,1.50,1.00
2015.12.14 20:55:02.800,1.50968,1.50982,1.50,1.00
2015.12.14 20:55:05.180,1.50966,1.50982,2.85,1.12
2015.12.14 20:55:05.231,1.50968,1.50984,1.00,1.87
2015.12.14 20:55:06.059,1.50967,1.50982,1.00,1.12
2015.12.14 20:55:06.839,1.50967,1.50984,1.95,1.87
2015.12.14 20:55:07.352,1.50967,1.50982,1.95,1.00
2015.12.14 20:55:08.541,1.50967,1.5098,1.95,1.00
2015.12.14 20:55:11.402,1.50967,1.50979,1.35,1.00
2015.12.14 20:55:13.165,1.50967,1.50977,1.35,1.00
2015.12.14 20:55:13.743,1.50967,1.50976,1.72,1.00
2015.12.14 20:55:13.997,1.50966,1.50978,2.10,1.00
2015.12.14 20:55:14.504,1.50967,1.50978,1.30,1.00
2015.12.14 20:55:16.340,1.50967,1.50979,1.05,1.00
2015.12.14 20:55:16.847,1.50968,1.5098,1.00,1.00
2015.12.14 20:55:17.987,1.50968,1.50982,1.00,1.00
2015.12.14 20:55:23.205,1.50967,1.50982,1.20,1.00
2015.12.14 20:55:23.971,1.50967,1.50977,1.20,1.00
2015.12.14 20:55:24.275,1.50967,1.50973,1.00,1.00
2015.12.14 20:55:24.579,1.50967,1.50971,1.00,1.00
2015.12.14 20:55:28.500,1.50964,1.50969,1.80,1.00
2015.12.14 20:55:28.551,1.50954,1.50969,1.00,1.00
2015.12.14 20:55:28.602,1.50952,1.50969,1.00,1.00
2015.12.14 20:55:28.858,1.50952,1.50967,1.00,1.00
2015.12.14 20:55:29.561,1.50952,1.50968,1.00,1.00
2015.12.14 20:55:29.962,1.50965,1.50971,1.20,1.87
2015.12.14 20:55:31.580,1.50963,1.50969,1.05,1.00
2015.12.14 20:55:31.631,1.50952,1.50969,1.00,1.00
2015.12.14 20:55:32.144,1.50952,1.50968,1.00,1.00
2015.12.14 20:55:33.691,1.50952,1.50969,1.00,1.50
2015.12.14 20:55:37.153,1.50952,1.5097,1.00,1.87
2015.12.14 20:55:38.031,1.50945,1.5097,1.12,1.12
2015.12.14 20:55:38.132,1.50947,1.5097,1.00,1.12
2015.12.14 20:55:38.323,1.50945,1.5097,1.12,1.12
2015.12.14 20:55:38.425,1.50947,1.5097,1.00,1.12
2015.12.14 20:55:38.829,1.50945,1.5097,1.12,1.12
2015.12.14 20:55:38.931,1.50948,1.5097,1.00,1.12
2015.12.14 20:55:40.257,1.5095,1.5097,1.00,1.12
2015.12.14 20:55:40.409,1.50948,1.50971,1.00,2.62
2015.12.14 20:55:41.249,1.50957,1.50971,1.65,2.62
2015.12.14 20:55:41.785,1.50957,1.50971,1.65,2.62
2015.12.14 20:55:43.181,1.50948,1.50961,1.00,1.00
2015.12.14 20:55:43.232,1.50944,1.50959,1.50,1.00
2015.12.14 20:55:43.283,1.50944,1.50957,1.00,1.00
2015.12.14 20:55:43.435,1.50934,1.50953,1.00,1.00
2015.12.14 20:55:43.486,1.50929,1.50953,1.12,1.50
2015.12.14 20:55:45.319,1.50926,1.50951,1.50,1.00
2015.12.14 20:55:45.825,1.50925,1.50951,1.87,1.00
2015.12.14 20:55:46.307,1.50928,1.50953,1.37,1.00
2015.12.14 20:55:46.873,1.50928,1.50954,1.87,1.00
2015.12.14 20:55:47.379,1.5093,1.50955,1.00,1.12
2015.12.14 20:55:48.080,1.5093,1.50955,1.37,1.00
2015.12.14 20:55:48.632,1.5093,1.50955,1.12,1.00
2015.12.14 20:55:49.801,1.5093,1.50956,1.12,2.62
2015.12.14 20:55:50.328,1.5093,1.50956,1.37,2.62
2015.12.14 20:55:50.829,1.50931,1.50956,1.50,1.50
2015.12.14 20:55:51.355,1.50933,1.50957,1.12,1.50
2015.12.14 20:55:52.137,1.50933,1.50957,1.37,1.50
2015.12.14 20:55:52.973,1.50935,1.50962,1.50,1.37
2015.12.14 20:55:53.074,1.50938,1.50962,1.50,1.00
2015.12.14 20:55:53.176,1.50947,1.50964,1.00,1.37
2015.12.14 20:55:53.378,1.50942,1.50962,1.00,1.50
2015.12.14 20:55:53.480,1.50936,1.50962,1.12,1.50
2015.12.14 20:55:54.007,1.50936,1.50961,1.00,1.12
2015.12.14 20:55:57.266,1.50936,1.50962,1.00,2.62
2015.12.14 20:55:57.724,1.50936,1.50959,1.00,1.00
2015.12.14 20:55:57.825,1.50934,1.50959,1.50,1.00
2015.12.14 20:55:58.037,1.50934,1.50957,1.12,1.00
2015.12.14 20:55:58.545,1.50933,1.50957,1.00,1.00
2015.12.14 20:56:00.069,1.50933,1.50957,1.37,1.00
2015.12.14 20:56:00.222,1.50934,1.50959,1.12,2.62
2015.12.14 20:56:01.174,1.50933,1.50959,1.12,1.87
2015.12.14 20:56:02.106,1.50933,1.50957,1.12,1.00
2015.12.14 20:56:03.499,1.50933,1.50953,1.12,1.00
2015.12.14 20:56:03.808,1.50932,1.5095,1.37,1.00
2015.12.14 20:56:04.240,1.50932,1.50953,1.75,1.00
2015.12.14 20:56:04.914,1.50933,1.50953,1.00,1.00
2015.12.14 20:56:06.200,1.50932,1.50953,1.12,1.00
2015.12.14 20:56:07.285,1.5093,1.50953,1.37,1.00
2015.12.14 20:56:07.894,1.50933,1.50953,1.37,1.00
2015.12.14 20:56:07.996,1.5093,1.50953,2.25,1.00
2015.12.14 20:56:08.675,1.50931,1.50953,1.37,1.00
2015.12.14 20:56:08.988,1.50932,1.50954,2.25,1.00
2015.12.14 20:56:09.881,1.50932,1.50955,1.50,1.50
2015.12.14 20:56:09.932,1.50929,1.50955,2.62,1.50
2015.12.14 20:56:10.033,1.50933,1.50958,1.87,2.62
2015.12.14 20:56:10.318,1.50934,1.50959,1.00,1.00
2015.12.14 20:56:10.369,1.50934,1.50956,1.00,1.50
2015.12.14 20:56:10.521,1.5093,1.50954,1.12,1.00
2015.12.14 20:56:10.977,1.50928,1.50952,1.50,1.00
2015.12.14 20:56:11.028,1.50928,1.50952,1.00,1.00
2015.12.14 20:56:11.079,1.50926,1.50952,1.00,1.00
2015.12.14 20:56:11.289,1.50924,1.50946,1.12,1.00
2015.12.14 20:56:11.542,1.50923,1.50948,1.00,1.87
2015.12.14 20:56:11.594,1.50921,1.50946,1.87,1.00
2015.12.14 20:56:11.897,1.5092,1.50944,1.87,1.00
2015.12.14 20:56:12.517,1.50921,1.50944,1.12,1.00
2015.12.14 20:56:12.669,1.50924,1.50944,1.00,1.00
2015.12.14 20:56:12.771,1.50921,1.50946,1.50,1.00
2015.12.14 20:56:12.873,1.50923,1.50946,1.00,1.00
2015.12.14 20:56:13.379,1.50923,1.50948,1.12,1.87
2015.12.14 20:56:14.080,1.50925,1.50947,1.00,1.00
2015.12.14 20:56:14.586,1.50925,1.50948,1.00,1.12
2015.12.14 20:56:14.889,1.50923,1.50948,1.00,1.87
2015.12.14 20:56:15.091,1.50921,1.50946,1.37,1.00
2015.12.14 20:56:15.633,1.50921,1.50946,1.75,1.00
2015.12.14 20:56:16.142,1.50921,1.50946,1.00,1.00
2015.12.14 20:56:16.648,1.50922,1.50946,1.37,1.00
2015.12.14 20:56:16.782,1.50921,1.50946,1.37,1.50
2015.12.14 20:56:17.296,1.50921,1.50946,1.00,1.50
2015.12.14 20:56:17.624,1.50921,1.50946,1.87,1.50
2015.12.14 20:56:17.948,1.50921,1.50946,1.37,1.50
2015.12.14 20:56:18.489,1.50923,1.50946,1.00,1.00
2015.12.14 20:56:18.991,1.50923,1.50947,1.00,1.12
2015.12.14 20:56:19.244,1.50922,1.50947,1.87,1.12
2015.12.14 20:56:19.655,1.50921,1.50946,1.37,1.00
2015.12.14 20:56:20.200,1.50923,1.50947,1.00,1.12
2015.12.14 20:56:20.957,1.5092,1.50947,1.50,1.87
2015.12.14 20:56:21.488,1.50922,1.50947,1.12,1.00
2015.12.14 20:56:22.228,1.50922,1.50947,1.00,1.37
2015.12.14 20:56:22.761,1.50921,1.50946,1.12,1.12
2015.12.14 20:56:22.913,1.50923,1.50947,1.00,1.37
2015.12.14 20:56:23.428,1.50923,1.50947,1.00,1.12
2015.12.14 20:56:23.937,1.50921,1.50947,1.37,1.87
2015.12.14 20:56:24.463,1.50923,1.50947,1.00,1.12
2015.12.14 20:56:24.992,1.50923,1.50946,1.00,1.12
2015.12.14 20:56:25.789,1.50923,1.50947,1.00,1.12
2015.12.14 20:56:31.616,1.50922,1.50947,1.00,1.50
2015.12.14 20:56:32.470,1.50922,1.50946,1.00,1.00
2015.12.14 20:56:33.420,1.5092,1.50945,1.37,1.00
2015.12.14 20:56:33.942,1.50921,1.50946,1.12,1.00
2015.12.14 20:56:34.750,1.50921,1.50945,1.00,1.00
2015.12.14 20:56:35.256,1.5092,1.50944,1.00,1.00
2015.12.14 20:56:35.964,1.5092,1.50945,1.00,1.12
2015.12.14 20:56:36.015,1.50918,1.50944,1.00,1.00
2015.12.14 20:56:36.369,1.50922,1.50943,1.00,1.00
2015.12.14 20:56:36.420,1.50922,1.50945,1.00,1.12
2015.12.14 20:56:36.926,1.50922,1.50946,1.00,1.00
2015.12.14 20:56:37.332,1.50925,1.50946,1.00,1.00
2015.12.14 20:56:38.554,1.50922,1.50946,1.12,1.00
2015.12.14 20:56:38.946,1.50922,1.50944,1.00,1.00
2015.12.14 20:56:38.998,1.5092,1.50944,1.00,1.50
2015.12.14 20:56:39.152,1.5092,1.50942,1.00,1.00
2015.12.14 20:56:39.253,1.50914,1.50939,1.50,1.00
2015.12.14 20:56:39.355,1.50914,1.50939,1.00,1.37
2015.12.14 20:56:39.861,1.50915,1.50938,1.00,1.00
2015.12.14 20:56:40.019,1.50915,1.5094,1.00,1.87
2015.12.14 20:56:40.222,1.50912,1.50937,1.50,1.00
2015.12.14 20:56:40.576,1.50912,1.50937,1.50,1.00
2015.12.14 20:56:42.632,1.50912,1.50935,1.12,1.00
2015.12.14 20:56:42.684,1.50912,1.50937,1.87,1.00
2015.12.14 20:56:43.058,1.50913,1.50941,2.62,1.87
2015.12.14 20:56:43.109,1.50916,1.50941,1.12,1.12
2015.12.14 20:56:43.665,1.50916,1.50941,1.50,1.00
2015.12.14 20:56:44.093,1.50918,1.50943,1.12,1.00
2015.12.14 20:56:44.488,1.50916,1.50941,1.87,1.00
2015.12.14 20:56:45.189,1.50916,1.50941,1.87,1.00
2015.12.14 20:56:45.665,1.50917,1.50943,1.00,1.87
2015.12.14 20:56:46.525,1.50915,1.50941,2.62,1.00
2015.12.14 20:56:46.828,1.50913,1.50938,1.12,2.25
2015.12.14 20:56:47.140,1.50914,1.50938,1.37,1.87
2015.12.14 20:56:47.394,1.50911,1.50936,1.12,1.12
2015.12.14 20:56:48.148,1.50911,1.50936,1.12,1.37
2015.12.14 20:56:48.300,1.5091,1.50933,2.62,1.00
2015.12.14 20:56:48.634,1.50903,1.50926,3.37,1.87
2015.12.14 20:56:48.836,1.50903,1.50929,1.75,1.87
2015.12.14 20:56:48.938,1.50903,1.50926,1.75,1.00
2015.12.14 20:56:50.176,1.50904,1.50929,1.50,1.12
2015.12.14 20:56:51.181,1.50905,1.5093,1.37,1.00
2015.12.14 20:56:51.695,1.50903,1.50928,1.87,1.00
2015.12.14 20:56:51.847,1.50902,1.50926,1.00,1.00
2015.12.14 20:56:52.353,1.509,1.50926,2.25,1.50
2015.12.14 20:56:52.467,1.509,1.50923,1.87,1.00
2015.12.14 20:56:53.461,1.50899,1.50923,1.75,1.50
2015.12.14 20:56:53.563,1.50899,1.50925,3.00,1.00
2015.12.14 20:56:54.678,1.50901,1.50927,2.62,1.00
2015.12.14 20:56:54.831,1.50901,1.50925,1.87,1.00
2015.12.14 20:56:55.181,1.50897,1.5092,1.37,1.00
2015.12.14 20:56:55.485,1.50898,1.5092,1.50,1.00
2015.12.14 20:56:56.344,1.50899,1.50922,1.37,1.00
2015.12.14 20:56:56.395,1.50905,1.50922,1.37,1.00
2015.12.14 20:56:56.625,1.50899,1.5092,1.75,1.00
2015.12.14 20:56:56.727,1.50899,1.50923,1.50,1.50
2015.12.14 20:56:57.132,1.50904,1.50925,1.37,1.37
2015.12.14 20:56:57.285,1.50903,1.50927,2.25,1.00
2015.12.14 20:56:57.791,1.50903,1.50928,2.25,1.12
2015.12.14 20:56:58.293,1.50903,1.50924,1.50,1.00
2015.12.14 20:56:58.445,1.50897,1.50922,1.75,1.00
2015.12.14 20:56:59.497,1.50901,1.50924,1.00,1.87
2015.12.14 20:56:59.840,1.50905,1.50926,1.87,1.00
2015.12.14 20:56:59.891,1.50906,1.50929,1.12,1.37
2015.12.14 20:56:59.942,1.50908,1.50929,1.00,1.37
2015.12.14 20:56:59.993,1.50908,1.50933,1.00,2.62
2015.12.14 20:57:00.806,1.50906,1.50932,1.37,1.87
2015.12.14 20:57:02.058,1.50908,1.50933,1.00,1.37
2015.12.14 20:57:02.799,1.50909,1.50934,1.00,1.87
2015.12.14 20:57:03.474,1.50914,1.50934,1.00,1.87
2015.12.14 20:57:03.627,1.50916,1.50936,1.00,1.37
2015.12.14 20:57:03.780,1.50912,1.50939,1.12,1.50
2015.12.14 20:57:03.934,1.50914,1.5094,1.00,2.62
2015.12.14 20:57:04.718,1.50914,1.50938,1.00,1.87
2015.12.14 20:57:05.023,1.50914,1.50938,1.12,1.50
2015.12.14 20:57:05.125,1.50915,1.50936,1.00,1.00
2015.12.14 20:57:05.469,1.50914,1.50938,1.37,1.00
2015.12.14 20:57:05.521,1.50914,1.5094,1.37,1.87
2015.12.14 20:57:05.673,1.50918,1.5094,1.00,1.12
2015.12.14 20:57:05.775,1.50918,1.50942,1.00,1.50
2015.12.14 20:57:06.285,1.5092,1.50944,1.00,1.37
2015.12.14 20:57:06.589,1.50921,1.50946,1.87,1.37
2015.12.14 20:57:08.744,1.50922,1.50947,1.00,1.87
2015.12.14 20:57:09.280,1.50923,1.50948,1.00,1.50
2015.12.14 20:57:09.382,1.50923,1.50949,1.37,1.50
2015.12.14 20:57:09.746,1.50923,1.50947,1.37,1.00
2015.12.14 20:57:11.604,1.50922,1.50946,1.50,1.00
2015.12.14 20:57:11.929,1.50922,1.50946,1.50,1.00
2015.12.14 20:57:12.182,1.50922,1.50944,1.00,1.00
2015.12.14 20:57:12.862,1.5092,1.50944,2.25,1.00
2015.12.14 20:57:13.164,1.5092,1.50942,2.25,1.00
2015.12.14 20:57:13.671,1.50917,1.50941,2.62,1.00
2015.12.14 20:57:13.725,1.50917,1.5094,1.87,1.00
2015.12.14 20:57:13.827,1.50917,1.50938,1.87,1.00
2015.12.14 20:57:14.029,1.50914,1.5094,1.12,1.00
2015.12.14 20:57:14.131,1.50914,1.50935,1.12,1.00
2015.12.14 20:57:15.148,1.50913,1.50935,1.12,1.00
2015.12.14 20:57:16.143,1.50911,1.50932,1.50,1.00
2015.12.14 20:57:16.549,1.50911,1.50934,1.50,1.00
2015.12.14 20:57:16.670,1.50911,1.50936,1.75,1.00
2015.12.14 20:57:18.124,1.50911,1.50936,1.50,1.00
2015.12.14 20:57:19.941,1.50911,1.50936,1.75,1.50
2015.12.14 20:57:22.257,1.50911,1.50936,1.75,1.50
2015.12.14 20:57:22.627,1.50911,1.50938,1.75,1.00
2015.12.14 20:57:23.371,1.50911,1.50939,1.75,2.62
2015.12.14 20:57:24.550,1.50911,1.50939,1.75,2.62
2015.12.14 20:57:26.039,1.50911,1.50937,1.75,1.00
2015.12.14 20:57:26.544,1.50911,1.50936,2.25,1.00
2015.12.14 20:57:26.848,1.50911,1.50936,1.75,1.00
2015.12.14 20:57:27.804,1.50911,1.50934,1.75,1.00
2015.12.14 20:57:28.311,1.50911,1.50933,1.75,1.00
2015.12.14 20:57:28.958,1.50911,1.50933,1.75,1.00
2015.12.14 20:57:30.088,1.50911,1.50933,1.75,1.00
2015.12.14 20:57:30.190,1.50911,1.50935,1.37,1.00
2015.12.14 20:57:30.542,1.50911,1.50931,1.37,1.00
2015.12.14 20:57:30.745,1.50909,1.50934,1.37,1.00
2015.12.14 20:57:30.897,1.50907,1.50933,1.50,1.00
2015.12.14 20:57:31.407,1.50911,1.50934,1.12,1.50
2015.12.14 20:57:31.988,1.50911,1.50934,1.00,1.37
2015.12.14 20:57:35.723,1.50909,1.50934,1.12,1.37
2015.12.14 20:57:36.840,1.50911,1.50933,1.00,1.12
2015.12.14 20:57:37.358,1.50912,1.50934,1.00,1.37
2015.12.14 20:57:37.864,1.50912,1.50934,1.00,1.12
2015.12.14 20:57:38.381,1.50911,1.50935,1.00,1.37
2015.12.14 20:57:38.432,1.50909,1.50935,1.12,1.37
2015.12.14 20:57:38.585,1.50909,1.50934,1.12,1.87
2015.12.14 20:57:40.084,1.50909,1.50933,1.50,1.37
2015.12.14 20:57:41.087,1.50909,1.50933,1.50,1.37
2015.12.14 20:57:42.091,1.50909,1.50933,1.50,1.37
2015.12.14 20:57:43.178,1.50909,1.50933,1.12,1.12
2015.12.14 20:57:43.938,1.50908,1.50932,1.87,1.00
2015.12.14 20:57:44.477,1.50908,1.50928,1.87,1.00
2015.12.14 20:57:44.599,1.50908,1.5093,1.87,1.00
2015.12.14 20:57:45.702,1.50908,1.50931,1.87,1.00
2015.12.14 20:57:46.206,1.50907,1.50931,1.37,1.00
2015.12.14 20:57:46.814,1.50907,1.50931,1.37,1.37
2015.12.14 20:57:47.938,1.50907,1.50931,1.37,1.12
2015.12.14 20:57:48.444,1.50907,1.50928,1.37,1.00
2015.12.14 20:57:49.010,1.50907,1.50931,1.37,1.87
2015.12.14 20:57:49.213,1.50907,1.50928,1.37,1.00
2015.12.14 20:57:49.917,1.50907,1.50927,1.37,1.00
2015.12.14 20:57:50.069,1.50903,1.50927,1.37,1.12
2015.12.14 20:57:50.323,1.50902,1.50921,1.12,1.00
2015.12.14 20:57:50.424,1.50899,1.50919,1.00,1.00
2015.12.14 20:57:50.528,1.50899,1.50918,1.00,1.37
2015.12.14 20:57:50.781,1.50896,1.50918,1.00,1.37
2015.12.14 20:57:51.236,1.50894,1.50918,1.00,1.87
2015.12.14 20:57:51.439,1.50894,1.50918,1.50,1.37
2015.12.14 20:57:52.037,1.50894,1.50916,1.37,1.00
2015.12.14 20:57:52.923,1.50894,1.50916,1.37,1.37
2015.12.14 20:57:53.930,1.50894,1.50916,1.37,1.00
2015.12.14 20:57:54.187,1.50894,1.50914,1.37,1.00
2015.12.14 20:57:54.289,1.50894,1.50916,1.37,1.50
2015.12.14 20:57:54.815,1.50894,1.50917,1.37,1.00
2015.12.14 20:57:55.347,1.50894,1.50916,1.37,1.00
2015.12.14 20:57:58.483,1.50894,1.50914,1.37,1.00
2015.12.14 20:57:58.839,1.50894,1.50916,1.37,1.50
2015.12.14 20:57:59.364,1.50894,1.50915,1.37,1.00
2015.12.14 20:57:59.522,1.50894,1.50912,1.37,1.00
2015.12.14 20:57:59.775,1.50884,1.50905,1.87,1.00
2015.12.14 20:57:59.826,1.50884,1.50903,1.37,1.00
2015.12.14 20:58:00.331,1.50883,1.50903,1.37,1.00
2015.12.14 20:58:00.858,1.50883,1.50905,1.37,1.50
2015.12.14 20:58:01.060,1.5088,1.50905,1.37,1.87
2015.12.14 20:58:01.212,1.5088,1.50901,1.37,1.00
2015.12.14 20:58:02.349,1.50879,1.50901,1.37,1.12
2015.12.14 20:58:04.220,1.50879,1.50904,1.37,1.87
2015.12.14 20:58:04.574,1.50879,1.50904,1.37,1.87
2015.12.14 20:58:05.079,1.5088,1.50904,1.37,1.12
2015.12.14 20:58:07.774,1.50882,1.50904,1.00,1.00
2015.12.14 20:58:08.027,1.50886,1.5091,1.00,2.25
2015.12.14 20:58:08.532,1.50885,1.5091,1.00,2.25
2015.12.14 20:58:08.970,1.50885,1.50909,1.00,1.37
2015.12.14 20:58:09.487,1.50885,1.5091,1.00,3.00
2015.12.14 20:58:10.162,1.50885,1.5091,1.00,3.00
2015.12.14 20:58:11.078,1.50887,1.50912,1.00,1.00
2015.12.14 20:58:11.180,1.50888,1.50915,1.37,2.25
2015.12.14 20:58:11.433,1.50884,1.50909,1.37,1.00
2015.12.14 20:58:11.484,1.50884,1.5091,1.37,1.75
2015.12.14 20:58:12.067,1.50884,1.50909,1.50,1.00
2015.12.14 20:58:12.572,1.50886,1.50911,1.00,1.37
2015.12.14 20:58:13.128,1.50886,1.50914,1.00,2.25
2015.12.14 20:58:13.330,1.50888,1.50913,1.00,1.00
2015.12.14 20:58:14.309,1.50886,1.50913,1.50,1.00
2015.12.14 20:58:14.814,1.50887,1.50914,1.00,1.00
2015.12.14 20:58:15.339,1.50887,1.50915,1.37,1.00
2015.12.14 20:58:15.844,1.50888,1.50916,1.12,1.87
2015.12.14 20:58:16.363,1.50889,1.50916,1.00,1.00
2015.12.14 20:58:16.870,1.5089,1.50916,1.87,1.00
2015.12.14 20:58:17.781,1.50892,1.50916,1.00,1.00
2015.12.14 20:58:17.984,1.5089,1.50916,1.50,1.00
2015.12.14 20:58:18.186,1.50892,1.50916,1.00,1.00
2015.12.14 20:58:18.655,1.5089,1.50916,2.25,1.00
2015.12.14 20:58:19.497,1.50885,1.50913,2.25,1.00
2015.12.14 20:58:19.548,1.50886,1.50913,1.00,1.00
2015.12.14 20:58:20.003,1.50886,1.50915,1.50,1.12
2015.12.14 20:58:20.255,1.50888,1.50916,1.00,2.25
2015.12.14 20:58:20.776,1.50889,1.50916,1.00,1.00
2015.12.14 20:58:20.928,1.50887,1.50916,1.50,1.00
2015.12.14 20:58:21.130,1.50892,1.50916,1.00,1.00
2015.12.14 20:58:21.434,1.50894,1.50921,1.00,1.87
2015.12.14 20:58:22.212,1.50894,1.50922,1.87,1.50
2015.12.14 20:58:22.314,1.50895,1.50922,1.37,1.50
2015.12.14 20:58:22.820,1.50894,1.50921,3.00,1.00
2015.12.14 20:58:25.796,1.50894,1.5092,1.37,1.00
2015.12.14 20:58:26.301,1.50894,1.50919,1.37,1.12
2015.12.14 20:58:27.160,1.50894,1.5092,1.37,1.00
2015.12.14 20:58:27.679,1.50894,1.50919,1.37,1.00
2015.12.14 20:58:28.193,1.50894,1.5092,1.37,1.50
2015.12.14 20:58:28.698,1.50894,1.5092,1.37,1.37
2015.12.14 20:58:32.155,1.50896,1.50921,1.00,1.00
2015.12.14 20:58:32.769,1.50896,1.5092,1.00,1.00
2015.12.14 20:58:33.355,1.50894,1.5092,1.37,1.37
2015.12.14 20:58:33.859,1.50894,1.50922,2.25,2.25
2015.12.14 20:58:34.515,1.50894,1.50918,2.25,1.00
2015.12.14 20:58:34.566,1.50893,1.50918,1.00,1.37
2015.12.14 20:58:34.668,1.50893,1.50919,2.25,1.12
2015.12.14 20:58:35.980,1.50895,1.5092,1.00,1.00
2015.12.14 20:58:37.568,1.50892,1.5092,3.00,1.87
2015.12.14 20:58:37.670,1.50889,1.50916,1.00,1.75
2015.12.14 20:58:38.665,1.50889,1.50915,2.25,1.00
2015.12.14 20:58:39.686,1.50888,1.50915,1.12,1.00
2015.12.14 20:58:39.814,1.50885,1.50912,1.12,1.00
2015.12.14 20:58:39.865,1.50885,1.50912,1.00,1.12
2015.12.14 20:58:40.389,1.50885,1.50911,1.12,1.00
2015.12.14 20:58:40.693,1.50884,1.50911,1.87,1.37
2015.12.14 20:58:41.465,1.50883,1.50908,1.87,1.00
2015.12.14 20:58:42.643,1.50882,1.50908,3.00,1.00
2015.12.14 20:58:42.984,1.50883,1.50907,1.37,1.37
2015.12.14 20:58:43.037,1.5088,1.50906,1.00,1.37
2015.12.14 20:58:43.089,1.50877,1.50906,1.87,2.25
2015.12.14 20:58:43.220,1.50877,1.50902,1.87,1.00
2015.12.14 20:58:43.474,1.50876,1.50904,1.87,1.00
2015.12.14 20:58:43.625,1.50876,1.50902,1.37,1.00
2015.12.14 20:58:43.677,1.50875,1.50902,1.50,1.00
2015.12.14 20:58:43.728,1.50876,1.50904,1.00,1.12
2015.12.14 20:58:43.880,1.50876,1.50902,1.00,1.00
2015.12.14 20:58:44.183,1.50877,1.50901,1.87,1.12
2015.12.14 20:58:44.537,1.50881,1.50904,1.00,1.00
2015.12.14 20:58:44.897,1.50882,1.50907,1.37,1.00
2015.12.14 20:58:45.150,1.50881,1.50906,1.00,1.00
2015.12.14 20:58:45.352,1.5088,1.50904,1.12,1.00
2015.12.14 20:58:45.522,1.5088,1.50907,1.50,1.87
2015.12.14 20:58:45.573,1.50882,1.50907,1.00,1.87
2015.12.14 20:58:45.886,1.50882,1.50905,1.37,1.00
2015.12.14 20:58:45.987,1.50882,1.50905,1.12,1.00
2015.12.14 20:58:46.089,1.50884,1.50905,1.00,1.00
2015.12.14 20:58:46.604,1.50885,1.50905,1.12,1.00
2015.12.14 20:58:46.856,1.50882,1.50903,1.00,1.00
2015.12.14 20:58:46.958,1.50882,1.50903,1.37,1.00
2015.12.14 20:58:47.139,1.50882,1.50903,1.00,1.00
2015.12.14 20:58:47.695,1.50881,1.50903,1.12,1.00
2015.12.14 20:58:48.060,1.5088,1.50905,1.37,1.00
2015.12.14 20:58:48.788,1.5088,1.50905,1.37,1.87
2015.12.14 20:58:49.717,1.5088,1.50903,1.37,1.00
2015.12.14 20:58:50.071,1.50881,1.50905,1.37,1.12
2015.12.14 20:58:50.582,1.50884,1.50905,1.37,1.12
2015.12.14 20:58:51.463,1.50883,1.50905,1.00,1.00
2015.12.14 20:58:51.716,1.50882,1.50908,1.00,1.87
2015.12.14 20:58:52.024,1.50882,1.50908,1.00,1.87
2015.12.14 20:58:52.556,1.50883,1.50908,1.00,1.37
2015.12.14 20:58:53.061,1.50883,1.50908,1.00,1.37
2015.12.14 20:58:54.083,1.50884,1.50908,1.00,1.37
2015.12.14 20:58:54.591,1.50884,1.50908,1.00,1.00
2015.12.14 20:58:55.097,1.50885,1.50908,1.00,1.00
2015.12.14 20:58:55.646,1.50884,1.50908,1.00,1.00
2015.12.14 20:58:58.324,1.50885,1.50911,1.50,1.75
2015.12.14 20:58:58.426,1.50885,1.50911,1.87,1.12
2015.12.14 20:58:58.949,1.50887,1.50911,1.50,1.12
2015.12.14 20:58:59.637,1.50887,1.50914,1.87,1.50
2015.12.14 20:59:00.306,1.50887,1.50915,1.87,2.25
2015.12.14 20:59:01.027,1.50887,1.50912,1.00,1.12
2015.12.14 20:59:01.079,1.50891,1.50912,0.37,1.12
2015.12.14 20:59:01.281,1.50888,1.50912,0.37,0.37
2015.12.14 20:59:01.383,1.50888,1.50909,0.37,0.37
2015.12.14 20:59:01.889,1.50886,1.50909,0.37,0.75
2015.12.14 20:59:01.940,1.50886,1.50907,0.37,0.37
2015.12.14 20:59:01.991,1.5088,1.50907,1.12,1.12
2015.12.14 20:59:02.168,1.50883,1.50907,0.37,1.12
2015.12.14 20:59:02.471,1.50881,1.50904,0.37,0.75
2015.12.14 20:59:02.994,1.50879,1.50904,1.50,0.75
2015.12.14 20:59:03.533,1.50879,1.50905,0.75,1.12
2015.12.14 20:59:04.055,1.50879,1.50904,1.12,1.12
2015.12.14 20:59:05.690,1.5088,1.50904,0.37,0.75
2015.12.14 20:59:08.511,1.50885,1.50904,0.37,0.37
2015.12.14 20:59:08.612,1.50882,1.50904,0.37,0.37
2015.12.14 20:59:08.814,1.5088,1.50904,0.75,0.37
2015.12.14 20:59:09.318,1.5088,1.50905,0.75,0.37
2015.12.14 20:59:09.892,1.50882,1.50905,0.37,0.37
2015.12.14 20:59:10.549,1.5088,1.50905,1.50,0.37
2015.12.14 20:59:11.056,1.50881,1.50906,0.37,0.37
2015.12.14 20:59:11.158,1.50881,1.50903,0.37,0.37
2015.12.14 20:59:11.735,1.50882,1.50903,0.37,0.37
2015.12.14 20:59:11.786,1.5088,1.50903,0.75,0.37
2015.12.14 20:59:12.038,1.5088,1.50905,0.75,1.12
2015.12.14 20:59:12.240,1.50878,1.50904,0.37,0.37
2015.12.14 20:59:12.341,1.50878,1.50902,0.37,0.37
2015.12.14 20:59:12.846,1.50877,1.50903,0.75,0.37
2015.12.14 20:59:13.250,1.50875,1.50903,0.75,0.37
2015.12.14 20:59:13.399,1.50873,1.50903,1.12,0.37
2015.12.14 20:59:13.450,1.50877,1.50903,0.37,0.37
2015.12.14 20:59:13.955,1.50877,1.50902,1.12,0.75
2015.12.14 20:59:15.052,1.50877,1.50903,1.12,1.12
2015.12.14 20:59:16.589,1.50878,1.50903,0.75,0.37
2015.12.14 20:59:16.892,1.5088,1.50905,0.37,0.75
2015.12.14 20:59:17.319,1.50881,1.50903,0.75,0.75
2015.12.14 20:59:17.472,1.50873,1.509,0.75,0.75
2015.12.14 20:59:17.573,1.50872,1.50898,1.50,0.75
2015.12.14 20:59:18.092,1.50875,1.50898,0.37,0.75
2015.12.14 20:59:18.395,1.50878,1.50904,0.37,1.87
2015.12.14 20:59:19.385,1.50879,1.50904,0.75,0.37
2015.12.14 20:59:19.890,1.5088,1.50905,0.37,0.37
2015.12.14 20:59:20.112,1.50883,1.50907,0.37,1.12
2015.12.14 20:59:20.918,1.50879,1.50907,0.37,0.75
2015.12.14 20:59:20.970,1.50879,1.50904,0.37,0.75
2015.12.14 20:59:21.323,1.50879,1.50902,0.37,0.75
2015.12.14 20:59:21.828,1.50879,1.50903,0.37,0.75
2015.12.14 20:59:22.132,1.50881,1.50904,0.37,0.75
2015.12.14 20:59:22.182,1.50881,1.50906,0.37,0.75
2015.12.14 20:59:22.718,1.50884,1.50908,0.37,0.75
2015.12.14 20:59:23.027,1.50884,1.50905,0.37,0.75
2015.12.14 20:59:23.534,1.50884,1.50906,0.37,0.75
2015.12.14 20:59:24.429,1.50884,1.50905,0.37,0.75
2015.12.14 20:59:24.733,1.50878,1.50904,0.75,1.12
2015.12.14 20:59:25.665,1.50878,1.50903,0.37,0.75
2015.12.14 20:59:26.187,1.50878,1.50906,0.75,0.75
2015.12.14 20:59:26.439,1.50881,1.50908,0.37,0.75
2015.12.14 20:59:26.773,1.50883,1.50908,0.75,0.75
2015.12.14 20:59:27.277,1.50884,1.50909,0.75,0.37
2015.12.14 20:59:27.631,1.50885,1.50911,1.12,0.37
2015.12.14 20:59:28.158,1.50886,1.50911,0.37,1.12
2015.12.14 20:59:28.675,1.50886,1.50912,0.37,1.12
2015.12.14 20:59:29.200,1.50887,1.50912,0.75,0.37
2015.12.14 20:59:29.768,1.50887,1.50914,0.37,1.12
2015.12.14 20:59:30.272,1.50888,1.50914,1.12,0.37
2015.12.14 20:59:30.425,1.5089,1.50914,0.75,0.37
2015.12.14 20:59:30.631,1.5089,1.50917,1.12,0.75
2015.12.14 20:59:30.783,1.50898,1.50918,0.75,0.37
2015.12.14 20:59:30.834,1.50898,1.50921,0.75,0.75
2015.12.14 20:59:30.885,1.50896,1.50921,0.75,0.75
2015.12.14 20:59:31.267,1.50894,1.5092,0.75,0.75
2015.12.14 20:59:31.469,1.50897,1.50921,0.37,1.12
2015.12.14 20:59:31.773,1.50905,1.50928,0.75,0.75
2015.12.14 20:59:32.077,1.50908,1.50928,0.75,0.75
2015.12.14 20:59:32.279,1.50908,1.50931,0.75,0.75
2015.12.14 20:59:32.784,1.50909,1.50934,0.75,1.12
2015.12.14 20:59:33.188,1.50913,1.50935,0.75,0.75
2015.12.14 20:59:33.239,1.50913,1.50937,0.75,1.12
2015.12.14 20:59:33.744,1.50914,1.50936,0.75,0.75
2015.12.14 20:59:34.018,1.5091,1.50941,1.12,0.37
2015.12.14 20:59:34.170,1.50917,1.50941,0.75,0.37
2015.12.14 20:59:34.674,1.50916,1.50938,0.37,0.75
2015.12.14 20:59:34.977,1.50917,1.50936,0.75,0.75
2015.12.14 20:59:35.179,1.50912,1.50933,0.75,0.75
2015.12.14 20:59:35.559,1.50911,1.50936,0.37,0.37
2015.12.14 20:59:35.965,1.50908,1.50936,1.12,0.37
2015.12.14 20:59:36.370,1.50909,1.50934,0.37,0.75
2015.12.14 20:59:36.673,1.50907,1.50934,0.37,0.75
2015.12.14 20:59:37.200,1.50907,1.50933,0.37,1.12
2015.12.14 20:59:38.076,1.50909,1.50933,0.37,0.37
2015.12.14 20:59:38.580,1.5091,1.50933,0.75,0.37
2015.12.14 20:59:38.882,1.50913,1.50933,0.37,0.37
2015.12.14 20:59:38.933,1.50913,1.50937,0.37,0.37
2015.12.14 20:59:38.984,1.50911,1.50938,0.37,1.87
2015.12.14 20:59:39.237,1.50909,1.50938,2.62,1.12
2015.12.14 20:59:39.440,1.50909,1.50934,0.37,0.75
2015.12.14 20:59:39.743,1.50913,1.50933,0.75,0.75
2015.12.14 20:59:39.845,1.50913,1.50935,0.75,0.75
2015.12.14 20:59:40.199,1.50911,1.50935,0.75,0.75
2015.12.14 20:59:40.737,1.5091,1.50936,0.37,1.50
2015.12.14 20:59:41.242,1.50909,1.50934,0.37,0.37
2015.12.14 20:59:42.334,1.50907,1.50935,1.50,0.75
2015.12.14 20:59:42.847,1.50908,1.50935,0.37,1.12
2015.12.14 20:59:43.386,1.50908,1.50936,1.12,1.50
2015.12.14 20:59:43.436,1.5091,1.50936,0.37,1.87
2015.12.14 20:59:44.048,1.5091,1.50935,1.12,0.75
2015.12.14 20:59:44.556,1.5091,1.50934,1.50,0.37
2015.12.14 20:59:45.061,1.50911,1.50934,0.75,0.37
2015.12.14 20:59:45.162,1.50913,1.50939,1.12,0.37
2015.12.14 20:59:45.264,1.50915,1.50941,0.37,0.75
2015.12.14 20:59:45.667,1.50917,1.50942,0.75,1.50
2015.12.14 20:59:46.007,1.50915,1.50941,1.12,0.37
2015.12.14 20:59:46.260,1.50918,1.50941,0.75,0.37
2015.12.14 20:59:46.664,1.5092,1.50942,0.75,0.75
2015.12.14 20:59:46.917,1.5092,1.50944,0.75,1.12
2015.12.14 20:59:47.422,1.50921,1.50945,0.75,1.50
2015.12.14 20:59:48.014,1.5092,1.50945,1.12,1.12
2015.12.14 20:59:48.519,1.5092,1.50944,0.37,0.37
2015.12.14 20:59:49.023,1.50921,1.50945,0.75,1.12
2015.12.14 20:59:49.074,1.50921,1.50943,0.75,0.75
2015.12.14 20:59:49.579,1.50921,1.50942,0.75,0.75
2015.12.14 20:59:50.085,1.50922,1.50942,0.75,0.75
2015.12.14 20:59:50.438,1.50919,1.50943,1.12,0.75
2015.12.14 20:59:50.489,1.50919,1.5094,1.12,0.75
2015.12.14 20:59:50.590,1.50919,1.50944,1.12,0.75
2015.12.14 20:59:50.692,1.50918,1.50942,0.75,0.37
2015.12.14 20:59:50.793,1.50916,1.50941,0.37,0.37
2015.12.14 20:59:51.033,1.50917,1.50943,0.75,0.37
2015.12.14 20:59:51.336,1.50917,1.5094,0.75,0.37
2015.12.14 20:59:51.437,1.50915,1.5094,1.12,0.37
2015.12.14 20:59:51.589,1.50915,1.50938,1.12,0.75
2015.12.14 20:59:51.741,1.50913,1.5094,0.75,0.37
2015.12.14 20:59:51.843,1.50915,1.5094,0.37,0.37
2015.12.14 20:59:52.401,1.50915,1.50941,1.12,0.37
2015.12.14 20:59:52.705,1.50919,1.50945,0.75,0.75
2015.12.14 20:59:53.008,1.5092,1.50942,0.75,0.37
2015.12.14 20:59:53.211,1.50918,1.50943,0.75,0.37
2015.12.14 20:59:53.312,1.50918,1.5094,0.75,0.37
2015.12.14 20:59:53.442,1.50918,1.50942,0.75,0.37
2015.12.14 20:59:53.644,1.50918,1.50945,0.75,0.75
2015.12.14 20:59:53.746,1.50919,1.50942,0.75,0.37
2015.12.14 20:59:54.014,1.50915,1.50941,1.50,0.37
2015.12.14 20:59:54.116,1.50917,1.50941,0.75,0.37
2015.12.14 20:59:54.522,1.50919,1.50941,0.37,0.37
2015.12.14 20:59:54.648,1.50917,1.50941,0.75,0.37
2015.12.14 20:59:55.154,1.50919,1.50941,0.75,0.37
2015.12.14 20:59:55.205,1.50919,1.50943,0.75,0.37
2015.12.14 20:59:55.395,1.50917,1.50943,0.75,0.37
2015.12.14 20:59:56.108,1.50917,1.50941,0.75,0.37
2015.12.14 20:59:56.659,1.50918,1.50941,0.75,0.75
2015.12.14 20:59:57.297,1.50918,1.50939,0.75,0.37
2015.12.14 20:59:57.656,1.50914,1.50939,1.50,0.37
2015.12.14 20:59:57.708,1.50914,1.50936,1.50,0.37
2015.12.14 20:59:57.909,1.50912,1.50936,0.75,0.37
2015.12.14 20:59:58.213,1.50911,1.50933,0.75,0.37
2015.12.14 20:59:58.742,1.5091,1.50934,0.75,0.37
2015.12.14 20:59:58.894,1.50911,1.50936,0.75,0.37
2015.12.14 20:59:59.147,1.5091,1.50933,1.12,0.37
2015.12.14 20:59:59.500,1.50909,1.5093,0.75,0.75
2015.12.14 20:59:59.652,1.50907,1.50929,0.75,1.12
2015.12.14 20:59:59.854,1.50905,1.50928,0.75,1.12
