2009.11.26 08:00:00.248,1.5847,1.5852,1.00,1.00
2009.11.26 08:00:00.598,1.5846,1.58515,1.00,1.00
2009.11.26 08:00:00.937,1.5846,1.5852,4.40,1.00
2009.11.26 08:00:01.217,1.5846,1.5851,1.00,1.00
2009.11.26 08:00:01.447,1.58465,1.5851,1.00,1.00
2009.11.26 08:00:01.727,1.58465,1.58515,1.00,1.00
2009.11.26 08:00:02.447,1.5846,1.58515,2.00,1.00
2009.11.26 08:00:02.777,1.58465,1.5852,1.00,1.00
2009.11.26 08:00:03.177,1.58465,1.5852,1.80,1.00
2009.11.26 08:00:03.457,1.5846,1.5852,1.00,1.00
2009.11.26 08:00:03.807,1.5846,1.5851,1.00,1.00
2009.11.26 08:00:04.147,1.5846,1.5851,1.00,1.00
2009.11.26 08:00:04.377,1.58455,1.5851,1.60,1.70
2009.11.26 08:00:04.607,1.5846,1.5851,1.00,1.00
2009.11.26 08:00:04.827,1.58455,1.5851,1.60,1.00
2009.11.26 08:00:05.047,1.5846,1.5851,1.00,1.00
2009.11.26 08:00:05.546,1.58455,1.5851,1.20,1.00
2009.11.26 08:00:05.786,1.58455,1.5851,1.00,1.70
2009.11.26 08:00:06.076,1.5845,1.58505,1.00,2.00
2009.11.26 08:00:06.356,1.58445,1.58505,1.00,2.00
2009.11.26 08:00:07.046,1.5844,1.58495,1.00,1.00
2009.11.26 08:00:07.446,1.58435,1.5849,1.00,1.00
2009.11.26 08:00:07.896,1.5844,1.58485,1.00,1.00
2009.11.26 08:00:10.465,1.58435,1.58485,2.20,1.00
2009.11.26 08:00:10.635,1.5844,1.58485,1.00,1.00
2009.11.26 08:00:10.925,1.5845,1.58495,1.00,1.00
2009.11.26 08:00:11.155,1.58455,1.585,1.00,3.30
2009.11.26 08:00:11.375,1.58455,1.585,1.60,1.00
2009.11.26 08:00:11.605,1.5845,1.58495,3.60,1.00
2009.11.26 08:00:11.965,1.58455,1.585,1.00,1.00
2009.11.26 08:00:12.325,1.58455,1.58505,1.00,1.00
2009.11.26 08:00:13.384,1.58455,1.585,3.00,1.00
2009.11.26 08:00:13.714,1.58455,1.585,1.00,1.00
2009.11.26 08:00:14.464,1.5846,1.585,1.00,1.00
2009.11.26 08:00:14.854,1.58455,1.585,1.00,1.00
2009.11.26 08:00:17.363,1.5846,1.58505,2.40,1.00
2009.11.26 08:00:17.523,1.58465,1.58505,1.00,1.00
2009.11.26 08:00:19.263,1.5846,1.58505,2.00,1.00
2009.11.26 08:00:19.383,1.58455,1.585,5.00,1.00
2009.11.26 08:00:19.443,1.58455,1.585,3.00,1.00
2009.11.26 08:00:19.603,1.58455,1.585,2.00,1.00
2009.11.26 08:00:19.713,1.58455,1.585,1.60,1.00
2009.11.26 08:00:19.953,1.58455,1.585,1.00,1.00
2009.11.26 08:00:20.653,1.5845,1.58495,4.20,1.00
2009.11.26 08:00:21.033,1.5845,1.58495,2.40,1.00
2009.11.26 08:00:21.713,1.58455,1.585,1.00,1.00
2009.11.26 08:00:22.062,1.58465,1.58505,1.00,1.00
2009.11.26 08:00:23.172,1.5846,1.58505,2.80,1.00
2009.11.26 08:00:23.632,1.5846,1.58505,2.40,1.00
2009.11.26 08:00:24.152,1.58455,1.585,2.60,1.00
2009.11.26 08:00:24.452,1.58455,1.585,1.00,1.00
2009.11.26 08:00:25.382,1.5847,1.5851,1.60,1.20
2009.11.26 08:00:25.671,1.58465,1.5851,1.60,1.00
2009.11.26 08:00:27.161,1.58475,1.58495,1.60,1.00
2009.11.26 08:00:27.451,1.58465,1.585,1.60,1.00
2009.11.26 08:00:27.751,1.58455,1.58495,2.80,1.00
2009.11.26 08:00:28.031,1.58455,1.58495,2.40,1.00
2009.11.26 08:00:29.061,1.58465,1.58495,1.60,1.00
2009.11.26 08:00:29.241,1.58465,1.585,1.60,1.00
2009.11.26 08:00:31.420,1.58455,1.5849,2.40,1.00
2009.11.26 08:00:31.720,1.5845,1.5849,2.40,1.00
2009.11.26 08:00:32.100,1.5845,1.5849,1.60,1.00
2009.11.26 08:00:33.810,1.58455,1.58495,1.60,1.00
2009.11.26 08:00:34.499,1.5846,1.585,1.00,3.20
2009.11.26 08:00:34.669,1.58465,1.58505,2.40,3.50
2009.11.26 08:00:34.839,1.5847,1.5851,1.60,1.00
2009.11.26 08:00:35.700,1.58465,1.585,2.00,1.00
2009.11.26 08:00:36.000,1.58465,1.5851,1.60,3.60
2009.11.26 08:00:36.229,1.58465,1.585,1.60,1.00
2009.11.26 08:00:37.099,1.58465,1.58505,1.60,1.00
2009.11.26 08:00:38.258,1.5846,1.58495,1.00,1.00
2009.11.26 08:00:38.599,1.5845,1.58495,1.00,1.00
2009.11.26 08:00:39.108,1.5844,1.58495,2.00,1.00
2009.11.26 08:00:39.338,1.58435,1.58495,10.70,1.00
2009.11.26 08:00:40.138,1.5844,1.5849,1.00,1.00
2009.11.26 08:00:41.128,1.5844,1.58485,1.00,1.00
2009.11.26 08:00:41.818,1.58435,1.58485,1.00,1.00
2009.11.26 08:00:42.158,1.58435,1.58485,1.00,1.00
2009.11.26 08:00:42.558,1.5843,1.58485,2.20,1.00
2009.11.26 08:00:43.167,1.58445,1.58485,1.60,1.00
2009.11.26 08:00:43.457,1.58445,1.58495,1.60,3.60
2009.11.26 08:00:44.777,1.58455,1.58495,1.00,3.50
2009.11.26 08:00:45.057,1.58455,1.585,1.00,1.00
2009.11.26 08:00:46.066,1.58455,1.585,1.00,1.00
2009.11.26 08:00:46.357,1.58455,1.585,1.00,1.00
2009.11.26 08:00:46.587,1.5845,1.585,2.40,1.00
2009.11.26 08:00:46.946,1.58455,1.585,1.00,1.00
2009.11.26 08:00:54.395,1.5846,1.58505,2.40,1.00
2009.11.26 08:00:57.154,1.5845,1.585,1.20,1.00
2009.11.26 08:00:57.504,1.58445,1.585,1.00,1.00
2009.11.26 08:00:57.614,1.58445,1.58505,1.00,1.70
2009.11.26 08:00:57.724,1.58445,1.585,1.00,1.00
2009.11.26 08:00:57.844,1.5846,1.585,1.00,1.00
2009.11.26 08:00:57.954,1.5845,1.585,1.00,1.00
2009.11.26 08:00:58.064,1.5846,1.5851,1.00,1.60
2009.11.26 08:00:58.464,1.5846,1.58505,1.00,1.00
2009.11.26 08:00:58.854,1.58465,1.58515,1.00,1.00
2009.11.26 08:00:59.194,1.58465,1.58515,1.00,1.00
2009.11.26 08:00:59.543,1.58455,1.58515,2.20,1.00
2009.11.26 08:00:59.823,1.5846,1.58515,1.00,1.00
2009.11.26 08:01:00.043,1.58465,1.58515,1.00,1.00
2009.11.26 08:01:00.723,1.58455,1.58515,1.00,1.70
2009.11.26 08:01:01.063,1.5846,1.58515,1.00,1.00
2009.11.26 08:01:01.413,1.58465,1.58515,1.00,1.00
2009.11.26 08:01:01.753,1.5848,1.58525,1.00,1.70
2009.11.26 08:01:02.113,1.58465,1.5851,4.00,1.80
2009.11.26 08:01:02.463,1.58465,1.58515,4.00,1.00
2009.11.26 08:01:02.813,1.58465,1.58515,1.00,1.00
2009.11.26 08:01:04.032,1.58475,1.58525,1.00,1.00
2009.11.26 08:01:04.492,1.5847,1.58525,1.00,1.00
2009.11.26 08:01:04.662,1.58465,1.58525,1.20,1.00
2009.11.26 08:01:04.892,1.58465,1.58525,1.00,1.00
2009.11.26 08:01:06.182,1.58465,1.58515,1.00,1.00
2009.11.26 08:01:06.532,1.58465,1.585,1.00,1.00
2009.11.26 08:01:06.882,1.58465,1.58515,2.00,1.00
2009.11.26 08:01:07.231,1.58465,1.5851,4.40,1.00
2009.11.26 08:01:07.612,1.58465,1.5851,1.00,1.00
2009.11.26 08:01:10.761,1.58465,1.58495,1.20,1.00
2009.11.26 08:01:11.621,1.5846,1.58495,4.40,1.00
2009.11.26 08:01:11.971,1.58455,1.58495,5.20,1.00
2009.11.26 08:01:12.321,1.5847,1.58505,1.00,1.00
2009.11.26 08:01:12.560,1.5847,1.5851,1.00,1.30
2009.11.26 08:01:12.790,1.5847,1.5851,1.00,1.00
2009.11.26 08:01:14.410,1.5847,1.5851,1.00,1.00
2009.11.26 08:01:15.110,1.5846,1.585,1.20,1.00
2009.11.26 08:01:15.340,1.5846,1.585,1.00,1.00
2009.11.26 08:01:16.269,1.5846,1.58495,1.00,1.00
2009.11.26 08:01:16.609,1.5845,1.58495,1.00,1.00
2009.11.26 08:01:17.029,1.58445,1.585,1.00,1.00
2009.11.26 08:01:19.689,1.58445,1.585,1.00,1.00
2009.11.26 08:01:19.748,1.5845,1.585,1.00,1.00
2009.11.26 08:01:20.358,1.58445,1.58495,1.40,1.00
2009.11.26 08:01:20.698,1.5845,1.585,1.00,1.00
2009.11.26 08:01:21.098,1.5844,1.58495,2.00,1.00
2009.11.26 08:01:21.268,1.5845,1.58495,1.00,1.00
2009.11.26 08:01:21.498,1.58445,1.585,1.00,1.00
2009.11.26 08:01:21.678,1.5845,1.58505,1.00,2.30
2009.11.26 08:01:21.908,1.58455,1.58505,1.40,1.20
2009.11.26 08:01:22.078,1.5846,1.58505,1.00,1.00
2009.11.26 08:01:22.418,1.5845,1.58505,1.00,1.00
2009.11.26 08:01:22.758,1.5845,1.58505,1.00,1.00
2009.11.26 08:01:23.098,1.58455,1.58505,1.00,1.00
2009.11.26 08:01:23.458,1.58445,1.585,1.00,1.00
2009.11.26 08:01:23.748,1.58445,1.585,5.00,1.00
2009.11.26 08:01:24.037,1.5844,1.585,1.00,1.70
2009.11.26 08:01:24.487,1.58445,1.585,1.00,1.70
2009.11.26 08:01:24.607,1.5845,1.585,1.00,1.00
2009.11.26 08:01:24.837,1.58445,1.585,1.40,1.70
2009.11.26 08:01:25.017,1.5844,1.585,1.30,1.70
2009.11.26 08:01:25.127,1.5845,1.585,1.00,1.00
2009.11.26 08:01:25.397,1.58445,1.585,1.80,1.00
2009.11.26 08:01:25.627,1.5845,1.585,1.00,1.00
2009.11.26 08:01:25.907,1.58445,1.585,2.40,1.00
2009.11.26 08:01:26.187,1.5846,1.585,1.00,1.00
2009.11.26 08:01:26.477,1.58465,1.5851,1.00,1.00
2009.11.26 08:01:26.707,1.58465,1.5851,1.00,1.00
2009.11.26 08:01:26.997,1.58455,1.5851,1.00,1.00
2009.11.26 08:01:27.227,1.58465,1.5851,1.00,1.00
2009.11.26 08:01:27.517,1.58455,1.5851,1.80,1.00
2009.11.26 08:01:27.816,1.5846,1.5851,1.00,1.00
2009.11.26 08:01:28.146,1.58465,1.5851,1.00,1.00
2009.11.26 08:01:28.486,1.5846,1.5851,1.00,1.20
2009.11.26 08:01:28.776,1.58465,1.5851,1.00,1.00
2009.11.26 08:01:29.116,1.5844,1.585,1.20,1.00
2009.11.26 08:01:29.416,1.5844,1.585,2.20,1.00
2009.11.26 08:01:29.596,1.5844,1.585,1.00,1.00
2009.11.26 08:01:29.816,1.58445,1.58505,1.00,1.00
2009.11.26 08:01:30.046,1.5845,1.58505,1.00,1.00
2009.11.26 08:01:30.226,1.5846,1.58505,1.00,1.00
2009.11.26 08:01:30.446,1.58455,1.5851,1.00,3.10
2009.11.26 08:01:30.736,1.5846,1.58505,1.00,1.00
2009.11.26 08:01:31.138,1.58455,1.58505,1.00,1.00
2009.11.26 08:01:31.426,1.5845,1.5851,1.00,2.00
2009.11.26 08:01:31.726,1.5845,1.5851,1.00,2.40
2009.11.26 08:01:32.026,1.5846,1.58505,1.00,1.00
2009.11.26 08:01:32.265,1.5845,1.5851,1.00,2.30
2009.11.26 08:01:32.956,1.5846,1.5851,1.00,1.00
2009.11.26 08:01:33.185,1.58455,1.5851,1.00,2.30
2009.11.26 08:01:33.355,1.5845,1.5851,1.00,3.40
2009.11.26 08:01:33.595,1.5845,1.585,1.00,1.00
2009.11.26 08:01:33.945,1.58445,1.585,2.20,1.00
2009.11.26 08:01:34.235,1.5845,1.585,1.00,1.00
2009.11.26 08:01:34.575,1.58445,1.585,1.00,1.00
2009.11.26 08:01:35.215,1.58445,1.58505,1.00,3.20
2009.11.26 08:01:35.905,1.58445,1.5849,1.00,1.00
2009.11.26 08:01:37.004,1.58445,1.58485,1.00,1.00
2009.11.26 08:01:37.344,1.5844,1.58485,4.40,1.00
2009.11.26 08:01:37.644,1.5844,1.58485,1.00,1.00
2009.11.26 08:01:38.214,1.58435,1.58475,1.00,1.00
2009.11.26 08:01:41.343,1.5844,1.58485,1.00,1.00
2009.11.26 08:01:42.263,1.58435,1.58485,1.00,1.00
2009.11.26 08:01:43.523,1.5843,1.5848,1.00,1.00
2009.11.26 08:01:47.342,1.5843,1.58485,1.00,1.00
2009.11.26 08:01:47.682,1.58435,1.58485,1.00,1.00
2009.11.26 08:02:02.978,1.58415,1.58465,1.00,1.00
2009.11.26 08:02:04.278,1.5842,1.58465,1.00,1.00
2009.11.26 08:02:13.796,1.58425,1.58475,1.00,1.00
2009.11.26 08:02:24.453,1.5842,1.58475,2.20,1.00
2009.11.26 08:02:24.613,1.5842,1.58465,1.20,1.00
2009.11.26 08:02:24.953,1.5842,1.58465,1.00,1.00
2009.11.26 08:02:36.740,1.5841,1.58455,1.00,1.00
2009.11.26 08:02:41.469,1.58415,1.58465,1.00,1.00
2009.11.26 08:02:41.809,1.58415,1.58465,1.00,1.00
2009.11.26 08:02:43.108,1.5841,1.58455,2.60,1.00
2009.11.26 08:02:43.229,1.5841,1.58455,1.00,1.00
2009.11.26 08:02:48.887,1.5842,1.58465,1.00,1.00
2009.11.26 08:02:49.417,1.5842,1.5847,1.00,1.00
2009.11.26 08:02:50.137,1.5842,1.58465,1.00,1.00
2009.11.26 08:02:56.855,1.58415,1.5845,1.20,1.00
2009.11.26 08:02:57.195,1.58405,1.5845,1.00,1.00
2009.11.26 08:02:57.535,1.584,1.5845,2.00,1.00
2009.11.26 08:02:57.835,1.584,1.5845,1.60,1.00
2009.11.26 08:02:58.065,1.584,1.58455,1.60,1.00
2009.11.26 08:02:58.355,1.58405,1.58455,1.00,1.00
2009.11.26 08:02:58.935,1.5841,1.58455,1.00,1.00
2009.11.26 08:03:01.464,1.58405,1.58455,2.00,1.00
2009.11.26 08:03:01.744,1.58405,1.58455,1.20,1.00
2009.11.26 08:03:02.624,1.58405,1.5846,1.00,1.00
2009.11.26 08:03:04.273,1.5841,1.58455,1.00,1.00
2009.11.26 08:03:05.813,1.5841,1.58455,1.20,1.00
2009.11.26 08:03:13.181,1.58415,1.58465,1.00,1.00
2009.11.26 08:03:16.320,1.5841,1.58455,2.00,1.00
2009.11.26 08:03:16.661,1.58405,1.58455,1.20,1.00
2009.11.26 08:03:17.360,1.58405,1.58455,1.00,1.00
2009.11.26 08:03:19.380,1.58405,1.58445,1.00,1.00
2009.11.26 08:03:19.610,1.584,1.58445,2.00,1.00
2009.11.26 08:03:19.830,1.58405,1.5845,1.00,1.00
2009.11.26 08:03:20.010,1.58405,1.5845,2.40,1.00
2009.11.26 08:03:20.530,1.58405,1.58445,2.40,1.00
2009.11.26 08:03:22.259,1.58405,1.5845,2.40,1.00
2009.11.26 08:03:22.599,1.5841,1.58445,1.00,1.00
2009.11.26 08:03:22.879,1.584,1.58445,1.60,1.00
2009.11.26 08:03:23.499,1.58405,1.58445,1.00,1.00
2009.11.26 08:03:25.718,1.58405,1.58445,1.20,1.00
2009.11.26 08:03:26.628,1.58405,1.58445,1.20,1.00
2009.11.26 08:03:34.766,1.58405,1.58445,1.00,1.00
2009.11.26 08:03:35.096,1.58405,1.58445,1.20,1.00
2009.11.26 08:03:35.386,1.58405,1.58445,1.00,1.00
2009.11.26 08:03:37.435,1.584,1.58445,1.20,1.00
2009.11.26 08:03:38.135,1.584,1.58445,1.00,1.00
2009.11.26 08:03:38.355,1.584,1.58445,1.60,1.00
2009.11.26 08:03:38.645,1.58405,1.58445,1.00,1.00
2009.11.26 08:03:38.875,1.58405,1.58435,1.00,1.00
2009.11.26 08:03:39.265,1.584,1.58435,1.00,1.00
2009.11.26 08:03:41.254,1.58405,1.58445,1.00,1.00
2009.11.26 08:03:41.485,1.5841,1.58445,1.00,1.00
2009.11.26 08:03:41.884,1.584,1.58445,1.00,1.00
2009.11.26 08:03:42.124,1.58395,1.58445,1.20,1.00
2009.11.26 08:03:44.594,1.584,1.58445,1.00,1.00
2009.11.26 08:03:44.944,1.58395,1.58445,1.20,1.00
2009.11.26 08:03:45.183,1.58395,1.58445,1.40,1.00
2009.11.26 08:03:45.344,1.58395,1.58445,2.20,1.00
2009.11.26 08:03:45.454,1.58395,1.58445,2.20,1.70
2009.11.26 08:03:45.803,1.58395,1.58445,1.20,1.70
2009.11.26 08:03:46.174,1.58395,1.58445,1.20,1.00
2009.11.26 08:03:46.523,1.58395,1.58445,1.00,1.00
2009.11.26 08:03:54.101,1.5839,1.58435,1.00,1.00
2009.11.26 08:03:54.271,1.5839,1.58435,1.00,1.00
2009.11.26 08:03:54.561,1.58385,1.58435,2.20,1.00
2009.11.26 08:03:56.291,1.58385,1.58445,2.20,2.50
2009.11.26 08:03:56.581,1.58385,1.5844,1.80,1.00
2009.11.26 08:03:58.811,1.5839,1.58435,1.00,1.00
2009.11.26 08:04:04.549,1.58385,1.58435,1.00,1.00
2009.11.26 08:04:05.250,1.58385,1.5844,1.00,1.10
2009.11.26 08:04:06.338,1.58385,1.58435,1.00,1.00
2009.11.26 08:04:06.688,1.58395,1.5844,1.00,1.00
2009.11.26 08:04:07.028,1.58395,1.58445,1.00,1.00
2009.11.26 08:04:09.048,1.584,1.5845,1.00,1.00
2009.11.26 08:04:10.158,1.58395,1.5845,1.00,1.00
2009.11.26 08:04:10.457,1.58395,1.58445,1.00,1.00
2009.11.26 08:04:12.487,1.5839,1.58445,1.00,1.70
2009.11.26 08:04:12.717,1.58395,1.58445,1.00,2.80
2009.11.26 08:04:12.947,1.58395,1.58445,1.00,1.00
2009.11.26 08:04:13.217,1.5839,1.58435,1.00,1.60
2009.11.26 08:04:13.447,1.58395,1.58445,1.00,1.00
2009.11.26 08:04:13.737,1.5839,1.5844,1.20,1.00
2009.11.26 08:04:14.037,1.584,1.58445,1.00,1.70
2009.11.26 08:04:14.367,1.58395,1.58435,1.00,1.00
2009.11.26 08:04:14.666,1.5839,1.5844,1.00,1.30
2009.11.26 08:04:15.026,1.58385,1.5844,1.80,1.00
2009.11.26 08:04:15.376,1.584,1.58445,1.00,1.70
2009.11.26 08:04:15.716,1.58405,1.58445,1.00,1.00
2009.11.26 08:04:16.616,1.584,1.58445,1.00,1.00
2009.11.26 08:04:16.956,1.58395,1.5844,1.00,1.00
2009.11.26 08:04:18.146,1.58385,1.5843,1.00,1.00
2009.11.26 08:04:18.816,1.58395,1.5844,1.00,1.00
2009.11.26 08:04:19.115,1.58395,1.5844,1.00,1.00
2009.11.26 08:04:20.005,1.584,1.58445,1.00,1.00
2009.11.26 08:04:20.175,1.584,1.5845,1.00,1.00
2009.11.26 08:04:32.612,1.5841,1.5845,1.00,1.00
2009.11.26 08:04:32.852,1.5841,1.5846,1.00,1.00
2009.11.26 08:04:33.372,1.58405,1.58455,1.00,1.00
2009.11.26 08:04:33.953,1.58395,1.5846,7.20,6.10
2009.11.26 08:04:34.191,1.58395,1.58455,2.00,1.00
2009.11.26 08:04:34.472,1.584,1.58455,1.00,1.00
2009.11.26 08:04:34.771,1.58395,1.58455,2.00,1.00
2009.11.26 08:04:35.052,1.584,1.58455,1.00,1.00
2009.11.26 08:04:35.342,1.584,1.58455,1.00,1.00
2009.11.26 08:04:35.681,1.584,1.58455,1.80,1.00
2009.11.26 08:04:35.971,1.5841,1.58465,1.00,1.30
2009.11.26 08:04:37.001,1.58405,1.58465,1.00,1.60
2009.11.26 08:04:37.341,1.58405,1.5846,2.20,1.00
2009.11.26 08:04:37.641,1.5841,1.58455,1.00,1.00
2009.11.26 08:04:37.931,1.58405,1.58465,1.20,1.60
2009.11.26 08:04:38.211,1.58415,1.5847,1.00,1.30
2009.11.26 08:04:38.511,1.5841,1.58465,1.20,1.00
2009.11.26 08:04:38.801,1.5841,1.58465,1.00,1.00
2009.11.26 08:04:39.151,1.58405,1.58465,3.00,1.70
2009.11.26 08:04:39.440,1.5841,1.58465,1.00,1.00
2009.11.26 08:04:39.551,1.58405,1.58465,3.00,1.70
2009.11.26 08:04:40.130,1.58405,1.58465,2.20,1.70
2009.11.26 08:04:40.490,1.5841,1.58465,1.00,1.00
2009.11.26 08:04:40.820,1.58405,1.58465,1.60,1.70
2009.11.26 08:04:41.120,1.58405,1.58465,3.00,1.70
2009.11.26 08:04:41.400,1.584,1.5846,2.90,1.00
2009.11.26 08:04:41.641,1.58405,1.58455,1.00,1.00
2009.11.26 08:04:41.970,1.58395,1.58455,3.00,1.00
2009.11.26 08:04:42.320,1.584,1.58455,1.00,1.00
2009.11.26 08:04:42.660,1.584,1.58455,1.00,1.00
2009.11.26 08:04:42.990,1.58395,1.5845,1.20,1.00
2009.11.26 08:04:43.320,1.584,1.58455,1.60,1.00
2009.11.26 08:04:43.710,1.584,1.58455,1.00,1.00
2009.11.26 08:04:44.229,1.58395,1.5845,1.00,1.00
2009.11.26 08:04:44.569,1.584,1.58455,1.00,1.00
2009.11.26 08:04:44.849,1.58395,1.58455,2.00,1.00
2009.11.26 08:04:44.950,1.584,1.58455,1.00,1.00
2009.11.26 08:04:45.579,1.58395,1.58455,3.00,1.70
2009.11.26 08:04:45.749,1.584,1.58455,1.00,1.00
2009.11.26 08:04:46.099,1.58395,1.58455,1.20,1.70
2009.11.26 08:04:46.429,1.584,1.58445,1.00,1.00
2009.11.26 08:04:46.829,1.58395,1.58445,1.00,1.00
2009.11.26 08:04:47.119,1.5839,1.58445,1.00,1.20
2009.11.26 08:04:47.469,1.5838,1.58435,3.00,1.00
2009.11.26 08:04:47.798,1.58385,1.58435,1.00,1.00
2009.11.26 08:04:48.139,1.5838,1.58435,1.00,1.00
2009.11.26 08:04:48.538,1.5838,1.58435,1.80,1.00
2009.11.26 08:04:48.878,1.58385,1.58435,1.00,1.00
2009.11.26 08:04:49.228,1.58385,1.58435,1.00,1.70
2009.11.26 08:04:49.588,1.5838,1.58435,1.00,1.70
2009.11.26 08:04:49.928,1.58375,1.5843,1.00,1.00
2009.11.26 08:04:50.158,1.5838,1.5843,1.00,1.00
2009.11.26 08:04:50.798,1.58385,1.58425,1.20,1.00
2009.11.26 08:04:51.147,1.5839,1.5843,1.00,1.00
2009.11.26 08:04:51.487,1.5839,1.5843,1.60,1.00
2009.11.26 08:04:53.097,1.5839,1.5843,1.00,1.00
2009.11.26 08:04:53.317,1.5839,1.5842,1.00,1.00
2009.11.26 08:04:53.497,1.5838,1.58425,4.00,1.00
2009.11.26 08:04:53.667,1.58385,1.5843,1.00,1.00
2009.11.26 08:04:54.717,1.5839,1.5843,2.00,1.00
2009.11.26 08:04:55.117,1.5839,1.5843,2.80,1.00
2009.11.26 08:04:55.707,1.58395,1.5843,1.20,1.00
2009.11.26 08:04:57.496,1.584,1.58445,1.20,1.00
2009.11.26 08:04:58.177,1.584,1.58445,1.20,1.00
2009.11.26 08:04:59.196,1.584,1.58445,4.40,1.00
2009.11.26 08:04:59.656,1.584,1.5845,4.60,3.40
2009.11.26 08:04:59.776,1.584,1.5845,6.20,1.60
2009.11.26 08:04:59.835,1.584,1.58455,6.20,1.20
2009.11.26 08:04:59.945,1.584,1.58455,3.00,1.20
2009.11.26 08:05:00.156,1.584,1.58455,3.00,1.00
2009.11.26 08:05:00.455,1.58405,1.58455,1.00,1.30
2009.11.26 08:05:00.745,1.584,1.5845,1.00,1.00
2009.11.26 08:05:02.185,1.584,1.58455,2.20,1.00
2009.11.26 08:05:03.555,1.584,1.5846,6.20,3.20
2009.11.26 08:05:03.895,1.58405,1.5846,1.00,2.80
2009.11.26 08:05:04.525,1.58405,1.5846,1.00,1.00
2009.11.26 08:05:04.764,1.58405,1.58455,1.00,1.00
2009.11.26 08:05:05.894,1.584,1.5845,4.40,1.00
2009.11.26 08:05:06.234,1.584,1.5845,1.60,1.00
2009.11.26 08:05:06.574,1.584,1.5845,1.20,1.00
2009.11.26 08:05:07.094,1.584,1.5845,1.40,1.00
2009.11.26 08:05:08.315,1.58405,1.5845,1.00,1.00
2009.11.26 08:05:09.973,1.58405,1.58455,1.00,1.60
2009.11.26 08:05:10.143,1.58405,1.5846,1.00,3.10
2009.11.26 08:05:10.493,1.5841,1.5846,1.00,1.00
2009.11.26 08:05:10.833,1.5841,1.58465,1.60,1.00
2009.11.26 08:05:11.183,1.5841,1.58465,2.90,1.00
2009.11.26 08:05:11.413,1.5841,1.58465,3.30,1.00
2009.11.26 08:05:11.983,1.58415,1.58465,1.00,1.00
2009.11.26 08:05:12.223,1.58415,1.58465,1.00,1.00
2009.11.26 08:05:12.562,1.5842,1.5847,1.00,2.70
2009.11.26 08:05:12.953,1.58435,1.5848,1.60,1.20
2009.11.26 08:05:13.253,1.5845,1.5848,1.00,1.00
2009.11.26 08:05:13.592,1.58465,1.58495,1.00,1.00
2009.11.26 08:05:13.832,1.58465,1.585,1.00,1.00
2009.11.26 08:05:14.162,1.58475,1.58525,1.00,1.00
2009.11.26 08:05:14.442,1.5848,1.58535,1.00,1.00
2009.11.26 08:05:14.942,1.58485,1.58535,1.00,1.00
2009.11.26 08:05:15.112,1.5848,1.58535,2.00,1.00
2009.11.26 08:05:15.352,1.5848,1.5854,2.00,2.00
2009.11.26 08:05:15.692,1.5848,1.5854,2.00,1.20
2009.11.26 08:05:15.982,1.5848,1.5854,2.00,1.00
2009.11.26 08:05:16.261,1.58485,1.58545,1.00,2.00
2009.11.26 08:05:16.602,1.5848,1.5854,1.60,1.20
2009.11.26 08:05:16.941,1.5847,1.58525,2.10,2.40
2009.11.26 08:05:17.291,1.5848,1.58525,1.00,1.60
2009.11.26 08:05:17.641,1.5848,1.58535,1.00,1.00
2009.11.26 08:05:17.971,1.5848,1.58535,1.00,1.00
2009.11.26 08:05:18.671,1.5848,1.5854,1.00,1.60
2009.11.26 08:05:18.961,1.5848,1.5854,1.60,1.60
2009.11.26 08:05:19.251,1.5849,1.5854,1.00,1.00
2009.11.26 08:05:19.481,1.5849,1.58545,1.00,1.00
2009.11.26 08:05:19.721,1.58495,1.5855,1.00,1.00
2009.11.26 08:05:20.001,1.58505,1.58555,1.00,1.00
2009.11.26 08:05:20.451,1.585,1.58555,1.00,1.00
2009.11.26 08:05:21.760,1.58495,1.58545,1.60,1.00
2009.11.26 08:05:22.100,1.58495,1.58545,1.00,1.00
2009.11.26 08:05:22.481,1.5849,1.58545,1.00,3.40
2009.11.26 08:05:22.760,1.58495,1.5855,2.20,1.20
2009.11.26 08:05:23.160,1.58495,1.5855,1.00,1.00
2009.11.26 08:05:24.210,1.58495,1.58545,1.00,1.00
2009.11.26 08:05:24.560,1.58495,1.58545,2.00,3.60
2009.11.26 08:05:25.119,1.58495,1.5854,2.00,1.00
2009.11.26 08:05:25.279,1.58485,1.58535,1.20,1.00
2009.11.26 08:05:25.509,1.58485,1.5853,1.20,1.00
2009.11.26 08:05:25.751,1.5848,1.5853,1.00,1.00
2009.11.26 08:05:30.158,1.58485,1.58535,1.00,1.00
2009.11.26 08:05:31.908,1.5848,1.5853,1.00,1.00
2009.11.26 08:05:33.278,1.58485,1.58535,1.00,1.00
2009.11.26 08:05:33.518,1.58485,1.5852,1.00,1.00
2009.11.26 08:05:33.637,1.58485,1.58515,1.00,1.60
2009.11.26 08:05:33.757,1.58475,1.58515,4.40,1.60
2009.11.26 08:05:35.397,1.58475,1.58525,5.20,3.80
2009.11.26 08:05:35.747,1.58475,1.58525,4.40,3.80
2009.11.26 08:05:36.077,1.5847,1.5852,1.00,1.00
2009.11.26 08:05:37.717,1.58475,1.58525,1.00,2.50
2009.11.26 08:05:38.006,1.58475,1.58525,2.20,2.50
2009.11.26 08:05:39.966,1.5848,1.5854,1.00,1.60
2009.11.26 08:05:40.836,1.5848,1.5853,1.00,1.00
2009.11.26 08:05:41.116,1.58475,1.5853,1.00,1.00
2009.11.26 08:05:41.346,1.5848,1.58535,1.60,1.00
2009.11.26 08:05:41.636,1.5848,1.5854,2.10,1.00
2009.11.26 08:05:41.925,1.5848,1.5854,7.20,1.00
2009.11.26 08:05:42.275,1.58485,1.58545,1.60,1.60
2009.11.26 08:05:42.555,1.58485,1.5854,1.00,1.00
2009.11.26 08:05:42.935,1.5849,1.58545,1.00,1.20
2009.11.26 08:05:43.275,1.5849,1.58545,1.00,1.00
2009.11.26 08:05:43.605,1.5849,1.5854,1.00,1.00
2009.11.26 08:05:43.945,1.58485,1.58535,1.00,1.60
2009.11.26 08:05:45.324,1.58485,1.58535,1.00,1.60
2009.11.26 08:05:45.914,1.5848,1.58535,1.60,1.70
2009.11.26 08:05:46.194,1.5848,1.5853,5.40,1.00
2009.11.26 08:05:56.842,1.5848,1.5853,5.40,1.00
2009.11.26 08:05:56.962,1.5848,1.5852,5.20,1.00
2009.11.26 08:05:57.012,1.58475,1.58525,5.40,1.60
2009.11.26 08:05:57.122,1.58475,1.5853,4.10,2.00
2009.11.26 08:05:57.182,1.58475,1.5853,1.00,1.00
2009.11.26 08:06:00.821,1.58475,1.5853,2.50,1.00
2009.11.26 08:06:01.101,1.5848,1.5853,1.40,1.00
2009.11.26 08:06:01.901,1.5848,1.5853,5.40,1.00
2009.11.26 08:06:03.410,1.5848,1.5853,1.40,1.00
2009.11.26 08:06:03.640,1.5848,1.5853,1.20,1.00
2009.11.26 08:06:03.870,1.58475,1.5853,4.10,1.00
2009.11.26 08:06:04.100,1.58475,1.5853,1.00,1.00
2009.11.26 08:06:09.429,1.58475,1.58525,1.00,1.60
2009.11.26 08:06:09.551,1.58475,1.5852,2.00,1.00
2009.11.26 08:06:09.609,1.58475,1.5853,5.40,1.00
2009.11.26 08:06:09.719,1.58475,1.5853,1.00,1.00
2009.11.26 08:06:10.428,1.58475,1.58525,1.00,5.20
2009.11.26 08:06:10.768,1.5845,1.58495,1.20,1.00
2009.11.26 08:06:11.119,1.5844,1.5849,1.00,1.00
2009.11.26 08:06:11.458,1.5842,1.5849,1.00,1.00
2009.11.26 08:06:18.147,1.5841,1.58465,1.00,1.00
2009.11.26 08:06:20.336,1.58415,1.58465,1.00,1.00
2009.11.26 08:06:20.386,1.58415,1.58465,1.40,1.00
2009.11.26 08:06:20.616,1.58415,1.58465,2.20,1.00
2009.11.26 08:06:23.545,1.58415,1.5846,2.00,1.60
2009.11.26 08:06:23.716,1.5841,1.58455,2.00,1.00
2009.11.26 08:06:23.825,1.5841,1.58455,1.20,1.00
2009.11.26 08:06:24.345,1.5841,1.5845,1.20,1.00
2009.11.26 08:06:24.725,1.584,1.5845,1.00,1.00
2009.11.26 08:06:26.445,1.584,1.5846,1.60,1.60
2009.11.26 08:06:26.675,1.58405,1.5846,1.00,1.20
2009.11.26 08:06:26.844,1.5841,1.5846,1.00,1.00
2009.11.26 08:06:27.065,1.5841,1.58465,1.00,1.20
2009.11.26 08:06:27.294,1.58415,1.5847,1.00,1.00
2009.11.26 08:06:27.474,1.5842,1.58475,1.00,1.20
2009.11.26 08:06:27.814,1.5842,1.58475,1.00,1.00
2009.11.26 08:06:30.544,1.5842,1.5847,1.00,1.00
2009.11.26 08:06:31.183,1.5842,1.58475,1.00,1.00
2009.11.26 08:06:31.414,1.58415,1.58475,1.60,1.00
2009.11.26 08:06:31.703,1.58415,1.5847,1.00,1.00
2009.11.26 08:06:32.043,1.5841,1.5847,1.60,1.00
2009.11.26 08:06:32.383,1.5841,1.58465,1.00,1.00
2009.11.26 08:06:35.393,1.5841,1.5847,1.60,2.40
2009.11.26 08:06:35.502,1.58415,1.5847,1.00,1.20
2009.11.26 08:06:35.623,1.58415,1.5847,1.00,1.00
2009.11.26 08:06:38.662,1.58415,1.58475,1.60,1.00
2009.11.26 08:06:39.012,1.5842,1.58475,1.00,1.00
2009.11.26 08:06:40.372,1.5842,1.5847,1.00,1.00
2009.11.26 08:06:40.981,1.5842,1.58475,1.60,1.00
2009.11.26 08:06:41.151,1.58425,1.5848,1.00,1.00
2009.11.26 08:06:41.541,1.58425,1.5848,1.00,1.20
2009.11.26 08:06:42.581,1.58425,1.5848,1.60,1.00
2009.11.26 08:06:42.931,1.58425,1.5848,1.00,1.20
2009.11.26 08:06:43.550,1.58425,1.58475,1.00,1.00
2009.11.26 08:06:44.070,1.58425,1.58475,1.00,1.20
2009.11.26 08:06:44.651,1.58425,1.58475,1.00,1.00
2009.11.26 08:06:46.320,1.58425,1.5848,1.00,1.20
2009.11.26 08:06:46.600,1.58425,1.5848,1.00,1.00
2009.11.26 08:06:47.280,1.58425,1.5848,1.00,1.20
2009.11.26 08:06:48.380,1.58425,1.5848,1.60,1.00
2009.11.26 08:06:48.659,1.58425,1.5848,1.00,1.20
2009.11.26 08:06:49.629,1.5843,1.5849,1.00,2.00
2009.11.26 08:06:49.969,1.5843,1.5849,1.60,1.00
2009.11.26 08:06:52.159,1.58435,1.58495,1.00,2.00
2009.11.26 08:06:52.569,1.58435,1.58495,1.60,1.60
2009.11.26 08:06:54.058,1.58435,1.58495,1.60,1.00
2009.11.26 08:06:57.597,1.58435,1.5849,1.60,1.00
2009.11.26 08:06:57.947,1.58435,1.58495,1.00,1.60
2009.11.26 08:06:58.357,1.5843,1.5849,1.60,1.00
2009.11.26 08:07:00.446,1.5843,1.58485,1.00,1.00
2009.11.26 08:07:00.607,1.58425,1.5849,1.60,6.40
2009.11.26 08:07:00.947,1.58435,1.58495,1.00,1.20
2009.11.26 08:07:01.636,1.58435,1.58495,1.00,1.60
2009.11.26 08:07:02.316,1.58435,1.58495,1.60,1.00
2009.11.26 08:07:02.996,1.58445,1.585,1.00,1.80
2009.11.26 08:07:03.387,1.5845,1.58505,1.00,1.00
2009.11.26 08:07:06.185,1.5845,1.5851,1.70,1.80
2009.11.26 08:07:06.305,1.58455,1.58515,1.60,1.60
2009.11.26 08:07:06.655,1.58455,1.585,1.00,1.00
2009.11.26 08:07:07.005,1.5843,1.58495,2.00,2.00
2009.11.26 08:07:07.345,1.58425,1.58485,2.00,1.00
2009.11.26 08:07:07.695,1.58425,1.58485,1.00,1.00
2009.11.26 08:07:08.085,1.5843,1.5849,1.60,1.00
2009.11.26 08:07:08.434,1.58425,1.58485,1.60,1.60
2009.11.26 08:07:08.724,1.58425,1.58485,1.00,1.60
2009.11.26 08:07:09.764,1.58425,1.58475,1.00,1.00
2009.11.26 08:07:11.804,1.5842,1.58475,1.00,1.60
2009.11.26 08:07:12.154,1.58415,1.5847,1.20,1.00
2009.11.26 08:07:12.504,1.58415,1.5847,1.00,1.00
2009.11.26 08:07:19.802,1.58405,1.58465,3.00,1.00
2009.11.26 08:07:20.082,1.58415,1.5847,1.00,1.60
2009.11.26 08:07:20.362,1.58415,1.5847,1.00,1.00
2009.11.26 08:07:21.662,1.5842,1.5848,1.00,2.60
2009.11.26 08:07:22.011,1.58415,1.5847,1.00,1.00
2009.11.26 08:07:22.361,1.5841,1.5847,1.00,1.60
2009.11.26 08:07:22.701,1.58405,1.58465,1.00,1.60
2009.11.26 08:07:23.091,1.58405,1.58465,1.00,2.60
2009.11.26 08:07:24.421,1.584,1.5846,2.00,1.00
2009.11.26 08:07:24.761,1.584,1.58445,1.00,1.00
2009.11.26 08:07:25.171,1.58375,1.58425,1.20,1.00
2009.11.26 08:07:25.521,1.58385,1.58425,1.00,1.00
2009.11.26 08:07:25.810,1.58365,1.5843,1.00,1.60
2009.11.26 08:07:26.201,1.5836,1.5842,1.60,1.80
2009.11.26 08:07:26.540,1.58355,1.58425,11.50,1.00
2009.11.26 08:07:26.890,1.5837,1.58425,1.00,1.00
2009.11.26 08:07:27.240,1.58365,1.58425,2.40,1.70
2009.11.26 08:07:27.580,1.58365,1.58415,1.60,1.00
2009.11.26 08:07:27.920,1.5836,1.58415,1.00,1.00
2009.11.26 08:07:29.320,1.58365,1.5842,1.00,1.70
2009.11.26 08:07:29.660,1.58355,1.5841,1.70,3.40
2009.11.26 08:07:29.829,1.5836,1.5841,1.20,3.40
2009.11.26 08:07:30.129,1.5836,1.5841,1.20,1.80
2009.11.26 08:07:30.969,1.58355,1.5841,5.40,1.80
2009.11.26 08:07:31.309,1.58355,1.5841,5.40,2.00
2009.11.26 08:07:32.339,1.58355,1.5841,5.40,1.80
2009.11.26 08:07:32.669,1.5836,1.58415,1.00,2.40
2009.11.26 08:07:33.009,1.58355,1.58405,1.00,1.00
2009.11.26 08:07:33.349,1.5835,1.58405,1.00,1.00
2009.11.26 08:07:33.689,1.5835,1.5841,1.70,2.40
2009.11.26 08:07:33.988,1.5835,1.58405,1.20,1.00
2009.11.26 08:07:34.338,1.5839,1.58415,1.00,1.00
2009.11.26 08:07:34.688,1.58405,1.58415,1.00,1.00
2009.11.26 08:07:36.238,1.58425,1.58485,1.00,1.00
2009.11.26 08:07:36.808,1.58425,1.5849,1.00,1.00
2009.11.26 08:07:37.378,1.58425,1.58475,1.00,1.00
2009.11.26 08:07:38.017,1.5843,1.58475,1.00,1.00
2009.11.26 08:07:38.417,1.5843,1.58475,1.00,1.00
2009.11.26 08:07:38.931,1.58435,1.58475,1.30,1.00
2009.11.26 08:07:39.038,1.5844,1.58485,1.00,1.00
2009.11.26 08:07:39.157,1.5844,1.58485,1.00,1.00
2009.11.26 08:07:39.267,1.5844,1.58485,1.00,1.00
2009.11.26 08:07:39.657,1.5843,1.58485,1.00,1.00
2009.11.26 08:07:40.627,1.5844,1.58485,1.00,1.00
2009.11.26 08:07:41.367,1.5845,1.585,1.00,1.20
2009.11.26 08:07:41.717,1.5844,1.58495,1.00,1.00
2009.11.26 08:07:42.067,1.58435,1.5849,1.00,1.20
2009.11.26 08:07:42.406,1.5843,1.58485,1.00,1.20
2009.11.26 08:07:42.756,1.5843,1.5848,1.00,1.20
2009.11.26 08:07:43.106,1.5843,1.58475,1.00,1.00
2009.11.26 08:07:43.506,1.5842,1.58475,1.60,1.00
2009.11.26 08:07:43.796,1.5842,1.58475,1.00,1.00
2009.11.26 08:07:44.716,1.58425,1.58475,1.00,1.00
2009.11.26 08:07:45.816,1.58435,1.58485,1.00,1.00
2009.11.26 08:07:48.005,1.5844,1.58485,1.00,1.00
2009.11.26 08:07:48.405,1.58435,1.5849,1.00,1.00
2009.11.26 08:07:48.755,1.58425,1.58485,1.60,1.00
2009.11.26 08:07:49.045,1.58425,1.58475,1.60,1.00
2009.11.26 08:07:50.345,1.58435,1.58475,1.00,1.00
2009.11.26 08:07:50.635,1.5843,1.5848,1.60,1.20
2009.11.26 08:07:50.804,1.5843,1.5848,1.60,1.00
2009.11.26 08:07:51.504,1.5843,1.58475,1.00,1.00
2009.11.26 08:07:51.854,1.5842,1.5847,1.00,1.00
2009.11.26 08:07:52.204,1.58415,1.5847,1.20,1.00
2009.11.26 08:07:52.595,1.58415,1.5847,1.00,1.00
2009.11.26 08:07:52.924,1.58415,1.58465,1.00,1.00
2009.11.26 08:07:53.274,1.5842,1.58465,1.00,1.00
2009.11.26 08:07:54.014,1.5841,1.5847,1.60,1.60
2009.11.26 08:07:54.364,1.5841,1.58465,1.00,1.00
2009.11.26 08:07:54.724,1.5841,1.5847,1.00,1.60
2009.11.26 08:07:55.063,1.5841,1.5847,1.60,1.60
2009.11.26 08:07:56.953,1.58415,1.5847,1.00,1.00
2009.11.26 08:07:57.393,1.58415,1.58475,1.60,1.60
2009.11.26 08:07:58.113,1.5842,1.5848,1.60,1.60
2009.11.26 08:07:59.992,1.5842,1.58475,1.00,1.60
2009.11.26 08:08:00.382,1.58415,1.58475,1.60,1.60
2009.11.26 08:08:01.292,1.5842,1.58475,1.60,1.00
2009.11.26 08:08:01.632,1.5842,1.5848,1.60,1.60
2009.11.26 08:08:01.992,1.58425,1.5848,1.00,1.00
2009.11.26 08:08:02.352,1.5842,1.5848,1.60,1.60
2009.11.26 08:08:02.692,1.5842,1.58475,1.00,1.00
2009.11.26 08:08:04.182,1.5842,1.5847,1.00,1.00
2009.11.26 08:08:04.351,1.58415,1.5847,1.00,1.00
2009.11.26 08:08:04.461,1.5841,1.58465,1.20,1.00
2009.11.26 08:08:04.801,1.5841,1.5847,1.60,1.60
2009.11.26 08:08:05.191,1.58415,1.58475,1.60,2.00
2009.11.26 08:08:05.531,1.58415,1.58475,1.60,1.60
2009.11.26 08:08:05.711,1.58415,1.5847,1.00,1.00
2009.11.26 08:08:06.761,1.58415,1.58475,1.60,1.60
2009.11.26 08:08:07.330,1.58415,1.5847,1.00,1.00
2009.11.26 08:08:08.870,1.5841,1.5847,1.00,1.60
2009.11.26 08:08:09.650,1.58415,1.5847,1.00,1.20
2009.11.26 08:08:09.870,1.58415,1.58465,1.00,1.00
2009.11.26 08:08:10.340,1.58415,1.5847,1.00,1.00
2009.11.26 08:08:11.420,1.58415,1.58465,1.00,1.00
2009.11.26 08:08:16.718,1.58415,1.5847,1.00,1.00
2009.11.26 08:08:18.728,1.58415,1.58465,1.00,1.00
2009.11.26 08:08:19.877,1.58415,1.5847,1.00,1.00
2009.11.26 08:08:20.597,1.58415,1.58465,1.00,1.00
2009.11.26 08:08:21.737,1.5841,1.5846,1.80,1.00
2009.11.26 08:08:24.846,1.58405,1.5846,1.00,1.00
2009.11.26 08:08:25.516,1.58405,1.58465,1.00,2.60
2009.11.26 08:08:26.566,1.5841,1.58465,1.00,1.80
2009.11.26 08:08:27.256,1.5841,1.58465,1.00,1.00
2009.11.26 08:08:29.355,1.58405,1.58465,1.60,2.60
2009.11.26 08:08:29.805,1.58405,1.58465,1.00,2.60
2009.11.26 08:08:30.045,1.58405,1.58465,1.60,1.60
2009.11.26 08:08:30.225,1.58405,1.58465,1.60,2.60
2009.11.26 08:08:30.785,1.58405,1.58465,1.60,1.60
2009.11.26 08:08:31.005,1.5841,1.58465,1.00,1.00
2009.11.26 08:08:34.084,1.58425,1.58465,1.80,1.00
2009.11.26 08:08:34.264,1.5843,1.5848,1.00,4.30
2009.11.26 08:08:34.494,1.5843,1.58485,1.00,1.00
2009.11.26 08:08:34.834,1.58435,1.58495,1.60,4.30
2009.11.26 08:08:36.344,1.5846,1.58495,1.00,4.30
2009.11.26 08:08:36.623,1.5847,1.5851,1.00,1.20
2009.11.26 08:08:36.963,1.5847,1.58525,1.00,1.20
2009.11.26 08:08:37.344,1.58475,1.58525,1.00,1.00
2009.11.26 08:08:37.693,1.5847,1.5852,1.40,1.00
2009.11.26 08:08:38.033,1.5846,1.5851,1.00,1.00
2009.11.26 08:08:38.323,1.58445,1.58505,2.40,1.00
2009.11.26 08:08:38.683,1.5844,1.5851,1.20,1.00
2009.11.26 08:08:38.983,1.5844,1.5849,1.00,1.00
2009.11.26 08:08:39.333,1.58425,1.5849,1.60,1.00
2009.11.26 08:08:39.963,1.58425,1.58495,1.60,1.00
2009.11.26 08:08:40.023,1.58435,1.58485,1.00,1.00
2009.11.26 08:08:40.082,1.58435,1.58495,1.00,2.00
2009.11.26 08:08:40.193,1.58435,1.58495,1.60,1.20
2009.11.26 08:08:40.483,1.58435,1.58495,1.60,1.00
2009.11.26 08:08:41.742,1.58435,1.58495,1.60,1.60
2009.11.26 08:08:42.082,1.5843,1.5849,1.60,1.00
2009.11.26 08:08:42.422,1.5843,1.58485,1.00,1.00
2009.11.26 08:08:42.762,1.5843,1.5849,1.00,1.20
2009.11.26 08:08:43.102,1.5842,1.5849,1.00,1.00
2009.11.26 08:08:43.452,1.58425,1.5849,1.00,1.00
2009.11.26 08:08:44.492,1.58425,1.5848,1.00,1.00
2009.11.26 08:08:47.581,1.5842,1.5848,1.00,1.80
2009.11.26 08:08:47.921,1.58415,1.58475,1.00,3.50
2009.11.26 08:08:48.270,1.5839,1.5846,1.00,1.00
2009.11.26 08:08:48.501,1.58395,1.5847,1.00,1.00
2009.11.26 08:08:49.120,1.5839,1.5847,2.60,1.00
2009.11.26 08:08:49.690,1.58405,1.58465,1.00,1.00
2009.11.26 08:08:49.980,1.58405,1.5847,1.00,1.00
2009.11.26 08:08:50.730,1.584,1.5847,1.00,1.00
2009.11.26 08:08:51.090,1.5839,1.58455,2.00,1.00
2009.11.26 08:08:52.439,1.5839,1.58455,1.20,1.00
2009.11.26 08:08:52.789,1.5839,1.58455,2.00,1.00
2009.11.26 08:08:53.190,1.58415,1.58495,1.00,9.00
2009.11.26 08:08:53.480,1.5842,1.58475,1.00,1.00
2009.11.26 08:08:53.879,1.58415,1.58475,1.00,1.00
2009.11.26 08:08:54.229,1.5844,1.5849,3.20,4.00
2009.11.26 08:08:54.579,1.5846,1.58495,1.00,1.00
2009.11.26 08:08:54.919,1.58495,1.5858,1.00,4.00
2009.11.26 08:08:55.089,1.585,1.58555,1.20,1.00
2009.11.26 08:08:55.259,1.585,1.58585,1.20,8.00
2009.11.26 08:08:55.429,1.5851,1.58585,1.00,8.00
2009.11.26 08:08:55.589,1.58545,1.58565,1.00,4.00
2009.11.26 08:08:55.749,1.58545,1.5857,1.00,8.00
2009.11.26 08:08:56.259,1.58555,1.5856,1.00,8.00
2009.11.26 08:08:56.639,1.58555,1.5858,1.00,8.00
2009.11.26 08:08:56.968,1.5855,1.5859,1.00,1.00
2009.11.26 08:08:57.308,1.5849,1.5859,1.00,1.00
2009.11.26 08:08:57.998,1.58545,1.5859,1.00,4.00
2009.11.26 08:08:58.348,1.58545,1.58595,1.00,8.00
2009.11.26 08:08:58.948,1.58545,1.58605,1.00,8.00
2009.11.26 08:08:59.228,1.58565,1.5861,1.00,8.00
2009.11.26 08:08:59.608,1.5851,1.58605,1.00,4.80
2009.11.26 08:08:59.958,1.5851,1.58605,1.00,1.00
2009.11.26 08:09:00.818,1.58525,1.5861,1.00,8.00
2009.11.26 08:09:01.161,1.58535,1.5861,1.00,8.00
2009.11.26 08:09:01.498,1.5851,1.58585,1.00,1.60
2009.11.26 08:09:01.847,1.5851,1.5858,1.00,8.00
2009.11.26 08:09:02.137,1.585,1.5858,1.20,8.00
2009.11.26 08:09:02.777,1.5851,1.58565,1.00,8.00
2009.11.26 08:09:03.057,1.5852,1.58565,1.00,4.00
2009.11.26 08:09:03.407,1.5852,1.5855,1.00,1.00
2009.11.26 08:09:03.637,1.58505,1.5855,3.60,1.60
2009.11.26 08:09:03.867,1.5852,1.5855,1.20,1.60
2009.11.26 08:09:04.087,1.5852,1.5856,1.20,1.00
2009.11.26 08:09:04.657,1.58555,1.586,1.00,1.00
2009.11.26 08:09:04.997,1.5854,1.5859,1.00,1.00
2009.11.26 08:09:05.337,1.5851,1.58585,1.20,1.00
2009.11.26 08:09:05.507,1.58505,1.5858,1.00,1.00
2009.11.26 08:09:05.676,1.5852,1.58575,1.00,2.20
2009.11.26 08:09:05.846,1.5852,1.58575,1.00,1.00
2009.11.26 08:09:08.836,1.58535,1.58575,1.00,1.40
2009.11.26 08:09:09.016,1.58535,1.5857,1.00,1.00
2009.11.26 08:09:09.185,1.58535,1.58575,1.00,1.00
2009.11.26 08:09:09.355,1.58535,1.58585,1.20,5.10
2009.11.26 08:09:09.525,1.58535,1.58585,1.20,5.20
2009.11.26 08:09:09.755,1.58535,1.5858,1.00,3.50
2009.11.26 08:09:10.105,1.58535,1.5858,1.00,3.50
2009.11.26 08:09:10.445,1.58525,1.5858,1.00,1.00
2009.11.26 08:09:10.785,1.5852,1.5857,1.00,1.00
2009.11.26 08:09:11.125,1.5853,1.58575,1.00,1.00
2009.11.26 08:09:12.245,1.5853,1.5858,1.00,1.00
2009.11.26 08:09:12.585,1.58535,1.58585,1.00,1.00
2009.11.26 08:09:13.995,1.5853,1.58575,1.00,1.00
2009.11.26 08:09:14.164,1.58525,1.5858,1.00,1.20
2009.11.26 08:09:14.395,1.58525,1.58585,1.60,1.00
2009.11.26 08:09:14.634,1.58525,1.5858,1.00,1.00
2009.11.26 08:09:14.844,1.5853,1.58565,1.00,1.00
2009.11.26 08:09:15.175,1.5852,1.58555,1.00,1.00
2009.11.26 08:09:15.524,1.58505,1.58555,1.00,1.00
2009.11.26 08:09:17.184,1.58505,1.58565,6.20,2.90
2009.11.26 08:09:17.474,1.5851,1.5856,1.00,1.00
2009.11.26 08:09:18.053,1.58505,1.58555,1.00,1.00
2009.11.26 08:09:18.393,1.58505,1.58545,1.00,1.00
2009.11.26 08:09:18.783,1.585,1.5855,1.00,1.80
2009.11.26 08:09:19.123,1.5851,1.58555,1.00,1.00
2009.11.26 08:09:19.463,1.58505,1.58555,1.80,1.00
2009.11.26 08:09:19.813,1.58505,1.5856,1.00,1.00
2009.11.26 08:09:20.203,1.5851,1.5856,1.00,1.00
2009.11.26 08:09:20.603,1.5851,1.58555,1.00,1.00
2009.11.26 08:09:20.833,1.58525,1.5856,1.60,1.00
2009.11.26 08:09:21.003,1.58525,1.5857,1.60,1.00
2009.11.26 08:09:21.232,1.5852,1.58575,5.20,10.00
2009.11.26 08:09:21.582,1.58515,1.5858,8.00,1.00
2009.11.26 08:09:21.913,1.58525,1.5858,4.00,1.10
2009.11.26 08:09:22.272,1.5853,1.58585,1.20,6.70
2009.11.26 08:09:23.912,1.58535,1.58585,1.00,5.90
2009.11.26 08:09:24.032,1.5854,1.58585,1.60,5.90
2009.11.26 08:09:24.212,1.5854,1.58585,1.60,5.10
2009.11.26 08:09:24.482,1.5854,1.58585,1.60,1.90
2009.11.26 08:09:24.832,1.5854,1.58585,1.60,5.10
2009.11.26 08:09:25.912,1.5853,1.58585,1.00,5.90
2009.11.26 08:09:26.091,1.5853,1.58585,1.00,6.70
2009.11.26 08:09:26.311,1.5853,1.58585,1.00,5.90
2009.11.26 08:09:27.191,1.5853,1.58575,1.00,1.80
2009.11.26 08:09:27.551,1.5852,1.58575,1.00,1.80
2009.11.26 08:09:28.611,1.5852,1.58575,1.60,1.00
2009.11.26 08:09:28.931,1.5852,1.5858,1.60,1.00
2009.11.26 08:09:29.311,1.58525,1.5858,1.00,1.00
2009.11.26 08:09:29.661,1.58525,1.5858,1.00,1.00
2009.11.26 08:09:29.891,1.5853,1.5859,1.00,2.60
2009.11.26 08:09:30.180,1.5853,1.5859,1.60,2.60
2009.11.26 08:09:30.411,1.5853,1.58585,1.60,1.00
2009.11.26 08:09:30.650,1.5853,1.5859,1.60,2.60
2009.11.26 08:09:31.000,1.58515,1.58565,4.80,1.60
2009.11.26 08:09:31.360,1.5851,1.58565,1.00,1.60
2009.11.26 08:09:31.710,1.58505,1.58565,5.20,1.60
2009.11.26 08:09:32.680,1.58505,1.58555,5.20,2.40
2009.11.26 08:09:33.320,1.58505,1.58555,5.20,2.40
2009.11.26 08:09:34.339,1.58505,1.58555,5.20,2.50
2009.11.26 08:09:35.069,1.58505,1.5855,5.20,1.00
2009.11.26 08:09:35.180,1.58505,1.5855,5.20,1.00
2009.11.26 08:09:35.350,1.58505,1.58545,1.00,1.60
2009.11.26 08:09:35.519,1.58495,1.5855,5.60,2.80
2009.11.26 08:09:35.640,1.58495,1.58555,6.20,3.80
2009.11.26 08:09:35.819,1.58505,1.58555,1.20,2.00
2009.11.26 08:09:36.169,1.5851,1.58555,1.00,1.60
2009.11.26 08:09:37.879,1.5851,1.58565,1.00,2.50
2009.11.26 08:09:38.158,1.58515,1.58565,5.20,2.50
2009.11.26 08:09:38.678,1.58515,1.5857,5.40,1.80
2009.11.26 08:09:38.958,1.5851,1.58565,1.00,1.00
2009.11.26 08:09:39.978,1.5851,1.5855,1.00,1.00
2009.11.26 08:09:40.098,1.5851,1.5855,1.00,2.40
2009.11.26 08:09:40.268,1.58505,1.5855,1.00,1.60
2009.11.26 08:09:40.388,1.5851,1.58565,1.00,1.00
2009.11.26 08:09:40.558,1.5851,1.5856,1.00,1.00
2009.11.26 08:09:40.718,1.5851,1.58565,1.00,1.00
2009.11.26 08:09:42.438,1.5851,1.5856,1.00,1.00
2009.11.26 08:09:42.777,1.58505,1.5856,1.00,1.00
2009.11.26 08:09:44.187,1.58505,1.5855,1.00,1.00
2009.11.26 08:09:44.467,1.585,1.5855,1.00,1.00
2009.11.26 08:09:45.567,1.58505,1.58555,1.00,1.00
2009.11.26 08:09:45.857,1.58505,1.58555,4.00,1.00
2009.11.26 08:09:46.097,1.5852,1.58565,1.00,1.00
2009.11.26 08:09:46.207,1.58525,1.5858,1.00,1.20
2009.11.26 08:09:46.566,1.5852,1.58565,1.80,1.00
2009.11.26 08:09:46.967,1.5852,1.58575,1.60,1.00
2009.11.26 08:09:47.316,1.5853,1.58585,1.00,1.00
2009.11.26 08:09:47.596,1.5853,1.5859,1.60,1.20
2009.11.26 08:09:47.936,1.5853,1.5859,1.60,1.00
2009.11.26 08:09:49.586,1.5854,1.58595,1.00,1.60
2009.11.26 08:09:49.936,1.5853,1.5859,1.60,1.00
2009.11.26 08:09:50.556,1.58535,1.58595,1.00,2.00
2009.11.26 08:09:50.846,1.5854,1.58595,1.00,1.20
2009.11.26 08:09:51.196,1.5854,1.586,1.60,1.60
2009.11.26 08:09:53.705,1.58545,1.586,1.00,1.00
2009.11.26 08:09:55.205,1.58545,1.58595,1.00,1.00
2009.11.26 08:09:55.265,1.58545,1.58595,1.00,1.20
2009.11.26 08:09:55.375,1.58545,1.58595,1.00,1.00
2009.11.26 08:09:55.484,1.58545,1.586,1.00,1.80
2009.11.26 08:09:55.535,1.58545,1.586,1.00,1.00
2009.11.26 08:09:56.514,1.58545,1.58595,1.00,1.00
2009.11.26 08:09:56.904,1.58545,1.586,1.00,1.80
2009.11.26 08:09:57.254,1.58545,1.58595,1.00,1.00
2009.11.26 08:09:57.844,1.58545,1.586,1.00,2.20
2009.11.26 08:09:58.194,1.58545,1.586,1.00,1.00
2009.11.26 08:09:59.913,1.58545,1.58605,1.00,3.20
2009.11.26 08:10:00.143,1.5855,1.5861,1.00,1.60
2009.11.26 08:10:00.313,1.58545,1.58605,1.60,1.00
2009.11.26 08:10:01.794,1.5856,1.5861,1.60,1.00
2009.11.26 08:10:02.143,1.5856,1.5861,1.00,1.00
2009.11.26 08:10:02.483,1.58555,1.5861,1.00,1.00
2009.11.26 08:10:03.843,1.5856,1.58615,1.00,1.20
2009.11.26 08:10:03.962,1.5856,1.58615,1.00,1.00
2009.11.26 08:10:05.732,1.58555,1.58615,1.60,1.00
2009.11.26 08:10:08.831,1.5856,1.5862,1.00,1.60
2009.11.26 08:10:10.011,1.58565,1.5862,1.00,1.00
2009.11.26 08:10:10.231,1.58565,1.58625,1.00,1.60
2009.11.26 08:10:10.871,1.5856,1.5862,2.00,1.00
2009.11.26 08:10:11.231,1.5856,1.5862,1.60,1.00
2009.11.26 08:10:11.580,1.58555,1.58615,2.00,1.00
2009.11.26 08:10:12.041,1.58555,1.58615,1.60,1.00
2009.11.26 08:10:12.371,1.58555,1.58615,1.00,1.60
2009.11.26 08:10:13.000,1.5856,1.5862,1.00,3.00
2009.11.26 08:10:13.360,1.5856,1.5862,1.00,1.60
2009.11.26 08:10:13.710,1.5856,1.5862,1.60,1.60
2009.11.26 08:10:17.579,1.58555,1.58615,1.60,1.00
2009.11.26 08:10:18.279,1.58555,1.58615,1.60,1.60
2009.11.26 08:10:18.519,1.5857,1.58615,1.00,1.00
2009.11.26 08:10:18.799,1.58565,1.5862,1.00,1.60
2009.11.26 08:10:19.079,1.5856,1.5861,1.00,1.00
2009.11.26 08:10:19.540,1.5855,1.5861,2.00,1.00
2009.11.26 08:10:19.898,1.58555,1.58615,1.00,2.60
2009.11.26 08:10:21.258,1.5855,1.5861,2.00,1.00
2009.11.26 08:10:21.558,1.5855,1.5861,1.60,1.00
2009.11.26 08:10:22.238,1.5855,1.5861,1.60,1.60
2009.11.26 08:10:25.087,1.5855,1.586,1.00,1.00
2009.11.26 08:10:25.427,1.58545,1.58605,1.20,1.60
2009.11.26 08:10:25.727,1.58545,1.58605,1.00,2.60
2009.11.26 08:10:26.007,1.5854,1.586,1.60,2.00
2009.11.26 08:10:26.487,1.58535,1.58595,1.60,1.80
2009.11.26 08:10:26.827,1.58535,1.58595,1.60,2.60
2009.11.26 08:10:28.206,1.58535,1.5859,1.00,1.00
2009.11.26 08:10:28.537,1.58535,1.58595,1.00,3.00
2009.11.26 08:10:28.836,1.5854,1.58595,1.00,1.00
2009.11.26 08:10:29.866,1.58545,1.58595,1.00,1.00
2009.11.26 08:10:30.206,1.58545,1.58605,1.00,2.60
2009.11.26 08:10:30.326,1.5855,1.58605,1.00,1.00
2009.11.26 08:10:30.666,1.5855,1.5861,1.00,2.00
2009.11.26 08:10:30.846,1.5855,1.5861,1.60,2.00
2009.11.26 08:10:32.275,1.5855,1.5861,1.00,2.80
2009.11.26 08:10:32.666,1.58545,1.58605,1.60,1.80
2009.11.26 08:10:34.125,1.58545,1.58585,1.00,1.80
2009.11.26 08:10:34.415,1.5851,1.58575,1.20,1.00
2009.11.26 08:10:34.765,1.58505,1.58575,4.40,1.00
2009.11.26 08:10:35.465,1.58515,1.5857,4.40,2.40
2009.11.26 08:10:35.575,1.58515,1.58565,4.40,1.00
2009.11.26 08:10:37.054,1.58515,1.58565,4.40,1.00
2009.11.26 08:10:38.074,1.58525,1.58565,1.20,1.00
2009.11.26 08:10:38.344,1.5852,1.58565,4.00,2.00
2009.11.26 08:10:38.574,1.5851,1.58565,5.20,2.00
2009.11.26 08:10:38.854,1.5851,1.58565,5.20,1.80
2009.11.26 08:10:39.484,1.5851,1.58555,5.20,1.00
2009.11.26 08:10:39.714,1.5851,1.58565,5.20,2.00
2009.11.26 08:10:40.004,1.5851,1.58555,5.20,1.00
2009.11.26 08:10:40.773,1.5851,1.5855,5.20,1.00
2009.11.26 08:10:40.993,1.5851,1.5855,3.20,1.80
2009.11.26 08:10:41.114,1.5851,1.58555,5.20,1.60
2009.11.26 08:10:41.234,1.5851,1.58555,6.00,1.40
2009.11.26 08:10:41.353,1.5851,1.58555,6.00,1.00
2009.11.26 08:10:41.473,1.5851,1.58565,6.00,1.00
2009.11.26 08:10:41.594,1.58515,1.58565,1.00,1.00
2009.11.26 08:10:41.943,1.5852,1.58565,5.20,1.00
2009.11.26 08:10:42.333,1.5852,1.58565,2.00,1.00
2009.11.26 08:10:42.683,1.58515,1.58565,1.20,1.00
2009.11.26 08:10:43.023,1.5851,1.58555,5.20,1.00
2009.11.26 08:10:43.703,1.5851,1.58555,6.00,1.00
2009.11.26 08:10:43.923,1.58515,1.5857,1.00,1.00
2009.11.26 08:10:44.153,1.5852,1.58575,1.00,1.00
2009.11.26 08:10:44.373,1.58525,1.5858,1.00,3.20
2009.11.26 08:10:45.242,1.58525,1.5858,1.00,3.00
2009.11.26 08:10:45.582,1.58525,1.5858,1.60,1.20
2009.11.26 08:10:45.933,1.5854,1.5859,1.00,1.00
2009.11.26 08:10:46.282,1.5854,1.58595,1.00,1.00
2009.11.26 08:10:46.622,1.58545,1.586,1.00,1.20
2009.11.26 08:10:46.972,1.5855,1.58605,1.60,1.00
2009.11.26 08:10:47.322,1.58555,1.5861,1.00,2.40
2009.11.26 08:10:48.002,1.58555,1.5861,1.00,2.20
2009.11.26 08:10:48.352,1.58555,1.5861,1.00,1.80
2009.11.26 08:10:48.692,1.58555,1.58615,1.60,2.20
2009.11.26 08:10:49.091,1.58555,1.58615,1.60,1.80
2009.11.26 08:10:50.711,1.58555,1.58615,1.60,1.00
2009.11.26 08:10:51.301,1.58555,1.586,1.00,1.00
2009.11.26 08:10:51.651,1.58545,1.586,1.00,1.00
2009.11.26 08:10:52.001,1.58545,1.58605,1.60,1.80
2009.11.26 08:10:52.331,1.5855,1.58605,1.00,2.00
2009.11.26 08:10:52.721,1.5855,1.586,1.00,1.80
2009.11.26 08:10:53.051,1.58545,1.586,1.00,1.80
2009.11.26 08:10:54.360,1.58545,1.5859,1.00,1.00
2009.11.26 08:10:54.690,1.58535,1.58595,1.60,1.00
2009.11.26 08:10:54.980,1.58545,1.58595,1.00,1.00
2009.11.26 08:10:55.260,1.5854,1.5859,1.60,1.80
2009.11.26 08:10:55.550,1.58535,1.5859,1.00,1.00
2009.11.26 08:10:55.830,1.5854,1.586,1.60,1.20
2009.11.26 08:10:56.130,1.5854,1.586,1.60,1.60
2009.11.26 08:10:56.760,1.58545,1.58605,1.00,1.70
2009.11.26 08:10:57.099,1.5854,1.58605,1.60,6.40
2009.11.26 08:10:57.729,1.58545,1.58595,1.00,1.00
2009.11.26 08:10:58.119,1.5854,1.586,1.60,2.00
2009.11.26 08:10:58.469,1.5854,1.586,1.60,1.60
2009.11.26 08:10:59.379,1.58545,1.586,1.00,1.00
2009.11.26 08:10:59.909,1.5855,1.5861,1.00,2.40
2009.11.26 08:11:00.259,1.5855,1.5861,1.00,1.60
2009.11.26 08:11:01.768,1.5855,1.5861,1.60,1.60
2009.11.26 08:11:02.508,1.5855,1.5861,1.60,1.00
2009.11.26 08:11:02.838,1.5855,1.58605,1.00,1.00
2009.11.26 08:11:03.558,1.5855,1.5861,1.60,2.40
2009.11.26 08:11:03.908,1.5855,1.5861,1.60,1.60
2009.11.26 08:11:04.088,1.5855,1.5861,1.00,1.60
2009.11.26 08:11:05.827,1.58555,1.58615,1.70,2.00
2009.11.26 08:11:05.938,1.58555,1.58615,3.00,1.60
2009.11.26 08:11:06.048,1.5856,1.58615,1.00,1.00
2009.11.26 08:11:06.218,1.5856,1.5861,1.00,1.00
2009.11.26 08:11:06.447,1.58555,1.5861,1.00,1.00
2009.11.26 08:11:07.657,1.5855,1.5861,1.60,1.00
2009.11.26 08:11:08.937,1.58555,1.58605,1.00,1.00
2009.11.26 08:11:09.167,1.58555,1.5861,1.00,1.00
2009.11.26 08:11:10.136,1.5855,1.58605,1.60,1.00
2009.11.26 08:11:12.156,1.58555,1.5861,1.70,1.00
2009.11.26 08:11:12.506,1.5856,1.5861,1.00,1.00
2009.11.26 08:11:12.786,1.5856,1.58615,1.00,1.00
2009.11.26 08:11:13.136,1.5856,1.58615,1.60,1.00
2009.11.26 08:11:14.197,1.5856,1.58615,1.00,2.40
2009.11.26 08:11:14.495,1.5856,1.58615,1.60,1.60
2009.11.26 08:11:14.826,1.5856,1.58615,1.60,1.00
2009.11.26 08:11:16.665,1.58565,1.5862,1.00,1.80
2009.11.26 08:11:17.005,1.58565,1.5862,1.70,1.00
2009.11.26 08:11:17.355,1.58565,1.58625,2.10,1.80
2009.11.26 08:11:17.705,1.5857,1.58625,1.00,1.80
2009.11.26 08:11:18.055,1.5857,1.58625,1.00,1.00
2009.11.26 08:11:18.934,1.58575,1.5863,1.00,1.80
2009.11.26 08:11:19.054,1.58575,1.58625,1.00,1.00
2009.11.26 08:11:19.234,1.5857,1.58625,2.00,2.40
2009.11.26 08:11:19.405,1.5857,1.5862,1.00,1.00
2009.11.26 08:11:19.804,1.5857,1.5862,1.00,2.40
2009.11.26 08:11:20.144,1.5856,1.5861,1.00,1.00
2009.11.26 08:11:20.874,1.58555,1.5861,1.00,1.80
2009.11.26 08:11:21.144,1.58555,1.5861,1.70,1.00
2009.11.26 08:11:21.664,1.58555,1.5861,1.00,1.00
2009.11.26 08:11:21.944,1.5855,1.58605,2.40,1.00
2009.11.26 08:11:22.283,1.5855,1.58605,1.00,1.00
2009.11.26 08:11:23.283,1.58545,1.58605,2.00,2.00
2009.11.26 08:11:23.623,1.58545,1.586,1.60,1.00
2009.11.26 08:11:23.973,1.58545,1.586,1.00,1.80
2009.11.26 08:11:24.313,1.5854,1.58595,1.60,1.00
2009.11.26 08:11:24.593,1.5854,1.58595,1.00,1.80
2009.11.26 08:11:25.183,1.5854,1.58585,1.00,1.00
2009.11.26 08:11:25.413,1.5854,1.58585,1.00,2.40
2009.11.26 08:11:25.803,1.5853,1.58585,1.60,1.60
2009.11.26 08:11:26.033,1.5853,1.58585,1.00,1.80
2009.11.26 08:11:26.303,1.58525,1.58585,2.40,2.40
2009.11.26 08:11:26.633,1.5853,1.5859,1.00,1.80
2009.11.26 08:11:27.032,1.5853,1.58585,1.60,1.60
2009.11.26 08:11:27.372,1.5853,1.5859,1.60,2.60
2009.11.26 08:11:28.402,1.58535,1.5859,1.00,2.60
2009.11.26 08:11:29.042,1.58535,1.5859,1.00,1.80
2009.11.26 08:11:29.652,1.5854,1.58595,1.60,1.60
2009.11.26 08:11:29.892,1.58535,1.586,8.80,2.60
2009.11.26 08:11:30.182,1.5854,1.586,1.60,1.80
2009.11.26 08:11:30.412,1.5854,1.586,3.60,1.80
2009.11.26 08:11:31.121,1.5854,1.586,3.80,1.80
2009.11.26 08:11:31.981,1.5854,1.586,3.80,1.80
2009.11.26 08:11:32.211,1.58545,1.586,1.00,1.80
2009.11.26 08:11:32.771,1.5854,1.5859,1.00,1.00
2009.11.26 08:11:33.001,1.58535,1.5859,1.20,2.30
2009.11.26 08:11:33.401,1.5853,1.58585,1.00,1.80
2009.11.26 08:11:34.101,1.5854,1.58595,1.00,2.60
2009.11.26 08:11:34.401,1.5854,1.58595,1.00,2.00
2009.11.26 08:11:34.750,1.5854,1.58595,1.00,1.80
2009.11.26 08:11:35.390,1.58545,1.586,1.00,3.10
2009.11.26 08:11:35.720,1.58545,1.586,1.00,1.80
2009.11.26 08:11:36.070,1.58545,1.586,2.00,1.80
2009.11.26 08:11:36.420,1.5855,1.58605,1.00,5.60
2009.11.26 08:11:37.790,1.58545,1.586,1.00,1.80
2009.11.26 08:11:39.030,1.5854,1.58595,1.60,1.80
2009.11.26 08:11:39.370,1.5854,1.58585,1.00,1.00
2009.11.26 08:11:39.590,1.5854,1.58585,1.00,1.80
2009.11.26 08:11:39.829,1.58535,1.58585,1.00,1.80
2009.11.26 08:11:40.349,1.5853,1.58585,1.60,1.80
2009.11.26 08:11:41.049,1.5853,1.58585,1.00,1.80
2009.11.26 08:11:42.549,1.5853,1.5858,1.00,1.00
2009.11.26 08:11:42.829,1.58525,1.5858,1.20,2.30
2009.11.26 08:11:43.179,1.5853,1.5858,1.00,2.30
2009.11.26 08:11:43.479,1.58535,1.58585,4.40,1.20
2009.11.26 08:11:43.758,1.5854,1.58595,5.20,3.20
2009.11.26 08:11:44.108,1.5854,1.5859,1.60,1.00
2009.11.26 08:11:44.628,1.5854,1.58585,1.60,1.00
2009.11.26 08:11:44.968,1.58535,1.58585,6.00,1.00
2009.11.26 08:11:45.318,1.58535,1.5859,6.00,1.00
2009.11.26 08:11:46.198,1.58535,1.5859,6.20,1.00
2009.11.26 08:11:46.938,1.58535,1.5859,6.60,1.00
2009.11.26 08:11:47.278,1.58535,1.5859,6.20,1.00
2009.11.26 08:11:48.027,1.58535,1.5859,3.00,1.00
2009.11.26 08:11:49.037,1.5853,1.5857,1.20,1.00
2009.11.26 08:11:49.317,1.5852,1.5857,1.20,1.60
2009.11.26 08:11:49.557,1.5852,1.58585,1.00,3.00
2009.11.26 08:11:49.847,1.5852,1.58585,1.00,1.00
2009.11.26 08:11:51.567,1.5852,1.5858,1.00,2.60
2009.11.26 08:11:51.806,1.5852,1.5858,1.60,2.60
2009.11.26 08:11:52.316,1.58525,1.5858,1.00,1.80
2009.11.26 08:11:52.646,1.58525,1.58575,1.00,1.00
2009.11.26 08:11:52.986,1.5852,1.58575,1.00,1.80
2009.11.26 08:11:53.616,1.58525,1.58585,1.00,3.00
2009.11.26 08:11:53.906,1.58525,1.58585,1.60,3.00
2009.11.26 08:11:54.186,1.58525,1.58585,1.60,2.20
2009.11.26 08:11:54.526,1.5853,1.58585,1.00,1.80
2009.11.26 08:11:55.225,1.5853,1.5858,1.00,2.40
2009.11.26 08:11:55.346,1.5853,1.58575,1.00,1.00
2009.11.26 08:11:55.516,1.5853,1.58575,1.00,1.00
2009.11.26 08:11:55.686,1.5853,1.58565,1.00,1.00
2009.11.26 08:11:55.977,1.58535,1.58565,1.00,1.00
2009.11.26 08:11:56.145,1.58525,1.58555,1.00,1.00
2009.11.26 08:11:56.315,1.58525,1.5856,1.00,1.60
2009.11.26 08:11:56.665,1.5851,1.58555,1.20,1.00
2009.11.26 08:11:57.015,1.58515,1.58555,1.00,2.60
2009.11.26 08:11:57.375,1.58505,1.58545,1.00,1.00
2009.11.26 08:11:58.055,1.58505,1.5855,1.00,1.00
2009.11.26 08:11:58.405,1.585,1.58545,1.00,1.00
2009.11.26 08:11:58.755,1.58505,1.5856,1.00,1.80
2009.11.26 08:11:59.155,1.5851,1.5856,1.00,1.80
2009.11.26 08:11:59.495,1.5851,1.5857,2.00,1.20
2009.11.26 08:11:59.844,1.5851,1.5857,1.60,1.80
2009.11.26 08:12:00.598,1.5852,1.5857,1.00,1.00
2009.11.26 08:12:01.474,1.5852,1.58575,1.00,1.00
2009.11.26 08:12:02.154,1.58515,1.5857,1.60,1.00
2009.11.26 08:12:02.494,1.5852,1.58575,1.00,1.00
2009.11.26 08:12:02.844,1.5852,1.5858,1.60,1.80
2009.11.26 08:12:03.564,1.5852,1.5858,1.60,1.00
2009.11.26 08:12:04.093,1.58525,1.5858,1.00,1.00
2009.11.26 08:12:04.903,1.5852,1.5858,1.60,1.00
2009.11.26 08:12:06.973,1.5852,1.58575,1.00,1.00
2009.11.26 08:12:07.552,1.58515,1.5857,1.60,1.00
2009.11.26 08:12:07.883,1.58515,1.5857,1.00,1.00
2009.11.26 08:12:08.233,1.5851,1.5857,2.60,1.20
2009.11.26 08:12:08.532,1.58505,1.58565,3.40,1.70
2009.11.26 08:12:08.822,1.58505,1.58555,2.20,1.00
2009.11.26 08:12:09.112,1.58505,1.5856,1.00,1.80
2009.11.26 08:12:09.403,1.58505,1.5856,1.00,1.00
2009.11.26 08:12:10.502,1.5851,1.58565,1.00,1.60
2009.11.26 08:12:10.672,1.5851,1.58565,1.00,1.00
2009.11.26 08:12:10.842,1.5851,1.5857,1.00,1.60
2009.11.26 08:12:11.002,1.5851,1.5857,1.60,1.60
2009.11.26 08:12:11.172,1.5851,1.58565,1.00,1.00
2009.11.26 08:12:11.342,1.5851,1.58565,1.00,3.60
2009.11.26 08:12:11.871,1.585,1.58555,1.00,1.00
2009.11.26 08:12:12.261,1.58505,1.5856,1.00,1.00
2009.11.26 08:12:14.141,1.58495,1.58555,1.60,1.00
2009.11.26 08:12:14.431,1.585,1.5856,1.00,2.40
2009.11.26 08:12:14.721,1.585,1.5856,1.60,1.00
2009.11.26 08:12:15.461,1.585,1.5856,1.60,1.60
2009.11.26 08:12:16.450,1.585,1.5856,2.00,1.60
2009.11.26 08:12:16.690,1.58505,1.5856,1.00,1.00
2009.11.26 08:12:17.041,1.58505,1.58565,1.60,1.70
2009.11.26 08:12:17.390,1.58505,1.5856,1.00,1.00
2009.11.26 08:12:17.860,1.585,1.5856,2.00,1.00
2009.11.26 08:12:18.270,1.58515,1.5857,1.00,1.00
2009.11.26 08:12:18.621,1.58515,1.58575,1.00,1.00
2009.11.26 08:12:19.020,1.58515,1.5857,1.00,1.80
2009.11.26 08:12:19.370,1.5852,1.5857,3.20,1.00
2009.11.26 08:12:19.730,1.5853,1.5858,5.20,1.00
2009.11.26 08:12:20.070,1.5854,1.5859,1.00,1.60
2009.11.26 08:12:21.709,1.5854,1.58585,1.00,1.00
2009.11.26 08:12:22.049,1.58535,1.58585,1.00,1.00
2009.11.26 08:12:23.089,1.58535,1.5859,1.00,2.20
2009.11.26 08:12:23.439,1.5854,1.58585,1.00,1.00
2009.11.26 08:12:25.188,1.58535,1.58585,1.00,1.00
2009.11.26 08:12:25.538,1.5853,1.58585,1.00,1.00
2009.11.26 08:12:25.888,1.58535,1.58595,1.60,1.00
2009.11.26 08:12:26.058,1.5854,1.58595,1.00,1.00
2009.11.26 08:12:26.358,1.58545,1.586,1.20,1.00
2009.11.26 08:12:26.478,1.5855,1.58605,1.60,1.30
2009.11.26 08:12:26.638,1.5855,1.58605,1.60,1.40
2009.11.26 08:12:26.758,1.5855,1.58605,1.60,1.00
2009.11.26 08:12:26.928,1.5855,1.58605,2.00,1.00
2009.11.26 08:12:27.278,1.5856,1.58615,1.00,1.20
2009.11.26 08:12:27.628,1.5857,1.58625,1.00,1.20
2009.11.26 08:12:28.008,1.58575,1.58635,1.60,2.00
2009.11.26 08:12:28.357,1.58595,1.58635,1.00,1.00
2009.11.26 08:12:28.698,1.58605,1.5865,1.00,1.00
2009.11.26 08:12:29.058,1.58605,1.58685,2.00,1.60
2009.11.26 08:12:30.487,1.5862,1.58675,1.00,1.00
2009.11.26 08:12:31.387,1.58615,1.5867,1.00,1.00
2009.11.26 08:12:32.417,1.58615,1.5867,1.00,1.20
2009.11.26 08:12:33.347,1.58615,1.5867,1.00,1.00
2009.11.26 08:12:34.916,1.58615,1.5867,1.00,1.20
2009.11.26 08:12:35.946,1.5862,1.5867,1.00,1.00
2009.11.26 08:12:36.126,1.5862,1.58675,1.00,1.00
2009.11.26 08:12:36.465,1.5862,1.5868,1.60,2.00
2009.11.26 08:12:36.975,1.5862,1.5868,1.60,1.20
2009.11.26 08:12:37.306,1.58615,1.58665,5.90,1.00
2009.11.26 08:12:37.655,1.58615,1.58665,4.40,2.40
2009.11.26 08:12:37.986,1.5862,1.58675,1.20,2.80
2009.11.26 08:12:38.875,1.5862,1.58665,1.20,2.40
2009.11.26 08:12:39.215,1.58615,1.58655,5.20,2.40
2009.11.26 08:12:39.595,1.5861,1.5865,1.20,1.00
2009.11.26 08:12:41.944,1.5861,1.58645,1.20,2.40
2009.11.26 08:12:42.294,1.58605,1.58645,4.40,2.50
2009.11.26 08:12:42.644,1.5861,1.5865,1.20,1.00
2009.11.26 08:12:44.024,1.58605,1.5865,5.20,1.00
2009.11.26 08:12:44.244,1.58605,1.5865,2.00,1.00
2009.11.26 08:12:44.474,1.58605,1.58645,1.20,1.00
2009.11.26 08:12:44.714,1.586,1.58635,1.20,1.00
2009.11.26 08:12:45.063,1.58595,1.58635,5.60,1.00
2009.11.26 08:12:45.394,1.5858,1.5862,1.60,1.00
2009.11.26 08:12:45.683,1.58575,1.5862,1.00,1.00
2009.11.26 08:12:45.953,1.5857,1.5862,1.00,1.00
2009.11.26 08:12:47.163,1.58575,1.5862,1.00,1.00
2009.11.26 08:12:47.863,1.5859,1.5862,4.00,1.00
2009.11.26 08:12:48.213,1.5859,1.5862,8.00,1.00
2009.11.26 08:12:48.553,1.5859,1.58615,8.00,1.00
2009.11.26 08:12:48.853,1.58585,1.58615,4.00,1.00
2009.11.26 08:12:49.184,1.58585,1.5862,4.00,1.00
2009.11.26 08:12:49.463,1.5859,1.58625,4.00,1.20
2009.11.26 08:12:49.812,1.5859,1.58625,4.00,1.00
2009.11.26 08:12:50.492,1.5859,1.5862,4.00,1.00
2009.11.26 08:12:50.724,1.5859,1.5862,4.00,1.00
2009.11.26 08:12:51.222,1.58585,1.5862,4.00,1.00
2009.11.26 08:12:51.402,1.5858,1.5862,4.00,1.00
2009.11.26 08:12:52.912,1.5857,1.58605,1.00,1.60
2009.11.26 08:12:53.252,1.5856,1.58605,1.20,1.60
2009.11.26 08:12:55.081,1.5856,1.586,1.20,1.70
2009.11.26 08:12:55.381,1.5856,1.586,2.00,1.60
2009.11.26 08:12:55.611,1.58565,1.58615,1.00,1.00
2009.11.26 08:12:55.891,1.5857,1.58615,1.00,1.00
2009.11.26 08:12:56.231,1.5857,1.5862,1.00,2.00
2009.11.26 08:12:58.501,1.5857,1.5861,1.00,1.00
2009.11.26 08:12:59.080,1.58565,1.5861,1.20,1.00
2009.11.26 08:13:01.070,1.58565,1.5861,1.20,1.00
2009.11.26 08:13:01.370,1.58565,1.58595,1.20,1.00
2009.11.26 08:13:01.590,1.5855,1.58595,5.20,1.00
2009.11.26 08:13:04.689,1.5855,1.586,5.20,3.90
2009.11.26 08:13:04.919,1.5855,1.586,5.20,3.50
2009.11.26 08:13:06.638,1.5856,1.586,4.00,1.00
2009.11.26 08:13:06.918,1.58565,1.5861,1.20,2.90
2009.11.26 08:13:07.488,1.58565,1.5861,1.20,3.40
2009.11.26 08:13:07.828,1.58565,1.5861,4.40,1.60
2009.11.26 08:13:08.158,1.58565,1.5861,1.20,3.60
2009.11.26 08:13:09.208,1.58565,1.5861,3.20,2.00
2009.11.26 08:13:09.608,1.58565,1.5861,1.20,3.60
2009.11.26 08:13:10.647,1.5857,1.5861,1.20,1.60
2009.11.26 08:13:12.487,1.5857,1.5861,1.20,1.70
2009.11.26 08:13:13.107,1.58575,1.5862,1.20,1.30
2009.11.26 08:13:13.457,1.58575,1.5862,1.20,1.00
2009.11.26 08:13:14.086,1.58575,1.5862,1.20,1.00
2009.11.26 08:13:19.285,1.5857,1.58615,1.00,1.00
2009.11.26 08:13:21.425,1.5856,1.5861,1.30,1.00
2009.11.26 08:13:21.645,1.5856,1.58605,1.20,1.00
2009.11.26 08:13:21.865,1.5856,1.58605,1.00,1.00
2009.11.26 08:13:22.405,1.58555,1.58605,1.20,1.00
2009.11.26 08:13:23.564,1.58555,1.5861,3.60,1.60
2009.11.26 08:13:23.864,1.58565,1.58605,1.20,1.60
2009.11.26 08:13:24.204,1.5858,1.58615,1.00,1.00
2009.11.26 08:13:24.505,1.5859,1.58655,1.00,1.00
2009.11.26 08:13:24.834,1.5859,1.5866,1.60,10.00
2009.11.26 08:13:25.124,1.58595,1.5866,1.00,1.00
2009.11.26 08:13:25.404,1.58595,1.58655,1.00,1.00
2009.11.26 08:13:26.264,1.58595,1.5865,1.60,1.00
2009.11.26 08:13:26.554,1.586,1.5865,1.60,1.00
2009.11.26 08:13:26.834,1.586,1.5866,3.70,1.20
2009.11.26 08:13:27.124,1.5861,1.58665,1.00,1.20
2009.11.26 08:13:27.363,1.5861,1.58645,1.00,1.00
2009.11.26 08:13:27.724,1.586,1.5864,1.00,1.00
2009.11.26 08:13:28.073,1.58575,1.5863,1.00,1.00
2009.11.26 08:13:28.423,1.58565,1.58615,1.00,1.00
2009.11.26 08:13:28.724,1.58565,1.5862,1.00,2.20
2009.11.26 08:13:29.023,1.5856,1.5862,1.00,1.80
2009.11.26 08:13:29.313,1.5856,1.5862,1.70,1.80
2009.11.26 08:13:30.372,1.5856,1.5862,1.60,1.80
2009.11.26 08:13:31.073,1.5856,1.5862,1.60,2.00
2009.11.26 08:13:31.242,1.5856,1.5861,1.00,1.00
2009.11.26 08:13:31.352,1.58555,1.5861,1.00,1.10
2009.11.26 08:13:32.042,1.58555,1.58605,1.00,1.00
2009.11.26 08:13:32.672,1.58555,1.58605,1.00,4.30
2009.11.26 08:13:33.052,1.58555,1.58605,1.00,4.30
2009.11.26 08:13:33.392,1.58555,1.58605,1.00,1.00
2009.11.26 08:13:35.871,1.5855,1.58605,1.40,1.70
2009.11.26 08:13:35.931,1.5855,1.58605,1.00,2.80
2009.11.26 08:13:36.042,1.58545,1.58605,1.30,6.30
2009.11.26 08:13:36.101,1.58545,1.586,1.30,1.00
2009.11.26 08:13:36.211,1.58545,1.586,1.00,1.00
2009.11.26 08:13:36.501,1.58545,1.58605,1.00,5.20
2009.11.26 08:13:36.611,1.58545,1.586,1.00,1.00
2009.11.26 08:13:37.161,1.5855,1.586,1.00,1.00
2009.11.26 08:13:37.491,1.5855,1.58605,1.00,4.40
2009.11.26 08:13:38.231,1.58545,1.58605,1.00,5.20
2009.11.26 08:13:38.571,1.5855,1.58605,1.00,4.40
2009.11.26 08:13:39.391,1.58545,1.58605,1.30,5.20
2009.11.26 08:13:39.610,1.5855,1.58605,1.00,4.40
2009.11.26 08:13:39.670,1.5855,1.58595,1.00,1.00
2009.11.26 08:13:39.790,1.58545,1.58595,1.00,1.00
2009.11.26 08:13:40.310,1.58545,1.586,1.00,1.00
2009.11.26 08:13:40.710,1.58545,1.58605,1.00,6.00
2009.11.26 08:13:41.060,1.58545,1.58605,1.00,2.00
2009.11.26 08:13:42.200,1.5855,1.58605,1.00,1.20
2009.11.26 08:13:42.830,1.58545,1.58605,1.00,2.00
2009.11.26 08:13:43.739,1.58545,1.586,1.00,1.00
2009.11.26 08:13:44.779,1.58545,1.58595,1.00,1.00
2009.11.26 08:13:46.569,1.5854,1.58595,4.20,1.00
2009.11.26 08:13:46.739,1.5854,1.58595,2.40,3.60
2009.11.26 08:13:47.069,1.58535,1.58595,1.30,2.00
2009.11.26 08:13:47.409,1.58535,1.5859,1.00,1.00
2009.11.26 08:13:49.458,1.5854,1.5859,1.00,1.00
2009.11.26 08:13:49.688,1.5854,1.58595,2.50,4.40
2009.11.26 08:13:49.958,1.58545,1.586,1.00,4.40
2009.11.26 08:13:50.188,1.58555,1.586,1.00,1.00
2009.11.26 08:13:50.468,1.58555,1.586,1.00,1.00
2009.11.26 08:13:50.708,1.58555,1.58605,1.00,4.30
2009.11.26 08:13:50.948,1.58555,1.58605,1.00,4.30
2009.11.26 08:13:51.528,1.58555,1.58605,1.00,4.30
2009.11.26 08:13:52.098,1.58545,1.58605,3.20,5.20
2009.11.26 08:13:52.458,1.58545,1.58605,1.00,5.20
2009.11.26 08:13:53.077,1.58545,1.586,1.00,1.00
2009.11.26 08:13:53.527,1.5855,1.58605,2.00,1.00
2009.11.26 08:13:53.877,1.5855,1.58605,1.00,1.00
2009.11.26 08:13:54.217,1.58545,1.58605,1.70,1.00
2009.11.26 08:13:57.536,1.58555,1.5861,1.00,7.20
2009.11.26 08:13:57.876,1.58555,1.5861,1.00,9.20
2009.11.26 08:13:58.216,1.5855,1.58605,3.80,1.00
2009.11.26 08:13:58.566,1.5855,1.58605,1.20,1.00
2009.11.26 08:13:58.856,1.58545,1.58605,3.00,1.00
2009.11.26 08:14:00.365,1.5855,1.58605,7.80,1.00
2009.11.26 08:14:00.705,1.5855,1.58605,4.80,1.00
2009.11.26 08:14:00.885,1.5855,1.58605,1.00,1.00
2009.11.26 08:14:02.485,1.5855,1.58605,1.60,1.00
2009.11.26 08:14:03.425,1.5855,1.58605,1.70,1.00
2009.11.26 08:14:03.715,1.5855,1.58605,1.60,1.00
2009.11.26 08:14:04.934,1.58555,1.58605,1.20,1.00
2009.11.26 08:14:05.164,1.5855,1.58605,2.80,1.00
2009.11.26 08:14:05.444,1.5855,1.58605,2.50,1.00
2009.11.26 08:14:06.664,1.58555,1.5861,1.00,5.90
2009.11.26 08:14:06.774,1.58555,1.5861,1.00,5.10
2009.11.26 08:14:07.004,1.58555,1.5861,1.00,1.90
2009.11.26 08:14:07.304,1.58555,1.5861,1.00,1.60
2009.11.26 08:14:07.694,1.58555,1.5861,1.00,1.00
2009.11.26 08:14:09.443,1.58555,1.58605,1.00,1.00
2009.11.26 08:14:09.613,1.5855,1.58605,4.40,1.00
2009.11.26 08:14:09.733,1.5855,1.58605,2.80,1.00
2009.11.26 08:14:09.913,1.5855,1.58605,1.00,1.20
2009.11.26 08:14:10.083,1.58545,1.58605,1.70,2.00
2009.11.26 08:14:10.263,1.58545,1.58605,1.00,2.00
2009.11.26 08:14:11.273,1.58555,1.58605,1.00,1.00
2009.11.26 08:14:11.973,1.58555,1.5861,1.00,1.00
2009.11.26 08:14:12.882,1.58555,1.5861,1.00,1.00
2009.11.26 08:14:13.172,1.5856,1.5861,1.00,1.00
2009.11.26 08:14:13.462,1.58555,1.58615,2.00,1.60
2009.11.26 08:14:13.802,1.58555,1.58615,1.60,1.60
2009.11.26 08:14:18.511,1.58555,1.5861,1.00,2.00
2009.11.26 08:14:18.791,1.58555,1.5861,1.60,1.00
2009.11.26 08:14:19.091,1.58555,1.58615,1.60,1.60
2009.11.26 08:14:19.371,1.5856,1.58615,1.00,1.00
2009.11.26 08:14:20.341,1.58555,1.58615,1.60,1.60
2009.11.26 08:14:22.830,1.58555,1.5861,1.60,1.20
2009.11.26 08:14:23.170,1.5855,1.5861,1.60,2.80
2009.11.26 08:14:24.950,1.58555,1.5861,1.00,1.80
2009.11.26 08:14:25.249,1.5856,1.5861,1.00,1.00
2009.11.26 08:14:25.369,1.58555,1.58615,1.60,8.80
2009.11.26 08:14:25.539,1.58555,1.58615,1.60,4.80
2009.11.26 08:14:27.429,1.58555,1.5861,1.00,2.00
2009.11.26 08:14:28.699,1.58555,1.5861,1.60,1.00
2009.11.26 08:14:28.988,1.58555,1.58615,1.60,4.80
2009.11.26 08:14:29.309,1.58555,1.58615,1.60,1.00
2009.11.26 08:14:29.608,1.58555,1.58615,1.60,4.80
2009.11.26 08:14:30.168,1.58555,1.5861,1.00,1.00
2009.11.26 08:14:30.468,1.58555,1.5861,1.00,2.00
2009.11.26 08:14:30.688,1.58555,1.5861,1.00,1.90
2009.11.26 08:14:30.808,1.58555,1.5861,1.00,2.00
2009.11.26 08:14:31.248,1.58555,1.5861,1.00,1.80
2009.11.26 08:14:31.358,1.58555,1.58615,1.60,9.60
2009.11.26 08:14:31.878,1.58555,1.58615,1.60,8.80
2009.11.26 08:14:32.228,1.58555,1.58615,1.60,4.80
2009.11.26 08:14:35.867,1.58565,1.58615,1.00,4.00
2009.11.26 08:14:36.257,1.5856,1.5862,1.00,4.00
2009.11.26 08:14:36.487,1.5857,1.58625,1.00,1.20
2009.11.26 08:14:36.947,1.5857,1.5862,1.00,1.00
2009.11.26 08:14:40.176,1.5857,1.5862,1.00,1.20
2009.11.26 08:14:40.416,1.5857,1.5862,1.00,2.00
2009.11.26 08:14:43.036,1.58565,1.5862,1.00,2.00
2009.11.26 08:14:43.365,1.58565,1.58615,1.00,1.60
2009.11.26 08:14:44.185,1.5856,1.58615,1.20,1.60
2009.11.26 08:14:44.416,1.5856,1.58615,1.00,1.60
2009.11.26 08:14:45.005,1.58565,1.58615,1.00,1.60
2009.11.26 08:14:45.165,1.58555,1.58615,3.00,2.40
2009.11.26 08:14:45.565,1.5855,1.5861,2.40,1.80
2009.11.26 08:14:45.905,1.5855,1.58605,1.20,1.00
2009.11.26 08:14:46.535,1.5855,1.58605,1.00,1.00
2009.11.26 08:14:49.863,1.5854,1.58575,1.00,1.00
2009.11.26 08:14:50.153,1.58535,1.58585,1.00,1.00
2009.11.26 08:14:50.433,1.585,1.58585,1.00,10.20
2009.11.26 08:14:50.663,1.58505,1.58575,1.00,1.00
2009.11.26 08:14:50.893,1.585,1.5856,1.00,1.00
2009.11.26 08:14:51.533,1.58505,1.5856,1.00,1.00
2009.11.26 08:14:52.803,1.58505,1.58565,1.60,8.80
2009.11.26 08:14:53.143,1.58505,1.58565,1.60,1.00
2009.11.26 08:14:53.472,1.58505,1.58565,1.60,1.60
2009.11.26 08:14:54.352,1.5851,1.58565,1.00,1.00
2009.11.26 08:14:54.592,1.58505,1.58565,1.60,1.60
2009.11.26 08:14:55.292,1.58505,1.5856,1.00,1.00
2009.11.26 08:14:55.642,1.585,1.5856,1.00,1.60
2009.11.26 08:14:57.183,1.5851,1.58565,1.00,1.00
2009.11.26 08:14:59.111,1.585,1.5856,2.60,1.00
2009.11.26 08:14:59.341,1.585,1.5856,1.00,1.60
2009.11.26 08:15:01.911,1.58495,1.58555,1.60,1.00
2009.11.26 08:15:02.150,1.58505,1.5856,1.00,4.80
2009.11.26 08:15:02.510,1.5851,1.58565,1.00,5.20
2009.11.26 08:15:02.850,1.5851,1.5856,1.00,1.00
2009.11.26 08:15:03.200,1.585,1.5856,2.60,1.60
2009.11.26 08:15:03.560,1.585,1.5856,1.60,1.00
2009.11.26 08:15:03.900,1.58505,1.5856,1.00,4.00
2009.11.26 08:15:04.260,1.5852,1.5856,1.00,4.00
2009.11.26 08:15:04.540,1.5852,1.58565,1.00,4.00
2009.11.26 08:15:04.780,1.5852,1.5857,1.00,1.00
2009.11.26 08:15:05.340,1.58525,1.58575,1.00,1.00
2009.11.26 08:15:06.859,1.58525,1.58575,1.00,1.20
2009.11.26 08:15:07.099,1.58525,1.5857,1.00,1.00
2009.11.26 08:15:07.269,1.5852,1.5857,1.00,1.00
2009.11.26 08:15:08.319,1.58515,1.5857,3.30,1.00
2009.11.26 08:15:09.179,1.58515,1.5857,3.30,1.00
2009.11.26 08:15:09.989,1.58515,1.5857,3.20,1.00
2009.11.26 08:15:10.259,1.5851,1.5857,2.90,2.00
2009.11.26 08:15:10.548,1.5851,1.5857,2.10,2.40
2009.11.26 08:15:10.828,1.5851,1.5857,2.10,1.70
2009.11.26 08:15:11.758,1.5851,1.5857,2.00,1.60
2009.11.26 08:15:11.988,1.5852,1.5857,1.00,1.00
2009.11.26 08:15:12.328,1.5852,1.58575,1.00,1.20
2009.11.26 08:15:12.678,1.5852,1.58575,1.00,1.00
2009.11.26 08:15:13.028,1.5852,1.5857,1.00,1.00
2009.11.26 08:15:13.688,1.5852,1.58575,1.00,1.00
2009.11.26 08:15:14.038,1.58525,1.58575,1.00,1.00
2009.11.26 08:15:14.508,1.5852,1.5858,1.60,1.60
2009.11.26 08:15:14.958,1.5852,1.58575,1.60,1.00
2009.11.26 08:15:16.537,1.5852,1.58575,1.00,1.00
2009.11.26 08:15:16.657,1.5852,1.58575,1.00,1.00
2009.11.26 08:15:16.767,1.5852,1.58575,2.00,1.00
2009.11.26 08:15:16.947,1.58525,1.58575,1.00,1.00
2009.11.26 08:15:17.057,1.58525,1.5858,1.00,1.00
2009.11.26 08:15:19.246,1.58525,1.5858,2.40,1.00
2009.11.26 08:15:19.476,1.5853,1.5859,1.00,13.50
2009.11.26 08:15:20.056,1.58535,1.58595,1.00,6.90
2009.11.26 08:15:20.346,1.5853,1.58595,7.20,2.90
2009.11.26 08:15:22.046,1.58535,1.58595,1.00,2.50
2009.11.26 08:15:23.046,1.5854,1.586,1.00,14.00
2009.11.26 08:15:23.336,1.58545,1.586,1.00,9.20
2009.11.26 08:15:23.565,1.58545,1.586,1.00,8.80
2009.11.26 08:15:24.315,1.5855,1.586,1.00,1.00
2009.11.26 08:15:24.605,1.5855,1.58605,1.00,1.00
2009.11.26 08:15:24.955,1.58545,1.58605,1.60,1.20
2009.11.26 08:15:25.285,1.58545,1.58605,1.60,2.00
2009.11.26 08:15:25.615,1.58545,1.586,1.00,1.60
2009.11.26 08:15:26.315,1.5855,1.586,1.00,1.00
2009.11.26 08:15:26.664,1.5855,1.586,1.00,1.10
2009.11.26 08:15:28.084,1.58545,1.586,8.30,1.70
2009.11.26 08:15:28.434,1.58545,1.586,3.00,1.00
2009.11.26 08:15:28.824,1.5855,1.586,1.00,1.00
2009.11.26 08:15:29.124,1.5856,1.58615,1.00,7.00
2009.11.26 08:15:29.484,1.5856,1.58615,1.00,4.80
2009.11.26 08:15:30.184,1.5856,1.58615,1.00,1.00
2009.11.26 08:15:30.524,1.5856,1.5862,1.00,2.00
2009.11.26 08:15:30.874,1.58565,1.5862,1.00,1.20
2009.11.26 08:15:31.553,1.58565,1.5862,1.00,1.00
2009.11.26 08:15:31.784,1.58565,1.58625,1.00,2.40
2009.11.26 08:15:31.953,1.58565,1.58625,1.00,1.60
2009.11.26 08:15:33.123,1.58565,1.58625,1.00,5.60
2009.11.26 08:15:33.473,1.58565,1.58625,1.00,6.40
2009.11.26 08:15:33.823,1.5857,1.58625,1.00,4.80
2009.11.26 08:15:34.173,1.5857,1.5863,1.00,5.60
2009.11.26 08:15:34.403,1.5857,1.5863,1.00,2.00
2009.11.26 08:15:34.583,1.5857,1.5863,1.00,1.60
2009.11.26 08:15:34.813,1.5857,1.5863,1.80,1.60
2009.11.26 08:15:34.993,1.5857,1.5863,1.60,1.60
2009.11.26 08:15:35.213,1.5857,1.5863,2.40,1.60
2009.11.26 08:15:36.303,1.5857,1.5863,2.40,3.00
2009.11.26 08:15:36.413,1.5857,1.5863,1.60,1.60
2009.11.26 08:15:36.523,1.5857,1.5863,1.00,1.60
2009.11.26 08:15:36.762,1.5857,1.5863,1.00,2.40
2009.11.26 08:15:37.692,1.58565,1.58625,3.80,1.60
2009.11.26 08:15:38.032,1.5857,1.58625,1.00,1.00
2009.11.26 08:15:38.352,1.5857,1.5863,1.60,5.60
2009.11.26 08:15:38.702,1.5857,1.5863,1.60,1.60
2009.11.26 08:15:39.042,1.5857,1.58625,1.00,1.00
2009.11.26 08:15:39.442,1.5856,1.5862,3.80,1.00
2009.11.26 08:15:39.783,1.5856,1.5862,2.00,1.60
2009.11.26 08:15:40.141,1.5856,1.5862,1.60,1.60
2009.11.26 08:15:42.951,1.5856,1.58615,1.00,1.00
2009.11.26 08:15:43.750,1.5856,1.58615,1.60,1.00
2009.11.26 08:15:44.031,1.5856,1.58615,1.00,1.00
2009.11.26 08:15:44.261,1.58555,1.58605,1.00,1.60
2009.11.26 08:15:44.541,1.5855,1.5861,1.60,2.40
2009.11.26 08:15:44.890,1.5855,1.5861,1.00,2.40
2009.11.26 08:15:45.240,1.5855,1.58605,1.00,1.00
2009.11.26 08:15:49.469,1.58545,1.5861,1.80,5.20
2009.11.26 08:15:49.689,1.58545,1.58605,1.00,2.40
2009.11.26 08:15:50.259,1.58545,1.586,1.00,1.00
2009.11.26 08:15:59.387,1.5854,1.586,2.80,1.60
2009.11.26 08:15:59.617,1.5854,1.58595,2.00,1.00
2009.11.26 08:15:59.847,1.5855,1.586,1.00,1.00
2009.11.26 08:16:00.177,1.5854,1.586,1.60,1.00
2009.11.26 08:16:00.567,1.5854,1.586,1.60,1.60
2009.11.26 08:16:01.476,1.58545,1.586,1.00,1.00
2009.11.26 08:16:06.595,1.5854,1.586,3.80,1.60
2009.11.26 08:16:06.825,1.5854,1.586,1.60,1.60
2009.11.26 08:16:07.055,1.5854,1.58595,1.00,1.00
2009.11.26 08:16:07.285,1.5854,1.586,1.60,1.60
2009.11.26 08:16:08.445,1.5854,1.58595,1.00,1.00
2009.11.26 08:16:09.144,1.5854,1.586,1.60,1.60
2009.11.26 08:16:09.764,1.5854,1.58595,1.00,1.00
2009.11.26 08:16:10.054,1.5854,1.58595,1.60,1.00
2009.11.26 08:16:10.394,1.5854,1.586,1.60,1.60
2009.11.26 08:16:10.734,1.5854,1.58595,1.00,1.00
2009.11.26 08:16:11.074,1.58535,1.58595,1.00,2.40
2009.11.26 08:16:11.354,1.58535,1.5859,1.00,1.00
2009.11.26 08:16:11.814,1.5853,1.5859,2.00,1.60
2009.11.26 08:16:12.054,1.5853,1.58585,1.00,1.00
2009.11.26 08:16:18.082,1.58525,1.58585,2.20,1.60
2009.11.26 08:16:18.422,1.5852,1.5858,3.60,1.60
2009.11.26 08:16:18.762,1.58525,1.5858,1.00,1.00
2009.11.26 08:16:19.112,1.5852,1.58575,2.40,1.00
2009.11.26 08:16:19.442,1.5851,1.5857,2.80,1.00
2009.11.26 08:16:19.732,1.5851,1.5857,2.80,1.60
2009.11.26 08:16:20.532,1.5851,1.5857,2.60,1.60
2009.11.26 08:16:23.901,1.58515,1.58575,1.60,2.40
2009.11.26 08:16:24.641,1.58515,1.58575,1.60,1.60
2009.11.26 08:16:24.921,1.5852,1.58575,1.00,1.00
2009.11.26 08:16:33.199,1.58525,1.5858,1.00,1.00
2009.11.26 08:16:34.828,1.5853,1.5858,1.00,1.00
2009.11.26 08:16:35.049,1.5853,1.58585,1.00,1.00
2009.11.26 08:16:35.388,1.5853,1.5859,1.00,5.60
2009.11.26 08:16:35.738,1.5853,1.5859,1.00,1.60
2009.11.26 08:16:44.566,1.58535,1.5859,1.00,1.00
2009.11.26 08:16:45.036,1.58535,1.58595,1.00,2.40
2009.11.26 08:16:46.525,1.58535,1.58595,1.00,1.60
2009.11.26 08:16:47.505,1.58535,1.58595,1.00,2.00
2009.11.26 08:16:47.735,1.5853,1.5859,2.80,1.00
2009.11.26 08:16:53.545,1.5853,1.5859,2.80,1.60
2009.11.26 08:16:54.045,1.5853,1.5859,2.00,1.60
2009.11.26 08:16:58.654,1.58535,1.5859,1.00,1.00
2009.11.26 08:16:58.984,1.5853,1.5859,1.00,1.60
2009.11.26 08:16:59.274,1.5853,1.58585,1.00,1.00
2009.11.26 08:17:01.523,1.58525,1.5858,1.00,1.00
2009.11.26 08:17:02.723,1.5852,1.5858,2.00,1.60
2009.11.26 08:17:03.063,1.5852,1.58575,1.00,1.60
2009.11.26 08:17:03.412,1.58515,1.5857,1.00,1.00
2009.11.26 08:17:06.772,1.5851,1.5857,2.20,1.60
2009.11.26 08:17:06.942,1.58515,1.5857,1.00,1.00
2009.11.26 08:17:07.112,1.5852,1.5857,1.00,1.00
2009.11.26 08:17:07.922,1.5852,1.58575,1.00,1.00
2009.11.26 08:17:09.351,1.58515,1.58575,2.00,1.60
2009.11.26 08:17:09.581,1.58515,1.5857,1.00,1.00
2009.11.26 08:17:11.761,1.58505,1.58555,1.60,1.00
2009.11.26 08:17:11.981,1.585,1.5856,2.40,2.20
2009.11.26 08:17:12.031,1.58505,1.5856,1.00,4.40
2009.11.26 08:17:12.491,1.58515,1.58555,1.00,1.00
2009.11.26 08:17:12.851,1.58515,1.58565,1.00,1.00
2009.11.26 08:17:18.469,1.5852,1.5857,1.00,1.00
2009.11.26 08:17:18.769,1.5852,1.58575,1.00,1.00
2009.11.26 08:17:21.008,1.5852,1.5857,1.00,1.00
2009.11.26 08:17:21.798,1.58525,1.5857,1.00,1.00
2009.11.26 08:17:21.898,1.58525,1.58575,1.00,1.00
2009.11.26 08:17:22.768,1.58525,1.5858,1.00,1.00
2009.11.26 08:17:24.118,1.5853,1.5858,1.00,1.00
2009.11.26 08:17:24.507,1.5853,1.58585,1.00,1.00
2009.11.26 08:17:29.226,1.58525,1.5858,1.00,1.00
2009.11.26 08:17:29.626,1.5853,1.58585,1.00,5.60
2009.11.26 08:17:29.806,1.5853,1.58585,1.00,1.60
2009.11.26 08:17:30.086,1.58535,1.58585,1.00,1.60
2009.11.26 08:17:30.416,1.58535,1.58585,1.00,1.00
2009.11.26 08:17:30.856,1.58535,1.5859,1.00,1.00
2009.11.26 08:17:31.526,1.5853,1.5859,2.00,1.60
2009.11.26 08:17:31.816,1.5853,1.58585,1.00,1.00
2009.11.26 08:17:33.695,1.5853,1.5858,1.00,1.00
2009.11.26 08:17:36.825,1.58555,1.5858,5.20,1.00
2009.11.26 08:17:37.005,1.5857,1.5859,2.40,1.00
2009.11.26 08:17:37.404,1.58545,1.58605,8.80,1.00
2009.11.26 08:17:37.755,1.5854,1.5859,1.00,1.80
2009.11.26 08:17:38.104,1.5854,1.5857,1.00,1.00
2009.11.26 08:17:38.395,1.5851,1.5856,1.00,1.00
2009.11.26 08:17:38.724,1.5851,1.5858,1.00,1.00
2009.11.26 08:17:39.004,1.5851,1.5859,1.00,4.80
2009.11.26 08:17:40.164,1.5852,1.5858,1.00,1.00
2009.11.26 08:17:42.353,1.58515,1.5858,1.20,1.00
2009.11.26 08:17:42.813,1.58515,1.5858,1.80,1.00
2009.11.26 08:17:43.143,1.58525,1.5858,1.00,1.00
2009.11.26 08:17:43.483,1.5852,1.58575,1.00,1.00
2009.11.26 08:17:43.833,1.58525,1.58575,1.00,1.00
2009.11.26 08:17:44.173,1.5852,1.5857,1.00,1.00
2009.11.26 08:17:46.992,1.58525,1.5857,1.00,1.00
2009.11.26 08:17:47.222,1.58525,1.58575,1.00,1.00
2009.11.26 08:17:48.082,1.5852,1.5858,1.00,4.80
2009.11.26 08:17:48.472,1.58515,1.5857,1.00,1.00
2009.11.26 08:17:48.822,1.5852,1.5857,1.00,1.00
2009.11.26 08:17:50.741,1.5853,1.5858,1.00,1.00
2009.11.26 08:17:53.770,1.58535,1.5858,1.00,1.00
2009.11.26 08:17:54.170,1.58535,1.58585,1.00,1.00
2009.11.26 08:17:59.709,1.5852,1.5857,1.00,1.00
2009.11.26 08:18:00.169,1.58515,1.5857,2.20,1.00
2009.11.26 08:18:00.519,1.5851,1.58565,2.00,1.10
2009.11.26 08:18:00.909,1.58515,1.5856,1.20,1.00
2009.11.26 08:18:01.239,1.58505,1.5856,1.00,1.00
2009.11.26 08:18:01.589,1.58505,1.5856,1.00,1.60
2009.11.26 08:18:01.928,1.585,1.5856,2.20,1.60
2009.11.26 08:18:02.319,1.585,1.58555,1.00,1.00
2009.11.26 08:18:03.358,1.585,1.5855,1.00,1.00
2009.11.26 08:18:06.347,1.58505,1.5855,1.00,1.00
2009.11.26 08:18:06.628,1.58505,1.58555,1.00,1.00
2009.11.26 08:18:08.677,1.58495,1.5855,1.00,1.00
2009.11.26 08:18:09.027,1.585,1.5855,1.00,1.00
2009.11.26 08:18:10.307,1.58495,1.5855,2.00,1.00
2009.11.26 08:18:10.597,1.58495,1.5855,1.00,1.00
2009.11.26 08:18:14.495,1.585,1.5855,1.00,1.00
2009.11.26 08:18:14.785,1.585,1.58555,1.00,1.60
2009.11.26 08:18:15.135,1.58495,1.5855,1.00,1.00
2009.11.26 08:18:15.415,1.58495,1.5855,1.00,1.10
2009.11.26 08:18:16.005,1.5849,1.58545,1.00,4.30
2009.11.26 08:18:16.125,1.5849,1.58545,1.00,5.10
2009.11.26 08:18:16.465,1.58485,1.5854,2.50,1.10
2009.11.26 08:18:16.585,1.58485,1.5854,2.50,1.00
2009.11.26 08:18:16.695,1.58485,1.5854,2.50,1.60
2009.11.26 08:18:17.715,1.58485,1.5854,1.70,1.60
2009.11.26 08:18:18.355,1.58485,1.5854,1.00,1.60
2009.11.26 08:18:18.655,1.5848,1.58535,1.00,1.00
2009.11.26 08:18:19.244,1.58485,1.5854,1.00,6.40
2009.11.26 08:18:19.484,1.58485,1.5854,1.00,5.60
2009.11.26 08:18:19.764,1.5848,1.5854,1.10,1.60
2009.11.26 08:18:27.952,1.5849,1.5854,1.00,1.00
2009.11.26 08:18:28.172,1.5849,1.58545,1.00,5.20
2009.11.26 08:18:29.312,1.58485,1.5854,1.00,1.60
2009.11.26 08:18:29.702,1.58485,1.58535,1.00,1.00
2009.11.26 08:18:29.872,1.58485,1.58535,1.00,1.20
2009.11.26 08:18:30.362,1.5848,1.58535,1.00,1.20
2009.11.26 08:18:30.602,1.5848,1.58535,1.00,5.20
2009.11.26 08:18:32.141,1.58485,1.58535,1.60,5.20
2009.11.26 08:18:32.721,1.5848,1.58535,1.00,5.20
2009.11.26 08:18:33.001,1.58475,1.5853,2.60,1.00
2009.11.26 08:18:33.351,1.58475,1.5853,1.30,1.00
2009.11.26 08:18:34.641,1.58475,1.58525,1.30,1.00
2009.11.26 08:18:34.972,1.58475,1.58525,1.00,1.00
2009.11.26 08:18:35.261,1.5847,1.58525,1.00,1.00
2009.11.26 08:18:35.621,1.58465,1.58525,4.60,5.10
2009.11.26 08:18:35.961,1.58465,1.5852,1.00,1.00
2009.11.26 08:18:36.310,1.58465,1.5852,1.00,1.60
2009.11.26 08:18:46.108,1.5848,1.5853,1.00,1.60
2009.11.26 08:18:46.168,1.5848,1.58535,1.00,10.60
2009.11.26 08:18:46.228,1.5848,1.58535,1.00,9.60
2009.11.26 08:18:46.388,1.5848,1.58535,1.00,5.60
2009.11.26 08:18:46.448,1.58475,1.5853,1.00,1.00
2009.11.26 08:18:46.618,1.58475,1.5853,1.80,1.00
2009.11.26 08:18:46.978,1.5848,1.5853,1.00,3.50
2009.11.26 08:18:49.237,1.5848,1.5853,1.00,4.30
2009.11.26 08:18:49.567,1.5848,1.5853,1.00,1.10
2009.11.26 08:18:49.807,1.5848,1.58525,1.00,1.00
2009.11.26 08:18:50.097,1.58475,1.58525,1.00,1.00
2009.11.26 08:18:50.437,1.5847,1.58525,1.00,1.00
2009.11.26 08:18:51.017,1.5847,1.58525,1.00,1.60
2009.11.26 08:18:52.126,1.58475,1.5852,1.00,1.00
2009.11.26 08:18:52.538,1.5847,1.58525,1.00,1.60
2009.11.26 08:18:52.877,1.58475,1.5853,1.00,2.00
2009.11.26 08:18:53.756,1.58475,1.5852,1.00,1.00
2009.11.26 08:18:54.036,1.58465,1.5852,1.00,1.00
2009.11.26 08:18:54.327,1.5847,1.58525,2.00,4.80
2009.11.26 08:18:54.836,1.5847,1.58525,2.40,4.80
2009.11.26 08:18:55.396,1.58475,1.58525,1.00,1.00
2009.11.26 08:18:55.726,1.5848,1.5853,1.00,1.00
2009.11.26 08:18:56.056,1.5848,1.5853,2.40,1.00
2009.11.26 08:18:56.805,1.5848,1.58535,2.40,1.00
2009.11.26 08:18:57.215,1.5848,1.58535,2.20,1.00
2009.11.26 08:18:57.385,1.5848,1.58535,1.00,1.60
2009.11.26 08:18:57.615,1.58475,1.58525,1.00,1.00
2009.11.26 08:18:57.965,1.58465,1.58525,2.40,1.00
2009.11.26 08:18:58.315,1.58465,1.58525,2.40,1.60
2009.11.26 08:18:58.875,1.5847,1.58525,1.80,1.00
2009.11.26 08:18:59.225,1.58465,1.58525,2.10,6.00
2009.11.26 08:18:59.575,1.58465,1.58525,3.20,5.60
2009.11.26 08:18:59.744,1.58465,1.58525,2.40,1.60
2009.11.26 08:19:00.184,1.58465,1.58525,2.30,1.60
2009.11.26 08:19:01.924,1.58475,1.58525,1.00,1.60
2009.11.26 08:19:02.154,1.5848,1.5853,1.00,4.00
2009.11.26 08:19:02.384,1.58475,1.58535,2.00,9.60
2009.11.26 08:19:02.664,1.5847,1.5853,2.10,1.00
2009.11.26 08:19:03.004,1.5847,1.5853,1.70,1.60
2009.11.26 08:19:08.553,1.58485,1.5854,2.00,1.00
2009.11.26 08:19:08.902,1.58485,1.5854,1.00,1.00
2009.11.26 08:19:09.232,1.5848,1.5853,1.00,1.00
2009.11.26 08:19:09.572,1.58475,1.5853,1.00,1.00
2009.11.26 08:19:09.962,1.5847,1.5853,2.40,1.60
2009.11.26 08:19:13.641,1.5847,1.5853,3.20,1.60
2009.11.26 08:19:14.261,1.58475,1.5853,1.00,1.00
2009.11.26 08:19:14.601,1.58475,1.58535,1.00,1.60
2009.11.26 08:19:17.660,1.5847,1.5853,3.20,1.00
2009.11.26 08:19:17.880,1.5847,1.5853,2.40,1.60
2009.11.26 08:19:23.439,1.58475,1.5853,1.00,1.60
2009.11.26 08:19:23.779,1.58475,1.5853,1.10,1.60
2009.11.26 08:19:24.399,1.58475,1.5853,1.90,1.00
2009.11.26 08:19:25.269,1.5848,1.58535,1.20,1.60
2009.11.26 08:19:25.949,1.5848,1.58535,2.00,1.00
2009.11.26 08:19:28.588,1.5848,1.5854,2.80,10.80
2009.11.26 08:19:28.758,1.5849,1.5854,1.00,10.40
2009.11.26 08:19:28.938,1.5849,1.5854,1.00,4.80
2009.11.26 08:19:29.108,1.5849,1.5854,1.20,4.00
2009.11.26 08:19:29.967,1.5849,1.58545,1.20,1.00
2009.11.26 08:19:30.667,1.58485,1.58545,3.00,1.00
2009.11.26 08:19:30.947,1.58485,1.5854,1.20,1.00
2009.11.26 08:19:31.237,1.58485,1.5854,1.60,1.00
2009.11.26 08:19:31.467,1.58485,1.58535,1.00,1.00
2009.11.26 08:19:31.707,1.5848,1.58535,2.00,1.00
2009.11.26 08:19:32.667,1.5848,1.58535,2.40,1.00
2009.11.26 08:19:33.007,1.58485,1.58535,1.00,1.00
2009.11.26 08:19:33.356,1.5848,1.58535,2.40,1.00
2009.11.26 08:19:34.406,1.5849,1.58535,1.00,1.00
2009.11.26 08:19:34.746,1.5848,1.58535,2.40,1.00
2009.11.26 08:19:34.966,1.58485,1.58535,1.00,1.00
2009.11.26 08:19:35.246,1.5848,1.58535,1.60,1.00
2009.11.26 08:19:35.536,1.58485,1.58535,1.00,1.00
2009.11.26 08:19:35.766,1.5848,1.58535,1.60,1.00
2009.11.26 08:19:36.456,1.5849,1.58535,1.00,3.50
2009.11.26 08:19:36.736,1.5848,1.58535,1.20,1.00
2009.11.26 08:19:37.016,1.58495,1.5854,1.00,5.50
2009.11.26 08:19:37.316,1.5849,1.5854,1.00,1.00
2009.11.26 08:19:37.536,1.58485,1.5855,1.80,9.60
2009.11.26 08:19:37.806,1.58485,1.5855,1.80,1.60
2009.11.26 08:19:39.265,1.585,1.58555,1.20,1.00
2009.11.26 08:19:39.605,1.58505,1.5856,2.10,1.00
2009.11.26 08:19:39.945,1.58515,1.58565,1.00,1.00
2009.11.26 08:19:40.285,1.58515,1.5857,1.00,9.60
2009.11.26 08:19:40.645,1.58515,1.5857,1.00,1.60
2009.11.26 08:19:40.995,1.58515,1.5857,1.80,1.00
2009.11.26 08:19:42.634,1.5852,1.58575,1.00,6.80
2009.11.26 08:19:42.924,1.5852,1.5857,1.00,1.00
2009.11.26 08:19:43.164,1.58515,1.5857,1.80,1.00
2009.11.26 08:19:44.214,1.58515,1.5857,1.00,1.00
2009.11.26 08:19:44.954,1.58515,1.5857,1.00,8.80
2009.11.26 08:19:45.234,1.58515,1.5857,1.00,1.20
2009.11.26 08:19:45.464,1.58515,1.5857,1.00,1.00
2009.11.26 08:19:45.913,1.5852,1.58575,1.20,10.80
2009.11.26 08:19:46.143,1.5852,1.58575,1.20,2.40
2009.11.26 08:19:46.363,1.5852,1.5857,1.00,1.00
2009.11.26 08:19:46.533,1.58515,1.5857,1.00,1.00
2009.11.26 08:19:46.703,1.5852,1.58575,1.00,10.80
2009.11.26 08:19:46.913,1.58515,1.5857,1.00,1.00
2009.11.26 08:19:48.103,1.5851,1.5856,1.00,1.00
2009.11.26 08:19:48.433,1.5851,1.58565,1.00,1.00
2009.11.26 08:19:48.713,1.5851,1.5856,1.00,1.00
2009.11.26 08:19:49.003,1.5851,1.5856,1.00,2.40
2009.11.26 08:19:49.283,1.5851,1.5856,1.00,4.40
2009.11.26 08:19:49.603,1.5851,1.5856,1.00,4.00
2009.11.26 08:19:49.893,1.58505,1.5856,1.00,2.70
2009.11.26 08:19:50.242,1.58505,1.5856,1.00,8.00
2009.11.26 08:19:50.592,1.58505,1.5856,2.00,6.90
2009.11.26 08:19:50.982,1.5851,1.5856,1.00,5.20
2009.11.26 08:19:51.282,1.58505,1.5856,1.00,1.00
2009.11.26 08:19:51.622,1.58495,1.58545,1.20,1.00
2009.11.26 08:19:51.802,1.58495,1.58545,1.00,1.00
2009.11.26 08:19:51.972,1.5849,1.58545,1.00,8.80
2009.11.26 08:19:52.312,1.58485,1.58545,1.60,8.80
2009.11.26 08:19:52.662,1.58485,1.58545,1.60,9.60
2009.11.26 08:19:53.362,1.58485,1.5853,1.00,1.00
2009.11.26 08:19:53.701,1.58475,1.58525,6.40,2.40
2009.11.26 08:19:54.052,1.58475,1.58525,1.00,1.00
2009.11.26 08:19:54.401,1.58475,1.58525,1.00,8.00
2009.11.26 08:19:54.751,1.5847,1.5853,2.60,4.80
2009.11.26 08:19:56.281,1.5847,1.58525,1.80,1.00
2009.11.26 08:19:56.571,1.58465,1.58525,2.60,1.00
2009.11.26 08:19:56.861,1.58465,1.58525,1.80,9.60
2009.11.26 08:19:57.271,1.58465,1.58525,1.80,5.60
2009.11.26 08:19:57.561,1.5846,1.5852,1.80,5.60
2009.11.26 08:19:57.840,1.5846,1.5852,1.80,6.40
2009.11.26 08:19:58.171,1.5846,1.5852,1.80,10.40
2009.11.26 08:20:02.529,1.5847,1.5852,1.00,2.40
2009.11.26 08:20:02.870,1.5847,1.5853,1.80,10.40
2009.11.26 08:20:03.209,1.5847,1.5853,1.80,2.40
2009.11.26 08:20:03.559,1.5847,1.5853,1.00,10.40
2009.11.26 08:20:03.889,1.5847,1.5853,1.00,5.60
2009.11.26 08:20:04.229,1.5847,1.5853,1.00,9.60
2009.11.26 08:20:05.199,1.58475,1.5853,1.80,8.80
2009.11.26 08:20:05.539,1.58475,1.5853,1.80,1.00
2009.11.26 08:20:05.769,1.5847,1.5853,2.00,1.60
2009.11.26 08:20:06.049,1.5847,1.5852,1.00,1.00
2009.11.26 08:20:13.607,1.5847,1.58515,1.00,1.00
2009.11.26 08:20:13.897,1.58465,1.58515,1.00,1.60
2009.11.26 08:20:14.117,1.5846,1.58515,1.00,1.60
2009.11.26 08:20:14.457,1.58455,1.58515,2.40,1.60
2009.11.26 08:20:14.796,1.5845,1.5851,6.10,1.00
2009.11.26 08:20:16.177,1.58455,1.5851,2.00,1.00
2009.11.26 08:20:17.786,1.58465,1.5851,1.00,1.00
2009.11.26 08:20:18.416,1.58465,1.58515,1.00,1.00
2009.11.26 08:20:19.105,1.58465,1.58515,1.00,1.00
2009.11.26 08:20:19.446,1.58465,1.5852,1.60,5.60
2009.11.26 08:20:19.806,1.5846,1.5852,2.80,5.90
2009.11.26 08:20:20.045,1.5846,1.58515,2.40,1.00
2009.11.26 08:20:20.326,1.5846,1.58515,3.20,1.10
2009.11.26 08:20:20.545,1.5846,1.5851,3.20,1.00
2009.11.26 08:20:20.885,1.5846,1.5851,2.40,1.00
2009.11.26 08:20:21.235,1.5846,1.5851,1.60,4.30
2009.11.26 08:20:21.585,1.5846,1.5851,1.00,4.30
2009.11.26 08:20:23.715,1.58465,1.5851,1.00,1.10
2009.11.26 08:20:23.935,1.58465,1.5851,1.00,1.00
2009.11.26 08:20:24.104,1.58465,1.5851,1.00,1.00
2009.11.26 08:20:24.324,1.5847,1.58515,1.00,1.10
2009.11.26 08:20:24.504,1.58465,1.58515,1.80,1.10
2009.11.26 08:20:24.854,1.5846,1.5851,1.00,1.60
2009.11.26 08:20:25.244,1.58455,1.585,1.00,1.00
2009.11.26 08:20:25.594,1.58455,1.5851,2.00,1.00
2009.11.26 08:20:25.934,1.58455,1.5851,2.40,1.00
2009.11.26 08:20:27.163,1.58455,1.5851,2.00,1.00
2009.11.26 08:20:27.514,1.5845,1.5851,3.00,1.60
2009.11.26 08:20:27.683,1.5845,1.58505,3.00,1.00
2009.11.26 08:20:28.013,1.5845,1.58505,2.20,1.00
2009.11.26 08:20:28.363,1.5845,1.5851,2.20,1.60
2009.11.26 08:20:29.393,1.5845,1.5851,2.20,5.60
2009.11.26 08:20:29.863,1.5845,1.5851,2.20,1.60
2009.11.26 08:20:32.642,1.58445,1.58505,1.30,2.00
2009.11.26 08:20:34.002,1.5845,1.58505,1.00,1.90
2009.11.26 08:20:35.921,1.58455,1.58505,1.00,4.40
2009.11.26 08:20:36.451,1.58455,1.58505,1.00,1.90
2009.11.26 08:20:37.002,1.58455,1.58505,1.00,1.60
2009.11.26 08:20:37.291,1.58455,1.58505,1.00,1.00
2009.11.26 08:20:38.891,1.58465,1.5851,1.00,9.10
2009.11.26 08:20:39.461,1.58465,1.5851,1.00,3.50
2009.11.26 08:20:39.691,1.58465,1.58515,1.00,4.30
2009.11.26 08:20:39.861,1.58465,1.58515,1.00,3.50
2009.11.26 08:20:41.220,1.5847,1.5852,1.00,1.00
2009.11.26 08:20:41.510,1.5847,1.58525,1.00,8.80
2009.11.26 08:20:41.800,1.5847,1.58525,1.00,1.00
2009.11.26 08:20:44.239,1.5848,1.58525,1.00,4.80
2009.11.26 08:20:44.599,1.58475,1.5852,1.00,1.00
2009.11.26 08:20:46.739,1.58475,1.58525,1.00,1.10
2009.11.26 08:20:47.079,1.5847,1.58525,1.60,1.90
2009.11.26 08:20:47.309,1.5847,1.58525,1.00,1.90
2009.11.26 08:20:47.549,1.5847,1.58525,1.00,5.90
2009.11.26 08:20:47.779,1.5847,1.58525,1.00,1.90
2009.11.26 08:20:48.009,1.5847,1.58525,1.00,1.90
2009.11.26 08:20:48.769,1.5847,1.58525,1.00,1.90
2009.11.26 08:20:49.118,1.58475,1.58525,1.00,1.10
2009.11.26 08:20:49.498,1.58475,1.5853,1.00,11.60
2009.11.26 08:20:50.828,1.5848,1.5853,1.00,9.10
2009.11.26 08:20:50.988,1.5848,1.58535,1.00,10.70
2009.11.26 08:20:51.218,1.5848,1.5853,1.00,1.00
2009.11.26 08:20:51.598,1.5848,1.58535,1.00,5.60
2009.11.26 08:20:51.838,1.5848,1.58535,1.00,1.60
2009.11.26 08:20:52.067,1.58485,1.58535,1.00,5.10
2009.11.26 08:20:52.298,1.58485,1.58535,1.00,8.30
2009.11.26 08:20:52.527,1.5847,1.58505,1.00,1.60
2009.11.26 08:20:52.757,1.5848,1.58505,2.00,1.60
2009.11.26 08:20:53.107,1.58485,1.5855,5.20,1.20
2009.11.26 08:20:53.467,1.5848,1.5855,6.00,1.00
2009.11.26 08:20:53.807,1.5848,1.5855,2.00,1.00
2009.11.26 08:20:54.147,1.5848,1.58535,1.00,1.00
2009.11.26 08:20:54.387,1.5848,1.58535,1.00,1.60
2009.11.26 08:20:54.667,1.5848,1.58535,1.00,1.00
2009.11.26 08:20:55.247,1.5848,1.58535,1.00,1.00
2009.11.26 08:20:55.547,1.58475,1.58525,2.00,1.00
2009.11.26 08:20:55.837,1.5847,1.58525,1.20,4.80
2009.11.26 08:20:56.197,1.5847,1.58525,1.00,4.80
2009.11.26 08:20:57.367,1.5847,1.5852,1.00,1.00
2009.11.26 08:20:57.606,1.58465,1.5852,1.00,1.00
2009.11.26 08:20:57.846,1.58465,1.5852,1.60,4.00
2009.11.26 08:20:58.146,1.5847,1.5852,2.60,1.00
2009.11.26 08:20:58.496,1.58465,1.5852,1.00,1.00
2009.11.26 08:20:58.786,1.5847,1.58525,1.00,9.10
2009.11.26 08:20:59.086,1.58465,1.5852,5.90,1.00
2009.11.26 08:20:59.426,1.58465,1.5852,1.00,1.00
2009.11.26 08:20:59.776,1.58475,1.58525,1.00,5.20
2009.11.26 08:21:00.416,1.5848,1.5853,1.00,1.00
2009.11.26 08:21:00.655,1.5848,1.5853,1.00,1.10
2009.11.26 08:21:00.885,1.5848,1.5853,1.00,1.10
2009.11.26 08:21:01.165,1.58485,1.5853,1.00,1.10
2009.11.26 08:21:01.525,1.58485,1.58535,2.00,1.60
2009.11.26 08:21:01.875,1.58485,1.5854,1.80,1.00
2009.11.26 08:21:02.225,1.585,1.58545,1.00,4.80
2009.11.26 08:21:02.565,1.58515,1.5855,1.00,8.00
2009.11.26 08:21:02.915,1.5852,1.58565,1.00,1.00
2009.11.26 08:21:03.275,1.58535,1.58565,1.80,1.00
2009.11.26 08:21:03.625,1.5853,1.5858,1.80,1.00
2009.11.26 08:21:03.975,1.58525,1.5858,2.20,1.00
2009.11.26 08:21:04.315,1.58525,1.58575,1.80,1.00
2009.11.26 08:21:08.244,1.5852,1.5857,1.80,1.00
2009.11.26 08:21:08.993,1.58525,1.5857,1.00,1.00
2009.11.26 08:21:09.354,1.58525,1.58575,1.80,1.00
2009.11.26 08:21:10.273,1.58535,1.58575,1.00,1.00
2009.11.26 08:21:10.603,1.58535,1.5858,1.00,1.00
2009.11.26 08:21:12.213,1.58535,1.58585,1.00,1.00
2009.11.26 08:21:17.201,1.58535,1.5859,1.00,1.00
2009.11.26 08:21:17.371,1.58535,1.58595,1.00,9.60
2009.11.26 08:21:21.531,1.58535,1.5859,1.00,1.00
2009.11.26 08:21:21.651,1.5854,1.5859,1.00,1.00
2009.11.26 08:21:23.140,1.5854,1.58595,1.00,1.00
2009.11.26 08:21:25.160,1.58545,1.586,1.00,8.80
2009.11.26 08:21:25.389,1.58545,1.586,1.00,1.00
2009.11.26 08:21:25.969,1.58545,1.58605,1.00,9.60
2009.11.26 08:21:26.260,1.58545,1.58605,1.00,1.60
2009.11.26 08:21:29.009,1.58545,1.586,1.00,1.00
2009.11.26 08:21:29.419,1.5854,1.586,1.60,1.60
2009.11.26 08:21:29.649,1.5854,1.586,1.00,1.60
2009.11.26 08:21:29.928,1.58535,1.58595,1.00,1.00
2009.11.26 08:21:30.499,1.58535,1.5859,1.00,1.00
2009.11.26 08:21:30.779,1.5854,1.5859,1.00,1.00
2009.11.26 08:21:31.368,1.5854,1.5859,1.80,1.00
2009.11.26 08:21:34.127,1.5854,1.58595,1.80,1.00
2009.11.26 08:21:35.447,1.5854,1.586,2.60,1.60
2009.11.26 08:21:36.597,1.5854,1.586,1.60,1.60
2009.11.26 08:21:37.347,1.5854,1.58595,1.00,1.00
2009.11.26 08:21:39.336,1.5854,1.586,1.60,2.60
2009.11.26 08:21:39.626,1.5854,1.586,1.60,1.60
2009.11.26 08:21:40.796,1.5854,1.5859,1.00,1.00
2009.11.26 08:21:41.136,1.58535,1.5859,2.20,1.00
2009.11.26 08:21:41.426,1.58535,1.58595,1.60,1.00
2009.11.26 08:21:45.765,1.5854,1.58595,1.00,1.00
2009.11.26 08:21:47.174,1.5853,1.5859,1.60,1.00
2009.11.26 08:21:47.534,1.58545,1.58595,1.00,1.00
2009.11.26 08:21:47.884,1.5855,1.58605,1.80,1.20
2009.11.26 08:21:48.224,1.5856,1.58615,1.00,1.20
2009.11.26 08:21:48.564,1.58555,1.58615,1.00,1.60
2009.11.26 08:21:49.334,1.58555,1.5861,1.00,1.00
2009.11.26 08:21:51.104,1.5855,1.5861,1.60,1.60
2009.11.26 08:21:51.513,1.5855,1.58605,1.00,1.00
2009.11.26 08:21:54.263,1.5855,1.5861,1.00,1.60
2009.11.26 08:21:55.982,1.5855,1.5861,1.60,1.00
2009.11.26 08:21:56.372,1.58555,1.58615,1.00,1.60
2009.11.26 08:22:04.960,1.58555,1.58615,1.00,2.00
2009.11.26 08:22:05.140,1.5855,1.5861,1.60,1.00
2009.11.26 08:22:05.370,1.5855,1.5861,1.60,1.60
2009.11.26 08:22:05.530,1.58555,1.58615,2.60,1.60
2009.11.26 08:22:05.760,1.58555,1.58615,1.60,1.60
2009.11.26 08:22:07.769,1.58565,1.5862,1.60,1.00
2009.11.26 08:22:08.159,1.58565,1.58625,1.60,1.60
2009.11.26 08:22:09.909,1.5857,1.58625,1.00,1.00
2009.11.26 08:22:10.549,1.58565,1.5862,1.20,1.00
2009.11.26 08:22:10.779,1.58565,1.5862,1.00,1.00
2009.11.26 08:22:12.718,1.5857,1.58625,1.00,1.20
2009.11.26 08:22:12.898,1.5857,1.58625,1.00,1.00
2009.11.26 08:22:13.578,1.5857,1.5863,1.00,1.60
2009.11.26 08:22:15.008,1.58575,1.58635,1.60,1.60
2009.11.26 08:22:15.468,1.5858,1.58635,1.00,1.00
2009.11.26 08:22:17.517,1.5858,1.5864,1.60,1.60
2009.11.26 08:22:18.177,1.5858,1.58635,1.00,1.00
2009.11.26 08:22:18.517,1.58575,1.5864,1.60,5.20
2009.11.26 08:22:20.566,1.58575,1.58635,1.00,1.60
2009.11.26 08:22:24.915,1.5857,1.58625,2.20,1.00
2009.11.26 08:22:25.205,1.58565,1.58625,1.60,1.00
2009.11.26 08:22:26.075,1.58565,1.58625,1.60,1.60
2009.11.26 08:22:26.695,1.5856,1.5862,3.00,1.00
2009.11.26 08:22:26.925,1.5856,1.5862,1.60,1.00
2009.11.26 08:22:27.545,1.58565,1.58625,1.00,2.00
2009.11.26 08:22:28.185,1.5856,1.5862,1.60,1.00
2009.11.26 08:22:30.675,1.5856,1.58615,1.00,1.00
2009.11.26 08:22:30.844,1.58555,1.58615,1.60,1.00
2009.11.26 08:22:31.754,1.58565,1.58625,1.00,1.60
2009.11.26 08:22:32.434,1.58565,1.58625,2.60,1.20
2009.11.26 08:22:32.604,1.5857,1.5863,1.00,1.60
2009.11.26 08:22:33.183,1.58575,1.5863,1.00,1.00
2009.11.26 08:22:33.763,1.5857,1.5863,2.20,1.60
2009.11.26 08:22:34.033,1.5857,1.58625,1.00,1.00
2009.11.26 08:22:37.692,1.5857,1.5863,1.00,1.60
2009.11.26 08:22:48.170,1.5857,1.58625,1.00,1.00
2009.11.26 08:22:53.168,1.58565,1.58615,1.40,1.00
2009.11.26 08:22:53.338,1.5856,1.58615,1.00,1.60
2009.11.26 08:22:53.678,1.58555,1.58615,2.40,2.40
2009.11.26 08:22:54.029,1.58555,1.5861,2.00,1.00
2009.11.26 08:22:54.418,1.5855,1.586,1.00,1.00
2009.11.26 08:22:55.108,1.5855,1.5859,1.00,1.00
2009.11.26 08:22:55.448,1.58545,1.5859,1.00,1.00
2009.11.26 08:22:55.968,1.5854,1.5859,1.00,1.00
2009.11.26 08:23:01.417,1.58535,1.58585,1.00,1.00
2009.11.26 08:23:03.256,1.58535,1.5859,1.00,1.00
2009.11.26 08:23:03.436,1.5854,1.5859,1.00,1.00
2009.11.26 08:23:04.986,1.5854,1.58595,1.00,1.00
2009.11.26 08:23:11.954,1.58535,1.58595,1.60,1.00
2009.11.26 08:23:20.362,1.5854,1.586,1.60,3.00
2009.11.26 08:23:20.592,1.5854,1.586,1.60,2.00
2009.11.26 08:23:21.122,1.5854,1.586,1.60,1.60
2009.11.26 08:23:21.692,1.58545,1.586,1.00,1.00
2009.11.26 08:23:22.312,1.58545,1.58605,1.60,1.60
2009.11.26 08:23:22.831,1.58545,1.58605,1.60,1.00
2009.11.26 08:23:24.681,1.5855,1.58605,1.00,1.00
2009.11.26 08:23:25.371,1.58545,1.586,1.00,1.20
2009.11.26 08:23:25.701,1.58545,1.586,1.00,1.00
2009.11.26 08:23:30.000,1.5854,1.586,2.60,1.00
2009.11.26 08:23:30.299,1.5854,1.586,2.60,1.60
2009.11.26 08:23:31.879,1.58545,1.586,1.00,1.00
2009.11.26 08:23:32.219,1.58545,1.58605,1.00,1.60
2009.11.26 08:23:32.269,1.58545,1.58605,1.60,1.60
2009.11.26 08:23:33.619,1.58545,1.58605,1.60,1.00
2009.11.26 08:23:33.969,1.58545,1.586,1.00,1.00
2009.11.26 08:23:34.539,1.5854,1.586,2.60,1.00
2009.11.26 08:23:34.838,1.58545,1.58605,1.00,1.60
2009.11.26 08:23:35.128,1.58545,1.58605,1.60,1.60
2009.11.26 08:23:36.238,1.58545,1.58605,2.60,1.60
2009.11.26 08:23:36.418,1.58545,1.58605,1.60,1.00
2009.11.26 08:23:36.938,1.58545,1.58605,1.60,1.60
2009.11.26 08:23:37.628,1.58555,1.58605,1.00,1.00
2009.11.26 08:23:37.978,1.5855,1.5861,2.00,1.60
2009.11.26 08:23:38.327,1.5855,1.5861,2.80,1.60
2009.11.26 08:23:38.907,1.5855,1.5861,2.80,1.00
2009.11.26 08:23:39.187,1.58555,1.58615,1.00,1.60
2009.11.26 08:23:39.817,1.5855,1.5861,3.20,1.00
2009.11.26 08:23:40.737,1.5855,1.58615,2.60,5.20
2009.11.26 08:23:40.917,1.5855,1.5861,1.00,1.60
2009.11.26 08:23:41.987,1.58605,1.5861,1.20,1.00
2009.11.26 08:23:42.207,1.5859,1.58675,1.60,1.00
2009.11.26 08:23:42.436,1.58585,1.58675,2.20,1.60
2009.11.26 08:23:42.657,1.58585,1.58675,1.80,2.40
2009.11.26 08:23:42.887,1.58585,1.5867,1.80,1.00
2009.11.26 08:23:43.236,1.58605,1.58655,1.80,1.00
2009.11.26 08:23:43.586,1.586,1.58655,1.80,1.20
2009.11.26 08:23:44.526,1.586,1.58645,1.00,1.00
2009.11.26 08:23:44.866,1.5859,1.58635,1.00,1.00
2009.11.26 08:23:45.206,1.58585,1.58645,1.20,1.00
2009.11.26 08:23:45.496,1.586,1.5865,1.80,1.00
2009.11.26 08:23:46.476,1.5859,1.5864,1.40,1.00
2009.11.26 08:23:46.646,1.58585,1.5863,1.00,1.10
2009.11.26 08:23:47.046,1.58575,1.58625,1.00,1.00
2009.11.26 08:23:48.205,1.5858,1.58625,2.50,1.00
2009.11.26 08:23:48.475,1.5858,1.58635,2.50,1.20
2009.11.26 08:23:49.225,1.58585,1.58635,1.00,1.20
2009.11.26 08:23:50.574,1.586,1.58635,1.80,1.20
2009.11.26 08:23:50.924,1.5861,1.5865,1.00,1.00
2009.11.26 08:23:51.275,1.5862,1.58665,1.00,4.70
2009.11.26 08:23:51.445,1.5861,1.58665,2.60,3.50
2009.11.26 08:23:51.784,1.5862,1.58665,1.60,3.50
2009.11.26 08:23:51.954,1.5862,1.5866,1.60,3.50
2009.11.26 08:23:52.364,1.58625,1.58665,1.60,4.30
2009.11.26 08:23:52.744,1.58625,1.58665,1.60,3.50
2009.11.26 08:23:53.884,1.58615,1.5865,1.00,1.00
2009.11.26 08:23:54.124,1.5861,1.5865,2.80,1.00
2009.11.26 08:23:54.294,1.5861,1.5865,2.40,1.00
2009.11.26 08:23:54.714,1.5861,1.58645,2.40,1.00
2009.11.26 08:23:55.404,1.5861,1.58645,1.60,1.00
2009.11.26 08:23:57.043,1.58615,1.58645,1.60,1.00
2009.11.26 08:23:57.223,1.58615,1.5865,1.60,1.00
2009.11.26 08:23:57.583,1.5861,1.5865,1.60,1.00
2009.11.26 08:23:57.923,1.5861,1.58645,1.60,1.00
2009.11.26 08:24:01.332,1.5861,1.5865,1.60,1.00
2009.11.26 08:24:03.801,1.5862,1.5865,1.60,1.00
2009.11.26 08:24:04.151,1.5862,1.5866,1.60,3.50
2009.11.26 08:24:11.310,1.58625,1.58665,1.60,3.50
2009.11.26 08:24:11.470,1.58625,1.58665,1.70,3.50
2009.11.26 08:24:12.270,1.58625,1.58665,1.60,3.50
2009.11.26 08:24:13.229,1.58625,1.58665,1.70,3.50
2009.11.26 08:24:14.879,1.5863,1.5867,1.60,3.50
2009.11.26 08:24:15.619,1.58625,1.5867,1.70,5.90
2009.11.26 08:24:15.968,1.58625,1.58665,1.70,3.50
2009.11.26 08:24:20.648,1.5863,1.5867,1.60,4.30
2009.11.26 08:24:20.977,1.5863,1.5867,1.60,3.50
2009.11.26 08:24:32.324,1.58635,1.5867,1.70,3.50
2009.11.26 08:24:32.485,1.58635,1.58675,1.70,3.50
2009.11.26 08:24:40.143,1.58645,1.58675,1.00,3.50
2009.11.26 08:24:40.363,1.58645,1.58685,1.70,3.50
2009.11.26 08:24:41.472,1.5864,1.58685,1.60,3.50
2009.11.26 08:24:41.753,1.5864,1.5868,2.40,3.50
2009.11.26 08:24:41.982,1.5864,1.58685,1.60,3.50
2009.11.26 08:24:42.472,1.5864,1.5868,1.60,3.50
2009.11.26 08:24:43.872,1.58635,1.58675,1.70,3.50
2009.11.26 08:24:44.612,1.58645,1.58675,1.70,3.20
2009.11.26 08:24:45.002,1.58645,1.58685,1.70,3.50
2009.11.26 08:24:50.390,1.5865,1.58685,1.00,3.50
2009.11.26 08:24:50.560,1.5865,1.58685,1.60,3.50
2009.11.26 08:24:50.731,1.58645,1.5869,1.70,3.50
2009.11.26 08:24:51.080,1.58645,1.58685,1.70,3.20
2009.11.26 08:24:51.371,1.5864,1.58685,1.60,3.50
2009.11.26 08:24:51.700,1.58635,1.5868,1.00,1.00
2009.11.26 08:24:52.030,1.5862,1.5868,2.10,1.00
2009.11.26 08:24:52.380,1.5862,1.5868,1.70,1.00
2009.11.26 08:24:54.209,1.5862,1.5868,1.70,1.00
2009.11.26 08:24:57.459,1.5863,1.5868,1.00,1.00
2009.11.26 08:24:57.568,1.5863,1.58685,1.00,5.10
2009.11.26 08:24:57.729,1.58625,1.5868,1.00,1.00
2009.11.26 08:24:57.839,1.5862,1.58675,3.50,1.00
2009.11.26 08:24:58.009,1.5862,1.58675,1.00,1.00
2009.11.26 08:24:58.119,1.58615,1.58675,2.80,1.00
2009.11.26 08:24:58.449,1.58615,1.5867,1.80,1.00
2009.11.26 08:24:58.798,1.58615,1.5867,1.00,1.00
2009.11.26 08:24:59.898,1.58615,1.58675,1.60,2.60
2009.11.26 08:25:00.248,1.5862,1.58675,1.80,1.00
2009.11.26 08:25:01.128,1.58625,1.58675,1.80,1.00
2009.11.26 08:25:01.238,1.58625,1.5868,1.80,1.00
2009.11.26 08:25:02.257,1.58625,1.5868,2.00,1.00
2009.11.26 08:25:03.287,1.58625,1.58685,2.00,1.60
2009.11.26 08:25:03.927,1.58625,1.5868,1.00,1.00
2009.11.26 08:25:04.507,1.5862,1.5868,2.60,1.60
2009.11.26 08:25:07.906,1.5862,1.58675,1.80,1.00
2009.11.26 08:25:08.296,1.58615,1.58675,2.80,1.00
2009.11.26 08:25:08.586,1.58615,1.58675,2.80,1.60
2009.11.26 08:25:09.746,1.58615,1.5867,2.00,1.00
2009.11.26 08:25:10.086,1.5861,1.5867,1.60,1.60
2009.11.26 08:25:10.425,1.5861,1.5867,1.00,1.60
2009.11.26 08:25:15.674,1.5861,1.5867,1.00,1.70
2009.11.26 08:25:15.784,1.58605,1.58665,3.20,1.00
2009.11.26 08:25:16.194,1.58605,1.58665,2.40,1.00
2009.11.26 08:25:16.424,1.58605,1.58665,2.00,1.60
2009.11.26 08:25:17.114,1.58605,1.58655,1.00,1.00
2009.11.26 08:25:17.394,1.586,1.58655,2.00,1.00
2009.11.26 08:25:17.623,1.586,1.58655,1.20,1.00
2009.11.26 08:25:17.913,1.58595,1.5865,1.30,2.40
2009.11.26 08:25:18.194,1.5859,1.58645,2.00,1.00
2009.11.26 08:25:18.483,1.5859,1.58645,1.00,1.00
2009.11.26 08:25:18.824,1.5859,1.5864,1.00,1.00
2009.11.26 08:25:19.173,1.5859,1.58645,1.60,1.00
2009.11.26 08:25:19.513,1.58595,1.5865,1.20,4.30
2009.11.26 08:25:19.853,1.586,1.58655,1.00,1.20
2009.11.26 08:25:20.213,1.586,1.58655,1.20,1.00
2009.11.26 08:25:21.325,1.586,1.58655,1.00,1.60
2009.11.26 08:25:21.443,1.58595,1.58655,4.20,1.60
2009.11.26 08:25:21.733,1.586,1.58655,1.00,1.00
2009.11.26 08:25:22.262,1.586,1.58655,1.00,1.00
2009.11.26 08:25:24.572,1.586,1.58655,1.00,1.60
2009.11.26 08:25:24.852,1.586,1.58655,1.00,1.90
2009.11.26 08:25:25.772,1.586,1.58655,1.00,1.10
2009.11.26 08:25:26.212,1.586,1.5865,1.00,1.00
2009.11.26 08:25:27.931,1.5861,1.5865,1.00,1.00
2009.11.26 08:25:28.051,1.5861,1.58655,1.00,4.30
2009.11.26 08:25:28.401,1.58605,1.58655,1.20,5.10
2009.11.26 08:25:28.791,1.58595,1.58655,1.60,2.60
2009.11.26 08:25:29.131,1.5859,1.5865,1.00,1.60
2009.11.26 08:25:30.591,1.58585,1.58645,3.60,1.00
2009.11.26 08:25:30.701,1.58585,1.58645,2.50,1.00
2009.11.26 08:25:30.820,1.58585,1.58645,1.70,1.60
2009.11.26 08:25:31.570,1.58595,1.58645,1.00,1.10
2009.11.26 08:25:31.920,1.586,1.5865,1.00,1.00
2009.11.26 08:25:32.490,1.58595,1.5865,1.00,1.60
2009.11.26 08:25:32.600,1.5859,1.58655,1.00,6.30
2009.11.26 08:25:33.120,1.5859,1.5865,1.60,1.60
2009.11.26 08:25:33.920,1.5859,1.5865,1.60,1.00
2009.11.26 08:25:34.620,1.586,1.58655,1.00,1.00
2009.11.26 08:25:37.069,1.586,1.58655,1.00,1.00
2009.11.26 08:25:40.068,1.58595,1.5865,1.00,4.40
2009.11.26 08:25:40.428,1.58595,1.5865,1.00,5.20
2009.11.26 08:25:43.318,1.58595,1.5865,2.20,4.40
2009.11.26 08:25:43.668,1.586,1.58655,1.00,1.00
2009.11.26 08:25:45.407,1.586,1.5865,1.00,1.00
2009.11.26 08:25:45.627,1.5859,1.5865,2.40,1.00
2009.11.26 08:25:45.807,1.5859,1.5865,1.60,1.60
2009.11.26 08:25:47.666,1.5859,1.58645,1.00,1.00
2009.11.26 08:25:48.886,1.58585,1.58645,1.70,1.60
2009.11.26 08:25:49.236,1.58585,1.5864,1.00,1.00
2009.11.26 08:25:51.435,1.58585,1.58645,1.70,1.00
2009.11.26 08:25:51.705,1.5859,1.5865,1.00,2.40
2009.11.26 08:25:51.986,1.5859,1.5865,1.00,1.60
2009.11.26 08:25:52.525,1.58585,1.58645,3.00,1.00
2009.11.26 08:25:52.705,1.58585,1.58645,1.60,1.00
2009.11.26 08:25:52.925,1.58585,1.58645,1.60,1.20
2009.11.26 08:25:53.095,1.58585,1.58645,1.00,1.00
2009.11.26 08:25:53.615,1.58585,1.58645,6.40,1.00
2009.11.26 08:25:54.355,1.58585,1.58645,6.60,1.00
2009.11.26 08:25:54.705,1.58595,1.58645,2.80,1.60
2009.11.26 08:25:55.055,1.58595,1.58645,3.60,5.10
2009.11.26 08:25:56.034,1.58595,1.58645,3.60,5.20
2009.11.26 08:25:56.724,1.58595,1.58645,2.80,5.20
2009.11.26 08:25:57.064,1.58595,1.58645,3.00,5.10
2009.11.26 08:26:01.553,1.58595,1.5864,1.70,1.00
2009.11.26 08:26:02.143,1.58595,1.58645,3.00,5.10
2009.11.26 08:26:02.433,1.586,1.58645,1.20,1.60
2009.11.26 08:26:02.733,1.586,1.58645,1.20,1.70
2009.11.26 08:26:02.843,1.586,1.58645,1.20,1.00
2009.11.26 08:26:02.943,1.586,1.5865,2.70,5.10
2009.11.26 08:26:03.003,1.5861,1.5865,1.00,1.00
2009.11.26 08:26:03.363,1.5861,1.58665,3.20,1.00
2009.11.26 08:26:03.713,1.5861,1.58665,3.20,4.30
2009.11.26 08:26:04.062,1.5861,1.58665,3.30,4.30
2009.11.26 08:26:04.302,1.58615,1.58665,1.00,4.30
2009.11.26 08:26:04.592,1.5861,1.58665,3.30,4.30
2009.11.26 08:26:04.873,1.58615,1.5867,1.00,2.00
2009.11.26 08:26:05.332,1.58615,1.5867,1.00,2.00
2009.11.26 08:26:07.731,1.58615,1.5867,1.80,1.20
2009.11.26 08:26:11.721,1.58615,1.5867,1.80,1.00
2009.11.26 08:26:13.470,1.58625,1.5867,1.60,1.00
2009.11.26 08:26:13.700,1.58625,1.5867,1.60,1.00
2009.11.26 08:26:14.040,1.58615,1.58665,4.00,1.60
2009.11.26 08:26:14.380,1.58615,1.58665,3.60,1.60
2009.11.26 08:26:14.730,1.58615,1.58665,3.60,5.10
2009.11.26 08:26:15.140,1.58615,1.58665,7.60,1.90
2009.11.26 08:26:15.490,1.58615,1.58675,8.00,1.70
2009.11.26 08:26:15.830,1.5862,1.58675,1.20,1.00
2009.11.26 08:26:16.120,1.5862,1.5867,2.00,1.70
2009.11.26 08:26:16.460,1.58615,1.58665,4.80,1.00
2009.11.26 08:26:16.750,1.5862,1.5867,1.00,2.80
2009.11.26 08:26:17.039,1.5864,1.58675,1.00,1.10
2009.11.26 08:26:17.319,1.5864,1.58675,1.20,1.00
2009.11.26 08:26:17.600,1.5865,1.5871,1.00,1.00
2009.11.26 08:26:17.899,1.5865,1.58725,1.00,1.20
2009.11.26 08:26:18.139,1.5866,1.58725,1.20,1.00
2009.11.26 08:26:18.839,1.5867,1.58725,1.00,1.20
2009.11.26 08:26:19.189,1.5867,1.58725,1.00,1.00
2009.11.26 08:26:19.689,1.58675,1.58725,1.00,1.00
2009.11.26 08:26:20.149,1.5867,1.58725,1.00,1.00
2009.11.26 08:26:20.499,1.58675,1.5873,1.00,1.00
2009.11.26 08:26:21.069,1.58675,1.58735,1.00,1.60
2009.11.26 08:26:23.258,1.58675,1.58735,1.60,1.60
2009.11.26 08:26:26.387,1.58675,1.58735,1.00,1.60
2009.11.26 08:26:26.627,1.5867,1.5873,1.60,1.00
2009.11.26 08:26:28.647,1.5867,1.58725,1.00,1.00
2009.11.26 08:26:29.096,1.58675,1.5873,1.00,1.20
2009.11.26 08:26:29.376,1.58675,1.58735,1.00,3.80
2009.11.26 08:26:29.606,1.58675,1.58735,1.00,3.40
2009.11.26 08:26:29.956,1.58675,1.58735,1.00,2.60
2009.11.26 08:26:30.346,1.58675,1.58735,1.60,1.80
2009.11.26 08:26:33.655,1.58675,1.58735,1.00,2.60
2009.11.26 08:26:36.535,1.5867,1.58725,1.00,1.80
2009.11.26 08:26:36.775,1.5866,1.5872,2.00,1.00
2009.11.26 08:26:37.054,1.5867,1.58725,1.00,1.20
2009.11.26 08:26:37.225,1.58675,1.58725,1.00,1.00
2009.11.26 08:26:37.674,1.58675,1.5873,1.00,1.20
2009.11.26 08:26:37.894,1.58675,1.5873,1.00,1.00
2009.11.26 08:26:39.854,1.5868,1.5873,1.00,1.00
2009.11.26 08:26:40.024,1.5868,1.58735,1.00,1.00
2009.11.26 08:26:40.484,1.5868,1.58735,1.20,1.00
2009.11.26 08:26:40.714,1.5868,1.58735,1.00,1.00
2009.11.26 08:26:41.674,1.5867,1.5873,2.00,1.60
2009.11.26 08:26:41.954,1.5867,1.5873,1.00,1.60
2009.11.26 08:26:42.233,1.58665,1.5872,1.80,1.00
2009.11.26 08:26:42.473,1.5866,1.5872,1.60,1.00
2009.11.26 08:26:43.573,1.58665,1.58725,1.00,3.00
2009.11.26 08:26:43.913,1.58665,1.58725,1.00,2.60
2009.11.26 08:26:44.243,1.58665,1.58725,1.60,2.60
2009.11.26 08:26:49.621,1.5867,1.58725,1.00,1.80
2009.11.26 08:26:49.912,1.5867,1.5873,1.60,2.60
2009.11.26 08:26:50.261,1.5867,1.58725,1.00,1.00
2009.11.26 08:26:51.531,1.5867,1.5873,1.60,2.60
2009.11.26 08:26:51.701,1.5867,1.58725,1.00,1.00
2009.11.26 08:26:53.730,1.58645,1.5869,9.60,1.00
2009.11.26 08:26:54.020,1.58645,1.5869,8.00,1.00
2009.11.26 08:26:54.361,1.5861,1.5869,5.80,1.00
2009.11.26 08:26:54.710,1.58605,1.5869,8.30,1.00
2009.11.26 08:26:56.220,1.5862,1.58675,5.20,1.00
2009.11.26 08:26:56.330,1.5862,1.5867,5.20,1.00
2009.11.26 08:26:56.440,1.5862,1.5867,1.20,1.00
2009.11.26 08:26:56.790,1.58615,1.5867,3.60,1.00
2009.11.26 08:26:57.180,1.5862,1.5867,1.60,1.00
2009.11.26 08:26:57.530,1.5861,1.58665,5.60,1.10
2009.11.26 08:26:57.809,1.5861,1.58665,6.00,1.00
2009.11.26 08:26:58.099,1.5861,1.58665,6.20,1.00
2009.11.26 08:26:59.250,1.58615,1.58665,1.20,1.00
2009.11.26 08:26:59.859,1.58615,1.5867,2.00,3.90
2009.11.26 08:27:00.199,1.5861,1.5867,2.00,1.20
2009.11.26 08:27:00.559,1.5861,1.5867,1.20,1.60
2009.11.26 08:27:01.229,1.5861,1.5866,1.00,1.00
2009.11.26 08:27:01.569,1.58605,1.5866,1.00,1.00
2009.11.26 08:27:01.899,1.586,1.5866,2.10,1.00
2009.11.26 08:27:02.958,1.586,1.5866,1.70,1.00
2009.11.26 08:27:03.288,1.586,1.58655,1.00,1.00
2009.11.26 08:27:03.918,1.586,1.58655,1.00,2.80
2009.11.26 08:27:04.258,1.58605,1.5866,2.50,1.00
2009.11.26 08:27:04.538,1.58605,1.5866,3.30,1.00
2009.11.26 08:27:05.398,1.58605,1.5866,7.80,1.00
2009.11.26 08:27:06.368,1.5861,1.58665,1.00,1.00
2009.11.26 08:27:06.607,1.58615,1.58665,2.50,1.00
2009.11.26 08:27:06.828,1.58615,1.5867,7.80,1.00
2009.11.26 08:27:09.227,1.58615,1.5867,4.60,1.00
2009.11.26 08:27:11.176,1.5862,1.58675,1.00,1.60
2009.11.26 08:27:11.397,1.5862,1.5868,1.00,1.70
2009.11.26 08:27:11.576,1.58625,1.5868,2.50,1.00
2009.11.26 08:27:11.866,1.58625,1.5868,4.40,1.00
2009.11.26 08:27:12.156,1.58625,1.5868,1.00,1.00
2009.11.26 08:27:14.386,1.5862,1.5868,1.00,1.70
2009.11.26 08:27:20.064,1.58615,1.58675,1.60,1.00
2009.11.26 08:27:20.244,1.58615,1.58675,1.00,1.60
2009.11.26 08:27:20.524,1.5861,1.5867,1.00,1.00
2009.11.26 08:27:21.034,1.58615,1.5867,1.00,1.00
2009.11.26 08:27:21.324,1.58615,1.58675,1.00,2.00
2009.11.26 08:27:21.664,1.58615,1.5867,1.00,1.00
2009.11.26 08:27:22.294,1.58615,1.58675,1.60,1.60
2009.11.26 08:27:23.163,1.58615,1.58675,1.60,1.70
2009.11.26 08:27:23.273,1.58615,1.58675,1.60,1.60
2009.11.26 08:27:23.733,1.5862,1.5868,1.00,2.80
2009.11.26 08:27:24.083,1.5862,1.5868,1.00,1.70
2009.11.26 08:27:26.573,1.5863,1.5868,1.00,1.00
2009.11.26 08:27:26.753,1.58625,1.58685,1.80,1.60
2009.11.26 08:27:26.863,1.58625,1.58685,1.00,1.60
2009.11.26 08:27:29.002,1.58625,1.58685,2.00,1.60
2009.11.26 08:27:29.232,1.5863,1.5869,1.00,1.70
2009.11.26 08:27:29.752,1.58635,1.5869,1.00,1.00
2009.11.26 08:27:30.032,1.58635,1.58695,1.00,1.60
2009.11.26 08:27:30.372,1.5863,1.5869,3.00,1.00
2009.11.26 08:27:30.722,1.5863,1.58695,1.60,6.50
2009.11.26 08:27:31.062,1.5863,1.5869,1.00,1.70
2009.11.26 08:27:33.421,1.5863,1.58685,1.00,1.00
2009.11.26 08:27:33.721,1.58635,1.5869,1.00,1.00
2009.11.26 08:27:34.071,1.58635,1.58695,1.00,1.00
2009.11.26 08:27:34.421,1.5864,1.587,1.00,2.00
2009.11.26 08:27:34.771,1.5864,1.58695,1.00,1.80
2009.11.26 08:27:35.171,1.58635,1.58695,1.80,1.00
2009.11.26 08:27:35.471,1.5863,1.5869,2.60,1.00
2009.11.26 08:27:36.040,1.5863,1.5869,1.60,1.00
2009.11.26 08:27:36.091,1.5863,1.5869,1.00,1.70
2009.11.26 08:27:36.431,1.58625,1.58685,2.20,1.60
2009.11.26 08:27:36.710,1.58625,1.58685,1.00,1.70
2009.11.26 08:27:37.000,1.58625,1.58685,1.00,1.60
2009.11.26 08:27:38.670,1.58615,1.58675,2.60,1.00
2009.11.26 08:27:39.060,1.58615,1.58675,1.00,2.00
2009.11.26 08:27:39.399,1.58615,1.58675,1.00,1.60
2009.11.26 08:27:41.239,1.5861,1.5867,3.00,1.00
2009.11.26 08:27:41.479,1.58615,1.5867,1.00,1.00
2009.11.26 08:27:41.709,1.58615,1.58675,2.40,1.00
2009.11.26 08:27:42.579,1.5862,1.58675,1.00,1.00
2009.11.26 08:27:43.968,1.58615,1.58675,3.20,1.60
2009.11.26 08:27:45.498,1.58615,1.58675,3.20,1.00
2009.11.26 08:27:45.958,1.5862,1.5868,1.00,2.00
2009.11.26 08:27:46.178,1.5862,1.5868,1.00,1.70
2009.11.26 08:27:46.358,1.58615,1.58675,3.20,1.00
2009.11.26 08:27:48.547,1.5862,1.5868,1.00,2.10
2009.11.26 08:27:48.897,1.5862,1.5868,1.00,1.70
2009.11.26 08:27:59.025,1.5863,1.58685,1.00,1.00
2009.11.26 08:28:05.083,1.58645,1.5869,1.60,1.00
2009.11.26 08:28:05.493,1.58645,1.5869,1.60,3.50
2009.11.26 08:28:07.183,1.5865,1.5869,1.70,3.50
2009.11.26 08:28:08.972,1.5865,1.5869,1.60,3.50
2009.11.26 08:28:17.930,1.5864,1.5869,3.80,3.50
2009.11.26 08:28:18.141,1.5864,1.58685,2.80,1.00
2009.11.26 08:28:19.570,1.5864,1.5868,2.00,1.00
2009.11.26 08:28:20.150,1.5864,1.5868,1.60,1.00
2009.11.26 08:28:20.540,1.58645,1.5869,1.00,5.10
2009.11.26 08:28:20.890,1.5865,1.5869,1.60,3.50
2009.11.26 08:28:21.589,1.5865,1.5869,1.60,4.30
2009.11.26 08:28:21.929,1.5865,1.5869,1.60,3.50
2009.11.26 08:28:23.279,1.5865,1.58695,1.60,4.30
2009.11.26 08:28:23.459,1.5865,1.587,1.60,3.60
2009.11.26 08:28:23.629,1.5865,1.587,2.40,2.00
2009.11.26 08:28:23.979,1.5866,1.58705,2.40,1.00
2009.11.26 08:28:24.319,1.5867,1.5871,2.50,1.00
2009.11.26 08:28:24.669,1.5867,1.5872,3.60,5.90
2009.11.26 08:28:26.588,1.5867,1.5872,1.00,6.00
2009.11.26 08:28:26.768,1.5867,1.58715,1.60,3.50
2009.11.26 08:28:27.098,1.5866,1.58715,4.80,3.50
2009.11.26 08:28:27.448,1.5866,1.58715,5.20,3.50
2009.11.26 08:28:28.438,1.5867,1.58715,1.60,3.50
2009.11.26 08:28:28.778,1.5867,1.5872,3.60,5.10
2009.11.26 08:28:29.647,1.5867,1.58715,1.60,3.50
2009.11.26 08:28:29.917,1.5867,1.58715,1.70,3.50
2009.11.26 08:28:30.447,1.5867,1.5872,3.60,1.90
2009.11.26 08:28:32.127,1.5867,1.5872,2.60,2.00
2009.11.26 08:28:32.237,1.5867,1.5872,1.60,5.20
2009.11.26 08:28:32.697,1.5867,1.5872,1.60,6.00
2009.11.26 08:28:34.746,1.58665,1.58715,2.30,4.30
2009.11.26 08:28:35.096,1.5866,1.58715,4.80,4.30
2009.11.26 08:28:35.436,1.5866,1.58715,8.00,4.30
2009.11.26 08:28:36.936,1.58665,1.58715,1.00,1.00
2009.11.26 08:28:38.256,1.5866,1.58715,4.80,1.00
2009.11.26 08:28:38.606,1.5866,1.58715,8.40,1.10
2009.11.26 08:28:38.955,1.5866,1.58715,8.80,1.10
2009.11.26 08:28:39.305,1.5866,1.58715,8.80,1.00
2009.11.26 08:28:39.655,1.58665,1.5871,1.00,1.70
2009.11.26 08:28:40.335,1.5867,1.58715,1.80,1.00
2009.11.26 08:28:40.675,1.58675,1.58715,1.00,1.60
2009.11.26 08:28:41.035,1.58675,1.58715,1.20,1.60
2009.11.26 08:28:41.364,1.58675,1.58715,1.20,2.40
2009.11.26 08:28:41.714,1.58675,1.5871,1.00,1.60
2009.11.26 08:28:42.054,1.58665,1.5871,1.60,1.60
2009.11.26 08:28:42.804,1.58665,1.5872,4.80,3.50
2009.11.26 08:28:43.104,1.58665,1.5872,4.80,3.60
2009.11.26 08:28:43.214,1.58665,1.5872,4.80,3.50
2009.11.26 08:28:43.564,1.58665,1.5872,5.60,3.50
2009.11.26 08:28:43.944,1.58665,1.5871,5.60,1.70
2009.11.26 08:28:44.344,1.5866,1.587,1.20,1.70
2009.11.26 08:28:44.694,1.5866,1.587,1.00,1.70
2009.11.26 08:28:45.044,1.5866,1.58695,1.00,1.00
2009.11.26 08:28:45.404,1.58655,1.587,1.00,2.70
2009.11.26 08:28:45.784,1.5865,1.58695,1.60,1.00
2009.11.26 08:28:46.193,1.5865,1.58695,1.00,1.00
2009.11.26 08:28:46.424,1.58645,1.58695,4.80,1.00
2009.11.26 08:28:46.643,1.58645,1.5869,3.60,1.60
2009.11.26 08:28:46.993,1.5864,1.5869,2.80,1.70
2009.11.26 08:28:47.373,1.58635,1.5869,5.20,1.60
2009.11.26 08:28:47.723,1.5864,1.58695,6.80,1.00
2009.11.26 08:28:48.003,1.5864,1.58695,3.60,4.40
2009.11.26 08:28:48.933,1.5864,1.5869,2.80,5.20
2009.11.26 08:28:49.373,1.5865,1.5869,1.60,1.00
2009.11.26 08:28:49.613,1.5865,1.58695,1.60,1.10
2009.11.26 08:28:50.422,1.5866,1.58695,1.60,1.10
2009.11.26 08:28:50.772,1.58645,1.58695,4.40,1.00
2009.11.26 08:28:51.132,1.58645,1.58695,4.40,1.00
2009.11.26 08:28:51.752,1.58645,1.58695,3.20,1.00
2009.11.26 08:28:52.032,1.5864,1.58695,8.40,1.00
2009.11.26 08:28:53.132,1.5864,1.58695,7.60,1.00
2009.11.26 08:28:55.393,1.58655,1.58695,1.60,1.00
2009.11.26 08:28:55.562,1.58645,1.587,3.60,4.00
2009.11.26 08:28:55.791,1.58645,1.587,1.00,1.00
2009.11.26 08:28:56.021,1.5864,1.58705,2.00,2.50
2009.11.26 08:28:56.621,1.5865,1.5871,4.80,8.00
2009.11.26 08:28:56.921,1.5865,1.58705,1.60,1.00
2009.11.26 08:28:57.271,1.58645,1.58705,2.80,1.70
2009.11.26 08:28:57.631,1.58645,1.58705,2.40,2.50
2009.11.26 08:28:58.930,1.58665,1.58705,1.00,1.00
2009.11.26 08:28:59.670,1.58675,1.58745,1.00,1.00
2009.11.26 08:29:00.000,1.58685,1.5875,1.00,2.00
2009.11.26 08:29:01.220,1.58685,1.58745,1.00,2.40
2009.11.26 08:29:01.620,1.58685,1.58735,1.00,1.00
2009.11.26 08:29:01.780,1.58685,1.5874,1.00,1.20
2009.11.26 08:29:02.470,1.5868,1.58735,1.20,1.00
2009.11.26 08:29:02.819,1.5868,1.58735,1.00,1.00
2009.11.26 08:29:03.059,1.5869,1.5874,1.00,1.00
2009.11.26 08:29:03.459,1.5869,1.58745,1.00,1.20
2009.11.26 08:29:03.969,1.5869,1.58745,1.00,1.00
2009.11.26 08:29:04.619,1.58695,1.5875,1.00,1.20
2009.11.26 08:29:05.299,1.5869,1.58745,1.00,1.00
2009.11.26 08:29:05.629,1.58685,1.58745,1.60,1.00
2009.11.26 08:29:08.349,1.58685,1.5874,1.00,1.00
2009.11.26 08:29:08.869,1.58685,1.58745,1.60,1.20
2009.11.26 08:29:09.098,1.58685,1.58745,1.60,1.00
2009.11.26 08:29:10.747,1.5869,1.5875,1.00,3.00
2009.11.26 08:29:15.886,1.58695,1.5875,1.00,2.20
2009.11.26 08:29:16.007,1.58695,1.5875,1.00,1.40
2009.11.26 08:29:16.066,1.58695,1.5875,1.00,1.00
2009.11.26 08:29:16.226,1.58695,1.58755,1.00,3.80
2009.11.26 08:29:16.516,1.58695,1.58755,1.00,3.00
2009.11.26 08:29:16.636,1.58695,1.58755,1.00,2.60
2009.11.26 08:29:19.756,1.587,1.58745,1.00,1.00
2009.11.26 08:29:19.985,1.5871,1.5876,1.00,1.20
2009.11.26 08:29:20.575,1.587,1.58745,1.60,1.00
2009.11.26 08:29:20.926,1.5871,1.58755,4.80,1.00
2009.11.26 08:29:21.265,1.5872,1.58755,1.00,1.00
2009.11.26 08:29:22.245,1.58725,1.5877,1.00,1.20
2009.11.26 08:29:22.535,1.5873,1.5877,1.00,1.00
2009.11.26 08:29:22.755,1.58725,1.58775,1.40,1.00
2009.11.26 08:29:22.985,1.5872,1.58775,1.60,1.00
2009.11.26 08:29:23.314,1.58715,1.58765,1.20,1.00
2009.11.26 08:29:23.704,1.5871,1.5876,1.00,1.00
2009.11.26 08:29:24.044,1.58705,1.58755,1.00,1.00
2009.11.26 08:29:25.814,1.587,1.58755,1.00,1.00
2009.11.26 08:29:26.204,1.587,1.5875,1.00,1.00
2009.11.26 08:29:27.633,1.58695,1.5875,1.00,1.00
2009.11.26 08:29:27.793,1.587,1.5875,1.00,1.20
2009.11.26 08:29:27.973,1.587,1.58745,1.00,1.00
2009.11.26 08:29:31.513,1.58705,1.58745,1.00,1.00
2009.11.26 08:29:31.633,1.5871,1.58755,1.00,1.20
2009.11.26 08:29:31.803,1.58705,1.58755,1.40,2.00
2009.11.26 08:29:31.922,1.587,1.58755,1.00,1.90
2009.11.26 08:29:32.252,1.58695,1.58755,1.20,1.60
2009.11.26 08:29:32.522,1.58695,1.5875,1.00,1.00
2009.11.26 08:29:32.812,1.587,1.5875,1.00,1.00
2009.11.26 08:29:33.752,1.58705,1.5875,1.00,1.00
2009.11.26 08:29:34.092,1.587,1.58755,1.20,1.00
2009.11.26 08:29:34.322,1.587,1.58745,1.00,1.00
2009.11.26 08:29:40.320,1.587,1.58745,1.00,1.60
2009.11.26 08:29:40.850,1.587,1.58745,1.00,1.00
2009.11.26 08:29:41.960,1.587,1.58745,1.00,1.60
2009.11.26 08:29:42.720,1.587,1.58745,1.00,1.00
2009.11.26 08:29:43.060,1.587,1.58745,8.80,1.00
2009.11.26 08:29:45.739,1.587,1.58745,8.00,1.00
2009.11.26 08:29:46.079,1.587,1.5874,8.00,1.00
2009.11.26 08:29:46.369,1.58695,1.5874,4.80,1.00
2009.11.26 08:29:46.709,1.58695,1.5874,1.00,1.00
2009.11.26 08:29:47.579,1.587,1.5874,4.00,1.00
2009.11.26 08:29:48.258,1.58695,1.5874,1.00,1.60
2009.11.26 08:29:51.947,1.587,1.5874,1.00,1.00
2009.11.26 08:29:52.407,1.587,1.58745,1.00,2.00
2009.11.26 08:29:52.628,1.58695,1.5874,1.00,1.60
2009.11.26 08:29:56.157,1.58695,1.58735,1.00,1.00
2009.11.26 08:29:57.146,1.5869,1.58735,2.20,1.00
2009.11.26 08:29:57.247,1.5869,1.58735,1.80,1.00
2009.11.26 08:29:57.366,1.5869,1.58735,1.00,1.60
2009.11.26 08:29:57.846,1.5869,1.58735,8.80,2.00
2009.11.26 08:29:59.826,1.5869,1.58735,8.80,1.00
2009.11.26 08:30:02.955,1.5869,1.58735,1.00,1.00
2009.11.26 08:30:03.825,1.5869,1.5874,1.00,1.00
2009.11.26 08:30:04.215,1.58685,1.5874,1.00,1.00
2009.11.26 08:30:04.555,1.58685,1.58735,1.00,1.00
2009.11.26 08:30:06.114,1.58685,1.5873,1.00,1.00
2009.11.26 08:30:07.964,1.5868,1.5873,1.80,1.00
2009.11.26 08:30:08.134,1.58675,1.5873,1.00,1.00
2009.11.26 08:30:08.254,1.58675,1.58725,1.00,1.00
2009.11.26 08:30:08.664,1.5867,1.5872,1.00,1.00
2009.11.26 08:30:11.763,1.58665,1.5872,2.20,1.00
2009.11.26 08:30:11.943,1.58665,1.5872,1.80,1.00
2009.11.26 08:30:12.533,1.58675,1.5872,1.00,1.00
2009.11.26 08:30:12.763,1.58665,1.5872,1.80,1.00
2009.11.26 08:30:13.003,1.58665,1.58715,1.80,1.00
2009.11.26 08:30:15.782,1.5867,1.58715,1.00,1.00
2009.11.26 08:30:17.082,1.58665,1.58715,1.80,1.00
2009.11.26 08:30:22.600,1.58655,1.5871,1.80,1.00
2009.11.26 08:30:24.120,1.5866,1.58715,1.00,1.00
2009.11.26 08:30:24.470,1.5866,1.5872,1.80,1.60
2009.11.26 08:30:28.379,1.5866,1.58705,1.00,1.00
2009.11.26 08:30:28.599,1.58655,1.58705,1.80,1.00
2009.11.26 08:30:31.078,1.5867,1.58705,1.00,1.00
2009.11.26 08:30:31.258,1.58665,1.5871,1.00,1.00
2009.11.26 08:30:31.428,1.5869,1.5872,1.00,1.00
2009.11.26 08:30:31.608,1.587,1.5872,1.20,1.00
2009.11.26 08:30:31.888,1.58715,1.5878,1.00,1.00
2009.11.26 08:30:32.058,1.58715,1.58805,1.00,1.20
2009.11.26 08:30:32.268,1.58715,1.588,1.00,1.00
2009.11.26 08:30:32.498,1.58725,1.58795,1.00,1.00
2009.11.26 08:30:32.908,1.58725,1.58775,1.00,1.00
2009.11.26 08:30:33.008,1.58715,1.58775,1.00,1.00
2009.11.26 08:30:34.898,1.58715,1.5876,1.00,1.00
2009.11.26 08:30:35.077,1.587,1.5876,1.80,1.60
2009.11.26 08:30:35.247,1.587,1.5876,1.80,2.00
2009.11.26 08:30:38.406,1.58715,1.5876,1.00,1.20
2009.11.26 08:30:38.576,1.58715,1.5876,1.00,1.00
2009.11.26 08:30:38.857,1.5871,1.58765,1.00,1.60
2009.11.26 08:30:39.206,1.58715,1.58765,1.00,1.00
2009.11.26 08:30:39.946,1.587,1.58755,1.00,1.90
2009.11.26 08:30:40.296,1.58705,1.58755,1.80,1.10
2009.11.26 08:30:40.636,1.58715,1.5876,1.00,1.00
2009.11.26 08:30:40.986,1.58715,1.58765,1.00,1.00
2009.11.26 08:30:41.386,1.5871,1.58765,1.40,1.60
2009.11.26 08:30:41.626,1.58705,1.58755,1.00,1.00
2009.11.26 08:30:41.856,1.58715,1.58755,1.00,1.00
2009.11.26 08:30:42.316,1.58715,1.58765,1.00,1.00
2009.11.26 08:30:44.375,1.5871,1.58765,1.40,1.60
2009.11.26 08:30:44.605,1.58715,1.58755,1.00,1.00
2009.11.26 08:30:45.005,1.58715,1.58765,1.00,1.00
2009.11.26 08:30:47.274,1.5871,1.58765,1.40,1.60
2009.11.26 08:30:47.334,1.5871,1.58765,1.00,1.60
2009.11.26 08:30:47.444,1.5871,1.58755,1.00,1.00
2009.11.26 08:30:47.504,1.58705,1.58755,1.00,1.00
2009.11.26 08:30:47.774,1.58705,1.58755,1.80,1.00
2009.11.26 08:30:48.055,1.5871,1.5876,1.00,1.00
2009.11.26 08:30:48.964,1.5871,1.5876,1.80,1.00
2009.11.26 08:30:49.314,1.58715,1.5876,1.00,1.00
2009.11.26 08:30:49.664,1.58715,1.58765,1.80,1.00
2009.11.26 08:30:50.363,1.5871,1.58765,1.70,1.00
2009.11.26 08:30:50.643,1.58715,1.5876,1.00,1.00
2009.11.26 08:30:50.993,1.58715,1.58765,1.00,1.00
2009.11.26 08:30:51.273,1.58725,1.58775,1.00,1.20
2009.11.26 08:30:51.803,1.58725,1.58775,1.00,1.00
2009.11.26 08:30:52.663,1.58725,1.5878,1.00,1.20
2009.11.26 08:30:52.943,1.5873,1.5878,1.00,1.20
2009.11.26 08:30:53.393,1.58725,1.5878,1.40,2.00
2009.11.26 08:30:53.633,1.5873,1.58775,1.00,1.00
2009.11.26 08:30:53.983,1.58725,1.5878,1.00,1.20
2009.11.26 08:30:54.673,1.58725,1.58775,1.00,1.00
2009.11.26 08:30:56.392,1.5872,1.58775,1.40,1.60
2009.11.26 08:30:56.572,1.58715,1.58765,1.00,1.00
2009.11.26 08:30:56.742,1.58725,1.58765,1.00,1.00
2009.11.26 08:30:56.862,1.58725,1.58775,1.00,1.00
2009.11.26 08:30:59.811,1.58725,1.58765,1.00,1.00
2009.11.26 08:30:59.991,1.58725,1.58775,1.00,1.00
2009.11.26 08:31:00.971,1.58725,1.5878,1.00,1.20
2009.11.26 08:31:02.581,1.5873,1.5878,1.00,1.00
2009.11.26 08:31:02.681,1.58725,1.58775,1.00,1.00
2009.11.26 08:31:02.741,1.5874,1.58775,1.00,1.00
2009.11.26 08:31:03.091,1.5874,1.5879,1.00,1.00
2009.11.26 08:31:03.321,1.58745,1.58795,1.00,1.20
2009.11.26 08:31:03.381,1.58745,1.58795,1.20,1.20
2009.11.26 08:31:03.501,1.5875,1.58795,1.80,1.20
2009.11.26 08:31:04.200,1.5875,1.588,1.80,1.00
2009.11.26 08:31:04.500,1.58745,1.58795,2.20,1.00
2009.11.26 08:31:04.850,1.58745,1.58795,1.80,1.00
2009.11.26 08:31:05.210,1.58745,1.58795,1.00,1.00
2009.11.26 08:31:05.560,1.58735,1.58785,1.00,1.00
2009.11.26 08:31:07.160,1.58725,1.58775,1.20,1.00
2009.11.26 08:31:07.510,1.58725,1.58775,1.00,1.00
2009.11.26 08:31:08.549,1.58735,1.58775,1.00,1.00
2009.11.26 08:31:08.719,1.58735,1.58785,1.00,1.20
2009.11.26 08:31:09.069,1.58735,1.58785,1.00,1.00
2009.11.26 08:31:11.788,1.58735,1.58785,1.00,1.60
2009.11.26 08:31:12.078,1.58735,1.58785,1.00,1.20
2009.11.26 08:31:12.238,1.58735,1.5878,1.00,1.00
2009.11.26 08:31:14.698,1.58725,1.58775,1.00,1.00
2009.11.26 08:31:15.058,1.58735,1.5878,1.00,1.00
2009.11.26 08:31:15.398,1.58735,1.5878,1.80,1.00
2009.11.26 08:31:15.858,1.5874,1.5878,1.00,1.00
2009.11.26 08:31:16.087,1.5874,1.58785,1.00,1.00
2009.11.26 08:31:17.387,1.5873,1.5878,1.00,1.00
2009.11.26 08:31:17.907,1.5874,1.5878,1.00,1.00
2009.11.26 08:31:18.147,1.5874,1.58785,1.00,1.00
2009.11.26 08:31:18.767,1.58735,1.5878,2.20,1.00
2009.11.26 08:31:19.107,1.58735,1.5878,1.80,1.00
2009.11.26 08:31:19.917,1.58735,1.5878,1.00,1.00
2009.11.26 08:31:20.216,1.5873,1.5878,2.40,1.00
2009.11.26 08:31:20.506,1.58725,1.58775,1.00,1.00
2009.11.26 08:31:21.077,1.58735,1.58775,1.00,1.00
2009.11.26 08:31:21.426,1.5873,1.5878,1.80,1.00
2009.11.26 08:31:21.706,1.58725,1.58775,1.00,1.00
2009.11.26 08:31:24.246,1.5872,1.58775,1.00,1.60
2009.11.26 08:31:24.595,1.58715,1.5876,1.00,1.00
2009.11.26 08:31:25.995,1.5871,1.5876,2.20,1.00
2009.11.26 08:31:26.115,1.5871,1.5876,1.80,1.00
2009.11.26 08:31:26.455,1.5871,1.5876,1.00,1.00
2009.11.26 08:31:26.735,1.5871,1.5876,1.00,1.20
2009.11.26 08:31:26.895,1.5871,1.58755,1.00,1.20
2009.11.26 08:31:28.214,1.58715,1.5876,1.00,1.20
2009.11.26 08:31:31.504,1.5871,1.58765,1.00,1.00
2009.11.26 08:31:31.734,1.5871,1.58755,1.20,1.00
2009.11.26 08:31:31.954,1.58705,1.58755,1.00,1.00
2009.11.26 08:31:32.184,1.58705,1.5875,1.20,1.00
2009.11.26 08:31:32.523,1.58705,1.5875,1.00,1.00
2009.11.26 08:31:33.933,1.587,1.5875,1.20,1.00
2009.11.26 08:31:34.153,1.587,1.5875,1.00,1.00
2009.11.26 08:31:40.522,1.58695,1.5875,2.20,1.00
2009.11.26 08:31:40.811,1.58695,1.58745,1.00,1.20
2009.11.26 08:31:42.251,1.58695,1.58745,1.00,2.00
2009.11.26 08:31:43.381,1.58695,1.5875,1.00,1.20
2009.11.26 08:31:43.611,1.5869,1.5875,1.60,2.00
2009.11.26 08:31:45.051,1.587,1.5875,1.00,1.20
2009.11.26 08:31:45.290,1.58695,1.58745,2.20,1.00
2009.11.26 08:31:45.560,1.5869,1.5874,1.00,1.00
2009.11.26 08:31:45.830,1.58685,1.58735,3.00,1.20
2009.11.26 08:31:46.070,1.58705,1.58735,1.00,1.20
2009.11.26 08:31:46.290,1.58705,1.58735,1.80,1.00
2009.11.26 08:31:46.520,1.58705,1.58745,1.80,1.00
2009.11.26 08:31:46.740,1.58705,1.5876,1.80,3.50
2009.11.26 08:31:48.120,1.5872,1.5876,1.00,3.50
2009.11.26 08:31:48.240,1.58715,1.5876,2.00,3.50
2009.11.26 08:31:48.809,1.58715,1.5876,2.00,3.20
2009.11.26 08:31:49.190,1.58725,1.58765,1.00,1.00
2009.11.26 08:31:51.399,1.5873,1.58765,1.00,1.00
2009.11.26 08:31:51.639,1.58725,1.5877,1.00,5.10
2009.11.26 08:31:51.759,1.5873,1.5877,1.00,5.10
2009.11.26 08:31:51.819,1.5873,1.5877,1.00,4.30
2009.11.26 08:31:51.939,1.5873,1.5877,1.00,3.50
2009.11.26 08:31:52.229,1.58735,1.5877,1.00,1.00
2009.11.26 08:31:52.578,1.5873,1.5878,2.50,1.00
2009.11.26 08:31:52.928,1.58735,1.5878,1.00,1.00
2009.11.26 08:31:53.798,1.5874,1.5878,1.00,1.00
2009.11.26 08:31:55.128,1.5873,1.5878,1.00,1.50
2009.11.26 08:31:55.468,1.5873,1.5878,1.00,1.00
2009.11.26 08:31:56.448,1.5874,1.5878,1.00,1.00
2009.11.26 08:31:56.737,1.58735,1.5878,1.00,1.00
2009.11.26 08:31:57.017,1.5874,1.5878,1.00,1.00
2009.11.26 08:31:59.917,1.5874,1.58775,1.00,1.00
2009.11.26 08:32:00.207,1.5873,1.58775,2.00,1.00
2009.11.26 08:32:00.427,1.5873,1.58775,2.00,1.00
2009.11.26 08:32:04.736,1.58735,1.58785,1.80,1.20
2009.11.26 08:32:05.745,1.5874,1.58785,1.00,1.20
2009.11.26 08:32:06.415,1.58735,1.5878,1.00,1.00
2009.11.26 08:32:06.526,1.5873,1.5878,1.00,1.20
2009.11.26 08:32:07.455,1.58735,1.5878,1.00,1.20
2009.11.26 08:32:07.805,1.58735,1.5878,1.00,1.00
2009.11.26 08:32:08.625,1.58735,1.5878,1.00,1.00
2009.11.26 08:32:08.905,1.58735,1.5878,1.00,1.00
2009.11.26 08:32:09.645,1.5873,1.5878,2.00,1.00
2009.11.26 08:32:09.984,1.5872,1.58765,1.00,1.00
2009.11.26 08:32:10.264,1.58715,1.5877,2.60,1.20
2009.11.26 08:32:14.853,1.5872,1.58765,1.00,1.00
2009.11.26 08:32:18.652,1.5873,1.58765,1.00,1.00
2009.11.26 08:32:18.822,1.5873,1.58775,1.00,4.70
2009.11.26 08:32:18.982,1.5872,1.58775,1.20,5.50
2009.11.26 08:32:19.162,1.5872,1.5877,1.00,1.00
2009.11.26 08:32:19.452,1.5872,1.5877,1.00,1.20
2009.11.26 08:32:20.272,1.58715,1.5877,2.00,1.30
2009.11.26 08:32:20.602,1.58715,1.58765,1.00,1.00
2009.11.26 08:32:20.942,1.58715,1.58765,1.00,1.10
2009.11.26 08:32:21.292,1.58715,1.5876,1.00,1.00
2009.11.26 08:32:21.922,1.58715,1.58765,1.00,4.70
2009.11.26 08:32:23.851,1.58715,1.58765,1.00,4.80
2009.11.26 08:32:26.141,1.5872,1.58765,1.60,4.70
2009.11.26 08:32:26.430,1.58715,1.58765,1.00,1.00
2009.11.26 08:32:26.660,1.58705,1.58755,4.00,1.00
2009.11.26 08:32:26.931,1.587,1.58755,17.30,1.00
2009.11.26 08:32:27.171,1.58705,1.58755,2.00,1.00
2009.11.26 08:32:27.650,1.58715,1.58755,1.00,1.00
2009.11.26 08:32:28.440,1.5871,1.58755,1.00,1.00
2009.11.26 08:32:30.289,1.5871,1.5876,1.00,2.00
2009.11.26 08:32:32.460,1.5871,1.5876,1.20,2.00
2009.11.26 08:32:32.679,1.5871,1.58755,1.40,1.00
2009.11.26 08:32:32.779,1.58705,1.58755,1.30,1.00
2009.11.26 08:32:33.009,1.58705,1.58755,1.30,1.00
2009.11.26 08:32:33.239,1.58705,1.58755,1.30,1.00
2009.11.26 08:32:33.289,1.58705,1.58755,2.60,1.00
2009.11.26 08:32:33.689,1.58705,1.58755,1.30,1.00
2009.11.26 08:32:34.129,1.58705,1.58755,1.20,1.00
2009.11.26 08:32:34.799,1.58705,1.58755,1.00,1.00
2009.11.26 08:32:35.089,1.58705,1.58755,1.00,1.00
2009.11.26 08:32:35.319,1.587,1.58755,3.60,1.00
2009.11.26 08:32:35.548,1.587,1.5875,2.60,1.00
2009.11.26 08:32:35.838,1.58695,1.58745,1.60,1.00
2009.11.26 08:32:36.138,1.58695,1.58745,1.00,1.00
2009.11.26 08:32:36.848,1.5869,1.58745,3.20,1.00
2009.11.26 08:32:39.037,1.5869,1.58745,2.40,1.20
2009.11.26 08:32:39.267,1.5869,1.5874,1.00,1.20
2009.11.26 08:32:39.487,1.58685,1.5874,2.60,1.20
2009.11.26 08:32:40.237,1.587,1.5874,1.00,1.20
2009.11.26 08:32:40.567,1.587,1.5874,1.60,1.00
2009.11.26 08:32:40.917,1.587,1.5875,1.60,1.00
2009.11.26 08:32:41.837,1.5872,1.5875,1.00,1.00
2009.11.26 08:32:42.017,1.5873,1.58755,1.60,1.00
2009.11.26 08:32:42.197,1.5873,1.5877,1.60,1.00
2009.11.26 08:32:42.716,1.5873,1.5878,1.60,1.00
2009.11.26 08:32:43.466,1.58735,1.5878,2.40,1.00
2009.11.26 08:32:43.757,1.58745,1.58785,1.60,5.50
2009.11.26 08:32:44.036,1.58745,1.58785,1.60,3.90
2009.11.26 08:32:44.316,1.58735,1.5878,2.80,1.00
2009.11.26 08:32:44.876,1.58735,1.5878,1.60,1.00
2009.11.26 08:32:45.216,1.58745,1.5878,1.60,1.00
2009.11.26 08:32:45.596,1.58745,1.58785,1.60,3.90
2009.11.26 08:32:45.926,1.58745,1.58785,1.60,3.50
2009.11.26 08:32:47.875,1.58745,1.58785,1.70,1.00
2009.11.26 08:32:47.935,1.58745,1.5879,1.70,1.00
2009.11.26 08:32:48.265,1.58745,1.5879,1.70,1.00
2009.11.26 08:32:48.325,1.58745,1.5879,1.00,1.50
2009.11.26 08:32:48.665,1.58735,1.5879,2.90,1.50
2009.11.26 08:32:49.345,1.58735,1.5878,2.10,1.00
2009.11.26 08:32:49.925,1.58735,1.5878,1.70,1.00
2009.11.26 08:32:51.794,1.58735,1.5878,1.60,1.00
2009.11.26 08:32:54.114,1.58735,1.5878,1.60,1.10
2009.11.26 08:32:54.344,1.58735,1.58775,1.60,3.50
2009.11.26 08:32:54.894,1.58735,1.5877,1.60,1.00
2009.11.26 08:32:55.234,1.58725,1.5876,1.20,1.00
2009.11.26 08:32:55.573,1.58715,1.58765,1.70,1.20
2009.11.26 08:32:56.273,1.58715,1.58765,2.10,1.20
2009.11.26 08:32:57.313,1.5872,1.58765,1.00,1.20
2009.11.26 08:32:57.663,1.5872,1.5877,4.80,4.70
2009.11.26 08:32:58.183,1.58725,1.5877,1.00,4.70
2009.11.26 08:32:58.363,1.5873,1.5877,1.00,3.60
2009.11.26 08:32:58.483,1.58735,1.58775,1.00,1.00
2009.11.26 08:32:58.813,1.58735,1.58775,1.20,1.00
2009.11.26 08:32:58.983,1.58735,1.58785,2.00,1.20
2009.11.26 08:32:59.323,1.58735,1.58785,1.40,1.20
2009.11.26 08:32:59.683,1.5873,1.58775,1.00,1.00
2009.11.26 08:33:00.372,1.58725,1.58775,2.40,1.00
2009.11.26 08:33:00.732,1.58725,1.58775,1.60,1.00
2009.11.26 08:33:01.822,1.5873,1.5878,1.70,2.00
2009.11.26 08:33:02.002,1.5873,1.5878,2.80,2.00
2009.11.26 08:33:02.112,1.5873,1.5878,2.80,1.20
2009.11.26 08:33:02.472,1.58745,1.5878,1.60,1.00
2009.11.26 08:33:02.862,1.58745,1.58785,1.60,3.50
2009.11.26 08:33:04.132,1.58735,1.58785,3.00,1.20
2009.11.26 08:33:04.481,1.58735,1.58785,2.00,1.20
2009.11.26 08:33:04.781,1.58735,1.58785,1.00,1.00
2009.11.26 08:33:05.072,1.58735,1.58785,1.30,1.00
2009.11.26 08:33:05.371,1.5875,1.58785,1.00,1.00
2009.11.26 08:33:05.661,1.58755,1.5879,1.00,1.00
2009.11.26 08:33:06.012,1.58745,1.58795,1.00,1.00
2009.11.26 08:33:07.301,1.5874,1.5879,1.00,1.20
2009.11.26 08:33:07.640,1.58735,1.5879,1.00,2.00
2009.11.26 08:33:07.931,1.5874,1.5879,1.00,1.00
2009.11.26 08:33:08.280,1.5874,1.58795,1.00,1.00
2009.11.26 08:33:08.451,1.58745,1.58795,1.00,1.00
2009.11.26 08:33:08.620,1.58745,1.58795,1.00,1.00
2009.11.26 08:33:08.730,1.5874,1.58795,1.80,1.00
2009.11.26 08:33:09.091,1.5874,1.58795,1.80,1.20
2009.11.26 08:33:10.100,1.58755,1.58795,1.00,1.20
2009.11.26 08:33:10.660,1.58755,1.588,3.80,1.00
2009.11.26 08:33:10.950,1.58785,1.58835,1.60,2.00
2009.11.26 08:33:11.290,1.58785,1.5885,1.60,3.90
2009.11.26 08:33:11.640,1.58785,1.5885,1.60,3.50
2009.11.26 08:33:12.609,1.588,1.5884,1.60,1.00
2009.11.26 08:33:13.299,1.588,1.58845,1.60,3.90
2009.11.26 08:33:13.649,1.588,1.58845,2.60,1.00
2009.11.26 08:33:13.829,1.588,1.58855,2.60,2.10
2009.11.26 08:33:14.699,1.58805,1.58855,1.00,1.00
2009.11.26 08:33:15.039,1.58805,1.5886,2.00,2.40
2009.11.26 08:33:16.199,1.58805,1.58855,1.20,1.00
2009.11.26 08:33:16.559,1.58805,1.58855,1.20,1.20
2009.11.26 08:33:16.678,1.58805,1.58855,1.00,2.00
2009.11.26 08:33:17.548,1.5883,1.5886,1.60,1.20
2009.11.26 08:33:17.898,1.5881,1.58845,1.00,1.00
2009.11.26 08:33:18.178,1.58795,1.58845,1.00,1.00
2009.11.26 08:33:18.408,1.58795,1.58855,2.60,1.00
2009.11.26 08:33:18.698,1.58805,1.5886,2.60,1.00
2009.11.26 08:33:20.057,1.58805,1.5886,2.80,1.00
2009.11.26 08:33:20.467,1.58805,1.5885,1.80,1.00
2009.11.26 08:33:20.797,1.58805,1.58845,1.20,1.00
2009.11.26 08:33:21.537,1.58805,1.58835,1.20,1.00
2009.11.26 08:33:21.887,1.5878,1.5882,1.00,1.20
2009.11.26 08:33:22.237,1.5876,1.5882,3.20,1.20
2009.11.26 08:33:22.677,1.5876,1.5882,1.60,2.00
2009.11.26 08:33:22.857,1.5876,1.58815,1.60,1.00
2009.11.26 08:33:22.977,1.5876,1.5881,1.00,1.00
2009.11.26 08:33:23.087,1.5876,1.5881,1.80,1.00
2009.11.26 08:33:23.257,1.58765,1.5882,1.80,1.20
2009.11.26 08:33:23.377,1.58765,1.58825,2.40,2.40
2009.11.26 08:33:23.717,1.58765,1.5882,1.60,2.00
2009.11.26 08:33:23.887,1.5876,1.5882,2.60,2.00
2009.11.26 08:33:25.096,1.5876,1.58815,2.80,1.00
2009.11.26 08:33:25.326,1.5876,1.5881,2.80,1.00
2009.11.26 08:33:25.726,1.5876,1.5881,2.00,1.00
2009.11.26 08:33:26.466,1.5876,1.5881,1.20,1.20
2009.11.26 08:33:26.756,1.5876,1.58805,1.00,1.00
2009.11.26 08:33:27.426,1.5876,1.58805,1.00,1.00
2009.11.26 08:33:27.646,1.58755,1.58805,1.70,1.00
2009.11.26 08:33:29.525,1.58755,1.58805,1.60,1.50
2009.11.26 08:33:29.746,1.58755,1.588,1.60,2.00
2009.11.26 08:33:29.915,1.58765,1.588,1.60,1.00
2009.11.26 08:33:30.136,1.58755,1.5879,1.00,1.00
2009.11.26 08:33:30.495,1.5874,1.5878,4.00,1.00
2009.11.26 08:33:30.845,1.5873,1.5878,1.20,1.00
2009.11.26 08:33:31.475,1.58725,1.58775,2.10,1.20
2009.11.26 08:33:31.695,1.58725,1.58775,1.40,1.00
2009.11.26 08:33:31.935,1.5872,1.58775,1.20,2.00
2009.11.26 08:33:32.455,1.5872,1.58775,1.00,2.80
2009.11.26 08:33:33.364,1.5872,1.5877,1.00,1.20
2009.11.26 08:33:34.124,1.5872,1.5877,1.00,2.80
2009.11.26 08:33:34.624,1.5872,1.5876,1.00,1.00
2009.11.26 08:33:34.684,1.5871,1.5875,1.00,1.00
2009.11.26 08:33:34.854,1.5871,1.58755,1.00,1.20
2009.11.26 08:33:34.914,1.58705,1.5875,1.00,1.00
2009.11.26 08:33:35.024,1.587,1.5875,1.20,1.00
2009.11.26 08:33:35.084,1.587,1.58745,1.20,1.00
2009.11.26 08:33:35.654,1.587,1.58755,2.40,1.60
2009.11.26 08:33:35.994,1.58705,1.58755,1.00,1.20
2009.11.26 08:33:36.334,1.5871,1.58755,1.60,4.70
2009.11.26 08:33:36.504,1.5871,1.58755,1.60,1.20
2009.11.26 08:33:36.624,1.5871,1.58755,1.60,1.00
2009.11.26 08:33:37.314,1.5871,1.58755,1.70,1.00
2009.11.26 08:33:37.603,1.5871,1.58755,1.70,3.90
2009.11.26 08:33:38.113,1.5871,1.58755,1.60,3.90
2009.11.26 08:33:38.613,1.5871,1.5875,1.60,1.00
2009.11.26 08:33:40.403,1.5871,1.5875,1.60,3.50
2009.11.26 08:33:41.732,1.5871,1.5875,1.60,3.90
2009.11.26 08:33:41.902,1.5871,1.5875,1.60,4.70
2009.11.26 08:33:42.082,1.5871,1.5875,1.60,1.20
2009.11.26 08:33:42.252,1.58715,1.5875,1.60,1.00
2009.11.26 08:33:42.372,1.58715,1.58755,1.60,3.90
2009.11.26 08:33:42.552,1.58715,1.58755,1.60,3.50
2009.11.26 08:33:43.422,1.58715,1.58755,1.70,3.50
2009.11.26 08:33:44.332,1.58715,1.58755,1.60,3.50
2009.11.26 08:33:44.562,1.58715,1.58755,1.60,3.50
2009.11.26 08:33:52.579,1.58715,1.5876,1.60,4.70
2009.11.26 08:33:52.749,1.58715,1.5876,1.60,3.90
2009.11.26 08:33:52.969,1.58725,1.5876,1.00,1.00
2009.11.26 08:33:53.189,1.58725,1.58765,1.60,1.00
2009.11.26 08:33:53.410,1.5872,1.58765,2.00,1.00
2009.11.26 08:33:53.589,1.5872,1.58765,2.00,3.90
2009.11.26 08:33:53.939,1.5872,1.58765,1.60,3.90
2009.11.26 08:33:54.299,1.5872,1.58765,1.60,1.00
2009.11.26 08:33:54.989,1.5872,1.58765,2.00,1.00
2009.11.26 08:33:56.788,1.58725,1.58765,1.70,1.00
2009.11.26 08:33:57.008,1.5872,1.58755,1.00,1.00
2009.11.26 08:33:57.179,1.5872,1.58745,1.00,1.00
2009.11.26 08:33:57.528,1.58705,1.58745,1.00,1.00
2009.11.26 08:33:57.888,1.587,1.58745,1.00,1.00
2009.11.26 08:33:58.588,1.58695,1.5874,1.80,1.00
2009.11.26 08:33:58.758,1.58695,1.5874,1.00,1.00
2009.11.26 08:34:03.647,1.5869,1.5874,2.70,1.00
2009.11.26 08:34:04.916,1.5869,1.58745,1.90,1.20
2009.11.26 08:34:09.466,1.587,1.5875,1.00,1.20
2009.11.26 08:34:10.365,1.587,1.5875,1.00,1.00
2009.11.26 08:34:10.585,1.587,1.58755,1.00,1.20
2009.11.26 08:34:16.654,1.58695,1.5874,1.00,1.00
2009.11.26 08:34:17.184,1.58695,1.5874,1.80,1.00
2009.11.26 08:34:17.533,1.587,1.5875,2.60,1.00
2009.11.26 08:34:18.623,1.587,1.5875,2.80,1.00
2009.11.26 08:34:18.783,1.587,1.5875,2.60,1.00
2009.11.26 08:34:20.363,1.5869,1.58735,1.00,1.00
2009.11.26 08:34:20.652,1.58675,1.58735,1.00,1.00
2009.11.26 08:34:21.003,1.58675,1.58735,1.00,1.00
2009.11.26 08:34:28.761,1.5867,1.5872,2.80,1.20
2009.11.26 08:34:28.991,1.5867,1.5872,1.70,1.20
2009.11.26 08:34:29.680,1.5867,1.5872,2.50,1.20
2009.11.26 08:34:30.730,1.5867,1.5872,2.50,4.70
2009.11.26 08:34:30.950,1.5867,1.5872,2.50,6.30
2009.11.26 08:34:31.230,1.5867,1.5871,1.60,1.20
2009.11.26 08:34:31.470,1.5866,1.5871,1.00,1.20
2009.11.26 08:34:32.270,1.5867,1.58715,1.00,1.00
2009.11.26 08:34:32.600,1.5869,1.5872,1.00,1.00
2009.11.26 08:34:32.770,1.5869,1.58745,1.00,1.00
2009.11.26 08:34:32.930,1.58695,1.5875,1.00,1.00
2009.11.26 08:34:33.110,1.58695,1.58755,1.00,1.00
2009.11.26 08:34:33.740,1.58705,1.58765,1.00,2.00
2009.11.26 08:34:34.019,1.58705,1.5876,1.00,2.00
2009.11.26 08:34:34.369,1.58705,1.5876,1.00,2.00
2009.11.26 08:34:35.239,1.587,1.5876,8.10,2.00
2009.11.26 08:34:37.009,1.58705,1.5876,1.30,2.00
2009.11.26 08:34:37.828,1.58705,1.5875,1.00,1.00
2009.11.26 08:34:38.069,1.58695,1.58745,1.20,1.00
2009.11.26 08:34:38.349,1.58695,1.58745,1.00,1.00
2009.11.26 08:34:39.178,1.58695,1.5875,1.00,1.00
2009.11.26 08:34:40.488,1.58695,1.58745,1.00,1.00
2009.11.26 08:34:40.608,1.5869,1.58745,1.20,1.20
2009.11.26 08:34:40.718,1.5869,1.58745,1.00,1.20
2009.11.26 08:34:41.458,1.5869,1.5874,1.60,1.00
2009.11.26 08:34:41.817,1.5869,1.58745,2.80,1.30
2009.11.26 08:34:42.088,1.58695,1.58745,1.00,1.00
2009.11.26 08:34:42.368,1.58695,1.58745,1.60,1.00
2009.11.26 08:34:42.718,1.58695,1.58745,1.00,1.30
2009.11.26 08:34:42.947,1.58685,1.5874,1.00,2.00
2009.11.26 08:34:44.437,1.58685,1.5874,1.60,1.00
2009.11.26 08:34:44.737,1.58685,1.58745,1.60,2.00
2009.11.26 08:34:45.077,1.5868,1.5874,2.40,1.20
2009.11.26 08:34:46.446,1.58685,1.5874,1.00,1.00
2009.11.26 08:34:47.316,1.58685,1.5873,1.00,1.00
2009.11.26 08:34:47.536,1.58685,1.58735,1.00,1.00
2009.11.26 08:34:47.776,1.5868,1.58735,5.20,1.00
2009.11.26 08:34:48.006,1.58675,1.58735,8.40,1.00
2009.11.26 08:34:48.226,1.5868,1.58735,1.60,1.00
2009.11.26 08:34:48.916,1.5868,1.5873,1.00,1.00
2009.11.26 08:34:49.306,1.58675,1.58725,2.00,1.00
2009.11.26 08:34:49.656,1.58675,1.5873,1.60,1.00
2009.11.26 08:34:49.946,1.5867,1.58725,1.20,1.00
2009.11.26 08:34:50.286,1.5868,1.5873,2.40,1.60
2009.11.26 08:34:50.625,1.5868,1.58725,1.00,1.00
2009.11.26 08:34:51.026,1.5867,1.58725,2.80,1.00
2009.11.26 08:34:51.365,1.58675,1.5872,1.00,1.00
2009.11.26 08:34:52.215,1.5867,1.5872,2.40,1.00
2009.11.26 08:34:52.455,1.58675,1.5872,1.00,1.00
2009.11.26 08:34:52.805,1.5868,1.58725,1.00,1.00
2009.11.26 08:34:53.205,1.5868,1.5872,1.00,3.50
2009.11.26 08:34:53.545,1.58675,1.5872,1.00,1.00
2009.11.26 08:34:53.885,1.5867,1.5872,2.80,1.00
2009.11.26 08:34:54.225,1.58665,1.58725,1.00,2.50
2009.11.26 08:34:55.574,1.58665,1.58725,3.80,1.70
2009.11.26 08:34:55.924,1.5867,1.5872,1.00,1.00
2009.11.26 08:34:56.534,1.58665,1.5872,1.00,1.60
2009.11.26 08:34:56.884,1.5866,1.5872,2.60,1.00
2009.11.26 08:34:57.754,1.58675,1.5873,1.80,1.60
2009.11.26 08:35:01.063,1.58675,1.5873,2.00,1.60
2009.11.26 08:35:02.163,1.5868,1.5873,1.00,1.60
2009.11.26 08:35:02.343,1.58685,1.5873,1.00,1.00
2009.11.26 08:35:02.802,1.58685,1.58735,1.00,5.10
2009.11.26 08:35:07.751,1.58695,1.58735,1.00,4.00
2009.11.26 08:35:08.091,1.58695,1.58745,1.00,1.10
2009.11.26 08:35:08.391,1.58695,1.58745,1.00,1.00
2009.11.26 08:35:09.601,1.5869,1.58745,1.80,1.00
2009.11.26 08:35:09.721,1.5869,1.58745,1.00,2.00
2009.11.26 08:35:10.121,1.5869,1.5874,1.00,1.00
2009.11.26 08:35:11.331,1.58695,1.5874,1.00,1.00
2009.11.26 08:35:11.680,1.58695,1.58745,1.00,1.90
2009.11.26 08:35:12.150,1.587,1.58745,1.00,1.90
2009.11.26 08:35:13.080,1.5869,1.5874,1.30,1.00
2009.11.26 08:35:13.310,1.5869,1.5874,1.00,1.60
2009.11.26 08:35:14.670,1.58685,1.5874,1.60,2.50
2009.11.26 08:35:15.020,1.58685,1.58735,1.00,1.00
2009.11.26 08:35:15.889,1.58685,1.58735,1.00,1.00
2009.11.26 08:35:16.599,1.58685,1.58735,1.00,4.40
2009.11.26 08:35:17.009,1.58685,1.58735,1.00,5.20
2009.11.26 08:35:20.559,1.5868,1.5873,1.60,1.00
2009.11.26 08:35:21.068,1.5868,1.5872,1.00,1.00
2009.11.26 08:35:21.308,1.58665,1.58715,1.00,1.00
2009.11.26 08:35:24.607,1.58665,1.58715,1.00,1.00
2009.11.26 08:35:25.287,1.5866,1.58715,3.30,1.00
2009.11.26 08:35:28.836,1.5869,1.5871,1.60,1.00
2009.11.26 08:35:29.066,1.5868,1.58725,1.00,1.20
2009.11.26 08:35:29.296,1.587,1.5875,1.00,4.40
2009.11.26 08:35:29.516,1.58695,1.58745,1.00,1.00
2009.11.26 08:35:29.696,1.5869,1.58745,1.20,4.40
2009.11.26 08:35:30.036,1.58705,1.58765,1.20,1.00
2009.11.26 08:35:30.316,1.58705,1.58765,1.00,1.00
2009.11.26 08:35:30.606,1.587,1.58765,1.20,1.60
2009.11.26 08:35:30.946,1.58695,1.5876,2.20,1.00
2009.11.26 08:35:31.296,1.5869,1.5875,3.00,1.60
2009.11.26 08:35:31.676,1.5869,1.5875,1.60,1.60
2009.11.26 08:35:32.375,1.5869,1.5874,1.00,1.00
2009.11.26 08:35:32.715,1.5868,1.5874,1.60,1.00
2009.11.26 08:35:33.215,1.5868,1.5874,1.00,1.60
2009.11.26 08:35:35.355,1.5868,1.5874,1.00,2.40
2009.11.26 08:35:35.644,1.58685,1.5874,1.00,1.60
2009.11.26 08:35:36.204,1.58685,1.58735,1.00,1.00
2009.11.26 08:35:36.434,1.5869,1.58735,1.00,1.00
2009.11.26 08:35:37.994,1.58685,1.58735,1.00,1.60
2009.11.26 08:35:38.224,1.58685,1.5873,1.20,1.00
2009.11.26 08:35:38.444,1.58685,1.5874,1.00,1.00
2009.11.26 08:35:38.684,1.58685,1.58745,1.00,2.80
2009.11.26 08:35:38.974,1.5869,1.58745,1.00,2.00
2009.11.26 08:35:39.214,1.5869,1.5875,1.00,3.20
2009.11.26 08:35:40.773,1.58685,1.5874,1.00,1.00
2009.11.26 08:35:41.284,1.58685,1.5874,1.00,1.00
2009.11.26 08:35:41.573,1.58695,1.58745,1.00,1.00
2009.11.26 08:35:41.853,1.58695,1.5875,1.00,1.20
2009.11.26 08:35:42.433,1.587,1.58755,1.00,3.20
2009.11.26 08:35:43.123,1.587,1.58755,1.00,2.20
2009.11.26 08:35:43.483,1.587,1.58755,1.00,2.40
2009.11.26 08:35:43.762,1.58695,1.58755,2.00,3.20
2009.11.26 08:35:44.043,1.58695,1.58755,1.60,3.20
2009.11.26 08:35:44.332,1.58695,1.5874,1.60,1.00
2009.11.26 08:35:44.612,1.58685,1.5874,1.20,1.00
2009.11.26 08:35:44.792,1.58685,1.5875,1.20,1.80
2009.11.26 08:35:45.012,1.58685,1.58745,1.00,1.00
2009.11.26 08:35:45.182,1.5869,1.5875,1.00,1.60
2009.11.26 08:35:45.872,1.58685,1.5874,1.60,1.00
2009.11.26 08:35:46.842,1.5868,1.5874,2.00,1.70
2009.11.26 08:35:46.902,1.5868,1.5874,1.60,2.10
2009.11.26 08:35:47.022,1.5868,1.5874,2.00,1.70
2009.11.26 08:35:47.202,1.5868,1.5874,1.60,1.70
2009.11.26 08:35:47.602,1.58685,1.5874,1.00,1.00
2009.11.26 08:35:47.954,1.5869,1.58745,1.60,1.80
2009.11.26 08:35:48.242,1.5869,1.5875,1.60,2.00
2009.11.26 08:35:48.591,1.5869,1.5875,1.60,1.00
2009.11.26 08:35:48.932,1.58695,1.58755,1.00,4.00
2009.11.26 08:35:49.282,1.58695,1.58755,1.00,2.90
2009.11.26 08:35:49.681,1.5869,1.5875,1.60,1.20
2009.11.26 08:35:49.921,1.5869,1.58725,1.00,1.00
2009.11.26 08:35:50.191,1.5869,1.5873,1.00,1.00
2009.11.26 08:35:50.431,1.58685,1.5873,1.00,1.00
2009.11.26 08:35:50.651,1.58685,1.5873,2.00,1.00
2009.11.26 08:35:51.001,1.58685,1.5874,1.00,1.30
2009.11.26 08:35:51.401,1.5868,1.5873,1.20,1.00
2009.11.26 08:35:51.751,1.58675,1.5872,1.00,1.00
2009.11.26 08:35:52.441,1.58685,1.5874,1.00,2.80
2009.11.26 08:35:52.732,1.58685,1.5874,1.00,1.00
2009.11.26 08:35:53.021,1.5868,1.5874,2.00,1.00
2009.11.26 08:35:53.321,1.58685,1.58745,1.00,1.20
2009.11.26 08:35:53.840,1.58685,1.5874,1.00,1.00
2009.11.26 08:35:54.201,1.58685,1.5874,1.00,1.20
2009.11.26 08:35:54.560,1.5868,1.5874,1.00,2.00
2009.11.26 08:35:54.960,1.58685,1.5874,1.00,1.20
2009.11.26 08:35:55.550,1.58695,1.5874,1.00,1.00
2009.11.26 08:35:55.830,1.58695,1.58745,1.00,1.20
2009.11.26 08:35:56.120,1.58695,1.58745,1.00,1.00
2009.11.26 08:35:57.490,1.587,1.5875,1.00,1.00
2009.11.26 08:35:57.839,1.587,1.58755,1.00,2.00
2009.11.26 08:35:59.519,1.58695,1.5875,1.20,1.00
2009.11.26 08:35:59.809,1.5869,1.5875,2.80,2.80
2009.11.26 08:36:00.109,1.5869,1.58745,1.00,1.00
2009.11.26 08:36:00.379,1.58685,1.58735,1.00,1.00
2009.11.26 08:36:00.718,1.5868,1.5874,1.00,1.60
2009.11.26 08:36:01.069,1.5868,1.58735,1.00,1.00
2009.11.26 08:36:03.148,1.5868,1.5873,1.00,1.00
2009.11.26 08:36:04.118,1.5869,1.58735,1.00,1.00
2009.11.26 08:36:04.648,1.58685,1.58735,1.00,1.00
2009.11.26 08:36:04.808,1.58685,1.5874,1.00,1.00
2009.11.26 08:36:06.127,1.58695,1.58745,1.00,1.00
2009.11.26 08:36:06.918,1.587,1.58745,1.00,1.00
2009.11.26 08:36:07.027,1.587,1.5875,1.00,1.20
2009.11.26 08:36:07.387,1.587,1.5875,1.00,1.00
2009.11.26 08:36:08.597,1.58695,1.58755,1.20,2.00
2009.11.26 08:36:09.097,1.5869,1.58745,1.20,1.00
2009.11.26 08:36:09.377,1.587,1.58755,1.60,1.00
2009.11.26 08:36:09.607,1.58705,1.58755,1.00,1.00
2009.11.26 08:36:10.126,1.5871,1.5876,1.60,1.70
2009.11.26 08:36:10.416,1.58705,1.5876,1.00,1.70
2009.11.26 08:36:11.036,1.58705,1.5876,1.00,1.60
2009.11.26 08:36:11.616,1.587,1.5876,1.20,3.60
2009.11.26 08:36:11.846,1.587,1.5876,1.00,3.60
2009.11.26 08:36:12.076,1.587,1.58755,1.00,1.00
2009.11.26 08:36:12.886,1.587,1.5876,1.00,3.60
2009.11.26 08:36:13.465,1.58695,1.5875,1.60,1.00
2009.11.26 08:36:13.686,1.58695,1.5875,1.00,1.00
2009.11.26 08:36:13.975,1.587,1.5875,2.40,1.00
2009.11.26 08:36:14.436,1.587,1.5875,6.80,1.00
2009.11.26 08:36:14.605,1.58705,1.5875,1.00,1.00
2009.11.26 08:36:14.965,1.58705,1.58755,1.00,1.00
2009.11.26 08:36:16.586,1.587,1.58745,2.00,1.00
2009.11.26 08:36:16.695,1.58695,1.58745,1.00,1.00
2009.11.26 08:36:16.925,1.58695,1.5874,1.00,1.00
2009.11.26 08:36:17.105,1.58695,1.5874,1.60,1.00
2009.11.26 08:36:17.215,1.58695,1.5875,1.60,4.70
2009.11.26 08:36:17.335,1.58695,1.5875,1.60,1.50
2009.11.26 08:36:17.455,1.587,1.5875,1.00,1.20
2009.11.26 08:36:17.575,1.587,1.58755,2.40,4.00
2009.11.26 08:36:17.695,1.587,1.5875,2.40,1.00
2009.11.26 08:36:19.064,1.587,1.58755,2.40,1.00
2009.11.26 08:36:19.284,1.587,1.58755,2.50,1.00
2009.11.26 08:36:21.914,1.5872,1.58755,1.60,1.00
2009.11.26 08:36:22.133,1.5871,1.58745,1.00,1.60
2009.11.26 08:36:22.363,1.58695,1.58755,2.40,1.00
2009.11.26 08:36:23.403,1.5872,1.58765,1.60,3.50
2009.11.26 08:36:24.603,1.5873,1.58765,1.00,3.50
2009.11.26 08:36:24.933,1.58745,1.5877,1.00,1.00
2009.11.26 08:36:25.213,1.5874,1.58785,1.00,1.00
2009.11.26 08:36:25.543,1.58745,1.58785,1.00,1.00
2009.11.26 08:36:25.892,1.5874,1.58795,1.00,1.00
2009.11.26 08:36:26.233,1.5874,1.58795,1.80,1.00
2009.11.26 08:36:26.582,1.5874,1.58795,1.00,1.00
2009.11.26 08:36:26.992,1.5874,1.5878,1.00,1.00
2009.11.26 08:36:27.332,1.58755,1.5878,1.80,1.00
2009.11.26 08:36:27.693,1.58765,1.58795,1.00,1.00
2009.11.26 08:36:28.032,1.5877,1.5882,1.00,1.00
2009.11.26 08:36:28.382,1.5877,1.5883,1.00,2.20
2009.11.26 08:36:28.612,1.58765,1.58825,1.00,1.00
2009.11.26 08:36:28.832,1.58765,1.58825,5.20,1.00
2009.11.26 08:36:29.062,1.58775,1.5883,1.00,1.00
2009.11.26 08:36:29.652,1.58785,1.5884,1.00,2.20
2009.11.26 08:36:30.002,1.58795,1.5884,1.20,1.00
2009.11.26 08:36:30.352,1.58795,1.5884,1.00,1.60
2009.11.26 08:36:30.691,1.58795,1.5884,1.00,5.90
2009.11.26 08:36:31.041,1.5878,1.5884,4.00,6.70
2009.11.26 08:36:31.431,1.58795,1.58845,1.00,1.00
2009.11.26 08:36:31.551,1.5879,1.58845,1.80,1.00
2009.11.26 08:36:31.671,1.58785,1.5883,2.20,1.00
2009.11.26 08:36:31.791,1.5878,1.5883,1.30,1.00
2009.11.26 08:36:31.962,1.5878,1.5883,2.40,2.40
2009.11.26 08:36:32.181,1.58785,1.58835,1.00,1.00
2009.11.26 08:36:32.351,1.58785,1.5884,1.00,1.20
2009.11.26 08:36:32.471,1.58785,1.5884,1.60,1.00
2009.11.26 08:36:32.801,1.58785,1.58845,1.60,1.60
2009.11.26 08:36:33.491,1.5879,1.58845,1.80,1.00
2009.11.26 08:36:33.841,1.58785,1.58835,1.00,1.00
2009.11.26 08:36:34.190,1.5878,1.5883,2.00,2.40
2009.11.26 08:36:34.540,1.5878,1.58835,1.00,1.00
2009.11.26 08:36:34.761,1.58775,1.58835,1.60,1.00
2009.11.26 08:36:34.980,1.58785,1.5884,1.00,2.40
2009.11.26 08:36:35.380,1.58785,1.5884,3.60,1.00
2009.11.26 08:36:35.610,1.58775,1.5883,1.20,2.40
2009.11.26 08:36:35.970,1.58775,1.5883,2.00,2.40
2009.11.26 08:36:36.330,1.5877,1.58825,2.20,1.00
2009.11.26 08:36:36.680,1.5876,1.5881,1.00,1.00
2009.11.26 08:36:36.900,1.58755,1.5881,1.00,1.00
2009.11.26 08:36:38.320,1.5876,1.5881,1.00,1.00
2009.11.26 08:36:38.660,1.58755,1.58805,1.40,1.00
2009.11.26 08:36:39.019,1.58755,1.588,1.00,4.00
2009.11.26 08:36:39.309,1.58745,1.58795,1.00,1.00
2009.11.26 08:36:40.959,1.58755,1.58795,1.00,1.00
2009.11.26 08:36:41.299,1.58755,1.58805,1.00,1.00
2009.11.26 08:36:42.029,1.5875,1.58805,1.80,1.00
2009.11.26 08:36:42.318,1.5875,1.588,1.00,1.00
2009.11.26 08:36:43.229,1.58755,1.588,1.00,1.00
2009.11.26 08:36:43.449,1.58755,1.58805,1.00,1.00
2009.11.26 08:36:43.838,1.58765,1.58805,1.00,1.00
2009.11.26 08:36:44.018,1.58765,1.5882,1.00,1.00
2009.11.26 08:36:44.418,1.5876,1.5882,1.00,1.60
2009.11.26 08:36:44.768,1.58755,1.58805,1.40,1.00
2009.11.26 08:36:45.128,1.5876,1.58815,1.00,1.00
2009.11.26 08:36:45.638,1.58755,1.58815,1.20,1.00
2009.11.26 08:36:46.038,1.5876,1.58815,1.00,1.00
2009.11.26 08:36:47.657,1.5877,1.58815,1.00,1.00
2009.11.26 08:36:47.927,1.5877,1.58825,1.00,1.00
2009.11.26 08:36:49.427,1.5877,1.5883,1.00,1.60
2009.11.26 08:36:49.947,1.58765,1.58815,1.00,1.00
2009.11.26 08:36:50.177,1.58765,1.58825,1.60,3.00
2009.11.26 08:36:50.517,1.58765,1.58825,1.60,1.00
2009.11.26 08:36:50.866,1.5877,1.5883,1.60,1.60
2009.11.26 08:36:51.196,1.5878,1.58835,1.00,1.00
2009.11.26 08:36:51.596,1.5878,1.5884,1.60,1.60
2009.11.26 08:36:51.946,1.58795,1.5885,1.00,1.00
2009.11.26 08:36:52.296,1.5879,1.5884,1.00,1.00
2009.11.26 08:36:52.636,1.58785,1.5884,1.00,1.00
2009.11.26 08:36:53.626,1.58795,1.58845,1.00,2.20
2009.11.26 08:36:53.798,1.5879,1.58845,1.60,1.00
2009.11.26 08:36:53.966,1.5879,1.5885,1.60,1.00
2009.11.26 08:36:54.316,1.58795,1.58855,1.00,2.00
2009.11.26 08:36:54.665,1.58805,1.5886,1.00,1.60
2009.11.26 08:36:54.996,1.58805,1.5886,1.00,1.20
2009.11.26 08:36:55.345,1.58795,1.58855,1.00,1.60
2009.11.26 08:36:55.905,1.5879,1.5884,1.00,1.00
2009.11.26 08:36:56.195,1.5878,1.58825,1.00,1.20
2009.11.26 08:36:56.465,1.5877,1.58825,1.60,1.20
2009.11.26 08:36:57.825,1.58765,1.58815,1.80,1.00
2009.11.26 08:36:58.275,1.58755,1.5881,3.00,1.00
2009.11.26 08:36:58.615,1.5877,1.5881,1.00,1.00
2009.11.26 08:36:59.284,1.5878,1.5882,1.00,1.00
2009.11.26 08:36:59.634,1.58775,1.5883,1.00,1.20
2009.11.26 08:37:00.154,1.5878,1.5883,1.00,1.20
2009.11.26 08:37:00.664,1.58775,1.5883,1.20,1.00
2009.11.26 08:37:00.894,1.58775,1.5883,1.00,1.20
2009.11.26 08:37:01.924,1.5878,1.58835,1.00,1.20
2009.11.26 08:37:02.434,1.58785,1.5883,1.00,1.00
2009.11.26 08:37:02.724,1.58785,1.58835,1.00,1.00
2009.11.26 08:37:03.013,1.58785,1.5884,1.00,1.20
2009.11.26 08:37:03.704,1.58785,1.58835,1.00,1.00
2009.11.26 08:37:04.543,1.58835,1.5884,1.00,1.00
2009.11.26 08:37:04.833,1.58835,1.58855,1.20,8.00
2009.11.26 08:37:05.163,1.5883,1.58895,1.00,1.20
2009.11.26 08:37:05.493,1.58805,1.58885,1.60,1.00
2009.11.26 08:37:05.843,1.5883,1.5888,1.00,1.00
2009.11.26 08:37:06.193,1.58835,1.5887,1.00,1.00
2009.11.26 08:37:06.543,1.5886,1.58875,1.00,1.00
2009.11.26 08:37:06.913,1.5886,1.5891,1.00,1.00
2009.11.26 08:37:07.243,1.58845,1.5891,1.00,1.00
2009.11.26 08:37:08.472,1.5884,1.58885,1.20,1.00
2009.11.26 08:37:08.922,1.58855,1.58885,1.00,1.20
2009.11.26 08:37:09.142,1.5885,1.5888,1.00,1.00
2009.11.26 08:37:09.432,1.58835,1.5888,4.00,1.00
2009.11.26 08:37:09.772,1.58835,1.5887,4.00,1.00
2009.11.26 08:37:10.112,1.5882,1.5887,1.00,1.00
2009.11.26 08:37:10.452,1.58815,1.5887,1.60,1.00
2009.11.26 08:37:11.861,1.58815,1.5887,1.60,1.00
2009.11.26 08:37:12.571,1.58815,1.5887,1.60,1.00
2009.11.26 08:37:12.791,1.5883,1.5887,1.00,1.00
2009.11.26 08:37:12.961,1.5884,1.58875,1.00,2.00
2009.11.26 08:37:13.201,1.5884,1.58875,1.00,1.00
2009.11.26 08:37:13.431,1.5884,1.58885,1.00,1.00
2009.11.26 08:37:13.841,1.5884,1.58885,1.00,1.20
2009.11.26 08:37:14.361,1.58835,1.5888,1.00,3.50
2009.11.26 08:37:14.481,1.5883,1.58875,4.00,1.00
2009.11.26 08:37:14.761,1.58825,1.58875,7.60,1.00
2009.11.26 08:37:16.380,1.58825,1.58875,11.60,1.00
2009.11.26 08:37:17.450,1.58845,1.5888,2.40,1.00
2009.11.26 08:37:17.720,1.5884,1.5888,1.00,5.50
2009.11.26 08:37:18.060,1.58825,1.58875,1.00,1.00
2009.11.26 08:37:18.740,1.5883,1.58875,1.00,1.00
2009.11.26 08:37:19.609,1.5884,1.58875,1.00,1.00
2009.11.26 08:37:20.309,1.58835,1.58875,2.40,1.00
2009.11.26 08:37:20.779,1.58845,1.58885,1.00,1.30
2009.11.26 08:37:20.949,1.58835,1.5887,1.00,1.00
2009.11.26 08:37:21.299,1.58825,1.5886,1.00,1.00
2009.11.26 08:37:21.649,1.5881,1.5886,2.00,1.00
2009.11.26 08:37:21.999,1.5881,1.5886,1.20,1.00
2009.11.26 08:37:22.399,1.5881,1.5886,1.00,1.00
2009.11.26 08:37:23.259,1.58825,1.58865,2.40,1.00
2009.11.26 08:37:23.499,1.5883,1.5889,1.00,1.00
2009.11.26 08:37:25.439,1.5885,1.58885,1.00,1.00
2009.11.26 08:37:25.738,1.58845,1.5887,1.00,1.00
2009.11.26 08:37:26.018,1.5882,1.5886,1.00,1.00
2009.11.26 08:37:26.308,1.5881,1.5886,1.00,1.00
2009.11.26 08:37:26.888,1.588,1.58855,1.60,1.00
2009.11.26 08:37:27.218,1.58805,1.5885,2.40,1.00
2009.11.26 08:37:27.498,1.58805,1.5885,1.60,1.00
2009.11.26 08:37:28.667,1.58805,1.58855,2.40,1.00
2009.11.26 08:37:28.777,1.58805,1.5886,4.20,1.00
2009.11.26 08:37:29.657,1.5881,1.5886,1.60,1.00
2009.11.26 08:37:29.987,1.58815,1.5886,1.60,4.40
2009.11.26 08:37:30.627,1.58815,1.5886,1.60,4.70
2009.11.26 08:37:30.917,1.58805,1.58845,1.00,1.00
2009.11.26 08:37:31.207,1.5879,1.58845,1.80,1.00
2009.11.26 08:37:31.727,1.58795,1.58845,1.00,1.00
2009.11.26 08:37:32.466,1.588,1.5884,1.00,1.00
2009.11.26 08:37:32.756,1.58805,1.58845,1.00,1.00
2009.11.26 08:37:33.117,1.588,1.58845,1.00,1.00
2009.11.26 08:37:33.466,1.588,1.58845,2.60,1.00
2009.11.26 08:37:33.816,1.5881,1.5885,1.00,1.00
2009.11.26 08:37:34.166,1.5881,1.58855,1.00,1.00
2009.11.26 08:37:34.506,1.5881,1.58855,1.00,1.00
2009.11.26 08:37:34.906,1.588,1.5885,5.50,1.00
2009.11.26 08:37:35.076,1.58805,1.58855,1.00,1.00
2009.11.26 08:37:35.716,1.588,1.5884,1.60,1.00
2009.11.26 08:37:35.946,1.5879,1.5884,1.60,1.00
2009.11.26 08:37:36.286,1.58795,1.58845,1.80,1.00
2009.11.26 08:37:36.676,1.58795,1.5884,1.00,1.00
2009.11.26 08:37:37.036,1.58795,1.5884,1.80,1.00
2009.11.26 08:37:37.335,1.5879,1.58825,1.60,1.00
2009.11.26 08:37:37.675,1.58795,1.5885,1.80,2.00
2009.11.26 08:37:38.295,1.58795,1.58845,1.00,1.20
2009.11.26 08:37:38.525,1.5879,1.58845,1.00,1.00
2009.11.26 08:37:38.705,1.58795,1.5884,1.80,1.00
2009.11.26 08:37:38.935,1.58795,1.58845,2.20,1.00
2009.11.26 08:37:39.165,1.588,1.58845,1.80,1.20
2009.11.26 08:37:39.505,1.588,1.5885,1.00,1.20
2009.11.26 08:37:39.865,1.5879,1.58845,1.80,1.00
2009.11.26 08:37:40.424,1.5879,1.58845,1.00,1.00
2009.11.26 08:37:40.815,1.5879,1.58845,1.00,1.20
2009.11.26 08:37:41.164,1.58785,1.5884,1.00,1.30
2009.11.26 08:37:41.404,1.58785,1.5883,1.00,1.00
2009.11.26 08:37:41.704,1.58785,1.58835,2.40,1.20
2009.11.26 08:37:41.924,1.58785,1.58835,2.40,1.00
2009.11.26 08:37:42.204,1.58785,1.5882,1.60,1.00
2009.11.26 08:37:42.554,1.5877,1.588,4.00,1.00
2009.11.26 08:37:42.894,1.5874,1.58755,12.00,1.00
2009.11.26 08:37:43.254,1.58705,1.58755,1.00,1.00
2009.11.26 08:37:43.434,1.58715,1.5876,1.00,1.00
2009.11.26 08:37:43.674,1.5872,1.58775,1.00,1.00
2009.11.26 08:37:43.834,1.58695,1.58775,1.00,1.00
2009.11.26 08:37:44.234,1.5871,1.58765,1.00,1.00
2009.11.26 08:37:44.414,1.58725,1.58775,1.00,1.00
2009.11.26 08:37:44.764,1.58735,1.58775,1.00,1.00
2009.11.26 08:37:45.093,1.58735,1.588,1.00,1.00
2009.11.26 08:37:45.473,1.5873,1.5879,1.40,1.00
2009.11.26 08:37:45.923,1.58735,1.58795,1.00,1.00
2009.11.26 08:37:46.273,1.58745,1.5879,1.60,1.70
2009.11.26 08:37:46.603,1.58745,1.5879,1.60,3.50
2009.11.26 08:37:46.953,1.58745,1.58795,1.60,4.30
2009.11.26 08:37:47.293,1.58745,1.5879,1.60,2.00
2009.11.26 08:37:47.983,1.58735,1.58775,1.20,1.00
2009.11.26 08:37:48.333,1.58745,1.5878,1.60,1.00
2009.11.26 08:37:48.673,1.5873,1.5879,7.60,3.20
2009.11.26 08:37:48.912,1.5873,1.5879,4.40,6.40
2009.11.26 08:37:49.192,1.58735,1.5878,1.00,1.00
2009.11.26 08:37:49.483,1.58735,1.58775,1.00,1.00
2009.11.26 08:37:49.712,1.58735,1.58775,1.00,1.60
2009.11.26 08:37:49.952,1.5872,1.58775,1.00,1.00
2009.11.26 08:37:50.192,1.5871,1.5877,3.00,1.00
2009.11.26 08:37:50.432,1.58715,1.58775,1.80,1.60
2009.11.26 08:37:50.782,1.58725,1.58775,1.20,1.00
2009.11.26 08:37:51.172,1.5872,1.5877,3.00,1.00
2009.11.26 08:37:51.512,1.58715,1.5877,1.20,1.00
2009.11.26 08:37:51.812,1.58715,1.5877,1.80,1.00
2009.11.26 08:37:52.332,1.58725,1.5878,1.00,1.30
2009.11.26 08:37:52.622,1.58725,1.5878,1.00,1.00
2009.11.26 08:37:52.972,1.58725,1.5878,1.00,1.00
2009.11.26 08:37:53.202,1.58725,1.5878,1.00,1.00
2009.11.26 08:37:55.101,1.58725,1.5878,1.00,1.00
2009.11.26 08:37:55.211,1.5872,1.58775,3.80,1.00
2009.11.26 08:37:55.321,1.5872,1.58775,1.80,1.00
2009.11.26 08:37:55.421,1.58715,1.58775,3.00,1.60
2009.11.26 08:37:55.661,1.58715,1.5877,3.00,1.00
2009.11.26 08:37:55.721,1.58715,1.5877,1.80,1.00
2009.11.26 08:37:56.121,1.5872,1.58775,1.00,1.00
2009.11.26 08:37:56.421,1.5872,1.58775,2.40,1.00
2009.11.26 08:37:57.180,1.5872,1.5877,2.40,1.00
2009.11.26 08:37:57.300,1.5872,1.5877,1.60,1.00
2009.11.26 08:37:57.421,1.58715,1.5877,4.00,1.00
2009.11.26 08:37:57.530,1.5871,1.5877,3.00,1.00
2009.11.26 08:37:57.640,1.5872,1.5877,1.00,1.00
2009.11.26 08:37:57.760,1.5872,1.58775,1.00,1.00
2009.11.26 08:37:57.880,1.5872,1.58775,1.00,1.00
2009.11.26 08:37:58.230,1.5872,1.58775,2.40,1.00
2009.11.26 08:37:58.520,1.58715,1.5877,2.20,1.00
2009.11.26 08:37:58.812,1.5872,1.58765,1.00,1.10
2009.11.26 08:37:59.150,1.58705,1.58765,9.10,7.20
2009.11.26 08:37:59.440,1.58705,1.5876,3.60,1.60
2009.11.26 08:37:59.940,1.58705,1.5876,3.60,4.30
2009.11.26 08:38:01.039,1.58705,1.58755,2.80,1.00
2009.11.26 08:38:01.329,1.58705,1.58755,2.80,2.00
2009.11.26 08:38:01.619,1.5872,1.58755,1.60,1.00
2009.11.26 08:38:01.919,1.5871,1.58765,1.00,6.80
2009.11.26 08:38:02.199,1.58705,1.5876,1.20,1.00
2009.11.26 08:38:02.559,1.58705,1.58755,1.00,1.00
2009.11.26 08:38:02.949,1.587,1.58755,1.00,2.00
2009.11.26 08:38:03.299,1.58705,1.5876,1.00,4.40
2009.11.26 08:38:03.459,1.587,1.58755,1.00,1.00
2009.11.26 08:38:03.849,1.58695,1.58745,1.60,5.60
2009.11.26 08:38:04.019,1.58695,1.5873,1.00,1.00
2009.11.26 08:38:04.249,1.5869,1.5873,1.20,1.00
2009.11.26 08:38:04.419,1.5869,1.58735,1.00,1.00
2009.11.26 08:38:04.769,1.58685,1.5872,1.00,1.00
2009.11.26 08:38:05.129,1.5868,1.5872,1.00,1.00
2009.11.26 08:38:05.478,1.5868,1.58715,1.60,1.00
2009.11.26 08:38:05.879,1.5868,1.58715,2.40,1.00
2009.11.26 08:38:06.219,1.5868,1.5872,1.60,1.00
2009.11.26 08:38:06.568,1.5868,1.58725,3.60,4.00
2009.11.26 08:38:06.908,1.58695,1.58725,4.80,1.00
2009.11.26 08:38:07.258,1.587,1.5874,1.00,1.00
2009.11.26 08:38:07.618,1.58695,1.58745,1.80,1.20
2009.11.26 08:38:08.018,1.58695,1.5874,1.00,1.00
2009.11.26 08:38:08.348,1.587,1.58745,2.80,1.00
2009.11.26 08:38:08.838,1.5871,1.58745,1.00,1.00
2009.11.26 08:38:09.179,1.5871,1.58745,4.70,1.00
2009.11.26 08:38:09.408,1.58705,1.58745,8.40,1.00
2009.11.26 08:38:09.638,1.58715,1.58755,1.00,1.00
2009.11.26 08:38:09.878,1.58715,1.5877,2.10,1.20
2009.11.26 08:38:10.207,1.5872,1.58775,1.20,4.00
2009.11.26 08:38:10.547,1.58715,1.5877,2.20,1.30
2009.11.26 08:38:10.947,1.5872,1.58765,1.00,1.00
2009.11.26 08:38:11.297,1.58715,1.58765,1.00,1.00
2009.11.26 08:38:11.647,1.58715,1.5877,1.00,4.80
2009.11.26 08:38:11.977,1.58725,1.5877,1.60,4.30
2009.11.26 08:38:12.207,1.58725,1.58775,2.40,4.70
2009.11.26 08:38:12.437,1.58725,1.58775,2.40,4.30
2009.11.26 08:38:12.667,1.58735,1.58775,1.60,4.30
2009.11.26 08:38:12.897,1.58735,1.58775,1.70,3.50
2009.11.26 08:38:13.247,1.58725,1.5876,1.00,1.60
2009.11.26 08:38:13.597,1.58715,1.5876,7.00,1.60
2009.11.26 08:38:13.947,1.58715,1.5876,6.40,1.60
2009.11.26 08:38:14.297,1.58725,1.58765,1.60,3.90
2009.11.26 08:38:14.597,1.58725,1.58765,1.00,1.00
2009.11.26 08:38:14.947,1.5873,1.5879,1.00,1.60
2009.11.26 08:38:15.296,1.5873,1.5879,1.20,1.00
2009.11.26 08:38:15.646,1.5873,1.5879,1.00,1.00
2009.11.26 08:38:17.036,1.5873,1.5879,1.00,1.60
2009.11.26 08:38:17.726,1.58735,1.5879,1.00,1.00
2009.11.26 08:38:18.246,1.5874,1.5879,1.00,1.00
2009.11.26 08:38:18.776,1.58745,1.5879,1.00,1.00
2009.11.26 08:38:18.946,1.5875,1.5879,1.00,1.00
2009.11.26 08:38:19.125,1.5875,1.58795,1.00,1.00
2009.11.26 08:38:19.295,1.58745,1.58795,1.20,1.00
2009.11.26 08:38:19.635,1.58735,1.58795,1.00,1.60
2009.11.26 08:38:20.035,1.58735,1.58795,1.60,1.00
2009.11.26 08:38:20.385,1.58735,1.58795,1.00,1.60
2009.11.26 08:38:20.675,1.58735,1.58795,1.60,1.60
2009.11.26 08:38:21.265,1.58735,1.58795,1.00,1.60
2009.11.26 08:38:22.284,1.58735,1.58795,1.20,1.60
2009.11.26 08:38:22.744,1.58735,1.5879,1.00,1.00
2009.11.26 08:38:23.984,1.58735,1.5879,5.60,1.00
2009.11.26 08:38:24.145,1.5874,1.58795,1.00,1.00
2009.11.26 08:38:26.923,1.58735,1.58795,1.20,1.60
2009.11.26 08:38:27.153,1.58745,1.58795,1.00,1.00
2009.11.26 08:38:27.383,1.58735,1.58795,2.20,1.60
2009.11.26 08:38:27.613,1.58735,1.58795,1.20,1.60
2009.11.26 08:38:27.993,1.58735,1.58795,1.00,1.60
2009.11.26 08:38:28.333,1.58735,1.5879,1.00,1.00
2009.11.26 08:38:29.033,1.58735,1.5879,1.00,1.00
2009.11.26 08:38:29.213,1.58755,1.58795,1.00,1.00
2009.11.26 08:38:29.393,1.58755,1.5882,1.00,9.20
2009.11.26 08:38:29.563,1.58765,1.5882,1.00,1.00
2009.11.26 08:38:30.133,1.5877,1.5883,1.00,1.00
2009.11.26 08:38:30.473,1.58755,1.5882,2.00,1.00
2009.11.26 08:38:30.823,1.58755,1.5882,1.20,1.60
2009.11.26 08:38:31.172,1.58755,1.5882,1.00,1.60
2009.11.26 08:38:31.512,1.5878,1.5882,1.00,1.60
2009.11.26 08:38:31.912,1.58775,1.5882,1.00,1.60
2009.11.26 08:38:32.072,1.58775,1.5882,1.00,1.60
2009.11.26 08:38:32.242,1.5877,1.5882,1.00,1.00
2009.11.26 08:38:32.662,1.58765,1.5882,1.00,1.00
2009.11.26 08:38:33.102,1.58765,1.58825,1.00,2.00
2009.11.26 08:38:33.952,1.58765,1.5882,1.00,1.00
2009.11.26 08:38:35.012,1.5878,1.5882,1.00,1.00
2009.11.26 08:38:35.131,1.5878,1.58825,1.00,1.00
2009.11.26 08:38:35.421,1.5878,1.5883,1.00,1.00
2009.11.26 08:38:36.151,1.5878,1.58835,1.00,1.00
2009.11.26 08:38:36.831,1.5878,1.58835,1.60,1.00
2009.11.26 08:38:37.111,1.588,1.5884,1.00,1.00
2009.11.26 08:38:37.621,1.588,1.5885,1.00,1.00
2009.11.26 08:38:37.891,1.5879,1.5885,1.00,1.00
2009.11.26 08:38:38.231,1.58795,1.5885,1.00,1.20
2009.11.26 08:38:39.150,1.58795,1.5885,1.00,1.30
2009.11.26 08:38:40.360,1.58795,1.58845,1.00,1.00
2009.11.26 08:38:40.590,1.5879,1.58835,1.00,1.00
2009.11.26 08:38:40.870,1.5878,1.58835,1.00,1.00
2009.11.26 08:38:41.150,1.58795,1.58845,1.20,1.30
2009.11.26 08:38:41.490,1.5881,1.5885,1.60,3.90
2009.11.26 08:38:41.790,1.5881,1.5886,2.40,1.00
2009.11.26 08:38:42.350,1.5881,1.5887,2.40,4.30
2009.11.26 08:38:42.689,1.58835,1.5887,1.00,4.30
2009.11.26 08:38:43.080,1.58845,1.5888,1.60,1.00
2009.11.26 08:38:43.419,1.58835,1.58875,1.00,1.60
2009.11.26 08:38:43.589,1.5881,1.5887,1.80,1.00
2009.11.26 08:38:43.769,1.5881,1.5886,1.00,1.00
2009.11.26 08:38:43.940,1.58805,1.58855,1.80,1.00
2009.11.26 08:38:45.919,1.58805,1.58855,1.00,1.00
2009.11.26 08:38:46.428,1.58805,1.5885,1.00,1.00
2009.11.26 08:38:48.308,1.5882,1.5886,2.40,1.00
2009.11.26 08:38:48.418,1.5882,1.58865,2.40,3.50
2009.11.26 08:38:48.828,1.5882,1.58865,2.40,3.60
2009.11.26 08:38:48.948,1.5882,1.58865,2.40,3.50
2009.11.26 08:38:49.818,1.5883,1.5886,1.60,1.00
2009.11.26 08:38:50.158,1.58805,1.5886,1.00,1.00
2009.11.26 08:38:50.518,1.588,1.58855,1.80,1.00
2009.11.26 08:38:50.847,1.588,1.58855,1.00,1.00
2009.11.26 08:38:51.198,1.58805,1.58855,1.00,1.00
2009.11.26 08:38:51.547,1.588,1.5885,2.40,1.00
2009.11.26 08:38:52.118,1.588,1.5885,1.00,1.00
2009.11.26 08:38:52.457,1.588,1.58845,1.00,1.00
2009.11.26 08:38:52.807,1.58805,1.58845,1.00,1.00
2009.11.26 08:38:53.087,1.58805,1.5885,2.40,1.00
2009.11.26 08:38:53.897,1.58805,1.58855,2.40,1.00
2009.11.26 08:38:54.427,1.58805,1.58855,1.60,1.00
2009.11.26 08:38:54.607,1.58805,1.5885,1.60,1.00
2009.11.26 08:38:54.947,1.588,1.5885,1.00,1.00
2009.11.26 08:38:55.306,1.588,1.58845,1.00,1.00
2009.11.26 08:38:55.656,1.588,1.5885,1.00,1.00
2009.11.26 08:38:56.356,1.588,1.5885,1.00,1.00
2009.11.26 08:38:56.706,1.588,1.5885,1.00,1.00
2009.11.26 08:38:56.886,1.588,1.58845,1.00,1.00
2009.11.26 08:38:57.126,1.58795,1.58845,1.00,1.00
2009.11.26 08:38:57.816,1.58795,1.5884,1.00,1.00
2009.11.26 08:38:58.166,1.588,1.5884,1.00,1.00
2009.11.26 08:38:58.506,1.588,1.58845,1.00,1.00
2009.11.26 08:39:01.645,1.5879,1.5884,1.00,1.00
2009.11.26 08:39:01.985,1.58795,1.58835,1.00,1.00
2009.11.26 08:39:02.575,1.58795,1.58845,1.00,1.00
2009.11.26 08:39:02.805,1.58795,1.5884,1.00,1.00
2009.11.26 08:39:02.975,1.58795,1.58845,1.00,1.00
2009.11.26 08:39:03.664,1.58795,1.58845,2.00,1.00
2009.11.26 08:39:04.335,1.58795,1.58845,2.80,1.00
2009.11.26 08:39:04.624,1.588,1.58845,2.40,1.00
2009.11.26 08:39:04.975,1.58805,1.58845,1.00,1.00
2009.11.26 08:39:05.324,1.5881,1.58855,1.00,1.00
2009.11.26 08:39:05.604,1.58815,1.58855,1.00,1.00
2009.11.26 08:39:05.944,1.58815,1.5886,1.00,1.20
2009.11.26 08:39:06.224,1.5881,1.58855,1.20,1.00
2009.11.26 08:39:06.574,1.5881,1.58855,1.00,1.00
2009.11.26 08:39:07.264,1.58805,1.58855,1.00,1.00
2009.11.26 08:39:09.603,1.588,1.58855,1.00,1.00
2009.11.26 08:39:09.953,1.588,1.5885,1.00,1.00
2009.11.26 08:39:10.643,1.588,1.58845,1.00,1.00
2009.11.26 08:39:12.942,1.588,1.58845,2.40,1.00
2009.11.26 08:39:14.732,1.588,1.58845,1.60,1.00
2009.11.26 08:39:15.122,1.58795,1.58845,1.00,1.00
2009.11.26 08:39:15.802,1.58795,1.58845,1.00,1.00
2009.11.26 08:39:16.151,1.58795,1.58845,1.00,1.00
2009.11.26 08:39:17.231,1.5879,1.5883,6.30,1.60
2009.11.26 08:39:17.521,1.5879,1.5883,5.50,1.60
2009.11.26 08:39:17.691,1.58795,1.58845,1.00,1.00
2009.11.26 08:39:17.861,1.58795,1.5885,1.00,4.00
2009.11.26 08:39:18.201,1.58795,1.58845,1.00,1.60
2009.11.26 08:39:19.981,1.58795,1.5884,1.00,1.00
2009.11.26 08:39:20.151,1.5879,1.5884,3.80,1.20
2009.11.26 08:39:20.271,1.5879,1.5884,2.00,1.20
2009.11.26 08:39:20.436,1.58795,1.5884,1.00,1.20
2009.11.26 08:39:20.780,1.58795,1.5884,1.00,1.00
2009.11.26 08:39:21.070,1.58795,1.58845,1.00,1.00
2009.11.26 08:39:21.400,1.588,1.58845,1.00,1.00
2009.11.26 08:39:22.100,1.58795,1.58845,2.00,1.00
2009.11.26 08:39:22.450,1.58795,1.5884,1.00,1.00
2009.11.26 08:39:25.139,1.5879,1.5884,2.00,1.50
2009.11.26 08:39:25.489,1.58785,1.5883,6.00,1.60
2009.11.26 08:39:25.779,1.58785,1.58835,6.00,2.00
2009.11.26 08:39:26.119,1.58785,1.58835,6.00,2.30
2009.11.26 08:39:26.739,1.58785,1.58835,6.80,2.30
2009.11.26 08:39:27.089,1.5879,1.58835,1.60,1.00
2009.11.26 08:39:27.659,1.5879,1.5884,1.60,6.00
2009.11.26 08:39:28.249,1.5879,1.5884,1.60,6.00
2009.11.26 08:39:28.829,1.5879,1.58835,1.60,1.00
2009.11.26 08:39:28.949,1.58785,1.5883,4.40,1.00
2009.11.26 08:39:29.418,1.5878,1.5883,5.20,1.00
2009.11.26 08:39:29.708,1.58785,1.58835,1.60,3.10
2009.11.26 08:39:29.988,1.5878,1.5883,1.00,1.20
2009.11.26 08:39:30.258,1.58775,1.58825,1.00,1.00
2009.11.26 08:39:32.238,1.58775,1.58825,1.00,1.00
2009.11.26 08:39:33.508,1.5879,1.5883,1.60,1.00
2009.11.26 08:39:33.797,1.5879,1.58835,1.60,3.50
2009.11.26 08:39:35.678,1.5879,1.58835,1.60,3.20
2009.11.26 08:39:35.917,1.5879,1.5884,2.40,1.00
2009.11.26 08:39:36.157,1.5879,1.58845,2.40,4.70
2009.11.26 08:39:37.237,1.5879,1.58845,2.40,4.80
2009.11.26 08:39:37.886,1.5879,1.58845,2.40,5.20
2009.11.26 08:39:38.186,1.5879,1.58845,2.40,4.80
2009.11.26 08:39:38.936,1.5879,1.58845,2.40,4.80
2009.11.26 08:39:39.056,1.5879,1.58845,1.60,5.60
2009.11.26 08:39:39.166,1.58785,1.5884,7.60,1.00
2009.11.26 08:39:39.276,1.58785,1.5884,2.10,1.20
2009.11.26 08:39:39.506,1.58785,1.5884,1.60,1.20
2009.11.26 08:39:40.735,1.58785,1.58835,1.60,1.20
2009.11.26 08:39:42.365,1.58785,1.58835,1.60,1.00
2009.11.26 08:39:42.755,1.58785,1.5884,1.60,1.00
2009.11.26 08:39:42.815,1.58785,1.5883,2.00,1.00
2009.11.26 08:39:43.055,1.58785,1.5883,1.20,1.00
2009.11.26 08:39:45.244,1.5878,1.5883,5.20,1.00
2009.11.26 08:39:46.084,1.5878,1.5883,2.00,1.00
2009.11.26 08:39:50.253,1.5878,1.5883,1.00,1.00
2009.11.26 08:39:50.484,1.5877,1.5883,2.00,1.00
2009.11.26 08:39:50.923,1.5877,1.5883,1.60,1.70
2009.11.26 08:39:53.892,1.5877,1.58825,1.60,1.00
2009.11.26 08:39:55.072,1.5877,1.58825,1.00,1.00
2009.11.26 08:39:55.692,1.5877,1.58825,1.00,1.00
2009.11.26 08:39:56.022,1.5877,1.58825,1.00,1.00
2009.11.26 08:39:56.372,1.5877,1.58825,2.20,1.00
2009.11.26 08:39:56.712,1.58775,1.5883,2.20,1.20
2009.11.26 08:39:57.062,1.58775,1.58825,1.00,1.20
2009.11.26 08:39:57.402,1.58785,1.5883,1.00,1.00
2009.11.26 08:39:59.901,1.58785,1.58835,1.00,1.00
2009.11.26 08:40:00.711,1.5879,1.58835,1.00,1.00
2009.11.26 08:40:00.951,1.58785,1.58835,2.20,1.00
2009.11.26 08:40:01.171,1.58785,1.58835,1.00,1.00
2009.11.26 08:40:01.511,1.58785,1.5884,1.80,1.20
2009.11.26 08:40:01.861,1.58785,1.58845,1.80,2.40
2009.11.26 08:40:02.600,1.58785,1.5884,1.80,1.00
2009.11.26 08:40:02.900,1.5879,1.5884,1.00,1.00
2009.11.26 08:40:03.690,1.5879,1.5884,1.00,1.20
2009.11.26 08:40:03.870,1.5879,1.58835,1.00,1.00
2009.11.26 08:40:11.248,1.58785,1.58835,2.20,1.00
2009.11.26 08:40:11.418,1.58785,1.58835,1.00,1.20
2009.11.26 08:40:11.918,1.58785,1.5883,1.00,1.00
2009.11.26 08:40:16.587,1.5879,1.5883,1.00,1.00
2009.11.26 08:40:16.887,1.5879,1.58835,1.00,1.00
2009.11.26 08:40:17.537,1.58785,1.5883,1.00,1.00
2009.11.26 08:40:19.077,1.5878,1.5883,2.20,1.00
2009.11.26 08:40:19.316,1.5878,1.58825,1.00,1.00
2009.11.26 08:40:21.506,1.58785,1.58825,1.00,1.00
2009.11.26 08:40:21.626,1.58785,1.5883,1.00,1.20
2009.11.26 08:40:21.796,1.58785,1.58835,1.00,1.70
2009.11.26 08:40:25.645,1.5878,1.5883,1.80,1.00
2009.11.26 08:40:25.755,1.58775,1.5883,1.60,1.00
2009.11.26 08:40:25.935,1.58775,1.5883,1.00,1.20
2009.11.26 08:40:26.315,1.58775,1.58825,1.00,1.00
2009.11.26 08:40:31.804,1.5877,1.5882,1.00,1.00
2009.11.26 08:40:32.933,1.58775,1.5882,1.00,1.00
2009.11.26 08:40:33.403,1.58785,1.5883,1.00,1.20
2009.11.26 08:40:33.863,1.58775,1.5883,2.60,1.20
2009.11.26 08:40:34.043,1.58775,1.58815,1.00,1.00
2009.11.26 08:40:34.273,1.58775,1.58815,1.00,1.60
2009.11.26 08:40:34.433,1.58765,1.58805,1.00,1.30
2009.11.26 08:40:34.663,1.58765,1.58795,1.00,1.00
2009.11.26 08:40:35.013,1.5872,1.58785,1.00,1.20
2009.11.26 08:40:35.352,1.58715,1.58775,1.80,1.20
2009.11.26 08:40:35.682,1.5872,1.5878,1.00,1.20
2009.11.26 08:40:36.772,1.58725,1.5878,1.20,1.00
2009.11.26 08:40:37.292,1.58725,1.58775,1.00,1.00
2009.11.26 08:40:38.372,1.5873,1.58775,1.00,1.00
2009.11.26 08:40:38.592,1.5873,1.5878,1.80,1.20
2009.11.26 08:40:38.822,1.58735,1.5878,1.00,1.20
2009.11.26 08:40:39.052,1.58735,1.5878,1.80,1.00
2009.11.26 08:40:39.322,1.58735,1.58785,1.80,1.20
2009.11.26 08:40:40.232,1.58735,1.58785,1.00,1.20
2009.11.26 08:40:40.401,1.5873,1.58785,2.60,1.20
2009.11.26 08:40:42.191,1.5873,1.58785,1.80,1.20
2009.11.26 08:40:42.841,1.5873,1.5878,1.80,1.00
2009.11.26 08:40:43.131,1.5873,1.5878,1.80,1.20
2009.11.26 08:40:44.500,1.5874,1.5878,1.00,1.00
2009.11.26 08:40:44.730,1.5874,1.58785,1.00,1.20
2009.11.26 08:40:45.020,1.58735,1.58785,1.80,1.20
2009.11.26 08:40:45.430,1.58735,1.5878,1.00,1.00
2009.11.26 08:40:45.590,1.58735,1.5878,1.00,1.20
2009.11.26 08:40:46.810,1.5874,1.58765,1.60,1.00
2009.11.26 08:40:47.160,1.58725,1.58765,1.00,1.00
2009.11.26 08:40:47.559,1.5872,1.5876,1.00,1.00
2009.11.26 08:40:47.789,1.58715,1.5876,1.60,1.00
2009.11.26 08:40:52.458,1.5871,1.5876,6.20,1.00
2009.11.26 08:40:52.678,1.5873,1.58765,1.00,1.00
2009.11.26 08:40:52.918,1.58735,1.58775,1.60,1.00
2009.11.26 08:40:53.198,1.58735,1.58775,1.60,1.00
2009.11.26 08:40:57.457,1.58735,1.58775,1.60,1.00
2009.11.26 08:41:02.446,1.58745,1.5878,1.60,4.70
2009.11.26 08:41:02.606,1.58745,1.5878,1.60,3.90
2009.11.26 08:41:04.975,1.58745,1.58765,1.60,1.00
2009.11.26 08:41:05.195,1.5873,1.58765,1.00,1.00
2009.11.26 08:41:05.415,1.58715,1.58765,11.60,1.00
2009.11.26 08:41:05.655,1.58715,1.58765,2.80,1.00
2009.11.26 08:41:05.935,1.58715,1.58765,2.40,1.00
2009.11.26 08:41:06.505,1.5871,1.5875,1.00,1.00
2009.11.26 08:41:06.805,1.5871,1.58755,1.00,1.00
2009.11.26 08:41:07.155,1.5871,1.58755,1.00,1.00
2009.11.26 08:41:08.145,1.58715,1.5876,1.00,1.00
2009.11.26 08:41:08.474,1.58715,1.58765,1.00,1.00
2009.11.26 08:41:09.124,1.5871,1.58765,1.20,1.00
2009.11.26 08:41:09.344,1.5871,1.58765,1.00,1.20
2009.11.26 08:41:09.524,1.5871,1.58755,1.00,1.00
2009.11.26 08:41:10.444,1.58705,1.58755,1.00,1.00
2009.11.26 08:41:10.725,1.587,1.58745,1.20,1.00
2009.11.26 08:41:10.964,1.587,1.58745,1.00,1.00
2009.11.26 08:41:11.314,1.587,1.58745,1.00,1.20
2009.11.26 08:41:11.644,1.58715,1.58745,1.60,1.00
2009.11.26 08:41:11.934,1.58715,1.58755,1.60,1.00
2009.11.26 08:41:12.574,1.58705,1.58755,1.20,1.50
2009.11.26 08:41:12.923,1.5871,1.5875,1.00,1.00
2009.11.26 08:41:13.213,1.58705,1.58745,2.40,1.00
2009.11.26 08:41:14.213,1.58705,1.58745,2.40,1.00
2009.11.26 08:41:16.753,1.58705,1.58745,2.80,1.00
2009.11.26 08:41:17.152,1.5871,1.58755,1.00,4.70
2009.11.26 08:41:17.752,1.58715,1.58755,1.00,1.20
2009.11.26 08:41:17.912,1.5872,1.58765,2.40,4.70
2009.11.26 08:41:18.082,1.5872,1.58765,2.40,3.90
2009.11.26 08:41:18.552,1.58715,1.5876,2.20,1.00
2009.11.26 08:41:18.892,1.5872,1.58765,2.40,4.70
2009.11.26 08:41:19.282,1.58715,1.5876,1.00,1.00
2009.11.26 08:41:19.622,1.5871,1.58755,1.20,1.00
2009.11.26 08:41:20.302,1.58715,1.58755,1.00,1.00
2009.11.26 08:41:21.162,1.5871,1.58755,1.20,2.30
2009.11.26 08:41:21.342,1.5871,1.5875,1.00,1.00
2009.11.26 08:41:21.682,1.58715,1.5875,1.00,1.00
2009.11.26 08:41:22.201,1.58715,1.58755,1.00,4.70
2009.11.26 08:41:22.601,1.58715,1.58755,1.00,2.30
2009.11.26 08:41:22.881,1.58715,1.58755,1.00,1.20
2009.11.26 08:41:23.171,1.5871,1.58755,1.20,1.20
2009.11.26 08:41:23.511,1.5871,1.5875,1.00,1.00
2009.11.26 08:41:24.701,1.58715,1.5875,1.00,1.00
2009.11.26 08:41:24.981,1.58715,1.58755,1.00,1.00
2009.11.26 08:41:25.261,1.58715,1.58755,1.00,1.00
2009.11.26 08:41:27.720,1.5872,1.58755,1.60,1.00
2009.11.26 08:41:27.880,1.5872,1.58755,2.40,1.00
2009.11.26 08:41:30.719,1.58715,1.58755,2.80,1.00
2009.11.26 08:41:31.010,1.58715,1.58755,1.00,1.00
2009.11.26 08:41:31.249,1.5872,1.58755,2.40,1.00
2009.11.26 08:41:31.709,1.58725,1.58755,1.00,1.00
2009.11.26 08:41:32.069,1.58715,1.58755,1.00,1.00
2009.11.26 08:41:32.769,1.58715,1.58755,1.00,1.50
2009.11.26 08:41:34.138,1.5872,1.58755,2.40,1.50
2009.11.26 08:41:34.318,1.5872,1.58755,2.40,1.00
2009.11.26 08:41:34.598,1.5872,1.58755,2.40,1.00
2009.11.26 08:41:35.058,1.58725,1.58765,1.00,3.90
2009.11.26 08:41:35.378,1.58725,1.58765,1.00,1.00
2009.11.26 08:41:35.728,1.5873,1.5877,2.40,1.20
2009.11.26 08:41:36.068,1.58735,1.5877,1.00,1.00
2009.11.26 08:41:36.648,1.58735,1.58775,1.00,3.90
2009.11.26 08:41:37.398,1.5873,1.5877,2.80,1.00
2009.11.26 08:41:37.687,1.5873,1.5877,2.40,1.00
2009.11.26 08:41:38.017,1.5873,1.5877,2.40,3.90
2009.11.26 08:41:40.707,1.58735,1.5877,1.00,1.00
2009.11.26 08:41:40.927,1.58735,1.58775,1.00,3.90
2009.11.26 08:41:41.097,1.5874,1.5878,2.40,3.90
2009.11.26 08:41:43.176,1.58745,1.5878,1.00,3.90
2009.11.26 08:41:43.476,1.58745,1.58785,1.00,1.00
2009.11.26 08:41:44.746,1.5873,1.5877,1.00,1.20
2009.11.26 08:41:45.045,1.58715,1.58755,1.00,1.20
2009.11.26 08:41:45.396,1.58715,1.58745,1.00,1.00
2009.11.26 08:41:45.696,1.587,1.58745,1.00,1.20
2009.11.26 08:41:45.926,1.587,1.5874,1.00,1.00
2009.11.26 08:41:47.636,1.58705,1.5874,1.00,1.00
2009.11.26 08:41:47.865,1.58705,1.58745,1.00,1.20
2009.11.26 08:41:48.035,1.58695,1.5875,2.00,1.00
2009.11.26 08:41:48.265,1.587,1.58755,1.20,1.20
2009.11.26 08:41:48.445,1.5871,1.5875,1.00,1.00
2009.11.26 08:41:48.675,1.58705,1.5875,1.00,1.00
2009.11.26 08:41:49.015,1.58705,1.58755,1.00,1.20
2009.11.26 08:41:49.365,1.587,1.5875,1.00,1.00
2009.11.26 08:41:49.705,1.5871,1.58755,1.00,1.20
2009.11.26 08:41:51.684,1.58725,1.5876,1.00,1.00
2009.11.26 08:41:51.914,1.5872,1.58765,1.00,1.20
2009.11.26 08:41:52.204,1.5873,1.5877,1.00,1.60
2009.11.26 08:41:52.494,1.5873,1.58765,1.00,1.00
2009.11.26 08:41:52.724,1.58735,1.58775,1.00,1.20
2009.11.26 08:41:53.604,1.5873,1.58775,1.00,1.20
2009.11.26 08:41:53.994,1.58725,1.58775,1.20,1.20
2009.11.26 08:41:54.283,1.58725,1.58765,1.00,1.00
2009.11.26 08:41:57.293,1.5874,1.5878,1.00,1.00
2009.11.26 08:41:59.122,1.58745,1.5878,1.00,1.00
2009.11.26 08:41:59.292,1.5874,1.58785,1.00,1.00
2009.11.26 08:41:59.803,1.5874,1.5878,1.00,1.00
2009.11.26 08:42:00.432,1.58745,1.5878,1.00,1.00
2009.11.26 08:42:00.772,1.58745,1.58785,1.00,1.00
2009.11.26 08:42:01.952,1.58745,1.58785,2.00,1.00
2009.11.26 08:42:02.252,1.58745,1.58785,1.20,1.00
2009.11.26 08:42:03.371,1.5874,1.58785,6.00,1.00
2009.11.26 08:42:03.652,1.5875,1.5879,5.20,1.00
2009.11.26 08:42:03.991,1.5875,1.58795,6.00,1.00
2009.11.26 08:42:06.681,1.58755,1.58795,1.00,1.00
2009.11.26 08:42:06.910,1.5876,1.588,1.60,1.20
2009.11.26 08:42:07.190,1.5876,1.588,1.60,1.00
2009.11.26 08:42:08.070,1.58755,1.5879,1.60,1.00
2009.11.26 08:42:09.430,1.58745,1.5879,1.60,1.20
2009.11.26 08:42:10.300,1.5872,1.58765,3.60,1.00
2009.11.26 08:42:10.649,1.5871,1.58775,5.30,1.20
2009.11.26 08:42:10.949,1.5871,1.58775,1.70,1.20
2009.11.26 08:42:13.769,1.58715,1.58765,1.70,1.00
2009.11.26 08:42:13.999,1.58715,1.58775,1.70,2.00
2009.11.26 08:42:14.229,1.58715,1.5877,1.00,1.00
2009.11.26 08:42:14.459,1.58715,1.58775,1.60,2.00
2009.11.26 08:42:14.748,1.58715,1.58775,2.10,2.00
2009.11.26 08:42:15.029,1.58725,1.58775,1.00,1.00
2009.11.26 08:42:15.308,1.5872,1.58765,1.00,1.00
2009.11.26 08:42:15.638,1.58715,1.58765,1.00,1.00
2009.11.26 08:42:15.998,1.5871,1.58765,8.70,1.00
2009.11.26 08:42:16.438,1.58715,1.5877,1.80,1.00
2009.11.26 08:42:16.849,1.58715,1.5877,2.00,1.00
2009.11.26 08:42:17.138,1.5871,1.58765,1.60,1.00
2009.11.26 08:42:18.558,1.58705,1.58765,1.00,2.00
2009.11.26 08:42:18.668,1.58705,1.58765,1.00,2.80
2009.11.26 08:42:18.848,1.58705,1.5876,1.00,1.00
2009.11.26 08:42:19.307,1.58705,1.5876,1.00,1.20
2009.11.26 08:42:20.917,1.5871,1.58765,1.00,2.40
2009.11.26 08:42:21.207,1.5871,1.58765,1.00,1.20
2009.11.26 08:42:21.777,1.587,1.58755,1.00,1.70
2009.11.26 08:42:22.297,1.5869,1.58745,5.60,1.00
2009.11.26 08:42:22.637,1.5869,1.58745,1.00,1.00
2009.11.26 08:42:23.666,1.58695,1.5875,1.00,2.00
2009.11.26 08:42:23.836,1.58695,1.5875,1.00,1.20
2009.11.26 08:42:25.376,1.587,1.5875,1.00,1.20
2009.11.26 08:42:25.726,1.58705,1.58755,2.00,1.00
2009.11.26 08:42:26.026,1.5871,1.5876,1.00,1.00
2009.11.26 08:42:26.366,1.5871,1.58765,1.00,2.40
2009.11.26 08:42:26.716,1.58705,1.58765,3.20,3.20
2009.11.26 08:42:27.006,1.58705,1.58765,2.80,3.20
2009.11.26 08:42:27.396,1.58705,1.58765,3.20,3.20
2009.11.26 08:42:27.746,1.58705,1.58765,2.80,2.80
2009.11.26 08:42:28.315,1.58705,1.58765,2.80,2.00
2009.11.26 08:42:28.655,1.5871,1.58765,1.00,1.20
2009.11.26 08:42:29.935,1.58715,1.58765,1.00,1.20
2009.11.26 08:42:30.045,1.5871,1.58765,1.00,1.20
2009.11.26 08:42:30.405,1.58705,1.58765,1.70,2.00
2009.11.26 08:42:30.765,1.5871,1.58765,1.00,2.00
2009.11.26 08:42:31.465,1.58705,1.58765,1.70,2.80
2009.11.26 08:42:31.804,1.58705,1.5876,1.70,1.00
2009.11.26 08:42:32.674,1.5871,1.58765,1.00,1.60
2009.11.26 08:42:33.034,1.5871,1.58765,1.00,1.00
2009.11.26 08:42:33.204,1.5871,1.58765,1.00,1.20
2009.11.26 08:42:33.554,1.58705,1.5876,1.70,1.00
2009.11.26 08:42:34.244,1.58715,1.58765,1.00,2.00
2009.11.26 08:42:34.605,1.58715,1.58765,1.60,1.60
2009.11.26 08:42:34.944,1.5872,1.5877,1.00,1.00
2009.11.26 08:42:36.663,1.58715,1.58765,1.00,1.00
2009.11.26 08:42:37.013,1.5871,1.58765,1.60,1.00
2009.11.26 08:42:37.363,1.5871,1.58765,1.00,1.20
2009.11.26 08:42:39.953,1.58715,1.58765,1.00,1.20
2009.11.26 08:42:41.882,1.58715,1.58765,1.00,1.00
2009.11.26 08:42:47.991,1.58725,1.5877,1.00,1.20
2009.11.26 08:42:48.280,1.58725,1.58775,1.00,1.00
2009.11.26 08:42:48.810,1.58725,1.58775,1.00,1.00
2009.11.26 08:42:49.150,1.58725,1.58775,1.00,1.00
2009.11.26 08:42:49.380,1.5872,1.58775,1.20,1.20
2009.11.26 08:42:49.560,1.58715,1.58765,1.00,1.00
2009.11.26 08:42:49.670,1.5872,1.5877,3.60,1.20
2009.11.26 08:42:49.840,1.5872,1.5877,4.40,1.00
2009.11.26 08:42:51.010,1.5872,1.5877,3.20,1.00
2009.11.26 08:42:51.350,1.5872,1.5877,2.50,1.00
2009.11.26 08:42:52.060,1.58725,1.5877,1.00,1.00
2009.11.26 08:42:52.410,1.58725,1.58765,1.00,1.00
2009.11.26 08:42:52.880,1.5872,1.58765,1.00,1.00
2009.11.26 08:42:53.459,1.58715,1.58765,1.60,1.00
2009.11.26 08:42:53.739,1.5871,1.58765,2.00,1.00
2009.11.26 08:42:54.019,1.5871,1.58755,1.60,1.00
2009.11.26 08:42:54.629,1.5871,1.58755,1.00,1.00
2009.11.26 08:42:55.149,1.58715,1.5876,1.00,1.00
2009.11.26 08:42:56.059,1.58725,1.5877,1.00,3.90
2009.11.26 08:42:56.338,1.58725,1.5877,2.40,3.90
2009.11.26 08:42:57.029,1.58725,1.5877,2.40,1.00
2009.11.26 08:42:58.068,1.58725,1.5877,2.50,1.00
2009.11.26 08:42:58.418,1.5874,1.58775,1.00,1.00
2009.11.26 08:42:58.638,1.5874,1.5878,1.20,1.00
2009.11.26 08:42:58.878,1.58745,1.58785,2.50,1.50
2009.11.26 08:42:59.158,1.5874,1.5878,1.00,1.00
2009.11.26 08:42:59.498,1.5875,1.58785,1.00,1.20
2009.11.26 08:42:59.848,1.58755,1.58785,1.00,1.00
2009.11.26 08:43:00.188,1.5875,1.58785,1.20,1.00
2009.11.26 08:43:00.768,1.5875,1.5879,1.00,1.20
2009.11.26 08:43:01.128,1.5874,1.5879,1.00,1.00
2009.11.26 08:43:01.528,1.58755,1.58795,1.00,1.20
2009.11.26 08:43:01.887,1.58755,1.58795,1.00,1.00
2009.11.26 08:43:02.217,1.5876,1.588,1.00,1.20
2009.11.26 08:43:02.507,1.58755,1.588,1.20,1.20
2009.11.26 08:43:02.717,1.58755,1.58795,1.00,1.00
2009.11.26 08:43:03.907,1.5876,1.588,1.00,1.20
2009.11.26 08:43:04.257,1.5876,1.588,1.00,1.00
2009.11.26 08:43:04.497,1.5875,1.5879,1.20,1.00
2009.11.26 08:43:04.787,1.5876,1.58795,1.00,1.00
2009.11.26 08:43:05.306,1.58765,1.588,1.00,1.00
2009.11.26 08:43:05.917,1.5876,1.588,1.00,1.00
2009.11.26 08:43:06.186,1.5876,1.588,1.00,1.20
2009.11.26 08:43:06.806,1.5876,1.588,1.00,1.00
2009.11.26 08:43:08.296,1.58775,1.58805,1.00,1.00
2009.11.26 08:43:08.526,1.58775,1.5881,1.00,1.00
2009.11.26 08:43:09.276,1.58775,1.58815,1.00,1.00
2009.11.26 08:43:10.665,1.5878,1.58815,1.00,1.00
2009.11.26 08:43:11.005,1.5878,1.5882,1.00,1.00
2009.11.26 08:43:11.355,1.58775,1.5882,1.80,1.20
2009.11.26 08:43:11.695,1.5877,1.58815,1.00,1.00
2009.11.26 08:43:12.105,1.5877,1.58815,1.00,2.00
2009.11.26 08:43:12.455,1.5877,1.5881,1.00,1.00
2009.11.26 08:43:14.084,1.5877,1.58815,1.00,2.00
2009.11.26 08:43:14.614,1.58765,1.5881,5.40,1.00
2009.11.26 08:43:15.194,1.5877,1.58815,1.00,2.00
2009.11.26 08:43:18.043,1.58765,1.58815,2.20,2.00
2009.11.26 08:43:18.504,1.58765,1.58805,1.00,1.00
2009.11.26 08:43:18.843,1.58765,1.5881,1.00,1.60
2009.11.26 08:43:19.233,1.58765,1.58815,1.00,2.00
2009.11.26 08:43:22.312,1.5876,1.588,1.00,1.00
2009.11.26 08:43:22.423,1.58755,1.588,1.00,1.00
2009.11.26 08:43:22.592,1.5875,1.588,1.00,1.00
2009.11.26 08:43:24.002,1.58745,1.5879,2.20,1.00
2009.11.26 08:43:25.492,1.5875,1.588,1.00,1.20
2009.11.26 08:43:25.841,1.5875,1.58805,6.00,1.20
2009.11.26 08:43:26.481,1.5875,1.588,4.00,2.50
2009.11.26 08:43:26.821,1.58745,1.5879,1.40,1.00
2009.11.26 08:43:27.491,1.58745,1.58785,1.40,5.20
2009.11.26 08:43:27.851,1.58745,1.58765,1.20,1.00
2009.11.26 08:43:28.191,1.58735,1.58785,1.20,1.00
2009.11.26 08:43:28.551,1.5873,1.5879,1.60,1.00
2009.11.26 08:43:29.181,1.5874,1.58785,1.00,1.00
2009.11.26 08:43:29.481,1.5874,1.5879,1.00,1.20
2009.11.26 08:43:31.000,1.58735,1.5879,1.40,2.00
2009.11.26 08:43:31.580,1.5873,1.58775,1.00,1.00
2009.11.26 08:43:32.220,1.58725,1.58775,1.00,1.00
2009.11.26 08:43:33.249,1.58725,1.5876,1.00,1.00
2009.11.26 08:43:33.590,1.5871,1.5876,2.10,1.00
2009.11.26 08:43:33.709,1.5871,1.5876,1.30,1.20
2009.11.26 08:43:33.820,1.5871,1.58755,1.00,1.00
2009.11.26 08:43:36.069,1.58715,1.5876,2.40,1.00
2009.11.26 08:43:36.419,1.58715,1.58765,2.40,4.70
2009.11.26 08:43:37.009,1.58725,1.58765,1.00,4.70
2009.11.26 08:43:37.249,1.5873,1.58765,1.00,1.00
2009.11.26 08:43:37.489,1.5873,1.58775,1.00,1.00
2009.11.26 08:43:37.719,1.5873,1.5878,1.00,1.20
2009.11.26 08:43:38.298,1.5873,1.5878,1.00,1.00
2009.11.26 08:43:45.937,1.5873,1.58785,1.60,1.00
2009.11.26 08:43:47.546,1.58735,1.58785,1.00,1.00
2009.11.26 08:43:47.766,1.5874,1.5879,1.00,1.00
2009.11.26 08:43:48.176,1.58745,1.5879,1.60,1.00
2009.11.26 08:43:48.396,1.58745,1.588,1.60,1.20
2009.11.26 08:43:48.636,1.5875,1.588,1.00,1.20
2009.11.26 08:43:48.806,1.5875,1.58805,1.00,1.20
2009.11.26 08:43:49.046,1.5875,1.58805,1.00,1.00
2009.11.26 08:43:50.316,1.58755,1.58805,1.00,1.00
2009.11.26 08:43:50.995,1.58755,1.5881,1.60,1.00
2009.11.26 08:43:51.165,1.5876,1.58815,1.00,2.00
2009.11.26 08:43:51.395,1.5876,1.5881,1.00,1.00
2009.11.26 08:43:51.625,1.5876,1.58815,1.00,1.00
2009.11.26 08:43:51.845,1.58755,1.5881,2.20,1.00
2009.11.26 08:43:52.185,1.58755,1.58805,1.00,1.00
2009.11.26 08:43:52.535,1.5875,1.58805,1.70,1.00
2009.11.26 08:43:53.145,1.5875,1.58805,1.60,1.00
2009.11.26 08:43:55.314,1.5875,1.58805,1.70,1.00
2009.11.26 08:43:55.534,1.5876,1.5881,1.00,1.20
2009.11.26 08:43:56.384,1.5876,1.5881,1.60,1.20
2009.11.26 08:43:56.844,1.5876,1.58815,1.60,1.20
2009.11.26 08:43:57.294,1.5876,1.58805,1.00,1.00
2009.11.26 08:43:57.644,1.58755,1.58795,1.00,1.00
2009.11.26 08:43:57.984,1.5875,1.58795,1.00,1.00
2009.11.26 08:43:58.324,1.5875,1.588,1.00,1.20
2009.11.26 08:43:58.664,1.5875,1.588,1.70,1.20
2009.11.26 08:44:00.683,1.58755,1.588,1.00,1.20
2009.11.26 08:44:01.073,1.58755,1.588,6.20,1.00
2009.11.26 08:44:01.253,1.58755,1.58805,6.20,1.00
2009.11.26 08:44:01.433,1.5876,1.58805,1.20,1.20
2009.11.26 08:44:01.773,1.5876,1.58805,2.00,1.20
2009.11.26 08:44:03.152,1.58765,1.58805,1.00,1.20
2009.11.26 08:44:03.373,1.58765,1.58805,1.00,1.20
2009.11.26 08:44:03.542,1.58765,1.5881,4.60,1.00
2009.11.26 08:44:03.882,1.58765,1.5881,5.40,1.20
2009.11.26 08:44:04.222,1.5877,1.5881,1.20,1.20
2009.11.26 08:44:04.572,1.58765,1.58805,1.00,1.00
2009.11.26 08:44:04.853,1.5876,1.58805,2.00,1.00
2009.11.26 08:44:05.142,1.5876,1.58805,2.00,1.20
2009.11.26 08:44:05.712,1.5876,1.588,2.00,1.00
2009.11.26 08:44:06.242,1.5876,1.588,1.20,1.20
2009.11.26 08:44:06.672,1.58755,1.58795,1.00,1.00
2009.11.26 08:44:10.091,1.58755,1.58795,1.00,1.00
2009.11.26 08:44:10.261,1.5876,1.58795,5.20,1.00
2009.11.26 08:44:10.491,1.5876,1.588,1.00,1.20
2009.11.26 08:44:10.721,1.5876,1.58805,5.20,1.20
2009.11.26 08:44:10.951,1.5876,1.58805,5.20,1.00
2009.11.26 08:44:11.311,1.58765,1.58805,1.20,1.20
2009.11.26 08:44:11.651,1.5876,1.58805,5.20,1.20
2009.11.26 08:44:12.800,1.58765,1.58805,1.20,1.20
2009.11.26 08:44:13.030,1.58765,1.58805,1.20,1.00
2009.11.26 08:44:13.420,1.5876,1.58805,1.20,1.20
2009.11.26 08:44:13.750,1.5876,1.58805,2.00,1.00
2009.11.26 08:44:17.439,1.5876,1.58805,2.80,1.00
2009.11.26 08:44:17.669,1.58765,1.5881,1.40,1.00
2009.11.26 08:44:18.569,1.58765,1.5881,2.20,1.00
2009.11.26 08:44:19.228,1.58765,1.58815,3.00,1.20
2009.11.26 08:44:19.389,1.58765,1.58815,6.20,1.00
2009.11.26 08:44:20.039,1.58775,1.58815,1.00,1.00
2009.11.26 08:44:20.199,1.58775,1.58815,1.40,1.00
2009.11.26 08:44:20.369,1.58775,1.5882,1.20,1.00
2009.11.26 08:44:20.768,1.58775,1.5882,1.00,1.00
2009.11.26 08:44:21.448,1.5877,1.588,5.20,1.60
2009.11.26 08:44:21.788,1.58765,1.5879,1.00,1.00
2009.11.26 08:44:22.088,1.5873,1.5879,4.40,1.00
2009.11.26 08:44:22.448,1.5874,1.5879,1.00,1.00
2009.11.26 08:44:22.738,1.5874,1.58795,1.00,1.20
2009.11.26 08:44:23.028,1.5874,1.58795,1.00,1.00
2009.11.26 08:44:23.877,1.58765,1.5881,4.40,1.00
2009.11.26 08:44:25.948,1.58765,1.58795,1.60,1.00
2009.11.26 08:44:26.177,1.5875,1.58795,1.00,1.00
2009.11.26 08:44:27.857,1.5875,1.58795,1.60,1.00
2009.11.26 08:44:28.077,1.5875,1.58795,1.00,1.00
2009.11.26 08:44:28.536,1.58745,1.58795,1.00,1.20
2009.11.26 08:44:28.806,1.58745,1.58785,1.00,1.00
2009.11.26 08:44:29.206,1.58745,1.5879,1.00,1.00
2009.11.26 08:44:29.386,1.58745,1.58795,1.00,2.00
2009.11.26 08:44:30.496,1.5874,1.58785,1.00,1.00
2009.11.26 08:44:31.066,1.58735,1.58785,1.70,1.00
2009.11.26 08:44:32.095,1.5874,1.5877,1.00,1.00
2009.11.26 08:44:32.445,1.58715,1.5876,4.40,1.00
2009.11.26 08:44:32.775,1.5871,1.5876,1.60,1.00
2009.11.26 08:44:33.125,1.5871,1.58765,1.00,1.20
2009.11.26 08:44:33.396,1.5871,1.5876,1.00,1.00
2009.11.26 08:44:36.085,1.5873,1.58765,1.00,1.00
2009.11.26 08:44:36.494,1.5873,1.5878,1.00,1.00
2009.11.26 08:44:36.674,1.5873,1.5878,5.60,1.00
2009.11.26 08:44:38.174,1.5873,1.5878,6.60,1.00
2009.11.26 08:44:38.354,1.58735,1.58775,1.00,1.00
2009.11.26 08:44:38.534,1.58735,1.58785,1.00,5.50
2009.11.26 08:44:38.774,1.5873,1.5878,7.40,1.00
2009.11.26 08:44:39.174,1.58735,1.5878,1.00,1.00
2009.11.26 08:44:41.704,1.5874,1.5878,1.00,1.00
2009.11.26 08:44:41.993,1.58735,1.58775,1.40,1.00
2009.11.26 08:44:42.233,1.5873,1.5876,2.00,2.80
2009.11.26 08:44:42.583,1.58715,1.5875,1.20,1.00
2009.11.26 08:44:42.913,1.58715,1.5876,1.60,1.00
2009.11.26 08:44:44.142,1.5872,1.58765,1.00,1.00
2009.11.26 08:44:44.423,1.58725,1.5877,1.00,1.20
2009.11.26 08:44:44.533,1.58725,1.5877,1.00,1.00
2009.11.26 08:44:44.992,1.58725,1.5877,1.60,1.00
2009.11.26 08:44:45.153,1.58725,1.5877,1.00,1.00
2009.11.26 08:44:45.552,1.58725,1.58765,1.00,1.00
2009.11.26 08:44:46.532,1.58725,1.58775,1.00,1.00
2009.11.26 08:44:46.802,1.58725,1.5877,1.00,1.00
2009.11.26 08:44:47.092,1.58725,1.58765,1.00,1.00
2009.11.26 08:44:47.382,1.58725,1.5877,1.00,1.00
2009.11.26 08:44:50.141,1.58725,1.5877,1.60,1.00
2009.11.26 08:44:50.811,1.58725,1.58775,1.60,1.20
2009.11.26 08:44:50.981,1.58725,1.58775,1.60,1.00
2009.11.26 08:44:52.761,1.58725,1.5877,1.60,1.00
2009.11.26 08:44:56.469,1.58725,1.58775,1.60,1.00
2009.11.26 08:44:56.810,1.5873,1.58775,1.00,1.00
2009.11.26 08:44:57.089,1.5873,1.5877,1.00,1.00
2009.11.26 08:44:57.419,1.5872,1.5877,1.00,1.00
2009.11.26 08:44:58.669,1.5872,1.5877,1.60,1.00
2009.11.26 08:44:58.959,1.5872,1.5877,1.00,1.00
2009.11.26 08:44:59.609,1.58725,1.5877,1.00,1.00
2009.11.26 08:44:59.719,1.58725,1.58775,1.00,1.20
2009.11.26 08:45:00.009,1.58725,1.58775,1.00,1.00
2009.11.26 08:45:00.359,1.58725,1.5877,1.00,1.00
2009.11.26 08:45:01.059,1.58725,1.58775,1.00,1.20
2009.11.26 08:45:01.448,1.58725,1.58775,1.00,1.00
2009.11.26 08:45:01.788,1.58725,1.58775,1.00,1.20
2009.11.26 08:45:03.078,1.5872,1.58765,1.60,1.00
2009.11.26 08:45:04.408,1.58725,1.58775,1.00,1.20
2009.11.26 08:45:05.027,1.5873,1.58775,1.00,1.20
2009.11.26 08:45:05.618,1.58735,1.58785,1.00,1.20
2009.11.26 08:45:05.967,1.58735,1.5878,1.00,1.00
2009.11.26 08:45:06.268,1.58735,1.58795,1.60,2.00
2009.11.26 08:45:06.597,1.5875,1.5879,1.00,1.00
2009.11.26 08:45:07.297,1.58745,1.5879,1.00,1.00
2009.11.26 08:45:10.016,1.58725,1.5878,1.60,1.20
2009.11.26 08:45:10.306,1.5873,1.5878,1.00,1.00
2009.11.26 08:45:13.416,1.58725,1.5878,1.60,1.00
2009.11.26 08:45:14.165,1.58725,1.5878,1.00,1.20
2009.11.26 08:45:14.525,1.5872,1.58775,2.00,1.00
2009.11.26 08:45:15.115,1.58725,1.58775,1.00,1.00
2009.11.26 08:45:16.655,1.5872,1.58775,2.00,1.00
2009.11.26 08:45:17.305,1.5872,1.58775,1.60,1.00
2009.11.26 08:45:18.425,1.5872,1.5877,1.00,1.00
2009.11.26 08:45:22.633,1.5872,1.5877,1.60,1.00
2009.11.26 08:45:22.803,1.5872,1.58775,1.60,1.00
2009.11.26 08:45:23.183,1.5872,1.58775,1.60,1.20
2009.11.26 08:45:23.293,1.5872,1.58775,1.00,2.00
2009.11.26 08:45:23.463,1.5872,1.5877,1.00,1.00
2009.11.26 08:45:23.923,1.5872,1.58765,1.00,1.00
2009.11.26 08:45:26.702,1.58715,1.58765,1.60,1.00
2009.11.26 08:45:29.972,1.5872,1.58765,1.00,1.00
2009.11.26 08:45:30.082,1.58715,1.58765,3.20,1.00
2009.11.26 08:45:30.202,1.5872,1.5877,1.00,1.20
2009.11.26 08:45:30.781,1.5872,1.5877,1.00,1.00
2009.11.26 08:45:32.841,1.5872,1.5877,1.80,1.00
2009.11.26 08:45:33.081,1.5872,1.5877,1.00,1.00
2009.11.26 08:45:34.061,1.58715,1.58765,2.40,1.00
2009.11.26 08:45:34.291,1.58715,1.58765,1.60,1.00
2009.11.26 08:45:35.910,1.5872,1.5877,1.80,1.00
2009.11.26 08:45:36.140,1.58725,1.5877,1.00,1.00
2009.11.26 08:45:36.420,1.58725,1.58775,1.00,1.20
2009.11.26 08:45:36.660,1.58725,1.58775,1.00,1.00
2009.11.26 08:45:38.920,1.58725,1.5878,3.00,1.00
2009.11.26 08:45:39.210,1.58725,1.5877,1.00,1.00
2009.11.26 08:45:39.729,1.5872,1.5877,1.60,1.00
2009.11.26 08:45:40.619,1.5872,1.5877,1.00,1.00
2009.11.26 08:45:41.240,1.5871,1.5877,2.00,2.00
2009.11.26 08:45:41.529,1.5871,1.58765,1.60,1.00
2009.11.26 08:45:42.039,1.5871,1.5877,1.60,1.00
2009.11.26 08:45:43.068,1.58715,1.58775,1.00,2.00
2009.11.26 08:45:44.148,1.58725,1.58775,1.00,1.20
2009.11.26 08:45:44.428,1.58725,1.58775,1.00,1.00
2009.11.26 08:45:44.658,1.58725,1.58775,1.20,1.00
2009.11.26 08:45:44.778,1.58725,1.5878,1.20,1.20
2009.11.26 08:45:44.888,1.58725,1.5878,1.00,1.20
2009.11.26 08:45:46.148,1.5873,1.5878,1.00,1.20
2009.11.26 08:45:46.488,1.5873,1.5878,1.00,1.20
2009.11.26 08:45:46.768,1.5873,1.5878,1.00,1.00
2009.11.26 08:45:47.288,1.58725,1.5878,1.00,1.60
2009.11.26 08:45:47.577,1.5872,1.58775,1.00,1.00
2009.11.26 08:45:47.807,1.58715,1.5876,2.60,1.00
2009.11.26 08:45:48.037,1.58715,1.58765,1.60,1.40
2009.11.26 08:45:48.387,1.58715,1.5877,1.00,1.00
2009.11.26 08:45:48.617,1.58715,1.5877,1.00,1.00
2009.11.26 08:45:49.127,1.58715,1.58775,1.00,2.00
2009.11.26 08:45:51.087,1.58715,1.58775,1.00,1.60
2009.11.26 08:45:51.147,1.58715,1.58775,1.60,1.00
2009.11.26 08:45:53.636,1.58715,1.58775,1.00,2.00
2009.11.26 08:45:57.685,1.5871,1.5877,1.60,1.00
2009.11.26 08:45:57.955,1.5871,1.58765,1.00,1.00
2009.11.26 08:45:58.534,1.5871,1.5877,1.00,2.80
2009.11.26 08:45:59.224,1.5871,1.5877,1.00,2.00
2009.11.26 08:45:59.385,1.58705,1.58765,1.60,1.00
2009.11.26 08:46:01.594,1.5871,1.5877,1.00,2.00
2009.11.26 08:46:02.414,1.5872,1.5877,1.00,1.00
2009.11.26 08:46:02.754,1.58715,1.58775,1.00,2.00
2009.11.26 08:46:03.044,1.58715,1.58775,1.00,1.20
2009.11.26 08:46:03.263,1.58715,1.58775,1.60,1.20
2009.11.26 08:46:03.553,1.58715,1.58775,1.60,1.00
2009.11.26 08:46:04.133,1.58715,1.58775,1.60,1.20
2009.11.26 08:46:05.513,1.58715,1.58775,1.60,2.00
2009.11.26 08:46:05.753,1.58715,1.5877,1.60,1.00
2009.11.26 08:46:07.373,1.58715,1.58765,1.00,1.00
2009.11.26 08:46:08.852,1.5873,1.5877,1.60,1.00
2009.11.26 08:46:09.142,1.58725,1.5878,1.00,1.00
2009.11.26 08:46:09.312,1.58725,1.58775,1.00,1.20
2009.11.26 08:46:09.782,1.5872,1.58775,1.60,2.00
2009.11.26 08:46:09.952,1.5872,1.58775,1.60,1.20
2009.11.26 08:46:10.122,1.5872,1.58775,1.00,1.20
2009.11.26 08:46:10.472,1.5872,1.58775,1.60,1.00
2009.11.26 08:46:10.772,1.5872,1.5878,1.60,2.00
2009.11.26 08:46:11.741,1.5872,1.5878,1.60,2.80
2009.11.26 08:46:12.421,1.5872,1.5878,1.60,2.00
2009.11.26 08:46:12.691,1.5872,1.58775,1.60,1.00
2009.11.26 08:46:13.401,1.5872,1.5877,1.60,1.00
2009.11.26 08:46:18.710,1.5872,1.58765,1.00,1.00
2009.11.26 08:46:19.120,1.5872,1.58765,1.60,1.00
2009.11.26 08:46:19.290,1.5872,1.5877,1.00,1.00
2009.11.26 08:46:19.470,1.5872,1.58775,1.00,1.20
2009.11.26 08:46:19.819,1.58725,1.58775,1.00,1.20
2009.11.26 08:46:25.858,1.5872,1.58775,1.40,2.00
2009.11.26 08:46:25.978,1.5872,1.5877,1.80,1.00
2009.11.26 08:46:26.138,1.5872,1.5877,1.00,1.20
2009.11.26 08:46:28.218,1.58715,1.5877,3.00,1.20
2009.11.26 08:46:28.518,1.58715,1.58765,1.00,1.20
2009.11.26 08:46:28.637,1.58715,1.58765,1.60,1.20
2009.11.26 08:46:28.797,1.5872,1.58775,1.00,2.00
2009.11.26 08:46:29.137,1.5872,1.58775,1.00,1.20
2009.11.26 08:46:30.177,1.58725,1.58775,1.00,1.20
2009.11.26 08:46:30.397,1.58725,1.58775,1.00,1.00
2009.11.26 08:46:31.007,1.58725,1.58775,1.60,1.00
2009.11.26 08:46:33.157,1.5872,1.58775,1.00,1.00
2009.11.26 08:46:33.447,1.5872,1.58775,1.00,1.20
2009.11.26 08:46:33.966,1.5872,1.58775,1.00,1.00
2009.11.26 08:46:34.246,1.5873,1.58775,1.00,1.00
2009.11.26 08:46:34.646,1.58725,1.58775,1.80,1.00
2009.11.26 08:46:34.886,1.58725,1.58775,2.60,1.00
2009.11.26 08:46:35.096,1.58735,1.5878,1.00,1.20
2009.11.26 08:46:35.326,1.58735,1.5878,1.00,1.00
2009.11.26 08:46:35.916,1.5873,1.5878,1.00,1.00
2009.11.26 08:46:36.786,1.5874,1.58785,1.00,1.00
2009.11.26 08:46:37.055,1.5874,1.5879,1.00,1.20
2009.11.26 08:46:37.685,1.58725,1.58775,7.00,1.00
2009.11.26 08:46:37.986,1.5873,1.5878,1.00,1.20
2009.11.26 08:46:38.335,1.58725,1.5878,1.60,1.70
2009.11.26 08:46:38.715,1.5873,1.5878,1.00,1.00
2009.11.26 08:46:39.065,1.5873,1.5878,1.60,1.00
2009.11.26 08:46:39.465,1.5873,1.58775,1.00,1.00
2009.11.26 08:46:40.035,1.5873,1.58775,1.60,1.00
2009.11.26 08:46:40.435,1.5873,1.5878,1.60,1.00
2009.11.26 08:46:41.115,1.5873,1.5878,1.70,1.00
2009.11.26 08:46:42.314,1.5873,1.5878,1.70,1.20
2009.11.26 08:46:42.544,1.5873,1.5878,1.70,1.00
2009.11.26 08:46:44.014,1.5873,1.58785,1.70,2.00
2009.11.26 08:46:44.314,1.5873,1.58785,1.70,1.20
2009.11.26 08:46:44.593,1.5874,1.58785,1.00,1.20
2009.11.26 08:46:45.353,1.58735,1.58785,1.70,1.20
2009.11.26 08:46:45.643,1.5874,1.58785,1.00,1.20
2009.11.26 08:46:49.212,1.5874,1.58795,2.60,1.00
2009.11.26 08:46:51.702,1.58745,1.588,1.00,1.20
2009.11.26 08:46:51.882,1.58745,1.588,2.80,1.20
2009.11.26 08:46:52.182,1.58745,1.588,4.00,1.20
2009.11.26 08:46:52.532,1.5875,1.588,1.00,1.20
2009.11.26 08:46:55.221,1.58755,1.588,1.00,1.20
2009.11.26 08:46:55.341,1.58755,1.588,1.00,1.00
2009.11.26 08:46:55.631,1.58755,1.58805,7.60,1.20
2009.11.26 08:46:57.121,1.58755,1.58805,7.80,1.20
2009.11.26 08:46:58.330,1.5876,1.58805,1.00,1.20
2009.11.26 08:47:01.590,1.58755,1.58805,6.90,1.20
2009.11.26 08:47:02.000,1.5875,1.588,1.70,1.20
2009.11.26 08:47:03.059,1.5875,1.5879,1.00,1.00
2009.11.26 08:47:03.239,1.5875,1.5879,1.00,1.00
2009.11.26 08:47:03.639,1.58745,1.5879,2.40,1.00
2009.11.26 08:47:03.809,1.5875,1.5879,1.00,1.00
2009.11.26 08:47:04.139,1.58745,1.5879,2.40,1.00
2009.11.26 08:47:04.489,1.5875,1.5879,1.00,1.00
2009.11.26 08:47:05.679,1.58745,1.5879,2.40,1.00
2009.11.26 08:47:06.009,1.5875,1.5879,1.00,1.00
2009.11.26 08:47:07.558,1.58745,1.5879,2.40,1.00
2009.11.26 08:47:07.908,1.58745,1.5879,1.60,1.20
2009.11.26 08:47:08.268,1.5874,1.58785,1.60,2.00
2009.11.26 08:47:08.558,1.58745,1.58785,1.60,1.00
2009.11.26 08:47:10.147,1.58745,1.58785,1.70,1.00
2009.11.26 08:47:10.487,1.58745,1.58785,1.60,1.00
2009.11.26 08:47:11.707,1.58745,1.58785,1.70,1.00
2009.11.26 08:47:11.997,1.58745,1.58785,1.60,1.00
2009.11.26 08:47:12.277,1.58745,1.58785,1.70,1.00
2009.11.26 08:47:12.517,1.58745,1.58785,1.60,1.00
2009.11.26 08:47:14.566,1.58735,1.5878,5.40,1.20
2009.11.26 08:47:14.736,1.58735,1.5878,1.00,1.20
2009.11.26 08:47:15.086,1.58735,1.5878,1.00,1.20
2009.11.26 08:47:15.266,1.58735,1.5878,1.00,1.20
2009.11.26 08:47:15.386,1.5873,1.5878,6.80,1.30
2009.11.26 08:47:15.736,1.58725,1.58765,1.00,1.00
2009.11.26 08:47:16.026,1.58735,1.5877,1.00,1.00
2009.11.26 08:47:16.366,1.58735,1.58775,1.00,1.00
2009.11.26 08:47:16.716,1.58725,1.58775,7.60,1.00
2009.11.26 08:47:17.066,1.58735,1.58775,1.00,1.00
2009.11.26 08:47:18.466,1.5875,1.5878,1.00,1.00
2009.11.26 08:47:18.635,1.58745,1.58775,1.40,1.00
2009.11.26 08:47:18.865,1.58725,1.58775,1.00,1.00
2009.11.26 08:47:19.096,1.5873,1.5877,1.00,1.00
2009.11.26 08:47:19.265,1.58725,1.5877,2.00,1.00
2009.11.26 08:47:19.675,1.58735,1.5878,2.00,1.00
2009.11.26 08:47:20.025,1.58735,1.58785,2.00,1.00
2009.11.26 08:47:20.985,1.5874,1.58785,1.00,1.00
2009.11.26 08:47:22.875,1.58745,1.5879,1.00,1.00
2009.11.26 08:47:23.785,1.58755,1.58795,1.00,1.00
2009.11.26 08:47:23.895,1.5875,1.588,5.90,2.80
2009.11.26 08:47:24.234,1.5875,1.58795,5.20,1.00
2009.11.26 08:47:24.584,1.5875,1.58795,6.00,1.00
2009.11.26 08:47:25.334,1.58755,1.58795,1.70,1.00
2009.11.26 08:47:26.784,1.58755,1.58795,1.00,1.00
2009.11.26 08:47:26.844,1.5875,1.5879,1.20,1.00
2009.11.26 08:47:26.963,1.58745,1.5878,4.00,1.00
2009.11.26 08:47:27.303,1.5873,1.58775,1.20,1.00
2009.11.26 08:47:27.703,1.5872,1.58775,2.80,1.00
2009.11.26 08:47:28.733,1.58725,1.5877,1.00,1.00
2009.11.26 08:47:29.583,1.58725,1.58775,1.00,1.20
2009.11.26 08:47:29.753,1.58725,1.58775,1.00,1.00
2009.11.26 08:47:29.923,1.58725,1.5878,2.60,1.70
2009.11.26 08:47:30.153,1.5873,1.5877,1.20,1.00
2009.11.26 08:47:31.172,1.58735,1.58775,4.60,1.00
2009.11.26 08:47:31.572,1.58735,1.5878,5.40,1.00
2009.11.26 08:47:31.912,1.5874,1.5878,1.20,1.00
2009.11.26 08:47:32.232,1.5874,1.5878,1.40,1.00
2009.11.26 08:47:33.222,1.58735,1.5877,2.00,1.00
2009.11.26 08:47:33.452,1.5873,1.5876,4.00,1.00
2009.11.26 08:47:33.682,1.5872,1.5876,1.20,1.00
2009.11.26 08:47:33.912,1.58715,1.5876,3.00,1.00
2009.11.26 08:47:34.132,1.58715,1.5876,6.20,1.00
2009.11.26 08:47:35.061,1.58715,1.5876,4.40,1.00
2009.11.26 08:47:35.462,1.5871,1.58755,4.40,2.00
2009.11.26 08:47:36.211,1.5871,1.58755,4.60,2.00
2009.11.26 08:47:36.501,1.5871,1.58755,1.40,1.00
2009.11.26 08:47:37.581,1.58705,1.58745,1.00,1.00
2009.11.26 08:47:37.931,1.58715,1.5876,1.00,1.20
2009.11.26 08:47:38.620,1.58715,1.5876,1.00,1.00
2009.11.26 08:47:39.011,1.5872,1.58765,1.00,1.20
2009.11.26 08:47:39.360,1.58715,1.58765,1.30,1.00
2009.11.26 08:47:39.711,1.58715,1.5876,1.00,1.00
2009.11.26 08:47:40.280,1.58725,1.5876,1.00,1.00
2009.11.26 08:47:40.680,1.58725,1.5877,1.00,1.20
2009.11.26 08:47:41.070,1.5872,1.58765,1.00,1.00
2009.11.26 08:47:41.400,1.58715,1.5877,1.70,1.20
2009.11.26 08:47:41.700,1.58715,1.5877,2.50,1.00
2009.11.26 08:47:42.040,1.58715,1.5877,3.80,1.00
2009.11.26 08:47:42.510,1.5872,1.5877,2.00,1.00
2009.11.26 08:47:42.921,1.58725,1.58775,1.00,1.20
2009.11.26 08:47:43.160,1.58725,1.58775,1.70,1.00
2009.11.26 08:47:43.380,1.58725,1.5878,1.70,2.00
2009.11.26 08:47:43.609,1.58725,1.5878,1.70,1.20
2009.11.26 08:47:44.519,1.58725,1.5878,2.50,1.00
2009.11.26 08:47:45.539,1.58725,1.58775,1.60,1.00
2009.11.26 08:47:46.219,1.58725,1.58775,1.70,1.00
2009.11.26 08:47:46.389,1.58725,1.58775,2.50,1.00
2009.11.26 08:47:46.789,1.5873,1.58775,1.00,1.00
2009.11.26 08:47:48.008,1.58735,1.58775,1.00,1.00
2009.11.26 08:47:48.348,1.58735,1.58785,3.60,1.00
2009.11.26 08:47:48.988,1.58735,1.58785,3.70,1.00
2009.11.26 08:47:49.218,1.58735,1.58785,4.60,1.00
2009.11.26 08:47:50.068,1.5874,1.58785,1.00,1.00
2009.11.26 08:47:51.718,1.5874,1.58795,5.40,3.70
2009.11.26 08:47:51.959,1.5875,1.58795,1.00,2.00
2009.11.26 08:47:52.248,1.58765,1.5879,1.00,1.00
2009.11.26 08:47:52.537,1.58755,1.5878,1.00,1.00
2009.11.26 08:47:52.877,1.58755,1.5879,1.00,1.00
2009.11.26 08:47:53.217,1.58755,1.58795,1.00,1.20
2009.11.26 08:47:53.567,1.5875,1.58795,6.20,1.00
2009.11.26 08:47:54.667,1.5875,1.58795,1.60,1.00
2009.11.26 08:47:54.907,1.5875,1.588,1.00,1.00
2009.11.26 08:47:55.997,1.5875,1.588,1.60,1.00
2009.11.26 08:47:56.336,1.58745,1.58785,5.20,1.00
2009.11.26 08:48:00.715,1.58755,1.5879,5.20,1.00
2009.11.26 08:48:00.996,1.58755,1.5879,1.20,1.00
2009.11.26 08:48:03.345,1.5875,1.58785,5.20,1.00
2009.11.26 08:48:03.625,1.5875,1.58785,1.20,1.00
2009.11.26 08:48:03.915,1.5875,1.5879,4.40,1.00
2009.11.26 08:48:05.724,1.5875,1.5879,4.50,1.00
2009.11.26 08:48:06.234,1.5875,1.5879,4.40,1.00
2009.11.26 08:48:09.783,1.5874,1.58775,4.40,1.20
2009.11.26 08:48:09.903,1.5875,1.58775,4.40,1.20
2009.11.26 08:48:10.013,1.5875,1.58785,4.40,1.00
2009.11.26 08:48:10.373,1.5875,1.58785,5.20,1.00
2009.11.26 08:48:10.603,1.5875,1.58795,1.00,1.00
2009.11.26 08:48:12.932,1.58745,1.58785,2.20,1.00
2009.11.26 08:48:13.163,1.5874,1.58785,1.60,1.00
2009.11.26 08:48:14.402,1.58745,1.58795,1.00,1.20
2009.11.26 08:48:17.181,1.5874,1.58795,1.60,1.20
2009.11.26 08:48:17.511,1.5874,1.58795,1.60,1.00
2009.11.26 08:48:23.010,1.58745,1.58795,1.00,1.00
2009.11.26 08:48:23.300,1.58755,1.58795,1.00,1.00
2009.11.26 08:48:23.540,1.5876,1.58795,1.00,1.00
2009.11.26 08:48:23.820,1.5876,1.588,1.00,1.00
2009.11.26 08:48:26.409,1.58755,1.588,1.00,1.20
2009.11.26 08:48:26.629,1.5875,1.58795,1.00,1.00
2009.11.26 08:48:27.199,1.58755,1.58795,1.00,1.00
2009.11.26 08:48:27.549,1.58755,1.588,1.00,1.00
2009.11.26 08:48:27.889,1.5875,1.58795,1.00,1.00
2009.11.26 08:48:28.249,1.5875,1.58795,1.60,1.00
2009.11.26 08:48:29.578,1.5875,1.58795,1.00,1.00
2009.11.26 08:48:30.268,1.58745,1.58795,3.00,1.00
2009.11.26 08:48:30.378,1.58745,1.58795,2.60,1.00
2009.11.26 08:48:30.668,1.58745,1.58795,1.60,1.00
2009.11.26 08:48:31.178,1.5875,1.588,1.00,1.00
2009.11.26 08:48:33.417,1.58745,1.588,3.00,1.00
2009.11.26 08:48:33.697,1.58745,1.58795,1.60,1.00
2009.11.26 08:48:35.547,1.58745,1.58795,1.00,1.00
2009.11.26 08:48:35.717,1.58745,1.58795,1.00,1.20
2009.11.26 08:48:38.566,1.58745,1.5879,1.00,1.00
2009.11.26 08:48:38.736,1.5874,1.5879,1.60,1.00
2009.11.26 08:48:38.906,1.58735,1.5879,2.00,1.00
2009.11.26 08:48:39.426,1.5874,1.5879,1.00,1.00
2009.11.26 08:48:43.095,1.58745,1.58795,1.00,1.20
2009.11.26 08:48:43.315,1.58745,1.58795,1.00,1.00
2009.11.26 08:48:46.574,1.5874,1.58785,1.20,1.00
2009.11.26 08:48:46.804,1.5874,1.5879,1.00,1.20
2009.11.26 08:48:47.085,1.5874,1.5879,1.00,1.00
2009.11.26 08:48:47.934,1.5875,1.58795,1.00,1.20
2009.11.26 08:48:48.284,1.58755,1.58795,1.00,1.00
2009.11.26 08:48:49.674,1.5875,1.58795,1.60,1.00
2009.11.26 08:48:50.013,1.5875,1.5879,1.60,1.20
2009.11.26 08:48:50.353,1.5875,1.5879,1.20,1.20
2009.11.26 08:48:54.023,1.58745,1.5878,6.00,1.00
2009.11.26 08:48:54.262,1.58745,1.5879,6.00,1.20
2009.11.26 08:48:54.482,1.5875,1.5879,1.20,1.20
2009.11.26 08:48:54.882,1.5874,1.5878,2.80,1.00
2009.11.26 08:48:55.002,1.5875,1.58785,1.00,1.00
2009.11.26 08:48:55.292,1.5875,1.58795,1.00,1.00
2009.11.26 08:48:57.382,1.58765,1.5881,1.00,1.20
2009.11.26 08:48:57.561,1.58765,1.5881,1.00,1.00
2009.11.26 08:48:59.921,1.5877,1.5881,1.00,1.00
2009.11.26 08:49:00.041,1.5877,1.5881,1.00,1.00
2009.11.26 08:49:00.151,1.5878,1.58815,1.00,1.00
2009.11.26 08:49:00.381,1.5878,1.5883,1.00,2.00
2009.11.26 08:49:00.931,1.5878,1.5883,1.00,1.00
2009.11.26 08:49:01.751,1.5878,1.58825,1.00,1.00
2009.11.26 08:49:03.300,1.58775,1.58825,1.00,1.20
2009.11.26 08:49:03.590,1.5877,1.58815,2.20,1.00
2009.11.26 08:49:05.100,1.5877,1.58815,2.00,1.00
2009.11.26 08:49:05.500,1.5877,1.58815,1.20,1.00
2009.11.26 08:49:05.670,1.58765,1.58815,1.40,1.00
2009.11.26 08:49:06.130,1.5877,1.58815,5.20,1.00
2009.11.26 08:49:06.240,1.58775,1.58815,1.60,1.00
2009.11.26 08:49:06.929,1.5877,1.58815,5.20,1.00
2009.11.26 08:49:07.269,1.5877,1.58815,1.40,1.00
2009.11.26 08:49:07.619,1.5878,1.5882,1.60,1.00
2009.11.26 08:49:08.319,1.5878,1.5882,2.50,1.00
2009.11.26 08:49:08.549,1.5879,1.58825,1.60,1.00
2009.11.26 08:49:09.189,1.5879,1.5883,2.40,4.30
2009.11.26 08:49:09.479,1.58805,1.58835,1.60,1.00
2009.11.26 08:49:09.749,1.5879,1.58825,1.20,1.00
2009.11.26 08:49:10.039,1.588,1.58825,1.00,1.00
2009.11.26 08:49:10.259,1.588,1.58835,1.00,1.20
2009.11.26 08:49:11.988,1.58785,1.58825,2.00,1.00
2009.11.26 08:49:12.268,1.5879,1.58825,1.60,1.00
2009.11.26 08:49:13.728,1.5878,1.5882,1.20,1.00
2009.11.26 08:49:13.958,1.58795,1.58825,1.00,1.00
2009.11.26 08:49:14.358,1.5879,1.58825,1.00,1.00
2009.11.26 08:49:15.287,1.58785,1.58825,1.30,1.00
2009.11.26 08:49:15.617,1.58785,1.58825,1.00,1.00
2009.11.26 08:49:16.207,1.5878,1.58825,1.20,1.00
2009.11.26 08:49:16.417,1.58775,1.5882,1.60,1.00
2009.11.26 08:49:16.777,1.5878,1.58815,1.00,1.00
2009.11.26 08:49:17.117,1.5878,1.58825,1.00,1.20
2009.11.26 08:49:17.467,1.58775,1.58815,1.20,1.00
2009.11.26 08:49:17.757,1.58775,1.58815,1.00,1.00
2009.11.26 08:49:18.047,1.5878,1.58815,1.00,1.00
2009.11.26 08:49:19.486,1.58775,1.58815,1.20,1.00
2009.11.26 08:49:19.656,1.58775,1.58815,1.00,1.00
2009.11.26 08:49:20.416,1.5878,1.58815,1.00,1.00
2009.11.26 08:49:20.596,1.58785,1.5883,1.00,1.20
2009.11.26 08:49:20.776,1.5879,1.58825,1.00,1.00
2009.11.26 08:49:21.287,1.58785,1.5882,1.00,1.00
2009.11.26 08:49:22.326,1.5879,1.5882,1.00,1.00
2009.11.26 08:49:26.954,1.58775,1.58825,1.20,1.20
2009.11.26 08:49:27.185,1.58775,1.58825,1.20,1.00
2009.11.26 08:49:27.354,1.58775,1.58825,1.00,1.00
2009.11.26 08:49:34.003,1.5877,1.58815,1.00,1.00
2009.11.26 08:49:34.233,1.5877,1.5882,1.00,1.20
2009.11.26 08:49:34.463,1.58785,1.5882,1.00,1.20
2009.11.26 08:49:34.693,1.5878,1.5882,1.00,1.20
2009.11.26 08:49:34.932,1.5877,1.5881,1.00,1.00
2009.11.26 08:49:35.282,1.5876,1.58815,2.80,1.00
2009.11.26 08:49:35.673,1.5876,1.5881,2.60,1.00
2009.11.26 08:49:36.012,1.5876,1.5881,2.80,1.00
2009.11.26 08:49:36.132,1.5876,1.58815,2.80,1.00
2009.11.26 08:49:36.252,1.58765,1.58815,1.00,1.00
2009.11.26 08:49:36.432,1.5877,1.58815,1.00,1.00
2009.11.26 08:49:36.552,1.5877,1.5882,1.00,1.20
2009.11.26 08:49:36.712,1.5877,1.5882,1.60,1.00
2009.11.26 08:49:37.742,1.58775,1.5882,1.00,1.00
2009.11.26 08:49:38.482,1.5877,1.5882,1.60,1.00
2009.11.26 08:49:38.652,1.5877,1.5881,1.00,1.00
2009.11.26 08:49:38.812,1.5877,1.58805,1.00,1.00
2009.11.26 08:49:38.922,1.58765,1.58805,1.00,1.00
2009.11.26 08:49:39.092,1.5876,1.58805,1.00,1.00
2009.11.26 08:49:39.381,1.58765,1.58805,1.00,1.00
2009.11.26 08:49:39.712,1.58765,1.58805,1.00,1.00
2009.11.26 08:49:40.001,1.58765,1.58805,1.00,1.00
2009.11.26 08:49:40.301,1.5876,1.58805,6.20,1.00
2009.11.26 08:49:40.521,1.58765,1.58805,4.40,1.00
2009.11.26 08:49:40.911,1.5876,1.58795,2.80,1.00
2009.11.26 08:49:41.141,1.5876,1.588,2.00,1.00
2009.11.26 08:49:41.371,1.5876,1.58795,2.00,1.00
2009.11.26 08:49:41.721,1.5876,1.588,1.00,1.20
2009.11.26 08:49:42.061,1.5876,1.588,1.00,1.00
2009.11.26 08:49:42.401,1.58755,1.588,1.00,1.00
2009.11.26 08:49:42.741,1.58755,1.58795,1.00,1.00
2009.11.26 08:49:43.031,1.58765,1.588,1.00,1.00
2009.11.26 08:49:43.330,1.58765,1.58805,1.00,1.00
2009.11.26 08:49:43.621,1.58765,1.58805,5.40,1.00
2009.11.26 08:49:44.250,1.58765,1.58805,5.20,1.00
2009.11.26 08:49:44.540,1.58765,1.58805,5.40,1.00
2009.11.26 08:49:44.660,1.58765,1.58805,5.20,1.00
2009.11.26 08:49:44.770,1.58765,1.58795,5.20,1.00
2009.11.26 08:49:45.171,1.5876,1.588,1.00,1.00
2009.11.26 08:49:45.330,1.5876,1.58805,1.00,1.00
2009.11.26 08:49:46.600,1.58765,1.58805,1.00,1.00
2009.11.26 08:49:46.900,1.58765,1.588,1.00,1.00
2009.11.26 08:49:47.190,1.5876,1.588,6.00,1.00
2009.11.26 08:49:47.419,1.58765,1.58805,1.00,1.00
2009.11.26 08:49:47.650,1.5876,1.58805,6.00,1.00
2009.11.26 08:49:47.880,1.58765,1.58805,1.00,1.00
2009.11.26 08:49:48.589,1.5876,1.58805,6.00,1.00
2009.11.26 08:49:48.919,1.58765,1.58805,1.00,1.00
2009.11.26 08:49:49.209,1.58765,1.58805,1.40,1.00
2009.11.26 08:49:49.489,1.58765,1.58805,2.20,1.00
2009.11.26 08:49:50.009,1.58765,1.58805,5.40,1.00
2009.11.26 08:49:51.059,1.5876,1.58805,1.00,1.00
2009.11.26 08:49:51.219,1.5876,1.58805,1.00,1.20
2009.11.26 08:49:52.569,1.58755,1.588,2.20,1.20
2009.11.26 08:49:53.188,1.58755,1.58795,2.20,1.00
2009.11.26 08:49:53.948,1.58755,1.58795,1.40,1.00
2009.11.26 08:49:56.777,1.58755,1.58795,1.00,1.00
2009.11.26 08:49:59.887,1.58755,1.588,5.40,1.00
2009.11.26 08:49:59.997,1.58755,1.58805,6.20,1.00
2009.11.26 08:50:00.397,1.58755,1.5879,5.40,1.00
2009.11.26 08:50:00.576,1.5874,1.5877,2.00,1.00
2009.11.26 08:50:00.687,1.58735,1.5877,1.00,1.00
2009.11.26 08:50:01.016,1.5873,1.58765,8.00,1.00
2009.11.26 08:50:01.366,1.5873,1.58765,4.00,1.00
2009.11.26 08:50:01.706,1.58725,1.5876,4.40,1.00
2009.11.26 08:50:02.776,1.58725,1.58755,4.40,1.00
2009.11.26 08:50:03.406,1.58725,1.5876,4.40,1.00
2009.11.26 08:50:05.825,1.5872,1.5876,1.20,1.00
2009.11.26 08:50:07.235,1.58725,1.5876,1.20,1.00
2009.11.26 08:50:07.585,1.58725,1.58765,1.20,1.00
2009.11.26 08:50:07.985,1.58725,1.5876,1.20,1.00
2009.11.26 08:50:08.275,1.5872,1.5876,4.40,1.20
2009.11.26 08:50:12.534,1.5872,1.5876,4.40,1.00
2009.11.26 08:50:15.123,1.5872,1.5875,1.20,1.00
2009.11.26 08:50:15.233,1.58715,1.5875,1.20,1.00
2009.11.26 08:50:15.343,1.5871,1.5875,5.20,1.00
2009.11.26 08:50:15.683,1.5871,1.5875,4.40,1.20
2009.11.26 08:50:16.033,1.5871,1.58745,4.40,1.00
2009.11.26 08:50:16.553,1.5871,1.5875,5.20,1.00
2009.11.26 08:50:16.723,1.5871,1.58755,5.20,1.20
2009.11.26 08:50:17.302,1.58715,1.58755,4.60,1.00
2009.11.26 08:50:17.473,1.58715,1.58755,6.20,1.00
2009.11.26 08:50:17.822,1.58715,1.58755,7.00,1.00
2009.11.26 08:50:18.172,1.5872,1.58755,4.40,1.00
2009.11.26 08:50:18.512,1.58715,1.58755,7.00,1.00
2009.11.26 08:50:18.812,1.58715,1.58755,4.40,1.00
2009.11.26 08:50:19.322,1.58715,1.5875,4.40,1.00
2009.11.26 08:50:21.142,1.58715,1.5875,4.60,1.00
2009.11.26 08:50:21.371,1.58715,1.58755,6.20,1.00
2009.11.26 08:50:21.671,1.58715,1.5876,3.00,1.70
2009.11.26 08:50:21.891,1.58715,1.58755,1.20,1.00
2009.11.26 08:50:22.171,1.58715,1.5875,1.20,1.00
2009.11.26 08:50:22.751,1.58715,1.5875,4.40,1.00
2009.11.26 08:50:23.731,1.58715,1.5874,4.40,1.00
2009.11.26 08:50:24.081,1.587,1.5873,1.00,1.00
2009.11.26 08:50:24.421,1.58715,1.58735,1.00,1.00
2009.11.26 08:50:25.111,1.5872,1.588,1.00,1.00
2009.11.26 08:50:25.451,1.5873,1.58805,1.00,2.00
2009.11.26 08:50:25.971,1.5873,1.588,1.00,1.00
2009.11.26 08:50:26.550,1.5873,1.58785,1.00,1.20
2009.11.26 08:50:26.730,1.5872,1.58775,1.20,1.00
2009.11.26 08:50:27.070,1.5872,1.5877,1.00,1.00
2009.11.26 08:50:30.259,1.58725,1.5877,1.00,1.00
2009.11.26 08:50:30.479,1.58725,1.5878,1.00,1.20
2009.11.26 08:50:30.719,1.58725,1.58785,1.00,1.60
2009.11.26 08:50:31.659,1.5873,1.58785,1.00,1.00
2009.11.26 08:50:32.289,1.5874,1.58785,1.00,1.00
2009.11.26 08:50:32.629,1.5874,1.588,1.60,1.60
2009.11.26 08:50:34.839,1.5874,1.58795,1.00,1.00
2009.11.26 08:50:35.068,1.5873,1.5879,2.00,1.60
2009.11.26 08:50:35.119,1.5874,1.5879,1.00,1.00
2009.11.26 08:50:35.758,1.5873,1.58785,1.00,1.00
2009.11.26 08:50:36.098,1.5874,1.58785,1.00,1.00
2009.11.26 08:50:36.728,1.58735,1.5879,1.00,1.00
2009.11.26 08:50:37.008,1.5873,1.58785,1.00,1.00
2009.11.26 08:50:37.288,1.5874,1.58785,1.00,1.00
2009.11.26 08:50:37.518,1.58735,1.58785,1.00,1.00
2009.11.26 08:50:37.908,1.5874,1.5879,1.00,1.00
2009.11.26 08:50:38.248,1.58745,1.58795,1.00,1.60
2009.11.26 08:50:38.578,1.5874,1.588,5.40,1.00
2009.11.26 08:50:38.927,1.58735,1.58795,1.60,1.00
2009.11.26 08:50:39.218,1.58735,1.58795,1.00,1.60
2009.11.26 08:50:40.657,1.5874,1.58795,1.00,1.00
2009.11.26 08:50:42.356,1.5875,1.588,1.00,1.00
2009.11.26 08:50:42.646,1.58745,1.588,1.40,1.60
2009.11.26 08:50:42.886,1.5874,1.588,1.60,1.00
2009.11.26 08:50:43.176,1.5875,1.58795,1.00,1.00
2009.11.26 08:50:43.466,1.5875,1.588,1.00,1.00
2009.11.26 08:50:43.706,1.58745,1.588,1.00,1.60
2009.11.26 08:50:43.986,1.5874,1.588,1.00,1.60
2009.11.26 08:50:44.216,1.5874,1.58795,1.00,1.00
2009.11.26 08:50:50.035,1.5875,1.58795,1.00,1.00
2009.11.26 08:50:50.264,1.5875,1.588,1.00,1.00
2009.11.26 08:50:50.604,1.5874,1.588,3.00,1.60
2009.11.26 08:50:51.005,1.5874,1.588,1.00,1.60
2009.11.26 08:50:51.354,1.5874,1.58795,1.00,1.00
2009.11.26 08:50:51.644,1.5874,1.5879,1.00,1.00
2009.11.26 08:50:51.814,1.58735,1.5879,1.00,1.00
2009.11.26 08:50:54.554,1.5873,1.5879,3.20,1.60
2009.11.26 08:50:54.783,1.5873,1.5879,1.00,1.60
2009.11.26 08:50:55.053,1.5873,1.58785,1.00,1.00
2009.11.26 08:50:55.393,1.5873,1.58785,1.00,1.00
2009.11.26 08:50:55.733,1.58725,1.5878,1.00,1.90
2009.11.26 08:50:56.073,1.58725,1.5878,1.00,1.90
2009.11.26 08:50:56.432,1.58725,1.5878,1.00,1.10
2009.11.26 08:50:56.792,1.5873,1.5878,1.00,1.10
2009.11.26 08:50:57.142,1.5872,1.5878,1.60,1.60
2009.11.26 08:50:57.482,1.58725,1.5878,1.00,1.60
2009.11.26 08:50:57.822,1.58725,1.5878,1.00,1.00
2009.11.26 08:50:58.121,1.58725,1.58785,1.00,1.60
2009.11.26 08:50:58.401,1.5872,1.5878,3.00,1.00
2009.11.26 08:50:58.751,1.58725,1.5878,1.00,1.00
2009.11.26 08:50:59.451,1.5872,1.5878,1.60,1.60
2009.11.26 08:50:59.731,1.5872,1.5878,1.00,1.60
2009.11.26 08:51:00.771,1.5872,1.5878,1.00,2.40
2009.11.26 08:51:01.361,1.58715,1.58765,1.00,1.00
2009.11.26 08:51:01.640,1.58705,1.58765,4.20,2.40
2009.11.26 08:51:01.920,1.58705,1.5876,1.20,1.90
2009.11.26 08:51:02.261,1.5869,1.58745,2.00,1.00
2009.11.26 08:51:02.501,1.5869,1.5874,1.00,2.40
2009.11.26 08:51:02.781,1.58685,1.5874,5.80,2.40
2009.11.26 08:51:03.080,1.58685,1.5874,5.00,2.40
2009.11.26 08:51:03.410,1.58685,1.5874,1.00,3.20
2009.11.26 08:51:04.440,1.58685,1.5874,1.00,6.70
2009.11.26 08:51:04.720,1.58685,1.5874,1.00,6.70
2009.11.26 08:51:05.010,1.58685,1.5874,1.00,6.80
2009.11.26 08:51:05.350,1.58685,1.5874,1.00,7.20
2009.11.26 08:51:05.700,1.58685,1.5874,1.40,3.70
2009.11.26 08:51:05.989,1.58685,1.5874,1.40,2.90
2009.11.26 08:51:06.269,1.5869,1.5874,1.00,2.80
2009.11.26 08:51:06.830,1.58685,1.58735,1.30,1.00
2009.11.26 08:51:07.299,1.5869,1.5874,1.00,2.80
2009.11.26 08:51:08.839,1.5869,1.58745,2.20,2.30
2009.11.26 08:51:09.179,1.5869,1.58745,1.00,1.00
2009.11.26 08:51:09.529,1.58695,1.5875,1.00,1.30
2009.11.26 08:51:09.698,1.587,1.5875,1.00,1.60
2009.11.26 08:51:09.909,1.58695,1.5875,1.00,1.60
2009.11.26 08:51:10.029,1.58695,1.5875,1.00,1.00
2009.11.26 08:51:10.209,1.58695,1.5875,3.00,1.00
2009.11.26 08:51:11.568,1.587,1.58755,1.00,3.00
2009.11.26 08:51:11.798,1.587,1.58755,1.70,1.40
2009.11.26 08:51:12.318,1.587,1.5876,1.70,2.10
2009.11.26 08:51:13.198,1.587,1.5875,1.00,1.00
2009.11.26 08:51:13.538,1.587,1.5875,1.60,1.00
2009.11.26 08:51:13.868,1.587,1.58755,1.70,1.20
2009.11.26 08:51:14.168,1.587,1.5876,1.70,2.10
2009.11.26 08:51:14.528,1.587,1.5875,1.00,1.00
2009.11.26 08:51:14.817,1.587,1.5875,2.00,1.00
2009.11.26 08:51:15.457,1.587,1.58755,3.00,3.00
2009.11.26 08:51:15.737,1.5869,1.5874,5.60,2.50
2009.11.26 08:51:16.027,1.58685,1.5874,3.00,2.50
2009.11.26 08:51:16.237,1.58685,1.5874,3.00,2.90
2009.11.26 08:51:16.737,1.58685,1.5874,3.80,2.90
2009.11.26 08:51:17.117,1.58685,1.5874,3.80,6.10
2009.11.26 08:51:17.457,1.5868,1.5873,2.00,2.10
2009.11.26 08:51:19.796,1.58675,1.5873,6.60,2.10
2009.11.26 08:51:20.037,1.58675,1.5873,6.60,2.00
2009.11.26 08:51:20.216,1.5868,1.58735,1.60,2.10
2009.11.26 08:51:20.397,1.5868,1.58735,1.60,1.30
2009.11.26 08:51:20.956,1.58685,1.58735,1.00,1.00
2009.11.26 08:51:21.316,1.58685,1.5874,1.00,2.90
2009.11.26 08:51:22.006,1.58685,1.5874,1.00,2.50
2009.11.26 08:51:22.356,1.58685,1.5874,1.30,1.70
2009.11.26 08:51:23.256,1.58685,1.5873,1.00,1.70
2009.11.26 08:51:23.645,1.58675,1.5873,6.20,1.70
2009.11.26 08:51:23.875,1.58675,1.5873,6.60,1.70
2009.11.26 08:51:25.065,1.58685,1.58735,1.00,1.60
2009.11.26 08:51:25.185,1.5868,1.5873,7.20,1.00
2009.11.26 08:51:25.365,1.5868,1.58735,2.00,3.70
2009.11.26 08:51:25.475,1.58675,1.5873,7.00,1.70
2009.11.26 08:51:25.655,1.58675,1.5873,6.20,1.70
2009.11.26 08:51:26.754,1.5867,1.5872,3.60,1.70
2009.11.26 08:51:27.495,1.58675,1.58725,1.00,2.00
2009.11.26 08:51:27.834,1.5867,1.58725,3.20,1.00
2009.11.26 08:51:28.684,1.58675,1.58725,1.00,1.00
2009.11.26 08:51:29.544,1.58675,1.5873,1.00,6.00
2009.11.26 08:51:30.234,1.5868,1.58735,1.00,1.70
2009.11.26 08:51:30.514,1.5868,1.58735,1.00,1.00
2009.11.26 08:51:30.794,1.58675,1.5873,2.20,1.70
2009.11.26 08:51:32.073,1.58675,1.5873,1.00,5.20
2009.11.26 08:51:32.303,1.58675,1.5873,1.00,6.00
2009.11.26 08:51:34.153,1.58675,1.5872,1.00,2.40
2009.11.26 08:51:34.383,1.5867,1.5872,1.60,2.50
2009.11.26 08:51:35.732,1.5867,1.58725,2.40,2.40
2009.11.26 08:51:35.952,1.5867,1.58725,2.40,1.00
2009.11.26 08:51:38.202,1.5867,1.5872,1.60,2.50
2009.11.26 08:51:38.542,1.58665,1.5872,2.20,2.50
2009.11.26 08:51:39.572,1.5866,1.58715,1.60,1.00
2009.11.26 08:51:39.971,1.5866,1.58715,1.00,1.00
2009.11.26 08:51:42.491,1.5866,1.58715,1.20,1.00
2009.11.26 08:51:42.951,1.5866,1.58715,1.00,1.00
2009.11.26 08:51:44.220,1.58665,1.5872,1.00,3.60
2009.11.26 08:51:44.450,1.58665,1.5872,1.00,2.80
2009.11.26 08:51:44.860,1.58665,1.5872,1.40,2.50
2009.11.26 08:51:49.689,1.5867,1.5872,5.20,1.60
2009.11.26 08:51:49.919,1.5867,1.5872,6.80,1.60
2009.11.26 08:51:50.149,1.58675,1.5872,1.00,1.60
2009.11.26 08:51:50.389,1.587,1.5873,1.00,1.00
2009.11.26 08:51:50.669,1.58705,1.5874,1.00,1.00
2009.11.26 08:51:50.899,1.58705,1.58755,1.00,1.00
2009.11.26 08:51:51.188,1.58705,1.5876,1.00,4.70
2009.11.26 08:51:51.459,1.58715,1.5876,1.00,4.30
2009.11.26 08:51:52.948,1.58715,1.58755,1.00,4.30
2009.11.26 08:51:53.298,1.5871,1.58755,1.20,4.30
2009.11.26 08:51:53.628,1.5871,1.5875,1.00,1.00
2009.11.26 08:51:57.337,1.58705,1.5875,2.80,1.00
2009.11.26 08:51:57.687,1.58705,1.5875,1.00,4.30
2009.11.26 08:52:02.076,1.5874,1.588,1.60,2.00
2009.11.26 08:52:02.546,1.5875,1.588,1.00,1.20
2009.11.26 08:52:02.836,1.58765,1.588,1.00,1.00
2009.11.26 08:52:03.066,1.5877,1.588,1.00,1.00
2009.11.26 08:52:03.356,1.58765,1.58805,1.00,1.00
2009.11.26 08:52:03.815,1.5876,1.58805,1.00,1.00
2009.11.26 08:52:06.415,1.58755,1.58805,1.00,1.40
2009.11.26 08:52:06.585,1.58755,1.58805,1.00,1.00
2009.11.26 08:52:08.404,1.58765,1.58805,1.00,1.00
2009.11.26 08:52:09.384,1.58765,1.58815,1.00,1.00
2009.11.26 08:52:14.003,1.58765,1.5882,1.00,1.00
2009.11.26 08:52:14.573,1.5876,1.58815,1.20,1.00
2009.11.26 08:52:14.873,1.5876,1.58815,1.00,1.00
2009.11.26 08:52:15.433,1.58765,1.5882,1.00,2.20
2009.11.26 08:52:15.553,1.58765,1.5882,1.00,1.40
2009.11.26 08:52:15.663,1.58765,1.58825,1.00,2.00
2009.11.26 08:52:15.723,1.5877,1.58825,1.00,1.20
2009.11.26 08:52:16.433,1.5877,1.58825,1.00,1.00
2009.11.26 08:52:17.472,1.58765,1.58825,1.20,1.60
2009.11.26 08:52:17.832,1.58765,1.58825,1.00,1.60
2009.11.26 08:52:18.122,1.5882,1.5885,1.00,4.30
2009.11.26 08:52:18.472,1.588,1.5884,1.00,1.00
2009.11.26 08:52:18.762,1.5879,1.5884,1.00,1.10
2009.11.26 08:52:19.052,1.5877,1.5884,1.00,1.10
2009.11.26 08:52:19.342,1.58785,1.58835,1.00,1.00
2009.11.26 08:52:19.632,1.5878,1.58835,1.20,1.10
2009.11.26 08:52:19.922,1.5878,1.58835,1.20,1.00
2009.11.26 08:52:20.212,1.5878,1.58835,1.00,1.00
2009.11.26 08:52:20.962,1.5878,1.5882,1.00,1.00
2009.11.26 08:52:21.412,1.5878,1.5882,1.20,1.00
2009.11.26 08:52:21.752,1.5878,1.5885,1.00,1.60
2009.11.26 08:52:22.041,1.5878,1.5885,1.00,1.60
2009.11.26 08:52:23.091,1.5878,1.5884,1.00,1.90
2009.11.26 08:52:23.481,1.58795,1.58835,1.00,1.00
2009.11.26 08:52:23.711,1.58795,1.58845,1.00,1.00
2009.11.26 08:52:23.881,1.58805,1.58845,1.00,1.00
2009.11.26 08:52:24.111,1.58795,1.5885,1.00,1.60
2009.11.26 08:52:24.231,1.5879,1.5885,1.20,1.60
2009.11.26 08:52:24.351,1.5879,1.5885,1.00,2.00
2009.11.26 08:52:24.731,1.5879,1.58845,1.00,1.00
2009.11.26 08:52:25.080,1.588,1.58845,1.00,1.00
2009.11.26 08:52:25.430,1.588,1.5885,1.00,1.20
2009.11.26 08:52:28.140,1.588,1.5885,1.00,1.00
2009.11.26 08:52:30.679,1.5881,1.5885,1.00,1.00
2009.11.26 08:52:30.969,1.5881,1.58855,1.00,1.00
2009.11.26 08:52:31.189,1.5881,1.5886,1.00,1.20
2009.11.26 08:52:32.369,1.58805,1.5886,1.20,1.20
2009.11.26 08:52:32.758,1.58805,1.5886,1.00,1.20
2009.11.26 08:52:33.369,1.58805,1.58855,1.00,1.20
2009.11.26 08:52:33.659,1.58805,1.5886,1.00,1.00
2009.11.26 08:52:33.958,1.5881,1.5886,1.00,1.10
2009.11.26 08:52:34.338,1.5882,1.5887,1.60,1.10
2009.11.26 08:52:34.669,1.5883,1.5887,1.20,1.10
2009.11.26 08:52:35.028,1.58835,1.58875,1.00,3.50
2009.11.26 08:52:36.308,1.58835,1.5887,1.00,1.00
2009.11.26 08:52:36.588,1.58835,1.5887,2.00,1.00
2009.11.26 08:52:36.828,1.5883,1.5888,1.20,5.90
2009.11.26 08:52:37.118,1.5883,1.58865,1.00,1.00
2009.11.26 08:52:37.467,1.58825,1.5887,1.00,6.70
2009.11.26 08:52:37.758,1.5882,1.5887,2.00,5.90
2009.11.26 08:52:38.447,1.58825,1.5887,1.00,5.90
2009.11.26 08:52:39.108,1.58835,1.5887,1.00,1.00
2009.11.26 08:52:39.287,1.58835,1.5888,1.00,1.00
2009.11.26 08:52:39.507,1.58835,1.5889,1.20,1.10
2009.11.26 08:52:39.737,1.5884,1.5889,1.00,1.10
2009.11.26 08:52:42.176,1.5884,1.5889,1.00,1.10
2009.11.26 08:52:43.316,1.5884,1.5888,1.00,1.10
2009.11.26 08:52:43.606,1.5884,1.5888,1.30,1.00
2009.11.26 08:52:43.836,1.5884,1.5889,1.30,1.00
2009.11.26 08:52:44.116,1.58845,1.5889,1.00,4.30
2009.11.26 08:52:44.396,1.58845,1.58885,1.00,1.00
2009.11.26 08:52:44.776,1.5884,1.58885,1.00,1.00
2009.11.26 08:52:45.176,1.5884,1.58885,1.00,1.00
2009.11.26 08:52:45.525,1.5884,1.58885,1.00,1.00
2009.11.26 08:52:47.055,1.5884,1.58885,1.00,1.00
2009.11.26 08:52:47.645,1.5884,1.58885,1.00,1.00
2009.11.26 08:52:47.985,1.5885,1.58895,1.00,2.40
2009.11.26 08:52:48.325,1.5885,1.589,1.00,1.00
2009.11.26 08:52:48.545,1.5885,1.589,1.00,1.00
2009.11.26 08:52:48.785,1.5885,1.58905,5.00,2.50
2009.11.26 08:52:49.225,1.5885,1.5891,1.30,2.10
2009.11.26 08:52:49.455,1.5885,1.5891,2.10,2.10
2009.11.26 08:52:50.035,1.5885,1.5891,6.60,1.70
2009.11.26 08:52:50.384,1.58855,1.5891,1.00,1.70
2009.11.26 08:52:51.274,1.58855,1.5891,1.00,1.00
2009.11.26 08:52:51.664,1.58855,1.58905,1.20,1.00
2009.11.26 08:52:51.824,1.5886,1.58905,1.00,1.60
2009.11.26 08:52:51.944,1.58855,1.58895,1.00,5.90
2009.11.26 08:52:52.054,1.58855,1.58895,1.00,5.10
2009.11.26 08:52:52.224,1.5885,1.58895,1.00,6.00
2009.11.26 08:52:52.344,1.5885,1.5889,1.00,1.60
2009.11.26 08:52:52.454,1.5884,1.5889,1.00,1.70
2009.11.26 08:52:52.574,1.5884,1.5889,1.00,1.00
2009.11.26 08:52:52.964,1.58835,1.5889,1.00,5.20
2009.11.26 08:52:53.304,1.58835,1.5888,1.00,1.60
2009.11.26 08:52:54.004,1.5883,1.5888,1.00,1.60
2009.11.26 08:52:54.633,1.58835,1.5888,1.80,1.00
2009.11.26 08:52:54.953,1.58835,1.58895,1.80,2.00
2009.11.26 08:52:55.293,1.58845,1.58895,1.00,1.00
2009.11.26 08:52:55.523,1.58845,1.589,1.00,1.60
2009.11.26 08:52:55.804,1.5885,1.589,1.00,1.60
2009.11.26 08:52:59.062,1.58845,1.589,1.00,1.60
2009.11.26 08:53:01.232,1.58845,1.589,2.20,1.00
2009.11.26 08:53:01.452,1.58855,1.58905,1.00,1.00
2009.11.26 08:53:01.732,1.5886,1.58905,1.00,1.00
2009.11.26 08:53:02.032,1.58855,1.5891,1.20,1.00
2009.11.26 08:53:02.371,1.58855,1.58905,1.00,1.00
2009.11.26 08:53:03.041,1.5886,1.58905,1.00,1.60
2009.11.26 08:53:03.381,1.5886,1.589,1.00,1.00
2009.11.26 08:53:03.721,1.58855,1.589,1.00,1.00
2009.11.26 08:53:04.401,1.5884,1.58885,1.00,1.00
2009.11.26 08:53:05.091,1.5884,1.58885,1.60,1.00
2009.11.26 08:53:07.770,1.5884,1.58885,1.00,1.00
2009.11.26 08:53:08.060,1.5884,1.58885,2.00,1.00
2009.11.26 08:53:08.570,1.58845,1.58885,1.00,1.00
2009.11.26 08:53:08.740,1.5885,1.58885,6.20,1.00
2009.11.26 08:53:09.250,1.5885,1.589,6.20,1.00
2009.11.26 08:53:09.600,1.5885,1.589,3.00,1.00
2009.11.26 08:53:09.940,1.5885,1.58895,2.20,1.00
2009.11.26 08:53:10.289,1.5885,1.58895,1.20,1.00
2009.11.26 08:53:10.680,1.58845,1.58895,1.00,1.00
2009.11.26 08:53:10.900,1.5884,1.58895,1.60,1.00
2009.11.26 08:53:13.229,1.5884,1.58895,2.00,1.00
2009.11.26 08:53:13.579,1.58845,1.58895,1.00,1.00
2009.11.26 08:53:14.319,1.5884,1.58895,2.00,1.00
2009.11.26 08:53:14.559,1.5884,1.58895,1.60,1.00
2009.11.26 08:53:14.908,1.58845,1.58895,1.00,1.00
2009.11.26 08:53:17.138,1.5884,1.58895,2.00,1.00
2009.11.26 08:53:17.588,1.58845,1.58895,1.00,1.00
2009.11.26 08:53:17.818,1.58845,1.58895,1.00,1.00
2009.11.26 08:53:24.016,1.5884,1.5889,1.20,1.00
2009.11.26 08:53:24.246,1.5884,1.5888,4.80,1.60
2009.11.26 08:53:24.586,1.5884,1.5888,4.40,1.60
2009.11.26 08:53:24.926,1.58845,1.5889,1.00,1.00
2009.11.26 08:53:25.276,1.5883,1.5888,2.60,1.00
2009.11.26 08:53:25.566,1.5883,1.58875,1.00,1.00
2009.11.26 08:53:26.076,1.58825,1.58875,1.00,1.20
2009.11.26 08:53:28.306,1.5883,1.58875,1.00,1.20
2009.11.26 08:53:28.695,1.5883,1.5888,1.00,1.00
2009.11.26 08:53:28.925,1.5883,1.5888,1.00,1.00
2009.11.26 08:53:29.505,1.5883,1.58875,1.00,1.00
2009.11.26 08:53:31.504,1.58825,1.58875,1.60,1.00
2009.11.26 08:53:32.135,1.5883,1.58875,1.00,1.00
2009.11.26 08:53:32.654,1.5883,1.5888,1.00,1.00
2009.11.26 08:53:35.934,1.58835,1.5888,1.00,1.00
2009.11.26 08:53:36.053,1.5883,1.5888,1.20,1.00
2009.11.26 08:53:36.403,1.5883,1.58885,1.20,1.20
2009.11.26 08:53:36.703,1.5883,1.58885,1.00,1.00
2009.11.26 08:53:37.103,1.58835,1.58885,1.00,1.00
2009.11.26 08:53:37.803,1.58835,1.5889,1.00,1.20
2009.11.26 08:53:40.772,1.58835,1.5889,1.00,1.00
2009.11.26 08:53:44.841,1.58835,1.5889,1.60,1.00
2009.11.26 08:53:45.122,1.5885,1.5889,1.00,1.00
2009.11.26 08:53:45.631,1.5886,1.58915,1.00,2.00
2009.11.26 08:53:45.921,1.5885,1.589,1.00,1.00
2009.11.26 08:53:46.222,1.5885,1.58885,1.00,1.00
2009.11.26 08:53:46.511,1.58825,1.58885,1.00,1.00
2009.11.26 08:53:46.791,1.5882,1.5888,1.00,1.20
2009.11.26 08:53:47.151,1.5882,1.5888,1.00,1.00
2009.11.26 08:53:47.451,1.5882,1.58885,1.00,1.60
2009.11.26 08:53:48.141,1.5882,1.5888,1.60,1.60
2009.11.26 08:53:48.491,1.58815,1.58875,2.00,1.00
2009.11.26 08:53:48.841,1.58815,1.58875,2.00,1.60
2009.11.26 08:53:49.930,1.58815,1.58865,1.00,1.00
2009.11.26 08:53:50.331,1.5881,1.58865,1.00,1.00
2009.11.26 08:53:50.670,1.58805,1.58865,1.60,1.00
2009.11.26 08:53:53.300,1.58805,1.5886,1.00,1.00
2009.11.26 08:53:53.679,1.588,1.5886,1.60,1.00
2009.11.26 08:53:54.909,1.588,1.58855,1.00,1.00
2009.11.26 08:53:55.249,1.58795,1.58855,1.00,1.00
2009.11.26 08:53:55.589,1.58795,1.58855,1.00,1.60
2009.11.26 08:53:56.808,1.58795,1.5885,1.00,1.00
2009.11.26 08:53:57.158,1.5879,1.58845,2.20,1.00
2009.11.26 08:53:57.498,1.58785,1.5884,1.00,1.00
2009.11.26 08:53:58.118,1.58785,1.58835,1.00,1.00
2009.11.26 08:53:58.678,1.5878,1.5884,1.60,1.20
2009.11.26 08:53:59.368,1.5878,1.5884,1.60,1.60
2009.11.26 08:54:01.777,1.5878,1.58835,1.00,1.00
2009.11.26 08:54:02.007,1.5878,1.5884,1.60,1.60
2009.11.26 08:54:08.236,1.5878,1.5884,2.60,1.60
2009.11.26 08:54:08.586,1.5878,1.5884,2.60,1.00
2009.11.26 08:54:15.464,1.58785,1.58845,1.00,1.60
2009.11.26 08:54:15.564,1.58785,1.58845,1.60,1.00
2009.11.26 08:54:16.814,1.58795,1.5885,1.00,1.00
2009.11.26 08:54:17.143,1.58795,1.5885,1.80,1.00
2009.11.26 08:54:17.493,1.58795,1.58845,1.00,1.00
2009.11.26 08:54:17.773,1.58795,1.5885,1.00,1.00
2009.11.26 08:54:19.063,1.58795,1.5885,1.00,1.00
2009.11.26 08:54:19.403,1.58795,1.5884,1.00,1.00
2009.11.26 08:54:19.633,1.58785,1.5884,1.00,1.00
2009.11.26 08:54:20.343,1.58785,1.58845,2.60,1.00
2009.11.26 08:54:20.573,1.58785,1.5884,1.00,1.00
2009.11.26 08:54:23.002,1.58785,1.5884,1.00,1.00
2009.11.26 08:54:24.012,1.5878,1.5883,1.00,1.00
2009.11.26 08:54:24.292,1.58775,1.5883,1.00,1.00
2009.11.26 08:54:25.751,1.5878,1.5883,1.00,1.00
2009.11.26 08:54:26.211,1.5878,1.5883,1.00,1.00
2009.11.26 08:54:31.070,1.5878,1.58835,1.60,1.00
2009.11.26 08:54:31.520,1.5878,1.5884,1.60,1.30
2009.11.26 08:54:31.760,1.5878,1.5884,1.60,1.00
2009.11.26 08:54:33.630,1.58785,1.5884,1.00,1.00
2009.11.26 08:54:34.309,1.58785,1.5884,1.60,1.00
2009.11.26 08:54:39.108,1.58785,1.5884,1.00,1.00
2009.11.26 08:54:39.398,1.5878,1.5884,1.60,1.00
2009.11.26 08:54:43.677,1.58785,1.5884,1.60,1.00
2009.11.26 08:54:45.087,1.5879,1.5885,1.60,1.30
2009.11.26 08:54:45.737,1.5879,1.5885,1.60,1.00
2009.11.26 08:54:48.016,1.58795,1.58845,1.00,1.00
2009.11.26 08:54:48.356,1.5879,1.58845,1.00,1.00
2009.11.26 08:54:49.266,1.5879,1.58845,1.00,1.00
2009.11.26 08:54:50.116,1.5879,1.5884,1.00,1.00
2009.11.26 08:54:51.276,1.58785,1.58845,2.60,1.00
2009.11.26 08:54:51.505,1.58785,1.58845,2.00,1.00
2009.11.26 08:54:51.836,1.5879,1.58845,1.00,1.00
2009.11.26 08:54:52.865,1.58785,1.5884,1.00,1.00
2009.11.26 08:54:53.895,1.58785,1.5883,1.00,1.00
2009.11.26 08:54:54.065,1.5878,1.5883,1.00,1.00
2009.11.26 08:54:54.695,1.5878,1.58835,1.60,1.40
2009.11.26 08:54:55.085,1.58785,1.5884,1.00,2.20
2009.11.26 08:54:55.434,1.58785,1.5884,1.00,1.80
2009.11.26 08:54:56.354,1.58785,1.5884,1.00,2.00
2009.11.26 08:54:57.114,1.58785,1.58845,1.60,2.00
2009.11.26 08:54:57.284,1.58785,1.5884,1.60,1.00
2009.11.26 08:54:57.464,1.58785,1.58845,1.60,2.00
2009.11.26 08:54:57.804,1.58785,1.58845,1.60,2.80
2009.11.26 08:54:59.973,1.58785,1.5883,1.00,1.00
2009.11.26 08:55:00.373,1.58775,1.5883,1.00,1.00
2009.11.26 08:55:00.713,1.58785,1.58835,1.20,3.60
2009.11.26 08:55:01.523,1.58785,1.58835,1.20,3.20
2009.11.26 08:55:02.083,1.58785,1.58835,1.20,3.30
2009.11.26 08:55:02.533,1.5879,1.58835,1.00,2.50
2009.11.26 08:55:02.712,1.58795,1.5884,1.60,3.50
2009.11.26 08:55:02.932,1.58795,1.5884,1.60,2.40
2009.11.26 08:55:03.463,1.58795,1.5884,1.60,2.00
2009.11.26 08:55:04.613,1.5881,1.5884,1.00,1.00
2009.11.26 08:55:04.782,1.5881,1.5885,1.00,2.30
2009.11.26 08:55:05.012,1.5881,1.5885,1.00,1.00
2009.11.26 08:55:05.252,1.5881,1.5886,1.00,1.20
2009.11.26 08:55:05.532,1.5881,1.5886,1.00,1.00
2009.11.26 08:55:10.251,1.58815,1.5886,2.40,1.00
2009.11.26 08:55:10.820,1.58815,1.5886,3.70,1.00
2009.11.26 08:55:11.160,1.58815,1.58865,3.70,1.00
2009.11.26 08:55:12.081,1.5882,1.5887,1.00,1.00
2009.11.26 08:55:12.200,1.5882,1.5887,1.80,1.00
2009.11.26 08:55:12.321,1.5883,1.58875,1.00,5.50
2009.11.26 08:55:12.431,1.5883,1.58875,1.00,1.20
2009.11.26 08:55:12.540,1.5883,1.58875,1.00,1.00
2009.11.26 08:55:12.600,1.5883,1.5888,1.00,1.20
2009.11.26 08:55:12.710,1.5883,1.5888,1.80,1.20
2009.11.26 08:55:12.830,1.5883,1.5888,1.80,1.00
2009.11.26 08:55:13.240,1.5883,1.58885,1.80,2.00
2009.11.26 08:55:16.639,1.5883,1.58885,1.80,1.20
2009.11.26 08:55:17.349,1.5883,1.58885,1.80,2.00
2009.11.26 08:55:18.209,1.5883,1.5888,1.80,1.00
2009.11.26 08:55:18.559,1.5883,1.5888,1.00,1.60
2009.11.26 08:55:18.849,1.5882,1.58875,2.20,1.00
2009.11.26 08:55:19.189,1.5882,1.58875,1.80,1.00
2009.11.26 08:55:19.479,1.5882,1.5888,2.60,2.40
2009.11.26 08:55:20.518,1.5882,1.58875,2.60,1.00
2009.11.26 08:55:20.928,1.58825,1.58875,1.80,1.00
2009.11.26 08:55:21.108,1.58825,1.58885,1.80,2.00
2009.11.26 08:55:21.218,1.58825,1.5887,1.00,1.00
2009.11.26 08:55:21.398,1.58825,1.58875,1.00,1.00
2009.11.26 08:55:21.738,1.58825,1.58875,1.00,2.40
2009.11.26 08:55:22.078,1.58825,1.5887,1.00,1.00
2009.11.26 08:55:23.168,1.58825,1.58875,1.00,2.80
2009.11.26 08:55:23.528,1.58845,1.5889,1.00,1.20
2009.11.26 08:55:23.828,1.58835,1.5889,1.20,1.60
2009.11.26 08:55:24.127,1.58825,1.5889,1.00,1.00
2009.11.26 08:55:24.408,1.5882,1.5889,1.60,1.60
2009.11.26 08:55:25.207,1.5883,1.5888,1.60,1.00
2009.11.26 08:55:25.437,1.5883,1.5889,1.60,1.60
2009.11.26 08:55:28.256,1.58835,1.5889,1.00,1.00
2009.11.26 08:55:28.467,1.58835,1.58895,1.60,1.60
2009.11.26 08:55:29.216,1.58835,1.5889,1.00,1.00
2009.11.26 08:55:30.566,1.5883,1.5889,2.00,1.60
2009.11.26 08:55:30.686,1.5883,1.5889,1.60,1.60
2009.11.26 08:55:31.096,1.5882,1.58875,1.20,1.00
2009.11.26 08:55:31.306,1.5882,1.58875,1.00,1.00
2009.11.26 08:55:37.364,1.5881,1.5887,1.60,1.00
2009.11.26 08:55:37.544,1.5881,1.58865,1.00,1.00
2009.11.26 08:55:37.814,1.5881,1.58875,1.00,1.20
2009.11.26 08:55:38.204,1.58815,1.5887,1.00,1.00
2009.11.26 08:55:38.904,1.5882,1.5887,1.00,1.00
2009.11.26 08:55:43.922,1.5882,1.58875,1.00,1.20
2009.11.26 08:55:44.273,1.58825,1.5888,1.00,1.00
2009.11.26 08:55:44.552,1.58825,1.58885,1.00,1.00
2009.11.26 08:55:44.772,1.5882,1.58885,1.00,4.80
2009.11.26 08:55:45.223,1.5882,1.58885,1.00,1.00
2009.11.26 08:55:45.512,1.58825,1.5889,1.00,1.00
2009.11.26 08:55:46.002,1.58825,1.58885,1.00,1.00
2009.11.26 08:55:46.512,1.58825,1.58885,1.80,1.00
2009.11.26 08:55:46.742,1.58825,1.58885,4.80,1.00
2009.11.26 08:55:47.202,1.58825,1.58885,1.00,1.00
2009.11.26 08:55:50.191,1.5882,1.5888,1.00,1.00
2009.11.26 08:55:51.251,1.58815,1.5888,1.00,1.00
2009.11.26 08:55:54.320,1.5882,1.58875,1.00,1.00
2009.11.26 08:55:54.660,1.58815,1.58875,1.20,1.00
2009.11.26 08:55:54.940,1.58815,1.58875,1.60,1.60
2009.11.26 08:55:58.249,1.588,1.5886,1.20,1.20
2009.11.26 08:55:58.609,1.58805,1.5886,1.00,1.00
2009.11.26 08:56:02.178,1.58805,1.58855,1.00,1.20
2009.11.26 08:56:02.288,1.58805,1.58855,1.00,2.00
2009.11.26 08:56:04.118,1.58795,1.5884,1.00,1.00
2009.11.26 08:56:07.467,1.58795,1.5884,1.60,1.00
2009.11.26 08:56:07.757,1.588,1.58845,1.00,1.00
2009.11.26 08:56:09.656,1.588,1.5884,1.00,1.00
2009.11.26 08:56:10.047,1.58795,1.58835,1.00,1.00
2009.11.26 08:56:11.626,1.5879,1.58835,1.00,1.00
2009.11.26 08:56:12.526,1.5879,1.58825,1.00,1.00
2009.11.26 08:56:12.636,1.58785,1.5882,1.00,1.00
2009.11.26 08:56:12.806,1.5878,1.58815,1.00,1.00
2009.11.26 08:56:13.206,1.58775,1.5882,1.00,1.20
2009.11.26 08:56:13.566,1.58785,1.5882,1.00,4.30
2009.11.26 08:56:13.905,1.58785,1.5882,1.60,1.00
2009.11.26 08:56:14.075,1.588,1.5886,1.00,1.00
2009.11.26 08:56:14.305,1.58795,1.58865,1.00,1.20
2009.11.26 08:56:14.465,1.5881,1.5887,1.00,1.00
2009.11.26 08:56:14.705,1.58805,1.58875,1.20,1.00
2009.11.26 08:56:14.875,1.58805,1.58875,1.00,1.00
2009.11.26 08:56:15.585,1.5881,1.58865,1.00,2.00
2009.11.26 08:56:15.935,1.5881,1.58865,1.00,1.60
2009.11.26 08:56:16.225,1.5881,1.58865,1.00,1.00
2009.11.26 08:56:17.435,1.58805,1.58865,1.20,1.60
2009.11.26 08:56:17.555,1.58805,1.58865,1.00,2.80
2009.11.26 08:56:18.324,1.5881,1.58865,1.00,1.60
2009.11.26 08:56:18.675,1.588,1.5885,1.20,1.00
2009.11.26 08:56:19.024,1.58785,1.58855,1.00,1.00
2009.11.26 08:56:19.364,1.588,1.58855,1.00,1.00
2009.11.26 08:56:19.704,1.58815,1.5886,1.00,1.20
2009.11.26 08:56:20.064,1.5881,1.5886,1.00,1.00
2009.11.26 08:56:20.354,1.5881,1.58865,1.60,1.00
2009.11.26 08:56:20.584,1.5881,1.58865,1.00,1.00
2009.11.26 08:56:20.874,1.5882,1.5887,2.60,1.00
2009.11.26 08:56:21.114,1.5882,1.58875,2.60,1.00
2009.11.26 08:56:21.413,1.5882,1.5888,2.60,1.20
2009.11.26 08:56:22.464,1.5882,1.58865,1.80,1.00
2009.11.26 08:56:22.643,1.5882,1.5887,1.00,4.40
2009.11.26 08:56:22.813,1.58815,1.58865,1.00,1.20
2009.11.26 08:56:23.663,1.58815,1.5887,1.60,1.20
2009.11.26 08:56:23.953,1.58815,1.5887,1.60,1.00
2009.11.26 08:56:25.292,1.5882,1.5887,1.00,1.00
2009.11.26 08:56:25.523,1.5882,1.58875,1.60,1.20
2009.11.26 08:56:25.853,1.5882,1.58875,1.60,1.00
2009.11.26 08:56:26.252,1.58825,1.58875,1.00,1.00
2009.11.26 08:56:26.363,1.58825,1.5888,1.00,1.20
2009.11.26 08:56:26.702,1.58825,1.5888,1.60,1.00
2009.11.26 08:56:27.622,1.58825,1.58875,1.60,1.00
2009.11.26 08:56:28.352,1.58825,1.5887,1.00,1.00
2009.11.26 08:56:28.872,1.58825,1.5887,1.60,1.00
2009.11.26 08:56:29.392,1.58825,1.58875,1.60,1.00
2009.11.26 08:56:29.672,1.58825,1.5887,1.00,1.00
2009.11.26 08:56:30.321,1.5882,1.5887,1.00,1.20
2009.11.26 08:56:30.721,1.5882,1.5886,1.00,1.00
2009.11.26 08:56:31.011,1.58805,1.5885,1.60,1.00
2009.11.26 08:56:31.281,1.58805,1.5886,1.60,1.00
2009.11.26 08:56:31.581,1.5881,1.58855,1.60,1.00
2009.11.26 08:56:31.871,1.5881,1.58855,1.00,1.00
2009.11.26 08:56:32.161,1.58805,1.58855,1.60,1.00
2009.11.26 08:56:32.791,1.58805,1.5885,1.00,1.00
2009.11.26 08:56:33.800,1.588,1.5885,1.60,1.00
2009.11.26 08:56:34.301,1.588,1.58855,1.60,1.20
2009.11.26 08:56:34.751,1.588,1.58845,1.60,1.00
2009.11.26 08:56:36.430,1.588,1.5885,1.60,1.20
2009.11.26 08:56:37.060,1.588,1.58845,1.60,1.00
2009.11.26 08:56:44.108,1.58815,1.5886,1.00,1.00
2009.11.26 08:56:44.458,1.58825,1.58875,1.00,1.20
2009.11.26 08:56:44.788,1.5883,1.5887,1.00,1.00
2009.11.26 08:56:45.178,1.58835,1.5887,1.00,1.00
2009.11.26 08:56:45.568,1.5882,1.5888,2.00,1.00
2009.11.26 08:56:45.788,1.5882,1.58875,1.60,1.00
2009.11.26 08:56:49.607,1.5882,1.58865,1.00,1.00
2009.11.26 08:56:49.827,1.58815,1.58865,1.00,1.00
2009.11.26 08:56:50.067,1.58815,1.58865,1.60,1.00
2009.11.26 08:56:51.786,1.58815,1.58865,1.00,1.20
2009.11.26 08:56:51.896,1.58815,1.58855,1.00,1.00
2009.11.26 08:56:52.006,1.58815,1.5886,1.00,1.20
2009.11.26 08:56:52.416,1.5882,1.5886,1.00,1.00
2009.11.26 08:56:52.467,1.5882,1.58865,1.00,1.00
2009.11.26 08:56:52.586,1.5882,1.58865,1.60,1.00
2009.11.26 08:56:52.706,1.5882,1.5887,1.60,1.00
2009.11.26 08:56:53.856,1.5882,1.5887,1.00,1.00
2009.11.26 08:56:58.515,1.5882,1.58875,2.00,1.00
2009.11.26 08:56:58.855,1.5882,1.58875,1.60,1.00
2009.11.26 08:57:00.244,1.5882,1.58875,1.00,1.20
2009.11.26 08:57:00.404,1.5882,1.5887,1.00,1.20
2009.11.26 08:57:05.013,1.5882,1.5887,1.60,1.00
2009.11.26 08:57:05.183,1.5882,1.58875,1.60,1.00
2009.11.26 08:57:06.473,1.5882,1.5887,1.00,1.00
2009.11.26 08:57:06.763,1.5882,1.5887,1.00,1.20
2009.11.26 08:57:14.091,1.58815,1.5887,1.60,1.20
2009.11.26 08:57:15.591,1.5882,1.58875,1.00,1.20
2009.11.26 08:57:15.771,1.5882,1.5887,1.00,1.00
2009.11.26 08:57:15.940,1.58825,1.5887,1.00,1.00
2009.11.26 08:57:16.120,1.58825,1.58875,1.00,1.00
2009.11.26 08:57:16.291,1.58825,1.58875,1.00,1.00
2009.11.26 08:57:17.160,1.58825,1.58875,1.60,1.00
2009.11.26 08:57:21.089,1.5883,1.58875,1.00,1.00
2009.11.26 08:57:21.479,1.5883,1.5888,1.60,1.00
2009.11.26 08:57:27.308,1.5882,1.5887,1.60,1.00
2009.11.26 08:57:28.487,1.5882,1.58865,1.00,1.00
2009.11.26 08:57:28.827,1.58815,1.58865,1.60,1.20
2009.11.26 08:57:29.187,1.58815,1.5886,1.00,1.00
2009.11.26 08:57:29.527,1.58815,1.5886,1.60,1.00
2009.11.26 08:57:29.867,1.58815,1.58865,1.60,1.20
2009.11.26 08:57:30.197,1.5881,1.5886,1.00,1.20
2009.11.26 08:57:30.417,1.58805,1.5886,2.00,1.20
2009.11.26 08:57:30.577,1.58815,1.5886,1.00,1.00
2009.11.26 08:57:30.807,1.58815,1.5886,1.60,1.00
2009.11.26 08:57:31.207,1.58825,1.5887,1.00,1.00
2009.11.26 08:57:31.557,1.5883,1.58875,1.00,1.00
2009.11.26 08:57:31.887,1.5883,1.5888,1.00,1.00
2009.11.26 08:57:34.666,1.58825,1.58875,1.00,1.00
2009.11.26 08:57:34.896,1.5882,1.58875,1.00,2.00
2009.11.26 08:57:35.066,1.5882,1.58865,1.00,1.00
2009.11.26 08:57:35.236,1.58815,1.58865,1.60,1.00
2009.11.26 08:57:39.485,1.58815,1.58865,2.00,1.00
2009.11.26 08:57:39.765,1.58815,1.58865,1.60,1.00
2009.11.26 08:57:40.834,1.5882,1.5887,1.00,1.00
2009.11.26 08:57:47.113,1.5882,1.5887,1.60,1.00
2009.11.26 08:57:47.343,1.5882,1.5887,1.00,1.00
2009.11.26 08:57:47.693,1.5882,1.5887,1.60,1.00
2009.11.26 08:57:48.043,1.5882,1.58875,1.60,1.00
2009.11.26 08:57:49.362,1.58825,1.5888,1.00,1.20
2009.11.26 08:57:49.592,1.58825,1.5888,1.60,1.00
2009.11.26 08:57:50.522,1.58825,1.58875,1.00,1.00
2009.11.26 08:57:50.692,1.58825,1.58875,1.60,1.00
2009.11.26 08:57:50.862,1.5883,1.5888,1.00,1.20
2009.11.26 08:57:51.152,1.58825,1.5888,1.60,1.00
2009.11.26 08:57:52.502,1.5883,1.58875,1.00,1.00
2009.11.26 08:57:54.851,1.58825,1.58875,1.60,1.00
2009.11.26 08:58:02.569,1.58825,1.5887,1.60,1.00
2009.11.26 08:58:02.629,1.58825,1.5887,1.00,1.00
2009.11.26 08:58:02.959,1.5883,1.58875,1.00,1.20
2009.11.26 08:58:03.019,1.58825,1.58875,1.00,1.20
2009.11.26 08:58:03.459,1.58825,1.5887,1.00,1.00
2009.11.26 08:58:04.159,1.5882,1.5887,2.00,1.00
2009.11.26 08:58:07.248,1.58825,1.5887,1.00,1.00
2009.11.26 08:58:10.677,1.58815,1.58865,2.00,1.00
2009.11.26 08:58:10.847,1.58825,1.5887,1.00,1.00
2009.11.26 08:58:11.077,1.5882,1.5887,1.00,1.00
2009.11.26 08:58:11.257,1.5882,1.5887,1.00,1.00
2009.11.26 08:58:11.437,1.5882,1.5887,1.60,1.00
2009.11.26 08:58:11.607,1.5882,1.5887,1.00,1.00
2009.11.26 08:58:21.265,1.58825,1.5887,1.00,1.00
2009.11.26 08:58:26.714,1.5882,1.5887,1.20,1.00
2009.11.26 08:58:27.224,1.5882,1.5887,1.20,1.20
2009.11.26 08:58:27.333,1.5882,1.5887,1.00,1.20
2009.11.26 08:58:28.993,1.58825,1.5887,1.00,1.00
2009.11.26 08:58:30.282,1.58825,1.5887,1.00,1.20
2009.11.26 08:58:30.572,1.58815,1.58865,1.60,1.00
2009.11.26 08:58:30.743,1.58815,1.58865,1.00,1.00
2009.11.26 08:58:30.972,1.5881,1.58865,2.00,1.00
2009.11.26 08:58:31.152,1.5881,1.5886,2.00,1.00
2009.11.26 08:58:31.322,1.5881,1.5886,2.00,1.20
2009.11.26 08:58:31.493,1.5881,1.5886,1.60,1.20
2009.11.26 08:58:32.192,1.5881,1.5886,1.00,2.00
2009.11.26 08:58:32.492,1.58805,1.58855,2.60,1.20
2009.11.26 08:58:32.842,1.5881,1.58855,1.00,1.00
2009.11.26 08:58:37.211,1.58805,1.58845,1.80,1.00
2009.11.26 08:58:37.391,1.588,1.58845,1.00,1.00
2009.11.26 08:58:37.561,1.58795,1.5884,1.00,1.00
2009.11.26 08:58:37.681,1.5879,1.5884,1.00,1.00
2009.11.26 08:58:38.021,1.58785,1.58835,1.00,1.00
2009.11.26 08:58:38.421,1.58785,1.5884,1.00,1.00
2009.11.26 08:58:38.770,1.58795,1.5884,1.00,1.00
2009.11.26 08:58:39.110,1.58795,1.58845,1.00,1.00
2009.11.26 08:58:39.570,1.58795,1.5884,1.00,1.00
2009.11.26 08:58:41.930,1.58795,1.58845,1.00,1.20
2009.11.26 08:58:42.280,1.5879,1.5884,1.20,1.00
2009.11.26 08:58:42.800,1.5879,1.5884,1.00,1.00
2009.11.26 08:58:44.979,1.58795,1.5884,1.00,1.00
2009.11.26 08:58:52.167,1.58795,1.58845,1.00,1.00
2009.11.26 08:58:53.447,1.58785,1.58845,1.60,2.00
2009.11.26 08:58:54.007,1.58785,1.5884,1.60,1.20
2009.11.26 08:58:54.697,1.58785,1.5884,1.60,1.00
2009.11.26 08:58:57.306,1.58785,1.58835,1.60,1.00
2009.11.26 08:58:57.766,1.5879,1.58835,1.00,1.00
2009.11.26 08:58:57.936,1.5879,1.5884,1.00,1.20
2009.11.26 08:58:58.286,1.5879,1.5884,1.00,1.00
2009.11.26 08:58:58.985,1.58795,1.58845,1.00,1.00
2009.11.26 08:58:59.156,1.58795,1.58845,1.00,1.20
2009.11.26 08:58:59.396,1.5879,1.58845,1.20,1.20
2009.11.26 08:58:59.575,1.5879,1.58845,1.00,1.20
2009.11.26 08:59:02.815,1.5879,1.58845,1.00,1.00
2009.11.26 08:59:07.044,1.5879,1.5885,1.00,2.00
2009.11.26 08:59:08.543,1.58785,1.58845,1.60,1.20
2009.11.26 08:59:08.773,1.58785,1.58845,1.60,2.00
2009.11.26 08:59:09.063,1.5879,1.58845,1.00,1.20
2009.11.26 08:59:09.353,1.5879,1.58845,1.00,1.00
2009.11.26 08:59:09.893,1.5879,1.5885,1.60,1.60
2009.11.26 08:59:10.113,1.5879,1.58845,1.00,1.20
2009.11.26 08:59:10.343,1.5879,1.58845,1.00,1.00
2009.11.26 08:59:10.793,1.58785,1.58845,2.00,1.60
2009.11.26 08:59:11.023,1.58785,1.58845,1.60,2.00
2009.11.26 08:59:11.313,1.5879,1.58845,1.00,1.20
2009.11.26 08:59:11.483,1.5879,1.5884,1.00,1.00
2009.11.26 08:59:13.632,1.58785,1.5884,1.60,1.00
2009.11.26 08:59:16.931,1.58785,1.5884,1.60,1.20
2009.11.26 08:59:17.111,1.58785,1.5883,1.00,1.20
2009.11.26 08:59:17.281,1.5878,1.5883,1.00,1.20
2009.11.26 08:59:17.511,1.58775,1.5883,2.00,1.20
2009.11.26 08:59:17.691,1.58775,1.5883,1.70,1.20
2009.11.26 08:59:18.041,1.58775,1.58835,1.60,2.00
2009.11.26 08:59:18.391,1.5878,1.58835,1.00,2.00
2009.11.26 08:59:18.741,1.5878,1.58835,1.00,1.20
2009.11.26 08:59:19.431,1.58795,1.58845,1.00,1.00
2009.11.26 08:59:20.050,1.58795,1.58855,1.60,1.00
2009.11.26 08:59:20.261,1.58795,1.5886,1.60,2.00
2009.11.26 08:59:22.270,1.588,1.58855,1.00,1.20
2009.11.26 08:59:22.500,1.58795,1.58855,1.60,2.00
2009.11.26 08:59:22.900,1.58795,1.5884,1.00,1.00
2009.11.26 08:59:23.130,1.58785,1.58835,1.20,1.00
2009.11.26 08:59:23.480,1.58795,1.58845,1.60,1.00
2009.11.26 08:59:23.840,1.58795,1.58855,1.60,1.00
2009.11.26 08:59:24.170,1.58795,1.58855,1.60,2.00
2009.11.26 08:59:24.340,1.58795,1.58855,1.60,1.20
2009.11.26 08:59:24.620,1.58795,1.58855,1.60,2.00
2009.11.26 08:59:26.509,1.58795,1.5884,1.00,1.00
2009.11.26 08:59:26.629,1.5879,1.58835,1.00,1.00
2009.11.26 08:59:27.429,1.5879,1.58835,1.00,1.20
2009.11.26 08:59:27.599,1.58785,1.5883,1.00,1.00
2009.11.26 08:59:28.469,1.5878,1.5883,1.00,1.00
2009.11.26 08:59:29.029,1.5878,1.5883,1.00,1.20
2009.11.26 08:59:31.308,1.5878,1.58825,1.00,1.00
2009.11.26 08:59:35.947,1.5878,1.5883,1.60,1.00
2009.11.26 08:59:36.177,1.5878,1.58835,1.60,1.20
2009.11.26 08:59:36.357,1.5878,1.5883,1.00,1.00
2009.11.26 08:59:36.807,1.58775,1.5883,1.60,1.00
2009.11.26 08:59:37.506,1.58775,1.58825,1.60,1.00
2009.11.26 08:59:38.166,1.5879,1.58825,1.00,1.00
2009.11.26 08:59:38.516,1.5879,1.58835,2.40,1.00
2009.11.26 08:59:39.146,1.588,1.58845,1.60,1.20
2009.11.26 08:59:39.326,1.58805,1.58845,1.20,1.20
2009.11.26 08:59:45.584,1.58805,1.58845,1.20,1.30
2009.11.26 08:59:45.694,1.58795,1.58835,1.00,1.00
2009.11.26 08:59:45.805,1.5879,1.58835,2.60,1.00
2009.11.26 08:59:45.924,1.5879,1.58835,1.60,1.00
2009.11.26 08:59:49.433,1.5879,1.58835,1.60,1.00
2009.11.26 08:59:49.484,1.5879,1.58825,1.60,1.00
2009.11.26 08:59:49.544,1.5878,1.58825,2.80,1.00
2009.11.26 08:59:49.604,1.5878,1.58825,2.00,1.00
2009.11.26 08:59:50.113,1.5878,1.58825,1.60,1.00
2009.11.26 08:59:51.453,1.58775,1.58825,1.00,1.00
2009.11.26 08:59:51.933,1.5878,1.58835,1.00,1.00
2009.11.26 08:59:52.403,1.5879,1.5884,1.00,1.20
2009.11.26 08:59:52.573,1.5879,1.5884,1.00,1.00
2009.11.26 08:59:52.733,1.5879,1.5884,1.80,1.00
2009.11.26 08:59:52.843,1.58795,1.5885,1.00,1.00
2009.11.26 08:59:58.161,1.588,1.5885,1.00,1.00
2009.11.26 08:59:59.391,1.588,1.5885,1.00,1.00
2009.11.26 08:59:59.741,1.58805,1.58855,1.00,1.00
2009.11.26 08:59:59.911,1.58805,1.5886,1.00,1.20
