2016.03.24 23:00:00.757,1.47967,1.4803,1.00,1.37
2016.03.24 23:00:01.067,1.47967,1.48013,1.00,1.50
2016.03.24 23:00:01.523,1.47967,1.48023,1.00,1.50
2016.03.24 23:00:01.625,1.47967,1.48027,1.00,1.57
2016.03.24 23:00:03.240,1.47967,1.48027,1.00,1.57
2016.03.24 23:00:04.182,1.47967,1.48022,1.00,1.37
2016.03.24 23:00:04.708,1.47967,1.48022,1.00,1.75
2016.03.24 23:00:06.235,1.47967,1.48018,1.00,1.12
2016.03.24 23:00:06.885,1.47967,1.48025,1.00,1.10
2016.03.24 23:00:06.936,1.47973,1.48023,1.00,1.00
2016.03.24 23:00:07.038,1.47973,1.48027,1.00,1.12
2016.03.24 23:00:08.265,1.47973,1.48023,1.00,1.00
2016.03.24 23:00:10.288,1.47972,1.48028,1.00,1.37
2016.03.24 23:00:10.441,1.47967,1.48033,1.00,1.75
2016.03.24 23:00:10.973,1.47967,1.48029,1.00,1.50
2016.03.24 23:00:22.109,1.47967,1.48022,1.00,1.00
2016.03.24 23:00:22.898,1.47967,1.48022,1.56,1.00
2016.03.24 23:00:22.949,1.47967,1.48025,1.56,1.07
2016.03.24 23:00:23.000,1.47977,1.48014,1.00,1.00
2016.03.24 23:00:23.304,1.4798,1.48019,1.00,1.00
2016.03.24 23:00:25.165,1.47983,1.48019,1.00,1.00
2016.03.24 23:00:25.468,1.47986,1.48022,1.00,1.00
2016.03.24 23:00:26.184,1.47983,1.4802,1.00,1.00
2016.03.24 23:00:35.677,1.47986,1.48023,1.00,1.00
2016.03.24 23:00:39.092,1.47984,1.4802,1.00,1.00
2016.03.24 23:00:53.217,1.47979,1.48025,1.00,1.00
2016.03.24 23:00:53.268,1.4798,1.48021,1.00,1.00
2016.03.24 23:00:53.370,1.47979,1.48025,1.00,1.00
2016.03.24 23:00:54.230,1.4798,1.48021,1.00,1.00
2016.03.24 23:00:54.724,1.4798,1.48018,1.00,1.00
2016.03.24 23:00:56.464,1.4798,1.48021,1.00,1.00
2016.03.24 23:00:58.076,1.4798,1.48025,1.00,1.00
2016.03.24 23:00:59.281,1.4798,1.48025,1.00,1.37
2016.03.24 23:01:01.311,1.47981,1.48026,1.00,1.37
2016.03.24 23:01:03.266,1.47985,1.48022,1.00,1.00
2016.03.24 23:01:03.570,1.47988,1.48024,1.00,1.00
2016.03.24 23:01:04.335,1.47989,1.4803,1.00,1.00
2016.03.24 23:01:09.102,1.47992,1.4803,1.00,1.00
2016.03.24 23:01:12.999,1.47993,1.4803,1.00,1.00
2016.03.24 23:01:15.070,1.47992,1.4803,1.00,1.00
2016.03.24 23:01:17.020,1.47993,1.4803,1.00,1.00
2016.03.24 23:01:20.235,1.47992,1.4803,1.00,1.00
2016.03.24 23:01:21.303,1.47993,1.4803,1.00,1.00
2016.03.24 23:01:22.105,1.47992,1.4803,1.00,1.00
2016.03.24 23:01:24.519,1.47992,1.4802,1.00,1.00
2016.03.24 23:01:24.671,1.47977,1.48014,1.00,1.00
2016.03.24 23:01:24.722,1.47986,1.48022,1.00,1.00
2016.03.24 23:01:24.824,1.47988,1.4803,1.00,1.50
2016.03.24 23:01:25.026,1.47991,1.4803,1.00,1.00
2016.03.24 23:01:31.636,1.4799,1.4803,1.00,1.00
2016.03.24 23:01:32.320,1.47991,1.4803,1.00,1.00
2016.03.24 23:01:32.666,1.47993,1.4803,1.00,1.50
2016.03.24 23:01:33.142,1.47991,1.48027,1.00,1.00
2016.03.24 23:01:35.825,1.47993,1.48033,1.00,1.00
2016.03.24 23:01:35.927,1.47992,1.48039,1.00,1.00
2016.03.24 23:01:39.225,1.47992,1.48035,1.00,1.00
2016.03.24 23:01:40.106,1.47991,1.48039,1.00,1.00
2016.03.24 23:01:52.973,1.47988,1.48037,1.00,1.00
2016.03.24 23:01:53.601,1.47992,1.4804,1.00,1.00
2016.03.24 23:01:54.126,1.47991,1.48041,1.00,1.00
2016.03.24 23:01:54.227,1.47991,1.48043,1.00,1.00
2016.03.24 23:01:55.249,1.47987,1.48034,1.00,1.00
2016.03.24 23:01:56.265,1.47989,1.4803,1.00,1.00
2016.03.24 23:01:56.605,1.4799,1.48026,1.00,1.00
2016.03.24 23:02:02.601,1.47987,1.48024,1.00,1.00
2016.03.24 23:02:23.031,1.4799,1.48027,1.00,1.00
2016.03.24 23:02:23.132,1.4799,1.48031,1.00,1.00
2016.03.24 23:02:23.848,1.47985,1.48034,1.00,1.00
2016.03.24 23:02:33.015,1.47987,1.48037,1.00,1.00
2016.03.24 23:02:33.124,1.47988,1.48033,1.00,1.00
2016.03.24 23:02:39.126,1.47988,1.4803,1.00,1.00
2016.03.24 23:02:42.011,1.4799,1.48026,1.00,1.00
2016.03.24 23:03:01.212,1.47987,1.48024,1.00,1.00
2016.03.24 23:03:19.653,1.47985,1.48021,1.00,1.00
2016.03.24 23:03:22.289,1.47986,1.48024,1.00,1.00
2016.03.24 23:03:30.185,1.47984,1.48021,1.00,1.00
2016.03.24 23:03:37.250,1.47987,1.48024,1.00,1.00
2016.03.24 23:03:38.455,1.47985,1.48021,1.00,1.00
2016.03.24 23:03:42.972,1.47969,1.4803,1.00,1.50
2016.03.24 23:03:43.073,1.47969,1.48027,1.00,1.10
2016.03.24 23:04:00.840,1.47965,1.48027,1.00,1.00
2016.03.24 23:04:03.942,1.47965,1.48029,1.00,1.00
2016.03.24 23:04:05.197,1.47965,1.48027,1.00,1.00
2016.03.24 23:04:25.103,1.47964,1.48027,1.50,1.10
2016.03.24 23:05:13.231,1.47959,1.48029,1.00,1.07
2016.03.24 23:05:13.382,1.47959,1.48016,1.00,1.07
2016.03.24 23:05:13.686,1.47959,1.48007,1.00,1.00
2016.03.24 23:05:14.627,1.47959,1.48011,1.00,1.00
2016.03.24 23:05:18.338,1.47959,1.48007,1.50,1.00
2016.03.24 23:05:26.982,1.47959,1.48009,1.00,1.00
2016.03.24 23:05:27.083,1.47959,1.48016,1.00,1.45
2016.03.24 23:05:43.712,1.47959,1.48011,1.00,1.00
2016.03.24 23:05:52.244,1.47959,1.48015,1.00,1.20
2016.03.24 23:05:52.854,1.47959,1.48015,1.00,1.47
2016.03.24 23:05:57.265,1.47959,1.48017,1.00,1.45
2016.03.24 23:05:58.543,1.47962,1.48017,1.00,1.45
2016.03.24 23:06:02.609,1.47962,1.48017,1.00,1.87
2016.03.24 23:06:04.864,1.47964,1.48,1.00,1.00
2016.03.24 23:06:04.915,1.47963,1.48012,1.00,1.75
2016.03.24 23:06:05.017,1.47969,1.48007,1.00,1.00
2016.03.24 23:06:05.413,1.47975,1.48011,1.00,1.00
2016.03.24 23:06:16.938,1.47977,1.48013,1.00,1.00
2016.03.24 23:06:20.989,1.47974,1.48011,1.00,1.37
2016.03.24 23:06:21.141,1.47961,1.4801,1.00,1.12
2016.03.24 23:06:37.657,1.47961,1.48008,1.00,1.00
2016.03.24 23:06:43.855,1.47961,1.48013,1.00,1.75
2016.03.24 23:06:55.038,1.47965,1.48015,1.00,1.75
2016.03.24 23:06:55.393,1.47965,1.47995,1.00,1.00
2016.03.24 23:07:01.149,1.47962,1.47995,1.00,1.00
2016.03.24 23:07:03.402,1.47962,1.47999,1.00,1.00
2016.03.24 23:07:03.655,1.47962,1.47995,1.00,1.00
2016.03.24 23:07:04.481,1.47962,1.47999,1.00,1.00
2016.03.24 23:07:04.634,1.47962,1.48006,1.00,1.00
2016.03.24 23:07:08.584,1.47962,1.48001,1.00,1.00
2016.03.24 23:07:09.548,1.47962,1.48005,1.00,1.00
2016.03.24 23:07:12.941,1.47962,1.48002,1.00,1.00
2016.03.24 23:07:13.266,1.47962,1.47994,1.00,1.00
2016.03.24 23:07:23.741,1.47962,1.47998,1.00,1.00
2016.03.24 23:07:23.893,1.47962,1.48004,1.00,1.00
2016.03.24 23:07:32.681,1.47962,1.48003,1.00,1.00
2016.03.24 23:07:33.007,1.47962,1.48013,1.00,1.50
2016.03.24 23:07:37.218,1.47962,1.48013,1.00,1.50
2016.03.24 23:07:42.268,1.47962,1.48003,1.00,1.00
2016.03.24 23:07:43.001,1.47962,1.48008,1.00,1.00
2016.03.24 23:07:46.061,1.47962,1.48003,1.00,1.00
2016.03.24 23:07:46.365,1.47946,1.47984,1.50,1.00
2016.03.24 23:07:46.669,1.47946,1.47979,1.00,1.00
2016.03.24 23:07:46.821,1.47946,1.47986,1.00,1.00
2016.03.24 23:07:47.268,1.47946,1.47975,1.00,1.00
2016.03.24 23:07:50.642,1.47946,1.47973,1.00,1.00
2016.03.24 23:07:51.557,1.47937,1.47973,1.00,1.00
2016.03.24 23:07:51.709,1.47937,1.47976,1.00,1.00
2016.03.24 23:07:51.823,1.47937,1.47983,1.00,1.00
2016.03.24 23:07:51.874,1.47937,1.47978,1.00,1.00
2016.03.24 23:07:52.228,1.47937,1.47973,1.00,1.00
2016.03.24 23:07:52.621,1.47937,1.47971,1.00,1.00
2016.03.24 23:07:56.856,1.47937,1.47973,1.00,1.00
2016.03.24 23:07:58.374,1.47937,1.47969,1.00,1.00
2016.03.24 23:08:00.030,1.47937,1.47973,1.00,1.00
2016.03.24 23:08:00.721,1.47935,1.47973,1.00,1.00
2016.03.24 23:08:01.993,1.47934,1.47973,1.00,1.00
2016.03.24 23:08:02.760,1.47932,1.47969,1.00,1.00
2016.03.24 23:08:03.827,1.47935,1.47971,1.00,1.00
2016.03.24 23:08:17.079,1.47937,1.47974,1.00,1.00
2016.03.24 23:08:23.615,1.47938,1.47977,1.00,1.00
2016.03.24 23:08:28.122,1.47938,1.47975,1.00,1.00
2016.03.24 23:08:28.508,1.47938,1.47977,1.00,1.00
2016.03.24 23:08:28.559,1.47939,1.47975,1.00,1.00
2016.03.24 23:08:30.171,1.47938,1.47979,1.00,1.00
2016.03.24 23:08:32.054,1.47939,1.47975,1.00,1.00
2016.03.24 23:08:32.806,1.47938,1.4798,1.00,1.00
2016.03.24 23:08:33.311,1.47939,1.47975,1.00,1.00
2016.03.24 23:08:35.146,1.47939,1.47972,1.00,2.25
2016.03.24 23:08:35.298,1.47931,1.47967,1.00,1.00
2016.03.24 23:08:35.349,1.47937,1.47973,1.00,1.00
2016.03.24 23:08:35.451,1.47935,1.47994,1.50,3.00
2016.03.24 23:08:35.552,1.47931,1.47988,1.50,1.00
2016.03.24 23:08:35.654,1.47952,1.47989,1.00,1.00
2016.03.24 23:08:35.856,1.47949,1.47991,1.00,1.00
2016.03.24 23:08:35.957,1.4794,1.47989,1.00,1.00
2016.03.24 23:08:36.160,1.47937,1.47989,1.00,1.00
2016.03.24 23:08:36.261,1.47932,1.47984,1.00,1.00
2016.03.24 23:08:36.526,1.47923,1.47986,1.50,1.00
2016.03.24 23:08:36.627,1.47926,1.47989,1.00,1.00
2016.03.24 23:08:36.928,1.47932,1.47987,1.00,1.00
2016.03.24 23:08:37.301,1.47937,1.47986,1.00,1.00
2016.03.24 23:08:37.605,1.47955,1.47995,1.00,1.00
2016.03.24 23:08:37.656,1.47954,1.47999,1.00,1.00
2016.03.24 23:08:40.467,1.47956,1.47996,1.00,1.00
2016.03.24 23:08:41.511,1.47952,1.47997,1.00,1.00
2016.03.24 23:08:43.772,1.47959,1.47996,1.00,1.00
2016.03.24 23:08:44.280,1.47956,1.47993,1.00,1.00
2016.03.24 23:08:45.181,1.47964,1.48001,1.00,1.00
2016.03.24 23:08:45.283,1.47966,1.48005,1.00,1.00
2016.03.24 23:08:45.334,1.47971,1.48008,1.00,1.00
2016.03.24 23:08:45.435,1.47971,1.48013,1.00,1.00
2016.03.24 23:08:45.688,1.47972,1.48009,1.00,1.00
2016.03.24 23:08:46.791,1.4797,1.48006,1.00,1.00
2016.03.24 23:08:47.095,1.47976,1.48013,1.00,1.00
2016.03.24 23:08:47.247,1.47974,1.48012,1.00,1.00
2016.03.24 23:08:47.298,1.47977,1.48013,1.00,1.00
2016.03.24 23:08:47.628,1.47979,1.48014,1.00,1.00
2016.03.24 23:08:47.781,1.4797,1.4801,1.00,1.00
2016.03.24 23:08:47.933,1.47972,1.48008,1.00,1.00
2016.03.24 23:08:47.984,1.47959,1.48,1.00,1.00
2016.03.24 23:08:48.085,1.47954,1.48001,1.00,1.00
2016.03.24 23:08:48.238,1.47949,1.47997,1.00,1.00
2016.03.24 23:08:49.821,1.47956,1.47994,1.00,1.00
2016.03.24 23:08:50.144,1.47958,1.47995,1.00,1.00
2016.03.24 23:08:53.067,1.47955,1.47991,1.00,1.00
2016.03.24 23:09:04.153,1.47952,1.47988,1.00,1.00
2016.03.24 23:09:12.123,1.47955,1.47991,1.00,1.00
2016.03.24 23:09:13.017,1.47952,1.47988,1.00,1.00
2016.03.24 23:09:23.829,1.47957,1.47993,1.00,1.00
2016.03.24 23:09:26.641,1.47954,1.47991,1.00,1.00
2016.03.24 23:09:38.860,1.47952,1.47988,1.00,1.00
2016.03.24 23:09:46.536,1.47949,1.47992,1.00,1.00
2016.03.24 23:09:46.637,1.47952,1.47995,1.00,1.00
2016.03.24 23:09:46.689,1.47951,1.48001,1.00,1.00
2016.03.24 23:09:46.740,1.47962,1.4801,1.00,1.00
2016.03.24 23:09:47.067,1.47964,1.48012,1.00,1.00
2016.03.24 23:09:47.463,1.47965,1.4801,1.00,1.00
2016.03.24 23:09:47.790,1.47967,1.48005,1.00,1.00
2016.03.24 23:09:49.798,1.47966,1.48007,1.00,1.00
2016.03.24 23:09:52.856,1.47967,1.48004,1.00,1.00
2016.03.24 23:09:56.570,1.47971,1.48007,1.00,1.00
2016.03.24 23:09:57.905,1.47968,1.48006,1.00,1.00
2016.03.24 23:09:58.948,1.47968,1.48009,1.00,1.00
2016.03.24 23:10:03.701,1.47965,1.48007,1.00,1.00
2016.03.24 23:10:06.175,1.47967,1.48003,1.00,1.00
2016.03.24 23:10:13.721,1.47969,1.48006,1.00,1.00
2016.03.24 23:10:13.772,1.47965,1.48008,1.00,1.00
2016.03.24 23:10:14.611,1.47962,1.48007,1.00,1.00
2016.03.24 23:10:15.930,1.4796,1.48012,1.00,1.00
2016.03.24 23:10:16.293,1.47962,1.48005,1.00,1.00
2016.03.24 23:10:17.146,1.47961,1.48009,1.00,1.00
2016.03.24 23:10:17.198,1.47962,1.48003,1.00,1.00
2016.03.24 23:10:17.634,1.47966,1.48002,1.00,1.00
2016.03.24 23:10:19.281,1.47961,1.48003,1.00,1.00
2016.03.24 23:10:19.484,1.4796,1.48009,1.00,1.00
2016.03.24 23:10:19.586,1.47959,1.48006,1.00,1.00
2016.03.24 23:10:20.830,1.4796,1.48009,1.00,1.00
2016.03.24 23:10:21.391,1.4796,1.48007,1.00,1.00
2016.03.24 23:10:21.493,1.4796,1.48009,1.00,1.00
2016.03.24 23:10:21.648,1.47961,1.48003,1.00,1.00
2016.03.24 23:10:22.034,1.4796,1.48009,1.00,1.00
2016.03.24 23:10:22.247,1.4796,1.48004,1.00,1.00
2016.03.24 23:10:22.399,1.4796,1.48009,1.00,1.00
2016.03.24 23:10:22.728,1.47961,1.48003,1.00,1.00
2016.03.24 23:10:22.830,1.47961,1.48006,1.00,1.00
2016.03.24 23:10:23.463,1.47965,1.48002,1.00,1.00
2016.03.24 23:10:25.494,1.47963,1.48005,1.00,1.00
2016.03.24 23:10:28.921,1.47966,1.48006,1.00,1.00
2016.03.24 23:10:30.700,1.47963,1.48006,1.00,1.00
2016.03.24 23:10:33.032,1.4796,1.48012,1.00,1.00
2016.03.24 23:10:33.133,1.47963,1.48011,1.00,1.00
2016.03.24 23:10:33.502,1.47967,1.48003,1.00,1.00
2016.03.24 23:10:35.663,1.47963,1.48008,1.00,1.00
2016.03.24 23:10:36.962,1.47962,1.48011,1.00,1.00
2016.03.24 23:10:37.193,1.47963,1.48008,1.00,1.00
2016.03.24 23:10:38.015,1.47968,1.48004,1.00,1.00
2016.03.24 23:10:39.943,1.47962,1.4801,1.00,1.00
2016.03.24 23:10:40.820,1.47962,1.48007,1.00,1.00
2016.03.24 23:10:44.121,1.47963,1.48004,1.00,1.00
2016.03.24 23:10:46.205,1.47966,1.48007,1.00,1.00
2016.03.24 23:10:46.358,1.47963,1.48006,1.00,1.00
2016.03.24 23:10:46.561,1.47962,1.48011,1.00,1.00
2016.03.24 23:10:47.536,1.47969,1.4801,1.00,1.00
2016.03.24 23:10:48.060,1.47969,1.48009,1.00,1.00
2016.03.24 23:10:48.499,1.47969,1.48006,1.00,1.00
2016.03.24 23:10:49.238,1.47967,1.48003,1.00,1.00
2016.03.24 23:10:55.510,1.47964,1.48007,1.00,1.00
2016.03.24 23:10:55.663,1.47963,1.48012,1.00,1.00
2016.03.24 23:10:55.815,1.47963,1.48008,1.00,1.00
2016.03.24 23:10:56.121,1.47963,1.48013,1.00,1.00
2016.03.24 23:10:56.316,1.47963,1.48008,1.00,1.00
2016.03.24 23:10:56.570,1.47963,1.48013,1.00,1.00
2016.03.24 23:10:56.861,1.47963,1.48008,1.00,1.00
2016.03.24 23:10:57.409,1.47963,1.48013,1.00,1.00
2016.03.24 23:10:57.565,1.47963,1.48008,1.00,1.00
2016.03.24 23:10:58.952,1.47964,1.48002,1.00,1.00
2016.03.24 23:11:04.570,1.47964,1.48007,1.00,1.00
2016.03.24 23:11:04.886,1.47963,1.48011,1.00,1.00
2016.03.24 23:11:04.937,1.47959,1.48009,1.00,1.00
2016.03.24 23:11:05.470,1.47961,1.48004,1.00,1.00
2016.03.24 23:11:05.572,1.47959,1.48007,1.00,1.00
2016.03.24 23:11:06.505,1.47962,1.48003,1.00,1.00
2016.03.24 23:11:06.607,1.47961,1.48006,1.00,1.00
2016.03.24 23:11:06.915,1.47964,1.48005,1.00,1.00
2016.03.24 23:11:06.966,1.47965,1.48008,1.00,1.00
2016.03.24 23:11:08.957,1.47959,1.48006,1.00,1.00
2016.03.24 23:11:10.096,1.47963,1.48005,1.00,1.00
2016.03.24 23:11:10.248,1.47959,1.48006,1.00,1.00
2016.03.24 23:11:10.401,1.4796,1.48002,1.00,1.00
2016.03.24 23:11:10.553,1.47959,1.48006,1.00,1.00
2016.03.24 23:11:11.712,1.47963,1.48003,1.00,1.00
2016.03.24 23:11:17.416,1.47963,1.48,1.00,1.00
2016.03.24 23:11:21.929,1.47964,1.48006,1.00,1.00
2016.03.24 23:11:22.030,1.47966,1.48006,1.00,1.00
2016.03.24 23:11:22.537,1.4797,1.48007,1.00,1.00
2016.03.24 23:11:22.842,1.47967,1.48003,1.00,1.00
2016.03.24 23:11:24.305,1.47965,1.48005,1.00,1.00
2016.03.24 23:11:24.811,1.47964,1.48006,1.00,1.00
2016.03.24 23:11:28.858,1.4797,1.48006,1.00,1.00
2016.03.24 23:11:38.852,1.47966,1.48005,1.00,1.00
2016.03.24 23:12:05.637,1.4797,1.48007,1.00,1.00
2016.03.24 23:12:14.039,1.47968,1.48004,1.00,1.00
2016.03.24 23:12:45.330,1.4797,1.48008,1.00,1.00
2016.03.24 23:12:52.434,1.47967,1.48006,1.00,1.00
2016.03.24 23:13:19.698,1.47965,1.48002,1.00,1.00
2016.03.24 23:13:28.918,1.47967,1.48004,1.00,1.00
2016.03.24 23:13:30.776,1.47968,1.48006,1.00,1.00
2016.03.24 23:13:30.827,1.47966,1.48004,1.00,1.00
2016.03.24 23:13:33.077,1.47964,1.48001,1.00,1.00
2016.03.24 23:14:09.753,1.47968,1.48004,1.00,1.00
2016.03.24 23:14:53.534,1.4797,1.48006,1.00,1.00
2016.03.24 23:15:09.479,1.47968,1.48004,1.00,1.00
2016.03.24 23:15:17.134,1.4797,1.48007,1.00,1.00
2016.03.24 23:15:21.465,1.47968,1.48004,1.00,1.00
2016.03.24 23:15:25.118,1.47971,1.48008,1.00,1.00
2016.03.24 23:15:31.132,1.47969,1.48005,1.00,1.00
2016.03.24 23:15:36.429,1.4797,1.48009,1.00,1.00
2016.03.24 23:15:39.303,1.47969,1.48005,1.00,1.00
2016.03.24 23:15:41.398,1.47971,1.48008,1.00,1.00
2016.03.24 23:15:49.135,1.47973,1.4801,1.00,1.00
2016.03.24 23:15:50.231,1.47971,1.48008,1.00,1.00
2016.03.24 23:15:53.396,1.47969,1.48005,1.00,1.00
2016.03.24 23:15:56.440,1.47972,1.48008,1.00,1.00
2016.03.24 23:16:10.257,1.4797,1.48006,1.00,1.00
2016.03.24 23:16:12.359,1.47975,1.48011,1.00,1.00
2016.03.24 23:16:30.523,1.47972,1.48009,1.00,1.00
2016.03.24 23:16:35.067,1.4797,1.48007,1.00,1.00
2016.03.24 23:16:40.711,1.47973,1.48009,1.00,1.00
2016.03.24 23:16:40.863,1.47975,1.48012,1.00,1.00
2016.03.24 23:16:46.412,1.47972,1.48009,1.00,1.00
2016.03.24 23:16:48.027,1.47969,1.4801,1.00,1.00
2016.03.24 23:16:48.179,1.47973,1.48009,1.00,1.00
2016.03.24 23:16:48.281,1.47967,1.48008,1.00,1.00
2016.03.24 23:16:48.661,1.47968,1.48004,1.00,1.00
2016.03.24 23:16:51.489,1.47971,1.48008,1.00,1.00
2016.03.24 23:16:53.140,1.47969,1.48005,1.00,1.00
2016.03.24 23:16:53.192,1.47962,1.48013,1.00,1.12
2016.03.24 23:16:53.344,1.47963,1.4801,1.00,1.00
2016.03.24 23:16:53.749,1.47962,1.48014,1.00,1.50
2016.03.24 23:16:53.953,1.47967,1.48008,1.00,1.00
2016.03.24 23:16:54.452,1.4797,1.48007,1.00,1.00
2016.03.24 23:17:03.350,1.47967,1.48004,1.00,1.00
2016.03.24 23:17:11.723,1.4797,1.48006,1.00,1.00
2016.03.24 23:17:27.162,1.47968,1.48004,1.00,1.00
2016.03.24 23:17:27.666,1.4797,1.48007,1.00,1.00
2016.03.24 23:17:30.773,1.47968,1.48004,1.00,1.00
2016.03.24 23:17:36.966,1.47971,1.48007,1.00,1.00
2016.03.24 23:17:37.888,1.47968,1.48005,1.00,1.00
2016.03.24 23:17:38.042,1.47968,1.48008,1.00,1.00
2016.03.24 23:17:42.092,1.47968,1.48011,1.00,1.00
2016.03.24 23:17:42.516,1.47968,1.48008,1.00,1.00
2016.03.24 23:17:43.696,1.47968,1.48011,1.00,1.00
2016.03.24 23:17:43.944,1.47968,1.48008,1.00,1.00
2016.03.24 23:17:44.976,1.47968,1.48011,1.00,1.00
2016.03.24 23:17:45.247,1.47968,1.48008,1.00,1.00
2016.03.24 23:17:50.245,1.47972,1.48008,1.00,1.00
2016.03.24 23:17:50.353,1.47974,1.48011,1.00,1.00
2016.03.24 23:18:14.482,1.47971,1.48008,1.00,1.00
2016.03.24 23:18:19.347,1.47974,1.4801,1.00,1.00
2016.03.24 23:18:24.387,1.47971,1.48007,1.00,1.00
2016.03.24 23:18:26.695,1.47974,1.4801,1.00,1.00
2016.03.24 23:18:30.780,1.4797,1.48009,1.00,1.00
2016.03.24 23:18:33.644,1.47974,1.4801,1.00,1.00
2016.03.24 23:18:42.256,1.47975,1.48012,1.00,1.00
2016.03.24 23:18:43.748,1.47973,1.48009,1.00,1.00
2016.03.24 23:18:44.974,1.47974,1.48012,1.00,1.00
2016.03.24 23:18:45.686,1.47973,1.48009,1.00,1.00
2016.03.24 23:18:46.869,1.47976,1.48012,1.00,1.00
2016.03.24 23:18:47.726,1.47973,1.4801,1.00,1.00
2016.03.24 23:18:47.828,1.47971,1.48007,1.00,1.00
2016.03.24 23:18:49.258,1.47969,1.4801,1.00,1.00
2016.03.24 23:18:50.645,1.47969,1.48005,1.00,1.00
2016.03.24 23:18:51.709,1.47973,1.48009,1.00,1.00
2016.03.24 23:18:53.810,1.47975,1.48012,1.00,1.50
2016.03.24 23:19:01.817,1.47973,1.4801,1.00,1.00
2016.03.24 23:19:09.665,1.47971,1.48007,1.00,1.00
2016.03.24 23:19:09.972,1.47968,1.48005,1.00,1.00
2016.03.24 23:19:17.660,1.47966,1.48002,1.00,1.00
2016.03.24 23:19:18.732,1.47969,1.48005,1.00,1.00
2016.03.24 23:19:19.054,1.47972,1.48008,1.00,1.00
2016.03.24 23:19:23.772,1.4797,1.48006,1.00,1.00
2016.03.24 23:19:27.527,1.47967,1.48003,1.00,1.00
2016.03.24 23:19:28.414,1.47964,1.48001,1.00,1.00
2016.03.24 23:19:47.970,1.47964,1.48001,1.00,1.56
2016.03.24 23:19:48.022,1.47961,1.47993,1.00,1.31
2016.03.24 23:19:48.175,1.4795,1.47986,1.00,1.00
2016.03.24 23:19:48.345,1.47955,1.47992,1.00,1.00
2016.03.24 23:19:49.071,1.47958,1.47995,1.00,1.00
2016.03.24 23:19:49.375,1.47961,1.47997,1.00,1.00
2016.03.24 23:19:49.679,1.47958,1.47995,1.00,1.00
2016.03.24 23:19:51.375,1.47956,1.47992,1.00,1.00
2016.03.24 23:19:51.680,1.47977,1.48013,1.00,1.00
2016.03.24 23:19:51.832,1.47978,1.48036,2.06,1.45
2016.03.24 23:19:51.883,1.47983,1.48037,1.00,1.00
2016.03.24 23:19:51.935,1.47992,1.48039,1.75,1.00
2016.03.24 23:19:52.444,1.47994,1.48039,1.37,1.00
2016.03.24 23:19:52.818,1.48002,1.48038,1.00,1.00
2016.03.24 23:19:53.072,1.48,1.48037,1.00,1.00
2016.03.24 23:19:53.225,1.48003,1.48039,1.00,1.50
2016.03.24 23:19:55.135,1.48,1.48036,1.00,1.00
2016.03.24 23:19:55.237,1.48002,1.48039,1.00,1.50
2016.03.24 23:19:56.063,1.47999,1.48037,1.00,1.00
2016.03.24 23:19:56.215,1.48003,1.48039,1.00,1.00
2016.03.24 23:19:56.570,1.48,1.48037,1.00,1.00
2016.03.24 23:19:56.672,1.48002,1.48039,1.00,1.00
2016.03.24 23:19:56.966,1.47998,1.48038,1.00,1.00
2016.03.24 23:19:57.257,1.47991,1.48036,1.12,1.00
2016.03.24 23:19:57.359,1.47989,1.48036,1.75,1.56
2016.03.24 23:19:57.410,1.47992,1.48029,1.00,1.00
2016.03.24 23:19:57.512,1.47989,1.48027,1.00,1.00
2016.03.24 23:19:57.766,1.47994,1.48036,1.00,1.50
2016.03.24 23:19:57.969,1.47999,1.48038,1.00,1.00
2016.03.24 23:19:59.696,1.47998,1.48035,1.00,1.00
2016.03.24 23:20:00.001,1.47999,1.48038,1.00,1.00
2016.03.24 23:20:00.771,1.47998,1.48036,1.00,1.00
2016.03.24 23:20:03.794,1.48001,1.48038,1.00,1.00
2016.03.24 23:20:04.337,1.48001,1.48039,1.00,1.00
2016.03.24 23:20:05.066,1.48002,1.48039,1.00,1.00
2016.03.24 23:20:05.547,1.47998,1.48039,1.00,1.00
2016.03.24 23:20:05.700,1.48003,1.48039,1.00,1.00
2016.03.24 23:20:05.801,1.48,1.48039,1.00,1.00
2016.03.24 23:20:07.732,1.48003,1.48039,1.00,1.00
2016.03.24 23:20:07.834,1.47997,1.48039,1.00,1.00
2016.03.24 23:20:08.037,1.48003,1.48039,1.00,1.00
2016.03.24 23:20:09.438,1.48,1.48039,1.00,1.50
2016.03.24 23:20:09.786,1.48002,1.48039,1.00,1.00
2016.03.24 23:20:09.887,1.48,1.48039,1.00,1.00
2016.03.24 23:20:10.146,1.47997,1.48039,1.00,1.00
2016.03.24 23:20:10.248,1.47999,1.48039,1.00,1.00
2016.03.24 23:20:12.742,1.48,1.48039,1.00,1.00
2016.03.24 23:20:13.243,1.47999,1.48039,1.00,1.00
2016.03.24 23:20:15.263,1.48,1.48039,1.00,1.50
2016.03.24 23:20:16.276,1.47999,1.48039,1.00,1.00
2016.03.24 23:20:21.909,1.47997,1.48037,1.00,1.00
2016.03.24 23:20:22.011,1.47995,1.48039,1.00,1.00
2016.03.24 23:20:23.113,1.47997,1.48037,1.00,1.00
2016.03.24 23:20:23.215,1.47993,1.48039,1.00,1.00
2016.03.24 23:20:23.875,1.47997,1.48034,1.00,1.00
2016.03.24 23:20:25.382,1.47997,1.48038,1.00,1.00
2016.03.24 23:20:25.433,1.47996,1.48032,1.00,1.00
2016.03.24 23:20:28.271,1.47999,1.48035,1.00,1.00
2016.03.24 23:20:39.472,1.48005,1.48035,1.00,1.00
2016.03.24 23:20:39.726,1.48005,1.48039,1.00,1.00
2016.03.24 23:20:48.127,1.48005,1.48037,1.00,1.00
2016.03.24 23:20:56.893,1.48005,1.4804,1.00,1.00
2016.03.24 23:21:00.824,1.48005,1.48038,1.00,1.00
2016.03.24 23:21:01.771,1.48005,1.4804,1.00,1.00
2016.03.24 23:21:05.366,1.48005,1.48037,1.00,1.00
2016.03.24 23:21:32.973,1.48005,1.4804,1.00,1.00
2016.03.24 23:21:33.176,1.48005,1.48037,1.00,1.00
2016.03.24 23:21:33.778,1.48005,1.4804,1.00,1.00
2016.03.24 23:21:34.363,1.48005,1.48037,1.00,1.00
2016.03.24 23:21:38.367,1.48001,1.48037,1.00,1.00
2016.03.24 23:21:38.418,1.47997,1.48036,1.00,1.00
2016.03.24 23:21:38.520,1.47998,1.48034,1.00,1.00
2016.03.24 23:21:38.910,1.48005,1.48037,1.00,1.00
2016.03.24 23:21:40.116,1.48005,1.48039,1.00,1.00
2016.03.24 23:21:50.149,1.48005,1.48037,1.00,1.00
2016.03.24 23:21:53.779,1.48005,1.4804,1.00,1.00
2016.03.24 23:21:58.753,1.48005,1.48037,1.00,1.00
2016.03.24 23:22:03.704,1.48005,1.4804,1.00,1.00
2016.03.24 23:22:05.875,1.48005,1.48037,1.00,1.00
2016.03.24 23:22:09.617,1.48005,1.4804,1.00,1.00
2016.03.24 23:22:10.184,1.48005,1.48038,1.00,1.00
2016.03.24 23:22:18.357,1.48004,1.48038,1.00,1.00
2016.03.24 23:22:43.720,1.48004,1.48041,1.50,1.00
2016.03.24 23:22:43.771,1.48007,1.48043,1.00,1.00
2016.03.24 23:22:44.075,1.48013,1.48049,1.00,1.50
2016.03.24 23:22:53.107,1.48015,1.48049,1.00,1.00
2016.03.24 23:22:59.636,1.4801,1.48049,1.50,2.25
2016.03.24 23:22:59.739,1.48015,1.48049,1.00,1.50
2016.03.24 23:23:01.932,1.48015,1.48047,1.00,1.00
2016.03.24 23:23:37.446,1.48015,1.48048,1.00,1.00
2016.03.24 23:23:54.850,1.48017,1.48048,1.00,1.00
2016.03.24 23:24:03.678,1.48014,1.48048,1.00,1.00
2016.03.24 23:24:05.687,1.48017,1.48048,1.00,1.00
2016.03.24 23:24:16.747,1.48017,1.48047,1.00,1.00
2016.03.24 23:24:16.866,1.48013,1.48047,1.00,1.00
2016.03.24 23:24:17.259,1.48016,1.48047,1.00,1.00
2016.03.24 23:24:17.412,1.48014,1.48047,1.00,1.00
2016.03.24 23:24:18.651,1.48016,1.48047,1.00,1.00
2016.03.24 23:24:22.612,1.48014,1.48047,1.00,1.00
2016.03.24 23:24:45.168,1.48016,1.48047,1.00,1.00
2016.03.24 23:24:45.320,1.48013,1.48047,1.00,1.00
2016.03.24 23:24:45.422,1.48016,1.48047,1.00,1.00
2016.03.24 23:25:00.440,1.48013,1.48047,1.50,1.00
2016.03.24 23:25:01.036,1.48013,1.48047,1.00,1.00
2016.03.24 23:25:14.505,1.48013,1.48047,1.37,1.00
2016.03.24 23:25:15.123,1.48016,1.48047,1.12,1.00
2016.03.24 23:25:29.466,1.48016,1.48052,1.00,1.00
2016.03.24 23:25:34.874,1.48016,1.48053,1.12,1.00
2016.03.24 23:25:35.078,1.48018,1.48046,1.00,1.00
2016.03.24 23:25:39.714,1.48015,1.48046,1.00,1.00
2016.03.24 23:25:39.816,1.48012,1.48046,1.00,1.00
2016.03.24 23:25:42.001,1.48012,1.48046,1.50,1.00
2016.03.24 23:25:42.318,1.4801,1.48046,1.50,1.00
2016.03.24 23:25:42.369,1.48013,1.48046,1.00,1.00
2016.03.24 23:25:45.400,1.48015,1.48046,1.00,1.00
2016.03.24 23:25:46.747,1.48015,1.48051,1.00,1.50
2016.03.24 23:25:47.552,1.4801,1.48049,1.50,1.00
2016.03.24 23:25:47.921,1.48014,1.4805,1.00,1.00
2016.03.24 23:25:51.852,1.48017,1.48051,1.00,1.00
2016.03.24 23:25:52.175,1.48019,1.48052,1.00,1.50
2016.03.24 23:26:03.560,1.48013,1.48049,1.87,1.00
2016.03.24 23:26:03.611,1.48013,1.48049,1.12,1.00
2016.03.24 23:26:03.713,1.48017,1.48052,1.00,1.00
2016.03.24 23:26:03.916,1.48013,1.4805,1.00,1.00
2016.03.24 23:26:05.145,1.48014,1.48052,1.00,1.00
2016.03.24 23:26:07.650,1.48012,1.48049,1.00,1.00
2016.03.24 23:26:09.586,1.48015,1.48052,1.00,2.25
2016.03.24 23:26:10.041,1.48012,1.48049,1.00,1.00
2016.03.24 23:26:14.922,1.48015,1.48051,1.00,1.00
2016.03.24 23:26:18.792,1.48012,1.48049,1.00,1.00
2016.03.24 23:26:26.165,1.48014,1.48051,1.00,1.00
2016.03.24 23:26:28.978,1.48014,1.48048,1.00,1.00
2016.03.24 23:26:29.030,1.48008,1.48048,1.50,1.00
2016.03.24 23:26:29.202,1.48004,1.48037,1.12,1.00
2016.03.24 23:26:29.253,1.48002,1.48037,1.12,1.00
2016.03.24 23:26:29.786,1.48003,1.48037,1.00,1.00
2016.03.24 23:26:30.182,1.48001,1.48037,1.00,1.00
2016.03.24 23:26:33.161,1.48003,1.48037,1.00,1.00
2016.03.24 23:26:35.357,1.48002,1.48037,1.00,1.00
2016.03.24 23:26:37.107,1.48002,1.48038,1.00,1.00
2016.03.24 23:26:37.158,1.47991,1.48033,1.12,1.00
2016.03.24 23:26:37.209,1.47991,1.48021,1.12,1.00
2016.03.24 23:26:37.260,1.47989,1.48021,1.00,1.00
2016.03.24 23:26:37.362,1.47987,1.48021,1.00,1.00
2016.03.24 23:26:37.413,1.47984,1.4802,1.00,1.00
2016.03.24 23:26:39.203,1.47991,1.4802,1.12,1.00
2016.03.24 23:26:39.743,1.4799,1.4802,1.12,1.00
2016.03.24 23:26:40.048,1.47991,1.48012,1.12,1.00
2016.03.24 23:26:40.099,1.47978,1.48012,1.00,1.00
2016.03.24 23:26:40.150,1.47973,1.4801,1.00,1.00
2016.03.24 23:26:40.252,1.47976,1.48012,1.00,1.00
2016.03.24 23:26:40.939,1.47978,1.48012,1.00,1.00
2016.03.24 23:26:42.616,1.47974,1.4801,1.00,1.00
2016.03.24 23:26:42.719,1.47971,1.48,1.00,1.00
2016.03.24 23:26:44.883,1.47967,1.48,1.12,1.00
2016.03.24 23:26:44.986,1.47963,1.48,1.00,1.00
2016.03.24 23:26:45.154,1.47963,1.4799,1.00,1.00
2016.03.24 23:26:46.384,1.47963,1.47996,1.00,1.00
2016.03.24 23:26:46.487,1.4797,1.48003,1.00,1.00
2016.03.24 23:26:46.589,1.4797,1.48007,1.37,1.00
2016.03.24 23:26:46.640,1.47976,1.4801,1.00,1.00
2016.03.24 23:26:46.969,1.48,1.48044,1.12,1.00
2016.03.24 23:26:47.021,1.48004,1.48044,1.37,1.00
2016.03.24 23:26:47.542,1.48005,1.48044,1.12,1.00
2016.03.24 23:26:47.846,1.48015,1.48044,1.00,1.00
2016.03.24 23:26:49.732,1.48011,1.48044,1.00,1.00
2016.03.24 23:26:51.739,1.47999,1.48034,1.75,1.00
2016.03.24 23:26:52.043,1.48004,1.48034,1.00,1.00
2016.03.24 23:26:54.284,1.47998,1.48029,1.12,1.00
2016.03.24 23:26:54.386,1.47994,1.4803,1.00,1.00
2016.03.24 23:26:54.488,1.47997,1.48033,1.00,1.00
2016.03.24 23:26:54.793,1.48013,1.48044,1.00,1.50
2016.03.24 23:26:56.832,1.48011,1.48044,1.00,1.50
2016.03.24 23:26:58.947,1.48011,1.48043,1.00,1.00
2016.03.24 23:26:59.406,1.48004,1.4804,1.37,1.00
2016.03.24 23:26:59.458,1.48002,1.48038,1.00,1.00
2016.03.24 23:26:59.737,1.48011,1.48043,1.00,1.00
2016.03.24 23:27:05.401,1.48009,1.48043,1.00,1.00
2016.03.24 23:27:05.554,1.48013,1.48043,1.00,1.00
2016.03.24 23:27:05.642,1.48009,1.48043,1.00,1.00
2016.03.24 23:27:05.701,1.48013,1.48043,1.00,1.00
2016.03.24 23:27:05.861,1.48009,1.48043,1.00,1.00
2016.03.24 23:27:06.301,1.48013,1.48043,1.00,1.00
2016.03.24 23:27:06.361,1.48009,1.48043,1.00,1.00
2016.03.24 23:27:06.421,1.48013,1.48043,1.00,1.00
2016.03.24 23:27:06.542,1.48009,1.48043,1.00,1.00
2016.03.24 23:27:06.661,1.48013,1.48043,1.00,1.00
2016.03.24 23:27:06.782,1.48009,1.48043,1.00,1.00
2016.03.24 23:27:06.901,1.48013,1.48043,1.00,1.00
2016.03.24 23:27:07.262,1.48009,1.48043,1.00,1.00
2016.03.24 23:27:07.501,1.48013,1.48043,1.00,1.00
2016.03.24 23:27:07.622,1.48009,1.48043,1.00,1.00
2016.03.24 23:27:07.743,1.48013,1.48043,1.00,1.00
2016.03.24 23:27:07.862,1.48008,1.48043,1.00,1.00
2016.03.24 23:27:07.922,1.48013,1.48043,1.00,1.00
2016.03.24 23:27:08.042,1.48009,1.48043,1.00,1.00
2016.03.24 23:27:08.162,1.48013,1.48043,1.00,1.00
2016.03.24 23:27:08.282,1.48009,1.48043,1.00,1.00
2016.03.24 23:27:08.734,1.48012,1.48043,1.00,1.00
2016.03.24 23:27:08.839,1.4801,1.48043,1.00,1.00
2016.03.24 23:27:09.181,1.48013,1.48043,1.00,1.00
2016.03.24 23:27:09.242,1.48009,1.48043,1.00,1.00
2016.03.24 23:27:09.362,1.48013,1.48043,1.00,1.00
2016.03.24 23:27:09.485,1.4801,1.48043,1.00,1.00
2016.03.24 23:27:10.583,1.4801,1.48043,1.50,1.00
2016.03.24 23:27:11.624,1.48013,1.48043,1.00,1.00
2016.03.24 23:27:11.988,1.48009,1.48034,1.00,1.00
2016.03.24 23:27:12.668,1.48006,1.48034,1.00,1.00
2016.03.24 23:27:19.530,1.48004,1.48034,1.12,1.00
2016.03.24 23:27:23.139,1.48006,1.48034,1.00,1.00
2016.03.24 23:27:23.292,1.48003,1.48034,1.00,1.00
2016.03.24 23:27:24.579,1.48009,1.48035,1.00,1.00
2016.03.24 23:27:24.681,1.48002,1.48036,1.00,1.00
2016.03.24 23:27:24.783,1.48006,1.48043,1.00,1.00
2016.03.24 23:27:24.834,1.4801,1.48043,1.00,1.00
2016.03.24 23:27:27.082,1.48004,1.48034,1.00,1.00
2016.03.24 23:27:28.805,1.48006,1.48034,1.00,1.00
2016.03.24 23:27:33.539,1.48006,1.48035,1.00,1.81
2016.03.24 23:27:33.591,1.48001,1.48028,1.00,1.00
2016.03.24 23:27:33.642,1.47991,1.48028,1.00,1.50
2016.03.24 23:27:33.744,1.47996,1.48031,1.00,1.00
2016.03.24 23:27:34.050,1.4797,1.48011,1.50,1.00
2016.03.24 23:27:34.152,1.47965,1.48011,1.75,1.00
2016.03.24 23:27:34.203,1.47966,1.48011,1.12,1.00
2016.03.24 23:27:34.508,1.47977,1.48011,1.00,1.00
2016.03.24 23:27:34.559,1.47973,1.4801,1.00,1.00
2016.03.24 23:27:34.769,1.47977,1.48011,1.00,1.00
2016.03.24 23:27:34.921,1.47971,1.48008,1.00,1.00
2016.03.24 23:27:35.024,1.47973,1.48011,1.00,1.50
2016.03.24 23:27:35.074,1.4797,1.48006,1.87,1.00
2016.03.24 23:27:36.907,1.47969,1.48003,1.12,1.00
2016.03.24 23:27:37.009,1.47969,1.48006,1.87,1.00
2016.03.24 23:27:37.478,1.47973,1.48011,1.00,1.50
2016.03.24 23:27:37.630,1.4797,1.48004,1.12,1.00
2016.03.24 23:27:37.959,1.4797,1.48,1.12,1.00
2016.03.24 23:27:41.465,1.47969,1.48,1.00,1.00
2016.03.24 23:27:41.516,1.47964,1.48,1.00,1.00
2016.03.24 23:27:41.567,1.47969,1.48,1.12,1.00
2016.03.24 23:27:41.943,1.4797,1.48002,1.12,1.00
2016.03.24 23:27:43.587,1.47969,1.48002,1.12,1.00
2016.03.24 23:27:44.478,1.4797,1.48004,1.12,1.00
2016.03.24 23:27:45.029,1.47971,1.48004,1.00,1.00
2016.03.24 23:27:48.511,1.47968,1.48004,1.00,1.00
2016.03.24 23:27:52.982,1.4797,1.48004,1.12,1.00
2016.03.24 23:27:55.373,1.4797,1.48007,1.12,1.00
2016.03.24 23:27:55.424,1.4797,1.48011,1.12,1.00
2016.03.24 23:27:55.475,1.47973,1.4801,1.00,1.00
2016.03.24 23:27:55.576,1.47974,1.48013,1.00,1.00
2016.03.24 23:27:56.767,1.4798,1.48013,1.00,1.00
2016.03.24 23:27:56.868,1.47978,1.48013,1.00,1.00
2016.03.24 23:28:03.093,1.47976,1.48013,1.00,1.00
2016.03.24 23:28:03.713,1.47979,1.48013,1.00,1.00
2016.03.24 23:28:03.814,1.47977,1.48013,1.00,1.00
2016.03.24 23:28:08.165,1.47978,1.48013,1.00,1.00
2016.03.24 23:28:16.416,1.47982,1.48013,1.00,1.00
2016.03.24 23:28:16.467,1.47979,1.48013,1.00,1.00
2016.03.24 23:28:17.495,1.47981,1.48013,1.00,1.00
2016.03.24 23:28:23.583,1.47983,1.48013,1.00,1.00
2016.03.24 23:28:23.742,1.4798,1.48013,1.00,1.00
2016.03.24 23:28:29.204,1.47982,1.48013,1.00,1.00
2016.03.24 23:28:32.550,1.47987,1.48013,1.00,1.00
2016.03.24 23:28:32.759,1.47982,1.48013,1.00,1.00
2016.03.24 23:28:32.810,1.47987,1.48013,1.00,1.00
2016.03.24 23:28:32.861,1.47983,1.48013,1.00,1.00
2016.03.24 23:28:32.990,1.47987,1.48013,1.00,1.00
2016.03.24 23:28:33.760,1.47983,1.48013,1.00,1.00
2016.03.24 23:28:33.920,1.47987,1.48013,1.00,1.00
2016.03.24 23:28:34.231,1.47983,1.48013,1.00,1.00
2016.03.24 23:28:34.291,1.47987,1.48013,1.00,1.00
2016.03.24 23:28:34.531,1.47983,1.48013,1.00,1.00
2016.03.24 23:28:34.651,1.47987,1.48013,1.00,1.00
2016.03.24 23:28:34.770,1.47983,1.48013,1.00,1.00
2016.03.24 23:28:34.925,1.47986,1.48013,1.00,1.00
2016.03.24 23:28:35.011,1.47983,1.48013,1.00,1.00
2016.03.24 23:28:35.537,1.47987,1.48013,1.00,1.00
2016.03.24 23:28:35.588,1.47983,1.48013,1.00,1.00
2016.03.24 23:28:43.720,1.47978,1.48013,1.50,1.00
2016.03.24 23:28:43.879,1.47983,1.48013,1.00,1.00
2016.03.24 23:29:03.775,1.47986,1.48013,1.00,1.00
2016.03.24 23:29:03.927,1.47983,1.48013,1.00,1.00
2016.03.24 23:29:04.946,1.47986,1.48013,1.00,1.00
2016.03.24 23:29:05.201,1.47982,1.48013,1.00,1.00
2016.03.24 23:29:07.734,1.47985,1.48013,1.00,1.00
2016.03.24 23:29:07.836,1.47981,1.48013,1.00,1.00
2016.03.24 23:29:08.688,1.47983,1.48013,1.00,1.00
2016.03.24 23:29:09.793,1.4798,1.48013,1.00,1.00
2016.03.24 23:29:10.773,1.47983,1.48013,1.00,1.00
2016.03.24 23:29:11.678,1.4798,1.48013,1.00,1.00
2016.03.24 23:29:12.207,1.47981,1.48013,1.00,1.00
2016.03.24 23:29:12.649,1.47985,1.48013,1.00,1.00
2016.03.24 23:29:12.751,1.47981,1.48013,1.00,1.00
2016.03.24 23:29:12.904,1.47983,1.48013,1.00,1.00
2016.03.24 23:29:13.722,1.47986,1.48013,1.00,1.00
2016.03.24 23:29:13.824,1.4798,1.48013,1.00,1.00
2016.03.24 23:29:13.926,1.47985,1.48013,1.00,1.00
2016.03.24 23:29:14.027,1.47981,1.48013,1.00,1.00
2016.03.24 23:29:14.739,1.47977,1.48013,1.75,1.00
2016.03.24 23:29:14.841,1.47984,1.48013,1.00,1.00
2016.03.24 23:29:15.695,1.47984,1.48014,1.00,1.00
2016.03.24 23:29:15.747,1.47981,1.48014,1.00,1.00
2016.03.24 23:29:23.720,1.47984,1.48014,1.00,1.50
2016.03.24 23:29:23.873,1.47982,1.48014,1.00,1.50
2016.03.24 23:29:23.924,1.47985,1.48014,1.00,1.50
2016.03.24 23:29:23.974,1.47982,1.48014,1.00,1.50
2016.03.24 23:29:24.127,1.47985,1.48014,1.00,1.50
2016.03.24 23:29:24.255,1.47982,1.48014,1.00,1.50
2016.03.24 23:29:24.357,1.47985,1.48014,1.00,1.50
2016.03.24 23:29:24.488,1.47983,1.48014,1.00,1.50
2016.03.24 23:29:25.786,1.4798,1.48014,1.00,1.50
2016.03.24 23:29:25.887,1.47982,1.48014,1.00,1.50
2016.03.24 23:29:26.240,1.47985,1.48014,1.00,1.50
2016.03.24 23:29:26.470,1.47983,1.48014,1.00,1.50
2016.03.24 23:29:26.600,1.47985,1.48014,1.00,1.50
2016.03.24 23:29:26.720,1.47983,1.48014,1.00,1.50
2016.03.24 23:29:26.872,1.4798,1.48014,1.00,1.50
2016.03.24 23:29:26.974,1.47985,1.48014,1.00,1.50
2016.03.24 23:29:32.977,1.47982,1.48014,1.00,1.50
2016.03.24 23:29:33.233,1.47985,1.48014,1.00,1.50
2016.03.24 23:29:33.399,1.47982,1.48014,1.00,1.50
2016.03.24 23:29:33.621,1.47985,1.48014,1.00,1.50
2016.03.24 23:29:34.345,1.47982,1.48014,1.00,1.50
2016.03.24 23:29:43.100,1.47985,1.48014,1.00,1.50
2016.03.24 23:29:43.839,1.47981,1.48014,1.00,1.50
2016.03.24 23:29:44.356,1.47982,1.48014,1.00,1.50
2016.03.24 23:29:45.227,1.47984,1.48014,1.00,1.00
2016.03.24 23:29:55.711,1.47984,1.48013,1.00,1.00
2016.03.24 23:30:00.332,1.47984,1.48011,1.00,1.00
2016.03.24 23:30:00.679,1.47984,1.48005,1.00,1.00
2016.03.24 23:30:03.818,1.47979,1.48005,1.50,1.00
2016.03.24 23:30:03.920,1.47984,1.48005,1.00,1.00
2016.03.24 23:30:22.077,1.47987,1.48005,1.00,1.00
2016.03.24 23:30:22.280,1.47984,1.48005,1.00,1.00
2016.03.24 23:30:22.390,1.47987,1.48005,1.00,1.00
2016.03.24 23:30:22.510,1.47984,1.48005,1.00,1.00
2016.03.24 23:30:22.630,1.47987,1.48005,1.00,1.00
2016.03.24 23:30:22.872,1.47984,1.48005,1.00,1.00
2016.03.24 23:30:22.930,1.47987,1.48005,1.00,1.00
2016.03.24 23:30:23.050,1.47984,1.48005,1.00,1.00
2016.03.24 23:30:23.291,1.47987,1.48005,1.00,1.00
2016.03.24 23:30:23.650,1.47983,1.48005,1.00,1.00
2016.03.24 23:30:23.937,1.47987,1.48005,1.00,1.00
2016.03.24 23:30:24.010,1.47983,1.48005,1.00,1.00
2016.03.24 23:30:24.130,1.47987,1.48005,1.00,1.00
2016.03.24 23:30:24.190,1.47983,1.48005,1.00,1.00
2016.03.24 23:30:24.310,1.47987,1.48005,1.00,1.00
2016.03.24 23:30:24.978,1.47983,1.48005,1.00,1.00
2016.03.24 23:30:25.330,1.47987,1.48005,1.00,1.00
2016.03.24 23:30:25.570,1.47983,1.48005,1.00,1.00
2016.03.24 23:30:25.690,1.47987,1.48005,1.00,1.00
2016.03.24 23:30:26.050,1.47983,1.48005,1.00,1.00
2016.03.24 23:30:26.531,1.47987,1.48005,1.00,1.00
2016.03.24 23:30:26.590,1.47983,1.48005,1.00,1.00
2016.03.24 23:30:26.770,1.47987,1.48005,1.00,1.00
2016.03.24 23:30:26.950,1.47983,1.48005,1.00,1.00
2016.03.24 23:30:27.010,1.47987,1.48005,1.00,1.00
2016.03.24 23:30:27.264,1.47983,1.48005,1.00,1.00
2016.03.24 23:30:27.660,1.47987,1.48005,1.00,1.00
2016.03.24 23:30:27.790,1.47983,1.48005,1.00,1.00
2016.03.24 23:30:28.225,1.47987,1.48005,1.00,1.00
2016.03.24 23:30:28.276,1.47983,1.48005,1.00,1.00
2016.03.24 23:30:28.395,1.47987,1.48005,1.00,1.00
2016.03.24 23:30:28.451,1.47983,1.48005,1.00,1.00
2016.03.24 23:30:28.810,1.47986,1.48005,1.00,1.00
2016.03.24 23:30:28.930,1.47983,1.48005,1.00,1.00
2016.03.24 23:30:29.456,1.47987,1.48005,1.00,1.00
2016.03.24 23:30:29.507,1.47983,1.48005,1.00,1.00
2016.03.24 23:30:29.580,1.47987,1.48005,1.00,1.00
2016.03.24 23:30:29.640,1.47983,1.48005,1.00,1.00
2016.03.24 23:30:29.820,1.47987,1.48005,1.00,1.00
2016.03.24 23:30:30.060,1.47983,1.48005,1.00,1.00
2016.03.24 23:30:30.262,1.47986,1.48005,1.00,1.00
2016.03.24 23:30:30.360,1.47983,1.48005,1.00,1.00
2016.03.24 23:30:30.720,1.47987,1.48005,1.00,1.00
2016.03.24 23:30:30.900,1.47983,1.48005,1.00,1.00
2016.03.24 23:30:30.960,1.47987,1.48005,1.00,1.00
2016.03.24 23:30:31.117,1.47983,1.48005,1.00,1.00
2016.03.24 23:30:31.320,1.47987,1.48005,1.00,1.00
2016.03.24 23:30:31.520,1.47981,1.48005,1.00,1.00
2016.03.24 23:30:31.641,1.47987,1.48005,1.00,1.00
2016.03.24 23:30:31.760,1.47981,1.48005,1.00,1.00
2016.03.24 23:30:31.880,1.47987,1.48005,1.00,1.00
2016.03.24 23:30:32.288,1.47982,1.48005,1.00,1.00
2016.03.24 23:30:43.730,1.47976,1.48005,1.87,1.00
2016.03.24 23:30:43.832,1.47984,1.48005,1.00,1.00
2016.03.24 23:31:23.744,1.47976,1.48005,1.75,1.00
2016.03.24 23:31:23.846,1.47981,1.48005,1.00,1.00
2016.03.24 23:31:32.274,1.47984,1.48005,1.00,1.00
2016.03.24 23:31:32.884,1.47984,1.48006,1.00,1.00
2016.03.24 23:31:40.151,1.47975,1.48006,1.12,1.00
2016.03.24 23:31:40.724,1.47978,1.48006,1.00,1.00
2016.03.24 23:31:47.405,1.47975,1.48006,1.00,1.00
2016.03.24 23:32:23.603,1.47973,1.48006,1.00,1.00
2016.03.24 23:33:14.411,1.47975,1.48006,1.00,1.00
2016.03.24 23:33:15.538,1.47973,1.48006,1.00,1.00
2016.03.24 23:33:21.626,1.47971,1.48003,1.50,1.50
2016.03.24 23:33:21.779,1.47961,1.47997,1.00,1.00
2016.03.24 23:33:21.880,1.47964,1.48,1.37,1.00
2016.03.24 23:33:22.083,1.47958,1.47994,1.12,1.00
2016.03.24 23:33:22.185,1.47958,1.47991,1.12,1.00
2016.03.24 23:33:45.259,1.47958,1.47991,1.50,1.00
2016.03.24 23:34:05.152,1.47958,1.47991,1.00,1.00
2016.03.24 23:34:13.060,1.47959,1.47991,1.00,1.00
2016.03.24 23:34:16.848,1.47957,1.47991,1.50,1.00
2016.03.24 23:34:32.996,1.47957,1.4799,1.50,1.00
2016.03.24 23:34:33.519,1.47957,1.47991,2.25,1.00
2016.03.24 23:34:46.077,1.47961,1.47991,1.00,1.00
2016.03.24 23:34:47.157,1.47957,1.47991,2.25,1.00
2016.03.24 23:34:53.160,1.47959,1.47991,1.00,1.00
2016.03.24 23:34:54.007,1.47957,1.47991,2.25,1.00
2016.03.24 23:34:58.036,1.4796,1.47991,1.00,1.00
2016.03.24 23:34:59.986,1.47957,1.47991,2.25,1.00
2016.03.24 23:35:00.519,1.47957,1.47991,2.25,1.00
2016.03.24 23:35:05.035,1.4796,1.47991,1.00,1.00
2016.03.24 23:35:09.601,1.47957,1.47991,2.25,1.00
2016.03.24 23:35:17.442,1.4796,1.47991,1.00,1.00
2016.03.24 23:35:17.493,1.4796,1.47991,1.75,1.00
2016.03.24 23:35:27.634,1.47959,1.47991,1.00,1.00
2016.03.24 23:35:27.786,1.47961,1.47991,1.00,1.00
2016.03.24 23:35:29.562,1.47959,1.47991,1.00,1.00
2016.03.24 23:35:41.978,1.47962,1.47991,1.00,1.00
2016.03.24 23:35:45.197,1.47959,1.47991,1.50,1.00
2016.03.24 23:35:45.248,1.47959,1.47991,1.75,1.00
2016.03.24 23:36:03.885,1.47959,1.47991,1.12,1.00
2016.03.24 23:36:06.873,1.47958,1.47991,1.75,1.00
2016.03.24 23:36:45.268,1.47961,1.47991,1.00,1.00
2016.03.24 23:37:19.328,1.47965,1.47991,1.00,1.00
2016.03.24 23:37:19.379,1.47965,1.47994,1.00,1.00
2016.03.24 23:37:19.481,1.47965,1.48001,1.75,1.00
2016.03.24 23:37:19.583,1.47967,1.48004,1.87,1.00
2016.03.24 23:37:19.634,1.47973,1.48008,1.00,1.00
2016.03.24 23:37:19.685,1.4797,1.48006,1.12,1.00
2016.03.24 23:37:19.736,1.47967,1.48003,1.12,1.00
2016.03.24 23:37:19.838,1.47966,1.48003,1.00,1.00
2016.03.24 23:37:19.939,1.47963,1.48,3.00,1.00
2016.03.24 23:37:20.248,1.47969,1.48005,1.87,1.00
2016.03.24 23:37:20.350,1.47963,1.47999,1.00,1.00
2016.03.24 23:37:20.401,1.47968,1.48004,1.50,1.00
2016.03.24 23:37:20.724,1.47981,1.48008,1.00,1.00
2016.03.24 23:37:20.776,1.47978,1.48008,1.00,1.00
2016.03.24 23:37:21.236,1.47974,1.48008,1.00,1.00
2016.03.24 23:37:21.751,1.47977,1.48008,1.00,1.00
2016.03.24 23:37:22.776,1.47978,1.48008,1.00,1.00
2016.03.24 23:37:25.078,1.47981,1.48008,1.00,1.00
2016.03.24 23:37:27.744,1.47975,1.48008,1.75,1.00
2016.03.24 23:37:27.962,1.47979,1.48008,1.00,1.00
2016.03.24 23:37:29.877,1.47974,1.48008,1.75,1.00
2016.03.24 23:37:35.811,1.4798,1.48008,1.00,1.00
2016.03.24 23:37:37.160,1.47975,1.48008,1.75,1.00
2016.03.24 23:37:37.698,1.4798,1.48008,1.00,1.00
2016.03.24 23:38:03.827,1.47977,1.48008,1.00,1.00
2016.03.24 23:39:04.243,1.47973,1.48008,1.00,1.00
2016.03.24 23:39:26.981,1.47975,1.48008,1.00,1.00
2016.03.24 23:39:41.244,1.47977,1.48008,1.00,1.00
2016.03.24 23:39:48.652,1.47975,1.48008,1.00,1.00
2016.03.24 23:39:48.753,1.47977,1.48008,1.00,1.00
2016.03.24 23:39:48.905,1.47974,1.48008,1.00,1.00
2016.03.24 23:39:49.007,1.47977,1.48008,1.00,1.00
2016.03.24 23:39:49.270,1.47974,1.48008,1.00,1.00
2016.03.24 23:39:53.522,1.47977,1.48008,1.00,1.00
2016.03.24 23:39:53.624,1.47974,1.48008,1.00,1.00
2016.03.24 23:39:59.757,1.47976,1.48008,1.00,1.00
2016.03.24 23:40:00.394,1.47975,1.48008,1.00,1.00
2016.03.24 23:40:11.522,1.47977,1.48008,1.00,1.00
2016.03.24 23:40:11.675,1.47973,1.48008,1.50,1.00
2016.03.24 23:40:11.776,1.47977,1.48008,1.00,1.00
2016.03.24 23:40:12.048,1.47975,1.48008,1.00,1.00
2016.03.24 23:40:12.150,1.47977,1.48008,1.00,1.00
2016.03.24 23:40:12.302,1.47974,1.48008,1.00,1.00
2016.03.24 23:40:32.165,1.47973,1.48008,1.00,1.00
2016.03.24 23:40:32.373,1.47975,1.48008,1.00,1.00
2016.03.24 23:40:32.525,1.47973,1.48008,1.00,1.00
2016.03.24 23:40:32.759,1.47975,1.48008,1.00,1.00
2016.03.24 23:40:32.869,1.47973,1.48008,1.00,1.00
2016.03.24 23:40:34.177,1.47975,1.48008,1.00,1.00
2016.03.24 23:40:36.836,1.47973,1.48008,1.50,1.00
2016.03.24 23:40:36.937,1.47975,1.48008,1.00,1.00
2016.03.24 23:40:42.028,1.47973,1.48008,1.50,1.00
2016.03.24 23:40:42.129,1.47975,1.48008,1.00,1.00
2016.03.24 23:40:42.393,1.47973,1.48008,1.87,1.00
2016.03.24 23:40:42.444,1.47976,1.48008,1.00,1.00
2016.03.24 23:40:42.693,1.47973,1.48008,1.87,1.00
2016.03.24 23:40:47.574,1.47976,1.48008,1.00,1.00
2016.03.24 23:40:47.717,1.47973,1.48008,1.87,1.00
2016.03.24 23:40:52.517,1.47977,1.48008,1.00,1.00
2016.03.24 23:40:52.859,1.47973,1.48008,1.87,1.00
2016.03.24 23:40:53.183,1.47977,1.48008,1.00,1.00
2016.03.24 23:40:53.234,1.47973,1.48008,1.87,1.00
2016.03.24 23:40:53.925,1.47974,1.48008,1.00,1.00
2016.03.24 23:40:54.524,1.47973,1.48008,1.87,1.00
2016.03.24 23:40:54.765,1.47975,1.48008,1.00,1.00
2016.03.24 23:40:54.945,1.47973,1.48008,1.12,1.00
2016.03.24 23:40:55.186,1.47975,1.48008,1.00,1.00
2016.03.24 23:40:55.380,1.47973,1.48008,1.87,1.00
2016.03.24 23:40:55.605,1.47975,1.48008,1.00,1.00
2016.03.24 23:40:55.725,1.47973,1.48008,1.87,1.00
2016.03.24 23:40:56.129,1.47975,1.48008,1.00,1.00
2016.03.24 23:40:56.231,1.47973,1.48008,1.87,1.00
2016.03.24 23:40:56.333,1.47975,1.48008,1.00,1.00
2016.03.24 23:40:56.486,1.47973,1.48008,1.87,1.00
2016.03.24 23:40:56.587,1.47975,1.48008,1.00,1.00
2016.03.24 23:40:56.968,1.47973,1.48008,1.87,1.00
2016.03.24 23:40:57.069,1.47975,1.48008,1.00,1.00
2016.03.24 23:40:57.295,1.47973,1.48008,1.87,1.00
2016.03.24 23:40:57.405,1.47975,1.48008,1.00,1.00
2016.03.24 23:40:57.753,1.47973,1.48008,1.87,1.00
2016.03.24 23:40:57.868,1.47975,1.48008,1.00,1.00
2016.03.24 23:40:58.052,1.47973,1.48008,1.12,1.00
2016.03.24 23:40:58.154,1.47975,1.48008,1.00,1.00
2016.03.24 23:40:58.458,1.47973,1.48008,1.00,1.00
2016.03.24 23:40:58.559,1.47975,1.48008,1.00,1.00
2016.03.24 23:40:58.697,1.47973,1.48008,1.00,1.00
2016.03.24 23:40:59.101,1.47975,1.48008,1.00,1.00
2016.03.24 23:40:59.206,1.47973,1.48008,1.00,1.00
2016.03.24 23:40:59.457,1.47975,1.48008,1.00,1.00
2016.03.24 23:40:59.671,1.47973,1.48008,1.00,1.00
2016.03.24 23:40:59.973,1.47975,1.48008,1.00,1.00
2016.03.24 23:41:00.074,1.47973,1.48008,1.00,1.50
2016.03.24 23:41:00.835,1.47975,1.48008,1.00,1.00
2016.03.24 23:41:01.140,1.47972,1.48005,1.00,1.00
2016.03.24 23:41:01.514,1.47974,1.48005,1.00,1.00
2016.03.24 23:41:02.171,1.47972,1.48005,1.00,1.00
2016.03.24 23:41:02.273,1.47974,1.48005,1.00,1.00
2016.03.24 23:41:02.544,1.47971,1.48005,1.00,1.00
2016.03.24 23:41:02.698,1.47974,1.48005,1.00,1.00
2016.03.24 23:41:02.952,1.47972,1.48005,1.00,1.00
2016.03.24 23:41:03.104,1.47974,1.48005,1.00,1.00
2016.03.24 23:41:05.431,1.47976,1.48011,1.00,1.00
2016.03.24 23:41:05.585,1.47973,1.4801,1.00,1.00
2016.03.24 23:41:05.636,1.47977,1.4801,1.00,1.00
2016.03.24 23:41:06.433,1.47976,1.4801,1.50,1.00
2016.03.24 23:41:06.737,1.47971,1.48002,1.75,1.00
2016.03.24 23:41:06.952,1.47961,1.47993,1.00,1.00
2016.03.24 23:41:07.004,1.47958,1.47993,1.00,1.00
2016.03.24 23:41:07.105,1.47957,1.4799,1.00,1.00
2016.03.24 23:41:07.156,1.47955,1.4799,2.25,1.00
2016.03.24 23:41:07.208,1.47958,1.4799,1.00,1.00
2016.03.24 23:41:07.411,1.47953,1.47988,1.00,1.00
2016.03.24 23:41:07.512,1.47953,1.4799,1.00,1.50
2016.03.24 23:41:07.614,1.47952,1.47988,1.00,1.00
2016.03.24 23:41:07.919,1.47943,1.47979,1.37,1.00
2016.03.24 23:41:08.371,1.47938,1.47975,1.00,1.00
2016.03.24 23:41:09.572,1.47941,1.47978,1.00,1.00
2016.03.24 23:41:09.886,1.47939,1.47975,1.00,1.00
2016.03.24 23:41:10.409,1.47936,1.47973,1.15,1.00
2016.03.24 23:41:11.443,1.47936,1.47973,1.20,1.00
2016.03.24 23:41:11.947,1.47936,1.47973,1.15,1.00
2016.03.24 23:41:15.162,1.47933,1.47969,1.15,1.00
2016.03.24 23:41:15.595,1.47908,1.47946,1.15,1.00
2016.03.24 23:41:15.697,1.47908,1.47946,1.00,1.00
2016.03.24 23:41:15.748,1.47912,1.47949,1.00,1.00
2016.03.24 23:41:16.052,1.47912,1.47949,1.15,1.00
2016.03.24 23:41:16.155,1.47905,1.47943,1.00,1.00
2016.03.24 23:41:16.256,1.47905,1.47943,1.15,1.00
2016.03.24 23:41:16.307,1.47913,1.4795,1.15,1.00
2016.03.24 23:41:17.758,1.4791,1.47953,1.15,1.00
2016.03.24 23:41:18.790,1.47918,1.47957,1.15,1.00
2016.03.24 23:41:18.892,1.47909,1.47953,1.15,1.00
2016.03.24 23:41:19.459,1.47909,1.47953,1.15,1.00
2016.03.24 23:41:19.561,1.47912,1.47955,1.15,1.00
2016.03.24 23:41:19.663,1.47909,1.47953,1.15,1.00
2016.03.24 23:41:20.177,1.47915,1.47957,1.15,1.00
2016.03.24 23:41:20.228,1.4791,1.47954,1.15,1.00
2016.03.24 23:41:20.688,1.47908,1.47951,1.15,1.00
2016.03.24 23:41:20.790,1.4791,1.47954,1.15,1.00
2016.03.24 23:41:21.044,1.47907,1.47951,1.15,1.00
2016.03.24 23:41:21.197,1.4791,1.47953,1.15,1.00
2016.03.24 23:41:21.703,1.47907,1.47954,1.15,1.50
2016.03.24 23:41:21.805,1.47904,1.47952,1.27,1.00
2016.03.24 23:41:21.906,1.47906,1.47954,1.15,1.00
2016.03.24 23:41:22.113,1.47906,1.47952,1.15,1.00
2016.03.24 23:41:22.492,1.47904,1.47952,1.00,1.00
2016.03.24 23:41:22.594,1.47901,1.4795,1.75,1.00
2016.03.24 23:41:22.910,1.47906,1.47954,1.15,1.00
2016.03.24 23:41:23.012,1.47904,1.47952,1.00,1.00
2016.03.24 23:41:23.114,1.47908,1.47957,1.15,1.00
2016.03.24 23:41:23.675,1.47908,1.47956,1.15,1.00
2016.03.24 23:41:24.719,1.47908,1.47957,1.15,1.00
2016.03.24 23:41:25.234,1.47908,1.47956,1.15,1.00
2016.03.24 23:41:25.690,1.47905,1.47952,1.15,1.00
2016.03.24 23:41:25.892,1.47905,1.47955,1.15,1.00
2016.03.24 23:41:26.119,1.47905,1.47953,1.15,1.00
2016.03.24 23:41:26.321,1.47905,1.47955,1.15,1.00
2016.03.24 23:41:26.521,1.47905,1.47953,1.15,1.00
2016.03.24 23:41:26.694,1.47908,1.47956,1.15,1.00
2016.03.24 23:41:26.796,1.47908,1.47958,1.15,1.00
2016.03.24 23:41:26.948,1.4791,1.4796,1.15,1.50
2016.03.24 23:41:27.049,1.47907,1.47957,1.15,1.00
2016.03.24 23:41:27.202,1.4791,1.4796,1.15,1.50
2016.03.24 23:41:27.455,1.47907,1.47957,1.15,1.00
2016.03.24 23:41:28.115,1.47915,1.47963,1.15,1.00
2016.03.24 23:41:28.318,1.47909,1.47959,1.27,1.00
2016.03.24 23:41:28.521,1.47915,1.47964,1.15,1.00
2016.03.24 23:41:28.572,1.47911,1.47961,1.15,1.00
2016.03.24 23:41:28.673,1.47915,1.47965,1.15,1.00
2016.03.24 23:41:28.724,1.47915,1.47962,1.15,1.00
2016.03.24 23:41:29.231,1.47915,1.47963,1.15,1.00
2016.03.24 23:41:29.282,1.47915,1.47967,1.15,1.00
2016.03.24 23:41:29.333,1.47911,1.4796,1.15,1.00
2016.03.24 23:41:29.536,1.47914,1.47962,1.15,1.00
2016.03.24 23:41:29.948,1.4791,1.47959,1.27,1.00
2016.03.24 23:41:29.999,1.47914,1.47962,1.15,1.00
2016.03.24 23:41:30.101,1.47914,1.47958,1.15,1.00
2016.03.24 23:41:30.203,1.47908,1.4796,1.65,1.00
2016.03.24 23:41:30.457,1.47914,1.47962,1.15,1.50
2016.03.24 23:41:30.830,1.47912,1.47955,1.15,1.00
2016.03.24 23:41:30.982,1.47918,1.47962,1.15,1.50
2016.03.24 23:41:31.091,1.4791,1.47955,1.15,1.00
2016.03.24 23:41:31.193,1.47913,1.47957,1.15,1.00
2016.03.24 23:41:31.295,1.47917,1.47962,1.15,1.00
2016.03.24 23:41:31.447,1.47917,1.4796,1.15,1.00
2016.03.24 23:41:31.701,1.47918,1.47964,1.15,1.00
2016.03.24 23:41:31.803,1.47914,1.47958,1.15,1.00
2016.03.24 23:41:31.904,1.47917,1.4796,1.15,1.00
2016.03.24 23:41:32.183,1.47917,1.47962,1.15,1.00
2016.03.24 23:41:32.285,1.47917,1.4796,1.15,1.00
2016.03.24 23:41:32.386,1.47918,1.47962,1.15,1.00
2016.03.24 23:41:32.741,1.47913,1.47957,1.15,1.00
2016.03.24 23:41:32.959,1.47917,1.47962,1.15,1.00
2016.03.24 23:41:33.061,1.47911,1.47955,1.15,1.00
2016.03.24 23:41:33.314,1.47918,1.47962,1.15,1.00
2016.03.24 23:41:33.416,1.47916,1.4796,1.15,1.00
2016.03.24 23:41:33.996,1.47917,1.47964,1.15,1.00
2016.03.24 23:41:34.148,1.47914,1.47958,1.15,1.00
2016.03.24 23:41:34.301,1.47917,1.4796,1.15,1.50
2016.03.24 23:41:34.403,1.47913,1.47956,1.15,1.00
2016.03.24 23:41:34.635,1.47918,1.47963,1.15,1.00
2016.03.24 23:41:34.687,1.47918,1.47959,1.15,1.00
2016.03.24 23:41:34.839,1.47918,1.47963,1.15,1.50
2016.03.24 23:41:34.991,1.47914,1.47958,1.15,1.00
2016.03.24 23:41:35.093,1.47917,1.4796,1.15,1.00
2016.03.24 23:41:35.194,1.47916,1.47963,1.15,1.00
2016.03.24 23:41:35.448,1.47918,1.47961,1.15,1.00
2016.03.24 23:41:35.682,1.47918,1.47963,1.15,1.00
2016.03.24 23:41:35.785,1.47915,1.47958,1.15,1.00
2016.03.24 23:41:36.142,1.47916,1.47954,1.15,1.00
2016.03.24 23:41:36.244,1.4792,1.47958,1.15,1.00
2016.03.24 23:41:36.438,1.47915,1.47952,1.15,1.00
2016.03.24 23:41:36.739,1.47921,1.47962,1.15,1.00
2016.03.24 23:41:36.950,1.4792,1.47957,1.15,1.00
2016.03.24 23:41:37.257,1.47915,1.47952,1.15,1.00
2016.03.24 23:41:37.308,1.47921,1.4796,1.15,1.50
2016.03.24 23:41:37.359,1.47914,1.47952,1.15,1.00
2016.03.24 23:41:37.640,1.47917,1.47955,1.15,1.00
2016.03.24 23:41:37.742,1.47914,1.47952,1.15,1.00
2016.03.24 23:41:38.713,1.47917,1.47954,1.15,1.00
2016.03.24 23:41:38.966,1.4792,1.47957,1.15,1.00
2016.03.24 23:41:39.381,1.47914,1.47952,1.15,1.00
2016.03.24 23:41:39.577,1.47921,1.47959,1.15,1.00
2016.03.24 23:41:39.678,1.47924,1.47962,1.15,1.00
2016.03.24 23:41:41.121,1.47927,1.47964,1.15,1.00
2016.03.24 23:41:41.223,1.4793,1.47967,1.15,1.00
2016.03.24 23:41:41.477,1.47927,1.47964,1.15,1.00
2016.03.24 23:41:41.831,1.4793,1.4797,1.15,1.00
2016.03.24 23:41:41.933,1.47929,1.47966,1.15,1.00
2016.03.24 23:41:41.985,1.47934,1.4797,1.15,1.00
2016.03.24 23:41:42.137,1.47931,1.47968,1.15,1.00
2016.03.24 23:41:42.441,1.4792,1.47956,1.15,1.00
2016.03.24 23:41:42.749,1.47915,1.47952,1.15,1.00
2016.03.24 23:41:42.800,1.47919,1.47955,1.15,1.00
2016.03.24 23:41:42.902,1.47916,1.47953,1.15,1.00
2016.03.24 23:41:43.156,1.47914,1.4795,1.00,1.00
2016.03.24 23:41:43.257,1.47918,1.47954,1.00,1.00
2016.03.24 23:41:43.410,1.47914,1.47951,1.00,1.00
2016.03.24 23:41:43.920,1.47912,1.47948,1.00,1.00
2016.03.24 23:41:44.125,1.47914,1.47951,1.00,1.00
2016.03.24 23:41:44.730,1.47912,1.47948,1.00,1.00
2016.03.24 23:41:44.832,1.47914,1.47951,1.00,1.00
2016.03.24 23:41:44.934,1.47912,1.47948,1.00,1.00
2016.03.24 23:41:45.565,1.47914,1.47951,1.00,1.00
2016.03.24 23:41:45.666,1.47911,1.47948,1.00,1.00
2016.03.24 23:41:47.398,1.47914,1.4795,1.00,1.00
2016.03.24 23:41:47.702,1.47919,1.47955,1.15,1.00
2016.03.24 23:41:48.304,1.47919,1.47955,1.15,1.00
2016.03.24 23:41:48.911,1.47919,1.47955,1.15,1.00
2016.03.24 23:41:51.131,1.47921,1.47958,1.15,1.00
2016.03.24 23:41:52.165,1.47921,1.47958,1.15,1.00
2016.03.24 23:41:52.537,1.47925,1.47961,1.15,1.00
2016.03.24 23:41:55.474,1.47922,1.47959,1.15,1.00
2016.03.24 23:41:55.916,1.4792,1.47956,1.15,1.00
2016.03.24 23:41:56.172,1.47907,1.47944,1.00,1.00
2016.03.24 23:41:56.223,1.47899,1.47935,1.00,1.00
2016.03.24 23:41:56.414,1.47893,1.47932,1.00,1.00
2016.03.24 23:41:56.617,1.47896,1.47933,1.00,1.00
2016.03.24 23:41:56.922,1.47891,1.47928,1.00,1.00
2016.03.24 23:41:57.226,1.47897,1.47933,1.00,1.00
2016.03.24 23:41:57.500,1.47893,1.4793,1.00,1.00
2016.03.24 23:41:57.551,1.47896,1.47932,1.00,1.00
2016.03.24 23:41:57.881,1.47893,1.4793,1.00,1.00
2016.03.24 23:41:58.830,1.47896,1.47934,1.00,1.00
2016.03.24 23:41:59.383,1.47894,1.47931,1.00,1.00
2016.03.24 23:42:00.488,1.47891,1.47928,1.00,1.00
2016.03.24 23:42:00.640,1.47893,1.47931,1.00,1.00
2016.03.24 23:42:00.793,1.4789,1.47928,1.00,1.00
2016.03.24 23:42:01.097,1.47893,1.4793,1.00,1.00
2016.03.24 23:42:01.148,1.47895,1.47933,1.00,1.00
2016.03.24 23:42:01.452,1.47899,1.47936,1.00,1.00
2016.03.24 23:42:01.824,1.47902,1.47939,1.00,1.00
2016.03.24 23:42:01.926,1.47905,1.47943,1.00,1.00
2016.03.24 23:42:02.130,1.47908,1.47945,1.00,1.00
2016.03.24 23:42:02.515,1.47911,1.47948,1.15,1.00
2016.03.24 23:42:03.098,1.47911,1.47948,1.00,1.00
2016.03.24 23:42:04.689,1.47908,1.47946,1.00,1.00
2016.03.24 23:42:06.038,1.47905,1.47943,1.00,1.00
2016.03.24 23:42:06.892,1.47909,1.47946,1.00,1.00
2016.03.24 23:42:07.199,1.47909,1.47946,1.15,1.00
2016.03.24 23:42:07.977,1.47909,1.47946,1.00,1.00
2016.03.24 23:42:08.180,1.47906,1.47944,1.15,1.00
2016.03.24 23:42:08.283,1.47907,1.47947,1.00,1.00
2016.03.24 23:42:08.435,1.47905,1.47945,1.00,1.00
2016.03.24 23:42:09.235,1.47909,1.47947,1.00,1.00
2016.03.24 23:42:09.642,1.47909,1.47947,1.15,1.00
2016.03.24 23:42:09.959,1.47907,1.47945,1.00,1.00
2016.03.24 23:42:10.424,1.4791,1.47946,1.00,1.00
2016.03.24 23:42:10.792,1.4791,1.47946,1.15,1.00
2016.03.24 23:42:11.361,1.4791,1.47946,1.00,1.00
2016.03.24 23:42:11.985,1.4791,1.47946,1.15,1.00
2016.03.24 23:42:12.188,1.47912,1.47949,1.15,1.00
2016.03.24 23:42:13.715,1.47909,1.47946,1.00,1.00
2016.03.24 23:42:14.398,1.47909,1.47946,1.15,1.00
2016.03.24 23:42:14.806,1.47912,1.47948,1.15,1.00
2016.03.24 23:42:15.059,1.47909,1.47946,1.15,1.00
2016.03.24 23:42:15.110,1.47909,1.47946,1.00,1.00
2016.03.24 23:42:15.313,1.47909,1.47946,1.15,1.00
2016.03.24 23:42:15.529,1.4791,1.47949,1.15,1.00
2016.03.24 23:42:15.784,1.47908,1.47946,1.00,1.00
2016.03.24 23:42:15.887,1.47911,1.47948,1.00,1.00
2016.03.24 23:42:16.191,1.47909,1.47945,1.00,1.00
2016.03.24 23:42:16.343,1.47911,1.47948,1.00,1.00
2016.03.24 23:42:16.445,1.47909,1.47945,1.00,1.00
2016.03.24 23:42:16.597,1.47911,1.47948,1.00,1.00
2016.03.24 23:42:18.094,1.47909,1.47945,1.00,1.00
2016.03.24 23:42:18.246,1.47911,1.47948,1.00,1.00
2016.03.24 23:42:18.461,1.47909,1.47945,1.00,1.00
2016.03.24 23:42:18.613,1.47911,1.47948,1.00,1.00
2016.03.24 23:42:18.754,1.47909,1.47945,1.00,1.00
2016.03.24 23:42:18.906,1.47911,1.47948,1.00,1.00
2016.03.24 23:42:19.414,1.47909,1.47945,1.00,1.00
2016.03.24 23:42:22.866,1.47912,1.47948,1.00,1.00
2016.03.24 23:42:23.319,1.47909,1.47946,1.00,1.00
2016.03.24 23:42:23.726,1.47909,1.47946,1.15,1.00
2016.03.24 23:42:24.233,1.47912,1.47948,1.15,1.00
2016.03.24 23:42:25.312,1.4791,1.47946,1.00,1.00
2016.03.24 23:42:25.568,1.47911,1.4795,1.00,1.00
2016.03.24 23:42:26.024,1.4791,1.47946,1.00,1.00
2016.03.24 23:42:26.227,1.47912,1.47949,1.00,1.00
2016.03.24 23:42:29.150,1.47912,1.47949,1.15,1.00
2016.03.24 23:42:29.302,1.47912,1.47949,1.00,1.00
2016.03.24 23:42:29.734,1.47912,1.47949,1.15,1.00
2016.03.24 23:42:29.909,1.4791,1.47946,1.00,1.00
2016.03.24 23:42:30.061,1.47913,1.47951,1.00,1.00
2016.03.24 23:42:30.213,1.47912,1.47948,1.15,1.00
2016.03.24 23:42:30.416,1.47912,1.47948,1.00,1.00
2016.03.24 23:42:30.588,1.47912,1.47948,1.15,1.00
2016.03.24 23:42:31.146,1.47914,1.47953,1.15,1.00
2016.03.24 23:42:31.247,1.47911,1.47948,1.15,1.00
2016.03.24 23:42:31.754,1.47911,1.47948,1.15,1.00
2016.03.24 23:42:32.283,1.47911,1.47948,1.15,1.00
2016.03.24 23:42:33.312,1.47914,1.4795,1.15,1.00
2016.03.24 23:42:33.414,1.47911,1.47948,1.15,1.00
2016.03.24 23:42:33.722,1.47914,1.47951,1.15,1.00
2016.03.24 23:42:33.823,1.47914,1.47951,1.00,1.00
2016.03.24 23:42:33.874,1.47911,1.47947,1.00,1.00
2016.03.24 23:42:34.199,1.47914,1.4795,1.15,1.00
2016.03.24 23:42:34.501,1.47916,1.47953,1.15,1.00
2016.03.24 23:42:36.341,1.47916,1.47944,1.15,1.00
2016.03.24 23:42:36.443,1.47903,1.47937,1.00,1.00
2016.03.24 23:42:36.494,1.47898,1.47934,1.37,1.00
2016.03.24 23:42:36.545,1.47898,1.47934,1.00,1.00
2016.03.24 23:42:36.647,1.47902,1.47935,1.00,1.00
2016.03.24 23:42:36.749,1.47898,1.47947,1.00,1.00
2016.03.24 23:42:36.800,1.47901,1.47938,1.00,1.00
2016.03.24 23:42:37.104,1.47898,1.47935,1.00,1.00
2016.03.24 23:42:37.643,1.47899,1.47936,1.00,1.37
2016.03.24 23:42:38.195,1.47899,1.47936,1.00,1.75
2016.03.24 23:42:38.398,1.47897,1.47933,1.00,1.00
2016.03.24 23:42:38.652,1.47901,1.47937,1.00,1.50
2016.03.24 23:42:38.956,1.47901,1.47935,1.00,1.00
2016.03.24 23:42:39.007,1.47898,1.47934,1.00,1.00
2016.03.24 23:42:39.392,1.47894,1.47933,1.00,1.00
2016.03.24 23:42:39.494,1.47898,1.47934,1.00,1.00
2016.03.24 23:42:39.850,1.479,1.47936,1.00,1.00
2016.03.24 23:42:40.162,1.47897,1.47933,1.00,1.00
2016.03.24 23:42:40.365,1.47899,1.47936,1.00,1.00
2016.03.24 23:42:40.467,1.47897,1.47933,1.00,1.00
2016.03.24 23:42:40.669,1.47898,1.47937,1.00,1.00
2016.03.24 23:42:40.884,1.47896,1.47933,1.00,1.00
2016.03.24 23:42:41.203,1.47899,1.47935,1.00,1.00
2016.03.24 23:42:41.254,1.47896,1.47933,1.00,1.00
2016.03.24 23:42:41.356,1.47899,1.47935,1.00,1.00
2016.03.24 23:42:41.458,1.47896,1.47933,1.00,1.00
2016.03.24 23:42:42.267,1.47899,1.47935,1.00,1.00
2016.03.24 23:42:42.464,1.47896,1.47933,1.00,1.00
2016.03.24 23:42:42.666,1.47899,1.47935,1.00,1.00
2016.03.24 23:42:43.255,1.47896,1.47933,1.00,1.00
2016.03.24 23:42:43.357,1.47899,1.47935,1.00,1.00
2016.03.24 23:42:43.525,1.47896,1.47933,1.00,1.00
2016.03.24 23:42:43.779,1.47899,1.47935,1.00,1.00
2016.03.24 23:42:43.880,1.47896,1.47933,1.00,1.00
2016.03.24 23:42:44.037,1.47898,1.47936,1.00,1.00
2016.03.24 23:42:44.243,1.47896,1.47933,1.00,1.00
2016.03.24 23:42:44.802,1.47899,1.47935,1.00,1.00
2016.03.24 23:42:45.315,1.47894,1.47933,1.00,1.00
2016.03.24 23:42:45.794,1.47898,1.47934,1.00,1.00
2016.03.24 23:42:46.059,1.47895,1.47932,1.00,1.00
2016.03.24 23:42:46.854,1.47898,1.47934,1.00,1.00
2016.03.24 23:42:47.057,1.47894,1.47933,1.00,1.00
2016.03.24 23:42:47.262,1.47898,1.47934,1.00,1.00
2016.03.24 23:42:47.753,1.47895,1.47931,1.00,1.00
2016.03.24 23:42:48.062,1.47898,1.47934,1.00,1.00
2016.03.24 23:42:48.417,1.47891,1.47936,1.12,1.00
2016.03.24 23:42:48.468,1.47893,1.47936,1.12,1.00
2016.03.24 23:42:48.570,1.47894,1.47936,1.00,1.00
2016.03.24 23:42:48.621,1.47904,1.47936,1.00,1.00
2016.03.24 23:42:48.975,1.47897,1.47934,1.00,1.00
2016.03.24 23:42:49.178,1.47897,1.47932,1.50,1.00
2016.03.24 23:42:53.340,1.47898,1.47933,1.00,1.00
2016.03.24 23:42:54.822,1.47898,1.47931,1.00,1.00
2016.03.24 23:43:02.994,1.47898,1.47933,1.50,1.00
2016.03.24 23:43:03.247,1.47896,1.47928,1.00,1.00
2016.03.24 23:43:03.349,1.4789,1.47927,1.00,1.00
2016.03.24 23:43:03.401,1.47883,1.4792,1.00,1.00
2016.03.24 23:43:03.706,1.47872,1.47909,1.00,1.00
2016.03.24 23:43:04.008,1.47874,1.47911,1.00,1.00
2016.03.24 23:43:04.725,1.47877,1.47913,1.00,1.00
2016.03.24 23:43:04.978,1.4788,1.47917,1.00,1.00
2016.03.24 23:43:07.700,1.47884,1.47921,1.00,1.00
2016.03.24 23:43:12.979,1.47886,1.47925,1.00,1.00
2016.03.24 23:43:16.566,1.47882,1.4792,1.00,1.00
2016.03.24 23:43:16.903,1.47885,1.47922,1.00,1.00
2016.03.24 23:43:32.993,1.47879,1.47927,1.00,1.00
2016.03.24 23:43:33.044,1.47886,1.47922,1.00,1.00
2016.03.24 23:43:38.578,1.47886,1.47914,1.00,1.00
2016.03.24 23:43:42.393,1.47883,1.47914,1.00,1.00
2016.03.24 23:43:42.596,1.47881,1.47913,1.00,1.00
2016.03.24 23:43:42.647,1.47881,1.47909,1.00,1.00
2016.03.24 23:43:45.404,1.47881,1.47911,1.00,1.00
2016.03.24 23:43:45.455,1.47879,1.47911,1.00,1.00
2016.03.24 23:43:45.607,1.47877,1.47911,1.00,1.00
2016.03.24 23:43:45.698,1.47877,1.47898,1.00,1.00
2016.03.24 23:43:48.320,1.47871,1.47898,1.12,1.00
2016.03.24 23:43:48.371,1.47869,1.47903,1.37,1.00
2016.03.24 23:43:48.908,1.47872,1.47903,1.00,1.00
2016.03.24 23:43:50.444,1.47872,1.47904,1.12,1.25
2016.03.24 23:44:00.100,1.47874,1.47904,1.00,1.00
2016.03.24 23:44:00.794,1.47874,1.47903,1.00,1.00
2016.03.24 23:44:00.989,1.47874,1.47907,1.00,1.00
2016.03.24 23:44:07.488,1.47874,1.47911,1.00,1.35
2016.03.24 23:44:07.539,1.47877,1.47913,1.00,1.19
2016.03.24 23:44:07.858,1.47882,1.47916,1.00,1.69
2016.03.24 23:44:10.768,1.47882,1.47916,1.00,1.00
2016.03.24 23:44:10.971,1.47883,1.47918,1.00,1.00
2016.03.24 23:44:11.022,1.47885,1.4792,1.00,1.00
2016.03.24 23:44:11.276,1.47888,1.47924,1.87,1.25
2016.03.24 23:44:11.379,1.47889,1.47928,1.00,1.19
2016.03.24 23:44:11.582,1.47887,1.4792,1.00,1.00
2016.03.24 23:44:15.712,1.47886,1.4792,1.00,1.25
2016.03.24 23:44:16.698,1.47886,1.4792,1.00,1.19
2016.03.24 23:44:18.031,1.47886,1.47918,1.00,1.00
2016.03.24 23:44:18.541,1.47887,1.4792,1.00,1.19
2016.03.24 23:44:19.071,1.47887,1.47922,1.00,1.19
2016.03.24 23:44:19.407,1.47888,1.47924,1.00,1.25
2016.03.24 23:44:19.509,1.47891,1.47925,1.00,1.00
2016.03.24 23:44:19.561,1.47891,1.4793,1.00,1.00
2016.03.24 23:44:19.612,1.47895,1.47932,1.00,1.00
2016.03.24 23:44:19.917,1.47904,1.47935,1.00,1.00
2016.03.24 23:44:20.526,1.47904,1.47934,1.00,1.00
2016.03.24 23:44:21.819,1.47904,1.47924,1.00,1.00
2016.03.24 23:44:21.870,1.47897,1.47924,1.37,1.00
2016.03.24 23:44:21.921,1.47895,1.47924,1.00,1.00
2016.03.24 23:44:21.972,1.47895,1.47924,1.00,1.19
2016.03.24 23:44:22.023,1.47887,1.47924,1.00,1.69
2016.03.24 23:44:22.075,1.47884,1.47921,1.00,1.00
2016.03.24 23:44:22.228,1.4788,1.47916,1.00,1.00
2016.03.24 23:44:23.323,1.47877,1.47913,1.00,1.00
2016.03.24 23:44:23.971,1.47874,1.4791,1.00,1.00
2016.03.24 23:44:26.046,1.47876,1.47912,1.00,1.00
2016.03.24 23:44:27.108,1.4788,1.47917,1.00,1.00
2016.03.24 23:44:28.182,1.47877,1.47913,1.00,1.00
2016.03.24 23:44:29.218,1.47881,1.47917,1.00,1.00
2016.03.24 23:44:29.523,1.47887,1.47917,1.00,1.00
2016.03.24 23:44:35.609,1.47887,1.4792,1.00,1.00
2016.03.24 23:44:35.660,1.47884,1.47915,1.00,1.00
2016.03.24 23:44:41.797,1.47889,1.47915,1.00,1.00
2016.03.24 23:44:41.849,1.47889,1.47924,1.00,1.00
2016.03.24 23:44:42.108,1.47892,1.47926,1.00,1.00
2016.03.24 23:44:42.160,1.47892,1.47928,1.50,1.00
2016.03.24 23:44:42.237,1.47894,1.47928,1.00,1.00
2016.03.24 23:44:45.057,1.47897,1.47929,1.00,1.00
2016.03.24 23:44:45.109,1.47897,1.47933,1.00,1.00
2016.03.24 23:44:45.160,1.47899,1.47936,1.00,1.50
2016.03.24 23:44:45.211,1.47899,1.47935,1.37,1.00
2016.03.24 23:44:45.363,1.47899,1.47935,1.00,1.00
2016.03.24 23:44:45.415,1.47895,1.47933,2.25,1.00
2016.03.24 23:44:45.727,1.47895,1.4793,2.25,1.00
2016.03.24 23:44:46.252,1.47896,1.47931,1.50,1.00
2016.03.24 23:44:49.690,1.47898,1.47931,1.00,1.00
2016.03.24 23:44:49.742,1.47893,1.4793,1.00,1.25
2016.03.24 23:44:49.844,1.47897,1.47932,1.00,2.06
2016.03.24 23:44:49.947,1.47893,1.4793,1.00,1.56
2016.03.24 23:44:50.571,1.47891,1.47927,1.00,1.00
2016.03.24 23:44:51.001,1.47895,1.47932,1.00,2.06
2016.03.24 23:44:57.303,1.4789,1.47929,1.00,1.31
2016.03.24 23:44:57.804,1.47896,1.47932,1.00,2.25
2016.03.24 23:44:58.108,1.479,1.47934,1.00,1.00
2016.03.24 23:45:04.164,1.47899,1.47933,1.50,1.00
2016.03.24 23:45:05.707,1.47899,1.47924,1.00,1.00
2016.03.24 23:45:05.911,1.47878,1.47913,1.00,1.00
2016.03.24 23:45:05.962,1.47873,1.4791,1.00,1.00
2016.03.24 23:45:06.014,1.47859,1.47911,1.12,1.00
2016.03.24 23:45:06.268,1.47868,1.47905,1.00,1.00
2016.03.24 23:45:18.072,1.47866,1.47902,1.00,1.00
2016.03.24 23:45:23.135,1.47868,1.47905,1.00,1.56
2016.03.24 23:45:25.366,1.47868,1.47903,1.00,1.00
2016.03.24 23:45:25.417,1.47866,1.47902,1.00,1.00
2016.03.24 23:45:25.520,1.47868,1.47905,1.00,1.00
2016.03.24 23:45:30.503,1.47871,1.47907,1.00,1.31
2016.03.24 23:45:30.655,1.47868,1.47905,1.50,1.00
2016.03.24 23:45:31.079,1.47873,1.47909,1.00,1.00
2016.03.24 23:45:31.181,1.47876,1.47913,1.00,1.00
2016.03.24 23:45:31.333,1.47882,1.47913,1.00,1.00
2016.03.24 23:45:33.613,1.47882,1.47915,1.00,1.31
2016.03.24 23:45:33.977,1.47887,1.47915,1.00,1.00
2016.03.24 23:45:36.008,1.47886,1.47915,1.00,1.00
2016.03.24 23:45:36.060,1.47886,1.47922,1.50,1.25
2016.03.24 23:45:36.212,1.47886,1.47919,1.00,1.00
2016.03.24 23:45:36.826,1.47887,1.47919,1.00,1.00
2016.03.24 23:45:43.898,1.47887,1.47924,1.50,1.50
2016.03.24 23:45:44.177,1.4789,1.47924,1.00,1.50
2016.03.24 23:45:46.657,1.47888,1.47924,1.00,1.00
2016.03.24 23:45:46.863,1.47888,1.47921,1.00,1.00
2016.03.24 23:45:47.408,1.47888,1.47914,1.00,1.00
2016.03.24 23:45:47.511,1.47882,1.47914,1.50,1.00
2016.03.24 23:45:48.045,1.47885,1.47914,1.00,1.00
2016.03.24 23:45:52.435,1.47882,1.47911,1.12,1.00
2016.03.24 23:45:52.486,1.4788,1.47911,1.00,1.00
2016.03.24 23:45:52.639,1.47872,1.47909,1.00,1.00
2016.03.24 23:45:52.690,1.4787,1.47906,1.00,1.00
2016.03.24 23:45:52.944,1.47867,1.47904,1.00,1.00
2016.03.24 23:46:06.271,1.47865,1.47902,1.00,1.00
2016.03.24 23:46:09.061,1.47868,1.47905,1.00,1.00
2016.03.24 23:46:23.156,1.47868,1.47905,1.00,2.06
2016.03.24 23:46:24.756,1.47868,1.47905,1.00,1.50
2016.03.24 23:46:24.910,1.47865,1.47903,1.00,1.00
2016.03.24 23:46:33.277,1.47865,1.47903,1.00,1.56
2016.03.24 23:46:39.378,1.47865,1.47903,1.00,2.06
2016.03.24 23:46:39.429,1.47863,1.479,1.87,1.00
2016.03.24 23:46:39.532,1.47869,1.47906,1.00,1.00
2016.03.24 23:46:39.633,1.47873,1.47909,1.00,1.00
2016.03.24 23:46:47.918,1.47873,1.47907,1.00,1.56
2016.03.24 23:46:48.019,1.47868,1.47905,1.00,1.25
2016.03.24 23:46:48.122,1.47871,1.47908,1.00,1.56
2016.03.24 23:46:48.443,1.47871,1.47897,1.00,1.00
2016.03.24 23:46:50.562,1.47867,1.47897,1.12,1.00
2016.03.24 23:46:50.789,1.47864,1.47896,1.00,1.00
2016.03.24 23:46:50.946,1.47864,1.47893,1.00,1.00
2016.03.24 23:46:51.972,1.47861,1.47893,1.75,1.00
2016.03.24 23:47:03.190,1.47861,1.47895,2.25,1.00
2016.03.24 23:47:05.115,1.47861,1.47895,1.50,1.00
2016.03.24 23:47:05.369,1.47861,1.47893,1.00,1.00
2016.03.24 23:47:05.471,1.47858,1.47895,1.50,1.00
2016.03.24 23:47:05.522,1.47858,1.47895,1.00,2.06
2016.03.24 23:47:05.623,1.47855,1.47891,1.12,1.00
2016.03.24 23:47:05.824,1.47855,1.47889,1.87,1.00
2016.03.24 23:47:10.112,1.47852,1.47887,1.37,1.00
2016.03.24 23:47:10.182,1.47852,1.47887,1.00,1.00
2016.03.24 23:47:10.686,1.47853,1.47887,1.00,1.00
2016.03.24 23:47:11.126,1.47852,1.47885,1.00,1.00
2016.03.24 23:47:11.297,1.47853,1.47888,1.00,1.25
2016.03.24 23:47:15.187,1.47854,1.47889,1.50,1.19
2016.03.24 23:47:15.238,1.47854,1.47891,1.50,1.69
2016.03.24 23:47:15.492,1.47857,1.47891,1.00,1.69
2016.03.24 23:47:19.435,1.47856,1.4789,1.00,1.00
2016.03.24 23:47:20.033,1.47857,1.47891,1.00,1.50
2016.03.24 23:47:28.056,1.47859,1.47895,1.12,1.00
2016.03.24 23:47:28.157,1.47862,1.47899,2.25,1.00
2016.03.24 23:47:28.259,1.47864,1.47902,1.00,1.00
2016.03.24 23:47:28.363,1.47868,1.47902,1.00,1.00
2016.03.24 23:47:28.870,1.47869,1.47903,1.00,1.50
2016.03.24 23:47:28.921,1.47867,1.47903,1.00,1.50
2016.03.24 23:47:29.556,1.47865,1.47899,1.00,1.00
2016.03.24 23:47:32.196,1.47865,1.47902,1.00,1.00
2016.03.24 23:47:32.247,1.47868,1.47902,1.00,1.00
2016.03.24 23:47:32.757,1.47869,1.47903,1.00,1.00
2016.03.24 23:47:35.172,1.47873,1.47907,1.00,1.00
2016.03.24 23:47:35.812,1.47873,1.47906,1.00,1.00
2016.03.24 23:47:44.535,1.47877,1.47906,1.00,1.00
2016.03.24 23:47:44.637,1.47889,1.4792,1.00,1.50
2016.03.24 23:47:44.739,1.4789,1.47926,1.12,1.00
2016.03.24 23:47:45.090,1.47893,1.47929,1.00,1.00
2016.03.24 23:47:46.682,1.47891,1.47927,1.00,1.00
2016.03.24 23:47:47.258,1.4789,1.47927,1.12,1.00
2016.03.24 23:47:55.021,1.47887,1.47925,1.12,1.00
2016.03.24 23:47:55.191,1.47886,1.47925,1.50,1.00
2016.03.24 23:48:03.456,1.47893,1.47928,1.00,1.00
2016.03.24 23:48:03.513,1.47889,1.47925,1.00,1.00
2016.03.24 23:48:03.720,1.47893,1.47928,1.00,1.00
2016.03.24 23:48:03.858,1.47889,1.47925,1.00,1.00
2016.03.24 23:48:04.081,1.47893,1.47928,1.00,1.00
2016.03.24 23:48:04.201,1.47889,1.47925,1.00,1.00
2016.03.24 23:48:04.261,1.47892,1.47928,1.00,1.00
2016.03.24 23:48:04.701,1.47889,1.47925,1.00,1.00
2016.03.24 23:48:05.131,1.47893,1.47928,1.00,1.00
2016.03.24 23:48:05.283,1.47889,1.47926,1.12,1.00
2016.03.24 23:48:05.371,1.47893,1.47928,1.00,1.00
2016.03.24 23:48:05.431,1.47889,1.47926,1.12,1.00
2016.03.24 23:48:05.551,1.47893,1.47928,1.00,1.00
2016.03.24 23:48:05.791,1.47889,1.47926,1.12,1.00
2016.03.24 23:48:05.911,1.47893,1.47928,1.00,1.00
2016.03.24 23:48:05.971,1.47889,1.47926,1.12,1.00
2016.03.24 23:48:06.032,1.47893,1.47928,1.00,1.00
2016.03.24 23:48:06.151,1.47889,1.47926,1.12,1.00
2016.03.24 23:48:06.451,1.47892,1.47928,1.00,1.00
2016.03.24 23:48:06.571,1.47889,1.47926,1.12,1.00
2016.03.24 23:48:06.691,1.47893,1.47928,1.00,1.00
2016.03.24 23:48:06.813,1.47889,1.47926,1.12,1.00
2016.03.24 23:48:06.931,1.47893,1.47928,1.00,1.00
2016.03.24 23:48:06.991,1.47889,1.47926,1.12,1.00
2016.03.24 23:48:07.392,1.47893,1.47928,1.00,1.00
2016.03.24 23:48:07.471,1.47889,1.47926,1.12,1.00
2016.03.24 23:48:07.693,1.47893,1.47928,1.00,1.00
2016.03.24 23:48:07.794,1.47889,1.47926,1.12,1.00
2016.03.24 23:48:07.845,1.47893,1.47928,1.00,1.00
2016.03.24 23:48:07.951,1.47889,1.47926,1.12,1.00
2016.03.24 23:48:08.012,1.47893,1.47928,1.00,1.00
2016.03.24 23:48:08.266,1.47889,1.47925,1.12,1.00
2016.03.24 23:48:08.469,1.47893,1.47928,1.00,1.00
2016.03.24 23:48:10.711,1.47889,1.47925,1.12,1.00
2016.03.24 23:48:10.951,1.47893,1.47928,1.00,1.00
2016.03.24 23:48:11.153,1.47888,1.47926,1.50,1.00
2016.03.24 23:48:11.255,1.47893,1.47928,1.00,1.00
2016.03.24 23:48:11.371,1.47889,1.47925,1.12,1.00
2016.03.24 23:48:11.539,1.47893,1.47928,1.00,1.00
2016.03.24 23:48:11.652,1.47889,1.47925,1.12,1.00
2016.03.24 23:48:11.753,1.47893,1.47928,1.00,1.00
2016.03.24 23:48:11.855,1.47888,1.47926,1.50,1.00
2016.03.24 23:48:11.971,1.47893,1.47928,1.00,1.00
2016.03.24 23:48:12.140,1.47889,1.47925,1.12,1.00
2016.03.24 23:48:12.271,1.47893,1.47928,1.00,1.00
2016.03.24 23:48:12.440,1.47889,1.47925,1.12,1.00
2016.03.24 23:48:12.491,1.47893,1.47929,1.00,1.50
2016.03.24 23:48:12.741,1.47888,1.47926,1.50,1.00
2016.03.24 23:48:12.792,1.47893,1.47928,1.00,1.00
2016.03.24 23:48:12.871,1.47889,1.47925,1.12,1.00
2016.03.24 23:48:13.023,1.47894,1.47928,1.00,1.00
2016.03.24 23:48:13.074,1.47889,1.47925,1.12,1.00
2016.03.24 23:48:13.291,1.47893,1.47929,1.00,1.00
2016.03.24 23:48:13.594,1.47889,1.47925,1.12,1.00
2016.03.24 23:48:14.644,1.47893,1.47928,1.00,1.00
2016.03.24 23:48:15.796,1.47888,1.47926,1.50,1.00
2016.03.24 23:48:16.567,1.47893,1.47928,1.00,1.00
2016.03.24 23:48:18.069,1.47889,1.47925,1.12,1.00
2016.03.24 23:48:18.181,1.47893,1.47928,1.00,1.00
2016.03.24 23:48:18.708,1.47888,1.47926,1.50,1.00
2016.03.24 23:48:22.573,1.47893,1.47928,1.00,1.00
2016.03.24 23:48:22.680,1.47889,1.47925,1.12,1.00
2016.03.24 23:48:26.460,1.47893,1.47928,1.00,1.00
2016.03.24 23:48:26.765,1.47877,1.47914,1.00,1.00
2016.03.24 23:48:26.918,1.47878,1.47912,1.00,1.00
2016.03.24 23:48:27.070,1.47868,1.47904,1.00,1.00
2016.03.24 23:48:29.739,1.47871,1.47907,1.00,1.00
2016.03.24 23:48:33.228,1.47874,1.47912,1.00,1.00
2016.03.24 23:48:33.380,1.47868,1.47907,1.12,1.00
2016.03.24 23:48:35.222,1.47873,1.4791,1.00,1.00
2016.03.24 23:48:39.710,1.47869,1.47906,1.00,1.00
2016.03.24 23:48:40.032,1.47873,1.47909,1.00,1.00
2016.03.24 23:48:42.436,1.4787,1.47906,1.00,1.00
2016.03.24 23:48:42.589,1.47864,1.47903,1.00,1.00
2016.03.24 23:48:43.441,1.47861,1.47898,1.00,1.00
2016.03.24 23:48:43.800,1.47866,1.47902,1.00,1.00
2016.03.24 23:48:47.009,1.47871,1.47907,1.00,1.00
2016.03.24 23:48:47.061,1.47873,1.4791,1.00,1.00
2016.03.24 23:48:49.930,1.47871,1.47908,1.00,1.00
2016.03.24 23:48:50.722,1.47865,1.47903,1.00,1.00
2016.03.24 23:48:50.874,1.47862,1.47898,1.00,1.00
2016.03.24 23:48:50.976,1.47859,1.47896,1.00,1.00
2016.03.24 23:48:51.432,1.47858,1.47892,1.00,1.00
2016.03.24 23:48:51.838,1.47859,1.47896,1.00,1.00
2016.03.24 23:48:52.499,1.47859,1.47894,1.00,1.00
2016.03.24 23:48:52.550,1.47853,1.4789,1.00,1.00
2016.03.24 23:48:52.825,1.4785,1.47883,1.00,1.00
2016.03.24 23:48:54.641,1.4785,1.47885,1.00,1.00
2016.03.24 23:48:55.207,1.47849,1.47884,1.00,1.00
2016.03.24 23:49:02.733,1.47849,1.47885,1.50,1.00
2016.03.24 23:49:05.172,1.47851,1.47885,1.00,1.00
2016.03.24 23:49:05.505,1.47851,1.47883,1.00,1.00
2016.03.24 23:49:06.283,1.4785,1.47884,1.50,1.00
2016.03.24 23:49:06.589,1.47838,1.47875,1.00,1.94
2016.03.24 23:49:06.894,1.47828,1.47863,1.00,1.56
2016.03.24 23:49:07.273,1.47831,1.47861,1.00,1.00
2016.03.24 23:49:07.578,1.47834,1.47861,1.00,1.00
2016.03.24 23:49:07.704,1.47832,1.47861,1.00,1.00
2016.03.24 23:49:09.937,1.47832,1.47861,1.50,1.00
2016.03.24 23:49:10.578,1.47834,1.47861,1.00,1.00
2016.03.24 23:49:10.832,1.4783,1.47861,1.37,1.00
2016.03.24 23:49:10.883,1.4783,1.47868,1.00,3.00
2016.03.24 23:49:10.934,1.47833,1.47868,1.00,1.00
2016.03.24 23:49:11.274,1.4784,1.47868,1.50,1.00
2016.03.24 23:49:11.477,1.47835,1.47868,1.00,1.00
2016.03.24 23:49:11.680,1.47833,1.47868,1.00,1.00
2016.03.24 23:49:11.732,1.4783,1.47868,1.12,1.50
2016.03.24 23:49:11.834,1.47828,1.47863,1.75,1.00
2016.03.24 23:49:11.885,1.47828,1.47863,1.00,1.00
2016.03.24 23:49:11.936,1.47824,1.47862,1.75,1.00
2016.03.24 23:49:12.262,1.47824,1.47862,1.12,1.00
2016.03.24 23:49:12.414,1.47827,1.47863,1.00,1.00
2016.03.24 23:49:13.164,1.47829,1.47863,1.00,1.00
2016.03.24 23:49:15.051,1.47828,1.47863,1.00,1.00
2016.03.24 23:49:16.785,1.47828,1.47863,1.00,1.36
2016.03.24 23:49:16.837,1.47821,1.47863,1.12,3.36
2016.03.24 23:49:16.938,1.4782,1.47859,1.12,1.74
2016.03.24 23:49:17.244,1.4782,1.47831,1.12,1.00
2016.03.24 23:49:17.396,1.47819,1.47831,1.00,1.00
2016.03.24 23:49:17.750,1.47815,1.47833,1.12,1.00
2016.03.24 23:49:17.802,1.47813,1.47833,1.75,1.00
2016.03.24 23:49:18.258,1.47808,1.47833,1.12,1.00
2016.03.24 23:49:18.461,1.47806,1.47833,1.12,1.00
2016.03.24 23:49:18.518,1.47803,1.4783,1.87,1.00
2016.03.24 23:49:21.786,1.47799,1.4783,2.62,1.00
2016.03.24 23:49:21.887,1.47805,1.4783,1.12,1.00
2016.03.24 23:49:23.535,1.4781,1.4783,1.00,1.00
2016.03.24 23:49:23.839,1.47812,1.4783,1.12,1.00
2016.03.24 23:49:24.995,1.47812,1.47829,1.12,1.00
2016.03.24 23:49:25.311,1.4782,1.47829,1.00,1.00
2016.03.24 23:49:28.601,1.4782,1.4783,1.00,1.00
2016.03.24 23:49:33.204,1.4782,1.47835,1.00,1.00
2016.03.24 23:49:34.352,1.4782,1.47858,1.50,1.35
2016.03.24 23:49:34.555,1.4782,1.47863,1.50,1.35
2016.03.24 23:49:34.783,1.47821,1.47865,1.00,1.00
2016.03.24 23:49:36.715,1.47829,1.47867,1.00,1.00
2016.03.24 23:49:37.239,1.4783,1.47868,1.00,1.00
2016.03.24 23:49:37.543,1.47827,1.47865,1.00,1.00
2016.03.24 23:49:37.848,1.4783,1.47868,1.00,1.00
2016.03.24 23:49:38.504,1.47832,1.47869,1.00,1.00
2016.03.24 23:49:39.514,1.47832,1.47867,1.00,1.00
2016.03.24 23:49:39.565,1.47838,1.47874,1.00,1.00
2016.03.24 23:49:39.853,1.47835,1.47872,1.00,1.00
2016.03.24 23:49:41.128,1.47838,1.47874,1.00,1.00
2016.03.24 23:49:42.693,1.47841,1.47877,1.12,1.50
2016.03.24 23:49:42.997,1.47847,1.47877,1.00,1.00
2016.03.24 23:49:44.869,1.47847,1.4788,1.00,1.00
2016.03.24 23:49:44.921,1.47848,1.4788,1.12,1.00
2016.03.24 23:49:45.227,1.47855,1.47876,1.12,1.00
2016.03.24 23:49:45.556,1.4786,1.47876,1.12,1.00
2016.03.24 23:49:47.245,1.47862,1.47876,1.00,1.00
2016.03.24 23:49:47.296,1.47864,1.47883,1.12,1.00
2016.03.24 23:49:47.399,1.47864,1.47883,1.87,1.00
2016.03.24 23:49:47.906,1.47865,1.47883,1.87,1.00
2016.03.24 23:49:51.941,1.47862,1.47883,1.75,1.00
2016.03.24 23:49:52.122,1.47864,1.47883,1.12,1.00
2016.03.24 23:49:52.275,1.47862,1.47883,1.87,1.00
2016.03.24 23:49:54.344,1.47865,1.47883,1.12,1.00
2016.03.24 23:49:54.446,1.47863,1.47883,1.75,1.00
2016.03.24 23:49:54.548,1.47865,1.47883,1.12,1.00
2016.03.24 23:49:59.606,1.47864,1.47875,1.00,1.00
2016.03.24 23:49:59.891,1.47846,1.47865,1.12,1.00
2016.03.24 23:49:59.997,1.47843,1.47865,1.00,1.00
2016.03.24 23:50:00.164,1.4784,1.47865,1.12,1.00
2016.03.24 23:50:00.215,1.47843,1.47865,1.00,1.00
2016.03.24 23:50:00.266,1.4784,1.47865,1.12,1.00
2016.03.24 23:50:00.771,1.47842,1.47865,1.00,1.00
2016.03.24 23:50:01.184,1.47842,1.47868,1.00,1.00
2016.03.24 23:50:01.235,1.47844,1.47868,1.00,1.00
2016.03.24 23:50:01.776,1.47839,1.47868,1.50,1.00
2016.03.24 23:50:02.732,1.47839,1.47867,1.50,1.00
2016.03.24 23:50:03.739,1.47843,1.47867,1.00,1.00
2016.03.24 23:50:04.695,1.4784,1.47867,1.12,1.00
2016.03.24 23:50:06.517,1.47837,1.47867,1.00,1.00
2016.03.24 23:50:07.013,1.4784,1.47867,1.00,1.00
2016.03.24 23:50:07.318,1.47843,1.47867,1.00,1.00
2016.03.24 23:50:07.865,1.4784,1.47867,1.75,1.00
2016.03.24 23:50:08.017,1.4784,1.47867,1.00,1.00
2016.03.24 23:50:09.100,1.4784,1.47873,1.00,1.56
2016.03.24 23:50:09.202,1.47842,1.47873,1.00,1.00
2016.03.24 23:50:09.507,1.47844,1.4787,1.12,1.00
2016.03.24 23:50:09.811,1.47846,1.4787,1.75,1.00
2016.03.24 23:50:10.133,1.47849,1.4787,1.87,1.00
2016.03.24 23:50:10.438,1.47846,1.4787,1.12,1.00
2016.03.24 23:50:11.609,1.47846,1.47876,1.12,1.00
2016.03.24 23:50:11.661,1.4785,1.47876,1.75,1.00
2016.03.24 23:50:12.190,1.47853,1.47877,1.87,1.00
2016.03.24 23:50:13.921,1.47859,1.4788,1.00,1.00
2016.03.24 23:50:14.246,1.47862,1.4788,1.12,1.00
2016.03.24 23:50:14.755,1.47858,1.4788,1.12,1.00
2016.03.24 23:50:14.806,1.47858,1.47876,1.12,1.00
2016.03.24 23:50:18.142,1.47857,1.47876,1.00,1.00
2016.03.24 23:50:19.670,1.47854,1.47876,1.75,1.00
2016.03.24 23:50:20.057,1.47855,1.47876,1.12,1.00
2016.03.24 23:50:20.382,1.47857,1.47876,1.87,1.00
2016.03.24 23:50:21.731,1.47857,1.47876,1.00,1.00
2016.03.24 23:50:22.261,1.47853,1.47876,1.75,1.00
2016.03.24 23:50:23.143,1.47856,1.47879,1.12,1.00
2016.03.24 23:50:23.195,1.47856,1.47879,2.62,1.00
2016.03.24 23:50:23.347,1.47854,1.47879,1.75,1.00
2016.03.24 23:50:23.398,1.47856,1.47879,1.12,1.00
2016.03.24 23:50:24.040,1.47857,1.47879,1.12,1.00
2016.03.24 23:50:27.701,1.47857,1.47887,1.87,1.00
2016.03.24 23:50:28.097,1.47861,1.47891,1.37,1.00
2016.03.24 23:50:28.599,1.47862,1.47891,1.12,1.00
2016.03.24 23:50:29.337,1.47862,1.47893,1.12,1.00
2016.03.24 23:50:29.439,1.47866,1.47893,1.75,1.00
2016.03.24 23:50:34.487,1.47867,1.47891,1.12,1.00
2016.03.24 23:50:34.826,1.47867,1.47886,1.12,1.00
2016.03.24 23:50:38.764,1.47866,1.47886,1.37,1.00
2016.03.24 23:50:38.815,1.47862,1.47886,1.12,1.00
2016.03.24 23:50:39.018,1.47858,1.47881,1.12,1.00
2016.03.24 23:50:43.958,1.47858,1.47879,1.12,1.00
2016.03.24 23:50:44.131,1.47857,1.47879,1.50,1.00
2016.03.24 23:50:44.182,1.47855,1.47874,1.75,1.00
2016.03.24 23:50:45.384,1.47855,1.47873,1.75,1.00
2016.03.24 23:50:49.207,1.47858,1.47873,1.12,1.00
2016.03.24 23:50:51.370,1.47859,1.47872,1.75,1.00
2016.03.24 23:50:55.033,1.47864,1.47872,1.00,1.00
2016.03.24 23:50:55.086,1.47864,1.47885,1.50,1.00
2016.03.24 23:50:55.138,1.47866,1.47885,1.12,1.00
2016.03.24 23:51:08.295,1.47866,1.47875,1.12,1.00
2016.03.24 23:51:08.550,1.47858,1.47874,1.12,1.00
2016.03.24 23:51:08.601,1.47858,1.47867,1.12,1.00
2016.03.24 23:51:09.147,1.47858,1.47867,1.12,1.00
2016.03.24 23:51:12.852,1.47857,1.47865,1.50,1.00
2016.03.24 23:51:18.166,1.4785,1.47864,1.12,1.00
2016.03.24 23:51:24.583,1.4785,1.47872,1.12,1.00
2016.03.24 23:51:24.786,1.47858,1.47872,1.00,1.00
2016.03.24 23:51:28.872,1.47858,1.47867,1.00,1.00
2016.03.24 23:51:29.076,1.47849,1.47863,1.12,1.00
2016.03.24 23:51:35.227,1.47849,1.47864,1.12,1.00
2016.03.24 23:51:35.331,1.47845,1.47864,1.00,1.00
2016.03.24 23:51:35.433,1.47837,1.47864,1.12,1.00
2016.03.24 23:51:35.587,1.47837,1.47851,1.12,1.00
2016.03.24 23:51:36.534,1.47837,1.47847,1.12,1.00
2016.03.24 23:51:36.685,1.47837,1.47847,1.12,1.00
2016.03.24 23:51:37.195,1.47837,1.47847,1.12,1.00
2016.03.24 23:51:37.854,1.47837,1.47848,1.12,1.00
2016.03.24 23:51:38.078,1.47822,1.47835,1.12,1.00
2016.03.24 23:51:38.231,1.47814,1.47835,1.87,1.00
2016.03.24 23:51:40.500,1.47814,1.47834,1.12,1.00
2016.03.24 23:51:40.652,1.47801,1.47834,1.12,1.00
2016.03.24 23:51:40.754,1.47796,1.47834,1.12,1.00
2016.03.24 23:51:40.856,1.47796,1.47834,1.37,1.00
2016.03.24 23:51:40.907,1.47797,1.47834,1.12,1.00
2016.03.24 23:51:41.173,1.47799,1.47834,1.00,1.00
2016.03.24 23:51:41.275,1.47799,1.47836,1.00,1.50
2016.03.24 23:51:41.428,1.47796,1.47836,1.00,1.00
2016.03.24 23:51:41.480,1.47796,1.47828,1.00,1.00
2016.03.24 23:51:41.794,1.47792,1.47826,1.00,1.00
2016.03.24 23:51:42.464,1.47795,1.47826,1.00,1.00
2016.03.24 23:51:42.565,1.47792,1.47826,1.00,1.00
2016.03.24 23:51:43.933,1.4779,1.47826,1.00,1.00
2016.03.24 23:51:44.123,1.47788,1.47826,1.00,1.00
2016.03.24 23:51:45.378,1.47786,1.47826,1.00,1.00
2016.03.24 23:51:45.923,1.47785,1.47826,1.50,1.00
2016.03.24 23:51:47.685,1.47785,1.47828,1.50,1.00
2016.03.24 23:51:48.954,1.47786,1.47828,1.00,1.00
2016.03.24 23:51:52.663,1.47788,1.47828,1.00,1.00
2016.03.24 23:51:55.373,1.47786,1.47828,1.00,1.00
2016.03.24 23:51:57.667,1.47786,1.47831,1.00,1.00
2016.03.24 23:51:57.769,1.4779,1.47831,1.00,1.00
2016.03.24 23:51:58.024,1.4779,1.47833,1.12,1.00
2016.03.24 23:51:58.270,1.47792,1.47833,1.00,1.00
2016.03.24 23:51:58.781,1.47795,1.47834,1.00,1.00
2016.03.24 23:51:59.237,1.47798,1.47834,1.00,1.00
2016.03.24 23:51:59.568,1.47801,1.47834,1.00,1.00
2016.03.24 23:52:00.088,1.47797,1.47834,1.50,1.00
2016.03.24 23:52:01.773,1.47803,1.47834,1.00,1.00
2016.03.24 23:52:02.622,1.478,1.47834,1.00,1.00
2016.03.24 23:52:02.723,1.47807,1.47834,1.00,1.00
2016.03.24 23:52:03.230,1.47803,1.47834,1.00,1.00
2016.03.24 23:52:03.484,1.47802,1.47839,1.00,1.00
2016.03.24 23:52:03.709,1.47811,1.47843,1.00,1.00
2016.03.24 23:52:03.760,1.47809,1.47843,1.00,1.00
2016.03.24 23:52:03.812,1.47812,1.47843,1.00,1.00
2016.03.24 23:52:03.863,1.47812,1.47846,1.37,1.00
2016.03.24 23:52:03.965,1.47818,1.47846,1.00,1.00
2016.03.24 23:52:04.378,1.47821,1.47847,1.00,1.00
2016.03.24 23:52:04.684,1.47818,1.47847,1.00,1.00
2016.03.24 23:52:05.796,1.47818,1.47841,1.12,1.00
2016.03.24 23:52:06.274,1.47818,1.47843,1.12,1.00
2016.03.24 23:52:06.477,1.47805,1.47838,1.75,1.00
2016.03.24 23:52:06.529,1.47801,1.47838,1.00,1.00
2016.03.24 23:52:06.580,1.47792,1.47839,1.12,1.50
2016.03.24 23:52:06.733,1.47782,1.47832,1.37,1.00
2016.03.24 23:52:06.949,1.47793,1.47832,1.00,1.00
2016.03.24 23:52:07.255,1.47797,1.47832,1.00,1.00
2016.03.24 23:52:07.306,1.47794,1.47832,1.00,1.50
2016.03.24 23:52:07.459,1.47799,1.47832,1.00,1.00
2016.03.24 23:52:08.249,1.47797,1.47832,1.00,1.00
2016.03.24 23:52:08.586,1.47792,1.4783,1.00,1.00
2016.03.24 23:52:09.118,1.47791,1.47829,1.00,1.00
2016.03.24 23:52:13.465,1.47791,1.47829,1.37,1.00
2016.03.24 23:52:13.526,1.47794,1.47832,1.12,1.50
2016.03.24 23:52:13.628,1.47796,1.47832,1.00,1.00
2016.03.24 23:52:15.056,1.47796,1.47824,1.00,1.00
2016.03.24 23:52:15.108,1.47789,1.47824,1.75,1.00
2016.03.24 23:52:15.159,1.47789,1.4782,1.00,1.00
2016.03.24 23:52:15.261,1.47787,1.47825,1.00,1.00
2016.03.24 23:52:15.312,1.47785,1.47822,1.00,1.00
2016.03.24 23:52:15.617,1.47782,1.47815,1.75,1.00
2016.03.24 23:52:16.534,1.47785,1.47815,1.00,1.00
2016.03.24 23:52:17.120,1.47782,1.47816,1.75,1.00
2016.03.24 23:52:17.454,1.4778,1.47813,1.75,1.00
2016.03.24 23:52:18.058,1.47779,1.47813,1.12,1.00
2016.03.24 23:52:18.110,1.47778,1.47813,1.75,1.00
2016.03.24 23:52:20.118,1.47782,1.47816,1.00,1.00
2016.03.24 23:52:20.220,1.47778,1.47816,1.00,1.50
2016.03.24 23:52:22.383,1.4778,1.47816,1.00,1.00
2016.03.24 23:52:23.072,1.4778,1.47819,1.00,1.00
2016.03.24 23:52:23.225,1.47779,1.47816,1.12,1.00
2016.03.24 23:52:23.924,1.47783,1.47819,1.00,1.00
2016.03.24 23:52:24.428,1.4778,1.47819,1.87,1.00
2016.03.24 23:52:25.110,1.4778,1.47819,1.37,1.00
2016.03.24 23:52:25.161,1.4778,1.47817,1.37,1.00
2016.03.24 23:52:29.584,1.4778,1.47817,1.00,1.00
2016.03.24 23:52:29.953,1.47777,1.47815,1.00,1.00
2016.03.24 23:52:30.056,1.47781,1.47818,1.00,1.00
2016.03.24 23:52:30.563,1.4778,1.47818,1.00,1.00
2016.03.24 23:52:30.866,1.47778,1.47816,1.00,1.00
2016.03.24 23:52:33.072,1.47776,1.47814,1.00,1.00
2016.03.24 23:52:33.980,1.47779,1.47816,1.00,1.00
2016.03.24 23:52:36.082,1.47781,1.47819,1.50,1.50
2016.03.24 23:52:36.184,1.47787,1.47819,1.00,1.00
2016.03.24 23:52:36.711,1.47787,1.4782,1.00,1.00
2016.03.24 23:52:37.016,1.4779,1.47818,1.00,1.00
2016.03.24 23:52:38.129,1.47791,1.47818,1.00,1.00
2016.03.24 23:52:38.660,1.47793,1.47818,1.00,1.00
2016.03.24 23:52:38.712,1.47793,1.47823,1.00,1.00
2016.03.24 23:52:39.531,1.47795,1.47823,1.00,1.00
2016.03.24 23:52:39.797,1.47795,1.47831,1.00,1.00
2016.03.24 23:52:40.915,1.47795,1.4783,1.50,1.00
2016.03.24 23:52:40.967,1.47798,1.4783,1.00,1.00
2016.03.24 23:52:43.101,1.478,1.47837,1.00,1.12
2016.03.24 23:52:43.204,1.47806,1.47842,1.00,1.00
2016.03.24 23:52:43.357,1.47808,1.47845,1.00,1.00
2016.03.24 23:52:43.408,1.47811,1.47848,1.00,1.00
2016.03.24 23:52:43.936,1.47811,1.47848,1.50,1.00
2016.03.24 23:52:44.364,1.47814,1.4785,1.00,1.00
2016.03.24 23:52:45.451,1.47814,1.4785,1.75,1.00
2016.03.24 23:52:45.502,1.47816,1.47853,1.12,1.50
2016.03.24 23:52:45.982,1.47813,1.47851,1.00,1.00
2016.03.24 23:52:46.034,1.47817,1.47851,1.00,1.00
2016.03.24 23:52:46.085,1.4782,1.47855,1.00,1.00
2016.03.24 23:52:46.289,1.47824,1.47854,1.00,1.00
2016.03.24 23:52:47.856,1.47814,1.47847,1.87,1.00
2016.03.24 23:52:47.907,1.47817,1.47847,1.00,1.50
2016.03.24 23:52:48.009,1.478,1.47831,1.00,1.00
2016.03.24 23:52:48.061,1.47776,1.47833,1.75,1.00
2016.03.24 23:52:48.112,1.47781,1.47833,1.00,1.00
2016.03.24 23:52:48.416,1.47773,1.4782,1.00,1.00
2016.03.24 23:52:48.804,1.47772,1.47808,1.00,1.50
2016.03.24 23:52:49.294,1.47775,1.47808,1.00,1.50
2016.03.24 23:52:49.345,1.47775,1.47809,1.00,1.00
2016.03.24 23:52:49.447,1.47775,1.47813,1.00,1.75
2016.03.24 23:52:49.549,1.47777,1.47814,1.00,1.87
2016.03.24 23:52:49.752,1.47781,1.47819,1.00,2.25
2016.03.24 23:52:49.954,1.47778,1.47816,1.00,1.12
2016.03.24 23:52:50.164,1.4778,1.47818,1.00,1.75
2016.03.24 23:52:50.215,1.47776,1.47814,1.00,1.00
2016.03.24 23:52:50.450,1.4778,1.47818,1.50,1.00
2016.03.24 23:52:50.502,1.47784,1.47825,1.00,1.00
2016.03.24 23:52:50.554,1.47786,1.47826,1.12,1.00
2016.03.24 23:52:50.757,1.47788,1.4783,1.75,1.00
2016.03.24 23:52:50.808,1.47789,1.47834,1.50,1.31
2016.03.24 23:52:50.860,1.47792,1.47834,1.12,1.31
2016.03.24 23:52:50.961,1.47788,1.47834,1.12,1.31
2016.03.24 23:52:51.170,1.47795,1.47834,1.00,1.31
2016.03.24 23:52:51.576,1.47788,1.47834,1.12,1.31
2016.03.24 23:52:51.832,1.47788,1.47831,1.12,1.00
2016.03.24 23:52:52.146,1.47792,1.4783,1.12,1.00
2016.03.24 23:52:52.248,1.47792,1.47833,1.12,1.00
2016.03.24 23:52:52.400,1.47792,1.47828,1.12,1.00
2016.03.24 23:52:52.452,1.47788,1.47828,1.75,1.00
2016.03.24 23:52:52.504,1.47792,1.4783,1.00,1.00
2016.03.24 23:52:52.555,1.47792,1.4783,1.87,1.00
2016.03.24 23:52:52.606,1.47792,1.47832,1.12,1.00
2016.03.24 23:52:52.657,1.47791,1.47832,1.12,1.00
2016.03.24 23:52:52.708,1.47787,1.47829,1.87,1.00
2016.03.24 23:52:52.760,1.4779,1.47834,1.50,2.06
2016.03.24 23:52:52.861,1.47792,1.47833,1.12,1.25
2016.03.24 23:52:52.963,1.47788,1.47831,1.75,1.00
2016.03.24 23:52:53.167,1.47792,1.47833,1.12,1.31
2016.03.24 23:52:53.486,1.47788,1.47828,1.75,1.00
2016.03.24 23:52:53.540,1.47791,1.47833,1.87,1.00
2016.03.24 23:52:53.805,1.47792,1.47831,1.87,1.00
2016.03.24 23:52:53.856,1.47792,1.47831,1.00,1.00
2016.03.24 23:52:53.957,1.47788,1.47828,1.75,1.00
2016.03.24 23:52:54.312,1.4779,1.47833,1.50,1.00
2016.03.24 23:52:54.363,1.47792,1.47833,1.12,1.00
2016.03.24 23:52:54.870,1.47789,1.47834,1.12,1.00
2016.03.24 23:52:55.181,1.47795,1.47834,1.12,1.00
2016.03.24 23:52:55.644,1.47797,1.47836,1.87,1.31
2016.03.24 23:52:55.949,1.47799,1.47836,1.12,1.50
2016.03.24 23:52:56.306,1.47799,1.4784,1.87,1.00
2016.03.24 23:52:56.357,1.47799,1.47846,1.87,1.56
2016.03.24 23:52:56.408,1.478,1.47846,1.50,1.00
2016.03.24 23:52:56.459,1.47801,1.47846,1.12,1.00
2016.03.24 23:52:56.782,1.47803,1.47848,1.12,1.00
2016.03.24 23:52:56.885,1.47809,1.47848,1.12,1.00
2016.03.24 23:52:56.987,1.47806,1.47848,1.75,1.00
2016.03.24 23:52:57.038,1.4781,1.47848,1.37,1.00
2016.03.24 23:52:57.191,1.47809,1.47848,1.12,1.00
2016.03.24 23:52:57.370,1.4781,1.47848,1.75,1.00
2016.03.24 23:52:57.573,1.4781,1.47848,1.00,1.00
2016.03.24 23:52:57.776,1.47811,1.47848,1.75,1.50
2016.03.24 23:52:57.878,1.47807,1.47848,1.75,1.00
2016.03.24 23:52:58.357,1.47808,1.47848,1.12,1.00
2016.03.24 23:52:58.408,1.47809,1.47851,1.12,1.00
2016.03.24 23:52:58.459,1.47813,1.47848,1.87,1.00
2016.03.24 23:52:58.519,1.47815,1.47851,1.12,1.00
2016.03.24 23:52:58.976,1.4782,1.47851,1.12,1.00
2016.03.24 23:53:00.069,1.47823,1.47851,1.12,1.00
2016.03.24 23:53:00.575,1.47824,1.47851,1.12,1.00
2016.03.24 23:53:00.933,1.47825,1.47854,1.75,1.00
2016.03.24 23:53:00.985,1.47828,1.47854,1.12,1.00
2016.03.24 23:53:01.316,1.47828,1.47851,1.12,1.00
2016.03.24 23:53:01.624,1.47831,1.47851,1.12,1.00
2016.03.24 23:53:01.829,1.47824,1.47851,1.12,1.00
2016.03.24 23:53:01.933,1.47823,1.47851,1.00,1.00
2016.03.24 23:53:04.865,1.47823,1.47862,1.00,1.06
2016.03.24 23:53:04.967,1.47828,1.47875,2.25,1.50
2016.03.24 23:53:05.018,1.4783,1.47881,1.12,1.50
2016.03.24 23:53:05.073,1.47848,1.4788,1.50,1.00
2016.03.24 23:53:05.379,1.47906,1.47935,1.00,1.12
2016.03.24 23:53:05.531,1.47912,1.47946,1.00,1.00
2016.03.24 23:53:05.582,1.47912,1.47946,1.75,1.00
2016.03.24 23:53:05.633,1.47914,1.47948,1.12,1.00
2016.03.24 23:53:05.735,1.47893,1.47948,1.87,1.12
2016.03.24 23:53:05.786,1.47899,1.47948,1.00,1.12
2016.03.24 23:53:06.130,1.47908,1.47948,1.12,1.00
2016.03.24 23:53:06.333,1.47904,1.47948,1.12,1.00
2016.03.24 23:53:06.384,1.47905,1.47948,1.50,1.00
2016.03.24 23:53:06.840,1.47909,1.47948,1.37,1.00
2016.03.24 23:53:07.633,1.47909,1.47953,1.37,1.50
2016.03.24 23:53:07.762,1.47906,1.47926,1.75,1.00
2016.03.24 23:53:07.815,1.47898,1.47926,1.12,1.00
2016.03.24 23:53:07.967,1.47898,1.47919,1.12,1.00
2016.03.24 23:53:09.454,1.47898,1.47939,1.12,1.00
2016.03.24 23:53:09.556,1.47901,1.47939,1.12,1.00
2016.03.24 23:53:09.810,1.47899,1.47939,1.12,1.00
2016.03.24 23:53:09.911,1.47893,1.47939,1.12,1.00
2016.03.24 23:53:09.962,1.47896,1.47939,1.75,1.00
2016.03.24 23:53:10.764,1.47895,1.47939,1.87,1.00
2016.03.24 23:53:10.815,1.47892,1.47939,1.75,1.00
2016.03.24 23:53:11.728,1.47895,1.47934,1.00,1.00
2016.03.24 23:53:11.779,1.47889,1.47934,1.00,1.00
2016.03.24 23:53:11.831,1.47893,1.47939,1.00,1.00
2016.03.24 23:53:11.882,1.4789,1.47939,1.00,1.00
2016.03.24 23:53:12.034,1.47894,1.47939,1.00,1.00
2016.03.24 23:53:12.616,1.47893,1.47939,1.00,1.00
2016.03.24 23:53:13.045,1.47891,1.47939,1.00,1.00
2016.03.24 23:53:13.198,1.47899,1.47939,1.00,1.00
2016.03.24 23:53:13.745,1.47899,1.47938,1.00,1.00
2016.03.24 23:53:14.071,1.47891,1.47937,1.00,1.06
2016.03.24 23:53:14.122,1.47886,1.47931,1.00,1.00
2016.03.24 23:53:14.173,1.47881,1.47931,2.25,1.00
2016.03.24 23:53:14.471,1.47881,1.47911,1.50,1.00
2016.03.24 23:53:15.535,1.47884,1.47911,1.00,1.00
2016.03.24 23:53:15.587,1.47884,1.47933,1.75,1.00
2016.03.24 23:53:15.638,1.47893,1.47939,1.00,1.00
2016.03.24 23:53:15.982,1.47898,1.47938,1.00,1.00
2016.03.24 23:53:16.337,1.47895,1.47938,1.00,1.00
2016.03.24 23:53:17.011,1.47896,1.47938,1.00,1.00
2016.03.24 23:53:17.640,1.47895,1.47938,1.00,1.00
2016.03.24 23:53:18.163,1.47896,1.47938,1.00,1.00
2016.03.24 23:53:18.517,1.47892,1.47937,1.00,1.00
2016.03.24 23:53:19.402,1.47895,1.47939,1.75,1.00
2016.03.24 23:53:19.707,1.47899,1.47939,1.00,1.00
2016.03.24 23:53:20.111,1.47901,1.47939,1.00,1.00
2016.03.24 23:53:21.796,1.47901,1.47947,1.00,1.00
2016.03.24 23:53:22.473,1.47901,1.47951,1.50,1.00
2016.03.24 23:53:22.754,1.47903,1.47953,1.75,1.00
2016.03.24 23:53:22.806,1.47907,1.4795,1.50,1.00
2016.03.24 23:53:23.319,1.47908,1.4795,1.00,1.00
2016.03.24 23:53:23.931,1.47907,1.4795,1.00,1.00
2016.03.24 23:53:24.860,1.47906,1.47949,1.00,1.00
2016.03.24 23:53:25.163,1.47909,1.47952,1.50,1.00
2016.03.24 23:53:25.468,1.4791,1.47949,1.00,1.00
2016.03.24 23:53:30.140,1.4791,1.47953,1.00,1.00
2016.03.24 23:53:30.293,1.47918,1.47951,1.00,1.00
2016.03.24 23:53:31.035,1.47917,1.4795,1.00,1.00
2016.03.24 23:53:31.400,1.47909,1.47951,1.75,1.00
2016.03.24 23:53:31.451,1.47905,1.47951,1.00,1.00
2016.03.24 23:53:31.502,1.47904,1.47936,1.37,1.00
2016.03.24 23:53:31.604,1.47898,1.47936,1.75,1.00
2016.03.24 23:53:31.807,1.47898,1.47929,1.75,1.00
2016.03.24 23:53:32.603,1.47897,1.47929,1.50,1.00
2016.03.24 23:53:32.654,1.47897,1.47929,1.12,1.00
2016.03.24 23:53:36.202,1.47905,1.47942,1.75,1.56
2016.03.24 23:53:36.305,1.47914,1.47961,1.37,1.00
2016.03.24 23:53:36.356,1.47914,1.47963,1.75,1.50
2016.03.24 23:53:36.407,1.47919,1.47963,1.00,1.00
2016.03.24 23:53:36.459,1.47919,1.47969,1.00,1.00
2016.03.24 23:53:36.510,1.47918,1.47974,1.75,1.07
2016.03.24 23:53:36.561,1.47919,1.47979,1.12,1.00
2016.03.24 23:53:36.612,1.47923,1.4798,1.75,1.10
2016.03.24 23:53:36.714,1.47923,1.4798,1.12,1.10
2016.03.24 23:53:36.816,1.47927,1.47976,1.00,1.00
2016.03.24 23:53:38.598,1.47924,1.47973,1.50,1.00
2016.03.24 23:53:38.851,1.47927,1.47976,1.00,1.00
2016.03.24 23:53:40.249,1.47921,1.47974,1.12,1.00
2016.03.24 23:53:40.453,1.47926,1.47976,1.00,1.00
2016.03.24 23:53:40.555,1.47929,1.47976,1.87,1.00
2016.03.24 23:53:40.606,1.47929,1.47978,1.87,1.50
2016.03.24 23:53:42.753,1.47929,1.47978,1.12,1.50
2016.03.24 23:53:43.007,1.47935,1.47984,1.00,1.00
2016.03.24 23:53:43.262,1.47931,1.47985,1.50,1.00
2016.03.24 23:53:51.940,1.47928,1.47986,1.12,1.50
2016.03.24 23:53:51.991,1.47923,1.47984,1.87,2.25
2016.03.24 23:53:52.093,1.47911,1.4797,1.56,1.00
2016.03.24 23:53:53.155,1.47916,1.47965,1.00,1.00
2016.03.24 23:53:54.084,1.47915,1.47965,1.00,1.00
2016.03.24 23:53:58.458,1.47908,1.47969,1.87,1.00
2016.03.24 23:53:58.510,1.47912,1.47962,1.00,1.00
2016.03.24 23:53:58.612,1.47908,1.47961,1.00,1.00
2016.03.24 23:53:58.663,1.47909,1.47959,1.00,1.00
2016.03.24 23:53:58.967,1.47907,1.47956,1.00,1.00
2016.03.24 23:54:00.686,1.47908,1.47962,1.00,1.00
2016.03.24 23:54:00.788,1.47902,1.4796,1.00,1.00
2016.03.24 23:54:00.839,1.47897,1.47961,1.50,1.00
2016.03.24 23:54:01.353,1.47897,1.47954,1.50,1.00
2016.03.24 23:54:01.537,1.47894,1.47953,1.50,1.00
2016.03.24 23:54:01.689,1.47887,1.4795,1.12,1.00
2016.03.24 23:54:01.791,1.47887,1.47952,1.12,1.00
2016.03.24 23:54:01.892,1.47894,1.47952,1.00,1.50
2016.03.24 23:54:02.199,1.47897,1.47951,1.00,1.00
2016.03.24 23:54:02.500,1.479,1.47952,1.00,1.50
2016.03.24 23:54:03.167,1.47895,1.47952,1.00,1.00
2016.03.24 23:54:03.808,1.47895,1.47952,1.50,1.00
2016.03.24 23:54:06.675,1.47904,1.47949,1.00,1.00
2016.03.24 23:54:07.206,1.47892,1.47952,1.12,1.50
2016.03.24 23:54:08.069,1.47892,1.47927,1.12,1.00
2016.03.24 23:54:08.375,1.47865,1.47891,1.12,1.60
2016.03.24 23:54:08.426,1.47838,1.47891,1.00,1.00
2016.03.24 23:54:08.529,1.47846,1.47891,1.00,1.00
2016.03.24 23:54:08.871,1.47868,1.47891,1.12,1.00
2016.03.24 23:54:09.202,1.47863,1.47891,1.75,1.00
2016.03.24 23:54:09.253,1.47869,1.47928,1.00,1.00
2016.03.24 23:54:09.304,1.47868,1.47933,1.00,1.37
2016.03.24 23:54:09.355,1.47868,1.47933,1.00,1.07
2016.03.24 23:54:09.456,1.47862,1.47934,1.12,1.07
2016.03.24 23:54:09.507,1.4787,1.47934,1.00,1.07
2016.03.24 23:54:09.558,1.47862,1.47934,1.12,1.57
2016.03.24 23:54:09.660,1.47862,1.47926,1.12,1.00
2016.03.24 23:54:10.188,1.47862,1.47925,1.12,1.00
2016.03.24 23:54:10.240,1.47858,1.47925,1.12,1.00
2016.03.24 23:54:10.342,1.47858,1.47925,1.87,1.00
2016.03.24 23:54:10.965,1.47858,1.47936,1.87,1.50
2016.03.24 23:54:12.138,1.47867,1.47935,1.00,1.00
2016.03.24 23:54:13.057,1.47865,1.47936,1.00,1.00
2016.03.24 23:54:13.108,1.47862,1.47936,1.00,1.00
2016.03.24 23:54:13.284,1.47869,1.47933,1.00,1.00
2016.03.24 23:54:13.588,1.47874,1.47932,1.00,1.00
2016.03.24 23:54:13.639,1.47864,1.47934,1.12,1.00
2016.03.24 23:54:14.677,1.47873,1.47932,1.00,1.00
2016.03.24 23:54:14.982,1.47864,1.47934,1.12,1.00
2016.03.24 23:54:16.395,1.47864,1.47936,1.12,1.00
2016.03.24 23:54:17.098,1.47871,1.47936,1.00,1.00
2016.03.24 23:54:17.199,1.47864,1.47936,1.12,1.00
2016.03.24 23:54:17.452,1.47872,1.47936,1.00,1.00
2016.03.24 23:54:17.604,1.47864,1.47936,1.12,1.00
2016.03.24 23:54:17.757,1.47874,1.47936,1.00,1.00
2016.03.24 23:54:18.273,1.47869,1.47936,1.12,1.00
2016.03.24 23:54:18.851,1.47876,1.47936,1.00,1.00
2016.03.24 23:54:19.389,1.47869,1.47936,1.12,1.00
2016.03.24 23:54:20.125,1.47878,1.47936,1.00,1.00
2016.03.24 23:54:20.497,1.47874,1.47936,1.00,1.00
2016.03.24 23:54:21.199,1.47878,1.47936,1.00,1.00
2016.03.24 23:54:21.352,1.47874,1.47936,1.00,1.00
2016.03.24 23:54:21.905,1.47879,1.47936,1.00,1.00
2016.03.24 23:54:22.006,1.47874,1.47936,1.00,1.00
2016.03.24 23:54:22.108,1.47879,1.47936,1.00,1.00
2016.03.24 23:54:22.159,1.47876,1.47942,1.00,1.00
2016.03.24 23:54:22.210,1.47872,1.47942,1.37,1.00
2016.03.24 23:54:22.261,1.47879,1.47942,1.00,1.00
2016.03.24 23:54:22.515,1.47884,1.47954,1.00,1.00
2016.03.24 23:54:22.667,1.47891,1.47954,1.00,1.00
2016.03.24 23:54:22.971,1.47891,1.47954,1.75,1.00
2016.03.24 23:54:23.548,1.47895,1.47954,1.00,1.00
2016.03.24 23:54:24.278,1.47901,1.47963,1.00,1.00
2016.03.24 23:54:25.008,1.47898,1.47963,1.00,1.00
2016.03.24 23:54:25.109,1.47905,1.47963,1.00,1.00
2016.03.24 23:54:25.637,1.47906,1.47963,1.00,1.00
2016.03.24 23:54:26.028,1.47901,1.47963,1.12,1.00
2016.03.24 23:54:32.267,1.47897,1.47953,1.12,1.00
2016.03.24 23:54:34.280,1.47902,1.47953,1.00,1.00
2016.03.24 23:54:34.483,1.47907,1.47959,1.00,1.00
2016.03.24 23:54:34.585,1.4791,1.47959,1.75,1.00
2016.03.24 23:54:34.636,1.4791,1.47966,1.75,1.50
2016.03.24 23:54:35.713,1.47909,1.47965,1.12,1.00
2016.03.24 23:54:37.510,1.47909,1.47964,1.12,1.00
2016.03.24 23:54:39.203,1.47908,1.47964,1.00,1.00
2016.03.24 23:54:41.524,1.47908,1.47963,1.00,1.00
2016.03.24 23:54:43.480,1.47902,1.47957,1.00,1.25
2016.03.24 23:54:43.831,1.47894,1.4795,1.87,1.00
2016.03.24 23:54:45.113,1.47899,1.4795,1.00,1.00
2016.03.24 23:54:45.316,1.47908,1.47968,1.75,1.00
2016.03.24 23:54:45.367,1.47912,1.47968,1.00,1.00
2016.03.24 23:54:45.621,1.47906,1.47967,1.50,1.00
2016.03.24 23:54:46.939,1.47907,1.47969,1.12,1.50
2016.03.24 23:54:46.990,1.47909,1.47969,1.12,1.50
2016.03.24 23:54:47.687,1.47915,1.47969,1.00,1.00
2016.03.24 23:54:48.273,1.47909,1.47969,1.12,1.00
2016.03.24 23:54:49.165,1.47909,1.47974,1.12,1.00
2016.03.24 23:54:49.217,1.47911,1.47983,1.75,2.06
2016.03.24 23:54:49.268,1.47912,1.47983,1.31,1.00
2016.03.24 23:54:49.585,1.47934,1.47987,1.12,1.00
2016.03.24 23:54:49.788,1.47935,1.4799,1.75,1.00
2016.03.24 23:54:49.991,1.47938,1.4799,1.87,1.00
2016.03.24 23:54:50.520,1.47942,1.4799,1.50,1.00
2016.03.24 23:54:52.639,1.47942,1.4799,1.00,1.00
2016.03.24 23:54:52.690,1.47938,1.4799,1.75,1.00
2016.03.24 23:54:53.603,1.47939,1.47994,1.50,1.00
2016.03.24 23:54:53.654,1.47943,1.47998,1.00,1.00
2016.03.24 23:54:54.102,1.47945,1.48001,1.87,1.00
2016.03.24 23:54:54.204,1.47948,1.48004,1.50,1.00
2016.03.24 23:54:54.458,1.47945,1.48002,1.12,1.00
2016.03.24 23:54:54.509,1.47945,1.48004,1.12,1.00
2016.03.24 23:54:55.578,1.47951,1.48004,1.00,1.00
2016.03.24 23:54:55.731,1.47949,1.48004,1.12,1.50
2016.03.24 23:54:55.782,1.47952,1.48004,1.00,1.00
2016.03.24 23:54:56.324,1.47951,1.48004,1.00,1.00
2016.03.24 23:54:57.570,1.47951,1.48005,1.00,1.00
2016.03.24 23:54:57.875,1.47951,1.48005,1.87,1.00
2016.03.24 23:54:59.947,1.47957,1.48005,1.00,1.00
2016.03.24 23:55:00.049,1.47951,1.48005,1.12,1.00
2016.03.24 23:55:00.302,1.47957,1.48005,1.00,1.00
2016.03.24 23:55:00.404,1.47951,1.48005,1.12,1.00
2016.03.24 23:55:00.578,1.47945,1.48005,1.12,1.00
2016.03.24 23:55:00.680,1.47952,1.48005,1.00,1.00
2016.03.24 23:55:00.833,1.47947,1.48005,1.75,1.00
2016.03.24 23:55:00.934,1.47949,1.48005,1.12,1.00
2016.03.24 23:55:01.137,1.47945,1.48005,1.12,1.00
2016.03.24 23:55:01.340,1.47952,1.48005,1.50,1.00
2016.03.24 23:55:01.443,1.47948,1.48005,1.00,1.00
2016.03.24 23:55:01.544,1.47952,1.48005,1.00,1.00
2016.03.24 23:55:02.110,1.47949,1.48005,1.12,1.00
2016.03.24 23:55:03.537,1.4795,1.48005,1.00,1.00
2016.03.24 23:55:03.638,1.47949,1.48007,1.12,1.00
2016.03.24 23:55:03.855,1.47948,1.48007,1.12,1.00
2016.03.24 23:55:04.420,1.47952,1.48007,1.50,1.00
2016.03.24 23:55:05.530,1.47949,1.48004,1.87,1.00
2016.03.24 23:55:05.713,1.47949,1.48007,1.12,1.00
2016.03.24 23:55:05.767,1.47947,1.48012,1.50,1.00
2016.03.24 23:55:05.820,1.47953,1.48011,1.00,1.00
2016.03.24 23:55:05.922,1.47953,1.48018,1.00,1.00
2016.03.24 23:55:05.973,1.47953,1.48018,1.00,1.56
2016.03.24 23:55:06.278,1.47958,1.48018,1.50,1.00
2016.03.24 23:55:06.481,1.47956,1.48018,1.00,1.00
2016.03.24 23:55:06.532,1.4796,1.48018,1.00,1.00
2016.03.24 23:55:09.376,1.47956,1.48018,1.12,1.00
2016.03.24 23:55:09.427,1.47956,1.48018,1.50,1.00
2016.03.24 23:55:10.017,1.47956,1.48018,1.87,1.00
2016.03.24 23:55:10.435,1.47962,1.48018,1.00,1.00
2016.03.24 23:55:10.587,1.47958,1.48018,1.75,1.00
2016.03.24 23:55:10.689,1.47958,1.48018,1.00,1.00
2016.03.24 23:55:11.398,1.47952,1.48018,1.12,1.00
2016.03.24 23:55:11.550,1.4796,1.48018,1.00,1.00
2016.03.24 23:55:12.612,1.47957,1.48018,1.37,1.00
2016.03.24 23:55:12.956,1.47953,1.47999,1.12,1.00
2016.03.24 23:55:13.058,1.47944,1.47999,1.00,1.00
2016.03.24 23:55:13.160,1.47938,1.48002,1.12,1.07
2016.03.24 23:55:13.516,1.47938,1.47996,1.87,1.00
2016.03.24 23:55:14.520,1.47937,1.47993,1.12,1.00
2016.03.24 23:55:14.571,1.47937,1.47993,1.50,1.00
2016.03.24 23:55:14.622,1.47937,1.47993,1.75,1.00
2016.03.24 23:55:14.723,1.4794,1.47996,1.50,1.00
2016.03.24 23:55:15.079,1.47942,1.47998,1.00,1.00
2016.03.24 23:55:15.132,1.47942,1.47998,1.37,1.00
2016.03.24 23:55:15.183,1.47946,1.48002,1.12,1.07
2016.03.24 23:55:15.386,1.47943,1.48,1.00,1.00
2016.03.24 23:55:15.437,1.47935,1.48001,1.87,1.10
2016.03.24 23:55:16.283,1.47935,1.48001,1.12,1.10
2016.03.24 23:55:16.334,1.47935,1.48001,1.50,1.10
2016.03.24 23:55:16.724,1.47938,1.48004,1.37,1.31
2016.03.24 23:55:17.226,1.47938,1.48004,1.00,1.69
2016.03.24 23:55:17.277,1.47934,1.48,1.50,1.00
2016.03.24 23:55:17.431,1.47934,1.48004,1.87,1.22
2016.03.24 23:55:18.128,1.47935,1.48005,1.12,2.44
2016.03.24 23:55:19.008,1.47938,1.48,1.50,1.00
2016.03.24 23:55:20.048,1.47934,1.48,1.37,1.00
2016.03.24 23:55:20.099,1.47941,1.47999,1.00,1.00
2016.03.24 23:55:20.353,1.4794,1.48005,1.12,2.44
2016.03.24 23:55:20.556,1.47941,1.47999,1.00,1.00
2016.03.24 23:55:21.543,1.47942,1.48005,1.00,1.31
2016.03.24 23:55:21.596,1.4794,1.48007,1.12,1.56
2016.03.24 23:55:21.648,1.4794,1.48003,1.12,1.00
2016.03.24 23:55:21.956,1.47949,1.48004,1.87,1.25
2016.03.24 23:55:22.629,1.47952,1.48007,1.12,1.00
2016.03.24 23:55:22.781,1.47953,1.48012,1.50,1.00
2016.03.24 23:55:22.832,1.47953,1.48012,2.25,1.00
2016.03.24 23:55:23.330,1.47956,1.48012,1.12,1.00
2016.03.24 23:55:25.829,1.47952,1.48009,1.12,1.00
2016.03.24 23:55:25.930,1.4795,1.48009,1.12,1.00
2016.03.24 23:55:25.981,1.47953,1.48011,1.37,1.00
2016.03.24 23:55:26.033,1.47954,1.4801,1.37,1.00
2016.03.24 23:55:26.084,1.47959,1.48014,1.00,1.00
2016.03.24 23:55:26.186,1.47957,1.48022,1.50,1.00
2016.03.24 23:55:26.237,1.47957,1.48022,1.87,1.00
2016.03.24 23:55:26.569,1.47962,1.48017,1.12,1.00
2016.03.24 23:55:26.893,1.47962,1.4802,1.12,1.00
2016.03.24 23:55:27.809,1.47966,1.48022,1.12,1.50
2016.03.24 23:55:28.431,1.47965,1.48021,1.50,1.00
2016.03.24 23:55:28.533,1.4796,1.48022,1.00,1.07
2016.03.24 23:55:28.888,1.47962,1.48022,1.00,1.07
2016.03.24 23:55:29.520,1.4796,1.48022,1.12,1.07
2016.03.24 23:55:30.069,1.47965,1.48022,1.00,1.07
2016.03.24 23:55:30.221,1.47965,1.48023,1.00,1.00
2016.03.24 23:55:30.424,1.47968,1.48025,1.50,1.00
2016.03.24 23:55:30.852,1.47988,1.48055,1.12,1.12
2016.03.24 23:55:30.903,1.47994,1.48055,1.00,1.12
2016.03.24 23:55:31.107,1.47995,1.48065,1.12,1.37
2016.03.24 23:55:31.209,1.47998,1.48065,1.75,1.37
2016.03.24 23:55:31.514,1.48002,1.48071,1.12,1.50
2016.03.24 23:55:32.249,1.48,1.48062,1.50,1.07
2016.03.24 23:55:32.352,1.48001,1.48062,1.37,1.07
2016.03.24 23:55:32.505,1.47999,1.48064,1.50,1.12
2016.03.24 23:55:32.759,1.48,1.48062,1.37,1.07
2016.03.24 23:55:33.266,1.48001,1.48062,1.12,1.07
2016.03.24 23:55:33.782,1.47998,1.48049,1.75,1.37
2016.03.24 23:55:33.834,1.47987,1.48044,1.75,1.10
2016.03.24 23:55:33.885,1.47981,1.4804,1.12,1.00
2016.03.24 23:55:33.936,1.47978,1.4804,1.12,1.00
2016.03.24 23:55:34.533,1.47981,1.48044,1.50,1.10
2016.03.24 23:55:34.685,1.47978,1.48047,1.12,1.00
2016.03.24 23:55:35.143,1.47975,1.48048,1.12,1.00
2016.03.24 23:55:35.267,1.47978,1.48048,1.12,1.00
2016.03.24 23:55:35.572,1.47979,1.48046,1.12,1.00
2016.03.24 23:55:36.126,1.47981,1.48045,1.75,1.00
2016.03.24 23:55:36.441,1.47979,1.48038,1.12,1.10
2016.03.24 23:55:36.745,1.47985,1.4804,1.50,1.07
2016.03.24 23:55:37.069,1.47972,1.48022,1.75,1.00
2016.03.24 23:55:37.121,1.47953,1.48017,1.00,1.37
2016.03.24 23:55:37.172,1.47945,1.48005,1.12,1.00
2016.03.24 23:55:37.324,1.47921,1.48001,1.12,1.20
2016.03.24 23:55:37.376,1.47918,1.47992,1.75,1.00
2016.03.24 23:55:37.427,1.47913,1.47992,1.12,1.00
2016.03.24 23:55:37.478,1.47917,1.47992,1.12,1.00
2016.03.24 23:55:37.783,1.47904,1.47968,1.37,1.00
2016.03.24 23:55:38.013,1.47892,1.47956,1.12,1.00
2016.03.24 23:55:38.064,1.47891,1.47956,1.12,1.00
2016.03.24 23:55:38.611,1.4789,1.47956,1.50,1.50
2016.03.24 23:55:39.326,1.4789,1.47956,2.25,1.50
2016.03.24 23:55:39.631,1.47891,1.4795,1.87,1.00
2016.03.24 23:55:39.784,1.4789,1.4795,1.50,1.00
2016.03.24 23:55:39.936,1.47891,1.47947,1.00,1.00
2016.03.24 23:55:40.241,1.47894,1.4795,1.50,1.00
2016.03.24 23:55:40.292,1.47891,1.47956,3.00,1.50
2016.03.24 23:55:40.394,1.47891,1.4795,2.25,1.00
2016.03.24 23:55:40.728,1.47905,1.4796,1.87,1.00
2016.03.24 23:55:40.779,1.47909,1.47963,1.12,1.00
2016.03.24 23:55:40.830,1.47908,1.47961,1.12,1.00
2016.03.24 23:55:40.881,1.4791,1.47963,1.75,1.00
2016.03.24 23:55:40.983,1.4791,1.47965,1.75,1.00
2016.03.24 23:55:41.302,1.4791,1.47968,1.37,1.50
2016.03.24 23:55:41.353,1.47906,1.47956,1.37,1.00
2016.03.24 23:55:41.404,1.47899,1.47954,1.75,1.00
2016.03.24 23:55:41.505,1.4789,1.47948,1.75,1.00
2016.03.24 23:55:41.556,1.47889,1.47943,1.00,1.00
2016.03.24 23:55:41.607,1.47882,1.4794,1.75,1.00
2016.03.24 23:55:41.658,1.47884,1.4794,1.12,1.00
2016.03.24 23:55:41.709,1.47886,1.47942,1.87,1.00
2016.03.24 23:55:43.275,1.47889,1.47942,1.12,1.00
2016.03.24 23:55:43.326,1.47889,1.47945,1.12,1.00
2016.03.24 23:55:43.377,1.47889,1.47949,1.12,1.00
2016.03.24 23:55:43.478,1.47893,1.47949,1.12,1.00
2016.03.24 23:55:43.537,1.47894,1.47953,1.12,1.00
2016.03.24 23:55:43.667,1.47897,1.4796,1.12,1.00
2016.03.24 23:55:43.720,1.47894,1.47955,1.12,1.00
2016.03.24 23:55:44.024,1.47902,1.4796,1.12,1.00
2016.03.24 23:55:44.332,1.47906,1.47961,1.12,1.00
2016.03.24 23:55:44.649,1.47906,1.47967,1.12,1.00
2016.03.24 23:55:44.700,1.47907,1.47962,1.00,1.00
2016.03.24 23:55:45.386,1.47898,1.47964,1.87,1.00
2016.03.24 23:55:49.234,1.47903,1.47963,1.00,1.00
2016.03.24 23:55:49.814,1.47903,1.47963,1.37,1.00
2016.03.24 23:55:50.221,1.47914,1.47969,1.00,1.00
2016.03.24 23:55:50.373,1.47914,1.47979,1.75,1.00
2016.03.24 23:55:53.053,1.47902,1.47961,1.00,1.00
2016.03.24 23:55:53.155,1.47897,1.47961,1.12,1.00
2016.03.24 23:55:53.206,1.47895,1.47957,1.12,1.00
2016.03.24 23:55:53.257,1.47893,1.47957,1.87,1.00
2016.03.24 23:55:53.359,1.47893,1.47954,1.87,1.00
2016.03.24 23:55:54.851,1.47903,1.47954,1.12,1.00
2016.03.24 23:55:55.859,1.47899,1.47945,1.00,1.00
2016.03.24 23:55:55.910,1.47889,1.47945,1.75,1.00
2016.03.24 23:55:55.961,1.4788,1.47937,1.87,1.00
2016.03.24 23:55:56.114,1.4788,1.47944,1.87,1.00
2016.03.24 23:55:56.317,1.47881,1.47938,1.75,1.00
2016.03.24 23:55:56.369,1.47869,1.47935,1.12,1.00
2016.03.24 23:55:56.527,1.47871,1.47928,1.75,1.00
2016.03.24 23:55:57.106,1.47869,1.47933,1.12,1.00
2016.03.24 23:55:57.157,1.47866,1.47933,1.75,1.00
2016.03.24 23:55:58.148,1.47867,1.47933,1.12,1.00
2016.03.24 23:55:58.453,1.47872,1.47932,1.00,1.00
2016.03.24 23:55:59.047,1.47872,1.47932,1.37,1.00
2016.03.24 23:55:59.099,1.47874,1.47941,1.00,1.00
2016.03.24 23:55:59.150,1.47885,1.4794,1.37,1.00
2016.03.24 23:55:59.334,1.47893,1.47956,1.00,1.00
2016.03.24 23:55:59.486,1.47893,1.4796,1.12,1.00
2016.03.24 23:55:59.588,1.47898,1.47959,1.00,1.00
2016.03.24 23:55:59.740,1.47896,1.47965,1.50,1.00
2016.03.24 23:55:59.842,1.47898,1.47963,1.00,1.00
2016.03.24 23:56:00.619,1.47897,1.47966,1.12,1.00
2016.03.24 23:56:00.923,1.47899,1.4796,1.12,1.00
2016.03.24 23:56:01.663,1.47903,1.47958,1.12,1.00
2016.03.24 23:56:01.714,1.47909,1.47967,1.00,1.00
2016.03.24 23:56:01.766,1.47912,1.47973,1.00,1.00
2016.03.24 23:56:01.817,1.47912,1.47967,1.00,1.00
2016.03.24 23:56:01.868,1.47913,1.47973,1.00,1.50
2016.03.24 23:56:02.223,1.47913,1.47973,1.75,1.50
2016.03.24 23:56:02.556,1.47925,1.4798,1.00,1.00
2016.03.24 23:56:02.607,1.47926,1.47984,1.00,1.00
2016.03.24 23:56:02.760,1.47926,1.47984,1.37,1.00
2016.03.24 23:56:02.811,1.47928,1.47991,1.50,1.00
2016.03.24 23:56:03.014,1.47933,1.47989,1.00,1.00
2016.03.24 23:56:03.874,1.47935,1.47991,1.75,1.00
2016.03.24 23:56:04.180,1.47913,1.47969,1.87,1.00
2016.03.24 23:56:04.283,1.47912,1.47968,1.50,1.00
2016.03.24 23:56:04.335,1.47919,1.47976,1.37,1.00
2016.03.24 23:56:04.437,1.47923,1.47987,1.00,1.00
2016.03.24 23:56:04.539,1.47923,1.47987,1.87,1.00
2016.03.24 23:56:04.590,1.47926,1.47994,1.50,1.07
2016.03.24 23:56:04.641,1.47926,1.47994,1.87,1.07
2016.03.24 23:56:04.947,1.47934,1.47992,1.00,1.10
2016.03.24 23:56:05.549,1.47934,1.47992,1.50,1.10
2016.03.24 23:56:06.504,1.47938,1.47994,1.00,1.07
2016.03.24 23:56:07.510,1.47933,1.47995,1.75,1.12
2016.03.24 23:56:07.957,1.47939,1.47995,1.37,1.12
2016.03.24 23:56:08.461,1.47939,1.47995,1.75,1.12
2016.03.24 23:56:10.249,1.47942,1.48001,1.00,1.37
2016.03.24 23:56:10.775,1.47939,1.47996,1.75,1.37
2016.03.24 23:56:12.071,1.47942,1.47997,1.00,1.00
2016.03.24 23:56:12.122,1.47948,1.48007,1.00,1.00
2016.03.24 23:56:12.224,1.47944,1.4801,1.87,1.00
2016.03.24 23:56:12.275,1.4795,1.4801,1.00,1.00
2016.03.24 23:56:12.580,1.47961,1.48017,1.12,1.00
2016.03.24 23:56:12.884,1.47964,1.4802,1.00,1.00
2016.03.24 23:56:13.037,1.47967,1.48029,1.00,1.37
2016.03.24 23:56:13.570,1.47964,1.48025,1.12,1.07
2016.03.24 23:56:14.674,1.47968,1.48025,1.37,1.07
2016.03.24 23:56:14.725,1.47973,1.48029,1.12,1.00
2016.03.24 23:56:14.827,1.47974,1.48036,1.00,1.00
2016.03.24 23:56:14.878,1.47975,1.4803,1.00,1.00
2016.03.24 23:56:14.929,1.47969,1.4803,1.12,1.00
2016.03.24 23:56:15.031,1.47969,1.4803,1.12,1.37
2016.03.24 23:56:15.132,1.47964,1.48027,1.12,1.37
2016.03.24 23:56:15.183,1.47964,1.48021,1.12,1.00
2016.03.24 23:56:15.352,1.47955,1.48019,1.12,1.00
2016.03.24 23:56:15.404,1.4795,1.48024,1.12,1.00
2016.03.24 23:56:15.505,1.4795,1.4802,1.12,1.00
2016.03.24 23:56:15.936,1.4795,1.48017,1.12,1.00
2016.03.24 23:56:15.987,1.47936,1.48012,1.12,1.00
2016.03.24 23:56:16.038,1.47936,1.48003,1.12,1.00
2016.03.24 23:56:16.343,1.47931,1.4799,1.00,1.00
2016.03.24 23:56:16.394,1.47922,1.47996,1.00,1.75
2016.03.24 23:56:16.495,1.47914,1.4799,1.37,1.12
2016.03.24 23:56:16.546,1.47914,1.4799,1.37,1.12
2016.03.24 23:56:17.064,1.47914,1.4799,1.87,1.12
2016.03.24 23:56:17.428,1.47922,1.4799,1.06,1.12
2016.03.24 23:56:17.529,1.4793,1.47995,1.00,1.75
2016.03.24 23:56:17.787,1.47938,1.47995,1.00,1.75
2016.03.24 23:56:18.870,1.4794,1.47995,1.00,1.75
2016.03.24 23:56:19.073,1.47937,1.47995,1.00,1.75
2016.03.24 23:56:20.628,1.47922,1.47991,2.25,1.00
2016.03.24 23:56:20.679,1.47922,1.47968,1.75,1.00
2016.03.24 23:56:20.832,1.479,1.47974,1.37,1.12
2016.03.24 23:56:20.934,1.47908,1.47974,1.00,1.00
2016.03.24 23:56:20.986,1.47909,1.47965,1.00,1.00
2016.03.24 23:56:21.088,1.47889,1.47963,1.75,1.50
2016.03.24 23:56:21.140,1.47883,1.47962,1.12,1.12
2016.03.24 23:56:21.191,1.47881,1.47959,1.75,1.12
2016.03.24 23:56:21.242,1.47874,1.47958,1.12,1.12
2016.03.24 23:56:21.293,1.47873,1.47958,1.00,1.12
2016.03.24 23:56:21.345,1.47867,1.47958,1.87,1.12
2016.03.24 23:56:21.457,1.47898,1.47954,1.00,1.12
2016.03.24 23:56:21.774,1.47867,1.47954,1.00,1.50
2016.03.24 23:56:22.609,1.47867,1.4795,1.00,1.12
2016.03.24 23:56:24.263,1.47861,1.47949,2.25,1.75
2016.03.24 23:56:24.366,1.47859,1.47948,1.12,1.50
2016.03.24 23:56:24.688,1.47857,1.4794,1.47,1.12
2016.03.24 23:56:24.840,1.47853,1.4794,2.22,1.12
2016.03.24 23:56:29.126,1.47857,1.4794,1.11,1.12
2016.03.24 23:56:30.230,1.47853,1.47938,1.76,1.50
2016.03.24 23:56:30.331,1.47857,1.47938,1.76,1.50
2016.03.24 23:56:30.930,1.47855,1.47938,1.50,1.50
2016.03.24 23:56:31.274,1.47855,1.4794,1.29,1.12
2016.03.24 23:56:32.439,1.47862,1.4794,1.12,1.12
2016.03.24 23:56:32.748,1.47883,1.4794,1.00,1.12
2016.03.24 23:56:35.041,1.4788,1.47941,1.37,1.75
2016.03.24 23:56:35.142,1.4788,1.47945,1.37,1.75
2016.03.24 23:56:35.227,1.47894,1.47945,1.00,1.75
2016.03.24 23:56:37.330,1.47892,1.47946,1.00,1.00
2016.03.24 23:56:37.482,1.47892,1.47952,1.20,1.50
2016.03.24 23:56:37.584,1.47909,1.47952,1.00,1.50
2016.03.24 23:56:38.318,1.47922,1.47952,1.00,1.37
2016.03.24 23:56:38.552,1.47945,1.47997,1.00,1.00
2016.03.24 23:56:38.653,1.47937,1.47997,1.87,1.00
2016.03.24 23:56:38.755,1.47937,1.47994,1.00,1.00
2016.03.24 23:56:38.857,1.47937,1.47988,1.00,1.00
2016.03.24 23:56:39.162,1.47937,1.47979,1.00,1.00
2016.03.24 23:56:39.589,1.47936,1.47988,1.00,1.00
2016.03.24 23:56:39.692,1.47936,1.47991,1.00,1.00
2016.03.24 23:56:39.743,1.47944,1.47991,1.00,1.00
2016.03.24 23:56:40.262,1.47943,1.47991,1.00,1.00
2016.03.24 23:56:40.975,1.4794,1.47991,1.00,1.00
2016.03.24 23:56:41.607,1.4794,1.4799,1.00,1.00
2016.03.24 23:56:41.782,1.4794,1.47993,1.00,1.00
2016.03.24 23:56:41.833,1.47943,1.47997,1.12,1.50
2016.03.24 23:56:41.935,1.47941,1.47998,1.75,1.00
2016.03.24 23:56:42.037,1.47941,1.47995,1.75,1.00
2016.03.24 23:56:42.347,1.47942,1.47993,1.50,1.00
2016.03.24 23:56:45.200,1.47937,1.47993,1.87,1.00
2016.03.24 23:56:45.252,1.47937,1.47993,1.18,1.00
2016.03.24 23:56:47.384,1.47941,1.47998,1.31,1.00
2016.03.24 23:56:47.436,1.47939,1.47995,1.81,1.00
2016.03.24 23:56:50.426,1.47943,1.47995,1.31,1.00
2016.03.24 23:56:50.477,1.47946,1.47998,1.06,1.00
2016.03.24 23:56:50.579,1.4794,1.47997,1.06,1.00
2016.03.24 23:56:50.630,1.4794,1.47994,1.06,1.00
2016.03.24 23:56:52.149,1.4794,1.47994,1.06,1.00
2016.03.24 23:56:52.831,1.47939,1.47994,1.81,1.00
2016.03.24 23:56:53.942,1.47939,1.48,1.75,1.00
2016.03.24 23:56:53.993,1.47939,1.47997,1.75,1.00
2016.03.24 23:56:54.414,1.47939,1.47993,1.75,1.00
2016.03.24 23:56:55.751,1.4794,1.47996,1.56,1.00
2016.03.24 23:56:59.488,1.47939,1.47993,2.31,1.00
2016.03.24 23:57:04.745,1.4794,1.47996,1.50,1.00
2016.03.24 23:57:06.707,1.47939,1.4799,1.37,1.00
2016.03.24 23:57:07.143,1.47897,1.47963,1.12,1.37
2016.03.24 23:57:07.195,1.47884,1.47957,1.18,1.00
2016.03.24 23:57:07.246,1.47884,1.47955,1.18,1.00
2016.03.24 23:57:07.298,1.4788,1.47955,1.18,1.00
2016.03.24 23:57:07.349,1.4788,1.47956,1.93,1.00
2016.03.24 23:57:07.653,1.47892,1.47956,1.00,1.00
2016.03.24 23:57:07.805,1.47877,1.47956,1.12,1.00
2016.03.24 23:57:07.856,1.47894,1.4795,1.00,1.00
2016.03.24 23:57:07.907,1.47877,1.47956,1.12,1.00
2016.03.24 23:57:08.335,1.47881,1.47958,1.12,1.00
2016.03.24 23:57:08.386,1.47882,1.47958,1.12,1.00
2016.03.24 23:57:08.908,1.47886,1.47953,1.12,1.00
2016.03.24 23:57:09.238,1.47868,1.47939,1.06,1.00
2016.03.24 23:57:09.602,1.47868,1.47933,1.81,1.00
2016.03.24 23:57:09.947,1.47868,1.47933,2.37,1.00
2016.03.24 23:57:10.289,1.47868,1.47931,1.06,1.12
2016.03.24 23:57:12.778,1.47868,1.47923,1.06,1.00
2016.03.24 23:57:13.082,1.47873,1.47915,1.31,1.12
2016.03.24 23:57:13.997,1.47866,1.47919,3.62,1.12
2016.03.24 23:57:15.971,1.47872,1.47919,2.87,1.12
2016.03.24 23:57:16.286,1.47874,1.47919,2.87,1.12
2016.03.24 23:57:17.100,1.47869,1.47919,2.87,1.12
2016.03.24 23:57:17.476,1.47868,1.47919,1.06,1.12
2016.03.24 23:57:17.577,1.47861,1.47916,1.07,1.12
2016.03.24 23:57:17.679,1.47853,1.47917,1.81,1.12
2016.03.24 23:57:18.289,1.47851,1.47921,1.81,1.12
2016.03.24 23:57:20.478,1.47866,1.47922,2.87,1.12
2016.03.24 23:57:21.660,1.47866,1.47922,2.87,1.12
2016.03.24 23:57:21.964,1.47876,1.47923,2.87,1.12
2016.03.24 23:57:22.370,1.47877,1.47923,2.48,1.12
2016.03.24 23:57:22.421,1.47878,1.47924,2.25,1.12
2016.03.24 23:57:24.418,1.47893,1.47923,1.00,1.12
2016.03.24 23:57:24.520,1.47893,1.47943,1.75,1.00
2016.03.24 23:57:24.741,1.47893,1.47955,3.00,1.12
2016.03.24 23:57:24.843,1.47893,1.47961,3.00,1.00
2016.03.24 23:57:24.995,1.47895,1.47977,1.12,1.12
2016.03.24 23:57:25.097,1.47902,1.47958,1.00,1.00
2016.03.24 23:57:27.496,1.47905,1.47977,2.24,1.12
2016.03.24 23:57:27.547,1.47917,1.47981,1.50,1.12
2016.03.24 23:57:27.598,1.47917,1.47981,1.86,1.12
2016.03.24 23:57:27.649,1.47917,1.47992,1.86,1.12
2016.03.24 23:57:27.701,1.47949,1.47994,1.00,1.12
2016.03.24 23:57:27.873,1.47949,1.47996,1.00,1.12
2016.03.24 23:57:27.924,1.47952,1.48003,1.00,1.12
2016.03.24 23:57:28.026,1.47952,1.48011,1.00,1.12
2016.03.24 23:57:28.229,1.47952,1.48016,1.00,1.00
2016.03.24 23:57:28.280,1.47952,1.48023,1.00,1.12
2016.03.24 23:57:28.837,1.47952,1.48002,1.00,1.00
2016.03.24 23:57:29.456,1.47952,1.4801,1.00,1.00
2016.03.24 23:57:29.608,1.47952,1.48022,1.00,1.75
2016.03.24 23:57:30.356,1.47946,1.48022,1.00,1.75
2016.03.24 23:57:31.035,1.47945,1.48022,1.00,1.75
2016.03.24 23:57:31.188,1.47946,1.48016,1.00,1.00
2016.03.24 23:57:31.492,1.47947,1.48011,1.00,1.50
2016.03.24 23:57:33.136,1.47946,1.48014,1.00,1.12
2016.03.24 23:57:34.096,1.47947,1.48011,1.00,1.50
2016.03.24 23:57:35.496,1.47946,1.48014,1.00,1.12
2016.03.24 23:57:37.073,1.47947,1.48011,1.00,1.50
2016.03.24 23:57:37.576,1.47946,1.48014,1.00,1.12
2016.03.24 23:57:41.176,1.47947,1.48011,1.00,1.50
2016.03.24 23:57:42.213,1.47946,1.48014,1.00,1.12
2016.03.24 23:57:43.980,1.47946,1.48014,1.06,1.12
2016.03.24 23:57:47.932,1.47946,1.48014,1.06,1.12
2016.03.24 23:57:49.535,1.47947,1.48011,1.00,1.50
2016.03.24 23:57:49.638,1.47945,1.48018,1.12,1.87
2016.03.24 23:57:49.954,1.47971,1.48026,1.12,2.06
2016.03.24 23:57:50.106,1.47968,1.48029,1.37,1.56
2016.03.24 23:57:50.158,1.47962,1.48033,1.75,1.56
2016.03.24 23:57:51.232,1.47962,1.48033,1.00,1.69
2016.03.24 23:57:52.531,1.4796,1.48032,1.50,3.00
2016.03.24 23:57:52.836,1.47959,1.48031,1.75,3.00
2016.03.24 23:57:53.580,1.47959,1.48031,1.37,1.37
2016.03.24 23:57:53.682,1.47959,1.48031,1.00,1.75
2016.03.24 23:57:55.514,1.47959,1.4803,1.00,1.12
2016.03.24 23:57:55.565,1.47953,1.48029,1.75,1.50
2016.03.24 23:57:55.768,1.47957,1.48027,1.50,1.37
2016.03.24 23:57:56.147,1.47962,1.48023,1.12,1.00
2016.03.24 23:57:56.650,1.47966,1.48022,1.00,1.00
2016.03.24 23:57:57.026,1.47957,1.48029,1.00,1.00
2016.03.24 23:57:58.018,1.47957,1.48027,1.10,1.00
2016.03.24 23:57:58.348,1.47957,1.48019,1.57,1.00
2016.03.24 23:57:58.666,1.47962,1.4802,1.00,1.00
2016.03.24 23:57:58.971,1.4796,1.48014,1.12,1.00
2016.03.24 23:57:59.736,1.4796,1.48012,1.12,1.00
2016.03.24 23:57:59.888,1.47955,1.48013,1.50,1.00
2016.03.24 23:58:00.506,1.47957,1.48017,1.00,1.00
2016.03.24 23:58:00.609,1.47957,1.48013,1.00,1.00
2016.03.24 23:58:00.983,1.4796,1.48016,1.00,1.00
2016.03.24 23:58:03.208,1.47961,1.48016,1.00,1.00
2016.03.24 23:58:03.259,1.47962,1.48019,1.00,1.00
2016.03.24 23:58:03.309,1.47962,1.48019,1.50,1.00
2016.03.24 23:58:03.360,1.47965,1.48021,1.50,1.00
2016.03.24 23:58:04.260,1.47968,1.48025,1.00,1.00
2016.03.24 23:58:05.331,1.47968,1.48027,1.75,1.00
2016.03.24 23:58:05.484,1.47969,1.48026,1.12,1.00
2016.03.24 23:58:06.253,1.47969,1.48022,1.12,1.00
2016.03.24 23:58:06.354,1.47966,1.48022,1.12,1.00
2016.03.24 23:58:12.236,1.47961,1.48019,1.87,1.00
2016.03.24 23:58:12.585,1.47934,1.47989,1.00,1.75
2016.03.24 23:58:12.686,1.47918,1.47989,1.75,1.75
2016.03.24 23:58:12.839,1.4792,1.47995,1.12,1.75
2016.03.24 23:58:12.991,1.47912,1.47984,1.12,1.75
2016.03.24 23:58:13.528,1.47911,1.47984,1.12,1.75
2016.03.24 23:58:14.075,1.47914,1.47971,1.00,1.00
2016.03.24 23:58:14.221,1.4791,1.47988,1.85,1.50
2016.03.24 23:58:15.777,1.47911,1.47988,1.37,1.00
2016.03.24 23:58:16.004,1.47911,1.47994,1.12,1.12
2016.03.24 23:58:16.807,1.47915,1.47994,1.12,1.12
2016.03.24 23:58:17.111,1.47907,1.47972,1.75,1.00
2016.03.24 23:58:17.213,1.47907,1.47972,1.00,1.00
2016.03.24 23:58:17.756,1.47889,1.47975,1.87,1.50
2016.03.24 23:58:18.307,1.47889,1.47983,1.12,1.75
2016.03.24 23:58:19.758,1.47891,1.47975,1.00,1.50
2016.03.24 23:58:19.809,1.47891,1.47975,1.87,1.50
2016.03.24 23:58:20.814,1.47892,1.47981,1.12,1.75
2016.03.24 23:58:22.422,1.47892,1.47975,1.00,1.87
2016.03.24 23:58:22.885,1.47892,1.47976,2.25,1.12
2016.03.24 23:58:23.580,1.479,1.47985,1.00,1.75
2016.03.24 23:58:23.631,1.47907,1.47981,1.00,1.00
2016.03.24 23:58:23.682,1.47911,1.47983,1.00,1.00
2016.03.24 23:58:24.021,1.47911,1.47983,1.50,1.00
2016.03.24 23:58:24.274,1.47909,1.47985,1.12,1.00
2016.03.24 23:58:24.833,1.47906,1.47985,1.12,1.00
2016.03.24 23:58:24.985,1.47906,1.47981,1.12,1.00
2016.03.24 23:58:25.920,1.47904,1.4798,1.12,1.12
2016.03.24 23:58:26.354,1.47909,1.47975,1.00,1.00
2016.03.24 23:58:26.730,1.47912,1.47975,1.12,1.00
2016.03.24 23:58:26.781,1.47915,1.47981,1.12,1.00
2016.03.24 23:58:26.883,1.47914,1.47985,2.25,1.50
2016.03.24 23:58:26.934,1.47918,1.47984,1.75,1.00
2016.03.24 23:58:27.035,1.47914,1.47991,1.12,1.00
2016.03.24 23:58:27.138,1.47908,1.47992,1.12,1.75
2016.03.24 23:58:27.240,1.47907,1.47993,1.00,1.75
2016.03.24 23:58:27.535,1.47903,1.47976,1.20,1.12
2016.03.24 23:58:27.840,1.47885,1.47959,1.87,1.75
2016.03.24 23:58:29.918,1.47881,1.47964,1.12,1.75
2016.03.24 23:58:34.048,1.47882,1.47964,1.12,1.75
2016.03.24 23:58:34.546,1.47888,1.4796,1.75,1.75
2016.03.24 23:58:36.943,1.47888,1.47961,1.12,1.75
2016.03.24 23:58:37.668,1.47892,1.47952,1.12,1.00
2016.03.24 23:58:38.023,1.4789,1.47962,1.00,1.75
2016.03.24 23:58:38.993,1.47892,1.4796,1.00,1.75
2016.03.24 23:58:39.367,1.47893,1.47951,1.12,1.00
2016.03.24 23:58:43.757,1.47889,1.47959,1.12,1.75
2016.03.24 23:58:44.286,1.47889,1.47952,1.12,1.00
2016.03.24 23:58:44.736,1.47896,1.47961,1.12,1.50
2016.03.24 23:58:44.837,1.47897,1.47961,1.12,1.50
2016.03.24 23:58:45.702,1.47901,1.4796,1.00,1.12
2016.03.24 23:58:45.873,1.47895,1.47957,1.75,1.00
2016.03.24 23:58:45.975,1.47894,1.47953,1.12,1.00
2016.03.24 23:58:46.076,1.47888,1.47964,1.12,3.00
2016.03.24 23:58:46.584,1.47884,1.47962,1.12,1.75
2016.03.24 23:58:47.370,1.47881,1.47958,1.87,1.87
2016.03.24 23:58:47.421,1.47881,1.47952,1.12,1.00
2016.03.24 23:58:47.472,1.47877,1.47947,1.50,1.00
2016.03.24 23:58:47.574,1.47877,1.47947,1.00,1.75
2016.03.24 23:58:48.462,1.47873,1.47955,1.12,1.12
2016.03.24 23:58:48.564,1.47874,1.47953,1.87,1.00
2016.03.24 23:58:52.160,1.47875,1.47953,1.12,1.00
2016.03.24 23:58:52.482,1.4787,1.47937,1.12,1.00
2016.03.24 23:58:52.584,1.47877,1.47947,1.50,1.00
2016.03.24 23:58:54.229,1.47875,1.47948,1.12,1.10
2016.03.24 23:58:54.280,1.47875,1.47944,1.12,1.00
2016.03.24 23:58:56.156,1.4787,1.47944,1.12,1.87
2016.03.24 23:58:56.207,1.4787,1.4794,1.12,1.75
2016.03.24 23:58:56.258,1.47866,1.47936,1.12,1.50
2016.03.24 23:58:56.994,1.47872,1.47935,1.00,1.12
2016.03.24 23:58:57.621,1.47868,1.47933,1.75,1.00
2016.03.24 23:58:57.672,1.47871,1.47933,1.12,1.00
2016.03.24 23:58:58.328,1.47871,1.47938,1.12,1.75
2016.03.24 23:58:59.896,1.47878,1.47933,1.00,1.00
2016.03.24 23:59:00.315,1.47872,1.47936,1.75,1.50
2016.03.24 23:59:01.532,1.47878,1.47936,1.00,1.50
2016.03.24 23:59:01.894,1.47884,1.4793,1.00,1.00
2016.03.24 23:59:02.096,1.47871,1.47929,2.62,1.00
2016.03.24 23:59:02.363,1.47871,1.4794,1.87,1.75
2016.03.24 23:59:02.445,1.47884,1.47928,1.00,1.00
2016.03.24 23:59:02.755,1.47872,1.47919,1.75,1.00
2016.03.24 23:59:02.907,1.47865,1.47919,1.12,1.75
2016.03.24 23:59:03.829,1.47872,1.47917,1.00,1.12
2016.03.24 23:59:04.283,1.47865,1.47919,1.12,2.25
2016.03.24 23:59:07.837,1.47869,1.47912,1.00,1.00
2016.03.24 23:59:07.889,1.47857,1.4791,1.87,1.00
2016.03.24 23:59:08.054,1.47857,1.47905,1.00,1.00
2016.03.24 23:59:08.105,1.47854,1.47906,1.12,1.00
2016.03.24 23:59:08.156,1.47855,1.47901,1.00,1.00
2016.03.24 23:59:08.566,1.47856,1.47907,1.00,1.00
2016.03.24 23:59:08.617,1.47861,1.47905,1.00,1.00
2016.03.24 23:59:09.719,1.47853,1.47911,1.50,1.00
2016.03.24 23:59:09.770,1.47852,1.47915,1.75,1.00
2016.03.24 23:59:10.084,1.47852,1.47915,1.12,1.00
2016.03.24 23:59:10.388,1.47846,1.47915,1.00,1.50
2016.03.24 23:59:10.490,1.47837,1.47914,1.75,1.12
2016.03.24 23:59:10.542,1.47839,1.47907,1.12,1.00
2016.03.24 23:59:11.146,1.47833,1.47908,1.75,1.00
2016.03.24 23:59:12.510,1.47833,1.47908,1.00,1.00
2016.03.24 23:59:12.612,1.47829,1.47903,1.12,1.00
2016.03.24 23:59:12.764,1.47819,1.47903,1.12,1.50
2016.03.24 23:59:12.865,1.4782,1.47895,1.75,1.00
2016.03.24 23:59:14.151,1.47824,1.47894,1.00,1.00
2016.03.24 23:59:14.581,1.4782,1.47895,1.37,1.00
2016.03.24 23:59:14.633,1.47818,1.47895,1.00,1.00
2016.03.24 23:59:14.684,1.47811,1.47888,1.87,1.00
2016.03.24 23:59:14.838,1.47811,1.47888,1.12,1.00
2016.03.24 23:59:14.889,1.47808,1.47883,1.87,1.00
2016.03.24 23:59:15.786,1.47816,1.47886,1.00,1.00
2016.03.24 23:59:16.090,1.4784,1.47887,1.12,1.00
2016.03.24 23:59:16.141,1.4784,1.47892,1.12,1.00
2016.03.24 23:59:16.330,1.47857,1.47903,1.12,1.00
2016.03.24 23:59:16.382,1.4786,1.47913,1.12,1.00
2016.03.24 23:59:16.433,1.47864,1.47925,1.12,1.00
2016.03.24 23:59:16.484,1.47864,1.47929,1.12,1.00
2016.03.24 23:59:16.536,1.47864,1.47936,1.12,1.75
2016.03.24 23:59:16.587,1.47867,1.47936,1.12,1.75
2016.03.24 23:59:17.289,1.4787,1.47929,1.50,1.00
2016.03.24 23:59:18.308,1.4787,1.47929,1.00,1.00
2016.03.24 23:59:18.359,1.47866,1.47921,1.00,1.00
2016.03.24 23:59:18.777,1.47862,1.47912,1.00,1.00
2016.03.24 23:59:19.285,1.47861,1.47917,1.00,1.75
2016.03.24 23:59:19.881,1.47861,1.47903,1.00,1.75
2016.03.24 23:59:21.735,1.47846,1.47889,1.00,1.00
2016.03.24 23:59:21.837,1.4784,1.47885,1.00,1.00
2016.03.24 23:59:21.938,1.47837,1.47887,1.00,1.00
2016.03.24 23:59:22.382,1.47841,1.47894,1.00,1.12
2016.03.24 23:59:22.433,1.47841,1.47898,1.00,1.00
2016.03.24 23:59:22.483,1.47842,1.47894,1.00,1.00
2016.03.24 23:59:23.272,1.47842,1.47894,1.00,1.50
2016.03.24 23:59:23.772,1.47833,1.47896,1.00,1.75
2016.03.24 23:59:23.924,1.47838,1.47895,1.00,1.75
2016.03.24 23:59:24.821,1.47841,1.47897,1.00,1.12
2016.03.24 23:59:28.266,1.47842,1.47893,1.00,1.12
2016.03.24 23:59:30.026,1.47841,1.47897,1.00,1.12
2016.03.24 23:59:33.024,1.47846,1.47894,1.00,1.00
2016.03.24 23:59:33.424,1.47848,1.47893,1.00,1.00
2016.03.24 23:59:33.628,1.47847,1.479,1.00,1.75
2016.03.24 23:59:33.729,1.47837,1.47903,1.12,1.00
2016.03.24 23:59:33.780,1.47854,1.47903,1.00,1.00
2016.03.24 23:59:34.084,1.4786,1.47903,1.00,1.00
2016.03.24 23:59:34.433,1.47868,1.47903,1.00,1.00
2016.03.24 23:59:38.058,1.47869,1.47903,1.00,1.00
2016.03.24 23:59:38.603,1.47868,1.47903,1.00,1.00
2016.03.24 23:59:38.981,1.47863,1.47903,1.00,1.00
2016.03.24 23:59:39.032,1.47872,1.47903,1.00,1.00
2016.03.24 23:59:39.334,1.47874,1.47903,1.00,1.00
2016.03.24 23:59:40.257,1.47875,1.47903,1.00,1.00
2016.03.24 23:59:40.482,1.47864,1.47903,1.00,1.00
2016.03.24 23:59:41.011,1.47866,1.4791,1.00,2.25
2016.03.24 23:59:42.717,1.47867,1.47905,1.00,1.00
2016.03.24 23:59:42.920,1.47858,1.47897,1.00,1.00
2016.03.24 23:59:43.618,1.47857,1.47906,1.00,1.75
2016.03.24 23:59:45.924,1.47857,1.47904,1.00,1.12
2016.03.24 23:59:46.228,1.47847,1.47889,1.00,1.00
2016.03.24 23:59:46.532,1.47848,1.47895,1.00,1.12
2016.03.24 23:59:48.209,1.47848,1.47891,1.00,1.00
2016.03.24 23:59:48.512,1.47852,1.47891,1.00,1.12
2016.03.24 23:59:49.210,1.47853,1.47891,1.00,1.12
2016.03.24 23:59:49.514,1.47857,1.47891,1.00,1.12
2016.03.24 23:59:49.889,1.47865,1.47891,1.00,1.12
2016.03.24 23:59:50.474,1.47867,1.47891,1.00,1.12
2016.03.24 23:59:51.152,1.47862,1.47889,1.00,1.00
2016.03.24 23:59:51.253,1.47851,1.47887,1.00,1.00
2016.03.24 23:59:51.304,1.47845,1.47886,1.00,1.00
2016.03.24 23:59:51.355,1.4783,1.47885,1.31,1.10
2016.03.24 23:59:51.906,1.47827,1.47885,1.56,1.12
2016.03.24 23:59:52.312,1.47834,1.47885,1.00,1.12
2016.03.24 23:59:52.711,1.47846,1.47885,1.00,1.12
2016.03.24 23:59:53.427,1.47839,1.47886,1.37,1.50
2016.03.24 23:59:53.479,1.47837,1.47886,1.00,1.50
2016.03.24 23:59:54.371,1.47837,1.47886,1.75,1.50
2016.03.24 23:59:54.714,1.47852,1.47886,1.00,1.50
2016.03.24 23:59:55.429,1.47844,1.47886,1.12,1.50
2016.03.24 23:59:56.386,1.47853,1.47885,1.00,1.12
2016.03.24 23:59:56.538,1.47846,1.47885,1.37,1.12
2016.03.24 23:59:56.691,1.47841,1.47885,1.00,1.12
2016.03.24 23:59:57.148,1.47844,1.47885,1.00,1.12
2016.03.24 23:59:57.200,1.47844,1.47904,1.00,1.12
2016.03.24 23:59:57.317,1.47846,1.47904,1.00,1.12
2016.03.24 23:59:57.621,1.47856,1.47905,1.00,1.50
2016.03.24 23:59:57.672,1.47828,1.47904,1.56,1.12
2016.03.24 23:59:57.723,1.47838,1.47904,1.00,1.12
2016.03.24 23:59:57.774,1.47829,1.47904,1.31,1.12
2016.03.24 23:59:58.301,1.47833,1.47904,1.00,1.12
2016.03.24 23:59:58.444,1.47837,1.47904,1.00,1.12
2016.03.24 23:59:58.775,1.47873,1.479,0.75,1.12
2016.03.24 23:59:58.826,1.47823,1.479,1.56,1.12
