2014.09.08 01:00:01.713,1.4102,1.41043,1.25,1.25
2014.09.08 01:00:07.335,1.41022,1.41044,1.00,1.19
2014.09.08 01:00:07.856,1.41022,1.41044,1.00,1.25
2014.09.08 01:00:08.978,1.4102,1.41044,2.06,1.25
2014.09.08 01:00:14.323,1.4102,1.41046,2.81,1.19
2014.09.08 01:00:22.415,1.4102,1.41046,2.06,1.25
2014.09.08 01:00:26.462,1.4102,1.41046,2.81,1.19
2014.09.08 01:00:32.463,1.4102,1.41045,2.06,1.19
2014.09.08 01:00:34.456,1.4102,1.41045,2.06,1.25
2014.09.08 01:00:35.475,1.4102,1.41045,2.06,1.19
2014.09.08 01:00:37.483,1.4102,1.41046,1.56,1.19
2014.09.08 01:00:42.472,1.4102,1.41044,1.56,1.00
2014.09.08 01:00:43.140,1.4102,1.41046,1.56,1.19
2014.09.08 01:00:43.675,1.4102,1.41046,1.56,1.19
2014.09.08 01:00:45.481,1.4102,1.41046,1.56,1.19
2014.09.08 01:00:47.088,1.4102,1.41046,1.56,1.19
2014.09.08 01:00:47.681,1.4102,1.41046,1.62,1.19
2014.09.08 01:00:48.486,1.41021,1.41046,1.31,1.19
2014.09.08 01:00:49.516,1.41021,1.41048,2.06,1.69
2014.09.08 01:00:50.515,1.41022,1.41049,1.69,4.31
2014.09.08 01:00:52.497,1.41022,1.41049,1.69,3.56
2014.09.08 01:00:55.303,1.41022,1.41049,1.50,2.62
2014.09.08 01:00:55.812,1.41022,1.41048,1.87,1.00
2014.09.08 01:00:56.352,1.41023,1.41047,1.12,1.00
2014.09.08 01:00:57.510,1.41023,1.41047,1.12,1.19
2014.09.08 01:00:59.541,1.41023,1.41047,1.12,1.25
2014.09.08 01:01:01.541,1.41023,1.41047,1.31,1.19
2014.09.08 01:01:13.567,1.41022,1.41047,1.25,2.06
2014.09.08 01:01:22.568,1.41022,1.41047,1.19,1.19
2014.09.08 01:01:24.674,1.41022,1.41047,1.25,1.19
2014.09.08 01:01:27.020,1.41022,1.41047,1.19,1.31
2014.09.08 01:01:27.795,1.41022,1.41047,1.56,1.19
2014.09.08 01:01:29.015,1.41021,1.41046,2.81,1.25
2014.09.08 01:01:32.697,1.41021,1.41048,2.81,2.44
2014.09.08 01:01:33.698,1.41021,1.41048,2.81,2.44
2014.09.08 01:01:36.704,1.41021,1.41048,2.81,2.44
2014.09.08 01:01:37.845,1.41021,1.41046,1.56,1.19
2014.09.08 01:01:40.062,1.41019,1.41046,4.31,1.19
2014.09.08 01:01:42.261,1.41019,1.41046,4.31,1.19
2014.09.08 01:01:43.220,1.41019,1.41046,4.31,1.19
2014.09.08 01:01:44.222,1.41019,1.41046,3.56,1.25
2014.09.08 01:01:44.741,1.41019,1.41044,3.56,1.00
2014.09.08 01:01:52.286,1.41021,1.41045,1.31,1.25
2014.09.08 01:01:55.278,1.41021,1.41045,1.31,1.19
2014.09.08 01:01:56.251,1.41021,1.41045,1.31,1.25
2014.09.08 01:01:57.253,1.41021,1.41045,1.31,1.19
2014.09.08 01:02:00.919,1.41021,1.41046,1.62,1.19
2014.09.08 01:02:01.021,1.41021,1.41046,1.31,1.19
2014.09.08 01:02:01.604,1.41019,1.41044,2.06,1.69
2014.09.08 01:02:02.071,1.41017,1.41041,1.56,1.25
2014.09.08 01:02:02.375,1.41016,1.41039,1.56,1.00
2014.09.08 01:02:02.527,1.41014,1.41038,2.06,1.00
2014.09.08 01:02:02.680,1.41013,1.41039,3.56,2.44
2014.09.08 01:02:02.984,1.4101,1.41037,2.81,2.44
2014.09.08 01:02:03.557,1.4101,1.41036,2.81,1.19
2014.09.08 01:02:04.070,1.41018,1.41037,1.00,1.69
2014.09.08 01:02:04.121,1.41018,1.41038,1.00,1.50
2014.09.08 01:02:04.273,1.41018,1.4104,1.25,1.00
2014.09.08 01:02:04.994,1.41018,1.41042,1.25,1.19
2014.09.08 01:02:05.411,1.4102,1.41043,1.00,1.19
2014.09.08 01:02:05.512,1.4102,1.41044,1.19,1.25
2014.09.08 01:02:05.614,1.41019,1.41044,1.12,1.19
2014.09.08 01:02:05.715,1.41019,1.41043,1.56,1.00
2014.09.08 01:02:05.867,1.4102,1.41046,2.81,2.06
2014.09.08 01:02:07.018,1.41021,1.41046,1.31,1.00
2014.09.08 01:02:07.535,1.41025,1.41048,1.12,1.19
2014.09.08 01:02:07.636,1.41025,1.41048,1.31,1.00
2014.09.08 01:02:07.889,1.41025,1.4105,2.06,1.69
2014.09.08 01:02:08.906,1.41027,1.4105,1.69,1.00
2014.09.08 01:02:11.340,1.41026,1.4105,1.19,1.25
2014.09.08 01:02:11.492,1.41026,1.41048,1.19,1.00
2014.09.08 01:02:11.644,1.41024,1.41048,1.25,1.19
2014.09.08 01:02:11.796,1.41025,1.41045,1.00,1.00
2014.09.08 01:02:12.102,1.4102,1.41043,1.19,1.00
2014.09.08 01:02:12.203,1.41019,1.41043,1.25,1.19
2014.09.08 01:02:13.090,1.4102,1.41043,1.00,1.69
2014.09.08 01:02:13.688,1.4102,1.41043,1.00,2.06
2014.09.08 01:02:14.230,1.4102,1.41043,1.00,2.06
2014.09.08 01:02:14.791,1.4102,1.41043,1.00,2.06
2014.09.08 01:02:15.312,1.4102,1.41043,1.00,2.06
2014.09.08 01:02:17.173,1.4102,1.41043,1.00,2.06
2014.09.08 01:02:18.191,1.41019,1.41041,1.00,1.31
2014.09.08 01:02:18.343,1.41016,1.4104,1.12,2.06
2014.09.08 01:02:18.850,1.41016,1.41038,1.12,1.00
2014.09.08 01:02:19.581,1.41016,1.41038,1.25,1.69
2014.09.08 01:02:19.733,1.41012,1.41035,1.00,1.69
2014.09.08 01:02:20.254,1.41011,1.41035,1.00,2.06
2014.09.08 01:02:20.869,1.41011,1.41034,1.00,1.31
2014.09.08 01:02:21.819,1.4101,1.41034,1.00,1.31
2014.09.08 01:02:22.863,1.4101,1.41034,1.00,1.31
2014.09.08 01:02:28.066,1.4101,1.41034,1.87,1.19
2014.09.08 01:02:28.219,1.41007,1.41031,1.00,1.12
2014.09.08 01:02:28.371,1.41006,1.41029,1.00,1.19
2014.09.08 01:02:28.524,1.41004,1.41027,1.25,1.00
2014.09.08 01:02:29.147,1.41001,1.41024,1.19,1.00
2014.09.08 01:02:29.198,1.41,1.41024,1.31,1.25
2014.09.08 01:02:29.402,1.41001,1.41026,1.69,1.12
2014.09.08 01:02:29.706,1.41005,1.41026,1.69,1.00
2014.09.08 01:02:30.607,1.41005,1.41026,1.69,1.00
2014.09.08 01:02:31.681,1.41005,1.41028,1.25,1.31
2014.09.08 01:02:32.575,1.41003,1.41028,2.44,1.12
2014.09.08 01:02:33.584,1.41003,1.41028,3.19,1.31
2014.09.08 01:02:34.449,1.41003,1.41026,1.19,1.00
2014.09.08 01:02:35.628,1.41002,1.41026,4.31,1.00
2014.09.08 01:02:37.606,1.41002,1.41026,3.56,1.00
2014.09.08 01:02:38.674,1.41003,1.41029,1.69,1.69
2014.09.08 01:02:38.979,1.41003,1.41028,2.81,1.25
2014.09.08 01:02:39.642,1.41003,1.41028,2.81,1.19
2014.09.08 01:02:40.608,1.41003,1.41028,2.81,1.25
2014.09.08 01:02:41.619,1.41004,1.41028,1.62,1.19
2014.09.08 01:02:42.340,1.41004,1.41028,1.62,1.00
2014.09.08 01:02:42.694,1.41002,1.41023,1.19,1.00
2014.09.08 01:02:42.746,1.41001,1.41023,1.19,1.00
2014.09.08 01:02:43.940,1.40999,1.41023,2.06,1.25
2014.09.08 01:02:44.296,1.41006,1.41023,1.12,1.25
2014.09.08 01:02:44.397,1.41006,1.41028,1.37,1.00
2014.09.08 01:02:44.448,1.41006,1.4103,1.37,1.50
2014.09.08 01:02:44.955,1.41006,1.41032,1.69,1.69
2014.09.08 01:02:46.080,1.41006,1.41026,1.31,1.00
2014.09.08 01:02:46.132,1.41002,1.41026,1.00,1.50
2014.09.08 01:02:46.183,1.41002,1.41024,1.00,1.00
2014.09.08 01:02:46.234,1.41,1.41024,1.31,1.00
2014.09.08 01:02:46.436,1.40997,1.41022,2.44,1.37
2014.09.08 01:02:47.267,1.40997,1.41022,1.25,2.06
2014.09.08 01:02:47.782,1.40996,1.4102,1.19,1.00
2014.09.08 01:02:50.232,1.40996,1.4102,1.25,1.19
2014.09.08 01:02:50.739,1.40994,1.41018,2.44,1.00
2014.09.08 01:02:51.327,1.40994,1.41018,1.69,1.25
2014.09.08 01:02:52.379,1.40994,1.41018,1.69,1.19
2014.09.08 01:02:52.880,1.40993,1.41016,1.69,1.00
2014.09.08 01:02:57.932,1.40994,1.41017,1.25,1.25
2014.09.08 01:02:59.034,1.40995,1.41017,1.00,1.25
2014.09.08 01:03:00.567,1.40993,1.41017,1.19,1.69
2014.09.08 01:03:00.618,1.40992,1.41014,2.06,1.00
2014.09.08 01:03:01.139,1.40992,1.41015,1.19,1.00
2014.09.08 01:03:01.760,1.40992,1.41015,1.25,1.25
2014.09.08 01:03:03.711,1.40995,1.41015,1.00,1.25
2014.09.08 01:03:03.914,1.40995,1.41018,1.00,1.19
2014.09.08 01:03:04.016,1.40997,1.41019,1.00,1.00
2014.09.08 01:03:04.536,1.40997,1.41022,1.00,1.50
2014.09.08 01:03:05.046,1.40997,1.41022,1.31,1.44
2014.09.08 01:03:06.564,1.40999,1.41023,1.00,2.06
2014.09.08 01:03:08.267,1.40997,1.41023,1.31,1.31
2014.09.08 01:03:08.828,1.40999,1.41023,1.00,1.56
2014.09.08 01:03:09.984,1.40999,1.41023,1.25,1.19
2014.09.08 01:03:11.327,1.41,1.41024,1.00,1.31
2014.09.08 01:03:11.531,1.41001,1.41026,1.69,2.81
2014.09.08 01:03:12.493,1.41001,1.41028,2.44,2.06
2014.09.08 01:03:13.536,1.41001,1.41026,1.69,1.31
2014.09.08 01:03:14.498,1.41001,1.41026,1.69,1.31
2014.09.08 01:03:20.615,1.41001,1.41026,1.69,1.19
2014.09.08 01:03:21.644,1.41001,1.41026,2.81,1.25
2014.09.08 01:03:29.195,1.41004,1.41028,1.12,1.69
2014.09.08 01:03:29.296,1.41004,1.41029,1.56,2.44
2014.09.08 01:03:29.498,1.41006,1.41032,2.06,1.25
2014.09.08 01:03:30.023,1.41006,1.41032,1.19,2.06
2014.09.08 01:03:30.075,1.41004,1.41029,1.69,1.19
2014.09.08 01:03:30.379,1.41001,1.41027,3.56,1.19
2014.09.08 01:03:32.237,1.41002,1.41027,1.62,1.19
2014.09.08 01:03:33.239,1.41002,1.41027,1.56,1.19
2014.09.08 01:03:40.280,1.41002,1.41027,1.25,1.31
2014.09.08 01:03:41.279,1.41002,1.41027,1.00,2.06
2014.09.08 01:03:42.336,1.41004,1.41027,1.00,1.31
2014.09.08 01:03:42.387,1.41004,1.41029,1.00,2.06
2014.09.08 01:03:42.691,1.41005,1.4103,1.19,1.19
2014.09.08 01:03:43.232,1.41003,1.41028,3.19,1.00
2014.09.08 01:03:43.283,1.41003,1.41028,2.44,1.31
2014.09.08 01:03:44.491,1.41001,1.41028,3.56,1.69
2014.09.08 01:03:44.996,1.41004,1.41028,1.37,1.19
2014.09.08 01:03:45.097,1.41005,1.41029,1.31,1.00
2014.09.08 01:03:45.199,1.41009,1.41032,1.25,2.06
2014.09.08 01:03:45.401,1.4101,1.41032,1.31,1.50
2014.09.08 01:03:45.908,1.41012,1.41033,1.00,1.00
2014.09.08 01:03:46.673,1.41009,1.41033,1.37,1.00
2014.09.08 01:03:46.926,1.41008,1.41033,1.69,1.12
2014.09.08 01:03:47.033,1.41008,1.41031,1.25,1.00
2014.09.08 01:03:48.302,1.41007,1.41031,1.31,1.00
2014.09.08 01:03:48.606,1.41009,1.41031,1.00,1.00
2014.09.08 01:03:48.657,1.41007,1.41031,1.25,1.00
2014.09.08 01:03:50.659,1.41007,1.41029,1.25,1.00
2014.09.08 01:03:51.175,1.41004,1.41029,2.81,1.25
2014.09.08 01:03:51.733,1.41006,1.41032,3.56,1.69
2014.09.08 01:03:52.037,1.4101,1.41033,1.00,1.19
2014.09.08 01:03:52.796,1.4101,1.41033,1.25,1.25
2014.09.08 01:03:56.816,1.4101,1.41033,1.00,1.19
2014.09.08 01:03:57.451,1.41011,1.41036,1.19,1.69
2014.09.08 01:03:57.658,1.41015,1.41038,1.00,1.19
2014.09.08 01:03:58.614,1.41015,1.41038,1.19,1.00
2014.09.08 01:03:59.157,1.41015,1.4104,1.69,1.19
2014.09.08 01:04:00.127,1.41016,1.4104,1.19,1.25
2014.09.08 01:04:00.959,1.41015,1.41038,1.19,1.00
2014.09.08 01:04:01.161,1.41016,1.4104,1.19,1.25
2014.09.08 01:04:01.667,1.41015,1.4104,1.69,1.19
2014.09.08 01:04:02.636,1.41015,1.4104,1.19,1.25
2014.09.08 01:04:03.092,1.41015,1.41038,1.19,1.00
2014.09.08 01:04:03.650,1.41015,1.41038,1.19,1.00
2014.09.08 01:04:06.500,1.41015,1.4104,1.19,1.19
2014.09.08 01:04:07.067,1.41016,1.4104,1.25,1.00
2014.09.08 01:04:09.625,1.41017,1.4104,1.00,1.00
2014.09.08 01:04:10.135,1.41015,1.4104,1.19,1.00
2014.09.08 01:04:10.667,1.41015,1.4104,1.19,1.19
2014.09.08 01:04:11.526,1.41017,1.4104,1.00,1.19
2014.09.08 01:04:12.054,1.41015,1.4104,1.19,1.25
2014.09.08 01:04:12.596,1.41015,1.4104,1.19,1.19
2014.09.08 01:04:15.565,1.41017,1.4104,1.25,1.25
2014.09.08 01:04:16.554,1.41015,1.4104,1.19,1.19
2014.09.08 01:04:17.557,1.41015,1.4104,1.25,1.25
2014.09.08 01:04:23.587,1.41017,1.4104,1.00,1.25
2014.09.08 01:04:23.842,1.41015,1.4104,1.69,1.25
2014.09.08 01:04:24.710,1.41015,1.4104,1.69,1.25
2014.09.08 01:04:35.629,1.41015,1.4104,1.69,1.19
2014.09.08 01:04:36.631,1.41015,1.4104,1.69,1.25
2014.09.08 01:04:37.238,1.41017,1.41041,1.19,1.00
2014.09.08 01:04:37.541,1.41025,1.41047,1.25,1.50
2014.09.08 01:04:38.047,1.41026,1.4105,1.00,1.19
2014.09.08 01:04:40.289,1.41026,1.4105,1.00,1.25
2014.09.08 01:04:41.451,1.41026,1.4105,1.19,1.25
2014.09.08 01:04:42.453,1.41026,1.4105,1.00,1.25
2014.09.08 01:04:48.027,1.41026,1.41049,1.00,1.00
2014.09.08 01:04:48.595,1.41024,1.41049,1.19,1.00
2014.09.08 01:04:49.568,1.41026,1.41049,1.00,1.00
2014.09.08 01:04:49.771,1.4103,1.4105,1.00,1.00
2014.09.08 01:04:49.923,1.41025,1.41049,1.25,1.25
2014.09.08 01:04:50.136,1.41023,1.41047,1.69,1.00
2014.09.08 01:04:50.661,1.41022,1.41046,2.44,1.50
2014.09.08 01:04:51.182,1.41022,1.41046,1.69,1.50
2014.09.08 01:04:51.992,1.41022,1.41046,1.69,1.50
2014.09.08 01:04:54.983,1.41022,1.41046,1.25,1.69
2014.09.08 01:04:56.986,1.41022,1.41046,1.19,1.69
2014.09.08 01:05:02.391,1.41023,1.41045,1.00,1.00
2014.09.08 01:05:02.919,1.41022,1.41046,1.00,1.25
2014.09.08 01:05:03.020,1.41023,1.41046,1.37,1.25
2014.09.08 01:05:03.122,1.41025,1.41051,1.31,2.62
2014.09.08 01:05:03.224,1.41027,1.41051,1.00,1.19
2014.09.08 01:05:04.636,1.41026,1.41049,1.00,1.00
2014.09.08 01:05:04.939,1.41023,1.41046,1.50,1.25
2014.09.08 01:05:05.193,1.4102,1.41045,1.50,1.69
2014.09.08 01:05:06.120,1.4102,1.41045,1.69,2.44
2014.09.08 01:05:06.325,1.4102,1.41043,1.69,1.00
2014.09.08 01:05:06.628,1.41016,1.4104,1.69,1.31
2014.09.08 01:05:07.134,1.41016,1.41038,1.25,1.12
2014.09.08 01:05:07.867,1.41013,1.41038,1.25,1.31
2014.09.08 01:05:08.383,1.41014,1.41038,1.00,1.19
2014.09.08 01:05:08.844,1.41015,1.41038,1.00,1.25
2014.09.08 01:05:11.889,1.41015,1.4104,1.50,1.69
2014.09.08 01:05:11.939,1.41015,1.41038,2.44,1.00
2014.09.08 01:05:12.143,1.41018,1.41041,1.19,1.00
2014.09.08 01:05:12.244,1.41018,1.41043,1.19,2.25
2014.09.08 01:05:12.447,1.41023,1.41044,1.00,1.00
2014.09.08 01:05:12.548,1.41021,1.41044,1.25,1.00
2014.09.08 01:05:13.054,1.41021,1.41043,1.25,1.00
2014.09.08 01:05:13.896,1.41021,1.41043,1.19,1.00
2014.09.08 01:05:14.714,1.41021,1.41044,1.19,1.00
2014.09.08 01:05:21.558,1.41023,1.41044,1.00,1.00
2014.09.08 01:05:22.097,1.4102,1.41047,2.81,2.44
2014.09.08 01:05:22.603,1.4102,1.41047,2.06,2.44
2014.09.08 01:05:23.484,1.4102,1.41047,2.06,3.94
2014.09.08 01:05:24.468,1.4102,1.41047,2.06,3.94
2014.09.08 01:05:30.479,1.4102,1.41046,2.06,1.19
2014.09.08 01:05:32.484,1.4102,1.41046,2.06,1.19
2014.09.08 01:05:33.405,1.4102,1.41043,2.44,1.00
2014.09.08 01:05:33.506,1.4102,1.41043,1.00,1.69
2014.09.08 01:05:34.013,1.41019,1.41042,1.25,1.25
2014.09.08 01:05:34.523,1.41018,1.41041,1.19,1.00
2014.09.08 01:05:35.046,1.41018,1.41041,1.25,1.25
2014.09.08 01:05:36.856,1.41021,1.41041,1.00,1.25
2014.09.08 01:05:37.109,1.41018,1.41041,1.31,1.25
2014.09.08 01:05:38.251,1.41018,1.41043,1.31,1.19
2014.09.08 01:05:42.012,1.41018,1.41043,1.25,1.69
2014.09.08 01:05:43.115,1.41018,1.41043,1.19,1.69
2014.09.08 01:05:45.120,1.41017,1.41043,1.19,1.69
2014.09.08 01:05:48.164,1.41017,1.41041,1.25,1.19
2014.09.08 01:05:48.982,1.41017,1.41041,1.62,1.19
2014.09.08 01:05:49.524,1.41017,1.41041,1.56,1.25
2014.09.08 01:05:53.138,1.41017,1.41041,1.56,1.00
2014.09.08 01:05:55.142,1.41017,1.41041,1.56,1.25
2014.09.08 01:05:56.144,1.41017,1.41041,1.56,1.00
2014.09.08 01:05:57.696,1.41017,1.41042,1.56,1.25
2014.09.08 01:06:07.172,1.41017,1.41042,2.06,1.19
2014.09.08 01:06:10.226,1.41017,1.41043,2.06,3.56
2014.09.08 01:06:15.189,1.41017,1.41043,2.06,3.56
2014.09.08 01:06:18.197,1.41016,1.41043,2.06,3.56
2014.09.08 01:06:21.204,1.41017,1.41043,1.31,3.56
2014.09.08 01:06:21.644,1.41018,1.41043,1.50,1.12
2014.09.08 01:06:22.216,1.41018,1.41043,1.69,1.31
2014.09.08 01:06:22.733,1.41018,1.41043,2.06,1.00
2014.09.08 01:06:25.117,1.41018,1.41043,2.06,1.69
2014.09.08 01:06:29.329,1.41018,1.41043,2.06,1.69
2014.09.08 01:06:30.458,1.4102,1.41043,1.19,1.00
2014.09.08 01:06:31.084,1.4102,1.41042,1.19,1.00
2014.09.08 01:06:31.651,1.41019,1.41042,2.44,1.00
2014.09.08 01:06:32.437,1.41019,1.41042,1.69,1.00
2014.09.08 01:06:32.971,1.41019,1.41041,1.69,1.00
2014.09.08 01:06:34.040,1.41019,1.4104,1.69,1.00
2014.09.08 01:06:34.550,1.41019,1.41041,1.69,1.00
2014.09.08 01:06:35.163,1.41019,1.4104,1.19,1.00
2014.09.08 01:06:35.700,1.41019,1.41039,1.56,1.00
2014.09.08 01:06:36.054,1.41018,1.41042,1.31,1.00
2014.09.08 01:06:36.118,1.41018,1.4104,1.31,1.00
2014.09.08 01:06:36.373,1.41018,1.41042,1.31,1.00
2014.09.08 01:06:37.463,1.41018,1.41043,1.31,1.25
2014.09.08 01:06:37.969,1.41019,1.41044,1.56,1.25
2014.09.08 01:06:38.122,1.41019,1.41042,1.56,1.00
2014.09.08 01:06:38.971,1.41019,1.41042,2.06,1.00
2014.09.08 01:06:39.967,1.41019,1.41043,2.06,1.00
2014.09.08 01:06:41.565,1.41019,1.41043,1.56,1.00
2014.09.08 01:06:42.677,1.4102,1.41043,1.31,1.00
2014.09.08 01:06:43.427,1.41022,1.41044,1.25,1.00
2014.09.08 01:06:48.236,1.41022,1.41043,1.50,1.00
2014.09.08 01:06:49.557,1.41023,1.41043,1.00,1.00
2014.09.08 01:06:49.658,1.41023,1.41045,1.00,1.00
2014.09.08 01:06:50.216,1.41024,1.41047,1.00,1.69
2014.09.08 01:06:50.741,1.41024,1.41047,1.25,1.69
2014.09.08 01:06:54.700,1.41024,1.41047,1.19,1.50
2014.09.08 01:06:55.628,1.41026,1.41047,1.19,1.00
2014.09.08 01:06:55.933,1.41031,1.4105,1.00,1.00
2014.09.08 01:06:56.936,1.41031,1.4105,1.19,1.00
2014.09.08 01:06:57.591,1.41032,1.41049,1.25,1.00
2014.09.08 01:06:59.842,1.41029,1.41049,1.69,1.00
2014.09.08 01:07:00.356,1.41035,1.41054,1.00,1.00
2014.09.08 01:07:00.874,1.41035,1.41052,1.00,1.00
2014.09.08 01:07:01.178,1.41034,1.4105,1.25,1.00
2014.09.08 01:07:02.120,1.41034,1.41049,1.25,1.00
2014.09.08 01:07:02.632,1.41032,1.41049,1.69,1.00
2014.09.08 01:07:03.144,1.41032,1.4105,1.69,1.00
2014.09.08 01:07:03.878,1.41031,1.41052,2.06,1.00
2014.09.08 01:07:04.436,1.41032,1.41054,1.19,1.00
2014.09.08 01:07:06.588,1.41031,1.41055,2.06,1.00
2014.09.08 01:07:07.149,1.41031,1.41057,2.06,2.44
2014.09.08 01:07:07.710,1.41033,1.41057,1.19,2.44
2014.09.08 01:07:09.188,1.41033,1.41057,1.19,2.25
2014.09.08 01:07:10.769,1.41033,1.41056,1.19,1.00
2014.09.08 01:07:11.279,1.41033,1.41056,1.19,1.00
2014.09.08 01:07:11.788,1.41033,1.41057,1.69,1.25
2014.09.08 01:07:16.071,1.41033,1.41058,3.19,1.00
2014.09.08 01:07:17.084,1.41034,1.41058,1.25,1.19
2014.09.08 01:07:19.081,1.41034,1.41058,1.00,2.44
2014.09.08 01:07:24.095,1.41034,1.41058,1.25,2.06
2014.09.08 01:07:28.105,1.41032,1.41057,1.31,1.69
2014.09.08 01:07:30.310,1.41032,1.41057,1.31,1.69
2014.09.08 01:07:33.117,1.41032,1.41057,1.31,2.44
2014.09.08 01:07:43.146,1.41032,1.41056,1.25,1.19
2014.09.08 01:07:50.358,1.4103,1.41055,2.06,1.19
2014.09.08 01:07:55.011,1.4103,1.41055,1.31,1.50
2014.09.08 01:07:55.972,1.4103,1.41055,1.31,1.69
2014.09.08 01:08:07.015,1.41028,1.41054,2.81,1.19
2014.09.08 01:08:08.579,1.4103,1.41055,2.06,1.69
2014.09.08 01:08:09.110,1.41032,1.41057,1.00,2.81
2014.09.08 01:08:09.895,1.41032,1.41057,1.37,1.69
2014.09.08 01:08:09.947,1.41032,1.41057,2.06,1.25
2014.09.08 01:08:11.966,1.41032,1.41057,2.81,1.00
2014.09.08 01:08:15.931,1.41032,1.41057,2.06,1.00
2014.09.08 01:08:17.172,1.41033,1.41057,2.06,1.00
2014.09.08 01:08:17.476,1.41035,1.41059,1.56,1.00
2014.09.08 01:08:18.563,1.41034,1.41057,1.25,1.25
2014.09.08 01:08:18.867,1.41031,1.41053,1.19,1.00
2014.09.08 01:08:19.389,1.4103,1.41054,2.06,1.00
2014.09.08 01:08:19.898,1.4103,1.41054,2.06,1.25
2014.09.08 01:08:22.852,1.4103,1.41054,2.06,1.00
2014.09.08 01:08:25.635,1.41031,1.41055,1.00,1.25
2014.09.08 01:08:25.940,1.41022,1.41046,1.69,2.06
2014.09.08 01:08:26.256,1.41021,1.41045,1.00,1.69
2014.09.08 01:08:26.713,1.41019,1.41041,1.19,1.00
2014.09.08 01:08:26.966,1.41018,1.41042,1.00,2.44
2014.09.08 01:08:27.476,1.41016,1.41042,1.69,2.81
2014.09.08 01:08:27.989,1.41018,1.41042,1.00,2.06
2014.09.08 01:08:28.809,1.41018,1.41042,1.25,1.56
2014.09.08 01:08:29.787,1.41016,1.41042,1.69,2.06
2014.09.08 01:08:31.893,1.41016,1.4104,1.69,1.50
2014.09.08 01:08:32.414,1.41014,1.41039,3.56,1.00
2014.09.08 01:08:33.106,1.41015,1.41038,1.19,1.00
2014.09.08 01:08:33.208,1.41011,1.41034,2.06,1.00
2014.09.08 01:08:33.310,1.41009,1.41033,1.19,1.00
2014.09.08 01:08:33.613,1.41008,1.41033,1.19,1.56
2014.09.08 01:08:34.596,1.41006,1.41032,2.81,1.31
2014.09.08 01:08:36.636,1.41006,1.41032,2.81,1.31
2014.09.08 01:08:38.080,1.41006,1.41031,3.56,1.00
2014.09.08 01:08:40.712,1.41006,1.41033,3.56,2.81
2014.09.08 01:08:43.666,1.41008,1.41033,1.19,2.06
2014.09.08 01:08:46.675,1.41008,1.41033,1.19,1.56
2014.09.08 01:08:50.633,1.41008,1.41033,1.19,1.62
2014.09.08 01:08:52.684,1.41008,1.41032,1.19,1.31
2014.09.08 01:08:53.646,1.4101,1.41034,1.00,1.69
2014.09.08 01:08:53.697,1.4101,1.41034,1.19,1.25
2014.09.08 01:08:53.899,1.41014,1.41036,1.00,1.69
2014.09.08 01:08:53.951,1.41014,1.41038,1.00,1.50
2014.09.08 01:08:54.457,1.41013,1.41038,1.69,1.50
2014.09.08 01:08:54.991,1.41013,1.41038,1.69,1.50
2014.09.08 01:09:02.973,1.41013,1.41038,1.25,2.06
2014.09.08 01:09:04.014,1.41013,1.41036,1.25,1.00
2014.09.08 01:09:04.317,1.4101,1.41034,1.19,1.12
2014.09.08 01:09:04.885,1.41007,1.41031,1.19,1.00
2014.09.08 01:09:05.390,1.41007,1.41033,1.31,1.87
2014.09.08 01:09:06.004,1.41007,1.41033,1.31,2.62
2014.09.08 01:09:06.425,1.4101,1.41033,1.00,2.44
2014.09.08 01:09:06.526,1.41007,1.41033,1.31,2.44
2014.09.08 01:09:07.026,1.41007,1.41033,2.06,1.69
2014.09.08 01:09:07.988,1.41007,1.41033,2.06,1.69
2014.09.08 01:09:08.991,1.41007,1.41033,2.06,1.69
2014.09.08 01:09:10.000,1.41007,1.41033,2.06,1.69
2014.09.08 01:09:11.018,1.41007,1.41033,2.06,1.69
2014.09.08 01:09:12.001,1.41007,1.41033,2.06,1.69
2014.09.08 01:09:12.507,1.41006,1.41032,2.81,1.69
2014.09.08 01:09:13.019,1.41005,1.41029,1.31,1.00
2014.09.08 01:09:13.639,1.41005,1.41029,1.19,1.25
2014.09.08 01:09:16.390,1.41003,1.41028,3.56,1.00
2014.09.08 01:09:17.117,1.41005,1.4103,2.06,1.69
2014.09.08 01:09:18.900,1.41007,1.4103,1.00,1.19
2014.09.08 01:09:19.407,1.41008,1.41031,1.31,1.25
2014.09.08 01:09:19.559,1.41008,1.41031,1.31,1.00
2014.09.08 01:09:20.383,1.41008,1.41032,1.31,1.00
2014.09.08 01:09:23.235,1.41008,1.41032,1.31,1.00
2014.09.08 01:09:23.742,1.41009,1.41032,2.06,1.00
2014.09.08 01:09:25.136,1.41007,1.41032,2.81,1.00
2014.09.08 01:09:25.339,1.41008,1.41034,1.31,2.06
2014.09.08 01:09:25.645,1.41007,1.41031,2.06,1.19
2014.09.08 01:09:26.848,1.41005,1.4103,3.56,1.00
2014.09.08 01:09:28.162,1.41007,1.41032,1.31,1.19
2014.09.08 01:09:28.983,1.41006,1.41032,1.56,1.25
2014.09.08 01:09:29.869,1.41006,1.41032,1.19,2.06
2014.09.08 01:09:30.174,1.41012,1.41037,1.19,1.31
2014.09.08 01:09:30.952,1.41011,1.41036,1.31,1.50
2014.09.08 01:09:31.259,1.41011,1.41034,2.06,1.00
2014.09.08 01:09:31.309,1.41011,1.41034,1.31,1.00
2014.09.08 01:09:34.971,1.41011,1.41034,1.31,1.00
2014.09.08 01:09:36.984,1.41011,1.41034,1.31,1.00
2014.09.08 01:09:38.983,1.41011,1.41034,1.31,1.00
2014.09.08 01:09:39.985,1.41011,1.41034,1.31,1.00
2014.09.08 01:09:45.553,1.41012,1.41035,1.25,1.25
2014.09.08 01:09:46.544,1.41012,1.41034,1.25,1.00
2014.09.08 01:09:49.096,1.41013,1.41035,1.00,1.25
2014.09.08 01:09:49.299,1.41016,1.41037,1.00,1.19
2014.09.08 01:09:49.350,1.41016,1.41038,1.00,1.69
2014.09.08 01:09:49.552,1.41014,1.41038,1.31,1.69
2014.09.08 01:09:49.755,1.41017,1.4104,1.00,1.19
2014.09.08 01:09:50.300,1.41016,1.41042,1.25,3.56
2014.09.08 01:09:50.806,1.41016,1.41042,1.19,2.81
2014.09.08 01:09:53.756,1.41017,1.41042,1.19,2.81
2014.09.08 01:09:54.756,1.41017,1.41042,1.25,2.81
2014.09.08 01:09:55.760,1.41017,1.41042,1.69,2.81
2014.09.08 01:09:56.758,1.41017,1.41042,1.69,2.81
2014.09.08 01:09:57.883,1.41018,1.41042,1.00,2.81
2014.09.08 01:10:00.533,1.4102,1.41042,1.00,2.81
2014.09.08 01:10:01.043,1.4102,1.41042,1.00,2.44
2014.09.08 01:10:01.400,1.41018,1.41042,1.25,2.44
2014.09.08 01:10:01.842,1.4102,1.41042,1.00,2.44
2014.09.08 01:10:02.747,1.4102,1.41042,1.00,2.44
2014.09.08 01:10:03.751,1.41019,1.41042,1.00,2.44
2014.09.08 01:10:06.017,1.41018,1.41042,1.25,2.44
2014.09.08 01:10:06.781,1.41016,1.41042,2.06,3.19
2014.09.08 01:10:12.775,1.41016,1.4104,1.31,1.00
2014.09.08 01:10:13.823,1.41016,1.4104,2.06,1.25
2014.09.08 01:10:15.816,1.41016,1.41041,2.81,1.25
2014.09.08 01:10:16.827,1.41016,1.41041,2.06,1.00
2014.09.08 01:10:17.598,1.41016,1.41042,2.06,1.25
2014.09.08 01:10:19.808,1.41016,1.41042,2.81,1.25
2014.09.08 01:10:20.933,1.41016,1.41041,2.81,1.00
2014.09.08 01:10:21.826,1.41018,1.41041,1.00,1.00
2014.09.08 01:10:22.819,1.41018,1.41041,1.19,1.00
2014.09.08 01:10:23.123,1.41022,1.41047,2.06,1.25
2014.09.08 01:10:23.174,1.41024,1.41047,1.62,1.25
2014.09.08 01:10:23.479,1.41024,1.41047,2.44,1.25
2014.09.08 01:10:25.710,1.41023,1.41047,1.25,1.00
2014.09.08 01:10:26.149,1.41025,1.4105,1.19,1.69
2014.09.08 01:10:26.453,1.41028,1.4105,1.37,1.25
2014.09.08 01:10:26.706,1.41028,1.41052,1.37,1.69
2014.09.08 01:10:26.857,1.41028,1.41052,2.06,1.00
2014.09.08 01:10:27.385,1.41029,1.41053,2.06,1.00
2014.09.08 01:10:27.895,1.41029,1.41053,2.06,1.25
2014.09.08 01:10:28.824,1.41029,1.41053,2.06,1.00
2014.09.08 01:10:30.875,1.41029,1.41053,2.81,1.00
2014.09.08 01:10:33.870,1.4103,1.41053,1.56,1.00
2014.09.08 01:10:34.836,1.4103,1.41053,1.56,1.00
2014.09.08 01:10:35.841,1.4103,1.41053,1.56,1.00
2014.09.08 01:10:38.892,1.4103,1.41053,1.31,1.00
2014.09.08 01:10:39.849,1.4103,1.41053,1.31,1.00
2014.09.08 01:10:48.791,1.41029,1.41055,2.06,1.69
2014.09.08 01:10:51.905,1.4103,1.41055,1.31,1.69
2014.09.08 01:10:53.025,1.4103,1.41055,1.31,1.69
2014.09.08 01:11:05.010,1.4103,1.41055,1.12,1.50
2014.09.08 01:11:09.065,1.4103,1.41055,1.31,1.69
2014.09.08 01:11:10.296,1.4103,1.41052,1.31,1.00
2014.09.08 01:11:10.347,1.41027,1.41052,2.06,1.19
2014.09.08 01:11:10.550,1.41027,1.41049,1.00,1.19
2014.09.08 01:11:10.601,1.41025,1.41049,1.31,1.19
2014.09.08 01:11:11.125,1.41023,1.41047,1.31,1.00
2014.09.08 01:11:11.637,1.41023,1.41047,1.25,1.00
2014.09.08 01:11:12.260,1.41024,1.41047,1.00,1.00
2014.09.08 01:11:12.780,1.41021,1.41047,1.69,1.19
2014.09.08 01:11:14.067,1.41022,1.41047,1.16,1.69
2014.09.08 01:11:25.365,1.41022,1.41045,1.31,1.00
2014.09.08 01:11:32.598,1.41021,1.41045,1.56,1.25
2014.09.08 01:11:41.511,1.41022,1.41045,1.19,1.00
2014.09.08 01:11:46.523,1.41022,1.41045,1.25,1.25
2014.09.08 01:11:56.047,1.41022,1.41045,1.31,1.00
2014.09.08 01:12:03.572,1.41022,1.41045,1.31,1.00
2014.09.08 01:12:10.591,1.41022,1.41045,1.31,1.00
2014.09.08 01:12:17.600,1.41022,1.41045,1.12,1.19
2014.09.08 01:12:21.610,1.41022,1.41045,1.25,1.25
2014.09.08 01:12:22.613,1.41022,1.41045,1.00,1.19
2014.09.08 01:12:23.709,1.41023,1.41045,1.00,1.19
2014.09.08 01:12:24.618,1.41023,1.41045,1.00,1.25
2014.09.08 01:12:25.130,1.41023,1.41044,1.00,1.00
2014.09.08 01:12:36.469,1.41022,1.41045,1.00,1.31
2014.09.08 01:12:38.650,1.41022,1.41045,1.25,1.31
2014.09.08 01:12:47.773,1.41022,1.41045,1.00,1.31
2014.09.08 01:12:49.777,1.41022,1.41045,1.25,1.31
2014.09.08 01:12:56.791,1.41022,1.41045,1.00,1.31
2014.09.08 01:12:57.813,1.41022,1.41045,1.00,1.31
2014.09.08 01:12:58.581,1.41023,1.41046,1.00,2.81
2014.09.08 01:12:58.733,1.41021,1.41043,1.00,1.31
2014.09.08 01:12:59.241,1.4102,1.41043,1.00,1.12
2014.09.08 01:12:59.507,1.4102,1.41041,1.00,1.00
2014.09.08 01:12:59.812,1.41018,1.41041,1.25,1.00
2014.09.08 01:13:02.914,1.41023,1.41042,1.00,1.00
2014.09.08 01:13:02.964,1.41023,1.41045,1.00,1.25
2014.09.08 01:13:03.016,1.41021,1.41043,1.31,1.00
2014.09.08 01:13:03.117,1.41017,1.41041,1.25,1.00
2014.09.08 01:13:03.168,1.41016,1.41039,2.44,1.37
2014.09.08 01:13:03.472,1.41013,1.41036,1.19,1.12
2014.09.08 01:13:03.777,1.41017,1.41039,1.12,1.19
2014.09.08 01:13:04.082,1.41022,1.41044,1.25,1.00
2014.09.08 01:13:05.431,1.41019,1.41044,1.19,1.37
2014.09.08 01:13:05.941,1.41019,1.41044,1.19,1.37
2014.09.08 01:13:06.447,1.41019,1.41044,1.25,1.56
2014.09.08 01:13:07.572,1.41019,1.41044,1.25,1.31
2014.09.08 01:13:07.673,1.41019,1.41044,1.69,1.12
2014.09.08 01:13:08.563,1.41022,1.41048,1.19,1.44
2014.09.08 01:13:08.664,1.41024,1.41049,1.25,1.50
2014.09.08 01:13:08.715,1.41026,1.41049,1.00,1.50
2014.09.08 01:13:09.221,1.41027,1.41053,1.31,2.25
2014.09.08 01:13:10.157,1.41027,1.41053,2.06,2.25
2014.09.08 01:13:10.280,1.41027,1.41053,2.06,2.25
2014.09.08 01:13:17.653,1.41028,1.41053,1.19,3.00
2014.09.08 01:13:17.876,1.41027,1.41053,1.25,2.81
2014.09.08 01:13:22.260,1.41027,1.41053,1.31,2.06
2014.09.08 01:13:23.271,1.41027,1.41053,1.31,2.06
2014.09.08 01:13:24.663,1.41027,1.41053,1.31,2.06
2014.09.08 01:13:25.075,1.41029,1.41053,1.19,1.87
2014.09.08 01:13:26.034,1.41029,1.41052,1.19,1.00
2014.09.08 01:13:26.085,1.41027,1.41052,1.31,1.00
2014.09.08 01:13:26.648,1.41027,1.41053,2.06,1.12
2014.09.08 01:13:28.296,1.41027,1.41053,1.31,1.50
2014.09.08 01:13:31.721,1.41028,1.41053,1.19,2.06
2014.09.08 01:13:32.698,1.41028,1.41053,1.19,2.25
2014.09.08 01:13:34.703,1.41028,1.41053,1.19,2.06
2014.09.08 01:13:39.312,1.41027,1.41053,2.06,1.87
2014.09.08 01:13:41.350,1.41028,1.41053,1.19,2.06
2014.09.08 01:13:46.327,1.41028,1.41053,1.19,1.12
2014.09.08 01:13:53.590,1.41029,1.41052,1.19,1.00
2014.09.08 01:13:54.193,1.41029,1.41051,1.19,1.00
2014.09.08 01:13:58.409,1.41027,1.41051,2.06,1.00
2014.09.08 01:14:00.128,1.41028,1.41052,1.31,1.00
2014.09.08 01:14:00.824,1.41027,1.41052,2.06,1.25
2014.09.08 01:14:01.331,1.41029,1.41053,1.62,1.19
2014.09.08 01:14:01.965,1.41029,1.41053,1.56,1.25
2014.09.08 01:14:04.158,1.41029,1.41053,1.31,1.50
2014.09.08 01:14:07.177,1.41029,1.41052,2.81,1.00
2014.09.08 01:14:07.701,1.4103,1.41053,1.56,1.00
2014.09.08 01:14:08.230,1.4103,1.41054,1.56,1.25
2014.09.08 01:14:09.289,1.41031,1.41055,1.62,1.19
2014.09.08 01:14:09.811,1.41031,1.41054,1.25,1.25
2014.09.08 01:14:13.390,1.4103,1.41054,1.56,1.25
2014.09.08 01:14:23.517,1.41031,1.41053,1.62,1.00
2014.09.08 01:14:24.300,1.41031,1.41054,1.31,1.25
2014.09.08 01:14:25.357,1.41031,1.41053,1.31,1.00
2014.09.08 01:14:27.804,1.41031,1.41055,2.06,1.19
2014.09.08 01:14:28.007,1.41033,1.41056,1.25,1.25
2014.09.08 01:14:28.514,1.41033,1.41058,2.06,2.44
2014.09.08 01:14:29.247,1.41033,1.41058,2.06,1.69
2014.09.08 01:14:30.425,1.41033,1.41058,2.06,1.69
2014.09.08 01:14:30.943,1.41036,1.4106,1.00,1.69
2014.09.08 01:14:31.558,1.41036,1.41061,1.25,1.31
2014.09.08 01:14:37.734,1.41034,1.4106,2.81,1.25
2014.09.08 01:14:38.556,1.41034,1.4106,1.62,2.44
2014.09.08 01:14:39.170,1.41034,1.41058,1.62,1.19
2014.09.08 01:14:39.684,1.41034,1.41058,1.56,1.25
2014.09.08 01:14:41.747,1.41035,1.4106,1.31,1.69
2014.09.08 01:14:42.787,1.41035,1.4106,1.31,1.69
2014.09.08 01:14:45.268,1.41034,1.4106,1.12,2.06
2014.09.08 01:14:46.374,1.41034,1.4106,1.31,2.06
2014.09.08 01:14:49.280,1.41033,1.41058,2.06,1.19
2014.09.08 01:14:49.804,1.41034,1.4106,1.31,2.06
2014.09.08 01:14:50.375,1.41035,1.4106,1.25,1.31
2014.09.08 01:14:52.391,1.41033,1.4106,2.81,1.31
2014.09.08 01:14:56.411,1.41035,1.4106,1.25,1.31
2014.09.08 01:14:56.715,1.41039,1.41063,1.19,2.06
2014.09.08 01:14:57.020,1.41041,1.41066,1.31,1.19
2014.09.08 01:14:57.525,1.41043,1.41068,1.12,1.69
2014.09.08 01:14:58.393,1.41043,1.41068,1.31,1.19
2014.09.08 01:15:02.809,1.41045,1.41069,1.00,1.19
2014.09.08 01:15:03.805,1.41045,1.41069,1.25,1.19
2014.09.08 01:15:04.832,1.41043,1.41068,1.62,1.19
2014.09.08 01:15:05.339,1.41043,1.41067,1.69,1.25
2014.09.08 01:15:05.644,1.41042,1.41063,2.06,1.00
2014.09.08 01:15:05.745,1.41039,1.41063,1.50,2.62
2014.09.08 01:15:05.797,1.41037,1.41061,1.00,1.00
2014.09.08 01:15:06.101,1.41037,1.41062,1.19,1.31
2014.09.08 01:15:06.556,1.41036,1.41059,1.19,1.00
2014.09.08 01:15:06.760,1.41034,1.41057,1.00,1.00
2014.09.08 01:15:08.005,1.41032,1.41057,1.69,1.87
2014.09.08 01:15:08.542,1.41032,1.41057,1.19,1.87
2014.09.08 01:15:09.760,1.41032,1.41057,1.69,2.06
2014.09.08 01:15:12.739,1.41032,1.41057,1.19,2.06
2014.09.08 01:15:13.774,1.41032,1.41057,1.69,1.25
2014.09.08 01:15:14.337,1.41031,1.41056,1.19,1.00
2014.09.08 01:15:14.854,1.41031,1.41056,1.19,1.25
2014.09.08 01:15:16.252,1.41031,1.41055,1.69,1.00
2014.09.08 01:15:17.886,1.41031,1.41055,1.19,1.25
2014.09.08 01:15:18.190,1.41029,1.41053,2.06,1.00
2014.09.08 01:15:19.059,1.41029,1.41053,1.31,1.00
2014.09.08 01:15:25.273,1.41029,1.41054,1.31,1.69
2014.09.08 01:15:25.787,1.4103,1.41055,1.69,1.25
2014.09.08 01:15:26.407,1.4103,1.41055,2.81,1.00
2014.09.08 01:15:27.618,1.4103,1.41055,1.31,1.25
2014.09.08 01:15:27.922,1.4103,1.41052,1.31,1.00
2014.09.08 01:15:29.133,1.41028,1.4105,1.31,1.00
2014.09.08 01:15:29.285,1.41026,1.41048,1.19,1.00
2014.09.08 01:15:29.440,1.41022,1.41046,1.19,1.69
2014.09.08 01:15:29.491,1.41022,1.41046,1.00,2.44
2014.09.08 01:15:29.593,1.4102,1.41042,1.31,1.00
2014.09.08 01:15:30.653,1.41019,1.41043,1.56,1.25
2014.09.08 01:15:31.592,1.41019,1.41043,2.06,1.00
2014.09.08 01:15:32.180,1.41019,1.41042,1.31,1.00
2014.09.08 01:15:32.332,1.41017,1.41042,1.56,1.25
2014.09.08 01:15:32.383,1.41017,1.41038,1.56,1.00
2014.09.08 01:15:32.535,1.41015,1.41038,1.31,1.50
2014.09.08 01:15:32.586,1.41015,1.41036,1.31,1.00
2014.09.08 01:15:32.738,1.41011,1.41035,3.00,1.00
2014.09.08 01:15:32.839,1.4101,1.4103,1.31,1.00
2014.09.08 01:15:33.249,1.41009,1.41032,1.31,1.00
2014.09.08 01:15:33.754,1.41011,1.41032,1.12,1.00
2014.09.08 01:15:34.569,1.41011,1.41033,1.12,1.25
2014.09.08 01:15:34.620,1.41013,1.41033,1.31,1.00
2014.09.08 01:15:34.823,1.41013,1.41038,1.31,1.19
2014.09.08 01:15:34.924,1.41015,1.41039,1.31,1.00
2014.09.08 01:15:35.238,1.41015,1.41036,1.31,1.00
2014.09.08 01:15:35.441,1.41012,1.41036,1.19,1.00
2014.09.08 01:15:35.492,1.41011,1.41033,2.81,1.00
2014.09.08 01:15:35.543,1.41011,1.41033,1.19,1.00
2014.09.08 01:15:36.062,1.41011,1.41032,1.19,1.00
2014.09.08 01:15:36.616,1.41011,1.41032,1.25,1.00
2014.09.08 01:15:37.140,1.41011,1.41036,2.06,1.69
2014.09.08 01:15:37.549,1.4101,1.41032,1.31,1.00
2014.09.08 01:15:38.347,1.41009,1.41033,2.06,1.00
2014.09.08 01:15:39.439,1.41009,1.41033,2.06,1.00
2014.09.08 01:15:40.552,1.41009,1.41033,1.56,1.25
2014.09.08 01:15:43.531,1.41009,1.41033,2.06,1.00
2014.09.08 01:15:46.560,1.4101,1.41033,1.31,1.00
2014.09.08 01:15:47.066,1.4101,1.41032,1.31,1.00
2014.09.08 01:15:48.586,1.41009,1.41032,2.06,1.00
2014.09.08 01:15:49.206,1.41009,1.41034,1.56,1.25
2014.09.08 01:15:50.942,1.41009,1.41034,2.81,1.25
2014.09.08 01:15:52.175,1.4101,1.41034,1.56,1.25
2014.09.08 01:15:53.061,1.4101,1.41034,1.31,1.25
2014.09.08 01:15:55.572,1.4101,1.41034,1.25,1.00
2014.09.08 01:15:56.073,1.4101,1.41034,1.62,1.00
2014.09.08 01:15:56.578,1.4101,1.41034,1.56,1.25
2014.09.08 01:15:57.860,1.4101,1.41034,1.31,1.25
2014.09.08 01:16:02.127,1.41011,1.41036,1.25,1.69
2014.09.08 01:16:02.279,1.41011,1.41036,1.62,1.25
2014.09.08 01:16:02.583,1.41016,1.4104,1.37,2.44
2014.09.08 01:16:02.634,1.41016,1.4104,1.56,1.50
2014.09.08 01:16:03.166,1.41018,1.41042,1.31,1.69
2014.09.08 01:16:03.938,1.41018,1.41043,1.31,2.44
2014.09.08 01:16:06.911,1.41018,1.41043,1.12,2.44
2014.09.08 01:16:07.930,1.41018,1.41043,1.31,3.19
2014.09.08 01:16:08.932,1.41018,1.41041,1.31,1.00
2014.09.08 01:16:09.958,1.41018,1.41041,1.31,1.25
2014.09.08 01:16:11.468,1.41018,1.41042,1.31,1.00
2014.09.08 01:16:12.016,1.41018,1.41043,1.31,1.25
2014.09.08 01:16:12.838,1.41018,1.41041,1.25,1.00
2014.09.08 01:16:16.972,1.41018,1.41041,1.19,1.00
2014.09.08 01:16:17.933,1.41018,1.41041,1.00,1.00
2014.09.08 01:16:18.445,1.4102,1.41046,1.31,3.19
2014.09.08 01:16:18.749,1.41024,1.41046,1.00,1.69
2014.09.08 01:16:19.236,1.41025,1.41046,1.00,1.25
2014.09.08 01:16:20.281,1.41024,1.41046,1.00,1.25
2014.09.08 01:16:20.856,1.41024,1.41047,2.81,1.00
2014.09.08 01:16:20.907,1.41025,1.41049,1.56,1.25
2014.09.08 01:16:20.958,1.41026,1.41051,2.81,1.50
2014.09.08 01:16:21.211,1.4103,1.41055,1.56,1.25
2014.09.08 01:16:21.718,1.41033,1.41055,1.00,1.25
2014.09.08 01:16:23.055,1.41031,1.41055,1.56,1.25
2014.09.08 01:16:27.164,1.41031,1.41055,1.62,1.19
2014.09.08 01:16:29.067,1.41035,1.41055,1.00,1.19
2014.09.08 01:16:29.946,1.41036,1.41055,1.00,1.19
2014.09.08 01:16:30.076,1.41036,1.41057,1.00,1.25
2014.09.08 01:16:30.178,1.41036,1.41056,1.00,2.44
2014.09.08 01:16:30.538,1.41032,1.41056,1.00,1.19
2014.09.08 01:16:31.283,1.41031,1.41056,1.24,1.19
2014.09.08 01:16:31.790,1.41031,1.41056,1.24,1.19
2014.09.08 01:16:32.583,1.41031,1.41056,1.31,1.69
2014.09.08 01:16:33.278,1.41036,1.41054,1.00,1.25
2014.09.08 01:16:33.380,1.41033,1.41056,1.00,1.19
2014.09.08 01:16:34.087,1.41033,1.41055,1.00,1.25
2014.09.08 01:16:35.096,1.41033,1.41055,1.00,1.19
2014.09.08 01:16:36.294,1.41033,1.41055,1.00,1.00
2014.09.08 01:16:36.800,1.41033,1.41057,1.00,1.19
2014.09.08 01:16:37.326,1.41033,1.41057,1.00,2.06
2014.09.08 01:16:41.352,1.41033,1.41057,1.25,1.31
2014.09.08 01:16:45.300,1.41033,1.41055,1.25,1.00
2014.09.08 01:16:47.353,1.41033,1.41057,1.00,1.69
2014.09.08 01:16:48.321,1.41033,1.41057,1.00,2.44
2014.09.08 01:16:51.439,1.41035,1.41055,1.00,1.25
2014.09.08 01:16:53.332,1.41035,1.41057,1.00,1.19
2014.09.08 01:16:53.929,1.41035,1.41055,1.00,1.00
2014.09.08 01:17:02.992,1.41033,1.41055,1.00,1.25
2014.09.08 01:17:04.936,1.41035,1.41055,1.00,1.25
2014.09.08 01:17:05.037,1.41033,1.41057,1.12,2.44
2014.09.08 01:17:06.020,1.41033,1.41057,1.37,1.69
2014.09.08 01:17:06.172,1.41033,1.41057,2.06,1.00
2014.09.08 01:17:06.223,1.41036,1.41057,1.00,1.00
2014.09.08 01:17:06.375,1.41037,1.41062,1.00,3.00
2014.09.08 01:17:06.579,1.41039,1.41062,1.00,3.00
2014.09.08 01:17:06.685,1.41037,1.41062,1.00,3.00
2014.09.08 01:17:07.209,1.41038,1.41062,1.00,3.00
2014.09.08 01:17:07.721,1.41037,1.41062,1.25,2.25
2014.09.08 01:17:08.230,1.41038,1.41062,1.00,2.06
2014.09.08 01:17:08.738,1.41039,1.41062,1.00,2.81
2014.09.08 01:17:08.789,1.41036,1.41061,1.31,1.19
2014.09.08 01:17:10.066,1.41036,1.41058,1.19,1.00
2014.09.08 01:17:10.168,1.41032,1.41056,2.81,1.00
2014.09.08 01:17:10.219,1.41032,1.41056,1.31,1.19
2014.09.08 01:17:10.738,1.41031,1.41056,1.56,1.19
2014.09.08 01:17:12.193,1.41031,1.41056,2.06,1.25
2014.09.08 01:17:20.308,1.41031,1.41058,2.06,1.69
2014.09.08 01:17:22.312,1.41031,1.41058,2.06,1.69
2014.09.08 01:17:24.405,1.41031,1.41055,2.81,1.00
2014.09.08 01:17:24.920,1.41031,1.41057,2.06,1.19
2014.09.08 01:17:25.466,1.41032,1.41058,2.06,3.56
2014.09.08 01:17:29.459,1.41032,1.41058,2.06,3.56
2014.09.08 01:17:30.461,1.41032,1.41058,2.06,3.56
2014.09.08 01:17:31.532,1.41032,1.41057,1.31,1.25
2014.09.08 01:17:32.446,1.41032,1.41057,2.06,1.19
2014.09.08 01:17:36.846,1.41032,1.41057,1.69,1.19
2014.09.08 01:17:39.152,1.4103,1.41058,2.06,3.94
2014.09.08 01:17:41.485,1.4103,1.41058,2.06,3.94
2014.09.08 01:17:42.435,1.4103,1.41055,2.81,1.00
2014.09.08 01:17:43.174,1.4103,1.41055,2.81,1.25
2014.09.08 01:17:49.317,1.4103,1.41055,2.06,1.25
2014.09.08 01:17:49.841,1.41031,1.41057,2.06,1.19
2014.09.08 01:17:51.295,1.41032,1.41057,1.62,1.69
2014.09.08 01:18:00.706,1.41035,1.41055,1.00,1.00
2014.09.08 01:18:00.807,1.41033,1.41055,1.12,1.00
2014.09.08 01:18:01.151,1.41035,1.41055,1.00,1.00
2014.09.08 01:18:01.356,1.41033,1.41055,1.12,1.00
2014.09.08 01:18:01.613,1.41035,1.41055,1.00,1.00
2014.09.08 01:18:02.175,1.41036,1.41055,1.00,1.00
2014.09.08 01:18:02.703,1.41035,1.41057,1.00,1.19
2014.09.08 01:18:02.804,1.41033,1.41057,1.31,1.19
2014.09.08 01:18:03.445,1.41033,1.41056,1.00,1.19
2014.09.08 01:18:04.557,1.41033,1.41056,1.00,1.19
2014.09.08 01:18:05.531,1.41033,1.41056,1.00,1.19
2014.09.08 01:18:06.525,1.41033,1.41056,1.00,1.19
2014.09.08 01:18:07.527,1.41033,1.41056,1.00,1.19
2014.09.08 01:18:09.533,1.41033,1.41056,1.00,1.69
2014.09.08 01:18:15.587,1.41033,1.41056,1.00,1.19
2014.09.08 01:18:16.123,1.41034,1.41056,1.12,1.19
2014.09.08 01:18:16.951,1.41033,1.41056,1.62,1.25
2014.09.08 01:18:19.728,1.41035,1.41056,1.00,1.25
2014.09.08 01:18:20.384,1.41033,1.41056,1.62,1.25
2014.09.08 01:18:20.904,1.41035,1.41056,1.00,1.25
2014.09.08 01:18:21.439,1.41032,1.41056,1.56,1.00
2014.09.08 01:18:22.081,1.41035,1.41056,1.00,1.00
2014.09.08 01:18:23.134,1.41033,1.41056,1.56,1.00
2014.09.08 01:18:23.671,1.41035,1.41056,1.00,1.19
2014.09.08 01:18:24.174,1.41035,1.41056,1.00,1.25
2014.09.08 01:18:25.114,1.41033,1.41056,1.62,1.25
2014.09.08 01:18:25.642,1.41035,1.41056,1.00,1.25
2014.09.08 01:18:26.227,1.41032,1.41056,2.06,1.25
2014.09.08 01:18:26.827,1.41035,1.41056,1.00,1.25
2014.09.08 01:18:27.377,1.41033,1.41056,1.62,1.25
2014.09.08 01:18:27.900,1.41035,1.41056,1.00,1.25
2014.09.08 01:18:29.199,1.41035,1.41056,1.00,1.19
2014.09.08 01:18:30.223,1.41032,1.41056,1.56,1.00
2014.09.08 01:18:34.617,1.4103,1.41055,2.06,1.00
2014.09.08 01:18:35.987,1.41031,1.41055,1.56,1.00
2014.09.08 01:18:36.519,1.4103,1.41055,3.56,1.00
2014.09.08 01:18:37.034,1.4103,1.41055,2.81,1.19
2014.09.08 01:18:37.981,1.41031,1.41055,1.62,1.19
2014.09.08 01:18:38.488,1.41031,1.41055,1.62,1.19
2014.09.08 01:18:39.038,1.41031,1.41055,1.56,1.25
2014.09.08 01:18:40.024,1.41031,1.41055,1.62,1.19
2014.09.08 01:18:41.008,1.41031,1.41055,1.56,1.25
2014.09.08 01:18:43.915,1.4103,1.41055,2.06,1.25
2014.09.08 01:18:44.117,1.4103,1.41054,2.06,1.69
2014.09.08 01:18:44.683,1.4103,1.41053,2.06,1.00
2014.09.08 01:18:49.105,1.4103,1.41054,2.06,1.69
2014.09.08 01:18:53.991,1.4103,1.41055,2.81,1.69
2014.09.08 01:18:54.496,1.4103,1.41055,2.06,1.69
2014.09.08 01:18:55.393,1.4103,1.41055,2.81,1.69
2014.09.08 01:18:58.953,1.41031,1.41055,1.56,1.69
2014.09.08 01:18:59.270,1.41031,1.41055,2.06,1.69
2014.09.08 01:19:00.865,1.41031,1.41054,1.56,1.00
2014.09.08 01:19:01.403,1.41031,1.41055,1.56,1.69
2014.09.08 01:19:01.944,1.41031,1.41054,1.56,1.00
2014.09.08 01:19:02.404,1.41031,1.41053,1.56,1.00
2014.09.08 01:19:02.556,1.4103,1.41051,2.06,1.00
2014.09.08 01:19:02.658,1.41031,1.41054,1.56,1.00
2014.09.08 01:19:03.989,1.4103,1.41054,2.06,1.19
2014.09.08 01:19:04.966,1.4103,1.41054,2.06,1.25
2014.09.08 01:19:06.726,1.4103,1.41054,2.06,1.25
2014.09.08 01:19:06.841,1.4103,1.41051,2.06,1.00
2014.09.08 01:19:21.000,1.41029,1.41051,3.56,1.00
2014.09.08 01:19:22.002,1.41029,1.41051,3.56,1.00
2014.09.08 01:19:23.783,1.41029,1.41052,3.56,1.00
2014.09.08 01:19:24.293,1.41029,1.41052,3.56,1.00
2014.09.08 01:19:33.271,1.41029,1.41052,2.81,1.00
2014.09.08 01:19:36.167,1.41029,1.41052,1.62,1.00
2014.09.08 01:19:36.885,1.41029,1.41052,1.31,1.00
2014.09.08 01:19:37.322,1.41029,1.41052,1.31,1.00
2014.09.08 01:19:40.145,1.41029,1.41052,1.56,1.00
2014.09.08 01:19:40.663,1.41029,1.41052,1.56,1.00
2014.09.08 01:19:56.930,1.41029,1.41052,2.06,1.00
2014.09.08 01:20:09.204,1.41029,1.41052,2.06,1.00
2014.09.08 01:20:09.713,1.41029,1.41052,1.31,1.00
2014.09.08 01:20:09.815,1.41028,1.41052,1.56,1.00
2014.09.08 01:20:10.434,1.41027,1.4105,2.81,1.00
2014.09.08 01:20:11.234,1.41027,1.4105,2.81,1.00
2014.09.08 01:20:13.064,1.41027,1.41051,2.81,1.00
2014.09.08 01:20:17.233,1.41028,1.41051,2.06,1.00
2014.09.08 01:20:20.268,1.41028,1.41051,1.56,1.00
2014.09.08 01:20:21.239,1.41028,1.41051,2.06,1.00
2014.09.08 01:20:36.634,1.41031,1.41054,1.31,1.25
2014.09.08 01:20:40.419,1.41031,1.41054,1.00,1.19
2014.09.08 01:20:45.691,1.41031,1.41054,1.25,1.25
2014.09.08 01:20:49.307,1.41031,1.41054,1.12,1.19
2014.09.08 01:20:52.016,1.41032,1.41054,1.00,1.19
2014.09.08 01:21:00.466,1.41032,1.41053,1.00,1.19
2014.09.08 01:21:01.468,1.41032,1.41053,1.00,1.19
2014.09.08 01:21:02.470,1.41032,1.41053,1.00,1.25
2014.09.08 01:21:04.502,1.41032,1.41053,1.00,1.19
2014.09.08 01:21:05.664,1.41031,1.41053,1.00,1.19
2014.09.08 01:21:06.219,1.4103,1.41053,1.12,1.19
2014.09.08 01:21:06.939,1.4103,1.41051,1.12,1.25
2014.09.08 01:21:08.525,1.4103,1.41051,1.00,1.19
2014.09.08 01:21:09.402,1.4103,1.41049,1.00,1.00
2014.09.08 01:21:09.504,1.41025,1.41049,1.56,1.00
2014.09.08 01:21:09.605,1.4103,1.41049,1.00,1.00
2014.09.08 01:21:09.758,1.41026,1.41047,1.00,1.25
2014.09.08 01:21:09.910,1.41026,1.41047,1.00,1.69
2014.09.08 01:21:09.961,1.41024,1.41047,1.00,1.69
2014.09.08 01:21:10.894,1.41024,1.41045,1.00,1.25
2014.09.08 01:21:17.008,1.41024,1.41045,1.00,1.19
2014.09.08 01:21:17.415,1.41021,1.41045,1.31,1.19
2014.09.08 01:21:18.818,1.41021,1.41048,3.19,2.06
2014.09.08 01:21:19.122,1.41025,1.41048,1.00,1.69
2014.09.08 01:21:19.956,1.41025,1.41048,1.25,1.69
2014.09.08 01:21:20.719,1.41022,1.41047,1.69,1.12
2014.09.08 01:21:20.770,1.41022,1.41047,1.25,2.06
2014.09.08 01:21:20.973,1.41025,1.41049,1.00,1.69
2014.09.08 01:21:22.153,1.41025,1.41049,1.19,1.25
2014.09.08 01:21:22.457,1.41024,1.41047,1.19,1.00
2014.09.08 01:21:23.429,1.41022,1.41047,1.69,1.31
2014.09.08 01:21:24.140,1.41028,1.41048,1.00,1.31
2014.09.08 01:21:24.242,1.41025,1.41048,1.00,1.19
2014.09.08 01:21:24.934,1.41025,1.41049,1.25,1.31
2014.09.08 01:21:25.924,1.41022,1.41047,2.44,1.12
2014.09.08 01:21:26.433,1.41022,1.41047,2.44,1.31
2014.09.08 01:21:26.943,1.41022,1.41047,1.69,1.31
2014.09.08 01:21:28.423,1.41022,1.41045,1.19,1.00
2014.09.08 01:21:29.545,1.41022,1.41045,1.00,1.31
2014.09.08 01:21:30.784,1.41022,1.41045,1.25,1.31
2014.09.08 01:21:39.462,1.41022,1.41047,1.00,1.56
2014.09.08 01:21:40.055,1.41022,1.41045,1.00,1.00
2014.09.08 01:21:41.060,1.41022,1.41047,1.00,1.56
2014.09.08 01:21:41.644,1.41021,1.41047,1.69,1.56
2014.09.08 01:21:42.156,1.41022,1.41047,1.25,2.06
2014.09.08 01:21:42.409,1.41026,1.41048,1.00,1.31
2014.09.08 01:21:42.885,1.41026,1.4105,1.25,1.31
2014.09.08 01:21:43.391,1.41027,1.4105,1.00,1.19
2014.09.08 01:21:44.013,1.41027,1.4105,1.25,1.25
2014.09.08 01:21:44.824,1.41028,1.4105,1.00,1.25
2014.09.08 01:21:58.210,1.41028,1.4105,1.00,1.19
2014.09.08 01:21:59.212,1.41028,1.4105,1.00,1.25
2014.09.08 01:22:02.218,1.41028,1.4105,1.00,1.19
2014.09.08 01:22:03.611,1.4103,1.4105,1.00,1.19
2014.09.08 01:22:03.713,1.41033,1.41053,1.50,1.00
2014.09.08 01:22:03.915,1.41033,1.41058,1.00,1.87
2014.09.08 01:22:03.966,1.41037,1.41058,1.00,1.00
2014.09.08 01:22:04.499,1.41037,1.41059,1.00,1.25
2014.09.08 01:22:12.239,1.41037,1.4106,1.25,1.69
2014.09.08 01:22:12.844,1.41037,1.41059,1.25,1.00
2014.09.08 01:22:18.506,1.41037,1.41057,1.00,1.00
2014.09.08 01:22:18.709,1.41031,1.41055,1.31,1.00
2014.09.08 01:22:19.798,1.41031,1.41055,1.25,2.06
2014.09.08 01:22:22.764,1.41031,1.41055,1.00,2.06
2014.09.08 01:22:24.769,1.41031,1.41055,1.00,2.06
2014.09.08 01:22:29.779,1.41031,1.41055,1.00,2.06
2014.09.08 01:22:30.781,1.41031,1.41055,1.25,2.06
2014.09.08 01:22:33.786,1.41031,1.41055,1.00,2.06
2014.09.08 01:22:36.791,1.41031,1.41055,1.25,2.06
2014.09.08 01:22:38.819,1.41031,1.41055,1.19,1.31
2014.09.08 01:22:39.176,1.41035,1.41055,1.00,1.25
2014.09.08 01:22:39.227,1.41035,1.41057,1.25,1.87
2014.09.08 01:22:41.251,1.41035,1.41057,1.00,2.06
2014.09.08 01:22:41.780,1.41031,1.41057,2.06,2.06
2014.09.08 01:22:42.034,1.41035,1.41057,1.00,1.31
2014.09.08 01:22:43.111,1.41035,1.41057,1.00,2.06
2014.09.08 01:22:44.107,1.41035,1.41057,1.00,2.06
2014.09.08 01:22:45.346,1.41031,1.41055,1.31,1.00
2014.09.08 01:22:45.552,1.41035,1.41055,1.00,1.00
2014.09.08 01:22:49.859,1.41031,1.41055,1.69,1.00
2014.09.08 01:22:50.062,1.41035,1.41055,1.00,1.00
2014.09.08 01:22:52.709,1.41031,1.41055,1.31,1.00
2014.09.08 01:22:52.811,1.41035,1.41055,1.00,1.00
2014.09.08 01:22:52.862,1.41035,1.41058,1.00,1.00
2014.09.08 01:22:53.015,1.41037,1.41058,1.00,1.00
2014.09.08 01:22:53.537,1.41037,1.4106,1.00,2.06
2014.09.08 01:22:55.036,1.41037,1.4106,1.25,2.06
2014.09.08 01:23:02.050,1.41037,1.4106,1.19,1.87
2014.09.08 01:23:03.052,1.41037,1.4106,1.25,2.06
2014.09.08 01:23:06.490,1.41037,1.41059,1.25,1.00
2014.09.08 01:23:07.188,1.41037,1.4106,1.25,2.06
2014.09.08 01:23:15.088,1.41037,1.4106,1.00,2.06
2014.09.08 01:23:18.256,1.41037,1.41058,1.00,1.00
2014.09.08 01:23:18.560,1.41031,1.41056,1.31,1.69
2014.09.08 01:23:19.395,1.41031,1.41054,1.00,1.19
2014.09.08 01:23:21.536,1.41031,1.41054,1.25,1.25
2014.09.08 01:23:27.508,1.41031,1.41054,1.00,1.69
2014.09.08 01:23:28.520,1.41031,1.41054,1.25,1.25
2014.09.08 01:23:32.532,1.41031,1.41054,1.00,1.19
2014.09.08 01:23:34.530,1.41031,1.41054,1.25,1.25
2014.09.08 01:23:38.102,1.41033,1.41056,1.00,2.06
2014.09.08 01:23:38.557,1.41033,1.41058,1.69,2.81
2014.09.08 01:23:39.092,1.41034,1.41058,1.00,2.06
2014.09.08 01:23:39.626,1.41034,1.41058,1.25,1.31
2014.09.08 01:23:43.559,1.41034,1.41058,1.00,1.31
2014.09.08 01:23:44.575,1.41034,1.41058,1.19,1.31
2014.09.08 01:23:45.558,1.41034,1.41058,1.25,1.31
2014.09.08 01:23:46.136,1.41035,1.41059,1.00,1.69
2014.09.08 01:23:46.642,1.41034,1.41059,1.25,2.81
2014.09.08 01:23:47.563,1.41034,1.41059,1.19,2.81
2014.09.08 01:23:52.625,1.41034,1.41059,1.25,2.81
2014.09.08 01:23:55.626,1.41034,1.41057,1.19,1.00
2014.09.08 01:24:01.538,1.41036,1.41058,1.00,1.25
2014.09.08 01:24:02.050,1.41037,1.4106,1.00,1.69
2014.09.08 01:24:02.523,1.41039,1.4106,1.00,1.19
2014.09.08 01:24:03.333,1.41036,1.4106,1.25,2.06
2014.09.08 01:24:03.536,1.41039,1.41059,1.00,1.25
2014.09.08 01:24:05.319,1.41036,1.41061,1.00,1.69
2014.09.08 01:24:05.522,1.41039,1.41059,1.00,1.19
2014.09.08 01:24:06.646,1.41039,1.41061,1.00,1.19
2014.09.08 01:24:07.256,1.41036,1.41061,1.19,1.19
2014.09.08 01:24:07.768,1.41038,1.41061,1.00,1.19
2014.09.08 01:24:09.361,1.41036,1.41059,1.19,1.00
2014.09.08 01:24:09.614,1.41039,1.41061,1.00,1.19
2014.09.08 01:24:10.526,1.41039,1.41061,1.00,1.19
2014.09.08 01:24:11.337,1.41036,1.4106,1.19,1.25
2014.09.08 01:24:11.843,1.41038,1.4106,1.00,1.19
2014.09.08 01:24:12.679,1.41038,1.4106,1.00,1.00
2014.09.08 01:24:13.271,1.41038,1.41059,1.00,1.00
2014.09.08 01:24:13.776,1.41039,1.41061,1.00,1.69
2014.09.08 01:24:15.306,1.41035,1.4106,1.56,1.00
2014.09.08 01:24:15.510,1.41039,1.41059,1.00,1.00
2014.09.08 01:24:17.308,1.41034,1.41059,3.56,1.00
2014.09.08 01:24:17.511,1.41039,1.41059,1.00,1.69
2014.09.08 01:24:19.249,1.41035,1.41059,2.06,1.25
2014.09.08 01:24:19.503,1.41039,1.41059,1.00,1.69
2014.09.08 01:24:20.977,1.41039,1.41058,1.00,1.00
2014.09.08 01:24:21.259,1.41035,1.41058,1.31,1.00
2014.09.08 01:24:22.059,1.41035,1.41058,1.25,1.25
2014.09.08 01:24:25.366,1.41035,1.41058,1.19,1.00
2014.09.08 01:24:26.410,1.41035,1.41058,1.25,1.25
2014.09.08 01:24:26.511,1.41038,1.41059,1.00,1.19
2014.09.08 01:24:27.482,1.41038,1.41059,1.00,1.25
2014.09.08 01:24:28.095,1.41035,1.41059,1.19,1.25
2014.09.08 01:24:28.503,1.41039,1.41059,1.00,1.69
2014.09.08 01:24:30.070,1.41035,1.41059,1.19,1.69
2014.09.08 01:24:30.171,1.41039,1.41059,1.00,1.69
2014.09.08 01:24:30.692,1.41037,1.41059,1.00,1.50
2014.09.08 01:24:31.709,1.41034,1.41059,1.31,1.19
2014.09.08 01:24:31.912,1.41037,1.41057,1.00,1.00
2014.09.08 01:24:33.400,1.41037,1.41055,1.00,1.00
2014.09.08 01:24:33.451,1.41034,1.41055,1.69,1.00
2014.09.08 01:24:35.442,1.41034,1.41055,1.69,1.00
2014.09.08 01:24:53.378,1.41034,1.41055,1.19,1.00
2014.09.08 01:24:54.402,1.41034,1.41055,1.00,1.00
2014.09.08 01:24:55.336,1.41034,1.41055,1.19,1.00
2014.09.08 01:25:02.813,1.41034,1.41055,1.00,1.00
2014.09.08 01:25:06.790,1.41034,1.41055,1.31,1.00
2014.09.08 01:25:07.812,1.41034,1.41055,1.12,1.00
2014.09.08 01:25:17.119,1.41034,1.41055,1.69,1.00
2014.09.08 01:25:18.109,1.41034,1.41055,1.19,1.00
2014.09.08 01:25:20.215,1.41034,1.41055,1.25,1.00
2014.09.08 01:25:28.712,1.41034,1.41056,1.25,1.00
2014.09.08 01:25:28.997,1.41037,1.41056,1.00,1.00
2014.09.08 01:25:29.516,1.41037,1.41059,1.50,1.69
2014.09.08 01:25:29.719,1.41039,1.41061,1.25,1.00
2014.09.08 01:25:30.022,1.41041,1.41062,1.00,1.25
2014.09.08 01:25:30.280,1.41043,1.41066,1.00,1.69
2014.09.08 01:25:30.331,1.41045,1.41066,1.00,1.19
2014.09.08 01:25:30.584,1.41048,1.41069,1.00,1.05
2014.09.08 01:25:30.787,1.41046,1.41069,1.25,1.69
2014.09.08 01:25:31.157,1.41045,1.41067,1.69,1.00
2014.09.08 01:25:31.670,1.41045,1.41068,1.19,1.00
2014.09.08 01:25:32.234,1.41045,1.41067,1.19,1.00
2014.09.08 01:25:32.742,1.41045,1.41066,1.25,1.00
2014.09.08 01:25:33.295,1.41045,1.41067,1.25,1.00
2014.09.08 01:25:41.622,1.41044,1.41067,1.25,1.69
2014.09.08 01:25:44.608,1.41046,1.41067,1.00,1.69
2014.09.08 01:25:45.692,1.41046,1.41066,1.00,1.00
2014.09.08 01:26:09.908,1.41047,1.41066,1.00,1.50
2014.09.08 01:26:17.168,1.41048,1.41066,1.00,1.69
2014.09.08 01:26:17.957,1.41049,1.41068,1.00,1.69
2014.09.08 01:26:18.270,1.41048,1.41068,1.00,1.69
2014.09.08 01:26:19.335,1.41048,1.41066,1.00,1.00
2014.09.08 01:26:19.870,1.41048,1.41067,1.00,1.00
2014.09.08 01:26:20.628,1.41049,1.41067,1.00,1.00
2014.09.08 01:26:21.313,1.4105,1.41067,1.00,1.00
2014.09.08 01:26:21.364,1.41048,1.41067,1.00,1.00
2014.09.08 01:26:22.157,1.41049,1.41067,1.00,1.00
2014.09.08 01:26:23.818,1.4105,1.41068,1.00,1.25
2014.09.08 01:26:24.655,1.41049,1.41067,1.00,1.00
2014.09.08 01:26:25.346,1.4105,1.41067,1.00,1.00
2014.09.08 01:26:26.256,1.41049,1.41067,1.00,1.00
2014.09.08 01:26:26.764,1.4105,1.41068,1.00,1.25
2014.09.08 01:26:27.401,1.41049,1.41068,1.00,1.25
2014.09.08 01:26:27.935,1.41049,1.41067,1.00,1.00
2014.09.08 01:26:29.377,1.4105,1.41067,1.00,1.00
2014.09.08 01:26:30.124,1.41049,1.41067,1.00,1.00
2014.09.08 01:26:31.319,1.41049,1.41066,1.00,1.00
2014.09.08 01:26:31.523,1.41048,1.41064,1.00,1.00
2014.09.08 01:26:32.036,1.41047,1.41064,1.00,1.00
2014.09.08 01:26:32.942,1.41045,1.41064,1.00,1.00
2014.09.08 01:26:33.657,1.41045,1.41063,1.00,1.00
2014.09.08 01:26:34.711,1.41047,1.41065,1.00,2.44
2014.09.08 01:26:35.243,1.41046,1.41066,1.00,1.50
2014.09.08 01:26:45.107,1.41047,1.41066,1.00,1.50
2014.09.08 01:26:45.488,1.41047,1.41064,1.00,1.00
2014.09.08 01:26:45.691,1.41044,1.41062,1.25,1.00
2014.09.08 01:26:45.893,1.41039,1.41061,1.00,1.50
2014.09.08 01:26:45.944,1.41039,1.41058,1.00,1.00
2014.09.08 01:26:45.995,1.41037,1.41058,1.00,1.00
2014.09.08 01:26:46.047,1.41036,1.41055,1.00,1.00
2014.09.08 01:26:46.590,1.41036,1.41054,1.00,1.00
2014.09.08 01:26:48.487,1.41036,1.41055,1.00,1.00
2014.09.08 01:26:49.026,1.41036,1.41054,1.00,1.00
2014.09.08 01:26:49.570,1.41035,1.41054,1.00,1.00
2014.09.08 01:26:50.095,1.41036,1.41054,1.00,1.00
2014.09.08 01:26:50.146,1.41036,1.41056,1.00,1.00
2014.09.08 01:26:54.867,1.41036,1.41057,1.00,1.00
2014.09.08 01:26:57.978,1.41037,1.41057,1.00,1.00
2014.09.08 01:26:58.430,1.41039,1.41057,1.00,1.00
2014.09.08 01:27:01.717,1.41037,1.41057,1.00,1.00
2014.09.08 01:27:03.326,1.41037,1.41058,1.00,1.00
2014.09.08 01:27:04.102,1.41037,1.41059,1.00,2.06
2014.09.08 01:27:05.508,1.41037,1.41058,1.00,1.00
2014.09.08 01:27:05.862,1.41037,1.41056,1.00,1.00
2014.09.08 01:27:05.913,1.41034,1.41056,1.00,1.25
2014.09.08 01:27:06.549,1.41034,1.41055,1.00,1.00
2014.09.08 01:27:11.119,1.41034,1.41054,1.00,1.00
2014.09.08 01:27:11.948,1.41034,1.41055,1.00,1.25
2014.09.08 01:28:01.630,1.41034,1.41057,1.00,1.69
2014.09.08 01:28:02.158,1.41035,1.41055,1.00,1.00
2014.09.08 01:28:08.156,1.41036,1.41055,1.00,1.00
2014.09.08 01:28:08.207,1.41036,1.41057,1.00,1.00
2014.09.08 01:28:15.926,1.41036,1.41055,1.00,1.00
2014.09.08 01:28:15.976,1.41034,1.41055,1.25,1.00
2014.09.08 01:28:16.173,1.41034,1.4105,1.00,1.00
2014.09.08 01:28:16.528,1.41032,1.41049,1.50,1.25
2014.09.08 01:28:16.579,1.41033,1.41053,1.00,1.00
2014.09.08 01:28:17.084,1.41035,1.41053,1.00,1.00
2014.09.08 01:28:17.646,1.41035,1.41054,1.00,1.00
2014.09.08 01:28:18.623,1.41038,1.41054,1.00,1.00
2014.09.08 01:28:18.674,1.41038,1.41058,1.00,1.50
2014.09.08 01:28:19.187,1.41038,1.4106,1.00,1.19
2014.09.08 01:28:19.865,1.41038,1.4106,1.00,1.00
2014.09.08 01:28:25.546,1.4104,1.4106,1.00,1.25
2014.09.08 01:28:26.086,1.4104,1.41062,1.00,2.81
2014.09.08 01:28:27.707,1.4104,1.41062,1.00,2.81
2014.09.08 01:28:31.679,1.4104,1.41062,1.00,2.81
2014.09.08 01:28:35.686,1.4104,1.41062,1.00,2.44
2014.09.08 01:28:44.615,1.4104,1.4106,1.00,1.00
2014.09.08 01:28:51.900,1.4104,1.41059,1.00,1.00
2014.09.08 01:29:01.193,1.41039,1.41059,1.00,1.00
2014.09.08 01:29:03.657,1.41039,1.41057,1.00,1.00
2014.09.08 01:29:03.708,1.41036,1.41057,1.37,1.00
2014.09.08 01:29:04.145,1.41036,1.41051,1.00,1.00
2014.09.08 01:29:04.297,1.41031,1.41051,1.12,1.00
2014.09.08 01:29:04.816,1.41031,1.4105,1.00,1.00
2014.09.08 01:29:05.171,1.41033,1.4105,1.00,1.00
2014.09.08 01:29:05.424,1.41033,1.41054,1.00,1.00
2014.09.08 01:29:05.576,1.41032,1.41054,1.37,1.00
2014.09.08 01:29:05.627,1.41032,1.41058,1.87,1.50
2014.09.08 01:29:06.133,1.41036,1.41058,1.00,1.50
2014.09.08 01:29:07.169,1.41036,1.41055,1.00,1.00
2014.09.08 01:29:07.271,1.41033,1.41055,1.37,1.00
2014.09.08 01:29:07.869,1.41033,1.41055,1.12,1.00
2014.09.08 01:29:13.871,1.41033,1.41055,1.37,1.00
2014.09.08 01:29:13.922,1.41037,1.41059,1.00,1.00
2014.09.08 01:29:13.973,1.41037,1.41059,1.87,1.00
2014.09.08 01:29:14.279,1.41042,1.4106,1.12,1.50
2014.09.08 01:29:14.584,1.41047,1.41064,1.00,1.00
2014.09.08 01:29:15.091,1.41047,1.41065,1.00,1.00
2014.09.08 01:29:16.280,1.41046,1.41065,1.00,1.50
2014.09.08 01:29:20.098,1.41044,1.41065,1.00,1.50
2014.09.08 01:29:20.148,1.41044,1.41063,1.00,1.00
2014.09.08 01:29:20.667,1.41044,1.41062,1.00,1.00
2014.09.08 01:29:20.819,1.41044,1.41064,1.00,1.00
2014.09.08 01:29:21.675,1.41046,1.41064,1.00,1.00
2014.09.08 01:29:22.080,1.41048,1.41065,1.00,1.00
2014.09.08 01:29:22.636,1.41047,1.41065,1.00,1.50
2014.09.08 01:29:23.637,1.41045,1.41064,1.00,1.00
2014.09.08 01:29:24.158,1.41045,1.41063,1.00,1.00
2014.09.08 01:29:25.044,1.41046,1.41063,1.00,1.00
2014.09.08 01:29:25.578,1.41045,1.41064,1.00,1.50
2014.09.08 01:29:26.127,1.41045,1.41063,1.00,1.00
2014.09.08 01:29:27.163,1.41046,1.41063,1.00,1.00
2014.09.08 01:29:27.599,1.41044,1.41063,1.00,1.00
2014.09.08 01:29:28.132,1.41043,1.41063,1.00,1.00
2014.09.08 01:29:40.215,1.41043,1.41064,1.00,1.00
2014.09.08 01:29:40.266,1.41045,1.41064,1.00,1.00
2014.09.08 01:30:03.471,1.41043,1.41064,1.00,1.50
2014.09.08 01:30:10.971,1.41043,1.41063,1.00,1.00
2014.09.08 01:30:17.896,1.41043,1.41065,1.00,1.00
2014.09.08 01:30:25.006,1.41043,1.41064,1.00,1.00
2014.09.08 01:30:25.534,1.41043,1.41065,1.00,1.50
2014.09.08 01:30:25.903,1.41045,1.41065,1.00,1.00
2014.09.08 01:30:26.464,1.41045,1.41066,1.00,1.00
2014.09.08 01:30:30.380,1.41045,1.41067,1.00,1.50
2014.09.08 01:30:32.121,1.41045,1.41066,1.00,1.00
2014.09.08 01:30:36.597,1.41045,1.41067,1.00,2.25
2014.09.08 01:30:37.204,1.41046,1.41067,1.00,2.25
2014.09.08 01:30:37.728,1.41047,1.41067,1.00,1.00
2014.09.08 01:30:38.012,1.41047,1.4107,1.00,1.50
2014.09.08 01:30:39.955,1.41049,1.4107,1.00,1.50
2014.09.08 01:30:41.106,1.41049,1.41068,1.00,1.00
2014.09.08 01:30:44.263,1.4105,1.41068,1.00,1.00
2014.09.08 01:30:45.507,1.4105,1.41067,1.00,1.00
2014.09.08 01:30:46.238,1.41049,1.41067,1.00,1.00
2014.09.08 01:31:02.174,1.41048,1.41067,1.00,1.00
2014.09.08 01:31:06.819,1.41049,1.41067,1.00,1.00
2014.09.08 01:31:07.356,1.41048,1.41067,1.00,1.00
2014.09.08 01:31:11.246,1.41048,1.41065,1.00,1.00
2014.09.08 01:31:11.370,1.41048,1.41067,1.00,1.00
2014.09.08 01:31:11.914,1.41049,1.41067,1.00,1.00
2014.09.08 01:31:14.542,1.41048,1.41067,1.00,1.00
2014.09.08 01:31:14.644,1.41045,1.41066,1.00,1.00
2014.09.08 01:31:14.695,1.41045,1.41063,1.00,1.00
2014.09.08 01:31:15.100,1.41044,1.41061,1.00,1.00
2014.09.08 01:31:15.303,1.41041,1.41059,1.00,1.00
2014.09.08 01:31:15.404,1.41039,1.41059,1.00,1.00
2014.09.08 01:31:15.456,1.41039,1.41057,1.00,1.00
2014.09.08 01:31:15.860,1.41038,1.41055,1.00,1.00
2014.09.08 01:31:16.381,1.41037,1.41054,1.00,1.00
2014.09.08 01:31:16.930,1.41036,1.41054,1.00,1.00
2014.09.08 01:31:17.448,1.41036,1.41055,1.00,1.00
2014.09.08 01:31:19.716,1.41036,1.41056,1.00,1.00
2014.09.08 01:31:20.222,1.41037,1.41056,1.00,1.00
2014.09.08 01:31:27.622,1.41038,1.41056,1.00,1.00
2014.09.08 01:31:31.790,1.41039,1.41056,1.00,1.00
2014.09.08 01:31:32.373,1.41039,1.41057,1.00,1.00
2014.09.08 01:31:32.771,1.41037,1.41057,1.00,1.00
2014.09.08 01:31:32.822,1.41037,1.41055,1.00,1.00
2014.09.08 01:32:02.660,1.41037,1.41056,1.00,1.00
2014.09.08 01:32:07.675,1.41037,1.41058,1.00,1.25
2014.09.08 01:32:14.726,1.41037,1.41055,1.00,1.00
2014.09.08 01:32:14.929,1.4103,1.41051,1.00,1.25
2014.09.08 01:32:14.980,1.41028,1.41051,1.25,1.62
2014.09.08 01:32:15.436,1.41025,1.41049,1.25,4.31
2014.09.08 01:32:15.974,1.41025,1.41047,1.25,1.00
2014.09.08 01:32:16.430,1.41028,1.41047,1.00,1.19
2014.09.08 01:32:16.481,1.41028,1.41048,1.00,1.00
2014.09.08 01:32:16.684,1.41031,1.41052,1.00,1.69
2014.09.08 01:32:17.088,1.41033,1.41052,1.00,1.25
2014.09.08 01:32:17.660,1.41033,1.41054,1.00,1.69
2014.09.08 01:32:18.673,1.41033,1.41052,1.00,1.25
2014.09.08 01:32:30.278,1.41033,1.41052,1.00,1.69
2014.09.08 01:32:33.887,1.41033,1.41052,1.00,1.25
2014.09.08 01:32:43.818,1.41028,1.41053,3.56,1.19
2014.09.08 01:32:51.335,1.41028,1.41053,3.19,1.19
2014.09.08 01:32:52.332,1.41028,1.41053,3.19,1.19
2014.09.08 01:32:54.423,1.41028,1.41053,3.19,1.19
2014.09.08 01:32:55.425,1.41028,1.41053,3.19,1.19
2014.09.08 01:32:58.431,1.41028,1.41053,2.81,1.19
2014.09.08 01:33:00.871,1.41029,1.41051,1.00,1.25
2014.09.08 01:33:01.399,1.41028,1.41053,2.81,1.19
2014.09.08 01:33:02.465,1.41029,1.41053,1.25,1.19
2014.09.08 01:33:03.487,1.41029,1.41053,1.19,1.25
2014.09.08 01:33:06.302,1.41029,1.41053,1.25,1.19
2014.09.08 01:33:14.480,1.41029,1.41054,1.19,1.19
2014.09.08 01:33:24.553,1.4103,1.41054,1.19,1.25
2014.09.08 01:33:30.523,1.4103,1.41054,1.69,1.19
2014.09.08 01:33:33.557,1.4103,1.41054,1.69,1.25
2014.09.08 01:33:34.533,1.4103,1.41054,1.69,1.19
2014.09.08 01:33:36.539,1.4103,1.41054,1.50,1.19
2014.09.08 01:33:37.541,1.4103,1.41054,1.69,1.19
2014.09.08 01:33:42.564,1.4103,1.41054,1.69,1.00
2014.09.08 01:33:43.694,1.4103,1.41054,1.69,1.19
2014.09.08 01:33:54.182,1.41033,1.41056,1.00,2.06
2014.09.08 01:33:54.713,1.41033,1.41058,1.00,2.81
2014.09.08 01:33:55.731,1.41033,1.41058,1.25,1.56
2014.09.08 01:33:57.697,1.41033,1.41058,1.19,1.56
2014.09.08 01:33:58.430,1.41037,1.4106,1.00,2.44
2014.09.08 01:33:58.531,1.41039,1.41062,1.00,1.19
2014.09.08 01:33:58.582,1.41041,1.41062,1.00,1.19
2014.09.08 01:33:58.886,1.41044,1.41066,1.50,1.19
2014.09.08 01:33:59.706,1.41044,1.41066,1.50,1.00
2014.09.08 01:33:59.959,1.41042,1.41068,1.00,2.06
2014.09.08 01:34:00.920,1.41042,1.41068,1.00,3.56
2014.09.08 01:34:02.456,1.41044,1.41067,1.00,1.12
2014.09.08 01:34:02.659,1.41046,1.41072,1.69,1.19
2014.09.08 01:34:02.863,1.41048,1.41073,1.50,1.56
2014.09.08 01:34:03.368,1.41049,1.41073,1.00,1.31
2014.09.08 01:34:04.050,1.41049,1.41073,1.25,1.56
2014.09.08 01:34:05.022,1.41049,1.41072,1.00,1.19
2014.09.08 01:34:07.127,1.41049,1.41072,1.00,1.25
2014.09.08 01:34:13.362,1.41049,1.41072,1.00,1.19
2014.09.08 01:34:16.398,1.41049,1.41073,1.00,1.19
2014.09.08 01:34:17.010,1.41049,1.41071,1.00,1.00
2014.09.08 01:34:17.061,1.41046,1.41069,2.06,1.00
2014.09.08 01:34:17.264,1.41046,1.41067,1.69,1.00
2014.09.08 01:34:19.368,1.41047,1.41067,1.00,1.00
2014.09.08 01:34:21.138,1.41046,1.41067,1.00,1.00
2014.09.08 01:34:28.008,1.41046,1.41068,1.00,1.25
2014.09.08 01:34:30.829,1.4105,1.4107,1.00,1.25
2014.09.08 01:34:32.128,1.4105,1.41072,1.00,1.19
2014.09.08 01:34:37.283,1.41052,1.41072,1.00,1.19
2014.09.08 01:34:38.066,1.4105,1.41072,1.00,1.19
2014.09.08 01:34:48.436,1.4105,1.41071,1.00,1.19
2014.09.08 01:34:49.439,1.4105,1.41071,1.00,1.25
2014.09.08 01:35:09.590,1.4105,1.41073,1.00,1.69
2014.09.08 01:35:14.620,1.4105,1.41073,1.00,1.69
2014.09.08 01:35:15.031,1.41052,1.41073,1.00,1.69
2014.09.08 01:35:15.184,1.41054,1.41074,1.00,1.25
2014.09.08 01:35:15.235,1.41048,1.41074,3.19,1.31
2014.09.08 01:35:15.336,1.41048,1.41072,3.19,1.00
2014.09.08 01:35:15.640,1.41048,1.41064,1.00,1.00
2014.09.08 01:35:16.147,1.41048,1.41063,1.00,1.00
2014.09.08 01:35:16.452,1.41041,1.41061,1.69,1.00
2014.09.08 01:35:16.654,1.41041,1.41061,1.00,1.00
2014.09.08 01:35:19.490,1.41041,1.41064,1.50,1.31
2014.09.08 01:35:20.222,1.41041,1.41064,1.00,1.19
2014.09.08 01:35:20.629,1.41043,1.41066,1.00,1.69
2014.09.08 01:35:21.240,1.41043,1.41066,1.00,1.19
2014.09.08 01:35:22.224,1.41043,1.41066,1.25,1.25
2014.09.08 01:35:24.230,1.41041,1.41066,2.06,1.19
2014.09.08 01:35:26.236,1.41041,1.41066,2.06,1.25
2014.09.08 01:35:28.242,1.41041,1.41066,2.06,1.19
2014.09.08 01:35:29.267,1.41041,1.41066,2.06,1.25
2014.09.08 01:35:32.528,1.4104,1.41065,3.56,1.00
2014.09.08 01:35:34.872,1.4104,1.41065,3.94,1.25
2014.09.08 01:35:34.974,1.41043,1.41067,1.56,1.00
2014.09.08 01:35:35.025,1.41044,1.41069,1.56,1.25
2014.09.08 01:35:35.076,1.41044,1.41069,1.56,1.25
2014.09.08 01:35:35.279,1.41048,1.41071,1.62,1.25
2014.09.08 01:35:35.481,1.41051,1.41073,1.25,1.00
2014.09.08 01:35:35.734,1.41046,1.41069,1.25,1.50
2014.09.08 01:35:35.937,1.41049,1.41071,1.00,2.44
2014.09.08 01:35:36.484,1.41048,1.41071,1.50,2.44
2014.09.08 01:35:36.892,1.41049,1.41073,1.25,1.00
2014.09.08 01:35:37.403,1.41049,1.41073,1.62,1.00
2014.09.08 01:35:38.452,1.41051,1.41073,1.00,1.00
2014.09.08 01:35:38.706,1.41054,1.41075,1.00,1.19
2014.09.08 01:35:39.498,1.41054,1.41075,1.00,1.69
2014.09.08 01:35:42.929,1.41054,1.41073,1.00,1.00
2014.09.08 01:35:43.082,1.41052,1.41073,1.00,1.69
2014.09.08 01:35:43.184,1.4105,1.41073,1.00,1.69
2014.09.08 01:35:43.235,1.4105,1.41069,1.00,1.00
2014.09.08 01:35:43.650,1.41048,1.41069,1.00,1.19
2014.09.08 01:35:45.042,1.41049,1.41068,1.00,1.25
2014.09.08 01:35:45.549,1.4105,1.4107,1.00,1.19
2014.09.08 01:35:45.752,1.4105,1.4107,1.00,1.00
2014.09.08 01:35:46.992,1.4105,1.41071,1.00,1.25
2014.09.08 01:35:47.762,1.4105,1.4107,1.00,1.00
2014.09.08 01:35:51.614,1.4105,1.41069,1.00,1.00
2014.09.08 01:35:54.913,1.4105,1.41068,1.00,1.00
2014.09.08 01:35:55.418,1.4105,1.41069,1.00,1.00
2014.09.08 01:35:56.068,1.4105,1.4107,1.00,1.00
2014.09.08 01:35:56.647,1.4105,1.41069,1.00,1.00
2014.09.08 01:36:00.101,1.4105,1.4107,1.00,1.00
2014.09.08 01:36:00.477,1.41047,1.4107,2.06,1.00
2014.09.08 01:36:01.158,1.41047,1.4107,1.12,1.50
2014.09.08 01:36:03.164,1.41045,1.4107,2.06,1.69
2014.09.08 01:36:05.169,1.41045,1.4107,2.06,1.69
2014.09.08 01:36:06.229,1.41045,1.4107,2.06,1.25
2014.09.08 01:36:06.340,1.41049,1.41072,1.31,1.25
2014.09.08 01:36:06.868,1.41049,1.41072,1.62,1.25
2014.09.08 01:36:06.970,1.41049,1.41072,1.62,1.25
2014.09.08 01:36:07.232,1.41049,1.41072,1.31,1.25
2014.09.08 01:36:07.782,1.41049,1.41072,1.31,1.00
2014.09.08 01:36:09.085,1.41049,1.41074,1.31,1.19
2014.09.08 01:36:09.338,1.41049,1.41074,2.81,1.19
2014.09.08 01:36:10.488,1.41052,1.41076,1.31,1.69
2014.09.08 01:36:13.244,1.41052,1.41076,1.62,1.19
2014.09.08 01:36:13.777,1.41051,1.41076,2.06,1.19
2014.09.08 01:36:16.022,1.41052,1.41077,1.31,1.69
2014.09.08 01:36:16.545,1.41052,1.41077,1.12,1.69
2014.09.08 01:36:17.505,1.41052,1.41077,1.31,1.69
2014.09.08 01:36:18.507,1.41052,1.41077,1.31,1.69
2014.09.08 01:36:18.688,1.41052,1.41074,1.25,1.00
2014.09.08 01:36:19.650,1.4105,1.41074,2.06,1.25
2014.09.08 01:36:23.624,1.4105,1.41075,1.56,1.69
2014.09.08 01:36:25.669,1.4105,1.41075,1.56,1.69
2014.09.08 01:36:28.653,1.4105,1.41075,1.62,1.69
2014.09.08 01:36:31.643,1.4105,1.41074,1.56,1.25
2014.09.08 01:36:34.650,1.4105,1.41074,1.62,1.19
2014.09.08 01:36:36.655,1.4105,1.41074,1.56,1.25
2014.09.08 01:36:44.674,1.4105,1.41075,1.62,1.69
2014.09.08 01:36:45.793,1.4105,1.41075,1.56,1.69
2014.09.08 01:36:46.850,1.4105,1.41073,1.31,1.00
2014.09.08 01:36:47.384,1.4105,1.41073,1.31,1.25
2014.09.08 01:36:48.203,1.4105,1.41073,1.12,1.19
2014.09.08 01:36:49.271,1.4105,1.41073,1.37,1.19
2014.09.08 01:36:50.294,1.4105,1.41074,1.37,2.44
2014.09.08 01:36:51.310,1.4105,1.41074,1.37,2.44
2014.09.08 01:36:59.887,1.4105,1.41074,1.37,1.19
2014.09.08 01:37:00.413,1.4105,1.41074,1.62,1.19
2014.09.08 01:37:03.420,1.4105,1.41074,1.37,1.25
2014.09.08 01:37:09.111,1.4105,1.41074,1.31,1.25
2014.09.08 01:37:13.481,1.4105,1.41075,1.31,1.19
2014.09.08 01:37:14.446,1.4105,1.41076,1.31,1.69
2014.09.08 01:37:15.259,1.41052,1.41076,1.00,1.19
2014.09.08 01:37:15.786,1.41052,1.41076,1.31,1.19
2014.09.08 01:37:16.320,1.41052,1.41076,1.62,1.19
2014.09.08 01:37:21.464,1.41052,1.41076,1.37,1.19
2014.09.08 01:37:24.472,1.41052,1.41076,1.37,1.25
2014.09.08 01:37:25.474,1.41052,1.41076,1.37,1.19
2014.09.08 01:37:26.486,1.41052,1.41077,1.62,1.19
2014.09.08 01:37:35.193,1.41055,1.41077,1.00,1.19
2014.09.08 01:37:35.497,1.41059,1.41077,1.00,1.19
2014.09.08 01:37:36.201,1.41059,1.41078,1.00,1.19
2014.09.08 01:37:44.264,1.41059,1.41079,1.00,2.44
2014.09.08 01:37:46.243,1.41059,1.41077,1.00,1.19
2014.09.08 01:37:59.561,1.41059,1.41077,1.00,1.25
2014.09.08 01:38:03.812,1.41059,1.41079,1.00,2.44
2014.09.08 01:38:05.377,1.41059,1.41079,1.00,1.69
2014.09.08 01:38:07.381,1.41059,1.41079,1.00,2.44
2014.09.08 01:38:08.021,1.41056,1.41078,1.00,1.19
2014.09.08 01:38:08.325,1.41058,1.41078,1.00,1.69
2014.09.08 01:38:10.093,1.41058,1.41079,1.00,1.19
2014.09.08 01:38:14.157,1.41058,1.41079,1.00,1.19
2014.09.08 01:38:23.125,1.41058,1.41079,1.00,1.69
2014.09.08 01:38:25.206,1.41058,1.41079,1.00,1.69
2014.09.08 01:38:26.134,1.41058,1.41079,1.00,1.69
2014.09.08 01:38:27.537,1.41058,1.41079,1.00,1.69
2014.09.08 01:38:51.191,1.41058,1.41079,1.00,1.69
2014.09.08 01:38:53.295,1.41058,1.41079,1.00,1.69
2014.09.08 01:39:01.319,1.41058,1.41079,1.00,1.69
2014.09.08 01:39:02.320,1.41058,1.41079,1.00,1.69
2014.09.08 01:39:08.346,1.41058,1.41079,1.00,1.69
2014.09.08 01:39:17.355,1.41058,1.41079,1.00,1.69
2014.09.08 01:39:18.401,1.41058,1.41079,1.00,1.19
2014.09.08 01:39:21.053,1.41061,1.4108,1.00,1.69
2014.09.08 01:39:21.866,1.41061,1.4108,1.00,1.25
2014.09.08 01:39:24.888,1.41061,1.41082,1.00,1.69
2014.09.08 01:39:32.995,1.41061,1.4108,1.00,1.25
2014.09.08 01:39:33.219,1.41061,1.41082,1.00,1.50
2014.09.08 01:39:33.371,1.41065,1.41083,1.00,1.69
2014.09.08 01:39:34.400,1.41065,1.41085,1.00,1.19
2014.09.08 01:39:35.404,1.41065,1.41085,1.00,1.69
2014.09.08 01:39:35.708,1.41061,1.41081,1.00,1.69
2014.09.08 01:39:37.510,1.41061,1.41081,1.00,1.69
2014.09.08 01:39:41.540,1.41061,1.41081,1.00,1.69
2014.09.08 01:39:51.664,1.41061,1.4108,1.00,1.19
2014.09.08 01:39:52.643,1.41061,1.4108,1.00,1.19
2014.09.08 01:39:56.852,1.41061,1.41079,1.00,1.19
2014.09.08 01:39:57.855,1.41061,1.41081,1.00,1.69
2014.09.08 01:39:59.861,1.41061,1.4108,1.00,1.19
2014.09.08 01:40:02.611,1.41061,1.41076,1.00,1.19
2014.09.08 01:40:15.138,1.41061,1.41078,1.00,1.19
2014.09.08 01:40:15.290,1.41065,1.41078,1.00,1.19
2014.09.08 01:40:15.442,1.41065,1.41081,1.00,1.19
2014.09.08 01:40:15.493,1.41067,1.41081,1.00,1.19
2014.09.08 01:40:19.413,1.41067,1.4108,1.00,1.19
2014.09.08 01:40:21.468,1.41067,1.41081,1.00,1.19
2014.09.08 01:40:24.426,1.41067,1.41081,1.00,1.19
2014.09.08 01:40:24.528,1.41067,1.41083,1.00,1.19
2014.09.08 01:40:27.249,1.41068,1.41083,1.00,1.25
2014.09.08 01:40:27.959,1.41068,1.41082,1.00,1.19
2014.09.08 01:40:31.246,1.41068,1.41081,1.00,1.19
2014.09.08 01:40:31.762,1.41063,1.41081,1.52,1.19
2014.09.08 01:40:32.428,1.41063,1.41081,1.60,1.19
2014.09.08 01:40:34.407,1.41069,1.41081,1.00,1.19
2014.09.08 01:40:35.972,1.41066,1.41081,1.00,1.19
2014.09.08 01:40:37.286,1.41066,1.4108,1.00,1.19
2014.09.08 01:40:41.971,1.41066,1.41081,1.00,1.19
2014.09.08 01:40:43.176,1.41066,1.4108,1.00,1.19
2014.09.08 01:40:45.320,1.41066,1.41079,1.00,1.19
2014.09.08 01:40:46.283,1.41066,1.4108,1.00,1.19
2014.09.08 01:40:58.314,1.41066,1.4108,1.00,1.25
2014.09.08 01:40:59.318,1.41066,1.4108,1.00,1.19
2014.09.08 01:41:05.349,1.41066,1.41079,1.00,1.19
2014.09.08 01:41:06.364,1.41066,1.4108,1.00,1.19
2014.09.08 01:41:07.634,1.41069,1.4108,1.00,1.19
2014.09.08 01:41:08.141,1.41068,1.4108,1.00,1.19
2014.09.08 01:41:08.191,1.41065,1.4108,1.00,1.19
2014.09.08 01:41:08.293,1.41065,1.41077,1.00,1.25
2014.09.08 01:41:08.648,1.41062,1.41074,1.00,1.25
2014.09.08 01:41:08.952,1.4106,1.41073,1.00,1.19
2014.09.08 01:41:11.658,1.4106,1.41074,1.00,1.19
2014.09.08 01:41:14.570,1.4106,1.41073,1.00,1.19
2014.09.08 01:41:18.969,1.41058,1.41073,1.00,1.19
2014.09.08 01:41:19.323,1.41058,1.41071,1.00,1.19
2014.09.08 01:41:20.922,1.41058,1.41073,1.00,1.19
2014.09.08 01:41:20.973,1.4106,1.41073,1.00,1.19
2014.09.08 01:41:21.592,1.41061,1.41073,1.00,1.19
2014.09.08 01:41:21.991,1.41061,1.41075,1.00,1.19
2014.09.08 01:41:22.522,1.4106,1.41075,1.00,1.19
2014.09.08 01:41:23.487,1.4106,1.41073,1.00,1.19
2014.09.08 01:41:24.273,1.41062,1.41073,1.00,1.19
2014.09.08 01:41:24.781,1.4106,1.41073,1.00,1.19
2014.09.08 01:41:26.495,1.4106,1.41074,1.00,1.19
2014.09.08 01:41:35.562,1.4106,1.41075,1.00,1.19
2014.09.08 01:41:36.640,1.4106,1.41075,1.00,1.19
2014.09.08 01:41:37.444,1.4106,1.41077,1.00,1.19
2014.09.08 01:41:37.962,1.41061,1.41077,1.00,1.19
2014.09.08 01:41:39.427,1.41061,1.41075,1.00,1.19
2014.09.08 01:41:40.969,1.41062,1.41075,1.00,1.19
2014.09.08 01:41:42.951,1.41061,1.41076,1.00,1.19
2014.09.08 01:41:43.458,1.41061,1.41077,1.00,1.19
2014.09.08 01:41:43.815,1.41063,1.41077,1.00,1.19
2014.09.08 01:41:43.917,1.41061,1.41077,1.00,1.19
2014.09.08 01:41:49.417,1.41061,1.41077,1.00,1.19
2014.09.08 01:41:50.428,1.41061,1.41077,1.00,1.19
2014.09.08 01:41:51.548,1.41061,1.41077,1.00,1.19
2014.09.08 01:41:52.413,1.41061,1.41076,1.00,1.19
2014.09.08 01:41:54.418,1.41061,1.41076,1.00,1.19
2014.09.08 01:41:55.443,1.41061,1.41076,1.00,1.19
2014.09.08 01:41:56.422,1.41061,1.41076,1.00,1.19
2014.09.08 01:41:58.426,1.41061,1.41076,1.00,1.19
2014.09.08 01:42:01.427,1.41062,1.41076,1.00,1.19
2014.09.08 01:42:02.000,1.41062,1.41076,1.00,1.19
2014.09.08 01:42:03.534,1.41062,1.41076,1.00,1.19
2014.09.08 01:42:05.537,1.41062,1.41076,1.00,1.19
2014.09.08 01:42:14.577,1.41062,1.41076,1.00,1.19
2014.09.08 01:42:15.906,1.41062,1.41078,1.00,1.19
2014.09.08 01:42:20.934,1.41061,1.41077,1.00,1.19
2014.09.08 01:42:22.268,1.4106,1.41077,1.00,1.19
2014.09.08 01:42:22.521,1.41059,1.41076,1.00,1.19
2014.09.08 01:42:23.043,1.41058,1.41074,1.00,1.19
2014.09.08 01:42:23.787,1.41058,1.41073,1.00,1.19
2014.09.08 01:42:27.799,1.41058,1.41075,1.00,1.19
2014.09.08 01:42:30.509,1.41058,1.41074,1.00,1.19
2014.09.08 01:42:34.244,1.41059,1.41074,1.00,1.19
2014.09.08 01:42:36.855,1.41059,1.41074,1.00,1.19
2014.09.08 01:42:46.890,1.41059,1.41076,1.00,1.19
2014.09.08 01:42:47.042,1.41062,1.41076,1.00,1.19
2014.09.08 01:42:47.954,1.41062,1.41077,1.00,1.19
2014.09.08 01:42:49.108,1.41061,1.41077,1.00,1.19
2014.09.08 01:42:49.958,1.41061,1.41076,1.00,1.19
2014.09.08 01:42:53.389,1.41061,1.41077,1.00,1.19
2014.09.08 01:42:53.592,1.41061,1.41079,1.12,1.19
2014.09.08 01:42:53.643,1.41067,1.41079,1.00,1.19
2014.09.08 01:42:53.694,1.41067,1.41082,1.00,1.19
2014.09.08 01:42:53.745,1.41064,1.41082,1.00,1.19
2014.09.08 01:42:53.846,1.41066,1.41082,1.00,1.19
2014.09.08 01:42:54.679,1.41066,1.41083,1.00,1.19
2014.09.08 01:42:55.194,1.41067,1.41083,1.00,1.19
2014.09.08 01:42:55.295,1.41067,1.41084,1.00,1.19
2014.09.08 01:42:55.396,1.4107,1.41084,1.00,1.19
2014.09.08 01:42:57.208,1.4107,1.41085,1.00,1.19
2014.09.08 01:43:03.309,1.4107,1.41084,1.00,1.19
2014.09.08 01:43:05.837,1.41072,1.41084,1.00,1.19
2014.09.08 01:43:05.939,1.4107,1.41084,1.00,1.19
2014.09.08 01:43:08.352,1.41071,1.41084,1.00,1.19
2014.09.08 01:43:08.858,1.41072,1.41084,1.00,1.19
2014.09.08 01:43:10.464,1.41072,1.41085,1.00,1.19
2014.09.08 01:43:13.425,1.41072,1.41086,1.00,1.19
2014.09.08 01:43:13.927,1.41072,1.41089,1.00,1.19
2014.09.08 01:43:14.079,1.41075,1.41089,1.00,1.19
2014.09.08 01:43:14.131,1.41075,1.41091,1.00,1.69
2014.09.08 01:43:14.181,1.41077,1.41091,1.00,1.19
2014.09.08 01:43:14.435,1.41076,1.41092,1.00,1.25
2014.09.08 01:43:15.447,1.41076,1.41094,1.00,1.19
2014.09.08 01:43:16.165,1.41074,1.41094,1.37,1.19
2014.09.08 01:43:16.697,1.41074,1.41093,1.12,1.19
2014.09.08 01:43:16.748,1.41074,1.41095,1.12,1.19
2014.09.08 01:43:18.099,1.41074,1.41095,1.37,1.19
2014.09.08 01:43:18.251,1.41077,1.41095,1.00,1.19
2014.09.08 01:43:19.464,1.41077,1.41095,1.00,1.19
2014.09.08 01:43:22.470,1.41077,1.41095,1.00,1.19
2014.09.08 01:43:22.571,1.41073,1.41095,2.62,1.19
2014.09.08 01:43:23.102,1.41073,1.41093,1.50,1.19
2014.09.08 01:43:23.987,1.41073,1.41092,1.00,1.19
2014.09.08 01:43:25.639,1.41074,1.41092,1.00,1.19
2014.09.08 01:43:25.742,1.41072,1.41092,1.00,1.19
2014.09.08 01:43:26.279,1.41072,1.41091,1.00,1.19
2014.09.08 01:43:26.482,1.41072,1.41087,1.00,1.19
2014.09.08 01:43:26.534,1.41068,1.41087,1.00,1.19
2014.09.08 01:43:26.635,1.41066,1.41086,1.00,1.19
2014.09.08 01:43:26.686,1.41066,1.41082,1.00,1.19
2014.09.08 01:43:26.839,1.41064,1.41082,1.00,1.19
2014.09.08 01:43:27.193,1.41062,1.41081,1.00,1.19
2014.09.08 01:43:27.729,1.41063,1.41081,1.00,1.19
2014.09.08 01:43:28.038,1.41065,1.41081,1.00,1.19
2014.09.08 01:43:28.293,1.41063,1.41081,1.00,1.19
2014.09.08 01:43:28.397,1.41063,1.41083,1.00,1.19
2014.09.08 01:43:32.011,1.41063,1.41084,1.00,1.19
2014.09.08 01:43:34.001,1.41063,1.41082,1.00,1.19
2014.09.08 01:43:36.022,1.41063,1.41082,1.00,1.19
2014.09.08 01:43:37.019,1.41063,1.41082,1.00,1.19
2014.09.08 01:43:38.017,1.41063,1.41081,1.00,1.19
2014.09.08 01:43:39.623,1.41066,1.41081,1.00,1.19
2014.09.08 01:43:40.131,1.41066,1.41082,1.00,1.19
2014.09.08 01:43:41.163,1.41066,1.41084,1.00,1.19
2014.09.08 01:43:42.169,1.41066,1.41084,1.00,1.19
2014.09.08 01:43:50.351,1.41066,1.41083,1.00,1.19
2014.09.08 01:43:55.006,1.41066,1.41084,1.00,1.19
2014.09.08 01:43:57.970,1.41066,1.41084,1.00,1.19
2014.09.08 01:43:58.972,1.41066,1.41084,1.00,1.19
2014.09.08 01:44:00.015,1.41066,1.41084,1.00,1.19
2014.09.08 01:44:03.029,1.41066,1.41084,1.00,1.19
2014.09.08 01:44:04.988,1.41066,1.41083,1.00,1.19
2014.09.08 01:44:09.013,1.41066,1.41085,1.00,1.19
2014.09.08 01:44:12.051,1.41066,1.41083,1.00,1.25
2014.09.08 01:44:13.011,1.41066,1.41082,1.00,1.19
2014.09.08 01:44:26.134,1.41065,1.41082,1.00,1.19
2014.09.08 01:44:26.649,1.41065,1.41083,1.00,1.19
2014.09.08 01:44:29.151,1.41065,1.41084,1.00,1.19
2014.09.08 01:44:33.085,1.41066,1.41085,1.00,1.19
2014.09.08 01:44:33.654,1.41067,1.41085,1.00,1.19
2014.09.08 01:44:34.279,1.41067,1.41085,1.00,1.25
2014.09.08 01:44:42.191,1.41067,1.41089,1.00,1.25
2014.09.08 01:44:44.482,1.41068,1.41089,1.00,1.25
2014.09.08 01:44:47.102,1.41068,1.41091,1.00,1.69
2014.09.08 01:44:48.107,1.41068,1.41091,1.00,1.69
2014.09.08 01:44:50.112,1.41068,1.41091,1.00,1.31
2014.09.08 01:44:52.125,1.41068,1.41091,1.00,2.06
2014.09.08 01:44:54.351,1.41068,1.41091,1.00,2.06
2014.09.08 01:44:59.346,1.41068,1.41091,1.00,1.31
2014.09.08 01:45:00.358,1.41068,1.41091,1.00,2.06
2014.09.08 01:45:01.372,1.41068,1.41091,1.00,2.06
2014.09.08 01:45:02.391,1.41068,1.41091,1.00,1.31
2014.09.08 01:45:03.334,1.41067,1.41091,1.00,1.31
2014.09.08 01:45:03.673,1.41066,1.4109,1.00,1.19
2014.09.08 01:45:04.351,1.41066,1.41089,1.00,1.19
2014.09.08 01:45:05.006,1.41065,1.41089,1.12,1.19
2014.09.08 01:45:07.359,1.41065,1.4109,1.12,1.19
2014.09.08 01:45:08.959,1.41064,1.4109,1.87,1.19
2014.09.08 01:45:09.675,1.41064,1.41089,2.06,1.19
2014.09.08 01:45:10.605,1.41064,1.41087,1.00,1.19
2014.09.08 01:45:13.218,1.41064,1.41087,1.00,1.19
2014.09.08 01:45:14.496,1.41064,1.41087,1.00,1.69
2014.09.08 01:45:23.499,1.41064,1.41087,1.00,1.69
2014.09.08 01:45:24.502,1.41064,1.41087,1.00,1.19
2014.09.08 01:45:25.503,1.41064,1.41086,1.00,1.19
2014.09.08 01:45:27.509,1.41064,1.41086,1.00,1.69
2014.09.08 01:45:35.576,1.41064,1.41086,1.00,1.69
2014.09.08 01:45:45.553,1.41064,1.41085,1.00,1.19
2014.09.08 01:45:46.555,1.41064,1.41085,1.00,1.19
2014.09.08 01:45:49.602,1.41064,1.41086,1.00,2.44
2014.09.08 01:45:50.565,1.41064,1.41086,1.00,2.44
2014.09.08 01:45:51.568,1.41064,1.41085,1.00,1.19
2014.09.08 01:45:52.616,1.41064,1.41085,1.00,1.19
2014.09.08 01:45:54.596,1.41064,1.41085,1.00,1.19
2014.09.08 01:45:56.582,1.41064,1.41085,1.00,1.19
2014.09.08 01:45:58.588,1.41064,1.41085,1.00,1.69
2014.09.08 01:46:00.623,1.41064,1.41085,1.00,1.19
2014.09.08 01:46:03.728,1.41064,1.41085,1.00,1.19
2014.09.08 01:46:07.633,1.41064,1.41086,1.00,1.69
2014.09.08 01:46:11.764,1.41064,1.41085,1.00,1.19
2014.09.08 01:46:14.351,1.41063,1.41085,1.00,1.19
2014.09.08 01:46:19.581,1.41063,1.41084,1.00,1.19
2014.09.08 01:46:20.552,1.41063,1.41084,1.00,1.19
2014.09.08 01:46:23.751,1.41063,1.41084,1.00,1.19
2014.09.08 01:46:26.778,1.41063,1.41083,1.00,1.19
2014.09.08 01:46:28.766,1.41063,1.41083,1.00,1.19
2014.09.08 01:46:29.767,1.41063,1.41083,1.00,1.19
2014.09.08 01:46:30.534,1.41062,1.41083,1.00,1.19
2014.09.08 01:46:30.787,1.4106,1.41081,1.00,1.69
2014.09.08 01:46:31.091,1.41059,1.41078,1.00,2.44
2014.09.08 01:46:31.243,1.41055,1.41074,1.00,2.44
2014.09.08 01:46:31.496,1.41054,1.41072,1.50,1.19
2014.09.08 01:46:32.012,1.41053,1.41072,1.00,1.19
2014.09.08 01:46:33.037,1.41052,1.41072,1.50,1.19
2014.09.08 01:46:34.992,1.4105,1.41072,1.00,1.19
2014.09.08 01:46:35.408,1.41049,1.4107,1.50,1.19
2014.09.08 01:46:35.712,1.41051,1.4107,1.00,1.19
2014.09.08 01:46:35.915,1.41051,1.41072,1.50,1.19
2014.09.08 01:46:36.420,1.41051,1.41072,2.62,1.19
2014.09.08 01:46:37.709,1.41053,1.41074,1.00,1.19
2014.09.08 01:46:38.216,1.41054,1.41074,1.00,1.19
2014.09.08 01:46:39.301,1.41053,1.41074,2.25,1.19
2014.09.08 01:46:39.815,1.41053,1.41072,1.00,1.25
2014.09.08 01:46:40.501,1.41051,1.41071,1.12,1.19
2014.09.08 01:46:40.916,1.41049,1.4107,1.50,1.19
2014.09.08 01:46:41.497,1.4105,1.4107,1.00,1.19
2014.09.08 01:46:41.818,1.41048,1.4107,1.87,1.19
2014.09.08 01:46:41.920,1.41049,1.41068,1.00,1.19
2014.09.08 01:46:42.223,1.41051,1.41068,1.00,1.19
2014.09.08 01:46:42.426,1.41051,1.41069,1.00,1.25
2014.09.08 01:46:43.016,1.4105,1.41069,1.00,1.25
2014.09.08 01:46:43.219,1.41049,1.41068,1.00,2.44
2014.09.08 01:46:43.675,1.41047,1.41066,1.00,1.25
2014.09.08 01:46:43.776,1.41045,1.41066,1.87,1.25
2014.09.08 01:46:44.029,1.41048,1.41066,1.00,1.25
2014.09.08 01:46:44.535,1.41047,1.41068,1.00,1.19
2014.09.08 01:46:48.221,1.41047,1.41067,1.12,2.44
2014.09.08 01:46:50.336,1.41047,1.41065,1.00,2.44
2014.09.08 01:46:50.387,1.41044,1.41065,1.12,2.44
2014.09.08 01:46:50.438,1.41044,1.41063,1.00,2.44
2014.09.08 01:46:50.743,1.41041,1.4106,1.87,1.19
2014.09.08 01:46:52.538,1.41041,1.41062,1.87,1.19
2014.09.08 01:46:58.511,1.41041,1.41062,1.50,1.19
2014.09.08 01:46:59.042,1.41041,1.41061,1.00,1.19
2014.09.08 01:47:02.512,1.41041,1.4106,1.00,1.19
2014.09.08 01:47:04.467,1.41041,1.4106,1.00,1.25
2014.09.08 01:47:05.940,1.4104,1.4106,1.87,1.25
2014.09.08 01:47:09.488,1.4104,1.4106,1.00,1.19
2014.09.08 01:47:17.496,1.4104,1.41059,1.00,1.19
2014.09.08 01:47:18.498,1.4104,1.41059,1.00,1.25
2014.09.08 01:47:19.520,1.41037,1.41059,2.62,1.19
2014.09.08 01:47:20.091,1.41037,1.41059,1.37,1.19
2014.09.08 01:47:20.703,1.41038,1.41058,1.12,2.44
2014.09.08 01:47:21.282,1.41035,1.41057,1.00,1.25
2014.09.08 01:47:21.333,1.41035,1.41054,1.00,2.44
2014.09.08 01:47:21.490,1.41033,1.41054,1.50,2.44
2014.09.08 01:47:21.543,1.41033,1.41052,1.00,1.19
2014.09.08 01:47:21.746,1.41031,1.41052,1.87,1.19
2014.09.08 01:47:21.949,1.41028,1.41049,1.87,2.44
2014.09.08 01:47:22.455,1.41029,1.4105,1.00,1.19
2014.09.08 01:47:23.266,1.41029,1.41051,1.00,1.19
2014.09.08 01:47:23.570,1.41026,1.41049,1.87,1.19
2014.09.08 01:47:23.874,1.4103,1.41049,1.37,1.19
2014.09.08 01:47:23.925,1.4103,1.41054,1.87,1.00
2014.09.08 01:47:23.976,1.4103,1.41057,2.62,2.44
2014.09.08 01:47:24.027,1.4103,1.41055,2.81,2.44
2014.09.08 01:47:24.331,1.41033,1.41057,2.81,1.19
2014.09.08 01:47:26.174,1.41036,1.41057,1.00,1.19
2014.09.08 01:47:28.272,1.41036,1.41057,1.37,1.19
2014.09.08 01:47:28.784,1.41036,1.41057,1.37,1.19
2014.09.08 01:47:31.590,1.41036,1.41058,1.37,1.19
2014.09.08 01:47:34.552,1.41036,1.41059,1.37,1.19
2014.09.08 01:47:40.098,1.41038,1.41059,1.12,1.19
2014.09.08 01:47:40.450,1.41038,1.41059,1.37,1.19
2014.09.08 01:47:41.217,1.41038,1.41062,1.37,1.19
2014.09.08 01:47:46.023,1.4104,1.4106,1.12,1.19
2014.09.08 01:47:49.188,1.4104,1.41061,1.12,1.19
2014.09.08 01:47:53.220,1.4104,1.41063,1.12,1.19
2014.09.08 01:47:57.211,1.4104,1.41061,1.12,1.19
2014.09.08 01:48:03.231,1.4104,1.4106,1.12,1.19
2014.09.08 01:48:06.289,1.4104,1.4106,1.12,1.25
2014.09.08 01:48:08.244,1.4104,1.41059,1.12,1.19
2014.09.08 01:48:08.856,1.4104,1.41062,1.87,1.19
2014.09.08 01:48:08.957,1.41043,1.41062,1.00,1.19
2014.09.08 01:48:09.861,1.41043,1.41063,1.50,1.19
2014.09.08 01:48:13.385,1.41043,1.41061,1.00,1.25
2014.09.08 01:48:13.436,1.41041,1.41061,1.00,1.25
2014.09.08 01:48:14.396,1.41041,1.41061,1.00,1.19
2014.09.08 01:48:17.372,1.41041,1.41061,1.00,1.25
2014.09.08 01:48:18.382,1.41041,1.41061,1.00,1.19
2014.09.08 01:48:19.408,1.41041,1.41061,1.00,1.25
2014.09.08 01:48:20.376,1.41041,1.41061,1.00,1.19
2014.09.08 01:48:21.271,1.41039,1.41061,1.00,1.19
2014.09.08 01:48:22.181,1.41039,1.4106,1.00,1.19
2014.09.08 01:48:23.185,1.41039,1.4106,1.00,1.25
2014.09.08 01:48:24.724,1.41039,1.4106,1.00,1.19
2014.09.08 01:48:32.254,1.41039,1.41059,1.00,1.19
2014.09.08 01:48:33.256,1.41039,1.41058,1.00,1.19
2014.09.08 01:48:35.139,1.41039,1.4106,1.00,1.19
2014.09.08 01:48:46.854,1.41039,1.41058,1.00,1.19
2014.09.08 01:48:47.007,1.41033,1.41056,2.25,1.19
2014.09.08 01:48:47.059,1.41033,1.41053,1.00,1.19
2014.09.08 01:48:47.212,1.41031,1.41053,1.50,1.69
2014.09.08 01:48:47.668,1.41031,1.41051,1.00,1.19
2014.09.08 01:48:48.181,1.4103,1.41051,1.00,1.19
2014.09.08 01:48:48.731,1.41029,1.4105,1.12,1.19
2014.09.08 01:48:52.294,1.41029,1.41049,1.50,1.19
2014.09.08 01:48:53.263,1.41029,1.41049,1.50,1.25
2014.09.08 01:48:55.266,1.41029,1.41049,1.50,1.19
2014.09.08 01:48:56.269,1.41029,1.4105,1.50,1.19
2014.09.08 01:48:58.299,1.41029,1.41049,1.50,1.19
2014.09.08 01:48:59.278,1.41029,1.41049,1.50,1.25
2014.09.08 01:49:01.284,1.41029,1.41049,1.50,1.19
2014.09.08 01:49:09.301,1.41029,1.4105,1.00,1.19
2014.09.08 01:49:12.310,1.41029,1.41049,1.00,1.19
2014.09.08 01:49:21.329,1.41029,1.4105,1.00,2.44
2014.09.08 01:49:23.372,1.41029,1.41048,1.00,1.19
2014.09.08 01:49:23.955,1.41027,1.41048,1.37,1.19
2014.09.08 01:49:25.751,1.41027,1.41049,1.37,1.19
2014.09.08 01:49:28.665,1.41028,1.41049,1.37,1.19
2014.09.08 01:49:29.273,1.4103,1.4105,1.00,1.19
2014.09.08 01:49:32.483,1.4103,1.41049,1.00,1.19
2014.09.08 01:49:35.367,1.4103,1.41049,1.00,1.25
2014.09.08 01:49:36.370,1.4103,1.41049,1.00,1.19
2014.09.08 01:49:39.411,1.4103,1.41049,1.00,1.25
2014.09.08 01:49:44.388,1.4103,1.41051,1.00,1.19
2014.09.08 01:49:48.399,1.4103,1.4105,1.50,1.19
2014.09.08 01:49:50.405,1.4103,1.41051,1.00,1.19
2014.09.08 01:49:50.971,1.41029,1.41051,1.87,1.19
2014.09.08 01:49:51.776,1.41029,1.4105,1.87,1.19
2014.09.08 01:49:55.920,1.41029,1.41049,1.00,1.19
2014.09.08 01:49:56.834,1.41028,1.41049,1.00,1.19
2014.09.08 01:50:00.630,1.41028,1.41049,1.37,1.19
2014.09.08 01:50:01.934,1.41028,1.41049,1.00,1.19
2014.09.08 01:50:02.465,1.41027,1.41049,1.12,1.19
2014.09.08 01:50:02.997,1.41027,1.41049,1.37,1.19
2014.09.08 01:50:03.519,1.41026,1.41048,1.87,1.19
2014.09.08 01:50:03.570,1.41029,1.41051,1.00,1.19
2014.09.08 01:50:03.672,1.41031,1.41054,1.12,1.19
2014.09.08 01:50:05.086,1.41031,1.41052,2.25,2.44
2014.09.08 01:50:05.391,1.41028,1.41049,1.12,1.19
2014.09.08 01:50:05.900,1.41027,1.41049,2.25,1.19
2014.09.08 01:50:13.108,1.41027,1.4105,2.62,1.19
2014.09.08 01:50:16.079,1.41027,1.41049,2.62,1.19
2014.09.08 01:50:17.084,1.41027,1.4105,1.87,1.19
2014.09.08 01:50:18.084,1.41027,1.41049,2.62,1.19
2014.09.08 01:50:18.797,1.41028,1.41049,1.00,1.19
2014.09.08 01:50:25.103,1.41028,1.4105,1.00,2.44
2014.09.08 01:50:25.918,1.41027,1.41048,1.87,1.19
2014.09.08 01:50:28.896,1.41027,1.41048,2.62,1.19
2014.09.08 01:50:31.500,1.41027,1.41048,1.87,1.19
2014.09.08 01:50:32.033,1.41027,1.41048,2.62,1.19
2014.09.08 01:50:32.546,1.41027,1.41049,2.62,1.19
2014.09.08 01:50:37.139,1.41027,1.41048,2.25,1.19
2014.09.08 01:50:38.170,1.41027,1.41049,2.25,1.25
2014.09.08 01:50:39.146,1.41027,1.41048,2.25,1.19
2014.09.08 01:50:42.195,1.41027,1.41049,2.62,1.19
2014.09.08 01:50:44.159,1.41027,1.41048,2.62,1.19
2014.09.08 01:50:47.188,1.41026,1.41048,1.87,1.19
2014.09.08 01:50:47.877,1.41026,1.41048,1.87,1.19
2014.09.08 01:50:49.174,1.41026,1.41047,1.87,1.19
2014.09.08 01:50:51.194,1.41027,1.41048,1.12,1.19
2014.09.08 01:50:55.242,1.41026,1.41047,2.62,1.19
2014.09.08 01:50:59.204,1.41026,1.41048,1.87,1.19
2014.09.08 01:51:03.233,1.41026,1.41047,1.87,1.19
2014.09.08 01:51:06.547,1.41026,1.41047,1.50,1.19
2014.09.08 01:51:08.166,1.41026,1.41045,1.50,1.19
2014.09.08 01:51:08.217,1.41024,1.41043,1.50,1.00
2014.09.08 01:51:08.268,1.41024,1.41042,1.50,1.19
2014.09.08 01:51:08.571,1.41024,1.4104,1.00,1.19
2014.09.08 01:51:08.622,1.41019,1.4104,1.87,1.19
2014.09.08 01:51:09.138,1.41019,1.4104,1.00,1.19
2014.09.08 01:51:10.187,1.41019,1.41039,1.00,1.19
2014.09.08 01:51:10.357,1.4102,1.41042,1.00,1.19
2014.09.08 01:51:10.560,1.41021,1.41044,1.87,1.19
2014.09.08 01:51:10.611,1.41021,1.41044,1.87,1.19
2014.09.08 01:51:10.763,1.41024,1.41046,1.87,1.19
2014.09.08 01:51:11.956,1.41024,1.41046,2.62,1.19
2014.09.08 01:51:12.772,1.41024,1.41047,2.62,1.19
2014.09.08 01:51:24.309,1.41026,1.41047,1.12,1.25
2014.09.08 01:51:27.349,1.41026,1.41047,1.12,1.19
2014.09.08 01:51:31.926,1.41026,1.41047,1.87,1.19
2014.09.08 01:51:37.011,1.41026,1.41046,1.37,1.19
2014.09.08 01:51:38.979,1.41026,1.41047,1.37,1.19
2014.09.08 01:51:43.021,1.41026,1.41046,1.37,1.19
2014.09.08 01:51:44.996,1.41026,1.41046,1.37,1.25
2014.09.08 01:51:46.000,1.41026,1.41048,1.37,1.19
2014.09.08 01:51:47.002,1.41026,1.41046,1.37,1.19
2014.09.08 01:51:49.011,1.41026,1.41047,1.37,1.19
2014.09.08 01:51:53.023,1.41026,1.41046,1.37,1.19
2014.09.08 01:51:54.578,1.41026,1.41046,1.12,1.19
2014.09.08 01:51:55.089,1.41026,1.41045,1.12,1.19
2014.09.08 01:51:55.808,1.41026,1.41045,1.37,1.19
2014.09.08 01:51:56.314,1.41026,1.41045,1.12,1.19
2014.09.08 01:51:57.073,1.41026,1.41046,1.12,1.19
2014.09.08 01:51:58.047,1.41026,1.41045,1.12,1.19
2014.09.08 01:51:59.060,1.41026,1.41046,1.12,1.19
2014.09.08 01:52:10.071,1.41025,1.41047,1.37,1.19
2014.09.08 01:52:11.110,1.41025,1.41046,1.37,1.19
2014.09.08 01:52:23.856,1.41025,1.41046,1.87,1.19
2014.09.08 01:52:24.399,1.41025,1.41046,1.87,1.25
2014.09.08 01:52:25.218,1.41025,1.41046,1.87,1.19
2014.09.08 01:52:31.564,1.41024,1.41044,1.37,1.25
2014.09.08 01:52:32.070,1.41024,1.41044,1.37,1.25
2014.09.08 01:52:32.627,1.41024,1.41044,1.37,1.19
2014.09.08 01:52:33.137,1.41024,1.41044,1.37,1.19
2014.09.08 01:52:33.556,1.41025,1.41044,1.37,1.19
2014.09.08 01:52:34.111,1.41026,1.41044,1.37,1.19
2014.09.08 01:52:34.366,1.41026,1.41046,1.12,1.19
2014.09.08 01:52:36.246,1.41026,1.41046,1.37,1.19
2014.09.08 01:52:37.040,1.41026,1.41046,1.12,1.19
2014.09.08 01:52:39.043,1.41026,1.41046,1.37,1.19
2014.09.08 01:52:39.175,1.41025,1.41046,1.00,1.19
2014.09.08 01:52:39.701,1.41024,1.41045,1.87,1.19
2014.09.08 01:52:43.585,1.41024,1.41045,1.87,1.25
2014.09.08 01:52:45.590,1.41024,1.41045,1.37,1.19
2014.09.08 01:52:49.595,1.41024,1.41046,1.37,1.19
2014.09.08 01:52:52.991,1.41024,1.41046,1.00,1.19
2014.09.08 01:52:53.042,1.41024,1.41042,1.00,1.19
2014.09.08 01:52:53.447,1.41024,1.4104,1.00,1.19
2014.09.08 01:52:53.498,1.4102,1.4104,1.00,1.19
2014.09.08 01:52:54.349,1.41019,1.4104,1.00,1.19
2014.09.08 01:52:55.373,1.41018,1.4104,1.00,1.19
2014.09.08 01:52:55.878,1.41018,1.41039,1.00,1.19
2014.09.08 01:53:01.621,1.41018,1.41038,1.00,1.19
2014.09.08 01:53:05.201,1.41017,1.41038,1.87,1.19
2014.09.08 01:53:05.733,1.41017,1.41038,1.87,1.19
2014.09.08 01:53:08.642,1.41018,1.41039,1.87,1.19
2014.09.08 01:53:13.653,1.41018,1.41039,1.12,1.25
2014.09.08 01:53:14.656,1.41017,1.41038,2.62,1.19
2014.09.08 01:53:20.089,1.41019,1.41038,1.00,1.19
2014.09.08 01:53:20.596,1.41018,1.41039,1.50,1.19
2014.09.08 01:53:20.798,1.41018,1.41043,1.50,1.19
2014.09.08 01:53:20.899,1.41022,1.41042,1.50,1.19
2014.09.08 01:53:21.203,1.41019,1.41042,1.00,1.19
2014.09.08 01:53:21.405,1.41022,1.41042,1.00,1.19
2014.09.08 01:53:21.923,1.41023,1.41043,1.00,1.19
2014.09.08 01:53:22.513,1.41023,1.41045,1.00,1.19
2014.09.08 01:53:24.904,1.41023,1.41043,1.00,1.19
2014.09.08 01:53:25.056,1.41021,1.41043,1.50,1.19
2014.09.08 01:53:25.159,1.41023,1.41043,1.00,1.19
2014.09.08 01:53:25.311,1.41023,1.41045,1.00,1.19
2014.09.08 01:53:25.927,1.41023,1.41043,1.12,1.19
2014.09.08 01:53:26.447,1.41023,1.41044,2.62,1.19
2014.09.08 01:53:26.804,1.41023,1.41044,2.62,1.19
2014.09.08 01:53:27.110,1.41025,1.41046,1.37,1.19
2014.09.08 01:53:34.264,1.41025,1.41046,1.12,1.19
2014.09.08 01:53:44.037,1.41024,1.41047,1.87,1.19
2014.09.08 01:53:45.039,1.41024,1.41046,1.87,1.19
2014.09.08 01:53:46.078,1.41024,1.41045,1.87,1.19
2014.09.08 01:54:02.204,1.41023,1.41042,1.87,1.19
2014.09.08 01:54:02.407,1.41023,1.41044,1.37,1.69
2014.09.08 01:54:03.890,1.41021,1.41043,2.25,1.19
2014.09.08 01:54:05.696,1.41021,1.41045,2.81,1.19
2014.09.08 01:54:06.685,1.41023,1.41045,1.37,1.19
2014.09.08 01:54:15.114,1.41022,1.41044,1.87,1.19
2014.09.08 01:54:16.137,1.41022,1.41048,1.37,1.19
2014.09.08 01:54:16.238,1.41021,1.41046,2.06,1.19
2014.09.08 01:54:16.877,1.41021,1.41046,2.06,1.19
2014.09.08 01:54:18.223,1.41021,1.41048,2.06,3.19
2014.09.08 01:54:19.178,1.41022,1.41048,1.62,3.19
2014.09.08 01:54:20.163,1.41022,1.41046,1.62,1.19
2014.09.08 01:54:21.264,1.41022,1.41048,1.56,3.19
2014.09.08 01:54:21.836,1.41022,1.41046,1.62,1.19
2014.09.08 01:54:22.084,1.41022,1.41046,1.62,1.19
2014.09.08 01:54:23.126,1.41023,1.41046,1.37,1.19
2014.09.08 01:54:23.829,1.41023,1.41047,1.62,1.69
2014.09.08 01:54:24.835,1.41023,1.41047,1.62,1.69
2014.09.08 01:54:25.346,1.41023,1.41047,1.62,1.69
2014.09.08 01:54:26.149,1.41023,1.41046,1.37,1.19
2014.09.08 01:54:28.149,1.41023,1.41045,1.37,1.19
2014.09.08 01:54:30.702,1.41022,1.41045,2.62,1.19
2014.09.08 01:54:31.089,1.41022,1.41043,1.50,1.19
2014.09.08 01:54:31.393,1.41021,1.41041,1.12,1.19
2014.09.08 01:54:33.311,1.41018,1.41041,2.62,1.19
2014.09.08 01:54:35.242,1.41018,1.4104,2.62,1.25
2014.09.08 01:54:39.182,1.41018,1.4104,2.62,1.19
2014.09.08 01:54:41.413,1.41019,1.4104,1.87,1.19
2014.09.08 01:54:43.234,1.41019,1.4104,1.87,1.25
2014.09.08 01:54:44.197,1.41019,1.4104,1.87,1.19
2014.09.08 01:54:45.244,1.41019,1.41041,1.37,1.19
2014.09.08 01:54:45.346,1.4102,1.41043,1.37,1.19
2014.09.08 01:54:45.447,1.41021,1.41043,1.37,1.19
2014.09.08 01:54:45.652,1.41019,1.41043,2.81,1.19
2014.09.08 01:54:45.703,1.41019,1.41041,2.81,1.19
2014.09.08 01:54:45.858,1.41019,1.41041,2.06,1.19
2014.09.08 01:54:45.959,1.41019,1.41041,1.62,1.19
2014.09.08 01:54:50.763,1.41019,1.41042,1.37,1.19
2014.09.08 01:54:56.635,1.41017,1.41043,2.81,1.19
2014.09.08 01:54:56.964,1.41017,1.41043,2.06,1.19
2014.09.08 01:54:57.834,1.41017,1.41042,1.87,1.19
2014.09.08 01:54:58.865,1.41018,1.41042,1.37,1.69
2014.09.08 01:54:58.966,1.41018,1.41042,1.37,1.69
2014.09.08 01:54:59.941,1.41018,1.41042,1.37,1.69
2014.09.08 01:55:00.943,1.41018,1.41042,1.37,1.69
2014.09.08 01:55:03.951,1.41018,1.41042,1.37,1.69
2014.09.08 01:55:04.953,1.41018,1.41042,1.87,1.19
2014.09.08 01:55:05.957,1.41018,1.41043,1.87,1.19
2014.09.08 01:55:08.063,1.41018,1.41043,2.06,1.25
2014.09.08 01:55:08.399,1.41018,1.41042,1.87,1.19
2014.09.08 01:55:09.137,1.41018,1.41042,1.87,1.19
2014.09.08 01:55:09.955,1.41018,1.41042,1.87,1.19
2014.09.08 01:55:10.970,1.41018,1.41042,2.06,1.19
2014.09.08 01:55:11.973,1.41018,1.41042,1.87,1.19
2014.09.08 01:55:13.208,1.41018,1.41042,1.37,1.69
2014.09.08 01:55:13.987,1.41017,1.41041,1.87,1.19
2014.09.08 01:55:18.839,1.41017,1.41042,1.87,1.69
2014.09.08 01:55:19.841,1.41017,1.4104,1.87,1.19
2014.09.08 01:55:20.399,1.41017,1.4104,1.37,1.19
2014.09.08 01:55:20.909,1.41016,1.4104,1.12,1.69
2014.09.08 01:55:21.749,1.41014,1.41037,1.37,1.19
2014.09.08 01:55:22.784,1.41015,1.41038,1.37,1.19
2014.09.08 01:55:23.425,1.41016,1.41038,1.37,1.19
2014.09.08 01:55:23.979,1.41018,1.41038,1.37,1.19
2014.09.08 01:55:24.549,1.41018,1.41039,1.37,1.19
2014.09.08 01:55:25.659,1.41018,1.4104,1.37,1.19
2014.09.08 01:55:26.708,1.41018,1.4104,1.00,1.19
2014.09.08 01:55:42.140,1.41018,1.41041,1.00,1.19
2014.09.08 01:55:43.626,1.41018,1.41041,1.00,1.19
2014.09.08 01:55:44.901,1.41018,1.4104,1.00,1.19
2014.09.08 01:55:45.487,1.41016,1.4104,2.06,1.19
2014.09.08 01:55:46.405,1.41016,1.4104,1.87,1.19
2014.09.08 01:55:59.114,1.41017,1.41041,1.31,1.19
2014.09.08 01:56:05.430,1.41017,1.4104,1.12,1.19
2014.09.08 01:56:06.633,1.41017,1.4104,1.12,1.19
2014.09.08 01:56:06.981,1.41017,1.41038,1.12,1.19
2014.09.08 01:56:07.837,1.41017,1.41039,1.12,1.19
2014.09.08 01:56:10.092,1.41018,1.41039,1.00,1.19
2014.09.08 01:56:19.726,1.41016,1.41039,3.37,1.19
2014.09.08 01:56:20.663,1.41016,1.41038,3.37,1.19
2014.09.08 01:56:26.093,1.41016,1.41038,1.87,1.19
2014.09.08 01:56:32.137,1.41016,1.41037,1.87,1.19
2014.09.08 01:56:33.337,1.41016,1.41041,1.87,1.19
2014.09.08 01:56:33.640,1.41016,1.41039,1.87,1.19
2014.09.08 01:56:34.894,1.41016,1.4104,1.87,1.19
2014.09.08 01:56:35.216,1.41022,1.41042,1.00,1.19
2014.09.08 01:56:35.318,1.41019,1.41042,2.06,1.19
2014.09.08 01:56:36.330,1.41019,1.41041,2.06,1.19
2014.09.08 01:56:37.526,1.41019,1.41042,2.06,1.19
2014.09.08 01:56:40.007,1.41019,1.4104,2.06,1.19
2014.09.08 01:56:43.614,1.41019,1.41041,2.06,1.19
2014.09.08 01:56:44.416,1.41019,1.4104,2.06,1.19
2014.09.08 01:56:45.465,1.41019,1.41039,2.06,1.19
2014.09.08 01:56:46.821,1.41019,1.41038,2.06,1.19
2014.09.08 01:56:47.641,1.4102,1.41038,1.00,1.19
2014.09.08 01:56:52.233,1.4102,1.41039,1.00,1.19
2014.09.08 01:56:55.540,1.4102,1.4104,1.00,1.19
2014.09.08 01:56:59.156,1.4102,1.41041,1.00,1.19
2014.09.08 01:57:04.560,1.4102,1.4104,1.00,1.19
2014.09.08 01:57:04.948,1.4102,1.41038,1.00,1.19
2014.09.08 01:57:07.571,1.4102,1.41039,1.00,1.25
2014.09.08 01:57:08.974,1.4102,1.41039,1.87,1.25
2014.09.08 01:57:09.025,1.4102,1.41045,1.87,1.19
2014.09.08 01:57:09.076,1.4102,1.41042,2.62,1.19
2014.09.08 01:57:09.904,1.41018,1.4104,2.44,1.19
2014.09.08 01:57:11.233,1.41018,1.4104,2.06,1.19
2014.09.08 01:57:15.574,1.41018,1.4104,1.37,1.19
2014.09.08 01:57:15.625,1.41018,1.41037,1.37,1.19
2014.09.08 01:57:15.675,1.41018,1.41037,1.00,1.19
2014.09.08 01:57:15.726,1.41018,1.41035,1.00,1.19
2014.09.08 01:57:15.878,1.41015,1.41035,1.31,1.19
2014.09.08 01:57:16.404,1.41014,1.41035,1.37,1.19
2014.09.08 01:57:18.041,1.41016,1.41037,1.12,1.19
2014.09.08 01:57:19.667,1.41016,1.41036,1.37,1.25
2014.09.08 01:57:22.611,1.41016,1.41036,1.37,1.19
2014.09.08 01:57:27.900,1.41019,1.41036,1.00,1.19
2014.09.08 01:57:28.516,1.4102,1.41035,1.00,1.19
2014.09.08 01:57:31.350,1.41019,1.41035,1.00,1.19
2014.09.08 01:57:31.878,1.41018,1.41035,1.00,1.19
2014.09.08 01:57:32.678,1.41018,1.41035,1.00,1.25
2014.09.08 01:57:33.188,1.41019,1.41035,1.00,1.25
2014.09.08 01:57:33.952,1.41019,1.41034,1.00,1.19
2014.09.08 01:57:35.171,1.41019,1.41035,1.00,1.19
2014.09.08 01:57:35.680,1.41018,1.41035,1.00,1.19
2014.09.08 01:57:36.944,1.41019,1.41035,1.00,1.19
2014.09.08 01:57:45.180,1.41019,1.41033,1.00,1.19
2014.09.08 01:57:46.776,1.41019,1.41034,1.00,1.19
2014.09.08 01:57:49.622,1.41019,1.41035,1.00,1.19
2014.09.08 01:57:51.278,1.41019,1.41034,1.00,1.19
2014.09.08 01:57:55.688,1.41019,1.41034,1.00,1.25
2014.09.08 01:57:56.691,1.41019,1.41034,1.00,1.19
2014.09.08 01:58:00.230,1.41019,1.41033,1.00,1.19
2014.09.08 01:58:02.983,1.41018,1.41033,1.00,1.19
2014.09.08 01:58:04.440,1.41021,1.41033,1.00,1.19
2014.09.08 01:58:04.643,1.41021,1.41035,1.00,1.19
2014.09.08 01:58:04.845,1.41022,1.4104,1.00,1.00
2014.09.08 01:58:04.897,1.41025,1.41041,1.00,1.00
2014.09.08 01:58:05.201,1.41029,1.41042,1.00,1.19
2014.09.08 01:58:05.404,1.41024,1.41042,1.00,1.19
2014.09.08 01:58:05.657,1.41026,1.41041,1.00,1.19
2014.09.08 01:58:05.978,1.41028,1.41041,1.00,1.19
2014.09.08 01:58:06.437,1.41027,1.41043,1.00,1.19
2014.09.08 01:58:07.002,1.41028,1.41043,1.00,1.19
2014.09.08 01:58:07.513,1.41027,1.41043,1.00,1.19
2014.09.08 01:58:08.062,1.41028,1.41043,1.00,1.19
2014.09.08 01:58:09.240,1.41028,1.41044,1.00,1.19
2014.09.08 01:58:10.228,1.41028,1.41045,1.00,1.19
2014.09.08 01:58:12.342,1.41027,1.41045,1.00,1.19
2014.09.08 01:58:12.935,1.41027,1.41042,1.00,1.25
2014.09.08 01:58:13.971,1.41027,1.41042,1.00,1.19
2014.09.08 01:58:14.942,1.41027,1.41044,1.00,1.19
2014.09.08 01:58:15.544,1.41028,1.41044,1.00,1.19
2014.09.08 01:58:23.558,1.41028,1.41045,1.00,1.19
2014.09.08 01:58:25.802,1.41028,1.41044,1.00,1.19
2014.09.08 01:58:26.347,1.41029,1.41044,1.00,1.19
2014.09.08 01:58:27.222,1.41029,1.41045,1.00,1.19
2014.09.08 01:58:29.471,1.41029,1.41045,1.00,1.25
2014.09.08 01:58:31.275,1.41029,1.41045,1.00,1.19
2014.09.08 01:58:34.784,1.41029,1.41044,1.00,1.19
2014.09.08 01:58:36.389,1.41029,1.41044,1.00,1.25
2014.09.08 01:58:40.944,1.41029,1.41046,1.00,1.19
2014.09.08 01:58:42.200,1.41029,1.41047,1.00,1.19
2014.09.08 01:58:56.161,1.41029,1.41046,1.00,1.19
2014.09.08 01:58:56.262,1.41031,1.41046,1.00,1.19
2014.09.08 01:58:57.766,1.41032,1.41046,1.00,1.19
2014.09.08 01:58:58.078,1.41034,1.41046,1.00,1.19
2014.09.08 01:58:58.908,1.41033,1.41046,1.00,1.19
2014.09.08 01:58:59.459,1.41033,1.41048,1.00,1.19
2014.09.08 01:59:05.513,1.41033,1.41049,1.00,1.19
2014.09.08 01:59:05.615,1.41035,1.41051,1.00,1.19
2014.09.08 01:59:05.919,1.41038,1.41051,1.00,1.19
2014.09.08 01:59:06.607,1.41037,1.41053,1.00,1.19
2014.09.08 01:59:06.810,1.41033,1.41051,1.00,1.19
2014.09.08 01:59:06.912,1.41031,1.41048,1.00,1.19
2014.09.08 01:59:07.439,1.41032,1.41048,1.00,1.19
2014.09.08 01:59:07.996,1.41031,1.41049,1.00,1.19
2014.09.08 01:59:09.178,1.41031,1.41048,1.00,1.19
2014.09.08 01:59:13.952,1.41032,1.41048,1.00,1.19
2014.09.08 01:59:14.492,1.41032,1.41047,1.00,1.19
2014.09.08 01:59:19.602,1.41032,1.41049,1.00,1.19
2014.09.08 01:59:25.417,1.41032,1.41047,1.00,1.19
2014.09.08 01:59:25.909,1.41034,1.41047,1.00,1.19
2014.09.08 01:59:26.439,1.41035,1.41047,1.00,1.19
2014.09.08 01:59:26.520,1.41035,1.4105,1.00,1.19
2014.09.08 01:59:31.274,1.41035,1.41053,1.00,1.25
2014.09.08 01:59:31.375,1.41035,1.41051,1.00,1.19
2014.09.08 01:59:31.543,1.41033,1.41051,1.00,1.19
2014.09.08 01:59:32.411,1.41035,1.41051,1.00,1.19
2014.09.08 01:59:32.925,1.41035,1.4105,1.00,1.19
2014.09.08 01:59:33.438,1.41036,1.4105,1.00,1.19
2014.09.08 01:59:34.217,1.41035,1.4105,1.00,1.19
2014.09.08 01:59:38.053,1.41035,1.41051,1.00,1.19
2014.09.08 01:59:39.197,1.41035,1.41049,1.00,1.19
2014.09.08 01:59:39.740,1.41036,1.41049,1.00,1.19
2014.09.08 01:59:41.604,1.41036,1.41048,1.00,1.19
2014.09.08 01:59:41.874,1.41036,1.41055,1.00,1.69
2014.09.08 01:59:41.976,1.41036,1.41051,1.00,1.19
2014.09.08 01:59:43.169,1.41036,1.41052,1.00,1.19
2014.09.08 01:59:44.260,1.41035,1.41052,1.00,1.19
2014.09.08 01:59:45.218,1.41035,1.41051,1.00,1.19
2014.09.08 01:59:47.686,1.41035,1.41051,1.00,1.25
2014.09.08 01:59:50.286,1.41035,1.41053,1.00,1.19
2014.09.08 01:59:54.596,1.41035,1.41051,1.00,1.19
2014.09.08 01:59:55.369,1.41036,1.41051,1.00,1.19
2014.09.08 01:59:57.231,1.41036,1.41054,1.50,1.19
2014.09.08 01:59:57.383,1.41039,1.41054,1.00,1.19
2014.09.08 01:59:57.485,1.41039,1.41056,1.50,1.19
2014.09.08 01:59:57.639,1.4104,1.41058,1.00,1.19
2014.09.08 01:59:57.791,1.41044,1.41058,1.00,1.19
2014.09.08 01:59:57.944,1.41044,1.4106,1.00,1.19
2014.09.08 01:59:58.157,1.4104,1.4106,1.00,1.19
2014.09.08 01:59:58.522,1.4104,1.41056,1.00,1.19
2014.09.08 01:59:58.573,1.41037,1.41056,1.00,1.19
