2015.01.22 05:00:00.246,1.43408,1.43437,1.00,1.00
2015.01.22 05:00:00.760,1.43409,1.43437,1.00,1.00
2015.01.22 05:00:01.708,1.43409,1.43437,1.87,1.37
2015.01.22 05:00:02.058,1.43409,1.43437,1.50,1.37
2015.01.22 05:00:02.583,1.43409,1.43437,1.50,1.37
2015.01.22 05:00:05.638,1.43411,1.43437,1.00,1.37
2015.01.22 05:00:08.622,1.43411,1.43437,1.00,1.37
2015.01.22 05:00:08.849,1.43409,1.43437,1.50,1.37
2015.01.22 05:00:09.509,1.43409,1.43437,1.50,1.37
2015.01.22 05:00:09.610,1.43412,1.43437,1.00,1.37
2015.01.22 05:00:10.124,1.43412,1.43437,1.00,1.37
2015.01.22 05:00:10.275,1.43408,1.43436,1.50,2.25
2015.01.22 05:00:10.816,1.43409,1.43432,1.00,1.37
2015.01.22 05:00:11.731,1.43409,1.43432,1.00,1.37
2015.01.22 05:00:11.796,1.43407,1.43432,1.00,1.37
2015.01.22 05:00:12.268,1.43407,1.43432,1.00,1.12
2015.01.22 05:00:12.633,1.43407,1.43432,1.00,1.37
2015.01.22 05:00:12.936,1.4341,1.43432,1.00,1.12
2015.01.22 05:00:13.038,1.43407,1.43432,1.00,1.12
2015.01.22 05:00:13.435,1.43406,1.43432,1.00,1.37
2015.01.22 05:00:14.440,1.43406,1.43432,1.00,1.87
2015.01.22 05:00:15.687,1.43409,1.43432,1.00,1.37
2015.01.22 05:00:15.889,1.43404,1.43432,1.00,1.37
2015.01.22 05:00:16.429,1.43403,1.43432,1.00,1.37
2015.01.22 05:00:16.844,1.43403,1.43432,1.00,1.50
2015.01.22 05:00:17.374,1.43404,1.43431,1.00,1.37
2015.01.22 05:00:17.476,1.43404,1.43431,1.00,1.12
2015.01.22 05:00:17.627,1.43409,1.43431,1.00,1.12
2015.01.22 05:00:17.861,1.43407,1.43431,1.00,1.12
2015.01.22 05:00:18.069,1.43407,1.43431,1.00,1.37
2015.01.22 05:00:18.238,1.43402,1.43431,1.37,1.37
2015.01.22 05:00:18.290,1.43397,1.43427,1.20,1.37
2015.01.22 05:00:18.391,1.43397,1.43427,1.10,1.75
2015.01.22 05:00:18.696,1.43395,1.43423,1.00,1.00
2015.01.22 05:00:18.797,1.43393,1.43423,1.00,1.00
2015.01.22 05:00:18.898,1.43393,1.43421,1.00,1.00
2015.01.22 05:00:19.202,1.43396,1.43426,1.00,1.00
2015.01.22 05:00:19.303,1.43398,1.43426,1.00,1.00
2015.01.22 05:00:19.405,1.43396,1.43425,1.00,1.50
2015.01.22 05:00:19.455,1.43396,1.43422,1.00,1.00
2015.01.22 05:00:20.166,1.43396,1.43422,1.00,1.37
2015.01.22 05:00:20.268,1.43396,1.43422,1.00,1.37
2015.01.22 05:00:20.577,1.43396,1.4342,1.00,1.37
2015.01.22 05:00:21.385,1.43395,1.43419,1.00,1.37
2015.01.22 05:00:22.618,1.43387,1.43419,1.37,1.37
2015.01.22 05:00:22.669,1.43387,1.43418,1.12,1.37
2015.01.22 05:00:22.771,1.43384,1.43417,1.37,1.00
2015.01.22 05:00:22.873,1.43384,1.43417,1.37,2.62
2015.01.22 05:00:23.075,1.43384,1.43417,1.37,2.25
2015.01.22 05:00:23.676,1.43381,1.43417,1.87,2.62
2015.01.22 05:00:23.878,1.43381,1.43417,1.87,2.62
2015.01.22 05:00:24.414,1.43381,1.43417,1.50,2.62
2015.01.22 05:00:25.808,1.43381,1.43415,1.50,1.00
2015.01.22 05:00:25.909,1.43378,1.43415,1.37,1.00
2015.01.22 05:00:27.367,1.43378,1.43415,1.00,1.12
2015.01.22 05:00:28.306,1.43379,1.43417,1.00,2.62
2015.01.22 05:00:28.841,1.43378,1.43417,1.00,2.62
2015.01.22 05:00:34.383,1.43379,1.43415,1.00,1.12
2015.01.22 05:00:34.892,1.43379,1.43414,1.00,1.00
2015.01.22 05:00:38.683,1.43379,1.43411,1.00,1.00
2015.01.22 05:00:38.986,1.43379,1.43407,1.00,1.87
2015.01.22 05:00:39.296,1.43373,1.43404,1.00,1.37
2015.01.22 05:00:39.448,1.4337,1.43402,1.00,1.31
2015.01.22 05:00:39.701,1.43366,1.434,2.25,1.50
2015.01.22 05:00:40.245,1.43366,1.43399,1.00,1.12
2015.01.22 05:00:40.792,1.43365,1.43399,1.50,1.12
2015.01.22 05:00:40.843,1.43366,1.43397,1.00,1.00
2015.01.22 05:00:44.026,1.43365,1.43397,1.50,1.00
2015.01.22 05:00:46.386,1.43366,1.43397,1.00,1.00
2015.01.22 05:00:47.194,1.43365,1.43397,1.50,1.00
2015.01.22 05:00:48.256,1.43365,1.43398,1.87,1.00
2015.01.22 05:00:48.586,1.43367,1.43399,1.50,1.87
2015.01.22 05:00:50.446,1.43367,1.43399,1.37,1.00
2015.01.22 05:00:50.770,1.43368,1.43399,1.37,1.00
2015.01.22 05:00:53.555,1.43369,1.434,1.37,1.00
2015.01.22 05:00:54.720,1.43369,1.434,1.12,1.00
2015.01.22 05:00:57.759,1.43367,1.43398,1.37,1.00
2015.01.22 05:00:58.224,1.43367,1.43398,1.37,1.00
2015.01.22 05:00:58.520,1.43367,1.43398,1.00,1.00
2015.01.22 05:01:03.168,1.43367,1.43398,2.62,1.00
2015.01.22 05:01:03.564,1.43372,1.43403,1.37,1.57
2015.01.22 05:01:03.766,1.43372,1.43406,2.62,1.00
2015.01.22 05:01:03.948,1.43375,1.43406,1.37,1.00
2015.01.22 05:01:05.205,1.43377,1.43409,1.12,1.12
2015.01.22 05:01:05.660,1.43381,1.43409,1.37,1.00
2015.01.22 05:01:05.711,1.43386,1.43414,1.00,1.37
2015.01.22 05:01:05.812,1.43386,1.43415,1.00,1.00
2015.01.22 05:01:05.863,1.43386,1.43418,1.37,1.00
2015.01.22 05:01:05.964,1.43387,1.4342,1.37,1.00
2015.01.22 05:01:06.268,1.43389,1.43424,1.00,1.95
2015.01.22 05:01:11.718,1.4339,1.43424,1.00,1.00
2015.01.22 05:01:14.346,1.43391,1.43424,1.00,1.00
2015.01.22 05:01:14.548,1.4339,1.43418,1.00,1.00
2015.01.22 05:01:14.852,1.43381,1.43407,1.00,1.00
2015.01.22 05:01:15.175,1.43379,1.43407,1.00,1.00
2015.01.22 05:01:15.388,1.43381,1.43407,1.00,1.00
2015.01.22 05:01:15.897,1.43381,1.4341,1.00,1.50
2015.01.22 05:01:15.948,1.43385,1.4341,1.00,1.50
2015.01.22 05:01:16.049,1.43385,1.43413,1.00,1.87
2015.01.22 05:01:16.716,1.43385,1.43415,1.00,1.00
2015.01.22 05:01:17.029,1.43386,1.43418,1.00,1.00
2015.01.22 05:01:17.563,1.43386,1.43419,1.50,1.00
2015.01.22 05:01:20.348,1.43387,1.43419,1.00,1.00
2015.01.22 05:01:21.148,1.43386,1.43419,1.12,1.00
2015.01.22 05:01:22.009,1.43386,1.4342,1.12,1.00
2015.01.22 05:01:22.060,1.43388,1.4342,1.00,1.00
2015.01.22 05:01:22.632,1.43389,1.4342,1.12,1.00
2015.01.22 05:01:24.259,1.43391,1.4342,1.00,1.00
2015.01.22 05:01:25.073,1.4339,1.4342,1.00,1.00
2015.01.22 05:01:28.430,1.4339,1.43421,1.00,1.00
2015.01.22 05:01:28.784,1.43392,1.43421,1.00,1.00
2015.01.22 05:01:30.165,1.43395,1.43421,1.00,1.00
2015.01.22 05:01:30.267,1.43395,1.43427,1.12,1.87
2015.01.22 05:01:30.318,1.43396,1.43427,1.37,1.00
2015.01.22 05:01:30.369,1.43398,1.43429,1.00,1.00
2015.01.22 05:01:30.470,1.43396,1.43426,1.37,1.00
2015.01.22 05:01:30.572,1.43397,1.43429,1.12,1.12
2015.01.22 05:01:30.622,1.43397,1.43429,1.12,1.37
2015.01.22 05:01:31.485,1.43397,1.43429,1.12,1.37
2015.01.22 05:01:32.888,1.43397,1.43429,1.00,1.50
2015.01.22 05:01:33.209,1.43393,1.43423,1.00,1.50
2015.01.22 05:01:33.310,1.43391,1.43423,1.00,1.87
2015.01.22 05:01:33.850,1.4339,1.43422,1.00,1.37
2015.01.22 05:01:34.144,1.4339,1.43422,1.00,1.37
2015.01.22 05:01:34.548,1.43388,1.43422,1.87,1.37
2015.01.22 05:01:36.514,1.43388,1.43422,1.87,1.37
2015.01.22 05:01:36.873,1.43386,1.43412,1.00,1.00
2015.01.22 05:01:37.277,1.43393,1.43413,1.00,1.00
2015.01.22 05:01:37.328,1.43393,1.43415,1.00,1.00
2015.01.22 05:01:37.379,1.43388,1.43415,1.00,1.00
2015.01.22 05:01:37.897,1.43387,1.43415,1.00,1.00
2015.01.22 05:01:41.615,1.43387,1.43418,1.00,1.37
2015.01.22 05:01:42.366,1.43387,1.43418,1.00,1.12
2015.01.22 05:01:42.884,1.43387,1.43418,1.00,1.37
2015.01.22 05:01:44.529,1.43387,1.43418,1.00,1.12
2015.01.22 05:01:48.729,1.43387,1.4342,1.00,1.87
2015.01.22 05:01:50.916,1.43386,1.43419,2.62,1.12
2015.01.22 05:01:51.441,1.43386,1.43419,2.62,1.37
2015.01.22 05:01:56.276,1.43386,1.4342,1.50,1.12
2015.01.22 05:01:57.054,1.43387,1.4342,1.00,1.12
2015.01.22 05:01:57.206,1.43389,1.43422,1.00,1.12
2015.01.22 05:01:57.711,1.43388,1.43423,1.50,1.37
2015.01.22 05:01:58.575,1.43388,1.43423,1.87,1.00
2015.01.22 05:01:59.084,1.43388,1.43423,1.50,1.00
2015.01.22 05:02:00.815,1.43388,1.43413,1.00,1.00
2015.01.22 05:02:01.118,1.43384,1.43409,1.00,1.00
2015.01.22 05:02:01.169,1.43384,1.43417,1.00,2.62
2015.01.22 05:02:01.220,1.43388,1.43417,1.00,1.00
2015.01.22 05:02:01.422,1.43388,1.43419,1.50,1.50
2015.01.22 05:02:09.851,1.43389,1.43419,1.87,1.00
2015.01.22 05:02:13.876,1.4339,1.43413,1.00,1.00
2015.01.22 05:02:14.179,1.4339,1.43416,1.00,1.50
2015.01.22 05:02:14.281,1.43389,1.43419,1.00,1.50
2015.01.22 05:02:14.785,1.4339,1.43419,1.10,1.00
2015.01.22 05:02:19.857,1.43389,1.43419,1.12,1.00
2015.01.22 05:02:20.933,1.43391,1.43419,1.00,1.00
2015.01.22 05:02:21.044,1.43389,1.43419,1.87,1.00
2015.01.22 05:02:21.195,1.43389,1.43421,1.87,1.00
2015.01.22 05:02:21.709,1.43399,1.43422,1.00,1.00
2015.01.22 05:02:22.215,1.434,1.43423,1.00,1.37
2015.01.22 05:02:22.367,1.43398,1.43423,1.00,1.37
2015.01.22 05:02:22.469,1.434,1.43426,1.00,1.12
2015.01.22 05:02:22.978,1.43401,1.43426,1.00,1.00
2015.01.22 05:02:24.878,1.43401,1.43426,1.00,1.37
2015.01.22 05:02:25.286,1.43404,1.43432,1.12,1.87
2015.01.22 05:02:25.488,1.43405,1.43436,1.00,1.50
2015.01.22 05:02:25.791,1.43401,1.43433,3.00,1.00
2015.01.22 05:02:25.893,1.43401,1.43433,2.62,1.00
2015.01.22 05:02:26.215,1.43401,1.43433,2.25,2.25
2015.01.22 05:02:26.266,1.43401,1.43433,2.25,1.87
2015.01.22 05:02:27.905,1.43401,1.43433,1.50,2.62
2015.01.22 05:02:29.006,1.43401,1.43433,1.50,2.62
2015.01.22 05:02:29.107,1.43402,1.43433,1.47,1.50
2015.01.22 05:02:29.428,1.43402,1.43433,1.47,1.87
2015.01.22 05:02:34.284,1.43403,1.43436,1.12,2.25
2015.01.22 05:02:41.423,1.43402,1.43435,1.47,1.37
2015.01.22 05:02:45.173,1.43403,1.43435,1.12,1.37
2015.01.22 05:02:46.686,1.43403,1.43436,1.37,1.87
2015.01.22 05:02:57.731,1.43405,1.43436,1.37,1.37
2015.01.22 05:03:13.937,1.43412,1.43436,1.00,1.00
2015.01.22 05:03:13.988,1.43412,1.4344,1.00,1.12
2015.01.22 05:03:14.038,1.43415,1.4344,1.37,1.00
2015.01.22 05:03:14.090,1.43415,1.43446,1.37,1.37
2015.01.22 05:03:14.243,1.43415,1.43446,1.47,1.00
2015.01.22 05:03:15.312,1.43415,1.43446,1.10,1.00
2015.01.22 05:03:18.253,1.43414,1.43446,1.50,1.37
2015.01.22 05:03:18.455,1.43414,1.43446,1.87,1.37
2015.01.22 05:03:19.345,1.43414,1.43446,1.50,1.37
2015.01.22 05:03:20.545,1.43415,1.43446,1.10,1.00
2015.01.22 05:03:20.596,1.43416,1.43449,1.00,1.37
2015.01.22 05:03:21.130,1.43416,1.43446,1.00,1.50
2015.01.22 05:03:21.434,1.43415,1.43443,1.00,1.00
2015.01.22 05:03:21.484,1.43413,1.43443,1.12,1.00
2015.01.22 05:03:22.339,1.43414,1.43443,1.00,1.00
2015.01.22 05:03:23.014,1.43412,1.43443,1.87,1.50
2015.01.22 05:03:24.652,1.43412,1.43443,1.87,1.87
2015.01.22 05:03:28.684,1.43412,1.43443,1.87,2.62
2015.01.22 05:03:30.427,1.43411,1.43441,1.87,1.00
2015.01.22 05:03:30.967,1.43411,1.4344,1.87,1.00
2015.01.22 05:03:35.002,1.43411,1.43441,1.87,1.00
2015.01.22 05:03:36.541,1.43411,1.43442,1.87,1.12
2015.01.22 05:03:38.191,1.43411,1.43441,1.87,1.00
2015.01.22 05:03:40.729,1.43411,1.4344,1.00,1.87
2015.01.22 05:03:41.033,1.43404,1.43435,1.87,1.37
2015.01.22 05:03:41.336,1.43403,1.43433,1.12,2.62
2015.01.22 05:03:45.337,1.43402,1.43432,1.50,1.87
2015.01.22 05:03:45.934,1.43401,1.43431,1.00,1.00
2015.01.22 05:03:46.551,1.434,1.4343,1.00,1.00
2015.01.22 05:03:48.152,1.43402,1.4343,1.00,1.00
2015.01.22 05:03:48.416,1.434,1.4343,1.00,1.00
2015.01.22 05:03:49.657,1.434,1.4343,1.00,1.37
2015.01.22 05:03:50.641,1.43401,1.4343,1.00,1.37
2015.01.22 05:03:51.192,1.43402,1.4343,1.00,1.37
2015.01.22 05:03:53.361,1.43402,1.4343,1.00,1.00
2015.01.22 05:03:53.433,1.43399,1.4343,1.50,1.00
2015.01.22 05:03:53.957,1.43399,1.4343,1.87,1.87
2015.01.22 05:03:54.511,1.434,1.43431,1.12,1.87
2015.01.22 05:03:58.819,1.434,1.43431,1.00,1.87
2015.01.22 05:04:00.186,1.434,1.43428,1.00,1.00
2015.01.22 05:04:00.693,1.43398,1.43428,1.95,1.00
2015.01.22 05:04:01.234,1.43398,1.43428,1.95,1.12
2015.01.22 05:04:02.887,1.43398,1.43428,1.95,1.37
2015.01.22 05:04:03.426,1.43398,1.43428,1.47,1.50
2015.01.22 05:04:07.620,1.43398,1.43427,1.47,1.00
2015.01.22 05:04:08.899,1.43398,1.43427,1.47,1.00
2015.01.22 05:04:10.304,1.43398,1.43427,1.47,1.00
2015.01.22 05:04:10.905,1.43398,1.43427,1.47,1.12
2015.01.22 05:04:11.679,1.43398,1.43427,1.47,1.00
2015.01.22 05:04:12.911,1.43398,1.43427,1.47,1.12
2015.01.22 05:04:15.327,1.43398,1.43427,1.47,1.00
2015.01.22 05:04:16.944,1.43398,1.43427,1.47,1.12
2015.01.22 05:04:17.619,1.43398,1.43427,1.47,1.00
2015.01.22 05:04:18.962,1.43398,1.43427,1.47,1.12
2015.01.22 05:04:19.599,1.43398,1.43427,1.47,1.00
2015.01.22 05:04:20.941,1.43398,1.43427,1.47,1.12
2015.01.22 05:04:21.582,1.43398,1.43427,1.47,1.00
2015.01.22 05:04:22.951,1.43398,1.43427,1.47,1.12
2015.01.22 05:04:23.561,1.43398,1.43427,1.47,1.00
2015.01.22 05:04:24.953,1.43398,1.43427,1.47,1.12
2015.01.22 05:04:25.562,1.43398,1.43427,1.47,1.00
2015.01.22 05:04:26.984,1.43398,1.43427,1.47,1.12
2015.01.22 05:04:27.544,1.43398,1.43427,1.47,1.00
2015.01.22 05:04:28.970,1.43398,1.43427,1.10,1.00
2015.01.22 05:04:29.475,1.43398,1.43427,1.47,1.00
2015.01.22 05:04:31.002,1.43398,1.43427,1.20,1.12
2015.01.22 05:04:31.507,1.43398,1.43427,1.47,1.00
2015.01.22 05:04:32.968,1.43398,1.43427,1.20,1.12
2015.01.22 05:04:33.487,1.43398,1.43427,1.47,1.00
2015.01.22 05:04:35.015,1.43398,1.43427,1.10,1.00
2015.01.22 05:04:35.609,1.43398,1.43427,1.47,1.00
2015.01.22 05:04:36.880,1.43398,1.43427,1.20,1.12
2015.01.22 05:04:37.447,1.43398,1.43427,1.47,1.00
2015.01.22 05:04:38.884,1.43398,1.43427,1.20,1.12
2015.01.22 05:04:39.390,1.43398,1.43427,1.47,1.00
2015.01.22 05:04:40.925,1.43398,1.43427,1.20,1.12
2015.01.22 05:04:46.129,1.43398,1.43425,1.12,1.00
2015.01.22 05:04:46.914,1.43398,1.43425,1.37,1.00
2015.01.22 05:04:55.031,1.43397,1.43428,1.95,1.50
2015.01.22 05:04:55.920,1.43397,1.43428,1.95,1.87
2015.01.22 05:04:57.562,1.43397,1.43426,1.95,1.00
2015.01.22 05:04:59.007,1.43397,1.43425,1.95,1.00
2015.01.22 05:04:59.565,1.43397,1.43425,1.95,1.00
2015.01.22 05:05:02.054,1.43398,1.43425,1.37,1.00
2015.01.22 05:05:13.402,1.43398,1.43424,1.37,1.00
2015.01.22 05:05:14.081,1.43398,1.43425,1.37,1.00
2015.01.22 05:05:15.161,1.43398,1.43427,1.37,1.00
2015.01.22 05:05:18.923,1.43398,1.43427,1.37,1.00
2015.01.22 05:05:22.681,1.43398,1.43425,1.87,1.00
2015.01.22 05:05:25.052,1.43398,1.43425,1.87,1.00
2015.01.22 05:05:43.346,1.43396,1.43425,2.70,1.00
2015.01.22 05:05:44.572,1.43396,1.43427,1.47,1.12
2015.01.22 05:05:44.674,1.43396,1.43425,1.47,1.00
2015.01.22 05:05:45.371,1.43396,1.43424,1.47,1.00
2015.01.22 05:05:46.410,1.43396,1.43425,1.47,1.00
2015.01.22 05:05:46.663,1.43396,1.43427,1.47,1.50
2015.01.22 05:05:46.865,1.43396,1.43424,1.47,1.00
2015.01.22 05:05:48.500,1.43396,1.43425,1.47,1.00
2015.01.22 05:05:48.930,1.43397,1.43427,2.62,1.00
2015.01.22 05:05:50.978,1.43397,1.43427,3.00,1.00
2015.01.22 05:05:54.190,1.43397,1.43427,2.62,1.00
2015.01.22 05:05:55.775,1.43397,1.43425,2.62,1.00
2015.01.22 05:05:58.426,1.43397,1.43425,3.00,1.00
2015.01.22 05:05:59.716,1.434,1.4343,1.37,1.00
2015.01.22 05:06:03.561,1.434,1.43429,1.37,1.00
2015.01.22 05:06:07.193,1.434,1.43428,1.37,1.00
2015.01.22 05:06:08.059,1.434,1.43428,1.37,1.00
2015.01.22 05:06:08.606,1.43399,1.43427,1.37,1.00
2015.01.22 05:06:09.849,1.43399,1.43429,1.37,1.00
2015.01.22 05:06:10.420,1.434,1.43429,2.25,1.12
2015.01.22 05:06:11.627,1.43405,1.43431,1.00,1.87
2015.01.22 05:06:11.849,1.43403,1.43431,1.00,1.87
2015.01.22 05:06:11.951,1.43409,1.43431,1.00,1.00
2015.01.22 05:06:12.457,1.43409,1.43434,1.00,1.37
2015.01.22 05:06:12.819,1.43406,1.43434,1.00,1.37
2015.01.22 05:06:13.326,1.43405,1.43434,1.00,1.37
2015.01.22 05:06:15.137,1.43405,1.43434,1.00,1.37
2015.01.22 05:06:17.042,1.43405,1.43434,1.00,1.37
2015.01.22 05:06:17.264,1.43405,1.43434,1.00,1.37
2015.01.22 05:06:17.721,1.43404,1.43427,1.00,1.00
2015.01.22 05:06:17.772,1.43401,1.43426,1.10,1.00
2015.01.22 05:06:17.879,1.43396,1.43425,1.00,1.00
2015.01.22 05:06:18.083,1.43392,1.43425,1.87,1.00
2015.01.22 05:06:18.184,1.43396,1.43425,1.10,1.00
2015.01.22 05:06:18.387,1.43396,1.43428,1.10,1.00
2015.01.22 05:06:18.741,1.43397,1.43431,1.57,1.12
2015.01.22 05:06:19.380,1.43397,1.43431,1.57,1.37
2015.01.22 05:06:20.044,1.43397,1.43427,1.50,1.00
2015.01.22 05:06:20.347,1.43392,1.43426,1.87,1.37
2015.01.22 05:06:20.652,1.43395,1.43427,1.00,1.87
2015.01.22 05:06:21.121,1.43395,1.43427,1.87,1.12
2015.01.22 05:06:21.925,1.43396,1.43429,1.12,1.37
2015.01.22 05:06:22.381,1.43397,1.4343,1.87,1.12
2015.01.22 05:06:23.113,1.434,1.43428,1.00,1.50
2015.01.22 05:06:23.214,1.43398,1.43428,1.50,1.37
2015.01.22 05:06:23.316,1.43397,1.4343,1.37,1.37
2015.01.22 05:06:23.823,1.43399,1.43431,1.00,1.37
2015.01.22 05:06:23.975,1.43401,1.43431,1.00,1.12
2015.01.22 05:06:24.650,1.43399,1.43431,1.37,1.12
2015.01.22 05:06:24.968,1.43402,1.43431,1.50,1.37
2015.01.22 05:06:26.296,1.43402,1.43431,1.50,1.12
2015.01.22 05:06:29.841,1.43401,1.43431,1.87,1.00
2015.01.22 05:06:31.587,1.43402,1.43431,1.00,1.00
2015.01.22 05:06:33.275,1.43401,1.43431,1.12,1.00
2015.01.22 05:06:33.823,1.43402,1.43431,1.00,1.00
2015.01.22 05:06:37.558,1.43399,1.43431,1.57,1.00
2015.01.22 05:06:37.957,1.43401,1.43431,1.00,1.00
2015.01.22 05:06:38.403,1.43399,1.43431,1.10,1.50
2015.01.22 05:06:38.706,1.43401,1.43431,1.00,1.00
2015.01.22 05:06:41.395,1.43399,1.43431,1.00,1.50
2015.01.22 05:06:41.667,1.43401,1.43431,1.00,1.00
2015.01.22 05:06:42.609,1.43399,1.43431,1.00,1.50
2015.01.22 05:06:42.766,1.434,1.43431,1.00,1.87
2015.01.22 05:06:42.867,1.434,1.43431,1.37,1.50
2015.01.22 05:06:43.378,1.434,1.43431,1.00,1.00
2015.01.22 05:06:43.709,1.43402,1.43431,1.00,1.00
2015.01.22 05:06:43.968,1.434,1.43431,1.00,1.00
2015.01.22 05:06:44.370,1.43402,1.43431,1.00,1.00
2015.01.22 05:06:48.193,1.43402,1.43433,1.00,1.12
2015.01.22 05:06:48.729,1.43403,1.43434,1.00,1.37
2015.01.22 05:06:49.253,1.43402,1.43432,1.00,1.00
2015.01.22 05:06:49.780,1.43402,1.43434,1.00,1.37
2015.01.22 05:06:52.679,1.43403,1.43434,1.00,1.37
2015.01.22 05:06:53.321,1.43402,1.43434,1.00,1.87
2015.01.22 05:06:53.827,1.43401,1.43434,1.00,2.62
2015.01.22 05:06:53.882,1.43403,1.43434,1.00,1.87
2015.01.22 05:06:54.308,1.43401,1.43432,1.00,1.00
2015.01.22 05:06:54.712,1.43403,1.43434,1.00,1.87
2015.01.22 05:06:55.198,1.43401,1.43432,1.37,1.00
2015.01.22 05:06:55.622,1.43403,1.43434,1.00,1.87
2015.01.22 05:06:56.167,1.43401,1.43433,1.37,1.00
2015.01.22 05:06:56.685,1.43403,1.43434,1.00,1.87
2015.01.22 05:06:57.337,1.43401,1.43433,1.37,1.00
2015.01.22 05:06:57.861,1.43403,1.43434,1.00,1.50
2015.01.22 05:06:58.304,1.43401,1.43433,1.12,1.00
2015.01.22 05:06:58.690,1.43403,1.43434,1.00,1.50
2015.01.22 05:06:59.011,1.43401,1.43433,1.12,1.00
2015.01.22 05:06:59.324,1.43403,1.43434,1.00,1.00
2015.01.22 05:06:59.944,1.43402,1.43433,1.12,1.00
2015.01.22 05:07:00.831,1.43402,1.43434,1.00,1.37
2015.01.22 05:07:01.342,1.434,1.43432,1.12,1.50
2015.01.22 05:07:01.544,1.43402,1.43432,1.00,1.00
2015.01.22 05:07:01.697,1.434,1.43432,1.12,1.00
2015.01.22 05:07:05.893,1.434,1.4343,1.00,1.00
2015.01.22 05:07:06.441,1.43398,1.4343,1.87,1.00
2015.01.22 05:07:17.234,1.43399,1.4343,1.37,1.00
2015.01.22 05:07:18.436,1.43399,1.4343,1.00,1.00
2015.01.22 05:07:20.392,1.43409,1.4343,1.00,1.00
2015.01.22 05:07:20.443,1.43409,1.43437,1.37,1.50
2015.01.22 05:07:20.647,1.43414,1.43439,1.12,1.00
2015.01.22 05:07:21.121,1.43414,1.43442,1.12,1.00
2015.01.22 05:07:21.475,1.43414,1.43444,1.12,1.00
2015.01.22 05:07:22.081,1.43414,1.43445,1.37,1.00
2015.01.22 05:07:22.601,1.43416,1.43446,1.12,1.00
2015.01.22 05:07:26.097,1.43416,1.43446,1.37,1.00
2015.01.22 05:07:26.639,1.43416,1.43445,1.37,1.00
2015.01.22 05:07:26.841,1.43416,1.43448,1.37,1.12
2015.01.22 05:07:26.942,1.43416,1.43446,1.37,1.00
2015.01.22 05:07:27.464,1.43417,1.43445,1.37,1.00
2015.01.22 05:07:27.970,1.43417,1.43445,1.37,1.00
2015.01.22 05:07:28.172,1.43417,1.43448,1.37,1.12
2015.01.22 05:07:28.278,1.43417,1.43446,1.37,1.00
2015.01.22 05:07:31.760,1.43417,1.43446,1.12,1.00
2015.01.22 05:07:32.297,1.43417,1.43446,1.37,1.00
2015.01.22 05:07:33.132,1.43417,1.43449,1.37,1.12
2015.01.22 05:07:33.233,1.43417,1.43447,1.37,1.00
2015.01.22 05:07:37.595,1.43417,1.43447,1.37,1.12
2015.01.22 05:07:47.707,1.43417,1.43447,1.37,1.00
2015.01.22 05:07:49.028,1.43417,1.43447,1.37,1.00
2015.01.22 05:07:58.305,1.43417,1.43447,1.37,1.00
2015.01.22 05:08:00.827,1.43417,1.43447,1.37,1.37
2015.01.22 05:08:01.945,1.43416,1.43447,2.25,1.00
2015.01.22 05:08:02.513,1.43421,1.43448,1.12,1.12
2015.01.22 05:08:03.041,1.43421,1.43448,1.37,1.00
2015.01.22 05:08:04.716,1.43418,1.43448,1.87,1.37
2015.01.22 05:08:14.838,1.43418,1.43447,1.37,1.00
2015.01.22 05:08:17.354,1.43418,1.43447,1.37,1.00
2015.01.22 05:08:20.634,1.43418,1.43445,1.37,1.00
2015.01.22 05:08:25.596,1.43417,1.43445,1.12,1.00
2015.01.22 05:08:25.748,1.43417,1.43445,1.37,1.00
2015.01.22 05:08:33.858,1.43416,1.43445,1.37,1.00
2015.01.22 05:08:36.939,1.43417,1.43446,1.37,1.00
2015.01.22 05:08:44.893,1.43418,1.43446,1.00,1.00
2015.01.22 05:08:45.462,1.43416,1.43446,1.37,1.00
2015.01.22 05:08:47.395,1.43416,1.43446,1.37,1.00
2015.01.22 05:08:51.082,1.43415,1.43446,1.87,1.00
2015.01.22 05:08:53.585,1.43415,1.43446,1.87,1.00
2015.01.22 05:09:07.506,1.43415,1.43446,1.37,1.00
2015.01.22 05:09:08.052,1.43415,1.43445,1.87,1.00
2015.01.22 05:09:18.624,1.43415,1.43445,1.87,1.00
2015.01.22 05:09:19.249,1.43415,1.43445,1.87,1.00
2015.01.22 05:09:21.563,1.43416,1.43445,1.37,1.00
2015.01.22 05:09:25.382,1.43416,1.43445,1.37,1.00
2015.01.22 05:09:26.152,1.43416,1.43445,1.37,1.00
2015.01.22 05:09:30.163,1.43417,1.43446,1.37,1.00
2015.01.22 05:09:30.676,1.43417,1.43446,1.00,1.00
2015.01.22 05:09:31.484,1.43417,1.43447,1.00,1.00
2015.01.22 05:09:32.246,1.43416,1.43447,1.12,1.00
2015.01.22 05:09:33.567,1.43416,1.43448,1.12,1.50
2015.01.22 05:09:36.710,1.43417,1.43448,1.00,1.50
2015.01.22 05:09:37.426,1.43416,1.43448,1.12,1.50
2015.01.22 05:09:37.940,1.43417,1.43448,1.00,1.50
2015.01.22 05:09:38.450,1.43417,1.43448,1.87,1.87
2015.01.22 05:09:39.573,1.43417,1.43448,1.12,1.87
2015.01.22 05:09:46.410,1.43416,1.43448,1.87,2.62
2015.01.22 05:09:46.948,1.43416,1.43448,1.37,2.25
2015.01.22 05:09:49.001,1.43416,1.43448,1.37,1.50
2015.01.22 05:09:49.770,1.43415,1.43447,1.37,1.00
2015.01.22 05:09:55.426,1.43416,1.43448,1.37,1.50
2015.01.22 05:09:56.520,1.43416,1.43448,1.12,2.62
2015.01.22 05:10:00.406,1.43416,1.43447,1.12,1.00
2015.01.22 05:10:00.635,1.43414,1.43446,1.87,1.00
2015.01.22 05:10:00.837,1.43414,1.43446,1.87,1.12
2015.01.22 05:10:01.202,1.43414,1.43447,2.25,1.00
2015.01.22 05:10:01.738,1.43414,1.43447,2.62,1.00
2015.01.22 05:10:02.278,1.43414,1.43447,2.62,1.87
2015.01.22 05:10:11.005,1.43414,1.43445,1.87,1.00
2015.01.22 05:10:17.125,1.43416,1.43445,1.37,1.00
2015.01.22 05:10:17.687,1.43416,1.43445,1.37,1.00
2015.01.22 05:10:18.784,1.43416,1.43447,1.37,1.12
2015.01.22 05:10:28.946,1.43415,1.43446,1.37,1.00
2015.01.22 05:10:37.106,1.43414,1.43446,1.87,1.12
2015.01.22 05:10:39.414,1.43414,1.43446,1.87,2.25
2015.01.22 05:10:39.734,1.43404,1.43431,1.00,1.50
2015.01.22 05:10:39.785,1.434,1.43431,1.37,1.50
2015.01.22 05:10:40.099,1.43399,1.43431,1.50,1.50
2015.01.22 05:10:40.201,1.43396,1.43429,2.62,1.50
2015.01.22 05:10:40.405,1.43396,1.43426,1.87,1.00
2015.01.22 05:10:42.113,1.43397,1.43426,1.00,1.00
2015.01.22 05:10:45.205,1.43399,1.43426,1.00,1.00
2015.01.22 05:10:45.745,1.43398,1.43426,1.75,1.00
2015.01.22 05:10:50.618,1.43398,1.4343,1.87,1.00
2015.01.22 05:11:01.093,1.43399,1.4343,1.87,1.00
2015.01.22 05:11:01.929,1.43397,1.43429,1.50,1.00
2015.01.22 05:11:02.472,1.43397,1.43428,1.50,1.00
2015.01.22 05:11:03.007,1.43397,1.43428,1.50,1.00
2015.01.22 05:11:06.700,1.43397,1.43428,1.50,1.00
2015.01.22 05:11:07.259,1.43399,1.43428,1.37,1.00
2015.01.22 05:11:12.742,1.43398,1.43428,1.37,1.00
2015.01.22 05:11:13.251,1.43398,1.43428,1.00,1.00
2015.01.22 05:11:15.351,1.43398,1.43428,1.37,1.00
2015.01.22 05:11:16.365,1.43395,1.43427,1.47,1.12
2015.01.22 05:11:16.568,1.43395,1.43427,1.47,1.50
2015.01.22 05:11:16.872,1.43395,1.43424,1.37,1.00
2015.01.22 05:11:17.502,1.43395,1.43424,1.12,1.00
2015.01.22 05:11:19.614,1.43397,1.43424,1.00,1.50
2015.01.22 05:11:19.917,1.43391,1.43419,1.50,1.00
2015.01.22 05:11:20.019,1.43389,1.43419,1.37,1.00
2015.01.22 05:11:20.120,1.43389,1.4342,1.75,1.00
2015.01.22 05:11:20.221,1.43389,1.4342,1.87,1.00
2015.01.22 05:11:20.775,1.43391,1.43421,1.10,1.50
2015.01.22 05:11:21.598,1.43389,1.43421,1.50,2.25
2015.01.22 05:11:21.699,1.43391,1.43421,1.00,2.25
2015.01.22 05:11:22.154,1.43389,1.43421,1.87,1.87
2015.01.22 05:11:22.256,1.43391,1.43421,1.00,1.87
2015.01.22 05:11:22.564,1.43391,1.43421,1.37,2.25
2015.01.22 05:11:23.120,1.43393,1.43421,1.37,1.00
2015.01.22 05:11:23.221,1.43393,1.43424,1.87,1.00
2015.01.22 05:11:23.780,1.43393,1.43425,1.87,1.50
2015.01.22 05:11:24.230,1.43393,1.43425,2.62,1.00
2015.01.22 05:11:24.584,1.43396,1.43427,1.00,1.00
2015.01.22 05:11:25.150,1.43396,1.43426,1.00,1.12
2015.01.22 05:11:25.687,1.43396,1.43427,1.37,1.00
2015.01.22 05:11:26.752,1.43396,1.43427,1.37,1.00
2015.01.22 05:11:29.283,1.43397,1.43428,1.37,1.00
2015.01.22 05:11:29.593,1.434,1.4343,1.37,1.00
2015.01.22 05:11:29.846,1.43401,1.43432,1.37,1.00
2015.01.22 05:11:30.656,1.43401,1.43432,1.87,1.00
2015.01.22 05:11:30.757,1.43401,1.43434,1.00,1.50
2015.01.22 05:11:30.909,1.434,1.43431,1.00,1.00
2015.01.22 05:11:31.825,1.43398,1.43431,1.87,1.00
2015.01.22 05:11:33.402,1.43397,1.43429,1.47,1.00
2015.01.22 05:11:33.503,1.43397,1.43429,1.20,1.50
2015.01.22 05:11:33.604,1.43396,1.43427,1.12,1.00
2015.01.22 05:11:34.115,1.43396,1.43426,1.00,1.00
2015.01.22 05:11:34.419,1.43393,1.43423,1.12,1.00
2015.01.22 05:11:34.924,1.43392,1.43422,1.87,1.00
2015.01.22 05:11:35.626,1.43392,1.43422,1.87,1.00
2015.01.22 05:11:36.132,1.43392,1.43421,1.12,1.00
2015.01.22 05:11:37.093,1.43393,1.43421,1.00,1.00
2015.01.22 05:11:37.598,1.43392,1.43421,1.00,1.00
2015.01.22 05:11:40.324,1.43389,1.43421,1.37,1.00
2015.01.22 05:11:40.425,1.43391,1.43421,1.37,1.00
2015.01.22 05:11:40.843,1.43395,1.43422,1.00,1.00
2015.01.22 05:11:41.353,1.43394,1.43422,1.12,1.00
2015.01.22 05:11:42.053,1.43396,1.43422,1.00,1.00
2015.01.22 05:11:45.321,1.43396,1.43424,1.00,1.00
2015.01.22 05:11:50.118,1.43397,1.43426,1.00,2.62
2015.01.22 05:11:50.320,1.43399,1.43426,1.00,2.62
2015.01.22 05:11:50.708,1.434,1.43431,1.12,1.87
2015.01.22 05:11:50.911,1.43398,1.43431,1.00,1.00
2015.01.22 05:11:51.416,1.43398,1.43431,1.37,1.00
2015.01.22 05:11:51.921,1.43398,1.4343,1.87,1.00
2015.01.22 05:11:52.469,1.43398,1.43431,1.87,1.00
2015.01.22 05:11:53.027,1.43398,1.43429,1.37,1.00
2015.01.22 05:11:54.685,1.43398,1.43429,1.12,1.00
2015.01.22 05:11:55.012,1.43396,1.43427,1.87,1.00
2015.01.22 05:11:55.711,1.43396,1.43427,1.87,1.00
2015.01.22 05:11:56.920,1.43396,1.43427,1.87,1.00
2015.01.22 05:11:57.022,1.43396,1.43427,1.87,1.00
2015.01.22 05:11:57.123,1.43399,1.43427,1.00,1.50
2015.01.22 05:11:57.632,1.43397,1.43427,1.37,1.00
2015.01.22 05:11:58.447,1.43396,1.43427,1.37,1.00
2015.01.22 05:11:58.782,1.43396,1.43425,1.37,1.00
2015.01.22 05:12:00.641,1.43395,1.43425,1.37,1.00
2015.01.22 05:12:00.947,1.43395,1.43425,1.37,1.00
2015.01.22 05:12:03.729,1.43396,1.43425,1.00,1.00
2015.01.22 05:12:04.467,1.43395,1.43425,1.00,1.00
2015.01.22 05:12:05.773,1.43395,1.43425,1.37,1.00
2015.01.22 05:12:06.501,1.43394,1.43425,1.87,1.00
2015.01.22 05:12:07.742,1.43394,1.43425,1.87,1.00
2015.01.22 05:12:08.481,1.43394,1.43425,1.87,1.00
2015.01.22 05:12:09.747,1.43394,1.43425,1.87,1.00
2015.01.22 05:12:10.449,1.43394,1.43422,1.87,1.00
2015.01.22 05:12:10.500,1.43394,1.43422,1.50,1.00
2015.01.22 05:12:10.551,1.43391,1.43422,2.25,1.00
2015.01.22 05:12:15.924,1.43388,1.43422,2.25,1.87
2015.01.22 05:12:16.436,1.4339,1.43421,1.50,1.00
2015.01.22 05:12:16.537,1.43392,1.43422,1.37,1.50
2015.01.22 05:12:16.932,1.43392,1.43422,1.00,1.87
2015.01.22 05:12:17.083,1.43389,1.43419,1.00,1.00
2015.01.22 05:12:17.185,1.43385,1.43416,2.25,1.00
2015.01.22 05:12:17.236,1.43385,1.43416,1.87,1.12
2015.01.22 05:12:17.337,1.43382,1.43414,2.70,1.00
2015.01.22 05:12:17.640,1.43385,1.43416,1.37,1.12
2015.01.22 05:12:18.153,1.43385,1.43417,1.12,1.50
2015.01.22 05:12:28.874,1.43386,1.43417,1.00,1.12
2015.01.22 05:12:34.788,1.43384,1.43416,1.87,1.00
2015.01.22 05:12:38.872,1.43384,1.43416,1.87,1.00
2015.01.22 05:12:43.408,1.43384,1.43415,2.25,1.37
2015.01.22 05:12:43.712,1.43383,1.43413,1.00,3.37
2015.01.22 05:12:43.813,1.4338,1.43407,1.00,1.00
2015.01.22 05:12:44.116,1.43383,1.43409,1.00,1.00
2015.01.22 05:12:44.525,1.43383,1.43412,1.00,1.00
2015.01.22 05:12:44.627,1.4338,1.43412,1.00,1.87
2015.01.22 05:12:44.729,1.4338,1.43409,1.00,1.00
2015.01.22 05:12:45.133,1.43388,1.43411,1.00,1.12
2015.01.22 05:12:45.335,1.43387,1.43415,1.00,3.00
2015.01.22 05:12:45.935,1.43388,1.43415,1.00,2.25
2015.01.22 05:12:51.154,1.43389,1.43415,1.00,1.87
2015.01.22 05:12:54.971,1.43389,1.43414,1.00,1.00
2015.01.22 05:12:56.186,1.43385,1.43414,1.12,1.00
2015.01.22 05:12:56.237,1.43385,1.43411,1.00,1.37
2015.01.22 05:12:56.287,1.43382,1.43411,1.00,1.37
2015.01.22 05:12:56.389,1.43387,1.43409,1.00,1.00
2015.01.22 05:12:56.490,1.43387,1.43414,1.00,1.50
2015.01.22 05:13:01.587,1.43388,1.43414,1.00,1.00
2015.01.22 05:13:03.547,1.43388,1.43414,1.00,1.37
2015.01.22 05:13:03.799,1.4339,1.43414,1.00,1.00
2015.01.22 05:13:03.900,1.43393,1.43418,1.00,1.50
2015.01.22 05:13:04.002,1.43397,1.43418,1.00,1.00
2015.01.22 05:13:04.052,1.43397,1.43422,1.00,2.62
2015.01.22 05:13:04.153,1.43397,1.43422,1.00,2.62
2015.01.22 05:13:04.499,1.43399,1.43422,1.00,1.00
2015.01.22 05:13:06.051,1.43399,1.43424,1.00,1.00
2015.01.22 05:13:06.103,1.43403,1.43425,1.00,1.00
2015.01.22 05:13:06.305,1.43406,1.43429,1.00,1.50
2015.01.22 05:13:06.456,1.43406,1.43426,1.00,1.00
2015.01.22 05:13:06.507,1.43404,1.43426,1.00,1.00
2015.01.22 05:13:06.609,1.43401,1.43426,1.00,1.00
2015.01.22 05:13:07.145,1.43401,1.43425,1.00,1.00
2015.01.22 05:13:07.399,1.43399,1.43425,1.00,1.00
2015.01.22 05:13:10.198,1.43396,1.43425,1.00,1.37
2015.01.22 05:13:10.300,1.43392,1.43422,1.87,1.00
2015.01.22 05:13:10.814,1.43392,1.43422,1.00,1.00
2015.01.22 05:13:11.016,1.43391,1.43422,1.00,1.87
2015.01.22 05:13:12.069,1.43391,1.4342,1.00,1.87
2015.01.22 05:13:12.833,1.43391,1.43417,1.00,1.00
2015.01.22 05:13:13.436,1.4339,1.43419,1.00,1.37
2015.01.22 05:13:14.210,1.4339,1.43417,1.00,1.00
2015.01.22 05:13:16.197,1.4339,1.43417,1.00,2.62
2015.01.22 05:13:17.618,1.4339,1.43417,1.00,2.62
2015.01.22 05:13:22.327,1.43389,1.43417,1.00,2.62
2015.01.22 05:13:22.862,1.43388,1.43416,1.00,1.37
2015.01.22 05:13:25.518,1.43388,1.43416,1.00,1.12
2015.01.22 05:13:27.958,1.43389,1.43416,1.00,1.12
2015.01.22 05:13:33.078,1.43389,1.43417,1.00,1.87
2015.01.22 05:13:34.975,1.43389,1.43416,1.00,1.00
2015.01.22 05:13:35.279,1.43384,1.43412,1.00,1.37
2015.01.22 05:13:35.380,1.43381,1.43411,1.00,1.12
2015.01.22 05:13:35.482,1.43381,1.4341,1.00,1.37
2015.01.22 05:13:36.004,1.43381,1.43408,1.00,1.00
2015.01.22 05:13:37.199,1.43381,1.43409,1.00,1.87
2015.01.22 05:13:37.640,1.43381,1.43408,1.00,1.37
2015.01.22 05:13:39.456,1.43379,1.43407,1.00,1.37
2015.01.22 05:13:39.507,1.43379,1.43404,1.00,1.50
2015.01.22 05:13:39.761,1.43375,1.43404,1.00,1.50
2015.01.22 05:13:40.267,1.43375,1.43404,1.00,2.62
2015.01.22 05:13:41.556,1.43375,1.43404,1.50,1.50
2015.01.22 05:13:42.100,1.43376,1.43404,1.00,1.87
2015.01.22 05:13:42.610,1.43375,1.43404,1.50,1.87
2015.01.22 05:13:45.161,1.43376,1.43404,1.00,1.12
2015.01.22 05:13:47.957,1.43376,1.43404,1.00,1.37
2015.01.22 05:13:48.591,1.43376,1.43404,1.00,1.00
2015.01.22 05:13:49.697,1.4338,1.43404,1.00,1.00
2015.01.22 05:13:50.303,1.43383,1.43404,1.00,1.00
2015.01.22 05:13:50.555,1.43389,1.43412,1.00,1.00
2015.01.22 05:13:50.707,1.43389,1.43414,1.00,1.00
2015.01.22 05:13:50.809,1.43389,1.43417,1.00,2.25
2015.01.22 05:13:51.011,1.43391,1.43417,1.00,1.50
2015.01.22 05:13:51.524,1.43391,1.43416,1.00,1.00
2015.01.22 05:13:52.410,1.43391,1.43415,1.00,1.00
2015.01.22 05:13:53.694,1.4339,1.43415,1.00,1.00
2015.01.22 05:13:54.419,1.4339,1.43416,1.00,1.00
2015.01.22 05:13:55.717,1.4339,1.43417,1.00,1.00
2015.01.22 05:13:56.610,1.4339,1.43418,1.00,1.00
2015.01.22 05:13:56.920,1.4339,1.43418,1.00,2.25
2015.01.22 05:13:56.996,1.43387,1.43416,1.00,1.37
2015.01.22 05:13:57.047,1.43387,1.43415,1.00,1.50
2015.01.22 05:13:57.148,1.43382,1.43409,1.10,1.00
2015.01.22 05:13:57.503,1.43385,1.43409,1.00,1.00
2015.01.22 05:13:57.553,1.43385,1.43412,1.00,1.87
2015.01.22 05:13:57.655,1.43385,1.43413,1.37,1.00
2015.01.22 05:13:57.756,1.43389,1.43413,1.00,1.00
2015.01.22 05:13:57.857,1.43389,1.43416,1.00,3.00
2015.01.22 05:13:58.473,1.43389,1.43416,1.00,1.87
2015.01.22 05:13:58.999,1.43389,1.43418,1.00,1.87
2015.01.22 05:13:59.050,1.43389,1.43418,1.00,1.50
2015.01.22 05:13:59.563,1.4339,1.43417,1.00,1.50
2015.01.22 05:14:01.160,1.4339,1.43418,1.00,1.50
2015.01.22 05:14:01.952,1.4339,1.43417,1.00,1.00
2015.01.22 05:14:02.572,1.4339,1.43418,1.00,1.87
2015.01.22 05:14:03.390,1.4339,1.43417,1.00,1.00
2015.01.22 05:14:04.486,1.4339,1.43413,1.00,1.37
2015.01.22 05:14:04.537,1.43386,1.43413,1.00,1.37
2015.01.22 05:14:04.638,1.43383,1.43411,1.50,1.37
2015.01.22 05:14:04.942,1.43385,1.43413,1.00,1.37
2015.01.22 05:14:05.146,1.43385,1.43414,1.00,1.50
2015.01.22 05:14:05.247,1.43388,1.43414,1.00,1.50
2015.01.22 05:14:07.025,1.4339,1.43414,1.00,1.00
2015.01.22 05:14:11.705,1.4339,1.43413,1.00,1.00
2015.01.22 05:14:11.757,1.43384,1.43413,1.50,1.00
2015.01.22 05:14:11.858,1.43388,1.43412,1.00,1.50
2015.01.22 05:14:11.960,1.43388,1.43414,1.00,1.12
2015.01.22 05:14:12.474,1.43389,1.43417,1.00,1.37
2015.01.22 05:14:12.910,1.43389,1.43412,1.00,1.00
2015.01.22 05:14:13.062,1.43378,1.43406,1.37,1.37
2015.01.22 05:14:13.165,1.43378,1.43406,1.12,1.37
2015.01.22 05:14:13.266,1.43378,1.43407,1.12,1.00
2015.01.22 05:14:13.317,1.4338,1.43407,1.12,1.12
2015.01.22 05:14:13.856,1.43381,1.43407,1.00,1.12
2015.01.22 05:14:14.371,1.43381,1.43401,1.00,1.00
2015.01.22 05:14:14.523,1.43378,1.43401,1.00,1.00
2015.01.22 05:14:14.675,1.43378,1.43399,1.00,1.00
2015.01.22 05:14:14.726,1.43368,1.43397,2.62,1.37
2015.01.22 05:14:14.928,1.43367,1.43394,1.00,1.37
2015.01.22 05:14:15.460,1.43366,1.43394,1.00,1.00
2015.01.22 05:14:15.858,1.43367,1.43396,1.00,1.50
2015.01.22 05:14:15.909,1.43367,1.43396,1.50,1.37
2015.01.22 05:14:16.441,1.43368,1.43394,1.00,1.00
2015.01.22 05:14:16.979,1.43367,1.43394,1.00,1.37
2015.01.22 05:14:17.284,1.43366,1.43396,1.37,1.12
2015.01.22 05:14:17.335,1.43366,1.43397,1.00,2.62
2015.01.22 05:14:17.386,1.43364,1.43392,2.25,1.00
2015.01.22 05:14:17.993,1.43363,1.43392,1.50,1.00
2015.01.22 05:14:18.501,1.43363,1.43392,1.50,1.37
2015.01.22 05:14:19.226,1.43363,1.43392,1.37,1.00
2015.01.22 05:14:20.209,1.43364,1.43392,1.12,1.37
2015.01.22 05:14:20.749,1.43364,1.43392,1.12,1.00
2015.01.22 05:14:21.420,1.43366,1.43392,1.00,1.00
2015.01.22 05:14:22.110,1.43367,1.43395,1.00,1.37
2015.01.22 05:14:22.221,1.43367,1.43395,1.37,1.12
2015.01.22 05:14:22.272,1.4337,1.43397,1.00,1.37
2015.01.22 05:14:24.292,1.43368,1.43395,1.00,1.12
2015.01.22 05:14:24.678,1.43368,1.43393,1.00,1.00
2015.01.22 05:14:25.212,1.43368,1.43392,1.00,1.12
2015.01.22 05:14:25.836,1.43368,1.43392,1.00,1.37
2015.01.22 05:14:26.194,1.43362,1.43392,1.50,1.87
2015.01.22 05:14:26.245,1.43362,1.43387,1.00,1.00
2015.01.22 05:14:26.297,1.4336,1.43387,1.00,1.00
2015.01.22 05:14:26.605,1.43357,1.43389,1.00,1.37
2015.01.22 05:14:26.757,1.43357,1.43388,1.00,1.37
2015.01.22 05:14:31.264,1.43357,1.43388,1.00,1.37
2015.01.22 05:14:31.365,1.43357,1.43388,1.00,1.37
2015.01.22 05:14:31.571,1.43357,1.43388,1.00,1.37
2015.01.22 05:14:34.166,1.43357,1.43388,1.00,1.37
2015.01.22 05:14:34.267,1.43357,1.43388,1.00,1.50
2015.01.22 05:14:34.679,1.43357,1.43388,1.00,1.37
2015.01.22 05:14:35.287,1.43357,1.43388,1.00,1.37
2015.01.22 05:14:35.910,1.43358,1.43388,1.00,1.37
2015.01.22 05:14:36.879,1.43358,1.43388,1.00,1.37
2015.01.22 05:14:37.300,1.43353,1.43383,1.50,1.00
2015.01.22 05:14:37.402,1.43352,1.43383,1.50,1.37
2015.01.22 05:14:37.806,1.43353,1.43385,1.00,1.37
2015.01.22 05:14:40.205,1.43353,1.43385,1.00,1.37
2015.01.22 05:14:40.946,1.43354,1.43385,1.00,1.37
2015.01.22 05:14:41.150,1.43352,1.43384,1.00,1.12
2015.01.22 05:14:41.201,1.4335,1.43384,1.10,1.87
2015.01.22 05:14:41.302,1.4335,1.43384,1.20,2.62
2015.01.22 05:14:41.605,1.43353,1.43385,1.00,1.87
2015.01.22 05:14:42.265,1.43353,1.43385,1.00,1.37
2015.01.22 05:14:44.129,1.43356,1.43387,1.00,1.87
2015.01.22 05:14:44.678,1.43357,1.43388,1.00,1.37
2015.01.22 05:14:44.729,1.43357,1.43389,1.00,1.37
2015.01.22 05:14:46.135,1.43357,1.43389,1.00,1.37
2015.01.22 05:14:46.652,1.43356,1.43388,1.00,1.37
2015.01.22 05:14:48.114,1.43356,1.43388,1.00,1.87
2015.01.22 05:14:48.632,1.43357,1.43388,1.00,1.37
2015.01.22 05:14:50.924,1.43357,1.43388,1.00,1.37
2015.01.22 05:14:51.076,1.43355,1.43385,1.00,1.87
2015.01.22 05:14:51.992,1.43355,1.43387,1.50,1.37
2015.01.22 05:14:52.682,1.43356,1.43386,1.00,1.12
2015.01.22 05:14:54.458,1.43354,1.43385,1.00,1.00
2015.01.22 05:14:55.230,1.43356,1.43386,1.00,1.37
2015.01.22 05:14:56.987,1.43357,1.43386,1.00,1.00
2015.01.22 05:14:59.296,1.43356,1.43386,1.00,1.00
2015.01.22 05:14:59.709,1.43358,1.43386,1.00,1.00
2015.01.22 05:15:00.215,1.43359,1.43386,1.00,1.00
2015.01.22 05:15:00.580,1.43361,1.43387,1.00,1.12
2015.01.22 05:15:01.138,1.43359,1.43387,1.00,1.00
2015.01.22 05:15:01.761,1.43359,1.43388,1.50,1.12
2015.01.22 05:15:01.812,1.43359,1.43388,1.87,1.00
2015.01.22 05:15:02.117,1.43362,1.43388,1.00,1.37
2015.01.22 05:15:02.219,1.43362,1.4339,1.00,1.00
2015.01.22 05:15:02.593,1.43366,1.43391,1.00,1.00
2015.01.22 05:15:02.796,1.43361,1.43391,1.00,1.00
2015.01.22 05:15:03.049,1.43359,1.43391,2.62,1.00
2015.01.22 05:15:03.202,1.43357,1.43385,1.50,1.00
2015.01.22 05:15:03.505,1.43357,1.43382,1.00,1.00
2015.01.22 05:15:03.556,1.43355,1.43382,2.25,1.00
2015.01.22 05:15:04.859,1.43357,1.43382,1.00,1.00
2015.01.22 05:15:04.910,1.43357,1.43385,1.00,1.50
2015.01.22 05:15:05.479,1.43355,1.43385,1.00,1.50
2015.01.22 05:15:07.509,1.43359,1.43385,1.00,1.00
2015.01.22 05:15:07.711,1.43361,1.43388,1.50,1.00
2015.01.22 05:15:08.166,1.43363,1.43388,1.00,1.00
2015.01.22 05:15:08.318,1.43363,1.4339,1.00,1.00
2015.01.22 05:15:08.982,1.43364,1.43391,1.00,1.00
2015.01.22 05:15:09.540,1.43364,1.43393,1.00,1.00
2015.01.22 05:15:10.809,1.43364,1.43394,1.50,1.00
2015.01.22 05:15:11.171,1.43364,1.43396,2.62,1.00
2015.01.22 05:15:12.374,1.43366,1.43397,1.87,1.50
2015.01.22 05:15:13.875,1.43368,1.43397,1.00,1.50
2015.01.22 05:15:14.502,1.43366,1.43397,1.12,1.50
2015.01.22 05:15:15.417,1.43368,1.43397,1.00,1.00
2015.01.22 05:15:15.917,1.43366,1.43397,1.12,1.00
2015.01.22 05:15:16.589,1.43366,1.43396,1.00,1.37
2015.01.22 05:15:16.740,1.43362,1.43394,2.62,1.50
2015.01.22 05:15:16.943,1.43362,1.43391,1.37,1.00
2015.01.22 05:15:17.044,1.43362,1.43394,3.00,1.50
2015.01.22 05:15:17.145,1.43362,1.43391,1.00,1.00
2015.01.22 05:15:17.246,1.43362,1.43394,1.50,1.50
2015.01.22 05:15:17.297,1.43365,1.43394,1.00,1.50
2015.01.22 05:15:17.600,1.43367,1.43394,1.00,1.00
2015.01.22 05:15:18.106,1.43366,1.43393,1.00,1.00
2015.01.22 05:15:18.208,1.43366,1.43395,1.00,1.50
2015.01.22 05:15:18.510,1.43363,1.43395,1.50,1.50
2015.01.22 05:15:19.695,1.43363,1.43395,1.87,1.50
2015.01.22 05:15:20.520,1.43366,1.43395,1.75,1.00
2015.01.22 05:15:20.824,1.43381,1.43404,1.00,1.00
2015.01.22 05:15:21.329,1.4338,1.43404,1.00,1.00
2015.01.22 05:15:21.897,1.4338,1.43403,1.00,1.00
2015.01.22 05:15:22.203,1.43386,1.43407,1.00,1.00
2015.01.22 05:15:22.508,1.43389,1.43408,1.00,1.00
2015.01.22 05:15:23.805,1.43389,1.4341,1.00,1.00
2015.01.22 05:15:24.354,1.43389,1.43411,1.00,1.00
2015.01.22 05:15:24.792,1.43395,1.43411,1.00,1.00
2015.01.22 05:15:24.893,1.43392,1.43413,1.00,1.00
2015.01.22 05:15:25.399,1.43392,1.43414,1.00,1.00
2015.01.22 05:15:28.438,1.43392,1.43415,1.00,1.00
2015.01.22 05:15:28.640,1.43392,1.43412,1.00,1.00
2015.01.22 05:15:29.760,1.43397,1.43412,1.00,1.00
2015.01.22 05:15:29.861,1.43397,1.43414,1.00,1.00
2015.01.22 05:15:29.963,1.43394,1.43414,1.00,1.00
2015.01.22 05:15:30.066,1.43397,1.43414,1.00,1.00
2015.01.22 05:15:30.219,1.434,1.43419,1.00,1.00
2015.01.22 05:15:30.321,1.434,1.43421,1.00,1.00
2015.01.22 05:15:30.847,1.434,1.43422,1.00,1.00
2015.01.22 05:15:34.148,1.434,1.43429,1.50,2.25
2015.01.22 05:15:34.199,1.43403,1.4343,1.00,1.00
2015.01.22 05:15:34.300,1.43406,1.43435,1.00,1.37
2015.01.22 05:15:34.401,1.43406,1.43436,1.00,1.87
2015.01.22 05:15:34.805,1.43409,1.43436,1.00,1.37
2015.01.22 05:15:35.579,1.43409,1.43436,1.00,1.00
2015.01.22 05:15:38.737,1.43409,1.43437,1.00,1.37
2015.01.22 05:15:39.447,1.43409,1.43437,1.00,1.12
2015.01.22 05:15:39.801,1.43412,1.43437,1.00,1.12
2015.01.22 05:15:40.728,1.43414,1.43437,1.00,1.00
2015.01.22 05:15:41.499,1.4341,1.43437,1.00,1.00
2015.01.22 05:15:41.600,1.43409,1.43436,1.00,1.37
2015.01.22 05:15:41.651,1.43406,1.43436,1.00,1.37
2015.01.22 05:15:43.088,1.43406,1.43431,1.00,1.00
2015.01.22 05:15:43.624,1.43406,1.4343,1.00,1.00
2015.01.22 05:15:45.587,1.43406,1.43428,1.00,1.00
2015.01.22 05:15:46.247,1.43406,1.43427,1.00,1.00
2015.01.22 05:15:46.986,1.43405,1.43427,1.00,1.00
2015.01.22 05:15:47.236,1.43405,1.4343,1.00,1.12
2015.01.22 05:15:49.605,1.43405,1.43433,1.00,1.37
2015.01.22 05:15:50.144,1.43402,1.43433,1.00,1.37
2015.01.22 05:15:50.448,1.43402,1.43433,1.00,1.87
2015.01.22 05:15:50.847,1.43404,1.43433,1.00,1.87
2015.01.22 05:15:52.415,1.43404,1.43433,1.00,1.87
2015.01.22 05:15:52.937,1.43405,1.43432,1.00,1.37
2015.01.22 05:15:55.283,1.43405,1.43428,1.00,1.00
2015.01.22 05:15:58.871,1.43403,1.43428,1.00,1.00
2015.01.22 05:16:03.811,1.43405,1.43428,1.00,1.00
2015.01.22 05:16:04.426,1.43405,1.43427,1.00,1.00
2015.01.22 05:16:05.387,1.43405,1.43428,1.00,1.00
2015.01.22 05:16:06.184,1.43405,1.4343,1.00,1.00
2015.01.22 05:16:07.064,1.43405,1.43429,1.00,1.00
2015.01.22 05:16:07.822,1.43405,1.4343,1.00,1.00
2015.01.22 05:16:08.335,1.43405,1.43431,1.00,1.00
2015.01.22 05:16:09.973,1.43403,1.43431,1.00,1.00
2015.01.22 05:16:10.827,1.43408,1.43431,1.12,1.00
2015.01.22 05:16:11.030,1.4341,1.43435,1.00,1.00
2015.01.22 05:16:11.535,1.4341,1.43436,1.00,1.00
2015.01.22 05:16:11.586,1.4341,1.43434,1.00,1.00
2015.01.22 05:16:11.788,1.43407,1.43434,1.50,1.00
2015.01.22 05:16:11.889,1.43404,1.4343,1.87,1.00
2015.01.22 05:16:12.434,1.43404,1.43431,1.00,1.00
2015.01.22 05:16:13.107,1.43403,1.43431,1.00,1.00
2015.01.22 05:16:13.308,1.43401,1.4343,1.00,1.00
2015.01.22 05:16:13.511,1.43401,1.4343,1.00,1.87
2015.01.22 05:16:13.713,1.43394,1.43425,1.12,1.00
2015.01.22 05:16:14.016,1.43394,1.43424,1.00,1.37
2015.01.22 05:16:14.219,1.43395,1.43425,1.50,1.00
2015.01.22 05:16:14.523,1.43399,1.43425,1.00,1.00
2015.01.22 05:16:19.373,1.43399,1.43427,1.00,1.00
2015.01.22 05:16:19.625,1.434,1.43425,1.00,1.00
2015.01.22 05:16:23.536,1.434,1.43427,1.00,1.00
2015.01.22 05:16:24.121,1.434,1.43428,1.00,1.00
2015.01.22 05:16:24.633,1.434,1.43427,1.00,1.00
2015.01.22 05:16:25.775,1.43399,1.43427,1.00,1.00
2015.01.22 05:16:28.866,1.43402,1.43427,1.00,1.00
2015.01.22 05:16:29.657,1.43399,1.43427,1.00,1.00
2015.01.22 05:16:30.836,1.43402,1.43427,1.00,1.00
2015.01.22 05:16:33.978,1.43404,1.43427,1.00,1.00
2015.01.22 05:16:34.231,1.43404,1.43429,1.00,1.00
2015.01.22 05:16:34.777,1.43404,1.43431,1.00,1.00
2015.01.22 05:16:36.567,1.43408,1.43431,1.00,1.00
2015.01.22 05:16:36.871,1.43404,1.43431,1.00,1.00
2015.01.22 05:16:41.176,1.43407,1.43431,1.00,1.00
2015.01.22 05:16:42.179,1.43401,1.43431,1.00,1.00
2015.01.22 05:16:42.281,1.43398,1.43426,1.50,1.37
2015.01.22 05:16:42.382,1.434,1.43427,1.12,1.00
2015.01.22 05:16:42.433,1.434,1.43429,1.12,1.00
2015.01.22 05:16:42.484,1.43398,1.43426,1.00,1.00
2015.01.22 05:16:42.586,1.43398,1.43428,1.00,1.00
2015.01.22 05:16:42.687,1.43402,1.43426,1.00,1.00
2015.01.22 05:16:42.940,1.43402,1.43428,1.00,1.00
2015.01.22 05:16:43.092,1.43399,1.43428,1.00,1.00
2015.01.22 05:16:43.243,1.43399,1.4343,1.00,1.00
2015.01.22 05:16:44.384,1.43399,1.4343,1.37,1.00
2015.01.22 05:16:44.587,1.43398,1.4343,1.37,1.00
2015.01.22 05:16:45.102,1.43398,1.4343,1.12,1.50
2015.01.22 05:16:45.610,1.43399,1.43431,1.00,1.50
2015.01.22 05:16:47.506,1.43398,1.43431,1.12,2.25
2015.01.22 05:16:48.012,1.43398,1.43429,1.37,1.00
2015.01.22 05:16:48.635,1.43399,1.4343,1.37,1.00
2015.01.22 05:16:49.875,1.43399,1.4343,1.37,1.50
2015.01.22 05:16:51.592,1.43399,1.4343,1.12,1.50
2015.01.22 05:16:51.797,1.43398,1.43428,1.37,1.00
2015.01.22 05:16:52.321,1.43398,1.43427,1.37,1.00
2015.01.22 05:16:52.574,1.434,1.43431,1.37,2.25
2015.01.22 05:16:53.798,1.43399,1.43431,1.87,2.25
2015.01.22 05:16:54.329,1.43399,1.43428,1.37,1.00
2015.01.22 05:17:04.150,1.43397,1.43428,1.37,1.00
2015.01.22 05:17:05.658,1.43397,1.43428,1.12,1.00
2015.01.22 05:17:05.810,1.43397,1.4343,1.87,1.00
2015.01.22 05:17:05.911,1.43397,1.43428,1.12,1.00
2015.01.22 05:17:11.026,1.43398,1.43429,1.00,1.00
2015.01.22 05:17:12.729,1.43399,1.43426,1.00,1.00
2015.01.22 05:17:12.932,1.43395,1.43427,1.37,1.00
2015.01.22 05:17:13.033,1.43395,1.43427,1.12,1.00
2015.01.22 05:17:13.136,1.43395,1.43427,1.37,1.00
2015.01.22 05:17:13.186,1.43395,1.43427,1.37,1.00
2015.01.22 05:17:13.440,1.43398,1.43429,1.00,1.00
2015.01.22 05:17:16.720,1.43399,1.43429,1.00,1.00
2015.01.22 05:17:18.460,1.43401,1.43429,1.00,1.00
2015.01.22 05:17:18.716,1.43398,1.43429,1.87,1.00
2015.01.22 05:17:21.251,1.43399,1.43429,1.37,1.00
2015.01.22 05:17:22.046,1.434,1.43429,1.37,1.00
2015.01.22 05:17:22.198,1.43402,1.43431,1.37,1.00
2015.01.22 05:17:22.300,1.43404,1.43434,1.12,1.50
2015.01.22 05:17:22.351,1.43404,1.43434,1.37,1.50
2015.01.22 05:17:22.402,1.43405,1.43437,1.37,1.50
2015.01.22 05:17:22.503,1.43407,1.43435,1.00,1.00
2015.01.22 05:17:22.806,1.43403,1.43426,1.37,1.00
2015.01.22 05:17:22.857,1.43397,1.43423,1.00,1.00
2015.01.22 05:17:22.959,1.43392,1.43423,1.37,1.00
2015.01.22 05:17:23.060,1.43392,1.4342,1.37,1.00
2015.01.22 05:17:23.162,1.43389,1.43418,1.12,1.00
2015.01.22 05:17:23.264,1.43388,1.43415,1.00,1.00
2015.01.22 05:17:23.765,1.43385,1.43415,1.37,1.00
2015.01.22 05:17:24.267,1.43385,1.43415,1.37,1.00
2015.01.22 05:17:25.866,1.43386,1.43417,1.87,1.00
2015.01.22 05:17:29.416,1.43386,1.43414,1.37,1.00
2015.01.22 05:17:29.518,1.43386,1.43418,1.37,1.00
2015.01.22 05:17:29.922,1.43386,1.43415,1.00,1.00
2015.01.22 05:17:30.428,1.43384,1.43414,1.37,1.00
2015.01.22 05:17:30.530,1.43381,1.43414,2.62,1.00
2015.01.22 05:17:30.580,1.43381,1.43411,1.37,1.00
2015.01.22 05:17:30.732,1.4338,1.4341,1.12,1.12
2015.01.22 05:17:30.783,1.4338,1.43408,1.12,1.50
2015.01.22 05:17:30.985,1.43375,1.43406,1.37,1.00
2015.01.22 05:17:31.036,1.43376,1.43406,1.37,1.00
2015.01.22 05:17:31.341,1.43385,1.4341,1.00,1.10
2015.01.22 05:17:31.547,1.43385,1.43412,1.50,1.00
2015.01.22 05:17:31.991,1.43385,1.4341,1.00,1.00
2015.01.22 05:17:32.294,1.43383,1.4341,1.00,1.50
2015.01.22 05:17:33.285,1.43383,1.43409,1.00,1.00
2015.01.22 05:17:36.691,1.43383,1.43408,1.00,1.00
2015.01.22 05:17:37.777,1.4338,1.43408,1.00,1.50
2015.01.22 05:17:37.878,1.43379,1.43406,1.00,1.00
2015.01.22 05:17:38.181,1.43376,1.43402,1.00,2.62
2015.01.22 05:17:38.309,1.43373,1.43402,1.87,2.62
2015.01.22 05:17:38.411,1.43373,1.43399,1.00,1.00
2015.01.22 05:17:38.715,1.43371,1.43394,1.00,1.00
2015.01.22 05:17:38.766,1.43368,1.43394,1.12,1.00
2015.01.22 05:17:38.867,1.43368,1.43396,1.12,1.50
2015.01.22 05:17:39.070,1.43365,1.43396,1.37,1.00
2015.01.22 05:17:39.612,1.43364,1.43395,2.62,1.00
2015.01.22 05:17:40.182,1.43366,1.43395,1.00,1.00
2015.01.22 05:17:43.365,1.43366,1.43395,1.37,1.00
2015.01.22 05:17:46.301,1.43365,1.43395,1.37,1.50
2015.01.22 05:17:47.584,1.43365,1.43395,1.37,1.00
2015.01.22 05:17:48.093,1.43365,1.43394,1.12,1.00
2015.01.22 05:17:48.606,1.43363,1.43395,1.87,1.12
2015.01.22 05:17:50.018,1.43365,1.43395,1.37,1.00
2015.01.22 05:17:50.069,1.43365,1.43398,1.87,1.00
2015.01.22 05:17:50.180,1.43365,1.43398,2.25,1.00
2015.01.22 05:17:50.687,1.4337,1.43399,1.12,1.00
2015.01.22 05:17:51.729,1.4337,1.43399,1.00,2.25
2015.01.22 05:17:51.831,1.43368,1.43395,1.00,1.12
2015.01.22 05:17:51.983,1.43363,1.43393,1.37,1.00
2015.01.22 05:17:53.938,1.43363,1.43393,1.00,1.12
2015.01.22 05:17:54.140,1.43362,1.43393,1.00,1.87
2015.01.22 05:17:54.646,1.43362,1.4339,1.00,1.00
2015.01.22 05:17:55.153,1.43362,1.4339,1.37,1.00
2015.01.22 05:17:55.204,1.43362,1.43393,1.37,1.00
2015.01.22 05:17:56.473,1.43362,1.43393,1.00,1.00
2015.01.22 05:17:56.523,1.43361,1.43389,1.00,1.00
2015.01.22 05:17:56.827,1.43356,1.43385,1.37,1.00
2015.01.22 05:17:56.878,1.43356,1.43387,1.87,1.00
2015.01.22 05:17:56.929,1.43356,1.43387,1.87,1.12
2015.01.22 05:17:56.980,1.43356,1.43385,1.37,1.00
2015.01.22 05:17:57.233,1.43353,1.43385,2.62,1.50
2015.01.22 05:17:57.284,1.43353,1.43382,1.87,1.00
2015.01.22 05:17:57.799,1.43352,1.43382,1.00,1.00
2015.01.22 05:18:00.026,1.43352,1.43382,1.37,1.00
2015.01.22 05:18:00.575,1.43352,1.43382,1.37,1.00
2015.01.22 05:18:01.539,1.43353,1.43382,1.37,1.00
2015.01.22 05:18:02.047,1.43355,1.43382,1.37,1.00
2015.01.22 05:18:02.149,1.43354,1.43382,1.12,1.00
2015.01.22 05:18:02.402,1.43354,1.4338,1.00,1.00
2015.01.22 05:18:03.205,1.4335,1.4338,1.37,1.00
2015.01.22 05:18:04.453,1.4335,1.4338,1.37,1.00
2015.01.22 05:18:04.504,1.43351,1.43383,1.37,1.00
2015.01.22 05:18:04.555,1.43351,1.43383,1.12,1.00
2015.01.22 05:18:04.606,1.4335,1.4338,1.87,1.00
2015.01.22 05:18:04.808,1.43351,1.43383,1.37,1.00
2015.01.22 05:18:05.331,1.43351,1.43383,1.37,1.00
2015.01.22 05:18:09.786,1.43352,1.43382,1.37,1.00
2015.01.22 05:18:15.519,1.43352,1.43384,1.37,1.00
2015.01.22 05:18:18.537,1.43352,1.43384,1.37,1.12
2015.01.22 05:18:20.040,1.43352,1.43384,1.37,1.12
2015.01.22 05:18:21.214,1.43352,1.43382,1.37,1.00
2015.01.22 05:18:24.647,1.43352,1.43382,1.37,1.12
2015.01.22 05:18:26.276,1.43352,1.43382,1.37,1.00
2015.01.22 05:18:26.328,1.43352,1.43384,1.87,1.12
2015.01.22 05:18:26.733,1.43357,1.43389,1.12,1.37
2015.01.22 05:18:26.784,1.43357,1.43389,1.37,1.00
2015.01.22 05:18:26.936,1.43361,1.43392,1.00,1.00
2015.01.22 05:18:27.973,1.43362,1.43392,1.00,1.00
2015.01.22 05:18:30.172,1.43363,1.43395,1.37,1.50
2015.01.22 05:18:31.059,1.43365,1.43395,1.37,1.00
2015.01.22 05:18:32.195,1.43365,1.43395,1.00,1.37
2015.01.22 05:18:32.398,1.43363,1.43395,1.00,1.37
2015.01.22 05:18:41.102,1.43362,1.43393,1.50,1.20
2015.01.22 05:18:42.704,1.43362,1.43393,1.50,1.20
2015.01.22 05:18:43.782,1.43362,1.43393,1.50,1.47
2015.01.22 05:18:45.424,1.43362,1.43393,1.50,1.10
2015.01.22 05:18:46.786,1.43362,1.43393,1.50,1.20
2015.01.22 05:18:48.620,1.43361,1.43393,1.87,1.20
2015.01.22 05:18:48.927,1.43361,1.43391,1.87,1.00
2015.01.22 05:18:49.678,1.43361,1.43391,1.87,1.00
2015.01.22 05:18:53.603,1.43362,1.43392,1.47,1.10
2015.01.22 05:18:59.911,1.43362,1.43391,1.50,1.00
2015.01.22 05:19:02.911,1.43363,1.43391,1.12,1.00
2015.01.22 05:19:06.604,1.43363,1.43392,1.12,1.00
2015.01.22 05:19:06.858,1.43363,1.43395,1.87,1.20
2015.01.22 05:19:07.507,1.43365,1.43395,1.50,1.12
2015.01.22 05:19:08.218,1.43365,1.43392,1.50,1.00
2015.01.22 05:19:08.643,1.43364,1.4339,1.37,1.00
2015.01.22 05:19:08.845,1.43362,1.4339,1.87,1.00
2015.01.22 05:19:15.041,1.43362,1.4339,1.87,1.00
2015.01.22 05:19:15.554,1.43362,1.4339,1.12,1.00
2015.01.22 05:19:15.935,1.43362,1.43387,1.37,1.00
2015.01.22 05:19:16.940,1.43361,1.43387,1.12,1.00
2015.01.22 05:19:17.243,1.43363,1.4339,1.12,1.00
2015.01.22 05:19:17.344,1.43365,1.43392,1.12,1.00
2015.01.22 05:19:17.661,1.43363,1.43391,1.12,1.00
2015.01.22 05:19:17.975,1.43363,1.43391,1.75,1.00
2015.01.22 05:19:18.395,1.43363,1.43391,1.12,1.00
2015.01.22 05:19:18.496,1.43362,1.43391,2.25,1.00
2015.01.22 05:19:18.698,1.43362,1.43391,1.12,1.00
2015.01.22 05:19:19.205,1.43362,1.4339,1.12,1.00
2015.01.22 05:19:19.712,1.43361,1.4339,1.12,1.37
2015.01.22 05:19:20.354,1.43361,1.43388,1.12,1.00
2015.01.22 05:19:20.506,1.43362,1.43387,1.50,1.37
2015.01.22 05:19:20.608,1.43356,1.43384,1.00,1.12
2015.01.22 05:19:20.658,1.43356,1.43381,1.00,1.00
2015.01.22 05:19:20.760,1.4335,1.4338,2.62,1.00
2015.01.22 05:19:20.810,1.4335,1.4338,1.50,1.87
2015.01.22 05:19:20.962,1.43344,1.43376,1.95,1.37
2015.01.22 05:19:21.165,1.43344,1.43375,1.87,1.50
2015.01.22 05:19:21.470,1.43341,1.43372,1.50,1.10
2015.01.22 05:19:21.985,1.43341,1.43372,1.47,1.12
2015.01.22 05:19:22.693,1.43341,1.43372,1.50,1.10
2015.01.22 05:19:27.840,1.43342,1.43372,1.12,1.00
2015.01.22 05:19:29.544,1.43342,1.43373,2.25,1.00
2015.01.22 05:19:29.595,1.43344,1.43376,1.47,1.57
2015.01.22 05:19:30.101,1.43345,1.43377,1.87,1.00
2015.01.22 05:19:30.252,1.43344,1.43375,1.87,1.00
2015.01.22 05:19:30.778,1.43343,1.43375,1.12,1.50
2015.01.22 05:19:31.285,1.43343,1.43376,1.87,1.00
2015.01.22 05:19:31.709,1.43346,1.43376,1.37,1.00
2015.01.22 05:19:33.074,1.43344,1.43373,1.12,1.00
2015.01.22 05:19:33.125,1.43343,1.43373,1.12,1.00
2015.01.22 05:19:33.529,1.43342,1.43373,1.12,1.00
2015.01.22 05:19:33.681,1.43344,1.43376,1.47,1.00
2015.01.22 05:19:33.883,1.43345,1.43373,1.37,1.00
2015.01.22 05:19:33.934,1.43342,1.43373,1.87,1.00
2015.01.22 05:19:34.136,1.43342,1.43373,1.87,1.00
2015.01.22 05:19:34.441,1.43343,1.43373,1.12,1.87
2015.01.22 05:19:34.593,1.43345,1.43375,1.50,1.50
2015.01.22 05:19:34.795,1.43345,1.43375,1.87,1.50
2015.01.22 05:19:34.998,1.43345,1.43375,1.87,1.50
2015.01.22 05:19:36.209,1.43344,1.43375,1.75,1.87
2015.01.22 05:19:36.512,1.43345,1.43372,1.12,1.00
2015.01.22 05:19:36.614,1.43345,1.43375,1.87,1.00
2015.01.22 05:19:36.876,1.43345,1.43377,1.87,1.50
2015.01.22 05:19:37.129,1.43345,1.43377,1.50,1.87
2015.01.22 05:19:37.646,1.43344,1.43374,1.12,1.00
2015.01.22 05:19:37.949,1.43344,1.43374,1.20,1.00
2015.01.22 05:19:38.051,1.43342,1.43371,1.37,1.00
2015.01.22 05:19:38.101,1.4334,1.43371,1.47,1.50
2015.01.22 05:19:38.405,1.43342,1.43371,1.37,1.50
2015.01.22 05:19:46.816,1.43345,1.43371,1.00,1.00
2015.01.22 05:19:47.490,1.43344,1.43371,1.20,1.00
2015.01.22 05:19:48.135,1.43344,1.43374,1.20,1.57
2015.01.22 05:19:58.534,1.43344,1.43374,1.47,1.57
2015.01.22 05:19:58.787,1.43345,1.43375,1.87,1.00
2015.01.22 05:19:59.091,1.43344,1.43375,2.25,1.00
2015.01.22 05:19:59.704,1.43349,1.43376,1.10,1.00
2015.01.22 05:20:00.022,1.43349,1.43377,1.50,1.00
2015.01.22 05:20:01.564,1.43349,1.43379,1.87,1.12
2015.01.22 05:20:03.161,1.43351,1.43375,1.10,1.00
2015.01.22 05:20:08.011,1.43351,1.43375,1.47,1.00
2015.01.22 05:20:08.671,1.43351,1.43375,1.10,1.00
2015.01.22 05:20:11.643,1.43353,1.43375,1.00,1.00
2015.01.22 05:20:13.881,1.43353,1.43377,1.12,1.00
2015.01.22 05:20:14.033,1.43351,1.43377,1.10,1.00
2015.01.22 05:20:14.517,1.43351,1.43374,1.20,1.00
2015.01.22 05:20:14.720,1.43349,1.43374,1.12,1.00
2015.01.22 05:20:16.735,1.4335,1.43374,1.00,1.00
2015.01.22 05:20:17.995,1.4335,1.43367,1.00,1.00
2015.01.22 05:20:18.046,1.43347,1.43367,1.12,1.00
2015.01.22 05:20:18.249,1.43345,1.43367,1.00,1.00
2015.01.22 05:20:18.401,1.43345,1.43364,1.00,1.00
2015.01.22 05:20:18.452,1.43341,1.43364,1.00,1.00
2015.01.22 05:20:18.504,1.43341,1.4337,1.00,2.62
2015.01.22 05:20:18.555,1.4334,1.43368,1.00,1.37
2015.01.22 05:20:22.692,1.43337,1.43368,1.10,1.50
2015.01.22 05:20:22.843,1.43338,1.43368,1.37,1.00
2015.01.22 05:20:23.147,1.4334,1.4337,1.12,1.00
2015.01.22 05:20:23.475,1.4334,1.4337,1.12,1.00
2015.01.22 05:20:23.995,1.4334,1.43372,1.12,1.00
2015.01.22 05:20:24.521,1.43341,1.43372,1.75,1.00
2015.01.22 05:20:26.933,1.43342,1.43374,1.75,1.87
2015.01.22 05:20:27.554,1.43342,1.43372,1.75,1.00
2015.01.22 05:20:27.706,1.43339,1.43368,1.12,1.00
2015.01.22 05:20:27.909,1.43336,1.43368,1.75,1.37
2015.01.22 05:20:28.162,1.43333,1.43364,1.50,1.95
2015.01.22 05:20:28.265,1.4333,1.43363,1.00,1.87
2015.01.22 05:20:28.417,1.43333,1.43363,1.00,1.12
2015.01.22 05:20:28.518,1.43331,1.43362,1.00,1.87
2015.01.22 05:20:28.822,1.4333,1.43362,2.25,1.10
2015.01.22 05:20:34.188,1.43331,1.43362,1.00,1.12
2015.01.22 05:20:34.726,1.43329,1.43361,1.12,1.37
2015.01.22 05:20:35.259,1.43331,1.43363,1.12,2.62
2015.01.22 05:20:35.936,1.43329,1.4336,2.25,1.50
2015.01.22 05:20:36.340,1.43332,1.4336,1.37,1.12
2015.01.22 05:20:36.492,1.43332,1.43362,1.12,1.10
2015.01.22 05:20:36.594,1.43332,1.43362,1.37,1.50
2015.01.22 05:20:37.748,1.43335,1.43365,1.00,1.87
2015.01.22 05:20:37.799,1.43335,1.43365,1.00,1.87
2015.01.22 05:20:38.597,1.43335,1.43365,1.00,1.87
2015.01.22 05:20:43.585,1.43334,1.43365,1.12,2.62
2015.01.22 05:20:43.998,1.43334,1.43363,1.00,1.12
2015.01.22 05:20:44.301,1.4333,1.4336,1.20,2.25
2015.01.22 05:20:44.673,1.4333,1.43359,1.00,1.50
2015.01.22 05:20:44.875,1.43327,1.43357,1.37,1.87
2015.01.22 05:20:45.600,1.43325,1.43354,2.25,1.37
2015.01.22 05:20:46.197,1.43322,1.43354,2.62,2.25
2015.01.22 05:20:46.578,1.43322,1.43354,1.87,2.25
2015.01.22 05:20:47.083,1.43322,1.43353,1.47,1.87
2015.01.22 05:20:47.987,1.4332,1.43351,1.50,1.50
2015.01.22 05:20:55.429,1.4332,1.43351,2.25,1.50
2015.01.22 05:20:55.959,1.4332,1.43351,2.62,1.10
2015.01.22 05:20:56.010,1.43324,1.43351,1.00,1.10
2015.01.22 05:20:56.313,1.4333,1.43354,1.37,1.00
2015.01.22 05:20:56.364,1.4333,1.43359,1.37,1.00
2015.01.22 05:20:56.415,1.4333,1.43361,1.12,1.50
2015.01.22 05:20:56.732,1.43332,1.43361,1.12,1.50
2015.01.22 05:21:00.034,1.4333,1.43361,1.87,1.87
2015.01.22 05:21:01.137,1.43335,1.43361,1.00,1.50
2015.01.22 05:21:01.441,1.43338,1.43364,1.00,1.37
2015.01.22 05:21:02.609,1.43341,1.43366,1.00,2.25
2015.01.22 05:21:03.092,1.43341,1.43366,1.00,2.25
2015.01.22 05:21:03.345,1.43341,1.43369,1.50,1.87
2015.01.22 05:21:03.599,1.43343,1.43369,1.00,1.37
2015.01.22 05:21:03.902,1.43343,1.43368,1.00,1.50
2015.01.22 05:21:04.054,1.43341,1.43367,1.00,1.37
2015.01.22 05:21:05.125,1.43338,1.43366,1.00,1.37
2015.01.22 05:21:05.226,1.43336,1.43366,1.00,1.87
2015.01.22 05:21:05.327,1.43332,1.43364,1.50,1.87
2015.01.22 05:21:06.527,1.43332,1.43364,1.75,1.47
2015.01.22 05:21:07.790,1.43332,1.43364,1.87,1.20
2015.01.22 05:21:08.334,1.43332,1.43364,1.87,1.12
2015.01.22 05:21:12.012,1.43334,1.43364,1.12,1.20
2015.01.22 05:21:16.300,1.43334,1.43364,1.37,1.12
2015.01.22 05:21:18.045,1.43335,1.43365,1.50,1.95
2015.01.22 05:21:18.563,1.43335,1.43365,1.50,1.95
2015.01.22 05:21:19.076,1.43335,1.43365,1.50,1.95
2015.01.22 05:21:19.621,1.43335,1.43365,1.12,1.95
2015.01.22 05:21:20.411,1.43335,1.43365,1.12,1.95
2015.01.22 05:21:20.917,1.43334,1.43365,1.50,1.95
2015.01.22 05:21:21.272,1.43334,1.43365,1.50,1.95
2015.01.22 05:21:22.050,1.43333,1.43365,1.12,2.62
2015.01.22 05:21:22.752,1.43333,1.43365,1.50,2.62
2015.01.22 05:21:22.905,1.43336,1.43365,1.12,1.87
2015.01.22 05:21:23.006,1.43337,1.43365,1.37,1.87
2015.01.22 05:21:23.107,1.43336,1.43367,1.75,1.50
2015.01.22 05:21:23.159,1.43336,1.43364,1.75,1.00
2015.01.22 05:21:23.260,1.43334,1.43364,1.75,1.37
2015.01.22 05:21:23.795,1.43332,1.43364,1.75,1.87
2015.01.22 05:21:24.810,1.43332,1.43364,1.75,1.95
2015.01.22 05:21:27.506,1.43332,1.43364,1.75,1.95
2015.01.22 05:21:27.657,1.43332,1.43364,1.12,2.62
2015.01.22 05:21:28.504,1.43331,1.43362,1.20,1.50
2015.01.22 05:21:33.095,1.43331,1.43362,1.47,1.50
2015.01.22 05:21:33.600,1.43332,1.43362,1.50,1.12
2015.01.22 05:21:36.290,1.43335,1.43362,1.00,1.12
2015.01.22 05:21:42.227,1.43333,1.43363,1.10,1.47
2015.01.22 05:21:46.830,1.43335,1.43362,1.00,1.12
2015.01.22 05:21:48.070,1.43335,1.43362,1.00,1.37
2015.01.22 05:21:49.335,1.43334,1.43362,1.00,1.37
2015.01.22 05:21:55.894,1.43334,1.43362,1.12,1.37
2015.01.22 05:21:56.403,1.43334,1.43363,1.00,1.47
2015.01.22 05:21:59.389,1.43334,1.43363,1.00,1.47
2015.01.22 05:22:05.834,1.43332,1.43363,2.25,1.47
2015.01.22 05:22:07.702,1.43332,1.43363,2.25,1.47
2015.01.22 05:22:08.224,1.43332,1.43364,1.50,2.25
2015.01.22 05:22:10.909,1.43332,1.43364,1.50,2.25
2015.01.22 05:22:11.519,1.43332,1.43364,1.12,2.25
2015.01.22 05:22:12.557,1.43332,1.43364,1.50,2.25
2015.01.22 05:22:13.234,1.43332,1.43364,2.25,2.25
2015.01.22 05:22:25.082,1.43331,1.43362,1.87,1.00
2015.01.22 05:22:26.262,1.43333,1.43362,1.20,1.00
2015.01.22 05:22:26.775,1.43331,1.43363,2.62,1.20
2015.01.22 05:22:28.966,1.43331,1.43363,2.62,1.47
2015.01.22 05:22:29.782,1.43331,1.43362,1.47,1.47
2015.01.22 05:22:30.310,1.43331,1.43362,1.37,1.12
2015.01.22 05:22:30.614,1.4333,1.43351,1.37,1.00
2015.01.22 05:22:30.665,1.4333,1.43351,1.00,1.00
2015.01.22 05:22:31.178,1.4333,1.43351,1.50,1.00
2015.01.22 05:22:33.199,1.4333,1.43353,1.50,1.00
2015.01.22 05:22:34.654,1.4333,1.43353,1.50,1.00
2015.01.22 05:22:35.256,1.43329,1.43353,1.12,1.00
2015.01.22 05:22:35.933,1.43328,1.43353,1.47,1.00
2015.01.22 05:22:37.155,1.43328,1.43356,1.47,1.00
2015.01.22 05:22:44.780,1.43328,1.43356,1.47,1.00
2015.01.22 05:22:46.487,1.43329,1.43356,1.50,1.00
2015.01.22 05:22:47.061,1.43332,1.43357,1.47,1.00
2015.01.22 05:22:47.112,1.43332,1.43357,1.20,1.00
2015.01.22 05:22:51.922,1.43331,1.43357,1.12,1.00
2015.01.22 05:22:54.120,1.43332,1.43357,1.12,1.00
2015.01.22 05:22:55.121,1.43332,1.43356,1.12,1.00
2015.01.22 05:22:55.663,1.4333,1.43356,1.12,1.00
2015.01.22 05:23:00.257,1.4333,1.43355,1.75,1.00
2015.01.22 05:23:02.770,1.4333,1.43358,2.25,1.00
2015.01.22 05:23:02.872,1.43331,1.43355,1.50,1.00
2015.01.22 05:23:03.443,1.43329,1.43354,2.62,1.00
2015.01.22 05:23:07.051,1.43331,1.43355,1.87,1.00
2015.01.22 05:23:08.822,1.43333,1.43355,1.37,1.00
2015.01.22 05:23:11.513,1.43331,1.43355,1.12,1.00
2015.01.22 05:23:12.570,1.43331,1.43354,1.12,1.00
2015.01.22 05:23:16.792,1.43329,1.43354,1.87,1.00
2015.01.22 05:23:17.015,1.43329,1.4335,1.50,1.00
2015.01.22 05:23:17.333,1.43327,1.4335,1.00,1.00
2015.01.22 05:23:18.411,1.43327,1.43347,1.00,1.00
2015.01.22 05:23:20.111,1.43326,1.43347,1.00,1.00
2015.01.22 05:23:23.585,1.43327,1.43347,1.00,1.00
2015.01.22 05:23:25.563,1.43325,1.43347,1.10,1.00
2015.01.22 05:23:27.550,1.43327,1.43347,1.00,1.00
2015.01.22 05:23:27.752,1.43327,1.43349,1.00,1.00
2015.01.22 05:23:34.385,1.43328,1.43349,1.00,1.00
2015.01.22 05:23:37.683,1.43329,1.43349,1.00,1.00
2015.01.22 05:23:40.634,1.43328,1.43349,1.10,1.00
2015.01.22 05:23:43.957,1.43325,1.43349,1.50,1.00
2015.01.22 05:23:50.475,1.43324,1.43355,1.87,1.47
2015.01.22 05:23:51.179,1.43326,1.43355,1.37,1.37
2015.01.22 05:23:51.606,1.43326,1.43355,1.12,1.12
2015.01.22 05:23:51.808,1.43326,1.43358,1.87,1.50
2015.01.22 05:23:51.859,1.43329,1.43358,1.37,1.37
2015.01.22 05:23:52.011,1.4333,1.43361,1.50,2.25
2015.01.22 05:23:52.062,1.43331,1.43361,1.37,1.95
2015.01.22 05:23:53.151,1.43332,1.43361,1.12,1.37
2015.01.22 05:23:53.666,1.43331,1.43361,1.87,1.47
2015.01.22 05:24:04.735,1.43334,1.43362,1.12,1.37
2015.01.22 05:24:19.069,1.43334,1.43362,1.37,1.00
2015.01.22 05:24:19.594,1.43334,1.43363,1.37,1.12
2015.01.22 05:24:20.004,1.43334,1.43365,1.12,2.25
2015.01.22 05:24:20.677,1.43334,1.43365,1.37,2.25
2015.01.22 05:24:21.031,1.43338,1.43365,1.00,1.87
2015.01.22 05:24:21.336,1.4334,1.4337,1.00,1.12
2015.01.22 05:24:21.440,1.43342,1.43372,1.00,1.75
2015.01.22 05:24:21.546,1.43342,1.43372,1.00,1.37
2015.01.22 05:24:21.799,1.43342,1.43373,1.00,1.75
2015.01.22 05:24:22.342,1.43342,1.43373,1.12,1.87
2015.01.22 05:24:25.842,1.43342,1.43372,1.00,1.12
2015.01.22 05:24:31.000,1.43345,1.4337,1.00,1.37
2015.01.22 05:24:31.508,1.43345,1.4337,1.00,1.12
2015.01.22 05:24:32.125,1.43345,1.4337,1.00,1.12
2015.01.22 05:24:32.796,1.43342,1.43368,1.00,1.37
2015.01.22 05:24:32.999,1.43338,1.43368,1.87,1.37
2015.01.22 05:24:34.543,1.43338,1.43367,1.00,1.47
2015.01.22 05:24:35.177,1.43338,1.43362,1.00,1.00
2015.01.22 05:24:39.692,1.43338,1.43362,1.00,1.37
2015.01.22 05:24:39.907,1.43334,1.4336,1.87,1.12
2015.01.22 05:24:40.210,1.43334,1.43357,1.00,1.00
2015.01.22 05:24:40.927,1.43334,1.43354,1.00,1.00
2015.01.22 05:24:41.482,1.43331,1.43354,1.10,1.00
2015.01.22 05:24:43.421,1.43331,1.43351,1.10,1.12
2015.01.22 05:24:43.674,1.43326,1.43351,1.12,1.12
2015.01.22 05:24:46.720,1.43326,1.43351,1.00,1.12
2015.01.22 05:24:48.073,1.43328,1.43351,1.37,1.00
2015.01.22 05:24:48.639,1.43328,1.43351,2.25,1.00
2015.01.22 05:24:49.828,1.43328,1.43353,2.25,1.00
2015.01.22 05:24:50.593,1.43328,1.43353,1.50,1.00
2015.01.22 05:24:52.770,1.43329,1.43353,1.87,1.00
2015.01.22 05:24:52.990,1.43329,1.43353,1.57,1.00
2015.01.22 05:24:53.514,1.4333,1.43353,1.00,1.00
2015.01.22 05:24:53.565,1.43332,1.43353,1.00,1.00
2015.01.22 05:24:53.732,1.43332,1.43355,1.00,1.00
2015.01.22 05:24:54.237,1.43332,1.43355,1.12,1.00
2015.01.22 05:24:54.934,1.43332,1.43355,1.50,1.00
2015.01.22 05:24:55.238,1.43348,1.43376,1.12,1.00
2015.01.22 05:24:55.339,1.43347,1.43377,1.47,1.00
2015.01.22 05:24:55.541,1.43347,1.43377,2.62,1.00
2015.01.22 05:24:55.744,1.43347,1.43377,1.95,1.57
2015.01.22 05:24:55.996,1.43347,1.43376,1.87,1.12
2015.01.22 05:24:56.299,1.43347,1.43378,3.45,1.12
2015.01.22 05:24:56.519,1.43349,1.43378,1.00,1.12
2015.01.22 05:24:57.369,1.43349,1.43371,1.00,1.37
2015.01.22 05:24:57.696,1.43341,1.43365,1.50,1.00
2015.01.22 05:24:57.747,1.43338,1.43367,1.12,1.00
2015.01.22 05:24:57.949,1.43342,1.4337,1.12,1.00
2015.01.22 05:25:00.166,1.43342,1.4337,1.00,1.00
2015.01.22 05:25:00.687,1.4334,1.43371,1.87,1.47
2015.01.22 05:25:00.788,1.4334,1.43367,1.87,1.12
2015.01.22 05:25:01.321,1.4334,1.43367,1.00,1.20
2015.01.22 05:25:01.650,1.4334,1.43367,1.00,1.47
2015.01.22 05:25:02.163,1.43337,1.43363,1.50,1.12
2015.01.22 05:25:05.012,1.43337,1.43367,1.50,3.00
2015.01.22 05:25:09.326,1.43337,1.43366,1.50,1.12
2015.01.22 05:25:17.924,1.43337,1.43365,1.50,1.12
2015.01.22 05:25:19.202,1.43339,1.43365,1.00,1.12
2015.01.22 05:25:22.940,1.43339,1.43367,1.00,1.12
2015.01.22 05:25:34.365,1.43339,1.43368,1.00,1.75
2015.01.22 05:25:37.218,1.43339,1.43368,1.00,1.87
2015.01.22 05:25:37.321,1.43339,1.43368,1.00,1.75
2015.01.22 05:25:44.612,1.43341,1.43369,1.00,1.87
2015.01.22 05:25:47.896,1.4334,1.43369,1.00,1.12
2015.01.22 05:25:57.934,1.43337,1.43368,2.62,1.75
2015.01.22 05:26:00.280,1.43337,1.43368,1.00,2.25
2015.01.22 05:26:00.583,1.43335,1.43366,1.20,1.47
2015.01.22 05:26:01.892,1.43334,1.43366,1.12,1.47
2015.01.22 05:26:04.850,1.43334,1.43366,1.12,1.57
2015.01.22 05:26:05.053,1.43332,1.43364,1.10,1.57
2015.01.22 05:26:06.157,1.43331,1.43362,2.25,1.12
2015.01.22 05:26:18.781,1.43332,1.43363,1.95,1.12
2015.01.22 05:26:19.311,1.43331,1.43363,3.00,1.37
2015.01.22 05:26:20.315,1.43331,1.43363,1.87,1.37
2015.01.22 05:26:21.778,1.43331,1.43363,1.57,1.75
2015.01.22 05:26:22.231,1.43331,1.43363,2.25,1.47
2015.01.22 05:26:23.630,1.43331,1.43363,1.57,1.75
2015.01.22 05:26:24.089,1.43331,1.43362,1.50,1.37
2015.01.22 05:26:26.400,1.43331,1.43362,1.50,1.37
2015.01.22 05:26:31.353,1.43331,1.43361,1.10,1.47
2015.01.22 05:26:35.132,1.43331,1.43361,1.10,1.47
2015.01.22 05:26:36.729,1.43331,1.4336,1.00,1.87
2015.01.22 05:26:38.072,1.43328,1.4336,1.00,1.87
2015.01.22 05:26:38.586,1.43327,1.4336,1.20,1.12
2015.01.22 05:26:43.901,1.4333,1.43358,1.00,1.50
2015.01.22 05:27:03.021,1.43328,1.4336,1.00,1.87
2015.01.22 05:27:03.498,1.43328,1.43357,1.00,1.50
2015.01.22 05:27:04.780,1.43331,1.43361,1.00,1.87
2015.01.22 05:27:08.621,1.43331,1.43361,1.00,1.87
2015.01.22 05:27:08.788,1.43331,1.43361,1.00,1.50
2015.01.22 05:27:12.146,1.43334,1.43362,1.00,1.12
2015.01.22 05:27:12.717,1.43334,1.43362,1.00,1.12
2015.01.22 05:27:31.190,1.43335,1.43363,1.00,1.87
2015.01.22 05:27:31.291,1.43336,1.43364,1.00,1.12
2015.01.22 05:27:31.392,1.43339,1.43367,1.00,1.37
2015.01.22 05:27:31.696,1.43346,1.4337,1.37,1.50
2015.01.22 05:27:31.747,1.43349,1.4337,1.12,1.00
2015.01.22 05:27:32.252,1.4335,1.43371,1.12,1.00
2015.01.22 05:27:32.404,1.43353,1.43372,1.00,1.00
2015.01.22 05:27:32.920,1.43353,1.43373,1.00,1.00
2015.01.22 05:27:33.433,1.43353,1.43371,1.00,1.00
2015.01.22 05:27:36.286,1.43353,1.43372,1.00,1.00
2015.01.22 05:27:41.210,1.43353,1.4337,1.00,1.00
2015.01.22 05:27:47.493,1.43353,1.43372,1.00,1.00
2015.01.22 05:27:47.594,1.43353,1.43374,1.37,1.00
2015.01.22 05:27:47.747,1.43355,1.43378,1.37,1.00
2015.01.22 05:27:48.270,1.43355,1.43377,1.37,1.00
2015.01.22 05:27:48.473,1.43355,1.4338,1.37,1.00
2015.01.22 05:27:49.468,1.43355,1.43379,1.50,1.00
2015.01.22 05:27:50.254,1.43355,1.43379,2.25,1.00
2015.01.22 05:27:51.600,1.43355,1.43379,1.20,1.00
2015.01.22 05:27:51.751,1.43355,1.43379,1.47,1.00
2015.01.22 05:27:52.763,1.43357,1.43379,1.37,1.00
2015.01.22 05:27:53.319,1.43357,1.4338,1.37,1.00
2015.01.22 05:27:56.260,1.43357,1.4338,1.37,1.00
2015.01.22 05:27:56.567,1.43358,1.43378,1.12,1.00
2015.01.22 05:27:57.430,1.43358,1.4338,1.20,1.00
2015.01.22 05:27:58.370,1.43358,1.43378,1.20,1.00
2015.01.22 05:27:58.609,1.43358,1.4338,1.20,1.00
2015.01.22 05:27:58.918,1.43358,1.43378,1.20,1.00
2015.01.22 05:28:00.350,1.43358,1.4338,1.20,1.00
2015.01.22 05:28:01.688,1.43358,1.4338,1.50,1.00
2015.01.22 05:28:04.224,1.43358,1.43381,1.12,1.00
2015.01.22 05:28:04.325,1.43356,1.43381,1.37,1.00
2015.01.22 05:28:04.427,1.43361,1.4338,1.00,1.00
2015.01.22 05:28:04.671,1.43367,1.43392,1.00,1.37
2015.01.22 05:28:04.773,1.43369,1.43391,1.00,1.00
2015.01.22 05:28:04.874,1.43367,1.43394,1.00,1.00
2015.01.22 05:28:04.975,1.43367,1.43391,1.00,1.00
2015.01.22 05:28:05.127,1.43366,1.43395,1.50,1.50
2015.01.22 05:28:05.632,1.43369,1.43395,1.00,1.00
2015.01.22 05:28:06.137,1.43366,1.43395,2.62,1.12
2015.01.22 05:28:06.729,1.43366,1.43396,4.12,1.00
2015.01.22 05:28:06.831,1.4337,1.43396,1.12,1.00
2015.01.22 05:28:07.235,1.4337,1.43398,1.87,1.37
2015.01.22 05:28:07.285,1.43369,1.43398,1.00,1.37
2015.01.22 05:28:07.818,1.43366,1.43397,3.37,1.37
2015.01.22 05:28:08.439,1.43366,1.43395,2.25,1.37
2015.01.22 05:28:08.592,1.43364,1.43395,1.50,1.87
2015.01.22 05:28:08.643,1.43364,1.43395,1.87,2.25
2015.01.22 05:28:08.845,1.43364,1.43389,2.25,1.00
2015.01.22 05:28:09.361,1.43363,1.43389,1.12,1.00
2015.01.22 05:28:09.838,1.43363,1.43391,1.12,1.12
2015.01.22 05:28:10.562,1.43365,1.43391,1.00,1.00
2015.01.22 05:28:10.663,1.43362,1.43392,1.87,1.87
2015.01.22 05:28:10.916,1.43362,1.43388,1.00,1.00
2015.01.22 05:28:11.474,1.43359,1.43388,1.12,1.00
2015.01.22 05:28:11.590,1.43359,1.4339,1.12,1.57
2015.01.22 05:28:15.192,1.4336,1.43391,1.00,1.12
2015.01.22 05:28:15.698,1.4336,1.43392,1.50,1.12
2015.01.22 05:28:18.202,1.43364,1.43393,1.00,1.37
2015.01.22 05:28:18.304,1.43364,1.43395,1.37,1.12
2015.01.22 05:28:18.607,1.43365,1.43396,1.12,1.00
2015.01.22 05:28:21.300,1.43365,1.43393,1.87,1.00
2015.01.22 05:28:21.452,1.43364,1.43393,1.10,1.12
2015.01.22 05:28:21.654,1.43361,1.43392,1.57,1.12
2015.01.22 05:28:21.857,1.43358,1.43391,1.95,1.00
2015.01.22 05:28:22.369,1.4336,1.43391,1.00,1.50
2015.01.22 05:28:24.255,1.4336,1.4339,1.00,1.00
2015.01.22 05:28:24.306,1.43356,1.43384,2.25,1.00
2015.01.22 05:28:24.458,1.43354,1.43384,1.87,1.00
2015.01.22 05:28:24.509,1.43354,1.43387,1.87,1.00
2015.01.22 05:28:24.560,1.43354,1.43387,2.62,1.00
2015.01.22 05:28:24.611,1.43354,1.43389,2.62,1.00
2015.01.22 05:28:25.262,1.43358,1.4339,1.00,1.50
2015.01.22 05:28:26.243,1.43362,1.43391,1.00,1.00
2015.01.22 05:28:26.547,1.43365,1.43397,1.00,1.47
2015.01.22 05:28:27.053,1.43365,1.43397,1.12,1.37
2015.01.22 05:28:27.306,1.43365,1.43394,1.12,1.00
2015.01.22 05:28:27.670,1.43365,1.43398,1.12,1.87
2015.01.22 05:28:30.221,1.43364,1.43395,3.00,1.00
2015.01.22 05:28:31.830,1.43364,1.43395,3.75,1.37
2015.01.22 05:28:33.214,1.43364,1.43395,2.25,1.37
2015.01.22 05:28:34.729,1.43364,1.43395,2.25,1.37
2015.01.22 05:28:46.985,1.43364,1.43394,1.87,1.37
2015.01.22 05:28:48.598,1.43364,1.43393,1.37,1.12
2015.01.22 05:28:58.183,1.43364,1.43393,1.50,1.00
2015.01.22 05:29:01.225,1.43364,1.43395,1.50,1.37
2015.01.22 05:29:02.728,1.43364,1.43395,1.87,1.37
2015.01.22 05:29:07.012,1.43367,1.43395,1.00,1.37
2015.01.22 05:29:19.780,1.43367,1.43394,1.00,1.12
2015.01.22 05:29:19.831,1.43365,1.43394,1.00,1.12
2015.01.22 05:29:24.178,1.43364,1.43393,1.00,1.00
2015.01.22 05:29:24.743,1.43362,1.43393,1.50,1.12
2015.01.22 05:29:28.108,1.43362,1.43393,1.50,1.37
2015.01.22 05:29:30.112,1.43363,1.43392,1.47,1.00
2015.01.22 05:29:30.418,1.43363,1.43395,1.47,1.12
2015.01.22 05:29:30.773,1.43366,1.43395,1.12,1.00
2015.01.22 05:29:34.641,1.43364,1.43395,2.25,1.75
2015.01.22 05:29:34.843,1.43359,1.43385,1.00,1.37
2015.01.22 05:29:34.944,1.43353,1.43385,2.32,1.37
2015.01.22 05:29:35.046,1.43353,1.43383,1.50,1.50
2015.01.22 05:29:35.248,1.43353,1.43383,1.50,1.12
2015.01.22 05:29:35.575,1.43355,1.43383,1.00,1.50
2015.01.22 05:29:35.879,1.4335,1.43376,1.00,1.12
2015.01.22 05:29:35.980,1.43345,1.43376,1.10,1.50
2015.01.22 05:29:36.031,1.43345,1.43376,1.00,1.87
2015.01.22 05:29:36.816,1.43345,1.43376,1.00,1.50
2015.01.22 05:29:39.229,1.43344,1.43377,1.10,2.62
2015.01.22 05:29:39.758,1.43342,1.43377,2.25,2.62
2015.01.22 05:29:39.910,1.43342,1.43376,1.95,1.37
2015.01.22 05:29:41.482,1.43342,1.43377,1.95,2.25
2015.01.22 05:29:41.804,1.43346,1.43375,1.47,1.10
2015.01.22 05:29:42.259,1.43347,1.4338,1.87,1.75
2015.01.22 05:29:42.309,1.43349,1.4338,1.37,1.50
2015.01.22 05:29:43.017,1.4335,1.43382,1.37,1.75
2015.01.22 05:29:48.270,1.4335,1.43383,2.25,1.50
2015.01.22 05:29:49.188,1.4335,1.43383,2.25,1.50
2015.01.22 05:29:50.003,1.43351,1.43385,1.47,1.75
2015.01.22 05:29:52.387,1.43353,1.43386,1.37,1.75
2015.01.22 05:29:52.539,1.43354,1.43386,1.50,1.37
2015.01.22 05:29:52.741,1.43356,1.43389,1.75,1.12
2015.01.22 05:29:52.987,1.43356,1.43389,1.10,1.75
2015.01.22 05:29:53.611,1.43356,1.43389,1.00,1.75
2015.01.22 05:29:54.518,1.43361,1.43389,1.00,1.75
2015.01.22 05:29:58.109,1.43361,1.43392,1.37,1.75
2015.01.22 05:29:58.618,1.43361,1.43393,1.37,1.75
2015.01.22 05:29:59.123,1.43357,1.43391,1.50,1.12
2015.01.22 05:29:59.641,1.43357,1.4339,1.87,1.75
2015.01.22 05:30:00.475,1.43359,1.43391,1.00,1.75
2015.01.22 05:30:00.879,1.4336,1.43391,1.12,1.75
2015.01.22 05:30:04.698,1.43359,1.43391,1.87,1.75
2015.01.22 05:30:09.940,1.43358,1.4339,1.37,1.75
2015.01.22 05:30:10.041,1.43358,1.4339,1.37,1.75
2015.01.22 05:30:13.380,1.43356,1.43389,1.87,1.75
2015.01.22 05:30:14.605,1.43357,1.43389,1.00,2.25
2015.01.22 05:30:15.144,1.43356,1.43389,1.00,2.62
2015.01.22 05:30:30.397,1.43356,1.43386,1.00,1.12
2015.01.22 05:30:31.051,1.43356,1.43386,1.00,1.12
2015.01.22 05:30:34.459,1.43356,1.43387,1.00,1.12
2015.01.22 05:30:41.702,1.43356,1.43389,1.37,1.75
2015.01.22 05:30:42.290,1.43358,1.4339,1.00,2.25
2015.01.22 05:30:43.836,1.43358,1.43393,1.37,3.37
2015.01.22 05:30:45.117,1.43358,1.43393,1.87,2.25
2015.01.22 05:30:45.269,1.4336,1.43393,1.00,2.25
2015.01.22 05:30:45.319,1.4336,1.43393,1.00,2.25
2015.01.22 05:30:45.370,1.43358,1.43393,1.87,2.25
2015.01.22 05:30:45.421,1.43358,1.43393,1.87,2.25
2015.01.22 05:30:45.926,1.4336,1.43393,1.12,1.75
2015.01.22 05:30:46.977,1.4336,1.43393,1.87,1.75
2015.01.22 05:30:47.287,1.43366,1.43395,1.37,1.75
2015.01.22 05:30:47.338,1.43366,1.43398,1.37,2.25
2015.01.22 05:30:47.860,1.43366,1.43398,1.37,1.75
2015.01.22 05:30:47.961,1.43366,1.43398,1.37,1.75
2015.01.22 05:30:48.472,1.43367,1.43398,1.12,1.75
2015.01.22 05:30:50.264,1.43366,1.43398,1.50,1.75
2015.01.22 05:30:56.561,1.43366,1.43397,1.00,1.12
2015.01.22 05:30:57.066,1.43366,1.43397,1.37,1.12
2015.01.22 05:31:00.083,1.43366,1.43397,1.37,1.12
2015.01.22 05:31:00.184,1.43366,1.43397,1.37,1.12
2015.01.22 05:31:02.072,1.43367,1.43398,1.87,1.12
2015.01.22 05:31:06.477,1.43369,1.43398,1.00,1.12
2015.01.22 05:31:07.325,1.43369,1.43398,1.00,1.12
2015.01.22 05:31:07.693,1.43374,1.43398,1.00,1.12
2015.01.22 05:31:07.907,1.43372,1.43398,1.00,1.12
2015.01.22 05:31:08.813,1.43368,1.43398,1.00,1.87
2015.01.22 05:31:14.081,1.43365,1.43397,2.62,1.87
2015.01.22 05:31:14.284,1.43365,1.43395,1.87,1.12
2015.01.22 05:31:14.609,1.43365,1.43395,1.87,1.12
2015.01.22 05:31:15.300,1.43366,1.43395,1.00,1.12
2015.01.22 05:31:18.674,1.43366,1.43392,1.00,1.20
2015.01.22 05:31:20.556,1.43365,1.43392,1.00,1.12
2015.01.22 05:31:21.061,1.43366,1.43392,1.00,1.10
2015.01.22 05:31:25.751,1.43365,1.43392,1.00,1.12
2015.01.22 05:31:26.636,1.43363,1.43392,1.00,1.12
2015.01.22 05:31:26.788,1.43363,1.43392,1.00,1.50
2015.01.22 05:31:27.225,1.43362,1.43392,1.50,1.87
2015.01.22 05:31:36.308,1.43362,1.43392,1.37,1.12
2015.01.22 05:31:36.359,1.43362,1.43393,1.37,1.87
2015.01.22 05:31:36.919,1.43362,1.43393,1.12,1.87
2015.01.22 05:31:37.454,1.43362,1.43393,2.62,1.50
2015.01.22 05:31:40.703,1.43363,1.43395,1.50,1.50
2015.01.22 05:31:40.804,1.43365,1.43395,1.37,1.50
2015.01.22 05:31:40.906,1.43365,1.43395,1.00,1.10
2015.01.22 05:31:41.411,1.43366,1.43395,1.00,1.12
2015.01.22 05:31:41.717,1.43365,1.43395,1.00,1.37
2015.01.22 05:31:47.047,1.43365,1.43395,1.00,1.87
2015.01.22 05:31:50.956,1.43365,1.43396,1.87,1.87
2015.01.22 05:31:51.260,1.43365,1.43396,1.12,1.75
2015.01.22 05:31:51.361,1.43365,1.43397,1.12,1.12
2015.01.22 05:32:05.707,1.43365,1.43395,1.37,1.12
2015.01.22 05:32:06.306,1.43363,1.43394,1.37,1.75
2015.01.22 05:32:08.486,1.43363,1.43394,1.37,1.75
2015.01.22 05:32:09.947,1.43364,1.43394,1.00,1.75
2015.01.22 05:32:10.156,1.43366,1.43394,1.00,1.75
2015.01.22 05:32:10.565,1.43366,1.43393,1.00,1.12
2015.01.22 05:32:10.617,1.43364,1.43393,1.12,1.12
2015.01.22 05:32:11.714,1.43366,1.43393,1.00,1.87
2015.01.22 05:32:17.295,1.43366,1.43393,1.00,1.12
2015.01.22 05:32:17.447,1.43364,1.43393,1.12,1.12
2015.01.22 05:32:21.126,1.43364,1.43391,1.12,1.12
2015.01.22 05:32:21.894,1.43364,1.43393,1.12,1.87
2015.01.22 05:32:22.491,1.43364,1.43393,1.50,1.87
2015.01.22 05:32:23.023,1.43364,1.43393,1.12,1.87
2015.01.22 05:32:25.197,1.43364,1.43393,1.50,1.87
2015.01.22 05:32:27.534,1.43364,1.43393,1.12,1.12
2015.01.22 05:32:28.065,1.43362,1.43392,1.00,1.12
2015.01.22 05:32:28.267,1.43362,1.43392,1.37,1.75
2015.01.22 05:32:28.419,1.43366,1.43394,1.00,1.12
2015.01.22 05:32:29.036,1.43366,1.43393,1.00,1.12
2015.01.22 05:32:29.188,1.43363,1.43392,1.12,1.12
2015.01.22 05:32:29.289,1.43363,1.4339,1.12,1.37
2015.01.22 05:32:29.744,1.4336,1.4339,1.00,1.37
2015.01.22 05:32:32.234,1.4336,1.4339,1.00,1.12
2015.01.22 05:32:32.704,1.43356,1.43389,2.62,1.12
2015.01.22 05:32:39.280,1.43356,1.43387,1.00,1.12
2015.01.22 05:32:41.712,1.43356,1.43386,1.00,1.12
2015.01.22 05:33:00.284,1.43356,1.43387,1.00,1.87
2015.01.22 05:33:00.385,1.43358,1.43386,1.00,1.50
2015.01.22 05:33:00.537,1.43358,1.43386,1.20,1.00
2015.01.22 05:33:00.841,1.43358,1.43389,1.50,1.47
2015.01.22 05:33:01.145,1.43357,1.4339,2.62,1.00
2015.01.22 05:33:01.703,1.43357,1.43391,3.37,2.62
2015.01.22 05:33:02.903,1.43359,1.43391,2.62,1.37
2015.01.22 05:33:05.528,1.43359,1.43391,2.25,1.00
2015.01.22 05:33:06.045,1.43362,1.43391,1.00,1.50
2015.01.22 05:33:08.207,1.43359,1.43391,1.87,1.50
2015.01.22 05:33:09.746,1.43359,1.43391,1.50,1.10
2015.01.22 05:33:10.078,1.43359,1.43391,1.20,1.87
2015.01.22 05:33:10.388,1.43359,1.43391,1.87,1.47
2015.01.22 05:33:14.056,1.43359,1.43391,1.50,1.10
2015.01.22 05:33:14.666,1.43359,1.4339,1.50,1.00
2015.01.22 05:33:15.074,1.43359,1.4339,1.00,1.12
2015.01.22 05:33:15.634,1.43359,1.43391,1.87,1.12
2015.01.22 05:33:20.903,1.4336,1.43392,1.47,2.62
2015.01.22 05:33:21.383,1.4336,1.43392,1.47,2.25
2015.01.22 05:33:21.535,1.43363,1.43393,1.00,1.12
2015.01.22 05:33:22.041,1.43363,1.43391,1.00,1.00
2015.01.22 05:33:22.584,1.43363,1.4339,1.00,1.00
2015.01.22 05:33:23.092,1.43359,1.4339,2.62,1.00
2015.01.22 05:33:27.803,1.43359,1.4339,2.62,1.37
2015.01.22 05:33:28.010,1.43359,1.4339,2.25,1.37
2015.01.22 05:33:28.826,1.43359,1.4339,3.00,1.00
2015.01.22 05:33:29.331,1.43359,1.4339,1.87,1.37
2015.01.22 05:33:31.794,1.43359,1.4339,1.87,1.50
2015.01.22 05:33:34.479,1.4336,1.43393,1.95,2.25
2015.01.22 05:33:35.382,1.4336,1.43393,1.47,2.25
2015.01.22 05:33:36.928,1.4336,1.43393,1.47,2.25
2015.01.22 05:33:45.273,1.43361,1.43393,1.12,2.62
2015.01.22 05:33:46.042,1.43361,1.43393,1.20,2.25
2015.01.22 05:33:47.857,1.43361,1.43393,1.95,1.50
2015.01.22 05:33:49.123,1.43361,1.43393,1.87,1.87
2015.01.22 05:33:49.644,1.43361,1.43393,1.50,1.87
2015.01.22 05:33:50.002,1.43362,1.43393,1.50,1.50
2015.01.22 05:33:51.487,1.43362,1.43393,1.50,1.50
2015.01.22 05:33:52.002,1.43362,1.43393,1.00,1.50
2015.01.22 05:33:56.277,1.4336,1.43393,1.12,1.87
2015.01.22 05:33:56.782,1.43362,1.43393,1.00,1.12
2015.01.22 05:33:57.286,1.43361,1.43393,1.10,1.00
2015.01.22 05:33:57.791,1.43362,1.43393,1.00,1.37
2015.01.22 05:34:01.113,1.4336,1.43391,1.10,1.47
2015.01.22 05:34:01.434,1.43362,1.43391,1.87,1.20
2015.01.22 05:34:01.740,1.43362,1.43391,1.00,1.47
2015.01.22 05:34:01.842,1.4336,1.43391,1.00,2.25
2015.01.22 05:34:02.350,1.43359,1.43388,1.00,1.00
2015.01.22 05:34:02.502,1.43356,1.43388,1.50,1.00
2015.01.22 05:34:03.019,1.43356,1.43389,1.20,1.50
2015.01.22 05:34:04.193,1.43355,1.43389,1.37,1.12
2015.01.22 05:34:04.344,1.43355,1.43389,1.47,1.37
2015.01.22 05:34:05.505,1.43355,1.43389,1.20,1.87
2015.01.22 05:34:06.612,1.43355,1.43387,1.12,1.37
2015.01.22 05:34:07.840,1.43356,1.43387,1.00,1.37
2015.01.22 05:34:08.797,1.43356,1.43388,1.37,1.75
2015.01.22 05:34:08.898,1.43356,1.43388,1.12,1.75
2015.01.22 05:34:09.393,1.43356,1.43388,1.37,1.37
2015.01.22 05:34:14.612,1.43357,1.43389,1.37,2.25
2015.01.22 05:34:14.764,1.43357,1.43389,3.37,1.12
2015.01.22 05:34:14.816,1.43357,1.43389,3.75,1.12
2015.01.22 05:34:15.347,1.43357,1.43389,4.50,1.00
2015.01.22 05:34:15.923,1.43357,1.43389,4.12,1.12
2015.01.22 05:34:17.924,1.43357,1.43389,5.25,1.00
2015.01.22 05:34:18.864,1.4336,1.4339,1.47,1.00
2015.01.22 05:34:19.066,1.43361,1.43393,2.25,1.10
2015.01.22 05:34:19.766,1.43361,1.43393,1.50,1.20
2015.01.22 05:34:20.173,1.43361,1.43393,1.50,1.20
2015.01.22 05:34:20.275,1.43361,1.43393,1.37,1.50
2015.01.22 05:34:23.673,1.43361,1.43394,1.37,1.12
2015.01.22 05:34:23.992,1.43361,1.43392,1.37,1.37
2015.01.22 05:34:24.342,1.43361,1.43394,1.37,1.12
2015.01.22 05:34:27.622,1.43361,1.43394,1.37,1.87
2015.01.22 05:34:27.875,1.43361,1.43394,1.50,1.50
2015.01.22 05:34:29.697,1.43361,1.43393,1.50,1.47
2015.01.22 05:34:30.304,1.43361,1.4339,1.00,1.20
2015.01.22 05:34:30.709,1.43361,1.4339,1.12,1.47
2015.01.22 05:34:35.588,1.43362,1.43389,1.00,1.50
2015.01.22 05:34:36.664,1.43364,1.43389,1.00,1.12
2015.01.22 05:34:36.817,1.43362,1.43389,1.00,1.12
2015.01.22 05:34:37.346,1.43361,1.43389,1.12,1.10
2015.01.22 05:34:37.852,1.43362,1.43389,1.00,1.10
2015.01.22 05:34:47.331,1.43362,1.43389,1.00,1.95
2015.01.22 05:34:48.480,1.43362,1.43389,1.12,1.95
2015.01.22 05:34:49.064,1.43358,1.43389,2.25,1.87
2015.01.22 05:34:50.570,1.43358,1.43389,1.75,1.87
2015.01.22 05:34:51.077,1.43358,1.43389,1.75,1.87
2015.01.22 05:34:54.883,1.43357,1.43388,1.12,1.37
2015.01.22 05:34:54.984,1.43357,1.43388,1.12,1.12
2015.01.22 05:34:55.515,1.43356,1.43388,1.87,1.37
2015.01.22 05:34:57.683,1.43356,1.43388,1.87,1.00
2015.01.22 05:34:59.338,1.43356,1.43387,1.87,1.00
2015.01.22 05:35:00.203,1.43356,1.43387,1.87,1.37
2015.01.22 05:35:00.736,1.43356,1.43387,1.75,1.12
2015.01.22 05:35:05.020,1.43356,1.43386,1.12,1.12
2015.01.22 05:35:07.350,1.43355,1.43386,1.87,1.12
2015.01.22 05:35:12.722,1.43355,1.43387,2.62,1.87
2015.01.22 05:35:12.823,1.43355,1.43387,2.62,1.87
2015.01.22 05:35:14.721,1.43357,1.43387,1.37,1.87
2015.01.22 05:35:20.071,1.43357,1.43387,1.87,1.00
2015.01.22 05:35:20.636,1.43357,1.43387,1.75,1.00
2015.01.22 05:35:21.557,1.43356,1.43387,1.75,1.12
2015.01.22 05:35:21.607,1.43356,1.43387,1.37,1.87
2015.01.22 05:35:21.937,1.43353,1.43385,1.47,1.50
2015.01.22 05:35:22.836,1.43353,1.43385,1.10,2.25
2015.01.22 05:35:29.267,1.4335,1.43382,1.50,1.87
2015.01.22 05:35:29.371,1.4335,1.43382,1.87,1.12
2015.01.22 05:35:31.279,1.43352,1.43382,1.37,1.12
2015.01.22 05:35:35.379,1.43355,1.43382,1.00,1.12
2015.01.22 05:35:36.148,1.43355,1.43382,1.12,1.12
2015.01.22 05:35:36.317,1.43355,1.43385,1.12,1.95
2015.01.22 05:35:36.670,1.43358,1.43385,1.00,1.95
2015.01.22 05:35:36.973,1.43361,1.43385,1.00,1.57
2015.01.22 05:35:37.664,1.43361,1.43388,1.00,1.50
2015.01.22 05:35:43.927,1.4336,1.43388,1.00,1.50
2015.01.22 05:35:51.150,1.4336,1.43388,1.00,1.10
2015.01.22 05:35:54.562,1.4336,1.43391,1.10,3.00
2015.01.22 05:35:55.982,1.4336,1.43391,1.10,2.25
2015.01.22 05:35:56.491,1.4336,1.43391,1.20,1.50
2015.01.22 05:35:57.987,1.4336,1.43391,1.87,1.37
2015.01.22 05:35:58.088,1.4336,1.43391,1.20,1.50
2015.01.22 05:35:58.290,1.4336,1.43391,1.10,1.50
2015.01.22 05:35:58.368,1.4336,1.43391,1.20,1.50
2015.01.22 05:35:58.420,1.43363,1.43391,1.00,1.50
2015.01.22 05:35:58.723,1.43361,1.43387,1.00,1.00
2015.01.22 05:36:00.629,1.43357,1.43387,1.87,1.12
2015.01.22 05:36:01.181,1.43357,1.43387,1.50,1.37
2015.01.22 05:36:05.902,1.43357,1.43385,1.00,1.12
2015.01.22 05:36:07.233,1.43357,1.43387,1.00,2.25
2015.01.22 05:36:13.431,1.43357,1.43387,1.00,1.75
2015.01.22 05:36:14.239,1.43357,1.43387,1.00,1.75
2015.01.22 05:36:14.767,1.43357,1.43387,1.10,1.47
2015.01.22 05:36:14.818,1.43357,1.43387,1.10,1.47
2015.01.22 05:36:15.324,1.43357,1.43387,1.10,1.20
2015.01.22 05:36:16.549,1.4336,1.4339,1.00,2.62
2015.01.22 05:36:19.334,1.4336,1.4339,1.00,1.50
2015.01.22 05:36:22.073,1.4336,1.4339,1.37,1.12
2015.01.22 05:36:22.175,1.43365,1.4339,1.00,1.00
2015.01.22 05:36:22.528,1.43365,1.43394,1.12,2.25
2015.01.22 05:36:22.630,1.43365,1.43391,1.00,1.50
2015.01.22 05:36:27.788,1.43363,1.43391,1.00,1.50
2015.01.22 05:36:28.329,1.43363,1.43391,1.00,1.20
2015.01.22 05:36:29.209,1.43363,1.43391,1.00,1.50
2015.01.22 05:36:30.695,1.43366,1.43392,1.00,1.87
2015.01.22 05:36:31.256,1.43366,1.43394,1.37,3.00
2015.01.22 05:36:31.307,1.43369,1.43394,1.00,1.37
2015.01.22 05:36:31.813,1.4337,1.43397,1.00,1.12
2015.01.22 05:36:32.519,1.43373,1.43401,1.00,1.75
2015.01.22 05:36:32.772,1.43373,1.43401,1.00,1.37
2015.01.22 05:36:33.277,1.43373,1.43401,1.00,1.75
2015.01.22 05:36:33.328,1.43373,1.43399,1.00,1.12
2015.01.22 05:36:33.631,1.43373,1.43401,1.00,2.25
2015.01.22 05:36:35.088,1.43373,1.43401,1.00,2.62
2015.01.22 05:36:35.393,1.43373,1.43398,1.00,1.12
2015.01.22 05:36:39.342,1.43371,1.43398,1.00,1.12
2015.01.22 05:36:44.343,1.43372,1.43398,1.00,1.12
2015.01.22 05:36:45.405,1.43372,1.43401,1.00,1.87
2015.01.22 05:36:45.760,1.43372,1.43401,1.00,1.75
2015.01.22 05:36:49.342,1.43373,1.43401,1.00,1.50
2015.01.22 05:36:50.453,1.43373,1.43401,1.00,1.20
2015.01.22 05:36:52.298,1.43373,1.43401,1.00,1.47
2015.01.22 05:36:52.888,1.43373,1.43401,1.00,1.10
2015.01.22 05:36:54.441,1.43373,1.43401,1.00,1.50
2015.01.22 05:36:54.952,1.43374,1.43401,1.00,1.37
2015.01.22 05:36:55.432,1.43372,1.434,1.00,1.75
2015.01.22 05:36:55.634,1.43372,1.43399,1.00,1.12
2015.01.22 05:36:57.265,1.43372,1.434,1.00,1.75
2015.01.22 05:37:00.497,1.43372,1.43398,1.00,1.50
2015.01.22 05:37:00.649,1.43368,1.43398,1.37,2.25
2015.01.22 05:37:01.232,1.43368,1.43395,1.00,1.12
2015.01.22 05:37:02.928,1.43368,1.43396,1.12,1.12
2015.01.22 05:37:04.732,1.43368,1.43398,1.00,2.25
2015.01.22 05:37:05.397,1.43368,1.43395,1.00,1.00
2015.01.22 05:37:05.701,1.43365,1.43389,1.00,1.12
2015.01.22 05:37:05.751,1.43362,1.43389,1.00,1.20
2015.01.22 05:37:05.853,1.43362,1.43389,1.00,1.75
2015.01.22 05:37:05.954,1.43359,1.43387,1.00,1.47
2015.01.22 05:37:06.107,1.43359,1.43386,1.00,1.12
2015.01.22 05:37:08.711,1.43359,1.43386,1.00,1.87
2015.01.22 05:37:10.955,1.4336,1.43386,1.00,1.87
2015.01.22 05:37:14.998,1.4336,1.43386,1.00,1.50
2015.01.22 05:37:16.471,1.43359,1.43386,1.00,1.87
2015.01.22 05:37:19.521,1.43359,1.43386,1.00,1.50
2015.01.22 05:37:21.536,1.43359,1.43383,1.00,1.00
2015.01.22 05:37:22.223,1.4336,1.43383,1.00,1.00
2015.01.22 05:37:27.207,1.43361,1.43383,1.00,1.00
2015.01.22 05:37:27.258,1.43361,1.43386,1.00,1.10
2015.01.22 05:37:27.410,1.43361,1.43388,1.00,1.10
2015.01.22 05:37:27.461,1.43361,1.43391,1.37,2.62
2015.01.22 05:37:27.613,1.43361,1.43388,1.00,1.10
2015.01.22 05:37:28.036,1.4336,1.43386,1.10,1.00
2015.01.22 05:37:28.239,1.43357,1.43386,1.50,1.00
2015.01.22 05:37:28.961,1.43357,1.43386,1.50,1.37
2015.01.22 05:37:29.206,1.43357,1.43386,1.50,1.12
2015.01.22 05:37:33.609,1.43359,1.43386,1.00,1.00
2015.01.22 05:37:40.509,1.43362,1.43386,1.00,1.00
2015.01.22 05:37:49.859,1.4336,1.43386,1.00,1.00
2015.01.22 05:37:58.457,1.43361,1.43386,1.00,1.00
2015.01.22 05:37:59.615,1.43361,1.4339,1.00,2.62
2015.01.22 05:38:08.558,1.4336,1.4339,1.00,1.87
2015.01.22 05:38:10.364,1.43361,1.4339,1.00,2.25
2015.01.22 05:38:10.668,1.43365,1.4339,1.00,1.10
2015.01.22 05:38:10.870,1.43365,1.43396,1.95,1.50
2015.01.22 05:38:11.123,1.43368,1.43394,1.00,1.00
2015.01.22 05:38:11.693,1.43368,1.43392,1.00,1.00
2015.01.22 05:38:12.532,1.43363,1.43392,1.50,1.50
2015.01.22 05:38:12.734,1.43363,1.43392,1.10,1.57
2015.01.22 05:38:12.835,1.43362,1.43392,2.25,1.10
2015.01.22 05:38:13.730,1.43366,1.43392,1.00,1.00
2015.01.22 05:38:14.488,1.43366,1.43391,1.00,1.00
2015.01.22 05:38:15.031,1.43367,1.43391,1.00,1.00
2015.01.22 05:38:16.374,1.43368,1.43391,1.00,1.00
2015.01.22 05:38:16.881,1.43367,1.43391,1.00,1.00
2015.01.22 05:38:17.286,1.43363,1.43391,1.50,1.00
2015.01.22 05:38:19.489,1.43364,1.43392,1.12,1.00
2015.01.22 05:38:23.308,1.43363,1.43392,1.75,1.00
2015.01.22 05:38:24.335,1.43363,1.43393,1.75,1.00
2015.01.22 05:38:24.841,1.43363,1.43392,1.50,1.50
2015.01.22 05:38:25.842,1.43363,1.43393,1.50,1.00
2015.01.22 05:38:29.224,1.43363,1.43392,1.50,1.00
2015.01.22 05:38:29.729,1.43364,1.43394,1.50,1.10
2015.01.22 05:38:29.780,1.43364,1.43394,1.75,1.00
2015.01.22 05:38:30.033,1.43363,1.43393,1.50,1.00
2015.01.22 05:38:30.389,1.43362,1.43393,1.50,1.47
2015.01.22 05:38:30.868,1.4336,1.43391,1.12,1.50
2015.01.22 05:38:31.383,1.43362,1.43391,1.10,1.00
2015.01.22 05:38:31.433,1.43362,1.43391,1.75,1.00
2015.01.22 05:38:32.867,1.43363,1.43394,1.87,1.57
2015.01.22 05:38:33.648,1.43362,1.43394,1.47,1.75
2015.01.22 05:38:33.750,1.43362,1.43394,2.62,1.12
2015.01.22 05:38:34.937,1.43362,1.43391,1.37,1.00
2015.01.22 05:38:35.089,1.4336,1.43391,1.50,1.10
2015.01.22 05:38:35.594,1.43359,1.43391,2.62,1.00
2015.01.22 05:38:38.344,1.43365,1.43392,1.00,1.00
2015.01.22 05:38:38.546,1.43365,1.43396,1.12,1.12
2015.01.22 05:38:39.141,1.43365,1.43398,2.25,1.50
2015.01.22 05:38:39.242,1.43369,1.43398,1.00,1.50
2015.01.22 05:38:39.498,1.43369,1.43398,1.00,1.00
2015.01.22 05:38:44.258,1.43368,1.43398,1.10,1.00
2015.01.22 05:38:49.574,1.43369,1.43398,1.00,1.00
2015.01.22 05:38:50.083,1.43369,1.43398,1.37,1.00
2015.01.22 05:38:50.185,1.43372,1.43398,1.00,1.00
2015.01.22 05:38:50.692,1.43372,1.43398,1.00,1.12
2015.01.22 05:38:51.014,1.43372,1.43398,1.00,1.75
2015.01.22 05:38:51.439,1.43372,1.43398,1.00,1.75
2015.01.22 05:38:52.789,1.43369,1.43398,1.37,1.75
2015.01.22 05:38:53.539,1.43369,1.43398,1.37,1.50
2015.01.22 05:38:56.303,1.43369,1.43398,1.12,1.50
2015.01.22 05:38:57.162,1.43369,1.43395,1.00,1.00
2015.01.22 05:38:57.213,1.43366,1.43391,1.00,1.00
2015.01.22 05:38:57.517,1.43366,1.43387,1.00,1.00
2015.01.22 05:38:57.719,1.43366,1.43392,1.00,1.00
2015.01.22 05:38:58.329,1.43366,1.43392,1.00,1.37
2015.01.22 05:38:58.712,1.43366,1.43388,1.00,1.00
2015.01.22 05:39:00.587,1.43366,1.4339,1.00,1.00
2015.01.22 05:39:01.131,1.43366,1.43392,1.00,1.00
2015.01.22 05:39:01.284,1.43369,1.43392,1.00,1.00
2015.01.22 05:39:01.812,1.43369,1.43393,1.12,1.00
2015.01.22 05:39:02.373,1.43369,1.43392,1.12,1.00
2015.01.22 05:39:02.677,1.43369,1.43391,1.37,1.00
2015.01.22 05:39:02.727,1.43369,1.43391,1.12,1.00
2015.01.22 05:39:02.899,1.43369,1.43393,1.12,1.00
2015.01.22 05:39:05.538,1.43369,1.43393,1.37,1.00
2015.01.22 05:39:05.904,1.43369,1.43393,1.12,1.00
2015.01.22 05:39:08.898,1.43367,1.43393,1.12,1.00
2015.01.22 05:39:09.011,1.43367,1.4339,1.12,1.00
2015.01.22 05:39:11.395,1.43367,1.43392,1.00,1.00
2015.01.22 05:39:11.547,1.43367,1.43392,1.37,1.00
2015.01.22 05:39:11.867,1.43367,1.4339,1.50,1.00
2015.01.22 05:39:12.019,1.43367,1.4339,1.12,1.00
2015.01.22 05:39:12.120,1.43367,1.4339,1.37,1.00
2015.01.22 05:39:13.242,1.43369,1.43391,1.12,1.00
2015.01.22 05:39:13.767,1.43369,1.43391,1.37,1.00
2015.01.22 05:39:14.796,1.43369,1.43395,1.37,1.50
2015.01.22 05:39:15.344,1.43369,1.43395,1.00,1.50
2015.01.22 05:39:15.850,1.43369,1.43395,1.37,1.50
2015.01.22 05:39:16.153,1.43369,1.43395,1.00,1.00
2015.01.22 05:39:16.651,1.43369,1.43395,1.37,1.00
2015.01.22 05:39:16.752,1.43369,1.43395,1.00,1.00
2015.01.22 05:39:16.854,1.43366,1.43395,1.47,1.00
2015.01.22 05:39:17.299,1.43366,1.43394,1.37,1.12
2015.01.22 05:39:17.859,1.43366,1.43394,1.37,1.00
2015.01.22 05:39:19.768,1.43366,1.43394,1.00,1.00
2015.01.22 05:39:20.624,1.43366,1.43395,1.00,2.25
2015.01.22 05:39:21.024,1.43366,1.43395,1.50,2.25
2015.01.22 05:39:24.029,1.43366,1.43395,1.20,2.32
2015.01.22 05:39:24.436,1.43366,1.43391,1.10,1.00
2015.01.22 05:39:24.767,1.4336,1.43385,1.75,1.00
2015.01.22 05:39:24.818,1.43359,1.43385,2.25,1.00
2015.01.22 05:39:24.919,1.43359,1.43387,2.25,1.37
2015.01.22 05:39:25.021,1.43364,1.43387,1.10,1.00
2015.01.22 05:39:25.072,1.43364,1.43391,1.10,1.87
2015.01.22 05:39:25.122,1.43364,1.43391,1.50,1.00
2015.01.22 05:39:25.224,1.43364,1.43393,1.00,1.00
2015.01.22 05:39:25.657,1.43367,1.43393,1.10,1.50
2015.01.22 05:39:31.967,1.43367,1.43394,1.10,1.00
2015.01.22 05:39:32.496,1.43368,1.43394,1.00,1.00
2015.01.22 05:39:33.006,1.43368,1.43393,1.00,1.00
2015.01.22 05:39:37.158,1.43368,1.43391,1.00,1.00
2015.01.22 05:39:37.675,1.43367,1.43391,1.10,1.00
2015.01.22 05:39:38.193,1.43367,1.43392,1.10,1.00
2015.01.22 05:39:41.862,1.43364,1.43389,1.50,1.00
2015.01.22 05:39:42.065,1.43364,1.43392,1.75,1.50
2015.01.22 05:39:42.166,1.43365,1.43393,1.57,1.00
2015.01.22 05:39:42.268,1.43365,1.43393,1.87,1.37
2015.01.22 05:39:42.369,1.43365,1.43393,1.50,1.00
2015.01.22 05:39:42.622,1.43366,1.43393,1.12,1.00
2015.01.22 05:39:45.879,1.43365,1.43387,1.50,1.00
2015.01.22 05:39:46.031,1.43364,1.43387,1.00,1.00
2015.01.22 05:39:46.082,1.43364,1.4339,1.00,1.00
2015.01.22 05:39:46.133,1.43367,1.43391,1.00,2.62
2015.01.22 05:39:46.778,1.43367,1.43392,1.10,1.00
2015.01.22 05:39:47.397,1.43367,1.43394,1.10,1.12
2015.01.22 05:39:48.577,1.43367,1.43389,1.10,1.00
2015.01.22 05:39:48.780,1.43364,1.43389,1.00,1.00
2015.01.22 05:39:48.882,1.43364,1.43393,1.12,1.50
2015.01.22 05:39:48.932,1.43368,1.43393,1.00,1.50
2015.01.22 05:39:48.983,1.43368,1.43393,1.00,1.00
2015.01.22 05:39:49.537,1.43368,1.43395,1.00,1.19
2015.01.22 05:39:50.308,1.43368,1.43395,1.00,1.00
2015.01.22 05:39:50.834,1.43368,1.43395,1.00,1.37
2015.01.22 05:39:52.389,1.43368,1.43395,1.00,1.12
2015.01.22 05:40:03.235,1.4337,1.43395,1.00,1.00
2015.01.22 05:40:03.488,1.43374,1.434,1.00,1.87
2015.01.22 05:40:03.741,1.43374,1.43403,1.12,1.87
2015.01.22 05:40:03.842,1.43378,1.43403,1.00,1.50
2015.01.22 05:40:08.457,1.43378,1.43403,1.50,1.87
2015.01.22 05:40:08.818,1.4338,1.43403,1.00,1.87
2015.01.22 05:40:09.125,1.43378,1.43403,1.50,1.87
2015.01.22 05:40:09.736,1.43378,1.43402,1.50,1.37
2015.01.22 05:40:11.148,1.43376,1.43402,1.00,1.00
2015.01.22 05:40:11.318,1.43383,1.43402,1.00,1.00
2015.01.22 05:40:13.748,1.43384,1.43402,1.00,1.00
2015.01.22 05:40:14.166,1.43384,1.43405,1.00,1.87
2015.01.22 05:40:16.847,1.43382,1.43406,1.00,1.37
2015.01.22 05:40:16.898,1.43382,1.43406,1.19,1.37
2015.01.22 05:40:17.201,1.43389,1.43409,1.00,1.00
2015.01.22 05:40:17.403,1.43387,1.43409,1.00,1.00
2015.01.22 05:40:17.504,1.43389,1.43411,1.00,1.00
2015.01.22 05:40:17.808,1.43391,1.43411,1.00,1.00
2015.01.22 05:40:18.161,1.43389,1.43411,1.00,1.00
2015.01.22 05:40:18.515,1.4339,1.43417,1.00,1.75
2015.01.22 05:40:18.617,1.43395,1.43417,1.00,1.37
2015.01.22 05:40:18.920,1.43389,1.4341,1.75,1.00
2015.01.22 05:40:19.123,1.43389,1.43413,1.50,1.00
2015.01.22 05:40:19.224,1.43387,1.43413,1.12,1.00
2015.01.22 05:40:19.275,1.43393,1.43413,1.00,1.00
2015.01.22 05:40:19.377,1.4339,1.43414,1.00,1.12
2015.01.22 05:40:19.579,1.43393,1.43416,1.00,1.37
2015.01.22 05:40:20.774,1.43393,1.43416,1.00,1.00
2015.01.22 05:40:20.876,1.43393,1.4342,1.00,1.12
2015.01.22 05:40:21.164,1.43393,1.43422,1.00,1.50
2015.01.22 05:40:21.688,1.43394,1.43422,1.00,1.12
2015.01.22 05:40:21.890,1.43392,1.43422,1.10,1.12
2015.01.22 05:40:22.396,1.43391,1.43421,1.12,1.00
2015.01.22 05:40:22.918,1.43394,1.43421,1.00,1.00
2015.01.22 05:40:23.429,1.43395,1.43421,1.00,1.00
2015.01.22 05:40:23.880,1.43395,1.43424,1.00,1.95
2015.01.22 05:40:24.386,1.43395,1.43426,1.37,1.12
2015.01.22 05:40:24.903,1.43393,1.43426,3.75,1.12
2015.01.22 05:40:25.423,1.43393,1.43426,3.37,1.00
2015.01.22 05:40:26.478,1.43394,1.43426,1.75,1.00
2015.01.22 05:40:27.045,1.43394,1.43426,1.87,1.00
2015.01.22 05:40:27.546,1.43394,1.43426,1.75,1.00
2015.01.22 05:40:27.749,1.434,1.43426,1.00,1.00
2015.01.22 05:40:31.790,1.434,1.43427,1.00,1.10
2015.01.22 05:40:37.006,1.434,1.43426,1.00,1.00
2015.01.22 05:40:37.309,1.43397,1.43417,1.00,1.00
2015.01.22 05:40:37.410,1.43392,1.43417,1.87,1.00
2015.01.22 05:40:37.562,1.43392,1.43414,1.50,1.00
2015.01.22 05:40:38.791,1.43391,1.43414,1.00,1.00
2015.01.22 05:40:43.547,1.43388,1.43414,1.50,1.00
2015.01.22 05:40:43.699,1.43388,1.43413,1.00,1.37
2015.01.22 05:40:44.003,1.43386,1.43408,1.00,1.00
2015.01.22 05:40:44.541,1.43386,1.43407,1.00,1.00
2015.01.22 05:41:00.198,1.43389,1.43407,1.00,1.00
2015.01.22 05:41:00.825,1.43388,1.43407,1.00,1.00
2015.01.22 05:41:01.378,1.43391,1.43407,1.00,1.00
2015.01.22 05:41:17.572,1.43389,1.43407,1.00,1.00
2015.01.22 05:41:18.176,1.43389,1.43409,1.00,1.37
2015.01.22 05:41:21.723,1.43391,1.43409,1.00,1.37
2015.01.22 05:41:22.094,1.43389,1.43409,1.00,1.37
2015.01.22 05:41:22.598,1.43392,1.43409,1.00,1.00
2015.01.22 05:41:23.406,1.43391,1.43409,1.00,1.00
2015.01.22 05:41:23.907,1.43392,1.4341,1.00,1.50
2015.01.22 05:41:29.337,1.43389,1.4341,1.00,1.87
2015.01.22 05:41:29.438,1.43393,1.43414,1.00,1.87
2015.01.22 05:41:29.539,1.43393,1.43417,1.00,2.62
2015.01.22 05:41:29.641,1.43397,1.43417,1.00,1.00
2015.01.22 05:41:29.742,1.43397,1.4342,1.00,1.00
2015.01.22 05:41:29.995,1.43394,1.43424,1.00,2.25
2015.01.22 05:41:30.096,1.43398,1.43423,1.00,1.00
2015.01.22 05:41:30.248,1.43397,1.43427,1.00,1.50
2015.01.22 05:41:30.752,1.43397,1.43426,1.00,1.00
2015.01.22 05:41:33.646,1.434,1.43426,1.00,1.00
2015.01.22 05:41:33.848,1.43402,1.43429,1.00,1.50
2015.01.22 05:41:34.355,1.43402,1.43423,1.00,1.00
2015.01.22 05:41:34.608,1.43392,1.4342,1.12,1.00
2015.01.22 05:41:34.759,1.43393,1.43417,1.10,1.00
2015.01.22 05:41:40.872,1.43393,1.43418,1.00,1.00
2015.01.22 05:41:44.432,1.43392,1.43418,1.00,1.00
2015.01.22 05:41:45.368,1.43391,1.43418,1.00,1.00
2015.01.22 05:41:47.138,1.43392,1.43418,1.00,1.00
2015.01.22 05:41:47.290,1.43394,1.43423,1.00,1.00
2015.01.22 05:41:51.570,1.43394,1.43422,1.00,1.00
2015.01.22 05:41:51.621,1.43394,1.43418,1.00,1.50
2015.01.22 05:41:51.672,1.43388,1.43411,1.00,1.00
2015.01.22 05:41:51.877,1.43386,1.43408,1.00,1.00
2015.01.22 05:41:52.181,1.43392,1.43413,1.00,1.00
2015.01.22 05:41:52.283,1.43392,1.43416,1.00,1.50
2015.01.22 05:41:52.385,1.43392,1.43419,1.00,1.00
2015.01.22 05:41:52.435,1.43394,1.43419,1.00,1.00
2015.01.22 05:41:52.739,1.43396,1.43421,1.00,1.00
2015.01.22 05:41:53.043,1.43396,1.43425,1.00,1.00
2015.01.22 05:41:55.614,1.43393,1.43425,1.37,1.00
2015.01.22 05:41:55.665,1.43393,1.43425,1.37,1.00
2015.01.22 05:41:55.968,1.43401,1.43427,1.00,1.00
2015.01.22 05:41:56.272,1.43405,1.43428,1.00,1.00
2015.01.22 05:41:56.322,1.43405,1.4343,1.00,1.00
2015.01.22 05:41:56.373,1.43398,1.4343,2.06,1.00
2015.01.22 05:41:56.493,1.434,1.43432,1.31,1.00
2015.01.22 05:41:56.696,1.43405,1.43433,1.00,2.25
2015.01.22 05:41:59.251,1.43406,1.43433,1.00,1.50
2015.01.22 05:42:00.361,1.43403,1.43431,1.00,1.00
2015.01.22 05:42:00.883,1.43403,1.4343,1.00,1.12
2015.01.22 05:42:03.510,1.43403,1.43427,1.00,1.00
2015.01.22 05:42:11.700,1.43405,1.43427,1.00,1.00
2015.01.22 05:42:12.598,1.43405,1.43428,1.00,1.12
2015.01.22 05:42:18.031,1.43405,1.43427,1.00,1.00
2015.01.22 05:42:20.017,1.43403,1.43427,1.00,1.00
2015.01.22 05:42:20.390,1.43401,1.43427,1.00,1.12
2015.01.22 05:42:21.887,1.434,1.43427,1.00,1.12
2015.01.22 05:42:23.850,1.434,1.43425,1.00,1.00
2015.01.22 05:42:24.376,1.43401,1.43425,1.00,1.12
2015.01.22 05:42:33.897,1.43402,1.43425,1.00,1.00
2015.01.22 05:42:48.017,1.43402,1.4343,1.00,1.00
2015.01.22 05:42:48.170,1.43402,1.4343,1.37,1.00
2015.01.22 05:42:48.474,1.434,1.43427,1.00,1.00
2015.01.22 05:42:48.755,1.43403,1.43427,1.00,1.00
2015.01.22 05:42:50.266,1.43402,1.43427,1.00,1.00
2015.01.22 05:42:53.497,1.43403,1.43427,1.00,1.00
2015.01.22 05:42:54.153,1.43404,1.43427,1.00,1.00
2015.01.22 05:42:56.049,1.43404,1.4343,1.00,1.00
2015.01.22 05:42:56.201,1.43405,1.43431,1.37,1.00
2015.01.22 05:42:56.353,1.43406,1.43435,1.37,1.00
2015.01.22 05:42:56.455,1.43414,1.43435,1.00,1.00
2015.01.22 05:42:56.556,1.43414,1.43438,1.00,1.00
2015.01.22 05:42:59.067,1.43412,1.43438,1.00,1.00
2015.01.22 05:42:59.424,1.43414,1.43438,1.00,1.00
2015.01.22 05:43:02.943,1.43414,1.4344,1.00,1.12
2015.01.22 05:43:03.486,1.43413,1.4344,1.00,1.00
2015.01.22 05:43:04.017,1.43414,1.4344,1.00,1.00
2015.01.22 05:43:06.766,1.43416,1.4344,1.00,1.00
2015.01.22 05:43:08.038,1.43416,1.43439,1.00,1.00
2015.01.22 05:43:09.941,1.43416,1.43441,1.00,1.87
2015.01.22 05:43:11.524,1.43413,1.43441,1.00,2.62
2015.01.22 05:43:11.625,1.43415,1.43441,1.00,2.25
2015.01.22 05:43:11.928,1.43415,1.43441,1.00,2.62
2015.01.22 05:43:12.730,1.43415,1.43441,1.00,2.62
2015.01.22 05:43:15.298,1.43415,1.4344,1.00,1.00
2015.01.22 05:43:20.498,1.43415,1.43434,1.00,1.00
2015.01.22 05:43:20.550,1.43409,1.43434,1.00,1.00
2015.01.22 05:43:20.651,1.43408,1.43434,1.00,1.37
2015.01.22 05:43:20.955,1.43412,1.43428,1.00,1.12
2015.01.22 05:43:21.006,1.43405,1.43428,1.00,1.12
2015.01.22 05:43:21.209,1.43403,1.43428,1.00,1.12
2015.01.22 05:43:21.310,1.43406,1.43428,1.00,1.12
2015.01.22 05:43:23.122,1.43407,1.43428,1.00,1.00
2015.01.22 05:43:23.623,1.43406,1.43428,1.00,1.00
2015.01.22 05:43:23.674,1.43404,1.43428,1.00,1.00
2015.01.22 05:43:24.783,1.43402,1.43428,1.00,1.00
2015.01.22 05:43:28.113,1.43402,1.43429,1.00,1.12
2015.01.22 05:43:29.684,1.43401,1.43429,1.12,1.12
2015.01.22 05:43:29.890,1.43401,1.43426,1.00,1.00
2015.01.22 05:43:30.612,1.43403,1.43426,1.00,1.00
2015.01.22 05:43:36.531,1.43403,1.43427,1.00,1.00
2015.01.22 05:43:39.825,1.43402,1.43427,1.00,1.00
2015.01.22 05:43:40.128,1.43417,1.43439,1.00,1.00
2015.01.22 05:43:40.179,1.4341,1.4344,1.37,1.00
2015.01.22 05:43:40.633,1.43409,1.43441,1.87,1.00
2015.01.22 05:43:41.918,1.43409,1.4344,1.37,1.00
2015.01.22 05:43:42.423,1.43409,1.43441,1.37,1.00
2015.01.22 05:43:42.984,1.43409,1.43441,1.12,1.50
2015.01.22 05:43:43.035,1.43412,1.43441,1.00,1.50
2015.01.22 05:43:43.136,1.43409,1.43441,1.12,1.00
2015.01.22 05:43:43.773,1.43412,1.43441,1.00,1.00
2015.01.22 05:43:43.875,1.43409,1.43441,1.12,1.00
2015.01.22 05:43:44.229,1.43412,1.43441,1.00,1.50
2015.01.22 05:43:44.330,1.43409,1.43441,1.12,1.50
2015.01.22 05:43:44.793,1.43412,1.43441,1.00,1.50
2015.01.22 05:43:44.895,1.43409,1.43441,1.12,1.00
2015.01.22 05:43:45.209,1.43412,1.43441,1.00,1.00
2015.01.22 05:43:46.448,1.43412,1.43442,1.00,1.00
2015.01.22 05:43:46.757,1.4341,1.43442,3.00,1.00
2015.01.22 05:43:47.263,1.43414,1.43442,1.00,1.00
2015.01.22 05:43:56.276,1.43414,1.43445,1.00,2.62
2015.01.22 05:43:56.580,1.43414,1.43445,1.37,1.87
2015.01.22 05:43:57.086,1.43416,1.43445,1.87,1.00
2015.01.22 05:43:57.298,1.43419,1.43448,1.00,1.00
2015.01.22 05:43:57.349,1.43419,1.43451,1.00,2.70
2015.01.22 05:43:57.450,1.43421,1.43451,1.00,1.95
2015.01.22 05:43:57.805,1.43421,1.43451,1.00,1.75
2015.01.22 05:43:57.956,1.43417,1.43444,1.00,1.37
2015.01.22 05:43:58.007,1.43413,1.43444,1.00,1.37
2015.01.22 05:43:58.541,1.43412,1.4344,1.00,1.12
2015.01.22 05:43:59.190,1.43412,1.43439,1.00,1.00
2015.01.22 05:43:59.449,1.4341,1.43439,1.00,1.00
2015.01.22 05:44:00.616,1.4341,1.43439,1.00,1.37
2015.01.22 05:44:00.767,1.43407,1.43437,1.50,1.12
2015.01.22 05:44:01.171,1.43407,1.4344,1.12,1.37
2015.01.22 05:44:01.679,1.43408,1.4344,1.00,1.87
2015.01.22 05:44:02.210,1.43408,1.4344,1.00,2.25
2015.01.22 05:44:03.193,1.43408,1.4344,1.00,1.87
2015.01.22 05:44:03.400,1.43408,1.43437,1.00,1.00
2015.01.22 05:44:04.442,1.43409,1.43437,1.00,1.00
2015.01.22 05:44:05.883,1.43407,1.43437,1.12,1.00
2015.01.22 05:44:07.363,1.4341,1.43437,1.00,1.00
2015.01.22 05:44:07.413,1.4341,1.4344,1.00,1.87
2015.01.22 05:44:08.129,1.4341,1.4344,1.00,1.00
2015.01.22 05:44:16.991,1.4341,1.43434,1.00,1.00
2015.01.22 05:44:17.270,1.43403,1.43431,1.00,1.87
2015.01.22 05:44:17.372,1.43401,1.43431,1.00,2.62
2015.01.22 05:44:17.474,1.43396,1.43426,1.50,1.37
2015.01.22 05:44:17.976,1.43396,1.43426,1.00,1.10
2015.01.22 05:44:18.128,1.43398,1.43426,1.00,1.10
2015.01.22 05:44:19.314,1.43398,1.43426,1.00,1.37
2015.01.22 05:44:20.194,1.43394,1.43422,1.50,1.37
2015.01.22 05:44:20.245,1.43392,1.4342,1.00,1.37
2015.01.22 05:44:20.296,1.43391,1.4342,1.00,1.50
2015.01.22 05:44:20.397,1.43391,1.4342,1.00,1.37
2015.01.22 05:44:20.549,1.43389,1.43418,1.00,1.12
2015.01.22 05:44:21.056,1.43389,1.43419,1.00,1.00
2015.01.22 05:44:22.512,1.43389,1.43422,1.00,1.12
2015.01.22 05:44:26.565,1.43389,1.43421,1.00,1.00
2015.01.22 05:44:27.095,1.43389,1.43422,1.00,1.12
2015.01.22 05:44:27.145,1.43391,1.43423,1.00,1.87
2015.01.22 05:44:27.652,1.43399,1.43423,1.00,1.37
2015.01.22 05:44:28.852,1.43399,1.43421,1.00,1.00
2015.01.22 05:44:29.350,1.43397,1.43421,1.00,1.12
2015.01.22 05:44:30.996,1.43397,1.43421,1.00,1.87
2015.01.22 05:44:33.596,1.43397,1.43421,1.00,1.87
2015.01.22 05:44:40.410,1.43397,1.43422,1.00,1.39
2015.01.22 05:44:41.033,1.43396,1.43422,1.00,3.26
2015.01.22 05:44:41.419,1.43396,1.43422,1.12,2.89
2015.01.22 05:44:41.723,1.4341,1.43432,1.00,1.37
2015.01.22 05:44:41.824,1.4341,1.43434,1.00,1.50
2015.01.22 05:44:42.076,1.43412,1.43434,1.00,1.00
2015.01.22 05:44:42.127,1.43412,1.43436,1.00,1.00
2015.01.22 05:44:42.632,1.43412,1.43438,1.00,1.00
2015.01.22 05:44:43.883,1.43415,1.43438,1.00,1.00
2015.01.22 05:44:44.187,1.43418,1.43443,1.00,1.19
2015.01.22 05:44:44.389,1.43413,1.43438,1.00,1.37
2015.01.22 05:44:44.541,1.43413,1.43441,1.00,1.12
2015.01.22 05:44:44.592,1.43411,1.43441,1.00,1.00
2015.01.22 05:44:46.720,1.43411,1.43443,1.00,1.20
2015.01.22 05:44:46.973,1.43415,1.43443,1.00,1.95
2015.01.22 05:44:47.504,1.43415,1.43443,1.00,1.47
2015.01.22 05:44:47.808,1.43413,1.43441,1.00,1.31
2015.01.22 05:44:48.519,1.43413,1.43442,1.00,2.44
2015.01.22 05:44:48.570,1.43411,1.4344,1.00,1.94
2015.01.22 05:44:48.621,1.43411,1.4344,1.00,1.37
2015.01.22 05:44:48.722,1.43411,1.4344,1.00,1.00
2015.01.22 05:44:48.773,1.43408,1.4344,1.50,1.00
2015.01.22 05:44:49.278,1.43408,1.4344,1.50,1.19
2015.01.22 05:44:49.782,1.43409,1.4344,1.00,1.00
2015.01.22 05:44:50.290,1.43408,1.4344,1.50,1.69
2015.01.22 05:44:50.803,1.43409,1.4344,1.00,1.69
2015.01.22 05:44:51.310,1.43408,1.4344,1.00,2.44
2015.01.22 05:44:51.361,1.43408,1.4344,1.00,2.06
2015.01.22 05:44:51.665,1.43408,1.43436,1.00,1.37
2015.01.22 05:44:52.230,1.43408,1.43436,1.00,1.50
2015.01.22 05:44:52.435,1.43403,1.43436,1.00,1.75
2015.01.22 05:44:52.940,1.43403,1.43431,1.00,1.37
2015.01.22 05:44:53.469,1.43403,1.43431,1.00,1.37
2015.01.22 05:44:54.227,1.43403,1.43434,1.00,1.75
2015.01.22 05:44:54.731,1.43403,1.43435,1.00,1.75
2015.01.22 05:44:55.236,1.43403,1.43434,1.00,1.75
2015.01.22 05:44:55.755,1.43403,1.43435,1.00,1.75
2015.01.22 05:44:55.856,1.43401,1.43429,1.00,1.75
2015.01.22 05:44:56.374,1.434,1.43429,1.00,3.00
2015.01.22 05:44:57.630,1.434,1.43429,1.00,3.00
2015.01.22 05:44:57.971,1.434,1.43429,1.00,3.00
2015.01.22 05:44:58.580,1.43401,1.43429,1.00,3.00
2015.01.22 05:44:58.782,1.43401,1.43429,1.00,2.62
2015.01.22 05:44:59.357,1.43401,1.43429,1.00,3.75
2015.01.22 05:44:59.887,1.43401,1.43427,1.00,1.75
2015.01.22 05:45:02.637,1.43399,1.43427,1.00,1.75
2015.01.22 05:45:03.260,1.43399,1.43427,1.00,1.75
2015.01.22 05:45:03.311,1.43396,1.43426,1.00,1.12
2015.01.22 05:45:03.413,1.43394,1.43425,1.00,1.75
2015.01.22 05:45:03.469,1.43394,1.43425,1.00,1.37
2015.01.22 05:45:03.570,1.43393,1.43424,1.00,1.12
2015.01.22 05:45:03.756,1.43391,1.43424,1.00,1.37
2015.01.22 05:45:03.908,1.43389,1.43423,1.50,1.37
2015.01.22 05:45:08.599,1.43389,1.43423,1.00,1.87
2015.01.22 05:45:08.650,1.43389,1.43412,1.00,1.00
2015.01.22 05:45:08.953,1.43389,1.4341,1.00,1.37
2015.01.22 05:45:09.054,1.43384,1.4341,1.00,1.87
2015.01.22 05:45:09.156,1.4338,1.4341,1.00,2.62
2015.01.22 05:45:09.661,1.43381,1.43405,1.00,1.00
2015.01.22 05:45:09.914,1.43379,1.43405,1.00,1.00
2015.01.22 05:45:10.116,1.43374,1.43407,1.00,1.37
2015.01.22 05:45:10.268,1.43372,1.43404,1.00,1.87
2015.01.22 05:45:10.318,1.43372,1.43404,1.00,2.25
2015.01.22 05:45:10.470,1.43366,1.43404,1.00,3.00
2015.01.22 05:45:11.124,1.43365,1.43401,3.00,1.00
2015.01.22 05:45:14.381,1.43365,1.43402,3.00,1.10
2015.01.22 05:45:14.886,1.43365,1.43401,1.50,1.00
2015.01.22 05:45:15.241,1.43365,1.43401,1.50,1.37
2015.01.22 05:45:15.746,1.43364,1.43401,1.12,3.00
2015.01.22 05:45:17.870,1.43364,1.43401,1.00,3.00
2015.01.22 05:45:18.354,1.43362,1.43401,1.00,2.25
2015.01.22 05:45:21.067,1.43365,1.43401,1.00,2.25
2015.01.22 05:45:21.118,1.43365,1.43401,1.00,1.87
2015.01.22 05:45:23.158,1.43362,1.43401,2.25,1.50
2015.01.22 05:45:23.891,1.43363,1.43401,1.00,1.00
2015.01.22 05:45:24.878,1.43365,1.43401,1.00,1.00
2015.01.22 05:45:25.493,1.43366,1.43401,1.00,1.00
2015.01.22 05:45:30.120,1.43365,1.43401,1.00,1.50
2015.01.22 05:45:30.883,1.43362,1.43401,2.25,2.62
2015.01.22 05:45:31.186,1.43361,1.43396,1.00,1.87
2015.01.22 05:45:31.237,1.43359,1.43396,1.00,2.70
2015.01.22 05:45:31.557,1.43359,1.43393,1.00,1.00
2015.01.22 05:45:31.917,1.43359,1.43396,1.50,1.87
2015.01.22 05:45:36.487,1.4336,1.43396,1.00,1.00
2015.01.22 05:45:37.657,1.4336,1.43398,1.50,1.50
2015.01.22 05:45:39.803,1.43363,1.43398,1.00,1.00
2015.01.22 05:45:41.389,1.43363,1.43398,1.00,1.75
2015.01.22 05:45:42.097,1.43364,1.43398,1.00,1.50
2015.01.22 05:45:53.176,1.43364,1.43399,1.00,1.75
2015.01.22 05:45:53.601,1.43363,1.43399,1.00,1.19
2015.01.22 05:45:54.142,1.43363,1.43399,1.00,1.00
2015.01.22 05:45:54.927,1.43361,1.434,1.87,1.12
2015.01.22 05:45:58.253,1.43362,1.43401,1.10,1.50
2015.01.22 05:45:58.354,1.43365,1.43402,1.00,2.81
2015.01.22 05:45:58.661,1.43365,1.43402,1.00,2.81
2015.01.22 05:45:58.965,1.43366,1.43402,1.00,3.94
2015.01.22 05:46:03.838,1.43367,1.434,1.00,1.50
2015.01.22 05:46:04.142,1.43367,1.434,1.00,1.00
2015.01.22 05:46:04.243,1.43365,1.434,1.00,1.00
2015.01.22 05:46:04.648,1.43364,1.434,1.50,1.75
2015.01.22 05:46:04.971,1.43367,1.434,1.00,1.75
2015.01.22 05:46:06.884,1.43367,1.434,1.00,1.75
2015.01.22 05:46:12.703,1.43367,1.434,1.50,2.25
2015.01.22 05:46:13.208,1.43368,1.434,1.50,1.75
2015.01.22 05:46:15.092,1.43368,1.434,1.50,1.50
2015.01.22 05:46:15.345,1.4337,1.43399,1.00,1.37
2015.01.22 05:46:16.001,1.43371,1.434,1.00,2.25
2015.01.22 05:46:17.969,1.43371,1.434,1.00,1.87
2015.01.22 05:46:26.238,1.43371,1.43399,1.00,1.75
2015.01.22 05:46:26.492,1.43367,1.43394,1.00,1.75
2015.01.22 05:46:26.644,1.43367,1.43392,1.00,1.75
2015.01.22 05:46:26.695,1.43362,1.43392,1.00,1.75
2015.01.22 05:46:30.445,1.43362,1.43392,1.00,1.75
2015.01.22 05:46:30.849,1.43363,1.43394,1.00,2.25
2015.01.22 05:46:31.101,1.43366,1.43394,1.00,1.50
2015.01.22 05:46:31.373,1.43366,1.43396,1.00,1.69
2015.01.22 05:46:31.626,1.43364,1.43396,2.62,1.69
2015.01.22 05:46:31.988,1.43367,1.43396,1.12,1.25
2015.01.22 05:46:32.644,1.43367,1.43399,1.87,1.37
2015.01.22 05:46:32.745,1.43372,1.43399,1.00,1.00
2015.01.22 05:46:32.846,1.43367,1.43399,1.87,1.00
2015.01.22 05:46:37.258,1.43372,1.43399,1.00,1.00
2015.01.22 05:46:37.815,1.43372,1.434,1.00,1.00
2015.01.22 05:46:38.330,1.43372,1.434,1.00,1.37
2015.01.22 05:46:40.890,1.43372,1.434,1.00,1.12
2015.01.22 05:46:41.406,1.43372,1.43401,1.12,1.00
2015.01.22 05:46:41.861,1.43368,1.434,1.00,1.50
2015.01.22 05:46:42.164,1.43365,1.43393,3.00,1.00
2015.01.22 05:46:42.367,1.43361,1.43391,1.50,1.00
2015.01.22 05:46:42.569,1.43359,1.4339,1.57,1.00
2015.01.22 05:46:42.721,1.43356,1.43388,1.87,1.00
2015.01.22 05:46:43.024,1.43355,1.43388,1.00,1.19
2015.01.22 05:46:43.530,1.43358,1.43385,1.00,1.00
2015.01.22 05:46:44.035,1.43358,1.43384,1.00,1.00
2015.01.22 05:46:44.602,1.43359,1.43384,1.00,1.00
2015.01.22 05:46:48.451,1.43359,1.43384,1.00,1.87
2015.01.22 05:46:48.705,1.43353,1.43376,1.00,1.12
2015.01.22 05:46:48.907,1.43351,1.43375,1.00,1.00
2015.01.22 05:46:49.162,1.43351,1.43377,1.00,1.12
2015.01.22 05:46:49.706,1.43352,1.43377,1.00,1.12
2015.01.22 05:46:49.757,1.43352,1.43377,1.00,1.37
2015.01.22 05:46:49.910,1.43348,1.43375,1.00,1.00
2015.01.22 05:46:50.162,1.43345,1.43375,1.12,1.12
2015.01.22 05:46:50.365,1.43347,1.43376,1.00,1.50
2015.01.22 05:46:50.914,1.43351,1.43375,1.00,1.00
2015.01.22 05:46:55.951,1.43351,1.43376,1.00,1.00
2015.01.22 05:46:57.677,1.43351,1.43375,1.00,1.00
2015.01.22 05:46:57.828,1.43349,1.43375,1.00,1.00
2015.01.22 05:46:57.930,1.43346,1.43375,1.00,1.00
2015.01.22 05:46:57.980,1.43346,1.43373,1.00,1.00
2015.01.22 05:46:58.598,1.43344,1.43373,1.00,1.00
2015.01.22 05:46:58.811,1.43346,1.43373,1.00,1.00
2015.01.22 05:46:58.962,1.43346,1.43375,1.00,1.00
2015.01.22 05:46:59.278,1.43344,1.43375,1.00,1.00
2015.01.22 05:46:59.485,1.43347,1.43375,1.00,1.00
2015.01.22 05:46:59.789,1.43351,1.43375,1.00,1.00
2015.01.22 05:47:00.563,1.43351,1.43367,1.00,1.00
2015.01.22 05:47:00.665,1.43342,1.43365,1.37,1.12
2015.01.22 05:47:00.766,1.4334,1.43362,1.00,1.00
2015.01.22 05:47:00.817,1.43336,1.43362,1.00,1.00
2015.01.22 05:47:00.868,1.43335,1.43362,1.75,1.00
2015.01.22 05:47:00.969,1.43335,1.4336,1.00,1.00
2015.01.22 05:47:01.429,1.43338,1.4336,1.00,1.00
2015.01.22 05:47:01.956,1.43338,1.43361,1.00,1.12
2015.01.22 05:47:03.060,1.43338,1.43363,1.00,2.25
2015.01.22 05:47:03.263,1.43338,1.43366,1.37,1.12
2015.01.22 05:47:03.314,1.4334,1.43366,1.37,1.12
2015.01.22 05:47:03.617,1.43343,1.43366,1.00,1.50
2015.01.22 05:47:03.770,1.43343,1.4337,1.00,1.00
2015.01.22 05:47:03.972,1.43345,1.43374,1.00,1.50
2015.01.22 05:47:04.227,1.43349,1.43374,1.00,1.50
2015.01.22 05:47:04.640,1.43344,1.43374,1.00,1.50
2015.01.22 05:47:04.691,1.43344,1.43372,1.00,1.00
2015.01.22 05:47:06.370,1.43344,1.43374,1.00,1.00
2015.01.22 05:47:06.710,1.43344,1.43371,1.00,1.00
2015.01.22 05:47:07.220,1.43343,1.43371,1.00,1.00
2015.01.22 05:47:07.272,1.43343,1.43373,1.00,1.00
2015.01.22 05:47:07.773,1.43343,1.43372,1.00,1.00
2015.01.22 05:47:08.274,1.43343,1.43373,1.00,1.00
2015.01.22 05:47:08.807,1.43342,1.43373,1.50,1.00
2015.01.22 05:47:08.908,1.43342,1.43371,1.50,1.00
2015.01.22 05:47:09.280,1.43344,1.43371,1.00,1.00
2015.01.22 05:47:09.382,1.43345,1.43373,1.00,1.00
2015.01.22 05:47:09.976,1.43344,1.43373,1.00,1.00
2015.01.22 05:47:10.077,1.43344,1.43373,1.00,1.87
2015.01.22 05:47:10.280,1.43341,1.43371,1.87,1.12
2015.01.22 05:47:10.584,1.43341,1.43373,1.37,1.00
2015.01.22 05:47:10.736,1.43344,1.43375,1.37,1.00
2015.01.22 05:47:11.140,1.43349,1.43376,1.00,1.12
2015.01.22 05:47:11.644,1.43348,1.43375,1.00,1.12
2015.01.22 05:47:12.675,1.43344,1.43375,1.00,1.37
2015.01.22 05:47:13.243,1.43346,1.43375,1.00,1.37
2015.01.22 05:47:13.648,1.43348,1.43375,1.00,1.87
2015.01.22 05:47:17.077,1.43348,1.43375,1.87,1.00
2015.01.22 05:47:17.230,1.43351,1.43379,1.37,1.00
2015.01.22 05:47:17.281,1.43351,1.43381,1.00,1.00
2015.01.22 05:47:17.433,1.43352,1.43383,1.00,1.00
2015.01.22 05:47:17.635,1.43352,1.43385,1.00,1.00
2015.01.22 05:47:17.943,1.4335,1.43384,1.00,1.50
2015.01.22 05:47:19.634,1.43352,1.43384,1.00,1.50
2015.01.22 05:47:24.422,1.43352,1.43385,1.00,2.62
2015.01.22 05:47:24.725,1.43354,1.43385,1.00,2.62
2015.01.22 05:47:25.210,1.43354,1.43384,1.00,1.12
2015.01.22 05:47:25.311,1.43351,1.43384,1.87,1.12
2015.01.22 05:47:25.817,1.43351,1.43383,1.87,1.00
2015.01.22 05:47:26.990,1.43351,1.43384,1.50,1.12
2015.01.22 05:47:27.526,1.43353,1.43384,1.00,1.00
2015.01.22 05:47:27.845,1.43353,1.43378,1.00,1.00
2015.01.22 05:47:27.991,1.4335,1.43378,1.00,1.00
2015.01.22 05:47:28.143,1.4335,1.43381,1.00,1.00
2015.01.22 05:47:28.447,1.43351,1.43383,1.00,1.25
2015.01.22 05:47:33.364,1.43351,1.43384,1.00,1.00
2015.01.22 05:47:33.670,1.43348,1.43383,1.87,1.00
2015.01.22 05:47:34.075,1.43351,1.43383,1.00,1.00
2015.01.22 05:47:35.310,1.43351,1.43382,1.00,1.00
2015.01.22 05:47:35.667,1.43348,1.43382,1.87,1.00
2015.01.22 05:47:35.768,1.43351,1.43383,1.00,1.37
2015.01.22 05:47:36.229,1.43351,1.43383,1.00,1.00
2015.01.22 05:47:37.897,1.43348,1.43383,1.87,1.00
2015.01.22 05:47:38.915,1.43351,1.43383,1.00,1.00
2015.01.22 05:47:39.883,1.43351,1.43383,1.37,1.00
2015.01.22 05:47:40.152,1.43351,1.43383,1.00,1.00
2015.01.22 05:47:40.712,1.43351,1.43382,1.00,1.00
2015.01.22 05:47:40.970,1.43351,1.4338,1.00,1.00
2015.01.22 05:47:41.021,1.43347,1.4338,1.87,1.00
2015.01.22 05:47:41.123,1.4335,1.4338,1.00,1.00
2015.01.22 05:47:41.224,1.43347,1.43379,1.00,1.00
2015.01.22 05:47:41.326,1.43349,1.43379,1.00,1.00
2015.01.22 05:47:41.859,1.43349,1.43378,1.00,1.00
2015.01.22 05:47:42.011,1.43349,1.4338,1.00,1.00
2015.01.22 05:47:42.163,1.43349,1.4338,2.25,1.50
2015.01.22 05:47:42.517,1.43353,1.43382,1.37,1.00
2015.01.22 05:47:42.669,1.43354,1.43384,1.37,1.12
2015.01.22 05:47:44.072,1.43356,1.43385,1.12,1.12
2015.01.22 05:47:46.101,1.43356,1.43385,1.37,1.00
2015.01.22 05:47:49.642,1.43357,1.43384,1.00,1.00
2015.01.22 05:47:52.410,1.43358,1.43384,1.00,1.87
2015.01.22 05:47:55.849,1.43353,1.43384,1.37,1.12
2015.01.22 05:47:56.254,1.43359,1.43384,1.00,1.00
2015.01.22 05:47:56.766,1.43359,1.43385,1.00,1.12
2015.01.22 05:47:57.278,1.43359,1.43386,1.00,1.00
2015.01.22 05:47:57.687,1.43359,1.43384,1.00,1.00
2015.01.22 05:47:57.991,1.4336,1.43387,1.00,1.87
2015.01.22 05:47:58.497,1.4336,1.43387,1.00,1.50
2015.01.22 05:47:58.559,1.4336,1.43385,1.00,1.00
2015.01.22 05:47:59.374,1.4336,1.43386,1.00,1.00
2015.01.22 05:47:59.917,1.43359,1.43386,1.00,1.12
2015.01.22 05:48:01.027,1.43359,1.43385,1.00,1.00
2015.01.22 05:48:01.180,1.43356,1.43385,1.00,1.00
2015.01.22 05:48:04.667,1.43356,1.43385,1.50,1.00
2015.01.22 05:48:04.870,1.43359,1.43387,1.37,1.00
2015.01.22 05:48:07.081,1.43359,1.43387,1.37,1.00
2015.01.22 05:48:08.487,1.43359,1.43387,1.37,1.00
2015.01.22 05:48:09.300,1.43359,1.43386,1.37,1.00
2015.01.22 05:48:10.019,1.43358,1.43386,1.37,1.12
2015.01.22 05:48:10.120,1.43356,1.43383,1.87,1.00
2015.01.22 05:48:10.322,1.43356,1.43381,1.00,1.00
2015.01.22 05:48:10.676,1.43354,1.43381,1.00,2.25
2015.01.22 05:48:10.727,1.43354,1.43378,1.00,1.00
2015.01.22 05:48:13.690,1.43353,1.43378,1.00,1.50
2015.01.22 05:48:14.839,1.43354,1.43378,1.00,1.50
2015.01.22 05:48:20.095,1.43354,1.43379,1.00,1.12
2015.01.22 05:48:21.519,1.43354,1.43378,1.00,1.00
2015.01.22 05:48:21.772,1.4335,1.43378,1.37,1.00
2015.01.22 05:48:21.823,1.4335,1.43378,1.12,1.12
2015.01.22 05:48:22.376,1.4335,1.43379,1.37,1.00
2015.01.22 05:48:23.124,1.4335,1.43379,1.12,1.12
2015.01.22 05:48:23.784,1.4335,1.43378,1.12,1.00
2015.01.22 05:48:24.338,1.4335,1.43379,1.12,1.12
2015.01.22 05:48:24.901,1.4335,1.43378,1.12,1.00
2015.01.22 05:48:29.117,1.4335,1.43377,1.00,1.37
2015.01.22 05:48:29.420,1.43352,1.43377,1.00,1.12
2015.01.22 05:48:29.623,1.4335,1.43378,1.00,1.00
2015.01.22 05:48:29.724,1.43353,1.43378,1.00,1.00
2015.01.22 05:48:30.261,1.43353,1.43378,1.00,1.37
2015.01.22 05:48:30.806,1.43353,1.43378,1.00,1.00
2015.01.22 05:48:31.808,1.43352,1.43378,1.00,1.00
2015.01.22 05:48:46.505,1.43348,1.43378,1.37,1.12
2015.01.22 05:48:48.848,1.43348,1.43378,1.12,1.87
2015.01.22 05:48:49.916,1.43348,1.43378,1.37,2.25
2015.01.22 05:48:50.923,1.43348,1.43378,1.37,2.62
2015.01.22 05:48:51.891,1.43348,1.43372,1.37,1.00
2015.01.22 05:48:52.632,1.43346,1.43372,1.12,1.00
2015.01.22 05:48:52.683,1.43347,1.43378,1.00,2.62
2015.01.22 05:48:53.188,1.43348,1.43378,1.00,2.62
2015.01.22 05:48:53.238,1.43349,1.43378,1.37,1.50
2015.01.22 05:48:53.340,1.43351,1.43381,1.87,1.50
2015.01.22 05:48:53.492,1.43354,1.43383,1.12,1.00
2015.01.22 05:48:53.694,1.43353,1.43386,1.37,1.00
2015.01.22 05:48:57.738,1.43352,1.43386,3.00,1.00
2015.01.22 05:49:06.437,1.43355,1.43388,1.37,1.00
2015.01.22 05:49:06.488,1.43355,1.43388,1.87,1.00
2015.01.22 05:49:06.589,1.43356,1.4339,1.37,1.00
2015.01.22 05:49:06.981,1.4336,1.4339,1.00,1.00
2015.01.22 05:49:07.343,1.43358,1.43391,1.12,1.12
2015.01.22 05:49:10.010,1.43358,1.43391,1.37,1.12
2015.01.22 05:49:11.564,1.43358,1.4339,1.87,1.00
2015.01.22 05:49:14.678,1.43361,1.43393,1.00,1.37
2015.01.22 05:49:14.880,1.43364,1.43396,1.37,2.25
2015.01.22 05:49:17.000,1.43363,1.43397,1.47,1.00
2015.01.22 05:49:17.354,1.43366,1.43397,1.00,1.00
2015.01.22 05:49:20.654,1.43362,1.43397,2.25,1.00
2015.01.22 05:49:20.958,1.43368,1.43397,1.00,1.00
2015.01.22 05:49:21.059,1.43365,1.43397,1.50,1.00
2015.01.22 05:49:21.433,1.43368,1.43397,1.00,1.00
2015.01.22 05:49:22.381,1.43362,1.43397,3.00,1.00
2015.01.22 05:49:23.262,1.43362,1.43397,2.25,1.00
2015.01.22 05:49:25.478,1.43364,1.43397,1.00,1.00
2015.01.22 05:49:26.012,1.43363,1.43397,1.57,1.00
2015.01.22 05:49:26.521,1.43364,1.43397,1.12,1.00
2015.01.22 05:49:32.507,1.43364,1.43399,1.50,1.00
2015.01.22 05:49:32.659,1.43366,1.43399,1.00,1.00
2015.01.22 05:49:33.279,1.43366,1.43399,1.87,1.00
2015.01.22 05:49:41.159,1.43366,1.43399,1.12,1.00
2015.01.22 05:49:41.462,1.43366,1.43397,1.12,1.00
2015.01.22 05:49:43.830,1.43367,1.43397,1.00,1.00
2015.01.22 05:49:46.388,1.43367,1.43399,1.00,1.69
2015.01.22 05:49:46.901,1.43368,1.43399,1.00,1.00
2015.01.22 05:49:48.137,1.43368,1.43402,1.50,1.37
2015.01.22 05:49:48.188,1.43368,1.43402,1.50,1.12
2015.01.22 05:49:54.585,1.43368,1.43402,1.87,1.12
2015.01.22 05:49:55.118,1.4337,1.43402,1.00,1.12
2015.01.22 05:50:07.204,1.43368,1.43401,1.87,1.00
2015.01.22 05:50:07.311,1.43368,1.43401,1.87,1.00
2015.01.22 05:50:07.629,1.43371,1.43402,1.00,1.00
2015.01.22 05:50:08.444,1.43371,1.43402,2.25,1.37
2015.01.22 05:50:08.849,1.43371,1.43402,1.50,1.00
2015.01.22 05:50:09.365,1.4337,1.43402,1.00,1.00
2015.01.22 05:50:14.665,1.4337,1.43402,1.87,1.12
2015.01.22 05:50:15.334,1.4337,1.43401,1.87,1.00
2015.01.22 05:50:20.240,1.43372,1.43404,1.20,1.47
2015.01.22 05:50:20.291,1.43372,1.43404,1.87,1.37
2015.01.22 05:50:21.005,1.43372,1.43404,1.87,1.12
2015.01.22 05:50:23.900,1.43372,1.43403,2.62,1.00
2015.01.22 05:50:24.052,1.43372,1.43403,2.25,1.10
2015.01.22 05:50:25.882,1.43372,1.43404,2.25,1.00
2015.01.22 05:50:27.663,1.43373,1.43405,1.50,1.87
2015.01.22 05:50:29.260,1.43373,1.43405,1.50,1.37
2015.01.22 05:50:29.889,1.43373,1.43405,1.50,1.87
2015.01.22 05:50:33.491,1.43374,1.43405,1.00,2.62
2015.01.22 05:50:34.632,1.43373,1.43405,1.20,2.62
2015.01.22 05:50:41.969,1.43373,1.43405,1.50,1.47
2015.01.22 05:50:56.021,1.43371,1.43403,1.50,1.12
2015.01.22 05:50:56.525,1.43372,1.43403,1.12,1.10
2015.01.22 05:50:56.576,1.43372,1.43403,1.50,1.00
2015.01.22 05:51:03.139,1.43372,1.43404,1.50,1.00
2015.01.22 05:51:08.043,1.43372,1.43404,2.25,1.12
2015.01.22 05:51:09.338,1.43372,1.43403,1.75,1.47
2015.01.22 05:51:09.548,1.43371,1.43403,1.87,1.87
2015.01.22 05:51:10.052,1.43371,1.43403,1.87,1.50
2015.01.22 05:51:10.248,1.43371,1.43403,1.87,1.50
2015.01.22 05:51:12.558,1.43371,1.43402,1.50,1.12
2015.01.22 05:51:12.870,1.43371,1.43403,1.75,2.62
2015.01.22 05:51:13.173,1.43371,1.43403,1.75,1.95
2015.01.22 05:51:13.943,1.43371,1.43402,1.75,1.12
2015.01.22 05:51:16.822,1.4337,1.43402,2.25,1.12
2015.01.22 05:51:23.259,1.4337,1.434,2.62,1.00
2015.01.22 05:51:23.411,1.4337,1.434,2.62,1.87
2015.01.22 05:51:23.563,1.43368,1.43399,1.75,2.62
2015.01.22 05:51:24.068,1.43366,1.43397,1.75,1.50
2015.01.22 05:51:25.538,1.43367,1.43399,1.75,1.50
2015.01.22 05:51:25.849,1.43369,1.43399,1.75,1.10
2015.01.22 05:51:45.298,1.43368,1.43399,2.25,1.87
2015.01.22 05:51:45.601,1.43362,1.43393,1.75,1.95
2015.01.22 05:51:45.652,1.43362,1.43393,1.75,2.62
2015.01.22 05:51:46.411,1.43362,1.43392,2.25,1.50
2015.01.22 05:51:46.512,1.43362,1.4339,1.50,1.20
2015.01.22 05:51:47.257,1.43362,1.4339,1.50,1.95
2015.01.22 05:51:47.510,1.43362,1.4339,1.12,1.87
2015.01.22 05:51:53.794,1.4336,1.43386,1.50,1.00
2015.01.22 05:51:53.997,1.43361,1.43388,1.10,1.50
2015.01.22 05:51:54.468,1.43361,1.43384,1.10,1.00
2015.01.22 05:51:54.772,1.4336,1.43383,1.00,1.50
2015.01.22 05:51:55.299,1.43359,1.43384,1.00,1.12
2015.01.22 05:51:55.891,1.43358,1.43384,1.10,1.12
2015.01.22 05:51:56.518,1.43359,1.43384,1.00,1.12
2015.01.22 05:51:59.279,1.43359,1.43384,1.00,1.12
2015.01.22 05:51:59.583,1.43357,1.43382,1.00,1.87
2015.01.22 05:51:59.634,1.43357,1.43379,1.00,1.37
2015.01.22 05:51:59.685,1.43354,1.43377,1.00,1.00
2015.01.22 05:51:59.736,1.43354,1.43376,1.00,1.12
2015.01.22 05:51:59.787,1.43351,1.43373,1.00,1.00
2015.01.22 05:51:59.839,1.43351,1.43372,1.00,1.12
2015.01.22 05:51:59.890,1.43347,1.43372,1.00,1.87
2015.01.22 05:51:59.941,1.43347,1.43372,1.00,1.87
2015.01.22 05:52:00.628,1.43347,1.43371,1.00,1.87
2015.01.22 05:52:02.545,1.43348,1.43371,1.00,1.50
2015.01.22 05:52:06.948,1.43348,1.43374,1.37,1.75
2015.01.22 05:52:07.100,1.43347,1.43376,1.87,1.87
2015.01.22 05:52:07.151,1.43351,1.43376,1.00,1.37
2015.01.22 05:52:07.202,1.43351,1.4338,1.00,1.87
2015.01.22 05:52:07.253,1.43351,1.4338,1.00,1.87
2015.01.22 05:52:07.303,1.43351,1.4338,1.75,1.50
2015.01.22 05:52:07.784,1.43355,1.43378,1.00,1.37
2015.01.22 05:52:07.938,1.43353,1.43378,1.10,1.37
2015.01.22 05:52:08.279,1.43358,1.43379,1.00,1.12
2015.01.22 05:52:08.532,1.43358,1.43385,1.87,1.50
2015.01.22 05:52:08.886,1.4336,1.4339,1.50,2.25
2015.01.22 05:52:08.987,1.43364,1.43392,1.12,1.75
2015.01.22 05:52:09.291,1.43366,1.43396,1.37,2.25
2015.01.22 05:52:11.061,1.43364,1.43394,2.25,1.12
2015.01.22 05:52:11.264,1.43361,1.43393,1.75,1.87
2015.01.22 05:52:11.415,1.43359,1.43392,1.75,1.75
2015.01.22 05:52:18.301,1.4336,1.43393,2.62,1.12
2015.01.22 05:52:20.770,1.43357,1.43389,5.25,1.37
2015.01.22 05:52:20.871,1.43355,1.43385,4.50,1.00
2015.01.22 05:52:20.972,1.43354,1.43385,1.75,1.00
2015.01.22 05:52:21.175,1.43355,1.43386,1.75,1.75
2015.01.22 05:52:22.588,1.43356,1.4339,2.25,1.75
2015.01.22 05:52:24.484,1.43358,1.43391,1.75,1.75
2015.01.22 05:52:27.137,1.43359,1.43391,1.12,1.75
2015.01.22 05:52:28.940,1.43362,1.43392,1.00,1.12
2015.01.22 05:52:30.766,1.43362,1.43392,1.10,1.12
2015.01.22 05:52:32.426,1.43361,1.43391,2.25,1.75
2015.01.22 05:52:32.835,1.43361,1.4339,1.50,1.75
2015.01.22 05:52:33.139,1.43358,1.43388,1.75,1.87
2015.01.22 05:52:36.398,1.43355,1.43388,1.87,2.62
2015.01.22 05:52:36.993,1.43363,1.43388,1.00,2.25
2015.01.22 05:52:37.574,1.43363,1.43388,1.00,1.75
2015.01.22 05:52:39.138,1.43359,1.4339,2.62,1.75
2015.01.22 05:52:39.239,1.43362,1.4339,1.10,1.12
2015.01.22 05:52:42.649,1.43364,1.43392,1.00,1.87
2015.01.22 05:52:43.934,1.43364,1.43392,1.37,1.75
2015.01.22 05:52:44.086,1.43366,1.43397,3.19,1.50
2015.01.22 05:52:44.188,1.43371,1.43402,1.20,2.25
2015.01.22 05:52:44.239,1.43376,1.43402,1.00,2.25
2015.01.22 05:52:44.290,1.43376,1.43402,1.10,1.50
2015.01.22 05:52:44.594,1.43375,1.43402,1.10,1.75
2015.01.22 05:52:45.100,1.43374,1.43403,1.50,1.75
2015.01.22 05:52:45.403,1.43378,1.43403,1.10,1.12
2015.01.22 05:52:45.922,1.43376,1.43403,1.75,1.00
2015.01.22 05:52:47.028,1.43375,1.43403,1.75,1.10
2015.01.22 05:52:48.366,1.43376,1.43403,1.12,1.00
2015.01.22 05:52:48.670,1.43378,1.43404,1.00,1.12
2015.01.22 05:52:48.771,1.43378,1.43406,1.87,1.12
2015.01.22 05:52:49.024,1.4338,1.4341,1.12,1.87
2015.01.22 05:52:49.227,1.43379,1.43409,1.47,1.37
2015.01.22 05:52:49.580,1.43381,1.4341,1.50,1.50
2015.01.22 05:52:49.899,1.43381,1.43407,1.50,1.12
2015.01.22 05:52:50.001,1.43379,1.43407,1.10,1.50
2015.01.22 05:52:50.462,1.43379,1.43407,1.00,1.87
2015.01.22 05:52:52.118,1.4338,1.43406,1.00,1.87
2015.01.22 05:53:02.347,1.43379,1.43405,1.00,1.12
2015.01.22 05:53:02.672,1.43379,1.43405,1.00,1.12
2015.01.22 05:53:06.888,1.43378,1.43404,1.00,1.12
2015.01.22 05:53:07.505,1.43378,1.43403,1.00,1.12
2015.01.22 05:53:10.367,1.43377,1.43403,1.00,1.12
2015.01.22 05:53:10.672,1.43377,1.43403,1.00,1.12
2015.01.22 05:53:11.914,1.43377,1.43403,1.00,1.12
2015.01.22 05:53:16.512,1.43377,1.43403,1.00,1.37
2015.01.22 05:53:21.696,1.43377,1.43402,1.00,1.12
2015.01.22 05:53:26.646,1.43377,1.43403,1.10,1.37
2015.01.22 05:53:27.159,1.43378,1.43403,1.00,1.37
2015.01.22 05:53:28.857,1.43379,1.43404,1.00,1.12
2015.01.22 05:53:29.450,1.43379,1.43406,1.12,1.00
2015.01.22 05:53:29.501,1.43379,1.4341,1.87,1.87
2015.01.22 05:53:29.806,1.43383,1.4341,1.00,1.87
2015.01.22 05:53:32.147,1.43382,1.4341,1.00,1.87
2015.01.22 05:53:33.025,1.43382,1.43408,1.00,1.12
2015.01.22 05:53:33.567,1.43382,1.4341,1.00,1.87
2015.01.22 05:53:42.444,1.43382,1.4341,1.00,1.87
2015.01.22 05:53:42.596,1.43382,1.43409,1.00,2.62
2015.01.22 05:53:42.799,1.43378,1.43405,1.10,1.87
2015.01.22 05:53:43.369,1.43378,1.43404,1.00,1.12
2015.01.22 05:53:43.891,1.43378,1.43404,1.00,2.62
2015.01.22 05:53:47.991,1.43378,1.43402,1.00,1.50
2015.01.22 05:53:48.294,1.43378,1.43405,1.10,2.25
2015.01.22 05:53:48.496,1.43378,1.43405,1.50,1.95
2015.01.22 05:53:54.995,1.4338,1.43404,1.12,1.00
2015.01.22 05:53:56.978,1.4338,1.43406,1.12,1.87
2015.01.22 05:53:57.524,1.4338,1.43406,1.12,1.87
2015.01.22 05:54:01.437,1.43383,1.43406,1.00,1.12
2015.01.22 05:54:01.850,1.4338,1.43406,1.12,1.12
2015.01.22 05:54:02.356,1.4338,1.43407,1.12,1.10
2015.01.22 05:54:02.662,1.43383,1.43412,1.00,2.62
2015.01.22 05:54:02.975,1.43385,1.43412,1.00,1.50
2015.01.22 05:54:03.380,1.43382,1.43412,1.50,1.75
2015.01.22 05:54:03.834,1.43385,1.43411,1.00,1.12
2015.01.22 05:54:04.586,1.43385,1.43412,1.10,1.87
2015.01.22 05:54:05.042,1.43382,1.43412,1.20,1.87
2015.01.22 05:54:07.937,1.43385,1.43412,1.00,1.87
2015.01.22 05:54:08.461,1.43385,1.43412,1.00,1.75
2015.01.22 05:54:08.772,1.43382,1.43409,1.10,1.37
2015.01.22 05:54:09.075,1.43379,1.43409,1.12,1.75
2015.01.22 05:54:09.681,1.43381,1.43409,1.00,1.75
2015.01.22 05:54:10.566,1.43379,1.4341,3.75,1.87
2015.01.22 05:54:11.071,1.43381,1.43409,1.00,1.12
2015.01.22 05:54:11.987,1.43382,1.43409,1.00,1.12
2015.01.22 05:54:12.721,1.43382,1.4341,1.10,1.50
2015.01.22 05:54:16.351,1.43379,1.43406,1.12,1.12
2015.01.22 05:54:16.857,1.43379,1.43406,1.10,1.12
2015.01.22 05:54:18.226,1.43377,1.43406,1.20,1.87
2015.01.22 05:54:18.768,1.43378,1.43406,1.00,1.87
2015.01.22 05:54:19.274,1.43377,1.43406,1.10,1.87
2015.01.22 05:54:20.851,1.43376,1.43403,1.20,1.50
2015.01.22 05:54:21.558,1.43377,1.43403,1.00,1.50
2015.01.22 05:54:23.228,1.43378,1.43403,1.00,1.87
2015.01.22 05:54:27.708,1.43377,1.43403,1.00,1.87
2015.01.22 05:54:29.897,1.43378,1.43403,1.00,1.87
2015.01.22 05:54:31.145,1.43373,1.43403,1.12,1.87
2015.01.22 05:54:31.196,1.43372,1.43403,1.12,1.87
2015.01.22 05:54:32.165,1.43375,1.43404,1.00,2.62
2015.01.22 05:54:41.884,1.43375,1.43405,1.10,1.75
2015.01.22 05:54:47.406,1.43375,1.43396,1.10,1.00
2015.01.22 05:54:47.457,1.43368,1.43391,1.50,1.37
2015.01.22 05:54:47.609,1.43366,1.43391,1.75,1.87
2015.01.22 05:54:47.710,1.43366,1.43391,1.12,1.87
2015.01.22 05:54:49.654,1.43366,1.43391,1.12,2.25
2015.01.22 05:54:50.159,1.43365,1.43393,1.87,1.00
2015.01.22 05:54:50.462,1.43372,1.43402,1.12,1.00
2015.01.22 05:54:50.714,1.43373,1.43404,1.87,1.57
2015.01.22 05:54:50.765,1.43373,1.43404,1.87,2.25
2015.01.22 05:54:52.729,1.43378,1.43405,1.00,1.12
2015.01.22 05:54:52.881,1.43378,1.43408,1.87,1.75
2015.01.22 05:54:52.983,1.43379,1.4341,1.87,1.75
2015.01.22 05:54:53.084,1.4338,1.4341,1.12,1.37
2015.01.22 05:54:53.846,1.43382,1.43416,1.47,2.62
2015.01.22 05:54:53.949,1.43384,1.43416,1.12,2.25
2015.01.22 05:54:54.544,1.43386,1.43416,1.10,1.75
2015.01.22 05:54:56.401,1.43386,1.43416,1.50,1.50
2015.01.22 05:54:57.804,1.43386,1.43416,1.75,1.37
2015.01.22 05:54:58.876,1.4339,1.43419,1.47,1.75
2015.01.22 05:54:59.204,1.43397,1.43425,1.00,4.50
2015.01.22 05:54:59.457,1.43397,1.43425,1.00,1.75
2015.01.22 05:55:00.106,1.43397,1.43425,1.00,1.87
2015.01.22 05:55:00.208,1.43397,1.43425,1.37,1.87
2015.01.22 05:55:00.613,1.43397,1.43422,1.37,1.87
2015.01.22 05:55:00.714,1.43392,1.43422,1.10,1.75
2015.01.22 05:55:02.304,1.43391,1.43422,1.20,1.75
2015.01.22 05:55:10.198,1.43389,1.43419,1.12,1.75
2015.01.22 05:55:14.325,1.43389,1.4342,1.12,1.75
2015.01.22 05:55:16.144,1.43389,1.4342,2.62,1.75
2015.01.22 05:55:16.649,1.43388,1.4342,2.25,1.75
2015.01.22 05:55:17.201,1.43388,1.4342,1.37,2.25
2015.01.22 05:55:18.433,1.43386,1.43417,1.87,1.75
2015.01.22 05:55:22.938,1.43386,1.43417,2.62,1.75
2015.01.22 05:55:23.802,1.43386,1.43416,1.87,1.87
2015.01.22 05:55:23.854,1.43386,1.43415,1.50,1.37
2015.01.22 05:55:23.905,1.43386,1.43407,1.50,1.00
2015.01.22 05:55:24.045,1.43382,1.43407,1.47,1.10
2015.01.22 05:55:24.095,1.43382,1.43407,1.37,1.12
2015.01.22 05:55:24.401,1.4338,1.4341,1.75,1.75
2015.01.22 05:55:24.665,1.4338,1.43407,1.37,1.12
2015.01.22 05:55:24.968,1.43378,1.43404,1.47,1.12
2015.01.22 05:55:25.171,1.43378,1.43403,1.47,1.10
2015.01.22 05:55:26.885,1.43379,1.43406,1.37,1.50
2015.01.22 05:55:27.087,1.43379,1.4341,1.50,1.75
2015.01.22 05:55:27.888,1.43379,1.4341,1.87,1.75
2015.01.22 05:55:28.397,1.43379,1.4341,1.87,1.75
2015.01.22 05:55:28.702,1.43383,1.43413,1.75,1.75
2015.01.22 05:55:30.440,1.43381,1.43405,1.12,1.37
2015.01.22 05:55:30.592,1.4338,1.43402,1.00,1.12
2015.01.22 05:55:31.156,1.43379,1.43402,1.00,1.50
2015.01.22 05:55:31.686,1.4338,1.43402,1.00,1.50
2015.01.22 05:55:32.500,1.43379,1.43402,1.00,1.50
2015.01.22 05:55:33.006,1.43379,1.43399,1.00,1.00
2015.01.22 05:55:34.000,1.43378,1.43399,1.00,1.00
2015.01.22 05:55:34.445,1.43379,1.43399,1.00,1.37
2015.01.22 05:55:35.158,1.43376,1.43399,1.00,1.37
2015.01.22 05:55:35.210,1.43376,1.43399,1.00,1.00
2015.01.22 05:55:35.260,1.43378,1.43399,1.00,1.00
2015.01.22 05:55:35.362,1.43371,1.43399,1.50,1.37
2015.01.22 05:55:35.565,1.43371,1.43399,2.25,1.37
2015.01.22 05:55:35.666,1.43371,1.43399,1.87,1.37
2015.01.22 05:55:35.767,1.43371,1.43399,1.47,1.75
2015.01.22 05:55:36.323,1.43372,1.43398,1.50,1.12
2015.01.22 05:55:41.609,1.43372,1.434,1.12,1.50
2015.01.22 05:55:41.811,1.43374,1.43406,1.75,2.25
2015.01.22 05:55:41.912,1.43376,1.43406,1.50,1.75
2015.01.22 05:55:42.417,1.43376,1.43409,1.87,2.25
2015.01.22 05:55:42.822,1.43376,1.43409,1.75,1.87
2015.01.22 05:55:59.212,1.43376,1.43408,1.75,1.75
2015.01.22 05:56:01.383,1.43374,1.43403,1.75,1.00
2015.01.22 05:56:01.434,1.43373,1.43401,2.25,1.00
2015.01.22 05:56:01.485,1.43373,1.43401,1.10,1.00
2015.01.22 05:56:01.993,1.43371,1.434,1.87,1.50
2015.01.22 05:56:03.292,1.43371,1.43398,1.12,1.00
2015.01.22 05:56:03.695,1.43371,1.434,1.12,1.87
2015.01.22 05:56:14.063,1.43373,1.434,1.12,1.50
2015.01.22 05:56:14.265,1.43376,1.434,1.12,1.00
2015.01.22 05:56:14.317,1.43376,1.43404,1.12,1.10
2015.01.22 05:56:14.368,1.43376,1.43404,1.12,1.50
2015.01.22 05:56:14.671,1.43379,1.43406,1.12,1.00
2015.01.22 05:56:15.176,1.43379,1.43407,1.12,1.10
2015.01.22 05:56:17.441,1.43379,1.43407,1.12,1.12
2015.01.22 05:56:19.667,1.4338,1.43407,1.12,1.00
2015.01.22 05:56:21.054,1.43381,1.43409,1.37,1.12
2015.01.22 05:56:22.971,1.4338,1.43409,1.12,1.75
2015.01.22 05:56:35.550,1.43383,1.4341,1.00,1.75
2015.01.22 05:56:38.405,1.43382,1.43411,1.10,1.87
2015.01.22 05:56:52.515,1.43382,1.43412,1.47,2.25
2015.01.22 05:56:52.818,1.43383,1.43416,1.50,3.75
2015.01.22 05:56:53.883,1.43384,1.43417,1.12,1.75
2015.01.22 05:57:00.073,1.43385,1.43418,1.50,3.75
2015.01.22 05:57:02.120,1.43386,1.4342,1.12,4.50
2015.01.22 05:57:07.135,1.43389,1.4342,1.00,4.50
2015.01.22 05:57:11.296,1.43391,1.4342,1.00,3.75
2015.01.22 05:57:14.561,1.43391,1.43421,1.87,3.75
2015.01.22 05:57:21.306,1.43389,1.43421,1.50,3.75
2015.01.22 05:57:26.767,1.43389,1.43421,1.50,3.75
2015.01.22 05:57:27.286,1.4339,1.43421,1.20,3.75
2015.01.22 05:57:29.505,1.4339,1.43423,1.20,4.50
2015.01.22 05:57:29.606,1.4339,1.43423,2.25,1.75
2015.01.22 05:57:30.948,1.4339,1.43423,1.47,4.50
2015.01.22 05:57:31.361,1.43391,1.43425,2.25,3.75
2015.01.22 05:57:31.945,1.43391,1.43425,2.25,3.75
2015.01.22 05:57:34.803,1.43391,1.43423,1.10,3.75
2015.01.22 05:57:42.093,1.43391,1.43423,1.47,5.25
2015.01.22 05:57:42.246,1.43391,1.43423,2.25,2.25
2015.01.22 05:57:42.701,1.43391,1.43423,1.87,2.25
2015.01.22 05:57:44.903,1.43392,1.43423,1.12,1.87
2015.01.22 05:57:45.546,1.43391,1.43423,2.62,2.25
2015.01.22 05:57:47.341,1.4339,1.43422,1.87,1.75
2015.01.22 05:57:52.582,1.4339,1.43422,1.50,1.75
2015.01.22 05:57:54.671,1.4339,1.43423,2.25,2.25
2015.01.22 05:57:54.773,1.4339,1.43423,1.50,2.25
2015.01.22 05:57:54.823,1.4339,1.43423,1.87,2.25
2015.01.22 05:58:21.205,1.43391,1.43423,1.47,2.25
2015.01.22 05:58:21.763,1.43391,1.43422,1.37,1.75
2015.01.22 05:58:23.404,1.43391,1.43422,1.12,1.75
2015.01.22 05:58:24.110,1.43391,1.43422,1.37,1.75
2015.01.22 05:58:24.262,1.43391,1.43422,1.47,1.75
2015.01.22 05:58:24.313,1.43391,1.43422,1.47,1.75
2015.01.22 05:58:24.720,1.43391,1.43422,1.10,1.75
2015.01.22 05:58:26.351,1.4339,1.43421,1.20,1.75
2015.01.22 05:58:27.583,1.43388,1.4342,1.00,3.75
2015.01.22 05:58:27.634,1.43386,1.43419,1.10,1.75
2015.01.22 05:58:27.938,1.43385,1.43417,1.00,1.75
2015.01.22 05:58:32.979,1.43385,1.43418,1.50,1.75
2015.01.22 05:58:33.030,1.43388,1.43418,1.00,1.75
2015.01.22 05:58:38.726,1.43389,1.43419,1.00,1.75
2015.01.22 05:58:39.151,1.43389,1.43422,1.00,6.00
2015.01.22 05:58:39.252,1.43391,1.43422,1.00,1.75
2015.01.22 05:58:39.980,1.43392,1.43423,1.50,1.75
2015.01.22 05:58:42.437,1.43392,1.43423,1.87,1.75
2015.01.22 05:58:43.193,1.43393,1.43423,1.87,1.75
2015.01.22 05:58:43.748,1.43393,1.43423,1.87,1.75
2015.01.22 05:58:45.199,1.43393,1.43423,1.37,1.75
2015.01.22 05:58:46.009,1.43393,1.43423,1.12,1.75
2015.01.22 05:58:46.363,1.43396,1.43426,1.00,4.50
2015.01.22 05:58:46.666,1.43398,1.43426,1.00,5.62
2015.01.22 05:58:46.969,1.43398,1.43424,1.00,3.75
2015.01.22 05:58:47.944,1.43398,1.43426,1.00,4.50
2015.01.22 05:58:48.573,1.43398,1.43426,1.50,1.75
2015.01.22 05:58:50.879,1.43398,1.43426,1.00,1.75
2015.01.22 05:58:52.884,1.43399,1.43427,1.00,4.50
2015.01.22 05:58:53.086,1.43398,1.43428,1.00,1.75
2015.01.22 05:58:53.911,1.434,1.43428,1.00,1.75
2015.01.22 05:58:54.537,1.43399,1.43428,1.00,1.75
2015.01.22 05:58:54.883,1.43401,1.43428,1.00,1.75
2015.01.22 05:58:55.188,1.43401,1.43432,1.00,6.00
2015.01.22 05:58:55.239,1.43403,1.4343,1.00,1.75
2015.01.22 05:58:55.643,1.43401,1.43428,1.50,1.87
2015.01.22 05:58:56.358,1.43402,1.43428,1.00,1.75
2015.01.22 05:58:56.708,1.43403,1.43428,1.00,1.50
2015.01.22 05:58:57.557,1.43402,1.43432,1.00,3.00
2015.01.22 05:58:58.167,1.43403,1.43432,1.50,3.00
2015.01.22 05:59:05.282,1.43405,1.43433,1.00,2.25
2015.01.22 05:59:06.869,1.43402,1.4343,1.00,2.25
2015.01.22 05:59:06.971,1.43401,1.43429,1.00,1.12
2015.01.22 05:59:07.490,1.43401,1.43428,1.00,1.75
2015.01.22 05:59:08.488,1.43403,1.43428,1.00,1.75
2015.01.22 05:59:10.336,1.43401,1.4343,1.00,1.75
2015.01.22 05:59:11.673,1.43401,1.4343,1.00,1.75
2015.01.22 05:59:11.775,1.43405,1.43432,1.00,1.75
2015.01.22 05:59:11.826,1.43405,1.43432,1.00,1.75
2015.01.22 05:59:12.512,1.43402,1.43433,1.00,1.87
2015.01.22 05:59:13.318,1.43402,1.4343,1.37,1.50
2015.01.22 05:59:13.819,1.43402,1.4343,1.37,1.50
2015.01.22 05:59:14.333,1.43402,1.4343,1.37,1.75
2015.01.22 05:59:14.528,1.43402,1.4343,1.37,1.75
2015.01.22 05:59:14.629,1.43402,1.4343,1.50,1.75
2015.01.22 05:59:14.730,1.43402,1.4343,1.37,1.75
2015.01.22 05:59:15.052,1.43402,1.4343,1.50,1.75
2015.01.22 05:59:15.429,1.43402,1.43431,1.37,1.87
2015.01.22 05:59:15.839,1.43402,1.43432,1.00,1.12
2015.01.22 05:59:16.378,1.43402,1.43433,1.00,1.75
2015.01.22 05:59:18.054,1.43402,1.43432,1.50,1.75
2015.01.22 05:59:18.155,1.43402,1.43432,1.37,1.75
2015.01.22 05:59:18.307,1.43402,1.4343,1.37,1.75
2015.01.22 05:59:18.358,1.43402,1.43432,1.00,2.25
2015.01.22 05:59:18.509,1.43402,1.43432,1.00,2.62
2015.01.22 05:59:18.783,1.434,1.43432,1.00,1.87
2015.01.22 05:59:19.621,1.43399,1.43429,1.50,1.87
2015.01.22 05:59:20.088,1.43397,1.43429,2.62,2.62
2015.01.22 05:59:20.545,1.43397,1.43428,3.37,1.87
2015.01.22 05:59:20.859,1.43399,1.43429,1.37,1.75
2015.01.22 05:59:20.909,1.43399,1.43429,1.37,1.50
2015.01.22 05:59:20.960,1.43404,1.43431,1.00,2.25
2015.01.22 05:59:21.263,1.43402,1.43428,1.37,1.87
2015.01.22 05:59:21.364,1.43399,1.43428,1.50,1.87
2015.01.22 05:59:21.466,1.43398,1.43428,1.00,1.50
2015.01.22 05:59:21.567,1.43398,1.43428,1.50,1.50
2015.01.22 05:59:21.871,1.43398,1.43428,1.10,1.75
2015.01.22 05:59:21.972,1.43398,1.43428,1.50,1.37
2015.01.22 05:59:22.369,1.43398,1.43428,3.00,1.50
2015.01.22 05:59:22.622,1.43398,1.43428,1.00,1.87
2015.01.22 05:59:22.674,1.43398,1.43428,1.00,1.50
2015.01.22 05:59:23.099,1.43399,1.43428,1.37,1.12
2015.01.22 05:59:23.485,1.43399,1.4343,2.25,1.75
2015.01.22 05:59:25.708,1.43398,1.43425,1.47,1.37
2015.01.22 05:59:25.759,1.43398,1.43425,1.37,1.75
2015.01.22 05:59:26.479,1.43396,1.43425,1.47,2.62
2015.01.22 05:59:30.275,1.43396,1.43425,1.57,2.25
2015.01.22 05:59:38.234,1.43394,1.43422,1.75,1.50
2015.01.22 05:59:38.779,1.43392,1.43419,1.12,3.00
2015.01.22 05:59:39.452,1.4339,1.43419,1.87,3.37
2015.01.22 05:59:46.885,1.4339,1.43419,1.87,6.37
2015.01.22 05:59:56.244,1.4339,1.43418,1.12,1.75
2015.01.22 05:59:56.447,1.43391,1.43418,2.25,1.37
2015.01.22 05:59:58.827,1.43392,1.43418,1.12,1.37
