2017.06.26 22:00:00.043,1.48163,1.48196,0.75,0.75
2017.06.26 22:00:00.147,1.48165,1.48204,0.75,0.75
2017.06.26 22:00:00.249,1.48167,1.4821,0.75,0.75
2017.06.26 22:00:00.301,1.48165,1.48208,0.75,1.50
2017.06.26 22:00:00.607,1.48154,1.48188,0.75,0.75
2017.06.26 22:00:00.891,1.48148,1.48184,0.75,0.75
2017.06.26 22:00:01.145,1.48144,1.48183,0.75,0.75
2017.06.26 22:00:02.991,1.48145,1.48184,0.75,0.75
2017.06.26 22:00:03.304,1.48147,1.48185,0.75,0.75
2017.06.26 22:00:03.610,1.48152,1.48186,0.75,0.75
2017.06.26 22:00:04.113,1.48147,1.48185,0.75,0.75
2017.06.26 22:00:08.113,1.48146,1.48184,1.50,0.75
2017.06.26 22:00:08.316,1.48144,1.48182,0.75,0.75
2017.06.26 22:00:09.069,1.48143,1.48181,0.75,0.75
2017.06.26 22:00:10.107,1.48141,1.48181,0.75,0.75
2017.06.26 22:00:10.621,1.48141,1.4818,0.75,0.75
2017.06.26 22:00:15.944,1.48141,1.48181,0.75,0.75
2017.06.26 22:00:19.952,1.48142,1.48181,0.75,0.75
2017.06.26 22:00:20.003,1.4814,1.48183,1.50,0.75
2017.06.26 22:00:20.503,1.4814,1.48181,0.75,0.75
2017.06.26 22:00:20.605,1.48137,1.48179,0.75,0.75
2017.06.26 22:00:20.656,1.48135,1.4818,1.50,0.75
2017.06.26 22:00:20.809,1.48136,1.48178,0.75,0.75
2017.06.26 22:00:20.860,1.48132,1.48178,0.75,0.75
2017.06.26 22:00:21.807,1.48132,1.48177,0.75,0.75
2017.06.26 22:00:23.928,1.48131,1.48177,1.50,0.75
2017.06.26 22:00:25.295,1.48131,1.48176,1.50,0.75
2017.06.26 22:00:25.655,1.48135,1.48177,1.50,0.75
2017.06.26 22:00:26.029,1.4814,1.48179,0.75,0.75
2017.06.26 22:00:26.212,1.48138,1.48179,1.50,0.75
2017.06.26 22:00:27.525,1.48138,1.48178,0.75,0.75
2017.06.26 22:00:27.627,1.48141,1.48179,0.75,0.75
2017.06.26 22:00:28.717,1.4814,1.48179,0.75,0.75
2017.06.26 22:00:29.027,1.48136,1.48177,0.75,0.75
2017.06.26 22:00:29.945,1.48135,1.48177,1.50,0.75
2017.06.26 22:00:30.255,1.48133,1.48176,0.75,0.75
2017.06.26 22:00:30.306,1.48132,1.48171,1.50,0.75
2017.06.26 22:00:30.612,1.48129,1.48173,0.75,0.75
2017.06.26 22:00:30.748,1.48131,1.48173,0.75,0.75
2017.06.26 22:00:31.455,1.48131,1.4817,0.75,0.75
2017.06.26 22:00:31.506,1.48127,1.48171,0.75,0.75
2017.06.26 22:00:32.109,1.48126,1.48172,0.75,0.75
2017.06.26 22:00:35.082,1.48123,1.48172,0.75,0.75
2017.06.26 22:00:36.313,1.48123,1.48171,1.50,0.75
2017.06.26 22:00:40.338,1.48125,1.48171,0.75,0.75
2017.06.26 22:00:40.695,1.48128,1.48171,0.75,0.75
2017.06.26 22:00:48.711,1.4813,1.48171,0.75,0.75
2017.06.26 22:00:49.224,1.48129,1.48168,0.75,0.75
2017.06.26 22:00:50.676,1.48127,1.48168,0.75,0.75
2017.06.26 22:00:54.643,1.4813,1.48168,0.75,0.75
2017.06.26 22:00:55.350,1.48129,1.48169,0.75,0.75
2017.06.26 22:00:56.613,1.48129,1.48168,0.75,0.75
2017.06.26 22:00:56.714,1.48126,1.48167,1.50,0.75
2017.06.26 22:00:56.765,1.48129,1.48168,0.75,0.75
2017.06.26 22:01:00.228,1.48128,1.48166,0.75,0.75
2017.06.26 22:01:00.635,1.48129,1.4817,0.75,0.75
2017.06.26 22:01:01.856,1.48126,1.48169,1.50,0.75
2017.06.26 22:01:01.958,1.48129,1.48171,0.75,0.75
2017.06.26 22:01:02.680,1.48127,1.48171,0.75,0.75
2017.06.26 22:01:02.731,1.48129,1.4817,0.75,0.75
2017.06.26 22:01:04.484,1.48128,1.48169,0.75,0.75
2017.06.26 22:01:04.536,1.48128,1.48172,0.75,0.75
2017.06.26 22:01:04.779,1.48129,1.4817,0.75,1.50
2017.06.26 22:01:05.033,1.48125,1.4817,0.75,1.50
2017.06.26 22:01:05.135,1.48127,1.48171,0.75,1.50
2017.06.26 22:01:05.756,1.48127,1.4817,0.75,0.75
2017.06.26 22:01:06.261,1.48126,1.48169,0.75,0.75
2017.06.26 22:01:06.363,1.48126,1.48171,0.75,0.75
2017.06.26 22:01:06.617,1.48126,1.48169,0.75,0.75
2017.06.26 22:01:06.668,1.48126,1.48171,0.75,1.50
2017.06.26 22:01:06.933,1.48126,1.48169,0.75,0.75
2017.06.26 22:01:07.045,1.48126,1.48171,1.50,1.50
2017.06.26 22:01:07.197,1.48127,1.48169,0.75,0.75
2017.06.26 22:01:07.704,1.48127,1.4817,0.75,1.50
2017.06.26 22:01:09.455,1.48126,1.4817,0.75,1.50
2017.06.26 22:01:10.696,1.48123,1.4817,0.75,1.50
2017.06.26 22:01:10.747,1.48126,1.48169,0.75,0.75
2017.06.26 22:01:11.334,1.48127,1.4817,0.75,0.75
2017.06.26 22:01:11.857,1.48127,1.48169,0.75,1.50
2017.06.26 22:01:12.442,1.48127,1.48168,0.75,0.75
2017.06.26 22:01:13.153,1.48126,1.48171,1.50,1.50
2017.06.26 22:01:14.227,1.48127,1.48174,1.50,1.50
2017.06.26 22:01:14.446,1.48127,1.48171,0.75,0.75
2017.06.26 22:01:14.598,1.48128,1.48173,0.75,1.50
2017.06.26 22:01:15.133,1.48127,1.48172,0.75,0.75
2017.06.26 22:01:16.002,1.48125,1.48172,0.75,0.75
2017.06.26 22:01:16.505,1.48126,1.48172,0.75,0.75
2017.06.26 22:01:17.094,1.48126,1.48173,0.75,0.75
2017.06.26 22:01:17.246,1.48128,1.48173,0.75,0.75
2017.06.26 22:01:17.748,1.48128,1.48175,0.75,0.75
2017.06.26 22:01:17.799,1.48128,1.48173,0.75,0.75
2017.06.26 22:01:18.105,1.48127,1.48175,0.75,0.75
2017.06.26 22:01:18.206,1.48128,1.48173,0.75,0.75
2017.06.26 22:01:18.515,1.48126,1.48173,0.75,0.75
2017.06.26 22:01:18.617,1.48129,1.48174,0.75,0.75
2017.06.26 22:01:18.973,1.48126,1.48171,0.75,0.75
2017.06.26 22:01:19.132,1.48127,1.48174,0.75,0.75
2017.06.26 22:01:19.437,1.48126,1.48171,1.50,0.75
2017.06.26 22:01:19.919,1.48128,1.48173,0.75,0.75
2017.06.26 22:01:20.020,1.48126,1.48173,0.75,0.75
2017.06.26 22:01:20.072,1.48126,1.48171,0.75,0.75
2017.06.26 22:01:20.524,1.48127,1.48173,0.75,1.50
2017.06.26 22:01:20.652,1.48126,1.48171,0.75,0.75
2017.06.26 22:01:20.804,1.48127,1.48173,0.75,1.50
2017.06.26 22:01:21.054,1.48125,1.4817,0.75,0.75
2017.06.26 22:01:21.105,1.48125,1.48172,0.75,1.50
2017.06.26 22:01:21.156,1.48127,1.48172,0.75,0.75
2017.06.26 22:01:21.593,1.48126,1.48174,0.75,0.75
2017.06.26 22:01:21.645,1.48128,1.48173,0.75,0.75
2017.06.26 22:01:21.696,1.48125,1.48171,0.75,0.75
2017.06.26 22:01:21.747,1.48128,1.48173,0.75,0.75
2017.06.26 22:01:21.972,1.48125,1.48171,1.50,0.75
2017.06.26 22:01:22.074,1.48127,1.48172,0.75,0.75
2017.06.26 22:01:22.609,1.48128,1.48173,0.75,0.75
2017.06.26 22:01:23.348,1.48128,1.48174,0.75,0.75
2017.06.26 22:01:23.703,1.48126,1.48172,0.75,0.75
2017.06.26 22:01:24.009,1.48128,1.48173,0.75,1.50
2017.06.26 22:01:24.653,1.48127,1.48173,0.75,0.75
2017.06.26 22:01:24.712,1.48127,1.48175,0.75,1.50
2017.06.26 22:01:24.915,1.48128,1.48173,0.75,0.75
2017.06.26 22:01:25.652,1.48127,1.48172,0.75,0.75
2017.06.26 22:01:26.633,1.48126,1.48171,0.75,0.75
2017.06.26 22:01:27.642,1.48128,1.48173,0.75,0.75
2017.06.26 22:01:28.063,1.4813,1.48172,0.75,0.75
2017.06.26 22:01:28.114,1.48127,1.48172,0.75,1.50
2017.06.26 22:01:28.722,1.4813,1.48175,0.75,0.75
2017.06.26 22:01:29.106,1.48135,1.48177,0.75,0.75
2017.06.26 22:01:29.412,1.48138,1.48177,0.75,1.50
2017.06.26 22:01:29.827,1.4814,1.48177,0.75,1.50
2017.06.26 22:01:29.878,1.48138,1.48177,0.75,1.50
2017.06.26 22:01:30.412,1.48139,1.48177,0.75,0.75
2017.06.26 22:01:31.893,1.48138,1.48177,0.75,0.75
2017.06.26 22:01:32.422,1.48139,1.48175,0.75,0.75
2017.06.26 22:01:32.953,1.4814,1.48175,0.75,0.75
2017.06.26 22:01:33.313,1.48138,1.48175,0.75,0.75
2017.06.26 22:01:33.842,1.48138,1.48174,0.75,0.75
2017.06.26 22:01:34.197,1.48138,1.48169,0.75,0.75
2017.06.26 22:01:34.992,1.48139,1.48169,0.75,0.75
2017.06.26 22:01:35.094,1.48137,1.48169,0.75,0.75
2017.06.26 22:01:35.246,1.4814,1.48169,0.75,0.75
2017.06.26 22:01:35.769,1.48139,1.48169,0.75,0.75
2017.06.26 22:01:35.820,1.48137,1.48169,0.75,0.75
2017.06.26 22:01:35.871,1.4814,1.48169,0.75,0.75
2017.06.26 22:01:36.339,1.48138,1.4817,0.75,1.50
2017.06.26 22:01:36.844,1.48139,1.48169,0.75,0.75
2017.06.26 22:01:37.075,1.48141,1.48169,0.75,0.75
2017.06.26 22:01:37.201,1.48138,1.48169,0.75,0.75
2017.06.26 22:01:37.382,1.4814,1.48169,0.75,0.75
2017.06.26 22:01:37.886,1.48139,1.48169,0.75,0.75
2017.06.26 22:01:38.404,1.4814,1.48169,0.75,0.75
2017.06.26 22:01:38.557,1.48138,1.48169,0.75,0.75
2017.06.26 22:01:38.704,1.4814,1.48169,0.75,0.75
2017.06.26 22:01:38.806,1.48138,1.48169,0.75,0.75
2017.06.26 22:01:39.010,1.4814,1.48169,0.75,0.75
2017.06.26 22:01:39.162,1.48138,1.48169,0.75,0.75
2017.06.26 22:01:39.230,1.4814,1.48169,0.75,0.75
2017.06.26 22:01:39.485,1.48138,1.48169,0.75,0.75
2017.06.26 22:01:39.587,1.4814,1.48169,0.75,0.75
2017.06.26 22:01:39.704,1.48138,1.48169,0.75,0.75
2017.06.26 22:01:39.756,1.4814,1.48169,0.75,0.75
2017.06.26 22:01:40.351,1.48139,1.48169,0.75,0.75
2017.06.26 22:01:40.859,1.48139,1.4817,0.75,1.50
2017.06.26 22:01:41.355,1.48137,1.48169,0.75,0.75
2017.06.26 22:01:42.832,1.48137,1.4817,0.75,1.50
2017.06.26 22:01:42.883,1.48139,1.4817,0.75,1.50
2017.06.26 22:01:43.352,1.48141,1.48169,0.75,0.75
2017.06.26 22:01:43.510,1.48138,1.48169,0.75,0.75
2017.06.26 22:01:43.561,1.4814,1.48169,0.75,0.75
2017.06.26 22:01:43.992,1.48138,1.48169,0.75,0.75
2017.06.26 22:01:44.122,1.4814,1.48169,0.75,0.75
2017.06.26 22:01:44.984,1.48139,1.48169,0.75,0.75
2017.06.26 22:01:45.490,1.4814,1.4817,0.75,1.50
2017.06.26 22:01:46.028,1.48139,1.48169,0.75,0.75
2017.06.26 22:01:46.592,1.4814,1.48169,0.75,0.75
2017.06.26 22:01:47.063,1.48138,1.48169,0.75,0.75
2017.06.26 22:01:47.114,1.4814,1.48169,0.75,0.75
2017.06.26 22:01:47.460,1.48138,1.48169,0.75,0.75
2017.06.26 22:01:47.970,1.48139,1.48169,0.75,0.75
2017.06.26 22:01:48.277,1.48137,1.48169,0.75,0.75
2017.06.26 22:01:48.804,1.48136,1.48169,0.75,0.75
2017.06.26 22:01:49.109,1.48138,1.48169,0.75,0.75
2017.06.26 22:01:49.665,1.48137,1.4817,0.75,1.50
2017.06.26 22:01:50.182,1.48136,1.48169,0.75,0.75
2017.06.26 22:01:51.574,1.48137,1.48169,0.75,0.75
2017.06.26 22:01:54.447,1.48138,1.4817,0.75,1.50
2017.06.26 22:01:54.896,1.48136,1.48169,0.75,0.75
2017.06.26 22:01:55.964,1.48137,1.48169,0.75,0.75
2017.06.26 22:01:56.516,1.48137,1.4817,0.75,1.50
2017.06.26 22:01:57.021,1.48137,1.48169,0.75,0.75
2017.06.26 22:02:00.194,1.48138,1.48169,0.75,0.75
2017.06.26 22:02:00.653,1.4814,1.48169,0.75,0.75
2017.06.26 22:02:01.668,1.48141,1.48169,0.75,0.75
2017.06.26 22:02:02.195,1.48142,1.48169,0.75,0.75
2017.06.26 22:02:05.172,1.48143,1.48169,0.75,0.75
2017.06.26 22:02:05.777,1.48142,1.48169,1.50,0.75
2017.06.26 22:02:06.511,1.48143,1.48169,0.75,0.75
2017.06.26 22:02:08.926,1.48142,1.48169,0.75,0.75
2017.06.26 22:02:10.703,1.48141,1.48169,1.50,0.75
2017.06.26 22:02:11.228,1.48142,1.48169,0.75,0.75
2017.06.26 22:02:12.150,1.48141,1.48169,0.75,0.75
2017.06.26 22:02:14.811,1.48141,1.4817,0.75,1.50
2017.06.26 22:02:16.184,1.48139,1.4817,0.75,1.50
2017.06.26 22:02:16.307,1.48142,1.48169,0.75,0.75
2017.06.26 22:02:16.436,1.4814,1.48169,0.75,0.75
2017.06.26 22:02:17.072,1.48141,1.4817,0.75,1.50
2017.06.26 22:02:17.753,1.4814,1.48169,0.75,0.75
2017.06.26 22:02:18.331,1.48138,1.48169,0.75,0.75
2017.06.26 22:02:20.317,1.48139,1.48169,0.75,0.75
2017.06.26 22:02:24.542,1.4814,1.48169,0.75,0.75
2017.06.26 22:02:25.538,1.48139,1.48169,0.75,0.75
2017.06.26 22:02:29.519,1.48139,1.4817,0.75,1.50
2017.06.26 22:02:30.588,1.48141,1.4817,0.75,1.50
2017.06.26 22:02:30.697,1.48139,1.4817,0.75,0.75
2017.06.26 22:02:31.237,1.48139,1.48169,0.75,0.75
2017.06.26 22:02:31.850,1.48139,1.4817,1.50,0.75
2017.06.26 22:02:32.475,1.48139,1.48169,1.50,0.75
2017.06.26 22:02:33.090,1.4814,1.48169,0.75,0.75
2017.06.26 22:02:36.704,1.48142,1.48169,0.75,0.75
2017.06.26 22:02:42.582,1.48142,1.4817,0.75,1.50
2017.06.26 22:02:43.548,1.48142,1.48169,0.75,0.75
2017.06.26 22:02:54.096,1.48143,1.48169,0.75,0.75
2017.06.26 22:02:56.670,1.48142,1.48169,0.75,0.75
2017.06.26 22:03:09.670,1.48142,1.4817,0.75,1.50
2017.06.26 22:03:09.840,1.48138,1.48169,0.75,0.75
2017.06.26 22:03:09.892,1.48136,1.4817,0.75,1.50
2017.06.26 22:03:09.943,1.48134,1.48169,0.75,0.75
2017.06.26 22:03:10.823,1.48135,1.48169,0.75,1.50
2017.06.26 22:03:16.711,1.48135,1.4817,0.75,3.75
2017.06.26 22:03:19.621,1.48135,1.48169,0.75,0.75
2017.06.26 22:03:22.496,1.48134,1.4817,0.75,3.75
2017.06.26 22:03:23.004,1.48134,1.48169,0.75,0.75
2017.06.26 22:03:23.528,1.48135,1.48169,0.75,0.75
2017.06.26 22:03:25.070,1.48135,1.4817,0.75,3.75
2017.06.26 22:03:29.605,1.48135,1.48169,0.75,0.75
2017.06.26 22:03:31.683,1.48135,1.48167,0.75,0.75
2017.06.26 22:03:31.785,1.48133,1.48166,0.75,0.75
2017.06.26 22:03:33.878,1.48134,1.48166,0.75,1.50
2017.06.26 22:03:34.538,1.48133,1.48166,0.75,1.50
2017.06.26 22:03:35.198,1.48132,1.48166,0.75,1.50
2017.06.26 22:03:35.989,1.48132,1.48167,0.75,0.75
2017.06.26 22:03:36.588,1.48133,1.48167,0.75,0.75
2017.06.26 22:03:37.136,1.48133,1.48166,0.75,1.50
2017.06.26 22:03:37.985,1.48133,1.48167,0.75,0.75
2017.06.26 22:03:38.526,1.48133,1.48166,0.75,1.50
2017.06.26 22:03:43.872,1.48133,1.48169,0.75,2.25
2017.06.26 22:03:45.100,1.48133,1.48168,0.75,0.75
2017.06.26 22:03:45.748,1.48135,1.48168,0.75,0.75
2017.06.26 22:03:46.724,1.48134,1.48169,0.75,1.50
2017.06.26 22:03:53.832,1.48134,1.48166,0.75,0.75
2017.06.26 22:03:54.172,1.48134,1.48169,0.75,3.00
2017.06.26 22:03:55.535,1.48129,1.48165,0.75,0.75
2017.06.26 22:03:55.907,1.48128,1.48167,0.75,0.75
2017.06.26 22:03:56.009,1.4813,1.48165,0.75,0.75
2017.06.26 22:03:56.060,1.48126,1.48165,0.75,0.75
2017.06.26 22:03:56.111,1.48128,1.48165,0.75,0.75
2017.06.26 22:03:56.682,1.48126,1.48165,0.75,0.75
2017.06.26 22:03:58.158,1.48125,1.48164,0.75,0.75
2017.06.26 22:04:00.157,1.48125,1.48165,0.75,0.75
2017.06.26 22:04:01.428,1.48127,1.48166,0.75,0.75
2017.06.26 22:04:03.675,1.48129,1.48166,1.00,1.00
2017.06.26 22:04:04.347,1.48129,1.48165,1.00,1.00
2017.06.26 22:04:06.123,1.48127,1.48165,1.00,1.00
2017.06.26 22:04:06.643,1.48127,1.48166,1.50,1.00
2017.06.26 22:04:12.861,1.48128,1.48166,1.00,1.50
2017.06.26 22:04:13.601,1.48129,1.48166,1.00,1.00
2017.06.26 22:04:14.110,1.4813,1.48166,1.00,1.00
2017.06.26 22:04:16.424,1.48129,1.48166,1.00,1.00
2017.06.26 22:04:17.202,1.48129,1.48165,1.00,1.00
2017.06.26 22:04:17.770,1.48129,1.48167,1.00,1.00
2017.06.26 22:04:17.822,1.48132,1.48167,1.00,1.00
2017.06.26 22:04:18.151,1.48131,1.48169,1.00,1.00
2017.06.26 22:04:18.711,1.48131,1.48168,1.00,1.00
2017.06.26 22:04:19.220,1.48131,1.48169,1.00,1.00
2017.06.26 22:04:19.757,1.48131,1.48168,1.00,1.00
2017.06.26 22:04:20.266,1.48131,1.48169,1.00,1.00
2017.06.26 22:04:20.948,1.48131,1.48168,1.00,1.00
2017.06.26 22:04:21.482,1.4813,1.48169,1.50,1.00
2017.06.26 22:04:21.840,1.48132,1.4817,1.00,1.00
2017.06.26 22:04:22.373,1.48132,1.48171,1.00,1.00
2017.06.26 22:04:23.096,1.48133,1.48171,1.00,1.00
2017.06.26 22:04:23.673,1.48133,1.4817,1.00,1.00
2017.06.26 22:04:23.724,1.48131,1.4817,1.00,1.00
2017.06.26 22:04:24.142,1.48128,1.48167,1.00,1.00
2017.06.26 22:04:24.657,1.48127,1.48166,1.00,1.00
2017.06.26 22:04:27.711,1.48129,1.48166,1.00,1.00
2017.06.26 22:04:30.607,1.48127,1.48166,1.00,1.50
2017.06.26 22:04:30.658,1.48129,1.48166,1.00,1.00
2017.06.26 22:04:31.635,1.4813,1.48166,1.00,1.00
2017.06.26 22:04:33.536,1.48129,1.48167,1.00,1.50
2017.06.26 22:04:34.619,1.48131,1.48167,1.00,1.50
2017.06.26 22:04:35.241,1.48132,1.48168,1.00,1.50
2017.06.26 22:04:35.462,1.4813,1.48167,1.00,1.00
2017.06.26 22:04:35.817,1.48128,1.48164,1.50,1.00
2017.06.26 22:04:36.591,1.48129,1.48164,1.00,1.00
2017.06.26 22:04:37.257,1.48129,1.48163,1.00,1.00
2017.06.26 22:04:37.851,1.48129,1.48162,1.00,1.00
2017.06.26 22:04:38.398,1.48128,1.48162,1.00,1.00
2017.06.26 22:04:39.892,1.48129,1.48162,1.00,1.00
2017.06.26 22:04:40.686,1.48127,1.4816,1.50,1.00
2017.06.26 22:04:41.655,1.48129,1.4816,1.00,1.00
2017.06.26 22:04:41.706,1.48127,1.4816,1.50,1.00
2017.06.26 22:04:41.953,1.48129,1.48161,1.00,1.00
2017.06.26 22:04:42.461,1.48129,1.48162,1.00,1.00
2017.06.26 22:04:42.664,1.48127,1.48161,1.00,1.00
2017.06.26 22:04:44.716,1.4813,1.48161,1.00,1.00
2017.06.26 22:04:47.842,1.48129,1.48161,1.50,1.00
2017.06.26 22:04:51.835,1.48129,1.4816,1.50,1.00
2017.06.26 22:04:54.639,1.48127,1.48158,1.00,1.00
2017.06.26 22:04:55.341,1.48127,1.48163,1.00,1.00
2017.06.26 22:04:55.912,1.48126,1.48163,1.50,1.00
2017.06.26 22:04:57.242,1.48127,1.48163,1.00,1.00
2017.06.26 22:04:57.752,1.48129,1.48163,1.00,1.00
2017.06.26 22:04:58.153,1.4813,1.48166,1.00,2.25
2017.06.26 22:04:59.841,1.48131,1.48166,1.00,1.00
2017.06.26 22:05:00.544,1.4813,1.48166,1.00,1.00
2017.06.26 22:05:01.045,1.4813,1.48165,1.00,1.00
2017.06.26 22:05:01.918,1.48131,1.48165,1.00,1.00
2017.06.26 22:05:02.020,1.48132,1.48167,1.00,1.00
2017.06.26 22:05:02.071,1.48132,1.48169,1.00,1.50
2017.06.26 22:05:02.124,1.48134,1.48169,1.00,1.00
2017.06.26 22:05:02.249,1.48135,1.48171,1.00,1.00
2017.06.26 22:05:03.245,1.48134,1.48169,1.00,1.00
2017.06.26 22:05:03.551,1.48132,1.48169,1.50,1.00
2017.06.26 22:05:03.602,1.48134,1.48168,1.50,1.00
2017.06.26 22:05:04.110,1.48135,1.48169,1.00,1.00
2017.06.26 22:05:04.780,1.48134,1.48169,1.00,1.00
2017.06.26 22:05:05.066,1.48136,1.48172,1.00,1.50
2017.06.26 22:05:05.659,1.48136,1.48171,1.00,1.00
2017.06.26 22:05:09.223,1.48136,1.4817,1.00,1.00
2017.06.26 22:05:09.733,1.48135,1.4817,1.00,1.00
2017.06.26 22:05:09.835,1.48137,1.48171,1.00,1.00
2017.06.26 22:05:10.346,1.48136,1.48171,1.00,1.00
2017.06.26 22:05:11.303,1.48134,1.48172,1.00,1.50
2017.06.26 22:05:12.374,1.48136,1.4817,1.00,1.00
2017.06.26 22:05:12.598,1.48135,1.48172,1.00,1.00
2017.06.26 22:05:13.108,1.48136,1.48171,1.00,1.00
2017.06.26 22:05:13.210,1.48134,1.48171,1.00,1.00
2017.06.26 22:05:13.749,1.48135,1.4817,1.00,1.00
2017.06.26 22:05:13.801,1.48136,1.48172,1.00,1.00
2017.06.26 22:05:14.141,1.48135,1.4817,1.00,1.00
2017.06.26 22:05:14.208,1.48136,1.48172,1.00,1.50
2017.06.26 22:05:14.463,1.48136,1.4817,1.00,1.00
2017.06.26 22:05:15.073,1.48136,1.48171,1.00,1.00
2017.06.26 22:05:15.884,1.48135,1.48171,1.00,1.00
2017.06.26 22:05:16.571,1.48136,1.48171,1.00,1.00
2017.06.26 22:05:17.148,1.48136,1.4817,1.00,1.00
2017.06.26 22:05:17.614,1.48138,1.48172,1.00,1.00
2017.06.26 22:05:17.870,1.48135,1.4817,1.00,1.00
2017.06.26 22:05:18.420,1.48135,1.48171,1.00,1.00
2017.06.26 22:05:18.471,1.48133,1.4817,1.50,1.00
2017.06.26 22:05:18.624,1.48135,1.48171,1.00,1.00
2017.06.26 22:05:19.355,1.48135,1.4817,1.00,1.00
2017.06.26 22:05:19.864,1.48133,1.4817,1.50,1.00
2017.06.26 22:05:20.407,1.48133,1.48171,1.00,1.50
2017.06.26 22:05:20.763,1.48133,1.48169,1.00,1.00
2017.06.26 22:05:20.916,1.48134,1.48171,1.00,1.00
2017.06.26 22:05:21.439,1.48132,1.48171,1.50,1.00
2017.06.26 22:05:21.639,1.48134,1.48171,1.00,1.00
2017.06.26 22:05:22.147,1.48133,1.4817,1.00,1.00
2017.06.26 22:05:22.300,1.48134,1.48172,1.00,1.00
2017.06.26 22:05:22.880,1.48134,1.4817,1.00,1.00
2017.06.26 22:05:23.021,1.48134,1.48172,1.00,1.00
2017.06.26 22:05:23.245,1.48132,1.48172,1.50,1.50
2017.06.26 22:05:23.297,1.48134,1.48172,1.00,1.50
2017.06.26 22:05:23.841,1.48134,1.48171,1.00,1.00
2017.06.26 22:05:23.995,1.48132,1.4817,1.00,1.00
2017.06.26 22:05:24.046,1.48134,1.48171,1.00,1.00
2017.06.26 22:05:24.366,1.48134,1.48169,1.00,1.00
2017.06.26 22:05:24.672,1.48139,1.4817,1.00,1.00
2017.06.26 22:05:24.978,1.48143,1.48172,1.00,1.00
2017.06.26 22:05:25.283,1.48155,1.48181,1.00,1.00
2017.06.26 22:05:25.591,1.48153,1.4818,1.00,1.00
2017.06.26 22:05:30.063,1.48152,1.48179,1.00,1.00
2017.06.26 22:05:30.114,1.4815,1.48177,1.00,1.00
2017.06.26 22:05:31.576,1.48149,1.48176,1.00,1.00
2017.06.26 22:05:32.092,1.4815,1.48176,1.00,1.00
2017.06.26 22:05:35.594,1.48148,1.48175,1.00,1.00
2017.06.26 22:05:36.551,1.48151,1.48176,1.00,1.00
2017.06.26 22:05:36.740,1.48148,1.48175,1.00,1.50
2017.06.26 22:05:36.843,1.48144,1.48171,1.00,1.00
2017.06.26 22:05:44.262,1.48145,1.48172,1.00,1.00
2017.06.26 22:05:50.614,1.48146,1.48173,1.00,1.00
2017.06.26 22:05:51.441,1.48147,1.48174,1.00,1.00
2017.06.26 22:05:51.544,1.48147,1.48176,1.00,1.00
2017.06.26 22:05:52.005,1.48146,1.48173,1.00,1.00
2017.06.26 22:05:52.433,1.48146,1.48175,1.00,1.00
2017.06.26 22:05:54.640,1.48147,1.48173,1.00,1.00
2017.06.26 22:05:55.182,1.48147,1.48174,1.00,1.00
2017.06.26 22:05:56.619,1.48148,1.48175,1.00,1.00
2017.06.26 22:06:03.442,1.48147,1.48174,1.00,1.00
2017.06.26 22:06:03.730,1.48143,1.48172,1.00,1.00
2017.06.26 22:06:03.884,1.48145,1.48172,1.00,1.00
2017.06.26 22:06:04.768,1.48146,1.48173,1.00,1.00
2017.06.26 22:06:06.317,1.48147,1.48174,1.00,1.00
2017.06.26 22:06:07.421,1.48146,1.48173,1.00,1.00
2017.06.26 22:06:07.962,1.48145,1.48172,1.00,1.00
2017.06.26 22:06:16.702,1.48146,1.48173,1.00,1.00
2017.06.26 22:06:17.564,1.48145,1.48172,1.00,1.00
2017.06.26 22:06:18.075,1.48146,1.48173,1.00,1.00
2017.06.26 22:06:18.671,1.48145,1.48172,1.00,1.00
2017.06.26 22:06:19.179,1.48146,1.48173,1.00,1.00
2017.06.26 22:06:19.528,1.48144,1.48171,1.00,1.00
2017.06.26 22:06:20.700,1.48143,1.4817,1.00,1.00
2017.06.26 22:06:22.048,1.48144,1.48171,1.00,1.00
2017.06.26 22:06:30.127,1.48144,1.48173,1.00,1.00
2017.06.26 22:06:30.387,1.48144,1.4817,1.00,1.00
2017.06.26 22:06:32.912,1.48144,1.48171,1.00,1.00
2017.06.26 22:06:33.442,1.48143,1.48172,1.00,1.00
2017.06.26 22:06:34.533,1.48144,1.4817,1.00,1.00
2017.06.26 22:06:35.041,1.48144,1.48171,1.00,1.00
2017.06.26 22:06:35.584,1.48144,1.4817,1.00,1.00
2017.06.26 22:06:36.144,1.48143,1.4817,1.00,1.00
2017.06.26 22:06:36.777,1.48144,1.48171,1.00,1.00
2017.06.26 22:06:37.317,1.48143,1.4817,1.00,1.00
2017.06.26 22:06:37.855,1.48144,1.48171,1.00,1.00
2017.06.26 22:06:38.367,1.48143,1.4817,1.00,1.00
2017.06.26 22:06:39.115,1.48144,1.48171,1.00,1.00
2017.06.26 22:06:39.648,1.48144,1.4817,1.00,1.00
2017.06.26 22:06:40.223,1.48144,1.48171,1.00,1.00
2017.06.26 22:06:40.829,1.48145,1.48171,1.00,1.00
2017.06.26 22:06:46.726,1.48144,1.48171,1.00,1.00
2017.06.26 22:06:52.488,1.48142,1.48169,1.00,1.50
2017.06.26 22:06:53.013,1.48141,1.48168,1.00,1.00
2017.06.26 22:06:56.072,1.4814,1.48167,1.50,1.00
2017.06.26 22:07:00.337,1.4814,1.48166,1.00,1.00
2017.06.26 22:07:00.389,1.48148,1.48175,1.00,1.50
2017.06.26 22:07:00.491,1.48145,1.48172,1.00,1.00
2017.06.26 22:07:01.354,1.48144,1.4817,1.00,1.00
2017.06.26 22:07:01.696,1.48141,1.48168,1.00,1.00
2017.06.26 22:07:02.990,1.48142,1.48169,1.00,1.00
2017.06.26 22:07:05.786,1.48142,1.48168,1.00,1.00
2017.06.26 22:07:07.106,1.48141,1.48168,1.00,1.00
2017.06.26 22:07:09.097,1.48142,1.48169,1.00,1.00
2017.06.26 22:07:09.148,1.48142,1.48171,1.00,1.00
2017.06.26 22:07:16.950,1.48144,1.4817,1.00,1.00
2017.06.26 22:07:20.942,1.48144,1.48171,1.00,1.00
2017.06.26 22:07:26.364,1.48143,1.48172,1.00,1.00
2017.06.26 22:07:29.894,1.48142,1.48171,1.00,1.00
2017.06.26 22:07:30.225,1.48144,1.48172,1.00,1.00
2017.06.26 22:07:30.752,1.48145,1.48173,1.00,1.00
2017.06.26 22:07:32.090,1.48144,1.48171,1.00,1.00
2017.06.26 22:07:32.683,1.48143,1.48171,1.00,1.00
2017.06.26 22:07:34.747,1.48142,1.4817,1.00,1.00
2017.06.26 22:07:37.155,1.48141,1.48169,1.50,1.00
2017.06.26 22:07:40.365,1.48142,1.4817,1.00,1.00
2017.06.26 22:07:46.882,1.48143,1.48171,1.00,1.00
2017.06.26 22:07:51.235,1.48142,1.4817,1.00,1.50
2017.06.26 22:07:52.894,1.48142,1.48169,1.00,1.00
2017.06.26 22:07:53.414,1.48141,1.48169,1.00,1.50
2017.06.26 22:08:01.901,1.4814,1.48168,1.00,1.00
2017.06.26 22:08:02.409,1.48139,1.48166,1.50,1.00
2017.06.26 22:08:09.992,1.4814,1.48166,1.00,1.50
2017.06.26 22:08:44.264,1.4814,1.48168,1.50,1.50
2017.06.26 22:08:45.934,1.4814,1.48167,1.00,1.00
2017.06.26 22:08:46.671,1.4814,1.48166,1.00,1.50
2017.06.26 22:09:12.899,1.48141,1.48166,1.00,1.00
2017.06.26 22:09:16.617,1.4814,1.48166,1.50,1.00
2017.06.26 22:09:20.265,1.4814,1.48165,1.50,1.00
2017.06.26 22:09:20.815,1.4814,1.48166,1.50,1.50
2017.06.26 22:09:24.029,1.48141,1.48166,1.00,1.00
2017.06.26 22:09:24.638,1.48142,1.48166,1.00,1.00
2017.06.26 22:09:48.608,1.48141,1.48166,1.00,1.50
2017.06.26 22:09:49.116,1.48142,1.48166,1.00,1.00
2017.06.26 22:09:51.101,1.48142,1.48167,1.00,1.50
2017.06.26 22:09:55.138,1.48142,1.48166,1.00,1.00
2017.06.26 22:09:58.107,1.48142,1.48167,1.00,1.00
2017.06.26 22:10:03.416,1.48147,1.48169,1.00,1.00
2017.06.26 22:10:03.468,1.48143,1.48169,1.00,1.50
2017.06.26 22:10:04.248,1.48143,1.48168,1.00,1.00
2017.06.26 22:10:07.874,1.48143,1.48167,1.00,1.00
2017.06.26 22:10:12.963,1.48142,1.48167,1.00,1.50
2017.06.26 22:10:20.267,1.48143,1.48168,1.00,1.00
2017.06.26 22:10:21.378,1.48143,1.48169,1.00,1.50
2017.06.26 22:10:26.540,1.48143,1.48168,1.00,1.00
2017.06.26 22:10:29.287,1.48143,1.48169,1.00,1.50
2017.06.26 22:10:32.592,1.48143,1.48168,1.50,1.00
2017.06.26 22:10:40.493,1.48143,1.48167,1.00,1.00
2017.06.26 22:10:41.000,1.48142,1.48167,1.00,1.00
2017.06.26 22:10:47.283,1.48147,1.48169,1.00,1.00
2017.06.26 22:10:47.539,1.48146,1.48171,1.50,1.00
2017.06.26 22:10:48.223,1.48147,1.48171,1.00,1.00
2017.06.26 22:10:49.289,1.48147,1.48172,1.00,1.00
2017.06.26 22:10:49.571,1.48151,1.48173,1.00,1.00
2017.06.26 22:10:50.109,1.48151,1.48174,1.00,1.00
2017.06.26 22:10:50.727,1.48152,1.48175,1.00,1.00
2017.06.26 22:10:51.079,1.48152,1.48173,1.00,1.00
2017.06.26 22:10:52.268,1.48151,1.48173,1.00,1.00
2017.06.26 22:10:53.008,1.48157,1.48174,1.00,1.00
2017.06.26 22:10:53.110,1.48155,1.48174,1.00,1.00
2017.06.26 22:10:53.161,1.48157,1.48174,1.00,1.00
2017.06.26 22:10:56.591,1.48157,1.48175,1.00,1.00
2017.06.26 22:10:57.132,1.48158,1.48176,1.00,1.00
2017.06.26 22:11:00.854,1.48156,1.48174,1.00,1.00
2017.06.26 22:11:01.441,1.48157,1.48175,1.00,1.00
2017.06.26 22:11:04.468,1.48156,1.48175,1.00,1.00
2017.06.26 22:11:05.262,1.48155,1.48175,1.00,1.00
2017.06.26 22:11:15.667,1.48157,1.48176,1.00,1.00
2017.06.26 22:11:15.769,1.48155,1.48177,1.00,1.00
2017.06.26 22:11:15.820,1.48153,1.48177,1.00,1.00
2017.06.26 22:11:16.995,1.48154,1.48176,1.00,1.00
2017.06.26 22:11:24.850,1.48153,1.48176,1.00,1.00
2017.06.26 22:11:25.377,1.48155,1.48177,1.00,1.00
2017.06.26 22:11:26.714,1.48153,1.48177,1.00,1.00
2017.06.26 22:11:27.220,1.48153,1.48176,1.00,1.00
2017.06.26 22:11:32.735,1.48152,1.48176,1.00,1.00
2017.06.26 22:11:33.803,1.48154,1.48176,1.00,1.00
2017.06.26 22:11:34.747,1.48152,1.48176,1.00,1.00
2017.06.26 22:11:36.301,1.48153,1.48176,1.00,1.00
2017.06.26 22:11:38.269,1.48153,1.48177,1.00,1.00
2017.06.26 22:11:49.917,1.48156,1.48178,1.00,1.00
2017.06.26 22:11:50.122,1.48149,1.48172,1.00,1.00
2017.06.26 22:11:50.225,1.48149,1.4817,1.00,1.00
2017.06.26 22:11:50.531,1.48149,1.48168,1.00,1.00
2017.06.26 22:11:51.137,1.48149,1.48169,1.00,1.00
2017.06.26 22:11:51.188,1.48151,1.48172,1.00,1.00
2017.06.26 22:11:51.696,1.48151,1.48173,1.00,1.00
2017.06.26 22:11:52.303,1.48146,1.48169,1.00,1.00
2017.06.26 22:11:52.354,1.48146,1.48167,1.00,1.00
2017.06.26 22:11:52.614,1.48144,1.48167,2.25,1.00
2017.06.26 22:11:53.121,1.48144,1.48166,1.00,1.00
2017.06.26 22:12:01.772,1.48144,1.48167,1.00,1.00
2017.06.26 22:12:06.302,1.48144,1.48161,1.00,1.00
2017.06.26 22:12:06.816,1.48144,1.48162,1.00,1.00
2017.06.26 22:12:11.379,1.48142,1.48161,1.00,1.00
2017.06.26 22:12:11.430,1.4814,1.48161,1.00,1.00
2017.06.26 22:12:12.778,1.4814,1.4816,1.00,1.00
2017.06.26 22:12:22.538,1.48145,1.48163,1.00,1.00
2017.06.26 22:12:23.255,1.48145,1.48164,1.00,1.00
2017.06.26 22:12:25.669,1.48146,1.48164,1.00,1.00
2017.06.26 22:12:25.976,1.4815,1.48168,1.00,1.00
2017.06.26 22:12:26.730,1.48151,1.48168,1.00,1.00
2017.06.26 22:12:30.082,1.48151,1.48169,1.00,1.00
2017.06.26 22:12:30.651,1.4815,1.48169,1.00,1.00
2017.06.26 22:12:46.636,1.48155,1.48171,1.00,1.00
2017.06.26 22:12:46.687,1.48156,1.48174,1.00,1.00
2017.06.26 22:12:46.739,1.48157,1.48176,1.00,1.00
2017.06.26 22:12:48.753,1.48157,1.48177,1.00,1.00
2017.06.26 22:12:51.654,1.4816,1.48179,1.00,1.00
2017.06.26 22:12:51.705,1.48158,1.48179,1.00,1.00
2017.06.26 22:12:52.461,1.48159,1.48179,1.00,1.00
2017.06.26 22:12:53.005,1.4816,1.48179,1.00,1.00
2017.06.26 22:13:00.133,1.4816,1.48178,1.00,1.00
2017.06.26 22:13:00.235,1.48152,1.48176,1.00,1.00
2017.06.26 22:13:00.743,1.48151,1.48175,1.00,1.00
2017.06.26 22:13:04.277,1.48152,1.48175,1.00,1.00
2017.06.26 22:13:05.401,1.4815,1.48175,1.00,1.00
2017.06.26 22:13:07.237,1.4815,1.48174,1.00,1.00
2017.06.26 22:13:07.339,1.48149,1.48171,1.00,1.00
2017.06.26 22:13:07.391,1.48146,1.4817,1.00,1.00
2017.06.26 22:13:07.443,1.48144,1.48165,1.00,1.00
2017.06.26 22:13:11.821,1.48142,1.48165,1.00,1.00
2017.06.26 22:13:18.538,1.48145,1.48166,1.00,1.00
2017.06.26 22:13:18.860,1.4815,1.48171,1.00,1.00
2017.06.26 22:13:19.501,1.48151,1.48171,1.00,1.00
2017.06.26 22:13:37.365,1.4815,1.48171,1.00,1.00
2017.06.26 22:13:38.193,1.48149,1.48171,1.00,1.00
2017.06.26 22:13:47.944,1.48155,1.48175,1.00,1.00
2017.06.26 22:13:47.996,1.48155,1.48177,1.00,1.00
2017.06.26 22:13:48.099,1.48158,1.48179,1.00,1.00
2017.06.26 22:13:50.639,1.48158,1.4818,1.00,1.00
2017.06.26 22:13:51.302,1.48158,1.48179,1.00,1.00
2017.06.26 22:13:55.427,1.48158,1.4818,1.00,1.00
2017.06.26 22:13:55.631,1.48152,1.48177,1.00,1.00
2017.06.26 22:13:55.683,1.48154,1.48176,1.00,1.00
2017.06.26 22:13:55.988,1.48152,1.48173,1.00,1.00
2017.06.26 22:13:56.815,1.48151,1.48173,1.00,1.00
2017.06.26 22:13:57.340,1.4815,1.48172,1.00,1.00
2017.06.26 22:13:59.200,1.4815,1.48171,1.00,1.00
2017.06.26 22:14:07.606,1.48149,1.48171,1.00,1.00
2017.06.26 22:14:33.861,1.48149,1.48172,1.00,1.00
2017.06.26 22:14:36.178,1.48147,1.48172,1.00,1.00
2017.06.26 22:14:55.666,1.48147,1.48171,1.00,1.00
2017.06.26 22:14:58.264,1.48147,1.48173,1.00,1.00
2017.06.26 22:15:01.115,1.48147,1.48174,1.00,1.00
2017.06.26 22:15:01.388,1.48147,1.48172,1.00,1.00
2017.06.26 22:15:06.654,1.48147,1.48171,1.00,1.00
2017.06.26 22:15:07.350,1.48148,1.48171,1.00,1.00
2017.06.26 22:15:08.055,1.48147,1.48171,1.00,1.00
2017.06.26 22:15:09.369,1.48147,1.48172,1.00,1.00
2017.06.26 22:15:22.097,1.48147,1.48173,1.00,1.00
2017.06.26 22:15:22.403,1.48152,1.48176,1.00,1.00
2017.06.26 22:15:25.978,1.48153,1.48176,1.00,1.00
2017.06.26 22:15:28.504,1.48152,1.48176,1.00,1.00
2017.06.26 22:15:28.654,1.4815,1.48176,1.00,1.00
2017.06.26 22:15:28.706,1.48148,1.48174,1.00,1.00
2017.06.26 22:15:28.860,1.48145,1.48173,1.00,1.00
2017.06.26 22:15:28.911,1.48148,1.48173,1.00,1.00
2017.06.26 22:15:29.713,1.48147,1.48173,1.00,1.00
2017.06.26 22:15:37.110,1.48147,1.48171,1.00,1.00
2017.06.26 22:15:42.118,1.48147,1.4817,1.00,1.00
2017.06.26 22:15:42.220,1.48146,1.48172,1.00,1.00
2017.06.26 22:15:43.672,1.48146,1.4817,1.00,1.00
2017.06.26 22:15:44.207,1.48147,1.48171,1.00,1.00
2017.06.26 22:15:47.494,1.48147,1.48172,1.00,1.00
2017.06.26 22:15:48.166,1.48148,1.48171,1.00,1.00
2017.06.26 22:15:50.125,1.48148,1.48173,1.00,1.00
2017.06.26 22:15:53.285,1.48149,1.48173,1.00,1.00
2017.06.26 22:15:56.616,1.48151,1.48173,1.00,1.00
2017.06.26 22:15:57.157,1.48152,1.48174,1.00,1.00
2017.06.26 22:15:57.768,1.48153,1.48175,1.00,1.00
2017.06.26 22:16:00.105,1.48153,1.48176,1.00,1.00
2017.06.26 22:16:02.031,1.48154,1.48177,1.00,1.00
2017.06.26 22:16:02.604,1.48153,1.48177,1.00,1.00
2017.06.26 22:16:03.349,1.48153,1.48176,1.00,1.00
2017.06.26 22:16:06.941,1.48151,1.48176,1.00,1.00
2017.06.26 22:16:07.451,1.48151,1.48175,1.00,1.00
2017.06.26 22:16:09.637,1.4815,1.48175,1.00,1.00
2017.06.26 22:16:12.180,1.48151,1.48175,1.00,1.00
2017.06.26 22:16:12.892,1.48152,1.48175,1.00,1.00
2017.06.26 22:16:58.475,1.48153,1.48176,1.00,1.00
2017.06.26 22:16:59.061,1.48154,1.48176,1.00,1.00
2017.06.26 22:17:00.513,1.48153,1.48176,1.00,1.00
2017.06.26 22:17:17.464,1.48153,1.48175,1.00,1.00
2017.06.26 22:17:17.566,1.48153,1.48177,1.00,1.00
2017.06.26 22:17:19.114,1.48153,1.48176,1.00,1.00
2017.06.26 22:17:21.174,1.48153,1.48177,1.00,1.00
2017.06.26 22:17:39.156,1.48153,1.48176,1.00,1.00
2017.06.26 22:17:52.052,1.48152,1.48176,1.00,1.00
2017.06.26 22:17:59.432,1.48154,1.48177,1.00,1.00
2017.06.26 22:17:59.742,1.48164,1.48187,1.00,1.00
2017.06.26 22:18:00.048,1.48163,1.48184,1.00,1.00
2017.06.26 22:18:00.150,1.4816,1.48184,1.12,1.00
2017.06.26 22:18:00.355,1.48158,1.48183,1.00,1.00
2017.06.26 22:18:03.090,1.48159,1.48183,1.00,1.00
2017.06.26 22:18:07.085,1.48158,1.48183,1.00,1.00
2017.06.26 22:18:11.000,1.48159,1.48185,1.00,1.00
2017.06.26 22:18:11.546,1.4816,1.48185,1.00,1.00
2017.06.26 22:18:19.485,1.48158,1.48184,1.00,1.00
2017.06.26 22:18:20.501,1.48159,1.48184,1.00,1.00
2017.06.26 22:18:22.112,1.48158,1.48184,1.00,1.00
2017.06.26 22:18:23.674,1.48162,1.48186,1.00,1.00
2017.06.26 22:18:24.127,1.48162,1.48184,1.00,1.00
2017.06.26 22:18:24.178,1.4816,1.48184,1.00,1.00
2017.06.26 22:18:29.022,1.4816,1.48186,1.00,1.00
2017.06.26 22:18:29.357,1.48158,1.48186,2.25,1.50
2017.06.26 22:18:31.721,1.48158,1.48184,2.25,1.00
2017.06.26 22:18:32.307,1.48158,1.48182,1.50,1.00
2017.06.26 22:18:32.720,1.48157,1.4818,1.50,1.00
2017.06.26 22:18:36.275,1.48158,1.48181,1.00,1.00
2017.06.26 22:18:38.473,1.48158,1.48182,1.50,1.00
2017.06.26 22:18:48.165,1.48158,1.48181,1.00,1.00
2017.06.26 22:18:48.919,1.48158,1.48182,1.00,1.00
2017.06.26 22:18:50.317,1.48158,1.48183,1.50,1.00
2017.06.26 22:18:53.203,1.48155,1.48182,1.50,1.00
2017.06.26 22:18:53.769,1.48156,1.48185,1.00,1.00
2017.06.26 22:18:53.872,1.48158,1.48185,1.00,1.00
2017.06.26 22:18:54.511,1.4816,1.48187,1.00,1.50
2017.06.26 22:19:00.544,1.48161,1.48188,1.00,1.00
2017.06.26 22:19:01.537,1.4816,1.48187,1.00,1.00
2017.06.26 22:19:12.540,1.48159,1.48186,1.00,1.00
2017.06.26 22:19:17.037,1.48158,1.48184,1.00,1.00
2017.06.26 22:19:17.454,1.48156,1.48185,2.25,1.50
2017.06.26 22:19:19.152,1.48158,1.48186,1.00,1.00
2017.06.26 22:19:19.692,1.48159,1.48186,1.00,1.00
2017.06.26 22:19:23.437,1.48157,1.48184,1.00,1.00
2017.06.26 22:19:23.989,1.48156,1.48183,1.00,1.00
2017.06.26 22:19:31.818,1.48157,1.48184,1.00,1.50
2017.06.26 22:19:48.313,1.48158,1.48185,1.00,1.00
2017.06.26 22:20:01.097,1.48157,1.48184,1.00,1.00
2017.06.26 22:20:42.725,1.48158,1.48184,1.00,1.00
2017.06.26 22:20:47.959,1.48157,1.48184,1.00,1.00
2017.06.26 22:20:48.975,1.48158,1.48184,1.00,1.00
2017.06.26 22:21:18.499,1.48158,1.48185,1.00,1.50
2017.06.26 22:21:19.892,1.4816,1.48187,1.00,1.50
2017.06.26 22:21:20.283,1.48162,1.48188,1.00,1.00
2017.06.26 22:21:20.761,1.48164,1.48189,1.00,1.00
2017.06.26 22:21:22.086,1.48165,1.4819,1.00,1.00
2017.06.26 22:21:22.635,1.48165,1.48191,1.00,1.00
2017.06.26 22:21:28.266,1.48164,1.4819,1.00,1.00
2017.06.26 22:21:29.270,1.48162,1.48189,1.00,1.00
2017.06.26 22:21:33.498,1.48161,1.48188,1.00,1.00
2017.06.26 22:21:37.507,1.48162,1.48189,1.00,1.50
2017.06.26 22:21:42.845,1.48162,1.48188,1.00,1.00
2017.06.26 22:21:43.127,1.48159,1.48186,1.12,1.00
2017.06.26 22:21:44.439,1.48164,1.4819,1.00,1.00
2017.06.26 22:21:45.521,1.48165,1.4819,1.00,1.00
2017.06.26 22:21:45.901,1.48163,1.48189,1.00,1.00
2017.06.26 22:21:46.448,1.48162,1.48189,1.00,1.50
2017.06.26 22:21:46.674,1.48164,1.48188,1.00,1.00
2017.06.26 22:21:47.471,1.48163,1.48188,1.00,1.50
2017.06.26 22:21:47.988,1.48162,1.48187,1.00,1.00
2017.06.26 22:21:51.229,1.48163,1.48188,1.00,1.50
2017.06.26 22:21:51.281,1.48164,1.4819,1.00,1.00
2017.06.26 22:21:51.786,1.48164,1.48189,1.00,1.00
2017.06.26 22:21:52.331,1.48165,1.4819,1.00,1.50
2017.06.26 22:21:54.958,1.48163,1.4819,1.00,1.00
2017.06.26 22:21:55.792,1.48164,1.4819,1.00,1.00
2017.06.26 22:21:56.450,1.48163,1.4819,1.00,1.50
2017.06.26 22:21:57.110,1.48164,1.4819,1.00,1.00
2017.06.26 22:21:58.225,1.48164,1.48189,1.00,1.00
2017.06.26 22:21:58.758,1.48164,1.4819,1.00,1.00
2017.06.26 22:21:59.344,1.48164,1.48189,1.00,1.00
2017.06.26 22:22:00.157,1.48165,1.4819,1.00,1.50
2017.06.26 22:22:01.061,1.48163,1.4819,1.00,1.50
2017.06.26 22:22:02.202,1.48165,1.4819,1.00,1.50
2017.06.26 22:22:03.131,1.48164,1.48189,1.00,1.00
2017.06.26 22:22:04.120,1.48165,1.48189,1.00,1.00
2017.06.26 22:22:05.108,1.48164,1.48189,1.00,1.00
2017.06.26 22:22:06.502,1.48165,1.4819,1.00,1.50
2017.06.26 22:22:18.323,1.48165,1.48189,1.00,1.00
2017.06.26 22:22:22.609,1.48164,1.48189,1.00,1.00
2017.06.26 22:22:27.937,1.48165,1.4819,1.00,1.50
2017.06.26 22:22:32.184,1.48165,1.48189,1.00,1.00
2017.06.26 22:22:45.130,1.48163,1.48188,1.00,1.50
2017.06.26 22:22:48.648,1.48162,1.48188,1.00,1.50
2017.06.26 22:22:49.650,1.48162,1.48187,1.00,1.00
2017.06.26 22:22:51.944,1.48163,1.48188,1.00,1.50
2017.06.26 22:22:52.907,1.48162,1.48187,1.00,1.00
2017.06.26 22:22:52.958,1.48165,1.48188,1.00,1.00
2017.06.26 22:22:53.496,1.48165,1.48189,1.00,1.00
2017.06.26 22:22:54.006,1.48164,1.48189,1.00,1.00
2017.06.26 22:23:00.335,1.48166,1.48189,1.00,1.00
2017.06.26 22:23:00.848,1.48167,1.4819,1.00,1.00
2017.06.26 22:23:06.680,1.48166,1.4819,1.00,1.00
2017.06.26 22:23:07.317,1.48166,1.48191,1.00,1.00
2017.06.26 22:23:07.682,1.48168,1.48191,1.00,1.00
2017.06.26 22:23:08.183,1.48167,1.48191,1.00,1.00
2017.06.26 22:23:18.957,1.48167,1.48192,1.00,1.00
2017.06.26 22:23:19.568,1.48168,1.48193,1.00,1.50
2017.06.26 22:23:28.203,1.48169,1.48194,1.00,1.50
2017.06.26 22:23:36.957,1.48168,1.48193,1.00,1.00
2017.06.26 22:23:37.949,1.48169,1.48194,1.00,1.50
2017.06.26 22:23:38.862,1.48173,1.48197,1.00,1.50
2017.06.26 22:23:39.016,1.48175,1.482,1.00,1.12
2017.06.26 22:23:39.221,1.48177,1.48201,1.00,1.37
2017.06.26 22:23:39.323,1.48177,1.48202,1.00,1.50
2017.06.26 22:23:39.827,1.48177,1.48201,1.00,1.00
2017.06.26 22:23:40.426,1.48178,1.48202,1.00,1.00
2017.06.26 22:23:45.539,1.48181,1.48206,1.00,1.87
2017.06.26 22:23:45.693,1.48183,1.48208,1.00,1.12
2017.06.26 22:23:46.205,1.48182,1.48207,1.00,1.00
2017.06.26 22:23:46.742,1.4818,1.48207,1.00,1.00
2017.06.26 22:23:48.654,1.48176,1.48204,1.00,1.50
2017.06.26 22:23:48.705,1.48176,1.482,1.00,1.00
2017.06.26 22:23:49.011,1.48175,1.48198,1.00,1.00
2017.06.26 22:23:49.756,1.48174,1.48198,1.00,1.00
2017.06.26 22:23:54.026,1.48174,1.48197,1.00,1.00
2017.06.26 22:23:58.769,1.48173,1.48197,1.00,1.00
2017.06.26 22:23:58.821,1.48169,1.48196,1.00,1.00
2017.06.26 22:23:59.227,1.48169,1.48194,1.00,1.00
2017.06.26 22:23:59.775,1.48169,1.48193,1.00,1.00
2017.06.26 22:24:00.479,1.48167,1.48193,1.00,1.00
2017.06.26 22:24:00.683,1.48166,1.48191,1.00,1.00
2017.06.26 22:24:01.478,1.48167,1.48191,1.00,1.00
2017.06.26 22:24:02.808,1.48165,1.48191,1.00,1.00
2017.06.26 22:24:04.236,1.48166,1.48191,1.00,1.00
2017.06.26 22:24:04.339,1.48166,1.48193,1.00,1.00
2017.06.26 22:24:04.441,1.48169,1.48191,1.00,1.00
2017.06.26 22:24:11.101,1.48168,1.48191,1.00,1.00
2017.06.26 22:24:19.306,1.48166,1.48191,1.00,1.50
2017.06.26 22:24:19.358,1.48166,1.48188,1.00,1.00
2017.06.26 22:24:19.764,1.48164,1.48187,1.00,1.00
2017.06.26 22:24:20.133,1.48166,1.48187,1.00,1.00
2017.06.26 22:24:20.673,1.48165,1.48187,1.00,1.00
2017.06.26 22:24:21.260,1.48164,1.48187,1.00,1.00
2017.06.26 22:24:24.168,1.48165,1.48187,1.00,1.00
2017.06.26 22:24:24.472,1.48166,1.48189,1.00,1.00
2017.06.26 22:24:25.066,1.48166,1.4819,1.00,1.00
2017.06.26 22:24:25.223,1.48168,1.4819,1.00,1.00
2017.06.26 22:24:32.005,1.48168,1.48191,1.00,1.00
2017.06.26 22:24:33.861,1.48169,1.48191,1.00,1.00
2017.06.26 22:24:34.542,1.48168,1.48191,1.00,1.00
2017.06.26 22:24:34.851,1.4817,1.48191,1.00,1.00
2017.06.26 22:24:35.709,1.48169,1.48191,1.00,1.00
2017.06.26 22:24:43.850,1.48171,1.48193,1.00,1.00
2017.06.26 22:24:44.156,1.48173,1.48195,1.00,1.00
2017.06.26 22:24:48.264,1.48174,1.48196,1.00,1.00
2017.06.26 22:24:48.927,1.48175,1.48196,1.00,1.00
2017.06.26 22:25:00.062,1.48175,1.48197,1.00,1.00
2017.06.26 22:25:01.149,1.48176,1.48197,1.00,1.00
2017.06.26 22:25:01.906,1.48176,1.48198,1.00,1.00
2017.06.26 22:25:03.937,1.48176,1.48199,1.00,1.00
2017.06.26 22:25:07.922,1.48175,1.48199,1.00,1.00
2017.06.26 22:25:25.945,1.48175,1.48197,1.00,1.00
2017.06.26 22:25:26.490,1.48174,1.48196,1.00,1.00
2017.06.26 22:25:31.801,1.48174,1.48195,1.00,1.00
2017.06.26 22:25:44.758,1.48171,1.48193,1.00,1.00
2017.06.26 22:25:44.861,1.48171,1.48191,1.00,1.00
2017.06.26 22:25:45.167,1.4817,1.48189,1.00,1.00
2017.06.26 22:25:45.735,1.48169,1.48189,1.00,1.00
2017.06.26 22:25:53.012,1.48168,1.48189,1.00,1.00
2017.06.26 22:25:54.342,1.48169,1.48189,1.00,1.00
2017.06.26 22:26:16.432,1.48169,1.48188,1.00,1.00
2017.06.26 22:26:30.015,1.48168,1.48188,1.00,1.00
2017.06.26 22:26:44.986,1.48168,1.4819,1.00,1.00
2017.06.26 22:26:48.963,1.48171,1.48193,1.00,1.00
2017.06.26 22:26:54.463,1.48172,1.48193,1.00,1.00
2017.06.26 22:26:55.643,1.48171,1.48193,1.00,1.00
2017.06.26 22:26:55.948,1.48169,1.48189,1.00,1.00
2017.06.26 22:27:08.387,1.4817,1.48189,1.00,1.00
2017.06.26 22:27:15.106,1.48172,1.48192,1.00,1.00
2017.06.26 22:27:19.184,1.4817,1.48192,1.00,1.00
2017.06.26 22:27:23.192,1.48171,1.48192,1.00,1.00
2017.06.26 22:27:24.522,1.4817,1.48192,1.00,1.00
2017.06.26 22:27:28.530,1.48171,1.48192,1.00,1.00
2017.06.26 22:27:37.622,1.48171,1.48194,1.00,1.00
2017.06.26 22:27:38.222,1.4817,1.48194,1.00,1.00
2017.06.26 22:27:39.552,1.48171,1.48194,1.00,1.00
2017.06.26 22:27:41.026,1.48171,1.48193,1.00,1.00
2017.06.26 22:27:41.417,1.48169,1.48192,1.00,1.00
2017.06.26 22:27:42.041,1.48168,1.48192,1.00,1.00
2017.06.26 22:27:42.600,1.48168,1.48191,1.00,1.00
2017.06.26 22:27:43.160,1.48168,1.4819,1.00,1.00
2017.06.26 22:27:47.444,1.48168,1.48191,1.00,1.00
2017.06.26 22:28:01.591,1.48169,1.48191,1.00,1.00
2017.06.26 22:28:04.273,1.48168,1.48191,1.00,1.00
2017.06.26 22:28:06.233,1.4817,1.48191,1.00,1.00
2017.06.26 22:28:06.839,1.48169,1.48191,1.00,1.00
2017.06.26 22:28:08.681,1.4817,1.48191,1.00,1.00
2017.06.26 22:28:13.620,1.48169,1.48191,1.00,1.00
2017.06.26 22:28:14.485,1.48169,1.48192,1.00,1.00
2017.06.26 22:28:25.010,1.48169,1.48189,1.00,1.00
2017.06.26 22:28:28.691,1.4817,1.48189,1.00,1.00
2017.06.26 22:28:34.334,1.48169,1.48189,1.00,1.00
2017.06.26 22:28:37.908,1.48169,1.48188,1.00,1.00
2017.06.26 22:28:47.206,1.48172,1.4819,1.00,1.00
2017.06.26 22:28:47.512,1.4817,1.48188,1.00,1.00
2017.06.26 22:28:48.068,1.48169,1.48188,1.00,1.00
2017.06.26 22:28:49.363,1.4817,1.48188,1.00,1.00
2017.06.26 22:28:53.381,1.48169,1.48188,1.00,1.00
2017.06.26 22:29:01.355,1.48167,1.48188,1.00,1.00
2017.06.26 22:29:08.517,1.48167,1.4819,1.00,1.00
2017.06.26 22:29:09.259,1.48167,1.48191,1.00,1.00
2017.06.26 22:29:10.783,1.48166,1.48194,1.00,1.50
2017.06.26 22:29:13.740,1.48167,1.48194,1.00,1.00
2017.06.26 22:29:13.998,1.4817,1.48194,1.00,1.00
2017.06.26 22:29:23.432,1.48169,1.48194,1.00,1.00
2017.06.26 22:29:26.210,1.48169,1.48193,1.00,1.00
2017.06.26 22:29:28.806,1.4817,1.48193,1.00,1.00
2017.06.26 22:29:30.058,1.4817,1.48194,1.00,1.00
2017.06.26 22:29:32.767,1.4817,1.48196,1.00,1.87
2017.06.26 22:29:35.340,1.48171,1.48196,1.00,1.12
2017.06.26 22:29:35.442,1.48171,1.48194,1.00,1.00
2017.06.26 22:29:36.942,1.48172,1.48194,1.00,1.00
2017.06.26 22:29:39.792,1.48171,1.48194,1.00,1.00
2017.06.26 22:29:52.826,1.48173,1.48194,1.00,1.00
2017.06.26 22:29:53.513,1.48174,1.48195,1.00,1.12
2017.06.26 22:29:54.028,1.48173,1.48195,1.00,1.12
2017.06.26 22:29:54.567,1.48174,1.48195,1.00,1.12
2017.06.26 22:29:54.899,1.48176,1.48197,1.00,1.00
2017.06.26 22:29:56.078,1.48176,1.48196,1.00,1.00
2017.06.26 22:29:56.592,1.48175,1.48196,1.00,1.00
2017.06.26 22:30:00.771,1.48173,1.48193,1.00,1.00
2017.06.26 22:30:01.357,1.48172,1.48193,1.00,1.00
2017.06.26 22:30:01.860,1.48171,1.48193,1.00,1.00
2017.06.26 22:30:02.963,1.48172,1.48193,1.00,1.00
2017.06.26 22:30:04.188,1.48171,1.48193,1.00,1.00
2017.06.26 22:30:05.355,1.48169,1.4819,1.00,1.00
2017.06.26 22:30:05.888,1.48169,1.48189,1.00,1.00
2017.06.26 22:30:08.523,1.48168,1.48189,1.00,1.00
2017.06.26 22:30:09.855,1.48169,1.48189,1.00,1.00
2017.06.26 22:30:19.467,1.48169,1.48193,1.00,1.00
2017.06.26 22:30:20.221,1.48168,1.48193,1.00,1.00
2017.06.26 22:30:27.277,1.4817,1.48194,1.00,1.00
2017.06.26 22:30:27.547,1.48167,1.48194,1.00,1.00
2017.06.26 22:30:31.116,1.48169,1.48194,1.00,2.25
2017.06.26 22:30:31.667,1.48168,1.48194,1.00,2.25
2017.06.26 22:30:35.373,1.48169,1.48194,1.00,1.00
2017.06.26 22:30:36.437,1.48168,1.48194,1.00,1.00
2017.06.26 22:30:37.843,1.48169,1.48194,1.00,1.00
2017.06.26 22:30:38.140,1.48167,1.48193,1.00,1.00
2017.06.26 22:30:39.111,1.48165,1.48193,1.50,1.00
2017.06.26 22:30:40.281,1.48167,1.48193,1.00,1.50
2017.06.26 22:30:43.921,1.48167,1.48194,1.00,1.50
2017.06.26 22:30:45.437,1.4817,1.48194,1.00,1.00
2017.06.26 22:30:45.930,1.4817,1.48197,1.00,3.75
2017.06.26 22:30:48.469,1.48171,1.48197,1.00,1.50
2017.06.26 22:30:55.337,1.48174,1.48197,1.00,1.50
2017.06.26 22:30:55.699,1.48176,1.48198,1.00,1.75
2017.06.26 22:31:01.478,1.48175,1.48198,1.00,1.37
2017.06.26 22:31:03.412,1.48173,1.48193,1.00,1.00
2017.06.26 22:31:04.593,1.48175,1.48193,1.00,1.00
2017.06.26 22:31:07.370,1.48176,1.48195,1.00,1.00
2017.06.26 22:31:09.974,1.48175,1.48195,1.00,1.00
2017.06.26 22:31:18.462,1.48173,1.48196,1.00,1.00
2017.06.26 22:31:23.828,1.48174,1.48197,1.00,1.00
2017.06.26 22:31:23.982,1.48176,1.48199,1.00,1.00
2017.06.26 22:31:24.301,1.48179,1.48202,1.00,1.00
2017.06.26 22:31:24.353,1.48183,1.48207,1.00,1.12
2017.06.26 22:31:24.455,1.4818,1.48206,1.00,1.00
2017.06.26 22:31:24.557,1.48183,1.48206,1.00,1.00
2017.06.26 22:31:25.076,1.48183,1.48205,1.00,1.00
2017.06.26 22:31:27.826,1.48181,1.48205,1.00,1.00
2017.06.26 22:31:28.350,1.48182,1.48205,1.00,1.00
2017.06.26 22:31:33.126,1.48183,1.48205,1.00,1.00
2017.06.26 22:31:35.741,1.48182,1.48205,1.00,1.00
2017.06.26 22:31:42.795,1.48183,1.48205,1.00,1.00
2017.06.26 22:31:43.521,1.48182,1.48205,1.00,1.00
2017.06.26 22:31:48.754,1.48182,1.48206,1.00,1.00
2017.06.26 22:31:50.218,1.48183,1.48206,1.00,1.00
2017.06.26 22:31:54.484,1.48184,1.48207,1.00,1.00
2017.06.26 22:31:55.502,1.48183,1.48207,1.00,1.00
2017.06.26 22:31:56.494,1.48184,1.48207,1.00,1.00
2017.06.26 22:31:58.908,1.48183,1.48207,1.00,1.00
2017.06.26 22:32:00.161,1.48184,1.48207,1.00,1.00
2017.06.26 22:32:00.415,1.48182,1.48206,1.00,1.00
2017.06.26 22:32:00.822,1.4818,1.482,1.00,1.00
2017.06.26 22:32:01.177,1.48178,1.48199,1.00,1.00
2017.06.26 22:32:02.952,1.4818,1.48199,1.00,1.00
2017.06.26 22:32:03.883,1.48184,1.482,1.00,1.00
2017.06.26 22:32:03.935,1.48184,1.48204,1.00,1.00
2017.06.26 22:32:04.528,1.48185,1.48205,1.00,1.00
2017.06.26 22:32:05.058,1.48186,1.48205,1.00,1.00
2017.06.26 22:32:25.698,1.48186,1.48206,1.00,1.00
2017.06.26 22:32:45.252,1.48186,1.48205,1.00,1.00
2017.06.26 22:32:45.790,1.48185,1.48205,1.00,1.00
2017.06.26 22:32:46.449,1.48185,1.48206,1.00,1.00
2017.06.26 22:33:00.480,1.48183,1.48206,1.00,1.00
2017.06.26 22:33:00.786,1.48183,1.48204,1.00,1.00
2017.06.26 22:33:01.881,1.48184,1.48204,1.00,1.00
2017.06.26 22:33:02.391,1.48184,1.48205,1.00,1.00
2017.06.26 22:33:02.714,1.48185,1.48207,1.00,1.00
2017.06.26 22:33:02.868,1.48183,1.48207,1.00,1.00
2017.06.26 22:33:03.174,1.48185,1.48207,1.00,1.00
2017.06.26 22:33:13.455,1.48185,1.48206,1.00,1.00
2017.06.26 22:33:24.568,1.48181,1.48207,1.75,1.00
2017.06.26 22:33:24.722,1.48181,1.48207,1.00,1.00
2017.06.26 22:33:40.291,1.48182,1.48207,1.00,1.00
2017.06.26 22:33:44.840,1.4818,1.48207,1.87,1.00
2017.06.26 22:33:45.363,1.4818,1.48206,1.00,1.00
2017.06.26 22:34:00.970,1.4818,1.48205,1.00,1.00
2017.06.26 22:34:02.429,1.48178,1.48204,1.00,1.00
2017.06.26 22:34:02.957,1.48178,1.48203,1.12,1.00
2017.06.26 22:34:03.365,1.48176,1.482,1.00,1.00
2017.06.26 22:34:04.995,1.48175,1.482,1.00,1.00
2017.06.26 22:34:13.806,1.48175,1.48201,1.00,1.00
2017.06.26 22:34:20.903,1.48175,1.48202,1.00,1.50
2017.06.26 22:34:26.093,1.48175,1.48201,1.00,1.00
2017.06.26 22:34:26.663,1.48175,1.48202,1.00,1.50
2017.06.26 22:34:29.372,1.48174,1.48201,1.00,1.00
2017.06.26 22:34:29.954,1.48173,1.482,1.12,1.00
2017.06.26 22:34:30.492,1.48171,1.48199,2.25,1.50
2017.06.26 22:34:32.588,1.48171,1.48198,2.25,1.00
2017.06.26 22:34:35.082,1.48171,1.48199,2.25,1.50
2017.06.26 22:34:52.239,1.48174,1.48201,1.00,1.50
2017.06.26 22:34:57.283,1.48176,1.48203,1.00,1.50
2017.06.26 22:34:57.891,1.48177,1.48204,1.00,1.87
2017.06.26 22:35:00.434,1.48178,1.48204,1.00,1.12
2017.06.26 22:35:05.118,1.48177,1.48204,1.00,1.12
2017.06.26 22:35:13.051,1.48177,1.48205,1.00,1.87
2017.06.26 22:35:20.148,1.48176,1.48204,1.00,1.00
2017.06.26 22:35:48.421,1.48178,1.48206,1.00,1.87
2017.06.26 22:35:48.955,1.48179,1.48207,1.00,1.50
2017.06.26 22:35:49.514,1.4818,1.48207,1.00,1.00
2017.06.26 22:35:55.242,1.4818,1.48208,1.00,1.50
2017.06.26 22:35:56.391,1.48182,1.48209,1.00,3.00
2017.06.26 22:35:59.017,1.4818,1.48208,1.50,1.00
2017.06.26 22:35:59.521,1.48181,1.48209,1.12,1.87
2017.06.26 22:36:01.675,1.48181,1.48208,1.12,1.00
2017.06.26 22:36:01.993,1.48178,1.48205,1.12,1.00
2017.06.26 22:36:08.905,1.48178,1.48206,1.00,1.50
2017.06.26 22:36:10.026,1.48178,1.48205,1.00,1.00
2017.06.26 22:36:10.614,1.48177,1.48205,1.12,1.50
2017.06.26 22:36:12.269,1.48178,1.48206,1.00,1.00
2017.06.26 22:36:13.251,1.48179,1.48206,1.00,1.00
2017.06.26 22:36:17.727,1.48179,1.48205,1.00,1.00
2017.06.26 22:36:17.798,1.48177,1.48205,1.12,1.50
2017.06.26 22:36:19.500,1.4818,1.48207,1.00,1.12
2017.06.26 22:36:19.949,1.4818,1.48207,1.00,1.75
2017.06.26 22:36:25.051,1.48181,1.48208,1.00,2.62
2017.06.26 22:36:27.850,1.48181,1.48208,1.00,2.62
2017.06.26 22:36:39.955,1.4818,1.48207,1.00,2.25
2017.06.26 22:36:45.014,1.48177,1.48205,1.00,1.00
2017.06.26 22:36:45.556,1.48177,1.48204,1.00,1.00
2017.06.26 22:36:46.169,1.48179,1.48204,1.00,1.00
2017.06.26 22:36:46.374,1.48177,1.48206,1.87,1.00
2017.06.26 22:36:47.279,1.48179,1.48206,1.00,1.00
2017.06.26 22:36:54.335,1.4818,1.48206,1.00,1.00
2017.06.26 22:36:56.621,1.4818,1.48207,1.00,1.12
2017.06.26 22:37:06.367,1.48179,1.48205,1.00,1.00
2017.06.26 22:37:10.697,1.48179,1.48206,1.00,1.00
2017.06.26 22:37:25.808,1.48178,1.48205,1.50,1.00
2017.06.26 22:37:26.342,1.48177,1.48204,1.00,1.50
2017.06.26 22:37:27.076,1.48178,1.48204,1.00,1.00
2017.06.26 22:37:29.769,1.48178,1.48205,1.00,1.50
2017.06.26 22:37:30.479,1.48179,1.48205,1.00,1.00
2017.06.26 22:37:39.425,1.48178,1.48205,1.00,1.00
2017.06.26 22:37:40.773,1.48179,1.48205,1.00,2.25
2017.06.26 22:37:44.417,1.48179,1.48204,1.00,1.00
2017.06.26 22:37:51.015,1.48178,1.48204,1.00,1.50
2017.06.26 22:37:55.786,1.48179,1.48205,1.00,2.25
2017.06.26 22:38:01.500,1.4818,1.48205,1.00,1.00
2017.06.26 22:38:01.808,1.48182,1.48205,1.00,1.00
2017.06.26 22:38:06.485,1.48181,1.48205,1.00,1.00
2017.06.26 22:38:07.099,1.48182,1.48205,1.00,1.00
2017.06.26 22:38:11.595,1.48181,1.48205,1.00,1.00
2017.06.26 22:38:12.118,1.4818,1.48205,1.00,1.00
2017.06.26 22:38:13.024,1.48179,1.48205,1.00,1.00
2017.06.26 22:38:14.824,1.4818,1.48205,1.00,1.00
2017.06.26 22:38:16.605,1.48179,1.48205,1.00,1.50
2017.06.26 22:38:17.386,1.48179,1.48204,1.00,1.00
2017.06.26 22:38:22.771,1.48179,1.48205,1.00,1.50
2017.06.26 22:38:40.207,1.4818,1.48206,1.00,1.12
2017.06.26 22:38:54.575,1.48179,1.48206,1.00,1.50
2017.06.26 22:38:59.914,1.4818,1.48206,1.00,1.50
2017.06.26 22:39:10.053,1.4818,1.48205,1.00,1.00
2017.06.26 22:39:11.285,1.4818,1.48204,1.00,1.00
2017.06.26 22:39:21.923,1.48179,1.48204,1.00,1.00
2017.06.26 22:39:32.246,1.48179,1.48205,1.00,2.62
2017.06.26 22:39:32.581,1.48181,1.48205,1.00,2.62
2017.06.26 22:39:51.459,1.48184,1.48208,1.00,2.25
2017.06.26 22:39:51.612,1.48183,1.48208,1.00,1.87
2017.06.26 22:39:52.508,1.48184,1.4821,1.00,3.00
2017.06.26 22:39:53.247,1.48187,1.48211,1.00,1.75
2017.06.26 22:39:53.299,1.48187,1.48211,1.00,1.50
2017.06.26 22:39:54.392,1.48187,1.4821,1.00,1.00
2017.06.26 22:39:54.905,1.48187,1.48209,1.00,1.50
2017.06.26 22:39:56.027,1.48186,1.48209,1.00,1.50
2017.06.26 22:39:57.166,1.48186,1.4821,1.00,1.50
2017.06.26 22:39:57.914,1.48182,1.48208,1.50,1.50
2017.06.26 22:39:58.435,1.48182,1.48206,1.50,1.00
2017.06.26 22:39:58.985,1.48182,1.48207,1.00,1.00
2017.06.26 22:40:01.426,1.48184,1.48209,1.00,2.25
2017.06.26 22:40:03.127,1.48184,1.48208,1.00,1.00
2017.06.26 22:40:03.691,1.48182,1.48208,1.12,2.25
2017.06.26 22:40:04.193,1.48181,1.48207,1.50,1.50
2017.06.26 22:40:05.311,1.48181,1.48207,1.12,3.00
2017.06.26 22:40:07.690,1.4818,1.48206,1.87,1.00
2017.06.26 22:40:08.646,1.48179,1.48205,1.00,1.00
2017.06.26 22:40:09.736,1.4818,1.48206,1.00,2.25
2017.06.26 22:40:17.130,1.48181,1.48206,1.00,1.50
2017.06.26 22:40:17.684,1.4818,1.48206,1.00,2.25
2017.06.26 22:40:31.282,1.48181,1.48206,1.00,1.00
2017.06.26 22:40:37.071,1.4818,1.48206,1.00,2.25
2017.06.26 22:40:37.592,1.48181,1.48206,1.00,1.50
2017.06.26 22:40:40.222,1.48181,1.48207,1.50,2.25
2017.06.26 22:40:43.362,1.48181,1.48206,1.00,1.00
2017.06.26 22:40:44.787,1.48175,1.48201,1.75,1.50
2017.06.26 22:40:44.992,1.48172,1.48198,1.00,1.50
2017.06.26 22:40:45.506,1.48172,1.48197,1.00,1.00
2017.06.26 22:40:49.324,1.48172,1.48198,1.50,2.25
2017.06.26 22:40:49.426,1.48174,1.48198,1.00,2.25
2017.06.26 22:40:50.252,1.48174,1.48196,1.00,1.50
2017.06.26 22:40:56.355,1.48174,1.48197,1.00,1.50
2017.06.26 22:40:58.415,1.48174,1.48196,1.00,1.50
2017.06.26 22:41:00.410,1.48174,1.48197,1.00,1.50
2017.06.26 22:41:00.729,1.48172,1.48195,1.00,1.00
2017.06.26 22:41:01.427,1.48172,1.48194,1.00,1.00
2017.06.26 22:41:02.615,1.48171,1.48194,1.00,1.00
2017.06.26 22:41:11.004,1.48171,1.48195,1.00,1.00
2017.06.26 22:41:11.055,1.48169,1.48195,1.00,1.00
2017.06.26 22:41:43.267,1.48168,1.48193,1.00,1.00
2017.06.26 22:42:00.808,1.48168,1.48194,1.00,1.00
2017.06.26 22:42:01.335,1.48168,1.48193,1.00,1.00
2017.06.26 22:42:05.950,1.48169,1.48193,1.00,1.00
2017.06.26 22:42:31.406,1.4817,1.48193,1.00,1.00
2017.06.26 22:42:31.953,1.4817,1.48194,1.00,1.00
2017.06.26 22:42:35.546,1.4817,1.4819,1.00,1.00
2017.06.26 22:42:35.597,1.48166,1.48188,1.50,1.00
2017.06.26 22:42:36.262,1.48166,1.48188,1.00,1.00
2017.06.26 22:42:36.502,1.4816,1.48185,2.25,1.00
2017.06.26 22:42:36.807,1.4816,1.4818,1.00,1.00
2017.06.26 22:42:37.201,1.48157,1.4818,1.12,1.00
2017.06.26 22:42:47.819,1.48157,1.4818,1.50,1.00
2017.06.26 22:42:58.969,1.48157,1.48181,1.50,1.00
2017.06.26 22:42:59.021,1.4816,1.48181,1.00,1.00
2017.06.26 22:43:01.146,1.48157,1.4818,1.50,1.00
2017.06.26 22:43:01.199,1.48157,1.48177,1.50,1.00
2017.06.26 22:43:01.723,1.48156,1.48177,1.50,1.00
2017.06.26 22:43:19.932,1.48159,1.48179,1.00,1.00
2017.06.26 22:43:20.288,1.4816,1.48181,1.00,1.00
2017.06.26 22:43:20.390,1.4816,1.48181,1.75,1.00
2017.06.26 22:43:21.402,1.48161,1.48183,1.50,1.00
2017.06.26 22:43:21.747,1.48161,1.48183,1.75,1.00
2017.06.26 22:43:22.342,1.48161,1.48183,1.75,1.00
2017.06.26 22:43:25.104,1.48165,1.48186,1.12,1.00
2017.06.26 22:43:25.715,1.48165,1.48185,1.12,1.00
2017.06.26 22:43:26.478,1.48166,1.48185,1.00,1.00
2017.06.26 22:43:31.668,1.48166,1.48192,1.00,2.62
2017.06.26 22:43:32.141,1.48166,1.4819,1.00,1.00
2017.06.26 22:43:35.024,1.48163,1.48189,2.25,1.00
2017.06.26 22:43:35.228,1.48162,1.48188,2.25,1.50
2017.06.26 22:43:35.783,1.48161,1.48187,1.75,2.25
2017.06.26 22:43:36.037,1.48161,1.48186,1.12,1.00
2017.06.26 22:43:37.297,1.48161,1.48185,1.12,1.00
2017.06.26 22:44:07.767,1.48161,1.48185,1.37,1.50
2017.06.26 22:44:31.900,1.48164,1.48188,1.00,1.50
2017.06.26 22:44:32.002,1.48168,1.48193,1.00,1.87
2017.06.26 22:44:32.650,1.48169,1.48194,1.00,1.50
2017.06.26 22:44:33.152,1.48169,1.48195,1.12,3.00
2017.06.26 22:44:37.453,1.48169,1.48194,1.00,1.50
2017.06.26 22:44:37.504,1.48171,1.48194,1.00,1.00
2017.06.26 22:44:38.150,1.48172,1.48194,1.00,1.00
2017.06.26 22:44:40.308,1.48172,1.48196,1.00,1.00
2017.06.26 22:44:41.627,1.48172,1.48194,1.00,1.00
2017.06.26 22:44:45.307,1.48172,1.48195,1.00,1.00
2017.06.26 22:44:45.842,1.48172,1.48194,1.00,1.00
2017.06.26 22:44:47.675,1.48172,1.48196,1.00,1.00
2017.06.26 22:44:47.777,1.48172,1.48198,1.00,1.50
2017.06.26 22:44:48.376,1.48172,1.48197,1.00,1.00
2017.06.26 22:44:55.293,1.48172,1.48198,1.00,1.00
2017.06.26 22:45:02.669,1.48171,1.48198,1.00,1.00
2017.06.26 22:45:04.340,1.4817,1.48197,1.87,1.00
2017.06.26 22:45:04.459,1.48172,1.48198,1.00,1.50
2017.06.26 22:45:05.123,1.48171,1.48198,1.00,1.50
2017.06.26 22:45:06.008,1.48172,1.48198,1.00,1.00
2017.06.26 22:45:07.103,1.48173,1.48199,1.00,1.50
2017.06.26 22:45:07.712,1.48173,1.48198,1.00,1.00
2017.06.26 22:45:08.305,1.48173,1.48199,1.00,1.00
2017.06.26 22:45:08.847,1.48173,1.48198,1.00,1.00
2017.06.26 22:45:09.362,1.48172,1.48198,1.00,1.00
2017.06.26 22:45:10.176,1.48173,1.48199,1.00,1.00
2017.06.26 22:45:10.721,1.48173,1.48198,1.00,1.00
2017.06.26 22:45:11.645,1.48173,1.48197,1.00,1.00
2017.06.26 22:45:12.523,1.48173,1.48198,1.00,1.00
2017.06.26 22:45:16.025,1.48173,1.48199,1.00,1.00
2017.06.26 22:45:18.410,1.48172,1.48198,1.00,1.00
2017.06.26 22:45:23.801,1.4817,1.48197,1.75,1.50
2017.06.26 22:45:24.057,1.48169,1.48196,1.12,1.00
2017.06.26 22:45:24.879,1.48168,1.48195,2.25,1.00
2017.06.26 22:45:26.368,1.48168,1.48197,2.25,3.75
2017.06.26 22:45:26.928,1.48168,1.48196,1.50,1.00
2017.06.26 22:45:29.928,1.4817,1.48196,1.00,1.50
2017.06.26 22:45:30.490,1.4817,1.48195,1.00,1.00
2017.06.26 22:45:34.710,1.48167,1.48194,1.75,1.00
2017.06.26 22:45:39.028,1.48167,1.4819,1.75,1.00
2017.06.26 22:45:39.647,1.48167,1.48191,1.50,1.00
2017.06.26 22:45:40.168,1.4817,1.48194,1.00,1.00
2017.06.26 22:45:40.708,1.48171,1.48195,1.12,1.00
2017.06.26 22:45:43.054,1.48171,1.48191,1.00,1.00
2017.06.26 22:45:43.765,1.48167,1.48191,2.25,1.00
2017.06.26 22:45:45.728,1.48167,1.4819,2.25,1.00
2017.06.26 22:45:46.357,1.48168,1.48192,2.25,1.00
2017.06.26 22:45:49.876,1.4817,1.48194,1.12,1.00
2017.06.26 22:45:49.927,1.48173,1.48195,1.00,1.00
2017.06.26 22:45:50.372,1.48172,1.48195,2.25,1.00
2017.06.26 22:45:51.146,1.48173,1.48197,1.50,1.50
2017.06.26 22:45:51.248,1.48173,1.48197,1.12,1.50
2017.06.26 22:45:51.629,1.48173,1.48197,1.37,1.50
2017.06.26 22:45:52.187,1.48172,1.48196,1.75,1.00
2017.06.26 22:46:01.658,1.48172,1.48195,1.75,1.00
2017.06.26 22:46:05.531,1.48172,1.48197,1.75,1.00
2017.06.26 22:46:07.271,1.48172,1.48196,1.75,1.00
2017.06.26 22:46:22.204,1.48169,1.48194,2.25,1.50
2017.06.26 22:46:22.408,1.48168,1.48192,1.50,1.50
2017.06.26 22:46:23.052,1.48166,1.4819,1.75,1.00
2017.06.26 22:46:24.244,1.48166,1.48191,2.25,1.00
2017.06.26 22:46:24.785,1.48166,1.4819,1.75,1.00
2017.06.26 22:46:25.359,1.48166,1.48191,2.25,1.00
2017.06.26 22:46:26.829,1.48168,1.4819,1.50,1.00
2017.06.26 22:46:27.368,1.48168,1.48189,1.50,1.00
2017.06.26 22:46:28.045,1.48168,1.4819,1.50,1.00
2017.06.26 22:46:28.836,1.48168,1.48189,1.50,1.00
2017.06.26 22:46:31.747,1.48168,1.4819,1.50,1.00
2017.06.26 22:46:33.247,1.48168,1.48189,1.50,1.00
2017.06.26 22:46:34.603,1.48168,1.4819,1.50,1.00
2017.06.26 22:46:35.594,1.48168,1.48189,1.50,1.00
2017.06.26 22:46:35.645,1.48168,1.48191,1.50,1.00
2017.06.26 22:46:36.823,1.48168,1.48189,1.50,1.00
2017.06.26 22:46:37.564,1.48166,1.48189,1.75,1.00
2017.06.26 22:46:37.615,1.48166,1.48191,1.75,1.00
2017.06.26 22:46:38.947,1.48167,1.48192,1.50,1.00
2017.06.26 22:46:40.121,1.48168,1.48194,1.12,1.00
2017.06.26 22:46:46.954,1.48168,1.48195,1.12,1.00
2017.06.26 22:46:48.474,1.48166,1.48192,2.25,1.00
2017.06.26 22:46:49.030,1.48166,1.48191,1.75,1.00
2017.06.26 22:46:50.268,1.48167,1.48192,1.50,1.00
2017.06.26 22:46:56.499,1.48166,1.48192,1.12,1.00
2017.06.26 22:46:57.839,1.48167,1.48193,1.00,1.00
2017.06.26 22:47:01.405,1.48168,1.48195,1.00,1.00
2017.06.26 22:47:01.609,1.48169,1.48195,1.50,1.00
2017.06.26 22:47:05.375,1.48169,1.48197,2.25,1.00
2017.06.26 22:47:06.066,1.4817,1.48196,1.12,1.00
2017.06.26 22:47:10.591,1.4817,1.48197,2.62,1.00
2017.06.26 22:47:25.365,1.4817,1.48197,3.00,1.00
2017.06.26 22:47:45.201,1.48171,1.48198,1.12,1.00
2017.06.26 22:47:46.847,1.48175,1.48199,1.00,1.00
2017.06.26 22:48:09.124,1.48171,1.48198,1.12,1.00
2017.06.26 22:48:18.350,1.48171,1.48197,1.00,1.00
2017.06.26 22:48:18.828,1.48171,1.48194,1.00,1.00
2017.06.26 22:48:19.362,1.4817,1.48194,1.00,1.00
2017.06.26 22:48:19.878,1.4817,1.48193,1.00,1.00
2017.06.26 22:48:21.701,1.4817,1.48194,1.00,1.00
2017.06.26 22:48:25.041,1.48167,1.48192,1.00,1.00
2017.06.26 22:48:25.092,1.48167,1.48189,1.00,1.00
2017.06.26 22:48:30.204,1.48167,1.48188,1.00,1.00
2017.06.26 22:48:34.350,1.48165,1.48188,2.25,1.00
2017.06.26 22:48:45.064,1.48166,1.48189,1.75,1.00
2017.06.26 22:48:48.793,1.48168,1.4819,1.12,1.00
2017.06.26 22:48:51.390,1.48168,1.48192,2.62,1.00
2017.06.26 22:48:52.247,1.48169,1.48192,1.00,1.00
2017.06.26 22:48:53.279,1.48169,1.48191,1.37,1.00
2017.06.26 22:48:53.811,1.48169,1.48192,1.75,1.00
2017.06.26 22:48:54.210,1.48169,1.48195,2.25,1.00
2017.06.26 22:48:58.920,1.48171,1.48196,1.12,1.00
2017.06.26 22:48:59.700,1.48169,1.48195,2.25,1.00
2017.06.26 22:49:15.965,1.48172,1.48195,1.00,1.00
2017.06.26 22:49:16.373,1.48173,1.48197,1.12,1.00
2017.06.26 22:49:16.476,1.48175,1.48198,1.00,1.00
2017.06.26 22:49:18.349,1.48177,1.482,1.00,1.00
2017.06.26 22:49:21.822,1.48178,1.482,1.00,1.00
2017.06.26 22:49:24.443,1.48178,1.48201,1.00,1.00
2017.06.26 22:49:25.275,1.48178,1.48201,1.50,1.00
2017.06.26 22:49:31.043,1.48179,1.48202,1.12,1.00
2017.06.26 22:49:31.298,1.48188,1.48212,1.00,1.12
2017.06.26 22:49:31.350,1.48188,1.48213,2.81,1.50
2017.06.26 22:49:31.502,1.48191,1.48214,1.56,1.00
2017.06.26 22:49:31.858,1.48191,1.48216,2.06,1.00
2017.06.26 22:49:32.891,1.48191,1.48216,2.81,1.00
2017.06.26 22:49:34.865,1.48192,1.48217,1.00,1.00
2017.06.26 22:49:35.018,1.48189,1.48213,1.75,1.00
2017.06.26 22:49:35.121,1.48188,1.48213,2.25,1.00
2017.06.26 22:49:36.753,1.48188,1.48215,2.25,1.00
2017.06.26 22:49:45.331,1.4819,1.48215,1.75,1.00
2017.06.26 22:49:54.893,1.48192,1.48218,1.12,3.00
2017.06.26 22:50:11.122,1.48191,1.48217,1.87,1.00
2017.06.26 22:50:24.139,1.4819,1.48213,2.25,1.00
2017.06.26 22:50:24.445,1.4818,1.48206,1.75,1.00
2017.06.26 22:50:24.653,1.4818,1.48204,1.75,1.00
2017.06.26 22:50:24.958,1.48176,1.482,1.75,1.00
2017.06.26 22:50:26.436,1.48175,1.48202,2.25,1.00
2017.06.26 22:50:29.489,1.48179,1.48205,1.12,1.00
2017.06.26 22:50:31.368,1.48177,1.48204,2.25,1.00
2017.06.26 22:50:31.484,1.48177,1.48204,3.00,1.00
2017.06.26 22:50:35.112,1.48178,1.48204,1.75,1.00
2017.06.26 22:50:35.163,1.48178,1.48204,1.50,1.00
2017.06.26 22:50:36.040,1.48176,1.48203,1.75,1.50
2017.06.26 22:50:36.996,1.48177,1.48204,2.81,1.50
2017.06.26 22:50:38.161,1.48177,1.48203,2.25,1.00
2017.06.26 22:50:39.081,1.48176,1.48202,1.75,1.00
2017.06.26 22:50:39.285,1.48173,1.482,2.25,1.50
2017.06.26 22:50:39.866,1.48173,1.48199,1.50,1.00
2017.06.26 22:50:40.124,1.48173,1.482,2.25,1.50
2017.06.26 22:50:41.258,1.48173,1.48198,1.12,1.00
2017.06.26 22:50:46.320,1.48173,1.48199,1.00,1.00
2017.06.26 22:51:09.132,1.48175,1.48199,1.00,1.00
2017.06.26 22:51:14.495,1.48175,1.48201,1.00,1.00
2017.06.26 22:51:15.518,1.4818,1.48204,1.00,1.50
2017.06.26 22:51:15.901,1.48182,1.48205,1.00,1.00
2017.06.26 22:51:16.425,1.48182,1.48206,1.00,1.00
2017.06.26 22:51:18.069,1.48184,1.48209,1.00,1.50
2017.06.26 22:51:18.590,1.48184,1.48207,1.00,1.00
2017.06.26 22:51:27.588,1.48184,1.48208,1.00,1.00
2017.06.26 22:51:28.221,1.48184,1.48207,1.00,1.00
2017.06.26 22:51:31.410,1.48184,1.48208,1.00,1.00
2017.06.26 22:51:35.556,1.48184,1.48209,1.00,1.00
2017.06.26 22:51:36.383,1.48184,1.4821,1.00,1.00
2017.06.26 22:51:37.254,1.48184,1.48211,1.00,1.00
2017.06.26 22:51:37.661,1.48186,1.48211,1.00,1.00
2017.06.26 22:51:45.372,1.48187,1.48211,1.00,1.00
2017.06.26 22:51:46.604,1.48184,1.48211,1.50,1.00
2017.06.26 22:51:49.093,1.48184,1.48209,1.00,1.00
2017.06.26 22:51:51.808,1.48182,1.48207,1.00,1.00
2017.06.26 22:51:52.866,1.48183,1.48207,1.00,1.00
2017.06.26 22:51:53.981,1.48181,1.48207,1.50,1.00
2017.06.26 22:51:54.492,1.48182,1.48207,1.00,1.00
2017.06.26 22:51:55.803,1.48182,1.48209,1.00,1.50
2017.06.26 22:51:56.108,1.48181,1.48206,1.00,1.50
2017.06.26 22:51:56.362,1.48179,1.48205,1.12,1.00
2017.06.26 22:51:58.787,1.48179,1.48207,1.87,1.00
2017.06.26 22:52:00.163,1.4818,1.48207,1.00,1.00
2017.06.26 22:52:05.267,1.4818,1.48207,1.37,1.00
2017.06.26 22:52:05.742,1.48182,1.48209,1.00,1.00
2017.06.26 22:52:06.253,1.48184,1.48211,1.00,1.00
2017.06.26 22:52:08.567,1.48185,1.48213,1.00,1.50
2017.06.26 22:52:11.172,1.48185,1.48212,1.50,1.00
2017.06.26 22:52:11.719,1.48185,1.48213,1.50,1.50
2017.06.26 22:52:11.908,1.48185,1.48213,2.25,1.50
2017.06.26 22:52:12.499,1.48185,1.48212,1.75,1.00
2017.06.26 22:52:26.190,1.48186,1.48211,1.50,1.00
2017.06.26 22:52:45.326,1.48186,1.48211,1.37,1.00
2017.06.26 22:52:46.419,1.48191,1.48217,1.50,2.25
2017.06.26 22:52:51.323,1.48192,1.48217,1.00,1.00
2017.06.26 22:52:52.281,1.48191,1.48217,1.00,2.25
2017.06.26 22:52:52.492,1.48189,1.48214,1.50,1.00
2017.06.26 22:52:52.800,1.48181,1.48206,1.50,1.00
2017.06.26 22:52:52.852,1.48181,1.48206,1.00,1.00
2017.06.26 22:52:57.582,1.4818,1.48206,1.00,1.00
2017.06.26 22:52:59.161,1.4818,1.48205,1.00,1.00
2017.06.26 22:53:00.757,1.48181,1.48206,1.00,1.00
2017.06.26 22:53:01.071,1.48177,1.48205,1.37,1.00
2017.06.26 22:53:01.572,1.48177,1.48204,1.37,1.50
2017.06.26 22:53:04.003,1.48176,1.48203,1.50,1.00
2017.06.26 22:53:04.309,1.48176,1.48202,1.50,1.00
2017.06.26 22:53:04.411,1.48178,1.48204,1.00,2.25
2017.06.26 22:53:05.402,1.48177,1.48203,1.50,1.00
2017.06.26 22:53:09.709,1.48178,1.48203,1.00,1.00
2017.06.26 22:53:12.599,1.48177,1.48203,1.50,1.00
2017.06.26 22:53:23.675,1.48179,1.48205,1.00,2.25
2017.06.26 22:53:35.602,1.48179,1.48204,1.00,1.00
2017.06.26 22:53:35.805,1.48176,1.48202,1.00,1.00
2017.06.26 22:53:36.347,1.48175,1.48201,1.00,1.00
2017.06.26 22:53:36.862,1.48176,1.48201,1.00,1.87
2017.06.26 22:53:42.876,1.48175,1.48203,1.00,2.25
2017.06.26 22:53:42.928,1.48177,1.48203,1.00,2.25
2017.06.26 22:53:43.464,1.48178,1.48203,1.00,1.50
2017.06.26 22:53:45.825,1.48177,1.48203,1.00,1.50
2017.06.26 22:53:46.331,1.48176,1.48203,1.00,1.50
2017.06.26 22:53:47.854,1.48175,1.48203,1.00,1.50
2017.06.26 22:53:56.371,1.48175,1.48202,1.00,1.00
2017.06.26 22:54:00.928,1.48176,1.48202,1.00,1.00
2017.06.26 22:54:01.760,1.48177,1.48202,1.00,1.00
2017.06.26 22:54:07.394,1.48177,1.48203,1.00,2.25
2017.06.26 22:54:16.739,1.48177,1.48202,1.00,1.00
2017.06.26 22:54:17.304,1.48177,1.48201,1.00,1.00
2017.06.26 22:54:23.667,1.48178,1.48203,1.00,1.00
2017.06.26 22:54:24.237,1.48177,1.48203,1.00,1.00
2017.06.26 22:54:25.036,1.48175,1.48203,1.00,1.00
2017.06.26 22:54:30.378,1.48175,1.48201,1.12,1.00
2017.06.26 22:54:30.980,1.48175,1.482,1.00,1.00
2017.06.26 22:54:31.501,1.48175,1.48199,1.00,1.00
2017.06.26 22:54:32.010,1.48174,1.48199,1.00,1.00
2017.06.26 22:54:34.012,1.48174,1.482,1.00,1.00
2017.06.26 22:54:34.698,1.48173,1.482,1.00,1.00
2017.06.26 22:54:41.490,1.48173,1.48198,1.00,1.00
2017.06.26 22:54:43.369,1.48172,1.48196,1.00,1.00
2017.06.26 22:54:43.676,1.48167,1.48191,1.00,1.00
2017.06.26 22:54:43.778,1.48168,1.48193,1.00,1.00
2017.06.26 22:54:43.829,1.48168,1.48191,1.00,1.00
2017.06.26 22:54:43.881,1.48166,1.48191,1.00,1.00
2017.06.26 22:54:44.086,1.48168,1.48191,1.00,1.00
2017.06.26 22:54:44.138,1.48169,1.48195,1.00,1.00
2017.06.26 22:54:44.561,1.4817,1.48196,1.50,1.00
2017.06.26 22:54:50.112,1.4817,1.48195,1.50,1.00
2017.06.26 22:54:56.490,1.4817,1.48197,1.50,1.00
2017.06.26 22:54:57.822,1.4817,1.48196,1.50,1.00
2017.06.26 22:55:00.082,1.4817,1.48195,1.50,1.00
2017.06.26 22:55:00.285,1.48169,1.48195,1.00,1.00
2017.06.26 22:55:01.761,1.4817,1.48196,1.00,1.00
2017.06.26 22:55:11.522,1.4817,1.48197,1.12,1.00
2017.06.26 22:55:20.225,1.4817,1.48197,1.50,1.00
2017.06.26 22:55:22.245,1.4817,1.48197,1.12,1.00
2017.06.26 22:55:26.048,1.48167,1.48193,1.75,1.00
2017.06.26 22:55:26.373,1.48167,1.48191,1.50,1.00
2017.06.26 22:55:35.806,1.48166,1.4819,1.75,1.00
2017.06.26 22:55:36.079,1.48166,1.4819,1.12,1.00
2017.06.26 22:55:39.689,1.48163,1.48188,1.75,1.00
2017.06.26 22:55:39.893,1.48164,1.48187,1.00,1.00
2017.06.26 22:55:39.995,1.48164,1.48189,1.00,1.00
2017.06.26 22:55:40.273,1.48164,1.48189,1.75,1.00
2017.06.26 22:55:40.948,1.48164,1.4819,1.75,1.00
2017.06.26 22:55:49.083,1.48163,1.48188,1.00,1.00
2017.06.26 22:55:49.134,1.48163,1.4819,1.00,1.00
2017.06.26 22:55:49.771,1.48164,1.4819,1.00,1.00
2017.06.26 22:55:57.146,1.48161,1.48187,1.50,1.00
2017.06.26 22:55:57.657,1.48161,1.48186,1.00,1.00
2017.06.26 22:56:03.995,1.48159,1.48186,1.12,1.00
2017.06.26 22:56:12.517,1.48159,1.48185,1.12,1.00
2017.06.26 22:56:12.568,1.4816,1.48188,1.50,1.00
2017.06.26 22:56:12.619,1.48166,1.48192,1.00,1.50
2017.06.26 22:56:13.080,1.48168,1.48192,1.00,1.00
2017.06.26 22:56:13.617,1.48168,1.48193,1.00,1.00
2017.06.26 22:56:14.363,1.48167,1.48193,1.12,1.00
2017.06.26 22:56:20.174,1.48167,1.48192,1.12,1.00
2017.06.26 22:56:20.719,1.48167,1.48193,1.12,1.00
2017.06.26 22:56:28.005,1.48167,1.48194,1.12,1.00
2017.06.26 22:56:33.688,1.48168,1.48195,1.00,1.00
2017.06.26 22:56:37.694,1.48167,1.48195,1.87,1.00
2017.06.26 22:56:41.116,1.48167,1.48193,1.12,1.00
2017.06.26 22:56:47.885,1.4817,1.48196,1.00,1.00
2017.06.26 22:56:49.193,1.48171,1.48197,1.00,1.00
2017.06.26 22:56:49.245,1.48172,1.48199,1.00,1.00
2017.06.26 22:56:49.766,1.48174,1.48199,1.00,1.00
2017.06.26 22:57:00.789,1.4817,1.48194,1.50,1.00
2017.06.26 22:57:00.993,1.48166,1.48193,1.50,1.00
2017.06.26 22:57:01.318,1.48164,1.4819,2.25,1.00
2017.06.26 22:57:02.076,1.48164,1.48189,1.75,1.00
2017.06.26 22:57:17.469,1.48169,1.48189,1.00,1.00
2017.06.26 22:57:17.521,1.48169,1.48192,1.00,1.00
2017.06.26 22:57:18.051,1.48167,1.48191,1.75,1.00
2017.06.26 22:57:18.434,1.48167,1.48191,1.00,1.00
2017.06.26 22:57:20.495,1.48168,1.48192,1.00,1.00
2017.06.26 22:57:21.960,1.48166,1.4819,1.75,1.00
2017.06.26 22:57:23.332,1.48169,1.48191,1.00,1.00
2017.06.26 22:57:30.267,1.48166,1.48191,1.75,1.00
2017.06.26 22:57:46.731,1.48169,1.48193,1.00,1.00
2017.06.26 22:57:47.773,1.48169,1.48192,1.00,1.00
2017.06.26 22:58:02.191,1.48168,1.48192,1.00,1.00
2017.06.26 22:58:17.154,1.48168,1.48193,1.00,1.00
2017.06.26 22:58:17.262,1.4817,1.48194,1.00,1.50
2017.06.26 22:58:17.771,1.4817,1.48195,1.00,1.00
2017.06.26 22:58:18.283,1.48171,1.48195,1.00,1.00
2017.06.26 22:58:26.912,1.4817,1.48194,1.00,1.00
2017.06.26 22:58:32.797,1.48175,1.48199,1.00,1.00
2017.06.26 22:58:33.251,1.48173,1.48197,1.00,1.00
2017.06.26 22:58:34.646,1.48172,1.48196,1.00,1.00
2017.06.26 22:58:34.900,1.4817,1.48195,1.00,1.00
2017.06.26 22:58:35.783,1.4817,1.48194,1.00,1.00
2017.06.26 22:58:37.935,1.48171,1.48195,1.00,1.00
2017.06.26 22:58:41.980,1.48172,1.48196,1.00,1.00
2017.06.26 22:58:53.309,1.48178,1.48201,1.00,1.12
2017.06.26 22:58:56.973,1.48178,1.48202,1.00,1.00
2017.06.26 22:58:58.538,1.48179,1.48202,1.00,1.00
2017.06.26 22:59:07.995,1.48179,1.48203,1.00,1.00
2017.06.26 22:59:12.917,1.4818,1.48203,1.00,1.00
2017.06.26 22:59:27.033,1.48179,1.48203,1.00,1.00
2017.06.26 22:59:42.062,1.4818,1.48203,1.00,1.00
2017.06.26 22:59:42.756,1.48178,1.48202,1.00,1.00
2017.06.26 22:59:43.351,1.48179,1.48203,1.00,1.00
2017.06.26 22:59:58.427,1.48179,1.48204,1.00,1.50
