2017.06.12 15:00:00.261,1.50567,1.5058,1.00,1.00
2017.06.12 15:00:00.621,1.50568,1.50582,1.00,1.00
2017.06.12 15:00:01.174,1.50569,1.50586,1.00,1.88
2017.06.12 15:00:01.939,1.50568,1.50586,1.12,1.13
2017.06.12 15:00:02.041,1.5057,1.50588,1.00,3.00
2017.06.12 15:00:02.195,1.50567,1.50586,2.62,1.12
2017.06.12 15:00:02.247,1.50567,1.50586,3.37,1.50
2017.06.12 15:00:02.349,1.50567,1.50586,3.00,2.25
2017.06.12 15:00:02.862,1.50568,1.50586,1.50,1.50
2017.06.12 15:00:02.964,1.50569,1.50587,1.12,1.12
2017.06.12 15:00:03.474,1.50566,1.50585,2.25,1.00
2017.06.12 15:00:03.526,1.50566,1.50585,2.25,1.12
2017.06.12 15:00:03.628,1.50566,1.50583,2.25,1.00
2017.06.12 15:00:04.690,1.5057,1.50584,1.00,1.00
2017.06.12 15:00:05.031,1.50572,1.50585,1.00,1.12
2017.06.12 15:00:05.339,1.5057,1.50585,1.50,1.12
2017.06.12 15:00:05.777,1.50571,1.50586,1.00,1.75
2017.06.12 15:00:06.236,1.50569,1.50586,1.50,1.75
2017.06.12 15:00:06.809,1.50568,1.50584,1.00,1.75
2017.06.12 15:00:07.424,1.50567,1.50584,1.50,1.75
2017.06.12 15:00:08.253,1.50566,1.50582,1.00,1.50
2017.06.12 15:00:08.559,1.50567,1.5058,1.00,1.12
2017.06.12 15:00:08.867,1.50557,1.50573,1.50,1.50
2017.06.12 15:00:09.885,1.50556,1.50573,1.00,2.25
2017.06.12 15:00:09.937,1.50558,1.50572,1.00,1.12
2017.06.12 15:00:09.988,1.50556,1.50573,1.00,2.25
2017.06.12 15:00:10.293,1.50558,1.50573,1.00,1.50
2017.06.12 15:00:11.058,1.50557,1.50574,1.00,2.25
2017.06.12 15:00:11.583,1.50558,1.50574,1.00,1.75
2017.06.12 15:00:12.352,1.50559,1.50574,1.00,1.75
2017.06.12 15:00:12.759,1.50558,1.50575,1.12,1.50
2017.06.12 15:00:13.292,1.50559,1.50574,1.00,1.00
2017.06.12 15:00:13.816,1.50557,1.50574,1.50,1.50
2017.06.12 15:00:14.790,1.50558,1.50575,1.12,1.00
2017.06.12 15:00:15.276,1.50559,1.50576,1.00,1.75
2017.06.12 15:00:15.583,1.50562,1.50578,1.00,1.50
2017.06.12 15:00:15.995,1.50561,1.50578,1.87,1.75
2017.06.12 15:00:16.097,1.50564,1.50581,1.00,2.25
2017.06.12 15:00:16.199,1.50564,1.50581,1.00,1.87
2017.06.12 15:00:16.352,1.50567,1.50584,1.00,1.37
2017.06.12 15:00:16.404,1.50567,1.50584,1.00,1.87
2017.06.12 15:00:16.456,1.50565,1.50582,1.50,1.00
2017.06.12 15:00:17.007,1.50565,1.50582,1.00,1.50
2017.06.12 15:00:18.284,1.50564,1.50581,1.00,1.12
2017.06.12 15:00:18.829,1.50565,1.50582,1.00,1.50
2017.06.12 15:00:18.939,1.50563,1.5058,2.25,1.00
2017.06.12 15:00:19.198,1.50562,1.50577,1.00,1.00
2017.06.12 15:00:19.508,1.50552,1.50567,1.00,1.00
2017.06.12 15:00:19.559,1.50552,1.50569,2.25,1.12
2017.06.12 15:00:19.612,1.50555,1.50569,1.00,1.12
2017.06.12 15:00:19.715,1.50552,1.50569,1.00,1.82
2017.06.12 15:00:20.037,1.50549,1.50564,2.25,1.00
2017.06.12 15:00:20.088,1.50547,1.50564,3.00,1.10
2017.06.12 15:00:20.191,1.5055,1.50565,1.00,1.85
2017.06.12 15:00:20.294,1.50548,1.50568,1.00,1.95
2017.06.12 15:00:20.960,1.50547,1.50564,1.50,1.20
2017.06.12 15:00:21.522,1.50547,1.50564,1.00,1.20
2017.06.12 15:00:22.121,1.50548,1.50564,1.00,1.95
2017.06.12 15:00:22.479,1.50545,1.50562,1.12,1.00
2017.06.12 15:00:23.074,1.50547,1.50564,1.00,1.57
2017.06.12 15:00:23.409,1.5055,1.50566,1.00,1.82
2017.06.12 15:00:23.715,1.50546,1.50564,1.50,1.57
2017.06.12 15:00:23.817,1.50545,1.50563,1.50,1.57
2017.06.12 15:00:24.419,1.50546,1.50563,1.00,2.32
2017.06.12 15:00:24.947,1.50547,1.50563,1.00,2.32
2017.06.12 15:00:25.362,1.50545,1.50562,1.50,1.37
2017.06.12 15:00:25.882,1.50546,1.50563,1.00,2.32
2017.06.12 15:00:26.408,1.50545,1.50562,1.50,1.47
2017.06.12 15:00:26.914,1.50544,1.50561,1.50,1.57
2017.06.12 15:00:27.325,1.50542,1.50559,1.87,1.10
2017.06.12 15:00:27.429,1.5054,1.50557,1.75,1.10
2017.06.12 15:00:27.736,1.50533,1.50552,3.00,1.57
2017.06.12 15:00:27.788,1.50533,1.50552,3.00,1.57
2017.06.12 15:00:28.084,1.50536,1.50552,1.00,1.57
2017.06.12 15:00:28.187,1.50533,1.50551,1.50,1.10
2017.06.12 15:00:28.700,1.50533,1.50552,1.50,2.32
2017.06.12 15:00:28.968,1.50533,1.5055,1.50,1.00
2017.06.12 15:00:29.283,1.50529,1.50546,1.75,1.50
2017.06.12 15:00:29.539,1.50527,1.50543,1.87,1.00
2017.06.12 15:00:29.847,1.5053,1.50544,1.00,1.00
2017.06.12 15:00:30.275,1.50528,1.50544,1.00,1.00
2017.06.12 15:00:30.786,1.50529,1.50544,1.00,1.00
2017.06.12 15:00:31.192,1.50529,1.50545,1.00,2.32
2017.06.12 15:00:31.650,1.50527,1.50543,1.00,1.75
2017.06.12 15:00:31.804,1.50526,1.50543,2.25,1.12
2017.06.12 15:00:31.855,1.50526,1.5054,1.00,1.00
2017.06.12 15:00:31.906,1.50523,1.5054,1.50,1.00
2017.06.12 15:00:32.357,1.50525,1.50541,1.00,1.50
2017.06.12 15:00:32.612,1.50527,1.50543,1.00,1.10
2017.06.12 15:00:33.327,1.50527,1.50543,1.00,1.47
2017.06.12 15:00:33.838,1.50526,1.50543,1.00,2.32
2017.06.12 15:00:34.347,1.50525,1.50541,1.00,1.50
2017.06.12 15:00:36.345,1.50523,1.50538,1.12,1.00
2017.06.12 15:00:36.600,1.50517,1.50534,1.50,3.00
2017.06.12 15:00:37.411,1.50521,1.50534,1.00,1.50
2017.06.12 15:00:37.720,1.50526,1.50538,1.00,1.75
2017.06.12 15:00:37.823,1.50526,1.50538,1.00,1.75
2017.06.12 15:00:38.281,1.50522,1.50538,1.50,1.75
2017.06.12 15:00:38.332,1.50524,1.50538,1.00,1.75
2017.06.12 15:00:39.055,1.50525,1.50539,1.00,1.75
2017.06.12 15:00:39.261,1.50523,1.50539,1.00,1.75
2017.06.12 15:00:39.784,1.50522,1.50539,2.25,1.75
2017.06.12 15:00:40.247,1.50525,1.50541,1.00,1.75
2017.06.12 15:00:40.349,1.50525,1.50542,1.00,2.32
2017.06.12 15:00:40.401,1.50525,1.50542,1.00,2.32
2017.06.12 15:00:40.554,1.50527,1.50542,1.00,1.75
2017.06.12 15:00:41.137,1.50527,1.50543,1.00,1.85
2017.06.12 15:00:41.824,1.50527,1.50544,1.00,1.82
2017.06.12 15:00:42.131,1.50529,1.50545,1.50,1.85
2017.06.12 15:00:42.673,1.5053,1.50547,1.50,2.32
2017.06.12 15:00:42.929,1.50527,1.50542,1.00,1.00
2017.06.12 15:00:43.455,1.50527,1.50541,1.00,1.00
2017.06.12 15:00:43.997,1.50526,1.50541,1.00,1.00
2017.06.12 15:00:45.623,1.50527,1.50541,1.00,1.00
2017.06.12 15:00:46.463,1.50527,1.50542,1.00,1.00
2017.06.12 15:00:46.972,1.50532,1.50546,1.00,1.75
2017.06.12 15:00:47.125,1.50532,1.50548,1.00,1.57
2017.06.12 15:00:47.380,1.50535,1.5055,1.00,1.57
2017.06.12 15:00:48.630,1.50535,1.5055,1.00,1.20
2017.06.12 15:00:49.139,1.50535,1.50552,1.00,1.95
2017.06.12 15:00:50.502,1.50536,1.50552,1.00,1.37
2017.06.12 15:00:50.655,1.50537,1.50553,1.00,1.00
2017.06.12 15:00:51.258,1.50537,1.50554,1.12,1.00
2017.06.12 15:00:51.665,1.50537,1.50554,1.12,1.75
2017.06.12 15:00:51.767,1.50537,1.50554,1.12,1.00
2017.06.12 15:00:51.819,1.50539,1.50554,1.00,1.00
2017.06.12 15:00:52.187,1.50537,1.50555,1.12,1.20
2017.06.12 15:00:52.242,1.50536,1.50553,3.00,1.50
2017.06.12 15:00:53.207,1.50538,1.50554,1.00,3.07
2017.06.12 15:00:54.226,1.50537,1.50554,1.00,1.57
2017.06.12 15:00:56.242,1.50536,1.50552,1.50,1.00
2017.06.12 15:00:56.788,1.50537,1.50554,1.50,2.32
2017.06.12 15:00:58.220,1.50538,1.50554,1.00,2.32
2017.06.12 15:00:59.111,1.50539,1.50554,1.00,1.50
2017.06.12 15:00:59.419,1.50544,1.50557,1.00,1.75
2017.06.12 15:00:59.471,1.50545,1.5056,1.00,1.75
2017.06.12 15:00:59.573,1.50546,1.5056,1.00,1.12
2017.06.12 15:00:59.675,1.50546,1.50562,1.50,1.12
2017.06.12 15:01:00.135,1.50544,1.50561,1.87,1.57
2017.06.12 15:01:00.660,1.50545,1.50561,1.00,1.00
2017.06.12 15:01:01.208,1.50545,1.5056,1.00,1.00
2017.06.12 15:01:01.746,1.50545,1.50561,1.50,1.57
2017.06.12 15:01:02.655,1.50545,1.50559,1.00,1.00
2017.06.12 15:01:02.911,1.50544,1.50561,1.12,1.57
2017.06.12 15:01:03.450,1.50545,1.50561,1.00,1.50
2017.06.12 15:01:04.201,1.50545,1.50562,1.50,1.95
2017.06.12 15:01:04.496,1.50548,1.50564,1.00,1.20
2017.06.12 15:01:04.801,1.50545,1.50562,1.00,1.57
2017.06.12 15:01:05.329,1.50545,1.50561,1.00,1.57
2017.06.12 15:01:06.660,1.50545,1.50562,1.37,1.82
2017.06.12 15:01:07.589,1.50546,1.50562,1.00,1.10
2017.06.12 15:01:08.513,1.50547,1.50564,1.00,1.95
2017.06.12 15:01:09.007,1.50546,1.50561,1.12,1.00
2017.06.12 15:01:09.540,1.50546,1.50561,1.87,1.00
2017.06.12 15:01:09.642,1.50548,1.50564,1.50,1.12
2017.06.12 15:01:10.154,1.50548,1.50563,1.12,1.00
2017.06.12 15:01:10.891,1.50546,1.50561,1.75,1.00
2017.06.12 15:01:11.401,1.50547,1.50562,1.50,1.00
2017.06.12 15:01:12.187,1.50548,1.5056,1.00,1.00
2017.06.12 15:01:12.800,1.50548,1.50562,1.00,1.12
2017.06.12 15:01:12.953,1.50548,1.5056,1.00,1.00
2017.06.12 15:01:14.115,1.50549,1.50561,1.00,1.00
2017.06.12 15:01:14.479,1.50547,1.5056,1.00,1.00
2017.06.12 15:01:14.531,1.50547,1.50557,1.00,1.00
2017.06.12 15:01:14.583,1.50544,1.50555,1.12,1.00
2017.06.12 15:01:14.686,1.50543,1.50553,1.50,1.00
2017.06.12 15:01:14.790,1.50542,1.50553,1.00,1.00
2017.06.12 15:01:14.931,1.50539,1.50553,1.00,1.00
2017.06.12 15:01:14.994,1.50541,1.50553,1.00,1.12
2017.06.12 15:01:15.300,1.50539,1.50553,1.00,1.00
2017.06.12 15:01:15.555,1.50541,1.50553,1.00,1.00
2017.06.12 15:01:15.809,1.50538,1.50553,1.50,1.00
2017.06.12 15:01:16.494,1.50538,1.50554,1.87,1.00
2017.06.12 15:01:17.644,1.50539,1.50555,1.00,1.12
2017.06.12 15:01:17.746,1.5054,1.50556,1.37,1.50
2017.06.12 15:01:17.797,1.50542,1.50558,1.00,1.50
2017.06.12 15:01:17.849,1.50544,1.50559,1.00,1.12
2017.06.12 15:01:18.156,1.50546,1.50562,2.62,1.12
2017.06.12 15:01:18.782,1.50547,1.50564,1.87,1.12
2017.06.12 15:01:19.293,1.50547,1.50565,1.87,1.50
2017.06.12 15:01:20.247,1.50551,1.50566,1.37,1.85
2017.06.12 15:01:20.598,1.50558,1.50571,1.00,1.75
2017.06.12 15:01:20.854,1.50556,1.50571,1.00,1.75
2017.06.12 15:01:21.441,1.50555,1.50568,1.00,1.00
2017.06.12 15:01:22.286,1.50555,1.50567,1.00,1.00
2017.06.12 15:01:22.591,1.50553,1.50567,1.12,1.00
2017.06.12 15:01:23.203,1.50553,1.50563,1.12,1.00
2017.06.12 15:01:24.209,1.50553,1.50564,1.12,1.00
2017.06.12 15:01:25.726,1.50552,1.50564,1.00,1.00
2017.06.12 15:01:26.759,1.50553,1.50564,1.00,1.00
2017.06.12 15:01:27.277,1.50552,1.50564,1.00,1.00
2017.06.12 15:01:27.857,1.50553,1.50564,1.00,1.00
2017.06.12 15:01:28.076,1.50551,1.50564,1.00,1.00
2017.06.12 15:01:28.127,1.50549,1.50564,1.50,1.00
2017.06.12 15:01:28.280,1.50553,1.50568,1.00,3.00
2017.06.12 15:01:28.584,1.50556,1.5057,1.00,1.12
2017.06.12 15:01:28.890,1.50558,1.50571,1.12,1.00
2017.06.12 15:01:29.620,1.50557,1.50572,3.00,1.00
2017.06.12 15:01:29.824,1.50557,1.50574,3.00,1.50
2017.06.12 15:01:33.036,1.50557,1.50573,3.37,1.00
2017.06.12 15:01:33.554,1.50558,1.50574,2.25,1.50
2017.06.12 15:01:33.707,1.50558,1.50567,1.12,1.00
2017.06.12 15:01:33.986,1.5055,1.50565,2.25,1.00
2017.06.12 15:01:34.037,1.5055,1.50565,1.87,1.00
2017.06.12 15:01:34.292,1.50548,1.50564,2.62,1.00
2017.06.12 15:01:34.806,1.50548,1.50563,1.12,1.00
2017.06.12 15:01:35.501,1.50549,1.50563,1.00,1.00
2017.06.12 15:01:36.853,1.50549,1.50564,1.50,1.00
2017.06.12 15:01:37.295,1.50549,1.50565,1.87,1.00
2017.06.12 15:01:38.254,1.50551,1.50567,1.12,1.00
2017.06.12 15:01:38.661,1.50553,1.50567,1.00,1.00
2017.06.12 15:01:40.199,1.50553,1.50568,1.00,1.00
2017.06.12 15:01:40.503,1.50557,1.5057,1.00,1.50
2017.06.12 15:01:40.606,1.50555,1.50569,1.00,1.12
2017.06.12 15:01:40.708,1.50555,1.50567,1.12,1.00
2017.06.12 15:01:42.373,1.50552,1.50563,1.75,1.00
2017.06.12 15:01:42.425,1.50551,1.50562,1.50,1.00
2017.06.12 15:01:42.529,1.50547,1.50559,1.12,1.00
2017.06.12 15:01:43.108,1.50545,1.5056,1.12,1.00
2017.06.12 15:01:43.365,1.50547,1.5056,1.00,1.00
2017.06.12 15:01:43.671,1.50553,1.50565,1.00,2.25
2017.06.12 15:01:43.722,1.50553,1.50565,1.00,1.50
2017.06.12 15:01:43.824,1.50553,1.50566,1.00,1.50
2017.06.12 15:01:44.232,1.50554,1.50568,2.62,1.12
2017.06.12 15:01:44.946,1.50554,1.5057,1.00,1.50
2017.06.12 15:01:46.196,1.50553,1.5057,1.50,1.50
2017.06.12 15:01:47.114,1.50555,1.5057,1.00,1.50
2017.06.12 15:01:47.625,1.50554,1.50571,2.25,2.25
2017.06.12 15:01:48.481,1.50556,1.50571,1.00,1.75
2017.06.12 15:01:48.945,1.50555,1.50567,1.00,1.00
2017.06.12 15:01:49.149,1.50553,1.50567,1.00,2.25
2017.06.12 15:01:49.354,1.50551,1.50567,1.00,1.00
2017.06.12 15:01:49.456,1.50553,1.50569,1.00,1.50
2017.06.12 15:01:49.763,1.50555,1.50571,2.25,1.00
2017.06.12 15:01:50.307,1.50556,1.50571,1.00,1.00
2017.06.12 15:01:51.029,1.50556,1.50572,1.00,1.12
2017.06.12 15:01:51.582,1.50557,1.50571,1.12,1.00
2017.06.12 15:01:51.735,1.50558,1.50574,1.00,1.00
2017.06.12 15:01:52.175,1.50557,1.50574,1.50,1.50
2017.06.12 15:01:52.481,1.50559,1.50573,1.00,1.00
2017.06.12 15:01:52.766,1.5056,1.50575,1.00,1.00
2017.06.12 15:01:52.817,1.50558,1.50575,1.87,1.50
2017.06.12 15:01:52.868,1.50558,1.50573,1.87,1.00
2017.06.12 15:01:53.378,1.50556,1.50573,1.37,1.00
2017.06.12 15:01:53.687,1.50557,1.50571,1.12,1.00
2017.06.12 15:01:53.739,1.50554,1.50571,1.50,1.50
2017.06.12 15:01:53.952,1.50554,1.5057,1.00,1.50
2017.06.12 15:01:54.156,1.50554,1.50571,1.00,1.87
2017.06.12 15:01:54.360,1.50554,1.5057,1.00,1.75
2017.06.12 15:01:54.871,1.50555,1.50572,1.00,2.25
2017.06.12 15:01:55.059,1.50556,1.50572,1.00,1.12
2017.06.12 15:01:55.766,1.50557,1.50574,1.00,3.00
2017.06.12 15:01:55.818,1.5056,1.50577,1.50,3.45
2017.06.12 15:01:55.971,1.50561,1.50576,1.00,2.25
2017.06.12 15:01:56.506,1.50562,1.50576,1.50,1.75
2017.06.12 15:01:56.558,1.50564,1.50579,1.00,1.75
2017.06.12 15:01:56.762,1.50566,1.50582,1.00,1.50
2017.06.12 15:01:56.863,1.50566,1.50582,1.00,1.00
2017.06.12 15:01:57.371,1.50568,1.50585,1.00,3.75
2017.06.12 15:01:57.476,1.50567,1.50583,2.25,1.12
2017.06.12 15:01:57.528,1.5057,1.50583,1.00,1.87
2017.06.12 15:01:57.630,1.50568,1.50583,1.12,1.00
2017.06.12 15:01:58.329,1.50567,1.50581,2.25,1.00
2017.06.12 15:01:58.657,1.50554,1.5057,1.00,1.10
2017.06.12 15:01:59.176,1.50555,1.5057,1.00,1.00
2017.06.12 15:01:59.227,1.50555,1.50572,1.00,1.87
2017.06.12 15:01:59.557,1.50556,1.50575,1.00,3.37
2017.06.12 15:01:59.965,1.50555,1.50572,3.75,1.00
2017.06.12 15:02:00.107,1.50555,1.50574,3.75,1.50
2017.06.12 15:02:00.311,1.50557,1.50574,1.00,1.00
2017.06.12 15:02:00.616,1.50559,1.50576,1.00,1.12
2017.06.12 15:02:01.076,1.50558,1.50571,1.87,1.00
2017.06.12 15:02:01.411,1.50553,1.50566,1.00,1.50
2017.06.12 15:02:01.463,1.5055,1.50566,1.00,1.00
2017.06.12 15:02:01.668,1.50552,1.50569,1.00,1.50
2017.06.12 15:02:01.772,1.50553,1.50571,1.00,1.50
2017.06.12 15:02:01.825,1.50556,1.50571,1.00,1.50
2017.06.12 15:02:02.182,1.50555,1.50569,1.00,1.37
2017.06.12 15:02:02.350,1.50552,1.50569,2.25,1.00
2017.06.12 15:02:02.862,1.50554,1.5057,1.00,2.25
2017.06.12 15:02:03.358,1.50556,1.50573,1.00,1.00
2017.06.12 15:02:03.666,1.50557,1.50576,1.12,1.50
2017.06.12 15:02:04.128,1.50556,1.50571,1.50,1.00
2017.06.12 15:02:04.441,1.50547,1.50566,1.75,2.70
2017.06.12 15:02:04.492,1.50547,1.50566,1.37,3.07
2017.06.12 15:02:04.595,1.50547,1.50565,1.37,1.50
2017.06.12 15:02:04.763,1.50547,1.50565,1.00,1.50
2017.06.12 15:02:05.069,1.50546,1.50564,1.87,2.25
2017.06.12 15:02:05.425,1.50551,1.50568,1.00,4.12
2017.06.12 15:02:05.477,1.50551,1.50568,1.00,1.75
2017.06.12 15:02:05.579,1.50551,1.50569,1.50,2.25
2017.06.12 15:02:05.682,1.50552,1.50569,1.00,1.50
2017.06.12 15:02:06.264,1.50551,1.50568,1.00,1.12
2017.06.12 15:02:06.789,1.50552,1.50568,1.00,1.12
2017.06.12 15:02:07.334,1.50552,1.50567,1.00,1.00
2017.06.12 15:02:07.776,1.50554,1.5057,1.00,1.75
2017.06.12 15:02:08.084,1.50555,1.50571,1.00,1.00
2017.06.12 15:02:08.707,1.50556,1.50571,1.00,1.00
2017.06.12 15:02:09.806,1.50554,1.50571,2.25,1.50
2017.06.12 15:02:10.308,1.50555,1.5057,1.00,1.00
2017.06.12 15:02:10.828,1.50556,1.50571,1.00,1.00
2017.06.12 15:02:11.717,1.50561,1.50571,1.00,1.00
2017.06.12 15:02:11.768,1.50559,1.50571,1.00,1.00
2017.06.12 15:02:12.270,1.50559,1.50573,1.00,1.50
2017.06.12 15:02:12.794,1.50558,1.50573,1.50,1.00
2017.06.12 15:02:12.998,1.50561,1.50576,1.00,1.75
2017.06.12 15:02:13.414,1.50559,1.50573,1.50,1.00
2017.06.12 15:02:13.717,1.50561,1.50576,1.50,1.00
2017.06.12 15:02:13.972,1.50559,1.50576,1.50,1.85
2017.06.12 15:02:14.278,1.50559,1.50575,1.00,1.12
2017.06.12 15:02:14.865,1.50559,1.50574,1.00,1.00
2017.06.12 15:02:15.377,1.50559,1.50572,1.00,1.00
2017.06.12 15:02:15.888,1.50557,1.50573,1.50,1.00
2017.06.12 15:02:16.832,1.50557,1.50574,1.12,1.00
2017.06.12 15:02:17.252,1.50558,1.50569,1.00,1.00
2017.06.12 15:02:17.355,1.50554,1.50568,1.12,1.00
2017.06.12 15:02:17.406,1.50554,1.50568,1.75,1.00
2017.06.12 15:02:17.510,1.50554,1.50568,1.00,1.00
2017.06.12 15:02:17.664,1.50556,1.5057,1.00,1.37
2017.06.12 15:02:17.715,1.50556,1.5057,1.00,1.00
2017.06.12 15:02:18.129,1.50558,1.50573,1.00,1.75
2017.06.12 15:02:18.333,1.50555,1.50569,1.00,1.00
2017.06.12 15:02:18.436,1.50554,1.50571,1.50,1.87
2017.06.12 15:02:18.488,1.50554,1.50571,1.87,1.75
2017.06.12 15:02:18.692,1.50557,1.50573,1.87,1.00
2017.06.12 15:02:19.240,1.50558,1.50574,1.12,1.12
2017.06.12 15:02:19.292,1.50563,1.50577,1.00,1.75
2017.06.12 15:02:19.396,1.50563,1.50579,1.00,1.50
2017.06.12 15:02:20.016,1.50564,1.50579,1.00,1.50
2017.06.12 15:02:20.640,1.50563,1.50579,1.00,1.50
2017.06.12 15:02:22.017,1.50564,1.50579,1.00,1.50
2017.06.12 15:02:22.170,1.50566,1.50581,1.00,2.32
2017.06.12 15:02:22.610,1.50569,1.50583,1.00,1.85
2017.06.12 15:02:22.801,1.5057,1.50585,1.50,1.75
2017.06.12 15:02:22.853,1.50567,1.50582,2.25,1.00
2017.06.12 15:02:23.006,1.50567,1.50582,1.00,1.50
2017.06.12 15:02:23.261,1.50564,1.50579,1.00,1.87
2017.06.12 15:02:23.312,1.50562,1.50578,1.00,1.50
2017.06.12 15:02:23.517,1.50561,1.50575,1.50,1.00
2017.06.12 15:02:23.725,1.50559,1.50575,1.00,1.12
2017.06.12 15:02:23.778,1.50559,1.50575,1.50,1.37
2017.06.12 15:02:23.981,1.50557,1.50574,1.00,1.50
2017.06.12 15:02:24.033,1.50557,1.50574,1.00,1.50
2017.06.12 15:02:24.443,1.50553,1.5057,3.75,1.37
2017.06.12 15:02:24.495,1.50553,1.5057,3.00,1.37
2017.06.12 15:02:24.731,1.50553,1.50568,1.00,1.87
2017.06.12 15:02:25.065,1.50555,1.50569,1.00,1.75
2017.06.12 15:02:25.320,1.50557,1.50573,1.50,2.25
2017.06.12 15:02:25.422,1.50558,1.50574,1.50,1.00
2017.06.12 15:02:25.990,1.50559,1.50573,1.00,1.00
2017.06.12 15:02:26.491,1.5056,1.50574,1.00,1.50
2017.06.12 15:02:27.089,1.5056,1.50574,1.00,1.50
2017.06.12 15:02:27.867,1.5056,1.50573,1.00,1.00
2017.06.12 15:02:28.020,1.50562,1.50575,1.00,1.87
2017.06.12 15:02:28.227,1.50563,1.50576,1.00,1.12
2017.06.12 15:02:28.457,1.50561,1.50574,1.00,1.00
2017.06.12 15:02:28.560,1.50561,1.50576,1.50,1.12
2017.06.12 15:02:28.968,1.50559,1.50574,1.50,1.00
2017.06.12 15:02:30.303,1.5056,1.50575,1.00,1.00
2017.06.12 15:02:31.320,1.50561,1.50576,1.00,3.00
2017.06.12 15:02:31.874,1.5056,1.50574,1.00,1.00
2017.06.12 15:02:32.225,1.50562,1.50577,1.00,2.25
2017.06.12 15:02:33.147,1.50564,1.50578,1.00,1.75
2017.06.12 15:02:33.386,1.50566,1.50579,1.00,1.00
2017.06.12 15:02:34.330,1.50567,1.5058,1.00,1.12
2017.06.12 15:02:34.434,1.50568,1.50582,1.00,1.00
2017.06.12 15:02:34.538,1.50571,1.50583,1.00,1.50
2017.06.12 15:02:34.737,1.50571,1.50586,1.00,1.87
2017.06.12 15:02:34.941,1.50571,1.50583,1.00,1.00
2017.06.12 15:02:35.093,1.50569,1.50582,1.00,1.00
2017.06.12 15:02:35.622,1.50566,1.50581,1.87,1.50
2017.06.12 15:02:36.625,1.50567,1.50582,1.00,1.00
2017.06.12 15:02:36.881,1.50567,1.50582,1.37,1.00
2017.06.12 15:02:37.406,1.50569,1.50583,1.50,1.00
2017.06.12 15:02:38.772,1.50568,1.50582,1.37,1.00
2017.06.12 15:02:39.081,1.50566,1.50581,1.50,1.00
2017.06.12 15:02:39.184,1.50566,1.50579,1.50,1.00
2017.06.12 15:02:39.287,1.50565,1.50578,1.00,1.00
2017.06.12 15:02:39.816,1.50563,1.50578,2.62,1.00
2017.06.12 15:02:40.372,1.50564,1.50579,1.12,1.00
2017.06.12 15:02:41.225,1.50564,1.50578,1.12,1.00
2017.06.12 15:02:41.277,1.50566,1.50579,1.00,1.00
2017.06.12 15:02:41.653,1.50567,1.50581,1.12,1.00
2017.06.12 15:02:42.155,1.50567,1.50582,1.12,1.00
2017.06.12 15:02:42.658,1.50566,1.50581,1.00,1.00
2017.06.12 15:02:43.220,1.50567,1.50582,1.00,1.00
2017.06.12 15:02:43.726,1.50566,1.50583,1.00,1.12
2017.06.12 15:02:44.245,1.50567,1.50582,1.50,1.00
2017.06.12 15:02:44.906,1.50566,1.50581,1.50,1.00
2017.06.12 15:02:45.445,1.50569,1.50583,1.00,1.12
2017.06.12 15:02:46.051,1.50567,1.50583,1.00,1.00
2017.06.12 15:02:46.587,1.50568,1.50584,1.00,1.00
2017.06.12 15:02:46.803,1.5057,1.50585,1.00,2.62
2017.06.12 15:02:47.832,1.50569,1.50584,1.12,1.00
2017.06.12 15:02:48.163,1.50567,1.50582,2.25,1.57
2017.06.12 15:02:48.457,1.50565,1.5058,1.00,1.00
2017.06.12 15:02:49.218,1.50564,1.50579,1.00,1.00
2017.06.12 15:02:49.746,1.50565,1.5058,1.00,1.50
2017.06.12 15:02:50.305,1.50564,1.50579,1.00,1.00
2017.06.12 15:02:50.895,1.50565,1.5058,1.00,1.00
2017.06.12 15:02:52.446,1.50563,1.5058,1.12,1.57
2017.06.12 15:02:53.207,1.50564,1.50579,1.00,1.00
2017.06.12 15:02:53.716,1.50567,1.50582,1.00,2.25
2017.06.12 15:02:54.264,1.50568,1.50583,1.00,1.20
2017.06.12 15:02:54.366,1.50568,1.50583,1.00,1.85
2017.06.12 15:02:54.846,1.50565,1.50582,1.00,2.25
2017.06.12 15:02:55.356,1.50565,1.50578,1.00,1.00
2017.06.12 15:02:56.720,1.50562,1.50577,1.87,1.00
2017.06.12 15:02:57.628,1.50561,1.50576,1.00,1.00
2017.06.12 15:02:58.217,1.50562,1.50576,1.00,1.00
2017.06.12 15:02:58.724,1.50562,1.50575,1.50,1.00
2017.06.12 15:02:59.364,1.50561,1.50575,1.50,1.00
2017.06.12 15:02:59.416,1.50561,1.50578,1.50,1.00
2017.06.12 15:03:00.027,1.50561,1.50578,1.50,1.50
2017.06.12 15:03:00.436,1.50559,1.50577,1.12,1.12
2017.06.12 15:03:01.077,1.50559,1.50576,1.12,1.00
2017.06.12 15:03:01.283,1.50563,1.50577,1.00,1.12
2017.06.12 15:03:01.588,1.5056,1.50574,1.00,1.00
2017.06.12 15:03:02.099,1.50559,1.50574,1.00,2.25
2017.06.12 15:03:03.822,1.5056,1.50575,1.00,2.25
2017.06.12 15:03:03.983,1.5056,1.50577,1.87,1.00
2017.06.12 15:03:04.188,1.5056,1.50576,1.00,1.85
2017.06.12 15:03:04.947,1.50559,1.50575,1.00,1.50
2017.06.12 15:03:05.458,1.50559,1.50575,1.87,1.00
2017.06.12 15:03:06.086,1.50559,1.50576,1.00,3.07
2017.06.12 15:03:09.340,1.50559,1.50575,1.00,1.10
2017.06.12 15:03:09.861,1.50557,1.50573,1.37,1.00
2017.06.12 15:03:10.319,1.5056,1.50574,1.00,1.57
2017.06.12 15:03:10.523,1.5056,1.50575,1.00,1.57
2017.06.12 15:03:11.301,1.50561,1.50576,1.00,1.00
2017.06.12 15:03:11.810,1.50562,1.50577,1.00,1.10
2017.06.12 15:03:13.234,1.50563,1.50578,1.00,3.07
2017.06.12 15:03:13.726,1.50559,1.50574,1.50,1.00
2017.06.12 15:03:13.920,1.50558,1.50573,1.00,1.00
2017.06.12 15:03:14.372,1.50556,1.50571,1.12,1.00
2017.06.12 15:03:14.698,1.50558,1.50573,1.00,2.32
2017.06.12 15:03:15.006,1.5056,1.50574,1.00,1.85
2017.06.12 15:03:15.211,1.5056,1.50575,1.00,1.57
2017.06.12 15:03:15.783,1.5056,1.50575,1.00,1.57
2017.06.12 15:03:16.976,1.50559,1.50574,1.00,1.10
2017.06.12 15:03:17.435,1.50562,1.50576,1.00,1.75
2017.06.12 15:03:17.537,1.50562,1.50578,1.00,1.57
2017.06.12 15:03:18.137,1.50565,1.5058,1.00,4.95
2017.06.12 15:03:19.115,1.50565,1.50579,1.00,1.10
2017.06.12 15:03:19.627,1.50564,1.50579,1.00,1.10
2017.06.12 15:03:19.933,1.50568,1.50582,1.00,1.00
2017.06.12 15:03:20.669,1.50569,1.50582,1.00,1.00
2017.06.12 15:03:24.127,1.50568,1.50583,1.00,2.32
2017.06.12 15:03:24.703,1.50568,1.50583,1.00,2.70
2017.06.12 15:03:25.243,1.50568,1.50583,1.00,1.57
2017.06.12 15:03:25.787,1.50568,1.50583,1.50,1.87
2017.06.12 15:03:26.106,1.50569,1.50585,1.50,1.87
2017.06.12 15:03:26.364,1.50571,1.50585,1.00,1.50
2017.06.12 15:03:27.803,1.50571,1.50585,1.00,1.50
2017.06.12 15:03:30.742,1.5057,1.50585,1.50,1.50
2017.06.12 15:03:31.050,1.50572,1.50586,1.00,1.00
2017.06.12 15:03:31.359,1.50572,1.50583,1.00,1.00
2017.06.12 15:03:31.411,1.50572,1.50585,1.00,1.00
2017.06.12 15:03:31.921,1.50572,1.50586,1.12,1.00
2017.06.12 15:03:32.023,1.50574,1.50586,1.00,1.00
2017.06.12 15:03:32.533,1.50574,1.50587,1.00,1.00
2017.06.12 15:03:33.292,1.50574,1.50588,1.00,1.00
2017.06.12 15:03:33.597,1.50576,1.50588,1.00,1.00
2017.06.12 15:03:34.320,1.50576,1.5059,1.00,1.00
2017.06.12 15:03:34.844,1.50577,1.50591,1.00,1.00
2017.06.12 15:03:35.688,1.50578,1.50591,1.00,1.00
2017.06.12 15:03:36.608,1.50579,1.50591,1.00,1.00
2017.06.12 15:03:36.747,1.50583,1.50594,1.00,1.00
2017.06.12 15:03:36.800,1.50583,1.50596,1.00,1.50
2017.06.12 15:03:37.313,1.50582,1.50595,1.00,1.50
2017.06.12 15:03:38.609,1.50578,1.50593,2.25,1.00
2017.06.12 15:03:38.865,1.50578,1.50595,1.37,1.00
2017.06.12 15:03:38.916,1.50581,1.50596,1.00,2.25
2017.06.12 15:03:39.912,1.50579,1.50593,1.50,1.00
2017.06.12 15:03:40.066,1.50578,1.50593,1.00,1.87
2017.06.12 15:03:40.949,1.50577,1.50592,1.00,1.00
2017.06.12 15:03:43.828,1.50578,1.50593,1.00,1.12
2017.06.12 15:03:44.346,1.50579,1.50594,1.00,1.50
2017.06.12 15:03:44.731,1.50581,1.50595,1.50,1.75
2017.06.12 15:03:44.939,1.50581,1.50596,1.50,1.00
2017.06.12 15:03:45.430,1.50578,1.50589,1.75,1.07
2017.06.12 15:03:45.533,1.50569,1.50583,1.00,1.00
2017.06.12 15:03:46.392,1.50568,1.50583,2.25,1.10
2017.06.12 15:03:47.978,1.50568,1.50581,1.00,1.00
2017.06.12 15:03:48.221,1.50566,1.50581,1.12,1.50
2017.06.12 15:03:48.988,1.50567,1.50581,1.00,1.00
2017.06.12 15:03:51.021,1.50566,1.50581,1.12,1.50
2017.06.12 15:03:52.770,1.50567,1.50581,1.00,1.00
2017.06.12 15:03:54.012,1.50566,1.50581,1.12,1.50
2017.06.12 15:03:54.063,1.50566,1.50579,1.12,1.00
2017.06.12 15:03:54.688,1.50565,1.50579,1.00,1.12
2017.06.12 15:03:55.292,1.50566,1.50579,1.00,1.12
2017.06.12 15:03:55.394,1.50564,1.50579,1.00,1.87
2017.06.12 15:03:55.702,1.50562,1.50577,1.00,1.87
2017.06.12 15:03:56.008,1.5056,1.50573,1.00,1.00
2017.06.12 15:03:56.577,1.5056,1.50574,1.00,1.00
2017.06.12 15:03:57.097,1.50561,1.50574,1.00,1.00
2017.06.12 15:03:57.661,1.50561,1.50573,1.00,1.00
2017.06.12 15:03:57.879,1.50561,1.50575,1.00,1.12
2017.06.12 15:03:58.467,1.50562,1.50575,1.00,1.12
2017.06.12 15:03:58.623,1.50563,1.50577,1.00,1.12
2017.06.12 15:03:59.124,1.50563,1.50578,1.12,1.12
2017.06.12 15:03:59.633,1.50564,1.50576,1.00,1.00
2017.06.12 15:04:01.635,1.50564,1.50575,1.00,1.00
2017.06.12 15:04:02.599,1.50565,1.50575,1.00,1.00
2017.06.12 15:04:03.070,1.5056,1.50573,1.75,1.00
2017.06.12 15:04:03.122,1.50559,1.5057,1.37,1.00
2017.06.12 15:04:03.173,1.50559,1.50569,1.00,1.00
2017.06.12 15:04:03.749,1.50558,1.50569,1.00,1.00
2017.06.12 15:04:05.188,1.50559,1.5057,1.00,1.00
2017.06.12 15:04:05.342,1.50562,1.50573,1.00,1.50
2017.06.12 15:04:05.496,1.50559,1.50573,1.12,1.37
2017.06.12 15:04:05.547,1.50557,1.5057,1.12,1.00
2017.06.12 15:04:05.870,1.50551,1.50564,1.00,1.00
2017.06.12 15:04:06.434,1.50551,1.50565,1.00,1.00
2017.06.12 15:04:06.942,1.50552,1.50565,1.00,1.00
2017.06.12 15:04:08.187,1.50555,1.50567,1.00,1.12
2017.06.12 15:04:08.490,1.50553,1.50563,1.00,1.00
2017.06.12 15:04:08.542,1.5055,1.50565,1.50,1.00
2017.06.12 15:04:08.594,1.5055,1.50559,1.00,1.00
2017.06.12 15:04:08.696,1.5055,1.50561,1.00,1.00
2017.06.12 15:04:09.725,1.50549,1.50561,1.00,1.00
2017.06.12 15:04:10.189,1.50546,1.50556,1.50,1.00
2017.06.12 15:04:10.445,1.50544,1.50556,1.00,1.00
2017.06.12 15:04:10.757,1.50546,1.50556,1.00,1.00
2017.06.12 15:04:11.439,1.50544,1.50556,1.00,1.00
2017.06.12 15:04:11.948,1.50543,1.50556,1.00,1.00
2017.06.12 15:04:12.382,1.50545,1.50556,1.00,1.00
2017.06.12 15:04:12.932,1.50544,1.50556,1.00,1.00
2017.06.12 15:04:13.888,1.50545,1.50556,1.00,1.00
2017.06.12 15:04:14.412,1.50546,1.50557,1.00,1.00
2017.06.12 15:04:16.302,1.50546,1.50556,1.00,1.00
2017.06.12 15:04:16.628,1.50541,1.5055,1.00,1.00
2017.06.12 15:04:17.142,1.50541,1.50551,1.00,1.00
2017.06.12 15:04:17.551,1.50543,1.50553,1.00,1.00
2017.06.12 15:04:18.436,1.50541,1.50552,1.00,1.00
2017.06.12 15:04:18.938,1.50538,1.5055,1.87,1.00
2017.06.12 15:04:19.463,1.50537,1.5055,1.00,1.00
2017.06.12 15:04:20.571,1.50538,1.5055,1.00,1.00
2017.06.12 15:04:21.381,1.50538,1.50549,1.00,1.00
2017.06.12 15:04:21.535,1.50535,1.50549,1.00,1.00
2017.06.12 15:04:21.993,1.50538,1.50551,1.00,1.50
2017.06.12 15:04:22.147,1.5054,1.50556,1.12,1.00
2017.06.12 15:04:22.198,1.50542,1.50558,1.00,1.12
2017.06.12 15:04:24.034,1.50542,1.50557,1.50,1.00
2017.06.12 15:04:24.363,1.50544,1.50557,1.00,1.00
2017.06.12 15:04:24.732,1.50542,1.50557,1.50,1.00
2017.06.12 15:04:26.340,1.50542,1.50556,1.50,1.00
2017.06.12 15:04:26.876,1.50541,1.50555,1.50,1.00
2017.06.12 15:04:27.400,1.50541,1.50554,1.50,1.00
2017.06.12 15:04:27.951,1.5054,1.50554,1.87,1.00
2017.06.12 15:04:29.370,1.50543,1.50556,1.00,1.00
2017.06.12 15:04:29.421,1.50541,1.50555,1.87,1.00
2017.06.12 15:04:32.449,1.5054,1.50555,1.50,1.00
2017.06.12 15:04:33.851,1.50541,1.50555,1.00,1.00
2017.06.12 15:04:34.361,1.50541,1.50554,1.00,1.12
2017.06.12 15:04:37.580,1.5054,1.50554,1.00,1.12
2017.06.12 15:04:37.632,1.50537,1.50552,1.57,1.00
2017.06.12 15:04:37.684,1.50537,1.5055,1.00,1.00
2017.06.12 15:04:38.227,1.50536,1.50553,1.50,2.25
2017.06.12 15:04:39.097,1.50536,1.5055,1.50,1.00
2017.06.12 15:04:39.611,1.50535,1.50551,1.50,1.12
2017.06.12 15:04:39.918,1.5054,1.50554,1.00,1.75
2017.06.12 15:04:39.969,1.5054,1.50554,1.00,1.00
2017.06.12 15:04:40.473,1.5054,1.50555,1.00,1.00
2017.06.12 15:04:41.025,1.50541,1.50555,1.00,1.50
2017.06.12 15:04:41.538,1.50544,1.50555,1.00,1.00
2017.06.12 15:04:41.590,1.50542,1.50555,1.12,1.00
2017.06.12 15:04:41.940,1.50539,1.50553,1.50,1.50
2017.06.12 15:04:42.245,1.50538,1.5055,1.00,1.00
2017.06.12 15:04:42.297,1.50536,1.5055,2.25,1.00
2017.06.12 15:04:42.808,1.50537,1.5055,1.00,1.00
2017.06.12 15:04:45.933,1.50543,1.50554,1.00,1.12
2017.06.12 15:04:46.089,1.50546,1.50558,1.00,1.00
2017.06.12 15:04:46.141,1.50544,1.50556,1.00,1.00
2017.06.12 15:04:46.304,1.50544,1.50558,1.12,1.50
2017.06.12 15:04:47.486,1.50543,1.50557,1.87,1.00
2017.06.12 15:04:47.538,1.50543,1.50555,1.37,1.00
2017.06.12 15:04:47.729,1.50542,1.50555,1.50,1.00
2017.06.12 15:04:48.486,1.50543,1.50555,1.00,1.00
2017.06.12 15:04:49.035,1.50542,1.50555,1.00,1.00
2017.06.12 15:04:50.721,1.50541,1.50555,1.00,1.00
2017.06.12 15:04:51.818,1.50541,1.50554,1.50,1.00
2017.06.12 15:04:52.342,1.50542,1.50554,1.00,1.00
2017.06.12 15:04:52.951,1.50543,1.50554,1.00,1.00
2017.06.12 15:04:53.424,1.5054,1.50548,1.12,1.00
2017.06.12 15:04:53.577,1.5054,1.50551,1.00,1.00
2017.06.12 15:04:53.890,1.5054,1.50548,1.00,1.00
2017.06.12 15:04:53.941,1.50535,1.50548,2.25,1.00
2017.06.12 15:04:54.453,1.50535,1.50549,1.50,1.00
2017.06.12 15:04:55.261,1.50536,1.50548,1.00,1.00
2017.06.12 15:05:00.508,1.50536,1.50549,1.00,1.00
2017.06.12 15:05:03.627,1.50537,1.50549,1.50,1.00
2017.06.12 15:05:04.946,1.5054,1.50552,1.00,1.87
2017.06.12 15:05:05.151,1.5054,1.50554,1.00,1.00
2017.06.12 15:05:07.029,1.50542,1.50554,1.00,1.00
2017.06.12 15:05:07.854,1.50542,1.50553,1.00,1.00
2017.06.12 15:05:08.007,1.50539,1.50551,1.00,1.00
2017.06.12 15:05:08.894,1.50538,1.50551,1.00,1.00
2017.06.12 15:05:09.098,1.50538,1.50549,1.00,1.00
2017.06.12 15:05:09.457,1.50536,1.50547,1.00,1.00
2017.06.12 15:05:09.764,1.50532,1.50545,1.12,1.00
2017.06.12 15:05:10.273,1.50532,1.50546,1.00,1.00
2017.06.12 15:05:12.060,1.50533,1.50546,1.00,1.00
2017.06.12 15:05:15.467,1.50533,1.50545,1.00,1.00
2017.06.12 15:05:15.983,1.50532,1.50545,1.50,1.00
2017.06.12 15:05:17.146,1.50532,1.50546,1.50,1.00
2017.06.12 15:05:17.615,1.50532,1.50544,1.00,1.00
2017.06.12 15:05:17.717,1.5053,1.50544,1.87,1.00
2017.06.12 15:05:18.226,1.50531,1.50545,1.50,1.12
2017.06.12 15:05:18.776,1.50532,1.50546,1.00,1.50
2017.06.12 15:05:24.993,1.50534,1.5055,1.00,2.32
2017.06.12 15:05:25.046,1.50536,1.5055,1.00,1.12
2017.06.12 15:05:25.098,1.50534,1.5055,1.00,1.12
2017.06.12 15:05:25.149,1.50534,1.50547,1.00,1.00
2017.06.12 15:05:25.302,1.50532,1.50546,1.12,1.00
2017.06.12 15:05:25.919,1.50533,1.50546,1.00,1.00
2017.06.12 15:05:27.245,1.50532,1.50546,1.00,1.00
2017.06.12 15:05:28.015,1.50533,1.50546,1.00,1.00
2017.06.12 15:05:29.194,1.50533,1.50544,1.00,1.00
2017.06.12 15:05:29.377,1.5053,1.50543,1.00,1.00
2017.06.12 15:05:29.581,1.50532,1.50546,1.00,1.00
2017.06.12 15:05:29.734,1.50537,1.50547,1.00,1.00
2017.06.12 15:05:29.786,1.50537,1.50551,1.00,1.50
2017.06.12 15:05:29.888,1.50539,1.50552,1.00,1.75
2017.06.12 15:05:29.990,1.50539,1.50552,1.00,1.00
2017.06.12 15:05:30.536,1.50539,1.50554,1.00,1.12
2017.06.12 15:05:30.903,1.50538,1.50551,1.00,1.00
2017.06.12 15:05:31.209,1.50536,1.50547,1.00,1.00
2017.06.12 15:05:31.749,1.50536,1.50546,1.00,1.00
2017.06.12 15:05:32.255,1.50535,1.50546,1.00,1.00
2017.06.12 15:05:32.681,1.50535,1.50548,1.00,1.00
2017.06.12 15:05:33.223,1.50534,1.50547,1.00,1.00
2017.06.12 15:05:34.078,1.50533,1.50547,1.00,1.00
2017.06.12 15:05:36.151,1.50533,1.50548,1.00,1.00
2017.06.12 15:05:36.974,1.50533,1.50546,1.00,1.00
2017.06.12 15:05:38.183,1.50533,1.50548,1.00,1.00
2017.06.12 15:05:38.773,1.50535,1.50551,1.00,3.00
2017.06.12 15:05:39.303,1.50535,1.50551,1.50,1.00
2017.06.12 15:05:39.847,1.50536,1.5055,1.00,1.00
2017.06.12 15:05:41.528,1.50536,1.50551,1.50,1.00
2017.06.12 15:05:41.834,1.5054,1.50553,1.00,1.12
2017.06.12 15:05:42.354,1.5054,1.50555,1.00,1.12
2017.06.12 15:05:42.813,1.50542,1.50557,1.00,1.50
2017.06.12 15:05:43.017,1.50542,1.50558,1.00,1.00
2017.06.12 15:05:43.428,1.50544,1.50558,1.00,1.00
2017.06.12 15:05:43.947,1.50545,1.50558,1.00,1.00
2017.06.12 15:05:44.493,1.50546,1.50558,1.00,1.00
2017.06.12 15:05:45.417,1.50546,1.50559,1.00,1.87
2017.06.12 15:05:45.724,1.50549,1.50563,1.00,1.87
2017.06.12 15:05:48.725,1.50549,1.50561,1.00,1.00
2017.06.12 15:05:52.481,1.50549,1.5056,1.00,1.50
2017.06.12 15:05:53.196,1.50548,1.50561,1.00,1.00
2017.06.12 15:05:54.089,1.50549,1.50561,1.00,1.00
2017.06.12 15:05:54.594,1.50549,1.50562,1.00,1.50
2017.06.12 15:05:55.896,1.50547,1.50561,1.00,1.00
2017.06.12 15:05:55.998,1.50547,1.50558,1.00,1.00
2017.06.12 15:05:56.304,1.50544,1.50558,1.50,1.00
2017.06.12 15:05:56.807,1.50544,1.50559,1.50,1.50
2017.06.12 15:05:57.332,1.50545,1.50558,1.12,1.00
2017.06.12 15:05:58.996,1.50545,1.50556,1.12,1.00
2017.06.12 15:05:59.717,1.50542,1.50556,1.00,1.00
2017.06.12 15:06:00.528,1.5054,1.50556,1.50,1.00
2017.06.12 15:06:00.844,1.50543,1.50556,1.00,1.00
2017.06.12 15:06:01.424,1.50552,1.5056,1.00,1.50
2017.06.12 15:06:01.579,1.5055,1.50564,1.00,2.25
2017.06.12 15:06:01.630,1.50551,1.50564,1.00,1.00
2017.06.12 15:06:01.681,1.50551,1.50566,1.00,2.25
2017.06.12 15:06:01.937,1.50554,1.50566,1.00,2.25
2017.06.12 15:06:03.010,1.50553,1.50566,1.00,1.00
2017.06.12 15:06:03.648,1.50552,1.50566,1.00,1.00
2017.06.12 15:06:03.700,1.5055,1.50566,1.50,1.12
2017.06.12 15:06:03.751,1.5055,1.50562,1.00,1.00
2017.06.12 15:06:03.853,1.50552,1.50566,1.00,1.57
2017.06.12 15:06:04.456,1.50551,1.50566,1.00,1.50
2017.06.12 15:06:04.672,1.50553,1.50568,1.00,2.25
2017.06.12 15:06:04.827,1.50555,1.50568,1.00,1.87
2017.06.12 15:06:05.354,1.50555,1.50569,1.00,1.50
2017.06.12 15:06:05.867,1.50554,1.50568,1.00,1.00
2017.06.12 15:06:06.954,1.50554,1.50569,1.00,1.12
2017.06.12 15:06:08.503,1.50554,1.50568,1.00,1.00
2017.06.12 15:06:09.038,1.50553,1.50568,1.00,1.00
2017.06.12 15:06:09.575,1.50553,1.50567,1.00,1.00
2017.06.12 15:06:10.575,1.50555,1.50567,1.00,1.00
2017.06.12 15:06:11.106,1.50556,1.50568,1.00,1.00
2017.06.12 15:06:11.965,1.50554,1.50567,1.00,1.00
2017.06.12 15:06:12.169,1.50552,1.50566,1.00,1.00
2017.06.12 15:06:12.693,1.50553,1.50566,1.00,1.00
2017.06.12 15:06:13.450,1.50552,1.50566,1.00,1.00
2017.06.12 15:06:13.636,1.50553,1.50568,1.00,1.00
2017.06.12 15:06:13.688,1.50559,1.5057,1.00,1.37
2017.06.12 15:06:13.739,1.50557,1.50572,1.00,1.12
2017.06.12 15:06:13.842,1.50555,1.5057,1.00,1.00
2017.06.12 15:06:14.653,1.50556,1.50571,1.00,1.50
2017.06.12 15:06:14.960,1.50557,1.50572,1.00,1.20
2017.06.12 15:06:15.132,1.50557,1.50568,1.00,1.00
2017.06.12 15:06:15.183,1.50554,1.50568,1.12,1.00
2017.06.12 15:06:15.723,1.50553,1.50568,1.00,1.12
2017.06.12 15:06:16.927,1.50554,1.50568,1.00,1.12
2017.06.12 15:06:18.525,1.50555,1.50569,1.00,1.50
2017.06.12 15:06:23.657,1.50554,1.50569,1.00,1.50
2017.06.12 15:06:24.197,1.50554,1.50567,1.00,1.00
2017.06.12 15:06:25.154,1.50554,1.50568,1.00,1.00
2017.06.12 15:06:29.167,1.50554,1.50569,1.12,1.00
2017.06.12 15:06:40.035,1.50555,1.50569,1.00,1.00
2017.06.12 15:06:41.361,1.50555,1.50571,1.00,1.50
2017.06.12 15:06:42.978,1.50554,1.50571,1.87,1.50
2017.06.12 15:06:44.180,1.50554,1.5057,1.12,1.00
2017.06.12 15:06:44.743,1.50555,1.5057,1.00,1.00
2017.06.12 15:06:46.159,1.50553,1.5057,2.25,1.00
2017.06.12 15:06:47.609,1.5056,1.50571,1.00,1.00
2017.06.12 15:06:47.812,1.50562,1.50575,1.00,1.00
2017.06.12 15:06:48.007,1.50562,1.50577,1.00,1.12
2017.06.12 15:06:48.212,1.50562,1.50578,1.75,2.62
2017.06.12 15:06:48.393,1.50565,1.50579,1.00,1.00
2017.06.12 15:06:48.444,1.50563,1.5058,1.50,2.25
2017.06.12 15:06:48.496,1.50562,1.50577,1.75,1.00
2017.06.12 15:06:48.700,1.5056,1.50575,1.75,1.00
2017.06.12 15:06:48.802,1.5056,1.50575,1.12,1.00
2017.06.12 15:06:49.335,1.50558,1.50575,1.50,1.00
2017.06.12 15:06:49.642,1.50557,1.50572,1.00,1.00
2017.06.12 15:06:49.911,1.50559,1.50578,2.25,2.25
2017.06.12 15:06:50.613,1.5056,1.50576,1.12,1.00
2017.06.12 15:06:53.347,1.50559,1.50573,1.50,1.50
2017.06.12 15:06:53.551,1.50555,1.50571,1.12,1.00
2017.06.12 15:06:54.135,1.50557,1.50571,1.00,1.00
2017.06.12 15:06:54.187,1.50558,1.50574,1.50,1.37
2017.06.12 15:06:54.341,1.50558,1.50575,1.50,1.87
2017.06.12 15:06:54.697,1.5056,1.50576,1.00,2.25
2017.06.12 15:06:57.059,1.50559,1.50575,1.12,1.00
2017.06.12 15:06:57.568,1.50559,1.50576,1.50,2.25
2017.06.12 15:06:58.124,1.50556,1.50572,1.12,1.00
2017.06.12 15:06:58.328,1.50555,1.50572,1.00,3.00
2017.06.12 15:06:58.379,1.50553,1.5057,2.25,1.50
2017.06.12 15:06:59.585,1.50552,1.50568,1.12,1.00
2017.06.12 15:06:59.895,1.50553,1.50569,1.87,1.12
2017.06.12 15:07:00.432,1.50553,1.50569,1.12,1.12
2017.06.12 15:07:00.750,1.50555,1.50572,1.50,3.00
2017.06.12 15:07:03.176,1.5056,1.50576,1.00,5.25
2017.06.12 15:07:03.227,1.5056,1.50576,1.00,3.75
2017.06.12 15:07:03.329,1.50561,1.50576,1.00,2.62
2017.06.12 15:07:04.539,1.50562,1.50577,1.00,1.50
2017.06.12 15:07:05.085,1.50561,1.50576,1.12,1.00
2017.06.12 15:07:06.418,1.50564,1.50578,1.00,1.50
2017.06.12 15:07:06.571,1.5056,1.50578,3.00,1.00
2017.06.12 15:07:06.776,1.5056,1.50578,1.50,2.25
2017.06.12 15:07:07.305,1.50559,1.50576,1.50,2.25
2017.06.12 15:07:07.814,1.50558,1.50575,1.00,1.87
2017.06.12 15:07:07.916,1.50556,1.50573,3.37,1.00
2017.06.12 15:07:08.514,1.50556,1.50572,1.50,1.00
2017.06.12 15:07:08.820,1.50555,1.50569,1.12,1.00
2017.06.12 15:07:09.127,1.50557,1.50569,1.00,1.00
2017.06.12 15:07:09.433,1.50556,1.50572,1.00,1.00
2017.06.12 15:07:09.484,1.50558,1.50573,1.00,1.87
2017.06.12 15:07:09.885,1.50558,1.50571,1.00,1.00
2017.06.12 15:07:09.987,1.50558,1.50573,1.00,1.12
2017.06.12 15:07:10.494,1.50558,1.50574,1.00,1.00
2017.06.12 15:07:11.040,1.50559,1.50575,1.00,1.12
2017.06.12 15:07:11.091,1.50559,1.50573,1.00,1.00
2017.06.12 15:07:11.351,1.50562,1.50577,1.00,1.12
2017.06.12 15:07:11.504,1.50562,1.50575,1.12,1.00
2017.06.12 15:07:11.658,1.50564,1.50578,1.00,1.00
2017.06.12 15:07:12.160,1.50564,1.50579,1.00,1.00
2017.06.12 15:07:12.671,1.50563,1.50579,1.00,1.00
2017.06.12 15:07:13.178,1.50562,1.50577,1.12,1.00
2017.06.12 15:07:13.487,1.50554,1.50568,1.75,1.00
2017.06.12 15:07:13.765,1.50563,1.50576,1.00,1.00
2017.06.12 15:07:13.869,1.50561,1.50574,1.12,1.50
2017.06.12 15:07:14.430,1.50562,1.50574,1.00,1.12
2017.06.12 15:07:14.687,1.50561,1.50576,1.00,1.12
2017.06.12 15:07:15.411,1.50563,1.50576,1.00,1.12
2017.06.12 15:07:15.616,1.50561,1.50576,1.00,1.12
2017.06.12 15:07:15.667,1.50563,1.50576,1.00,1.12
2017.06.12 15:07:15.718,1.50561,1.50576,1.00,1.12
2017.06.12 15:07:15.821,1.50563,1.50576,1.00,1.12
2017.06.12 15:07:16.352,1.50562,1.50577,1.00,2.25
2017.06.12 15:07:16.898,1.50563,1.50578,1.00,2.25
2017.06.12 15:07:18.381,1.50562,1.50576,1.00,1.12
2017.06.12 15:07:19.551,1.50563,1.50576,1.00,1.12
2017.06.12 15:07:20.699,1.50565,1.50578,1.00,1.00
2017.06.12 15:07:21.006,1.50569,1.50584,1.00,1.50
2017.06.12 15:07:21.159,1.50571,1.50584,1.00,1.37
2017.06.12 15:07:21.633,1.50572,1.50585,1.00,1.12
2017.06.12 15:07:22.955,1.50577,1.50587,1.00,1.75
2017.06.12 15:07:23.008,1.50577,1.50587,1.00,1.12
2017.06.12 15:07:23.110,1.50577,1.50591,1.00,2.62
2017.06.12 15:07:23.415,1.50578,1.50585,1.00,1.00
2017.06.12 15:07:23.466,1.50575,1.50588,1.00,1.87
2017.06.12 15:07:24.307,1.50576,1.50589,1.00,1.37
2017.06.12 15:07:24.359,1.50576,1.50589,1.00,1.00
2017.06.12 15:07:24.541,1.50576,1.50591,1.00,1.50
2017.06.12 15:07:25.042,1.50577,1.50592,1.12,1.00
2017.06.12 15:07:25.642,1.50579,1.50592,1.00,1.00
2017.06.12 15:07:27.959,1.5058,1.50594,1.00,1.00
2017.06.12 15:07:28.012,1.50585,1.50595,1.00,1.12
2017.06.12 15:07:28.168,1.50585,1.50599,1.00,1.75
2017.06.12 15:07:28.220,1.50582,1.50597,1.50,1.00
2017.06.12 15:07:28.375,1.50584,1.50597,1.00,1.00
2017.06.12 15:07:29.093,1.50584,1.50595,1.00,1.00
2017.06.12 15:07:29.637,1.50583,1.50594,1.00,1.00
2017.06.12 15:07:30.258,1.50583,1.50595,1.00,1.00
2017.06.12 15:07:30.581,1.50586,1.50596,1.00,1.00
2017.06.12 15:07:30.836,1.50584,1.50595,1.00,1.00
2017.06.12 15:07:30.887,1.50586,1.50596,1.00,1.00
2017.06.12 15:07:30.938,1.50587,1.50598,1.00,1.00
2017.06.12 15:07:31.378,1.50585,1.50596,1.00,1.00
2017.06.12 15:07:31.890,1.50586,1.50596,1.00,1.00
2017.06.12 15:07:32.456,1.50585,1.50597,1.00,1.00
2017.06.12 15:07:33.309,1.50588,1.50599,1.00,1.12
2017.06.12 15:07:33.360,1.50586,1.506,1.00,1.50
2017.06.12 15:07:33.412,1.50587,1.50597,1.00,1.00
2017.06.12 15:07:33.829,1.50587,1.50599,1.00,1.00
2017.06.12 15:07:34.374,1.50588,1.506,1.00,1.00
2017.06.12 15:07:34.824,1.5059,1.50602,1.00,1.12
2017.06.12 15:07:35.016,1.50591,1.50604,1.00,1.00
2017.06.12 15:07:35.068,1.5059,1.50601,1.00,1.00
2017.06.12 15:07:35.376,1.50588,1.50599,1.00,1.00
2017.06.12 15:07:36.157,1.50588,1.506,1.00,1.00
2017.06.12 15:07:36.470,1.50586,1.50598,1.50,1.00
2017.06.12 15:07:36.777,1.50588,1.50599,1.00,1.12
2017.06.12 15:07:37.143,1.50588,1.50601,1.00,1.00
2017.06.12 15:07:37.194,1.50591,1.50603,1.00,1.00
2017.06.12 15:07:37.977,1.50591,1.50602,1.00,1.00
2017.06.12 15:07:38.517,1.5059,1.50602,1.00,1.00
2017.06.12 15:07:41.542,1.50588,1.506,1.00,1.00
2017.06.12 15:07:42.052,1.50587,1.506,1.00,1.00
2017.06.12 15:07:43.455,1.50586,1.50598,1.00,1.00
2017.06.12 15:07:43.762,1.50589,1.50599,1.00,1.50
2017.06.12 15:07:44.289,1.5059,1.50599,1.00,1.00
2017.06.12 15:07:44.340,1.5059,1.50602,1.00,1.50
2017.06.12 15:07:44.391,1.5059,1.50602,1.00,1.50
2017.06.12 15:07:44.443,1.50593,1.50602,1.00,1.37
2017.06.12 15:07:44.545,1.50592,1.50605,1.00,1.37
2017.06.12 15:07:44.800,1.50591,1.506,1.00,1.00
2017.06.12 15:07:44.902,1.50588,1.506,1.50,1.00
2017.06.12 15:07:45.150,1.50589,1.50602,1.00,1.00
2017.06.12 15:07:45.662,1.5059,1.50602,1.00,1.00
2017.06.12 15:07:46.069,1.50593,1.50602,1.00,1.00
2017.06.12 15:07:46.581,1.50593,1.50603,1.00,1.12
2017.06.12 15:07:47.089,1.50592,1.50603,1.00,1.00
2017.06.12 15:07:47.608,1.50592,1.50602,1.00,1.00
2017.06.12 15:07:48.214,1.50592,1.50604,1.00,1.00
2017.06.12 15:07:48.570,1.50591,1.50602,1.00,1.00
2017.06.12 15:07:49.079,1.5059,1.50601,1.00,1.00
2017.06.12 15:07:50.258,1.50591,1.50601,1.00,1.00
2017.06.12 15:07:50.653,1.50589,1.50599,1.00,1.00
2017.06.12 15:07:52.803,1.5059,1.50602,1.00,1.50
2017.06.12 15:07:52.854,1.50592,1.50603,1.00,1.75
2017.06.12 15:07:53.110,1.50596,1.50606,1.00,1.00
2017.06.12 15:07:53.719,1.50595,1.50606,1.00,1.00
2017.06.12 15:07:55.510,1.50594,1.50606,1.00,1.00
2017.06.12 15:07:56.032,1.50594,1.50605,1.00,1.00
2017.06.12 15:07:56.438,1.50595,1.50607,1.00,1.12
2017.06.12 15:07:57.801,1.50596,1.50608,1.00,2.25
2017.06.12 15:07:58.237,1.50596,1.50609,1.00,1.87
2017.06.12 15:07:59.341,1.50596,1.50608,1.00,1.00
2017.06.12 15:08:00.129,1.50596,1.50607,1.00,1.00
2017.06.12 15:08:00.640,1.50595,1.50605,1.00,1.00
2017.06.12 15:08:01.171,1.50594,1.50605,1.00,1.00
2017.06.12 15:08:03.036,1.50593,1.50605,1.00,1.00
2017.06.12 15:08:03.344,1.50595,1.50608,1.00,1.00
2017.06.12 15:08:03.635,1.50598,1.50608,1.00,1.00
2017.06.12 15:08:04.165,1.50598,1.5061,1.00,1.50
2017.06.12 15:08:04.629,1.50596,1.50608,1.00,1.00
2017.06.12 15:08:04.834,1.50594,1.50608,1.00,1.00
2017.06.12 15:08:04.885,1.50593,1.50604,1.00,1.00
2017.06.12 15:08:05.395,1.50594,1.50607,1.00,1.12
2017.06.12 15:08:05.584,1.50596,1.50607,1.00,1.12
2017.06.12 15:08:05.738,1.50597,1.5061,1.00,1.00
2017.06.12 15:08:05.993,1.50592,1.50604,1.50,1.00
2017.06.12 15:08:06.300,1.50591,1.50602,1.00,1.00
2017.06.12 15:08:06.802,1.5059,1.50602,1.00,1.00
2017.06.12 15:08:07.194,1.50585,1.50597,3.00,1.00
2017.06.12 15:08:07.297,1.50584,1.50597,1.12,1.00
2017.06.12 15:08:07.836,1.50584,1.50596,1.00,1.00
2017.06.12 15:08:08.376,1.50584,1.50597,1.00,1.12
2017.06.12 15:08:08.925,1.50584,1.50596,1.00,1.00
2017.06.12 15:08:10.534,1.50583,1.50596,1.00,1.00
2017.06.12 15:08:11.274,1.50581,1.50594,1.00,1.00
2017.06.12 15:08:11.794,1.50582,1.50594,1.00,1.87
2017.06.12 15:08:12.153,1.50585,1.50596,1.00,1.00
2017.06.12 15:08:12.205,1.50586,1.50598,1.00,1.87
2017.06.12 15:08:12.504,1.50584,1.50597,1.00,1.00
2017.06.12 15:08:13.130,1.50584,1.50596,1.00,1.00
2017.06.12 15:08:14.166,1.50585,1.50597,1.00,1.00
2017.06.12 15:08:15.075,1.50584,1.50597,1.00,1.00
2017.06.12 15:08:15.688,1.50585,1.50597,1.00,1.00
2017.06.12 15:08:16.057,1.50588,1.50599,1.00,1.00
2017.06.12 15:08:16.159,1.50585,1.50598,1.00,1.00
2017.06.12 15:08:16.699,1.50585,1.50597,1.00,1.00
2017.06.12 15:08:18.837,1.50585,1.50596,1.00,1.00
2017.06.12 15:08:19.645,1.50582,1.50594,1.12,1.00
2017.06.12 15:08:19.696,1.50584,1.50594,1.00,1.00
2017.06.12 15:08:20.246,1.50584,1.50595,1.00,1.00
2017.06.12 15:08:20.770,1.50584,1.50596,1.00,1.00
2017.06.12 15:08:23.487,1.50584,1.50595,1.00,1.00
2017.06.12 15:08:23.743,1.50584,1.50598,1.00,1.50
2017.06.12 15:08:23.845,1.50582,1.50598,1.50,2.25
2017.06.12 15:08:23.896,1.50582,1.50592,1.00,1.00
2017.06.12 15:08:24.225,1.5058,1.5059,1.50,1.00
2017.06.12 15:08:25.443,1.5058,1.50592,1.50,1.00
2017.06.12 15:08:27.107,1.5058,1.50593,1.50,1.12
2017.06.12 15:08:27.563,1.50582,1.50593,1.00,1.12
2017.06.12 15:08:27.871,1.50582,1.50596,1.00,1.47
2017.06.12 15:08:28.288,1.5058,1.50594,1.50,1.00
2017.06.12 15:08:28.442,1.50582,1.50594,1.00,1.12
2017.06.12 15:08:28.595,1.5058,1.50594,1.50,1.12
2017.06.12 15:08:28.799,1.50582,1.50595,1.00,1.37
2017.06.12 15:08:28.953,1.50583,1.50598,1.50,1.50
2017.06.12 15:08:29.005,1.50583,1.50598,1.50,1.50
2017.06.12 15:08:29.058,1.50583,1.50598,1.00,1.50
2017.06.12 15:08:29.398,1.50583,1.50594,1.00,1.50
2017.06.12 15:08:29.704,1.50581,1.50592,1.00,1.00
2017.06.12 15:08:29.755,1.5058,1.50592,1.00,1.37
2017.06.12 15:08:30.257,1.5058,1.50594,1.00,1.75
2017.06.12 15:08:32.540,1.50582,1.50596,1.00,1.75
2017.06.12 15:08:32.643,1.5058,1.50596,2.25,1.75
2017.06.12 15:08:32.864,1.50577,1.50591,1.00,1.00
2017.06.12 15:08:32.966,1.50577,1.50591,1.00,1.37
2017.06.12 15:08:33.893,1.50576,1.5059,1.50,1.50
2017.06.12 15:08:34.238,1.50576,1.50588,1.50,1.75
2017.06.12 15:08:35.074,1.50576,1.50589,1.50,1.75
2017.06.12 15:08:35.506,1.50578,1.50592,1.00,1.85
2017.06.12 15:08:35.710,1.5058,1.50594,1.00,1.82
2017.06.12 15:08:35.761,1.50581,1.50594,1.00,2.25
2017.06.12 15:08:35.915,1.50582,1.50594,1.00,1.50
2017.06.12 15:08:35.967,1.50582,1.50594,1.00,1.50
2017.06.12 15:08:36.515,1.50584,1.50598,1.00,1.85
2017.06.12 15:08:36.668,1.50586,1.50598,1.00,1.12
2017.06.12 15:08:36.821,1.50588,1.50599,1.00,1.00
2017.06.12 15:08:37.333,1.50589,1.506,1.00,1.00
2017.06.12 15:08:37.884,1.50589,1.506,1.00,1.37
2017.06.12 15:08:37.986,1.50589,1.50601,1.00,1.00
2017.06.12 15:08:38.521,1.50588,1.50602,1.00,1.00
2017.06.12 15:08:38.675,1.50587,1.506,1.00,1.00
2017.06.12 15:08:39.025,1.50589,1.50602,1.00,1.75
2017.06.12 15:08:39.229,1.50589,1.50602,1.00,1.12
2017.06.12 15:08:40.965,1.5059,1.50602,1.00,1.12
2017.06.12 15:08:41.437,1.50588,1.50602,1.00,1.12
2017.06.12 15:08:41.540,1.50586,1.506,1.00,1.00
2017.06.12 15:08:41.796,1.50583,1.50598,1.00,1.12
2017.06.12 15:08:42.102,1.50585,1.50598,1.00,1.12
2017.06.12 15:08:42.408,1.5059,1.50603,1.00,1.50
2017.06.12 15:08:42.913,1.5059,1.50603,1.00,1.00
2017.06.12 15:08:43.418,1.5059,1.50602,1.00,1.00
2017.06.12 15:08:44.368,1.50586,1.50602,1.12,1.50
2017.06.12 15:08:45.097,1.50585,1.506,2.62,1.00
2017.06.12 15:08:46.595,1.50587,1.50603,1.00,1.00
2017.06.12 15:08:46.698,1.50587,1.50603,1.37,1.00
2017.06.12 15:08:46.854,1.5059,1.50606,1.00,1.50
2017.06.12 15:08:47.574,1.5059,1.50605,1.00,1.00
2017.06.12 15:08:47.879,1.50592,1.50607,1.00,1.12
2017.06.12 15:08:47.982,1.50589,1.50606,1.12,1.50
2017.06.12 15:08:48.135,1.50589,1.50604,1.87,1.00
2017.06.12 15:08:48.592,1.50589,1.50606,1.12,1.50
2017.06.12 15:08:48.745,1.50589,1.50604,1.12,1.00
2017.06.12 15:08:49.275,1.5059,1.50604,1.00,1.00
2017.06.12 15:08:49.778,1.5059,1.50605,1.00,1.00
2017.06.12 15:08:50.452,1.5059,1.50604,1.00,1.00
2017.06.12 15:08:51.820,1.5059,1.50602,1.00,1.00
2017.06.12 15:08:52.127,1.50586,1.50599,1.50,1.00
2017.06.12 15:08:52.453,1.50585,1.50599,1.87,1.00
2017.06.12 15:08:53.436,1.50585,1.50597,1.12,1.00
2017.06.12 15:08:54.049,1.50585,1.50599,1.12,1.00
2017.06.12 15:08:58.250,1.50584,1.50598,1.50,1.00
2017.06.12 15:08:58.624,1.50586,1.506,1.00,1.00
2017.06.12 15:08:58.675,1.50586,1.50602,1.00,1.00
2017.06.12 15:08:58.726,1.50586,1.50602,1.75,1.00
2017.06.12 15:08:59.032,1.50585,1.50599,1.87,1.00
2017.06.12 15:08:59.871,1.50586,1.50599,1.00,1.00
2017.06.12 15:09:00.176,1.50587,1.50602,1.00,1.00
2017.06.12 15:09:02.208,1.50588,1.50602,1.00,1.00
2017.06.12 15:09:02.925,1.50586,1.50602,1.50,1.00
2017.06.12 15:09:03.975,1.50587,1.50599,1.00,1.00
2017.06.12 15:09:04.026,1.50589,1.50602,1.00,1.00
2017.06.12 15:09:05.063,1.50586,1.50601,1.50,1.00
2017.06.12 15:09:05.114,1.50586,1.50601,1.87,1.00
2017.06.12 15:09:05.380,1.50582,1.50599,1.75,1.00
2017.06.12 15:09:05.483,1.50582,1.50599,1.00,1.87
2017.06.12 15:09:06.170,1.50581,1.50597,1.12,1.00
2017.06.12 15:09:06.637,1.5058,1.50594,1.00,1.00
2017.06.12 15:09:06.945,1.50582,1.50595,1.00,1.00
2017.06.12 15:09:07.489,1.50583,1.50595,1.00,1.00
2017.06.12 15:09:08.565,1.50581,1.50595,1.00,1.50
2017.06.12 15:09:08.731,1.5058,1.50593,1.00,1.00
2017.06.12 15:09:09.167,1.5058,1.50595,1.00,1.50
2017.06.12 15:09:10.455,1.50579,1.50594,1.50,1.50
2017.06.12 15:09:11.070,1.50579,1.50593,1.50,1.00
2017.06.12 15:09:11.497,1.50579,1.50591,1.00,1.00
2017.06.12 15:09:11.868,1.50576,1.50592,1.87,1.00
2017.06.12 15:09:12.379,1.50577,1.50591,1.00,1.00
2017.06.12 15:09:12.966,1.50577,1.50592,1.00,1.50
2017.06.12 15:09:14.466,1.50576,1.50593,1.87,1.00
2017.06.12 15:09:14.722,1.50578,1.50594,1.00,1.37
2017.06.12 15:09:14.875,1.50578,1.50595,1.12,1.87
2017.06.12 15:09:14.926,1.5058,1.50595,1.00,1.12
2017.06.12 15:09:15.441,1.5058,1.50594,1.00,1.00
2017.06.12 15:09:16.070,1.5058,1.50595,1.00,1.12
2017.06.12 15:09:17.324,1.50581,1.50598,1.00,2.25
2017.06.12 15:09:17.630,1.50584,1.50597,1.00,1.00
2017.06.12 15:09:18.270,1.50585,1.50597,1.00,1.00
2017.06.12 15:09:18.887,1.50583,1.50597,1.00,1.00
2017.06.12 15:09:19.471,1.50584,1.50597,1.00,1.00
2017.06.12 15:09:20.245,1.50585,1.50597,1.00,1.00
2017.06.12 15:09:20.744,1.50589,1.506,1.00,1.50
2017.06.12 15:09:20.846,1.50588,1.50601,1.00,1.50
2017.06.12 15:09:20.999,1.50587,1.50602,1.00,1.12
2017.06.12 15:09:21.520,1.50586,1.50602,1.00,1.12
2017.06.12 15:09:22.139,1.50585,1.50602,1.50,1.87
2017.06.12 15:09:23.289,1.50584,1.506,1.12,1.00
2017.06.12 15:09:24.154,1.50584,1.50598,1.00,1.00
2017.06.12 15:09:24.998,1.50583,1.506,1.50,1.87
2017.06.12 15:09:25.333,1.50585,1.506,1.00,1.12
2017.06.12 15:09:25.640,1.50585,1.50595,1.00,1.00
2017.06.12 15:09:26.145,1.50584,1.50595,1.00,1.00
2017.06.12 15:09:28.250,1.50582,1.50595,1.12,1.00
2017.06.12 15:09:28.708,1.50581,1.50591,1.00,1.00
2017.06.12 15:09:28.864,1.50577,1.50589,1.87,1.00
2017.06.12 15:09:29.398,1.50577,1.50588,1.00,1.00
2017.06.12 15:09:29.676,1.50579,1.50589,1.00,1.00
2017.06.12 15:09:29.778,1.50579,1.50592,1.00,1.00
2017.06.12 15:09:30.033,1.50581,1.50593,1.00,1.00
2017.06.12 15:09:30.776,1.5058,1.50593,1.12,1.00
2017.06.12 15:09:31.282,1.5058,1.50592,1.12,1.00
2017.06.12 15:09:32.391,1.50579,1.50593,1.50,1.00
2017.06.12 15:09:32.725,1.50577,1.50588,1.50,1.00
2017.06.12 15:09:33.125,1.50576,1.50588,1.12,1.00
2017.06.12 15:09:33.634,1.50576,1.50587,1.12,1.00
2017.06.12 15:09:33.788,1.50578,1.50589,1.00,1.00
2017.06.12 15:09:34.094,1.50582,1.50592,1.00,1.00
2017.06.12 15:09:34.642,1.50582,1.50593,1.00,1.00
2017.06.12 15:09:35.182,1.50581,1.50593,1.00,1.00
2017.06.12 15:09:36.504,1.50581,1.50594,1.00,1.00
2017.06.12 15:09:37.742,1.50581,1.50592,1.00,1.00
2017.06.12 15:09:38.251,1.50579,1.5059,1.50,1.00
2017.06.12 15:09:38.709,1.50579,1.50593,1.00,1.00
2017.06.12 15:09:38.907,1.50579,1.50596,1.50,1.12
2017.06.12 15:09:39.509,1.50577,1.50593,1.37,1.00
2017.06.12 15:09:39.713,1.50579,1.50596,1.50,2.62
2017.06.12 15:09:39.818,1.50582,1.50596,1.00,1.12
2017.06.12 15:09:40.685,1.50583,1.50596,1.00,1.00
2017.06.12 15:09:41.047,1.5058,1.50593,1.50,1.00
2017.06.12 15:09:42.320,1.50583,1.50597,1.00,1.00
2017.06.12 15:09:42.712,1.50584,1.506,1.00,3.75
2017.06.12 15:09:42.923,1.50584,1.50602,1.00,2.25
2017.06.12 15:09:42.977,1.50584,1.50599,1.37,1.00
2017.06.12 15:09:43.523,1.50584,1.506,1.00,1.50
2017.06.12 15:09:44.583,1.50585,1.506,1.00,1.50
2017.06.12 15:09:44.913,1.50589,1.50602,1.00,2.25
2017.06.12 15:09:44.965,1.50591,1.50604,1.00,1.00
2017.06.12 15:09:45.787,1.5059,1.50604,1.00,1.50
2017.06.12 15:09:46.913,1.50588,1.50604,1.50,1.00
2017.06.12 15:09:47.520,1.50588,1.50604,1.00,1.00
2017.06.12 15:09:47.825,1.50588,1.50602,1.00,1.00
2017.06.12 15:09:49.553,1.50588,1.50601,1.00,1.00
2017.06.12 15:09:50.075,1.50587,1.50601,1.00,1.00
2017.06.12 15:09:50.590,1.50588,1.50601,1.00,1.00
2017.06.12 15:09:51.122,1.50588,1.506,1.00,1.00
2017.06.12 15:09:51.326,1.50581,1.50596,1.00,1.00
2017.06.12 15:09:52.143,1.50579,1.50596,1.12,1.50
2017.06.12 15:09:52.662,1.5058,1.50596,1.00,1.00
2017.06.12 15:09:53.015,1.50578,1.50594,1.50,1.50
2017.06.12 15:09:53.322,1.50581,1.50598,1.00,1.37
2017.06.12 15:09:53.374,1.50581,1.50598,1.00,1.00
2017.06.12 15:09:53.425,1.50583,1.50599,1.00,1.37
2017.06.12 15:09:53.613,1.50583,1.50599,1.00,1.00
2017.06.12 15:09:54.233,1.50582,1.50598,1.87,1.00
2017.06.12 15:09:54.923,1.50581,1.50597,1.50,1.00
2017.06.12 15:09:55.340,1.50578,1.50594,3.00,1.00
2017.06.12 15:09:55.494,1.50578,1.50597,3.00,3.00
2017.06.12 15:09:55.598,1.50582,1.50597,1.00,1.12
2017.06.12 15:09:55.751,1.50582,1.50599,1.00,1.87
2017.06.12 15:09:55.803,1.50578,1.50597,2.25,1.00
2017.06.12 15:09:56.044,1.50577,1.50596,3.75,1.12
2017.06.12 15:09:56.401,1.50577,1.50593,3.00,1.00
2017.06.12 15:09:56.826,1.50579,1.50595,1.37,1.00
2017.06.12 15:09:58.583,1.50584,1.50597,1.00,1.00
2017.06.12 15:09:58.737,1.50585,1.50601,1.00,2.25
2017.06.12 15:09:58.789,1.50585,1.50601,1.00,1.87
2017.06.12 15:09:59.094,1.50589,1.50604,1.00,2.25
2017.06.12 15:09:59.756,1.50589,1.50604,1.00,1.00
2017.06.12 15:10:00.260,1.50589,1.50605,1.50,1.12
2017.06.12 15:10:00.311,1.50589,1.50605,1.50,1.37
2017.06.12 15:10:00.466,1.50589,1.50605,1.50,1.00
2017.06.12 15:10:01.017,1.50589,1.50605,1.50,1.37
2017.06.12 15:10:01.544,1.5059,1.50605,1.00,1.50
2017.06.12 15:10:01.803,1.50586,1.50602,2.25,1.00
2017.06.12 15:10:02.335,1.50587,1.50602,1.00,1.00
2017.06.12 15:10:02.719,1.5059,1.50605,1.00,1.75
2017.06.12 15:10:02.873,1.5059,1.50606,1.00,2.25
2017.06.12 15:10:03.384,1.50589,1.50605,1.50,1.00
2017.06.12 15:10:03.798,1.50586,1.50605,2.25,1.00
2017.06.12 15:10:04.345,1.50587,1.50604,1.00,1.00
2017.06.12 15:10:04.889,1.50588,1.50604,1.00,1.00
2017.06.12 15:10:06.299,1.50589,1.50606,1.00,1.50
2017.06.12 15:10:07.900,1.5059,1.50606,1.00,1.50
2017.06.12 15:10:08.692,1.50587,1.50602,1.00,1.00
2017.06.12 15:10:09.204,1.50587,1.50604,1.00,2.25
2017.06.12 15:10:10.208,1.50585,1.50602,1.12,1.00
2017.06.12 15:10:10.260,1.50583,1.50596,1.75,1.00
2017.06.12 15:10:10.576,1.50577,1.5059,1.20,1.00
2017.06.12 15:10:11.092,1.50575,1.50589,1.50,1.00
2017.06.12 15:10:11.222,1.50575,1.50592,1.50,1.00
2017.06.12 15:10:11.503,1.50575,1.5059,1.50,1.00
2017.06.12 15:10:12.430,1.50577,1.5059,1.00,1.00
2017.06.12 15:10:13.338,1.50574,1.5059,1.75,1.00
2017.06.12 15:10:13.490,1.50574,1.5059,1.00,1.00
2017.06.12 15:10:14.609,1.50573,1.5059,1.00,1.00
2017.06.12 15:10:14.864,1.50573,1.50587,1.00,1.00
2017.06.12 15:10:15.171,1.50564,1.50582,3.07,1.00
2017.06.12 15:10:15.222,1.50563,1.50582,3.07,1.00
2017.06.12 15:10:15.387,1.50563,1.50581,2.32,1.00
2017.06.12 15:10:15.896,1.50563,1.50582,1.57,1.12
2017.06.12 15:10:16.424,1.50565,1.50581,1.00,1.00
2017.06.12 15:10:17.484,1.50567,1.50584,1.00,2.62
2017.06.12 15:10:17.587,1.50568,1.50585,1.00,1.87
2017.06.12 15:10:17.690,1.5057,1.50587,1.00,1.87
2017.06.12 15:10:18.197,1.5057,1.50586,1.00,1.00
2017.06.12 15:10:18.299,1.50568,1.50585,1.00,1.12
2017.06.12 15:10:18.503,1.50565,1.50582,3.00,1.00
2017.06.12 15:10:18.810,1.50555,1.50573,2.25,1.00
2017.06.12 15:10:18.912,1.50554,1.50573,1.50,1.50
2017.06.12 15:10:18.963,1.50554,1.50573,1.12,1.87
2017.06.12 15:10:19.128,1.50553,1.50571,1.50,1.00
2017.06.12 15:10:19.637,1.50554,1.50571,1.00,1.00
2017.06.12 15:10:19.891,1.50552,1.5057,1.12,1.12
2017.06.12 15:10:20.295,1.50549,1.5057,3.00,3.00
2017.06.12 15:10:20.708,1.50549,1.50564,2.25,1.00
2017.06.12 15:10:21.168,1.50549,1.50564,1.37,1.00
2017.06.12 15:10:21.632,1.50553,1.50568,1.12,1.00
2017.06.12 15:10:21.684,1.50553,1.5057,1.37,1.00
2017.06.12 15:10:21.838,1.5055,1.50568,3.07,1.00
2017.06.12 15:10:21.890,1.5055,1.50567,1.75,1.50
2017.06.12 15:10:22.093,1.50548,1.50565,2.25,1.00
2017.06.12 15:10:22.298,1.50546,1.50564,1.95,1.00
2017.06.12 15:10:23.417,1.50545,1.50562,1.82,1.00
2017.06.12 15:10:23.569,1.50544,1.50561,1.75,1.00
2017.06.12 15:10:24.079,1.50543,1.5056,1.85,1.00
2017.06.12 15:10:24.612,1.50544,1.50559,1.75,1.00
2017.06.12 15:10:25.745,1.50547,1.50559,1.00,1.00
2017.06.12 15:10:25.882,1.50547,1.50563,1.37,1.00
2017.06.12 15:10:26.136,1.50546,1.50562,1.50,1.00
2017.06.12 15:10:26.648,1.50546,1.50563,1.50,1.50
2017.06.12 15:10:27.179,1.50547,1.50564,1.07,1.00
2017.06.12 15:10:27.690,1.50546,1.50564,2.25,1.00
2017.06.12 15:10:28.422,1.50546,1.50563,1.75,1.00
2017.06.12 15:10:28.928,1.50546,1.50562,1.75,1.00
2017.06.12 15:10:29.963,1.50547,1.50563,1.75,1.00
2017.06.12 15:10:30.471,1.50548,1.50564,1.50,1.00
2017.06.12 15:10:30.777,1.50548,1.50562,1.00,1.00
2017.06.12 15:10:31.120,1.50546,1.5056,1.50,1.00
2017.06.12 15:10:32.458,1.50544,1.50558,1.75,1.00
2017.06.12 15:10:32.631,1.50541,1.50557,1.75,1.50
2017.06.12 15:10:33.145,1.50544,1.50559,1.37,1.00
2017.06.12 15:10:33.399,1.50543,1.50559,1.50,1.00
2017.06.12 15:10:34.448,1.50543,1.50557,1.00,1.00
2017.06.12 15:10:34.500,1.50543,1.5056,1.00,1.87
2017.06.12 15:10:34.653,1.50542,1.50556,1.12,1.00
2017.06.12 15:10:35.067,1.50541,1.50559,2.25,1.00
2017.06.12 15:10:35.220,1.50546,1.5056,1.00,1.12
2017.06.12 15:10:35.527,1.50546,1.50562,1.00,1.00
2017.06.12 15:10:36.245,1.50546,1.50563,1.50,1.50
2017.06.12 15:10:36.796,1.50546,1.50559,1.00,1.00
2017.06.12 15:10:36.848,1.50544,1.50558,1.00,1.00
2017.06.12 15:10:36.899,1.50544,1.50556,1.00,1.00
2017.06.12 15:10:37.002,1.5054,1.50556,1.50,1.00
2017.06.12 15:10:37.508,1.5054,1.50556,1.00,1.00
2017.06.12 15:10:38.009,1.5054,1.50557,2.25,2.25
2017.06.12 15:10:38.511,1.50541,1.50557,1.00,2.25
2017.06.12 15:10:38.918,1.50538,1.50554,1.00,1.00
2017.06.12 15:10:39.506,1.50537,1.50552,1.00,1.00
2017.06.12 15:10:39.817,1.5054,1.50557,1.00,2.25
2017.06.12 15:10:39.869,1.50537,1.50554,1.50,1.12
2017.06.12 15:10:39.921,1.50537,1.50552,1.37,1.00
2017.06.12 15:10:40.228,1.50544,1.50559,1.00,1.37
2017.06.12 15:10:40.442,1.50544,1.50559,1.37,1.00
2017.06.12 15:10:40.955,1.50544,1.50559,1.00,1.00
2017.06.12 15:10:41.057,1.50547,1.5056,1.00,1.00
2017.06.12 15:10:41.211,1.50548,1.50562,1.00,1.00
2017.06.12 15:10:41.576,1.5055,1.50565,1.00,1.37
2017.06.12 15:10:41.834,1.5055,1.50566,1.00,1.12
2017.06.12 15:10:42.346,1.50551,1.50566,1.00,1.12
2017.06.12 15:10:42.620,1.50553,1.50566,1.00,1.12
2017.06.12 15:10:43.141,1.50552,1.50566,1.00,1.12
2017.06.12 15:10:44.459,1.50551,1.50567,1.00,1.50
2017.06.12 15:10:45.270,1.50553,1.50568,1.00,1.75
2017.06.12 15:10:45.526,1.50553,1.50568,1.00,1.12
2017.06.12 15:10:45.755,1.50551,1.50568,1.50,1.12
2017.06.12 15:10:46.300,1.5055,1.50567,1.87,1.00
2017.06.12 15:10:46.505,1.50549,1.50565,1.00,1.00
2017.06.12 15:10:47.276,1.5055,1.50565,1.00,1.50
2017.06.12 15:10:49.916,1.50547,1.50564,1.50,1.50
2017.06.12 15:10:50.432,1.50547,1.50564,1.37,1.50
2017.06.12 15:10:50.970,1.50548,1.50564,1.50,1.00
2017.06.12 15:10:51.225,1.50546,1.50562,1.85,1.00
2017.06.12 15:10:51.457,1.50545,1.50562,2.25,1.00
2017.06.12 15:10:51.509,1.50549,1.50563,1.00,1.00
2017.06.12 15:10:52.020,1.50547,1.50564,1.50,1.50
2017.06.12 15:10:52.598,1.50547,1.50563,1.87,1.00
2017.06.12 15:10:54.135,1.50546,1.50556,1.75,1.00
2017.06.12 15:10:54.259,1.50546,1.50556,1.00,1.00
2017.06.12 15:10:54.311,1.50538,1.50555,2.70,1.50
2017.06.12 15:10:55.274,1.50537,1.50554,3.07,1.00
2017.06.12 15:10:56.307,1.50536,1.5055,2.32,1.00
2017.06.12 15:10:56.625,1.50529,1.50544,1.50,1.00
2017.06.12 15:10:56.736,1.50528,1.50546,1.75,1.50
2017.06.12 15:10:56.940,1.50527,1.50544,2.32,1.50
2017.06.12 15:10:57.145,1.50527,1.50545,1.87,1.00
2017.06.12 15:10:57.350,1.50527,1.50546,3.45,1.00
2017.06.12 15:10:57.699,1.50529,1.50547,2.32,1.00
2017.06.12 15:10:59.511,1.50529,1.50546,2.70,1.00
2017.06.12 15:11:00.070,1.50529,1.50547,1.95,1.00
2017.06.12 15:11:00.608,1.50531,1.50548,1.37,1.50
2017.06.12 15:11:01.125,1.50531,1.50547,1.37,1.50
2017.06.12 15:11:01.759,1.50531,1.50548,1.87,1.00
2017.06.12 15:11:02.139,1.50532,1.5055,1.87,1.87
2017.06.12 15:11:02.858,1.50532,1.50549,1.87,1.50
2017.06.12 15:11:03.386,1.50532,1.5055,1.87,1.87
2017.06.12 15:11:03.917,1.50532,1.50549,1.87,1.00
2017.06.12 15:11:04.019,1.50532,1.50547,1.12,1.00
2017.06.12 15:11:04.556,1.50531,1.50546,1.00,1.00
2017.06.12 15:11:05.070,1.5053,1.50546,1.50,1.00
2017.06.12 15:11:08.224,1.5053,1.50547,1.00,1.50
2017.06.12 15:11:09.647,1.50529,1.50546,1.50,1.00
2017.06.12 15:11:10.250,1.50531,1.50547,1.00,1.00
2017.06.12 15:11:10.352,1.50531,1.50549,1.87,1.12
2017.06.12 15:11:10.537,1.5053,1.50546,1.00,1.00
2017.06.12 15:11:10.792,1.50525,1.50542,1.00,1.87
2017.06.12 15:11:10.996,1.50524,1.5054,1.12,1.00
2017.06.12 15:11:11.303,1.50522,1.50538,1.00,1.00
2017.06.12 15:11:11.611,1.50528,1.50539,1.00,1.00
2017.06.12 15:11:11.921,1.50531,1.50542,1.00,1.00
2017.06.12 15:11:12.332,1.50534,1.50544,1.00,1.50
2017.06.12 15:11:12.436,1.50533,1.50545,1.00,1.12
2017.06.12 15:11:12.539,1.5053,1.50545,1.00,1.12
2017.06.12 15:11:13.066,1.5053,1.50544,1.00,1.00
2017.06.12 15:11:13.412,1.5053,1.50542,1.00,1.00
2017.06.12 15:11:13.463,1.50528,1.50542,1.00,1.00
2017.06.12 15:11:13.515,1.50532,1.50544,1.00,1.00
2017.06.12 15:11:14.137,1.50533,1.50544,1.00,1.00
2017.06.12 15:11:14.686,1.50533,1.50545,1.00,1.87
2017.06.12 15:11:14.993,1.50538,1.50548,1.00,1.75
2017.06.12 15:11:15.133,1.50538,1.50548,1.00,1.00
2017.06.12 15:11:15.185,1.50538,1.5055,1.00,1.87
2017.06.12 15:11:15.350,1.50535,1.50546,1.00,1.00
2017.06.12 15:11:15.656,1.50526,1.50537,1.75,1.00
2017.06.12 15:11:15.707,1.50524,1.50536,1.50,1.00
2017.06.12 15:11:16.234,1.50524,1.50536,1.00,1.00
2017.06.12 15:11:16.438,1.50525,1.50538,1.00,1.12
2017.06.12 15:11:16.490,1.50525,1.50538,1.00,1.75
2017.06.12 15:11:16.594,1.50523,1.50536,1.00,1.12
2017.06.12 15:11:16.647,1.50521,1.50534,1.00,1.00
2017.06.12 15:11:16.698,1.50522,1.50537,1.00,1.00
2017.06.12 15:11:16.750,1.50524,1.50537,1.00,1.00
2017.06.12 15:11:17.259,1.50523,1.50537,1.50,1.00
2017.06.12 15:11:17.565,1.50522,1.50535,1.00,1.50
2017.06.12 15:11:18.086,1.50521,1.50535,1.00,1.87
2017.06.12 15:11:18.754,1.5052,1.50532,1.00,1.00
2017.06.12 15:11:18.857,1.50518,1.50531,1.00,1.00
2017.06.12 15:11:19.251,1.5052,1.50532,1.00,1.00
2017.06.12 15:11:19.558,1.50522,1.50532,1.00,1.00
2017.06.12 15:11:19.711,1.50519,1.50532,1.00,1.50
2017.06.12 15:11:19.813,1.50521,1.50533,1.00,1.87
2017.06.12 15:11:20.120,1.50523,1.50534,1.00,1.00
2017.06.12 15:11:20.467,1.50527,1.50539,1.00,2.25
2017.06.12 15:11:20.621,1.50525,1.50539,1.00,1.75
2017.06.12 15:11:21.123,1.50528,1.50539,1.00,1.75
2017.06.12 15:11:21.594,1.50526,1.50539,1.00,1.75
2017.06.12 15:11:21.776,1.50524,1.50538,1.00,1.75
2017.06.12 15:11:21.827,1.50526,1.50537,1.00,1.50
2017.06.12 15:11:22.134,1.50529,1.50542,1.00,1.37
2017.06.12 15:11:23.348,1.5053,1.50542,1.00,1.37
2017.06.12 15:11:23.399,1.50528,1.50542,1.00,1.37
2017.06.12 15:11:23.901,1.50528,1.50542,1.00,1.50
2017.06.12 15:11:24.422,1.50529,1.50542,1.00,1.50
2017.06.12 15:11:24.682,1.50524,1.50534,1.75,1.00
2017.06.12 15:11:24.919,1.50517,1.5053,1.00,1.12
2017.06.12 15:11:25.021,1.50515,1.5053,1.00,1.00
2017.06.12 15:11:25.277,1.50518,1.5053,1.00,1.00
2017.06.12 15:11:25.380,1.50516,1.5053,1.00,1.00
2017.06.12 15:11:26.057,1.50517,1.5053,1.00,1.00
2017.06.12 15:11:26.108,1.50513,1.50528,1.37,1.50
2017.06.12 15:11:26.211,1.5051,1.50523,1.37,1.00
2017.06.12 15:11:26.313,1.50506,1.50524,1.37,2.62
2017.06.12 15:11:26.365,1.50506,1.50522,1.37,1.00
2017.06.12 15:11:26.416,1.50505,1.50522,1.37,2.62
2017.06.12 15:11:26.518,1.50506,1.50522,1.00,2.25
2017.06.12 15:11:26.772,1.50507,1.50522,1.00,3.00
2017.06.12 15:11:26.925,1.50509,1.50522,1.00,1.00
2017.06.12 15:11:26.977,1.50507,1.50522,1.00,1.00
2017.06.12 15:11:27.028,1.50509,1.50523,1.00,1.00
2017.06.12 15:11:27.437,1.50511,1.50524,1.00,1.37
2017.06.12 15:11:27.631,1.5051,1.50526,1.00,1.12
2017.06.12 15:11:27.733,1.5051,1.50524,1.00,1.00
2017.06.12 15:11:27.988,1.50511,1.50528,1.00,3.00
2017.06.12 15:11:28.142,1.50512,1.50528,1.00,1.12
2017.06.12 15:11:28.456,1.50512,1.50526,1.00,1.00
2017.06.12 15:11:28.711,1.5051,1.50525,1.00,1.12
2017.06.12 15:11:28.916,1.5051,1.50523,1.00,1.00
2017.06.12 15:11:29.428,1.5051,1.50524,1.00,1.75
2017.06.12 15:11:29.824,1.5051,1.50524,1.00,1.00
2017.06.12 15:11:29.878,1.50512,1.50527,1.00,1.87
2017.06.12 15:11:29.930,1.50512,1.50527,1.00,1.87
2017.06.12 15:11:30.187,1.50515,1.50529,1.00,2.25
2017.06.12 15:11:30.239,1.50512,1.50529,1.00,1.87
2017.06.12 15:11:30.341,1.50515,1.50531,1.00,2.25
2017.06.12 15:11:30.444,1.50513,1.50531,1.50,2.62
2017.06.12 15:11:30.547,1.50513,1.50528,1.50,1.00
2017.06.12 15:11:30.701,1.50511,1.50528,1.87,1.87
2017.06.12 15:11:30.838,1.50511,1.50527,1.50,1.37
2017.06.12 15:11:32.829,1.50511,1.50524,1.00,1.00
2017.06.12 15:11:34.158,1.50512,1.50527,1.00,2.25
2017.06.12 15:11:34.668,1.50512,1.50526,1.00,1.00
2017.06.12 15:11:34.974,1.50514,1.50528,1.00,1.50
2017.06.12 15:11:35.276,1.50521,1.50536,1.00,1.75
2017.06.12 15:11:35.328,1.50521,1.50536,1.00,1.00
2017.06.12 15:11:35.534,1.50523,1.50536,1.00,1.00
2017.06.12 15:11:35.637,1.50521,1.50536,1.50,1.00
2017.06.12 15:11:35.740,1.50521,1.50534,1.00,1.00
2017.06.12 15:11:35.981,1.50518,1.50533,1.00,2.25
2017.06.12 15:11:36.034,1.50519,1.50533,1.00,2.25
2017.06.12 15:11:36.137,1.50519,1.50534,1.00,1.50
2017.06.12 15:11:36.649,1.50519,1.50532,1.00,1.00
2017.06.12 15:11:37.677,1.50519,1.50533,1.00,1.00
2017.06.12 15:11:38.002,1.50521,1.50533,1.00,1.00
2017.06.12 15:11:38.512,1.50518,1.50529,1.00,1.00
2017.06.12 15:11:38.716,1.50516,1.50529,1.00,1.12
2017.06.12 15:11:39.266,1.50516,1.5053,1.00,1.12
2017.06.12 15:11:39.772,1.50516,1.5053,1.00,1.75
2017.06.12 15:11:40.142,1.50516,1.50532,1.00,1.50
2017.06.12 15:11:40.923,1.50516,1.5053,1.00,1.00
2017.06.12 15:11:41.177,1.50514,1.50529,1.50,1.00
2017.06.12 15:11:42.008,1.50514,1.50527,1.00,1.00
2017.06.12 15:11:42.585,1.50513,1.50527,1.00,1.00
2017.06.12 15:11:43.116,1.50511,1.50527,1.50,1.00
2017.06.12 15:11:44.834,1.5051,1.50524,1.75,1.00
2017.06.12 15:11:44.988,1.50505,1.50522,3.00,1.00
2017.06.12 15:11:45.244,1.50506,1.50522,1.00,1.12
2017.06.12 15:11:46.071,1.50507,1.50523,1.00,2.62
2017.06.12 15:11:47.827,1.5051,1.50524,1.00,1.50
2017.06.12 15:11:47.980,1.5051,1.50525,1.00,1.12
2017.06.12 15:11:48.134,1.50509,1.50523,1.75,1.00
2017.06.12 15:11:48.186,1.50509,1.50523,1.00,1.00
2017.06.12 15:11:48.403,1.50507,1.50521,1.00,1.00
2017.06.12 15:11:48.455,1.50505,1.50521,1.12,1.50
2017.06.12 15:11:48.506,1.50504,1.50517,1.57,1.00
2017.06.12 15:11:48.814,1.50502,1.50515,1.00,1.00
2017.06.12 15:11:49.120,1.50504,1.50517,1.00,1.12
2017.06.12 15:11:49.275,1.50504,1.5052,1.00,1.50
2017.06.12 15:11:49.429,1.50503,1.50517,1.75,1.00
2017.06.12 15:11:49.586,1.50503,1.50517,1.00,1.00
2017.06.12 15:11:49.892,1.50505,1.50518,1.00,1.00
2017.06.12 15:11:50.452,1.50504,1.50517,1.50,1.00
2017.06.12 15:11:50.555,1.50506,1.50519,1.00,1.00
2017.06.12 15:11:50.701,1.50504,1.50518,1.00,1.00
2017.06.12 15:11:50.804,1.50506,1.5052,1.00,1.00
2017.06.12 15:11:51.060,1.50506,1.50522,1.00,1.50
2017.06.12 15:11:51.602,1.50507,1.50522,1.00,1.87
2017.06.12 15:11:52.138,1.50506,1.50522,1.00,2.62
2017.06.12 15:11:52.677,1.50507,1.50522,1.00,1.50
2017.06.12 15:11:52.988,1.50512,1.50526,1.00,1.75
2017.06.12 15:11:53.138,1.50512,1.50526,1.00,1.50
2017.06.12 15:11:53.190,1.50512,1.50528,1.00,1.50
2017.06.12 15:11:53.966,1.50514,1.50529,1.00,1.50
2017.06.12 15:11:54.155,1.50508,1.50525,2.32,1.00
2017.06.12 15:11:54.666,1.50508,1.50526,1.00,3.00
2017.06.12 15:11:55.513,1.50509,1.50525,1.00,1.12
2017.06.12 15:11:56.109,1.50508,1.50525,1.00,1.87
2017.06.12 15:11:57.857,1.50508,1.50524,1.00,1.50
2017.06.12 15:11:57.908,1.50508,1.50522,1.00,1.00
2017.06.12 15:11:58.010,1.50505,1.50521,1.50,1.00
2017.06.12 15:11:58.112,1.50502,1.50518,1.75,1.50
2017.06.12 15:11:58.418,1.50499,1.50516,1.38,1.00
2017.06.12 15:11:58.724,1.50499,1.50516,2.25,1.00
2017.06.12 15:11:58.775,1.50499,1.50516,3.00,1.00
2017.06.12 15:11:58.877,1.50501,1.50518,1.12,1.20
2017.06.12 15:11:59.296,1.50499,1.50516,2.25,1.00
2017.06.12 15:11:59.450,1.50503,1.50519,1.00,1.87
2017.06.12 15:12:00.432,1.50502,1.50519,1.50,1.12
2017.06.12 15:12:00.966,1.50502,1.50518,1.50,1.00
2017.06.12 15:12:01.483,1.50503,1.50518,1.00,1.00
2017.06.12 15:12:02.023,1.50504,1.50519,1.00,1.12
2017.06.12 15:12:02.074,1.50507,1.50519,1.00,1.00
2017.06.12 15:12:02.127,1.50507,1.50523,1.00,1.75
2017.06.12 15:12:02.230,1.50512,1.50527,1.00,3.82
2017.06.12 15:12:02.282,1.50512,1.50527,1.50,1.50
2017.06.12 15:12:02.488,1.50512,1.50529,1.87,1.00
2017.06.12 15:12:02.947,1.50512,1.50527,1.12,1.12
2017.06.12 15:12:03.254,1.50508,1.50524,1.50,1.00
2017.06.12 15:12:03.964,1.50509,1.50525,1.00,2.62
2017.06.12 15:12:04.320,1.50509,1.50524,1.00,1.50
2017.06.12 15:12:04.627,1.50514,1.50528,1.00,1.75
2017.06.12 15:12:04.679,1.50514,1.50528,1.00,1.12
2017.06.12 15:12:04.985,1.50512,1.50528,1.12,1.00
2017.06.12 15:12:05.137,1.50511,1.50526,1.50,1.00
2017.06.12 15:12:05.341,1.50513,1.50528,1.00,1.12
2017.06.12 15:12:05.616,1.50512,1.50526,1.00,1.00
2017.06.12 15:12:05.667,1.50513,1.50528,1.00,1.57
2017.06.12 15:12:06.009,1.50511,1.50528,1.50,1.00
2017.06.12 15:12:06.482,1.50513,1.50528,1.00,1.00
2017.06.12 15:12:06.533,1.50511,1.50528,1.50,1.50
2017.06.12 15:12:06.637,1.5051,1.50527,1.50,2.25
2017.06.12 15:12:06.790,1.50507,1.50524,1.12,1.12
2017.06.12 15:12:07.746,1.50507,1.50523,1.87,1.00
2017.06.12 15:12:08.323,1.50508,1.50523,1.00,1.00
2017.06.12 15:12:09.158,1.50507,1.50523,1.12,1.00
2017.06.12 15:12:09.362,1.50506,1.50521,1.50,1.00
2017.06.12 15:12:09.877,1.50506,1.50522,1.50,1.12
2017.06.12 15:12:10.393,1.50506,1.50521,1.00,1.00
2017.06.12 15:12:10.924,1.50506,1.5052,1.00,1.00
2017.06.12 15:12:11.508,1.50506,1.50521,1.00,1.00
2017.06.12 15:12:11.712,1.50507,1.50524,1.50,3.00
2017.06.12 15:12:12.711,1.50507,1.50524,1.50,2.62
2017.06.12 15:12:13.451,1.50505,1.50522,1.87,1.37
2017.06.12 15:12:14.012,1.50504,1.5052,1.50,1.10
2017.06.12 15:12:14.748,1.50507,1.50521,1.00,1.12
2017.06.12 15:12:15.269,1.50507,1.50522,1.00,1.00
2017.06.12 15:12:15.941,1.50505,1.50522,1.00,1.12
2017.06.12 15:12:16.719,1.50504,1.50518,1.12,1.00
2017.06.12 15:12:16.770,1.50504,1.5052,1.87,1.00
2017.06.12 15:12:16.872,1.50506,1.5052,1.00,1.00
2017.06.12 15:12:17.142,1.50506,1.50523,1.00,1.87
2017.06.12 15:12:17.740,1.50506,1.50522,1.00,1.37
2017.06.12 15:12:18.149,1.50504,1.5052,1.12,1.50
2017.06.12 15:12:18.974,1.50505,1.5052,1.50,1.00
2017.06.12 15:12:19.027,1.50503,1.5052,1.00,1.87
2017.06.12 15:12:19.181,1.50502,1.50518,1.87,1.00
2017.06.12 15:12:19.234,1.50503,1.5052,1.00,1.87
2017.06.12 15:12:19.439,1.50505,1.5052,1.00,1.12
2017.06.12 15:12:19.943,1.50506,1.50521,1.00,1.50
2017.06.12 15:12:20.399,1.50504,1.50519,1.00,1.00
2017.06.12 15:12:20.653,1.50505,1.50521,1.00,1.00
2017.06.12 15:12:20.868,1.50502,1.50512,1.75,1.00
2017.06.12 15:12:20.919,1.50498,1.50511,1.75,1.00
2017.06.12 15:12:21.022,1.50498,1.50511,1.00,1.00
2017.06.12 15:12:21.226,1.50498,1.50513,1.00,1.00
2017.06.12 15:12:21.381,1.50502,1.50514,1.00,1.50
2017.06.12 15:12:21.536,1.50501,1.50516,1.50,1.00
2017.06.12 15:12:22.059,1.505,1.50515,1.00,1.00
2017.06.12 15:12:22.599,1.50499,1.50515,1.87,1.00
2017.06.12 15:12:22.908,1.50498,1.50513,1.50,1.00
2017.06.12 15:12:23.442,1.50498,1.50513,1.00,1.00
2017.06.12 15:12:24.793,1.50499,1.50514,1.00,1.00
2017.06.12 15:12:25.099,1.50502,1.50515,1.00,1.00
2017.06.12 15:12:25.354,1.50507,1.50523,1.00,1.75
2017.06.12 15:12:25.881,1.50506,1.50521,1.00,1.12
2017.06.12 15:12:26.392,1.50507,1.50522,1.00,2.25
2017.06.12 15:12:26.893,1.50506,1.5052,1.00,1.00
2017.06.12 15:12:27.403,1.50506,1.50521,1.00,1.75
2017.06.12 15:12:27.935,1.50505,1.50522,1.50,2.25
2017.06.12 15:12:28.089,1.50507,1.50521,1.00,1.75
2017.06.12 15:12:28.910,1.50506,1.50521,1.00,1.75
2017.06.12 15:12:29.425,1.50507,1.50521,1.00,1.75
2017.06.12 15:12:29.629,1.50508,1.50522,1.00,1.50
2017.06.12 15:12:29.782,1.50506,1.50522,1.00,1.50
2017.06.12 15:12:29.885,1.50504,1.50519,1.00,1.00
2017.06.12 15:12:29.936,1.50502,1.50518,1.00,1.12
2017.06.12 15:12:30.439,1.50503,1.50518,1.00,1.12
2017.06.12 15:12:31.856,1.50502,1.50519,1.50,1.37
2017.06.12 15:12:31.907,1.505,1.50518,1.87,1.12
2017.06.12 15:12:32.531,1.50502,1.50518,1.00,1.12
2017.06.12 15:12:32.732,1.505,1.50518,1.87,1.12
2017.06.12 15:12:33.241,1.50501,1.50517,1.00,1.50
2017.06.12 15:12:34.298,1.50502,1.50517,1.00,1.00
2017.06.12 15:12:34.900,1.50501,1.50516,1.00,1.00
2017.06.12 15:12:35.431,1.505,1.50516,1.87,1.00
2017.06.12 15:12:35.947,1.505,1.50517,1.12,1.50
2017.06.12 15:12:37.273,1.50501,1.50517,1.00,1.00
2017.06.12 15:12:37.910,1.50501,1.50518,1.00,1.87
2017.06.12 15:12:38.447,1.50502,1.50518,1.00,2.25
2017.06.12 15:12:38.650,1.50497,1.50515,1.75,2.25
2017.06.12 15:12:38.753,1.50495,1.50512,2.25,1.12
2017.06.12 15:12:38.804,1.50495,1.5051,1.75,1.50
2017.06.12 15:12:38.907,1.50492,1.50506,1.00,1.12
2017.06.12 15:12:39.156,1.50491,1.50506,1.00,1.87
2017.06.12 15:12:39.207,1.50491,1.50506,1.00,1.12
2017.06.12 15:12:39.259,1.50491,1.50506,1.00,1.75
2017.06.12 15:12:39.361,1.50491,1.50506,1.00,1.00
2017.06.12 15:12:40.399,1.50493,1.50508,1.00,1.50
2017.06.12 15:12:40.931,1.50492,1.50508,1.50,1.50
2017.06.12 15:12:40.982,1.50492,1.50508,1.50,1.00
2017.06.12 15:12:41.440,1.50493,1.5051,1.00,1.12
2017.06.12 15:12:41.542,1.50496,1.50511,1.00,1.00
2017.06.12 15:12:41.872,1.50498,1.50514,1.12,1.37
2017.06.12 15:12:42.180,1.50507,1.50523,1.50,1.00
2017.06.12 15:12:43.132,1.50508,1.50524,1.12,1.12
2017.06.12 15:12:43.442,1.5051,1.50526,1.00,2.62
2017.06.12 15:12:43.785,1.50512,1.50528,1.00,1.12
2017.06.12 15:12:44.222,1.50509,1.50526,1.75,1.87
2017.06.12 15:12:44.378,1.50509,1.50526,1.00,2.25
2017.06.12 15:12:44.855,1.50507,1.50524,1.12,1.12
2017.06.12 15:12:45.160,1.50509,1.50524,1.00,1.12
2017.06.12 15:12:45.518,1.50507,1.50524,1.12,1.12
2017.06.12 15:12:45.670,1.5051,1.50525,1.00,1.00
2017.06.12 15:12:46.114,1.50513,1.50526,1.00,1.00
2017.06.12 15:12:46.216,1.50511,1.50526,1.00,1.00
2017.06.12 15:12:46.726,1.5051,1.50528,1.00,2.25
2017.06.12 15:12:47.274,1.5051,1.50528,1.00,1.87
2017.06.12 15:12:47.672,1.50512,1.50528,1.00,1.12
2017.06.12 15:12:47.979,1.50514,1.5053,1.00,1.87
2017.06.12 15:12:51.005,1.50515,1.50529,1.00,1.12
2017.06.12 15:12:51.850,1.50515,1.50528,1.00,1.00
2017.06.12 15:12:51.901,1.50513,1.50527,1.50,1.00
2017.06.12 15:12:51.952,1.50516,1.50526,1.00,1.00
2017.06.12 15:12:52.397,1.50516,1.50529,1.00,1.87
2017.06.12 15:12:52.454,1.50518,1.50529,1.00,1.12
2017.06.12 15:12:53.276,1.50518,1.50528,1.00,1.00
2017.06.12 15:12:53.517,1.5052,1.50531,1.00,1.00
2017.06.12 15:12:54.198,1.5052,1.50533,1.00,1.87
2017.06.12 15:12:55.271,1.50521,1.50533,1.00,1.87
2017.06.12 15:12:57.481,1.5052,1.50532,1.00,1.12
2017.06.12 15:12:58.019,1.50521,1.50532,1.00,1.12
2017.06.12 15:12:58.933,1.50521,1.50534,1.00,1.12
2017.06.12 15:12:59.254,1.50523,1.50535,1.00,1.87
2017.06.12 15:12:59.939,1.50522,1.50534,1.00,1.12
2017.06.12 15:13:00.441,1.50523,1.50534,1.00,1.87
2017.06.12 15:13:00.950,1.50523,1.50534,1.00,1.50
2017.06.12 15:13:01.452,1.50522,1.50534,1.00,1.50
2017.06.12 15:13:01.997,1.50522,1.50535,1.00,1.50
2017.06.12 15:13:02.505,1.50521,1.50535,1.50,1.50
2017.06.12 15:13:03.077,1.50524,1.50535,1.00,1.50
2017.06.12 15:13:03.587,1.50521,1.50535,1.50,1.37
2017.06.12 15:13:03.843,1.50523,1.50535,1.00,1.12
2017.06.12 15:13:04.149,1.50522,1.50533,1.00,1.00
2017.06.12 15:13:05.111,1.50522,1.50535,1.00,1.87
2017.06.12 15:13:05.162,1.50524,1.50535,1.00,1.87
2017.06.12 15:13:05.467,1.50522,1.50533,1.00,1.00
2017.06.12 15:13:06.049,1.50521,1.50533,1.00,1.12
2017.06.12 15:13:06.509,1.5052,1.5053,1.00,1.00
2017.06.12 15:13:07.020,1.50521,1.50531,1.00,1.00
2017.06.12 15:13:07.336,1.50521,1.50534,1.00,1.00
2017.06.12 15:13:08.037,1.50521,1.50533,1.00,1.00
2017.06.12 15:13:08.578,1.50521,1.50533,1.00,1.50
2017.06.12 15:13:09.777,1.50522,1.50533,1.00,1.50
2017.06.12 15:13:10.349,1.50523,1.50535,1.00,1.75
2017.06.12 15:13:10.400,1.50523,1.50535,1.00,1.50
2017.06.12 15:13:11.570,1.5052,1.50531,1.00,1.00
2017.06.12 15:13:11.622,1.50521,1.50533,1.00,1.00
2017.06.12 15:13:11.774,1.50523,1.50533,1.00,1.00
2017.06.12 15:13:12.030,1.50523,1.50535,1.00,1.12
2017.06.12 15:13:12.539,1.50527,1.50537,1.00,1.75
2017.06.12 15:13:12.743,1.50527,1.50539,1.00,1.50
2017.06.12 15:13:13.246,1.50527,1.50538,1.00,1.00
2017.06.12 15:13:13.400,1.50529,1.50539,1.00,1.00
2017.06.12 15:13:16.633,1.50528,1.50537,1.00,1.00
2017.06.12 15:13:16.687,1.50525,1.50537,1.00,1.00
2017.06.12 15:13:17.194,1.50526,1.50537,1.00,1.00
2017.06.12 15:13:17.647,1.50528,1.50539,1.00,2.25
2017.06.12 15:13:18.252,1.50528,1.5054,1.00,2.25
2017.06.12 15:13:26.001,1.50526,1.5054,1.00,2.25
2017.06.12 15:13:26.053,1.50528,1.5054,1.00,1.50
2017.06.12 15:13:27.146,1.50527,1.5054,1.00,2.25
2017.06.12 15:13:28.018,1.50528,1.50541,1.00,1.87
2017.06.12 15:13:28.069,1.50528,1.50541,1.00,1.87
2017.06.12 15:13:28.642,1.50528,1.5054,1.00,1.00
2017.06.12 15:13:30.791,1.50529,1.5054,1.00,1.00
2017.06.12 15:13:32.012,1.5053,1.5054,1.00,1.00
2017.06.12 15:13:32.063,1.50533,1.50543,1.00,3.00
2017.06.12 15:13:32.114,1.50531,1.50543,1.00,2.25
2017.06.12 15:13:32.166,1.5053,1.50539,1.00,1.00
2017.06.12 15:13:32.670,1.5053,1.5054,1.00,1.00
2017.06.12 15:13:32.974,1.50533,1.50543,1.00,1.00
2017.06.12 15:13:33.127,1.50534,1.50546,1.00,1.50
2017.06.12 15:13:33.331,1.50531,1.50541,1.00,1.00
2017.06.12 15:13:33.927,1.5053,1.50541,1.00,1.12
2017.06.12 15:13:34.595,1.5053,1.5054,1.00,1.00
2017.06.12 15:13:35.106,1.50529,1.5054,1.00,1.00
2017.06.12 15:13:35.409,1.50526,1.50539,1.00,1.75
2017.06.12 15:13:36.931,1.50527,1.50539,1.00,1.75
2017.06.12 15:13:37.034,1.50527,1.5054,1.00,2.25
2017.06.12 15:13:37.391,1.50528,1.50541,1.00,3.37
2017.06.12 15:13:38.449,1.50529,1.5054,1.00,1.75
2017.06.12 15:13:38.705,1.50531,1.5054,1.00,1.37
2017.06.12 15:13:38.757,1.50531,1.50542,1.00,1.50
2017.06.12 15:13:39.893,1.50534,1.50545,1.00,2.25
2017.06.12 15:13:40.046,1.50534,1.50546,1.00,2.25
2017.06.12 15:13:40.694,1.50535,1.50546,1.00,1.75
2017.06.12 15:13:41.196,1.50536,1.50547,1.00,2.25
2017.06.12 15:13:41.712,1.50535,1.50547,1.00,3.00
2017.06.12 15:13:42.049,1.50535,1.50548,1.00,1.87
2017.06.12 15:13:42.101,1.50535,1.50548,1.00,1.87
2017.06.12 15:13:42.752,1.50536,1.50548,1.00,1.75
2017.06.12 15:13:42.956,1.50537,1.50548,1.00,1.12
2017.06.12 15:13:45.426,1.50537,1.50549,1.00,1.87
2017.06.12 15:13:45.731,1.50535,1.50546,1.00,1.50
2017.06.12 15:13:45.833,1.50535,1.50546,1.00,1.50
2017.06.12 15:13:46.068,1.50535,1.50546,1.00,1.37
2017.06.12 15:13:48.013,1.50534,1.50546,1.00,1.37
2017.06.12 15:13:48.353,1.50536,1.50548,1.00,1.75
2017.06.12 15:13:48.455,1.50537,1.50548,1.00,1.50
2017.06.12 15:13:48.557,1.5054,1.50549,1.00,1.50
2017.06.12 15:13:48.609,1.50537,1.50549,1.00,1.12
2017.06.12 15:13:50.030,1.50538,1.50549,1.00,1.12
2017.06.12 15:13:50.629,1.50539,1.5055,1.00,1.00
2017.06.12 15:13:51.608,1.5054,1.5055,1.00,1.00
2017.06.12 15:13:52.128,1.50541,1.50552,1.00,2.25
2017.06.12 15:13:52.595,1.50539,1.5055,1.00,1.12
2017.06.12 15:13:52.902,1.50541,1.50551,1.00,1.12
2017.06.12 15:13:53.743,1.50542,1.50552,1.00,1.50
2017.06.12 15:13:53.794,1.50539,1.50552,1.00,1.87
2017.06.12 15:13:54.334,1.5054,1.50552,1.00,2.62
2017.06.12 15:13:54.989,1.50541,1.50552,1.00,2.62
2017.06.12 15:13:55.873,1.50543,1.50554,1.00,3.75
2017.06.12 15:13:55.975,1.50542,1.50554,1.00,2.25
2017.06.12 15:13:58.545,1.50541,1.50553,1.00,1.12
2017.06.12 15:14:01.037,1.50539,1.50551,1.00,1.00
2017.06.12 15:14:01.379,1.50538,1.50549,1.00,1.00
2017.06.12 15:14:04.300,1.50537,1.50549,1.00,1.00
2017.06.12 15:14:15.232,1.50537,1.5055,1.00,1.87
2017.06.12 15:14:17.614,1.50537,1.50549,1.00,1.00
2017.06.12 15:14:18.574,1.50537,1.50548,1.00,1.00
2017.06.12 15:14:19.138,1.50537,1.50549,1.00,1.00
2017.06.12 15:14:21.228,1.50537,1.50548,1.00,1.00
2017.06.12 15:14:21.750,1.50537,1.50549,1.00,1.00
2017.06.12 15:14:27.502,1.50538,1.50549,1.00,1.00
2017.06.12 15:14:28.055,1.50537,1.50549,1.00,1.00
2017.06.12 15:14:29.580,1.50537,1.5055,1.00,1.50
2017.06.12 15:14:29.918,1.50539,1.50551,1.00,1.50
2017.06.12 15:14:30.276,1.50542,1.50552,1.00,2.25
2017.06.12 15:14:30.543,1.50544,1.50556,1.00,2.62
2017.06.12 15:14:31.078,1.50544,1.50556,1.00,1.00
2017.06.12 15:14:34.064,1.50543,1.50556,1.00,1.12
2017.06.12 15:14:34.580,1.50542,1.50556,1.00,1.50
2017.06.12 15:14:37.603,1.50543,1.50556,1.00,1.50
2017.06.12 15:14:37.807,1.50542,1.50556,1.00,1.50
2017.06.12 15:14:39.863,1.50538,1.50552,1.00,1.12
2017.06.12 15:14:39.965,1.50537,1.50551,1.00,1.37
2017.06.12 15:14:42.436,1.50538,1.50551,1.00,1.87
2017.06.12 15:14:43.317,1.50537,1.50552,1.50,2.25
2017.06.12 15:14:43.623,1.50546,1.50554,1.00,1.50
2017.06.12 15:14:43.799,1.50546,1.50557,1.00,1.00
2017.06.12 15:14:44.511,1.50547,1.50558,1.00,1.50
2017.06.12 15:14:45.366,1.50548,1.50558,1.00,1.50
2017.06.12 15:14:45.828,1.50546,1.50558,1.00,1.50
2017.06.12 15:14:46.084,1.50548,1.5056,1.00,2.25
2017.06.12 15:14:46.186,1.50549,1.5056,1.00,1.12
2017.06.12 15:14:46.732,1.5055,1.5056,1.00,1.37
2017.06.12 15:14:46.936,1.50547,1.5056,1.00,1.37
2017.06.12 15:14:47.198,1.50547,1.50561,1.00,1.12
2017.06.12 15:14:47.802,1.50547,1.50561,1.00,1.37
2017.06.12 15:14:47.854,1.50551,1.50563,1.00,2.62
2017.06.12 15:14:48.366,1.50552,1.50563,1.00,1.50
2017.06.12 15:14:48.907,1.50552,1.50563,1.00,1.12
2017.06.12 15:14:50.273,1.50552,1.50564,1.00,1.12
2017.06.12 15:14:50.819,1.50553,1.50564,1.00,1.12
2017.06.12 15:14:51.325,1.50552,1.50564,1.00,1.12
2017.06.12 15:14:51.850,1.50553,1.50564,1.00,1.12
2017.06.12 15:14:52.877,1.50556,1.50566,1.00,2.25
2017.06.12 15:14:52.928,1.50553,1.50565,1.00,1.50
2017.06.12 15:14:53.453,1.50554,1.50565,1.00,1.50
2017.06.12 15:14:53.556,1.50551,1.50563,1.00,1.12
2017.06.12 15:14:53.710,1.50548,1.50562,1.00,2.25
2017.06.12 15:14:53.864,1.50546,1.50558,1.12,1.12
2017.06.12 15:14:54.427,1.50547,1.50558,1.00,1.00
2017.06.12 15:14:54.479,1.5055,1.50558,1.00,1.00
2017.06.12 15:14:54.632,1.5055,1.50562,1.00,2.25
2017.06.12 15:14:54.846,1.50549,1.5056,1.00,1.00
2017.06.12 15:14:55.428,1.50549,1.5056,1.00,1.50
2017.06.12 15:14:55.939,1.5055,1.5056,1.00,1.50
2017.06.12 15:14:56.552,1.50551,1.50561,1.00,1.75
2017.06.12 15:14:58.652,1.50552,1.50562,1.00,1.75
2017.06.12 15:14:58.805,1.50552,1.50563,1.00,1.12
2017.06.12 15:14:59.643,1.50555,1.50566,1.00,3.00
2017.06.12 15:14:59.848,1.50555,1.50566,1.00,2.25
2017.06.12 15:15:00.539,1.50556,1.50566,1.00,1.50
2017.06.12 15:15:00.921,1.50554,1.50568,1.00,1.75
2017.06.12 15:15:01.023,1.50555,1.50568,1.00,1.50
2017.06.12 15:15:01.126,1.50554,1.50563,1.00,1.00
2017.06.12 15:15:01.229,1.50552,1.50563,1.00,1.00
2017.06.12 15:15:01.899,1.5055,1.50563,1.00,1.12
2017.06.12 15:15:02.352,1.50553,1.50563,1.00,1.12
2017.06.12 15:15:02.557,1.50556,1.50567,1.00,1.12
2017.06.12 15:15:02.609,1.50554,1.50565,1.00,1.00
2017.06.12 15:15:02.827,1.50548,1.50563,1.00,1.00
2017.06.12 15:15:03.700,1.5055,1.50565,1.00,2.25
2017.06.12 15:15:04.354,1.50549,1.50564,1.00,1.00
2017.06.12 15:15:04.864,1.50548,1.50563,1.00,2.62
2017.06.12 15:15:05.616,1.50547,1.50562,1.00,1.00
2017.06.12 15:15:06.141,1.50548,1.50563,1.00,1.87
2017.06.12 15:15:06.706,1.50547,1.50562,1.37,1.00
2017.06.12 15:15:07.218,1.50547,1.50561,1.00,1.00
2017.06.12 15:15:07.719,1.50546,1.50561,1.12,1.50
2017.06.12 15:15:08.052,1.5054,1.50555,1.50,1.00
2017.06.12 15:15:08.358,1.5054,1.50553,1.00,1.00
2017.06.12 15:15:08.874,1.5054,1.50554,1.00,1.00
2017.06.12 15:15:09.862,1.5054,1.50555,1.00,1.50
2017.06.12 15:15:10.818,1.50539,1.50554,1.00,1.00
2017.06.12 15:15:11.853,1.50538,1.50553,1.00,1.00
2017.06.12 15:15:12.414,1.50538,1.50552,1.00,1.00
2017.06.12 15:15:12.920,1.50538,1.50553,1.50,1.12
2017.06.12 15:15:13.421,1.50538,1.50553,1.50,1.50
2017.06.12 15:15:15.307,1.5054,1.50553,1.00,1.50
2017.06.12 15:15:15.410,1.50542,1.50557,1.50,2.25
2017.06.12 15:15:15.614,1.50539,1.50554,1.87,1.00
2017.06.12 15:15:15.920,1.50541,1.50556,1.50,1.00
2017.06.12 15:15:16.709,1.50542,1.50557,1.00,2.25
2017.06.12 15:15:17.839,1.50543,1.50558,1.00,1.12
2017.06.12 15:15:19.078,1.50541,1.50556,1.00,1.00
2017.06.12 15:15:19.522,1.50544,1.50559,1.00,1.37
2017.06.12 15:15:19.574,1.50544,1.50559,1.00,1.00
2017.06.12 15:15:20.539,1.50545,1.5056,1.00,1.87
2017.06.12 15:15:21.982,1.50546,1.50561,1.00,3.00
2017.06.12 15:15:22.514,1.50545,1.5056,1.00,1.87
2017.06.12 15:15:23.060,1.50546,1.50559,1.00,1.00
2017.06.12 15:15:23.112,1.50544,1.50559,1.00,1.50
2017.06.12 15:15:26.818,1.50545,1.5056,1.00,3.00
2017.06.12 15:15:27.284,1.50545,1.50558,1.00,1.00
2017.06.12 15:15:27.488,1.50545,1.5056,1.00,1.50
2017.06.12 15:15:29.089,1.50544,1.50559,1.00,1.00
2017.06.12 15:15:29.618,1.50545,1.5056,1.00,3.00
2017.06.12 15:15:30.256,1.50544,1.50559,1.00,1.00
2017.06.12 15:15:31.529,1.50543,1.50558,1.00,1.00
2017.06.12 15:15:32.171,1.50542,1.50557,1.12,1.00
2017.06.12 15:15:32.533,1.50542,1.50559,1.12,1.50
2017.06.12 15:15:33.749,1.50544,1.50559,1.00,1.50
2017.06.12 15:15:39.001,1.50543,1.50558,1.00,1.00
2017.06.12 15:15:39.599,1.50542,1.50557,1.12,1.00
2017.06.12 15:15:40.460,1.5054,1.50555,1.12,1.00
2017.06.12 15:15:40.999,1.50539,1.50554,1.00,1.50
2017.06.12 15:15:41.306,1.50541,1.50556,1.00,1.50
2017.06.12 15:15:42.139,1.50542,1.50557,1.00,1.87
2017.06.12 15:15:43.538,1.5054,1.50556,1.00,1.00
2017.06.12 15:15:44.204,1.50547,1.50556,1.00,1.00
2017.06.12 15:15:44.357,1.50546,1.50559,1.00,1.00
2017.06.12 15:15:44.459,1.50546,1.50561,1.00,1.00
2017.06.12 15:15:45.173,1.50545,1.5056,1.12,1.00
2017.06.12 15:15:45.713,1.50546,1.50561,1.00,1.87
2017.06.12 15:15:45.765,1.50548,1.50563,1.00,1.50
2017.06.12 15:15:46.224,1.50545,1.50562,1.50,1.00
2017.06.12 15:15:46.580,1.50545,1.5056,1.50,1.00
2017.06.12 15:15:47.051,1.50547,1.50562,1.00,1.50
2017.06.12 15:15:47.441,1.50551,1.50564,1.00,1.00
2017.06.12 15:15:47.544,1.50551,1.50567,1.00,1.50
2017.06.12 15:15:47.748,1.50548,1.50563,1.37,1.00
2017.06.12 15:15:47.850,1.50548,1.50563,1.00,1.87
2017.06.12 15:15:47.902,1.50545,1.50561,1.50,1.50
2017.06.12 15:15:48.450,1.50545,1.50561,1.12,1.50
2017.06.12 15:15:49.286,1.50545,1.5056,1.12,1.00
2017.06.12 15:15:49.805,1.50544,1.50559,2.25,1.00
2017.06.12 15:15:50.222,1.50544,1.50561,2.25,1.00
2017.06.12 15:15:50.324,1.50544,1.50559,2.25,1.00
2017.06.12 15:15:50.631,1.50542,1.50557,1.75,1.50
2017.06.12 15:15:50.807,1.50542,1.50557,1.50,1.50
2017.06.12 15:15:51.034,1.50538,1.50553,3.00,1.00
2017.06.12 15:15:51.239,1.50539,1.50556,1.00,3.00
2017.06.12 15:15:51.770,1.50539,1.50553,1.00,1.00
2017.06.12 15:15:52.078,1.50541,1.50555,1.00,1.12
2017.06.12 15:15:52.607,1.5054,1.50555,1.12,1.00
2017.06.12 15:15:53.374,1.5054,1.50556,1.00,1.00
2017.06.12 15:15:54.158,1.5054,1.50555,1.00,1.00
2017.06.12 15:15:55.683,1.50541,1.50555,1.00,1.00
2017.06.12 15:15:55.998,1.50545,1.5056,1.00,1.87
2017.06.12 15:15:56.050,1.50547,1.50561,1.00,1.12
2017.06.12 15:15:56.562,1.50548,1.50562,1.00,1.12
2017.06.12 15:16:00.382,1.50547,1.50561,1.00,1.00
2017.06.12 15:16:00.905,1.50547,1.50562,1.00,1.50
2017.06.12 15:16:01.518,1.50547,1.50562,1.50,1.50
2017.06.12 15:16:01.826,1.5055,1.50563,1.00,1.00
2017.06.12 15:16:02.596,1.50549,1.50563,1.00,1.00
2017.06.12 15:16:03.141,1.5055,1.50563,1.00,1.00
2017.06.12 15:16:03.679,1.50549,1.50563,1.00,1.00
2017.06.12 15:16:04.464,1.50548,1.50563,1.00,1.00
2017.06.12 15:16:04.809,1.50547,1.50561,1.00,1.00
2017.06.12 15:16:04.962,1.50547,1.50563,1.00,1.50
2017.06.12 15:16:05.116,1.50545,1.50562,2.25,1.50
2017.06.12 15:16:05.371,1.50545,1.50557,1.00,1.50
2017.06.12 15:16:05.575,1.50543,1.50558,1.00,1.50
2017.06.12 15:16:06.084,1.50543,1.50557,1.00,1.00
2017.06.12 15:16:06.601,1.50542,1.50557,1.00,1.50
2017.06.12 15:16:06.840,1.50544,1.50557,1.00,1.50
2017.06.12 15:16:07.096,1.50554,1.5057,1.00,1.75
2017.06.12 15:16:07.147,1.50556,1.5057,1.00,1.75
2017.06.12 15:16:07.198,1.50556,1.5057,1.00,1.00
2017.06.12 15:16:07.250,1.50561,1.50575,1.00,2.25
2017.06.12 15:16:07.354,1.50557,1.50572,1.50,2.25
2017.06.12 15:16:07.898,1.5056,1.50575,1.00,1.00
2017.06.12 15:16:08.103,1.50563,1.50577,1.00,1.50
2017.06.12 15:16:08.713,1.50562,1.50578,1.50,1.00
2017.06.12 15:16:09.020,1.50563,1.50578,1.50,1.00
2017.06.12 15:16:09.543,1.50563,1.50579,2.25,1.50
2017.06.12 15:16:10.074,1.50565,1.50579,1.00,1.00
2017.06.12 15:16:11.038,1.50563,1.50577,2.25,1.00
2017.06.12 15:16:11.550,1.50564,1.50578,1.12,1.00
2017.06.12 15:16:12.095,1.50564,1.50579,1.00,1.00
2017.06.12 15:16:12.400,1.50568,1.50583,1.00,1.00
2017.06.12 15:16:12.772,1.50564,1.50581,1.98,1.00
2017.06.12 15:16:13.260,1.50569,1.50587,1.27,3.00
2017.06.12 15:16:13.414,1.50569,1.50587,2.45,1.00
2017.06.12 15:16:13.516,1.50569,1.50587,3.20,1.00
2017.06.12 15:16:13.619,1.50569,1.50587,3.20,1.00
2017.06.12 15:16:15.443,1.5057,1.50585,1.75,1.00
2017.06.12 15:16:15.907,1.5057,1.50585,1.12,1.00
2017.06.12 15:16:16.487,1.5057,1.50586,1.12,1.00
2017.06.12 15:16:17.735,1.5057,1.50584,1.12,1.00
2017.06.12 15:16:18.741,1.50568,1.50582,1.75,1.00
2017.06.12 15:16:18.994,1.50569,1.50584,1.75,1.50
2017.06.12 15:16:19.865,1.5057,1.50585,1.50,1.50
2017.06.12 15:16:20.885,1.50571,1.50586,1.12,1.50
2017.06.12 15:16:20.995,1.50576,1.50588,1.00,1.00
2017.06.12 15:16:21.202,1.50578,1.50593,1.00,1.87
2017.06.12 15:16:21.801,1.50578,1.50592,1.00,1.00
2017.06.12 15:16:22.312,1.50577,1.50592,1.00,1.50
2017.06.12 15:16:23.132,1.50575,1.50591,1.12,1.00
2017.06.12 15:16:23.480,1.50577,1.50592,1.00,1.50
2017.06.12 15:16:23.786,1.5058,1.50595,1.12,1.50
2017.06.12 15:16:24.744,1.50578,1.50593,1.75,1.00
2017.06.12 15:16:24.948,1.5058,1.50595,1.00,1.50
2017.06.12 15:16:25.130,1.5058,1.50595,1.75,1.00
2017.06.12 15:16:25.232,1.5058,1.50595,1.12,1.00
2017.06.12 15:16:25.284,1.50577,1.50592,2.62,1.00
2017.06.12 15:16:25.335,1.5058,1.50594,1.12,1.00
2017.06.12 15:16:25.387,1.50582,1.50595,1.00,1.00
2017.06.12 15:16:25.644,1.50579,1.50596,1.12,1.50
2017.06.12 15:16:25.747,1.50579,1.50593,1.00,1.00
2017.06.12 15:16:26.975,1.50577,1.50592,1.75,1.00
2017.06.12 15:16:27.292,1.50576,1.5059,1.75,1.00
2017.06.12 15:16:27.445,1.50573,1.50588,3.00,1.50
2017.06.12 15:16:27.991,1.50572,1.50587,1.75,1.00
2017.06.12 15:16:28.508,1.50572,1.50586,1.75,1.00
2017.06.12 15:16:29.017,1.5057,1.50585,2.25,1.00
2017.06.12 15:16:29.546,1.5057,1.50583,1.75,1.00
2017.06.12 15:16:29.651,1.50568,1.50582,1.75,1.00
2017.06.12 15:16:29.804,1.50569,1.50584,1.50,1.50
2017.06.12 15:16:29.908,1.50569,1.50584,2.25,1.00
2017.06.12 15:16:30.430,1.50571,1.50585,1.75,1.00
2017.06.12 15:16:30.785,1.50572,1.50587,1.50,1.50
2017.06.12 15:16:30.837,1.50572,1.50585,1.50,1.00
2017.06.12 15:16:31.346,1.50571,1.50584,1.75,1.00
2017.06.12 15:16:31.851,1.50572,1.50586,1.00,1.00
2017.06.12 15:16:33.184,1.5057,1.50584,1.75,1.00
2017.06.12 15:16:33.391,1.50571,1.50586,1.00,1.87
2017.06.12 15:16:33.442,1.50573,1.50587,1.00,1.00
2017.06.12 15:16:33.596,1.50575,1.5059,1.00,1.87
2017.06.12 15:16:33.648,1.50577,1.50589,1.00,1.00
2017.06.12 15:16:33.699,1.50577,1.50592,1.12,1.00
2017.06.12 15:16:34.242,1.50577,1.50591,1.00,1.00
2017.06.12 15:16:34.773,1.50576,1.50591,1.12,1.50
2017.06.12 15:16:35.276,1.50575,1.50588,1.50,1.00
2017.06.12 15:16:35.813,1.50575,1.50588,1.00,1.00
2017.06.12 15:16:36.357,1.50576,1.50589,1.00,1.00
2017.06.12 15:16:36.867,1.50575,1.50589,1.12,1.00
2017.06.12 15:16:37.420,1.50575,1.5059,1.12,1.00
2017.06.12 15:16:37.728,1.50579,1.50593,1.12,1.00
2017.06.12 15:16:38.303,1.50579,1.50594,1.87,1.00
2017.06.12 15:16:39.219,1.5058,1.50595,1.00,1.00
2017.06.12 15:16:40.641,1.5058,1.50596,1.00,1.00
2017.06.12 15:16:41.971,1.50582,1.50596,1.00,1.00
2017.06.12 15:16:42.799,1.50581,1.50596,1.00,1.50
2017.06.12 15:16:45.398,1.50581,1.50595,1.00,1.00
2017.06.12 15:16:45.920,1.50581,1.50596,1.12,1.50
2017.06.12 15:16:46.445,1.5058,1.50595,1.00,1.50
2017.06.12 15:16:46.842,1.50577,1.5059,2.25,1.00
2017.06.12 15:16:47.386,1.50574,1.50589,1.50,1.50
2017.06.12 15:16:48.040,1.50575,1.50588,1.37,1.00
2017.06.12 15:16:49.190,1.50574,1.50588,1.00,1.00
2017.06.12 15:16:49.456,1.50571,1.50584,1.75,1.00
2017.06.12 15:16:49.508,1.50571,1.50586,1.75,1.50
2017.06.12 15:16:49.560,1.50571,1.50586,1.00,1.50
2017.06.12 15:16:49.611,1.50571,1.50584,1.00,1.00
2017.06.12 15:16:49.663,1.50569,1.50584,1.00,1.50
2017.06.12 15:16:49.766,1.50567,1.50582,2.25,1.50
2017.06.12 15:16:50.274,1.50567,1.50582,1.00,1.00
2017.06.12 15:16:50.805,1.50568,1.50583,1.00,1.00
2017.06.12 15:16:51.213,1.50571,1.50585,1.00,1.00
2017.06.12 15:16:51.559,1.50574,1.50586,1.00,1.00
2017.06.12 15:16:52.224,1.50574,1.50587,1.00,1.00
2017.06.12 15:16:52.327,1.50574,1.50589,1.00,1.12
2017.06.12 15:16:52.378,1.50577,1.50592,1.00,2.25
2017.06.12 15:16:52.896,1.50578,1.50591,1.00,1.00
2017.06.12 15:16:53.767,1.50578,1.50592,1.00,1.00
2017.06.12 15:16:54.074,1.5058,1.50594,1.00,1.00
2017.06.12 15:16:54.125,1.50578,1.50593,1.00,1.50
2017.06.12 15:16:54.699,1.50579,1.50593,1.00,1.12
2017.06.12 15:16:55.555,1.50579,1.50592,1.00,1.00
2017.06.12 15:16:56.087,1.50579,1.50593,1.00,1.00
2017.06.12 15:16:56.548,1.50581,1.50594,1.00,1.00
2017.06.12 15:16:57.065,1.50581,1.50593,1.00,1.00
2017.06.12 15:16:57.802,1.50582,1.50593,1.00,1.00
2017.06.12 15:16:58.303,1.50582,1.50594,1.00,1.00
2017.06.12 15:16:58.559,1.50582,1.50596,1.00,1.12
2017.06.12 15:17:01.647,1.5058,1.50596,1.37,1.12
2017.06.12 15:17:02.157,1.50582,1.50595,1.00,1.00
2017.06.12 15:17:02.817,1.50581,1.50595,1.00,1.00
2017.06.12 15:17:03.276,1.50579,1.50592,1.87,1.00
2017.06.12 15:17:03.379,1.50579,1.50594,1.12,1.50
2017.06.12 15:17:03.900,1.5058,1.50594,1.00,1.00
2017.06.12 15:17:04.105,1.50582,1.50596,1.12,1.12
2017.06.12 15:17:04.646,1.50583,1.50597,1.12,1.00
2017.06.12 15:17:09.386,1.50582,1.50597,1.12,1.12
2017.06.12 15:17:09.934,1.50581,1.50596,1.00,1.50
2017.06.12 15:17:10.492,1.50582,1.50596,1.00,1.00
2017.06.12 15:17:11.142,1.50582,1.50597,1.00,1.87
2017.06.12 15:17:11.791,1.50583,1.50598,1.00,2.25
2017.06.12 15:17:12.570,1.50583,1.50596,1.00,1.00
2017.06.12 15:17:13.081,1.50583,1.50598,1.00,3.00
2017.06.12 15:17:13.235,1.50579,1.50594,1.12,1.50
2017.06.12 15:17:13.287,1.50576,1.50591,2.25,1.50
2017.06.12 15:17:13.625,1.50574,1.50589,1.00,1.12
2017.06.12 15:17:15.461,1.50573,1.50588,1.00,1.00
2017.06.12 15:17:15.800,1.50571,1.50586,1.87,1.50
2017.06.12 15:17:16.115,1.50566,1.50582,1.00,1.37
2017.06.12 15:17:16.842,1.50568,1.50583,1.00,2.62
2017.06.12 15:17:17.049,1.50568,1.50583,1.00,1.12
2017.06.12 15:17:17.395,1.50568,1.50581,1.00,1.00
2017.06.12 15:17:17.896,1.50568,1.50582,1.00,1.00
2017.06.12 15:17:18.232,1.50566,1.50582,1.00,1.00
2017.06.12 15:17:18.740,1.50566,1.50581,1.00,2.25
2017.06.12 15:17:19.267,1.50567,1.5058,1.00,1.12
2017.06.12 15:17:19.422,1.50563,1.50578,1.37,1.50
2017.06.12 15:17:20.823,1.50565,1.5058,1.00,2.25
2017.06.12 15:17:21.079,1.50564,1.50577,1.12,1.00
2017.06.12 15:17:21.346,1.50559,1.50574,1.50,1.00
2017.06.12 15:17:21.879,1.50561,1.50576,1.12,1.50
2017.06.12 15:17:22.953,1.50561,1.50576,1.37,1.00
2017.06.12 15:17:24.362,1.50561,1.50576,1.00,1.00
2017.06.12 15:17:24.958,1.50561,1.50575,1.00,1.00
2017.06.12 15:17:25.135,1.50558,1.50571,1.87,1.00
2017.06.12 15:17:25.476,1.5056,1.50574,1.00,1.12
2017.06.12 15:17:25.579,1.50562,1.50574,1.00,1.00
2017.06.12 15:17:25.732,1.50563,1.50577,1.00,1.00
2017.06.12 15:17:26.295,1.50562,1.50577,1.87,1.00
2017.06.12 15:17:26.816,1.50563,1.50578,1.87,1.50
2017.06.12 15:17:29.121,1.50566,1.50578,1.00,1.50
2017.06.12 15:17:31.658,1.50567,1.50579,1.00,1.50
2017.06.12 15:17:31.963,1.50572,1.5058,1.00,1.00
2017.06.12 15:17:32.326,1.50573,1.50583,1.00,1.00
2017.06.12 15:17:33.421,1.50573,1.50584,1.00,1.00
2017.06.12 15:17:34.379,1.50573,1.50585,1.00,1.87
2017.06.12 15:17:34.709,1.50571,1.50584,1.00,1.00
2017.06.12 15:17:34.760,1.50573,1.50584,1.00,1.00
2017.06.12 15:17:35.652,1.50572,1.50584,1.00,1.00
2017.06.12 15:17:36.000,1.50577,1.5059,1.00,1.75
2017.06.12 15:17:36.052,1.50577,1.50591,1.00,1.50
2017.06.12 15:17:36.105,1.5058,1.50591,1.00,1.50
2017.06.12 15:17:36.208,1.50577,1.5059,1.00,1.00
2017.06.12 15:17:36.259,1.50576,1.50588,1.12,1.00
2017.06.12 15:17:36.772,1.50575,1.50589,1.00,1.00
2017.06.12 15:17:37.078,1.50575,1.50586,1.00,1.00
2017.06.12 15:17:37.386,1.50577,1.50588,1.00,1.00
2017.06.12 15:17:37.700,1.50575,1.50585,1.00,1.00
2017.06.12 15:17:37.904,1.50575,1.50587,1.00,1.00
2017.06.12 15:17:38.057,1.50576,1.50589,1.00,1.00
2017.06.12 15:17:38.210,1.50578,1.50589,1.00,1.00
2017.06.12 15:17:38.828,1.50577,1.50589,1.00,1.00
2017.06.12 15:17:40.808,1.50579,1.5059,1.00,1.00
2017.06.12 15:17:41.012,1.5058,1.50593,1.00,2.62
2017.06.12 15:17:41.063,1.50579,1.5059,1.00,1.00
2017.06.12 15:17:41.974,1.50579,1.50591,1.00,1.00
2017.06.12 15:17:42.476,1.5058,1.50591,1.00,1.00
2017.06.12 15:17:42.928,1.50577,1.5059,1.00,1.00
2017.06.12 15:17:43.199,1.50577,1.50588,1.00,1.00
2017.06.12 15:17:43.505,1.50571,1.50584,1.12,1.00
2017.06.12 15:17:44.204,1.50569,1.50584,1.00,1.00
2017.06.12 15:17:44.528,1.50571,1.50583,1.00,1.00
2017.06.12 15:17:44.997,1.50571,1.50586,1.00,1.50
2017.06.12 15:17:45.511,1.50571,1.50585,1.50,1.00
2017.06.12 15:17:46.086,1.50572,1.50585,1.50,1.00
2017.06.12 15:17:46.630,1.50573,1.50586,1.00,1.00
2017.06.12 15:17:46.681,1.50575,1.50586,1.00,1.00
2017.06.12 15:17:47.217,1.50576,1.50586,1.00,1.00
2017.06.12 15:17:47.801,1.50577,1.50586,1.00,1.00
2017.06.12 15:17:48.979,1.50576,1.50586,1.00,1.00
2017.06.12 15:17:49.735,1.50576,1.50588,1.00,1.50
2017.06.12 15:17:50.425,1.50576,1.50587,1.00,1.00
2017.06.12 15:17:51.963,1.50576,1.50588,1.00,1.00
2017.06.12 15:17:52.704,1.50576,1.50587,1.00,1.00
2017.06.12 15:17:55.540,1.50576,1.50588,1.00,1.00
2017.06.12 15:17:55.837,1.50578,1.50589,1.00,1.00
2017.06.12 15:17:55.889,1.50578,1.50591,1.00,1.00
2017.06.12 15:17:57.096,1.50578,1.5059,1.00,1.00
2017.06.12 15:17:57.147,1.50577,1.50588,1.00,1.00
2017.06.12 15:17:57.455,1.50569,1.50582,1.37,1.00
2017.06.12 15:17:57.507,1.50567,1.50582,1.87,1.00
2017.06.12 15:17:57.816,1.50569,1.50582,1.00,1.00
2017.06.12 15:17:57.924,1.50567,1.50582,1.87,1.00
2017.06.12 15:17:58.181,1.5057,1.50582,1.00,1.00
2017.06.12 15:17:58.700,1.5057,1.50581,1.00,1.00
2017.06.12 15:17:59.235,1.50569,1.50581,1.00,1.00
2017.06.12 15:17:59.746,1.50569,1.50582,1.00,1.00
2017.06.12 15:18:00.686,1.50571,1.50582,1.00,1.00
2017.06.12 15:18:01.210,1.50571,1.50583,1.00,1.50
2017.06.12 15:18:01.728,1.50572,1.50582,1.12,1.00
2017.06.12 15:18:01.780,1.50572,1.50585,1.12,1.00
2017.06.12 15:18:02.290,1.50572,1.50586,1.50,1.00
2017.06.12 15:18:03.104,1.50573,1.50587,1.00,1.50
2017.06.12 15:18:03.308,1.50573,1.50585,1.00,1.00
2017.06.12 15:18:03.903,1.50573,1.50586,1.00,1.00
2017.06.12 15:18:05.822,1.50571,1.50586,1.87,1.00
2017.06.12 15:18:07.045,1.50571,1.50585,1.12,1.50
2017.06.12 15:18:07.097,1.5057,1.50582,1.00,1.00
2017.06.12 15:18:07.403,1.50568,1.50583,1.12,1.50
2017.06.12 15:18:07.764,1.50568,1.50581,1.50,1.00
2017.06.12 15:18:08.282,1.50565,1.50581,3.00,1.00
2017.06.12 15:18:08.708,1.50565,1.50579,1.50,1.00
2017.06.12 15:18:09.835,1.50565,1.5058,1.50,1.00
2017.06.12 15:18:10.476,1.50564,1.50579,1.75,1.00
2017.06.12 15:18:12.258,1.50564,1.50578,2.25,1.00
2017.06.12 15:18:12.573,1.50561,1.50574,1.37,1.00
2017.06.12 15:18:12.624,1.50561,1.50574,1.12,1.00
2017.06.12 15:18:13.640,1.50561,1.50575,1.12,1.00
2017.06.12 15:18:13.793,1.5056,1.50573,1.50,1.00
2017.06.12 15:18:13.909,1.50559,1.50573,1.12,1.00
2017.06.12 15:18:14.115,1.50558,1.50571,1.50,1.00
2017.06.12 15:18:14.269,1.50558,1.50573,1.50,1.00
2017.06.12 15:18:15.193,1.50557,1.50572,3.00,1.00
2017.06.12 15:18:15.449,1.5056,1.50574,1.00,1.00
2017.06.12 15:18:15.501,1.5056,1.50574,1.37,1.00
2017.06.12 15:18:15.705,1.50559,1.50573,1.50,1.00
2017.06.12 15:18:16.221,1.50559,1.50572,1.50,1.00
2017.06.12 15:18:17.159,1.50557,1.50571,2.25,1.00
2017.06.12 15:18:17.714,1.50557,1.50572,2.25,1.00
2017.06.12 15:18:18.475,1.50559,1.50574,1.87,1.50
2017.06.12 15:18:18.526,1.50559,1.50574,2.62,1.00
2017.06.12 15:18:18.848,1.50562,1.50576,1.12,1.00
2017.06.12 15:18:19.001,1.50564,1.50579,1.00,1.50
2017.06.12 15:18:19.052,1.50567,1.50578,1.00,1.00
2017.06.12 15:18:19.308,1.50567,1.50581,1.00,1.00
2017.06.12 15:18:20.798,1.50567,1.50582,1.00,1.50
2017.06.12 15:18:20.951,1.50567,1.5058,1.00,1.00
2017.06.12 15:18:21.921,1.50567,1.50581,1.00,1.00
2017.06.12 15:18:22.427,1.50566,1.50581,1.00,1.00
2017.06.12 15:18:22.949,1.50566,1.5058,1.00,1.00
2017.06.12 15:18:23.357,1.50567,1.50582,1.00,1.12
2017.06.12 15:18:23.729,1.50567,1.50579,1.00,1.00
2017.06.12 15:18:23.983,1.50565,1.50579,1.00,1.87
2017.06.12 15:18:24.035,1.50565,1.50578,1.00,1.75
2017.06.12 15:18:24.137,1.50565,1.50578,1.00,1.00
2017.06.12 15:18:24.188,1.50567,1.50578,1.00,1.00
2017.06.12 15:18:24.240,1.50566,1.5058,1.00,1.87
2017.06.12 15:18:24.547,1.50568,1.5058,1.00,1.00
2017.06.12 15:18:25.110,1.50566,1.5058,1.12,1.00
2017.06.12 15:18:25.313,1.50567,1.50578,1.00,1.00
2017.06.12 15:18:25.466,1.50568,1.5058,1.00,1.00
2017.06.12 15:18:26.256,1.50569,1.5058,1.00,1.00
2017.06.12 15:18:26.502,1.50565,1.50581,1.95,1.00
2017.06.12 15:18:26.706,1.50567,1.50584,1.00,1.87
2017.06.12 15:18:27.218,1.50568,1.50584,1.57,1.87
2017.06.12 15:18:27.850,1.50569,1.50585,1.00,1.50
2017.06.12 15:18:29.017,1.50567,1.50584,1.57,1.12
2017.06.12 15:18:30.203,1.50566,1.50583,1.20,1.00
2017.06.12 15:18:30.523,1.50566,1.50581,1.20,1.00
2017.06.12 15:18:30.829,1.50562,1.50577,1.12,1.00
2017.06.12 15:18:31.340,1.50561,1.50578,1.57,1.50
2017.06.12 15:18:31.919,1.50561,1.5058,2.70,2.62
2017.06.12 15:18:32.666,1.50561,1.5058,3.45,2.25
2017.06.12 15:18:33.095,1.50565,1.5058,1.00,1.12
2017.06.12 15:18:33.352,1.50565,1.50582,1.20,1.50
2017.06.12 15:18:33.835,1.50568,1.50583,1.10,1.00
2017.06.12 15:18:34.370,1.50568,1.50583,1.20,1.00
2017.06.12 15:18:34.978,1.50568,1.50585,1.20,2.25
2017.06.12 15:18:35.502,1.50568,1.50585,1.10,2.25
2017.06.12 15:18:36.020,1.50567,1.5058,1.10,1.00
2017.06.12 15:18:36.123,1.50568,1.50582,1.10,1.00
2017.06.12 15:18:36.430,1.50565,1.50579,1.57,1.00
2017.06.12 15:18:36.810,1.50563,1.50578,1.57,1.00
2017.06.12 15:18:37.217,1.50564,1.5058,1.10,1.50
2017.06.12 15:18:37.421,1.50565,1.50582,1.20,3.00
2017.06.12 15:18:38.433,1.50564,1.5058,1.95,1.00
2017.06.12 15:18:38.942,1.50565,1.5058,1.50,1.00
2017.06.12 15:18:40.580,1.50562,1.50577,1.20,1.00
2017.06.12 15:18:41.086,1.50561,1.50574,1.00,1.00
2017.06.12 15:18:41.139,1.50563,1.50577,1.00,1.00
2017.06.12 15:18:41.318,1.50563,1.50579,1.57,1.00
2017.06.12 15:18:41.828,1.50563,1.50579,1.50,1.00
2017.06.12 15:18:42.926,1.50563,1.50578,1.00,1.00
2017.06.12 15:18:43.334,1.50563,1.50574,1.00,1.00
2017.06.12 15:18:43.488,1.5056,1.50572,1.00,1.00
2017.06.12 15:18:43.868,1.5056,1.50574,1.00,1.00
2017.06.12 15:18:44.351,1.50559,1.50576,2.70,1.50
2017.06.12 15:18:45.008,1.5056,1.50577,2.70,1.50
2017.06.12 15:18:45.386,1.50561,1.50575,1.20,1.00
2017.06.12 15:18:45.796,1.50563,1.50577,1.00,1.00
2017.06.12 15:18:46.104,1.50563,1.50576,1.20,1.00
2017.06.12 15:18:46.297,1.5056,1.50575,1.45,1.00
2017.06.12 15:18:48.003,1.5056,1.50574,1.45,1.00
2017.06.12 15:18:48.463,1.5056,1.50576,1.95,1.00
2017.06.12 15:18:49.420,1.5056,1.50575,1.50,1.00
2017.06.12 15:18:49.472,1.50559,1.5057,1.85,1.00
2017.06.12 15:18:49.626,1.50555,1.50571,1.95,1.00
2017.06.12 15:18:50.123,1.50557,1.50574,1.00,1.87
2017.06.12 15:18:50.175,1.50559,1.50574,1.00,1.12
2017.06.12 15:18:50.430,1.50559,1.50576,1.57,1.50
2017.06.12 15:18:50.533,1.50562,1.50578,1.00,1.12
2017.06.12 15:18:51.048,1.50563,1.5058,1.10,1.00
2017.06.12 15:18:52.467,1.50564,1.50581,1.00,2.25
2017.06.12 15:18:54.288,1.50566,1.50581,1.00,1.50
2017.06.12 15:18:54.747,1.50564,1.50581,1.00,1.50
2017.06.12 15:18:56.294,1.50562,1.50579,1.95,1.00
2017.06.12 15:18:56.550,1.50559,1.50574,2.32,1.00
2017.06.12 15:18:56.736,1.50556,1.50573,1.50,1.50
2017.06.12 15:18:57.339,1.50556,1.50572,1.00,1.12
2017.06.12 15:18:57.980,1.50555,1.5057,1.00,1.00
2017.06.12 15:18:58.513,1.50554,1.50571,1.12,1.50
2017.06.12 15:18:58.851,1.50554,1.5057,1.00,1.75
2017.06.12 15:19:00.135,1.50555,1.5057,1.00,1.75
2017.06.12 15:19:00.237,1.50555,1.50571,1.00,1.12
2017.06.12 15:19:00.391,1.50556,1.50573,1.12,2.25
2017.06.12 15:19:00.920,1.50557,1.50574,1.00,3.37
2017.06.12 15:19:01.026,1.50557,1.50572,1.00,1.00
2017.06.12 15:19:01.606,1.50557,1.50571,1.00,1.00
2017.06.12 15:19:01.968,1.50561,1.50573,1.00,1.00
2017.06.12 15:19:02.226,1.50558,1.50571,1.00,1.00
2017.06.12 15:19:02.278,1.50563,1.50574,1.00,3.00
2017.06.12 15:19:02.687,1.50566,1.50574,1.00,1.37
2017.06.12 15:19:03.238,1.50567,1.50574,1.00,1.00
2017.06.12 15:19:04.297,1.50569,1.50574,1.00,1.00
2017.06.12 15:19:04.815,1.5057,1.50574,1.00,1.00
2017.06.12 15:19:05.381,1.50572,1.50576,1.00,1.50
2017.06.12 15:19:07.141,1.50571,1.50575,1.00,1.00
2017.06.12 15:19:10.061,1.5057,1.50575,1.00,1.00
2017.06.12 15:19:10.113,1.50571,1.50575,1.00,1.00
2017.06.12 15:19:10.855,1.5057,1.50575,1.00,1.00
2017.06.12 15:19:11.008,1.50571,1.50575,1.00,1.00
2017.06.12 15:19:15.948,1.5057,1.50574,1.00,1.00
2017.06.12 15:19:17.579,1.5057,1.50578,1.00,1.00
2017.06.12 15:19:17.690,1.5057,1.50582,1.00,1.00
2017.06.12 15:19:18.226,1.50571,1.50582,1.00,1.00
2017.06.12 15:19:18.737,1.50572,1.50583,1.00,1.00
2017.06.12 15:19:20.110,1.50573,1.50583,1.00,1.00
2017.06.12 15:19:20.162,1.50576,1.50586,1.00,1.50
2017.06.12 15:19:20.316,1.50573,1.50584,1.37,1.00
2017.06.12 15:19:20.368,1.50572,1.50582,1.75,1.00
2017.06.12 15:19:20.471,1.50572,1.50582,1.00,1.00
2017.06.12 15:19:20.931,1.5057,1.50582,1.00,1.00
2017.06.12 15:19:21.238,1.50573,1.50584,1.00,1.00
2017.06.12 15:19:21.544,1.5058,1.5059,1.00,1.37
2017.06.12 15:19:21.595,1.5058,1.5059,1.00,1.00
2017.06.12 15:19:22.116,1.50573,1.50584,1.37,1.00
2017.06.12 15:19:22.219,1.50574,1.50586,1.00,1.00
2017.06.12 15:19:22.270,1.50576,1.50588,1.00,1.00
2017.06.12 15:19:22.577,1.50578,1.50589,1.00,1.00
2017.06.12 15:19:22.780,1.50575,1.5059,1.00,1.50
2017.06.12 15:19:22.832,1.50577,1.50588,1.00,1.00
2017.06.12 15:19:23.345,1.50576,1.50588,1.00,1.00
2017.06.12 15:19:23.673,1.50581,1.50591,1.00,1.87
2017.06.12 15:19:23.984,1.50582,1.50594,1.00,1.50
2017.06.12 15:19:24.494,1.50583,1.50594,1.00,1.50
2017.06.12 15:19:25.000,1.50583,1.50596,1.00,1.50
2017.06.12 15:19:25.608,1.50584,1.50596,1.00,1.50
2017.06.12 15:19:26.185,1.50583,1.50596,1.00,2.25
2017.06.12 15:19:27.263,1.50579,1.50596,1.50,1.50
2017.06.12 15:19:27.468,1.50581,1.50598,1.50,2.25
2017.06.12 15:19:27.724,1.50582,1.50599,1.50,1.12
2017.06.12 15:19:27.981,1.50584,1.50599,1.00,1.00
2017.06.12 15:19:28.492,1.50582,1.50599,3.00,1.00
2017.06.12 15:19:29.025,1.50583,1.506,1.87,1.00
2017.06.12 15:19:29.528,1.50583,1.50599,1.12,1.00
2017.06.12 15:19:29.847,1.50586,1.50601,1.00,1.87
2017.06.12 15:19:30.257,1.50584,1.50598,1.75,1.50
2017.06.12 15:19:30.594,1.50571,1.50584,1.37,1.12
2017.06.12 15:19:30.646,1.50571,1.50584,1.00,1.37
2017.06.12 15:19:30.850,1.50569,1.50584,1.12,2.25
2017.06.12 15:19:31.270,1.50569,1.50582,1.00,1.00
2017.06.12 15:19:31.781,1.50568,1.50583,1.57,1.00
2017.06.12 15:19:32.087,1.50575,1.50583,1.00,1.00
2017.06.12 15:19:32.182,1.50573,1.50588,1.50,1.87
2017.06.12 15:19:32.336,1.50573,1.50588,1.75,1.00
2017.06.12 15:19:32.745,1.50573,1.50588,1.12,1.50
2017.06.12 15:19:32.950,1.50573,1.5059,1.87,1.00
2017.06.12 15:19:33.453,1.50573,1.50589,1.12,1.00
2017.06.12 15:19:33.760,1.50578,1.5059,1.00,1.00
2017.06.12 15:19:34.016,1.50576,1.50592,1.75,1.00
2017.06.12 15:19:34.348,1.5058,1.50592,1.00,1.00
2017.06.12 15:19:34.902,1.50581,1.50592,1.12,1.00
2017.06.12 15:19:35.311,1.50581,1.50594,1.12,1.00
2017.06.12 15:19:35.959,1.50584,1.50595,1.00,1.00
2017.06.12 15:19:36.115,1.50586,1.50599,1.00,1.12
2017.06.12 15:19:36.166,1.50582,1.50597,1.00,1.00
2017.06.12 15:19:36.218,1.50581,1.50597,2.25,1.00
2017.06.12 15:19:36.425,1.50581,1.50595,1.00,1.00
2017.06.12 15:19:38.743,1.50581,1.50592,1.00,1.00
2017.06.12 15:19:38.847,1.50576,1.50592,1.00,2.25
2017.06.12 15:19:38.900,1.50578,1.50592,1.00,1.87
2017.06.12 15:19:39.320,1.50574,1.50587,1.37,1.00
2017.06.12 15:19:39.575,1.50568,1.50583,1.75,1.00
2017.06.12 15:19:39.778,1.50568,1.50583,1.12,1.00
2017.06.12 15:19:40.199,1.5057,1.50583,1.00,1.00
2017.06.12 15:19:40.505,1.50564,1.5058,1.37,1.00
2017.06.12 15:19:40.556,1.50562,1.5058,1.12,1.12
2017.06.12 15:19:40.607,1.50564,1.5058,1.00,1.87
2017.06.12 15:19:41.146,1.50563,1.50579,1.00,1.00
2017.06.12 15:19:41.506,1.50561,1.50577,1.57,1.00
2017.06.12 15:19:41.813,1.50558,1.50575,2.62,1.00
2017.06.12 15:19:42.316,1.5056,1.50576,1.50,1.00
2017.06.12 15:19:42.833,1.50561,1.50577,1.50,1.12
2017.06.12 15:19:43.360,1.50562,1.50579,1.50,1.75
2017.06.12 15:19:43.666,1.50562,1.50579,1.50,2.25
2017.06.12 15:19:43.768,1.50561,1.50577,1.00,1.12
2017.06.12 15:19:44.284,1.5056,1.50577,1.50,1.12
2017.06.12 15:19:44.559,1.50564,1.50578,1.00,1.50
2017.06.12 15:19:44.663,1.50562,1.50579,1.57,1.75
2017.06.12 15:19:45.178,1.50561,1.50577,1.50,1.12
2017.06.12 15:19:45.282,1.5056,1.50575,1.10,1.00
2017.06.12 15:19:45.803,1.50561,1.50576,1.00,1.00
2017.06.12 15:19:46.313,1.50562,1.50576,1.00,1.00
2017.06.12 15:19:46.870,1.50561,1.50578,1.50,1.50
2017.06.12 15:19:47.206,1.50563,1.50578,1.00,1.50
2017.06.12 15:19:47.381,1.5056,1.50576,1.10,1.00
2017.06.12 15:19:47.891,1.5056,1.50576,1.50,1.00
2017.06.12 15:19:48.661,1.50562,1.50577,1.00,1.00
2017.06.12 15:19:49.182,1.50561,1.50577,1.20,1.00
2017.06.12 15:19:49.898,1.5056,1.50577,1.50,1.87
2017.06.12 15:19:50.407,1.50561,1.50577,1.12,1.00
2017.06.12 15:19:51.685,1.50564,1.50578,1.00,1.00
2017.06.12 15:19:52.201,1.50565,1.50579,1.00,1.00
2017.06.12 15:19:52.680,1.50567,1.5058,1.00,1.12
2017.06.12 15:19:52.935,1.50568,1.50584,1.00,1.87
2017.06.12 15:19:53.200,1.5057,1.50584,1.00,1.12
2017.06.12 15:19:53.541,1.50569,1.50582,1.00,1.00
2017.06.12 15:19:53.644,1.5057,1.50584,1.00,1.12
2017.06.12 15:19:54.664,1.50572,1.50584,1.00,1.00
2017.06.12 15:19:55.174,1.50572,1.50587,1.00,2.25
2017.06.12 15:19:55.327,1.5057,1.50587,1.00,1.75
2017.06.12 15:19:55.879,1.50571,1.50585,1.00,1.12
2017.06.12 15:19:57.950,1.50571,1.50584,1.00,1.00
2017.06.12 15:19:58.458,1.50571,1.50586,1.00,1.50
2017.06.12 15:19:58.968,1.50573,1.50587,1.00,1.75
2017.06.12 15:19:59.435,1.50571,1.50585,1.00,1.12
2017.06.12 15:19:59.486,1.5057,1.50583,1.00,1.00
2017.06.12 15:19:59.539,1.50568,1.50583,1.00,1.00
2017.06.12 15:19:59.591,1.50567,1.50581,1.12,1.00
2017.06.12 15:19:59.897,1.5057,1.50585,1.00,1.12
2017.06.12 15:20:00.420,1.50571,1.50585,1.00,1.50
2017.06.12 15:20:00.971,1.50569,1.50585,1.00,1.12
2017.06.12 15:20:02.037,1.50569,1.50586,1.00,1.75
2017.06.12 15:20:02.609,1.50568,1.50583,1.00,1.50
2017.06.12 15:20:03.017,1.50567,1.50579,1.00,1.00
2017.06.12 15:20:03.070,1.50564,1.50577,1.87,1.00
2017.06.12 15:20:03.386,1.50562,1.50579,1.57,1.87
2017.06.12 15:20:03.549,1.50562,1.50579,1.57,1.87
2017.06.12 15:20:03.652,1.50562,1.50579,1.57,1.12
2017.06.12 15:20:03.703,1.50564,1.50581,1.00,1.50
2017.06.12 15:20:03.754,1.50562,1.50578,1.00,1.00
2017.06.12 15:20:04.164,1.50561,1.50577,1.00,1.50
2017.06.12 15:20:04.647,1.50563,1.50576,1.00,1.00
2017.06.12 15:20:04.803,1.50561,1.50576,1.10,1.50
2017.06.12 15:20:06.960,1.50564,1.5058,1.00,1.75
2017.06.12 15:20:07.165,1.50564,1.50581,1.00,1.37
2017.06.12 15:20:07.694,1.50563,1.50579,1.00,1.12
2017.06.12 15:20:08.368,1.50564,1.50581,1.00,1.75
2017.06.12 15:20:09.139,1.50562,1.50579,1.87,1.50
2017.06.12 15:20:09.347,1.50565,1.50578,1.00,1.50
2017.06.12 15:20:09.535,1.50564,1.50581,1.50,1.50
2017.06.12 15:20:10.085,1.50566,1.50582,1.00,1.75
2017.06.12 15:20:10.239,1.50566,1.50582,1.00,1.00
2017.06.12 15:20:10.709,1.50561,1.50578,1.75,1.50
2017.06.12 15:20:10.864,1.50561,1.50578,1.87,1.00
2017.06.12 15:20:11.783,1.50561,1.50577,1.00,1.00
2017.06.12 15:20:12.293,1.5056,1.50577,1.87,1.00
2017.06.12 15:20:13.112,1.50561,1.50577,1.00,1.00
2017.06.12 15:20:13.654,1.50561,1.50578,1.00,1.12
2017.06.12 15:20:14.161,1.50562,1.50579,1.00,1.50
2017.06.12 15:20:14.559,1.50561,1.50578,1.50,1.75
2017.06.12 15:20:16.374,1.50561,1.50576,1.00,1.00
2017.06.12 15:20:16.578,1.50559,1.50576,1.10,1.50
2017.06.12 15:20:16.782,1.50558,1.50573,1.00,1.00
2017.06.12 15:20:17.305,1.50557,1.50573,1.10,1.50
2017.06.12 15:20:18.330,1.50561,1.50573,1.00,1.00
2017.06.12 15:20:18.483,1.5056,1.50575,1.00,1.00
2017.06.12 15:20:18.722,1.50561,1.50578,1.00,1.50
2017.06.12 15:20:19.283,1.50561,1.50578,1.20,1.50
2017.06.12 15:20:19.686,1.50565,1.50579,1.00,1.00
2017.06.12 15:20:19.840,1.50565,1.50581,1.95,1.00
2017.06.12 15:20:20.197,1.50566,1.50583,1.00,1.12
2017.06.12 15:20:20.730,1.50566,1.50583,1.95,1.12
2017.06.12 15:20:21.251,1.50567,1.50584,1.95,1.50
2017.06.12 15:20:21.758,1.50567,1.50584,1.57,1.50
2017.06.12 15:20:22.310,1.50571,1.50586,1.00,1.75
2017.06.12 15:20:22.465,1.50573,1.50588,1.10,1.12
2017.06.12 15:20:22.516,1.50573,1.5059,1.20,1.87
2017.06.12 15:20:23.149,1.50575,1.50591,1.10,1.50
2017.06.12 15:20:23.303,1.50575,1.50592,1.95,1.00
2017.06.12 15:20:23.825,1.50575,1.50592,1.57,1.00
2017.06.12 15:20:24.130,1.50578,1.50595,1.00,1.87
2017.06.12 15:20:25.001,1.5058,1.50597,1.00,2.25
2017.06.12 15:20:25.155,1.5058,1.50597,1.00,1.50
2017.06.12 15:20:25.411,1.5058,1.50597,1.00,1.75
2017.06.12 15:20:25.971,1.50579,1.50596,1.00,1.50
2017.06.12 15:20:26.280,1.5058,1.50592,1.00,1.00
2017.06.12 15:20:26.712,1.50577,1.50592,1.00,1.00
2017.06.12 15:20:27.222,1.50576,1.50592,1.12,1.00
2017.06.12 15:20:27.525,1.50578,1.50592,1.00,1.00
2017.06.12 15:20:28.763,1.50577,1.50592,1.00,1.00
2017.06.12 15:20:31.208,1.50579,1.50593,1.00,1.37
2017.06.12 15:20:31.718,1.50578,1.50593,1.00,1.75
2017.06.12 15:20:31.933,1.50576,1.50591,1.00,1.50
2017.06.12 15:20:31.985,1.50573,1.50587,1.57,1.00
2017.06.12 15:20:32.293,1.50567,1.5058,1.00,1.37
2017.06.12 15:20:32.534,1.50569,1.50581,1.00,2.25
2017.06.12 15:20:32.994,1.5057,1.50583,1.00,1.12
2017.06.12 15:20:33.537,1.50571,1.50583,1.00,1.12
2017.06.12 15:20:34.047,1.5057,1.50584,1.00,1.50
2017.06.12 15:20:34.701,1.50571,1.50583,1.00,1.12
2017.06.12 15:20:34.854,1.50569,1.50583,1.00,1.50
2017.06.12 15:20:34.906,1.50569,1.5058,1.00,1.00
2017.06.12 15:20:35.225,1.50569,1.50583,1.00,1.50
2017.06.12 15:20:35.328,1.50571,1.50584,1.00,2.25
2017.06.12 15:20:35.577,1.50573,1.50587,1.00,1.87
2017.06.12 15:20:35.632,1.50571,1.50582,1.00,1.00
2017.06.12 15:20:36.204,1.5057,1.50582,1.00,1.00
2017.06.12 15:20:36.714,1.50569,1.50582,1.00,1.00
2017.06.12 15:20:37.277,1.5057,1.50584,1.00,1.87
2017.06.12 15:20:37.380,1.50572,1.50586,1.00,1.75
2017.06.12 15:20:37.431,1.50572,1.50585,1.00,1.12
2017.06.12 15:20:37.632,1.50576,1.50587,1.00,1.50
2017.06.12 15:20:38.041,1.50572,1.50584,1.00,1.00
2017.06.12 15:20:39.004,1.50572,1.50586,1.00,1.50
2017.06.12 15:20:40.314,1.50573,1.50585,1.00,1.12
2017.06.12 15:20:40.826,1.50573,1.50584,1.00,1.00
2017.06.12 15:20:41.481,1.50573,1.50585,1.00,1.00
2017.06.12 15:20:43.197,1.50573,1.50584,1.00,1.00
2017.06.12 15:20:43.402,1.50569,1.50581,1.12,1.00
2017.06.12 15:20:43.671,1.50571,1.50584,1.00,1.75
2017.06.12 15:20:43.928,1.50571,1.50584,1.00,1.00
2017.06.12 15:20:44.568,1.5057,1.50583,1.50,1.00
2017.06.12 15:20:45.340,1.5057,1.50582,1.50,1.00
2017.06.12 15:20:45.442,1.5057,1.50584,1.50,1.00
2017.06.12 15:20:45.961,1.50569,1.50583,1.00,1.00
2017.06.12 15:20:47.480,1.50569,1.50582,1.00,1.00
2017.06.12 15:20:47.992,1.5057,1.50582,1.00,1.00
2017.06.12 15:20:48.271,1.50568,1.50579,1.00,1.00
2017.06.12 15:20:48.475,1.50567,1.50581,1.00,1.12
2017.06.12 15:20:48.526,1.50569,1.50581,1.00,1.12
2017.06.12 15:20:48.782,1.5057,1.50583,1.00,1.00
2017.06.12 15:20:49.088,1.50568,1.5058,1.00,1.00
2017.06.12 15:20:49.140,1.50563,1.5058,3.75,1.50
2017.06.12 15:20:49.340,1.50564,1.5058,1.87,1.37
2017.06.12 15:20:49.443,1.50564,1.5058,1.87,1.50
2017.06.12 15:20:49.749,1.50565,1.50578,1.00,1.00
2017.06.12 15:20:49.965,1.50564,1.5058,1.50,1.12
2017.06.12 15:20:50.471,1.50565,1.5058,1.00,1.50
2017.06.12 15:20:50.879,1.50563,1.50579,1.87,1.00
2017.06.12 15:20:52.363,1.50562,1.50571,1.00,1.00
2017.06.12 15:20:52.465,1.50554,1.50566,1.00,1.37
2017.06.12 15:20:52.516,1.50554,1.50561,1.00,1.00
2017.06.12 15:20:52.723,1.50549,1.50566,3.37,1.00
2017.06.12 15:20:52.777,1.50549,1.50566,2.62,1.00
2017.06.12 15:20:52.982,1.50549,1.50566,1.87,1.12
2017.06.12 15:20:53.033,1.50548,1.50565,1.47,1.12
2017.06.12 15:20:53.137,1.50545,1.50564,1.50,1.37
2017.06.12 15:20:53.188,1.50545,1.50564,1.12,1.75
2017.06.12 15:20:53.665,1.50548,1.50565,1.00,1.12
2017.06.12 15:20:54.421,1.50548,1.50564,1.00,1.00
2017.06.12 15:20:54.778,1.50546,1.50562,2.62,1.00
2017.06.12 15:20:55.323,1.50546,1.50563,1.50,1.00
2017.06.12 15:20:56.225,1.50549,1.50566,1.00,1.50
2017.06.12 15:20:56.378,1.5055,1.50568,1.37,1.00
2017.06.12 15:20:56.887,1.5055,1.50569,2.62,1.50
2017.06.12 15:20:57.395,1.50551,1.50568,1.12,1.00
2017.06.12 15:20:57.851,1.50547,1.50564,3.07,1.00
2017.06.12 15:20:57.955,1.50547,1.50564,1.87,1.12
2017.06.12 15:20:58.057,1.50549,1.50565,1.00,1.50
2017.06.12 15:20:58.261,1.50547,1.50564,1.00,1.87
2017.06.12 15:20:58.781,1.50547,1.50563,1.00,1.00
2017.06.12 15:20:59.310,1.50545,1.50562,2.62,1.00
2017.06.12 15:20:59.726,1.5055,1.50565,1.00,1.50
2017.06.12 15:20:59.883,1.50551,1.50566,1.00,1.12
2017.06.12 15:20:59.935,1.50548,1.50562,1.12,1.00
2017.06.12 15:21:00.038,1.50548,1.50565,1.00,1.12
2017.06.12 15:21:00.090,1.50547,1.50563,1.12,1.00
2017.06.12 15:21:00.192,1.50548,1.50566,1.00,3.00
2017.06.12 15:21:00.498,1.50554,1.50567,1.00,2.25
2017.06.12 15:21:00.819,1.5056,1.50575,1.87,1.12
2017.06.12 15:21:00.871,1.5056,1.50575,1.87,1.75
2017.06.12 15:21:00.973,1.5056,1.50575,1.87,1.00
2017.06.12 15:21:01.024,1.5056,1.50573,1.12,1.00
2017.06.12 15:21:01.732,1.50566,1.50573,1.00,1.00
2017.06.12 15:21:02.243,1.50566,1.50574,1.00,1.00
2017.06.12 15:21:02.653,1.50566,1.50576,1.00,1.00
2017.06.12 15:21:03.191,1.50566,1.50575,1.00,1.00
2017.06.12 15:21:03.651,1.50566,1.50577,1.00,1.00
2017.06.12 15:21:03.999,1.50566,1.50575,1.00,1.00
2017.06.12 15:21:04.535,1.50566,1.50576,1.00,1.00
2017.06.12 15:21:05.160,1.50566,1.50577,1.00,1.00
2017.06.12 15:21:06.529,1.50566,1.50579,1.50,1.00
2017.06.12 15:21:06.734,1.50567,1.50577,1.00,1.00
2017.06.12 15:21:06.938,1.50569,1.50581,1.00,1.50
2017.06.12 15:21:07.479,1.5057,1.50583,1.00,1.00
2017.06.12 15:21:07.988,1.5057,1.50582,1.00,1.00
2017.06.12 15:21:08.628,1.5057,1.50583,1.00,1.00
2017.06.12 15:21:09.162,1.5057,1.50584,1.00,1.00
2017.06.12 15:21:09.876,1.5057,1.50585,1.00,1.00
2017.06.12 15:21:10.294,1.50572,1.50585,1.00,1.00
2017.06.12 15:21:11.014,1.50572,1.50584,1.00,1.00
2017.06.12 15:21:11.558,1.50571,1.50585,1.50,1.00
2017.06.12 15:21:12.038,1.50573,1.50585,1.00,1.00
2017.06.12 15:21:12.388,1.50573,1.50588,2.25,1.00
2017.06.12 15:21:12.918,1.50573,1.50587,2.25,1.00
2017.06.12 15:21:13.442,1.50573,1.50586,1.00,1.87
2017.06.12 15:21:13.951,1.50573,1.50585,1.00,1.00
2017.06.12 15:21:14.286,1.5057,1.50584,1.00,1.00
2017.06.12 15:21:14.541,1.50572,1.50584,1.00,1.00
2017.06.12 15:21:14.643,1.50572,1.50586,1.00,2.25
2017.06.12 15:21:15.164,1.50572,1.50585,1.00,1.00
2017.06.12 15:21:16.270,1.50572,1.50584,1.00,1.00
2017.06.12 15:21:18.117,1.50569,1.50584,1.00,1.87
2017.06.12 15:21:19.087,1.5057,1.50584,1.00,1.00
2017.06.12 15:21:19.496,1.5057,1.50586,1.95,1.50
2017.06.12 15:21:20.031,1.50571,1.50587,2.70,1.00
2017.06.12 15:21:20.456,1.50573,1.50589,1.37,1.50
2017.06.12 15:21:20.994,1.50575,1.50589,1.00,1.00
2017.06.12 15:21:21.531,1.50575,1.50588,1.57,1.00
2017.06.12 15:21:21.838,1.5058,1.5059,1.00,1.00
2017.06.12 15:21:22.349,1.50579,1.5059,1.87,1.00
2017.06.12 15:21:22.874,1.50579,1.50591,1.87,1.00
2017.06.12 15:21:23.383,1.50577,1.5059,1.37,1.00
2017.06.12 15:21:23.906,1.50577,1.50591,2.62,1.00
2017.06.12 15:21:25.223,1.50577,1.5059,1.37,1.00
2017.06.12 15:21:25.485,1.50576,1.5059,2.62,1.00
2017.06.12 15:21:25.842,1.50575,1.50589,1.12,1.50
2017.06.12 15:21:26.047,1.50577,1.50589,1.37,1.00
2017.06.12 15:21:26.555,1.50579,1.5059,1.12,1.00
2017.06.12 15:21:27.065,1.5058,1.5059,1.37,1.00
2017.06.12 15:21:27.610,1.5058,1.50591,1.12,1.00
2017.06.12 15:21:28.159,1.5058,1.50592,1.12,1.00
2017.06.12 15:21:30.028,1.5058,1.50595,1.00,1.00
2017.06.12 15:21:30.371,1.5058,1.50592,1.50,1.00
2017.06.12 15:21:30.968,1.50581,1.50592,1.00,1.00
2017.06.12 15:21:31.501,1.50581,1.50593,1.00,1.00
2017.06.12 15:21:32.007,1.5058,1.50593,1.00,1.00
2017.06.12 15:21:32.708,1.50579,1.50593,1.87,1.00
2017.06.12 15:21:33.218,1.5058,1.50593,1.12,1.00
2017.06.12 15:21:33.759,1.50579,1.50593,1.50,1.00
2017.06.12 15:21:34.479,1.50579,1.50592,1.50,1.00
2017.06.12 15:21:35.015,1.50579,1.50591,1.00,1.00
2017.06.12 15:21:35.908,1.50578,1.50591,1.87,1.00
2017.06.12 15:21:36.750,1.50577,1.50586,1.50,1.00
2017.06.12 15:21:36.955,1.50571,1.50586,1.85,2.25
2017.06.12 15:21:37.058,1.5057,1.50585,2.32,1.00
2017.06.12 15:21:37.595,1.5057,1.50584,1.50,1.00
2017.06.12 15:21:38.872,1.5057,1.50583,1.50,1.00
2017.06.12 15:21:39.964,1.5057,1.50584,1.50,1.50
2017.06.12 15:21:43.601,1.5057,1.50583,1.87,1.00
2017.06.12 15:21:44.165,1.5057,1.50584,1.50,1.00
2017.06.12 15:21:44.217,1.50567,1.5058,1.75,1.00
2017.06.12 15:21:44.370,1.50567,1.50584,1.00,3.75
2017.06.12 15:21:44.422,1.50565,1.50581,1.50,1.50
2017.06.12 15:21:44.728,1.50563,1.50577,1.75,1.00
2017.06.12 15:21:44.780,1.50564,1.50579,1.00,1.50
2017.06.12 15:21:45.297,1.50564,1.5058,1.00,1.50
2017.06.12 15:21:45.553,1.50564,1.50578,1.00,1.00
2017.06.12 15:21:46.013,1.50564,1.50574,1.00,1.00
2017.06.12 15:21:46.167,1.50562,1.50574,1.87,1.00
2017.06.12 15:21:46.367,1.50565,1.50578,1.00,1.00
2017.06.12 15:21:46.419,1.50564,1.50576,1.00,1.00
2017.06.12 15:21:47.550,1.50564,1.50574,1.00,1.00
2017.06.12 15:21:48.059,1.50564,1.50575,1.00,1.00
2017.06.12 15:21:49.040,1.50564,1.50574,1.00,1.00
2017.06.12 15:21:49.142,1.5056,1.50573,1.10,1.00
2017.06.12 15:21:49.549,1.5056,1.5057,1.00,1.00
2017.06.12 15:21:50.056,1.5056,1.50569,1.00,1.00
2017.06.12 15:21:50.412,1.50557,1.50568,1.00,1.00
2017.06.12 15:21:50.464,1.50555,1.50567,1.00,1.00
2017.06.12 15:21:50.769,1.50555,1.50565,1.00,1.00
2017.06.12 15:21:51.076,1.50555,1.50563,1.00,1.00
2017.06.12 15:21:51.624,1.50555,1.50562,1.00,1.00
2017.06.12 15:21:51.896,1.50552,1.50562,1.00,1.00
2017.06.12 15:21:52.417,1.50552,1.50563,1.00,1.00
2017.06.12 15:21:52.468,1.50552,1.50559,1.00,1.00
2017.06.12 15:21:52.690,1.50552,1.50562,1.00,1.00
2017.06.12 15:21:53.348,1.50552,1.50563,1.00,1.00
2017.06.12 15:21:53.891,1.50552,1.50564,1.00,1.50
2017.06.12 15:21:54.900,1.50552,1.50563,1.00,1.00
2017.06.12 15:21:55.923,1.50552,1.50561,1.00,1.00
2017.06.12 15:21:56.382,1.50549,1.50558,1.00,1.00
2017.06.12 15:21:56.434,1.50546,1.50558,1.12,1.00
2017.06.12 15:21:56.485,1.50546,1.50556,1.12,1.00
2017.06.12 15:21:56.997,1.50546,1.50557,1.00,1.00
2017.06.12 15:21:57.540,1.50546,1.50559,1.00,1.00
2017.06.12 15:21:57.897,1.50546,1.50557,1.00,1.00
2017.06.12 15:21:58.694,1.50546,1.50556,1.00,1.00
2017.06.12 15:21:59.217,1.50543,1.50554,1.00,1.00
2017.06.12 15:21:59.723,1.50543,1.50555,1.00,1.50
2017.06.12 15:22:00.552,1.50543,1.50554,1.00,1.50
2017.06.12 15:22:01.010,1.50539,1.50554,2.32,1.00
2017.06.12 15:22:01.667,1.5054,1.50553,1.00,1.00
2017.06.12 15:22:02.209,1.50539,1.50553,1.00,1.00
2017.06.12 15:22:04.155,1.5054,1.50554,1.00,1.00
2017.06.12 15:22:04.411,1.50539,1.50552,1.00,1.00
2017.06.12 15:22:04.905,1.50539,1.50554,1.10,1.00
2017.06.12 15:22:05.519,1.50539,1.50555,1.00,1.50
2017.06.12 15:22:05.672,1.50537,1.50553,1.57,1.00
2017.06.12 15:22:05.826,1.50535,1.50551,2.70,1.00
2017.06.12 15:22:05.928,1.50535,1.5055,1.75,1.12
2017.06.12 15:22:06.089,1.50535,1.5055,1.00,1.12
2017.06.12 15:22:06.600,1.50536,1.50551,1.00,1.00
2017.06.12 15:22:07.126,1.50537,1.50552,1.00,1.00
2017.06.12 15:22:08.555,1.50536,1.50551,1.00,1.00
2017.06.12 15:22:08.607,1.50536,1.50549,1.00,1.00
2017.06.12 15:22:08.930,1.50533,1.50544,1.00,1.00
2017.06.12 15:22:08.981,1.50533,1.50546,1.00,1.00
2017.06.12 15:22:09.523,1.50533,1.50548,1.50,1.50
2017.06.12 15:22:09.778,1.50535,1.5055,1.00,1.50
2017.06.12 15:22:11.211,1.50536,1.50551,1.00,1.75
2017.06.12 15:22:11.517,1.50536,1.50551,1.00,1.75
2017.06.12 15:22:12.039,1.50535,1.5055,1.50,1.75
2017.06.12 15:22:12.612,1.50536,1.5055,1.00,1.00
2017.06.12 15:22:12.715,1.50535,1.5055,1.50,1.75
2017.06.12 15:22:15.516,1.50534,1.5055,1.00,1.75
2017.06.12 15:22:15.824,1.50523,1.50539,1.00,1.12
2017.06.12 15:22:16.028,1.50521,1.50536,3.00,1.00
2017.06.12 15:22:16.198,1.50523,1.50539,1.00,1.37
2017.06.12 15:22:16.453,1.50522,1.5054,1.87,1.87
2017.06.12 15:22:17.086,1.50523,1.5054,1.00,1.12
2017.06.12 15:22:18.202,1.50522,1.50538,1.12,1.00
2017.06.12 15:22:18.714,1.50523,1.50537,1.00,1.00
2017.06.12 15:22:19.229,1.50523,1.50537,1.00,1.50
2017.06.12 15:22:20.124,1.50521,1.50536,1.00,1.12
2017.06.12 15:22:21.386,1.5052,1.50537,1.50,2.25
2017.06.12 15:22:22.020,1.50521,1.50537,1.00,1.50
2017.06.12 15:22:22.821,1.50522,1.50537,1.00,1.50
2017.06.12 15:22:23.442,1.50522,1.50537,1.00,1.00
2017.06.12 15:22:24.628,1.50522,1.50538,1.00,1.00
2017.06.12 15:22:24.680,1.50526,1.50538,1.00,1.00
2017.06.12 15:22:24.918,1.50526,1.50541,1.00,1.00
2017.06.12 15:22:25.424,1.50526,1.50542,1.50,1.00
2017.06.12 15:22:25.764,1.50526,1.50539,1.00,1.50
2017.06.12 15:22:25.867,1.50524,1.50538,1.00,1.00
2017.06.12 15:22:26.427,1.50523,1.50538,1.87,1.00
2017.06.12 15:22:27.686,1.50522,1.50539,2.25,1.50
2017.06.12 15:22:28.380,1.50522,1.50538,2.25,1.00
2017.06.12 15:22:29.489,1.50524,1.50538,1.00,1.00
2017.06.12 15:22:30.038,1.50524,1.50539,1.00,1.00
2017.06.12 15:22:30.382,1.50523,1.50537,1.12,1.00
2017.06.12 15:22:30.692,1.5052,1.50534,1.00,1.00
2017.06.12 15:22:31.200,1.50519,1.50534,1.50,1.00
2017.06.12 15:22:32.160,1.50522,1.50535,1.00,1.00
2017.06.12 15:22:32.573,1.5052,1.50535,1.00,1.12
2017.06.12 15:22:33.087,1.5052,1.50534,1.00,1.00
2017.06.12 15:22:33.993,1.5052,1.50535,1.00,1.12
2017.06.12 15:22:34.495,1.5052,1.50534,1.00,1.00
2017.06.12 15:22:35.146,1.5052,1.50535,1.00,1.12
2017.06.12 15:22:35.426,1.50519,1.50531,1.00,1.00
2017.06.12 15:22:35.477,1.50516,1.50531,1.12,1.00
2017.06.12 15:22:35.973,1.50518,1.50531,1.00,1.00
2017.06.12 15:22:36.075,1.50515,1.5053,1.95,1.00
2017.06.12 15:22:36.548,1.50517,1.50532,1.00,1.00
2017.06.12 15:22:36.892,1.50519,1.50532,1.00,1.00
2017.06.12 15:22:37.146,1.50517,1.50531,1.00,1.00
2017.06.12 15:22:37.248,1.50518,1.50533,1.00,1.87
2017.06.12 15:22:37.915,1.50517,1.50534,1.12,1.87
2017.06.12 15:22:38.422,1.50517,1.50532,1.12,1.00
2017.06.12 15:22:38.957,1.50518,1.50532,1.00,1.00
2017.06.12 15:22:39.664,1.50518,1.50533,1.00,1.12
2017.06.12 15:22:40.076,1.50519,1.50531,1.00,1.00
2017.06.12 15:22:41.203,1.50516,1.50531,1.20,1.00
2017.06.12 15:22:41.735,1.50516,1.5053,1.00,1.00
2017.06.12 15:22:41.897,1.50513,1.50529,1.20,1.00
2017.06.12 15:22:41.948,1.50512,1.50528,1.00,1.12
2017.06.12 15:22:42.001,1.50509,1.50524,2.32,1.00
2017.06.12 15:22:42.494,1.50511,1.50528,1.00,1.12
2017.06.12 15:22:42.545,1.50513,1.50529,1.00,1.50
2017.06.12 15:22:42.851,1.50512,1.50526,1.95,1.00
2017.06.12 15:22:43.381,1.50513,1.50528,1.12,1.00
2017.06.12 15:22:43.586,1.50513,1.50528,1.85,1.00
2017.06.12 15:22:43.841,1.50513,1.50527,1.07,1.00
2017.06.12 15:22:44.045,1.50511,1.50524,1.85,1.00
2017.06.12 15:22:44.147,1.50511,1.50525,1.10,1.00
2017.06.12 15:22:44.661,1.50511,1.50526,1.00,1.00
2017.06.12 15:22:45.584,1.50511,1.50528,1.20,1.50
2017.06.12 15:22:46.108,1.50512,1.50528,1.00,1.00
2017.06.12 15:22:46.499,1.50512,1.50526,1.00,1.00
2017.06.12 15:22:47.341,1.5051,1.50526,1.45,1.00
2017.06.12 15:22:47.706,1.50509,1.50524,1.20,1.00
2017.06.12 15:22:47.963,1.50509,1.50526,1.85,1.50
2017.06.12 15:22:48.882,1.5051,1.50525,1.57,1.00
2017.06.12 15:22:49.037,1.5051,1.50527,1.95,1.50
2017.06.12 15:22:49.672,1.50511,1.50526,1.20,1.00
2017.06.12 15:22:49.900,1.50511,1.50528,1.20,1.50
2017.06.12 15:22:49.952,1.50511,1.50528,1.57,1.50
2017.06.12 15:22:50.516,1.50514,1.50529,1.10,1.00
2017.06.12 15:22:51.131,1.50514,1.50529,1.20,1.00
2017.06.12 15:22:51.648,1.50514,1.50529,1.10,1.00
2017.06.12 15:22:52.831,1.50521,1.50533,1.00,1.75
2017.06.12 15:22:52.984,1.50521,1.50537,1.57,1.50
2017.06.12 15:22:53.492,1.50521,1.50536,1.57,1.00
2017.06.12 15:22:53.871,1.50524,1.50537,1.07,1.00
2017.06.12 15:22:54.418,1.50524,1.50539,1.57,1.00
2017.06.12 15:22:54.929,1.50522,1.50538,1.85,1.00
2017.06.12 15:22:56.334,1.50521,1.50537,1.85,1.00
2017.06.12 15:23:01.170,1.50521,1.50535,1.75,1.00
2017.06.12 15:23:01.680,1.50521,1.50537,1.85,1.00
2017.06.12 15:23:03.002,1.50525,1.50537,1.00,1.00
2017.06.12 15:23:04.866,1.50525,1.50538,1.00,1.00
2017.06.12 15:23:05.122,1.50525,1.5054,2.62,1.00
2017.06.12 15:23:05.660,1.50527,1.50541,1.00,1.00
2017.06.12 15:23:06.171,1.50528,1.50541,1.00,1.00
2017.06.12 15:23:06.521,1.50525,1.50539,1.00,1.00
2017.06.12 15:23:07.033,1.50526,1.50538,1.00,1.00
2017.06.12 15:23:07.567,1.50525,1.50539,1.00,1.00
2017.06.12 15:23:08.107,1.50526,1.50539,1.00,1.00
2017.06.12 15:23:09.895,1.50526,1.50539,1.50,1.00
2017.06.12 15:23:10.253,1.50526,1.50543,1.50,1.50
2017.06.12 15:23:10.608,1.50524,1.50542,1.12,1.50
2017.06.12 15:23:11.156,1.50524,1.50542,1.95,1.50
2017.06.12 15:23:11.767,1.50524,1.50542,1.20,1.50
2017.06.12 15:23:14.638,1.50524,1.50539,1.12,1.00
2017.06.12 15:23:15.206,1.50527,1.50542,1.00,1.50
2017.06.12 15:23:15.309,1.50527,1.50544,1.12,4.12
2017.06.12 15:23:15.411,1.50527,1.50542,1.12,1.00
2017.06.12 15:23:16.879,1.50526,1.50539,1.47,1.00
2017.06.12 15:23:16.930,1.50524,1.5054,1.50,1.00
2017.06.12 15:23:17.451,1.50524,1.50541,1.95,1.00
2017.06.12 15:23:17.705,1.50523,1.5054,1.10,1.00
2017.06.12 15:23:18.218,1.50524,1.5054,1.10,1.00
2017.06.12 15:23:19.512,1.50522,1.5054,1.47,1.00
2017.06.12 15:23:20.025,1.50523,1.50539,1.00,1.00
2017.06.12 15:23:21.577,1.50524,1.5054,1.10,1.00
2017.06.12 15:23:22.106,1.50524,1.50539,1.12,1.00
2017.06.12 15:23:23.623,1.50525,1.50542,1.12,3.75
2017.06.12 15:23:23.726,1.50526,1.50542,1.00,1.50
2017.06.12 15:23:25.230,1.50525,1.5054,1.47,1.00
2017.06.12 15:23:25.436,1.50522,1.50539,1.87,1.00
2017.06.12 15:23:25.970,1.50522,1.50538,1.50,1.50
2017.06.12 15:23:27.800,1.50521,1.50537,1.47,1.00
2017.06.12 15:23:28.309,1.5052,1.50537,1.50,2.25
2017.06.12 15:23:28.412,1.50519,1.50535,2.25,1.00
2017.06.12 15:23:28.717,1.50519,1.50537,3.07,1.50
2017.06.12 15:23:29.222,1.50517,1.50532,1.87,1.00
2017.06.12 15:23:29.324,1.50517,1.50532,1.00,1.00
2017.06.12 15:23:29.681,1.50516,1.50533,1.95,2.25
2017.06.12 15:23:30.191,1.50519,1.50532,1.00,1.00
2017.06.12 15:23:31.933,1.50517,1.50532,1.00,1.00
2017.06.12 15:23:32.477,1.50516,1.5053,1.37,1.50
2017.06.12 15:23:32.630,1.50515,1.5053,1.00,1.50
2017.06.12 15:23:32.734,1.50517,1.50531,1.37,1.00
2017.06.12 15:23:32.837,1.50517,1.50533,1.50,1.00
2017.06.12 15:23:33.775,1.5052,1.50533,1.00,1.00
2017.06.12 15:23:33.930,1.50518,1.50533,1.00,1.00
2017.06.12 15:23:34.136,1.50518,1.50531,1.00,1.00
2017.06.12 15:23:34.953,1.50519,1.50531,1.00,1.00
2017.06.12 15:23:35.480,1.50518,1.50531,1.00,1.00
2017.06.12 15:23:37.123,1.50514,1.50528,2.32,1.00
2017.06.12 15:23:37.626,1.50516,1.50529,1.00,1.00
2017.06.12 15:23:38.459,1.50514,1.50527,1.12,1.00
2017.06.12 15:23:38.714,1.50512,1.50526,1.20,1.00
2017.06.12 15:23:38.897,1.50514,1.50528,1.00,1.12
2017.06.12 15:23:39.517,1.50513,1.50528,1.10,1.12
2017.06.12 15:23:39.824,1.5052,1.50533,1.00,1.00
2017.06.12 15:23:40.326,1.5052,1.50532,1.00,1.00
2017.06.12 15:23:40.688,1.50518,1.50531,1.00,1.00
2017.06.12 15:23:41.528,1.50518,1.50533,1.00,1.12
2017.06.12 15:23:42.714,1.50518,1.50533,1.37,1.12
2017.06.12 15:23:43.493,1.50522,1.50533,1.00,1.12
2017.06.12 15:23:43.698,1.50522,1.50536,1.00,1.12
2017.06.12 15:23:44.081,1.5052,1.50532,1.00,1.00
2017.06.12 15:23:44.133,1.50516,1.50532,1.50,1.00
2017.06.12 15:23:44.337,1.50516,1.50531,1.00,1.37
2017.06.12 15:23:44.856,1.50516,1.50532,1.12,2.25
2017.06.12 15:23:45.363,1.50515,1.5053,1.00,1.12
2017.06.12 15:23:45.932,1.50515,1.50529,1.00,1.00
2017.06.12 15:23:46.444,1.50516,1.50531,1.00,1.50
2017.06.12 15:23:47.008,1.50515,1.5053,1.00,1.12
2017.06.12 15:23:47.365,1.50517,1.50532,1.50,1.37
2017.06.12 15:23:48.086,1.50517,1.50534,1.87,2.25
2017.06.12 15:23:48.443,1.50521,1.50534,1.00,1.50
2017.06.12 15:23:48.597,1.50521,1.50537,1.00,3.00
2017.06.12 15:23:49.269,1.50519,1.50536,1.87,2.25
2017.06.12 15:23:49.791,1.50519,1.50536,1.50,2.25
2017.06.12 15:23:50.302,1.50519,1.50536,1.87,2.25
2017.06.12 15:23:50.616,1.50518,1.50534,1.95,1.00
2017.06.12 15:23:50.926,1.50518,1.50532,1.12,1.00
2017.06.12 15:23:51.131,1.50515,1.50531,1.57,1.12
2017.06.12 15:23:51.234,1.50518,1.50532,1.00,1.50
2017.06.12 15:23:52.109,1.50519,1.50534,1.00,2.25
2017.06.12 15:23:52.415,1.50522,1.50536,1.00,2.25
2017.06.12 15:23:52.467,1.5052,1.50536,1.00,2.25
2017.06.12 15:23:52.569,1.5052,1.50536,1.00,1.00
2017.06.12 15:23:52.621,1.50516,1.50534,2.70,1.00
2017.06.12 15:23:52.672,1.50516,1.50534,1.87,1.50
2017.06.12 15:23:52.723,1.50515,1.50532,1.57,1.00
2017.06.12 15:23:53.080,1.50515,1.5053,1.00,1.00
2017.06.12 15:23:53.567,1.50514,1.50528,1.12,1.00
2017.06.12 15:23:53.873,1.50516,1.50531,1.12,1.50
2017.06.12 15:23:53.975,1.50515,1.50529,1.00,1.00
2017.06.12 15:23:54.281,1.5052,1.50534,1.12,1.50
2017.06.12 15:23:55.262,1.5052,1.50535,1.00,1.50
2017.06.12 15:23:55.567,1.50515,1.5053,1.12,1.00
2017.06.12 15:23:56.086,1.50515,1.5053,1.37,1.00
2017.06.12 15:23:56.392,1.50518,1.50534,1.37,1.75
2017.06.12 15:23:56.901,1.50515,1.50531,1.45,1.00
2017.06.12 15:23:57.285,1.50514,1.5053,1.20,1.00
2017.06.12 15:23:57.338,1.50514,1.50527,1.12,1.00
2017.06.12 15:23:58.814,1.50514,1.50526,1.00,1.00
2017.06.12 15:23:59.344,1.50512,1.50524,1.00,1.00
2017.06.12 15:23:59.447,1.50512,1.50526,1.00,1.50
2017.06.12 15:23:59.961,1.50512,1.50525,1.00,1.00
2017.06.12 15:24:00.168,1.50513,1.50529,1.00,2.62
2017.06.12 15:24:00.220,1.50514,1.5053,1.00,2.25
2017.06.12 15:24:00.630,1.50511,1.50525,1.00,1.00
2017.06.12 15:24:00.681,1.5051,1.50523,1.10,1.00
2017.06.12 15:24:01.000,1.50502,1.50515,1.75,1.00
2017.06.12 15:24:01.102,1.50502,1.50515,1.00,1.00
2017.06.12 15:24:01.613,1.50502,1.50516,1.00,1.50
2017.06.12 15:24:01.665,1.50504,1.50516,1.00,1.00
2017.06.12 15:24:01.717,1.50504,1.50519,1.00,1.50
2017.06.12 15:24:01.819,1.50502,1.50519,1.10,1.50
2017.06.12 15:24:01.921,1.50504,1.50519,1.00,1.00
2017.06.12 15:24:02.256,1.50504,1.50517,1.00,1.00
2017.06.12 15:24:02.648,1.505,1.50515,1.75,1.00
2017.06.12 15:24:02.700,1.50499,1.50517,3.45,1.50
2017.06.12 15:24:02.802,1.50497,1.50512,2.32,1.00
2017.06.12 15:24:02.905,1.50497,1.50514,1.75,1.00
2017.06.12 15:24:03.008,1.50497,1.50515,1.50,1.50
2017.06.12 15:24:03.238,1.50496,1.50512,1.00,2.62
2017.06.12 15:24:03.546,1.50496,1.5051,1.00,1.50
2017.06.12 15:24:03.648,1.50494,1.5051,1.00,1.50
2017.06.12 15:24:03.804,1.50493,1.50507,1.20,1.00
2017.06.12 15:24:04.111,1.50499,1.50512,1.12,1.00
2017.06.12 15:24:04.466,1.50504,1.50513,1.00,1.12
2017.06.12 15:24:04.517,1.50502,1.50516,1.00,1.75
2017.06.12 15:24:04.620,1.50503,1.50515,1.00,1.12
2017.06.12 15:24:05.128,1.50503,1.50516,1.00,1.00
2017.06.12 15:24:05.722,1.50503,1.50517,1.00,1.12
2017.06.12 15:24:06.131,1.50501,1.50516,1.00,1.00
2017.06.12 15:24:06.233,1.50501,1.50515,1.00,1.50
2017.06.12 15:24:06.752,1.50502,1.50515,1.00,1.50
2017.06.12 15:24:07.109,1.50502,1.50515,1.00,1.75
2017.06.12 15:24:07.243,1.50502,1.50515,1.00,1.37
2017.06.12 15:24:07.448,1.50504,1.50517,1.00,1.75
2017.06.12 15:24:07.500,1.50504,1.50518,1.00,2.25
2017.06.12 15:24:07.908,1.50502,1.50516,1.00,1.50
2017.06.12 15:24:08.416,1.50503,1.50516,1.00,1.50
2017.06.12 15:24:08.804,1.50501,1.50516,1.00,1.50
2017.06.12 15:24:09.062,1.50503,1.50515,1.00,1.37
2017.06.12 15:24:09.217,1.50505,1.50518,1.00,1.12
2017.06.12 15:24:09.421,1.50499,1.50518,2.70,1.50
2017.06.12 15:24:09.523,1.50502,1.50515,1.00,1.00
2017.06.12 15:24:10.063,1.50502,1.50516,1.50,1.00
2017.06.12 15:24:10.567,1.50503,1.50517,1.50,1.00
2017.06.12 15:24:10.950,1.50502,1.50517,1.00,1.75
2017.06.12 15:24:11.497,1.50501,1.50517,1.00,1.75
2017.06.12 15:24:11.752,1.50498,1.50514,1.00,1.00
2017.06.12 15:24:11.854,1.50495,1.50512,1.85,1.00
2017.06.12 15:24:12.058,1.50493,1.50509,1.50,1.00
2017.06.12 15:24:12.566,1.50494,1.50508,1.50,1.00
2017.06.12 15:24:12.618,1.50497,1.50509,1.00,1.00
2017.06.12 15:24:12.811,1.50501,1.50516,1.00,1.75
2017.06.12 15:24:12.914,1.50502,1.50517,1.00,1.12
2017.06.12 15:24:13.419,1.50501,1.50516,1.50,1.00
2017.06.12 15:24:14.692,1.50502,1.50516,1.00,1.00
2017.06.12 15:24:14.795,1.50504,1.50516,1.00,1.00
2017.06.12 15:24:15.000,1.50506,1.5052,1.00,1.50
2017.06.12 15:24:15.052,1.50506,1.50522,1.00,1.87
2017.06.12 15:24:15.257,1.50506,1.5052,1.00,1.12
2017.06.12 15:24:15.359,1.50504,1.50519,1.00,1.00
2017.06.12 15:24:15.725,1.50503,1.50517,1.00,1.00
2017.06.12 15:24:16.286,1.50505,1.50517,1.00,1.12
2017.06.12 15:24:16.440,1.50506,1.50519,1.00,1.87
2017.06.12 15:24:16.542,1.50507,1.50521,1.00,1.00
2017.06.12 15:24:17.322,1.50507,1.50522,1.00,1.50
2017.06.12 15:24:17.373,1.50507,1.50518,1.00,1.00
2017.06.12 15:24:17.800,1.50505,1.50519,1.00,1.00
2017.06.12 15:24:17.953,1.50503,1.50519,1.12,2.25
2017.06.12 15:24:18.106,1.505,1.50518,1.87,1.12
2017.06.12 15:24:18.361,1.505,1.50517,1.50,2.25
2017.06.12 15:24:19.103,1.50501,1.50516,1.10,1.12
2017.06.12 15:24:19.654,1.505,1.50516,1.10,1.00
2017.06.12 15:24:20.039,1.505,1.50514,1.10,1.00
2017.06.12 15:24:20.243,1.50499,1.50516,1.57,1.50
2017.06.12 15:24:20.413,1.50499,1.50514,1.57,1.00
2017.06.12 15:24:22.840,1.50499,1.50516,1.57,2.25
2017.06.12 15:24:23.018,1.50499,1.50514,1.07,1.00
2017.06.12 15:24:23.558,1.50497,1.50514,2.70,1.50
2017.06.12 15:24:23.913,1.50497,1.50514,1.20,1.00
2017.06.12 15:24:23.965,1.50497,1.50512,1.20,1.00
2017.06.12 15:24:24.219,1.50498,1.50514,1.10,1.50
2017.06.12 15:24:24.722,1.50498,1.50514,1.95,1.50
2017.06.12 15:24:25.347,1.50501,1.50514,1.00,1.00
2017.06.12 15:24:26.402,1.50502,1.50514,1.00,1.00
2017.06.12 15:24:26.454,1.50502,1.50516,1.00,1.00
2017.06.12 15:24:26.823,1.50501,1.50514,1.50,1.00
2017.06.12 15:24:27.404,1.50502,1.50514,1.00,1.00
2017.06.12 15:24:27.559,1.50501,1.50516,1.00,1.50
2017.06.12 15:24:27.971,1.50501,1.50516,1.00,1.75
2017.06.12 15:24:28.176,1.50501,1.50516,1.00,1.00
2017.06.12 15:24:28.685,1.505,1.50516,1.00,1.00
2017.06.12 15:24:29.451,1.50501,1.50516,1.00,1.00
2017.06.12 15:24:29.554,1.50503,1.50516,1.00,1.00
2017.06.12 15:24:29.963,1.50504,1.50518,1.00,1.50
2017.06.12 15:24:30.483,1.50505,1.50518,1.00,1.50
2017.06.12 15:24:30.998,1.50504,1.50518,1.00,1.50
2017.06.12 15:24:31.791,1.50507,1.50518,1.00,1.00
2017.06.12 15:24:31.842,1.50507,1.50521,1.00,1.12
2017.06.12 15:24:32.353,1.5051,1.50522,1.00,1.00
2017.06.12 15:24:32.663,1.50508,1.50522,1.00,1.00
2017.06.12 15:24:33.173,1.50508,1.50522,1.50,1.87
2017.06.12 15:24:34.082,1.50513,1.50522,1.00,1.50
2017.06.12 15:24:34.134,1.50511,1.50526,1.50,1.50
2017.06.12 15:24:34.185,1.50511,1.50526,1.50,1.50
2017.06.12 15:24:34.729,1.50511,1.50524,1.00,1.00
2017.06.12 15:24:35.144,1.50509,1.50524,1.00,1.00
2017.06.12 15:24:35.298,1.50506,1.50522,1.00,1.00
2017.06.12 15:24:35.351,1.50506,1.50522,1.75,1.50
2017.06.12 15:24:35.454,1.50505,1.5052,1.00,1.00
2017.06.12 15:24:35.607,1.50508,1.5052,1.00,1.12
2017.06.12 15:24:36.113,1.50503,1.50517,2.32,1.00
2017.06.12 15:24:36.165,1.50503,1.50517,1.20,1.00
2017.06.12 15:24:36.575,1.50501,1.50516,1.20,1.00
2017.06.12 15:24:38.686,1.505,1.50515,1.50,1.00
2017.06.12 15:24:39.188,1.505,1.50516,1.57,1.12
2017.06.12 15:24:39.291,1.50503,1.50515,1.00,1.00
2017.06.12 15:24:39.343,1.50502,1.50517,1.00,1.50
2017.06.12 15:24:39.649,1.505,1.50516,1.50,1.12
2017.06.12 15:24:40.165,1.50501,1.50515,1.00,1.50
2017.06.12 15:24:40.731,1.50501,1.50512,1.00,1.00
2017.06.12 15:24:41.095,1.505,1.50514,1.00,1.50
2017.06.12 15:24:42.350,1.50501,1.50514,1.00,1.00
2017.06.12 15:24:42.890,1.50501,1.50515,1.00,1.50
2017.06.12 15:24:43.429,1.505,1.50515,1.00,2.25
2017.06.12 15:24:43.982,1.50499,1.50515,1.50,2.25
2017.06.12 15:24:46.069,1.50499,1.50516,1.50,2.25
2017.06.12 15:24:46.561,1.50501,1.50515,1.50,1.50
2017.06.12 15:24:46.830,1.50503,1.50518,1.00,1.87
2017.06.12 15:24:47.343,1.50504,1.50519,1.00,1.50
2017.06.12 15:24:48.488,1.50507,1.50519,1.00,1.00
2017.06.12 15:24:48.692,1.50507,1.50522,1.00,2.25
2017.06.12 15:24:48.985,1.50507,1.50522,1.00,2.25
2017.06.12 15:24:54.672,1.50506,1.50523,1.00,3.00
2017.06.12 15:24:55.128,1.50508,1.50522,1.00,1.50
2017.06.12 15:24:55.383,1.50513,1.50528,1.50,1.75
2017.06.12 15:24:55.887,1.50514,1.50528,1.00,1.75
2017.06.12 15:24:56.389,1.50514,1.50529,1.50,1.37
2017.06.12 15:24:57.809,1.50515,1.5053,1.00,2.25
2017.06.12 15:24:58.360,1.50513,1.50528,1.00,1.12
2017.06.12 15:24:58.411,1.50513,1.50528,1.00,1.87
2017.06.12 15:24:58.732,1.50515,1.50528,1.50,1.37
2017.06.12 15:24:58.783,1.50515,1.50529,1.50,1.50
2017.06.12 15:24:59.510,1.50514,1.50529,1.50,1.00
2017.06.12 15:25:00.212,1.50515,1.50529,1.00,1.12
2017.06.12 15:25:00.746,1.50514,1.50529,1.00,1.00
2017.06.12 15:25:01.939,1.50515,1.50529,1.00,1.00
2017.06.12 15:25:01.992,1.50515,1.50531,1.00,1.87
2017.06.12 15:25:02.504,1.50516,1.50532,1.50,2.25
2017.06.12 15:25:03.093,1.50517,1.50532,1.00,1.50
2017.06.12 15:25:03.602,1.50517,1.50533,1.00,1.87
2017.06.12 15:25:04.730,1.50519,1.50534,1.00,2.25
2017.06.12 15:25:05.342,1.50517,1.50533,1.50,1.12
2017.06.12 15:25:05.495,1.50517,1.50533,1.00,1.75
2017.06.12 15:25:06.188,1.50517,1.50533,1.87,1.50
2017.06.12 15:25:06.495,1.50521,1.50536,1.00,1.75
2017.06.12 15:25:07.019,1.5052,1.50536,1.00,2.25
2017.06.12 15:25:07.530,1.50519,1.50535,1.50,2.25
2017.06.12 15:25:08.078,1.5052,1.50536,1.00,2.25
2017.06.12 15:25:08.572,1.50517,1.50533,1.00,1.00
2017.06.12 15:25:08.623,1.50516,1.50531,1.20,1.00
2017.06.12 15:25:09.132,1.50515,1.50531,1.00,1.87
2017.06.12 15:25:09.463,1.50515,1.50531,1.00,1.75
2017.06.12 15:25:09.921,1.50513,1.50529,1.00,1.87
2017.06.12 15:25:10.125,1.50512,1.50528,1.00,2.25
2017.06.12 15:25:10.975,1.50511,1.50527,1.00,1.12
2017.06.12 15:25:11.485,1.50512,1.50528,1.00,1.50
2017.06.12 15:25:12.048,1.50511,1.50527,1.00,1.87
2017.06.12 15:25:12.370,1.50515,1.50528,1.00,1.12
2017.06.12 15:25:12.523,1.50515,1.50531,1.00,2.25
2017.06.12 15:25:13.024,1.50515,1.50529,1.00,1.00
2017.06.12 15:25:13.340,1.50513,1.50529,1.00,1.50
2017.06.12 15:25:13.861,1.50513,1.50528,1.00,1.12
2017.06.12 15:25:14.372,1.50514,1.50529,1.00,1.50
2017.06.12 15:25:15.154,1.50512,1.50528,1.00,1.12
2017.06.12 15:25:15.205,1.5051,1.50524,2.25,1.00
2017.06.12 15:25:15.775,1.5051,1.50525,1.00,1.50
2017.06.12 15:25:16.288,1.5051,1.50525,1.00,1.00
2017.06.12 15:25:18.338,1.5051,1.50526,1.00,2.62
2017.06.12 15:25:19.283,1.5051,1.50525,1.00,1.00
2017.06.12 15:25:19.640,1.50513,1.50527,1.00,1.50
2017.06.12 15:25:19.742,1.50513,1.50531,1.87,2.25
2017.06.12 15:25:19.845,1.50513,1.50531,2.70,1.50
2017.06.12 15:25:20.366,1.50514,1.50531,1.00,1.00
2017.06.12 15:25:20.876,1.50515,1.50531,1.00,1.00
2017.06.12 15:25:21.509,1.50516,1.50531,1.00,1.00
2017.06.12 15:25:21.910,1.50518,1.50534,1.00,3.00
2017.06.12 15:25:22.480,1.50518,1.50533,1.00,1.00
2017.06.12 15:25:22.861,1.50519,1.50535,1.00,2.25
2017.06.12 15:25:23.372,1.5052,1.50536,1.00,4.12
2017.06.12 15:25:23.884,1.5052,1.50535,1.00,1.00
2017.06.12 15:25:24.743,1.5052,1.50535,1.00,1.50
2017.06.12 15:25:27.432,1.50519,1.50534,1.00,1.12
2017.06.12 15:25:28.354,1.5052,1.50536,1.00,2.25
2017.06.12 15:25:28.659,1.5052,1.50536,1.00,1.87
2017.06.12 15:25:29.592,1.5052,1.50535,1.00,1.37
2017.06.12 15:25:32.279,1.5052,1.50536,1.00,1.50
2017.06.12 15:25:33.258,1.50517,1.50531,1.50,1.50
2017.06.12 15:25:33.363,1.50517,1.50533,1.00,1.00
2017.06.12 15:25:33.670,1.50519,1.50534,1.00,1.50
2017.06.12 15:25:34.182,1.50519,1.50535,1.00,1.50
2017.06.12 15:25:36.848,1.50521,1.50536,1.00,1.75
2017.06.12 15:25:37.054,1.50527,1.50544,1.00,1.50
2017.06.12 15:25:37.759,1.50527,1.50544,1.00,1.12
2017.06.12 15:25:39.364,1.50527,1.50542,1.00,1.00
2017.06.12 15:25:40.516,1.50527,1.50543,1.00,1.50
2017.06.12 15:25:40.783,1.50532,1.50549,1.50,1.87
2017.06.12 15:25:41.503,1.50534,1.5055,1.00,2.25
2017.06.12 15:25:42.993,1.50533,1.50549,1.00,1.87
2017.06.12 15:25:43.543,1.50531,1.50541,1.12,1.50
2017.06.12 15:25:43.697,1.50526,1.5054,1.75,1.00
2017.06.12 15:25:43.800,1.50526,1.50541,1.00,1.50
2017.06.12 15:25:44.308,1.50527,1.50543,1.00,1.87
2017.06.12 15:25:44.599,1.50529,1.50544,1.00,1.00
2017.06.12 15:25:44.906,1.50531,1.50547,1.00,1.87
2017.06.12 15:25:45.723,1.5053,1.50546,1.00,1.00
2017.06.12 15:25:46.284,1.50533,1.50547,1.00,1.12
2017.06.12 15:25:46.489,1.50536,1.50552,1.00,1.12
2017.06.12 15:25:46.592,1.50535,1.50549,1.00,1.00
2017.06.12 15:25:46.746,1.50533,1.50548,1.50,1.00
2017.06.12 15:25:46.899,1.50533,1.50546,1.00,1.00
2017.06.12 15:25:47.084,1.50529,1.50545,1.00,1.00
2017.06.12 15:25:47.594,1.50529,1.50546,1.50,1.50
2017.06.12 15:25:48.142,1.50531,1.50546,1.00,1.00
2017.06.12 15:25:48.446,1.50536,1.5055,1.00,1.75
2017.06.12 15:25:48.498,1.50536,1.5055,1.00,1.00
2017.06.12 15:25:49.058,1.50539,1.50551,1.00,1.12
2017.06.12 15:25:49.365,1.50541,1.50557,1.00,2.62
2017.06.12 15:25:49.517,1.50543,1.50557,1.00,1.12
2017.06.12 15:25:50.084,1.50544,1.50558,1.00,2.25
2017.06.12 15:25:50.886,1.50542,1.50557,1.12,1.00
2017.06.12 15:25:51.732,1.50541,1.50557,1.50,1.00
2017.06.12 15:25:52.441,1.50541,1.50555,1.00,1.00
2017.06.12 15:25:52.646,1.50531,1.50546,1.00,1.12
2017.06.12 15:25:53.164,1.50531,1.50545,1.00,1.00
2017.06.12 15:25:53.676,1.50531,1.50546,1.00,1.12
2017.06.12 15:25:54.189,1.50534,1.50548,1.10,1.75
2017.06.12 15:25:54.343,1.50535,1.5055,1.10,1.00
2017.06.12 15:25:54.445,1.50535,1.50552,1.10,1.50
2017.06.12 15:25:54.944,1.50537,1.50551,1.00,1.00
2017.06.12 15:25:55.247,1.50535,1.50552,1.12,1.50
2017.06.12 15:25:55.302,1.50535,1.50552,1.00,2.25
2017.06.12 15:25:55.404,1.50535,1.50552,1.12,1.50
2017.06.12 15:25:55.698,1.50534,1.50548,1.50,1.00
2017.06.12 15:25:56.023,1.50526,1.50543,1.10,1.12
2017.06.12 15:25:56.532,1.50531,1.50543,1.00,1.00
2017.06.12 15:25:56.738,1.50531,1.50547,1.12,1.50
2017.06.12 15:25:57.588,1.50533,1.50548,1.00,1.50
2017.06.12 15:25:58.541,1.50532,1.50548,1.00,1.50
2017.06.12 15:25:58.875,1.50534,1.50548,1.00,1.00
2017.06.12 15:25:59.384,1.50534,1.50549,1.00,1.00
2017.06.12 15:26:00.354,1.50535,1.5055,1.00,1.50
2017.06.12 15:26:00.674,1.50533,1.50549,1.10,1.00
2017.06.12 15:26:01.270,1.50533,1.50548,1.10,1.00
2017.06.12 15:26:01.917,1.50534,1.50548,1.00,1.00
2017.06.12 15:26:01.971,1.50533,1.50546,1.00,1.00
2017.06.12 15:26:02.127,1.50532,1.50548,1.57,1.00
2017.06.12 15:26:03.185,1.50533,1.50547,1.10,1.00
2017.06.12 15:26:03.373,1.50535,1.5055,1.00,1.75
2017.06.12 15:26:03.425,1.50535,1.5055,1.20,1.00
2017.06.12 15:26:03.853,1.50538,1.50553,1.00,1.75
2017.06.12 15:26:03.955,1.50538,1.50553,1.10,1.00
2017.06.12 15:26:04.473,1.50538,1.50552,1.10,1.00
2017.06.12 15:26:04.525,1.50534,1.50549,2.70,1.00
2017.06.12 15:26:04.627,1.50534,1.50549,1.57,1.00
2017.06.12 15:26:04.780,1.50537,1.5055,1.00,1.50
2017.06.12 15:26:05.348,1.50537,1.50552,1.10,1.50
2017.06.12 15:26:05.659,1.5054,1.50556,1.00,1.87
2017.06.12 15:26:05.914,1.50541,1.50555,1.20,1.00
2017.06.12 15:26:06.067,1.50541,1.50557,1.20,1.50
2017.06.12 15:26:06.616,1.50542,1.50557,1.20,1.00
2017.06.12 15:26:07.127,1.50542,1.50558,1.57,1.12
2017.06.12 15:26:07.633,1.5054,1.50556,1.57,1.00
2017.06.12 15:26:07.685,1.50539,1.50554,1.10,1.00
2017.06.12 15:26:07.737,1.50539,1.50554,1.10,1.37
2017.06.12 15:26:08.246,1.50538,1.50553,1.20,1.75
2017.06.12 15:26:08.756,1.50538,1.50554,1.10,2.25
2017.06.12 15:26:09.524,1.50537,1.50553,1.10,2.25
2017.06.12 15:26:11.376,1.50534,1.50549,1.45,1.00
2017.06.12 15:26:11.478,1.50533,1.50549,1.10,1.87
2017.06.12 15:26:13.479,1.50533,1.50548,1.20,1.00
2017.06.12 15:26:13.531,1.50535,1.50549,1.00,1.00
2017.06.12 15:26:14.064,1.50536,1.50549,1.00,1.00
2017.06.12 15:26:14.664,1.50535,1.50551,1.12,2.25
2017.06.12 15:26:15.172,1.50535,1.5055,1.00,1.00
2017.06.12 15:26:15.482,1.50534,1.50548,1.00,1.00
2017.06.12 15:26:16.524,1.50533,1.50548,1.00,1.00
2017.06.12 15:26:17.432,1.50531,1.50545,1.57,1.00
2017.06.12 15:26:17.689,1.50528,1.50542,1.12,1.00
2017.06.12 15:26:17.791,1.50528,1.50544,1.12,2.62
2017.06.12 15:26:18.198,1.50528,1.50542,1.10,1.00
2017.06.12 15:26:18.726,1.50527,1.50543,1.10,2.25
2017.06.12 15:26:19.250,1.50527,1.50542,1.00,1.00
2017.06.12 15:26:20.031,1.50526,1.50541,1.12,1.00
2017.06.12 15:26:20.572,1.50524,1.5054,1.20,1.50
2017.06.12 15:26:22.466,1.50525,1.50539,1.95,1.00
2017.06.12 15:26:22.671,1.50522,1.50537,1.10,1.00
2017.06.12 15:26:23.383,1.50522,1.50538,1.00,2.25
2017.06.12 15:26:23.925,1.50519,1.50535,1.95,1.00
2017.06.12 15:26:24.435,1.50522,1.50538,1.00,3.00
2017.06.12 15:26:24.948,1.50521,1.50537,1.00,2.25
2017.06.12 15:26:25.951,1.50522,1.50537,1.00,2.25
2017.06.12 15:26:26.664,1.5052,1.50536,1.50,1.50
2017.06.12 15:26:27.078,1.50524,1.50538,1.00,1.00
2017.06.12 15:26:27.603,1.50525,1.50538,1.00,1.50
2017.06.12 15:26:28.371,1.50522,1.50537,1.00,1.00
2017.06.12 15:26:29.362,1.50522,1.50536,1.00,1.00
2017.06.12 15:26:29.820,1.50519,1.50535,1.20,1.00
2017.06.12 15:26:29.871,1.50518,1.50533,2.32,1.00
2017.06.12 15:26:29.974,1.50518,1.50533,1.10,1.12
2017.06.12 15:26:30.896,1.50517,1.50532,1.10,1.00
2017.06.12 15:26:31.430,1.5052,1.50533,1.00,1.50
2017.06.12 15:26:32.095,1.50519,1.50534,1.10,1.00
2017.06.12 15:26:32.645,1.50518,1.50533,1.57,1.50
2017.06.12 15:26:33.294,1.50519,1.50534,1.00,2.25
2017.06.12 15:26:34.216,1.50516,1.5053,1.00,1.00
2017.06.12 15:26:34.540,1.50518,1.50533,1.00,2.25
2017.06.12 15:26:34.592,1.50518,1.50533,1.00,1.12
2017.06.12 15:26:36.043,1.50518,1.50532,1.00,1.00
2017.06.12 15:26:36.592,1.50517,1.50532,1.50,1.00
2017.06.12 15:26:37.102,1.50518,1.50532,1.00,1.00
2017.06.12 15:26:37.634,1.50518,1.50533,1.00,1.12
2017.06.12 15:26:39.217,1.50514,1.50529,2.32,1.00
2017.06.12 15:26:39.728,1.50514,1.50529,1.50,1.12
2017.06.12 15:26:40.422,1.50513,1.50528,1.00,1.00
2017.06.12 15:26:40.833,1.50513,1.50529,1.50,1.75
2017.06.12 15:26:40.936,1.50513,1.50529,1.50,1.87
2017.06.12 15:26:41.438,1.50513,1.50529,1.50,1.12
2017.06.12 15:26:41.540,1.50513,1.50529,1.50,1.87
2017.06.12 15:26:41.728,1.50515,1.50529,1.00,1.12
2017.06.12 15:26:41.830,1.50513,1.50529,1.50,1.12
2017.06.12 15:26:42.137,1.50515,1.5053,1.00,2.25
2017.06.12 15:26:42.664,1.50514,1.5053,1.00,2.25
2017.06.12 15:26:43.375,1.50515,1.50529,1.00,1.37
2017.06.12 15:26:43.999,1.50514,1.50529,1.50,1.37
2017.06.12 15:26:44.519,1.50514,1.5053,1.50,2.25
2017.06.12 15:26:45.054,1.50514,1.5053,1.00,2.25
2017.06.12 15:26:46.048,1.50513,1.5053,1.50,2.25
2017.06.12 15:26:46.375,1.50518,1.5053,1.00,1.75
2017.06.12 15:26:46.528,1.50518,1.50533,1.00,1.00
2017.06.12 15:26:47.441,1.50517,1.50533,1.00,1.50
2017.06.12 15:26:49.401,1.50516,1.50532,1.20,1.00
2017.06.12 15:26:49.750,1.50518,1.50535,1.45,2.25
2017.06.12 15:26:49.854,1.5052,1.50536,1.20,1.87
2017.06.12 15:26:49.956,1.50522,1.50536,1.10,1.75
2017.06.12 15:26:50.059,1.50522,1.50536,1.00,1.12
2017.06.12 15:26:50.616,1.50522,1.50535,1.00,1.00
2017.06.12 15:26:50.977,1.50527,1.50541,1.00,2.25
2017.06.12 15:26:51.184,1.50527,1.50541,1.00,2.25
2017.06.12 15:26:51.237,1.50524,1.5054,1.07,1.50
2017.06.12 15:26:51.768,1.50524,1.5054,1.10,1.50
2017.06.12 15:26:51.819,1.50528,1.50542,1.45,1.50
2017.06.12 15:26:51.973,1.5053,1.50545,1.20,1.75
2017.06.12 15:26:52.076,1.5053,1.50545,1.20,1.12
2017.06.12 15:26:52.606,1.50532,1.50546,1.00,1.00
2017.06.12 15:26:52.911,1.50528,1.50542,2.32,1.00
2017.06.12 15:26:53.417,1.50528,1.50544,1.00,1.75
2017.06.12 15:26:55.465,1.50527,1.50543,1.00,2.25
2017.06.12 15:26:55.889,1.50529,1.50543,1.00,1.75
2017.06.12 15:26:55.940,1.50527,1.50542,1.00,1.50
2017.06.12 15:26:56.856,1.50529,1.50543,1.00,1.75
2017.06.12 15:26:57.060,1.50529,1.50544,1.00,2.25
2017.06.12 15:26:57.518,1.50527,1.50544,1.00,1.50
2017.06.12 15:26:58.624,1.50527,1.50542,1.00,1.00
2017.06.12 15:26:59.145,1.50528,1.50543,1.00,1.12
2017.06.12 15:26:59.801,1.50527,1.50543,1.00,1.87
2017.06.12 15:27:00.314,1.50528,1.50543,1.00,1.12
2017.06.12 15:27:00.829,1.50527,1.50543,1.12,1.00
2017.06.12 15:27:00.882,1.50529,1.50544,1.00,1.50
2017.06.12 15:27:02.882,1.50527,1.50543,1.12,1.00
2017.06.12 15:27:02.938,1.50529,1.50543,1.00,1.00
2017.06.12 15:27:03.251,1.50526,1.50541,1.20,1.00
2017.06.12 15:27:03.804,1.50526,1.50542,1.00,1.87
2017.06.12 15:27:04.321,1.50525,1.50542,1.00,1.87
2017.06.12 15:27:04.932,1.50525,1.50542,1.00,2.25
2017.06.12 15:27:05.494,1.50525,1.50542,1.00,1.50
2017.06.12 15:27:05.699,1.50525,1.50541,1.00,1.75
2017.06.12 15:27:06.422,1.50526,1.5054,1.00,1.50
2017.06.12 15:27:06.905,1.50528,1.50541,1.00,1.75
2017.06.12 15:27:07.408,1.50527,1.50541,1.50,1.75
2017.06.12 15:27:07.918,1.50528,1.50541,1.00,1.75
2017.06.12 15:27:08.308,1.50529,1.50545,1.00,3.00
2017.06.12 15:27:08.818,1.5053,1.50545,1.10,1.75
2017.06.12 15:27:09.394,1.50529,1.50545,1.10,1.75
2017.06.12 15:27:09.496,1.50526,1.50544,1.95,1.50
2017.06.12 15:27:09.789,1.50528,1.50545,1.10,1.12
2017.06.12 15:27:09.892,1.50525,1.50542,2.32,1.00
2017.06.12 15:27:10.097,1.50525,1.50542,1.10,1.87
2017.06.12 15:27:10.676,1.50525,1.50542,1.10,1.87
2017.06.12 15:27:11.307,1.50523,1.50542,2.32,2.25
2017.06.12 15:27:11.359,1.50522,1.50539,1.95,1.50
2017.06.12 15:27:11.662,1.50519,1.50535,1.00,1.37
2017.06.12 15:27:11.970,1.50521,1.50535,1.00,1.50
2017.06.12 15:27:12.024,1.50521,1.50535,1.00,1.50
2017.06.12 15:27:12.922,1.50522,1.50535,1.00,1.50
2017.06.12 15:27:14.934,1.50523,1.50535,1.00,1.00
2017.06.12 15:27:15.039,1.50521,1.50536,1.10,1.12
2017.06.12 15:27:15.878,1.50521,1.50536,1.00,1.37
2017.06.12 15:27:16.770,1.5052,1.50537,1.10,1.75
2017.06.12 15:27:17.315,1.5052,1.50537,1.10,1.50
2017.06.12 15:27:18.077,1.5052,1.50537,1.07,1.50
2017.06.12 15:27:18.756,1.50524,1.50537,1.00,1.50
2017.06.12 15:27:18.909,1.50524,1.50539,1.20,1.50
2017.06.12 15:27:19.418,1.50525,1.50539,1.10,1.12
2017.06.12 15:27:19.935,1.50524,1.5054,1.20,1.12
2017.06.12 15:27:19.987,1.50526,1.50541,1.20,1.50
2017.06.12 15:27:20.292,1.50525,1.5054,1.10,1.00
2017.06.12 15:27:20.446,1.50523,1.50537,1.45,1.00
2017.06.12 15:27:20.600,1.50521,1.50536,1.10,1.37
2017.06.12 15:27:21.111,1.5052,1.50535,1.10,1.12
2017.06.12 15:27:21.612,1.50521,1.50535,1.00,1.12
2017.06.12 15:27:22.240,1.50517,1.50531,2.32,1.00
2017.06.12 15:27:22.292,1.50515,1.50531,1.95,1.00
2017.06.12 15:27:22.395,1.50511,1.50528,1.57,1.00
2017.06.12 15:27:22.447,1.50511,1.50527,1.20,1.00
2017.06.12 15:27:22.498,1.50511,1.50526,1.10,1.37
2017.06.12 15:27:22.808,1.50511,1.50527,1.45,1.12
2017.06.12 15:27:23.420,1.50512,1.50527,1.20,1.75
2017.06.12 15:27:23.933,1.50512,1.50526,1.10,1.50
2017.06.12 15:27:24.624,1.50511,1.50526,1.45,1.50
2017.06.12 15:27:24.829,1.50512,1.50528,1.45,1.12
2017.06.12 15:27:24.995,1.50516,1.50529,1.00,1.12
2017.06.12 15:27:25.510,1.50517,1.50529,1.00,1.12
2017.06.12 15:27:26.445,1.50518,1.50531,1.00,1.75
2017.06.12 15:27:26.752,1.5052,1.50531,1.00,1.00
2017.06.12 15:27:27.378,1.5052,1.5053,1.00,1.00
2017.06.12 15:27:27.582,1.50522,1.50534,1.00,1.50
2017.06.12 15:27:28.091,1.50522,1.50534,1.00,1.00
2017.06.12 15:27:28.624,1.50521,1.50534,1.00,1.00
2017.06.12 15:27:29.158,1.50522,1.50535,1.00,1.12
2017.06.12 15:27:32.718,1.50521,1.50535,1.00,1.12
2017.06.12 15:27:32.977,1.50518,1.50534,1.50,1.12
2017.06.12 15:27:33.028,1.50521,1.50534,1.00,1.00
2017.06.12 15:27:33.578,1.50522,1.50533,1.00,1.50
2017.06.12 15:27:34.091,1.50521,1.50533,1.00,1.00
2017.06.12 15:27:34.506,1.5052,1.50531,1.00,1.00
2017.06.12 15:27:34.728,1.5052,1.50533,1.00,1.50
2017.06.12 15:27:35.124,1.5052,1.50532,1.00,1.37
2017.06.12 15:27:35.482,1.50522,1.50532,1.00,1.50
2017.06.12 15:27:35.759,1.50523,1.50533,1.00,1.00
2017.06.12 15:27:36.304,1.50523,1.50536,1.00,3.00
2017.06.12 15:27:36.622,1.50521,1.50532,1.00,1.00
2017.06.12 15:27:37.171,1.5052,1.50532,1.00,1.00
2017.06.12 15:27:37.852,1.50517,1.5053,1.00,1.00
2017.06.12 15:27:38.815,1.50517,1.50529,1.00,1.00
2017.06.12 15:27:39.326,1.50514,1.50529,1.00,2.25
2017.06.12 15:27:39.640,1.50516,1.50528,1.00,1.00
2017.06.12 15:27:40.160,1.50516,1.50529,1.00,1.50
2017.06.12 15:27:40.662,1.50516,1.50528,1.00,1.00
2017.06.12 15:27:41.249,1.50516,1.50527,1.00,1.00
2017.06.12 15:27:41.504,1.50514,1.50527,1.00,1.00
2017.06.12 15:27:41.884,1.50515,1.50529,1.00,3.00
2017.06.12 15:27:42.138,1.50515,1.50527,1.00,1.00
2017.06.12 15:27:42.650,1.50514,1.50526,1.00,1.00
2017.06.12 15:27:43.161,1.50513,1.50526,1.00,1.00
2017.06.12 15:27:43.700,1.50513,1.50525,1.00,1.00
2017.06.12 15:27:45.075,1.50513,1.50526,1.00,1.00
2017.06.12 15:27:45.530,1.50514,1.5053,1.50,1.12
2017.06.12 15:27:45.963,1.50518,1.5053,1.00,2.25
2017.06.12 15:27:46.065,1.50519,1.50531,1.00,1.00
2017.06.12 15:27:46.461,1.50517,1.50532,1.00,1.87
2017.06.12 15:27:47.010,1.50518,1.50532,1.00,1.12
2017.06.12 15:27:47.805,1.50519,1.50532,1.00,1.12
2017.06.12 15:27:48.313,1.5052,1.50533,1.00,1.00
2017.06.12 15:27:51.243,1.5052,1.50532,1.00,1.00
2017.06.12 15:27:51.759,1.50519,1.50532,1.00,1.00
2017.06.12 15:27:51.861,1.50521,1.50533,1.00,1.12
2017.06.12 15:27:52.116,1.50521,1.50535,1.00,1.50
2017.06.12 15:27:52.269,1.5052,1.50533,1.00,1.00
2017.06.12 15:27:52.778,1.5052,1.50532,1.00,1.00
2017.06.12 15:27:53.081,1.50518,1.50532,1.00,1.00
2017.06.12 15:27:53.132,1.5052,1.50532,1.00,1.00
2017.06.12 15:27:54.454,1.50519,1.50532,1.00,1.50
2017.06.12 15:27:54.976,1.50519,1.50532,1.00,3.75
2017.06.12 15:27:55.341,1.50517,1.50532,1.00,3.00
2017.06.12 15:27:55.866,1.50518,1.50532,1.00,2.25
2017.06.12 15:27:56.369,1.50515,1.50531,1.00,1.87
2017.06.12 15:27:56.573,1.50515,1.50529,1.00,1.00
2017.06.12 15:27:58.259,1.50515,1.50528,1.00,1.00
2017.06.12 15:27:58.830,1.50513,1.50527,1.12,1.00
2017.06.12 15:27:59.301,1.50507,1.50521,1.87,1.00
2017.06.12 15:27:59.608,1.50509,1.50522,1.00,2.25
2017.06.12 15:28:00.158,1.50509,1.50522,1.00,1.75
2017.06.12 15:28:01.633,1.50508,1.50521,1.00,1.50
2017.06.12 15:28:01.973,1.50507,1.50517,1.00,1.00
2017.06.12 15:28:02.032,1.50505,1.50516,1.00,1.00
2017.06.12 15:28:02.543,1.50505,1.50517,1.00,1.50
2017.06.12 15:28:02.797,1.50507,1.50517,1.00,1.00
2017.06.12 15:28:03.299,1.50506,1.5052,1.00,1.75
2017.06.12 15:28:03.963,1.50505,1.50519,1.00,1.50
2017.06.12 15:28:04.268,1.5051,1.50519,1.00,1.00
2017.06.12 15:28:04.467,1.50512,1.50527,1.50,2.25
2017.06.12 15:28:04.569,1.50513,1.50527,1.00,2.25
2017.06.12 15:28:04.621,1.50513,1.50527,1.00,1.87
2017.06.12 15:28:05.212,1.50513,1.50526,1.00,1.00
2017.06.12 15:28:05.315,1.50513,1.50524,1.00,1.00
2017.06.12 15:28:06.241,1.50513,1.50527,1.00,1.12
2017.06.12 15:28:06.779,1.50514,1.50527,1.00,1.00
2017.06.12 15:28:08.066,1.50512,1.50527,1.50,1.00
2017.06.12 15:28:08.311,1.50511,1.50525,1.00,1.75
2017.06.12 15:28:08.622,1.50511,1.50525,1.00,1.00
2017.06.12 15:28:09.572,1.5051,1.50525,1.00,1.12
2017.06.12 15:28:10.611,1.5051,1.50524,1.00,1.00
2017.06.12 15:28:10.815,1.50507,1.50521,1.00,1.00
2017.06.12 15:28:11.122,1.50506,1.50519,1.00,1.00
2017.06.12 15:28:11.871,1.50506,1.5052,1.00,1.12
2017.06.12 15:28:12.422,1.50505,1.50519,1.00,1.00
2017.06.12 15:28:13.017,1.50505,1.5052,1.00,1.12
2017.06.12 15:28:13.608,1.50505,1.5052,1.00,1.75
2017.06.12 15:28:14.246,1.50505,1.50519,1.00,2.25
2017.06.12 15:28:17.419,1.50507,1.5052,1.00,1.75
2017.06.12 15:28:17.925,1.50507,1.50521,1.00,2.25
2017.06.12 15:28:18.027,1.50507,1.50521,1.00,2.25
2017.06.12 15:28:19.275,1.50507,1.5052,1.00,1.00
2017.06.12 15:28:19.682,1.50506,1.5052,1.00,1.37
2017.06.12 15:28:19.887,1.50504,1.50518,1.00,1.12
2017.06.12 15:28:19.990,1.50504,1.50518,1.00,1.37
2017.06.12 15:28:20.041,1.50501,1.50516,1.50,1.12
2017.06.12 15:28:20.195,1.50502,1.50517,1.50,1.50
2017.06.12 15:28:20.532,1.505,1.50513,1.50,3.00
2017.06.12 15:28:20.838,1.50505,1.50517,1.00,1.75
2017.06.12 15:28:20.940,1.50505,1.50517,1.00,1.50
2017.06.12 15:28:21.093,1.50503,1.50517,1.00,1.00
2017.06.12 15:28:21.449,1.50505,1.50519,1.00,2.25
2017.06.12 15:28:21.602,1.50503,1.50519,1.50,2.25
2017.06.12 15:28:21.750,1.5051,1.50523,1.00,1.75
2017.06.12 15:28:21.853,1.5051,1.50522,1.00,1.75
2017.06.12 15:28:21.905,1.50507,1.50522,1.00,1.37
2017.06.12 15:28:21.956,1.50507,1.50522,1.00,1.50
2017.06.12 15:28:22.528,1.50507,1.50522,1.00,1.50
2017.06.12 15:28:22.784,1.50505,1.50519,1.00,1.00
2017.06.12 15:28:23.129,1.50504,1.50518,1.00,1.50
2017.06.12 15:28:25.673,1.50503,1.50519,1.50,1.75
2017.06.12 15:28:25.980,1.50502,1.50517,1.00,1.75
2017.06.12 15:28:26.679,1.50501,1.50517,1.50,1.75
2017.06.12 15:28:26.986,1.50504,1.50519,1.00,2.25
2017.06.12 15:28:29.113,1.50504,1.50519,1.00,1.75
2017.06.12 15:28:29.657,1.50504,1.50519,1.00,1.75
2017.06.12 15:28:30.146,1.50507,1.5052,1.00,2.25
2017.06.12 15:28:30.393,1.50507,1.5052,1.00,1.50
2017.06.12 15:28:30.915,1.50507,1.50521,1.00,1.37
2017.06.12 15:28:31.397,1.50506,1.50517,1.00,1.00
2017.06.12 15:28:31.499,1.50504,1.50517,1.00,1.00
2017.06.12 15:28:31.601,1.50506,1.50517,1.00,1.37
2017.06.12 15:28:31.733,1.50506,1.50518,1.00,1.12
2017.06.12 15:28:32.246,1.50508,1.50519,1.00,1.50
2017.06.12 15:28:32.500,1.50505,1.50518,1.00,1.37
2017.06.12 15:28:32.704,1.50504,1.50518,1.00,1.50
2017.06.12 15:28:32.844,1.50504,1.50518,1.00,1.50
2017.06.12 15:28:32.897,1.50504,1.50518,1.00,1.50
2017.06.12 15:28:33.433,1.50503,1.50518,1.00,2.25
2017.06.12 15:28:34.139,1.50503,1.50516,1.00,2.25
2017.06.12 15:28:34.480,1.50505,1.50519,1.00,3.37
2017.06.12 15:28:34.583,1.50505,1.5052,1.00,2.25
2017.06.12 15:28:34.635,1.50506,1.5052,1.00,2.25
2017.06.12 15:28:35.030,1.50508,1.5052,1.00,1.75
2017.06.12 15:28:35.235,1.50512,1.50526,1.00,1.75
2017.06.12 15:28:35.780,1.50511,1.50526,1.00,2.25
2017.06.12 15:28:36.337,1.50512,1.50525,1.00,1.75
2017.06.12 15:28:37.239,1.50511,1.50526,1.00,2.25
2017.06.12 15:28:38.178,1.50512,1.50526,1.00,1.75
2017.06.12 15:28:38.382,1.50513,1.50527,1.00,1.50
2017.06.12 15:28:38.979,1.50512,1.50527,1.00,1.50
2017.06.12 15:28:40.450,1.50509,1.50526,1.50,1.12
2017.06.12 15:28:40.552,1.50509,1.50526,1.50,1.75
2017.06.12 15:28:41.732,1.5051,1.50525,1.00,1.50
2017.06.12 15:28:42.962,1.50511,1.50525,1.00,1.50
2017.06.12 15:28:43.252,1.50509,1.50525,1.00,1.50
2017.06.12 15:28:43.784,1.5051,1.50526,1.00,1.75
2017.06.12 15:28:44.194,1.50508,1.50525,1.50,1.50
2017.06.12 15:28:44.331,1.50508,1.50524,1.00,1.37
2017.06.12 15:28:45.505,1.50509,1.50523,1.00,1.75
2017.06.12 15:28:46.023,1.50508,1.50523,1.00,1.75
2017.06.12 15:28:46.561,1.50507,1.50522,1.00,1.50
2017.06.12 15:28:46.715,1.50505,1.50521,1.00,1.12
2017.06.12 15:28:46.920,1.50507,1.50523,1.00,1.75
2017.06.12 15:28:47.073,1.50507,1.50523,1.00,1.12
2017.06.12 15:28:47.125,1.50507,1.50523,1.00,1.37
2017.06.12 15:28:47.826,1.50508,1.50523,1.00,1.75
2017.06.12 15:28:49.044,1.50507,1.50523,1.00,1.50
2017.06.12 15:28:49.095,1.50507,1.50523,1.00,1.12
2017.06.12 15:28:50.043,1.50506,1.5052,1.00,1.00
2017.06.12 15:28:50.350,1.50508,1.50522,1.00,1.75
2017.06.12 15:28:50.504,1.50506,1.50523,1.00,1.75
2017.06.12 15:28:51.376,1.50507,1.50523,1.00,2.25
2017.06.12 15:28:51.581,1.50508,1.50524,1.00,1.75
2017.06.12 15:28:53.570,1.50508,1.50525,1.00,2.25
2017.06.12 15:28:53.673,1.50508,1.50525,1.00,2.25
2017.06.12 15:28:54.672,1.50508,1.50523,1.00,1.75
2017.06.12 15:28:55.180,1.50507,1.50523,1.00,2.25
2017.06.12 15:28:55.690,1.50504,1.50521,1.50,1.50
2017.06.12 15:28:56.218,1.50504,1.50519,1.00,1.00
2017.06.12 15:28:56.720,1.50503,1.50519,1.12,1.50
2017.06.12 15:28:57.533,1.50503,1.50519,1.00,1.87
2017.06.12 15:28:58.059,1.50504,1.50521,1.00,2.25
2017.06.12 15:28:58.213,1.50505,1.50522,1.12,1.00
2017.06.12 15:28:59.723,1.50505,1.50521,1.20,1.00
2017.06.12 15:29:00.330,1.50505,1.5052,1.12,1.00
2017.06.12 15:29:00.535,1.50507,1.50523,1.00,2.25
2017.06.12 15:29:01.080,1.50506,1.50523,1.00,1.50
2017.06.12 15:29:02.315,1.50508,1.50524,1.00,2.25
2017.06.12 15:29:02.896,1.50509,1.50525,1.00,3.00
2017.06.12 15:29:05.361,1.50508,1.50524,1.00,1.75
2017.06.12 15:29:05.677,1.50508,1.50525,1.10,1.87
2017.06.12 15:29:06.352,1.50509,1.50525,1.00,1.87
2017.06.12 15:29:07.731,1.50508,1.50524,1.10,1.12
2017.06.12 15:29:08.294,1.50509,1.50525,1.00,1.87
2017.06.12 15:29:08.540,1.50512,1.50528,1.00,1.87
2017.06.12 15:29:08.593,1.50512,1.50528,1.00,1.12
2017.06.12 15:29:08.819,1.50514,1.50528,1.00,1.00
2017.06.12 15:29:09.514,1.50515,1.50528,1.00,1.00
2017.06.12 15:29:10.032,1.50515,1.50529,1.10,1.00
2017.06.12 15:29:10.707,1.50515,1.50528,1.00,1.00
2017.06.12 15:29:12.353,1.50515,1.5053,1.00,1.00
2017.06.12 15:29:12.915,1.50515,1.50529,1.00,1.00
2017.06.12 15:29:13.588,1.50516,1.50529,1.00,1.00
2017.06.12 15:29:13.690,1.50518,1.5053,1.00,1.00
2017.06.12 15:29:13.741,1.50518,1.50532,1.00,1.12
2017.06.12 15:29:13.792,1.50518,1.5053,1.00,1.00
2017.06.12 15:29:14.324,1.50516,1.5053,1.57,1.00
2017.06.12 15:29:17.792,1.50515,1.50529,1.85,1.00
2017.06.12 15:29:22.045,1.50513,1.50527,1.85,1.00
2017.06.12 15:29:22.190,1.50513,1.50527,1.20,1.00
2017.06.12 15:29:22.705,1.50513,1.50528,1.20,1.00
2017.06.12 15:29:26.524,1.50513,1.5053,1.20,1.50
2017.06.12 15:29:27.902,1.50514,1.5053,1.00,1.50
2017.06.12 15:29:28.494,1.50515,1.50531,1.00,1.87
2017.06.12 15:29:30.084,1.50515,1.5053,1.10,1.00
2017.06.12 15:29:30.752,1.50514,1.50531,1.20,1.12
2017.06.12 15:29:31.394,1.5052,1.50535,1.00,1.75
2017.06.12 15:29:31.547,1.5052,1.50537,1.00,2.25
2017.06.12 15:29:31.598,1.50517,1.50532,2.70,1.00
2017.06.12 15:29:31.751,1.50515,1.50532,1.95,1.00
2017.06.12 15:29:31.853,1.50515,1.50532,1.20,1.12
2017.06.12 15:29:32.108,1.50518,1.50533,1.00,1.50
2017.06.12 15:29:32.478,1.50518,1.50534,1.10,1.87
2017.06.12 15:29:33.197,1.50517,1.50533,1.07,1.00
2017.06.12 15:29:33.744,1.50517,1.50534,1.07,1.12
2017.06.12 15:29:34.417,1.50519,1.50534,1.00,1.12
2017.06.12 15:29:35.419,1.50518,1.50534,1.10,1.12
2017.06.12 15:29:36.224,1.50518,1.50533,1.10,1.00
2017.06.12 15:29:37.530,1.5052,1.50537,1.00,1.75
2017.06.12 15:29:37.836,1.50524,1.50541,1.12,1.37
2017.06.12 15:29:37.887,1.50524,1.50541,1.12,1.00
2017.06.12 15:29:38.442,1.50525,1.50542,1.10,1.12
2017.06.12 15:29:38.494,1.50527,1.50542,1.00,1.12
2017.06.12 15:29:38.776,1.50522,1.50539,1.57,1.00
2017.06.12 15:29:39.134,1.50522,1.50541,2.70,1.12
2017.06.12 15:29:39.644,1.50524,1.5054,1.00,1.00
2017.06.12 15:29:40.352,1.50525,1.5054,1.00,1.00
2017.06.12 15:29:41.402,1.50523,1.5054,1.20,1.00
2017.06.12 15:29:41.914,1.50523,1.50539,1.00,1.87
2017.06.12 15:29:42.457,1.50523,1.50538,1.00,1.00
2017.06.12 15:29:42.713,1.50526,1.50539,1.00,1.00
2017.06.12 15:29:42.970,1.5053,1.50545,1.00,1.12
2017.06.12 15:29:43.497,1.5053,1.50544,1.00,1.00
2017.06.12 15:29:44.105,1.50529,1.50545,1.12,1.00
2017.06.12 15:29:44.669,1.50529,1.50545,1.50,1.00
2017.06.12 15:29:45.174,1.50527,1.50543,1.37,1.00
2017.06.12 15:29:45.226,1.50527,1.50544,1.00,1.50
2017.06.12 15:29:45.736,1.50527,1.50543,1.00,1.00
2017.06.12 15:29:45.939,1.5053,1.50544,1.00,1.00
2017.06.12 15:29:46.315,1.50528,1.50545,1.12,1.50
2017.06.12 15:29:46.569,1.5053,1.50545,1.00,1.00
2017.06.12 15:29:46.942,1.50528,1.50544,1.12,1.00
2017.06.12 15:29:47.157,1.5053,1.50545,1.00,1.00
2017.06.12 15:29:47.721,1.5053,1.50545,1.50,1.00
2017.06.12 15:29:49.237,1.5053,1.50546,1.50,1.50
2017.06.12 15:29:49.770,1.50531,1.50547,1.12,1.00
2017.06.12 15:29:50.279,1.50531,1.50546,1.12,1.00
2017.06.12 15:29:51.910,1.50531,1.50547,1.12,1.50
2017.06.12 15:29:52.401,1.5053,1.50545,1.50,1.50
2017.06.12 15:29:52.646,1.5053,1.50547,1.00,1.12
2017.06.12 15:29:53.049,1.5053,1.50545,1.00,1.00
2017.06.12 15:29:53.609,1.5053,1.50546,1.00,1.00
2017.06.12 15:29:55.097,1.5053,1.50547,1.50,1.12
2017.06.12 15:29:55.440,1.50534,1.50551,1.50,1.75
2017.06.12 15:29:55.595,1.50535,1.5055,1.50,1.37
2017.06.12 15:29:56.021,1.50537,1.50552,1.12,1.75
2017.06.12 15:29:56.174,1.50539,1.50555,1.00,1.75
2017.06.12 15:29:56.328,1.50539,1.50555,1.00,1.12
2017.06.12 15:29:56.923,1.5054,1.50557,1.00,1.75
2017.06.12 15:29:57.936,1.50541,1.50558,1.00,1.75
2017.06.12 15:29:58.038,1.50541,1.50557,1.00,1.00
2017.06.12 15:29:58.577,1.50542,1.50558,1.00,1.12
2017.06.12 15:30:00.636,1.50542,1.50557,1.00,1.00
2017.06.12 15:30:01.146,1.50542,1.50558,1.00,1.50
2017.06.12 15:30:01.675,1.50542,1.50558,1.00,1.50
2017.06.12 15:30:02.213,1.50542,1.50558,1.00,1.00
2017.06.12 15:30:03.321,1.50543,1.50559,1.00,1.12
2017.06.12 15:30:05.091,1.50541,1.50558,1.87,1.00
2017.06.12 15:30:07.528,1.50538,1.50556,2.25,1.00
2017.06.12 15:30:07.860,1.50534,1.5055,1.12,1.00
2017.06.12 15:30:08.015,1.50537,1.50552,1.00,1.12
2017.06.12 15:30:08.349,1.50541,1.50556,1.50,1.37
2017.06.12 15:30:08.453,1.50541,1.50557,1.50,1.50
2017.06.12 15:30:09.078,1.5054,1.50556,1.00,1.00
2017.06.12 15:30:09.283,1.50537,1.50556,2.25,1.12
2017.06.12 15:30:09.743,1.50539,1.50556,1.87,1.12
2017.06.12 15:30:10.352,1.5054,1.50558,1.50,1.50
2017.06.12 15:30:12.664,1.50538,1.50557,2.25,1.87
2017.06.12 15:30:12.716,1.50537,1.50552,1.75,1.00
2017.06.12 15:30:12.818,1.50538,1.5055,1.00,1.00
2017.06.12 15:30:13.023,1.50531,1.50549,1.87,1.00
2017.06.12 15:30:13.075,1.50531,1.50549,1.87,1.00
2017.06.12 15:30:13.805,1.50532,1.50551,1.12,2.62
2017.06.12 15:30:14.358,1.50533,1.50551,1.00,1.87
2017.06.12 15:30:15.023,1.50532,1.5055,1.12,1.12
2017.06.12 15:30:15.125,1.50533,1.50551,1.50,1.00
2017.06.12 15:30:15.795,1.50534,1.50551,1.00,1.50
2017.06.12 15:30:17.778,1.50535,1.50549,1.00,1.00
2017.06.12 15:30:18.320,1.50535,1.5055,1.00,1.87
2017.06.12 15:30:18.798,1.50536,1.50551,1.37,1.50
2017.06.12 15:30:19.132,1.50535,1.50549,1.75,1.00
2017.06.12 15:30:19.236,1.50535,1.50549,1.87,1.00
2017.06.12 15:30:19.338,1.50535,1.50551,1.87,1.00
2017.06.12 15:30:20.919,1.50534,1.50551,1.87,1.00
2017.06.12 15:30:21.444,1.50534,1.50549,1.75,1.00
2017.06.12 15:30:21.952,1.50534,1.5055,1.75,1.50
2017.06.12 15:30:22.387,1.50532,1.50548,1.75,1.00
2017.06.12 15:30:22.439,1.50531,1.50548,3.75,1.00
2017.06.12 15:30:22.540,1.50531,1.50548,1.87,1.00
2017.06.12 15:30:22.694,1.50531,1.50546,1.12,1.00
2017.06.12 15:30:23.273,1.50532,1.50546,1.00,1.00
2017.06.12 15:30:24.427,1.50532,1.50548,1.00,1.00
2017.06.12 15:30:26.179,1.50533,1.50548,1.00,1.00
2017.06.12 15:30:26.230,1.50531,1.50548,1.12,1.00
2017.06.12 15:30:26.624,1.50533,1.50549,1.00,1.87
2017.06.12 15:30:27.745,1.50535,1.50549,1.00,1.12
2017.06.12 15:30:28.290,1.50534,1.5055,1.50,1.87
2017.06.12 15:30:29.307,1.50533,1.50549,1.50,1.87
2017.06.12 15:30:29.613,1.50533,1.50549,1.50,1.75
2017.06.12 15:30:30.229,1.50533,1.50549,1.00,1.12
2017.06.12 15:30:30.331,1.50533,1.50549,1.00,1.37
2017.06.12 15:30:33.639,1.50533,1.5055,1.00,2.25
2017.06.12 15:30:35.413,1.50533,1.50545,1.00,1.00
2017.06.12 15:30:36.375,1.50532,1.50545,1.00,1.00
2017.06.12 15:30:36.730,1.50529,1.50541,1.75,1.00
2017.06.12 15:30:36.834,1.50528,1.5054,1.87,1.00
2017.06.12 15:30:37.349,1.50525,1.50539,1.75,1.00
2017.06.12 15:30:39.910,1.50525,1.5054,1.87,1.00
2017.06.12 15:30:41.757,1.50522,1.50532,1.12,1.00
2017.06.12 15:30:41.860,1.50518,1.5053,2.62,1.00
2017.06.12 15:30:41.962,1.50517,1.5053,1.75,1.00
2017.06.12 15:30:42.065,1.50517,1.5053,1.12,1.00
2017.06.12 15:30:42.573,1.50517,1.50529,1.12,1.00
2017.06.12 15:30:43.540,1.50516,1.50529,1.00,1.00
2017.06.12 15:30:44.057,1.50516,1.5053,1.00,1.00
2017.06.12 15:30:44.379,1.50512,1.50527,2.32,1.50
2017.06.12 15:30:44.637,1.50511,1.50525,1.50,1.00
2017.06.12 15:30:45.575,1.50511,1.50527,1.00,1.00
2017.06.12 15:30:46.322,1.50515,1.50528,1.00,1.12
2017.06.12 15:30:46.629,1.50515,1.50531,1.12,1.00
2017.06.12 15:30:47.093,1.50516,1.50533,1.00,1.12
2017.06.12 15:30:47.840,1.50518,1.50533,1.12,1.00
2017.06.12 15:30:48.045,1.50521,1.50537,1.00,1.50
2017.06.12 15:30:48.149,1.50521,1.50537,1.75,1.00
2017.06.12 15:30:48.304,1.50521,1.50537,1.12,1.00
2017.06.12 15:30:48.991,1.5052,1.50539,3.37,1.87
2017.06.12 15:30:49.934,1.5052,1.50539,4.50,1.87
2017.06.12 15:30:50.417,1.5052,1.50536,1.50,1.00
2017.06.12 15:30:50.676,1.50517,1.50534,2.25,1.00
2017.06.12 15:30:51.360,1.50517,1.50535,3.00,1.50
2017.06.12 15:30:51.736,1.5052,1.50538,1.00,2.62
2017.06.12 15:30:51.788,1.5052,1.50538,1.12,2.62
2017.06.12 15:30:51.839,1.5052,1.50538,1.50,2.62
2017.06.12 15:30:52.246,1.5052,1.50536,1.75,1.00
2017.06.12 15:30:52.681,1.50521,1.50539,2.25,1.00
2017.06.12 15:30:52.784,1.50521,1.50538,1.50,1.00
2017.06.12 15:30:53.795,1.50523,1.50538,1.00,1.00
2017.06.12 15:30:55.010,1.50525,1.50539,1.00,1.00
2017.06.12 15:30:55.520,1.50526,1.5054,1.00,1.12
2017.06.12 15:30:56.492,1.50525,1.50541,1.00,1.50
2017.06.12 15:30:57.041,1.50524,1.50542,1.50,2.25
2017.06.12 15:30:57.600,1.50523,1.5054,1.50,1.12
2017.06.12 15:30:57.912,1.50524,1.50541,2.25,1.37
2017.06.12 15:30:58.532,1.50524,1.50541,1.87,1.12
2017.06.12 15:30:59.079,1.50526,1.50541,1.00,1.12
2017.06.12 15:31:00.363,1.50528,1.50543,1.00,1.75
2017.06.12 15:31:00.466,1.50529,1.50543,1.00,1.00
2017.06.12 15:31:00.518,1.50529,1.50546,1.00,1.50
2017.06.12 15:31:00.621,1.50526,1.50543,2.25,1.00
2017.06.12 15:31:00.928,1.50525,1.50543,2.62,1.37
2017.06.12 15:31:00.981,1.50525,1.50543,3.00,1.00
2017.06.12 15:31:01.524,1.50525,1.50543,2.62,1.00
2017.06.12 15:31:02.037,1.50526,1.50544,1.50,2.62
2017.06.12 15:31:02.566,1.50527,1.50543,1.12,1.50
2017.06.12 15:31:03.096,1.50527,1.50543,1.37,1.50
2017.06.12 15:31:03.198,1.50527,1.50541,1.37,1.00
2017.06.12 15:31:03.606,1.50528,1.50545,1.00,1.50
2017.06.12 15:31:03.912,1.50528,1.50543,1.00,1.00
2017.06.12 15:31:04.119,1.50528,1.50545,1.00,1.00
2017.06.12 15:31:04.222,1.50526,1.50543,1.75,1.00
2017.06.12 15:31:05.922,1.50528,1.50544,1.00,1.00
2017.06.12 15:31:06.873,1.50528,1.50545,1.00,1.00
2017.06.12 15:31:07.417,1.50528,1.50543,1.00,1.00
2017.06.12 15:31:08.240,1.5053,1.50545,1.00,1.50
2017.06.12 15:31:08.546,1.5053,1.50546,2.25,1.00
2017.06.12 15:31:09.112,1.5053,1.50547,1.00,1.87
2017.06.12 15:31:09.642,1.5053,1.50546,1.00,1.00
2017.06.12 15:31:10.702,1.5053,1.50547,2.25,1.12
2017.06.12 15:31:11.071,1.50531,1.50547,1.37,1.12
2017.06.12 15:31:11.589,1.50531,1.50547,2.25,1.00
2017.06.12 15:31:11.895,1.50534,1.50549,1.50,1.00
2017.06.12 15:31:12.200,1.5053,1.50546,1.00,1.00
2017.06.12 15:31:12.782,1.5053,1.50546,1.87,1.00
2017.06.12 15:31:13.364,1.5053,1.50547,1.37,1.50
2017.06.12 15:31:13.562,1.50529,1.50547,2.62,1.50
2017.06.12 15:31:13.918,1.50529,1.50545,3.37,1.00
2017.06.12 15:31:16.137,1.50529,1.50546,3.37,1.50
2017.06.12 15:31:16.443,1.5053,1.50547,2.25,1.50
2017.06.12 15:31:16.699,1.50529,1.50545,1.87,1.00
2017.06.12 15:31:16.801,1.50529,1.50542,1.37,1.00
2017.06.12 15:31:16.955,1.50527,1.50542,1.00,1.00
2017.06.12 15:31:17.472,1.50527,1.50543,1.00,1.50
2017.06.12 15:31:18.866,1.50531,1.50546,1.00,1.37
2017.06.12 15:31:18.918,1.50532,1.50546,1.50,1.12
2017.06.12 15:31:19.020,1.50533,1.5055,1.50,3.00
2017.06.12 15:31:19.575,1.50533,1.50548,1.50,1.00
2017.06.12 15:31:20.232,1.50533,1.50549,2.25,1.00
2017.06.12 15:31:20.742,1.50533,1.50548,1.50,1.00
2017.06.12 15:31:21.356,1.50531,1.50546,1.75,1.00
2017.06.12 15:31:21.509,1.50531,1.50546,1.00,1.00
2017.06.12 15:31:21.902,1.50529,1.50546,1.00,1.12
2017.06.12 15:31:22.775,1.5053,1.50547,1.50,1.50
2017.06.12 15:31:22.994,1.50532,1.5055,1.00,1.87
2017.06.12 15:31:23.045,1.50531,1.5055,2.25,2.62
2017.06.12 15:31:23.454,1.5053,1.50547,4.20,1.00
2017.06.12 15:31:23.761,1.50527,1.5054,1.87,1.00
2017.06.12 15:31:23.812,1.50527,1.5054,1.00,1.00
2017.06.12 15:31:25.492,1.50525,1.50539,1.75,1.00
2017.06.12 15:31:25.702,1.50525,1.50541,1.75,1.00
2017.06.12 15:31:27.748,1.50526,1.50543,1.58,1.00
2017.06.12 15:31:28.699,1.50526,1.50541,1.58,1.00
2017.06.12 15:31:29.078,1.50527,1.50543,1.12,1.00
2017.06.12 15:31:29.231,1.50525,1.50542,1.85,1.50
2017.06.12 15:31:29.335,1.50525,1.50542,1.75,1.00
2017.06.12 15:31:29.692,1.50523,1.50537,1.82,1.00
2017.06.12 15:31:29.953,1.5052,1.50535,1.75,1.00
2017.06.12 15:31:30.005,1.50518,1.50535,1.85,1.00
2017.06.12 15:31:31.430,1.50518,1.50535,1.57,1.00
2017.06.12 15:31:31.957,1.5052,1.50536,1.50,1.00
2017.06.12 15:31:32.649,1.5052,1.50537,1.57,1.50
2017.06.12 15:31:33.177,1.5052,1.50536,1.50,1.00
2017.06.12 15:31:33.330,1.50522,1.50538,1.00,1.00
2017.06.12 15:31:33.649,1.5052,1.50536,3.00,1.00
2017.06.12 15:31:33.953,1.50525,1.50541,1.00,1.00
2017.06.12 15:31:34.005,1.50525,1.50541,1.37,1.00
2017.06.12 15:31:34.552,1.50527,1.50542,1.50,1.00
2017.06.12 15:31:35.089,1.50527,1.50543,1.50,1.00
2017.06.12 15:31:35.620,1.5053,1.50545,1.00,1.00
2017.06.12 15:31:35.829,1.5053,1.50547,1.12,1.12
2017.06.12 15:31:35.880,1.5053,1.50547,1.50,1.50
2017.06.12 15:31:36.627,1.5053,1.50548,1.50,1.50
2017.06.12 15:31:37.805,1.50532,1.50549,1.12,1.00
2017.06.12 15:31:38.666,1.50533,1.5055,1.00,1.12
2017.06.12 15:31:39.470,1.50533,1.5055,2.32,1.12
2017.06.12 15:31:40.068,1.50537,1.50553,1.00,2.25
2017.06.12 15:31:40.170,1.50537,1.50554,1.20,2.25
2017.06.12 15:31:40.375,1.50537,1.50554,2.62,1.00
2017.06.12 15:31:40.682,1.50534,1.50551,1.95,1.00
2017.06.12 15:31:41.222,1.50535,1.50552,1.75,1.00
2017.06.12 15:31:41.764,1.50536,1.50553,1.50,1.00
2017.06.12 15:31:42.306,1.50535,1.50552,3.00,1.00
2017.06.12 15:31:43.012,1.50536,1.50552,1.87,1.00
2017.06.12 15:31:43.545,1.50536,1.50552,1.87,1.00
2017.06.12 15:31:43.850,1.50538,1.50555,1.50,1.50
2017.06.12 15:31:43.902,1.50539,1.50555,1.12,1.00
2017.06.12 15:31:44.932,1.5054,1.50557,1.87,1.00
2017.06.12 15:31:45.220,1.50545,1.50559,1.00,1.12
2017.06.12 15:31:45.476,1.50545,1.50561,1.50,1.00
2017.06.12 15:31:45.793,1.50547,1.50563,1.50,1.00
2017.06.12 15:31:45.946,1.50547,1.50561,1.50,1.00
2017.06.12 15:31:46.449,1.50548,1.50562,1.00,1.00
2017.06.12 15:31:46.943,1.50548,1.50564,2.25,1.00
2017.06.12 15:31:47.446,1.50548,1.50565,2.25,1.50
2017.06.12 15:31:47.981,1.5055,1.50566,1.00,1.50
2017.06.12 15:31:48.577,1.50551,1.50566,1.00,1.00
2017.06.12 15:31:49.090,1.50551,1.50567,1.50,1.00
2017.06.12 15:31:49.244,1.50553,1.50568,1.57,1.00
2017.06.12 15:31:50.460,1.50554,1.5057,1.20,1.00
2017.06.12 15:31:50.664,1.50553,1.50568,1.95,1.00
2017.06.12 15:31:51.192,1.50553,1.50568,1.57,1.00
2017.06.12 15:31:53.003,1.50553,1.50569,1.57,1.00
2017.06.12 15:31:53.270,1.50554,1.50571,1.50,1.00
2017.06.12 15:31:53.373,1.50555,1.50571,1.45,1.00
2017.06.12 15:31:53.779,1.50556,1.50573,1.95,1.00
2017.06.12 15:31:54.900,1.50555,1.50572,2.70,1.00
2017.06.12 15:31:55.002,1.50555,1.50572,1.95,1.87
2017.06.12 15:31:55.590,1.50555,1.50572,1.20,2.62
2017.06.12 15:31:56.140,1.50555,1.50572,1.10,2.62
2017.06.12 15:31:56.208,1.50557,1.50572,1.00,1.87
2017.06.12 15:31:56.806,1.50556,1.50571,1.00,1.00
2017.06.12 15:31:56.857,1.50554,1.5057,1.20,1.00
2017.06.12 15:31:58.461,1.50552,1.50569,2.32,1.00
2017.06.12 15:31:58.513,1.50552,1.50567,2.32,1.00
2017.06.12 15:31:58.716,1.50551,1.50567,1.10,1.50
2017.06.12 15:31:59.357,1.50551,1.50566,1.50,1.00
2017.06.12 15:31:59.969,1.50551,1.50564,1.50,1.00
2017.06.12 15:32:00.437,1.50553,1.50564,1.00,1.00
2017.06.12 15:32:00.771,1.50553,1.50566,1.00,1.00
2017.06.12 15:32:00.929,1.50551,1.50566,2.32,1.00
2017.06.12 15:32:01.431,1.50551,1.50568,2.25,1.50
2017.06.12 15:32:01.946,1.50553,1.50569,1.00,1.50
2017.06.12 15:32:02.460,1.50553,1.50568,1.00,1.00
2017.06.12 15:32:02.911,1.5055,1.50566,2.70,1.00
2017.06.12 15:32:03.013,1.50552,1.50567,1.10,1.00
2017.06.12 15:32:03.521,1.50553,1.50568,1.00,1.00
2017.06.12 15:32:04.070,1.50552,1.50567,1.00,1.00
2017.06.12 15:32:04.913,1.50552,1.5057,1.00,3.00
2017.06.12 15:32:05.118,1.50552,1.50568,1.00,1.00
2017.06.12 15:32:05.631,1.50552,1.50567,1.00,1.50
2017.06.12 15:32:06.058,1.50552,1.50569,1.50,1.50
2017.06.12 15:32:06.109,1.50554,1.50569,1.00,1.00
2017.06.12 15:32:06.421,1.50554,1.5057,1.75,1.00
2017.06.12 15:32:07.351,1.50554,1.50571,1.75,1.00
2017.06.12 15:32:07.657,1.50556,1.50572,1.57,1.00
2017.06.12 15:32:07.810,1.50557,1.50574,1.37,1.00
2017.06.12 15:32:08.497,1.50561,1.50575,1.12,1.00
2017.06.12 15:32:08.548,1.50561,1.50578,1.12,1.00
2017.06.12 15:32:09.057,1.50561,1.50577,1.12,1.00
2017.06.12 15:32:09.571,1.50562,1.50577,1.00,1.00
2017.06.12 15:32:09.842,1.50564,1.50578,1.00,1.00
2017.06.12 15:32:10.266,1.50562,1.50577,1.20,1.00
2017.06.12 15:32:10.317,1.50564,1.50577,1.12,1.00
2017.06.12 15:32:10.645,1.50561,1.50575,1.50,1.00
2017.06.12 15:32:10.748,1.50563,1.50577,1.00,1.00
2017.06.12 15:32:11.154,1.50565,1.5058,1.00,1.12
2017.06.12 15:32:11.410,1.50568,1.50581,1.00,1.50
2017.06.12 15:32:11.761,1.50576,1.50584,1.00,1.00
2017.06.12 15:32:11.812,1.50578,1.5059,1.00,1.50
2017.06.12 15:32:11.865,1.50576,1.5059,1.00,1.37
2017.06.12 15:32:12.071,1.50579,1.5059,1.00,1.00
2017.06.12 15:32:12.225,1.5058,1.50592,1.12,1.00
2017.06.12 15:32:13.161,1.50579,1.50593,2.25,1.00
2017.06.12 15:32:13.667,1.50579,1.50594,1.12,1.00
2017.06.12 15:32:14.414,1.50579,1.50594,2.25,1.50
2017.06.12 15:32:14.925,1.50582,1.50595,1.00,1.50
2017.06.12 15:32:15.435,1.50582,1.50594,1.00,1.00
2017.06.12 15:32:16.385,1.50579,1.5059,1.00,1.00
2017.06.12 15:32:16.693,1.5058,1.50592,1.00,1.12
2017.06.12 15:32:17.123,1.50578,1.50592,1.00,1.00
2017.06.12 15:32:17.175,1.5058,1.50592,1.00,1.00
2017.06.12 15:32:17.330,1.50581,1.50594,1.00,1.00
2017.06.12 15:32:17.434,1.50583,1.50594,1.00,1.00
2017.06.12 15:32:17.766,1.5058,1.50593,1.12,1.00
2017.06.12 15:32:19.028,1.50581,1.50593,1.00,1.00
2017.06.12 15:32:19.386,1.50582,1.50595,1.00,1.00
2017.06.12 15:32:19.728,1.50584,1.50596,1.00,1.00
2017.06.12 15:32:20.482,1.50589,1.50598,1.00,1.12
2017.06.12 15:32:20.534,1.50586,1.50598,1.00,1.12
2017.06.12 15:32:20.585,1.50588,1.50599,1.00,1.37
2017.06.12 15:32:20.942,1.50586,1.50599,1.12,1.00
2017.06.12 15:32:21.455,1.50586,1.50598,1.12,1.00
2017.06.12 15:32:21.952,1.50588,1.506,1.00,1.00
2017.06.12 15:32:22.260,1.50589,1.50602,1.00,1.00
2017.06.12 15:32:23.181,1.50589,1.50601,1.00,1.00
2017.06.12 15:32:23.930,1.5059,1.50601,1.00,1.00
2017.06.12 15:32:25.188,1.5059,1.50602,1.00,1.00
2017.06.12 15:32:25.737,1.5059,1.50603,1.00,1.00
2017.06.12 15:32:25.944,1.50592,1.50605,1.00,1.50
2017.06.12 15:32:26.463,1.50591,1.50603,1.00,1.00
2017.06.12 15:32:26.858,1.50594,1.50606,1.00,1.00
2017.06.12 15:32:27.378,1.50593,1.50606,1.00,1.00
2017.06.12 15:32:27.789,1.50595,1.50607,1.00,1.00
2017.06.12 15:32:28.750,1.50595,1.50608,1.00,1.00
2017.06.12 15:32:29.259,1.50596,1.50608,1.00,1.00
2017.06.12 15:32:29.775,1.50594,1.50607,1.00,1.00
2017.06.12 15:32:30.283,1.50592,1.50606,1.50,1.00
2017.06.12 15:32:30.797,1.50598,1.50609,1.00,1.00
2017.06.12 15:32:31.001,1.506,1.50612,1.00,1.00
2017.06.12 15:32:31.507,1.50596,1.5061,1.12,1.00
2017.06.12 15:32:31.711,1.50598,1.5061,1.00,1.00
2017.06.12 15:32:31.813,1.50599,1.50613,1.00,1.37
2017.06.12 15:32:32.349,1.50599,1.50613,1.00,1.00
2017.06.12 15:32:32.962,1.50599,1.50614,1.00,1.00
2017.06.12 15:32:33.064,1.50601,1.50614,1.00,1.00
2017.06.12 15:32:33.268,1.50599,1.50614,1.12,1.00
2017.06.12 15:32:35.112,1.50597,1.50612,1.75,1.00
2017.06.12 15:32:35.370,1.50597,1.50612,1.00,1.12
2017.06.12 15:32:36.100,1.50597,1.50611,1.00,1.00
2017.06.12 15:32:36.605,1.50597,1.50612,1.00,1.12
2017.06.12 15:32:37.437,1.50597,1.50611,1.00,1.00
2017.06.12 15:32:37.801,1.50599,1.50613,1.00,2.25
2017.06.12 15:32:38.366,1.506,1.50613,1.00,1.00
2017.06.12 15:32:38.418,1.506,1.50615,1.00,1.12
2017.06.12 15:32:38.623,1.50602,1.50615,1.00,1.00
2017.06.12 15:32:39.094,1.50599,1.50613,1.00,1.00
2017.06.12 15:32:39.978,1.506,1.50613,1.00,1.00
2017.06.12 15:32:40.610,1.50601,1.50614,1.00,1.00
2017.06.12 15:32:41.136,1.50601,1.50613,1.00,1.00
2017.06.12 15:32:42.350,1.50602,1.50614,1.00,1.00
2017.06.12 15:32:42.862,1.50603,1.50613,1.00,1.00
2017.06.12 15:32:43.387,1.50596,1.5061,1.75,1.00
2017.06.12 15:32:43.491,1.50596,1.50608,1.50,1.00
2017.06.12 15:32:43.813,1.50593,1.50608,1.50,1.00
2017.06.12 15:32:44.325,1.50595,1.50608,1.12,1.00
2017.06.12 15:32:44.884,1.50596,1.50608,1.00,1.00
2017.06.12 15:32:45.240,1.506,1.50614,1.00,1.50
2017.06.12 15:32:47.523,1.50601,1.50613,1.00,1.12
2017.06.12 15:32:47.575,1.50599,1.50612,1.00,1.00
2017.06.12 15:32:47.706,1.506,1.50615,1.00,1.50
2017.06.12 15:32:48.323,1.50601,1.50615,1.00,1.00
2017.06.12 15:32:49.287,1.50601,1.50613,1.00,1.00
2017.06.12 15:32:49.877,1.506,1.50613,1.00,1.00
2017.06.12 15:32:50.206,1.50594,1.50609,1.00,1.07
2017.06.12 15:32:50.308,1.50593,1.50609,1.00,1.85
2017.06.12 15:32:51.495,1.50588,1.50605,1.87,1.00
2017.06.12 15:32:51.547,1.50588,1.50603,1.12,1.00
2017.06.12 15:32:52.048,1.50587,1.50603,1.00,1.00
2017.06.12 15:32:52.564,1.50586,1.50603,1.12,1.20
2017.06.12 15:32:52.869,1.50584,1.506,1.75,1.00
2017.06.12 15:32:53.022,1.50584,1.50601,1.87,1.00
2017.06.12 15:32:53.568,1.50583,1.506,2.25,1.00
2017.06.12 15:32:53.993,1.50583,1.50598,1.50,1.00
2017.06.12 15:32:54.147,1.50581,1.50596,1.12,1.00
2017.06.12 15:32:54.415,1.50581,1.50598,1.87,1.50
2017.06.12 15:32:55.690,1.50581,1.50599,1.87,1.50
2017.06.12 15:32:56.207,1.50582,1.50599,1.00,2.25
2017.06.12 15:32:56.743,1.50583,1.50599,1.00,2.25
2017.06.12 15:32:57.280,1.50584,1.50599,1.00,1.50
2017.06.12 15:32:58.000,1.50583,1.50599,1.00,1.50
2017.06.12 15:32:58.533,1.50584,1.50599,1.00,1.00
2017.06.12 15:33:01.315,1.50583,1.50599,2.25,1.50
2017.06.12 15:33:01.657,1.50586,1.50599,1.00,1.00
2017.06.12 15:33:01.709,1.50587,1.50602,1.00,2.25
2017.06.12 15:33:02.223,1.50587,1.50602,1.00,1.50
2017.06.12 15:33:02.479,1.50584,1.50599,1.37,1.00
2017.06.12 15:33:02.827,1.50588,1.506,1.00,1.00
2017.06.12 15:33:03.082,1.50589,1.50602,1.00,2.25
2017.06.12 15:33:03.593,1.5059,1.50602,1.00,1.50
2017.06.12 15:33:04.140,1.50589,1.50603,1.00,1.00
2017.06.12 15:33:04.647,1.50588,1.50604,1.12,2.25
2017.06.12 15:33:05.086,1.5059,1.50604,1.00,1.00
2017.06.12 15:33:05.189,1.50587,1.50602,1.50,1.00
2017.06.12 15:33:05.240,1.50587,1.506,1.00,1.00
2017.06.12 15:33:05.343,1.50585,1.506,1.12,1.50
2017.06.12 15:33:05.547,1.50585,1.50597,1.00,1.00
2017.06.12 15:33:06.260,1.50582,1.50595,1.50,1.00
2017.06.12 15:33:06.363,1.50579,1.50593,1.50,1.00
2017.06.12 15:33:06.767,1.50579,1.50595,1.00,1.12
2017.06.12 15:33:06.869,1.50581,1.50596,1.00,1.50
2017.06.12 15:33:07.175,1.50581,1.50593,1.00,1.00
2017.06.12 15:33:07.730,1.50578,1.50594,1.20,1.87
2017.06.12 15:33:07.892,1.50576,1.50593,1.87,1.00
2017.06.12 15:33:08.565,1.50577,1.50593,1.00,1.00
2017.06.12 15:33:09.366,1.50578,1.50593,1.00,1.00
2017.06.12 15:33:10.033,1.50577,1.50593,1.50,1.00
2017.06.12 15:33:10.829,1.50576,1.50593,2.62,1.00
2017.06.12 15:33:11.355,1.50577,1.50593,1.00,1.00
2017.06.12 15:33:12.015,1.50577,1.50594,1.00,1.87
2017.06.12 15:33:13.711,1.50578,1.50594,1.00,1.12
2017.06.12 15:33:14.052,1.50581,1.50594,1.00,1.12
2017.06.12 15:33:14.154,1.50582,1.50596,1.00,1.12
2017.06.12 15:33:14.690,1.50583,1.50597,1.00,1.00
2017.06.12 15:33:15.169,1.50588,1.506,1.00,1.50
2017.06.12 15:33:15.221,1.50586,1.50603,1.20,2.25
2017.06.12 15:33:15.272,1.50586,1.50603,1.87,1.50
2017.06.12 15:33:15.785,1.50585,1.50601,1.12,1.00
2017.06.12 15:33:16.313,1.50585,1.50601,1.50,1.00
2017.06.12 15:33:16.958,1.50584,1.506,1.12,1.50
2017.06.12 15:33:17.060,1.50584,1.506,1.50,1.00
2017.06.12 15:33:17.163,1.50584,1.50596,1.00,1.00
2017.06.12 15:33:17.482,1.50584,1.50598,1.00,1.00
2017.06.12 15:33:17.810,1.50581,1.50595,1.75,1.00
2017.06.12 15:33:18.172,1.50583,1.50597,1.00,1.50
2017.06.12 15:33:19.267,1.50581,1.50596,1.75,1.00
2017.06.12 15:33:20.410,1.5058,1.50595,3.07,1.00
2017.06.12 15:33:20.616,1.50579,1.50593,1.95,1.00
2017.06.12 15:33:20.668,1.50579,1.50593,1.12,1.00
2017.06.12 15:33:21.200,1.50581,1.50594,1.12,1.00
2017.06.12 15:33:21.928,1.50581,1.50595,1.12,1.00
2017.06.12 15:33:22.432,1.50581,1.50594,1.12,1.00
2017.06.12 15:33:22.942,1.50581,1.50595,1.12,1.00
2017.06.12 15:33:23.809,1.50579,1.50594,1.85,1.00
2017.06.12 15:33:23.962,1.5058,1.50597,1.50,2.25
2017.06.12 15:33:24.489,1.50581,1.50597,1.37,1.50
2017.06.12 15:33:25.059,1.5058,1.50597,1.37,1.87
2017.06.12 15:33:25.697,1.50581,1.50596,1.00,1.00
2017.06.12 15:33:25.850,1.50582,1.50597,1.37,1.00
2017.06.12 15:33:26.384,1.50582,1.50598,1.50,1.00
2017.06.12 15:33:26.900,1.50586,1.50599,1.00,1.12
2017.06.12 15:33:27.258,1.50586,1.50601,1.00,1.00
2017.06.12 15:33:27.309,1.50586,1.50598,1.00,1.00
2017.06.12 15:33:27.685,1.50583,1.506,1.00,2.25
2017.06.12 15:33:27.845,1.50581,1.50596,1.95,1.00
2017.06.12 15:33:28.152,1.50583,1.50597,1.00,1.12
2017.06.12 15:33:28.787,1.50585,1.50598,1.00,1.50
2017.06.12 15:33:29.144,1.50586,1.50599,1.00,1.00
2017.06.12 15:33:29.679,1.50586,1.506,1.00,2.62
2017.06.12 15:33:30.217,1.50585,1.506,1.00,1.87
2017.06.12 15:33:30.473,1.50585,1.50597,1.00,1.00
2017.06.12 15:33:30.828,1.50584,1.506,1.00,2.62
2017.06.12 15:33:31.331,1.50584,1.50599,1.00,1.00
2017.06.12 15:33:31.434,1.50587,1.50599,1.00,1.00
2017.06.12 15:33:31.690,1.50589,1.50603,1.00,1.00
2017.06.12 15:33:31.742,1.50589,1.50603,1.00,1.37
2017.06.12 15:33:32.047,1.50587,1.50604,1.00,2.25
2017.06.12 15:33:32.755,1.50586,1.50602,1.00,1.50
2017.06.12 15:33:34.042,1.50585,1.50602,1.00,1.50
2017.06.12 15:33:34.245,1.50584,1.50601,1.00,1.87
2017.06.12 15:33:34.777,1.50584,1.50601,1.00,3.00
2017.06.12 15:33:35.328,1.50585,1.50601,1.00,1.12
2017.06.12 15:33:36.175,1.50586,1.50601,1.00,1.12
2017.06.12 15:33:38.074,1.50584,1.50601,1.00,1.87
2017.06.12 15:33:38.737,1.50585,1.506,1.00,1.00
2017.06.12 15:33:42.366,1.50585,1.50601,1.00,1.12
2017.06.12 15:33:42.468,1.50587,1.50602,1.00,1.12
2017.06.12 15:33:42.972,1.50587,1.50603,1.00,1.75
2017.06.12 15:33:43.505,1.50586,1.50602,1.00,1.50
2017.06.12 15:33:44.027,1.50587,1.50602,1.00,1.50
2017.06.12 15:33:44.353,1.50589,1.50605,1.00,2.25
2017.06.12 15:33:44.405,1.50589,1.50605,1.00,1.87
2017.06.12 15:33:44.916,1.50587,1.50605,1.95,1.87
2017.06.12 15:33:45.449,1.50587,1.50605,2.70,1.87
2017.06.12 15:33:46.035,1.50592,1.50605,1.00,1.12
2017.06.12 15:33:46.200,1.50592,1.50608,1.00,1.50
2017.06.12 15:33:46.712,1.5059,1.50608,1.95,2.25
2017.06.12 15:33:46.815,1.5059,1.50606,1.00,1.00
2017.06.12 15:33:46.918,1.50588,1.50606,1.00,3.00
2017.06.12 15:33:47.269,1.50584,1.50601,1.87,1.00
2017.06.12 15:33:47.321,1.50583,1.50598,1.57,1.00
2017.06.12 15:33:47.626,1.50583,1.50602,3.07,1.00
2017.06.12 15:33:47.881,1.50583,1.506,3.07,1.00
2017.06.12 15:33:48.871,1.50585,1.50601,1.00,1.00
2017.06.12 15:33:49.387,1.50585,1.50602,1.57,1.00
2017.06.12 15:33:49.965,1.50586,1.50603,1.00,1.87
2017.06.12 15:33:50.506,1.50587,1.50603,1.00,1.12
2017.06.12 15:33:52.828,1.50589,1.50604,1.00,1.50
2017.06.12 15:33:53.424,1.50588,1.50604,1.00,1.50
2017.06.12 15:33:53.833,1.50588,1.50605,1.50,1.87
2017.06.12 15:33:55.197,1.50588,1.50603,1.00,1.12
2017.06.12 15:33:55.402,1.50586,1.50602,1.12,1.00
2017.06.12 15:33:55.453,1.50586,1.506,1.00,1.00
2017.06.12 15:33:55.759,1.50583,1.50598,1.57,1.00
2017.06.12 15:33:56.997,1.50581,1.50597,1.57,1.00
2017.06.12 15:33:57.508,1.50581,1.50599,2.32,3.00
2017.06.12 15:33:58.114,1.50581,1.50598,1.95,1.12
2017.06.12 15:33:58.685,1.50581,1.50597,1.95,1.00
2017.06.12 15:33:59.660,1.50583,1.50597,1.00,1.00
2017.06.12 15:34:00.073,1.50585,1.50597,1.50,1.00
2017.06.12 15:34:00.655,1.50586,1.50597,1.00,1.00
2017.06.12 15:34:00.961,1.50588,1.50597,1.00,1.00
2017.06.12 15:34:01.136,1.50587,1.506,1.50,1.00
2017.06.12 15:34:01.496,1.50585,1.506,1.10,1.00
2017.06.12 15:34:02.018,1.50584,1.506,1.12,1.00
2017.06.12 15:34:02.448,1.50584,1.50598,1.12,1.00
2017.06.12 15:34:02.960,1.50582,1.50597,1.12,2.62
2017.06.12 15:34:03.266,1.5058,1.50595,1.50,1.50
2017.06.12 15:34:03.865,1.50581,1.50594,1.37,1.00
2017.06.12 15:34:04.472,1.5058,1.50595,1.37,1.50
2017.06.12 15:34:05.349,1.5058,1.50595,1.37,1.00
2017.06.12 15:34:08.129,1.50583,1.50598,1.87,2.25
2017.06.12 15:34:08.476,1.50586,1.50602,1.00,2.25
2017.06.12 15:34:08.527,1.50585,1.506,1.87,1.00
2017.06.12 15:34:09.037,1.50585,1.50598,1.00,1.00
2017.06.12 15:34:09.569,1.50585,1.50599,1.00,1.50
2017.06.12 15:34:10.243,1.50586,1.50599,1.00,1.00
2017.06.12 15:34:10.869,1.50583,1.50599,1.57,1.50
2017.06.12 15:34:11.593,1.50583,1.50598,1.50,1.00
2017.06.12 15:34:13.274,1.50585,1.50598,1.00,1.00
2017.06.12 15:34:13.630,1.50583,1.50597,1.12,1.00
2017.06.12 15:34:14.272,1.50584,1.50597,1.00,1.00
2017.06.12 15:34:15.162,1.50582,1.50598,1.00,1.00
2017.06.12 15:34:15.568,1.50579,1.50596,1.87,1.50
2017.06.12 15:34:15.905,1.50579,1.50594,1.75,1.00
2017.06.12 15:34:16.302,1.50581,1.50596,1.12,1.00
2017.06.12 15:34:16.354,1.50581,1.50596,1.75,1.00
2017.06.12 15:34:16.761,1.50581,1.50597,1.12,1.00
2017.06.12 15:34:17.279,1.50582,1.50596,1.00,1.00
2017.06.12 15:34:17.542,1.5058,1.50594,1.50,1.00
2017.06.12 15:34:17.898,1.50582,1.50595,1.00,1.00
2017.06.12 15:34:18.432,1.50582,1.50596,1.00,1.00
2017.06.12 15:34:19.150,1.50583,1.50597,1.00,1.50
2017.06.12 15:34:20.491,1.50582,1.50595,1.00,1.00
2017.06.12 15:34:21.012,1.50582,1.50596,1.00,1.00
2017.06.12 15:34:22.227,1.50582,1.50595,1.37,1.00
2017.06.12 15:34:22.929,1.50582,1.50595,1.00,1.00
2017.06.12 15:34:23.439,1.50584,1.50599,1.37,1.12
2017.06.12 15:34:24.222,1.5059,1.50599,1.00,1.00
2017.06.12 15:34:24.326,1.5059,1.50603,1.37,1.12
2017.06.12 15:34:24.429,1.5059,1.50603,1.00,1.00
2017.06.12 15:34:24.635,1.50588,1.50603,1.50,1.00
2017.06.12 15:34:24.789,1.50586,1.50603,1.50,2.25
2017.06.12 15:34:25.264,1.50588,1.50603,1.00,1.50
2017.06.12 15:34:25.578,1.50586,1.50602,2.25,1.00
2017.06.12 15:34:25.680,1.50586,1.50602,1.87,1.00
2017.06.12 15:34:26.212,1.50586,1.50603,1.87,2.25
2017.06.12 15:34:26.581,1.50589,1.50602,1.12,1.00
2017.06.12 15:34:27.096,1.50589,1.50603,1.12,1.00
2017.06.12 15:34:27.797,1.50589,1.50602,1.12,1.00
2017.06.12 15:34:28.313,1.50589,1.50603,1.12,1.50
2017.06.12 15:34:28.670,1.5059,1.50603,1.50,1.00
2017.06.12 15:34:29.729,1.50592,1.50603,1.00,1.00
2017.06.12 15:34:30.288,1.50592,1.50603,1.50,1.00
2017.06.12 15:34:30.594,1.50591,1.50603,1.12,1.00
2017.06.12 15:34:32.037,1.50592,1.50603,1.00,1.00
2017.06.12 15:34:33.839,1.50593,1.50606,1.00,1.00
2017.06.12 15:34:34.402,1.50593,1.50606,1.75,1.00
2017.06.12 15:34:36.555,1.50595,1.50606,1.12,1.00
2017.06.12 15:34:36.708,1.50595,1.50606,1.00,1.00
2017.06.12 15:34:39.268,1.50594,1.50606,1.00,1.00
2017.06.12 15:34:42.120,1.50591,1.50605,2.62,1.00
2017.06.12 15:34:42.340,1.5059,1.50605,1.87,1.00
2017.06.12 15:34:42.954,1.50594,1.50606,1.00,1.00
2017.06.12 15:34:43.260,1.50596,1.50606,1.00,1.00
2017.06.12 15:34:43.568,1.50596,1.50606,1.75,1.00
2017.06.12 15:34:43.619,1.50596,1.50606,1.00,1.00
2017.06.12 15:34:43.823,1.50594,1.50606,1.00,1.00
2017.06.12 15:34:45.629,1.50597,1.50606,1.00,1.00
2017.06.12 15:34:45.680,1.50595,1.50606,1.00,1.00
2017.06.12 15:34:45.885,1.50593,1.50606,1.00,1.50
2017.06.12 15:34:46.455,1.50593,1.50604,1.00,1.00
2017.06.12 15:34:47.013,1.50592,1.50605,1.00,1.00
2017.06.12 15:34:47.519,1.50593,1.50605,1.00,1.00
2017.06.12 15:34:48.050,1.50594,1.50606,1.00,1.00
2017.06.12 15:34:49.557,1.50595,1.50606,1.00,1.00
2017.06.12 15:34:49.941,1.50598,1.50606,1.00,1.00
2017.06.12 15:34:50.530,1.50597,1.50606,1.00,1.00
2017.06.12 15:34:51.370,1.50595,1.50606,1.00,1.00
2017.06.12 15:34:51.721,1.50591,1.50605,2.25,1.00
2017.06.12 15:34:52.726,1.50593,1.50605,1.00,1.00
2017.06.12 15:34:53.241,1.50593,1.50606,1.00,1.50
2017.06.12 15:34:53.888,1.50593,1.50605,1.00,1.00
2017.06.12 15:34:54.615,1.50591,1.50604,1.12,1.00
2017.06.12 15:34:55.124,1.50591,1.50603,1.12,1.00
2017.06.12 15:34:55.667,1.50591,1.50604,1.12,1.00
2017.06.12 15:34:58.095,1.50593,1.50604,1.00,1.00
2017.06.12 15:34:58.222,1.50591,1.50605,1.00,1.00
2017.06.12 15:34:58.273,1.50593,1.50606,1.00,1.00
2017.06.12 15:34:58.600,1.50597,1.50606,1.00,1.00
2017.06.12 15:34:58.702,1.50594,1.50606,1.12,1.00
2017.06.12 15:34:58.804,1.50592,1.50606,1.12,1.50
2017.06.12 15:34:59.153,1.5059,1.50604,1.12,1.00
2017.06.12 15:34:59.661,1.50591,1.50603,1.00,1.00
2017.06.12 15:35:00.231,1.50592,1.50603,1.00,1.50
2017.06.12 15:35:00.487,1.5059,1.50603,1.00,1.00
2017.06.12 15:35:00.845,1.50589,1.50601,1.00,1.00
2017.06.12 15:35:00.897,1.50589,1.50603,1.00,1.50
2017.06.12 15:35:01.488,1.5059,1.50603,1.00,1.50
2017.06.12 15:35:02.363,1.50593,1.50603,1.00,1.00
2017.06.12 15:35:03.265,1.50592,1.50603,1.00,1.00
2017.06.12 15:35:04.270,1.50591,1.50603,1.00,1.00
2017.06.12 15:35:04.601,1.50593,1.50607,1.00,1.12
2017.06.12 15:35:04.703,1.50595,1.50609,1.00,1.75
2017.06.12 15:35:04.755,1.50595,1.5061,1.00,2.25
2017.06.12 15:35:04.806,1.50595,1.50608,1.00,1.00
2017.06.12 15:35:05.002,1.50592,1.50608,1.00,1.12
2017.06.12 15:35:06.155,1.50593,1.50609,1.00,1.50
2017.06.12 15:35:06.931,1.50593,1.50607,1.00,1.00
2017.06.12 15:35:07.035,1.50595,1.50609,1.00,1.50
2017.06.12 15:35:07.137,1.50596,1.5061,1.00,1.50
2017.06.12 15:35:07.239,1.50595,1.50608,1.00,1.00
2017.06.12 15:35:07.291,1.50592,1.50607,1.00,1.00
2017.06.12 15:35:07.648,1.50594,1.50608,1.00,1.00
2017.06.12 15:35:07.954,1.50596,1.5061,1.00,1.00
2017.06.12 15:35:08.108,1.50599,1.50614,1.00,1.50
2017.06.12 15:35:08.314,1.50601,1.50615,1.00,1.50
2017.06.12 15:35:10.095,1.50603,1.50615,1.00,1.00
2017.06.12 15:35:10.808,1.50604,1.50615,1.00,1.00
2017.06.12 15:35:11.127,1.50602,1.50615,1.00,1.12
2017.06.12 15:35:11.178,1.506,1.50615,1.12,1.12
2017.06.12 15:35:11.433,1.50601,1.50615,1.37,1.00
2017.06.12 15:35:11.638,1.506,1.50615,1.87,1.50
2017.06.12 15:35:12.171,1.506,1.50614,1.12,1.00
2017.06.12 15:35:12.420,1.50606,1.50618,1.00,1.87
2017.06.12 15:35:12.522,1.50602,1.50617,1.00,1.00
2017.06.12 15:35:12.728,1.50601,1.50615,1.50,1.00
2017.06.12 15:35:13.101,1.50597,1.5061,1.37,1.00
2017.06.12 15:35:13.606,1.50596,1.5061,1.37,1.00
2017.06.12 15:35:14.151,1.50595,1.5061,1.50,1.00
2017.06.12 15:35:14.203,1.50595,1.50607,1.50,1.00
2017.06.12 15:35:15.935,1.50595,1.50609,1.12,1.00
2017.06.12 15:35:16.394,1.50597,1.5061,1.00,1.00
2017.06.12 15:35:16.699,1.50599,1.5061,1.00,1.00
2017.06.12 15:35:16.751,1.50599,1.50614,1.50,1.37
2017.06.12 15:35:17.323,1.50599,1.50614,2.25,1.00
2017.06.12 15:35:17.375,1.50601,1.50614,1.00,1.00
2017.06.12 15:35:17.681,1.50603,1.50614,1.00,1.00
2017.06.12 15:35:18.202,1.50602,1.50614,1.50,1.50
2017.06.12 15:35:18.548,1.50605,1.50617,1.12,1.00
2017.06.12 15:35:21.399,1.50603,1.50616,1.50,1.00
2017.06.12 15:35:21.932,1.50603,1.50616,1.12,1.00
2017.06.12 15:35:22.613,1.50602,1.50616,1.00,1.00
2017.06.12 15:35:23.663,1.50602,1.50616,1.50,1.00
2017.06.12 15:35:24.172,1.50604,1.50617,1.00,1.50
2017.06.12 15:35:24.339,1.50605,1.50617,1.37,1.00
2017.06.12 15:35:27.694,1.50609,1.50621,1.00,2.25
2017.06.12 15:35:27.797,1.50612,1.50623,1.37,1.00
2017.06.12 15:35:28.104,1.50615,1.50626,1.37,1.00
2017.06.12 15:35:28.500,1.50614,1.50626,1.37,1.50
2017.06.12 15:35:29.009,1.50612,1.50626,1.37,1.00
2017.06.12 15:35:29.748,1.50611,1.50626,1.37,1.00
2017.06.12 15:35:30.582,1.5061,1.50625,3.00,1.00
2017.06.12 15:35:30.973,1.50609,1.50622,1.75,1.00
2017.06.12 15:35:31.024,1.50607,1.50623,1.37,1.50
2017.06.12 15:35:31.177,1.50605,1.50623,2.62,1.85
2017.06.12 15:35:31.280,1.50605,1.50623,2.62,1.00
2017.06.12 15:35:31.973,1.50607,1.50623,1.37,1.00
2017.06.12 15:35:32.483,1.50606,1.50622,1.37,1.00
2017.06.12 15:35:33.010,1.50609,1.50623,1.12,1.00
2017.06.12 15:35:34.476,1.50607,1.50621,2.25,1.00
2017.06.12 15:35:35.013,1.50606,1.50623,1.12,1.12
2017.06.12 15:35:35.322,1.50609,1.50623,1.00,1.50
2017.06.12 15:35:35.641,1.50608,1.5062,1.12,1.00
2017.06.12 15:35:36.422,1.50608,1.5062,1.50,1.00
2017.06.12 15:35:37.484,1.50609,1.5062,1.37,1.00
2017.06.12 15:35:39.625,1.50611,1.5062,1.00,1.00
2017.06.12 15:35:40.160,1.50614,1.50624,1.00,1.00
2017.06.12 15:35:40.444,1.50614,1.50627,1.00,1.00
2017.06.12 15:35:40.851,1.50616,1.50627,1.00,1.00
2017.06.12 15:35:41.362,1.50616,1.50627,1.37,1.00
2017.06.12 15:35:42.197,1.50616,1.50627,1.12,1.00
2017.06.12 15:35:43.413,1.50616,1.50627,1.37,1.00
2017.06.12 15:35:43.609,1.50617,1.50633,1.87,1.00
2017.06.12 15:35:44.119,1.50617,1.50632,1.12,1.50
2017.06.12 15:35:44.425,1.50617,1.50629,1.12,1.00
2017.06.12 15:35:44.973,1.50617,1.5063,1.12,1.00
2017.06.12 15:35:49.467,1.50617,1.50629,1.00,1.00
2017.06.12 15:35:50.007,1.50617,1.50628,1.00,1.00
2017.06.12 15:35:50.789,1.50617,1.5063,1.00,3.00
2017.06.12 15:35:51.311,1.50617,1.50627,1.00,1.50
2017.06.12 15:35:52.177,1.50617,1.50627,1.00,1.87
2017.06.12 15:35:54.481,1.50617,1.50628,1.00,1.87
2017.06.12 15:35:54.584,1.50617,1.5063,1.37,1.50
2017.06.12 15:35:54.740,1.50619,1.50634,1.87,1.00
2017.06.12 15:35:55.327,1.50619,1.50634,1.12,1.00
2017.06.12 15:35:55.857,1.50619,1.50633,1.12,1.00
2017.06.12 15:35:56.380,1.50619,1.50634,1.50,1.00
2017.06.12 15:35:56.431,1.50622,1.50635,1.00,1.12
2017.06.12 15:35:57.170,1.50622,1.50635,1.00,1.37
2017.06.12 15:35:57.679,1.50622,1.50633,1.00,1.12
2017.06.12 15:35:59.108,1.50622,1.50634,1.00,1.00
2017.06.12 15:35:59.620,1.50622,1.50635,1.00,1.00
2017.06.12 15:36:00.291,1.50622,1.50634,1.00,1.00
2017.06.12 15:36:00.598,1.50622,1.50632,1.00,1.00
2017.06.12 15:36:01.110,1.50622,1.50633,1.00,1.00
2017.06.12 15:36:01.435,1.50619,1.50632,1.00,1.12
2017.06.12 15:36:01.640,1.50619,1.50634,1.00,1.10
2017.06.12 15:36:01.692,1.50619,1.50632,1.00,1.00
2017.06.12 15:36:02.396,1.50619,1.50633,1.00,1.12
2017.06.12 15:36:03.286,1.50619,1.5063,1.00,1.87
2017.06.12 15:36:03.611,1.50619,1.50628,1.00,2.25
2017.06.12 15:36:03.941,1.50619,1.5063,1.00,1.87
2017.06.12 15:36:04.044,1.50619,1.5063,1.00,1.95
2017.06.12 15:36:04.251,1.50617,1.50629,1.00,1.85
2017.06.12 15:36:06.151,1.50617,1.50628,1.00,1.12
2017.06.12 15:36:09.340,1.50617,1.50627,1.00,1.00
2017.06.12 15:36:10.233,1.50613,1.50624,1.00,1.00
2017.06.12 15:36:10.740,1.50613,1.50624,1.00,1.75
2017.06.12 15:36:10.844,1.50613,1.50624,1.00,1.50
2017.06.12 15:36:13.813,1.50613,1.50625,1.00,1.87
2017.06.12 15:36:14.275,1.50612,1.50624,1.00,1.87
2017.06.12 15:36:14.581,1.50612,1.50624,1.00,2.25
2017.06.12 15:36:15.196,1.50613,1.50626,1.00,1.75
2017.06.12 15:36:15.247,1.50614,1.50626,1.00,2.25
2017.06.12 15:36:15.453,1.50614,1.50628,1.00,1.12
2017.06.12 15:36:17.284,1.5062,1.50632,1.00,1.57
2017.06.12 15:36:18.385,1.50619,1.50634,1.50,1.12
2017.06.12 15:36:18.730,1.50627,1.50637,1.50,1.75
2017.06.12 15:36:18.781,1.50627,1.50642,1.50,2.25
2017.06.12 15:36:18.887,1.50628,1.50642,1.00,1.00
2017.06.12 15:36:18.989,1.50628,1.50642,1.00,1.12
2017.06.12 15:36:19.092,1.50628,1.50642,1.00,1.37
2017.06.12 15:36:20.491,1.50628,1.50639,1.00,1.75
2017.06.12 15:36:21.082,1.50624,1.50635,1.50,1.00
2017.06.12 15:36:21.236,1.50624,1.50633,1.00,1.00
2017.06.12 15:36:21.287,1.50621,1.50633,1.00,1.50
2017.06.12 15:36:21.339,1.50618,1.50633,1.50,2.25
2017.06.12 15:36:21.393,1.50618,1.50632,1.50,1.75
2017.06.12 15:36:21.923,1.50619,1.50632,1.00,1.75
2017.06.12 15:36:22.699,1.50618,1.50632,1.00,1.75
2017.06.12 15:36:22.801,1.50619,1.50632,1.00,1.37
2017.06.12 15:36:24.239,1.50618,1.50633,1.50,1.50
2017.06.12 15:36:25.492,1.50618,1.50633,1.50,2.25
2017.06.12 15:36:26.873,1.50621,1.50635,1.00,1.87
2017.06.12 15:36:26.975,1.50621,1.50637,1.00,3.37
2017.06.12 15:36:27.489,1.50627,1.50639,1.00,4.50
2017.06.12 15:36:27.541,1.50625,1.50639,1.50,3.00
2017.06.12 15:36:27.592,1.50625,1.50641,1.50,2.25
2017.06.12 15:36:27.694,1.50626,1.50641,1.00,1.50
2017.06.12 15:36:28.150,1.50628,1.50644,1.00,1.75
2017.06.12 15:36:28.303,1.50628,1.50644,1.50,1.50
2017.06.12 15:36:28.354,1.5063,1.50644,1.00,1.50
2017.06.12 15:36:28.726,1.50628,1.50644,1.00,1.87
2017.06.12 15:36:28.777,1.50628,1.50644,1.00,1.87
2017.06.12 15:36:28.880,1.50626,1.50643,1.00,3.00
2017.06.12 15:36:29.396,1.50626,1.50639,1.00,1.37
2017.06.12 15:36:29.908,1.50627,1.50642,1.00,1.12
2017.06.12 15:36:30.542,1.50629,1.50644,1.50,2.25
2017.06.12 15:36:30.593,1.50629,1.50644,1.50,1.12
2017.06.12 15:36:30.747,1.50632,1.50646,1.00,1.75
2017.06.12 15:36:30.900,1.50631,1.50646,1.00,1.12
2017.06.12 15:36:31.491,1.5063,1.50646,1.00,1.87
2017.06.12 15:36:33.525,1.50629,1.50645,1.50,1.12
2017.06.12 15:36:34.533,1.5063,1.50646,1.00,1.87
2017.06.12 15:36:35.433,1.50629,1.50645,1.50,1.50
2017.06.12 15:36:35.535,1.50629,1.50644,1.00,2.25
2017.06.12 15:36:35.836,1.50629,1.50641,1.50,1.37
2017.06.12 15:36:35.990,1.50629,1.50645,1.50,1.50
2017.06.12 15:36:36.194,1.50631,1.50646,1.00,1.00
2017.06.12 15:36:36.703,1.50632,1.50646,1.00,1.00
2017.06.12 15:36:37.009,1.50634,1.50648,1.00,1.00
2017.06.12 15:36:37.551,1.50635,1.50649,1.00,1.12
2017.06.12 15:36:37.602,1.50633,1.50649,1.50,1.12
2017.06.12 15:36:37.990,1.50632,1.50648,2.25,1.75
2017.06.12 15:36:38.399,1.50632,1.50648,2.25,1.00
2017.06.12 15:36:38.452,1.50634,1.50648,1.00,1.00
2017.06.12 15:36:38.897,1.50634,1.50651,2.25,1.50
2017.06.12 15:36:39.399,1.50635,1.50651,1.00,1.50
2017.06.12 15:36:39.978,1.50634,1.50649,1.00,1.12
2017.06.12 15:36:40.312,1.50635,1.50651,1.00,1.87
2017.06.12 15:36:40.938,1.50635,1.50651,1.00,1.87
2017.06.12 15:36:41.484,1.50635,1.50651,1.00,1.87
2017.06.12 15:36:41.748,1.50638,1.50651,1.00,1.00
2017.06.12 15:36:41.850,1.50639,1.50655,1.50,1.75
2017.06.12 15:36:41.901,1.50639,1.50656,1.87,4.12
2017.06.12 15:36:42.421,1.50639,1.50655,1.12,1.37
2017.06.12 15:36:43.185,1.50639,1.50655,1.87,1.00
2017.06.12 15:36:43.715,1.50639,1.50654,1.87,1.00
2017.06.12 15:36:44.263,1.50639,1.50653,1.12,1.00
2017.06.12 15:36:44.316,1.50639,1.50651,1.12,1.37
2017.06.12 15:36:44.844,1.50639,1.50651,1.00,1.50
2017.06.12 15:36:45.352,1.50639,1.50654,1.00,1.50
2017.06.12 15:36:45.899,1.50639,1.50654,1.00,1.87
2017.06.12 15:36:46.001,1.50639,1.50651,1.00,1.00
2017.06.12 15:36:46.508,1.50639,1.50649,1.00,1.00
2017.06.12 15:36:47.287,1.50639,1.5065,1.00,1.63
2017.06.12 15:36:50.204,1.50639,1.50651,1.00,1.63
2017.06.12 15:36:50.961,1.50639,1.50653,1.00,3.00
2017.06.12 15:36:53.543,1.50639,1.50652,1.00,1.00
2017.06.12 15:36:53.596,1.50639,1.5065,1.00,1.00
2017.06.12 15:36:53.648,1.50636,1.5065,1.00,1.00
2017.06.12 15:36:53.802,1.50633,1.5065,1.75,1.54
2017.06.12 15:36:53.954,1.50633,1.5065,1.12,2.00
2017.06.12 15:36:54.264,1.50629,1.50646,1.75,1.54
2017.06.12 15:36:54.368,1.50628,1.50644,1.75,1.12
2017.06.12 15:36:54.471,1.50626,1.50644,1.00,1.50
2017.06.12 15:36:54.981,1.50625,1.50643,3.00,1.12
2017.06.12 15:36:55.188,1.50627,1.50643,1.00,1.12
2017.06.12 15:36:55.758,1.50626,1.50644,1.00,1.87
2017.06.12 15:36:56.302,1.50625,1.50644,3.00,2.75
2017.06.12 15:36:56.627,1.50628,1.50644,1.00,2.00
2017.06.12 15:36:56.831,1.50628,1.50645,1.12,1.87
2017.06.12 15:36:57.364,1.50628,1.50645,2.25,1.00
2017.06.12 15:36:58.239,1.50627,1.50643,2.25,1.12
2017.06.12 15:36:58.341,1.50626,1.50643,1.12,2.62
2017.06.12 15:36:58.545,1.50623,1.5064,3.75,1.12
2017.06.12 15:36:58.597,1.50623,1.5064,3.75,1.87
2017.06.12 15:36:59.231,1.50623,1.50639,2.25,1.12
2017.06.12 15:36:59.795,1.50624,1.50639,1.00,1.12
2017.06.12 15:37:00.345,1.50623,1.50637,1.50,1.00
2017.06.12 15:37:00.789,1.50621,1.50633,1.00,1.00
2017.06.12 15:37:01.054,1.50619,1.50634,1.12,1.00
2017.06.12 15:37:01.158,1.50619,1.50634,1.75,1.00
2017.06.12 15:37:01.315,1.50623,1.50637,1.00,1.12
2017.06.12 15:37:01.418,1.50625,1.5064,1.00,1.87
2017.06.12 15:37:01.471,1.50625,1.5064,1.50,1.00
2017.06.12 15:37:01.523,1.50625,1.50638,1.00,1.00
2017.06.12 15:37:01.575,1.50626,1.50641,1.00,1.50
2017.06.12 15:37:02.080,1.50626,1.50641,1.50,1.50
2017.06.12 15:37:02.338,1.50629,1.50644,1.00,2.62
2017.06.12 15:37:02.667,1.50627,1.50641,1.20,1.00
2017.06.12 15:37:02.873,1.50626,1.50641,1.57,1.00
2017.06.12 15:37:03.077,1.50625,1.5064,1.20,1.00
2017.06.12 15:37:03.128,1.50623,1.50638,1.20,1.00
2017.06.12 15:37:03.471,1.50622,1.50638,1.57,1.50
2017.06.12 15:37:03.604,1.50625,1.50638,1.00,1.00
2017.06.12 15:37:03.913,1.50621,1.50637,3.45,1.50
2017.06.12 15:37:03.965,1.50621,1.50637,1.75,1.50
2017.06.12 15:37:04.067,1.50621,1.50637,1.12,1.50
2017.06.12 15:37:04.207,1.50619,1.50635,1.82,1.00
2017.06.12 15:37:04.258,1.50618,1.50635,2.32,1.00
2017.06.12 15:37:04.310,1.5062,1.50637,1.50,1.12
2017.06.12 15:37:04.362,1.50623,1.50638,1.10,3.00
2017.06.12 15:37:04.722,1.5063,1.50643,1.00,1.12
2017.06.12 15:37:04.800,1.50628,1.50643,1.50,1.00
2017.06.12 15:37:04.887,1.50632,1.50647,1.00,1.75
2017.06.12 15:37:05.100,1.50631,1.50649,4.57,1.00
2017.06.12 15:37:05.151,1.50634,1.5065,1.37,1.00
2017.06.12 15:37:05.700,1.50635,1.50649,1.00,1.00
2017.06.12 15:37:06.058,1.50633,1.5065,2.32,1.00
2017.06.12 15:37:06.431,1.50633,1.50648,2.32,1.00
2017.06.12 15:37:07.056,1.50633,1.50649,1.75,1.00
2017.06.12 15:37:07.363,1.50629,1.50642,1.00,1.00
2017.06.12 15:37:07.872,1.50629,1.50646,1.00,2.62
2017.06.12 15:37:07.956,1.50628,1.50646,1.87,1.87
2017.06.12 15:37:08.315,1.50631,1.50644,1.50,1.00
2017.06.12 15:37:08.419,1.50631,1.50647,1.50,1.00
2017.06.12 15:37:08.470,1.50634,1.50648,1.00,1.50
2017.06.12 15:37:08.987,1.50634,1.50649,1.12,1.00
2017.06.12 15:37:09.343,1.50634,1.50651,1.12,1.12
2017.06.12 15:37:09.599,1.50633,1.5065,1.12,1.37
2017.06.12 15:37:09.651,1.50633,1.50651,1.87,1.12
2017.06.12 15:37:10.174,1.50633,1.5065,2.62,1.00
2017.06.12 15:37:10.502,1.50633,1.50652,2.62,2.25
2017.06.12 15:37:11.038,1.50636,1.50652,1.00,1.00
2017.06.12 15:37:11.280,1.50635,1.50654,3.00,1.37
2017.06.12 15:37:11.434,1.50638,1.50656,2.25,1.50
2017.06.12 15:37:11.536,1.50639,1.50656,1.00,1.00
2017.06.12 15:37:11.792,1.50638,1.50653,1.50,1.00
2017.06.12 15:37:12.098,1.50636,1.5065,1.87,1.00
2017.06.12 15:37:12.670,1.50636,1.50651,1.50,1.00
2017.06.12 15:37:13.301,1.50634,1.50647,1.75,1.00
2017.06.12 15:37:13.490,1.50635,1.5065,1.00,1.00
2017.06.12 15:37:13.765,1.50634,1.50647,1.00,1.12
2017.06.12 15:37:14.407,1.50633,1.50647,1.00,1.12
2017.06.12 15:37:14.774,1.50632,1.50645,1.00,1.00
2017.06.12 15:37:14.878,1.50631,1.50647,2.25,1.00
2017.06.12 15:37:14.929,1.50633,1.50648,1.00,1.12
2017.06.12 15:37:15.183,1.50633,1.5065,2.25,1.00
2017.06.12 15:37:15.235,1.50633,1.50652,2.25,1.87
2017.06.12 15:37:15.446,1.50633,1.5065,1.50,1.00
2017.06.12 15:37:15.869,1.50635,1.5065,1.00,1.00
2017.06.12 15:37:16.124,1.50638,1.50654,1.00,1.50
2017.06.12 15:37:16.277,1.5064,1.50656,1.00,2.62
2017.06.12 15:37:16.568,1.5064,1.50657,1.00,1.50
2017.06.12 15:37:16.975,1.50641,1.50658,1.87,1.00
2017.06.12 15:37:17.027,1.50643,1.5066,1.00,1.87
2017.06.12 15:37:17.334,1.50639,1.50653,1.12,1.00
2017.06.12 15:37:17.385,1.50638,1.50655,1.00,1.50
2017.06.12 15:37:17.929,1.50638,1.50653,1.00,1.00
2017.06.12 15:37:18.082,1.50635,1.50652,2.25,1.00
2017.06.12 15:37:18.133,1.50635,1.5065,1.87,1.00
2017.06.12 15:37:18.442,1.50634,1.50648,1.00,1.00
2017.06.12 15:37:19.000,1.50631,1.50647,3.75,1.00
2017.06.12 15:37:19.205,1.5063,1.50645,1.00,1.00
2017.06.12 15:37:19.408,1.5063,1.50647,1.75,1.00
2017.06.12 15:37:19.612,1.50629,1.50645,1.00,1.00
2017.06.12 15:37:20.046,1.50629,1.50647,1.00,2.32
2017.06.12 15:37:20.699,1.50629,1.50647,1.00,2.32
2017.06.12 15:37:21.140,1.50632,1.50648,1.00,1.10
2017.06.12 15:37:21.362,1.50634,1.50652,1.50,1.95
2017.06.12 15:37:21.774,1.50636,1.50653,1.50,1.45
2017.06.12 15:37:21.825,1.50636,1.50653,1.12,1.00
2017.06.12 15:37:22.246,1.50637,1.50655,1.50,1.12
2017.06.12 15:37:22.705,1.50638,1.50656,1.50,1.37
2017.06.12 15:37:23.011,1.50633,1.50651,1.87,1.00
2017.06.12 15:37:23.216,1.50633,1.50649,1.12,1.00
2017.06.12 15:37:23.891,1.5063,1.50647,1.75,1.12
2017.06.12 15:37:24.197,1.50624,1.50642,4.12,1.37
2017.06.12 15:37:24.249,1.50624,1.50642,2.25,1.37
2017.06.12 15:37:24.784,1.50624,1.50643,1.00,1.87
2017.06.12 15:37:25.066,1.50626,1.50643,1.00,1.47
2017.06.12 15:37:25.168,1.50627,1.50646,1.87,1.47
2017.06.12 15:37:25.219,1.50629,1.50646,1.00,1.00
2017.06.12 15:37:25.768,1.50629,1.50645,1.00,1.00
2017.06.12 15:37:26.338,1.50628,1.50644,1.87,1.00
2017.06.12 15:37:27.331,1.50629,1.50644,1.00,1.00
2017.06.12 15:37:27.935,1.50628,1.50645,1.87,1.12
2017.06.12 15:37:28.256,1.50627,1.50642,1.00,1.87
2017.06.12 15:37:28.358,1.50624,1.50642,2.25,1.50
2017.06.12 15:37:28.614,1.50627,1.50644,1.00,2.70
2017.06.12 15:37:28.716,1.50627,1.50644,1.12,1.12
2017.06.12 15:37:29.369,1.50627,1.50643,1.50,1.00
2017.06.12 15:37:29.778,1.50628,1.50644,1.37,1.00
2017.06.12 15:37:30.481,1.50628,1.50642,1.00,1.37
2017.06.12 15:37:30.584,1.50632,1.50646,1.00,1.00
2017.06.12 15:37:31.110,1.50632,1.50647,1.12,1.00
2017.06.12 15:37:31.535,1.5063,1.50644,1.50,1.12
2017.06.12 15:37:31.638,1.5063,1.50643,1.00,1.00
2017.06.12 15:37:31.858,1.50628,1.50643,1.50,1.00
2017.06.12 15:37:32.393,1.50628,1.50644,1.50,1.00
2017.06.12 15:37:32.923,1.50629,1.50644,1.00,1.00
2017.06.12 15:37:33.752,1.50632,1.50646,1.00,1.00
2017.06.12 15:37:34.103,1.50634,1.50647,1.00,1.00
2017.06.12 15:37:34.605,1.50634,1.50649,1.00,1.00
2017.06.12 15:37:35.113,1.50634,1.50649,1.00,1.50
2017.06.12 15:37:35.653,1.50633,1.50649,1.37,1.50
2017.06.12 15:37:35.807,1.50633,1.50651,1.87,1.00
2017.06.12 15:37:35.983,1.50635,1.50652,1.37,1.12
2017.06.12 15:37:36.616,1.50638,1.50654,1.75,1.00
2017.06.12 15:37:36.719,1.5064,1.50656,1.50,1.00
2017.06.12 15:37:36.772,1.5064,1.50654,1.12,1.00
2017.06.12 15:37:37.322,1.50638,1.50653,1.75,1.00
2017.06.12 15:37:37.839,1.50638,1.50652,1.75,1.00
2017.06.12 15:37:38.127,1.50638,1.50652,1.37,1.00
2017.06.12 15:37:38.641,1.50638,1.50651,1.00,1.00
2017.06.12 15:37:39.164,1.50637,1.50651,1.50,1.00
2017.06.12 15:37:40.038,1.50635,1.5065,1.37,1.00
2017.06.12 15:37:40.091,1.50635,1.5065,1.12,1.00
2017.06.12 15:37:40.506,1.50636,1.50648,1.00,1.00
2017.06.12 15:37:40.797,1.50634,1.50648,1.00,1.00
2017.06.12 15:37:41.631,1.50633,1.50648,1.00,1.00
2017.06.12 15:37:41.834,1.50633,1.50645,1.00,1.00
2017.06.12 15:37:41.886,1.50632,1.50647,1.50,1.00
2017.06.12 15:37:42.600,1.50634,1.50648,1.00,1.00
2017.06.12 15:37:42.902,1.50634,1.5065,1.00,1.50
2017.06.12 15:37:43.106,1.50632,1.50646,1.50,1.50
2017.06.12 15:37:43.413,1.50627,1.50641,1.00,1.00
2017.06.12 15:37:43.990,1.50625,1.5064,1.00,1.00
2017.06.12 15:37:44.095,1.50627,1.5064,1.00,1.00
2017.06.12 15:37:44.630,1.50629,1.50642,1.00,1.00
2017.06.12 15:37:44.950,1.50623,1.50639,1.50,1.00
2017.06.12 15:37:45.359,1.50629,1.50639,1.00,1.00
2017.06.12 15:37:45.411,1.50629,1.50642,1.00,1.50
2017.06.12 15:37:45.463,1.50631,1.50643,1.00,1.37
2017.06.12 15:37:45.514,1.50631,1.50646,1.00,1.75
2017.06.12 15:37:45.619,1.50631,1.50647,1.00,1.50
2017.06.12 15:37:45.898,1.50631,1.50644,1.00,1.12
2017.06.12 15:37:46.211,1.50628,1.50643,1.00,1.00
2017.06.12 15:37:46.722,1.50628,1.50644,1.00,1.12
2017.06.12 15:37:47.816,1.50629,1.50646,1.00,2.25
2017.06.12 15:37:48.592,1.50628,1.50645,1.00,2.25
2017.06.12 15:37:49.106,1.50629,1.50646,1.00,1.75
2017.06.12 15:37:51.591,1.50632,1.50646,1.00,1.75
2017.06.12 15:37:51.693,1.5063,1.50647,1.50,2.50
2017.06.12 15:37:51.796,1.5063,1.50647,2.25,1.00
2017.06.12 15:37:52.316,1.5063,1.50647,1.50,1.38
2017.06.12 15:37:52.825,1.50629,1.50646,1.50,1.12
2017.06.12 15:37:53.420,1.5063,1.50645,1.00,1.00
2017.06.12 15:37:54.491,1.50631,1.50647,1.00,1.95
2017.06.12 15:37:55.383,1.50631,1.50647,1.00,1.00
2017.06.12 15:37:56.086,1.50631,1.50648,1.50,1.12
2017.06.12 15:37:56.591,1.50631,1.50647,1.00,1.00
2017.06.12 15:37:56.753,1.50633,1.50647,1.00,1.00
2017.06.12 15:37:57.257,1.50632,1.50647,1.00,1.00
2017.06.12 15:37:57.740,1.50631,1.50645,1.00,1.00
2017.06.12 15:37:58.268,1.5063,1.50646,1.37,1.12
2017.06.12 15:37:59.064,1.5063,1.50646,1.00,1.12
2017.06.12 15:37:59.567,1.50629,1.50646,1.00,1.12
2017.06.12 15:37:59.879,1.50628,1.50644,1.12,1.00
2017.06.12 15:38:00.309,1.50629,1.50646,1.50,1.12
2017.06.12 15:38:01.132,1.50627,1.50644,2.25,1.00
2017.06.12 15:38:01.435,1.50625,1.50642,1.50,1.75
2017.06.12 15:38:02.218,1.50624,1.50642,1.00,1.75
2017.06.12 15:38:02.720,1.50625,1.50642,1.00,2.62
2017.06.12 15:38:03.512,1.50626,1.50643,1.00,3.75
2017.06.12 15:38:04.522,1.50625,1.50642,1.00,1.87
2017.06.12 15:38:04.901,1.50627,1.50642,1.00,1.87
2017.06.12 15:38:05.464,1.50628,1.50643,1.00,1.75
2017.06.12 15:38:07.199,1.50628,1.50643,1.00,1.50
2017.06.12 15:38:07.899,1.50629,1.50643,1.00,1.50
2017.06.12 15:38:08.436,1.5063,1.50644,1.00,1.37
2017.06.12 15:38:08.489,1.50632,1.50645,1.00,1.37
2017.06.12 15:38:08.542,1.50632,1.50648,1.00,1.50
2017.06.12 15:38:08.594,1.50634,1.50648,1.00,1.37
2017.06.12 15:38:08.646,1.50634,1.50648,1.00,1.00
2017.06.12 15:38:09.324,1.50633,1.50648,1.00,1.00
2017.06.12 15:38:09.869,1.50633,1.50647,1.00,1.00
2017.06.12 15:38:10.192,1.50631,1.50647,1.12,1.00
2017.06.12 15:38:11.218,1.50632,1.50647,1.00,1.00
2017.06.12 15:38:11.942,1.50633,1.50647,1.00,1.00
2017.06.12 15:38:12.483,1.50634,1.50648,1.00,1.00
2017.06.12 15:38:12.727,1.50638,1.50652,1.00,1.75
2017.06.12 15:38:12.829,1.50639,1.50654,1.50,1.75
2017.06.12 15:38:12.932,1.5064,1.50655,1.00,1.00
2017.06.12 15:38:13.034,1.50637,1.5065,1.82,1.00
2017.06.12 15:38:13.256,1.50633,1.50648,1.00,1.00
2017.06.12 15:38:13.358,1.50635,1.5065,1.00,1.12
2017.06.12 15:38:13.512,1.50636,1.50653,2.62,1.00
2017.06.12 15:38:13.563,1.50638,1.50653,1.00,1.00
2017.06.12 15:38:13.717,1.50639,1.50656,2.32,1.50
2017.06.12 15:38:13.921,1.5064,1.50656,1.50,1.00
2017.06.12 15:38:14.485,1.50644,1.50656,1.00,1.00
2017.06.12 15:38:14.993,1.50645,1.50659,1.00,1.75
2017.06.12 15:38:15.045,1.50645,1.50659,1.00,1.12
2017.06.12 15:38:15.754,1.50646,1.50659,1.00,1.12
2017.06.12 15:38:16.294,1.50646,1.5066,1.00,1.00
2017.06.12 15:38:16.970,1.50647,1.50661,1.00,1.12
2017.06.12 15:38:19.367,1.50646,1.50661,1.00,1.12
2017.06.12 15:38:20.041,1.50653,1.50663,1.00,2.62
2017.06.12 15:38:20.193,1.50654,1.50666,1.00,1.00
2017.06.12 15:38:20.295,1.50656,1.50666,1.00,1.00
2017.06.12 15:38:20.448,1.50655,1.5067,1.00,1.12
2017.06.12 15:38:20.500,1.50657,1.5067,1.00,1.00
2017.06.12 15:38:20.805,1.50663,1.50675,1.00,1.12
2017.06.12 15:38:21.111,1.50666,1.50677,1.00,1.00
2017.06.12 15:38:21.162,1.50666,1.50679,1.00,1.12
2017.06.12 15:38:21.214,1.50669,1.50679,1.00,1.12
2017.06.12 15:38:21.410,1.50669,1.50682,1.00,1.50
2017.06.12 15:38:21.512,1.50671,1.50682,1.00,1.50
2017.06.12 15:38:21.614,1.50669,1.50684,1.00,1.75
2017.06.12 15:38:22.308,1.50671,1.50685,1.00,2.25
2017.06.12 15:38:22.463,1.50674,1.50686,1.00,1.00
2017.06.12 15:38:22.515,1.50677,1.50686,1.00,1.00
2017.06.12 15:38:22.668,1.50677,1.5069,1.00,1.50
2017.06.12 15:38:22.899,1.5068,1.5069,1.00,1.50
2017.06.12 15:38:22.951,1.50678,1.50693,1.00,3.00
2017.06.12 15:38:23.155,1.50679,1.50693,1.00,2.25
2017.06.12 15:38:23.667,1.50678,1.50693,1.00,1.50
2017.06.12 15:38:24.228,1.50677,1.50693,1.00,1.50
2017.06.12 15:38:24.872,1.50677,1.50693,1.00,1.00
2017.06.12 15:38:25.217,1.50675,1.5069,1.50,1.00
2017.06.12 15:38:25.816,1.50675,1.50688,1.50,1.00
2017.06.12 15:38:26.283,1.50675,1.5069,1.50,1.00
2017.06.12 15:38:27.118,1.50675,1.50689,1.50,1.00
2017.06.12 15:38:27.684,1.50675,1.50688,1.50,1.00
2017.06.12 15:38:28.047,1.50675,1.5069,1.50,1.12
2017.06.12 15:38:28.599,1.50675,1.50688,1.00,1.00
2017.06.12 15:38:28.902,1.50675,1.50684,1.00,1.50
2017.06.12 15:38:28.954,1.50672,1.50683,1.12,1.00
2017.06.12 15:38:29.107,1.50669,1.50682,1.00,1.00
2017.06.12 15:38:30.007,1.50671,1.50685,1.00,1.75
2017.06.12 15:38:30.110,1.50671,1.50688,1.00,2.25
2017.06.12 15:38:30.212,1.50671,1.50687,1.00,1.00
2017.06.12 15:38:31.088,1.50672,1.50687,1.00,1.00
2017.06.12 15:38:31.595,1.50669,1.50687,2.62,1.00
2017.06.12 15:38:31.994,1.50669,1.50685,1.75,1.00
2017.06.12 15:38:32.543,1.5067,1.50686,1.50,1.00
2017.06.12 15:38:33.018,1.50672,1.50688,1.00,1.00
2017.06.12 15:38:36.717,1.50673,1.50689,1.00,1.00
2017.06.12 15:38:37.218,1.50672,1.50688,1.50,1.12
2017.06.12 15:38:37.320,1.50674,1.50689,1.00,1.50
2017.06.12 15:38:38.404,1.50671,1.50688,1.50,1.20
2017.06.12 15:38:38.455,1.50671,1.50686,1.00,1.10
2017.06.12 15:38:38.999,1.50673,1.50689,1.00,3.07
2017.06.12 15:38:40.083,1.50672,1.50688,1.00,1.20
2017.06.12 15:38:40.390,1.50669,1.50683,1.00,1.00
2017.06.12 15:38:40.733,1.50671,1.50686,1.12,1.00
2017.06.12 15:38:41.507,1.50672,1.50687,1.00,1.00
2017.06.12 15:38:42.115,1.50672,1.50687,1.00,1.07
2017.06.12 15:38:43.396,1.5067,1.50683,1.50,1.00
2017.06.12 15:38:43.499,1.50669,1.50683,1.00,1.00
2017.06.12 15:38:43.988,1.50667,1.50683,1.12,1.20
2017.06.12 15:38:44.510,1.50668,1.50683,1.00,1.20
2017.06.12 15:38:46.183,1.50668,1.50683,1.00,1.20
2017.06.12 15:38:46.491,1.50666,1.5068,1.00,1.00
2017.06.12 15:38:46.799,1.50664,1.50678,1.00,1.00
2017.06.12 15:38:47.309,1.50663,1.50678,1.12,1.00
2017.06.12 15:38:47.841,1.50661,1.50677,2.25,1.00
2017.06.12 15:38:48.864,1.50661,1.50675,1.12,1.00
2017.06.12 15:38:48.916,1.5066,1.50675,1.50,1.00
2017.06.12 15:38:49.925,1.5066,1.50676,1.50,1.10
2017.06.12 15:38:51.050,1.5066,1.50676,1.50,1.07
2017.06.12 15:38:51.963,1.5066,1.50677,2.25,1.07
2017.06.12 15:38:52.980,1.5066,1.50677,2.25,1.07
2017.06.12 15:38:53.384,1.50664,1.50678,1.37,1.20
2017.06.12 15:38:53.769,1.50663,1.50682,1.50,4.20
2017.06.12 15:38:54.077,1.50661,1.50677,1.00,1.10
2017.06.12 15:38:54.128,1.50661,1.50677,1.00,1.95
2017.06.12 15:38:54.661,1.50661,1.50676,1.00,1.57
2017.06.12 15:38:55.204,1.50661,1.50676,1.00,1.20
2017.06.12 15:38:55.869,1.50661,1.50676,1.00,1.20
2017.06.12 15:38:56.370,1.50661,1.50676,1.00,1.20
2017.06.12 15:38:59.666,1.50661,1.50676,1.00,1.20
2017.06.12 15:39:00.182,1.50661,1.50675,1.00,1.00
2017.06.12 15:39:00.490,1.50663,1.50676,1.00,1.12
2017.06.12 15:39:00.899,1.50665,1.50676,1.00,1.00
2017.06.12 15:39:01.406,1.50665,1.50677,1.00,1.50
2017.06.12 15:39:02.036,1.50661,1.50677,1.75,1.00
2017.06.12 15:39:02.540,1.50666,1.50678,1.37,1.00
2017.06.12 15:39:02.645,1.50666,1.50681,1.00,1.50
2017.06.12 15:39:03.104,1.50664,1.50678,1.00,1.00
2017.06.12 15:39:03.155,1.50662,1.50678,2.25,1.00
2017.06.12 15:39:03.868,1.50663,1.50678,1.00,1.00
2017.06.12 15:39:04.401,1.50663,1.50677,1.00,1.00
2017.06.12 15:39:04.946,1.50664,1.50678,1.00,1.10
2017.06.12 15:39:07.086,1.50664,1.50679,1.00,1.20
2017.06.12 15:39:08.131,1.50664,1.50677,1.00,1.00
2017.06.12 15:39:08.548,1.50665,1.50681,1.50,3.00
2017.06.12 15:39:08.651,1.50665,1.50681,1.87,1.00
2017.06.12 15:39:09.164,1.50665,1.50681,2.25,1.50
2017.06.12 15:39:09.761,1.50665,1.5068,1.50,1.00
2017.06.12 15:39:11.009,1.50666,1.50681,1.87,1.00
2017.06.12 15:39:11.267,1.50667,1.50683,1.00,1.50
2017.06.12 15:39:11.826,1.50666,1.50681,1.12,1.00
2017.06.12 15:39:12.335,1.50666,1.5068,1.12,1.00
2017.06.12 15:39:12.638,1.5066,1.50675,2.62,1.10
2017.06.12 15:39:12.689,1.50659,1.50675,1.00,1.57
2017.06.12 15:39:13.496,1.50658,1.50674,1.00,1.12
2017.06.12 15:39:14.072,1.50657,1.50673,1.00,1.00
2017.06.12 15:39:15.550,1.50657,1.50672,1.00,1.00
2017.06.12 15:39:15.709,1.50657,1.50672,1.75,1.00
2017.06.12 15:39:16.237,1.50657,1.50673,1.75,1.00
2017.06.12 15:39:16.939,1.50658,1.50674,1.50,1.00
2017.06.12 15:39:17.245,1.50658,1.50673,1.75,1.00
2017.06.12 15:39:18.877,1.50656,1.50668,2.25,1.00
2017.06.12 15:39:18.986,1.50656,1.5067,1.75,1.50
2017.06.12 15:39:19.089,1.50654,1.5067,1.12,1.00
2017.06.12 15:39:20.014,1.50653,1.50668,1.50,1.50
2017.06.12 15:39:20.515,1.50653,1.50669,1.50,1.50
2017.06.12 15:39:21.493,1.50654,1.5067,1.12,1.50
2017.06.12 15:39:22.434,1.50654,1.50669,1.12,1.00
2017.06.12 15:39:24.450,1.50654,1.5067,1.12,1.00
2017.06.12 15:39:25.093,1.50654,1.50671,1.12,2.62
2017.06.12 15:39:25.604,1.50653,1.5067,1.50,1.00
2017.06.12 15:39:26.847,1.50653,1.50668,2.25,1.00
2017.06.12 15:39:27.478,1.50651,1.50665,1.75,1.00
2017.06.12 15:39:27.606,1.50651,1.50665,1.00,1.50
2017.06.12 15:39:27.769,1.50651,1.50667,1.00,1.00
2017.06.12 15:39:27.820,1.50648,1.50664,1.75,1.00
2017.06.12 15:39:28.024,1.50651,1.50667,1.00,1.00
2017.06.12 15:39:28.544,1.50649,1.50666,2.25,1.12
2017.06.12 15:39:29.356,1.50651,1.50667,1.00,1.00
2017.06.12 15:39:29.900,1.50652,1.50668,1.00,1.12
2017.06.12 15:39:30.626,1.50651,1.50668,1.00,1.87
2017.06.12 15:39:30.831,1.50653,1.50668,1.12,1.12
2017.06.12 15:39:31.289,1.50654,1.5067,1.00,1.87
2017.06.12 15:39:31.821,1.50655,1.50671,1.00,2.25
2017.06.12 15:39:32.583,1.50659,1.50673,1.00,1.82
2017.06.12 15:39:32.635,1.50659,1.50673,1.00,1.00
2017.06.12 15:39:32.788,1.5066,1.50675,1.00,1.50
2017.06.12 15:39:33.042,1.50662,1.50676,1.00,1.12
2017.06.12 15:39:33.411,1.50662,1.50678,1.00,1.50
2017.06.12 15:39:33.933,1.50662,1.50679,1.00,1.12
2017.06.12 15:39:34.617,1.50664,1.5068,1.00,2.32
2017.06.12 15:39:35.252,1.50662,1.50678,1.00,1.12
2017.06.12 15:39:35.304,1.5066,1.50676,1.50,1.00
2017.06.12 15:39:35.611,1.5066,1.50676,2.25,1.00
2017.06.12 15:39:36.174,1.50661,1.50677,1.50,1.00
2017.06.12 15:39:36.480,1.50658,1.50674,1.50,1.50
2017.06.12 15:39:36.984,1.50657,1.50673,1.50,1.50
2017.06.12 15:39:37.296,1.50658,1.50674,1.37,1.50
2017.06.12 15:39:38.675,1.50658,1.50673,1.75,1.00
2017.06.12 15:39:40.028,1.50658,1.50674,1.75,1.00
2017.06.12 15:39:40.131,1.50658,1.50674,1.12,1.00
2017.06.12 15:39:40.640,1.50661,1.50674,1.00,1.00
2017.06.12 15:39:40.845,1.50664,1.5068,1.00,1.75
2017.06.12 15:39:40.946,1.50664,1.50682,1.87,1.12
2017.06.12 15:39:41.124,1.50664,1.50676,1.87,1.00
2017.06.12 15:39:41.328,1.50658,1.50674,1.12,1.00
2017.06.12 15:39:42.754,1.50655,1.5067,2.25,1.00
2017.06.12 15:39:42.960,1.50649,1.50667,5.25,1.00
2017.06.12 15:39:44.207,1.5065,1.50666,1.75,1.00
2017.06.12 15:39:44.724,1.50649,1.50665,2.25,1.50
2017.06.12 15:39:45.594,1.50649,1.50664,1.75,1.00
2017.06.12 15:39:46.833,1.50649,1.50665,1.87,1.00
2017.06.12 15:39:46.986,1.5065,1.50667,1.37,1.00
2017.06.12 15:39:47.496,1.50652,1.50667,1.00,1.00
2017.06.12 15:39:48.944,1.50652,1.50666,1.00,1.00
2017.06.12 15:39:49.555,1.5065,1.50666,1.50,1.00
2017.06.12 15:39:49.891,1.50649,1.50663,1.12,1.50
2017.06.12 15:39:50.308,1.50651,1.50667,1.00,1.10
2017.06.12 15:39:50.563,1.50651,1.50667,1.75,1.00
2017.06.12 15:39:51.765,1.5065,1.50666,2.25,1.00
2017.06.12 15:39:51.969,1.50649,1.50665,1.50,1.00
2017.06.12 15:39:52.478,1.5065,1.50665,1.00,1.00
2017.06.12 15:39:53.065,1.5065,1.50666,1.50,1.00
2017.06.12 15:39:53.847,1.50651,1.50666,1.00,1.12
2017.06.12 15:39:54.174,1.50651,1.50669,1.50,1.95
2017.06.12 15:39:54.936,1.50651,1.50667,1.50,1.00
2017.06.12 15:39:55.959,1.50655,1.50671,1.00,1.85
2017.06.12 15:39:56.112,1.50657,1.50673,1.50,1.75
2017.06.12 15:39:56.214,1.50658,1.50673,1.12,1.00
2017.06.12 15:39:57.003,1.50658,1.50675,1.00,1.12
2017.06.12 15:39:57.547,1.50658,1.50675,1.00,1.37
2017.06.12 15:39:58.131,1.50656,1.50672,1.50,1.00
2017.06.12 15:39:58.438,1.50653,1.5067,1.37,1.12
2017.06.12 15:39:58.489,1.50652,1.5067,1.87,1.12
2017.06.12 15:39:58.744,1.50652,1.50669,1.87,1.00
2017.06.12 15:39:58.846,1.50652,1.50669,1.50,1.00
2017.06.12 15:40:00.185,1.50657,1.50672,1.00,2.32
2017.06.12 15:40:00.288,1.50657,1.50672,1.00,1.10
2017.06.12 15:40:00.341,1.50657,1.50672,1.37,1.00
2017.06.12 15:40:01.133,1.50655,1.5067,1.12,1.50
2017.06.12 15:40:01.236,1.50657,1.50673,1.37,1.57
2017.06.12 15:40:01.782,1.50657,1.50673,1.00,1.50
2017.06.12 15:40:06.535,1.50658,1.50673,1.00,1.00
2017.06.12 15:40:08.432,1.50657,1.50673,3.00,1.00
2017.06.12 15:40:11.118,1.50657,1.50674,1.50,1.12
2017.06.12 15:40:11.453,1.50658,1.50673,1.37,1.00
2017.06.12 15:40:11.606,1.50661,1.50676,1.87,1.00
2017.06.12 15:40:11.658,1.50662,1.50678,1.12,1.20
2017.06.12 15:40:11.709,1.50664,1.5068,1.00,1.12
2017.06.12 15:40:12.015,1.50664,1.5068,2.25,1.00
2017.06.12 15:40:12.337,1.50665,1.5068,1.12,1.00
2017.06.12 15:40:13.375,1.50665,1.50681,1.87,1.00
2017.06.12 15:40:13.571,1.50665,1.50681,3.00,1.00
2017.06.12 15:40:14.077,1.50666,1.50682,1.37,1.50
2017.06.12 15:40:14.846,1.50665,1.50681,2.25,1.50
2017.06.12 15:40:15.093,1.50665,1.50681,1.50,1.00
2017.06.12 15:40:15.725,1.50667,1.50682,1.00,1.00
2017.06.12 15:40:17.669,1.50666,1.50682,1.00,1.50
2017.06.12 15:40:18.619,1.50666,1.50682,1.50,1.50
2017.06.12 15:40:18.926,1.50669,1.50685,1.75,1.50
2017.06.12 15:40:18.978,1.50669,1.50685,1.75,1.50
2017.06.12 15:40:19.501,1.50669,1.50684,1.75,1.00
2017.06.12 15:40:21.812,1.50669,1.50682,1.75,1.00
2017.06.12 15:40:22.227,1.50667,1.50677,2.25,1.00
2017.06.12 15:40:22.278,1.50667,1.50679,1.75,1.00
2017.06.12 15:40:22.461,1.50664,1.50678,1.12,1.50
2017.06.12 15:40:22.512,1.5066,1.50674,1.75,1.00
2017.06.12 15:40:22.614,1.5066,1.50674,1.50,1.00
2017.06.12 15:40:23.157,1.5066,1.50675,1.50,1.00
2017.06.12 15:40:24.678,1.50659,1.50674,1.75,1.00
2017.06.12 15:40:24.830,1.50657,1.50673,2.50,1.00
2017.06.12 15:40:25.047,1.50659,1.50676,1.75,2.32
2017.06.12 15:40:25.252,1.50661,1.50677,1.75,1.00
2017.06.12 15:40:25.599,1.50661,1.50677,3.25,1.50
2017.06.12 15:40:25.897,1.50661,1.50676,2.25,1.50
2017.06.12 15:40:26.408,1.5066,1.50675,1.75,1.50
2017.06.12 15:40:26.612,1.5066,1.50675,1.12,1.50
2017.06.12 15:40:26.839,1.5066,1.50672,1.12,1.00
2017.06.12 15:40:27.159,1.50661,1.50676,1.00,1.00
2017.06.12 15:40:27.669,1.50661,1.50677,1.50,1.50
2017.06.12 15:40:28.519,1.5066,1.50676,2.25,1.00
2017.06.12 15:40:28.622,1.50659,1.50674,1.75,1.00
2017.06.12 15:40:28.725,1.50658,1.50673,1.75,1.00
2017.06.12 15:40:28.827,1.50658,1.50673,1.12,1.00
2017.06.12 15:40:29.628,1.50658,1.50674,1.12,1.00
2017.06.12 15:40:33.450,1.50658,1.50672,1.12,1.00
2017.06.12 15:40:34.040,1.50658,1.50673,1.12,1.00
2017.06.12 15:40:34.722,1.50658,1.50674,1.12,1.50
2017.06.12 15:40:35.265,1.50659,1.50674,1.00,1.00
2017.06.12 15:40:36.734,1.50658,1.50674,1.12,1.50
2017.06.12 15:40:38.115,1.50658,1.50674,1.37,1.00
2017.06.12 15:40:38.612,1.50662,1.50674,1.00,1.00
2017.06.12 15:40:38.917,1.50664,1.50674,1.00,1.00
2017.06.12 15:40:40.442,1.50663,1.50674,1.00,1.00
2017.06.12 15:40:41.918,1.50664,1.50674,1.00,1.00
2017.06.12 15:40:42.439,1.50664,1.50675,1.00,1.00
2017.06.12 15:40:42.981,1.50664,1.50674,1.00,1.00
2017.06.12 15:40:43.869,1.50664,1.50675,1.00,1.00
2017.06.12 15:40:44.598,1.50663,1.50675,1.00,1.00
2017.06.12 15:40:45.155,1.50664,1.50675,1.00,1.00
2017.06.12 15:40:45.736,1.50664,1.50674,1.00,1.00
2017.06.12 15:40:46.176,1.5067,1.50679,1.00,1.45
2017.06.12 15:40:46.381,1.50671,1.50682,1.00,1.00
2017.06.12 15:40:47.272,1.50672,1.50682,1.00,1.00
2017.06.12 15:40:48.626,1.50671,1.50681,1.00,1.00
2017.06.12 15:40:48.779,1.50669,1.50678,1.00,1.00
2017.06.12 15:40:49.155,1.50666,1.50678,1.00,1.00
2017.06.12 15:40:49.207,1.50668,1.50678,1.00,1.00
2017.06.12 15:40:49.719,1.5067,1.5068,1.00,1.50
2017.06.12 15:40:50.127,1.50672,1.5068,1.00,1.00
2017.06.12 15:40:50.634,1.50671,1.50678,1.00,1.00
2017.06.12 15:40:50.686,1.50669,1.5068,1.00,1.00
2017.06.12 15:40:50.840,1.50669,1.50678,1.00,1.00
2017.06.12 15:40:51.198,1.50667,1.50678,1.00,1.00
2017.06.12 15:40:51.736,1.50668,1.50677,1.00,1.00
2017.06.12 15:40:52.393,1.50667,1.50677,1.00,1.00
2017.06.12 15:40:52.914,1.50666,1.50677,1.00,1.00
2017.06.12 15:40:53.498,1.50666,1.50676,1.00,1.00
2017.06.12 15:40:55.817,1.50667,1.50676,1.00,1.00
2017.06.12 15:40:56.321,1.5067,1.50679,1.00,1.00
2017.06.12 15:40:56.680,1.50668,1.50678,1.12,1.00
2017.06.12 15:40:57.200,1.50667,1.50678,1.00,1.00
2017.06.12 15:40:57.983,1.50665,1.50678,1.00,1.00
2017.06.12 15:40:58.085,1.50667,1.5068,1.00,1.10
2017.06.12 15:40:58.442,1.50669,1.50684,1.75,1.00
2017.06.12 15:40:58.545,1.50668,1.50684,1.50,1.00
2017.06.12 15:40:59.089,1.50668,1.50682,1.50,1.00
2017.06.12 15:41:00.073,1.50666,1.50679,2.25,1.00
2017.06.12 15:41:00.233,1.50665,1.50678,1.75,1.00
2017.06.12 15:41:00.335,1.50664,1.50678,1.12,1.00
2017.06.12 15:41:00.496,1.50667,1.50679,1.00,1.00
2017.06.12 15:41:01.010,1.50665,1.5068,1.50,1.00
2017.06.12 15:41:01.163,1.50665,1.5068,1.37,1.00
2017.06.12 15:41:01.497,1.50664,1.50678,2.25,1.00
2017.06.12 15:41:02.940,1.50664,1.50677,2.25,1.00
2017.06.12 15:41:03.042,1.50664,1.50677,1.75,1.00
2017.06.12 15:41:03.298,1.50663,1.50675,1.75,1.00
2017.06.12 15:41:03.451,1.50662,1.50675,1.12,1.00
2017.06.12 15:41:03.736,1.50664,1.50675,1.00,1.00
2017.06.12 15:41:04.270,1.50664,1.50676,1.00,1.00
2017.06.12 15:41:04.575,1.50661,1.50674,1.37,1.00
2017.06.12 15:41:04.678,1.5066,1.50673,1.87,1.00
2017.06.12 15:41:05.607,1.5066,1.50672,1.00,1.00
2017.06.12 15:41:05.659,1.50662,1.50674,1.00,1.00
2017.06.12 15:41:05.914,1.50664,1.50677,1.00,1.00
2017.06.12 15:41:06.373,1.50663,1.50675,1.00,1.00
2017.06.12 15:41:06.727,1.50663,1.50673,1.00,1.00
2017.06.12 15:41:07.070,1.50661,1.50674,1.00,1.00
2017.06.12 15:41:07.645,1.5066,1.50671,1.12,1.00
2017.06.12 15:41:07.900,1.50658,1.50671,1.50,1.00
2017.06.12 15:41:08.438,1.50656,1.5067,1.50,1.00
2017.06.12 15:41:09.276,1.50656,1.50672,3.00,1.00
2017.06.12 15:41:09.429,1.50659,1.50673,1.00,1.00
2017.06.12 15:41:09.829,1.5066,1.50674,1.37,1.00
2017.06.12 15:41:10.194,1.50661,1.50674,1.12,1.00
2017.06.12 15:41:10.398,1.5066,1.50673,1.87,1.00
2017.06.12 15:41:10.913,1.5066,1.50672,1.87,1.00
2017.06.12 15:41:11.474,1.5066,1.50673,1.12,1.00
2017.06.12 15:41:12.665,1.50662,1.50674,1.00,1.00
2017.06.12 15:41:13.224,1.50663,1.50674,1.00,1.00
2017.06.12 15:41:13.828,1.50664,1.50674,1.00,1.00
2017.06.12 15:41:13.983,1.50662,1.50674,1.00,1.00
2017.06.12 15:41:15.427,1.50659,1.50674,1.12,1.00
2017.06.12 15:41:15.530,1.50664,1.50674,1.00,1.00
2017.06.12 15:41:15.826,1.50665,1.50676,1.00,1.00
2017.06.12 15:41:17.359,1.50666,1.50676,1.00,1.00
2017.06.12 15:41:17.871,1.50666,1.50677,1.00,1.00
2017.06.12 15:41:18.398,1.50665,1.50677,1.00,1.00
2017.06.12 15:41:18.500,1.50664,1.50675,1.00,1.00
2017.06.12 15:41:18.603,1.50661,1.50675,1.12,1.00
2017.06.12 15:41:18.733,1.50664,1.50675,1.00,1.37
2017.06.12 15:41:18.836,1.50665,1.50677,1.00,1.00
2017.06.12 15:41:19.345,1.50666,1.50677,1.00,1.00
2017.06.12 15:41:19.764,1.50664,1.50677,1.00,1.00
2017.06.12 15:41:20.507,1.50665,1.50677,1.00,1.50
2017.06.12 15:41:20.839,1.50663,1.50675,1.00,1.12
2017.06.12 15:41:21.145,1.50664,1.50675,1.00,1.87
2017.06.12 15:41:21.545,1.50661,1.50674,1.50,1.50
2017.06.12 15:41:22.096,1.50661,1.50672,1.00,1.12
2017.06.12 15:41:22.872,1.50661,1.50671,1.00,1.00
2017.06.12 15:41:25.562,1.50661,1.50671,1.00,1.50
2017.06.12 15:41:26.268,1.50659,1.5067,1.00,1.12
2017.06.12 15:41:27.097,1.50655,1.50666,1.00,1.00
2017.06.12 15:41:27.405,1.50654,1.50664,1.00,1.00
2017.06.12 15:41:28.962,1.50653,1.50664,1.00,1.00
2017.06.12 15:41:29.489,1.50653,1.50665,1.00,1.00
2017.06.12 15:41:32.045,1.50651,1.50662,1.00,1.37
2017.06.12 15:41:32.351,1.50649,1.5066,1.00,1.00
2017.06.12 15:41:32.899,1.5065,1.50661,1.00,1.00
2017.06.12 15:41:33.400,1.50651,1.50661,1.00,1.00
2017.06.12 15:41:33.895,1.50651,1.50663,1.00,1.00
2017.06.12 15:41:35.432,1.5065,1.50661,1.00,1.00
2017.06.12 15:41:35.483,1.50648,1.50661,1.00,1.00
2017.06.12 15:41:36.257,1.50647,1.50662,1.00,1.12
2017.06.12 15:41:36.523,1.50648,1.5066,1.00,1.00
2017.06.12 15:41:36.676,1.50648,1.50666,1.87,4.87
2017.06.12 15:41:36.728,1.50654,1.50666,1.00,1.75
2017.06.12 15:41:36.983,1.50657,1.50669,1.00,1.00
2017.06.12 15:41:38.468,1.50658,1.50669,1.00,1.00
2017.06.12 15:41:39.194,1.50657,1.50669,1.00,1.00
2017.06.12 15:41:39.455,1.50659,1.50671,1.00,1.00
2017.06.12 15:41:39.981,1.50659,1.50673,1.00,1.50
2017.06.12 15:41:40.493,1.5066,1.50673,1.00,1.50
2017.06.12 15:41:41.358,1.50658,1.50673,1.00,1.50
2017.06.12 15:41:42.139,1.5066,1.50673,1.00,1.50
2017.06.12 15:41:43.998,1.50658,1.5067,1.00,1.00
2017.06.12 15:41:44.051,1.50656,1.5067,1.50,1.00
2017.06.12 15:41:44.568,1.50656,1.5067,1.00,1.50
2017.06.12 15:41:44.721,1.50659,1.5067,1.00,1.50
2017.06.12 15:41:44.874,1.5066,1.50671,1.00,1.00
2017.06.12 15:41:45.383,1.5066,1.50672,1.00,1.12
2017.06.12 15:41:45.739,1.50659,1.5067,1.00,1.00
2017.06.12 15:41:46.045,1.50663,1.50674,1.00,1.37
2017.06.12 15:41:46.096,1.50663,1.50674,1.00,1.00
2017.06.12 15:41:46.352,1.50663,1.50676,1.00,1.12
2017.06.12 15:41:46.455,1.50661,1.50672,1.50,1.00
2017.06.12 15:41:46.557,1.50659,1.50672,1.00,1.00
2017.06.12 15:41:47.192,1.50662,1.50677,1.00,3.07
2017.06.12 15:41:47.895,1.50663,1.50677,1.00,1.50
2017.06.12 15:41:48.749,1.50666,1.50679,1.00,1.37
2017.06.12 15:41:48.800,1.50667,1.50679,1.00,1.00
2017.06.12 15:41:48.956,1.50669,1.5068,1.00,1.12
2017.06.12 15:41:49.109,1.5067,1.50685,1.50,1.75
2017.06.12 15:41:49.262,1.5067,1.50687,1.00,1.87
2017.06.12 15:41:49.467,1.50671,1.50682,1.00,1.00
2017.06.12 15:41:49.573,1.50669,1.50682,1.12,1.00
2017.06.12 15:41:49.624,1.50669,1.50684,1.87,1.00
2017.06.12 15:41:49.676,1.50671,1.50684,1.00,1.00
2017.06.12 15:41:50.225,1.5067,1.50684,1.50,1.00
2017.06.12 15:41:50.851,1.5067,1.50685,1.50,1.00
2017.06.12 15:41:51.195,1.50668,1.50683,1.00,1.00
2017.06.12 15:41:51.709,1.50671,1.50688,1.00,2.45
2017.06.12 15:41:52.015,1.50674,1.50688,1.00,1.50
2017.06.12 15:41:52.565,1.50673,1.50688,1.00,1.50
2017.06.12 15:41:52.877,1.50673,1.50686,1.00,1.00
2017.06.12 15:41:53.445,1.50674,1.50688,1.00,1.00
2017.06.12 15:41:53.649,1.50674,1.5069,1.00,1.87
2017.06.12 15:41:53.853,1.50674,1.50687,1.00,1.00
2017.06.12 15:41:54.259,1.50671,1.50686,1.00,1.00
2017.06.12 15:41:54.784,1.5067,1.50686,1.50,1.00
2017.06.12 15:41:56.231,1.50671,1.50687,1.00,1.12
2017.06.12 15:41:56.734,1.50672,1.50687,1.00,1.00
2017.06.12 15:41:57.335,1.50671,1.50687,1.12,1.00
2017.06.12 15:41:58.453,1.50669,1.50683,2.62,1.00
2017.06.12 15:41:59.002,1.50672,1.50686,1.00,1.75
2017.06.12 15:41:59.505,1.50671,1.50686,1.50,1.75
2017.06.12 15:42:00.045,1.5067,1.50685,1.00,1.50
2017.06.12 15:42:00.495,1.50673,1.50687,1.00,1.85
2017.06.12 15:42:00.698,1.50673,1.50687,1.00,1.50
2017.06.12 15:42:01.214,1.50672,1.50687,1.00,1.50
2017.06.12 15:42:01.316,1.5067,1.50687,1.50,1.75
2017.06.12 15:42:01.536,1.50663,1.50678,1.87,1.12
2017.06.12 15:42:01.587,1.50663,1.50678,1.00,1.50
2017.06.12 15:42:01.944,1.50667,1.50682,1.00,1.50
2017.06.12 15:42:01.997,1.50667,1.50682,1.00,1.50
2017.06.12 15:42:02.707,1.50667,1.50677,1.00,1.75
2017.06.12 15:42:02.758,1.50667,1.50683,1.00,1.75
2017.06.12 15:42:03.410,1.50666,1.50682,1.00,1.00
2017.06.12 15:42:03.925,1.50667,1.50682,1.00,1.00
2017.06.12 15:42:04.055,1.50665,1.5068,1.12,1.00
2017.06.12 15:42:04.576,1.50663,1.50678,1.12,1.00
2017.06.12 15:42:05.220,1.50663,1.50677,1.12,1.00
2017.06.12 15:42:06.633,1.50663,1.50678,1.00,1.50
2017.06.12 15:42:07.289,1.50662,1.50677,1.00,1.50
2017.06.12 15:42:07.683,1.50661,1.50675,1.00,1.00
2017.06.12 15:42:08.634,1.50662,1.50676,1.00,1.12
2017.06.12 15:42:12.677,1.50662,1.50675,1.12,1.00
2017.06.12 15:42:12.986,1.5067,1.50681,1.00,1.75
2017.06.12 15:42:13.038,1.5067,1.50681,1.00,1.37
2017.06.12 15:42:13.140,1.5067,1.50683,1.00,1.37
2017.06.12 15:42:13.344,1.50673,1.50683,1.00,1.00
2017.06.12 15:42:16.460,1.5067,1.50682,1.00,1.00
2017.06.12 15:42:16.511,1.50669,1.5068,1.00,1.00
2017.06.12 15:42:16.614,1.5067,1.50683,1.00,1.12
2017.06.12 15:42:16.666,1.50672,1.50683,1.00,1.12
2017.06.12 15:42:16.769,1.50669,1.50681,1.00,1.00
2017.06.12 15:42:18.205,1.50667,1.50681,1.00,1.50
2017.06.12 15:42:18.257,1.50665,1.50678,2.25,1.00
2017.06.12 15:42:18.775,1.50665,1.50678,1.00,1.00
2017.06.12 15:42:21.732,1.50663,1.50677,1.00,1.00
2017.06.12 15:42:21.936,1.50663,1.50675,1.00,1.00
2017.06.12 15:42:22.422,1.50661,1.50673,1.00,1.00
2017.06.12 15:42:23.014,1.50661,1.50672,1.00,1.00
2017.06.12 15:42:23.550,1.50662,1.50672,1.00,1.00
2017.06.12 15:42:23.935,1.50662,1.50675,1.00,1.12
2017.06.12 15:42:24.090,1.50666,1.50676,1.00,1.37
2017.06.12 15:42:24.361,1.50666,1.5068,1.00,1.87
2017.06.12 15:42:25.004,1.50667,1.50679,1.00,1.00
2017.06.12 15:42:26.078,1.50666,1.50679,1.00,1.00
2017.06.12 15:42:26.755,1.50665,1.50679,1.00,1.50
2017.06.12 15:42:27.200,1.50667,1.50678,1.00,1.00
2017.06.12 15:42:27.598,1.50665,1.50679,1.00,1.00
2017.06.12 15:42:28.745,1.50666,1.50679,1.00,1.00
2017.06.12 15:42:29.516,1.50665,1.50678,1.00,1.00
2017.06.12 15:42:31.816,1.50665,1.50677,1.00,1.00
2017.06.12 15:42:32.411,1.50664,1.50677,1.00,1.00
2017.06.12 15:42:33.826,1.50664,1.50674,1.00,2.25
2017.06.12 15:42:34.081,1.50651,1.50666,1.50,1.00
2017.06.12 15:42:34.659,1.50651,1.50667,2.25,1.00
2017.06.12 15:42:35.021,1.50652,1.50669,1.12,1.12
2017.06.12 15:42:35.123,1.50654,1.50671,1.00,1.50
2017.06.12 15:42:35.777,1.50657,1.50673,1.00,1.37
2017.06.12 15:42:35.999,1.50657,1.50675,1.87,1.87
2017.06.12 15:42:36.050,1.50659,1.50675,1.00,1.87
2017.06.12 15:42:41.795,1.50659,1.50674,1.00,1.00
2017.06.12 15:42:42.308,1.50659,1.50676,1.00,1.50
2017.06.12 15:42:42.614,1.50662,1.50677,1.00,1.00
2017.06.12 15:42:43.183,1.50663,1.50677,1.12,1.00
2017.06.12 15:42:43.901,1.50661,1.50678,1.75,1.00
2017.06.12 15:42:44.280,1.50661,1.50676,1.75,1.00
2017.06.12 15:42:44.787,1.5066,1.50675,1.75,1.00
2017.06.12 15:42:44.991,1.50659,1.50675,1.50,1.00
2017.06.12 15:42:46.358,1.5066,1.50673,1.12,1.00
2017.06.12 15:42:46.877,1.50659,1.50672,1.00,1.00
2017.06.12 15:42:47.402,1.50659,1.50673,1.00,1.00
2017.06.12 15:42:47.782,1.50661,1.50677,1.00,1.50
2017.06.12 15:42:48.165,1.50666,1.50676,1.00,1.00
2017.06.12 15:42:48.216,1.50666,1.50679,1.00,1.50
2017.06.12 15:42:48.857,1.50666,1.50679,1.00,1.00
2017.06.12 15:42:50.942,1.50666,1.5068,1.12,1.00
2017.06.12 15:42:51.085,1.5067,1.50682,1.00,1.00
2017.06.12 15:42:51.391,1.50667,1.5068,1.75,1.00
2017.06.12 15:42:52.047,1.50667,1.50681,1.87,1.00
2017.06.12 15:42:52.591,1.50667,1.50682,2.62,1.00
2017.06.12 15:42:54.096,1.50669,1.50681,1.12,1.00
2017.06.12 15:42:55.029,1.50669,1.50681,1.50,1.00
2017.06.12 15:42:55.306,1.50669,1.50682,1.50,1.00
2017.06.12 15:42:56.033,1.50668,1.50682,2.25,1.00
2017.06.12 15:42:56.444,1.50667,1.5068,1.75,1.00
2017.06.12 15:42:56.953,1.50667,1.50681,1.85,1.00
2017.06.12 15:42:57.479,1.50669,1.50682,1.12,1.00
2017.06.12 15:42:59.528,1.50668,1.50683,1.50,1.00
2017.06.12 15:43:00.135,1.50668,1.50682,1.50,1.00
2017.06.12 15:43:00.789,1.50668,1.50681,1.50,1.00
2017.06.12 15:43:01.710,1.50666,1.50682,2.33,1.00
2017.06.12 15:43:05.843,1.50667,1.50683,2.25,1.50
2017.06.12 15:43:06.379,1.50669,1.50683,1.50,1.00
2017.06.12 15:43:07.057,1.50669,1.50684,1.37,1.00
2017.06.12 15:43:07.865,1.50668,1.50682,1.87,1.00
2017.06.12 15:43:08.196,1.50668,1.50682,1.13,1.00
2017.06.12 15:43:08.349,1.5067,1.50682,1.00,1.00
2017.06.12 15:43:08.654,1.50668,1.50681,1.00,1.00
2017.06.12 15:43:09.747,1.50667,1.50681,1.00,1.00
2017.06.12 15:43:09.967,1.50666,1.50678,1.12,1.00
2017.06.12 15:43:10.023,1.50664,1.50678,1.00,1.00
2017.06.12 15:43:10.329,1.50662,1.50678,1.95,1.00
2017.06.12 15:43:10.431,1.50665,1.50676,1.00,1.00
2017.06.12 15:43:10.635,1.50662,1.50676,1.10,1.00
2017.06.12 15:43:10.961,1.50665,1.50679,1.00,1.75
2017.06.12 15:43:11.012,1.50665,1.50679,1.00,1.00
2017.06.12 15:43:11.564,1.50665,1.50678,1.00,1.00
2017.06.12 15:43:12.084,1.50664,1.50677,1.00,1.00
2017.06.12 15:43:12.627,1.50663,1.50676,1.00,1.00
2017.06.12 15:43:13.552,1.50662,1.50675,1.12,1.00
2017.06.12 15:43:13.807,1.50662,1.50677,1.00,1.00
2017.06.12 15:43:13.859,1.50665,1.50678,1.00,1.12
2017.06.12 15:43:14.796,1.50665,1.50679,1.12,1.00
2017.06.12 15:43:14.949,1.50666,1.50681,1.10,1.00
2017.06.12 15:43:15.051,1.50666,1.50681,1.57,1.00
2017.06.12 15:43:15.477,1.50672,1.50688,1.00,3.75
2017.06.12 15:43:15.787,1.50669,1.50679,1.75,1.00
2017.06.12 15:43:15.840,1.50669,1.50679,1.00,1.00
2017.06.12 15:43:15.944,1.50665,1.50677,1.75,1.00
2017.06.12 15:43:16.048,1.50663,1.50677,1.95,1.00
2017.06.12 15:43:16.580,1.50663,1.50676,1.12,1.00
2017.06.12 15:43:17.114,1.50662,1.50675,1.12,1.00
2017.06.12 15:43:17.667,1.50661,1.50675,1.10,1.00
2017.06.12 15:43:18.669,1.50662,1.50675,1.00,1.00
2017.06.12 15:43:21.545,1.50662,1.50676,1.00,1.00
2017.06.12 15:43:25.544,1.50662,1.50678,1.00,1.00
2017.06.12 15:43:25.850,1.50663,1.50678,1.37,1.75
2017.06.12 15:43:25.954,1.50663,1.50679,1.00,1.12
2017.06.12 15:43:26.443,1.50666,1.50682,1.00,1.75
2017.06.12 15:43:26.545,1.50666,1.50683,1.00,1.50
2017.06.12 15:43:26.800,1.50669,1.50683,1.00,1.00
2017.06.12 15:43:27.341,1.50667,1.50682,1.00,1.00
2017.06.12 15:43:28.076,1.50669,1.50683,1.00,1.12
2017.06.12 15:43:29.018,1.50668,1.50682,1.00,1.00
2017.06.12 15:43:29.172,1.50665,1.50681,1.12,1.00
2017.06.12 15:43:29.223,1.50664,1.50677,1.37,1.00
2017.06.12 15:43:29.275,1.5066,1.50676,3.45,1.00
2017.06.12 15:43:29.632,1.5066,1.50674,1.00,1.00
2017.06.12 15:43:29.734,1.50658,1.50674,1.50,1.00
2017.06.12 15:43:30.171,1.50654,1.50672,3.07,1.00
2017.06.12 15:43:30.224,1.50654,1.50667,1.12,1.00
2017.06.12 15:43:30.276,1.50651,1.50668,1.00,1.75
2017.06.12 15:43:30.888,1.50653,1.5067,1.75,1.50
2017.06.12 15:43:31.092,1.50655,1.50671,1.75,1.00
2017.06.12 15:43:31.347,1.50653,1.5067,3.37,1.37
2017.06.12 15:43:32.075,1.50653,1.50669,1.75,1.12
2017.06.12 15:43:32.178,1.50651,1.50666,2.25,1.00
2017.06.12 15:43:32.451,1.50649,1.50666,1.37,1.37
2017.06.12 15:43:33.242,1.50649,1.50667,1.12,2.25
2017.06.12 15:43:33.617,1.50651,1.50667,1.00,2.25
2017.06.12 15:43:33.849,1.50648,1.50667,2.25,1.50
2017.06.12 15:43:34.471,1.50647,1.50666,3.00,1.50
2017.06.12 15:43:34.996,1.50648,1.50665,1.00,1.12
2017.06.12 15:43:36.325,1.50649,1.50665,1.00,1.12
2017.06.12 15:43:37.189,1.50648,1.50664,1.50,1.00
2017.06.12 15:43:37.420,1.50653,1.50667,1.00,2.25
2017.06.12 15:43:37.727,1.50655,1.50673,1.50,2.62
2017.06.12 15:43:37.931,1.50657,1.50673,1.00,1.50
2017.06.12 15:43:38.901,1.50659,1.50673,1.00,1.50
2017.06.12 15:43:38.952,1.50657,1.50673,1.50,1.50
2017.06.12 15:43:39.157,1.50658,1.50674,1.00,1.87
2017.06.12 15:43:39.782,1.50657,1.50674,1.50,1.87
2017.06.12 15:43:40.331,1.50658,1.50674,1.00,1.87
2017.06.12 15:43:41.706,1.5066,1.50674,1.00,1.12
2017.06.12 15:43:41.909,1.50658,1.50674,1.50,1.12
2017.06.12 15:43:43.096,1.50658,1.50675,1.87,1.12
2017.06.12 15:43:43.600,1.50658,1.50675,1.00,1.37
2017.06.12 15:43:46.356,1.50658,1.50675,1.00,2.62
2017.06.12 15:43:46.559,1.50658,1.50674,1.00,1.00
2017.06.12 15:43:46.661,1.50658,1.50675,1.00,2.62
2017.06.12 15:43:47.165,1.50659,1.50675,1.00,1.87
2017.06.12 15:43:47.949,1.50659,1.50675,1.00,1.50
2017.06.12 15:43:48.265,1.50659,1.50674,1.00,1.50
2017.06.12 15:43:49.240,1.50658,1.50674,1.00,2.25
2017.06.12 15:43:51.497,1.50657,1.50672,1.00,1.12
2017.06.12 15:43:54.310,1.50658,1.50672,1.00,1.12
2017.06.12 15:43:55.506,1.50654,1.50667,1.37,1.00
2017.06.12 15:43:55.608,1.5065,1.50665,1.75,1.00
2017.06.12 15:43:55.710,1.5065,1.50666,1.00,1.50
2017.06.12 15:43:55.813,1.5065,1.50666,1.87,2.25
2017.06.12 15:43:55.915,1.5065,1.50666,1.87,1.87
2017.06.12 15:43:56.453,1.5065,1.50665,1.12,1.00
2017.06.12 15:43:56.990,1.50649,1.50664,1.00,1.00
2017.06.12 15:43:58.790,1.50649,1.50663,1.00,1.00
2017.06.12 15:43:58.927,1.50649,1.50665,1.00,1.50
2017.06.12 15:43:59.583,1.50648,1.50664,1.12,1.00
2017.06.12 15:44:03.119,1.50649,1.50664,1.00,1.00
2017.06.12 15:44:03.716,1.50649,1.50665,1.00,1.00
2017.06.12 15:44:04.100,1.50651,1.50667,1.00,2.25
2017.06.12 15:44:04.439,1.50642,1.50656,1.00,1.00
2017.06.12 15:44:04.944,1.50641,1.50656,1.00,1.00
2017.06.12 15:44:05.495,1.50641,1.50657,1.00,1.00
2017.06.12 15:44:07.059,1.50642,1.50657,1.00,1.00
2017.06.12 15:44:07.414,1.50642,1.50657,1.50,1.37
2017.06.12 15:44:08.177,1.50645,1.50658,1.00,1.75
2017.06.12 15:44:08.228,1.50643,1.50659,1.50,1.75
2017.06.12 15:44:08.330,1.50643,1.50659,1.50,1.50
2017.06.12 15:44:08.438,1.50643,1.50659,1.50,1.75
2017.06.12 15:44:08.694,1.50645,1.50661,1.50,1.75
2017.06.12 15:44:09.255,1.50646,1.50662,1.00,2.25
2017.06.12 15:44:09.800,1.50647,1.50663,1.00,1.75
2017.06.12 15:44:10.441,1.50645,1.5066,1.50,1.50
2017.06.12 15:44:10.951,1.50644,1.50659,1.50,1.12
2017.06.12 15:44:11.563,1.50644,1.50658,1.00,1.00
2017.06.12 15:44:11.666,1.50642,1.50657,1.00,1.00
2017.06.12 15:44:12.626,1.50641,1.50655,1.00,1.12
2017.06.12 15:44:13.977,1.50638,1.50652,1.00,1.00
2017.06.12 15:44:14.622,1.50638,1.50651,1.00,1.00
2017.06.12 15:44:15.667,1.50638,1.50652,1.00,1.00
2017.06.12 15:44:18.149,1.50639,1.50652,1.00,1.00
2017.06.12 15:44:18.806,1.50636,1.50652,2.25,1.50
2017.06.12 15:44:18.858,1.50636,1.50649,1.12,1.00
2017.06.12 15:44:19.113,1.50636,1.50651,1.00,1.00
2017.06.12 15:44:19.657,1.50636,1.50652,1.50,1.00
2017.06.12 15:44:20.183,1.50637,1.50652,1.00,1.00
2017.06.12 15:44:20.335,1.50639,1.50653,1.00,1.12
2017.06.12 15:44:21.585,1.50638,1.50653,1.00,1.12
2017.06.12 15:44:21.897,1.50635,1.50649,1.57,1.00
2017.06.12 15:44:22.246,1.50637,1.50652,1.10,1.12
2017.06.12 15:44:23.164,1.50638,1.50652,1.00,1.00
2017.06.12 15:44:23.682,1.50638,1.50653,1.00,1.12
2017.06.12 15:44:24.133,1.5064,1.50654,1.00,1.50
2017.06.12 15:44:24.643,1.50639,1.50652,1.00,1.00
2017.06.12 15:44:25.173,1.50638,1.50652,1.00,1.00
2017.06.12 15:44:25.682,1.50637,1.50652,1.10,1.00
2017.06.12 15:44:26.043,1.50634,1.50648,1.57,1.00
2017.06.12 15:44:26.196,1.50637,1.50651,1.00,1.12
2017.06.12 15:44:26.551,1.50633,1.50647,1.50,1.00
2017.06.12 15:44:26.756,1.5063,1.50644,1.12,1.00
2017.06.12 15:44:27.265,1.50629,1.50644,1.10,1.12
2017.06.12 15:44:27.858,1.50629,1.50646,1.00,3.00
2017.06.12 15:44:28.389,1.50628,1.50644,1.20,1.00
2017.06.12 15:44:29.161,1.50628,1.50643,1.20,1.00
2017.06.12 15:44:31.505,1.50628,1.50645,1.95,1.00
2017.06.12 15:44:32.000,1.50628,1.50645,1.95,1.00
2017.06.12 15:44:32.392,1.50634,1.50649,1.00,1.12
2017.06.12 15:44:32.546,1.50638,1.50651,1.00,1.12
2017.06.12 15:44:32.903,1.5064,1.50653,1.00,1.75
2017.06.12 15:44:33.244,1.50653,1.5066,1.00,1.00
2017.06.12 15:44:33.346,1.50653,1.50667,1.00,1.37
2017.06.12 15:44:33.660,1.50651,1.50667,1.00,1.87
2017.06.12 15:44:33.711,1.50652,1.50667,1.00,1.87
2017.06.12 15:44:34.018,1.50654,1.50666,1.00,1.12
2017.06.12 15:44:34.558,1.50653,1.50666,1.00,1.12
2017.06.12 15:44:34.865,1.50658,1.50671,1.00,1.00
2017.06.12 15:44:35.420,1.50656,1.50672,1.00,2.25
2017.06.12 15:44:35.574,1.50658,1.50673,1.00,1.75
2017.06.12 15:44:35.626,1.50658,1.50673,1.00,1.00
2017.06.12 15:44:35.779,1.50659,1.50676,1.00,1.12
2017.06.12 15:44:35.831,1.50659,1.50676,1.37,1.12
2017.06.12 15:44:36.682,1.50661,1.50679,1.00,1.87
2017.06.12 15:44:37.191,1.50662,1.50677,1.50,1.00
2017.06.12 15:44:37.242,1.50662,1.50679,1.50,1.50
2017.06.12 15:44:38.320,1.5066,1.50673,1.50,1.00
2017.06.12 15:44:38.372,1.50659,1.50676,2.32,1.00
2017.06.12 15:44:38.912,1.5066,1.50676,1.12,1.00
2017.06.12 15:44:39.416,1.50661,1.50676,1.00,1.00
2017.06.12 15:44:39.965,1.50661,1.50677,1.00,1.00
2017.06.12 15:44:41.176,1.5066,1.50673,1.12,1.00
2017.06.12 15:44:41.279,1.50662,1.50676,1.00,1.12
2017.06.12 15:44:41.671,1.50658,1.50676,2.32,1.00
2017.06.12 15:44:42.310,1.50659,1.50674,1.50,1.00
2017.06.12 15:44:42.617,1.50659,1.50671,1.00,1.00
2017.06.12 15:44:43.133,1.50657,1.50672,1.87,1.00
2017.06.12 15:44:43.499,1.50658,1.50674,1.87,1.00
2017.06.12 15:44:44.009,1.50659,1.50674,1.50,1.50
2017.06.12 15:44:44.213,1.50659,1.50676,1.00,1.12
2017.06.12 15:44:44.264,1.50662,1.50678,1.00,2.25
2017.06.12 15:44:44.640,1.50663,1.50679,1.00,1.50
2017.06.12 15:44:44.794,1.50661,1.50675,2.32,1.00
2017.06.12 15:44:44.896,1.50659,1.50674,1.87,1.00
2017.06.12 15:44:45.203,1.50659,1.50672,1.00,1.00
2017.06.12 15:44:45.489,1.50655,1.50671,1.37,1.50
2017.06.12 15:44:45.544,1.50654,1.50669,1.12,1.00
2017.06.12 15:44:46.428,1.50653,1.50668,1.87,1.00
2017.06.12 15:44:46.936,1.50655,1.50669,1.50,1.00
2017.06.12 15:44:47.465,1.50655,1.50668,1.00,1.00
2017.06.12 15:44:47.569,1.50655,1.5067,1.50,1.50
2017.06.12 15:44:47.918,1.50655,1.50668,1.00,1.00
2017.06.12 15:44:48.218,1.50653,1.50668,1.87,1.50
2017.06.12 15:44:48.741,1.50653,1.50667,1.12,1.00
2017.06.12 15:44:49.247,1.50652,1.50668,2.25,1.50
2017.06.12 15:44:50.803,1.50652,1.50667,1.50,1.00
2017.06.12 15:44:51.527,1.50651,1.50666,3.07,1.00
2017.06.12 15:44:52.435,1.50651,1.50661,1.37,1.50
2017.06.12 15:44:52.690,1.50644,1.50654,1.00,1.50
2017.06.12 15:44:52.844,1.50644,1.50652,1.00,1.00
2017.06.12 15:44:52.997,1.50644,1.50654,1.00,1.50
2017.06.12 15:44:53.252,1.50644,1.50657,1.00,2.25
2017.06.12 15:44:53.457,1.50642,1.50657,1.00,2.25
2017.06.12 15:44:53.695,1.50642,1.50657,1.00,1.50
2017.06.12 15:44:53.827,1.50641,1.50655,1.00,1.50
2017.06.12 15:44:54.134,1.50639,1.50653,1.00,1.00
2017.06.12 15:44:55.129,1.50638,1.50653,1.50,1.00
2017.06.12 15:44:55.600,1.50642,1.50656,1.12,1.50
2017.06.12 15:44:55.855,1.5064,1.50654,1.00,1.00
2017.06.12 15:44:56.374,1.50639,1.50654,1.50,1.00
2017.06.12 15:44:56.885,1.50639,1.50653,1.50,1.00
2017.06.12 15:44:57.174,1.50641,1.50656,1.12,2.25
2017.06.12 15:44:57.723,1.50641,1.50656,1.87,1.00
2017.06.12 15:44:58.234,1.50641,1.50657,1.12,1.12
2017.06.12 15:44:58.926,1.50642,1.50657,1.00,1.12
2017.06.12 15:44:59.440,1.50641,1.50656,1.50,1.00
2017.06.12 15:44:59.962,1.50644,1.50658,1.00,1.50
2017.06.12 15:45:00.476,1.50645,1.50656,1.00,1.00
2017.06.12 15:45:01.622,1.50644,1.50656,1.00,1.00
2017.06.12 15:45:02.294,1.50644,1.50654,1.00,1.00
2017.06.12 15:45:02.347,1.50641,1.50654,1.00,1.00
2017.06.12 15:45:02.862,1.5064,1.50654,1.00,1.50
2017.06.12 15:45:03.389,1.5064,1.50652,1.00,1.00
2017.06.12 15:45:04.025,1.50642,1.50656,1.00,2.25
2017.06.12 15:45:04.571,1.50641,1.50656,1.00,1.75
2017.06.12 15:45:05.078,1.50643,1.50657,1.00,1.75
2017.06.12 15:45:05.180,1.50644,1.50657,1.00,1.50
2017.06.12 15:45:06.075,1.50642,1.50657,2.62,1.50
2017.06.12 15:45:06.912,1.50644,1.50657,1.00,1.50
2017.06.12 15:45:07.446,1.50645,1.50657,1.00,1.50
2017.06.12 15:45:07.853,1.50641,1.50655,1.00,1.37
2017.06.12 15:45:09.427,1.50642,1.50653,1.00,1.12
2017.06.12 15:45:10.037,1.50641,1.50653,1.00,1.12
2017.06.12 15:45:11.492,1.50641,1.50654,1.00,1.00
2017.06.12 15:45:13.156,1.50642,1.50654,1.00,1.00
2017.06.12 15:45:14.973,1.50642,1.50656,1.00,1.87
2017.06.12 15:45:15.971,1.50643,1.50657,1.00,2.62
2017.06.12 15:45:16.124,1.50645,1.50658,1.00,2.25
2017.06.12 15:45:16.228,1.50647,1.5066,1.00,1.00
2017.06.12 15:45:16.280,1.50644,1.5066,1.87,1.00
2017.06.12 15:45:16.331,1.50644,1.50658,1.12,1.00
2017.06.12 15:45:18.276,1.50644,1.50659,1.00,1.00
2017.06.12 15:45:18.688,1.50646,1.50659,1.00,1.00
2017.06.12 15:45:19.297,1.50646,1.50658,1.00,1.00
2017.06.12 15:45:20.522,1.50646,1.50659,1.00,1.00
2017.06.12 15:45:22.599,1.50648,1.5066,1.00,1.00
2017.06.12 15:45:22.702,1.5065,1.50663,1.00,1.87
2017.06.12 15:45:23.015,1.50652,1.50663,1.00,1.00
2017.06.12 15:45:23.561,1.50653,1.50665,1.00,1.00
2017.06.12 15:45:23.614,1.50654,1.50668,1.00,1.00
2017.06.12 15:45:23.667,1.50656,1.50667,1.00,1.00
2017.06.12 15:45:23.770,1.50656,1.5067,1.00,1.00
2017.06.12 15:45:23.822,1.50656,1.50668,1.00,1.00
2017.06.12 15:45:24.127,1.50657,1.5067,1.12,1.00
2017.06.12 15:45:24.680,1.50658,1.5067,1.00,1.00
2017.06.12 15:45:25.231,1.50655,1.5067,2.25,1.00
2017.06.12 15:45:25.790,1.50653,1.50668,2.25,1.00
2017.06.12 15:45:26.138,1.50646,1.50661,2.25,1.00
2017.06.12 15:45:26.240,1.50646,1.50661,2.25,1.00
2017.06.12 15:45:27.399,1.50648,1.50662,1.37,1.00
2017.06.12 15:45:27.949,1.50648,1.50663,2.25,1.00
2017.06.12 15:45:28.889,1.50648,1.5066,1.50,1.37
2017.06.12 15:45:29.049,1.50647,1.50662,1.00,3.00
2017.06.12 15:45:29.563,1.50645,1.5066,2.32,1.00
2017.06.12 15:45:30.065,1.50647,1.50661,1.00,1.00
2017.06.12 15:45:30.583,1.50647,1.50662,1.10,1.50
2017.06.12 15:45:32.401,1.50646,1.50661,1.95,1.50
2017.06.12 15:45:32.910,1.50646,1.5066,1.00,1.00
2017.06.12 15:45:34.083,1.50648,1.5066,1.00,1.00
2017.06.12 15:45:34.237,1.50648,1.50662,1.20,1.00
2017.06.12 15:45:34.452,1.50652,1.50665,1.00,1.00
2017.06.12 15:45:34.961,1.50649,1.50664,1.75,1.00
2017.06.12 15:45:35.471,1.50649,1.50665,2.25,1.00
2017.06.12 15:45:36.379,1.50651,1.50666,1.50,1.00
2017.06.12 15:45:36.921,1.5065,1.50665,1.75,1.00
2017.06.12 15:45:37.465,1.50648,1.50663,1.82,1.00
2017.06.12 15:45:37.670,1.50648,1.50663,1.00,1.50
2017.06.12 15:45:37.823,1.50643,1.50658,1.87,1.00
2017.06.12 15:45:37.963,1.50643,1.50658,1.75,1.00
2017.06.12 15:45:38.066,1.50643,1.50658,1.12,1.00
2017.06.12 15:45:39.863,1.50644,1.50659,1.00,2.25
2017.06.12 15:45:40.039,1.50645,1.50661,1.00,1.00
2017.06.12 15:45:40.090,1.5065,1.50663,1.00,1.47
2017.06.12 15:45:40.143,1.5065,1.50664,1.00,1.00
2017.06.12 15:45:40.247,1.50654,1.5067,1.00,2.25
2017.06.12 15:45:40.362,1.50654,1.5067,1.50,1.37
2017.06.12 15:45:40.414,1.50656,1.50671,1.12,1.12
2017.06.12 15:45:40.518,1.50655,1.50671,3.00,1.00
2017.06.12 15:45:40.621,1.50655,1.50671,2.25,1.00
2017.06.12 15:45:40.877,1.50654,1.50669,1.75,1.00
2017.06.12 15:45:40.979,1.50653,1.50669,3.00,1.00
2017.06.12 15:45:41.030,1.50653,1.50669,3.00,1.00
2017.06.12 15:45:41.553,1.50655,1.5067,1.50,1.00
2017.06.12 15:45:42.596,1.50654,1.50668,1.75,1.00
2017.06.12 15:45:42.766,1.50653,1.50668,1.50,1.00
2017.06.12 15:45:43.072,1.5065,1.50668,2.25,1.50
2017.06.12 15:45:43.823,1.50651,1.50666,1.12,1.00
2017.06.12 15:45:44.865,1.50652,1.50668,1.00,1.50
2017.06.12 15:45:44.918,1.50652,1.50668,1.37,1.50
2017.06.12 15:45:45.023,1.50655,1.5067,1.00,1.50
2017.06.12 15:45:45.127,1.50658,1.50672,1.00,1.00
2017.06.12 15:45:45.637,1.50656,1.50671,1.50,1.00
2017.06.12 15:45:45.956,1.50653,1.50668,2.25,1.50
2017.06.12 15:45:46.109,1.50651,1.50666,1.12,1.00
2017.06.12 15:45:46.314,1.50654,1.50668,1.00,1.00
2017.06.12 15:45:46.824,1.50654,1.50669,1.12,1.50
2017.06.12 15:45:46.938,1.50652,1.50668,1.87,1.00
2017.06.12 15:45:46.990,1.50654,1.50669,1.00,1.50
2017.06.12 15:45:47.348,1.50652,1.50668,1.12,1.00
2017.06.12 15:45:47.944,1.50654,1.50669,1.00,1.50
2017.06.12 15:45:48.523,1.50653,1.50667,1.00,1.00
2017.06.12 15:45:49.033,1.50652,1.50667,1.12,1.50
2017.06.12 15:45:49.634,1.50651,1.50666,1.50,1.50
2017.06.12 15:45:50.056,1.50656,1.50667,1.00,1.00
2017.06.12 15:45:50.107,1.50652,1.50667,1.87,1.00
2017.06.12 15:45:50.159,1.50654,1.50669,1.00,1.00
2017.06.12 15:45:51.140,1.50655,1.5067,1.00,1.50
2017.06.12 15:45:51.446,1.50651,1.50666,1.00,1.50
2017.06.12 15:45:51.548,1.50649,1.50665,1.95,1.50
2017.06.12 15:45:51.924,1.50648,1.50663,1.57,1.00
2017.06.12 15:45:52.128,1.50646,1.50661,1.12,1.50
2017.06.12 15:45:52.537,1.50649,1.50661,1.00,1.00
2017.06.12 15:45:53.124,1.50649,1.5066,1.00,1.00
2017.06.12 15:45:54.288,1.5065,1.50661,1.00,1.00
2017.06.12 15:45:54.555,1.5065,1.50663,1.00,1.50
2017.06.12 15:45:55.348,1.50651,1.50664,1.00,1.12
2017.06.12 15:45:55.400,1.50654,1.50664,1.00,1.12
2017.06.12 15:45:55.951,1.50653,1.50664,1.00,1.00
2017.06.12 15:45:56.372,1.50651,1.50664,1.00,1.00
2017.06.12 15:45:56.425,1.5065,1.50662,1.00,1.00
2017.06.12 15:45:56.631,1.50648,1.50663,1.50,1.50
2017.06.12 15:45:56.682,1.50649,1.5066,1.00,1.00
2017.06.12 15:45:56.886,1.50647,1.5066,1.00,1.00
2017.06.12 15:45:57.395,1.50645,1.50659,1.00,1.12
2017.06.12 15:45:57.446,1.50645,1.50657,1.00,1.00
2017.06.12 15:45:57.752,1.50641,1.50652,1.00,1.50
2017.06.12 15:45:58.267,1.50641,1.50652,1.00,1.00
2017.06.12 15:45:58.471,1.50639,1.50651,1.00,1.00
2017.06.12 15:45:59.243,1.50639,1.5065,1.00,1.00
2017.06.12 15:45:59.346,1.50637,1.5065,1.10,1.00
2017.06.12 15:45:59.901,1.50638,1.5065,1.00,1.50
2017.06.12 15:46:00.337,1.50635,1.5065,1.00,1.50
2017.06.12 15:46:00.388,1.50635,1.50647,1.00,1.00
2017.06.12 15:46:00.898,1.50635,1.50648,1.00,1.00
2017.06.12 15:46:01.382,1.50634,1.50645,1.00,1.00
2017.06.12 15:46:01.485,1.50635,1.50648,1.00,1.12
2017.06.12 15:46:01.587,1.50638,1.50649,1.00,1.50
2017.06.12 15:46:01.691,1.50638,1.50652,1.00,1.50
2017.06.12 15:46:01.742,1.50639,1.50652,1.00,1.12
2017.06.12 15:46:02.253,1.5064,1.50653,1.00,1.00
2017.06.12 15:46:04.477,1.50641,1.50654,1.00,1.00
2017.06.12 15:46:05.141,1.50641,1.50653,1.00,1.00
2017.06.12 15:46:05.655,1.5064,1.50652,1.00,1.00
2017.06.12 15:46:07.345,1.5064,1.50653,1.00,1.00
2017.06.12 15:46:10.354,1.50639,1.50653,1.50,1.00
2017.06.12 15:46:12.862,1.50642,1.50655,1.00,1.12
2017.06.12 15:46:13.015,1.50645,1.5066,1.50,1.50
2017.06.12 15:46:13.066,1.50647,1.5066,1.00,1.50
2017.06.12 15:46:13.219,1.50647,1.50663,1.50,1.12
2017.06.12 15:46:13.321,1.50649,1.50663,1.00,1.12
2017.06.12 15:46:13.719,1.50653,1.50665,1.00,1.00
2017.06.12 15:46:13.771,1.50653,1.50667,1.50,1.00
2017.06.12 15:46:13.873,1.50655,1.50668,1.00,1.00
2017.06.12 15:46:14.120,1.50656,1.5067,1.00,1.00
2017.06.12 15:46:14.222,1.50654,1.50669,1.10,1.37
2017.06.12 15:46:14.528,1.50652,1.50666,1.50,1.00
2017.06.12 15:46:15.100,1.50652,1.50665,1.00,1.00
2017.06.12 15:46:15.767,1.5065,1.50665,2.32,1.00
2017.06.12 15:46:16.525,1.50651,1.50667,1.50,1.12
2017.06.12 15:46:16.627,1.50651,1.50667,2.32,1.00
2017.06.12 15:46:17.036,1.50651,1.50666,1.57,1.00
2017.06.12 15:46:18.414,1.50652,1.50665,1.20,1.00
2017.06.12 15:46:18.871,1.50654,1.50666,1.00,1.00
2017.06.12 15:46:19.075,1.50654,1.50668,1.00,1.00
2017.06.12 15:46:19.280,1.50651,1.50666,3.07,1.00
2017.06.12 15:46:19.916,1.50651,1.50664,1.50,1.00
2017.06.12 15:46:20.429,1.50652,1.50667,1.50,1.12
2017.06.12 15:46:20.676,1.50655,1.50668,1.00,1.00
2017.06.12 15:46:20.984,1.50655,1.50666,1.00,1.00
2017.06.12 15:46:21.604,1.50655,1.50667,1.00,1.00
2017.06.12 15:46:22.130,1.50656,1.50669,1.00,1.00
2017.06.12 15:46:22.334,1.50658,1.50669,1.00,1.00
2017.06.12 15:46:22.386,1.50658,1.50671,1.00,1.00
2017.06.12 15:46:22.542,1.50662,1.50675,1.00,1.00
2017.06.12 15:46:22.949,1.50664,1.50675,1.00,1.00
2017.06.12 15:46:23.540,1.50664,1.50676,1.00,1.00
2017.06.12 15:46:24.413,1.50664,1.50673,1.00,1.00
2017.06.12 15:46:24.920,1.50664,1.50672,1.00,1.00
2017.06.12 15:46:26.121,1.5066,1.5067,1.00,1.00
2017.06.12 15:46:26.172,1.50658,1.5067,1.12,1.50
2017.06.12 15:46:26.223,1.50658,1.50668,1.12,1.12
2017.06.12 15:46:26.565,1.50658,1.50666,1.00,1.00
2017.06.12 15:46:27.524,1.50658,1.50665,1.00,1.00
2017.06.12 15:46:27.735,1.50658,1.50667,1.00,1.00
2017.06.12 15:46:27.951,1.50658,1.5067,1.00,1.00
2017.06.12 15:46:29.128,1.50655,1.50662,1.75,1.00
2017.06.12 15:46:29.282,1.50653,1.50662,1.12,1.00
2017.06.12 15:46:29.435,1.50653,1.5066,1.00,1.00
2017.06.12 15:46:29.944,1.50653,1.50659,1.00,1.00
2017.06.12 15:46:30.297,1.50651,1.50659,1.00,1.00
2017.06.12 15:46:30.666,1.50647,1.50656,1.00,1.00
2017.06.12 15:46:31.060,1.50647,1.50658,1.00,1.00
2017.06.12 15:46:32.711,1.50647,1.50659,1.00,1.00
2017.06.12 15:46:33.042,1.50647,1.50657,1.00,1.00
2017.06.12 15:46:33.491,1.50647,1.50659,1.00,1.00
2017.06.12 15:46:34.241,1.50647,1.5066,1.00,1.00
2017.06.12 15:46:34.392,1.50647,1.50658,1.00,1.00
2017.06.12 15:46:34.444,1.50647,1.5066,1.00,1.00
2017.06.12 15:46:34.547,1.50651,1.50663,1.00,1.37
2017.06.12 15:46:34.650,1.50653,1.50665,1.00,1.00
2017.06.12 15:46:34.906,1.50653,1.50668,1.50,1.00
2017.06.12 15:46:35.060,1.50653,1.50666,2.25,1.00
2017.06.12 15:46:35.162,1.50653,1.50666,1.00,1.00
2017.06.12 15:46:35.216,1.50653,1.50668,1.50,1.00
2017.06.12 15:46:35.405,1.50655,1.50668,1.00,1.00
2017.06.12 15:46:35.715,1.50655,1.50666,1.00,1.00
2017.06.12 15:46:35.817,1.50653,1.50666,1.50,1.00
2017.06.12 15:46:36.518,1.50653,1.50665,1.00,1.00
2017.06.12 15:46:37.059,1.50653,1.50666,1.00,1.00
2017.06.12 15:46:37.263,1.50655,1.5067,1.50,1.75
2017.06.12 15:46:37.365,1.50655,1.5067,1.95,1.00
2017.06.12 15:46:37.889,1.50655,1.50669,1.20,1.00
2017.06.12 15:46:38.407,1.50655,1.50669,2.32,1.00
2017.06.12 15:46:38.611,1.50655,1.50669,2.32,1.00
2017.06.12 15:46:38.848,1.50655,1.50669,2.32,1.00
2017.06.12 15:46:39.954,1.50655,1.5067,2.32,1.00
2017.06.12 15:46:40.576,1.50655,1.5067,3.07,1.00
2017.06.12 15:46:41.342,1.50655,1.5067,3.82,1.50
2017.06.12 15:46:42.651,1.50655,1.50669,3.82,1.00
2017.06.12 15:46:43.141,1.50655,1.50666,2.32,1.00
2017.06.12 15:46:43.192,1.50655,1.50667,1.87,1.00
2017.06.12 15:46:43.498,1.50655,1.50664,1.12,1.00
2017.06.12 15:46:44.046,1.50655,1.50665,1.00,1.00
2017.06.12 15:46:46.535,1.50655,1.50664,1.00,1.00
2017.06.12 15:46:47.421,1.50655,1.50662,1.00,1.00
2017.06.12 15:46:47.574,1.50653,1.50661,1.00,1.00
2017.06.12 15:46:49.422,1.50653,1.50659,1.00,1.00
2017.06.12 15:46:49.474,1.5065,1.50659,1.00,1.00
2017.06.12 15:46:49.980,1.5065,1.50658,1.00,1.00
2017.06.12 15:46:51.149,1.5065,1.50656,1.00,1.00
2017.06.12 15:46:51.981,1.5065,1.50655,1.00,1.00
2017.06.12 15:46:53.333,1.50649,1.50655,1.00,1.00
2017.06.12 15:46:53.645,1.50647,1.50655,1.00,1.00
2017.06.12 15:46:56.543,1.50647,1.50654,1.00,1.00
2017.06.12 15:46:57.746,1.50647,1.50655,1.00,1.00
2017.06.12 15:46:58.629,1.50647,1.50654,1.00,1.00
2017.06.12 15:46:58.731,1.50647,1.50657,1.00,1.00
2017.06.12 15:46:59.343,1.50647,1.50658,1.00,1.00
2017.06.12 15:46:59.445,1.50647,1.5066,1.00,1.50
2017.06.12 15:47:03.005,1.50647,1.50659,1.50,1.00
2017.06.12 15:47:03.593,1.50647,1.5066,1.50,1.00
2017.06.12 15:47:06.859,1.50647,1.50661,1.50,1.12
2017.06.12 15:47:07.431,1.50647,1.5066,1.50,1.00
2017.06.12 15:47:08.490,1.50647,1.50662,1.50,2.25
2017.06.12 15:47:08.898,1.5065,1.50661,1.00,1.00
2017.06.12 15:47:09.405,1.5065,1.5066,1.00,1.00
2017.06.12 15:47:09.790,1.5065,1.50662,1.00,1.00
2017.06.12 15:47:09.995,1.50652,1.50663,1.00,1.12
2017.06.12 15:47:10.556,1.50652,1.50662,1.00,1.00
2017.06.12 15:47:11.935,1.50652,1.50661,1.00,1.00
2017.06.12 15:47:12.450,1.50652,1.50662,1.00,1.00
2017.06.12 15:47:12.958,1.50652,1.50663,1.00,1.00
2017.06.12 15:47:13.441,1.50652,1.50665,1.50,1.00
2017.06.12 15:47:13.493,1.50654,1.50666,1.50,1.00
2017.06.12 15:47:13.646,1.50656,1.50669,1.12,1.00
2017.06.12 15:47:14.005,1.50656,1.50667,1.87,1.00
2017.06.12 15:47:14.521,1.50656,1.50668,1.87,1.00
2017.06.12 15:47:15.423,1.50656,1.50663,1.12,1.00
2017.06.12 15:47:15.729,1.50652,1.5066,1.00,1.00
2017.06.12 15:47:16.341,1.50652,1.50661,1.00,1.00
2017.06.12 15:47:16.908,1.50652,1.5066,1.00,1.00
2017.06.12 15:47:19.097,1.50652,1.50662,1.00,1.00
2017.06.12 15:47:20.477,1.50652,1.50659,1.00,1.00
2017.06.12 15:47:21.039,1.50652,1.50661,1.00,1.00
2017.06.12 15:47:23.946,1.50652,1.50662,1.00,1.00
2017.06.12 15:47:24.631,1.50652,1.50661,1.00,1.00
2017.06.12 15:47:25.847,1.50652,1.50664,1.50,1.00
2017.06.12 15:47:25.898,1.50653,1.50669,1.20,1.75
2017.06.12 15:47:26.212,1.50658,1.50669,1.00,1.00
2017.06.12 15:47:26.518,1.50659,1.50671,1.00,1.50
2017.06.12 15:47:26.671,1.50659,1.50669,1.00,1.00
2017.06.12 15:47:30.260,1.50659,1.50668,1.00,1.00
2017.06.12 15:47:31.036,1.50659,1.50669,1.00,1.00
2017.06.12 15:47:31.240,1.50659,1.50671,1.00,1.00
2017.06.12 15:47:31.760,1.50659,1.50672,1.00,1.00
2017.06.12 15:47:33.448,1.50659,1.50671,1.50,1.00
2017.06.12 15:47:34.494,1.50662,1.50675,1.50,1.12
2017.06.12 15:47:34.596,1.50665,1.50676,1.00,1.50
2017.06.12 15:47:34.698,1.50665,1.50677,1.00,1.00
2017.06.12 15:47:35.209,1.50665,1.50678,1.87,1.00
2017.06.12 15:47:35.983,1.50664,1.50677,3.37,1.00
2017.06.12 15:47:36.579,1.50664,1.50677,1.50,1.00
2017.06.12 15:47:38.542,1.50664,1.50676,1.00,1.00
2017.06.12 15:47:39.549,1.50664,1.50676,1.95,1.00
2017.06.12 15:47:40.149,1.50664,1.50677,3.07,1.00
2017.06.12 15:47:41.511,1.50664,1.50675,2.32,1.00
2017.06.12 15:47:42.120,1.50664,1.50674,1.00,1.00
2017.06.12 15:47:42.871,1.50664,1.50673,1.00,1.00
2017.06.12 15:47:43.759,1.50665,1.50674,1.00,1.00
2017.06.12 15:47:43.810,1.50665,1.50676,1.00,1.12
2017.06.12 15:47:44.360,1.50664,1.50675,1.00,1.00
2017.06.12 15:47:44.870,1.50665,1.50676,1.00,1.00
2017.06.12 15:47:45.418,1.50664,1.50676,1.50,1.00
2017.06.12 15:47:49.123,1.50664,1.50675,1.00,1.00
2017.06.12 15:47:50.064,1.50664,1.50676,1.50,1.00
2017.06.12 15:47:50.217,1.50667,1.5068,1.00,1.50
2017.06.12 15:47:50.726,1.50667,1.5068,1.50,1.00
2017.06.12 15:47:54.147,1.50667,1.50678,1.00,1.00
2017.06.12 15:47:54.650,1.50667,1.50677,1.00,1.00
2017.06.12 15:47:55.115,1.50667,1.5068,1.50,1.00
2017.06.12 15:47:55.648,1.50667,1.5068,1.95,1.00
2017.06.12 15:47:56.295,1.50667,1.50679,1.95,1.00
2017.06.12 15:47:57.061,1.50667,1.50679,1.57,1.00
2017.06.12 15:47:57.573,1.50667,1.50679,1.57,1.00
2017.06.12 15:47:58.077,1.50667,1.50678,1.00,1.00
2017.06.12 15:48:01.554,1.50667,1.50676,1.00,1.00
2017.06.12 15:48:03.766,1.50667,1.50674,1.00,1.00
2017.06.12 15:48:03.818,1.50667,1.50677,1.00,1.37
2017.06.12 15:48:04.024,1.50667,1.50674,1.00,1.00
2017.06.12 15:48:04.331,1.50667,1.50677,1.00,1.00
2017.06.12 15:48:04.558,1.50667,1.50674,1.00,1.00
2017.06.12 15:48:04.763,1.50667,1.50676,1.00,1.00
2017.06.12 15:48:05.275,1.50667,1.50677,1.00,1.00
2017.06.12 15:48:08.397,1.50664,1.50673,1.57,1.00
2017.06.12 15:48:08.705,1.50664,1.5067,1.00,1.00
2017.06.12 15:48:09.028,1.50661,1.50669,1.00,1.00
2017.06.12 15:48:10.188,1.50661,1.50668,1.00,1.00
2017.06.12 15:48:11.857,1.50661,1.50669,1.00,1.00
2017.06.12 15:48:12.834,1.50661,1.5067,1.00,1.12
2017.06.12 15:48:13.425,1.50661,1.50669,1.00,1.00
2017.06.12 15:48:15.618,1.50661,1.50667,1.00,1.00
2017.06.12 15:48:15.670,1.50659,1.50668,1.00,1.00
2017.06.12 15:48:16.270,1.50659,1.50667,1.00,1.00
2017.06.12 15:48:17.298,1.50659,1.50668,1.00,1.00
2017.06.12 15:48:17.840,1.50659,1.50669,1.00,1.00
2017.06.12 15:48:19.404,1.5066,1.50669,1.00,1.00
2017.06.12 15:48:19.963,1.50661,1.50669,1.00,1.00
2017.06.12 15:48:20.628,1.50662,1.50669,1.00,1.00
2017.06.12 15:48:21.143,1.50662,1.50668,1.00,1.00
2017.06.12 15:48:21.341,1.50662,1.5067,1.00,1.00
2017.06.12 15:48:21.878,1.50662,1.50669,1.00,1.00
2017.06.12 15:48:22.577,1.50662,1.50668,1.00,1.00
2017.06.12 15:48:22.680,1.5066,1.50668,1.00,1.00
2017.06.12 15:48:24.845,1.5066,1.50669,1.00,1.00
2017.06.12 15:48:25.100,1.50662,1.5067,1.00,1.00
2017.06.12 15:48:25.600,1.50664,1.50669,1.00,1.00
2017.06.12 15:48:25.716,1.50662,1.50669,1.00,1.00
2017.06.12 15:48:25.869,1.50659,1.50668,1.00,1.00
2017.06.12 15:48:27.234,1.50659,1.50667,1.50,1.00
2017.06.12 15:48:28.906,1.50659,1.5067,1.00,1.00
2017.06.12 15:48:29.428,1.5066,1.50671,1.00,1.50
2017.06.12 15:48:30.772,1.50661,1.50671,1.00,1.00
2017.06.12 15:48:31.450,1.5066,1.50671,1.00,1.00
2017.06.12 15:48:31.872,1.50661,1.50675,1.12,1.00
2017.06.12 15:48:32.010,1.50667,1.50675,1.00,1.00
2017.06.12 15:48:32.062,1.50667,1.50677,1.00,1.00
2017.06.12 15:48:32.316,1.50669,1.50679,1.00,1.00
2017.06.12 15:48:32.775,1.50671,1.50683,1.00,1.00
2017.06.12 15:48:32.827,1.50673,1.50683,1.00,1.00
2017.06.12 15:48:33.107,1.50671,1.50683,1.50,1.00
2017.06.12 15:48:33.211,1.50673,1.5068,1.00,1.00
2017.06.12 15:48:33.313,1.50671,1.5068,1.00,1.00
2017.06.12 15:48:33.836,1.50671,1.50681,1.00,1.00
2017.06.12 15:48:34.289,1.50674,1.50686,1.00,1.87
2017.06.12 15:48:36.965,1.50674,1.50687,1.00,1.00
2017.06.12 15:48:37.016,1.50677,1.50686,1.00,1.50
2017.06.12 15:48:37.227,1.50675,1.50685,1.50,1.00
2017.06.12 15:48:39.439,1.50675,1.50684,1.50,1.50
2017.06.12 15:48:39.541,1.50675,1.50682,1.00,1.00
2017.06.12 15:48:41.025,1.50675,1.50684,1.00,1.00
2017.06.12 15:48:41.536,1.50675,1.50685,1.50,1.00
2017.06.12 15:48:43.098,1.50677,1.50687,1.00,1.50
2017.06.12 15:48:43.892,1.50678,1.50688,1.00,1.00
2017.06.12 15:48:44.202,1.5068,1.5069,1.00,1.00
2017.06.12 15:48:44.304,1.50678,1.50689,1.50,1.00
2017.06.12 15:48:44.457,1.50678,1.50691,1.50,1.00
2017.06.12 15:48:44.508,1.5068,1.50691,1.00,1.50
2017.06.12 15:48:47.120,1.5068,1.50692,1.00,1.50
2017.06.12 15:48:47.712,1.50681,1.50691,1.00,1.00
2017.06.12 15:48:48.262,1.50681,1.50692,1.00,1.00
2017.06.12 15:48:48.985,1.50681,1.50691,1.00,1.00
2017.06.12 15:48:49.366,1.50681,1.50687,1.00,1.00
2017.06.12 15:48:49.417,1.50681,1.50691,1.00,1.12
2017.06.12 15:48:49.520,1.50679,1.5069,1.00,1.00
2017.06.12 15:48:49.776,1.50679,1.50687,1.00,1.00
2017.06.12 15:48:50.287,1.50678,1.50687,1.00,1.00
2017.06.12 15:48:50.602,1.50674,1.50683,1.50,1.00
2017.06.12 15:48:50.969,1.50674,1.50685,1.00,1.50
2017.06.12 15:48:51.579,1.50675,1.50685,1.00,1.50
2017.06.12 15:48:53.173,1.50675,1.50686,1.00,1.00
2017.06.12 15:48:53.313,1.50678,1.50686,1.00,1.00
2017.06.12 15:48:53.365,1.50678,1.5069,1.00,1.50
2017.06.12 15:48:53.417,1.50682,1.5069,1.00,1.00
2017.06.12 15:48:53.948,1.50682,1.50691,1.00,1.00
2017.06.12 15:49:00.211,1.50682,1.5069,1.00,1.00
2017.06.12 15:49:00.314,1.50679,1.50688,1.00,1.50
2017.06.12 15:49:00.782,1.50679,1.50686,1.00,1.00
2017.06.12 15:49:01.012,1.50677,1.50686,1.00,1.00
2017.06.12 15:49:01.236,1.50677,1.50689,1.00,1.00
2017.06.12 15:49:01.743,1.50679,1.5069,1.00,1.12
2017.06.12 15:49:01.897,1.5068,1.50692,1.50,1.00
2017.06.12 15:49:01.948,1.50684,1.50693,1.00,1.50
2017.06.12 15:49:02.445,1.50684,1.50694,1.00,1.00
2017.06.12 15:49:03.831,1.50683,1.50694,1.00,1.50
2017.06.12 15:49:04.390,1.50683,1.50693,1.00,1.00
2017.06.12 15:49:05.637,1.50682,1.50693,1.00,1.00
2017.06.12 15:49:06.513,1.50682,1.50692,1.00,1.00
2017.06.12 15:49:07.038,1.50681,1.50692,1.00,1.00
2017.06.12 15:49:07.376,1.50681,1.5069,1.00,1.00
2017.06.12 15:49:07.834,1.50678,1.50688,1.00,1.00
2017.06.12 15:49:08.704,1.50678,1.50687,1.00,1.00
2017.06.12 15:49:09.170,1.50676,1.50685,1.50,1.00
2017.06.12 15:49:09.370,1.50676,1.50687,1.00,1.50
2017.06.12 15:49:09.728,1.50676,1.50685,1.00,1.00
2017.06.12 15:49:10.136,1.50676,1.50687,1.00,1.50
2017.06.12 15:49:16.526,1.50676,1.50688,1.87,1.00
2017.06.12 15:49:16.628,1.50677,1.50692,1.10,1.50
2017.06.12 15:49:16.679,1.50678,1.50692,1.07,1.50
2017.06.12 15:49:16.985,1.50676,1.50686,1.00,1.50
2017.06.12 15:49:17.286,1.50676,1.50684,1.00,1.00
2017.06.12 15:49:17.440,1.50672,1.50683,1.87,1.00
2017.06.12 15:49:18.364,1.50672,1.50682,1.00,1.00
2017.06.12 15:49:19.139,1.50672,1.50683,1.00,1.00
2017.06.12 15:49:19.948,1.50672,1.50684,1.00,1.00
2017.06.12 15:49:21.488,1.50672,1.50681,1.00,1.00
2017.06.12 15:49:21.742,1.50669,1.50681,1.00,1.00
2017.06.12 15:49:21.954,1.50671,1.50683,1.00,1.37
2017.06.12 15:49:22.311,1.50673,1.50685,1.00,1.00
2017.06.12 15:49:22.413,1.50674,1.50687,1.50,1.00
2017.06.12 15:49:22.759,1.50679,1.50691,1.00,1.00
2017.06.12 15:49:23.215,1.5068,1.50693,1.00,1.00
2017.06.12 15:49:24.029,1.50682,1.50696,1.00,1.12
2017.06.12 15:49:24.588,1.50683,1.50697,1.00,1.00
2017.06.12 15:49:25.139,1.50684,1.50697,1.00,1.00
2017.06.12 15:49:26.978,1.50685,1.50697,1.00,1.00
2017.06.12 15:49:27.362,1.50687,1.50698,1.00,1.00
2017.06.12 15:49:28.223,1.50687,1.50695,1.00,1.00
2017.06.12 15:49:28.275,1.50685,1.50695,1.12,1.00
2017.06.12 15:49:28.811,1.50685,1.50696,1.00,1.00
2017.06.12 15:49:29.951,1.50685,1.50698,1.00,1.00
2017.06.12 15:49:30.267,1.50685,1.50696,1.00,1.00
2017.06.12 15:49:31.653,1.50685,1.50693,1.00,1.00
2017.06.12 15:49:32.000,1.50685,1.50691,1.00,1.00
2017.06.12 15:49:32.051,1.50681,1.50691,1.00,1.00
2017.06.12 15:49:32.409,1.50678,1.50686,1.00,1.00
2017.06.12 15:49:32.460,1.50675,1.50686,1.12,1.00
2017.06.12 15:49:32.512,1.50673,1.50683,1.50,1.00
2017.06.12 15:49:33.093,1.50673,1.50683,1.00,1.00
2017.06.12 15:49:33.592,1.50673,1.50687,1.00,1.50
2017.06.12 15:49:34.099,1.50674,1.50687,1.00,1.00
2017.06.12 15:49:34.628,1.50673,1.50687,1.50,1.00
2017.06.12 15:49:35.181,1.50673,1.50686,2.25,1.00
2017.06.12 15:49:35.655,1.50674,1.50689,1.00,1.50
2017.06.12 15:49:36.186,1.50675,1.50689,1.00,1.00
2017.06.12 15:49:36.339,1.50675,1.50687,1.50,1.00
2017.06.12 15:49:36.492,1.50675,1.50689,1.50,1.00
2017.06.12 15:49:36.545,1.50677,1.50689,1.00,1.00
2017.06.12 15:49:36.597,1.50678,1.50691,1.00,1.00
2017.06.12 15:49:37.513,1.50678,1.5069,1.12,1.00
2017.06.12 15:49:37.718,1.50679,1.50692,1.00,1.00
2017.06.12 15:49:38.467,1.5068,1.50695,1.00,1.00
2017.06.12 15:49:38.519,1.5068,1.50691,1.00,1.00
2017.06.12 15:49:39.037,1.50679,1.5069,1.00,1.00
2017.06.12 15:49:39.548,1.50681,1.50692,1.00,1.00
2017.06.12 15:49:39.604,1.50681,1.50694,1.00,1.00
2017.06.12 15:49:40.488,1.5068,1.50693,1.37,1.00
2017.06.12 15:49:42.888,1.50681,1.50695,1.12,1.00
2017.06.12 15:49:43.467,1.50682,1.50695,1.00,1.00
2017.06.12 15:49:44.014,1.50682,1.50694,1.50,1.00
2017.06.12 15:49:46.559,1.50682,1.50691,1.00,1.00
2017.06.12 15:49:46.866,1.50682,1.50688,1.00,1.00
2017.06.12 15:49:46.918,1.50679,1.50688,1.00,1.00
2017.06.12 15:49:50.105,1.50679,1.50689,1.00,1.00
2017.06.12 15:49:50.665,1.50679,1.5069,1.00,1.00
2017.06.12 15:49:51.314,1.50678,1.50689,1.00,1.00
2017.06.12 15:49:51.822,1.50679,1.50689,1.00,1.00
2017.06.12 15:49:52.393,1.50678,1.50689,1.00,1.00
2017.06.12 15:49:52.658,1.50676,1.50688,1.50,1.00
2017.06.12 15:49:55.475,1.50677,1.50688,1.00,1.00
2017.06.12 15:49:56.379,1.50677,1.50687,1.00,1.00
2017.06.12 15:49:56.983,1.50677,1.50688,1.00,1.00
2017.06.12 15:50:00.122,1.50676,1.50687,1.50,1.00
2017.06.12 15:50:00.356,1.50678,1.50689,1.00,1.00
2017.06.12 15:50:00.791,1.50683,1.50694,1.00,1.75
2017.06.12 15:50:00.944,1.50685,1.50696,1.12,1.00
2017.06.12 15:50:01.046,1.50687,1.50699,1.00,1.00
2017.06.12 15:50:01.199,1.50686,1.50696,1.00,1.00
2017.06.12 15:50:01.663,1.50686,1.50698,1.00,1.12
2017.06.12 15:50:01.929,1.50688,1.50702,1.00,1.50
2017.06.12 15:50:02.031,1.50689,1.50698,1.00,1.00
2017.06.12 15:50:02.134,1.50686,1.50698,1.12,1.00
2017.06.12 15:50:02.290,1.50686,1.50696,1.50,1.00
2017.06.12 15:50:02.546,1.50679,1.50692,1.00,1.00
2017.06.12 15:50:03.050,1.50681,1.50695,1.00,1.12
2017.06.12 15:50:03.101,1.50683,1.50695,1.00,1.12
2017.06.12 15:50:03.407,1.50686,1.50697,1.00,1.00
2017.06.12 15:50:03.712,1.50688,1.50699,1.00,1.00
2017.06.12 15:50:04.256,1.50689,1.50699,1.00,1.00
2017.06.12 15:50:04.359,1.50689,1.50701,1.50,1.00
2017.06.12 15:50:04.410,1.50691,1.50701,1.00,1.00
2017.06.12 15:50:04.920,1.50692,1.50702,1.00,1.00
2017.06.12 15:50:05.549,1.5069,1.50702,1.00,1.00
2017.06.12 15:50:05.702,1.50688,1.50698,1.00,1.00
2017.06.12 15:50:06.206,1.50687,1.50698,1.00,1.00
2017.06.12 15:50:09.227,1.50687,1.50697,1.00,1.00
2017.06.12 15:50:09.962,1.50687,1.50698,1.00,1.00
2017.06.12 15:50:11.104,1.50687,1.50697,1.00,1.00
2017.06.12 15:50:11.156,1.50687,1.507,1.00,1.12
2017.06.12 15:50:11.359,1.50685,1.507,1.00,1.12
2017.06.12 15:50:11.462,1.50685,1.507,1.00,1.37
2017.06.12 15:50:11.985,1.50684,1.507,1.50,1.75
2017.06.12 15:50:13.040,1.50685,1.50699,1.00,1.50
2017.06.12 15:50:13.514,1.50684,1.50696,1.00,1.00
2017.06.12 15:50:13.860,1.50682,1.50694,1.00,1.00
2017.06.12 15:50:14.161,1.50679,1.50691,1.50,1.00
2017.06.12 15:50:14.518,1.50677,1.50691,1.00,1.00
2017.06.12 15:50:15.288,1.50678,1.50691,1.00,1.00
2017.06.12 15:50:15.339,1.50679,1.50694,1.00,1.12
2017.06.12 15:50:15.543,1.50682,1.50697,1.50,1.50
2017.06.12 15:50:15.902,1.50682,1.50694,1.12,1.00
2017.06.12 15:50:16.005,1.5068,1.50694,1.00,1.00
2017.06.12 15:50:16.160,1.50678,1.50694,1.50,1.00
2017.06.12 15:50:16.689,1.50678,1.50693,1.50,1.00
2017.06.12 15:50:17.330,1.50678,1.50692,1.00,1.00
2017.06.12 15:50:17.882,1.50679,1.50692,1.00,1.00
2017.06.12 15:50:18.036,1.50681,1.50692,1.00,1.00
2017.06.12 15:50:18.546,1.50681,1.50693,1.00,1.00
2017.06.12 15:50:19.082,1.5068,1.50694,1.00,1.00
2017.06.12 15:50:19.632,1.5068,1.50692,1.00,1.00
2017.06.12 15:50:20.118,1.50678,1.50688,1.12,1.00
2017.06.12 15:50:20.221,1.50678,1.5069,1.00,1.00
2017.06.12 15:50:20.636,1.50682,1.50695,1.00,1.00
2017.06.12 15:50:21.147,1.50681,1.50694,1.50,1.00
2017.06.12 15:50:21.970,1.50681,1.50693,2.25,1.00
2017.06.12 15:50:22.588,1.50681,1.50693,1.00,1.00
2017.06.12 15:50:23.097,1.5068,1.50692,1.00,1.00
2017.06.12 15:50:23.848,1.50679,1.50692,2.62,1.00
2017.06.12 15:50:23.899,1.50679,1.50694,1.87,1.00
2017.06.12 15:50:24.201,1.50681,1.50693,1.00,1.00
2017.06.12 15:50:24.928,1.5068,1.50693,2.25,1.00
2017.06.12 15:50:25.472,1.50681,1.50694,1.00,1.00
2017.06.12 15:50:26.050,1.50679,1.50694,1.87,1.00
2017.06.12 15:50:26.582,1.5068,1.50693,1.00,1.00
2017.06.12 15:50:27.475,1.50681,1.50694,1.00,1.00
2017.06.12 15:50:27.770,1.50682,1.50696,1.00,1.00
2017.06.12 15:50:27.928,1.50684,1.50697,1.00,1.00
2017.06.12 15:50:28.286,1.50687,1.50698,1.00,1.00
2017.06.12 15:50:28.441,1.50689,1.50701,1.00,1.00
2017.06.12 15:50:28.948,1.50689,1.50702,1.12,1.00
2017.06.12 15:50:29.723,1.5069,1.50702,1.00,1.00
2017.06.12 15:50:29.927,1.50688,1.507,2.25,1.00
2017.06.12 15:50:30.448,1.50688,1.50699,1.50,1.00
2017.06.12 15:50:30.864,1.50687,1.50699,1.00,1.00
2017.06.12 15:50:33.168,1.50688,1.50699,1.00,1.00
2017.06.12 15:50:34.285,1.50686,1.50697,1.37,1.00
2017.06.12 15:50:34.387,1.50685,1.50697,1.12,1.00
2017.06.12 15:50:35.245,1.50685,1.50698,1.12,1.00
2017.06.12 15:50:35.870,1.50685,1.50699,1.87,1.00
2017.06.12 15:50:36.396,1.50687,1.50699,1.00,1.00
2017.06.12 15:50:36.898,1.50686,1.50699,1.00,1.00
2017.06.12 15:50:37.470,1.50688,1.50699,1.00,1.00
2017.06.12 15:50:37.572,1.50685,1.50697,1.12,1.00
2017.06.12 15:50:37.828,1.50685,1.50698,1.75,1.00
2017.06.12 15:50:38.551,1.50685,1.507,2.32,1.00
2017.06.12 15:50:39.520,1.50686,1.50699,1.50,1.00
2017.06.12 15:50:40.109,1.50686,1.507,3.07,1.00
2017.06.12 15:50:40.160,1.5069,1.507,1.00,1.00
2017.06.12 15:50:40.212,1.5069,1.50703,1.00,1.00
2017.06.12 15:50:40.468,1.50691,1.50699,1.12,1.00
2017.06.12 15:50:40.573,1.50686,1.50699,1.75,1.00
2017.06.12 15:50:40.625,1.50686,1.50697,1.50,1.00
2017.06.12 15:50:40.836,1.50691,1.50704,1.12,1.00
2017.06.12 15:50:40.939,1.50696,1.50704,1.00,1.00
2017.06.12 15:50:40.991,1.50696,1.50707,1.00,1.00
2017.06.12 15:50:41.564,1.50694,1.50707,1.00,1.00
2017.06.12 15:50:42.109,1.50692,1.50708,3.00,1.00
2017.06.12 15:50:44.960,1.50694,1.5071,1.50,1.00
2017.06.12 15:50:45.011,1.50697,1.50712,1.00,1.50
2017.06.12 15:50:45.521,1.50697,1.50712,1.87,1.00
2017.06.12 15:50:46.087,1.50698,1.50711,1.00,1.00
2017.06.12 15:50:46.351,1.50695,1.50709,1.00,1.00
2017.06.12 15:50:46.872,1.50694,1.50709,1.95,1.00
2017.06.12 15:50:47.374,1.50695,1.50709,1.00,1.00
2017.06.12 15:50:47.973,1.50694,1.50709,1.12,1.50
2017.06.12 15:50:48.024,1.50694,1.50705,1.00,1.00
2017.06.12 15:50:48.076,1.50691,1.50705,1.50,1.00
2017.06.12 15:50:48.178,1.50691,1.50703,1.00,1.00
2017.06.12 15:50:48.717,1.5069,1.50703,1.00,1.12
2017.06.12 15:50:49.165,1.5069,1.50705,1.50,1.00
2017.06.12 15:50:50.077,1.50691,1.50706,1.00,1.00
2017.06.12 15:50:50.683,1.5069,1.50706,2.25,1.50
2017.06.12 15:50:51.228,1.50691,1.50706,1.00,1.50
2017.06.12 15:50:51.848,1.50692,1.50706,1.00,1.00
2017.06.12 15:50:52.694,1.50691,1.50704,1.50,1.00
2017.06.12 15:50:54.583,1.5069,1.50705,2.25,1.00
2017.06.12 15:50:55.224,1.50691,1.50704,1.00,1.00
2017.06.12 15:50:55.740,1.50691,1.50705,1.00,1.50
2017.06.12 15:50:56.554,1.50691,1.50704,1.00,1.00
2017.06.12 15:50:57.096,1.5069,1.50704,2.62,1.50
2017.06.12 15:50:57.491,1.5069,1.50702,1.87,1.00
2017.06.12 15:50:58.094,1.5069,1.50703,1.00,1.12
2017.06.12 15:50:58.662,1.5069,1.50704,2.25,1.00
2017.06.12 15:50:59.605,1.5069,1.50703,1.00,1.00
2017.06.12 15:51:00.012,1.5069,1.50705,1.10,1.00
2017.06.12 15:51:00.522,1.5069,1.50704,1.00,1.00
2017.06.12 15:51:01.084,1.5069,1.50705,1.50,1.00
2017.06.12 15:51:01.886,1.50691,1.50705,1.00,1.00
2017.06.12 15:51:02.428,1.5069,1.50704,1.50,1.50
2017.06.12 15:51:03.709,1.5069,1.50705,2.25,1.50
2017.06.12 15:51:04.108,1.5069,1.50703,1.50,1.00
2017.06.12 15:51:08.361,1.50689,1.50703,1.00,1.00
2017.06.12 15:51:08.666,1.50688,1.50701,1.00,1.00
2017.06.12 15:51:10.099,1.50688,1.50702,1.50,1.50
2017.06.12 15:51:10.735,1.50686,1.50698,1.00,1.00
2017.06.12 15:51:11.250,1.50686,1.50701,1.00,1.75
2017.06.12 15:51:11.503,1.50695,1.5071,3.45,1.00
2017.06.12 15:51:11.707,1.50697,1.50712,1.00,1.50
2017.06.12 15:51:13.599,1.50698,1.50712,1.00,1.00
2017.06.12 15:51:14.218,1.50699,1.50713,1.00,1.00
2017.06.12 15:51:15.059,1.50695,1.50711,2.70,1.00
2017.06.12 15:51:15.212,1.50695,1.5071,1.57,1.00
2017.06.12 15:51:15.417,1.50697,1.50712,1.00,1.00
2017.06.12 15:51:17.600,1.50695,1.5071,1.50,1.00
2017.06.12 15:51:18.109,1.50695,1.50709,1.50,1.00
2017.06.12 15:51:19.019,1.50694,1.50711,1.75,1.00
2017.06.12 15:51:20.019,1.50695,1.50709,1.50,1.00
2017.06.12 15:51:20.866,1.50694,1.50708,1.85,1.00
2017.06.12 15:51:21.478,1.50695,1.50709,1.50,1.00
2017.06.12 15:51:21.982,1.50696,1.5071,1.12,1.00
2017.06.12 15:51:22.491,1.50697,1.50711,1.00,1.00
2017.06.12 15:51:23.026,1.50697,1.50712,1.00,1.00
2017.06.12 15:51:25.194,1.50698,1.50713,1.00,1.00
2017.06.12 15:51:25.706,1.50699,1.50714,1.12,1.00
2017.06.12 15:51:26.318,1.507,1.50714,1.00,1.00
2017.06.12 15:51:26.942,1.507,1.50716,1.00,1.50
2017.06.12 15:51:27.943,1.50697,1.50709,1.20,1.00
2017.06.12 15:51:28.045,1.50695,1.50709,2.32,1.00
2017.06.12 15:51:28.147,1.50696,1.50711,1.00,1.87
2017.06.12 15:51:29.435,1.50696,1.5071,1.00,1.00
2017.06.12 15:51:29.690,1.50699,1.50714,1.00,1.12
2017.06.12 15:51:29.793,1.50699,1.50716,1.47,1.87
2017.06.12 15:51:30.782,1.50699,1.50714,1.50,1.00
2017.06.12 15:51:31.358,1.507,1.50715,1.12,1.00
2017.06.12 15:51:31.986,1.50699,1.50713,1.50,1.00
2017.06.12 15:51:32.700,1.50695,1.50709,1.75,1.00
2017.06.12 15:51:32.751,1.50694,1.50709,2.70,1.00
2017.06.12 15:51:32.803,1.50693,1.50707,3.00,1.00
2017.06.12 15:51:32.905,1.50693,1.50707,1.00,1.00
2017.06.12 15:51:33.784,1.50693,1.50708,1.00,1.00
2017.06.12 15:51:34.292,1.50694,1.50709,1.00,1.00
2017.06.12 15:51:36.320,1.50693,1.50708,1.12,1.00
2017.06.12 15:51:36.827,1.50694,1.50708,1.00,1.00
2017.06.12 15:51:37.214,1.50695,1.5071,1.00,1.50
2017.06.12 15:51:37.266,1.50694,1.50708,1.00,1.00
2017.06.12 15:51:38.255,1.50694,1.50709,1.00,1.00
2017.06.12 15:51:38.611,1.50693,1.50707,1.12,1.00
2017.06.12 15:51:39.120,1.50691,1.50706,1.75,1.00
2017.06.12 15:51:40.135,1.50691,1.50705,1.75,1.00
2017.06.12 15:51:40.442,1.50686,1.50701,1.16,1.00
2017.06.12 15:51:41.192,1.50688,1.50702,1.00,1.00
2017.06.12 15:51:42.290,1.50687,1.50702,1.54,1.00
2017.06.12 15:51:43.944,1.50686,1.507,1.12,1.00
2017.06.12 15:51:44.487,1.50685,1.50699,1.50,1.00
2017.06.12 15:51:44.640,1.50687,1.50702,1.00,1.00
2017.06.12 15:51:46.093,1.50688,1.50702,1.00,1.00
2017.06.12 15:51:46.642,1.50689,1.50703,1.00,1.00
2017.06.12 15:51:47.159,1.50688,1.50702,1.00,1.00
2017.06.12 15:51:47.687,1.50688,1.50703,1.50,1.00
2017.06.12 15:51:48.772,1.50688,1.50701,1.00,1.00
2017.06.12 15:51:50.197,1.50688,1.50699,1.00,1.00
2017.06.12 15:51:50.350,1.50686,1.50701,1.12,1.00
2017.06.12 15:51:50.523,1.50684,1.50698,1.50,1.00
2017.06.12 15:51:50.677,1.50684,1.50698,1.50,1.00
2017.06.12 15:51:50.831,1.50681,1.50697,1.50,1.00
2017.06.12 15:51:50.884,1.50685,1.50698,1.00,1.00
2017.06.12 15:51:50.949,1.50685,1.507,1.00,1.12
2017.06.12 15:51:51.126,1.50685,1.507,1.37,1.00
2017.06.12 15:51:51.758,1.50685,1.507,1.50,1.00
2017.06.12 15:51:51.912,1.50684,1.507,1.50,1.00
2017.06.12 15:51:51.965,1.50684,1.507,2.25,1.00
2017.06.12 15:51:52.411,1.50684,1.50698,1.00,1.00
2017.06.12 15:51:52.920,1.50685,1.50698,1.00,1.00
2017.06.12 15:51:53.434,1.50685,1.50699,1.00,1.00
2017.06.12 15:51:53.823,1.50685,1.50696,1.00,1.00
2017.06.12 15:51:53.976,1.50681,1.50696,2.25,1.00
2017.06.12 15:51:54.078,1.50681,1.50696,1.12,1.00
2017.06.12 15:51:56.039,1.50682,1.50697,1.00,1.00
2017.06.12 15:51:56.559,1.50681,1.50696,1.12,1.00
2017.06.12 15:51:57.088,1.50683,1.50696,1.00,1.00
2017.06.12 15:51:57.754,1.50683,1.50697,1.00,1.00
2017.06.12 15:51:58.300,1.50682,1.50697,1.00,1.00
2017.06.12 15:51:58.770,1.50681,1.50694,1.12,1.00
2017.06.12 15:51:58.872,1.50677,1.50692,1.54,1.00
2017.06.12 15:51:58.923,1.50677,1.50692,1.54,1.50
2017.06.12 15:51:59.128,1.50678,1.50691,1.00,1.00
2017.06.12 15:51:59.358,1.50679,1.50693,1.00,1.50
2017.06.12 15:51:59.462,1.50677,1.50693,2.62,1.00
2017.06.12 15:51:59.566,1.50677,1.50691,1.12,1.50
2017.06.12 15:52:00.071,1.50678,1.5069,1.00,1.00
2017.06.12 15:52:00.123,1.50676,1.50692,1.75,1.50
2017.06.12 15:52:00.176,1.50678,1.50692,1.10,1.50
2017.06.12 15:52:00.695,1.50677,1.50692,1.12,1.00
2017.06.12 15:52:01.200,1.50677,1.50691,1.12,1.00
2017.06.12 15:52:01.709,1.50675,1.5069,3.45,1.00
2017.06.12 15:52:01.761,1.5068,1.50695,1.00,1.87
2017.06.12 15:52:02.287,1.50681,1.50695,1.20,1.00
2017.06.12 15:52:02.390,1.50684,1.50699,1.00,1.87
2017.06.12 15:52:02.441,1.50686,1.507,1.00,1.50
2017.06.12 15:52:02.596,1.50686,1.50701,1.57,1.50
2017.06.12 15:52:03.141,1.50687,1.507,1.12,1.00
2017.06.12 15:52:04.610,1.50686,1.50701,1.50,1.00
2017.06.12 15:52:05.090,1.50684,1.50697,2.32,1.00
2017.06.12 15:52:05.243,1.50684,1.507,2.25,1.00
2017.06.12 15:52:05.396,1.50682,1.50698,3.07,1.00
2017.06.12 15:52:05.498,1.50682,1.50698,2.25,1.00
2017.06.12 15:52:05.549,1.50682,1.50698,2.25,1.00
2017.06.12 15:52:06.731,1.50683,1.507,1.00,1.12
2017.06.12 15:52:06.884,1.50683,1.507,1.47,1.00
2017.06.12 15:52:07.222,1.50685,1.50702,1.20,1.00
2017.06.12 15:52:07.375,1.50685,1.50702,2.32,1.00
2017.06.12 15:52:07.888,1.50686,1.50703,1.57,1.00
2017.06.12 15:52:08.350,1.50685,1.50702,1.00,1.50
2017.06.12 15:52:08.686,1.50685,1.50699,1.00,1.00
2017.06.12 15:52:09.097,1.50684,1.50701,1.87,1.50
2017.06.12 15:52:09.149,1.50684,1.50702,2.25,1.50
2017.06.12 15:52:09.593,1.50688,1.50703,1.37,1.00
2017.06.12 15:52:09.696,1.50688,1.50702,1.12,1.00
2017.06.12 15:52:10.206,1.50686,1.50703,2.25,1.00
2017.06.12 15:52:10.977,1.50687,1.50704,1.50,1.50
2017.06.12 15:52:11.538,1.50689,1.50704,1.00,1.00
2017.06.12 15:52:11.896,1.50687,1.50703,1.00,1.50
2017.06.12 15:52:12.683,1.50687,1.50701,1.00,1.37
2017.06.12 15:52:12.990,1.50676,1.50684,1.00,1.00
2017.06.12 15:52:13.041,1.50672,1.50684,1.00,1.12
2017.06.12 15:52:13.144,1.50668,1.50686,1.57,1.50
2017.06.12 15:52:13.394,1.5067,1.50685,1.00,1.12
2017.06.12 15:52:13.709,1.50673,1.50685,1.00,1.75
2017.06.12 15:52:13.913,1.50671,1.50685,1.00,1.75
2017.06.12 15:52:14.431,1.5067,1.50686,1.00,1.75
2017.06.12 15:52:14.948,1.50669,1.50686,1.00,1.75
2017.06.12 15:52:15.938,1.50668,1.50684,1.00,1.50
2017.06.12 15:52:19.640,1.50667,1.50683,1.00,1.12
2017.06.12 15:52:20.328,1.50667,1.50682,1.00,1.00
2017.06.12 15:52:20.380,1.50665,1.50678,1.12,1.00
2017.06.12 15:52:20.584,1.50662,1.50676,1.00,1.00
2017.06.12 15:52:21.094,1.50663,1.50676,1.00,1.00
2017.06.12 15:52:21.146,1.50664,1.50678,1.00,1.00
2017.06.12 15:52:21.198,1.50664,1.50681,1.00,1.87
2017.06.12 15:52:21.249,1.50667,1.50681,1.00,1.12
2017.06.12 15:52:21.792,1.50664,1.50678,2.70,1.00
2017.06.12 15:52:21.896,1.50664,1.50677,1.00,1.00
2017.06.12 15:52:22.398,1.50664,1.50676,1.00,1.00
2017.06.12 15:52:23.162,1.50663,1.50676,1.00,1.00
2017.06.12 15:52:23.519,1.50661,1.50676,1.00,1.00
2017.06.12 15:52:23.621,1.50659,1.50674,2.32,1.00
2017.06.12 15:52:24.199,1.50658,1.50674,1.57,1.12
2017.06.12 15:52:24.550,1.5066,1.50674,1.00,1.12
2017.06.12 15:52:25.268,1.50659,1.50674,1.00,1.12
2017.06.12 15:52:25.630,1.50659,1.5067,1.00,1.00
2017.06.12 15:52:26.148,1.50656,1.50669,1.50,1.00
2017.06.12 15:52:26.686,1.50655,1.50669,1.00,1.00
2017.06.12 15:52:26.737,1.50662,1.50673,1.00,1.50
2017.06.12 15:52:26.890,1.5066,1.50673,1.00,1.37
2017.06.12 15:52:27.023,1.5066,1.50673,1.00,1.00
2017.06.12 15:52:27.745,1.50659,1.50673,1.00,1.00
2017.06.12 15:52:28.278,1.50659,1.50674,1.00,1.12
2017.06.12 15:52:28.480,1.50655,1.50669,1.37,1.00
2017.06.12 15:52:28.989,1.50655,1.5067,1.50,1.37
2017.06.12 15:52:29.040,1.50655,1.5067,1.50,1.00
2017.06.12 15:52:29.567,1.50655,1.50671,1.00,1.12
2017.06.12 15:52:30.678,1.50656,1.50672,1.00,2.25
2017.06.12 15:52:31.175,1.50656,1.50669,1.00,1.00
2017.06.12 15:52:32.346,1.50655,1.50668,1.50,1.00
2017.06.12 15:52:32.863,1.50656,1.50668,1.00,1.00
2017.06.12 15:52:33.102,1.50656,1.5067,1.00,1.00
2017.06.12 15:52:33.653,1.50655,1.50669,1.00,1.00
2017.06.12 15:52:33.806,1.50658,1.50672,1.00,1.12
2017.06.12 15:52:34.111,1.50658,1.50672,1.00,1.75
2017.06.12 15:52:34.809,1.50657,1.50672,1.00,1.75
2017.06.12 15:52:35.654,1.50659,1.5067,1.00,1.12
2017.06.12 15:52:35.966,1.50659,1.50672,1.00,1.12
2017.06.12 15:52:36.476,1.5066,1.50672,1.00,1.12
2017.06.12 15:52:38.194,1.50659,1.50672,1.00,1.12
2017.06.12 15:52:38.426,1.50662,1.50673,1.00,1.50
2017.06.12 15:52:38.631,1.5066,1.50673,1.00,1.00
2017.06.12 15:52:39.464,1.5066,1.50675,1.00,1.00
2017.06.12 15:52:39.617,1.50662,1.50675,1.00,1.00
2017.06.12 15:52:39.923,1.50665,1.50677,1.00,1.50
2017.06.12 15:52:39.974,1.50663,1.50678,1.00,1.75
2017.06.12 15:52:40.077,1.50663,1.50677,1.50,1.12
2017.06.12 15:52:40.625,1.50663,1.50676,1.00,1.00
2017.06.12 15:52:42.107,1.50663,1.50675,1.00,1.00
2017.06.12 15:52:42.766,1.50664,1.50675,1.00,1.12
2017.06.12 15:52:43.310,1.50663,1.50675,1.00,1.12
2017.06.12 15:52:50.404,1.50662,1.50676,1.00,1.50
2017.06.12 15:52:50.940,1.50661,1.50674,1.00,1.00
2017.06.12 15:52:51.093,1.50659,1.50674,1.12,1.00
2017.06.12 15:52:51.338,1.50661,1.50674,1.00,1.00
2017.06.12 15:52:51.715,1.50659,1.50674,1.12,1.00
2017.06.12 15:52:51.818,1.50658,1.50671,1.50,1.00
2017.06.12 15:52:52.328,1.50658,1.5067,1.00,1.00
2017.06.12 15:52:52.642,1.50659,1.50672,1.00,1.50
2017.06.12 15:52:52.796,1.50661,1.50676,1.00,1.75
2017.06.12 15:52:52.898,1.50661,1.50674,1.00,1.12
2017.06.12 15:52:53.644,1.5066,1.50674,1.00,1.12
2017.06.12 15:52:54.182,1.50659,1.50674,1.00,1.12
2017.06.12 15:52:56.669,1.50662,1.50676,1.00,1.75
2017.06.12 15:52:56.826,1.50662,1.50677,1.00,1.50
2017.06.12 15:52:58.550,1.50663,1.50677,1.00,1.50
2017.06.12 15:52:59.089,1.50663,1.50675,1.00,1.00
2017.06.12 15:52:59.822,1.50663,1.50677,1.00,1.50
2017.06.12 15:52:59.975,1.50664,1.50678,1.00,1.00
2017.06.12 15:53:00.333,1.50666,1.50681,1.00,1.00
2017.06.12 15:53:00.386,1.50669,1.50683,1.00,1.75
2017.06.12 15:53:00.488,1.50669,1.50683,1.00,1.00
2017.06.12 15:53:00.590,1.50666,1.50683,1.50,1.00
2017.06.12 15:53:01.106,1.50666,1.50682,2.25,1.00
2017.06.12 15:53:01.493,1.50667,1.5068,1.00,1.00
2017.06.12 15:53:02.017,1.50668,1.5068,1.00,1.12
2017.06.12 15:53:02.542,1.50668,1.50682,1.50,1.50
2017.06.12 15:53:03.051,1.50668,1.5068,1.00,1.00
2017.06.12 15:53:03.627,1.50667,1.5068,1.00,1.00
2017.06.12 15:53:04.262,1.50666,1.5068,1.50,1.00
2017.06.12 15:53:04.767,1.50666,1.50681,1.00,1.00
2017.06.12 15:53:07.054,1.50666,1.50683,1.50,1.50
2017.06.12 15:53:07.768,1.50666,1.50683,1.87,1.00
2017.06.12 15:53:09.682,1.5067,1.50684,1.00,1.12
2017.06.12 15:53:09.887,1.50671,1.50687,1.00,1.00
2017.06.12 15:53:10.720,1.50672,1.50687,1.00,1.00
2017.06.12 15:53:11.299,1.50671,1.50687,1.50,1.00
2017.06.12 15:53:11.350,1.50673,1.50687,1.00,1.00
2017.06.12 15:53:11.554,1.5067,1.50685,1.00,1.00
2017.06.12 15:53:11.606,1.50672,1.50686,1.00,1.00
2017.06.12 15:53:11.760,1.50673,1.50688,1.00,1.12
2017.06.12 15:53:12.305,1.50675,1.5069,1.00,1.50
2017.06.12 15:53:12.816,1.50676,1.50691,1.00,1.75
2017.06.12 15:53:15.101,1.50675,1.5069,1.50,1.50
2017.06.12 15:53:16.461,1.50674,1.50689,1.50,1.12
2017.06.12 15:53:17.507,1.50675,1.50689,1.00,1.12
2017.06.12 15:53:18.197,1.50678,1.50692,1.00,1.75
2017.06.12 15:53:18.300,1.50682,1.50694,1.00,1.00
2017.06.12 15:53:18.352,1.50684,1.50697,1.00,2.25
2017.06.12 15:53:18.455,1.50684,1.50699,1.50,1.37
2017.06.12 15:53:18.507,1.50684,1.50699,1.50,1.00
2017.06.12 15:53:19.245,1.50686,1.50701,1.00,1.50
2017.06.12 15:53:22.415,1.50688,1.50703,1.00,2.62
2017.06.12 15:53:22.517,1.50688,1.50703,1.00,2.25
2017.06.12 15:53:23.666,1.50687,1.50702,1.00,1.00
2017.06.12 15:53:25.348,1.50686,1.50702,1.00,1.00
2017.06.12 15:53:25.501,1.50686,1.50702,1.00,1.75
2017.06.12 15:53:26.135,1.50685,1.50702,1.00,3.00
2017.06.12 15:53:26.645,1.50685,1.50699,1.00,1.00
2017.06.12 15:53:28.927,1.50686,1.50701,1.00,2.25
2017.06.12 15:53:29.089,1.50686,1.50702,1.00,2.25
2017.06.12 15:53:32.189,1.50688,1.50702,1.00,1.12
2017.06.12 15:53:35.528,1.5069,1.50705,1.00,1.85
2017.06.12 15:53:36.050,1.50689,1.50704,1.00,2.25
2017.06.12 15:53:42.611,1.5069,1.50705,1.00,1.75
2017.06.12 15:53:43.388,1.50689,1.50704,1.00,1.75
2017.06.12 15:53:43.897,1.50688,1.50703,1.00,2.25
2017.06.12 15:53:44.751,1.50687,1.50702,1.00,1.12
2017.06.12 15:53:45.261,1.50685,1.507,1.00,1.00
2017.06.12 15:53:46.292,1.50687,1.50701,1.00,1.00
2017.06.12 15:53:46.822,1.50688,1.50701,1.00,1.00
2017.06.12 15:53:47.105,1.50685,1.50701,1.00,1.00
2017.06.12 15:53:47.158,1.50683,1.50685,1.00,1.00
2017.06.12 15:53:47.210,1.50683,1.5069,1.00,1.50
2017.06.12 15:53:47.261,1.50682,1.50688,1.00,1.00
2017.06.12 15:53:47.364,1.50677,1.50687,1.00,1.95
2017.06.12 15:53:47.547,1.50672,1.50687,2.25,1.87
2017.06.12 15:53:47.905,1.5067,1.50685,1.12,1.00
2017.06.12 15:53:48.212,1.5067,1.50684,1.00,1.87
2017.06.12 15:53:48.469,1.5067,1.50684,1.00,1.37
2017.06.12 15:53:49.127,1.5067,1.5068,1.00,1.00
2017.06.12 15:53:49.491,1.50671,1.50683,1.00,1.12
2017.06.12 15:53:50.040,1.5067,1.50682,1.00,1.00
2017.06.12 15:53:50.142,1.50674,1.50686,1.00,1.87
2017.06.12 15:53:50.245,1.50676,1.50688,1.00,1.00
2017.06.12 15:53:50.297,1.50679,1.50688,1.00,1.00
2017.06.12 15:53:50.348,1.50679,1.50692,1.00,1.50
2017.06.12 15:53:51.377,1.5068,1.50693,1.00,1.00
2017.06.12 15:53:51.886,1.5068,1.50694,1.00,1.87
2017.06.12 15:53:52.403,1.5068,1.50693,1.00,1.00
2017.06.12 15:53:54.271,1.5068,1.50694,1.00,1.87
2017.06.12 15:53:54.788,1.50681,1.50694,1.00,1.12
2017.06.12 15:53:55.784,1.5068,1.50694,1.00,1.12
2017.06.12 15:53:57.728,1.50681,1.50694,1.00,1.12
2017.06.12 15:54:01.112,1.50682,1.50694,1.00,1.12
2017.06.12 15:54:01.252,1.5068,1.50694,1.00,1.00
2017.06.12 15:54:01.979,1.50681,1.50694,1.00,1.00
2017.06.12 15:54:02.794,1.5068,1.50694,1.00,1.00
2017.06.12 15:54:03.822,1.50681,1.50694,1.00,1.00
2017.06.12 15:54:04.744,1.50682,1.50694,1.00,1.00
2017.06.12 15:54:05.813,1.50681,1.50696,1.00,2.62
2017.06.12 15:54:05.865,1.50682,1.50696,1.00,1.12
2017.06.12 15:54:06.076,1.50682,1.50697,1.00,1.12
2017.06.12 15:54:06.179,1.50679,1.50695,1.00,2.62
2017.06.12 15:54:06.740,1.5068,1.50695,1.00,1.87
2017.06.12 15:54:08.060,1.50681,1.50695,1.00,1.87
2017.06.12 15:54:09.335,1.50681,1.50695,1.00,1.50
2017.06.12 15:54:09.866,1.5068,1.50695,1.00,1.87
2017.06.12 15:54:09.917,1.50681,1.50693,1.00,1.00
2017.06.12 15:54:10.122,1.50681,1.50695,1.00,1.12
2017.06.12 15:54:10.224,1.50683,1.50695,1.00,1.12
2017.06.12 15:54:10.529,1.50683,1.50693,1.00,1.00
2017.06.12 15:54:10.677,1.5068,1.50693,1.00,1.00
2017.06.12 15:54:10.745,1.50678,1.5069,1.00,1.00
2017.06.12 15:54:10.898,1.50676,1.50689,1.12,1.00
2017.06.12 15:54:11.861,1.50676,1.5069,1.00,1.00
2017.06.12 15:54:13.372,1.50681,1.50692,1.00,1.37
2017.06.12 15:54:13.475,1.50681,1.50694,1.00,1.00
2017.06.12 15:54:14.382,1.50682,1.50695,1.00,1.12
2017.06.12 15:54:15.971,1.50682,1.50697,1.00,1.50
2017.06.12 15:54:16.612,1.50682,1.50696,1.00,1.00
2017.06.12 15:54:17.765,1.50682,1.50695,1.00,1.00
2017.06.12 15:54:19.113,1.50679,1.50694,1.50,1.50
2017.06.12 15:54:19.671,1.50679,1.50693,1.00,1.12
2017.06.12 15:54:19.806,1.50682,1.50695,1.00,1.37
2017.06.12 15:54:19.860,1.50682,1.50695,1.00,1.00
2017.06.12 15:54:20.369,1.50682,1.50694,1.00,1.00
2017.06.12 15:54:20.888,1.50682,1.50695,1.00,1.50
2017.06.12 15:54:22.034,1.50683,1.50695,1.00,1.00
2017.06.12 15:54:22.552,1.50682,1.50695,1.50,1.00
2017.06.12 15:54:23.437,1.50681,1.50695,1.50,1.00
2017.06.12 15:54:24.381,1.50682,1.50695,1.00,1.00
2017.06.12 15:54:24.825,1.50684,1.50695,1.00,1.00
2017.06.12 15:54:25.233,1.50684,1.50697,1.00,1.00
2017.06.12 15:54:26.652,1.50683,1.50697,1.50,1.00
2017.06.12 15:54:27.161,1.50684,1.50697,1.00,1.50
2017.06.12 15:54:27.468,1.50683,1.50695,1.00,1.00
2017.06.12 15:54:27.978,1.50682,1.50695,1.50,1.00
2017.06.12 15:54:28.729,1.50682,1.50694,1.00,1.00
2017.06.12 15:54:29.251,1.50681,1.50694,1.87,1.00
2017.06.12 15:54:29.794,1.50681,1.50695,1.87,1.00
2017.06.12 15:54:30.302,1.5068,1.50694,2.25,1.00
2017.06.12 15:54:30.825,1.5068,1.50693,2.25,1.00
2017.06.12 15:54:32.246,1.50681,1.50694,1.00,1.00
2017.06.12 15:54:32.765,1.5068,1.50694,1.50,1.00
2017.06.12 15:54:33.274,1.50677,1.50692,1.75,1.00
2017.06.12 15:54:33.581,1.50677,1.5069,1.50,1.00
2017.06.12 15:54:35.697,1.50678,1.5069,1.00,1.00
2017.06.12 15:54:36.042,1.5068,1.50692,1.50,1.00
2017.06.12 15:54:37.765,1.50681,1.50692,1.00,1.00
2017.06.12 15:54:38.292,1.50681,1.50693,1.50,1.00
2017.06.12 15:54:38.800,1.50681,1.50694,1.50,1.00
2017.06.12 15:54:38.930,1.50681,1.50696,1.50,1.00
2017.06.12 15:54:39.474,1.50682,1.50697,1.50,1.00
2017.06.12 15:54:40.502,1.50682,1.50696,1.00,1.00
2017.06.12 15:54:41.011,1.50682,1.50697,1.50,1.00
2017.06.12 15:54:43.450,1.50683,1.50697,1.00,1.50
2017.06.12 15:54:44.192,1.50682,1.50697,1.50,1.50
2017.06.12 15:54:44.756,1.50683,1.50698,1.50,2.62
2017.06.12 15:54:45.301,1.50684,1.50698,1.00,2.62
2017.06.12 15:54:46.811,1.50682,1.50697,1.50,1.00
2017.06.12 15:54:47.321,1.50683,1.50698,1.00,2.62
2017.06.12 15:54:47.830,1.50684,1.50698,1.00,1.87
2017.06.12 15:54:48.350,1.50683,1.50698,1.50,1.87
2017.06.12 15:54:49.940,1.50683,1.50697,1.00,1.00
2017.06.12 15:54:50.072,1.50687,1.507,1.50,1.75
2017.06.12 15:54:50.329,1.50687,1.50702,1.50,1.50
2017.06.12 15:54:50.861,1.50688,1.50702,1.00,1.50
2017.06.12 15:54:51.016,1.50683,1.50697,2.25,1.00
2017.06.12 15:54:51.244,1.50681,1.50695,1.00,1.00
2017.06.12 15:54:52.052,1.50681,1.50696,1.50,1.00
2017.06.12 15:54:53.148,1.50681,1.50696,1.87,1.50
2017.06.12 15:54:53.670,1.50682,1.50696,2.25,1.50
2017.06.12 15:54:54.278,1.50685,1.50696,1.00,1.00
2017.06.12 15:54:54.329,1.50686,1.50698,1.00,1.00
2017.06.12 15:54:54.381,1.50686,1.507,1.00,1.50
2017.06.12 15:54:54.890,1.50685,1.507,1.00,1.00
2017.06.12 15:54:55.094,1.50684,1.50698,1.00,1.00
2017.06.12 15:54:55.503,1.50683,1.50696,1.00,1.00
2017.06.12 15:54:56.104,1.50682,1.50696,1.50,1.50
2017.06.12 15:54:56.645,1.50681,1.50695,1.50,1.00
2017.06.12 15:54:57.237,1.50681,1.50696,1.50,2.25
2017.06.12 15:54:58.032,1.50681,1.50694,1.50,1.00
2017.06.12 15:54:58.553,1.5068,1.50694,1.50,1.00
2017.06.12 15:54:59.112,1.5068,1.50695,1.50,3.37
2017.06.12 15:54:59.627,1.5068,1.50694,1.00,1.50
2017.06.12 15:55:00.111,1.5068,1.50692,1.00,1.00
2017.06.12 15:55:00.621,1.5068,1.50693,1.00,1.00
2017.06.12 15:55:01.581,1.5068,1.50695,1.00,1.50
2017.06.12 15:55:02.090,1.50679,1.50694,1.50,1.00
2017.06.12 15:55:02.503,1.50681,1.50694,1.00,1.00
2017.06.12 15:55:03.022,1.5068,1.50694,1.00,1.00
2017.06.12 15:55:04.248,1.50679,1.50694,1.50,2.25
2017.06.12 15:55:05.385,1.50675,1.50689,1.75,1.00
2017.06.12 15:55:05.488,1.50673,1.50687,1.50,1.00
2017.06.12 15:55:06.037,1.50673,1.50687,1.00,1.12
2017.06.12 15:55:06.241,1.50671,1.50687,1.00,2.25
2017.06.12 15:55:06.597,1.50673,1.50686,1.00,1.12
2017.06.12 15:55:06.977,1.50674,1.50688,1.00,1.00
2017.06.12 15:55:07.376,1.50672,1.50688,1.00,1.50
2017.06.12 15:55:07.733,1.50671,1.50686,1.00,2.62
2017.06.12 15:55:07.886,1.50669,1.50684,1.50,1.50
2017.06.12 15:55:08.192,1.50667,1.50683,1.00,2.32
2017.06.12 15:55:08.243,1.50667,1.50683,1.50,2.32
2017.06.12 15:55:08.495,1.50668,1.50683,1.00,3.75
2017.06.12 15:55:08.699,1.5067,1.50683,1.00,1.87
2017.06.12 15:55:09.448,1.50671,1.50685,1.00,2.25
2017.06.12 15:55:09.956,1.5067,1.50684,1.00,1.50
2017.06.12 15:55:10.262,1.50673,1.50687,1.00,1.75
2017.06.12 15:55:10.313,1.50673,1.50686,1.00,1.00
2017.06.12 15:55:10.874,1.50674,1.50686,1.00,1.00
2017.06.12 15:55:11.421,1.50673,1.50686,1.00,2.25
2017.06.12 15:55:11.625,1.50671,1.50686,1.00,2.25
2017.06.12 15:55:12.242,1.5067,1.50685,1.00,1.50
2017.06.12 15:55:13.367,1.50669,1.50684,1.00,1.00
2017.06.12 15:55:13.419,1.50668,1.5068,1.00,1.00
2017.06.12 15:55:13.470,1.50666,1.50679,1.00,1.00
2017.06.12 15:55:13.657,1.50664,1.50679,1.12,1.87
2017.06.12 15:55:13.709,1.50666,1.50681,1.00,1.75
2017.06.12 15:55:14.705,1.50667,1.5068,1.00,1.50
2017.06.12 15:55:15.311,1.50668,1.5068,1.00,1.00
2017.06.12 15:55:15.515,1.50666,1.5068,1.00,2.25
2017.06.12 15:55:15.567,1.50665,1.5068,1.50,2.62
2017.06.12 15:55:16.127,1.50666,1.5068,1.00,1.87
2017.06.12 15:55:16.229,1.50666,1.50679,1.00,1.12
2017.06.12 15:55:16.742,1.50665,1.50679,1.50,1.12
2017.06.12 15:55:17.190,1.50661,1.50677,1.87,1.87
2017.06.12 15:55:17.292,1.50661,1.50675,1.00,1.00
2017.06.12 15:55:17.601,1.5066,1.50673,1.00,1.12
2017.06.12 15:55:17.653,1.50658,1.50673,1.50,1.00
2017.06.12 15:55:17.704,1.5066,1.50673,1.00,1.75
2017.06.12 15:55:17.755,1.50658,1.50673,1.50,1.75
2017.06.12 15:55:17.806,1.5066,1.50673,1.00,1.75
2017.06.12 15:55:18.840,1.50661,1.50674,1.50,1.75
2017.06.12 15:55:18.892,1.50663,1.50676,1.00,2.25
2017.06.12 15:55:18.994,1.50666,1.50678,1.00,2.32
2017.06.12 15:55:19.097,1.50666,1.5068,1.50,3.00
2017.06.12 15:55:19.148,1.50669,1.5068,1.00,2.25
2017.06.12 15:55:19.200,1.50669,1.5068,1.00,1.50
2017.06.12 15:55:22.445,1.50671,1.50683,1.00,1.75
2017.06.12 15:55:22.496,1.50667,1.50679,1.00,1.12
2017.06.12 15:55:22.701,1.50664,1.50678,1.50,1.37
2017.06.12 15:55:23.227,1.50665,1.50677,1.00,1.12
2017.06.12 15:55:24.895,1.50664,1.50679,1.00,1.95
2017.06.12 15:55:25.201,1.50664,1.50679,1.00,2.62
2017.06.12 15:55:25.714,1.50664,1.50679,1.00,2.70
2017.06.12 15:55:26.608,1.50662,1.50677,1.00,1.50
2017.06.12 15:55:27.145,1.50661,1.50677,1.00,2.25
2017.06.12 15:55:27.653,1.50662,1.50677,1.00,2.62
2017.06.12 15:55:28.516,1.50662,1.50677,1.00,1.50
2017.06.12 15:55:28.993,1.50664,1.50677,1.00,1.50
2017.06.12 15:55:29.154,1.50662,1.50677,1.00,1.00
2017.06.12 15:55:29.307,1.50662,1.50677,1.00,2.62
2017.06.12 15:55:29.996,1.50661,1.50676,1.00,1.50
2017.06.12 15:55:30.523,1.50662,1.50677,1.50,2.62
2017.06.12 15:55:30.830,1.50666,1.50679,1.00,1.12
2017.06.12 15:55:39.165,1.50667,1.50679,1.50,1.37
2017.06.12 15:55:39.216,1.50667,1.50679,1.50,1.00
2017.06.12 15:55:39.268,1.5067,1.50682,1.00,1.87
2017.06.12 15:55:39.321,1.5067,1.50682,1.00,1.00
2017.06.12 15:55:40.295,1.50669,1.50682,1.00,1.00
2017.06.12 15:55:42.825,1.5067,1.50682,1.00,1.00
2017.06.12 15:55:43.447,1.5067,1.50685,1.50,1.87
2017.06.12 15:55:44.210,1.50671,1.50684,1.00,1.37
2017.06.12 15:55:44.464,1.5067,1.50685,1.00,1.50
2017.06.12 15:55:45.168,1.50671,1.50685,1.00,1.50
2017.06.12 15:55:46.058,1.50671,1.50684,1.00,1.00
2017.06.12 15:55:47.533,1.5067,1.50684,1.00,1.00
2017.06.12 15:55:48.067,1.50671,1.50684,1.00,1.00
2017.06.12 15:55:48.610,1.5067,1.50684,1.00,1.00
2017.06.12 15:55:49.533,1.5067,1.50685,1.00,2.25
2017.06.12 15:55:51.063,1.50671,1.50685,1.00,2.25
2017.06.12 15:55:51.593,1.50666,1.50679,1.00,1.00
2017.06.12 15:55:51.747,1.50661,1.50676,1.50,1.00
2017.06.12 15:55:51.917,1.50662,1.50673,1.00,1.00
2017.06.12 15:55:52.225,1.50657,1.50671,1.00,1.00
2017.06.12 15:55:52.277,1.50654,1.50669,2.25,1.00
2017.06.12 15:55:52.329,1.50655,1.50669,1.00,1.37
2017.06.12 15:55:54.477,1.50654,1.50669,1.50,1.50
2017.06.12 15:55:57.431,1.50656,1.5067,1.00,1.75
2017.06.12 15:55:57.533,1.50657,1.50671,1.00,2.25
2017.06.12 15:55:57.584,1.50657,1.50671,1.00,1.12
2017.06.12 15:56:00.045,1.50656,1.50672,1.00,1.50
2017.06.12 15:56:00.334,1.50658,1.50672,1.00,1.50
2017.06.12 15:56:00.388,1.50658,1.50673,1.50,1.12
2017.06.12 15:56:01.519,1.50659,1.50674,1.00,2.25
2017.06.12 15:56:02.529,1.50658,1.50673,1.50,1.12
2017.06.12 15:56:05.123,1.50659,1.50674,1.00,2.25
2017.06.12 15:56:05.700,1.5066,1.50675,1.50,2.25
2017.06.12 15:56:05.960,1.50658,1.50672,1.00,1.12
2017.06.12 15:56:07.803,1.50658,1.50669,1.00,1.00
2017.06.12 15:56:07.855,1.50654,1.50668,1.12,1.00
2017.06.12 15:56:08.386,1.50653,1.50668,1.00,1.87
2017.06.12 15:56:10.518,1.50652,1.50666,1.50,1.00
2017.06.12 15:56:11.149,1.50652,1.50665,1.00,1.00
2017.06.12 15:56:11.790,1.50651,1.50665,1.50,1.00
2017.06.12 15:56:12.949,1.5065,1.50665,1.50,1.50
2017.06.12 15:56:15.983,1.50651,1.50665,1.00,1.50
2017.06.12 15:56:16.518,1.50651,1.50666,1.00,1.50
2017.06.12 15:56:17.107,1.5065,1.50665,1.50,1.50
2017.06.12 15:56:21.544,1.50653,1.50666,1.00,1.00
2017.06.12 15:56:21.700,1.50655,1.5067,1.50,1.37
2017.06.12 15:56:22.249,1.50655,1.5067,1.50,1.00
2017.06.12 15:56:23.159,1.5065,1.50665,2.25,1.00
2017.06.12 15:56:23.313,1.5065,1.50665,1.50,1.00
2017.06.12 15:56:23.907,1.50649,1.50664,1.87,1.00
2017.06.12 15:56:25.295,1.50649,1.50663,1.00,1.00
2017.06.12 15:56:25.347,1.50646,1.50662,2.62,1.00
2017.06.12 15:56:25.449,1.50646,1.50662,2.62,1.37
2017.06.12 15:56:25.756,1.50647,1.50662,1.50,1.12
2017.06.12 15:56:26.296,1.50647,1.50663,1.87,1.00
2017.06.12 15:56:26.347,1.50649,1.50663,1.00,1.00
2017.06.12 15:56:26.399,1.50649,1.50665,1.50,2.25
2017.06.12 15:56:26.738,1.50647,1.50663,1.87,1.00
2017.06.12 15:56:27.316,1.50649,1.50663,1.00,1.00
2017.06.12 15:56:27.838,1.50648,1.50664,1.50,1.00
2017.06.12 15:56:28.674,1.50648,1.50663,1.50,1.00
2017.06.12 15:56:29.475,1.50648,1.50664,1.50,1.00
2017.06.12 15:56:30.214,1.50647,1.50663,1.87,1.00
2017.06.12 15:56:30.851,1.50649,1.50663,1.00,1.50
2017.06.12 15:56:31.382,1.50648,1.50663,1.50,1.00
2017.06.12 15:56:31.888,1.50648,1.50662,1.00,1.00
2017.06.12 15:56:32.468,1.50647,1.50662,1.50,1.00
2017.06.12 15:56:34.149,1.50648,1.50662,1.00,1.00
2017.06.12 15:56:34.654,1.50647,1.50663,1.50,1.50
2017.06.12 15:56:35.459,1.50648,1.50663,1.00,1.50
2017.06.12 15:56:38.826,1.50648,1.50664,1.00,1.87
2017.06.12 15:56:39.341,1.50649,1.50664,1.00,1.87
2017.06.12 15:56:41.543,1.50651,1.50665,1.00,1.87
2017.06.12 15:56:41.825,1.50652,1.50667,1.00,2.25
2017.06.12 15:56:41.927,1.50653,1.50669,1.00,1.50
2017.06.12 15:56:43.945,1.50654,1.50669,1.00,1.00
2017.06.12 15:56:44.707,1.50656,1.50669,1.00,1.00
2017.06.12 15:56:45.940,1.50656,1.5067,1.00,1.12
2017.06.12 15:56:46.460,1.50655,1.5067,1.50,1.12
2017.06.12 15:56:47.522,1.50655,1.50671,1.37,2.25
2017.06.12 15:56:48.738,1.50655,1.50671,1.00,2.25
2017.06.12 15:56:49.428,1.50658,1.50671,1.00,1.50
2017.06.12 15:56:49.530,1.50659,1.50673,1.50,1.87
2017.06.12 15:56:50.046,1.50659,1.50674,1.50,1.87
2017.06.12 15:56:52.533,1.50658,1.50674,1.12,1.50
2017.06.12 15:56:53.042,1.50658,1.50674,1.12,2.25
2017.06.12 15:56:53.560,1.50659,1.50674,1.00,1.00
2017.06.12 15:56:55.357,1.50661,1.50676,1.50,1.50
2017.06.12 15:56:55.861,1.50661,1.50676,1.12,1.00
2017.06.12 15:56:56.412,1.5066,1.50676,1.87,1.00
2017.06.12 15:56:57.694,1.50661,1.50677,1.00,1.12
2017.06.12 15:56:58.200,1.5066,1.50676,1.50,1.00
2017.06.12 15:57:00.319,1.50661,1.50676,1.00,1.00
2017.06.12 15:57:01.374,1.5066,1.50675,1.50,1.00
2017.06.12 15:57:01.916,1.5066,1.50674,1.50,1.00
2017.06.12 15:57:02.234,1.50663,1.50677,1.00,1.00
2017.06.12 15:57:02.776,1.50662,1.50677,1.00,1.00
2017.06.12 15:57:04.034,1.50661,1.50676,1.12,1.00
2017.06.12 15:57:04.341,1.50651,1.50662,1.00,1.00
2017.06.12 15:57:04.393,1.50648,1.50662,1.12,1.00
2017.06.12 15:57:04.936,1.50648,1.50663,1.12,1.00
2017.06.12 15:57:05.321,1.50651,1.50665,1.00,1.00
2017.06.12 15:57:05.627,1.50653,1.50667,1.50,1.00
2017.06.12 15:57:06.325,1.50652,1.50668,1.00,1.50
2017.06.12 15:57:06.938,1.50652,1.50667,1.00,1.00
2017.06.12 15:57:07.448,1.50651,1.50666,1.50,1.00
2017.06.12 15:57:11.496,1.50652,1.50667,1.50,1.00
2017.06.12 15:57:12.027,1.50652,1.50668,1.50,1.50
2017.06.12 15:57:12.550,1.50651,1.50666,1.12,1.50
2017.06.12 15:57:13.089,1.5065,1.50665,1.00,1.50
2017.06.12 15:57:13.395,1.5065,1.50664,1.00,1.50
2017.06.12 15:57:13.626,1.50648,1.50664,1.00,1.50
2017.06.12 15:57:17.135,1.50649,1.50664,1.00,1.50
2017.06.12 15:57:18.615,1.50648,1.50663,1.00,1.50
2017.06.12 15:57:18.666,1.50647,1.50661,1.00,1.00
2017.06.12 15:57:18.768,1.50645,1.5066,1.50,1.00
2017.06.12 15:57:19.291,1.50646,1.5066,1.00,1.50
2017.06.12 15:57:19.462,1.50644,1.50659,1.50,1.00
2017.06.12 15:57:20.562,1.50643,1.50655,1.12,1.00
2017.06.12 15:57:20.819,1.50641,1.50657,1.50,1.50
2017.06.12 15:57:20.972,1.50641,1.50657,2.25,1.00
2017.06.12 15:57:21.999,1.50644,1.50657,1.00,1.00
2017.06.12 15:57:22.050,1.50644,1.50659,1.50,1.00
2017.06.12 15:57:22.203,1.50647,1.50661,1.00,1.12
2017.06.12 15:57:22.704,1.50646,1.50662,1.00,1.00
2017.06.12 15:57:23.225,1.50646,1.50661,1.00,1.00
2017.06.12 15:57:25.594,1.50646,1.50661,2.25,1.00
2017.06.12 15:57:26.756,1.5065,1.50665,1.00,1.87
2017.06.12 15:57:26.859,1.5065,1.50665,1.00,1.12
2017.06.12 15:57:27.115,1.50653,1.50668,1.00,1.87
2017.06.12 15:57:30.207,1.50654,1.50668,1.00,1.00
2017.06.12 15:57:30.951,1.50653,1.50668,1.87,1.00
2017.06.12 15:57:31.484,1.50652,1.50667,1.50,1.00
2017.06.12 15:57:31.799,1.50647,1.5066,1.50,1.00
2017.06.12 15:57:31.902,1.50643,1.50658,1.87,1.00
2017.06.12 15:57:35.276,1.50643,1.50657,1.12,1.00
2017.06.12 15:57:35.531,1.50638,1.50654,1.75,1.37
2017.06.12 15:57:35.634,1.50639,1.50656,1.00,1.50
2017.06.12 15:57:35.685,1.50639,1.50654,1.50,1.00
2017.06.12 15:57:35.788,1.5064,1.50656,1.12,1.50
2017.06.12 15:57:36.463,1.50641,1.50657,1.00,1.00
2017.06.12 15:57:36.718,1.50641,1.50657,1.75,1.00
2017.06.12 15:57:37.076,1.50642,1.50659,2.25,1.87
2017.06.12 15:57:37.230,1.50644,1.5066,1.50,1.12
2017.06.12 15:57:37.536,1.50643,1.50658,1.00,1.50
2017.06.12 15:57:40.170,1.50643,1.50657,1.00,1.00
2017.06.12 15:57:40.616,1.50642,1.50655,1.00,1.00
2017.06.12 15:57:41.248,1.50642,1.50656,1.00,1.00
2017.06.12 15:57:41.760,1.50641,1.50656,1.12,1.50
2017.06.12 15:57:42.297,1.50642,1.50656,1.00,1.00
2017.06.12 15:57:42.502,1.50639,1.50655,1.37,1.12
2017.06.12 15:57:42.553,1.50636,1.50651,1.75,1.50
2017.06.12 15:57:42.707,1.50634,1.50649,1.50,1.50
2017.06.12 15:57:42.861,1.50632,1.50647,1.00,1.50
2017.06.12 15:57:43.191,1.50634,1.50648,1.00,1.00
2017.06.12 15:57:43.678,1.50634,1.5065,1.00,1.50
2017.06.12 15:57:44.187,1.50632,1.50648,1.00,1.00
2017.06.12 15:57:44.692,1.50631,1.50647,1.50,1.50
2017.06.12 15:57:45.249,1.50631,1.50646,1.00,1.50
2017.06.12 15:57:45.771,1.50632,1.50647,1.00,1.00
2017.06.12 15:57:45.822,1.50632,1.50649,1.12,2.25
2017.06.12 15:57:46.641,1.50632,1.50648,1.12,1.00
2017.06.12 15:57:46.850,1.5063,1.5064,1.75,1.00
2017.06.12 15:57:46.901,1.5063,1.50644,2.25,1.50
2017.06.12 15:57:47.043,1.5063,1.50642,1.50,1.12
2017.06.12 15:57:47.145,1.5063,1.50644,1.00,1.50
2017.06.12 15:57:47.247,1.50629,1.50642,1.00,1.00
2017.06.12 15:57:47.502,1.50627,1.50642,1.12,1.00
2017.06.12 15:57:47.606,1.50629,1.50643,1.00,1.00
2017.06.12 15:57:48.151,1.50629,1.50644,1.00,1.12
2017.06.12 15:57:48.675,1.5063,1.50644,1.00,1.87
2017.06.12 15:57:48.981,1.50637,1.50648,1.00,1.00
2017.06.12 15:57:49.033,1.50637,1.50652,1.00,1.75
2017.06.12 15:57:49.135,1.50637,1.50652,1.00,1.12
2017.06.12 15:57:50.306,1.50639,1.50652,1.00,1.12
2017.06.12 15:57:50.742,1.50641,1.50654,1.00,1.00
2017.06.12 15:57:51.288,1.50641,1.50655,1.00,1.00
2017.06.12 15:57:53.519,1.50643,1.50655,1.00,1.00
2017.06.12 15:57:54.803,1.50643,1.50653,1.00,1.00
2017.06.12 15:57:56.073,1.50642,1.50653,1.00,1.00
2017.06.12 15:57:56.617,1.50641,1.50653,1.00,1.00
2017.06.12 15:57:57.164,1.50642,1.50653,1.00,1.00
2017.06.12 15:57:58.284,1.5064,1.50652,1.00,1.00
2017.06.12 15:57:59.248,1.50641,1.50652,1.00,1.00
2017.06.12 15:58:00.349,1.5064,1.50652,1.00,1.00
2017.06.12 15:58:00.859,1.50641,1.50653,1.00,1.00
2017.06.12 15:58:01.526,1.50641,1.50654,1.00,1.00
2017.06.12 15:58:02.047,1.5064,1.50653,1.12,1.00
2017.06.12 15:58:03.217,1.50641,1.50653,1.00,1.00
2017.06.12 15:58:03.726,1.50641,1.50654,1.00,1.00
2017.06.12 15:58:04.566,1.50644,1.50654,1.00,1.00
2017.06.12 15:58:05.090,1.50644,1.50655,1.00,1.00
2017.06.12 15:58:05.634,1.50643,1.50655,1.00,1.00
2017.06.12 15:58:06.643,1.50642,1.50654,1.00,1.00
2017.06.12 15:58:07.173,1.50643,1.50655,1.00,1.00
2017.06.12 15:58:07.700,1.50644,1.50654,1.00,1.00
2017.06.12 15:58:08.214,1.50643,1.50653,1.00,1.00
2017.06.12 15:58:08.716,1.50642,1.50654,1.00,1.00
2017.06.12 15:58:09.427,1.50642,1.50653,1.00,1.00
2017.06.12 15:58:17.161,1.50643,1.50653,1.00,1.00
2017.06.12 15:58:17.316,1.50647,1.50658,1.00,1.00
2017.06.12 15:58:18.040,1.50647,1.50659,1.00,1.00
2017.06.12 15:58:18.550,1.50648,1.50659,1.00,1.00
2017.06.12 15:58:20.365,1.50647,1.50659,1.00,1.00
2017.06.12 15:58:22.591,1.50647,1.50662,1.00,1.00
2017.06.12 15:58:25.025,1.50647,1.50662,1.00,1.50
2017.06.12 15:58:26.857,1.50647,1.5066,1.00,1.00
2017.06.12 15:58:26.960,1.50646,1.50658,1.00,1.00
2017.06.12 15:58:27.471,1.50646,1.5066,1.00,1.00
2017.06.12 15:58:27.981,1.50647,1.5066,1.00,1.00
2017.06.12 15:58:28.521,1.50646,1.5066,1.00,1.00
2017.06.12 15:58:29.647,1.50647,1.5066,1.00,1.12
2017.06.12 15:58:30.039,1.50648,1.50662,1.00,1.12
2017.06.12 15:58:30.892,1.50651,1.50664,1.00,1.75
2017.06.12 15:58:31.047,1.50653,1.50668,1.00,1.87
2017.06.12 15:58:31.561,1.50653,1.50668,1.00,1.87
2017.06.12 15:58:31.773,1.50655,1.50668,1.00,1.12
2017.06.12 15:58:31.926,1.50655,1.50668,1.00,1.00
2017.06.12 15:58:33.136,1.50652,1.50667,1.00,1.50
2017.06.12 15:58:33.188,1.5065,1.50665,1.12,1.50
2017.06.12 15:58:33.493,1.50649,1.50662,1.00,1.12
2017.06.12 15:58:34.001,1.50649,1.50663,1.00,1.12
2017.06.12 15:58:34.560,1.50651,1.50665,1.50,2.25
2017.06.12 15:58:34.709,1.50652,1.50665,1.00,1.75
2017.06.12 15:58:35.066,1.50654,1.50667,1.00,1.75
2017.06.12 15:58:35.816,1.50655,1.50667,1.00,1.75
2017.06.12 15:58:35.919,1.50656,1.50669,1.00,1.75
2017.06.12 15:58:36.073,1.50659,1.50669,1.00,1.75
2017.06.12 15:58:36.124,1.50659,1.50671,1.00,2.25
2017.06.12 15:58:36.228,1.5066,1.50673,1.00,1.12
2017.06.12 15:58:36.762,1.50662,1.50675,1.00,1.87
2017.06.12 15:58:36.910,1.50662,1.50676,1.00,1.12
2017.06.12 15:58:37.249,1.50664,1.50678,1.00,1.75
2017.06.12 15:58:37.404,1.50666,1.5068,1.00,1.50
2017.06.12 15:58:37.456,1.50666,1.50681,1.00,1.00
2017.06.12 15:58:37.508,1.50669,1.50683,1.00,2.25
2017.06.12 15:58:37.815,1.50669,1.50684,1.12,3.00
2017.06.12 15:58:38.653,1.50669,1.50684,1.12,1.37
2017.06.12 15:58:38.806,1.5067,1.50685,1.37,1.87
2017.06.12 15:58:39.113,1.50672,1.50687,1.50,2.25
2017.06.12 15:58:39.769,1.50672,1.50686,1.50,1.37
2017.06.12 15:58:40.953,1.50672,1.50686,1.50,1.37
2017.06.12 15:58:42.117,1.50671,1.50686,1.00,1.87
2017.06.12 15:58:42.768,1.5067,1.50685,1.12,1.12
2017.06.12 15:58:42.819,1.50672,1.50686,1.00,1.00
2017.06.12 15:58:42.871,1.50672,1.50688,1.00,2.25
2017.06.12 15:58:42.922,1.50674,1.50688,1.00,1.00
2017.06.12 15:58:43.300,1.50674,1.5069,1.00,1.50
2017.06.12 15:58:43.351,1.50676,1.50691,1.00,3.37
2017.06.12 15:58:43.873,1.50676,1.50691,1.00,1.37
2017.06.12 15:58:44.389,1.50677,1.50692,1.00,1.37
2017.06.12 15:58:44.695,1.5067,1.50685,1.37,1.87
2017.06.12 15:58:45.241,1.5067,1.50685,1.00,1.37
2017.06.12 15:58:45.718,1.50668,1.50683,1.12,1.50
2017.06.12 15:58:46.025,1.50662,1.50677,1.00,1.37
2017.06.12 15:58:46.535,1.5066,1.50675,1.00,1.00
2017.06.12 15:58:46.689,1.50662,1.50676,1.00,1.12
2017.06.12 15:58:46.741,1.5066,1.50675,1.00,1.00
2017.06.12 15:58:47.669,1.5066,1.50676,1.50,1.12
2017.06.12 15:58:48.308,1.5066,1.50675,1.00,1.00
2017.06.12 15:58:48.859,1.50661,1.50676,1.00,1.87
2017.06.12 15:58:49.392,1.50662,1.50675,1.00,1.12
2017.06.12 15:58:49.900,1.50661,1.50675,1.00,1.12
2017.06.12 15:58:49.951,1.50661,1.50673,1.00,1.00
2017.06.12 15:58:50.460,1.5066,1.50673,1.00,1.00
2017.06.12 15:58:50.919,1.50658,1.50673,1.00,1.50
2017.06.12 15:58:51.368,1.50658,1.50671,1.00,1.00
2017.06.12 15:58:51.874,1.50659,1.50671,1.00,1.00
2017.06.12 15:58:52.078,1.50663,1.50676,1.00,1.50
2017.06.12 15:58:52.129,1.5066,1.50675,1.00,1.00
2017.06.12 15:58:52.232,1.50659,1.50674,1.00,1.87
2017.06.12 15:58:53.152,1.50658,1.50673,1.00,3.00
2017.06.12 15:58:53.811,1.50655,1.5067,1.00,1.00
2017.06.12 15:58:53.862,1.50654,1.50668,1.00,1.37
2017.06.12 15:58:54.844,1.50655,1.50668,1.00,1.37
2017.06.12 15:58:55.359,1.50655,1.50668,1.00,1.00
2017.06.12 15:58:56.104,1.50653,1.50668,1.00,1.12
2017.06.12 15:58:56.614,1.50653,1.50667,1.00,1.87
2017.06.12 15:58:56.817,1.50651,1.50666,1.00,1.00
2017.06.12 15:58:56.949,1.50651,1.50666,1.00,1.37
2017.06.12 15:58:57.459,1.5065,1.50665,1.00,2.62
2017.06.12 15:58:58.786,1.5065,1.50664,1.00,1.50
2017.06.12 15:58:59.146,1.50649,1.50664,1.75,1.50
2017.06.12 15:58:59.678,1.5065,1.50666,1.50,1.37
2017.06.12 15:59:00.201,1.50652,1.50667,1.00,1.37
2017.06.12 15:59:00.405,1.50653,1.50668,1.50,1.37
2017.06.12 15:59:00.947,1.50654,1.50667,1.00,1.00
2017.06.12 15:59:01.520,1.50655,1.50669,1.00,3.00
2017.06.12 15:59:02.127,1.50654,1.50669,1.50,1.50
2017.06.12 15:59:03.132,1.50655,1.50669,1.50,1.50
2017.06.12 15:59:03.184,1.50658,1.50669,1.50,1.50
2017.06.12 15:59:03.287,1.50658,1.50671,1.50,1.00
2017.06.12 15:59:03.828,1.5066,1.50674,1.00,2.25
2017.06.12 15:59:04.426,1.5066,1.50674,1.50,1.12
2017.06.12 15:59:05.195,1.50659,1.50674,1.50,1.12
2017.06.12 15:59:05.893,1.5066,1.50674,1.50,1.12
2017.06.12 15:59:06.418,1.50659,1.50674,1.50,1.87
2017.06.12 15:59:07.912,1.5066,1.50674,1.00,1.12
2017.06.12 15:59:08.447,1.50661,1.50675,1.00,1.12
2017.06.12 15:59:08.995,1.50661,1.50676,1.00,1.50
2017.06.12 15:59:09.849,1.50664,1.50677,1.00,1.50
2017.06.12 15:59:09.952,1.50662,1.50676,1.00,1.12
2017.06.12 15:59:10.207,1.50661,1.50675,1.00,1.37
2017.06.12 15:59:10.991,1.5066,1.50674,1.00,2.25
2017.06.12 15:59:11.341,1.50659,1.50673,1.00,1.37
2017.06.12 15:59:12.142,1.50658,1.50673,1.00,2.62
2017.06.12 15:59:13.112,1.50655,1.5067,1.50,1.87
2017.06.12 15:59:13.613,1.50656,1.5067,1.00,1.12
2017.06.12 15:59:13.665,1.50656,1.50668,1.00,1.00
2017.06.12 15:59:14.166,1.50657,1.50669,1.00,1.00
2017.06.12 15:59:16.194,1.50656,1.50669,1.00,1.87
2017.06.12 15:59:16.526,1.50655,1.50667,1.00,1.00
2017.06.12 15:59:16.934,1.50655,1.50669,1.00,1.12
2017.06.12 15:59:16.985,1.50657,1.50669,1.00,1.00
2017.06.12 15:59:18.901,1.50658,1.50669,1.00,1.00
2017.06.12 15:59:19.105,1.50659,1.50671,1.00,1.00
2017.06.12 15:59:19.304,1.5066,1.50673,1.00,1.00
2017.06.12 15:59:19.355,1.50662,1.50673,1.00,1.00
2017.06.12 15:59:19.975,1.5066,1.50669,1.00,1.00
2017.06.12 15:59:20.026,1.50658,1.5067,1.12,1.00
2017.06.12 15:59:20.129,1.50656,1.50668,1.75,1.00
2017.06.12 15:59:20.232,1.50656,1.50669,1.00,1.00
2017.06.12 15:59:20.789,1.50657,1.50669,1.00,1.00
2017.06.12 15:59:21.426,1.50658,1.50669,1.00,1.00
2017.06.12 15:59:21.947,1.50657,1.5067,1.00,1.50
2017.06.12 15:59:22.458,1.50658,1.5067,1.00,1.87
2017.06.12 15:59:24.088,1.50657,1.50669,1.00,1.00
2017.06.12 15:59:24.548,1.50657,1.50671,1.00,1.87
2017.06.12 15:59:25.221,1.50656,1.50671,1.00,1.12
2017.06.12 15:59:26.124,1.50656,1.5067,1.12,1.00
2017.06.12 15:59:26.655,1.50656,1.50671,1.12,1.50
2017.06.12 15:59:27.298,1.50657,1.50671,1.00,1.00
2017.06.12 15:59:29.438,1.50657,1.50672,1.00,1.50
2017.06.12 15:59:29.542,1.50662,1.50673,1.00,1.50
2017.06.12 15:59:29.645,1.50662,1.50677,1.00,2.62
2017.06.12 15:59:30.321,1.50663,1.50679,1.00,3.07
2017.06.12 15:59:30.832,1.50663,1.50679,1.00,1.00
2017.06.12 15:59:31.043,1.50668,1.5068,1.00,1.50
2017.06.12 15:59:31.145,1.50668,1.50681,1.00,1.00
2017.06.12 15:59:31.469,1.5067,1.50683,1.00,1.12
2017.06.12 15:59:32.029,1.50669,1.50683,1.00,1.12
2017.06.12 15:59:33.064,1.5067,1.50683,1.00,1.12
2017.06.12 15:59:34.983,1.50669,1.50683,1.00,1.12
2017.06.12 15:59:35.996,1.50671,1.50683,1.00,1.12
2017.06.12 15:59:37.171,1.5067,1.50683,1.00,1.12
2017.06.12 15:59:37.679,1.50671,1.50683,1.00,1.12
2017.06.12 15:59:38.189,1.50669,1.50682,1.00,1.00
2017.06.12 15:59:39.309,1.50668,1.50681,1.12,1.00
2017.06.12 15:59:39.818,1.50667,1.50679,1.37,1.00
2017.06.12 15:59:40.470,1.50667,1.50679,1.00,1.00
2017.06.12 15:59:41.009,1.50667,1.5068,1.00,1.00
2017.06.12 15:59:41.976,1.50667,1.50681,1.00,1.00
2017.06.12 15:59:42.879,1.50667,1.5068,1.00,1.00
2017.06.12 15:59:43.133,1.50667,1.50682,1.00,1.10
2017.06.12 15:59:43.675,1.50667,1.50681,1.00,1.00
2017.06.12 15:59:44.571,1.50667,1.50683,1.00,1.00
2017.06.12 15:59:45.054,1.50667,1.50681,1.00,1.00
2017.06.12 15:59:45.587,1.50667,1.5068,1.00,1.00
2017.06.12 15:59:45.876,1.50667,1.50682,1.00,1.00
2017.06.12 15:59:46.387,1.50668,1.50682,1.00,1.00
2017.06.12 15:59:47.045,1.50669,1.50682,1.00,1.00
2017.06.12 15:59:47.711,1.50669,1.50681,1.00,1.00
2017.06.12 15:59:48.220,1.50668,1.50681,1.00,1.00
2017.06.12 15:59:48.992,1.50669,1.50681,1.00,1.00
2017.06.12 15:59:49.043,1.50669,1.50679,1.00,1.00
2017.06.12 15:59:49.349,1.50665,1.50677,1.00,1.00
2017.06.12 15:59:50.097,1.50663,1.50677,1.00,1.00
2017.06.12 15:59:50.505,1.50664,1.50675,1.00,1.00
2017.06.12 15:59:50.709,1.50662,1.50675,1.00,1.00
2017.06.12 15:59:51.387,1.50661,1.50675,1.12,1.00
2017.06.12 15:59:51.438,1.50663,1.50675,1.00,1.00
2017.06.12 15:59:51.948,1.50663,1.50676,1.00,1.00
2017.06.12 15:59:51.999,1.50663,1.50678,1.00,2.25
2017.06.12 15:59:53.001,1.50662,1.50678,1.00,2.25
2017.06.12 15:59:53.111,1.50664,1.50678,1.00,1.50
2017.06.12 15:59:53.455,1.50662,1.50675,1.00,1.00
2017.06.12 15:59:53.964,1.50663,1.50676,1.00,1.00
2017.06.12 15:59:54.388,1.50663,1.50678,1.00,1.00
2017.06.12 15:59:54.440,1.50665,1.50679,1.00,1.12
2017.06.12 15:59:54.851,1.50665,1.50676,1.00,1.00
2017.06.12 15:59:55.157,1.50659,1.50672,1.37,1.00
2017.06.12 15:59:55.208,1.50659,1.50672,1.00,1.00
2017.06.12 15:59:55.735,1.50659,1.50671,1.00,1.00
2017.06.12 15:59:56.280,1.5066,1.50673,1.00,1.00
2017.06.12 15:59:56.433,1.50658,1.50672,1.00,1.00
2017.06.12 15:59:56.945,1.50658,1.50671,1.00,1.00
2017.06.12 15:59:57.491,1.50658,1.50669,1.00,1.00
2017.06.12 15:59:57.797,1.50656,1.50667,1.50,1.00
2017.06.12 15:59:58.255,1.50655,1.50666,1.12,1.00
2017.06.12 15:59:58.603,1.50655,1.50664,1.12,1.00
2017.06.12 15:59:59.115,1.50655,1.50665,1.12,1.00
2017.06.12 15:59:59.624,1.50655,1.50664,1.12,1.00
