2011.03.02 22:00:00.379,1.3489,1.34942,1.05,1.13
2011.03.02 22:00:00.610,1.34863,1.34963,3.00,1.05
2011.03.02 22:00:00.828,1.34887,1.34941,1.05,1.13
2011.03.02 22:00:01.424,1.34887,1.34952,1.05,1.50
2011.03.02 22:00:01.768,1.34902,1.34956,1.05,1.50
2011.03.02 22:00:02.127,1.349,1.34949,1.05,1.50
2011.03.02 22:00:08.588,1.34888,1.34949,1.05,1.50
2011.03.02 22:00:11.854,1.34829,1.34974,1.51,1.05
2011.03.02 22:00:11.957,1.34834,1.34961,1.13,1.05
2011.03.02 22:00:12.947,1.34844,1.34964,1.13,1.05
2011.03.02 22:00:13.277,1.34844,1.34967,1.13,1.05
2011.03.02 22:00:17.957,1.34844,1.34977,1.13,1.05
2011.03.02 22:00:19.425,1.34844,1.34978,1.13,1.05
2011.03.02 22:00:20.005,1.34844,1.34978,1.13,1.05
2011.03.02 22:00:20.782,1.34844,1.34975,1.13,1.05
2011.03.02 22:00:22.479,1.34839,1.3498,1.51,1.05
2011.03.02 22:00:22.610,1.34844,1.34968,1.13,1.05
2011.03.02 22:00:23.186,1.34839,1.3498,1.51,1.05
2011.03.02 22:00:23.727,1.34844,1.34978,1.13,1.05
2011.03.02 22:00:24.347,1.34839,1.34978,1.51,1.05
2011.03.02 22:00:24.457,1.34839,1.3498,1.51,1.05
2011.03.02 22:00:25.628,1.34844,1.3497,1.13,1.05
2011.03.02 22:00:31.159,1.34844,1.34966,1.13,1.05
2011.03.02 22:00:32.337,1.34839,1.34976,1.51,1.05
2011.03.02 22:00:34.460,1.34844,1.34971,1.13,1.05
2011.03.02 22:00:35.184,1.34839,1.34987,1.51,1.05
2011.03.02 22:00:36.648,1.34839,1.34988,1.51,1.05
2011.03.02 22:00:37.217,1.34839,1.35008,1.51,1.05
2011.03.02 22:00:37.997,1.34844,1.34993,1.13,1.05
2011.03.02 22:00:38.212,1.34844,1.34999,1.13,1.05
2011.03.02 22:00:38.744,1.34844,1.34999,1.13,1.05
2011.03.02 22:00:39.758,1.34844,1.34995,1.13,1.05
2011.03.02 22:00:40.651,1.34844,1.34995,1.13,1.05
2011.03.02 22:00:41.087,1.34839,1.35008,1.51,1.05
2011.03.02 22:00:41.921,1.34844,1.35,1.13,1.05
2011.03.02 22:00:42.821,1.34844,1.34998,1.13,1.05
2011.03.02 22:00:43.037,1.34844,1.34994,1.13,1.05
2011.03.02 22:00:43.337,1.34839,1.35009,1.51,1.05
2011.03.02 22:00:43.496,1.34844,1.34997,1.13,1.05
2011.03.02 22:00:43.609,1.34844,1.34994,1.13,1.05
2011.03.02 22:00:45.209,1.34839,1.35004,1.51,1.05
2011.03.02 22:00:46.776,1.34844,1.34995,1.13,1.05
2011.03.02 22:00:47.417,1.34844,1.34994,1.13,1.05
2011.03.02 22:00:49.151,1.34844,1.34994,1.13,1.05
2011.03.02 22:00:50.402,1.34844,1.34993,1.13,1.05
2011.03.02 22:00:51.168,1.34839,1.35003,1.51,1.05
2011.03.02 22:00:51.278,1.34844,1.34995,1.13,1.05
2011.03.02 22:00:52.169,1.34839,1.35002,1.51,1.05
2011.03.02 22:00:52.858,1.34844,1.34994,1.13,1.05
2011.03.02 22:00:56.905,1.34839,1.35003,1.51,1.05
2011.03.02 22:00:57.407,1.34844,1.34991,1.13,1.05
2011.03.02 22:00:58.037,1.34844,1.34992,1.13,1.05
2011.03.02 22:00:58.997,1.34844,1.34991,1.13,1.05
2011.03.02 22:00:59.217,1.34844,1.34994,1.13,1.05
2011.03.02 22:00:59.475,1.34839,1.35012,1.51,1.00
2011.03.02 22:01:00.180,1.34839,1.35008,1.51,1.00
2011.03.02 22:01:04.655,1.34844,1.35014,1.13,1.51
2011.03.02 22:01:05.248,1.34839,1.35013,1.51,1.00
2011.03.02 22:01:06.879,1.34839,1.35009,1.51,1.00
2011.03.02 22:01:06.987,1.34844,1.35009,1.13,1.51
2011.03.02 22:01:07.097,1.34839,1.35011,1.51,1.00
2011.03.02 22:01:07.558,1.34839,1.35013,1.51,1.00
2011.03.02 22:01:08.288,1.34844,1.35012,1.13,1.51
2011.03.02 22:01:09.211,1.34844,1.35018,1.13,1.00
2011.03.02 22:01:15.487,1.34844,1.35014,1.13,1.00
2011.03.02 22:01:16.219,1.34844,1.35016,1.13,1.00
2011.03.02 22:01:17.257,1.34844,1.35018,1.13,1.00
2011.03.02 22:01:25.387,1.34844,1.35017,1.13,1.00
2011.03.02 22:01:25.727,1.34844,1.35015,1.13,1.00
2011.03.02 22:01:33.801,1.34844,1.35013,1.13,1.00
2011.03.02 22:01:35.561,1.34844,1.35014,1.13,1.00
2011.03.02 22:01:38.549,1.34844,1.35012,1.13,1.00
2011.03.02 22:01:39.967,1.34844,1.35013,1.13,1.00
2011.03.02 22:01:40.475,1.34844,1.35012,1.13,1.00
2011.03.02 22:01:41.419,1.34844,1.35012,1.13,1.00
2011.03.02 22:01:41.736,1.34844,1.35013,1.13,1.00
2011.03.02 22:01:42.637,1.34844,1.35014,1.13,1.00
2011.03.02 22:02:01.837,1.34915,1.35011,1.00,1.00
2011.03.02 22:02:02.503,1.34913,1.35007,1.00,1.00
2011.03.02 22:02:07.932,1.34901,1.35068,2.71,2.71
2011.03.02 22:02:09.469,1.34919,1.35061,1.00,3.20
2011.03.02 22:02:09.920,1.34924,1.35061,1.00,3.20
2011.03.02 22:02:12.669,1.34906,1.35061,1.20,3.20
2011.03.02 22:02:13.772,1.34906,1.35061,1.20,3.20
2011.03.02 22:02:14.169,1.34906,1.35061,1.20,3.20
2011.03.02 22:02:15.487,1.34906,1.35061,1.20,3.20
2011.03.02 22:02:16.318,1.349,1.35057,1.20,3.20
2011.03.02 22:02:16.427,1.349,1.35057,1.20,3.20
2011.03.02 22:02:17.149,1.34891,1.35048,1.20,3.20
2011.03.02 22:02:18.561,1.34891,1.35048,1.20,3.20
2011.03.02 22:02:19.549,1.34891,1.35048,1.20,3.20
2011.03.02 22:02:20.538,1.34891,1.35048,1.20,3.20
2011.03.02 22:02:20.868,1.34891,1.35048,1.20,3.20
2011.03.02 22:02:21.648,1.34891,1.35048,1.20,3.20
2011.03.02 22:02:22.688,1.34891,1.35048,1.20,3.20
2011.03.02 22:02:23.565,1.34891,1.35048,1.20,3.20
2011.03.02 22:02:24.608,1.34891,1.35048,1.20,3.20
2011.03.02 22:02:25.545,1.34887,1.35052,1.20,3.20
2011.03.02 22:02:26.588,1.34887,1.35052,2.00,3.20
2011.03.02 22:02:27.140,1.34887,1.35052,2.00,3.20
2011.03.02 22:02:27.508,1.3488,1.35045,2.00,3.20
2011.03.02 22:02:32.517,1.3488,1.35045,2.00,3.20
2011.03.02 22:02:37.605,1.34879,1.35046,3.20,3.20
2011.03.02 22:02:37.939,1.34879,1.35046,2.71,2.71
2011.03.02 22:02:40.610,1.34893,1.3506,2.71,2.71
2011.03.02 22:02:41.599,1.34888,1.35054,3.20,3.20
2011.03.02 22:02:42.589,1.34888,1.35054,3.20,3.20
2011.03.02 22:02:43.579,1.34888,1.35054,3.20,3.20
2011.03.02 22:02:44.515,1.34888,1.35054,2.71,2.71
2011.03.02 22:02:45.091,1.34888,1.35054,2.71,2.71
2011.03.02 22:02:45.197,1.34888,1.35054,3.20,3.20
2011.03.02 22:02:45.307,1.34888,1.35054,3.20,3.20
2011.03.02 22:02:45.845,1.34888,1.35054,2.71,2.71
2011.03.02 22:02:46.900,1.34888,1.35054,2.71,2.71
2011.03.02 22:02:47.117,1.34879,1.35044,3.20,3.20
2011.03.02 22:02:47.667,1.34874,1.35039,3.20,3.20
2011.03.02 22:02:47.777,1.34874,1.35039,3.20,3.20
2011.03.02 22:02:47.887,1.34874,1.35039,2.71,2.71
2011.03.02 22:02:48.587,1.34874,1.35039,3.20,3.20
2011.03.02 22:02:48.807,1.34888,1.35054,2.71,2.71
2011.03.02 22:02:49.236,1.34888,1.35054,2.71,2.71
2011.03.02 22:02:50.656,1.34888,1.35054,2.71,2.71
2011.03.02 22:02:51.297,1.34874,1.35039,3.20,3.20
2011.03.02 22:02:51.736,1.34874,1.35039,3.20,3.20
2011.03.02 22:02:53.707,1.34874,1.35039,3.20,3.20
2011.03.02 22:02:56.946,1.34883,1.35049,2.71,2.71
2011.03.02 22:02:57.181,1.34879,1.35044,1.88,2.71
2011.03.02 22:02:59.547,1.34879,1.35044,3.20,3.20
2011.03.02 22:02:59.767,1.3488,1.35052,2.10,3.20
2011.03.02 22:03:00.966,1.34888,1.35054,2.71,2.71
2011.03.02 22:03:01.831,1.34888,1.35054,2.71,2.71
2011.03.02 22:03:03.161,1.34888,1.35054,3.20,3.20
2011.03.02 22:03:03.301,1.34888,1.35054,3.20,3.20
2011.03.02 22:03:03.419,1.34888,1.35054,3.20,3.20
2011.03.02 22:03:07.467,1.34888,1.35054,2.71,2.71
2011.03.02 22:03:07.797,1.34894,1.35058,3.20,3.20
2011.03.02 22:03:09.708,1.34894,1.35058,3.20,3.20
2011.03.02 22:03:09.927,1.34888,1.35054,3.20,3.20
2011.03.02 22:03:10.286,1.34888,1.35054,3.20,3.20
2011.03.02 22:03:11.215,1.34888,1.35054,1.80,3.20
2011.03.02 22:03:11.547,1.34879,1.35053,2.71,2.71
2011.03.02 22:03:13.770,1.34879,1.35053,3.20,3.20
2011.03.02 22:03:13.987,1.34888,1.35054,3.20,3.20
2011.03.02 22:03:14.387,1.34888,1.35054,2.71,2.71
2011.03.02 22:03:14.717,1.34884,1.35048,3.20,3.20
2011.03.02 22:03:16.657,1.34884,1.35048,3.20,3.20
2011.03.02 22:03:16.783,1.34884,1.35048,3.20,3.20
2011.03.02 22:03:16.887,1.34884,1.35048,3.20,3.20
2011.03.02 22:03:27.691,1.34884,1.35048,3.20,3.20
2011.03.02 22:03:29.560,1.3487,1.35035,3.20,3.20
2011.03.02 22:03:30.670,1.3487,1.35035,3.20,3.20
2011.03.02 22:03:31.268,1.3487,1.35035,2.71,2.71
2011.03.02 22:03:31.659,1.3487,1.35035,2.71,2.71
2011.03.02 22:03:31.999,1.3487,1.35035,3.20,3.20
2011.03.02 22:03:33.677,1.3487,1.35035,3.20,3.20
2011.03.02 22:03:34.579,1.3487,1.35035,3.20,3.20
2011.03.02 22:03:35.181,1.3487,1.35035,3.20,3.20
2011.03.02 22:03:36.581,1.34883,1.35039,3.20,3.20
2011.03.02 22:03:37.648,1.34883,1.35039,2.71,2.71
2011.03.02 22:03:38.688,1.34883,1.35039,2.71,2.71
2011.03.02 22:03:38.929,1.34883,1.35039,3.20,3.20
2011.03.02 22:03:40.657,1.34883,1.35039,3.20,3.20
2011.03.02 22:03:43.266,1.34883,1.35039,2.71,2.71
2011.03.02 22:03:45.025,1.34883,1.35039,3.20,3.20
2011.03.02 22:03:45.667,1.34883,1.35039,2.71,2.71
2011.03.02 22:03:46.639,1.34883,1.35039,2.71,2.71
2011.03.02 22:03:50.571,1.34883,1.35039,2.71,2.71
2011.03.02 22:03:50.678,1.34883,1.35039,3.20,3.20
2011.03.02 22:03:51.151,1.34883,1.35039,3.20,3.20
2011.03.02 22:03:51.587,1.34882,1.3504,3.20,3.20
2011.03.02 22:03:53.140,1.34882,1.3504,2.71,2.71
2011.03.02 22:03:55.559,1.34877,1.35035,3.20,3.20
2011.03.02 22:03:56.493,1.34877,1.35035,3.20,3.20
2011.03.02 22:03:58.473,1.34877,1.35035,2.71,2.71
2011.03.02 22:03:59.740,1.34877,1.35035,2.71,2.71
2011.03.02 22:03:59.847,1.34881,1.35039,3.20,3.20
2011.03.02 22:04:00.941,1.34881,1.35039,2.71,2.71
2011.03.02 22:04:01.297,1.34869,1.35025,3.20,2.10
2011.03.02 22:04:01.917,1.34869,1.35025,2.71,1.88
2011.03.02 22:04:02.272,1.34863,1.35021,2.71,1.80
2011.03.02 22:04:02.378,1.34863,1.35021,3.20,1.95
2011.03.02 22:04:03.647,1.34863,1.35021,3.20,2.10
2011.03.02 22:04:04.599,1.34863,1.35021,3.20,2.10
2011.03.02 22:04:05.589,1.34863,1.35021,3.20,2.25
2011.03.02 22:04:06.580,1.34863,1.35021,3.20,2.25
2011.03.02 22:04:07.268,1.34863,1.35021,3.20,2.25
2011.03.02 22:04:08.422,1.34863,1.35021,2.71,1.95
2011.03.02 22:04:09.569,1.34863,1.35021,3.20,2.25
2011.03.02 22:04:10.368,1.34863,1.35021,3.20,3.20
2011.03.02 22:04:11.802,1.34934,1.35004,1.50,1.05
2011.03.02 22:04:12.178,1.34934,1.35004,1.50,1.13
2011.03.02 22:04:13.581,1.34954,1.35004,1.50,1.50
2011.03.02 22:04:14.171,1.34954,1.35004,1.50,1.50
2011.03.02 22:04:14.388,1.34946,1.34994,1.50,1.50
2011.03.02 22:04:14.498,1.34946,1.34994,1.50,1.05
2011.03.02 22:04:14.946,1.34946,1.34994,1.50,1.20
2011.03.02 22:04:15.170,1.34946,1.34994,1.50,1.35
2011.03.02 22:04:15.341,1.34946,1.34997,1.50,1.05
2011.03.02 22:04:15.558,1.34946,1.34994,1.50,1.20
2011.03.02 22:04:15.957,1.34946,1.34994,1.50,1.20
2011.03.02 22:04:18.523,1.34946,1.34994,1.50,1.20
2011.03.02 22:04:20.038,1.34946,1.35012,1.50,1.05
2011.03.02 22:04:20.148,1.34946,1.35005,1.50,1.05
2011.03.02 22:04:20.258,1.34946,1.35009,1.50,1.05
2011.03.02 22:04:38.068,1.34946,1.35015,1.50,1.05
2011.03.02 22:04:53.719,1.34945,1.35007,1.50,1.05
2011.03.02 22:04:56.974,1.34945,1.35008,1.50,1.05
2011.03.02 22:04:58.518,1.34945,1.35017,1.50,1.05
2011.03.02 22:05:00.461,1.34945,1.35003,1.50,1.20
2011.03.02 22:05:01.078,1.34946,1.34997,1.50,1.05
2011.03.02 22:05:03.139,1.34946,1.34998,1.50,1.05
2011.03.02 22:05:03.688,1.34945,1.34994,1.50,1.20
2011.03.02 22:05:04.019,1.34945,1.35006,1.50,1.05
2011.03.02 22:05:05.374,1.34945,1.34998,1.50,1.05
2011.03.02 22:05:06.328,1.34945,1.35,1.50,1.05
2011.03.02 22:05:06.439,1.34945,1.34993,1.50,1.05
2011.03.02 22:05:06.548,1.34945,1.34993,1.50,1.05
2011.03.02 22:05:07.429,1.34946,1.34995,1.50,1.05
2011.03.02 22:05:07.758,1.34946,1.35014,1.50,2.63
2011.03.02 22:05:07.868,1.34946,1.34993,1.50,1.65
2011.03.02 22:05:08.198,1.34928,1.34993,1.50,2.40
2011.03.02 22:05:11.137,1.34931,1.34993,1.50,2.55
2011.03.02 22:05:11.249,1.34932,1.34997,1.50,2.55
2011.03.02 22:05:14.019,1.34938,1.34997,1.50,2.40
2011.03.02 22:05:14.128,1.34938,1.34983,1.50,1.65
2011.03.02 22:05:14.239,1.34934,1.34983,1.50,1.65
2011.03.02 22:05:16.358,1.34928,1.34983,1.50,1.65
2011.03.02 22:05:16.468,1.34927,1.34977,1.50,1.65
2011.03.02 22:05:18.068,1.34927,1.34977,1.50,1.65
2011.03.02 22:05:27.539,1.34928,1.3497,1.50,1.65
2011.03.02 22:05:27.868,1.3492,1.3497,1.50,2.40
2011.03.02 22:05:30.048,1.3492,1.34962,1.50,1.65
2011.03.02 22:05:30.268,1.34907,1.34962,1.50,2.40
2011.03.02 22:05:47.702,1.34909,1.34963,1.50,2.40
2011.03.02 22:05:48.176,1.34911,1.34963,1.50,2.40
2011.03.02 22:05:54.069,1.34911,1.34959,1.50,1.20
2011.03.02 22:05:54.179,1.34908,1.34955,1.50,1.05
2011.03.02 22:05:58.229,1.34908,1.3497,1.50,2.55
2011.03.02 22:06:07.679,1.34916,1.34975,1.50,2.55
2011.03.02 22:06:10.619,1.34916,1.3497,1.50,2.55
2011.03.02 22:06:12.210,1.34916,1.34968,1.50,1.05
2011.03.02 22:06:15.660,1.34916,1.34965,1.50,1.05
2011.03.02 22:06:21.388,1.34916,1.3497,1.50,2.55
2011.03.02 22:06:27.719,1.34916,1.34965,1.50,1.05
2011.03.02 22:06:32.862,1.34916,1.34967,1.50,1.05
2011.03.02 22:06:33.603,1.34916,1.34966,1.50,1.05
2011.03.02 22:06:34.519,1.34916,1.34967,1.50,1.05
2011.03.02 22:06:35.660,1.34916,1.34974,1.50,1.17
2011.03.02 22:06:36.651,1.34916,1.34974,1.50,1.17
2011.03.02 22:06:37.600,1.34916,1.34968,1.50,1.05
2011.03.02 22:06:38.771,1.34916,1.34969,1.50,1.05
2011.03.02 22:06:39.319,1.34916,1.34971,1.50,1.05
2011.03.02 22:06:39.538,1.34916,1.34966,1.50,1.05
2011.03.02 22:06:39.649,1.34914,1.34966,1.50,1.05
2011.03.02 22:06:41.071,1.34914,1.34964,1.50,1.05
2011.03.02 22:06:42.270,1.34914,1.34963,1.50,1.05
2011.03.02 22:06:42.380,1.34914,1.34969,1.50,2.55
2011.03.02 22:06:42.489,1.34916,1.34969,1.50,2.55
2011.03.02 22:06:42.600,1.34916,1.34973,1.50,1.05
2011.03.02 22:06:46.531,1.34916,1.34974,1.50,2.82
2011.03.02 22:06:47.590,1.34916,1.34974,1.50,2.74
2011.03.02 22:06:49.369,1.34916,1.34966,1.50,1.05
2011.03.02 22:06:49.479,1.34915,1.34966,1.50,1.05
2011.03.02 22:06:50.583,1.34914,1.34974,1.50,2.82
2011.03.02 22:06:52.092,1.34914,1.34964,1.50,1.05
2011.03.02 22:06:53.859,1.34914,1.34964,1.50,1.05
2011.03.02 22:06:53.969,1.34909,1.34957,1.50,1.05
2011.03.02 22:06:55.134,1.34909,1.34957,1.50,1.05
2011.03.02 22:06:55.240,1.34909,1.34965,1.50,2.55
2011.03.02 22:07:03.469,1.34911,1.34964,1.50,1.05
2011.03.02 22:07:03.579,1.34912,1.34964,1.50,1.05
2011.03.02 22:07:04.351,1.34912,1.34968,1.50,2.63
2011.03.02 22:07:14.729,1.34912,1.34967,1.50,1.05
2011.03.02 22:07:16.089,1.34916,1.34967,1.50,1.05
2011.03.02 22:07:16.309,1.34916,1.34971,1.50,1.05
2011.03.02 22:07:16.999,1.34926,1.34974,1.50,1.05
2011.03.02 22:07:17.108,1.34926,1.34976,1.50,1.05
2011.03.02 22:07:17.438,1.3492,1.34976,1.50,1.05
2011.03.02 22:07:18.279,1.3492,1.3498,1.50,1.05
2011.03.02 22:07:18.499,1.34913,1.34973,1.69,1.05
2011.03.02 22:07:21.429,1.34913,1.34965,1.50,1.05
2011.03.02 22:07:21.539,1.34907,1.34965,1.50,1.05
2011.03.02 22:07:21.869,1.34905,1.34956,1.50,1.05
2011.03.02 22:07:22.556,1.34904,1.34956,1.50,1.05
2011.03.02 22:07:23.279,1.34904,1.34965,1.50,1.05
2011.03.02 22:07:23.500,1.3491,1.34961,1.50,1.05
2011.03.02 22:07:23.828,1.3491,1.34966,1.50,1.17
2011.03.02 22:07:24.810,1.34916,1.34964,1.50,1.05
2011.03.02 22:07:24.919,1.34919,1.34969,1.50,1.20
2011.03.02 22:07:25.029,1.34919,1.34969,1.50,1.05
2011.03.02 22:07:25.451,1.34919,1.34969,1.50,1.35
2011.03.02 22:07:25.559,1.34917,1.34965,1.50,1.20
2011.03.02 22:07:25.669,1.34917,1.34976,1.50,1.05
2011.03.02 22:07:27.463,1.34917,1.34965,1.50,1.05
2011.03.02 22:07:27.790,1.34917,1.34976,1.50,1.05
2011.03.02 22:07:27.899,1.34917,1.34969,1.50,1.05
2011.03.02 22:07:28.259,1.34917,1.34965,1.50,1.20
2011.03.02 22:07:28.377,1.34917,1.34965,1.50,1.05
2011.03.02 22:07:28.930,1.34917,1.34968,1.50,1.05
2011.03.02 22:07:29.205,1.34917,1.34965,1.50,1.05
2011.03.02 22:07:29.979,1.34917,1.3497,1.50,1.05
2011.03.02 22:07:30.089,1.34917,1.34973,1.50,1.05
2011.03.02 22:07:30.198,1.34911,1.34973,1.69,1.05
2011.03.02 22:07:31.529,1.34911,1.34975,1.69,1.05
2011.03.02 22:07:31.639,1.34912,1.34975,1.69,1.05
2011.03.02 22:07:32.371,1.34917,1.34977,1.50,1.05
2011.03.02 22:07:32.789,1.34917,1.3497,1.50,1.05
2011.03.02 22:07:32.899,1.34917,1.34967,1.50,1.20
2011.03.02 22:07:33.310,1.34917,1.34967,1.50,1.20
2011.03.02 22:07:34.055,1.34917,1.34967,1.50,1.20
2011.03.02 22:07:34.162,1.34917,1.34974,1.50,1.05
2011.03.02 22:07:35.560,1.34917,1.34967,1.50,1.20
2011.03.02 22:07:36.611,1.34917,1.34973,1.50,1.05
2011.03.02 22:07:39.630,1.34917,1.34967,1.50,1.05
2011.03.02 22:07:40.561,1.34917,1.34967,1.50,1.20
2011.03.02 22:07:44.540,1.34917,1.34967,1.50,1.05
2011.03.02 22:07:53.160,1.34917,1.34967,1.50,1.05
2011.03.02 22:07:59.480,1.34921,1.34971,1.50,1.35
2011.03.02 22:07:59.589,1.34921,1.34971,1.50,1.20
2011.03.02 22:08:07.585,1.34921,1.34971,1.50,1.20
2011.03.02 22:08:10.129,1.34921,1.34981,1.50,1.17
2011.03.02 22:08:10.680,1.34921,1.34976,1.50,1.05
2011.03.02 22:08:11.645,1.34924,1.34976,1.50,1.05
2011.03.02 22:08:12.450,1.34926,1.34976,1.50,1.05
2011.03.02 22:08:14.600,1.34926,1.34981,1.50,1.17
2011.03.02 22:08:16.080,1.34926,1.34982,1.50,1.05
2011.03.02 22:08:16.869,1.34926,1.34988,1.50,1.05
2011.03.02 22:08:18.379,1.34926,1.34988,1.50,1.05
2011.03.02 22:08:18.490,1.34926,1.34976,1.50,1.05
2011.03.02 22:08:18.690,1.34926,1.34986,1.65,1.05
2011.03.02 22:08:19.045,1.34931,1.34987,1.50,1.05
2011.03.02 22:08:19.519,1.34929,1.34978,1.50,1.05
2011.03.02 22:08:20.799,1.34928,1.34984,1.50,1.05
2011.03.02 22:08:21.693,1.34928,1.34975,1.50,1.05
2011.03.02 22:08:21.909,1.34925,1.34979,1.50,1.05
2011.03.02 22:08:23.953,1.34912,1.34979,1.02,1.05
2011.03.02 22:08:24.059,1.34911,1.34973,1.58,1.09
2011.03.02 22:08:24.389,1.34911,1.3496,1.50,1.05
2011.03.02 22:08:25.772,1.34911,1.34966,1.50,1.05
2011.03.02 22:08:29.109,1.34911,1.3496,1.50,1.05
2011.03.02 22:08:29.219,1.34911,1.3496,1.50,1.05
2011.03.02 22:08:34.653,1.34911,1.34965,1.50,1.05
2011.03.02 22:08:34.954,1.34911,1.3496,1.50,1.05
2011.03.02 22:08:35.059,1.34907,1.3496,1.50,1.24
2011.03.02 22:08:35.279,1.34905,1.34957,1.50,1.05
2011.03.02 22:08:35.546,1.34905,1.34955,1.50,1.20
2011.03.02 22:08:35.724,1.34905,1.34957,1.50,1.05
2011.03.02 22:08:37.537,1.34905,1.3496,1.50,1.17
2011.03.02 22:08:37.653,1.34914,1.34986,1.50,2.63
2011.03.02 22:08:40.269,1.3492,1.34982,1.50,1.05
2011.03.02 22:08:42.399,1.3492,1.34981,1.50,1.05
2011.03.02 22:08:43.154,1.3492,1.34979,1.50,2.63
2011.03.02 22:08:44.603,1.3492,1.34967,1.50,1.05
2011.03.02 22:08:44.709,1.3492,1.34979,1.50,2.82
2011.03.02 22:08:44.925,1.3492,1.34967,1.50,1.05
2011.03.02 22:08:47.172,1.3492,1.34978,1.50,1.05
2011.03.02 22:08:50.720,1.3492,1.3497,1.50,1.05
2011.03.02 22:08:51.703,1.3492,1.34979,1.50,1.17
2011.03.02 22:08:51.920,1.34914,1.34979,1.58,1.17
2011.03.02 22:08:52.174,1.34914,1.34964,1.50,1.05
2011.03.02 22:08:53.980,1.34914,1.34963,1.50,1.05
2011.03.02 22:08:54.926,1.34914,1.34973,1.50,2.63
2011.03.02 22:08:57.221,1.34914,1.34961,1.50,1.24
2011.03.02 22:08:57.505,1.34908,1.3496,1.50,1.09
2011.03.02 22:08:58.661,1.34908,1.3496,1.50,1.02
2011.03.02 22:09:00.910,1.34908,1.34959,1.50,1.05
2011.03.02 22:09:01.020,1.34904,1.34959,1.50,1.05
2011.03.02 22:09:01.130,1.34901,1.34959,1.50,1.05
2011.03.02 22:09:03.481,1.34901,1.34949,1.50,1.65
2011.03.02 22:09:03.700,1.34894,1.34949,1.50,2.55
2011.03.02 22:09:05.290,1.34894,1.34946,1.50,1.05
2011.03.02 22:09:05.620,1.34894,1.34946,1.50,1.05
2011.03.02 22:09:05.730,1.34898,1.34955,1.50,1.17
2011.03.02 22:09:06.190,1.34898,1.34946,1.50,1.05
2011.03.02 22:09:06.300,1.34898,1.34948,1.50,1.05
2011.03.02 22:09:06.530,1.34898,1.34955,1.50,1.24
2011.03.02 22:09:06.751,1.34899,1.34953,1.50,1.80
2011.03.02 22:09:07.464,1.34905,1.34953,1.50,1.80
2011.03.02 22:09:07.659,1.34905,1.34953,1.50,1.95
2011.03.02 22:09:08.781,1.34901,1.34949,1.50,2.85
2011.03.02 22:09:09.715,1.34901,1.34949,1.50,2.85
2011.03.02 22:09:10.489,1.34901,1.34949,1.50,2.70
2011.03.02 22:09:10.710,1.34899,1.34942,1.50,1.80
2011.03.02 22:09:10.820,1.34898,1.34942,1.50,1.80
2011.03.02 22:09:11.600,1.34898,1.34942,1.50,1.99
2011.03.02 22:09:11.711,1.34886,1.3494,1.50,1.09
2011.03.02 22:09:12.070,1.34886,1.34938,1.50,2.63
2011.03.02 22:09:12.181,1.34886,1.34939,1.50,1.09
2011.03.02 22:09:12.291,1.34893,1.34946,1.50,2.63
2011.03.02 22:09:12.400,1.34893,1.34944,1.50,1.05
2011.03.02 22:09:12.620,1.34893,1.34946,1.50,2.55
2011.03.02 22:09:12.731,1.349,1.34946,1.50,1.80
2011.03.02 22:09:14.721,1.349,1.34953,1.50,2.29
2011.03.02 22:09:15.502,1.349,1.34953,1.50,2.07
2011.03.02 22:09:15.863,1.349,1.34953,1.50,2.29
2011.03.02 22:09:16.754,1.349,1.34953,1.50,2.29
2011.03.02 22:09:17.060,1.34908,1.34953,1.50,2.29
2011.03.02 22:09:17.441,1.34908,1.34953,1.50,2.44
2011.03.02 22:09:18.473,1.34908,1.34953,1.50,2.14
2011.03.02 22:09:19.572,1.34908,1.34953,1.50,2.44
2011.03.02 22:09:20.453,1.34908,1.34953,1.50,2.44
2011.03.02 22:09:20.910,1.34908,1.34953,1.50,2.29
2011.03.02 22:09:21.240,1.34907,1.34958,1.50,2.10
2011.03.02 22:09:22.573,1.34907,1.34958,1.50,1.88
2011.03.02 22:09:23.606,1.34907,1.34958,1.50,1.88
2011.03.02 22:09:24.741,1.34907,1.34958,1.50,2.10
2011.03.02 22:09:25.751,1.34907,1.34958,1.50,1.88
2011.03.02 22:09:25.860,1.34907,1.3496,1.50,1.24
2011.03.02 22:09:26.664,1.34912,1.34959,1.50,1.20
2011.03.02 22:09:29.230,1.34906,1.34953,1.50,1.35
2011.03.02 22:09:29.450,1.34906,1.34953,1.50,1.35
2011.03.02 22:09:29.774,1.34906,1.34953,1.50,1.05
2011.03.02 22:09:29.921,1.34906,1.34953,1.50,1.05
2011.03.02 22:09:30.903,1.34906,1.34953,1.50,1.05
2011.03.02 22:09:31.083,1.34906,1.34953,1.50,1.50
2011.03.02 22:09:36.412,1.34906,1.34953,1.50,1.05
2011.03.02 22:09:38.251,1.34906,1.34953,1.50,1.05
2011.03.02 22:09:38.360,1.34906,1.34958,1.50,2.63
2011.03.02 22:09:38.470,1.34909,1.34958,1.50,2.63
2011.03.02 22:09:44.270,1.34909,1.34957,1.50,1.05
2011.03.02 22:09:44.380,1.34909,1.34958,1.50,2.63
2011.03.02 22:09:44.492,1.34904,1.34954,1.50,1.05
2011.03.02 22:09:45.652,1.34904,1.34951,1.50,1.80
2011.03.02 22:09:46.580,1.34904,1.34951,1.50,1.95
2011.03.02 22:09:47.632,1.34904,1.34951,1.50,1.95
2011.03.02 22:09:49.900,1.34904,1.34951,1.50,1.95
2011.03.02 22:09:50.260,1.34904,1.34951,1.50,1.95
2011.03.02 22:09:52.403,1.34904,1.34951,1.50,2.10
2011.03.02 22:09:53.029,1.34904,1.34951,1.50,2.10
2011.03.02 22:09:53.359,1.34901,1.34951,1.50,3.00
2011.03.02 22:09:58.490,1.34901,1.34951,1.50,2.85
2011.03.02 22:10:01.970,1.34901,1.34951,1.50,3.00
2011.03.02 22:10:03.670,1.34899,1.3495,1.50,1.35
2011.03.02 22:10:03.780,1.34899,1.3495,1.50,1.05
2011.03.02 22:10:04.000,1.34898,1.34948,1.50,1.20
2011.03.02 22:10:04.500,1.34898,1.34951,1.50,2.63
2011.03.02 22:10:05.283,1.34898,1.34948,1.50,1.20
2011.03.02 22:10:05.971,1.34898,1.34948,1.50,1.05
2011.03.02 22:10:06.340,1.34898,1.34949,1.50,1.05
2011.03.02 22:10:06.450,1.34898,1.34948,1.50,1.05
2011.03.02 22:10:07.482,1.34898,1.34948,1.50,1.20
2011.03.02 22:10:14.682,1.34898,1.34948,1.50,1.05
2011.03.02 22:10:15.017,1.34898,1.34948,1.50,1.05
2011.03.02 22:10:17.883,1.34904,1.34952,1.50,2.63
2011.03.02 22:10:26.509,1.34904,1.34951,1.50,1.20
2011.03.02 22:10:28.333,1.34904,1.34958,1.50,2.82
2011.03.02 22:10:31.748,1.34904,1.34958,1.50,2.82
2011.03.02 22:10:32.332,1.34904,1.34954,1.50,1.05
2011.03.02 22:10:37.640,1.34904,1.34955,1.50,1.05
2011.03.02 22:10:39.371,1.34904,1.34954,1.50,1.05
2011.03.02 22:10:39.740,1.34904,1.34951,1.50,1.35
2011.03.02 22:10:39.850,1.34899,1.34949,1.50,1.20
2011.03.02 22:10:40.386,1.34899,1.34949,1.50,1.20
2011.03.02 22:10:40.633,1.34899,1.3495,1.50,1.05
2011.03.02 22:10:44.080,1.34893,1.34943,1.50,2.55
2011.03.02 22:10:44.300,1.34893,1.34943,1.50,2.55
2011.03.02 22:10:44.410,1.34893,1.34941,1.50,1.35
2011.03.02 22:10:44.851,1.34893,1.34942,1.50,1.05
2011.03.02 22:10:45.180,1.34901,1.34952,1.50,1.05
2011.03.02 22:10:45.833,1.34901,1.3495,1.50,1.20
2011.03.02 22:10:46.663,1.34901,1.3495,1.50,1.35
2011.03.02 22:10:47.001,1.34896,1.34947,1.50,1.05
2011.03.02 22:10:47.111,1.34889,1.34937,1.50,1.05
2011.03.02 22:10:47.221,1.34889,1.34937,1.50,1.05
2011.03.02 22:10:47.440,1.34889,1.34937,1.50,1.05
2011.03.02 22:10:47.990,1.34889,1.34947,1.50,2.63
2011.03.02 22:10:58.530,1.34889,1.34941,1.50,1.05
2011.03.02 22:10:59.042,1.34892,1.34942,1.50,1.20
2011.03.02 22:11:01.360,1.34892,1.34942,1.50,1.05
2011.03.02 22:11:01.580,1.34897,1.34945,1.50,1.05
2011.03.02 22:11:02.129,1.34897,1.34945,1.50,1.05
2011.03.02 22:11:02.460,1.349,1.34948,1.50,1.05
2011.03.02 22:11:06.020,1.349,1.34948,1.50,1.20
2011.03.02 22:11:07.216,1.349,1.34948,1.50,1.05
2011.03.02 22:11:11.740,1.349,1.34948,1.50,1.20
2011.03.02 22:11:20.821,1.349,1.34953,1.50,2.70
2011.03.02 22:11:23.420,1.349,1.34948,1.50,2.70
2011.03.02 22:11:32.390,1.349,1.34948,1.50,2.85
2011.03.02 22:11:34.203,1.349,1.34948,1.50,2.55
2011.03.02 22:11:49.288,1.349,1.34948,1.50,2.63
2011.03.02 22:11:57.040,1.34899,1.34948,1.50,1.88
2011.03.02 22:12:03.911,1.34899,1.34948,1.50,2.10
2011.03.02 22:12:06.780,1.34899,1.34948,1.50,1.95
2011.03.02 22:12:06.892,1.34899,1.34949,1.50,1.20
2011.03.02 22:12:07.000,1.34899,1.34949,1.50,1.20
2011.03.02 22:12:08.680,1.34899,1.34949,1.50,1.20
2011.03.02 22:12:12.588,1.34899,1.34953,1.50,2.70
2011.03.02 22:12:13.332,1.34899,1.34949,1.50,1.20
2011.03.02 22:12:15.882,1.34899,1.34949,1.50,1.20
2011.03.02 22:12:17.181,1.34899,1.34949,1.50,1.20
2011.03.02 22:12:17.290,1.34899,1.34949,1.50,1.20
2011.03.02 22:12:18.561,1.34899,1.34949,1.50,1.20
2011.03.02 22:12:19.141,1.34899,1.34949,1.50,1.20
2011.03.02 22:12:20.410,1.34899,1.34949,1.50,1.20
2011.03.02 22:12:22.113,1.34899,1.34949,1.50,1.20
2011.03.02 22:12:24.061,1.34899,1.34949,1.50,1.05
2011.03.02 22:12:24.170,1.34898,1.34949,1.50,1.05
2011.03.02 22:12:24.842,1.34896,1.34949,1.50,1.05
2011.03.02 22:12:24.961,1.34896,1.34949,1.69,1.05
2011.03.02 22:12:25.071,1.34897,1.34951,1.69,1.05
2011.03.02 22:12:25.821,1.34897,1.34949,1.69,1.05
2011.03.02 22:12:27.593,1.34897,1.34949,1.69,1.05
2011.03.02 22:12:28.121,1.34897,1.34949,1.69,1.05
2011.03.02 22:12:28.711,1.34897,1.34954,1.69,1.05
2011.03.02 22:12:30.173,1.34897,1.34949,1.69,1.05
2011.03.02 22:12:30.956,1.34897,1.34949,1.69,1.20
2011.03.02 22:12:33.594,1.34897,1.34949,1.69,1.20
2011.03.02 22:12:40.132,1.34897,1.34949,1.69,1.20
2011.03.02 22:12:40.803,1.34897,1.34949,1.69,1.20
2011.03.02 22:12:41.608,1.34897,1.34955,1.69,1.05
2011.03.02 22:12:48.101,1.34897,1.34949,1.50,1.05
2011.03.02 22:12:48.650,1.34897,1.34955,1.50,1.05
2011.03.02 22:12:49.644,1.34897,1.34954,1.50,1.05
2011.03.02 22:12:51.551,1.34893,1.34945,1.50,1.05
2011.03.02 22:12:52.603,1.34893,1.34945,1.50,1.05
2011.03.02 22:12:53.581,1.34893,1.34945,1.50,1.05
2011.03.02 22:12:55.261,1.34893,1.34942,1.50,1.05
2011.03.02 22:12:58.492,1.34893,1.34944,1.50,1.05
2011.03.02 22:13:01.122,1.34893,1.34942,1.50,1.05
2011.03.02 22:13:01.453,1.34891,1.34937,1.50,1.05
2011.03.02 22:13:02.061,1.34891,1.34938,1.50,1.05
2011.03.02 22:13:02.281,1.34891,1.34937,1.50,1.20
2011.03.02 22:13:02.501,1.34885,1.34943,1.50,1.05
2011.03.02 22:13:03.432,1.34885,1.34944,1.50,1.05
2011.03.02 22:13:05.281,1.34885,1.34931,1.50,1.65
2011.03.02 22:13:05.501,1.34881,1.34931,1.50,2.55
2011.03.02 22:13:06.622,1.34881,1.34931,1.50,2.55
2011.03.02 22:13:07.642,1.34881,1.34931,1.50,2.48
2011.03.02 22:13:08.643,1.34881,1.34931,1.50,2.55
2011.03.02 22:13:10.680,1.34881,1.34931,1.50,2.70
2011.03.02 22:13:11.700,1.34881,1.34931,1.50,2.70
2011.03.02 22:13:12.593,1.34881,1.34931,1.50,2.85
2011.03.02 22:13:14.572,1.34881,1.34931,1.50,2.55
2011.03.02 22:13:16.561,1.34881,1.34931,1.50,2.85
2011.03.02 22:13:19.156,1.34881,1.34931,1.50,2.63
2011.03.02 22:13:21.571,1.34881,1.34931,1.50,2.85
2011.03.02 22:13:22.577,1.34881,1.34931,1.50,2.85
2011.03.02 22:13:28.831,1.34881,1.34923,1.50,1.05
2011.03.02 22:13:32.601,1.34881,1.34931,1.50,3.30
2011.03.02 22:13:32.712,1.34881,1.34931,1.50,1.58
2011.03.02 22:13:33.267,1.3488,1.34931,1.50,1.65
2011.03.02 22:13:33.873,1.34877,1.34926,1.50,1.58
2011.03.02 22:14:06.551,1.34877,1.34926,1.50,1.65
2011.03.02 22:14:06.971,1.34873,1.34921,2.25,1.73
2011.03.02 22:14:23.851,1.34875,1.34921,1.50,1.58
2011.03.02 22:14:24.181,1.34878,1.34926,1.50,1.65
2011.03.02 22:14:25.572,1.34878,1.34926,1.50,1.73
2011.03.02 22:14:25.791,1.34874,1.34923,1.50,1.73
2011.03.02 22:14:32.370,1.34872,1.34923,1.50,1.65
2011.03.02 22:14:32.480,1.34871,1.34918,1.50,1.58
2011.03.02 22:15:03.192,1.34872,1.34921,1.50,1.65
2011.03.02 22:15:03.733,1.34872,1.34921,2.25,1.50
2011.03.02 22:15:04.061,1.34872,1.34917,1.50,1.50
2011.03.02 22:15:19.942,1.34872,1.34917,1.50,1.50
2011.03.02 22:15:21.572,1.34874,1.34921,2.25,1.65
2011.03.02 22:15:24.441,1.34874,1.34921,1.50,1.50
2011.03.02 22:15:24.552,1.34866,1.34913,1.50,1.50
2011.03.02 22:15:24.773,1.34856,1.34904,1.50,1.50
2011.03.02 22:15:24.992,1.34852,1.34905,1.50,1.50
2011.03.02 22:15:25.212,1.34854,1.34905,1.50,1.50
2011.03.02 22:15:25.763,1.34857,1.34905,1.50,1.50
2011.03.02 22:15:27.021,1.34858,1.34905,1.50,1.50
2011.03.02 22:15:27.350,1.34866,1.34905,1.50,1.50
2011.03.02 22:15:27.571,1.34866,1.34914,1.50,1.50
2011.03.02 22:15:29.352,1.34864,1.34919,1.69,1.50
2011.03.02 22:15:29.681,1.34861,1.34908,1.84,1.50
2011.03.02 22:15:30.343,1.34861,1.34908,1.69,1.50
2011.03.02 22:15:30.812,1.34865,1.34911,1.69,1.50
2011.03.02 22:15:32.532,1.34864,1.34911,1.69,1.50
2011.03.02 22:15:33.192,1.34858,1.34906,1.50,1.50
2011.03.02 22:15:33.412,1.34858,1.34906,1.50,1.50
2011.03.02 22:15:33.742,1.3486,1.34906,1.50,1.50
2011.03.02 22:15:34.432,1.34874,1.34917,1.50,1.09
2011.03.02 22:15:36.132,1.34873,1.3492,1.50,1.65
2011.03.02 22:15:36.242,1.34863,1.3491,1.69,1.50
2011.03.02 22:15:36.352,1.34865,1.3491,1.50,1.50
2011.03.02 22:15:36.681,1.34852,1.34904,1.50,1.50
2011.03.02 22:15:40.432,1.34852,1.349,1.50,1.50
2011.03.02 22:15:42.393,1.34855,1.34906,1.50,1.58
2011.03.02 22:15:42.504,1.34847,1.34896,2.25,1.50
2011.03.02 22:15:42.612,1.3485,1.34896,1.50,1.50
2011.03.02 22:15:42.833,1.3485,1.34896,1.50,1.50
2011.03.02 22:15:43.052,1.34849,1.34891,1.50,1.50
2011.03.02 22:15:43.161,1.34844,1.34891,1.50,1.50
2011.03.02 22:15:43.273,1.34844,1.34894,1.50,1.50
2011.03.02 22:15:43.600,1.34848,1.34899,1.50,3.42
2011.03.02 22:15:45.353,1.34858,1.34902,1.50,2.40
2011.03.02 22:15:45.573,1.34859,1.3491,1.50,1.65
2011.03.02 22:15:46.012,1.34857,1.3491,2.25,1.65
2011.03.02 22:15:47.771,1.34859,1.3491,1.50,1.65
2011.03.02 22:15:48.511,1.34859,1.3491,2.25,1.65
2011.03.02 22:15:49.111,1.34859,1.34909,2.25,1.58
2011.03.02 22:15:49.442,1.34858,1.34905,1.50,1.65
2011.03.02 22:15:49.882,1.34857,1.34905,1.50,1.58
2011.03.02 22:15:50.400,1.34855,1.34901,2.25,1.50
2011.03.02 22:15:51.953,1.34855,1.34901,1.50,1.50
2011.03.02 22:15:53.972,1.34855,1.34901,1.50,1.58
2011.03.02 22:15:54.192,1.34855,1.34901,1.50,1.50
2011.03.02 22:15:54.301,1.34859,1.34907,1.50,1.58
2011.03.02 22:15:56.231,1.34855,1.34905,2.25,1.58
2011.03.02 22:16:16.682,1.34857,1.34905,1.50,1.50
2011.03.02 22:16:16.902,1.34857,1.34905,1.50,1.50
2011.03.02 22:16:17.121,1.34857,1.34905,1.50,1.50
2011.03.02 22:16:33.207,1.34857,1.34905,1.50,1.65
2011.03.02 22:16:34.082,1.34857,1.34905,1.50,1.65
2011.03.02 22:16:36.052,1.34857,1.34905,1.50,1.50
2011.03.02 22:16:36.381,1.34857,1.34905,1.50,1.50
2011.03.02 22:16:37.302,1.34857,1.34905,1.50,1.50
2011.03.02 22:16:37.521,1.34857,1.34905,1.50,1.58
2011.03.02 22:16:43.437,1.34857,1.34903,1.50,1.58
2011.03.02 22:16:43.981,1.34857,1.34906,1.50,1.58
2011.03.02 22:16:44.903,1.34857,1.34906,1.50,1.58
2011.03.02 22:16:45.012,1.34857,1.34902,1.50,1.50
2011.03.02 22:16:47.396,1.34858,1.34907,1.50,1.65
2011.03.02 22:16:58.184,1.34847,1.34895,1.50,1.50
2011.03.02 22:16:58.292,1.34849,1.34895,1.50,1.50
2011.03.02 22:16:58.622,1.34838,1.34887,1.50,1.50
2011.03.02 22:16:58.733,1.34838,1.34887,1.50,1.50
2011.03.02 22:16:59.612,1.34836,1.34884,1.50,1.50
2011.03.02 22:16:59.722,1.34836,1.34884,1.50,1.50
2011.03.02 22:17:00.051,1.34835,1.34879,1.50,1.50
2011.03.02 22:17:02.883,1.34818,1.34872,2.44,1.50
2011.03.02 22:17:03.571,1.34818,1.34867,1.69,1.50
2011.03.02 22:17:03.902,1.34819,1.3487,1.69,1.50
2011.03.02 22:17:06.463,1.34819,1.3487,1.69,1.50
2011.03.02 22:17:06.972,1.34824,1.34874,1.69,1.50
2011.03.02 22:17:07.232,1.34824,1.34874,1.69,1.50
2011.03.02 22:17:07.452,1.34822,1.34874,1.69,1.50
2011.03.02 22:17:09.561,1.34827,1.34879,1.69,1.50
2011.03.02 22:17:09.781,1.34827,1.34882,1.69,1.50
2011.03.02 22:17:11.925,1.34829,1.34881,1.50,1.50
2011.03.02 22:17:12.474,1.34818,1.34867,1.69,1.50
2011.03.02 22:17:14.053,1.34828,1.3488,1.69,1.50
2011.03.02 22:17:14.273,1.34837,1.34882,1.50,1.50
2011.03.02 22:17:20.177,1.34837,1.34893,1.50,1.65
2011.03.02 22:17:20.502,1.34848,1.34895,1.50,1.50
2011.03.02 22:17:20.831,1.34849,1.34901,1.50,1.50
2011.03.02 22:17:22.873,1.34849,1.34901,1.50,1.50
2011.03.02 22:17:23.313,1.34846,1.34897,1.50,1.50
2011.03.02 22:17:23.423,1.34847,1.34897,1.50,1.65
2011.03.02 22:17:23.972,1.34837,1.34885,1.50,1.50
2011.03.02 22:17:24.302,1.3483,1.34881,1.69,1.50
2011.03.02 22:17:27.951,1.3483,1.34888,1.69,1.50
2011.03.02 22:17:28.282,1.34846,1.34896,1.69,1.50
2011.03.02 22:17:30.563,1.34839,1.34889,3.00,1.50
2011.03.02 22:17:30.673,1.34835,1.34886,1.69,1.50
2011.03.02 22:17:31.001,1.34835,1.34882,1.69,1.50
2011.03.02 22:17:33.781,1.34835,1.34884,1.69,1.50
2011.03.02 22:17:34.111,1.34841,1.34887,1.50,1.50
2011.03.02 22:17:51.963,1.34845,1.34893,1.69,1.50
2011.03.02 22:17:52.181,1.34849,1.34895,1.50,1.50
2011.03.02 22:18:06.881,1.34849,1.34895,1.50,1.50
2011.03.02 22:18:09.732,1.34837,1.34892,1.69,1.50
2011.03.02 22:18:24.522,1.34836,1.34887,1.50,1.50
2011.03.02 22:18:24.994,1.34834,1.34884,1.69,1.50
2011.03.02 22:18:25.972,1.34834,1.34894,1.69,1.50
2011.03.02 22:18:33.421,1.34834,1.34891,1.69,1.50
2011.03.02 22:18:36.146,1.34834,1.34893,1.69,1.50
2011.03.02 22:18:36.473,1.34833,1.34883,1.69,1.50
2011.03.02 22:18:37.241,1.34828,1.34883,1.69,1.50
2011.03.02 22:18:45.492,1.34828,1.34882,1.69,1.50
2011.03.02 22:18:45.712,1.34828,1.34885,2.44,1.50
2011.03.02 22:19:00.884,1.3483,1.34885,1.69,1.50
2011.03.02 22:19:02.102,1.34828,1.34881,1.69,1.50
2011.03.02 22:19:02.212,1.34828,1.34875,1.69,1.50
2011.03.02 22:19:02.934,1.34832,1.34881,1.69,1.50
2011.03.02 22:19:04.613,1.34832,1.34881,1.69,1.50
2011.03.02 22:19:07.983,1.34824,1.34876,1.50,1.50
2011.03.02 22:19:09.332,1.34823,1.34871,1.02,1.50
2011.03.02 22:19:11.962,1.34823,1.3487,1.02,1.50
2011.03.02 22:19:16.464,1.3482,1.34873,1.77,1.50
2011.03.02 22:19:16.952,1.3483,1.34878,1.69,1.50
2011.03.02 22:19:17.061,1.3483,1.34882,1.69,1.50
2011.03.02 22:19:22.502,1.34832,1.34886,1.69,1.50
2011.03.02 22:19:22.722,1.34847,1.34913,1.69,1.50
2011.03.02 22:19:22.942,1.34847,1.34913,1.69,1.50
2011.03.02 22:19:23.051,1.34847,1.34904,1.69,1.50
2011.03.02 22:19:23.382,1.34853,1.34904,1.69,1.50
2011.03.02 22:19:23.492,1.34853,1.34904,1.50,1.50
2011.03.02 22:19:25.173,1.34846,1.34894,1.50,1.50
2011.03.02 22:19:25.502,1.34838,1.34889,1.50,1.50
2011.03.02 22:19:28.054,1.34832,1.3488,1.69,1.50
2011.03.02 22:19:28.272,1.34832,1.34882,1.69,1.50
2011.03.02 22:19:31.782,1.34832,1.34882,1.69,1.50
2011.03.02 22:19:36.841,1.34828,1.34878,1.69,1.50
2011.03.02 22:19:36.952,1.34833,1.34883,1.50,1.50
2011.03.02 22:19:38.583,1.34833,1.34883,1.50,1.50
2011.03.02 22:19:39.312,1.34833,1.34877,1.50,1.50
2011.03.02 22:20:00.043,1.34833,1.34878,1.50,1.50
2011.03.02 22:20:00.262,1.34833,1.34883,1.50,1.50
2011.03.02 22:20:00.593,1.34835,1.34882,1.50,1.50
2011.03.02 22:20:00.811,1.34836,1.34882,1.50,1.50
2011.03.02 22:20:04.582,1.34838,1.34883,1.50,1.50
2011.03.02 22:20:10.283,1.34838,1.34883,1.50,1.50
2011.03.02 22:20:19.792,1.34838,1.34883,1.50,1.50
2011.03.02 22:20:23.542,1.34837,1.34883,1.50,1.50
2011.03.02 22:20:41.762,1.3484,1.34889,1.69,1.50
2011.03.02 22:20:41.983,1.34859,1.34912,1.69,1.05
2011.03.02 22:20:42.202,1.34865,1.34927,1.50,1.73
2011.03.02 22:20:42.421,1.34864,1.34912,1.50,1.50
2011.03.02 22:20:49.864,1.3486,1.34908,1.69,1.50
2011.03.02 22:20:50.191,1.3486,1.34908,1.50,1.50
2011.03.02 22:20:51.844,1.34856,1.34903,1.50,1.50
2011.03.02 22:21:01.305,1.34856,1.34903,1.50,1.58
2011.03.02 22:21:04.874,1.34864,1.34915,1.69,1.65
2011.03.02 22:21:05.202,1.34871,1.34915,1.50,1.50
2011.03.02 22:21:06.243,1.34871,1.34915,1.50,1.58
2011.03.02 22:21:06.572,1.34865,1.3491,1.69,1.65
2011.03.02 22:21:08.762,1.34865,1.34909,1.69,1.05
2011.03.02 22:21:10.772,1.34867,1.34914,1.50,1.80
2011.03.02 22:21:11.898,1.3487,1.34921,1.50,1.80
2011.03.02 22:21:13.032,1.34872,1.34921,1.50,1.65
2011.03.02 22:21:14.422,1.34872,1.3492,1.50,1.05
2011.03.02 22:21:14.751,1.34863,1.34912,1.69,1.58
2011.03.02 22:21:14.861,1.34863,1.34912,1.69,1.58
2011.03.02 22:21:42.124,1.3486,1.34909,1.69,1.58
2011.03.02 22:21:42.671,1.34861,1.34905,1.50,1.65
2011.03.02 22:21:44.874,1.34856,1.34906,1.50,1.58
2011.03.02 22:21:44.994,1.34856,1.34906,1.50,1.58
2011.03.02 22:21:45.431,1.34856,1.34906,1.50,1.65
2011.03.02 22:21:47.083,1.34856,1.34906,1.50,1.65
2011.03.02 22:22:20.543,1.34855,1.34905,1.50,1.50
2011.03.02 22:22:20.762,1.34851,1.34898,1.69,1.50
2011.03.02 22:22:21.452,1.34851,1.34898,1.69,1.50
2011.03.02 22:22:21.563,1.34851,1.34898,1.50,1.50
2011.03.02 22:22:23.094,1.34851,1.34898,2.25,1.50
2011.03.02 22:22:23.423,1.34852,1.34902,1.50,1.50
2011.03.02 22:22:24.147,1.34855,1.34902,1.50,1.50
2011.03.02 22:22:36.292,1.34856,1.34902,1.50,1.50
2011.03.02 22:22:37.673,1.34859,1.34907,1.50,1.69
2011.03.02 22:22:37.893,1.34861,1.34911,1.50,1.50
2011.03.02 22:22:38.832,1.34863,1.34911,1.50,1.65
2011.03.02 22:22:40.955,1.34861,1.34911,1.50,1.50
2011.03.02 22:22:42.992,1.34861,1.34911,1.50,1.50
2011.03.02 22:22:43.322,1.34861,1.34911,1.50,1.50
2011.03.02 22:22:54.137,1.34863,1.34914,1.50,1.58
2011.03.02 22:22:55.206,1.34867,1.34914,1.50,1.58
2011.03.02 22:22:56.843,1.34868,1.34915,1.50,1.58
2011.03.02 22:23:01.085,1.34874,1.34919,1.50,1.09
2011.03.02 22:23:14.033,1.34874,1.34919,1.50,1.09
2011.03.02 22:23:14.252,1.34869,1.34919,1.50,1.09
2011.03.02 22:23:21.392,1.3487,1.34919,1.50,1.09
2011.03.02 22:23:24.532,1.3487,1.34919,1.50,1.17
2011.03.02 22:23:24.751,1.34864,1.34919,1.50,2.67
2011.03.02 22:23:26.982,1.34864,1.34908,1.50,1.09
2011.03.02 22:23:27.203,1.3486,1.34907,1.50,1.09
2011.03.02 22:23:28.612,1.3486,1.34907,1.50,1.09
2011.03.02 22:23:28.724,1.34864,1.34908,1.50,1.02
2011.03.02 22:23:29.276,1.34865,1.34908,1.50,1.09
2011.03.02 22:23:29.603,1.34865,1.34907,1.50,1.02
2011.03.02 22:23:29.823,1.3486,1.34907,1.50,1.09
2011.03.02 22:23:30.042,1.3486,1.34907,1.50,1.09
2011.03.02 22:23:31.422,1.3486,1.34907,1.50,1.09
2011.03.02 22:23:31.753,1.34865,1.34909,1.50,1.02
2011.03.02 22:23:32.318,1.34859,1.34905,1.50,1.05
2011.03.02 22:23:33.112,1.3486,1.34905,1.50,1.05
2011.03.02 22:23:34.603,1.34859,1.34904,1.50,1.05
2011.03.02 22:23:35.562,1.34853,1.34907,1.50,2.40
2011.03.02 22:23:36.326,1.34853,1.34902,1.50,1.50
2011.03.02 22:23:37.642,1.34848,1.34898,1.50,1.50
2011.03.02 22:23:37.754,1.34848,1.34898,1.50,1.65
2011.03.02 22:23:37.863,1.34845,1.34897,1.50,1.65
2011.03.02 22:23:38.455,1.34845,1.34897,1.50,1.58
2011.03.02 22:23:39.622,1.34845,1.34897,1.50,1.84
2011.03.02 22:23:39.732,1.34847,1.34897,1.50,1.84
2011.03.02 22:23:39.842,1.34847,1.34898,2.25,1.69
2011.03.02 22:23:40.173,1.34851,1.34898,1.50,1.84
2011.03.02 22:23:45.042,1.34851,1.34895,1.50,1.09
2011.03.02 22:23:45.262,1.34849,1.34893,1.50,1.02
2011.03.02 22:23:47.222,1.34849,1.34893,1.50,1.02
2011.03.02 22:23:47.443,1.34845,1.34891,1.50,1.02
2011.03.02 22:23:49.992,1.34847,1.34891,1.50,1.09
2011.03.02 22:23:50.507,1.34846,1.34893,1.50,1.84
2011.03.02 22:24:11.343,1.34847,1.34893,1.50,1.84
2011.03.02 22:24:11.672,1.34852,1.34905,1.50,1.73
2011.03.02 22:24:12.972,1.34855,1.34905,1.50,1.73
2011.03.02 22:24:18.753,1.34855,1.34897,1.50,1.05
2011.03.02 22:24:22.313,1.34849,1.34903,1.50,1.05
2011.03.02 22:24:22.423,1.34848,1.34895,1.50,1.58
2011.03.02 22:24:23.437,1.34848,1.34895,1.50,1.58
2011.03.02 22:24:34.372,1.34848,1.34895,1.50,1.65
2011.03.02 22:24:37.653,1.34851,1.34905,1.50,1.05
2011.03.02 22:24:39.672,1.34856,1.34905,1.50,1.65
2011.03.02 22:24:40.052,1.34856,1.34905,1.50,1.65
2011.03.02 22:24:40.273,1.34856,1.34905,2.25,1.65
2011.03.02 22:24:40.932,1.34855,1.34903,1.50,1.65
2011.03.02 22:24:43.154,1.3485,1.34903,1.50,1.65
2011.03.02 22:24:43.263,1.34848,1.34898,1.50,1.50
2011.03.02 22:24:43.372,1.34847,1.34898,1.50,1.65
2011.03.02 22:24:43.482,1.34844,1.34898,1.50,1.65
2011.03.02 22:24:44.252,1.34846,1.34898,1.50,1.80
2011.03.02 22:24:45.482,1.34846,1.34893,1.50,1.65
2011.03.02 22:24:45.702,1.34856,1.34902,1.50,1.58
2011.03.02 22:24:45.921,1.34856,1.34902,1.50,1.65
2011.03.02 22:24:47.703,1.34854,1.34902,1.50,1.65
2011.03.02 22:24:48.033,1.34848,1.34897,1.50,1.80
2011.03.02 22:24:48.252,1.34845,1.34896,1.50,1.65
2011.03.02 22:24:49.436,1.34844,1.34893,2.25,1.65
2011.03.02 22:24:50.307,1.34844,1.34893,2.25,1.65
2011.03.02 22:24:50.414,1.34844,1.34889,1.50,1.50
2011.03.02 22:24:51.582,1.34842,1.34889,1.50,1.50
2011.03.02 22:24:52.024,1.34838,1.34885,1.50,1.50
2011.03.02 22:24:52.133,1.34838,1.34885,1.50,1.50
2011.03.02 22:24:52.462,1.34837,1.34888,2.25,1.50
2011.03.02 22:24:54.462,1.34837,1.34888,1.50,1.50
2011.03.02 22:24:54.793,1.34837,1.34885,1.50,1.50
2011.03.02 22:24:54.903,1.34834,1.34884,1.50,1.50
2011.03.02 22:24:55.013,1.34837,1.3489,1.50,1.84
2011.03.02 22:24:55.343,1.34839,1.3489,1.50,1.84
2011.03.02 22:25:00.022,1.3484,1.3489,1.50,1.09
2011.03.02 22:25:21.643,1.34841,1.3489,1.50,1.09
2011.03.02 22:25:21.863,1.34843,1.34892,1.50,1.69
2011.03.02 22:25:21.972,1.34847,1.34895,2.25,1.09
2011.03.02 22:25:24.722,1.34847,1.34895,2.25,1.09
2011.03.02 22:25:40.472,1.34843,1.3489,1.50,1.09
2011.03.02 22:25:49.773,1.34838,1.34886,1.50,1.50
2011.03.02 22:25:55.253,1.34843,1.34889,1.50,1.50
2011.03.02 22:26:07.601,1.34843,1.34889,1.50,1.50
2011.03.02 22:26:08.851,1.34843,1.34889,1.50,1.50
2011.03.02 22:26:09.622,1.34856,1.34905,2.25,1.58
2011.03.02 22:26:09.732,1.34858,1.34905,1.50,1.58
2011.03.02 22:26:10.063,1.3486,1.34908,1.50,1.50
2011.03.02 22:26:10.862,1.3486,1.34908,1.50,1.65
2011.03.02 22:26:11.083,1.3486,1.34908,1.50,1.65
2011.03.02 22:26:22.941,1.34856,1.34908,1.50,1.58
2011.03.02 22:26:23.052,1.34855,1.34902,1.50,1.50
2011.03.02 22:26:45.732,1.34857,1.34905,1.50,1.50
2011.03.02 22:26:58.292,1.34855,1.34901,1.50,1.50
2011.03.02 22:27:00.312,1.34855,1.34905,2.25,1.65
2011.03.02 22:27:09.512,1.34855,1.34902,1.50,1.50
2011.03.02 22:27:11.167,1.34852,1.34911,1.50,1.05
2011.03.02 22:27:11.271,1.34855,1.34911,1.50,1.05
2011.03.02 22:27:11.385,1.34855,1.34911,1.50,1.05
2011.03.02 22:27:25.172,1.34852,1.3491,1.50,1.05
2011.03.02 22:27:29.322,1.34855,1.34902,1.50,1.50
2011.03.02 22:27:35.314,1.34854,1.34902,1.50,1.50
2011.03.02 22:27:53.704,1.34851,1.34898,1.50,1.50
2011.03.02 22:27:54.833,1.3485,1.34898,1.50,1.50
2011.03.02 22:27:55.055,1.34848,1.34894,1.50,1.50
2011.03.02 22:27:55.162,1.34847,1.34894,1.50,1.50
2011.03.02 22:27:55.384,1.34843,1.3489,1.50,1.50
2011.03.02 22:27:55.604,1.34838,1.34889,2.25,1.20
2011.03.02 22:27:55.713,1.34838,1.34889,2.25,1.20
2011.03.02 22:28:00.265,1.34838,1.34886,1.50,1.50
2011.03.02 22:28:00.375,1.3484,1.34886,1.50,1.50
2011.03.02 22:28:00.593,1.34841,1.34889,1.50,1.58
2011.03.02 22:28:05.333,1.34843,1.34889,1.50,1.50
2011.03.02 22:28:06.384,1.34843,1.34889,1.50,1.58
2011.03.02 22:28:09.284,1.34845,1.34892,1.50,1.65
2011.03.02 22:28:09.394,1.34846,1.34893,1.50,1.65
2011.03.02 22:28:36.814,1.34846,1.34896,2.25,1.65
2011.03.02 22:28:37.146,1.34848,1.34896,1.50,1.05
2011.03.02 22:28:37.703,1.34848,1.34897,1.50,1.65
2011.03.02 22:28:49.285,1.34848,1.34897,1.50,1.65
2011.03.02 22:28:49.614,1.34846,1.34891,1.50,1.65
2011.03.02 22:28:54.894,1.34846,1.3489,1.50,1.05
2011.03.02 22:28:55.005,1.34842,1.34888,1.13,1.09
2011.03.02 22:28:55.684,1.34842,1.34888,1.50,1.09
2011.03.02 22:28:56.124,1.34849,1.34891,1.13,1.02
2011.03.02 22:28:56.453,1.34849,1.34897,2.63,1.65
2011.03.02 22:28:59.154,1.34849,1.34897,1.88,1.65
2011.03.02 22:28:59.696,1.34844,1.34894,1.50,1.58
2011.03.02 22:29:28.485,1.34846,1.34894,1.50,1.58
2011.03.02 22:29:28.839,1.34847,1.34893,1.50,1.05
2011.03.02 22:29:49.015,1.34848,1.34893,1.50,1.05
2011.03.02 22:29:49.234,1.34843,1.34891,1.50,1.05
2011.03.02 22:29:49.343,1.34842,1.34889,1.50,1.65
2011.03.02 22:29:53.591,1.34843,1.34889,1.50,1.65
2011.03.02 22:29:55.155,1.34844,1.34894,1.50,1.65
2011.03.02 22:29:55.488,1.34842,1.34889,1.50,1.65
2011.03.02 22:29:56.444,1.34845,1.34889,1.13,1.65
2011.03.02 22:29:56.663,1.34846,1.34893,1.50,1.05
2011.03.02 22:29:56.883,1.34846,1.34894,1.50,1.58
2011.03.02 22:29:57.584,1.34845,1.34894,1.13,1.65
2011.03.02 22:29:58.397,1.34841,1.3489,1.50,1.65
2011.03.02 22:29:58.804,1.34843,1.3489,1.50,1.65
2011.03.02 22:29:59.024,1.34847,1.3489,1.50,1.65
2011.03.02 22:30:00.443,1.34845,1.34893,1.88,1.50
2011.03.02 22:30:00.774,1.3484,1.3489,2.25,1.65
2011.03.02 22:30:00.993,1.3484,1.34891,1.50,1.05
2011.03.02 22:30:01.323,1.3484,1.3489,2.25,1.65
2011.03.02 22:30:02.094,1.34842,1.3489,1.50,1.58
2011.03.02 22:30:08.154,1.34843,1.34894,1.13,1.65
2011.03.02 22:30:08.374,1.34843,1.34889,1.50,1.65
2011.03.02 22:31:02.945,1.34844,1.34889,1.50,1.65
2011.03.02 22:31:03.165,1.34846,1.34893,1.50,1.65
2011.03.02 22:31:05.033,1.34846,1.34893,1.50,1.50
2011.03.02 22:31:05.363,1.34842,1.34889,1.50,1.65
2011.03.02 22:31:29.244,1.34843,1.34891,1.50,1.13
2011.03.02 22:31:29.353,1.34843,1.34889,1.50,1.50
2011.03.02 22:31:29.465,1.34857,1.34908,1.13,1.58
2011.03.02 22:31:30.523,1.34853,1.34901,1.50,1.13
2011.03.02 22:31:30.635,1.3485,1.349,1.50,1.50
2011.03.02 22:31:43.644,1.3485,1.349,1.50,1.65
2011.03.02 22:31:43.974,1.3484,1.34887,1.50,1.50
2011.03.02 22:31:44.875,1.34834,1.34881,1.50,1.50
2011.03.02 22:31:57.729,1.34834,1.34881,1.50,1.50
2011.03.02 22:32:27.965,1.34839,1.34884,1.13,1.50
2011.03.02 22:32:30.949,1.3484,1.34887,1.50,1.65
2011.03.02 22:32:31.540,1.34846,1.34892,1.50,1.65
2011.03.02 22:32:41.894,1.34846,1.34892,1.50,1.65
2011.03.02 22:32:42.334,1.34849,1.34898,1.13,1.65
2011.03.02 22:32:42.444,1.34849,1.34898,1.13,1.65
2011.03.02 22:33:14.104,1.34858,1.34903,1.50,1.05
2011.03.02 22:33:15.301,1.34864,1.34903,1.50,1.05
2011.03.02 22:33:18.336,1.34865,1.34906,1.50,1.05
2011.03.02 22:33:18.885,1.34864,1.34912,1.50,1.65
2011.03.02 22:33:19.264,1.34867,1.34916,1.50,1.73
2011.03.02 22:33:24.314,1.34867,1.34916,1.88,1.65
2011.03.02 22:33:31.525,1.34867,1.34907,1.50,1.05
2011.03.02 22:33:31.744,1.3485,1.34898,1.50,1.09
2011.03.02 22:33:33.324,1.34847,1.34895,1.50,1.65
2011.03.02 22:33:56.784,1.34847,1.34895,1.50,1.50
2011.03.02 22:34:14.855,1.34851,1.34898,1.50,1.02
2011.03.02 22:34:14.965,1.34839,1.34888,1.50,1.05
2011.03.02 22:34:17.813,1.34839,1.34887,1.50,1.95
2011.03.02 22:34:18.034,1.34845,1.34887,1.50,1.50
2011.03.02 22:34:18.145,1.34844,1.34887,1.88,1.50
2011.03.02 22:34:20.904,1.34845,1.34895,1.50,1.28
2011.03.02 22:34:21.235,1.34849,1.34896,1.50,1.65
2011.03.02 22:34:23.433,1.34851,1.34898,2.25,1.99
2011.03.02 22:34:23.763,1.34851,1.34898,1.50,1.84
2011.03.02 22:34:24.275,1.34851,1.34898,2.25,1.84
2011.03.02 22:34:24.496,1.34851,1.34895,1.50,1.05
2011.03.02 22:34:25.795,1.34851,1.34893,1.50,1.05
2011.03.02 22:34:27.758,1.34851,1.34893,1.50,1.05
2011.03.02 22:34:28.306,1.34841,1.34885,2.25,1.05
2011.03.02 22:34:33.987,1.34841,1.34883,1.50,1.05
2011.03.02 22:34:34.316,1.34839,1.34887,1.50,1.65
2011.03.02 22:34:36.036,1.34846,1.34887,1.13,1.50
2011.03.02 22:34:36.256,1.34846,1.34896,1.13,1.65
2011.03.02 22:34:36.583,1.34845,1.34896,1.50,1.65
2011.03.02 22:34:38.208,1.34844,1.34896,1.50,1.65
2011.03.02 22:34:45.945,1.34844,1.34889,1.50,1.05
2011.03.02 22:34:47.025,1.34843,1.34888,2.25,1.05
2011.03.02 22:34:49.485,1.34843,1.3489,1.50,1.80
2011.03.02 22:34:51.304,1.34837,1.34885,1.50,1.65
2011.03.02 22:34:52.036,1.34837,1.34885,1.50,1.65
2011.03.02 22:34:57.237,1.34837,1.34885,1.50,1.65
2011.03.02 22:34:59.294,1.34835,1.34885,2.25,1.58
2011.03.02 22:34:59.864,1.34837,1.34885,1.50,1.65
2011.03.02 22:35:03.205,1.34837,1.34885,1.50,1.65
2011.03.02 22:35:03.534,1.34837,1.34885,1.50,1.50
2011.03.02 22:35:03.644,1.3484,1.34885,1.13,1.50
2011.03.02 22:35:03.973,1.34839,1.34889,1.50,1.28
2011.03.02 22:35:07.443,1.34839,1.34889,1.50,1.65
2011.03.02 22:35:09.964,1.3484,1.34889,1.50,1.65
2011.03.02 22:35:10.294,1.34841,1.34888,1.50,1.13
2011.03.02 22:35:10.404,1.3484,1.34888,1.50,1.13
2011.03.02 22:35:11.119,1.34838,1.34886,1.50,1.50
2011.03.02 22:35:12.074,1.34838,1.34886,1.50,1.50
2011.03.02 22:35:12.404,1.34833,1.34883,1.50,1.50
2011.03.02 22:35:13.685,1.34836,1.34883,1.50,1.65
2011.03.02 22:35:14.544,1.34839,1.34883,1.50,1.58
2011.03.02 22:35:17.674,1.34837,1.34885,2.25,1.28
2011.03.02 22:35:17.894,1.34839,1.34884,1.50,1.20
2011.03.02 22:35:33.076,1.34835,1.34885,1.50,1.80
2011.03.02 22:35:33.405,1.34842,1.34891,1.50,1.77
2011.03.02 22:35:36.754,1.34842,1.34891,1.50,1.84
2011.03.02 22:35:36.864,1.34846,1.34891,1.50,1.84
2011.03.02 22:35:37.084,1.34852,1.34891,1.50,1.77
2011.03.02 22:35:37.760,1.34851,1.34891,1.50,1.02
2011.03.02 22:35:40.935,1.34851,1.349,1.50,1.65
2011.03.02 22:35:48.005,1.34851,1.34899,1.50,1.05
2011.03.02 22:36:00.986,1.34851,1.349,1.50,2.03
2011.03.02 22:36:01.315,1.34851,1.349,1.50,1.65
2011.03.02 22:36:09.735,1.34851,1.34893,1.50,1.05
2011.03.02 22:36:09.845,1.34846,1.34888,1.50,1.09
2011.03.02 22:36:09.957,1.34846,1.3489,1.13,1.09
2011.03.02 22:36:10.176,1.34846,1.34887,1.13,1.02
2011.03.02 22:36:10.529,1.34851,1.34891,1.50,1.09
2011.03.02 22:36:19.985,1.34851,1.34896,1.50,1.05
2011.03.02 22:36:20.426,1.34851,1.34894,1.50,1.05
2011.03.02 22:36:29.157,1.34854,1.34898,1.13,1.65
2011.03.02 22:36:29.265,1.34857,1.34901,1.13,1.05
2011.03.02 22:36:29.809,1.3486,1.3491,1.13,1.92
2011.03.02 22:36:30.155,1.34862,1.34903,1.50,1.05
2011.03.02 22:36:30.567,1.34862,1.3491,1.88,1.09
2011.03.02 22:36:30.676,1.34866,1.34904,1.13,1.05
2011.03.02 22:36:30.895,1.34867,1.3491,1.50,1.02
2011.03.02 22:36:54.774,1.34867,1.34908,1.50,1.05
2011.03.02 22:36:55.215,1.34863,1.3491,1.50,1.17
2011.03.02 22:37:15.824,1.34862,1.34897,1.50,1.05
2011.03.02 22:37:15.934,1.34857,1.34897,1.50,1.05
2011.03.02 22:37:16.044,1.34855,1.34897,1.50,1.05
2011.03.02 22:37:17.808,1.34856,1.34904,1.50,1.05
2011.03.02 22:37:20.285,1.34857,1.34904,1.50,1.28
2011.03.02 22:37:31.623,1.34855,1.34901,1.50,1.05
2011.03.02 22:37:31.844,1.34849,1.34896,1.13,1.50
2011.03.02 22:37:31.954,1.34848,1.34896,2.25,1.50
2011.03.02 22:37:41.124,1.34852,1.34901,1.50,1.65
2011.03.02 22:37:41.438,1.34852,1.34901,2.25,1.50
2011.03.02 22:37:47.284,1.34857,1.34908,1.50,1.80
2011.03.02 22:37:47.395,1.34859,1.34908,1.50,1.58
2011.03.02 22:37:47.504,1.34866,1.3491,1.50,1.28
2011.03.02 22:37:47.835,1.34866,1.34918,1.50,1.80
2011.03.02 22:37:48.166,1.34872,1.34918,1.50,1.58
2011.03.02 22:37:48.494,1.34866,1.34918,1.50,1.50
2011.03.02 22:37:59.574,1.34856,1.34904,1.69,1.50
2011.03.02 22:38:03.766,1.34847,1.34899,1.88,1.69
2011.03.02 22:38:03.875,1.34845,1.34893,1.50,1.50
2011.03.02 22:38:03.984,1.34845,1.34893,1.50,1.50
2011.03.02 22:38:04.314,1.34834,1.3488,1.50,1.50
2011.03.02 22:38:04.535,1.34826,1.34874,1.50,1.50
2011.03.02 22:38:05.304,1.3482,1.34868,1.50,1.50
2011.03.02 22:38:05.744,1.3482,1.34868,1.50,1.50
2011.03.02 22:38:06.295,1.3482,1.34868,1.50,1.88
2011.03.02 22:38:08.085,1.34818,1.34868,1.50,1.50
2011.03.02 22:38:08.197,1.34818,1.34863,1.50,1.13
2011.03.02 22:38:08.525,1.34812,1.34863,1.50,1.13
2011.03.02 22:38:10.337,1.34816,1.34865,1.50,1.50
2011.03.02 22:38:10.554,1.34816,1.34869,1.50,1.50
2011.03.02 22:38:11.585,1.34816,1.34869,1.50,1.50
2011.03.02 22:38:12.806,1.34816,1.34875,1.50,1.50
2011.03.02 22:38:14.094,1.3482,1.3487,1.50,1.50
2011.03.02 22:38:14.206,1.34819,1.34863,1.50,1.50
2011.03.02 22:38:14.426,1.34814,1.34866,1.50,1.50
2011.03.02 22:38:14.644,1.34814,1.34868,1.50,1.50
2011.03.02 22:38:15.254,1.34814,1.34868,1.50,1.50
2011.03.02 22:38:18.116,1.34815,1.34863,1.50,1.13
2011.03.02 22:38:18.225,1.3481,1.3486,1.69,1.13
2011.03.02 22:38:18.554,1.3481,1.34858,1.69,1.50
2011.03.02 22:38:19.225,1.3481,1.3486,1.69,1.13
2011.03.02 22:38:19.555,1.34819,1.34865,1.50,1.50
2011.03.02 22:38:24.105,1.34819,1.34865,1.50,1.50
2011.03.02 22:38:24.214,1.34819,1.34864,1.50,1.13
2011.03.02 22:38:30.256,1.34816,1.34864,1.50,1.50
2011.03.02 22:38:32.715,1.34816,1.34864,1.50,1.50
2011.03.02 22:39:32.853,1.34813,1.34868,1.50,1.13
2011.03.02 22:40:12.493,1.34814,1.34868,1.50,1.13
2011.03.02 22:40:20.183,1.34814,1.34868,1.50,1.13
2011.03.02 22:40:21.291,1.34813,1.34868,1.88,1.13
2011.03.02 22:40:36.183,1.34819,1.34872,1.13,1.13
2011.03.02 22:40:36.293,1.34821,1.34872,1.50,1.13
2011.03.02 22:40:44.935,1.34823,1.34869,1.88,1.50
2011.03.02 22:41:09.965,1.3483,1.3488,1.69,1.95
2011.03.02 22:41:10.185,1.34837,1.34887,1.50,1.50
2011.03.02 22:41:27.966,1.34849,1.34897,1.50,1.65
2011.03.02 22:41:44.765,1.34851,1.34897,1.50,1.58
2011.03.02 22:41:44.986,1.34856,1.34904,1.13,1.05
2011.03.02 22:41:45.316,1.34859,1.34904,1.50,1.05
2011.03.02 22:41:45.935,1.34853,1.34903,1.50,1.65
2011.03.02 22:41:47.255,1.34854,1.34903,1.50,1.58
2011.03.02 22:41:47.477,1.34857,1.34905,1.50,1.09
2011.03.02 22:41:47.695,1.34853,1.34904,1.50,1.28
2011.03.02 22:41:47.916,1.34855,1.34905,1.13,1.09
2011.03.02 22:41:48.245,1.34855,1.34905,1.13,1.02
2011.03.02 22:41:48.794,1.34854,1.34902,1.50,1.58
2011.03.02 22:41:51.538,1.34868,1.34912,1.50,1.05
2011.03.02 22:41:51.645,1.34868,1.34912,1.50,1.05
2011.03.02 22:41:52.086,1.34868,1.34907,1.50,1.13
2011.03.02 22:41:52.415,1.34853,1.34905,1.50,1.88
2011.03.02 22:41:52.525,1.3485,1.34897,1.13,1.50
2011.03.02 22:41:52.635,1.34847,1.34897,1.50,1.50
2011.03.02 22:41:58.486,1.3485,1.34897,1.50,1.65
2011.03.02 22:42:00.591,1.34848,1.34897,1.13,1.58
2011.03.02 22:42:04.225,1.3485,1.34897,1.50,1.58
2011.03.02 22:42:07.535,1.34851,1.34899,1.50,1.58
2011.03.02 22:42:07.754,1.34848,1.34896,1.50,1.50
2011.03.02 22:42:09.725,1.34852,1.349,1.50,1.50
2011.03.02 22:42:10.054,1.34852,1.349,1.50,1.65
2011.03.02 22:42:10.274,1.34848,1.34896,1.50,1.50
2011.03.02 22:42:16.854,1.34848,1.34896,1.50,1.50
2011.03.02 22:42:16.965,1.34855,1.34905,1.50,1.65
2011.03.02 22:42:27.276,1.34855,1.34905,1.50,1.65
2011.03.02 22:42:32.695,1.34855,1.34905,1.50,1.58
2011.03.02 22:42:47.006,1.34858,1.34905,1.13,1.50
2011.03.02 22:42:47.116,1.34858,1.34909,1.88,1.65
2011.03.02 22:42:47.336,1.34868,1.34911,1.13,1.09
2011.03.02 22:43:01.095,1.34868,1.34918,1.13,1.65
2011.03.02 22:43:01.644,1.34863,1.34912,1.50,1.50
2011.03.02 22:43:01.754,1.34863,1.34912,1.50,1.50
2011.03.02 22:43:04.824,1.34863,1.34913,2.63,1.58
2011.03.02 22:43:04.935,1.34867,1.34917,1.13,1.58
2011.03.02 22:43:05.265,1.34869,1.34917,1.50,1.80
2011.03.02 22:43:05.375,1.34869,1.34917,1.50,1.80
2011.03.02 22:43:05.485,1.34869,1.34917,1.50,1.65
2011.03.02 22:43:09.114,1.34869,1.34917,1.50,1.58
2011.03.02 22:43:09.225,1.34872,1.3492,1.50,1.65
2011.03.02 22:43:20.654,1.34872,1.3492,1.50,1.65
2011.03.02 22:43:20.986,1.34868,1.34913,1.50,1.05
2011.03.02 22:43:21.555,1.34869,1.3491,1.50,1.05
2011.03.02 22:43:21.885,1.34869,1.34912,1.50,1.05
2011.03.02 22:43:22.216,1.34863,1.34916,1.50,1.73
2011.03.02 22:43:29.465,1.34863,1.34914,1.50,1.05
2011.03.02 22:43:29.574,1.34863,1.34914,1.50,1.05
2011.03.02 22:43:29.684,1.34859,1.34914,1.50,2.55
2011.03.02 22:43:29.794,1.34856,1.34913,1.50,1.65
2011.03.02 22:43:42.527,1.34859,1.34895,1.88,1.09
2011.03.02 22:43:43.081,1.34862,1.34896,1.50,1.09
2011.03.02 22:43:53.585,1.34864,1.34903,1.50,1.02
2011.03.02 22:43:53.696,1.34868,1.34903,1.50,1.02
2011.03.02 22:43:54.254,1.34867,1.34903,2.25,1.02
2011.03.02 22:44:01.394,1.34867,1.34903,2.25,1.09
2011.03.02 22:44:01.635,1.34865,1.34903,1.13,1.09
2011.03.02 22:44:04.496,1.34865,1.34909,1.50,1.05
2011.03.02 22:44:04.606,1.34873,1.34917,1.50,1.17
2011.03.02 22:44:04.716,1.34875,1.34917,1.50,1.09
2011.03.02 22:44:05.564,1.34877,1.34917,2.25,1.09
2011.03.02 22:44:09.755,1.34877,1.34907,1.50,1.09
2011.03.02 22:44:09.977,1.34868,1.34904,1.50,1.09
2011.03.02 22:44:10.086,1.34866,1.34904,1.50,1.09
2011.03.02 22:44:10.197,1.34864,1.34904,1.50,1.24
2011.03.02 22:44:12.305,1.34858,1.34901,1.13,1.02
2011.03.02 22:44:12.636,1.34856,1.34901,2.25,1.09
2011.03.02 22:44:14.985,1.34858,1.34897,1.50,1.09
2011.03.02 22:44:15.205,1.34864,1.34902,1.50,1.77
2011.03.02 22:44:15.425,1.34866,1.3491,1.50,1.09
2011.03.02 22:44:15.646,1.3487,1.3491,1.50,1.09
2011.03.02 22:44:18.355,1.34872,1.3491,1.50,1.24
2011.03.02 22:44:18.465,1.34877,1.3491,1.50,1.24
2011.03.02 22:44:18.797,1.34879,1.34919,1.50,1.05
2011.03.02 22:44:19.016,1.34883,1.34918,1.50,1.05
2011.03.02 22:44:19.252,1.34883,1.34921,1.50,1.05
2011.03.02 22:44:19.364,1.34883,1.34921,1.50,1.05
2011.03.02 22:44:21.161,1.34883,1.34924,1.88,1.09
2011.03.02 22:44:21.545,1.34886,1.3492,1.50,1.05
2011.03.02 22:44:28.700,1.34886,1.34924,1.50,1.17
2011.03.02 22:44:29.559,1.34886,1.34918,1.50,1.05
2011.03.02 22:44:30.736,1.34886,1.34917,1.50,1.05
2011.03.02 22:44:30.995,1.34886,1.34919,1.50,1.05
2011.03.02 22:44:31.105,1.34886,1.34919,1.50,1.05
2011.03.02 22:44:31.217,1.34878,1.34924,1.50,1.17
2011.03.02 22:44:31.325,1.3488,1.34924,1.50,1.17
2011.03.02 22:44:32.588,1.3488,1.34924,1.50,1.17
2011.03.02 22:44:35.665,1.3488,1.34924,1.50,1.17
2011.03.02 22:44:36.615,1.3488,1.34917,1.50,1.05
2011.03.02 22:44:38.637,1.3488,1.34926,1.50,1.73
2011.03.02 22:44:38.861,1.34882,1.3492,1.50,1.05
2011.03.02 22:44:39.409,1.34884,1.34926,1.50,1.05
2011.03.02 22:44:39.624,1.34882,1.34926,1.50,1.05
2011.03.02 22:45:07.075,1.34883,1.34924,1.50,1.05
2011.03.02 22:45:07.546,1.34883,1.34928,1.50,1.65
2011.03.02 22:45:23.655,1.34883,1.34926,1.50,1.05
2011.03.02 22:45:44.076,1.34882,1.34917,1.50,1.05
2011.03.02 22:45:54.171,1.34881,1.34917,1.50,1.05
2011.03.02 22:46:31.874,1.34881,1.3492,1.50,1.05
2011.03.02 22:46:53.835,1.34881,1.34926,1.50,1.05
2011.03.02 22:46:54.759,1.3488,1.34916,1.50,1.05
2011.03.02 22:46:55.104,1.3488,1.34913,1.50,1.05
2011.03.02 22:46:55.214,1.34876,1.34913,2.25,1.05
2011.03.02 22:47:05.301,1.34876,1.34924,1.50,1.05
2011.03.02 22:47:05.635,1.34872,1.3491,1.50,1.05
2011.03.02 22:47:05.746,1.34878,1.3491,1.13,1.05
2011.03.02 22:47:05.964,1.34881,1.34929,1.50,1.80
2011.03.02 22:47:07.986,1.34883,1.34915,1.50,1.05
2011.03.02 22:47:08.096,1.34875,1.34919,1.50,1.05
2011.03.02 22:47:08.205,1.34877,1.34919,1.50,1.05
2011.03.02 22:47:08.755,1.34873,1.34919,1.50,1.05
2011.03.02 22:47:09.055,1.34873,1.34919,1.50,1.05
2011.03.02 22:47:09.166,1.34877,1.34919,1.50,1.05
2011.03.02 22:47:09.495,1.34877,1.34925,1.50,1.80
2011.03.02 22:47:50.574,1.3488,1.34922,1.50,1.05
2011.03.02 22:48:10.604,1.34879,1.34927,1.50,1.20
2011.03.02 22:48:13.756,1.34879,1.34927,1.50,1.20
2011.03.02 22:48:22.766,1.34879,1.34923,1.50,1.05
2011.03.02 22:48:23.094,1.34874,1.34922,1.50,1.80
2011.03.02 22:48:26.776,1.34874,1.34921,1.50,1.05
2011.03.02 22:48:26.886,1.3487,1.34907,1.50,1.05
2011.03.02 22:48:26.996,1.34869,1.34909,1.50,1.05
2011.03.02 22:48:35.165,1.3487,1.34907,1.50,1.05
2011.03.02 22:48:35.277,1.34877,1.34914,1.50,1.05
2011.03.02 22:48:35.385,1.34877,1.34914,1.50,1.05
2011.03.02 22:48:35.496,1.34878,1.34914,1.50,1.05
2011.03.02 22:48:36.376,1.34877,1.34921,1.50,1.05
2011.03.02 22:48:38.275,1.34878,1.34923,1.50,1.05
2011.03.02 22:48:38.496,1.34871,1.3492,1.50,1.73
2011.03.02 22:48:38.604,1.3487,1.3492,2.25,1.73
2011.03.02 22:49:33.495,1.34869,1.34914,1.50,1.73
2011.03.02 22:49:37.375,1.34867,1.34899,1.50,1.28
2011.03.02 22:49:37.485,1.34854,1.34899,1.50,1.28
2011.03.02 22:49:45.295,1.3485,1.34896,1.50,1.58
2011.03.02 22:49:55.528,1.34852,1.34896,1.50,1.50
2011.03.02 22:49:55.855,1.34852,1.34899,1.50,1.58
2011.03.02 22:50:08.334,1.34852,1.34893,1.50,1.13
2011.03.02 22:50:18.406,1.34847,1.34893,1.50,2.03
2011.03.02 22:50:20.385,1.34844,1.34892,1.50,1.88
2011.03.02 22:50:42.184,1.34858,1.34906,1.50,1.65
2011.03.02 22:50:46.895,1.34859,1.34906,1.50,1.50
2011.03.02 22:50:47.116,1.34859,1.34906,1.50,1.65
2011.03.02 22:50:59.804,1.34871,1.34918,2.25,1.65
2011.03.02 22:51:05.554,1.34867,1.3491,1.50,1.05
2011.03.02 22:51:07.245,1.34867,1.34915,1.50,1.73
2011.03.02 22:51:07.915,1.34867,1.34916,1.50,1.28
2011.03.02 22:51:08.026,1.34872,1.34921,1.50,1.88
2011.03.02 22:51:08.136,1.34872,1.34921,1.50,2.03
2011.03.02 22:51:08.247,1.34872,1.34919,1.50,1.50
2011.03.02 22:51:13.866,1.34872,1.34917,1.50,1.05
2011.03.02 22:51:14.086,1.34872,1.34917,1.50,1.05
2011.03.02 22:51:24.817,1.34872,1.34919,1.50,1.58
2011.03.02 22:51:25.145,1.34872,1.34919,1.50,1.58
2011.03.02 22:51:34.219,1.34871,1.34919,2.25,1.65
2011.03.02 22:51:34.547,1.34872,1.34919,1.50,1.58
2011.03.02 22:51:38.988,1.34875,1.34921,1.50,1.05
2011.03.02 22:51:39.315,1.34875,1.3491,1.50,1.05
2011.03.02 22:51:39.644,1.34865,1.34908,1.50,1.05
2011.03.02 22:51:39.867,1.34865,1.34908,1.50,1.05
2011.03.02 22:51:41.415,1.34865,1.34914,1.50,1.35
2011.03.02 22:51:41.635,1.34865,1.34916,1.50,2.03
2011.03.02 22:51:44.895,1.34867,1.34916,1.50,1.65
2011.03.02 22:51:48.008,1.34876,1.34922,1.50,1.65
2011.03.02 22:51:56.305,1.34876,1.3492,1.50,1.05
2011.03.02 22:51:57.326,1.34879,1.34925,1.50,1.58
2011.03.02 22:51:57.435,1.34881,1.34928,1.50,1.65
2011.03.02 22:51:59.547,1.34881,1.34925,1.50,1.05
2011.03.02 22:52:04.747,1.34881,1.34926,1.50,1.05
2011.03.02 22:52:09.648,1.34881,1.34928,1.50,1.65
2011.03.02 22:52:10.205,1.34881,1.34928,1.50,1.65
2011.03.02 22:52:10.535,1.3489,1.34927,2.25,1.05
2011.03.02 22:52:16.564,1.3489,1.34925,2.25,1.05
2011.03.02 22:52:17.934,1.3489,1.34927,2.25,1.05
2011.03.02 22:52:18.762,1.3489,1.34926,2.25,1.05
2011.03.02 22:52:19.096,1.3489,1.34924,1.50,1.05
2011.03.02 22:52:19.315,1.3489,1.34928,1.50,1.05
2011.03.02 22:52:24.986,1.3489,1.34937,1.50,1.73
2011.03.02 22:52:31.613,1.3489,1.34931,1.50,1.05
2011.03.02 22:52:31.958,1.3489,1.34933,1.50,1.05
2011.03.02 22:52:39.276,1.3489,1.34924,1.50,1.05
2011.03.02 22:52:39.911,1.3489,1.34932,1.50,1.05
2011.03.02 22:53:05.066,1.3489,1.34932,1.50,1.05
2011.03.02 22:53:05.395,1.34883,1.34917,1.50,1.05
2011.03.02 22:53:09.788,1.34883,1.34918,1.50,1.05
2011.03.02 22:53:14.205,1.34883,1.34917,1.50,1.05
2011.03.02 22:53:14.820,1.34883,1.34928,1.50,1.05
2011.03.02 22:53:18.616,1.34883,1.34923,1.50,1.05
2011.03.02 22:53:18.725,1.34883,1.34923,1.50,1.05
2011.03.02 22:53:19.286,1.34883,1.34932,1.88,1.05
2011.03.02 22:53:21.545,1.34883,1.34923,1.50,1.05
2011.03.02 22:53:21.698,1.34883,1.34923,1.50,1.05
2011.03.02 22:53:24.523,1.34883,1.3493,1.50,1.05
2011.03.02 22:53:45.201,1.34883,1.34929,1.50,1.05
2011.03.02 22:54:00.285,1.34883,1.34929,1.50,1.05
2011.03.02 22:54:01.505,1.34883,1.34931,1.50,1.05
2011.03.02 22:54:02.776,1.34883,1.34923,1.50,1.05
2011.03.02 22:54:22.767,1.34883,1.34933,1.50,1.20
2011.03.02 22:54:23.095,1.34888,1.34935,1.50,1.35
2011.03.02 22:54:23.433,1.34888,1.34935,1.50,1.35
2011.03.02 22:54:23.765,1.34885,1.34933,1.50,1.35
2011.03.02 22:54:24.108,1.34885,1.34933,1.50,1.35
2011.03.02 22:54:24.215,1.34888,1.34936,1.50,1.50
2011.03.02 22:54:29.637,1.34888,1.34936,1.50,1.35
2011.03.02 22:54:31.644,1.34888,1.34936,1.50,1.35
2011.03.02 22:54:35.909,1.34888,1.34936,1.50,1.50
2011.03.02 22:54:41.638,1.34888,1.34936,1.50,1.73
2011.03.02 22:54:42.864,1.34888,1.34936,1.50,1.73
2011.03.02 22:54:45.027,1.34888,1.34936,1.50,1.43
2011.03.02 22:54:49.858,1.34888,1.34936,1.50,1.73
2011.03.02 22:54:49.964,1.34888,1.34936,1.50,1.73
2011.03.02 22:54:50.820,1.34888,1.34936,1.50,1.43
2011.03.02 22:54:51.352,1.34888,1.34936,1.50,1.73
2011.03.02 22:54:51.930,1.34888,1.34923,1.50,1.05
2011.03.02 22:54:52.256,1.34884,1.34929,1.50,1.05
2011.03.02 22:55:01.037,1.34884,1.34918,1.50,1.05
2011.03.02 22:55:09.623,1.34884,1.34929,1.50,1.05
2011.03.02 22:55:10.187,1.34884,1.34924,1.50,1.05
2011.03.02 22:55:25.099,1.34886,1.34931,1.50,1.05
2011.03.02 22:55:25.489,1.34888,1.34933,1.50,1.05
2011.03.02 22:55:27.226,1.34885,1.3493,1.50,1.05
2011.03.02 22:55:27.335,1.34885,1.34924,1.50,1.05
2011.03.02 22:55:29.012,1.34885,1.34932,1.50,1.73
2011.03.02 22:55:50.991,1.34885,1.34922,1.50,1.05
2011.03.02 22:55:52.816,1.34885,1.34929,1.50,1.05
2011.03.02 22:55:53.345,1.34885,1.3493,1.50,1.05
2011.03.02 22:55:59.277,1.34885,1.34922,1.50,1.05
2011.03.02 22:56:05.786,1.34885,1.34923,1.50,1.05
2011.03.02 22:56:07.138,1.34885,1.34932,1.50,1.80
2011.03.02 22:56:08.348,1.34885,1.34932,1.50,1.73
2011.03.02 22:56:30.947,1.34884,1.34927,1.50,1.05
2011.03.02 22:56:31.057,1.34881,1.34927,1.50,1.05
2011.03.02 22:56:31.580,1.34881,1.34914,1.50,1.05
2011.03.02 22:56:31.906,1.34878,1.34921,1.50,1.05
2011.03.02 22:56:32.016,1.34878,1.34914,1.50,1.05
2011.03.02 22:56:53.706,1.34878,1.34924,1.50,1.05
2011.03.02 22:57:20.237,1.34878,1.34922,1.50,1.05
2011.03.02 22:57:20.577,1.34878,1.34924,1.50,1.05
2011.03.02 22:57:46.847,1.34878,1.34926,1.50,1.35
2011.03.02 22:58:13.295,1.34878,1.34926,1.50,1.05
2011.03.02 22:58:15.066,1.34879,1.34926,1.50,1.73
2011.03.02 22:58:26.609,1.3488,1.34926,1.50,1.73
2011.03.02 22:58:26.717,1.34887,1.34937,1.50,1.35
2011.03.02 22:58:27.048,1.34887,1.3493,1.50,1.05
2011.03.02 22:58:27.158,1.34887,1.34932,1.88,1.05
2011.03.02 22:58:27.376,1.34892,1.34938,1.50,1.80
2011.03.02 22:58:30.726,1.34892,1.3493,1.50,1.05
2011.03.02 22:58:30.945,1.34888,1.3493,2.25,1.05
2011.03.02 22:58:31.055,1.34888,1.34928,2.25,1.05
2011.03.02 22:58:31.827,1.34888,1.3493,1.50,1.05
2011.03.02 22:58:32.047,1.34883,1.34931,1.88,1.73
2011.03.02 22:58:32.915,1.34883,1.34919,1.50,1.05
2011.03.02 22:58:56.199,1.34883,1.34919,1.50,1.05
2011.03.02 22:58:57.108,1.34883,1.34929,1.50,1.05
2011.03.02 22:58:58.285,1.34883,1.3493,1.50,1.05
2011.03.02 22:59:26.946,1.34882,1.3492,1.50,1.05
2011.03.02 22:59:39.937,1.34882,1.34932,1.50,1.35
2011.03.02 22:59:40.464,1.34883,1.34932,1.13,1.35
2011.03.02 22:59:40.645,1.34883,1.34932,1.13,1.35
2011.03.02 22:59:42.877,1.34882,1.34918,1.50,1.05
2011.03.02 22:59:50.976,1.3488,1.34927,1.50,1.73
