2014.01.02 23:00:00.197,1.45775,1.4582,1.00,1.00
2014.01.02 23:00:00.508,1.45785,1.45827,1.00,1.00
2014.01.02 23:00:00.610,1.45785,1.45829,1.00,1.00
2014.01.02 23:00:00.711,1.45785,1.45841,1.00,1.50
2014.01.02 23:00:00.813,1.45784,1.4584,1.00,2.20
2014.01.02 23:00:01.281,1.45786,1.45835,1.00,1.00
2014.01.02 23:00:01.403,1.45786,1.45836,1.00,1.50
2014.01.02 23:00:01.649,1.45784,1.45836,1.13,1.00
2014.01.02 23:00:02.162,1.45783,1.45836,1.50,1.50
2014.01.02 23:00:02.577,1.45785,1.45836,1.00,1.50
2014.01.02 23:00:03.221,1.45785,1.45837,1.50,1.00
2014.01.02 23:00:03.769,1.45789,1.45837,1.00,1.00
2014.01.02 23:00:04.322,1.4579,1.45837,1.00,1.50
2014.01.02 23:00:05.987,1.45792,1.45837,1.00,1.00
2014.01.02 23:00:07.458,1.45792,1.45837,1.00,1.50
2014.01.02 23:00:07.518,1.45792,1.45837,1.00,1.00
2014.01.02 23:00:07.777,1.45795,1.45839,1.00,1.00
2014.01.02 23:00:09.073,1.45794,1.45839,1.00,1.00
2014.01.02 23:00:09.481,1.45794,1.45841,1.00,1.00
2014.01.02 23:00:10.201,1.45796,1.45841,1.00,1.00
2014.01.02 23:00:13.032,1.45796,1.45841,1.00,1.00
2014.01.02 23:00:14.127,1.45797,1.45841,1.00,1.00
2014.01.02 23:00:15.567,1.45797,1.45841,1.00,1.50
2014.01.02 23:00:16.983,1.458,1.45841,1.00,1.00
2014.01.02 23:00:17.506,1.45799,1.45842,1.00,2.63
2014.01.02 23:00:18.625,1.45795,1.45841,1.50,2.88
2014.01.02 23:00:19.090,1.45797,1.45843,1.00,1.38
2014.01.02 23:00:19.140,1.45797,1.45843,1.00,1.00
2014.01.02 23:00:19.242,1.458,1.45843,1.00,1.00
2014.01.02 23:00:19.596,1.458,1.45845,1.13,1.00
2014.01.02 23:00:19.697,1.45805,1.45845,1.00,1.00
2014.01.02 23:00:19.899,1.45802,1.45851,1.00,1.38
2014.01.02 23:00:20.505,1.45802,1.45851,1.50,1.50
2014.01.02 23:00:20.893,1.45802,1.45851,1.50,1.38
2014.01.02 23:00:20.994,1.45799,1.45851,1.50,1.88
2014.01.02 23:00:21.095,1.45797,1.45851,1.00,1.38
2014.01.02 23:00:21.146,1.45796,1.45851,1.00,1.38
2014.01.02 23:00:21.398,1.45794,1.45851,1.00,1.38
2014.01.02 23:00:21.985,1.45794,1.45851,2.22,2.88
2014.01.02 23:00:22.494,1.45793,1.45848,2.25,4.88
2014.01.02 23:00:23.057,1.45794,1.45843,1.00,3.63
2014.01.02 23:00:23.752,1.45793,1.45843,2.25,3.63
2014.01.02 23:00:24.357,1.45794,1.45843,1.00,3.38
2014.01.02 23:00:25.127,1.45793,1.45843,1.00,3.25
2014.01.02 23:00:25.229,1.45791,1.4584,1.50,2.26
2014.01.02 23:00:25.331,1.45791,1.45839,1.50,2.13
2014.01.02 23:00:25.821,1.45791,1.45839,1.00,2.25
2014.01.02 23:00:25.923,1.45783,1.45835,1.00,2.50
2014.01.02 23:00:26.024,1.45784,1.45833,1.00,2.50
2014.01.02 23:00:26.186,1.45781,1.45833,2.63,2.50
2014.01.02 23:00:26.543,1.4578,1.45831,1.00,2.50
2014.01.02 23:00:29.058,1.45782,1.45831,1.00,2.50
2014.01.02 23:00:30.330,1.45782,1.45831,1.00,2.25
2014.01.02 23:00:31.234,1.45782,1.45831,1.00,1.00
2014.01.02 23:00:31.882,1.45788,1.45831,1.00,1.00
2014.01.02 23:00:32.391,1.45788,1.45831,1.00,1.00
2014.01.02 23:00:33.101,1.45789,1.45831,1.00,1.00
2014.01.02 23:00:34.116,1.45787,1.45831,1.00,1.00
2014.01.02 23:00:35.157,1.45789,1.45831,1.00,1.00
2014.01.02 23:00:35.310,1.45783,1.45831,1.00,2.13
2014.01.02 23:00:37.136,1.45783,1.45831,1.00,1.88
2014.01.02 23:00:38.128,1.45784,1.45831,1.00,1.88
2014.01.02 23:00:39.116,1.45784,1.45831,1.00,2.13
2014.01.02 23:00:40.107,1.45785,1.45831,1.00,2.13
2014.01.02 23:00:44.100,1.45785,1.45831,1.00,1.00
2014.01.02 23:00:57.411,1.45791,1.45833,1.00,1.38
2014.01.02 23:00:57.741,1.45791,1.45833,1.00,2.88
2014.01.02 23:00:57.845,1.45782,1.45832,1.00,2.88
2014.01.02 23:00:57.896,1.45784,1.45832,1.00,1.38
2014.01.02 23:00:58.049,1.45784,1.45832,1.50,1.13
2014.01.02 23:00:58.099,1.45788,1.45832,2.22,1.13
2014.01.02 23:00:59.136,1.45788,1.45832,2.22,2.09
2014.01.02 23:01:00.253,1.45788,1.45833,2.22,2.63
2014.01.02 23:01:00.303,1.45788,1.45833,1.47,1.50
2014.01.02 23:01:00.406,1.45788,1.45833,2.22,2.63
2014.01.02 23:01:07.489,1.45797,1.45833,1.00,1.38
2014.01.02 23:01:10.693,1.45798,1.45833,1.00,1.38
2014.01.02 23:01:12.934,1.45797,1.45833,1.47,1.38
2014.01.02 23:01:13.710,1.45798,1.45833,1.00,1.38
2014.01.02 23:01:14.344,1.45797,1.45833,1.47,1.38
2014.01.02 23:01:16.672,1.45797,1.45836,1.72,2.63
2014.01.02 23:01:21.897,1.45797,1.45836,1.00,1.88
2014.01.02 23:01:21.950,1.45794,1.45832,1.00,2.63
2014.01.02 23:01:22.109,1.45794,1.45831,1.00,2.13
2014.01.02 23:01:22.211,1.45791,1.45831,1.50,2.13
2014.01.02 23:01:22.261,1.45791,1.45831,1.50,1.38
2014.01.02 23:01:22.312,1.45783,1.45831,1.00,1.38
2014.01.02 23:01:24.105,1.45782,1.4583,3.00,2.88
2014.01.02 23:01:25.096,1.45783,1.4583,1.00,1.38
2014.01.02 23:01:27.155,1.45782,1.4583,2.25,1.38
2014.01.02 23:01:29.135,1.45783,1.4583,1.00,4.35
2014.01.02 23:01:29.604,1.45784,1.4583,1.00,3.60
2014.01.02 23:01:30.941,1.45785,1.45834,1.00,1.88
2014.01.02 23:01:31.471,1.45784,1.45834,2.25,1.38
2014.01.02 23:01:33.095,1.45785,1.45834,1.00,1.38
2014.01.02 23:01:34.085,1.45787,1.45834,1.00,1.38
2014.01.02 23:01:36.945,1.45788,1.45834,1.00,1.38
2014.01.02 23:01:38.286,1.45785,1.45834,2.63,1.38
2014.01.02 23:01:42.248,1.45788,1.45834,1.00,1.38
2014.01.02 23:01:59.172,1.45787,1.45834,1.00,1.38
2014.01.02 23:01:59.601,1.45789,1.45835,1.00,1.38
2014.01.02 23:02:00.406,1.45791,1.45835,1.00,1.38
2014.01.02 23:02:00.920,1.4579,1.45835,1.00,1.38
2014.01.02 23:02:01.477,1.45789,1.45835,1.00,1.38
2014.01.02 23:02:09.761,1.45788,1.45834,1.50,1.38
2014.01.02 23:02:10.496,1.45787,1.45834,1.50,1.38
2014.01.02 23:02:11.157,1.45788,1.45834,1.00,1.38
2014.01.02 23:02:12.412,1.45787,1.45834,1.50,1.38
2014.01.02 23:02:19.519,1.45786,1.4582,1.88,1.00
2014.01.02 23:02:19.721,1.4578,1.4582,1.00,1.00
2014.01.02 23:02:19.772,1.45779,1.45822,1.50,1.00
2014.01.02 23:02:20.076,1.4578,1.45825,1.00,1.13
2014.01.02 23:02:20.335,1.45789,1.45826,1.00,1.38
2014.01.02 23:02:21.187,1.45789,1.45834,1.00,1.38
2014.01.02 23:02:21.242,1.45781,1.4582,1.00,1.38
2014.01.02 23:02:21.715,1.45773,1.45818,1.00,2.88
2014.01.02 23:02:26.028,1.45773,1.45818,1.00,1.38
2014.01.02 23:02:26.079,1.45767,1.4581,1.84,1.13
2014.01.02 23:02:26.382,1.45763,1.4581,2.59,1.38
2014.01.02 23:02:26.483,1.45763,1.4581,2.22,1.38
2014.01.02 23:02:26.585,1.45763,1.4581,2.22,1.38
2014.01.02 23:02:26.888,1.45763,1.4581,2.22,1.38
2014.01.02 23:02:27.039,1.45761,1.4581,1.50,1.38
2014.01.02 23:02:27.355,1.45761,1.4581,1.50,1.38
2014.01.02 23:02:27.785,1.45764,1.4581,1.00,1.38
2014.01.02 23:02:30.473,1.45761,1.4581,1.00,1.38
2014.01.02 23:02:30.524,1.4576,1.4581,2.25,1.38
2014.01.02 23:02:31.406,1.45757,1.45805,1.88,1.38
2014.01.02 23:02:31.608,1.45756,1.45802,1.00,1.38
2014.01.02 23:02:32.292,1.45755,1.45802,1.50,1.38
2014.01.02 23:02:34.120,1.45754,1.45802,1.13,1.38
2014.01.02 23:02:42.114,1.45757,1.45802,1.00,1.38
2014.01.02 23:02:42.540,1.4576,1.45802,1.00,1.38
2014.01.02 23:02:42.641,1.4576,1.45802,1.00,1.38
2014.01.02 23:02:43.195,1.45761,1.45802,1.00,1.38
2014.01.02 23:02:44.741,1.45764,1.45802,1.00,1.38
2014.01.02 23:02:45.148,1.45768,1.45802,1.50,1.38
2014.01.02 23:02:46.663,1.45771,1.45802,1.50,1.38
2014.01.02 23:02:57.118,1.4577,1.45802,1.00,1.38
2014.01.02 23:03:00.028,1.45775,1.45802,1.00,1.38
2014.01.02 23:03:00.529,1.45777,1.45802,1.00,1.38
2014.01.02 23:03:00.844,1.45775,1.45802,1.00,1.38
2014.01.02 23:03:02.116,1.45774,1.45802,1.50,1.38
2014.01.02 23:03:04.317,1.45774,1.45803,1.50,1.38
2014.01.02 23:03:09.256,1.45775,1.45803,1.00,1.38
2014.01.02 23:03:20.969,1.45773,1.45803,2.25,1.38
2014.01.02 23:03:22.743,1.45775,1.45803,1.00,1.38
2014.01.02 23:03:22.895,1.45779,1.45809,1.00,1.38
2014.01.02 23:03:24.078,1.45781,1.45809,1.00,1.38
2014.01.02 23:03:24.158,1.45781,1.45813,1.00,1.00
2014.01.02 23:03:24.311,1.45786,1.45813,1.00,1.00
2014.01.02 23:03:24.638,1.45786,1.45819,1.50,2.25
2014.01.02 23:03:24.790,1.45786,1.45819,1.50,1.38
2014.01.02 23:03:25.401,1.45787,1.45819,1.00,1.88
2014.01.02 23:03:39.271,1.4579,1.45822,1.00,1.00
2014.01.02 23:03:39.483,1.45791,1.45826,1.00,1.13
2014.01.02 23:03:40.092,1.4579,1.4583,1.50,1.38
2014.01.02 23:03:50.556,1.45794,1.4583,1.00,1.88
2014.01.02 23:03:53.795,1.45796,1.4583,1.00,1.88
2014.01.02 23:03:54.099,1.45798,1.45831,1.00,1.38
2014.01.02 23:04:00.261,1.45796,1.45831,1.00,1.38
2014.01.02 23:04:14.953,1.45797,1.45831,1.00,1.38
2014.01.02 23:04:18.780,1.45795,1.45831,1.50,1.88
2014.01.02 23:04:21.497,1.458,1.45831,1.00,1.38
2014.01.02 23:04:21.709,1.45798,1.45831,1.00,1.38
2014.01.02 23:04:22.097,1.45795,1.45831,1.50,1.88
2014.01.02 23:04:29.298,1.45797,1.45831,1.00,1.38
2014.01.02 23:04:29.602,1.45801,1.45836,1.50,1.38
2014.01.02 23:04:29.754,1.45801,1.45836,1.50,1.38
2014.01.02 23:04:49.699,1.45802,1.45836,1.00,1.38
2014.01.02 23:04:52.346,1.45802,1.45831,1.50,1.00
2014.01.02 23:04:52.649,1.45795,1.45816,1.72,2.50
2014.01.02 23:04:52.952,1.45788,1.45817,1.09,1.00
2014.01.02 23:04:53.003,1.45784,1.45817,1.38,1.00
2014.01.02 23:04:53.104,1.45784,1.45818,1.88,1.50
2014.01.02 23:05:26.748,1.45784,1.45818,1.38,1.00
2014.01.02 23:05:51.261,1.45784,1.45816,1.38,1.00
2014.01.02 23:05:51.464,1.45783,1.45813,1.00,1.00
2014.01.02 23:05:51.716,1.45785,1.45813,1.00,1.00
2014.01.02 23:05:52.274,1.45785,1.45813,1.00,2.50
2014.01.02 23:06:02.412,1.45785,1.45812,1.00,1.00
2014.01.02 23:06:03.023,1.45785,1.4581,1.00,2.50
2014.01.02 23:06:04.992,1.45785,1.4581,1.00,2.50
2014.01.02 23:06:05.042,1.45781,1.4581,1.00,2.50
2014.01.02 23:06:05.093,1.45781,1.4581,1.38,1.00
2014.01.02 23:06:05.453,1.45781,1.45811,1.38,1.50
2014.01.02 23:06:06.010,1.45781,1.45812,1.38,1.50
2014.01.02 23:06:16.524,1.45781,1.45812,1.38,2.50
2014.01.02 23:06:17.047,1.45785,1.45812,1.13,1.00
2014.01.02 23:06:20.156,1.45785,1.45812,1.13,3.25
2014.01.02 23:07:00.647,1.45781,1.45812,1.38,1.00
2014.01.02 23:07:16.091,1.45781,1.45812,1.38,1.00
2014.01.02 23:07:16.385,1.45781,1.45812,1.38,1.50
2014.01.02 23:07:36.626,1.45778,1.45812,1.88,1.50
2014.01.02 23:07:41.042,1.4578,1.45814,1.38,1.00
2014.01.02 23:07:45.149,1.4578,1.45814,1.38,1.00
2014.01.02 23:07:45.679,1.45777,1.45814,1.88,1.50
2014.01.02 23:07:51.268,1.45777,1.45814,1.38,1.00
2014.01.02 23:07:51.572,1.45773,1.45805,1.38,1.00
2014.01.02 23:07:51.857,1.45772,1.45807,1.38,1.00
2014.01.02 23:07:52.081,1.4577,1.45807,1.88,1.50
2014.01.02 23:07:52.448,1.4577,1.45807,1.50,1.88
2014.01.02 23:07:52.498,1.4577,1.45807,1.00,2.13
2014.01.02 23:07:53.033,1.45769,1.45807,1.00,2.13
2014.01.02 23:07:58.316,1.45768,1.45807,2.25,2.63
2014.01.02 23:08:04.324,1.45769,1.45807,1.00,2.88
2014.01.02 23:08:04.759,1.45769,1.45807,1.50,2.63
2014.01.02 23:08:04.860,1.45772,1.45807,1.13,1.00
2014.01.02 23:08:04.911,1.45772,1.45807,1.88,1.50
2014.01.02 23:08:05.012,1.45773,1.45808,1.00,1.88
2014.01.02 23:08:05.163,1.45776,1.45808,1.00,1.13
2014.01.02 23:08:05.492,1.45776,1.4581,1.38,1.00
2014.01.02 23:08:24.804,1.45776,1.4581,1.38,1.00
2014.01.02 23:08:44.910,1.45778,1.45812,1.38,1.00
2014.01.02 23:08:54.839,1.45778,1.45815,1.88,1.88
2014.01.02 23:08:57.346,1.45778,1.45815,1.38,2.13
2014.01.02 23:08:57.703,1.45775,1.45814,1.88,1.50
2014.01.02 23:09:17.685,1.45774,1.45814,1.88,1.50
2014.01.02 23:09:29.808,1.45777,1.45814,1.38,1.00
2014.01.02 23:09:44.974,1.45779,1.45814,1.13,1.00
2014.01.02 23:09:45.666,1.4578,1.45814,1.00,1.00
2014.01.02 23:10:01.251,1.4578,1.45814,1.00,2.13
2014.01.02 23:10:01.840,1.45778,1.45814,1.88,1.88
2014.01.02 23:10:02.446,1.45779,1.45814,1.88,1.88
2014.01.02 23:10:15.815,1.45779,1.45813,1.13,2.13
2014.01.02 23:10:16.117,1.45784,1.45816,1.00,2.25
2014.01.02 23:10:16.365,1.45781,1.45816,1.00,2.51
2014.01.02 23:10:16.567,1.45777,1.45815,1.00,3.25
2014.01.02 23:10:36.581,1.45777,1.45812,1.50,4.50
2014.01.02 23:10:36.884,1.45779,1.45812,3.00,2.25
2014.01.02 23:10:41.670,1.45779,1.45812,4.50,2.25
2014.01.02 23:10:47.072,1.45777,1.45812,1.50,4.88
2014.01.02 23:10:47.578,1.45777,1.45812,1.50,4.88
2014.01.02 23:10:48.092,1.45774,1.45807,1.20,3.00
2014.01.02 23:11:00.125,1.45771,1.45806,2.63,3.00
2014.01.02 23:11:09.707,1.45776,1.45807,2.25,1.15
2014.01.02 23:11:31.215,1.45777,1.45807,1.08,3.83
2014.01.02 23:11:31.266,1.45772,1.45807,1.88,6.00
2014.01.02 23:11:46.801,1.45772,1.45805,1.20,4.50
2014.01.02 23:11:46.852,1.4577,1.45805,1.95,4.50
2014.01.02 23:11:48.158,1.4577,1.45804,1.20,3.75
2014.01.02 23:11:48.209,1.45769,1.45802,1.58,3.75
2014.01.02 23:12:00.963,1.45767,1.45801,1.58,3.75
2014.01.02 23:12:07.788,1.45765,1.45798,1.83,3.76
2014.01.02 23:12:07.839,1.45765,1.45797,1.15,5.25
2014.01.02 23:12:24.436,1.45764,1.45797,1.58,2.33
2014.01.02 23:12:24.487,1.45764,1.45798,2.25,2.25
2014.01.02 23:12:31.145,1.45764,1.45798,1.83,3.00
2014.01.02 23:12:31.247,1.45764,1.45797,1.15,3.00
2014.01.02 23:13:10.148,1.45764,1.45796,1.15,4.50
2014.01.02 23:13:10.749,1.45764,1.45796,1.15,4.50
2014.01.02 23:13:14.586,1.45764,1.45795,1.18,4.51
2014.01.02 23:13:14.849,1.45756,1.45789,1.15,3.38
2014.01.02 23:13:15.988,1.45754,1.45789,1.50,4.88
2014.01.02 23:13:16.292,1.45754,1.45783,1.18,4.13
2014.01.02 23:13:18.440,1.4575,1.4578,1.08,4.88
2014.01.02 23:13:18.491,1.45745,1.45779,1.50,3.38
2014.01.02 23:13:28.198,1.45743,1.45779,1.50,4.88
2014.01.02 23:13:28.299,1.45743,1.45779,1.50,6.38
2014.01.02 23:13:48.592,1.45743,1.45778,1.50,4.50
2014.01.02 23:14:03.669,1.45745,1.45778,1.50,3.00
2014.01.02 23:14:24.521,1.45745,1.45778,1.50,1.50
2014.01.02 23:14:37.223,1.45747,1.45779,1.50,1.28
2014.01.02 23:15:00.264,1.45745,1.45779,3.00,2.63
2014.01.02 23:15:07.155,1.45746,1.45779,1.50,1.95
2014.01.02 23:15:07.256,1.45747,1.45779,1.50,1.28
2014.01.02 23:15:16.751,1.45746,1.45776,1.10,3.75
2014.01.02 23:15:17.064,1.45735,1.45769,2.25,3.00
2014.01.02 23:15:21.331,1.45735,1.45769,2.25,3.00
2014.01.02 23:15:35.067,1.45731,1.45766,1.58,4.50
2014.01.02 23:15:35.186,1.45733,1.45766,2.25,2.25
2014.01.02 23:15:55.653,1.45733,1.45766,1.88,2.25
2014.01.02 23:16:14.707,1.45735,1.45767,1.20,1.50
2014.01.02 23:16:15.389,1.45735,1.45767,1.88,1.50
2014.01.02 23:16:55.557,1.45735,1.45768,1.20,1.50
2014.01.02 23:16:58.747,1.45733,1.45768,1.20,4.50
2014.01.02 23:17:14.986,1.45734,1.45768,1.88,2.25
2014.01.02 23:17:29.912,1.45738,1.45766,1.00,4.50
2014.01.02 23:17:45.593,1.4574,1.45766,1.00,3.00
2014.01.02 23:17:45.643,1.4574,1.4577,1.15,1.15
2014.01.02 23:17:45.745,1.45742,1.4577,1.50,1.15
2014.01.02 23:17:51.415,1.45739,1.45771,1.50,1.50
2014.01.02 23:17:51.517,1.45738,1.45771,1.15,1.50
2014.01.02 23:18:00.214,1.45739,1.45771,1.15,1.83
2014.01.02 23:18:00.265,1.45739,1.45771,1.58,1.15
2014.01.02 23:18:00.316,1.45739,1.45771,2.25,1.15
2014.01.02 23:18:00.581,1.45743,1.45774,1.50,1.15
2014.01.02 23:18:02.802,1.45743,1.45774,1.08,1.83
2014.01.02 23:18:02.853,1.45741,1.45773,1.15,3.75
2014.01.02 23:18:02.955,1.45745,1.45778,1.58,1.95
2014.01.02 23:18:03.107,1.45743,1.45777,3.00,2.63
2014.01.02 23:18:03.496,1.45746,1.45778,2.25,1.20
2014.01.02 23:18:03.941,1.45747,1.45779,1.50,1.95
2014.01.02 23:18:05.874,1.45749,1.45779,3.00,1.20
2014.01.02 23:18:06.026,1.45748,1.4578,1.50,1.88
2014.01.02 23:18:06.076,1.45748,1.4578,1.50,1.88
2014.01.02 23:18:07.194,1.45748,1.4578,3.00,1.20
2014.01.02 23:18:07.570,1.45749,1.45782,1.50,1.20
2014.01.02 23:18:09.922,1.45749,1.45782,1.50,1.15
2014.01.02 23:18:12.898,1.4575,1.45784,1.83,2.63
2014.01.02 23:18:14.688,1.4575,1.45784,1.58,2.63
2014.01.02 23:18:17.512,1.4575,1.45784,1.58,2.63
2014.01.02 23:18:17.774,1.45755,1.45785,1.58,1.20
2014.01.02 23:18:17.825,1.45755,1.45786,2.25,1.53
2014.01.02 23:18:24.155,1.45754,1.45788,2.25,1.83
2014.01.02 23:18:24.684,1.45754,1.45788,1.58,2.25
2014.01.02 23:18:43.197,1.45755,1.45788,1.83,1.83
2014.01.02 23:18:43.248,1.45757,1.45788,1.50,1.15
2014.01.02 23:18:47.216,1.45756,1.45789,1.50,1.83
2014.01.02 23:18:47.987,1.45756,1.45789,1.50,1.50
2014.01.02 23:18:51.213,1.45755,1.45789,1.50,4.50
2014.01.02 23:18:51.951,1.45754,1.45789,1.50,4.50
2014.01.02 23:19:02.233,1.45753,1.45788,2.25,4.76
2014.01.02 23:19:02.850,1.45753,1.45786,1.50,3.00
2014.01.02 23:19:05.415,1.45749,1.45783,1.58,3.75
2014.01.02 23:19:05.739,1.45748,1.4578,1.20,3.00
2014.01.02 23:19:17.802,1.45749,1.4578,1.50,1.65
2014.01.02 23:19:19.092,1.45748,1.45781,1.83,3.00
2014.01.02 23:19:19.395,1.45747,1.4578,1.15,2.63
2014.01.02 23:19:19.446,1.45745,1.4578,1.50,3.38
2014.01.02 23:19:19.648,1.45746,1.4578,2.33,3.38
2014.01.02 23:19:19.699,1.45747,1.4578,1.50,2.33
2014.01.02 23:19:31.359,1.45749,1.45782,1.50,2.25
2014.01.02 23:19:48.229,1.45756,1.45782,1.00,1.50
2014.01.02 23:19:48.331,1.45756,1.45785,3.00,2.63
2014.01.02 23:19:48.382,1.45759,1.45786,1.50,1.58
2014.01.02 23:19:52.465,1.45759,1.45786,1.50,1.28
2014.01.02 23:19:52.789,1.45759,1.45786,1.50,1.00
2014.01.02 23:19:52.840,1.45755,1.45785,1.65,2.50
2014.01.02 23:19:53.092,1.4575,1.45782,1.58,2.23
2014.01.02 23:20:00.694,1.4575,1.45782,1.50,1.58
2014.01.02 23:20:01.524,1.45749,1.45782,1.50,1.88
2014.01.02 23:20:02.025,1.4575,1.45782,1.58,1.20
2014.01.02 23:20:02.577,1.4575,1.45782,1.83,1.20
2014.01.02 23:20:02.637,1.4575,1.45782,1.15,1.88
2014.01.02 23:20:03.103,1.45747,1.45782,1.58,2.63
2014.01.02 23:20:11.609,1.45747,1.45782,1.83,2.25
2014.01.02 23:20:13.009,1.45748,1.45781,1.58,3.00
2014.01.02 23:20:14.129,1.45754,1.45781,1.50,1.20
2014.01.02 23:20:14.781,1.45755,1.45787,3.00,1.15
2014.01.02 23:20:14.883,1.45757,1.45787,1.50,1.15
2014.01.02 23:20:15.034,1.45759,1.45791,1.50,1.50
2014.01.02 23:20:15.135,1.4576,1.45793,1.50,2.63
2014.01.02 23:20:15.540,1.45762,1.45794,1.50,1.88
2014.01.02 23:20:15.990,1.45759,1.45794,1.50,4.88
2014.01.02 23:20:16.092,1.45757,1.45791,2.25,3.00
2014.01.02 23:20:16.254,1.45755,1.45791,2.25,6.38
2014.01.02 23:20:18.190,1.45754,1.45787,2.25,2.63
2014.01.02 23:20:31.105,1.45755,1.45787,1.83,1.95
2014.01.02 23:20:33.322,1.45758,1.45787,2.33,1.20
2014.01.02 23:20:33.374,1.45759,1.45791,1.50,2.63
2014.01.02 23:20:53.659,1.45757,1.45791,1.50,1.20
2014.01.02 23:21:05.172,1.45759,1.45791,1.50,1.20
2014.01.02 23:21:05.223,1.4576,1.45791,1.50,1.53
2014.01.02 23:21:05.324,1.45757,1.45791,2.25,2.63
2014.01.02 23:21:10.461,1.45757,1.45791,1.08,3.76
2014.01.02 23:21:10.512,1.45756,1.45787,1.15,4.50
2014.01.02 23:21:20.451,1.45757,1.45789,1.65,1.50
2014.01.02 23:21:20.778,1.45759,1.45791,1.50,1.50
2014.01.02 23:21:29.680,1.45757,1.45791,1.50,1.20
2014.01.02 23:21:30.197,1.45757,1.45791,1.50,1.20
2014.01.02 23:21:48.441,1.45756,1.45791,1.50,5.63
2014.01.02 23:22:03.592,1.45756,1.45791,1.50,3.38
2014.01.02 23:22:23.256,1.45756,1.4579,1.50,2.70
2014.01.02 23:22:41.971,1.45757,1.4579,1.50,2.63
2014.01.02 23:22:56.649,1.45756,1.4579,1.83,4.13
2014.01.02 23:22:56.700,1.45756,1.4579,1.15,4.13
2014.01.02 23:22:56.751,1.45756,1.4579,1.15,4.13
2014.01.02 23:22:57.406,1.45756,1.45787,1.18,5.63
2014.01.02 23:23:02.853,1.45756,1.45787,1.65,1.53
2014.01.02 23:23:02.954,1.45757,1.45787,1.50,1.53
2014.01.02 23:23:25.362,1.45755,1.45788,1.50,1.20
2014.01.02 23:23:25.412,1.45754,1.45788,3.00,1.20
2014.01.02 23:23:25.463,1.45754,1.45788,3.00,1.20
2014.01.02 23:23:25.665,1.45756,1.45789,2.25,1.20
2014.01.02 23:23:28.529,1.45756,1.45789,1.15,1.88
2014.01.02 23:23:28.910,1.45756,1.45789,2.25,1.20
2014.01.02 23:23:30.609,1.45757,1.4579,1.50,1.53
2014.01.02 23:23:32.000,1.4576,1.45791,2.33,1.53
2014.01.02 23:23:32.152,1.45764,1.45795,1.50,1.53
2014.01.02 23:23:32.404,1.45764,1.45795,1.50,1.53
2014.01.02 23:23:32.715,1.45771,1.45799,1.88,1.28
2014.01.02 23:23:32.766,1.45783,1.45799,1.00,1.28
2014.01.02 23:23:33.076,1.45783,1.45799,2.25,1.13
2014.01.02 23:23:33.606,1.45783,1.45799,1.58,1.13
2014.01.02 23:23:33.657,1.45783,1.45813,1.58,1.20
2014.01.02 23:23:35.048,1.45781,1.45813,1.83,1.20
2014.01.02 23:23:35.099,1.45781,1.45813,1.15,1.88
2014.01.02 23:23:37.256,1.45785,1.45813,1.08,1.20
2014.01.02 23:23:37.306,1.45784,1.45817,1.50,1.95
2014.01.02 23:23:38.367,1.45786,1.45819,2.33,1.95
2014.01.02 23:23:53.785,1.45786,1.45818,1.15,3.70
2014.01.02 23:23:53.937,1.45785,1.45816,1.15,3.45
2014.01.02 23:23:54.547,1.4578,1.45816,3.00,4.88
2014.01.02 23:24:34.623,1.45781,1.45816,1.50,3.38
2014.01.02 23:24:38.611,1.45781,1.45816,1.50,3.38
2014.01.02 23:24:39.221,1.45783,1.45816,1.50,3.38
2014.01.02 23:24:39.580,1.4578,1.45816,2.33,4.88
2014.01.02 23:24:39.631,1.45779,1.45814,1.50,3.38
2014.01.02 23:24:46.655,1.45777,1.45811,1.88,3.00
2014.01.02 23:24:50.320,1.45778,1.45811,1.20,2.33
2014.01.02 23:24:50.691,1.45777,1.45811,1.20,4.50
2014.01.02 23:25:00.566,1.45778,1.45811,1.20,1.50
2014.01.02 23:25:19.405,1.45779,1.45812,1.83,1.50
2014.01.02 23:25:19.734,1.45789,1.45812,1.00,1.50
2014.01.02 23:25:19.896,1.45789,1.45816,1.00,1.50
2014.01.02 23:25:40.522,1.45789,1.45816,1.00,2.25
2014.01.02 23:26:19.784,1.45788,1.45816,1.10,2.25
2014.01.02 23:26:37.928,1.45788,1.45818,1.18,1.50
2014.01.02 23:26:58.226,1.45788,1.45818,1.10,4.76
2014.01.02 23:27:02.997,1.45788,1.45815,1.00,3.25
2014.01.02 23:27:03.048,1.45788,1.45814,1.00,3.01
2014.01.02 23:27:03.352,1.45788,1.45814,1.00,1.15
2014.01.02 23:27:13.283,1.45788,1.45809,1.00,3.75
2014.01.02 23:27:13.384,1.45772,1.45806,1.08,2.70
2014.01.02 23:27:13.435,1.45772,1.45806,1.00,4.88
2014.01.02 23:27:13.486,1.4577,1.45801,1.08,2.20
2014.01.02 23:27:13.790,1.45769,1.45801,1.20,3.25
2014.01.02 23:27:13.941,1.45769,1.45801,1.48,3.25
2014.01.02 23:27:34.659,1.45774,1.45802,1.13,2.25
2014.01.02 23:27:35.649,1.45776,1.45802,1.00,2.25
2014.01.02 23:27:36.159,1.45776,1.45802,1.00,1.58
2014.01.02 23:27:38.132,1.45777,1.45803,1.00,1.83
2014.01.02 23:27:43.081,1.45778,1.45803,1.00,1.83
2014.01.02 23:27:44.087,1.45777,1.45803,1.00,1.83
2014.01.02 23:27:47.473,1.45777,1.45805,1.08,2.70
2014.01.02 23:27:47.524,1.45778,1.45806,1.15,2.40
2014.01.02 23:27:52.906,1.45778,1.45806,1.18,1.20
2014.01.02 23:27:52.965,1.45778,1.45806,1.18,1.20
2014.01.02 23:27:54.754,1.45778,1.45806,1.15,1.20
2014.01.02 23:27:54.863,1.45778,1.45808,1.15,2.63
2014.01.02 23:27:55.868,1.45781,1.45808,1.13,1.50
2014.01.02 23:27:55.919,1.45781,1.45808,1.88,1.10
2014.01.02 23:27:56.071,1.45779,1.45809,3.45,1.15
2014.01.02 23:27:56.136,1.45781,1.45809,1.88,1.20
2014.01.02 23:27:56.441,1.45779,1.45809,1.08,1.18
2014.01.02 23:27:56.492,1.45779,1.45808,1.10,4.01
2014.01.02 23:28:04.192,1.45778,1.45807,1.08,4.50
2014.01.02 23:28:04.344,1.45778,1.45804,1.00,3.76
2014.01.02 23:28:04.446,1.45771,1.45801,1.53,3.75
2014.01.02 23:28:04.547,1.45771,1.45801,1.28,3.75
2014.01.02 23:28:04.850,1.4577,1.45801,1.20,3.01
2014.01.02 23:28:11.054,1.45772,1.45802,1.50,1.15
2014.01.02 23:28:11.156,1.45779,1.45805,1.00,1.50
2014.01.02 23:28:11.459,1.45784,1.45809,1.00,1.50
2014.01.02 23:28:12.041,1.45784,1.45811,1.10,1.50
2014.01.02 23:28:13.364,1.45779,1.45811,1.20,4.01
2014.01.02 23:28:13.466,1.45777,1.45809,1.15,3.00
2014.01.02 23:28:13.822,1.45776,1.45808,1.58,4.50
2014.01.02 23:28:13.873,1.45776,1.45807,1.15,4.50
2014.01.02 23:28:17.961,1.45778,1.45807,1.08,2.33
2014.01.02 23:28:18.012,1.45778,1.45807,1.15,2.50
2014.01.02 23:28:18.416,1.45778,1.45809,1.58,1.50
2014.01.02 23:28:18.467,1.45778,1.4581,1.58,1.83
2014.01.02 23:28:20.671,1.45778,1.4581,1.15,1.83
2014.01.02 23:28:21.613,1.45778,1.45809,1.08,4.88
2014.01.02 23:28:21.664,1.45778,1.45807,1.10,3.38
2014.01.02 23:28:21.866,1.45775,1.45806,1.15,3.00
2014.01.02 23:28:22.484,1.45773,1.45807,1.15,4.13
2014.01.02 23:28:22.535,1.45773,1.45807,1.83,2.63
2014.01.02 23:28:42.478,1.45773,1.45807,2.25,1.50
2014.01.02 23:29:21.007,1.45773,1.45807,1.15,2.25
2014.01.02 23:29:30.835,1.45771,1.45807,2.33,3.00
2014.01.02 23:29:31.845,1.45777,1.45807,1.15,1.15
2014.01.02 23:29:32.624,1.45779,1.45811,1.15,3.38
2014.01.02 23:29:33.726,1.45781,1.45814,1.15,2.33
2014.01.02 23:29:33.827,1.45782,1.45814,1.20,1.15
2014.01.02 23:29:34.131,1.45788,1.45818,1.18,1.50
2014.01.02 23:29:34.233,1.45789,1.4582,1.15,1.50
2014.01.02 23:29:34.384,1.45792,1.45822,1.15,1.20
2014.01.02 23:29:34.486,1.45792,1.45823,1.58,1.20
2014.01.02 23:29:34.587,1.45792,1.45823,1.18,1.20
2014.01.02 23:29:46.297,1.45789,1.45823,1.15,2.63
2014.01.02 23:29:46.398,1.45787,1.45822,1.83,4.13
2014.01.02 23:29:50.232,1.45788,1.45822,2.25,1.58
2014.01.02 23:29:52.894,1.4579,1.45823,1.50,3.00
2014.01.02 23:29:53.199,1.45793,1.45825,1.50,1.50
2014.01.02 23:29:53.502,1.45791,1.45825,1.15,5.63
2014.01.02 23:29:59.883,1.45792,1.45825,1.50,3.38
2014.01.02 23:30:00.335,1.45789,1.4582,1.15,3.00
2014.01.02 23:30:00.677,1.45788,1.45821,1.83,2.25
2014.01.02 23:30:00.981,1.45796,1.45821,1.00,1.50
2014.01.02 23:30:01.951,1.45796,1.45821,1.00,1.50
2014.01.02 23:30:02.052,1.45796,1.45824,1.08,2.25
2014.01.02 23:30:02.204,1.458,1.45824,1.00,1.15
2014.01.02 23:30:02.820,1.458,1.45827,1.00,2.63
2014.01.02 23:30:04.150,1.45801,1.45827,1.00,2.63
2014.01.02 23:30:04.664,1.45801,1.45828,1.18,1.50
2014.01.02 23:30:14.184,1.458,1.45828,1.08,4.51
2014.01.02 23:30:14.437,1.45799,1.45827,1.00,5.26
2014.01.02 23:30:14.488,1.45799,1.45827,1.00,5.26
2014.01.02 23:30:14.639,1.45794,1.45827,1.95,3.01
2014.01.02 23:30:14.848,1.45794,1.45827,1.28,3.75
2014.01.02 23:30:16.828,1.45793,1.45826,1.20,3.00
2014.01.02 23:30:17.030,1.4579,1.45825,4.88,5.63
2014.01.02 23:30:17.612,1.45791,1.45824,1.20,4.88
2014.01.02 23:30:17.921,1.4579,1.45818,1.83,1.00
2014.01.02 23:30:17.972,1.45788,1.45818,1.15,2.28
2014.01.02 23:30:18.023,1.45789,1.45818,1.83,2.28
2014.01.02 23:30:18.124,1.45791,1.45822,1.50,2.70
2014.01.02 23:30:18.240,1.45794,1.45822,2.33,2.70
2014.01.02 23:30:18.341,1.45797,1.45822,1.15,1.45
2014.01.02 23:30:18.853,1.45797,1.45822,1.18,1.55
2014.01.02 23:30:31.936,1.45797,1.45824,1.18,1.20
2014.01.02 23:30:32.456,1.45797,1.45824,1.18,1.20
2014.01.02 23:30:50.994,1.45797,1.45824,1.18,1.20
2014.01.02 23:30:51.500,1.45797,1.45825,1.18,1.20
2014.01.02 23:30:55.794,1.45797,1.45827,1.15,1.88
2014.01.02 23:30:55.996,1.45796,1.45827,1.15,4.13
2014.01.02 23:31:00.781,1.45794,1.45824,1.18,3.38
2014.01.02 23:31:00.883,1.45792,1.45822,1.65,3.38
2014.01.02 23:31:00.984,1.45789,1.45822,1.15,4.13
2014.01.02 23:31:01.137,1.45789,1.45818,1.15,2.25
2014.01.02 23:31:01.238,1.45788,1.45817,1.10,3.38
2014.01.02 23:31:21.909,1.45784,1.45816,1.15,3.38
2014.01.02 23:31:42.120,1.45784,1.45816,1.15,1.20
2014.01.02 23:31:56.205,1.45785,1.45815,1.18,4.13
2014.01.02 23:31:56.256,1.45785,1.45815,1.20,5.63
2014.01.02 23:31:59.537,1.45785,1.45815,1.08,3.38
2014.01.02 23:31:59.588,1.45784,1.45815,1.50,1.20
2014.01.02 23:32:00.124,1.45789,1.45817,1.18,1.50
2014.01.02 23:32:00.635,1.45789,1.45818,1.08,2.63
2014.01.02 23:32:09.032,1.45789,1.45818,1.15,2.63
2014.01.02 23:32:09.083,1.45789,1.45818,1.15,1.88
2014.01.02 23:32:22.771,1.45787,1.45818,1.15,1.50
2014.01.02 23:32:26.820,1.45787,1.45817,1.15,3.75
2014.01.02 23:32:33.088,1.45792,1.45817,1.00,4.50
2014.01.02 23:32:35.619,1.45788,1.45817,1.18,4.50
2014.01.02 23:32:57.280,1.45789,1.45817,1.18,3.08
2014.01.02 23:32:57.381,1.45789,1.45817,1.15,1.58
2014.01.02 23:32:57.533,1.45789,1.45817,1.10,1.50
2014.01.02 23:33:05.545,1.45789,1.45818,1.18,2.33
2014.01.02 23:33:05.748,1.45789,1.45818,1.00,1.50
2014.01.02 23:33:06.646,1.45789,1.45819,1.10,1.50
2014.01.02 23:33:08.397,1.45791,1.45819,1.00,1.50
2014.01.02 23:33:09.957,1.45792,1.45819,1.00,1.50
2014.01.02 23:33:11.471,1.45792,1.45819,1.10,1.50
2014.01.02 23:33:20.192,1.45793,1.45819,1.00,1.50
2014.01.02 23:33:21.045,1.45793,1.45824,1.83,1.53
2014.01.02 23:33:21.096,1.45804,1.45825,1.00,1.95
2014.01.02 23:33:21.147,1.45804,1.45827,1.00,1.65
2014.01.02 23:33:21.248,1.45804,1.45827,1.20,1.15
2014.01.02 23:33:21.349,1.45804,1.45827,1.00,1.65
2014.01.02 23:33:41.754,1.45804,1.45831,1.10,3.64
2014.01.02 23:33:42.263,1.45804,1.45831,1.00,5.82
2014.01.02 23:33:56.967,1.45802,1.4583,1.00,4.32
2014.01.02 23:33:57.276,1.45802,1.4583,1.08,4.32
2014.01.02 23:33:57.529,1.45802,1.45829,1.15,2.15
2014.01.02 23:34:00.835,1.45806,1.45829,1.00,1.50
2014.01.02 23:34:01.145,1.45803,1.45829,1.10,1.58
2014.01.02 23:34:23.129,1.45803,1.45829,1.00,1.47
2014.01.02 23:34:24.830,1.45803,1.45829,1.00,4.32
2014.01.02 23:34:25.524,1.45803,1.45828,1.00,3.20
2014.01.02 23:34:30.376,1.45805,1.45828,1.00,2.45
2014.01.02 23:34:32.505,1.45806,1.45828,1.00,2.45
2014.01.02 23:34:39.311,1.45806,1.45828,1.00,1.77
2014.01.02 23:34:47.235,1.45807,1.45828,1.00,1.02
2014.01.02 23:34:49.544,1.45806,1.45828,1.00,1.02
2014.01.02 23:34:52.655,1.45805,1.45828,1.00,1.39
2014.01.02 23:34:57.371,1.45805,1.45829,1.00,1.39
2014.01.02 23:34:57.473,1.45803,1.45829,1.00,1.34
2014.01.02 23:34:57.523,1.45803,1.45829,1.00,1.72
2014.01.02 23:34:57.826,1.45803,1.45826,1.00,3.94
2014.01.02 23:34:58.029,1.45799,1.45826,1.00,4.69
2014.01.02 23:35:13.607,1.45801,1.45826,1.00,3.94
2014.01.02 23:35:14.475,1.45802,1.45826,1.00,3.94
2014.01.02 23:35:20.344,1.45799,1.45823,1.00,2.39
2014.01.02 23:35:20.396,1.45799,1.45823,1.00,2.14
2014.01.02 23:35:23.278,1.45796,1.45821,1.00,2.80
2014.01.02 23:35:23.638,1.45799,1.45821,1.00,2.52
2014.01.02 23:35:23.790,1.45799,1.45821,1.00,1.78
2014.01.02 23:35:23.840,1.45801,1.45823,1.00,3.27
2014.01.02 23:35:24.043,1.45803,1.45825,1.00,1.72
2014.01.02 23:35:24.094,1.45807,1.45826,1.00,1.09
2014.01.02 23:35:24.145,1.45807,1.45827,1.15,1.57
2014.01.02 23:35:24.591,1.4581,1.45827,1.50,1.19
2014.01.02 23:35:24.844,1.45807,1.45827,3.75,1.19
2014.01.02 23:35:25.046,1.45807,1.45827,1.15,1.19
2014.01.02 23:35:28.211,1.45806,1.45828,1.20,1.19
2014.01.02 23:35:32.155,1.45806,1.45828,1.18,1.19
2014.01.02 23:35:32.914,1.45808,1.45828,1.18,1.19
2014.01.02 23:35:35.913,1.45806,1.45828,1.08,1.19
2014.01.02 23:35:37.682,1.45807,1.45829,1.75,1.32
2014.01.02 23:35:37.835,1.45807,1.45829,1.00,1.25
2014.01.02 23:35:37.885,1.45807,1.45829,1.00,1.57
2014.01.02 23:35:38.239,1.45802,1.45829,1.15,1.69
2014.01.02 23:35:38.340,1.45802,1.45829,1.15,1.77
2014.01.02 23:35:38.869,1.45802,1.45828,1.00,3.95
2014.01.02 23:35:47.155,1.45801,1.45826,1.00,2.77
2014.01.02 23:35:49.862,1.45801,1.45826,1.00,3.95
2014.01.02 23:35:50.014,1.45801,1.45826,1.00,3.34
2014.01.02 23:35:50.115,1.45801,1.45826,1.00,2.85
2014.01.02 23:35:50.166,1.45795,1.45826,1.15,3.27
2014.01.02 23:35:50.751,1.45795,1.45826,1.15,3.94
2014.01.02 23:36:02.176,1.45795,1.45823,1.08,4.02
2014.01.02 23:36:02.279,1.45795,1.4582,1.00,2.77
2014.01.02 23:36:02.331,1.45795,1.45817,1.00,3.52
2014.01.02 23:36:02.382,1.4579,1.45815,1.38,3.01
2014.01.02 23:36:02.432,1.4579,1.45815,1.00,4.76
2014.01.02 23:36:02.584,1.4579,1.45815,1.00,1.50
2014.01.02 23:36:03.095,1.4579,1.45815,1.00,1.50
2014.01.02 23:36:07.184,1.4579,1.45815,1.00,3.75
2014.01.02 23:36:18.834,1.45791,1.45815,1.00,4.50
2014.01.02 23:36:22.355,1.4579,1.45815,1.00,4.50
2014.01.02 23:36:23.772,1.4579,1.45815,1.00,1.50
2014.01.02 23:36:26.269,1.4579,1.45815,1.00,1.50
2014.01.02 23:36:32.085,1.45789,1.4581,1.00,1.00
2014.01.02 23:36:32.388,1.45784,1.45807,1.00,2.52
2014.01.02 23:36:32.439,1.45788,1.45807,1.00,2.45
2014.01.02 23:36:32.541,1.45788,1.45807,1.00,1.45
2014.01.02 23:36:32.693,1.45788,1.45807,1.00,1.08
2014.01.02 23:36:34.325,1.45788,1.4581,1.00,1.97
2014.01.02 23:36:35.414,1.45788,1.45808,1.00,2.44
2014.01.02 23:36:35.936,1.45788,1.45808,1.00,1.09
2014.01.02 23:36:37.614,1.45783,1.45797,1.30,1.38
2014.01.02 23:36:37.919,1.45786,1.458,1.00,2.33
2014.01.02 23:36:38.020,1.45786,1.458,1.00,1.18
2014.01.02 23:36:38.072,1.45786,1.458,1.00,1.10
2014.01.02 23:36:38.224,1.45786,1.45802,1.10,1.50
2014.01.02 23:36:38.325,1.45788,1.45802,1.00,1.50
2014.01.02 23:36:38.634,1.45793,1.45812,1.00,1.38
2014.01.02 23:36:38.736,1.45793,1.45813,1.00,1.00
2014.01.02 23:36:38.887,1.45795,1.45816,1.08,1.48
2014.01.02 23:36:39.141,1.45795,1.45816,1.15,1.00
2014.01.02 23:36:39.242,1.45795,1.45816,2.25,1.00
2014.01.02 23:36:40.543,1.45795,1.45816,2.25,1.00
2014.01.02 23:36:43.170,1.45795,1.45819,1.50,1.38
2014.01.02 23:36:43.931,1.45795,1.45819,1.50,1.00
2014.01.02 23:36:44.520,1.45795,1.45819,1.50,1.00
2014.01.02 23:36:46.147,1.45805,1.45819,1.00,1.00
2014.01.02 23:36:46.198,1.45805,1.45822,1.00,1.13
2014.01.02 23:36:46.601,1.45805,1.45827,1.00,1.85
2014.01.02 23:36:46.905,1.45803,1.45828,1.10,1.55
2014.01.02 23:36:52.125,1.45803,1.45828,1.00,3.21
2014.01.02 23:36:52.935,1.458,1.45828,1.18,3.27
2014.01.02 23:36:57.005,1.45803,1.45828,1.00,3.27
2014.01.02 23:36:59.341,1.45802,1.45828,1.10,1.84
2014.01.02 23:37:00.744,1.45805,1.45828,1.00,1.40
2014.01.02 23:37:00.847,1.45805,1.45828,1.00,1.15
2014.01.02 23:37:01.430,1.45805,1.45828,1.00,1.15
2014.01.02 23:37:10.061,1.45806,1.4583,1.00,2.59
2014.01.02 23:37:10.414,1.45804,1.4583,1.00,1.15
2014.01.02 23:37:10.949,1.45802,1.4583,1.20,1.15
2014.01.02 23:37:12.585,1.45803,1.4583,1.00,1.15
2014.01.02 23:37:21.720,1.45806,1.4583,1.00,1.15
2014.01.02 23:37:23.725,1.45805,1.4583,1.00,3.22
2014.01.02 23:37:43.091,1.45802,1.45829,1.18,2.28
2014.01.02 23:37:43.604,1.45799,1.45826,1.18,2.09
2014.01.02 23:37:44.412,1.45799,1.45824,1.18,1.00
2014.01.02 23:37:45.022,1.45795,1.45823,2.33,1.00
2014.01.02 23:37:48.834,1.458,1.45823,1.10,1.00
2014.01.02 23:37:49.556,1.458,1.45823,1.10,1.19
2014.01.02 23:37:52.085,1.45795,1.45823,2.33,1.00
2014.01.02 23:37:52.390,1.45795,1.45823,1.18,1.84
2014.01.02 23:37:56.879,1.45795,1.45823,1.18,2.52
2014.01.02 23:37:56.930,1.45794,1.4582,1.15,2.02
2014.01.02 23:37:57.150,1.45797,1.45827,1.15,1.84
2014.01.02 23:37:57.305,1.45801,1.45828,1.50,1.02
2014.01.02 23:37:57.609,1.45802,1.45833,3.08,1.34
2014.01.02 23:38:05.124,1.45804,1.45836,1.15,2.14
2014.01.02 23:38:25.558,1.45802,1.45833,1.15,2.77
2014.01.02 23:38:29.755,1.45802,1.45833,1.15,2.77
2014.01.02 23:38:36.930,1.45803,1.45833,1.15,2.52
2014.01.02 23:38:45.564,1.45803,1.45833,1.15,1.19
2014.01.02 23:38:53.901,1.458,1.4583,3.75,1.00
2014.01.02 23:38:55.466,1.45805,1.4583,1.08,1.00
2014.01.02 23:38:55.618,1.45803,1.4583,1.58,1.00
2014.01.02 23:39:04.360,1.45803,1.4583,1.58,1.19
2014.01.02 23:39:04.416,1.45801,1.4583,1.65,1.57
2014.01.02 23:39:04.468,1.45801,1.4583,1.15,1.57
2014.01.02 23:39:04.772,1.45795,1.45821,1.15,1.25
2014.01.02 23:39:04.873,1.45791,1.45821,1.50,1.25
2014.01.02 23:39:05.025,1.45791,1.45819,1.50,2.09
2014.01.02 23:39:06.332,1.45791,1.45819,2.25,1.25
2014.01.02 23:39:09.067,1.45792,1.45819,1.15,1.67
2014.01.02 23:39:09.118,1.45791,1.45819,1.15,1.38
2014.01.02 23:39:09.422,1.45786,1.45817,2.78,1.57
2014.01.02 23:39:09.523,1.45786,1.45817,2.78,3.50
2014.01.02 23:39:10.067,1.45784,1.45814,1.53,2.80
2014.01.02 23:39:11.772,1.45784,1.45814,1.53,1.77
2014.01.02 23:39:12.579,1.45786,1.45814,1.28,2.52
2014.01.02 23:39:12.681,1.45786,1.4581,1.10,1.02
2014.01.02 23:39:12.782,1.45781,1.4581,1.18,2.52
2014.01.02 23:39:14.303,1.45779,1.45808,1.15,1.19
2014.01.02 23:39:17.987,1.45779,1.45807,1.15,2.77
2014.01.02 23:39:18.291,1.45778,1.45807,1.65,2.42
2014.01.02 23:39:18.341,1.45778,1.45807,2.33,1.09
2014.01.02 23:39:18.684,1.45779,1.45807,1.50,1.25
2014.01.02 23:39:21.880,1.45782,1.45807,1.15,1.32
2014.01.02 23:39:32.819,1.45783,1.45804,1.20,1.19
2014.01.02 23:39:32.921,1.45775,1.45804,2.33,1.48
2014.01.02 23:39:32.972,1.45774,1.45804,1.65,1.55
2014.01.02 23:39:33.022,1.45774,1.45804,1.15,2.79
2014.01.02 23:39:33.124,1.45777,1.45804,1.10,2.90
2014.01.02 23:39:33.276,1.45777,1.45804,1.18,2.59
2014.01.02 23:39:33.589,1.45779,1.45804,1.58,1.50
2014.01.02 23:39:34.222,1.45779,1.45804,3.00,1.00
2014.01.02 23:39:41.861,1.45781,1.45806,1.15,1.00
2014.01.02 23:39:45.160,1.45781,1.45808,1.15,1.39
2014.01.02 23:39:45.364,1.45783,1.45808,2.33,1.39
2014.01.02 23:39:45.517,1.45788,1.45813,1.65,1.00
2014.01.02 23:39:45.619,1.45788,1.45813,3.75,1.00
2014.01.02 23:39:45.721,1.45791,1.45816,2.25,1.00
2014.01.02 23:39:46.642,1.45791,1.45816,2.25,1.19
2014.01.02 23:39:53.683,1.45791,1.45816,2.25,1.57
2014.01.02 23:40:12.165,1.45791,1.45816,1.15,1.67
2014.01.02 23:40:23.672,1.45791,1.45816,1.15,1.29
2014.01.02 23:40:30.464,1.45791,1.45816,1.15,1.39
2014.01.02 23:40:31.094,1.45791,1.45816,1.15,1.47
2014.01.02 23:40:32.686,1.45791,1.45818,1.15,1.74
2014.01.02 23:40:32.839,1.45791,1.45818,1.15,1.20
2014.01.02 23:40:32.889,1.45791,1.45818,2.33,1.10
2014.01.02 23:40:33.194,1.45792,1.45818,1.15,1.57
2014.01.02 23:40:33.245,1.45792,1.45818,1.18,1.74
2014.01.02 23:40:43.222,1.45789,1.45818,2.25,1.19
2014.01.02 23:40:43.475,1.45793,1.45818,1.15,1.00
2014.01.02 23:40:43.728,1.45793,1.45818,1.15,1.57
2014.01.02 23:40:43.778,1.45793,1.45818,1.15,1.57
2014.01.02 23:40:48.321,1.45793,1.45818,1.15,1.00
2014.01.02 23:40:48.582,1.45793,1.45818,1.15,1.57
2014.01.02 23:41:02.831,1.45791,1.45818,1.15,1.19
2014.01.02 23:41:03.926,1.45791,1.45818,1.15,1.67
2014.01.02 23:41:12.966,1.45792,1.45818,1.58,1.19
2014.01.02 23:41:31.237,1.45795,1.4582,1.15,1.67
2014.01.02 23:41:31.540,1.45798,1.4582,2.25,1.57
2014.01.02 23:41:38.820,1.45799,1.45821,1.50,1.00
2014.01.02 23:41:39.101,1.45801,1.45827,1.15,1.00
2014.01.02 23:41:39.359,1.45806,1.4583,1.75,1.08
2014.01.02 23:41:39.871,1.45807,1.4583,1.50,1.00
2014.01.02 23:41:43.311,1.45806,1.4583,1.58,1.00
2014.01.02 23:41:45.604,1.45806,1.45833,2.33,1.10
2014.01.02 23:41:46.260,1.45806,1.45833,2.33,1.00
2014.01.02 23:41:46.589,1.45806,1.45833,2.33,1.10
2014.01.02 23:41:50.000,1.45806,1.45833,2.33,1.00
2014.01.02 23:42:20.931,1.45806,1.45833,3.08,1.00
2014.01.02 23:42:21.452,1.45806,1.45833,3.75,1.00
2014.01.02 23:42:26.785,1.45806,1.45833,3.75,1.20
2014.01.02 23:42:36.479,1.45806,1.45833,1.65,1.18
2014.01.02 23:42:36.580,1.45806,1.45833,1.15,1.15
2014.01.02 23:42:36.929,1.45806,1.45833,1.15,1.18
2014.01.02 23:43:07.788,1.45806,1.45833,1.15,1.00
2014.01.02 23:43:17.604,1.45804,1.45833,1.58,1.00
2014.01.02 23:43:17.758,1.45804,1.45833,1.15,4.75
2014.01.02 23:43:17.859,1.45804,1.45832,1.08,3.83
2014.01.02 23:43:17.961,1.45799,1.45825,2.78,1.00
2014.01.02 23:43:25.288,1.45794,1.45822,2.33,2.42
2014.01.02 23:43:25.340,1.45794,1.45822,1.65,2.42
2014.01.02 23:43:26.448,1.45793,1.45821,1.18,2.40
2014.01.02 23:43:26.549,1.45793,1.45821,1.20,3.07
2014.01.02 23:43:27.186,1.45791,1.4582,1.15,1.00
2014.01.02 23:43:30.887,1.45791,1.4582,1.15,1.34
2014.01.02 23:43:33.637,1.4579,1.45819,1.65,1.00
2014.01.02 23:43:34.190,1.4579,1.45819,1.15,1.19
2014.01.02 23:43:37.431,1.4579,1.45818,1.18,2.52
2014.01.02 23:43:37.659,1.45789,1.45818,1.18,2.82
2014.01.02 23:43:38.353,1.45787,1.45817,1.53,1.00
2014.01.02 23:43:44.830,1.45788,1.45817,2.25,1.00
2014.01.02 23:43:54.779,1.45787,1.45817,1.15,2.42
2014.01.02 23:43:57.087,1.45787,1.45817,1.15,2.77
2014.01.02 23:44:09.700,1.45791,1.45818,1.08,2.63
2014.01.02 23:44:09.750,1.45791,1.45819,2.40,1.50
2014.01.02 23:44:09.852,1.45799,1.45819,1.00,1.50
2014.01.02 23:44:10.054,1.45799,1.45825,1.00,1.50
2014.01.02 23:44:10.156,1.45799,1.45826,1.15,1.15
2014.01.02 23:44:23.609,1.45797,1.45823,1.15,1.00
2014.01.02 23:44:23.761,1.45797,1.45823,1.15,1.00
2014.01.02 23:44:23.913,1.45799,1.45826,1.15,1.65
2014.01.02 23:44:24.015,1.45799,1.45826,1.15,1.15
2014.01.02 23:44:24.632,1.45799,1.45826,1.58,1.15
2014.01.02 23:44:44.656,1.45799,1.45826,1.15,1.15
2014.01.02 23:44:53.437,1.45797,1.45826,2.25,1.00
2014.01.02 23:44:57.617,1.45802,1.45826,1.08,1.00
2014.01.02 23:44:57.836,1.45801,1.45826,1.50,1.00
2014.01.02 23:45:05.985,1.45801,1.45826,1.50,1.00
2014.01.02 23:45:12.625,1.45801,1.45826,1.50,1.00
2014.01.02 23:45:13.463,1.45803,1.45826,1.58,1.00
2014.01.02 23:45:13.584,1.45803,1.45826,1.58,1.00
2014.01.02 23:45:13.788,1.45803,1.45826,1.58,1.00
2014.01.02 23:45:28.091,1.45803,1.45827,1.58,1.00
2014.01.02 23:45:44.369,1.45803,1.45828,2.33,1.20
2014.01.02 23:45:44.590,1.45803,1.45828,1.58,1.00
2014.01.02 23:45:54.601,1.45803,1.45828,1.15,1.00
2014.01.02 23:45:56.140,1.45803,1.45829,1.15,1.00
2014.01.02 23:45:57.367,1.45806,1.45829,1.18,1.00
2014.01.02 23:45:57.686,1.45808,1.45829,1.50,1.00
2014.01.02 23:46:01.920,1.45807,1.45829,1.58,1.00
2014.01.02 23:46:01.971,1.45807,1.45829,1.08,1.08
2014.01.02 23:46:02.022,1.45806,1.45829,1.00,2.25
2014.01.02 23:46:02.126,1.45804,1.45829,1.00,3.26
2014.01.02 23:46:02.849,1.45803,1.45829,1.00,4.38
2014.01.02 23:46:11.417,1.45803,1.45829,1.10,2.63
2014.01.02 23:47:11.588,1.45801,1.45829,1.00,1.00
2014.01.02 23:47:11.638,1.45801,1.45829,1.08,1.08
2014.01.02 23:47:32.548,1.45801,1.45829,1.18,1.18
2014.01.02 23:47:39.365,1.45803,1.45829,1.00,1.15
2014.01.02 23:47:52.568,1.45802,1.45829,1.10,1.15
2014.01.02 23:47:53.093,1.45802,1.45829,1.08,1.15
2014.01.02 23:48:13.577,1.45802,1.45829,1.10,1.15
2014.01.02 23:48:55.556,1.45797,1.4583,1.83,1.58
2014.01.02 23:49:36.506,1.45799,1.4583,1.58,1.18
2014.01.02 23:49:37.200,1.45799,1.4583,2.25,1.20
2014.01.02 23:49:46.071,1.45799,1.4583,1.50,1.00
2014.01.02 23:49:56.551,1.45799,1.4583,1.50,1.00
2014.01.02 23:49:57.344,1.458,1.4583,3.75,1.00
2014.01.02 23:49:57.547,1.45805,1.4583,1.20,1.00
2014.01.02 23:49:58.180,1.45805,1.45829,1.20,1.00
2014.01.02 23:50:02.669,1.45805,1.45829,1.20,1.20
2014.01.02 23:50:34.349,1.45805,1.45829,1.10,1.10
2014.01.02 23:50:38.579,1.45805,1.45829,1.08,1.18
2014.01.02 23:50:39.469,1.45805,1.45829,1.15,1.08
2014.01.02 23:50:39.722,1.45805,1.4583,1.15,1.08
2014.01.02 23:50:39.824,1.45805,1.4583,1.15,1.10
2014.01.02 23:50:40.148,1.4581,1.4583,1.00,1.20
2014.01.02 23:50:48.086,1.4581,1.4583,1.00,1.15
2014.01.02 23:50:57.855,1.4581,1.4583,1.00,1.00
2014.01.02 23:50:59.052,1.4581,1.45828,1.00,1.00
2014.01.02 23:51:00.261,1.4581,1.45828,1.00,1.00
2014.01.02 23:51:12.626,1.4581,1.45828,1.00,1.20
2014.01.02 23:51:29.260,1.4581,1.45828,1.00,1.15
2014.01.02 23:51:29.820,1.4581,1.45828,1.00,1.15
2014.01.02 23:51:35.571,1.4581,1.45826,1.00,1.00
2014.01.02 23:51:39.919,1.45805,1.45826,1.00,1.00
2014.01.02 23:51:40.501,1.45805,1.45825,1.00,1.00
2014.01.02 23:51:52.243,1.45804,1.45825,1.00,1.00
2014.01.02 23:51:52.345,1.45797,1.45825,1.65,1.10
2014.01.02 23:51:52.395,1.45806,1.45825,1.00,1.10
2014.01.02 23:51:52.497,1.45797,1.45825,1.65,2.42
2014.01.02 23:51:52.548,1.45797,1.45822,1.65,1.00
2014.01.02 23:51:52.851,1.45795,1.45818,1.18,1.00
2014.01.02 23:51:52.953,1.45792,1.45818,1.15,1.25
2014.01.02 23:51:53.592,1.4579,1.45818,1.15,1.02
2014.01.02 23:52:22.620,1.45789,1.45818,1.65,2.52
2014.01.02 23:52:22.671,1.45789,1.4581,1.18,1.00
2014.01.02 23:52:23.130,1.45788,1.45815,1.15,1.78
2014.01.02 23:52:23.282,1.45788,1.45815,2.33,1.33
2014.01.02 23:52:23.333,1.45789,1.45815,1.50,1.25
2014.01.02 23:52:43.549,1.45789,1.45815,1.50,1.02
2014.01.02 23:53:04.387,1.45795,1.45815,1.08,1.02
2014.01.02 23:53:04.691,1.45797,1.45815,1.50,1.00
2014.01.02 23:53:05.097,1.45797,1.45815,1.15,1.00
2014.01.02 23:53:11.871,1.45796,1.45816,1.15,1.25
2014.01.02 23:53:45.648,1.45794,1.45816,3.75,1.25
2014.01.02 23:54:12.418,1.45794,1.45816,2.25,1.00
2014.01.02 23:54:18.974,1.45794,1.45816,2.25,1.00
2014.01.02 23:54:41.564,1.45793,1.45816,1.50,1.00
2014.01.02 23:54:46.495,1.45793,1.45816,1.50,1.00
2014.01.02 23:54:50.977,1.45793,1.45816,1.50,1.00
2014.01.02 23:54:51.527,1.45793,1.45816,1.50,1.00
2014.01.02 23:54:52.077,1.45793,1.45816,1.50,1.00
2014.01.02 23:54:56.412,1.45793,1.45816,1.50,1.00
2014.01.02 23:54:57.137,1.45793,1.45816,1.50,1.00
2014.01.02 23:55:01.536,1.45793,1.45816,1.50,1.00
2014.01.02 23:55:02.637,1.45793,1.45816,1.50,1.00
2014.01.02 23:55:06.529,1.45793,1.45816,1.50,1.00
2014.01.02 23:55:07.367,1.45793,1.45816,1.50,1.00
2014.01.02 23:55:11.369,1.45793,1.45816,1.50,1.00
2014.01.02 23:55:12.757,1.45793,1.45816,1.50,1.00
2014.01.02 23:55:14.517,1.45793,1.45816,1.50,1.00
2014.01.02 23:55:19.404,1.45794,1.45816,1.50,1.00
2014.01.02 23:55:19.456,1.45794,1.45816,2.25,1.00
2014.01.02 23:55:19.775,1.45797,1.45816,1.50,1.00
2014.01.02 23:55:47.196,1.45797,1.45818,1.50,1.00
2014.01.02 23:55:50.557,1.45796,1.45818,2.25,1.00
2014.01.02 23:55:51.104,1.45797,1.45818,2.25,1.00
2014.01.02 23:56:05.018,1.45798,1.45821,1.50,1.00
2014.01.02 23:56:05.069,1.458,1.45821,1.50,1.00
2014.01.02 23:56:05.323,1.45805,1.45827,1.50,1.00
2014.01.02 23:56:05.374,1.45804,1.45827,3.00,1.00
2014.01.02 23:56:05.573,1.45807,1.45827,1.83,1.00
2014.01.02 23:56:05.899,1.45809,1.4583,1.50,1.00
2014.01.02 23:56:06.459,1.45809,1.45831,1.50,1.00
2014.01.02 23:56:23.531,1.45809,1.45831,3.00,1.00
2014.01.02 23:56:23.633,1.45809,1.45831,3.00,1.00
2014.01.02 23:56:31.387,1.45809,1.45831,1.50,1.00
2014.01.02 23:56:35.786,1.45809,1.45829,1.50,1.00
2014.01.02 23:56:36.667,1.45809,1.45829,1.50,1.00
2014.01.02 23:56:48.657,1.45809,1.45829,1.50,1.00
2014.01.02 23:56:51.333,1.45809,1.45829,1.50,1.00
2014.01.02 23:57:05.572,1.45807,1.45829,1.15,1.00
2014.01.02 23:57:08.054,1.45805,1.45829,1.50,1.00
2014.01.02 23:57:09.886,1.45804,1.45829,1.50,1.00
2014.01.02 23:57:18.465,1.45804,1.45829,1.50,1.00
2014.01.02 23:57:28.539,1.45803,1.45829,1.50,1.00
2014.01.02 23:57:48.935,1.45803,1.45828,1.50,1.00
2014.01.02 23:57:49.563,1.45802,1.45828,1.58,1.00
2014.01.02 23:58:09.935,1.45801,1.45828,3.75,1.00
2014.01.02 23:58:10.289,1.45801,1.45828,2.25,1.00
2014.01.02 23:58:44.375,1.45801,1.45825,1.50,1.00
2014.01.02 23:58:52.221,1.45801,1.45823,1.50,1.00
2014.01.02 23:59:10.268,1.45801,1.45823,1.00,1.00
2014.01.02 23:59:10.370,1.45801,1.45823,1.75,1.00
2014.01.02 23:59:11.013,1.45802,1.45823,1.50,1.00
2014.01.02 23:59:15.991,1.45802,1.45823,1.50,1.00
2014.01.02 23:59:20.143,1.45802,1.45823,1.50,1.00
2014.01.02 23:59:58.658,1.45801,1.45823,1.28,1.00
2014.01.02 23:59:58.861,1.45798,1.45823,1.53,1.00
2014.01.02 23:59:59.115,1.45799,1.45822,1.20,1.00
2014.01.02 23:59:59.216,1.45797,1.45822,1.20,1.00
2014.01.02 23:59:59.413,1.45797,1.45822,1.20,1.00
