2016.02.05 20:00:00.139,1.54782,1.54811,2.25,1.00
2016.02.05 20:00:00.483,1.54789,1.54812,1.37,1.00
2016.02.05 20:00:00.586,1.54789,1.54815,1.37,1.37
2016.02.05 20:00:00.740,1.54797,1.54819,1.00,1.87
2016.02.05 20:00:00.842,1.54797,1.54822,1.00,1.37
2016.02.05 20:00:00.944,1.54797,1.54827,1.75,1.00
2016.02.05 20:00:01.438,1.54796,1.54827,1.87,1.87
2016.02.05 20:00:01.539,1.54796,1.54827,1.37,1.37
2016.02.05 20:00:01.742,1.54796,1.54825,1.87,1.37
2016.02.05 20:00:01.847,1.54795,1.54825,1.37,1.12
2016.02.05 20:00:02.396,1.54797,1.54825,1.37,1.37
2016.02.05 20:00:02.903,1.54797,1.54825,1.37,1.00
2016.02.05 20:00:03.485,1.54802,1.54828,1.00,1.37
2016.02.05 20:00:03.536,1.54802,1.54828,1.00,1.00
2016.02.05 20:00:03.587,1.54805,1.54825,1.00,1.00
2016.02.05 20:00:03.639,1.54805,1.54828,1.00,1.00
2016.02.05 20:00:03.741,1.54805,1.54831,1.00,1.12
2016.02.05 20:00:04.795,1.54804,1.54831,1.00,1.00
2016.02.05 20:00:05.299,1.54803,1.54831,1.00,1.00
2016.02.05 20:00:05.350,1.54801,1.54829,1.50,1.00
2016.02.05 20:00:05.554,1.54798,1.54829,1.87,1.00
2016.02.05 20:00:06.877,1.54801,1.54829,1.00,1.00
2016.02.05 20:00:07.417,1.54802,1.54829,1.50,1.00
2016.02.05 20:00:08.722,1.54802,1.54831,1.00,1.00
2016.02.05 20:00:10.538,1.54802,1.54831,1.75,1.00
2016.02.05 20:00:11.084,1.54804,1.54831,1.12,1.12
2016.02.05 20:00:11.840,1.54806,1.54831,1.37,1.12
2016.02.05 20:00:12.425,1.54807,1.54831,1.87,1.00
2016.02.05 20:00:12.790,1.5481,1.54834,1.00,1.12
2016.02.05 20:00:12.842,1.5481,1.54834,1.75,1.12
2016.02.05 20:00:12.893,1.54812,1.54837,1.12,1.37
2016.02.05 20:00:13.467,1.54813,1.54837,1.12,1.00
2016.02.05 20:00:15.335,1.54813,1.5484,1.12,1.12
2016.02.05 20:00:15.437,1.54815,1.5484,1.12,1.12
2016.02.05 20:00:15.946,1.54818,1.5484,1.12,1.12
2016.02.05 20:00:16.295,1.54818,1.54842,1.12,1.12
2016.02.05 20:00:17.444,1.54818,1.54838,1.12,1.00
2016.02.05 20:00:17.952,1.54818,1.54841,1.12,1.37
2016.02.05 20:00:18.464,1.5482,1.54841,1.12,1.00
2016.02.05 20:00:18.606,1.5482,1.54842,1.12,1.00
2016.02.05 20:00:18.811,1.54827,1.54844,1.00,1.00
2016.02.05 20:00:18.862,1.54827,1.54847,1.00,1.00
2016.02.05 20:00:18.966,1.54827,1.54849,1.87,1.00
2016.02.05 20:00:19.068,1.54832,1.54851,1.12,1.12
2016.02.05 20:00:19.576,1.54832,1.5485,1.12,1.00
2016.02.05 20:00:20.103,1.54832,1.54852,1.12,1.37
2016.02.05 20:00:22.612,1.54829,1.54853,1.12,1.37
2016.02.05 20:00:24.807,1.54829,1.54853,1.12,1.12
2016.02.05 20:00:25.629,1.54834,1.54855,1.00,1.37
2016.02.05 20:00:25.680,1.54835,1.54855,1.00,1.00
2016.02.05 20:00:25.782,1.54835,1.54857,1.37,1.00
2016.02.05 20:00:26.087,1.54832,1.54853,1.12,1.12
2016.02.05 20:00:26.138,1.54831,1.54853,1.12,1.12
2016.02.05 20:00:26.190,1.54828,1.54851,1.12,1.00
2016.02.05 20:00:26.241,1.54827,1.54851,1.12,1.00
2016.02.05 20:00:26.692,1.54827,1.54848,1.12,1.37
2016.02.05 20:00:26.845,1.54822,1.54845,1.12,1.00
2016.02.05 20:00:27.884,1.54822,1.54842,1.12,1.00
2016.02.05 20:00:28.139,1.54814,1.54836,1.37,1.20
2016.02.05 20:00:28.190,1.54812,1.54831,1.12,1.00
2016.02.05 20:00:28.241,1.54812,1.54831,1.00,1.50
2016.02.05 20:00:28.292,1.54808,1.54828,1.12,1.00
2016.02.05 20:00:28.344,1.54807,1.54828,1.12,1.00
2016.02.05 20:00:28.446,1.548,1.54827,1.12,1.00
2016.02.05 20:00:28.615,1.54801,1.54825,2.25,1.00
2016.02.05 20:00:28.920,1.54804,1.54828,1.12,1.37
2016.02.05 20:00:29.022,1.54807,1.54831,1.00,1.47
2016.02.05 20:00:29.123,1.54807,1.54832,2.25,1.37
2016.02.05 20:00:29.428,1.5481,1.54832,1.12,1.37
2016.02.05 20:00:29.631,1.54808,1.54832,1.87,1.37
2016.02.05 20:00:29.917,1.54804,1.54832,2.25,2.25
2016.02.05 20:00:30.121,1.54807,1.54833,1.37,1.00
2016.02.05 20:00:30.528,1.54807,1.54833,1.00,1.87
2016.02.05 20:00:31.219,1.54804,1.54819,1.50,1.00
2016.02.05 20:00:31.321,1.54798,1.54817,1.12,1.10
2016.02.05 20:00:31.373,1.54793,1.54817,1.75,1.85
2016.02.05 20:00:31.424,1.54793,1.54812,1.00,1.37
2016.02.05 20:00:31.759,1.54794,1.54821,1.00,1.87
2016.02.05 20:00:32.269,1.54795,1.54822,1.00,1.50
2016.02.05 20:00:32.321,1.54797,1.54822,1.00,1.00
2016.02.05 20:00:32.730,1.54797,1.54822,1.00,1.37
2016.02.05 20:00:33.417,1.54797,1.5482,1.00,1.87
2016.02.05 20:00:33.468,1.54794,1.5482,1.12,1.87
2016.02.05 20:00:33.520,1.54794,1.54817,1.00,1.87
2016.02.05 20:00:33.571,1.54792,1.54817,1.00,1.87
2016.02.05 20:00:34.099,1.54792,1.54813,1.00,1.37
2016.02.05 20:00:34.607,1.54792,1.54815,1.00,1.12
2016.02.05 20:00:36.102,1.54792,1.54814,1.00,1.00
2016.02.05 20:00:36.606,1.54792,1.54815,1.00,1.12
2016.02.05 20:00:36.961,1.54792,1.54813,1.00,1.37
2016.02.05 20:00:38.020,1.5479,1.54811,1.50,1.00
2016.02.05 20:00:38.122,1.5479,1.54809,1.00,1.37
2016.02.05 20:00:38.428,1.5479,1.54807,1.00,1.12
2016.02.05 20:00:39.460,1.54789,1.54807,1.00,1.75
2016.02.05 20:00:39.563,1.54785,1.54804,1.00,1.37
2016.02.05 20:00:39.614,1.54784,1.54802,1.00,1.37
2016.02.05 20:00:39.665,1.54775,1.548,1.12,1.00
2016.02.05 20:00:40.305,1.54775,1.54804,2.25,2.25
2016.02.05 20:00:42.698,1.54779,1.54804,1.00,1.75
2016.02.05 20:00:43.481,1.54779,1.54805,1.37,1.50
2016.02.05 20:00:43.532,1.54779,1.54805,1.50,1.00
2016.02.05 20:00:44.096,1.54781,1.54807,1.00,1.75
2016.02.05 20:00:44.219,1.54782,1.54809,1.50,1.37
2016.02.05 20:00:49.186,1.54781,1.54807,1.37,1.75
2016.02.05 20:00:49.237,1.54778,1.54806,1.37,1.37
2016.02.05 20:00:49.390,1.54778,1.54806,1.00,1.12
2016.02.05 20:00:49.955,1.54776,1.54804,1.50,1.12
2016.02.05 20:00:50.362,1.54781,1.54804,1.00,1.12
2016.02.05 20:00:50.566,1.54786,1.54813,1.00,1.12
2016.02.05 20:00:50.668,1.54788,1.54813,1.00,1.12
2016.02.05 20:00:51.197,1.54787,1.54813,1.00,1.12
2016.02.05 20:00:54.901,1.54789,1.54813,1.00,1.12
2016.02.05 20:00:55.054,1.54789,1.54817,1.50,1.12
2016.02.05 20:00:55.598,1.54791,1.54817,1.00,1.12
2016.02.05 20:00:58.261,1.5479,1.54817,1.12,1.12
2016.02.05 20:01:01.336,1.54793,1.54817,1.00,1.94
2016.02.05 20:01:01.572,1.54796,1.54823,1.12,1.50
2016.02.05 20:01:02.095,1.54797,1.54823,1.37,1.12
2016.02.05 20:01:02.653,1.54796,1.54823,1.87,2.06
2016.02.05 20:01:02.755,1.54793,1.5482,1.12,1.56
2016.02.05 20:01:03.801,1.54793,1.5482,1.50,2.06
2016.02.05 20:01:04.313,1.54792,1.5482,2.62,1.87
2016.02.05 20:01:04.851,1.54793,1.5482,1.50,1.87
2016.02.05 20:01:08.365,1.54792,1.5482,2.62,2.25
2016.02.05 20:01:08.887,1.54793,1.5482,1.50,2.25
2016.02.05 20:01:09.482,1.54792,1.5482,2.62,2.25
2016.02.05 20:01:11.199,1.54793,1.54819,1.37,1.87
2016.02.05 20:01:11.301,1.5479,1.54813,1.12,1.00
2016.02.05 20:01:11.352,1.54788,1.54813,1.00,1.00
2016.02.05 20:01:12.139,1.54788,1.54814,1.00,2.00
2016.02.05 20:01:12.444,1.54787,1.54809,1.37,1.37
2016.02.05 20:01:13.097,1.54781,1.54805,1.37,1.37
2016.02.05 20:01:13.215,1.54778,1.54805,1.12,1.69
2016.02.05 20:01:14.797,1.54774,1.54805,3.00,1.31
2016.02.05 20:01:14.899,1.54774,1.54801,2.25,1.12
2016.02.05 20:01:15.412,1.54774,1.54801,1.50,1.12
2016.02.05 20:01:19.041,1.54775,1.54803,1.87,1.12
2016.02.05 20:01:19.092,1.54776,1.54804,1.87,1.50
2016.02.05 20:01:22.114,1.5478,1.54806,1.12,1.69
2016.02.05 20:01:22.620,1.54781,1.54808,1.12,1.94
2016.02.05 20:01:24.546,1.5478,1.54808,1.50,1.87
2016.02.05 20:01:26.788,1.5478,1.54806,1.37,1.37
2016.02.05 20:01:27.143,1.54777,1.54805,2.25,1.12
2016.02.05 20:01:27.651,1.54783,1.54805,1.12,1.12
2016.02.05 20:01:29.226,1.54782,1.54805,1.12,1.12
2016.02.05 20:01:29.328,1.54782,1.54809,1.50,1.31
2016.02.05 20:01:29.804,1.54785,1.54809,1.00,1.31
2016.02.05 20:01:30.058,1.54791,1.54817,1.37,1.12
2016.02.05 20:01:30.716,1.5479,1.54817,1.50,1.12
2016.02.05 20:01:31.253,1.54791,1.54817,1.37,1.12
2016.02.05 20:01:33.173,1.54792,1.54819,1.37,1.37
2016.02.05 20:01:38.934,1.54792,1.54819,1.37,1.12
2016.02.05 20:01:39.465,1.54791,1.54817,1.37,1.37
2016.02.05 20:01:39.987,1.54792,1.54819,1.37,1.12
2016.02.05 20:01:40.190,1.54792,1.54815,1.37,1.00
2016.02.05 20:01:40.292,1.54788,1.54812,1.37,1.00
2016.02.05 20:01:40.343,1.54784,1.54811,1.12,1.50
2016.02.05 20:01:40.395,1.54783,1.54811,1.75,1.87
2016.02.05 20:01:40.496,1.54782,1.54809,2.25,1.75
2016.02.05 20:01:40.830,1.54781,1.54806,1.37,1.37
2016.02.05 20:01:41.359,1.54782,1.54806,1.37,1.50
2016.02.05 20:01:41.884,1.54781,1.54806,1.37,1.37
2016.02.05 20:01:42.407,1.54782,1.54806,1.37,1.50
2016.02.05 20:01:42.662,1.54778,1.54806,1.50,1.50
2016.02.05 20:01:43.323,1.54777,1.54805,2.25,1.37
2016.02.05 20:01:43.484,1.54779,1.54808,1.12,1.87
2016.02.05 20:01:43.840,1.54778,1.54806,1.75,1.37
2016.02.05 20:01:43.891,1.54778,1.54805,1.12,1.12
2016.02.05 20:01:45.525,1.54775,1.54803,2.25,1.37
2016.02.05 20:01:45.576,1.54775,1.54802,1.87,1.00
2016.02.05 20:01:45.728,1.54775,1.548,1.87,1.00
2016.02.05 20:01:45.983,1.5477,1.54799,1.12,1.87
2016.02.05 20:01:46.274,1.5477,1.54799,1.12,2.25
2016.02.05 20:01:46.682,1.5477,1.54798,1.87,1.00
2016.02.05 20:01:46.734,1.5477,1.54798,1.50,1.50
2016.02.05 20:01:46.785,1.54769,1.54797,1.50,1.12
2016.02.05 20:01:47.142,1.54768,1.54795,2.25,1.37
2016.02.05 20:01:47.193,1.54768,1.54794,1.50,1.12
2016.02.05 20:01:49.190,1.54766,1.54794,1.37,1.12
2016.02.05 20:01:49.292,1.54768,1.54796,1.37,1.37
2016.02.05 20:01:49.698,1.54766,1.54796,1.37,2.62
2016.02.05 20:01:54.000,1.54766,1.54794,1.37,1.87
2016.02.05 20:01:55.107,1.54766,1.54794,1.37,1.00
2016.02.05 20:01:55.656,1.54766,1.54794,1.37,1.50
2016.02.05 20:01:56.216,1.54766,1.54794,1.37,1.50
2016.02.05 20:01:57.093,1.54764,1.54792,1.37,1.12
2016.02.05 20:01:58.529,1.54765,1.54794,1.12,1.87
2016.02.05 20:01:59.057,1.54766,1.54794,1.75,1.50
2016.02.05 20:01:59.210,1.54764,1.54792,2.25,1.37
2016.02.05 20:01:59.752,1.54764,1.54792,1.87,1.37
2016.02.05 20:02:00.818,1.54764,1.54793,2.25,1.37
2016.02.05 20:02:01.319,1.54766,1.54794,1.12,2.06
2016.02.05 20:02:04.143,1.54766,1.54794,1.87,1.94
2016.02.05 20:02:07.027,1.54768,1.54795,1.12,2.06
2016.02.05 20:02:07.129,1.54768,1.54795,1.75,1.62
2016.02.05 20:02:07.636,1.54769,1.54797,1.12,1.31
2016.02.05 20:02:08.553,1.54772,1.54797,1.00,1.31
2016.02.05 20:02:08.858,1.54783,1.54804,1.50,1.00
2016.02.05 20:02:08.910,1.54788,1.54811,1.37,1.25
2016.02.05 20:02:09.011,1.54788,1.54816,1.37,1.87
2016.02.05 20:02:09.113,1.5479,1.54817,1.75,2.44
2016.02.05 20:02:09.712,1.54792,1.54816,1.12,1.00
2016.02.05 20:02:10.118,1.54792,1.54811,1.12,1.00
2016.02.05 20:02:10.290,1.54792,1.54814,1.12,1.00
2016.02.05 20:02:11.216,1.54792,1.54817,1.12,1.56
2016.02.05 20:02:11.267,1.54792,1.54814,1.12,1.00
2016.02.05 20:02:11.845,1.54791,1.54814,1.37,1.00
2016.02.05 20:02:11.896,1.54789,1.54814,1.75,1.00
2016.02.05 20:02:14.314,1.54788,1.54814,2.25,1.00
2016.02.05 20:02:14.619,1.54788,1.54814,1.12,1.00
2016.02.05 20:02:15.126,1.54788,1.54814,1.87,1.00
2016.02.05 20:02:15.955,1.54788,1.54814,1.12,1.00
2016.02.05 20:02:16.464,1.54788,1.54814,1.87,1.00
2016.02.05 20:02:17.151,1.54788,1.54814,1.87,1.37
2016.02.05 20:02:17.254,1.54788,1.54809,1.50,1.00
2016.02.05 20:02:17.356,1.54785,1.54809,1.00,1.00
2016.02.05 20:02:18.566,1.54783,1.54809,1.37,1.75
2016.02.05 20:02:18.617,1.54781,1.54808,1.50,1.12
2016.02.05 20:02:18.923,1.54781,1.54806,1.37,1.75
2016.02.05 20:02:19.605,1.54781,1.548,1.37,1.00
2016.02.05 20:02:19.656,1.54776,1.548,1.75,1.00
2016.02.05 20:02:19.809,1.54773,1.54795,1.87,1.00
2016.02.05 20:02:19.910,1.54772,1.54795,1.12,1.00
2016.02.05 20:02:21.954,1.54771,1.54793,1.12,1.00
2016.02.05 20:02:22.489,1.54771,1.54793,2.25,1.00
2016.02.05 20:02:23.015,1.54772,1.54793,1.31,1.00
2016.02.05 20:02:23.540,1.54772,1.54793,1.62,1.00
2016.02.05 20:02:24.274,1.54772,1.54793,1.31,1.00
2016.02.05 20:02:24.794,1.54772,1.54793,1.62,1.00
2016.02.05 20:02:25.860,1.54772,1.54793,1.31,1.00
2016.02.05 20:02:25.912,1.54773,1.54795,1.50,1.12
2016.02.05 20:02:26.269,1.54773,1.54798,1.87,1.00
2016.02.05 20:02:32.282,1.54779,1.54798,1.00,1.00
2016.02.05 20:02:32.333,1.54779,1.54801,1.00,1.00
2016.02.05 20:02:33.895,1.54781,1.54801,1.00,1.00
2016.02.05 20:02:37.469,1.54781,1.54804,1.00,1.12
2016.02.05 20:02:37.966,1.54781,1.54806,1.37,1.00
2016.02.05 20:02:39.002,1.54781,1.54804,1.37,1.00
2016.02.05 20:02:39.275,1.54779,1.54804,1.12,1.12
2016.02.05 20:02:40.239,1.54779,1.54802,1.00,1.00
2016.02.05 20:02:40.758,1.54776,1.54802,2.25,1.50
2016.02.05 20:02:41.286,1.54777,1.54802,1.37,1.50
2016.02.05 20:02:41.794,1.54776,1.54802,2.25,1.50
2016.02.05 20:02:42.249,1.5478,1.54805,1.00,1.12
2016.02.05 20:02:42.301,1.5478,1.54806,1.00,1.87
2016.02.05 20:02:44.164,1.5478,1.54805,1.50,1.00
2016.02.05 20:02:44.268,1.54779,1.54802,1.75,1.00
2016.02.05 20:02:44.370,1.54777,1.54802,1.37,1.00
2016.02.05 20:02:45.124,1.54776,1.54802,1.87,1.00
2016.02.05 20:02:45.552,1.54777,1.54802,1.37,1.50
2016.02.05 20:02:46.078,1.54777,1.548,1.37,1.50
2016.02.05 20:02:46.694,1.54778,1.548,1.37,1.00
2016.02.05 20:02:48.914,1.54776,1.548,1.87,1.00
2016.02.05 20:02:49.444,1.54777,1.548,1.37,1.00
2016.02.05 20:02:51.092,1.54776,1.548,2.06,1.00
2016.02.05 20:02:51.633,1.54777,1.548,1.62,1.00
2016.02.05 20:02:53.507,1.54777,1.54799,1.62,1.37
2016.02.05 20:02:54.440,1.54777,1.54797,1.62,1.00
2016.02.05 20:02:54.751,1.54777,1.54797,1.62,1.87
2016.02.05 20:02:57.301,1.54777,1.54797,1.37,1.00
2016.02.05 20:03:00.602,1.54776,1.54797,1.37,1.00
2016.02.05 20:03:01.178,1.54777,1.54797,1.37,1.00
2016.02.05 20:03:01.896,1.54777,1.54797,1.37,1.50
2016.02.05 20:03:02.613,1.54776,1.54797,1.37,1.50
2016.02.05 20:03:03.117,1.54777,1.54797,1.37,1.50
2016.02.05 20:03:03.315,1.54777,1.54795,1.37,1.12
2016.02.05 20:03:03.625,1.54777,1.54797,1.37,1.87
2016.02.05 20:03:04.336,1.54777,1.54797,1.37,1.00
2016.02.05 20:03:06.305,1.54777,1.54797,1.37,1.50
2016.02.05 20:03:07.071,1.54776,1.54797,1.37,1.50
2016.02.05 20:03:07.625,1.54777,1.54797,1.37,1.50
2016.02.05 20:03:08.733,1.54776,1.54797,1.37,1.50
2016.02.05 20:03:09.433,1.54777,1.54797,1.37,1.50
2016.02.05 20:03:10.933,1.54776,1.54797,1.37,1.50
2016.02.05 20:03:11.463,1.54777,1.54797,1.37,1.00
2016.02.05 20:03:12.036,1.54777,1.548,1.37,1.12
2016.02.05 20:03:12.613,1.54776,1.548,1.56,1.12
2016.02.05 20:03:13.148,1.54777,1.548,1.62,1.12
2016.02.05 20:03:13.554,1.54777,1.54798,1.37,1.12
2016.02.05 20:03:15.067,1.54776,1.54798,1.37,1.87
2016.02.05 20:03:15.582,1.54777,1.54798,1.37,1.87
2016.02.05 20:03:16.866,1.54776,1.54798,1.37,1.87
2016.02.05 20:03:17.396,1.54777,1.54795,1.37,1.00
2016.02.05 20:03:18.348,1.54776,1.54795,1.37,1.00
2016.02.05 20:03:21.382,1.54777,1.54795,1.37,1.00
2016.02.05 20:03:21.535,1.54777,1.54798,1.37,1.00
2016.02.05 20:03:24.359,1.54776,1.54798,1.37,1.00
2016.02.05 20:03:24.867,1.54777,1.54798,1.37,1.00
2016.02.05 20:03:25.239,1.54776,1.54798,1.37,1.87
2016.02.05 20:03:25.775,1.54777,1.54798,1.37,1.87
2016.02.05 20:03:26.594,1.54776,1.54798,1.37,1.87
2016.02.05 20:03:27.146,1.54777,1.54798,1.37,1.87
2016.02.05 20:03:28.446,1.54777,1.54803,2.81,2.62
2016.02.05 20:03:28.497,1.54785,1.54803,1.37,1.50
2016.02.05 20:03:32.382,1.54779,1.54801,1.56,1.87
2016.02.05 20:03:32.687,1.54779,1.54797,1.37,1.12
2016.02.05 20:03:32.884,1.54773,1.54796,1.19,1.50
2016.02.05 20:03:33.847,1.54772,1.54796,1.62,1.50
2016.02.05 20:03:34.478,1.54771,1.54795,2.06,1.12
2016.02.05 20:03:34.580,1.54771,1.54796,2.06,1.50
2016.02.05 20:03:34.783,1.54771,1.54795,1.56,1.12
2016.02.05 20:03:34.885,1.54771,1.54796,1.56,1.50
2016.02.05 20:03:35.918,1.54778,1.54797,1.37,1.12
2016.02.05 20:03:35.969,1.54778,1.54799,1.37,1.37
2016.02.05 20:03:36.071,1.54778,1.54801,1.69,1.00
2016.02.05 20:03:42.507,1.54778,1.54801,1.37,1.00
2016.02.05 20:03:45.344,1.54777,1.54799,1.50,1.00
2016.02.05 20:03:45.504,1.54772,1.54797,1.37,1.50
2016.02.05 20:03:46.012,1.54771,1.54797,2.25,1.50
2016.02.05 20:03:46.645,1.54772,1.54797,1.37,1.50
2016.02.05 20:03:47.021,1.54775,1.54797,1.37,1.00
2016.02.05 20:03:47.427,1.54774,1.54797,1.12,1.00
2016.02.05 20:03:47.805,1.54775,1.54797,1.12,1.00
2016.02.05 20:03:48.019,1.54774,1.54797,1.12,1.00
2016.02.05 20:03:48.324,1.54775,1.54797,1.12,1.00
2016.02.05 20:03:48.578,1.54776,1.54799,1.87,1.00
2016.02.05 20:03:49.085,1.54777,1.54799,1.50,1.00
2016.02.05 20:03:51.531,1.54776,1.54799,2.62,1.00
2016.02.05 20:03:52.056,1.54777,1.54799,1.87,1.00
2016.02.05 20:03:52.940,1.54776,1.54799,1.12,1.00
2016.02.05 20:03:53.043,1.54773,1.54799,2.06,1.50
2016.02.05 20:03:53.590,1.54774,1.54797,1.25,1.00
2016.02.05 20:03:53.743,1.54774,1.54797,1.25,1.50
2016.02.05 20:03:54.099,1.54774,1.54797,1.00,1.00
2016.02.05 20:03:54.608,1.54772,1.54797,1.87,1.00
2016.02.05 20:03:54.711,1.54776,1.54797,1.37,1.00
2016.02.05 20:03:55.247,1.54777,1.54797,1.37,1.00
2016.02.05 20:03:56.311,1.54777,1.54799,1.87,1.87
2016.02.05 20:03:56.617,1.54784,1.54805,1.37,1.87
2016.02.05 20:03:56.769,1.54784,1.54808,1.37,1.00
2016.02.05 20:03:57.024,1.54784,1.54806,1.37,1.00
2016.02.05 20:03:58.249,1.54788,1.54808,1.00,1.87
2016.02.05 20:03:58.560,1.54804,1.5482,1.12,1.00
2016.02.05 20:03:58.612,1.54804,1.54823,1.12,1.00
2016.02.05 20:03:58.968,1.54804,1.54825,1.00,1.00
2016.02.05 20:04:00.139,1.54804,1.54828,1.37,1.00
2016.02.05 20:04:00.972,1.54804,1.54828,1.00,1.00
2016.02.05 20:04:01.582,1.54803,1.54828,1.12,1.00
2016.02.05 20:04:05.587,1.54803,1.54828,1.87,1.00
2016.02.05 20:04:05.892,1.54802,1.54825,1.37,1.00
2016.02.05 20:04:06.197,1.54801,1.54822,1.37,1.00
2016.02.05 20:04:06.372,1.54796,1.5482,1.62,1.12
2016.02.05 20:04:06.474,1.54794,1.54817,1.37,1.00
2016.02.05 20:04:06.987,1.54793,1.54817,1.50,1.12
2016.02.05 20:04:07.497,1.54793,1.54817,1.00,1.12
2016.02.05 20:04:07.798,1.54793,1.54814,1.00,1.00
2016.02.05 20:04:09.461,1.54793,1.54816,1.00,1.00
2016.02.05 20:04:09.972,1.54792,1.54816,1.87,1.00
2016.02.05 20:04:10.479,1.54793,1.54816,1.00,1.00
2016.02.05 20:04:11.062,1.54793,1.54816,1.50,1.00
2016.02.05 20:04:17.184,1.54794,1.54816,1.19,1.00
2016.02.05 20:04:17.510,1.54798,1.54819,1.37,1.00
2016.02.05 20:04:18.586,1.54797,1.54819,2.25,1.00
2016.02.05 20:04:19.112,1.54798,1.54819,1.37,1.00
2016.02.05 20:04:19.635,1.54797,1.54819,1.50,1.00
2016.02.05 20:04:20.143,1.54798,1.54819,1.37,1.00
2016.02.05 20:04:22.945,1.54798,1.54819,1.37,1.00
2016.02.05 20:04:23.452,1.54798,1.54819,1.87,1.00
2016.02.05 20:04:25.280,1.54798,1.54823,2.25,1.12
2016.02.05 20:04:27.104,1.54798,1.54822,1.87,1.00
2016.02.05 20:04:27.206,1.54798,1.54818,1.37,1.00
2016.02.05 20:04:27.308,1.54792,1.54817,1.75,1.00
2016.02.05 20:04:27.360,1.54792,1.54814,1.37,1.00
2016.02.05 20:04:27.411,1.54791,1.54814,1.37,1.00
2016.02.05 20:04:27.665,1.54798,1.54814,1.00,1.00
2016.02.05 20:04:27.767,1.54798,1.54821,1.12,1.00
2016.02.05 20:04:27.921,1.54796,1.54818,1.87,1.00
2016.02.05 20:04:28.259,1.548,1.54818,1.00,1.00
2016.02.05 20:04:28.361,1.54804,1.54824,1.00,1.37
2016.02.05 20:04:28.615,1.54803,1.54821,1.37,1.00
2016.02.05 20:04:28.717,1.54799,1.54821,1.00,1.00
2016.02.05 20:04:29.162,1.54799,1.54818,1.00,1.37
2016.02.05 20:04:29.214,1.54791,1.54818,2.25,1.87
2016.02.05 20:04:29.824,1.5479,1.54816,1.87,1.12
2016.02.05 20:04:30.332,1.54791,1.54816,1.50,1.12
2016.02.05 20:04:30.549,1.54791,1.54813,1.50,1.00
2016.02.05 20:04:31.464,1.54791,1.54811,1.37,1.12
2016.02.05 20:04:31.988,1.54791,1.54811,1.87,1.37
2016.02.05 20:04:32.039,1.54791,1.54814,1.87,1.12
2016.02.05 20:04:33.511,1.54792,1.54814,1.00,1.00
2016.02.05 20:04:34.019,1.54791,1.54814,1.87,1.00
2016.02.05 20:04:34.930,1.54795,1.54814,1.00,1.00
2016.02.05 20:04:35.183,1.54793,1.54814,1.31,1.00
2016.02.05 20:04:36.035,1.54793,1.54814,2.81,1.00
2016.02.05 20:04:36.848,1.54791,1.54814,1.94,1.00
2016.02.05 20:04:40.155,1.54791,1.54811,1.37,1.00
2016.02.05 20:04:41.443,1.54788,1.54811,1.37,1.00
2016.02.05 20:04:41.596,1.54786,1.54809,2.44,1.00
2016.02.05 20:04:41.647,1.54786,1.54809,1.56,1.00
2016.02.05 20:04:42.260,1.54785,1.54805,1.12,1.00
2016.02.05 20:04:42.362,1.54783,1.54805,1.12,1.00
2016.02.05 20:04:43.214,1.54784,1.54805,1.00,1.00
2016.02.05 20:04:45.685,1.54785,1.54805,1.00,1.00
2016.02.05 20:04:49.162,1.54785,1.54807,1.00,1.00
2016.02.05 20:04:49.685,1.54785,1.54807,1.50,1.00
2016.02.05 20:04:55.196,1.54785,1.54805,1.50,1.00
2016.02.05 20:04:56.299,1.54781,1.54805,1.87,1.00
2016.02.05 20:05:00.232,1.54782,1.54804,1.12,1.12
2016.02.05 20:05:00.356,1.54782,1.54802,1.00,2.62
2016.02.05 20:05:00.458,1.54767,1.54792,1.75,1.37
2016.02.05 20:05:00.509,1.54764,1.54791,1.27,1.00
2016.02.05 20:05:00.611,1.54764,1.54788,1.00,1.00
2016.02.05 20:05:01.336,1.54761,1.54786,1.37,1.12
2016.02.05 20:05:01.541,1.54755,1.54783,1.75,1.50
2016.02.05 20:05:01.593,1.54755,1.5478,1.75,1.00
2016.02.05 20:05:01.900,1.5476,1.5478,1.00,1.00
2016.02.05 20:05:02.478,1.54758,1.5478,1.50,1.00
2016.02.05 20:05:03.648,1.54759,1.54782,1.75,1.00
2016.02.05 20:05:04.430,1.54759,1.54782,1.12,1.75
2016.02.05 20:05:04.532,1.54756,1.54777,1.37,1.00
2016.02.05 20:05:04.634,1.54756,1.54779,1.57,1.00
2016.02.05 20:05:04.685,1.54757,1.54779,1.75,1.00
2016.02.05 20:05:04.885,1.5476,1.54786,1.37,1.12
2016.02.05 20:05:05.878,1.5476,1.54788,1.87,1.12
2016.02.05 20:05:06.132,1.54762,1.54789,1.75,1.12
2016.02.05 20:05:06.261,1.54765,1.54792,1.12,1.12
2016.02.05 20:05:06.515,1.54771,1.54798,1.50,1.12
2016.02.05 20:05:06.626,1.54771,1.54799,2.81,1.50
2016.02.05 20:05:06.981,1.54774,1.548,1.50,1.12
2016.02.05 20:05:07.134,1.54774,1.54802,2.25,1.87
2016.02.05 20:05:07.690,1.54775,1.54802,1.00,1.87
2016.02.05 20:05:08.233,1.54774,1.54802,2.25,1.12
2016.02.05 20:05:08.764,1.54772,1.548,1.50,1.12
2016.02.05 20:05:08.816,1.54772,1.548,1.00,1.87
2016.02.05 20:05:09.325,1.54772,1.548,1.50,1.87
2016.02.05 20:05:09.427,1.54775,1.54803,1.37,1.87
2016.02.05 20:05:10.891,1.54776,1.54803,1.37,1.12
2016.02.05 20:05:10.942,1.54777,1.54804,1.75,1.12
2016.02.05 20:05:17.681,1.54775,1.54803,1.37,1.12
2016.02.05 20:05:18.340,1.54775,1.54798,1.37,1.00
2016.02.05 20:05:18.580,1.54761,1.54788,1.00,1.12
2016.02.05 20:05:19.443,1.54759,1.54785,1.50,1.12
2016.02.05 20:05:21.271,1.54761,1.54788,1.12,1.87
2016.02.05 20:05:22.083,1.54764,1.54791,1.12,1.87
2016.02.05 20:05:22.286,1.54767,1.54794,1.50,1.87
2016.02.05 20:05:22.586,1.54769,1.54794,1.12,1.00
2016.02.05 20:05:22.637,1.54769,1.54796,1.12,1.12
2016.02.05 20:05:23.151,1.54767,1.54795,1.75,1.37
2016.02.05 20:05:23.202,1.54767,1.54795,1.37,1.87
2016.02.05 20:05:25.381,1.54776,1.54797,1.00,1.37
2016.02.05 20:05:25.484,1.54779,1.54806,1.00,3.19
2016.02.05 20:05:25.586,1.54781,1.54806,1.12,1.31
2016.02.05 20:05:26.822,1.54781,1.54807,1.12,1.00
2016.02.05 20:05:33.633,1.54781,1.54804,1.12,1.00
2016.02.05 20:05:36.203,1.5478,1.54804,1.00,1.00
2016.02.05 20:05:36.407,1.54777,1.54803,2.25,1.00
2016.02.05 20:05:36.458,1.54776,1.54803,1.50,1.00
2016.02.05 20:05:36.510,1.54776,1.54801,1.00,1.37
2016.02.05 20:05:36.611,1.54776,1.54804,1.50,2.25
2016.02.05 20:05:40.487,1.54779,1.54804,1.00,2.62
2016.02.05 20:05:40.792,1.54779,1.54804,1.87,1.00
2016.02.05 20:05:41.722,1.54782,1.54804,1.00,1.00
2016.02.05 20:05:42.230,1.54779,1.54804,1.12,1.00
2016.02.05 20:05:44.665,1.54782,1.54804,1.00,1.00
2016.02.05 20:05:45.184,1.54782,1.54804,1.87,1.00
2016.02.05 20:05:45.760,1.54782,1.54804,1.00,1.00
2016.02.05 20:05:46.440,1.54782,1.54805,1.00,1.00
2016.02.05 20:05:48.848,1.54782,1.54806,1.00,1.87
2016.02.05 20:05:49.487,1.54781,1.54806,1.12,1.12
2016.02.05 20:05:49.792,1.54781,1.54805,1.00,1.37
2016.02.05 20:05:50.163,1.54781,1.54805,1.00,1.50
2016.02.05 20:05:50.215,1.54782,1.54805,1.87,1.00
2016.02.05 20:05:51.835,1.54787,1.54805,1.00,1.00
2016.02.05 20:05:51.886,1.54787,1.5481,1.00,1.37
2016.02.05 20:05:52.650,1.54785,1.54811,1.00,1.87
2016.02.05 20:05:54.171,1.54782,1.54811,3.56,1.87
2016.02.05 20:05:54.354,1.54781,1.54805,1.69,1.00
2016.02.05 20:05:54.456,1.54779,1.54805,1.00,1.50
2016.02.05 20:05:54.507,1.54777,1.54805,1.00,2.25
2016.02.05 20:05:54.660,1.54777,1.54802,1.00,1.37
2016.02.05 20:05:54.813,1.54774,1.54802,1.37,1.87
2016.02.05 20:05:55.583,1.54773,1.54798,1.37,1.00
2016.02.05 20:05:56.546,1.54773,1.54801,1.37,1.37
2016.02.05 20:05:56.874,1.54777,1.54802,1.50,1.37
2016.02.05 20:05:57.077,1.54781,1.54807,1.12,1.00
2016.02.05 20:05:57.179,1.54779,1.54807,1.87,1.87
2016.02.05 20:05:57.231,1.54779,1.54804,1.00,1.37
2016.02.05 20:05:58.177,1.5478,1.54804,1.00,1.37
2016.02.05 20:05:58.279,1.5478,1.54807,1.31,1.12
2016.02.05 20:05:59.226,1.5478,1.54809,2.06,1.87
2016.02.05 20:05:59.277,1.54781,1.54809,1.12,1.50
2016.02.05 20:06:01.298,1.54786,1.5481,1.50,1.12
2016.02.05 20:06:01.349,1.54786,1.54812,1.50,1.87
2016.02.05 20:06:01.401,1.54786,1.54813,2.62,1.12
2016.02.05 20:06:01.452,1.54788,1.54815,1.00,1.87
2016.02.05 20:06:03.002,1.54789,1.54815,1.00,1.87
2016.02.05 20:06:03.155,1.54792,1.54818,1.00,1.87
2016.02.05 20:06:03.359,1.54792,1.54821,2.62,3.00
2016.02.05 20:06:03.410,1.54796,1.54821,1.37,1.87
2016.02.05 20:06:05.127,1.54795,1.54821,1.69,1.87
2016.02.05 20:06:05.394,1.54796,1.54824,2.06,1.87
2016.02.05 20:06:06.583,1.54796,1.5482,1.56,1.12
2016.02.05 20:06:10.248,1.54795,1.5482,1.37,1.12
2016.02.05 20:06:10.299,1.54795,1.54822,1.87,2.25
2016.02.05 20:06:10.826,1.54796,1.54822,1.50,1.50
2016.02.05 20:06:11.334,1.54795,1.54823,3.37,1.12
2016.02.05 20:06:11.385,1.54796,1.54824,1.75,1.12
2016.02.05 20:06:11.487,1.54799,1.54824,1.12,1.00
2016.02.05 20:06:11.691,1.54799,1.54828,1.12,2.25
2016.02.05 20:06:13.473,1.54798,1.54825,1.00,1.37
2016.02.05 20:06:13.929,1.548,1.54825,1.00,1.37
2016.02.05 20:06:14.300,1.548,1.54828,2.25,1.87
2016.02.05 20:06:15.651,1.54802,1.54828,1.00,1.87
2016.02.05 20:06:17.067,1.548,1.54828,2.25,1.87
2016.02.05 20:06:19.016,1.548,1.54827,1.00,1.12
2016.02.05 20:06:19.118,1.54798,1.54827,1.50,1.12
2016.02.05 20:06:19.271,1.54798,1.54824,1.50,1.37
2016.02.05 20:06:19.610,1.54796,1.5482,1.37,1.50
2016.02.05 20:06:20.168,1.54795,1.5482,1.37,1.50
2016.02.05 20:06:21.072,1.54796,1.5482,1.37,2.25
2016.02.05 20:06:22.784,1.54796,1.54819,1.37,2.62
2016.02.05 20:06:22.886,1.54787,1.54817,2.44,1.12
2016.02.05 20:06:22.937,1.54787,1.54816,1.31,1.12
2016.02.05 20:06:23.191,1.54787,1.54816,2.81,1.50
2016.02.05 20:06:23.242,1.54789,1.54816,1.00,1.00
2016.02.05 20:06:25.291,1.54789,1.54818,1.00,2.25
2016.02.05 20:06:25.393,1.54789,1.54816,1.00,1.00
2016.02.05 20:06:26.143,1.54789,1.54818,1.00,2.25
2016.02.05 20:06:26.536,1.54789,1.54816,1.00,1.00
2016.02.05 20:06:27.817,1.54789,1.54818,1.00,2.25
2016.02.05 20:06:29.014,1.54789,1.54816,1.00,1.00
2016.02.05 20:06:29.268,1.54789,1.54818,1.00,1.50
2016.02.05 20:06:32.816,1.54789,1.54817,1.00,1.00
2016.02.05 20:06:35.020,1.54789,1.54818,1.00,3.00
2016.02.05 20:06:35.529,1.54789,1.54817,1.50,1.00
2016.02.05 20:06:37.894,1.54789,1.54817,1.50,1.37
2016.02.05 20:06:38.142,1.54786,1.54814,1.37,1.12
2016.02.05 20:06:38.650,1.54787,1.54812,1.37,1.12
2016.02.05 20:06:38.904,1.54783,1.54812,1.12,1.87
2016.02.05 20:06:39.107,1.54784,1.54809,1.37,1.00
2016.02.05 20:06:39.454,1.54784,1.54807,1.37,1.12
2016.02.05 20:06:39.505,1.54778,1.54805,1.12,1.00
2016.02.05 20:06:39.658,1.54775,1.54804,1.69,1.87
2016.02.05 20:06:39.861,1.54774,1.548,1.19,1.50
2016.02.05 20:06:40.319,1.54771,1.548,1.69,1.87
2016.02.05 20:06:42.247,1.54772,1.548,1.31,1.87
2016.02.05 20:06:42.763,1.54771,1.548,2.06,2.25
2016.02.05 20:06:44.121,1.54771,1.54798,1.69,1.50
2016.02.05 20:06:50.724,1.5477,1.54797,1.69,1.50
2016.02.05 20:06:51.253,1.54771,1.54797,1.69,1.00
2016.02.05 20:06:55.068,1.54771,1.54796,1.69,1.50
2016.02.05 20:06:55.272,1.54766,1.5479,1.25,1.50
2016.02.05 20:06:55.374,1.54763,1.54787,1.75,1.12
2016.02.05 20:06:55.679,1.54753,1.54781,1.62,1.75
2016.02.05 20:06:57.778,1.54752,1.54777,1.12,1.00
2016.02.05 20:06:58.287,1.54752,1.54776,1.12,1.00
2016.02.05 20:06:59.209,1.54751,1.54776,1.37,1.00
2016.02.05 20:06:59.260,1.5475,1.54776,1.87,1.00
2016.02.05 20:07:00.091,1.5475,1.54778,1.87,1.12
2016.02.05 20:07:00.395,1.54756,1.5478,1.12,1.00
2016.02.05 20:07:00.861,1.54756,1.54785,1.12,2.25
2016.02.05 20:07:02.999,1.54754,1.54783,2.25,1.37
2016.02.05 20:07:03.050,1.54754,1.54782,1.87,1.37
2016.02.05 20:07:03.274,1.5475,1.54778,1.37,1.75
2016.02.05 20:07:03.377,1.54748,1.54777,3.00,1.37
2016.02.05 20:07:03.684,1.54748,1.54773,1.75,1.00
2016.02.05 20:07:03.786,1.54748,1.54775,1.75,1.00
2016.02.05 20:07:03.939,1.54748,1.54772,1.75,1.00
2016.02.05 20:07:05.032,1.54748,1.54774,1.75,1.00
2016.02.05 20:07:05.539,1.54749,1.54775,1.50,1.00
2016.02.05 20:07:06.069,1.54749,1.54777,1.50,1.87
2016.02.05 20:07:06.614,1.54751,1.54777,1.00,1.87
2016.02.05 20:07:07.283,1.54751,1.54777,1.50,1.12
2016.02.05 20:07:07.804,1.54752,1.54778,1.00,1.00
2016.02.05 20:07:14.204,1.54752,1.54776,1.00,1.00
2016.02.05 20:07:20.351,1.54752,1.54776,1.12,1.00
2016.02.05 20:07:21.481,1.54754,1.54777,1.12,1.00
2016.02.05 20:07:22.442,1.54754,1.54778,1.12,1.00
2016.02.05 20:07:26.068,1.54754,1.54777,1.12,1.00
2016.02.05 20:07:29.268,1.54754,1.54776,1.12,1.00
2016.02.05 20:07:31.579,1.54754,1.54777,1.12,1.00
2016.02.05 20:07:32.228,1.54755,1.54779,1.37,1.00
2016.02.05 20:07:32.729,1.54755,1.5478,1.37,1.00
2016.02.05 20:07:33.251,1.54755,1.5478,1.75,1.00
2016.02.05 20:07:33.787,1.54757,1.54781,1.12,1.00
2016.02.05 20:07:34.714,1.54757,1.54782,1.12,1.00
2016.02.05 20:07:34.817,1.54757,1.54785,2.25,1.50
2016.02.05 20:07:34.868,1.54758,1.54785,1.12,1.12
2016.02.05 20:07:35.122,1.54765,1.54792,1.37,2.25
2016.02.05 20:07:35.275,1.54765,1.54793,1.12,1.50
2016.02.05 20:07:35.478,1.54768,1.54795,1.12,1.87
2016.02.05 20:07:36.002,1.54768,1.54794,1.87,1.12
2016.02.05 20:07:36.560,1.54767,1.54794,1.50,3.75
2016.02.05 20:07:36.611,1.54767,1.54792,1.00,1.12
2016.02.05 20:07:37.146,1.54768,1.54792,1.00,1.12
2016.02.05 20:07:37.400,1.5477,1.54794,1.00,1.87
2016.02.05 20:07:37.907,1.54768,1.54794,1.50,1.87
2016.02.05 20:07:39.837,1.54767,1.54793,1.12,1.00
2016.02.05 20:07:40.032,1.54767,1.54791,1.12,1.00
2016.02.05 20:07:40.539,1.54767,1.54792,1.87,1.50
2016.02.05 20:07:40.843,1.54766,1.54785,1.50,1.37
2016.02.05 20:07:41.047,1.54753,1.54777,1.12,1.37
2016.02.05 20:07:41.966,1.54752,1.54777,1.00,1.00
2016.02.05 20:07:42.473,1.54751,1.54776,1.87,1.00
2016.02.05 20:07:44.067,1.54751,1.54776,1.50,1.50
2016.02.05 20:07:44.471,1.54756,1.54777,1.37,1.37
2016.02.05 20:07:44.978,1.54756,1.54779,1.37,1.12
2016.02.05 20:07:46.665,1.54756,1.54782,1.50,1.87
2016.02.05 20:07:46.716,1.54756,1.54782,1.50,1.12
2016.02.05 20:07:46.818,1.54768,1.54784,1.00,1.12
2016.02.05 20:07:47.124,1.54786,1.54802,1.37,1.37
2016.02.05 20:07:47.532,1.5478,1.54802,1.12,1.37
2016.02.05 20:07:47.685,1.54778,1.54804,1.12,1.50
2016.02.05 20:07:47.736,1.54776,1.54804,1.75,1.50
2016.02.05 20:07:48.267,1.54776,1.54803,1.75,1.00
2016.02.05 20:07:48.673,1.54776,1.54801,1.12,1.00
2016.02.05 20:07:48.978,1.54769,1.54794,1.00,1.00
2016.02.05 20:07:49.106,1.54766,1.54791,1.87,1.00
2016.02.05 20:07:49.158,1.54766,1.54791,1.12,1.50
2016.02.05 20:07:49.664,1.54763,1.5479,1.12,1.00
2016.02.05 20:07:49.868,1.54762,1.54788,1.62,1.00
2016.02.05 20:07:49.919,1.54761,1.54788,1.69,1.00
2016.02.05 20:07:50.172,1.54762,1.54787,1.62,1.00
2016.02.05 20:07:50.376,1.54762,1.54789,2.00,1.00
2016.02.05 20:07:50.881,1.54761,1.54788,1.87,1.00
2016.02.05 20:07:50.932,1.54761,1.54788,1.12,1.00
2016.02.05 20:07:52.065,1.5476,1.54787,1.50,1.00
2016.02.05 20:07:52.783,1.5476,1.54789,1.50,2.62
2016.02.05 20:07:53.453,1.5476,1.54788,1.50,1.00
2016.02.05 20:07:54.289,1.5476,1.54789,2.25,1.50
2016.02.05 20:07:55.277,1.5476,1.54788,1.50,1.00
2016.02.05 20:07:55.692,1.5476,1.54787,1.00,1.87
2016.02.05 20:07:57.701,1.54759,1.54787,1.12,1.87
2016.02.05 20:07:59.179,1.54765,1.54789,1.37,1.12
2016.02.05 20:07:59.332,1.54765,1.54793,1.87,1.00
2016.02.05 20:07:59.448,1.54766,1.54793,1.12,1.00
2016.02.05 20:07:59.499,1.54767,1.54796,1.75,1.37
2016.02.05 20:08:04.262,1.54767,1.54794,2.25,1.00
2016.02.05 20:08:04.769,1.54767,1.54796,2.62,1.87
2016.02.05 20:08:06.811,1.54767,1.54794,1.37,1.50
2016.02.05 20:08:07.157,1.54768,1.54794,1.12,1.50
2016.02.05 20:08:10.772,1.54768,1.54795,1.12,1.87
2016.02.05 20:08:11.551,1.54772,1.54799,1.12,1.12
2016.02.05 20:08:13.243,1.54771,1.54799,1.37,1.50
2016.02.05 20:08:13.294,1.5477,1.54799,1.87,1.87
2016.02.05 20:08:18.963,1.54772,1.54799,1.12,1.12
2016.02.05 20:08:22.269,1.54774,1.548,1.19,3.00
2016.02.05 20:08:29.304,1.54774,1.548,1.00,1.50
2016.02.05 20:08:29.650,1.54769,1.54796,1.00,1.87
2016.02.05 20:08:30.361,1.54769,1.54798,2.25,1.87
2016.02.05 20:08:30.412,1.54771,1.54798,1.12,1.12
2016.02.05 20:08:32.175,1.54771,1.54796,1.12,1.00
2016.02.05 20:08:32.277,1.54769,1.54796,1.87,1.12
2016.02.05 20:08:32.538,1.54768,1.54795,1.31,1.00
2016.02.05 20:08:32.640,1.54768,1.54795,2.00,1.00
2016.02.05 20:08:33.457,1.54771,1.54799,1.50,1.12
2016.02.05 20:08:33.509,1.54771,1.548,1.87,2.62
2016.02.05 20:08:33.662,1.5477,1.548,1.37,1.87
2016.02.05 20:08:33.713,1.54769,1.54797,2.62,1.12
2016.02.05 20:08:35.575,1.54771,1.54797,1.00,1.12
2016.02.05 20:08:35.626,1.54777,1.54797,1.00,1.12
2016.02.05 20:08:35.728,1.54778,1.548,1.00,1.12
2016.02.05 20:08:35.780,1.54778,1.54805,1.75,1.75
2016.02.05 20:08:35.831,1.54781,1.54805,1.87,1.00
2016.02.05 20:08:36.086,1.54781,1.54808,2.25,1.12
2016.02.05 20:08:38.007,1.54783,1.54811,1.12,1.50
2016.02.05 20:08:38.670,1.54781,1.54807,1.75,1.50
2016.02.05 20:08:38.721,1.5478,1.54807,1.25,1.87
2016.02.05 20:08:38.772,1.54778,1.54806,2.44,1.75
2016.02.05 20:08:39.987,1.54777,1.54805,1.87,1.12
2016.02.05 20:08:41.556,1.54777,1.54801,1.37,1.00
2016.02.05 20:08:41.607,1.54775,1.54801,1.00,1.87
2016.02.05 20:08:41.658,1.54772,1.54797,1.12,1.00
2016.02.05 20:08:41.811,1.54767,1.54795,3.56,1.12
2016.02.05 20:08:43.030,1.54769,1.54797,1.50,1.12
2016.02.05 20:08:43.081,1.54769,1.54798,1.87,1.87
2016.02.05 20:08:43.133,1.54771,1.54798,1.37,1.12
2016.02.05 20:08:43.914,1.54769,1.54797,1.50,1.12
2016.02.05 20:08:44.617,1.54771,1.54798,1.12,1.12
2016.02.05 20:08:46.936,1.54769,1.54797,2.25,1.12
2016.02.05 20:08:47.241,1.54773,1.54797,1.00,1.12
2016.02.05 20:08:47.343,1.54769,1.54797,3.00,1.12
2016.02.05 20:08:47.899,1.54774,1.54797,1.00,1.12
2016.02.05 20:08:48.205,1.54774,1.548,1.12,1.50
2016.02.05 20:08:48.307,1.54774,1.54796,1.00,1.12
2016.02.05 20:08:48.359,1.54771,1.54796,2.06,1.12
2016.02.05 20:08:48.410,1.54772,1.548,1.25,1.87
2016.02.05 20:08:49.420,1.54771,1.54795,1.56,1.12
2016.02.05 20:08:49.928,1.5477,1.54795,1.19,1.12
2016.02.05 20:08:50.436,1.54769,1.54792,1.19,1.12
2016.02.05 20:08:50.656,1.54767,1.54792,1.37,1.12
2016.02.05 20:08:50.910,1.54765,1.54792,1.50,2.25
2016.02.05 20:08:55.375,1.54767,1.54792,1.00,1.12
2016.02.05 20:08:55.528,1.54769,1.54796,1.12,1.12
2016.02.05 20:08:56.152,1.54772,1.548,1.12,3.00
2016.02.05 20:08:56.518,1.54769,1.54796,1.50,1.12
2016.02.05 20:08:56.722,1.5477,1.54799,1.75,3.00
2016.02.05 20:08:59.628,1.54773,1.548,1.12,3.37
2016.02.05 20:09:00.135,1.54773,1.54799,1.12,1.00
2016.02.05 20:09:00.236,1.54772,1.54798,1.00,1.00
2016.02.05 20:09:00.730,1.54774,1.548,1.12,1.00
2016.02.05 20:09:01.240,1.54774,1.54801,1.12,2.25
2016.02.05 20:09:01.747,1.54774,1.548,1.12,1.50
2016.02.05 20:09:02.325,1.54774,1.54799,1.12,1.00
2016.02.05 20:09:02.832,1.54774,1.548,1.12,2.25
2016.02.05 20:09:03.456,1.54771,1.54798,1.12,1.00
2016.02.05 20:09:04.267,1.54773,1.54799,1.12,1.00
2016.02.05 20:09:04.820,1.54773,1.548,1.12,1.12
2016.02.05 20:09:08.145,1.54774,1.548,1.94,1.12
2016.02.05 20:09:11.107,1.54774,1.548,1.56,1.00
2016.02.05 20:09:14.069,1.54776,1.54802,1.12,1.00
2016.02.05 20:09:14.221,1.54779,1.54806,1.12,2.25
2016.02.05 20:09:14.476,1.54777,1.54805,1.00,2.25
2016.02.05 20:09:14.578,1.5478,1.54805,1.12,1.00
2016.02.05 20:09:15.096,1.5478,1.54806,1.12,1.12
2016.02.05 20:09:15.976,1.5478,1.54808,1.12,2.62
2016.02.05 20:09:16.600,1.5478,1.54806,1.12,1.00
2016.02.05 20:09:16.651,1.54776,1.54805,2.81,2.25
2016.02.05 20:09:16.754,1.54774,1.54802,1.94,1.87
2016.02.05 20:09:18.181,1.54778,1.54804,1.12,1.00
2016.02.05 20:09:18.486,1.54781,1.54809,1.75,4.31
2016.02.05 20:09:19.565,1.54782,1.54809,1.50,2.06
2016.02.05 20:09:19.667,1.54784,1.54809,1.12,1.00
2016.02.05 20:09:19.821,1.54787,1.54812,1.00,1.50
2016.02.05 20:09:19.975,1.54789,1.54817,1.12,1.87
2016.02.05 20:09:21.079,1.54788,1.54815,2.62,2.25
2016.02.05 20:09:21.384,1.54785,1.54811,1.37,1.12
2016.02.05 20:09:21.792,1.54787,1.54813,1.00,1.50
2016.02.05 20:09:28.990,1.54788,1.54814,1.00,1.12
2016.02.05 20:09:29.092,1.54789,1.54817,1.75,2.25
2016.02.05 20:09:30.798,1.54791,1.54818,1.50,1.12
2016.02.05 20:09:30.900,1.54792,1.5482,2.25,1.50
2016.02.05 20:09:31.180,1.54795,1.5482,1.37,1.00
2016.02.05 20:09:31.893,1.54793,1.5482,1.31,1.50
2016.02.05 20:09:35.485,1.54793,1.5482,1.37,1.50
2016.02.05 20:09:39.706,1.54793,1.54821,3.56,1.12
2016.02.05 20:09:40.721,1.54796,1.54824,3.37,1.87
2016.02.05 20:09:40.801,1.54799,1.54824,1.00,1.00
2016.02.05 20:09:45.660,1.54799,1.54824,1.19,1.00
2016.02.05 20:09:45.762,1.548,1.54827,1.56,1.87
2016.02.05 20:09:47.094,1.54799,1.54824,1.00,1.00
2016.02.05 20:09:47.448,1.54792,1.54817,1.12,1.00
2016.02.05 20:09:47.499,1.54788,1.54814,1.50,1.12
2016.02.05 20:09:47.601,1.54788,1.54817,1.87,3.37
2016.02.05 20:09:49.701,1.54791,1.54817,1.12,1.00
2016.02.05 20:09:50.209,1.54793,1.5482,1.00,2.62
2016.02.05 20:09:50.547,1.54796,1.54824,1.37,1.69
2016.02.05 20:09:51.407,1.54796,1.54821,1.37,1.00
2016.02.05 20:09:51.719,1.54791,1.5482,1.75,2.62
2016.02.05 20:09:54.075,1.54791,1.54817,1.37,1.00
2016.02.05 20:09:54.626,1.54791,1.54818,1.37,1.12
2016.02.05 20:09:55.734,1.54791,1.54817,1.37,1.00
2016.02.05 20:09:55.844,1.5479,1.54817,1.00,1.87
2016.02.05 20:09:56.427,1.54792,1.54819,1.00,1.50
2016.02.05 20:09:56.732,1.54792,1.5481,1.00,1.00
2016.02.05 20:09:57.055,1.54778,1.54797,1.12,1.00
2016.02.05 20:09:57.157,1.54776,1.54797,1.87,1.00
2016.02.05 20:09:58.036,1.54775,1.54795,1.12,1.00
2016.02.05 20:09:58.835,1.54772,1.54795,2.25,1.00
2016.02.05 20:09:59.730,1.54772,1.54795,1.50,1.00
2016.02.05 20:10:00.340,1.54774,1.54795,1.12,1.00
2016.02.05 20:10:01.449,1.54774,1.54796,1.12,1.00
2016.02.05 20:10:03.661,1.54774,1.54795,1.12,1.00
2016.02.05 20:10:04.181,1.54774,1.54794,1.12,1.50
2016.02.05 20:10:04.232,1.54772,1.54794,1.00,1.50
2016.02.05 20:10:04.283,1.54772,1.54792,1.00,1.00
2016.02.05 20:10:04.334,1.54767,1.54792,2.25,1.00
2016.02.05 20:10:04.868,1.54767,1.54791,1.12,1.00
2016.02.05 20:10:04.971,1.54763,1.54789,1.12,1.00
2016.02.05 20:10:05.073,1.54761,1.54789,1.50,2.25
2016.02.05 20:10:05.125,1.54759,1.54788,2.25,1.50
2016.02.05 20:10:05.227,1.5476,1.54788,1.75,1.12
2016.02.05 20:10:05.531,1.5476,1.54787,1.00,1.12
2016.02.05 20:10:05.633,1.54761,1.54788,1.37,1.12
2016.02.05 20:10:09.376,1.54761,1.54785,1.37,1.00
2016.02.05 20:10:09.699,1.54761,1.54783,1.37,1.00
2016.02.05 20:10:10.155,1.54757,1.54784,2.06,1.12
2016.02.05 20:10:10.562,1.54764,1.54786,1.25,1.12
2016.02.05 20:10:10.765,1.54766,1.5479,1.37,1.00
2016.02.05 20:10:11.037,1.54766,1.5479,1.75,1.00
2016.02.05 20:10:12.051,1.54763,1.54787,1.39,1.00
2016.02.05 20:10:12.153,1.5476,1.54787,1.19,1.87
2016.02.05 20:10:12.255,1.54759,1.54785,1.56,1.87
2016.02.05 20:10:12.574,1.54755,1.54782,2.19,1.12
2016.02.05 20:10:13.084,1.54757,1.54784,2.06,1.12
2016.02.05 20:10:14.131,1.54757,1.54786,1.37,2.62
2016.02.05 20:10:14.183,1.54754,1.54782,2.06,1.12
2016.02.05 20:10:19.693,1.54753,1.54779,1.31,1.37
2016.02.05 20:10:20.938,1.54752,1.54779,1.00,1.37
2016.02.05 20:10:21.262,1.54755,1.54782,1.12,1.12
2016.02.05 20:10:22.465,1.54758,1.54784,1.12,1.00
2016.02.05 20:10:24.342,1.54758,1.54785,1.12,1.12
2016.02.05 20:10:26.995,1.54756,1.54785,1.20,2.25
2016.02.05 20:10:27.655,1.54756,1.54782,1.12,1.00
2016.02.05 20:10:27.707,1.54756,1.54781,1.00,1.37
2016.02.05 20:10:31.674,1.54757,1.54781,1.12,1.00
2016.02.05 20:10:31.827,1.54757,1.54783,1.12,1.00
2016.02.05 20:10:33.731,1.54757,1.54777,1.12,1.00
2016.02.05 20:10:33.782,1.54753,1.54777,1.12,1.00
2016.02.05 20:10:33.884,1.54749,1.54776,3.00,1.12
2016.02.05 20:10:36.675,1.54752,1.54779,1.12,1.12
2016.02.05 20:10:36.726,1.54753,1.5478,1.50,1.12
2016.02.05 20:10:36.777,1.54755,1.54782,1.12,1.50
2016.02.05 20:10:38.382,1.54754,1.54782,1.37,2.25
2016.02.05 20:10:38.433,1.54752,1.54781,3.00,1.37
2016.02.05 20:10:39.722,1.54755,1.54781,1.37,1.37
2016.02.05 20:10:40.500,1.54757,1.54783,1.50,1.00
2016.02.05 20:10:42.331,1.54757,1.54784,1.50,1.12
2016.02.05 20:10:46.300,1.54757,1.54782,1.50,1.00
2016.02.05 20:10:46.808,1.54755,1.54782,1.75,1.37
2016.02.05 20:10:53.107,1.54757,1.54782,1.12,1.00
2016.02.05 20:10:53.260,1.54757,1.54785,1.50,2.25
2016.02.05 20:10:55.690,1.54759,1.54785,1.00,2.25
2016.02.05 20:10:56.014,1.5476,1.54785,1.37,1.00
2016.02.05 20:10:56.320,1.54761,1.54786,1.50,1.12
2016.02.05 20:10:57.646,1.54763,1.54785,1.37,1.00
2016.02.05 20:10:58.317,1.54763,1.54789,1.37,2.06
2016.02.05 20:11:00.263,1.54765,1.54789,1.00,1.25
2016.02.05 20:11:00.610,1.54765,1.54789,1.00,1.69
2016.02.05 20:11:01.143,1.54766,1.54788,1.00,1.12
2016.02.05 20:11:02.794,1.54768,1.54788,1.00,1.12
2016.02.05 20:11:05.311,1.54769,1.54788,1.00,1.12
2016.02.05 20:11:05.362,1.54769,1.54793,1.00,1.87
2016.02.05 20:11:05.642,1.54775,1.54793,1.00,1.87
2016.02.05 20:11:05.845,1.54773,1.54793,1.00,1.87
2016.02.05 20:11:06.150,1.54773,1.54796,1.00,1.87
2016.02.05 20:11:06.404,1.54777,1.54796,1.00,1.12
2016.02.05 20:11:06.608,1.54775,1.54796,1.00,1.12
2016.02.05 20:11:06.839,1.54775,1.54797,1.00,1.31
2016.02.05 20:11:07.399,1.54775,1.548,1.12,2.06
2016.02.05 20:11:08.058,1.54775,1.54797,1.12,1.87
2016.02.05 20:11:08.185,1.54772,1.54797,1.00,3.37
2016.02.05 20:11:08.288,1.5477,1.54796,1.37,2.19
2016.02.05 20:11:08.948,1.5477,1.54791,1.00,1.25
2016.02.05 20:11:09.051,1.54768,1.54792,2.25,1.94
2016.02.05 20:11:09.420,1.5477,1.54795,1.12,3.19
2016.02.05 20:11:09.725,1.54772,1.54795,1.00,3.19
2016.02.05 20:11:10.243,1.54771,1.54795,1.12,3.19
2016.02.05 20:11:11.327,1.54772,1.54795,1.00,2.44
2016.02.05 20:11:13.004,1.54773,1.54795,1.00,2.44
2016.02.05 20:11:13.157,1.54773,1.54797,1.50,1.00
2016.02.05 20:11:13.326,1.54776,1.54798,1.00,1.31
2016.02.05 20:11:13.428,1.54774,1.54798,1.12,1.31
2016.02.05 20:11:13.479,1.54774,1.54798,1.00,2.06
2016.02.05 20:11:14.190,1.54776,1.54798,1.00,2.00
2016.02.05 20:11:15.416,1.54777,1.54798,1.00,1.12
2016.02.05 20:11:16.091,1.54776,1.54798,1.00,1.12
2016.02.05 20:11:16.618,1.54777,1.54798,1.00,1.12
2016.02.05 20:11:17.491,1.54776,1.54798,1.00,1.12
2016.02.05 20:11:19.806,1.54777,1.54798,1.00,1.12
2016.02.05 20:11:19.857,1.54777,1.548,1.00,2.06
2016.02.05 20:11:20.364,1.54777,1.548,1.12,1.31
2016.02.05 20:11:21.795,1.54778,1.548,1.00,1.69
2016.02.05 20:11:22.390,1.54778,1.54799,1.00,1.37
2016.02.05 20:11:24.101,1.54777,1.54799,1.00,1.37
2016.02.05 20:11:24.254,1.54777,1.548,1.12,1.31
2016.02.05 20:11:24.660,1.54779,1.548,1.00,1.31
2016.02.05 20:11:24.762,1.54779,1.54804,1.12,1.87
2016.02.05 20:11:24.931,1.54776,1.54804,2.32,1.12
2016.02.05 20:11:24.983,1.54783,1.54804,1.00,1.12
2016.02.05 20:11:25.086,1.54776,1.54803,1.50,2.62
2016.02.05 20:11:25.188,1.54773,1.54798,1.12,1.87
2016.02.05 20:11:25.290,1.54773,1.54794,1.00,1.37
2016.02.05 20:11:25.594,1.54773,1.54797,1.00,1.87
2016.02.05 20:11:26.177,1.54772,1.54795,1.00,1.12
2016.02.05 20:11:26.279,1.54772,1.54792,1.00,1.37
2016.02.05 20:11:26.990,1.54769,1.5479,1.50,1.12
2016.02.05 20:11:27.092,1.54769,1.54793,1.50,1.12
2016.02.05 20:11:27.686,1.54766,1.54793,1.50,1.12
2016.02.05 20:11:27.737,1.54768,1.54793,1.00,1.12
2016.02.05 20:11:27.839,1.54766,1.54793,1.50,1.12
2016.02.05 20:11:28.295,1.54766,1.5479,1.00,1.12
2016.02.05 20:11:28.519,1.54766,1.54794,1.50,1.87
2016.02.05 20:11:30.259,1.54768,1.54794,1.00,1.87
2016.02.05 20:11:30.412,1.54768,1.54794,1.87,1.00
2016.02.05 20:11:31.255,1.54768,1.54795,1.12,1.31
2016.02.05 20:11:31.814,1.54767,1.54795,1.12,2.06
2016.02.05 20:11:32.119,1.54765,1.54792,1.12,1.12
2016.02.05 20:11:35.186,1.54767,1.54792,1.00,1.12
2016.02.05 20:11:35.339,1.54767,1.54793,1.00,1.00
2016.02.05 20:11:36.001,1.54769,1.54793,1.00,1.00
2016.02.05 20:11:36.213,1.54767,1.54793,1.12,1.00
2016.02.05 20:11:36.417,1.54769,1.54794,1.50,1.00
2016.02.05 20:11:36.569,1.54767,1.54794,1.50,1.50
2016.02.05 20:11:36.721,1.54768,1.54794,1.87,1.00
2016.02.05 20:11:37.534,1.54768,1.54795,1.12,1.25
2016.02.05 20:11:37.842,1.54772,1.54796,1.50,1.00
2016.02.05 20:11:38.146,1.54776,1.54801,1.12,1.87
2016.02.05 20:11:38.451,1.54773,1.54801,2.25,2.25
2016.02.05 20:11:38.995,1.54773,1.54799,1.12,1.12
2016.02.05 20:11:39.782,1.5477,1.54799,1.87,2.25
2016.02.05 20:11:41.819,1.5477,1.54795,1.12,1.00
2016.02.05 20:11:41.921,1.54768,1.54795,1.50,1.87
2016.02.05 20:11:46.559,1.54774,1.54795,1.00,1.37
2016.02.05 20:11:46.786,1.54775,1.54798,1.12,1.00
2016.02.05 20:11:47.041,1.54773,1.54798,1.75,1.00
2016.02.05 20:11:47.549,1.54774,1.54799,1.37,1.31
2016.02.05 20:11:48.081,1.54773,1.54798,1.75,1.00
2016.02.05 20:11:51.644,1.54777,1.54798,1.12,1.50
2016.02.05 20:11:52.186,1.54777,1.54801,1.75,2.44
2016.02.05 20:11:52.492,1.54781,1.54804,1.37,1.25
2016.02.05 20:11:52.544,1.54786,1.54805,1.00,1.00
2016.02.05 20:11:52.595,1.54786,1.5481,1.00,1.12
2016.02.05 20:11:52.646,1.54786,1.5481,1.87,1.00
2016.02.05 20:11:53.162,1.54787,1.54811,1.12,1.00
2016.02.05 20:11:53.365,1.54787,1.54814,1.12,1.87
2016.02.05 20:11:53.956,1.54787,1.54812,1.12,1.12
2016.02.05 20:11:54.464,1.54786,1.5481,1.12,1.25
2016.02.05 20:11:57.500,1.54786,1.54809,1.12,1.50
2016.02.05 20:11:57.551,1.54783,1.54809,1.00,2.25
2016.02.05 20:11:57.602,1.54781,1.54805,1.20,1.00
2016.02.05 20:11:57.654,1.5478,1.54805,1.12,1.12
2016.02.05 20:11:57.705,1.5478,1.54805,1.12,1.69
2016.02.05 20:11:59.229,1.54781,1.54806,1.00,2.19
2016.02.05 20:11:59.864,1.54781,1.54807,1.00,1.87
2016.02.05 20:11:59.915,1.54784,1.54807,1.37,1.50
2016.02.05 20:12:00.466,1.54784,1.54809,1.50,1.69
2016.02.05 20:12:01.125,1.54782,1.54807,1.50,1.00
2016.02.05 20:12:01.177,1.54782,1.54807,1.00,1.00
2016.02.05 20:12:04.718,1.54781,1.54807,1.50,1.87
2016.02.05 20:12:06.352,1.54779,1.54805,1.37,1.31
2016.02.05 20:12:06.405,1.54775,1.54802,2.25,2.62
2016.02.05 20:12:06.457,1.54775,1.54797,1.12,1.00
2016.02.05 20:12:06.660,1.54766,1.54791,1.00,1.12
2016.02.05 20:12:06.812,1.54763,1.54791,1.87,1.12
2016.02.05 20:12:07.066,1.54765,1.54792,1.12,1.39
2016.02.05 20:12:07.431,1.54771,1.54795,1.37,2.32
2016.02.05 20:12:07.736,1.54774,1.54799,1.12,1.95
2016.02.05 20:12:09.875,1.54774,1.54799,1.12,1.95
2016.02.05 20:12:10.939,1.54771,1.54796,1.50,1.01
2016.02.05 20:12:13.359,1.54769,1.54796,1.12,1.76
2016.02.05 20:12:20.255,1.54772,1.54795,1.00,1.25
2016.02.05 20:12:20.784,1.54772,1.54797,1.87,1.31
2016.02.05 20:12:21.315,1.54773,1.54799,1.75,1.87
2016.02.05 20:12:23.851,1.54773,1.54799,1.87,1.56
2016.02.05 20:12:24.155,1.54773,1.54798,1.75,1.69
2016.02.05 20:12:24.869,1.54773,1.54799,1.12,2.44
2016.02.05 20:12:25.383,1.54773,1.54798,1.12,1.69
2016.02.05 20:12:25.781,1.54769,1.54794,1.87,1.62
2016.02.05 20:12:25.884,1.54764,1.54792,1.37,1.37
2016.02.05 20:12:26.087,1.54763,1.5479,1.87,1.31
2016.02.05 20:12:26.291,1.54762,1.54787,1.00,1.31
2016.02.05 20:12:28.271,1.5476,1.54787,3.00,1.31
2016.02.05 20:12:28.995,1.5476,1.54781,2.25,1.00
2016.02.05 20:12:29.314,1.5476,1.54779,2.25,1.00
2016.02.05 20:12:31.792,1.54761,1.54781,1.37,1.00
2016.02.05 20:12:32.300,1.54762,1.54781,1.12,1.00
2016.02.05 20:12:34.854,1.5477,1.54785,1.00,1.31
2016.02.05 20:12:34.905,1.54767,1.54785,1.00,1.00
2016.02.05 20:12:34.956,1.54774,1.54788,1.37,1.00
2016.02.05 20:12:35.174,1.54769,1.54788,1.12,1.00
2016.02.05 20:12:35.276,1.54766,1.54788,1.75,1.00
2016.02.05 20:12:35.327,1.54766,1.54784,1.75,1.00
2016.02.05 20:12:41.721,1.54763,1.54784,2.62,1.00
2016.02.05 20:12:47.069,1.54763,1.54783,1.87,1.00
2016.02.05 20:12:47.222,1.5476,1.5478,1.50,1.00
2016.02.05 20:12:47.324,1.5476,1.5478,1.00,1.00
2016.02.05 20:12:47.823,1.54757,1.54776,1.50,1.00
2016.02.05 20:12:47.926,1.54756,1.54774,1.12,1.00
2016.02.05 20:12:51.257,1.54757,1.54774,2.25,1.00
2016.02.05 20:12:51.308,1.54759,1.54776,1.50,1.00
2016.02.05 20:12:51.839,1.54761,1.54776,1.00,1.00
2016.02.05 20:12:52.410,1.54759,1.54776,1.37,1.00
2016.02.05 20:12:52.513,1.54757,1.54776,3.37,1.00
2016.02.05 20:12:53.024,1.54757,1.54776,1.50,1.00
2016.02.05 20:12:54.113,1.54757,1.54774,1.00,1.00
2016.02.05 20:12:54.440,1.54752,1.54768,1.12,1.00
2016.02.05 20:12:54.543,1.54746,1.54764,1.12,1.00
2016.02.05 20:12:55.417,1.54744,1.54764,2.25,1.00
2016.02.05 20:12:57.668,1.54744,1.54761,1.12,1.00
2016.02.05 20:12:58.393,1.54748,1.54761,1.00,1.00
2016.02.05 20:12:58.445,1.54748,1.54765,1.00,1.00
2016.02.05 20:12:58.496,1.54748,1.54762,1.00,1.00
2016.02.05 20:12:58.597,1.54745,1.54762,1.87,1.00
2016.02.05 20:12:58.649,1.54748,1.54762,1.12,1.00
2016.02.05 20:12:58.852,1.54741,1.54762,2.25,1.00
2016.02.05 20:12:59.119,1.54741,1.54759,2.25,1.00
2016.02.05 20:12:59.317,1.5474,1.54759,2.25,1.00
2016.02.05 20:12:59.470,1.5474,1.54762,2.62,1.00
2016.02.05 20:12:59.624,1.54743,1.54762,1.50,1.00
2016.02.05 20:13:00.334,1.54745,1.54762,1.87,1.00
2016.02.05 20:13:01.036,1.54742,1.54762,3.00,1.00
2016.02.05 20:13:01.814,1.54748,1.54762,1.50,1.00
2016.02.05 20:13:01.866,1.54748,1.54764,1.50,1.00
2016.02.05 20:13:02.005,1.54748,1.54767,1.87,1.00
2016.02.05 20:13:02.512,1.54751,1.54767,1.12,1.00
2016.02.05 20:13:11.112,1.54752,1.54767,1.00,1.00
2016.02.05 20:13:13.645,1.54752,1.54769,1.50,1.00
2016.02.05 20:13:16.385,1.54751,1.54769,1.50,1.00
2016.02.05 20:13:21.172,1.5475,1.54769,1.50,1.00
2016.02.05 20:13:22.074,1.5475,1.54769,1.12,1.00
2016.02.05 20:13:25.971,1.54751,1.54769,1.12,1.00
2016.02.05 20:13:28.142,1.54754,1.54769,1.00,1.00
2016.02.05 20:13:28.244,1.54755,1.54772,1.37,1.00
2016.02.05 20:13:28.777,1.54756,1.54772,1.50,1.00
2016.02.05 20:13:30.083,1.54757,1.54772,1.50,1.00
2016.02.05 20:13:30.590,1.54756,1.54772,1.87,1.00
2016.02.05 20:13:31.577,1.54754,1.54772,1.87,1.00
2016.02.05 20:13:31.729,1.54754,1.5477,1.87,1.00
2016.02.05 20:13:39.018,1.54754,1.5477,1.87,1.00
2016.02.05 20:13:39.120,1.54754,1.54774,1.12,1.00
2016.02.05 20:13:39.323,1.54756,1.54774,1.12,1.00
2016.02.05 20:13:46.131,1.54761,1.54774,1.00,1.00
2016.02.05 20:13:46.284,1.54764,1.54779,1.00,1.00
2016.02.05 20:13:46.335,1.54767,1.54779,1.00,1.00
2016.02.05 20:13:46.539,1.54767,1.54782,1.12,1.00
2016.02.05 20:13:47.869,1.54761,1.54782,1.12,1.00
2016.02.05 20:13:48.224,1.54761,1.54779,1.12,1.00
2016.02.05 20:13:48.326,1.54763,1.54781,1.12,1.00
2016.02.05 20:13:48.428,1.54765,1.54781,1.12,1.00
2016.02.05 20:13:52.507,1.54761,1.54781,1.37,1.00
2016.02.05 20:13:52.559,1.54759,1.54779,1.75,1.00
2016.02.05 20:13:52.869,1.54758,1.54773,1.37,1.00
2016.02.05 20:13:53.918,1.54757,1.54773,1.87,1.00
2016.02.05 20:13:58.064,1.54759,1.54773,1.00,1.00
2016.02.05 20:13:58.591,1.54759,1.54773,1.50,1.00
2016.02.05 20:13:59.569,1.5476,1.54776,1.00,1.00
2016.02.05 20:14:00.100,1.54761,1.54776,1.00,1.00
2016.02.05 20:14:00.202,1.54762,1.54779,1.00,1.00
2016.02.05 20:14:00.254,1.54763,1.54779,1.37,1.00
2016.02.05 20:14:00.457,1.54764,1.54782,2.25,1.00
2016.02.05 20:14:00.559,1.54765,1.54782,1.75,1.00
2016.02.05 20:14:02.223,1.54764,1.54782,1.50,1.00
2016.02.05 20:14:02.733,1.54762,1.54782,1.37,1.00
2016.02.05 20:14:07.512,1.54765,1.54782,1.12,1.00
2016.02.05 20:14:08.071,1.54763,1.54782,1.87,1.00
2016.02.05 20:14:08.628,1.54762,1.54782,1.87,1.00
2016.02.05 20:14:09.166,1.5476,1.54782,1.87,1.00
2016.02.05 20:14:11.227,1.5476,1.54778,1.87,1.00
2016.02.05 20:14:11.531,1.54764,1.54778,1.00,1.00
2016.02.05 20:14:11.905,1.54769,1.54782,1.00,1.00
2016.02.05 20:14:12.363,1.54766,1.54782,2.25,1.00
2016.02.05 20:14:16.970,1.54763,1.54782,2.25,1.00
2016.02.05 20:14:17.788,1.54765,1.54782,1.50,1.00
2016.02.05 20:14:19.661,1.54766,1.54782,2.25,1.00
2016.02.05 20:14:20.169,1.54768,1.54782,1.37,1.00
2016.02.05 20:14:21.551,1.54768,1.54782,1.00,1.00
2016.02.05 20:14:21.602,1.54765,1.54782,1.50,1.00
2016.02.05 20:14:21.806,1.54763,1.54782,1.87,1.00
2016.02.05 20:14:26.193,1.54761,1.5478,1.12,1.00
2016.02.05 20:14:26.244,1.54755,1.5478,1.50,1.00
2016.02.05 20:14:26.751,1.54757,1.5478,1.00,1.31
2016.02.05 20:14:27.254,1.54756,1.5478,1.12,1.31
2016.02.05 20:14:27.788,1.54757,1.5478,1.00,1.31
2016.02.05 20:14:28.754,1.54758,1.5478,1.00,1.00
2016.02.05 20:14:30.191,1.54758,1.54778,1.00,1.00
2016.02.05 20:14:30.700,1.54757,1.54778,1.00,1.00
2016.02.05 20:14:32.173,1.54758,1.54778,1.00,1.00
2016.02.05 20:14:32.529,1.54756,1.54778,1.12,1.00
2016.02.05 20:14:32.684,1.54752,1.54773,1.12,1.31
2016.02.05 20:14:32.786,1.54746,1.54769,1.37,1.00
2016.02.05 20:14:32.838,1.54746,1.54769,1.37,1.56
2016.02.05 20:14:33.143,1.54743,1.54762,1.87,1.00
2016.02.05 20:14:33.295,1.54743,1.54762,1.00,1.00
2016.02.05 20:14:34.637,1.54745,1.54762,1.00,1.00
2016.02.05 20:14:35.297,1.54747,1.54762,1.00,1.00
2016.02.05 20:14:35.645,1.5475,1.54762,1.00,1.00
2016.02.05 20:14:35.848,1.5475,1.54765,1.00,1.00
2016.02.05 20:14:35.899,1.54747,1.54765,2.25,1.00
2016.02.05 20:14:36.001,1.54747,1.54768,1.50,1.00
2016.02.05 20:14:36.913,1.54749,1.54768,1.00,1.00
2016.02.05 20:14:40.233,1.54747,1.54768,1.00,1.00
2016.02.05 20:14:40.538,1.54749,1.54765,1.50,1.00
2016.02.05 20:14:40.589,1.54749,1.54769,1.50,1.37
2016.02.05 20:14:40.640,1.54757,1.54769,1.00,1.37
2016.02.05 20:14:40.692,1.54757,1.54775,1.87,1.75
2016.02.05 20:14:40.794,1.54757,1.54775,2.25,1.00
2016.02.05 20:14:40.910,1.54757,1.54778,2.25,1.00
2016.02.05 20:14:41.063,1.54759,1.54778,1.00,1.00
2016.02.05 20:14:41.367,1.54761,1.54778,1.37,1.00
2016.02.05 20:14:43.009,1.54765,1.54778,1.00,1.00
2016.02.05 20:14:43.060,1.54765,1.54781,1.00,1.00
2016.02.05 20:14:43.111,1.54766,1.54781,1.37,1.00
2016.02.05 20:14:43.213,1.54766,1.54784,1.37,1.00
2016.02.05 20:14:43.365,1.54766,1.54782,1.37,1.00
2016.02.05 20:14:43.416,1.54762,1.54782,1.50,1.00
2016.02.05 20:14:43.948,1.54762,1.54782,1.00,1.00
2016.02.05 20:14:44.608,1.54762,1.54782,1.87,1.00
2016.02.05 20:14:47.571,1.54764,1.54784,1.00,1.00
2016.02.05 20:14:47.622,1.54765,1.54784,1.37,1.00
2016.02.05 20:14:48.131,1.54766,1.54784,2.25,1.00
2016.02.05 20:14:52.489,1.54766,1.54784,1.37,1.31
2016.02.05 20:14:52.643,1.54763,1.54779,1.12,1.00
2016.02.05 20:14:53.042,1.54764,1.54779,1.75,1.00
2016.02.05 20:14:53.144,1.54764,1.54782,1.75,1.00
2016.02.05 20:14:53.551,1.54763,1.54782,1.00,1.00
2016.02.05 20:14:54.981,1.54762,1.54782,1.00,1.00
2016.02.05 20:14:56.213,1.54759,1.54782,1.12,1.00
2016.02.05 20:14:56.264,1.54759,1.54779,1.12,1.00
2016.02.05 20:14:56.315,1.54758,1.54779,1.12,1.00
2016.02.05 20:14:57.843,1.54758,1.54779,2.25,1.00
2016.02.05 20:14:58.099,1.54762,1.54779,1.00,1.00
2016.02.05 20:14:58.354,1.54763,1.54782,1.50,1.00
2016.02.05 20:14:58.405,1.54766,1.54782,1.00,1.00
2016.02.05 20:14:58.974,1.54768,1.54782,1.00,1.00
2016.02.05 20:14:59.279,1.54766,1.54785,4.50,1.00
2016.02.05 20:14:59.381,1.54766,1.54787,3.37,1.00
2016.02.05 20:14:59.433,1.5477,1.54787,1.12,1.00
2016.02.05 20:14:59.535,1.54766,1.54787,1.87,1.00
2016.02.05 20:15:03.232,1.54766,1.54787,1.00,1.00
2016.02.05 20:15:03.782,1.54766,1.54787,1.87,1.56
2016.02.05 20:15:08.654,1.54766,1.54787,1.00,1.56
2016.02.05 20:15:09.431,1.54765,1.54787,1.00,1.56
2016.02.05 20:15:14.472,1.54766,1.54786,1.00,1.00
2016.02.05 20:15:16.232,1.54766,1.54786,1.00,1.56
2016.02.05 20:15:17.435,1.54766,1.54786,1.50,1.56
2016.02.05 20:15:17.487,1.54769,1.54786,1.00,1.56
2016.02.05 20:15:17.538,1.54769,1.54787,1.00,1.00
2016.02.05 20:15:18.465,1.54774,1.54787,1.00,1.00
2016.02.05 20:15:18.517,1.54774,1.54791,1.00,1.56
2016.02.05 20:15:18.568,1.54775,1.54791,1.37,1.56
2016.02.05 20:15:18.975,1.5477,1.54791,1.87,1.56
2016.02.05 20:15:19.494,1.5477,1.54791,1.50,1.56
2016.02.05 20:15:22.153,1.5477,1.54791,1.50,1.56
2016.02.05 20:15:22.529,1.54775,1.54788,1.00,1.56
2016.02.05 20:15:22.631,1.54776,1.54792,1.00,1.00
2016.02.05 20:15:22.682,1.54778,1.54792,1.00,1.00
2016.02.05 20:15:23.140,1.54778,1.54794,1.00,1.31
2016.02.05 20:15:24.615,1.54778,1.54797,1.87,1.56
2016.02.05 20:15:24.921,1.54778,1.54797,1.87,1.00
2016.02.05 20:15:27.012,1.54782,1.54797,1.00,1.00
2016.02.05 20:15:27.317,1.54785,1.54799,1.12,1.00
2016.02.05 20:15:27.368,1.54785,1.54802,1.12,1.00
2016.02.05 20:15:28.803,1.54787,1.54802,1.12,1.00
2016.02.05 20:15:28.854,1.54787,1.54806,1.12,1.00
2016.02.05 20:15:31.135,1.54792,1.54806,1.00,1.00
2016.02.05 20:15:31.288,1.54792,1.54809,1.12,1.00
2016.02.05 20:15:32.255,1.54788,1.54809,1.50,1.00
2016.02.05 20:15:35.946,1.54788,1.54809,3.00,1.00
2016.02.05 20:15:37.048,1.54791,1.54809,1.00,1.00
2016.02.05 20:15:37.821,1.54788,1.54809,1.12,1.00
2016.02.05 20:15:37.923,1.54788,1.54805,1.12,1.31
2016.02.05 20:15:38.025,1.54787,1.54805,1.50,1.31
2016.02.05 20:15:39.734,1.54789,1.54805,1.12,1.00
2016.02.05 20:15:41.179,1.54789,1.54809,1.87,1.00
2016.02.05 20:15:49.199,1.54788,1.54809,1.12,1.00
2016.02.05 20:15:49.605,1.54789,1.54809,1.37,1.00
2016.02.05 20:15:51.754,1.54789,1.54806,1.37,1.00
2016.02.05 20:15:51.908,1.54782,1.548,1.00,1.00
2016.02.05 20:15:52.010,1.54778,1.548,1.37,1.00
2016.02.05 20:15:53.245,1.54777,1.54796,1.87,1.00
2016.02.05 20:15:54.867,1.54777,1.54794,1.12,1.00
2016.02.05 20:15:55.020,1.54772,1.54791,1.75,1.00
2016.02.05 20:15:55.600,1.54768,1.54791,2.25,1.00
2016.02.05 20:15:55.805,1.54768,1.54787,1.12,1.00
2016.02.05 20:15:55.907,1.54766,1.54787,1.12,1.00
2016.02.05 20:15:57.793,1.54762,1.54787,2.25,1.00
2016.02.05 20:16:00.640,1.54762,1.54783,1.50,1.00
2016.02.05 20:16:04.752,1.54759,1.5478,1.75,1.00
2016.02.05 20:16:04.803,1.54759,1.5478,1.12,1.00
2016.02.05 20:16:05.659,1.54759,1.5478,1.50,1.00
2016.02.05 20:16:06.183,1.54759,1.5478,1.12,1.00
2016.02.05 20:16:15.342,1.5475,1.54776,2.25,1.12
2016.02.05 20:16:15.444,1.54749,1.54775,1.50,2.25
2016.02.05 20:16:15.496,1.54749,1.54772,1.50,1.00
2016.02.05 20:16:15.816,1.54748,1.5477,1.12,1.00
2016.02.05 20:16:15.918,1.54744,1.5477,1.12,1.00
2016.02.05 20:16:16.071,1.54746,1.5477,1.37,1.00
2016.02.05 20:16:16.477,1.54749,1.5477,1.50,1.00
2016.02.05 20:16:16.802,1.54756,1.5477,1.00,1.00
2016.02.05 20:16:17.005,1.54756,1.54772,1.00,1.00
2016.02.05 20:16:18.874,1.54756,1.54772,1.50,1.00
2016.02.05 20:16:18.925,1.54757,1.54775,1.12,1.00
2016.02.05 20:16:20.816,1.54767,1.54778,1.00,1.00
2016.02.05 20:16:20.918,1.54771,1.54783,1.00,1.00
2016.02.05 20:16:21.071,1.54771,1.54792,1.50,1.00
2016.02.05 20:16:21.577,1.54771,1.54792,2.25,1.00
2016.02.05 20:16:22.107,1.54772,1.54792,1.75,1.00
2016.02.05 20:16:23.936,1.54768,1.54788,1.87,1.00
2016.02.05 20:16:24.443,1.54768,1.54788,1.00,1.00
2016.02.05 20:16:25.342,1.54768,1.54788,1.50,1.00
2016.02.05 20:16:25.881,1.54768,1.54788,1.00,1.00
2016.02.05 20:16:27.047,1.54766,1.54788,1.00,1.00
2016.02.05 20:16:27.149,1.54766,1.54785,1.00,1.00
2016.02.05 20:16:28.252,1.54769,1.54785,1.00,1.00
2016.02.05 20:16:28.354,1.54772,1.54789,1.00,1.00
2016.02.05 20:16:28.405,1.54772,1.54791,1.00,1.00
2016.02.05 20:16:28.912,1.54771,1.54791,1.00,1.00
2016.02.05 20:16:29.806,1.54772,1.54791,1.00,1.00
2016.02.05 20:16:34.191,1.54778,1.54791,1.00,1.00
2016.02.05 20:16:34.394,1.54778,1.54795,1.50,1.00
2016.02.05 20:16:34.496,1.54778,1.54797,1.50,1.00
2016.02.05 20:16:35.881,1.54775,1.54797,1.00,1.00
2016.02.05 20:16:36.237,1.54775,1.54794,1.00,1.00
2016.02.05 20:16:36.810,1.54775,1.54796,1.00,1.00
2016.02.05 20:16:37.672,1.54775,1.54796,1.37,1.00
2016.02.05 20:16:38.914,1.54772,1.54796,2.62,1.00
2016.02.05 20:16:39.483,1.54772,1.54796,1.12,1.00
2016.02.05 20:16:40.213,1.54772,1.54794,1.00,1.00
2016.02.05 20:16:40.778,1.5477,1.54791,1.12,1.00
2016.02.05 20:16:42.277,1.54772,1.54791,1.00,1.00
2016.02.05 20:16:42.582,1.54773,1.54791,1.50,1.00
2016.02.05 20:16:43.432,1.54775,1.54791,1.00,1.00
2016.02.05 20:16:46.175,1.54773,1.54791,1.50,1.00
2016.02.05 20:16:46.226,1.54773,1.54795,1.50,1.00
2016.02.05 20:16:46.775,1.54775,1.54795,1.00,1.00
2016.02.05 20:16:49.653,1.54773,1.54795,1.50,1.00
2016.02.05 20:16:49.704,1.54772,1.54791,2.25,1.00
2016.02.05 20:16:49.863,1.54772,1.54791,1.00,1.00
2016.02.05 20:16:50.371,1.5477,1.54791,1.50,1.00
2016.02.05 20:16:50.726,1.54773,1.54791,1.12,1.00
2016.02.05 20:16:51.259,1.54772,1.54791,1.87,1.00
2016.02.05 20:16:51.615,1.54769,1.54791,1.87,1.00
2016.02.05 20:16:53.642,1.54769,1.54787,1.37,1.00
2016.02.05 20:16:53.693,1.54768,1.54787,1.12,1.00
2016.02.05 20:16:55.406,1.54771,1.54787,1.00,1.00
2016.02.05 20:16:55.703,1.54769,1.54787,1.00,1.00
2016.02.05 20:16:55.755,1.54769,1.54787,1.75,1.00
2016.02.05 20:16:56.213,1.54772,1.5479,1.37,1.00
2016.02.05 20:16:58.206,1.54772,1.54788,1.37,1.37
2016.02.05 20:16:58.413,1.54768,1.54788,2.25,1.87
2016.02.05 20:16:58.515,1.54768,1.54788,1.50,1.87
2016.02.05 20:16:59.048,1.54769,1.54788,1.00,1.00
2016.02.05 20:16:59.150,1.54769,1.54788,1.50,1.00
2016.02.05 20:17:05.696,1.54769,1.54785,1.37,1.00
2016.02.05 20:17:05.747,1.54764,1.54785,1.75,1.00
2016.02.05 20:17:05.798,1.54764,1.54784,1.00,1.00
2016.02.05 20:17:08.977,1.54763,1.54784,1.12,1.00
2016.02.05 20:17:11.219,1.54763,1.54782,1.00,1.00
2016.02.05 20:17:11.271,1.54759,1.54782,1.00,1.00
2016.02.05 20:17:11.322,1.54756,1.54782,1.37,1.50
2016.02.05 20:17:11.374,1.54753,1.54777,1.87,1.00
2016.02.05 20:17:11.678,1.54752,1.54772,1.37,1.00
2016.02.05 20:17:11.730,1.54751,1.54772,1.12,1.00
2016.02.05 20:17:11.781,1.54751,1.54769,1.12,1.00
2016.02.05 20:17:14.797,1.54751,1.54769,1.50,1.00
2016.02.05 20:17:15.103,1.54754,1.54771,1.87,1.00
2016.02.05 20:17:23.632,1.54754,1.54769,1.12,1.00
2016.02.05 20:17:23.683,1.54751,1.54769,1.50,1.00
2016.02.05 20:17:24.956,1.54746,1.54766,1.12,1.00
2016.02.05 20:17:25.640,1.54745,1.54763,1.12,1.00
2016.02.05 20:17:25.691,1.54742,1.5476,1.37,1.00
2016.02.05 20:17:25.742,1.54741,1.54758,1.50,1.00
2016.02.05 20:17:25.794,1.54738,1.54758,1.37,1.00
2016.02.05 20:17:25.896,1.54736,1.54758,1.37,1.00
2016.02.05 20:17:27.873,1.54733,1.54755,1.12,1.00
2016.02.05 20:17:27.924,1.54732,1.54755,1.12,1.00
2016.02.05 20:17:28.584,1.54732,1.54751,1.87,1.00
2016.02.05 20:17:30.395,1.54734,1.54751,1.37,1.00
2016.02.05 20:17:30.652,1.5474,1.54758,1.12,1.00
2016.02.05 20:17:31.161,1.54743,1.54758,1.00,1.00
2016.02.05 20:17:32.960,1.54743,1.54755,1.00,1.00
2016.02.05 20:17:33.012,1.54735,1.54755,2.25,1.00
2016.02.05 20:17:33.216,1.54733,1.54753,1.75,1.00
2016.02.05 20:17:33.521,1.54732,1.5475,1.37,1.00
2016.02.05 20:17:33.572,1.54727,1.5475,2.25,1.00
2016.02.05 20:17:33.826,1.54727,1.54748,2.25,1.00
2016.02.05 20:17:36.030,1.54727,1.54748,1.37,1.00
2016.02.05 20:17:37.067,1.54727,1.54748,2.25,1.00
2016.02.05 20:17:37.190,1.54732,1.54748,1.37,1.00
2016.02.05 20:17:37.342,1.54734,1.5475,1.00,1.00
2016.02.05 20:17:37.850,1.54732,1.5475,3.00,1.00
2016.02.05 20:17:40.211,1.54732,1.54748,1.37,1.00
2016.02.05 20:17:40.922,1.54731,1.54748,1.50,1.00
2016.02.05 20:17:41.301,1.54729,1.54748,1.12,1.00
2016.02.05 20:17:41.862,1.54729,1.54746,1.12,1.00
2016.02.05 20:17:41.913,1.54724,1.54746,1.87,1.00
2016.02.05 20:17:42.792,1.54722,1.54742,1.12,1.00
2016.02.05 20:17:42.843,1.54719,1.54742,1.12,1.00
2016.02.05 20:17:42.945,1.54716,1.5474,2.62,1.00
2016.02.05 20:17:43.149,1.54716,1.54736,1.12,1.00
2016.02.05 20:17:43.847,1.54719,1.54736,1.12,1.00
2016.02.05 20:18:01.122,1.54719,1.54739,1.12,1.00
2016.02.05 20:18:01.649,1.54718,1.54739,1.12,1.00
2016.02.05 20:18:03.481,1.54715,1.54739,1.37,1.00
2016.02.05 20:18:03.634,1.54715,1.54735,1.37,1.00
2016.02.05 20:18:03.685,1.54712,1.54735,1.12,1.00
2016.02.05 20:18:04.635,1.54712,1.54731,1.12,1.00
2016.02.05 20:18:04.686,1.54709,1.54731,2.25,1.00
2016.02.05 20:18:05.832,1.54709,1.54729,1.12,1.00
2016.02.05 20:18:06.443,1.54711,1.54729,1.37,1.00
2016.02.05 20:18:06.595,1.5471,1.54729,1.37,1.00
2016.02.05 20:18:06.957,1.54711,1.54729,1.37,1.00
2016.02.05 20:18:07.392,1.54712,1.54733,1.12,1.00
2016.02.05 20:18:07.494,1.54714,1.54733,1.12,1.00
2016.02.05 20:18:07.595,1.54714,1.54736,1.12,1.00
2016.02.05 20:18:15.223,1.54714,1.54733,1.12,1.00
2016.02.05 20:18:15.426,1.54703,1.5473,1.37,1.12
2016.02.05 20:18:15.477,1.54703,1.54721,1.37,1.00
2016.02.05 20:18:15.712,1.54697,1.54718,1.50,1.00
2016.02.05 20:18:16.017,1.54696,1.54716,1.75,1.00
2016.02.05 20:18:16.990,1.54693,1.54712,1.50,1.00
2016.02.05 20:18:17.041,1.5469,1.54712,1.12,1.00
2016.02.05 20:18:17.509,1.54693,1.54712,1.12,1.00
2016.02.05 20:18:17.813,1.54696,1.54712,1.37,1.00
2016.02.05 20:18:18.146,1.54692,1.54712,1.12,1.00
2016.02.05 20:18:19.784,1.54694,1.54715,1.12,1.00
2016.02.05 20:18:19.937,1.54693,1.54715,2.62,1.00
2016.02.05 20:18:19.988,1.54693,1.54712,2.62,1.00
2016.02.05 20:18:21.167,1.54693,1.54715,1.75,1.00
2016.02.05 20:18:22.173,1.5469,1.54712,1.12,1.00
2016.02.05 20:18:22.224,1.5469,1.54712,1.37,1.00
2016.02.05 20:18:22.681,1.5469,1.54708,1.37,1.00
2016.02.05 20:18:24.663,1.5469,1.54712,1.37,1.00
2016.02.05 20:18:24.765,1.54693,1.54715,1.50,1.00
2016.02.05 20:18:24.816,1.54694,1.54715,1.37,1.00
2016.02.05 20:18:25.331,1.54695,1.54715,1.12,1.00
2016.02.05 20:18:30.571,1.54695,1.54715,1.12,1.00
2016.02.05 20:18:30.673,1.54696,1.54715,1.37,1.00
2016.02.05 20:18:30.949,1.54697,1.54721,1.12,1.00
2016.02.05 20:18:31.408,1.54701,1.54728,1.50,1.75
2016.02.05 20:18:31.460,1.54702,1.54728,1.12,1.00
2016.02.05 20:18:31.613,1.54704,1.54729,1.37,1.12
2016.02.05 20:18:31.868,1.54702,1.5473,1.12,1.87
2016.02.05 20:18:32.093,1.54704,1.54732,1.37,2.62
2016.02.05 20:18:32.150,1.54705,1.54732,1.12,1.87
2016.02.05 20:18:34.805,1.54707,1.54733,1.75,1.37
2016.02.05 20:18:34.952,1.54709,1.54735,1.12,1.37
2016.02.05 20:18:36.494,1.54707,1.54734,1.37,1.37
2016.02.05 20:18:36.646,1.54707,1.54734,1.37,1.95
2016.02.05 20:18:37.153,1.54706,1.54733,2.25,1.50
2016.02.05 20:18:37.701,1.54707,1.54733,1.37,1.50
2016.02.05 20:18:38.411,1.54707,1.54732,1.37,1.00
2016.02.05 20:18:38.715,1.54705,1.54729,1.37,1.00
2016.02.05 20:18:39.248,1.54705,1.54731,1.87,1.12
2016.02.05 20:18:42.245,1.54706,1.54733,1.00,1.87
2016.02.05 20:18:42.768,1.54705,1.54733,1.87,2.25
2016.02.05 20:18:46.330,1.54706,1.5473,1.50,1.00
2016.02.05 20:18:48.422,1.54706,1.54729,1.50,1.00
2016.02.05 20:18:49.029,1.54706,1.54728,1.50,1.00
2016.02.05 20:18:49.602,1.54705,1.54729,1.50,1.12
2016.02.05 20:18:50.110,1.54705,1.54728,1.50,1.00
2016.02.05 20:18:50.826,1.54705,1.54728,1.50,1.00
2016.02.05 20:18:51.360,1.54705,1.54728,1.50,1.00
2016.02.05 20:18:53.268,1.54704,1.54728,1.75,1.00
2016.02.05 20:18:53.780,1.54704,1.54728,2.25,1.00
2016.02.05 20:18:54.508,1.54705,1.54731,1.50,1.87
2016.02.05 20:18:54.609,1.54705,1.54731,1.37,2.25
2016.02.05 20:18:54.762,1.54706,1.54733,2.25,1.12
2016.02.05 20:19:00.213,1.54705,1.54733,2.25,1.12
2016.02.05 20:19:00.264,1.54704,1.54729,1.12,1.00
2016.02.05 20:19:00.519,1.54697,1.54723,1.00,1.75
2016.02.05 20:19:01.026,1.54696,1.54722,1.87,1.37
2016.02.05 20:19:01.298,1.54698,1.54722,1.00,1.37
2016.02.05 20:19:02.702,1.54696,1.54723,1.12,1.12
2016.02.05 20:19:02.855,1.54696,1.54719,1.00,1.62
2016.02.05 20:19:03.378,1.54695,1.54719,1.00,1.62
2016.02.05 20:19:04.153,1.54692,1.54719,2.25,1.62
2016.02.05 20:19:08.352,1.54694,1.54719,1.00,1.62
2016.02.05 20:19:08.862,1.54692,1.54719,2.25,1.62
2016.02.05 20:19:09.452,1.54692,1.54717,1.00,1.12
2016.02.05 20:19:09.605,1.5469,1.54717,1.12,1.12
2016.02.05 20:19:09.656,1.54687,1.54714,1.12,1.87
2016.02.05 20:19:09.961,1.54683,1.5471,2.25,1.50
2016.02.05 20:19:11.100,1.54684,1.54709,1.50,1.00
2016.02.05 20:19:11.607,1.54684,1.54709,1.12,1.00
2016.02.05 20:19:15.612,1.54682,1.54705,1.12,1.31
2016.02.05 20:19:15.714,1.54679,1.54705,1.50,1.31
2016.02.05 20:19:15.765,1.54679,1.54705,1.12,2.00
2016.02.05 20:19:18.932,1.54678,1.54702,1.00,1.12
2016.02.05 20:19:20.631,1.54679,1.54702,1.00,1.12
2016.02.05 20:19:20.682,1.54681,1.54705,1.00,1.12
2016.02.05 20:19:20.733,1.54684,1.54705,1.00,1.12
2016.02.05 20:19:20.886,1.54684,1.5471,1.50,1.69
2016.02.05 20:19:21.485,1.54685,1.54708,1.00,1.69
2016.02.05 20:19:21.992,1.54684,1.54708,1.50,1.69
2016.02.05 20:19:22.297,1.54684,1.54706,1.50,1.12
2016.02.05 20:19:22.472,1.54686,1.54712,1.37,1.12
2016.02.05 20:19:22.524,1.54686,1.54713,1.50,1.50
2016.02.05 20:19:22.678,1.54683,1.54712,2.62,1.75
2016.02.05 20:19:22.730,1.54683,1.5471,1.87,1.12
2016.02.05 20:19:24.102,1.54684,1.5471,1.00,1.12
2016.02.05 20:19:24.204,1.54684,1.54707,1.00,1.12
2016.02.05 20:19:24.661,1.54682,1.54707,1.00,1.12
2016.02.05 20:19:25.187,1.54681,1.54707,1.00,1.12
2016.02.05 20:19:25.695,1.54682,1.54707,1.00,1.12
2016.02.05 20:19:26.343,1.54686,1.54707,1.00,1.12
2016.02.05 20:19:26.508,1.5469,1.54711,1.12,1.00
2016.02.05 20:19:26.559,1.54691,1.54715,1.00,1.12
2016.02.05 20:19:26.610,1.54691,1.54718,2.25,1.50
2016.02.05 20:19:26.815,1.54687,1.54714,1.87,1.00
2016.02.05 20:19:26.968,1.54685,1.54713,1.31,2.25
2016.02.05 20:19:27.070,1.54683,1.54711,1.50,1.87
2016.02.05 20:19:27.478,1.54682,1.54709,1.87,1.75
2016.02.05 20:19:27.777,1.54681,1.54707,1.00,1.37
2016.02.05 20:19:28.301,1.54679,1.54707,1.87,1.87
2016.02.05 20:19:28.707,1.54681,1.54704,1.00,1.37
2016.02.05 20:19:28.809,1.54681,1.54706,1.00,1.00
2016.02.05 20:19:29.318,1.54682,1.54706,1.00,1.00
2016.02.05 20:19:29.370,1.5468,1.54706,1.00,1.00
2016.02.05 20:19:29.421,1.5468,1.54704,1.00,1.12
2016.02.05 20:19:29.523,1.5468,1.54707,1.12,1.12
2016.02.05 20:19:32.702,1.54681,1.54707,1.00,1.12
2016.02.05 20:19:35.333,1.5468,1.54707,1.87,1.12
2016.02.05 20:19:35.434,1.54678,1.54703,1.12,1.50
2016.02.05 20:19:35.638,1.5467,1.54697,1.12,1.12
2016.02.05 20:19:35.842,1.54669,1.54696,1.00,1.00
2016.02.05 20:19:36.098,1.54668,1.54694,1.37,1.50
2016.02.05 20:19:36.225,1.54666,1.54694,2.25,1.87
2016.02.05 20:19:40.463,1.54664,1.54689,1.25,1.12
2016.02.05 20:19:40.819,1.54669,1.54695,1.12,1.12
2016.02.05 20:19:41.073,1.54672,1.54699,1.12,1.12
2016.02.05 20:19:41.580,1.54672,1.54698,1.12,1.50
2016.02.05 20:19:42.082,1.54672,1.54697,1.12,1.00
2016.02.05 20:19:48.204,1.54672,1.54696,1.12,1.00
2016.02.05 20:19:48.663,1.5467,1.54695,1.00,1.50
2016.02.05 20:19:48.878,1.54666,1.54692,1.75,1.00
2016.02.05 20:19:49.133,1.5466,1.54688,1.12,1.12
2016.02.05 20:19:49.743,1.54663,1.54689,1.12,1.00
2016.02.05 20:19:51.365,1.54661,1.54689,1.50,1.87
2016.02.05 20:19:53.143,1.5466,1.54686,1.31,1.00
2016.02.05 20:19:53.600,1.5466,1.54684,1.12,1.00
2016.02.05 20:19:53.652,1.54657,1.5468,1.00,1.00
2016.02.05 20:19:53.754,1.54654,1.54679,1.37,1.12
2016.02.05 20:19:54.005,1.54652,1.54679,1.19,1.87
2016.02.05 20:19:54.516,1.54659,1.54679,1.00,1.12
2016.02.05 20:19:54.669,1.54662,1.54689,3.75,1.87
2016.02.05 20:19:54.771,1.54665,1.5469,1.37,1.00
2016.02.05 20:19:54.924,1.54664,1.54687,1.12,1.00
2016.02.05 20:19:54.975,1.54662,1.54687,1.87,1.00
2016.02.05 20:19:55.128,1.54661,1.54685,1.12,1.00
2016.02.05 20:19:55.179,1.54658,1.54685,1.56,1.50
2016.02.05 20:19:55.285,1.54658,1.54685,1.00,1.50
2016.02.05 20:19:55.338,1.54657,1.54685,1.50,1.87
2016.02.05 20:19:55.846,1.54659,1.54683,1.00,1.12
2016.02.05 20:19:56.455,1.54655,1.54683,1.95,1.12
2016.02.05 20:19:56.507,1.54656,1.54683,1.00,1.12
2016.02.05 20:19:57.021,1.54657,1.54683,1.00,1.87
2016.02.05 20:19:58.183,1.54656,1.54683,1.00,1.12
2016.02.05 20:19:58.437,1.54658,1.54683,1.00,1.12
2016.02.05 20:19:58.743,1.54674,1.54698,1.37,1.31
2016.02.05 20:19:59.072,1.54677,1.54702,1.50,1.87
2016.02.05 20:19:59.174,1.54675,1.54702,1.12,2.62
2016.02.05 20:19:59.985,1.54674,1.547,1.87,1.00
2016.02.05 20:20:03.189,1.54674,1.54701,2.25,1.12
2016.02.05 20:20:03.697,1.54674,1.547,2.25,1.00
2016.02.05 20:20:05.077,1.54674,1.54702,2.25,1.50
2016.02.05 20:20:05.685,1.54674,1.547,2.25,1.00
2016.02.05 20:20:06.217,1.54674,1.54701,2.25,1.12
2016.02.05 20:20:06.774,1.54676,1.54704,1.87,1.50
2016.02.05 20:20:07.079,1.54682,1.54709,1.37,3.00
2016.02.05 20:20:07.614,1.54682,1.54708,1.37,1.00
2016.02.05 20:20:10.184,1.54682,1.54706,1.37,1.00
2016.02.05 20:20:10.488,1.54678,1.54702,1.12,1.37
2016.02.05 20:20:11.046,1.54678,1.54703,1.12,1.95
2016.02.05 20:20:11.570,1.54678,1.54704,1.12,1.50
2016.02.05 20:20:12.416,1.54676,1.54702,1.50,1.00
2016.02.05 20:20:12.937,1.54676,1.54703,1.50,1.20
2016.02.05 20:20:15.221,1.54672,1.547,2.25,1.87
2016.02.05 20:20:17.673,1.54671,1.54697,2.62,1.00
2016.02.05 20:20:19.371,1.54671,1.54699,1.87,1.37
2016.02.05 20:20:29.915,1.54673,1.54702,2.25,1.75
2016.02.05 20:20:29.966,1.54674,1.54702,1.37,1.37
2016.02.05 20:20:36.461,1.54677,1.54704,1.12,1.50
2016.02.05 20:20:36.977,1.54674,1.54703,2.62,1.37
2016.02.05 20:20:37.029,1.54676,1.54704,1.37,1.87
2016.02.05 20:20:37.080,1.54677,1.54704,1.12,1.50
2016.02.05 20:20:39.668,1.54675,1.54702,1.50,1.12
2016.02.05 20:20:39.871,1.54675,1.54704,1.87,1.87
2016.02.05 20:20:40.075,1.54674,1.54702,2.25,1.12
2016.02.05 20:20:40.532,1.54675,1.54703,1.37,1.75
2016.02.05 20:20:40.583,1.54676,1.54705,1.12,3.37
2016.02.05 20:20:40.763,1.54675,1.54703,1.37,1.75
2016.02.05 20:20:40.814,1.54674,1.54702,2.25,1.12
2016.02.05 20:20:41.782,1.54676,1.54702,1.00,1.12
2016.02.05 20:20:42.370,1.5468,1.54702,1.00,1.12
2016.02.05 20:20:42.472,1.5468,1.54706,1.00,1.37
2016.02.05 20:20:42.523,1.54682,1.54706,1.00,1.37
2016.02.05 20:20:42.574,1.54682,1.54711,1.87,1.87
2016.02.05 20:20:44.488,1.54685,1.54713,1.12,2.25
2016.02.05 20:20:45.062,1.54685,1.54711,1.12,1.00
2016.02.05 20:20:45.267,1.54679,1.54706,1.87,1.00
2016.02.05 20:20:45.370,1.54679,1.54704,1.00,1.12
2016.02.05 20:20:45.422,1.54677,1.54704,1.87,1.87
2016.02.05 20:20:46.211,1.54676,1.54701,1.87,1.00
2016.02.05 20:20:46.728,1.54674,1.54701,1.12,1.50
2016.02.05 20:20:47.250,1.54671,1.54699,1.12,1.37
2016.02.05 20:20:47.301,1.5467,1.54699,2.62,1.87
2016.02.05 20:20:47.352,1.54674,1.54699,1.00,1.87
2016.02.05 20:20:47.750,1.54672,1.54699,1.00,1.12
2016.02.05 20:20:47.902,1.54675,1.54699,1.00,1.12
2016.02.05 20:20:48.613,1.54674,1.54702,1.87,2.25
2016.02.05 20:20:49.136,1.54674,1.547,1.87,1.00
2016.02.05 20:20:50.527,1.54674,1.54701,1.12,1.12
2016.02.05 20:20:51.061,1.54674,1.547,1.12,1.00
2016.02.05 20:20:51.267,1.5468,1.54706,1.37,1.75
2016.02.05 20:20:51.319,1.54681,1.54707,1.00,1.50
2016.02.05 20:20:51.472,1.54684,1.54708,1.00,1.12
2016.02.05 20:20:51.726,1.54691,1.54718,1.12,1.12
2016.02.05 20:20:51.878,1.54693,1.54718,1.00,1.87
2016.02.05 20:20:52.180,1.54695,1.54717,1.37,1.50
2016.02.05 20:20:52.384,1.54696,1.54722,1.12,2.25
2016.02.05 20:20:52.891,1.54696,1.54722,1.37,2.62
2016.02.05 20:20:53.466,1.54698,1.54722,1.00,3.37
2016.02.05 20:20:53.978,1.54697,1.54722,1.12,3.37
2016.02.05 20:20:54.637,1.54696,1.54722,1.12,2.62
2016.02.05 20:20:55.176,1.54696,1.54721,1.37,1.50
2016.02.05 20:20:56.140,1.54695,1.5472,1.12,1.12
2016.02.05 20:20:56.729,1.54693,1.54718,1.87,1.00
2016.02.05 20:20:56.831,1.54693,1.54719,1.00,1.12
2016.02.05 20:20:57.339,1.54692,1.54719,1.12,1.87
2016.02.05 20:21:00.113,1.54694,1.54719,1.50,1.00
2016.02.05 20:21:00.976,1.54693,1.54717,1.12,1.00
2016.02.05 20:21:01.522,1.54693,1.54718,1.12,1.00
2016.02.05 20:21:02.857,1.54693,1.54719,1.12,1.50
2016.02.05 20:21:10.997,1.5469,1.54717,1.75,1.87
2016.02.05 20:21:11.049,1.54688,1.54717,1.37,4.12
2016.02.05 20:21:11.202,1.54688,1.54713,1.37,1.00
2016.02.05 20:21:11.718,1.54688,1.54714,1.37,1.00
2016.02.05 20:21:13.491,1.54688,1.54715,1.37,1.12
2016.02.05 20:21:18.252,1.54688,1.54714,1.37,1.00
2016.02.05 20:21:18.355,1.54685,1.54713,1.12,1.50
2016.02.05 20:21:24.513,1.54688,1.54713,1.00,1.50
2016.02.05 20:21:24.649,1.54688,1.54717,2.62,1.12
2016.02.05 20:21:24.753,1.54691,1.5472,1.12,4.12
2016.02.05 20:21:27.759,1.54694,1.54719,1.37,1.00
2016.02.05 20:21:27.810,1.54694,1.54721,1.37,1.87
2016.02.05 20:21:27.861,1.54691,1.5472,1.87,1.87
2016.02.05 20:21:31.253,1.54688,1.54718,2.62,3.75
2016.02.05 20:21:31.304,1.54688,1.54716,2.25,1.12
2016.02.05 20:21:31.811,1.54687,1.54713,1.12,1.50
2016.02.05 20:21:31.862,1.54685,1.54713,1.50,2.62
2016.02.05 20:21:35.878,1.54682,1.54709,1.12,1.12
2016.02.05 20:21:42.987,1.54678,1.54704,1.00,1.12
2016.02.05 20:21:45.095,1.5468,1.54704,1.00,1.12
2016.02.05 20:21:45.350,1.54684,1.54709,1.00,1.12
2016.02.05 20:21:45.501,1.54686,1.5471,1.00,1.12
2016.02.05 20:21:45.958,1.54687,1.54712,1.87,1.12
2016.02.05 20:21:46.059,1.5469,1.54717,1.87,1.12
2016.02.05 20:21:48.241,1.547,1.54719,1.00,1.87
2016.02.05 20:21:48.393,1.54697,1.54719,1.00,1.87
2016.02.05 20:21:48.699,1.54697,1.54719,1.00,1.00
2016.02.05 20:21:49.105,1.54696,1.54723,1.87,1.37
2016.02.05 20:21:49.156,1.54696,1.54723,2.25,1.00
2016.02.05 20:21:49.730,1.54696,1.54722,1.00,1.25
2016.02.05 20:21:49.832,1.54693,1.54722,1.87,2.44
2016.02.05 20:21:49.884,1.54693,1.5472,1.12,1.37
2016.02.05 20:21:50.451,1.54694,1.54722,1.12,1.62
2016.02.05 20:21:50.909,1.54699,1.54722,1.00,1.62
2016.02.05 20:21:51.061,1.54699,1.54726,1.87,1.12
2016.02.05 20:21:51.113,1.54699,1.54727,2.25,2.44
2016.02.05 20:21:51.164,1.547,1.54727,1.12,1.69
2016.02.05 20:21:51.317,1.547,1.54727,1.37,1.31
2016.02.05 20:21:51.722,1.547,1.54727,1.75,1.12
2016.02.05 20:21:52.267,1.54701,1.54728,1.37,1.37
2016.02.05 20:21:52.920,1.54701,1.54728,1.37,1.37
2016.02.05 20:21:57.072,1.54699,1.54725,1.12,1.37
2016.02.05 20:21:57.225,1.54695,1.54724,1.12,1.12
2016.02.05 20:21:57.276,1.54694,1.54722,2.25,1.12
2016.02.05 20:22:00.172,1.54697,1.54724,1.00,1.93
2016.02.05 20:22:04.169,1.54695,1.54724,1.50,2.31
2016.02.05 20:22:04.220,1.54695,1.54721,1.00,1.37
2016.02.05 20:22:05.151,1.54695,1.54721,1.37,1.37
2016.02.05 20:22:05.202,1.54706,1.54721,1.00,1.37
2016.02.05 20:22:05.253,1.54703,1.54723,1.00,1.12
2016.02.05 20:22:05.355,1.54703,1.54725,1.37,1.12
2016.02.05 20:22:05.406,1.54703,1.54727,1.37,1.00
2016.02.05 20:22:05.457,1.54703,1.54731,1.75,1.12
2016.02.05 20:22:05.557,1.54703,1.54731,1.87,1.50
2016.02.05 20:22:06.014,1.54707,1.54731,1.00,1.87
2016.02.05 20:22:06.118,1.54707,1.54731,1.00,1.00
2016.02.05 20:22:06.271,1.54707,1.54733,1.50,1.50
2016.02.05 20:22:08.485,1.54707,1.5473,1.00,1.37
2016.02.05 20:22:08.792,1.54703,1.54729,1.12,1.50
2016.02.05 20:22:13.038,1.54703,1.54727,1.12,1.00
2016.02.05 20:22:14.958,1.54702,1.54729,1.87,1.50
2016.02.05 20:22:15.246,1.54706,1.54729,1.00,1.00
2016.02.05 20:22:15.449,1.54707,1.54732,1.87,1.25
2016.02.05 20:22:16.259,1.54707,1.54735,1.87,3.37
2016.02.05 20:22:16.310,1.54709,1.54735,1.12,2.62
2016.02.05 20:22:16.909,1.54709,1.54736,1.12,1.12
2016.02.05 20:22:18.339,1.54714,1.54737,1.00,1.50
2016.02.05 20:22:18.695,1.54714,1.5474,1.12,2.25
2016.02.05 20:22:18.746,1.54716,1.5474,1.00,1.75
2016.02.05 20:22:19.254,1.54716,1.54741,1.50,1.62
2016.02.05 20:22:24.212,1.54719,1.54741,1.12,1.62
2016.02.05 20:22:24.448,1.54725,1.54747,1.00,2.00
2016.02.05 20:22:24.499,1.54733,1.54747,1.00,1.50
2016.02.05 20:22:24.652,1.54733,1.54757,1.00,1.87
2016.02.05 20:22:24.755,1.54733,1.54759,1.12,1.50
2016.02.05 20:22:24.856,1.54736,1.54759,1.00,1.50
2016.02.05 20:22:25.590,1.54736,1.54761,1.12,1.12
2016.02.05 20:22:26.046,1.54738,1.54763,1.00,1.12
2016.02.05 20:22:26.453,1.54739,1.54764,1.00,1.08
2016.02.05 20:22:26.554,1.54739,1.54766,1.00,2.25
2016.02.05 20:22:26.910,1.54741,1.54766,1.00,2.25
2016.02.05 20:22:32.321,1.54742,1.54766,1.00,1.00
2016.02.05 20:22:32.626,1.54746,1.54772,1.00,1.87
2016.02.05 20:22:34.841,1.54747,1.54774,1.00,1.87
2016.02.05 20:22:34.892,1.54749,1.54774,1.00,1.87
2016.02.05 20:22:34.944,1.54747,1.54774,1.00,1.87
2016.02.05 20:22:35.382,1.54749,1.54774,1.00,1.00
2016.02.05 20:22:35.796,1.54747,1.54774,1.50,1.87
2016.02.05 20:22:35.950,1.54742,1.54767,1.00,1.37
2016.02.05 20:22:36.503,1.5474,1.54767,3.00,1.37
2016.02.05 20:22:36.843,1.54744,1.54767,1.00,1.37
2016.02.05 20:22:39.262,1.54741,1.54764,1.00,1.37
2016.02.05 20:22:39.504,1.54738,1.54764,1.00,1.50
2016.02.05 20:22:39.658,1.54733,1.5476,1.87,1.12
2016.02.05 20:22:39.964,1.54736,1.54756,1.00,1.12
2016.02.05 20:22:40.168,1.54739,1.5476,1.00,1.12
2016.02.05 20:22:40.271,1.54739,1.54762,1.00,1.12
2016.02.05 20:22:40.561,1.54742,1.54766,1.00,1.37
2016.02.05 20:22:43.025,1.54744,1.54767,1.00,1.12
2016.02.05 20:22:43.531,1.54744,1.54769,1.00,1.12
2016.02.05 20:22:43.583,1.54744,1.54769,1.00,1.00
2016.02.05 20:22:43.889,1.54742,1.54769,1.50,1.00
2016.02.05 20:22:43.940,1.54742,1.54767,1.00,1.12
2016.02.05 20:22:46.800,1.54739,1.54767,1.50,1.12
2016.02.05 20:22:49.264,1.54739,1.54762,1.00,1.00
2016.02.05 20:22:49.785,1.54739,1.54763,1.12,1.00
2016.02.05 20:22:50.292,1.54739,1.54766,1.12,2.25
2016.02.05 20:22:53.182,1.54739,1.54763,1.12,1.37
2016.02.05 20:22:55.226,1.54737,1.54762,1.12,1.37
2016.02.05 20:22:55.733,1.54737,1.54761,1.12,1.37
2016.02.05 20:22:55.985,1.54733,1.5476,1.12,1.00
2016.02.05 20:22:56.087,1.54733,1.54757,1.00,1.12
2016.02.05 20:22:56.595,1.54733,1.54757,1.00,1.87
2016.02.05 20:22:58.357,1.54733,1.54757,1.50,1.37
2016.02.05 20:22:58.509,1.54733,1.54759,1.87,1.87
2016.02.05 20:23:01.677,1.54735,1.54759,1.00,1.12
2016.02.05 20:23:01.932,1.54739,1.54759,1.00,1.12
2016.02.05 20:23:01.983,1.54739,1.54762,1.00,1.12
2016.02.05 20:23:02.034,1.54741,1.54763,1.00,1.50
2016.02.05 20:23:02.086,1.54741,1.54768,1.12,2.25
2016.02.05 20:23:02.543,1.54746,1.54768,1.00,1.12
2016.02.05 20:23:02.697,1.54746,1.54771,1.00,1.12
2016.02.05 20:23:02.748,1.5475,1.54771,1.00,1.12
2016.02.05 20:23:03.023,1.54757,1.5478,1.00,1.37
2016.02.05 20:23:03.226,1.54754,1.5478,1.00,1.37
2016.02.05 20:23:04.599,1.54754,1.54778,1.00,1.12
2016.02.05 20:23:05.359,1.54751,1.54778,2.25,1.12
2016.02.05 20:23:05.528,1.54747,1.54772,1.00,1.12
2016.02.05 20:23:10.272,1.54747,1.5477,1.00,1.37
2016.02.05 20:23:10.779,1.54746,1.54769,1.00,1.37
2016.02.05 20:23:11.774,1.5475,1.54771,1.00,1.12
2016.02.05 20:23:11.875,1.5475,1.54772,1.00,1.12
2016.02.05 20:23:11.927,1.54751,1.54778,1.00,1.87
2016.02.05 20:23:11.978,1.54754,1.54778,1.00,1.87
2016.02.05 20:23:12.081,1.54754,1.5478,1.12,1.50
2016.02.05 20:23:12.183,1.54758,1.5478,1.00,1.50
2016.02.05 20:23:12.438,1.54767,1.54792,1.37,2.06
2016.02.05 20:23:12.489,1.5477,1.54794,1.37,1.00
2016.02.05 20:23:12.540,1.5477,1.54796,1.37,1.69
2016.02.05 20:23:12.743,1.54774,1.54796,1.00,1.61
2016.02.05 20:23:13.009,1.54774,1.54801,1.00,1.87
2016.02.05 20:23:13.894,1.54774,1.54797,1.00,1.00
2016.02.05 20:23:14.708,1.54776,1.54797,1.00,1.00
2016.02.05 20:23:14.810,1.54776,1.54801,1.00,1.87
2016.02.05 20:23:15.643,1.54778,1.54801,1.50,1.87
2016.02.05 20:23:15.811,1.54778,1.54801,1.50,1.00
2016.02.05 20:23:16.319,1.5478,1.54803,1.00,3.00
2016.02.05 20:23:16.676,1.54778,1.54803,1.50,2.25
2016.02.05 20:23:17.024,1.54782,1.54803,1.00,1.00
2016.02.05 20:23:17.785,1.54784,1.54803,1.00,1.00
2016.02.05 20:23:17.836,1.54784,1.54808,1.00,2.36
2016.02.05 20:23:18.090,1.54784,1.54806,1.00,1.37
2016.02.05 20:23:18.247,1.54782,1.54805,1.50,1.12
2016.02.05 20:23:18.298,1.54782,1.54808,1.50,3.11
2016.02.05 20:23:18.400,1.54782,1.54805,1.50,1.12
2016.02.05 20:23:18.705,1.54785,1.54808,1.00,2.36
2016.02.05 20:23:19.324,1.54787,1.54808,1.00,2.36
2016.02.05 20:23:19.736,1.54787,1.54808,1.00,1.15
2016.02.05 20:23:19.939,1.54787,1.54808,1.00,1.90
2016.02.05 20:23:20.143,1.54788,1.54811,1.00,1.99
2016.02.05 20:23:20.194,1.54792,1.54811,1.00,1.12
2016.02.05 20:23:20.245,1.54792,1.54814,1.00,1.00
2016.02.05 20:23:20.296,1.54792,1.54817,1.50,1.87
2016.02.05 20:23:20.449,1.54796,1.5482,1.00,1.12
2016.02.05 20:23:20.754,1.54796,1.54822,1.87,1.00
2016.02.05 20:23:21.074,1.548,1.54825,1.00,3.00
2016.02.05 20:23:21.125,1.548,1.54826,1.37,1.50
2016.02.05 20:23:21.229,1.54802,1.54826,1.12,1.00
2016.02.05 20:23:21.331,1.548,1.54826,1.50,1.00
2016.02.05 20:23:21.535,1.548,1.54823,1.00,1.37
2016.02.05 20:23:21.586,1.54797,1.54823,1.87,1.37
2016.02.05 20:23:21.841,1.54795,1.54821,1.00,1.37
2016.02.05 20:23:22.378,1.54793,1.54821,1.50,1.50
2016.02.05 20:23:24.223,1.54795,1.54821,1.00,1.37
2016.02.05 20:23:24.528,1.548,1.54825,1.00,1.12
2016.02.05 20:23:25.050,1.54801,1.54825,1.00,1.12
2016.02.05 20:23:25.964,1.54797,1.54825,2.25,1.12
2016.02.05 20:23:26.854,1.548,1.54825,1.00,1.12
2016.02.05 20:23:27.209,1.548,1.54827,2.25,2.25
2016.02.05 20:23:27.767,1.54804,1.54827,1.00,2.25
2016.02.05 20:23:28.275,1.54804,1.54827,1.12,1.00
2016.02.05 20:23:29.255,1.54805,1.54827,1.00,1.00
2016.02.05 20:23:29.715,1.54808,1.54827,1.00,1.00
2016.02.05 20:23:30.239,1.54808,1.54828,1.50,1.00
2016.02.05 20:23:30.747,1.54808,1.54827,1.50,1.00
2016.02.05 20:23:30.899,1.54808,1.54833,1.50,1.00
2016.02.05 20:23:31.406,1.54809,1.54833,1.00,1.00
2016.02.05 20:23:34.104,1.54812,1.54833,1.00,1.00
2016.02.05 20:23:34.408,1.54808,1.54831,1.12,1.87
2016.02.05 20:23:34.931,1.54807,1.54831,1.00,1.37
2016.02.05 20:23:35.287,1.54807,1.54832,1.00,1.00
2016.02.05 20:23:35.793,1.54807,1.54832,1.00,2.06
2016.02.05 20:23:38.313,1.54804,1.54833,1.50,2.62
2016.02.05 20:23:39.243,1.54802,1.54832,1.87,2.25
2016.02.05 20:23:39.345,1.54802,1.5483,1.50,1.37
2016.02.05 20:23:41.628,1.54801,1.54829,1.37,1.87
2016.02.05 20:23:41.934,1.54793,1.54817,1.12,1.69
2016.02.05 20:23:41.985,1.5479,1.54817,2.62,2.44
2016.02.05 20:23:42.087,1.54788,1.54814,1.20,1.87
2016.02.05 20:23:42.139,1.54787,1.54813,1.50,1.12
2016.02.05 20:23:42.642,1.54787,1.54811,1.37,1.12
2016.02.05 20:23:42.846,1.54786,1.54813,1.57,1.37
2016.02.05 20:23:42.948,1.54784,1.5481,2.62,1.12
2016.02.05 20:23:43.950,1.54783,1.54807,1.50,1.12
2016.02.05 20:23:44.102,1.54782,1.54807,1.00,1.12
2016.02.05 20:23:44.306,1.54784,1.54807,1.00,1.12
2016.02.05 20:23:44.561,1.54784,1.54809,1.12,1.00
2016.02.05 20:23:44.989,1.54782,1.54808,1.50,1.00
2016.02.05 20:23:45.041,1.54782,1.54808,1.12,1.75
2016.02.05 20:23:45.548,1.54782,1.54805,1.00,1.12
2016.02.05 20:23:46.836,1.54779,1.54805,1.00,1.12
2016.02.05 20:23:46.887,1.54781,1.54805,1.00,1.12
2016.02.05 20:23:47.142,1.54777,1.54805,2.62,1.12
2016.02.05 20:23:47.244,1.54776,1.54803,1.50,1.75
2016.02.05 20:23:47.295,1.54776,1.548,1.00,1.12
2016.02.05 20:23:47.521,1.54773,1.548,2.62,1.12
2016.02.05 20:23:47.674,1.54776,1.548,1.00,1.12
2016.02.05 20:23:48.030,1.54774,1.548,1.00,1.12
2016.02.05 20:23:48.146,1.54771,1.54798,3.19,1.37
2016.02.05 20:23:48.197,1.5477,1.54796,1.76,1.37
2016.02.05 20:23:48.300,1.54769,1.54793,1.00,1.50
2016.02.05 20:23:48.614,1.54764,1.54789,1.00,1.12
2016.02.05 20:23:49.657,1.54764,1.54786,1.00,1.12
2016.02.05 20:23:49.860,1.54763,1.54789,1.00,1.37
2016.02.05 20:23:50.408,1.54764,1.54789,1.00,1.37
2016.02.05 20:23:53.452,1.54763,1.54789,1.00,1.37
2016.02.05 20:23:53.961,1.54764,1.54789,1.00,1.37
2016.02.05 20:23:54.588,1.54765,1.54789,1.00,1.37
2016.02.05 20:23:55.025,1.54763,1.54789,1.00,1.37
2016.02.05 20:23:55.178,1.54763,1.54793,1.50,2.62
2016.02.05 20:23:55.229,1.54766,1.54793,1.00,2.62
2016.02.05 20:23:56.041,1.54766,1.54793,1.87,1.12
2016.02.05 20:23:56.578,1.54768,1.54793,1.00,1.12
2016.02.05 20:23:57.057,1.5477,1.54793,1.00,1.12
2016.02.05 20:23:57.361,1.54771,1.54795,1.37,1.12
2016.02.05 20:23:57.732,1.5477,1.54795,1.12,1.12
2016.02.05 20:23:57.784,1.5477,1.54798,3.00,1.12
2016.02.05 20:23:58.291,1.54773,1.54798,1.12,1.12
2016.02.05 20:23:58.697,1.54768,1.54793,1.00,1.12
2016.02.05 20:23:59.060,1.54765,1.54793,1.50,1.12
2016.02.05 20:23:59.162,1.54765,1.54791,1.37,1.37
2016.02.05 20:23:59.670,1.54765,1.54792,1.50,1.12
2016.02.05 20:23:59.722,1.54766,1.54793,1.12,1.12
2016.02.05 20:23:59.874,1.54768,1.54793,1.00,1.12
2016.02.05 20:24:00.192,1.5477,1.54796,1.00,1.12
2016.02.05 20:24:01.164,1.54771,1.54796,1.00,1.12
2016.02.05 20:24:01.693,1.5477,1.54796,1.50,1.12
2016.02.05 20:24:01.897,1.54769,1.54792,1.00,1.37
2016.02.05 20:24:02.203,1.54768,1.54789,1.00,1.12
2016.02.05 20:24:02.254,1.54765,1.54789,1.50,1.12
2016.02.05 20:24:02.407,1.54768,1.54789,1.00,1.12
2016.02.05 20:24:03.091,1.54766,1.54789,1.00,1.12
2016.02.05 20:24:03.957,1.54765,1.54789,1.50,1.12
2016.02.05 20:24:04.161,1.54767,1.54789,1.00,1.12
2016.02.05 20:24:04.729,1.54765,1.54789,1.00,1.12
2016.02.05 20:24:10.309,1.54763,1.54789,1.00,1.12
2016.02.05 20:24:10.720,1.54759,1.54786,1.12,1.37
2016.02.05 20:24:11.227,1.5476,1.54786,1.00,1.37
2016.02.05 20:24:11.633,1.5476,1.54788,1.12,1.50
2016.02.05 20:24:12.079,1.5476,1.54787,1.50,1.12
2016.02.05 20:24:12.131,1.5476,1.54784,1.00,1.12
2016.02.05 20:24:12.335,1.54763,1.54784,1.00,1.12
2016.02.05 20:24:12.437,1.54759,1.54784,1.00,1.12
2016.02.05 20:24:12.641,1.54761,1.54784,1.00,1.12
2016.02.05 20:24:13.079,1.54759,1.54784,1.00,1.12
2016.02.05 20:24:13.587,1.54758,1.54784,1.00,1.12
2016.02.05 20:24:14.324,1.54759,1.54784,1.00,1.12
2016.02.05 20:24:14.832,1.54758,1.54784,1.50,1.12
2016.02.05 20:24:15.643,1.54759,1.54784,1.00,1.12
2016.02.05 20:24:16.156,1.5476,1.54784,1.00,1.12
2016.02.05 20:24:16.359,1.54758,1.54784,1.00,1.12
2016.02.05 20:24:16.410,1.54758,1.54786,1.87,1.50
2016.02.05 20:24:17.252,1.54761,1.54787,1.00,1.12
2016.02.05 20:24:17.759,1.54762,1.54787,1.00,1.12
2016.02.05 20:24:17.811,1.5476,1.54787,1.12,1.12
2016.02.05 20:24:19.557,1.54758,1.54784,1.87,1.00
2016.02.05 20:24:19.659,1.54758,1.54784,1.00,1.37
2016.02.05 20:24:20.175,1.54755,1.54785,3.37,1.37
2016.02.05 20:24:20.708,1.5476,1.54785,1.00,1.37
2016.02.05 20:24:20.760,1.5476,1.54785,1.12,1.00
2016.02.05 20:24:20.861,1.5476,1.54788,1.75,1.37
2016.02.05 20:24:20.913,1.54761,1.54789,1.12,3.00
2016.02.05 20:24:21.420,1.54761,1.54787,1.12,1.00
2016.02.05 20:24:22.811,1.54761,1.54789,1.12,2.25
2016.02.05 20:24:26.195,1.54762,1.54791,2.62,1.50
2016.02.05 20:24:26.246,1.54765,1.54791,1.00,1.00
2016.02.05 20:24:30.058,1.54762,1.54791,1.75,1.75
2016.02.05 20:24:30.109,1.54759,1.54786,1.87,1.37
2016.02.05 20:24:35.548,1.54758,1.54787,1.12,2.62
2016.02.05 20:24:36.079,1.5476,1.54787,1.12,1.87
2016.02.05 20:24:40.181,1.54759,1.54787,1.37,3.00
2016.02.05 20:24:40.232,1.54757,1.54786,2.25,1.12
2016.02.05 20:24:42.610,1.54757,1.54783,1.12,1.12
2016.02.05 20:24:42.661,1.54756,1.54782,1.37,1.37
2016.02.05 20:24:42.763,1.54754,1.54782,1.87,1.50
2016.02.05 20:24:45.157,1.54755,1.54782,1.12,1.87
2016.02.05 20:24:45.462,1.54742,1.54769,1.95,1.50
2016.02.05 20:24:45.564,1.54741,1.54769,1.50,1.87
2016.02.05 20:24:46.394,1.54738,1.54768,2.81,2.25
2016.02.05 20:24:46.445,1.54738,1.54766,2.06,1.12
2016.02.05 20:24:51.761,1.54739,1.54766,1.00,1.87
2016.02.05 20:24:51.813,1.54744,1.54766,1.00,1.87
2016.02.05 20:24:51.864,1.54744,1.54769,1.12,1.12
2016.02.05 20:24:51.967,1.54747,1.54771,1.50,1.37
2016.02.05 20:24:52.069,1.54747,1.54776,2.25,1.12
2016.02.05 20:24:52.303,1.54748,1.54777,1.12,1.87
2016.02.05 20:24:52.354,1.5475,1.54779,1.87,1.87
2016.02.05 20:24:53.087,1.54749,1.54777,1.37,1.75
2016.02.05 20:24:53.607,1.54747,1.54776,3.37,1.12
2016.02.05 20:24:54.799,1.54747,1.5477,1.12,1.00
2016.02.05 20:24:54.952,1.54744,1.5477,1.87,1.00
2016.02.05 20:24:55.055,1.54744,1.54768,1.87,1.00
2016.02.05 20:24:55.613,1.54744,1.54769,1.12,1.00
2016.02.05 20:24:56.158,1.54744,1.54768,1.12,1.00
2016.02.05 20:24:57.264,1.54744,1.54769,1.12,1.00
2016.02.05 20:24:58.378,1.54744,1.5477,1.12,1.00
2016.02.05 20:24:58.683,1.54751,1.54777,1.00,1.00
2016.02.05 20:24:59.675,1.54751,1.54777,1.87,1.00
2016.02.05 20:24:59.777,1.54752,1.54779,1.75,1.12
2016.02.05 20:24:59.879,1.54753,1.54779,1.12,1.00
2016.02.05 20:25:00.720,1.54755,1.54781,1.12,1.00
2016.02.05 20:25:03.047,1.54755,1.54783,1.12,2.25
2016.02.05 20:25:05.486,1.54754,1.54783,1.12,1.87
2016.02.05 20:25:06.027,1.54753,1.54782,1.87,1.12
2016.02.05 20:25:12.875,1.54757,1.54782,1.00,1.12
2016.02.05 20:25:12.977,1.54761,1.54787,1.00,1.12
2016.02.05 20:25:13.028,1.54764,1.54788,1.12,2.25
2016.02.05 20:25:13.079,1.54764,1.5479,1.12,1.50
2016.02.05 20:25:13.232,1.54765,1.54794,1.87,1.12
2016.02.05 20:25:13.283,1.54767,1.54795,1.12,1.62
2016.02.05 20:25:14.667,1.5477,1.54796,1.00,1.87
2016.02.05 20:25:14.819,1.54771,1.54796,1.12,1.00
2016.02.05 20:25:15.305,1.5477,1.54796,1.00,1.50
2016.02.05 20:25:15.610,1.54776,1.54796,1.00,2.25
2016.02.05 20:25:15.712,1.54776,1.54801,1.50,1.50
2016.02.05 20:25:15.814,1.5478,1.54803,1.12,1.37
2016.02.05 20:25:15.966,1.5478,1.54805,1.12,1.37
2016.02.05 20:25:16.714,1.54784,1.54809,1.12,1.37
2016.02.05 20:25:16.817,1.54784,1.54811,1.12,2.25
2016.02.05 20:25:19.069,1.54784,1.54808,1.12,1.00
2016.02.05 20:25:19.325,1.54779,1.54806,1.50,1.37
2016.02.05 20:25:21.204,1.54781,1.54807,1.37,1.12
2016.02.05 20:25:21.586,1.54785,1.54809,1.00,1.75
2016.02.05 20:25:22.095,1.54785,1.54809,1.37,1.37
2016.02.05 20:25:23.382,1.54785,1.5481,1.37,1.37
2016.02.05 20:25:24.423,1.54787,1.5481,1.00,1.37
2016.02.05 20:25:24.525,1.54787,1.54811,1.00,1.50
2016.02.05 20:25:27.200,1.54787,1.5481,1.00,1.00
2016.02.05 20:25:27.602,1.54787,1.54812,1.00,1.87
2016.02.05 20:25:30.607,1.54787,1.54813,1.00,1.87
2016.02.05 20:25:30.830,1.54787,1.5481,1.00,1.37
2016.02.05 20:25:36.319,1.54785,1.54811,1.12,1.37
2016.02.05 20:25:36.826,1.54784,1.5481,1.87,1.37
2016.02.05 20:25:40.605,1.54784,1.54811,1.12,2.25
2016.02.05 20:25:41.107,1.54784,1.5481,2.25,1.37
2016.02.05 20:25:41.412,1.54788,1.5481,1.12,1.37
2016.02.05 20:25:42.742,1.54788,1.54811,1.12,1.37
2016.02.05 20:25:43.249,1.54788,1.5481,1.75,1.37
2016.02.05 20:25:43.410,1.54784,1.54809,1.37,1.37
2016.02.05 20:25:44.140,1.54784,1.54807,1.37,1.00
2016.02.05 20:25:44.242,1.54779,1.548,1.31,1.50
2016.02.05 20:25:44.293,1.54773,1.54799,1.50,1.37
2016.02.05 20:25:44.344,1.5477,1.54795,1.37,1.00
2016.02.05 20:25:44.547,1.5477,1.54794,1.00,1.37
2016.02.05 20:25:44.798,1.5477,1.54797,1.37,1.50
2016.02.05 20:25:45.306,1.5477,1.54798,2.62,1.12
2016.02.05 20:25:45.509,1.54774,1.54798,1.00,1.12
2016.02.05 20:25:45.662,1.54774,1.548,1.50,1.87
2016.02.05 20:25:46.204,1.54776,1.548,1.00,1.87
2016.02.05 20:25:46.408,1.54776,1.54801,2.25,1.00
2016.02.05 20:25:47.753,1.5478,1.54805,1.12,2.25
2016.02.05 20:25:48.058,1.54783,1.5481,1.87,2.06
2016.02.05 20:25:48.362,1.54789,1.54807,1.00,1.00
2016.02.05 20:25:48.686,1.54791,1.5481,1.12,1.37
2016.02.05 20:25:48.838,1.54791,1.54814,1.12,1.37
2016.02.05 20:25:51.467,1.54791,1.54808,1.12,1.37
2016.02.05 20:25:51.643,1.54785,1.54808,2.25,1.37
2016.02.05 20:25:53.011,1.54786,1.54808,1.12,1.37
2016.02.05 20:25:53.164,1.54789,1.54812,1.37,1.37
2016.02.05 20:25:54.756,1.54788,1.54812,1.12,1.37
2016.02.05 20:25:55.874,1.54789,1.54815,3.00,1.50
2016.02.05 20:25:55.925,1.54791,1.54815,1.50,1.37
2016.02.05 20:25:55.976,1.54791,1.54819,2.25,3.37
2016.02.05 20:25:56.027,1.54792,1.54819,1.87,2.25
2016.02.05 20:25:57.409,1.54791,1.54817,1.12,1.00
2016.02.05 20:25:57.461,1.5479,1.54817,1.12,1.12
2016.02.05 20:25:57.563,1.5479,1.54814,1.00,1.37
2016.02.05 20:25:57.868,1.54787,1.5481,1.37,1.37
2016.02.05 20:26:00.918,1.54787,1.5481,2.25,1.37
2016.02.05 20:26:03.880,1.5479,1.54811,1.12,1.37
2016.02.05 20:26:04.833,1.54789,1.54811,1.37,1.37
2016.02.05 20:26:04.884,1.54787,1.54811,1.87,1.37
2016.02.05 20:26:05.594,1.54787,1.5481,1.87,1.37
2016.02.05 20:26:07.161,1.54788,1.5481,1.87,1.37
2016.02.05 20:26:07.212,1.54791,1.54813,1.37,1.37
2016.02.05 20:26:07.555,1.54791,1.54809,1.37,1.37
2016.02.05 20:26:07.991,1.54787,1.54809,1.12,1.37
2016.02.05 20:26:08.853,1.54786,1.54809,1.75,1.37
2016.02.05 20:26:09.398,1.54785,1.54809,1.12,1.37
2016.02.05 20:26:12.961,1.54787,1.54809,1.37,1.37
2016.02.05 20:26:13.546,1.54787,1.5481,1.12,1.37
2016.02.05 20:26:13.848,1.54788,1.54809,1.12,1.37
2016.02.05 20:26:14.001,1.54787,1.5481,1.37,1.37
2016.02.05 20:26:14.516,1.54787,1.54809,1.50,1.37
2016.02.05 20:26:15.198,1.54785,1.54805,1.75,1.37
2016.02.05 20:26:17.481,1.54784,1.54805,1.37,1.37
2016.02.05 20:26:17.532,1.54782,1.54805,1.12,1.37
2016.02.05 20:26:17.584,1.54781,1.54805,1.50,1.37
2016.02.05 20:26:17.888,1.54782,1.54805,1.87,1.37
2016.02.05 20:26:17.939,1.54783,1.54809,1.50,1.50
2016.02.05 20:26:17.991,1.54786,1.54809,1.12,1.37
2016.02.05 20:26:18.297,1.54789,1.5481,1.12,1.37
2016.02.05 20:26:18.531,1.54789,1.54811,1.75,1.12
2016.02.05 20:26:18.583,1.5479,1.54814,1.12,1.87
2016.02.05 20:26:18.907,1.54793,1.54817,1.75,1.87
2016.02.05 20:26:19.008,1.54796,1.54817,1.12,1.37
2016.02.05 20:26:19.741,1.54796,1.54818,1.12,1.37
2016.02.05 20:26:19.996,1.54793,1.54817,1.37,1.37
2016.02.05 20:26:22.395,1.54789,1.54813,2.25,1.37
2016.02.05 20:26:22.446,1.54789,1.5481,1.37,1.50
2016.02.05 20:26:22.498,1.54784,1.54807,1.50,1.37
2016.02.05 20:26:22.549,1.5478,1.54806,1.50,1.50
2016.02.05 20:26:23.219,1.54779,1.54807,1.75,3.37
2016.02.05 20:26:23.524,1.5478,1.54806,1.37,1.00
2016.02.05 20:26:23.627,1.54783,1.54807,1.12,1.37
2016.02.05 20:26:26.834,1.54783,1.54807,1.12,1.12
2016.02.05 20:26:27.715,1.54783,1.54807,1.75,1.37
2016.02.05 20:26:29.036,1.54786,1.54808,1.12,1.37
2016.02.05 20:26:29.137,1.54786,1.54809,1.12,1.50
2016.02.05 20:26:29.239,1.54789,1.54809,1.12,1.00
2016.02.05 20:26:29.808,1.54789,1.54812,1.12,1.37
2016.02.05 20:26:30.064,1.54792,1.54815,1.12,1.12
2016.02.05 20:26:30.116,1.54794,1.54817,1.12,1.94
2016.02.05 20:26:30.167,1.54794,1.54819,1.12,1.37
2016.02.05 20:26:30.219,1.54799,1.5482,1.12,2.62
2016.02.05 20:26:30.749,1.54799,1.5482,1.12,1.87
2016.02.05 20:26:31.250,1.54799,1.5482,1.12,2.62
2016.02.05 20:26:41.744,1.54794,1.54817,1.00,1.00
2016.02.05 20:26:41.795,1.54792,1.54816,1.87,1.37
2016.02.05 20:26:42.100,1.54792,1.54813,1.12,1.37
2016.02.05 20:26:42.957,1.54792,1.54814,1.12,1.37
2016.02.05 20:26:43.464,1.54792,1.54813,1.12,1.37
2016.02.05 20:26:45.400,1.54792,1.54817,1.12,1.37
2016.02.05 20:26:45.553,1.54798,1.54817,1.00,1.37
2016.02.05 20:26:46.679,1.54798,1.54821,1.50,1.37
2016.02.05 20:26:46.781,1.54801,1.54822,1.00,1.37
2016.02.05 20:26:49.209,1.54801,1.54823,1.00,1.37
2016.02.05 20:26:49.760,1.54801,1.54822,1.00,1.37
2016.02.05 20:26:51.694,1.54801,1.54823,1.00,1.37
2016.02.05 20:26:52.201,1.54801,1.54822,1.00,1.37
2016.02.05 20:26:57.308,1.54801,1.54822,1.00,1.37
2016.02.05 20:26:57.460,1.54796,1.5482,1.75,1.87
2016.02.05 20:26:57.512,1.54796,1.54817,1.12,1.37
2016.02.05 20:26:57.697,1.54796,1.5482,1.12,1.12
2016.02.05 20:26:57.902,1.54799,1.54819,1.37,1.87
2016.02.05 20:26:58.158,1.5479,1.54814,1.12,1.00
2016.02.05 20:26:58.209,1.5479,1.54818,1.87,1.12
2016.02.05 20:26:58.363,1.54796,1.54819,1.12,1.87
2016.02.05 20:26:58.414,1.54796,1.54819,1.12,1.00
2016.02.05 20:26:59.004,1.54796,1.5482,1.12,1.69
2016.02.05 20:26:59.524,1.54796,1.5482,1.12,1.69
2016.02.05 20:27:00.661,1.54796,1.5482,1.12,1.12
2016.02.05 20:27:01.168,1.54796,1.5482,1.12,1.37
2016.02.05 20:27:01.320,1.54796,1.54815,1.12,1.00
2016.02.05 20:27:01.371,1.54796,1.54819,1.12,1.12
2016.02.05 20:27:01.423,1.54796,1.54812,1.12,1.37
2016.02.05 20:27:01.575,1.54789,1.54812,1.12,1.37
2016.02.05 20:27:01.829,1.54789,1.54816,1.12,1.12
2016.02.05 20:27:01.981,1.54794,1.54819,1.12,1.37
2016.02.05 20:27:02.286,1.54799,1.5482,1.12,1.69
2016.02.05 20:27:03.828,1.54799,1.54822,1.12,1.69
2016.02.05 20:27:05.675,1.54804,1.54824,1.37,1.37
2016.02.05 20:27:05.727,1.54804,1.54829,1.37,1.87
2016.02.05 20:27:05.778,1.54807,1.54829,1.12,1.87
2016.02.05 20:27:05.829,1.54807,1.5483,1.12,1.12
2016.02.05 20:27:06.403,1.54807,1.54829,1.12,1.00
2016.02.05 20:27:06.454,1.54807,1.54827,1.12,1.12
2016.02.05 20:27:06.758,1.54803,1.54823,1.12,1.37
2016.02.05 20:27:06.881,1.548,1.54823,1.12,1.37
2016.02.05 20:27:07.390,1.548,1.54823,1.12,1.12
2016.02.05 20:27:07.898,1.548,1.54823,1.12,1.87
2016.02.05 20:27:09.013,1.54806,1.54826,1.12,1.12
2016.02.05 20:27:10.413,1.54809,1.54827,1.12,1.37
2016.02.05 20:27:11.417,1.54809,1.54832,1.12,1.50
2016.02.05 20:27:11.469,1.54809,1.54834,1.12,1.50
2016.02.05 20:27:11.570,1.54809,1.54831,1.75,1.00
2016.02.05 20:27:11.724,1.54807,1.54829,1.37,1.00
2016.02.05 20:27:11.927,1.54807,1.54831,1.37,1.00
2016.02.05 20:27:12.437,1.54807,1.54832,1.37,1.00
2016.02.05 20:27:12.640,1.54807,1.54834,1.37,1.12
2016.02.05 20:27:12.691,1.5481,1.54834,1.12,1.00
2016.02.05 20:27:12.742,1.54813,1.54838,1.37,2.62
2016.02.05 20:27:12.895,1.54822,1.54841,1.12,1.37
2016.02.05 20:27:12.946,1.54822,1.54844,1.12,2.62
2016.02.05 20:27:13.200,1.54822,1.54837,1.12,1.00
2016.02.05 20:27:13.405,1.54811,1.54829,1.37,1.00
2016.02.05 20:27:13.509,1.54802,1.54828,1.80,1.00
2016.02.05 20:27:14.029,1.54802,1.5483,1.12,1.50
2016.02.05 20:27:17.721,1.54805,1.5483,1.12,1.00
2016.02.05 20:27:18.403,1.54805,1.54831,1.12,1.00
2016.02.05 20:27:18.930,1.54802,1.54831,2.25,1.12
2016.02.05 20:27:19.607,1.54808,1.54836,1.00,2.25
2016.02.05 20:27:19.965,1.54808,1.54832,1.00,1.00
2016.02.05 20:27:20.270,1.54816,1.54838,1.00,2.06
2016.02.05 20:27:20.321,1.54811,1.54834,1.37,1.00
2016.02.05 20:27:20.373,1.54811,1.54831,1.37,1.00
2016.02.05 20:27:20.424,1.54805,1.5483,1.12,1.00
2016.02.05 20:27:20.525,1.54801,1.54828,1.37,1.00
2016.02.05 20:27:20.577,1.54801,1.54826,1.37,1.00
2016.02.05 20:27:20.705,1.54799,1.54826,1.00,1.87
2016.02.05 20:27:20.908,1.54799,1.54824,1.00,1.00
2016.02.05 20:27:22.556,1.54799,1.54819,1.00,1.00
2016.02.05 20:27:23.602,1.54799,1.54816,1.00,1.00
2016.02.05 20:27:23.705,1.54793,1.54816,1.75,1.00
2016.02.05 20:27:23.757,1.54792,1.54816,1.12,1.00
2016.02.05 20:27:24.215,1.54795,1.54816,1.12,1.00
2016.02.05 20:27:24.419,1.54795,1.54821,1.12,2.25
2016.02.05 20:27:24.723,1.54799,1.54824,1.12,1.12
2016.02.05 20:27:24.974,1.548,1.54826,1.50,1.12
2016.02.05 20:27:25.126,1.54804,1.54828,1.12,1.31
2016.02.05 20:27:25.279,1.54804,1.54832,1.12,3.00
2016.02.05 20:27:26.317,1.54806,1.54834,1.12,1.50
2016.02.05 20:27:27.807,1.54806,1.54832,1.12,1.00
2016.02.05 20:27:27.960,1.54804,1.54832,1.87,1.50
2016.02.05 20:27:29.526,1.54804,1.54828,1.87,1.00
2016.02.05 20:27:29.628,1.54804,1.54832,1.87,1.50
2016.02.05 20:27:31.242,1.54804,1.5483,1.12,1.00
2016.02.05 20:27:31.445,1.54804,1.54828,1.12,1.00
2016.02.05 20:27:31.547,1.54801,1.54828,1.12,1.12
2016.02.05 20:27:31.952,1.54806,1.54833,1.37,1.00
2016.02.05 20:27:32.085,1.54811,1.54835,1.12,1.00
2016.02.05 20:27:34.242,1.54809,1.54835,1.50,1.12
2016.02.05 20:27:35.046,1.54808,1.54832,1.12,1.00
2016.02.05 20:27:35.147,1.54806,1.54832,1.37,1.00
2016.02.05 20:27:35.604,1.54806,1.54829,1.37,1.00
2016.02.05 20:27:35.655,1.54806,1.54832,1.37,1.00
2016.02.05 20:27:36.441,1.54806,1.54831,1.37,1.00
2016.02.05 20:27:36.543,1.54804,1.54827,1.00,1.00
2016.02.05 20:27:36.746,1.548,1.54827,2.06,1.50
2016.02.05 20:27:37.052,1.54797,1.54825,1.12,1.87
2016.02.05 20:27:37.255,1.54798,1.54825,1.12,1.12
2016.02.05 20:27:37.357,1.54797,1.54824,1.12,1.37
2016.02.05 20:27:39.081,1.54801,1.54824,1.00,1.37
2016.02.05 20:27:39.321,1.54802,1.54828,1.12,1.00
2016.02.05 20:27:39.575,1.54805,1.54832,2.25,1.12
2016.02.05 20:27:39.626,1.54807,1.54832,1.37,1.12
2016.02.05 20:27:40.134,1.54808,1.54835,1.87,1.31
2016.02.05 20:27:41.014,1.54808,1.54837,2.62,1.87
2016.02.05 20:27:42.179,1.54811,1.54837,1.12,1.00
2016.02.05 20:27:42.910,1.54811,1.54834,1.12,1.00
2016.02.05 20:27:43.063,1.54805,1.54831,1.12,1.00
2016.02.05 20:27:43.281,1.54803,1.54831,1.50,1.50
2016.02.05 20:27:43.952,1.54803,1.54829,1.50,1.00
2016.02.05 20:27:44.155,1.54803,1.54831,1.50,1.50
2016.02.05 20:27:44.866,1.54805,1.54833,1.12,2.62
2016.02.05 20:27:45.212,1.54803,1.5483,1.12,1.37
2016.02.05 20:27:45.263,1.54805,1.54832,1.12,1.37
2016.02.05 20:27:45.771,1.54805,1.54832,1.12,1.75
2016.02.05 20:27:45.822,1.54803,1.54826,1.12,1.00
2016.02.05 20:27:45.874,1.54802,1.54826,1.12,1.50
2016.02.05 20:27:45.975,1.548,1.54823,1.12,1.00
2016.02.05 20:27:46.077,1.54796,1.54823,1.87,1.12
2016.02.05 20:27:46.128,1.54796,1.54823,1.87,1.50
2016.02.05 20:27:46.179,1.54793,1.5482,1.50,1.00
2016.02.05 20:27:46.694,1.54793,1.54819,1.00,1.50
2016.02.05 20:27:48.186,1.54793,1.54815,1.00,1.00
2016.02.05 20:27:48.288,1.54791,1.54815,1.00,1.12
2016.02.05 20:27:48.542,1.54788,1.54815,1.50,1.87
2016.02.05 20:27:48.593,1.54788,1.54814,1.00,1.12
2016.02.05 20:27:49.104,1.54786,1.54814,1.87,1.87
2016.02.05 20:27:52.731,1.54785,1.54808,1.12,1.00
2016.02.05 20:27:52.783,1.54783,1.54808,1.00,1.00
2016.02.05 20:27:53.292,1.54786,1.54809,1.12,1.00
2016.02.05 20:27:53.596,1.54783,1.5481,1.12,1.75
2016.02.05 20:27:55.940,1.54781,1.54807,1.75,1.50
2016.02.05 20:27:56.298,1.54781,1.54804,1.75,1.00
2016.02.05 20:27:56.476,1.54778,1.54804,1.12,1.00
2016.02.05 20:27:56.832,1.54777,1.54804,1.12,2.62
2016.02.05 20:27:57.186,1.54777,1.54804,1.87,1.50
2016.02.05 20:27:57.491,1.5478,1.54807,1.75,1.50
2016.02.05 20:27:57.542,1.54781,1.54807,1.75,1.00
2016.02.05 20:27:57.785,1.54783,1.5481,1.37,1.50
2016.02.05 20:27:57.837,1.54784,1.5481,1.12,1.00
2016.02.05 20:27:59.190,1.54784,1.54811,1.12,1.12
2016.02.05 20:27:59.900,1.54792,1.54815,1.00,1.12
2016.02.05 20:27:59.952,1.54792,1.54816,1.00,1.12
2016.02.05 20:28:00.004,1.54796,1.54817,1.00,1.00
2016.02.05 20:28:00.156,1.54796,1.54823,1.87,1.00
2016.02.05 20:28:00.258,1.54797,1.54824,1.37,1.37
2016.02.05 20:28:00.309,1.54798,1.54827,1.12,3.37
2016.02.05 20:28:00.885,1.54796,1.54825,1.12,1.87
2016.02.05 20:28:00.936,1.54795,1.54823,1.37,1.12
2016.02.05 20:28:02.214,1.54794,1.54817,1.12,1.00
2016.02.05 20:28:02.316,1.54793,1.54817,1.00,1.12
2016.02.05 20:28:02.621,1.54789,1.54816,1.12,1.37
2016.02.05 20:28:02.672,1.54789,1.54815,1.12,1.37
2016.02.05 20:28:02.774,1.54786,1.54814,1.87,1.12
2016.02.05 20:28:05.438,1.54786,1.54814,1.75,1.87
2016.02.05 20:28:08.019,1.54789,1.54816,1.50,1.37
2016.02.05 20:28:08.071,1.54791,1.54817,1.12,1.50
2016.02.05 20:28:08.276,1.54787,1.54814,1.12,1.12
2016.02.05 20:28:13.591,1.5479,1.54817,1.12,1.12
2016.02.05 20:28:13.924,1.54794,1.54821,1.12,1.12
2016.02.05 20:28:14.230,1.54797,1.54821,1.37,1.00
2016.02.05 20:28:14.433,1.54797,1.54824,1.37,1.12
2016.02.05 20:28:17.772,1.54796,1.54824,1.37,1.75
2016.02.05 20:28:18.279,1.54794,1.54823,1.12,1.12
2016.02.05 20:28:19.067,1.54796,1.54825,1.75,2.62
2016.02.05 20:28:19.118,1.54798,1.54825,1.12,1.12
2016.02.05 20:28:19.169,1.54799,1.54827,1.12,1.37
2016.02.05 20:28:19.221,1.54801,1.54828,1.12,2.25
2016.02.05 20:28:19.476,1.54802,1.54832,1.12,2.62
2016.02.05 20:28:19.528,1.54805,1.54832,1.12,1.12
2016.02.05 20:28:19.647,1.54806,1.54833,1.12,1.12
2016.02.05 20:28:19.698,1.54808,1.54835,1.12,1.12
2016.02.05 20:28:20.003,1.54812,1.54837,1.12,1.00
2016.02.05 20:28:20.460,1.54813,1.54839,1.50,1.12
2016.02.05 20:28:20.613,1.54816,1.54843,1.37,1.12
2016.02.05 20:28:20.716,1.54818,1.54845,1.12,1.87
2016.02.05 20:28:21.292,1.54817,1.54845,1.37,3.00
2016.02.05 20:28:21.344,1.54816,1.54844,1.37,1.37
2016.02.05 20:28:22.339,1.54816,1.5484,1.37,1.00
2016.02.05 20:28:22.441,1.54814,1.5484,1.37,1.12
2016.02.05 20:28:22.949,1.54813,1.54839,1.37,1.00
2016.02.05 20:28:25.843,1.54813,1.54838,1.37,1.00
2016.02.05 20:28:27.993,1.54811,1.54834,1.87,1.00
2016.02.05 20:28:28.096,1.54808,1.54834,1.37,1.37
2016.02.05 20:28:28.147,1.54807,1.54834,1.37,1.37
2016.02.05 20:28:28.978,1.54807,1.54831,1.37,1.00
2016.02.05 20:28:29.029,1.54802,1.54831,1.87,1.87
2016.02.05 20:28:29.689,1.54805,1.54831,1.00,1.12
2016.02.05 20:28:29.792,1.54805,1.54834,1.75,1.75
2016.02.05 20:28:29.843,1.54809,1.54834,1.37,1.00
2016.02.05 20:28:30.381,1.54809,1.54835,1.37,1.50
2016.02.05 20:28:30.595,1.54808,1.54835,1.37,2.25
2016.02.05 20:28:30.849,1.54809,1.54835,1.37,1.00
2016.02.05 20:28:31.916,1.54812,1.54835,1.00,1.00
2016.02.05 20:28:32.018,1.54812,1.54837,1.00,1.00
2016.02.05 20:28:32.120,1.54812,1.54839,1.00,2.25
2016.02.05 20:28:32.579,1.54815,1.54839,1.00,1.00
2016.02.05 20:28:32.630,1.54816,1.54845,1.12,3.19
2016.02.05 20:28:32.775,1.54818,1.54845,1.31,1.87
2016.02.05 20:28:33.284,1.54819,1.54845,1.37,1.00
2016.02.05 20:28:33.813,1.54819,1.54847,1.37,3.37
2016.02.05 20:28:34.913,1.54818,1.54847,1.50,3.00
2016.02.05 20:28:35.014,1.54816,1.54843,1.37,1.37
2016.02.05 20:28:35.268,1.54815,1.54843,1.37,1.75
2016.02.05 20:28:35.319,1.54812,1.54839,1.75,1.00
2016.02.05 20:28:35.800,1.54811,1.5484,1.87,1.87
2016.02.05 20:28:35.852,1.54811,1.54838,1.12,1.12
2016.02.05 20:28:35.903,1.54811,1.5484,1.75,1.75
2016.02.05 20:28:35.955,1.54816,1.54842,1.00,1.12
2016.02.05 20:28:36.690,1.54816,1.54841,1.00,1.00
2016.02.05 20:28:36.741,1.54816,1.54838,1.00,1.00
2016.02.05 20:28:36.843,1.54811,1.54838,1.87,1.12
2016.02.05 20:28:37.214,1.54812,1.5484,1.12,1.37
2016.02.05 20:28:37.367,1.54811,1.54839,1.87,1.50
2016.02.05 20:28:38.350,1.54809,1.54837,1.50,1.12
2016.02.05 20:28:39.915,1.5481,1.54837,1.75,1.37
2016.02.05 20:28:39.966,1.54813,1.5484,1.12,1.00
2016.02.05 20:28:41.087,1.54814,1.54842,1.87,1.12
2016.02.05 20:28:41.138,1.54819,1.54845,1.12,1.37
2016.02.05 20:28:41.324,1.54823,1.5485,1.12,1.12
2016.02.05 20:28:41.578,1.54831,1.5486,1.87,1.12
2016.02.05 20:28:41.630,1.54835,1.54861,1.12,1.69
2016.02.05 20:28:41.833,1.5484,1.54867,1.12,3.00
2016.02.05 20:28:42.353,1.54837,1.54866,1.87,2.25
2016.02.05 20:28:42.862,1.54836,1.54861,1.37,1.00
2016.02.05 20:28:43.167,1.54833,1.54859,1.50,1.50
2016.02.05 20:28:44.613,1.54832,1.5486,1.87,3.37
2016.02.05 20:28:45.252,1.54833,1.5486,1.50,3.00
2016.02.05 20:28:45.918,1.54832,1.5486,1.87,1.87
2016.02.05 20:28:45.969,1.54835,1.54862,1.37,2.25
2016.02.05 20:28:46.173,1.54837,1.54863,1.12,1.00
2016.02.05 20:28:47.102,1.54837,1.54861,1.12,1.00
2016.02.05 20:28:47.153,1.54834,1.54861,1.50,1.50
2016.02.05 20:28:47.205,1.54833,1.54858,1.12,1.00
2016.02.05 20:28:47.256,1.54829,1.54856,1.87,1.12
2016.02.05 20:28:47.749,1.54833,1.5486,1.12,1.12
2016.02.05 20:28:48.778,1.54836,1.54862,1.12,1.50
2016.02.05 20:28:52.482,1.54839,1.54865,1.37,1.12
2016.02.05 20:28:52.584,1.54843,1.54865,1.12,1.00
2016.02.05 20:28:52.737,1.54843,1.54868,1.12,1.37
2016.02.05 20:28:53.308,1.54843,1.54863,1.12,1.00
2016.02.05 20:28:53.360,1.54838,1.54863,1.50,1.00
2016.02.05 20:28:55.288,1.54837,1.54863,1.12,1.12
2016.02.05 20:28:55.767,1.54842,1.54866,1.12,2.25
2016.02.05 20:28:56.173,1.54839,1.54866,1.12,1.57
2016.02.05 20:28:56.275,1.54838,1.54864,1.00,1.37
2016.02.05 20:28:58.357,1.54836,1.54862,1.75,1.00
2016.02.05 20:29:00.283,1.54836,1.54862,1.12,1.37
2016.02.05 20:29:00.749,1.54836,1.54858,1.12,1.12
2016.02.05 20:29:00.800,1.54833,1.54858,2.25,1.12
2016.02.05 20:29:01.155,1.54833,1.54857,1.37,1.37
2016.02.05 20:29:01.672,1.54833,1.54858,1.37,1.37
2016.02.05 20:29:01.774,1.54831,1.54858,1.37,1.87
2016.02.05 20:29:02.876,1.54831,1.54857,1.37,1.50
2016.02.05 20:29:03.181,1.5483,1.54853,1.12,1.00
2016.02.05 20:29:03.283,1.54827,1.5485,1.69,1.12
2016.02.05 20:29:03.792,1.54824,1.54849,2.06,1.00
2016.02.05 20:29:04.331,1.54825,1.5485,1.31,1.12
2016.02.05 20:29:04.890,1.54826,1.54853,1.69,1.37
2016.02.05 20:29:05.012,1.54831,1.54855,1.37,1.37
2016.02.05 20:29:05.216,1.54828,1.54852,1.25,1.57
2016.02.05 20:29:05.368,1.54824,1.54849,2.06,1.37
2016.02.05 20:29:10.470,1.54823,1.54844,1.94,1.00
2016.02.05 20:29:12.413,1.54822,1.54846,1.12,1.00
2016.02.05 20:29:12.667,1.5482,1.54844,1.31,1.00
2016.02.05 20:29:12.816,1.54815,1.54839,1.12,1.37
2016.02.05 20:29:13.020,1.54811,1.54839,1.94,1.50
2016.02.05 20:29:15.629,1.54811,1.54836,1.31,1.00
2016.02.05 20:29:15.834,1.5481,1.54836,1.12,1.12
2016.02.05 20:29:16.291,1.54809,1.54832,1.37,1.00
2016.02.05 20:29:16.393,1.54807,1.54832,1.25,1.00
2016.02.05 20:29:17.898,1.54806,1.54832,1.56,2.25
2016.02.05 20:29:18.408,1.54806,1.54831,1.19,1.37
2016.02.05 20:29:21.080,1.54802,1.54828,2.44,1.00
2016.02.05 20:29:21.233,1.54802,1.54824,1.12,1.00
2016.02.05 20:29:21.335,1.54799,1.54824,1.12,1.00
2016.02.05 20:29:21.438,1.54796,1.54824,1.31,1.87
2016.02.05 20:29:22.430,1.54798,1.54825,1.75,1.12
2016.02.05 20:29:22.532,1.54801,1.54827,1.12,1.00
2016.02.05 20:29:23.045,1.54801,1.54828,1.12,1.12
2016.02.05 20:29:23.369,1.54806,1.54832,1.37,1.50
2016.02.05 20:29:23.877,1.54806,1.54834,1.37,1.37
2016.02.05 20:29:24.494,1.54806,1.54832,1.37,1.50
2016.02.05 20:29:24.619,1.54802,1.54831,1.69,1.37
2016.02.05 20:29:28.513,1.54802,1.54829,1.37,1.50
2016.02.05 20:29:28.615,1.54799,1.54825,1.12,1.00
2016.02.05 20:29:28.667,1.54798,1.54825,1.75,1.12
2016.02.05 20:29:30.225,1.548,1.54826,1.12,1.00
2016.02.05 20:29:30.327,1.548,1.54829,1.12,2.62
2016.02.05 20:29:32.214,1.54799,1.54826,1.87,1.12
2016.02.05 20:29:32.265,1.54799,1.54826,1.50,1.50
2016.02.05 20:29:33.056,1.54801,1.54829,1.12,2.25
2016.02.05 20:29:41.301,1.54804,1.5483,1.00,1.12
2016.02.05 20:29:41.768,1.54799,1.54827,1.50,1.12
2016.02.05 20:29:41.920,1.54804,1.54826,1.00,1.12
2016.02.05 20:29:42.175,1.54812,1.54839,1.12,1.00
2016.02.05 20:29:42.640,1.54814,1.54839,1.87,1.00
2016.02.05 20:29:43.049,1.54816,1.54837,1.12,1.37
2016.02.05 20:29:43.326,1.5481,1.54835,1.12,1.69
2016.02.05 20:29:43.378,1.54805,1.54834,1.12,1.75
2016.02.05 20:29:45.347,1.54807,1.54835,1.87,1.75
2016.02.05 20:29:45.398,1.54808,1.54835,1.87,1.12
2016.02.05 20:29:45.652,1.54809,1.54836,1.37,2.06
2016.02.05 20:29:45.804,1.54808,1.54836,1.87,2.44
2016.02.05 20:29:49.737,1.54808,1.54832,1.37,1.00
2016.02.05 20:29:49.890,1.54803,1.54831,1.12,1.37
2016.02.05 20:29:50.097,1.54803,1.54828,1.12,1.00
2016.02.05 20:29:50.198,1.54801,1.54828,1.87,1.12
2016.02.05 20:29:50.250,1.548,1.54828,1.75,1.87
2016.02.05 20:29:50.301,1.548,1.54827,1.12,1.12
2016.02.05 20:29:50.656,1.54801,1.54831,2.25,1.12
2016.02.05 20:29:50.707,1.54802,1.54831,1.12,1.50
2016.02.05 20:30:00.178,1.54802,1.54829,1.12,1.00
2016.02.05 20:30:00.957,1.54801,1.54829,1.75,1.50
2016.02.05 20:30:01.008,1.54801,1.54828,1.12,1.37
2016.02.05 20:30:01.771,1.54801,1.54829,1.87,1.75
2016.02.05 20:30:01.909,1.54801,1.54829,1.87,1.50
2016.02.05 20:30:02.267,1.54799,1.54827,1.12,1.37
2016.02.05 20:30:02.320,1.54798,1.54827,2.62,1.87
2016.02.05 20:30:04.169,1.54802,1.54826,1.00,1.62
2016.02.05 20:30:04.477,1.54798,1.54826,2.62,1.62
2016.02.05 20:30:05.027,1.54802,1.54826,1.00,1.62
2016.02.05 20:30:05.332,1.54806,1.54829,1.12,1.56
2016.02.05 20:30:05.434,1.54806,1.54829,1.12,1.00
2016.02.05 20:30:05.960,1.54806,1.54832,1.12,1.12
2016.02.05 20:30:06.593,1.54811,1.54833,1.00,1.37
2016.02.05 20:30:06.745,1.54811,1.54836,1.50,1.12
2016.02.05 20:30:06.797,1.54816,1.54838,2.25,1.12
2016.02.05 20:30:06.849,1.54819,1.54841,1.37,1.37
2016.02.05 20:30:06.951,1.54819,1.54846,1.37,3.00
2016.02.05 20:30:07.311,1.54819,1.54842,1.37,2.06
2016.02.05 20:30:07.413,1.54816,1.54842,1.87,2.06
2016.02.05 20:30:07.515,1.54813,1.5484,1.37,1.00
2016.02.05 20:30:07.617,1.54813,1.54839,1.37,3.00
2016.02.05 20:30:07.921,1.54809,1.54835,1.12,1.50
2016.02.05 20:30:10.074,1.54809,1.54835,1.37,1.37
2016.02.05 20:30:10.603,1.5481,1.54835,1.87,1.00
2016.02.05 20:30:10.654,1.54811,1.54838,1.50,1.00
2016.02.05 20:30:10.705,1.54812,1.54838,1.37,1.31
2016.02.05 20:30:11.010,1.54816,1.54841,1.12,1.12
2016.02.05 20:30:11.107,1.5482,1.54844,1.00,1.69
2016.02.05 20:30:11.209,1.5482,1.54845,2.25,1.31
2016.02.05 20:30:11.666,1.54819,1.54847,1.50,2.81
2016.02.05 20:30:12.029,1.54819,1.54841,1.00,1.12
2016.02.05 20:30:12.362,1.54811,1.54838,1.87,1.31
2016.02.05 20:30:12.463,1.54814,1.54839,1.37,1.50
2016.02.05 20:30:12.768,1.54816,1.54839,1.12,1.12
2016.02.05 20:30:13.475,1.54809,1.54836,1.87,1.25
2016.02.05 20:30:15.325,1.54811,1.54836,1.87,1.25
2016.02.05 20:30:15.630,1.54817,1.54839,1.12,1.12
2016.02.05 20:30:16.529,1.54817,1.54844,1.12,1.31
2016.02.05 20:30:17.462,1.54817,1.5484,1.12,1.50
2016.02.05 20:30:17.716,1.54806,1.54835,1.87,2.00
2016.02.05 20:30:18.174,1.54805,1.54834,1.87,1.12
2016.02.05 20:30:18.226,1.54805,1.54832,1.12,1.12
2016.02.05 20:30:18.371,1.54807,1.54832,1.00,1.12
2016.02.05 20:30:18.625,1.54817,1.54845,1.12,1.94
2016.02.05 20:30:18.676,1.54818,1.54845,1.12,1.56
2016.02.05 20:30:18.982,1.54819,1.54846,1.37,2.19
2016.02.05 20:30:19.033,1.54817,1.54846,2.62,2.25
2016.02.05 20:30:19.186,1.54818,1.54846,1.12,1.81
2016.02.05 20:30:20.513,1.5482,1.54846,1.50,1.12
2016.02.05 20:30:21.376,1.5482,1.54846,1.87,1.12
2016.02.05 20:30:22.955,1.54823,1.5485,1.00,3.37
2016.02.05 20:30:23.428,1.54823,1.5485,1.12,2.19
2016.02.05 20:30:23.957,1.54826,1.5485,1.12,1.50
2016.02.05 20:30:28.210,1.54826,1.54854,1.12,2.19
2016.02.05 20:30:28.312,1.54828,1.54854,1.12,1.50
2016.02.05 20:30:28.826,1.5483,1.54854,1.12,1.12
2016.02.05 20:30:30.150,1.5483,1.54854,1.12,1.12
2016.02.05 20:30:31.173,1.54832,1.54857,1.12,1.69
2016.02.05 20:30:31.224,1.54832,1.54857,1.87,1.25
2016.02.05 20:30:31.763,1.54835,1.5486,1.12,1.50
2016.02.05 20:30:31.815,1.54833,1.5486,1.12,2.19
2016.02.05 20:30:31.918,1.54832,1.54859,1.12,1.31
2016.02.05 20:30:32.375,1.54831,1.54857,1.00,2.00
2016.02.05 20:30:32.882,1.54828,1.54857,1.12,2.00
2016.02.05 20:30:34.119,1.54827,1.54855,1.75,1.37
2016.02.05 20:30:34.221,1.54827,1.54854,1.12,2.00
2016.02.05 20:30:38.824,1.54824,1.54852,2.25,1.37
2016.02.05 20:30:38.926,1.54824,1.54852,1.87,1.75
2016.02.05 20:30:40.360,1.54826,1.54852,1.37,1.37
2016.02.05 20:30:40.411,1.54826,1.54853,2.62,1.12
2016.02.05 20:30:40.615,1.54829,1.54856,1.37,1.87
2016.02.05 20:30:41.389,1.54829,1.54856,1.37,1.00
2016.02.05 20:30:45.510,1.54829,1.54855,1.87,1.00
2016.02.05 20:30:47.700,1.54829,1.54851,1.37,1.12
2016.02.05 20:30:47.853,1.54825,1.54849,1.50,1.12
2016.02.05 20:30:50.662,1.54827,1.54851,1.00,1.87
2016.02.05 20:30:50.741,1.54827,1.54851,1.75,1.12
2016.02.05 20:30:51.048,1.5483,1.54853,1.37,1.94
2016.02.05 20:30:51.354,1.54828,1.54851,1.12,1.37
2016.02.05 20:30:51.457,1.54827,1.5485,1.12,1.37
2016.02.05 20:30:51.987,1.54827,1.54851,1.12,1.37
2016.02.05 20:30:54.117,1.54827,1.54852,1.12,1.69
2016.02.05 20:30:54.577,1.54829,1.54851,1.12,1.25
2016.02.05 20:30:55.109,1.54831,1.54851,1.12,1.25
2016.02.05 20:30:56.130,1.54831,1.54853,1.12,1.69
2016.02.05 20:30:57.141,1.5483,1.5485,1.37,1.37
2016.02.05 20:30:57.193,1.5483,1.5485,1.00,1.37
2016.02.05 20:30:57.295,1.5483,1.54847,1.00,1.00
2016.02.05 20:30:57.572,1.54825,1.54847,1.12,1.00
2016.02.05 20:30:58.348,1.54825,1.54851,1.87,1.87
2016.02.05 20:30:58.450,1.54828,1.54854,1.37,1.87
2016.02.05 20:30:58.653,1.54829,1.54854,1.37,1.00
2016.02.05 20:31:01.022,1.5483,1.54851,1.00,1.00
2016.02.05 20:31:02.039,1.54833,1.54857,1.37,1.12
2016.02.05 20:31:02.192,1.54835,1.5486,1.12,1.00
2016.02.05 20:31:05.066,1.54835,1.54863,1.87,1.50
2016.02.05 20:31:09.162,1.54839,1.54863,1.37,1.50
2016.02.05 20:31:09.316,1.54841,1.54866,1.00,1.12
2016.02.05 20:31:11.082,1.54839,1.54865,1.37,1.12
2016.02.05 20:31:11.576,1.54841,1.54865,1.00,1.00
2016.02.05 20:31:15.181,1.54839,1.54865,1.37,1.87
2016.02.05 20:31:15.689,1.54836,1.54864,1.12,1.50
2016.02.05 20:31:16.769,1.54839,1.54865,1.37,1.12
2016.02.05 20:31:16.820,1.54841,1.54867,1.00,1.50
2016.02.05 20:31:19.178,1.54841,1.54869,1.37,1.37
2016.02.05 20:31:19.229,1.54841,1.5487,1.75,2.62
2016.02.05 20:31:20.688,1.54846,1.5487,1.50,1.00
2016.02.05 20:31:20.739,1.54846,1.54872,1.50,1.25
2016.02.05 20:31:20.790,1.54852,1.54872,1.00,1.25
2016.02.05 20:31:20.966,1.54855,1.54878,1.00,1.00
2016.02.05 20:31:21.017,1.54855,1.54881,1.00,1.69
2016.02.05 20:31:21.121,1.54856,1.54884,1.12,3.19
2016.02.05 20:31:21.426,1.54855,1.54872,1.00,1.00
2016.02.05 20:31:21.529,1.54846,1.5487,1.00,1.12
2016.02.05 20:31:22.036,1.54845,1.5487,1.12,1.12
2016.02.05 20:31:23.883,1.54843,1.5487,4.31,1.12
2016.02.05 20:31:24.477,1.54844,1.5487,1.37,1.12
2016.02.05 20:31:27.793,1.54843,1.54866,1.12,1.00
2016.02.05 20:31:27.895,1.54841,1.54866,1.00,1.50
2016.02.05 20:31:28.417,1.5484,1.54866,1.00,1.50
2016.02.05 20:31:37.080,1.54841,1.54867,1.00,1.87
2016.02.05 20:31:37.131,1.54841,1.54867,1.87,1.00
2016.02.05 20:31:37.436,1.54849,1.54876,1.87,1.69
2016.02.05 20:31:37.740,1.54851,1.54877,3.37,1.12
2016.02.05 20:31:37.843,1.54853,1.54879,1.12,1.00
2016.02.05 20:31:37.945,1.54855,1.5488,1.12,1.00
2016.02.05 20:31:38.846,1.54852,1.5488,1.12,3.00
2016.02.05 20:31:39.353,1.54852,1.54879,1.12,1.00
2016.02.05 20:31:39.896,1.54852,1.5488,1.12,3.75
2016.02.05 20:31:41.844,1.54852,1.54879,1.12,1.00
2016.02.05 20:31:48.647,1.54852,1.54876,1.12,1.00
2016.02.05 20:31:48.799,1.54852,1.54879,1.12,1.00
2016.02.05 20:31:54.274,1.54856,1.54881,1.12,1.87
2016.02.05 20:31:54.579,1.54856,1.54882,1.75,1.00
2016.02.05 20:31:55.151,1.5486,1.54882,1.12,1.00
2016.02.05 20:31:56.505,1.5486,1.54885,1.12,1.37
2016.02.05 20:31:57.136,1.54862,1.54886,2.25,1.00
2016.02.05 20:31:57.643,1.54862,1.54889,2.25,1.87
2016.02.05 20:32:00.148,1.54862,1.54889,1.50,1.87
2016.02.05 20:32:00.659,1.54862,1.54889,2.25,1.87
2016.02.05 20:32:01.066,1.54864,1.54891,1.87,1.50
2016.02.05 20:32:01.579,1.54869,1.54894,1.37,1.12
2016.02.05 20:32:01.783,1.54875,1.54902,1.37,1.12
2016.02.05 20:32:01.885,1.54875,1.54903,1.75,1.25
2016.02.05 20:32:02.241,1.54875,1.54903,1.87,2.44
2016.02.05 20:32:03.461,1.54882,1.54903,1.00,2.44
2016.02.05 20:32:03.756,1.54886,1.54912,1.00,1.87
2016.02.05 20:32:04.111,1.54887,1.54913,1.37,1.37
2016.02.05 20:32:04.163,1.54887,1.54915,1.37,2.62
2016.02.05 20:32:04.569,1.54886,1.54914,1.12,1.75
2016.02.05 20:32:04.671,1.54882,1.54911,1.87,1.87
2016.02.05 20:32:04.855,1.54881,1.54908,1.00,1.87
2016.02.05 20:32:05.160,1.54878,1.54904,1.12,1.31
2016.02.05 20:32:05.465,1.54886,1.54913,1.50,1.56
2016.02.05 20:32:05.769,1.54888,1.54913,1.00,1.56
2016.02.05 20:32:06.228,1.54886,1.5491,1.00,1.31
2016.02.05 20:32:06.380,1.54882,1.54908,1.37,1.62
2016.02.05 20:32:06.482,1.5488,1.54908,1.50,2.00
2016.02.05 20:32:10.869,1.54879,1.54902,1.12,1.00
2016.02.05 20:32:11.210,1.5487,1.54897,1.37,1.31
2016.02.05 20:32:11.261,1.54869,1.54896,1.50,1.31
2016.02.05 20:32:11.312,1.54869,1.54898,2.25,1.94
2016.02.05 20:32:14.996,1.54869,1.54896,1.87,1.31
2016.02.05 20:32:15.098,1.54869,1.54896,1.12,1.94
2016.02.05 20:32:15.200,1.54867,1.54893,1.50,1.62
2016.02.05 20:32:16.583,1.54864,1.54889,1.87,1.00
2016.02.05 20:32:16.750,1.54862,1.54889,1.12,1.87
2016.02.05 20:32:16.801,1.54862,1.54885,1.12,1.00
2016.02.05 20:32:18.037,1.54862,1.54888,1.12,1.37
2016.02.05 20:32:18.190,1.54862,1.54888,1.75,1.56
2016.02.05 20:32:21.615,1.54865,1.54891,1.50,1.50
2016.02.05 20:32:21.789,1.54867,1.54895,1.50,1.94
2016.02.05 20:32:23.335,1.54867,1.5489,1.50,1.00
2016.02.05 20:32:23.437,1.54867,1.54895,1.50,2.44
2016.02.05 20:32:28.049,1.54867,1.54892,1.37,1.00
2016.02.05 20:32:28.138,1.54867,1.54889,1.37,1.00
2016.02.05 20:32:28.303,1.54861,1.54886,3.00,1.00
2016.02.05 20:32:28.354,1.54861,1.54886,1.87,1.00
2016.02.05 20:32:29.977,1.54861,1.54883,1.37,1.00
2016.02.05 20:32:30.130,1.54859,1.54883,1.37,1.12
2016.02.05 20:32:31.032,1.5486,1.54883,1.37,1.12
2016.02.05 20:32:31.083,1.5486,1.5488,1.37,1.00
2016.02.05 20:32:31.624,1.54859,1.5488,1.37,1.00
2016.02.05 20:32:32.140,1.5486,1.5488,1.37,1.00
2016.02.05 20:32:32.478,1.54855,1.5488,1.00,1.00
2016.02.05 20:32:34.259,1.54853,1.54881,2.25,1.12
2016.02.05 20:32:35.338,1.54855,1.54878,1.00,1.00
2016.02.05 20:32:36.642,1.54853,1.54877,1.37,1.12
2016.02.05 20:32:38.494,1.54853,1.54874,1.37,1.00
2016.02.05 20:32:38.942,1.54853,1.54878,1.87,1.50
2016.02.05 20:32:39.753,1.54853,1.54878,1.37,1.50
2016.02.05 20:32:40.331,1.54853,1.54878,1.87,1.50
2016.02.05 20:32:40.657,1.54853,1.54875,1.37,1.00
2016.02.05 20:32:40.962,1.5485,1.54868,1.37,1.00
2016.02.05 20:32:41.064,1.54839,1.54868,2.62,1.37
2016.02.05 20:32:41.115,1.54839,1.54865,2.25,1.31
2016.02.05 20:32:41.166,1.54839,1.54863,1.50,1.31
2016.02.05 20:32:41.218,1.54841,1.54863,1.00,1.31
2016.02.05 20:32:41.468,1.54844,1.5487,1.37,1.54
2016.02.05 20:32:41.976,1.54846,1.54872,1.00,1.12
2016.02.05 20:32:46.366,1.54846,1.54872,1.37,1.87
2016.02.05 20:32:46.468,1.54846,1.54872,1.12,1.12
2016.02.05 20:32:49.236,1.54846,1.5487,1.00,1.00
2016.02.05 20:32:49.642,1.54844,1.54867,1.75,1.00
2016.02.05 20:32:49.795,1.54843,1.54867,1.37,1.00
2016.02.05 20:32:51.626,1.54849,1.54867,1.37,1.00
2016.02.05 20:32:51.677,1.54852,1.54874,1.37,1.12
2016.02.05 20:32:51.780,1.54855,1.54877,1.12,1.00
2016.02.05 20:32:51.883,1.54856,1.5488,1.50,1.00
2016.02.05 20:32:51.985,1.54854,1.54877,2.62,1.00
2016.02.05 20:32:53.941,1.54857,1.54877,1.12,1.00
2016.02.05 20:32:54.045,1.54858,1.5488,1.75,1.00
2016.02.05 20:32:54.861,1.54857,1.5488,1.12,1.00
2016.02.05 20:32:54.963,1.54855,1.54877,2.62,1.00
2016.02.05 20:32:55.470,1.54856,1.54877,1.50,1.00
2016.02.05 20:32:56.180,1.54856,1.54876,1.37,1.00
2016.02.05 20:32:56.282,1.54852,1.54876,1.37,1.00
2016.02.05 20:32:58.421,1.54853,1.54878,1.12,1.12
2016.02.05 20:32:58.472,1.54855,1.54878,1.12,1.12
2016.02.05 20:32:58.777,1.54858,1.54882,1.12,1.19
2016.02.05 20:32:59.126,1.54858,1.54886,1.12,1.50
2016.02.05 20:32:59.177,1.54862,1.54886,1.87,1.00
2016.02.05 20:32:59.431,1.54869,1.54892,1.87,1.00
2016.02.05 20:32:59.533,1.54869,1.54892,2.62,1.00
2016.02.05 20:33:00.041,1.54868,1.54892,1.87,1.00
2016.02.05 20:33:00.159,1.54868,1.54892,1.12,1.00
2016.02.05 20:33:00.261,1.54868,1.5489,1.12,1.00
2016.02.05 20:33:02.596,1.54865,1.5489,1.37,1.12
2016.02.05 20:33:03.157,1.54866,1.5489,1.37,1.12
2016.02.05 20:33:03.716,1.54866,1.54888,1.37,1.00
2016.02.05 20:33:03.818,1.54863,1.54886,1.37,1.00
2016.02.05 20:33:04.123,1.5486,1.54886,1.75,1.00
2016.02.05 20:33:04.276,1.54863,1.54886,1.37,1.00
2016.02.05 20:33:04.604,1.54861,1.54883,1.00,1.00
2016.02.05 20:33:04.959,1.54861,1.54883,1.50,1.00
2016.02.05 20:33:05.010,1.54863,1.54885,1.00,1.00
2016.02.05 20:33:05.112,1.54865,1.54885,1.37,1.00
2016.02.05 20:33:05.316,1.54867,1.54888,1.37,1.00
2016.02.05 20:33:07.885,1.54867,1.5489,1.37,1.00
2016.02.05 20:33:08.038,1.54867,1.54888,1.37,1.00
2016.02.05 20:33:08.291,1.54863,1.54888,1.87,1.00
2016.02.05 20:33:08.517,1.54861,1.54884,1.12,1.00
2016.02.05 20:33:08.568,1.54859,1.54884,3.00,1.00
2016.02.05 20:33:10.515,1.54859,1.54887,3.75,1.50
2016.02.05 20:33:11.057,1.54859,1.54885,3.00,1.00
2016.02.05 20:33:11.562,1.54861,1.54888,1.00,1.12
2016.02.05 20:33:12.172,1.54863,1.54888,1.00,1.12
2016.02.05 20:33:12.426,1.54867,1.54895,1.75,2.25
2016.02.05 20:33:14.682,1.54868,1.54897,1.12,2.25
2016.02.05 20:33:14.733,1.54869,1.54897,1.12,1.87
2016.02.05 20:33:14.835,1.54869,1.54894,1.12,1.00
2016.02.05 20:33:14.937,1.54867,1.54894,1.75,1.87
2016.02.05 20:33:14.988,1.54867,1.54894,1.37,2.62
2016.02.05 20:33:15.040,1.54865,1.54893,1.87,1.12
2016.02.05 20:33:17.231,1.54864,1.5489,1.12,1.00
2016.02.05 20:33:17.283,1.54862,1.54886,1.12,1.50
2016.02.05 20:33:17.334,1.54861,1.54886,1.12,1.50
2016.02.05 20:33:17.385,1.54859,1.54886,1.12,2.25
2016.02.05 20:33:17.437,1.54857,1.54885,1.87,1.12
2016.02.05 20:33:18.576,1.54858,1.54886,1.75,2.06
2016.02.05 20:33:18.627,1.54859,1.54886,1.75,1.69
2016.02.05 20:33:18.881,1.54859,1.54886,1.37,2.44
2016.02.05 20:33:18.932,1.54858,1.54885,1.50,1.12
2016.02.05 20:33:21.969,1.54857,1.54882,1.87,1.00
2016.02.05 20:33:22.375,1.54857,1.54881,1.37,1.37
2016.02.05 20:33:23.624,1.54857,1.54879,1.37,1.00
2016.02.05 20:33:23.928,1.54857,1.54879,1.37,1.87
2016.02.05 20:33:24.348,1.54857,1.5488,1.37,1.00
2016.02.05 20:33:27.968,1.54857,1.54882,1.50,1.12
2016.02.05 20:33:28.070,1.54859,1.54885,1.00,1.12
2016.02.05 20:33:29.097,1.54859,1.54885,1.00,1.87
2016.02.05 20:33:29.633,1.54857,1.54884,1.50,1.12
2016.02.05 20:33:30.141,1.54857,1.54882,1.37,1.12
2016.02.05 20:33:31.353,1.54857,1.54879,1.37,1.00
2016.02.05 20:33:31.659,1.5485,1.54875,1.12,1.00
2016.02.05 20:33:31.761,1.54847,1.54874,1.37,2.25
2016.02.05 20:33:31.863,1.54847,1.54871,1.37,1.00
2016.02.05 20:33:32.188,1.54849,1.54878,1.12,2.12
2016.02.05 20:33:32.292,1.54851,1.5488,1.87,2.12
2016.02.05 20:33:32.597,1.54853,1.54882,1.12,2.87
2016.02.05 20:33:32.649,1.54853,1.5488,1.00,1.25
2016.02.05 20:33:32.700,1.54853,1.54882,1.37,2.50
2016.02.05 20:33:33.908,1.54855,1.54881,1.00,1.00
2016.02.05 20:33:36.734,1.54855,1.54883,1.00,1.50
2016.02.05 20:33:36.837,1.54856,1.54885,1.87,2.00
2016.02.05 20:33:37.146,1.54862,1.54887,1.00,1.87
2016.02.05 20:33:37.465,1.5486,1.54885,1.37,1.50
2016.02.05 20:33:37.567,1.54857,1.54884,1.12,1.12
2016.02.05 20:33:37.744,1.54857,1.54882,1.12,1.00
2016.02.05 20:33:37.897,1.54856,1.54882,1.00,1.87
2016.02.05 20:33:38.101,1.54855,1.5488,1.37,1.00
2016.02.05 20:33:39.178,1.54855,1.54881,1.37,1.00
2016.02.05 20:33:41.415,1.54856,1.5488,1.00,1.00
2016.02.05 20:33:41.517,1.54856,1.54882,1.00,3.37
2016.02.05 20:33:41.669,1.54856,1.5488,1.00,1.00
2016.02.05 20:33:42.196,1.54856,1.54882,1.00,1.37
2016.02.05 20:33:42.500,1.54859,1.54882,1.37,1.00
2016.02.05 20:33:43.008,1.5486,1.54882,1.37,1.00
2016.02.05 20:33:43.059,1.54856,1.54882,1.37,1.00
2016.02.05 20:33:43.292,1.54859,1.54882,1.12,1.00
2016.02.05 20:33:43.404,1.54859,1.54885,1.12,3.00
2016.02.05 20:33:43.455,1.5486,1.54883,1.37,1.00
2016.02.05 20:33:43.608,1.54861,1.54885,1.00,2.25
2016.02.05 20:33:43.912,1.54861,1.54885,1.00,2.44
2016.02.05 20:33:46.098,1.54861,1.54885,1.00,1.50
2016.02.05 20:33:48.386,1.54861,1.54887,1.37,2.81
2016.02.05 20:33:49.454,1.54861,1.54888,2.25,1.87
2016.02.05 20:33:50.911,1.54866,1.5489,1.00,1.00
2016.02.05 20:33:50.962,1.54866,1.54892,1.00,1.12
2016.02.05 20:33:51.136,1.54867,1.54893,1.12,1.25
2016.02.05 20:33:52.937,1.54867,1.54892,1.12,1.00
2016.02.05 20:33:53.039,1.54864,1.54892,1.87,1.87
2016.02.05 20:33:55.328,1.54864,1.54888,1.87,1.00
2016.02.05 20:33:55.532,1.54858,1.54884,1.37,1.00
2016.02.05 20:33:55.763,1.54858,1.54882,1.37,1.00
2016.02.05 20:33:56.491,1.54857,1.54884,1.87,1.50
2016.02.05 20:33:56.695,1.54859,1.54884,1.12,1.50
2016.02.05 20:33:57.207,1.54858,1.54883,1.87,1.00
2016.02.05 20:33:57.766,1.54858,1.5488,1.50,1.00
2016.02.05 20:33:57.918,1.54854,1.5488,1.12,1.87
2016.02.05 20:33:57.969,1.54853,1.5488,1.37,2.25
2016.02.05 20:33:58.512,1.54854,1.54878,1.00,1.00
2016.02.05 20:33:59.035,1.54854,1.5488,1.00,1.50
2016.02.05 20:34:00.318,1.54854,1.54882,1.12,1.87
2016.02.05 20:34:00.369,1.54855,1.54883,1.50,1.62
2016.02.05 20:34:01.336,1.54858,1.54884,1.12,1.19
2016.02.05 20:34:01.842,1.54858,1.54884,1.12,1.00
2016.02.05 20:34:02.215,1.54857,1.54884,1.37,1.50
2016.02.05 20:34:02.266,1.54856,1.54884,1.50,1.87
2016.02.05 20:34:02.521,1.54856,1.5488,1.50,1.00
2016.02.05 20:34:02.776,1.54854,1.5488,1.00,2.25
2016.02.05 20:34:04.180,1.54854,1.54877,1.00,1.00
2016.02.05 20:34:04.727,1.54853,1.54877,1.37,1.50
2016.02.05 20:34:07.452,1.54853,1.54874,1.37,1.12
2016.02.05 20:34:12.445,1.54853,1.54871,1.37,1.00
2016.02.05 20:34:12.851,1.54845,1.5487,1.37,1.37
2016.02.05 20:34:15.239,1.54846,1.54873,1.12,1.12
2016.02.05 20:34:15.291,1.54847,1.54874,1.37,3.00
2016.02.05 20:34:17.176,1.54851,1.54875,1.37,1.12
2016.02.05 20:34:17.278,1.54851,1.54877,1.37,1.50
2016.02.05 20:34:17.635,1.54851,1.54877,1.37,2.62
2016.02.05 20:34:22.890,1.54853,1.54876,1.00,1.00
2016.02.05 20:34:24.139,1.54853,1.54879,1.00,3.00
2016.02.05 20:34:25.785,1.54853,1.54877,1.00,1.00
2016.02.05 20:34:26.089,1.54851,1.54877,2.62,1.87
2016.02.05 20:34:26.394,1.54853,1.54877,1.00,1.00
2016.02.05 20:34:27.233,1.54853,1.54878,1.00,1.12
2016.02.05 20:34:27.689,1.54851,1.54877,2.62,1.37
2016.02.05 20:34:27.793,1.54851,1.54878,3.75,1.12
2016.02.05 20:34:28.556,1.54856,1.5488,1.00,1.12
2016.02.05 20:34:28.709,1.54858,1.54885,2.25,1.87
2016.02.05 20:34:29.052,1.54859,1.54887,1.12,2.81
2016.02.05 20:34:29.560,1.54862,1.54887,1.12,1.25
2016.02.05 20:34:31.791,1.54858,1.54885,1.50,1.12
2016.02.05 20:34:31.896,1.54856,1.54884,2.62,1.50
2016.02.05 20:34:32.099,1.54857,1.54882,1.00,1.69
2016.02.05 20:34:32.403,1.54855,1.54882,1.12,1.69
2016.02.05 20:34:36.860,1.54857,1.54882,1.00,1.69
2016.02.05 20:34:37.013,1.5486,1.54886,1.37,1.12
2016.02.05 20:34:37.166,1.5486,1.54886,1.00,1.75
2016.02.05 20:34:37.980,1.5486,1.54886,1.37,1.50
2016.02.05 20:34:38.031,1.5486,1.54887,1.75,1.12
2016.02.05 20:34:38.285,1.54859,1.54887,1.75,1.75
2016.02.05 20:34:38.786,1.54858,1.54886,1.87,1.12
2016.02.05 20:34:39.324,1.54859,1.54886,1.00,1.12
2016.02.05 20:34:39.781,1.54858,1.54885,1.50,1.12
2016.02.05 20:34:40.511,1.54857,1.54883,1.37,1.87
2016.02.05 20:34:40.935,1.54858,1.54886,3.00,1.50
2016.02.05 20:34:41.911,1.54859,1.54886,1.00,1.50
2016.02.05 20:34:42.418,1.54858,1.54886,3.00,1.50
2016.02.05 20:34:43.258,1.54867,1.54887,1.00,1.87
2016.02.05 20:34:43.411,1.54867,1.54892,1.00,1.94
2016.02.05 20:34:43.513,1.54863,1.54892,2.62,1.94
2016.02.05 20:34:44.827,1.54863,1.54888,1.37,1.00
2016.02.05 20:34:44.878,1.54861,1.54888,1.37,1.50
2016.02.05 20:34:44.929,1.5486,1.54888,1.87,1.87
2016.02.05 20:34:44.980,1.5486,1.54887,1.50,1.75
2016.02.05 20:34:46.047,1.54859,1.54886,1.00,1.87
2016.02.05 20:34:46.402,1.54858,1.54884,1.37,1.12
2016.02.05 20:34:46.829,1.54863,1.54884,1.00,1.12
2016.02.05 20:34:47.591,1.54863,1.54885,1.00,1.37
2016.02.05 20:34:47.643,1.54863,1.54887,1.00,1.12
2016.02.05 20:34:47.796,1.54863,1.54886,1.00,2.25
2016.02.05 20:35:02.332,1.54863,1.54884,1.00,1.00
2016.02.05 20:35:02.992,1.54863,1.54885,1.00,1.24
2016.02.05 20:35:04.536,1.54868,1.54886,1.50,1.49
2016.02.05 20:35:04.739,1.54878,1.54898,1.00,1.00
2016.02.05 20:35:04.841,1.54879,1.54903,1.12,1.15
2016.02.05 20:35:04.972,1.54879,1.54901,1.12,1.00
2016.02.05 20:35:05.280,1.54882,1.54901,1.00,1.00
2016.02.05 20:35:05.788,1.54877,1.549,1.00,2.25
2016.02.05 20:35:06.333,1.54877,1.54899,1.00,1.87
2016.02.05 20:35:06.588,1.54877,1.54897,1.00,1.37
2016.02.05 20:35:06.741,1.54877,1.54897,1.00,1.12
2016.02.05 20:35:07.824,1.54877,1.54896,1.00,1.00
2016.02.05 20:35:08.230,1.54877,1.54896,1.00,1.87
2016.02.05 20:35:08.332,1.54877,1.54898,1.00,1.00
2016.02.05 20:35:08.434,1.54879,1.54897,1.00,1.00
2016.02.05 20:35:09.370,1.54879,1.54898,1.00,1.50
2016.02.05 20:35:09.472,1.54876,1.54897,1.00,1.12
2016.02.05 20:35:10.429,1.54879,1.54898,1.00,1.00
2016.02.05 20:35:11.142,1.54879,1.54899,1.00,1.00
2016.02.05 20:35:12.146,1.54882,1.54899,1.00,1.00
2016.02.05 20:35:12.248,1.54882,1.54901,1.00,1.00
2016.02.05 20:35:12.792,1.54882,1.549,1.00,1.00
2016.02.05 20:35:14.097,1.54882,1.54899,1.00,1.00
2016.02.05 20:35:14.199,1.54882,1.54896,1.00,1.00
2016.02.05 20:35:17.074,1.54878,1.54894,1.00,1.00
2016.02.05 20:35:17.633,1.54878,1.54893,1.00,1.00
2016.02.05 20:35:17.685,1.54876,1.54893,1.00,1.00
2016.02.05 20:35:17.736,1.54873,1.54894,1.12,1.00
2016.02.05 20:35:17.940,1.54872,1.54894,1.37,1.87
2016.02.05 20:35:18.546,1.54872,1.54892,1.37,1.37
2016.02.05 20:35:18.597,1.54872,1.54894,1.37,1.12
2016.02.05 20:35:18.902,1.54871,1.54894,1.00,1.12
2016.02.05 20:35:19.004,1.54874,1.54894,1.00,1.12
2016.02.05 20:35:19.207,1.54874,1.54896,1.00,1.00
2016.02.05 20:35:19.366,1.54877,1.54896,1.00,1.00
2016.02.05 20:35:22.129,1.54877,1.54887,1.00,1.00
2016.02.05 20:35:23.110,1.54877,1.5489,1.00,1.00
2016.02.05 20:35:23.364,1.54877,1.54892,1.00,1.00
2016.02.05 20:35:23.522,1.54877,1.54895,1.00,1.00
2016.02.05 20:35:24.132,1.54877,1.54892,1.00,1.16
2016.02.05 20:35:24.184,1.54874,1.54892,1.00,1.16
2016.02.05 20:35:24.336,1.54871,1.5489,1.12,1.00
2016.02.05 20:35:25.321,1.54871,1.54889,1.12,1.00
2016.02.05 20:35:25.859,1.54871,1.5489,1.12,1.00
2016.02.05 20:35:26.488,1.54874,1.5489,1.00,1.00
2016.02.05 20:35:28.204,1.54867,1.54892,1.50,2.29
2016.02.05 20:35:28.439,1.54866,1.54888,1.12,1.00
2016.02.05 20:35:28.949,1.54866,1.54887,1.12,1.00
2016.02.05 20:35:31.059,1.5487,1.54888,1.00,1.16
2016.02.05 20:35:31.386,1.54871,1.54892,1.12,2.85
2016.02.05 20:35:33.116,1.54871,1.54892,1.12,2.44
2016.02.05 20:35:33.399,1.54874,1.54895,1.37,1.87
2016.02.05 20:35:35.095,1.54875,1.54896,1.12,1.12
2016.02.05 20:35:35.147,1.54876,1.54898,1.00,1.00
2016.02.05 20:35:35.381,1.54878,1.54901,1.87,1.56
2016.02.05 20:35:35.483,1.54882,1.54903,1.00,1.12
2016.02.05 20:35:36.011,1.54882,1.54902,1.00,1.00
2016.02.05 20:35:37.963,1.54882,1.54903,1.00,1.12
2016.02.05 20:35:39.073,1.54882,1.54902,1.00,1.00
2016.02.05 20:35:39.175,1.54878,1.54901,1.12,1.37
2016.02.05 20:35:40.176,1.54878,1.549,1.12,1.00
2016.02.05 20:35:41.165,1.54878,1.54901,1.12,1.00
2016.02.05 20:35:41.267,1.54878,1.54903,1.12,1.25
2016.02.05 20:35:41.471,1.54883,1.54906,1.12,3.00
2016.02.05 20:35:41.674,1.54886,1.54911,1.75,1.00
2016.02.05 20:35:41.878,1.54886,1.54914,1.75,3.56
2016.02.05 20:35:44.184,1.54885,1.54912,1.12,1.12
2016.02.05 20:35:44.489,1.54885,1.54913,1.87,1.00
2016.02.05 20:35:44.692,1.54882,1.54911,3.37,1.12
2016.02.05 20:35:46.389,1.54883,1.54911,1.12,1.50
2016.02.05 20:35:46.587,1.5488,1.54906,1.00,1.00
2016.02.05 20:35:48.124,1.5488,1.54908,1.75,1.69
2016.02.05 20:35:48.630,1.54881,1.54908,1.12,1.19
2016.02.05 20:35:49.520,1.54881,1.54906,1.12,1.00
2016.02.05 20:35:50.027,1.54881,1.54907,1.12,1.25
2016.02.05 20:35:50.840,1.54881,1.54906,1.12,1.00
2016.02.05 20:35:54.132,1.54881,1.54904,1.12,1.00
2016.02.05 20:35:55.497,1.54881,1.54905,1.87,1.00
2016.02.05 20:35:56.462,1.54882,1.54908,1.50,1.12
2016.02.05 20:35:57.665,1.54881,1.54907,1.87,1.00
2016.02.05 20:35:58.020,1.5488,1.54907,1.37,3.00
2016.02.05 20:35:58.072,1.54878,1.54907,2.25,3.37
2016.02.05 20:35:58.740,1.54882,1.54905,1.37,1.00
2016.02.05 20:35:59.045,1.54882,1.54906,1.87,1.00
2016.02.05 20:35:59.571,1.54884,1.54907,1.12,1.00
2016.02.05 20:36:01.647,1.54882,1.54907,1.00,1.50
2016.02.05 20:36:02.160,1.54882,1.54907,1.50,1.00
2016.02.05 20:36:02.665,1.54884,1.54907,1.37,1.00
2016.02.05 20:36:03.174,1.54884,1.54908,1.87,1.00
2016.02.05 20:36:04.365,1.54884,1.54909,1.87,1.00
2016.02.05 20:36:04.518,1.54887,1.54911,1.00,1.12
2016.02.05 20:36:04.723,1.54888,1.54916,1.87,1.50
2016.02.05 20:36:05.634,1.54891,1.54916,1.87,1.50
2016.02.05 20:36:06.727,1.54894,1.54916,1.12,1.00
2016.02.05 20:36:07.438,1.54895,1.5492,1.50,1.00
2016.02.05 20:36:09.226,1.54894,1.54919,1.12,1.00
2016.02.05 20:36:09.336,1.54892,1.54919,1.87,1.12
2016.02.05 20:36:09.843,1.54892,1.54919,1.37,1.50
2016.02.05 20:36:10.098,1.54891,1.54915,1.37,1.00
2016.02.05 20:36:10.626,1.5489,1.54917,1.87,2.25
2016.02.05 20:36:10.779,1.5489,1.54912,1.87,1.00
2016.02.05 20:36:11.337,1.5489,1.54914,1.12,1.00
2016.02.05 20:36:11.439,1.54892,1.54916,1.12,1.00
2016.02.05 20:36:12.238,1.54893,1.54916,1.12,1.00
2016.02.05 20:36:12.443,1.54891,1.54917,1.00,1.00
2016.02.05 20:36:13.304,1.54891,1.54917,1.75,1.00
2016.02.05 20:36:13.821,1.54893,1.54918,1.87,1.00
2016.02.05 20:36:14.328,1.54893,1.54917,1.87,1.00
2016.02.05 20:36:14.879,1.54893,1.54918,1.87,1.00
2016.02.05 20:36:15.961,1.54893,1.54919,1.87,1.00
2016.02.05 20:36:16.656,1.54895,1.54919,1.12,1.00
2016.02.05 20:36:17.165,1.54895,1.54922,1.12,1.31
2016.02.05 20:36:17.268,1.54895,1.54922,1.12,2.44
2016.02.05 20:36:18.055,1.54895,1.54922,1.87,1.00
2016.02.05 20:36:18.360,1.54898,1.54923,1.12,1.00
2016.02.05 20:36:18.715,1.549,1.54924,1.37,1.50
2016.02.05 20:36:19.219,1.54901,1.54924,1.12,1.50
2016.02.05 20:36:19.371,1.54898,1.54924,2.62,1.50
2016.02.05 20:36:20.071,1.54898,1.54923,1.87,1.00
2016.02.05 20:36:20.274,1.54898,1.54923,1.00,1.50
2016.02.05 20:36:20.816,1.54895,1.54921,1.12,1.00
2016.02.05 20:36:20.919,1.54895,1.54919,1.12,1.00
2016.02.05 20:36:22.357,1.54894,1.54919,1.00,1.00
2016.02.05 20:36:22.893,1.54894,1.5492,1.00,1.50
2016.02.05 20:36:23.757,1.54895,1.5492,1.12,1.00
2016.02.05 20:36:23.960,1.54894,1.5492,1.37,1.50
2016.02.05 20:36:24.130,1.5489,1.54918,1.37,1.37
2016.02.05 20:36:25.374,1.54892,1.54918,1.00,1.37
2016.02.05 20:36:25.425,1.54894,1.54918,1.00,1.37
2016.02.05 20:36:25.477,1.54894,1.54922,1.50,1.87
2016.02.05 20:36:25.832,1.54892,1.5492,1.75,1.37
2016.02.05 20:36:25.884,1.54892,1.54919,1.00,1.12
2016.02.05 20:36:26.239,1.54889,1.54917,1.12,1.37
2016.02.05 20:36:26.290,1.54889,1.54916,1.00,1.12
2016.02.05 20:36:26.780,1.54891,1.54916,1.00,1.12
2016.02.05 20:36:26.983,1.54891,1.54918,1.87,1.12
2016.02.05 20:36:28.966,1.54893,1.54921,1.12,3.37
2016.02.05 20:36:29.392,1.54893,1.54921,1.75,2.25
2016.02.05 20:36:29.900,1.54894,1.54921,1.37,1.87
2016.02.05 20:36:30.463,1.54893,1.54921,2.25,2.25
2016.02.05 20:36:30.514,1.54893,1.54921,2.62,1.87
2016.02.05 20:36:30.667,1.54895,1.54921,1.00,1.00
2016.02.05 20:36:32.582,1.54893,1.5492,1.12,1.87
2016.02.05 20:36:32.886,1.54889,1.54917,1.37,1.87
2016.02.05 20:36:34.043,1.54888,1.54915,1.12,1.12
2016.02.05 20:36:34.297,1.54887,1.54914,1.87,1.00
2016.02.05 20:36:37.388,1.54887,1.54914,1.00,1.25
2016.02.05 20:36:37.490,1.54886,1.54913,1.37,1.75
2016.02.05 20:36:37.592,1.54884,1.54912,1.37,1.37
2016.02.05 20:36:38.766,1.54885,1.54912,3.00,1.37
2016.02.05 20:36:39.312,1.54886,1.54914,1.75,1.87
2016.02.05 20:36:39.364,1.54887,1.54915,1.12,1.50
2016.02.05 20:36:40.025,1.54885,1.54913,1.87,1.75
2016.02.05 20:36:40.076,1.54884,1.54912,1.50,1.12
2016.02.05 20:36:42.096,1.54886,1.54913,1.12,1.12
2016.02.05 20:36:42.404,1.54888,1.54915,1.12,1.31
2016.02.05 20:36:44.615,1.54887,1.54915,1.87,2.06
2016.02.05 20:36:44.819,1.54888,1.54915,1.12,1.12
2016.02.05 20:36:45.699,1.54889,1.54916,1.37,1.12
2016.02.05 20:36:46.969,1.54888,1.54915,1.12,1.12
2016.02.05 20:36:47.021,1.54887,1.54915,1.50,1.87
2016.02.05 20:36:47.072,1.54887,1.54913,1.00,1.12
2016.02.05 20:36:47.805,1.54885,1.54913,1.50,1.87
2016.02.05 20:36:48.110,1.54887,1.54913,1.12,1.00
2016.02.05 20:36:48.415,1.54886,1.54911,1.00,1.50
2016.02.05 20:36:48.918,1.54885,1.54911,1.12,1.50
2016.02.05 20:36:49.225,1.54887,1.54912,1.87,1.12
2016.02.05 20:36:49.327,1.54887,1.54914,2.62,1.69
2016.02.05 20:36:52.430,1.5489,1.54914,1.00,1.69
2016.02.05 20:36:52.836,1.54887,1.54914,3.00,1.87
2016.02.05 20:36:58.081,1.54887,1.54911,1.12,1.00
2016.02.05 20:36:58.195,1.54889,1.54911,1.00,1.00
2016.02.05 20:36:58.398,1.54892,1.54915,1.00,1.12
2016.02.05 20:36:58.601,1.54889,1.54913,1.75,1.00
2016.02.05 20:36:58.653,1.54889,1.54913,1.12,1.00
2016.02.05 20:36:59.172,1.54888,1.54913,1.00,1.50
2016.02.05 20:37:00.134,1.54888,1.54911,1.00,1.00
2016.02.05 20:37:00.287,1.54889,1.54913,1.00,1.50
2016.02.05 20:37:00.506,1.5489,1.54913,1.87,1.00
2016.02.05 20:37:02.433,1.5489,1.54913,1.00,1.00
2016.02.05 20:37:02.738,1.54888,1.54911,1.50,1.00
2016.02.05 20:37:03.044,1.54887,1.54911,1.00,1.12
2016.02.05 20:37:03.238,1.54887,1.54911,2.25,1.00
2016.02.05 20:37:08.442,1.54891,1.54911,1.00,1.00
2016.02.05 20:37:08.494,1.54891,1.54914,1.00,1.31
2016.02.05 20:37:08.597,1.54892,1.54917,1.00,1.12
2016.02.05 20:37:09.100,1.54893,1.54917,1.00,1.12
2016.02.05 20:37:09.253,1.54893,1.54917,1.87,1.00
2016.02.05 20:37:10.056,1.54896,1.54917,1.00,1.00
2016.02.05 20:37:10.294,1.54897,1.54923,1.87,1.00
2016.02.05 20:37:12.313,1.54897,1.54921,1.12,1.00
2016.02.05 20:37:12.466,1.54893,1.54918,1.37,1.00
2016.02.05 20:37:12.568,1.54892,1.54918,1.50,1.00
2016.02.05 20:37:13.088,1.54893,1.54918,1.00,1.00
2016.02.05 20:37:13.398,1.54896,1.54918,1.00,1.00
2016.02.05 20:37:13.872,1.54896,1.54921,2.25,1.00
2016.02.05 20:37:13.923,1.54899,1.54925,1.00,2.81
2016.02.05 20:37:14.576,1.54897,1.54925,1.50,3.56
2016.02.05 20:37:14.678,1.54897,1.54921,1.00,1.50
2016.02.05 20:37:15.852,1.54898,1.54921,1.00,1.50
2016.02.05 20:37:16.005,1.54898,1.54923,1.12,1.12
2016.02.05 20:37:16.158,1.54898,1.54923,1.00,1.87
2016.02.05 20:37:17.398,1.54898,1.54924,1.12,1.50
2016.02.05 20:37:17.450,1.54896,1.54921,1.87,1.00
2016.02.05 20:37:18.925,1.54896,1.54924,3.00,1.50
2016.02.05 20:37:19.077,1.54898,1.54923,1.00,1.12
2016.02.05 20:37:19.280,1.54898,1.54924,1.12,1.50
2016.02.05 20:37:23.793,1.54896,1.54922,1.75,1.00
2016.02.05 20:37:24.269,1.54896,1.54919,1.12,1.00
2016.02.05 20:37:24.422,1.54888,1.54913,1.12,1.00
2016.02.05 20:37:24.473,1.54885,1.54911,1.75,1.12
2016.02.05 20:37:24.524,1.54883,1.54911,2.62,1.50
2016.02.05 20:37:24.575,1.54884,1.54908,1.50,1.00
2016.02.05 20:37:25.118,1.54884,1.54908,1.12,1.00
2016.02.05 20:37:25.627,1.54886,1.54908,1.00,1.00
2016.02.05 20:37:27.858,1.54887,1.54908,1.00,1.00
2016.02.05 20:37:28.373,1.54886,1.54908,1.00,1.00
2016.02.05 20:37:28.783,1.54886,1.5491,1.00,1.00
2016.02.05 20:37:29.531,1.54885,1.5491,1.00,1.12
2016.02.05 20:37:29.837,1.54886,1.54908,1.00,1.00
2016.02.05 20:37:30.943,1.54884,1.54908,1.12,1.00
2016.02.05 20:37:31.299,1.54884,1.54908,1.37,1.00
2016.02.05 20:37:31.503,1.54881,1.54905,1.87,1.00
2016.02.05 20:37:31.757,1.5488,1.54903,1.50,1.00
2016.02.05 20:37:31.961,1.54885,1.5491,1.50,1.00
2016.02.05 20:37:32.834,1.54885,1.5491,1.00,1.50
2016.02.05 20:37:32.885,1.54887,1.5491,1.00,1.50
2016.02.05 20:37:33.190,1.54896,1.54913,2.25,1.12
2016.02.05 20:37:33.242,1.54896,1.54923,3.37,1.87
2016.02.05 20:37:33.792,1.54899,1.54923,1.00,1.12
2016.02.05 20:37:35.819,1.54901,1.54924,1.00,1.69
2016.02.05 20:37:36.124,1.54908,1.54929,1.37,1.00
2016.02.05 20:37:36.435,1.54905,1.54929,2.25,1.00
2016.02.05 20:37:39.952,1.54908,1.54929,1.12,1.00
2016.02.05 20:37:40.155,1.54908,1.54932,1.87,1.00
2016.02.05 20:37:40.628,1.54907,1.54932,1.00,1.50
2016.02.05 20:37:40.730,1.54907,1.54932,1.87,1.00
2016.02.05 20:37:44.704,1.54907,1.54929,1.12,1.00
2016.02.05 20:37:44.755,1.54902,1.54929,1.50,1.50
2016.02.05 20:37:44.806,1.54902,1.54926,1.50,1.00
2016.02.05 20:37:45.040,1.549,1.54925,1.12,1.12
2016.02.05 20:37:45.801,1.54901,1.54926,1.00,2.25
2016.02.05 20:37:46.343,1.54902,1.54926,1.00,1.50
2016.02.05 20:37:46.901,1.54901,1.54926,1.00,1.50
2016.02.05 20:37:46.953,1.54902,1.54926,1.12,1.00
2016.02.05 20:37:49.682,1.54901,1.54926,1.12,1.00
2016.02.05 20:37:49.834,1.549,1.54923,1.37,1.00
2016.02.05 20:37:49.988,1.54897,1.54923,1.50,1.50
2016.02.05 20:37:50.877,1.54896,1.54921,1.87,1.00
2016.02.05 20:37:52.236,1.54897,1.54921,1.00,1.00
2016.02.05 20:37:52.853,1.54896,1.54921,1.87,1.00
2016.02.05 20:37:52.905,1.54896,1.54917,1.87,1.00
2016.02.05 20:37:55.377,1.54896,1.5492,1.87,1.00
2016.02.05 20:37:56.380,1.54895,1.5492,1.12,1.00
2016.02.05 20:37:58.563,1.54895,1.54917,1.12,1.00
2016.02.05 20:37:59.666,1.54895,1.5492,1.87,1.00
2016.02.05 20:37:59.717,1.54898,1.54923,1.00,1.50
2016.02.05 20:37:59.769,1.549,1.54923,1.00,1.50
2016.02.05 20:37:59.984,1.54901,1.54926,1.12,1.50
2016.02.05 20:38:00.086,1.54903,1.54926,1.12,1.50
2016.02.05 20:38:00.289,1.54901,1.54926,1.12,1.50
2016.02.05 20:38:03.995,1.54901,1.54926,1.00,1.87
2016.02.05 20:38:05.097,1.549,1.54926,1.12,1.12
2016.02.05 20:38:05.605,1.549,1.54925,1.12,1.00
2016.02.05 20:38:06.193,1.549,1.54924,1.12,1.00
2016.02.05 20:38:10.211,1.549,1.54924,1.00,1.50
2016.02.05 20:38:10.719,1.54899,1.54923,1.00,1.12
2016.02.05 20:38:10.821,1.54896,1.5492,1.12,1.00
2016.02.05 20:38:13.189,1.54893,1.5492,1.12,1.12
2016.02.05 20:38:13.240,1.54893,1.54917,1.12,1.00
2016.02.05 20:38:14.691,1.54893,1.54918,1.12,1.50
2016.02.05 20:38:16.105,1.54893,1.54916,1.12,1.00
2016.02.05 20:38:16.208,1.5489,1.54916,1.12,1.50
2016.02.05 20:38:16.310,1.5489,1.54913,1.12,1.00
2016.02.05 20:38:22.412,1.54892,1.54916,1.12,1.31
2016.02.05 20:38:22.514,1.54893,1.54916,1.75,1.00
2016.02.05 20:38:22.717,1.54894,1.54918,1.12,1.00
2016.02.05 20:38:23.023,1.54897,1.54918,1.87,1.00
2016.02.05 20:38:23.074,1.54897,1.54923,1.87,1.31
2016.02.05 20:38:23.199,1.549,1.54923,1.75,1.31
2016.02.05 20:38:25.132,1.549,1.54924,1.75,1.00
2016.02.05 20:38:25.740,1.54903,1.54924,1.12,1.00
2016.02.05 20:38:25.893,1.54903,1.54927,1.12,1.00
2016.02.05 20:38:26.939,1.54907,1.54927,1.12,1.00
2016.02.05 20:38:32.343,1.54907,1.5493,1.12,1.00
2016.02.05 20:38:34.164,1.54905,1.5493,1.50,1.00
2016.02.05 20:38:36.791,1.54905,1.54928,1.50,1.00
2016.02.05 20:38:36.954,1.54905,1.54931,1.37,1.31
2016.02.05 20:38:38.543,1.54907,1.54931,1.12,1.31
2016.02.05 20:38:39.754,1.54904,1.5493,1.12,1.37
2016.02.05 20:38:39.856,1.54902,1.5493,1.87,1.37
2016.02.05 20:38:40.368,1.54902,1.54928,1.87,1.00
2016.02.05 20:38:40.875,1.54902,1.54929,1.87,1.12
2016.02.05 20:38:40.977,1.54902,1.54926,1.12,1.12
2016.02.05 20:38:41.490,1.549,1.54927,1.50,2.25
2016.02.05 20:38:43.272,1.54903,1.54927,1.00,1.50
2016.02.05 20:38:43.475,1.54901,1.54926,1.12,1.12
2016.02.05 20:38:43.883,1.54903,1.54926,1.00,1.12
2016.02.05 20:38:44.713,1.54903,1.54928,1.37,1.00
2016.02.05 20:38:44.916,1.54902,1.54926,1.87,1.00
2016.02.05 20:38:45.714,1.54902,1.54929,1.87,1.87
2016.02.05 20:38:47.350,1.54904,1.54928,1.12,1.00
2016.02.05 20:38:48.494,1.54905,1.54928,1.00,1.00
2016.02.05 20:38:49.001,1.54904,1.54928,1.12,1.00
2016.02.05 20:38:49.559,1.54904,1.54929,1.12,1.87
2016.02.05 20:38:50.131,1.54905,1.54929,1.00,1.87
2016.02.05 20:38:50.842,1.54905,1.54926,1.00,1.00
2016.02.05 20:38:51.350,1.54904,1.54926,1.12,1.00
2016.02.05 20:38:52.998,1.54904,1.54926,1.50,1.00
2016.02.05 20:38:54.382,1.54906,1.54926,1.12,1.00
2016.02.05 20:38:55.313,1.54905,1.54926,1.12,1.00
2016.02.05 20:38:55.872,1.54905,1.54926,2.25,1.00
2016.02.05 20:38:56.909,1.54903,1.54926,1.12,1.00
2016.02.05 20:38:57.214,1.54903,1.54926,2.25,1.00
2016.02.05 20:38:58.075,1.54902,1.54926,1.50,1.00
2016.02.05 20:38:58.369,1.54903,1.54926,2.25,1.00
2016.02.05 20:39:00.288,1.54906,1.54926,1.12,1.00
2016.02.05 20:39:00.795,1.54906,1.54927,1.12,1.00
2016.02.05 20:39:00.846,1.54906,1.54929,1.12,1.00
2016.02.05 20:39:01.099,1.54905,1.54929,1.12,1.00
2016.02.05 20:39:01.404,1.54904,1.54927,1.87,1.00
2016.02.05 20:39:01.752,1.549,1.5492,1.37,1.37
2016.02.05 20:39:02.415,1.54899,1.5492,1.00,1.37
2016.02.05 20:39:02.941,1.54898,1.5492,1.12,1.37
2016.02.05 20:39:03.094,1.54897,1.54917,1.50,1.00
2016.02.05 20:39:03.200,1.54896,1.54917,1.12,1.00
2016.02.05 20:39:03.403,1.54893,1.54916,1.00,1.00
2016.02.05 20:39:04.152,1.54893,1.54915,1.00,1.00
2016.02.05 20:39:04.508,1.54895,1.54916,1.00,1.12
2016.02.05 20:39:04.610,1.54892,1.54916,2.25,1.00
2016.02.05 20:39:04.661,1.54892,1.54913,2.25,1.12
2016.02.05 20:39:04.814,1.54889,1.5491,1.50,1.56
2016.02.05 20:39:05.321,1.54888,1.5491,1.50,1.56
2016.02.05 20:39:05.546,1.54888,1.54906,1.50,1.00
2016.02.05 20:39:05.597,1.54886,1.54909,1.00,1.25
2016.02.05 20:39:05.801,1.54888,1.54914,1.50,2.25
2016.02.05 20:39:06.005,1.54889,1.54914,2.25,1.12
2016.02.05 20:39:06.901,1.54892,1.54916,1.00,2.25
2016.02.05 20:39:07.921,1.54889,1.54913,1.12,1.37
2016.02.05 20:39:08.023,1.54886,1.5491,1.87,1.25
2016.02.05 20:39:08.125,1.54885,1.54907,1.37,1.00
2016.02.05 20:39:08.227,1.54884,1.54907,1.50,1.00
2016.02.05 20:39:09.021,1.54885,1.54907,1.00,1.00
2016.02.05 20:39:09.123,1.54885,1.54909,1.00,1.87
2016.02.05 20:39:09.224,1.54885,1.54909,1.00,2.81
2016.02.05 20:39:09.529,1.54885,1.54909,1.00,1.12
2016.02.05 20:39:09.822,1.54887,1.5491,1.50,1.12
2016.02.05 20:39:10.330,1.54887,1.54912,1.50,1.37
2016.02.05 20:39:10.839,1.54887,1.5491,1.00,1.12
2016.02.05 20:39:11.364,1.54886,1.5491,1.50,1.12
2016.02.05 20:39:11.851,1.54886,1.54909,1.00,1.56
2016.02.05 20:39:12.004,1.54883,1.54906,1.00,1.00
2016.02.05 20:39:12.106,1.54881,1.54906,1.50,1.00
2016.02.05 20:39:12.208,1.54881,1.54903,1.50,1.00
2016.02.05 20:39:12.436,1.54879,1.54905,1.00,2.62
2016.02.05 20:39:12.538,1.54879,1.54901,1.00,1.00
2016.02.05 20:39:13.045,1.5488,1.54901,1.00,1.12
2016.02.05 20:39:13.097,1.5488,1.54904,1.00,1.12
2016.02.05 20:39:13.503,1.54881,1.54904,1.50,1.00
2016.02.05 20:39:14.107,1.54881,1.54904,1.00,1.00
2016.02.05 20:39:14.614,1.54881,1.54905,1.00,1.69
2016.02.05 20:39:14.918,1.54881,1.54906,1.87,1.56
2016.02.05 20:39:16.785,1.54882,1.54906,1.50,1.00
2016.02.05 20:39:17.089,1.54882,1.54904,1.50,1.00
2016.02.05 20:39:17.339,1.54881,1.54904,1.00,1.12
2016.02.05 20:39:17.847,1.54882,1.54903,1.00,1.00
2016.02.05 20:39:18.711,1.54882,1.54904,1.12,1.87
2016.02.05 20:39:18.940,1.54885,1.54904,1.00,1.00
2016.02.05 20:39:19.245,1.54886,1.54904,1.50,1.00
2016.02.05 20:39:19.550,1.54883,1.54904,1.50,1.00
2016.02.05 20:39:19.956,1.54886,1.54904,1.00,1.00
2016.02.05 20:39:20.123,1.54884,1.54904,1.12,1.00
2016.02.05 20:39:21.052,1.54886,1.54904,1.00,1.00
2016.02.05 20:39:21.768,1.54885,1.54904,1.00,1.00
2016.02.05 20:39:22.023,1.54882,1.54904,1.00,1.00
2016.02.05 20:39:22.229,1.5488,1.54903,1.12,1.00
2016.02.05 20:39:22.736,1.54881,1.54903,1.00,1.00
2016.02.05 20:39:24.047,1.54883,1.54906,1.00,3.00
2016.02.05 20:39:24.352,1.54889,1.54911,1.50,1.37
2016.02.05 20:39:24.658,1.54894,1.54914,1.50,1.00
2016.02.05 20:39:24.861,1.54893,1.54914,1.00,1.00
2016.02.05 20:39:24.963,1.54891,1.54914,1.00,1.00
2016.02.05 20:39:25.117,1.54892,1.54914,1.87,1.00
2016.02.05 20:39:25.422,1.54896,1.54917,1.50,1.12
2016.02.05 20:39:26.404,1.54899,1.5492,1.00,1.69
2016.02.05 20:39:26.506,1.54897,1.5492,2.62,1.00
2016.02.05 20:39:26.659,1.549,1.5492,1.12,1.00
2016.02.05 20:39:32.716,1.549,1.54922,1.12,1.00
2016.02.05 20:39:32.818,1.54902,1.54922,1.87,1.00
2016.02.05 20:39:33.327,1.54904,1.54922,1.50,1.00
2016.02.05 20:39:38.954,1.54904,1.54922,1.00,1.00
2016.02.05 20:39:39.477,1.54904,1.54922,1.50,1.00
2016.02.05 20:39:42.354,1.54904,1.54923,1.50,1.00
2016.02.05 20:39:43.478,1.54904,1.54925,1.50,1.69
2016.02.05 20:39:44.096,1.54903,1.54922,1.12,1.00
2016.02.05 20:39:51.921,1.54906,1.54922,1.50,1.00
2016.02.05 20:39:52.024,1.54906,1.54925,1.50,1.00
2016.02.05 20:39:52.075,1.54906,1.54925,2.62,1.00
2016.02.05 20:39:52.484,1.54908,1.54927,1.12,1.00
2016.02.05 20:39:54.532,1.54909,1.54927,1.00,1.00
2016.02.05 20:39:54.583,1.54909,1.5493,1.00,1.00
2016.02.05 20:39:55.105,1.54908,1.5493,1.12,1.00
2016.02.05 20:39:55.360,1.54912,1.5493,1.00,1.00
2016.02.05 20:39:55.411,1.54912,1.54932,1.00,1.00
2016.02.05 20:39:55.513,1.54912,1.54935,1.00,1.00
2016.02.05 20:39:55.992,1.54913,1.54935,1.12,1.00
2016.02.05 20:39:57.550,1.54914,1.54937,1.50,1.00
2016.02.05 20:39:58.826,1.54918,1.54937,1.00,1.00
2016.02.05 20:39:58.878,1.54918,1.5494,1.00,1.12
2016.02.05 20:39:59.030,1.54929,1.5494,1.00,1.12
2016.02.05 20:39:59.081,1.54929,1.54942,1.00,1.00
2016.02.05 20:39:59.183,1.54929,1.54948,1.00,1.00
2016.02.05 20:39:59.285,1.5493,1.54948,3.00,1.00
2016.02.05 20:39:59.336,1.54934,1.54952,1.00,1.50
2016.02.05 20:39:59.438,1.54935,1.54954,1.37,1.00
2016.02.05 20:39:59.743,1.54938,1.54956,1.00,1.00
2016.02.05 20:39:59.794,1.54936,1.54956,1.00,1.00
2016.02.05 20:40:00.316,1.54935,1.54956,1.00,1.00
2016.02.05 20:40:00.689,1.54937,1.54956,1.00,1.00
2016.02.05 20:40:01.095,1.54944,1.54956,1.00,1.00
2016.02.05 20:40:01.197,1.54941,1.54959,1.00,1.00
2016.02.05 20:40:01.248,1.54945,1.54961,1.00,1.12
2016.02.05 20:40:01.681,1.54944,1.54964,1.00,1.00
2016.02.05 20:40:01.732,1.54942,1.54964,1.00,1.00
2016.02.05 20:40:01.784,1.54942,1.54961,1.00,1.00
2016.02.05 20:40:02.241,1.5494,1.54961,1.00,1.00
2016.02.05 20:40:02.394,1.5494,1.54961,1.00,1.87
2016.02.05 20:40:03.023,1.54941,1.54961,1.00,1.87
2016.02.05 20:40:03.125,1.54942,1.54961,1.00,1.00
2016.02.05 20:40:03.176,1.54944,1.54961,1.00,1.00
2016.02.05 20:40:03.939,1.5494,1.54961,1.00,1.00
2016.02.05 20:40:04.446,1.5494,1.54962,1.00,1.12
2016.02.05 20:40:06.907,1.54938,1.54961,1.00,1.50
2016.02.05 20:40:07.111,1.54937,1.54958,1.00,1.37
2016.02.05 20:40:08.700,1.54936,1.54958,1.00,1.87
2016.02.05 20:40:08.903,1.54929,1.54955,1.00,1.37
2016.02.05 20:40:09.251,1.54931,1.54955,1.00,1.37
2016.02.05 20:40:09.403,1.54933,1.54958,1.00,1.87
2016.02.05 20:40:09.455,1.54937,1.54958,1.00,1.87
2016.02.05 20:40:09.607,1.54937,1.54958,1.00,1.00
2016.02.05 20:40:10.115,1.54938,1.54958,1.00,1.00
2016.02.05 20:40:10.761,1.54937,1.54956,1.00,1.00
2016.02.05 20:40:10.813,1.54933,1.54956,1.00,1.12
2016.02.05 20:40:10.915,1.54933,1.54954,1.00,1.12
2016.02.05 20:40:11.169,1.54931,1.54954,1.00,1.12
2016.02.05 20:40:12.399,1.54932,1.54954,1.00,1.12
2016.02.05 20:40:13.817,1.5493,1.54954,1.00,1.12
2016.02.05 20:40:14.324,1.54931,1.54954,1.00,1.12
2016.02.05 20:40:15.404,1.54936,1.54954,1.00,1.12
2016.02.05 20:40:15.710,1.54944,1.54962,1.37,1.00
2016.02.05 20:40:15.964,1.54943,1.54962,1.12,1.00
2016.02.05 20:40:16.417,1.54945,1.54962,1.69,1.00
2016.02.05 20:40:18.076,1.54941,1.54963,1.87,1.00
2016.02.05 20:40:18.127,1.54936,1.54962,1.69,1.12
2016.02.05 20:40:18.229,1.54936,1.54963,1.69,2.25
2016.02.05 20:40:18.331,1.54936,1.54961,1.00,1.00
2016.02.05 20:40:18.434,1.54938,1.54961,1.00,1.00
2016.02.05 20:40:18.941,1.54938,1.54963,1.00,1.50
2016.02.05 20:40:19.482,1.54935,1.54963,1.87,1.50
2016.02.05 20:40:20.692,1.54935,1.54961,1.87,1.37
2016.02.05 20:40:21.471,1.54935,1.54961,1.12,1.87
2016.02.05 20:40:21.999,1.54935,1.5496,1.12,1.37
2016.02.05 20:40:22.417,1.54939,1.54961,1.00,1.87
2016.02.05 20:40:22.468,1.54939,1.54962,1.00,1.12
2016.02.05 20:40:22.621,1.5494,1.54967,1.75,1.87
2016.02.05 20:40:22.673,1.54943,1.54967,1.37,1.12
2016.02.05 20:40:25.284,1.54943,1.5497,2.62,2.25
2016.02.05 20:40:25.436,1.54945,1.5497,1.37,1.00
2016.02.05 20:40:25.538,1.54943,1.54971,2.62,1.87
2016.02.05 20:40:25.741,1.54946,1.5497,1.12,1.12
2016.02.05 20:40:26.392,1.54953,1.54971,1.00,1.37
2016.02.05 20:40:26.444,1.54949,1.54971,1.00,1.37
2016.02.05 20:40:26.495,1.54949,1.54973,1.00,1.87
2016.02.05 20:40:26.546,1.54949,1.54973,1.87,1.50
2016.02.05 20:40:30.188,1.54948,1.54973,1.37,1.12
2016.02.05 20:40:30.239,1.54947,1.54973,1.50,1.12
2016.02.05 20:40:30.291,1.54947,1.54972,1.50,1.37
2016.02.05 20:40:30.996,1.54946,1.54973,1.12,3.00
2016.02.05 20:40:31.504,1.54946,1.54972,1.12,1.37
2016.02.05 20:40:32.027,1.54946,1.54973,1.12,3.00
2016.02.05 20:40:32.361,1.54949,1.54972,1.12,1.37
2016.02.05 20:40:32.919,1.54949,1.54973,1.12,1.00
2016.02.05 20:40:33.508,1.54949,1.54973,1.12,1.37
2016.02.05 20:40:34.250,1.54949,1.54971,1.12,1.00
2016.02.05 20:40:34.301,1.54947,1.54969,1.12,1.37
2016.02.05 20:40:34.353,1.54945,1.54969,1.75,1.37
2016.02.05 20:40:34.404,1.54944,1.54967,1.37,1.37
2016.02.05 20:40:34.455,1.54943,1.54967,1.37,1.37
2016.02.05 20:40:34.557,1.54941,1.54967,1.50,1.87
2016.02.05 20:40:34.760,1.54941,1.54966,1.87,1.37
2016.02.05 20:40:35.091,1.54943,1.54967,1.12,1.12
2016.02.05 20:40:36.732,1.54947,1.54967,1.00,1.37
2016.02.05 20:40:36.935,1.54941,1.54967,1.50,1.87
2016.02.05 20:40:37.341,1.5494,1.54963,1.87,1.00
2016.02.05 20:40:37.850,1.5494,1.54962,1.12,1.00
2016.02.05 20:40:38.124,1.54938,1.54962,2.81,1.00
2016.02.05 20:40:38.635,1.54938,1.54962,1.00,1.12
2016.02.05 20:40:39.143,1.54938,1.54962,1.50,1.00
2016.02.05 20:40:39.516,1.54938,1.54962,1.87,1.00
2016.02.05 20:40:39.770,1.54938,1.54961,1.37,1.00
2016.02.05 20:40:40.278,1.54937,1.54962,1.37,1.12
2016.02.05 20:40:40.785,1.54935,1.54964,1.12,1.87
2016.02.05 20:40:45.074,1.54935,1.54962,1.31,1.50
2016.02.05 20:40:45.176,1.54935,1.54962,1.12,1.12
2016.02.05 20:40:45.379,1.54935,1.5496,1.12,1.00
2016.02.05 20:40:47.102,1.54933,1.5496,1.12,1.50
2016.02.05 20:40:47.153,1.54932,1.5496,1.69,1.12
2016.02.05 20:40:47.356,1.54931,1.54956,2.44,1.00
2016.02.05 20:40:48.253,1.54931,1.54958,2.06,1.12
2016.02.05 20:40:48.760,1.54933,1.54959,1.50,1.37
2016.02.05 20:40:48.811,1.54934,1.5496,1.12,2.25
2016.02.05 20:40:49.324,1.54934,1.54959,1.87,1.00
2016.02.05 20:40:49.832,1.54935,1.5496,1.50,1.00
2016.02.05 20:40:53.367,1.54938,1.5496,1.00,1.00
2016.02.05 20:40:53.672,1.5494,1.54959,1.12,1.00
2016.02.05 20:40:54.403,1.5494,1.54962,1.12,1.00
2016.02.05 20:40:54.506,1.54941,1.54965,1.50,1.87
2016.02.05 20:40:54.710,1.54944,1.54965,1.00,1.00
2016.02.05 20:40:55.279,1.54944,1.54965,2.25,1.00
2016.02.05 20:40:56.142,1.54941,1.54965,1.50,1.00
2016.02.05 20:40:56.498,1.54945,1.54969,1.00,1.87
2016.02.05 20:40:56.825,1.54947,1.5497,1.12,1.00
2016.02.05 20:40:59.100,1.54945,1.54969,1.75,1.37
2016.02.05 20:40:59.151,1.54944,1.54969,1.12,1.87
2016.02.05 20:40:59.202,1.54943,1.54965,1.12,1.00
2016.02.05 20:40:59.253,1.54942,1.54965,1.12,1.00
2016.02.05 20:40:59.355,1.54938,1.54965,2.25,1.00
2016.02.05 20:40:59.406,1.54938,1.54965,1.37,1.75
2016.02.05 20:40:59.937,1.54938,1.54966,1.87,1.75
2016.02.05 20:41:00.140,1.54937,1.54962,1.00,1.00
2016.02.05 20:41:00.192,1.54943,1.54962,1.00,1.00
2016.02.05 20:41:00.446,1.54943,1.54968,1.12,1.50
2016.02.05 20:41:02.303,1.54941,1.54963,1.37,1.37
2016.02.05 20:41:02.456,1.54935,1.5496,1.00,1.87
2016.02.05 20:41:02.676,1.54934,1.5496,1.37,1.00
2016.02.05 20:41:02.829,1.54931,1.54959,1.12,1.50
2016.02.05 20:41:03.134,1.54927,1.54956,1.12,2.62
2016.02.05 20:41:03.438,1.54927,1.54951,1.12,1.00
2016.02.05 20:41:03.966,1.54928,1.54952,1.50,1.00
2016.02.05 20:41:04.219,1.54927,1.54954,1.12,1.50
2016.02.05 20:41:05.083,1.54929,1.54954,1.37,1.12
2016.02.05 20:41:05.406,1.54935,1.54958,1.00,1.50
2016.02.05 20:41:05.711,1.54936,1.54958,1.12,1.00
2016.02.05 20:41:06.220,1.54936,1.54959,1.12,1.00
2016.02.05 20:41:06.810,1.54936,1.54958,1.12,1.00
2016.02.05 20:41:08.326,1.54936,1.54958,1.12,1.56
2016.02.05 20:41:08.530,1.54923,1.54947,1.00,1.00
2016.02.05 20:41:09.038,1.5492,1.54947,1.12,1.00
2016.02.05 20:41:09.697,1.5492,1.54946,1.12,1.00
2016.02.05 20:41:10.206,1.5492,1.54947,1.87,1.50
2016.02.05 20:41:11.243,1.5492,1.54946,1.12,1.00
2016.02.05 20:41:11.794,1.5492,1.54945,1.12,1.00
2016.02.05 20:41:12.345,1.5492,1.54946,1.12,1.00
2016.02.05 20:41:14.757,1.5492,1.54945,1.12,1.00
2016.02.05 20:41:16.635,1.5492,1.54947,1.12,1.50
2016.02.05 20:41:19.928,1.5492,1.54945,1.12,1.00
2016.02.05 20:41:29.954,1.5492,1.54947,1.87,1.50
2016.02.05 20:41:30.504,1.54921,1.54946,1.00,1.12
2016.02.05 20:41:31.062,1.54921,1.54944,1.00,1.00
2016.02.05 20:41:33.239,1.54921,1.54941,1.00,1.00
2016.02.05 20:41:33.340,1.54917,1.54941,2.25,1.00
2016.02.05 20:41:33.559,1.54916,1.54934,1.12,1.00
2016.02.05 20:41:33.763,1.5491,1.54932,1.12,1.37
2016.02.05 20:41:33.865,1.54905,1.54929,1.31,1.00
2016.02.05 20:41:33.917,1.54902,1.54929,3.56,1.12
2016.02.05 20:41:34.019,1.54902,1.54928,1.69,1.37
2016.02.05 20:41:34.323,1.549,1.54925,1.87,1.00
2016.02.05 20:41:34.476,1.549,1.54925,1.00,1.00
2016.02.05 20:41:35.010,1.549,1.54927,1.50,1.37
2016.02.05 20:41:35.061,1.549,1.54929,1.87,1.12
2016.02.05 20:41:35.112,1.549,1.54928,1.12,1.12
2016.02.05 20:41:35.417,1.54901,1.5493,1.12,4.12
2016.02.05 20:41:36.884,1.549,1.54929,1.87,2.62
2016.02.05 20:41:36.935,1.549,1.54927,1.12,1.12
2016.02.05 20:41:37.392,1.54902,1.54927,1.00,1.12
2016.02.05 20:41:37.633,1.54903,1.5493,1.12,1.87
2016.02.05 20:41:37.735,1.54904,1.5493,1.19,1.87
2016.02.05 20:41:38.041,1.54904,1.54932,1.31,1.50
2016.02.05 20:41:38.398,1.54907,1.54935,2.25,1.87
2016.02.05 20:41:38.449,1.54907,1.54935,2.62,1.12
2016.02.05 20:41:39.553,1.5491,1.54935,1.00,1.87
2016.02.05 20:41:39.605,1.5491,1.54935,2.25,1.00
2016.02.05 20:41:39.758,1.54917,1.54942,1.37,1.00
2016.02.05 20:41:42.766,1.54917,1.5494,1.37,1.37
2016.02.05 20:41:43.118,1.54919,1.5494,1.12,1.37
2016.02.05 20:41:43.684,1.54919,1.54937,1.12,1.00
2016.02.05 20:41:43.938,1.54914,1.54937,1.12,1.00
2016.02.05 20:41:44.970,1.54914,1.54935,1.12,1.37
2016.02.05 20:41:45.174,1.5491,1.54935,1.12,1.37
2016.02.05 20:41:47.090,1.5491,1.54932,1.12,1.87
2016.02.05 20:41:47.141,1.54907,1.54931,1.12,1.37
2016.02.05 20:41:47.243,1.54906,1.54929,1.00,1.37
2016.02.05 20:41:47.295,1.54902,1.54928,1.50,1.00
2016.02.05 20:41:47.346,1.54899,1.54928,2.62,1.75
2016.02.05 20:41:47.573,1.54901,1.54928,1.37,1.00
2016.02.05 20:41:49.054,1.54904,1.54928,1.00,1.00
2016.02.05 20:41:49.573,1.54904,1.54929,1.50,1.12
2016.02.05 20:41:51.727,1.54904,1.5493,1.75,1.00
2016.02.05 20:41:51.779,1.54906,1.54932,1.12,1.87
2016.02.05 20:42:00.397,1.54911,1.54933,1.00,1.12
2016.02.05 20:42:00.702,1.54915,1.54938,1.12,1.87
2016.02.05 20:42:01.309,1.54915,1.54938,1.12,1.87
2016.02.05 20:42:01.563,1.54913,1.54938,1.87,1.87
2016.02.05 20:42:02.071,1.54913,1.54936,1.37,1.00
2016.02.05 20:42:05.238,1.54913,1.54935,1.37,1.00
2016.02.05 20:42:05.290,1.5491,1.54935,1.12,1.00
2016.02.05 20:42:05.392,1.54907,1.54934,1.12,2.25
2016.02.05 20:42:05.443,1.54907,1.54934,1.12,3.37
2016.02.05 20:42:05.729,1.54902,1.5493,1.87,1.12
2016.02.05 20:42:05.780,1.54902,1.5493,1.87,1.54
2016.02.05 20:42:06.085,1.54902,1.54927,1.12,1.37
2016.02.05 20:42:06.390,1.54901,1.54925,1.50,1.00
2016.02.05 20:42:06.897,1.549,1.54924,1.12,1.00
2016.02.05 20:42:07.118,1.54899,1.54924,1.00,1.12
2016.02.05 20:42:07.169,1.54899,1.54924,1.50,1.00
2016.02.05 20:42:07.778,1.54904,1.54924,1.00,1.00
2016.02.05 20:42:08.892,1.54901,1.54924,1.12,1.00
2016.02.05 20:42:09.654,1.54901,1.54923,1.12,1.50
2016.02.05 20:42:09.826,1.54897,1.54922,1.12,1.00
2016.02.05 20:42:09.877,1.54894,1.54921,1.00,1.50
2016.02.05 20:42:10.385,1.54894,1.5492,1.00,1.50
2016.02.05 20:42:10.893,1.54894,1.54919,1.00,1.50
2016.02.05 20:42:11.999,1.54894,1.54918,1.00,1.00
2016.02.05 20:42:17.716,1.5489,1.54918,2.62,1.12
2016.02.05 20:42:17.768,1.5489,1.54916,2.62,1.00
2016.02.05 20:42:19.539,1.5489,1.54915,2.62,1.00
2016.02.05 20:42:21.752,1.5489,1.54914,2.62,1.00
2016.02.05 20:42:22.513,1.54892,1.54914,1.37,1.00
2016.02.05 20:42:22.716,1.5489,1.54914,2.62,1.00
2016.02.05 20:42:23.292,1.54888,1.54915,1.87,1.12
2016.02.05 20:42:27.587,1.54889,1.54913,1.87,1.00
2016.02.05 20:42:28.365,1.54889,1.54914,1.87,1.00
2016.02.05 20:42:28.886,1.5489,1.54914,1.12,1.00
2016.02.05 20:42:31.993,1.5489,1.54913,1.12,1.00
2016.02.05 20:42:32.095,1.54888,1.54913,1.12,1.00
2016.02.05 20:42:32.248,1.54886,1.54911,1.12,1.12
2016.02.05 20:42:32.400,1.54885,1.54908,1.37,1.00
2016.02.05 20:42:32.930,1.54885,1.54909,1.37,1.00
2016.02.05 20:42:33.437,1.54885,1.5491,1.37,1.00
2016.02.05 20:42:33.945,1.54885,1.54911,1.37,1.87
2016.02.05 20:42:34.480,1.54885,1.5491,1.37,1.00
2016.02.05 20:42:36.162,1.54886,1.54913,1.12,1.50
2016.02.05 20:42:36.214,1.54888,1.54913,1.37,1.00
2016.02.05 20:42:36.417,1.54886,1.54914,1.69,2.62
2016.02.05 20:42:41.096,1.54885,1.54909,1.12,1.00
2016.02.05 20:42:41.987,1.54885,1.54908,1.12,1.00
2016.02.05 20:42:42.781,1.54885,1.54907,1.12,1.50
2016.02.05 20:42:42.832,1.54883,1.54907,1.00,1.50
2016.02.05 20:42:42.985,1.54883,1.54905,1.00,1.00
2016.02.05 20:42:43.036,1.5488,1.54905,1.37,1.00
2016.02.05 20:42:43.087,1.5488,1.54903,1.37,1.00
2016.02.05 20:42:44.150,1.54878,1.54903,1.56,1.00
2016.02.05 20:42:45.860,1.54877,1.54905,3.00,2.25
2016.02.05 20:42:46.368,1.54877,1.54903,1.87,1.00
2016.02.05 20:42:46.644,1.54877,1.54902,1.12,1.50
2016.02.05 20:42:48.276,1.54877,1.54902,1.12,1.00
2016.02.05 20:42:48.530,1.54877,1.54904,1.12,2.25
2016.02.05 20:42:53.755,1.54878,1.54903,1.12,1.00
2016.02.05 20:42:54.282,1.5488,1.54904,1.12,3.00
2016.02.05 20:42:54.739,1.54882,1.54907,1.12,1.00
2016.02.05 20:42:54.790,1.54884,1.54908,1.37,1.37
2016.02.05 20:42:54.842,1.54884,1.54909,1.37,1.00
2016.02.05 20:42:55.325,1.54884,1.54909,1.12,1.00
2016.02.05 20:42:55.377,1.54884,1.5491,1.37,1.00
2016.02.05 20:42:55.885,1.54884,1.54909,1.37,1.00
2016.02.05 20:42:56.770,1.54884,1.54909,1.75,1.00
2016.02.05 20:42:56.822,1.54886,1.54909,1.37,1.00
2016.02.05 20:42:58.231,1.54886,1.54913,1.37,1.12
2016.02.05 20:42:58.282,1.54889,1.54914,1.12,1.12
2016.02.05 20:42:58.333,1.54889,1.54916,1.12,1.87
2016.02.05 20:42:58.384,1.54892,1.54916,1.12,1.00
2016.02.05 20:43:01.880,1.54892,1.54915,1.12,1.00
2016.02.05 20:43:02.402,1.54892,1.54916,1.12,1.00
2016.02.05 20:43:02.587,1.54889,1.54916,1.12,1.12
2016.02.05 20:43:04.357,1.54893,1.54916,1.00,1.50
2016.02.05 20:43:04.560,1.54895,1.54921,1.00,1.12
2016.02.05 20:43:04.611,1.54896,1.54922,1.12,2.25
2016.02.05 20:43:05.270,1.54896,1.54923,1.12,1.87
2016.02.05 20:43:06.825,1.549,1.54923,1.00,1.00
2016.02.05 20:43:07.030,1.54896,1.54922,1.12,1.50
2016.02.05 20:43:07.081,1.54896,1.5492,1.12,1.87
2016.02.05 20:43:07.132,1.54892,1.5492,1.31,2.62
2016.02.05 20:43:07.489,1.54892,1.54917,1.31,1.00
2016.02.05 20:43:08.066,1.54892,1.54918,1.31,1.00
2016.02.05 20:43:08.572,1.54892,1.54917,1.12,1.00
2016.02.05 20:43:10.354,1.54892,1.54917,1.12,1.37
2016.02.05 20:43:10.456,1.54892,1.54917,1.12,1.00
2016.02.05 20:43:10.608,1.54892,1.54915,1.12,1.00
2016.02.05 20:43:12.022,1.54892,1.54914,1.12,1.50
2016.02.05 20:43:12.226,1.54887,1.54911,1.00,1.87
2016.02.05 20:43:12.277,1.54887,1.54911,1.00,3.00
2016.02.05 20:43:12.803,1.54887,1.54909,1.00,1.00
2016.02.05 20:43:13.311,1.54887,1.54912,1.00,3.75
2016.02.05 20:43:15.590,1.54887,1.5491,1.00,3.00
2016.02.05 20:43:15.743,1.54883,1.54909,1.00,1.12
2016.02.05 20:43:16.691,1.54883,1.54908,1.00,1.20
2016.02.05 20:43:18.514,1.54883,1.54907,1.00,1.00
2016.02.05 20:43:19.278,1.54883,1.54908,1.00,2.32
2016.02.05 20:43:19.430,1.54883,1.54906,1.00,1.00
2016.02.05 20:43:23.212,1.54883,1.54907,1.00,1.50
2016.02.05 20:43:23.264,1.54879,1.54907,1.50,1.87
2016.02.05 20:43:23.367,1.54881,1.54906,1.37,1.00
2016.02.05 20:43:23.469,1.54879,1.54906,1.50,1.50
2016.02.05 20:43:24.407,1.54878,1.54905,1.12,1.87
2016.02.05 20:43:24.711,1.54878,1.549,1.12,1.00
2016.02.05 20:43:24.762,1.54877,1.549,1.00,1.00
2016.02.05 20:43:25.234,1.54871,1.54897,1.87,1.37
2016.02.05 20:43:25.286,1.54871,1.54897,1.12,1.12
2016.02.05 20:43:25.337,1.5487,1.54893,1.12,1.00
2016.02.05 20:43:25.846,1.54869,1.54894,1.37,1.50
2016.02.05 20:43:28.073,1.54869,1.54896,1.37,1.87
2016.02.05 20:43:28.631,1.5487,1.54893,1.12,1.00
2016.02.05 20:43:29.199,1.54873,1.54893,1.00,1.00
2016.02.05 20:43:29.301,1.54873,1.54899,1.12,1.50
2016.02.05 20:43:29.463,1.54875,1.54899,1.12,1.00
2016.02.05 20:43:29.818,1.54875,1.54901,1.12,1.12
2016.02.05 20:43:29.920,1.54875,1.54901,1.12,1.37
2016.02.05 20:43:30.022,1.54875,1.54901,1.12,1.50
2016.02.05 20:43:30.226,1.54876,1.54901,1.50,1.12
2016.02.05 20:43:30.530,1.54876,1.54898,1.50,1.50
2016.02.05 20:43:31.602,1.54875,1.54895,1.12,1.00
2016.02.05 20:43:31.654,1.54872,1.54895,1.12,1.00
2016.02.05 20:43:32.200,1.54872,1.54894,1.12,1.00
2016.02.05 20:43:33.143,1.54872,1.54892,1.12,1.00
2016.02.05 20:43:33.486,1.54872,1.5489,1.12,1.00
2016.02.05 20:43:33.943,1.5487,1.5489,1.37,1.00
2016.02.05 20:43:34.452,1.5487,1.54891,1.37,1.12
2016.02.05 20:43:35.033,1.54873,1.54893,1.00,1.00
2016.02.05 20:43:35.337,1.54874,1.54893,2.25,1.00
2016.02.05 20:43:35.439,1.54874,1.54899,2.25,1.00
2016.02.05 20:43:35.744,1.5487,1.54897,2.62,1.00
2016.02.05 20:43:35.845,1.5487,1.54897,1.87,1.12
2016.02.05 20:43:36.049,1.5487,1.54897,1.00,2.62
2016.02.05 20:43:36.456,1.5487,1.54897,1.00,2.62
2016.02.05 20:43:36.558,1.5487,1.54894,1.00,1.00
2016.02.05 20:43:37.089,1.5487,1.54893,1.00,1.00
2016.02.05 20:43:37.698,1.54866,1.54893,1.12,1.12
2016.02.05 20:43:40.780,1.54868,1.54896,1.12,1.12
2016.02.05 20:43:41.833,1.54868,1.54894,1.87,1.00
2016.02.05 20:43:49.268,1.54866,1.54894,1.87,3.00
2016.02.05 20:43:49.319,1.54866,1.54893,1.50,1.12
2016.02.05 20:43:49.673,1.54866,1.54894,1.75,3.75
2016.02.05 20:43:49.725,1.54868,1.54894,1.12,3.00
2016.02.05 20:43:49.827,1.54866,1.54894,1.75,3.75
2016.02.05 20:43:49.879,1.54866,1.54891,1.75,1.00
2016.02.05 20:43:50.293,1.54866,1.54894,1.75,3.75
2016.02.05 20:43:51.278,1.54866,1.54893,1.50,1.50
2016.02.05 20:43:51.329,1.54866,1.54893,1.00,1.87
2016.02.05 20:43:51.575,1.54866,1.54893,1.50,1.50
2016.02.05 20:43:51.626,1.54868,1.54893,1.00,1.00
2016.02.05 20:43:52.133,1.54868,1.54894,1.00,1.00
2016.02.05 20:43:54.941,1.54869,1.54894,1.00,1.00
2016.02.05 20:43:56.900,1.54871,1.54897,1.37,1.00
2016.02.05 20:43:57.205,1.54877,1.549,1.12,1.00
2016.02.05 20:43:57.256,1.54877,1.54904,1.12,1.12
2016.02.05 20:43:57.703,1.5488,1.54905,1.12,1.00
2016.02.05 20:43:58.007,1.54884,1.54905,1.12,1.00
2016.02.05 20:43:58.210,1.54881,1.54905,1.87,1.00
2016.02.05 20:43:58.740,1.54884,1.54905,1.50,1.00
2016.02.05 20:43:58.994,1.54876,1.54905,1.75,1.50
2016.02.05 20:43:59.045,1.54876,1.54904,1.37,1.12
2016.02.05 20:44:01.670,1.54875,1.54902,2.25,1.37
2016.02.05 20:44:01.823,1.54872,1.54899,1.37,1.37
2016.02.05 20:44:02.128,1.5487,1.54898,1.50,2.62
2016.02.05 20:44:04.681,1.54869,1.54895,1.37,1.00
2016.02.05 20:44:04.999,1.5487,1.54895,1.37,1.00
2016.02.05 20:44:05.509,1.54871,1.54896,1.12,1.00
2016.02.05 20:44:06.449,1.54871,1.54898,1.12,1.12
2016.02.05 20:44:06.754,1.5487,1.54897,1.00,1.00
2016.02.05 20:44:07.261,1.54869,1.54896,1.12,1.00
2016.02.05 20:44:07.864,1.54869,1.54895,1.12,1.00
2016.02.05 20:44:10.104,1.54869,1.54894,1.00,1.00
2016.02.05 20:44:11.985,1.54867,1.54894,2.62,1.50
2016.02.05 20:44:15.817,1.54868,1.54895,1.37,1.50
2016.02.05 20:44:15.869,1.54869,1.54895,1.37,1.00
2016.02.05 20:44:16.377,1.54869,1.54894,1.37,1.00
2016.02.05 20:44:17.007,1.54866,1.54894,1.12,1.50
2016.02.05 20:44:17.583,1.54869,1.54893,1.37,1.00
2016.02.05 20:44:17.859,1.54865,1.54894,1.12,1.87
2016.02.05 20:44:18.214,1.54865,1.54891,1.12,1.00
2016.02.05 20:44:18.760,1.54867,1.54891,1.12,1.00
2016.02.05 20:44:19.268,1.54867,1.54892,1.12,1.50
2016.02.05 20:44:19.605,1.54869,1.54893,1.50,1.00
2016.02.05 20:44:20.118,1.5487,1.54894,1.37,1.12
2016.02.05 20:44:20.626,1.54871,1.54894,1.37,1.00
2016.02.05 20:44:20.931,1.54869,1.54892,1.50,1.12
2016.02.05 20:44:21.465,1.54869,1.54891,1.50,1.00
2016.02.05 20:44:21.516,1.54866,1.54891,1.87,1.00
2016.02.05 20:44:21.668,1.54863,1.5489,1.50,1.87
2016.02.05 20:44:21.720,1.54863,1.54887,1.50,1.00
2016.02.05 20:44:22.227,1.54863,1.54886,1.50,1.00
2016.02.05 20:44:22.476,1.54863,1.54888,1.00,1.00
2016.02.05 20:44:23.987,1.54863,1.54887,1.00,1.00
2016.02.05 20:44:24.501,1.54863,1.54886,1.00,1.00
2016.02.05 20:44:24.857,1.54859,1.54886,3.37,1.50
2016.02.05 20:44:25.365,1.54859,1.54886,1.50,1.50
2016.02.05 20:44:25.892,1.54858,1.54882,1.12,1.00
2016.02.05 20:44:25.994,1.54856,1.54882,1.00,1.87
2016.02.05 20:44:26.096,1.54859,1.54882,1.00,1.12
2016.02.05 20:44:26.198,1.54859,1.54884,1.87,1.00
2016.02.05 20:44:26.250,1.54859,1.54881,1.50,1.00
2016.02.05 20:44:26.301,1.54859,1.54881,1.00,1.00
2016.02.05 20:44:26.403,1.54859,1.54881,1.87,1.00
2016.02.05 20:44:27.864,1.54859,1.54882,1.87,1.00
2016.02.05 20:44:28.525,1.54859,1.54883,2.25,1.00
2016.02.05 20:44:30.101,1.5486,1.54884,1.50,1.00
2016.02.05 20:44:30.423,1.54866,1.54886,1.37,1.00
2016.02.05 20:44:30.575,1.54866,1.54891,1.87,1.50
2016.02.05 20:44:31.517,1.54866,1.5489,1.87,1.50
2016.02.05 20:44:31.620,1.54864,1.5489,1.50,2.25
2016.02.05 20:44:31.671,1.54863,1.54887,1.37,1.00
2016.02.05 20:44:31.722,1.54862,1.54887,1.50,1.50
2016.02.05 20:44:31.926,1.54863,1.54887,1.12,1.50
2016.02.05 20:44:32.484,1.54862,1.54887,1.50,1.50
2016.02.05 20:44:32.688,1.54866,1.54889,1.00,1.00
2016.02.05 20:44:33.365,1.54866,1.5489,1.00,1.12
2016.02.05 20:44:33.670,1.54866,1.5489,2.25,1.00
2016.02.05 20:44:34.927,1.54866,1.54891,2.25,1.50
2016.02.05 20:44:35.435,1.54867,1.54891,1.12,1.50
2016.02.05 20:44:36.762,1.54867,1.54891,1.50,1.50
2016.02.05 20:44:37.301,1.54867,1.5489,1.87,1.00
2016.02.05 20:44:37.631,1.54867,1.54885,1.37,1.00
2016.02.05 20:44:37.834,1.5486,1.54885,2.25,1.00
2016.02.05 20:44:38.355,1.5486,1.54884,2.25,1.00
2016.02.05 20:44:38.914,1.5486,1.54885,1.87,1.50
2016.02.05 20:44:39.847,1.54862,1.54885,1.37,1.00
2016.02.05 20:44:40.354,1.54863,1.54885,1.12,1.00
2016.02.05 20:44:41.300,1.54863,1.54888,1.12,1.50
2016.02.05 20:44:41.351,1.54865,1.54888,1.37,1.50
2016.02.05 20:44:41.862,1.54866,1.54888,1.12,1.00
2016.02.05 20:44:44.850,1.54866,1.54886,1.12,1.00
2016.02.05 20:44:45.934,1.54863,1.54886,1.12,1.00
2016.02.05 20:44:45.985,1.54863,1.54888,1.12,1.50
2016.02.05 20:44:46.603,1.54865,1.54888,1.37,1.50
2016.02.05 20:44:46.907,1.54864,1.54888,1.37,1.50
2016.02.05 20:44:47.553,1.54863,1.54887,1.37,1.00
2016.02.05 20:44:47.654,1.54866,1.54887,1.37,1.00
2016.02.05 20:44:50.582,1.54866,1.54884,1.37,1.00
2016.02.05 20:44:52.039,1.54866,1.54884,1.12,1.00
2016.02.05 20:44:52.496,1.54865,1.54884,1.00,1.00
2016.02.05 20:44:52.598,1.54861,1.54884,1.12,1.00
2016.02.05 20:44:52.750,1.54861,1.54881,1.12,1.00
2016.02.05 20:44:53.511,1.54861,1.54882,1.12,1.00
2016.02.05 20:44:53.815,1.54864,1.54882,1.37,1.00
2016.02.05 20:44:53.866,1.5486,1.54882,1.12,1.00
2016.02.05 20:44:54.706,1.5486,1.54878,1.12,1.00
2016.02.05 20:44:55.011,1.54853,1.54878,1.12,1.00
2016.02.05 20:44:55.062,1.54854,1.54877,1.12,1.00
2016.02.05 20:44:55.602,1.54856,1.54879,1.12,1.00
2016.02.05 20:44:55.958,1.54857,1.54879,1.12,1.00
2016.02.05 20:44:56.060,1.54859,1.54881,1.12,1.00
2016.02.05 20:44:56.163,1.5486,1.54883,1.87,1.12
2016.02.05 20:44:56.696,1.54862,1.54884,1.12,1.00
2016.02.05 20:44:56.799,1.54864,1.54888,1.12,1.87
2016.02.05 20:44:56.851,1.54864,1.54888,1.75,1.12
2016.02.05 20:44:56.955,1.54867,1.5489,1.37,1.00
2016.02.05 20:44:57.007,1.54866,1.5489,1.50,1.00
2016.02.05 20:44:58.288,1.54866,1.54892,1.50,1.12
2016.02.05 20:44:58.339,1.54866,1.54892,2.62,1.00
2016.02.05 20:44:58.593,1.54865,1.54892,1.50,1.50
2016.02.05 20:45:00.000,1.54866,1.5489,1.12,1.00
2016.02.05 20:45:00.203,1.54864,1.54889,1.87,1.37
2016.02.05 20:45:00.407,1.54864,1.54887,1.00,1.00
2016.02.05 20:45:00.541,1.54862,1.54884,1.00,1.00
2016.02.05 20:45:00.846,1.54862,1.54884,1.87,1.00
2016.02.05 20:45:00.898,1.54862,1.54884,1.50,1.00
2016.02.05 20:45:01.154,1.54862,1.54884,1.87,1.00
2016.02.05 20:45:01.205,1.54866,1.54886,1.12,1.00
2016.02.05 20:45:01.408,1.54865,1.54886,1.12,1.00
2016.02.05 20:45:01.935,1.54865,1.54885,1.87,1.00
2016.02.05 20:45:02.341,1.54865,1.54881,1.37,1.37
2016.02.05 20:45:02.495,1.54862,1.54881,1.00,1.37
2016.02.05 20:45:02.546,1.54862,1.54885,1.00,1.87
2016.02.05 20:45:03.376,1.54864,1.54885,1.00,1.87
2016.02.05 20:45:05.809,1.54863,1.54885,1.00,1.00
2016.02.05 20:45:06.283,1.54863,1.54888,1.75,1.50
2016.02.05 20:45:06.800,1.54865,1.54885,1.12,1.00
2016.02.05 20:45:07.105,1.54857,1.54876,1.00,1.00
2016.02.05 20:45:07.306,1.54857,1.54874,1.12,1.00
2016.02.05 20:45:07.409,1.54853,1.54874,1.12,1.37
2016.02.05 20:45:07.865,1.54853,1.54871,1.12,1.00
2016.02.05 20:45:08.271,1.54854,1.54871,1.12,1.00
2016.02.05 20:45:08.747,1.54857,1.54874,1.00,1.37
2016.02.05 20:45:09.669,1.54857,1.54876,1.00,1.00
2016.02.05 20:45:10.574,1.54857,1.54876,1.87,1.00
2016.02.05 20:45:10.726,1.54857,1.54876,1.37,1.00
2016.02.05 20:45:12.954,1.54857,1.54873,1.37,1.00
2016.02.05 20:45:13.056,1.54855,1.54873,1.00,1.00
2016.02.05 20:45:13.209,1.54856,1.54876,1.75,1.37
2016.02.05 20:45:13.260,1.5486,1.54876,1.00,1.00
2016.02.05 20:45:13.464,1.54857,1.54876,1.37,1.00
2016.02.05 20:45:14.366,1.54857,1.54873,1.37,1.00
2016.02.05 20:45:14.519,1.54854,1.54873,1.87,1.00
2016.02.05 20:45:14.828,1.54854,1.54869,1.12,1.00
2016.02.05 20:45:14.931,1.5485,1.54869,1.87,1.00
2016.02.05 20:45:15.776,1.5485,1.54871,1.12,1.50
2016.02.05 20:45:15.878,1.5485,1.54875,1.12,1.00
2016.02.05 20:45:15.980,1.54855,1.54875,1.12,1.00
2016.02.05 20:45:16.924,1.54853,1.54878,1.37,1.00
2016.02.05 20:45:17.280,1.54853,1.54878,1.87,1.00
2016.02.05 20:45:20.788,1.54856,1.54874,1.87,1.12
2016.02.05 20:45:20.890,1.5485,1.54871,1.12,1.00
2016.02.05 20:45:20.942,1.5485,1.54875,1.12,1.00
2016.02.05 20:45:21.045,1.54848,1.54875,2.62,1.12
2016.02.05 20:45:21.096,1.54852,1.54875,1.00,1.12
2016.02.05 20:45:21.401,1.54849,1.54872,1.12,1.00
2016.02.05 20:45:21.452,1.54848,1.54872,1.50,1.00
2016.02.05 20:45:21.706,1.54847,1.54875,1.12,2.25
2016.02.05 20:45:21.909,1.54849,1.54871,1.12,1.00
2016.02.05 20:45:22.225,1.54851,1.54875,1.50,1.87
2016.02.05 20:45:22.327,1.54853,1.54875,1.00,1.00
2016.02.05 20:45:22.790,1.54854,1.54875,1.37,1.00
2016.02.05 20:45:23.390,1.54854,1.54865,1.37,1.00
2016.02.05 20:45:23.492,1.54847,1.54871,1.75,1.75
2016.02.05 20:45:23.543,1.54845,1.54867,1.12,1.25
2016.02.05 20:45:23.747,1.54845,1.54867,1.75,1.25
2016.02.05 20:45:23.849,1.54848,1.54871,1.37,1.00
2016.02.05 20:45:24.976,1.54848,1.54871,1.87,1.56
2016.02.05 20:45:25.130,1.5485,1.5487,1.37,1.31
2016.02.05 20:45:26.162,1.54851,1.5487,1.37,1.75
2016.02.05 20:45:26.264,1.54851,1.54873,1.37,1.31
2016.02.05 20:45:27.571,1.5485,1.54863,1.37,1.00
2016.02.05 20:45:27.725,1.54848,1.54865,1.00,1.37
2016.02.05 20:45:27.776,1.54848,1.54865,1.37,1.37
2016.02.05 20:45:27.878,1.54844,1.54869,1.12,1.00
2016.02.05 20:45:27.930,1.54843,1.54869,1.12,1.00
2016.02.05 20:45:28.387,1.54847,1.54869,1.00,1.00
2016.02.05 20:45:29.581,1.54845,1.54865,1.12,1.69
2016.02.05 20:45:29.885,1.54844,1.54861,1.12,1.00
2016.02.05 20:45:30.070,1.5484,1.54861,1.12,1.00
2016.02.05 20:45:30.276,1.54836,1.54861,2.62,1.00
2016.02.05 20:45:30.429,1.54839,1.54861,1.50,1.00
2016.02.05 20:45:31.244,1.54841,1.54864,1.12,1.00
2016.02.05 20:45:31.456,1.54841,1.54866,2.25,1.87
2016.02.05 20:45:31.764,1.54848,1.5487,1.50,1.00
2016.02.05 20:45:31.817,1.54848,1.5487,1.00,1.37
2016.02.05 20:45:31.868,1.54844,1.5487,1.12,1.37
2016.02.05 20:45:33.913,1.54845,1.54869,1.12,1.00
2016.02.05 20:45:34.146,1.54846,1.54872,1.50,1.12
2016.02.05 20:45:34.708,1.54848,1.54876,1.12,1.50
2016.02.05 20:45:35.013,1.5485,1.54871,1.12,1.00
2016.02.05 20:45:35.115,1.54846,1.54869,1.12,1.00
2016.02.05 20:45:35.292,1.54844,1.54869,1.00,1.50
2016.02.05 20:45:35.952,1.54845,1.54869,1.00,1.50
2016.02.05 20:45:36.459,1.54844,1.54869,1.00,1.50
2016.02.05 20:45:36.874,1.54844,1.54866,1.00,1.00
2016.02.05 20:45:37.179,1.54845,1.54866,1.37,1.00
2016.02.05 20:45:37.736,1.54844,1.54866,1.00,1.00
2016.02.05 20:45:38.568,1.54846,1.54866,1.00,1.00
2016.02.05 20:45:38.720,1.54846,1.5487,1.00,1.87
2016.02.05 20:45:38.772,1.54843,1.5487,1.87,1.87
2016.02.05 20:45:39.026,1.54843,1.5487,2.25,1.37
2016.02.05 20:45:39.533,1.54846,1.5487,1.12,1.00
2016.02.05 20:45:40.837,1.54847,1.5487,1.00,1.00
2016.02.05 20:45:41.378,1.54845,1.5487,1.50,1.00
2016.02.05 20:45:41.886,1.54847,1.5487,1.00,1.00
2016.02.05 20:45:42.646,1.5485,1.5487,1.00,1.00
2016.02.05 20:45:43.156,1.5485,1.54872,1.00,1.50
2016.02.05 20:45:43.741,1.54852,1.54872,1.00,1.50
2016.02.05 20:45:44.248,1.54852,1.54872,1.00,1.00
2016.02.05 20:45:44.929,1.54852,1.54872,1.00,1.50
2016.02.05 20:45:44.980,1.54849,1.54872,1.50,1.50
2016.02.05 20:45:45.690,1.54849,1.54869,1.00,1.00
2016.02.05 20:45:45.896,1.54849,1.54866,1.00,1.00
2016.02.05 20:45:46.065,1.54842,1.54862,1.00,1.00
2016.02.05 20:45:48.177,1.54842,1.54866,1.50,1.00
2016.02.05 20:45:48.279,1.54842,1.54866,2.25,1.00
2016.02.05 20:45:48.599,1.54846,1.54863,1.00,1.00
2016.02.05 20:45:48.751,1.54843,1.54863,1.00,1.00
2016.02.05 20:45:48.802,1.54843,1.54861,1.00,1.00
2016.02.05 20:45:49.318,1.54843,1.5486,1.00,1.00
2016.02.05 20:45:49.622,1.54843,1.54857,1.00,1.00
2016.02.05 20:45:51.390,1.54843,1.54855,1.00,1.00
2016.02.05 20:45:51.491,1.5484,1.54855,1.00,1.00
2016.02.05 20:45:51.543,1.54837,1.54855,1.00,1.00
2016.02.05 20:45:51.594,1.54837,1.54852,1.00,1.00
2016.02.05 20:45:51.949,1.54835,1.54852,1.00,1.00
2016.02.05 20:45:52.206,1.54835,1.5485,1.00,1.00
2016.02.05 20:45:52.258,1.54831,1.5485,1.00,1.00
2016.02.05 20:45:52.781,1.5483,1.5485,1.00,1.00
2016.02.05 20:45:55.474,1.5483,1.54847,1.00,1.00
2016.02.05 20:45:55.780,1.54827,1.54844,1.00,1.00
2016.02.05 20:45:57.854,1.54827,1.54847,1.00,1.50
2016.02.05 20:45:58.007,1.54827,1.54848,1.00,1.00
2016.02.05 20:46:02.511,1.54827,1.54848,1.00,1.37
2016.02.05 20:46:03.278,1.54827,1.54844,1.00,1.00
2016.02.05 20:46:04.894,1.54828,1.5485,1.00,2.00
2016.02.05 20:46:04.946,1.54828,1.54852,1.00,1.66
2016.02.05 20:46:04.997,1.54833,1.54856,2.25,1.75
2016.02.05 20:46:05.049,1.54833,1.54856,2.62,1.00
2016.02.05 20:46:05.150,1.54836,1.54858,1.00,1.00
2016.02.05 20:46:05.676,1.54836,1.54859,1.00,1.00
2016.02.05 20:46:07.803,1.54838,1.54859,1.00,1.00
2016.02.05 20:46:10.204,1.54838,1.5486,1.00,1.12
2016.02.05 20:46:12.737,1.54835,1.5486,1.87,1.00
2016.02.05 20:46:13.194,1.54836,1.5486,1.12,1.00
2016.02.05 20:46:13.375,1.54839,1.54864,1.37,1.50
2016.02.05 20:46:13.427,1.54839,1.54864,1.75,1.00
2016.02.05 20:46:13.835,1.54839,1.54864,1.50,1.00
2016.02.05 20:46:13.886,1.54836,1.54864,1.87,1.75
2016.02.05 20:46:13.938,1.54834,1.54863,1.87,1.12
2016.02.05 20:46:14.039,1.54834,1.54859,1.87,1.00
2016.02.05 20:46:14.897,1.54835,1.54859,1.12,1.00
2016.02.05 20:46:15.203,1.54835,1.54856,1.50,1.00
2016.02.05 20:46:17.325,1.54834,1.54854,1.12,1.00
2016.02.05 20:46:17.427,1.54832,1.54854,1.50,1.00
2016.02.05 20:46:17.580,1.54832,1.54849,1.00,1.00
2016.02.05 20:46:17.885,1.54831,1.54846,1.37,1.00
2016.02.05 20:46:17.987,1.54824,1.54846,1.00,1.00
2016.02.05 20:46:18.495,1.54822,1.54846,1.37,1.00
2016.02.05 20:46:19.898,1.54822,1.54844,1.37,1.00
2016.02.05 20:46:20.000,1.54819,1.54844,2.25,1.00
2016.02.05 20:46:20.537,1.54819,1.54838,2.25,1.00
2016.02.05 20:46:20.843,1.5482,1.54836,1.37,1.00
2016.02.05 20:46:21.370,1.5482,1.54836,1.00,1.00
2016.02.05 20:46:22.073,1.5482,1.54834,1.00,1.00
2016.02.05 20:46:22.377,1.54812,1.54818,1.12,1.00
2016.02.05 20:46:22.530,1.54805,1.54818,1.00,1.00
2016.02.05 20:46:22.632,1.54801,1.54818,1.00,1.12
2016.02.05 20:46:23.146,1.548,1.54818,1.00,1.00
2016.02.05 20:46:23.477,1.54795,1.54818,1.37,1.00
2016.02.05 20:46:25.378,1.54796,1.5482,1.37,1.00
2016.02.05 20:46:25.429,1.54797,1.54823,3.00,1.37
2016.02.05 20:46:25.481,1.54804,1.54823,1.50,1.37
2016.02.05 20:46:25.634,1.54811,1.54836,1.75,1.50
2016.02.05 20:46:25.889,1.54813,1.54838,1.87,1.00
2016.02.05 20:46:26.024,1.54813,1.54841,2.62,1.50
2016.02.05 20:46:26.126,1.54816,1.54841,1.37,1.00
2016.02.05 20:46:26.432,1.54819,1.54842,1.12,1.00
2016.02.05 20:46:26.644,1.54818,1.54842,1.37,1.00
2016.02.05 20:46:29.135,1.54818,1.54844,1.37,1.87
2016.02.05 20:46:30.379,1.54823,1.54844,1.00,1.12
2016.02.05 20:46:32.568,1.54823,1.54844,1.00,1.37
2016.02.05 20:46:33.098,1.54823,1.54844,1.00,1.87
2016.02.05 20:46:33.444,1.54823,1.54844,1.00,1.00
2016.02.05 20:46:34.564,1.54823,1.54843,1.00,1.00
2016.02.05 20:46:39.576,1.54823,1.54844,1.00,1.00
2016.02.05 20:46:45.049,1.54823,1.54843,1.00,1.00
2016.02.05 20:46:48.333,1.54823,1.54839,1.00,1.00
2016.02.05 20:46:48.435,1.5482,1.54839,1.00,1.00
2016.02.05 20:46:48.538,1.5482,1.54843,1.00,1.87
2016.02.05 20:46:49.048,1.5482,1.54843,1.50,1.00
2016.02.05 20:46:49.656,1.54823,1.54843,1.00,1.00
2016.02.05 20:46:50.114,1.54823,1.5484,1.00,1.00
2016.02.05 20:46:50.368,1.54823,1.54843,1.00,1.50
2016.02.05 20:46:50.906,1.54823,1.54843,1.00,1.00
2016.02.05 20:46:54.057,1.5482,1.54843,1.00,1.00
2016.02.05 20:46:54.564,1.5482,1.54843,1.00,1.37
2016.02.05 20:46:55.072,1.5482,1.54843,1.12,1.00
2016.02.05 20:46:55.691,1.5482,1.54844,1.12,1.00
2016.02.05 20:46:55.895,1.54823,1.54844,1.00,1.00
2016.02.05 20:47:01.159,1.54823,1.54846,1.00,1.50
2016.02.05 20:47:11.496,1.54826,1.54847,1.00,1.12
2016.02.05 20:47:11.801,1.54858,1.54877,1.00,1.12
2016.02.05 20:47:11.954,1.54868,1.54893,1.12,1.75
2016.02.05 20:47:12.005,1.5487,1.54893,1.37,1.00
2016.02.05 20:47:12.178,1.5487,1.54896,1.37,1.12
2016.02.05 20:47:12.432,1.54874,1.54898,1.00,1.00
2016.02.05 20:47:12.737,1.54877,1.54904,1.12,1.12
2016.02.05 20:47:12.839,1.54879,1.54904,1.37,1.00
2016.02.05 20:47:13.178,1.54882,1.54906,1.37,1.00
2016.02.05 20:47:13.229,1.54882,1.54909,1.37,2.25
2016.02.05 20:47:13.483,1.54887,1.54909,1.00,1.87
2016.02.05 20:47:14.325,1.54887,1.54908,1.00,1.00
2016.02.05 20:47:15.186,1.54889,1.54908,1.00,1.00
2016.02.05 20:47:15.412,1.54889,1.5491,1.00,1.00
2016.02.05 20:47:15.463,1.54892,1.5491,1.12,1.00
2016.02.05 20:47:15.565,1.54896,1.54916,1.00,1.50
2016.02.05 20:47:16.043,1.54898,1.54915,1.00,1.00
2016.02.05 20:47:16.348,1.549,1.54916,1.00,1.00
2016.02.05 20:47:16.872,1.549,1.5492,1.00,1.00
2016.02.05 20:47:17.511,1.549,1.54921,1.00,1.50
2016.02.05 20:47:17.918,1.54896,1.54921,1.87,1.50
2016.02.05 20:47:18.222,1.54902,1.54921,1.00,1.00
2016.02.05 20:47:18.273,1.54902,1.54926,1.00,1.50
2016.02.05 20:47:18.324,1.54902,1.54927,1.12,2.62
2016.02.05 20:47:19.065,1.54902,1.54927,1.12,2.62
2016.02.05 20:47:19.420,1.549,1.54925,1.00,1.12
2016.02.05 20:47:20.457,1.549,1.54925,1.00,1.50
2016.02.05 20:47:20.508,1.54897,1.54925,1.00,1.50
2016.02.05 20:47:20.559,1.54897,1.54922,1.00,1.00
2016.02.05 20:47:20.661,1.54897,1.54925,1.00,1.50
2016.02.05 20:47:20.713,1.54899,1.54926,1.00,1.37
2016.02.05 20:47:21.221,1.54899,1.54924,1.00,1.00
2016.02.05 20:47:21.597,1.54899,1.54927,1.00,2.62
2016.02.05 20:47:22.003,1.54899,1.54925,1.50,1.00
2016.02.05 20:47:25.049,1.54902,1.54925,1.00,1.00
2016.02.05 20:47:28.873,1.549,1.54925,1.12,1.00
2016.02.05 20:47:32.075,1.54904,1.54928,1.00,2.25
2016.02.05 20:47:32.592,1.54904,1.54929,1.12,1.50
2016.02.05 20:47:34.190,1.54906,1.54929,1.00,3.00
2016.02.05 20:47:42.323,1.54906,1.54931,1.00,2.25
2016.02.05 20:47:43.182,1.54908,1.54931,1.00,1.50
2016.02.05 20:47:44.742,1.54908,1.54932,1.00,1.00
2016.02.05 20:47:45.151,1.54911,1.54931,1.00,1.00
2016.02.05 20:47:46.764,1.54913,1.54931,1.00,1.00
2016.02.05 20:47:46.866,1.54914,1.54937,1.12,1.00
2016.02.05 20:47:46.917,1.54915,1.54937,2.25,1.00
2016.02.05 20:47:47.530,1.54919,1.54937,1.00,1.00
2016.02.05 20:47:48.141,1.54919,1.54943,1.12,1.56
2016.02.05 20:47:48.193,1.54922,1.54944,1.00,1.00
2016.02.05 20:47:48.294,1.54926,1.54944,1.37,1.00
2016.02.05 20:47:48.504,1.54936,1.5496,1.00,2.62
2016.02.05 20:47:49.399,1.54935,1.54959,1.00,1.50
2016.02.05 20:47:49.451,1.54935,1.54959,1.00,2.62
2016.02.05 20:47:49.727,1.54932,1.54958,1.00,1.87
2016.02.05 20:47:50.032,1.54932,1.54956,1.00,1.37
2016.02.05 20:47:50.184,1.54932,1.54956,1.12,1.00
2016.02.05 20:47:50.387,1.54935,1.54957,1.00,1.12
2016.02.05 20:47:50.743,1.54935,1.54956,1.00,1.50
2016.02.05 20:47:50.794,1.54932,1.54955,1.00,1.12
2016.02.05 20:47:50.845,1.54932,1.54949,1.00,1.00
2016.02.05 20:47:50.896,1.54929,1.54949,1.00,1.00
2016.02.05 20:47:51.170,1.54929,1.54951,1.00,1.00
2016.02.05 20:47:51.221,1.54929,1.54951,1.50,1.00
2016.02.05 20:47:51.728,1.54932,1.54952,1.12,1.00
2016.02.05 20:47:52.276,1.54932,1.54953,1.12,1.00
2016.02.05 20:47:52.805,1.54932,1.54954,1.12,1.00
2016.02.05 20:47:53.151,1.54934,1.54956,1.37,1.00
2016.02.05 20:47:53.664,1.54934,1.54956,1.00,1.00
2016.02.05 20:47:54.375,1.54934,1.54953,1.00,1.00
2016.02.05 20:47:54.878,1.54934,1.54954,1.50,1.00
2016.02.05 20:47:56.472,1.54934,1.54957,1.50,1.12
2016.02.05 20:47:56.980,1.54934,1.5496,1.50,1.12
2016.02.05 20:47:57.386,1.54936,1.5496,1.00,1.75
2016.02.05 20:47:57.698,1.54942,1.54967,1.50,1.37
2016.02.05 20:47:58.206,1.5494,1.54964,1.12,1.37
2016.02.05 20:47:58.714,1.54938,1.54963,1.87,1.37
2016.02.05 20:47:59.105,1.54938,1.54965,1.87,2.25
2016.02.05 20:47:59.157,1.54938,1.54959,1.87,1.00
2016.02.05 20:47:59.208,1.54938,1.54962,1.87,1.00
2016.02.05 20:47:59.259,1.54937,1.54961,1.12,1.37
2016.02.05 20:47:59.310,1.54936,1.54961,1.37,1.37
2016.02.05 20:47:59.411,1.54934,1.5496,1.50,1.12
2016.02.05 20:47:59.615,1.54935,1.54961,1.37,1.00
2016.02.05 20:48:01.045,1.54934,1.54961,1.50,1.50
2016.02.05 20:48:01.552,1.54932,1.5496,1.75,1.12
2016.02.05 20:48:01.604,1.54932,1.54958,1.50,1.12
2016.02.05 20:48:01.706,1.54934,1.54958,1.00,1.12
2016.02.05 20:48:02.048,1.54934,1.54961,1.12,1.87
2016.02.05 20:48:02.570,1.54935,1.54961,1.00,1.12
2016.02.05 20:48:06.667,1.54934,1.54961,1.12,1.12
2016.02.05 20:48:10.691,1.54937,1.54961,1.00,1.12
2016.02.05 20:48:10.793,1.54937,1.54963,1.00,1.37
2016.02.05 20:48:10.844,1.54937,1.54964,2.25,1.87
2016.02.05 20:48:11.148,1.54943,1.54969,1.00,1.75
2016.02.05 20:48:11.199,1.54943,1.54969,1.00,1.12
2016.02.05 20:48:11.605,1.54946,1.54969,1.00,1.00
2016.02.05 20:48:11.822,1.54943,1.54968,1.00,1.00
2016.02.05 20:48:11.874,1.54939,1.54964,1.50,1.00
2016.02.05 20:48:12.178,1.54945,1.5497,1.00,1.75
2016.02.05 20:48:13.572,1.54943,1.5497,1.12,1.12
2016.02.05 20:48:14.028,1.54945,1.5497,1.00,1.12
2016.02.05 20:48:14.334,1.54951,1.54974,1.00,1.20
2016.02.05 20:48:14.385,1.54951,1.54976,1.00,1.12
2016.02.05 20:48:14.436,1.54951,1.54977,2.25,1.50
2016.02.05 20:48:14.487,1.54951,1.54977,2.62,1.00
2016.02.05 20:48:14.538,1.54951,1.54977,1.37,1.50
2016.02.05 20:48:14.681,1.54949,1.54977,2.25,2.62
2016.02.05 20:48:15.797,1.54951,1.54977,1.00,1.87
2016.02.05 20:48:16.274,1.54949,1.54975,1.00,1.12
2016.02.05 20:48:16.846,1.54949,1.54976,1.37,1.12
2016.02.05 20:48:17.369,1.54953,1.54977,1.00,1.87
2016.02.05 20:48:17.979,1.54957,1.54981,1.37,1.00
2016.02.05 20:48:18.030,1.54957,1.54985,1.37,1.87
2016.02.05 20:48:18.081,1.54961,1.54985,1.00,1.87
2016.02.05 20:48:19.385,1.54961,1.54984,1.00,1.12
2016.02.05 20:48:19.487,1.54958,1.54984,1.00,1.12
2016.02.05 20:48:19.589,1.54958,1.54979,1.00,1.12
2016.02.05 20:48:20.606,1.54956,1.54978,1.00,1.37
2016.02.05 20:48:23.194,1.54956,1.5498,1.00,1.50
2016.02.05 20:48:23.712,1.54956,1.54979,1.00,1.00
2016.02.05 20:48:24.490,1.54956,1.54978,1.00,1.00
2016.02.05 20:48:24.592,1.54956,1.54976,1.00,1.12
2016.02.05 20:48:24.846,1.54954,1.54976,1.00,1.50
2016.02.05 20:48:26.090,1.54953,1.54976,1.00,1.50
2016.02.05 20:48:27.966,1.54953,1.54975,1.00,1.00
2016.02.05 20:48:29.453,1.5495,1.54975,1.00,1.00
2016.02.05 20:48:29.758,1.54949,1.54972,1.00,1.00
2016.02.05 20:48:30.064,1.54937,1.54962,2.40,1.12
2016.02.05 20:48:31.410,1.54937,1.54961,1.00,1.50
2016.02.05 20:48:34.721,1.54937,1.54959,1.00,1.12
2016.02.05 20:48:35.330,1.54934,1.54959,1.69,1.12
2016.02.05 20:48:39.901,1.54935,1.54961,1.69,1.50
2016.02.05 20:48:40.003,1.54937,1.54962,1.37,1.00
2016.02.05 20:48:40.409,1.54936,1.54962,1.87,1.37
2016.02.05 20:48:47.125,1.54934,1.54959,1.75,1.12
2016.02.05 20:48:47.227,1.54935,1.54962,1.12,1.87
2016.02.05 20:48:47.655,1.54937,1.54962,1.62,1.00
2016.02.05 20:48:48.164,1.54936,1.54963,1.87,1.12
2016.02.05 20:48:51.143,1.54936,1.54962,1.12,1.00
2016.02.05 20:48:51.925,1.54939,1.54963,1.00,1.12
2016.02.05 20:48:52.695,1.54938,1.54964,1.12,1.50
2016.02.05 20:48:55.869,1.54936,1.54961,1.00,1.00
2016.02.05 20:48:56.867,1.54934,1.54961,1.81,1.87
2016.02.05 20:48:57.171,1.54932,1.5496,2.25,1.12
2016.02.05 20:48:57.683,1.54935,1.54961,1.25,1.87
2016.02.05 20:48:58.067,1.54932,1.54959,2.25,1.12
2016.02.05 20:49:04.525,1.54936,1.54959,1.00,1.12
2016.02.05 20:49:04.576,1.54936,1.54965,2.62,1.37
2016.02.05 20:49:06.934,1.54939,1.54965,1.00,1.37
2016.02.05 20:49:06.985,1.54939,1.54966,1.87,1.12
2016.02.05 20:49:08.969,1.54941,1.54966,1.00,1.12
2016.02.05 20:49:10.386,1.54943,1.54968,1.00,1.12
2016.02.05 20:49:10.488,1.54943,1.54969,2.25,1.12
2016.02.05 20:49:10.589,1.54944,1.54969,1.12,1.00
2016.02.05 20:49:10.640,1.54944,1.54973,1.12,1.50
2016.02.05 20:49:10.692,1.54943,1.54971,3.00,1.12
2016.02.05 20:49:10.793,1.54946,1.54972,1.12,1.00
2016.02.05 20:49:10.870,1.54946,1.54972,1.12,1.50
2016.02.05 20:49:11.176,1.54946,1.54973,1.50,1.12
2016.02.05 20:49:11.396,1.54949,1.54973,1.00,1.12
2016.02.05 20:49:11.898,1.54946,1.54973,1.00,1.12
2016.02.05 20:49:12.954,1.54949,1.54973,1.00,1.12
2016.02.05 20:49:13.260,1.54968,1.54985,1.00,1.12
2016.02.05 20:49:13.311,1.54964,1.54989,1.00,1.37
2016.02.05 20:49:13.394,1.54964,1.54992,1.87,1.00
2016.02.05 20:49:14.313,1.54964,1.54991,1.12,1.12
2016.02.05 20:49:14.995,1.54962,1.54988,2.02,1.75
2016.02.05 20:49:15.508,1.54963,1.5499,1.09,1.87
2016.02.05 20:49:16.016,1.54963,1.54989,1.09,1.00
2016.02.05 20:49:16.445,1.54966,1.54991,1.00,1.12
2016.02.05 20:49:16.496,1.54966,1.54993,1.12,1.87
2016.02.05 20:49:28.308,1.54966,1.54995,1.87,1.87
2016.02.05 20:49:28.359,1.54968,1.54995,1.37,1.50
2016.02.05 20:49:28.410,1.54966,1.54995,1.87,2.25
2016.02.05 20:49:28.462,1.54966,1.54994,1.50,1.12
2016.02.05 20:49:28.563,1.54973,1.54994,1.00,1.12
2016.02.05 20:49:28.767,1.54973,1.54998,1.12,2.25
2016.02.05 20:49:29.508,1.54969,1.54997,1.12,1.75
2016.02.05 20:49:29.661,1.54968,1.54995,1.87,1.50
2016.02.05 20:49:30.275,1.54972,1.54995,1.00,1.50
2016.02.05 20:49:30.877,1.5497,1.54995,1.00,1.87
2016.02.05 20:49:31.232,1.5497,1.54995,1.00,2.62
2016.02.05 20:49:32.601,1.5497,1.54992,1.00,1.12
2016.02.05 20:49:35.186,1.54972,1.54992,1.00,1.12
2016.02.05 20:49:35.237,1.54972,1.54995,1.00,1.37
2016.02.05 20:49:36.545,1.54972,1.54993,1.00,1.12
2016.02.05 20:49:36.597,1.54969,1.54993,1.00,1.12
2016.02.05 20:49:37.640,1.54969,1.54995,1.00,2.62
2016.02.05 20:49:40.114,1.54972,1.54995,1.00,1.50
2016.02.05 20:49:40.869,1.54972,1.54993,1.00,1.12
2016.02.05 20:49:41.878,1.54972,1.54991,1.00,1.12
2016.02.05 20:49:41.980,1.54972,1.54993,1.00,1.87
2016.02.05 20:49:43.915,1.54969,1.54992,1.00,3.37
2016.02.05 20:49:44.422,1.54969,1.5499,1.00,1.50
2016.02.05 20:49:44.574,1.54969,1.5499,1.00,1.87
2016.02.05 20:49:46.590,1.54978,1.5499,1.00,1.12
2016.02.05 20:49:46.755,1.5498,1.54999,1.00,1.00
2016.02.05 20:49:46.857,1.5498,1.55005,1.00,1.87
2016.02.05 20:49:46.959,1.54979,1.55006,1.69,1.12
2016.02.05 20:49:47.264,1.5498,1.55003,1.00,1.37
2016.02.05 20:49:47.467,1.5498,1.55007,1.87,1.50
2016.02.05 20:49:47.570,1.54983,1.55006,1.00,1.12
2016.02.05 20:49:47.853,1.54983,1.55011,1.87,3.37
2016.02.05 20:49:48.261,1.54985,1.55011,1.37,1.87
2016.02.05 20:49:48.566,1.54983,1.55003,1.00,1.37
2016.02.05 20:49:49.878,1.54979,1.55003,1.00,1.37
2016.02.05 20:49:50.284,1.54979,1.55001,1.00,1.12
2016.02.05 20:49:50.385,1.54979,1.55004,1.12,1.50
2016.02.05 20:49:50.869,1.54979,1.55002,1.00,1.12
2016.02.05 20:49:51.072,1.54979,1.55003,1.00,1.00
2016.02.05 20:49:52.359,1.54979,1.55003,1.00,1.50
2016.02.05 20:49:53.071,1.54979,1.55004,1.00,1.75
2016.02.05 20:49:53.580,1.54979,1.55002,1.00,1.50
2016.02.05 20:49:54.087,1.54979,1.55002,1.00,2.25
2016.02.05 20:49:54.595,1.54978,1.55,1.00,1.50
2016.02.05 20:49:55.863,1.54978,1.55,1.00,1.75
2016.02.05 20:49:56.368,1.54978,1.55001,1.00,1.75
2016.02.05 20:49:57.383,1.54978,1.55001,1.00,1.37
2016.02.05 20:49:57.535,1.54983,1.55005,1.00,1.87
2016.02.05 20:49:57.818,1.54989,1.55013,1.12,1.50
2016.02.05 20:49:59.304,1.54989,1.55012,2.00,1.00
2016.02.05 20:49:59.406,1.54989,1.55014,2.00,1.00
2016.02.05 20:49:59.913,1.54989,1.55015,2.00,1.00
2016.02.05 20:50:01.586,1.54992,1.55015,1.12,1.00
2016.02.05 20:50:02.126,1.54992,1.55014,1.12,1.00
2016.02.05 20:50:03.141,1.54992,1.55015,1.12,1.00
2016.02.05 20:50:03.671,1.54992,1.55014,1.12,1.00
2016.02.05 20:50:06.019,1.54992,1.55015,1.12,1.00
2016.02.05 20:50:06.834,1.54989,1.55014,2.62,1.00
2016.02.05 20:50:08.094,1.54987,1.55014,2.00,3.00
2016.02.05 20:50:09.095,1.54987,1.55014,2.00,2.25
2016.02.05 20:50:09.686,1.54987,1.55014,2.00,2.25
2016.02.05 20:50:10.608,1.54987,1.55014,1.12,1.50
2016.02.05 20:50:11.115,1.54987,1.55014,1.12,1.50
2016.02.05 20:50:11.442,1.54985,1.55013,1.37,1.37
2016.02.05 20:50:11.798,1.54985,1.5501,1.37,1.00
2016.02.05 20:50:13.529,1.54984,1.5501,1.12,1.50
2016.02.05 20:50:14.036,1.54985,1.5501,1.12,1.00
2016.02.05 20:50:14.377,1.5499,1.5501,1.12,1.00
2016.02.05 20:50:15.037,1.5499,1.55012,1.12,1.50
2016.02.05 20:50:16.722,1.5499,1.55016,1.12,2.62
2016.02.05 20:50:16.823,1.5499,1.55017,1.12,2.25
2016.02.05 20:50:18.536,1.5499,1.55016,1.00,1.12
2016.02.05 20:50:19.043,1.5499,1.55017,1.87,1.00
2016.02.05 20:50:19.268,1.54994,1.55018,1.00,1.50
2016.02.05 20:50:19.776,1.54994,1.55018,1.00,1.87
2016.02.05 20:50:19.827,1.54994,1.55018,1.00,1.00
2016.02.05 20:50:19.878,1.54994,1.55016,1.00,1.00
2016.02.05 20:50:20.184,1.54996,1.55017,1.00,1.00
2016.02.05 20:50:20.336,1.54996,1.55019,1.00,1.00
2016.02.05 20:50:26.032,1.54996,1.55016,1.50,1.37
2016.02.05 20:50:26.134,1.54993,1.55016,1.50,1.37
2016.02.05 20:50:26.837,1.54993,1.55017,1.50,1.37
2016.02.05 20:50:27.040,1.54995,1.5502,1.12,1.87
2016.02.05 20:50:27.547,1.54995,1.55021,1.12,4.87
2016.02.05 20:50:28.072,1.55,1.5502,1.00,1.87
2016.02.05 20:50:28.123,1.55,1.55022,1.00,1.50
2016.02.05 20:50:28.200,1.55001,1.55022,1.37,1.37
2016.02.05 20:50:28.268,1.54998,1.55023,1.12,1.12
2016.02.05 20:50:28.641,1.54995,1.55023,3.00,1.37
2016.02.05 20:50:28.844,1.55,1.55025,1.37,2.25
2016.02.05 20:50:29.351,1.55,1.55025,1.37,1.37
2016.02.05 20:50:30.146,1.55,1.55025,1.50,1.00
2016.02.05 20:50:30.247,1.55,1.55027,1.50,1.87
2016.02.05 20:50:30.349,1.55004,1.55028,1.37,1.12
2016.02.05 20:50:30.654,1.55,1.55027,1.37,1.87
2016.02.05 20:50:30.706,1.55,1.55027,1.37,2.17
2016.02.05 20:50:30.933,1.54999,1.55027,2.25,1.12
2016.02.05 20:50:31.709,1.55015,1.55027,1.00,1.12
2016.02.05 20:50:32.043,1.55025,1.55045,1.37,2.62
2016.02.05 20:50:32.146,1.55019,1.55043,1.37,1.00
2016.02.05 20:50:32.248,1.55016,1.55043,1.12,1.00
2016.02.05 20:50:32.300,1.55016,1.55041,1.12,1.00
2016.02.05 20:50:32.351,1.55016,1.55043,1.12,1.00
2016.02.05 20:50:33.052,1.55019,1.55044,1.12,1.00
2016.02.05 20:50:34.320,1.55019,1.55048,1.87,1.31
2016.02.05 20:50:34.394,1.55019,1.55041,1.87,1.00
2016.02.05 20:50:34.752,1.55016,1.55038,1.10,1.37
2016.02.05 20:50:34.904,1.55012,1.55038,1.12,1.37
2016.02.05 20:50:34.955,1.55012,1.5504,1.12,1.37
2016.02.05 20:50:35.057,1.55017,1.55041,1.37,1.62
2016.02.05 20:50:35.951,1.55017,1.55041,1.37,1.31
2016.02.05 20:50:36.458,1.55017,1.55041,1.37,1.62
2016.02.05 20:50:36.662,1.55014,1.55041,2.25,1.69
2016.02.05 20:50:37.203,1.55014,1.55039,1.87,1.00
2016.02.05 20:50:37.714,1.55014,1.55042,1.87,1.87
2016.02.05 20:50:37.766,1.55017,1.55043,1.12,1.00
2016.02.05 20:50:37.969,1.5502,1.55047,1.12,1.12
2016.02.05 20:50:38.507,1.55021,1.55047,1.87,1.00
2016.02.05 20:50:38.919,1.55024,1.55049,1.00,1.00
2016.02.05 20:50:39.021,1.55026,1.55049,1.12,1.00
2016.02.05 20:50:39.072,1.55028,1.55054,1.00,2.25
2016.02.05 20:50:39.276,1.5503,1.55057,1.37,1.50
2016.02.05 20:50:39.791,1.5503,1.55057,1.12,1.00
2016.02.05 20:50:40.655,1.55033,1.55057,1.00,1.00
2016.02.05 20:50:40.808,1.55033,1.55064,1.50,2.62
2016.02.05 20:50:41.334,1.55035,1.55063,1.00,1.50
2016.02.05 20:50:41.943,1.55033,1.5506,1.50,1.00
2016.02.05 20:50:42.095,1.5503,1.55059,1.12,1.37
2016.02.05 20:50:44.562,1.55029,1.55058,1.50,3.00
2016.02.05 20:50:44.866,1.55027,1.55055,1.00,1.87
2016.02.05 20:50:45.049,1.55026,1.55055,1.87,1.87
2016.02.05 20:50:45.557,1.55028,1.55054,1.12,1.00
2016.02.05 20:50:46.804,1.55026,1.55053,1.12,1.00
2016.02.05 20:50:48.617,1.55027,1.55055,1.37,1.87
2016.02.05 20:50:50.045,1.55029,1.55055,1.00,1.87
2016.02.05 20:50:50.552,1.5503,1.55057,1.00,1.12
2016.02.05 20:50:51.926,1.55033,1.55057,1.00,1.12
2016.02.05 20:50:52.231,1.55039,1.55065,1.12,1.87
2016.02.05 20:50:52.282,1.55043,1.55065,1.00,1.87
2016.02.05 20:50:52.535,1.55046,1.55068,1.37,1.50
2016.02.05 20:50:52.586,1.5504,1.55068,1.12,3.37
2016.02.05 20:50:52.689,1.55037,1.55065,1.00,1.50
2016.02.05 20:50:53.106,1.55035,1.55063,1.87,1.87
2016.02.05 20:50:54.076,1.55036,1.55063,1.00,1.87
2016.02.05 20:50:54.394,1.55038,1.55065,1.00,1.87
2016.02.05 20:50:54.902,1.55039,1.55065,1.00,1.87
2016.02.05 20:50:55.107,1.55041,1.55065,1.00,1.87
2016.02.05 20:50:55.210,1.55041,1.55068,1.12,1.00
2016.02.05 20:50:55.777,1.55042,1.55068,1.00,1.00
2016.02.05 20:50:57.072,1.55042,1.55069,1.00,1.31
2016.02.05 20:50:57.175,1.55044,1.55069,1.00,1.31
2016.02.05 20:50:57.826,1.55048,1.55071,1.00,1.12
2016.02.05 20:50:58.029,1.55052,1.55078,1.12,1.50
2016.02.05 20:50:58.133,1.55053,1.55078,1.12,1.00
2016.02.05 20:50:58.192,1.55055,1.5508,1.12,1.12
2016.02.05 20:50:58.243,1.55053,1.55077,2.25,1.00
2016.02.05 20:50:58.413,1.55051,1.55076,1.00,1.00
2016.02.05 20:50:58.515,1.55048,1.55075,1.87,1.12
2016.02.05 20:50:58.922,1.55046,1.55071,1.12,1.00
2016.02.05 20:50:59.024,1.55045,1.55071,1.00,1.12
2016.02.05 20:50:59.126,1.55043,1.55069,1.00,1.12
2016.02.05 20:50:59.634,1.55042,1.55069,1.25,1.12
2016.02.05 20:50:59.959,1.5504,1.55065,1.12,2.25
2016.02.05 20:51:00.061,1.55036,1.55065,1.87,4.12
2016.02.05 20:51:00.670,1.55044,1.55064,1.00,1.87
2016.02.05 20:51:00.822,1.55049,1.55074,1.75,1.37
2016.02.05 20:51:00.924,1.55052,1.55075,1.37,1.00
2016.02.05 20:51:01.158,1.55049,1.55075,1.75,1.00
2016.02.05 20:51:01.666,1.55049,1.55074,1.12,1.00
2016.02.05 20:51:02.022,1.55047,1.55074,1.75,1.12
2016.02.05 20:51:02.551,1.55044,1.55073,1.87,1.50
2016.02.05 20:51:03.716,1.55044,1.55067,1.37,1.50
2016.02.05 20:51:04.049,1.55033,1.55059,1.41,1.12
2016.02.05 20:51:05.275,1.55038,1.55059,1.00,1.12
2016.02.05 20:51:05.377,1.55038,1.55066,1.87,1.50
2016.02.05 20:51:06.339,1.55036,1.55064,1.87,1.12
2016.02.05 20:51:07.858,1.55036,1.5506,2.62,1.00
2016.02.05 20:51:08.231,1.55039,1.5506,1.00,1.00
2016.02.05 20:51:08.486,1.55037,1.5506,1.54,1.00
2016.02.05 20:51:08.538,1.55043,1.5506,1.00,1.00
2016.02.05 20:51:08.590,1.55043,1.55062,1.00,1.12
2016.02.05 20:51:08.742,1.55044,1.55062,1.12,1.00
2016.02.05 20:51:08.793,1.55044,1.55065,1.12,1.00
2016.02.05 20:51:10.536,1.55039,1.55062,1.12,1.00
2016.02.05 20:51:10.587,1.55038,1.55061,1.12,1.00
2016.02.05 20:51:10.638,1.55037,1.55058,1.12,1.00
2016.02.05 20:51:10.689,1.55036,1.55058,1.42,1.12
2016.02.05 20:51:11.389,1.55037,1.55058,1.50,1.00
2016.02.05 20:51:17.249,1.55042,1.5506,1.37,1.00
2016.02.05 20:51:17.301,1.55042,1.55062,1.62,1.00
2016.02.05 20:51:17.352,1.55046,1.55065,1.37,1.37
2016.02.05 20:51:17.535,1.55047,1.55067,1.00,1.00
2016.02.05 20:51:18.319,1.55047,1.55074,2.37,2.62
2016.02.05 20:51:18.370,1.5505,1.55074,1.50,1.00
2016.02.05 20:51:18.472,1.55055,1.55074,1.00,1.00
2016.02.05 20:51:18.779,1.5505,1.55074,2.00,1.00
2016.02.05 20:51:18.932,1.5505,1.55071,1.12,1.00
2016.02.05 20:51:19.709,1.55049,1.55071,1.37,1.12
2016.02.05 20:51:20.385,1.55049,1.55071,1.37,1.87
2016.02.05 20:51:22.315,1.55049,1.55068,1.37,1.00
2016.02.05 20:51:22.468,1.55044,1.55068,1.87,1.37
2016.02.05 20:51:22.570,1.55044,1.55066,1.87,1.37
2016.02.05 20:51:22.898,1.55044,1.55062,1.87,1.00
2016.02.05 20:51:23.560,1.55043,1.55062,1.37,1.00
2016.02.05 20:51:24.278,1.55044,1.55062,1.37,1.00
2016.02.05 20:51:24.780,1.55043,1.55062,1.37,1.00
2016.02.05 20:51:25.292,1.55044,1.55062,1.37,1.00
2016.02.05 20:51:25.964,1.55043,1.55062,1.62,1.00
2016.02.05 20:51:26.689,1.5504,1.55062,1.37,1.00
2016.02.05 20:51:27.095,1.55039,1.55066,1.12,1.12
2016.02.05 20:51:28.205,1.55041,1.55067,1.50,1.50
2016.02.05 20:51:28.510,1.55042,1.5507,1.50,1.37
2016.02.05 20:51:29.682,1.55045,1.55071,1.00,1.37
2016.02.05 20:51:29.835,1.55047,1.55071,1.00,1.37
2016.02.05 20:51:29.891,1.55047,1.55074,1.87,1.12
2016.02.05 20:51:30.215,1.55047,1.55072,1.87,1.00
2016.02.05 20:51:31.918,1.55045,1.55072,1.50,1.50
2016.02.05 20:51:33.692,1.55048,1.55073,1.00,1.12
2016.02.05 20:51:33.794,1.55049,1.55076,1.50,1.87
2016.02.05 20:51:33.896,1.55053,1.55076,1.00,1.00
2016.02.05 20:51:34.826,1.55053,1.55078,1.00,1.87
2016.02.05 20:51:36.086,1.55054,1.55079,1.00,1.00
2016.02.05 20:51:36.188,1.55054,1.55083,2.25,2.62
2016.02.05 20:51:36.239,1.55056,1.55083,1.12,2.25
2016.02.05 20:51:36.290,1.55058,1.55083,1.12,2.25
2016.02.05 20:51:36.832,1.5506,1.55083,1.12,1.12
2016.02.05 20:51:37.035,1.55057,1.55083,1.12,1.87
2016.02.05 20:51:37.289,1.55057,1.55081,1.12,1.00
2016.02.05 20:51:37.875,1.55057,1.5508,1.12,1.00
2016.02.05 20:51:39.139,1.55057,1.55081,1.12,1.00
2016.02.05 20:51:39.241,1.55054,1.55082,1.87,2.06
2016.02.05 20:51:39.497,1.55056,1.55084,1.87,1.75
2016.02.05 20:51:39.548,1.55057,1.55084,1.12,1.12
2016.02.05 20:51:39.700,1.55055,1.55084,1.31,1.87
2016.02.05 20:51:39.795,1.55055,1.55082,1.25,1.00
2016.02.05 20:51:45.137,1.55053,1.5508,1.00,1.37
2016.02.05 20:51:45.660,1.55052,1.5508,1.00,1.37
2016.02.05 20:51:46.333,1.55051,1.55077,1.00,1.00
2016.02.05 20:51:46.842,1.55051,1.55075,1.00,1.00
2016.02.05 20:51:46.946,1.55046,1.55075,1.87,1.87
2016.02.05 20:51:49.715,1.55049,1.55075,1.37,1.12
2016.02.05 20:51:49.867,1.55051,1.55077,1.87,1.00
2016.02.05 20:51:49.969,1.55052,1.55081,1.37,1.87
2016.02.05 20:51:50.223,1.55054,1.55081,1.12,1.12
2016.02.05 20:52:00.845,1.55051,1.5508,2.25,1.12
2016.02.05 20:52:01.197,1.55054,1.55081,1.12,1.12
2016.02.05 20:52:05.331,1.55051,1.55081,1.87,1.87
2016.02.05 20:52:05.382,1.55051,1.55079,1.50,1.12
2016.02.05 20:52:12.354,1.55052,1.55081,1.37,2.62
2016.02.05 20:52:12.405,1.55053,1.55081,1.12,2.25
2016.02.05 20:52:13.185,1.5505,1.55077,1.50,1.00
2016.02.05 20:52:18.278,1.55055,1.55077,1.25,1.00
2016.02.05 20:52:20.306,1.55055,1.55077,1.08,1.37
2016.02.05 20:52:22.780,1.55052,1.55077,1.56,1.12
2016.02.05 20:52:23.316,1.55053,1.55077,1.37,1.37
2016.02.05 20:52:24.777,1.55053,1.55076,1.37,1.12
2016.02.05 20:52:25.081,1.55053,1.55076,1.37,1.00
2016.02.05 20:52:27.191,1.55053,1.55074,1.37,1.00
2016.02.05 20:52:27.606,1.5505,1.55074,1.00,1.00
2016.02.05 20:52:28.115,1.55047,1.5507,3.06,1.00
2016.02.05 20:52:28.797,1.55048,1.5507,1.50,1.00
2016.02.05 20:52:28.949,1.55048,1.55073,1.50,1.12
2016.02.05 20:52:33.939,1.55048,1.55071,1.50,1.00
2016.02.05 20:52:34.289,1.55048,1.55068,1.50,1.00
2016.02.05 20:52:34.748,1.55043,1.55064,1.75,1.00
2016.02.05 20:52:35.053,1.55042,1.55059,1.37,2.25
2016.02.05 20:52:35.156,1.55036,1.55055,1.81,1.00
2016.02.05 20:52:35.207,1.55035,1.55055,1.37,1.00
2016.02.05 20:52:35.386,1.55035,1.55054,1.37,1.87
2016.02.05 20:52:35.693,1.55035,1.55056,1.37,1.37
2016.02.05 20:52:35.896,1.55035,1.55057,1.37,1.00
2016.02.05 20:52:36.311,1.55035,1.55059,1.37,1.00
2016.02.05 20:52:38.426,1.55035,1.55056,1.37,1.00
2016.02.05 20:52:39.640,1.55034,1.55056,1.37,1.12
2016.02.05 20:52:40.185,1.55035,1.55056,1.37,1.12
2016.02.05 20:52:41.141,1.55034,1.55058,1.37,2.62
2016.02.05 20:52:41.690,1.55035,1.55058,1.37,1.87
2016.02.05 20:52:42.605,1.55035,1.55058,1.37,1.12
2016.02.05 20:52:44.251,1.55035,1.5506,1.37,1.00
2016.02.05 20:52:44.774,1.55036,1.55061,1.37,1.00
2016.02.05 20:52:46.755,1.55036,1.55061,1.00,1.50
2016.02.05 20:52:48.361,1.55034,1.5506,1.50,1.12
2016.02.05 20:52:49.259,1.55035,1.5506,1.37,1.12
2016.02.05 20:52:49.610,1.55035,1.5506,1.37,1.75
2016.02.05 20:52:50.575,1.55034,1.55059,1.37,1.87
2016.02.05 20:52:50.879,1.55035,1.55055,1.37,1.00
2016.02.05 20:52:51.403,1.55035,1.55058,1.37,1.37
2016.02.05 20:52:53.957,1.55034,1.55058,1.37,1.37
2016.02.05 20:52:54.459,1.55035,1.55058,1.37,1.37
2016.02.05 20:52:56.506,1.55035,1.55056,1.37,1.00
2016.02.05 20:52:58.537,1.55035,1.55054,1.37,1.00
2016.02.05 20:52:58.887,1.55035,1.55054,1.37,1.87
2016.02.05 20:52:58.938,1.55035,1.55054,1.37,1.50
2016.02.05 20:52:59.548,1.55035,1.55056,1.37,1.12
2016.02.05 20:53:01.784,1.5503,1.55056,1.75,1.50
2016.02.05 20:53:01.836,1.5503,1.55053,1.75,1.00
2016.02.05 20:53:02.599,1.55032,1.55052,1.00,1.00
2016.02.05 20:53:03.108,1.55032,1.55051,1.00,1.00
2016.02.05 20:53:03.449,1.55029,1.55049,1.37,1.00
2016.02.05 20:53:03.956,1.5503,1.55049,1.87,1.00
2016.02.05 20:53:04.476,1.5503,1.5505,1.87,1.00
2016.02.05 20:53:06.090,1.55033,1.5505,1.12,1.00
2016.02.05 20:53:06.191,1.55034,1.55053,1.75,1.00
2016.02.05 20:53:06.445,1.55032,1.55053,1.50,1.00
2016.02.05 20:53:07.095,1.5503,1.55053,1.12,1.00
2016.02.05 20:53:07.197,1.55027,1.55051,1.12,1.00
2016.02.05 20:53:07.248,1.55026,1.55049,1.50,1.00
2016.02.05 20:53:07.654,1.55023,1.55049,1.87,1.00
2016.02.05 20:53:08.993,1.55037,1.55052,1.37,1.37
2016.02.05 20:53:09.095,1.55026,1.55052,1.50,1.50
2016.02.05 20:53:09.197,1.55028,1.55049,1.75,1.00
2016.02.05 20:53:09.803,1.55031,1.55049,1.12,1.00
2016.02.05 20:53:09.855,1.55035,1.55052,1.12,1.00
2016.02.05 20:53:09.956,1.55031,1.55052,1.87,1.00
2016.02.05 20:53:10.210,1.5503,1.5505,1.75,1.00
2016.02.05 20:53:11.409,1.5503,1.55053,1.75,1.00
2016.02.05 20:53:22.029,1.5503,1.55052,1.75,1.00
2016.02.05 20:53:22.284,1.55029,1.55052,1.37,1.00
2016.02.05 20:53:22.791,1.5503,1.55052,1.37,1.00
2016.02.05 20:53:23.725,1.5503,1.55052,1.00,1.12
2016.02.05 20:53:23.878,1.55029,1.55049,1.37,1.00
2016.02.05 20:53:24.132,1.55026,1.55049,2.25,1.12
2016.02.05 20:53:24.387,1.55026,1.55046,1.37,1.00
2016.02.05 20:53:26.334,1.55026,1.55051,1.37,1.87
2016.02.05 20:53:26.385,1.55029,1.55051,1.00,1.12
2016.02.05 20:53:26.593,1.55031,1.55055,1.12,1.00
2016.02.05 20:53:27.355,1.55031,1.55056,1.12,1.50
2016.02.05 20:53:27.406,1.55031,1.55053,1.12,1.00
2016.02.05 20:53:27.711,1.55028,1.55045,1.37,1.00
2016.02.05 20:53:27.815,1.55023,1.55045,1.12,1.00
2016.02.05 20:53:27.905,1.55022,1.55045,1.50,1.00
2016.02.05 20:53:28.719,1.5502,1.55045,2.06,1.00
2016.02.05 20:53:28.821,1.5502,1.55045,1.00,1.00
2016.02.05 20:53:29.359,1.55019,1.55045,3.00,1.00
2016.02.05 20:53:29.410,1.55019,1.55045,3.00,1.50
2016.02.05 20:53:29.614,1.55021,1.55045,1.00,1.00
2016.02.05 20:53:31.388,1.55019,1.55042,2.25,1.00
2016.02.05 20:53:32.250,1.55018,1.55042,1.75,1.00
2016.02.05 20:53:32.792,1.55019,1.55042,1.50,1.00
2016.02.05 20:53:36.573,1.55019,1.55045,2.06,1.87
2016.02.05 20:53:36.624,1.55019,1.55045,2.44,1.12
2016.02.05 20:53:36.726,1.55024,1.55045,1.37,1.00
2016.02.05 20:53:41.264,1.55023,1.55045,1.37,1.00
2016.02.05 20:53:41.619,1.55024,1.55048,1.37,1.12
2016.02.05 20:53:41.771,1.55026,1.5505,1.12,1.00
2016.02.05 20:53:42.160,1.55029,1.55053,1.37,1.00
2016.02.05 20:53:42.312,1.55035,1.55061,1.00,2.62
2016.02.05 20:53:42.465,1.55035,1.55061,2.25,1.37
2016.02.05 20:53:42.772,1.55039,1.55061,1.87,1.00
2016.02.05 20:53:42.873,1.55041,1.55064,1.12,1.00
2016.02.05 20:53:43.260,1.55042,1.55067,1.12,2.62
2016.02.05 20:53:44.966,1.55044,1.55067,1.37,1.87
2016.02.05 20:53:45.476,1.55044,1.55067,1.37,2.62
2016.02.05 20:53:45.808,1.55044,1.55063,1.37,1.00
2016.02.05 20:53:46.154,1.55041,1.55063,1.75,1.00
2016.02.05 20:53:48.482,1.55042,1.55063,1.12,1.00
2016.02.05 20:53:50.039,1.55044,1.55066,1.12,1.00
2016.02.05 20:53:50.090,1.55045,1.55066,1.87,1.00
2016.02.05 20:53:52.600,1.55046,1.55064,1.37,1.00
2016.02.05 20:53:52.651,1.55045,1.55064,2.25,1.00
2016.02.05 20:53:53.159,1.55045,1.55064,1.00,1.00
2016.02.05 20:53:53.699,1.55045,1.55064,1.50,1.00
2016.02.05 20:53:54.768,1.55046,1.55064,1.87,1.00
2016.02.05 20:53:55.302,1.55048,1.55064,1.00,1.00
2016.02.05 20:53:55.808,1.55047,1.55064,1.00,1.00
2016.02.05 20:53:56.330,1.55046,1.55064,1.12,1.00
2016.02.05 20:53:59.080,1.55045,1.55063,1.50,1.00
2016.02.05 20:53:59.132,1.55045,1.5506,1.50,1.00
2016.02.05 20:53:59.260,1.55042,1.5506,1.00,1.00
2016.02.05 20:53:59.311,1.55042,1.5506,1.50,1.00
2016.02.05 20:53:59.616,1.55045,1.5506,1.12,1.00
2016.02.05 20:53:59.870,1.55046,1.55063,1.50,1.00
2016.02.05 20:53:59.921,1.55047,1.55063,1.12,1.00
2016.02.05 20:53:59.973,1.55049,1.55066,1.12,1.00
2016.02.05 20:54:00.499,1.5505,1.55066,1.37,1.00
2016.02.05 20:54:00.956,1.5505,1.55063,1.37,1.00
2016.02.05 20:54:05.492,1.55049,1.55063,1.37,1.00
2016.02.05 20:54:06.009,1.5505,1.55063,1.37,1.00
2016.02.05 20:54:07.302,1.55049,1.55063,1.37,1.00
2016.02.05 20:54:08.114,1.5505,1.55063,1.37,1.00
2016.02.05 20:54:08.437,1.5505,1.55066,1.75,1.00
2016.02.05 20:54:09.301,1.55051,1.55066,1.12,1.00
2016.02.05 20:54:09.839,1.55051,1.55066,1.37,1.00
2016.02.05 20:54:13.666,1.5505,1.55072,4.12,1.00
2016.02.05 20:54:13.717,1.55062,1.55072,1.00,1.00
2016.02.05 20:54:13.819,1.5506,1.55078,1.37,1.50
2016.02.05 20:54:13.921,1.55061,1.55078,1.00,1.00
2016.02.05 20:54:14.022,1.55061,1.55078,1.12,1.00
2016.02.05 20:54:14.225,1.55059,1.55076,1.12,1.00
2016.02.05 20:54:14.942,1.55057,1.55076,2.25,1.00
2016.02.05 20:54:15.462,1.55058,1.55076,1.75,1.00
2016.02.05 20:54:15.969,1.55057,1.55076,2.25,1.00
2016.02.05 20:54:16.327,1.5506,1.55076,1.12,1.00
2016.02.05 20:54:16.479,1.55061,1.55079,1.37,1.00
2016.02.05 20:54:16.531,1.55064,1.55079,1.87,1.00
2016.02.05 20:54:16.734,1.55065,1.55081,1.12,1.00
2016.02.05 20:54:17.313,1.55063,1.55081,1.37,1.00
2016.02.05 20:54:17.823,1.55064,1.55081,1.37,1.00
2016.02.05 20:54:18.584,1.55064,1.55079,1.37,1.00
2016.02.05 20:54:18.635,1.55062,1.55079,1.25,1.00
2016.02.05 20:54:18.839,1.55064,1.55079,1.00,1.00
2016.02.05 20:54:22.143,1.55064,1.55081,1.12,1.00
2016.02.05 20:54:23.427,1.55067,1.55081,1.31,1.00
2016.02.05 20:54:24.149,1.55069,1.55084,1.31,1.00
2016.02.05 20:54:24.352,1.55071,1.55084,1.00,1.00
2016.02.05 20:54:24.826,1.55069,1.55084,1.31,1.00
2016.02.05 20:54:28.618,1.55071,1.55084,1.00,1.00
2016.02.05 20:54:29.381,1.55069,1.55084,1.37,1.00
2016.02.05 20:54:29.433,1.55067,1.55084,1.00,1.00
2016.02.05 20:54:29.535,1.55063,1.55084,1.12,1.00
2016.02.05 20:54:34.793,1.55064,1.55084,2.25,1.00
2016.02.05 20:54:38.865,1.55063,1.55084,1.87,1.00
2016.02.05 20:54:39.681,1.55067,1.55086,1.50,1.00
2016.02.05 20:54:39.987,1.55081,1.55093,1.12,1.00
2016.02.05 20:54:40.038,1.55081,1.55096,1.12,1.00
2016.02.05 20:54:40.090,1.55085,1.55096,1.50,1.00
2016.02.05 20:54:40.192,1.55087,1.55099,1.00,1.00
2016.02.05 20:54:40.294,1.55086,1.55102,1.75,1.00
2016.02.05 20:54:40.757,1.55085,1.55102,1.12,1.00
2016.02.05 20:54:41.624,1.55084,1.55102,1.87,1.00
2016.02.05 20:54:42.081,1.55087,1.55102,1.00,1.00
2016.02.05 20:54:42.709,1.55087,1.55102,1.37,1.00
2016.02.05 20:54:44.475,1.55087,1.55102,1.37,1.00
2016.02.05 20:54:44.987,1.55087,1.55102,1.37,1.00
2016.02.05 20:54:45.777,1.55087,1.55102,1.69,1.00
2016.02.05 20:54:45.930,1.55089,1.55104,1.50,1.00
2016.02.05 20:54:45.981,1.55089,1.55104,1.87,1.00
2016.02.05 20:54:46.134,1.55092,1.55108,1.12,1.00
2016.02.05 20:54:46.590,1.55093,1.55108,1.12,1.00
2016.02.05 20:54:46.743,1.55092,1.55108,1.75,1.00
2016.02.05 20:54:47.099,1.55093,1.55108,1.12,1.00
2016.02.05 20:54:47.352,1.55094,1.5511,1.12,1.00
2016.02.05 20:54:47.758,1.55092,1.5511,1.12,1.00
2016.02.05 20:54:47.860,1.55088,1.5511,1.87,1.00
2016.02.05 20:54:47.911,1.55087,1.55107,1.37,1.00
2016.02.05 20:54:47.963,1.55085,1.55107,1.12,1.00
2016.02.05 20:54:48.014,1.55085,1.55104,1.12,1.00
2016.02.05 20:54:50.209,1.55084,1.55104,1.37,1.00
2016.02.05 20:54:50.261,1.55082,1.55104,1.75,1.00
2016.02.05 20:54:50.719,1.55082,1.551,1.12,1.00
2016.02.05 20:54:51.343,1.55082,1.55098,1.12,1.00
2016.02.05 20:54:53.012,1.55083,1.55098,1.00,1.00
2016.02.05 20:54:54.084,1.55088,1.55098,1.00,1.00
2016.02.05 20:54:54.136,1.55088,1.55101,1.00,1.00
2016.02.05 20:54:54.187,1.55088,1.55104,1.00,1.00
2016.02.05 20:54:54.238,1.5509,1.55104,1.12,1.00
2016.02.05 20:54:54.289,1.55093,1.55107,1.12,1.00
2016.02.05 20:54:56.332,1.55092,1.55107,1.37,1.00
2016.02.05 20:54:56.383,1.5509,1.55107,1.12,1.00
2016.02.05 20:54:56.434,1.5509,1.55105,1.12,1.00
2016.02.05 20:54:56.711,1.55085,1.55105,2.25,1.00
2016.02.05 20:55:01.013,1.55085,1.55102,1.12,1.00
2016.02.05 20:55:01.115,1.55084,1.55102,1.00,1.00
2016.02.05 20:55:01.217,1.55081,1.55102,1.87,1.00
2016.02.05 20:55:01.878,1.55082,1.55102,1.00,1.00
2016.02.05 20:55:02.030,1.55081,1.55096,1.00,1.00
2016.02.05 20:55:02.081,1.55076,1.55096,1.00,1.00
2016.02.05 20:55:02.183,1.55074,1.55093,1.12,1.00
2016.02.05 20:55:03.790,1.55071,1.55093,2.25,1.00
2016.02.05 20:55:06.881,1.55071,1.55091,2.25,1.00
2016.02.05 20:55:07.085,1.5507,1.55091,1.12,1.00
2016.02.05 20:55:07.592,1.55071,1.55091,1.00,1.00
2016.02.05 20:55:07.745,1.55068,1.55089,1.37,1.00
2016.02.05 20:55:07.898,1.55062,1.55086,1.50,1.12
2016.02.05 20:55:07.949,1.55062,1.55081,1.50,1.00
2016.02.05 20:55:08.455,1.55061,1.55081,1.31,1.00
2016.02.05 20:55:21.002,1.55061,1.55078,2.06,1.00
2016.02.05 20:55:23.970,1.5506,1.55078,1.31,1.00
2016.02.05 20:55:24.533,1.5506,1.55075,1.31,1.00
2016.02.05 20:55:25.557,1.55058,1.55073,1.81,1.00
2016.02.05 20:55:25.660,1.55052,1.5507,2.06,1.00
2016.02.05 20:55:26.386,1.55053,1.5507,1.25,1.00
2016.02.05 20:55:27.405,1.55052,1.5507,1.31,1.00
2016.02.05 20:55:27.557,1.55057,1.5507,1.00,1.00
2016.02.05 20:55:27.608,1.55057,1.55073,1.69,1.00
2016.02.05 20:55:28.511,1.55057,1.55075,2.06,1.00
2016.02.05 20:55:28.613,1.55062,1.55075,1.00,1.00
2016.02.05 20:55:28.918,1.55064,1.55075,1.25,1.00
2016.02.05 20:55:36.292,1.55059,1.55075,1.75,1.00
2016.02.05 20:55:36.344,1.55059,1.55075,1.00,1.00
2016.02.05 20:55:37.343,1.55062,1.55075,1.00,1.00
2016.02.05 20:55:37.649,1.55068,1.55078,1.00,1.00
2016.02.05 20:55:37.700,1.55068,1.5508,1.00,1.00
2016.02.05 20:55:38.125,1.55064,1.5508,2.44,1.00
2016.02.05 20:55:40.564,1.55074,1.5508,1.00,1.00
2016.02.05 20:55:40.615,1.55071,1.5508,1.00,1.00
2016.02.05 20:55:40.666,1.55071,1.55083,1.12,1.00
2016.02.05 20:55:40.717,1.55073,1.55085,1.50,1.00
2016.02.05 20:55:40.769,1.55074,1.55088,1.94,1.00
2016.02.05 20:55:42.319,1.55069,1.55088,1.56,1.00
2016.02.05 20:55:43.573,1.55069,1.55085,1.56,1.00
2016.02.05 20:55:45.968,1.55069,1.55085,1.25,1.00
2016.02.05 20:55:47.181,1.55069,1.55085,1.00,1.00
2016.02.05 20:55:48.049,1.55068,1.55085,1.37,1.00
2016.02.05 20:55:48.355,1.55069,1.55085,1.37,1.00
2016.02.05 20:55:49.184,1.55071,1.55085,1.00,1.00
2016.02.05 20:55:49.489,1.55072,1.55085,1.12,1.00
2016.02.05 20:55:52.140,1.55071,1.55085,1.37,1.00
2016.02.05 20:55:52.191,1.5507,1.55085,1.37,1.00
2016.02.05 20:55:57.118,1.55073,1.55085,1.00,1.00
2016.02.05 20:55:58.458,1.55076,1.55085,1.00,1.00
2016.02.05 20:56:01.418,1.55072,1.55088,1.00,1.00
2016.02.05 20:56:01.924,1.5507,1.55088,1.37,1.00
2016.02.05 20:56:02.055,1.55066,1.55085,1.12,1.00
2016.02.05 20:56:02.106,1.55064,1.55084,1.12,1.00
2016.02.05 20:56:02.209,1.55062,1.55082,2.06,1.00
2016.02.05 20:56:02.261,1.55059,1.55079,1.31,1.00
2016.02.05 20:56:02.566,1.5506,1.55076,1.12,1.00
2016.02.05 20:56:07.311,1.55062,1.55076,1.69,1.00
2016.02.05 20:56:08.785,1.55059,1.55076,1.12,1.00
2016.02.05 20:56:09.892,1.55056,1.55076,1.87,1.00
2016.02.05 20:56:09.994,1.55056,1.55076,1.12,1.00
2016.02.05 20:56:10.046,1.55056,1.55073,1.12,1.00
2016.02.05 20:56:15.177,1.55054,1.55073,1.37,1.00
2016.02.05 20:56:15.695,1.55054,1.55073,1.12,1.00
2016.02.05 20:56:16.202,1.55053,1.55071,1.37,1.00
2016.02.05 20:56:16.506,1.55048,1.55066,1.62,1.00
2016.02.05 20:56:17.022,1.55048,1.55066,1.62,1.00
2016.02.05 20:56:17.328,1.55051,1.55064,1.50,1.00
2016.02.05 20:56:17.633,1.55056,1.55067,1.00,1.00
2016.02.05 20:56:17.955,1.55054,1.55067,1.00,1.00
2016.02.05 20:56:18.723,1.55062,1.55067,1.00,1.00
2016.02.05 20:56:18.774,1.55062,1.55078,1.00,1.95
2016.02.05 20:56:18.825,1.55061,1.55078,1.12,1.50
2016.02.05 20:56:18.928,1.55064,1.55081,1.00,1.00
2016.02.05 20:56:19.298,1.55061,1.55081,1.00,1.00
2016.02.05 20:56:19.906,1.55065,1.55081,1.00,1.00
2016.02.05 20:56:20.159,1.55061,1.55081,1.00,1.00
2016.02.05 20:56:20.721,1.55062,1.55081,1.12,1.00
2016.02.05 20:56:21.025,1.5507,1.55089,1.00,1.00
2016.02.05 20:56:21.077,1.55073,1.5509,1.00,1.00
2016.02.05 20:56:21.381,1.55067,1.55084,1.00,1.00
2016.02.05 20:56:21.925,1.55067,1.55084,1.50,1.00
2016.02.05 20:56:25.003,1.55069,1.55084,1.00,1.00
2016.02.05 20:56:25.054,1.55069,1.55087,1.00,1.00
2016.02.05 20:56:25.257,1.55071,1.55087,1.00,1.00
2016.02.05 20:56:25.764,1.55071,1.55087,1.50,1.00
2016.02.05 20:56:27.139,1.55068,1.55087,1.37,1.00
2016.02.05 20:56:27.241,1.55066,1.55087,1.00,1.00
2016.02.05 20:56:27.817,1.55066,1.55087,1.87,1.00
2016.02.05 20:56:28.327,1.55069,1.55087,1.12,1.00
2016.02.05 20:56:28.771,1.55067,1.55087,1.87,1.00
2016.02.05 20:56:30.758,1.5507,1.55087,1.00,1.00
2016.02.05 20:56:30.911,1.55073,1.55087,1.00,1.00
2016.02.05 20:56:31.240,1.55076,1.5509,1.00,1.00
2016.02.05 20:56:31.393,1.55074,1.5509,1.00,1.00
2016.02.05 20:56:31.902,1.55073,1.5509,1.50,1.00
2016.02.05 20:56:34.489,1.55075,1.5509,1.00,1.00
2016.02.05 20:56:35.655,1.55076,1.5509,1.00,1.00
2016.02.05 20:56:36.204,1.55075,1.5509,1.00,1.00
2016.02.05 20:56:40.909,1.55076,1.5509,1.00,1.00
2016.02.05 20:56:41.823,1.55076,1.55092,1.00,1.00
2016.02.05 20:56:42.566,1.55078,1.55092,1.00,1.00
2016.02.05 20:56:42.870,1.55078,1.55092,2.62,1.00
2016.02.05 20:56:44.009,1.55078,1.55096,1.87,1.00
2016.02.05 20:56:44.060,1.55081,1.55096,1.37,1.00
2016.02.05 20:56:44.265,1.55082,1.55099,1.37,1.00
2016.02.05 20:56:45.868,1.55079,1.55099,1.12,1.00
2016.02.05 20:56:46.072,1.55079,1.55096,1.12,1.00
2016.02.05 20:56:46.174,1.55078,1.55096,1.50,1.00
2016.02.05 20:56:47.125,1.55076,1.55093,1.12,1.00
2016.02.05 20:56:47.176,1.55075,1.55093,1.50,1.00
2016.02.05 20:56:48.670,1.55076,1.55093,1.50,1.00
2016.02.05 20:56:49.215,1.55077,1.55093,1.50,1.00
2016.02.05 20:56:50.282,1.55085,1.55096,1.00,1.00
2016.02.05 20:56:50.333,1.55085,1.551,1.00,1.00
2016.02.05 20:56:50.384,1.55085,1.551,1.87,1.00
2016.02.05 20:56:50.486,1.55086,1.55102,1.50,1.00
2016.02.05 20:56:51.192,1.55088,1.55102,1.00,1.00
2016.02.05 20:56:51.700,1.55087,1.55102,1.87,1.00
2016.02.05 20:56:52.246,1.55088,1.55105,1.00,1.00
2016.02.05 20:56:52.297,1.55089,1.55105,1.12,1.00
2016.02.05 20:56:54.005,1.55087,1.55105,1.37,1.00
2016.02.05 20:56:54.107,1.55083,1.55102,1.12,1.00
2016.02.05 20:56:54.413,1.55082,1.55102,1.50,1.00
2016.02.05 20:56:54.963,1.5508,1.55099,1.12,1.00
2016.02.05 20:56:55.116,1.55076,1.55099,2.25,1.00
2016.02.05 20:56:55.167,1.55076,1.55097,2.25,1.00
2016.02.05 20:56:58.373,1.55075,1.55097,1.12,1.37
2016.02.05 20:56:59.219,1.55075,1.55097,1.12,1.37
2016.02.05 20:56:59.524,1.55075,1.55094,1.12,1.00
2016.02.05 20:57:08.419,1.55073,1.55094,1.87,1.00
2016.02.05 20:57:09.382,1.55076,1.55094,1.00,1.00
2016.02.05 20:57:09.433,1.55076,1.55098,1.87,1.00
2016.02.05 20:57:10.260,1.55076,1.55101,1.12,1.00
2016.02.05 20:57:12.937,1.55074,1.55101,2.25,1.50
2016.02.05 20:57:13.950,1.55074,1.55099,1.50,1.00
2016.02.05 20:57:14.754,1.55073,1.551,1.75,1.87
2016.02.05 20:57:16.693,1.55073,1.55099,1.75,1.00
2016.02.05 20:57:17.201,1.55073,1.55101,1.75,2.25
2016.02.05 20:57:22.649,1.55078,1.55101,1.37,1.50
2016.02.05 20:57:22.853,1.55075,1.55101,1.87,1.50
2016.02.05 20:57:23.614,1.55075,1.551,1.87,1.00
2016.02.05 20:57:24.159,1.55075,1.55101,1.87,1.50
2016.02.05 20:57:24.667,1.55075,1.55099,1.12,1.37
2016.02.05 20:57:27.221,1.55075,1.55099,1.12,1.37
2016.02.05 20:57:29.706,1.55075,1.55097,1.12,1.00
2016.02.05 20:57:29.757,1.55071,1.55097,1.75,1.37
2016.02.05 20:57:29.808,1.55069,1.55096,2.44,1.37
2016.02.05 20:57:29.960,1.55069,1.55093,1.50,1.37
2016.02.05 20:57:30.467,1.55067,1.55093,1.87,1.87
2016.02.05 20:57:30.988,1.55067,1.55091,1.37,1.50
2016.02.05 20:57:32.186,1.55064,1.55091,3.00,1.87
2016.02.05 20:57:32.457,1.55064,1.55089,2.25,1.00
2016.02.05 20:57:32.764,1.55062,1.55087,1.12,1.50
2016.02.05 20:57:32.815,1.55061,1.55087,1.87,1.50
2016.02.05 20:57:33.337,1.55061,1.55086,1.12,1.12
2016.02.05 20:57:35.498,1.55061,1.55087,1.87,1.87
2016.02.05 20:57:36.028,1.55061,1.55087,1.87,1.87
2016.02.05 20:57:36.079,1.55061,1.55083,1.12,1.00
2016.02.05 20:57:36.232,1.5506,1.55083,1.00,1.12
2016.02.05 20:57:36.589,1.55063,1.55086,1.12,1.00
2016.02.05 20:57:37.098,1.55063,1.55088,1.12,1.87
2016.02.05 20:57:38.295,1.55061,1.55087,1.50,1.50
2016.02.05 20:57:38.885,1.55062,1.55087,1.37,1.00
2016.02.05 20:57:39.226,1.55076,1.55095,1.12,1.37
2016.02.05 20:57:42.210,1.55076,1.55101,1.12,1.25
2016.02.05 20:57:42.573,1.55078,1.55102,1.37,1.00
2016.02.05 20:57:43.082,1.55079,1.55103,1.12,1.12
2016.02.05 20:57:43.703,1.55079,1.55101,1.12,1.37
2016.02.05 20:57:43.805,1.55076,1.551,1.37,1.37
2016.02.05 20:57:44.210,1.55076,1.55102,1.37,1.00
2016.02.05 20:57:45.311,1.55081,1.55103,1.00,1.00
2016.02.05 20:57:45.514,1.55081,1.55106,1.12,1.00
2016.02.05 20:57:47.615,1.5508,1.55106,1.00,2.25
2016.02.05 20:57:47.717,1.5508,1.55106,1.50,1.12
2016.02.05 20:57:49.281,1.55083,1.55106,1.12,1.00
2016.02.05 20:57:49.816,1.55084,1.55106,1.00,1.00
2016.02.05 20:57:50.323,1.55083,1.55106,1.00,1.00
2016.02.05 20:57:52.119,1.55083,1.55107,1.00,2.62
2016.02.05 20:57:52.651,1.55083,1.55104,1.00,1.00
2016.02.05 20:57:53.832,1.55083,1.55105,1.00,1.00
2016.02.05 20:57:53.934,1.55078,1.55105,1.12,1.00
2016.02.05 20:57:53.985,1.5508,1.55105,1.37,1.00
2016.02.05 20:57:54.493,1.55081,1.55104,1.12,1.00
2016.02.05 20:57:54.797,1.55081,1.55102,1.12,1.00
2016.02.05 20:57:57.710,1.55079,1.55101,1.12,1.00
2016.02.05 20:57:57.761,1.55078,1.55101,1.12,1.00
2016.02.05 20:57:57.813,1.55078,1.55096,1.12,1.00
2016.02.05 20:57:58.116,1.55073,1.55093,1.00,1.37
2016.02.05 20:57:58.722,1.55073,1.55093,1.12,1.12
2016.02.05 20:57:58.823,1.55073,1.55096,1.12,1.37
2016.02.05 20:57:59.331,1.55072,1.55096,1.62,1.12
2016.02.05 20:58:00.623,1.55073,1.55098,1.50,1.12
2016.02.05 20:58:00.674,1.55074,1.55098,1.37,1.12
2016.02.05 20:58:01.067,1.55076,1.55099,1.12,1.37
2016.02.05 20:58:01.271,1.55081,1.55104,1.37,1.00
2016.02.05 20:58:01.776,1.55081,1.55106,1.37,1.87
2016.02.05 20:58:01.878,1.55081,1.55103,1.37,1.00
2016.02.05 20:58:02.030,1.55081,1.55105,1.37,1.00
2016.02.05 20:58:02.182,1.55081,1.55102,1.37,1.00
2016.02.05 20:58:03.882,1.55079,1.55103,1.12,1.00
2016.02.05 20:58:03.942,1.55078,1.55103,1.87,1.00
2016.02.05 20:58:04.448,1.55078,1.55102,1.12,1.00
2016.02.05 20:58:05.536,1.55078,1.551,1.12,1.00
2016.02.05 20:58:06.844,1.55078,1.55099,1.12,1.00
2016.02.05 20:58:12.161,1.55078,1.551,1.12,1.12
2016.02.05 20:58:12.365,1.55078,1.55102,1.12,1.00
2016.02.05 20:58:13.464,1.55078,1.55105,1.31,2.25
2016.02.05 20:58:13.971,1.55078,1.55105,2.06,1.50
2016.02.05 20:58:18.959,1.5508,1.55108,2.25,1.75
2016.02.05 20:58:19.010,1.55081,1.55108,1.12,1.12
2016.02.05 20:58:21.159,1.55083,1.55108,1.87,1.12
2016.02.05 20:58:21.693,1.55084,1.55108,1.12,1.00
2016.02.05 20:58:21.956,1.55084,1.55111,1.12,1.12
2016.02.05 20:58:22.579,1.55084,1.5511,1.12,1.00
2016.02.05 20:58:24.166,1.55084,1.55111,1.12,1.12
2016.02.05 20:58:25.393,1.55084,1.5511,1.12,1.00
2016.02.05 20:58:26.056,1.55084,1.55111,1.12,1.12
2016.02.05 20:58:28.068,1.55086,1.55111,1.37,1.12
2016.02.05 20:58:28.120,1.55088,1.55113,1.50,2.62
2016.02.05 20:58:28.800,1.55088,1.55116,2.62,1.50
2016.02.05 20:58:29.325,1.5509,1.55115,1.00,1.12
2016.02.05 20:58:29.956,1.55088,1.55116,2.25,1.50
2016.02.05 20:58:30.478,1.55088,1.55116,2.62,1.50
2016.02.05 20:58:30.783,1.55091,1.55116,1.00,1.50
2016.02.05 20:58:31.087,1.55093,1.55117,1.75,1.37
2016.02.05 20:58:31.138,1.55093,1.55117,1.12,1.37
2016.02.05 20:58:31.391,1.55095,1.55117,1.12,1.37
2016.02.05 20:58:31.900,1.55096,1.55117,1.12,1.37
2016.02.05 20:58:31.955,1.55095,1.55117,1.00,1.37
2016.02.05 20:58:33.699,1.55093,1.55117,1.87,1.37
2016.02.05 20:58:34.205,1.55093,1.55117,1.87,1.00
2016.02.05 20:58:35.222,1.55093,1.55116,1.12,1.00
2016.02.05 20:58:35.729,1.55093,1.55117,1.87,1.00
2016.02.05 20:58:36.033,1.55101,1.55121,1.37,1.50
2016.02.05 20:58:36.261,1.55101,1.55123,1.37,1.12
2016.02.05 20:58:36.767,1.55101,1.55124,1.50,1.00
2016.02.05 20:58:37.275,1.55101,1.55124,1.50,1.00
2016.02.05 20:58:37.740,1.551,1.55124,1.00,1.50
2016.02.05 20:58:38.096,1.551,1.55124,1.37,1.87
2016.02.05 20:58:38.602,1.55099,1.55124,1.37,1.87
2016.02.05 20:58:39.231,1.551,1.55124,1.37,1.87
2016.02.05 20:58:40.158,1.551,1.55123,1.37,1.00
2016.02.05 20:58:40.209,1.55098,1.55123,1.50,1.00
2016.02.05 20:58:40.716,1.55098,1.55122,2.25,1.00
2016.02.05 20:58:41.244,1.55098,1.55123,2.25,1.00
2016.02.05 20:58:41.347,1.551,1.55123,1.37,1.00
2016.02.05 20:58:41.853,1.55099,1.55123,1.37,1.00
2016.02.05 20:58:42.158,1.55101,1.55125,1.37,1.00
2016.02.05 20:58:42.901,1.55101,1.55126,1.87,1.00
2016.02.05 20:58:43.206,1.55105,1.55127,1.00,1.00
2016.02.05 20:58:50.248,1.55103,1.55126,1.37,1.00
2016.02.05 20:58:50.349,1.55101,1.55125,2.25,1.00
2016.02.05 20:58:50.400,1.55103,1.55125,1.37,1.00
2016.02.05 20:58:50.705,1.55103,1.55123,1.37,1.00
2016.02.05 20:58:52.235,1.55103,1.55124,1.37,1.00
2016.02.05 20:58:52.286,1.55101,1.55124,1.12,1.00
2016.02.05 20:58:52.338,1.55107,1.55128,1.00,1.75
2016.02.05 20:58:52.643,1.55121,1.5513,1.37,1.12
2016.02.05 20:58:52.694,1.55121,1.55138,1.37,1.12
2016.02.05 20:58:52.745,1.55118,1.55138,1.00,1.12
2016.02.05 20:58:53.252,1.55118,1.55137,1.00,1.00
2016.02.05 20:58:54.447,1.55114,1.55138,1.12,1.00
2016.02.05 20:58:54.549,1.55116,1.55141,1.87,1.37
2016.02.05 20:58:54.650,1.55112,1.55136,3.37,1.00
2016.02.05 20:58:54.702,1.55115,1.55136,1.12,1.00
2016.02.05 20:58:54.804,1.55112,1.55136,1.75,1.00
2016.02.05 20:58:55.319,1.55112,1.55135,1.00,1.00
2016.02.05 20:58:55.524,1.55112,1.55132,1.00,1.00
2016.02.05 20:58:55.677,1.55109,1.55133,1.12,1.00
2016.02.05 20:58:56.133,1.55112,1.55133,1.37,1.00
2016.02.05 20:58:56.851,1.55112,1.55134,1.37,1.12
2016.02.05 20:58:57.155,1.55117,1.55136,1.00,1.12
2016.02.05 20:58:57.409,1.55119,1.55144,1.00,1.12
2016.02.05 20:58:57.460,1.55122,1.55143,1.37,1.37
2016.02.05 20:58:57.815,1.55122,1.55147,1.37,2.25
2016.02.05 20:58:58.071,1.55122,1.55145,1.37,1.37
2016.02.05 20:58:58.254,1.55122,1.55145,1.37,1.37
2016.02.05 20:58:58.659,1.5512,1.55145,1.62,1.00
2016.02.05 20:58:59.267,1.55119,1.55145,2.44,1.00
2016.02.05 20:58:59.800,1.5512,1.55146,1.37,1.12
2016.02.05 20:59:00.316,1.5512,1.55145,1.37,1.00
2016.02.05 20:59:00.723,1.55122,1.55145,1.75,1.00
2016.02.05 20:59:02.177,1.55126,1.55146,0.37,0.75
2016.02.05 20:59:03.003,1.55126,1.55147,0.37,0.75
2016.02.05 20:59:03.530,1.55126,1.55146,0.37,0.75
2016.02.05 20:59:03.581,1.55124,1.55146,0.37,0.75
2016.02.05 20:59:03.632,1.55124,1.55144,0.37,0.75
2016.02.05 20:59:03.784,1.55119,1.55144,0.44,1.12
2016.02.05 20:59:04.333,1.55119,1.55143,0.81,0.75
2016.02.05 20:59:05.094,1.55119,1.55142,0.81,0.75
2016.02.05 20:59:10.181,1.55119,1.55141,0.75,0.75
2016.02.05 20:59:11.718,1.55119,1.5514,0.75,0.75
2016.02.05 20:59:12.268,1.55119,1.55139,0.75,0.75
2016.02.05 20:59:12.667,1.55119,1.55141,0.75,1.50
2016.02.05 20:59:13.123,1.55119,1.55139,0.37,0.75
2016.02.05 20:59:13.680,1.55118,1.55139,0.37,0.75
2016.02.05 20:59:14.346,1.55118,1.5514,0.37,0.75
2016.02.05 20:59:14.875,1.55119,1.55139,0.37,0.75
2016.02.05 20:59:15.376,1.55118,1.55139,0.37,0.75
2016.02.05 20:59:15.878,1.55119,1.55139,0.37,0.75
2016.02.05 20:59:18.150,1.55119,1.5514,0.37,0.75
2016.02.05 20:59:18.455,1.55121,1.5514,0.37,0.75
2016.02.05 20:59:19.191,1.55127,1.5514,0.37,0.75
2016.02.05 20:59:19.242,1.55127,1.55142,0.37,0.37
2016.02.05 20:59:19.293,1.55127,1.55145,1.12,0.75
2016.02.05 20:59:19.399,1.55131,1.55146,0.37,0.75
2016.02.05 20:59:19.500,1.55131,1.55155,0.37,0.75
2016.02.05 20:59:19.552,1.55131,1.55153,0.37,0.37
2016.02.05 20:59:19.603,1.55127,1.55152,0.37,0.37
2016.02.05 20:59:20.818,1.55129,1.55152,0.75,0.37
2016.02.05 20:59:21.078,1.55129,1.55154,0.75,0.75
2016.02.05 20:59:21.180,1.55129,1.5515,0.75,0.37
2016.02.05 20:59:21.708,1.55127,1.5515,1.12,0.37
2016.02.05 20:59:22.266,1.55128,1.55151,0.37,0.37
2016.02.05 20:59:22.812,1.55127,1.55151,1.50,0.37
2016.02.05 20:59:22.864,1.55127,1.55153,1.50,0.37
2016.02.05 20:59:23.376,1.55127,1.55152,0.75,0.75
2016.02.05 20:59:23.883,1.55127,1.5515,1.12,0.37
2016.02.05 20:59:25.311,1.55126,1.5515,0.37,1.12
2016.02.05 20:59:25.822,1.55127,1.5515,0.37,1.12
2016.02.05 20:59:28.097,1.55126,1.5515,0.37,1.12
2016.02.05 20:59:28.619,1.55127,1.5515,0.37,1.12
2016.02.05 20:59:29.084,1.55127,1.55148,0.37,0.75
2016.02.05 20:59:29.591,1.55127,1.55147,0.37,0.75
2016.02.05 20:59:30.130,1.55126,1.55146,0.37,0.75
2016.02.05 20:59:30.435,1.55127,1.55144,0.37,1.12
2016.02.05 20:59:30.942,1.55123,1.55144,0.37,1.12
2016.02.05 20:59:31.043,1.55123,1.55141,0.37,0.37
2016.02.05 20:59:31.546,1.55123,1.55142,0.37,0.75
2016.02.05 20:59:32.257,1.55122,1.55144,0.37,0.37
2016.02.05 20:59:32.410,1.55123,1.5514,0.37,0.37
2016.02.05 20:59:32.613,1.55122,1.55142,0.37,0.37
2016.02.05 20:59:33.140,1.55123,1.55143,0.37,0.37
2016.02.05 20:59:33.495,1.55123,1.5514,0.37,0.37
2016.02.05 20:59:34.007,1.55123,1.55145,0.37,0.37
2016.02.05 20:59:34.108,1.55123,1.55142,0.37,0.37
2016.02.05 20:59:35.061,1.55122,1.55142,0.37,0.37
2016.02.05 20:59:35.466,1.55118,1.55142,0.75,0.37
2016.02.05 20:59:35.618,1.5512,1.55142,0.75,0.37
2016.02.05 20:59:36.135,1.55119,1.55142,0.75,0.37
2016.02.05 20:59:36.360,1.55117,1.55142,1.50,0.37
2016.02.05 20:59:36.461,1.55117,1.55138,0.75,0.75
2016.02.05 20:59:36.715,1.5511,1.55132,0.75,0.37
2016.02.05 20:59:36.766,1.55108,1.55132,1.50,0.37
2016.02.05 20:59:37.651,1.55109,1.55132,0.75,0.37
2016.02.05 20:59:38.181,1.55108,1.55132,0.75,0.37
2016.02.05 20:59:38.537,1.55106,1.55129,0.75,0.37
2016.02.05 20:59:38.588,1.55104,1.55129,1.87,0.37
2016.02.05 20:59:38.892,1.55104,1.55125,0.37,0.75
2016.02.05 20:59:38.993,1.55102,1.55125,0.37,0.75
2016.02.05 20:59:39.543,1.55102,1.55124,0.37,0.75
2016.02.05 20:59:39.645,1.55105,1.55125,0.37,0.75
2016.02.05 20:59:39.747,1.55105,1.55128,0.37,1.12
2016.02.05 20:59:40.228,1.55103,1.55127,0.37,0.75
2016.02.05 20:59:40.331,1.55102,1.55125,0.37,1.12
2016.02.05 20:59:40.432,1.551,1.55125,1.12,1.12
2016.02.05 20:59:40.966,1.551,1.55124,1.12,0.75
2016.02.05 20:59:42.035,1.551,1.55123,0.37,0.75
2016.02.05 20:59:43.327,1.551,1.55122,0.37,0.75
2016.02.05 20:59:43.534,1.551,1.5512,0.37,0.75
2016.02.05 20:59:44.476,1.551,1.55121,0.37,0.75
2016.02.05 20:59:44.839,1.55096,1.5512,1.50,0.37
2016.02.05 20:59:44.890,1.55096,1.55118,0.75,0.75
2016.02.05 20:59:44.941,1.55093,1.55117,0.75,0.75
2016.02.05 20:59:45.042,1.55092,1.55115,0.75,0.75
2016.02.05 20:59:45.346,1.55087,1.55111,0.37,0.75
2016.02.05 20:59:45.397,1.55087,1.55113,0.37,0.37
2016.02.05 20:59:46.147,1.55089,1.55114,0.37,1.12
2016.02.05 20:59:46.907,1.55089,1.55111,0.37,0.75
2016.02.05 20:59:47.008,1.55087,1.55111,0.37,0.75
2016.02.05 20:59:47.263,1.55087,1.55109,0.37,0.75
2016.02.05 20:59:47.588,1.55085,1.55104,0.37,0.75
2016.02.05 20:59:47.639,1.55081,1.55103,0.75,0.37
2016.02.05 20:59:47.690,1.55078,1.551,0.37,0.75
2016.02.05 20:59:47.843,1.55074,1.551,0.37,0.75
2016.02.05 20:59:47.944,1.55072,1.551,0.75,0.75
2016.02.05 20:59:48.046,1.55074,1.55101,0.37,0.75
2016.02.05 20:59:48.553,1.55074,1.551,0.37,0.75
2016.02.05 20:59:49.066,1.55074,1.55099,0.37,0.75
2016.02.05 20:59:49.117,1.55074,1.55101,0.37,0.75
2016.02.05 20:59:49.526,1.55072,1.551,0.37,0.75
2016.02.05 20:59:50.085,1.55071,1.551,0.37,0.75
2016.02.05 20:59:50.136,1.55074,1.551,0.37,1.31
2016.02.05 20:59:50.237,1.55071,1.551,0.37,1.31
2016.02.05 20:59:50.779,1.55071,1.55099,0.37,0.75
2016.02.05 20:59:50.990,1.55071,1.55096,0.37,0.75
2016.02.05 20:59:51.301,1.5507,1.55092,0.37,0.75
2016.02.05 20:59:51.453,1.55066,1.55092,0.37,0.75
2016.02.05 20:59:52.118,1.5507,1.55093,0.75,0.75
2016.02.05 20:59:52.423,1.55073,1.55096,0.37,0.75
2016.02.05 20:59:53.031,1.55073,1.55095,0.37,0.75
2016.02.05 20:59:53.539,1.55073,1.55096,0.75,0.75
2016.02.05 20:59:55.161,1.55074,1.55099,0.37,0.75
2016.02.05 20:59:55.327,1.55083,1.55101,0.37,0.75
2016.02.05 20:59:55.632,1.55108,1.55135,0.75,0.75
2016.02.05 20:59:55.733,1.55108,1.55137,0.75,0.37
2016.02.05 20:59:56.239,1.55109,1.55136,0.37,0.75
2016.02.05 20:59:56.594,1.55108,1.55134,0.37,0.75
2016.02.05 20:59:56.746,1.55106,1.55134,0.75,0.75
2016.02.05 20:59:56.831,1.55108,1.55134,0.75,0.75
2016.02.05 20:59:57.135,1.55114,1.55139,0.37,0.75
2016.02.05 20:59:57.237,1.55113,1.55141,0.37,1.12
2016.02.05 20:59:57.389,1.55114,1.55138,0.75,0.75
2016.02.05 20:59:57.541,1.55111,1.55138,0.37,0.75
2016.02.05 20:59:57.744,1.55108,1.55138,1.12,1.12
2016.02.05 20:59:57.795,1.55108,1.55136,1.12,0.75
2016.02.05 20:59:58.159,1.55118,1.55138,0.75,0.37
2016.02.05 20:59:58.414,1.55127,1.55151,0.75,0.37
2016.02.05 20:59:58.465,1.55127,1.55153,0.75,0.75
2016.02.05 20:59:58.516,1.55126,1.55151,0.37,0.75
2016.02.05 20:59:59.024,1.55126,1.55153,1.12,0.75
2016.02.05 20:59:59.177,1.55128,1.55153,0.37,0.75
2016.02.05 20:59:59.228,1.5513,1.55156,0.75,0.75
2016.02.05 20:59:59.279,1.55134,1.55156,0.37,0.75
2016.02.05 20:59:59.851,1.55134,1.55157,0.37,1.12
