2016.01.18 07:00:00.303,1.5834,1.58365,1.50,1.00
2016.01.18 07:00:00.355,1.5834,1.58362,1.00,1.00
2016.01.18 07:00:00.660,1.58336,1.58359,1.75,1.00
2016.01.18 07:00:00.711,1.58336,1.58359,1.12,1.12
2016.01.18 07:00:01.309,1.5833,1.58356,1.00,1.50
2016.01.18 07:00:01.361,1.5833,1.5835,1.00,1.00
2016.01.18 07:00:01.669,1.58316,1.58335,1.00,1.00
2016.01.18 07:00:01.720,1.58312,1.58335,1.50,1.00
2016.01.18 07:00:01.822,1.5831,1.58332,1.12,1.00
2016.01.18 07:00:02.129,1.58305,1.58328,1.12,1.00
2016.01.18 07:00:02.400,1.58298,1.58325,1.87,1.50
2016.01.18 07:00:02.452,1.583,1.58325,1.37,1.37
2016.01.18 07:00:02.662,1.58301,1.58328,1.12,2.25
2016.01.18 07:00:03.470,1.58303,1.58329,1.12,2.25
2016.01.18 07:00:03.623,1.58303,1.58331,1.75,2.62
2016.01.18 07:00:03.929,1.58297,1.58322,1.12,1.50
2016.01.18 07:00:04.132,1.58295,1.58322,1.50,1.87
2016.01.18 07:00:04.469,1.58295,1.58316,1.50,1.00
2016.01.18 07:00:04.776,1.58294,1.5831,1.00,1.37
2016.01.18 07:00:04.878,1.58281,1.58309,1.87,1.87
2016.01.18 07:00:04.929,1.5828,1.58308,2.25,1.12
2016.01.18 07:00:05.239,1.58282,1.58307,1.00,1.00
2016.01.18 07:00:07.491,1.5828,1.58307,1.50,1.37
2016.01.18 07:00:08.004,1.58279,1.58307,1.75,1.87
2016.01.18 07:00:09.396,1.58279,1.58307,1.37,2.25
2016.01.18 07:00:09.853,1.5828,1.58307,1.12,1.37
2016.01.18 07:00:10.196,1.58279,1.58307,1.37,1.87
2016.01.18 07:00:10.247,1.58278,1.58306,1.12,1.12
2016.01.18 07:00:11.265,1.58279,1.58307,1.12,1.75
2016.01.18 07:00:11.851,1.58278,1.58306,1.12,1.37
2016.01.18 07:00:12.004,1.58279,1.58307,1.12,1.75
2016.01.18 07:00:12.645,1.58278,1.58305,1.75,1.37
2016.01.18 07:00:12.798,1.58278,1.58302,1.37,1.00
2016.01.18 07:00:13.316,1.58277,1.58302,1.12,1.12
2016.01.18 07:00:14.547,1.58278,1.58302,1.00,1.37
2016.01.18 07:00:15.479,1.58275,1.58297,1.12,1.00
2016.01.18 07:00:15.734,1.58261,1.58286,1.12,1.12
2016.01.18 07:00:16.022,1.58256,1.58286,1.12,1.37
2016.01.18 07:00:16.597,1.58256,1.58283,1.12,1.00
2016.01.18 07:00:16.699,1.58254,1.58283,1.50,1.87
2016.01.18 07:00:17.008,1.58252,1.58274,1.75,1.00
2016.01.18 07:00:17.110,1.58251,1.58274,1.12,1.00
2016.01.18 07:00:17.213,1.58246,1.58271,1.12,1.00
2016.01.18 07:00:17.417,1.58246,1.58269,1.12,1.00
2016.01.18 07:00:17.784,1.58242,1.5826,1.00,1.50
2016.01.18 07:00:18.092,1.5824,1.58251,1.00,1.87
2016.01.18 07:00:18.423,1.58236,1.58243,1.00,1.00
2016.01.18 07:00:18.767,1.58226,1.5824,1.00,1.75
2016.01.18 07:00:19.022,1.58221,1.58241,1.00,1.12
2016.01.18 07:00:19.176,1.58221,1.58244,1.12,1.50
2016.01.18 07:00:19.227,1.58221,1.58249,1.87,1.12
2016.01.18 07:00:19.313,1.58221,1.58252,3.00,1.87
2016.01.18 07:00:19.466,1.58223,1.5825,1.37,1.12
2016.01.18 07:00:19.978,1.58227,1.58254,1.37,1.12
2016.01.18 07:00:20.131,1.58228,1.58259,2.62,1.87
2016.01.18 07:00:20.233,1.5823,1.5826,1.12,1.12
2016.01.18 07:00:22.077,1.58231,1.58261,2.62,1.87
2016.01.18 07:00:22.281,1.58232,1.58261,1.50,1.75
2016.01.18 07:00:22.484,1.58231,1.58261,1.87,1.87
2016.01.18 07:00:22.827,1.58232,1.58257,1.12,1.00
2016.01.18 07:00:22.931,1.58229,1.58257,1.50,1.50
2016.01.18 07:00:23.289,1.58228,1.58252,1.37,1.00
2016.01.18 07:00:23.340,1.58231,1.58258,1.00,1.12
2016.01.18 07:00:23.391,1.58237,1.58257,1.00,1.12
2016.01.18 07:00:23.625,1.58238,1.58263,1.75,1.00
2016.01.18 07:00:23.677,1.58239,1.58267,1.50,1.75
2016.01.18 07:00:23.728,1.58242,1.58267,1.00,1.12
2016.01.18 07:00:23.830,1.58244,1.58271,1.12,1.00
2016.01.18 07:00:23.982,1.58242,1.58272,1.87,1.75
2016.01.18 07:00:24.034,1.58242,1.58266,1.12,1.00
2016.01.18 07:00:24.085,1.58242,1.58272,1.87,1.87
2016.01.18 07:00:24.136,1.58244,1.58273,1.12,1.50
2016.01.18 07:00:24.939,1.58244,1.58266,1.75,1.00
2016.01.18 07:00:25.142,1.58236,1.58264,1.37,1.50
2016.01.18 07:00:25.193,1.58235,1.58261,1.87,1.00
2016.01.18 07:00:25.746,1.58231,1.5826,1.87,1.37
2016.01.18 07:00:25.850,1.58232,1.5826,1.12,1.00
2016.01.18 07:00:26.358,1.58234,1.58264,1.87,1.12
2016.01.18 07:00:26.460,1.58235,1.58266,1.75,2.25
2016.01.18 07:00:26.554,1.58236,1.58266,1.12,2.25
2016.01.18 07:00:26.656,1.58235,1.58264,1.87,1.12
2016.01.18 07:00:26.758,1.58238,1.58266,1.12,1.12
2016.01.18 07:00:27.064,1.58235,1.58263,1.12,1.00
2016.01.18 07:00:27.166,1.58233,1.58261,1.12,1.87
2016.01.18 07:00:27.218,1.58233,1.58258,1.12,1.00
2016.01.18 07:00:27.269,1.58232,1.58258,1.00,1.00
2016.01.18 07:00:27.502,1.58227,1.58257,1.75,1.12
2016.01.18 07:00:27.807,1.58225,1.58256,1.12,2.62
2016.01.18 07:00:28.062,1.58228,1.58256,1.00,1.50
2016.01.18 07:00:28.568,1.5823,1.58259,1.12,2.25
2016.01.18 07:00:28.878,1.5823,1.58255,1.12,1.00
2016.01.18 07:00:28.980,1.58228,1.58255,1.75,1.00
2016.01.18 07:00:29.082,1.58226,1.58255,1.12,1.75
2016.01.18 07:00:29.392,1.5823,1.58258,1.12,1.87
2016.01.18 07:00:29.725,1.58231,1.58256,1.12,1.00
2016.01.18 07:00:30.182,1.58235,1.58262,1.94,1.12
2016.01.18 07:00:30.285,1.58244,1.58267,1.12,1.00
2016.01.18 07:00:30.387,1.58244,1.58269,1.12,1.00
2016.01.18 07:00:30.606,1.58243,1.58269,1.12,1.12
2016.01.18 07:00:30.708,1.58245,1.58269,1.37,1.00
2016.01.18 07:00:30.942,1.58245,1.58271,1.37,1.12
2016.01.18 07:00:31.308,1.5825,1.58273,1.00,1.37
2016.01.18 07:00:31.613,1.58255,1.58275,1.00,1.12
2016.01.18 07:00:32.011,1.58255,1.58278,1.00,1.12
2016.01.18 07:00:32.865,1.5825,1.58276,1.12,1.12
2016.01.18 07:00:32.917,1.5825,1.58267,1.12,1.00
2016.01.18 07:00:33.125,1.58233,1.58254,1.12,1.00
2016.01.18 07:00:33.229,1.58233,1.58256,1.12,1.00
2016.01.18 07:00:33.282,1.58226,1.58254,1.00,1.50
2016.01.18 07:00:33.385,1.58224,1.58252,1.12,1.12
2016.01.18 07:00:33.691,1.58211,1.58239,1.12,1.12
2016.01.18 07:00:34.026,1.58204,1.58232,1.12,1.87
2016.01.18 07:00:34.331,1.58197,1.58225,2.62,1.12
2016.01.18 07:00:34.678,1.58204,1.58227,1.00,1.12
2016.01.18 07:00:35.189,1.58205,1.58227,1.00,1.12
2016.01.18 07:00:35.291,1.58205,1.5823,1.00,1.87
2016.01.18 07:00:35.776,1.58204,1.58228,1.00,1.50
2016.01.18 07:00:36.288,1.58204,1.58228,1.00,1.87
2016.01.18 07:00:36.340,1.58201,1.58228,1.00,1.87
2016.01.18 07:00:37.466,1.5821,1.5823,1.00,1.12
2016.01.18 07:00:37.517,1.58213,1.58231,1.00,1.12
2016.01.18 07:00:37.569,1.58216,1.58238,1.00,2.62
2016.01.18 07:00:37.700,1.58219,1.58243,1.00,1.12
2016.01.18 07:00:37.752,1.58221,1.58243,1.00,1.12
2016.01.18 07:00:37.803,1.58226,1.58247,1.00,1.50
2016.01.18 07:00:37.854,1.58231,1.5825,1.00,1.12
2016.01.18 07:00:37.907,1.58232,1.58251,1.00,1.12
2016.01.18 07:00:38.010,1.58232,1.58255,1.00,1.50
2016.01.18 07:00:38.534,1.58232,1.58257,1.00,1.87
2016.01.18 07:00:39.175,1.58236,1.58257,1.00,1.87
2016.01.18 07:00:39.328,1.58239,1.58263,1.00,1.75
2016.01.18 07:00:39.380,1.58242,1.58263,1.00,1.75
2016.01.18 07:00:39.689,1.58243,1.58266,1.00,1.37
2016.01.18 07:00:39.740,1.58245,1.58268,1.00,1.12
2016.01.18 07:00:39.842,1.58249,1.58274,1.00,1.12
2016.01.18 07:00:39.944,1.58249,1.58276,1.50,1.12
2016.01.18 07:00:40.401,1.58252,1.58276,1.00,1.12
2016.01.18 07:00:40.738,1.58259,1.58283,1.00,1.75
2016.01.18 07:00:40.840,1.58259,1.58284,1.00,1.50
2016.01.18 07:00:40.993,1.58261,1.58285,1.00,1.37
2016.01.18 07:00:41.146,1.58261,1.58288,1.12,1.50
2016.01.18 07:00:41.502,1.58258,1.58286,1.75,1.50
2016.01.18 07:00:41.553,1.58256,1.58285,1.50,1.12
2016.01.18 07:00:42.023,1.58257,1.58284,1.12,1.00
2016.01.18 07:00:42.391,1.58255,1.5828,1.75,1.00
2016.01.18 07:00:42.829,1.58254,1.58278,1.12,1.00
2016.01.18 07:00:43.238,1.58254,1.58281,1.12,1.00
2016.01.18 07:00:43.875,1.58254,1.5828,1.12,1.00
2016.01.18 07:00:44.182,1.58254,1.58282,1.12,1.12
2016.01.18 07:00:44.589,1.58254,1.5828,1.12,1.00
2016.01.18 07:00:44.856,1.58252,1.58278,1.00,1.00
2016.01.18 07:00:45.259,1.58252,1.58274,1.00,1.00
2016.01.18 07:00:45.311,1.58246,1.58274,1.37,1.87
2016.01.18 07:00:45.920,1.58245,1.58272,1.37,1.50
2016.01.18 07:00:46.830,1.58245,1.58269,1.37,1.00
2016.01.18 07:00:46.933,1.58242,1.58269,1.50,1.12
2016.01.18 07:00:47.635,1.58241,1.58267,1.12,1.00
2016.01.18 07:00:47.943,1.58234,1.58259,1.37,1.00
2016.01.18 07:00:48.579,1.58231,1.58259,1.12,1.12
2016.01.18 07:00:48.631,1.58232,1.58259,1.12,1.00
2016.01.18 07:00:48.936,1.58232,1.58257,1.12,1.00
2016.01.18 07:00:49.039,1.58231,1.58257,1.12,1.00
2016.01.18 07:00:49.932,1.58229,1.58254,1.12,1.00
2016.01.18 07:00:50.340,1.58229,1.58251,1.12,1.00
2016.01.18 07:00:50.442,1.58228,1.58251,1.12,1.00
2016.01.18 07:00:50.850,1.58225,1.58248,1.12,1.00
2016.01.18 07:00:51.029,1.58223,1.58246,1.12,1.00
2016.01.18 07:00:51.847,1.58219,1.58246,1.00,1.00
2016.01.18 07:00:51.898,1.58219,1.58241,1.00,1.00
2016.01.18 07:00:52.227,1.58214,1.58238,1.12,1.00
2016.01.18 07:00:52.329,1.58211,1.58238,1.37,1.12
2016.01.18 07:00:52.482,1.5821,1.58235,1.12,1.00
2016.01.18 07:00:52.789,1.58204,1.5823,1.87,1.00
2016.01.18 07:00:53.330,1.58203,1.5823,1.12,1.00
2016.01.18 07:00:54.343,1.58205,1.5823,1.94,1.00
2016.01.18 07:00:55.127,1.58206,1.58233,1.94,1.12
2016.01.18 07:00:56.539,1.58207,1.58234,1.00,2.62
2016.01.18 07:00:56.738,1.58207,1.58231,1.00,1.12
2016.01.18 07:00:56.840,1.58205,1.58231,1.00,1.12
2016.01.18 07:00:57.246,1.58205,1.58233,1.50,2.25
2016.01.18 07:00:57.348,1.58211,1.58233,1.00,1.50
2016.01.18 07:00:57.654,1.58218,1.58233,1.00,1.00
2016.01.18 07:00:58.453,1.58218,1.58245,1.00,1.87
2016.01.18 07:00:59.149,1.58218,1.58245,1.19,1.87
2016.01.18 07:00:59.748,1.58216,1.58242,1.56,1.87
2016.01.18 07:00:59.799,1.58216,1.58242,1.00,1.87
2016.01.18 07:00:59.901,1.58214,1.5824,1.12,1.12
2016.01.18 07:01:00.020,1.58214,1.5824,1.12,1.87
2016.01.18 07:01:00.530,1.58214,1.58238,1.00,2.25
2016.01.18 07:01:03.761,1.58214,1.58237,1.50,1.00
2016.01.18 07:01:04.066,1.58217,1.58237,1.31,1.00
2016.01.18 07:01:04.168,1.58217,1.58243,2.06,1.50
2016.01.18 07:01:04.372,1.5822,1.58243,1.00,1.50
2016.01.18 07:01:04.732,1.58219,1.58239,1.75,1.00
2016.01.18 07:01:04.785,1.58211,1.58239,1.31,1.87
2016.01.18 07:01:04.837,1.5821,1.58234,2.06,1.00
2016.01.18 07:01:05.144,1.58207,1.58231,1.94,1.00
2016.01.18 07:01:05.195,1.58207,1.58231,1.37,1.00
2016.01.18 07:01:05.247,1.58205,1.58228,1.56,1.00
2016.01.18 07:01:05.299,1.58205,1.58228,1.19,1.00
2016.01.18 07:01:05.803,1.58202,1.58227,1.69,1.00
2016.01.18 07:01:05.907,1.58205,1.58229,1.31,1.12
2016.01.18 07:01:06.263,1.58202,1.58225,1.69,1.00
2016.01.18 07:01:06.314,1.58202,1.58225,1.12,1.00
2016.01.18 07:01:06.569,1.58202,1.58227,1.12,1.00
2016.01.18 07:01:07.068,1.58202,1.58227,1.69,1.00
2016.01.18 07:01:07.475,1.5821,1.58228,1.00,1.00
2016.01.18 07:01:07.526,1.58206,1.58228,1.62,1.00
2016.01.18 07:01:07.577,1.58206,1.5823,1.69,1.12
2016.01.18 07:01:07.628,1.58212,1.5823,1.00,1.00
2016.01.18 07:01:07.871,1.58212,1.58235,1.25,1.12
2016.01.18 07:01:07.973,1.58212,1.58237,1.25,1.50
2016.01.18 07:01:09.060,1.58212,1.58236,1.25,1.00
2016.01.18 07:01:09.162,1.58212,1.58236,1.69,1.00
2016.01.18 07:01:09.365,1.58212,1.58237,1.31,1.75
2016.01.18 07:01:09.993,1.58212,1.58236,1.62,1.12
2016.01.18 07:01:12.397,1.58212,1.58233,1.75,1.00
2016.01.18 07:01:12.959,1.58211,1.58234,1.12,1.00
2016.01.18 07:01:13.147,1.58213,1.58236,1.00,1.12
2016.01.18 07:01:13.249,1.5821,1.58234,2.06,1.00
2016.01.18 07:01:13.351,1.5821,1.58234,1.69,1.00
2016.01.18 07:01:13.808,1.5821,1.58236,1.31,1.12
2016.01.18 07:01:14.113,1.58213,1.58236,1.25,1.12
2016.01.18 07:01:14.374,1.58213,1.58238,1.25,1.12
2016.01.18 07:01:15.219,1.58213,1.58238,1.31,1.12
2016.01.18 07:01:17.179,1.58213,1.58237,1.19,1.12
2016.01.18 07:01:17.484,1.58221,1.5824,1.00,1.00
2016.01.18 07:01:17.790,1.58214,1.58238,1.75,1.12
2016.01.18 07:01:17.893,1.58211,1.58238,1.69,1.75
2016.01.18 07:01:18.098,1.58209,1.58233,1.87,1.50
2016.01.18 07:01:18.296,1.58209,1.58228,1.00,1.00
2016.01.18 07:01:18.602,1.58191,1.58214,1.00,1.50
2016.01.18 07:01:19.155,1.58186,1.58212,1.50,1.00
2016.01.18 07:01:19.410,1.58187,1.58213,1.75,1.87
2016.01.18 07:01:19.817,1.58187,1.58213,1.75,1.75
2016.01.18 07:01:19.868,1.58187,1.58212,1.00,1.12
2016.01.18 07:01:19.919,1.58187,1.58213,1.50,1.50
2016.01.18 07:01:19.971,1.5819,1.58213,1.00,1.00
2016.01.18 07:01:20.226,1.5819,1.58213,1.12,1.37
2016.01.18 07:01:20.788,1.5819,1.58213,1.00,1.50
2016.01.18 07:01:21.322,1.58191,1.58213,1.00,1.12
2016.01.18 07:01:22.449,1.58188,1.58213,1.50,1.12
2016.01.18 07:01:24.094,1.58188,1.58212,1.50,1.00
2016.01.18 07:01:24.600,1.58188,1.58213,1.50,2.06
2016.01.18 07:01:26.055,1.58187,1.58211,1.12,1.00
2016.01.18 07:01:26.207,1.58182,1.58208,1.50,1.50
2016.01.18 07:01:26.411,1.58182,1.58208,1.12,1.87
2016.01.18 07:01:27.226,1.58181,1.58205,1.00,1.50
2016.01.18 07:01:29.420,1.58181,1.58205,1.50,1.50
2016.01.18 07:01:29.813,1.5817,1.58189,1.12,1.00
2016.01.18 07:01:29.915,1.5816,1.58188,1.87,1.50
2016.01.18 07:01:30.017,1.5816,1.58186,1.00,1.37
2016.01.18 07:01:30.324,1.58159,1.58185,1.12,1.12
2016.01.18 07:01:30.933,1.58158,1.58184,1.12,1.12
2016.01.18 07:01:31.831,1.58158,1.58183,1.75,1.12
2016.01.18 07:01:33.141,1.58161,1.58186,1.00,1.50
2016.01.18 07:01:34.882,1.58161,1.58181,1.00,1.00
2016.01.18 07:01:35.217,1.58157,1.58179,1.75,1.00
2016.01.18 07:01:36.749,1.58155,1.58179,1.12,1.00
2016.01.18 07:01:37.254,1.58155,1.5818,1.12,1.00
2016.01.18 07:01:37.741,1.58159,1.58182,1.00,1.12
2016.01.18 07:01:38.046,1.58159,1.58185,1.12,1.12
2016.01.18 07:01:38.554,1.58161,1.58185,1.12,1.00
2016.01.18 07:01:39.328,1.58158,1.58182,1.12,1.00
2016.01.18 07:01:39.430,1.58158,1.58182,1.37,1.00
2016.01.18 07:01:39.947,1.58159,1.58182,1.12,1.00
2016.01.18 07:01:40.617,1.58158,1.58182,1.12,1.00
2016.01.18 07:01:40.822,1.58155,1.58182,1.50,1.00
2016.01.18 07:01:41.358,1.58154,1.58182,1.12,1.61
2016.01.18 07:01:42.460,1.58154,1.58182,1.12,2.74
2016.01.18 07:01:42.866,1.58156,1.58182,1.87,1.24
2016.01.18 07:01:43.171,1.58151,1.5818,1.87,1.61
2016.01.18 07:01:43.223,1.58151,1.5818,1.50,1.61
2016.01.18 07:01:43.376,1.5815,1.58176,1.12,1.00
2016.01.18 07:01:43.678,1.58148,1.58173,1.12,1.00
2016.01.18 07:01:43.882,1.58149,1.58175,1.50,1.15
2016.01.18 07:01:43.934,1.58149,1.58171,1.37,1.00
2016.01.18 07:01:44.038,1.58149,1.5817,1.00,1.00
2016.01.18 07:01:44.140,1.58144,1.58168,1.12,1.00
2016.01.18 07:01:44.242,1.58143,1.58168,1.75,1.00
2016.01.18 07:01:44.791,1.58142,1.58166,1.12,1.24
2016.01.18 07:01:44.943,1.58137,1.58157,1.00,1.00
2016.01.18 07:01:44.995,1.58137,1.58162,1.00,1.00
2016.01.18 07:01:45.046,1.58136,1.58162,1.75,1.49
2016.01.18 07:01:45.148,1.58131,1.58157,1.12,1.61
2016.01.18 07:01:45.302,1.58129,1.58154,1.12,1.50
2016.01.18 07:01:45.440,1.58127,1.5815,1.50,1.00
2016.01.18 07:01:45.643,1.58124,1.58147,1.50,1.00
2016.01.18 07:01:45.796,1.58124,1.58151,1.12,1.84
2016.01.18 07:01:45.848,1.58127,1.58151,1.00,1.34
2016.01.18 07:01:46.153,1.58127,1.58148,1.12,1.00
2016.01.18 07:01:46.205,1.58127,1.58151,1.12,1.00
2016.01.18 07:01:46.389,1.58129,1.58151,1.00,1.00
2016.01.18 07:01:46.898,1.58131,1.58151,1.00,1.34
2016.01.18 07:01:47.051,1.58129,1.58153,1.00,1.34
2016.01.18 07:01:47.103,1.58129,1.58153,1.00,1.00
2016.01.18 07:01:47.154,1.58131,1.58153,1.00,1.00
2016.01.18 07:01:47.286,1.58125,1.5815,1.50,1.00
2016.01.18 07:01:47.337,1.58124,1.58147,1.12,1.00
2016.01.18 07:01:47.445,1.58119,1.58144,1.00,1.00
2016.01.18 07:01:47.548,1.58117,1.58144,1.00,1.50
2016.01.18 07:01:47.599,1.58119,1.58143,1.00,1.00
2016.01.18 07:01:47.906,1.58123,1.58145,1.00,1.00
2016.01.18 07:01:48.416,1.5812,1.58145,1.00,1.00
2016.01.18 07:01:48.570,1.5812,1.58143,1.00,1.00
2016.01.18 07:01:48.878,1.58112,1.5813,1.87,1.00
2016.01.18 07:01:49.023,1.58112,1.5813,1.00,1.00
2016.01.18 07:01:49.074,1.58107,1.58133,1.87,1.00
2016.01.18 07:01:49.227,1.58109,1.58133,1.00,1.00
2016.01.18 07:01:49.330,1.58109,1.58135,1.00,1.00
2016.01.18 07:01:49.382,1.5811,1.58137,1.37,1.00
2016.01.18 07:01:49.686,1.58112,1.58135,1.00,1.00
2016.01.18 07:01:50.024,1.58107,1.58133,1.75,1.00
2016.01.18 07:01:50.075,1.58107,1.58133,1.50,1.00
2016.01.18 07:01:50.177,1.58107,1.58131,1.00,1.00
2016.01.18 07:01:50.279,1.58107,1.58133,1.00,1.00
2016.01.18 07:01:50.330,1.58109,1.58134,1.50,1.00
2016.01.18 07:01:50.483,1.58111,1.58137,1.00,1.00
2016.01.18 07:01:50.535,1.58114,1.58138,1.00,1.00
2016.01.18 07:01:50.878,1.58113,1.58136,1.00,1.00
2016.01.18 07:01:51.184,1.58113,1.58138,1.00,1.00
2016.01.18 07:01:51.693,1.58112,1.58137,1.00,1.00
2016.01.18 07:01:51.745,1.58109,1.58135,2.25,1.00
2016.01.18 07:01:52.090,1.58107,1.58131,1.00,1.00
2016.01.18 07:01:52.142,1.58107,1.58133,1.50,1.00
2016.01.18 07:01:52.193,1.58108,1.58133,1.50,1.00
2016.01.18 07:01:52.503,1.58108,1.58131,1.37,1.00
2016.01.18 07:01:52.555,1.58107,1.58133,1.87,1.00
2016.01.18 07:01:52.758,1.58107,1.58131,1.37,1.00
2016.01.18 07:01:52.810,1.58106,1.58132,1.87,1.00
2016.01.18 07:01:52.861,1.58106,1.58132,2.25,1.00
2016.01.18 07:01:53.372,1.58107,1.58132,2.06,1.00
2016.01.18 07:01:53.678,1.58109,1.58134,1.69,1.00
2016.01.18 07:01:54.225,1.58112,1.5814,1.06,1.50
2016.01.18 07:01:54.277,1.58113,1.58138,1.09,1.50
2016.01.18 07:01:54.583,1.58115,1.58135,1.12,1.00
2016.01.18 07:01:55.092,1.58114,1.58135,1.12,1.00
2016.01.18 07:01:55.640,1.58115,1.58135,1.37,1.00
2016.01.18 07:01:57.295,1.58116,1.58135,1.12,1.00
2016.01.18 07:01:57.398,1.58116,1.58138,1.12,1.00
2016.01.18 07:01:57.449,1.58116,1.58141,1.12,1.00
2016.01.18 07:01:57.552,1.58118,1.58143,1.12,1.00
2016.01.18 07:01:57.679,1.58122,1.58147,1.12,2.25
2016.01.18 07:01:57.987,1.58128,1.58149,1.12,1.00
2016.01.18 07:01:58.930,1.58128,1.58151,1.12,1.00
2016.01.18 07:01:59.032,1.58128,1.58149,1.12,1.00
2016.01.18 07:01:59.337,1.58126,1.58149,1.12,1.00
2016.01.18 07:01:59.388,1.58128,1.58154,1.50,2.25
2016.01.18 07:02:00.083,1.58131,1.58154,1.00,1.37
2016.01.18 07:02:00.134,1.58129,1.58154,1.12,1.50
2016.01.18 07:02:00.185,1.58131,1.58154,1.00,1.87
2016.01.18 07:02:00.390,1.58133,1.58155,1.00,1.00
2016.01.18 07:02:00.818,1.58135,1.58155,1.00,1.00
2016.01.18 07:02:00.982,1.58137,1.58158,1.00,1.50
2016.01.18 07:02:01.492,1.58142,1.5816,1.00,1.37
2016.01.18 07:02:01.646,1.58149,1.58169,1.00,1.87
2016.01.18 07:02:01.748,1.58151,1.58171,1.09,1.12
2016.01.18 07:02:01.800,1.58153,1.58174,1.00,1.12
2016.01.18 07:02:02.017,1.58153,1.58174,1.00,1.00
2016.01.18 07:02:02.551,1.58158,1.58177,1.00,1.12
2016.01.18 07:02:02.755,1.58161,1.58187,1.56,1.87
2016.01.18 07:02:03.271,1.58168,1.58191,1.00,1.87
2016.01.18 07:02:03.424,1.58171,1.58195,1.00,1.12
2016.01.18 07:02:03.527,1.58169,1.58195,1.56,1.00
2016.01.18 07:02:03.630,1.58168,1.58193,2.31,1.00
2016.01.18 07:02:04.159,1.58167,1.58191,2.44,1.00
2016.01.18 07:02:04.787,1.58167,1.5819,1.19,1.00
2016.01.18 07:02:05.122,1.58165,1.58186,1.56,1.00
2016.01.18 07:02:06.369,1.58163,1.58186,1.19,1.00
2016.01.18 07:02:07.510,1.58163,1.58186,1.19,1.75
2016.01.18 07:02:07.613,1.5816,1.58185,1.87,1.75
2016.01.18 07:02:07.664,1.5816,1.58183,1.50,1.00
2016.01.18 07:02:07.716,1.5816,1.58183,1.56,1.00
2016.01.18 07:02:08.430,1.58161,1.58187,1.56,1.87
2016.01.18 07:02:08.928,1.58158,1.58184,1.69,1.50
2016.01.18 07:02:09.437,1.58158,1.58184,1.56,1.37
2016.01.18 07:02:10.410,1.58161,1.58186,1.25,1.87
2016.01.18 07:02:10.461,1.58164,1.58187,1.25,1.12
2016.01.18 07:02:10.846,1.58167,1.5819,1.19,1.37
2016.01.18 07:02:11.353,1.58167,1.5819,1.25,1.37
2016.01.18 07:02:11.915,1.58165,1.5819,1.19,1.87
2016.01.18 07:02:12.736,1.5816,1.58188,1.50,2.25
2016.01.18 07:02:12.838,1.5816,1.58184,1.00,1.37
2016.01.18 07:02:13.339,1.5816,1.58184,1.19,1.37
2016.01.18 07:02:13.542,1.58164,1.58189,1.00,1.87
2016.01.18 07:02:13.645,1.58162,1.58188,1.12,1.12
2016.01.18 07:02:13.697,1.58166,1.5819,1.00,1.87
2016.01.18 07:02:14.205,1.58167,1.58192,1.25,1.12
2016.01.18 07:02:16.521,1.58167,1.58193,1.25,2.62
2016.01.18 07:02:16.827,1.58169,1.58193,1.00,1.50
2016.01.18 07:02:16.966,1.58167,1.58193,1.25,2.25
2016.01.18 07:02:19.027,1.58167,1.58192,1.25,1.75
2016.01.18 07:02:19.484,1.58165,1.58185,1.19,1.00
2016.01.18 07:02:22.339,1.58163,1.58183,1.31,1.00
2016.01.18 07:02:22.689,1.58162,1.58181,1.56,1.00
2016.01.18 07:02:23.197,1.58162,1.58181,1.00,1.12
2016.01.18 07:02:23.502,1.58162,1.58178,1.00,1.00
2016.01.18 07:02:24.494,1.58157,1.58178,1.56,1.00
2016.01.18 07:02:24.546,1.58157,1.5818,1.56,1.00
2016.01.18 07:02:24.749,1.58157,1.5818,1.69,1.00
2016.01.18 07:02:28.348,1.58157,1.5818,1.69,1.12
2016.01.18 07:02:28.450,1.58161,1.58183,1.00,1.50
2016.01.18 07:02:28.755,1.58171,1.58192,1.94,1.12
2016.01.18 07:02:28.806,1.58173,1.58195,1.37,1.00
2016.01.18 07:02:28.857,1.58173,1.58191,1.37,1.00
2016.01.18 07:02:28.959,1.58173,1.58196,1.87,1.00
2016.01.18 07:02:29.214,1.58174,1.58199,2.62,1.00
2016.01.18 07:02:29.486,1.58177,1.58199,1.75,1.00
2016.01.18 07:02:29.859,1.58178,1.58199,1.37,1.00
2016.01.18 07:02:30.366,1.58178,1.582,1.12,1.00
2016.01.18 07:02:32.280,1.58178,1.58199,1.12,1.00
2016.01.18 07:02:34.396,1.58178,1.58196,1.12,1.00
2016.01.18 07:02:37.395,1.58178,1.582,1.12,1.50
2016.01.18 07:02:38.351,1.58178,1.58202,2.62,1.50
2016.01.18 07:02:38.454,1.58179,1.58204,1.87,1.00
2016.01.18 07:02:38.831,1.58182,1.58205,1.37,1.50
2016.01.18 07:02:38.883,1.58183,1.58207,2.25,1.00
2016.01.18 07:02:38.934,1.58186,1.58207,1.31,1.00
2016.01.18 07:02:38.985,1.58187,1.5821,1.31,1.00
2016.01.18 07:02:39.087,1.58193,1.58214,1.00,1.37
2016.01.18 07:02:39.139,1.58193,1.58214,1.19,1.00
2016.01.18 07:02:39.190,1.58197,1.58215,1.00,1.00
2016.01.18 07:02:39.293,1.58197,1.58219,1.12,1.50
2016.01.18 07:02:39.395,1.582,1.58221,1.69,1.00
2016.01.18 07:02:39.918,1.582,1.5822,1.69,1.00
2016.01.18 07:02:40.274,1.582,1.58214,1.69,1.00
2016.01.18 07:02:40.427,1.58194,1.58214,1.31,1.00
2016.01.18 07:02:42.964,1.58194,1.58217,1.12,1.00
2016.01.18 07:02:43.168,1.58197,1.58221,1.00,1.50
2016.01.18 07:02:43.270,1.58197,1.58221,2.81,1.00
2016.01.18 07:02:43.321,1.58198,1.58223,1.69,1.87
2016.01.18 07:02:44.308,1.58199,1.58221,1.87,1.00
2016.01.18 07:02:45.928,1.58199,1.58223,3.00,1.87
2016.01.18 07:02:45.979,1.58199,1.58221,2.62,1.00
2016.01.18 07:02:46.505,1.58201,1.58222,1.50,1.00
2016.01.18 07:02:46.811,1.58207,1.58226,1.00,1.12
2016.01.18 07:02:47.319,1.58206,1.58226,1.00,1.12
2016.01.18 07:02:48.977,1.58202,1.58225,1.12,1.00
2016.01.18 07:02:49.281,1.58202,1.58225,1.00,1.75
2016.01.18 07:02:49.789,1.582,1.58224,1.19,1.12
2016.01.18 07:02:50.500,1.582,1.58224,1.00,1.12
2016.01.18 07:02:52.259,1.582,1.58222,1.19,1.12
2016.01.18 07:02:53.035,1.582,1.58222,1.00,1.12
2016.01.18 07:02:53.340,1.58202,1.58224,1.00,1.87
2016.01.18 07:02:53.899,1.58197,1.58222,1.50,1.12
2016.01.18 07:02:54.001,1.58197,1.5822,1.50,1.00
2016.01.18 07:02:54.315,1.58199,1.58218,1.00,1.50
2016.01.18 07:02:54.624,1.58201,1.58223,1.00,1.87
2016.01.18 07:02:54.827,1.58201,1.58225,1.00,2.25
2016.01.18 07:02:54.980,1.58198,1.58223,1.50,2.25
2016.01.18 07:02:55.031,1.58198,1.58219,1.00,1.00
2016.01.18 07:02:55.572,1.58198,1.58219,1.00,1.75
2016.01.18 07:02:56.079,1.58198,1.58219,1.00,1.87
2016.01.18 07:02:56.610,1.58196,1.58219,1.00,1.87
2016.01.18 07:02:56.662,1.58198,1.58219,1.00,1.87
2016.01.18 07:02:57.116,1.58198,1.58219,1.00,1.00
2016.01.18 07:02:57.220,1.58202,1.58219,1.00,1.00
2016.01.18 07:02:57.425,1.58205,1.58227,1.00,1.12
2016.01.18 07:02:57.628,1.58208,1.58227,1.00,1.12
2016.01.18 07:02:57.730,1.58208,1.5823,1.00,1.50
2016.01.18 07:02:58.246,1.58208,1.58231,1.00,1.50
2016.01.18 07:03:00.374,1.5821,1.58233,1.00,1.12
2016.01.18 07:03:00.906,1.58207,1.5823,1.12,1.12
2016.01.18 07:03:02.067,1.58208,1.58235,1.87,1.75
2016.01.18 07:03:02.119,1.58209,1.58235,1.12,1.12
2016.01.18 07:03:02.719,1.58209,1.58232,1.12,1.00
2016.01.18 07:03:03.125,1.58209,1.58234,1.87,1.00
2016.01.18 07:03:03.665,1.58207,1.58233,2.25,1.37
2016.01.18 07:03:03.716,1.58207,1.58233,1.87,1.87
2016.01.18 07:03:04.125,1.58207,1.58233,2.25,1.50
2016.01.18 07:03:04.758,1.58208,1.58233,1.12,1.12
2016.01.18 07:03:05.578,1.58209,1.58233,1.12,1.12
2016.01.18 07:03:05.881,1.58211,1.58234,1.12,1.00
2016.01.18 07:03:06.494,1.5821,1.58235,1.87,1.00
2016.01.18 07:03:06.546,1.5821,1.58235,1.50,1.12
2016.01.18 07:03:06.779,1.58212,1.58238,1.87,1.37
2016.01.18 07:03:06.911,1.58214,1.58239,1.75,1.12
2016.01.18 07:03:07.064,1.58215,1.58241,1.87,1.12
2016.01.18 07:03:07.116,1.58215,1.58239,1.12,1.00
2016.01.18 07:03:08.936,1.58215,1.58238,1.12,1.00
2016.01.18 07:03:13.961,1.58215,1.58236,1.12,1.00
2016.01.18 07:03:14.453,1.58213,1.58229,1.12,1.00
2016.01.18 07:03:14.504,1.58214,1.5824,1.50,1.37
2016.01.18 07:03:14.555,1.58216,1.5824,1.00,1.75
2016.01.18 07:03:14.811,1.58221,1.58243,1.00,1.87
2016.01.18 07:03:14.863,1.58221,1.58243,1.50,1.37
2016.01.18 07:03:14.914,1.58223,1.58246,1.12,1.00
2016.01.18 07:03:14.965,1.58223,1.58246,1.00,1.50
2016.01.18 07:03:15.409,1.58221,1.58244,1.00,1.00
2016.01.18 07:03:15.613,1.58219,1.58244,1.00,1.00
2016.01.18 07:03:15.664,1.58219,1.58243,1.00,1.37
2016.01.18 07:03:15.970,1.58214,1.58239,1.12,1.37
2016.01.18 07:03:16.021,1.58213,1.58239,2.25,1.50
2016.01.18 07:03:16.408,1.58211,1.58237,2.62,1.12
2016.01.18 07:03:16.662,1.58211,1.58235,1.50,1.12
2016.01.18 07:03:16.966,1.58215,1.58237,1.00,1.75
2016.01.18 07:03:17.119,1.58212,1.58235,1.00,1.62
2016.01.18 07:03:17.356,1.58207,1.58233,3.00,1.12
2016.01.18 07:03:17.762,1.58207,1.58232,1.37,1.50
2016.01.18 07:03:17.945,1.58205,1.58232,2.25,2.62
2016.01.18 07:03:18.098,1.58205,1.58232,2.62,3.00
2016.01.18 07:03:18.200,1.58205,1.58232,2.25,3.37
2016.01.18 07:03:19.560,1.5821,1.58232,1.00,1.12
2016.01.18 07:03:19.821,1.58212,1.58238,1.50,1.50
2016.01.18 07:03:20.362,1.58212,1.58236,1.00,1.00
2016.01.18 07:03:21.379,1.58211,1.58236,1.00,1.00
2016.01.18 07:03:23.299,1.58209,1.58235,1.12,1.87
2016.01.18 07:03:25.372,1.5821,1.58235,1.00,2.62
2016.01.18 07:03:25.575,1.5821,1.58235,1.50,1.50
2016.01.18 07:03:26.490,1.58211,1.58236,1.12,1.37
2016.01.18 07:03:27.075,1.58211,1.58236,1.50,1.00
2016.01.18 07:03:28.596,1.58211,1.58237,1.50,1.50
2016.01.18 07:03:29.263,1.58212,1.58237,1.00,1.50
2016.01.18 07:03:29.314,1.58213,1.58237,1.50,1.12
2016.01.18 07:03:29.417,1.58214,1.5824,1.75,1.12
2016.01.18 07:03:29.520,1.58217,1.58242,1.00,2.25
2016.01.18 07:03:30.576,1.58219,1.58242,1.00,1.00
2016.01.18 07:03:30.780,1.58223,1.58247,1.12,1.87
2016.01.18 07:03:30.832,1.58223,1.58247,1.87,1.12
2016.01.18 07:03:31.145,1.58225,1.58249,1.12,1.00
2016.01.18 07:03:31.525,1.58225,1.58247,1.12,1.00
2016.01.18 07:03:32.034,1.58227,1.58247,1.12,1.00
2016.01.18 07:03:32.086,1.58227,1.5825,1.12,1.00
2016.01.18 07:03:34.026,1.58224,1.58247,1.50,1.00
2016.01.18 07:03:34.184,1.58224,1.58245,1.50,1.00
2016.01.18 07:03:34.503,1.58223,1.58245,1.00,1.00
2016.01.18 07:03:34.605,1.58223,1.58242,1.00,1.00
2016.01.18 07:03:34.860,1.58216,1.58238,1.50,1.00
2016.01.18 07:03:35.409,1.58215,1.58238,2.25,1.00
2016.01.18 07:03:35.867,1.58214,1.58235,1.37,1.00
2016.01.18 07:03:35.918,1.58213,1.58235,1.87,1.00
2016.01.18 07:03:36.335,1.5821,1.58235,1.50,1.50
2016.01.18 07:03:36.858,1.5821,1.58233,1.50,1.00
2016.01.18 07:03:39.093,1.5821,1.58232,1.50,1.25
2016.01.18 07:03:39.582,1.58208,1.58229,1.87,1.00
2016.01.18 07:03:39.735,1.58208,1.58229,1.50,1.00
2016.01.18 07:03:39.932,1.58206,1.58231,1.87,1.00
2016.01.18 07:03:40.034,1.58209,1.58234,1.12,1.00
2016.01.18 07:03:40.169,1.5821,1.58231,1.12,1.00
2016.01.18 07:03:40.322,1.58207,1.58231,1.50,1.00
2016.01.18 07:03:40.526,1.58206,1.5823,1.50,1.00
2016.01.18 07:03:40.577,1.58206,1.58228,1.50,1.00
2016.01.18 07:03:41.089,1.58206,1.5823,1.50,1.00
2016.01.18 07:03:42.591,1.58206,1.58231,1.50,1.12
2016.01.18 07:03:43.697,1.58206,1.5823,1.50,1.00
2016.01.18 07:03:44.477,1.58207,1.5823,1.37,1.00
2016.01.18 07:03:45.002,1.58208,1.5823,1.12,1.00
2016.01.18 07:03:45.522,1.58208,1.58231,1.12,1.00
2016.01.18 07:03:46.708,1.58209,1.58236,1.50,1.12
2016.01.18 07:03:46.759,1.5821,1.58237,1.37,2.36
2016.01.18 07:03:47.106,1.58214,1.58238,1.12,1.24
2016.01.18 07:03:47.614,1.58214,1.58238,1.12,1.00
2016.01.18 07:03:48.267,1.58214,1.58235,1.37,1.00
2016.01.18 07:03:48.472,1.58209,1.58232,1.12,1.00
2016.01.18 07:03:48.625,1.58209,1.58234,1.12,1.00
2016.01.18 07:03:48.791,1.58211,1.58234,1.12,1.00
2016.01.18 07:03:49.243,1.58214,1.58235,1.12,1.00
2016.01.18 07:03:49.295,1.58214,1.58237,1.12,1.00
2016.01.18 07:03:49.568,1.58214,1.58239,1.75,1.00
2016.01.18 07:03:49.978,1.58217,1.58239,1.37,1.00
2016.01.18 07:03:50.227,1.58217,1.58241,1.37,1.00
2016.01.18 07:03:50.532,1.58218,1.58243,1.87,1.00
2016.01.18 07:03:52.307,1.58218,1.58242,1.12,1.00
2016.01.18 07:03:54.055,1.58217,1.58242,1.12,1.12
2016.01.18 07:03:55.171,1.58219,1.58242,1.12,1.00
2016.01.18 07:03:56.065,1.58218,1.58242,1.12,1.00
2016.01.18 07:03:56.869,1.58218,1.58244,1.12,1.12
2016.01.18 07:03:57.370,1.58221,1.58244,1.00,1.00
2016.01.18 07:03:57.940,1.58221,1.58245,1.00,1.00
2016.01.18 07:03:58.479,1.58221,1.58244,1.00,1.00
2016.01.18 07:04:01.758,1.58221,1.58241,1.00,1.00
2016.01.18 07:04:02.096,1.5822,1.58236,1.12,1.00
2016.01.18 07:04:02.404,1.5821,1.5823,1.12,1.00
2016.01.18 07:04:02.912,1.58211,1.5823,1.12,1.00
2016.01.18 07:04:03.192,1.58209,1.5823,1.50,1.00
2016.01.18 07:04:03.552,1.58207,1.58228,1.87,1.00
2016.01.18 07:04:03.604,1.58209,1.58235,1.50,1.12
2016.01.18 07:04:04.019,1.58209,1.58235,1.87,1.12
2016.01.18 07:04:05.304,1.58209,1.58234,1.87,1.00
2016.01.18 07:04:06.096,1.58209,1.58236,1.87,2.25
2016.01.18 07:04:06.617,1.58209,1.58235,1.50,2.25
2016.01.18 07:04:06.821,1.58207,1.58232,1.50,1.12
2016.01.18 07:04:06.969,1.58204,1.5823,1.12,1.12
2016.01.18 07:04:07.275,1.582,1.58226,1.50,1.75
2016.01.18 07:04:07.430,1.58198,1.58224,1.50,1.50
2016.01.18 07:04:07.583,1.58198,1.58223,1.00,1.87
2016.01.18 07:04:10.074,1.58198,1.58219,1.12,1.00
2016.01.18 07:04:10.430,1.58195,1.58219,1.12,1.12
2016.01.18 07:04:11.495,1.58196,1.58219,1.00,1.12
2016.01.18 07:04:12.043,1.58194,1.58219,1.50,1.12
2016.01.18 07:04:12.450,1.58196,1.58216,1.00,1.00
2016.01.18 07:04:12.815,1.58194,1.58216,1.00,1.00
2016.01.18 07:04:13.331,1.58191,1.58215,1.87,1.12
2016.01.18 07:04:13.382,1.58189,1.58213,1.37,1.00
2016.01.18 07:04:13.943,1.58193,1.58213,1.00,1.00
2016.01.18 07:04:16.527,1.58191,1.58213,1.00,1.00
2016.01.18 07:04:17.046,1.5819,1.58213,1.50,1.00
2016.01.18 07:04:17.406,1.58188,1.58211,1.75,1.00
2016.01.18 07:04:18.126,1.58188,1.58211,1.87,1.00
2016.01.18 07:04:18.380,1.58188,1.58214,1.87,2.21
2016.01.18 07:04:18.751,1.58188,1.58212,1.87,1.00
2016.01.18 07:04:21.111,1.58188,1.58212,1.75,1.00
2016.01.18 07:04:21.632,1.58188,1.58212,1.87,1.00
2016.01.18 07:04:23.871,1.58193,1.58212,1.00,1.00
2016.01.18 07:04:23.922,1.58193,1.58216,1.37,1.62
2016.01.18 07:04:24.064,1.58194,1.58216,1.50,1.25
2016.01.18 07:04:24.891,1.58194,1.58216,1.12,1.19
2016.01.18 07:04:25.125,1.58191,1.58216,1.12,1.19
2016.01.18 07:04:26.101,1.58192,1.58216,1.75,1.25
2016.01.18 07:04:27.653,1.58192,1.58216,1.37,1.62
2016.01.18 07:04:28.195,1.58194,1.58216,1.00,1.25
2016.01.18 07:04:28.303,1.58192,1.58216,1.00,1.25
2016.01.18 07:04:29.750,1.58192,1.58213,1.00,1.00
2016.01.18 07:04:30.208,1.5819,1.58213,1.00,1.00
2016.01.18 07:04:32.448,1.58192,1.58213,1.12,1.00
2016.01.18 07:04:32.702,1.58192,1.58217,1.87,1.87
2016.01.18 07:04:32.753,1.58192,1.58217,1.87,1.00
2016.01.18 07:04:33.262,1.58196,1.58219,1.12,1.00
2016.01.18 07:04:33.674,1.58196,1.58221,1.12,2.81
2016.01.18 07:04:34.030,1.58196,1.58219,1.12,1.00
2016.01.18 07:04:34.734,1.58196,1.58221,1.12,2.06
2016.01.18 07:04:34.938,1.58195,1.58221,1.50,2.44
2016.01.18 07:04:36.082,1.58195,1.58219,1.12,1.37
2016.01.18 07:04:36.848,1.58195,1.58221,1.37,2.81
2016.01.18 07:04:36.950,1.58195,1.58221,1.75,1.69
2016.01.18 07:04:39.257,1.58196,1.58221,1.37,1.12
2016.01.18 07:04:41.335,1.58196,1.5822,1.12,1.00
2016.01.18 07:04:42.626,1.58196,1.58215,1.12,1.00
2016.01.18 07:04:42.924,1.58178,1.582,2.25,1.00
2016.01.18 07:04:43.180,1.58176,1.58195,1.12,1.00
2016.01.18 07:04:43.486,1.58164,1.58183,1.12,1.00
2016.01.18 07:04:43.537,1.58162,1.58181,1.12,1.00
2016.01.18 07:04:43.683,1.58159,1.58181,1.75,1.00
2016.01.18 07:04:44.193,1.58159,1.58181,1.12,1.00
2016.01.18 07:04:44.448,1.58157,1.5818,1.00,1.00
2016.01.18 07:04:44.785,1.58155,1.58178,1.12,1.00
2016.01.18 07:04:45.091,1.58147,1.58169,1.12,1.00
2016.01.18 07:04:45.193,1.58146,1.58169,1.12,1.00
2016.01.18 07:04:45.550,1.58146,1.58167,1.12,1.00
2016.01.18 07:04:45.652,1.58143,1.58167,1.12,1.00
2016.01.18 07:04:45.884,1.58143,1.58169,1.12,1.12
2016.01.18 07:04:49.106,1.58148,1.58171,1.00,1.87
2016.01.18 07:04:49.209,1.58149,1.58174,1.00,1.12
2016.01.18 07:04:49.261,1.58149,1.58176,1.50,1.75
2016.01.18 07:04:49.313,1.58151,1.58178,1.75,2.25
2016.01.18 07:04:49.415,1.58152,1.58178,1.12,1.12
2016.01.18 07:04:49.957,1.58154,1.58179,1.50,1.00
2016.01.18 07:04:50.109,1.58155,1.58179,1.12,1.00
2016.01.18 07:04:50.667,1.58156,1.58181,1.50,1.50
2016.01.18 07:04:51.671,1.58155,1.58179,1.12,1.00
2016.01.18 07:04:52.180,1.58153,1.58179,1.12,1.87
2016.01.18 07:04:52.718,1.58155,1.58179,1.00,1.50
2016.01.18 07:04:54.484,1.58154,1.58179,1.12,1.50
2016.01.18 07:04:54.789,1.58156,1.58179,1.12,1.00
2016.01.18 07:04:56.252,1.58156,1.58181,1.12,1.00
2016.01.18 07:04:56.354,1.58158,1.58182,1.19,1.87
2016.01.18 07:04:56.608,1.58158,1.58183,1.56,1.12
2016.01.18 07:04:56.724,1.58158,1.58184,2.06,1.87
2016.01.18 07:04:57.334,1.58161,1.58185,1.25,1.12
2016.01.18 07:04:57.538,1.58166,1.58188,1.00,1.50
2016.01.18 07:04:57.743,1.58167,1.58191,1.05,1.50
2016.01.18 07:04:57.794,1.5817,1.58193,1.00,1.75
2016.01.18 07:04:57.846,1.5817,1.58193,1.00,1.12
2016.01.18 07:04:57.981,1.58171,1.58197,1.16,1.87
2016.01.18 07:04:58.908,1.58171,1.58197,1.54,1.00
2016.01.18 07:04:58.959,1.58175,1.58197,1.00,1.00
2016.01.18 07:04:59.143,1.58175,1.58201,1.16,1.87
2016.01.18 07:04:59.245,1.58175,1.58201,1.80,1.50
2016.01.18 07:04:59.347,1.58173,1.58201,2.29,2.62
2016.01.18 07:05:00.712,1.58173,1.582,1.54,1.87
2016.01.18 07:05:01.018,1.58176,1.582,1.00,1.50
2016.01.18 07:05:01.222,1.58176,1.58201,1.00,1.50
2016.01.18 07:05:01.461,1.58179,1.58201,1.00,1.12
2016.01.18 07:05:01.724,1.58181,1.58206,1.12,1.75
2016.01.18 07:05:01.826,1.58183,1.58207,1.50,1.12
2016.01.18 07:05:02.132,1.58185,1.58208,1.00,1.12
2016.01.18 07:05:02.692,1.58186,1.58208,1.00,1.12
2016.01.18 07:05:02.845,1.58181,1.58208,1.91,1.12
2016.01.18 07:05:02.947,1.58184,1.58209,1.91,2.25
2016.01.18 07:05:03.049,1.58186,1.58212,1.91,1.87
2016.01.18 07:05:03.946,1.58189,1.58212,1.00,1.12
2016.01.18 07:05:04.455,1.58187,1.58211,1.50,1.00
2016.01.18 07:05:05.822,1.58188,1.58211,1.12,1.37
2016.01.18 07:05:06.390,1.58189,1.58211,1.05,1.12
2016.01.18 07:05:06.594,1.58185,1.58211,1.16,1.50
2016.01.18 07:05:07.101,1.58187,1.58211,1.04,1.87
2016.01.18 07:05:07.254,1.58187,1.58213,1.16,2.62
2016.01.18 07:05:07.458,1.58188,1.58215,1.16,2.25
2016.01.18 07:05:07.647,1.58192,1.58215,1.00,1.50
2016.01.18 07:05:08.418,1.58188,1.58213,1.91,1.00
2016.01.18 07:05:08.622,1.58189,1.58211,1.41,1.00
2016.01.18 07:05:08.927,1.58185,1.58208,1.91,1.00
2016.01.18 07:05:09.477,1.58183,1.58208,1.54,1.50
2016.01.18 07:05:09.803,1.58184,1.58209,1.04,1.12
2016.01.18 07:05:10.713,1.58183,1.58206,1.04,1.00
2016.01.18 07:05:10.764,1.58183,1.58204,1.04,1.00
2016.01.18 07:05:10.866,1.5818,1.58204,1.04,1.12
2016.01.18 07:05:11.019,1.58178,1.58201,1.41,1.00
2016.01.18 07:05:11.070,1.58178,1.58203,1.41,1.50
2016.01.18 07:05:11.172,1.58176,1.58203,2.66,1.87
2016.01.18 07:05:11.274,1.58178,1.58203,1.16,1.12
2016.01.18 07:05:12.863,1.58177,1.58203,1.91,1.12
2016.01.18 07:05:13.171,1.58177,1.58201,1.16,1.00
2016.01.18 07:05:13.477,1.5817,1.58192,1.16,1.00
2016.01.18 07:05:13.783,1.58165,1.5819,1.54,1.50
2016.01.18 07:05:14.829,1.58164,1.5819,1.91,1.50
2016.01.18 07:05:15.626,1.58163,1.58189,1.16,1.87
2016.01.18 07:05:15.830,1.58162,1.58184,1.12,1.00
2016.01.18 07:05:15.932,1.5816,1.5818,1.12,1.00
2016.01.18 07:05:16.085,1.58152,1.58175,1.37,1.00
2016.01.18 07:05:16.137,1.58154,1.58171,1.37,1.00
2016.01.18 07:05:16.313,1.58144,1.58169,1.12,1.87
2016.01.18 07:05:16.364,1.58143,1.58169,1.12,2.25
2016.01.18 07:05:16.872,1.58143,1.58167,1.12,1.00
2016.01.18 07:05:16.974,1.58141,1.58167,1.75,1.50
2016.01.18 07:05:17.574,1.5814,1.58167,1.87,1.87
2016.01.18 07:05:18.083,1.58141,1.58167,1.12,1.12
2016.01.18 07:05:18.389,1.5814,1.58164,1.00,1.00
2016.01.18 07:05:18.732,1.58134,1.5816,1.37,1.50
2016.01.18 07:05:18.783,1.58134,1.5816,1.50,1.00
2016.01.18 07:05:20.796,1.58134,1.58161,1.87,1.50
2016.01.18 07:05:20.899,1.58135,1.5816,1.00,1.37
2016.01.18 07:05:22.013,1.58133,1.58157,1.12,1.00
2016.01.18 07:05:22.115,1.58131,1.58157,1.12,1.12
2016.01.18 07:05:22.217,1.58129,1.58155,1.00,1.00
2016.01.18 07:05:25.809,1.58129,1.58145,1.00,1.00
2016.01.18 07:05:26.013,1.58116,1.58139,1.12,1.00
2016.01.18 07:05:26.115,1.58112,1.58139,1.12,1.50
2016.01.18 07:05:26.707,1.58114,1.58139,1.00,1.12
2016.01.18 07:05:30.194,1.58113,1.58138,1.00,1.12
2016.01.18 07:05:30.702,1.58114,1.58138,1.00,1.12
2016.01.18 07:05:30.907,1.58112,1.58138,1.12,1.12
2016.01.18 07:05:31.395,1.58113,1.58139,1.87,1.12
2016.01.18 07:05:31.701,1.58123,1.58142,1.12,1.00
2016.01.18 07:05:32.362,1.58123,1.58143,1.00,1.00
2016.01.18 07:05:32.464,1.58123,1.58148,1.00,1.00
2016.01.18 07:05:35.194,1.58123,1.58149,1.50,1.00
2016.01.18 07:05:35.397,1.58123,1.58151,1.87,1.87
2016.01.18 07:05:35.600,1.58126,1.58153,1.87,2.25
2016.01.18 07:05:36.012,1.58127,1.58155,1.87,2.62
2016.01.18 07:05:36.064,1.58129,1.58155,1.37,1.87
2016.01.18 07:05:36.268,1.58129,1.5815,1.87,1.00
2016.01.18 07:05:36.473,1.58118,1.58144,1.12,1.12
2016.01.18 07:05:36.668,1.58118,1.58142,1.00,1.12
2016.01.18 07:05:36.770,1.5812,1.58144,1.00,1.12
2016.01.18 07:05:36.872,1.5812,1.58147,1.50,2.62
2016.01.18 07:05:37.126,1.5812,1.58145,1.00,1.87
2016.01.18 07:05:37.431,1.58123,1.58145,1.00,1.12
2016.01.18 07:05:37.533,1.58123,1.58148,1.00,1.12
2016.01.18 07:05:37.773,1.58124,1.5815,1.12,1.87
2016.01.18 07:05:37.926,1.58124,1.58148,1.00,1.12
2016.01.18 07:05:38.436,1.58124,1.58148,1.00,1.12
2016.01.18 07:05:38.989,1.58122,1.58147,1.00,1.12
2016.01.18 07:05:39.244,1.5812,1.58144,1.00,1.00
2016.01.18 07:05:39.753,1.58119,1.58138,1.12,1.00
2016.01.18 07:05:39.855,1.58113,1.58138,1.87,1.00
2016.01.18 07:05:39.959,1.5811,1.58137,1.16,1.50
2016.01.18 07:05:41.266,1.5811,1.58135,1.16,1.00
2016.01.18 07:05:41.317,1.58109,1.58135,2.29,1.50
2016.01.18 07:05:41.368,1.58109,1.58135,1.12,1.87
2016.01.18 07:05:41.906,1.58107,1.58132,1.12,1.00
2016.01.18 07:05:42.414,1.58105,1.58132,1.12,1.50
2016.01.18 07:05:42.618,1.58111,1.58133,1.00,1.12
2016.01.18 07:05:42.839,1.58114,1.58141,1.50,1.87
2016.01.18 07:05:42.941,1.58114,1.58138,1.00,1.12
2016.01.18 07:05:43.298,1.58112,1.58138,1.12,1.12
2016.01.18 07:05:46.710,1.58116,1.58138,1.00,1.12
2016.01.18 07:05:46.812,1.58114,1.58138,1.00,1.12
2016.01.18 07:05:48.428,1.58114,1.58137,1.00,1.12
2016.01.18 07:05:49.008,1.58114,1.58138,1.00,1.12
2016.01.18 07:05:49.934,1.58111,1.58138,1.50,1.87
2016.01.18 07:05:50.465,1.58113,1.58139,1.12,1.37
2016.01.18 07:05:50.567,1.58113,1.58141,2.25,1.12
2016.01.18 07:05:50.770,1.58116,1.58142,1.12,1.37
2016.01.18 07:05:51.279,1.58117,1.58142,1.00,1.37
2016.01.18 07:05:54.775,1.58115,1.58142,1.37,1.37
2016.01.18 07:05:55.590,1.58113,1.58139,1.12,1.12
2016.01.18 07:06:00.900,1.58113,1.5814,2.25,1.12
2016.01.18 07:06:01.002,1.58115,1.58141,1.12,1.12
2016.01.18 07:06:01.891,1.58115,1.58142,1.50,1.87
2016.01.18 07:06:02.579,1.58115,1.58141,1.12,1.12
2016.01.18 07:06:03.188,1.58115,1.58142,1.50,1.87
2016.01.18 07:06:03.699,1.58115,1.58141,1.12,1.12
2016.01.18 07:06:05.495,1.58117,1.58141,1.00,1.12
2016.01.18 07:06:05.597,1.58118,1.58144,1.12,1.87
2016.01.18 07:06:05.902,1.58118,1.58146,1.87,1.87
2016.01.18 07:06:06.106,1.58121,1.58148,1.37,1.87
2016.01.18 07:06:06.626,1.58121,1.58146,1.37,1.00
2016.01.18 07:06:07.134,1.58121,1.58147,2.62,1.12
2016.01.18 07:06:08.079,1.58121,1.58143,1.12,1.00
2016.01.18 07:06:08.385,1.58109,1.58129,1.37,1.00
2016.01.18 07:06:08.487,1.58103,1.58129,3.37,1.12
2016.01.18 07:06:08.588,1.58103,1.58126,1.12,1.12
2016.01.18 07:06:09.311,1.58101,1.58126,1.12,1.00
2016.01.18 07:06:09.820,1.58103,1.58126,1.12,1.00
2016.01.18 07:06:10.024,1.58105,1.58128,1.50,1.00
2016.01.18 07:06:10.126,1.58105,1.58125,1.50,1.00
2016.01.18 07:06:10.279,1.58103,1.58129,1.87,1.12
2016.01.18 07:06:10.331,1.58103,1.58129,1.12,1.87
2016.01.18 07:06:10.516,1.58103,1.58129,1.75,1.50
2016.01.18 07:06:11.719,1.58104,1.58129,1.12,1.00
2016.01.18 07:06:12.102,1.58105,1.58132,1.12,1.50
2016.01.18 07:06:12.311,1.58104,1.58131,1.50,1.12
2016.01.18 07:06:12.515,1.58106,1.58133,2.25,1.12
2016.01.18 07:06:12.617,1.5811,1.58138,1.12,1.12
2016.01.18 07:06:12.720,1.58113,1.58139,1.12,1.12
2016.01.18 07:06:15.928,1.58116,1.58142,1.12,1.12
2016.01.18 07:06:16.233,1.58118,1.58144,1.12,1.12
2016.01.18 07:06:20.034,1.58121,1.58147,1.12,1.12
2016.01.18 07:06:20.340,1.58122,1.58149,1.12,1.50
2016.01.18 07:06:21.052,1.58124,1.58152,1.87,2.62
2016.01.18 07:06:21.154,1.58125,1.58152,1.12,1.50
2016.01.18 07:06:21.561,1.58129,1.58155,1.12,1.87
2016.01.18 07:06:21.612,1.58133,1.58158,1.00,1.75
2016.01.18 07:06:21.914,1.5814,1.58166,2.25,1.50
2016.01.18 07:06:22.016,1.58143,1.58171,1.12,1.87
2016.01.18 07:06:22.118,1.58142,1.58167,1.00,1.12
2016.01.18 07:06:22.322,1.58145,1.58171,1.12,1.12
2016.01.18 07:06:22.374,1.5815,1.58171,1.00,1.12
2016.01.18 07:06:22.426,1.58151,1.58175,1.50,1.12
2016.01.18 07:06:22.528,1.58158,1.58181,1.12,1.00
2016.01.18 07:06:22.631,1.58154,1.58181,1.12,1.56
2016.01.18 07:06:22.721,1.58156,1.58182,1.12,1.69
2016.01.18 07:06:23.332,1.58155,1.5818,1.00,2.06
2016.01.18 07:06:23.383,1.58155,1.58179,1.00,1.31
2016.01.18 07:06:23.887,1.58153,1.5818,1.12,2.06
2016.01.18 07:06:24.192,1.58153,1.58171,1.12,1.00
2016.01.18 07:06:24.243,1.58151,1.58171,1.87,1.00
2016.01.18 07:06:24.446,1.58149,1.58171,1.12,1.31
2016.01.18 07:06:24.548,1.58147,1.58171,1.12,1.31
2016.01.18 07:06:24.757,1.58145,1.58162,1.12,1.00
2016.01.18 07:06:25.063,1.58132,1.58147,1.12,1.00
2016.01.18 07:06:25.165,1.58127,1.58144,1.50,1.31
2016.01.18 07:06:25.549,1.5812,1.58144,1.12,2.06
2016.01.18 07:06:26.069,1.58117,1.58141,1.87,1.00
2016.01.18 07:06:26.650,1.58117,1.58144,1.87,1.50
2016.01.18 07:06:26.752,1.58117,1.58143,1.87,1.12
2016.01.18 07:06:31.064,1.58119,1.58143,1.00,1.12
2016.01.18 07:06:31.374,1.58127,1.58152,1.00,1.12
2016.01.18 07:06:31.579,1.58127,1.58146,1.50,1.00
2016.01.18 07:06:31.681,1.58127,1.58149,1.00,1.37
2016.01.18 07:06:31.732,1.58127,1.58144,1.00,1.00
2016.01.18 07:06:32.039,1.58127,1.58141,1.00,1.50
2016.01.18 07:06:32.176,1.58113,1.58141,1.50,1.50
2016.01.18 07:06:33.439,1.58112,1.5814,1.37,1.87
2016.01.18 07:06:33.959,1.58111,1.58139,1.12,1.87
2016.01.18 07:06:36.305,1.58118,1.58141,1.00,1.12
2016.01.18 07:06:36.356,1.58119,1.58145,1.12,1.12
2016.01.18 07:06:36.459,1.58123,1.58149,1.12,1.12
2016.01.18 07:06:36.765,1.58126,1.58154,1.12,1.12
2016.01.18 07:06:37.076,1.58137,1.58158,1.50,1.87
2016.01.18 07:06:37.260,1.58144,1.58166,1.12,1.00
2016.01.18 07:06:37.363,1.58149,1.58172,1.12,1.00
2016.01.18 07:06:37.466,1.5815,1.58172,1.12,1.00
2016.01.18 07:06:37.517,1.5815,1.58176,1.12,1.12
2016.01.18 07:06:37.776,1.58152,1.58181,2.62,1.12
2016.01.18 07:06:38.081,1.58157,1.58182,1.12,1.00
2016.01.18 07:06:38.586,1.58158,1.58185,1.12,1.50
2016.01.18 07:06:39.384,1.58157,1.58183,1.69,1.00
2016.01.18 07:06:39.588,1.58156,1.58182,1.87,1.87
2016.01.18 07:06:39.893,1.58151,1.58175,1.50,1.12
2016.01.18 07:06:40.198,1.58148,1.58172,1.37,1.50
2016.01.18 07:06:40.250,1.58144,1.58172,2.62,1.87
2016.01.18 07:06:40.302,1.58146,1.58172,1.37,1.50
2016.01.18 07:06:40.455,1.58144,1.58172,1.87,1.87
2016.01.18 07:06:40.658,1.58146,1.58172,1.37,1.50
2016.01.18 07:06:41.081,1.58149,1.58175,1.75,1.37
2016.01.18 07:06:41.595,1.58153,1.58175,1.12,1.00
2016.01.18 07:06:41.841,1.58153,1.58177,1.12,1.00
2016.01.18 07:06:41.893,1.58154,1.58177,1.12,1.00
2016.01.18 07:06:42.097,1.58152,1.58178,1.12,1.37
2016.01.18 07:06:42.148,1.58151,1.58178,1.12,1.50
2016.01.18 07:06:42.301,1.58151,1.58175,1.12,1.00
2016.01.18 07:06:42.454,1.58148,1.58175,1.12,1.50
2016.01.18 07:06:42.607,1.58147,1.5817,1.75,1.00
2016.01.18 07:06:42.709,1.58146,1.58174,1.37,1.87
2016.01.18 07:06:42.760,1.58145,1.58172,1.50,1.12
2016.01.18 07:06:42.811,1.58145,1.58171,1.87,1.00
2016.01.18 07:06:43.124,1.58149,1.58174,1.12,1.00
2016.01.18 07:06:44.102,1.58151,1.58174,1.37,1.00
2016.01.18 07:06:44.435,1.58146,1.5816,1.75,1.00
2016.01.18 07:06:44.486,1.58146,1.5816,1.00,1.00
2016.01.18 07:06:45.265,1.58135,1.5816,1.00,1.50
2016.01.18 07:06:45.773,1.58135,1.58158,1.00,1.00
2016.01.18 07:06:46.077,1.58132,1.58155,1.00,1.00
2016.01.18 07:06:47.677,1.58131,1.58158,1.87,1.37
2016.01.18 07:06:47.843,1.58133,1.5816,1.37,1.87
2016.01.18 07:06:48.098,1.58136,1.5816,1.12,1.00
2016.01.18 07:06:48.251,1.58136,1.58164,1.87,1.75
2016.01.18 07:06:49.778,1.58139,1.58164,1.12,1.00
2016.01.18 07:06:50.286,1.58139,1.58165,1.12,1.12
2016.01.18 07:06:59.589,1.58137,1.58165,1.75,1.37
2016.01.18 07:06:59.717,1.58138,1.58164,1.00,1.12
2016.01.18 07:06:59.768,1.58138,1.58166,1.50,1.12
2016.01.18 07:06:59.819,1.58139,1.58168,1.12,1.12
2016.01.18 07:07:05.118,1.58141,1.58169,1.12,2.25
2016.01.18 07:07:05.841,1.58143,1.58169,1.37,2.25
2016.01.18 07:07:06.366,1.58143,1.58169,1.12,1.87
2016.01.18 07:07:06.721,1.58141,1.58169,1.12,1.75
2016.01.18 07:07:10.923,1.5814,1.58168,1.87,1.12
2016.01.18 07:07:11.229,1.58136,1.58164,1.12,1.50
2016.01.18 07:07:11.434,1.58133,1.58159,1.50,1.50
2016.01.18 07:07:13.732,1.58136,1.58159,1.00,1.50
2016.01.18 07:07:13.833,1.58138,1.58165,1.50,2.81
2016.01.18 07:07:13.936,1.58139,1.58165,1.12,1.87
2016.01.18 07:07:15.618,1.58142,1.58165,1.37,1.12
2016.01.18 07:07:15.720,1.58144,1.58168,1.00,1.00
2016.01.18 07:07:15.874,1.5814,1.58168,1.12,1.87
2016.01.18 07:07:16.842,1.58141,1.58164,1.00,1.00
2016.01.18 07:07:16.944,1.58142,1.5817,1.12,2.62
2016.01.18 07:07:17.263,1.58141,1.58168,1.50,1.12
2016.01.18 07:07:17.568,1.58146,1.5817,1.00,1.00
2016.01.18 07:07:17.873,1.58147,1.58175,1.12,1.87
2016.01.18 07:07:18.572,1.58147,1.58172,1.87,1.00
2016.01.18 07:07:19.083,1.58146,1.58172,1.12,1.50
2016.01.18 07:07:19.949,1.58148,1.58175,1.12,1.50
2016.01.18 07:07:20.460,1.5815,1.58175,1.12,1.00
2016.01.18 07:07:20.978,1.5815,1.58178,1.12,1.12
2016.01.18 07:07:21.743,1.58151,1.58179,1.12,2.62
2016.01.18 07:07:21.794,1.58152,1.58179,1.12,2.25
2016.01.18 07:07:21.845,1.5815,1.58178,1.12,1.12
2016.01.18 07:07:22.649,1.5815,1.58176,1.12,1.12
2016.01.18 07:07:23.056,1.58147,1.58174,3.75,1.12
2016.01.18 07:07:25.447,1.58145,1.58169,1.75,1.00
2016.01.18 07:07:25.498,1.58145,1.58169,1.12,1.12
2016.01.18 07:07:25.803,1.58143,1.58167,2.62,1.00
2016.01.18 07:07:25.855,1.58143,1.58167,1.87,1.50
2016.01.18 07:07:26.022,1.58143,1.58167,1.87,1.87
2016.01.18 07:07:26.530,1.58143,1.58163,1.00,1.12
2016.01.18 07:07:26.885,1.58138,1.58163,1.75,1.12
2016.01.18 07:07:26.987,1.58137,1.58163,1.50,1.50
2016.01.18 07:07:27.376,1.58139,1.58163,1.37,1.00
2016.01.18 07:07:30.390,1.58138,1.58163,1.50,1.00
2016.01.18 07:07:30.492,1.58139,1.58166,1.50,1.12
2016.01.18 07:07:30.798,1.58141,1.58169,2.62,1.12
2016.01.18 07:07:31.103,1.58143,1.58171,1.12,1.12
2016.01.18 07:07:31.408,1.58141,1.58169,2.62,1.12
2016.01.18 07:07:31.724,1.58143,1.58171,1.12,1.12
2016.01.18 07:07:32.030,1.58141,1.58169,2.62,1.12
2016.01.18 07:07:32.649,1.58142,1.5817,1.12,1.87
2016.01.18 07:07:32.700,1.58143,1.58171,1.12,1.87
2016.01.18 07:07:33.095,1.58145,1.58169,1.00,1.12
2016.01.18 07:07:33.401,1.58145,1.58171,1.12,1.12
2016.01.18 07:07:33.604,1.58145,1.58169,1.00,1.12
2016.01.18 07:07:34.313,1.58145,1.58171,1.12,1.12
2016.01.18 07:07:34.872,1.58145,1.58169,1.00,1.12
2016.01.18 07:07:35.279,1.58145,1.5817,1.00,1.00
2016.01.18 07:07:37.775,1.58147,1.5817,1.00,1.00
2016.01.18 07:07:38.283,1.5815,1.5817,1.00,1.00
2016.01.18 07:07:38.547,1.58156,1.58181,1.12,1.56
2016.01.18 07:07:38.956,1.58157,1.5818,1.37,1.00
2016.01.18 07:07:39.109,1.58158,1.58183,1.12,1.12
2016.01.18 07:07:39.261,1.58161,1.58183,1.50,1.00
2016.01.18 07:07:39.599,1.58161,1.58185,1.50,1.00
2016.01.18 07:07:40.159,1.58158,1.58185,1.87,1.37
2016.01.18 07:07:40.210,1.58158,1.58185,1.50,1.87
2016.01.18 07:07:40.312,1.58154,1.58179,2.62,1.00
2016.01.18 07:07:40.619,1.58154,1.58173,1.00,1.12
2016.01.18 07:07:40.953,1.58154,1.58171,1.00,1.12
2016.01.18 07:07:41.106,1.58154,1.58171,1.00,1.00
2016.01.18 07:07:41.668,1.58153,1.58171,1.00,1.00
2016.01.18 07:07:41.821,1.58145,1.58171,1.50,1.00
2016.01.18 07:07:43.751,1.58145,1.58173,1.87,1.50
2016.01.18 07:07:43.802,1.58148,1.58173,1.50,1.12
2016.01.18 07:07:43.853,1.58149,1.58175,1.12,1.69
2016.01.18 07:07:44.006,1.58151,1.58179,1.87,2.62
2016.01.18 07:07:45.581,1.5815,1.58178,1.12,1.87
2016.01.18 07:07:45.632,1.58148,1.58177,1.87,1.12
2016.01.18 07:07:46.727,1.58147,1.58174,1.12,1.50
2016.01.18 07:07:47.489,1.58147,1.58174,1.75,1.37
2016.01.18 07:07:47.795,1.5815,1.58176,1.37,1.12
2016.01.18 07:07:48.959,1.5815,1.58173,1.37,1.00
2016.01.18 07:07:51.025,1.5815,1.58173,1.00,1.00
2016.01.18 07:07:51.331,1.58146,1.58173,2.62,1.50
2016.01.18 07:07:51.739,1.58148,1.58173,1.87,1.00
2016.01.18 07:07:51.942,1.58148,1.58173,1.12,1.50
2016.01.18 07:07:52.799,1.58148,1.58173,1.50,1.37
2016.01.18 07:07:53.308,1.58148,1.58173,2.62,1.00
2016.01.18 07:07:53.844,1.58149,1.58176,1.50,1.87
2016.01.18 07:07:54.351,1.58151,1.58177,1.50,1.31
2016.01.18 07:07:54.911,1.58153,1.58179,1.12,1.31
2016.01.18 07:07:55.216,1.58161,1.5818,1.00,1.12
2016.01.18 07:07:55.267,1.58161,1.58188,1.37,2.25
2016.01.18 07:07:55.319,1.58164,1.58188,1.12,1.37
2016.01.18 07:07:55.421,1.58164,1.58192,1.75,1.12
2016.01.18 07:07:55.726,1.58168,1.58193,1.12,1.00
2016.01.18 07:07:56.269,1.58168,1.58196,1.12,2.62
2016.01.18 07:07:56.879,1.58171,1.58196,1.00,1.87
2016.01.18 07:07:58.070,1.58174,1.58198,1.00,1.12
2016.01.18 07:07:58.308,1.58174,1.582,1.87,1.12
2016.01.18 07:07:58.359,1.58177,1.582,1.00,1.12
2016.01.18 07:07:58.866,1.5818,1.58204,1.00,1.12
2016.01.18 07:07:58.970,1.5818,1.58206,1.12,1.12
2016.01.18 07:07:59.462,1.58177,1.58201,1.75,1.00
2016.01.18 07:07:59.667,1.58168,1.58195,1.12,1.50
2016.01.18 07:07:59.820,1.58167,1.58195,1.87,1.87
2016.01.18 07:07:59.871,1.58167,1.58194,1.50,1.12
2016.01.18 07:08:00.075,1.58168,1.58195,1.12,1.50
2016.01.18 07:08:00.469,1.58166,1.5819,1.12,1.00
2016.01.18 07:08:00.572,1.58165,1.5819,1.12,1.00
2016.01.18 07:08:00.624,1.58163,1.58188,1.12,1.12
2016.01.18 07:08:00.676,1.58161,1.58188,1.87,1.50
2016.01.18 07:08:00.881,1.5816,1.58188,1.87,1.87
2016.01.18 07:08:01.389,1.5816,1.58185,1.37,1.00
2016.01.18 07:08:01.935,1.5816,1.58187,1.37,1.37
2016.01.18 07:08:04.193,1.5816,1.58187,1.37,1.75
2016.01.18 07:08:04.694,1.58159,1.58187,1.12,1.87
2016.01.18 07:08:06.185,1.58157,1.58181,1.87,1.00
2016.01.18 07:08:06.288,1.58155,1.58181,2.62,1.12
2016.01.18 07:08:07.200,1.58155,1.58178,1.12,1.00
2016.01.18 07:08:07.828,1.58155,1.58175,1.12,1.00
2016.01.18 07:08:07.981,1.58153,1.58175,1.12,1.00
2016.01.18 07:08:08.514,1.58152,1.58175,1.12,1.00
2016.01.18 07:08:09.288,1.5815,1.58175,1.12,1.00
2016.01.18 07:08:09.339,1.5815,1.58173,1.12,1.00
2016.01.18 07:08:09.595,1.5814,1.58167,1.50,1.94
2016.01.18 07:08:10.018,1.5814,1.58165,1.12,1.00
2016.01.18 07:08:10.490,1.58138,1.58165,1.12,1.50
2016.01.18 07:08:10.795,1.58138,1.58161,1.12,1.00
2016.01.18 07:08:11.140,1.58132,1.58155,1.12,1.00
2016.01.18 07:08:11.497,1.58132,1.58153,1.12,1.00
2016.01.18 07:08:11.599,1.58127,1.5815,1.12,1.00
2016.01.18 07:08:11.853,1.58127,1.58153,1.12,1.12
2016.01.18 07:08:11.905,1.58129,1.58153,1.12,1.00
2016.01.18 07:08:12.238,1.58123,1.5815,1.12,1.50
2016.01.18 07:08:12.396,1.58121,1.5815,1.12,1.87
2016.01.18 07:08:17.132,1.58124,1.58151,1.12,1.50
2016.01.18 07:08:17.285,1.58128,1.58153,1.00,1.00
2016.01.18 07:08:17.625,1.58131,1.58156,1.12,1.00
2016.01.18 07:08:18.034,1.58127,1.58155,1.12,1.12
2016.01.18 07:08:20.412,1.58129,1.58157,1.12,2.62
2016.01.18 07:08:20.734,1.58127,1.58155,1.12,1.12
2016.01.18 07:08:23.660,1.58129,1.58153,1.12,1.00
2016.01.18 07:08:23.711,1.58127,1.58153,1.12,1.12
2016.01.18 07:08:25.755,1.5813,1.58155,1.00,1.12
2016.01.18 07:08:28.690,1.58133,1.58155,1.00,1.12
2016.01.18 07:08:28.811,1.58135,1.58159,1.12,1.00
2016.01.18 07:08:29.066,1.58131,1.58157,1.87,1.12
2016.01.18 07:08:30.184,1.58138,1.58159,1.00,1.12
2016.01.18 07:08:30.235,1.58138,1.58159,1.00,1.12
2016.01.18 07:08:30.337,1.5814,1.58165,1.12,1.00
2016.01.18 07:08:30.439,1.58144,1.58168,1.00,1.19
2016.01.18 07:08:30.542,1.58145,1.58168,1.12,1.19
2016.01.18 07:08:30.956,1.58146,1.58172,1.37,1.00
2016.01.18 07:08:31.160,1.58149,1.58173,1.12,1.25
2016.01.18 07:08:31.360,1.58146,1.58171,1.12,1.00
2016.01.18 07:08:32.180,1.58146,1.58171,1.12,1.31
2016.01.18 07:08:32.333,1.58145,1.58168,1.12,1.25
2016.01.18 07:08:32.779,1.58145,1.58165,1.12,1.00
2016.01.18 07:08:32.830,1.58142,1.58165,1.12,1.00
2016.01.18 07:08:33.342,1.5814,1.58165,1.12,1.00
2016.01.18 07:08:33.886,1.58142,1.58169,2.25,1.12
2016.01.18 07:08:33.953,1.58144,1.58171,1.12,2.25
2016.01.18 07:08:34.055,1.58146,1.58171,1.12,1.00
2016.01.18 07:08:34.564,1.58146,1.58173,1.87,1.50
2016.01.18 07:08:35.656,1.5815,1.58176,1.12,1.12
2016.01.18 07:08:35.962,1.58146,1.58174,3.75,1.12
2016.01.18 07:08:36.063,1.58147,1.58175,1.12,1.12
2016.01.18 07:08:36.267,1.58146,1.58173,1.50,1.75
2016.01.18 07:08:36.605,1.58145,1.58169,1.00,1.12
2016.01.18 07:08:37.120,1.58142,1.58169,2.25,1.12
2016.01.18 07:08:37.425,1.58136,1.58165,1.75,2.62
2016.01.18 07:08:37.559,1.58136,1.58161,1.00,1.12
2016.01.18 07:08:39.510,1.58135,1.58161,1.12,1.12
2016.01.18 07:08:39.562,1.58133,1.58159,1.87,1.12
2016.01.18 07:08:39.867,1.58133,1.58156,1.00,1.12
2016.01.18 07:08:40.190,1.58137,1.58155,1.00,1.12
2016.01.18 07:08:40.242,1.58137,1.58159,1.00,1.12
2016.01.18 07:08:40.344,1.58137,1.58161,1.00,1.87
2016.01.18 07:08:40.851,1.58135,1.5816,1.12,1.56
2016.01.18 07:08:41.056,1.58135,1.58158,1.00,1.75
2016.01.18 07:08:42.872,1.58135,1.58156,1.00,1.87
2016.01.18 07:08:43.753,1.58133,1.58153,1.00,1.00
2016.01.18 07:08:43.855,1.58131,1.5815,1.50,1.00
2016.01.18 07:08:43.957,1.58128,1.5815,2.25,1.00
2016.01.18 07:08:44.059,1.58128,1.58147,1.00,1.00
2016.01.18 07:08:44.303,1.58128,1.5815,1.00,1.37
2016.01.18 07:08:45.583,1.58129,1.58152,1.50,1.31
2016.01.18 07:08:45.766,1.58129,1.58154,2.25,1.94
2016.01.18 07:08:45.817,1.58132,1.58154,1.00,1.12
2016.01.18 07:08:45.868,1.58132,1.58156,1.00,1.31
2016.01.18 07:08:45.919,1.58134,1.58156,1.00,1.12
2016.01.18 07:08:46.224,1.58137,1.58159,1.00,1.12
2016.01.18 07:08:46.898,1.58139,1.58159,1.00,1.12
2016.01.18 07:08:47.000,1.58137,1.58159,1.50,1.12
2016.01.18 07:08:47.257,1.5814,1.58159,1.00,1.12
2016.01.18 07:08:47.718,1.58137,1.58159,1.50,1.12
2016.01.18 07:08:47.921,1.58139,1.58159,1.00,1.12
2016.01.18 07:08:48.336,1.58137,1.58159,1.50,1.12
2016.01.18 07:08:48.491,1.58139,1.58159,1.00,1.12
2016.01.18 07:08:48.644,1.58137,1.58159,1.00,1.12
2016.01.18 07:08:49.953,1.5814,1.58159,1.00,1.12
2016.01.18 07:08:50.259,1.58137,1.5816,1.00,1.31
2016.01.18 07:08:50.573,1.58137,1.58155,1.00,1.50
2016.01.18 07:08:50.877,1.58137,1.58155,1.00,1.12
2016.01.18 07:08:50.979,1.58137,1.58156,1.00,1.50
2016.01.18 07:08:51.081,1.58134,1.58157,1.00,1.12
2016.01.18 07:08:56.877,1.58137,1.58157,1.00,1.12
2016.01.18 07:08:57.260,1.58137,1.58155,1.00,1.12
2016.01.18 07:08:57.312,1.58132,1.58155,1.00,1.12
2016.01.18 07:08:57.414,1.58134,1.58155,1.00,1.12
2016.01.18 07:08:57.516,1.58131,1.58155,2.25,1.12
2016.01.18 07:08:57.618,1.58133,1.58155,1.00,1.12
2016.01.18 07:08:57.770,1.58131,1.58155,2.25,1.12
2016.01.18 07:09:00.384,1.58131,1.58153,1.00,1.12
2016.01.18 07:09:00.436,1.58133,1.58153,1.00,1.12
2016.01.18 07:09:00.487,1.58133,1.58157,1.00,1.31
2016.01.18 07:09:00.538,1.58136,1.58157,1.00,1.12
2016.01.18 07:09:00.589,1.58136,1.58159,1.50,1.00
2016.01.18 07:09:00.691,1.5814,1.58159,1.00,1.00
2016.01.18 07:09:01.351,1.58137,1.58159,1.87,1.00
2016.01.18 07:09:01.504,1.58134,1.58159,1.12,1.50
2016.01.18 07:09:01.555,1.58134,1.58158,1.12,1.19
2016.01.18 07:09:01.741,1.58134,1.5816,1.87,1.12
2016.01.18 07:09:01.894,1.58141,1.58161,1.00,1.12
2016.01.18 07:09:01.996,1.58137,1.58161,1.00,1.12
2016.01.18 07:09:02.201,1.58137,1.58156,1.00,2.06
2016.01.18 07:09:02.507,1.58131,1.58153,1.00,1.12
2016.01.18 07:09:02.611,1.58129,1.58153,1.00,1.12
2016.01.18 07:09:03.102,1.58129,1.5815,1.00,1.12
2016.01.18 07:09:03.356,1.58126,1.5815,1.00,1.12
2016.01.18 07:09:03.712,1.58126,1.58152,1.12,1.12
2016.01.18 07:09:03.763,1.58129,1.58152,1.00,1.12
2016.01.18 07:09:04.316,1.58129,1.58153,1.00,1.56
2016.01.18 07:09:06.599,1.58129,1.58153,1.50,1.56
2016.01.18 07:09:07.159,1.58131,1.58153,1.00,1.56
2016.01.18 07:09:07.709,1.58129,1.58153,1.00,1.12
2016.01.18 07:09:07.913,1.58126,1.5815,1.50,1.56
2016.01.18 07:09:08.015,1.58124,1.5815,1.12,2.44
2016.01.18 07:09:08.322,1.58117,1.58141,1.00,1.75
2016.01.18 07:09:08.624,1.5811,1.58132,1.00,1.56
2016.01.18 07:09:08.931,1.5811,1.58128,1.00,1.31
2016.01.18 07:09:09.325,1.5811,1.58122,1.00,1.00
2016.01.18 07:09:09.734,1.5811,1.58127,1.00,1.62
2016.01.18 07:09:09.938,1.5811,1.58133,1.50,1.25
2016.01.18 07:09:10.143,1.58113,1.58135,1.12,1.00
2016.01.18 07:09:10.329,1.58114,1.58139,1.00,2.44
2016.01.18 07:09:10.690,1.58114,1.58134,1.00,1.00
2016.01.18 07:09:10.995,1.58105,1.58122,1.00,1.25
2016.01.18 07:09:11.047,1.58098,1.58122,1.50,1.31
2016.01.18 07:09:11.098,1.58098,1.5812,1.37,1.00
2016.01.18 07:09:11.435,1.58093,1.58115,1.00,3.19
2016.01.18 07:09:11.588,1.58089,1.58112,1.00,1.87
2016.01.18 07:09:11.641,1.58089,1.58111,1.00,1.12
2016.01.18 07:09:11.692,1.58086,1.58111,1.00,1.12
2016.01.18 07:09:11.744,1.58086,1.58112,1.50,2.25
2016.01.18 07:09:11.846,1.58087,1.58112,1.12,1.00
2016.01.18 07:09:12.434,1.58086,1.58112,1.87,1.87
2016.01.18 07:09:13.925,1.58086,1.5811,2.25,1.00
2016.01.18 07:09:14.028,1.58089,1.58114,1.00,1.50
2016.01.18 07:09:14.183,1.58092,1.58114,1.00,1.00
2016.01.18 07:09:15.452,1.58089,1.58114,1.50,1.00
2016.01.18 07:09:18.449,1.58092,1.58114,1.00,1.00
2016.01.18 07:09:19.353,1.58092,1.58114,1.00,1.12
2016.01.18 07:09:19.811,1.58092,1.58115,1.00,1.12
2016.01.18 07:09:19.965,1.5809,1.58115,1.00,1.12
2016.01.18 07:09:20.067,1.5809,1.58114,1.00,1.12
2016.01.18 07:09:20.118,1.58088,1.58112,1.00,1.12
2016.01.18 07:09:20.280,1.58085,1.58112,1.50,1.12
2016.01.18 07:09:20.333,1.58083,1.5811,1.12,1.75
2016.01.18 07:09:20.638,1.58082,1.58107,1.00,1.12
2016.01.18 07:09:21.228,1.5808,1.58107,1.50,1.12
2016.01.18 07:09:21.533,1.5808,1.58104,1.00,1.12
2016.01.18 07:09:22.142,1.5808,1.58106,1.50,1.12
2016.01.18 07:09:22.244,1.58082,1.58108,1.50,1.12
2016.01.18 07:09:23.958,1.58081,1.58107,1.50,1.37
2016.01.18 07:09:24.421,1.58085,1.58107,1.00,1.12
2016.01.18 07:09:24.523,1.58085,1.58109,1.00,1.00
2016.01.18 07:09:28.328,1.58085,1.58108,1.00,1.00
2016.01.18 07:09:29.089,1.58083,1.58108,1.00,1.00
2016.01.18 07:09:29.140,1.58083,1.58102,1.00,1.00
2016.01.18 07:09:29.478,1.5808,1.58092,1.00,1.87
2016.01.18 07:09:29.580,1.58071,1.5809,1.00,1.12
2016.01.18 07:09:29.633,1.58071,1.5809,1.00,1.69
2016.01.18 07:09:29.684,1.58062,1.58086,1.00,1.12
2016.01.18 07:09:29.786,1.58062,1.58088,1.00,1.69
2016.01.18 07:09:29.990,1.58062,1.58085,1.00,1.00
2016.01.18 07:09:30.778,1.58059,1.58084,1.87,1.00
2016.01.18 07:09:30.881,1.58059,1.58084,1.12,1.75
2016.01.18 07:09:30.983,1.58058,1.58079,1.50,1.00
2016.01.18 07:09:31.188,1.58056,1.5808,1.12,1.50
2016.01.18 07:09:31.426,1.58059,1.58082,1.00,1.50
2016.01.18 07:09:31.731,1.58059,1.58079,1.00,1.50
2016.01.18 07:09:31.783,1.58054,1.58078,1.00,1.12
2016.01.18 07:09:31.885,1.58054,1.58076,1.00,1.12
2016.01.18 07:09:32.190,1.58054,1.58078,1.00,1.87
2016.01.18 07:09:32.292,1.58051,1.58074,1.50,1.00
2016.01.18 07:09:33.038,1.58051,1.58076,1.12,1.75
2016.01.18 07:09:34.102,1.5805,1.58075,1.00,1.87
2016.01.18 07:09:34.410,1.58053,1.58076,1.00,1.12
2016.01.18 07:09:34.558,1.5805,1.58076,2.25,2.81
2016.01.18 07:09:34.660,1.5805,1.58074,1.00,1.12
2016.01.18 07:09:34.863,1.58047,1.58072,1.50,1.50
2016.01.18 07:09:34.966,1.58047,1.58071,1.00,1.87
2016.01.18 07:09:35.618,1.58043,1.58066,1.75,1.00
2016.01.18 07:09:36.177,1.58043,1.58066,1.00,1.12
2016.01.18 07:09:36.684,1.58043,1.58066,1.50,1.00
2016.01.18 07:09:37.111,1.58043,1.58066,1.12,1.00
2016.01.18 07:09:37.214,1.58041,1.58066,1.12,1.00
2016.01.18 07:09:37.783,1.58042,1.58069,1.50,1.50
2016.01.18 07:09:37.834,1.58046,1.5807,1.00,1.12
2016.01.18 07:09:38.063,1.58046,1.58072,1.50,1.87
2016.01.18 07:09:38.421,1.5805,1.58072,1.00,1.12
2016.01.18 07:09:38.472,1.5805,1.58074,1.00,1.50
2016.01.18 07:09:38.979,1.5805,1.58075,1.00,1.50
2016.01.18 07:09:39.372,1.58048,1.58072,1.50,1.00
2016.01.18 07:09:41.180,1.58048,1.58074,1.50,1.69
2016.01.18 07:09:41.650,1.58051,1.58074,1.00,1.12
2016.01.18 07:09:42.157,1.58051,1.58073,1.00,1.00
2016.01.18 07:09:42.893,1.58051,1.58075,1.00,1.50
2016.01.18 07:09:43.303,1.58051,1.58073,1.00,1.37
2016.01.18 07:09:44.718,1.58051,1.58073,1.00,1.00
2016.01.18 07:09:45.326,1.58051,1.58075,1.00,1.50
2016.01.18 07:09:45.550,1.58052,1.58077,1.00,2.25
2016.01.18 07:09:46.395,1.58055,1.58076,1.00,1.12
2016.01.18 07:09:48.518,1.58053,1.58076,1.00,1.12
2016.01.18 07:09:49.281,1.58055,1.58076,1.00,1.00
2016.01.18 07:09:49.586,1.58059,1.58076,1.00,1.00
2016.01.18 07:09:50.306,1.58055,1.58076,2.62,1.00
2016.01.18 07:09:50.611,1.58052,1.58076,2.62,1.00
2016.01.18 07:09:51.228,1.58052,1.58076,1.37,1.12
2016.01.18 07:09:51.279,1.58052,1.58073,1.37,1.00
2016.01.18 07:09:51.331,1.58049,1.58073,1.37,1.00
2016.01.18 07:09:51.843,1.58048,1.58073,1.75,1.12
2016.01.18 07:09:52.257,1.58053,1.58076,1.00,1.12
2016.01.18 07:09:52.309,1.58053,1.58078,1.00,1.00
2016.01.18 07:09:52.564,1.58055,1.58078,1.00,1.00
2016.01.18 07:09:52.869,1.58058,1.58079,1.00,1.12
2016.01.18 07:09:53.318,1.58055,1.58079,1.00,1.12
2016.01.18 07:09:53.420,1.58055,1.58078,1.00,1.12
2016.01.18 07:09:53.573,1.58053,1.58078,1.00,1.87
2016.01.18 07:09:53.624,1.58051,1.58075,1.50,1.00
2016.01.18 07:09:53.929,1.58051,1.58075,1.00,1.12
2016.01.18 07:09:56.042,1.58051,1.58076,1.12,1.87
2016.01.18 07:09:57.146,1.58053,1.58076,1.00,1.12
2016.01.18 07:09:57.654,1.58053,1.58078,1.00,1.12
2016.01.18 07:09:58.176,1.58055,1.58078,1.00,1.12
2016.01.18 07:09:58.527,1.58058,1.58079,1.00,1.87
2016.01.18 07:09:58.833,1.58065,1.58085,1.00,1.12
2016.01.18 07:09:58.936,1.58065,1.58085,1.00,1.00
2016.01.18 07:09:59.089,1.58069,1.58085,1.00,1.00
2016.01.18 07:09:59.343,1.58073,1.58092,1.00,1.75
2016.01.18 07:09:59.540,1.58073,1.58092,1.00,1.12
2016.01.18 07:10:00.057,1.58073,1.58091,1.00,1.00
2016.01.18 07:10:00.565,1.58073,1.58094,1.00,1.94
2016.01.18 07:10:03.173,1.58076,1.58094,1.00,1.12
2016.01.18 07:10:03.326,1.58076,1.58098,1.00,1.75
2016.01.18 07:10:03.703,1.58079,1.58099,1.00,1.12
2016.01.18 07:10:03.754,1.58079,1.581,1.00,1.31
2016.01.18 07:10:04.126,1.58082,1.581,1.00,1.31
2016.01.18 07:10:04.428,1.58082,1.58102,1.00,1.19
2016.01.18 07:10:04.479,1.58082,1.58104,1.00,1.87
2016.01.18 07:10:05.028,1.58082,1.58106,1.00,1.31
2016.01.18 07:10:05.485,1.58085,1.58106,1.00,1.31
2016.01.18 07:10:06.161,1.58085,1.58108,1.00,1.50
2016.01.18 07:10:07.064,1.58087,1.58108,1.00,1.50
2016.01.18 07:10:07.324,1.5809,1.58111,1.00,1.12
2016.01.18 07:10:08.344,1.58089,1.58113,1.00,1.62
2016.01.18 07:10:08.857,1.5809,1.58113,1.00,1.37
2016.01.18 07:10:10.801,1.58091,1.58113,1.00,1.37
2016.01.18 07:10:11.309,1.58092,1.58113,1.00,1.37
2016.01.18 07:10:11.905,1.58091,1.58113,1.50,1.37
2016.01.18 07:10:12.464,1.58092,1.58113,1.00,1.87
2016.01.18 07:10:14.222,1.58091,1.58113,1.00,1.87
2016.01.18 07:10:16.082,1.58091,1.58113,1.00,1.12
2016.01.18 07:10:17.241,1.58089,1.58116,1.50,1.87
2016.01.18 07:10:20.736,1.58093,1.58116,1.00,2.06
2016.01.18 07:10:21.019,1.58093,1.58115,1.50,1.00
2016.01.18 07:10:21.536,1.58094,1.58118,1.00,3.19
2016.01.18 07:10:22.439,1.58093,1.58118,1.50,2.62
2016.01.18 07:10:22.947,1.58094,1.58118,1.00,2.62
2016.01.18 07:10:23.537,1.58093,1.58118,1.50,2.62
2016.01.18 07:10:24.102,1.58098,1.58118,1.00,1.87
2016.01.18 07:10:24.306,1.58102,1.58124,1.00,1.87
2016.01.18 07:10:24.408,1.58101,1.58124,1.00,1.00
2016.01.18 07:10:24.663,1.58103,1.58127,1.00,2.44
2016.01.18 07:10:24.714,1.58103,1.58128,1.50,1.75
2016.01.18 07:10:24.766,1.5811,1.5813,1.00,1.12
2016.01.18 07:10:24.817,1.5811,1.5813,1.00,1.00
2016.01.18 07:10:24.868,1.58112,1.58136,1.00,1.69
2016.01.18 07:10:25.213,1.58115,1.58139,1.00,1.31
2016.01.18 07:10:25.265,1.58115,1.5814,1.00,1.50
2016.01.18 07:10:25.316,1.58115,1.5814,1.00,1.12
2016.01.18 07:10:25.520,1.58118,1.58141,1.00,1.50
2016.01.18 07:10:25.875,1.5812,1.58141,1.00,1.00
2016.01.18 07:10:26.405,1.5812,1.58144,1.00,1.19
2016.01.18 07:10:26.913,1.58118,1.58144,1.12,1.19
2016.01.18 07:10:27.697,1.58118,1.58144,1.00,1.94
2016.01.18 07:10:28.153,1.58117,1.58139,1.00,1.00
2016.01.18 07:10:28.255,1.58117,1.58142,1.00,1.31
2016.01.18 07:10:28.349,1.58117,1.58142,1.00,2.06
2016.01.18 07:10:28.604,1.58117,1.58142,1.00,1.69
2016.01.18 07:10:29.435,1.58118,1.58143,1.00,2.06
2016.01.18 07:10:30.004,1.58118,1.58143,1.00,2.06
2016.01.18 07:10:30.589,1.58119,1.58143,1.00,2.06
2016.01.18 07:10:31.178,1.58117,1.58143,1.12,2.06
2016.01.18 07:10:31.435,1.58117,1.58142,1.00,1.31
2016.01.18 07:10:31.892,1.58119,1.58143,1.00,2.00
2016.01.18 07:10:32.414,1.58117,1.58143,1.00,2.00
2016.01.18 07:10:32.617,1.58119,1.58143,1.00,2.00
2016.01.18 07:10:33.214,1.58119,1.58145,1.00,2.44
2016.01.18 07:10:33.265,1.58124,1.58145,1.00,1.69
2016.01.18 07:10:33.418,1.5813,1.58151,1.00,1.31
2016.01.18 07:10:33.520,1.58132,1.58155,1.00,2.06
2016.01.18 07:10:33.724,1.58134,1.58158,1.00,1.31
2016.01.18 07:10:33.852,1.58138,1.58161,1.00,1.31
2016.01.18 07:10:34.311,1.58138,1.58164,1.12,1.31
2016.01.18 07:10:34.771,1.5814,1.58164,1.87,1.31
2016.01.18 07:10:35.308,1.58141,1.58164,1.12,1.31
2016.01.18 07:10:36.120,1.58142,1.58167,1.12,1.69
2016.01.18 07:10:36.657,1.58142,1.58165,1.00,1.31
2016.01.18 07:10:37.042,1.5814,1.5816,1.50,1.00
2016.01.18 07:10:37.246,1.5813,1.58154,1.12,1.00
2016.01.18 07:10:37.348,1.58128,1.58154,1.12,1.69
2016.01.18 07:10:37.450,1.58126,1.5815,1.75,1.00
2016.01.18 07:10:37.501,1.58126,1.5815,1.00,1.12
2016.01.18 07:10:37.921,1.58124,1.58149,1.00,1.50
2016.01.18 07:10:38.378,1.58125,1.58146,1.00,1.00
2016.01.18 07:10:38.430,1.58123,1.58146,1.00,1.00
2016.01.18 07:10:38.684,1.58119,1.58146,2.62,1.50
2016.01.18 07:10:38.735,1.58119,1.58146,2.25,1.50
2016.01.18 07:10:38.821,1.58119,1.58146,2.62,1.50
2016.01.18 07:10:39.334,1.58121,1.58148,1.12,1.84
2016.01.18 07:10:40.133,1.5812,1.58147,1.50,1.09
2016.01.18 07:10:40.438,1.58122,1.58148,1.00,1.84
2016.01.18 07:10:40.744,1.58122,1.58145,1.00,1.00
2016.01.18 07:10:40.897,1.58114,1.58138,1.12,1.00
2016.01.18 07:10:40.999,1.58118,1.58142,1.00,1.37
2016.01.18 07:10:41.136,1.5812,1.58143,1.00,1.00
2016.01.18 07:10:41.188,1.58118,1.58144,1.00,1.12
2016.01.18 07:10:41.391,1.58118,1.58146,1.87,1.71
2016.01.18 07:10:41.898,1.58121,1.58146,1.12,1.34
2016.01.18 07:10:42.253,1.58121,1.58145,1.00,1.37
2016.01.18 07:10:42.627,1.58123,1.58147,1.37,1.09
2016.01.18 07:10:42.730,1.58128,1.58151,1.00,1.12
2016.01.18 07:10:43.036,1.58128,1.58151,2.25,1.00
2016.01.18 07:10:43.572,1.58129,1.58151,1.00,1.00
2016.01.18 07:10:43.880,1.58125,1.58151,1.00,1.87
2016.01.18 07:10:44.389,1.58124,1.5815,1.00,1.00
2016.01.18 07:10:44.620,1.58126,1.58146,1.00,1.00
2016.01.18 07:10:44.671,1.58126,1.58148,1.00,1.00
2016.01.18 07:10:44.722,1.58126,1.58146,1.00,1.00
2016.01.18 07:10:44.824,1.58123,1.58146,1.00,1.00
2016.01.18 07:10:44.926,1.58123,1.58148,1.00,1.00
2016.01.18 07:10:45.034,1.58123,1.58148,1.50,1.00
2016.01.18 07:10:45.594,1.58123,1.58146,1.87,1.00
2016.01.18 07:10:45.696,1.5812,1.58146,1.50,1.75
2016.01.18 07:10:47.947,1.58118,1.58145,3.75,1.37
2016.01.18 07:10:48.456,1.58117,1.58143,1.75,1.50
2016.01.18 07:10:48.722,1.58117,1.58143,1.12,1.87
2016.01.18 07:10:50.338,1.58117,1.58144,2.25,2.44
2016.01.18 07:10:53.353,1.58118,1.58141,1.00,1.00
2016.01.18 07:10:54.310,1.58118,1.58141,1.00,1.19
2016.01.18 07:10:54.362,1.58115,1.58137,1.00,1.00
2016.01.18 07:10:54.668,1.58106,1.5813,1.00,1.12
2016.01.18 07:10:54.974,1.58103,1.58126,1.00,2.06
2016.01.18 07:10:55.025,1.58101,1.58126,1.00,2.06
2016.01.18 07:10:55.149,1.58099,1.58122,1.00,1.56
2016.01.18 07:10:55.304,1.58096,1.58122,1.12,2.44
2016.01.18 07:10:56.268,1.58096,1.5812,1.00,2.06
2016.01.18 07:10:58.000,1.58092,1.5812,2.62,2.06
2016.01.18 07:11:02.769,1.58091,1.58119,2.62,1.37
2016.01.18 07:11:03.531,1.58096,1.58119,1.00,1.37
2016.01.18 07:11:04.450,1.58093,1.58118,1.12,1.87
2016.01.18 07:11:04.603,1.58093,1.58114,1.00,1.00
2016.01.18 07:11:05.223,1.58089,1.58116,1.50,1.31
2016.01.18 07:11:05.376,1.58088,1.58114,1.12,1.12
2016.01.18 07:11:05.582,1.58088,1.58115,1.37,1.37
2016.01.18 07:11:05.683,1.58088,1.58114,1.12,1.12
2016.01.18 07:11:06.503,1.58087,1.58112,1.12,1.12
2016.01.18 07:11:07.189,1.58087,1.58111,1.00,1.12
2016.01.18 07:11:07.889,1.58087,1.58108,1.00,1.00
2016.01.18 07:11:07.940,1.58083,1.58108,1.87,1.00
2016.01.18 07:11:08.044,1.58083,1.58106,1.87,1.00
2016.01.18 07:11:08.351,1.58071,1.58096,1.75,1.37
2016.01.18 07:11:08.402,1.58071,1.58096,1.12,1.94
2016.01.18 07:11:08.606,1.58068,1.58092,1.50,1.12
2016.01.18 07:11:09.044,1.58065,1.5809,1.87,1.19
2016.01.18 07:11:09.096,1.58065,1.58088,1.50,1.25
2016.01.18 07:11:09.257,1.58065,1.58088,1.00,2.06
2016.01.18 07:11:09.361,1.58063,1.58087,1.00,1.12
2016.01.18 07:11:09.412,1.5806,1.58087,3.00,1.12
2016.01.18 07:11:10.213,1.58059,1.58084,1.12,1.00
2016.01.18 07:11:10.264,1.58057,1.58084,1.75,1.75
2016.01.18 07:11:10.315,1.58056,1.58082,1.87,1.12
2016.01.18 07:11:10.925,1.58059,1.58082,1.00,1.31
2016.01.18 07:11:11.078,1.58061,1.58086,1.00,1.37
2016.01.18 07:11:11.249,1.58063,1.58088,1.00,1.31
2016.01.18 07:11:11.300,1.58063,1.58088,1.00,1.19
2016.01.18 07:11:12.266,1.58066,1.58088,1.00,1.19
2016.01.18 07:11:12.318,1.58066,1.58091,1.00,1.19
2016.01.18 07:11:12.587,1.58064,1.58091,1.87,1.31
2016.01.18 07:11:12.689,1.58064,1.5809,1.50,1.31
2016.01.18 07:11:13.097,1.58062,1.58089,2.25,1.75
2016.01.18 07:11:13.148,1.58062,1.58088,2.25,1.12
2016.01.18 07:11:13.453,1.58056,1.5808,1.00,1.37
2016.01.18 07:11:13.504,1.58056,1.58081,1.00,1.12
2016.01.18 07:11:14.014,1.58055,1.58081,1.00,1.12
2016.01.18 07:11:15.497,1.58056,1.58081,1.00,1.12
2016.01.18 07:11:16.004,1.58056,1.58082,1.00,1.12
2016.01.18 07:11:18.331,1.58055,1.58082,1.00,1.87
2016.01.18 07:11:18.839,1.58054,1.58082,1.12,2.06
2016.01.18 07:11:19.093,1.58056,1.58082,1.00,2.06
2016.01.18 07:11:19.327,1.58057,1.58084,1.12,2.06
2016.01.18 07:11:19.378,1.58059,1.58084,1.00,1.56
2016.01.18 07:11:19.735,1.58059,1.58086,1.12,2.25
2016.01.18 07:11:20.250,1.5806,1.58086,1.00,1.87
2016.01.18 07:11:21.293,1.5806,1.58084,1.00,1.12
2016.01.18 07:11:21.395,1.5806,1.58086,1.00,1.12
2016.01.18 07:11:21.781,1.58058,1.58085,1.12,1.50
2016.01.18 07:11:22.346,1.58059,1.58086,1.00,1.87
2016.01.18 07:11:22.600,1.58059,1.58087,1.50,2.44
2016.01.18 07:11:22.834,1.58062,1.58087,1.00,1.31
2016.01.18 07:11:23.292,1.58065,1.58089,1.00,1.94
2016.01.18 07:11:23.750,1.5807,1.5809,1.00,2.44
2016.01.18 07:11:24.042,1.58074,1.58095,1.00,1.31
2016.01.18 07:11:25.884,1.58074,1.58097,1.00,1.12
2016.01.18 07:11:25.936,1.58077,1.58097,1.00,1.12
2016.01.18 07:11:26.037,1.58077,1.581,1.00,2.44
2016.01.18 07:11:26.318,1.58079,1.58104,1.12,1.12
2016.01.18 07:11:26.369,1.58082,1.58104,1.00,1.12
2016.01.18 07:11:26.421,1.58082,1.58106,1.00,1.75
2016.01.18 07:11:26.523,1.58082,1.58104,1.00,1.19
2016.01.18 07:11:26.828,1.58089,1.58106,1.00,1.00
2016.01.18 07:11:27.031,1.58084,1.58106,1.00,1.12
2016.01.18 07:11:27.082,1.58082,1.58106,1.12,1.31
2016.01.18 07:11:27.620,1.58082,1.58106,1.00,1.31
2016.01.18 07:11:30.343,1.58085,1.58106,1.00,1.12
2016.01.18 07:11:30.446,1.58088,1.5811,1.00,1.50
2016.01.18 07:11:33.541,1.58086,1.58111,1.00,1.12
2016.01.18 07:11:35.047,1.58086,1.58113,1.87,1.37
2016.01.18 07:11:35.098,1.58086,1.58112,1.87,1.12
2016.01.18 07:11:35.150,1.58083,1.5811,2.62,2.25
2016.01.18 07:11:35.251,1.58083,1.58106,1.12,1.19
2016.01.18 07:11:35.353,1.58081,1.58106,1.12,1.56
2016.01.18 07:11:35.455,1.58081,1.58104,1.00,1.31
2016.01.18 07:11:37.424,1.58079,1.58104,1.50,1.12
2016.01.18 07:11:37.628,1.58077,1.58101,1.50,1.12
2016.01.18 07:11:38.649,1.58081,1.58101,1.00,1.12
2016.01.18 07:11:38.959,1.5809,1.58109,1.00,1.00
2016.01.18 07:11:39.011,1.58093,1.58112,1.00,1.37
2016.01.18 07:11:39.166,1.58095,1.58116,1.12,1.00
2016.01.18 07:11:39.223,1.58098,1.58119,1.00,1.56
2016.01.18 07:11:39.274,1.58098,1.5812,1.00,1.00
2016.01.18 07:11:39.325,1.58098,1.58121,1.00,1.12
2016.01.18 07:11:39.529,1.58096,1.5812,1.00,1.12
2016.01.18 07:11:39.631,1.58096,1.58121,1.00,1.12
2016.01.18 07:11:39.683,1.58096,1.58122,1.50,2.62
2016.01.18 07:11:39.734,1.58096,1.58122,1.12,2.25
2016.01.18 07:11:39.836,1.58094,1.5812,1.50,1.37
2016.01.18 07:11:40.367,1.58096,1.58121,1.12,1.12
2016.01.18 07:11:40.671,1.58098,1.58122,1.00,1.12
2016.01.18 07:11:40.773,1.58096,1.58122,1.12,1.12
2016.01.18 07:11:41.028,1.58096,1.58123,2.25,2.62
2016.01.18 07:11:41.332,1.58099,1.58122,1.00,1.50
2016.01.18 07:11:41.554,1.58103,1.58129,1.87,2.44
2016.01.18 07:11:42.266,1.58103,1.58126,1.00,1.75
2016.01.18 07:11:42.317,1.58101,1.58123,1.12,1.37
2016.01.18 07:11:42.471,1.58098,1.58123,1.50,1.87
2016.01.18 07:11:42.668,1.58098,1.58123,1.12,1.50
2016.01.18 07:11:42.770,1.58098,1.5812,1.87,1.00
2016.01.18 07:11:44.765,1.58096,1.58121,1.87,1.00
2016.01.18 07:11:45.109,1.58096,1.58121,1.37,2.25
2016.01.18 07:11:45.635,1.58096,1.58119,1.00,1.12
2016.01.18 07:11:47.617,1.58094,1.58119,1.50,1.12
2016.01.18 07:11:49.626,1.58097,1.58119,1.00,1.12
2016.01.18 07:11:49.779,1.58097,1.5812,1.50,1.12
2016.01.18 07:11:49.880,1.58099,1.58121,1.00,1.37
2016.01.18 07:11:49.982,1.581,1.58123,1.00,1.12
2016.01.18 07:11:50.157,1.581,1.58124,1.00,1.00
2016.01.18 07:11:50.667,1.58099,1.58124,1.50,1.00
2016.01.18 07:11:51.079,1.58102,1.58124,1.00,1.00
2016.01.18 07:11:53.811,1.58099,1.58124,1.50,1.00
2016.01.18 07:11:53.985,1.58102,1.58124,1.00,1.00
2016.01.18 07:11:55.442,1.58103,1.58124,1.00,1.00
2016.01.18 07:11:55.595,1.58103,1.58127,1.00,1.69
2016.01.18 07:11:56.105,1.58104,1.58127,1.00,1.50
2016.01.18 07:11:56.308,1.58104,1.58127,1.50,1.12
2016.01.18 07:11:58.405,1.58104,1.58123,1.00,1.12
2016.01.18 07:11:58.507,1.58099,1.58122,1.00,1.12
2016.01.18 07:11:58.761,1.581,1.58124,1.00,1.12
2016.01.18 07:11:59.135,1.58102,1.58124,1.00,1.12
2016.01.18 07:11:59.671,1.581,1.58124,1.50,1.12
2016.01.18 07:12:00.431,1.581,1.58122,1.50,1.00
2016.01.18 07:12:00.684,1.58102,1.58125,1.00,1.12
2016.01.18 07:12:01.915,1.58103,1.58125,1.00,1.12
2016.01.18 07:12:02.993,1.58101,1.58123,1.00,1.37
2016.01.18 07:12:03.224,1.58097,1.58121,1.12,1.50
2016.01.18 07:12:03.276,1.58097,1.5812,1.12,1.87
2016.01.18 07:12:03.378,1.58092,1.58116,1.00,1.31
2016.01.18 07:12:03.530,1.58089,1.58115,1.87,1.31
2016.01.18 07:12:03.835,1.58089,1.58114,1.00,1.87
2016.01.18 07:12:03.887,1.58087,1.58113,1.12,1.12
2016.01.18 07:12:05.829,1.58086,1.58109,1.50,1.00
2016.01.18 07:12:06.133,1.58086,1.58106,1.00,1.50
2016.01.18 07:12:06.388,1.58082,1.58104,1.00,1.50
2016.01.18 07:12:06.490,1.58079,1.58104,1.87,1.75
2016.01.18 07:12:06.993,1.58079,1.58104,2.25,1.37
2016.01.18 07:12:07.045,1.58079,1.58104,2.62,1.00
2016.01.18 07:12:07.987,1.58079,1.58102,1.87,1.00
2016.01.18 07:12:08.293,1.58079,1.58101,1.00,2.06
2016.01.18 07:12:08.395,1.58076,1.58099,1.00,1.25
2016.01.18 07:12:08.447,1.58076,1.581,1.00,1.12
2016.01.18 07:12:09.657,1.58076,1.58096,1.00,1.00
2016.01.18 07:12:09.709,1.58073,1.58096,1.37,1.00
2016.01.18 07:12:09.811,1.58071,1.58096,1.87,1.50
2016.01.18 07:12:09.996,1.58071,1.58094,2.62,1.00
2016.01.18 07:12:10.047,1.58071,1.58094,2.25,1.00
2016.01.18 07:12:10.562,1.58069,1.58094,1.75,1.12
2016.01.18 07:12:11.930,1.58069,1.58094,1.50,1.31
2016.01.18 07:12:12.413,1.58066,1.58091,1.37,1.12
2016.01.18 07:12:12.464,1.58066,1.58089,1.00,1.12
2016.01.18 07:12:12.617,1.58066,1.58088,1.00,1.12
2016.01.18 07:12:12.922,1.58061,1.58086,1.50,1.12
2016.01.18 07:12:13.126,1.58064,1.58088,1.50,1.12
2016.01.18 07:12:13.456,1.58058,1.58085,1.12,1.31
2016.01.18 07:12:13.507,1.58056,1.58082,1.12,1.69
2016.01.18 07:12:13.558,1.58055,1.5808,1.87,1.31
2016.01.18 07:12:13.660,1.58055,1.58079,1.50,1.12
2016.01.18 07:12:13.762,1.5805,1.58077,1.87,1.50
2016.01.18 07:12:14.170,1.5805,1.58073,1.00,1.56
2016.01.18 07:12:14.272,1.58048,1.58073,1.12,1.56
2016.01.18 07:12:14.553,1.58047,1.58072,1.00,1.62
2016.01.18 07:12:15.264,1.58045,1.58072,1.87,1.62
2016.01.18 07:12:15.597,1.58045,1.58069,1.00,1.31
2016.01.18 07:12:15.851,1.58046,1.5807,1.00,1.25
2016.01.18 07:12:15.953,1.58049,1.58069,1.00,1.12
2016.01.18 07:12:16.259,1.58057,1.58072,1.00,1.12
2016.01.18 07:12:16.362,1.58055,1.58077,1.00,1.87
2016.01.18 07:12:16.415,1.58055,1.58076,1.00,1.31
2016.01.18 07:12:16.517,1.5805,1.58074,2.25,1.12
2016.01.18 07:12:16.655,1.5805,1.58072,1.50,1.12
2016.01.18 07:12:16.707,1.58048,1.58072,1.00,1.12
2016.01.18 07:12:16.758,1.58048,1.58069,1.00,1.12
2016.01.18 07:12:16.860,1.58045,1.58069,2.25,1.12
2016.01.18 07:12:17.065,1.58045,1.58067,1.50,1.12
2016.01.18 07:12:17.167,1.58043,1.58067,1.00,1.12
2016.01.18 07:12:17.269,1.58043,1.58064,1.00,1.12
2016.01.18 07:12:18.277,1.58043,1.58066,1.00,1.12
2016.01.18 07:12:20.642,1.58042,1.58066,1.00,1.12
2016.01.18 07:12:21.439,1.58042,1.58064,1.00,1.12
2016.01.18 07:12:21.947,1.58042,1.58066,1.00,1.12
2016.01.18 07:12:22.588,1.58043,1.58066,1.00,1.12
2016.01.18 07:12:23.102,1.5804,1.58066,1.12,1.12
2016.01.18 07:12:23.509,1.58037,1.58064,1.50,1.87
2016.01.18 07:12:23.560,1.58037,1.58061,1.00,1.12
2016.01.18 07:12:23.764,1.5804,1.58063,1.00,1.00
2016.01.18 07:12:23.816,1.58042,1.58063,1.00,1.00
2016.01.18 07:12:23.962,1.58042,1.58068,1.50,1.12
2016.01.18 07:12:24.217,1.58048,1.5807,1.00,1.12
2016.01.18 07:12:24.269,1.58048,1.58071,1.00,1.12
2016.01.18 07:12:24.371,1.58048,1.58074,1.12,1.12
2016.01.18 07:12:24.473,1.58049,1.58077,1.12,1.87
2016.01.18 07:12:25.065,1.58052,1.58079,1.37,1.12
2016.01.18 07:12:25.501,1.58055,1.58079,1.00,1.12
2016.01.18 07:12:25.756,1.58058,1.58083,1.00,1.12
2016.01.18 07:12:26.180,1.58058,1.58086,2.62,1.75
2016.01.18 07:12:26.333,1.58063,1.58087,1.00,1.12
2016.01.18 07:12:26.588,1.58072,1.581,1.87,2.25
2016.01.18 07:12:27.045,1.58077,1.581,1.00,1.50
2016.01.18 07:12:27.378,1.5808,1.581,1.12,1.00
2016.01.18 07:12:27.633,1.58079,1.58106,1.50,1.87
2016.01.18 07:12:27.785,1.58079,1.58102,1.00,1.12
2016.01.18 07:12:28.166,1.58082,1.58104,1.00,1.12
2016.01.18 07:12:28.277,1.58082,1.58109,1.50,1.12
2016.01.18 07:12:28.837,1.58085,1.58109,1.00,1.12
2016.01.18 07:12:29.940,1.58088,1.58109,1.00,1.12
2016.01.18 07:12:29.991,1.58088,1.58112,1.00,1.12
2016.01.18 07:12:30.383,1.58088,1.58112,1.00,1.00
2016.01.18 07:12:30.485,1.58088,1.58111,1.00,1.12
2016.01.18 07:12:30.993,1.58088,1.58113,1.50,1.25
2016.01.18 07:12:31.145,1.58088,1.58112,1.50,1.25
2016.01.18 07:12:31.792,1.58088,1.58113,1.50,1.87
2016.01.18 07:12:31.844,1.5809,1.58113,1.00,1.12
2016.01.18 07:12:31.997,1.58091,1.58117,1.12,1.12
2016.01.18 07:12:32.149,1.58093,1.58117,1.00,1.12
2016.01.18 07:12:33.609,1.58093,1.5812,1.50,1.63
2016.01.18 07:12:33.761,1.58097,1.58118,1.00,1.00
2016.01.18 07:12:34.086,1.581,1.58123,1.12,1.12
2016.01.18 07:12:34.391,1.581,1.58124,1.00,1.87
2016.01.18 07:12:34.645,1.58097,1.58124,1.50,2.00
2016.01.18 07:12:34.696,1.58097,1.5812,1.00,1.12
2016.01.18 07:12:35.004,1.58095,1.58118,1.00,1.37
2016.01.18 07:12:36.108,1.58098,1.5812,1.00,1.00
2016.01.18 07:12:36.413,1.58096,1.58119,1.00,1.12
2016.01.18 07:12:36.757,1.58098,1.58118,1.00,1.00
2016.01.18 07:12:37.269,1.58098,1.58121,1.00,1.12
2016.01.18 07:12:37.817,1.58098,1.58118,1.00,1.00
2016.01.18 07:12:38.324,1.58095,1.58119,1.00,1.87
2016.01.18 07:12:38.427,1.58095,1.58117,1.00,1.12
2016.01.18 07:12:38.530,1.58095,1.58119,1.00,1.75
2016.01.18 07:12:38.632,1.58095,1.58118,1.00,1.12
2016.01.18 07:12:38.785,1.58095,1.5812,1.00,1.12
2016.01.18 07:12:38.887,1.58097,1.58121,1.00,1.87
2016.01.18 07:12:39.369,1.58099,1.58121,1.00,1.12
2016.01.18 07:12:39.674,1.58096,1.58121,1.50,1.16
2016.01.18 07:12:40.183,1.58096,1.58118,1.00,1.00
2016.01.18 07:12:40.489,1.58096,1.5812,1.00,1.05
2016.01.18 07:12:40.677,1.58099,1.5812,1.00,1.00
2016.01.18 07:12:41.035,1.58099,1.58125,1.12,1.87
2016.01.18 07:12:41.342,1.58101,1.58125,1.00,1.87
2016.01.18 07:12:42.227,1.58099,1.58125,1.87,1.12
2016.01.18 07:12:43.513,1.58098,1.58123,1.00,1.12
2016.01.18 07:12:43.919,1.58098,1.58125,1.50,1.87
2016.01.18 07:12:45.030,1.58102,1.58125,1.00,1.12
2016.01.18 07:12:45.234,1.58105,1.58132,1.87,1.87
2016.01.18 07:12:45.337,1.58105,1.58133,2.62,2.66
2016.01.18 07:12:45.541,1.58105,1.58132,2.25,1.87
2016.01.18 07:12:45.953,1.58106,1.58132,1.75,2.25
2016.01.18 07:12:47.649,1.58106,1.58132,1.12,1.87
2016.01.18 07:12:47.905,1.58112,1.58132,1.00,1.87
2016.01.18 07:12:48.160,1.58121,1.58143,1.00,2.25
2016.01.18 07:12:48.295,1.58123,1.58144,1.00,1.37
2016.01.18 07:12:48.449,1.58127,1.58153,1.87,1.87
2016.01.18 07:12:48.551,1.58124,1.58149,1.31,1.00
2016.01.18 07:12:48.857,1.58122,1.58148,1.75,1.50
2016.01.18 07:12:49.200,1.58124,1.58146,1.12,1.00
2016.01.18 07:12:49.352,1.5812,1.58145,1.12,1.00
2016.01.18 07:12:49.714,1.58122,1.58146,1.37,1.12
2016.01.18 07:12:49.816,1.5812,1.58146,1.87,1.12
2016.01.18 07:12:49.867,1.5812,1.58144,1.87,1.00
2016.01.18 07:12:50.660,1.58125,1.58144,1.00,1.00
2016.01.18 07:12:50.712,1.58125,1.58147,1.00,1.50
2016.01.18 07:12:50.763,1.58125,1.5815,1.12,1.50
2016.01.18 07:12:51.169,1.58123,1.58144,1.87,1.00
2016.01.18 07:12:51.459,1.5812,1.58141,1.12,1.00
2016.01.18 07:12:51.511,1.5812,1.58138,1.12,1.00
2016.01.18 07:12:51.613,1.58115,1.58137,1.87,1.00
2016.01.18 07:12:51.716,1.58115,1.58134,1.87,1.00
2016.01.18 07:12:51.767,1.58115,1.58134,1.12,1.00
2016.01.18 07:12:51.870,1.58109,1.58134,1.75,1.87
2016.01.18 07:12:52.125,1.58111,1.58134,1.12,1.00
2016.01.18 07:12:52.458,1.58116,1.58137,1.00,1.00
2016.01.18 07:12:52.712,1.58116,1.5814,1.00,1.50
2016.01.18 07:12:52.764,1.58118,1.5814,1.00,1.50
2016.01.18 07:12:55.167,1.58118,1.58141,1.00,1.00
2016.01.18 07:12:56.329,1.58118,1.58138,1.00,1.00
2016.01.18 07:12:56.483,1.58115,1.58137,1.12,1.00
2016.01.18 07:12:56.535,1.58115,1.58137,1.12,1.50
2016.01.18 07:12:57.045,1.58112,1.58134,1.12,1.00
2016.01.18 07:12:57.096,1.58112,1.58132,1.12,1.00
2016.01.18 07:12:57.629,1.58112,1.58133,1.00,1.00
2016.01.18 07:12:58.143,1.58112,1.58132,1.00,1.00
2016.01.18 07:12:58.854,1.58112,1.58133,1.00,1.00
2016.01.18 07:12:59.411,1.58109,1.58132,2.25,1.00
2016.01.18 07:12:59.462,1.58109,1.58128,1.50,1.00
2016.01.18 07:12:59.771,1.58102,1.58123,1.00,1.87
2016.01.18 07:12:59.975,1.58094,1.58116,1.50,1.69
2016.01.18 07:13:00.077,1.58092,1.5811,1.00,1.00
2016.01.18 07:13:00.179,1.58087,1.5811,1.00,1.12
2016.01.18 07:13:00.230,1.58089,1.5811,1.00,1.12
2016.01.18 07:13:00.281,1.58087,1.5811,1.00,1.12
2016.01.18 07:13:00.484,1.58087,1.5811,1.00,1.87
2016.01.18 07:13:00.688,1.58086,1.5811,1.50,1.50
2016.01.18 07:13:00.975,1.58089,1.5811,1.87,1.00
2016.01.18 07:13:01.179,1.58093,1.58117,1.12,1.50
2016.01.18 07:13:01.687,1.58094,1.58117,1.00,1.12
2016.01.18 07:13:02.468,1.58093,1.58115,1.00,1.12
2016.01.18 07:13:03.461,1.58093,1.58114,1.00,1.12
2016.01.18 07:13:03.614,1.5809,1.58115,2.25,1.12
2016.01.18 07:13:03.768,1.5809,1.58112,2.25,1.37
2016.01.18 07:13:03.870,1.58087,1.5811,1.50,1.37
2016.01.18 07:13:03.972,1.58087,1.58108,1.00,1.12
2016.01.18 07:13:04.315,1.58085,1.58105,1.00,1.12
2016.01.18 07:13:04.722,1.58083,1.58104,1.00,1.12
2016.01.18 07:13:04.773,1.58085,1.58104,1.00,1.12
2016.01.18 07:13:05.380,1.58083,1.58104,1.00,1.12
2016.01.18 07:13:07.808,1.58083,1.58105,1.50,1.50
2016.01.18 07:13:07.974,1.5808,1.58102,2.06,1.37
2016.01.18 07:13:08.090,1.5808,1.58104,1.87,1.50
2016.01.18 07:13:08.498,1.5808,1.58104,1.00,1.87
2016.01.18 07:13:09.705,1.58079,1.58104,1.00,1.87
2016.01.18 07:13:10.010,1.58078,1.58102,1.00,1.12
2016.01.18 07:13:10.163,1.58075,1.581,3.37,1.12
2016.01.18 07:13:10.517,1.58075,1.58097,1.50,1.12
2016.01.18 07:13:10.822,1.58075,1.58095,1.00,1.12
2016.01.18 07:13:10.924,1.58072,1.58095,1.00,1.12
2016.01.18 07:13:11.127,1.58072,1.58098,1.50,1.87
2016.01.18 07:13:12.666,1.58074,1.58098,1.00,1.12
2016.01.18 07:13:13.022,1.58079,1.58098,1.00,1.12
2016.01.18 07:13:13.250,1.58081,1.58103,1.00,1.12
2016.01.18 07:13:13.352,1.58081,1.58104,1.00,1.12
2016.01.18 07:13:13.861,1.58082,1.58106,1.50,1.12
2016.01.18 07:13:13.912,1.58084,1.58106,1.00,1.12
2016.01.18 07:13:14.014,1.58086,1.58109,1.00,1.87
2016.01.18 07:13:15.707,1.58089,1.58109,1.00,1.37
2016.01.18 07:13:16.013,1.5809,1.58109,1.00,1.00
2016.01.18 07:13:16.573,1.58092,1.58111,1.00,1.12
2016.01.18 07:13:16.624,1.58092,1.58115,1.00,1.12
2016.01.18 07:13:18.865,1.58091,1.58115,2.25,1.12
2016.01.18 07:13:19.542,1.58093,1.58116,1.00,1.00
2016.01.18 07:13:19.746,1.58093,1.58117,1.00,1.12
2016.01.18 07:13:19.951,1.58094,1.58118,1.00,1.75
2016.01.18 07:13:20.155,1.58094,1.58118,1.00,1.00
2016.01.18 07:13:20.206,1.58094,1.5812,1.00,1.00
2016.01.18 07:13:20.257,1.58093,1.58119,1.12,1.12
2016.01.18 07:13:20.618,1.58096,1.5812,1.00,1.12
2016.01.18 07:13:21.432,1.58097,1.58121,1.00,1.12
2016.01.18 07:13:21.949,1.58097,1.58122,1.00,1.87
2016.01.18 07:13:24.434,1.58097,1.58121,1.00,1.12
2016.01.18 07:13:25.063,1.58096,1.5812,1.00,1.12
2016.01.18 07:13:25.571,1.58097,1.5812,1.50,1.12
2016.01.18 07:13:25.877,1.58094,1.5812,2.62,1.12
2016.01.18 07:13:26.144,1.58094,1.58119,1.00,1.12
2016.01.18 07:13:26.246,1.58091,1.58118,2.25,1.87
2016.01.18 07:13:26.450,1.58089,1.58116,1.87,2.25
2016.01.18 07:13:26.754,1.5809,1.58112,1.00,1.12
2016.01.18 07:13:27.302,1.5809,1.58115,1.00,1.12
2016.01.18 07:13:27.353,1.58091,1.58116,1.37,1.12
2016.01.18 07:13:27.404,1.58091,1.58117,1.50,1.12
2016.01.18 07:13:27.557,1.58092,1.58118,1.37,1.12
2016.01.18 07:13:28.064,1.58092,1.5812,2.25,2.00
2016.01.18 07:13:28.369,1.58096,1.5812,1.50,1.12
2016.01.18 07:13:28.652,1.58098,1.58122,1.00,1.87
2016.01.18 07:13:29.312,1.58101,1.58122,1.00,1.87
2016.01.18 07:13:29.363,1.58101,1.58122,1.00,1.12
2016.01.18 07:13:29.871,1.58101,1.58125,1.00,1.12
2016.01.18 07:13:30.097,1.58102,1.58127,1.00,1.12
2016.01.18 07:13:30.614,1.58102,1.58128,2.25,1.87
2016.01.18 07:13:32.769,1.58102,1.58129,1.50,2.44
2016.01.18 07:13:35.498,1.581,1.58126,1.12,1.87
2016.01.18 07:13:35.600,1.58097,1.58122,1.12,1.37
2016.01.18 07:13:35.982,1.58092,1.58115,1.37,1.00
2016.01.18 07:13:36.034,1.5809,1.58115,1.12,1.50
2016.01.18 07:13:36.086,1.5809,1.58113,1.12,1.00
2016.01.18 07:13:36.291,1.58078,1.58102,1.12,1.12
2016.01.18 07:13:36.496,1.58074,1.58102,1.87,1.87
2016.01.18 07:13:37.144,1.58077,1.58102,1.00,1.12
2016.01.18 07:13:37.195,1.58077,1.58103,1.50,1.37
2016.01.18 07:13:37.703,1.58079,1.58103,1.00,1.37
2016.01.18 07:13:38.241,1.58079,1.58104,1.50,1.50
2016.01.18 07:13:38.759,1.58079,1.58104,1.00,1.12
2016.01.18 07:13:38.810,1.58082,1.58105,1.00,2.00
2016.01.18 07:13:38.913,1.58082,1.58107,1.00,1.12
2016.01.18 07:13:39.445,1.58083,1.58109,1.00,1.37
2016.01.18 07:13:39.496,1.58084,1.5811,1.12,1.12
2016.01.18 07:13:40.004,1.58084,1.58112,1.50,1.75
2016.01.18 07:13:40.055,1.58087,1.58112,1.00,1.75
2016.01.18 07:13:40.106,1.58087,1.5811,1.12,1.00
2016.01.18 07:13:40.906,1.58089,1.58112,1.00,1.12
2016.01.18 07:13:41.109,1.58086,1.58112,1.50,1.12
2016.01.18 07:13:41.807,1.58086,1.58111,1.37,1.12
2016.01.18 07:13:42.315,1.58086,1.5811,1.00,1.12
2016.01.18 07:13:44.520,1.58086,1.58112,1.12,1.87
2016.01.18 07:13:45.357,1.58086,1.5811,1.12,1.12
2016.01.18 07:13:45.874,1.58086,1.58108,1.00,1.12
2016.01.18 07:13:46.350,1.58084,1.58108,1.00,1.12
2016.01.18 07:13:49.193,1.5808,1.58108,2.25,1.12
2016.01.18 07:13:50.069,1.58083,1.58108,1.00,1.12
2016.01.18 07:13:50.222,1.58079,1.58104,1.50,1.00
2016.01.18 07:13:50.325,1.58079,1.58104,1.00,1.12
2016.01.18 07:13:50.631,1.58076,1.58103,1.50,1.12
2016.01.18 07:13:50.936,1.58077,1.58105,1.12,1.37
2016.01.18 07:13:51.025,1.58076,1.58104,1.87,1.12
2016.01.18 07:13:52.383,1.58076,1.58104,2.25,1.37
2016.01.18 07:13:52.434,1.58079,1.58104,1.00,1.00
2016.01.18 07:13:52.536,1.58076,1.58104,1.87,1.12
2016.01.18 07:13:54.394,1.58079,1.58104,1.00,1.12
2016.01.18 07:13:55.122,1.58079,1.58103,1.00,1.31
2016.01.18 07:13:55.226,1.58073,1.58096,1.00,1.00
2016.01.18 07:13:55.634,1.58073,1.58096,1.00,1.37
2016.01.18 07:13:56.183,1.58073,1.58097,1.00,1.12
2016.01.18 07:13:56.692,1.58071,1.58097,1.50,1.12
2016.01.18 07:13:59.693,1.58074,1.58097,1.00,1.12
2016.01.18 07:13:59.846,1.58074,1.58099,1.00,1.12
2016.01.18 07:13:59.948,1.58074,1.58102,1.87,1.12
2016.01.18 07:14:00.970,1.58072,1.581,3.37,1.37
2016.01.18 07:14:01.072,1.58072,1.58099,1.50,1.12
2016.01.18 07:14:05.520,1.58076,1.58099,1.00,1.87
2016.01.18 07:14:05.774,1.58074,1.58099,1.87,1.00
2016.01.18 07:14:05.826,1.58074,1.58099,1.50,1.50
2016.01.18 07:14:05.877,1.58074,1.58098,1.00,1.12
2016.01.18 07:14:06.283,1.58071,1.58098,1.50,1.12
2016.01.18 07:14:06.985,1.5807,1.58094,1.00,1.00
2016.01.18 07:14:07.291,1.58059,1.58084,1.12,1.50
2016.01.18 07:14:07.598,1.58044,1.58071,2.25,1.75
2016.01.18 07:14:07.939,1.58044,1.58071,1.87,1.37
2016.01.18 07:14:09.083,1.58044,1.58071,1.37,1.75
2016.01.18 07:14:09.134,1.58042,1.58069,2.25,1.12
2016.01.18 07:14:09.338,1.5804,1.58067,1.50,1.12
2016.01.18 07:14:09.490,1.58039,1.58066,2.25,1.87
2016.01.18 07:14:10.034,1.58037,1.58064,1.50,1.12
2016.01.18 07:14:10.545,1.58039,1.58064,1.00,1.12
2016.01.18 07:14:10.596,1.58039,1.58066,1.75,1.87
2016.01.18 07:14:10.647,1.5804,1.58066,1.12,1.12
2016.01.18 07:14:10.698,1.58041,1.58066,1.00,1.37
2016.01.18 07:14:11.031,1.58042,1.58066,1.00,1.00
2016.01.18 07:14:11.133,1.58044,1.58066,1.00,1.00
2016.01.18 07:14:11.643,1.58044,1.58069,1.12,1.75
2016.01.18 07:14:12.992,1.58043,1.58069,1.37,1.50
2016.01.18 07:14:13.505,1.58043,1.58069,1.12,1.12
2016.01.18 07:14:15.011,1.58044,1.58069,1.87,1.00
2016.01.18 07:14:15.392,1.58047,1.58069,1.12,1.00
2016.01.18 07:14:17.016,1.58047,1.58069,1.50,1.00
2016.01.18 07:14:17.567,1.58047,1.58069,1.87,1.00
2016.01.18 07:14:17.770,1.58047,1.58069,1.37,1.00
2016.01.18 07:14:18.262,1.58047,1.58074,1.37,1.87
2016.01.18 07:14:18.313,1.58049,1.58074,1.37,1.50
2016.01.18 07:14:18.618,1.58049,1.58074,1.87,1.12
2016.01.18 07:14:20.184,1.58049,1.58074,1.87,1.00
2016.01.18 07:14:24.000,1.5805,1.58074,1.12,1.50
2016.01.18 07:14:25.351,1.5805,1.58071,1.00,1.00
2016.01.18 07:14:26.276,1.58053,1.58074,1.00,1.50
2016.01.18 07:14:26.378,1.58053,1.58078,1.12,1.50
2016.01.18 07:14:26.429,1.58059,1.5808,1.00,1.87
2016.01.18 07:14:26.582,1.58062,1.58087,1.00,1.12
2016.01.18 07:14:26.684,1.58062,1.58088,1.12,1.12
2016.01.18 07:14:26.735,1.58064,1.58088,1.00,1.12
2016.01.18 07:14:26.978,1.58064,1.5809,1.37,1.91
2016.01.18 07:14:28.240,1.58061,1.58088,1.12,1.12
2016.01.18 07:14:28.394,1.58055,1.58083,1.87,1.87
2016.01.18 07:14:28.445,1.58056,1.58082,1.00,1.37
2016.01.18 07:14:28.598,1.5805,1.58076,1.12,1.12
2016.01.18 07:14:28.751,1.58047,1.58075,2.62,1.87
2016.01.18 07:14:29.064,1.58037,1.5806,1.00,1.12
2016.01.18 07:14:29.117,1.58034,1.5806,1.31,1.12
2016.01.18 07:14:29.626,1.58034,1.5806,1.12,1.12
2016.01.18 07:14:29.830,1.58034,1.58061,1.50,1.12
2016.01.18 07:14:30.146,1.58043,1.58062,1.00,1.00
2016.01.18 07:14:30.452,1.5805,1.58064,1.00,1.00
2016.01.18 07:14:30.758,1.58053,1.58064,1.12,1.00
2016.01.18 07:14:30.861,1.58053,1.58078,1.12,1.50
2016.01.18 07:14:31.249,1.58053,1.58078,1.37,1.50
2016.01.18 07:14:31.553,1.58053,1.58078,1.00,1.87
2016.01.18 07:14:32.388,1.58053,1.58077,1.00,1.41
2016.01.18 07:14:32.747,1.5805,1.58076,1.12,1.16
2016.01.18 07:14:33.255,1.5805,1.58074,1.00,1.16
2016.01.18 07:14:34.037,1.58046,1.58073,1.50,1.16
2016.01.18 07:14:34.140,1.58046,1.58071,1.00,1.12
2016.01.18 07:14:34.395,1.58044,1.5807,1.12,1.12
2016.01.18 07:14:36.664,1.58042,1.58069,1.37,1.12
2016.01.18 07:14:36.716,1.5804,1.58066,1.50,1.00
2016.01.18 07:14:37.215,1.58039,1.58064,1.00,1.12
2016.01.18 07:14:37.525,1.58031,1.58057,2.62,1.12
2016.01.18 07:14:37.838,1.58034,1.5806,1.12,1.31
2016.01.18 07:14:38.142,1.58034,1.58058,1.00,1.75
2016.01.18 07:14:38.675,1.58034,1.58058,1.00,1.12
2016.01.18 07:14:38.981,1.58036,1.58059,1.00,1.12
2016.01.18 07:14:39.307,1.58039,1.58062,1.00,1.12
2016.01.18 07:14:40.067,1.58042,1.58062,1.00,1.12
2016.01.18 07:14:40.220,1.58043,1.58065,1.00,1.12
2016.01.18 07:14:40.271,1.58049,1.58065,1.00,1.12
2016.01.18 07:14:40.373,1.58049,1.58067,1.00,1.00
2016.01.18 07:14:40.475,1.58052,1.58074,1.00,1.87
2016.01.18 07:14:40.526,1.58048,1.58074,1.12,1.87
2016.01.18 07:14:40.715,1.58045,1.58068,1.00,1.12
2016.01.18 07:14:41.227,1.58045,1.58069,1.00,1.12
2016.01.18 07:14:41.765,1.58046,1.58071,1.00,1.87
2016.01.18 07:14:41.867,1.58046,1.5807,1.00,1.12
2016.01.18 07:14:42.172,1.58048,1.5807,1.00,1.12
2016.01.18 07:14:42.578,1.58048,1.58071,1.00,1.12
2016.01.18 07:14:42.722,1.58048,1.58069,1.00,1.12
2016.01.18 07:14:43.280,1.58048,1.58071,1.00,1.12
2016.01.18 07:14:43.534,1.5805,1.58071,1.00,1.12
2016.01.18 07:14:43.738,1.5805,1.58075,1.50,1.00
2016.01.18 07:14:43.839,1.5805,1.58075,1.00,1.12
2016.01.18 07:14:44.164,1.58049,1.58072,1.00,1.12
2016.01.18 07:14:44.480,1.58048,1.58068,1.00,1.12
2016.01.18 07:14:44.632,1.58045,1.58066,1.50,1.00
2016.01.18 07:14:45.140,1.58045,1.58068,1.50,1.12
2016.01.18 07:14:45.667,1.58045,1.58069,1.50,1.50
2016.01.18 07:14:45.871,1.58047,1.58071,1.12,1.00
2016.01.18 07:14:47.244,1.58047,1.5807,1.00,1.12
2016.01.18 07:14:47.346,1.58045,1.5807,1.00,1.87
2016.01.18 07:14:47.549,1.58045,1.5807,1.50,1.12
2016.01.18 07:14:47.753,1.58045,1.5807,1.00,1.87
2016.01.18 07:14:48.548,1.58045,1.58069,1.00,1.12
2016.01.18 07:14:48.651,1.58043,1.58069,1.12,1.12
2016.01.18 07:14:49.492,1.58041,1.58063,1.87,1.00
2016.01.18 07:14:49.595,1.58041,1.58063,1.00,1.00
2016.01.18 07:14:49.697,1.58038,1.58063,1.87,1.12
2016.01.18 07:14:49.799,1.58038,1.5806,1.37,1.00
2016.01.18 07:14:50.054,1.58032,1.58057,1.50,1.00
2016.01.18 07:14:50.106,1.58032,1.58054,1.50,1.00
2016.01.18 07:14:50.209,1.58032,1.58057,1.87,1.00
2016.01.18 07:14:50.260,1.58032,1.58056,1.00,1.00
2016.01.18 07:14:50.973,1.58032,1.58055,1.00,1.00
2016.01.18 07:14:51.026,1.58032,1.58051,1.00,1.00
2016.01.18 07:14:51.381,1.58032,1.58049,1.00,1.12
2016.01.18 07:14:51.535,1.5803,1.58049,1.00,1.12
2016.01.18 07:14:51.638,1.58023,1.5805,2.25,1.87
2016.01.18 07:14:51.893,1.58022,1.58047,1.00,1.12
2016.01.18 07:14:52.289,1.58024,1.58044,1.00,1.12
2016.01.18 07:14:52.594,1.58028,1.5805,1.00,1.12
2016.01.18 07:14:53.496,1.58028,1.5805,1.00,1.50
2016.01.18 07:14:54.005,1.58028,1.5805,1.00,1.12
2016.01.18 07:14:55.575,1.58028,1.58051,1.00,1.12
2016.01.18 07:14:56.098,1.58028,1.58053,1.00,1.87
2016.01.18 07:14:56.433,1.58031,1.58053,1.00,1.12
2016.01.18 07:14:56.687,1.58035,1.58057,1.00,1.37
2016.01.18 07:14:56.789,1.58036,1.5806,1.00,1.87
2016.01.18 07:14:57.196,1.58039,1.5806,1.00,1.87
2016.01.18 07:14:59.030,1.58038,1.5806,1.00,1.87
2016.01.18 07:14:59.081,1.58036,1.5806,1.00,1.87
2016.01.18 07:14:59.133,1.58038,1.5806,1.00,1.87
2016.01.18 07:14:59.184,1.58038,1.5806,1.37,1.00
2016.01.18 07:14:59.286,1.58038,1.58064,1.87,1.12
2016.01.18 07:14:59.622,1.58038,1.58064,1.12,2.62
2016.01.18 07:15:00.079,1.58038,1.58064,1.87,1.12
2016.01.18 07:15:00.384,1.58038,1.58064,1.12,1.87
2016.01.18 07:15:00.486,1.58036,1.58062,1.12,1.12
2016.01.18 07:15:01.031,1.58036,1.58059,1.00,1.00
2016.01.18 07:15:01.592,1.58038,1.58059,1.00,1.00
2016.01.18 07:15:02.142,1.58038,1.58062,1.00,1.12
2016.01.18 07:15:02.653,1.58036,1.58063,1.75,1.87
2016.01.18 07:15:02.959,1.58036,1.5806,1.00,1.12
2016.01.18 07:15:03.213,1.58033,1.5806,2.25,1.12
2016.01.18 07:15:03.406,1.58033,1.58058,1.50,1.12
2016.01.18 07:15:03.715,1.58031,1.58052,1.12,1.00
2016.01.18 07:15:04.223,1.58031,1.58051,1.12,1.00
2016.01.18 07:15:04.734,1.58034,1.58053,1.00,1.00
2016.01.18 07:15:04.992,1.58034,1.58055,1.00,1.00
2016.01.18 07:15:05.094,1.58037,1.58057,1.00,1.00
2016.01.18 07:15:05.399,1.5804,1.58061,1.00,1.00
2016.01.18 07:15:05.450,1.58044,1.58061,1.00,1.00
2016.01.18 07:15:05.552,1.58044,1.58066,1.00,1.37
2016.01.18 07:15:05.654,1.58044,1.58069,1.00,1.87
2016.01.18 07:15:05.895,1.58041,1.58067,1.12,1.87
2016.01.18 07:15:06.201,1.58041,1.58066,1.00,1.12
2016.01.18 07:15:06.607,1.58042,1.58067,1.00,1.00
2016.01.18 07:15:06.927,1.58044,1.58067,1.00,1.00
2016.01.18 07:15:07.435,1.58044,1.58069,1.12,1.50
2016.01.18 07:15:07.740,1.58045,1.58071,1.12,1.50
2016.01.18 07:15:08.812,1.58051,1.58073,1.00,1.00
2016.01.18 07:15:08.965,1.58051,1.58077,1.12,1.87
2016.01.18 07:15:10.511,1.58054,1.58077,1.00,1.87
2016.01.18 07:15:10.613,1.58055,1.58077,1.00,1.00
2016.01.18 07:15:10.820,1.58055,1.58077,1.87,1.00
2016.01.18 07:15:11.127,1.58059,1.58083,1.12,1.37
2016.01.18 07:15:11.533,1.58062,1.58084,1.00,1.12
2016.01.18 07:15:11.838,1.58074,1.58093,1.00,1.00
2016.01.18 07:15:11.941,1.58078,1.58103,1.00,1.75
2016.01.18 07:15:11.992,1.58081,1.58103,1.00,1.75
2016.01.18 07:15:12.145,1.58088,1.5811,1.00,1.12
2016.01.18 07:15:12.248,1.58094,1.58112,1.00,1.00
2016.01.18 07:15:12.553,1.58107,1.58121,1.00,1.00
2016.01.18 07:15:12.655,1.58107,1.58129,1.00,1.37
2016.01.18 07:15:12.707,1.58109,1.58129,1.00,1.00
2016.01.18 07:15:13.521,1.58109,1.58129,1.50,1.00
2016.01.18 07:15:13.572,1.58109,1.58131,1.50,1.00
2016.01.18 07:15:13.713,1.58109,1.58133,1.50,1.00
2016.01.18 07:15:13.765,1.58109,1.58135,1.50,1.87
2016.01.18 07:15:13.917,1.58109,1.58135,1.00,2.62
2016.01.18 07:15:14.425,1.58107,1.58135,1.50,2.62
2016.01.18 07:15:15.412,1.58113,1.58134,1.00,2.25
2016.01.18 07:15:15.514,1.5811,1.58135,1.00,2.62
2016.01.18 07:15:15.566,1.5811,1.58135,1.00,1.87
2016.01.18 07:15:15.617,1.5811,1.58135,1.00,1.87
2016.01.18 07:15:15.906,1.58108,1.58135,1.00,1.75
2016.01.18 07:15:16.110,1.58107,1.58133,1.00,1.50
2016.01.18 07:15:16.466,1.58105,1.58133,1.12,1.75
2016.01.18 07:15:18.885,1.58105,1.58128,1.00,1.50
2016.01.18 07:15:19.141,1.58098,1.58125,1.12,1.37
2016.01.18 07:15:19.742,1.581,1.58126,1.00,1.00
2016.01.18 07:15:19.844,1.58101,1.58129,2.25,1.12
2016.01.18 07:15:19.946,1.58102,1.58131,1.50,2.25
2016.01.18 07:15:20.302,1.58108,1.58131,1.00,1.75
2016.01.18 07:15:20.455,1.58108,1.58135,1.37,1.12
2016.01.18 07:15:20.557,1.58108,1.58136,2.25,1.75
2016.01.18 07:15:20.893,1.58111,1.58136,1.00,1.75
2016.01.18 07:15:21.198,1.58126,1.58146,1.00,3.75
2016.01.18 07:15:21.249,1.58126,1.58149,1.00,1.50
2016.01.18 07:15:21.351,1.58126,1.58152,1.12,1.00
2016.01.18 07:15:22.285,1.58123,1.58147,1.12,1.75
2016.01.18 07:15:22.336,1.5812,1.58144,1.00,1.12
2016.01.18 07:15:22.439,1.58118,1.58143,1.12,1.00
2016.01.18 07:15:22.592,1.58118,1.58147,1.50,1.87
2016.01.18 07:15:22.745,1.58118,1.58143,1.00,1.00
2016.01.18 07:15:23.247,1.58118,1.58146,1.50,1.12
2016.01.18 07:15:24.062,1.58118,1.58144,1.00,1.37
2016.01.18 07:15:24.758,1.58118,1.58145,1.00,1.75
2016.01.18 07:15:25.365,1.58118,1.58141,1.00,1.12
2016.01.18 07:15:25.568,1.58115,1.5814,1.00,1.12
2016.01.18 07:15:25.772,1.58112,1.58135,1.37,1.00
2016.01.18 07:15:26.027,1.58109,1.58135,1.37,1.37
2016.01.18 07:15:26.079,1.58108,1.58132,1.87,1.12
2016.01.18 07:15:26.130,1.58108,1.58132,1.00,1.12
2016.01.18 07:15:26.232,1.58106,1.58132,1.00,1.12
2016.01.18 07:15:27.546,1.58106,1.58131,1.00,1.12
2016.01.18 07:15:28.111,1.58108,1.5813,1.00,1.12
2016.01.18 07:15:28.162,1.58108,1.58133,1.00,1.75
2016.01.18 07:15:28.216,1.5811,1.58133,1.00,1.75
2016.01.18 07:15:28.774,1.58108,1.58133,1.87,1.12
2016.01.18 07:15:28.968,1.58108,1.58128,1.00,1.12
2016.01.18 07:15:29.277,1.58108,1.5812,1.00,1.12
2016.01.18 07:15:29.583,1.58103,1.58111,1.00,1.12
2016.01.18 07:15:29.890,1.58083,1.58104,1.87,1.12
2016.01.18 07:15:29.992,1.58083,1.58107,1.87,1.12
2016.01.18 07:15:30.094,1.58083,1.58104,1.00,1.75
2016.01.18 07:15:30.248,1.58079,1.58103,1.50,1.12
2016.01.18 07:15:30.453,1.58076,1.58099,1.50,1.12
2016.01.18 07:15:31.002,1.58075,1.58098,1.00,1.12
2016.01.18 07:15:31.358,1.58073,1.58097,1.37,1.12
2016.01.18 07:15:31.869,1.58073,1.58094,1.00,1.12
2016.01.18 07:15:34.261,1.58073,1.58095,1.12,1.37
2016.01.18 07:15:34.363,1.58075,1.58098,1.00,1.12
2016.01.18 07:15:34.922,1.58075,1.58098,1.00,1.75
2016.01.18 07:15:37.582,1.5808,1.58099,1.00,1.12
2016.01.18 07:15:37.768,1.5808,1.58102,1.12,1.87
2016.01.18 07:15:38.276,1.58077,1.58101,1.00,1.75
2016.01.18 07:15:38.582,1.58074,1.58098,1.50,1.37
2016.01.18 07:15:39.399,1.58075,1.58098,1.00,1.00
2016.01.18 07:15:41.097,1.58074,1.58099,1.50,1.12
2016.01.18 07:15:41.360,1.58072,1.58097,1.50,1.12
2016.01.18 07:15:41.717,1.58075,1.58097,1.00,1.12
2016.01.18 07:15:42.023,1.58076,1.581,1.00,2.62
2016.01.18 07:15:43.383,1.58075,1.581,1.00,1.87
2016.01.18 07:15:44.748,1.58076,1.58099,1.00,1.37
2016.01.18 07:15:45.052,1.58076,1.58101,1.50,1.50
2016.01.18 07:15:45.815,1.58076,1.581,1.12,1.12
2016.01.18 07:15:45.866,1.58074,1.58099,1.12,1.12
2016.01.18 07:15:46.375,1.58072,1.58097,1.00,1.12
2016.01.18 07:15:46.885,1.58071,1.58097,1.50,1.12
2016.01.18 07:15:47.399,1.58071,1.58094,1.00,1.00
2016.01.18 07:15:51.909,1.58069,1.58094,1.00,1.37
2016.01.18 07:15:53.129,1.58069,1.58092,1.00,1.50
2016.01.18 07:15:54.349,1.58069,1.58089,1.00,1.12
2016.01.18 07:15:55.630,1.5807,1.58089,1.00,1.12
2016.01.18 07:15:55.936,1.58074,1.58093,1.00,1.12
2016.01.18 07:15:55.987,1.58074,1.58093,1.00,1.00
2016.01.18 07:15:56.553,1.58074,1.58097,1.50,1.75
2016.01.18 07:15:58.540,1.58071,1.58095,1.50,1.37
2016.01.18 07:15:58.642,1.58071,1.58095,1.00,1.75
2016.01.18 07:15:58.744,1.58068,1.5809,2.25,1.00
2016.01.18 07:15:59.281,1.58071,1.5809,1.00,1.00
2016.01.18 07:15:59.384,1.58074,1.58094,1.00,1.00
2016.01.18 07:15:59.906,1.58073,1.58094,1.00,1.00
2016.01.18 07:16:00.413,1.58074,1.58094,1.00,1.00
2016.01.18 07:16:02.050,1.58076,1.58094,1.00,1.00
2016.01.18 07:16:02.563,1.58076,1.58097,1.00,1.12
2016.01.18 07:16:03.206,1.58078,1.58097,1.00,1.12
2016.01.18 07:16:03.723,1.58076,1.58097,1.00,1.12
2016.01.18 07:16:04.079,1.58074,1.58097,1.00,1.12
2016.01.18 07:16:04.130,1.58074,1.58096,1.00,1.12
2016.01.18 07:16:04.413,1.58072,1.58091,1.00,1.00
2016.01.18 07:16:04.566,1.58068,1.58091,1.00,1.37
2016.01.18 07:16:04.875,1.58066,1.58091,1.00,1.75
2016.01.18 07:16:05.180,1.58065,1.58088,1.00,1.37
2016.01.18 07:16:06.737,1.58065,1.58085,1.00,1.87
2016.01.18 07:16:07.044,1.58065,1.58077,1.00,1.12
2016.01.18 07:16:07.198,1.58052,1.58077,1.50,1.87
2016.01.18 07:16:08.289,1.58052,1.58074,1.00,1.37
2016.01.18 07:16:08.441,1.5805,1.58074,1.00,1.37
2016.01.18 07:16:08.959,1.58051,1.58074,1.00,1.37
2016.01.18 07:16:09.651,1.58049,1.58073,1.00,1.12
2016.01.18 07:16:09.993,1.58049,1.5807,1.00,1.12
2016.01.18 07:16:10.045,1.58045,1.58068,1.00,1.12
2016.01.18 07:16:10.096,1.58042,1.58068,1.12,1.87
2016.01.18 07:16:10.198,1.58039,1.58065,1.50,1.24
2016.01.18 07:16:10.249,1.58037,1.58061,1.00,1.00
2016.01.18 07:16:10.301,1.58035,1.58061,1.50,1.49
2016.01.18 07:16:10.454,1.5803,1.58051,1.00,1.00
2016.01.18 07:16:10.556,1.58029,1.5805,1.00,1.12
2016.01.18 07:16:12.581,1.58027,1.5805,1.00,1.12
2016.01.18 07:16:12.988,1.58027,1.58052,1.12,1.61
2016.01.18 07:16:14.160,1.58029,1.58052,1.00,1.61
2016.01.18 07:16:14.668,1.58029,1.58052,1.00,1.49
2016.01.18 07:16:15.714,1.5803,1.58052,1.00,1.49
2016.01.18 07:16:15.866,1.5803,1.58054,1.12,1.49
2016.01.18 07:16:15.917,1.58032,1.58054,1.00,1.49
2016.01.18 07:16:16.223,1.58035,1.58057,1.00,2.74
2016.01.18 07:16:16.580,1.58037,1.58057,1.00,1.50
2016.01.18 07:16:16.682,1.58037,1.58059,1.00,1.37
2016.01.18 07:16:17.190,1.58037,1.58058,1.00,1.12
2016.01.18 07:16:17.698,1.58037,1.58061,1.00,1.24
2016.01.18 07:16:18.187,1.58037,1.58061,1.00,1.50
2016.01.18 07:16:19.180,1.58035,1.58059,1.00,1.12
2016.01.18 07:16:19.413,1.58031,1.58057,1.12,1.12
2016.01.18 07:16:19.515,1.58033,1.58057,1.00,1.12
2016.01.18 07:16:20.417,1.58035,1.58057,1.00,1.12
2016.01.18 07:16:20.728,1.5804,1.58062,1.00,1.12
2016.01.18 07:16:20.779,1.5804,1.58063,1.00,1.37
2016.01.18 07:16:20.882,1.58042,1.58063,1.00,1.37
2016.01.18 07:16:20.984,1.58042,1.58066,1.00,2.06
2016.01.18 07:16:21.036,1.58045,1.58066,1.00,2.06
2016.01.18 07:16:21.959,1.58045,1.58068,1.00,1.50
2016.01.18 07:16:22.071,1.58043,1.58068,1.37,1.87
2016.01.18 07:16:22.122,1.58041,1.58067,1.12,1.12
2016.01.18 07:16:24.693,1.58037,1.58062,1.12,1.94
2016.01.18 07:16:24.796,1.58033,1.58059,2.62,1.19
2016.01.18 07:16:24.898,1.58033,1.58059,1.12,1.69
2016.01.18 07:16:25.405,1.58031,1.58056,1.37,1.00
2016.01.18 07:16:25.737,1.58029,1.58055,1.87,1.50
2016.01.18 07:16:27.377,1.58029,1.58053,1.87,1.00
2016.01.18 07:16:29.418,1.58029,1.58052,1.12,1.00
2016.01.18 07:16:29.520,1.58026,1.58051,1.00,1.87
2016.01.18 07:16:29.622,1.58023,1.58048,1.87,1.12
2016.01.18 07:16:29.967,1.58025,1.58048,1.00,1.12
2016.01.18 07:16:31.659,1.58026,1.58049,1.00,1.31
2016.01.18 07:16:31.964,1.58028,1.58049,1.00,1.19
2016.01.18 07:16:32.269,1.58026,1.58051,1.12,2.44
2016.01.18 07:16:32.676,1.58024,1.58046,1.75,1.00
2016.01.18 07:16:32.905,1.58022,1.58047,1.12,1.00
2016.01.18 07:16:32.957,1.5802,1.58044,1.00,1.56
2016.01.18 07:16:33.060,1.58018,1.58044,1.12,1.56
2016.01.18 07:16:34.390,1.58021,1.58044,1.00,1.56
2016.01.18 07:16:34.645,1.58022,1.58046,1.12,1.19
2016.01.18 07:16:34.949,1.58025,1.58046,1.00,1.19
2016.01.18 07:16:35.797,1.58025,1.58049,1.00,2.06
2016.01.18 07:16:36.306,1.58026,1.58049,1.00,2.06
2016.01.18 07:16:36.870,1.58025,1.58049,1.00,2.06
2016.01.18 07:16:37.403,1.58026,1.58049,1.00,2.06
2016.01.18 07:16:37.910,1.58026,1.58048,1.00,1.31
2016.01.18 07:16:38.433,1.58025,1.58048,1.00,1.31
2016.01.18 07:16:39.815,1.58026,1.58048,1.00,1.94
2016.01.18 07:16:45.137,1.58024,1.58048,1.00,1.31
2016.01.18 07:16:45.442,1.58026,1.58048,1.00,1.31
2016.01.18 07:16:48.454,1.58029,1.58048,1.00,1.12
2016.01.18 07:16:48.607,1.58029,1.58052,1.00,1.12
2016.01.18 07:16:48.711,1.58029,1.58054,1.12,1.50
2016.01.18 07:16:48.813,1.58032,1.58055,1.00,2.25
2016.01.18 07:16:50.872,1.58032,1.58053,1.00,1.12
2016.01.18 07:16:51.596,1.5803,1.58053,1.00,1.12
2016.01.18 07:16:52.193,1.5803,1.58056,1.12,1.87
2016.01.18 07:16:52.298,1.58032,1.58056,1.00,1.87
2016.01.18 07:16:56.084,1.58032,1.58054,1.00,1.37
2016.01.18 07:16:56.336,1.5803,1.58054,1.00,1.12
2016.01.18 07:16:58.238,1.58032,1.58054,1.00,1.12
2016.01.18 07:16:58.748,1.58032,1.58056,1.00,1.94
2016.01.18 07:17:01.321,1.58028,1.58052,1.50,1.31
2016.01.18 07:17:01.525,1.58023,1.5805,1.50,2.06
2016.01.18 07:17:01.931,1.58021,1.58046,1.00,1.31
2016.01.18 07:17:02.469,1.58019,1.58046,1.50,1.31
2016.01.18 07:17:02.976,1.58021,1.58046,1.00,1.31
2016.01.18 07:17:03.078,1.58019,1.58043,1.12,1.56
2016.01.18 07:17:03.588,1.58018,1.58043,1.12,1.94
2016.01.18 07:17:04.096,1.58018,1.58043,1.12,1.75
2016.01.18 07:17:04.896,1.58018,1.58045,1.37,2.25
2016.01.18 07:17:05.404,1.58019,1.58045,1.12,1.87
2016.01.18 07:17:05.962,1.58021,1.58045,1.00,1.12
2016.01.18 07:17:06.064,1.58021,1.58047,1.37,2.25
2016.01.18 07:17:07.707,1.58021,1.58047,1.12,1.87
2016.01.18 07:17:07.809,1.58018,1.58044,1.50,1.75
2016.01.18 07:17:07.861,1.58018,1.58043,1.12,1.37
2016.01.18 07:17:10.112,1.58018,1.58043,1.37,1.50
2016.01.18 07:17:10.719,1.58021,1.58043,1.00,1.12
2016.01.18 07:17:11.431,1.58021,1.58046,1.37,1.75
2016.01.18 07:17:11.758,1.58024,1.58046,1.00,1.50
2016.01.18 07:17:12.761,1.58027,1.58047,1.00,1.75
2016.01.18 07:17:12.863,1.58027,1.5805,1.00,1.00
2016.01.18 07:17:12.914,1.5803,1.58049,1.00,1.00
2016.01.18 07:17:13.068,1.58032,1.58055,1.00,2.25
2016.01.18 07:17:13.586,1.58032,1.58054,1.00,1.87
2016.01.18 07:17:14.221,1.58032,1.58055,1.00,1.12
2016.01.18 07:17:14.551,1.58035,1.58057,1.00,1.31
2016.01.18 07:17:14.754,1.58038,1.58059,1.00,1.50
2016.01.18 07:17:14.909,1.58038,1.58061,1.12,1.50
2016.01.18 07:17:15.835,1.58037,1.58061,1.12,1.12
2016.01.18 07:17:17.443,1.58039,1.58061,1.00,1.94
2016.01.18 07:17:17.992,1.5804,1.58061,1.00,1.56
2016.01.18 07:17:18.499,1.5804,1.58063,1.00,2.06
2016.01.18 07:17:18.804,1.58042,1.58063,1.00,1.56
2016.01.18 07:17:19.354,1.58045,1.58063,1.00,1.31
2016.01.18 07:17:19.659,1.58048,1.58065,1.50,1.56
2016.01.18 07:17:19.812,1.58051,1.58069,1.00,1.25
2016.01.18 07:17:20.066,1.58054,1.58071,1.00,1.19
2016.01.18 07:17:20.583,1.58055,1.58071,1.00,1.19
2016.01.18 07:17:21.598,1.58057,1.58078,1.00,2.06
2016.01.18 07:17:21.803,1.58059,1.58077,1.12,1.00
2016.01.18 07:17:21.854,1.58062,1.58077,1.00,1.00
2016.01.18 07:17:21.906,1.58064,1.58083,1.00,1.00
2016.01.18 07:17:21.958,1.58066,1.58083,1.00,1.00
2016.01.18 07:17:22.111,1.58068,1.5809,1.00,1.31
2016.01.18 07:17:22.669,1.58068,1.5809,1.00,1.31
2016.01.18 07:17:23.024,1.58066,1.58089,1.00,1.31
2016.01.18 07:17:23.574,1.58068,1.58089,1.00,1.31
2016.01.18 07:17:24.082,1.58068,1.58089,1.00,1.31
2016.01.18 07:17:25.226,1.58068,1.5809,1.00,1.31
2016.01.18 07:17:29.337,1.5807,1.5809,1.00,1.12
2016.01.18 07:17:29.570,1.58071,1.58093,1.00,1.00
2016.01.18 07:17:29.984,1.58073,1.58094,1.00,1.50
2016.01.18 07:17:31.212,1.58071,1.58094,1.00,1.50
2016.01.18 07:17:31.669,1.58069,1.58093,1.00,1.12
2016.01.18 07:17:32.518,1.5807,1.58093,1.00,1.87
2016.01.18 07:17:33.460,1.5807,1.58093,1.00,1.12
2016.01.18 07:17:34.771,1.58075,1.58093,1.00,1.00
2016.01.18 07:17:34.873,1.58075,1.58098,1.00,1.87
2016.01.18 07:17:34.975,1.58075,1.58098,1.00,1.75
2016.01.18 07:17:35.026,1.58071,1.58098,1.50,1.75
2016.01.18 07:17:35.078,1.58071,1.58098,1.87,1.37
2016.01.18 07:17:35.421,1.58073,1.58093,1.00,1.00
2016.01.18 07:17:35.930,1.58073,1.58096,1.00,1.12
2016.01.18 07:17:36.473,1.58073,1.58097,1.00,1.37
2016.01.18 07:17:38.544,1.58071,1.58095,1.00,1.00
2016.01.18 07:17:38.646,1.58071,1.58094,1.00,1.12
2016.01.18 07:17:38.748,1.5807,1.58096,1.87,1.00
2016.01.18 07:17:38.850,1.58072,1.58095,1.00,1.12
2016.01.18 07:17:39.084,1.58074,1.58096,1.00,1.37
2016.01.18 07:17:39.648,1.58074,1.58096,1.00,1.12
2016.01.18 07:17:41.123,1.58075,1.58096,1.00,1.12
2016.01.18 07:17:41.174,1.58075,1.58097,1.00,1.50
2016.01.18 07:17:41.276,1.58077,1.58098,1.00,1.12
2016.01.18 07:17:41.377,1.58077,1.581,1.00,2.62
2016.01.18 07:17:41.588,1.58079,1.581,1.00,2.62
2016.01.18 07:17:41.893,1.58082,1.58102,1.00,1.50
2016.01.18 07:17:42.410,1.58082,1.58102,1.50,1.00
2016.01.18 07:17:43.967,1.58084,1.58102,1.00,1.00
2016.01.18 07:17:44.830,1.58084,1.58106,1.00,2.62
2016.01.18 07:17:47.695,1.58084,1.58106,1.00,1.87
2016.01.18 07:17:48.242,1.58083,1.58106,1.00,1.87
2016.01.18 07:17:48.775,1.58081,1.58106,1.12,1.87
2016.01.18 07:17:49.344,1.58081,1.58103,1.12,1.37
2016.01.18 07:17:49.498,1.58075,1.58101,1.87,3.75
2016.01.18 07:17:49.802,1.58075,1.58098,1.00,1.37
2016.01.18 07:17:50.340,1.58078,1.58098,1.00,1.37
2016.01.18 07:17:50.845,1.58078,1.581,1.00,1.12
2016.01.18 07:17:51.754,1.58079,1.58098,1.00,1.00
2016.01.18 07:17:52.453,1.58079,1.58101,1.00,1.00
2016.01.18 07:17:54.014,1.58078,1.58101,1.87,1.00
2016.01.18 07:17:54.161,1.58075,1.58102,1.87,1.12
2016.01.18 07:17:54.212,1.58075,1.581,1.50,1.37
2016.01.18 07:17:54.264,1.58074,1.58099,1.37,1.37
2016.01.18 07:17:54.316,1.58073,1.58099,2.25,1.50
2016.01.18 07:17:54.469,1.58075,1.58099,1.00,1.75
2016.01.18 07:17:55.186,1.58076,1.58099,1.00,1.75
2016.01.18 07:17:55.719,1.58075,1.58099,1.00,1.75
2016.01.18 07:17:57.390,1.58075,1.581,1.50,1.50
2016.01.18 07:17:58.477,1.58077,1.581,1.00,1.50
2016.01.18 07:17:58.883,1.5808,1.581,1.00,1.50
2016.01.18 07:17:58.935,1.5808,1.58101,1.00,1.37
2016.01.18 07:17:59.290,1.5808,1.58104,1.75,1.37
2016.01.18 07:17:59.940,1.58083,1.58104,1.00,1.37
2016.01.18 07:18:00.245,1.58085,1.58108,1.00,1.87
2016.01.18 07:18:00.550,1.58087,1.58109,1.00,1.12
2016.01.18 07:18:00.754,1.58087,1.58111,1.00,1.12
2016.01.18 07:18:00.886,1.58087,1.58112,1.87,1.12
2016.01.18 07:18:01.091,1.58087,1.58112,1.12,1.87
2016.01.18 07:18:01.193,1.58087,1.58112,1.50,1.50
2016.01.18 07:18:01.295,1.58087,1.58112,1.12,2.25
2016.01.18 07:18:01.601,1.58084,1.5811,1.12,1.12
2016.01.18 07:18:01.906,1.58087,1.58109,1.00,1.00
2016.01.18 07:18:02.059,1.58089,1.58114,1.87,1.12
2016.01.18 07:18:02.112,1.5809,1.58117,1.12,1.87
2016.01.18 07:18:02.367,1.5809,1.58116,1.87,1.00
2016.01.18 07:18:02.520,1.58088,1.58116,1.87,2.62
2016.01.18 07:18:02.926,1.58087,1.58114,1.37,1.50
2016.01.18 07:18:03.567,1.5809,1.58112,1.00,1.00
2016.01.18 07:18:03.669,1.5809,1.58115,2.25,1.50
2016.01.18 07:18:03.822,1.58092,1.58117,1.50,2.25
2016.01.18 07:18:04.607,1.58094,1.58117,1.12,1.37
2016.01.18 07:18:04.861,1.58096,1.5812,1.00,2.25
2016.01.18 07:18:04.912,1.58096,1.5812,1.12,1.00
2016.01.18 07:18:05.065,1.58099,1.5812,1.50,1.00
2016.01.18 07:18:05.523,1.58099,1.58122,1.00,1.12
2016.01.18 07:18:06.514,1.58099,1.58122,1.69,1.50
2016.01.18 07:18:06.870,1.58099,1.58123,1.25,1.87
2016.01.18 07:18:07.682,1.58094,1.58118,1.75,1.37
2016.01.18 07:18:07.734,1.58094,1.58118,1.00,1.87
2016.01.18 07:18:09.206,1.58095,1.58118,1.00,1.12
2016.01.18 07:18:09.308,1.58096,1.58119,1.00,1.12
2016.01.18 07:18:09.461,1.58101,1.58119,1.00,1.12
2016.01.18 07:18:09.588,1.58101,1.58124,1.00,1.75
2016.01.18 07:18:09.690,1.58099,1.58124,1.50,1.75
2016.01.18 07:18:09.893,1.58101,1.58124,1.00,1.75
2016.01.18 07:18:10.402,1.581,1.58124,1.00,1.75
2016.01.18 07:18:11.594,1.581,1.58124,1.12,1.12
2016.01.18 07:18:12.103,1.58101,1.58124,1.00,1.12
2016.01.18 07:18:12.594,1.58101,1.58125,1.50,1.37
2016.01.18 07:18:13.395,1.58102,1.58125,1.00,1.37
2016.01.18 07:18:14.209,1.58104,1.58125,1.00,1.37
2016.01.18 07:18:14.902,1.58106,1.58126,1.00,1.50
2016.01.18 07:18:15.006,1.5811,1.5813,1.00,1.00
2016.01.18 07:18:16.020,1.5811,1.58132,1.00,1.37
2016.01.18 07:18:16.537,1.58111,1.58132,1.00,1.12
2016.01.18 07:18:17.432,1.58111,1.58132,1.00,1.00
2016.01.18 07:18:17.484,1.58113,1.58132,1.00,1.00
2016.01.18 07:18:18.245,1.58114,1.58132,1.00,1.00
2016.01.18 07:18:18.829,1.58115,1.58134,1.00,1.50
2016.01.18 07:18:19.296,1.58115,1.58134,1.00,1.12
2016.01.18 07:18:19.854,1.58114,1.58134,1.00,1.12
2016.01.18 07:18:20.389,1.58114,1.58134,1.00,1.50
2016.01.18 07:18:20.694,1.58117,1.58134,1.00,1.50
2016.01.18 07:18:20.796,1.58117,1.58139,1.69,1.12
2016.01.18 07:18:20.847,1.5812,1.5814,1.12,1.00
2016.01.18 07:18:20.898,1.58122,1.58144,1.00,1.00
2016.01.18 07:18:20.949,1.58122,1.58147,2.62,1.37
2016.01.18 07:18:21.457,1.58124,1.58148,1.00,1.37
2016.01.18 07:18:21.902,1.58123,1.58148,1.00,1.37
2016.01.18 07:18:22.422,1.58122,1.58147,1.87,1.37
2016.01.18 07:18:22.962,1.58123,1.58147,1.00,1.37
2016.01.18 07:18:25.222,1.58123,1.58147,1.37,1.37
2016.01.18 07:18:25.734,1.58123,1.58146,1.00,1.00
2016.01.18 07:18:26.874,1.58125,1.58146,1.00,1.00
2016.01.18 07:18:27.079,1.5813,1.58154,1.50,1.75
2016.01.18 07:18:27.130,1.58133,1.58155,1.00,1.12
2016.01.18 07:18:27.680,1.58133,1.58156,1.12,1.50
2016.01.18 07:18:27.933,1.58137,1.58159,1.00,1.12
2016.01.18 07:18:28.239,1.58139,1.58162,1.00,1.12
2016.01.18 07:18:28.512,1.58139,1.58161,1.00,1.00
2016.01.18 07:18:30.480,1.58139,1.58151,1.00,1.00
2016.01.18 07:18:30.583,1.5813,1.5815,1.00,1.37
2016.01.18 07:18:30.736,1.5813,1.58153,1.75,1.12
2016.01.18 07:18:30.837,1.58132,1.58157,1.37,1.87
2016.01.18 07:18:30.940,1.58136,1.5816,1.12,1.12
2016.01.18 07:18:31.651,1.58135,1.58162,1.87,2.25
2016.01.18 07:18:32.182,1.58138,1.58161,1.00,1.12
2016.01.18 07:18:32.693,1.58137,1.58164,1.12,1.87
2016.01.18 07:18:33.785,1.58136,1.58162,1.75,1.12
2016.01.18 07:18:33.937,1.58139,1.58163,1.00,1.12
2016.01.18 07:18:33.989,1.58139,1.58163,1.12,1.00
2016.01.18 07:18:34.040,1.58141,1.58163,1.00,1.00
2016.01.18 07:18:34.345,1.58153,1.58169,1.00,1.12
2016.01.18 07:18:34.498,1.58158,1.58177,1.12,1.12
2016.01.18 07:18:34.550,1.58158,1.5818,1.12,1.00
2016.01.18 07:18:34.804,1.58159,1.58183,1.12,1.50
2016.01.18 07:18:34.855,1.58159,1.58183,1.75,1.00
2016.01.18 07:18:35.008,1.58154,1.58179,1.12,1.00
2016.01.18 07:18:35.059,1.58153,1.58177,1.87,1.00
2016.01.18 07:18:35.374,1.58156,1.58176,1.00,1.50
2016.01.18 07:18:35.425,1.58152,1.58176,1.12,1.50
2016.01.18 07:18:35.543,1.58151,1.5817,1.50,1.00
2016.01.18 07:18:35.645,1.58144,1.58168,2.06,1.00
2016.01.18 07:18:35.747,1.58148,1.5817,1.00,1.50
2016.01.18 07:18:36.052,1.5815,1.58174,1.87,1.50
2016.01.18 07:18:36.257,1.5815,1.58175,1.12,1.37
2016.01.18 07:18:36.781,1.58151,1.58174,2.25,1.00
2016.01.18 07:18:37.302,1.58153,1.58174,1.12,1.00
2016.01.18 07:18:37.817,1.58154,1.58177,1.00,1.50
2016.01.18 07:18:38.122,1.58156,1.58177,1.00,1.50
2016.01.18 07:18:38.381,1.58157,1.58179,1.50,1.12
2016.01.18 07:18:38.483,1.5816,1.58182,1.00,1.50
2016.01.18 07:18:38.586,1.5816,1.58182,1.00,1.00
2016.01.18 07:18:39.086,1.58158,1.58182,1.12,1.12
2016.01.18 07:18:39.138,1.5816,1.58182,1.00,1.12
2016.01.18 07:18:39.647,1.5816,1.58182,1.50,1.00
2016.01.18 07:18:39.901,1.58158,1.58181,1.12,1.50
2016.01.18 07:18:40.707,1.5816,1.58184,1.00,1.87
2016.01.18 07:18:40.911,1.58158,1.58184,2.25,1.87
2016.01.18 07:18:41.115,1.5816,1.58184,1.00,1.87
2016.01.18 07:18:41.702,1.58161,1.58184,1.00,1.37
2016.01.18 07:18:42.007,1.58159,1.58184,1.00,1.37
2016.01.18 07:18:42.109,1.58162,1.58184,1.00,1.37
2016.01.18 07:18:42.618,1.58162,1.58187,1.50,1.75
2016.01.18 07:18:42.669,1.58164,1.58188,1.12,1.87
2016.01.18 07:18:42.892,1.58167,1.58189,1.00,1.00
2016.01.18 07:18:43.758,1.58167,1.5819,1.12,1.00
2016.01.18 07:18:44.105,1.5817,1.58195,1.12,2.62
2016.01.18 07:18:44.359,1.58173,1.58195,1.00,1.50
2016.01.18 07:18:44.880,1.58174,1.58195,1.00,1.00
2016.01.18 07:18:45.033,1.58171,1.58195,1.12,1.00
2016.01.18 07:18:45.254,1.58173,1.58195,1.00,1.00
2016.01.18 07:18:45.792,1.58175,1.58195,1.00,1.00
2016.01.18 07:18:45.944,1.58173,1.58195,1.00,1.00
2016.01.18 07:18:46.046,1.58175,1.58197,1.00,1.50
2016.01.18 07:18:46.402,1.58174,1.58198,1.00,1.87
2016.01.18 07:18:46.504,1.58174,1.58198,1.00,1.87
2016.01.18 07:18:46.736,1.58173,1.582,1.94,1.12
2016.01.18 07:18:46.890,1.58174,1.58196,1.25,1.00
2016.01.18 07:18:47.450,1.58175,1.58198,1.00,1.12
2016.01.18 07:18:47.963,1.58176,1.58198,1.00,1.12
2016.01.18 07:18:48.350,1.58179,1.58198,1.00,1.12
2016.01.18 07:18:48.452,1.58177,1.58198,1.00,1.12
2016.01.18 07:18:48.959,1.58178,1.58198,1.00,1.37
2016.01.18 07:18:49.826,1.58178,1.58201,1.00,1.12
2016.01.18 07:18:50.334,1.58179,1.58201,1.00,1.12
2016.01.18 07:18:50.838,1.5818,1.58202,1.00,1.87
2016.01.18 07:18:51.350,1.58179,1.58202,1.00,1.87
2016.01.18 07:18:51.992,1.58179,1.58202,1.00,1.87
2016.01.18 07:18:53.369,1.58178,1.58202,1.12,1.87
2016.01.18 07:18:53.805,1.58178,1.58202,1.12,1.50
2016.01.18 07:18:54.059,1.58184,1.58204,1.00,1.12
2016.01.18 07:18:54.111,1.58184,1.58207,1.00,1.87
2016.01.18 07:18:54.162,1.58187,1.58207,1.00,1.75
2016.01.18 07:18:54.518,1.58189,1.5821,1.00,1.12
2016.01.18 07:18:54.620,1.58186,1.58209,1.50,1.12
2016.01.18 07:18:54.722,1.58188,1.58209,1.00,1.12
2016.01.18 07:18:54.908,1.58186,1.58209,1.50,1.12
2016.01.18 07:18:55.061,1.58189,1.58209,1.00,1.12
2016.01.18 07:18:55.578,1.58188,1.58209,1.00,1.12
2016.01.18 07:18:55.884,1.58189,1.58212,1.37,1.50
2016.01.18 07:18:56.279,1.58188,1.58212,1.12,1.87
2016.01.18 07:18:56.786,1.58189,1.58212,1.12,1.50
2016.01.18 07:18:57.312,1.58189,1.58212,1.50,1.37
2016.01.18 07:18:57.848,1.58191,1.58212,1.00,1.12
2016.01.18 07:18:57.950,1.58189,1.58213,1.00,1.75
2016.01.18 07:18:58.052,1.58191,1.58212,1.00,1.50
2016.01.18 07:18:58.434,1.58192,1.58213,1.00,1.12
2016.01.18 07:18:58.938,1.58193,1.58213,1.00,1.12
2016.01.18 07:18:59.597,1.58193,1.58213,1.00,1.12
2016.01.18 07:19:00.133,1.58191,1.58213,1.00,1.12
2016.01.18 07:19:00.235,1.58187,1.58211,1.12,1.87
2016.01.18 07:19:00.360,1.58182,1.58207,1.00,1.12
2016.01.18 07:19:00.897,1.58183,1.58205,1.00,1.12
2016.01.18 07:19:01.492,1.58183,1.58205,1.00,1.75
2016.01.18 07:19:01.902,1.58185,1.58205,1.00,1.75
2016.01.18 07:19:02.411,1.58186,1.58205,1.00,1.12
2016.01.18 07:19:03.263,1.58186,1.58205,1.00,1.12
2016.01.18 07:19:03.808,1.58185,1.58205,1.00,1.12
2016.01.18 07:19:04.345,1.58185,1.58204,1.00,1.00
2016.01.18 07:19:04.766,1.58184,1.58205,1.00,1.12
2016.01.18 07:19:04.969,1.58182,1.58205,1.00,1.12
2016.01.18 07:19:05.274,1.5818,1.58204,1.00,1.12
2016.01.18 07:19:05.440,1.5818,1.58201,1.00,1.37
2016.01.18 07:19:05.755,1.58183,1.58205,1.00,1.12
2016.01.18 07:19:05.959,1.58183,1.58203,1.00,1.00
2016.01.18 07:19:06.265,1.58185,1.58203,1.00,1.50
2016.01.18 07:19:06.597,1.58183,1.58203,1.00,1.00
2016.01.18 07:19:06.953,1.58186,1.58204,1.00,1.12
2016.01.18 07:19:07.477,1.58183,1.58204,1.00,1.12
2016.01.18 07:19:07.945,1.58178,1.58202,1.00,1.87
2016.01.18 07:19:08.047,1.5818,1.58199,1.00,1.00
2016.01.18 07:19:08.149,1.58177,1.58199,1.00,1.50
2016.01.18 07:19:08.251,1.58175,1.58199,1.87,1.50
2016.01.18 07:19:08.455,1.5817,1.58197,1.87,1.75
2016.01.18 07:19:08.709,1.58175,1.58195,1.00,1.37
2016.01.18 07:19:08.810,1.58173,1.58195,1.00,1.37
2016.01.18 07:19:08.912,1.58178,1.58195,1.00,1.37
2016.01.18 07:19:09.129,1.5818,1.58197,1.00,1.00
2016.01.18 07:19:09.638,1.58181,1.58204,1.00,1.50
2016.01.18 07:19:09.792,1.58183,1.58204,1.00,1.37
2016.01.18 07:19:09.945,1.58183,1.58204,1.00,1.37
2016.01.18 07:19:09.997,1.58185,1.58204,1.00,1.37
2016.01.18 07:19:10.504,1.58184,1.58207,1.50,1.50
2016.01.18 07:19:10.555,1.58184,1.58207,1.50,1.12
2016.01.18 07:19:10.607,1.58184,1.5821,2.62,1.87
2016.01.18 07:19:10.709,1.58184,1.58208,1.87,1.37
2016.01.18 07:19:11.750,1.58184,1.58208,1.87,1.12
2016.01.18 07:19:12.156,1.58188,1.58208,1.00,1.12
2016.01.18 07:19:12.703,1.58187,1.58208,1.00,1.12
2016.01.18 07:19:12.906,1.58183,1.58208,2.25,1.12
2016.01.18 07:19:13.110,1.58183,1.58206,1.00,1.75
2016.01.18 07:19:13.414,1.58185,1.58206,1.00,1.75
2016.01.18 07:19:13.668,1.58182,1.58205,1.00,1.12
2016.01.18 07:19:13.904,1.58184,1.58205,1.00,1.12
2016.01.18 07:19:14.158,1.58182,1.58205,1.00,1.12
2016.01.18 07:19:14.665,1.58183,1.58204,1.00,1.12
2016.01.18 07:19:15.457,1.58182,1.58205,1.00,1.12
2016.01.18 07:19:18.915,1.58182,1.58205,1.00,2.62
2016.01.18 07:19:18.966,1.58182,1.58205,1.00,2.62
2016.01.18 07:19:19.220,1.58177,1.58202,1.12,1.87
2016.01.18 07:19:19.525,1.58177,1.58201,1.12,1.12
2016.01.18 07:19:20.070,1.58178,1.58201,1.00,1.12
2016.01.18 07:19:20.325,1.5818,1.58201,1.00,1.12
2016.01.18 07:19:20.630,1.58177,1.58202,2.25,1.87
2016.01.18 07:19:21.138,1.58179,1.58201,1.00,1.37
2016.01.18 07:19:21.189,1.58177,1.58201,1.00,1.37
2016.01.18 07:19:21.325,1.5818,1.58202,1.00,1.87
2016.01.18 07:19:21.478,1.5818,1.58202,1.00,1.87
2016.01.18 07:19:21.530,1.58182,1.58204,1.00,1.12
2016.01.18 07:19:22.040,1.58183,1.58205,1.00,1.87
2016.01.18 07:19:22.193,1.58184,1.58205,1.00,1.12
2016.01.18 07:19:22.629,1.58182,1.58206,1.87,1.12
2016.01.18 07:19:23.188,1.58183,1.58206,1.00,1.12
2016.01.18 07:19:24.278,1.58183,1.58208,1.12,1.87
2016.01.18 07:19:25.392,1.58182,1.58208,2.25,1.87
2016.01.18 07:19:25.799,1.58186,1.58208,1.00,1.87
2016.01.18 07:19:25.901,1.58187,1.58208,1.00,1.50
2016.01.18 07:19:26.055,1.58187,1.5821,1.12,1.12
2016.01.18 07:19:26.512,1.58188,1.5821,1.37,1.12
2016.01.18 07:19:26.928,1.58192,1.58213,1.00,1.87
2016.01.18 07:19:27.233,1.58192,1.58213,1.00,1.87
2016.01.18 07:19:28.129,1.58192,1.58213,1.00,1.50
2016.01.18 07:19:28.332,1.58189,1.58213,1.50,1.50
2016.01.18 07:19:28.434,1.58192,1.58213,1.00,1.50
2016.01.18 07:19:28.945,1.58193,1.58214,1.00,1.12
2016.01.18 07:19:29.477,1.58194,1.58214,1.00,1.12
2016.01.18 07:19:29.985,1.58194,1.58216,1.00,1.87
2016.01.18 07:19:30.190,1.58191,1.58216,1.12,1.87
2016.01.18 07:19:30.399,1.58194,1.58216,1.00,1.87
2016.01.18 07:19:30.949,1.58195,1.58216,1.00,1.12
2016.01.18 07:19:31.305,1.58195,1.58217,1.00,1.87
2016.01.18 07:19:31.407,1.58197,1.58217,1.00,1.87
2016.01.18 07:19:32.806,1.58197,1.58216,1.00,1.37
2016.01.18 07:19:33.121,1.58195,1.58216,1.00,1.37
2016.01.18 07:19:33.751,1.58194,1.58216,1.00,1.37
2016.01.18 07:19:34.005,1.58192,1.58215,1.00,1.37
2016.01.18 07:19:34.158,1.58192,1.58215,1.75,1.37
2016.01.18 07:19:34.362,1.58191,1.58215,1.50,1.37
2016.01.18 07:19:34.464,1.5819,1.58214,1.12,1.00
2016.01.18 07:19:34.667,1.58191,1.58214,1.50,1.12
2016.01.18 07:19:35.199,1.58192,1.58213,1.00,1.12
2016.01.18 07:19:35.308,1.5819,1.58213,1.00,1.12
2016.01.18 07:19:35.462,1.58192,1.58213,1.00,1.12
2016.01.18 07:19:36.327,1.58191,1.58212,1.50,1.37
2016.01.18 07:19:39.834,1.58191,1.58214,1.50,1.12
2016.01.18 07:19:40.139,1.58199,1.58217,1.00,1.37
2016.01.18 07:19:40.647,1.58199,1.58217,1.00,1.00
2016.01.18 07:19:41.948,1.58201,1.58218,1.00,1.00
2016.01.18 07:19:42.152,1.58201,1.58222,1.00,2.25
2016.01.18 07:19:42.380,1.58204,1.58224,1.00,1.50
2016.01.18 07:19:42.685,1.5821,1.58232,1.50,1.50
2016.01.18 07:19:42.737,1.5821,1.58232,1.50,1.50
2016.01.18 07:19:42.839,1.58212,1.58232,1.00,1.00
2016.01.18 07:19:43.370,1.58212,1.58234,1.50,1.00
2016.01.18 07:19:44.236,1.58214,1.58234,1.00,1.12
2016.01.18 07:19:44.338,1.58212,1.58234,1.50,1.12
2016.01.18 07:19:44.568,1.58214,1.58234,1.00,1.12
2016.01.18 07:19:44.670,1.58212,1.58234,1.50,1.12
2016.01.18 07:19:44.773,1.58214,1.58234,1.00,1.12
2016.01.18 07:19:44.875,1.58212,1.58234,1.00,1.87
2016.01.18 07:19:48.521,1.58214,1.58234,1.00,1.50
2016.01.18 07:19:48.724,1.58212,1.58234,1.00,1.50
2016.01.18 07:19:49.825,1.58212,1.58236,1.00,1.00
2016.01.18 07:19:49.929,1.58218,1.5824,1.00,1.37
2016.01.18 07:19:50.373,1.58221,1.5824,1.00,1.00
2016.01.18 07:19:50.933,1.5822,1.5824,1.00,1.00
2016.01.18 07:19:51.036,1.58217,1.5824,1.00,1.00
2016.01.18 07:19:51.137,1.58218,1.58238,1.00,1.00
2016.01.18 07:19:51.442,1.58223,1.58238,1.00,1.00
2016.01.18 07:19:51.493,1.58221,1.58238,1.00,1.00
2016.01.18 07:19:51.784,1.58219,1.58238,1.00,1.00
2016.01.18 07:19:51.937,1.58221,1.58238,1.00,1.00
2016.01.18 07:19:52.243,1.58219,1.58238,1.00,1.00
2016.01.18 07:19:52.344,1.58222,1.5824,1.00,1.00
2016.01.18 07:19:52.656,1.5822,1.5824,1.00,1.00
2016.01.18 07:19:52.935,1.58219,1.58238,1.00,1.00
2016.01.18 07:19:53.443,1.58222,1.58237,1.00,1.00
2016.01.18 07:19:53.649,1.5822,1.58237,1.00,1.00
2016.01.18 07:19:53.903,1.58222,1.58237,1.00,1.00
2016.01.18 07:19:54.245,1.5822,1.58237,1.00,1.00
2016.01.18 07:19:54.500,1.58221,1.58233,1.00,1.00
2016.01.18 07:19:54.703,1.58219,1.58235,1.00,1.00
2016.01.18 07:19:55.686,1.58218,1.58235,1.00,1.00
2016.01.18 07:19:56.207,1.58219,1.58235,1.00,1.00
2016.01.18 07:19:57.209,1.5822,1.58235,1.00,1.00
2016.01.18 07:19:57.725,1.58219,1.58235,1.00,1.00
2016.01.18 07:19:58.304,1.58218,1.58235,1.00,1.00
2016.01.18 07:19:59.033,1.58218,1.58234,1.00,1.00
2016.01.18 07:19:59.921,1.58217,1.58234,1.00,1.00
2016.01.18 07:20:00.434,1.58218,1.58234,1.00,1.00
2016.01.18 07:20:01.119,1.58217,1.58234,1.00,1.00
2016.01.18 07:20:03.863,1.58218,1.58234,1.00,1.00
2016.01.18 07:20:04.301,1.58216,1.58234,1.00,1.00
2016.01.18 07:20:04.809,1.58217,1.58235,1.00,1.00
2016.01.18 07:20:05.317,1.58218,1.58235,1.00,1.00
2016.01.18 07:20:05.611,1.58218,1.58232,1.00,1.00
2016.01.18 07:20:05.662,1.58216,1.58232,1.00,1.00
2016.01.18 07:20:05.815,1.58216,1.58234,1.00,1.00
2016.01.18 07:20:06.271,1.58216,1.58237,1.00,1.00
2016.01.18 07:20:06.760,1.5822,1.58237,1.00,1.00
2016.01.18 07:20:06.861,1.5822,1.58239,1.00,1.12
2016.01.18 07:20:07.894,1.58219,1.58236,1.00,1.00
2016.01.18 07:20:08.655,1.58218,1.58236,1.00,1.00
2016.01.18 07:20:08.808,1.58218,1.58238,1.00,1.00
2016.01.18 07:20:08.860,1.5822,1.58238,1.00,1.00
2016.01.18 07:20:09.389,1.58221,1.58238,1.00,1.00
2016.01.18 07:20:09.644,1.58222,1.58241,1.00,1.00
2016.01.18 07:20:09.747,1.58224,1.58242,1.00,1.00
2016.01.18 07:20:09.798,1.58224,1.58244,1.00,1.00
2016.01.18 07:20:09.849,1.58227,1.58246,1.00,1.00
2016.01.18 07:20:09.952,1.58229,1.58249,1.00,1.00
2016.01.18 07:20:10.003,1.58229,1.58252,1.00,1.00
2016.01.18 07:20:10.054,1.58231,1.58253,1.00,1.50
2016.01.18 07:20:10.582,1.58232,1.58253,1.00,1.00
2016.01.18 07:20:10.991,1.58231,1.58249,1.00,1.00
2016.01.18 07:20:11.042,1.58229,1.58249,1.00,1.00
2016.01.18 07:20:11.230,1.5823,1.58247,1.00,1.00
2016.01.18 07:20:11.535,1.58229,1.58244,1.00,1.00
2016.01.18 07:20:11.841,1.58229,1.5824,1.00,1.00
2016.01.18 07:20:12.096,1.58216,1.58239,1.00,1.00
2016.01.18 07:20:12.233,1.58216,1.58237,1.00,1.00
2016.01.18 07:20:12.537,1.58212,1.58233,1.37,1.00
2016.01.18 07:20:12.690,1.58212,1.58235,1.37,1.00
2016.01.18 07:20:13.442,1.58214,1.58235,1.00,1.00
2016.01.18 07:20:14.152,1.58216,1.58235,1.00,1.00
2016.01.18 07:20:14.507,1.58217,1.58241,1.00,1.37
2016.01.18 07:20:15.013,1.58218,1.58243,1.00,1.37
2016.01.18 07:20:15.216,1.58219,1.58243,1.00,1.87
2016.01.18 07:20:15.268,1.58221,1.58247,1.50,1.87
2016.01.18 07:20:15.319,1.58225,1.58247,1.00,1.12
2016.01.18 07:20:15.826,1.58227,1.58251,1.00,1.37
2016.01.18 07:20:16.246,1.58229,1.5825,1.00,1.37
2016.01.18 07:20:16.500,1.58229,1.5825,1.00,1.12
2016.01.18 07:20:17.469,1.58231,1.5825,1.00,1.12
2016.01.18 07:20:17.978,1.5823,1.5825,1.00,1.00
2016.01.18 07:20:18.334,1.58227,1.5825,1.00,1.00
2016.01.18 07:20:18.487,1.58229,1.5825,1.00,1.00
2016.01.18 07:20:18.994,1.5823,1.5825,1.00,1.00
2016.01.18 07:20:19.537,1.5823,1.58253,1.00,1.37
2016.01.18 07:20:19.994,1.58232,1.58256,1.00,1.37
2016.01.18 07:20:20.045,1.58233,1.58257,1.00,1.50
2016.01.18 07:20:20.097,1.58236,1.58256,1.00,1.37
2016.01.18 07:20:20.201,1.5823,1.58256,1.50,1.37
2016.01.18 07:20:20.406,1.58233,1.58254,1.00,1.12
2016.01.18 07:20:20.812,1.58233,1.58258,1.00,1.37
2016.01.18 07:20:20.863,1.58235,1.58258,1.00,1.37
2016.01.18 07:20:21.427,1.58234,1.58259,1.00,3.00
2016.01.18 07:20:21.732,1.58237,1.58261,1.00,1.37
2016.01.18 07:20:22.241,1.58238,1.58261,1.00,1.37
2016.01.18 07:20:22.574,1.58236,1.58259,1.00,1.37
2016.01.18 07:20:22.625,1.58234,1.58259,1.00,1.37
2016.01.18 07:20:22.727,1.58237,1.5826,1.00,1.12
2016.01.18 07:20:22.880,1.5824,1.5826,1.00,1.00
2016.01.18 07:20:22.931,1.58236,1.5826,1.00,1.00
2016.01.18 07:20:23.338,1.58237,1.58261,1.00,1.37
2016.01.18 07:20:23.390,1.58234,1.58261,1.00,1.37
2016.01.18 07:20:23.492,1.58237,1.58261,1.00,1.37
2016.01.18 07:20:23.594,1.58235,1.58261,1.00,1.37
2016.01.18 07:20:23.696,1.58238,1.58261,1.00,1.37
2016.01.18 07:20:23.918,1.58235,1.58261,1.00,1.75
2016.01.18 07:20:24.020,1.58237,1.58261,1.00,1.37
2016.01.18 07:20:24.530,1.58237,1.58261,1.00,1.37
2016.01.18 07:20:25.545,1.5824,1.58261,1.00,1.87
2016.01.18 07:20:25.647,1.58235,1.58261,1.50,1.37
2016.01.18 07:20:25.952,1.58237,1.58261,1.00,1.87
2016.01.18 07:20:26.872,1.5824,1.58263,1.00,1.87
2016.01.18 07:20:26.924,1.5824,1.58263,1.50,1.12
2016.01.18 07:20:27.026,1.58241,1.58266,1.50,1.12
2016.01.18 07:20:27.077,1.58243,1.58266,1.00,1.12
2016.01.18 07:20:27.600,1.58242,1.58265,1.12,1.00
2016.01.18 07:20:28.109,1.58242,1.58265,1.00,1.50
2016.01.18 07:20:28.263,1.5824,1.58265,1.12,1.87
2016.01.18 07:20:28.809,1.58241,1.58265,1.00,1.87
2016.01.18 07:20:29.143,1.58243,1.58265,1.00,1.12
2016.01.18 07:20:29.671,1.58243,1.58265,1.00,1.37
2016.01.18 07:20:30.347,1.58243,1.58265,1.00,1.12
2016.01.18 07:20:30.854,1.58244,1.58265,1.00,1.12
2016.01.18 07:20:31.272,1.58242,1.58265,1.12,1.12
2016.01.18 07:20:31.678,1.58244,1.58267,1.00,1.87
2016.01.18 07:20:31.861,1.58242,1.58265,1.12,1.12
2016.01.18 07:20:33.100,1.58244,1.58265,1.00,1.00
2016.01.18 07:20:33.430,1.58242,1.58265,1.12,1.00
2016.01.18 07:20:36.021,1.58241,1.58266,1.37,1.12
2016.01.18 07:20:36.248,1.5824,1.58265,1.12,1.12
2016.01.18 07:20:36.299,1.58241,1.58266,1.00,1.37
2016.01.18 07:20:36.809,1.58243,1.58266,1.00,1.37
2016.01.18 07:20:37.477,1.58243,1.58266,1.00,1.12
2016.01.18 07:20:37.782,1.58246,1.58269,1.00,1.87
2016.01.18 07:20:38.294,1.58246,1.58269,1.37,1.37
2016.01.18 07:20:38.842,1.58246,1.58269,1.37,1.37
2016.01.18 07:20:40.010,1.58246,1.58267,1.12,1.00
2016.01.18 07:20:40.622,1.58246,1.58269,1.12,1.00
2016.01.18 07:20:40.952,1.58246,1.58267,1.12,1.00
2016.01.18 07:20:41.122,1.58246,1.58269,1.12,1.00
2016.01.18 07:20:41.224,1.58248,1.58269,1.12,1.00
2016.01.18 07:20:41.580,1.58246,1.58271,1.12,1.00
2016.01.18 07:20:41.631,1.58247,1.58271,1.50,1.12
2016.01.18 07:20:41.935,1.58249,1.58274,1.37,1.75
2016.01.18 07:20:42.253,1.58254,1.58279,1.75,1.50
2016.01.18 07:20:42.355,1.58254,1.58279,1.87,1.12
2016.01.18 07:20:42.964,1.58263,1.58282,1.00,1.50
2016.01.18 07:20:43.016,1.58263,1.58282,1.00,1.12
2016.01.18 07:20:43.523,1.58264,1.58282,1.00,1.12
2016.01.18 07:20:43.981,1.58262,1.58282,1.00,1.12
2016.01.18 07:20:44.522,1.58262,1.58284,1.00,1.50
2016.01.18 07:20:44.929,1.5826,1.58284,1.12,1.50
2016.01.18 07:20:44.981,1.5826,1.58284,1.50,1.50
2016.01.18 07:20:45.748,1.58262,1.58287,1.00,1.62
2016.01.18 07:20:45.799,1.58266,1.58289,1.00,2.06
2016.01.18 07:20:46.105,1.58272,1.58289,1.12,1.00
2016.01.18 07:20:46.207,1.5827,1.58289,1.87,1.00
2016.01.18 07:20:46.818,1.58268,1.58288,1.12,1.00
2016.01.18 07:20:47.022,1.58267,1.58287,1.12,1.00
2016.01.18 07:20:47.124,1.58265,1.58285,1.37,1.00
2016.01.18 07:20:47.176,1.58264,1.58283,2.25,1.00
2016.01.18 07:20:47.431,1.58261,1.5828,1.50,1.00
2016.01.18 07:20:47.483,1.58262,1.58282,1.00,1.00
2016.01.18 07:20:47.536,1.58261,1.58279,1.87,1.00
2016.01.18 07:20:47.743,1.58261,1.58279,1.00,1.00
2016.01.18 07:20:48.152,1.58261,1.58276,1.00,1.00
2016.01.18 07:20:48.356,1.58256,1.58274,1.12,1.00
2016.01.18 07:20:48.407,1.58253,1.58272,3.00,1.00
2016.01.18 07:20:48.459,1.58253,1.58272,1.87,1.00
2016.01.18 07:20:48.718,1.58253,1.5827,1.12,1.00
2016.01.18 07:20:48.972,1.58253,1.58272,1.12,1.00
2016.01.18 07:20:50.842,1.58253,1.58278,1.87,1.12
2016.01.18 07:20:51.273,1.58253,1.58277,1.12,1.50
2016.01.18 07:20:52.287,1.58253,1.58278,1.12,1.12
2016.01.18 07:20:52.956,1.58255,1.58278,1.00,1.12
2016.01.18 07:20:53.261,1.58261,1.58284,1.00,1.94
2016.01.18 07:20:53.568,1.58264,1.58284,1.00,1.69
2016.01.18 07:20:53.891,1.58262,1.58284,1.00,1.37
2016.01.18 07:20:54.207,1.58264,1.58284,1.00,1.37
2016.01.18 07:20:54.724,1.58265,1.58287,1.00,1.75
2016.01.18 07:20:54.958,1.58268,1.58289,1.00,1.37
2016.01.18 07:20:55.112,1.58265,1.58291,2.62,1.00
2016.01.18 07:20:55.316,1.58266,1.58291,1.12,1.00
2016.01.18 07:20:55.824,1.58266,1.5829,1.12,1.50
2016.01.18 07:20:56.361,1.58267,1.5829,1.00,1.50
2016.01.18 07:20:56.868,1.58266,1.58292,1.87,1.50
2016.01.18 07:20:57.117,1.58267,1.58292,1.50,1.50
2016.01.18 07:20:57.688,1.58269,1.58294,1.12,1.37
2016.01.18 07:20:58.272,1.58269,1.5829,1.12,1.00
2016.01.18 07:20:58.382,1.58266,1.5829,1.12,1.00
2016.01.18 07:20:58.484,1.58265,1.5829,1.50,1.50
2016.01.18 07:20:58.636,1.58265,1.58286,1.50,1.00
2016.01.18 07:20:58.789,1.58263,1.58284,1.00,1.00
2016.01.18 07:20:58.840,1.58263,1.58282,1.00,1.00
2016.01.18 07:20:58.892,1.58259,1.58282,1.87,1.00
2016.01.18 07:20:58.994,1.58259,1.58282,1.12,1.12
2016.01.18 07:20:59.500,1.58259,1.58284,1.50,1.50
2016.01.18 07:21:00.470,1.58259,1.58282,1.50,1.00
2016.01.18 07:21:00.680,1.58258,1.58279,1.37,1.00
2016.01.18 07:21:01.190,1.58258,1.58279,1.00,1.00
2016.01.18 07:21:01.698,1.58258,1.5828,1.00,1.75
2016.01.18 07:21:01.852,1.58253,1.5828,2.25,1.87
2016.01.18 07:21:04.191,1.58254,1.58279,1.00,1.37
2016.01.18 07:21:06.745,1.58253,1.58272,1.50,1.00
2016.01.18 07:21:07.050,1.5825,1.58267,1.00,1.50
2016.01.18 07:21:07.629,1.5825,1.58268,1.00,1.12
2016.01.18 07:21:07.731,1.5825,1.58271,1.00,1.50
2016.01.18 07:21:08.139,1.58246,1.58271,1.12,1.00
2016.01.18 07:21:08.994,1.58246,1.58272,1.12,1.50
2016.01.18 07:21:10.500,1.58245,1.58272,2.62,1.37
2016.01.18 07:21:10.551,1.58245,1.58271,2.25,1.00
2016.01.18 07:21:11.113,1.58246,1.58271,1.00,1.00
2016.01.18 07:21:11.418,1.58246,1.58272,1.87,1.12
2016.01.18 07:21:11.825,1.58245,1.58272,3.37,1.87
2016.01.18 07:21:12.131,1.58246,1.58272,1.12,1.12
2016.01.18 07:21:15.937,1.58247,1.58273,1.12,1.50
2016.01.18 07:21:18.334,1.58248,1.58275,2.62,1.87
2016.01.18 07:21:18.639,1.58248,1.5827,1.12,1.00
2016.01.18 07:21:18.741,1.58246,1.5827,1.50,1.00
2016.01.18 07:21:19.243,1.58248,1.58272,1.12,1.37
2016.01.18 07:21:19.752,1.58248,1.58272,1.12,1.00
2016.01.18 07:21:20.650,1.58248,1.5827,1.12,1.00
2016.01.18 07:21:20.753,1.58247,1.5827,1.12,1.00
2016.01.18 07:21:21.260,1.58247,1.58271,1.12,1.00
2016.01.18 07:21:22.359,1.58249,1.58275,2.62,1.50
2016.01.18 07:21:22.562,1.58251,1.58277,1.12,1.50
2016.01.18 07:21:27.040,1.58251,1.58277,1.50,1.37
2016.01.18 07:21:27.964,1.58251,1.58276,1.12,1.37
2016.01.18 07:21:29.171,1.58251,1.58278,1.87,1.87
2016.01.18 07:21:29.478,1.58245,1.58265,1.12,1.00
2016.01.18 07:21:29.581,1.58242,1.58268,1.12,2.25
2016.01.18 07:21:29.683,1.58241,1.58266,1.12,1.00
2016.01.18 07:21:30.692,1.58242,1.58266,1.00,1.00
2016.01.18 07:21:31.197,1.58241,1.58266,1.12,1.00
2016.01.18 07:21:31.858,1.58241,1.58265,1.12,1.00
2016.01.18 07:21:32.711,1.58239,1.58265,1.75,1.37
2016.01.18 07:21:34.462,1.58241,1.58267,1.75,1.50
2016.01.18 07:21:34.615,1.58242,1.58269,1.87,2.62
2016.01.18 07:21:34.716,1.58244,1.58269,1.87,1.00
2016.01.18 07:21:35.224,1.58245,1.5827,1.50,1.12
2016.01.18 07:21:35.880,1.58245,1.5827,1.12,1.50
2016.01.18 07:21:36.288,1.58246,1.58271,1.37,1.37
2016.01.18 07:21:36.340,1.58246,1.58272,1.50,1.37
2016.01.18 07:21:36.391,1.58248,1.58273,1.50,2.25
2016.01.18 07:21:36.698,1.5825,1.58277,1.12,3.37
2016.01.18 07:21:37.987,1.58252,1.58275,1.00,1.00
2016.01.18 07:21:38.490,1.58251,1.58276,1.50,1.00
2016.01.18 07:21:40.273,1.58252,1.58277,2.25,1.00
2016.01.18 07:21:40.578,1.58254,1.58279,1.37,1.50
2016.01.18 07:21:42.611,1.58256,1.5828,1.12,1.00
2016.01.18 07:21:43.350,1.58259,1.5828,1.00,1.00
2016.01.18 07:21:45.766,1.58259,1.58282,1.87,1.37
2016.01.18 07:21:46.186,1.58261,1.58282,1.00,1.00
2016.01.18 07:21:46.492,1.58263,1.58285,1.00,1.75
2016.01.18 07:21:46.544,1.58263,1.58287,1.50,1.37
2016.01.18 07:21:46.696,1.58265,1.58288,1.00,2.62
2016.01.18 07:21:46.849,1.58266,1.58288,1.50,1.00
2016.01.18 07:21:46.951,1.58268,1.58291,1.00,1.12
2016.01.18 07:21:47.264,1.5827,1.58291,1.00,1.12
2016.01.18 07:21:48.109,1.5827,1.58294,1.00,1.87
2016.01.18 07:21:48.732,1.58271,1.58294,1.00,1.12
2016.01.18 07:21:48.936,1.58275,1.58294,1.00,1.00
2016.01.18 07:21:49.444,1.58274,1.58298,1.00,1.87
2016.01.18 07:21:50.042,1.58274,1.58298,1.00,1.87
2016.01.18 07:21:50.144,1.58276,1.58298,1.00,1.87
2016.01.18 07:21:50.652,1.58278,1.58298,1.00,1.12
2016.01.18 07:21:50.755,1.58279,1.58302,1.00,1.12
2016.01.18 07:21:51.153,1.58281,1.58304,1.00,1.12
2016.01.18 07:21:51.358,1.58279,1.58302,1.00,1.12
2016.01.18 07:21:52.102,1.58277,1.58299,1.12,1.00
2016.01.18 07:21:52.612,1.5828,1.58299,1.00,1.00
2016.01.18 07:21:52.967,1.58282,1.58299,1.00,1.00
2016.01.18 07:21:53.344,1.58282,1.58303,1.00,1.50
2016.01.18 07:21:54.487,1.58281,1.58303,1.00,1.50
2016.01.18 07:21:55.013,1.5828,1.58302,1.00,1.12
2016.01.18 07:21:55.623,1.58281,1.58303,1.00,1.50
2016.01.18 07:21:56.170,1.5828,1.58304,1.00,1.12
2016.01.18 07:21:56.681,1.5828,1.58301,1.00,1.00
2016.01.18 07:21:57.257,1.5828,1.58303,1.00,1.50
2016.01.18 07:21:57.597,1.58282,1.58303,1.00,1.50
2016.01.18 07:21:59.064,1.58281,1.58303,1.00,1.50
2016.01.18 07:22:00.054,1.58281,1.58303,1.00,1.50
2016.01.18 07:22:00.483,1.58277,1.58301,1.00,1.87
2016.01.18 07:22:00.534,1.58277,1.583,1.00,1.12
2016.01.18 07:22:01.047,1.58276,1.58297,1.00,1.00
2016.01.18 07:22:01.555,1.58276,1.58299,1.00,1.50
2016.01.18 07:22:01.857,1.58275,1.58296,1.12,1.00
2016.01.18 07:22:01.959,1.58271,1.58296,1.50,1.50
2016.01.18 07:22:02.010,1.58271,1.58296,1.12,1.87
2016.01.18 07:22:02.366,1.58267,1.58291,1.87,1.00
2016.01.18 07:22:02.726,1.58268,1.58289,1.37,1.00
2016.01.18 07:22:02.778,1.58266,1.58289,1.12,1.00
2016.01.18 07:22:03.186,1.58267,1.58292,1.50,1.12
2016.01.18 07:22:03.288,1.58267,1.58292,1.50,1.50
2016.01.18 07:22:03.694,1.58266,1.58288,1.12,1.00
2016.01.18 07:22:03.745,1.58263,1.58288,1.12,1.00
2016.01.18 07:22:03.880,1.58263,1.58285,1.00,1.00
2016.01.18 07:22:04.186,1.58248,1.58271,1.12,1.00
2016.01.18 07:22:04.238,1.58246,1.58271,1.50,1.12
2016.01.18 07:22:04.442,1.58245,1.58269,1.87,1.00
2016.01.18 07:22:04.984,1.58245,1.58268,1.12,1.00
2016.01.18 07:22:05.442,1.58245,1.58268,1.00,1.87
2016.01.18 07:22:05.696,1.5824,1.58265,1.87,1.50
2016.01.18 07:22:05.965,1.58239,1.58262,1.00,1.12
2016.01.18 07:22:06.626,1.58239,1.5826,1.00,1.00
2016.01.18 07:22:06.932,1.58234,1.58255,1.00,1.00
2016.01.18 07:22:07.074,1.58234,1.58257,1.00,1.00
2016.01.18 07:22:07.531,1.5823,1.58256,1.87,1.87
2016.01.18 07:22:07.837,1.58227,1.58248,1.37,1.00
2016.01.18 07:22:08.177,1.58226,1.58245,1.12,1.00
2016.01.18 07:22:08.381,1.58221,1.58244,1.50,1.00
2016.01.18 07:22:08.838,1.58225,1.58245,1.00,1.00
2016.01.18 07:22:08.990,1.58223,1.58245,1.00,1.00
2016.01.18 07:22:09.407,1.58225,1.58245,1.00,1.00
2016.01.18 07:22:13.372,1.58229,1.58248,1.00,1.75
2016.01.18 07:22:13.474,1.58229,1.58254,2.25,1.12
2016.01.18 07:22:13.587,1.58229,1.58253,1.87,1.87
2016.01.18 07:22:14.098,1.58231,1.58254,1.50,1.37
2016.01.18 07:22:16.045,1.58231,1.58254,1.12,1.00
2016.01.18 07:22:16.604,1.58231,1.58255,1.12,1.87
2016.01.18 07:22:16.808,1.58228,1.58253,1.12,1.75
2016.01.18 07:22:17.750,1.58238,1.58254,1.00,1.50
2016.01.18 07:22:17.801,1.58243,1.58258,1.00,1.12
2016.01.18 07:22:17.852,1.5824,1.58263,1.37,1.75
2016.01.18 07:22:17.904,1.58242,1.58264,1.00,1.12
2016.01.18 07:22:17.956,1.58243,1.58264,1.37,1.12
2016.01.18 07:22:18.493,1.58243,1.58264,1.00,1.12
2016.01.18 07:22:18.595,1.5824,1.58264,1.12,1.12
2016.01.18 07:22:19.105,1.58238,1.58264,2.62,1.50
2016.01.18 07:22:19.613,1.58241,1.58265,1.00,2.62
2016.01.18 07:22:26.455,1.58241,1.58264,1.50,1.00
2016.01.18 07:22:27.316,1.58242,1.58264,1.00,1.00
2016.01.18 07:22:27.856,1.58242,1.58265,1.00,1.12
2016.01.18 07:22:28.363,1.58243,1.58266,1.00,1.75
2016.01.18 07:22:28.849,1.58245,1.58266,1.00,1.12
2016.01.18 07:22:29.216,1.58245,1.58266,1.00,1.00
2016.01.18 07:22:29.268,1.58243,1.58266,1.50,1.00
2016.01.18 07:22:29.371,1.58243,1.58266,1.00,1.75
2016.01.18 07:22:29.728,1.5824,1.58264,1.50,1.31
2016.01.18 07:22:30.799,1.58242,1.58265,1.00,2.06
2016.01.18 07:22:31.257,1.58244,1.58265,1.00,2.81
2016.01.18 07:22:31.370,1.58241,1.58265,1.12,1.94
2016.01.18 07:22:31.592,1.58243,1.58263,1.00,1.62
2016.01.18 07:22:33.505,1.58243,1.58265,1.00,1.31
2016.01.18 07:22:33.607,1.58243,1.58263,1.00,1.31
2016.01.18 07:22:34.064,1.5824,1.58263,1.50,1.31
2016.01.18 07:22:34.622,1.58243,1.58263,1.00,1.31
2016.01.18 07:22:34.868,1.58251,1.58272,1.12,1.00
2016.01.18 07:22:34.920,1.58252,1.58278,1.75,1.87
2016.01.18 07:22:34.971,1.58255,1.58278,1.37,1.12
2016.01.18 07:22:35.022,1.58255,1.5828,1.50,1.00
2016.01.18 07:22:35.529,1.58257,1.58282,1.00,2.62
2016.01.18 07:22:35.884,1.58257,1.58283,1.50,1.37
2016.01.18 07:22:40.334,1.58258,1.58282,1.12,1.37
2016.01.18 07:22:40.740,1.58256,1.58282,1.50,1.75
2016.01.18 07:22:40.994,1.58258,1.58282,1.00,1.75
2016.01.18 07:22:41.438,1.58256,1.58282,3.00,1.75
2016.01.18 07:22:41.996,1.58257,1.58282,1.00,1.75
2016.01.18 07:22:42.838,1.58256,1.58282,1.50,1.75
2016.01.18 07:22:42.940,1.58258,1.58282,1.00,1.75
2016.01.18 07:22:43.194,1.58256,1.58282,2.25,1.75
2016.01.18 07:22:43.296,1.58258,1.58282,1.00,1.75
2016.01.18 07:22:43.397,1.58256,1.58282,2.25,1.75
2016.01.18 07:22:43.653,1.58254,1.5828,1.87,1.87
2016.01.18 07:22:44.659,1.58253,1.5828,1.12,2.81
2016.01.18 07:22:45.322,1.58254,1.58277,1.00,1.50
2016.01.18 07:22:45.425,1.58251,1.58274,1.12,1.00
2016.01.18 07:22:45.529,1.58249,1.58274,1.12,2.62
2016.01.18 07:22:45.693,1.58248,1.58274,1.87,3.00
2016.01.18 07:22:46.200,1.58249,1.58267,1.50,1.00
2016.01.18 07:22:46.708,1.58249,1.58266,1.00,1.00
2016.01.18 07:22:47.100,1.58249,1.58268,1.00,1.00
2016.01.18 07:22:48.014,1.58247,1.58268,1.00,1.00
2016.01.18 07:22:48.116,1.58244,1.58264,1.12,1.00
2016.01.18 07:22:48.577,1.58243,1.58264,1.87,1.00
2016.01.18 07:22:48.628,1.58244,1.58266,1.37,1.00
2016.01.18 07:22:48.933,1.58247,1.58266,1.75,1.00
2016.01.18 07:22:49.137,1.58247,1.58269,1.75,1.00
2016.01.18 07:22:49.645,1.58247,1.58269,2.25,1.00
2016.01.18 07:22:51.266,1.58247,1.58264,2.25,1.00
2016.01.18 07:22:51.418,1.58244,1.58264,1.12,1.00
2016.01.18 07:22:51.521,1.58243,1.58264,1.50,1.00
2016.01.18 07:22:52.036,1.58243,1.58264,1.12,1.00
2016.01.18 07:22:54.666,1.58243,1.58262,1.12,1.00
2016.01.18 07:22:54.972,1.58243,1.58259,1.00,1.00
2016.01.18 07:22:55.314,1.58243,1.58255,1.00,1.00
2016.01.18 07:22:55.467,1.58235,1.58255,1.50,1.00
2016.01.18 07:22:55.772,1.58235,1.58252,1.50,1.00
2016.01.18 07:22:56.279,1.58235,1.58254,1.00,1.00
2016.01.18 07:22:56.623,1.58235,1.58249,1.00,1.00
2016.01.18 07:22:56.727,1.58228,1.58249,1.87,1.00
2016.01.18 07:22:56.930,1.58228,1.58249,1.00,1.00
2016.01.18 07:22:57.184,1.58228,1.58251,1.37,1.00
2016.01.18 07:22:57.723,1.58229,1.58252,1.50,1.00
2016.01.18 07:22:58.288,1.58229,1.58253,1.50,1.12
2016.01.18 07:22:58.694,1.5823,1.58252,1.37,1.00
2016.01.18 07:22:58.838,1.58232,1.58256,1.00,1.12
2016.01.18 07:22:59.917,1.58235,1.58258,1.00,2.25
2016.01.18 07:23:01.948,1.58235,1.58259,1.12,1.12
2016.01.18 07:23:02.151,1.58235,1.58259,1.00,1.75
2016.01.18 07:23:02.253,1.58235,1.58259,1.12,1.12
2016.01.18 07:23:02.456,1.58235,1.58259,1.00,1.75
2016.01.18 07:23:02.558,1.58235,1.58259,1.12,1.12
2016.01.18 07:23:05.060,1.58236,1.58261,1.00,1.75
2016.01.18 07:23:07.775,1.58236,1.58259,1.87,1.00
2016.01.18 07:23:07.945,1.58236,1.58259,1.00,1.00
2016.01.18 07:23:07.999,1.58234,1.58259,1.50,1.00
2016.01.18 07:23:08.050,1.58236,1.58259,1.87,1.00
2016.01.18 07:23:08.558,1.58237,1.58262,1.37,1.69
2016.01.18 07:23:09.066,1.58238,1.58262,1.37,1.69
2016.01.18 07:23:09.307,1.58236,1.58261,1.12,1.87
2016.01.18 07:23:09.561,1.58238,1.58261,1.00,1.37
2016.01.18 07:23:10.222,1.58236,1.58261,1.12,1.37
2016.01.18 07:23:10.324,1.58238,1.58261,1.00,1.37
2016.01.18 07:23:10.653,1.58236,1.58261,1.12,1.37
2016.01.18 07:23:10.756,1.58238,1.58261,1.00,1.37
2016.01.18 07:23:12.277,1.58237,1.58262,1.00,1.75
2016.01.18 07:23:15.580,1.58237,1.58263,1.50,1.69
2016.01.18 07:23:15.936,1.58245,1.58263,1.00,1.62
2016.01.18 07:23:16.242,1.58255,1.5827,1.50,1.12
2016.01.18 07:23:16.293,1.58255,1.58276,1.50,1.19
2016.01.18 07:23:16.584,1.58255,1.58281,2.62,2.06
2016.01.18 07:23:16.996,1.58255,1.58279,1.87,1.31
2016.01.18 07:23:17.352,1.58254,1.58279,1.50,1.69
2016.01.18 07:23:18.304,1.58254,1.58279,1.50,1.50
2016.01.18 07:23:19.607,1.58253,1.5828,3.37,1.31
2016.01.18 07:23:20.393,1.58255,1.5828,1.12,1.62
2016.01.18 07:23:26.350,1.58255,1.5828,1.12,1.31
2016.01.18 07:23:26.604,1.58255,1.58281,2.62,1.69
2016.01.18 07:23:27.428,1.58255,1.58281,2.62,1.69
2016.01.18 07:23:28.015,1.58258,1.58283,1.87,2.44
2016.01.18 07:23:30.290,1.58261,1.58283,1.00,1.31
2016.01.18 07:23:30.544,1.58261,1.58283,1.00,1.00
2016.01.18 07:23:30.697,1.58261,1.58284,1.75,1.62
2016.01.18 07:23:31.308,1.58261,1.58285,1.75,1.31
2016.01.18 07:23:31.613,1.5827,1.58293,1.00,1.75
2016.01.18 07:23:31.664,1.5827,1.58293,1.00,1.50
2016.01.18 07:23:33.256,1.58268,1.58293,1.12,1.50
2016.01.18 07:23:33.715,1.58264,1.58289,1.87,1.00
2016.01.18 07:23:34.038,1.58264,1.58289,1.50,1.12
2016.01.18 07:23:37.223,1.58264,1.5829,1.50,1.87
2016.01.18 07:23:39.320,1.58266,1.5829,1.12,1.37
2016.01.18 07:23:39.827,1.58266,1.58291,1.12,1.37
2016.01.18 07:23:40.234,1.58263,1.58289,2.25,1.00
2016.01.18 07:23:40.335,1.58264,1.5829,1.12,1.50
2016.01.18 07:23:40.426,1.58263,1.58289,2.25,1.00
2016.01.18 07:23:40.528,1.58264,1.58291,1.12,2.62
2016.01.18 07:23:40.833,1.58267,1.58291,1.12,1.37
2016.01.18 07:23:42.297,1.58267,1.58293,1.12,2.62
2016.01.18 07:23:42.450,1.58268,1.58294,1.12,1.50
2016.01.18 07:23:42.755,1.58264,1.58288,1.47,1.75
2016.01.18 07:23:43.017,1.58261,1.58286,1.37,1.87
2016.01.18 07:23:43.069,1.58266,1.58287,1.00,1.12
2016.01.18 07:23:43.272,1.58273,1.58299,1.37,1.87
2016.01.18 07:23:43.426,1.58272,1.583,1.00,2.25
2016.01.18 07:23:43.972,1.58272,1.583,1.10,1.50
2016.01.18 07:23:44.480,1.58271,1.58299,1.50,1.00
2016.01.18 07:23:44.582,1.58271,1.58296,1.50,1.00
2016.01.18 07:23:45.094,1.58271,1.58296,1.47,1.37
2016.01.18 07:23:45.874,1.58271,1.58296,1.47,1.00
2016.01.18 07:23:46.881,1.58271,1.58296,1.37,1.62
2016.01.18 07:23:46.932,1.58269,1.58296,1.75,1.62
2016.01.18 07:23:47.137,1.58268,1.58295,1.00,1.37
2016.01.18 07:23:47.686,1.58267,1.58293,2.25,1.00
2016.01.18 07:23:48.194,1.58267,1.58293,1.12,1.12
2016.01.18 07:23:49.652,1.58266,1.58293,1.12,1.87
2016.01.18 07:23:50.190,1.58266,1.58293,1.00,1.87
2016.01.18 07:23:50.707,1.58265,1.5829,1.12,1.00
2016.01.18 07:23:51.164,1.58268,1.58294,1.00,1.69
2016.01.18 07:23:51.431,1.58268,1.58297,2.25,1.37
2016.01.18 07:23:51.482,1.58271,1.58298,1.12,1.37
2016.01.18 07:23:51.651,1.58272,1.58298,1.00,1.37
2016.01.18 07:23:52.160,1.58273,1.58299,1.00,1.62
2016.01.18 07:23:52.211,1.58271,1.583,2.25,2.06
2016.01.18 07:23:52.262,1.58271,1.583,1.87,1.69
2016.01.18 07:23:52.962,1.5827,1.583,2.25,2.81
2016.01.18 07:23:53.216,1.5827,1.58298,2.62,1.25
2016.01.18 07:23:56.211,1.58272,1.58298,1.12,1.00
2016.01.18 07:23:56.515,1.58273,1.583,1.12,1.50
2016.01.18 07:23:57.061,1.58275,1.583,1.00,1.00
2016.01.18 07:23:57.580,1.58274,1.583,1.00,1.00
2016.01.18 07:23:58.094,1.58273,1.583,1.87,1.00
2016.01.18 07:23:58.722,1.58274,1.583,1.00,1.00
2016.01.18 07:23:59.787,1.58273,1.583,1.12,1.00
2016.01.18 07:24:00.351,1.58275,1.583,1.00,1.00
2016.01.18 07:24:00.453,1.58275,1.58302,1.50,1.00
2016.01.18 07:24:00.555,1.58276,1.58304,1.00,1.50
2016.01.18 07:24:00.707,1.58277,1.58304,1.37,1.50
2016.01.18 07:24:01.052,1.5828,1.58305,1.87,1.00
2016.01.18 07:24:01.103,1.5828,1.58308,1.12,1.00
2016.01.18 07:24:01.255,1.58282,1.58309,1.00,1.50
2016.01.18 07:24:01.408,1.5828,1.58308,1.87,1.00
2016.01.18 07:24:02.308,1.58286,1.58309,1.00,1.50
2016.01.18 07:24:02.359,1.58286,1.58312,1.50,1.50
2016.01.18 07:24:02.411,1.5829,1.58313,1.00,1.69
2016.01.18 07:24:02.514,1.58291,1.58317,1.00,1.50
2016.01.18 07:24:02.565,1.58293,1.58319,1.00,1.00
2016.01.18 07:24:03.088,1.58292,1.58319,1.12,1.00
2016.01.18 07:24:03.639,1.58293,1.5832,1.50,1.50
2016.01.18 07:24:04.146,1.58292,1.58319,1.12,1.00
2016.01.18 07:24:05.536,1.58292,1.58318,1.12,1.00
2016.01.18 07:24:05.638,1.58291,1.58318,2.25,1.00
2016.01.18 07:24:05.914,1.58291,1.58316,1.00,1.00
2016.01.18 07:24:06.219,1.58288,1.58316,1.50,1.50
2016.01.18 07:24:06.464,1.58288,1.58314,1.00,1.00
2016.01.18 07:24:07.083,1.58288,1.58312,1.00,1.00
2016.01.18 07:24:08.249,1.58288,1.58314,1.00,1.00
2016.01.18 07:24:09.917,1.58287,1.58314,1.00,1.00
2016.01.18 07:24:10.325,1.58289,1.58316,1.00,1.00
2016.01.18 07:24:10.478,1.58289,1.58318,1.50,1.00
2016.01.18 07:24:10.652,1.58289,1.58318,3.37,1.00
2016.01.18 07:24:10.860,1.58288,1.58315,1.50,1.00
2016.01.18 07:24:11.368,1.58288,1.58314,1.00,1.00
2016.01.18 07:24:11.724,1.58288,1.58312,1.00,1.00
2016.01.18 07:24:12.517,1.58289,1.58312,1.00,1.00
2016.01.18 07:24:13.024,1.5829,1.58312,1.00,1.00
2016.01.18 07:24:15.610,1.5829,1.58315,1.00,1.50
2016.01.18 07:24:16.219,1.58291,1.58317,1.00,1.00
2016.01.18 07:24:16.811,1.58291,1.58319,1.00,1.12
2016.01.18 07:24:17.319,1.58291,1.58321,1.00,1.37
2016.01.18 07:24:17.421,1.58296,1.58321,1.00,1.87
2016.01.18 07:24:17.912,1.58293,1.58321,1.00,1.00
2016.01.18 07:24:18.527,1.58291,1.5832,1.12,1.00
2016.01.18 07:24:20.739,1.58293,1.58321,1.00,1.50
2016.01.18 07:24:21.211,1.58293,1.58317,1.00,1.00
2016.01.18 07:24:21.262,1.5829,1.58317,1.50,1.00
2016.01.18 07:24:21.465,1.5829,1.58314,1.87,1.00
2016.01.18 07:24:21.567,1.5829,1.58314,1.00,1.00
2016.01.18 07:24:22.156,1.5829,1.58316,2.25,1.37
2016.01.18 07:24:22.461,1.58298,1.58321,1.87,1.00
2016.01.18 07:24:22.563,1.58298,1.58323,1.37,1.50
2016.01.18 07:24:23.106,1.58298,1.58323,1.00,1.87
2016.01.18 07:24:26.645,1.58296,1.58322,1.50,1.50
2016.01.18 07:24:26.797,1.58294,1.5832,1.12,1.12
2016.01.18 07:24:27.087,1.58295,1.5832,1.00,1.00
2016.01.18 07:24:27.189,1.58299,1.5832,1.00,1.00
2016.01.18 07:24:27.291,1.58301,1.58323,1.00,1.12
2016.01.18 07:24:27.393,1.58301,1.58327,1.75,1.50
2016.01.18 07:24:33.999,1.58304,1.58329,1.00,1.12
2016.01.18 07:24:35.783,1.58304,1.5833,1.37,1.87
2016.01.18 07:24:35.986,1.58304,1.5833,1.87,1.50
2016.01.18 07:24:36.578,1.58304,1.5833,1.87,1.12
2016.01.18 07:24:37.621,1.58306,1.5833,1.12,1.00
2016.01.18 07:24:37.723,1.58304,1.5833,2.62,1.12
2016.01.18 07:24:37.778,1.58306,1.5833,1.37,1.00
2016.01.18 07:24:38.310,1.58305,1.5833,1.12,1.00
2016.01.18 07:24:40.110,1.58304,1.5833,2.25,2.25
2016.01.18 07:24:43.786,1.58304,1.58329,1.12,1.50
2016.01.18 07:24:44.091,1.58302,1.58327,1.12,1.37
2016.01.18 07:24:44.193,1.583,1.58326,1.00,2.25
2016.01.18 07:24:44.724,1.583,1.58325,1.00,1.00
2016.01.18 07:24:45.433,1.583,1.58324,1.00,1.00
2016.01.18 07:24:45.535,1.58298,1.58324,1.69,1.75
2016.01.18 07:24:50.214,1.583,1.58324,1.00,1.75
2016.01.18 07:24:53.936,1.583,1.58326,1.50,2.25
2016.01.18 07:24:54.483,1.583,1.58324,1.00,1.00
2016.01.18 07:24:54.838,1.58302,1.58324,1.00,1.00
2016.01.18 07:24:58.055,1.58303,1.58324,1.00,1.00
2016.01.18 07:24:58.337,1.58305,1.58328,1.50,1.37
2016.01.18 07:24:58.643,1.58302,1.58325,1.00,1.00
2016.01.18 07:24:58.745,1.58302,1.58325,1.00,1.37
2016.01.18 07:24:59.405,1.58303,1.58325,1.00,1.37
2016.01.18 07:24:59.949,1.58303,1.58327,1.50,1.87
2016.01.18 07:25:00.456,1.58302,1.58327,1.50,1.87
2016.01.18 07:25:00.659,1.58302,1.58327,1.12,1.37
2016.01.18 07:25:02.382,1.583,1.58327,1.87,2.25
2016.01.18 07:25:03.392,1.58301,1.58326,1.50,1.00
2016.01.18 07:25:03.982,1.58303,1.58326,1.00,1.00
2016.01.18 07:25:04.491,1.58304,1.58326,1.00,1.00
2016.01.18 07:25:05.004,1.58305,1.58326,1.00,1.00
2016.01.18 07:25:05.798,1.58304,1.58327,1.00,1.50
2016.01.18 07:25:06.356,1.58302,1.58326,1.87,1.12
2016.01.18 07:25:06.610,1.58304,1.58326,1.00,1.12
2016.01.18 07:25:09.807,1.58302,1.58326,1.12,1.00
2016.01.18 07:25:10.761,1.58302,1.58327,1.12,2.25
2016.01.18 07:25:11.892,1.58302,1.58325,1.12,1.37
2016.01.18 07:25:12.425,1.58301,1.58325,1.00,2.62
2016.01.18 07:25:14.213,1.58304,1.58325,1.00,1.87
2016.01.18 07:25:14.903,1.58304,1.58325,1.00,1.87
2016.01.18 07:25:14.954,1.58302,1.58325,1.00,1.87
2016.01.18 07:25:16.050,1.58302,1.58325,1.00,2.25
2016.01.18 07:25:16.504,1.583,1.58323,1.00,1.37
2016.01.18 07:25:17.013,1.58299,1.58323,1.12,1.37
2016.01.18 07:25:19.110,1.58297,1.58321,2.25,1.00
2016.01.18 07:25:19.293,1.58297,1.58321,1.50,1.50
2016.01.18 07:25:19.852,1.58297,1.58321,1.00,1.87
2016.01.18 07:25:20.773,1.58295,1.58319,1.50,1.12
2016.01.18 07:25:21.112,1.58293,1.58317,1.69,1.87
2016.01.18 07:25:22.630,1.58291,1.58315,1.12,1.12
2016.01.18 07:25:22.833,1.58289,1.58313,2.06,1.00
2016.01.18 07:25:22.885,1.58289,1.58313,1.00,1.50
2016.01.18 07:25:27.280,1.58291,1.58314,1.00,2.25
2016.01.18 07:25:28.420,1.58293,1.58313,1.00,1.37
2016.01.18 07:25:28.969,1.58294,1.58315,1.00,1.12
2016.01.18 07:25:29.503,1.58294,1.58315,1.00,1.37
2016.01.18 07:25:31.112,1.58293,1.58315,1.00,1.37
2016.01.18 07:25:32.716,1.58291,1.58314,1.00,1.00
2016.01.18 07:25:34.197,1.5829,1.58313,1.12,1.00
2016.01.18 07:25:36.085,1.58291,1.58315,1.00,1.12
2016.01.18 07:25:36.796,1.58289,1.58313,1.69,1.12
2016.01.18 07:25:37.338,1.58291,1.58314,1.00,1.50
2016.01.18 07:25:37.998,1.58292,1.58314,1.00,1.00
2016.01.18 07:25:38.506,1.58291,1.58314,1.00,1.50
2016.01.18 07:25:39.042,1.58292,1.58316,1.00,1.50
2016.01.18 07:25:39.549,1.58293,1.58317,1.00,1.87
2016.01.18 07:25:41.726,1.58295,1.58317,1.00,1.87
2016.01.18 07:25:42.197,1.58297,1.58319,1.00,1.87
2016.01.18 07:25:42.248,1.58299,1.58319,1.00,1.87
2016.01.18 07:25:42.783,1.583,1.58322,1.00,1.12
2016.01.18 07:25:43.523,1.58299,1.58322,1.00,1.87
2016.01.18 07:25:44.030,1.58299,1.58322,1.00,2.25
2016.01.18 07:25:45.493,1.58299,1.58322,1.00,2.25
2016.01.18 07:25:46.642,1.58301,1.58322,1.00,1.75
2016.01.18 07:25:46.984,1.58303,1.58323,1.00,1.75
2016.01.18 07:25:48.211,1.583,1.58323,1.00,1.12
2016.01.18 07:25:48.313,1.58302,1.58323,1.00,1.12
2016.01.18 07:25:48.425,1.58302,1.58325,1.00,1.37
2016.01.18 07:25:48.528,1.58302,1.58327,2.25,1.50
2016.01.18 07:25:48.630,1.58305,1.58327,1.00,1.50
2016.01.18 07:25:48.935,1.58305,1.58328,1.87,1.00
2016.01.18 07:25:49.457,1.58306,1.58328,1.00,1.00
2016.01.18 07:25:49.984,1.58305,1.5833,1.87,1.12
2016.01.18 07:25:50.035,1.58305,1.5833,2.25,1.00
2016.01.18 07:25:52.525,1.58308,1.58332,1.00,1.12
2016.01.18 07:25:53.477,1.58306,1.58332,1.00,1.12
2016.01.18 07:25:53.631,1.58305,1.58331,1.50,1.12
2016.01.18 07:25:53.885,1.58303,1.58329,1.12,1.12
2016.01.18 07:25:55.494,1.58304,1.58329,1.00,1.12
2016.01.18 07:25:55.964,1.58305,1.5833,1.12,1.50
2016.01.18 07:25:56.066,1.58305,1.5833,1.50,1.12
2016.01.18 07:25:56.168,1.58302,1.5833,2.25,1.87
2016.01.18 07:25:57.740,1.58307,1.5833,1.12,1.00
2016.01.18 07:25:58.085,1.58318,1.58344,1.12,1.87
2016.01.18 07:25:58.390,1.58318,1.58345,2.62,1.12
2016.01.18 07:25:58.694,1.58313,1.58341,1.75,1.12
2016.01.18 07:25:58.745,1.58312,1.58338,3.00,1.37
2016.01.18 07:25:59.083,1.58312,1.58335,1.00,1.12
2016.01.18 07:25:59.388,1.58307,1.58334,2.25,1.12
2016.01.18 07:25:59.541,1.5831,1.58334,1.00,1.12
2016.01.18 07:25:59.657,1.58308,1.58336,1.12,1.12
2016.01.18 07:25:59.759,1.5831,1.58338,2.62,2.25
2016.01.18 07:26:00.444,1.58315,1.58338,1.00,1.12
2016.01.18 07:26:00.546,1.58316,1.5834,1.87,1.12
2016.01.18 07:26:00.597,1.58319,1.5834,1.00,1.12
2016.01.18 07:26:00.648,1.5832,1.58344,1.00,1.12
2016.01.18 07:26:00.750,1.58321,1.58345,1.12,1.00
2016.01.18 07:26:00.954,1.58322,1.58349,1.50,1.75
2016.01.18 07:26:01.157,1.5832,1.58347,1.37,1.37
2016.01.18 07:26:01.870,1.58321,1.58349,1.87,1.12
2016.01.18 07:26:02.176,1.58325,1.5835,1.12,1.37
2016.01.18 07:26:02.481,1.5833,1.58354,1.00,1.12
2016.01.18 07:26:02.800,1.58331,1.58356,1.12,1.37
2016.01.18 07:26:03.258,1.58333,1.58356,1.00,1.37
2016.01.18 07:26:03.930,1.58334,1.58357,1.00,1.12
2016.01.18 07:26:04.678,1.58335,1.58357,1.00,1.12
2016.01.18 07:26:04.881,1.58335,1.58359,1.00,1.37
2016.01.18 07:26:05.287,1.58332,1.58358,1.87,1.12
2016.01.18 07:26:07.357,1.58332,1.58359,1.50,1.12
2016.01.18 07:26:07.410,1.58332,1.5836,1.87,1.87
2016.01.18 07:26:07.918,1.58332,1.58357,1.12,1.00
2016.01.18 07:26:08.947,1.58332,1.58355,1.12,1.12
2016.01.18 07:26:09.201,1.5833,1.58355,1.75,1.50
2016.01.18 07:26:09.405,1.58329,1.58352,1.12,1.00
2016.01.18 07:26:09.507,1.58328,1.58349,1.00,1.00
2016.01.18 07:26:09.610,1.58325,1.58347,1.12,1.00
2016.01.18 07:26:09.814,1.58322,1.58347,1.50,1.00
2016.01.18 07:26:10.003,1.58319,1.58344,1.75,1.12
2016.01.18 07:26:10.316,1.58319,1.58344,1.12,1.87
2016.01.18 07:26:10.621,1.58318,1.58344,1.12,1.12
2016.01.18 07:26:11.703,1.58322,1.58348,1.75,1.12
2016.01.18 07:26:11.805,1.58325,1.58352,1.12,2.25
2016.01.18 07:26:12.211,1.58327,1.58352,1.12,1.12
2016.01.18 07:26:12.516,1.58325,1.5835,1.87,1.00
2016.01.18 07:26:12.618,1.58325,1.58349,1.12,1.00
2016.01.18 07:26:12.866,1.58325,1.58349,1.00,1.12
2016.01.18 07:26:15.709,1.58322,1.58347,1.12,1.87
2016.01.18 07:26:16.409,1.5832,1.58347,1.87,1.50
2016.01.18 07:26:16.917,1.58321,1.58347,1.12,1.12
2016.01.18 07:26:17.785,1.5832,1.58347,2.25,1.87
2016.01.18 07:26:21.183,1.58318,1.58346,1.87,1.12
2016.01.18 07:26:21.234,1.58318,1.58345,1.50,1.12
2016.01.18 07:26:23.750,1.5832,1.58345,1.00,1.12
2016.01.18 07:26:23.801,1.5832,1.58347,1.87,1.87
2016.01.18 07:26:24.492,1.58324,1.58348,1.00,2.25
2016.01.18 07:26:24.544,1.58322,1.58347,1.50,1.12
2016.01.18 07:26:24.595,1.58323,1.58348,1.12,1.00
2016.01.18 07:26:24.799,1.58324,1.5835,1.12,1.00
2016.01.18 07:26:25.129,1.58322,1.58349,1.87,1.50
2016.01.18 07:26:25.910,1.58327,1.58349,1.12,1.00
2016.01.18 07:26:26.065,1.58327,1.58352,1.12,1.50
2016.01.18 07:26:30.714,1.58326,1.58352,1.12,1.12
2016.01.18 07:26:31.247,1.58327,1.58355,1.12,2.62
2016.01.18 07:26:31.552,1.58328,1.58356,1.87,1.37
2016.01.18 07:26:31.604,1.58331,1.58357,1.37,1.50
2016.01.18 07:26:31.960,1.58331,1.58352,1.00,1.00
2016.01.18 07:26:32.113,1.58324,1.58349,1.75,1.37
2016.01.18 07:26:32.216,1.58323,1.58349,1.00,2.25
2016.01.18 07:26:32.763,1.58322,1.58347,1.00,1.37
2016.01.18 07:26:33.290,1.58321,1.58347,1.12,1.12
2016.01.18 07:26:36.392,1.5832,1.58346,1.00,1.37
2016.01.18 07:26:38.140,1.58319,1.58345,1.12,1.37
2016.01.18 07:26:38.446,1.58321,1.58346,1.37,1.12
2016.01.18 07:26:38.549,1.58321,1.58348,2.25,1.12
2016.01.18 07:26:38.753,1.58322,1.58349,1.50,1.75
2016.01.18 07:26:39.317,1.58324,1.58349,1.00,1.75
2016.01.18 07:26:39.828,1.58323,1.58349,1.00,1.12
2016.01.18 07:26:42.643,1.58321,1.58346,1.75,1.00
2016.01.18 07:26:42.846,1.58321,1.58346,1.00,1.50
2016.01.18 07:26:42.947,1.5832,1.58346,1.00,1.87
2016.01.18 07:26:44.011,1.58319,1.58345,1.00,1.37
2016.01.18 07:26:46.247,1.58317,1.58343,1.19,2.25
2016.01.18 07:26:47.347,1.58315,1.58341,1.31,1.50
2016.01.18 07:26:49.223,1.58316,1.58338,1.19,1.00
2016.01.18 07:26:49.337,1.58313,1.58338,1.00,1.50
2016.01.18 07:26:49.389,1.5831,1.58335,1.50,1.12
2016.01.18 07:26:49.441,1.5831,1.58335,1.12,1.50
2016.01.18 07:26:49.989,1.5831,1.58334,1.00,1.00
2016.01.18 07:26:52.071,1.58307,1.58332,1.37,1.00
2016.01.18 07:26:53.087,1.58307,1.58332,1.12,1.00
2016.01.18 07:26:53.675,1.58307,1.5833,1.12,1.00
2016.01.18 07:26:53.980,1.58302,1.58329,1.94,1.12
2016.01.18 07:26:54.831,1.58303,1.58329,1.69,1.12
2016.01.18 07:26:56.094,1.58304,1.5833,1.37,1.75
2016.01.18 07:26:56.983,1.58304,1.5833,1.94,1.12
2016.01.18 07:26:58.464,1.58304,1.58329,1.56,1.00
2016.01.18 07:26:58.515,1.58303,1.58329,1.31,1.12
2016.01.18 07:27:03.676,1.58304,1.58329,1.75,1.12
2016.01.18 07:27:03.727,1.58305,1.58329,1.12,1.00
2016.01.18 07:27:04.234,1.58305,1.5833,1.12,1.00
2016.01.18 07:27:05.804,1.58305,1.58329,1.12,1.00
2016.01.18 07:27:06.132,1.58305,1.58327,1.12,1.00
2016.01.18 07:27:07.913,1.58304,1.58327,1.37,1.00
2016.01.18 07:27:08.434,1.58304,1.58327,1.00,1.00
2016.01.18 07:27:08.486,1.58305,1.58329,1.00,1.00
2016.01.18 07:27:09.515,1.58305,1.58329,1.87,1.00
2016.01.18 07:27:09.819,1.58308,1.58329,1.00,1.00
2016.01.18 07:27:10.022,1.58309,1.58335,1.00,1.12
2016.01.18 07:27:10.145,1.58311,1.58335,1.00,1.12
2016.01.18 07:27:10.247,1.58313,1.58338,1.00,1.87
2016.01.18 07:27:10.758,1.58314,1.58338,1.00,1.12
2016.01.18 07:27:10.860,1.58314,1.58341,1.87,1.75
2016.01.18 07:27:10.911,1.58316,1.58341,1.37,1.37
2016.01.18 07:27:10.962,1.58318,1.58343,1.00,2.44
2016.01.18 07:27:11.115,1.58318,1.58345,1.12,2.62
2016.01.18 07:27:12.691,1.5832,1.58346,1.50,2.62
2016.01.18 07:27:12.742,1.5832,1.58346,1.75,2.25
2016.01.18 07:27:13.132,1.58322,1.58348,1.12,1.87
2016.01.18 07:27:13.639,1.58323,1.58348,1.12,1.00
2016.01.18 07:27:13.962,1.58325,1.58349,1.87,1.00
2016.01.18 07:27:14.472,1.58325,1.5835,2.62,1.00
2016.01.18 07:27:16.032,1.58325,1.5835,1.37,1.37
2016.01.18 07:27:23.308,1.58325,1.5835,1.75,1.87
2016.01.18 07:27:23.648,1.58328,1.5835,1.12,1.00
2016.01.18 07:27:23.851,1.58327,1.5835,1.00,1.00
2016.01.18 07:27:24.670,1.58325,1.5835,1.37,1.12
2016.01.18 07:27:25.549,1.58327,1.5835,1.00,1.12
2016.01.18 07:27:29.901,1.58324,1.5835,1.87,1.12
2016.01.18 07:27:30.412,1.58324,1.58349,1.87,1.00
2016.01.18 07:27:30.666,1.58324,1.58347,1.00,1.12
2016.01.18 07:27:30.994,1.58319,1.58346,2.62,1.87
2016.01.18 07:27:32.661,1.58319,1.58338,2.62,1.25
2016.01.18 07:27:32.763,1.58317,1.58338,1.12,1.00
2016.01.18 07:27:32.814,1.58314,1.58338,1.75,1.75
2016.01.18 07:27:32.866,1.58314,1.58336,1.00,1.12
2016.01.18 07:27:32.917,1.58314,1.58338,1.37,1.75
2016.01.18 07:27:32.968,1.58314,1.58338,1.12,1.00
2016.01.18 07:27:33.070,1.58313,1.58338,1.87,1.12
2016.01.18 07:27:36.178,1.58314,1.58337,1.00,1.00
2016.01.18 07:27:36.229,1.58314,1.58337,1.37,1.00
2016.01.18 07:27:36.585,1.58315,1.5834,1.75,1.12
2016.01.18 07:27:36.687,1.58315,1.5834,1.12,1.87
2016.01.18 07:27:41.198,1.58315,1.58339,1.00,1.12
2016.01.18 07:27:41.600,1.58315,1.58341,1.00,1.12
2016.01.18 07:27:41.905,1.58315,1.58338,1.00,1.37
2016.01.18 07:27:42.935,1.58315,1.58342,1.12,1.37
2016.01.18 07:27:46.094,1.58315,1.5834,1.12,1.00
2016.01.18 07:27:46.855,1.58313,1.58335,1.12,1.00
2016.01.18 07:27:47.109,1.58311,1.58333,1.00,1.50
2016.01.18 07:27:47.211,1.58311,1.58332,1.00,1.12
2016.01.18 07:27:47.401,1.58311,1.58333,1.00,2.25
2016.01.18 07:27:47.504,1.58307,1.58332,1.12,1.12
2016.01.18 07:27:48.049,1.58305,1.58329,1.37,1.12
2016.01.18 07:27:48.101,1.58303,1.58329,1.00,1.50
2016.01.18 07:27:48.152,1.58301,1.58327,1.50,1.00
2016.01.18 07:27:48.673,1.583,1.58325,1.12,1.00
2016.01.18 07:27:48.724,1.58299,1.58325,1.87,1.00
2016.01.18 07:27:49.040,1.58299,1.58325,1.00,1.50
2016.01.18 07:27:49.649,1.58297,1.58323,1.87,1.12
2016.01.18 07:27:49.954,1.58293,1.58319,1.12,1.12
2016.01.18 07:27:50.342,1.58293,1.5832,1.87,1.50
2016.01.18 07:27:52.102,1.58293,1.58317,1.87,1.00
2016.01.18 07:27:53.049,1.5829,1.58315,1.12,1.00
2016.01.18 07:27:53.103,1.58288,1.58311,1.12,1.00
2016.01.18 07:27:53.155,1.58285,1.58311,1.75,1.37
2016.01.18 07:27:53.206,1.58285,1.58308,1.75,1.00
2016.01.18 07:27:53.268,1.58285,1.58308,1.12,1.00
2016.01.18 07:27:55.265,1.58282,1.58308,1.87,1.37
2016.01.18 07:27:55.316,1.58282,1.58308,1.50,1.75
2016.01.18 07:27:56.502,1.58286,1.58309,1.00,1.12
2016.01.18 07:27:56.760,1.58289,1.58313,1.87,1.75
2016.01.18 07:27:56.964,1.5829,1.58316,1.50,1.75
2016.01.18 07:27:57.168,1.58292,1.58318,1.50,1.12
2016.01.18 07:27:57.525,1.58294,1.58318,1.00,1.12
2016.01.18 07:27:58.141,1.58294,1.58319,1.50,1.37
2016.01.18 07:27:58.192,1.58294,1.58321,1.87,1.12
2016.01.18 07:27:58.294,1.583,1.58321,1.00,1.12
2016.01.18 07:27:58.396,1.583,1.58324,1.00,1.12
2016.01.18 07:27:58.498,1.583,1.58327,1.50,1.12
2016.01.18 07:27:58.549,1.583,1.58328,1.87,2.25
2016.01.18 07:27:58.600,1.58301,1.58328,1.12,1.37
2016.01.18 07:27:59.322,1.58301,1.58326,1.12,1.00
2016.01.18 07:27:59.830,1.58301,1.58327,1.87,1.00
2016.01.18 07:28:00.987,1.58305,1.58329,1.00,1.12
2016.01.18 07:28:01.039,1.58305,1.58331,1.75,1.75
2016.01.18 07:28:01.090,1.58306,1.58333,1.12,1.12
2016.01.18 07:28:01.346,1.58308,1.58335,1.75,1.12
2016.01.18 07:28:01.551,1.58301,1.58329,1.12,1.87
2016.01.18 07:28:01.654,1.58304,1.58332,1.12,1.75
2016.01.18 07:28:01.959,1.58308,1.58334,1.00,1.00
2016.01.18 07:28:02.112,1.58308,1.58336,2.62,1.75
2016.01.18 07:28:02.446,1.58314,1.58336,1.12,1.00
2016.01.18 07:28:02.650,1.58313,1.58341,1.12,1.75
2016.01.18 07:28:02.752,1.58315,1.58341,1.12,1.12
2016.01.18 07:28:03.057,1.58312,1.58335,1.12,1.00
2016.01.18 07:28:03.548,1.58312,1.58338,1.12,1.50
2016.01.18 07:28:04.099,1.58314,1.58338,1.12,1.12
2016.01.18 07:28:04.201,1.58314,1.58334,1.12,1.00
2016.01.18 07:28:04.354,1.58311,1.58332,1.12,1.00
2016.01.18 07:28:04.456,1.58311,1.58335,1.12,1.00
2016.01.18 07:28:04.558,1.58311,1.58332,1.12,1.00
2016.01.18 07:28:04.864,1.58309,1.58334,1.37,1.12
2016.01.18 07:28:05.406,1.58309,1.58331,1.75,1.00
2016.01.18 07:28:05.559,1.58306,1.58331,1.75,1.00
2016.01.18 07:28:05.763,1.58306,1.58325,1.12,1.00
2016.01.18 07:28:05.941,1.58302,1.58325,1.87,1.00
2016.01.18 07:28:05.993,1.58302,1.58325,1.50,1.00
2016.01.18 07:28:06.146,1.58302,1.58319,1.50,1.00
2016.01.18 07:28:06.452,1.58296,1.58314,1.00,1.00
2016.01.18 07:28:06.555,1.5829,1.58314,1.87,1.00
2016.01.18 07:28:07.062,1.5829,1.58317,1.87,1.75
2016.01.18 07:28:07.469,1.58294,1.58319,1.00,1.12
2016.01.18 07:28:07.571,1.58294,1.5832,1.87,1.12
2016.01.18 07:28:08.307,1.58296,1.58323,1.50,1.12
2016.01.18 07:28:08.358,1.58297,1.58325,1.12,2.62
2016.01.18 07:28:08.409,1.58299,1.58325,1.12,1.50
2016.01.18 07:28:08.460,1.58303,1.58325,1.12,1.00
2016.01.18 07:28:08.664,1.58303,1.58326,1.50,1.00
2016.01.18 07:28:09.223,1.58305,1.5833,1.12,1.50
2016.01.18 07:28:10.630,1.58305,1.58327,1.12,1.00
2016.01.18 07:28:10.783,1.58299,1.58324,1.87,1.12
2016.01.18 07:28:13.742,1.58298,1.58322,1.12,1.00
2016.01.18 07:28:13.844,1.58297,1.58322,1.75,1.00
2016.01.18 07:28:17.271,1.58297,1.58324,1.75,1.50
2016.01.18 07:28:32.241,1.58297,1.58324,1.87,1.12
2016.01.18 07:28:36.504,1.58297,1.58323,1.87,1.50
2016.01.18 07:28:36.809,1.583,1.58324,1.12,1.00
2016.01.18 07:28:36.862,1.583,1.58326,1.12,1.00
2016.01.18 07:28:39.111,1.583,1.58326,1.75,1.37
2016.01.18 07:28:39.162,1.583,1.58326,1.37,1.50
2016.01.18 07:28:39.780,1.58299,1.58321,1.87,1.00
2016.01.18 07:28:39.984,1.58293,1.58318,1.12,1.12
2016.01.18 07:28:40.037,1.58292,1.58318,1.12,1.37
2016.01.18 07:28:40.546,1.58291,1.58316,1.12,1.12
2016.01.18 07:28:40.851,1.58288,1.58314,1.87,1.12
2016.01.18 07:28:41.346,1.58289,1.58316,1.12,1.69
2016.01.18 07:28:41.549,1.58288,1.58314,1.87,1.12
2016.01.18 07:28:45.773,1.58288,1.58311,1.12,1.00
2016.01.18 07:28:46.622,1.58291,1.58316,1.87,1.00
2016.01.18 07:28:46.673,1.58297,1.58324,1.87,1.87
2016.01.18 07:28:46.725,1.58299,1.58326,1.75,1.75
2016.01.18 07:28:46.776,1.583,1.58328,1.12,1.75
2016.01.18 07:28:46.827,1.58302,1.58329,1.75,1.87
2016.01.18 07:28:46.879,1.58304,1.58329,1.12,1.00
2016.01.18 07:28:47.134,1.58307,1.58334,1.75,2.44
2016.01.18 07:28:47.187,1.58309,1.58334,1.87,1.50
2016.01.18 07:28:47.238,1.5831,1.58336,1.12,1.50
2016.01.18 07:28:47.795,1.58313,1.58332,1.12,1.00
2016.01.18 07:28:47.897,1.5831,1.5833,1.12,1.00
2016.01.18 07:28:47.999,1.58309,1.5833,1.00,1.00
2016.01.18 07:28:48.798,1.58309,1.58332,1.00,1.00
2016.01.18 07:28:48.849,1.58309,1.58332,1.37,1.00
2016.01.18 07:28:49.256,1.5831,1.58332,1.12,1.00
2016.01.18 07:28:49.408,1.58307,1.58332,1.50,1.12
2016.01.18 07:28:55.744,1.58307,1.58334,1.87,1.37
2016.01.18 07:28:56.052,1.58312,1.58334,1.12,1.00
2016.01.18 07:28:56.375,1.5831,1.58331,1.50,1.00
2016.01.18 07:28:56.478,1.58314,1.58336,1.12,1.00
2016.01.18 07:28:56.784,1.58315,1.58336,1.12,1.00
2016.01.18 07:28:56.886,1.58312,1.58334,1.12,1.00
2016.01.18 07:28:56.988,1.58311,1.58334,1.50,1.00
2016.01.18 07:28:57.480,1.5831,1.58333,1.37,1.00
2016.01.18 07:28:57.538,1.5831,1.58333,1.37,1.69
2016.01.18 07:28:57.590,1.58305,1.58328,1.37,1.00
2016.01.18 07:28:58.019,1.58304,1.58327,1.00,1.12
2016.01.18 07:28:58.668,1.58305,1.58328,1.75,1.12
2016.01.18 07:28:58.821,1.58305,1.58328,1.12,1.00
2016.01.18 07:28:59.329,1.58305,1.5833,1.50,1.37
2016.01.18 07:28:59.686,1.58307,1.5833,1.00,1.37
2016.01.18 07:28:59.788,1.5831,1.58335,1.12,2.25
2016.01.18 07:28:59.875,1.5831,1.58335,1.50,1.50
2016.01.18 07:29:00.384,1.58311,1.58335,1.87,1.00
2016.01.18 07:29:01.281,1.58309,1.58335,1.12,1.87
2016.01.18 07:29:01.790,1.58306,1.58333,1.75,1.37
2016.01.18 07:29:01.892,1.58305,1.58329,1.12,1.00
2016.01.18 07:29:02.390,1.58301,1.58328,1.12,1.12
2016.01.18 07:29:02.796,1.58303,1.58329,1.37,1.87
2016.01.18 07:29:06.404,1.58308,1.58334,1.12,1.37
2016.01.18 07:29:06.507,1.58313,1.58338,1.12,1.00
2016.01.18 07:29:08.819,1.58315,1.5834,1.87,1.50
2016.01.18 07:29:08.921,1.58316,1.5834,1.12,1.00
2016.01.18 07:29:10.957,1.58317,1.58337,1.75,1.00
2016.01.18 07:29:11.009,1.58315,1.58337,1.50,1.00
2016.01.18 07:29:11.060,1.58315,1.58334,1.50,1.00
2016.01.18 07:29:11.111,1.58312,1.58334,1.37,1.00
2016.01.18 07:29:11.317,1.58309,1.58334,1.50,1.50
2016.01.18 07:29:11.828,1.5831,1.58334,1.12,1.50
2016.01.18 07:29:12.326,1.5831,1.58331,1.12,1.00
2016.01.18 07:29:12.431,1.58308,1.58331,1.87,1.00
2016.01.18 07:29:13.310,1.58307,1.58329,1.50,1.00
2016.01.18 07:29:14.133,1.58305,1.58329,1.50,1.12
2016.01.18 07:29:14.392,1.58305,1.58326,1.12,1.00
2016.01.18 07:29:14.712,1.58298,1.58321,1.37,1.00
2016.01.18 07:29:15.190,1.58296,1.58318,1.87,1.00
2016.01.18 07:29:15.698,1.58296,1.58321,1.87,1.00
2016.01.18 07:29:16.236,1.58298,1.58321,1.12,1.00
2016.01.18 07:29:17.100,1.58297,1.58321,1.12,1.12
2016.01.18 07:29:17.673,1.58296,1.58321,1.75,1.87
2016.01.18 07:29:18.301,1.58297,1.58321,1.12,1.00
2016.01.18 07:29:18.556,1.58295,1.58319,1.12,1.50
2016.01.18 07:29:18.985,1.58297,1.58319,1.37,1.00
2016.01.18 07:29:19.038,1.58297,1.58322,1.12,1.87
2016.01.18 07:29:19.547,1.58298,1.58322,1.12,1.00
2016.01.18 07:29:19.599,1.58298,1.58318,1.12,1.00
2016.01.18 07:29:19.650,1.58296,1.58318,1.12,1.00
2016.01.18 07:29:19.701,1.58294,1.58315,1.87,1.00
2016.01.18 07:29:19.804,1.58291,1.58315,1.75,1.00
2016.01.18 07:29:19.856,1.58291,1.58312,1.50,1.00
2016.01.18 07:29:20.290,1.5829,1.58315,1.12,1.00
2016.01.18 07:29:22.835,1.58291,1.58317,1.12,1.12
2016.01.18 07:29:24.927,1.58294,1.5832,1.87,1.12
2016.01.18 07:29:25.334,1.58297,1.58322,1.12,1.00
2016.01.18 07:29:30.294,1.58295,1.58315,1.50,1.00
2016.01.18 07:29:30.345,1.58291,1.58315,1.87,1.00
2016.01.18 07:29:33.820,1.58291,1.58313,1.12,1.00
2016.01.18 07:29:33.871,1.58288,1.58313,1.12,1.00
2016.01.18 07:29:35.599,1.58288,1.58308,1.12,1.00
2016.01.18 07:29:35.803,1.58277,1.58298,1.87,1.00
2016.01.18 07:29:35.905,1.58277,1.58296,1.87,1.00
2016.01.18 07:29:35.956,1.58274,1.58296,1.00,1.00
2016.01.18 07:29:36.160,1.58272,1.58296,1.87,1.00
2016.01.18 07:29:38.173,1.58272,1.58292,1.50,1.00
2016.01.18 07:29:38.718,1.58272,1.58295,1.00,1.00
2016.01.18 07:29:40.480,1.5827,1.58295,1.12,1.87
2016.01.18 07:29:40.582,1.5827,1.58295,1.00,2.25
2016.01.18 07:29:41.126,1.58269,1.58295,1.12,2.25
2016.01.18 07:29:42.332,1.5827,1.58295,1.00,2.25
2016.01.18 07:29:42.840,1.58271,1.58292,1.00,1.12
2016.01.18 07:29:43.375,1.5827,1.58292,1.00,1.12
2016.01.18 07:29:43.882,1.58269,1.58292,2.25,1.12
2016.01.18 07:29:44.196,1.58269,1.58289,1.87,1.00
2016.01.18 07:29:44.502,1.58269,1.58289,1.12,1.00
2016.01.18 07:29:44.730,1.58269,1.58291,1.12,1.00
2016.01.18 07:29:45.443,1.5827,1.58294,1.50,1.50
2016.01.18 07:29:45.494,1.5827,1.58294,2.25,1.12
2016.01.18 07:29:45.749,1.58273,1.58295,1.00,1.37
2016.01.18 07:29:46.089,1.5828,1.58306,1.50,2.25
2016.01.18 07:29:46.191,1.58284,1.58308,1.12,1.12
2016.01.18 07:29:46.498,1.58285,1.58309,1.12,1.50
2016.01.18 07:29:47.099,1.58283,1.58309,2.62,1.12
2016.01.18 07:29:47.304,1.58285,1.58309,1.12,1.00
2016.01.18 07:29:49.719,1.58285,1.58312,1.12,2.25
2016.01.18 07:29:50.902,1.5829,1.58314,1.12,1.00
2016.01.18 07:29:51.436,1.58291,1.58317,2.25,2.25
2016.01.18 07:29:55.990,1.58291,1.58317,1.87,1.50
2016.01.18 07:29:56.499,1.58291,1.58317,1.87,1.12
2016.01.18 07:29:57.108,1.58292,1.58317,1.12,1.00
2016.01.18 07:29:59.348,1.58293,1.5832,1.75,1.75
2016.01.18 07:29:59.856,1.58296,1.5832,1.00,1.75
2016.01.18 07:30:00.931,1.58292,1.5832,2.25,1.75
2016.01.18 07:30:01.287,1.583,1.58321,1.00,1.12
2016.01.18 07:30:01.339,1.58298,1.58321,1.00,1.12
2016.01.18 07:30:01.440,1.58305,1.58325,1.00,1.87
2016.01.18 07:30:01.771,1.58312,1.58325,1.12,1.00
2016.01.18 07:30:02.248,1.58313,1.58325,1.12,1.00
2016.01.18 07:30:02.416,1.58309,1.58325,1.56,1.00
2016.01.18 07:30:02.518,1.5831,1.58325,1.31,1.00
2016.01.18 07:30:02.620,1.58308,1.58331,1.56,1.00
2016.01.18 07:30:02.926,1.58307,1.58331,1.50,1.50
2016.01.18 07:30:03.364,1.58307,1.58329,1.00,1.50
2016.01.18 07:30:03.669,1.58305,1.58326,1.12,1.00
2016.01.18 07:30:04.219,1.58306,1.58326,1.00,1.00
2016.01.18 07:30:07.184,1.58306,1.58328,1.50,1.00
2016.01.18 07:30:07.643,1.58306,1.5833,1.50,1.00
2016.01.18 07:30:09.591,1.58306,1.58331,1.50,1.50
2016.01.18 07:30:13.667,1.58306,1.58331,1.87,1.00
2016.01.18 07:30:14.200,1.58306,1.58331,2.25,1.50
2016.01.18 07:30:18.315,1.58308,1.58332,1.00,1.75
2016.01.18 07:30:20.271,1.58308,1.58334,1.12,2.25
2016.01.18 07:30:20.375,1.58311,1.58334,1.00,1.12
2016.01.18 07:30:20.478,1.58311,1.58335,1.00,1.00
2016.01.18 07:30:20.631,1.58313,1.58335,1.00,1.00
2016.01.18 07:30:21.164,1.58311,1.58336,1.50,1.12
2016.01.18 07:30:22.360,1.58313,1.58336,1.00,1.12
2016.01.18 07:30:22.768,1.58313,1.5834,1.75,1.12
2016.01.18 07:30:23.072,1.58319,1.58341,1.50,1.00
2016.01.18 07:30:23.422,1.58322,1.58344,1.00,1.87
2016.01.18 07:30:23.524,1.5832,1.58341,1.00,1.00
2016.01.18 07:30:23.778,1.5832,1.58341,1.00,1.12
2016.01.18 07:30:24.314,1.58319,1.5834,1.00,1.12
2016.01.18 07:30:24.366,1.58319,1.58341,1.00,1.37
2016.01.18 07:30:26.856,1.58319,1.58341,1.00,1.12
2016.01.18 07:30:28.297,1.58316,1.58341,2.25,1.12
2016.01.18 07:30:28.400,1.58316,1.58339,1.00,1.12
2016.01.18 07:30:29.264,1.58316,1.58341,1.37,1.00
2016.01.18 07:30:29.688,1.58316,1.58341,1.50,1.75
2016.01.18 07:30:30.196,1.58316,1.58342,2.25,1.37
2016.01.18 07:30:30.654,1.58316,1.58342,1.12,1.75
2016.01.18 07:30:31.092,1.58316,1.58342,1.75,1.37
2016.01.18 07:30:31.599,1.58317,1.58341,1.00,1.12
2016.01.18 07:30:31.974,1.58316,1.58338,1.00,1.37
2016.01.18 07:30:32.539,1.58315,1.58338,1.50,1.37
2016.01.18 07:30:33.364,1.58315,1.58338,1.50,1.75
2016.01.18 07:30:36.097,1.58315,1.58338,1.00,1.50
2016.01.18 07:30:45.815,1.58315,1.58338,1.87,1.00
2016.01.18 07:30:46.120,1.58316,1.58341,1.87,1.50
2016.01.18 07:30:46.456,1.58318,1.58344,2.25,1.12
2016.01.18 07:30:51.917,1.58317,1.58341,1.00,1.12
2016.01.18 07:30:52.273,1.58315,1.5834,1.00,2.25
2016.01.18 07:30:54.825,1.58315,1.58338,1.00,1.12
2016.01.18 07:30:56.134,1.58315,1.58339,1.00,2.62
2016.01.18 07:30:56.682,1.58313,1.58338,1.12,1.50
2016.01.18 07:30:57.913,1.5831,1.58337,2.25,2.62
2016.01.18 07:30:57.964,1.5831,1.58336,1.12,1.87
2016.01.18 07:30:58.117,1.58308,1.58333,1.00,1.12
2016.01.18 07:30:58.638,1.58309,1.58333,1.00,1.12
2016.01.18 07:30:59.593,1.58308,1.58333,1.50,1.12
2016.01.18 07:31:02.444,1.58307,1.58333,1.50,1.12
2016.01.18 07:31:02.824,1.58307,1.5833,1.00,1.12
2016.01.18 07:31:02.926,1.58305,1.5833,1.00,1.12
2016.01.18 07:31:12.129,1.58305,1.58328,1.00,1.50
2016.01.18 07:31:12.282,1.58303,1.58326,1.00,1.00
2016.01.18 07:31:15.026,1.58303,1.58326,1.00,1.87
2016.01.18 07:31:15.571,1.583,1.58326,1.12,1.87
2016.01.18 07:31:15.622,1.583,1.58326,1.12,1.12
2016.01.18 07:31:15.878,1.58302,1.58327,2.25,1.37
2016.01.18 07:31:15.929,1.58304,1.58328,1.12,1.12
2016.01.18 07:31:16.562,1.58304,1.58328,1.50,1.12
2016.01.18 07:31:16.665,1.58304,1.58331,1.87,1.37
2016.01.18 07:31:18.286,1.58303,1.58331,1.75,2.25
2016.01.18 07:31:18.754,1.58303,1.58328,1.37,1.87
2016.01.18 07:31:18.805,1.58303,1.58326,1.12,1.00
2016.01.18 07:31:19.515,1.58303,1.58324,1.00,1.37
2016.01.18 07:31:19.891,1.583,1.58323,1.00,1.37
2016.01.18 07:31:20.027,1.58297,1.5832,1.50,1.37
2016.01.18 07:31:21.400,1.583,1.5832,1.00,1.37
2016.01.18 07:31:21.632,1.583,1.58324,1.00,1.12
2016.01.18 07:31:21.993,1.58301,1.58325,1.00,1.87
2016.01.18 07:31:22.615,1.58299,1.58325,1.50,2.62
2016.01.18 07:31:22.667,1.58299,1.58325,1.12,3.00
2016.01.18 07:31:23.175,1.583,1.58323,1.00,1.12
2016.01.18 07:31:23.844,1.58301,1.58323,1.00,1.12
2016.01.18 07:31:24.049,1.58301,1.58325,1.00,1.75
2016.01.18 07:31:25.620,1.583,1.58325,1.12,1.12
2016.01.18 07:31:26.925,1.58304,1.58326,1.00,1.50
2016.01.18 07:31:27.027,1.58303,1.5833,1.50,2.62
2016.01.18 07:31:27.790,1.58305,1.5833,1.00,2.62
2016.01.18 07:31:29.678,1.58305,1.58329,1.00,1.12
2016.01.18 07:31:29.780,1.58303,1.58326,1.12,1.37
2016.01.18 07:31:30.305,1.58303,1.58325,1.12,1.12
2016.01.18 07:31:31.249,1.58302,1.58328,2.25,1.75
2016.01.18 07:31:31.791,1.58302,1.58328,2.25,1.75
2016.01.18 07:31:32.999,1.58302,1.58328,2.25,1.75
2016.01.18 07:31:33.303,1.58303,1.58326,1.37,1.75
2016.01.18 07:31:34.102,1.58303,1.58326,1.87,1.12
2016.01.18 07:31:34.509,1.58303,1.58329,1.87,1.50
2016.01.18 07:31:35.673,1.58303,1.58329,1.37,1.50
2016.01.18 07:31:36.921,1.58303,1.58327,1.12,1.05
2016.01.18 07:31:37.269,1.583,1.58324,1.00,1.80
2016.01.18 07:31:37.808,1.583,1.58324,1.00,1.05
2016.01.18 07:31:38.486,1.583,1.58324,1.00,1.67
2016.01.18 07:31:38.791,1.58296,1.5832,1.37,1.87
2016.01.18 07:31:38.892,1.58295,1.58317,1.37,1.50
2016.01.18 07:31:38.994,1.58291,1.58316,1.37,1.12
2016.01.18 07:31:39.097,1.5829,1.58314,1.00,1.37
2016.01.18 07:31:39.995,1.58287,1.58314,1.87,1.75
2016.01.18 07:31:40.300,1.58285,1.58309,1.07,2.25
2016.01.18 07:31:40.647,1.58285,1.58306,1.00,1.12
2016.01.18 07:31:41.105,1.5828,1.58306,2.25,1.12
2016.01.18 07:31:41.483,1.58282,1.58307,1.37,1.87
2016.01.18 07:31:42.003,1.58282,1.58306,1.37,1.12
2016.01.18 07:31:43.806,1.58281,1.58306,1.87,1.12
2016.01.18 07:31:44.408,1.58281,1.58306,1.87,1.12
2016.01.18 07:31:47.337,1.58286,1.58306,1.00,1.12
2016.01.18 07:31:47.681,1.58293,1.58311,1.00,1.00
2016.01.18 07:31:48.189,1.58294,1.58311,1.00,1.00
2016.01.18 07:31:48.565,1.58295,1.58318,1.00,1.00
2016.01.18 07:31:49.661,1.58294,1.58318,1.00,1.00
2016.01.18 07:31:49.713,1.58294,1.58318,1.00,1.87
2016.01.18 07:31:49.764,1.58292,1.58318,1.00,1.87
2016.01.18 07:31:49.815,1.58292,1.58316,1.00,1.75
2016.01.18 07:31:49.918,1.58294,1.58319,1.50,3.00
2016.01.18 07:31:50.459,1.58294,1.58319,2.25,1.87
2016.01.18 07:31:50.561,1.58304,1.58319,1.00,1.87
2016.01.18 07:31:50.816,1.58312,1.58328,1.37,1.00
2016.01.18 07:31:50.919,1.58304,1.5832,1.12,1.69
2016.01.18 07:31:51.021,1.58298,1.5832,2.62,1.37
2016.01.18 07:31:51.072,1.58298,1.58323,1.87,1.31
2016.01.18 07:31:51.124,1.583,1.58324,1.12,2.25
2016.01.18 07:31:51.226,1.58297,1.58322,1.87,1.62
2016.01.18 07:31:51.550,1.58301,1.58321,1.00,1.00
2016.01.18 07:31:51.601,1.58301,1.58324,1.12,1.81
2016.01.18 07:31:51.703,1.58304,1.58326,1.00,1.94
2016.01.18 07:31:51.754,1.58301,1.58326,2.62,1.94
2016.01.18 07:31:51.857,1.58304,1.58327,1.00,1.12
2016.01.18 07:31:51.909,1.58304,1.5833,1.50,2.00
2016.01.18 07:31:52.011,1.58304,1.58328,1.00,1.75
2016.01.18 07:31:52.113,1.58301,1.58327,1.50,2.19
2016.01.18 07:31:52.164,1.58301,1.58323,1.50,1.12
2016.01.18 07:31:52.318,1.58299,1.58323,1.50,1.81
2016.01.18 07:31:52.656,1.58297,1.58323,1.50,1.87
2016.01.18 07:31:52.707,1.58297,1.58323,1.87,1.87
2016.01.18 07:31:52.911,1.58295,1.58322,2.25,1.12
2016.01.18 07:31:53.418,1.58295,1.5832,1.12,1.12
2016.01.18 07:31:53.964,1.58295,1.58322,1.50,1.75
2016.01.18 07:31:56.424,1.58298,1.58324,1.75,1.75
2016.01.18 07:31:56.526,1.58299,1.58324,1.75,1.00
2016.01.18 07:31:57.030,1.58302,1.58325,1.00,1.75
2016.01.18 07:31:57.385,1.58305,1.58326,1.00,1.12
2016.01.18 07:31:57.436,1.58305,1.58326,1.00,1.00
2016.01.18 07:31:57.488,1.58307,1.58326,1.00,1.00
2016.01.18 07:31:57.539,1.58307,1.58332,1.12,1.12
2016.01.18 07:31:57.641,1.58308,1.58333,1.50,2.06
2016.01.18 07:31:58.143,1.5831,1.58333,1.50,1.00
2016.01.18 07:31:58.451,1.58313,1.58336,1.00,1.62
2016.01.18 07:31:58.985,1.58314,1.58337,1.00,2.00
2016.01.18 07:31:59.240,1.58311,1.58337,2.62,2.00
2016.01.18 07:31:59.342,1.58313,1.58336,1.00,1.62
2016.01.18 07:31:59.849,1.58314,1.58336,1.00,2.19
2016.01.18 07:32:00.255,1.58317,1.58336,1.00,2.19
2016.01.18 07:32:00.437,1.58317,1.5834,1.50,1.37
2016.01.18 07:32:00.540,1.5832,1.58343,1.00,1.12
2016.01.18 07:32:00.642,1.5832,1.58346,1.12,2.00
2016.01.18 07:32:01.211,1.5832,1.58346,1.12,1.25
2016.01.18 07:32:01.829,1.5832,1.58346,1.12,2.25
2016.01.18 07:32:01.931,1.58319,1.58344,1.00,1.12
2016.01.18 07:32:02.441,1.58324,1.58345,1.00,2.44
2016.01.18 07:32:02.766,1.58331,1.58348,1.37,1.00
2016.01.18 07:32:02.817,1.58329,1.58348,1.00,1.12
2016.01.18 07:32:03.020,1.58328,1.58351,1.12,1.25
2016.01.18 07:32:03.122,1.58327,1.5835,1.00,1.12
2016.01.18 07:32:03.377,1.58324,1.58346,1.87,1.81
2016.01.18 07:32:03.428,1.58321,1.58344,1.37,1.75
2016.01.18 07:32:03.722,1.58316,1.5834,1.87,2.19
2016.01.18 07:32:03.824,1.58316,1.58336,1.00,1.81
2016.01.18 07:32:03.927,1.58314,1.58336,1.00,1.12
2016.01.18 07:32:03.978,1.58312,1.58336,1.50,1.12
2016.01.18 07:32:04.130,1.58314,1.58335,1.00,1.12
2016.01.18 07:32:04.232,1.58312,1.58335,1.50,2.00
2016.01.18 07:32:04.740,1.58311,1.58334,1.12,2.19
2016.01.18 07:32:04.909,1.58309,1.58333,1.12,1.69
2016.01.18 07:32:04.961,1.58306,1.58332,1.50,2.44
2016.01.18 07:32:05.165,1.58305,1.58329,1.00,1.00
2016.01.18 07:32:05.216,1.58304,1.58329,1.00,1.12
2016.01.18 07:32:05.738,1.58305,1.58327,1.00,1.12
2016.01.18 07:32:07.508,1.58303,1.58327,1.12,1.12
2016.01.18 07:32:07.843,1.58305,1.58327,1.00,1.12
2016.01.18 07:32:08.452,1.58305,1.58331,1.87,1.87
2016.01.18 07:32:08.554,1.58307,1.58332,1.00,2.25
2016.01.18 07:32:08.858,1.58307,1.58331,2.62,1.12
2016.01.18 07:32:09.252,1.58307,1.58331,1.00,1.12
2016.01.18 07:32:09.759,1.58308,1.58331,1.00,1.12
2016.01.18 07:32:12.379,1.58309,1.58331,1.00,1.87
2016.01.18 07:32:13.073,1.58312,1.58331,1.00,1.00
2016.01.18 07:32:13.175,1.58312,1.58333,1.00,1.25
2016.01.18 07:32:13.328,1.58315,1.58335,1.00,2.00
2016.01.18 07:32:13.379,1.58315,1.58338,1.00,3.75
2016.01.18 07:32:13.880,1.58316,1.58338,1.00,1.12
2016.01.18 07:32:16.668,1.58316,1.58339,1.00,1.50
2016.01.18 07:32:17.169,1.58316,1.58337,1.00,1.62
2016.01.18 07:32:17.677,1.58316,1.58336,1.00,1.81
2016.01.18 07:32:18.197,1.58317,1.58337,1.00,1.62
2016.01.18 07:32:18.720,1.58317,1.58336,1.00,1.81
2016.01.18 07:32:19.319,1.58317,1.58337,1.00,1.62
2016.01.18 07:32:20.065,1.58318,1.58338,1.00,2.00
2016.01.18 07:32:20.167,1.58318,1.58339,1.00,1.62
2016.01.18 07:32:20.269,1.58321,1.5834,1.00,1.81
2016.01.18 07:32:20.777,1.5832,1.5834,1.00,1.81
2016.01.18 07:32:21.285,1.58321,1.58341,1.00,1.62
2016.01.18 07:32:22.071,1.58321,1.58342,1.00,1.81
2016.01.18 07:32:22.578,1.58322,1.58343,1.00,1.62
2016.01.18 07:32:23.083,1.58321,1.58343,1.00,2.00
2016.01.18 07:32:25.386,1.58321,1.58343,1.50,1.62
2016.01.18 07:32:26.480,1.58323,1.58343,1.00,1.62
2016.01.18 07:32:27.060,1.58322,1.58343,1.00,1.62
2016.01.18 07:32:27.569,1.58323,1.58344,1.00,1.50
2016.01.18 07:32:27.671,1.58324,1.58346,1.37,1.12
2016.01.18 07:32:27.773,1.58327,1.58344,1.00,1.12
2016.01.18 07:32:27.977,1.58327,1.58346,1.00,1.12
2016.01.18 07:32:28.231,1.58327,1.58349,1.00,2.19
2016.01.18 07:32:28.780,1.58326,1.58349,1.00,2.19
2016.01.18 07:32:29.288,1.58327,1.58349,1.00,2.19
2016.01.18 07:32:30.661,1.58327,1.58347,1.00,1.12
2016.01.18 07:32:30.763,1.58326,1.58345,1.12,1.12
2016.01.18 07:32:31.068,1.58327,1.58349,1.12,1.12
2016.01.18 07:32:31.170,1.58328,1.58348,1.12,1.12
2016.01.18 07:32:31.656,1.5833,1.5835,1.12,1.12
2016.01.18 07:32:31.913,1.58331,1.5835,1.12,1.12
2016.01.18 07:32:32.167,1.58332,1.58353,1.12,1.12
2016.01.18 07:32:32.421,1.58332,1.58352,1.12,1.12
2016.01.18 07:32:32.614,1.58332,1.58353,1.87,1.12
2016.01.18 07:32:33.274,1.58332,1.58355,1.12,1.82
2016.01.18 07:32:33.376,1.5833,1.58355,1.87,1.82
2016.01.18 07:32:33.873,1.58327,1.58347,1.12,1.19
2016.01.18 07:32:34.179,1.58321,1.58346,1.50,3.07
2016.01.18 07:32:34.585,1.58325,1.58347,1.00,1.88
2016.01.18 07:32:34.789,1.58334,1.58356,1.00,1.00
2016.01.18 07:32:34.880,1.58332,1.58356,1.50,1.82
2016.01.18 07:32:35.033,1.58332,1.58356,1.50,1.00
2016.01.18 07:32:35.540,1.58332,1.58356,1.50,1.50
2016.01.18 07:32:36.127,1.58332,1.58357,1.87,1.19
2016.01.18 07:32:36.229,1.58332,1.58356,1.12,1.82
2016.01.18 07:32:37.475,1.58331,1.58355,2.62,1.19
2016.01.18 07:32:37.983,1.58332,1.58356,1.87,1.82
2016.01.18 07:32:38.895,1.58333,1.58356,1.50,1.57
2016.01.18 07:32:39.994,1.58332,1.58355,2.62,1.57
2016.01.18 07:32:40.945,1.58333,1.58355,1.12,1.57
2016.01.18 07:32:41.301,1.58334,1.58355,1.12,1.00
2016.01.18 07:32:41.809,1.58333,1.58355,1.87,1.00
2016.01.18 07:32:41.911,1.58333,1.58355,1.12,1.00
2016.01.18 07:32:42.114,1.58336,1.58355,1.00,1.00
2016.01.18 07:32:42.165,1.58337,1.58358,1.00,1.38
2016.01.18 07:32:42.421,1.58338,1.5836,1.00,1.75
2016.01.18 07:32:42.878,1.5834,1.5836,1.00,1.25
2016.01.18 07:32:43.385,1.5834,1.5836,1.00,1.00
2016.01.18 07:32:43.487,1.58338,1.5836,1.00,1.00
2016.01.18 07:32:44.460,1.58339,1.58361,1.00,2.06
2016.01.18 07:32:44.765,1.58341,1.58363,1.00,2.06
2016.01.18 07:32:44.867,1.58344,1.58367,1.50,1.57
2016.01.18 07:32:45.423,1.58347,1.5837,1.00,1.50
2016.01.18 07:32:45.931,1.58347,1.5837,2.25,1.00
2016.01.18 07:32:46.497,1.58349,1.58372,1.00,1.87
2016.01.18 07:32:47.518,1.58348,1.5837,1.50,1.25
2016.01.18 07:32:48.171,1.58353,1.5837,1.00,1.25
2016.01.18 07:32:48.374,1.58354,1.58374,1.00,1.12
2016.01.18 07:32:50.325,1.58353,1.58374,1.50,1.12
2016.01.18 07:32:50.376,1.58355,1.58374,1.00,1.12
2016.01.18 07:32:50.900,1.58355,1.58374,1.50,1.12
2016.01.18 07:32:51.408,1.58355,1.58376,1.50,1.12
2016.01.18 07:32:51.561,1.58353,1.58374,2.25,1.12
2016.01.18 07:32:51.612,1.58357,1.58374,1.00,1.12
2016.01.18 07:32:51.765,1.58361,1.58381,1.37,1.12
2016.01.18 07:32:51.826,1.58361,1.58385,1.50,1.12
2016.01.18 07:32:52.081,1.58361,1.58384,2.25,1.12
2016.01.18 07:32:52.336,1.58361,1.58385,1.50,1.12
2016.01.18 07:32:52.742,1.5836,1.58386,1.87,2.19
2016.01.18 07:32:52.993,1.5836,1.58385,1.87,1.25
2016.01.18 07:32:57.282,1.58364,1.58386,1.00,1.62
2016.01.18 07:32:57.386,1.58364,1.58387,1.87,1.00
2016.01.18 07:32:57.594,1.58364,1.58387,3.75,1.12
2016.01.18 07:32:58.359,1.58364,1.58387,3.75,1.12
2016.01.18 07:32:58.787,1.58364,1.58386,2.25,1.12
2016.01.18 07:32:58.992,1.58362,1.58385,1.87,1.12
2016.01.18 07:32:59.450,1.58363,1.58386,1.75,1.12
2016.01.18 07:32:59.603,1.58363,1.58385,1.75,1.12
2016.01.18 07:33:00.109,1.58363,1.58385,1.75,1.12
2016.01.18 07:33:00.769,1.58365,1.58387,1.12,1.12
2016.01.18 07:33:00.972,1.58365,1.58387,1.87,1.12
2016.01.18 07:33:01.750,1.58364,1.58387,1.37,1.50
2016.01.18 07:33:01.955,1.58361,1.58383,1.00,1.50
2016.01.18 07:33:02.057,1.58358,1.58383,1.50,1.87
2016.01.18 07:33:02.312,1.58358,1.5838,1.00,1.12
2016.01.18 07:33:02.617,1.58356,1.58377,1.87,1.50
2016.01.18 07:33:02.872,1.58358,1.58379,1.00,1.12
2016.01.18 07:33:02.973,1.58356,1.58379,1.00,1.87
2016.01.18 07:33:03.179,1.58356,1.58378,2.62,1.25
2016.01.18 07:33:03.529,1.58357,1.58374,1.12,1.12
2016.01.18 07:33:03.581,1.58353,1.58374,1.00,1.50
2016.01.18 07:33:04.043,1.58351,1.58377,1.50,3.75
2016.01.18 07:33:04.196,1.58351,1.58375,1.12,1.12
2016.01.18 07:33:04.712,1.58354,1.58376,1.50,1.37
2016.01.18 07:33:04.763,1.58354,1.58379,1.50,2.00
2016.01.18 07:33:05.221,1.58352,1.58376,1.87,2.25
2016.01.18 07:33:05.777,1.5835,1.58374,1.12,1.12
2016.01.18 07:33:05.831,1.58347,1.58369,1.87,1.31
2016.01.18 07:33:05.883,1.58347,1.58369,1.12,1.31
2016.01.18 07:33:06.037,1.58345,1.58367,1.87,1.12
2016.01.18 07:33:06.546,1.58342,1.58367,1.37,2.44
2016.01.18 07:33:07.056,1.58342,1.58367,1.12,2.44
2016.01.18 07:33:08.184,1.58342,1.58364,1.12,1.00
2016.01.18 07:33:08.339,1.58342,1.58361,1.12,1.12
2016.01.18 07:33:08.593,1.58347,1.58371,1.75,1.25
2016.01.18 07:33:08.644,1.58347,1.5837,1.00,1.00
2016.01.18 07:33:08.746,1.58351,1.58373,1.04,1.50
2016.01.18 07:33:08.798,1.58351,1.58373,1.04,1.37
2016.01.18 07:33:08.900,1.58351,1.58375,1.04,1.87
2016.01.18 07:33:09.379,1.5835,1.58374,1.87,1.25
2016.01.18 07:33:09.582,1.58349,1.5837,1.50,1.31
2016.01.18 07:33:09.633,1.58346,1.5837,1.37,1.69
2016.01.18 07:33:09.735,1.58344,1.5837,1.54,2.81
2016.01.18 07:33:09.938,1.58343,1.58369,2.10,1.87
2016.01.18 07:33:10.461,1.58343,1.58367,1.29,1.12
2016.01.18 07:33:10.988,1.58343,1.58367,1.29,1.12
2016.01.18 07:33:11.496,1.58342,1.58367,1.72,1.12
2016.01.18 07:33:13.721,1.58346,1.58368,1.00,1.37
2016.01.18 07:33:13.772,1.58346,1.5837,1.12,1.87
2016.01.18 07:33:13.823,1.58348,1.58371,1.00,1.12
2016.01.18 07:33:14.078,1.5835,1.58375,2.62,1.87
2016.01.18 07:33:14.180,1.58353,1.58378,1.87,2.00
2016.01.18 07:33:14.486,1.58361,1.58382,1.37,1.00
2016.01.18 07:33:14.775,1.5836,1.58385,2.25,1.12
2016.01.18 07:33:15.232,1.58361,1.58382,1.37,1.00
2016.01.18 07:33:15.486,1.5836,1.58382,2.25,1.00
2016.01.18 07:33:16.104,1.5836,1.58381,1.50,1.00
2016.01.18 07:33:16.205,1.5836,1.58378,1.12,1.37
2016.01.18 07:33:16.307,1.58355,1.58377,1.75,1.00
2016.01.18 07:33:16.460,1.58353,1.58377,1.12,1.12
2016.01.18 07:33:16.663,1.58352,1.58376,2.25,1.12
2016.01.18 07:33:16.968,1.58352,1.58372,1.00,1.12
2016.01.18 07:33:17.222,1.58347,1.5837,1.00,2.19
2016.01.18 07:33:17.476,1.58345,1.58368,1.00,1.00
2016.01.18 07:33:18.408,1.58345,1.58368,1.00,1.87
2016.01.18 07:33:21.146,1.58345,1.58364,1.00,1.00
2016.01.18 07:33:21.478,1.58344,1.58367,1.19,1.50
2016.01.18 07:33:21.580,1.58344,1.58366,1.87,1.12
2016.01.18 07:33:21.682,1.58344,1.58367,1.87,2.06
2016.01.18 07:33:22.187,1.58344,1.58367,1.37,1.31
2016.01.18 07:33:22.751,1.58344,1.58367,1.87,1.50
2016.01.18 07:33:23.040,1.58345,1.58364,1.12,1.00
2016.01.18 07:33:28.406,1.58344,1.58362,1.87,1.00
2016.01.18 07:33:28.559,1.58341,1.5836,1.12,1.12
2016.01.18 07:33:30.281,1.58339,1.5836,2.44,1.75
2016.01.18 07:33:30.768,1.58339,1.5836,2.44,1.12
2016.01.18 07:33:32.040,1.58339,1.58359,1.94,1.00
2016.01.18 07:33:32.091,1.58339,1.58354,1.94,1.00
2016.01.18 07:33:32.142,1.58338,1.58354,1.50,1.00
2016.01.18 07:33:32.309,1.58333,1.58351,1.25,1.50
2016.01.18 07:33:32.361,1.58332,1.58343,1.50,1.00
2016.01.18 07:33:32.412,1.58329,1.58343,1.25,1.00
2016.01.18 07:33:32.514,1.58326,1.5834,1.37,1.00
2016.01.18 07:33:32.566,1.5832,1.58335,1.00,1.00
2016.01.18 07:33:32.668,1.58314,1.58335,3.00,1.37
2016.01.18 07:33:33.077,1.58316,1.58335,1.00,1.37
2016.01.18 07:33:33.596,1.58315,1.58335,1.00,1.37
2016.01.18 07:33:34.061,1.58311,1.58335,3.00,1.87
2016.01.18 07:33:34.113,1.58311,1.58335,2.06,2.25
2016.01.18 07:33:34.164,1.58313,1.58335,1.00,2.25
2016.01.18 07:33:37.711,1.58312,1.58335,1.31,2.25
2016.01.18 07:33:38.127,1.58315,1.58335,1.00,1.75
2016.01.18 07:33:38.433,1.58325,1.58348,1.87,1.75
2016.01.18 07:33:38.798,1.58326,1.5835,1.56,1.50
2016.01.18 07:33:38.963,1.58326,1.58347,1.56,1.00
2016.01.18 07:33:39.066,1.58324,1.58347,1.00,1.00
2016.01.18 07:33:39.218,1.58322,1.58344,2.44,1.00
2016.01.18 07:33:39.422,1.58321,1.58344,1.81,1.12
2016.01.18 07:33:39.992,1.58321,1.58344,1.12,1.50
2016.01.18 07:33:40.268,1.58319,1.58344,2.25,1.50
2016.01.18 07:33:40.370,1.58322,1.58344,1.12,1.50
2016.01.18 07:33:40.928,1.5832,1.58343,2.06,1.00
2016.01.18 07:33:42.033,1.58319,1.58345,2.62,1.81
2016.01.18 07:33:42.558,1.5832,1.58346,1.69,1.62
2016.01.18 07:33:42.832,1.58319,1.58345,2.81,1.12
2016.01.18 07:33:43.138,1.58319,1.58344,1.69,1.87
2016.01.18 07:33:43.985,1.58317,1.58344,3.00,1.87
2016.01.18 07:33:44.494,1.58318,1.58344,1.81,1.87
2016.01.18 07:33:44.545,1.58318,1.58344,1.25,3.19
2016.01.18 07:33:44.801,1.58314,1.5834,2.25,1.12
2016.01.18 07:33:45.140,1.58317,1.5834,1.12,1.12
2016.01.18 07:33:45.192,1.58315,1.5834,2.62,1.12
2016.01.18 07:33:45.243,1.58315,1.5834,2.62,1.00
2016.01.18 07:33:45.447,1.58315,1.5834,2.06,1.00
2016.01.18 07:33:45.549,1.58315,1.5834,2.62,1.00
2016.01.18 07:33:46.107,1.58316,1.58341,1.00,2.25
2016.01.18 07:33:46.406,1.58316,1.58341,1.56,1.12
2016.01.18 07:33:46.610,1.58315,1.5834,1.81,1.87
2016.01.18 07:33:46.661,1.58313,1.58338,2.06,1.37
2016.01.18 07:33:46.712,1.58312,1.58336,1.69,1.12
2016.01.18 07:33:46.814,1.5831,1.58334,1.50,1.12
2016.01.18 07:33:47.118,1.58311,1.58335,1.00,1.69
2016.01.18 07:33:47.169,1.58311,1.58335,2.44,1.00
2016.01.18 07:33:47.674,1.58313,1.58338,1.12,2.06
2016.01.18 07:33:48.017,1.58321,1.58342,1.00,1.50
2016.01.18 07:33:48.119,1.58323,1.58344,1.00,1.00
2016.01.18 07:33:48.221,1.58323,1.58347,1.50,1.62
2016.01.18 07:33:48.766,1.58323,1.58347,2.81,1.00
2016.01.18 07:33:49.070,1.58323,1.58347,2.25,1.57
2016.01.18 07:33:49.375,1.58321,1.58345,1.12,1.50
2016.01.18 07:33:49.426,1.58321,1.58341,1.00,1.00
2016.01.18 07:33:49.821,1.58321,1.58345,1.12,2.25
2016.01.18 07:33:50.227,1.58321,1.58342,1.50,1.00
2016.01.18 07:33:50.329,1.58321,1.58345,1.12,1.87
2016.01.18 07:33:50.532,1.58321,1.58344,1.00,1.12
2016.01.18 07:33:50.685,1.58319,1.58344,1.31,1.12
2016.01.18 07:33:51.053,1.58317,1.5834,1.00,1.12
2016.01.18 07:33:51.155,1.58317,1.58338,1.00,1.00
2016.01.18 07:33:55.753,1.58317,1.58339,1.00,1.12
2016.01.18 07:33:56.259,1.58317,1.5834,1.69,1.00
2016.01.18 07:33:56.677,1.5832,1.58339,1.00,1.00
2016.01.18 07:33:56.866,1.58323,1.58343,1.12,1.00
2016.01.18 07:33:56.927,1.58323,1.58343,1.50,1.00
2016.01.18 07:33:57.029,1.58323,1.58345,1.87,1.12
2016.01.18 07:33:57.556,1.58324,1.58345,1.12,1.57
2016.01.18 07:33:57.912,1.58329,1.58345,1.00,1.57
2016.01.18 07:33:58.248,1.5834,1.58347,1.00,1.00
2016.01.18 07:33:58.604,1.58343,1.58349,1.00,1.00
2016.01.18 07:33:58.758,1.58341,1.5835,1.12,1.00
2016.01.18 07:33:59.150,1.58343,1.58366,1.00,2.81
2016.01.18 07:33:59.202,1.58343,1.58363,1.00,1.12
2016.01.18 07:33:59.405,1.58346,1.58367,1.12,1.12
2016.01.18 07:33:59.456,1.58348,1.58367,1.12,1.12
2016.01.18 07:33:59.762,1.58351,1.58371,1.12,1.12
2016.01.18 07:34:00.361,1.58351,1.5837,1.00,1.81
2016.01.18 07:34:00.514,1.58351,1.58374,1.00,2.25
2016.01.18 07:34:00.871,1.58351,1.58375,1.00,2.44
2016.01.18 07:34:01.074,1.58351,1.58374,1.87,1.00
2016.01.18 07:34:01.413,1.58354,1.58377,1.50,1.00
2016.01.18 07:34:01.464,1.58357,1.58377,1.00,1.00
2016.01.18 07:34:01.671,1.58357,1.58381,1.50,2.62
2016.01.18 07:34:02.180,1.58357,1.58381,1.50,1.81
2016.01.18 07:34:02.282,1.58357,1.58381,1.50,1.25
2016.01.18 07:34:02.960,1.58357,1.58381,3.00,1.81
2016.01.18 07:34:03.265,1.5836,1.58382,1.00,1.62
2016.01.18 07:34:03.316,1.58358,1.58382,1.87,1.62
2016.01.18 07:34:04.132,1.5836,1.58381,1.00,1.25
2016.01.18 07:34:04.680,1.5836,1.58383,1.00,1.56
2016.01.18 07:34:04.995,1.58363,1.58383,1.00,1.00
2016.01.18 07:34:05.452,1.58362,1.58386,2.25,1.56
2016.01.18 07:34:05.751,1.58362,1.58386,1.12,2.44
2016.01.18 07:34:07.578,1.58362,1.58385,1.37,1.31
2016.01.18 07:34:07.781,1.58362,1.58386,1.00,3.19
2016.01.18 07:34:07.984,1.58365,1.58386,1.87,1.50
2016.01.18 07:34:08.085,1.58365,1.5839,3.37,2.62
2016.01.18 07:34:08.593,1.58368,1.5839,2.44,1.00
2016.01.18 07:34:09.113,1.58369,1.5839,1.87,1.00
2016.01.18 07:34:09.418,1.58368,1.58392,3.00,2.25
2016.01.18 07:34:09.779,1.5837,1.58392,1.12,3.00
2016.01.18 07:34:09.931,1.58368,1.58391,2.25,1.00
2016.01.18 07:34:09.983,1.5837,1.58392,1.12,1.87
2016.01.18 07:34:10.413,1.58368,1.5839,2.25,1.00
2016.01.18 07:34:10.718,1.5837,1.58394,1.12,2.62
2016.01.18 07:34:10.769,1.5837,1.58394,1.81,1.87
2016.01.18 07:34:11.276,1.5837,1.58393,1.81,1.00
2016.01.18 07:34:11.800,1.58372,1.58392,1.25,1.00
2016.01.18 07:34:11.851,1.58372,1.58394,1.25,1.50
2016.01.18 07:34:12.156,1.58372,1.58394,1.31,1.00
2016.01.18 07:34:12.664,1.58374,1.58395,1.87,1.12
2016.01.18 07:34:13.036,1.58376,1.58399,1.00,2.62
2016.01.18 07:34:13.087,1.58376,1.58399,2.25,2.25
2016.01.18 07:34:13.189,1.58378,1.58399,1.12,1.87
2016.01.18 07:34:13.737,1.58376,1.58399,1.57,1.87
2016.01.18 07:34:13.839,1.58377,1.58399,1.45,1.12
2016.01.18 07:34:14.390,1.58376,1.584,1.95,1.50
2016.01.18 07:34:14.697,1.58375,1.58397,1.50,1.50
2016.01.18 07:34:15.249,1.58374,1.58398,1.20,1.75
2016.01.18 07:34:15.797,1.58373,1.58396,2.32,1.12
2016.01.18 07:34:16.103,1.5837,1.5839,1.50,1.12
2016.01.18 07:34:16.307,1.5837,1.58394,1.50,1.87
2016.01.18 07:34:16.799,1.58372,1.58394,1.45,1.12
2016.01.18 07:34:17.810,1.5837,1.58394,1.95,1.12
2016.01.18 07:34:17.918,1.5837,1.58394,1.95,1.12
2016.01.18 07:34:18.122,1.58374,1.58396,1.00,1.12
2016.01.18 07:34:18.173,1.58374,1.58398,1.00,1.87
2016.01.18 07:34:18.711,1.58373,1.58395,1.00,1.37
2016.01.18 07:34:18.864,1.58371,1.58394,1.00,1.75
2016.01.18 07:34:19.383,1.58372,1.58396,1.00,1.87
2016.01.18 07:34:19.899,1.58372,1.58395,1.45,1.50
2016.01.18 07:34:20.357,1.58373,1.58397,1.20,1.50
2016.01.18 07:34:20.866,1.58374,1.58398,1.00,1.87
2016.01.18 07:34:21.936,1.58375,1.58398,1.00,1.12
2016.01.18 07:34:21.987,1.58376,1.58401,1.12,1.00
2016.01.18 07:34:22.292,1.58377,1.58401,1.87,1.50
2016.01.18 07:34:22.597,1.58377,1.58402,3.00,1.00
2016.01.18 07:34:24.401,1.58377,1.58403,2.38,1.75
2016.01.18 07:34:24.706,1.58377,1.58402,2.75,1.50
2016.01.18 07:34:24.915,1.58378,1.58403,1.54,1.87
2016.01.18 07:34:25.653,1.58385,1.58403,1.00,1.37
2016.01.18 07:34:25.908,1.58393,1.58415,1.06,2.25
2016.01.18 07:34:25.959,1.58392,1.58415,1.75,1.12
2016.01.18 07:34:26.011,1.58392,1.58414,1.06,1.12
2016.01.18 07:34:26.366,1.58389,1.58413,1.06,1.87
2016.01.18 07:34:26.926,1.5839,1.58413,1.06,1.87
2016.01.18 07:34:27.492,1.58391,1.58413,1.06,1.12
2016.01.18 07:34:27.844,1.58391,1.58413,1.06,1.00
2016.01.18 07:34:28.458,1.58392,1.58413,1.06,1.00
2016.01.18 07:34:28.813,1.58391,1.58412,1.06,1.12
2016.01.18 07:34:29.584,1.5839,1.58412,1.05,1.12
2016.01.18 07:34:30.101,1.58391,1.58412,1.80,1.12
2016.01.18 07:34:30.658,1.5839,1.58412,1.05,1.12
2016.01.18 07:34:31.434,1.58388,1.58408,1.80,1.12
2016.01.18 07:34:31.943,1.58387,1.58408,1.05,1.12
2016.01.18 07:34:32.406,1.58387,1.58408,1.05,1.87
2016.01.18 07:34:33.208,1.58385,1.58408,1.87,1.87
2016.01.18 07:34:34.062,1.58385,1.58405,1.50,1.00
2016.01.18 07:34:34.215,1.58383,1.58401,1.00,1.00
2016.01.18 07:34:34.267,1.58381,1.58401,1.00,1.00
2016.01.18 07:34:34.318,1.5838,1.58398,1.00,1.00
2016.01.18 07:34:34.420,1.58377,1.58398,1.50,1.00
2016.01.18 07:34:34.522,1.58377,1.58398,1.00,1.75
2016.01.18 07:34:34.725,1.58374,1.58397,1.24,1.12
2016.01.18 07:34:35.151,1.58374,1.5839,1.99,1.00
2016.01.18 07:34:35.456,1.58371,1.58387,1.52,1.00
2016.01.18 07:34:36.153,1.58369,1.58389,1.12,1.00
2016.01.18 07:34:36.408,1.58367,1.58386,1.87,1.00
2016.01.18 07:34:36.560,1.58366,1.58386,1.00,1.00
2016.01.18 07:34:36.713,1.58369,1.5839,1.00,1.75
2016.01.18 07:34:36.866,1.58369,1.58391,2.17,1.50
2016.01.18 07:34:36.917,1.58372,1.58391,1.05,1.50
2016.01.18 07:34:37.365,1.58373,1.58392,1.52,1.00
2016.01.18 07:34:37.467,1.58374,1.58394,1.12,1.00
2016.01.18 07:34:42.713,1.58374,1.58396,1.12,1.00
2016.01.18 07:34:42.968,1.58372,1.58395,2.62,1.12
2016.01.18 07:34:43.273,1.58372,1.58391,1.00,1.00
2016.01.18 07:34:43.820,1.58369,1.58391,1.75,1.31
2016.01.18 07:34:44.176,1.58368,1.58393,3.07,1.00
2016.01.18 07:34:44.877,1.58369,1.58393,1.12,1.00
2016.01.18 07:34:44.980,1.58368,1.58391,3.00,1.00
2016.01.18 07:34:45.488,1.5837,1.58391,1.00,1.37
2016.01.18 07:34:45.997,1.58368,1.58391,2.25,1.00
2016.01.18 07:34:46.864,1.58369,1.58393,2.25,1.50
2016.01.18 07:34:47.169,1.58373,1.58395,1.50,1.12
2016.01.18 07:34:47.677,1.58375,1.58397,1.50,1.37
2016.01.18 07:34:52.502,1.58375,1.58399,1.50,2.44
2016.01.18 07:34:52.779,1.58378,1.58401,1.66,1.37
2016.01.18 07:34:52.881,1.58378,1.58404,2.85,1.87
2016.01.18 07:34:53.389,1.58379,1.58405,2.04,2.25
2016.01.18 07:34:53.593,1.58381,1.58405,1.05,2.62
2016.01.18 07:34:54.992,1.58379,1.58404,2.29,1.37
2016.01.18 07:34:55.528,1.58379,1.58405,1.37,4.31
2016.01.18 07:34:55.986,1.58378,1.58404,1.54,1.37
2016.01.18 07:34:56.511,1.5838,1.58404,2.29,1.37
2016.01.18 07:34:57.626,1.5838,1.58402,1.12,1.37
2016.01.18 07:34:57.779,1.58377,1.58399,1.50,1.00
2016.01.18 07:34:58.823,1.58377,1.58401,2.62,1.75
2016.01.18 07:34:58.874,1.58378,1.58403,1.50,2.62
2016.01.18 07:34:59.313,1.58379,1.58401,1.00,1.87
2016.01.18 07:34:59.516,1.58377,1.584,1.00,1.00
2016.01.18 07:34:59.668,1.58374,1.58399,1.50,1.37
2016.01.18 07:34:59.923,1.58378,1.58402,1.50,1.12
2016.01.18 07:34:59.974,1.58379,1.58402,1.87,1.00
2016.01.18 07:35:00.627,1.58381,1.58405,1.12,1.87
2016.01.18 07:35:01.135,1.58382,1.58405,1.00,1.87
2016.01.18 07:35:01.443,1.58384,1.58405,1.00,1.37
2016.01.18 07:35:01.646,1.58382,1.58405,1.50,1.37
2016.01.18 07:35:01.932,1.58382,1.58406,1.50,1.00
2016.01.18 07:35:01.983,1.58383,1.58406,1.00,1.75
2016.01.18 07:35:02.389,1.58381,1.58404,1.00,1.87
2016.01.18 07:35:03.001,1.58381,1.58403,1.00,1.00
2016.01.18 07:35:03.488,1.58381,1.58403,1.00,1.75
2016.01.18 07:35:03.844,1.58381,1.58397,1.00,1.37
2016.01.18 07:35:04.255,1.58379,1.58397,1.00,1.37
2016.01.18 07:35:04.601,1.58379,1.58399,1.00,1.50
2016.01.18 07:35:05.007,1.58375,1.58399,1.50,3.00
2016.01.18 07:35:05.211,1.58374,1.58396,1.87,1.37
2016.01.18 07:35:05.813,1.58374,1.58397,2.62,2.25
2016.01.18 07:35:06.255,1.58372,1.58395,2.62,1.00
2016.01.18 07:35:06.306,1.58372,1.58394,2.25,1.37
2016.01.18 07:35:06.814,1.58372,1.58396,2.62,1.47
2016.01.18 07:35:06.916,1.58372,1.58394,1.00,1.57
2016.01.18 07:35:07.558,1.58373,1.58394,1.00,1.50
2016.01.18 07:35:08.118,1.58374,1.58394,1.00,1.50
2016.01.18 07:35:09.009,1.58374,1.58395,1.00,1.87
2016.01.18 07:35:09.232,1.58374,1.58397,4.12,1.00
2016.01.18 07:35:09.334,1.58379,1.58397,1.37,1.00
2016.01.18 07:35:09.835,1.5838,1.58397,1.37,1.00
2016.01.18 07:35:09.989,1.5838,1.58404,1.87,1.50
2016.01.18 07:35:17.077,1.58382,1.58404,1.00,1.00
2016.01.18 07:35:17.433,1.58385,1.58405,1.00,1.00
2016.01.18 07:35:18.114,1.58387,1.58407,1.00,1.00
2016.01.18 07:35:20.727,1.58387,1.58409,1.87,1.75
2016.01.18 07:35:20.778,1.58387,1.58412,3.00,1.87
2016.01.18 07:35:20.932,1.58389,1.58412,1.75,1.37
2016.01.18 07:35:20.983,1.58392,1.58414,1.00,1.50
2016.01.18 07:35:21.034,1.58395,1.58414,1.00,1.37
2016.01.18 07:35:21.085,1.58395,1.58417,1.00,1.50
2016.01.18 07:35:21.631,1.58396,1.58418,1.00,1.37
2016.01.18 07:35:21.884,1.58401,1.58418,1.00,1.37
2016.01.18 07:35:21.986,1.58401,1.5842,1.00,1.37
2016.01.18 07:35:22.139,1.58401,1.58422,1.00,1.00
2016.01.18 07:35:22.681,1.58401,1.58423,1.00,1.87
2016.01.18 07:35:24.082,1.58401,1.58424,1.12,1.37
2016.01.18 07:35:24.600,1.58399,1.58423,1.12,1.37
2016.01.18 07:35:26.170,1.584,1.58425,1.00,1.87
2016.01.18 07:35:26.701,1.58399,1.58423,1.00,1.50
2016.01.18 07:35:27.961,1.58399,1.58422,1.00,1.81
2016.01.18 07:35:31.470,1.58395,1.58418,1.87,1.00
2016.01.18 07:35:31.876,1.584,1.5842,1.00,1.50
2016.01.18 07:35:31.928,1.58396,1.5842,1.00,1.00
2016.01.18 07:35:32.080,1.58395,1.5842,1.87,2.62
2016.01.18 07:35:32.430,1.58395,1.58416,1.00,1.00
2016.01.18 07:35:32.838,1.58395,1.58421,1.50,2.62
2016.01.18 07:35:32.940,1.58395,1.5842,1.00,1.12
2016.01.18 07:35:33.042,1.58395,1.58421,1.50,1.87
2016.01.18 07:35:33.652,1.58395,1.58418,1.37,1.12
2016.01.18 07:35:33.754,1.58395,1.58417,1.00,1.12
2016.01.18 07:35:33.858,1.58391,1.58415,1.37,1.87
2016.01.18 07:35:34.665,1.58389,1.58414,1.12,1.50
2016.01.18 07:35:37.688,1.58389,1.58414,1.75,1.00
2016.01.18 07:35:38.099,1.58389,1.58413,1.12,1.81
2016.01.18 07:35:38.634,1.58387,1.58413,1.37,1.31
2016.01.18 07:35:39.142,1.58386,1.58412,1.50,2.00
2016.01.18 07:35:39.294,1.58386,1.58413,2.25,2.81
2016.01.18 07:35:39.968,1.58388,1.58414,1.12,1.00
2016.01.18 07:35:40.273,1.5839,1.58415,1.12,1.37
2016.01.18 07:35:40.780,1.5839,1.58415,1.12,1.00
2016.01.18 07:35:41.117,1.5839,1.5841,1.12,1.37
2016.01.18 07:35:41.168,1.58385,1.58407,1.37,2.19
2016.01.18 07:35:41.219,1.58382,1.58407,1.87,2.19
2016.01.18 07:35:41.271,1.58383,1.58407,1.12,1.12
2016.01.18 07:35:41.373,1.58381,1.58407,1.87,2.62
2016.01.18 07:35:41.475,1.58379,1.58405,2.25,2.00
2016.01.18 07:35:41.527,1.58379,1.58405,1.50,2.00
2016.01.18 07:35:41.782,1.58379,1.58405,2.25,1.25
2016.01.18 07:35:42.215,1.58379,1.58402,1.75,1.37
2016.01.18 07:35:42.317,1.58379,1.58402,1.12,1.37
2016.01.18 07:35:42.983,1.58379,1.58394,1.12,1.00
2016.01.18 07:35:43.270,1.58371,1.58392,1.37,1.37
2016.01.18 07:35:43.424,1.5837,1.58391,1.00,1.12
2016.01.18 07:35:43.884,1.58367,1.58389,1.12,1.00
2016.01.18 07:35:44.189,1.58366,1.58385,1.00,1.00
2016.01.18 07:35:45.498,1.58366,1.58386,1.00,1.00
2016.01.18 07:35:45.549,1.58363,1.58386,1.12,1.00
2016.01.18 07:35:46.405,1.58362,1.58387,1.12,1.50
2016.01.18 07:35:47.014,1.58363,1.58388,1.50,1.87
2016.01.18 07:35:47.349,1.58364,1.58384,1.00,1.00
2016.01.18 07:35:47.400,1.5836,1.58384,1.37,1.37
2016.01.18 07:35:47.604,1.58359,1.58382,1.37,1.37
2016.01.18 07:35:47.706,1.58356,1.5838,1.12,1.37
2016.01.18 07:35:47.809,1.58354,1.58379,2.62,2.06
2016.01.18 07:35:48.482,1.58354,1.58379,1.50,2.44
2016.01.18 07:35:49.007,1.58354,1.58379,1.87,2.81
2016.01.18 07:35:49.413,1.58356,1.58379,1.12,1.69
2016.01.18 07:35:49.515,1.58354,1.58379,1.87,2.06
2016.01.18 07:35:52.204,1.58354,1.58379,2.62,1.00
2016.01.18 07:35:53.210,1.58354,1.58375,1.12,1.00
2016.01.18 07:35:53.414,1.58346,1.58371,1.12,1.50
2016.01.18 07:35:53.958,1.58346,1.58372,1.12,3.00
2016.01.18 07:35:54.318,1.58345,1.5837,2.25,1.37
2016.01.18 07:35:54.828,1.58342,1.58368,1.87,1.00
2016.01.18 07:35:54.879,1.58343,1.58366,1.00,1.12
2016.01.18 07:35:55.324,1.58344,1.58366,1.00,1.37
2016.01.18 07:35:55.528,1.58343,1.58367,1.00,1.50
2016.01.18 07:35:55.630,1.58348,1.58367,1.00,1.50
2016.01.18 07:35:55.834,1.58348,1.58373,2.25,2.62
2016.01.18 07:35:55.885,1.58348,1.58372,2.62,1.37
2016.01.18 07:35:56.038,1.58348,1.58372,1.87,1.37
2016.01.18 07:35:56.450,1.58352,1.58373,1.00,1.37
2016.01.18 07:35:56.501,1.5835,1.58373,1.87,1.37
2016.01.18 07:35:56.553,1.5835,1.58374,1.87,1.37
2016.01.18 07:35:56.605,1.58353,1.58375,1.12,1.87
2016.01.18 07:35:56.859,1.58352,1.58377,1.37,1.50
2016.01.18 07:35:57.728,1.58352,1.58378,3.00,1.37
2016.01.18 07:35:57.779,1.58355,1.58378,1.12,1.00
2016.01.18 07:35:58.295,1.58354,1.58379,1.00,2.25
2016.01.18 07:35:58.600,1.58354,1.58377,1.00,1.75
2016.01.18 07:35:59.148,1.58352,1.58375,1.37,1.00
2016.01.18 07:35:59.656,1.5835,1.58374,1.87,1.87
2016.01.18 07:35:59.961,1.58353,1.58375,1.00,1.12
2016.01.18 07:36:00.821,1.58353,1.58376,2.25,1.12
2016.01.18 07:36:01.329,1.58355,1.58375,1.00,1.50
2016.01.18 07:36:01.928,1.58354,1.58377,1.12,3.37
2016.01.18 07:36:02.436,1.58355,1.58377,1.00,3.37
2016.01.18 07:36:03.261,1.58353,1.58376,2.25,1.75
2016.01.18 07:36:03.401,1.58353,1.58373,1.50,1.37
2016.01.18 07:36:03.654,1.58355,1.58375,1.00,1.37
2016.01.18 07:36:04.162,1.58355,1.58375,1.00,1.00
2016.01.18 07:36:04.798,1.58356,1.58374,1.00,1.00
2016.01.18 07:36:04.900,1.58353,1.58374,1.50,1.00
2016.01.18 07:36:05.407,1.58353,1.58375,1.00,1.50
2016.01.18 07:36:05.712,1.58355,1.58375,1.00,1.50
2016.01.18 07:36:05.864,1.58353,1.58375,1.00,2.25
2016.01.18 07:36:06.100,1.58355,1.58375,1.00,1.00
2016.01.18 07:36:06.304,1.58353,1.58375,1.00,1.50
2016.01.18 07:36:06.406,1.58355,1.58375,1.00,1.00
2016.01.18 07:36:06.713,1.58355,1.58374,1.00,1.37
2016.01.18 07:36:07.265,1.58355,1.58375,1.00,1.50
2016.01.18 07:36:07.570,1.58358,1.58368,1.00,1.37
2016.01.18 07:36:07.621,1.5835,1.58368,1.50,1.37
2016.01.18 07:36:07.672,1.5835,1.58372,1.50,1.37
2016.01.18 07:36:08.027,1.58353,1.58372,1.00,1.37
2016.01.18 07:36:08.922,1.5835,1.58372,2.25,1.87
2016.01.18 07:36:09.024,1.58352,1.58373,1.00,1.37
2016.01.18 07:36:09.531,1.58351,1.58372,1.50,1.37
2016.01.18 07:36:09.683,1.58351,1.58373,1.00,1.00
2016.01.18 07:36:09.933,1.58353,1.58374,1.00,1.00
2016.01.18 07:36:10.349,1.58351,1.58375,1.50,1.87
2016.01.18 07:36:10.451,1.58352,1.58375,1.37,1.87
2016.01.18 07:36:10.806,1.58356,1.58375,1.00,1.37
2016.01.18 07:36:10.973,1.58354,1.58378,1.87,1.12
2016.01.18 07:36:11.127,1.5836,1.5838,1.00,1.50
2016.01.18 07:36:11.178,1.5836,1.58381,1.00,1.50
2016.01.18 07:36:11.229,1.58363,1.58382,1.50,1.00
2016.01.18 07:36:11.332,1.58364,1.58386,1.12,1.12
2016.01.18 07:36:11.687,1.58367,1.58388,1.00,1.37
2016.01.18 07:36:12.060,1.58367,1.5839,1.50,1.87
2016.01.18 07:36:12.214,1.58369,1.58392,1.12,3.00
2016.01.18 07:36:12.519,1.58371,1.58392,1.87,1.87
2016.01.18 07:36:12.900,1.58373,1.58396,1.37,1.00
2016.01.18 07:36:13.155,1.58372,1.58395,1.75,1.00
2016.01.18 07:36:13.360,1.58372,1.58393,1.75,1.37
2016.01.18 07:36:13.564,1.58368,1.58391,2.25,1.37
2016.01.18 07:36:14.100,1.58369,1.5839,1.00,1.00
2016.01.18 07:36:14.151,1.5837,1.58392,1.12,1.00
2016.01.18 07:36:14.203,1.58372,1.58394,1.00,1.37
2016.01.18 07:36:14.406,1.58373,1.58395,1.00,1.12
2016.01.18 07:36:14.508,1.58375,1.58395,1.00,1.12
2016.01.18 07:36:15.024,1.58376,1.58395,1.00,1.00
2016.01.18 07:36:15.528,1.58375,1.58395,1.00,1.00
2016.01.18 07:36:15.681,1.58375,1.58397,1.87,1.00
2016.01.18 07:36:15.732,1.58377,1.584,1.00,1.87
2016.01.18 07:36:16.037,1.58379,1.58401,1.00,1.50
2016.01.18 07:36:16.342,1.58381,1.58403,1.00,1.87
2016.01.18 07:36:16.455,1.58379,1.58401,1.00,1.12
2016.01.18 07:36:16.609,1.58382,1.58403,1.00,1.12
2016.01.18 07:36:16.913,1.5838,1.58403,1.00,1.12
2016.01.18 07:36:17.015,1.58382,1.58401,1.00,1.00
2016.01.18 07:36:18.236,1.58381,1.58403,1.00,1.12
2016.01.18 07:36:18.339,1.58378,1.58401,1.12,2.25
2016.01.18 07:36:18.441,1.58376,1.58399,1.87,1.12
2016.01.18 07:36:18.948,1.58377,1.584,1.00,1.50
2016.01.18 07:36:22.048,1.58377,1.58398,1.50,1.12
2016.01.18 07:36:22.252,1.58375,1.58397,1.50,1.87
2016.01.18 07:36:22.354,1.58375,1.58395,1.12,1.12
2016.01.18 07:36:22.860,1.58372,1.58394,1.75,1.87
2016.01.18 07:36:25.870,1.58372,1.58393,1.12,1.12
2016.01.18 07:36:25.972,1.58374,1.5839,1.00,1.00
2016.01.18 07:36:26.125,1.58365,1.58384,1.12,1.00
2016.01.18 07:36:26.176,1.58371,1.58384,1.12,1.00
2016.01.18 07:36:26.227,1.58371,1.58389,1.12,1.50
2016.01.18 07:36:26.279,1.58367,1.58381,1.00,1.12
2016.01.18 07:36:26.381,1.58366,1.58384,1.00,1.12
2016.01.18 07:36:26.432,1.58363,1.58384,1.50,1.12
2016.01.18 07:36:26.970,1.58363,1.58385,1.12,1.75
2016.01.18 07:36:28.005,1.58366,1.58386,1.00,1.87
2016.01.18 07:36:28.479,1.58366,1.58388,1.50,3.37
2016.01.18 07:36:28.682,1.58367,1.58388,1.87,1.12
2016.01.18 07:36:29.037,1.58371,1.5839,1.00,1.00
2016.01.18 07:36:29.089,1.58371,1.58386,1.00,1.00
2016.01.18 07:36:29.190,1.58371,1.58388,1.00,1.00
2016.01.18 07:36:29.634,1.58373,1.58392,1.00,1.00
2016.01.18 07:36:29.686,1.58375,1.58393,1.87,1.12
2016.01.18 07:36:29.992,1.58382,1.58399,1.37,1.00
2016.01.18 07:36:30.044,1.58382,1.58401,1.37,1.12
2016.01.18 07:36:30.096,1.58383,1.58401,1.12,1.00
2016.01.18 07:36:30.588,1.58387,1.58402,1.87,1.00
2016.01.18 07:36:30.894,1.5839,1.58402,1.12,1.00
2016.01.18 07:36:31.231,1.58391,1.58411,1.12,1.00
2016.01.18 07:36:31.590,1.58388,1.58408,1.12,1.00
2016.01.18 07:36:31.795,1.58396,1.58415,1.37,1.12
2016.01.18 07:36:32.000,1.58398,1.58416,1.12,1.00
2016.01.18 07:36:32.102,1.584,1.5842,1.37,1.12
2016.01.18 07:36:32.269,1.58399,1.5842,1.12,1.50
2016.01.18 07:36:32.326,1.58397,1.58418,1.37,2.62
2016.01.18 07:36:32.377,1.58396,1.58414,1.75,1.00
2016.01.18 07:36:32.530,1.5839,1.58408,1.00,1.50
2016.01.18 07:36:32.785,1.58385,1.58408,1.87,2.25
2016.01.18 07:36:32.836,1.58385,1.58407,1.50,1.12
2016.01.18 07:36:32.888,1.58387,1.58408,1.12,1.12
2016.01.18 07:36:33.237,1.58385,1.58404,1.12,1.00
2016.01.18 07:36:33.543,1.58381,1.58404,1.87,1.12
2016.01.18 07:36:33.696,1.58379,1.58401,1.50,1.12
2016.01.18 07:36:33.799,1.58376,1.58399,2.62,1.12
2016.01.18 07:36:34.145,1.58376,1.58397,1.12,1.12
2016.01.18 07:36:34.710,1.58374,1.58395,1.50,1.12
2016.01.18 07:36:35.892,1.58375,1.58396,1.50,1.12
2016.01.18 07:36:35.943,1.58376,1.58396,1.50,1.00
2016.01.18 07:36:35.994,1.58377,1.58399,1.75,1.50
2016.01.18 07:36:36.045,1.5838,1.58399,1.75,1.00
2016.01.18 07:36:36.097,1.58381,1.58403,1.87,1.75
2016.01.18 07:36:36.148,1.58383,1.58403,1.12,1.00
2016.01.18 07:36:36.747,1.58383,1.58404,1.12,1.12
2016.01.18 07:36:36.950,1.58387,1.58408,1.00,3.00
2016.01.18 07:36:37.205,1.58385,1.58407,1.87,1.87
2016.01.18 07:36:37.837,1.58383,1.58405,1.12,1.50
2016.01.18 07:36:38.245,1.58382,1.58405,1.87,1.87
2016.01.18 07:36:38.452,1.58382,1.58403,1.50,1.87
2016.01.18 07:36:38.757,1.58382,1.58398,1.00,1.12
2016.01.18 07:36:39.268,1.58376,1.58398,1.12,1.87
2016.01.18 07:36:39.421,1.58374,1.58397,1.12,1.12
2016.01.18 07:36:39.982,1.58375,1.58397,1.12,1.37
2016.01.18 07:36:40.264,1.58374,1.58392,1.37,1.00
2016.01.18 07:36:40.417,1.58372,1.58391,1.12,1.00
2016.01.18 07:36:40.519,1.5837,1.5839,1.00,1.00
2016.01.18 07:36:40.722,1.58366,1.58388,1.75,1.37
2016.01.18 07:36:40.928,1.58365,1.58385,1.00,1.00
2016.01.18 07:36:41.030,1.58362,1.58385,1.12,1.12
2016.01.18 07:36:41.977,1.58363,1.58384,1.12,1.37
2016.01.18 07:36:42.130,1.58364,1.58385,1.12,1.00
2016.01.18 07:36:42.536,1.58366,1.58386,1.12,1.00
2016.01.18 07:36:43.043,1.58364,1.58386,1.12,1.50
2016.01.18 07:36:43.458,1.58366,1.58386,1.12,1.00
2016.01.18 07:36:43.945,1.58368,1.58389,1.37,2.25
2016.01.18 07:36:44.453,1.58366,1.58389,1.12,2.62
2016.01.18 07:36:44.556,1.58369,1.58389,1.00,2.25
2016.01.18 07:36:44.760,1.58371,1.58389,1.12,1.12
2016.01.18 07:36:45.066,1.58385,1.58407,2.62,1.75
2016.01.18 07:36:45.370,1.58389,1.58411,1.12,1.37
2016.01.18 07:36:46.930,1.58392,1.5841,1.75,1.12
2016.01.18 07:36:47.049,1.58392,1.58414,1.75,1.12
2016.01.18 07:36:47.100,1.58394,1.58415,1.37,1.62
2016.01.18 07:36:47.152,1.58395,1.58415,1.12,1.25
2016.01.18 07:36:47.357,1.58392,1.58415,1.37,2.25
2016.01.18 07:36:47.662,1.58395,1.58415,1.12,1.00
2016.01.18 07:36:49.539,1.58397,1.58418,1.37,1.50
2016.01.18 07:36:49.692,1.58405,1.58426,1.12,3.82
2016.01.18 07:36:49.947,1.58406,1.58426,1.12,1.00
2016.01.18 07:36:50.251,1.58403,1.58426,1.12,1.87
2016.01.18 07:36:51.031,1.58402,1.58423,1.12,1.69
2016.01.18 07:36:51.082,1.58401,1.58421,1.12,1.00
2016.01.18 07:36:51.237,1.58397,1.5842,1.87,1.12
2016.01.18 07:36:51.289,1.58397,1.58418,1.50,1.12
2016.01.18 07:36:52.119,1.58398,1.58419,1.37,1.75
2016.01.18 07:36:52.170,1.58401,1.58419,1.00,1.00
2016.01.18 07:36:52.221,1.58401,1.58419,1.37,1.00
2016.01.18 07:36:52.771,1.58405,1.58419,1.00,1.00
2016.01.18 07:36:53.077,1.58402,1.58419,1.00,1.00
2016.01.18 07:36:53.586,1.58397,1.58419,1.87,1.75
2016.01.18 07:36:53.689,1.58398,1.58419,1.12,1.12
2016.01.18 07:36:53.783,1.58397,1.58419,1.50,1.87
2016.01.18 07:36:53.885,1.58397,1.58418,1.50,1.12
2016.01.18 07:36:54.190,1.58395,1.58415,1.75,1.50
2016.01.18 07:36:54.294,1.58395,1.58414,1.00,1.75
2016.01.18 07:36:54.498,1.5839,1.58412,1.37,1.37
2016.01.18 07:36:54.981,1.58389,1.58411,1.37,1.12
2016.01.18 07:36:55.488,1.58391,1.58411,1.00,1.00
2016.01.18 07:36:55.589,1.58391,1.58414,1.87,1.87
2016.01.18 07:36:55.935,1.58395,1.58417,1.50,1.87
2016.01.18 07:36:56.442,1.58394,1.58417,1.87,1.87
2016.01.18 07:36:57.092,1.58395,1.58417,1.87,1.50
2016.01.18 07:36:57.501,1.58399,1.58421,1.50,1.75
2016.01.18 07:36:57.604,1.58399,1.58421,1.12,1.37
2016.01.18 07:36:58.012,1.58399,1.58421,1.75,2.25
2016.01.18 07:36:58.142,1.58399,1.58421,1.87,1.87
2016.01.18 07:36:58.396,1.58399,1.58419,1.50,1.00
2016.01.18 07:36:58.448,1.58398,1.5842,1.37,2.62
2016.01.18 07:36:58.752,1.58399,1.5842,1.75,1.37
2016.01.18 07:36:58.803,1.584,1.58421,1.12,1.00
2016.01.18 07:36:59.916,1.58401,1.58422,1.12,1.37
2016.01.18 07:37:00.018,1.58403,1.58422,1.12,1.00
2016.01.18 07:37:00.323,1.58406,1.58422,1.12,1.00
2016.01.18 07:37:00.424,1.58406,1.58427,1.12,2.44
2016.01.18 07:37:00.574,1.58406,1.58427,1.12,3.56
2016.01.18 07:37:00.930,1.58404,1.58425,1.12,1.37
2016.01.18 07:37:01.461,1.58403,1.58425,1.12,1.87
2016.01.18 07:37:01.753,1.58401,1.58422,1.87,1.00
2016.01.18 07:37:02.262,1.58405,1.58424,1.00,1.12
2016.01.18 07:37:02.420,1.58405,1.58425,1.87,1.12
2016.01.18 07:37:02.902,1.58406,1.58426,1.12,2.25
2016.01.18 07:37:03.411,1.58402,1.58423,1.12,1.50
2016.01.18 07:37:03.816,1.58401,1.58421,1.00,1.00
2016.01.18 07:37:04.464,1.58399,1.58421,1.50,1.50
2016.01.18 07:37:04.566,1.58399,1.58419,1.37,1.37
2016.01.18 07:37:04.617,1.58398,1.58418,1.12,1.12
2016.01.18 07:37:05.470,1.58398,1.58419,1.50,1.12
2016.01.18 07:37:05.522,1.58398,1.58419,1.87,1.00
2016.01.18 07:37:05.934,1.58398,1.58419,1.50,1.37
2016.01.18 07:37:06.036,1.58396,1.58418,1.87,1.75
2016.01.18 07:37:06.646,1.58396,1.58416,1.50,1.50
2016.01.18 07:37:06.830,1.58396,1.58417,1.12,1.87
2016.01.18 07:37:09.380,1.58397,1.58417,1.00,1.12
2016.01.18 07:37:09.541,1.58399,1.5842,1.12,1.12
2016.01.18 07:37:09.644,1.58397,1.58417,2.62,1.12
2016.01.18 07:37:10.155,1.58397,1.58419,3.00,1.69
2016.01.18 07:37:10.257,1.584,1.58421,1.12,2.25
2016.01.18 07:37:10.561,1.58403,1.58422,1.12,1.00
2016.01.18 07:37:10.894,1.58398,1.58415,1.12,1.12
2016.01.18 07:37:11.148,1.58396,1.58414,1.12,1.87
2016.01.18 07:37:11.949,1.58396,1.58415,1.12,1.12
2016.01.18 07:37:13.248,1.58394,1.58414,1.37,1.37
2016.01.18 07:37:13.417,1.58392,1.58412,1.50,1.38
2016.01.18 07:37:13.519,1.58393,1.58413,1.87,1.00
2016.01.18 07:37:13.570,1.58396,1.58413,1.00,1.00
2016.01.18 07:37:13.673,1.58394,1.58413,1.00,1.50
2016.01.18 07:37:14.209,1.58394,1.58413,1.00,1.87
2016.01.18 07:37:14.568,1.58394,1.58409,1.00,1.00
2016.01.18 07:37:14.874,1.58394,1.58405,1.00,1.87
2016.01.18 07:37:15.212,1.58391,1.58399,1.00,1.50
2016.01.18 07:37:15.517,1.58389,1.58396,1.00,1.50
2016.01.18 07:37:15.670,1.58374,1.58394,1.50,1.50
2016.01.18 07:37:15.772,1.58375,1.58389,1.37,1.00
2016.01.18 07:37:15.874,1.58373,1.58389,1.12,1.00
2016.01.18 07:37:15.925,1.58371,1.58389,1.12,1.00
2016.01.18 07:37:16.067,1.5837,1.58389,1.12,1.00
2016.01.18 07:37:16.118,1.5837,1.58386,1.12,1.00
2016.01.18 07:37:16.424,1.58363,1.58378,1.12,1.00
2016.01.18 07:37:16.476,1.5836,1.58378,1.12,1.00
2016.01.18 07:37:16.578,1.58358,1.58375,1.87,1.00
2016.01.18 07:37:16.731,1.58357,1.58375,1.50,1.00
2016.01.18 07:37:16.873,1.58355,1.58375,1.50,1.50
2016.01.18 07:37:17.381,1.58357,1.58375,1.00,1.50
2016.01.18 07:37:17.935,1.58358,1.58375,1.00,1.12
2016.01.18 07:37:18.450,1.58357,1.58375,1.12,1.12
2016.01.18 07:37:19.415,1.58359,1.58377,1.00,1.13
2016.01.18 07:37:19.618,1.58357,1.58377,1.12,1.13
2016.01.18 07:37:19.720,1.58361,1.58377,1.00,1.13
2016.01.18 07:37:19.874,1.58361,1.58379,1.50,1.00
2016.01.18 07:37:19.976,1.58362,1.58381,1.12,1.69
2016.01.18 07:37:20.503,1.58363,1.58382,1.87,1.37
2016.01.18 07:37:21.011,1.58363,1.58382,1.87,1.00
2016.01.18 07:37:21.708,1.58364,1.58382,1.87,1.00
2016.01.18 07:37:21.760,1.58365,1.58384,1.12,1.12
2016.01.18 07:37:22.015,1.58365,1.58386,1.87,1.12
2016.01.18 07:37:23.336,1.58365,1.58379,1.12,1.00
2016.01.18 07:37:23.489,1.5836,1.58378,1.00,1.12
2016.01.18 07:37:23.612,1.58362,1.5838,1.00,1.12
2016.01.18 07:37:23.663,1.58362,1.58381,1.00,1.12
2016.01.18 07:37:23.714,1.58362,1.58384,1.50,1.12
2016.01.18 07:37:23.769,1.58363,1.58385,1.87,1.75
2016.01.18 07:37:23.821,1.58364,1.58385,1.12,1.87
2016.01.18 07:37:24.126,1.5837,1.58385,1.00,1.00
2016.01.18 07:37:24.491,1.58366,1.58385,1.87,1.00
2016.01.18 07:37:24.810,1.58364,1.58382,1.12,1.00
2016.01.18 07:37:24.862,1.58363,1.58382,2.62,1.00
2016.01.18 07:37:25.882,1.58365,1.58382,1.12,1.00
2016.01.18 07:37:26.086,1.58366,1.58382,1.00,1.00
2016.01.18 07:37:28.183,1.58366,1.58385,1.00,1.87
2016.01.18 07:37:28.525,1.5837,1.58386,1.00,1.12
2016.01.18 07:37:28.627,1.5837,1.58391,1.12,1.12
2016.01.18 07:37:28.678,1.5837,1.58393,1.75,1.12
2016.01.18 07:37:28.729,1.58375,1.58396,1.12,1.50
2016.01.18 07:37:28.781,1.58378,1.58398,1.12,1.12
2016.01.18 07:37:29.087,1.58387,1.58408,1.12,1.87
2016.01.18 07:37:34.219,1.58387,1.58404,1.12,1.00
2016.01.18 07:37:34.400,1.58383,1.58401,1.00,1.50
2016.01.18 07:37:34.917,1.58383,1.58401,1.12,1.50
2016.01.18 07:37:35.922,1.58382,1.584,1.12,1.00
2016.01.18 07:37:36.126,1.58379,1.58401,1.87,2.25
2016.01.18 07:37:38.635,1.58382,1.58403,1.37,1.37
2016.01.18 07:37:39.835,1.58381,1.58401,1.75,1.12
2016.01.18 07:37:40.140,1.5838,1.58395,1.12,1.00
2016.01.18 07:37:40.485,1.5838,1.58387,1.00,1.00
2016.01.18 07:37:40.791,1.58376,1.58381,1.00,1.00
2016.01.18 07:37:40.894,1.58362,1.58381,1.12,1.87
2016.01.18 07:37:41.046,1.58361,1.58381,1.12,2.62
2016.01.18 07:37:41.790,1.58361,1.58381,1.87,1.50
2016.01.18 07:37:41.943,1.58362,1.58384,1.12,2.06
2016.01.18 07:37:42.046,1.58366,1.58385,1.12,1.12
2016.01.18 07:37:42.148,1.58366,1.58387,1.87,1.25
2016.01.18 07:37:42.696,1.58368,1.5839,1.87,2.06
2016.01.18 07:37:43.104,1.58371,1.58392,1.50,1.87
2016.01.18 07:37:43.155,1.58371,1.58393,1.87,1.50
2016.01.18 07:37:43.390,1.58378,1.58395,1.00,1.00
2016.01.18 07:37:43.907,1.58376,1.58398,1.75,3.00
2016.01.18 07:37:47.847,1.58377,1.58399,1.12,1.12
2016.01.18 07:37:48.535,1.58378,1.58398,1.12,1.50
2016.01.18 07:37:49.040,1.58377,1.58397,1.12,1.12
2016.01.18 07:37:50.240,1.58379,1.58399,1.00,2.81
2016.01.18 07:37:50.342,1.58378,1.58398,1.37,1.62
2016.01.18 07:37:50.647,1.58381,1.58399,1.12,1.87
2016.01.18 07:37:51.256,1.58381,1.58401,1.12,1.81
2016.01.18 07:37:51.476,1.58385,1.58403,1.00,1.31
2016.01.18 07:37:52.001,1.58385,1.58403,1.00,1.87
2016.01.18 07:37:52.408,1.58385,1.58405,1.00,2.06
2016.01.18 07:37:52.739,1.58385,1.58405,1.12,1.69
2016.01.18 07:37:54.617,1.58385,1.58404,1.12,1.00
2016.01.18 07:37:54.921,1.58382,1.58401,1.12,1.12
2016.01.18 07:37:55.662,1.58382,1.58398,1.12,1.00
2016.01.18 07:37:56.172,1.58381,1.584,1.12,1.12
2016.01.18 07:37:56.654,1.58381,1.58401,1.12,1.69
2016.01.18 07:37:58.512,1.58384,1.58401,1.00,1.25
2016.01.18 07:37:59.172,1.58383,1.58402,1.50,1.12
2016.01.18 07:37:59.477,1.58382,1.58398,1.50,1.00
2016.01.18 07:37:59.748,1.5838,1.584,1.87,1.75
2016.01.18 07:38:00.495,1.58383,1.584,1.00,1.87
2016.01.18 07:38:00.648,1.58383,1.584,1.12,1.00
2016.01.18 07:38:01.285,1.58383,1.584,1.00,1.75
2016.01.18 07:38:02.200,1.58383,1.58397,1.00,1.37
2016.01.18 07:38:02.557,1.58376,1.58395,1.00,1.00
2016.01.18 07:38:03.065,1.58377,1.58396,1.00,1.69
2016.01.18 07:38:03.622,1.58376,1.58396,1.00,1.12
2016.01.18 07:38:04.425,1.58377,1.58396,1.00,1.12
2016.01.18 07:38:04.831,1.58383,1.58396,1.00,1.00
2016.01.18 07:38:04.883,1.58383,1.58399,1.00,1.37
2016.01.18 07:38:04.985,1.58383,1.58401,1.00,1.37
2016.01.18 07:38:05.088,1.58389,1.58402,1.00,1.87
2016.01.18 07:38:05.393,1.58391,1.58403,1.00,1.37
2016.01.18 07:38:05.749,1.58393,1.58402,1.00,1.37
2016.01.18 07:38:05.902,1.58393,1.5841,1.00,1.37
2016.01.18 07:38:06.452,1.58391,1.58412,1.50,1.87
2016.01.18 07:38:06.553,1.58391,1.58413,1.87,1.75
2016.01.18 07:38:06.859,1.58411,1.58432,1.50,2.62
2016.01.18 07:38:07.076,1.58411,1.58432,1.12,1.50
2016.01.18 07:38:07.483,1.58414,1.58433,1.12,1.00
2016.01.18 07:38:08.194,1.58414,1.58432,1.12,1.00
2016.01.18 07:38:08.247,1.58411,1.58432,1.12,1.12
2016.01.18 07:38:08.308,1.5841,1.5843,1.00,1.12
2016.01.18 07:38:08.815,1.5841,1.58431,1.50,1.87
2016.01.18 07:38:09.300,1.58409,1.5843,1.25,1.12
2016.01.18 07:38:10.762,1.5841,1.58432,1.12,1.12
2016.01.18 07:38:11.101,1.58411,1.58432,1.12,1.12
2016.01.18 07:38:11.203,1.58409,1.58432,1.12,1.12
2016.01.18 07:38:14.235,1.5841,1.58432,2.19,1.12
2016.01.18 07:38:14.287,1.58413,1.58433,1.00,1.00
2016.01.18 07:38:14.971,1.58412,1.58433,1.25,1.12
2016.01.18 07:38:15.980,1.58414,1.58435,1.12,1.12
2016.01.18 07:38:16.670,1.58412,1.58435,1.12,2.25
2016.01.18 07:38:16.975,1.58409,1.5843,1.50,1.87
2016.01.18 07:38:17.179,1.58406,1.58426,1.50,1.00
2016.01.18 07:38:17.282,1.58404,1.58424,1.00,1.00
2016.01.18 07:38:17.588,1.58395,1.58418,1.12,1.12
2016.01.18 07:38:18.076,1.58394,1.58415,1.12,1.12
2016.01.18 07:38:18.178,1.58394,1.58417,1.87,1.12
2016.01.18 07:38:19.483,1.58394,1.58416,2.06,1.12
2016.01.18 07:38:19.989,1.58397,1.58417,1.00,1.00
2016.01.18 07:38:20.091,1.584,1.5842,1.00,1.50
2016.01.18 07:38:20.395,1.58397,1.58419,1.31,1.12
2016.01.18 07:38:20.702,1.58398,1.58421,1.12,1.12
2016.01.18 07:38:21.007,1.58401,1.58423,1.12,1.12
2016.01.18 07:38:21.514,1.58404,1.58421,1.00,1.00
2016.01.18 07:38:21.869,1.58402,1.58421,1.00,1.00
2016.01.18 07:38:22.418,1.58402,1.58423,1.50,1.12
2016.01.18 07:38:22.926,1.58405,1.58423,1.00,1.12
2016.01.18 07:38:23.027,1.58405,1.58423,1.00,1.00
2016.01.18 07:38:23.129,1.58403,1.58422,1.00,1.12
2016.01.18 07:38:23.231,1.58402,1.58425,1.12,1.75
2016.01.18 07:38:23.333,1.58401,1.58421,1.50,1.00
2016.01.18 07:38:23.485,1.58401,1.58423,1.87,1.12
2016.01.18 07:38:24.026,1.58402,1.58423,1.50,1.12
2016.01.18 07:38:24.331,1.58403,1.58425,1.87,1.12
2016.01.18 07:38:24.686,1.58403,1.58424,1.50,1.75
2016.01.18 07:38:24.838,1.58403,1.58425,1.87,1.75
2016.01.18 07:38:25.527,1.58403,1.58423,1.12,1.12
2016.01.18 07:38:26.035,1.58403,1.58424,1.50,1.12
2016.01.18 07:38:26.548,1.58405,1.58424,1.00,1.12
2016.01.18 07:38:27.021,1.58402,1.58422,1.00,1.00
2016.01.18 07:38:27.123,1.58399,1.58421,1.75,1.12
2016.01.18 07:38:27.224,1.58399,1.58418,1.00,1.00
2016.01.18 07:38:27.326,1.58399,1.5842,1.87,1.37
2016.01.18 07:38:27.676,1.58398,1.58418,1.12,1.12
2016.01.18 07:38:27.982,1.58404,1.58425,1.12,1.12
2016.01.18 07:38:28.337,1.58401,1.58421,1.12,1.00
2016.01.18 07:38:28.683,1.58395,1.58414,1.00,1.12
2016.01.18 07:38:29.193,1.58392,1.58414,1.75,1.12
2016.01.18 07:38:29.599,1.58394,1.58415,1.50,1.37
2016.01.18 07:38:29.695,1.58394,1.58417,1.87,1.75
2016.01.18 07:38:29.798,1.58397,1.58417,1.37,1.00
2016.01.18 07:38:29.951,1.58394,1.58417,2.62,1.75
2016.01.18 07:38:30.409,1.58395,1.58417,1.37,1.75
2016.01.18 07:38:30.461,1.58394,1.58416,2.25,1.12
2016.01.18 07:38:33.315,1.58392,1.58414,1.87,1.12
2016.01.18 07:38:33.869,1.58392,1.58413,1.50,1.12
2016.01.18 07:38:35.030,1.58392,1.5841,1.50,1.12
2016.01.18 07:38:35.234,1.5839,1.5841,1.12,1.12
2016.01.18 07:38:35.753,1.58389,1.58409,1.00,1.12
2016.01.18 07:38:35.905,1.58388,1.58408,1.00,1.12
2016.01.18 07:38:36.312,1.58389,1.58408,1.37,1.37
2016.01.18 07:38:36.363,1.58389,1.5841,1.50,1.12
2016.01.18 07:38:40.321,1.58388,1.58409,1.87,1.12
2016.01.18 07:38:40.525,1.58389,1.58409,1.12,1.12
2016.01.18 07:38:40.677,1.58388,1.58409,1.75,1.50
2016.01.18 07:38:41.340,1.58387,1.58408,2.62,1.12
2016.01.18 07:38:42.532,1.58387,1.58409,2.25,2.44
2016.01.18 07:38:42.665,1.58389,1.58409,1.12,1.31
2016.01.18 07:38:42.972,1.58391,1.58412,1.87,1.37
2016.01.18 07:38:43.023,1.58392,1.58413,1.37,2.06
2016.01.18 07:38:43.278,1.58398,1.58418,1.12,1.31
2016.01.18 07:38:43.431,1.58399,1.58418,1.50,1.12
2016.01.18 07:38:43.975,1.58399,1.58419,1.50,1.81
2016.01.18 07:38:44.077,1.58399,1.58418,1.50,1.12
2016.01.18 07:38:44.179,1.58401,1.58419,1.00,1.12
2016.01.18 07:38:44.382,1.58401,1.58418,1.00,1.12
2016.01.18 07:38:44.484,1.58401,1.5842,1.00,1.12
2016.01.18 07:38:45.020,1.58401,1.58419,1.00,1.12
2016.01.18 07:38:45.071,1.58401,1.58421,1.00,2.62
2016.01.18 07:38:45.225,1.58401,1.5842,1.37,1.12
2016.01.18 07:38:45.734,1.58401,1.5842,1.12,1.12
2016.01.18 07:38:46.039,1.58401,1.58422,1.12,2.62
2016.01.18 07:38:46.608,1.58401,1.58421,1.12,1.81
2016.01.18 07:38:47.594,1.58401,1.5842,1.12,1.12
2016.01.18 07:38:48.129,1.58401,1.58418,2.62,1.12
2016.01.18 07:38:49.433,1.58401,1.58419,1.12,1.12
2016.01.18 07:38:49.955,1.58401,1.58418,1.12,1.12
2016.01.18 07:38:51.083,1.58401,1.58417,1.12,1.12
2016.01.18 07:38:51.591,1.58401,1.58418,1.12,1.12
2016.01.18 07:38:51.642,1.58401,1.58419,1.12,1.12
2016.01.18 07:38:51.744,1.58401,1.58418,1.12,1.12
2016.01.18 07:38:51.998,1.58401,1.5842,2.62,1.12
2016.01.18 07:38:52.100,1.58401,1.58418,2.62,1.12
2016.01.18 07:38:52.202,1.58401,1.5842,2.62,1.12
2016.01.18 07:38:52.771,1.58401,1.58418,2.62,1.12
2016.01.18 07:38:53.538,1.58401,1.5842,1.87,1.12
2016.01.18 07:38:53.740,1.58401,1.58418,1.12,1.12
2016.01.18 07:38:53.843,1.584,1.58417,1.50,1.12
2016.01.18 07:38:54.200,1.58397,1.58416,1.50,1.25
2016.01.18 07:38:56.472,1.58397,1.58416,1.37,1.69
2016.01.18 07:38:56.574,1.58396,1.58416,1.12,1.62
2016.01.18 07:38:56.625,1.58396,1.58413,1.12,1.12
2016.01.18 07:38:56.930,1.58391,1.5841,1.87,1.12
2016.01.18 07:38:57.457,1.58389,1.58409,1.12,2.25
2016.01.18 07:38:57.509,1.58387,1.58409,1.87,2.62
2016.01.18 07:38:57.663,1.58386,1.58408,1.87,1.50
2016.01.18 07:38:57.975,1.58386,1.58406,1.12,1.12
2016.01.18 07:38:58.077,1.58386,1.58404,1.00,1.12
2016.01.18 07:38:58.229,1.58383,1.58404,1.50,1.12
2016.01.18 07:38:58.457,1.58384,1.58405,1.37,1.12
2016.01.18 07:38:58.866,1.58387,1.58405,1.12,1.00
2016.01.18 07:38:58.969,1.58389,1.58406,1.00,2.25
2016.01.18 07:39:00.242,1.58387,1.58406,1.12,2.25
2016.01.18 07:39:01.899,1.58389,1.58405,1.00,1.25
2016.01.18 07:39:02.406,1.58389,1.58405,1.00,1.62
2016.01.18 07:39:02.942,1.58389,1.58405,1.00,1.25
2016.01.18 07:39:03.301,1.58392,1.58406,1.00,1.81
2016.01.18 07:39:04.062,1.5839,1.58406,1.00,1.81
2016.01.18 07:39:04.164,1.58392,1.58406,1.00,1.81
2016.01.18 07:39:05.061,1.58392,1.58406,1.00,1.50
2016.01.18 07:39:05.946,1.58389,1.58405,1.00,1.12
2016.01.18 07:39:06.053,1.58392,1.58405,1.00,1.12
2016.01.18 07:39:06.155,1.5839,1.58405,1.00,1.12
2016.01.18 07:39:06.667,1.58391,1.58405,1.00,1.12
2016.01.18 07:39:07.174,1.58392,1.5841,1.12,1.50
2016.01.18 07:39:07.362,1.58392,1.58411,1.12,1.50
2016.01.18 07:39:07.413,1.58392,1.58411,1.75,1.12
2016.01.18 07:39:07.567,1.58395,1.58413,1.00,1.25
2016.01.18 07:39:07.619,1.58393,1.5841,1.12,1.12
2016.01.18 07:39:07.925,1.58395,1.58413,1.00,1.62
2016.01.18 07:39:08.027,1.58397,1.58413,1.00,1.62
2016.01.18 07:39:08.379,1.58397,1.5841,1.00,1.12
2016.01.18 07:39:08.883,1.58397,1.58411,1.00,1.12
2016.01.18 07:39:10.442,1.58397,1.5841,1.00,1.12
2016.01.18 07:39:10.899,1.58395,1.58409,1.12,1.12
2016.01.18 07:39:11.992,1.58391,1.58409,2.25,1.50
2016.01.18 07:39:12.145,1.5839,1.58406,1.00,1.50
2016.01.18 07:39:12.299,1.58386,1.58404,1.37,2.62
2016.01.18 07:39:12.409,1.58384,1.58402,1.37,1.50
2016.01.18 07:39:12.460,1.58384,1.584,1.00,1.50
2016.01.18 07:39:12.766,1.58384,1.58393,1.00,1.50
2016.01.18 07:39:13.274,1.58375,1.58393,1.50,1.50
2016.01.18 07:39:15.993,1.58375,1.58393,1.50,1.87
2016.01.18 07:39:16.095,1.58375,1.58393,1.37,1.50
2016.01.18 07:39:16.399,1.58378,1.58395,1.37,1.50
2016.01.18 07:39:17.314,1.58379,1.58397,1.12,1.87
2016.01.18 07:39:17.467,1.58381,1.58397,1.00,1.87
2016.01.18 07:39:17.670,1.58381,1.58397,1.00,1.00
2016.01.18 07:39:18.208,1.58381,1.58396,1.00,1.00
2016.01.18 07:39:18.921,1.58382,1.58396,1.12,1.00
2016.01.18 07:39:20.281,1.58382,1.58398,1.12,1.12
2016.01.18 07:39:20.535,1.58382,1.58398,1.50,1.12
2016.01.18 07:39:20.921,1.58383,1.58399,1.37,1.12
2016.01.18 07:39:21.531,1.58385,1.58399,1.12,1.25
2016.01.18 07:39:21.837,1.58382,1.584,1.50,1.69
2016.01.18 07:39:21.939,1.58385,1.58398,1.00,1.12
2016.01.18 07:39:22.382,1.58382,1.58398,1.50,1.12
2016.01.18 07:39:22.941,1.58382,1.58398,1.12,1.12
2016.01.18 07:39:22.992,1.58382,1.58392,1.00,1.12
2016.01.18 07:39:23.172,1.58369,1.58384,1.12,1.12
2016.01.18 07:39:23.223,1.58366,1.58381,1.12,1.12
2016.01.18 07:39:23.275,1.58364,1.58381,1.12,1.12
2016.01.18 07:39:23.326,1.58363,1.58378,1.87,1.12
2016.01.18 07:39:23.377,1.58363,1.58378,1.50,1.12
2016.01.18 07:39:23.885,1.5836,1.58378,1.75,1.12
2016.01.18 07:39:24.088,1.5836,1.58377,1.75,1.37
2016.01.18 07:39:24.240,1.5836,1.58375,1.00,1.25
2016.01.18 07:39:24.754,1.58361,1.58376,1.00,1.62
2016.01.18 07:39:25.211,1.58365,1.58377,1.00,1.81
2016.01.18 07:39:25.415,1.58371,1.58389,1.87,1.12
2016.01.18 07:39:25.466,1.58374,1.58391,1.00,1.12
2016.01.18 07:39:25.560,1.58377,1.58391,1.00,1.12
2016.01.18 07:39:25.612,1.58377,1.58394,1.00,1.00
2016.01.18 07:39:25.816,1.58377,1.58395,1.37,1.01
2016.01.18 07:39:26.323,1.58377,1.58398,1.75,2.25
2016.01.18 07:39:26.738,1.58381,1.58399,1.37,2.62
2016.01.18 07:39:27.286,1.58383,1.58399,1.00,2.32
2016.01.18 07:39:27.600,1.58383,1.584,1.00,1.00
2016.01.18 07:39:27.652,1.58385,1.58402,1.00,1.87
2016.01.18 07:39:27.703,1.58385,1.58403,1.00,1.01
2016.01.18 07:39:27.799,1.58385,1.58404,1.50,1.50
2016.01.18 07:39:28.105,1.58392,1.58406,1.00,1.01
2016.01.18 07:39:28.628,1.5839,1.58406,1.12,1.01
2016.01.18 07:39:28.792,1.58392,1.58408,1.00,1.20
2016.01.18 07:39:28.843,1.58396,1.58411,1.00,1.00
2016.01.18 07:39:28.895,1.58394,1.58412,1.00,1.37
2016.01.18 07:39:28.947,1.58397,1.58412,1.37,1.00
2016.01.18 07:39:28.998,1.58397,1.58417,1.37,1.87
2016.01.18 07:39:29.455,1.58399,1.58416,1.50,1.12
2016.01.18 07:39:29.994,1.58403,1.58416,1.00,1.12
2016.01.18 07:39:30.534,1.58403,1.58418,1.00,1.37
2016.01.18 07:39:30.585,1.58401,1.58419,1.00,1.50
2016.01.18 07:39:30.776,1.58401,1.58419,1.87,1.37
2016.01.18 07:39:30.827,1.58403,1.58423,1.50,1.87
2016.01.18 07:39:31.082,1.58405,1.58423,1.00,1.75
2016.01.18 07:39:31.388,1.58399,1.58415,1.12,1.00
2016.01.18 07:39:31.491,1.58397,1.58415,1.00,1.87
2016.01.18 07:39:31.834,1.58402,1.58416,1.00,1.12
2016.01.18 07:39:31.937,1.58403,1.58422,1.00,1.87
2016.01.18 07:39:32.141,1.58405,1.58422,1.00,1.12
2016.01.18 07:39:32.193,1.58405,1.58423,1.00,1.50
2016.01.18 07:39:32.245,1.58403,1.58423,1.12,1.50
2016.01.18 07:39:32.296,1.58403,1.58421,1.12,1.37
2016.01.18 07:39:32.449,1.58403,1.58421,1.12,1.00
2016.01.18 07:39:32.501,1.58403,1.58421,1.12,1.50
2016.01.18 07:39:32.890,1.58405,1.58421,1.00,1.75
2016.01.18 07:39:33.043,1.58402,1.58421,1.12,1.75
2016.01.18 07:39:33.348,1.58405,1.58421,1.00,1.75
2016.01.18 07:39:35.057,1.58404,1.58421,1.12,1.37
2016.01.18 07:39:36.064,1.58403,1.58421,1.87,1.37
2016.01.18 07:39:37.673,1.58402,1.58421,1.87,2.25
2016.01.18 07:39:37.724,1.58401,1.5842,1.50,1.87
2016.01.18 07:39:37.927,1.58401,1.58417,1.12,1.37
2016.01.18 07:39:38.337,1.58397,1.58417,1.50,2.25
2016.01.18 07:39:38.388,1.584,1.58417,1.00,2.25
2016.01.18 07:39:38.694,1.58403,1.58419,1.00,1.75
2016.01.18 07:39:38.796,1.58403,1.58421,1.12,1.87
2016.01.18 07:39:39.000,1.58406,1.58421,1.00,2.25
2016.01.18 07:39:40.726,1.58406,1.5842,1.00,1.25
2016.01.18 07:39:41.032,1.58401,1.58421,1.12,3.00
2016.01.18 07:39:41.337,1.58408,1.58422,1.50,1.37
2016.01.18 07:39:41.543,1.58412,1.58432,1.87,1.37
2016.01.18 07:39:41.595,1.58414,1.58432,1.37,1.37
2016.01.18 07:39:41.723,1.58412,1.58432,1.87,1.37
2016.01.18 07:39:41.774,1.58413,1.58432,1.00,1.75
2016.01.18 07:39:42.180,1.5841,1.58429,1.37,1.37
2016.01.18 07:39:42.231,1.58408,1.58429,1.87,2.62
2016.01.18 07:39:42.750,1.58406,1.58427,1.12,1.16
2016.01.18 07:39:43.003,1.58406,1.58428,1.75,1.91
2016.01.18 07:39:43.258,1.58406,1.58427,1.12,1.50
2016.01.18 07:39:43.315,1.58406,1.58427,1.12,1.75
2016.01.18 07:39:44.165,1.58406,1.58427,1.75,1.69
2016.01.18 07:39:44.470,1.58405,1.58427,1.50,2.06
2016.01.18 07:39:46.517,1.58405,1.58425,1.12,1.12
2016.01.18 07:39:46.823,1.58401,1.58423,1.87,1.12
2016.01.18 07:39:47.127,1.58399,1.58418,1.50,1.00
2016.01.18 07:39:47.434,1.58397,1.58418,1.50,1.12
2016.01.18 07:39:48.183,1.58397,1.58418,1.37,1.37
2016.01.18 07:39:48.336,1.58397,1.58417,1.00,1.00
2016.01.18 07:39:48.897,1.58397,1.58418,1.37,1.37
2016.01.18 07:39:49.052,1.58401,1.58421,1.00,1.00
2016.01.18 07:39:49.103,1.58401,1.58421,1.37,1.00
2016.01.18 07:39:49.436,1.58414,1.58423,1.37,1.00
2016.01.18 07:39:49.589,1.58418,1.58438,1.00,1.87
2016.01.18 07:39:49.691,1.58417,1.58438,1.12,1.37
2016.01.18 07:39:50.201,1.58418,1.58438,1.12,1.31
2016.01.18 07:39:50.455,1.58417,1.58438,1.50,2.00
2016.01.18 07:39:52.721,1.58418,1.58438,1.37,1.62
2016.01.18 07:39:53.271,1.58418,1.58438,1.50,1.25
2016.01.18 07:39:54.128,1.58419,1.5844,1.50,2.19
2016.01.18 07:39:54.454,1.58419,1.58437,1.12,1.81
2016.01.18 07:39:54.841,1.58419,1.58433,1.00,1.12
2016.01.18 07:39:54.893,1.58419,1.58435,1.00,2.19
2016.01.18 07:39:55.047,1.58419,1.58436,1.00,1.12
2016.01.18 07:39:55.150,1.58419,1.58437,1.50,1.56
2016.01.18 07:39:55.659,1.58421,1.58438,1.00,1.12
2016.01.18 07:39:55.909,1.58418,1.58437,1.50,1.25
2016.01.18 07:39:56.112,1.58417,1.58437,1.87,1.81
2016.01.18 07:39:56.570,1.58417,1.58438,1.12,1.12
2016.01.18 07:39:57.591,1.58418,1.58436,1.00,1.62
2016.01.18 07:39:57.647,1.58418,1.58439,1.87,1.37
2016.01.18 07:39:57.749,1.58419,1.58439,1.87,1.00
2016.01.18 07:39:57.851,1.58419,1.58439,1.12,1.87
2016.01.18 07:39:58.105,1.58416,1.58435,1.87,1.00
2016.01.18 07:39:58.156,1.58417,1.58435,1.00,1.50
2016.01.18 07:39:58.430,1.58414,1.58435,2.25,2.19
2016.01.18 07:39:58.943,1.58415,1.58435,1.00,1.12
2016.01.18 07:39:59.450,1.58412,1.58434,2.62,1.54
2016.01.18 07:39:59.991,1.58415,1.58435,1.00,1.92
2016.01.18 07:40:00.042,1.58415,1.58436,1.12,1.81
2016.01.18 07:40:00.448,1.58415,1.58434,1.00,1.37
2016.01.18 07:40:00.550,1.58411,1.58431,1.50,1.81
2016.01.18 07:40:00.702,1.58409,1.58428,1.12,1.06
2016.01.18 07:40:00.753,1.58407,1.58428,1.87,1.44
2016.01.18 07:40:01.267,1.58406,1.58428,1.75,2.19
2016.01.18 07:40:01.727,1.58405,1.58422,1.12,1.25
2016.01.18 07:40:01.778,1.58404,1.58422,1.12,1.25
2016.01.18 07:40:01.880,1.58401,1.58421,1.87,1.17
2016.01.18 07:40:01.982,1.58401,1.58421,1.00,1.63
2016.01.18 07:40:02.448,1.58401,1.58418,1.12,1.37
2016.01.18 07:40:02.499,1.58397,1.58418,1.87,1.50
2016.01.18 07:40:02.652,1.58395,1.58416,1.75,1.37
2016.01.18 07:40:03.161,1.58396,1.58416,1.12,1.00
2016.01.18 07:40:04.222,1.58396,1.58418,1.12,2.25
2016.01.18 07:40:05.055,1.58396,1.58415,1.12,1.00
2016.01.18 07:40:06.638,1.58396,1.58417,1.12,1.44
2016.01.18 07:40:06.791,1.58396,1.58415,1.12,1.06
2016.01.18 07:40:07.298,1.58396,1.58416,1.12,1.06
2016.01.18 07:40:08.309,1.58396,1.58415,1.12,1.06
2016.01.18 07:40:08.411,1.58395,1.58415,1.00,1.81
2016.01.18 07:40:09.743,1.58395,1.58414,1.00,1.06
2016.01.18 07:40:10.266,1.58395,1.58415,1.00,1.81
2016.01.18 07:40:11.479,1.58395,1.58414,1.00,1.06
2016.01.18 07:40:11.582,1.58395,1.58411,1.00,1.06
2016.01.18 07:40:12.090,1.58392,1.5841,1.12,1.06
2016.01.18 07:40:12.598,1.58392,1.5841,1.12,1.06
2016.01.18 07:40:13.141,1.58392,1.5841,1.12,1.12
2016.01.18 07:40:13.193,1.5839,1.5841,1.12,1.81
2016.01.18 07:40:13.598,1.58392,1.5841,1.12,1.12
2016.01.18 07:40:13.701,1.58391,1.5841,1.00,1.12
2016.01.18 07:40:14.159,1.58391,1.58409,1.00,1.12
2016.01.18 07:40:14.669,1.58388,1.58402,1.12,1.12
2016.01.18 07:40:14.720,1.58386,1.58402,1.12,1.12
2016.01.18 07:40:14.822,1.58385,1.58402,1.12,1.12
2016.01.18 07:40:15.364,1.58384,1.58402,1.12,1.12
2016.01.18 07:40:15.972,1.58383,1.58401,1.37,1.69
2016.01.18 07:40:16.024,1.58381,1.58398,1.12,1.12
2016.01.18 07:40:16.563,1.58379,1.58398,1.12,1.12
2016.01.18 07:40:17.514,1.58379,1.58398,1.12,1.12
2016.01.18 07:40:17.616,1.58378,1.58399,1.87,1.81
2016.01.18 07:40:18.185,1.58378,1.58399,1.87,1.12
2016.01.18 07:40:18.693,1.58381,1.58399,1.50,1.12
2016.01.18 07:40:19.196,1.58383,1.58402,1.00,1.12
2016.01.18 07:40:20.011,1.58383,1.58401,1.00,1.12
2016.01.18 07:40:20.200,1.58381,1.58401,1.12,1.12
2016.01.18 07:40:20.713,1.58381,1.58403,1.87,1.12
2016.01.18 07:40:21.018,1.58385,1.58403,1.12,1.12
2016.01.18 07:40:21.273,1.58386,1.58406,1.50,2.62
2016.01.18 07:40:21.499,1.58385,1.58403,1.12,1.12
2016.01.18 07:40:21.601,1.58385,1.58405,1.12,1.81
2016.01.18 07:40:21.754,1.58385,1.58403,1.12,1.12
2016.01.18 07:40:22.119,1.58384,1.58403,1.87,1.25
2016.01.18 07:40:22.630,1.58385,1.58405,1.12,1.25
2016.01.18 07:40:24.130,1.58385,1.58404,1.12,1.12
2016.01.18 07:40:24.473,1.58389,1.58408,1.87,1.87
2016.01.18 07:40:24.830,1.58394,1.58413,1.37,1.81
2016.01.18 07:40:25.034,1.58394,1.58415,1.87,2.25
2016.01.18 07:40:27.258,1.58394,1.58413,1.37,1.12
2016.01.18 07:40:27.462,1.58394,1.58412,1.37,1.12
2016.01.18 07:40:27.513,1.58392,1.58412,1.12,1.81
2016.01.18 07:40:28.066,1.58392,1.58413,1.12,1.87
2016.01.18 07:40:28.595,1.58393,1.58413,1.12,1.50
2016.01.18 07:40:28.849,1.58393,1.58413,1.00,1.87
2016.01.18 07:40:29.630,1.5839,1.58413,1.12,2.25
2016.01.18 07:40:29.935,1.58387,1.58405,1.12,1.12
2016.01.18 07:40:30.341,1.58388,1.58409,1.50,2.62
2016.01.18 07:40:30.545,1.58389,1.5841,1.12,1.50
2016.01.18 07:40:33.555,1.58391,1.5841,1.12,1.12
2016.01.18 07:40:33.657,1.5839,1.58409,1.50,1.50
2016.01.18 07:40:33.872,1.58392,1.58411,1.87,1.12
2016.01.18 07:40:33.924,1.58394,1.58414,1.37,2.25
2016.01.18 07:40:33.976,1.58394,1.58414,1.87,1.50
2016.01.18 07:40:34.027,1.58396,1.58414,1.37,1.50
2016.01.18 07:40:34.180,1.58399,1.58416,1.12,1.12
2016.01.18 07:40:34.231,1.58402,1.58416,1.12,1.12
2016.01.18 07:40:34.282,1.58402,1.58418,1.12,1.87
2016.01.18 07:40:34.334,1.58403,1.58418,1.12,1.87
2016.01.18 07:40:34.842,1.58405,1.58421,1.50,1.12
2016.01.18 07:40:35.006,1.58403,1.58418,1.12,1.12
2016.01.18 07:40:35.057,1.58402,1.58418,1.12,1.12
2016.01.18 07:40:35.260,1.58403,1.58421,1.12,1.12
2016.01.18 07:40:35.362,1.58409,1.58422,1.00,1.25
2016.01.18 07:40:35.464,1.58411,1.58427,1.12,1.12
2016.01.18 07:40:35.515,1.58414,1.58427,1.00,1.12
2016.01.18 07:40:35.617,1.58415,1.5843,1.87,1.12
2016.01.18 07:40:35.719,1.58418,1.58433,1.00,1.12
2016.01.18 07:40:35.821,1.58418,1.58431,1.50,1.12
2016.01.18 07:40:36.247,1.58418,1.58433,1.37,1.12
2016.01.18 07:40:36.451,1.5842,1.58433,1.75,1.12
2016.01.18 07:40:36.604,1.5842,1.58436,1.75,1.12
2016.01.18 07:40:36.655,1.58421,1.58436,2.25,1.12
2016.01.18 07:40:36.909,1.58421,1.58438,1.87,1.12
2016.01.18 07:40:37.263,1.58424,1.58438,1.87,1.12
2016.01.18 07:40:37.779,1.58424,1.58439,1.87,1.12
2016.01.18 07:40:37.881,1.58424,1.58443,1.87,1.31
2016.01.18 07:40:38.135,1.58428,1.58446,1.50,1.87
2016.01.18 07:40:38.365,1.58429,1.58446,1.12,1.12
2016.01.18 07:40:38.682,1.58429,1.58449,1.12,1.57
2016.01.18 07:40:39.189,1.5843,1.5845,1.12,1.75
2016.01.18 07:40:39.871,1.5843,1.58452,2.25,1.87
2016.01.18 07:40:40.176,1.58431,1.58448,1.75,1.00
2016.01.18 07:40:40.328,1.58431,1.58452,1.12,2.25
2016.01.18 07:40:40.379,1.5843,1.58448,1.00,1.12
2016.01.18 07:40:40.481,1.58431,1.58451,1.12,1.12
2016.01.18 07:40:40.884,1.58427,1.58448,1.12,1.12
2016.01.18 07:40:41.192,1.58428,1.5845,1.12,1.75
2016.01.18 07:40:41.958,1.58425,1.58447,1.87,1.12
2016.01.18 07:40:42.978,1.58427,1.58448,1.12,2.25
2016.01.18 07:40:43.325,1.58429,1.58452,1.75,2.62
2016.01.18 07:40:43.376,1.58433,1.58452,1.37,1.50
2016.01.18 07:40:43.732,1.58433,1.58455,1.12,2.25
2016.01.18 07:40:44.611,1.58435,1.58456,1.12,1.50
2016.01.18 07:40:45.120,1.58436,1.58456,1.12,1.12
2016.01.18 07:40:51.394,1.58438,1.58459,1.75,2.56
2016.01.18 07:40:51.648,1.5844,1.58461,1.87,1.12
2016.01.18 07:40:51.801,1.58445,1.58465,1.37,2.19
2016.01.18 07:40:52.307,1.58446,1.58466,1.12,1.06
2016.01.18 07:40:52.613,1.58447,1.58467,1.12,1.06
2016.01.18 07:40:53.121,1.58447,1.58468,1.12,1.81
2016.01.18 07:40:53.612,1.58446,1.58468,1.87,2.19
2016.01.18 07:40:54.169,1.58451,1.5847,1.00,1.81
2016.01.18 07:40:54.424,1.58457,1.58478,1.75,1.54
2016.01.18 07:40:54.555,1.58458,1.58479,1.12,1.87
2016.01.18 07:40:55.063,1.5846,1.5848,1.12,2.62
2016.01.18 07:40:55.571,1.58458,1.5848,1.12,2.62
2016.01.18 07:40:56.685,1.5846,1.5848,1.12,2.62
2016.01.18 07:40:57.224,1.58459,1.58478,1.50,1.00
2016.01.18 07:40:57.986,1.58459,1.58477,1.50,1.00
2016.01.18 07:40:58.527,1.58459,1.58478,1.50,1.50
2016.01.18 07:40:59.033,1.58459,1.58477,1.12,1.00
2016.01.18 07:40:59.535,1.58459,1.58476,1.12,1.00
2016.01.18 07:41:00.044,1.58459,1.58475,1.12,1.00
2016.01.18 07:41:00.096,1.58457,1.58475,1.75,1.00
2016.01.18 07:41:00.306,1.58455,1.58474,1.12,1.00
2016.01.18 07:41:00.408,1.58455,1.58474,1.12,1.87
2016.01.18 07:41:01.099,1.58453,1.58474,1.12,2.62
2016.01.18 07:41:01.252,1.58457,1.58473,1.00,1.00
2016.01.18 07:41:01.596,1.58465,1.58478,1.37,1.12
2016.01.18 07:41:02.509,1.58462,1.5848,1.12,1.87
2016.01.18 07:41:04.848,1.58461,1.58479,1.37,1.12
2016.01.18 07:41:05.389,1.58461,1.58479,1.12,1.37
2016.01.18 07:41:05.643,1.58463,1.58479,1.12,1.00
2016.01.18 07:41:06.052,1.58463,1.58482,1.87,1.87
2016.01.18 07:41:06.154,1.58464,1.58484,1.12,1.00
2016.01.18 07:41:06.946,1.58465,1.58486,1.75,1.50
2016.01.18 07:41:07.049,1.58468,1.58486,1.75,1.00
2016.01.18 07:41:07.152,1.58469,1.5849,1.87,1.12
2016.01.18 07:41:07.203,1.58472,1.5849,1.00,1.12
2016.01.18 07:41:07.337,1.58473,1.58493,1.87,1.00
2016.01.18 07:41:07.643,1.5848,1.58496,1.00,1.50
2016.01.18 07:41:07.745,1.58482,1.58502,1.12,1.12
2016.01.18 07:41:08.093,1.58485,1.58503,1.87,1.00
2016.01.18 07:41:08.400,1.58498,1.58505,1.12,1.00
2016.01.18 07:41:08.553,1.58495,1.58504,1.87,1.00
2016.01.18 07:41:08.655,1.58497,1.58505,1.12,1.00
2016.01.18 07:41:08.859,1.58495,1.58504,1.12,1.00
2016.01.18 07:41:09.403,1.58494,1.58504,1.12,1.00
2016.01.18 07:41:09.659,1.58491,1.58513,1.12,1.75
2016.01.18 07:41:09.761,1.58488,1.58513,1.87,1.87
2016.01.18 07:41:13.817,1.58489,1.5851,1.75,1.00
2016.01.18 07:41:14.201,1.58488,1.58508,1.12,1.00
2016.01.18 07:41:14.354,1.58486,1.58508,1.37,1.50
2016.01.18 07:41:14.710,1.58486,1.58504,1.37,1.00
2016.01.18 07:41:14.762,1.58485,1.58504,1.00,1.75
2016.01.18 07:41:15.067,1.58485,1.58507,2.25,2.25
2016.01.18 07:41:15.251,1.58485,1.58503,1.50,1.00
2016.01.18 07:41:15.561,1.58475,1.58494,2.25,1.12
2016.01.18 07:41:15.614,1.58475,1.58491,1.50,1.00
2016.01.18 07:41:15.870,1.58464,1.58482,1.00,1.12
2016.01.18 07:41:15.923,1.58462,1.58482,1.75,1.37
2016.01.18 07:41:15.975,1.5846,1.5848,1.00,1.00
2016.01.18 07:41:16.259,1.5846,1.58478,1.37,1.00
2016.01.18 07:41:16.462,1.58458,1.58478,1.12,1.87
2016.01.18 07:41:16.565,1.58458,1.58478,1.37,1.12
2016.01.18 07:41:17.073,1.58457,1.58478,1.12,2.25
2016.01.18 07:41:17.379,1.58459,1.58478,1.12,1.00
2016.01.18 07:41:17.927,1.58459,1.5848,1.12,1.37
2016.01.18 07:41:18.535,1.58461,1.58482,1.37,1.12
2016.01.18 07:41:18.739,1.58463,1.58483,1.37,2.06
2016.01.18 07:41:18.842,1.58464,1.58486,1.75,2.25
2016.01.18 07:41:18.894,1.58465,1.58486,1.12,1.37
2016.01.18 07:41:18.996,1.58464,1.58486,1.50,1.75
2016.01.18 07:41:19.487,1.58463,1.58483,1.50,1.00
2016.01.18 07:41:20.000,1.58464,1.58483,2.25,1.00
2016.01.18 07:41:20.051,1.58473,1.58487,1.00,1.12
2016.01.18 07:41:20.102,1.58473,1.58489,1.00,1.12
2016.01.18 07:41:20.154,1.58475,1.58493,1.12,1.12
2016.01.18 07:41:20.206,1.58475,1.58495,1.12,1.12
2016.01.18 07:41:20.257,1.58476,1.58498,1.39,1.12
2016.01.18 07:41:20.309,1.58478,1.58498,1.00,1.00
2016.01.18 07:41:20.361,1.5848,1.58498,1.00,1.00
2016.01.18 07:41:20.666,1.58483,1.58504,1.37,1.37
2016.01.18 07:41:20.717,1.58484,1.58504,1.00,1.00
2016.01.18 07:41:20.859,1.58484,1.58506,1.37,2.62
2016.01.18 07:41:21.396,1.58484,1.58506,1.12,2.62
2016.01.18 07:41:21.852,1.58483,1.58502,1.12,1.00
2016.01.18 07:41:21.903,1.58482,1.58501,1.12,1.00
2016.01.18 07:41:22.083,1.5848,1.58501,1.75,1.50
2016.01.18 07:41:23.577,1.5848,1.58501,1.12,2.06
2016.01.18 07:41:24.238,1.58479,1.585,1.12,2.62
2016.01.18 07:41:24.492,1.58477,1.58498,1.87,1.50
2016.01.18 07:41:24.545,1.58477,1.58498,1.87,1.00
2016.01.18 07:41:24.991,1.58475,1.58496,1.00,1.12
2016.01.18 07:41:25.297,1.58477,1.58496,1.00,1.12
2016.01.18 07:41:25.804,1.58476,1.58496,1.12,1.12
2016.01.18 07:41:26.680,1.58477,1.58496,1.00,1.12
2016.01.18 07:41:26.832,1.58477,1.58498,1.50,1.12
2016.01.18 07:41:26.985,1.58477,1.58499,1.37,2.00
2016.01.18 07:41:27.530,1.58477,1.585,1.12,1.87
2016.01.18 07:41:27.887,1.58475,1.58498,2.62,1.37
2016.01.18 07:41:28.424,1.58476,1.58498,1.50,1.12
2016.01.18 07:41:28.934,1.58475,1.58496,1.50,1.87
2016.01.18 07:41:29.781,1.58475,1.58495,1.12,1.12
2016.01.18 07:41:30.400,1.58471,1.58493,2.62,1.50
2016.01.18 07:41:34.198,1.58474,1.58497,1.75,1.87
2016.01.18 07:41:34.250,1.58476,1.58498,1.12,1.62
2016.01.18 07:41:35.425,1.58476,1.58498,1.50,1.75
2016.01.18 07:41:35.767,1.58474,1.58492,1.37,1.56
2016.01.18 07:41:35.821,1.5847,1.5849,1.12,1.25
2016.01.18 07:41:35.872,1.5847,1.58491,1.12,2.19
2016.01.18 07:41:36.381,1.58468,1.58488,1.12,1.56
2016.01.18 07:41:38.223,1.58466,1.58486,1.87,1.25
2016.01.18 07:41:38.599,1.58467,1.58489,1.37,2.44
2016.01.18 07:41:39.057,1.58466,1.58484,1.12,1.56
2016.01.18 07:41:39.229,1.58464,1.58483,1.37,1.69
2016.01.18 07:41:39.281,1.58462,1.58479,1.12,1.81
2016.01.18 07:41:39.332,1.58458,1.58479,1.12,2.25
2016.01.18 07:41:39.384,1.58458,1.58477,1.12,1.82
2016.01.18 07:41:39.537,1.58455,1.58475,1.37,1.38
2016.01.18 07:41:39.946,1.58452,1.58473,1.12,2.32
2016.01.18 07:41:40.048,1.5845,1.58471,1.12,1.38
2016.01.18 07:41:40.100,1.5845,1.58471,1.12,1.75
2016.01.18 07:41:40.253,1.58446,1.58469,1.12,2.25
2016.01.18 07:41:40.355,1.58448,1.5847,1.87,1.00
2016.01.18 07:41:40.661,1.58455,1.58475,1.12,1.00
2016.01.18 07:41:40.763,1.58458,1.58478,1.37,1.00
2016.01.18 07:41:40.816,1.58458,1.58479,1.12,1.00
2016.01.18 07:41:40.918,1.5846,1.58481,1.12,1.38
2016.01.18 07:41:41.274,1.58462,1.58483,1.12,1.00
2016.01.18 07:41:41.732,1.5846,1.58482,1.75,1.12
2016.01.18 07:41:41.936,1.58457,1.58482,1.87,1.38
2016.01.18 07:41:42.133,1.58456,1.58478,1.75,1.00
2016.01.18 07:41:42.439,1.58455,1.58475,1.50,1.00
2016.01.18 07:41:43.228,1.58453,1.58474,1.12,1.50
2016.01.18 07:41:43.330,1.58451,1.58473,1.12,1.50
2016.01.18 07:41:43.847,1.5846,1.58478,1.50,1.12
2016.01.18 07:41:43.951,1.58461,1.58481,1.50,1.12
2016.01.18 07:41:44.003,1.58463,1.58481,1.00,1.12
2016.01.18 07:41:44.054,1.58466,1.58487,1.12,1.94
2016.01.18 07:41:44.289,1.58467,1.58488,1.12,1.87
2016.01.18 07:41:44.341,1.58466,1.58488,1.12,1.87
2016.01.18 07:41:45.006,1.58466,1.58486,1.12,2.25
2016.01.18 07:41:45.057,1.58463,1.58484,1.12,1.87
2016.01.18 07:41:45.603,1.58461,1.58482,1.12,1.12
2016.01.18 07:41:45.757,1.58463,1.58482,1.12,1.00
2016.01.18 07:41:45.910,1.58463,1.58484,1.12,1.00
2016.01.18 07:41:45.962,1.58463,1.58483,1.00,1.00
2016.01.18 07:41:46.066,1.58462,1.58483,1.87,1.12
2016.01.18 07:41:46.386,1.58465,1.58488,1.12,1.12
2016.01.18 07:41:46.691,1.58464,1.58486,1.12,1.12
2016.01.18 07:41:47.542,1.58462,1.58483,1.12,1.00
2016.01.18 07:41:47.644,1.58459,1.58482,1.87,1.12
2016.01.18 07:41:49.070,1.58457,1.5848,1.75,1.12
2016.01.18 07:41:49.578,1.58455,1.58478,1.87,1.87
2016.01.18 07:41:49.866,1.58453,1.58473,1.00,1.00
2016.01.18 07:41:50.378,1.5845,1.58473,1.37,2.00
2016.01.18 07:41:50.683,1.58455,1.58477,1.12,2.44
2016.01.18 07:41:51.178,1.58453,1.58475,1.87,1.75
2016.01.18 07:41:52.464,1.58451,1.58474,1.12,1.75
2016.01.18 07:41:52.770,1.58454,1.58476,1.12,2.00
2016.01.18 07:41:53.391,1.58451,1.58474,1.12,1.92
2016.01.18 07:41:53.737,1.58453,1.58475,1.12,2.00
2016.01.18 07:41:53.891,1.58452,1.58472,1.12,1.00
2016.01.18 07:41:54.044,1.58452,1.58471,1.12,1.69
2016.01.18 07:41:54.197,1.5845,1.5847,1.12,1.07
2016.01.18 07:41:54.503,1.58448,1.58468,1.12,1.00
2016.01.18 07:41:54.694,1.58448,1.58469,1.12,1.69
2016.01.18 07:41:54.797,1.58447,1.58468,1.37,1.07
2016.01.18 07:41:55.006,1.58448,1.58468,1.12,1.57
2016.01.18 07:41:55.108,1.58447,1.58467,1.37,1.07
2016.01.18 07:41:55.210,1.58446,1.58466,1.37,1.25
2016.01.18 07:41:55.312,1.58443,1.58464,1.12,1.44
2016.01.18 07:41:55.414,1.58441,1.58463,1.12,1.07
2016.01.18 07:41:55.574,1.58441,1.58463,1.12,1.94
2016.01.18 07:41:55.880,1.58439,1.58461,1.12,1.25
2016.01.18 07:41:56.286,1.58441,1.58462,1.12,1.57
2016.01.18 07:41:56.388,1.58439,1.58461,1.12,1.07
2016.01.18 07:41:56.880,1.58441,1.58463,1.12,1.94
2016.01.18 07:41:57.134,1.58441,1.58463,1.12,1.69
2016.01.18 07:41:57.644,1.58441,1.58463,1.12,1.69
2016.01.18 07:41:57.695,1.58443,1.58464,1.12,2.00
2016.01.18 07:41:58.004,1.58443,1.58465,1.87,2.19
2016.01.18 07:41:58.310,1.58448,1.58467,1.00,1.75
2016.01.18 07:42:01.943,1.58448,1.58468,1.00,1.12
2016.01.18 07:42:04.248,1.58448,1.58467,1.00,1.37
2016.01.18 07:42:05.724,1.58444,1.58465,2.25,1.00
2016.01.18 07:42:07.236,1.58449,1.58467,1.00,1.37
2016.01.18 07:42:07.338,1.58452,1.58472,1.00,1.00
2016.01.18 07:42:07.745,1.58453,1.58473,1.12,1.12
2016.01.18 07:42:08.141,1.58448,1.58468,1.00,1.00
2016.01.18 07:42:08.293,1.58448,1.58465,1.00,1.37
2016.01.18 07:42:08.599,1.58444,1.58463,1.37,1.12
2016.01.18 07:42:08.651,1.58444,1.58462,1.12,1.12
2016.01.18 07:42:08.702,1.58442,1.58462,1.50,2.62
2016.01.18 07:42:08.753,1.58442,1.58459,1.00,1.75
2016.01.18 07:42:08.804,1.58439,1.58459,1.50,1.75
2016.01.18 07:42:09.340,1.58438,1.58459,1.50,1.75
2016.01.18 07:42:10.203,1.5844,1.5846,1.87,1.12
2016.01.18 07:42:10.254,1.5844,1.58461,2.25,1.12
2016.01.18 07:42:10.802,1.5844,1.58461,1.50,1.12
2016.01.18 07:42:10.853,1.58444,1.58461,1.00,1.12
2016.01.18 07:42:11.158,1.58451,1.58471,1.50,1.31
2016.01.18 07:42:11.362,1.58451,1.5847,1.37,1.12
2016.01.18 07:42:11.464,1.5845,1.5847,2.62,1.12
2016.01.18 07:42:12.022,1.5845,1.58471,3.00,2.00
2016.01.18 07:42:12.073,1.5845,1.58471,3.75,1.62
2016.01.18 07:42:12.274,1.58455,1.58473,1.12,1.00
2016.01.18 07:42:12.746,1.58458,1.58477,1.00,1.81
2016.01.18 07:42:14.031,1.58458,1.58478,1.00,2.44
2016.01.18 07:42:14.336,1.58461,1.5848,1.12,1.31
2016.01.18 07:42:14.488,1.58463,1.58483,1.37,1.62
2016.01.18 07:42:18.254,1.58462,1.58482,1.37,1.62
2016.01.18 07:42:18.305,1.58462,1.58482,1.12,2.00
2016.01.18 07:42:18.966,1.58463,1.58482,1.00,2.00
2016.01.18 07:42:21.459,1.58464,1.58482,1.00,1.87
2016.01.18 07:42:21.916,1.58465,1.58485,1.00,1.12
2016.01.18 07:42:22.065,1.58465,1.58486,1.87,2.25
2016.01.18 07:42:22.116,1.58465,1.58485,1.00,1.87
2016.01.18 07:42:22.218,1.58465,1.58486,1.50,2.62
2016.01.18 07:42:22.625,1.58465,1.58485,1.00,1.87
2016.01.18 07:42:23.415,1.58466,1.58485,1.00,1.87
2016.01.18 07:42:23.720,1.58469,1.58488,2.25,1.12
2016.01.18 07:42:23.822,1.58469,1.58485,2.62,1.00
2016.01.18 07:42:23.924,1.58469,1.58485,1.87,1.00
2016.01.18 07:42:24.432,1.58468,1.58485,1.50,1.00
2016.01.18 07:42:24.909,1.58468,1.58489,1.50,1.87
2016.01.18 07:42:27.337,1.58471,1.58489,1.00,1.69
2016.01.18 07:42:27.685,1.58471,1.58493,2.25,2.25
2016.01.18 07:42:28.192,1.58471,1.58491,1.37,1.62
2016.01.18 07:42:28.344,1.5847,1.58489,1.50,1.12
2016.01.18 07:42:28.547,1.5847,1.5849,1.12,2.00
2016.01.18 07:42:29.758,1.58472,1.58491,1.12,1.62
2016.01.18 07:42:30.063,1.58472,1.58494,1.50,1.94
2016.01.18 07:42:30.400,1.58477,1.58497,1.50,1.87
2016.01.18 07:42:30.654,1.58473,1.58495,3.00,1.12
2016.01.18 07:42:31.163,1.58476,1.58497,1.12,1.12
2016.01.18 07:42:32.288,1.58478,1.58497,1.00,1.12
2016.01.18 07:42:32.339,1.58478,1.58498,1.12,1.12
2016.01.18 07:42:32.746,1.58477,1.58497,1.00,1.12
2016.01.18 07:42:33.138,1.58479,1.58498,1.00,1.12
2016.01.18 07:42:33.241,1.58481,1.58502,1.50,3.00
2016.01.18 07:42:33.448,1.58484,1.58503,1.00,1.75
2016.01.18 07:42:33.840,1.58491,1.58513,1.50,2.44
2016.01.18 07:42:34.146,1.58494,1.58513,1.00,1.00
2016.01.18 07:42:34.552,1.58494,1.58516,1.87,1.12
2016.01.18 07:42:34.655,1.58495,1.58516,1.12,1.37
2016.01.18 07:42:34.839,1.58496,1.58516,1.87,1.12
2016.01.18 07:42:34.941,1.585,1.58517,1.37,1.00
2016.01.18 07:42:35.043,1.585,1.58513,1.37,1.37
2016.01.18 07:42:35.145,1.58497,1.58512,1.12,1.37
2016.01.18 07:42:35.247,1.58494,1.58509,1.00,1.87
2016.01.18 07:42:35.349,1.58494,1.58502,1.00,1.12
2016.01.18 07:42:35.654,1.58491,1.58499,1.00,1.37
2016.01.18 07:42:35.857,1.58489,1.58496,1.00,1.00
2016.01.18 07:42:35.959,1.58477,1.58498,1.87,1.87
2016.01.18 07:42:36.266,1.58476,1.58496,1.00,2.00
2016.01.18 07:42:36.774,1.58474,1.58495,1.12,1.87
2016.01.18 07:42:37.317,1.58473,1.58493,2.25,1.12
2016.01.18 07:42:38.711,1.58475,1.58493,1.00,1.12
2016.01.18 07:42:39.016,1.58477,1.58495,1.12,1.00
2016.01.18 07:42:39.321,1.58478,1.58498,1.12,1.62
2016.01.18 07:42:39.657,1.58481,1.58501,1.50,1.87
2016.01.18 07:42:39.708,1.58483,1.58502,1.00,1.50
2016.01.18 07:42:39.759,1.58483,1.58502,1.87,1.37
2016.01.18 07:42:39.862,1.58482,1.58502,1.37,1.87
2016.01.18 07:42:40.370,1.58482,1.58501,1.87,1.00
2016.01.18 07:42:41.397,1.58482,1.58501,1.00,1.37
2016.01.18 07:42:43.469,1.58482,1.58501,1.37,1.00
2016.01.18 07:42:44.264,1.58482,1.58501,1.00,1.37
2016.01.18 07:42:44.317,1.58482,1.58501,1.00,2.25
2016.01.18 07:42:44.623,1.58479,1.58497,1.12,1.12
2016.01.18 07:42:44.674,1.58477,1.58497,1.37,2.19
2016.01.18 07:42:45.280,1.58477,1.58497,1.37,2.19
2016.01.18 07:42:45.741,1.58477,1.58497,1.37,1.62
2016.01.18 07:42:45.893,1.58481,1.58501,1.50,1.37
2016.01.18 07:42:45.995,1.58482,1.58503,1.12,1.50
2016.01.18 07:42:46.313,1.58486,1.58503,1.12,1.37
2016.01.18 07:42:46.770,1.58486,1.58504,1.12,1.31
2016.01.18 07:42:47.075,1.58485,1.58503,1.00,1.00
2016.01.18 07:42:47.177,1.58481,1.58502,1.75,1.50
2016.01.18 07:42:47.487,1.58486,1.58506,1.12,1.12
2016.01.18 07:42:47.793,1.58487,1.58508,1.12,1.50
2016.01.18 07:42:47.895,1.58489,1.5851,1.12,2.25
2016.01.18 07:42:47.997,1.58489,1.5851,1.12,1.12
2016.01.18 07:42:48.202,1.58492,1.58513,1.12,2.62
2016.01.18 07:42:48.709,1.58491,1.58512,1.75,1.37
2016.01.18 07:42:49.218,1.58496,1.58514,1.12,2.25
2016.01.18 07:42:49.270,1.58496,1.58514,1.12,1.12
2016.01.18 07:42:49.321,1.58499,1.58514,1.12,1.00
2016.01.18 07:42:49.612,1.58497,1.58514,1.12,1.00
2016.01.18 07:42:49.815,1.58494,1.58514,1.37,1.69
2016.01.18 07:42:50.019,1.58492,1.58513,1.00,1.69
2016.01.18 07:42:50.071,1.58492,1.58512,1.00,1.69
2016.01.18 07:42:50.376,1.58491,1.58506,1.00,1.37
2016.01.18 07:42:50.613,1.58482,1.58505,2.25,1.87
2016.01.18 07:42:51.090,1.58485,1.58503,1.00,1.12
2016.01.18 07:42:51.242,1.58483,1.58503,1.12,1.12
2016.01.18 07:42:52.110,1.5848,1.585,1.12,1.00
2016.01.18 07:42:52.212,1.58478,1.585,2.62,2.06
2016.01.18 07:42:52.415,1.58481,1.58501,1.12,1.00
2016.01.18 07:42:52.816,1.58483,1.58504,1.12,1.87
2016.01.18 07:42:53.021,1.58485,1.58507,1.75,2.25
2016.01.18 07:42:53.530,1.58483,1.58504,1.12,2.62
2016.01.18 07:42:53.874,1.58477,1.58497,1.75,1.00
2016.01.18 07:42:53.925,1.58477,1.58497,1.12,1.50
2016.01.18 07:42:54.129,1.58482,1.58502,1.50,1.37
2016.01.18 07:42:54.435,1.58483,1.58505,1.50,2.81
2016.01.18 07:42:54.941,1.58483,1.58503,1.12,1.69
2016.01.18 07:42:55.348,1.58482,1.58502,1.12,1.00
2016.01.18 07:42:55.688,1.58481,1.58501,1.75,1.12
2016.01.18 07:42:55.740,1.58481,1.58499,1.00,1.12
2016.01.18 07:42:56.044,1.58482,1.58502,1.50,1.37
2016.01.18 07:42:58.704,1.58484,1.58504,1.12,1.12
2016.01.18 07:42:58.755,1.58484,1.58504,1.50,1.00
2016.01.18 07:42:58.806,1.58486,1.58506,1.12,2.00
2016.01.18 07:42:59.324,1.58486,1.58505,1.50,1.00
2016.01.18 07:42:59.631,1.58485,1.58502,1.00,1.37
2016.01.18 07:42:59.834,1.58483,1.58502,1.12,1.37
2016.01.18 07:43:00.038,1.58483,1.58504,1.87,2.25
2016.01.18 07:43:01.526,1.58487,1.58505,1.87,1.25
2016.01.18 07:43:01.739,1.58489,1.58507,1.12,1.00
2016.01.18 07:43:01.892,1.58488,1.58509,2.25,1.25
2016.01.18 07:43:01.943,1.58491,1.5851,1.12,1.56
2016.01.18 07:43:02.198,1.58493,1.58512,1.12,1.37
2016.01.18 07:43:02.994,1.58493,1.58512,1.12,1.12
2016.01.18 07:43:03.147,1.58491,1.58512,1.50,2.25
2016.01.18 07:43:03.300,1.58491,1.58508,1.37,1.50
2016.01.18 07:43:03.352,1.58488,1.58506,1.50,1.00
2016.01.18 07:43:03.403,1.58488,1.58504,1.37,1.00
2016.01.18 07:43:03.454,1.58485,1.58504,1.12,1.00
2016.01.18 07:43:03.505,1.58484,1.58501,1.75,1.00
2016.01.18 07:43:03.557,1.58484,1.585,1.12,1.00
2016.01.18 07:43:03.748,1.5848,1.58498,1.00,1.00
2016.01.18 07:43:04.104,1.58479,1.58495,1.00,1.00
2016.01.18 07:43:04.206,1.58479,1.58497,1.00,1.31
2016.01.18 07:43:04.785,1.58479,1.58486,1.00,1.00
2016.01.18 07:43:05.040,1.58465,1.58479,1.12,1.00
2016.01.18 07:43:05.092,1.58465,1.58476,1.12,1.00
2016.01.18 07:43:05.244,1.58456,1.58473,1.87,1.50
2016.01.18 07:43:05.346,1.58454,1.58466,1.12,1.12
2016.01.18 07:43:05.448,1.58449,1.58459,1.50,1.00
2016.01.18 07:43:05.607,1.58437,1.58453,1.87,1.37
2016.01.18 07:43:05.709,1.58435,1.58451,1.05,1.12
2016.01.18 07:43:05.760,1.58432,1.58448,1.05,1.00
2016.01.18 07:43:05.862,1.5843,1.58445,2.17,1.00
2016.01.18 07:43:05.913,1.5843,1.58445,1.00,1.00
2016.01.18 07:43:06.015,1.58427,1.58444,1.42,1.25
2016.01.18 07:43:06.066,1.58427,1.58442,1.42,1.00
2016.01.18 07:43:06.168,1.58422,1.58442,2.17,2.25
2016.01.18 07:43:06.219,1.58421,1.58437,1.37,1.00
2016.01.18 07:43:06.270,1.5842,1.58437,1.12,1.00
2016.01.18 07:43:06.371,1.58419,1.58437,1.42,1.50
2016.01.18 07:43:06.423,1.58416,1.58435,1.00,1.87
2016.01.18 07:43:06.525,1.58415,1.58433,1.05,1.69
2016.01.18 07:43:06.833,1.58404,1.58421,1.12,1.00
2016.01.18 07:43:06.935,1.58401,1.58419,1.00,1.50
2016.01.18 07:43:06.987,1.58403,1.58419,1.00,1.75
2016.01.18 07:43:07.222,1.58397,1.58418,2.25,1.50
2016.01.18 07:43:07.325,1.58397,1.58419,1.87,2.62
2016.01.18 07:43:07.427,1.58396,1.58414,1.37,1.37
2016.01.18 07:43:07.580,1.58395,1.58414,1.12,1.37
2016.01.18 07:43:07.632,1.58394,1.58412,1.87,1.37
2016.01.18 07:43:07.734,1.58393,1.58412,1.00,1.37
2016.01.18 07:43:07.785,1.58391,1.58411,1.00,1.50
2016.01.18 07:43:07.836,1.58389,1.58409,2.25,1.37
2016.01.18 07:43:08.345,1.58391,1.58408,1.12,1.37
2016.01.18 07:43:09.249,1.58388,1.58411,1.87,2.81
2016.01.18 07:43:09.335,1.58394,1.58411,1.00,2.81
2016.01.18 07:43:09.640,1.58398,1.58412,1.12,1.00
2016.01.18 07:43:09.894,1.58395,1.58412,1.37,1.00
2016.01.18 07:43:09.946,1.58395,1.58412,1.00,1.00
2016.01.18 07:43:10.098,1.58395,1.58412,1.37,1.00
2016.01.18 07:43:10.149,1.58395,1.58416,1.87,1.69
2016.01.18 07:43:10.253,1.58395,1.58415,1.87,1.69
2016.01.18 07:43:11.717,1.58395,1.58415,1.87,1.25
2016.01.18 07:43:12.226,1.58397,1.58416,1.37,1.25
2016.01.18 07:43:16.008,1.58398,1.58417,2.25,1.12
2016.01.18 07:43:16.313,1.58401,1.5842,2.62,1.47
2016.01.18 07:43:16.828,1.58403,1.58421,1.12,2.62
2016.01.18 07:43:17.357,1.58403,1.58419,1.12,1.81
2016.01.18 07:43:17.884,1.58408,1.58419,1.12,1.12
2016.01.18 07:43:17.935,1.58408,1.58423,1.12,1.12
2016.01.18 07:43:17.987,1.58408,1.58423,1.37,1.12
2016.01.18 07:43:18.303,1.58407,1.58427,1.12,1.81
2016.01.18 07:43:18.811,1.58409,1.58427,1.12,1.81
2016.01.18 07:43:19.065,1.58409,1.58427,1.12,1.25
2016.01.18 07:43:19.268,1.58409,1.58427,1.12,1.81
2016.01.18 07:43:19.370,1.58407,1.58427,1.50,1.81
2016.01.18 07:43:19.421,1.58407,1.58427,1.87,1.81
2016.01.18 07:43:19.663,1.58406,1.58427,2.62,2.25
2016.01.18 07:43:21.698,1.58406,1.58426,1.87,1.31
2016.01.18 07:43:21.850,1.58406,1.58426,1.12,1.56
2016.01.18 07:43:22.401,1.58404,1.58424,2.25,1.25
2016.01.18 07:43:23.062,1.58404,1.58423,1.00,1.00
2016.01.18 07:43:23.764,1.58404,1.58424,1.12,3.00
2016.01.18 07:43:23.866,1.58402,1.58422,1.50,1.69
2016.01.18 07:43:24.323,1.58399,1.5842,2.25,1.31
2016.01.18 07:43:24.424,1.58399,1.58419,2.62,1.56
2016.01.18 07:43:24.577,1.58399,1.58417,1.12,1.12
2016.01.18 07:43:24.774,1.58399,1.58418,1.12,2.07
2016.01.18 07:43:26.842,1.58397,1.58417,1.12,1.50
2016.01.18 07:43:27.045,1.58399,1.58418,1.50,1.13
2016.01.18 07:43:27.372,1.58399,1.58418,1.87,2.25
2016.01.18 07:43:27.677,1.58404,1.58418,1.00,1.00
2016.01.18 07:43:27.982,1.58407,1.58418,1.50,1.00
2016.01.18 07:43:28.491,1.58407,1.58418,1.87,1.00
2016.01.18 07:43:28.640,1.58407,1.58425,1.12,1.00
2016.01.18 07:43:28.845,1.58404,1.58425,1.12,1.69
2016.01.18 07:43:29.353,1.58403,1.58424,1.12,1.13
2016.01.18 07:43:29.900,1.58403,1.58424,1.12,1.69
2016.01.18 07:43:30.602,1.58401,1.58422,1.87,1.94
2016.01.18 07:43:30.653,1.584,1.5842,1.12,1.38
2016.01.18 07:43:30.756,1.58397,1.58418,1.12,1.00
2016.01.18 07:43:30.908,1.58397,1.58418,1.12,1.94
2016.01.18 07:43:33.920,1.58397,1.58417,1.37,1.50
2016.01.18 07:43:34.282,1.58397,1.58415,1.37,1.00
2016.01.18 07:43:34.486,1.58379,1.58399,1.75,1.12
2016.01.18 07:43:34.537,1.58377,1.58397,1.37,1.12
2016.01.18 07:43:34.588,1.58377,1.58395,1.37,1.50
2016.01.18 07:43:34.740,1.58371,1.58391,1.12,1.87
2016.01.18 07:43:34.791,1.58371,1.58386,1.37,1.12
2016.01.18 07:43:34.944,1.58368,1.58386,1.12,1.87
2016.01.18 07:43:35.079,1.58361,1.58382,1.12,3.75
2016.01.18 07:43:35.131,1.58359,1.58377,1.12,1.00
2016.01.18 07:43:35.233,1.58356,1.58372,1.75,1.12
2016.01.18 07:43:35.335,1.58356,1.58371,1.12,1.12
2016.01.18 07:43:35.437,1.58356,1.58367,1.00,1.12
2016.01.18 07:43:35.795,1.58356,1.58368,1.00,1.00
2016.01.18 07:43:35.976,1.58356,1.5837,1.00,1.00
2016.01.18 07:43:36.435,1.58351,1.5837,1.12,1.31
2016.01.18 07:43:36.537,1.58353,1.58372,1.12,1.00
2016.01.18 07:43:36.639,1.58356,1.58375,1.00,1.56
2016.01.18 07:43:36.808,1.58357,1.58376,1.37,1.50
2016.01.18 07:43:36.861,1.5836,1.58381,1.12,2.06
2016.01.18 07:43:36.962,1.5836,1.58381,3.00,2.06
2016.01.18 07:43:37.267,1.58363,1.58383,1.12,1.25
2016.01.18 07:43:38.589,1.58362,1.58384,1.12,2.25
2016.01.18 07:43:38.641,1.58362,1.58382,1.00,1.00
2016.01.18 07:43:38.692,1.58359,1.58379,1.12,1.12
2016.01.18 07:43:38.744,1.58359,1.58379,1.00,2.06
2016.01.18 07:43:38.861,1.58359,1.58378,1.00,1.12
2016.01.18 07:43:39.168,1.58362,1.58385,2.62,2.00
2016.01.18 07:43:39.473,1.58366,1.58387,1.12,1.81
2016.01.18 07:43:39.974,1.58366,1.58386,1.12,1.12
2016.01.18 07:43:40.178,1.58366,1.58389,1.87,2.81
2016.01.18 07:43:40.280,1.58367,1.58389,1.87,2.44
2016.01.18 07:43:40.941,1.58372,1.58391,1.12,1.12
2016.01.18 07:43:41.248,1.58369,1.58391,1.12,1.75
2016.01.18 07:43:42.336,1.58367,1.5839,1.87,1.12
2016.01.18 07:43:43.823,1.58367,1.58387,1.12,1.00
2016.01.18 07:43:43.976,1.58365,1.58387,1.12,2.62
2016.01.18 07:43:44.231,1.5837,1.58387,1.00,1.12
2016.01.18 07:43:44.383,1.58371,1.58389,1.00,1.37
2016.01.18 07:43:44.486,1.58371,1.58393,1.75,1.87
2016.01.18 07:43:44.824,1.58371,1.58393,1.50,1.75
2016.01.18 07:43:44.875,1.58371,1.58394,2.25,1.87
2016.01.18 07:43:44.978,1.58374,1.58394,1.12,1.12
2016.01.18 07:43:45.435,1.5838,1.58397,1.00,2.25
2016.01.18 07:43:45.486,1.5838,1.58397,1.00,1.12
2016.01.18 07:43:45.588,1.58383,1.58402,1.00,1.12
2016.01.18 07:43:45.863,1.58386,1.58406,1.12,2.81
2016.01.18 07:43:46.372,1.58387,1.5841,1.87,3.00
2016.01.18 07:43:46.424,1.5839,1.5841,1.37,1.87
2016.01.18 07:43:46.475,1.5839,1.5841,1.87,1.12
2016.01.18 07:43:46.578,1.58395,1.58413,1.00,1.75
2016.01.18 07:43:46.680,1.58395,1.58416,1.50,2.62
2016.01.18 07:43:46.731,1.58396,1.58416,1.37,2.25
2016.01.18 07:43:46.866,1.58398,1.58417,2.62,1.00
2016.01.18 07:43:46.969,1.58401,1.58419,1.37,1.00
2016.01.18 07:43:47.121,1.58403,1.58422,1.12,1.37
2016.01.18 07:43:47.427,1.58404,1.58424,1.37,1.50
2016.01.18 07:43:47.478,1.58405,1.58424,1.37,1.00
2016.01.18 07:43:47.989,1.58405,1.58427,1.37,1.50
2016.01.18 07:43:48.193,1.58407,1.58427,1.87,1.00
2016.01.18 07:43:48.498,1.58406,1.58424,1.00,1.12
2016.01.18 07:43:48.803,1.58402,1.58423,1.75,1.50
2016.01.18 07:43:49.144,1.58403,1.58423,1.75,1.00
2016.01.18 07:43:50.600,1.58403,1.58424,1.12,1.12
2016.01.18 07:43:52.880,1.58405,1.58426,1.87,1.50
2016.01.18 07:43:55.587,1.58405,1.58426,1.37,1.12
2016.01.18 07:43:56.461,1.58402,1.58425,1.87,1.87
2016.01.18 07:43:56.513,1.58402,1.58424,1.50,1.12
2016.01.18 07:43:56.564,1.58402,1.58422,1.37,1.12
2016.01.18 07:43:56.820,1.584,1.58421,1.12,1.12
2016.01.18 07:43:56.871,1.58401,1.58424,1.37,1.87
2016.01.18 07:43:58.370,1.58399,1.58422,1.12,1.87
2016.01.18 07:43:58.681,1.58394,1.58417,1.37,1.12
2016.01.18 07:43:59.940,1.58396,1.58417,1.50,1.12
2016.01.18 07:44:00.194,1.584,1.58422,1.50,1.12
2016.01.18 07:44:00.787,1.584,1.58423,1.87,2.25
2016.01.18 07:44:01.801,1.584,1.58422,1.50,1.12
2016.01.18 07:44:01.852,1.58401,1.58424,1.12,1.31
2016.01.18 07:44:01.903,1.58405,1.58425,1.12,2.25
2016.01.18 07:44:02.325,1.58407,1.5843,1.12,1.12
2016.01.18 07:44:02.427,1.58409,1.5843,1.50,1.12
2016.01.18 07:44:02.478,1.58411,1.58432,1.37,1.75
2016.01.18 07:44:02.683,1.58412,1.58434,1.12,1.50
2016.01.18 07:44:02.887,1.58411,1.58434,1.75,1.12
2016.01.18 07:44:03.792,1.58412,1.58435,1.75,1.37
2016.01.18 07:44:03.996,1.58412,1.58434,1.37,1.12
2016.01.18 07:44:04.048,1.5841,1.58433,1.12,1.75
2016.01.18 07:44:04.099,1.5841,1.5843,1.00,1.00
2016.01.18 07:44:04.498,1.58407,1.58431,3.00,1.12
2016.01.18 07:44:04.808,1.58409,1.58432,1.12,2.00
2016.01.18 07:44:05.366,1.58408,1.58429,1.87,1.69
2016.01.18 07:44:05.417,1.58408,1.58429,1.50,2.00
2016.01.18 07:44:05.596,1.58409,1.58429,1.12,1.25
2016.01.18 07:44:05.910,1.58411,1.5843,1.12,1.81
2016.01.18 07:44:06.316,1.58407,1.58429,1.12,1.31
2016.01.18 07:44:06.417,1.58405,1.58429,1.12,1.12
2016.01.18 07:44:06.520,1.58407,1.5843,1.12,2.06
2016.01.18 07:44:07.058,1.58408,1.5843,1.12,1.37
2016.01.18 07:44:07.109,1.58409,1.58432,1.12,1.12
2016.01.18 07:44:07.515,1.58407,1.5843,1.12,1.12
2016.01.18 07:44:09.173,1.58408,1.5843,1.12,1.37
2016.01.18 07:44:09.226,1.58409,1.58432,1.12,2.00
2016.01.18 07:44:12.411,1.58412,1.58433,1.12,1.69
2016.01.18 07:44:13.191,1.58415,1.58435,1.00,1.31
2016.01.18 07:44:13.343,1.58418,1.58435,1.00,1.00
2016.01.18 07:44:13.648,1.58418,1.58436,1.87,1.00
2016.01.18 07:44:14.242,1.58417,1.58436,1.37,1.00
2016.01.18 07:44:14.755,1.58417,1.58437,1.37,1.12
2016.01.18 07:44:15.314,1.5842,1.58437,1.00,1.00
2016.01.18 07:44:15.717,1.5842,1.58437,1.12,1.00
2016.01.18 07:44:15.820,1.5842,1.58437,1.50,1.00
2016.01.18 07:44:16.025,1.58421,1.58437,1.12,1.00
2016.01.18 07:44:16.127,1.58419,1.58437,1.12,1.00
2016.01.18 07:44:16.229,1.58416,1.58437,1.12,1.12
2016.01.18 07:44:16.280,1.58415,1.58437,2.25,1.87
2016.01.18 07:44:16.331,1.58415,1.58435,1.87,1.00
2016.01.18 07:44:16.839,1.58415,1.58435,2.21,1.00
2016.01.18 07:44:17.041,1.58416,1.58438,1.09,1.87
2016.01.18 07:44:19.088,1.58415,1.58437,1.46,1.75
2016.01.18 07:44:19.139,1.58415,1.58437,1.09,1.87
2016.01.18 07:44:19.545,1.58411,1.58434,2.40,1.12
2016.01.18 07:44:19.647,1.58411,1.58432,2.02,1.12
2016.01.18 07:44:22.104,1.58417,1.58432,1.37,1.37
2016.01.18 07:44:22.359,1.58423,1.58444,1.09,1.87
2016.01.18 07:44:22.841,1.58423,1.58442,1.37,1.12
2016.01.18 07:44:22.892,1.58421,1.58442,1.57,1.12
2016.01.18 07:44:23.350,1.58419,1.58439,1.12,1.00
2016.01.18 07:44:24.320,1.58419,1.58439,1.00,1.37
2016.01.18 07:44:25.407,1.58419,1.58439,1.00,1.12
2016.01.18 07:44:25.926,1.58419,1.58439,1.00,1.87
2016.01.18 07:44:26.027,1.5842,1.58438,1.12,1.12
2016.01.18 07:44:28.891,1.5842,1.58437,1.12,1.00
2016.01.18 07:44:29.435,1.5842,1.58438,1.12,1.00
2016.01.18 07:44:32.775,1.5842,1.5844,1.12,1.12
2016.01.18 07:44:34.325,1.58418,1.5844,1.12,1.37
2016.01.18 07:44:34.377,1.58418,1.58439,1.00,1.12
2016.01.18 07:44:34.580,1.58418,1.5844,1.75,1.75
2016.01.18 07:44:34.967,1.58413,1.58432,1.12,1.00
2016.01.18 07:44:35.173,1.5841,1.58433,1.82,3.00
2016.01.18 07:44:36.231,1.5841,1.5843,1.45,1.50
2016.01.18 07:44:36.384,1.5841,1.5843,1.00,1.12
2016.01.18 07:44:36.587,1.5841,1.58431,1.75,1.50
2016.01.18 07:44:36.689,1.5841,1.5843,1.50,1.00
2016.01.18 07:44:36.893,1.5841,1.58428,1.00,1.00
2016.01.18 07:44:37.200,1.58406,1.58428,1.12,2.62
2016.01.18 07:44:38.380,1.58404,1.58426,1.87,1.37
2016.01.18 07:44:38.720,1.58398,1.58419,1.12,2.44
2016.01.18 07:44:39.933,1.58402,1.58423,1.37,1.12
2016.01.18 07:44:39.985,1.58403,1.58423,1.00,1.00
2016.01.18 07:44:40.036,1.58403,1.58423,1.00,1.87
2016.01.18 07:44:40.239,1.58403,1.58423,1.00,1.50
2016.01.18 07:44:40.647,1.58401,1.58419,1.87,1.00
2016.01.18 07:44:40.872,1.58393,1.58413,1.37,1.50
2016.01.18 07:44:41.177,1.58395,1.58414,1.12,1.37
2016.01.18 07:44:41.279,1.58393,1.58414,1.87,1.87
2016.01.18 07:44:41.484,1.58395,1.58416,1.37,1.50
2016.01.18 07:44:41.873,1.58403,1.58422,1.37,1.00
2016.01.18 07:44:42.026,1.58407,1.58427,1.12,1.00
2016.01.18 07:44:46.787,1.5841,1.58428,1.00,1.12
2016.01.18 07:44:46.889,1.58414,1.58432,1.00,1.00
2016.01.18 07:44:47.041,1.58414,1.58434,1.00,1.00
2016.01.18 07:44:47.092,1.58416,1.58435,1.12,1.00
2016.01.18 07:44:47.402,1.58426,1.58442,1.12,1.87
2016.01.18 07:44:47.609,1.58428,1.58446,1.12,1.12
2016.01.18 07:44:47.814,1.58433,1.58448,1.00,1.00
2016.01.18 07:44:47.916,1.58433,1.58453,1.50,1.50
2016.01.18 07:44:47.968,1.58434,1.58453,1.37,1.37
2016.01.18 07:44:48.149,1.58435,1.58456,1.12,2.44
2016.01.18 07:44:48.505,1.58439,1.58456,1.12,1.31
2016.01.18 07:44:49.015,1.58442,1.58456,1.00,1.31
2016.01.18 07:44:50.110,1.58442,1.58459,1.00,2.62
2016.01.18 07:44:50.969,1.58444,1.58459,1.00,2.62
2016.01.18 07:44:51.121,1.58449,1.58467,2.25,1.00
2016.01.18 07:44:51.224,1.58454,1.58467,1.00,1.00
2016.01.18 07:44:51.275,1.58455,1.58475,1.12,2.81
2016.01.18 07:44:51.326,1.58455,1.58475,1.50,1.69
2016.01.18 07:44:51.836,1.58455,1.58475,1.87,1.56
2016.01.18 07:44:52.108,1.58457,1.58476,1.12,1.50
2016.01.18 07:44:52.719,1.58454,1.58473,1.50,1.62
2016.01.18 07:44:52.977,1.58454,1.58474,1.37,1.31
2016.01.18 07:44:53.079,1.58455,1.58477,1.75,3.37
2016.01.18 07:44:53.637,1.58454,1.58475,1.75,1.81
2016.01.18 07:44:53.840,1.58453,1.58473,2.25,1.62
2016.01.18 07:44:54.991,1.58454,1.58474,1.37,1.62
2016.01.18 07:44:55.042,1.58455,1.58476,1.12,1.31
2016.01.18 07:44:55.620,1.58455,1.58475,1.12,1.25
2016.01.18 07:44:56.129,1.58453,1.58476,3.00,2.00
2016.01.18 07:44:56.512,1.58456,1.58477,1.87,1.25
2016.01.18 07:44:57.020,1.58454,1.58477,1.87,2.25
2016.01.18 07:44:57.528,1.58454,1.58477,1.87,2.25
2016.01.18 07:44:57.935,1.58452,1.5847,1.12,1.12
2016.01.18 07:44:58.038,1.58451,1.5847,1.50,1.12
2016.01.18 07:44:58.583,1.58451,1.58468,1.00,1.62
2016.01.18 07:45:00.144,1.58451,1.58472,1.12,1.87
2016.01.18 07:45:00.652,1.58451,1.5847,1.00,2.19
2016.01.18 07:45:01.358,1.58453,1.5847,1.00,2.19
2016.01.18 07:45:01.562,1.58453,1.58473,1.50,1.00
2016.01.18 07:45:01.614,1.58458,1.58473,1.00,1.00
2016.01.18 07:45:02.164,1.58458,1.58473,1.50,1.00
2016.01.18 07:45:02.418,1.58458,1.58477,1.50,1.12
2016.01.18 07:45:03.831,1.5846,1.58477,1.00,1.12
2016.01.18 07:45:04.280,1.58462,1.58477,1.00,1.12
2016.01.18 07:45:04.593,1.58464,1.58477,1.00,1.12
2016.01.18 07:45:04.645,1.58464,1.5848,1.00,1.87
2016.01.18 07:45:04.798,1.58466,1.58482,1.00,1.12
2016.01.18 07:45:05.001,1.58468,1.58485,1.12,1.87
2016.01.18 07:45:05.103,1.58468,1.58485,2.25,1.00
2016.01.18 07:45:05.155,1.58472,1.58485,1.00,1.00
2016.01.18 07:45:05.358,1.58468,1.58485,1.50,1.12
2016.01.18 07:45:05.410,1.58468,1.58481,1.50,1.12
2016.01.18 07:45:05.559,1.58465,1.58481,1.87,1.12
2016.01.18 07:45:05.764,1.58465,1.5848,1.00,1.12
2016.01.18 07:45:06.272,1.58465,1.58481,1.00,1.12
2016.01.18 07:45:06.726,1.58467,1.58482,1.00,1.12
2016.01.18 07:45:06.828,1.58467,1.58485,1.00,1.81
2016.01.18 07:45:06.984,1.58467,1.5848,1.00,1.12
2016.01.18 07:45:07.188,1.58465,1.5848,1.12,1.12
2016.01.18 07:45:07.697,1.58464,1.5848,1.12,1.12
2016.01.18 07:45:08.051,1.58461,1.58476,1.37,1.12
2016.01.18 07:45:08.103,1.5846,1.58476,1.12,1.12
2016.01.18 07:45:08.205,1.58462,1.58476,1.00,1.12
2016.01.18 07:45:08.615,1.58462,1.58479,1.00,1.62
2016.01.18 07:45:08.846,1.58461,1.58481,2.25,1.56
2016.01.18 07:45:08.898,1.58465,1.58481,1.00,1.56
2016.01.18 07:45:08.999,1.58463,1.58481,1.00,1.56
2016.01.18 07:45:09.409,1.58463,1.58479,1.12,1.12
2016.01.18 07:45:09.757,1.58492,1.58496,1.00,4.12
2016.01.18 07:45:10.189,1.58499,1.58506,1.00,1.00
2016.01.18 07:45:10.393,1.58506,1.58528,1.12,2.44
2016.01.18 07:45:10.444,1.58506,1.58528,1.12,1.62
2016.01.18 07:45:10.495,1.58511,1.58529,1.12,1.12
2016.01.18 07:45:10.866,1.58509,1.58529,1.75,1.81
2016.01.18 07:45:10.917,1.58508,1.58527,1.87,1.12
2016.01.18 07:45:10.968,1.58508,1.58527,1.50,1.81
2016.01.18 07:45:11.273,1.58506,1.58524,1.87,1.12
2016.01.18 07:45:11.679,1.58506,1.58523,1.12,1.12
2016.01.18 07:45:12.240,1.58506,1.5852,1.12,1.87
2016.01.18 07:45:12.291,1.58504,1.5852,1.12,1.87
2016.01.18 07:45:12.343,1.58504,1.58512,1.12,1.12
2016.01.18 07:45:12.395,1.58494,1.58512,1.00,1.12
2016.01.18 07:45:12.498,1.58491,1.58509,1.00,1.87
2016.01.18 07:45:12.803,1.58485,1.58505,1.87,1.12
2016.01.18 07:45:13.111,1.58472,1.5849,1.37,1.12
2016.01.18 07:45:13.214,1.58469,1.5849,1.00,1.12
2016.01.18 07:45:13.319,1.58467,1.5849,1.00,1.12
2016.01.18 07:45:13.370,1.58469,1.5849,1.12,2.19
2016.01.18 07:45:13.865,1.58471,1.58491,1.12,1.81
2016.01.18 07:45:14.780,1.58472,1.58492,1.12,1.12
2016.01.18 07:45:15.311,1.58472,1.58493,1.12,1.87
2016.01.18 07:45:15.617,1.58471,1.58491,2.25,1.62
2016.01.18 07:45:16.171,1.58471,1.58492,2.62,1.50
2016.01.18 07:45:16.681,1.58471,1.58492,2.62,2.19
2016.01.18 07:45:17.189,1.58471,1.58491,1.87,1.25
2016.01.18 07:45:17.720,1.58471,1.58492,1.87,2.19
2016.01.18 07:45:18.533,1.58471,1.58494,1.12,1.12
2016.01.18 07:45:18.977,1.58469,1.58487,1.12,1.00
2016.01.18 07:45:19.029,1.58462,1.58484,1.12,1.12
2016.01.18 07:45:19.131,1.58458,1.58481,1.12,1.12
2016.01.18 07:45:19.437,1.58455,1.58476,1.00,1.12
2016.01.18 07:45:19.889,1.58462,1.58474,1.00,1.12
2016.01.18 07:45:19.941,1.58467,1.58485,1.00,1.12
2016.01.18 07:45:19.993,1.5847,1.58485,1.00,1.00
2016.01.18 07:45:20.146,1.58472,1.58492,1.50,1.50
2016.01.18 07:45:20.198,1.58474,1.58495,1.87,1.50
2016.01.18 07:45:20.401,1.58477,1.58499,1.50,2.62
2016.01.18 07:45:20.703,1.58481,1.58501,1.00,1.50
2016.01.18 07:45:21.110,1.58484,1.58503,1.12,1.12
2016.01.18 07:45:21.918,1.58484,1.58504,1.00,1.12
2016.01.18 07:45:22.325,1.58484,1.58506,1.50,1.12
2016.01.18 07:45:22.849,1.58485,1.58505,1.00,1.00
2016.01.18 07:45:23.459,1.58494,1.58505,1.00,1.00
2016.01.18 07:45:23.765,1.58506,1.58512,1.37,1.00
2016.01.18 07:45:24.085,1.5851,1.58519,1.37,1.00
2016.01.18 07:45:24.650,1.58508,1.58515,1.50,1.00
2016.01.18 07:45:24.752,1.58507,1.58514,1.37,1.00
2016.01.18 07:45:25.159,1.58508,1.58528,1.00,1.12
2016.01.18 07:45:25.261,1.58508,1.58528,1.00,1.50
2016.01.18 07:45:25.769,1.58504,1.58526,1.12,1.50
2016.01.18 07:45:26.274,1.58504,1.58526,1.75,1.12
2016.01.18 07:45:31.960,1.58505,1.58527,1.75,1.87
2016.01.18 07:45:32.467,1.58506,1.58527,1.12,1.50
2016.01.18 07:45:32.878,1.58505,1.58527,2.25,1.37
2016.01.18 07:45:33.081,1.58506,1.58526,1.37,1.00
2016.01.18 07:45:33.285,1.58506,1.58527,1.37,1.12
2016.01.18 07:45:33.388,1.58505,1.58526,1.12,1.75
2016.01.18 07:45:34.393,1.58507,1.58526,1.00,1.12
2016.01.18 07:45:34.598,1.58505,1.58526,1.12,1.12
2016.01.18 07:45:34.705,1.58507,1.58526,1.00,1.12
2016.01.18 07:45:35.162,1.58505,1.58526,1.50,1.12
2016.01.18 07:45:35.384,1.58507,1.58524,1.00,1.37
2016.01.18 07:45:35.487,1.58505,1.58524,1.12,1.37
2016.01.18 07:45:36.359,1.58507,1.58524,1.00,1.37
2016.01.18 07:45:36.706,1.58508,1.58527,1.00,1.00
2016.01.18 07:45:36.757,1.58506,1.58528,1.12,1.37
2016.01.18 07:45:36.859,1.58506,1.5853,1.00,1.12
2016.01.18 07:45:36.961,1.58506,1.5853,2.25,1.12
2016.01.18 07:45:37.468,1.58507,1.58531,1.37,1.12
2016.01.18 07:45:37.874,1.58511,1.58533,1.00,1.12
2016.01.18 07:45:38.200,1.58517,1.58535,1.00,1.00
2016.01.18 07:45:38.737,1.58517,1.58535,1.87,1.00
2016.01.18 07:45:40.149,1.5852,1.58535,1.00,1.00
2016.01.18 07:45:40.455,1.58524,1.58547,1.50,1.37
2016.01.18 07:45:40.557,1.58525,1.58549,1.00,2.25
2016.01.18 07:45:40.780,1.58523,1.58546,1.37,1.00
2016.01.18 07:45:41.237,1.58522,1.58546,1.00,1.50
2016.01.18 07:45:41.887,1.58525,1.58548,1.00,2.62
2016.01.18 07:45:42.505,1.58525,1.58546,1.00,1.00
2016.01.18 07:45:42.861,1.58523,1.58545,1.00,1.00
2016.01.18 07:45:42.991,1.58519,1.58543,1.00,1.50
2016.01.18 07:45:43.566,1.58521,1.58543,1.00,1.50
2016.01.18 07:45:43.769,1.58519,1.58543,1.12,1.50
2016.01.18 07:45:43.871,1.58521,1.58543,1.00,1.00
2016.01.18 07:45:44.213,1.58528,1.58551,1.00,2.25
2016.01.18 07:45:45.498,1.58528,1.58551,1.00,1.50
2016.01.18 07:45:46.040,1.58528,1.58548,1.00,1.00
2016.01.18 07:45:46.142,1.58523,1.58546,1.50,1.37
2016.01.18 07:45:46.194,1.58523,1.58544,1.00,1.37
2016.01.18 07:45:46.245,1.5852,1.58544,1.00,1.87
2016.01.18 07:45:46.297,1.5852,1.58541,1.00,1.50
2016.01.18 07:45:46.824,1.58519,1.58541,1.00,1.87
2016.01.18 07:45:46.926,1.58516,1.58538,1.00,1.00
2016.01.18 07:45:47.764,1.58516,1.5854,1.00,1.50
2016.01.18 07:45:48.583,1.58516,1.5854,1.12,1.12
2016.01.18 07:45:49.521,1.58517,1.5854,1.00,1.12
2016.01.18 07:45:49.878,1.58517,1.58538,1.00,1.00
2016.01.18 07:45:49.980,1.58517,1.5854,1.00,1.12
2016.01.18 07:45:50.169,1.58514,1.58537,1.50,1.50
2016.01.18 07:45:50.322,1.58507,1.58531,1.50,1.12
2016.01.18 07:45:50.374,1.58507,1.58531,1.12,1.50
2016.01.18 07:45:50.680,1.58504,1.58525,1.12,1.12
2016.01.18 07:45:51.780,1.58503,1.58518,1.12,1.87
2016.01.18 07:45:51.831,1.58499,1.58515,1.00,1.00
2016.01.18 07:45:51.934,1.58491,1.58515,1.50,1.00
2016.01.18 07:45:51.986,1.58491,1.58513,1.00,1.00
2016.01.18 07:45:52.432,1.58493,1.58513,1.00,1.00
2016.01.18 07:45:53.622,1.58491,1.58513,1.00,1.00
2016.01.18 07:45:53.724,1.58489,1.58511,1.87,1.00
2016.01.18 07:45:53.826,1.58487,1.5851,1.69,1.00
2016.01.18 07:45:53.979,1.58485,1.58508,1.50,1.00
2016.01.18 07:45:54.386,1.58485,1.58506,1.00,1.12
2016.01.18 07:45:54.891,1.58481,1.58506,1.50,2.25
2016.01.18 07:45:55.196,1.58481,1.58501,1.00,1.00
2016.01.18 07:45:55.348,1.58477,1.58501,2.44,1.00
2016.01.18 07:45:55.576,1.58477,1.58499,1.69,1.00
2016.01.18 07:45:56.149,1.58476,1.58498,1.00,1.00
2016.01.18 07:45:56.201,1.58475,1.58495,1.12,1.50
2016.01.18 07:45:56.507,1.58467,1.58484,1.00,1.00
2016.01.18 07:45:56.636,1.58463,1.58484,1.00,1.00
2016.01.18 07:45:56.688,1.58463,1.58482,1.00,1.00
2016.01.18 07:45:56.739,1.58461,1.58482,1.00,1.00
2016.01.18 07:45:56.791,1.58461,1.58484,1.00,1.00
2016.01.18 07:45:56.945,1.58461,1.58475,1.00,1.00
2016.01.18 07:45:56.996,1.58459,1.58475,1.00,1.37
2016.01.18 07:45:57.099,1.58458,1.58472,1.37,1.37
2016.01.18 07:45:57.150,1.58455,1.58472,1.50,1.37
2016.01.18 07:45:57.201,1.58455,1.58476,2.25,1.00
2016.01.18 07:45:57.252,1.58456,1.58476,1.37,1.00
2016.01.18 07:45:57.557,1.58458,1.58476,1.12,1.00
2016.01.18 07:45:58.103,1.58458,1.58478,1.12,1.87
2016.01.18 07:45:58.407,1.58448,1.58465,1.50,1.00
2016.01.18 07:45:58.561,1.58442,1.58463,1.37,1.37
2016.01.18 07:45:58.612,1.58443,1.58464,1.37,1.12
2016.01.18 07:45:58.751,1.58443,1.58462,1.37,1.00
2016.01.18 07:45:59.006,1.5844,1.58463,2.44,1.50
2016.01.18 07:45:59.058,1.5844,1.58461,1.31,1.12
2016.01.18 07:45:59.364,1.58448,1.58471,1.12,1.12
2016.01.18 07:45:59.468,1.58451,1.58475,2.62,1.87
2016.01.18 07:45:59.805,1.58455,1.58478,1.87,2.25
2016.01.18 07:46:00.112,1.5845,1.58466,1.12,1.12
2016.01.18 07:46:00.163,1.58446,1.58466,1.87,1.12
2016.01.18 07:46:00.214,1.58446,1.58468,1.87,2.25
2016.01.18 07:46:00.265,1.58448,1.58468,1.12,2.25
2016.01.18 07:46:00.567,1.58457,1.58476,1.00,1.75
2016.01.18 07:46:00.721,1.58456,1.58477,1.87,1.00
2016.01.18 07:46:00.823,1.5846,1.5848,1.00,1.00
2016.01.18 07:46:00.978,1.58464,1.58482,1.00,1.12
2016.01.18 07:46:01.082,1.58468,1.58487,2.25,1.37
2016.01.18 07:46:01.268,1.58469,1.5849,1.87,1.87
2016.01.18 07:46:01.319,1.58469,1.58485,1.12,1.00
2016.01.18 07:46:01.371,1.58466,1.58485,1.12,1.00
2016.01.18 07:46:01.423,1.58466,1.58481,1.12,1.00
2016.01.18 07:46:01.474,1.58463,1.5848,1.12,1.00
2016.01.18 07:46:01.576,1.5846,1.5848,1.12,1.50
2016.01.18 07:46:01.679,1.5846,1.5848,1.00,1.87
2016.01.18 07:46:01.780,1.5846,1.58478,1.00,1.00
2016.01.18 07:46:02.128,1.58447,1.58468,1.12,1.50
2016.01.18 07:46:02.434,1.58452,1.5847,1.00,1.12
2016.01.18 07:46:02.840,1.58452,1.5847,1.50,1.00
2016.01.18 07:46:04.278,1.58452,1.58462,1.12,1.00
2016.01.18 07:46:04.482,1.58439,1.58453,1.12,1.37
2016.01.18 07:46:04.584,1.58435,1.58453,1.12,1.37
2016.01.18 07:46:05.142,1.58435,1.58457,1.12,3.37
2016.01.18 07:46:05.294,1.58437,1.58457,1.12,2.62
2016.01.18 07:46:05.641,1.58433,1.58441,1.00,1.00
2016.01.18 07:46:05.946,1.58421,1.58442,1.37,3.00
2016.01.18 07:46:06.558,1.58421,1.58441,1.37,1.00
2016.01.18 07:46:09.269,1.58421,1.58436,1.12,1.00
2016.01.18 07:46:09.422,1.58415,1.58435,1.12,1.12
2016.01.18 07:46:09.524,1.58415,1.58434,1.50,1.50
2016.01.18 07:46:09.727,1.58412,1.58435,1.12,2.25
2016.01.18 07:46:09.866,1.58412,1.58432,1.12,1.50
2016.01.18 07:46:10.171,1.58405,1.58421,3.75,2.62
2016.01.18 07:46:10.222,1.58401,1.5842,1.00,1.87
2016.01.18 07:46:10.273,1.58396,1.58417,1.87,1.37
2016.01.18 07:46:10.325,1.58394,1.58417,1.12,1.75
2016.01.18 07:46:10.427,1.58393,1.58419,1.00,1.85
2016.01.18 07:46:11.329,1.58395,1.58419,1.00,1.85
2016.01.18 07:46:11.533,1.58396,1.58419,1.00,1.00
2016.01.18 07:46:11.686,1.58398,1.5842,1.00,1.12
2016.01.18 07:46:12.633,1.58398,1.58421,1.00,1.00
2016.01.18 07:46:13.195,1.58398,1.58423,1.00,1.50
2016.01.18 07:46:15.855,1.58395,1.5842,1.00,1.00
2016.01.18 07:46:15.948,1.58395,1.58419,1.00,1.37
2016.01.18 07:46:16.000,1.58391,1.58416,1.87,1.00
2016.01.18 07:46:16.051,1.58391,1.58416,1.00,2.25
2016.01.18 07:46:16.661,1.58391,1.58414,1.00,2.25
2016.01.18 07:46:18.982,1.58391,1.58414,1.00,1.50
2016.01.18 07:46:20.900,1.58392,1.58414,1.00,1.12
2016.01.18 07:46:21.103,1.5839,1.58416,1.00,2.62
2016.01.18 07:46:21.537,1.58392,1.58415,1.00,1.50
2016.01.18 07:46:21.842,1.58394,1.58417,1.00,1.12
2016.01.18 07:46:22.299,1.58394,1.58417,1.00,1.12
2016.01.18 07:46:22.570,1.58394,1.58407,1.00,1.00
2016.01.18 07:46:22.621,1.58388,1.58407,2.25,1.12
2016.01.18 07:46:22.672,1.58388,1.58407,1.87,2.25
2016.01.18 07:46:22.775,1.58379,1.58404,1.00,2.25
2016.01.18 07:46:23.086,1.58381,1.58401,1.00,1.50
2016.01.18 07:46:23.291,1.58384,1.58407,1.00,1.50
2016.01.18 07:46:23.775,1.58386,1.58409,1.00,1.50
2016.01.18 07:46:24.727,1.58386,1.5841,1.00,1.87
2016.01.18 07:46:25.288,1.58389,1.5841,1.00,1.87
2016.01.18 07:46:25.802,1.58389,1.5841,1.00,1.12
2016.01.18 07:46:26.212,1.58386,1.5841,1.00,1.12
2016.01.18 07:46:26.517,1.5839,1.58411,1.00,1.37
2016.01.18 07:46:26.886,1.58406,1.58422,1.00,1.00
2016.01.18 07:46:26.937,1.5841,1.58433,1.00,2.25
2016.01.18 07:46:27.091,1.58412,1.58431,1.00,1.00
2016.01.18 07:46:27.397,1.58413,1.58432,1.12,1.00
2016.01.18 07:46:27.650,1.58411,1.58431,1.12,1.12
2016.01.18 07:46:28.744,1.58412,1.58432,1.37,1.00
2016.01.18 07:46:29.115,1.58411,1.58433,1.87,1.12
2016.01.18 07:46:29.421,1.58413,1.58425,1.00,1.37
2016.01.18 07:46:29.575,1.58405,1.58424,1.12,1.37
2016.01.18 07:46:29.626,1.58406,1.58424,1.12,1.37
2016.01.18 07:46:29.779,1.58404,1.58424,1.12,1.37
2016.01.18 07:46:30.124,1.58404,1.5842,1.12,1.00
2016.01.18 07:46:30.227,1.58403,1.58423,1.12,1.37
2016.01.18 07:46:30.278,1.58401,1.58423,2.25,1.50
2016.01.18 07:46:30.329,1.58401,1.5842,2.25,1.00
2016.01.18 07:46:30.583,1.58399,1.5842,1.12,1.50
2016.01.18 07:46:32.330,1.58397,1.58418,1.75,1.50
2016.01.18 07:46:32.405,1.58396,1.58416,1.87,1.12
2016.01.18 07:46:32.457,1.58394,1.58416,1.12,1.75
2016.01.18 07:46:32.508,1.58392,1.58415,2.81,1.12
2016.01.18 07:46:34.243,1.58391,1.58414,1.75,1.37
2016.01.18 07:46:34.548,1.58391,1.58406,1.75,1.00
2016.01.18 07:46:34.789,1.58382,1.58404,1.12,1.12
2016.01.18 07:46:34.891,1.58382,1.58402,1.12,1.50
2016.01.18 07:46:34.993,1.5838,1.584,1.12,1.00
2016.01.18 07:46:35.044,1.58379,1.584,1.37,1.37
2016.01.18 07:46:35.095,1.58378,1.584,1.50,1.75
2016.01.18 07:46:35.452,1.58375,1.58397,1.37,1.12
2016.01.18 07:46:35.503,1.58375,1.58395,1.00,1.12
2016.01.18 07:46:35.738,1.58377,1.58398,1.75,1.37
2016.01.18 07:46:35.789,1.58378,1.584,1.87,1.12
2016.01.18 07:46:35.840,1.58379,1.58401,1.12,1.12
2016.01.18 07:46:35.942,1.58381,1.58404,1.37,1.12
2016.01.18 07:46:35.994,1.58383,1.58403,1.00,1.00
2016.01.18 07:46:36.248,1.58381,1.58403,1.12,1.37
2016.01.18 07:46:36.655,1.58381,1.58404,1.12,1.87
2016.01.18 07:46:36.707,1.58383,1.58404,1.12,1.50
2016.01.18 07:46:36.938,1.5838,1.58403,1.12,1.12
2016.01.18 07:46:37.562,1.5838,1.58397,1.37,1.50
2016.01.18 07:46:37.613,1.58376,1.58394,1.37,1.00
2016.01.18 07:46:37.766,1.58372,1.58394,1.12,1.75
2016.01.18 07:46:37.817,1.58371,1.58393,1.12,1.12
2016.01.18 07:46:37.946,1.58368,1.58391,1.12,1.12
2016.01.18 07:46:38.256,1.5837,1.58391,1.12,1.50
2016.01.18 07:46:38.408,1.58373,1.58394,1.12,2.25
2016.01.18 07:46:38.611,1.58373,1.58393,1.00,1.00
2016.01.18 07:46:38.663,1.5837,1.58393,1.37,1.12
2016.01.18 07:46:38.714,1.5837,1.5839,1.00,1.00
2016.01.18 07:46:38.765,1.58368,1.58387,1.12,1.12
2016.01.18 07:46:39.011,1.58361,1.58384,1.75,2.62
2016.01.18 07:46:39.062,1.58362,1.58384,1.12,1.50
2016.01.18 07:46:39.571,1.58363,1.58386,1.12,1.87
2016.01.18 07:46:41.991,1.58365,1.58387,1.37,1.12
2016.01.18 07:46:42.296,1.58363,1.58386,2.25,1.75
2016.01.18 07:46:42.616,1.58364,1.58386,1.12,1.37
2016.01.18 07:46:43.185,1.58366,1.58388,1.12,1.37
2016.01.18 07:46:43.237,1.58368,1.5839,1.12,2.25
2016.01.18 07:46:43.288,1.58369,1.58392,4.12,1.87
2016.01.18 07:46:43.342,1.58375,1.58393,1.12,1.87
2016.01.18 07:46:43.394,1.58373,1.58393,1.12,1.87
2016.01.18 07:46:43.447,1.58371,1.58393,1.75,1.12
2016.01.18 07:46:43.569,1.58372,1.58397,1.12,1.87
2016.01.18 07:46:43.620,1.58376,1.58397,1.12,1.12
2016.01.18 07:46:44.134,1.58376,1.58398,1.12,1.75
2016.01.18 07:46:44.185,1.58377,1.58398,1.37,1.50
2016.01.18 07:46:44.338,1.58376,1.58398,1.50,2.25
2016.01.18 07:46:44.389,1.58376,1.58396,1.12,1.12
2016.01.18 07:46:44.440,1.58373,1.58395,1.50,1.12
2016.01.18 07:46:44.492,1.58373,1.58393,1.12,1.87
2016.01.18 07:46:44.707,1.58372,1.58393,1.50,1.87
2016.01.18 07:46:44.809,1.58374,1.58394,1.00,1.00
2016.01.18 07:46:47.626,1.58372,1.58394,1.37,1.37
2016.01.18 07:46:47.678,1.58372,1.58392,1.00,1.00
2016.01.18 07:46:47.780,1.5837,1.58392,1.12,1.12
2016.01.18 07:46:48.086,1.58367,1.58388,1.37,1.12
2016.01.18 07:46:48.409,1.58361,1.58381,1.12,1.37
2016.01.18 07:46:48.664,1.58361,1.58381,1.50,1.00
2016.01.18 07:46:48.867,1.5836,1.58381,1.87,1.12
2016.01.18 07:46:49.172,1.58364,1.58385,1.12,1.50
2016.01.18 07:46:49.275,1.58363,1.58384,2.25,1.37
2016.01.18 07:46:49.818,1.58363,1.58384,1.37,1.75
2016.01.18 07:46:50.377,1.58363,1.58384,1.75,1.37
2016.01.18 07:46:50.819,1.58364,1.58385,1.12,1.50
2016.01.18 07:46:51.430,1.58364,1.58381,1.12,1.00
2016.01.18 07:46:51.481,1.58362,1.58381,1.00,1.12
2016.01.18 07:46:51.532,1.5836,1.5838,1.87,1.37
2016.01.18 07:46:51.584,1.5836,1.58378,1.12,1.00
2016.01.18 07:46:52.077,1.58361,1.5838,1.00,1.00
2016.01.18 07:46:52.179,1.58362,1.58385,1.50,1.12
2016.01.18 07:46:53.415,1.58362,1.58382,1.00,1.12
2016.01.18 07:46:53.468,1.58359,1.58382,1.75,1.37
2016.01.18 07:46:53.774,1.58357,1.58378,1.12,1.37
2016.01.18 07:46:54.079,1.58351,1.58373,1.75,1.75
2016.01.18 07:46:54.477,1.5835,1.58371,1.50,1.12
2016.01.18 07:46:54.528,1.5835,1.58369,1.00,1.12
2016.01.18 07:46:55.472,1.58351,1.58369,1.00,1.12
2016.01.18 07:46:56.742,1.5835,1.58369,1.00,1.12
2016.01.18 07:46:57.252,1.58351,1.5837,1.12,1.87
2016.01.18 07:46:57.457,1.5835,1.58366,1.12,1.37
2016.01.18 07:46:57.508,1.58345,1.58366,1.37,1.87
2016.01.18 07:46:57.560,1.58345,1.58363,1.37,1.50
2016.01.18 07:46:57.730,1.58345,1.58367,1.75,1.75
2016.01.18 07:46:57.833,1.58344,1.58365,1.50,1.12
2016.01.18 07:46:58.191,1.58346,1.58367,1.00,1.12
2016.01.18 07:46:58.293,1.58345,1.58366,1.37,1.37
2016.01.18 07:46:58.720,1.58345,1.58367,1.87,1.12
2016.01.18 07:46:58.887,1.58348,1.58369,1.37,1.12
2016.01.18 07:46:58.938,1.58348,1.5837,1.87,1.87
2016.01.18 07:46:59.040,1.58349,1.5837,1.12,1.37
2016.01.18 07:46:59.396,1.58359,1.58366,1.12,1.00
2016.01.18 07:46:59.498,1.58345,1.58364,1.00,1.12
2016.01.18 07:46:59.600,1.58348,1.58368,1.00,1.12
2016.01.18 07:46:59.901,1.58349,1.58372,1.12,1.75
2016.01.18 07:47:00.412,1.58348,1.58369,1.12,1.37
2016.01.18 07:47:00.749,1.58346,1.58368,1.12,1.12
2016.01.18 07:47:01.531,1.58348,1.58367,1.00,1.12
2016.01.18 07:47:01.836,1.58354,1.58371,1.50,1.12
2016.01.18 07:47:02.020,1.58358,1.58377,1.50,1.12
2016.01.18 07:47:02.122,1.5836,1.58379,1.00,1.37
2016.01.18 07:47:02.224,1.58362,1.58383,1.50,1.12
2016.01.18 07:47:03.090,1.58362,1.58384,2.62,1.12
2016.01.18 07:47:03.141,1.58364,1.58386,1.37,1.75
2016.01.18 07:47:03.346,1.58364,1.58381,1.37,1.37
2016.01.18 07:47:03.651,1.58362,1.58378,1.50,1.37
2016.01.18 07:47:04.358,1.58362,1.58382,1.37,1.50
2016.01.18 07:47:04.511,1.58364,1.58384,1.87,1.50
2016.01.18 07:47:05.252,1.58366,1.58389,2.62,1.12
2016.01.18 07:47:07.633,1.58369,1.5839,1.12,1.50
2016.01.18 07:47:08.142,1.58372,1.58392,1.00,1.87
2016.01.18 07:47:08.244,1.58372,1.58393,1.87,1.00
2016.01.18 07:47:08.346,1.58373,1.58393,1.12,1.12
2016.01.18 07:47:08.549,1.58376,1.58398,1.12,2.25
2016.01.18 07:47:08.647,1.58381,1.58398,1.12,1.50
2016.01.18 07:47:08.700,1.58381,1.58402,1.12,4.12
2016.01.18 07:47:08.854,1.58385,1.58404,1.00,1.00
2016.01.18 07:47:08.956,1.58386,1.58404,1.12,1.00
2016.01.18 07:47:09.058,1.58388,1.5841,1.12,2.62
2016.01.18 07:47:09.364,1.58392,1.58412,1.12,1.87
2016.01.18 07:47:09.800,1.58389,1.5841,1.12,1.12
2016.01.18 07:47:09.851,1.58392,1.5841,1.12,1.00
2016.01.18 07:47:10.714,1.58394,1.58413,1.12,1.37
2016.01.18 07:47:10.765,1.58397,1.58414,1.12,1.00
2016.01.18 07:47:11.066,1.58399,1.58421,1.12,2.25
2016.01.18 07:47:11.168,1.584,1.58421,1.12,1.50
2016.01.18 07:47:12.279,1.58402,1.58422,1.50,1.75
2016.01.18 07:47:12.381,1.58404,1.58422,1.50,1.00
2016.01.18 07:47:12.433,1.58404,1.58422,1.87,1.00
2016.01.18 07:47:12.850,1.58409,1.58422,1.12,1.00
2016.01.18 07:47:13.054,1.58413,1.58435,1.12,1.50
2016.01.18 07:47:13.231,1.58411,1.58432,1.50,1.50
2016.01.18 07:47:13.334,1.58409,1.58431,1.12,1.00
2016.01.18 07:47:13.538,1.58412,1.58435,1.12,3.00
2016.01.18 07:47:13.589,1.58413,1.58435,1.12,1.87
2016.01.18 07:47:18.378,1.58413,1.5843,1.12,1.00
2016.01.18 07:47:18.624,1.58407,1.58423,1.00,1.00
2016.01.18 07:47:18.675,1.58408,1.5843,1.12,1.75
2016.01.18 07:47:18.777,1.5841,1.5843,1.12,1.12
2016.01.18 07:47:20.689,1.58412,1.58433,1.12,1.50
2016.01.18 07:47:21.028,1.58411,1.58425,1.12,1.00
2016.01.18 07:47:21.182,1.58401,1.58422,1.12,1.87
2016.01.18 07:47:21.284,1.58401,1.5842,1.12,1.00
2016.01.18 07:47:21.488,1.58403,1.58422,1.37,1.12
2016.01.18 07:47:21.590,1.58404,1.58426,1.75,1.87
2016.01.18 07:47:21.896,1.58407,1.58426,1.12,1.00
2016.01.18 07:47:22.406,1.58407,1.58427,1.12,1.12
2016.01.18 07:47:23.477,1.58407,1.58425,1.12,1.00
2016.01.18 07:47:23.696,1.58403,1.58425,1.12,2.62
2016.01.18 07:47:23.799,1.58407,1.58426,1.12,1.00
2016.01.18 07:47:24.307,1.58405,1.58427,1.12,1.50
2016.01.18 07:47:24.614,1.5841,1.58433,1.37,1.12
2016.01.18 07:47:24.975,1.58408,1.5843,2.00,1.87
2016.01.18 07:47:25.282,1.58406,1.58426,1.87,2.25
2016.01.18 07:47:25.589,1.58406,1.58426,1.37,2.62
2016.01.18 07:47:25.742,1.58403,1.58424,1.12,1.50
2016.01.18 07:47:26.804,1.58402,1.58422,1.00,1.00
2016.01.18 07:47:26.957,1.58402,1.58419,1.00,1.00
2016.01.18 07:47:27.292,1.58398,1.58416,1.12,1.87
2016.01.18 07:47:27.849,1.58398,1.58419,1.12,2.62
2016.01.18 07:47:27.900,1.58395,1.58417,1.37,1.37
2016.01.18 07:47:28.289,1.58396,1.58419,1.12,2.62
2016.01.18 07:47:28.594,1.58395,1.58417,1.12,1.75
2016.01.18 07:47:29.402,1.58395,1.58413,1.12,1.00
2016.01.18 07:47:29.606,1.58395,1.58415,1.12,1.12
2016.01.18 07:47:29.861,1.58402,1.58419,1.37,1.00
2016.01.18 07:47:29.963,1.58398,1.58421,1.50,1.87
2016.01.18 07:47:30.015,1.58401,1.58421,1.12,1.00
2016.01.18 07:47:30.117,1.58396,1.58417,1.12,1.37
2016.01.18 07:47:30.219,1.58397,1.58418,1.12,1.12
2016.01.18 07:47:31.089,1.58399,1.58421,1.12,1.87
2016.01.18 07:47:31.495,1.58401,1.58423,1.12,1.50
2016.01.18 07:47:32.089,1.58402,1.58423,1.12,1.12
2016.01.18 07:47:32.396,1.58399,1.58418,1.12,1.37
2016.01.18 07:47:32.447,1.58399,1.58422,1.12,1.12
2016.01.18 07:47:32.600,1.58403,1.58423,1.12,1.12
2016.01.18 07:47:33.341,1.58401,1.58423,1.12,1.50
2016.01.18 07:47:33.648,1.58408,1.58425,1.00,1.12
2016.01.18 07:47:33.852,1.58419,1.58439,1.37,1.12
2016.01.18 07:47:34.039,1.58424,1.58441,1.00,1.00
2016.01.18 07:47:34.343,1.58419,1.58439,1.12,1.12
2016.01.18 07:47:34.445,1.58419,1.58436,1.12,1.00
2016.01.18 07:47:34.547,1.58416,1.58434,1.12,1.00
2016.01.18 07:47:34.598,1.58414,1.58434,1.12,1.50
2016.01.18 07:47:34.649,1.5841,1.58433,1.87,1.12
2016.01.18 07:47:34.802,1.58409,1.58431,1.12,1.50
2016.01.18 07:47:34.905,1.58408,1.58426,1.75,1.00
2016.01.18 07:47:35.094,1.58403,1.58425,1.12,1.12
2016.01.18 07:47:35.450,1.58401,1.58423,1.12,1.50
2016.01.18 07:47:35.552,1.584,1.58423,1.75,1.12
2016.01.18 07:47:35.705,1.58403,1.58423,1.00,1.50
2016.01.18 07:47:35.857,1.58403,1.58421,1.00,1.00
2016.01.18 07:47:36.189,1.58404,1.58424,1.12,2.62
2016.01.18 07:47:37.052,1.58405,1.58426,1.12,2.25
2016.01.18 07:47:37.630,1.58406,1.58429,1.12,1.87
2016.01.18 07:47:37.936,1.58401,1.58423,1.12,1.12
2016.01.18 07:47:38.243,1.58396,1.58417,1.12,1.12
2016.01.18 07:47:38.376,1.58399,1.5842,1.00,1.87
2016.01.18 07:47:38.428,1.58399,1.5842,1.12,1.50
2016.01.18 07:47:38.733,1.58398,1.5842,1.37,2.62
2016.01.18 07:47:41.354,1.58396,1.58415,1.12,1.37
2016.01.18 07:47:41.456,1.58395,1.58413,1.12,1.00
2016.01.18 07:47:42.962,1.58395,1.58415,1.50,1.12
2016.01.18 07:47:43.064,1.58397,1.5842,1.12,2.62
2016.01.18 07:47:43.580,1.58397,1.58417,1.00,1.12
2016.01.18 07:47:43.682,1.58394,1.58414,1.37,1.00
2016.01.18 07:47:44.214,1.58394,1.58414,1.00,1.00
2016.01.18 07:47:45.725,1.58392,1.58413,1.12,1.00
2016.01.18 07:47:45.827,1.58393,1.58409,1.00,1.00
2016.01.18 07:47:46.149,1.58396,1.58416,1.00,1.87
2016.01.18 07:47:46.982,1.58391,1.58414,1.75,1.37
2016.01.18 07:47:47.878,1.58391,1.58411,1.75,1.00
2016.01.18 07:47:48.182,1.58391,1.5841,1.00,1.12
2016.01.18 07:47:48.234,1.58391,1.58412,1.37,1.37
2016.01.18 07:47:48.285,1.58391,1.58413,1.75,1.50
2016.01.18 07:47:48.551,1.58395,1.58415,1.37,1.37
2016.01.18 07:47:48.602,1.58398,1.58419,1.00,1.12
2016.01.18 07:47:48.683,1.58398,1.5842,1.12,1.95
2016.01.18 07:47:48.786,1.58401,1.58424,1.12,1.12
2016.01.18 07:47:49.297,1.58402,1.58425,1.12,1.50
2016.01.18 07:47:51.706,1.58403,1.58418,1.37,1.37
2016.01.18 07:47:52.012,1.58401,1.58416,1.12,1.12
2016.01.18 07:47:52.451,1.584,1.58418,1.12,1.87
2016.01.18 07:47:52.512,1.58401,1.58422,1.37,1.37
2016.01.18 07:47:52.920,1.58401,1.58424,1.12,2.70
2016.01.18 07:47:53.174,1.58401,1.58423,1.12,2.32
2016.01.18 07:47:53.717,1.584,1.5842,1.12,1.57
2016.01.18 07:47:54.228,1.58399,1.58419,1.12,1.07
2016.01.18 07:47:54.534,1.58396,1.58412,1.37,1.47
2016.01.18 07:47:55.415,1.58394,1.58406,1.37,1.37
2016.01.18 07:47:55.467,1.58392,1.58406,1.75,1.50
2016.01.18 07:47:55.519,1.58393,1.58403,1.00,1.37
2016.01.18 07:47:55.671,1.58382,1.58397,1.12,1.87
2016.01.18 07:47:55.806,1.58381,1.58395,1.00,1.50
2016.01.18 07:47:55.959,1.58375,1.58391,1.12,1.00
2016.01.18 07:47:56.366,1.58374,1.58394,1.75,1.50
2016.01.18 07:47:59.410,1.58374,1.58393,1.12,1.50
2016.01.18 07:48:00.407,1.58373,1.58392,1.12,1.00
2016.01.18 07:48:00.458,1.58371,1.58392,1.75,1.00
2016.01.18 07:48:00.762,1.58382,1.58392,1.00,1.50
2016.01.18 07:48:00.992,1.58386,1.58406,1.12,1.37
2016.01.18 07:48:01.043,1.58386,1.58408,1.12,1.75
2016.01.18 07:48:01.145,1.58387,1.58408,2.25,1.50
2016.01.18 07:48:01.298,1.58388,1.58411,1.12,2.25
2016.01.18 07:48:01.654,1.5839,1.5841,1.12,1.12
2016.01.18 07:48:02.525,1.5839,1.5841,1.12,1.37
2016.01.18 07:48:03.032,1.5839,1.5841,1.37,1.50
2016.01.18 07:48:04.145,1.58389,1.5841,1.37,1.87
2016.01.18 07:48:04.693,1.58389,1.58409,1.00,1.12
2016.01.18 07:48:05.623,1.58391,1.58408,1.00,1.37
2016.01.18 07:48:05.776,1.58391,1.58412,1.12,1.20
2016.01.18 07:48:06.309,1.58392,1.58413,1.12,2.25
2016.01.18 07:48:06.836,1.58392,1.58413,1.12,2.25
2016.01.18 07:48:06.938,1.58393,1.58414,1.12,1.69
2016.01.18 07:48:07.318,1.58394,1.58406,1.12,1.37
2016.01.18 07:48:07.471,1.58382,1.58398,1.12,1.31
2016.01.18 07:48:07.574,1.58376,1.58396,1.12,1.00
2016.01.18 07:48:07.676,1.58374,1.58394,1.12,1.37
2016.01.18 07:48:08.134,1.58372,1.58389,1.12,1.62
2016.01.18 07:48:08.287,1.58368,1.58387,1.00,1.50
2016.01.18 07:48:08.414,1.58368,1.58381,1.00,1.37
2016.01.18 07:48:08.620,1.58365,1.58382,1.87,1.25
2016.01.18 07:48:08.775,1.58367,1.58384,1.00,1.25
2016.01.18 07:48:08.878,1.58368,1.58388,1.12,1.37
2016.01.18 07:48:09.030,1.58368,1.5839,1.75,1.87
2016.01.18 07:48:09.980,1.5837,1.5839,1.12,1.12
2016.01.18 07:48:10.082,1.58372,1.58392,1.12,1.37
2016.01.18 07:48:10.939,1.58371,1.5839,1.37,2.62
2016.01.18 07:48:10.991,1.58369,1.5839,1.75,3.00
2016.01.18 07:48:12.057,1.58368,1.58388,1.37,1.37
2016.01.18 07:48:12.108,1.58366,1.58388,1.12,1.75
2016.01.18 07:48:12.555,1.58367,1.5839,1.12,2.62
2016.01.18 07:48:12.606,1.5837,1.5839,1.12,1.50
2016.01.18 07:48:12.962,1.5837,1.58387,1.12,1.37
2016.01.18 07:48:13.114,1.5837,1.5839,1.12,1.37
2016.01.18 07:48:13.845,1.5837,1.58392,1.12,2.62
2016.01.18 07:48:13.999,1.58378,1.58393,1.00,1.12
2016.01.18 07:48:14.304,1.58392,1.58411,1.37,1.12
2016.01.18 07:48:14.406,1.58393,1.58414,1.87,1.00
2016.01.18 07:48:14.457,1.58393,1.58416,2.25,1.37
2016.01.18 07:48:14.508,1.58395,1.58417,1.12,2.25
2016.01.18 07:48:14.853,1.58397,1.58418,1.12,1.50
2016.01.18 07:48:15.361,1.58399,1.58419,1.00,1.37
2016.01.18 07:48:16.105,1.58398,1.5842,1.12,1.12
2016.01.18 07:48:17.433,1.58399,1.58412,1.50,1.37
2016.01.18 07:48:17.740,1.5839,1.58412,1.75,1.75
2016.01.18 07:48:18.248,1.5839,1.58411,1.12,1.50
2016.01.18 07:48:18.401,1.58393,1.58413,1.00,1.37
2016.01.18 07:48:18.927,1.58393,1.58411,1.00,1.37
2016.01.18 07:48:19.233,1.58393,1.58414,1.00,1.00
2016.01.18 07:48:19.385,1.58392,1.58415,1.12,1.50
2016.01.18 07:48:19.690,1.58392,1.58415,1.12,1.87
2016.01.18 07:48:19.741,1.58391,1.58414,1.87,1.12
2016.01.18 07:48:19.905,1.58393,1.58413,1.00,1.00
2016.01.18 07:48:20.564,1.58393,1.58411,1.00,1.00
2016.01.18 07:48:20.868,1.58389,1.58411,1.37,2.25
2016.01.18 07:48:21.845,1.58388,1.58405,1.12,1.37
2016.01.18 07:48:21.999,1.58386,1.58405,1.12,1.37
2016.01.18 07:48:23.585,1.58386,1.58406,1.12,1.12
2016.01.18 07:48:24.526,1.58387,1.58409,1.37,1.50
2016.01.18 07:48:25.063,1.58386,1.58408,1.37,1.87
2016.01.18 07:48:26.003,1.58385,1.58406,1.50,1.12
2016.01.18 07:48:29.911,1.58385,1.58404,1.00,1.12
2016.01.18 07:48:30.457,1.58383,1.58404,1.50,1.12
2016.01.18 07:48:30.763,1.58379,1.584,1.50,1.12
2016.01.18 07:48:31.734,1.5838,1.58402,1.12,1.37
2016.01.18 07:48:32.345,1.58383,1.58405,1.50,1.75
2016.01.18 07:48:32.848,1.58385,1.58405,1.00,1.12
2016.01.18 07:48:33.154,1.58385,1.58398,1.00,1.50
2016.01.18 07:48:33.563,1.58387,1.58397,1.00,1.37
2016.01.18 07:48:33.665,1.5838,1.58397,1.12,1.37
2016.01.18 07:48:33.869,1.5838,1.58402,1.12,1.75
2016.01.18 07:48:34.062,1.58381,1.584,1.00,1.12
2016.01.18 07:48:34.165,1.58381,1.58404,1.87,1.12
2016.01.18 07:48:34.724,1.58384,1.58404,1.00,1.12
2016.01.18 07:48:34.826,1.58384,1.58406,1.87,1.12
2016.01.18 07:48:35.132,1.58387,1.5841,1.12,1.12
2016.01.18 07:48:35.466,1.58389,1.58412,1.12,1.12
2016.01.18 07:48:36.432,1.58391,1.58412,1.37,1.12
2016.01.18 07:48:36.617,1.58393,1.58416,1.50,2.32
2016.01.18 07:48:37.498,1.58398,1.58416,1.00,1.20
2016.01.18 07:48:37.748,1.58405,1.58424,1.50,1.12
2016.01.18 07:48:37.850,1.58407,1.5843,1.12,1.87
2016.01.18 07:48:38.461,1.58407,1.58429,1.87,1.87
2016.01.18 07:48:38.643,1.58409,1.58429,1.37,1.50
2016.01.18 07:48:39.156,1.5841,1.58429,1.12,1.00
2016.01.18 07:48:39.682,1.58408,1.58429,1.87,1.12
2016.01.18 07:48:40.766,1.5841,1.58429,1.12,1.00
2016.01.18 07:48:41.267,1.58405,1.58423,1.50,1.12
2016.01.18 07:48:42.000,1.58401,1.58423,1.75,1.12
2016.01.18 07:48:42.254,1.58401,1.58419,1.75,1.00
2016.01.18 07:48:42.438,1.58397,1.58416,1.62,1.12
2016.01.18 07:48:42.954,1.58398,1.58419,1.12,1.12
2016.01.18 07:48:44.775,1.58398,1.58419,1.50,2.25
2016.01.18 07:48:46.579,1.58396,1.58416,2.06,1.00
2016.01.18 07:48:46.784,1.58396,1.58418,1.12,1.37
2016.01.18 07:48:47.596,1.58398,1.5842,1.12,1.50
2016.01.18 07:48:47.933,1.58395,1.58415,1.37,2.25
2016.01.18 07:48:47.984,1.58394,1.58415,1.25,2.62
2016.01.18 07:48:48.289,1.58395,1.58416,1.50,1.12
2016.01.18 07:48:48.636,1.58398,1.58414,1.00,1.12
2016.01.18 07:48:48.746,1.58395,1.58414,1.50,1.12
2016.01.18 07:48:48.798,1.58395,1.58414,1.00,1.87
2016.01.18 07:48:49.797,1.58392,1.58411,1.31,1.12
2016.01.18 07:48:50.001,1.58392,1.58408,1.31,1.12
2016.01.18 07:48:50.462,1.58388,1.58403,1.31,1.00
2016.01.18 07:48:50.564,1.58384,1.58403,1.25,1.87
2016.01.18 07:48:50.666,1.58384,1.58402,1.31,1.12
2016.01.18 07:48:50.818,1.58384,1.58403,1.81,1.87
2016.01.18 07:48:50.972,1.58383,1.58404,2.44,1.12
2016.01.18 07:48:51.138,1.58388,1.58404,1.69,1.75
2016.01.18 07:48:51.342,1.58385,1.58406,1.37,1.87
2016.01.18 07:48:51.393,1.58386,1.58406,1.75,1.00
2016.01.18 07:48:51.495,1.58385,1.58405,1.25,1.87
2016.01.18 07:48:51.801,1.58385,1.58401,1.12,1.00
2016.01.18 07:48:52.004,1.58375,1.58395,1.12,1.12
2016.01.18 07:48:52.106,1.58373,1.58394,1.00,1.12
2016.01.18 07:48:52.444,1.58373,1.58388,1.56,1.00
2016.01.18 07:48:52.698,1.58371,1.58388,1.00,1.12
2016.01.18 07:48:52.800,1.58371,1.58387,1.00,1.12
2016.01.18 07:48:52.902,1.58371,1.58388,1.00,1.12
2016.01.18 07:48:53.646,1.58371,1.58385,1.00,1.00
2016.01.18 07:48:53.958,1.58367,1.58383,2.25,1.12
2016.01.18 07:48:54.009,1.58369,1.58389,1.37,1.50
2016.01.18 07:48:55.801,1.5837,1.58391,1.87,1.69
2016.01.18 07:48:56.106,1.58387,1.58406,1.00,1.12
2016.01.18 07:48:56.208,1.58389,1.58407,1.00,1.00
2016.01.18 07:48:58.176,1.58388,1.58407,1.00,1.37
2016.01.18 07:48:58.916,1.58385,1.58405,1.12,1.50
2016.01.18 07:48:59.120,1.58381,1.58401,1.12,1.25
2016.01.18 07:48:59.172,1.58381,1.58398,1.12,1.12
2016.01.18 07:48:59.223,1.58379,1.58397,1.75,1.56
2016.01.18 07:48:59.275,1.58379,1.58394,1.12,1.12
2016.01.18 07:48:59.494,1.5837,1.5839,1.37,1.62
2016.01.18 07:49:01.089,1.58367,1.58389,1.75,2.00
2016.01.18 07:49:01.140,1.58367,1.58388,1.00,1.12
2016.01.18 07:49:02.425,1.58365,1.58386,1.50,1.12
2016.01.18 07:49:03.322,1.58361,1.58382,1.37,1.12
2016.01.18 07:49:03.629,1.58363,1.58386,1.12,1.75
2016.01.18 07:49:04.081,1.58363,1.58379,1.12,1.00
2016.01.18 07:49:04.336,1.58346,1.58367,1.87,1.12
2016.01.18 07:49:04.387,1.58346,1.58368,2.25,1.75
2016.01.18 07:49:04.693,1.58351,1.58372,1.12,1.12
2016.01.18 07:49:04.744,1.58352,1.58374,1.12,1.75
2016.01.18 07:49:06.232,1.58353,1.58375,1.87,1.12
2016.01.18 07:49:11.272,1.58357,1.58375,1.00,1.12
2016.01.18 07:49:11.427,1.58358,1.58379,1.87,1.12
2016.01.18 07:49:12.516,1.58358,1.5838,2.62,1.12
2016.01.18 07:49:13.028,1.58359,1.58381,1.12,1.75
2016.01.18 07:49:14.059,1.58358,1.58376,2.62,1.37
2016.01.18 07:49:14.365,1.58359,1.58375,1.87,1.12
2016.01.18 07:49:14.467,1.58359,1.58377,2.25,1.12
2016.01.18 07:49:14.569,1.58359,1.58379,1.00,1.12
2016.01.18 07:49:14.620,1.58357,1.58378,2.25,1.12
2016.01.18 07:49:15.231,1.58359,1.58379,1.00,1.75
2016.01.18 07:49:16.496,1.5836,1.58379,1.37,1.12
2016.01.18 07:49:16.634,1.58359,1.58379,2.62,1.12
2016.01.18 07:49:19.766,1.58357,1.58377,1.12,1.50
2016.01.18 07:49:20.136,1.58358,1.58379,1.12,1.37
2016.01.18 07:49:20.238,1.58356,1.58376,1.87,1.00
2016.01.18 07:49:20.391,1.58356,1.58376,1.00,1.12
2016.01.18 07:49:20.543,1.58355,1.58374,1.12,1.12
2016.01.18 07:49:20.848,1.58355,1.58372,1.00,1.12
2016.01.18 07:49:20.899,1.58352,1.58372,1.12,1.12
2016.01.18 07:49:22.034,1.58351,1.58371,1.12,1.37
2016.01.18 07:49:23.870,1.5835,1.5837,1.50,1.12
2016.01.18 07:49:24.431,1.5835,1.5837,1.50,1.37
2016.01.18 07:49:24.932,1.5835,1.5837,1.87,1.00
2016.01.18 07:49:26.139,1.58353,1.5837,1.00,1.00
2016.01.18 07:49:26.669,1.58352,1.5837,1.12,1.00
2016.01.18 07:49:27.177,1.58353,1.5837,1.00,1.00
2016.01.18 07:49:27.483,1.58356,1.58375,1.00,1.12
2016.01.18 07:49:27.686,1.58357,1.58379,2.00,1.87
2016.01.18 07:49:29.960,1.58356,1.58378,1.87,1.12
2016.01.18 07:49:30.063,1.58357,1.58375,1.12,1.00
2016.01.18 07:49:30.266,1.58349,1.58367,1.56,1.00
2016.01.18 07:49:30.825,1.58349,1.58369,2.13,1.12
2016.01.18 07:49:31.079,1.58353,1.58373,1.12,1.12
2016.01.18 07:49:31.663,1.58352,1.58372,1.12,1.12
2016.01.18 07:49:31.969,1.58347,1.5837,2.62,2.62
2016.01.18 07:49:32.071,1.58347,1.58367,1.37,1.50
2016.01.18 07:49:32.417,1.58344,1.58367,1.87,1.87
2016.01.18 07:49:32.722,1.58348,1.5837,1.12,2.25
2016.01.18 07:49:34.598,1.58348,1.58369,1.50,1.62
2016.01.18 07:49:35.551,1.58347,1.58361,1.12,1.00
2016.01.18 07:49:35.861,1.58345,1.58353,1.12,1.37
2016.01.18 07:49:35.913,1.58337,1.58359,1.75,2.06
2016.01.18 07:49:36.014,1.58337,1.58358,2.25,1.12
2016.01.18 07:49:36.341,1.58338,1.5836,1.75,1.87
2016.01.18 07:49:38.108,1.58335,1.58357,1.87,1.75
2016.01.18 07:49:38.419,1.58332,1.58353,1.50,1.12
2016.01.18 07:49:42.020,1.58334,1.58355,1.12,1.12
2016.01.18 07:49:42.335,1.58333,1.58355,1.12,1.75
2016.01.18 07:49:42.643,1.5833,1.58353,1.12,2.62
2016.01.18 07:49:42.948,1.58326,1.58347,1.12,2.06
2016.01.18 07:49:43.273,1.58323,1.58344,1.37,1.12
2016.01.18 07:49:43.578,1.58321,1.5834,1.37,1.12
2016.01.18 07:49:43.883,1.58316,1.58335,1.00,1.75
2016.01.18 07:49:44.217,1.58319,1.58342,1.75,1.87
2016.01.18 07:49:46.683,1.58319,1.58339,1.12,1.00
2016.01.18 07:49:46.819,1.58317,1.58339,2.00,1.75
2016.01.18 07:49:46.920,1.58315,1.58337,1.37,1.12
2016.01.18 07:49:47.446,1.58315,1.58334,1.69,1.00
2016.01.18 07:49:47.751,1.58313,1.58333,1.62,1.37
2016.01.18 07:49:47.938,1.5831,1.5833,1.00,1.12
2016.01.18 07:49:48.039,1.58308,1.58328,1.31,1.00
2016.01.18 07:49:48.446,1.58309,1.58328,1.50,1.00
2016.01.18 07:49:48.649,1.58314,1.58333,1.00,1.12
2016.01.18 07:49:48.940,1.58317,1.58338,1.50,1.12
2016.01.18 07:49:49.612,1.5832,1.58338,1.00,1.12
2016.01.18 07:49:49.663,1.58321,1.58341,1.25,1.12
2016.01.18 07:49:50.080,1.58321,1.58343,1.31,1.12
2016.01.18 07:49:50.284,1.58324,1.58344,1.25,1.87
2016.01.18 07:49:50.386,1.58324,1.58344,2.06,1.12
2016.01.18 07:49:53.672,1.58322,1.58343,1.37,1.12
2016.01.18 07:49:54.217,1.5832,1.58342,1.12,1.12
2016.01.18 07:49:55.713,1.58323,1.58342,1.00,1.12
2016.01.18 07:49:56.220,1.58323,1.58342,2.06,1.12
2016.01.18 07:49:56.782,1.58323,1.58342,1.00,1.12
2016.01.18 07:49:56.960,1.58323,1.58342,1.31,1.00
2016.01.18 07:49:58.441,1.58327,1.58342,1.00,1.00
2016.01.18 07:49:58.695,1.58327,1.58347,1.99,1.12
2016.01.18 07:49:58.746,1.5833,1.58349,1.12,1.75
2016.01.18 07:49:58.798,1.5833,1.58349,1.50,1.12
2016.01.18 07:49:59.345,1.58332,1.58353,1.00,2.00
2016.01.18 07:49:59.751,1.58328,1.5835,1.87,1.75
2016.01.18 07:49:59.802,1.58328,1.58349,1.50,1.12
2016.01.18 07:50:00.884,1.58328,1.58349,2.62,1.12
2016.01.18 07:50:01.393,1.58327,1.58346,2.25,1.00
2016.01.18 07:50:02.203,1.58326,1.58346,1.75,1.00
2016.01.18 07:50:02.865,1.58326,1.58346,1.37,1.37
2016.01.18 07:50:02.916,1.58325,1.58346,1.50,1.12
2016.01.18 07:50:03.660,1.58323,1.58343,1.12,1.37
2016.01.18 07:50:03.711,1.5832,1.58342,2.17,1.87
2016.01.18 07:50:03.762,1.5832,1.58337,1.37,1.00
2016.01.18 07:50:03.921,1.58313,1.58335,1.12,1.87
2016.01.18 07:50:04.175,1.58314,1.58335,1.75,1.25
2016.01.18 07:50:04.378,1.58317,1.58337,1.00,1.12
2016.01.18 07:50:04.997,1.58313,1.58335,1.12,1.37
2016.01.18 07:50:05.305,1.58309,1.58331,1.12,1.75
2016.01.18 07:50:05.613,1.58305,1.58321,1.00,1.50
2016.01.18 07:50:05.717,1.58301,1.58318,1.00,1.62
2016.01.18 07:50:05.768,1.58301,1.58313,1.00,1.00
2016.01.18 07:50:06.117,1.58301,1.58312,1.00,1.50
2016.01.18 07:50:06.425,1.58298,1.58305,1.00,1.69
2016.01.18 07:50:06.577,1.5828,1.583,1.37,1.12
2016.01.18 07:50:06.724,1.58277,1.58298,1.12,1.62
2016.01.18 07:50:07.029,1.5829,1.58298,1.00,1.87
2016.01.18 07:50:07.181,1.58277,1.58298,1.12,1.62
2016.01.18 07:50:07.821,1.58278,1.583,1.12,2.25
2016.01.18 07:50:08.684,1.58282,1.58302,1.12,1.50
2016.01.18 07:50:08.930,1.58285,1.58305,1.00,1.00
2016.01.18 07:50:09.032,1.58285,1.58306,1.12,1.87
2016.01.18 07:50:09.701,1.58289,1.58306,1.00,1.00
2016.01.18 07:50:10.201,1.5829,1.58306,1.50,1.00
2016.01.18 07:50:10.709,1.58289,1.5831,1.87,1.37
2016.01.18 07:50:11.115,1.58295,1.58314,1.12,1.12
2016.01.18 07:50:11.423,1.58294,1.58314,1.12,1.00
2016.01.18 07:50:11.677,1.58292,1.58314,1.75,3.75
2016.01.18 07:50:11.728,1.58292,1.58311,1.12,1.00
2016.01.18 07:50:12.236,1.58292,1.58311,1.50,1.00
2016.01.18 07:50:13.121,1.58289,1.58311,1.87,1.12
2016.01.18 07:50:13.898,1.58289,1.58308,1.12,1.37
2016.01.18 07:50:14.204,1.5828,1.58299,1.75,1.00
2016.01.18 07:50:14.306,1.58275,1.58297,1.12,1.12
2016.01.18 07:50:14.409,1.58274,1.58296,1.50,1.87
2016.01.18 07:50:14.723,1.58274,1.58293,1.12,1.00
2016.01.18 07:50:14.825,1.58272,1.58293,2.25,1.50
2016.01.18 07:50:15.726,1.58274,1.58296,1.37,3.00
2016.01.18 07:50:15.929,1.58275,1.58298,1.12,2.44
2016.01.18 07:50:16.184,1.58279,1.58298,1.00,1.12
2016.01.18 07:50:16.236,1.58279,1.583,1.12,1.12
2016.01.18 07:50:16.287,1.58281,1.58301,1.12,1.75
2016.01.18 07:50:16.338,1.58281,1.58302,1.50,2.00
2016.01.18 07:50:16.845,1.58283,1.58302,1.00,1.12
2016.01.18 07:50:19.065,1.58284,1.58302,1.00,1.12
2016.01.18 07:50:19.626,1.58284,1.58298,1.00,1.00
2016.01.18 07:50:19.941,1.58277,1.58296,1.00,1.12
2016.01.18 07:50:20.450,1.58277,1.58299,2.06,1.87
2016.01.18 07:50:20.552,1.58277,1.58298,1.50,1.12
2016.01.18 07:50:20.871,1.58277,1.58299,1.87,1.87
2016.01.18 07:50:21.177,1.58277,1.58293,1.00,1.12
2016.01.18 07:50:21.534,1.58275,1.58293,1.00,1.12
2016.01.18 07:50:21.637,1.58272,1.58292,1.37,1.50
2016.01.18 07:50:23.913,1.5827,1.58292,2.44,1.12
2016.01.18 07:50:23.964,1.5827,1.58291,2.06,1.12
2016.01.18 07:50:24.168,1.58273,1.58293,1.00,1.12
2016.01.18 07:50:24.269,1.58273,1.58294,1.50,1.12
2016.01.18 07:50:24.616,1.58277,1.58297,1.12,1.12
2016.01.18 07:50:24.667,1.58277,1.58298,1.50,1.75
2016.01.18 07:50:25.533,1.58279,1.58301,1.75,1.12
2016.01.18 07:50:25.868,1.58283,1.58303,1.50,1.50
2016.01.18 07:50:29.567,1.58284,1.58306,1.37,2.25
2016.01.18 07:50:30.088,1.58285,1.58305,1.00,1.50
2016.01.18 07:50:30.392,1.58282,1.58304,1.87,1.50
2016.01.18 07:50:32.891,1.58284,1.58305,1.12,1.50
2016.01.18 07:50:33.269,1.58282,1.58301,1.75,1.00
2016.01.18 07:50:33.600,1.58274,1.58294,1.37,1.50
2016.01.18 07:50:34.286,1.58271,1.58293,1.75,1.54
2016.01.18 07:50:34.541,1.58268,1.5829,2.62,1.75
2016.01.18 07:50:35.238,1.58268,1.58289,2.62,1.87
2016.01.18 07:50:35.846,1.58268,1.5829,2.25,2.38
2016.01.18 07:50:35.999,1.58271,1.58292,1.37,1.50
2016.01.18 07:50:36.050,1.58271,1.58292,1.50,1.00
2016.01.18 07:50:36.101,1.58271,1.58293,1.87,1.37
2016.01.18 07:50:36.640,1.58274,1.58294,1.12,2.00
2016.01.18 07:50:37.046,1.58275,1.58295,1.62,2.62
2016.01.18 07:50:37.301,1.58275,1.58295,2.44,1.00
2016.01.18 07:50:38.200,1.58278,1.58297,1.00,1.75
2016.01.18 07:50:38.709,1.58277,1.58297,2.25,1.12
2016.01.18 07:50:38.839,1.58277,1.58294,1.00,1.12
2016.01.18 07:50:38.891,1.58272,1.58289,1.69,1.00
2016.01.18 07:50:38.942,1.58271,1.58289,2.06,1.00
2016.01.18 07:50:38.993,1.58269,1.5829,2.62,2.25
2016.01.18 07:50:39.146,1.58268,1.58285,1.25,1.00
2016.01.18 07:50:39.708,1.58267,1.58285,1.69,1.00
2016.01.18 07:50:40.214,1.58266,1.58285,2.62,1.00
2016.01.18 07:50:41.402,1.58267,1.58288,1.31,1.75
2016.01.18 07:50:41.504,1.5827,1.58288,1.62,1.12
2016.01.18 07:50:42.865,1.5827,1.58291,1.12,3.37
2016.01.18 07:50:45.102,1.58271,1.58289,1.00,1.00
2016.01.18 07:50:45.476,1.58268,1.58288,2.00,1.37
2016.01.18 07:50:45.732,1.58265,1.58283,1.00,2.25
2016.01.18 07:50:46.241,1.58263,1.58282,1.12,1.37
2016.01.18 07:50:46.976,1.58262,1.58283,1.12,1.50
2016.01.18 07:50:47.682,1.58262,1.58282,1.12,1.37
2016.01.18 07:50:48.366,1.58262,1.58282,1.12,1.00
2016.01.18 07:50:48.519,1.58264,1.58285,1.94,2.62
2016.01.18 07:50:48.671,1.58271,1.58289,1.62,1.00
2016.01.18 07:50:48.723,1.58272,1.5829,1.37,1.12
2016.01.18 07:50:48.875,1.58269,1.58288,1.75,1.00
2016.01.18 07:50:49.171,1.58267,1.58288,2.00,1.50
2016.01.18 07:50:49.578,1.58274,1.58292,1.00,1.50
2016.01.18 07:50:49.883,1.58268,1.58289,1.50,1.75
2016.01.18 07:50:49.934,1.58269,1.5829,1.31,2.25
2016.01.18 07:50:50.274,1.58271,1.58291,1.12,1.12
2016.01.18 07:50:50.782,1.58273,1.58293,1.62,1.50
2016.01.18 07:50:52.759,1.58272,1.58292,1.12,1.81
2016.01.18 07:50:53.168,1.58272,1.5829,1.00,1.25
2016.01.18 07:50:54.066,1.58273,1.58294,1.50,2.00
2016.01.18 07:50:54.372,1.58281,1.58297,1.12,1.00
2016.01.18 07:50:54.423,1.58281,1.583,1.12,1.87
2016.01.18 07:50:55.003,1.58281,1.58298,1.12,1.00
2016.01.18 07:50:55.987,1.58281,1.583,1.12,1.87
2016.01.18 07:50:56.559,1.58281,1.58298,1.12,1.00
2016.01.18 07:50:57.485,1.58278,1.58298,1.75,1.00
2016.01.18 07:50:57.727,1.58281,1.58295,1.00,1.00
2016.01.18 07:50:57.981,1.58281,1.58297,1.00,1.00
2016.01.18 07:50:58.491,1.58278,1.58298,1.12,1.00
2016.01.18 07:50:59.495,1.58278,1.58297,1.12,1.00
2016.01.18 07:50:59.596,1.58278,1.58299,1.12,1.69
2016.01.18 07:51:01.248,1.58278,1.58298,1.75,1.00
2016.01.18 07:51:01.299,1.58277,1.58297,1.00,1.00
2016.01.18 07:51:01.351,1.58277,1.58294,1.00,1.00
2016.01.18 07:51:01.596,1.5827,1.58292,1.12,1.75
2016.01.18 07:51:02.003,1.58269,1.5829,1.00,1.12
2016.01.18 07:51:02.505,1.58267,1.58288,1.62,1.87
2016.01.18 07:51:03.013,1.58264,1.58285,1.12,2.06
2016.01.18 07:51:03.318,1.58263,1.58282,1.12,1.00
2016.01.18 07:51:03.863,1.58264,1.58282,1.12,1.56
2016.01.18 07:51:04.422,1.58264,1.5828,1.12,1.00
2016.01.18 07:51:04.909,1.58261,1.5828,1.37,1.00
2016.01.18 07:51:05.878,1.58261,1.58279,1.37,1.00
2016.01.18 07:51:06.423,1.58259,1.58279,1.37,1.12
2016.01.18 07:51:06.525,1.58258,1.58278,1.62,1.37
2016.01.18 07:51:06.830,1.58256,1.58275,1.37,1.00
2016.01.18 07:51:06.881,1.58255,1.58275,2.00,1.12
2016.01.18 07:51:07.426,1.58255,1.58275,1.62,1.50
2016.01.18 07:51:08.296,1.58253,1.58272,1.75,1.00
2016.01.18 07:51:09.253,1.58253,1.58268,1.12,1.00
2016.01.18 07:51:09.405,1.58248,1.58268,1.75,1.12
2016.01.18 07:51:12.618,1.5825,1.58268,1.12,1.12
2016.01.18 07:51:12.823,1.58253,1.58272,1.12,1.00
2016.01.18 07:51:13.631,1.58255,1.58272,1.12,1.00
2016.01.18 07:51:14.141,1.58256,1.58272,1.12,1.00
2016.01.18 07:51:14.637,1.58258,1.58272,1.12,1.00
2016.01.18 07:51:14.943,1.58261,1.58272,1.12,1.00
2016.01.18 07:51:15.248,1.58266,1.58281,1.00,1.00
2016.01.18 07:51:15.300,1.58265,1.58281,1.12,1.00
2016.01.18 07:51:15.836,1.58265,1.58282,1.12,2.62
2016.01.18 07:51:15.887,1.58265,1.58282,1.12,2.06
2016.01.18 07:51:16.349,1.58269,1.58285,1.37,1.00
2016.01.18 07:51:16.451,1.58272,1.58288,1.00,1.50
2016.01.18 07:51:16.502,1.58271,1.58288,1.12,1.50
2016.01.18 07:51:16.553,1.58272,1.58291,1.50,1.00
2016.01.18 07:51:16.747,1.58277,1.58289,1.37,1.00
2016.01.18 07:51:16.953,1.58272,1.58288,1.12,1.56
2016.01.18 07:51:17.004,1.58272,1.5829,1.12,1.00
2016.01.18 07:51:17.310,1.58269,1.58289,1.12,1.65
2016.01.18 07:51:17.362,1.58269,1.58286,1.37,1.00
2016.01.18 07:51:17.751,1.5827,1.58284,1.00,1.00
2016.01.18 07:51:18.614,1.58267,1.58284,1.37,1.00
2016.01.18 07:51:18.666,1.58268,1.58282,1.00,1.00
2016.01.18 07:51:19.201,1.58265,1.58281,1.12,1.00
2016.01.18 07:51:19.711,1.58265,1.5828,1.12,1.00
2016.01.18 07:51:20.139,1.58261,1.5828,1.75,1.00
2016.01.18 07:51:20.241,1.58263,1.5828,1.12,1.00
2016.01.18 07:51:20.952,1.58265,1.5828,1.12,1.00
2016.01.18 07:51:21.229,1.58264,1.58283,1.12,1.00
2016.01.18 07:51:22.092,1.58264,1.58284,1.12,1.20
2016.01.18 07:51:23.084,1.58264,1.58285,1.12,1.87
2016.01.18 07:51:23.593,1.58264,1.58284,1.37,1.12
2016.01.18 07:51:23.644,1.58262,1.58284,1.12,1.50
2016.01.18 07:51:23.955,1.58265,1.58287,1.12,2.25
2016.01.18 07:51:24.057,1.58267,1.58288,1.37,1.50
2016.01.18 07:51:24.159,1.58268,1.58289,1.12,2.25
2016.01.18 07:51:24.211,1.58275,1.58289,1.00,1.50
2016.01.18 07:51:24.313,1.58272,1.58292,1.12,1.12
2016.01.18 07:51:24.365,1.58276,1.58293,1.12,1.50
2016.01.18 07:51:24.467,1.58281,1.58299,1.12,3.00
2016.01.18 07:51:24.519,1.58283,1.58299,1.00,1.50
2016.01.18 07:51:24.673,1.58288,1.58308,1.37,1.12
2016.01.18 07:51:24.863,1.58291,1.58308,1.75,1.00
2016.01.18 07:51:24.965,1.58291,1.5831,1.75,1.50
2016.01.18 07:51:25.171,1.58293,1.58313,1.75,1.87
2016.01.18 07:51:25.679,1.58293,1.58312,1.12,1.00
2016.01.18 07:51:26.193,1.58293,1.58313,1.12,1.12
2016.01.18 07:51:28.058,1.58291,1.58313,1.12,2.25
2016.01.18 07:51:28.241,1.58288,1.5831,1.75,1.12
2016.01.18 07:51:28.547,1.58286,1.58306,1.87,1.00
2016.01.18 07:51:29.055,1.58284,1.58306,1.75,1.50
2016.01.18 07:51:29.712,1.58284,1.58304,1.12,1.00
2016.01.18 07:51:29.865,1.58281,1.58299,1.12,1.00
2016.01.18 07:51:30.069,1.58277,1.58296,1.12,1.00
2016.01.18 07:51:30.676,1.58276,1.58296,1.12,1.87
2016.01.18 07:51:30.727,1.58277,1.58287,1.12,1.00
2016.01.18 07:51:30.880,1.58265,1.58286,1.87,1.12
2016.01.18 07:51:30.982,1.58265,1.58284,1.37,1.00
2016.01.18 07:51:31.288,1.58266,1.58282,1.12,1.00
2016.01.18 07:51:31.440,1.58264,1.58282,1.12,1.00
2016.01.18 07:51:32.083,1.58264,1.58283,1.12,1.00
2016.01.18 07:51:33.108,1.58264,1.58284,1.12,1.00
2016.01.18 07:51:33.805,1.58264,1.58282,1.12,1.00
2016.01.18 07:51:34.110,1.5826,1.58276,1.00,1.12
2016.01.18 07:51:34.617,1.58257,1.58276,1.00,1.50
2016.01.18 07:51:35.160,1.58258,1.58277,1.00,1.12
2016.01.18 07:51:35.211,1.58261,1.58278,1.87,1.12
2016.01.18 07:51:35.365,1.58267,1.58283,1.12,1.00
2016.01.18 07:51:35.416,1.58269,1.58286,1.50,1.37
2016.01.18 07:51:35.467,1.58269,1.58286,1.75,1.00
2016.01.18 07:51:35.569,1.58269,1.58286,1.12,1.50
2016.01.18 07:51:35.620,1.5827,1.58286,1.37,1.00
2016.01.18 07:51:35.722,1.5827,1.5829,1.37,1.37
2016.01.18 07:51:35.840,1.5827,1.58291,1.75,1.50
2016.01.18 07:51:36.365,1.58271,1.58289,1.87,1.00
2016.01.18 07:51:36.938,1.58271,1.5829,1.87,1.12
2016.01.18 07:51:38.722,1.58275,1.58293,1.00,1.75
2016.01.18 07:51:38.874,1.58281,1.58298,1.07,1.00
2016.01.18 07:51:38.926,1.58282,1.58299,1.47,1.00
2016.01.18 07:51:39.027,1.58286,1.58305,1.00,1.37
2016.01.18 07:51:39.079,1.58287,1.58305,1.37,1.00
2016.01.18 07:51:39.221,1.5829,1.58308,1.87,1.00
2016.01.18 07:51:39.272,1.5829,1.58312,1.87,2.62
2016.01.18 07:51:39.375,1.58292,1.58312,1.12,1.87
2016.01.18 07:51:39.919,1.58297,1.58317,1.37,2.25
2016.01.18 07:51:39.971,1.58297,1.58317,1.95,1.50
2016.01.18 07:51:40.022,1.583,1.58318,1.12,1.12
2016.01.18 07:51:40.125,1.58305,1.58325,1.00,1.87
2016.01.18 07:51:40.228,1.58309,1.58325,1.75,1.37
2016.01.18 07:51:40.382,1.58306,1.58325,1.37,1.12
2016.01.18 07:51:40.929,1.58304,1.58325,2.25,1.50
2016.01.18 07:51:40.980,1.58304,1.58325,1.87,2.25
2016.01.18 07:51:44.406,1.58305,1.58325,1.37,2.25
2016.01.18 07:51:44.508,1.58307,1.58325,1.12,1.12
2016.01.18 07:51:44.762,1.58309,1.58325,1.12,1.00
2016.01.18 07:51:44.877,1.58309,1.58327,1.12,1.00
2016.01.18 07:51:45.044,1.58309,1.58329,1.37,1.50
2016.01.18 07:51:45.095,1.58308,1.58327,1.12,1.00
2016.01.18 07:51:45.400,1.58305,1.58324,1.12,1.00
2016.01.18 07:51:45.907,1.58304,1.58322,1.12,1.00
2016.01.18 07:51:46.182,1.58299,1.58316,1.12,1.00
2016.01.18 07:51:46.234,1.58299,1.58314,1.12,1.37
2016.01.18 07:51:46.604,1.58297,1.58314,1.12,1.87
2016.01.18 07:51:46.706,1.58297,1.58311,1.00,1.37
2016.01.18 07:51:47.011,1.58297,1.58311,1.37,1.37
2016.01.18 07:51:47.531,1.58295,1.58311,1.12,1.37
2016.01.18 07:51:48.105,1.58295,1.58313,1.12,1.37
2016.01.18 07:51:48.918,1.58296,1.58314,1.12,1.37
2016.01.18 07:51:49.462,1.58297,1.58314,1.12,1.37
2016.01.18 07:51:51.125,1.58297,1.58314,1.12,1.69
2016.01.18 07:51:51.379,1.58295,1.58314,1.87,1.00
2016.01.18 07:51:51.894,1.58295,1.58315,1.87,1.31
2016.01.18 07:51:51.996,1.58295,1.58313,1.87,1.00
2016.01.18 07:51:52.300,1.58295,1.58315,1.87,1.31
2016.01.18 07:51:53.496,1.58295,1.58315,1.12,1.62
2016.01.18 07:51:53.800,1.58295,1.58315,1.75,1.25
2016.01.18 07:51:54.266,1.58295,1.58312,1.75,1.00
2016.01.18 07:51:54.504,1.58292,1.58311,1.00,1.50
2016.01.18 07:51:54.707,1.58292,1.58311,1.12,1.00
2016.01.18 07:51:55.012,1.58291,1.58309,1.12,1.31
2016.01.18 07:51:58.188,1.5829,1.58309,1.75,1.69
2016.01.18 07:51:59.265,1.58291,1.58309,1.12,1.12
2016.01.18 07:51:59.821,1.58292,1.58309,1.12,1.12
2016.01.18 07:52:00.126,1.58291,1.58306,1.00,1.00
2016.01.18 07:52:01.742,1.58291,1.58309,1.00,1.69
2016.01.18 07:52:01.793,1.58291,1.58309,1.12,1.12
2016.01.18 07:52:02.018,1.58294,1.58314,1.50,2.62
2016.01.18 07:52:02.526,1.58296,1.58314,1.00,1.12
2016.01.18 07:52:03.129,1.58294,1.58314,1.50,1.87
2016.01.18 07:52:03.575,1.58294,1.58314,1.87,1.12
2016.01.18 07:52:04.225,1.58294,1.58312,1.12,1.00
2016.01.18 07:52:04.532,1.58292,1.58309,1.12,1.00
2016.01.18 07:52:04.583,1.58292,1.58309,1.00,1.00
2016.01.18 07:52:06.178,1.58292,1.58311,1.00,1.00
2016.01.18 07:52:07.743,1.58293,1.58311,1.00,1.00
2016.01.18 07:52:08.757,1.58292,1.58311,1.50,1.00
2016.01.18 07:52:10.808,1.58292,1.58312,1.50,1.00
2016.01.18 07:52:12.675,1.58292,1.58312,1.50,2.25
2016.01.18 07:52:15.433,1.58292,1.58309,1.00,1.00
2016.01.18 07:52:15.637,1.58288,1.58306,1.12,1.12
2016.01.18 07:52:15.803,1.58284,1.58305,1.87,1.87
2016.01.18 07:52:16.320,1.58282,1.58304,3.00,1.75
2016.01.18 07:52:16.624,1.58286,1.58304,1.00,1.12
2016.01.18 07:52:16.967,1.5829,1.58308,1.00,1.87
2016.01.18 07:52:17.068,1.5829,1.58308,1.50,1.00
2016.01.18 07:52:17.576,1.58291,1.58312,1.00,1.87
2016.01.18 07:52:18.084,1.5829,1.5831,1.12,1.12
2016.01.18 07:52:18.591,1.5829,1.58312,1.50,1.87
2016.01.18 07:52:18.845,1.58293,1.58312,1.00,1.12
2016.01.18 07:52:19.738,1.58293,1.58314,1.12,2.25
2016.01.18 07:52:23.980,1.58291,1.5831,1.87,1.00
2016.01.18 07:52:24.528,1.58291,1.58311,1.87,1.00
2016.01.18 07:52:26.676,1.58291,1.5831,1.37,1.00
2016.01.18 07:52:30.054,1.58291,1.58311,1.37,1.00
2016.01.18 07:52:30.533,1.5829,1.58309,1.12,1.37
2016.01.18 07:52:30.584,1.58289,1.58309,1.12,1.37
2016.01.18 07:52:30.737,1.58287,1.58306,1.75,1.50
2016.01.18 07:52:30.789,1.58287,1.58306,1.12,1.87
2016.01.18 07:52:30.840,1.58287,1.583,1.12,1.00
2016.01.18 07:52:31.044,1.58281,1.58299,1.12,1.00
2016.01.18 07:52:31.095,1.58279,1.58299,1.75,1.12
2016.01.18 07:52:31.555,1.58282,1.58303,1.87,3.37
2016.01.18 07:52:34.006,1.58283,1.58302,1.37,1.81
2016.01.18 07:52:35.949,1.58284,1.58302,2.25,1.81
2016.01.18 07:52:36.457,1.58286,1.58302,1.37,1.12
2016.01.18 07:52:36.762,1.58286,1.58304,1.37,1.12
2016.01.18 07:52:36.963,1.58285,1.58306,2.62,1.87
2016.01.18 07:52:38.259,1.58287,1.58306,1.00,2.25
2016.01.18 07:52:38.836,1.58287,1.58301,1.00,1.12
2016.01.18 07:52:39.091,1.58284,1.58301,2.25,1.12
2016.01.18 07:52:39.538,1.5828,1.583,1.37,1.81
2016.01.18 07:52:39.743,1.5828,1.58295,1.37,1.12
2016.01.18 07:52:39.794,1.58278,1.58295,1.37,1.12
2016.01.18 07:52:39.845,1.58278,1.58292,1.37,1.12
2016.01.18 07:52:39.947,1.58278,1.58296,1.37,2.25
2016.01.18 07:52:41.804,1.58278,1.58294,1.37,1.12
2016.01.18 07:52:41.976,1.58275,1.58294,1.12,1.81
2016.01.18 07:52:42.384,1.58268,1.58287,1.75,1.75
2016.01.18 07:52:42.486,1.58267,1.58284,1.00,1.75
2016.01.18 07:52:42.587,1.58264,1.58282,1.50,1.44
2016.01.18 07:52:42.790,1.5826,1.5828,1.87,1.12
2016.01.18 07:52:44.161,1.5826,1.5828,2.62,1.12
2016.01.18 07:52:44.709,1.58263,1.58282,1.37,1.44
2016.01.18 07:52:45.014,1.58267,1.58286,2.25,1.75
2016.01.18 07:52:45.065,1.5827,1.58287,1.12,1.12
2016.01.18 07:52:45.167,1.58274,1.58289,1.37,1.00
2016.01.18 07:52:45.269,1.58274,1.58292,1.00,1.12
2016.01.18 07:52:45.371,1.58272,1.58291,2.25,1.37
2016.01.18 07:52:45.691,1.58269,1.58288,2.25,1.12
2016.01.18 07:52:46.675,1.58268,1.58288,1.37,1.37
2016.01.18 07:52:46.976,1.58277,1.58297,1.75,2.25
2016.01.18 07:52:47.029,1.5828,1.58299,1.37,1.12
2016.01.18 07:52:47.847,1.58279,1.58299,1.12,1.12
2016.01.18 07:52:50.834,1.58278,1.58299,1.87,2.02
2016.01.18 07:52:51.090,1.5827,1.58293,2.62,1.27
2016.01.18 07:52:51.524,1.58271,1.58291,1.12,1.20
2016.01.18 07:52:51.786,1.58269,1.5829,3.75,1.27
2016.01.18 07:52:52.694,1.58269,1.58289,2.25,1.00
2016.01.18 07:52:54.017,1.58269,1.58291,1.87,2.25
2016.01.18 07:52:54.428,1.58269,1.58291,1.50,1.12
2016.01.18 07:53:00.656,1.5827,1.58291,2.81,1.12
2016.01.18 07:53:01.011,1.58271,1.58292,1.69,1.37
2016.01.18 07:53:28.103,1.58274,1.58294,1.37,2.62
2016.01.18 07:53:31.017,1.58277,1.58294,1.00,1.12
2016.01.18 07:53:31.069,1.58277,1.58296,1.12,1.37
2016.01.18 07:53:31.120,1.58277,1.58297,2.62,1.75
2016.01.18 07:53:31.171,1.58279,1.58297,1.37,1.00
2016.01.18 07:53:31.325,1.58281,1.58297,1.37,1.00
2016.01.18 07:53:31.580,1.58283,1.58302,1.00,1.12
2016.01.18 07:53:31.631,1.58284,1.58302,1.37,1.12
2016.01.18 07:53:32.176,1.58286,1.58302,1.00,1.12
2016.01.18 07:53:33.380,1.58284,1.58302,1.50,1.12
2016.01.18 07:53:34.239,1.58284,1.58302,1.12,1.12
2016.01.18 07:53:35.587,1.58283,1.58304,2.62,1.37
2016.01.18 07:53:52.168,1.58282,1.58302,2.25,1.00
2016.01.18 07:53:53.227,1.58282,1.58299,1.00,1.00
2016.01.18 07:53:53.533,1.58264,1.58278,1.12,1.50
2016.01.18 07:53:53.635,1.58261,1.58278,1.37,1.37
2016.01.18 07:53:53.876,1.58261,1.58279,1.37,1.37
2016.01.18 07:53:54.130,1.5826,1.58278,1.12,1.50
2016.01.18 07:53:54.436,1.58257,1.58276,1.00,1.00
2016.01.18 07:53:54.690,1.58256,1.58271,1.00,1.37
2016.01.18 07:53:54.937,1.5825,1.5827,2.62,1.50
2016.01.18 07:53:54.988,1.58251,1.5827,1.00,1.87
2016.01.18 07:53:55.141,1.58253,1.58272,1.00,1.75
2016.01.18 07:53:55.648,1.5825,1.58271,1.12,1.50
2016.01.18 07:54:01.442,1.58255,1.58273,1.00,1.12
2016.01.18 07:54:01.595,1.58253,1.58273,1.00,1.12
2016.01.18 07:54:02.102,1.58256,1.58271,1.00,1.12
2016.01.18 07:54:02.343,1.58253,1.58271,1.00,1.12
2016.01.18 07:54:02.394,1.58256,1.58271,1.00,1.12
2016.01.18 07:54:02.445,1.58253,1.58271,1.00,1.12
2016.01.18 07:54:02.496,1.58253,1.5827,1.00,1.87
2016.01.18 07:54:02.650,1.58251,1.58273,1.50,1.87
2016.01.18 07:54:02.702,1.58253,1.58271,1.00,1.37
2016.01.18 07:54:02.907,1.58256,1.58274,1.12,1.50
2016.01.18 07:54:02.959,1.58258,1.58276,1.00,1.87
2016.01.18 07:54:03.346,1.58256,1.58276,1.12,1.12
2016.01.18 07:54:04.348,1.58253,1.58274,1.87,1.12
2016.01.18 07:54:08.352,1.58254,1.58276,1.12,1.87
2016.01.18 07:54:08.657,1.58259,1.58276,1.00,1.12
2016.01.18 07:54:09.415,1.58255,1.58276,2.25,1.12
2016.01.18 07:54:09.922,1.58259,1.58275,1.00,1.12
2016.01.18 07:54:09.973,1.58257,1.58275,1.00,1.12
2016.01.18 07:54:10.685,1.58255,1.58275,1.50,1.12
2016.01.18 07:54:11.230,1.58255,1.58274,1.00,1.12
2016.01.18 07:54:11.632,1.5825,1.58273,3.37,1.87
2016.01.18 07:54:11.937,1.58243,1.58263,1.87,1.37
2016.01.18 07:54:12.242,1.58244,1.58262,1.00,1.12
2016.01.18 07:54:12.593,1.58244,1.58263,1.00,1.37
2016.01.18 07:54:15.137,1.58243,1.58263,1.00,1.00
2016.01.18 07:54:16.067,1.58243,1.58266,1.75,3.00
2016.01.18 07:54:17.090,1.58243,1.58264,1.00,1.12
2016.01.18 07:54:17.396,1.58249,1.58266,1.00,1.87
2016.01.18 07:54:17.702,1.58257,1.58273,1.00,1.37
2016.01.18 07:54:17.961,1.58262,1.58278,1.00,1.50
2016.01.18 07:54:18.013,1.58268,1.5828,1.00,1.12
2016.01.18 07:54:18.065,1.58268,1.58283,1.00,1.00
2016.01.18 07:54:18.321,1.58271,1.58283,1.00,1.00
2016.01.18 07:54:18.373,1.58271,1.58288,1.00,1.00
2016.01.18 07:54:18.475,1.58274,1.58292,1.00,1.12
2016.01.18 07:54:18.577,1.58274,1.58294,1.12,1.87
2016.01.18 07:54:18.951,1.58277,1.58296,1.12,1.87
2016.01.18 07:54:19.002,1.58277,1.58298,1.12,2.25
2016.01.18 07:54:19.053,1.5828,1.58298,1.37,1.37
2016.01.18 07:54:19.104,1.5828,1.58298,1.50,1.00
2016.01.18 07:54:19.821,1.5828,1.58298,1.87,1.00
2016.01.18 07:54:20.178,1.5828,1.58298,1.50,1.12
2016.01.18 07:54:20.331,1.58271,1.58285,8.62,3.75
2016.01.18 07:54:20.435,1.58274,1.58281,1.00,2.19
2016.01.18 07:54:20.487,1.58277,1.58281,1.00,1.12
2016.01.18 07:54:20.539,1.58277,1.58282,1.00,1.00
2016.01.18 07:54:20.641,1.58262,1.58282,1.00,1.00
2016.01.18 07:54:20.848,1.58262,1.58285,1.87,1.87
2016.01.18 07:54:21.081,1.58261,1.58281,2.25,1.00
2016.01.18 07:54:21.696,1.58258,1.58281,1.87,1.87
2016.01.18 07:54:21.978,1.58258,1.58279,1.50,1.12
2016.01.18 07:54:22.080,1.58261,1.58279,1.00,1.12
2016.01.18 07:54:22.191,1.58258,1.58279,1.00,1.12
2016.01.18 07:54:22.598,1.5826,1.58279,1.00,1.12
2016.01.18 07:54:22.751,1.5826,1.58282,1.50,1.87
2016.01.18 07:54:23.298,1.58262,1.58282,1.00,1.87
2016.01.18 07:54:25.169,1.5826,1.58282,1.37,1.87
2016.01.18 07:54:25.271,1.58257,1.58279,1.12,1.12
2016.01.18 07:54:25.575,1.58256,1.58276,1.00,1.37
2016.01.18 07:54:26.371,1.58256,1.58273,1.00,1.87
2016.01.18 07:54:26.574,1.58249,1.58269,1.37,1.37
2016.01.18 07:54:26.625,1.58249,1.5827,1.50,1.50
2016.01.18 07:54:26.677,1.58249,1.5827,1.12,1.37
2016.01.18 07:54:26.779,1.58247,1.5827,1.12,1.87
2016.01.18 07:54:26.963,1.58246,1.58266,1.87,1.37
2016.01.18 07:54:27.015,1.58244,1.58266,1.87,3.19
2016.01.18 07:54:27.066,1.58244,1.58262,1.50,1.00
2016.01.18 07:54:27.118,1.58242,1.58262,1.12,1.00
2016.01.18 07:54:27.169,1.58241,1.58262,1.87,1.37
2016.01.18 07:54:27.677,1.5824,1.58262,1.75,1.75
2016.01.18 07:54:28.587,1.5824,1.5826,1.50,1.12
2016.01.18 07:54:28.893,1.58244,1.58264,1.00,1.50
2016.01.18 07:54:29.133,1.58246,1.58264,1.00,1.00
2016.01.18 07:54:29.439,1.58251,1.58268,1.87,1.12
2016.01.18 07:54:29.694,1.58256,1.58275,1.00,1.50
2016.01.18 07:54:30.000,1.58256,1.58275,1.75,1.00
2016.01.18 07:54:30.102,1.58256,1.58277,1.75,1.12
2016.01.18 07:54:30.398,1.5826,1.58281,1.50,1.87
2016.01.18 07:54:30.500,1.58262,1.58281,1.00,1.00
2016.01.18 07:54:30.704,1.58262,1.58283,2.62,1.50
2016.01.18 07:54:32.059,1.58265,1.58285,1.00,1.12
2016.01.18 07:54:32.419,1.58269,1.58289,1.75,1.87
2016.01.18 07:54:32.470,1.58271,1.58289,1.12,1.00
2016.01.18 07:54:32.829,1.58271,1.58291,1.12,1.00
2016.01.18 07:54:32.982,1.58269,1.58291,1.12,1.75
2016.01.18 07:54:33.033,1.58267,1.5829,1.12,1.75
2016.01.18 07:54:33.085,1.58266,1.58288,1.12,1.87
2016.01.18 07:54:33.186,1.58266,1.58287,1.12,1.87
2016.01.18 07:54:33.336,1.58266,1.58288,1.12,1.12
2016.01.18 07:54:33.692,1.5827,1.58292,1.37,1.87
2016.01.18 07:54:33.794,1.58271,1.58292,1.12,1.50
2016.01.18 07:54:34.897,1.5827,1.58291,1.75,1.50
2016.01.18 07:54:34.999,1.58267,1.5829,1.12,2.25
2016.01.18 07:54:35.102,1.58266,1.58286,1.37,1.00
2016.01.18 07:54:35.204,1.58266,1.58286,1.00,1.00
2016.01.18 07:54:35.734,1.58263,1.58286,1.37,1.50
2016.01.18 07:54:35.785,1.58262,1.58283,1.87,1.00
2016.01.18 07:54:35.887,1.58262,1.58283,1.87,1.75
2016.01.18 07:54:36.091,1.58263,1.58284,1.50,1.12
2016.01.18 07:54:36.295,1.58265,1.58285,1.00,1.00
2016.01.18 07:54:37.037,1.58265,1.58286,1.87,1.37
2016.01.18 07:54:37.541,1.58266,1.58286,1.12,1.12
2016.01.18 07:54:39.286,1.58266,1.58284,1.12,1.50
2016.01.18 07:54:39.389,1.58258,1.5828,1.87,1.12
2016.01.18 07:54:39.493,1.58256,1.58277,1.12,1.12
2016.01.18 07:54:40.759,1.5826,1.58278,1.00,1.37
2016.01.18 07:54:41.066,1.58266,1.58285,1.50,1.37
2016.01.18 07:54:41.254,1.58266,1.58288,1.87,2.25
2016.01.18 07:54:42.458,1.58269,1.58291,1.50,3.37
2016.01.18 07:54:42.509,1.58271,1.58291,1.00,1.87
2016.01.18 07:54:43.020,1.58272,1.58291,1.00,1.00
2016.01.18 07:54:43.226,1.58272,1.58291,1.12,1.00
2016.01.18 07:54:44.139,1.58271,1.58291,1.12,1.12
2016.01.18 07:54:45.235,1.5827,1.58291,1.12,1.50
2016.01.18 07:54:45.424,1.58269,1.58291,2.25,1.87
2016.01.18 07:54:45.936,1.58269,1.58291,2.25,1.87
2016.01.18 07:54:46.038,1.58269,1.5829,1.87,1.12
2016.01.18 07:54:47.631,1.58267,1.58289,2.25,1.12
2016.01.18 07:54:47.791,1.58266,1.58288,2.62,1.12
2016.01.18 07:54:50.828,1.58262,1.58283,1.50,1.37
2016.01.18 07:54:50.932,1.5826,1.58282,1.37,1.37
2016.01.18 07:54:51.137,1.58258,1.58279,1.12,1.50
2016.01.18 07:54:51.442,1.58259,1.58281,2.62,1.50
2016.01.18 07:54:53.157,1.58262,1.58284,2.62,2.62
2016.01.18 07:54:53.327,1.58262,1.58282,1.75,1.00
2016.01.18 07:54:54.301,1.58261,1.58277,2.25,1.37
2016.01.18 07:54:54.402,1.58261,1.58278,1.37,1.12
2016.01.18 07:54:54.453,1.58258,1.58278,1.12,1.87
2016.01.18 07:54:54.555,1.58258,1.58278,1.00,1.50
2016.01.18 07:54:54.606,1.58258,1.58275,1.00,1.37
2016.01.18 07:54:54.851,1.58254,1.58274,1.87,1.37
2016.01.18 07:54:55.105,1.58253,1.5827,1.12,1.37
2016.01.18 07:54:55.258,1.58246,1.58267,1.87,1.87
2016.01.18 07:54:55.360,1.58246,1.58265,1.50,1.37
2016.01.18 07:54:55.411,1.58244,1.58263,1.37,1.50
2016.01.18 07:54:55.462,1.58244,1.58261,1.00,1.00
2016.01.18 07:54:55.564,1.58242,1.58257,1.50,1.00
2016.01.18 07:54:55.615,1.58238,1.58257,1.50,1.00
2016.01.18 07:54:55.717,1.58238,1.58255,1.87,1.00
2016.01.18 07:54:55.819,1.58237,1.58255,1.12,1.87
2016.01.18 07:54:55.921,1.58239,1.58255,1.37,1.37
2016.01.18 07:54:56.432,1.58239,1.58257,1.50,1.12
2016.01.18 07:54:57.639,1.58237,1.58257,3.00,1.12
2016.01.18 07:54:58.239,1.58239,1.58259,1.00,1.12
2016.01.18 07:55:00.635,1.58241,1.58259,1.00,1.12
2016.01.18 07:55:00.939,1.58243,1.5826,1.00,1.75
2016.01.18 07:55:01.246,1.58248,1.58266,1.00,1.75
2016.01.18 07:55:01.349,1.58248,1.58266,1.00,1.37
2016.01.18 07:55:01.891,1.58249,1.58268,1.00,1.12
2016.01.18 07:55:02.096,1.58252,1.58269,1.00,1.12
2016.01.18 07:55:02.148,1.58252,1.58272,1.00,1.87
2016.01.18 07:55:02.453,1.58252,1.58269,1.00,1.37
2016.01.18 07:55:02.587,1.58249,1.58269,1.00,1.87
2016.01.18 07:55:02.791,1.58247,1.58265,1.12,1.00
2016.01.18 07:55:03.147,1.58247,1.58268,1.50,1.12
2016.01.18 07:55:03.351,1.58245,1.58264,1.75,1.00
2016.01.18 07:55:03.878,1.58246,1.58264,1.00,1.37
2016.01.18 07:55:04.284,1.58244,1.58264,1.12,1.00
2016.01.18 07:55:04.487,1.5824,1.58261,2.25,1.69
2016.01.18 07:55:04.589,1.5824,1.58261,1.87,2.00
2016.01.18 07:55:04.641,1.5824,1.58258,1.50,1.37
2016.01.18 07:55:06.471,1.5824,1.58258,1.75,1.37
2016.01.18 07:55:06.575,1.5824,1.58256,1.00,1.00
2016.01.18 07:55:07.085,1.5824,1.58256,1.00,1.87
2016.01.18 07:55:07.136,1.58236,1.58256,1.50,1.87
2016.01.18 07:55:07.636,1.58236,1.58254,1.50,1.37
2016.01.18 07:55:07.941,1.58236,1.58254,1.00,1.00
2016.01.18 07:55:07.992,1.58232,1.58254,1.75,1.87
2016.01.18 07:55:08.297,1.5824,1.58258,1.12,1.00
2016.01.18 07:55:09.749,1.58241,1.5826,1.00,2.25
2016.01.18 07:55:10.086,1.58243,1.58258,1.00,1.50
2016.01.18 07:55:10.188,1.58241,1.58258,1.00,1.50
2016.01.18 07:55:10.745,1.58239,1.58258,2.25,1.50
2016.01.18 07:55:12.076,1.58239,1.58258,1.37,1.87
2016.01.18 07:55:12.279,1.5824,1.58261,1.12,1.12
2016.01.18 07:55:12.381,1.58241,1.58263,1.12,1.87
2016.01.18 07:55:12.685,1.58242,1.58262,1.12,1.37
2016.01.18 07:55:18.346,1.58242,1.58255,1.12,1.37
2016.01.18 07:55:18.499,1.5824,1.58255,1.12,1.37
2016.01.18 07:55:18.955,1.5824,1.58253,1.12,1.37
2016.01.18 07:55:19.149,1.5824,1.58259,1.12,1.50
2016.01.18 07:55:20.667,1.5824,1.58261,1.87,1.50
2016.01.18 07:55:20.718,1.5824,1.58261,1.12,2.25
2016.01.18 07:55:21.124,1.5824,1.58258,1.00,1.12
2016.01.18 07:55:21.378,1.58233,1.58253,1.75,1.00
2016.01.18 07:55:23.671,1.58236,1.58255,1.00,1.12
2016.01.18 07:55:24.230,1.58233,1.58255,1.75,1.87
2016.01.18 07:55:27.459,1.58237,1.58255,1.00,1.87
2016.01.18 07:55:27.712,1.58235,1.58255,1.12,1.87
2016.01.18 07:55:28.725,1.58234,1.58255,1.87,1.87
2016.01.18 07:55:29.031,1.58234,1.58255,1.50,3.19
2016.01.18 07:55:29.538,1.58234,1.58253,1.50,1.50
2016.01.18 07:55:31.572,1.58234,1.58253,1.50,1.00
2016.01.18 07:55:31.928,1.58231,1.58252,1.37,2.62
2016.01.18 07:55:32.233,1.58221,1.58237,1.00,1.00
2016.01.18 07:55:32.284,1.58217,1.58237,2.25,1.00
2016.01.18 07:55:32.520,1.58217,1.58236,1.12,1.37
2016.01.18 07:55:33.130,1.58218,1.58237,1.12,1.37
2016.01.18 07:55:35.961,1.58213,1.58235,1.87,1.31
2016.01.18 07:55:36.507,1.58211,1.58234,1.12,1.87
2016.01.18 07:55:37.238,1.58211,1.58232,1.50,1.12
2016.01.18 07:55:42.448,1.58209,1.5823,1.50,1.12
2016.01.18 07:55:42.702,1.58204,1.58225,1.37,1.37
2016.01.18 07:55:42.753,1.58204,1.58223,1.00,1.12
2016.01.18 07:55:43.067,1.58204,1.58221,1.00,1.12
2016.01.18 07:55:43.170,1.58204,1.58223,1.00,1.12
2016.01.18 07:55:43.787,1.58202,1.58224,1.50,3.00
2016.01.18 07:55:44.160,1.58206,1.58226,1.12,1.87
2016.01.18 07:55:44.769,1.58204,1.58223,1.12,1.00
2016.01.18 07:55:44.871,1.58203,1.58221,1.00,1.12
2016.01.18 07:55:45.253,1.58199,1.58219,1.12,1.12
2016.01.18 07:55:45.662,1.58201,1.58222,1.12,2.62
2016.01.18 07:55:47.271,1.58203,1.58222,1.12,1.00
2016.01.18 07:55:47.547,1.58203,1.58224,1.12,2.44
2016.01.18 07:55:47.649,1.58202,1.58224,1.50,2.62
2016.01.18 07:55:50.080,1.58203,1.58224,1.12,1.69
2016.01.18 07:55:50.451,1.58202,1.58224,1.87,2.06
2016.01.18 07:55:51.064,1.58204,1.58225,1.12,1.00
2016.01.18 07:55:57.389,1.58205,1.58225,1.00,1.75
2016.01.18 07:55:58.186,1.58205,1.58226,1.12,3.37
2016.01.18 07:55:58.287,1.58202,1.58223,1.87,1.87
2016.01.18 07:55:58.864,1.58203,1.58224,1.87,1.75
2016.01.18 07:55:58.916,1.58206,1.58224,1.12,1.00
2016.01.18 07:55:58.967,1.58206,1.58227,1.87,1.50
2016.01.18 07:56:01.676,1.58207,1.58227,1.12,1.00
2016.01.18 07:56:01.778,1.58208,1.5823,1.87,1.87
2016.01.18 07:56:02.119,1.5822,1.58237,1.12,1.00
2016.01.18 07:56:02.171,1.58222,1.5824,1.12,1.00
2016.01.18 07:56:02.273,1.58222,1.58244,1.75,2.25
2016.01.18 07:56:02.680,1.58222,1.58242,1.12,1.56
2016.01.18 07:56:02.783,1.58219,1.58239,1.12,1.12
2016.01.18 07:56:05.380,1.58217,1.58239,1.37,1.75
2016.01.18 07:56:05.501,1.58217,1.58238,1.12,1.12
2016.01.18 07:56:05.705,1.5822,1.58238,1.00,1.87
2016.01.18 07:56:05.909,1.58227,1.58248,1.37,1.50
2016.01.18 07:56:06.113,1.58228,1.58249,1.75,2.62
2016.01.18 07:56:07.671,1.58231,1.5825,1.00,1.12
2016.01.18 07:56:08.804,1.58231,1.58252,1.75,1.50
2016.01.18 07:56:09.008,1.58234,1.58255,1.50,1.12
2016.01.18 07:56:09.323,1.58236,1.58257,1.12,1.87
2016.01.18 07:56:09.578,1.58239,1.58259,1.50,1.00
2016.01.18 07:56:09.629,1.58239,1.58258,1.50,1.12
2016.01.18 07:56:09.934,1.58239,1.58248,1.87,1.12
2016.01.18 07:56:10.036,1.58238,1.58252,1.12,1.87
2016.01.18 07:56:10.200,1.58232,1.58248,1.37,1.00
2016.01.18 07:56:10.253,1.58232,1.58248,1.00,1.87
2016.01.18 07:56:10.819,1.58232,1.58247,1.00,1.87
2016.01.18 07:56:11.182,1.58233,1.58251,1.00,1.12
2016.01.18 07:56:11.233,1.58234,1.58251,1.12,1.12
2016.01.18 07:56:11.558,1.58234,1.58245,1.12,1.00
2016.01.18 07:56:11.610,1.58231,1.58245,1.75,1.87
2016.01.18 07:56:11.661,1.5823,1.58242,1.12,1.00
2016.01.18 07:56:11.712,1.58227,1.58242,1.12,1.00
2016.01.18 07:56:11.814,1.58224,1.58242,1.12,1.12
2016.01.18 07:56:11.865,1.58224,1.58238,1.12,1.37
2016.01.18 07:56:11.967,1.58223,1.58242,1.12,1.31
2016.01.18 07:56:12.069,1.5823,1.58244,1.00,1.81
2016.01.18 07:56:12.121,1.5823,1.58246,1.50,1.12
2016.01.18 07:56:12.172,1.58233,1.58248,1.00,1.37
2016.01.18 07:56:12.375,1.58235,1.58255,1.12,1.31
2016.01.18 07:56:15.897,1.58235,1.58255,1.12,1.87
2016.01.18 07:56:16.311,1.58237,1.58249,1.12,1.12
2016.01.18 07:56:16.616,1.58234,1.58242,1.00,1.25
2016.01.18 07:56:16.910,1.5822,1.58241,1.12,1.25
2016.01.18 07:56:17.828,1.58224,1.58243,1.00,1.12
2016.01.18 07:56:17.930,1.58225,1.58245,1.50,2.06
2016.01.18 07:56:18.127,1.58228,1.58247,1.37,1.56
2016.01.18 07:56:18.433,1.58237,1.58257,1.37,1.12
2016.01.18 07:56:18.535,1.58243,1.58258,1.12,1.12
2016.01.18 07:56:18.637,1.58241,1.58258,1.12,1.12
2016.01.18 07:56:18.738,1.58239,1.58258,1.12,1.12
2016.01.18 07:56:19.077,1.58236,1.58257,1.12,1.25
2016.01.18 07:56:19.687,1.58238,1.58256,1.50,1.37
2016.01.18 07:56:19.789,1.58235,1.58254,1.50,1.25
2016.01.18 07:56:19.840,1.58235,1.58253,1.50,1.81
2016.01.18 07:56:20.177,1.58235,1.58255,1.87,1.56
2016.01.18 07:56:20.330,1.58245,1.58256,1.00,1.50
2016.01.18 07:56:20.382,1.58245,1.58259,1.00,1.37
2016.01.18 07:56:20.433,1.58243,1.58261,1.12,1.62
2016.01.18 07:56:20.485,1.58243,1.58263,1.50,3.00
2016.01.18 07:56:20.892,1.58248,1.58263,1.00,1.00
2016.01.18 07:56:20.944,1.58248,1.58265,1.00,1.12
2016.01.18 07:56:21.090,1.58251,1.58267,1.00,1.87
2016.01.18 07:56:21.192,1.58251,1.58269,1.50,1.00
2016.01.18 07:56:21.294,1.58251,1.58271,2.25,1.75
2016.01.18 07:56:21.599,1.58255,1.58272,1.87,1.12
2016.01.18 07:56:23.996,1.58255,1.58272,1.12,1.12
2016.01.18 07:56:24.605,1.58254,1.58273,1.12,1.75
2016.01.18 07:56:24.778,1.58255,1.58275,1.00,1.12
2016.01.18 07:56:24.830,1.58258,1.58276,1.00,1.75
2016.01.18 07:56:24.881,1.58258,1.58275,1.00,1.00
2016.01.18 07:56:25.137,1.58254,1.58275,1.87,1.75
2016.01.18 07:56:25.189,1.58254,1.58273,1.37,1.12
2016.01.18 07:56:25.393,1.58252,1.58272,1.50,1.75
2016.01.18 07:56:25.799,1.58252,1.5827,1.00,1.50
2016.01.18 07:56:26.128,1.58255,1.58276,1.87,1.37
2016.01.18 07:56:26.230,1.58256,1.58277,1.12,1.12
2016.01.18 07:56:27.559,1.58256,1.58276,1.12,1.00
2016.01.18 07:56:30.067,1.58257,1.58278,1.75,1.50
2016.01.18 07:56:31.371,1.5826,1.58279,1.00,1.12
2016.01.18 07:56:31.884,1.58259,1.58279,1.12,1.12
2016.01.18 07:56:33.011,1.58261,1.58279,1.00,1.12
2016.01.18 07:56:33.583,1.5826,1.58279,1.00,1.12
2016.01.18 07:56:34.112,1.58263,1.5828,1.00,1.37
2016.01.18 07:56:34.163,1.58263,1.58283,1.00,1.12
2016.01.18 07:56:34.215,1.58263,1.58284,1.50,2.00
2016.01.18 07:56:34.266,1.58263,1.58284,1.87,1.62
2016.01.18 07:56:35.903,1.58265,1.58286,1.50,1.31
2016.01.18 07:56:36.005,1.58265,1.58287,1.87,2.06
2016.01.18 07:56:36.157,1.58265,1.58287,1.37,2.44
2016.01.18 07:56:38.614,1.58263,1.58286,3.00,1.31
2016.01.18 07:56:39.235,1.58266,1.58286,1.00,1.12
2016.01.18 07:56:39.767,1.58264,1.58285,1.37,1.62
2016.01.18 07:56:40.926,1.58262,1.58284,1.12,1.87
2016.01.18 07:56:41.231,1.58259,1.58281,1.87,1.75
2016.01.18 07:56:41.537,1.58259,1.5828,1.50,1.37
2016.01.18 07:56:42.040,1.58258,1.5828,1.50,1.12
2016.01.18 07:56:45.350,1.58257,1.58278,1.50,1.12
2016.01.18 07:56:45.950,1.58256,1.58277,1.50,1.12
2016.01.18 07:56:46.685,1.58255,1.58277,2.62,1.12
2016.01.18 07:56:47.005,1.58257,1.58279,1.50,1.12
2016.01.18 07:56:47.545,1.58255,1.58278,1.12,2.25
2016.01.18 07:56:48.059,1.58255,1.58276,1.50,1.12
2016.01.18 07:56:49.268,1.58257,1.58276,1.00,1.12
2016.01.18 07:56:49.775,1.58258,1.58276,1.00,1.12
2016.01.18 07:56:50.109,1.58266,1.58282,1.00,1.12
2016.01.18 07:56:50.211,1.58267,1.58285,1.00,1.12
2016.01.18 07:56:50.262,1.5827,1.58286,1.00,1.87
2016.01.18 07:56:50.313,1.5827,1.58286,1.00,1.37
2016.01.18 07:56:50.364,1.58271,1.58286,1.37,1.00
2016.01.18 07:56:50.415,1.58271,1.5829,1.50,1.00
2016.01.18 07:56:50.960,1.58271,1.58291,1.12,1.12
2016.01.18 07:56:51.012,1.58274,1.58291,1.00,1.12
2016.01.18 07:56:51.114,1.58274,1.58293,1.87,1.50
2016.01.18 07:56:51.166,1.58277,1.58296,1.12,1.12
2016.01.18 07:56:51.217,1.58277,1.58297,1.12,1.87
2016.01.18 07:56:51.731,1.58278,1.58297,1.00,1.12
2016.01.18 07:56:52.256,1.58277,1.58297,1.12,1.12
2016.01.18 07:56:53.250,1.58278,1.58297,1.00,1.12
2016.01.18 07:56:53.352,1.5828,1.58298,1.00,1.12
2016.01.18 07:56:53.687,1.58282,1.583,1.00,1.12
2016.01.18 07:56:54.094,1.58279,1.58297,1.12,1.50
2016.01.18 07:56:54.247,1.58275,1.58295,1.75,2.62
2016.01.18 07:56:54.299,1.58275,1.58293,1.00,1.37
2016.01.18 07:56:54.350,1.58271,1.5829,1.75,1.00
2016.01.18 07:56:54.690,1.58267,1.58285,1.00,1.37
2016.01.18 07:56:54.999,1.58262,1.5828,1.12,2.62
2016.01.18 07:56:56.062,1.58262,1.5828,1.37,2.25
2016.01.18 07:56:56.888,1.58262,1.58279,1.00,1.87
2016.01.18 07:56:57.568,1.58259,1.58279,1.50,1.87
2016.01.18 07:56:57.971,1.58259,1.5828,2.62,1.37
2016.01.18 07:56:58.309,1.58259,1.58279,1.12,1.12
2016.01.18 07:56:58.360,1.58258,1.58279,1.87,2.62
2016.01.18 07:56:59.178,1.5826,1.58279,1.12,1.37
2016.01.18 07:57:00.066,1.58261,1.58279,1.00,1.37
2016.01.18 07:57:00.573,1.58262,1.5828,1.00,1.12
2016.01.18 07:57:01.413,1.5826,1.58277,1.12,1.37
2016.01.18 07:57:01.718,1.58257,1.58278,1.12,1.87
2016.01.18 07:57:01.871,1.5826,1.58278,1.00,1.87
2016.01.18 07:57:03.558,1.58261,1.58278,1.00,1.75
2016.01.18 07:57:04.276,1.5826,1.58278,1.00,1.75
2016.01.18 07:57:04.971,1.58263,1.58278,1.00,1.75
2016.01.18 07:57:05.023,1.58263,1.58279,1.00,1.37
2016.01.18 07:57:05.074,1.58261,1.58279,1.12,1.37
2016.01.18 07:57:05.411,1.5826,1.58278,1.50,1.37
2016.01.18 07:57:06.483,1.58258,1.58276,1.87,1.00
2016.01.18 07:57:06.535,1.58258,1.58276,1.12,1.00
2016.01.18 07:57:07.595,1.5826,1.58276,1.00,1.00
2016.01.18 07:57:09.681,1.58261,1.58276,1.00,1.00
2016.01.18 07:57:11.893,1.58261,1.58278,1.37,1.12
2016.01.18 07:57:12.046,1.58265,1.58281,1.00,1.00
2016.01.18 07:57:12.097,1.58268,1.58284,1.00,1.75
2016.01.18 07:57:12.244,1.58271,1.58288,1.00,2.25
2016.01.18 07:57:12.295,1.58271,1.5829,1.37,1.50
2016.01.18 07:57:12.346,1.58271,1.5829,1.50,1.00
2016.01.18 07:57:12.666,1.58274,1.5829,1.00,1.00
2016.01.18 07:57:13.217,1.58273,1.5829,1.00,1.00
2016.01.18 07:57:13.722,1.58274,1.5829,1.00,1.00
2016.01.18 07:57:15.595,1.58275,1.5829,1.00,1.00
2016.01.18 07:57:16.002,1.58278,1.58294,1.00,1.50
2016.01.18 07:57:16.202,1.58289,1.58307,1.00,1.12
2016.01.18 07:57:16.256,1.58291,1.58308,1.00,1.37
2016.01.18 07:57:16.360,1.58292,1.58311,1.50,1.50
2016.01.18 07:57:16.412,1.58294,1.58314,1.50,2.25
2016.01.18 07:57:16.464,1.58294,1.58314,1.50,1.87
2016.01.18 07:57:16.618,1.58296,1.58314,1.37,1.00
2016.01.18 07:57:16.924,1.58295,1.58311,1.37,1.00
2016.01.18 07:57:17.269,1.58295,1.58307,1.00,1.69
2016.01.18 07:57:18.085,1.58297,1.58307,1.00,2.25
2016.01.18 07:57:18.187,1.58289,1.58307,1.12,2.25
2016.01.18 07:57:21.399,1.58289,1.58303,1.12,1.00
2016.01.18 07:57:21.450,1.58288,1.58302,1.00,1.00
2016.01.18 07:57:21.549,1.58284,1.583,1.00,1.37
2016.01.18 07:57:21.955,1.58278,1.58299,1.87,1.00
2016.01.18 07:57:22.404,1.58278,1.58298,1.12,2.25
2016.01.18 07:57:22.811,1.5828,1.58298,1.37,1.12
2016.01.18 07:57:22.862,1.58283,1.58298,1.12,1.12
2016.01.18 07:57:23.010,1.58286,1.58305,1.87,1.37
2016.01.18 07:57:23.061,1.58291,1.58306,1.12,1.87
2016.01.18 07:57:23.164,1.58289,1.58306,1.12,1.12
2016.01.18 07:57:23.266,1.58289,1.58308,1.12,1.12
2016.01.18 07:57:23.369,1.58289,1.58309,1.50,2.25
2016.01.18 07:57:23.471,1.5829,1.58309,1.12,1.87
2016.01.18 07:57:23.978,1.5829,1.58308,1.12,1.00
2016.01.18 07:57:24.514,1.5829,1.58307,1.12,1.00
2016.01.18 07:57:25.060,1.5829,1.58308,1.12,1.00
2016.01.18 07:57:26.871,1.5829,1.58311,1.12,1.50
2016.01.18 07:57:27.074,1.58292,1.58311,1.12,1.00
2016.01.18 07:57:28.810,1.58292,1.58313,1.12,1.31
2016.01.18 07:57:29.675,1.58292,1.58313,1.12,1.56
2016.01.18 07:57:30.177,1.58292,1.58313,1.12,1.31
2016.01.18 07:57:32.523,1.58292,1.58313,1.12,1.87
2016.01.18 07:57:32.574,1.58291,1.5831,1.50,1.62
2016.01.18 07:57:32.878,1.58291,1.58313,1.87,1.31
2016.01.18 07:57:33.597,1.58293,1.58313,1.12,1.12
2016.01.18 07:57:34.104,1.58294,1.58316,1.75,1.12
2016.01.18 07:57:34.645,1.58294,1.58315,1.12,1.37
2016.01.18 07:57:34.748,1.58295,1.58317,1.87,2.25
2016.01.18 07:57:36.011,1.58299,1.58319,1.12,1.12
2016.01.18 07:57:36.114,1.583,1.58321,1.12,1.75
2016.01.18 07:57:37.383,1.58299,1.5832,1.37,1.12
2016.01.18 07:57:37.587,1.58297,1.58319,2.25,1.12
2016.01.18 07:57:38.353,1.583,1.58319,1.00,1.12
2016.01.18 07:57:38.505,1.583,1.58321,1.12,2.25
2016.01.18 07:57:38.801,1.58297,1.58319,1.87,1.12
2016.01.18 07:57:39.274,1.58296,1.58316,1.00,1.12
2016.01.18 07:57:39.579,1.58296,1.58316,1.50,1.00
2016.01.18 07:57:40.089,1.58297,1.58316,1.00,1.00
2016.01.18 07:57:40.486,1.58296,1.58315,1.00,1.50
2016.01.18 07:57:41.197,1.58295,1.58314,1.87,1.12
2016.01.18 07:57:41.704,1.58297,1.58317,1.00,1.12
2016.01.18 07:57:42.249,1.58298,1.58316,1.00,1.12
2016.01.18 07:57:42.803,1.58296,1.58316,1.50,1.12
2016.01.18 07:57:44.005,1.58296,1.58314,1.00,1.12
2016.01.18 07:57:44.555,1.58294,1.58314,1.37,1.50
2016.01.18 07:57:45.063,1.58296,1.58316,1.00,1.12
2016.01.18 07:57:45.649,1.58296,1.58315,1.87,1.00
2016.01.18 07:57:46.115,1.58297,1.58318,1.75,1.37
2016.01.18 07:57:46.319,1.58302,1.58321,1.00,1.50
2016.01.18 07:57:46.421,1.58302,1.58323,2.62,1.50
2016.01.18 07:57:46.522,1.58304,1.58324,1.12,1.12
2016.01.18 07:57:47.425,1.58306,1.58327,1.87,1.87
2016.01.18 07:57:47.527,1.58308,1.58329,1.12,2.62
2016.01.18 07:57:48.065,1.58307,1.58328,1.87,1.37
2016.01.18 07:57:48.117,1.58308,1.58328,1.12,1.12
2016.01.18 07:57:50.132,1.58306,1.58328,1.87,1.50
2016.01.18 07:57:50.234,1.58308,1.58328,1.00,1.12
2016.01.18 07:57:50.528,1.58306,1.58325,1.00,1.37
2016.01.18 07:57:51.137,1.58305,1.58325,1.12,1.37
2016.01.18 07:57:52.241,1.58305,1.58324,1.00,1.12
2016.01.18 07:57:52.748,1.58304,1.58324,1.50,1.12
2016.01.18 07:57:54.350,1.58302,1.58318,1.12,1.00
2016.01.18 07:57:54.453,1.58297,1.58316,1.75,1.00
2016.01.18 07:57:54.643,1.58296,1.58316,1.87,1.00
2016.01.18 07:57:54.746,1.58296,1.58316,1.87,1.00
2016.01.18 07:57:55.051,1.5829,1.58306,1.12,1.12
2016.01.18 07:57:55.153,1.58287,1.58303,1.12,1.37
2016.01.18 07:57:55.204,1.58286,1.58305,1.12,1.12
2016.01.18 07:57:55.748,1.58284,1.58304,2.25,1.75
2016.01.18 07:57:56.053,1.58282,1.58298,1.00,1.87
2016.01.18 07:57:56.938,1.58282,1.583,1.00,1.12
2016.01.18 07:57:57.243,1.58282,1.58301,1.37,1.50
2016.01.18 07:57:57.548,1.58285,1.58302,1.75,1.00
2016.01.18 07:57:57.854,1.58286,1.58305,1.75,1.37
2016.01.18 07:57:58.262,1.58286,1.58305,1.12,1.50
2016.01.18 07:57:58.617,1.58288,1.58305,1.00,2.25
2016.01.18 07:57:58.821,1.58287,1.58307,1.50,1.37
2016.01.18 07:57:58.872,1.58288,1.58308,1.12,3.00
2016.01.18 07:58:00.177,1.5829,1.58308,1.87,1.87
2016.01.18 07:58:00.416,1.58294,1.58311,1.50,1.12
2016.01.18 07:58:00.468,1.58294,1.58313,1.37,1.50
2016.01.18 07:58:00.570,1.58294,1.58315,2.25,1.00
2016.01.18 07:58:00.826,1.58297,1.58317,1.50,1.12
2016.01.18 07:58:00.889,1.58297,1.58319,1.87,1.12
2016.01.18 07:58:01.449,1.583,1.5832,1.50,1.00
2016.01.18 07:58:01.879,1.583,1.5832,1.50,1.37
2016.01.18 07:58:02.184,1.58308,1.58323,1.00,1.50
2016.01.18 07:58:02.722,1.58311,1.58326,1.00,1.75
2016.01.18 07:58:02.835,1.58308,1.58323,1.00,1.00
2016.01.18 07:58:02.937,1.58305,1.58322,1.12,1.87
2016.01.18 07:58:03.090,1.583,1.58319,1.75,1.00
2016.01.18 07:58:03.344,1.58306,1.5832,1.00,1.37
2016.01.18 07:58:03.548,1.58306,1.58323,1.00,1.37
2016.01.18 07:58:03.600,1.58308,1.58324,1.00,1.00
2016.01.18 07:58:03.923,1.58307,1.58323,1.00,1.50
2016.01.18 07:58:04.280,1.58307,1.58326,1.00,2.25
2016.01.18 07:58:04.331,1.58309,1.58326,1.00,2.25
2016.01.18 07:58:04.483,1.58307,1.58326,1.00,1.12
2016.01.18 07:58:04.638,1.58311,1.58327,1.00,1.75
2016.01.18 07:58:04.791,1.58311,1.58328,1.37,1.00
2016.01.18 07:58:05.342,1.5831,1.58328,1.87,1.37
2016.01.18 07:58:05.445,1.58312,1.58329,1.50,2.25
2016.01.18 07:58:06.494,1.58311,1.58328,1.00,1.00
2016.01.18 07:58:06.850,1.58311,1.58326,1.50,1.00
2016.01.18 07:58:07.416,1.58311,1.58326,1.12,1.00
2016.01.18 07:58:07.468,1.58312,1.58328,1.12,1.12
2016.01.18 07:58:08.759,1.58312,1.58326,1.87,1.00
2016.01.18 07:58:08.856,1.58311,1.58326,1.50,1.00
2016.01.18 07:58:09.016,1.58312,1.58328,1.12,1.12
2016.01.18 07:58:09.474,1.58312,1.58326,1.12,1.00
2016.01.18 07:58:10.084,1.58309,1.58328,1.12,1.87
2016.01.18 07:58:10.136,1.58309,1.58328,1.50,1.50
2016.01.18 07:58:10.442,1.5831,1.58328,1.12,1.12
2016.01.18 07:58:10.596,1.58311,1.58328,1.00,1.00
2016.01.18 07:58:10.697,1.58311,1.58328,1.12,1.00
2016.01.18 07:58:11.235,1.58312,1.58327,1.87,1.00
2016.01.18 07:58:11.744,1.58312,1.58329,1.12,1.87
2016.01.18 07:58:12.049,1.58312,1.58326,1.12,1.00
2016.01.18 07:58:12.488,1.58311,1.58327,1.50,1.00
2016.01.18 07:58:12.742,1.58311,1.58325,1.50,1.00
2016.01.18 07:58:12.793,1.58311,1.58327,1.50,1.00
2016.01.18 07:58:12.946,1.58311,1.58327,1.87,1.00
2016.01.18 07:58:13.402,1.58311,1.58327,1.50,1.00
2016.01.18 07:58:13.918,1.58311,1.58329,1.50,1.87
2016.01.18 07:58:14.227,1.58311,1.58325,1.50,1.00
2016.01.18 07:58:14.330,1.58309,1.58328,1.87,1.12
2016.01.18 07:58:14.432,1.58311,1.58328,1.12,1.12
2016.01.18 07:58:14.940,1.5831,1.58328,1.12,1.12
2016.01.18 07:58:16.031,1.58309,1.58328,2.25,1.12
2016.01.18 07:58:16.577,1.58311,1.58328,1.12,1.12
2016.01.18 07:58:16.883,1.58312,1.58326,1.12,1.00
2016.01.18 07:58:16.985,1.58312,1.58328,1.12,1.12
2016.01.18 07:58:17.087,1.58312,1.58326,1.12,1.00
2016.01.18 07:58:18.057,1.58312,1.58329,1.12,1.87
2016.01.18 07:58:18.260,1.58312,1.58332,1.12,4.12
2016.01.18 07:58:18.311,1.58313,1.58332,1.12,3.37
2016.01.18 07:58:18.819,1.58316,1.58332,1.00,1.87
2016.01.18 07:58:19.361,1.58315,1.58332,1.12,1.00
2016.01.18 07:58:19.665,1.5832,1.58332,1.37,1.00
2016.01.18 07:58:19.717,1.5832,1.58334,1.75,1.87
2016.01.18 07:58:20.254,1.58321,1.58336,1.00,1.37
2016.01.18 07:58:20.457,1.58321,1.58337,1.00,1.00
2016.01.18 07:58:20.964,1.5832,1.58337,1.12,1.00
2016.01.18 07:58:21.817,1.5832,1.58339,1.12,1.87
2016.01.18 07:58:21.969,1.58323,1.58339,1.00,1.50
2016.01.18 07:58:22.174,1.58321,1.58339,1.00,1.87
2016.01.18 07:58:22.327,1.58323,1.58339,1.00,1.87
2016.01.18 07:58:23.170,1.58321,1.58339,1.00,1.50
2016.01.18 07:58:23.276,1.58323,1.5834,1.00,1.12
2016.01.18 07:58:23.479,1.58323,1.58341,1.12,1.12
2016.01.18 07:58:23.783,1.58323,1.58338,1.12,1.00
2016.01.18 07:58:24.113,1.58323,1.58336,1.00,1.00
2016.01.18 07:58:24.470,1.5832,1.58336,1.12,1.00
2016.01.18 07:58:25.472,1.58318,1.58334,1.12,1.00
2016.01.18 07:58:25.780,1.58318,1.58339,1.12,2.25
2016.01.18 07:58:25.832,1.58319,1.5834,1.87,2.06
2016.01.18 07:58:26.142,1.58343,1.58358,1.12,1.00
2016.01.18 07:58:26.244,1.58343,1.58362,1.12,2.81
2016.01.18 07:58:26.297,1.58345,1.58362,1.00,2.81
2016.01.18 07:58:26.503,1.58345,1.58365,1.50,1.87
2016.01.18 07:58:26.695,1.58346,1.58365,1.75,1.00
2016.01.18 07:58:27.204,1.58345,1.58365,2.62,1.56
2016.01.18 07:58:27.509,1.58344,1.58362,1.75,1.00
2016.01.18 07:58:28.027,1.58343,1.58363,1.12,1.00
2016.01.18 07:58:28.382,1.58341,1.58362,2.62,2.25
2016.01.18 07:58:28.434,1.58339,1.58362,3.00,1.87
2016.01.18 07:58:31.203,1.58339,1.58358,1.12,1.00
2016.01.18 07:58:31.852,1.58339,1.58358,1.12,1.56
2016.01.18 07:58:33.022,1.58339,1.58358,1.12,1.00
2016.01.18 07:58:33.531,1.58339,1.58359,1.87,1.69
2016.01.18 07:58:34.004,1.58341,1.5836,1.12,2.06
2016.01.18 07:58:34.462,1.58339,1.5836,1.12,1.50
2016.01.18 07:58:34.971,1.58339,1.58358,1.75,1.31
2016.01.18 07:58:36.127,1.58339,1.58359,1.75,2.44
2016.01.18 07:58:36.663,1.58339,1.58359,2.25,1.69
2016.01.18 07:58:37.324,1.58339,1.58359,1.75,1.87
2016.01.18 07:58:38.184,1.5834,1.58359,1.12,1.50
2016.01.18 07:58:40.208,1.5834,1.58357,1.12,1.00
2016.01.18 07:58:40.720,1.58338,1.58357,1.12,1.50
2016.01.18 07:58:41.027,1.58338,1.58359,1.12,1.87
2016.01.18 07:58:41.944,1.5834,1.58361,1.87,1.50
2016.01.18 07:58:41.995,1.58341,1.58361,1.12,1.00
2016.01.18 07:58:42.503,1.58341,1.58362,1.12,1.69
2016.01.18 07:58:43.818,1.58341,1.5836,1.12,1.00
2016.01.18 07:58:44.170,1.58342,1.58362,1.12,1.87
2016.01.18 07:58:44.427,1.58343,1.58365,1.12,3.56
2016.01.18 07:58:44.529,1.58343,1.58362,1.12,1.00
2016.01.18 07:58:44.631,1.58343,1.58364,1.12,1.12
2016.01.18 07:58:44.836,1.58343,1.58362,1.12,1.00
2016.01.18 07:58:44.989,1.58343,1.58364,1.12,1.12
2016.01.18 07:58:45.269,1.58343,1.58363,1.12,2.25
2016.01.18 07:58:45.575,1.58347,1.58363,1.37,1.00
2016.01.18 07:58:46.084,1.58345,1.58363,2.62,1.00
2016.01.18 07:58:47.054,1.58346,1.58367,1.75,1.50
2016.01.18 07:58:47.156,1.58355,1.58367,1.00,1.50
2016.01.18 07:58:47.438,1.5837,1.58386,1.37,1.50
2016.01.18 07:58:47.540,1.5837,1.58389,1.50,1.50
2016.01.18 07:58:47.642,1.58371,1.58389,1.12,1.00
2016.01.18 07:58:47.745,1.5837,1.58389,1.50,1.50
2016.01.18 07:58:48.805,1.58373,1.58389,1.12,1.50
2016.01.18 07:58:48.958,1.58373,1.58392,1.50,1.37
2016.01.18 07:58:49.500,1.58374,1.58391,1.00,1.12
2016.01.18 07:58:49.551,1.58374,1.58389,1.00,1.00
2016.01.18 07:58:49.652,1.58374,1.58391,1.00,1.12
2016.01.18 07:58:50.210,1.58374,1.58392,1.87,1.50
2016.01.18 07:58:50.755,1.58374,1.58392,1.50,1.00
2016.01.18 07:58:51.110,1.58374,1.58388,1.50,1.00
2016.01.18 07:58:51.263,1.58371,1.58387,1.75,1.00
2016.01.18 07:58:51.366,1.58369,1.58387,1.50,1.00
2016.01.18 07:58:51.886,1.58369,1.58388,1.50,1.12
2016.01.18 07:58:52.394,1.58369,1.58387,1.50,1.00
2016.01.18 07:58:52.445,1.58369,1.58385,1.50,1.00
2016.01.18 07:58:52.958,1.58369,1.58387,1.00,1.87
2016.01.18 07:58:53.265,1.58365,1.58384,2.62,1.00
2016.01.18 07:58:53.367,1.58365,1.58382,1.50,1.00
2016.01.18 07:58:53.671,1.58362,1.58378,1.00,1.00
2016.01.18 07:58:53.814,1.58358,1.58377,1.00,1.00
2016.01.18 07:58:54.323,1.58357,1.58376,1.50,1.00
2016.01.18 07:58:54.831,1.58358,1.58377,1.00,1.00
2016.01.18 07:58:55.333,1.58357,1.58377,1.50,1.00
2016.01.18 07:58:55.841,1.58358,1.58376,1.00,1.00
2016.01.18 07:58:56.073,1.58356,1.58374,1.50,1.00
2016.01.18 07:58:56.587,1.58353,1.58374,1.87,1.26
2016.01.18 07:58:56.638,1.58353,1.58371,1.12,1.12
2016.01.18 07:58:56.943,1.5835,1.58371,1.87,1.75
2016.01.18 07:58:57.263,1.58354,1.58374,1.50,1.75
2016.01.18 07:58:57.569,1.58356,1.58374,1.00,1.00
2016.01.18 07:58:57.924,1.58357,1.58378,1.87,1.75
2016.01.18 07:58:57.975,1.58358,1.58378,3.00,1.12
2016.01.18 07:58:58.495,1.58359,1.58378,1.50,1.00
2016.01.18 07:58:59.026,1.58362,1.5838,1.00,1.37
2016.01.18 07:58:59.178,1.5836,1.58379,1.12,2.25
2016.01.18 07:58:59.693,1.58359,1.58377,1.12,1.12
2016.01.18 07:59:00.372,1.58357,1.58376,1.37,1.00
2016.01.18 07:59:00.423,1.58357,1.58374,1.37,1.00
2016.01.18 07:59:00.575,1.58356,1.58374,1.12,1.12
2016.01.18 07:59:01.100,1.58356,1.58376,1.37,1.12
2016.01.18 07:59:01.253,1.58359,1.58377,1.12,1.00
2016.01.18 07:59:01.558,1.58356,1.58374,1.87,1.00
2016.01.18 07:59:01.661,1.58356,1.58374,1.50,1.00
2016.01.18 07:59:01.762,1.58356,1.58376,1.50,1.50
2016.01.18 07:59:02.301,1.58357,1.58376,1.00,1.50
2016.01.18 07:59:02.556,1.58355,1.58373,1.12,1.00
2016.01.18 07:59:02.861,1.58352,1.58371,1.12,2.25
2016.01.18 07:59:03.203,1.58347,1.58364,1.12,1.00
2016.01.18 07:59:03.305,1.58345,1.58364,1.75,1.00
2016.01.18 07:59:03.665,1.58345,1.58364,1.12,1.50
2016.01.18 07:59:04.108,1.58348,1.58367,1.00,1.87
2016.01.18 07:59:04.972,1.58345,1.58367,1.87,1.87
2016.01.18 07:59:05.314,1.58343,1.58363,2.25,1.87
2016.01.18 07:59:05.825,1.58346,1.58364,1.00,1.62
2016.01.18 07:59:06.130,1.58348,1.58365,1.00,1.31
2016.01.18 07:59:06.283,1.58351,1.58369,1.00,1.87
2016.01.18 07:59:06.464,1.58352,1.58371,1.37,2.25
2016.01.18 07:59:06.617,1.58355,1.58371,1.00,1.87
2016.01.18 07:59:07.124,1.58355,1.58374,1.00,1.12
2016.01.18 07:59:07.227,1.58357,1.58376,1.00,2.62
2016.01.18 07:59:07.380,1.58356,1.58376,1.87,1.87
2016.01.18 07:59:07.545,1.5836,1.58376,1.00,1.12
2016.01.18 07:59:07.850,1.58362,1.58377,1.00,1.00
2016.01.18 07:59:08.357,1.58363,1.5838,1.00,1.12
2016.01.18 07:59:08.772,1.58364,1.58381,1.00,1.50
2016.01.18 07:59:11.029,1.58363,1.58381,1.00,1.50
2016.01.18 07:59:12.216,1.58363,1.58381,1.37,1.12
2016.01.18 07:59:12.318,1.58365,1.58382,1.37,1.00
2016.01.18 07:59:12.370,1.58365,1.58384,1.87,1.12
2016.01.18 07:59:12.421,1.58365,1.58385,2.25,1.12
2016.01.18 07:59:12.573,1.58372,1.58391,1.37,1.12
2016.01.18 07:59:13.083,1.58374,1.58393,1.12,1.50
2016.01.18 07:59:13.542,1.58374,1.58393,1.50,1.12
2016.01.18 07:59:14.089,1.58376,1.58395,1.12,1.50
2016.01.18 07:59:15.089,1.58381,1.58399,1.00,1.87
2016.01.18 07:59:15.395,1.58382,1.584,1.87,1.00
2016.01.18 07:59:15.497,1.58384,1.58402,1.12,1.50
2016.01.18 07:59:16.039,1.58382,1.58402,1.12,1.50
2016.01.18 07:59:16.397,1.58381,1.58402,1.87,1.12
2016.01.18 07:59:17.346,1.58386,1.58402,1.12,1.00
2016.01.18 07:59:17.398,1.58386,1.58404,1.12,1.87
2016.01.18 07:59:17.449,1.58388,1.58404,1.00,1.12
2016.01.18 07:59:17.705,1.58388,1.58406,1.00,1.12
2016.01.18 07:59:18.242,1.58387,1.58406,1.12,1.12
2016.01.18 07:59:18.344,1.5839,1.58406,1.00,1.00
2016.01.18 07:59:18.854,1.58391,1.58408,1.00,2.25
2016.01.18 07:59:19.394,1.58389,1.58408,1.12,2.13
2016.01.18 07:59:19.908,1.58388,1.58408,1.00,2.62
2016.01.18 07:59:20.416,1.58389,1.58408,1.00,2.62
2016.01.18 07:59:21.187,1.58389,1.58408,1.50,1.87
2016.01.18 07:59:21.289,1.58395,1.5841,1.00,1.12
2016.01.18 07:59:21.492,1.58404,1.5842,1.00,1.12
2016.01.18 07:59:21.594,1.58404,1.58422,1.37,1.00
2016.01.18 07:59:22.557,1.58405,1.58422,1.37,1.00
2016.01.18 07:59:22.710,1.58403,1.58422,1.75,1.00
2016.01.18 07:59:23.255,1.58408,1.58426,1.12,1.87
2016.01.18 07:59:23.306,1.58408,1.58427,1.12,1.50
2016.01.18 07:59:23.357,1.5841,1.58427,1.37,1.12
2016.01.18 07:59:23.408,1.5841,1.5843,1.50,1.50
2016.01.18 07:59:23.561,1.58416,1.5843,1.00,1.00
2016.01.18 07:59:23.807,1.58412,1.58431,1.12,1.50
2016.01.18 07:59:23.909,1.58414,1.58433,1.00,1.87
2016.01.18 07:59:24.011,1.58412,1.58433,1.12,1.87
2016.01.18 07:59:24.113,1.58414,1.58433,1.00,1.87
2016.01.18 07:59:24.367,1.58412,1.58433,1.12,1.87
2016.01.18 07:59:24.570,1.58414,1.58433,1.00,1.87
2016.01.18 07:59:24.902,1.58408,1.58427,1.50,1.12
2016.01.18 07:59:26.295,1.58406,1.58427,1.12,1.12
2016.01.18 07:59:26.905,1.58406,1.58429,1.87,1.87
2016.01.18 07:59:27.213,1.5841,1.58429,1.50,1.12
2016.01.18 07:59:27.549,1.58413,1.58432,1.00,1.12
2016.01.18 07:59:27.600,1.58412,1.58434,1.75,1.12
2016.01.18 07:59:27.702,1.58414,1.58433,1.00,1.12
2016.01.18 07:59:27.906,1.58414,1.58434,1.87,1.12
2016.01.18 07:59:28.605,1.58415,1.58434,1.00,1.12
2016.01.18 07:59:29.112,1.58414,1.58434,1.12,1.12
2016.01.18 07:59:30.113,1.58414,1.58432,1.00,1.12
2016.01.18 07:59:30.164,1.58411,1.58432,1.12,1.12
2016.01.18 07:59:30.215,1.58412,1.58432,1.00,1.00
2016.01.18 07:59:30.266,1.58414,1.58432,1.00,1.00
2016.01.18 07:59:30.767,1.58413,1.58432,1.50,1.00
2016.01.18 07:59:31.427,1.58412,1.58432,1.00,1.00
2016.01.18 07:59:31.733,1.5841,1.5843,1.12,1.12
2016.01.18 07:59:32.191,1.5841,1.58431,1.37,1.12
2016.01.18 07:59:32.496,1.58413,1.58434,1.50,1.87
2016.01.18 07:59:32.547,1.58413,1.58434,1.87,1.12
2016.01.18 07:59:32.649,1.58413,1.58432,1.87,1.00
2016.01.18 07:59:32.751,1.58413,1.58436,1.12,3.56
2016.01.18 07:59:32.886,1.58412,1.58433,1.50,3.37
2016.01.18 07:59:33.396,1.58411,1.58433,1.12,1.75
2016.01.18 07:59:33.938,1.58412,1.58433,1.87,1.50
2016.01.18 07:59:34.808,1.58412,1.5843,1.12,1.00
2016.01.18 07:59:34.910,1.58409,1.58429,1.00,1.00
2016.01.18 07:59:35.058,1.58408,1.58428,1.00,1.12
2016.01.18 07:59:36.252,1.58409,1.58428,1.00,1.12
2016.01.18 07:59:36.356,1.5841,1.5843,1.12,1.12
2016.01.18 07:59:36.407,1.58409,1.58431,1.87,1.12
2016.01.18 07:59:36.663,1.58412,1.58435,1.12,2.62
2016.01.18 07:59:36.816,1.58414,1.58435,1.87,1.00
2016.01.18 07:59:37.734,1.58414,1.58435,1.50,1.75
2016.01.18 07:59:38.241,1.58415,1.58437,1.75,1.12
2016.01.18 07:59:38.559,1.58414,1.58436,2.25,1.12
2016.01.18 07:59:38.914,1.58412,1.58434,1.12,2.25
2016.01.18 07:59:39.459,1.58411,1.58433,1.12,2.62
2016.01.18 07:59:41.251,1.58414,1.58434,1.00,1.75
2016.01.18 07:59:41.791,1.58415,1.58434,1.00,1.12
2016.01.18 07:59:41.944,1.58415,1.58437,1.75,1.12
2016.01.18 07:59:42.555,1.58417,1.5844,1.87,1.12
2016.01.18 07:59:42.905,1.58427,1.58448,1.87,1.00
2016.01.18 07:59:43.413,1.58429,1.58449,1.87,1.50
2016.01.18 07:59:43.754,1.58426,1.58449,1.75,1.12
2016.01.18 07:59:45.310,1.58429,1.58449,1.00,1.12
2016.01.18 07:59:45.361,1.58431,1.58449,1.00,1.12
2016.01.18 07:59:45.667,1.58437,1.58455,1.00,1.12
2016.01.18 07:59:46.673,1.58435,1.58455,1.00,1.12
2016.01.18 07:59:47.310,1.58433,1.58455,2.25,1.12
2016.01.18 07:59:47.923,1.58432,1.5845,1.12,1.00
2016.01.18 07:59:47.974,1.58429,1.58449,1.12,1.00
2016.01.18 07:59:48.077,1.58426,1.58445,1.75,1.00
2016.01.18 07:59:48.352,1.5842,1.58441,1.50,1.37
2016.01.18 07:59:48.453,1.5842,1.5844,1.00,1.12
2016.01.18 07:59:48.555,1.58417,1.58438,2.25,1.12
2016.01.18 07:59:48.657,1.58417,1.58436,1.12,1.12
2016.01.18 07:59:48.911,1.58415,1.58434,1.00,1.12
2016.01.18 07:59:49.463,1.58415,1.58436,1.50,2.25
2016.01.18 07:59:49.983,1.58417,1.58434,1.00,1.12
2016.01.18 07:59:50.288,1.58416,1.58432,1.50,1.12
2016.01.18 07:59:50.472,1.5841,1.5843,1.50,1.75
2016.01.18 07:59:50.979,1.58408,1.58429,2.25,1.75
2016.01.18 07:59:51.182,1.58409,1.58426,1.00,1.12
2016.01.18 07:59:51.284,1.58407,1.58426,1.00,1.12
2016.01.18 07:59:51.944,1.58408,1.58426,1.00,1.12
2016.01.18 07:59:52.096,1.58408,1.58429,1.12,1.12
2016.01.18 07:59:52.249,1.5841,1.58429,1.00,1.12
2016.01.18 07:59:52.453,1.58409,1.5843,2.25,1.75
2016.01.18 07:59:52.606,1.58411,1.58431,1.37,1.75
2016.01.18 07:59:53.048,1.58414,1.58432,1.00,1.12
2016.01.18 07:59:53.099,1.58414,1.58433,1.00,1.37
2016.01.18 07:59:53.150,1.58414,1.58432,1.00,1.12
2016.01.18 07:59:53.252,1.58413,1.58434,2.25,1.12
2016.01.18 07:59:53.557,1.58413,1.58432,1.50,1.12
2016.01.18 07:59:55.180,1.58413,1.58433,1.00,1.50
2016.01.18 07:59:55.486,1.58412,1.58434,1.00,1.37
2016.01.18 07:59:55.743,1.5841,1.58432,1.00,1.00
2016.01.18 07:59:55.794,1.5841,1.58432,1.00,1.87
2016.01.18 07:59:55.845,1.58406,1.58429,1.50,1.00
2016.01.18 07:59:56.329,1.58403,1.58426,1.00,1.00
2016.01.18 07:59:56.635,1.58406,1.58427,1.00,1.00
2016.01.18 07:59:56.738,1.58403,1.58427,1.00,1.00
2016.01.18 07:59:56.840,1.58401,1.58424,1.12,1.00
2016.01.18 07:59:57.180,1.58391,1.58409,1.00,1.00
2016.01.18 07:59:57.231,1.58389,1.58409,1.00,1.12
2016.01.18 07:59:57.435,1.5839,1.58409,1.00,1.37
2016.01.18 07:59:57.537,1.58387,1.58409,1.00,1.87
2016.01.18 07:59:57.893,1.58386,1.58405,1.00,1.37
2016.01.18 07:59:58.303,1.58384,1.58405,1.00,1.69
2016.01.18 07:59:58.861,1.58383,1.58405,1.50,2.25
2016.01.18 07:59:59.014,1.58385,1.58405,1.00,1.75
2016.01.18 07:59:59.522,1.58384,1.58405,1.00,1.37
2016.01.18 07:59:59.850,1.58386,1.58405,1.00,1.37
