2012.10.16 12:00:00.116,1.28486,1.28505,1.50,2.70
2012.10.16 12:00:00.417,1.28483,1.285,1.32,1.50
2012.10.16 12:00:00.838,1.28481,1.28501,1.54,1.50
2012.10.16 12:00:01.169,1.28483,1.28505,1.50,2.33
2012.10.16 12:00:01.380,1.28483,1.28505,1.50,2.25
2012.10.16 12:00:01.807,1.28484,1.28505,1.50,2.25
2012.10.16 12:00:02.429,1.28486,1.28505,1.50,1.50
2012.10.16 12:00:03.216,1.28486,1.28506,1.50,2.07
2012.10.16 12:00:03.293,1.28484,1.28503,1.50,1.50
2012.10.16 12:00:03.420,1.28484,1.28502,1.50,1.13
2012.10.16 12:00:03.607,1.28484,1.28506,1.50,3.08
2012.10.16 12:00:04.707,1.2849,1.2851,3.42,1.50
2012.10.16 12:00:05.042,1.28496,1.28511,1.50,1.50
2012.10.16 12:00:05.107,1.2849,1.28511,3.64,1.50
2012.10.16 12:00:05.648,1.28491,1.28511,2.48,1.50
2012.10.16 12:00:06.168,1.28491,1.2851,1.50,1.50
2012.10.16 12:00:06.538,1.28491,1.2851,1.50,1.50
2012.10.16 12:00:06.788,1.28496,1.28513,1.50,1.32
2012.10.16 12:00:06.848,1.28496,1.28515,2.07,2.49
2012.10.16 12:00:07.098,1.28498,1.28515,1.35,1.50
2012.10.16 12:00:07.449,1.28508,1.2852,1.32,1.73
2012.10.16 12:00:07.780,1.2851,1.28525,2.07,2.78
2012.10.16 12:00:07.856,1.28517,1.2853,3.00,2.33
2012.10.16 12:00:07.926,1.28517,1.2853,3.00,1.50
2012.10.16 12:00:08.063,1.28517,1.28535,3.00,1.58
2012.10.16 12:00:08.138,1.28517,1.28535,3.00,1.50
2012.10.16 12:00:08.282,1.28515,1.28532,1.50,1.32
2012.10.16 12:00:08.435,1.28513,1.28532,2.55,1.32
2012.10.16 12:00:08.657,1.28513,1.28535,1.65,1.32
2012.10.16 12:00:08.720,1.28513,1.28536,2.22,1.50
2012.10.16 12:00:08.933,1.28519,1.28536,3.00,1.32
2012.10.16 12:00:09.140,1.28521,1.28537,1.13,1.58
2012.10.16 12:00:09.210,1.28518,1.28536,1.35,1.50
2012.10.16 12:00:09.532,1.28518,1.28526,2.18,1.32
2012.10.16 12:00:09.601,1.28518,1.28525,2.18,1.32
2012.10.16 12:00:09.795,1.28514,1.28525,1.43,1.32
2012.10.16 12:00:09.874,1.28512,1.28518,1.50,1.32
2012.10.16 12:00:10.018,1.28506,1.28518,1.73,1.32
2012.10.16 12:00:10.149,1.28504,1.28518,2.97,1.32
2012.10.16 12:00:10.470,1.28499,1.28514,1.50,1.50
2012.10.16 12:00:11.034,1.28495,1.28513,1.09,2.25
2012.10.16 12:00:11.180,1.28492,1.28513,1.39,1.50
2012.10.16 12:00:11.632,1.28491,1.28512,1.20,1.50
2012.10.16 12:00:11.818,1.28491,1.28512,1.20,1.50
2012.10.16 12:00:12.761,1.28491,1.28512,1.35,1.50
2012.10.16 12:00:13.325,1.28492,1.28512,1.54,1.50
2012.10.16 12:00:13.397,1.28493,1.28513,2.85,1.50
2012.10.16 12:00:13.947,1.28493,1.28513,2.48,1.50
2012.10.16 12:00:14.310,1.28493,1.28513,1.73,1.50
2012.10.16 12:00:14.499,1.28491,1.2851,1.54,1.50
2012.10.16 12:00:14.847,1.28491,1.2851,1.54,1.50
2012.10.16 12:00:15.029,1.28491,1.2851,1.54,1.50
2012.10.16 12:00:15.447,1.28492,1.28514,1.73,2.82
2012.10.16 12:00:15.781,1.28492,1.28505,1.50,1.50
2012.10.16 12:00:15.921,1.28483,1.28504,1.54,1.50
2012.10.16 12:00:17.219,1.28486,1.28507,2.07,1.32
2012.10.16 12:00:17.811,1.28484,1.28504,1.54,1.50
2012.10.16 12:00:17.897,1.28483,1.28505,2.29,1.50
2012.10.16 12:00:18.298,1.28487,1.28507,1.50,1.88
2012.10.16 12:00:18.658,1.28487,1.28507,2.25,1.88
2012.10.16 12:00:19.025,1.28487,1.28507,1.54,2.25
2012.10.16 12:00:19.348,1.28484,1.28501,1.35,2.25
2012.10.16 12:00:19.779,1.28487,1.28501,1.73,3.00
2012.10.16 12:00:19.847,1.28487,1.28503,1.54,1.50
2012.10.16 12:00:19.909,1.28487,1.28505,1.54,1.50
2012.10.16 12:00:19.979,1.28487,1.28508,1.54,2.63
2012.10.16 12:00:20.050,1.28487,1.28508,1.54,2.70
2012.10.16 12:00:20.119,1.28487,1.28508,1.32,2.33
2012.10.16 12:00:20.248,1.28489,1.28509,1.50,1.50
2012.10.16 12:00:20.369,1.28489,1.2851,1.50,2.07
2012.10.16 12:00:21.103,1.28489,1.2851,1.50,2.07
2012.10.16 12:00:21.189,1.28489,1.2851,1.73,2.07
2012.10.16 12:00:21.264,1.28489,1.2851,2.48,1.32
2012.10.16 12:00:21.778,1.28493,1.28512,1.50,1.88
2012.10.16 12:00:22.107,1.28494,1.28512,1.50,1.13
2012.10.16 12:00:22.468,1.28497,1.28514,1.50,1.32
2012.10.16 12:00:23.350,1.28497,1.28514,1.50,1.32
2012.10.16 12:00:24.719,1.28493,1.28514,1.73,2.07
2012.10.16 12:00:25.459,1.28491,1.28514,3.79,2.82
2012.10.16 12:00:25.527,1.28491,1.28513,3.04,2.25
2012.10.16 12:00:26.376,1.28491,1.2851,1.54,1.50
2012.10.16 12:00:26.918,1.28488,1.28511,3.60,1.32
2012.10.16 12:00:27.848,1.28488,1.2851,4.17,1.50
2012.10.16 12:00:28.368,1.28491,1.28511,1.73,1.32
2012.10.16 12:00:30.818,1.28493,1.28513,1.32,2.07
2012.10.16 12:00:31.170,1.28504,1.28527,1.50,2.14
2012.10.16 12:00:31.242,1.28504,1.28527,1.50,2.07
2012.10.16 12:00:31.499,1.28502,1.28523,3.04,1.50
2012.10.16 12:00:31.628,1.28503,1.28526,2.48,1.50
2012.10.16 12:00:31.757,1.28503,1.28525,1.73,2.25
2012.10.16 12:00:32.520,1.28503,1.28525,3.04,1.50
2012.10.16 12:00:32.828,1.28504,1.28527,2.29,1.50
2012.10.16 12:00:34.286,1.28504,1.28526,1.73,2.25
2012.10.16 12:00:34.593,1.28503,1.28523,1.73,1.50
2012.10.16 12:00:35.177,1.28503,1.28522,2.29,1.50
2012.10.16 12:00:35.878,1.28503,1.28522,2.10,1.50
2012.10.16 12:00:36.188,1.28506,1.28527,2.07,1.50
2012.10.16 12:00:36.708,1.28506,1.28525,1.54,2.25
2012.10.16 12:00:36.897,1.28506,1.28527,2.29,1.50
2012.10.16 12:00:37.018,1.28506,1.28527,2.29,1.50
2012.10.16 12:00:37.992,1.28508,1.28527,1.54,1.50
2012.10.16 12:00:38.118,1.28508,1.28527,1.54,1.50
2012.10.16 12:00:39.009,1.28506,1.28525,1.54,1.50
2012.10.16 12:00:39.138,1.28505,1.28524,1.50,1.32
2012.10.16 12:00:39.447,1.28502,1.28524,2.48,2.07
2012.10.16 12:00:39.758,1.28502,1.28521,1.73,1.35
2012.10.16 12:00:40.395,1.28498,1.28516,2.07,2.07
2012.10.16 12:00:40.472,1.28498,1.28514,1.32,1.50
2012.10.16 12:00:41.014,1.28495,1.28516,1.32,2.07
2012.10.16 12:00:41.085,1.28494,1.28516,1.50,2.07
2012.10.16 12:00:41.698,1.28499,1.2852,1.32,1.58
2012.10.16 12:00:41.905,1.28497,1.28517,1.88,1.50
2012.10.16 12:00:42.045,1.28497,1.28517,1.13,1.50
2012.10.16 12:00:42.118,1.28496,1.28514,1.32,1.50
2012.10.16 12:00:42.192,1.28494,1.28514,2.25,2.25
2012.10.16 12:00:42.388,1.28492,1.28514,3.04,2.25
2012.10.16 12:00:42.957,1.28492,1.28513,1.54,1.50
2012.10.16 12:00:43.896,1.28492,1.28513,1.32,1.50
2012.10.16 12:00:43.956,1.28491,1.28512,1.32,1.50
2012.10.16 12:00:44.590,1.2849,1.28512,1.50,1.50
2012.10.16 12:00:46.424,1.28488,1.28509,2.29,2.25
2012.10.16 12:00:46.730,1.28487,1.28505,2.25,2.07
2012.10.16 12:00:46.977,1.28485,1.28503,1.50,1.50
2012.10.16 12:00:47.527,1.28485,1.28503,1.50,1.50
2012.10.16 12:00:47.798,1.28483,1.28502,1.50,1.50
2012.10.16 12:00:47.868,1.28481,1.28502,1.73,1.50
2012.10.16 12:00:50.450,1.28481,1.28501,2.29,1.50
2012.10.16 12:00:50.947,1.28478,1.28497,2.07,1.50
2012.10.16 12:00:51.229,1.28481,1.28499,2.07,3.60
2012.10.16 12:00:51.917,1.28481,1.285,2.07,2.14
2012.10.16 12:00:52.861,1.28479,1.285,1.50,1.32
2012.10.16 12:00:52.928,1.28481,1.28502,1.50,1.32
2012.10.16 12:00:53.280,1.28495,1.28506,2.29,2.73
2012.10.16 12:00:53.420,1.28496,1.2851,1.54,1.50
2012.10.16 12:00:53.819,1.28503,1.28517,1.32,1.58
2012.10.16 12:00:53.949,1.28503,1.28519,1.32,1.50
2012.10.16 12:00:54.319,1.28505,1.28522,1.32,1.50
2012.10.16 12:00:54.392,1.28508,1.28524,1.32,1.50
2012.10.16 12:00:54.460,1.28508,1.28525,1.32,1.32
2012.10.16 12:00:54.529,1.2851,1.2853,1.50,1.58
2012.10.16 12:00:54.599,1.2851,1.2853,1.50,1.50
2012.10.16 12:00:54.730,1.2851,1.28532,1.73,1.50
2012.10.16 12:00:55.089,1.28514,1.28534,1.50,2.07
2012.10.16 12:00:55.619,1.28511,1.28533,1.73,1.50
2012.10.16 12:00:55.688,1.2851,1.28533,2.48,2.25
2012.10.16 12:00:55.818,1.2851,1.28532,1.73,1.50
2012.10.16 12:00:56.080,1.2851,1.28532,1.73,1.50
2012.10.16 12:00:56.449,1.28509,1.2853,1.54,2.25
2012.10.16 12:00:56.759,1.28507,1.28527,1.50,1.32
2012.10.16 12:00:57.068,1.28505,1.28526,1.32,1.50
2012.10.16 12:00:57.142,1.28505,1.28526,1.32,1.50
2012.10.16 12:00:57.623,1.28506,1.28526,1.13,1.50
2012.10.16 12:00:57.692,1.28506,1.28527,1.13,1.50
2012.10.16 12:00:58.216,1.28506,1.28527,1.35,1.50
2012.10.16 12:00:58.299,1.28512,1.28532,1.73,1.50
2012.10.16 12:00:58.809,1.28517,1.28533,1.50,1.32
2012.10.16 12:00:59.298,1.28513,1.28533,1.73,1.50
2012.10.16 12:00:59.688,1.28516,1.28536,1.50,1.50
2012.10.16 12:01:00.002,1.28516,1.28536,1.73,1.50
2012.10.16 12:01:00.139,1.28512,1.28533,2.29,1.50
2012.10.16 12:01:00.449,1.28512,1.28533,1.73,1.50
2012.10.16 12:01:00.739,1.28512,1.28534,1.73,2.07
2012.10.16 12:01:00.870,1.28513,1.28534,1.73,1.32
2012.10.16 12:01:00.939,1.28515,1.28535,1.54,2.25
2012.10.16 12:01:01.071,1.28519,1.28538,1.32,2.14
2012.10.16 12:01:01.138,1.28519,1.28541,2.29,3.08
2012.10.16 12:01:01.647,1.28518,1.28537,1.35,1.50
2012.10.16 12:01:01.839,1.28515,1.28534,1.73,2.07
2012.10.16 12:01:01.910,1.28515,1.28534,1.50,2.07
2012.10.16 12:01:02.600,1.28515,1.28534,1.50,2.07
2012.10.16 12:01:02.856,1.28512,1.28533,1.73,1.50
2012.10.16 12:01:03.429,1.28512,1.28532,1.73,1.32
2012.10.16 12:01:03.678,1.28509,1.2853,2.48,2.07
2012.10.16 12:01:04.060,1.28509,1.28529,1.73,1.32
2012.10.16 12:01:04.439,1.28506,1.28527,2.63,2.25
2012.10.16 12:01:04.728,1.28506,1.28527,1.88,1.50
2012.10.16 12:01:05.017,1.28506,1.28527,1.54,1.32
2012.10.16 12:01:05.529,1.28505,1.28527,2.48,1.32
2012.10.16 12:01:05.839,1.28512,1.28533,1.54,2.33
2012.10.16 12:01:06.026,1.28512,1.28534,2.29,1.50
2012.10.16 12:01:06.459,1.28512,1.28534,2.29,2.25
2012.10.16 12:01:07.290,1.28511,1.2853,1.54,1.50
2012.10.16 12:01:07.368,1.2851,1.2853,1.54,1.50
2012.10.16 12:01:08.389,1.28508,1.28529,1.73,1.32
2012.10.16 12:01:08.650,1.2851,1.28529,1.73,1.32
2012.10.16 12:01:08.898,1.2851,1.28529,1.73,2.07
2012.10.16 12:01:09.888,1.28509,1.28528,1.73,1.32
2012.10.16 12:01:12.458,1.28509,1.28529,1.73,1.50
2012.10.16 12:01:16.639,1.28508,1.28529,1.73,2.25
2012.10.16 12:01:17.188,1.28507,1.28526,1.54,1.50
2012.10.16 12:01:17.498,1.28509,1.28524,1.73,1.95
2012.10.16 12:01:17.621,1.2851,1.28531,1.73,1.58
2012.10.16 12:01:18.389,1.28507,1.28525,2.10,1.50
2012.10.16 12:01:18.908,1.28508,1.2853,1.73,1.50
2012.10.16 12:01:18.968,1.28509,1.2853,1.73,1.50
2012.10.16 12:01:19.346,1.28512,1.28531,1.50,2.07
2012.10.16 12:01:19.768,1.28508,1.2853,3.04,1.50
2012.10.16 12:01:19.837,1.28508,1.2853,3.04,1.50
2012.10.16 12:01:20.327,1.28512,1.28533,1.73,2.82
2012.10.16 12:01:20.579,1.28514,1.28533,1.54,1.50
2012.10.16 12:01:20.649,1.28515,1.28536,1.50,1.58
2012.10.16 12:01:21.198,1.28513,1.28534,1.54,1.50
2012.10.16 12:01:21.437,1.28514,1.28534,1.32,1.50
2012.10.16 12:01:21.738,1.2853,1.28539,1.50,1.32
2012.10.16 12:01:21.798,1.2853,1.28544,2.07,1.54
2012.10.16 12:01:21.858,1.28531,1.28549,1.54,1.39
2012.10.16 12:01:22.099,1.28537,1.2855,1.54,1.26
2012.10.16 12:01:22.352,1.28537,1.28556,2.10,1.50
2012.10.16 12:01:22.541,1.28539,1.2856,1.73,1.50
2012.10.16 12:01:22.668,1.28542,1.28561,2.25,1.65
2012.10.16 12:01:22.798,1.28543,1.28563,1.50,1.47
2012.10.16 12:01:23.308,1.28544,1.28565,2.29,2.40
2012.10.16 12:01:23.498,1.28544,1.28562,1.54,1.65
2012.10.16 12:01:23.934,1.28541,1.28558,1.73,1.50
2012.10.16 12:01:24.067,1.28539,1.28559,1.88,1.50
2012.10.16 12:01:24.309,1.28538,1.28557,1.54,1.50
2012.10.16 12:01:24.500,1.28538,1.28557,1.54,2.25
2012.10.16 12:01:25.690,1.28538,1.28555,1.32,1.50
2012.10.16 12:01:27.012,1.28533,1.28554,2.07,1.50
2012.10.16 12:01:27.206,1.28533,1.28554,2.07,1.50
2012.10.16 12:01:29.208,1.28535,1.28553,1.50,1.50
2012.10.16 12:01:35.316,1.28533,1.28553,1.32,1.50
2012.10.16 12:01:36.178,1.28533,1.28549,1.32,1.32
2012.10.16 12:01:36.308,1.28528,1.28546,2.48,2.07
2012.10.16 12:01:36.370,1.28527,1.28546,2.25,2.82
2012.10.16 12:01:36.918,1.28522,1.28542,1.32,1.50
2012.10.16 12:01:37.049,1.28521,1.28539,1.32,1.50
2012.10.16 12:01:37.189,1.28521,1.28538,1.50,1.50
2012.10.16 12:01:37.617,1.28522,1.28541,2.82,1.32
2012.10.16 12:01:38.033,1.28524,1.28545,2.25,1.50
2012.10.16 12:01:39.528,1.28522,1.28543,1.50,1.50
2012.10.16 12:01:39.598,1.28521,1.28541,1.32,1.50
2012.10.16 12:01:39.849,1.2852,1.28539,1.69,1.50
2012.10.16 12:01:39.918,1.28523,1.28542,1.50,1.50
2012.10.16 12:01:40.518,1.28523,1.28542,1.50,1.50
2012.10.16 12:01:42.321,1.28523,1.28542,1.50,1.50
2012.10.16 12:01:44.548,1.2852,1.28538,1.32,1.50
2012.10.16 12:01:44.729,1.2852,1.28538,1.32,1.50
2012.10.16 12:01:45.167,1.28519,1.28538,1.32,1.50
2012.10.16 12:01:45.528,1.28516,1.28536,1.32,1.50
2012.10.16 12:01:46.077,1.28516,1.28536,1.32,1.50
2012.10.16 12:01:46.257,1.28515,1.28536,1.32,2.25
2012.10.16 12:01:46.851,1.28515,1.28536,1.32,2.25
2012.10.16 12:01:47.109,1.28515,1.28536,1.32,2.25
2012.10.16 12:01:48.900,1.28515,1.28535,1.32,1.50
2012.10.16 12:01:49.217,1.28515,1.28535,1.32,1.50
2012.10.16 12:01:49.767,1.28516,1.28535,1.50,1.50
2012.10.16 12:01:50.307,1.28517,1.28534,1.50,1.50
2012.10.16 12:01:50.367,1.28515,1.28534,1.32,1.50
2012.10.16 12:01:51.017,1.28515,1.28534,1.32,1.50
2012.10.16 12:01:51.140,1.28515,1.28534,2.07,1.50
2012.10.16 12:01:52.009,1.28517,1.28533,1.50,1.50
2012.10.16 12:01:52.259,1.28515,1.28533,2.29,1.50
2012.10.16 12:01:52.881,1.28515,1.28533,2.07,1.50
2012.10.16 12:01:53.128,1.28512,1.28532,1.50,1.32
2012.10.16 12:01:53.260,1.28512,1.28532,1.73,1.32
2012.10.16 12:01:53.328,1.28508,1.28526,1.73,1.50
2012.10.16 12:01:53.907,1.28508,1.28526,1.73,1.50
2012.10.16 12:01:54.897,1.28518,1.28538,1.50,2.33
2012.10.16 12:01:55.158,1.2852,1.2854,1.54,2.25
2012.10.16 12:01:56.972,1.28519,1.28538,1.54,1.50
2012.10.16 12:01:57.528,1.28524,1.28543,1.32,1.50
2012.10.16 12:01:57.776,1.28522,1.28543,1.54,1.50
2012.10.16 12:01:57.837,1.28522,1.28543,1.54,1.50
2012.10.16 12:01:58.018,1.28522,1.28544,1.54,1.50
2012.10.16 12:02:00.444,1.28522,1.28543,1.54,1.50
2012.10.16 12:02:00.946,1.28519,1.2854,1.54,1.50
2012.10.16 12:02:01.248,1.28517,1.28539,3.04,1.50
2012.10.16 12:02:01.317,1.28519,1.2854,1.54,1.50
2012.10.16 12:02:01.757,1.28519,1.28542,2.29,2.63
2012.10.16 12:02:01.998,1.28519,1.2854,2.85,1.50
2012.10.16 12:02:02.507,1.28519,1.2854,2.29,1.50
2012.10.16 12:02:02.747,1.28519,1.2854,2.85,1.50
2012.10.16 12:02:03.287,1.28519,1.2854,2.85,2.25
2012.10.16 12:02:03.846,1.28519,1.2854,2.85,2.25
2012.10.16 12:02:05.019,1.2852,1.28542,1.73,3.57
2012.10.16 12:02:05.585,1.28527,1.28542,1.54,1.50
2012.10.16 12:02:05.650,1.28527,1.28543,1.54,1.50
2012.10.16 12:02:06.417,1.28525,1.28543,3.42,1.50
2012.10.16 12:02:06.661,1.28523,1.28541,1.54,1.50
2012.10.16 12:02:06.789,1.28523,1.28538,1.54,1.50
2012.10.16 12:02:07.928,1.28519,1.28538,1.54,1.50
2012.10.16 12:02:07.988,1.28519,1.28538,1.54,1.50
2012.10.16 12:02:09.050,1.28517,1.28536,1.73,1.32
2012.10.16 12:02:09.121,1.28517,1.28536,1.73,1.32
2012.10.16 12:02:09.259,1.28517,1.28536,1.50,1.32
2012.10.16 12:02:09.328,1.28519,1.28536,1.50,1.32
2012.10.16 12:02:09.399,1.28519,1.28536,1.50,1.32
2012.10.16 12:02:10.289,1.28519,1.28536,1.50,2.07
2012.10.16 12:02:10.610,1.28515,1.28533,1.73,1.50
2012.10.16 12:02:10.807,1.28514,1.2853,1.88,1.50
2012.10.16 12:02:11.368,1.28513,1.28534,2.29,1.50
2012.10.16 12:02:14.769,1.28514,1.28534,1.54,1.50
2012.10.16 12:02:14.899,1.28513,1.2853,1.88,1.50
2012.10.16 12:02:15.147,1.28513,1.28531,1.54,1.50
2012.10.16 12:02:15.387,1.28513,1.28531,2.67,2.25
2012.10.16 12:02:15.628,1.28514,1.28532,1.54,1.50
2012.10.16 12:02:15.699,1.28514,1.28532,1.54,1.50
2012.10.16 12:02:17.191,1.28514,1.28533,2.29,1.50
2012.10.16 12:02:17.398,1.28514,1.28534,2.29,1.50
2012.10.16 12:02:17.460,1.2852,1.28534,1.32,1.50
2012.10.16 12:02:17.977,1.2852,1.28539,2.29,1.50
2012.10.16 12:02:19.967,1.2852,1.28539,1.54,2.25
2012.10.16 12:02:20.090,1.2852,1.28539,2.29,1.50
2012.10.16 12:02:20.218,1.2852,1.28539,2.29,1.50
2012.10.16 12:02:20.537,1.28517,1.28537,2.63,1.32
2012.10.16 12:02:20.597,1.28517,1.28537,2.63,1.32
2012.10.16 12:02:21.656,1.28514,1.28535,3.04,1.50
2012.10.16 12:02:22.528,1.28514,1.28533,2.29,1.50
2012.10.16 12:02:22.588,1.28514,1.28533,2.29,1.50
2012.10.16 12:02:22.852,1.28512,1.28531,3.04,1.50
2012.10.16 12:02:23.589,1.28511,1.28531,2.10,2.25
2012.10.16 12:02:23.728,1.28512,1.28531,2.48,1.50
2012.10.16 12:02:23.979,1.28513,1.28535,1.73,2.25
2012.10.16 12:02:24.407,1.28514,1.28535,2.48,1.50
2012.10.16 12:02:24.927,1.28514,1.28535,2.48,1.50
2012.10.16 12:02:25.617,1.28513,1.28534,2.29,1.50
2012.10.16 12:02:25.937,1.28513,1.28535,2.29,2.25
2012.10.16 12:02:26.058,1.28512,1.28529,3.00,1.50
2012.10.16 12:02:26.428,1.28511,1.2853,3.23,1.50
2012.10.16 12:02:26.488,1.28514,1.2853,1.50,1.50
2012.10.16 12:02:27.079,1.28514,1.28531,1.50,2.07
2012.10.16 12:02:27.578,1.28514,1.28531,1.73,1.50
2012.10.16 12:02:29.280,1.28514,1.2853,1.50,1.50
2012.10.16 12:02:32.218,1.28514,1.2853,1.50,1.50
2012.10.16 12:02:32.399,1.2851,1.2853,1.73,1.50
2012.10.16 12:02:34.567,1.28508,1.28528,3.04,1.50
2012.10.16 12:02:35.802,1.28509,1.28529,2.48,1.50
2012.10.16 12:02:36.124,1.28508,1.28526,1.92,1.50
2012.10.16 12:02:36.707,1.28508,1.28526,1.32,1.50
2012.10.16 12:02:37.068,1.2851,1.28528,1.73,1.50
2012.10.16 12:02:37.577,1.2851,1.28528,1.73,1.50
2012.10.16 12:02:37.819,1.28509,1.28524,1.50,1.50
2012.10.16 12:02:37.887,1.28508,1.28524,1.32,1.50
2012.10.16 12:02:38.388,1.28505,1.28522,1.35,1.50
2012.10.16 12:02:39.885,1.28503,1.28522,3.04,1.50
2012.10.16 12:02:40.468,1.28503,1.28521,2.48,1.50
2012.10.16 12:02:40.590,1.28503,1.28521,2.48,1.50
2012.10.16 12:02:41.329,1.28503,1.2852,1.50,1.50
2012.10.16 12:02:44.546,1.28499,1.28518,1.73,1.50
2012.10.16 12:02:46.959,1.285,1.28519,1.73,1.50
2012.10.16 12:02:47.249,1.285,1.2852,1.73,1.50
2012.10.16 12:02:47.907,1.28499,1.28519,1.73,1.50
2012.10.16 12:02:48.227,1.28497,1.28511,1.50,1.32
2012.10.16 12:02:48.563,1.28493,1.28511,3.23,2.07
2012.10.16 12:02:48.830,1.28494,1.28511,2.25,2.07
2012.10.16 12:02:49.120,1.28496,1.28511,1.17,1.50
2012.10.16 12:02:49.608,1.28497,1.28515,1.58,1.50
2012.10.16 12:02:49.916,1.28497,1.28519,2.70,2.82
2012.10.16 12:02:50.698,1.28497,1.28519,2.85,2.07
2012.10.16 12:02:51.898,1.28499,1.28517,1.50,1.32
2012.10.16 12:02:52.018,1.28498,1.28517,1.73,1.32
2012.10.16 12:02:52.208,1.28499,1.28518,1.50,1.32
2012.10.16 12:02:52.448,1.28501,1.28523,1.73,2.82
2012.10.16 12:02:52.797,1.28504,1.28523,1.50,1.32
2012.10.16 12:02:53.156,1.285,1.28522,2.29,2.25
2012.10.16 12:02:53.818,1.28504,1.28522,1.50,1.50
2012.10.16 12:02:53.896,1.28501,1.28522,1.73,1.50
2012.10.16 12:02:54.149,1.28499,1.2852,2.29,1.50
2012.10.16 12:02:54.400,1.28499,1.28519,1.73,1.50
2012.10.16 12:02:55.589,1.28497,1.28518,1.73,1.50
2012.10.16 12:02:56.072,1.28497,1.2852,2.10,1.50
2012.10.16 12:02:56.269,1.28505,1.28522,1.32,1.32
2012.10.16 12:02:56.341,1.28505,1.28524,1.32,2.25
2012.10.16 12:02:56.610,1.28507,1.28528,1.50,2.14
2012.10.16 12:02:56.916,1.28507,1.28527,2.44,1.50
2012.10.16 12:02:57.227,1.28514,1.28531,2.07,1.50
2012.10.16 12:02:57.529,1.2851,1.28529,2.44,1.50
2012.10.16 12:02:57.718,1.28515,1.28529,1.50,1.32
2012.10.16 12:02:57.777,1.28515,1.28533,1.50,1.05
2012.10.16 12:02:57.839,1.28515,1.28533,2.25,1.80
2012.10.16 12:02:58.208,1.28517,1.28532,1.73,1.50
2012.10.16 12:02:58.728,1.28517,1.2853,1.50,2.07
2012.10.16 12:02:59.078,1.28514,1.2853,1.50,2.82
2012.10.16 12:02:59.652,1.28514,1.2853,1.50,2.82
2012.10.16 12:03:00.129,1.28518,1.2853,1.50,1.50
2012.10.16 12:03:00.449,1.28522,1.2853,1.50,1.50
2012.10.16 12:03:00.639,1.28522,1.28535,1.50,2.25
2012.10.16 12:03:00.707,1.28523,1.28536,1.50,1.50
2012.10.16 12:03:00.771,1.28525,1.28535,1.50,1.50
2012.10.16 12:03:00.959,1.28521,1.2854,1.69,2.29
2012.10.16 12:03:01.217,1.28521,1.28538,1.73,1.50
2012.10.16 12:03:01.278,1.28521,1.28538,1.73,1.50
2012.10.16 12:03:01.588,1.28521,1.28538,1.69,1.50
2012.10.16 12:03:02.317,1.28524,1.28536,1.50,1.32
2012.10.16 12:03:02.498,1.28523,1.28537,1.50,2.07
2012.10.16 12:03:02.798,1.28519,1.28539,1.13,1.32
2012.10.16 12:03:02.859,1.28524,1.28541,1.69,2.25
2012.10.16 12:03:02.927,1.28526,1.28542,1.50,1.32
2012.10.16 12:03:03.047,1.28526,1.28545,2.48,1.39
2012.10.16 12:03:03.708,1.28526,1.28549,2.48,2.07
2012.10.16 12:03:04.277,1.28527,1.28549,1.73,1.50
2012.10.16 12:03:04.580,1.28527,1.28541,1.73,1.32
2012.10.16 12:03:04.828,1.28524,1.28541,1.32,1.32
2012.10.16 12:03:05.078,1.28519,1.28541,3.23,1.32
2012.10.16 12:03:05.756,1.28518,1.28541,3.04,2.82
2012.10.16 12:03:07.184,1.28518,1.28541,2.29,2.82
2012.10.16 12:03:08.869,1.28518,1.28541,2.29,2.82
2012.10.16 12:03:09.199,1.28519,1.28541,1.73,2.07
2012.10.16 12:03:09.607,1.28518,1.28541,4.92,2.82
2012.10.16 12:03:12.227,1.28522,1.28543,1.73,1.50
2012.10.16 12:03:12.758,1.28523,1.28545,2.48,1.32
2012.10.16 12:03:12.878,1.28523,1.28547,3.04,1.50
2012.10.16 12:03:12.939,1.28525,1.28547,1.54,1.50
2012.10.16 12:03:13.247,1.28527,1.28549,1.73,2.63
2012.10.16 12:03:14.358,1.28527,1.28549,3.04,2.07
2012.10.16 12:03:15.847,1.28528,1.28549,2.85,1.50
2012.10.16 12:03:16.198,1.28536,1.28551,1.35,2.25
2012.10.16 12:03:16.508,1.28538,1.28552,2.10,1.32
2012.10.16 12:03:17.081,1.28537,1.28554,2.41,1.50
2012.10.16 12:03:17.577,1.28531,1.28551,2.29,1.50
2012.10.16 12:03:17.697,1.28531,1.28551,1.54,1.50
2012.10.16 12:03:18.011,1.28531,1.28551,2.67,1.50
2012.10.16 12:03:18.539,1.28537,1.28552,2.25,1.50
2012.10.16 12:03:18.897,1.28537,1.28554,2.25,1.32
2012.10.16 12:03:19.088,1.28537,1.28554,2.25,1.32
2012.10.16 12:03:19.835,1.28541,1.28554,1.50,1.32
2012.10.16 12:03:19.959,1.28541,1.2856,1.50,1.32
2012.10.16 12:03:20.528,1.28543,1.2856,2.25,1.32
2012.10.16 12:03:20.708,1.28545,1.28568,1.50,2.14
2012.10.16 12:03:21.309,1.28549,1.28569,1.50,1.32
2012.10.16 12:03:21.438,1.2855,1.2857,1.73,1.32
2012.10.16 12:03:21.509,1.28551,1.2857,1.73,1.32
2012.10.16 12:03:21.577,1.2855,1.2857,4.35,1.32
2012.10.16 12:03:23.361,1.28551,1.28573,1.35,1.32
2012.10.16 12:03:23.432,1.28553,1.28573,1.35,1.32
2012.10.16 12:03:24.218,1.28553,1.28569,2.10,1.50
2012.10.16 12:03:24.288,1.28553,1.28569,1.35,1.50
2012.10.16 12:03:24.349,1.28549,1.28568,1.73,1.50
2012.10.16 12:03:25.207,1.28551,1.28571,1.54,1.32
2012.10.16 12:03:25.388,1.28552,1.28574,1.35,1.50
2012.10.16 12:03:27.180,1.28552,1.28574,2.10,1.50
2012.10.16 12:03:27.489,1.28552,1.28574,2.10,1.50
2012.10.16 12:03:30.070,1.28554,1.28574,1.35,1.50
2012.10.16 12:03:30.140,1.28554,1.28569,1.35,1.50
2012.10.16 12:03:30.208,1.28551,1.28569,2.67,1.50
2012.10.16 12:03:30.518,1.28551,1.28573,2.52,1.50
2012.10.16 12:03:30.589,1.28555,1.28573,1.35,1.50
2012.10.16 12:03:30.898,1.28552,1.28574,1.65,1.50
2012.10.16 12:03:30.960,1.28552,1.28574,1.65,1.50
2012.10.16 12:03:31.348,1.28555,1.28574,1.35,1.50
2012.10.16 12:03:31.468,1.28555,1.28574,1.35,1.50
2012.10.16 12:03:32.745,1.28552,1.28574,2.70,1.50
2012.10.16 12:03:36.077,1.28555,1.28575,1.35,1.50
2012.10.16 12:03:36.153,1.28555,1.28575,1.35,1.50
2012.10.16 12:03:36.647,1.28556,1.28576,1.73,2.07
2012.10.16 12:03:37.547,1.28556,1.28576,1.73,1.50
2012.10.16 12:03:38.072,1.28558,1.28577,1.73,1.50
2012.10.16 12:03:38.148,1.28557,1.28576,1.73,1.50
2012.10.16 12:03:38.698,1.28555,1.28576,2.10,1.50
2012.10.16 12:03:39.709,1.28557,1.28578,2.29,1.50
2012.10.16 12:03:39.779,1.28557,1.28583,1.54,2.14
2012.10.16 12:03:39.848,1.28557,1.28583,1.54,2.14
2012.10.16 12:03:40.620,1.28558,1.2858,4.09,1.50
2012.10.16 12:03:42.689,1.28558,1.2858,1.54,1.50
2012.10.16 12:03:42.821,1.28559,1.28581,1.92,1.50
2012.10.16 12:03:43.145,1.28567,1.28585,1.92,1.50
2012.10.16 12:03:43.211,1.28567,1.28582,1.92,1.50
2012.10.16 12:03:43.420,1.28566,1.28586,1.73,1.47
2012.10.16 12:03:43.675,1.28568,1.2859,1.35,1.65
2012.10.16 12:03:44.409,1.28567,1.28583,1.32,1.35
2012.10.16 12:03:44.550,1.28565,1.28574,2.74,1.32
2012.10.16 12:03:44.620,1.28565,1.28574,2.18,1.13
2012.10.16 12:03:44.689,1.28559,1.28576,1.54,1.32
2012.10.16 12:03:45.190,1.2856,1.28583,2.44,1.13
2012.10.16 12:03:45.319,1.28557,1.28578,1.83,1.32
2012.10.16 12:03:45.387,1.2856,1.28583,1.54,2.07
2012.10.16 12:03:45.519,1.28558,1.28583,2.10,2.07
2012.10.16 12:03:46.088,1.28557,1.28579,1.73,1.32
2012.10.16 12:03:46.639,1.28557,1.28576,1.73,3.75
2012.10.16 12:03:46.713,1.28555,1.28576,1.73,4.50
2012.10.16 12:03:46.783,1.28554,1.2857,4.09,1.32
2012.10.16 12:03:47.169,1.28552,1.28576,2.41,4.32
2012.10.16 12:03:47.241,1.28551,1.28576,2.33,4.32
2012.10.16 12:03:47.383,1.28554,1.28577,1.92,1.32
2012.10.16 12:03:47.649,1.28554,1.28577,2.67,2.07
2012.10.16 12:03:47.998,1.28554,1.28577,4.09,2.07
2012.10.16 12:03:48.379,1.28554,1.28577,1.54,1.50
2012.10.16 12:03:48.978,1.28553,1.28576,2.10,1.50
2012.10.16 12:03:49.047,1.28553,1.28576,2.10,1.50
2012.10.16 12:03:49.694,1.28552,1.28576,1.35,1.50
2012.10.16 12:03:50.217,1.28551,1.28576,1.54,2.07
2012.10.16 12:03:50.835,1.28552,1.28576,1.54,2.07
2012.10.16 12:03:51.819,1.2855,1.28573,3.42,2.07
2012.10.16 12:03:52.269,1.28554,1.28574,1.54,3.57
2012.10.16 12:03:52.339,1.28557,1.28575,1.92,1.39
2012.10.16 12:03:52.407,1.28557,1.28578,1.92,1.50
2012.10.16 12:03:53.069,1.28556,1.2858,1.92,1.93
2012.10.16 12:03:57.754,1.28558,1.28578,1.35,1.50
2012.10.16 12:03:58.140,1.28554,1.28574,2.97,1.32
2012.10.16 12:03:58.211,1.28557,1.28577,1.32,1.93
2012.10.16 12:03:58.339,1.28555,1.28577,1.35,1.93
2012.10.16 12:03:58.908,1.28555,1.28578,1.35,2.25
2012.10.16 12:03:58.970,1.28555,1.28578,1.35,2.25
2012.10.16 12:03:59.977,1.28555,1.28576,1.35,1.50
2012.10.16 12:04:02.018,1.28556,1.28578,1.35,1.50
2012.10.16 12:04:03.830,1.28556,1.28571,1.35,1.50
2012.10.16 12:04:04.118,1.28552,1.28571,2.97,3.75
2012.10.16 12:04:04.179,1.28548,1.2857,1.54,1.50
2012.10.16 12:04:04.308,1.28546,1.28566,1.54,2.07
2012.10.16 12:04:04.439,1.28541,1.28565,2.67,1.35
2012.10.16 12:04:04.569,1.2854,1.28559,2.41,1.32
2012.10.16 12:04:04.639,1.2854,1.28559,2.41,1.32
2012.10.16 12:04:04.888,1.28534,1.28552,3.23,1.32
2012.10.16 12:04:05.008,1.28535,1.28558,1.54,1.32
2012.10.16 12:04:05.078,1.28535,1.28559,2.14,1.50
2012.10.16 12:04:05.148,1.28535,1.28559,2.14,1.50
2012.10.16 12:04:05.687,1.28538,1.2856,2.48,1.32
2012.10.16 12:04:06.027,1.28539,1.2856,1.73,1.32
2012.10.16 12:04:07.335,1.28536,1.2856,4.66,1.32
2012.10.16 12:04:09.437,1.28542,1.28564,1.54,2.07
2012.10.16 12:04:09.496,1.28543,1.28564,1.92,1.32
2012.10.16 12:04:09.558,1.28543,1.28565,1.92,2.07
2012.10.16 12:04:09.876,1.28543,1.28562,1.92,1.32
2012.10.16 12:04:09.944,1.28543,1.28562,1.92,1.32
2012.10.16 12:04:10.470,1.28539,1.28563,1.73,1.32
2012.10.16 12:04:10.538,1.28539,1.28564,1.73,2.63
2012.10.16 12:04:10.973,1.28541,1.28563,2.10,1.13
2012.10.16 12:04:11.290,1.28543,1.28565,1.54,1.50
2012.10.16 12:04:11.758,1.28545,1.28569,1.73,2.07
2012.10.16 12:04:12.561,1.28548,1.28571,1.54,1.50
2012.10.16 12:04:12.749,1.2855,1.28573,2.10,2.07
2012.10.16 12:04:12.818,1.28552,1.28574,1.54,2.25
2012.10.16 12:04:13.250,1.28549,1.28573,1.54,1.35
2012.10.16 12:04:13.511,1.28548,1.28572,2.67,2.25
2012.10.16 12:04:13.759,1.28549,1.28572,1.54,1.50
2012.10.16 12:04:13.960,1.2855,1.28574,2.10,3.42
2012.10.16 12:04:14.498,1.2855,1.28574,1.73,1.32
2012.10.16 12:04:14.807,1.28551,1.28575,3.04,1.32
2012.10.16 12:04:15.856,1.28555,1.28578,1.73,2.25
2012.10.16 12:04:15.919,1.28555,1.28578,1.73,1.50
2012.10.16 12:04:16.734,1.2856,1.28579,1.73,1.32
2012.10.16 12:04:17.058,1.28558,1.28581,2.48,1.88
2012.10.16 12:04:17.119,1.28558,1.2858,1.73,1.32
2012.10.16 12:04:17.188,1.28557,1.28579,2.48,1.50
2012.10.16 12:04:17.369,1.28558,1.28579,2.48,1.50
2012.10.16 12:04:18.659,1.28555,1.28579,1.54,1.50
2012.10.16 12:04:20.728,1.28558,1.28583,1.54,1.20
2012.10.16 12:04:20.858,1.28558,1.28584,1.54,1.95
2012.10.16 12:04:21.337,1.2856,1.28584,1.73,1.13
2012.10.16 12:04:22.237,1.2856,1.28584,3.90,1.13
2012.10.16 12:04:22.498,1.28564,1.28587,1.54,2.22
2012.10.16 12:04:22.970,1.28564,1.28588,2.29,1.47
2012.10.16 12:04:23.110,1.28564,1.28588,2.29,1.47
2012.10.16 12:04:23.618,1.28564,1.28587,1.77,1.47
2012.10.16 12:04:23.953,1.28567,1.28587,1.13,1.65
2012.10.16 12:04:24.358,1.28566,1.2859,1.54,4.58
2012.10.16 12:04:24.478,1.28565,1.28579,1.50,1.32
2012.10.16 12:04:24.979,1.2856,1.28579,1.73,1.32
2012.10.16 12:04:25.687,1.28561,1.28579,1.73,1.32
2012.10.16 12:04:26.726,1.28566,1.28585,1.73,1.32
2012.10.16 12:04:27.068,1.28568,1.28585,1.95,1.32
2012.10.16 12:04:27.461,1.2857,1.28586,2.40,2.03
2012.10.16 12:04:28.357,1.28567,1.28589,1.73,1.47
2012.10.16 12:04:29.999,1.28567,1.28581,2.48,1.32
2012.10.16 12:04:30.353,1.28561,1.28581,2.48,1.32
2012.10.16 12:04:30.418,1.28561,1.28581,2.48,1.32
2012.10.16 12:04:30.626,1.28561,1.28581,1.73,1.32
2012.10.16 12:04:30.938,1.28567,1.28575,1.50,1.32
2012.10.16 12:04:30.998,1.28573,1.28587,1.50,2.36
2012.10.16 12:04:31.248,1.28575,1.28589,1.73,1.13
2012.10.16 12:04:31.487,1.28576,1.28595,1.73,1.58
2012.10.16 12:04:31.669,1.28578,1.28598,1.73,1.32
2012.10.16 12:04:32.178,1.28578,1.28598,2.48,1.32
2012.10.16 12:04:32.428,1.28578,1.28597,1.73,1.50
2012.10.16 12:04:32.740,1.28576,1.28596,2.48,1.32
2012.10.16 12:04:32.809,1.28578,1.28599,1.73,1.50
2012.10.16 12:04:32.878,1.28581,1.286,1.73,1.39
2012.10.16 12:04:32.952,1.28583,1.28599,1.73,1.32
2012.10.16 12:04:33.018,1.28583,1.286,1.73,1.32
2012.10.16 12:04:33.198,1.28584,1.28604,1.54,1.32
2012.10.16 12:04:33.259,1.28585,1.28606,1.32,1.50
2012.10.16 12:04:33.562,1.28588,1.28608,1.50,1.50
2012.10.16 12:04:34.139,1.28586,1.28596,1.73,1.32
2012.10.16 12:04:34.329,1.28579,1.28596,2.25,1.32
2012.10.16 12:04:34.398,1.28578,1.28597,1.50,1.32
2012.10.16 12:04:34.517,1.28579,1.28598,2.82,1.32
2012.10.16 12:04:34.578,1.28579,1.28598,2.82,1.32
2012.10.16 12:04:34.882,1.28583,1.28602,1.73,1.32
2012.10.16 12:04:35.222,1.2858,1.28594,1.73,1.32
2012.10.16 12:04:35.408,1.28579,1.28594,1.50,1.32
2012.10.16 12:04:35.467,1.28579,1.286,1.50,1.50
2012.10.16 12:04:35.768,1.28582,1.28601,1.73,1.32
2012.10.16 12:04:35.958,1.28582,1.28601,1.73,1.32
2012.10.16 12:04:36.292,1.28578,1.28597,2.10,1.50
2012.10.16 12:04:36.620,1.28579,1.28596,1.50,1.32
2012.10.16 12:04:36.688,1.28579,1.28596,1.50,1.13
2012.10.16 12:04:36.759,1.2858,1.28598,1.50,1.32
2012.10.16 12:04:37.188,1.28582,1.28598,2.78,1.32
2012.10.16 12:04:37.489,1.28582,1.28596,2.25,1.88
2012.10.16 12:04:37.628,1.28579,1.28596,2.25,1.88
2012.10.16 12:04:37.689,1.28582,1.28601,1.32,1.99
2012.10.16 12:04:37.759,1.28582,1.28602,2.29,2.33
2012.10.16 12:04:37.949,1.28587,1.28603,1.73,1.50
2012.10.16 12:04:38.609,1.28585,1.28603,1.73,1.50
2012.10.16 12:04:38.682,1.28584,1.28603,2.48,1.50
2012.10.16 12:04:38.747,1.28584,1.28603,2.48,1.50
2012.10.16 12:04:38.812,1.28584,1.28603,2.48,1.50
2012.10.16 12:04:38.878,1.28584,1.28603,2.48,1.50
2012.10.16 12:04:40.973,1.28584,1.28603,3.45,1.32
2012.10.16 12:04:42.361,1.28584,1.28598,2.70,1.32
2012.10.16 12:04:42.430,1.28579,1.28595,1.50,1.32
2012.10.16 12:04:42.499,1.28578,1.28593,2.41,1.32
2012.10.16 12:04:42.758,1.28575,1.2859,1.73,1.50
2012.10.16 12:04:42.937,1.28571,1.2859,1.73,1.50
2012.10.16 12:04:43.528,1.2857,1.28589,1.73,1.50
2012.10.16 12:04:44.409,1.2857,1.28587,1.73,1.32
2012.10.16 12:04:44.727,1.2857,1.28587,1.73,1.32
2012.10.16 12:04:46.028,1.2857,1.28589,1.73,2.07
2012.10.16 12:04:46.218,1.2857,1.28589,1.73,2.07
2012.10.16 12:04:46.431,1.2857,1.28589,1.73,2.07
2012.10.16 12:04:47.090,1.2857,1.28589,1.73,2.07
2012.10.16 12:04:47.638,1.2857,1.28586,1.50,1.32
2012.10.16 12:04:48.089,1.2857,1.28589,1.32,1.50
2012.10.16 12:04:48.160,1.28571,1.28589,1.32,1.50
2012.10.16 12:04:49.140,1.28571,1.2859,1.54,1.50
2012.10.16 12:04:50.168,1.28568,1.28582,1.73,1.50
2012.10.16 12:04:50.228,1.28569,1.28584,1.73,1.50
2012.10.16 12:04:50.358,1.28568,1.28585,2.25,1.32
2012.10.16 12:04:50.418,1.28566,1.28585,1.73,1.32
2012.10.16 12:04:50.598,1.28568,1.28587,1.92,1.50
2012.10.16 12:04:51.378,1.28571,1.2859,1.50,1.50
2012.10.16 12:04:52.118,1.28571,1.2859,1.73,1.50
2012.10.16 12:04:52.305,1.28571,1.2859,1.73,1.50
2012.10.16 12:04:52.848,1.2857,1.28591,2.29,1.50
2012.10.16 12:04:54.384,1.28577,1.28596,1.54,1.50
2012.10.16 12:04:54.927,1.28575,1.28594,1.54,1.32
2012.10.16 12:04:55.047,1.28575,1.28594,1.54,1.32
2012.10.16 12:04:55.226,1.28576,1.28595,1.32,1.50
2012.10.16 12:04:55.346,1.28576,1.28595,2.29,1.50
2012.10.16 12:04:56.536,1.28576,1.28595,2.29,1.50
2012.10.16 12:04:56.858,1.28576,1.28595,2.07,1.50
2012.10.16 12:04:58.160,1.28576,1.28587,1.50,1.32
2012.10.16 12:04:58.670,1.28568,1.28587,1.73,2.07
2012.10.16 12:04:58.801,1.28573,1.28587,1.50,2.07
2012.10.16 12:04:58.869,1.28579,1.28587,1.50,1.32
2012.10.16 12:04:59.000,1.2858,1.28597,2.29,2.14
2012.10.16 12:04:59.128,1.28586,1.28598,1.50,3.14
2012.10.16 12:04:59.699,1.28583,1.28602,1.50,1.50
2012.10.16 12:05:01.338,1.28583,1.28602,1.50,1.50
2012.10.16 12:05:01.533,1.28586,1.28605,1.73,2.07
2012.10.16 12:05:01.670,1.28589,1.28604,2.48,1.50
2012.10.16 12:05:02.218,1.28583,1.28602,1.73,1.50
2012.10.16 12:05:03.762,1.28585,1.28605,1.50,1.32
2012.10.16 12:05:03.888,1.28585,1.28605,1.50,1.32
2012.10.16 12:05:04.207,1.28586,1.28602,2.25,1.50
2012.10.16 12:05:07.519,1.28582,1.28601,1.50,1.50
2012.10.16 12:05:08.067,1.28584,1.28605,1.50,2.07
2012.10.16 12:05:09.168,1.28584,1.28604,1.50,1.35
2012.10.16 12:05:09.528,1.28586,1.28603,1.50,1.32
2012.10.16 12:05:09.589,1.28587,1.28603,1.50,1.32
2012.10.16 12:05:09.897,1.28587,1.28606,1.50,1.50
2012.10.16 12:05:10.199,1.28586,1.28599,1.50,1.32
2012.10.16 12:05:10.329,1.28583,1.28599,1.73,1.32
2012.10.16 12:05:10.398,1.28581,1.28597,1.50,1.50
2012.10.16 12:05:10.459,1.2858,1.28595,1.88,1.50
2012.10.16 12:05:10.962,1.28582,1.286,1.32,2.07
2012.10.16 12:05:11.028,1.28582,1.28601,2.07,1.50
2012.10.16 12:05:11.329,1.28585,1.28604,1.50,1.50
2012.10.16 12:05:11.837,1.28585,1.28605,1.50,1.32
2012.10.16 12:05:12.269,1.2858,1.286,2.10,1.50
2012.10.16 12:05:12.457,1.28579,1.286,1.73,1.50
2012.10.16 12:05:12.819,1.28584,1.286,1.54,1.50
2012.10.16 12:05:12.889,1.28581,1.286,1.50,1.50
2012.10.16 12:05:13.139,1.28581,1.286,1.50,1.50
2012.10.16 12:05:13.388,1.28585,1.28602,3.75,1.50
2012.10.16 12:05:13.448,1.28591,1.28603,1.32,2.74
2012.10.16 12:05:13.711,1.28591,1.28608,1.50,1.69
2012.10.16 12:05:14.268,1.2859,1.28607,1.32,1.50
2012.10.16 12:05:14.328,1.28591,1.28607,1.32,1.50
2012.10.16 12:05:14.637,1.28588,1.28607,1.50,1.50
2012.10.16 12:05:14.757,1.28588,1.28607,1.50,1.50
2012.10.16 12:05:15.639,1.28589,1.28607,1.35,1.50
2012.10.16 12:05:15.713,1.28592,1.28609,2.07,2.07
2012.10.16 12:05:15.780,1.28592,1.2861,2.07,1.93
2012.10.16 12:05:15.970,1.28597,1.28615,1.50,1.58
2012.10.16 12:05:16.658,1.286,1.28617,1.50,1.32
2012.10.16 12:05:17.138,1.28601,1.28617,1.50,1.32
2012.10.16 12:05:17.639,1.286,1.28616,1.95,1.50
2012.10.16 12:05:18.255,1.286,1.2862,1.95,1.50
2012.10.16 12:05:18.573,1.28599,1.2862,1.50,1.50
2012.10.16 12:05:18.869,1.28599,1.2862,1.50,1.50
2012.10.16 12:05:19.950,1.28597,1.28615,1.54,1.50
2012.10.16 12:05:20.018,1.28597,1.28613,1.54,1.35
2012.10.16 12:05:20.140,1.28594,1.28613,2.07,1.32
2012.10.16 12:05:21.527,1.28591,1.2861,1.50,1.50
2012.10.16 12:05:22.239,1.28591,1.2861,1.50,1.50
2012.10.16 12:05:24.629,1.28591,1.2861,1.50,1.50
2012.10.16 12:05:25.130,1.28591,1.28609,1.50,1.50
2012.10.16 12:05:25.791,1.2859,1.28606,1.54,1.50
2012.10.16 12:05:26.479,1.2859,1.28606,1.54,1.50
2012.10.16 12:05:27.018,1.28588,1.28606,1.50,2.07
2012.10.16 12:05:27.579,1.28592,1.28606,1.50,1.32
2012.10.16 12:05:28.265,1.28592,1.28606,1.50,1.32
2012.10.16 12:05:29.111,1.28592,1.2861,1.50,1.50
2012.10.16 12:05:29.185,1.28592,1.2861,1.50,1.50
2012.10.16 12:05:29.498,1.28595,1.28613,1.32,1.50
2012.10.16 12:05:29.557,1.28598,1.28614,1.50,2.25
2012.10.16 12:05:29.859,1.28598,1.28617,1.50,2.25
2012.10.16 12:05:31.167,1.28598,1.28617,1.73,1.50
2012.10.16 12:05:32.329,1.28596,1.28616,1.73,1.50
2012.10.16 12:05:32.879,1.28599,1.28616,1.32,1.50
2012.10.16 12:05:33.380,1.28599,1.28616,1.32,1.50
2012.10.16 12:05:33.448,1.28599,1.28617,1.32,1.50
2012.10.16 12:05:34.069,1.28598,1.28617,1.32,1.50
2012.10.16 12:05:34.197,1.28598,1.28616,1.32,1.50
2012.10.16 12:05:34.567,1.28604,1.2862,2.78,1.50
2012.10.16 12:05:34.687,1.28604,1.28619,2.78,1.50
2012.10.16 12:05:37.107,1.28602,1.28619,1.32,1.50
2012.10.16 12:05:37.438,1.28602,1.28619,1.32,1.50
2012.10.16 12:05:37.618,1.28602,1.28619,1.32,1.50
2012.10.16 12:05:39.610,1.28602,1.28616,1.32,1.50
2012.10.16 12:05:41.818,1.28598,1.28614,1.32,1.50
2012.10.16 12:05:42.059,1.28598,1.28614,1.32,1.50
2012.10.16 12:05:42.390,1.28598,1.28614,1.32,1.50
2012.10.16 12:05:42.457,1.28598,1.28615,1.32,1.50
2012.10.16 12:05:43.064,1.28598,1.28617,1.32,1.50
2012.10.16 12:05:43.900,1.28596,1.28617,2.29,1.50
2012.10.16 12:05:43.968,1.28596,1.28615,1.32,1.50
2012.10.16 12:05:44.312,1.28595,1.2861,1.50,2.25
2012.10.16 12:05:44.386,1.28594,1.2861,2.25,2.25
2012.10.16 12:05:44.852,1.28594,1.28608,1.50,1.50
2012.10.16 12:05:45.038,1.28589,1.28606,1.32,1.50
2012.10.16 12:05:45.577,1.28586,1.28607,2.07,2.25
2012.10.16 12:05:46.467,1.28591,1.28607,2.25,1.50
2012.10.16 12:05:47.001,1.28598,1.28615,2.07,2.48
2012.10.16 12:05:47.079,1.28598,1.28617,2.07,1.50
2012.10.16 12:05:47.221,1.28596,1.28615,1.35,2.07
2012.10.16 12:05:47.437,1.28592,1.28611,1.54,1.50
2012.10.16 12:05:47.982,1.28595,1.28615,1.50,1.32
2012.10.16 12:05:48.053,1.28595,1.28615,1.50,1.32
2012.10.16 12:05:48.118,1.28595,1.28615,1.50,1.32
2012.10.16 12:05:48.390,1.28595,1.28616,2.25,1.32
2012.10.16 12:05:48.518,1.286,1.28618,2.07,1.50
2012.10.16 12:05:49.246,1.286,1.28619,2.07,2.25
2012.10.16 12:05:49.791,1.286,1.28619,2.07,1.50
2012.10.16 12:05:50.609,1.286,1.28619,1.50,1.50
2012.10.16 12:05:51.231,1.28602,1.28621,1.32,1.50
2012.10.16 12:05:51.538,1.28603,1.28624,2.29,2.33
2012.10.16 12:05:51.851,1.28609,1.28625,1.32,1.50
2012.10.16 12:05:51.919,1.28609,1.28628,1.32,2.63
2012.10.16 12:05:53.058,1.28609,1.28629,1.32,3.00
2012.10.16 12:05:55.192,1.28611,1.28629,1.32,2.25
2012.10.16 12:05:55.529,1.28614,1.2863,1.73,1.32
2012.10.16 12:05:55.850,1.28613,1.28634,1.50,1.73
2012.10.16 12:05:56.160,1.28613,1.28634,1.50,1.73
2012.10.16 12:05:56.289,1.28613,1.28634,1.50,1.73
2012.10.16 12:05:56.659,1.28613,1.28634,1.50,1.50
2012.10.16 12:05:56.730,1.28612,1.2863,1.32,1.50
2012.10.16 12:05:57.281,1.28611,1.28632,1.50,2.25
2012.10.16 12:05:57.808,1.28611,1.2863,1.50,1.50
2012.10.16 12:05:58.189,1.28611,1.2863,1.50,1.50
2012.10.16 12:05:58.380,1.28607,1.28628,2.48,2.25
2012.10.16 12:05:58.687,1.28607,1.28626,1.50,1.50
2012.10.16 12:05:59.888,1.28607,1.28626,1.50,1.50
2012.10.16 12:06:02.395,1.28607,1.28626,1.50,1.50
2012.10.16 12:06:03.468,1.2861,1.28629,1.50,2.25
2012.10.16 12:06:04.060,1.28606,1.28626,1.32,1.50
2012.10.16 12:06:04.689,1.28606,1.28626,1.32,1.50
2012.10.16 12:06:05.007,1.28606,1.28626,1.32,1.50
2012.10.16 12:06:05.919,1.28606,1.28626,1.32,1.50
2012.10.16 12:06:06.448,1.28606,1.28626,1.32,1.50
2012.10.16 12:06:07.147,1.28606,1.28626,1.65,1.50
2012.10.16 12:06:07.660,1.28606,1.28626,1.50,1.50
2012.10.16 12:06:07.968,1.28605,1.28626,1.50,1.50
2012.10.16 12:06:08.300,1.28605,1.28626,1.50,1.50
2012.10.16 12:06:08.608,1.28605,1.28626,1.50,1.50
2012.10.16 12:06:08.683,1.28605,1.28628,1.50,3.38
2012.10.16 12:06:08.750,1.28611,1.28628,1.50,1.32
2012.10.16 12:06:08.818,1.28611,1.2863,1.50,1.58
2012.10.16 12:06:08.998,1.28613,1.28633,1.50,1.88
2012.10.16 12:06:09.378,1.28613,1.28635,1.50,3.38
2012.10.16 12:06:09.559,1.28613,1.28635,1.50,3.38
2012.10.16 12:06:09.867,1.28613,1.28635,1.50,2.82
2012.10.16 12:06:11.469,1.28611,1.2862,1.50,1.32
2012.10.16 12:06:11.538,1.28608,1.2862,2.25,1.32
2012.10.16 12:06:11.659,1.28608,1.28625,2.25,1.54
2012.10.16 12:06:11.848,1.28611,1.28627,1.50,1.32
2012.10.16 12:06:11.907,1.28611,1.28631,1.50,1.62
2012.10.16 12:06:11.967,1.28612,1.28632,1.50,1.20
2012.10.16 12:06:12.029,1.28612,1.28633,1.50,1.82
2012.10.16 12:06:12.578,1.28615,1.28636,1.50,1.32
2012.10.16 12:06:12.637,1.28615,1.28636,1.50,1.32
2012.10.16 12:06:13.361,1.28615,1.28636,1.50,1.32
2012.10.16 12:06:14.127,1.28615,1.28636,1.50,1.32
2012.10.16 12:06:15.331,1.28615,1.28637,1.50,2.82
2012.10.16 12:06:16.028,1.28615,1.28637,1.50,2.82
2012.10.16 12:06:16.147,1.28615,1.28636,1.50,1.50
2012.10.16 12:06:16.268,1.28614,1.2863,1.50,1.32
2012.10.16 12:06:16.477,1.28612,1.2863,1.50,1.32
2012.10.16 12:06:17.220,1.28613,1.2863,1.50,1.32
2012.10.16 12:06:17.907,1.28613,1.2863,1.50,1.32
2012.10.16 12:06:18.436,1.28613,1.2863,1.50,1.32
2012.10.16 12:06:19.504,1.28613,1.2863,1.50,1.32
2012.10.16 12:06:20.079,1.2861,1.28629,2.25,1.50
2012.10.16 12:06:21.346,1.2861,1.28629,1.50,1.50
2012.10.16 12:06:21.936,1.2861,1.28624,1.50,1.32
2012.10.16 12:06:22.919,1.2861,1.28629,1.50,1.54
2012.10.16 12:06:23.347,1.28609,1.28631,1.50,2.82
2012.10.16 12:06:23.469,1.28608,1.28628,1.32,1.50
2012.10.16 12:06:23.658,1.28609,1.28631,2.25,2.07
2012.10.16 12:06:24.019,1.28609,1.2863,2.25,3.75
2012.10.16 12:06:24.828,1.28611,1.28627,1.50,1.32
2012.10.16 12:06:25.240,1.28609,1.28625,2.25,1.32
2012.10.16 12:06:25.567,1.28606,1.28625,1.88,2.07
2012.10.16 12:06:25.819,1.28605,1.28623,1.50,1.32
2012.10.16 12:06:26.377,1.28605,1.28623,1.50,1.32
2012.10.16 12:06:27.150,1.28604,1.28619,1.50,1.32
2012.10.16 12:06:27.219,1.28605,1.28619,1.50,1.32
2012.10.16 12:06:28.817,1.28602,1.28618,1.50,1.32
2012.10.16 12:06:29.358,1.28602,1.28618,1.50,1.32
2012.10.16 12:06:29.889,1.28602,1.28618,1.50,1.32
2012.10.16 12:06:30.137,1.286,1.28618,1.50,1.32
2012.10.16 12:06:30.258,1.28597,1.28615,2.25,1.50
2012.10.16 12:06:30.439,1.286,1.28615,1.50,1.13
2012.10.16 12:06:30.508,1.286,1.28617,1.50,1.32
2012.10.16 12:06:30.586,1.286,1.28618,1.50,1.47
2012.10.16 12:06:31.260,1.28603,1.28618,1.50,1.32
2012.10.16 12:06:32.248,1.28603,1.28618,1.50,1.32
2012.10.16 12:06:32.818,1.28603,1.28618,1.50,1.32
2012.10.16 12:06:33.488,1.28602,1.28618,1.50,1.32
2012.10.16 12:06:33.860,1.28598,1.28617,1.50,1.32
2012.10.16 12:06:33.988,1.28598,1.28617,1.50,1.32
2012.10.16 12:06:34.328,1.28594,1.28611,2.63,1.32
2012.10.16 12:06:34.887,1.28589,1.28607,1.50,1.32
2012.10.16 12:06:35.461,1.28589,1.28607,1.50,1.32
2012.10.16 12:06:36.036,1.28589,1.28608,1.50,1.32
2012.10.16 12:06:36.840,1.28589,1.2861,1.50,2.63
2012.10.16 12:06:37.389,1.28592,1.28609,1.50,1.32
2012.10.16 12:06:39.403,1.28591,1.28608,2.85,1.32
2012.10.16 12:06:39.719,1.28592,1.28612,2.25,1.13
2012.10.16 12:06:42.810,1.28592,1.28612,1.50,1.88
2012.10.16 12:06:43.479,1.28591,1.28606,2.25,1.32
2012.10.16 12:06:43.800,1.28589,1.28606,1.50,1.32
2012.10.16 12:06:44.314,1.28586,1.28606,1.88,2.07
2012.10.16 12:06:44.637,1.286,1.28619,1.54,2.00
2012.10.16 12:06:44.697,1.286,1.28619,1.54,1.93
2012.10.16 12:06:44.828,1.28601,1.28618,1.73,1.50
2012.10.16 12:06:44.947,1.28603,1.28622,1.50,1.50
2012.10.16 12:06:45.619,1.28603,1.28621,1.50,1.32
2012.10.16 12:06:45.692,1.28603,1.28618,1.50,1.32
2012.10.16 12:06:45.760,1.28601,1.28618,2.48,1.32
2012.10.16 12:06:45.948,1.28596,1.28616,1.58,1.50
2012.10.16 12:06:46.516,1.28596,1.28616,1.58,1.50
2012.10.16 12:06:46.578,1.28596,1.28616,1.58,1.50
2012.10.16 12:06:46.638,1.28595,1.28616,2.29,1.50
2012.10.16 12:06:47.159,1.28593,1.28612,1.32,1.50
2012.10.16 12:06:47.253,1.28593,1.28612,1.32,1.50
2012.10.16 12:06:47.320,1.2859,1.28609,1.73,1.32
2012.10.16 12:06:47.389,1.2859,1.28609,1.73,2.07
2012.10.16 12:06:47.709,1.28592,1.28609,1.50,1.32
2012.10.16 12:06:48.238,1.28592,1.2861,1.54,1.50
2012.10.16 12:06:48.430,1.28596,1.28613,1.35,1.50
2012.10.16 12:06:48.806,1.28602,1.28613,1.35,1.50
2012.10.16 12:06:49.403,1.28607,1.28617,1.35,2.25
2012.10.16 12:06:49.482,1.28611,1.28624,1.35,1.50
2012.10.16 12:06:50.175,1.28611,1.28627,1.35,1.50
2012.10.16 12:06:51.538,1.2861,1.28624,1.35,1.32
2012.10.16 12:06:51.959,1.2861,1.28631,2.25,1.50
2012.10.16 12:06:52.208,1.28611,1.28629,1.50,1.32
2012.10.16 12:06:52.327,1.28608,1.28627,1.50,2.07
2012.10.16 12:06:53.044,1.28609,1.28624,1.80,1.50
2012.10.16 12:06:53.122,1.28615,1.28633,1.50,1.32
2012.10.16 12:06:53.249,1.28616,1.28632,1.50,1.50
2012.10.16 12:06:53.558,1.28616,1.28634,1.54,1.50
2012.10.16 12:06:53.797,1.28617,1.28637,1.58,3.00
2012.10.16 12:06:53.858,1.28617,1.28637,1.58,3.00
2012.10.16 12:06:53.978,1.28618,1.28637,1.50,2.25
2012.10.16 12:06:55.188,1.28621,1.28639,1.35,2.07
2012.10.16 12:06:56.668,1.28622,1.28639,1.50,1.32
2012.10.16 12:06:57.227,1.28622,1.28639,1.50,1.32
2012.10.16 12:06:57.729,1.28622,1.28642,1.50,1.32
2012.10.16 12:06:58.390,1.28624,1.28643,1.50,1.32
2012.10.16 12:06:58.579,1.28631,1.28645,2.29,1.32
2012.10.16 12:06:58.649,1.28631,1.2865,1.54,1.39
2012.10.16 12:06:58.718,1.28631,1.28655,1.54,1.58
2012.10.16 12:06:58.840,1.28634,1.28656,2.10,1.32
2012.10.16 12:06:58.969,1.28639,1.28658,1.50,1.32
2012.10.16 12:06:59.038,1.28639,1.28658,2.10,1.32
2012.10.16 12:06:59.159,1.28643,1.28661,2.25,1.32
2012.10.16 12:06:59.348,1.28644,1.28663,1.65,1.50
2012.10.16 12:06:59.409,1.28643,1.28663,2.40,1.50
2012.10.16 12:06:59.599,1.28643,1.28668,3.60,1.54
2012.10.16 12:06:59.728,1.28646,1.28668,1.50,1.32
2012.10.16 12:06:59.968,1.28646,1.2867,1.65,1.02
2012.10.16 12:07:00.029,1.28649,1.28671,3.57,1.02
2012.10.16 12:07:00.158,1.28646,1.2867,1.65,1.20
2012.10.16 12:07:00.399,1.28646,1.2867,1.58,1.20
2012.10.16 12:07:00.709,1.28645,1.2867,3.90,1.05
2012.10.16 12:07:00.839,1.28645,1.28668,1.54,1.32
2012.10.16 12:07:01.209,1.28644,1.28668,2.14,1.32
2012.10.16 12:07:02.200,1.28645,1.28668,2.82,1.32
2012.10.16 12:07:02.329,1.28646,1.28668,1.50,1.32
2012.10.16 12:07:03.706,1.28646,1.28668,2.10,1.32
2012.10.16 12:07:04.053,1.28645,1.28668,2.59,1.32
2012.10.16 12:07:04.568,1.28651,1.28669,1.35,1.02
2012.10.16 12:07:04.640,1.28654,1.28677,1.50,2.70
2012.10.16 12:07:04.830,1.28654,1.28677,2.25,1.50
2012.10.16 12:07:05.597,1.28653,1.28677,2.10,3.00
2012.10.16 12:07:05.657,1.28653,1.28677,4.54,1.50
2012.10.16 12:07:06.958,1.28655,1.28668,1.58,1.32
2012.10.16 12:07:07.738,1.28648,1.28668,1.35,1.32
2012.10.16 12:07:07.918,1.28648,1.28664,1.50,1.32
2012.10.16 12:07:07.980,1.28648,1.28664,1.50,1.32
2012.10.16 12:07:08.388,1.28648,1.2867,1.50,1.54
2012.10.16 12:07:08.475,1.28648,1.2867,1.50,1.54
2012.10.16 12:07:08.819,1.28652,1.28671,1.24,1.39
2012.10.16 12:07:09.175,1.28658,1.28669,1.65,1.32
2012.10.16 12:07:10.049,1.28656,1.28679,1.50,1.62
2012.10.16 12:07:10.180,1.28662,1.28681,1.24,1.62
2012.10.16 12:07:10.758,1.28662,1.28681,1.24,1.05
2012.10.16 12:07:11.068,1.2866,1.2868,1.50,1.32
2012.10.16 12:07:11.429,1.28663,1.28685,1.50,3.30
2012.10.16 12:07:11.558,1.28667,1.28686,1.47,1.58
2012.10.16 12:07:11.798,1.28667,1.28686,1.73,1.39
2012.10.16 12:07:14.168,1.28663,1.28688,1.24,2.07
2012.10.16 12:07:14.295,1.28663,1.28684,1.24,1.50
2012.10.16 12:07:15.269,1.28659,1.28675,2.10,1.32
2012.10.16 12:07:15.898,1.28655,1.28675,1.50,1.32
2012.10.16 12:07:16.119,1.28654,1.28675,2.25,1.32
2012.10.16 12:07:16.459,1.28654,1.28675,3.00,1.32
2012.10.16 12:07:17.021,1.28651,1.28673,1.32,1.32
2012.10.16 12:07:17.326,1.28655,1.28673,1.80,1.32
2012.10.16 12:07:17.699,1.28651,1.28673,2.07,1.32
2012.10.16 12:07:19.372,1.28649,1.28674,1.32,3.57
2012.10.16 12:07:19.709,1.2865,1.28671,2.55,1.50
2012.10.16 12:07:20.098,1.2865,1.28671,2.55,1.50
2012.10.16 12:07:20.397,1.2865,1.28672,1.13,1.32
2012.10.16 12:07:22.937,1.28653,1.28673,1.50,1.32
2012.10.16 12:07:23.238,1.28655,1.28675,1.65,1.73
2012.10.16 12:07:23.357,1.28655,1.28675,1.50,1.50
2012.10.16 12:07:23.476,1.28656,1.28677,1.50,2.07
2012.10.16 12:07:25.669,1.28655,1.28677,3.00,2.82
2012.10.16 12:07:25.739,1.28655,1.28676,2.25,1.50
2012.10.16 12:07:26.099,1.28649,1.2867,2.48,1.50
2012.10.16 12:07:27.159,1.28649,1.2867,1.50,1.50
2012.10.16 12:07:27.498,1.28653,1.28672,1.32,1.50
2012.10.16 12:07:27.559,1.28653,1.28674,2.07,1.73
2012.10.16 12:07:27.629,1.28655,1.28676,2.25,2.48
2012.10.16 12:07:27.939,1.28655,1.28676,2.25,1.50
2012.10.16 12:07:28.388,1.28653,1.28671,1.32,2.25
2012.10.16 12:07:29.098,1.28653,1.28671,1.50,1.50
2012.10.16 12:07:30.649,1.28654,1.28675,1.32,1.50
2012.10.16 12:07:30.789,1.28652,1.28672,2.63,1.32
2012.10.16 12:07:30.978,1.28652,1.28672,1.50,1.32
2012.10.16 12:07:31.099,1.28651,1.28666,1.50,1.32
2012.10.16 12:07:31.229,1.28649,1.28665,2.48,1.32
2012.10.16 12:07:31.478,1.28646,1.28665,1.50,2.07
2012.10.16 12:07:32.640,1.28646,1.28665,1.50,2.07
2012.10.16 12:07:32.888,1.28644,1.28662,1.50,1.32
2012.10.16 12:07:33.425,1.28644,1.28665,3.04,1.50
2012.10.16 12:07:35.742,1.28644,1.28661,1.73,1.32
2012.10.16 12:07:36.308,1.28644,1.28661,1.50,1.32
2012.10.16 12:07:36.828,1.28644,1.28661,1.50,1.32
2012.10.16 12:07:37.257,1.28643,1.28661,1.50,1.32
2012.10.16 12:07:38.528,1.28644,1.28664,1.50,1.32
2012.10.16 12:07:38.708,1.28644,1.28664,1.43,1.50
2012.10.16 12:07:39.127,1.28643,1.28661,1.99,1.50
2012.10.16 12:07:42.109,1.28643,1.2866,1.43,1.32
2012.10.16 12:07:42.638,1.28644,1.2866,2.10,1.32
2012.10.16 12:07:43.118,1.28644,1.28661,1.35,1.32
2012.10.16 12:07:43.972,1.28642,1.28662,1.43,2.07
2012.10.16 12:07:44.043,1.28641,1.28661,3.08,1.32
2012.10.16 12:07:44.434,1.28638,1.28657,2.18,1.32
2012.10.16 12:07:44.799,1.28637,1.28657,2.10,1.32
2012.10.16 12:07:45.271,1.2864,1.28662,1.35,2.14
2012.10.16 12:07:45.398,1.2864,1.28662,1.35,2.07
2012.10.16 12:07:47.739,1.2864,1.28659,1.58,1.32
2012.10.16 12:07:48.098,1.2864,1.28659,1.58,1.32
2012.10.16 12:07:48.648,1.28641,1.28659,1.50,1.32
2012.10.16 12:07:49.058,1.28641,1.28662,1.73,2.07
2012.10.16 12:07:49.129,1.28642,1.28662,1.73,1.50
2012.10.16 12:07:52.123,1.28642,1.28662,1.73,1.50
2012.10.16 12:07:54.447,1.28641,1.28662,1.73,2.07
2012.10.16 12:07:56.193,1.28641,1.28662,1.73,2.07
2012.10.16 12:07:57.019,1.28641,1.28659,1.73,1.32
2012.10.16 12:07:57.626,1.28636,1.28657,1.50,2.25
2012.10.16 12:07:57.694,1.28634,1.28654,1.54,1.50
2012.10.16 12:07:57.765,1.28637,1.28658,1.50,1.50
2012.10.16 12:07:58.288,1.28637,1.28658,1.50,1.50
2012.10.16 12:07:58.893,1.28637,1.28656,1.50,1.32
2012.10.16 12:08:01.510,1.28637,1.28654,1.50,1.32
2012.10.16 12:08:01.578,1.28634,1.28653,1.73,1.32
2012.10.16 12:08:02.120,1.28633,1.28653,1.73,1.32
2012.10.16 12:08:02.382,1.28637,1.28653,1.35,2.07
2012.10.16 12:08:02.648,1.28632,1.28653,2.33,1.32
2012.10.16 12:08:02.888,1.28632,1.28653,3.08,1.32
2012.10.16 12:08:03.008,1.28632,1.28654,3.08,1.32
2012.10.16 12:08:03.389,1.28632,1.28654,3.23,1.32
2012.10.16 12:08:03.915,1.28634,1.28655,1.54,1.50
2012.10.16 12:08:04.921,1.28638,1.28659,1.73,2.82
2012.10.16 12:08:05.048,1.28638,1.28659,1.73,2.82
2012.10.16 12:08:05.109,1.28638,1.28659,1.73,2.07
2012.10.16 12:08:08.479,1.28638,1.28659,1.73,1.50
2012.10.16 12:08:09.047,1.28638,1.28659,2.48,1.50
2012.10.16 12:08:09.218,1.2864,1.28661,1.54,2.25
2012.10.16 12:08:09.283,1.28641,1.28663,2.67,1.50
2012.10.16 12:08:09.349,1.28642,1.28663,1.50,1.50
2012.10.16 12:08:10.609,1.28641,1.28659,1.73,1.32
2012.10.16 12:08:10.690,1.28638,1.28658,3.00,1.32
2012.10.16 12:08:11.247,1.28638,1.28658,2.25,1.32
2012.10.16 12:08:11.439,1.28638,1.28658,1.73,2.07
2012.10.16 12:08:11.699,1.28637,1.28658,1.50,2.82
2012.10.16 12:08:12.148,1.28638,1.2866,1.73,2.07
2012.10.16 12:08:12.649,1.28639,1.2866,1.50,1.32
2012.10.16 12:08:14.492,1.28639,1.2866,1.50,1.32
2012.10.16 12:08:16.718,1.28639,1.2866,1.50,1.32
2012.10.16 12:08:18.317,1.28639,1.28662,1.50,1.50
2012.10.16 12:08:18.619,1.28643,1.28663,1.13,1.32
2012.10.16 12:08:18.869,1.28646,1.28668,1.32,2.82
2012.10.16 12:08:18.939,1.28649,1.28668,1.50,2.07
2012.10.16 12:08:19.584,1.28649,1.28669,1.73,1.88
2012.10.16 12:08:21.530,1.28651,1.2867,1.32,2.25
2012.10.16 12:08:22.337,1.2866,1.28674,1.32,1.58
2012.10.16 12:08:22.652,1.28656,1.28674,1.50,1.58
2012.10.16 12:08:22.792,1.28659,1.28676,1.50,2.89
2012.10.16 12:08:22.860,1.28659,1.28676,1.50,2.89
2012.10.16 12:08:24.158,1.28657,1.28676,1.50,1.50
2012.10.16 12:08:24.767,1.28657,1.28675,1.50,1.50
2012.10.16 12:08:24.949,1.2866,1.28675,1.50,1.50
2012.10.16 12:08:25.598,1.2866,1.28676,1.50,1.50
2012.10.16 12:08:25.910,1.28663,1.28675,1.50,1.50
2012.10.16 12:08:26.400,1.28664,1.28685,1.35,3.00
2012.10.16 12:08:27.067,1.28663,1.28681,1.32,1.50
2012.10.16 12:08:27.313,1.28663,1.28685,2.07,2.33
2012.10.16 12:08:27.628,1.28659,1.28682,3.15,1.32
2012.10.16 12:08:31.044,1.28664,1.28685,1.50,2.89
2012.10.16 12:08:31.469,1.28664,1.28685,1.88,1.32
2012.10.16 12:08:32.539,1.28664,1.28686,1.50,2.07
2012.10.16 12:08:32.609,1.28665,1.28686,1.50,2.07
2012.10.16 12:08:32.929,1.28664,1.28686,1.50,2.07
2012.10.16 12:08:33.519,1.28664,1.28686,1.50,2.07
2012.10.16 12:08:33.890,1.28664,1.28685,1.50,1.39
2012.10.16 12:08:34.450,1.28664,1.28686,2.48,1.32
2012.10.16 12:08:34.989,1.28664,1.28686,2.48,1.32
2012.10.16 12:08:35.189,1.28667,1.28687,1.50,2.07
2012.10.16 12:08:36.312,1.2867,1.28688,1.50,2.82
2012.10.16 12:08:36.798,1.28672,1.28689,1.50,1.32
2012.10.16 12:08:37.116,1.28674,1.28689,1.50,2.07
2012.10.16 12:08:37.310,1.28672,1.28689,1.54,1.50
2012.10.16 12:08:37.379,1.28672,1.28693,1.54,1.50
2012.10.16 12:08:37.570,1.28673,1.28693,2.29,1.50
2012.10.16 12:08:37.803,1.28675,1.28695,1.50,2.25
2012.10.16 12:08:38.369,1.28675,1.28694,1.65,1.50
2012.10.16 12:08:38.438,1.28677,1.28694,1.65,1.50
2012.10.16 12:08:38.989,1.28681,1.28695,1.50,2.25
2012.10.16 12:08:39.292,1.28681,1.28691,1.50,1.32
2012.10.16 12:08:39.481,1.28681,1.28693,1.50,1.17
2012.10.16 12:08:39.553,1.28674,1.28695,1.47,2.14
2012.10.16 12:08:39.619,1.28675,1.28695,1.50,1.58
2012.10.16 12:08:39.920,1.28688,1.287,1.50,1.58
2012.10.16 12:08:40.110,1.28687,1.287,1.50,1.50
2012.10.16 12:08:40.672,1.28685,1.28701,1.50,1.50
2012.10.16 12:08:40.739,1.28684,1.28701,1.50,1.50
2012.10.16 12:08:41.265,1.28682,1.28701,1.50,1.50
2012.10.16 12:08:41.607,1.28682,1.287,1.50,1.50
2012.10.16 12:08:42.690,1.28679,1.28699,1.50,1.50
2012.10.16 12:08:42.772,1.28678,1.28699,1.50,2.25
2012.10.16 12:08:43.609,1.28678,1.28697,1.50,1.32
2012.10.16 12:08:44.358,1.28678,1.28697,1.50,1.32
2012.10.16 12:08:44.738,1.28674,1.28696,2.29,1.50
2012.10.16 12:08:47.580,1.28674,1.28695,2.29,1.50
2012.10.16 12:08:47.910,1.28671,1.28689,1.73,1.32
2012.10.16 12:08:48.376,1.28667,1.28689,2.48,2.07
2012.10.16 12:08:48.829,1.28667,1.28689,1.73,2.07
2012.10.16 12:08:49.418,1.28662,1.2868,1.50,1.32
2012.10.16 12:08:49.494,1.2866,1.2868,2.25,2.82
2012.10.16 12:08:50.130,1.2866,1.2868,1.50,1.32
2012.10.16 12:08:54.863,1.2866,1.2868,1.50,1.32
2012.10.16 12:08:55.913,1.2866,1.2868,1.50,1.32
2012.10.16 12:08:55.990,1.28655,1.28673,1.50,1.32
2012.10.16 12:08:56.060,1.28653,1.28672,1.50,1.50
2012.10.16 12:08:56.189,1.28654,1.28673,1.88,1.32
2012.10.16 12:08:56.530,1.28657,1.28677,1.50,1.13
2012.10.16 12:08:56.599,1.28657,1.28678,1.73,1.50
2012.10.16 12:08:56.717,1.28656,1.28677,1.73,1.50
2012.10.16 12:08:57.019,1.28663,1.28679,1.32,2.14
2012.10.16 12:08:57.080,1.28663,1.28679,1.32,1.58
2012.10.16 12:08:57.209,1.28659,1.28679,1.32,2.33
2012.10.16 12:08:57.928,1.2866,1.2868,1.50,1.32
2012.10.16 12:08:58.582,1.2866,1.2868,1.50,1.32
2012.10.16 12:08:58.650,1.28658,1.2868,1.73,1.32
2012.10.16 12:09:01.463,1.28658,1.2868,1.73,1.32
2012.10.16 12:09:01.681,1.28662,1.2868,1.50,1.32
2012.10.16 12:09:02.230,1.28662,1.2868,1.50,1.32
2012.10.16 12:09:02.599,1.28662,1.28682,1.50,1.32
2012.10.16 12:09:03.119,1.28662,1.28681,1.50,1.32
2012.10.16 12:09:04.595,1.28665,1.28686,1.50,1.50
2012.10.16 12:09:04.784,1.28666,1.28688,1.73,1.58
2012.10.16 12:09:05.133,1.2867,1.28689,1.54,1.32
2012.10.16 12:09:05.702,1.28673,1.28693,1.35,1.50
2012.10.16 12:09:05.772,1.28674,1.28695,2.10,2.14
2012.10.16 12:09:05.959,1.28673,1.28694,1.35,1.50
2012.10.16 12:09:06.020,1.28673,1.28692,1.35,1.50
2012.10.16 12:09:06.088,1.28671,1.28691,2.25,1.50
2012.10.16 12:09:06.209,1.28669,1.2869,2.48,1.32
2012.10.16 12:09:06.599,1.28668,1.2869,1.73,1.32
2012.10.16 12:09:06.959,1.28664,1.28682,1.50,1.50
2012.10.16 12:09:07.549,1.28662,1.28684,2.48,1.32
2012.10.16 12:09:07.927,1.28662,1.28683,3.23,3.75
2012.10.16 12:09:08.308,1.2866,1.28677,1.73,2.25
2012.10.16 12:09:08.609,1.28655,1.28676,1.54,1.50
2012.10.16 12:09:08.938,1.28655,1.28676,1.32,1.50
2012.10.16 12:09:09.131,1.28656,1.28676,1.50,1.32
2012.10.16 12:09:10.061,1.28656,1.28678,1.50,2.07
2012.10.16 12:09:10.440,1.2866,1.28678,2.25,1.32
2012.10.16 12:09:11.238,1.2866,1.2868,1.50,1.32
2012.10.16 12:09:11.788,1.2866,1.28679,1.50,1.32
2012.10.16 12:09:12.338,1.2866,1.28681,2.63,1.32
2012.10.16 12:09:12.698,1.2866,1.28681,2.25,1.32
2012.10.16 12:09:16.138,1.28665,1.28682,1.50,1.32
2012.10.16 12:09:17.362,1.28665,1.28684,1.50,1.32
2012.10.16 12:09:17.897,1.28665,1.28684,1.50,1.32
2012.10.16 12:09:18.549,1.28665,1.28684,1.50,1.32
2012.10.16 12:09:21.710,1.28665,1.28686,1.73,1.50
2012.10.16 12:09:22.642,1.28667,1.28687,1.50,1.32
2012.10.16 12:09:22.828,1.28668,1.2869,2.07,1.50
2012.10.16 12:09:23.139,1.28668,1.28691,3.04,1.50
2012.10.16 12:09:23.445,1.2867,1.28693,1.73,2.07
2012.10.16 12:09:23.748,1.28681,1.28697,1.32,1.50
2012.10.16 12:09:24.644,1.2868,1.28699,1.50,1.50
2012.10.16 12:09:24.972,1.28676,1.28689,1.73,1.32
2012.10.16 12:09:25.112,1.28673,1.28689,1.50,1.32
2012.10.16 12:09:25.478,1.2867,1.28689,2.25,1.32
2012.10.16 12:09:25.601,1.28669,1.28688,1.73,1.50
2012.10.16 12:09:25.729,1.28669,1.28688,1.35,1.50
2012.10.16 12:09:25.790,1.28669,1.28689,1.35,1.32
2012.10.16 12:09:26.218,1.28669,1.28689,1.73,1.32
2012.10.16 12:09:26.292,1.2867,1.28689,1.50,1.32
2012.10.16 12:09:26.610,1.2867,1.28689,1.50,1.32
2012.10.16 12:09:26.669,1.28669,1.28689,1.50,1.32
2012.10.16 12:09:27.189,1.28671,1.28691,1.32,1.35
2012.10.16 12:09:27.372,1.28673,1.28692,1.35,1.50
2012.10.16 12:09:27.573,1.28672,1.28692,1.32,1.50
2012.10.16 12:09:27.830,1.28667,1.28689,3.23,1.32
2012.10.16 12:09:27.889,1.28668,1.28689,1.73,2.07
2012.10.16 12:09:28.793,1.28667,1.28689,2.48,2.07
2012.10.16 12:09:29.085,1.2867,1.28689,1.50,1.32
2012.10.16 12:09:29.444,1.28683,1.28696,1.50,3.23
2012.10.16 12:09:29.801,1.28676,1.28697,2.67,1.50
2012.10.16 12:09:30.240,1.28677,1.28698,1.54,1.13
2012.10.16 12:09:30.799,1.28677,1.28699,1.73,2.25
2012.10.16 12:09:31.318,1.28677,1.28699,1.73,2.25
2012.10.16 12:09:31.749,1.28677,1.28699,1.73,2.25
2012.10.16 12:09:32.269,1.28677,1.28698,1.73,1.32
2012.10.16 12:09:32.573,1.28677,1.28697,1.13,1.50
2012.10.16 12:09:32.760,1.28676,1.28695,1.32,1.50
2012.10.16 12:09:33.320,1.28675,1.28696,1.32,1.50
2012.10.16 12:09:33.389,1.28675,1.28696,1.32,1.50
2012.10.16 12:09:34.351,1.28671,1.28692,1.50,1.32
2012.10.16 12:09:34.522,1.28671,1.28692,1.50,1.32
2012.10.16 12:09:35.132,1.28671,1.2869,1.50,1.32
2012.10.16 12:09:36.708,1.28671,1.28692,1.50,1.32
2012.10.16 12:09:36.768,1.28672,1.28693,1.32,1.50
2012.10.16 12:09:37.308,1.28672,1.28694,1.32,1.50
2012.10.16 12:09:41.008,1.28671,1.28693,1.50,1.74
2012.10.16 12:09:41.309,1.28664,1.28681,1.50,1.32
2012.10.16 12:09:41.429,1.28664,1.28684,1.88,1.50
2012.10.16 12:09:41.489,1.28665,1.28686,2.25,1.73
2012.10.16 12:09:41.799,1.28672,1.28694,1.50,1.62
2012.10.16 12:09:42.039,1.28672,1.28694,1.50,1.32
2012.10.16 12:09:43.341,1.28672,1.28693,1.50,1.32
2012.10.16 12:09:43.412,1.2867,1.28691,1.32,1.50
2012.10.16 12:09:43.899,1.2867,1.28691,1.32,1.50
2012.10.16 12:09:44.149,1.2867,1.28691,1.32,1.50
2012.10.16 12:09:45.729,1.28672,1.28695,1.50,2.07
2012.10.16 12:09:46.518,1.28672,1.28695,1.50,2.07
2012.10.16 12:09:49.368,1.28672,1.28692,1.50,1.32
2012.10.16 12:09:49.880,1.28672,1.28692,1.50,1.32
2012.10.16 12:09:50.279,1.28671,1.28692,1.50,2.07
2012.10.16 12:09:50.729,1.28667,1.28688,1.13,1.50
2012.10.16 12:09:51.782,1.28667,1.28688,1.13,2.07
2012.10.16 12:09:56.320,1.28666,1.28688,3.38,1.32
2012.10.16 12:09:57.183,1.28669,1.2869,1.50,1.32
2012.10.16 12:09:58.690,1.28669,1.28687,1.50,1.88
2012.10.16 12:09:58.809,1.28666,1.28683,1.50,2.07
2012.10.16 12:09:58.990,1.28665,1.28685,2.07,1.50
2012.10.16 12:09:59.539,1.28664,1.28684,1.54,1.50
2012.10.16 12:09:59.605,1.28662,1.28682,1.50,1.32
2012.10.16 12:10:00.139,1.28662,1.28683,1.50,1.32
2012.10.16 12:10:00.499,1.2866,1.28679,2.48,1.50
2012.10.16 12:10:00.618,1.2866,1.28679,1.50,1.50
2012.10.16 12:10:01.265,1.28658,1.28679,1.50,1.50
2012.10.16 12:10:01.808,1.28656,1.2868,3.60,2.07
2012.10.16 12:10:02.110,1.28656,1.2868,2.85,2.07
2012.10.16 12:10:02.550,1.28658,1.2868,1.54,1.50
2012.10.16 12:10:02.740,1.28658,1.28683,3.04,1.88
2012.10.16 12:10:03.781,1.28659,1.28683,2.10,1.88
2012.10.16 12:10:04.088,1.28659,1.28679,1.65,2.07
2012.10.16 12:10:04.529,1.28658,1.28676,1.80,1.32
2012.10.16 12:10:04.860,1.28659,1.28676,1.05,1.32
2012.10.16 12:10:05.110,1.28657,1.28675,2.25,2.07
2012.10.16 12:10:05.239,1.28655,1.28675,1.28,2.07
2012.10.16 12:10:06.510,1.28654,1.28671,1.35,1.32
2012.10.16 12:10:06.641,1.28656,1.28672,1.73,1.32
2012.10.16 12:10:07.403,1.28657,1.28674,1.43,1.32
2012.10.16 12:10:07.919,1.28656,1.28674,2.03,1.32
2012.10.16 12:10:08.691,1.28656,1.28674,1.58,1.32
2012.10.16 12:10:08.879,1.28655,1.28677,1.65,1.32
2012.10.16 12:10:09.409,1.28653,1.28675,4.88,1.32
2012.10.16 12:10:09.912,1.28657,1.28676,1.43,1.32
2012.10.16 12:10:09.981,1.28657,1.28677,1.58,1.32
2012.10.16 12:10:11.008,1.28658,1.28677,1.20,1.32
2012.10.16 12:10:11.530,1.2866,1.28677,1.20,1.32
2012.10.16 12:10:12.620,1.28659,1.28677,1.50,1.32
2012.10.16 12:10:13.809,1.28658,1.28677,1.50,2.07
2012.10.16 12:10:14.319,1.28657,1.28677,1.35,2.07
2012.10.16 12:10:15.041,1.28657,1.28677,1.35,2.07
2012.10.16 12:10:17.059,1.28656,1.28677,1.35,2.07
2012.10.16 12:10:17.670,1.28656,1.28677,1.35,2.07
2012.10.16 12:10:17.981,1.2865,1.28669,2.41,2.07
2012.10.16 12:10:18.302,1.28647,1.28667,2.07,1.50
2012.10.16 12:10:18.370,1.28647,1.28667,1.50,1.50
2012.10.16 12:10:18.878,1.28647,1.28668,2.48,1.50
2012.10.16 12:10:19.452,1.28647,1.28669,3.60,2.07
2012.10.16 12:10:19.975,1.28652,1.28671,1.50,1.32
2012.10.16 12:10:20.309,1.28652,1.28671,1.50,1.32
2012.10.16 12:10:20.429,1.28648,1.28668,2.29,2.07
2012.10.16 12:10:20.564,1.28655,1.28668,1.32,1.32
2012.10.16 12:10:20.900,1.28647,1.28667,1.73,1.32
2012.10.16 12:10:21.219,1.28645,1.28667,2.48,2.07
2012.10.16 12:10:21.280,1.28647,1.28667,1.36,1.32
2012.10.16 12:10:21.411,1.28649,1.28668,1.32,1.50
2012.10.16 12:10:22.100,1.28649,1.28667,1.32,1.50
2012.10.16 12:10:22.411,1.28647,1.28668,1.54,1.50
2012.10.16 12:10:22.479,1.28645,1.28668,4.35,1.50
2012.10.16 12:10:22.781,1.28645,1.28668,3.04,1.50
2012.10.16 12:10:24.900,1.28645,1.28668,1.50,2.07
2012.10.16 12:10:26.863,1.28643,1.28664,1.13,1.32
2012.10.16 12:10:27.110,1.28644,1.28664,1.13,2.07
2012.10.16 12:10:27.560,1.28644,1.28664,1.13,2.07
2012.10.16 12:10:27.794,1.28643,1.2866,1.13,1.32
2012.10.16 12:10:28.530,1.28643,1.2866,1.13,1.32
2012.10.16 12:10:29.031,1.28647,1.28667,1.50,1.54
2012.10.16 12:10:29.682,1.28647,1.28667,1.50,1.32
2012.10.16 12:10:30.451,1.28647,1.28667,1.50,1.32
2012.10.16 12:10:31.880,1.28647,1.28665,1.50,1.32
2012.10.16 12:10:32.009,1.28644,1.28664,1.13,1.50
2012.10.16 12:10:33.829,1.28644,1.28667,2.29,2.07
2012.10.16 12:10:34.141,1.28647,1.28667,1.50,1.32
2012.10.16 12:10:34.282,1.28645,1.28664,1.50,1.50
2012.10.16 12:10:34.350,1.28644,1.28664,1.32,1.50
2012.10.16 12:10:34.936,1.28644,1.28664,1.32,1.50
2012.10.16 12:10:35.731,1.28645,1.28666,1.32,2.25
2012.10.16 12:10:36.039,1.28652,1.28666,1.13,2.25
2012.10.16 12:10:36.558,1.28652,1.28666,1.13,1.50
2012.10.16 12:10:36.679,1.28653,1.28672,1.13,1.32
2012.10.16 12:10:36.799,1.28649,1.28672,2.82,2.07
2012.10.16 12:10:37.125,1.2865,1.28672,1.50,2.07
2012.10.16 12:10:37.765,1.28653,1.28672,1.50,1.32
2012.10.16 12:10:37.838,1.2865,1.28671,1.50,1.50
2012.10.16 12:10:37.901,1.2865,1.28665,1.50,1.32
2012.10.16 12:10:38.110,1.28649,1.28665,2.25,1.32
2012.10.16 12:10:38.359,1.28646,1.28665,2.25,2.07
2012.10.16 12:10:40.009,1.28646,1.28665,1.50,1.50
2012.10.16 12:10:40.488,1.28645,1.28666,2.25,1.50
2012.10.16 12:10:41.009,1.28646,1.28666,1.50,1.50
2012.10.16 12:10:41.190,1.28645,1.28666,2.25,1.50
2012.10.16 12:10:41.512,1.28641,1.28661,1.50,1.50
2012.10.16 12:10:41.820,1.28637,1.28653,1.50,1.32
2012.10.16 12:10:42.131,1.28643,1.28661,1.92,1.58
2012.10.16 12:10:42.201,1.28644,1.28666,1.50,2.14
2012.10.16 12:10:42.268,1.28644,1.28666,1.50,2.14
2012.10.16 12:10:42.509,1.28646,1.28666,1.50,1.32
2012.10.16 12:10:43.718,1.28645,1.28666,1.50,1.50
2012.10.16 12:10:43.910,1.28644,1.28666,2.07,1.50
2012.10.16 12:10:44.038,1.28642,1.28663,2.82,1.50
2012.10.16 12:10:44.158,1.28641,1.28662,1.50,1.32
2012.10.16 12:10:44.726,1.28641,1.28662,1.50,1.32
2012.10.16 12:10:45.238,1.28642,1.28662,1.13,1.32
2012.10.16 12:10:45.419,1.28642,1.28658,1.13,1.32
2012.10.16 12:10:45.719,1.28638,1.28657,1.32,1.50
2012.10.16 12:10:45.840,1.28642,1.28663,1.13,2.82
2012.10.16 12:10:46.870,1.28642,1.28663,1.50,2.07
2012.10.16 12:10:47.379,1.28646,1.28663,1.50,1.32
2012.10.16 12:10:48.309,1.2865,1.2867,1.50,1.80
2012.10.16 12:10:48.439,1.28651,1.2867,1.50,1.05
2012.10.16 12:10:49.969,1.28655,1.28673,1.50,1.54
2012.10.16 12:10:50.469,1.28658,1.28677,1.50,2.08
2012.10.16 12:10:50.849,1.28658,1.2868,1.50,1.50
2012.10.16 12:10:51.473,1.28658,1.28682,2.82,1.50
2012.10.16 12:10:51.552,1.28663,1.28683,1.50,1.32
2012.10.16 12:10:52.129,1.28663,1.28683,1.50,1.32
2012.10.16 12:10:52.719,1.28663,1.28683,1.50,1.32
2012.10.16 12:10:53.276,1.28663,1.28683,1.50,1.32
2012.10.16 12:10:53.400,1.28658,1.2868,2.82,1.50
2012.10.16 12:10:54.332,1.28658,1.2868,2.07,1.50
2012.10.16 12:10:54.836,1.28658,1.2868,1.50,2.07
2012.10.16 12:10:56.699,1.28658,1.2868,1.50,2.07
2012.10.16 12:10:57.639,1.28658,1.2868,1.50,2.07
2012.10.16 12:10:58.409,1.2866,1.2868,1.50,2.07
2012.10.16 12:10:58.530,1.28661,1.2868,1.54,1.50
2012.10.16 12:10:58.840,1.28659,1.2868,2.29,2.07
2012.10.16 12:10:59.658,1.28658,1.2868,1.50,2.07
2012.10.16 12:11:00.555,1.28656,1.28677,1.13,1.50
2012.10.16 12:11:02.551,1.28657,1.28674,1.13,1.32
2012.10.16 12:11:02.752,1.28654,1.28673,1.50,1.50
2012.10.16 12:11:03.241,1.28654,1.28674,1.50,1.32
2012.10.16 12:11:03.571,1.28657,1.28674,1.50,1.32
2012.10.16 12:11:03.879,1.28659,1.28676,1.50,1.32
2012.10.16 12:11:04.059,1.28662,1.28679,2.25,2.25
2012.10.16 12:11:04.241,1.28664,1.28681,1.73,1.32
2012.10.16 12:11:04.369,1.28665,1.28684,1.54,1.20
2012.10.16 12:11:04.490,1.28665,1.28686,1.54,1.50
2012.10.16 12:11:04.740,1.28662,1.28678,3.04,1.32
2012.10.16 12:11:04.808,1.28662,1.28678,2.25,1.32
2012.10.16 12:11:04.871,1.28662,1.28678,1.50,1.32
2012.10.16 12:11:05.180,1.28657,1.28677,1.13,1.50
2012.10.16 12:11:05.620,1.28658,1.28677,2.25,1.50
2012.10.16 12:11:06.118,1.28661,1.28682,1.50,2.07
2012.10.16 12:11:06.548,1.28659,1.2868,3.42,1.50
2012.10.16 12:11:06.608,1.2866,1.28682,1.50,2.07
2012.10.16 12:11:07.130,1.28659,1.2868,1.92,1.50
2012.10.16 12:11:07.689,1.28658,1.2868,3.75,2.07
2012.10.16 12:11:07.748,1.28661,1.2868,1.50,1.32
2012.10.16 12:11:08.269,1.28661,1.2868,1.50,1.32
2012.10.16 12:11:15.721,1.28665,1.2868,1.50,1.32
2012.10.16 12:11:15.860,1.28665,1.2868,1.50,1.32
2012.10.16 12:11:17.259,1.28662,1.28683,1.50,1.50
2012.10.16 12:11:17.602,1.28662,1.28682,1.50,1.32
2012.10.16 12:11:18.957,1.28662,1.28682,1.50,1.32
2012.10.16 12:11:19.262,1.28664,1.28681,1.50,1.50
2012.10.16 12:11:19.449,1.2866,1.28679,1.50,1.50
2012.10.16 12:11:19.510,1.28659,1.28679,2.07,1.50
2012.10.16 12:11:20.958,1.28659,1.28681,2.07,1.50
2012.10.16 12:11:24.100,1.28658,1.28678,3.00,1.32
2012.10.16 12:11:25.091,1.28657,1.28677,1.80,1.50
2012.10.16 12:11:25.490,1.28659,1.28678,2.25,3.00
2012.10.16 12:11:25.555,1.2866,1.28681,1.32,1.73
2012.10.16 12:11:25.624,1.28662,1.28684,1.65,1.58
2012.10.16 12:11:25.762,1.28665,1.28685,1.35,1.58
2012.10.16 12:11:26.391,1.28665,1.28685,1.35,1.50
2012.10.16 12:11:26.639,1.28661,1.28683,2.67,1.50
2012.10.16 12:11:26.890,1.28663,1.28684,1.35,1.50
2012.10.16 12:11:27.268,1.28665,1.28685,1.35,1.50
2012.10.16 12:11:27.709,1.28665,1.28684,1.35,1.32
2012.10.16 12:11:28.253,1.28662,1.28683,1.35,1.50
2012.10.16 12:11:31.653,1.28662,1.28683,1.35,2.07
2012.10.16 12:11:32.269,1.28662,1.28681,1.35,1.50
2012.10.16 12:11:33.038,1.28662,1.28678,1.35,1.32
2012.10.16 12:11:35.068,1.28662,1.28678,1.50,1.32
2012.10.16 12:11:36.569,1.28659,1.28678,1.13,2.07
2012.10.16 12:11:37.119,1.28659,1.2868,1.69,1.50
2012.10.16 12:11:37.619,1.2866,1.28682,2.44,1.50
2012.10.16 12:11:37.826,1.28658,1.28677,2.48,2.07
2012.10.16 12:11:38.105,1.28656,1.28674,1.50,1.32
2012.10.16 12:11:38.289,1.28653,1.28674,1.50,1.32
2012.10.16 12:11:38.697,1.28654,1.28674,1.50,1.32
2012.10.16 12:11:38.888,1.28658,1.28678,1.50,1.50
2012.10.16 12:11:38.948,1.2866,1.2868,1.13,3.83
2012.10.16 12:11:39.464,1.2866,1.28682,1.88,2.07
2012.10.16 12:11:40.671,1.28658,1.2868,1.20,2.25
2012.10.16 12:11:41.199,1.28658,1.28679,1.58,1.50
2012.10.16 12:11:41.739,1.28658,1.28679,1.13,2.25
2012.10.16 12:11:42.285,1.28659,1.28678,1.13,1.50
2012.10.16 12:11:42.845,1.28659,1.28678,1.13,1.50
2012.10.16 12:11:43.389,1.28659,1.28677,1.13,1.32
2012.10.16 12:11:43.896,1.28656,1.28677,1.73,1.32
2012.10.16 12:11:44.319,1.28656,1.28676,1.50,1.32
2012.10.16 12:11:44.868,1.28656,1.28676,1.50,1.32
2012.10.16 12:11:45.230,1.28653,1.28675,2.82,1.50
2012.10.16 12:11:45.660,1.28655,1.28676,1.50,2.07
2012.10.16 12:11:45.971,1.2867,1.28688,1.32,2.25
2012.10.16 12:11:46.459,1.2867,1.28689,1.32,1.18
2012.10.16 12:11:46.639,1.2867,1.28683,1.32,1.50
2012.10.16 12:11:46.880,1.28663,1.28674,1.32,1.32
2012.10.16 12:11:46.949,1.28661,1.28674,1.65,1.32
2012.10.16 12:11:47.140,1.28656,1.28674,1.50,1.32
2012.10.16 12:11:47.960,1.28656,1.28674,1.50,1.32
2012.10.16 12:11:49.087,1.28656,1.28674,1.50,1.32
2012.10.16 12:11:49.271,1.28651,1.28673,1.50,1.50
2012.10.16 12:11:50.521,1.28651,1.2867,1.50,1.32
2012.10.16 12:11:51.092,1.28651,1.28669,1.50,1.32
2012.10.16 12:11:51.950,1.28651,1.28672,1.50,1.32
2012.10.16 12:11:52.078,1.28651,1.28672,1.50,1.32
2012.10.16 12:11:53.271,1.28651,1.28672,1.50,1.32
2012.10.16 12:11:53.430,1.28654,1.28672,1.50,1.32
2012.10.16 12:11:53.731,1.28656,1.28672,1.50,1.32
2012.10.16 12:11:54.261,1.28656,1.28674,1.50,1.32
2012.10.16 12:11:55.188,1.28656,1.28674,1.50,1.32
2012.10.16 12:11:56.300,1.28651,1.28673,2.25,1.50
2012.10.16 12:11:56.810,1.28654,1.28674,1.50,1.32
2012.10.16 12:11:57.559,1.28652,1.28673,1.73,1.50
2012.10.16 12:11:57.739,1.28651,1.28671,1.50,1.50
2012.10.16 12:11:58.050,1.28654,1.28675,1.32,1.50
2012.10.16 12:11:58.120,1.28654,1.28676,1.32,3.00
2012.10.16 12:11:58.249,1.28654,1.28675,1.54,1.50
2012.10.16 12:11:58.309,1.28652,1.28674,2.07,1.32
2012.10.16 12:11:58.489,1.28652,1.28674,2.07,1.32
2012.10.16 12:12:00.309,1.28652,1.28674,1.50,2.07
2012.10.16 12:12:00.370,1.2865,1.28672,1.73,1.50
2012.10.16 12:12:00.509,1.28653,1.28674,1.50,2.07
2012.10.16 12:12:00.690,1.28651,1.28672,2.48,1.50
2012.10.16 12:12:01.279,1.28651,1.28672,1.50,1.50
2012.10.16 12:12:02.869,1.28651,1.28672,1.50,2.07
2012.10.16 12:12:03.539,1.28654,1.28672,1.50,1.32
2012.10.16 12:12:03.902,1.28657,1.28678,3.00,1.54
2012.10.16 12:12:04.092,1.28661,1.28683,1.73,1.58
2012.10.16 12:12:04.350,1.28661,1.28683,1.73,1.50
2012.10.16 12:12:04.709,1.28657,1.28676,2.93,1.50
2012.10.16 12:12:04.906,1.28655,1.28676,2.25,1.50
2012.10.16 12:12:04.969,1.28655,1.28676,1.50,1.50
2012.10.16 12:12:05.031,1.28653,1.28672,1.50,1.50
2012.10.16 12:12:05.101,1.28652,1.28672,3.04,1.50
2012.10.16 12:12:07.650,1.28651,1.28672,1.73,1.50
2012.10.16 12:12:07.960,1.28653,1.28673,1.50,1.32
2012.10.16 12:12:08.510,1.28654,1.28674,1.54,1.50
2012.10.16 12:12:10.631,1.28654,1.28674,2.29,2.25
2012.10.16 12:12:10.699,1.28655,1.28674,2.25,1.50
2012.10.16 12:12:11.010,1.28658,1.28676,3.00,1.50
2012.10.16 12:12:11.200,1.2866,1.28678,1.13,1.32
2012.10.16 12:12:11.329,1.2866,1.2868,1.69,1.18
2012.10.16 12:12:11.509,1.28661,1.28683,1.69,1.50
2012.10.16 12:12:11.810,1.28663,1.28684,1.50,2.82
2012.10.16 12:12:13.538,1.28663,1.28684,1.73,2.82
2012.10.16 12:12:14.097,1.28663,1.28683,1.73,1.50
2012.10.16 12:12:14.608,1.28663,1.28684,2.29,1.50
2012.10.16 12:12:14.954,1.28663,1.28684,1.54,2.25
2012.10.16 12:12:15.179,1.2866,1.28679,1.32,1.50
2012.10.16 12:12:15.250,1.2866,1.28679,1.32,2.25
2012.10.16 12:12:16.309,1.28659,1.28679,1.47,2.25
2012.10.16 12:12:18.802,1.2866,1.2868,1.73,1.50
2012.10.16 12:12:19.359,1.28662,1.28682,1.73,1.50
2012.10.16 12:12:20.129,1.28662,1.28682,1.54,2.25
2012.10.16 12:12:20.901,1.28662,1.28682,3.04,1.50
2012.10.16 12:12:21.408,1.28663,1.28682,1.54,1.50
2012.10.16 12:12:21.711,1.28665,1.28685,1.58,1.50
2012.10.16 12:12:21.781,1.28665,1.28687,1.58,2.82
2012.10.16 12:12:21.969,1.28665,1.28687,3.08,2.82
2012.10.16 12:12:22.240,1.28665,1.28687,1.73,2.82
2012.10.16 12:12:22.883,1.28666,1.28687,1.54,2.25
2012.10.16 12:12:23.455,1.28668,1.28687,1.39,2.25
2012.10.16 12:12:25.439,1.28666,1.28686,1.54,1.50
2012.10.16 12:12:25.558,1.28665,1.28686,1.54,1.50
2012.10.16 12:12:25.974,1.28665,1.28684,1.54,1.50
2012.10.16 12:12:26.520,1.28663,1.28684,2.29,2.25
2012.10.16 12:12:26.713,1.28665,1.28688,3.04,2.25
2012.10.16 12:12:27.061,1.28665,1.28686,1.50,1.50
2012.10.16 12:12:27.129,1.28664,1.28684,1.73,1.50
2012.10.16 12:12:27.650,1.28663,1.28684,2.14,1.50
2012.10.16 12:12:28.219,1.28663,1.28683,1.17,1.50
2012.10.16 12:12:30.033,1.28662,1.28672,1.50,1.32
2012.10.16 12:12:30.159,1.2866,1.28672,1.50,1.32
2012.10.16 12:12:30.224,1.28661,1.28677,1.50,3.23
2012.10.16 12:12:30.349,1.28664,1.28684,1.54,1.39
2012.10.16 12:12:30.588,1.28664,1.28685,1.32,1.50
2012.10.16 12:12:31.098,1.28664,1.28685,1.32,1.50
2012.10.16 12:12:33.159,1.2866,1.28682,2.07,1.50
2012.10.16 12:12:34.332,1.28663,1.28683,1.50,1.32
2012.10.16 12:12:34.468,1.28663,1.28686,2.82,1.50
2012.10.16 12:12:34.529,1.28666,1.28686,1.32,1.50
2012.10.16 12:12:35.033,1.28663,1.28686,3.60,2.25
2012.10.16 12:12:35.098,1.28664,1.28686,2.29,2.25
2012.10.16 12:12:35.635,1.28664,1.28684,2.07,1.50
2012.10.16 12:12:35.948,1.28662,1.28681,2.93,1.50
2012.10.16 12:12:36.008,1.28662,1.28681,1.50,1.50
2012.10.16 12:12:36.314,1.28658,1.28677,1.32,1.50
2012.10.16 12:12:37.550,1.28654,1.28675,4.50,2.25
2012.10.16 12:12:37.863,1.28659,1.28678,1.32,1.50
2012.10.16 12:12:39.203,1.28659,1.28678,1.32,1.50
2012.10.16 12:12:40.253,1.28657,1.28678,1.32,2.25
2012.10.16 12:12:40.781,1.28656,1.28677,1.32,1.50
2012.10.16 12:12:40.985,1.28654,1.28674,2.25,1.32
2012.10.16 12:12:41.552,1.28651,1.28672,2.07,1.50
2012.10.16 12:12:41.869,1.2865,1.28672,1.54,1.50
2012.10.16 12:12:43.268,1.28653,1.28674,2.29,1.50
2012.10.16 12:12:44.240,1.28656,1.28676,1.50,2.07
2012.10.16 12:12:44.541,1.28659,1.28676,1.50,1.32
2012.10.16 12:12:44.670,1.28661,1.2868,1.13,1.39
2012.10.16 12:12:45.111,1.28663,1.2868,1.50,1.32
2012.10.16 12:12:45.329,1.28662,1.28681,1.13,2.63
2012.10.16 12:12:46.068,1.28663,1.2868,2.10,1.54
2012.10.16 12:12:46.371,1.28665,1.28685,1.92,1.58
2012.10.16 12:12:47.118,1.28665,1.28685,1.92,1.50
2012.10.16 12:12:47.710,1.28666,1.28688,1.50,1.32
2012.10.16 12:12:48.838,1.28666,1.28688,1.50,1.32
2012.10.16 12:12:49.858,1.28664,1.28685,2.07,1.50
2012.10.16 12:12:50.288,1.28664,1.28685,1.32,1.50
2012.10.16 12:12:50.999,1.28662,1.28685,2.07,2.07
2012.10.16 12:12:51.481,1.28674,1.28688,1.32,1.80
2012.10.16 12:12:51.611,1.28674,1.2869,1.54,2.25
2012.10.16 12:12:51.680,1.28672,1.2869,1.54,3.00
2012.10.16 12:12:51.810,1.28672,1.28686,1.13,1.32
2012.10.16 12:12:51.938,1.2867,1.2869,2.25,2.07
2012.10.16 12:12:52.059,1.28672,1.28692,1.50,1.50
2012.10.16 12:12:52.619,1.28671,1.28693,1.50,2.07
2012.10.16 12:12:53.111,1.28671,1.28693,1.50,2.07
2012.10.16 12:12:54.189,1.28668,1.28689,1.32,1.50
2012.10.16 12:12:54.569,1.2867,1.28693,1.50,2.07
2012.10.16 12:12:55.129,1.28672,1.28693,1.32,1.50
2012.10.16 12:12:55.273,1.28676,1.28696,1.50,2.33
2012.10.16 12:12:55.420,1.28676,1.28697,1.73,1.50
2012.10.16 12:12:55.629,1.28676,1.28696,1.50,1.50
2012.10.16 12:12:56.310,1.28683,1.28697,1.17,1.50
2012.10.16 12:12:56.429,1.28683,1.287,1.17,1.88
2012.10.16 12:12:56.610,1.28685,1.28702,1.35,5.14
2012.10.16 12:12:56.991,1.28688,1.28702,1.32,3.75
2012.10.16 12:12:57.061,1.28688,1.28706,2.07,2.03
2012.10.16 12:12:57.193,1.2869,1.28706,1.50,1.28
2012.10.16 12:12:57.439,1.2869,1.28711,1.50,1.50
2012.10.16 12:12:57.740,1.28685,1.28706,2.48,1.32
2012.10.16 12:12:58.323,1.28685,1.28704,1.50,1.32
2012.10.16 12:12:58.831,1.28685,1.28704,1.50,1.32
2012.10.16 12:12:58.959,1.28683,1.28704,1.50,2.07
2012.10.16 12:12:59.189,1.28683,1.28704,1.50,2.07
2012.10.16 12:13:00.564,1.28686,1.28707,1.73,1.50
2012.10.16 12:13:00.749,1.28687,1.28708,1.73,2.82
2012.10.16 12:13:01.220,1.28688,1.28709,2.25,1.32
2012.10.16 12:13:01.290,1.28692,1.28713,1.73,1.32
2012.10.16 12:13:01.469,1.28696,1.28714,1.50,1.58
2012.10.16 12:13:01.712,1.28703,1.28722,1.50,2.14
2012.10.16 12:13:01.841,1.28703,1.28723,2.29,1.50
2012.10.16 12:13:02.149,1.28701,1.28722,1.73,1.32
2012.10.16 12:13:02.210,1.287,1.28721,2.25,1.50
2012.10.16 12:13:02.330,1.28697,1.28718,2.29,1.50
2012.10.16 12:13:04.025,1.28697,1.28717,1.58,1.50
2012.10.16 12:13:04.219,1.28693,1.28711,1.58,1.32
2012.10.16 12:13:04.891,1.28693,1.28711,1.73,1.32
2012.10.16 12:13:04.960,1.28695,1.28714,1.54,1.50
2012.10.16 12:13:05.034,1.28697,1.28718,2.29,1.50
2012.10.16 12:13:05.344,1.28702,1.28719,1.73,1.50
2012.10.16 12:13:05.649,1.28699,1.28713,2.93,1.32
2012.10.16 12:13:05.709,1.28699,1.28718,2.93,3.38
2012.10.16 12:13:05.769,1.28696,1.28715,1.35,1.32
2012.10.16 12:13:05.830,1.28696,1.28718,2.14,2.25
2012.10.16 12:13:05.960,1.28697,1.28719,1.54,1.50
2012.10.16 12:13:06.621,1.28697,1.2872,2.29,2.82
2012.10.16 12:13:06.753,1.28697,1.2872,2.97,2.82
2012.10.16 12:13:06.879,1.28697,1.2872,2.97,2.82
2012.10.16 12:13:07.388,1.28698,1.2872,1.50,2.07
2012.10.16 12:13:07.568,1.28701,1.2872,1.13,2.07
2012.10.16 12:13:07.691,1.2871,1.28725,1.32,1.73
2012.10.16 12:13:07.820,1.28712,1.28729,1.50,1.20
2012.10.16 12:13:07.950,1.28712,1.28733,1.50,1.39
2012.10.16 12:13:08.379,1.2871,1.28732,2.07,1.50
2012.10.16 12:13:09.608,1.28712,1.28733,1.50,1.32
2012.10.16 12:13:09.909,1.28709,1.28727,1.50,1.32
2012.10.16 12:13:10.229,1.28711,1.28733,1.50,1.62
2012.10.16 12:13:10.351,1.28712,1.28735,1.88,1.62
2012.10.16 12:13:10.543,1.28713,1.28735,1.13,1.32
2012.10.16 12:13:10.945,1.28714,1.28734,1.50,3.00
2012.10.16 12:13:11.013,1.28712,1.28732,2.63,1.32
2012.10.16 12:13:11.080,1.28712,1.28735,3.19,2.29
2012.10.16 12:13:11.201,1.28715,1.28735,1.50,1.32
2012.10.16 12:13:11.649,1.28716,1.28735,1.50,1.32
2012.10.16 12:13:13.030,1.28716,1.28737,1.50,1.32
2012.10.16 12:13:13.171,1.28714,1.28735,1.32,1.50
2012.10.16 12:13:13.240,1.28712,1.28732,1.35,2.82
2012.10.16 12:13:13.480,1.28711,1.28731,1.50,1.50
2012.10.16 12:13:13.555,1.2871,1.28729,2.25,1.50
2012.10.16 12:13:13.623,1.28709,1.28727,1.65,1.54
2012.10.16 12:13:13.690,1.28704,1.28725,2.25,2.29
2012.10.16 12:13:14.050,1.28704,1.28725,1.50,2.29
2012.10.16 12:13:14.620,1.287,1.28721,2.44,1.73
2012.10.16 12:13:15.145,1.28701,1.2872,1.13,1.32
2012.10.16 12:13:15.798,1.28701,1.28721,1.88,1.54
2012.10.16 12:13:15.869,1.28702,1.28723,1.88,1.54
2012.10.16 12:13:16.002,1.28706,1.28724,1.32,1.32
2012.10.16 12:13:16.070,1.28707,1.28728,1.50,1.50
2012.10.16 12:13:16.130,1.28706,1.28728,1.32,2.25
2012.10.16 12:13:16.650,1.28705,1.28725,1.50,1.54
2012.10.16 12:13:16.994,1.28705,1.28717,1.50,1.32
2012.10.16 12:13:17.060,1.28702,1.28717,1.88,1.32
2012.10.16 12:13:17.181,1.28706,1.28721,1.32,1.73
2012.10.16 12:13:17.310,1.28706,1.28724,1.32,1.50
2012.10.16 12:13:17.379,1.28706,1.28728,2.07,2.25
2012.10.16 12:13:17.439,1.28706,1.28727,1.32,1.50
2012.10.16 12:13:17.679,1.28703,1.28722,1.35,1.50
2012.10.16 12:13:17.741,1.28702,1.28721,1.35,1.50
2012.10.16 12:13:17.989,1.28701,1.28721,1.69,1.73
2012.10.16 12:13:18.050,1.28703,1.28723,1.13,1.73
2012.10.16 12:13:18.119,1.28702,1.28723,1.13,1.50
2012.10.16 12:13:18.301,1.28701,1.28722,1.32,1.50
2012.10.16 12:13:18.510,1.28701,1.28723,1.32,1.50
2012.10.16 12:13:18.568,1.287,1.28721,1.32,1.50
2012.10.16 12:13:19.448,1.28699,1.2872,3.00,1.32
2012.10.16 12:13:19.750,1.28698,1.28716,1.50,1.50
2012.10.16 12:13:19.819,1.28694,1.28715,4.50,2.25
2012.10.16 12:13:20.731,1.28695,1.28716,2.25,1.50
2012.10.16 12:13:22.659,1.28696,1.28718,1.50,2.07
2012.10.16 12:13:23.081,1.28693,1.28715,3.57,1.50
2012.10.16 12:13:23.411,1.28696,1.28718,1.73,1.32
2012.10.16 12:13:23.761,1.28694,1.28715,2.25,1.50
2012.10.16 12:13:24.089,1.28699,1.28718,1.54,1.50
2012.10.16 12:13:24.289,1.28699,1.28721,2.29,1.50
2012.10.16 12:13:24.995,1.287,1.2872,1.50,1.50
2012.10.16 12:13:25.136,1.28702,1.28723,1.50,1.50
2012.10.16 12:13:25.410,1.28702,1.28725,2.82,3.00
2012.10.16 12:13:27.690,1.28705,1.28724,2.07,2.25
2012.10.16 12:13:28.000,1.2871,1.28724,1.50,1.50
2012.10.16 12:13:28.118,1.2871,1.28731,1.50,3.00
2012.10.16 12:13:28.659,1.2871,1.28731,1.50,3.00
2012.10.16 12:13:28.720,1.28709,1.28727,1.50,1.32
2012.10.16 12:13:28.840,1.28705,1.28725,2.18,1.50
2012.10.16 12:13:28.991,1.28704,1.28725,2.25,1.50
2012.10.16 12:13:29.679,1.28704,1.28723,2.25,1.32
2012.10.16 12:13:30.088,1.28709,1.28726,1.32,1.50
2012.10.16 12:13:30.150,1.28709,1.28727,1.32,1.58
2012.10.16 12:13:30.470,1.28707,1.28726,2.07,1.50
2012.10.16 12:13:30.720,1.28704,1.28725,1.32,1.54
2012.10.16 12:13:30.909,1.28701,1.28722,3.23,1.50
2012.10.16 12:13:30.969,1.28701,1.28721,1.73,1.50
2012.10.16 12:13:31.359,1.28702,1.28724,1.50,1.50
2012.10.16 12:13:31.479,1.28704,1.28725,1.50,3.38
2012.10.16 12:13:31.599,1.28706,1.28725,1.32,2.82
2012.10.16 12:13:32.100,1.28707,1.28725,2.07,1.32
2012.10.16 12:13:32.560,1.28707,1.28728,2.07,1.50
2012.10.16 12:13:32.919,1.28707,1.28729,2.07,1.50
2012.10.16 12:13:34.113,1.28707,1.28728,2.25,1.32
2012.10.16 12:13:35.068,1.28707,1.28728,2.25,1.32
2012.10.16 12:13:35.389,1.28727,1.28738,3.60,3.60
2012.10.16 12:13:35.569,1.28732,1.28741,1.54,2.52
2012.10.16 12:13:35.718,1.28732,1.28743,1.54,1.50
2012.10.16 12:13:35.782,1.28739,1.28747,1.56,1.78
2012.10.16 12:13:35.850,1.2873,1.28743,1.35,1.92
2012.10.16 12:13:36.041,1.2874,1.28748,2.25,3.23
2012.10.16 12:13:36.109,1.28745,1.28763,2.97,1.02
2012.10.16 12:13:36.168,1.28745,1.28764,2.97,3.20
2012.10.16 12:13:36.958,1.28748,1.28763,1.35,1.50
2012.10.16 12:13:37.030,1.28751,1.2877,1.50,1.32
2012.10.16 12:13:37.103,1.28751,1.28771,1.50,1.32
2012.10.16 12:13:37.711,1.28751,1.2877,1.50,1.32
2012.10.16 12:13:38.220,1.28751,1.2877,1.50,1.32
2012.10.16 12:13:38.429,1.28749,1.2877,1.50,1.32
2012.10.16 12:13:38.610,1.28749,1.2877,1.50,1.32
2012.10.16 12:13:38.729,1.28748,1.28768,2.10,2.07
2012.10.16 12:13:38.980,1.28755,1.28768,1.35,1.32
2012.10.16 12:13:39.290,1.28752,1.28766,1.73,1.32
2012.10.16 12:13:39.576,1.28749,1.28763,2.18,1.32
2012.10.16 12:13:39.642,1.28747,1.28763,1.50,1.32
2012.10.16 12:13:40.640,1.28744,1.28761,1.88,1.32
2012.10.16 12:13:40.818,1.28744,1.28761,1.88,1.32
2012.10.16 12:13:42.575,1.28746,1.28766,1.50,3.00
2012.10.16 12:13:42.711,1.28751,1.28769,2.10,1.05
2012.10.16 12:13:43.221,1.28751,1.2877,2.10,1.88
2012.10.16 12:13:43.592,1.28756,1.28769,1.50,1.32
2012.10.16 12:13:43.720,1.28752,1.2877,2.25,1.32
2012.10.16 12:13:44.041,1.28752,1.28772,1.50,1.54
2012.10.16 12:13:44.109,1.28752,1.28772,2.25,1.54
2012.10.16 12:13:44.669,1.28752,1.2877,1.50,1.54
2012.10.16 12:13:44.859,1.28751,1.2877,2.10,1.54
2012.10.16 12:13:44.920,1.28751,1.28766,1.35,1.50
2012.10.16 12:13:45.108,1.28748,1.28766,1.50,1.50
2012.10.16 12:13:45.249,1.28748,1.28767,1.50,1.50
2012.10.16 12:13:45.369,1.28748,1.28768,1.50,3.30
2012.10.16 12:13:45.549,1.28748,1.28768,1.50,2.33
2012.10.16 12:13:45.609,1.28748,1.28768,1.50,2.55
2012.10.16 12:13:46.224,1.28748,1.28767,1.50,1.54
2012.10.16 12:13:46.549,1.28746,1.28765,1.50,1.32
2012.10.16 12:13:46.610,1.28746,1.28768,2.25,2.93
2012.10.16 12:13:47.659,1.28746,1.28762,1.50,3.00
2012.10.16 12:13:47.720,1.28745,1.28761,1.13,1.32
2012.10.16 12:13:48.020,1.28743,1.2876,1.13,1.54
2012.10.16 12:13:48.537,1.28743,1.2876,1.50,1.54
2012.10.16 12:13:50.199,1.2874,1.28759,1.50,1.32
2012.10.16 12:13:50.539,1.28741,1.28759,1.50,1.32
2012.10.16 12:13:51.081,1.28742,1.2876,1.50,1.54
2012.10.16 12:13:51.598,1.28742,1.2876,1.50,1.54
2012.10.16 12:13:51.917,1.28742,1.28761,2.07,1.54
2012.10.16 12:13:51.987,1.28744,1.28763,1.13,1.54
2012.10.16 12:13:52.484,1.28745,1.28765,1.13,1.39
2012.10.16 12:13:52.790,1.28746,1.28765,1.50,1.88
2012.10.16 12:13:52.859,1.28744,1.28765,1.88,1.88
2012.10.16 12:13:53.471,1.28745,1.28764,1.13,1.50
2012.10.16 12:13:53.941,1.28747,1.28765,1.35,1.32
2012.10.16 12:13:54.010,1.28747,1.28765,2.85,1.32
2012.10.16 12:13:54.079,1.28749,1.28771,1.50,1.39
2012.10.16 12:13:54.138,1.28748,1.28771,1.32,1.39
2012.10.16 12:13:54.258,1.28748,1.28771,1.32,1.32
2012.10.16 12:13:54.688,1.28746,1.28771,1.32,2.29
2012.10.16 12:13:55.205,1.28746,1.28771,1.32,2.29
2012.10.16 12:13:55.579,1.28747,1.28771,1.32,1.32
2012.10.16 12:13:55.889,1.28746,1.28765,1.50,2.07
2012.10.16 12:13:56.010,1.28745,1.28765,1.50,2.07
2012.10.16 12:13:56.616,1.28743,1.28763,2.25,2.25
2012.10.16 12:13:57.273,1.28741,1.28762,2.63,1.73
2012.10.16 12:13:57.635,1.28741,1.28757,1.88,1.32
2012.10.16 12:13:58.279,1.28739,1.28758,1.50,1.13
2012.10.16 12:13:58.338,1.28738,1.28758,2.25,1.13
2012.10.16 12:13:58.459,1.28734,1.28755,2.10,1.50
2012.10.16 12:13:58.521,1.28733,1.28753,3.00,1.35
2012.10.16 12:13:58.593,1.28734,1.28752,2.25,1.35
2012.10.16 12:13:58.661,1.28735,1.28755,1.50,2.48
2012.10.16 12:13:58.732,1.28738,1.28756,1.50,1.62
2012.10.16 12:13:59.039,1.28738,1.28758,3.00,1.47
2012.10.16 12:13:59.521,1.28738,1.28759,2.25,1.54
2012.10.16 12:14:00.070,1.2874,1.28761,1.50,2.07
2012.10.16 12:14:00.391,1.2874,1.2876,2.25,1.32
2012.10.16 12:14:00.650,1.28742,1.2876,1.50,1.54
2012.10.16 12:14:00.720,1.28742,1.2876,1.50,1.54
2012.10.16 12:14:00.959,1.28742,1.2876,1.50,1.54
2012.10.16 12:14:01.020,1.28742,1.2876,1.50,1.54
2012.10.16 12:14:01.570,1.28742,1.28761,1.50,2.10
2012.10.16 12:14:01.750,1.28743,1.28761,1.50,2.10
2012.10.16 12:14:02.800,1.28744,1.28761,1.13,2.85
2012.10.16 12:14:03.330,1.28744,1.28761,1.13,2.29
2012.10.16 12:14:03.741,1.2874,1.28761,2.25,2.29
2012.10.16 12:14:03.811,1.2874,1.28758,2.25,3.23
2012.10.16 12:14:03.950,1.28738,1.28756,1.50,2.10
2012.10.16 12:14:04.071,1.28738,1.28755,3.00,2.10
2012.10.16 12:14:04.401,1.28742,1.2876,1.50,1.05
2012.10.16 12:14:04.590,1.28744,1.28761,1.50,1.05
2012.10.16 12:14:05.153,1.28744,1.28763,1.50,1.54
2012.10.16 12:14:06.168,1.28744,1.28764,2.25,1.54
2012.10.16 12:14:06.783,1.28745,1.28765,2.25,1.35
2012.10.16 12:14:07.110,1.28745,1.28761,1.50,1.58
2012.10.16 12:14:07.299,1.28742,1.2876,1.50,2.14
2012.10.16 12:14:07.420,1.28739,1.2876,1.50,2.14
2012.10.16 12:14:08.109,1.28737,1.28759,1.50,2.29
2012.10.16 12:14:08.429,1.28736,1.28758,1.50,1.73
2012.10.16 12:14:08.610,1.28732,1.28752,3.00,1.32
2012.10.16 12:14:09.103,1.28732,1.28752,2.25,1.32
2012.10.16 12:14:11.459,1.28732,1.28752,2.63,1.32
2012.10.16 12:14:12.703,1.28733,1.28754,1.50,1.73
2012.10.16 12:14:12.771,1.28733,1.28754,2.25,1.73
2012.10.16 12:14:13.090,1.28735,1.28755,1.50,1.54
2012.10.16 12:14:13.590,1.28735,1.28754,1.50,1.50
2012.10.16 12:14:15.058,1.28732,1.28753,1.43,1.32
2012.10.16 12:14:16.150,1.28731,1.28753,1.43,2.82
2012.10.16 12:14:16.459,1.28731,1.28751,1.50,1.50
2012.10.16 12:14:16.809,1.28729,1.28748,1.43,1.32
2012.10.16 12:14:17.458,1.28728,1.28748,1.43,1.54
2012.10.16 12:14:20.754,1.28724,1.28744,1.50,1.50
2012.10.16 12:14:20.822,1.28725,1.28744,1.50,1.73
2012.10.16 12:14:21.189,1.28726,1.28745,1.43,1.50
2012.10.16 12:14:21.610,1.28726,1.28745,1.43,2.25
2012.10.16 12:14:21.850,1.28726,1.28745,1.43,2.25
2012.10.16 12:14:22.379,1.28726,1.28745,1.43,2.82
2012.10.16 12:14:23.030,1.28725,1.28744,1.50,1.32
2012.10.16 12:14:24.268,1.28724,1.28744,1.50,1.32
2012.10.16 12:14:24.461,1.28723,1.28739,1.43,1.32
2012.10.16 12:14:24.589,1.28719,1.28738,2.25,1.35
2012.10.16 12:14:24.981,1.28718,1.28734,1.43,2.48
2012.10.16 12:14:25.319,1.2871,1.28731,2.25,1.32
2012.10.16 12:14:26.002,1.2871,1.28731,1.50,1.32
2012.10.16 12:14:27.431,1.28709,1.28731,2.25,1.32
2012.10.16 12:14:27.619,1.2871,1.2873,1.50,1.32
2012.10.16 12:14:27.859,1.28707,1.28727,1.50,1.32
2012.10.16 12:14:27.918,1.28706,1.28726,1.88,2.25
2012.10.16 12:14:28.219,1.28705,1.28721,1.13,1.54
2012.10.16 12:14:29.221,1.28703,1.28721,1.50,1.32
2012.10.16 12:14:29.748,1.28706,1.28722,1.13,2.07
2012.10.16 12:14:30.257,1.28701,1.28712,1.50,1.54
2012.10.16 12:14:30.408,1.28696,1.28712,1.32,1.54
2012.10.16 12:14:30.489,1.28696,1.28712,1.32,1.32
2012.10.16 12:14:30.621,1.28696,1.28712,1.32,1.32
2012.10.16 12:14:31.168,1.28694,1.2871,1.50,2.48
2012.10.16 12:14:31.373,1.28688,1.28709,3.00,1.73
2012.10.16 12:14:31.439,1.28687,1.28708,1.32,1.50
2012.10.16 12:14:31.979,1.28684,1.28706,2.25,1.50
2012.10.16 12:14:32.668,1.28685,1.28707,1.50,1.50
2012.10.16 12:14:33.242,1.28689,1.2871,2.07,3.00
2012.10.16 12:14:33.592,1.28689,1.28708,1.32,1.50
2012.10.16 12:14:33.660,1.28688,1.28708,1.32,2.82
2012.10.16 12:14:33.732,1.28685,1.28705,1.32,1.50
2012.10.16 12:14:33.801,1.28685,1.28704,1.32,1.73
2012.10.16 12:14:34.048,1.2868,1.28705,2.63,3.79
2012.10.16 12:14:34.400,1.28681,1.28705,1.50,3.04
2012.10.16 12:14:34.544,1.28684,1.28704,1.32,1.50
2012.10.16 12:14:35.059,1.28684,1.28705,1.32,1.50
2012.10.16 12:14:35.629,1.28686,1.28705,1.32,1.50
2012.10.16 12:14:36.378,1.28686,1.28704,1.32,1.50
2012.10.16 12:14:36.922,1.28685,1.28705,2.07,1.50
2012.10.16 12:14:37.609,1.2869,1.28705,1.50,1.50
2012.10.16 12:14:38.309,1.28685,1.28705,1.50,1.50
2012.10.16 12:14:38.850,1.28685,1.28704,1.32,1.50
2012.10.16 12:14:39.959,1.28682,1.28701,2.48,3.00
2012.10.16 12:14:40.020,1.28682,1.28698,1.50,2.67
2012.10.16 12:14:40.307,1.28679,1.28698,1.13,3.23
2012.10.16 12:14:40.670,1.28675,1.28698,1.50,3.23
2012.10.16 12:14:41.230,1.28676,1.28698,1.50,2.48
2012.10.16 12:14:42.639,1.28677,1.28698,1.50,2.70
2012.10.16 12:14:42.950,1.28676,1.28695,2.25,1.17
2012.10.16 12:14:44.104,1.28677,1.28695,1.50,1.17
2012.10.16 12:14:45.060,1.28676,1.28694,1.88,1.32
2012.10.16 12:14:45.250,1.28678,1.28698,1.50,2.29
2012.10.16 12:14:45.370,1.28678,1.28698,1.50,1.50
2012.10.16 12:14:46.118,1.2868,1.28697,1.13,1.50
2012.10.16 12:14:46.263,1.28678,1.28694,2.25,1.32
2012.10.16 12:14:46.769,1.28676,1.28694,1.13,1.32
2012.10.16 12:14:47.590,1.28674,1.28695,1.50,1.32
2012.10.16 12:14:47.720,1.28674,1.28695,1.50,1.92
2012.10.16 12:14:48.790,1.28675,1.28693,1.50,1.32
2012.10.16 12:14:48.921,1.28673,1.28693,2.25,1.32
2012.10.16 12:14:49.481,1.28668,1.28691,1.92,2.82
2012.10.16 12:14:49.550,1.28667,1.2869,1.69,2.25
2012.10.16 12:14:50.170,1.28666,1.28689,2.07,2.25
2012.10.16 12:14:51.639,1.28668,1.28689,1.13,2.07
2012.10.16 12:14:52.180,1.2867,1.28689,1.54,1.50
2012.10.16 12:14:52.709,1.2867,1.28689,1.32,1.50
2012.10.16 12:14:53.276,1.2867,1.2869,1.32,1.50
2012.10.16 12:14:53.595,1.2867,1.2869,1.32,1.50
2012.10.16 12:14:53.780,1.28672,1.28692,1.50,1.50
2012.10.16 12:14:54.870,1.28671,1.28695,1.50,1.32
2012.10.16 12:14:55.051,1.28674,1.28694,2.25,1.35
2012.10.16 12:14:55.460,1.28677,1.28694,1.50,2.14
2012.10.16 12:14:55.579,1.28674,1.28694,2.25,1.35
2012.10.16 12:14:55.700,1.28676,1.28695,2.10,1.13
2012.10.16 12:14:55.830,1.28681,1.28697,1.32,1.58
2012.10.16 12:14:55.960,1.28681,1.28697,1.32,1.58
2012.10.16 12:14:56.211,1.28681,1.28703,1.32,1.35
2012.10.16 12:14:56.284,1.28685,1.28703,1.32,1.28
2012.10.16 12:14:57.184,1.28681,1.28705,2.25,1.68
2012.10.16 12:14:57.741,1.28683,1.28706,1.50,1.61
2012.10.16 12:14:57.809,1.28683,1.28706,1.50,1.32
2012.10.16 12:14:58.360,1.28681,1.28705,3.00,1.32
2012.10.16 12:14:58.850,1.2868,1.28705,1.32,2.14
2012.10.16 12:14:59.172,1.2868,1.28701,1.32,1.73
2012.10.16 12:14:59.481,1.28686,1.28704,1.32,1.35
2012.10.16 12:14:59.614,1.28686,1.28706,1.32,1.25
2012.10.16 12:14:59.682,1.28686,1.28707,1.32,2.18
2012.10.16 12:14:59.950,1.28686,1.28707,1.32,1.80
2012.10.16 12:15:00.739,1.28686,1.28705,1.32,1.73
2012.10.16 12:15:01.043,1.28686,1.28704,1.69,1.50
2012.10.16 12:15:01.169,1.28686,1.28709,1.32,1.99
2012.10.16 12:15:01.290,1.28686,1.28709,1.32,1.99
2012.10.16 12:15:01.899,1.28686,1.2871,1.32,2.89
2012.10.16 12:15:02.330,1.28688,1.28711,1.32,2.82
2012.10.16 12:15:02.962,1.28688,1.28711,1.32,1.54
2012.10.16 12:15:03.089,1.28688,1.28711,1.32,3.04
2012.10.16 12:15:03.391,1.28688,1.28711,1.32,3.64
2012.10.16 12:15:03.701,1.28686,1.28704,2.25,1.54
2012.10.16 12:15:03.830,1.28686,1.28704,1.50,1.54
2012.10.16 12:15:03.960,1.28683,1.28704,1.50,1.54
2012.10.16 12:15:04.152,1.28685,1.28707,1.50,1.54
2012.10.16 12:15:04.460,1.28688,1.28708,1.50,1.62
2012.10.16 12:15:04.961,1.28688,1.28708,1.50,1.54
2012.10.16 12:15:05.932,1.28687,1.28708,1.50,1.39
2012.10.16 12:15:06.481,1.28687,1.28707,1.50,3.04
2012.10.16 12:15:07.211,1.28687,1.28707,1.50,2.89
2012.10.16 12:15:07.719,1.28689,1.28709,1.88,1.13
2012.10.16 12:15:07.780,1.28689,1.2871,2.25,2.14
2012.10.16 12:15:07.911,1.28689,1.28708,1.88,2.10
2012.10.16 12:15:08.489,1.28688,1.28708,2.25,3.08
2012.10.16 12:15:08.770,1.28691,1.28712,2.07,1.50
2012.10.16 12:15:08.839,1.28691,1.28716,2.44,2.37
2012.10.16 12:15:10.200,1.28691,1.28709,1.13,1.32
2012.10.16 12:15:10.769,1.2869,1.28709,1.13,2.14
2012.10.16 12:15:11.600,1.28688,1.28709,1.50,2.14
2012.10.16 12:15:12.130,1.28687,1.28706,1.50,1.54
2012.10.16 12:15:12.679,1.28687,1.28706,2.25,1.32
2012.10.16 12:15:12.739,1.28687,1.28708,2.25,1.58
2012.10.16 12:15:13.332,1.28688,1.2871,2.25,1.54
2012.10.16 12:15:13.619,1.28688,1.2871,2.25,1.54
2012.10.16 12:15:14.829,1.28689,1.28711,1.13,1.54
2012.10.16 12:15:15.661,1.28689,1.28713,1.69,2.29
2012.10.16 12:15:15.968,1.28693,1.28716,1.32,1.05
2012.10.16 12:15:16.160,1.2869,1.28714,3.00,1.50
2012.10.16 12:15:16.230,1.2869,1.28713,2.44,1.32
2012.10.16 12:15:16.873,1.28691,1.28714,1.13,1.13
2012.10.16 12:15:18.219,1.28691,1.28715,1.32,1.54
2012.10.16 12:15:18.279,1.28691,1.28716,1.32,1.54
2012.10.16 12:15:19.171,1.28693,1.28717,1.50,2.29
2012.10.16 12:15:19.301,1.28698,1.28718,1.32,1.50
2012.10.16 12:15:19.949,1.28698,1.28721,1.32,2.48
2012.10.16 12:15:20.981,1.28695,1.28718,1.32,1.50
2012.10.16 12:15:21.431,1.28695,1.28714,1.32,1.58
2012.10.16 12:15:21.970,1.28693,1.28714,1.69,1.58
2012.10.16 12:15:22.282,1.28693,1.28714,1.13,1.35
2012.10.16 12:15:23.091,1.28693,1.28715,1.13,1.54
2012.10.16 12:15:23.850,1.28693,1.28715,1.13,1.54
2012.10.16 12:15:26.039,1.28691,1.28715,1.50,1.54
2012.10.16 12:15:28.389,1.28692,1.28715,1.88,1.54
2012.10.16 12:15:28.910,1.28692,1.28715,2.25,1.54
2012.10.16 12:15:30.096,1.28692,1.28715,1.50,1.54
2012.10.16 12:15:30.965,1.28694,1.28717,1.32,1.58
2012.10.16 12:15:31.370,1.28693,1.28713,1.50,1.32
2012.10.16 12:15:31.731,1.28691,1.28713,3.00,1.54
2012.10.16 12:15:32.040,1.28692,1.2871,1.50,1.54
2012.10.16 12:15:32.551,1.28689,1.28708,1.50,1.54
2012.10.16 12:15:33.090,1.2869,1.28709,1.13,1.32
2012.10.16 12:15:34.349,1.28692,1.28709,1.13,1.32
2012.10.16 12:15:34.429,1.28688,1.28705,2.25,1.32
2012.10.16 12:15:34.500,1.28688,1.28707,2.25,1.35
2012.10.16 12:15:34.867,1.28692,1.28713,1.88,1.13
2012.10.16 12:15:35.289,1.28692,1.28713,3.00,1.13
2012.10.16 12:15:35.421,1.28693,1.28713,1.13,1.32
2012.10.16 12:15:35.989,1.28693,1.28712,1.13,1.54
2012.10.16 12:15:36.665,1.28693,1.28712,1.13,1.54
2012.10.16 12:15:37.374,1.28694,1.28712,1.50,1.32
2012.10.16 12:15:39.201,1.28693,1.28714,1.13,1.54
2012.10.16 12:15:39.760,1.28694,1.28711,1.13,1.54
2012.10.16 12:15:40.326,1.28692,1.28711,1.50,1.54
2012.10.16 12:15:40.509,1.28689,1.28711,3.00,1.54
2012.10.16 12:15:40.688,1.28688,1.28711,1.32,2.89
2012.10.16 12:15:41.017,1.28689,1.2871,1.50,1.54
2012.10.16 12:15:41.272,1.2869,1.28712,2.07,1.54
2012.10.16 12:15:41.416,1.28691,1.28713,1.13,1.13
2012.10.16 12:15:41.561,1.28691,1.28715,1.50,1.05
2012.10.16 12:15:42.088,1.28691,1.28717,1.13,2.55
2012.10.16 12:15:42.558,1.2869,1.28715,4.50,1.54
2012.10.16 12:15:42.622,1.2869,1.28715,4.50,1.54
2012.10.16 12:15:43.160,1.2869,1.28715,3.94,1.54
2012.10.16 12:15:43.579,1.2869,1.28715,3.94,1.54
2012.10.16 12:15:44.488,1.2869,1.28715,1.88,4.80
2012.10.16 12:15:44.801,1.28687,1.28709,2.82,2.48
2012.10.16 12:15:45.859,1.28683,1.28705,1.32,2.29
2012.10.16 12:15:46.672,1.28681,1.28704,1.69,2.15
2012.10.16 12:15:46.748,1.28681,1.28704,2.07,1.05
2012.10.16 12:15:48.167,1.28681,1.28704,1.88,1.54
2012.10.16 12:15:49.170,1.28681,1.28704,1.50,1.54
2012.10.16 12:15:49.360,1.28681,1.28706,2.25,1.35
2012.10.16 12:15:49.419,1.28681,1.28706,3.75,1.35
2012.10.16 12:15:49.723,1.28686,1.28708,2.07,2.37
2012.10.16 12:15:50.230,1.28687,1.28708,2.25,2.25
2012.10.16 12:15:50.574,1.28687,1.28708,1.50,2.48
2012.10.16 12:15:51.330,1.2869,1.2871,1.13,1.58
2012.10.16 12:15:51.662,1.28686,1.2871,4.32,1.58
2012.10.16 12:15:52.210,1.28686,1.28709,2.07,1.54
2012.10.16 12:15:52.580,1.28687,1.28709,1.50,1.54
2012.10.16 12:15:52.710,1.28687,1.28709,1.50,1.54
2012.10.16 12:15:54.210,1.28686,1.28709,2.07,1.54
2012.10.16 12:15:54.330,1.28685,1.28705,1.50,1.54
2012.10.16 12:15:54.450,1.28685,1.28706,1.50,1.54
2012.10.16 12:15:54.569,1.28687,1.2871,1.32,1.48
2012.10.16 12:15:56.899,1.28687,1.28706,1.32,1.50
2012.10.16 12:15:57.199,1.28678,1.28699,2.25,1.54
2012.10.16 12:15:57.539,1.28676,1.28699,1.50,1.54
2012.10.16 12:16:01.191,1.28675,1.28699,2.25,1.54
2012.10.16 12:16:01.743,1.28675,1.28697,2.25,1.80
2012.10.16 12:16:02.130,1.28675,1.28696,2.25,1.54
2012.10.16 12:16:02.590,1.28685,1.28698,1.50,1.05
2012.10.16 12:16:02.972,1.28696,1.28708,1.32,1.05
2012.10.16 12:16:03.050,1.28698,1.28711,1.50,2.33
2012.10.16 12:16:03.190,1.28696,1.28711,1.32,1.58
2012.10.16 12:16:03.372,1.28698,1.28711,2.25,1.39
2012.10.16 12:16:03.885,1.28688,1.28711,3.00,1.47
2012.10.16 12:16:03.952,1.28694,1.28711,1.50,1.47
2012.10.16 12:16:04.261,1.28688,1.28711,2.25,1.47
2012.10.16 12:16:04.867,1.28688,1.28712,1.50,2.29
2012.10.16 12:16:05.653,1.28688,1.28708,1.50,3.23
2012.10.16 12:16:06.029,1.28686,1.28708,1.50,3.23
2012.10.16 12:16:06.089,1.28687,1.28711,1.32,1.05
2012.10.16 12:16:06.149,1.28687,1.28711,1.32,1.05
2012.10.16 12:16:06.270,1.28693,1.2871,1.35,1.05
2012.10.16 12:16:06.594,1.28704,1.28714,1.13,1.32
2012.10.16 12:16:06.899,1.28702,1.2872,1.50,1.50
2012.10.16 12:16:07.094,1.28702,1.28721,1.32,1.32
2012.10.16 12:16:07.229,1.28699,1.2872,1.50,1.32
2012.10.16 12:16:07.721,1.28697,1.28711,1.54,1.35
2012.10.16 12:16:08.438,1.28696,1.28707,1.54,1.32
2012.10.16 12:16:08.533,1.28697,1.28718,1.32,2.07
2012.10.16 12:16:09.063,1.28697,1.2872,2.07,1.54
2012.10.16 12:16:09.130,1.28696,1.28717,1.50,1.13
2012.10.16 12:16:09.381,1.28694,1.28714,2.25,1.32
2012.10.16 12:16:09.522,1.28694,1.28714,1.50,2.14
2012.10.16 12:16:09.833,1.28699,1.28717,1.32,1.39
2012.10.16 12:16:10.025,1.28699,1.28718,1.32,1.73
2012.10.16 12:16:10.090,1.28695,1.28717,2.25,1.54
2012.10.16 12:16:10.421,1.28703,1.28719,2.07,1.50
2012.10.16 12:16:10.750,1.28709,1.28728,1.50,1.05
2012.10.16 12:16:10.810,1.28709,1.28729,1.50,2.79
2012.10.16 12:16:11.004,1.28706,1.28729,1.50,3.79
2012.10.16 12:16:11.339,1.28706,1.28727,1.50,1.73
2012.10.16 12:16:11.789,1.28706,1.28721,1.50,1.32
2012.10.16 12:16:12.034,1.28703,1.28719,1.13,1.32
2012.10.16 12:16:12.362,1.28704,1.28719,1.13,1.32
2012.10.16 12:16:12.491,1.28703,1.2872,1.13,1.32
2012.10.16 12:16:13.062,1.28703,1.28722,1.50,1.32
2012.10.16 12:16:13.130,1.28705,1.28722,1.13,1.32
2012.10.16 12:16:13.321,1.28701,1.28718,1.50,1.92
2012.10.16 12:16:13.461,1.28698,1.28717,2.25,1.50
2012.10.16 12:16:14.019,1.28696,1.28717,1.50,1.73
2012.10.16 12:16:14.170,1.28696,1.28717,1.50,1.73
2012.10.16 12:16:14.953,1.28698,1.28715,1.50,1.32
2012.10.16 12:16:15.023,1.287,1.28717,1.13,1.73
2012.10.16 12:16:15.225,1.28705,1.2872,1.13,1.58
2012.10.16 12:16:15.530,1.28704,1.28722,1.13,1.32
2012.10.16 12:16:16.138,1.28705,1.28722,1.13,1.32
2012.10.16 12:16:16.530,1.28709,1.28724,1.50,1.32
2012.10.16 12:16:16.955,1.28706,1.28724,1.50,1.32
2012.10.16 12:16:17.260,1.28704,1.28724,1.50,2.07
2012.10.16 12:16:17.439,1.28708,1.28724,1.50,2.07
2012.10.16 12:16:17.980,1.28708,1.28723,1.50,3.75
2012.10.16 12:16:18.051,1.28703,1.28722,1.32,1.50
2012.10.16 12:16:18.123,1.28707,1.28723,1.32,1.50
2012.10.16 12:16:18.193,1.28708,1.28723,1.50,1.50
2012.10.16 12:16:18.559,1.28709,1.2873,2.25,1.50
2012.10.16 12:16:18.619,1.28712,1.28732,1.50,2.82
2012.10.16 12:16:18.681,1.28712,1.28727,1.50,1.50
2012.10.16 12:16:18.809,1.28712,1.2873,1.50,1.50
2012.10.16 12:16:18.929,1.28712,1.2873,1.50,1.50
2012.10.16 12:16:19.469,1.28711,1.2873,2.07,1.50
2012.10.16 12:16:19.829,1.28714,1.2873,1.35,1.50
2012.10.16 12:16:19.953,1.28714,1.28734,1.50,2.07
2012.10.16 12:16:20.022,1.28711,1.28732,2.44,1.50
2012.10.16 12:16:20.094,1.28711,1.2873,1.50,1.32
2012.10.16 12:16:20.306,1.28709,1.28728,2.25,1.32
2012.10.16 12:16:20.587,1.28706,1.28727,1.50,1.73
2012.10.16 12:16:20.913,1.28704,1.28727,1.50,1.50
2012.10.16 12:16:21.101,1.28703,1.28726,1.32,1.50
2012.10.16 12:16:21.231,1.28701,1.28718,2.63,1.32
2012.10.16 12:16:22.087,1.287,1.28718,1.50,1.32
2012.10.16 12:16:22.390,1.28707,1.28724,2.07,1.39
2012.10.16 12:16:22.514,1.28707,1.28726,2.07,1.50
2012.10.16 12:16:23.092,1.28703,1.28726,3.23,1.32
2012.10.16 12:16:23.162,1.28703,1.28726,2.48,1.32
2012.10.16 12:16:23.720,1.28704,1.28724,1.88,1.32
2012.10.16 12:16:24.021,1.287,1.28707,1.50,1.32
2012.10.16 12:16:24.459,1.28684,1.28707,2.70,1.50
2012.10.16 12:16:24.640,1.28684,1.28707,1.50,1.50
2012.10.16 12:16:24.901,1.28684,1.28708,1.50,1.32
2012.10.16 12:16:25.491,1.28684,1.28708,1.50,1.54
2012.10.16 12:16:25.810,1.28692,1.28713,3.00,3.30
2012.10.16 12:16:25.881,1.28694,1.28714,1.32,1.58
2012.10.16 12:16:26.009,1.28694,1.28716,1.32,1.33
2012.10.16 12:16:26.620,1.28694,1.28718,1.32,2.07
2012.10.16 12:16:27.948,1.28694,1.28717,1.32,1.32
2012.10.16 12:16:28.468,1.28694,1.28718,1.32,2.07
2012.10.16 12:16:29.200,1.28697,1.28718,1.50,2.07
2012.10.16 12:16:29.330,1.28703,1.28725,1.50,1.77
2012.10.16 12:16:29.880,1.28704,1.28726,1.50,1.54
2012.10.16 12:16:30.181,1.28702,1.28725,2.07,1.54
2012.10.16 12:16:30.250,1.28702,1.28725,1.32,1.54
2012.10.16 12:16:30.369,1.287,1.28723,3.00,3.98
2012.10.16 12:16:30.874,1.287,1.28721,1.50,1.54
2012.10.16 12:16:31.237,1.28707,1.28726,1.32,2.33
2012.10.16 12:16:31.306,1.28707,1.28726,1.32,1.58
2012.10.16 12:16:31.862,1.28707,1.28726,1.32,1.50
2012.10.16 12:16:32.110,1.28708,1.28729,1.50,1.50
2012.10.16 12:16:32.290,1.2871,1.2873,1.50,1.32
2012.10.16 12:16:32.411,1.28712,1.28735,1.69,1.58
2012.10.16 12:16:32.912,1.28714,1.28737,1.32,3.57
2012.10.16 12:16:34.571,1.28712,1.28736,3.19,2.07
2012.10.16 12:16:35.699,1.28712,1.28736,3.38,1.32
2012.10.16 12:16:37.458,1.28712,1.28736,2.25,2.07
2012.10.16 12:16:37.640,1.28712,1.28735,1.13,1.50
2012.10.16 12:16:37.712,1.28712,1.28735,1.13,2.48
2012.10.16 12:16:37.840,1.28712,1.28735,1.88,1.73
2012.10.16 12:16:38.880,1.28712,1.28735,1.50,1.73
2012.10.16 12:16:41.780,1.28712,1.28733,1.13,1.35
2012.10.16 12:16:41.970,1.2871,1.28733,2.25,2.10
2012.10.16 12:16:42.995,1.28709,1.28731,1.32,1.73
2012.10.16 12:16:43.530,1.28708,1.28731,2.25,2.29
2012.10.16 12:16:44.580,1.28708,1.28731,3.00,2.29
2012.10.16 12:16:45.179,1.28711,1.28731,1.13,1.54
2012.10.16 12:16:45.359,1.28713,1.28734,1.50,1.39
2012.10.16 12:16:45.779,1.28709,1.28731,2.07,2.07
2012.10.16 12:16:45.840,1.28707,1.28725,2.63,1.32
2012.10.16 12:16:45.902,1.28707,1.28725,1.13,1.54
2012.10.16 12:16:46.566,1.28704,1.28726,3.00,1.54
2012.10.16 12:16:49.061,1.28702,1.28725,1.69,1.97
2012.10.16 12:16:49.130,1.287,1.28725,5.07,2.72
2012.10.16 12:16:49.877,1.287,1.28718,3.75,1.54
2012.10.16 12:16:50.201,1.28704,1.28721,1.13,1.35
2012.10.16 12:16:50.273,1.28705,1.28723,2.10,1.54
2012.10.16 12:16:50.350,1.28706,1.28728,2.10,2.37
2012.10.16 12:16:50.571,1.28716,1.28733,1.32,1.58
2012.10.16 12:16:50.642,1.28716,1.28733,2.07,1.58
2012.10.16 12:16:50.900,1.28716,1.28733,2.07,1.50
2012.10.16 12:16:51.169,1.28716,1.2874,2.82,1.73
2012.10.16 12:16:51.230,1.28716,1.28739,2.82,1.50
2012.10.16 12:16:51.544,1.28717,1.28738,1.50,3.08
2012.10.16 12:16:51.862,1.28714,1.28735,2.07,1.54
2012.10.16 12:16:51.991,1.28714,1.28735,1.88,1.54
2012.10.16 12:16:52.708,1.28715,1.28736,1.13,2.85
2012.10.16 12:16:53.728,1.28713,1.28736,1.88,1.73
2012.10.16 12:16:54.469,1.28719,1.28738,1.32,1.73
2012.10.16 12:16:54.530,1.28719,1.28739,1.32,1.39
2012.10.16 12:16:54.651,1.28719,1.28742,1.32,3.79
2012.10.16 12:16:57.410,1.2872,1.28742,1.35,2.29
2012.10.16 12:16:57.949,1.28721,1.28744,1.50,1.32
2012.10.16 12:16:59.468,1.28722,1.28745,1.32,1.54
2012.10.16 12:17:00.544,1.28722,1.28745,1.32,1.54
2012.10.16 12:17:01.960,1.28719,1.28744,2.07,2.14
2012.10.16 12:17:05.640,1.28719,1.28738,2.67,1.50
2012.10.16 12:17:05.999,1.28702,1.28718,1.50,1.32
2012.10.16 12:17:06.119,1.28701,1.28722,2.63,1.73
2012.10.16 12:17:06.241,1.28702,1.28724,1.50,1.62
2012.10.16 12:17:07.020,1.28703,1.28724,1.50,1.32
2012.10.16 12:17:10.130,1.28703,1.28725,2.07,1.73
2012.10.16 12:17:13.120,1.28702,1.28722,1.13,1.54
2012.10.16 12:17:17.932,1.28701,1.2872,1.13,1.73
2012.10.16 12:17:18.449,1.287,1.28721,2.63,2.29
2012.10.16 12:17:19.373,1.28701,1.28721,1.13,2.07
2012.10.16 12:17:20.356,1.28701,1.28721,1.69,1.50
2012.10.16 12:17:20.419,1.28701,1.28721,2.07,1.73
2012.10.16 12:17:20.602,1.28704,1.28724,1.50,2.23
2012.10.16 12:17:20.670,1.28706,1.28726,1.50,1.48
2012.10.16 12:17:20.919,1.28706,1.28726,2.25,1.48
2012.10.16 12:17:20.981,1.28706,1.28726,2.25,1.48
2012.10.16 12:17:22.881,1.28703,1.28724,1.50,2.15
2012.10.16 12:17:22.954,1.28702,1.28724,2.44,2.90
2012.10.16 12:17:23.480,1.28702,1.28724,2.07,2.90
2012.10.16 12:17:24.759,1.28703,1.28724,1.32,4.22
2012.10.16 12:17:25.070,1.2871,1.2873,1.50,2.04
2012.10.16 12:17:25.190,1.28709,1.2873,1.50,1.29
2012.10.16 12:17:25.369,1.28707,1.2873,1.88,1.62
2012.10.16 12:17:25.431,1.28707,1.28729,1.88,1.05
2012.10.16 12:17:25.831,1.28707,1.28728,1.88,2.15
2012.10.16 12:17:26.539,1.28704,1.28725,1.32,2.48
2012.10.16 12:17:26.826,1.28703,1.28725,2.82,1.73
2012.10.16 12:17:28.266,1.28704,1.28725,1.50,1.73
2012.10.16 12:17:28.468,1.28706,1.28727,1.50,1.40
2012.10.16 12:17:28.532,1.28706,1.28727,1.50,1.40
2012.10.16 12:17:29.684,1.28708,1.28729,2.25,1.54
2012.10.16 12:17:30.230,1.28706,1.28729,3.00,1.97
2012.10.16 12:17:30.795,1.28708,1.28729,1.50,1.54
2012.10.16 12:17:31.380,1.28711,1.2873,1.13,1.32
2012.10.16 12:17:31.889,1.28711,1.28731,1.13,1.73
2012.10.16 12:17:32.567,1.28711,1.28731,1.13,1.73
2012.10.16 12:17:33.100,1.28709,1.28731,2.25,2.29
2012.10.16 12:17:33.901,1.28712,1.28727,1.13,1.73
2012.10.16 12:17:34.209,1.28712,1.28727,1.13,2.72
2012.10.16 12:17:34.331,1.28708,1.28725,1.50,1.54
2012.10.16 12:17:34.581,1.28701,1.28724,3.38,1.54
2012.10.16 12:17:34.962,1.28701,1.28721,1.88,1.73
2012.10.16 12:17:35.251,1.28694,1.28715,2.25,1.73
2012.10.16 12:17:35.499,1.28694,1.28715,2.25,1.73
2012.10.16 12:17:36.703,1.28694,1.28715,1.50,1.73
2012.10.16 12:17:38.073,1.28693,1.28713,1.50,1.54
2012.10.16 12:17:38.390,1.28698,1.28716,1.32,1.50
2012.10.16 12:17:38.532,1.28697,1.28716,1.50,1.50
2012.10.16 12:17:38.599,1.28694,1.28716,1.69,1.50
2012.10.16 12:17:38.732,1.28694,1.28716,3.00,1.73
2012.10.16 12:17:38.863,1.28696,1.28718,1.50,2.25
2012.10.16 12:17:38.931,1.28694,1.28716,3.19,1.50
2012.10.16 12:17:39.060,1.28694,1.28716,2.44,1.73
2012.10.16 12:17:39.697,1.28694,1.28716,2.44,1.73
2012.10.16 12:17:40.119,1.28694,1.28712,2.25,1.73
2012.10.16 12:17:40.788,1.28696,1.28718,2.25,1.50
2012.10.16 12:17:40.983,1.28695,1.28718,1.50,2.25
2012.10.16 12:17:41.490,1.28694,1.28717,3.75,1.73
2012.10.16 12:17:42.129,1.28695,1.28716,1.35,1.54
2012.10.16 12:17:42.382,1.28695,1.28716,1.17,1.50
2012.10.16 12:17:42.450,1.28695,1.28716,1.54,1.73
2012.10.16 12:17:42.999,1.28694,1.28714,1.13,2.29
2012.10.16 12:17:43.510,1.28692,1.28714,1.88,3.04
2012.10.16 12:17:43.909,1.28694,1.28714,1.13,1.32
2012.10.16 12:17:44.391,1.28695,1.28717,1.50,1.32
2012.10.16 12:17:45.587,1.28697,1.28719,1.50,2.37
2012.10.16 12:17:46.513,1.28697,1.28719,1.50,2.07
2012.10.16 12:17:47.430,1.28699,1.28719,2.25,1.32
2012.10.16 12:17:47.489,1.287,1.28721,1.50,1.39
2012.10.16 12:17:49.289,1.287,1.28723,2.07,2.29
2012.10.16 12:17:49.840,1.287,1.28723,2.07,2.29
2012.10.16 12:17:50.398,1.287,1.28723,2.07,2.29
2012.10.16 12:17:52.129,1.287,1.28723,2.07,2.29
2012.10.16 12:17:52.372,1.28699,1.2872,1.32,1.73
2012.10.16 12:17:54.221,1.28698,1.28719,1.50,2.29
2012.10.16 12:17:56.497,1.28698,1.28719,1.50,2.07
2012.10.16 12:17:57.012,1.28701,1.28719,1.50,1.32
2012.10.16 12:17:57.325,1.28702,1.28723,1.50,2.29
2012.10.16 12:17:57.548,1.28701,1.28723,2.25,2.29
2012.10.16 12:17:58.869,1.28701,1.28723,1.50,1.73
2012.10.16 12:17:59.470,1.28701,1.28722,1.50,1.05
2012.10.16 12:17:59.940,1.28699,1.2872,1.32,2.48
2012.10.16 12:18:05.151,1.28699,1.2872,1.35,2.48
2012.10.16 12:18:05.279,1.287,1.28722,2.85,1.54
2012.10.16 12:18:05.399,1.287,1.28722,2.85,1.54
2012.10.16 12:18:05.839,1.287,1.28723,2.10,1.54
2012.10.16 12:18:06.039,1.28699,1.28721,1.50,2.29
2012.10.16 12:18:12.920,1.28698,1.28721,2.07,3.04
2012.10.16 12:18:13.169,1.28704,1.28725,2.07,2.48
2012.10.16 12:18:13.229,1.28704,1.28725,2.07,1.73
2012.10.16 12:18:20.563,1.28704,1.28725,2.07,1.73
2012.10.16 12:18:21.602,1.28704,1.28724,1.32,1.50
2012.10.16 12:18:22.670,1.28701,1.2872,1.88,1.50
2012.10.16 12:18:22.730,1.28699,1.28715,1.32,1.32
2012.10.16 12:18:22.790,1.28696,1.28714,3.23,1.50
2012.10.16 12:18:22.910,1.287,1.28714,3.00,1.73
2012.10.16 12:18:23.158,1.28704,1.28721,1.32,1.58
2012.10.16 12:18:23.279,1.28704,1.28724,1.32,2.63
2012.10.16 12:18:23.700,1.28704,1.28723,1.32,1.50
2012.10.16 12:18:23.819,1.287,1.2872,1.32,2.25
2012.10.16 12:18:24.460,1.28698,1.2872,2.25,2.48
2012.10.16 12:18:25.611,1.28698,1.28718,2.25,1.73
2012.10.16 12:18:25.679,1.28698,1.28717,2.25,2.33
2012.10.16 12:18:25.860,1.28695,1.28713,2.44,1.54
2012.10.16 12:18:25.920,1.28695,1.28713,1.69,1.54
2012.10.16 12:18:26.039,1.28695,1.28715,2.25,1.50
2012.10.16 12:18:26.760,1.28695,1.28717,2.44,1.80
2012.10.16 12:18:26.834,1.28694,1.28712,1.13,1.73
2012.10.16 12:18:27.171,1.28695,1.28713,1.13,1.32
2012.10.16 12:18:27.299,1.28695,1.28716,2.07,1.54
2012.10.16 12:18:27.800,1.28695,1.28718,2.07,2.48
2012.10.16 12:18:28.041,1.28695,1.28717,1.32,1.73
2012.10.16 12:18:32.102,1.28693,1.28714,1.13,1.54
2012.10.16 12:18:32.471,1.28692,1.28711,1.50,1.73
2012.10.16 12:18:32.600,1.28691,1.28711,1.32,1.73
2012.10.16 12:18:33.263,1.28687,1.28708,1.32,1.50
2012.10.16 12:18:33.450,1.28686,1.28708,1.50,1.50
2012.10.16 12:18:34.000,1.28686,1.28708,1.50,1.73
2012.10.16 12:18:41.351,1.28685,1.28706,1.13,1.73
2012.10.16 12:18:46.469,1.28686,1.28707,2.25,1.54
2012.10.16 12:18:46.650,1.28686,1.28707,2.25,3.04
2012.10.16 12:18:50.131,1.28687,1.28707,1.32,1.50
2012.10.16 12:18:51.349,1.28687,1.28708,1.32,2.25
2012.10.16 12:18:51.610,1.28686,1.28707,1.50,1.73
2012.10.16 12:18:52.022,1.28684,1.28705,1.32,1.50
2012.10.16 12:18:52.450,1.28686,1.28705,1.50,1.73
2012.10.16 12:18:52.760,1.28689,1.28707,1.50,2.29
2012.10.16 12:18:52.821,1.28689,1.28707,1.32,1.50
2012.10.16 12:18:53.191,1.28687,1.28707,1.32,2.48
2012.10.16 12:18:53.977,1.28685,1.28706,3.00,1.73
2012.10.16 12:18:54.600,1.28685,1.28706,2.07,1.73
2012.10.16 12:18:59.745,1.28685,1.28704,1.13,3.00
2012.10.16 12:19:00.690,1.28684,1.28705,1.13,3.23
2012.10.16 12:19:01.171,1.28682,1.28702,2.07,1.73
2012.10.16 12:19:01.600,1.28684,1.28703,1.13,2.48
2012.10.16 12:19:01.720,1.28683,1.28703,1.13,2.29
2012.10.16 12:19:02.140,1.28684,1.28703,1.13,3.04
2012.10.16 12:19:02.451,1.28675,1.28695,1.13,2.48
2012.10.16 12:19:02.569,1.28674,1.28695,1.13,2.48
2012.10.16 12:19:03.109,1.28674,1.28693,1.13,1.50
2012.10.16 12:19:04.350,1.28672,1.28693,1.32,1.50
2012.10.16 12:19:04.541,1.28671,1.28693,1.32,2.48
2012.10.16 12:19:04.849,1.28672,1.28692,2.07,1.50
2012.10.16 12:19:05.089,1.28675,1.28694,1.13,1.50
2012.10.16 12:19:05.573,1.28674,1.28695,1.13,2.29
2012.10.16 12:19:05.699,1.28675,1.28695,1.13,3.79
2012.10.16 12:19:13.411,1.28675,1.28694,1.32,1.50
2012.10.16 12:19:13.793,1.2867,1.28689,1.50,1.50
2012.10.16 12:19:15.379,1.28668,1.28689,2.25,2.07
2012.10.16 12:19:15.528,1.28664,1.28684,1.50,1.73
2012.10.16 12:19:22.224,1.28673,1.28686,1.69,1.73
2012.10.16 12:19:22.290,1.28674,1.28689,1.69,2.14
2012.10.16 12:19:22.410,1.28679,1.28695,1.32,1.58
2012.10.16 12:19:23.000,1.2868,1.28695,1.32,1.50
2012.10.16 12:19:23.080,1.2868,1.28698,1.32,1.50
2012.10.16 12:19:23.151,1.28681,1.28702,1.32,2.78
2012.10.16 12:19:23.221,1.28678,1.28698,1.13,1.50
2012.10.16 12:19:23.351,1.28676,1.28698,1.50,2.29
2012.10.16 12:19:23.880,1.28674,1.28697,2.44,2.48
2012.10.16 12:19:24.611,1.28674,1.28695,3.38,1.32
2012.10.16 12:19:24.919,1.2867,1.28692,1.50,1.73
2012.10.16 12:19:25.100,1.28668,1.28689,2.07,1.73
2012.10.16 12:19:25.780,1.28668,1.28687,1.32,1.50
2012.10.16 12:19:25.911,1.28664,1.28684,2.25,1.73
2012.10.16 12:19:27.501,1.28663,1.28684,1.50,1.73
2012.10.16 12:19:28.013,1.28664,1.28684,1.50,1.73
2012.10.16 12:19:31.426,1.28663,1.28685,1.50,1.54
2012.10.16 12:19:33.329,1.28664,1.28685,1.50,1.54
2012.10.16 12:19:33.680,1.28668,1.28688,1.32,1.73
2012.10.16 12:19:33.751,1.28668,1.28688,1.32,3.00
2012.10.16 12:19:34.571,1.28669,1.28688,1.32,1.50
2012.10.16 12:19:34.762,1.28669,1.28691,2.07,2.48
2012.10.16 12:19:34.830,1.28669,1.28691,2.07,2.25
2012.10.16 12:19:35.011,1.28669,1.28691,1.50,3.04
2012.10.16 12:19:35.569,1.28669,1.2869,1.50,1.73
2012.10.16 12:19:35.629,1.28668,1.2869,1.50,1.73
2012.10.16 12:19:35.751,1.28668,1.2869,1.50,1.73
2012.10.16 12:19:36.614,1.28669,1.28688,1.50,1.50
2012.10.16 12:19:36.679,1.28669,1.28689,2.25,2.48
2012.10.16 12:19:37.213,1.28669,1.28689,2.25,2.48
2012.10.16 12:19:37.411,1.28668,1.2869,1.50,1.54
2012.10.16 12:19:37.481,1.28669,1.28691,2.25,1.54
2012.10.16 12:19:37.731,1.28672,1.28692,1.32,1.50
2012.10.16 12:19:37.800,1.28672,1.28692,1.32,1.50
2012.10.16 12:19:38.160,1.28672,1.28691,1.32,1.50
2012.10.16 12:19:38.790,1.28671,1.28693,1.92,2.48
2012.10.16 12:19:39.221,1.28669,1.2869,2.07,1.50
2012.10.16 12:19:39.649,1.28671,1.2869,1.32,1.50
2012.10.16 12:19:40.031,1.28673,1.2869,1.13,3.04
2012.10.16 12:19:40.813,1.28673,1.28689,1.13,1.73
2012.10.16 12:19:40.889,1.28674,1.28693,1.13,3.00
2012.10.16 12:19:41.409,1.28673,1.28693,3.00,1.50
2012.10.16 12:19:41.789,1.28673,1.28689,1.50,1.13
2012.10.16 12:19:42.100,1.28668,1.28686,2.44,1.50
2012.10.16 12:19:42.344,1.28671,1.2869,1.32,1.73
2012.10.16 12:19:42.830,1.28675,1.28694,1.32,1.50
2012.10.16 12:19:43.190,1.28681,1.28697,1.32,1.50
2012.10.16 12:19:43.372,1.28678,1.28697,1.50,1.50
2012.10.16 12:19:43.440,1.28678,1.28693,1.50,1.50
2012.10.16 12:19:43.690,1.28671,1.28693,2.25,3.04
2012.10.16 12:19:44.212,1.28671,1.28693,1.88,2.07
2012.10.16 12:19:49.019,1.28671,1.28692,1.50,1.73
2012.10.16 12:19:49.380,1.28665,1.28684,1.50,1.50
2012.10.16 12:19:49.569,1.28664,1.28683,1.50,1.50
2012.10.16 12:19:49.749,1.2866,1.28679,1.13,1.32
2012.10.16 12:19:50.251,1.28658,1.28679,1.13,1.32
2012.10.16 12:19:51.929,1.28658,1.2868,3.57,1.50
2012.10.16 12:19:53.459,1.28663,1.28682,1.50,3.04
2012.10.16 12:19:54.780,1.28663,1.28682,1.50,3.04
2012.10.16 12:19:55.089,1.28663,1.28682,1.50,3.79
2012.10.16 12:19:55.450,1.2866,1.2868,1.13,1.73
2012.10.16 12:19:56.001,1.2866,1.2868,1.13,1.73
2012.10.16 12:19:57.919,1.28657,1.28679,2.25,1.32
2012.10.16 12:19:58.220,1.28655,1.2867,1.50,1.54
2012.10.16 12:19:58.281,1.28649,1.2867,1.50,2.29
2012.10.16 12:19:58.479,1.28647,1.2867,3.38,2.29
2012.10.16 12:19:59.770,1.28648,1.28669,1.50,1.54
2012.10.16 12:20:00.720,1.28653,1.28669,1.50,1.54
2012.10.16 12:20:00.874,1.28655,1.28675,2.07,1.62
2012.10.16 12:20:01.215,1.28657,1.28678,1.13,3.30
2012.10.16 12:20:01.460,1.28658,1.28679,1.50,3.12
2012.10.16 12:20:01.780,1.28663,1.28684,1.50,2.18
2012.10.16 12:20:01.901,1.28662,1.28683,2.07,2.18
2012.10.16 12:20:01.973,1.28663,1.28683,1.50,1.50
2012.10.16 12:20:02.601,1.28663,1.28683,3.00,3.23
2012.10.16 12:20:02.910,1.28664,1.28683,1.50,3.98
2012.10.16 12:20:03.162,1.28667,1.28685,1.50,1.43
2012.10.16 12:20:03.712,1.28667,1.28685,1.50,1.43
2012.10.16 12:20:03.842,1.28669,1.28686,1.50,1.02
2012.10.16 12:20:03.912,1.28672,1.28691,1.32,3.30
2012.10.16 12:20:04.412,1.28675,1.28697,1.88,2.18
2012.10.16 12:20:04.961,1.28675,1.28693,1.13,1.32
2012.10.16 12:20:05.091,1.28676,1.28692,1.13,1.35
2012.10.16 12:20:05.420,1.28676,1.28697,1.88,1.54
2012.10.16 12:20:05.973,1.28676,1.28694,1.88,1.73
2012.10.16 12:20:06.221,1.28674,1.28694,3.38,2.48
2012.10.16 12:20:06.470,1.2868,1.28697,1.50,2.04
2012.10.16 12:20:06.590,1.28681,1.28695,1.32,1.50
2012.10.16 12:20:06.715,1.28678,1.28697,1.32,1.05
2012.10.16 12:20:06.856,1.28682,1.28702,1.50,1.54
2012.10.16 12:20:06.927,1.28682,1.28702,2.25,1.32
2012.10.16 12:20:07.066,1.28682,1.28702,2.25,1.32
2012.10.16 12:20:07.673,1.28683,1.28703,1.50,2.82
2012.10.16 12:20:08.316,1.28684,1.28703,1.88,1.28
2012.10.16 12:20:08.640,1.28684,1.28703,1.32,3.53
2012.10.16 12:20:08.823,1.28675,1.28697,4.99,2.48
2012.10.16 12:20:08.890,1.28675,1.28692,4.06,1.32
2012.10.16 12:20:09.267,1.28681,1.28694,1.32,1.73
2012.10.16 12:20:09.338,1.28681,1.28696,1.32,1.50
2012.10.16 12:20:09.404,1.28681,1.28696,1.32,2.25
2012.10.16 12:20:09.710,1.2868,1.28698,1.32,1.88
2012.10.16 12:20:09.954,1.2868,1.28698,1.32,1.50
2012.10.16 12:20:10.201,1.2868,1.28698,1.32,1.13
2012.10.16 12:20:10.650,1.28679,1.287,1.50,1.50
2012.10.16 12:20:10.830,1.28686,1.28704,1.32,2.03
2012.10.16 12:20:10.892,1.28686,1.28703,1.32,1.28
2012.10.16 12:20:11.211,1.2868,1.28701,1.50,2.25
2012.10.16 12:20:12.741,1.2868,1.28703,1.50,3.34
2012.10.16 12:20:12.809,1.2868,1.28703,2.25,2.59
2012.10.16 12:20:12.870,1.28683,1.28703,1.50,2.59
2012.10.16 12:20:12.974,1.2868,1.28703,2.25,2.59
2012.10.16 12:20:13.100,1.28679,1.287,2.10,1.50
2012.10.16 12:20:13.400,1.28683,1.28699,1.13,1.50
2012.10.16 12:20:13.722,1.28688,1.28701,1.50,1.50
2012.10.16 12:20:13.850,1.28689,1.28706,2.07,2.10
2012.10.16 12:20:14.431,1.28689,1.28706,1.32,1.28
2012.10.16 12:20:14.919,1.28689,1.28708,1.32,1.50
2012.10.16 12:20:15.743,1.28686,1.28706,1.32,2.25
2012.10.16 12:20:15.944,1.28684,1.28706,1.32,2.48
2012.10.16 12:20:16.011,1.28684,1.28703,1.32,1.50
2012.10.16 12:20:16.342,1.28684,1.28703,2.07,1.50
2012.10.16 12:20:16.530,1.28685,1.28707,1.88,2.07
2012.10.16 12:20:16.780,1.28687,1.28708,1.50,2.14
2012.10.16 12:20:17.110,1.2869,1.28711,1.50,2.37
2012.10.16 12:20:17.588,1.28691,1.28711,1.50,2.29
2012.10.16 12:20:17.803,1.28691,1.28711,1.50,2.07
2012.10.16 12:20:18.171,1.28689,1.2871,2.25,1.50
2012.10.16 12:20:18.302,1.28688,1.2871,1.50,1.50
2012.10.16 12:20:18.799,1.28686,1.28707,3.19,1.32
2012.10.16 12:20:18.919,1.28686,1.28707,1.88,1.54
2012.10.16 12:20:19.450,1.28687,1.28707,1.50,1.54
2012.10.16 12:20:19.771,1.28693,1.28709,2.25,1.73
2012.10.16 12:20:19.840,1.28693,1.28709,1.50,1.50
2012.10.16 12:20:20.083,1.28694,1.28709,1.50,1.50
2012.10.16 12:20:20.270,1.28696,1.28714,1.50,1.50
2012.10.16 12:20:20.330,1.28696,1.28718,1.50,3.23
2012.10.16 12:20:20.450,1.28694,1.28716,2.25,1.73
2012.10.16 12:20:20.714,1.28693,1.28716,4.13,1.73
2012.10.16 12:20:21.592,1.28693,1.28713,1.50,1.73
2012.10.16 12:20:22.821,1.28692,1.28711,2.07,1.50
2012.10.16 12:20:23.130,1.28685,1.28705,1.13,1.32
2012.10.16 12:20:25.580,1.28685,1.28705,1.13,3.75
2012.10.16 12:20:26.091,1.28683,1.28703,1.50,1.54
2012.10.16 12:20:26.644,1.28685,1.28704,1.13,2.10
2012.10.16 12:20:26.712,1.28684,1.28703,1.13,1.54
2012.10.16 12:20:26.853,1.28682,1.28696,1.50,1.54
2012.10.16 12:20:27.173,1.28676,1.28696,3.00,1.54
2012.10.16 12:20:27.306,1.28676,1.28695,2.63,1.54
2012.10.16 12:20:27.871,1.28676,1.28693,3.38,1.54
2012.10.16 12:20:28.130,1.28682,1.28703,1.50,2.93
2012.10.16 12:20:28.311,1.2868,1.28701,2.25,1.32
2012.10.16 12:20:28.379,1.2868,1.28701,1.50,1.32
2012.10.16 12:20:28.611,1.2868,1.28697,1.50,3.00
2012.10.16 12:20:28.990,1.28678,1.28697,2.25,3.79
2012.10.16 12:20:29.499,1.28676,1.28697,2.25,4.54
2012.10.16 12:20:29.740,1.28678,1.28697,1.50,4.32
2012.10.16 12:20:30.052,1.28679,1.28697,1.50,3.57
2012.10.16 12:20:30.720,1.28679,1.28697,1.50,1.13
2012.10.16 12:20:31.486,1.28676,1.28697,1.50,1.32
2012.10.16 12:20:31.681,1.28673,1.28696,2.25,1.50
2012.10.16 12:20:32.020,1.28673,1.28694,1.50,1.50
2012.10.16 12:20:32.081,1.28672,1.28694,2.82,1.50
2012.10.16 12:20:32.211,1.28672,1.28691,2.25,3.00
2012.10.16 12:20:32.402,1.28669,1.28688,2.25,1.32
2012.10.16 12:20:32.545,1.28672,1.2869,1.50,1.13
2012.10.16 12:20:33.975,1.28672,1.28692,1.50,2.07
2012.10.16 12:20:34.182,1.28673,1.28692,1.50,1.32
2012.10.16 12:20:34.612,1.28678,1.28699,2.07,3.79
2012.10.16 12:20:34.742,1.28676,1.28696,3.38,1.13
2012.10.16 12:20:35.071,1.28686,1.28696,1.13,1.13
2012.10.16 12:20:35.831,1.28681,1.287,1.50,3.00
2012.10.16 12:20:36.371,1.28682,1.28701,1.50,1.32
2012.10.16 12:20:36.780,1.28686,1.28705,1.13,3.57
2012.10.16 12:20:36.840,1.28686,1.28706,1.13,1.32
2012.10.16 12:20:37.342,1.28685,1.28707,1.88,2.07
2012.10.16 12:20:38.460,1.28688,1.28707,1.50,1.32
2012.10.16 12:20:39.258,1.28689,1.28709,1.50,1.32
2012.10.16 12:20:39.441,1.28689,1.28709,1.50,1.32
2012.10.16 12:20:39.572,1.2869,1.28709,1.13,1.32
2012.10.16 12:20:39.641,1.28691,1.2871,1.50,1.32
2012.10.16 12:20:39.890,1.28691,1.28708,1.50,3.00
2012.10.16 12:20:40.191,1.28688,1.28706,1.50,1.32
2012.10.16 12:20:42.220,1.28688,1.28709,1.50,1.54
2012.10.16 12:20:43.950,1.28691,1.28711,1.50,1.32
2012.10.16 12:20:44.130,1.28688,1.2871,2.25,1.32
2012.10.16 12:20:44.190,1.28691,1.28711,1.50,1.32
2012.10.16 12:20:44.373,1.28688,1.28709,2.25,1.32
2012.10.16 12:20:45.383,1.28691,1.28711,1.50,1.32
2012.10.16 12:20:45.579,1.28688,1.2871,1.50,1.32
2012.10.16 12:20:45.787,1.28688,1.28707,1.50,3.00
2012.10.16 12:20:46.091,1.28685,1.28702,1.50,2.07
2012.10.16 12:20:46.560,1.28681,1.28702,1.50,1.32
2012.10.16 12:20:46.680,1.28684,1.28703,1.17,1.50
2012.10.16 12:20:47.099,1.28685,1.28704,1.35,1.50
2012.10.16 12:20:47.924,1.28683,1.28703,1.35,2.82
2012.10.16 12:20:47.996,1.28682,1.28703,3.60,2.82
2012.10.16 12:20:48.240,1.2868,1.287,2.07,1.50
2012.10.16 12:20:48.587,1.2868,1.287,1.32,1.50
2012.10.16 12:20:49.574,1.28678,1.28699,1.50,1.32
2012.10.16 12:20:50.639,1.28676,1.28698,2.25,1.50
2012.10.16 12:20:50.700,1.28675,1.28694,2.07,1.50
2012.10.16 12:20:50.957,1.28674,1.28694,1.50,2.07
2012.10.16 12:20:51.661,1.28674,1.28695,1.50,1.32
2012.10.16 12:20:51.735,1.28674,1.2869,1.50,1.32
2012.10.16 12:20:51.921,1.2867,1.2869,1.50,1.32
2012.10.16 12:20:52.441,1.28668,1.28688,1.50,1.32
2012.10.16 12:20:52.569,1.28667,1.28687,2.82,1.50
2012.10.16 12:20:52.630,1.28667,1.28688,2.82,1.32
2012.10.16 12:20:52.931,1.28666,1.28684,1.50,1.32
2012.10.16 12:20:53.122,1.28665,1.28684,2.25,1.32
2012.10.16 12:20:53.370,1.28663,1.28683,1.50,1.50
2012.10.16 12:20:54.195,1.28664,1.28684,1.50,1.32
2012.10.16 12:20:54.338,1.28664,1.28684,1.50,1.32
2012.10.16 12:20:55.111,1.28665,1.28684,1.13,1.32
2012.10.16 12:20:55.619,1.28667,1.28684,1.13,1.32
2012.10.16 12:20:55.920,1.2867,1.2869,1.50,1.39
2012.10.16 12:20:56.233,1.28665,1.28684,2.67,1.32
2012.10.16 12:20:56.541,1.28665,1.28682,1.13,1.32
2012.10.16 12:20:57.810,1.28665,1.28681,1.50,1.32
2012.10.16 12:20:58.423,1.28665,1.28681,1.13,1.32
2012.10.16 12:20:58.730,1.28669,1.28681,2.25,1.32
2012.10.16 12:20:59.034,1.28674,1.28685,1.50,3.00
2012.10.16 12:20:59.101,1.28671,1.28687,1.50,1.32
2012.10.16 12:20:59.174,1.28667,1.28687,1.50,1.92
2012.10.16 12:20:59.244,1.28667,1.28687,1.50,2.34
2012.10.16 12:20:59.443,1.28664,1.28677,1.50,2.07
2012.10.16 12:20:59.763,1.2866,1.28676,1.32,1.32
2012.10.16 12:20:59.893,1.28656,1.28675,1.88,1.73
2012.10.16 12:21:00.452,1.28654,1.28675,1.88,1.50
2012.10.16 12:21:00.976,1.28655,1.28674,1.13,1.32
2012.10.16 12:21:01.700,1.28654,1.28674,1.88,1.13
2012.10.16 12:21:02.591,1.28655,1.28674,2.63,1.13
2012.10.16 12:21:02.982,1.28655,1.28675,2.63,1.32
2012.10.16 12:21:03.852,1.28655,1.28675,1.88,1.32
2012.10.16 12:21:04.242,1.28654,1.28675,1.13,2.07
2012.10.16 12:21:05.170,1.28654,1.28673,1.50,1.32
2012.10.16 12:21:05.849,1.28654,1.28673,1.50,1.32
2012.10.16 12:21:06.432,1.28654,1.28673,1.50,1.32
2012.10.16 12:21:06.740,1.28654,1.28672,1.50,1.32
2012.10.16 12:21:07.480,1.28653,1.28671,1.50,1.32
2012.10.16 12:21:07.801,1.28655,1.28675,1.88,1.05
2012.10.16 12:21:07.870,1.28655,1.28672,1.13,1.32
2012.10.16 12:21:08.901,1.28655,1.28671,1.50,1.32
2012.10.16 12:21:09.309,1.28653,1.28671,1.50,1.32
2012.10.16 12:21:09.452,1.2865,1.2867,2.25,3.64
2012.10.16 12:21:09.520,1.2865,1.28671,1.50,2.07
2012.10.16 12:21:09.980,1.2865,1.28664,1.50,1.32
2012.10.16 12:21:10.220,1.2865,1.28668,1.50,1.32
2012.10.16 12:21:10.279,1.2865,1.2867,1.50,1.13
2012.10.16 12:21:10.339,1.2865,1.28671,1.50,2.07
2012.10.16 12:21:12.699,1.28652,1.28673,1.50,1.32
2012.10.16 12:21:14.670,1.28649,1.2867,1.50,1.32
2012.10.16 12:21:14.971,1.28654,1.28673,1.50,1.05
2012.10.16 12:21:15.152,1.28655,1.28676,1.50,2.14
2012.10.16 12:21:15.479,1.28653,1.28675,2.29,1.50
2012.10.16 12:21:15.621,1.28652,1.28673,1.54,1.50
2012.10.16 12:21:16.770,1.2865,1.28672,1.50,1.32
2012.10.16 12:21:18.481,1.28655,1.28673,1.50,1.32
2012.10.16 12:21:18.549,1.28655,1.28675,1.50,3.79
2012.10.16 12:21:18.670,1.28655,1.28675,2.25,1.50
2012.10.16 12:21:18.850,1.28653,1.28671,1.50,1.32
2012.10.16 12:21:19.249,1.28656,1.28675,1.50,1.73
2012.10.16 12:21:19.431,1.28656,1.28672,1.50,1.32
2012.10.16 12:21:19.753,1.28665,1.28675,1.13,1.73
2012.10.16 12:21:20.081,1.28667,1.2868,1.50,2.25
2012.10.16 12:21:20.212,1.28664,1.28678,2.29,1.50
2012.10.16 12:21:20.764,1.28661,1.28679,1.50,2.82
2012.10.16 12:21:20.890,1.28661,1.28677,1.50,1.32
2012.10.16 12:21:21.251,1.28652,1.28669,1.13,1.32
2012.10.16 12:21:21.791,1.28652,1.28669,1.50,1.32
2012.10.16 12:21:22.090,1.28653,1.28669,1.88,1.32
2012.10.16 12:21:22.870,1.28657,1.28671,1.50,1.35
2012.10.16 12:21:23.140,1.28663,1.28675,1.50,1.50
2012.10.16 12:21:23.202,1.28662,1.28674,1.50,1.35
2012.10.16 12:21:23.273,1.28653,1.2867,1.92,1.50
2012.10.16 12:21:23.402,1.28651,1.28668,1.50,1.50
2012.10.16 12:21:23.590,1.28648,1.28663,3.16,1.32
2012.10.16 12:21:23.771,1.28643,1.28661,1.73,1.32
2012.10.16 12:21:24.750,1.28644,1.28662,1.73,3.75
2012.10.16 12:21:25.039,1.28644,1.28662,1.50,3.00
2012.10.16 12:21:25.099,1.28646,1.28665,1.50,1.50
2012.10.16 12:21:27.840,1.28646,1.28665,1.50,1.32
2012.10.16 12:21:27.960,1.28644,1.28663,1.50,1.35
2012.10.16 12:21:28.022,1.28641,1.2866,1.73,1.32
2012.10.16 12:21:28.340,1.28647,1.2866,1.35,1.32
2012.10.16 12:21:28.461,1.28647,1.28663,2.85,1.39
2012.10.16 12:21:28.590,1.28653,1.28667,1.88,1.58
2012.10.16 12:21:28.830,1.28653,1.28669,1.88,1.32
2012.10.16 12:21:28.892,1.28653,1.28672,1.88,2.33
2012.10.16 12:21:30.990,1.28651,1.28669,3.00,1.32
2012.10.16 12:21:31.550,1.28651,1.28668,1.50,1.32
2012.10.16 12:21:32.320,1.28649,1.28668,1.50,1.32
2012.10.16 12:21:32.440,1.28647,1.28667,1.50,1.73
2012.10.16 12:21:32.560,1.28645,1.28661,1.50,1.32
2012.10.16 12:21:32.680,1.28642,1.28661,1.73,1.92
2012.10.16 12:21:32.993,1.28633,1.28653,2.25,1.32
2012.10.16 12:21:33.260,1.28633,1.28653,1.32,1.32
2012.10.16 12:21:33.560,1.28633,1.28653,1.50,1.32
2012.10.16 12:21:34.330,1.28636,1.28653,1.50,1.32
2012.10.16 12:21:34.883,1.28637,1.28656,1.50,3.57
2012.10.16 12:21:35.190,1.28641,1.28656,1.50,3.57
2012.10.16 12:21:35.664,1.28636,1.28655,2.25,1.13
2012.10.16 12:21:35.733,1.28636,1.28655,1.50,1.13
2012.10.16 12:21:35.937,1.28635,1.28649,1.50,1.32
2012.10.16 12:21:36.061,1.2863,1.28649,1.50,2.85
2012.10.16 12:21:36.191,1.28628,1.28647,2.25,1.32
2012.10.16 12:21:38.284,1.28627,1.28647,2.25,1.32
2012.10.16 12:21:38.470,1.28629,1.28647,1.50,3.75
2012.10.16 12:21:39.020,1.28627,1.28644,1.50,1.32
2012.10.16 12:21:39.530,1.28625,1.28644,1.50,1.32
2012.10.16 12:21:40.115,1.28624,1.28644,2.25,1.32
2012.10.16 12:21:40.730,1.28621,1.2864,1.50,1.73
2012.10.16 12:21:41.052,1.28623,1.28642,1.50,1.32
2012.10.16 12:21:45.814,1.28623,1.28643,1.50,2.82
2012.10.16 12:21:45.880,1.28624,1.28643,1.50,2.07
2012.10.16 12:21:46.193,1.28633,1.28649,1.50,1.58
2012.10.16 12:21:46.666,1.28636,1.28651,2.25,1.50
2012.10.16 12:21:46.747,1.28636,1.28654,1.50,2.07
2012.10.16 12:21:47.260,1.28634,1.28654,1.50,1.32
2012.10.16 12:21:47.680,1.28634,1.2865,1.50,3.75
2012.10.16 12:21:47.982,1.28639,1.28648,1.50,1.13
2012.10.16 12:21:48.111,1.28642,1.2866,1.50,1.54
2012.10.16 12:21:48.183,1.28645,1.28661,1.50,1.32
2012.10.16 12:21:48.310,1.28646,1.28663,1.13,1.58
2012.10.16 12:21:48.370,1.28648,1.28666,1.50,1.58
2012.10.16 12:21:48.489,1.28648,1.28667,2.48,1.95
2012.10.16 12:21:48.550,1.28646,1.28662,1.50,1.32
2012.10.16 12:21:48.730,1.28642,1.28662,1.50,2.07
2012.10.16 12:21:48.911,1.28642,1.2866,1.50,3.75
2012.10.16 12:21:49.041,1.28639,1.2866,1.50,4.50
2012.10.16 12:21:49.360,1.28635,1.28655,2.25,1.32
2012.10.16 12:21:50.673,1.28637,1.28655,2.25,1.32
2012.10.16 12:21:50.801,1.28636,1.28655,2.10,1.32
2012.10.16 12:21:50.862,1.28636,1.28658,2.10,1.32
2012.10.16 12:21:51.193,1.28637,1.28656,1.50,1.32
2012.10.16 12:21:51.499,1.28636,1.28659,2.25,2.82
2012.10.16 12:21:52.155,1.28637,1.28658,1.50,1.32
2012.10.16 12:21:52.650,1.28637,1.28657,1.50,3.75
2012.10.16 12:21:52.830,1.28636,1.28655,1.13,1.32
2012.10.16 12:21:53.199,1.28636,1.28657,1.13,4.73
2012.10.16 12:21:54.103,1.28636,1.28657,1.88,1.32
2012.10.16 12:21:54.460,1.28636,1.28655,1.88,3.00
2012.10.16 12:21:54.582,1.28635,1.28655,1.13,4.54
2012.10.16 12:21:55.021,1.28636,1.28655,1.88,3.98
2012.10.16 12:21:55.090,1.28638,1.28658,1.50,2.07
2012.10.16 12:21:55.212,1.28636,1.28658,2.63,2.82
2012.10.16 12:21:55.280,1.28638,1.28658,1.50,1.32
2012.10.16 12:21:55.581,1.28646,1.2866,1.50,1.32
2012.10.16 12:21:55.641,1.28646,1.28663,1.88,1.58
2012.10.16 12:21:56.174,1.28645,1.28663,1.13,1.50
2012.10.16 12:21:56.305,1.28641,1.2866,2.25,1.32
2012.10.16 12:21:56.930,1.28643,1.2866,1.13,1.32
2012.10.16 12:21:57.461,1.28642,1.2866,2.25,1.32
2012.10.16 12:21:57.962,1.28644,1.2866,1.13,1.32
2012.10.16 12:21:58.520,1.28644,1.2866,1.13,1.32
2012.10.16 12:21:58.900,1.28641,1.2866,1.50,1.32
2012.10.16 12:21:59.201,1.28638,1.2866,2.25,3.04
2012.10.16 12:21:59.713,1.28638,1.28659,1.50,1.73
2012.10.16 12:22:01.532,1.2864,1.28657,1.50,1.32
2012.10.16 12:22:02.053,1.28646,1.28659,1.13,1.13
2012.10.16 12:22:02.252,1.28646,1.2866,1.13,1.32
2012.10.16 12:22:02.784,1.28647,1.28663,1.13,1.32
2012.10.16 12:22:03.830,1.28647,1.28663,1.13,1.32
2012.10.16 12:22:04.333,1.28643,1.28661,2.25,1.73
2012.10.16 12:22:04.640,1.2864,1.2866,2.07,1.73
2012.10.16 12:22:04.701,1.2864,1.2866,1.32,2.48
2012.10.16 12:22:06.604,1.2864,1.2866,2.25,1.54
2012.10.16 12:22:06.674,1.2864,1.2866,1.50,2.29
2012.10.16 12:22:07.083,1.2864,1.2866,1.50,2.07
2012.10.16 12:22:07.164,1.2864,1.28659,1.50,1.32
2012.10.16 12:22:07.855,1.28643,1.2866,1.50,1.32
2012.10.16 12:22:08.401,1.28643,1.28663,1.50,1.50
2012.10.16 12:22:09.301,1.28645,1.28661,1.50,2.07
2012.10.16 12:22:09.870,1.28645,1.28663,1.50,1.32
2012.10.16 12:22:10.231,1.28647,1.28666,1.32,1.73
2012.10.16 12:22:10.292,1.28648,1.28663,1.50,1.32
2012.10.16 12:22:10.362,1.28647,1.28668,2.07,2.18
2012.10.16 12:22:10.430,1.28647,1.28667,1.32,1.35
2012.10.16 12:22:10.490,1.28646,1.28666,1.32,2.25
2012.10.16 12:22:10.800,1.28644,1.28662,1.13,1.35
2012.10.16 12:22:11.352,1.28644,1.28663,1.88,1.54
2012.10.16 12:22:11.669,1.28643,1.28663,2.63,1.32
2012.10.16 12:22:11.730,1.28643,1.28663,1.88,1.32
2012.10.16 12:22:11.851,1.28646,1.28663,1.50,1.32
2012.10.16 12:22:12.360,1.28646,1.28665,1.50,1.32
2012.10.16 12:22:12.991,1.28646,1.28665,1.50,1.32
2012.10.16 12:22:14.103,1.28652,1.28667,1.13,1.13
2012.10.16 12:22:14.173,1.28648,1.28665,1.50,1.32
2012.10.16 12:22:14.304,1.28651,1.28662,1.50,1.32
2012.10.16 12:22:14.446,1.28645,1.28663,1.50,3.23
2012.10.16 12:22:14.570,1.28644,1.28665,2.25,1.39
2012.10.16 12:22:15.080,1.28646,1.28666,1.50,1.95
2012.10.16 12:22:15.140,1.28647,1.28666,1.50,1.20
2012.10.16 12:22:15.381,1.28652,1.2867,1.50,1.50
2012.10.16 12:22:15.941,1.28653,1.2867,2.25,1.50
2012.10.16 12:22:16.059,1.28653,1.2867,2.25,1.50
2012.10.16 12:22:16.618,1.28648,1.28669,3.00,1.50
2012.10.16 12:22:17.504,1.28648,1.28669,2.25,1.32
2012.10.16 12:22:18.370,1.28648,1.28668,3.00,1.32
2012.10.16 12:22:18.681,1.28652,1.28668,1.50,1.32
2012.10.16 12:22:18.905,1.28652,1.28668,1.50,1.32
2012.10.16 12:22:19.442,1.28652,1.28669,1.50,1.50
2012.10.16 12:22:19.831,1.28652,1.28669,1.50,1.32
2012.10.16 12:22:20.046,1.28647,1.28667,3.33,1.32
2012.10.16 12:22:21.430,1.28647,1.28669,1.88,1.32
2012.10.16 12:22:21.979,1.28647,1.28669,1.50,2.07
2012.10.16 12:22:22.409,1.28646,1.28667,2.07,1.73
2012.10.16 12:22:22.592,1.28645,1.28661,1.50,1.32
2012.10.16 12:22:22.660,1.28641,1.28661,3.00,1.32
2012.10.16 12:22:22.782,1.28641,1.28659,1.50,1.50
2012.10.16 12:22:23.090,1.28638,1.28658,2.82,1.32
2012.10.16 12:22:23.330,1.28637,1.28656,1.13,1.32
2012.10.16 12:22:26.329,1.28636,1.28656,1.13,2.07
2012.10.16 12:22:26.839,1.28637,1.28656,1.50,2.07
2012.10.16 12:22:27.520,1.28636,1.28656,1.88,2.07
2012.10.16 12:22:27.581,1.28636,1.28652,1.13,1.50
2012.10.16 12:22:27.851,1.28631,1.2865,1.50,1.32
2012.10.16 12:22:28.616,1.28628,1.2865,2.25,2.07
2012.10.16 12:22:29.459,1.28628,1.28649,2.25,1.50
2012.10.16 12:22:30.283,1.28628,1.28649,2.25,1.50
2012.10.16 12:22:30.429,1.28628,1.28649,3.00,1.50
2012.10.16 12:22:30.789,1.2863,1.2865,1.50,1.32
2012.10.16 12:22:31.751,1.2863,1.28649,1.50,1.32
2012.10.16 12:22:32.929,1.2863,1.28646,1.50,1.58
2012.10.16 12:22:35.442,1.2863,1.28647,1.50,1.50
2012.10.16 12:22:36.239,1.2863,1.28649,1.50,1.50
2012.10.16 12:22:36.500,1.28631,1.28651,1.50,1.54
2012.10.16 12:22:36.801,1.28631,1.28651,1.50,1.32
2012.10.16 12:22:37.110,1.28631,1.28651,1.50,1.32
2012.10.16 12:22:37.230,1.28631,1.28651,1.73,1.32
2012.10.16 12:22:37.350,1.28631,1.28651,1.73,1.32
2012.10.16 12:22:37.941,1.28631,1.28652,2.29,2.10
2012.10.16 12:22:38.280,1.28638,1.28652,1.50,2.10
2012.10.16 12:22:38.471,1.28636,1.28652,1.50,2.10
2012.10.16 12:22:38.542,1.28642,1.28652,1.50,2.10
2012.10.16 12:22:38.672,1.28643,1.28663,1.32,1.58
2012.10.16 12:22:39.231,1.28646,1.28663,1.54,1.50
2012.10.16 12:22:39.789,1.28645,1.28663,1.54,1.50
2012.10.16 12:22:40.701,1.28644,1.28663,1.47,1.50
2012.10.16 12:22:41.624,1.28645,1.28665,2.97,1.50
2012.10.16 12:22:41.751,1.28645,1.2866,2.29,1.50
2012.10.16 12:22:42.072,1.28645,1.28659,1.50,1.50
2012.10.16 12:22:42.143,1.28642,1.28659,1.50,1.50
2012.10.16 12:22:42.270,1.28639,1.28659,1.50,1.50
2012.10.16 12:22:42.790,1.28637,1.28658,3.00,1.50
2012.10.16 12:22:43.033,1.2864,1.28658,1.50,1.50
2012.10.16 12:22:45.573,1.28643,1.28662,1.50,3.00
2012.10.16 12:22:45.840,1.28641,1.28662,2.25,2.25
2012.10.16 12:22:46.141,1.2864,1.28659,1.50,1.50
2012.10.16 12:22:46.269,1.28639,1.28661,1.13,1.50
2012.10.16 12:22:47.111,1.2864,1.28658,1.50,1.50
2012.10.16 12:22:47.770,1.2864,1.28658,1.50,1.50
2012.10.16 12:22:49.120,1.28642,1.28658,1.50,1.50
2012.10.16 12:22:49.300,1.28644,1.28663,1.50,1.05
2012.10.16 12:22:49.481,1.2864,1.2866,1.73,2.07
2012.10.16 12:22:49.539,1.2864,1.28659,1.73,1.50
2012.10.16 12:22:49.881,1.28643,1.28659,2.25,1.50
2012.10.16 12:22:49.951,1.28648,1.28659,1.50,1.50
2012.10.16 12:22:50.020,1.28646,1.28664,1.50,2.07
2012.10.16 12:22:50.899,1.28645,1.28664,1.50,1.50
2012.10.16 12:22:50.962,1.28647,1.28664,1.50,1.50
2012.10.16 12:22:51.030,1.28645,1.28664,1.50,1.50
2012.10.16 12:22:51.090,1.28647,1.28664,1.50,1.50
2012.10.16 12:22:53.181,1.28649,1.28664,1.13,1.50
2012.10.16 12:22:53.730,1.28649,1.28664,1.13,1.50
2012.10.16 12:22:54.280,1.28649,1.28662,1.50,1.50
2012.10.16 12:22:55.106,1.28649,1.28667,1.50,2.07
2012.10.16 12:22:55.192,1.2865,1.28667,1.13,2.07
2012.10.16 12:22:55.519,1.28648,1.28667,1.50,2.07
2012.10.16 12:22:55.639,1.28649,1.28667,1.50,2.07
2012.10.16 12:22:55.940,1.28655,1.28666,1.13,1.50
2012.10.16 12:22:56.120,1.28652,1.28666,1.50,1.50
2012.10.16 12:22:56.250,1.28651,1.28666,1.50,1.50
2012.10.16 12:22:56.370,1.28649,1.28666,1.50,1.50
2012.10.16 12:22:56.430,1.28647,1.28664,1.50,1.32
2012.10.16 12:22:56.562,1.28645,1.2866,1.50,2.07
2012.10.16 12:22:56.690,1.28644,1.2866,1.50,2.07
2012.10.16 12:22:56.870,1.28641,1.2866,2.25,2.07
2012.10.16 12:22:57.295,1.28643,1.2866,1.50,2.07
2012.10.16 12:22:57.602,1.28646,1.2866,1.50,1.50
2012.10.16 12:22:58.120,1.28646,1.28665,3.19,1.50
2012.10.16 12:22:58.193,1.28648,1.28668,1.50,1.50
2012.10.16 12:22:58.640,1.28649,1.28669,1.50,1.50
2012.10.16 12:22:58.991,1.28652,1.2867,1.50,1.50
2012.10.16 12:22:59.311,1.28652,1.2867,1.50,1.50
2012.10.16 12:23:00.600,1.28652,1.28669,1.50,1.32
2012.10.16 12:23:00.842,1.28652,1.28669,1.50,1.32
2012.10.16 12:23:00.970,1.28655,1.28676,1.32,1.80
2012.10.16 12:23:02.081,1.28656,1.28675,2.63,1.32
2012.10.16 12:23:02.220,1.28657,1.28675,1.50,1.32
2012.10.16 12:23:02.968,1.2866,1.28675,1.50,1.32
2012.10.16 12:23:04.709,1.28657,1.28677,1.13,1.32
2012.10.16 12:23:05.476,1.28659,1.28678,2.25,2.07
2012.10.16 12:23:05.546,1.2866,1.28678,1.50,1.32
2012.10.16 12:23:06.222,1.2866,1.28678,2.25,1.32
2012.10.16 12:23:07.063,1.2866,1.28678,2.25,2.10
2012.10.16 12:23:11.783,1.2866,1.2868,2.48,1.32
2012.10.16 12:23:12.275,1.2866,1.2868,2.25,1.32
2012.10.16 12:23:13.070,1.2866,1.28678,2.25,1.50
2012.10.16 12:23:13.311,1.28657,1.28672,1.88,1.32
2012.10.16 12:23:13.582,1.28655,1.28672,1.50,1.32
2012.10.16 12:23:14.101,1.28655,1.28671,1.50,1.50
2012.10.16 12:23:14.959,1.28652,1.2867,1.50,1.32
2012.10.16 12:23:15.309,1.28656,1.2867,1.13,1.32
2012.10.16 12:23:15.610,1.28656,1.2867,1.13,1.32
2012.10.16 12:23:15.729,1.28654,1.2867,1.50,1.32
2012.10.16 12:23:16.608,1.28647,1.28665,1.32,1.50
2012.10.16 12:23:16.931,1.28648,1.28668,1.73,1.50
2012.10.16 12:23:17.241,1.28652,1.2867,1.73,1.32
2012.10.16 12:23:17.300,1.28651,1.2867,1.73,1.32
2012.10.16 12:23:17.505,1.28651,1.2867,1.73,1.32
2012.10.16 12:23:17.570,1.28651,1.2867,1.65,1.32
2012.10.16 12:23:18.110,1.28655,1.2867,2.25,1.32
2012.10.16 12:23:18.170,1.28655,1.2867,2.25,1.32
2012.10.16 12:23:18.765,1.28655,1.2867,2.48,1.32
2012.10.16 12:23:19.360,1.28657,1.28672,1.13,1.32
2012.10.16 12:23:19.540,1.2866,1.28674,1.50,1.32
2012.10.16 12:23:19.841,1.28662,1.28674,1.50,1.32
2012.10.16 12:23:19.960,1.28663,1.28676,1.50,1.32
2012.10.16 12:23:20.320,1.28659,1.28677,1.50,1.32
2012.10.16 12:23:20.380,1.28658,1.28677,2.25,2.07
2012.10.16 12:23:20.561,1.28658,1.28676,1.50,1.50
2012.10.16 12:23:21.032,1.28656,1.28674,1.88,1.50
2012.10.16 12:23:21.585,1.28656,1.28671,1.13,1.32
2012.10.16 12:23:21.951,1.28657,1.28671,1.13,1.32
2012.10.16 12:23:22.284,1.28663,1.28671,1.50,1.32
2012.10.16 12:23:22.781,1.28662,1.28671,1.50,1.50
2012.10.16 12:23:23.020,1.2866,1.28671,1.50,1.50
2012.10.16 12:23:23.080,1.28658,1.28671,1.50,1.50
2012.10.16 12:23:23.141,1.28656,1.28674,1.50,2.07
2012.10.16 12:23:23.321,1.28656,1.28674,1.50,2.07
2012.10.16 12:23:24.011,1.28657,1.28672,1.13,1.32
2012.10.16 12:23:24.224,1.28653,1.28671,1.50,2.25
2012.10.16 12:23:24.361,1.28654,1.28671,1.50,1.50
2012.10.16 12:23:24.430,1.28654,1.28672,1.50,2.07
2012.10.16 12:23:25.041,1.2866,1.28672,1.13,1.32
2012.10.16 12:23:25.640,1.2866,1.28672,1.13,1.32
2012.10.16 12:23:26.400,1.28666,1.28682,1.50,2.14
2012.10.16 12:23:26.486,1.28662,1.2868,1.50,1.50
2012.10.16 12:23:26.551,1.28662,1.2868,1.50,1.50
2012.10.16 12:23:27.192,1.28662,1.2868,1.50,1.50
2012.10.16 12:23:27.331,1.28662,1.2868,1.50,1.50
2012.10.16 12:23:28.152,1.28664,1.2868,1.50,2.07
2012.10.16 12:23:28.375,1.28664,1.2868,1.50,2.07
2012.10.16 12:23:28.923,1.28664,1.28681,1.50,1.50
2012.10.16 12:23:29.470,1.28666,1.28682,1.50,2.07
2012.10.16 12:23:29.531,1.28667,1.28682,1.50,2.07
2012.10.16 12:23:29.662,1.2867,1.28689,1.50,2.33
2012.10.16 12:23:29.800,1.2867,1.28689,2.85,1.50
2012.10.16 12:23:30.051,1.28674,1.28691,1.50,2.07
2012.10.16 12:23:30.181,1.28671,1.28691,2.25,2.07
2012.10.16 12:23:31.341,1.28672,1.28691,1.50,1.32
2012.10.16 12:23:32.070,1.28672,1.28691,1.50,1.32
2012.10.16 12:23:33.600,1.28673,1.28691,1.50,1.32
2012.10.16 12:23:35.412,1.28675,1.28693,1.50,2.07
2012.10.16 12:23:35.546,1.28678,1.28693,1.50,2.07
2012.10.16 12:23:36.090,1.28674,1.28693,1.50,2.82
2012.10.16 12:23:36.351,1.28674,1.28692,1.50,1.50
2012.10.16 12:23:36.660,1.28674,1.28691,1.50,1.50
2012.10.16 12:23:37.240,1.28674,1.2869,1.50,1.50
2012.10.16 12:23:39.186,1.28674,1.28689,1.50,1.50
2012.10.16 12:23:39.752,1.28674,1.28691,1.50,1.32
2012.10.16 12:23:41.112,1.28674,1.28691,1.50,2.07
2012.10.16 12:23:41.410,1.28674,1.28689,1.50,1.50
2012.10.16 12:23:41.591,1.2867,1.28687,1.50,1.32
2012.10.16 12:23:41.720,1.2867,1.28689,1.88,1.73
2012.10.16 12:23:42.079,1.28671,1.28689,1.50,1.50
2012.10.16 12:23:42.589,1.28671,1.28692,1.50,1.50
2012.10.16 12:23:42.970,1.28671,1.2869,1.50,1.50
2012.10.16 12:23:43.090,1.2867,1.28687,1.13,1.32
2012.10.16 12:23:43.463,1.28673,1.2869,1.50,2.07
2012.10.16 12:23:43.591,1.28673,1.2869,1.50,1.50
2012.10.16 12:23:44.136,1.28673,1.2869,1.50,2.25
2012.10.16 12:23:44.321,1.28671,1.28689,1.50,2.07
2012.10.16 12:23:44.441,1.28671,1.28687,2.25,1.32
2012.10.16 12:23:44.500,1.28674,1.28689,1.50,3.38
2012.10.16 12:23:44.800,1.28674,1.28689,2.25,1.88
2012.10.16 12:23:45.340,1.28675,1.28689,1.50,1.88
2012.10.16 12:23:45.650,1.2867,1.28687,1.50,1.88
2012.10.16 12:23:47.204,1.2867,1.28685,1.50,1.32
2012.10.16 12:23:48.000,1.2867,1.28687,1.50,1.32
2012.10.16 12:23:48.120,1.28672,1.28687,1.50,1.32
2012.10.16 12:23:48.500,1.28669,1.28689,1.50,1.50
2012.10.16 12:23:49.160,1.28669,1.28689,1.50,1.50
2012.10.16 12:23:49.343,1.28674,1.2869,1.50,1.32
2012.10.16 12:23:49.651,1.28676,1.28695,1.13,1.73
2012.10.16 12:23:50.425,1.28676,1.28695,1.88,1.50
2012.10.16 12:23:50.510,1.28677,1.28694,1.50,1.32
2012.10.16 12:23:50.879,1.2868,1.28695,1.50,1.13
2012.10.16 12:23:51.227,1.28687,1.28697,1.50,2.44
2012.10.16 12:23:51.373,1.28687,1.28697,1.50,3.00
2012.10.16 12:23:51.446,1.28686,1.28697,2.10,2.44
2012.10.16 12:23:52.121,1.28686,1.28697,3.53,3.00
2012.10.16 12:23:52.250,1.28688,1.28697,1.50,2.44
2012.10.16 12:23:52.312,1.28686,1.28697,2.48,3.00
2012.10.16 12:23:52.380,1.28689,1.28697,2.18,2.44
2012.10.16 12:23:52.501,1.28696,1.28718,1.50,3.60
2012.10.16 12:23:52.573,1.28699,1.28718,1.50,2.07
2012.10.16 12:23:52.642,1.28699,1.28718,1.88,2.63
2012.10.16 12:23:52.710,1.28699,1.28718,1.13,2.07
2012.10.16 12:23:53.037,1.28701,1.28718,1.50,1.32
2012.10.16 12:23:53.180,1.28701,1.28719,1.50,1.32
2012.10.16 12:23:53.481,1.28707,1.28725,1.50,2.22
2012.10.16 12:23:53.804,1.2871,1.28718,1.50,1.32
2012.10.16 12:23:53.890,1.28701,1.28718,1.13,1.32
2012.10.16 12:23:54.042,1.287,1.28718,1.50,1.32
2012.10.16 12:23:54.269,1.28699,1.28718,1.50,2.07
2012.10.16 12:23:54.830,1.28699,1.28718,1.50,1.50
2012.10.16 12:23:55.168,1.28702,1.2872,1.50,1.32
2012.10.16 12:23:55.242,1.28704,1.2872,1.50,1.32
2012.10.16 12:23:55.402,1.28707,1.28719,1.50,1.50
2012.10.16 12:23:55.474,1.28699,1.28719,2.63,1.50
2012.10.16 12:23:55.543,1.28699,1.28719,2.25,1.50
2012.10.16 12:23:55.865,1.28698,1.28719,1.32,2.82
2012.10.16 12:23:55.932,1.28698,1.28717,1.32,1.50
2012.10.16 12:23:56.129,1.28698,1.28718,1.32,1.50
2012.10.16 12:23:56.252,1.28704,1.28718,1.50,1.50
2012.10.16 12:23:56.757,1.28704,1.28719,1.50,1.50
2012.10.16 12:23:57.469,1.28703,1.28719,1.50,3.45
2012.10.16 12:23:57.971,1.287,1.28719,1.50,3.45
2012.10.16 12:23:59.568,1.287,1.28718,1.50,1.32
2012.10.16 12:24:00.410,1.287,1.28719,1.50,1.50
2012.10.16 12:24:01.411,1.287,1.28714,1.50,1.32
2012.10.16 12:24:01.475,1.287,1.28713,1.65,1.32
2012.10.16 12:24:01.687,1.28695,1.28715,2.07,1.50
2012.10.16 12:24:01.812,1.28694,1.28713,1.50,1.32
2012.10.16 12:24:01.943,1.28693,1.28712,1.50,1.50
2012.10.16 12:24:02.441,1.2869,1.28709,1.32,1.50
2012.10.16 12:24:02.561,1.2869,1.28709,2.07,1.50
2012.10.16 12:24:02.701,1.28694,1.28713,1.50,1.39
2012.10.16 12:24:03.132,1.28695,1.28713,1.50,2.07
2012.10.16 12:24:03.391,1.28689,1.28712,4.32,2.07
2012.10.16 12:24:04.773,1.28691,1.28712,1.50,2.82
2012.10.16 12:24:05.204,1.28693,1.28711,2.10,1.50
2012.10.16 12:24:05.343,1.28699,1.28717,1.32,2.33
2012.10.16 12:24:05.711,1.28699,1.28718,2.07,1.50
2012.10.16 12:24:05.831,1.28701,1.28722,1.50,2.07
2012.10.16 12:24:06.348,1.28699,1.28718,1.32,2.25
2012.10.16 12:24:06.894,1.28697,1.28718,1.50,2.25
2012.10.16 12:24:07.462,1.28697,1.28718,1.50,2.25
2012.10.16 12:24:07.781,1.28701,1.28718,1.35,1.50
2012.10.16 12:24:08.386,1.28706,1.28724,2.10,1.50
2012.10.16 12:24:08.539,1.28711,1.28732,1.50,2.33
2012.10.16 12:24:08.602,1.28712,1.28732,1.50,2.33
2012.10.16 12:24:08.850,1.28711,1.28729,1.50,1.32
2012.10.16 12:24:09.371,1.28712,1.28727,1.50,1.50
2012.10.16 12:24:09.813,1.28715,1.28729,1.50,2.44
2012.10.16 12:24:10.341,1.28713,1.28726,1.50,1.50
2012.10.16 12:24:10.543,1.28706,1.2872,1.50,1.32
2012.10.16 12:24:10.743,1.28703,1.28722,3.90,1.50
2012.10.16 12:24:11.094,1.28711,1.28724,1.50,1.50
2012.10.16 12:24:11.444,1.28715,1.28727,2.85,1.50
2012.10.16 12:24:11.782,1.28718,1.28729,1.50,1.13
2012.10.16 12:24:12.350,1.28718,1.28733,1.50,2.03
2012.10.16 12:24:12.530,1.2872,1.28737,1.50,2.30
2012.10.16 12:24:12.589,1.2872,1.28737,1.50,2.30
2012.10.16 12:24:12.961,1.28718,1.28733,1.50,1.32
2012.10.16 12:24:13.023,1.28716,1.2873,1.50,1.70
2012.10.16 12:24:13.273,1.2871,1.2873,3.00,2.45
2012.10.16 12:24:13.904,1.2871,1.28729,1.50,1.18
2012.10.16 12:24:13.983,1.2871,1.28731,1.50,3.58
2012.10.16 12:24:14.052,1.2871,1.28731,1.50,3.58
2012.10.16 12:24:14.572,1.28708,1.28729,2.07,1.93
2012.10.16 12:24:14.641,1.28708,1.28727,1.32,1.50
2012.10.16 12:24:16.435,1.28707,1.28724,1.50,1.54
2012.10.16 12:24:16.711,1.28703,1.28722,1.50,1.32
2012.10.16 12:24:16.787,1.287,1.28722,1.50,2.07
2012.10.16 12:24:17.123,1.287,1.2872,1.50,3.79
2012.10.16 12:24:17.430,1.28702,1.28718,1.50,1.50
2012.10.16 12:24:20.259,1.287,1.28714,1.50,1.32
2012.10.16 12:24:20.331,1.287,1.28719,1.50,1.50
2012.10.16 12:24:20.883,1.287,1.28714,1.50,1.32
2012.10.16 12:24:20.953,1.28699,1.28713,1.50,1.32
2012.10.16 12:24:21.461,1.28697,1.28713,1.50,1.32
2012.10.16 12:24:22.022,1.28697,1.28714,1.50,1.32
2012.10.16 12:24:22.581,1.28697,1.28716,1.50,1.32
2012.10.16 12:24:23.878,1.28697,1.28715,1.50,1.32
2012.10.16 12:24:24.556,1.28699,1.28715,1.50,1.32
2012.10.16 12:24:26.986,1.28697,1.28715,1.50,2.07
2012.10.16 12:24:27.060,1.28697,1.28715,1.50,1.32
2012.10.16 12:24:27.415,1.28697,1.28715,1.50,1.32
2012.10.16 12:24:27.779,1.287,1.28719,1.50,1.88
2012.10.16 12:24:28.281,1.28697,1.28717,1.50,1.50
2012.10.16 12:24:28.691,1.28697,1.28717,1.50,1.50
2012.10.16 12:24:28.886,1.28697,1.28719,1.73,1.50
2012.10.16 12:24:29.459,1.287,1.28718,1.50,1.50
2012.10.16 12:24:30.160,1.28703,1.2872,1.35,1.50
2012.10.16 12:24:30.486,1.28709,1.28722,1.73,2.45
2012.10.16 12:24:30.557,1.28709,1.28725,1.73,1.70
2012.10.16 12:24:30.820,1.28706,1.28727,2.85,2.98
2012.10.16 12:24:31.062,1.28706,1.28724,2.10,3.00
2012.10.16 12:24:31.262,1.28702,1.28719,1.50,1.32
2012.10.16 12:24:31.604,1.287,1.28719,2.93,2.07
2012.10.16 12:24:31.880,1.28699,1.28718,1.50,1.50
2012.10.16 12:24:31.953,1.28696,1.28716,1.88,1.50
2012.10.16 12:24:32.452,1.28698,1.28719,3.98,1.50
2012.10.16 12:24:32.791,1.28702,1.2872,1.50,1.32
2012.10.16 12:24:33.151,1.28702,1.2872,1.50,1.32
2012.10.16 12:24:33.412,1.28698,1.28719,1.50,1.50
2012.10.16 12:24:33.868,1.28698,1.28719,1.50,1.50
2012.10.16 12:24:34.919,1.28696,1.28717,1.88,2.07
2012.10.16 12:24:35.945,1.28696,1.28714,1.35,1.50
2012.10.16 12:24:36.015,1.28696,1.28717,2.10,2.82
2012.10.16 12:24:36.150,1.28696,1.28717,1.88,2.07
2012.10.16 12:24:37.392,1.28696,1.28717,2.25,2.07
2012.10.16 12:24:39.961,1.28698,1.28717,2.48,1.50
2012.10.16 12:24:40.020,1.287,1.28717,1.54,1.50
2012.10.16 12:24:40.260,1.28699,1.28719,1.32,1.50
2012.10.16 12:24:40.380,1.28696,1.28716,3.00,1.50
2012.10.16 12:24:41.589,1.28696,1.28714,3.38,1.32
2012.10.16 12:24:41.651,1.28696,1.28713,3.00,1.32
2012.10.16 12:24:43.710,1.28694,1.28713,1.50,1.32
2012.10.16 12:24:44.261,1.28694,1.28714,1.88,1.50
2012.10.16 12:24:44.862,1.28694,1.28714,1.50,1.50
2012.10.16 12:24:46.162,1.28694,1.28714,2.63,1.50
2012.10.16 12:24:46.711,1.28696,1.28714,1.88,1.50
2012.10.16 12:24:47.221,1.28697,1.28716,2.29,1.50
2012.10.16 12:24:47.900,1.28697,1.28713,1.54,1.50
2012.10.16 12:24:47.962,1.28695,1.28713,1.35,2.25
2012.10.16 12:24:48.032,1.28694,1.28713,2.29,2.25
2012.10.16 12:24:48.231,1.28692,1.28711,2.25,1.50
2012.10.16 12:24:48.804,1.28693,1.28712,1.50,2.33
2012.10.16 12:24:49.359,1.28691,1.28709,2.29,1.50
2012.10.16 12:24:49.860,1.28691,1.28709,1.32,1.50
2012.10.16 12:24:49.920,1.28691,1.28709,1.32,1.50
2012.10.16 12:24:50.570,1.28692,1.28709,1.73,1.50
2012.10.16 12:24:51.241,1.28692,1.28712,2.29,1.50
2012.10.16 12:24:52.141,1.28692,1.28712,2.29,1.50
2012.10.16 12:24:52.380,1.28692,1.2871,1.32,1.50
2012.10.16 12:24:52.701,1.28689,1.28709,1.88,1.50
2012.10.16 12:24:52.771,1.28689,1.28709,1.88,1.50
2012.10.16 12:24:52.901,1.28687,1.28705,1.13,1.32
2012.10.16 12:24:53.451,1.28687,1.28705,1.13,1.32
2012.10.16 12:24:53.572,1.28683,1.28703,2.25,1.50
2012.10.16 12:24:54.062,1.28684,1.28699,1.13,1.50
2012.10.16 12:24:54.370,1.28696,1.28707,1.50,1.58
2012.10.16 12:24:54.550,1.28694,1.28706,1.50,1.50
2012.10.16 12:24:54.731,1.28695,1.28713,1.50,1.58
2012.10.16 12:24:54.971,1.28699,1.28716,1.50,1.32
2012.10.16 12:24:55.610,1.28699,1.28716,1.50,1.32
2012.10.16 12:24:55.754,1.28699,1.28716,1.50,1.32
2012.10.16 12:24:55.882,1.28699,1.28719,2.07,1.50
2012.10.16 12:24:55.952,1.28703,1.28719,1.50,1.50
2012.10.16 12:24:56.514,1.28704,1.28722,1.50,1.70
2012.10.16 12:24:56.639,1.28702,1.28722,1.50,2.45
2012.10.16 12:24:56.701,1.28701,1.28715,1.32,1.50
2012.10.16 12:24:56.939,1.28697,1.28715,1.50,2.82
2012.10.16 12:24:57.250,1.28696,1.28715,1.50,3.04
2012.10.16 12:24:58.124,1.28695,1.28715,2.25,2.82
2012.10.16 12:24:58.551,1.28694,1.28713,1.32,2.25
2012.10.16 12:24:58.611,1.28692,1.28713,2.82,3.00
2012.10.16 12:24:58.681,1.28692,1.28711,1.32,1.50
2012.10.16 12:24:58.800,1.28689,1.28708,1.50,1.32
2012.10.16 12:24:58.982,1.28687,1.28708,2.48,1.32
2012.10.16 12:24:59.052,1.28692,1.28709,1.50,1.32
2012.10.16 12:25:02.061,1.28692,1.28709,1.50,1.50
2012.10.16 12:25:02.833,1.28692,1.28711,1.50,1.50
2012.10.16 12:25:03.144,1.28693,1.28711,2.25,1.58
2012.10.16 12:25:03.571,1.28697,1.28711,1.50,1.50
2012.10.16 12:25:04.132,1.28697,1.28714,1.50,1.50
2012.10.16 12:25:04.403,1.28697,1.28715,1.50,1.50
2012.10.16 12:25:04.530,1.28697,1.28718,1.50,1.32
2012.10.16 12:25:05.489,1.28697,1.28718,1.50,1.50
2012.10.16 12:25:06.781,1.28699,1.2872,2.25,3.00
2012.10.16 12:25:07.095,1.28701,1.2872,1.32,1.50
2012.10.16 12:25:07.162,1.28701,1.2872,1.32,1.73
2012.10.16 12:25:07.350,1.28697,1.28717,1.50,1.32
2012.10.16 12:25:07.711,1.287,1.28718,1.50,1.32
2012.10.16 12:25:07.783,1.28701,1.2872,1.32,1.73
2012.10.16 12:25:08.577,1.28701,1.28721,1.32,3.20
2012.10.16 12:25:09.157,1.28701,1.2872,1.32,1.50
2012.10.16 12:25:09.340,1.28698,1.28717,1.32,1.32
2012.10.16 12:25:10.342,1.28697,1.28717,1.50,2.07
2012.10.16 12:25:10.591,1.28695,1.28717,1.88,2.07
2012.10.16 12:25:10.660,1.28695,1.28717,1.88,2.29
2012.10.16 12:25:10.862,1.28695,1.28717,1.88,1.32
2012.10.16 12:25:17.128,1.28695,1.28717,2.44,1.65
2012.10.16 12:25:17.582,1.28695,1.28718,2.44,2.07
2012.10.16 12:25:17.711,1.28696,1.28718,1.69,1.50
2012.10.16 12:25:18.761,1.28697,1.28718,1.50,1.50
2012.10.16 12:25:18.891,1.28698,1.28719,1.50,2.25
2012.10.16 12:25:19.620,1.28698,1.28719,1.50,2.25
2012.10.16 12:25:21.392,1.28696,1.28718,2.44,2.25
2012.10.16 12:25:21.582,1.28696,1.28718,1.88,2.25
2012.10.16 12:25:22.182,1.28696,1.28717,1.13,2.48
2012.10.16 12:25:23.570,1.28695,1.28716,1.13,1.32
2012.10.16 12:25:24.112,1.28696,1.28716,1.13,1.32
2012.10.16 12:25:24.901,1.28696,1.28717,1.32,1.73
2012.10.16 12:25:25.080,1.287,1.28719,1.50,1.58
2012.10.16 12:25:25.421,1.287,1.28719,1.50,1.58
2012.10.16 12:25:26.171,1.287,1.28719,1.50,1.50
2012.10.16 12:25:27.019,1.287,1.28719,1.50,1.50
2012.10.16 12:25:27.620,1.287,1.28718,1.50,2.55
2012.10.16 12:25:27.681,1.287,1.28718,1.50,2.55
2012.10.16 12:25:27.740,1.287,1.28719,1.50,1.50
2012.10.16 12:25:29.791,1.287,1.28719,1.50,1.50
2012.10.16 12:25:30.251,1.28698,1.28716,1.50,2.07
2012.10.16 12:25:30.311,1.28696,1.28716,1.88,2.07
2012.10.16 12:25:30.371,1.28696,1.28716,1.13,2.07
2012.10.16 12:25:34.351,1.28694,1.28713,1.50,1.50
2012.10.16 12:25:35.961,1.28699,1.28717,1.32,1.50
2012.10.16 12:25:36.322,1.28694,1.28712,1.88,1.50
2012.10.16 12:25:36.395,1.28692,1.28709,1.05,1.50
2012.10.16 12:25:36.639,1.28691,1.28709,1.65,2.07
2012.10.16 12:25:36.772,1.28686,1.28707,1.32,1.32
2012.10.16 12:25:37.320,1.28686,1.28705,1.13,1.54
2012.10.16 12:25:40.330,1.28684,1.28704,1.50,1.50
2012.10.16 12:25:40.580,1.2868,1.28699,2.25,2.07
2012.10.16 12:25:40.701,1.28682,1.28702,1.50,1.35
2012.10.16 12:25:41.089,1.28684,1.28704,2.25,3.00
2012.10.16 12:25:41.340,1.28686,1.28706,1.13,2.29
2012.10.16 12:25:43.871,1.28687,1.28705,1.50,1.54
2012.10.16 12:25:44.120,1.28689,1.28706,1.32,1.50
2012.10.16 12:25:45.201,1.28689,1.28709,2.07,1.50
2012.10.16 12:25:46.160,1.28689,1.2871,2.07,6.00
2012.10.16 12:25:46.605,1.28692,1.2871,2.07,4.50
2012.10.16 12:25:46.673,1.28692,1.2871,2.07,4.50
2012.10.16 12:25:47.131,1.28692,1.28709,2.07,3.75
2012.10.16 12:25:48.059,1.2869,1.28708,2.07,1.50
2012.10.16 12:25:48.502,1.28687,1.28706,1.69,1.73
2012.10.16 12:25:48.570,1.28687,1.28706,1.13,1.73
2012.10.16 12:25:48.873,1.28684,1.28704,2.07,1.73
2012.10.16 12:25:49.475,1.28684,1.28704,1.32,1.73
2012.10.16 12:25:50.242,1.28686,1.28704,1.13,1.73
2012.10.16 12:25:50.491,1.28687,1.28705,1.50,1.32
2012.10.16 12:25:51.000,1.28688,1.28709,2.07,2.48
2012.10.16 12:25:51.444,1.28688,1.28706,1.32,1.50
2012.10.16 12:25:51.640,1.28686,1.28705,1.13,1.50
2012.10.16 12:25:51.943,1.28685,1.28701,1.32,1.50
2012.10.16 12:25:52.131,1.2868,1.28698,1.50,1.50
2012.10.16 12:25:52.670,1.28679,1.28698,1.50,1.50
2012.10.16 12:25:55.385,1.28678,1.28697,1.50,1.50
2012.10.16 12:25:55.685,1.28677,1.28697,2.07,1.73
2012.10.16 12:25:55.755,1.28677,1.28697,2.07,1.73
2012.10.16 12:25:56.091,1.28677,1.28697,2.07,1.73
2012.10.16 12:25:56.393,1.28676,1.28696,2.63,1.54
2012.10.16 12:25:56.522,1.28675,1.28693,1.88,1.50
2012.10.16 12:25:56.589,1.28674,1.28693,1.88,1.50
2012.10.16 12:25:57.151,1.28674,1.28693,1.13,1.50
2012.10.16 12:25:57.491,1.28674,1.28691,1.13,1.58
2012.10.16 12:25:58.980,1.28673,1.28694,1.13,2.29
2012.10.16 12:25:59.582,1.28673,1.28694,1.50,2.07
2012.10.16 12:26:00.360,1.28675,1.28694,1.88,2.07
2012.10.16 12:26:00.541,1.28676,1.28694,1.35,1.50
2012.10.16 12:26:01.130,1.28677,1.28697,1.73,1.50
2012.10.16 12:26:03.563,1.28677,1.28697,1.50,1.50
2012.10.16 12:26:04.470,1.28677,1.28697,1.50,1.50
2012.10.16 12:26:05.040,1.28676,1.28695,1.35,1.50
2012.10.16 12:26:05.161,1.28674,1.28694,1.13,1.32
2012.10.16 12:26:05.522,1.28676,1.28694,1.50,1.32
2012.10.16 12:26:05.651,1.28676,1.28698,2.07,1.50
2012.10.16 12:26:07.118,1.28676,1.28698,2.67,3.60
2012.10.16 12:26:07.242,1.28676,1.28698,1.88,2.07
2012.10.16 12:26:07.372,1.28676,1.28695,1.13,1.50
2012.10.16 12:26:10.810,1.28675,1.28695,1.13,1.73
2012.10.16 12:26:11.542,1.28676,1.28695,1.13,1.73
2012.10.16 12:26:11.931,1.28676,1.2869,1.13,1.54
2012.10.16 12:26:12.372,1.28678,1.28694,1.50,2.29
2012.10.16 12:26:12.571,1.28675,1.28695,1.88,1.50
2012.10.16 12:26:12.690,1.28678,1.28697,1.50,2.29
2012.10.16 12:26:12.991,1.28672,1.2869,1.13,1.54
2012.10.16 12:26:13.150,1.28671,1.2869,1.50,1.54
2012.10.16 12:26:13.329,1.28674,1.2869,1.50,1.54
2012.10.16 12:26:15.782,1.28674,1.2869,1.50,1.54
2012.10.16 12:26:17.120,1.28674,1.2869,1.50,1.54
2012.10.16 12:26:18.221,1.28672,1.2869,1.50,1.54
2012.10.16 12:26:18.291,1.2867,1.2869,1.50,1.54
2012.10.16 12:26:18.591,1.28672,1.2869,1.50,1.54
2012.10.16 12:26:19.110,1.28674,1.2869,1.13,1.54
2012.10.16 12:26:19.540,1.28676,1.2869,1.13,1.54
2012.10.16 12:26:19.720,1.28678,1.28693,3.38,2.29
2012.10.16 12:26:19.781,1.28678,1.28696,2.63,2.00
2012.10.16 12:26:19.901,1.2868,1.28696,1.50,1.05
2012.10.16 12:26:19.971,1.28681,1.28697,1.50,1.73
2012.10.16 12:26:20.221,1.28677,1.28697,2.25,1.73
2012.10.16 12:26:20.641,1.28676,1.28695,1.50,1.50
2012.10.16 12:26:21.154,1.28676,1.28695,1.50,1.50
2012.10.16 12:26:21.510,1.28676,1.28692,1.50,1.50
2012.10.16 12:26:21.830,1.28673,1.28691,1.32,1.50
2012.10.16 12:26:24.952,1.28672,1.28689,1.32,1.50
2012.10.16 12:26:25.211,1.28674,1.28689,1.32,2.25
2012.10.16 12:26:25.701,1.28675,1.2869,1.50,1.50
2012.10.16 12:26:25.951,1.28677,1.28694,1.13,2.45
2012.10.16 12:26:26.131,1.28678,1.28692,1.13,1.50
2012.10.16 12:26:26.441,1.28678,1.28696,1.13,2.25
2012.10.16 12:26:26.830,1.28677,1.28697,1.50,3.57
2012.10.16 12:26:27.388,1.28677,1.28697,1.50,2.07
2012.10.16 12:26:27.810,1.28677,1.28696,1.50,2.48
2012.10.16 12:26:30.309,1.28677,1.28695,2.25,1.32
2012.10.16 12:26:30.630,1.28676,1.28695,1.50,2.07
2012.10.16 12:26:30.849,1.28677,1.28695,1.50,1.32
2012.10.16 12:26:32.431,1.28674,1.28695,3.60,2.07
2012.10.16 12:26:32.828,1.28676,1.28695,1.50,1.32
2012.10.16 12:26:33.000,1.28675,1.28695,1.50,1.32
2012.10.16 12:26:33.061,1.28677,1.28695,1.50,1.32
2012.10.16 12:26:33.612,1.28673,1.28692,3.00,1.50
2012.10.16 12:26:33.751,1.28673,1.28691,2.25,2.25
2012.10.16 12:26:34.125,1.28677,1.28693,1.50,1.73
2012.10.16 12:26:34.623,1.28675,1.28695,1.50,1.62
2012.10.16 12:26:34.753,1.28681,1.28695,1.50,1.62
2012.10.16 12:26:35.081,1.28674,1.28691,2.25,1.32
2012.10.16 12:26:35.381,1.28685,1.28692,1.50,1.32
2012.10.16 12:26:35.573,1.28673,1.28691,3.75,1.32
2012.10.16 12:26:35.952,1.28674,1.28692,1.50,1.54
2012.10.16 12:26:36.261,1.28674,1.28691,1.50,1.54
2012.10.16 12:26:36.320,1.2867,1.28691,2.25,1.54
2012.10.16 12:26:36.832,1.28669,1.28689,1.50,1.50
2012.10.16 12:26:36.900,1.2867,1.2869,1.50,2.25
2012.10.16 12:26:37.559,1.2867,1.2869,1.50,1.50
2012.10.16 12:26:37.873,1.28664,1.28678,1.32,2.07
2012.10.16 12:26:38.001,1.2866,1.28678,1.50,2.07
2012.10.16 12:26:38.831,1.28661,1.28678,1.50,2.07
2012.10.16 12:26:39.010,1.28659,1.28678,2.25,2.07
2012.10.16 12:26:39.334,1.28667,1.28677,1.50,1.32
2012.10.16 12:26:39.402,1.28664,1.28677,1.50,1.32
2012.10.16 12:26:39.470,1.28663,1.28677,1.50,1.32
2012.10.16 12:26:40.901,1.28663,1.28677,1.50,1.32
2012.10.16 12:26:41.141,1.28661,1.28675,1.50,1.32
2012.10.16 12:26:42.290,1.28661,1.2868,1.50,1.54
2012.10.16 12:26:42.411,1.28666,1.28682,2.10,1.73
2012.10.16 12:26:42.471,1.28668,1.28682,1.35,1.50
2012.10.16 12:26:42.531,1.28668,1.28684,2.10,1.32
2012.10.16 12:26:42.590,1.28671,1.2869,1.50,3.64
2012.10.16 12:26:42.829,1.28668,1.28689,2.25,1.50
2012.10.16 12:26:43.930,1.28668,1.28688,1.50,1.50
2012.10.16 12:26:43.990,1.28665,1.28684,1.73,1.32
2012.10.16 12:26:44.112,1.2867,1.28684,1.50,1.32
2012.10.16 12:26:44.420,1.28672,1.28684,1.50,1.32
2012.10.16 12:26:44.539,1.28672,1.28689,2.25,2.29
2012.10.16 12:26:44.904,1.2867,1.28689,2.10,2.07
2012.10.16 12:26:44.973,1.28669,1.28685,3.00,1.50
2012.10.16 12:26:45.115,1.28666,1.28685,3.42,1.50
2012.10.16 12:26:45.721,1.28666,1.28685,1.50,2.07
2012.10.16 12:26:47.011,1.28665,1.28683,1.50,2.07
2012.10.16 12:26:48.381,1.28665,1.28682,2.10,1.32
2012.10.16 12:26:56.230,1.28663,1.28681,2.25,1.50
2012.10.16 12:26:57.261,1.28663,1.28682,2.25,1.32
2012.10.16 12:27:02.721,1.28663,1.28681,2.25,2.07
2012.10.16 12:27:03.121,1.28662,1.28681,2.25,2.07
2012.10.16 12:27:03.371,1.28664,1.28681,2.10,2.07
2012.10.16 12:27:03.730,1.28673,1.28686,2.25,2.25
2012.10.16 12:27:05.932,1.28673,1.28692,2.25,1.50
2012.10.16 12:27:06.124,1.28675,1.28693,1.50,3.57
2012.10.16 12:27:06.390,1.28671,1.28692,3.00,3.00
2012.10.16 12:27:06.950,1.28671,1.28692,3.00,3.00
2012.10.16 12:27:09.850,1.28671,1.28691,2.25,1.50
2012.10.16 12:27:10.221,1.28671,1.28688,1.50,1.50
2012.10.16 12:27:10.863,1.2867,1.28688,1.69,1.50
2012.10.16 12:27:11.486,1.28674,1.28688,2.25,1.50
2012.10.16 12:27:11.732,1.28674,1.28691,1.50,1.50
2012.10.16 12:27:11.801,1.28672,1.28691,2.25,1.50
2012.10.16 12:27:11.921,1.28672,1.28691,1.50,1.50
2012.10.16 12:27:12.431,1.2867,1.28689,1.69,1.50
2012.10.16 12:27:15.157,1.2867,1.28689,1.32,1.50
2012.10.16 12:27:17.103,1.2867,1.28689,1.69,1.50
2012.10.16 12:27:17.750,1.2867,1.28689,1.13,1.50
2012.10.16 12:27:18.135,1.28668,1.28689,1.50,1.50
2012.10.16 12:27:18.321,1.28668,1.28689,1.50,2.25
2012.10.16 12:27:19.493,1.28668,1.28689,1.50,2.25
2012.10.16 12:27:20.023,1.28668,1.28689,1.50,2.25
2012.10.16 12:27:20.694,1.28668,1.28689,1.50,1.50
2012.10.16 12:27:21.208,1.2867,1.28689,1.32,1.50
2012.10.16 12:27:21.272,1.2867,1.28689,1.69,1.50
2012.10.16 12:27:21.791,1.2867,1.28689,1.69,1.50
2012.10.16 12:27:22.636,1.2867,1.28689,1.69,1.50
2012.10.16 12:27:23.131,1.2867,1.28689,1.32,1.50
2012.10.16 12:27:23.459,1.28671,1.2869,1.50,1.50
2012.10.16 12:27:23.589,1.28676,1.28693,1.32,3.00
2012.10.16 12:27:23.733,1.28676,1.28695,1.54,2.25
2012.10.16 12:27:24.085,1.28676,1.28696,2.07,1.50
2012.10.16 12:27:24.615,1.28677,1.28693,1.50,2.25
2012.10.16 12:27:25.191,1.28672,1.2869,1.50,1.50
2012.10.16 12:27:26.631,1.28671,1.2869,1.50,1.50
2012.10.16 12:27:26.700,1.28671,1.28692,1.50,2.25
2012.10.16 12:27:27.014,1.28671,1.28682,1.73,1.50
2012.10.16 12:27:27.142,1.28668,1.28679,1.32,1.50
2012.10.16 12:27:27.722,1.28666,1.28681,1.50,1.50
2012.10.16 12:27:28.296,1.28666,1.28683,1.50,2.82
2012.10.16 12:27:29.651,1.28664,1.28681,1.73,1.50
2012.10.16 12:27:30.131,1.28663,1.2868,1.50,1.50
2012.10.16 12:27:30.482,1.28664,1.2868,1.50,1.50
2012.10.16 12:27:31.018,1.28664,1.2868,2.25,1.32
2012.10.16 12:27:31.710,1.28664,1.2868,2.25,2.07
2012.10.16 12:27:32.331,1.28664,1.2868,2.48,1.32
2012.10.16 12:27:32.863,1.28664,1.28682,2.48,2.07
2012.10.16 12:27:33.658,1.28663,1.28682,1.73,2.07
2012.10.16 12:27:34.020,1.28664,1.28682,1.73,2.07
2012.10.16 12:27:34.561,1.28669,1.28685,1.13,1.50
2012.10.16 12:27:34.731,1.28669,1.28688,1.35,3.00
2012.10.16 12:27:35.892,1.2867,1.28687,1.35,1.50
2012.10.16 12:27:36.471,1.28669,1.28688,2.10,2.25
2012.10.16 12:27:37.011,1.2867,1.28687,1.20,1.50
2012.10.16 12:27:37.152,1.28671,1.2869,1.39,1.50
2012.10.16 12:27:37.883,1.28672,1.28692,1.73,1.50
2012.10.16 12:27:38.241,1.28676,1.28694,1.50,1.32
2012.10.16 12:27:38.302,1.28681,1.28695,1.50,1.50
2012.10.16 12:27:38.430,1.28681,1.28699,1.73,2.33
2012.10.16 12:27:39.123,1.2868,1.287,1.73,1.50
2012.10.16 12:27:39.650,1.28682,1.28701,1.50,1.32
2012.10.16 12:27:40.071,1.28682,1.28694,1.50,1.32
2012.10.16 12:27:40.260,1.28678,1.28694,1.73,2.07
2012.10.16 12:27:40.442,1.28675,1.28694,1.73,2.82
2012.10.16 12:27:40.692,1.28675,1.28694,1.50,2.82
2012.10.16 12:27:40.822,1.28673,1.28691,1.50,1.50
2012.10.16 12:27:41.131,1.28673,1.28691,2.25,1.50
2012.10.16 12:27:41.260,1.28672,1.28691,1.13,2.25
2012.10.16 12:27:44.105,1.28672,1.28691,1.13,2.07
2012.10.16 12:27:45.176,1.28673,1.28691,1.13,2.07
2012.10.16 12:27:47.480,1.2867,1.28691,3.23,2.07
2012.10.16 12:27:48.015,1.28671,1.28691,1.73,2.07
2012.10.16 12:27:48.321,1.28676,1.28691,2.25,1.32
2012.10.16 12:27:48.502,1.28679,1.28699,1.92,2.18
2012.10.16 12:27:48.573,1.28679,1.28699,2.14,1.58
2012.10.16 12:27:48.880,1.28682,1.287,1.73,2.10
2012.10.16 12:27:49.070,1.28682,1.287,1.73,2.85
2012.10.16 12:27:49.332,1.28679,1.28699,2.14,1.50
2012.10.16 12:27:50.155,1.28679,1.28699,1.58,2.07
2012.10.16 12:27:51.052,1.28677,1.28699,1.73,2.07
2012.10.16 12:27:53.700,1.28675,1.28698,3.23,2.25
2012.10.16 12:27:54.011,1.28684,1.287,1.13,3.00
2012.10.16 12:27:54.081,1.28685,1.287,1.50,1.50
2012.10.16 12:27:54.681,1.28685,1.28701,1.88,2.25
2012.10.16 12:27:54.812,1.28683,1.28701,1.50,2.25
2012.10.16 12:27:55.520,1.28685,1.28701,1.13,2.25
2012.10.16 12:27:55.971,1.28684,1.28698,1.88,1.32
2012.10.16 12:27:56.162,1.28681,1.28696,1.50,1.32
2012.10.16 12:27:56.735,1.28684,1.287,1.88,1.88
2012.10.16 12:27:57.040,1.28686,1.287,1.50,1.88
2012.10.16 12:27:57.970,1.28686,1.28699,1.50,1.32
2012.10.16 12:27:58.030,1.28688,1.287,1.50,1.32
2012.10.16 12:27:58.331,1.28697,1.28711,1.88,2.85
2012.10.16 12:27:58.640,1.28698,1.2871,2.10,2.05
2012.10.16 12:27:59.324,1.28696,1.28716,1.54,2.05
2012.10.16 12:27:59.581,1.2869,1.28709,2.48,2.61
2012.10.16 12:27:59.762,1.28693,1.28709,1.50,1.32
2012.10.16 12:27:59.837,1.28693,1.28709,1.50,1.32
2012.10.16 12:28:00.172,1.28693,1.28709,1.50,1.32
2012.10.16 12:28:00.690,1.28695,1.28712,1.50,1.13
2012.10.16 12:28:00.812,1.28697,1.28714,1.28,2.07
2012.10.16 12:28:00.880,1.28701,1.28714,1.50,1.50
2012.10.16 12:28:01.180,1.28699,1.28718,1.65,2.07
2012.10.16 12:28:01.501,1.28697,1.28716,1.50,1.50
2012.10.16 12:28:02.009,1.28695,1.28716,2.48,1.50
2012.10.16 12:28:02.411,1.28695,1.28714,2.48,2.07
2012.10.16 12:28:02.759,1.28695,1.28712,2.48,1.50
2012.10.16 12:28:03.690,1.28694,1.28713,3.98,1.50
2012.10.16 12:28:03.992,1.28693,1.2871,1.73,1.50
2012.10.16 12:28:04.061,1.28689,1.28708,2.89,1.50
2012.10.16 12:28:04.891,1.28687,1.28707,1.73,2.07
2012.10.16 12:28:05.779,1.28688,1.28707,1.73,1.32
2012.10.16 12:28:05.846,1.28689,1.28709,1.73,1.50
2012.10.16 12:28:06.164,1.28692,1.28713,3.23,2.14
2012.10.16 12:28:06.231,1.28692,1.28712,2.48,1.70
2012.10.16 12:28:06.473,1.2869,1.2871,1.73,1.50
2012.10.16 12:28:07.681,1.28687,1.28709,2.25,2.07
2012.10.16 12:28:07.753,1.28687,1.28704,2.25,3.00
2012.10.16 12:28:08.030,1.28684,1.28702,1.13,1.32
2012.10.16 12:28:08.092,1.28684,1.28703,1.13,1.54
2012.10.16 12:28:08.341,1.28694,1.28705,1.17,1.50
2012.10.16 12:28:08.663,1.28695,1.28705,1.32,1.50
2012.10.16 12:28:08.981,1.28691,1.28705,2.07,1.32
2012.10.16 12:28:09.042,1.28691,1.28709,2.07,1.73
2012.10.16 12:28:09.230,1.28691,1.28709,2.22,2.25
2012.10.16 12:28:09.351,1.28686,1.28707,2.22,1.50
2012.10.16 12:28:09.717,1.28686,1.28709,1.54,3.00
2012.10.16 12:28:10.252,1.28685,1.28707,2.07,1.50
2012.10.16 12:28:10.931,1.28686,1.28709,1.32,3.57
2012.10.16 12:28:11.062,1.28685,1.28704,1.54,1.50
2012.10.16 12:28:11.430,1.28684,1.28702,1.13,1.32
2012.10.16 12:28:11.800,1.28684,1.28702,1.50,1.32
2012.10.16 12:28:12.121,1.28686,1.28705,1.50,2.63
2012.10.16 12:28:12.430,1.28686,1.28707,1.73,2.63
2012.10.16 12:28:12.490,1.28685,1.28707,2.10,2.63
2012.10.16 12:28:13.032,1.28685,1.28705,1.13,2.07
2012.10.16 12:28:13.582,1.28686,1.28706,1.32,2.25
2012.10.16 12:28:13.652,1.28686,1.28706,1.54,1.50
2012.10.16 12:28:13.841,1.28684,1.28706,1.32,2.25
2012.10.16 12:28:14.241,1.28687,1.28707,1.50,1.32
2012.10.16 12:28:14.300,1.28687,1.28709,1.73,3.57
2012.10.16 12:28:14.910,1.28687,1.28709,1.50,2.82
2012.10.16 12:28:15.431,1.28687,1.28709,1.50,2.25
2012.10.16 12:28:17.951,1.28691,1.2871,1.50,1.50
2012.10.16 12:28:18.311,1.28696,1.2871,2.10,1.50
2012.10.16 12:28:18.615,1.28701,1.28713,1.32,2.33
2012.10.16 12:28:18.683,1.28698,1.28713,2.67,1.50
2012.10.16 12:28:18.810,1.28697,1.28713,1.88,1.50
2012.10.16 12:28:18.930,1.28699,1.28714,1.50,2.07
2012.10.16 12:28:19.111,1.287,1.28714,1.32,1.32
2012.10.16 12:28:19.171,1.287,1.28718,1.32,1.32
2012.10.16 12:28:19.291,1.287,1.2872,1.32,1.50
2012.10.16 12:28:19.410,1.287,1.2872,2.14,1.50
2012.10.16 12:28:19.471,1.287,1.2872,1.92,1.50
2012.10.16 12:28:19.530,1.287,1.28722,2.67,1.50
2012.10.16 12:28:19.910,1.28705,1.28725,1.54,1.50
2012.10.16 12:28:20.212,1.28702,1.28722,1.50,1.50
2012.10.16 12:28:20.281,1.28702,1.28724,3.00,1.50
2012.10.16 12:28:20.652,1.28703,1.28725,1.73,1.50
2012.10.16 12:28:20.911,1.28703,1.28724,1.73,1.50
2012.10.16 12:28:20.970,1.28703,1.28724,1.50,1.50
2012.10.16 12:28:21.031,1.28703,1.28724,1.32,1.50
2012.10.16 12:28:21.590,1.28706,1.28725,1.32,1.50
2012.10.16 12:28:21.910,1.28706,1.28728,2.07,1.50
2012.10.16 12:28:22.212,1.28712,1.28731,1.32,3.75
2012.10.16 12:28:23.171,1.28712,1.28731,3.75,3.00
2012.10.16 12:28:23.411,1.28716,1.28736,1.54,1.50
2012.10.16 12:28:23.591,1.28722,1.28736,2.10,1.50
2012.10.16 12:28:23.786,1.28727,1.28743,1.54,1.47
2012.10.16 12:28:23.852,1.28727,1.28743,1.54,1.03
2012.10.16 12:28:23.984,1.28727,1.28743,1.54,1.58
2012.10.16 12:28:24.232,1.28719,1.2874,2.07,1.50
2012.10.16 12:28:24.364,1.28719,1.2874,1.88,1.50
2012.10.16 12:28:24.951,1.28719,1.28741,1.13,2.07
2012.10.16 12:28:25.460,1.2872,1.28742,1.13,2.25
2012.10.16 12:28:27.397,1.28726,1.28746,1.54,2.07
2012.10.16 12:28:27.761,1.28728,1.28749,2.07,2.82
2012.10.16 12:28:27.822,1.28728,1.28747,1.32,1.50
2012.10.16 12:28:27.892,1.28726,1.28745,1.13,1.50
2012.10.16 12:28:28.022,1.28724,1.28743,1.32,1.50
2012.10.16 12:28:28.273,1.28723,1.28744,1.50,1.32
2012.10.16 12:28:28.581,1.28728,1.28746,1.50,1.32
2012.10.16 12:28:29.369,1.28728,1.28746,2.07,1.32
2012.10.16 12:28:29.881,1.28729,1.28749,2.48,1.32
2012.10.16 12:28:30.121,1.28729,1.28749,1.73,2.07
2012.10.16 12:28:30.633,1.28728,1.28749,1.73,1.32
2012.10.16 12:28:31.059,1.28725,1.28746,1.73,1.50
2012.10.16 12:28:31.191,1.28724,1.28745,3.98,1.32
2012.10.16 12:28:31.261,1.28726,1.28745,1.32,1.32
2012.10.16 12:28:31.700,1.28729,1.2875,1.54,2.25
2012.10.16 12:28:32.241,1.28731,1.28751,1.35,1.50
2012.10.16 12:28:32.601,1.28741,1.28755,1.54,1.32
2012.10.16 12:28:32.723,1.28741,1.28758,1.54,2.25
2012.10.16 12:28:33.603,1.28739,1.28759,2.10,1.50
2012.10.16 12:28:34.173,1.28741,1.2876,1.54,1.50
2012.10.16 12:28:34.691,1.28741,1.28762,2.29,1.50
2012.10.16 12:28:35.360,1.28741,1.28762,2.29,1.50
2012.10.16 12:28:37.592,1.28744,1.28764,1.50,1.50
2012.10.16 12:28:37.661,1.28744,1.28766,1.73,2.25
2012.10.16 12:28:37.962,1.28744,1.28764,1.73,1.50
2012.10.16 12:28:38.372,1.28743,1.28762,2.14,1.50
2012.10.16 12:28:38.800,1.28744,1.28765,1.73,1.50
2012.10.16 12:28:39.230,1.28743,1.28765,3.64,1.50
2012.10.16 12:28:40.145,1.28746,1.28766,1.73,1.50
2012.10.16 12:28:40.273,1.28747,1.28768,3.23,2.25
2012.10.16 12:28:40.461,1.28749,1.28768,1.50,1.50
2012.10.16 12:28:40.521,1.28751,1.28768,1.50,1.50
2012.10.16 12:28:40.820,1.28759,1.28777,1.54,1.58
2012.10.16 12:28:40.940,1.2876,1.28777,1.54,1.50
2012.10.16 12:28:41.062,1.2876,1.28781,2.29,1.50
2012.10.16 12:28:41.931,1.28763,1.28781,1.32,1.50
2012.10.16 12:28:42.483,1.28765,1.28783,1.32,2.25
2012.10.16 12:28:42.552,1.28765,1.28784,2.07,1.50
2012.10.16 12:28:43.137,1.28765,1.28785,2.29,1.50
2012.10.16 12:28:43.822,1.28766,1.28786,2.07,2.25
2012.10.16 12:28:45.640,1.28765,1.28786,1.73,2.25
2012.10.16 12:28:45.940,1.28763,1.28784,2.29,1.50
2012.10.16 12:28:47.852,1.28763,1.28784,2.29,1.50
2012.10.16 12:28:48.163,1.28766,1.28786,2.48,1.50
2012.10.16 12:28:48.233,1.28768,1.28788,1.50,1.52
2012.10.16 12:28:48.483,1.28768,1.28788,1.50,2.27
2012.10.16 12:28:48.790,1.28766,1.28786,1.73,1.50
2012.10.16 12:28:49.142,1.28766,1.28786,1.73,1.50
2012.10.16 12:28:49.341,1.28767,1.28784,1.32,1.50
2012.10.16 12:28:49.752,1.28767,1.28782,1.32,1.50
2012.10.16 12:28:49.953,1.28767,1.28786,1.32,2.25
2012.10.16 12:28:50.600,1.28765,1.28786,2.07,3.00
2012.10.16 12:28:50.720,1.28764,1.28786,1.13,4.50
2012.10.16 12:28:50.843,1.28763,1.28782,1.92,1.50
2012.10.16 12:28:50.971,1.28761,1.28782,1.50,1.50
2012.10.16 12:28:51.494,1.28759,1.28781,1.32,1.50
2012.10.16 12:28:51.680,1.28761,1.28781,1.50,1.50
2012.10.16 12:28:51.932,1.2876,1.2878,1.35,2.25
2012.10.16 12:28:52.623,1.28761,1.2878,1.32,2.25
2012.10.16 12:28:53.280,1.28761,1.2878,2.07,1.50
2012.10.16 12:28:53.791,1.28758,1.2878,3.00,2.07
2012.10.16 12:28:54.191,1.28758,1.2878,1.50,2.07
2012.10.16 12:28:55.080,1.28757,1.28779,2.07,1.50
2012.10.16 12:28:55.141,1.28761,1.2878,1.50,2.07
2012.10.16 12:28:55.263,1.2876,1.2878,2.07,1.50
2012.10.16 12:28:55.390,1.2876,1.2878,2.07,1.50
2012.10.16 12:28:55.894,1.2876,1.28781,2.07,1.50
2012.10.16 12:28:56.085,1.2876,1.28781,2.07,1.50
2012.10.16 12:28:56.485,1.2876,1.28779,1.32,1.50
2012.10.16 12:28:56.629,1.2876,1.28779,1.17,1.50
2012.10.16 12:28:56.832,1.28759,1.28779,1.54,1.50
2012.10.16 12:28:56.915,1.2876,1.28779,1.32,1.50
2012.10.16 12:28:57.053,1.28765,1.28785,1.50,1.50
2012.10.16 12:28:57.123,1.2877,1.28786,2.48,2.14
2012.10.16 12:28:57.431,1.28773,1.28786,2.44,1.32
2012.10.16 12:28:57.611,1.28776,1.28797,1.50,2.07
2012.10.16 12:28:57.730,1.28777,1.28797,1.73,1.32
2012.10.16 12:28:58.031,1.28783,1.28803,1.50,1.13
2012.10.16 12:28:58.151,1.28783,1.28804,1.50,1.54
2012.10.16 12:28:58.481,1.28783,1.28803,1.50,2.07
2012.10.16 12:28:58.872,1.28786,1.28803,1.50,1.32
2012.10.16 12:28:59.182,1.28793,1.28806,1.32,1.54
2012.10.16 12:28:59.361,1.28793,1.28806,1.32,1.32
2012.10.16 12:28:59.961,1.28793,1.2881,1.32,2.25
2012.10.16 12:29:00.022,1.28795,1.2881,1.50,2.25
2012.10.16 12:29:00.211,1.28795,1.28813,1.50,2.15
2012.10.16 12:29:00.642,1.28808,1.28818,1.32,1.65
2012.10.16 12:29:01.202,1.28808,1.28823,1.32,1.35
2012.10.16 12:29:01.917,1.28806,1.28824,1.50,1.32
2012.10.16 12:29:02.042,1.28802,1.28821,2.07,1.50
2012.10.16 12:29:02.111,1.28802,1.28821,2.07,1.70
2012.10.16 12:29:02.794,1.288,1.28821,2.07,1.70
2012.10.16 12:29:02.861,1.28804,1.28821,1.32,1.50
2012.10.16 12:29:03.410,1.28804,1.28823,1.32,2.10
2012.10.16 12:29:03.592,1.28806,1.28822,2.07,1.50
2012.10.16 12:29:03.662,1.28813,1.28824,2.25,1.50
2012.10.16 12:29:03.792,1.28815,1.28824,1.32,1.50
2012.10.16 12:29:04.390,1.28815,1.28826,1.32,1.20
2012.10.16 12:29:04.466,1.28817,1.28839,1.50,3.02
2012.10.16 12:29:04.536,1.28822,1.28839,1.50,1.32
2012.10.16 12:29:04.749,1.28817,1.2884,2.85,2.25
2012.10.16 12:29:04.813,1.28817,1.28836,2.48,1.13
2012.10.16 12:29:04.884,1.28817,1.28836,1.50,1.13
2012.10.16 12:29:04.951,1.28814,1.28834,1.50,1.32
2012.10.16 12:29:05.311,1.28812,1.28829,2.18,1.88
2012.10.16 12:29:05.404,1.28806,1.28829,2.25,1.88
2012.10.16 12:29:06.665,1.28811,1.28827,1.50,1.32
2012.10.16 12:29:06.852,1.2881,1.28832,1.54,1.50
2012.10.16 12:29:07.236,1.28809,1.28827,1.32,1.50
2012.10.16 12:29:07.783,1.28799,1.28822,2.48,1.32
2012.10.16 12:29:07.852,1.28799,1.28821,1.50,1.32
2012.10.16 12:29:08.220,1.28796,1.28822,1.54,2.63
2012.10.16 12:29:08.531,1.28804,1.28821,1.50,1.13
2012.10.16 12:29:08.842,1.28804,1.28826,1.50,1.03
2012.10.16 12:29:09.395,1.28802,1.28826,1.73,1.50
2012.10.16 12:29:09.462,1.28801,1.28826,3.38,2.25
2012.10.16 12:29:09.532,1.28801,1.28825,2.82,3.00
2012.10.16 12:29:09.840,1.28801,1.28826,2.82,1.88
2012.10.16 12:29:10.202,1.288,1.28823,1.50,1.13
2012.10.16 12:29:10.661,1.288,1.28823,1.50,1.13
2012.10.16 12:29:10.722,1.28802,1.28825,2.29,1.33
2012.10.16 12:29:10.792,1.28802,1.28825,2.29,2.08
2012.10.16 12:29:10.981,1.288,1.28825,1.88,1.13
2012.10.16 12:29:11.041,1.288,1.28822,1.32,1.32
2012.10.16 12:29:11.403,1.28802,1.28825,1.54,1.13
2012.10.16 12:29:11.601,1.288,1.28816,2.07,1.32
2012.10.16 12:29:11.732,1.288,1.28823,1.50,1.18
2012.10.16 12:29:11.991,1.28797,1.28821,1.54,1.50
2012.10.16 12:29:12.052,1.28796,1.28818,2.07,1.32
2012.10.16 12:29:12.181,1.28798,1.28817,1.35,1.32
2012.10.16 12:29:12.361,1.28805,1.28827,1.54,1.65
2012.10.16 12:29:12.423,1.28805,1.28827,1.54,1.65
2012.10.16 12:29:12.671,1.28802,1.28823,2.29,3.00
2012.10.16 12:29:12.731,1.28802,1.28819,1.54,1.32
2012.10.16 12:29:12.793,1.28802,1.28819,1.32,1.32
2012.10.16 12:29:12.993,1.2881,1.28827,1.32,2.00
2012.10.16 12:29:13.381,1.28812,1.28829,1.58,2.06
2012.10.16 12:29:13.502,1.28812,1.28834,1.58,1.50
2012.10.16 12:29:13.653,1.28812,1.28828,1.58,3.00
2012.10.16 12:29:13.721,1.28808,1.28822,2.56,1.32
2012.10.16 12:29:14.365,1.28808,1.28822,2.18,1.32
2012.10.16 12:29:14.443,1.28802,1.28821,2.25,1.32
2012.10.16 12:29:14.981,1.288,1.28821,1.50,1.32
2012.10.16 12:29:15.281,1.288,1.28822,1.73,1.32
2012.10.16 12:29:15.832,1.28801,1.28825,2.89,1.50
2012.10.16 12:29:16.681,1.28802,1.28825,1.32,1.50
2012.10.16 12:29:17.204,1.28802,1.28825,2.07,1.50
2012.10.16 12:29:17.709,1.28802,1.28825,1.32,1.50
2012.10.16 12:29:18.273,1.28802,1.28825,2.07,1.50
2012.10.16 12:29:18.951,1.28802,1.28827,2.82,2.07
2012.10.16 12:29:19.551,1.28802,1.28824,1.32,1.50
2012.10.16 12:29:19.612,1.28802,1.28827,1.32,2.07
2012.10.16 12:29:19.805,1.28801,1.28823,1.73,1.69
2012.10.16 12:29:20.170,1.28799,1.28821,1.32,1.32
2012.10.16 12:29:20.721,1.28801,1.28821,1.32,1.32
2012.10.16 12:29:21.261,1.288,1.28823,1.32,1.32
2012.10.16 12:29:22.676,1.28797,1.28818,1.54,1.50
2012.10.16 12:29:22.744,1.28796,1.28814,2.48,1.32
2012.10.16 12:29:23.595,1.28796,1.28814,1.50,1.32
2012.10.16 12:29:23.971,1.28791,1.28813,2.29,3.00
2012.10.16 12:29:24.212,1.28785,1.28801,2.25,1.32
2012.10.16 12:29:24.281,1.28791,1.28808,1.54,1.50
2012.10.16 12:29:24.342,1.28791,1.2881,1.54,1.50
2012.10.16 12:29:24.411,1.28791,1.28812,1.32,1.50
2012.10.16 12:29:24.471,1.28791,1.28813,1.32,3.00
2012.10.16 12:29:24.652,1.28791,1.28812,1.50,1.32
2012.10.16 12:29:24.726,1.28791,1.28807,1.50,1.50
2012.10.16 12:29:25.043,1.28786,1.28805,1.32,1.50
2012.10.16 12:29:25.244,1.28786,1.28806,1.32,2.25
2012.10.16 12:29:25.373,1.28786,1.28805,1.32,1.50
2012.10.16 12:29:25.682,1.28781,1.28792,1.50,1.32
2012.10.16 12:29:25.871,1.28784,1.28799,1.32,3.12
2012.10.16 12:29:25.993,1.28787,1.288,1.32,1.50
2012.10.16 12:29:26.500,1.28787,1.2881,1.32,1.50
2012.10.16 12:29:26.931,1.28787,1.2881,1.32,2.25
2012.10.16 12:29:26.992,1.28793,1.28809,1.32,2.25
2012.10.16 12:29:27.252,1.28794,1.28815,1.32,1.58
2012.10.16 12:29:27.812,1.28796,1.28815,1.54,1.50
2012.10.16 12:29:28.571,1.28795,1.28815,1.54,1.50
2012.10.16 12:29:28.943,1.28794,1.28812,1.92,1.50
2012.10.16 12:29:29.276,1.28789,1.28808,1.50,2.07
2012.10.16 12:29:29.611,1.28792,1.28809,1.32,3.00
2012.10.16 12:29:29.850,1.28792,1.28809,1.32,1.50
2012.10.16 12:29:29.910,1.28786,1.28807,2.29,3.00
2012.10.16 12:29:30.091,1.28789,1.28802,1.32,1.32
2012.10.16 12:29:30.418,1.28789,1.28805,2.29,1.32
2012.10.16 12:29:30.493,1.28791,1.28811,1.32,2.25
2012.10.16 12:29:30.925,1.28791,1.28811,2.07,2.25
2012.10.16 12:29:31.280,1.28793,1.28813,1.73,1.50
2012.10.16 12:29:32.971,1.28794,1.28814,1.54,3.00
2012.10.16 12:29:33.105,1.28794,1.28814,1.54,3.00
2012.10.16 12:29:33.172,1.28795,1.28814,1.54,2.25
2012.10.16 12:29:33.660,1.2879,1.28812,1.50,2.25
2012.10.16 12:29:33.722,1.28789,1.2881,2.07,1.50
2012.10.16 12:29:34.031,1.28791,1.28811,1.50,1.50
2012.10.16 12:29:34.362,1.28797,1.28814,1.32,2.25
2012.10.16 12:29:34.691,1.28793,1.28808,1.32,1.32
2012.10.16 12:29:34.751,1.28791,1.28808,4.06,1.32
2012.10.16 12:29:34.870,1.28793,1.28808,1.50,1.32
2012.10.16 12:29:35.231,1.2879,1.2881,1.32,1.50
2012.10.16 12:29:35.291,1.28792,1.28814,1.50,2.07
2012.10.16 12:29:35.965,1.28797,1.28816,1.32,1.50
2012.10.16 12:29:37.613,1.28794,1.28815,3.60,1.50
2012.10.16 12:29:37.681,1.28795,1.28811,1.54,1.32
2012.10.16 12:29:37.921,1.28791,1.28811,2.18,1.73
2012.10.16 12:29:38.434,1.28793,1.28814,1.50,1.50
2012.10.16 12:29:39.433,1.2879,1.28811,2.25,1.73
2012.10.16 12:29:39.502,1.28789,1.28809,1.32,1.50
2012.10.16 12:29:40.702,1.28786,1.28808,2.25,1.32
2012.10.16 12:29:41.262,1.28785,1.28806,1.50,1.50
2012.10.16 12:29:41.723,1.28783,1.28804,3.00,1.50
2012.10.16 12:29:42.835,1.28786,1.28808,1.50,2.07
2012.10.16 12:29:43.112,1.28784,1.28807,1.50,1.50
2012.10.16 12:29:43.181,1.28784,1.28805,1.50,1.32
2012.10.16 12:29:43.240,1.28783,1.28801,1.50,1.32
2012.10.16 12:29:43.361,1.2878,1.28801,1.50,1.32
2012.10.16 12:29:43.480,1.2878,1.28802,2.25,1.73
2012.10.16 12:29:43.540,1.28783,1.28806,1.50,2.25
2012.10.16 12:29:43.601,1.28783,1.28806,1.50,2.25
2012.10.16 12:29:44.190,1.28783,1.28806,1.50,2.25
2012.10.16 12:29:44.873,1.28783,1.28806,1.50,2.25
2012.10.16 12:29:44.943,1.28789,1.28808,1.50,1.93
2012.10.16 12:29:45.561,1.28788,1.28808,1.50,1.50
2012.10.16 12:29:46.069,1.28785,1.28806,1.50,1.50
2012.10.16 12:29:46.400,1.28785,1.28806,1.50,1.50
2012.10.16 12:29:47.442,1.28782,1.28807,2.07,2.25
2012.10.16 12:29:47.572,1.28781,1.28802,1.73,1.50
2012.10.16 12:29:47.881,1.28785,1.28805,1.50,1.50
2012.10.16 12:29:48.182,1.2879,1.28808,1.50,1.50
2012.10.16 12:29:48.943,1.28788,1.28808,2.29,1.50
2012.10.16 12:29:49.334,1.28787,1.28812,1.50,2.07
2012.10.16 12:29:50.751,1.28789,1.28814,1.50,1.50
2012.10.16 12:29:51.635,1.28793,1.28817,1.50,1.73
2012.10.16 12:29:51.702,1.28794,1.28818,1.50,1.50
2012.10.16 12:29:52.193,1.28794,1.28817,2.25,1.50
2012.10.16 12:29:52.321,1.2879,1.28814,2.25,1.50
2012.10.16 12:29:52.381,1.2879,1.28811,1.50,1.50
2012.10.16 12:29:53.542,1.28793,1.28814,1.50,1.50
2012.10.16 12:29:53.882,1.28796,1.28817,1.50,1.32
2012.10.16 12:29:54.433,1.28796,1.28817,1.50,1.32
2012.10.16 12:29:55.065,1.28795,1.28818,1.73,2.25
2012.10.16 12:29:55.191,1.28793,1.28819,1.73,1.50
2012.10.16 12:29:55.802,1.28788,1.28827,2.10,1.73
2012.10.16 12:29:56.104,1.28788,1.28827,2.10,1.73
2012.10.16 12:29:58.114,1.28788,1.28826,2.10,1.50
2012.10.16 12:29:59.250,1.28787,1.28826,2.10,1.50
2012.10.16 12:29:59.633,1.28793,1.2883,1.59,3.27
2012.10.16 12:30:00.193,1.28788,1.28829,2.10,1.73
2012.10.16 12:30:00.465,1.28788,1.28823,2.10,1.73
2012.10.16 12:30:00.533,1.28783,1.28825,1.58,1.45
2012.10.16 12:30:00.751,1.28791,1.28826,2.10,1.73
2012.10.16 12:30:00.832,1.28791,1.28826,1.13,1.73
2012.10.16 12:30:00.974,1.28776,1.28826,1.61,1.93
2012.10.16 12:30:01.047,1.28789,1.28825,1.35,1.41
2012.10.16 12:30:01.187,1.28789,1.2882,1.58,1.50
2012.10.16 12:30:01.262,1.28782,1.28819,2.48,1.58
2012.10.16 12:30:01.556,1.28781,1.28819,1.88,2.76
2012.10.16 12:30:01.772,1.28787,1.2882,2.10,1.73
2012.10.16 12:30:02.049,1.28786,1.28819,2.44,1.50
2012.10.16 12:30:02.397,1.28787,1.28828,1.20,1.73
2012.10.16 12:30:02.733,1.28788,1.2883,1.61,2.44
2012.10.16 12:30:03.253,1.2879,1.28827,3.86,1.50
2012.10.16 12:30:03.798,1.28792,1.2883,1.38,2.45
2012.10.16 12:30:04.114,1.28793,1.2883,1.73,3.23
2012.10.16 12:30:04.753,1.2879,1.28825,1.73,1.18
2012.10.16 12:30:05.255,1.2879,1.28825,1.73,1.18
2012.10.16 12:30:05.626,1.28787,1.28822,1.73,1.18
2012.10.16 12:30:05.955,1.28794,1.28823,1.73,1.50
2012.10.16 12:30:06.166,1.28793,1.28823,1.73,2.48
2012.10.16 12:30:06.355,1.28794,1.28823,1.73,2.25
2012.10.16 12:30:07.139,1.2879,1.28823,1.73,2.48
2012.10.16 12:30:07.264,1.2879,1.2882,1.73,1.73
2012.10.16 12:30:08.764,1.28783,1.28815,2.85,1.50
2012.10.16 12:30:09.274,1.28784,1.28815,1.54,1.50
2012.10.16 12:30:09.766,1.28784,1.28815,1.54,1.50
2012.10.16 12:30:09.997,1.28784,1.28815,1.54,1.50
2012.10.16 12:30:10.194,1.28784,1.28818,1.54,1.74
2012.10.16 12:30:10.476,1.28795,1.2882,1.32,1.50
2012.10.16 12:30:10.615,1.28793,1.2882,1.73,1.50
2012.10.16 12:30:10.684,1.2879,1.2882,2.48,1.50
2012.10.16 12:30:11.805,1.28794,1.28816,1.50,1.50
2012.10.16 12:30:12.514,1.2879,1.28812,1.50,1.50
2012.10.16 12:30:12.583,1.28789,1.2881,1.73,1.50
2012.10.16 12:30:12.725,1.28786,1.28807,1.73,1.50
2012.10.16 12:30:12.792,1.28786,1.28805,1.73,1.50
2012.10.16 12:30:13.043,1.28786,1.28805,1.50,1.73
2012.10.16 12:30:13.443,1.28786,1.28804,1.50,1.50
2012.10.16 12:30:13.642,1.28782,1.28804,1.73,1.50
2012.10.16 12:30:13.952,1.28785,1.28804,1.50,2.25
2012.10.16 12:30:14.271,1.28783,1.28804,1.50,1.50
2012.10.16 12:30:14.783,1.28781,1.28802,1.73,1.50
2012.10.16 12:30:15.395,1.28781,1.28803,1.73,1.50
2012.10.16 12:30:15.905,1.2878,1.28804,1.73,2.25
2012.10.16 12:30:16.048,1.28776,1.28798,2.10,1.32
2012.10.16 12:30:16.114,1.28778,1.28799,2.25,2.29
2012.10.16 12:30:16.386,1.2878,1.28801,1.13,1.50
2012.10.16 12:30:16.456,1.28785,1.28804,1.50,1.54
2012.10.16 12:30:16.524,1.28785,1.28807,1.50,5.48
2012.10.16 12:30:16.738,1.28784,1.28806,1.50,2.25
2012.10.16 12:30:16.942,1.28785,1.28807,1.73,3.75
2012.10.16 12:30:17.281,1.28785,1.28806,1.73,1.50
2012.10.16 12:30:17.702,1.28789,1.28806,1.88,1.50
2012.10.16 12:30:18.044,1.28787,1.28809,2.25,2.25
2012.10.16 12:30:18.117,1.2879,1.28807,1.50,1.32
2012.10.16 12:30:18.253,1.28788,1.28807,1.73,2.07
2012.10.16 12:30:18.320,1.28788,1.28807,1.73,1.50
2012.10.16 12:30:18.442,1.28786,1.28807,1.73,2.07
2012.10.16 12:30:18.752,1.28787,1.28807,2.25,1.32
2012.10.16 12:30:18.824,1.28787,1.28808,1.50,2.07
2012.10.16 12:30:18.891,1.28789,1.28808,1.50,2.07
2012.10.16 12:30:19.073,1.28797,1.28814,1.50,1.50
2012.10.16 12:30:19.142,1.28794,1.28811,1.73,1.50
2012.10.16 12:30:19.212,1.28791,1.28811,2.07,2.25
2012.10.16 12:30:19.285,1.28791,1.28811,1.50,1.50
2012.10.16 12:30:19.694,1.28796,1.28815,1.50,2.07
2012.10.16 12:30:19.763,1.28799,1.28817,1.50,1.95
2012.10.16 12:30:20.276,1.28797,1.28817,1.73,2.25
2012.10.16 12:30:21.721,1.28799,1.28818,1.73,1.50
2012.10.16 12:30:21.843,1.28799,1.28818,1.73,1.50
2012.10.16 12:30:21.972,1.28795,1.28817,1.50,2.45
2012.10.16 12:30:22.532,1.28795,1.28815,1.50,2.25
2012.10.16 12:30:23.153,1.28797,1.28816,1.13,1.50
2012.10.16 12:30:23.473,1.28801,1.28818,1.50,1.50
2012.10.16 12:30:23.601,1.28801,1.28819,1.50,2.25
2012.10.16 12:30:24.253,1.28799,1.28817,1.13,1.50
2012.10.16 12:30:25.004,1.28799,1.28817,1.13,2.25
2012.10.16 12:30:25.312,1.28788,1.28804,1.73,1.32
2012.10.16 12:30:25.442,1.28788,1.28804,1.50,2.07
2012.10.16 12:30:25.512,1.28787,1.28804,1.13,1.50
2012.10.16 12:30:26.063,1.28788,1.28806,1.32,2.78
2012.10.16 12:30:26.442,1.28788,1.28809,3.57,1.50
2012.10.16 12:30:26.512,1.2879,1.28809,1.50,1.50
2012.10.16 12:30:27.090,1.2879,1.28811,1.50,2.25
2012.10.16 12:30:29.422,1.2879,1.28811,2.63,1.50
2012.10.16 12:30:29.494,1.2879,1.2881,2.07,1.32
2012.10.16 12:30:30.002,1.28791,1.2881,1.13,1.32
2012.10.16 12:30:30.087,1.28793,1.28813,1.54,1.50
2012.10.16 12:30:31.227,1.28792,1.28813,1.54,1.32
2012.10.16 12:30:31.642,1.28797,1.28814,1.32,1.50
2012.10.16 12:30:31.773,1.28797,1.28815,1.32,2.25
2012.10.16 12:30:31.842,1.28797,1.28817,1.32,2.45
2012.10.16 12:30:32.311,1.28797,1.28816,1.32,1.70
2012.10.16 12:30:32.622,1.28794,1.28809,1.50,1.35
2012.10.16 12:30:32.812,1.28796,1.28813,1.13,1.32
2012.10.16 12:30:32.882,1.28794,1.28813,1.88,1.50
2012.10.16 12:30:33.072,1.28794,1.28811,1.50,1.32
2012.10.16 12:30:33.203,1.28792,1.28811,1.50,2.07
2012.10.16 12:30:33.552,1.28788,1.28807,1.50,2.07
2012.10.16 12:30:34.082,1.28788,1.28807,1.50,2.07
2012.10.16 12:30:34.782,1.28791,1.28811,1.50,2.25
2012.10.16 12:30:34.852,1.28791,1.28811,1.50,1.50
2012.10.16 12:30:35.033,1.28788,1.28807,1.73,1.32
2012.10.16 12:30:35.103,1.28788,1.28807,1.50,1.32
2012.10.16 12:30:35.177,1.28788,1.28805,1.50,1.35
2012.10.16 12:30:35.481,1.28778,1.28797,1.88,1.50
2012.10.16 12:30:35.663,1.28781,1.28801,1.92,1.50
2012.10.16 12:30:36.335,1.28781,1.288,1.92,1.50
2012.10.16 12:30:36.644,1.28781,1.28797,1.32,1.50
2012.10.16 12:30:37.161,1.28774,1.28787,4.50,3.23
2012.10.16 12:30:37.523,1.28774,1.28789,1.50,1.73
2012.10.16 12:30:37.664,1.28772,1.28791,1.50,1.50
2012.10.16 12:30:38.742,1.28768,1.28784,1.50,2.29
2012.10.16 12:30:38.814,1.28765,1.28782,2.25,2.10
2012.10.16 12:30:38.941,1.28765,1.28782,1.50,2.10
2012.10.16 12:30:39.071,1.28769,1.28784,1.50,1.54
2012.10.16 12:30:39.491,1.28773,1.28794,1.50,2.25
2012.10.16 12:30:40.012,1.28773,1.28794,1.50,2.25
2012.10.16 12:30:41.460,1.28773,1.28794,1.50,2.25
2012.10.16 12:30:41.673,1.28773,1.28794,1.50,2.25
2012.10.16 12:30:42.111,1.28773,1.28794,1.50,1.50
2012.10.16 12:30:42.233,1.28771,1.28792,2.07,1.50
2012.10.16 12:30:42.301,1.2877,1.28791,1.73,1.32
2012.10.16 12:30:42.602,1.28771,1.28792,1.32,1.73
2012.10.16 12:30:43.045,1.28771,1.28792,2.29,1.50
2012.10.16 12:30:43.426,1.2877,1.2879,3.42,1.32
2012.10.16 12:30:43.901,1.2877,1.28787,1.35,1.50
2012.10.16 12:30:44.204,1.28765,1.28782,1.13,1.50
2012.10.16 12:30:44.333,1.28765,1.28779,1.13,1.13
2012.10.16 12:30:44.745,1.28769,1.28783,1.50,1.32
2012.10.16 12:30:44.816,1.28769,1.28787,1.50,1.80
2012.10.16 12:30:44.954,1.28765,1.28783,1.54,1.50
2012.10.16 12:30:45.092,1.28764,1.28785,2.44,2.25
2012.10.16 12:30:45.163,1.28769,1.28789,1.50,2.07
2012.10.16 12:30:45.351,1.28769,1.28791,1.73,2.25
2012.10.16 12:30:45.603,1.28768,1.28789,1.54,1.50
2012.10.16 12:30:45.736,1.28765,1.28786,2.07,1.50
2012.10.16 12:30:45.801,1.28765,1.28786,1.50,1.50
2012.10.16 12:30:45.923,1.28765,1.28786,2.07,1.73
2012.10.16 12:30:46.261,1.28764,1.28781,1.13,1.32
2012.10.16 12:30:46.472,1.28762,1.28782,1.50,2.07
2012.10.16 12:30:47.083,1.28759,1.2878,2.25,1.32
2012.10.16 12:30:47.341,1.28761,1.2878,1.50,1.32
2012.10.16 12:30:47.701,1.28761,1.2878,1.50,1.32
2012.10.16 12:30:48.062,1.28762,1.28782,1.50,2.82
2012.10.16 12:30:48.192,1.28761,1.28779,1.50,1.50
2012.10.16 12:30:48.642,1.28763,1.2878,1.50,1.32
2012.10.16 12:30:49.166,1.28763,1.28779,1.50,1.50
2012.10.16 12:30:49.236,1.28763,1.28782,1.50,2.29
2012.10.16 12:30:49.391,1.28761,1.2878,1.50,2.07
2012.10.16 12:30:49.631,1.2876,1.28781,1.50,1.32
2012.10.16 12:30:49.750,1.2876,1.2878,1.50,1.50
2012.10.16 12:30:50.051,1.28759,1.2878,1.50,2.25
2012.10.16 12:30:50.590,1.2876,1.28779,1.50,1.17
2012.10.16 12:30:51.011,1.28761,1.2878,1.13,2.07
2012.10.16 12:30:51.083,1.28764,1.28781,1.32,1.50
2012.10.16 12:30:51.154,1.28764,1.28781,2.07,1.50
2012.10.16 12:30:51.283,1.28763,1.28781,1.32,1.50
2012.10.16 12:30:52.013,1.28763,1.2878,1.32,1.50
2012.10.16 12:30:52.397,1.28762,1.2878,1.13,1.50
2012.10.16 12:30:53.442,1.2876,1.28778,2.07,1.32
2012.10.16 12:30:53.512,1.2876,1.28775,1.50,1.32
2012.10.16 12:30:53.822,1.2876,1.28773,1.50,1.50
2012.10.16 12:30:53.951,1.28757,1.28773,1.50,1.50
2012.10.16 12:30:54.494,1.2875,1.28772,3.57,1.50
2012.10.16 12:30:54.683,1.2875,1.28768,2.82,1.32
2012.10.16 12:30:54.992,1.2875,1.28768,1.50,1.54
2012.10.16 12:30:55.051,1.2875,1.28768,1.50,1.54
2012.10.16 12:30:55.112,1.28748,1.28769,1.50,1.54
2012.10.16 12:30:55.659,1.28751,1.28768,1.50,1.73
2012.10.16 12:30:56.202,1.2875,1.2877,1.50,1.54
2012.10.16 12:30:56.322,1.28756,1.28771,1.50,1.54
2012.10.16 12:30:56.391,1.28748,1.28768,1.50,1.73
2012.10.16 12:30:56.933,1.28749,1.28769,1.50,1.73
2012.10.16 12:30:57.301,1.28749,1.28767,1.50,1.73
2012.10.16 12:30:57.422,1.28749,1.28765,1.50,1.32
2012.10.16 12:30:57.996,1.28747,1.28765,2.25,2.29
2012.10.16 12:30:58.074,1.2875,1.28765,1.13,1.50
2012.10.16 12:30:58.214,1.28746,1.28766,1.32,1.50
2012.10.16 12:30:58.282,1.28745,1.28762,1.69,1.73
2012.10.16 12:30:58.342,1.28745,1.28762,1.13,1.73
2012.10.16 12:30:58.531,1.28743,1.28762,1.65,1.73
2012.10.16 12:30:59.033,1.28741,1.28761,2.82,1.73
2012.10.16 12:30:59.282,1.28741,1.28757,1.50,1.54
2012.10.16 12:30:59.661,1.28741,1.2876,2.25,1.35
2012.10.16 12:30:59.722,1.28741,1.2876,2.25,1.35
2012.10.16 12:31:00.511,1.28738,1.28757,1.65,1.54
2012.10.16 12:31:01.014,1.28736,1.28756,1.58,1.73
2012.10.16 12:31:01.323,1.28732,1.2875,2.18,1.73
2012.10.16 12:31:01.391,1.28729,1.2875,1.50,1.73
2012.10.16 12:31:01.695,1.2874,1.2875,1.50,1.73
2012.10.16 12:31:01.832,1.28742,1.28753,1.32,1.50
2012.10.16 12:31:01.905,1.28742,1.28759,1.32,1.25
2012.10.16 12:31:01.971,1.28742,1.28759,1.32,1.05
2012.10.16 12:31:02.552,1.28742,1.28757,1.32,1.50
2012.10.16 12:31:03.722,1.28741,1.28758,1.32,1.50
2012.10.16 12:31:03.961,1.28739,1.2876,2.63,1.73
2012.10.16 12:31:04.201,1.28739,1.2876,1.32,2.48
2012.10.16 12:31:04.262,1.28737,1.28758,2.63,2.25
2012.10.16 12:31:04.622,1.28737,1.28753,1.50,2.10
2012.10.16 12:31:04.753,1.28742,1.28756,1.50,1.03
2012.10.16 12:31:05.001,1.28739,1.28757,1.50,2.29
2012.10.16 12:31:05.542,1.28738,1.28757,2.25,1.54
2012.10.16 12:31:06.092,1.2874,1.28759,1.50,1.50
2012.10.16 12:31:06.642,1.28741,1.28763,3.00,2.48
2012.10.16 12:31:06.952,1.28741,1.2876,2.25,1.73
2012.10.16 12:31:07.023,1.28739,1.28755,1.32,2.07
2012.10.16 12:31:07.092,1.28739,1.28752,2.25,1.32
2012.10.16 12:31:07.564,1.28741,1.28754,1.50,1.50
2012.10.16 12:31:07.637,1.28742,1.28763,1.50,1.73
2012.10.16 12:31:07.833,1.28745,1.28765,1.50,1.62
2012.10.16 12:31:07.901,1.28747,1.28765,1.50,1.54
2012.10.16 12:31:08.141,1.28747,1.28765,1.50,1.54
2012.10.16 12:31:08.454,1.28745,1.28763,1.50,1.54
2012.10.16 12:31:08.522,1.28743,1.28763,1.35,2.29
2012.10.16 12:31:08.592,1.28742,1.28761,1.35,1.54
2012.10.16 12:31:08.902,1.28736,1.28752,1.88,1.54
2012.10.16 12:31:09.151,1.28737,1.28754,2.25,3.23
2012.10.16 12:31:09.342,1.28737,1.28753,1.50,2.29
2012.10.16 12:31:09.593,1.28741,1.2876,1.35,1.25
2012.10.16 12:31:09.722,1.28748,1.28762,2.10,3.04
2012.10.16 12:31:10.052,1.28748,1.28764,1.50,1.58
2012.10.16 12:31:10.382,1.28744,1.28763,1.50,1.73
2012.10.16 12:31:10.574,1.28746,1.28766,1.50,2.29
2012.10.16 12:31:10.703,1.28746,1.28765,1.50,1.73
2012.10.16 12:31:10.832,1.28746,1.28765,1.50,1.73
2012.10.16 12:31:11.421,1.28744,1.28764,1.88,1.73
2012.10.16 12:31:12.017,1.28745,1.28766,1.13,2.29
2012.10.16 12:31:12.098,1.28746,1.28765,1.32,1.73
2012.10.16 12:31:12.353,1.28745,1.28764,1.50,1.54
2012.10.16 12:31:12.555,1.28744,1.28763,1.50,1.54
2012.10.16 12:31:12.753,1.28744,1.28763,1.50,1.32
2012.10.16 12:31:12.822,1.28745,1.28765,1.13,1.32
2012.10.16 12:31:12.893,1.28746,1.28766,1.50,1.32
2012.10.16 12:31:13.233,1.28749,1.28767,2.10,1.32
2012.10.16 12:31:13.361,1.28749,1.2877,2.67,1.50
2012.10.16 12:31:13.422,1.28755,1.28771,1.50,1.50
2012.10.16 12:31:13.732,1.28755,1.28774,1.50,2.29
2012.10.16 12:31:14.633,1.28756,1.28774,1.35,1.54
2012.10.16 12:31:14.880,1.28757,1.28777,1.50,2.48
2012.10.16 12:31:15.061,1.28757,1.28777,1.50,1.73
2012.10.16 12:31:15.243,1.28755,1.28775,1.13,2.48
2012.10.16 12:31:15.312,1.28754,1.28774,2.25,1.54
2012.10.16 12:31:15.692,1.28754,1.2877,1.13,3.23
2012.10.16 12:31:16.002,1.2875,1.28767,2.25,2.29
2012.10.16 12:31:16.061,1.2875,1.28767,2.25,2.29
2012.10.16 12:31:16.124,1.28754,1.28767,1.50,2.29
2012.10.16 12:31:16.552,1.2875,1.28763,1.50,1.73
2012.10.16 12:31:16.635,1.28744,1.28762,2.25,1.73
2012.10.16 12:31:16.790,1.28746,1.28762,1.50,1.73
2012.10.16 12:31:17.123,1.28753,1.28763,1.50,1.50
2012.10.16 12:31:17.252,1.28746,1.28762,1.50,1.73
2012.10.16 12:31:17.396,1.28748,1.28762,1.50,1.73
2012.10.16 12:31:17.673,1.28748,1.28761,1.50,1.54
2012.10.16 12:31:17.922,1.28744,1.28755,1.50,1.50
2012.10.16 12:31:17.991,1.28742,1.28755,1.50,2.29
2012.10.16 12:31:18.172,1.28737,1.28753,1.88,1.54
2012.10.16 12:31:18.291,1.28736,1.2875,2.25,1.73
2012.10.16 12:31:18.411,1.28734,1.28748,1.50,1.54
2012.10.16 12:31:18.532,1.28734,1.28748,2.25,1.54
2012.10.16 12:31:18.840,1.28735,1.28753,1.50,1.54
2012.10.16 12:31:19.084,1.28735,1.28754,2.25,1.54
2012.10.16 12:31:19.456,1.28735,1.28754,1.50,1.54
2012.10.16 12:31:19.582,1.28734,1.28753,3.75,1.54
2012.10.16 12:31:19.653,1.28734,1.28753,2.25,1.54
2012.10.16 12:31:19.902,1.28733,1.28753,1.50,1.54
2012.10.16 12:31:20.440,1.28733,1.28753,1.50,1.54
2012.10.16 12:31:20.693,1.28736,1.28754,1.88,1.54
2012.10.16 12:31:21.122,1.28737,1.28757,3.00,1.35
2012.10.16 12:31:21.192,1.28739,1.28757,1.50,1.35
2012.10.16 12:31:21.455,1.2874,1.28758,1.50,5.29
2012.10.16 12:31:21.871,1.28737,1.28758,3.00,5.29
2012.10.16 12:31:22.113,1.28742,1.28758,1.50,2.10
2012.10.16 12:31:22.253,1.28744,1.28758,1.50,1.35
2012.10.16 12:31:22.454,1.28744,1.28758,1.50,1.54
2012.10.16 12:31:22.665,1.28742,1.2876,1.50,2.10
2012.10.16 12:31:22.872,1.28747,1.2876,1.50,2.10
2012.10.16 12:31:23.112,1.2875,1.28762,1.50,2.29
2012.10.16 12:31:23.241,1.2875,1.28762,1.50,1.54
2012.10.16 12:31:23.462,1.28746,1.28762,1.50,1.54
2012.10.16 12:31:24.403,1.28744,1.28762,2.63,1.54
2012.10.16 12:31:24.470,1.28744,1.28762,1.88,1.54
2012.10.16 12:31:24.911,1.28745,1.28764,1.13,2.29
2012.10.16 12:31:25.317,1.28756,1.28764,1.50,2.29
2012.10.16 12:31:25.440,1.28745,1.28764,1.13,2.29
2012.10.16 12:31:25.642,1.28745,1.28764,1.88,2.29
2012.10.16 12:31:26.276,1.28744,1.28764,3.00,2.29
2012.10.16 12:31:26.560,1.28744,1.28762,3.00,1.54
2012.10.16 12:31:26.800,1.28745,1.28763,1.13,1.54
2012.10.16 12:31:26.922,1.28745,1.28763,1.88,1.54
2012.10.16 12:31:26.981,1.28745,1.28763,2.63,1.54
2012.10.16 12:31:27.101,1.28754,1.28764,1.50,1.54
2012.10.16 12:31:27.220,1.28754,1.28763,1.50,1.54
2012.10.16 12:31:27.291,1.28751,1.28763,1.50,1.54
2012.10.16 12:31:27.472,1.28746,1.28762,1.50,1.32
2012.10.16 12:31:27.531,1.28744,1.28762,1.50,1.54
2012.10.16 12:31:27.713,1.28748,1.28763,1.50,2.29
2012.10.16 12:31:28.141,1.28746,1.28763,1.50,2.29
2012.10.16 12:31:28.200,1.28744,1.28762,2.25,1.54
2012.10.16 12:31:28.261,1.28744,1.28762,2.25,1.32
2012.10.16 12:31:28.853,1.28744,1.28762,2.25,1.32
2012.10.16 12:31:29.845,1.28744,1.28762,3.38,1.54
2012.10.16 12:31:30.740,1.28744,1.28763,2.25,1.54
2012.10.16 12:31:32.341,1.28744,1.2876,1.50,3.23
2012.10.16 12:31:32.666,1.28738,1.28758,1.50,2.29
2012.10.16 12:31:32.805,1.2874,1.28758,1.50,1.54
2012.10.16 12:31:33.073,1.2874,1.28758,2.25,1.54
2012.10.16 12:31:33.213,1.28742,1.28759,1.50,2.10
2012.10.16 12:31:33.357,1.2874,1.28756,3.00,1.54
2012.10.16 12:31:33.497,1.2874,1.28759,2.25,1.35
2012.10.16 12:31:33.637,1.28741,1.28759,1.50,1.35
2012.10.16 12:31:33.941,1.28745,1.28764,1.50,1.05
2012.10.16 12:31:34.442,1.28743,1.28763,1.50,1.73
2012.10.16 12:31:34.787,1.28742,1.28763,2.25,1.73
2012.10.16 12:31:35.456,1.28741,1.28758,2.82,1.18
2012.10.16 12:31:35.886,1.28735,1.28753,1.50,2.48
2012.10.16 12:31:35.964,1.28732,1.28753,2.63,1.73
2012.10.16 12:31:36.251,1.28734,1.28755,1.50,1.54
2012.10.16 12:31:36.387,1.28734,1.28755,2.25,1.32
2012.10.16 12:31:36.877,1.28732,1.28751,1.13,1.50
2012.10.16 12:31:37.003,1.28734,1.28754,1.50,1.88
2012.10.16 12:31:37.531,1.28735,1.28754,1.50,2.10
2012.10.16 12:31:38.382,1.28735,1.28757,2.25,2.29
2012.10.16 12:31:38.821,1.28735,1.28758,2.25,2.29
2012.10.16 12:31:39.408,1.28737,1.28758,1.50,2.10
2012.10.16 12:31:39.724,1.28739,1.28759,1.50,1.32
2012.10.16 12:31:40.112,1.28738,1.28759,1.50,1.32
2012.10.16 12:31:41.017,1.28739,1.28759,1.50,1.32
2012.10.16 12:31:41.511,1.28739,1.28759,3.00,1.32
2012.10.16 12:31:42.125,1.28738,1.28759,2.25,1.32
2012.10.16 12:31:43.410,1.28739,1.28759,1.50,1.32
2012.10.16 12:31:43.650,1.28738,1.28759,2.25,1.32
2012.10.16 12:31:44.022,1.28738,1.28756,2.25,1.58
2012.10.16 12:31:45.052,1.28739,1.28758,1.50,1.65
2012.10.16 12:31:45.570,1.28745,1.28766,1.50,2.37
2012.10.16 12:31:45.691,1.28745,1.28766,1.50,2.07
2012.10.16 12:31:46.739,1.28746,1.28766,2.10,1.32
2012.10.16 12:31:47.107,1.28751,1.28768,2.63,1.50
2012.10.16 12:31:47.411,1.28756,1.28771,1.35,1.48
2012.10.16 12:31:47.962,1.28759,1.28771,1.50,1.40
2012.10.16 12:31:48.081,1.28758,1.28771,1.32,1.40
2012.10.16 12:31:48.321,1.28756,1.28771,1.50,1.48
2012.10.16 12:31:48.832,1.28755,1.28771,1.50,1.48
2012.10.16 12:31:49.531,1.28757,1.28771,1.50,1.40
2012.10.16 12:31:50.033,1.28758,1.28771,1.50,1.40
2012.10.16 12:31:50.363,1.28763,1.28778,1.50,2.00
2012.10.16 12:31:50.672,1.28765,1.28778,1.50,1.25
2012.10.16 12:31:50.802,1.28765,1.2878,1.50,1.52
2012.10.16 12:31:50.874,1.28762,1.28774,1.88,2.07
2012.10.16 12:31:51.196,1.28758,1.28772,1.50,1.32
2012.10.16 12:31:51.522,1.28754,1.28772,1.50,2.29
2012.10.16 12:31:51.654,1.28751,1.28771,1.50,2.48
2012.10.16 12:31:51.852,1.2875,1.28771,1.50,2.48
2012.10.16 12:31:52.444,1.2875,1.28771,2.07,1.50
2012.10.16 12:31:52.951,1.2875,1.28768,2.07,1.50
2012.10.16 12:31:53.342,1.2875,1.28768,1.32,1.50
2012.10.16 12:31:53.463,1.2875,1.28771,1.32,1.93
2012.10.16 12:31:53.533,1.2875,1.28771,1.32,1.93
2012.10.16 12:31:54.379,1.28746,1.28762,2.25,1.50
2012.10.16 12:31:54.722,1.28735,1.28747,2.44,1.65
2012.10.16 12:31:54.974,1.28735,1.28747,3.00,1.50
2012.10.16 12:31:55.313,1.28735,1.28745,2.44,1.50
2012.10.16 12:31:55.457,1.28722,1.28739,1.50,1.47
2012.10.16 12:31:55.528,1.28722,1.28742,1.50,1.47
2012.10.16 12:31:55.772,1.2872,1.28742,5.25,1.54
2012.10.16 12:31:56.152,1.2872,1.28741,1.88,2.29
2012.10.16 12:31:56.512,1.28719,1.28735,1.50,1.54
2012.10.16 12:31:57.150,1.28716,1.28735,1.50,2.29
2012.10.16 12:31:57.224,1.28714,1.28735,1.50,1.54
2012.10.16 12:31:57.516,1.28714,1.2873,1.50,1.88
2012.10.16 12:31:57.584,1.28718,1.28736,1.13,2.25
2012.10.16 12:31:58.112,1.28723,1.28743,2.25,1.05
2012.10.16 12:31:58.471,1.28721,1.28741,1.32,1.50
2012.10.16 12:31:58.532,1.28717,1.28735,2.59,1.54
2012.10.16 12:31:58.893,1.28716,1.28733,2.82,1.73
2012.10.16 12:31:59.142,1.28716,1.28733,1.50,1.73
2012.10.16 12:31:59.501,1.28717,1.28735,1.13,1.54
2012.10.16 12:31:59.561,1.28716,1.28735,1.13,1.54
2012.10.16 12:31:59.801,1.28716,1.28732,1.50,1.50
2012.10.16 12:32:00.110,1.28722,1.28737,1.50,1.73
2012.10.16 12:32:00.214,1.28722,1.28742,1.50,3.30
2012.10.16 12:32:00.344,1.28722,1.28742,1.50,2.48
2012.10.16 12:32:00.793,1.2872,1.28743,1.32,2.48
2012.10.16 12:32:00.864,1.2872,1.28739,1.32,1.50
2012.10.16 12:32:00.932,1.28719,1.28738,1.50,1.54
2012.10.16 12:32:01.253,1.28716,1.28734,1.50,2.29
2012.10.16 12:32:01.323,1.28715,1.28734,1.32,1.73
2012.10.16 12:32:01.752,1.28711,1.28729,1.50,3.00
2012.10.16 12:32:02.002,1.28708,1.28724,1.73,1.32
2012.10.16 12:32:02.073,1.28708,1.28727,1.50,3.04
2012.10.16 12:32:02.202,1.28709,1.28727,2.25,2.29
2012.10.16 12:32:02.403,1.28709,1.28729,1.50,1.80
2012.10.16 12:32:03.001,1.28709,1.2873,1.50,2.14
2012.10.16 12:32:03.081,1.28715,1.28734,2.07,1.32
2012.10.16 12:32:03.433,1.2872,1.28738,1.88,2.29
2012.10.16 12:32:03.622,1.28717,1.28736,1.50,1.73
2012.10.16 12:32:03.931,1.28715,1.28736,1.32,1.73
2012.10.16 12:32:04.413,1.28715,1.28736,1.32,2.25
2012.10.16 12:32:05.381,1.28719,1.28734,1.13,1.80
2012.10.16 12:32:05.501,1.2872,1.28736,1.13,1.80
2012.10.16 12:32:05.681,1.28722,1.28742,2.07,1.62
2012.10.16 12:32:05.742,1.28724,1.28744,1.32,3.08
2012.10.16 12:32:05.871,1.28726,1.28744,1.50,1.58
2012.10.16 12:32:05.931,1.28727,1.28744,1.50,1.58
2012.10.16 12:32:06.629,1.28723,1.28742,1.32,1.50
2012.10.16 12:32:07.151,1.28723,1.28744,1.50,1.50
2012.10.16 12:32:07.357,1.28723,1.28744,1.50,1.73
2012.10.16 12:32:07.794,1.28722,1.28743,2.07,1.73
2012.10.16 12:32:07.982,1.28722,1.28743,2.07,2.48
2012.10.16 12:32:09.771,1.28722,1.28744,2.07,2.48
2012.10.16 12:32:09.832,1.28723,1.28744,1.50,1.73
2012.10.16 12:32:10.944,1.28723,1.28745,1.50,1.73
2012.10.16 12:32:12.041,1.28723,1.28741,1.50,1.32
2012.10.16 12:32:12.373,1.2872,1.28737,1.50,1.73
2012.10.16 12:32:12.443,1.28715,1.28736,4.13,1.73
2012.10.16 12:32:12.511,1.28715,1.28736,1.50,1.73
2012.10.16 12:32:13.050,1.28711,1.28732,1.88,2.48
2012.10.16 12:32:13.172,1.28714,1.28732,1.32,1.73
2012.10.16 12:32:13.315,1.28714,1.28733,1.32,1.50
2012.10.16 12:32:13.755,1.28713,1.28731,2.07,1.50
2012.10.16 12:32:14.466,1.28713,1.28731,1.32,2.48
2012.10.16 12:32:15.202,1.2871,1.28731,2.07,2.48
2012.10.16 12:32:16.387,1.2871,1.28731,3.00,2.25
2012.10.16 12:32:16.891,1.2871,1.28731,2.63,2.48
2012.10.16 12:32:17.184,1.2871,1.28731,2.63,2.48
2012.10.16 12:32:17.392,1.2871,1.28731,2.63,2.48
2012.10.16 12:32:17.856,1.2871,1.28731,3.00,2.48
2012.10.16 12:32:17.922,1.2871,1.28728,1.69,1.50
2012.10.16 12:32:18.573,1.2871,1.2873,1.69,1.73
2012.10.16 12:32:19.181,1.28709,1.28728,1.88,1.50
2012.10.16 12:32:19.802,1.28708,1.28728,1.50,1.73
2012.10.16 12:32:21.170,1.28708,1.28727,1.50,1.73
2012.10.16 12:32:21.352,1.28705,1.28724,1.32,2.25
2012.10.16 12:32:21.662,1.28703,1.28723,1.32,2.25
2012.10.16 12:32:21.731,1.28702,1.28723,1.32,3.00
2012.10.16 12:32:22.373,1.28702,1.28721,1.32,1.50
2012.10.16 12:32:22.813,1.28699,1.28716,1.32,2.07
2012.10.16 12:32:23.242,1.28697,1.28712,1.32,1.73
2012.10.16 12:32:23.551,1.28694,1.28711,2.07,1.73
2012.10.16 12:32:24.092,1.28693,1.28712,1.32,1.73
2012.10.16 12:32:25.308,1.28695,1.28712,1.50,1.73
2012.10.16 12:32:25.863,1.28695,1.28712,1.50,1.50
2012.10.16 12:32:26.365,1.28696,1.28713,1.13,1.54
2012.10.16 12:32:26.432,1.28697,1.28717,1.69,2.55
2012.10.16 12:32:26.503,1.287,1.28719,1.13,1.05
2012.10.16 12:32:26.573,1.287,1.28719,1.13,1.05
2012.10.16 12:32:26.765,1.287,1.28721,1.50,1.58
2012.10.16 12:32:26.845,1.28703,1.28723,1.50,1.39
2012.10.16 12:32:27.059,1.28699,1.28716,1.69,1.50
2012.10.16 12:32:27.182,1.28699,1.28717,1.69,1.73
2012.10.16 12:32:27.252,1.287,1.28717,1.50,1.50
2012.10.16 12:32:27.638,1.28703,1.28716,1.50,1.50
2012.10.16 12:32:27.704,1.28699,1.28716,1.69,1.73
2012.10.16 12:32:28.701,1.28698,1.28715,1.50,1.73
2012.10.16 12:32:29.231,1.28697,1.28714,1.50,1.73
2012.10.16 12:32:29.942,1.28696,1.28714,1.50,1.73
2012.10.16 12:32:30.691,1.28696,1.28715,1.50,2.29
2012.10.16 12:32:30.873,1.28699,1.28719,1.13,1.58
2012.10.16 12:32:30.941,1.28699,1.28719,1.13,1.58
2012.10.16 12:32:31.568,1.28703,1.28721,1.50,1.32
2012.10.16 12:32:32.321,1.28703,1.28723,1.50,1.50
2012.10.16 12:32:32.703,1.28705,1.28725,2.25,1.50
2012.10.16 12:32:32.840,1.28705,1.28726,2.25,1.58
2012.10.16 12:32:32.902,1.28706,1.28725,1.50,2.25
2012.10.16 12:32:33.151,1.28707,1.28727,1.35,2.07
2012.10.16 12:32:33.395,1.2871,1.28727,1.50,2.07
2012.10.16 12:32:33.536,1.28712,1.2873,1.50,1.32
2012.10.16 12:32:33.604,1.28711,1.2873,1.50,2.07
2012.10.16 12:32:33.675,1.2871,1.2873,1.50,1.50
2012.10.16 12:32:34.233,1.28706,1.28725,2.25,1.50
2012.10.16 12:32:35.449,1.28706,1.28726,2.25,2.29
2012.10.16 12:32:35.793,1.28705,1.28719,1.50,1.54
2012.10.16 12:32:36.260,1.28704,1.28722,2.25,1.55
2012.10.16 12:32:36.334,1.28706,1.28724,1.50,1.58
2012.10.16 12:32:36.811,1.28706,1.28725,1.50,1.73
2012.10.16 12:32:37.242,1.28706,1.28726,2.25,2.29
2012.10.16 12:32:37.863,1.28706,1.28726,1.50,2.29
2012.10.16 12:32:38.501,1.28706,1.28723,1.50,1.50
2012.10.16 12:32:38.875,1.28707,1.28723,1.50,1.73
2012.10.16 12:32:39.063,1.28707,1.28725,1.50,1.05
2012.10.16 12:32:39.254,1.28707,1.28726,1.50,1.54
2012.10.16 12:32:39.522,1.28704,1.28724,1.50,2.29
2012.10.16 12:32:39.652,1.28709,1.28724,1.50,1.54
2012.10.16 12:32:39.722,1.28708,1.28723,1.50,1.73
2012.10.16 12:32:39.792,1.28702,1.28723,1.50,1.73
2012.10.16 12:32:39.862,1.28702,1.28724,2.25,2.29
2012.10.16 12:32:40.053,1.28713,1.28728,2.07,1.39
2012.10.16 12:32:40.122,1.28713,1.2873,2.07,1.09
2012.10.16 12:32:40.323,1.28713,1.28732,1.32,1.73
2012.10.16 12:32:40.846,1.28712,1.28732,1.32,2.48
2012.10.16 12:32:40.984,1.28709,1.28728,1.92,3.00
2012.10.16 12:32:41.637,1.28708,1.28728,1.32,3.98
2012.10.16 12:33:11.803,1.28708,1.28727,2.07,1.50
2012.10.16 12:33:12.018,1.2872,1.28728,2.18,2.29
2012.10.16 12:33:12.869,1.28731,1.28739,5.82,2.61
2012.10.16 12:33:13.512,1.28734,1.28741,1.35,3.36
2012.10.16 12:33:14.668,1.28731,1.28741,6.57,3.36
2012.10.16 12:33:15.170,1.28731,1.28741,3.57,2.70
2012.10.16 12:33:15.677,1.28731,1.28747,1.32,1.50
2012.10.16 12:33:15.743,1.2873,1.28747,3.00,1.50
2012.10.16 12:33:16.017,1.28725,1.28745,2.10,2.25
2012.10.16 12:33:16.364,1.28726,1.28746,2.25,1.50
2012.10.16 12:33:16.492,1.28726,1.28746,4.13,1.50
2012.10.16 12:33:16.563,1.28728,1.28748,1.50,1.32
2012.10.16 12:33:16.754,1.28727,1.28748,1.50,2.07
2012.10.16 12:33:17.062,1.28729,1.28746,1.50,1.50
2012.10.16 12:33:17.611,1.2873,1.28748,1.50,1.32
2012.10.16 12:33:18.385,1.2873,1.28749,1.50,2.82
2012.10.16 12:33:18.452,1.28729,1.28749,1.50,2.82
2012.10.16 12:33:18.584,1.28727,1.28746,1.50,1.50
2012.10.16 12:33:18.654,1.28727,1.28745,1.50,1.50
2012.10.16 12:33:19.170,1.28726,1.28745,1.32,1.50
2012.10.16 12:33:19.712,1.28725,1.28745,2.63,1.50
2012.10.16 12:33:20.779,1.28725,1.28743,2.25,2.25
2012.10.16 12:33:21.355,1.28725,1.28743,1.13,2.48
2012.10.16 12:33:21.861,1.28725,1.28743,1.50,2.48
2012.10.16 12:33:23.200,1.28725,1.28743,1.13,2.25
2012.10.16 12:33:25.278,1.28725,1.28743,1.50,2.25
2012.10.16 12:33:25.784,1.28725,1.28743,1.13,2.25
2012.10.16 12:33:26.349,1.28725,1.28743,1.50,2.25
2012.10.16 12:33:27.080,1.28725,1.28743,1.50,2.25
2012.10.16 12:33:27.773,1.28725,1.28743,1.13,2.25
2012.10.16 12:33:29.091,1.28725,1.28743,1.88,1.50
2012.10.16 12:33:29.433,1.28733,1.28748,1.32,1.50
2012.10.16 12:33:29.772,1.28733,1.28752,2.07,1.50
2012.10.16 12:33:29.903,1.28733,1.28752,1.32,1.50
2012.10.16 12:33:30.093,1.28733,1.28751,1.32,1.50
2012.10.16 12:33:30.641,1.2873,1.28749,1.32,1.50
2012.10.16 12:33:31.711,1.2873,1.28749,1.32,1.50
2012.10.16 12:33:32.693,1.28731,1.28751,2.07,2.25
2012.10.16 12:33:33.381,1.28731,1.2875,2.07,1.50
2012.10.16 12:33:33.890,1.28728,1.28748,1.32,1.50
2012.10.16 12:33:35.162,1.28727,1.28748,2.85,2.07
2012.10.16 12:33:35.511,1.28727,1.28746,1.50,1.54
2012.10.16 12:33:35.632,1.28727,1.28748,1.50,1.54
2012.10.16 12:33:35.814,1.28729,1.28748,1.32,1.50
2012.10.16 12:33:36.378,1.28729,1.28747,1.32,1.50
2012.10.16 12:33:36.971,1.28728,1.28748,1.32,1.50
2012.10.16 12:33:37.331,1.28728,1.28748,1.32,1.50
2012.10.16 12:33:38.733,1.28725,1.28745,1.32,2.82
2012.10.16 12:33:38.863,1.28724,1.28744,1.50,1.50
2012.10.16 12:33:39.171,1.28728,1.28747,2.07,1.50
2012.10.16 12:33:39.664,1.28728,1.28747,1.32,2.25
2012.10.16 12:33:40.113,1.28728,1.28747,2.07,1.50
2012.10.16 12:33:40.302,1.28728,1.28747,2.07,2.25
2012.10.16 12:33:41.402,1.28726,1.28745,1.32,1.50
2012.10.16 12:33:41.530,1.28725,1.28745,1.32,2.25
2012.10.16 12:33:42.189,1.28725,1.28744,1.32,1.50
2012.10.16 12:33:44.582,1.28725,1.28743,1.32,1.50
2012.10.16 12:33:45.172,1.28723,1.28741,1.32,1.50
2012.10.16 12:33:45.482,1.2872,1.28739,2.63,2.25
2012.10.16 12:33:45.543,1.28721,1.28739,1.32,1.50
2012.10.16 12:33:45.673,1.28721,1.28739,1.32,2.25
2012.10.16 12:33:46.222,1.28722,1.28737,1.50,1.50
2012.10.16 12:33:46.471,1.28717,1.28736,1.50,1.50
2012.10.16 12:33:47.232,1.28716,1.28735,1.50,1.50
2012.10.16 12:33:47.301,1.28714,1.28732,1.32,1.50
2012.10.16 12:33:48.192,1.28714,1.28732,2.82,1.50
2012.10.16 12:33:48.261,1.28715,1.28735,2.25,1.50
2012.10.16 12:33:48.622,1.28718,1.28736,1.50,1.50
2012.10.16 12:33:48.985,1.28724,1.28736,1.50,1.50
2012.10.16 12:33:49.053,1.28718,1.28736,2.25,1.50
2012.10.16 12:33:49.183,1.28718,1.28736,1.50,1.50
2012.10.16 12:33:49.383,1.28718,1.28738,1.32,1.50
2012.10.16 12:33:49.634,1.28718,1.28738,2.07,1.50
2012.10.16 12:33:50.421,1.28718,1.28738,1.32,2.25
2012.10.16 12:33:50.481,1.28718,1.28738,1.32,2.25
2012.10.16 12:33:50.742,1.28718,1.28738,1.32,2.25
2012.10.16 12:33:51.056,1.28715,1.28735,3.57,1.50
2012.10.16 12:33:51.791,1.28715,1.28735,3.57,1.50
2012.10.16 12:33:55.775,1.28715,1.28732,1.32,1.50
2012.10.16 12:33:56.082,1.28712,1.28731,1.88,1.50
2012.10.16 12:33:56.152,1.28712,1.28731,1.32,1.50
2012.10.16 12:33:56.401,1.28708,1.28727,1.50,1.50
2012.10.16 12:33:56.763,1.28707,1.28723,1.32,1.50
2012.10.16 12:33:56.892,1.28704,1.28722,1.65,1.50
2012.10.16 12:33:56.963,1.28705,1.28719,2.25,1.50
2012.10.16 12:33:57.102,1.28703,1.28719,1.50,1.50
2012.10.16 12:33:57.642,1.28703,1.28716,1.13,1.50
2012.10.16 12:33:57.801,1.28703,1.28716,1.88,1.50
2012.10.16 12:33:57.922,1.28701,1.28717,1.32,1.50
2012.10.16 12:33:58.433,1.28701,1.28716,1.35,1.50
2012.10.16 12:33:58.983,1.287,1.28716,2.63,1.50
2012.10.16 12:33:59.446,1.28699,1.28716,1.50,1.50
2012.10.16 12:33:59.514,1.28699,1.28711,1.50,1.50
2012.10.16 12:33:59.583,1.28697,1.28711,1.50,1.50
2012.10.16 12:33:59.962,1.28695,1.28715,1.50,2.29
2012.10.16 12:34:00.964,1.28699,1.28716,1.50,2.29
2012.10.16 12:34:01.502,1.28702,1.28716,1.50,1.32
2012.10.16 12:34:02.133,1.28702,1.28716,1.13,1.50
2012.10.16 12:34:04.264,1.28702,1.28716,1.50,1.50
2012.10.16 12:34:06.331,1.28702,1.28716,1.13,1.50
2012.10.16 12:34:06.917,1.28702,1.28716,1.50,1.50
2012.10.16 12:34:07.231,1.28696,1.28712,3.00,2.25
2012.10.16 12:34:07.542,1.28692,1.28712,1.50,1.50
2012.10.16 12:34:07.604,1.28693,1.28714,2.25,2.29
2012.10.16 12:34:07.853,1.28693,1.28714,2.25,2.07
2012.10.16 12:34:08.141,1.28693,1.28714,1.50,2.82
2012.10.16 12:34:08.971,1.28693,1.28714,1.50,2.82
2012.10.16 12:34:09.917,1.28693,1.28714,1.50,2.82
2012.10.16 12:34:10.451,1.28695,1.28715,1.50,1.73
2012.10.16 12:34:10.784,1.28694,1.28715,1.50,2.25
2012.10.16 12:34:14.021,1.28693,1.2871,2.25,2.78
2012.10.16 12:34:15.881,1.28693,1.28715,2.07,2.55
2012.10.16 12:34:16.392,1.28692,1.28711,2.07,1.50
2012.10.16 12:34:16.941,1.28691,1.28712,1.50,1.50
2012.10.16 12:34:17.171,1.28692,1.28714,1.50,1.73
2012.10.16 12:34:17.300,1.28691,1.28712,2.25,1.50
2012.10.16 12:34:17.361,1.28691,1.28712,1.50,1.50
2012.10.16 12:34:17.420,1.28693,1.28714,1.50,1.73
2012.10.16 12:34:17.961,1.28693,1.28714,1.50,2.48
2012.10.16 12:34:18.142,1.28692,1.28714,1.50,1.73
2012.10.16 12:34:18.272,1.28694,1.28714,1.50,1.73
2012.10.16 12:34:18.544,1.28698,1.28714,1.50,1.73
2012.10.16 12:34:18.619,1.28693,1.28714,1.50,1.73
2012.10.16 12:34:18.812,1.28697,1.28714,1.50,1.73
2012.10.16 12:34:18.945,1.28693,1.28714,1.50,1.73
2012.10.16 12:34:19.262,1.28691,1.28711,1.50,1.50
2012.10.16 12:34:19.391,1.28692,1.28714,1.50,1.73
2012.10.16 12:34:19.592,1.2869,1.28711,2.82,1.50
2012.10.16 12:34:20.330,1.28692,1.28711,1.50,1.50
2012.10.16 12:34:20.973,1.28692,1.28711,1.50,1.50
2012.10.16 12:34:21.311,1.2869,1.28709,1.32,1.50
2012.10.16 12:34:21.529,1.2869,1.28709,1.32,2.25
2012.10.16 12:34:22.032,1.2869,1.28709,1.32,2.48
2012.10.16 12:34:23.202,1.28688,1.28706,1.50,1.50
2012.10.16 12:34:23.662,1.28686,1.28705,1.50,1.50
2012.10.16 12:34:23.722,1.28684,1.28705,2.25,1.50
2012.10.16 12:34:25.624,1.28686,1.28705,1.32,1.50
2012.10.16 12:34:25.823,1.28686,1.28706,1.32,1.50
2012.10.16 12:34:26.711,1.28687,1.28707,1.32,1.50
2012.10.16 12:34:27.185,1.28688,1.28708,1.50,1.50
2012.10.16 12:34:29.030,1.28689,1.28708,1.32,1.50
2012.10.16 12:34:29.912,1.2869,1.28708,1.32,1.50
2012.10.16 12:34:29.973,1.2869,1.28708,1.32,2.25
2012.10.16 12:34:30.292,1.2869,1.28708,1.32,2.25
2012.10.16 12:34:30.902,1.28689,1.28708,1.32,2.25
2012.10.16 12:34:31.873,1.28689,1.28705,1.32,1.50
2012.10.16 12:34:32.061,1.28684,1.28702,3.04,1.50
2012.10.16 12:34:32.571,1.28684,1.28702,2.07,1.50
2012.10.16 12:34:33.853,1.28684,1.28705,3.57,1.50
2012.10.16 12:34:33.982,1.2869,1.28708,1.32,1.05
2012.10.16 12:34:34.351,1.2869,1.28709,1.32,2.48
2012.10.16 12:34:34.983,1.28685,1.28705,3.75,1.50
2012.10.16 12:34:36.030,1.28685,1.28705,1.32,1.50
2012.10.16 12:34:36.601,1.28685,1.28705,2.07,1.50
2012.10.16 12:34:37.214,1.28685,1.28704,2.07,1.58
2012.10.16 12:34:37.682,1.28685,1.28705,2.07,1.50
2012.10.16 12:34:37.741,1.28685,1.28703,1.32,1.50
2012.10.16 12:34:38.242,1.28684,1.28704,1.32,2.25
2012.10.16 12:34:39.561,1.28685,1.28706,2.07,1.50
2012.10.16 12:34:40.081,1.28685,1.28703,1.32,1.50
2012.10.16 12:34:40.661,1.28683,1.28702,1.32,1.50
2012.10.16 12:34:40.962,1.28682,1.28699,1.32,2.07
2012.10.16 12:34:41.142,1.2868,1.28698,1.50,1.73
2012.10.16 12:34:41.210,1.2868,1.28699,2.44,1.73
2012.10.16 12:34:41.391,1.2868,1.28699,2.25,2.07
2012.10.16 12:34:41.450,1.2868,1.28698,2.63,1.32
2012.10.16 12:34:41.712,1.28681,1.28699,1.32,1.50
2012.10.16 12:34:42.152,1.28681,1.28701,2.07,1.50
2012.10.16 12:34:42.342,1.28683,1.28704,1.50,2.07
2012.10.16 12:34:42.403,1.28682,1.28703,1.50,1.50
2012.10.16 12:34:42.531,1.28681,1.287,1.32,1.50
2012.10.16 12:34:43.055,1.2868,1.287,2.44,2.25
2012.10.16 12:34:43.186,1.28681,1.28698,1.35,1.50
2012.10.16 12:34:43.260,1.2868,1.28698,2.10,2.25
2012.10.16 12:34:43.466,1.28677,1.28694,1.50,1.50
2012.10.16 12:34:43.606,1.28675,1.28692,1.88,1.50
2012.10.16 12:34:43.733,1.28677,1.28696,1.32,1.73
2012.10.16 12:34:43.802,1.28677,1.28697,1.32,1.50
2012.10.16 12:34:44.162,1.28675,1.28697,2.63,1.50
2012.10.16 12:34:44.292,1.28674,1.28693,1.32,2.25
2012.10.16 12:34:44.653,1.28676,1.28694,1.35,1.50
2012.10.16 12:34:44.723,1.28676,1.28696,2.85,1.50
2012.10.16 12:34:44.793,1.28679,1.28697,1.50,1.32
2012.10.16 12:34:45.111,1.28679,1.28697,1.50,1.54
2012.10.16 12:34:45.173,1.28679,1.28697,1.50,1.54
2012.10.16 12:34:45.242,1.28677,1.28698,1.32,2.48
2012.10.16 12:34:47.113,1.28679,1.28698,2.07,1.50
2012.10.16 12:34:47.362,1.2868,1.28697,1.50,1.50
2012.10.16 12:34:47.551,1.28681,1.28702,1.50,1.73
2012.10.16 12:34:48.053,1.28682,1.28703,2.85,1.50
2012.10.16 12:34:48.392,1.28684,1.28704,1.50,1.32
2012.10.16 12:34:48.513,1.28686,1.28706,1.50,1.32
2012.10.16 12:34:48.585,1.28684,1.28706,3.04,2.07
2012.10.16 12:34:48.653,1.28686,1.28706,2.10,1.54
2012.10.16 12:34:48.963,1.2869,1.28707,1.69,1.32
2012.10.16 12:34:49.035,1.28689,1.28708,1.13,2.82
2012.10.16 12:34:49.540,1.28689,1.28708,1.13,3.04
2012.10.16 12:34:49.615,1.28689,1.28708,1.13,2.07
2012.10.16 12:34:49.757,1.28688,1.28708,1.50,2.29
2012.10.16 12:34:50.301,1.2869,1.28708,1.69,1.50
2012.10.16 12:34:50.720,1.2869,1.28709,1.69,1.50
2012.10.16 12:34:51.942,1.28686,1.28704,1.50,1.50
2012.10.16 12:34:52.002,1.28684,1.28704,2.82,2.25
2012.10.16 12:34:52.371,1.28684,1.287,2.07,1.50
2012.10.16 12:34:52.913,1.28681,1.287,1.88,2.25
2012.10.16 12:34:53.223,1.28679,1.28694,2.07,1.50
2012.10.16 12:34:53.710,1.28672,1.28692,1.50,2.25
2012.10.16 12:34:54.201,1.28674,1.28692,2.10,1.50
2012.10.16 12:34:54.803,1.28676,1.28693,1.50,1.50
2012.10.16 12:34:55.142,1.28677,1.28693,1.50,1.50
2012.10.16 12:34:55.502,1.2868,1.28701,1.13,2.48
2012.10.16 12:34:56.021,1.28679,1.28698,1.88,1.50
2012.10.16 12:34:58.035,1.28679,1.28698,1.13,1.50
2012.10.16 12:34:58.501,1.28676,1.28695,2.07,1.50
2012.10.16 12:34:58.861,1.28678,1.28695,1.50,1.50
2012.10.16 12:34:58.982,1.28679,1.28699,2.25,2.29
2012.10.16 12:34:59.532,1.28679,1.28698,1.13,1.50
2012.10.16 12:35:01.589,1.2868,1.28698,1.13,1.50
2012.10.16 12:35:01.843,1.2868,1.28698,1.13,1.50
2012.10.16 12:35:04.174,1.28681,1.287,1.50,1.50
2012.10.16 12:35:04.243,1.28685,1.28702,1.32,1.73
2012.10.16 12:35:04.761,1.28685,1.28704,2.82,1.50
2012.10.16 12:35:04.881,1.28688,1.28706,2.25,1.50
2012.10.16 12:35:05.061,1.28687,1.28707,2.25,3.23
2012.10.16 12:35:05.182,1.2869,1.28706,1.50,1.50
2012.10.16 12:35:05.862,1.28692,1.28706,1.50,1.50
2012.10.16 12:35:06.175,1.28688,1.28702,3.00,1.50
2012.10.16 12:35:06.678,1.28687,1.28703,2.25,1.50
2012.10.16 12:35:06.994,1.28686,1.28703,1.50,1.32
2012.10.16 12:35:08.010,1.28688,1.28705,1.50,1.50
2012.10.16 12:35:08.330,1.28687,1.28706,1.50,1.50
2012.10.16 12:35:08.872,1.28687,1.28705,2.25,1.50
2012.10.16 12:35:09.422,1.28687,1.28704,2.25,1.50
2012.10.16 12:35:10.354,1.28687,1.28703,1.50,1.50
2012.10.16 12:35:10.893,1.28686,1.28701,1.50,1.32
2012.10.16 12:35:11.081,1.28684,1.28701,1.50,1.32
2012.10.16 12:35:11.587,1.28684,1.28701,1.50,1.32
2012.10.16 12:35:12.394,1.28688,1.28708,1.50,2.07
2012.10.16 12:35:12.977,1.2869,1.28709,1.32,2.25
2012.10.16 12:35:13.222,1.28692,1.2871,1.50,1.50
2012.10.16 12:35:13.292,1.28692,1.28711,1.50,2.07
2012.10.16 12:35:13.932,1.28694,1.28712,2.25,1.50
2012.10.16 12:35:15.423,1.28694,1.28712,2.25,1.50
2012.10.16 12:35:15.952,1.28695,1.28712,1.50,1.50
2012.10.16 12:35:16.721,1.28696,1.28715,1.32,1.50
2012.10.16 12:35:17.034,1.28701,1.28715,1.50,1.50
2012.10.16 12:35:17.104,1.28699,1.28715,1.32,1.50
2012.10.16 12:35:17.637,1.28699,1.28715,1.54,1.50
2012.10.16 12:35:18.337,1.28699,1.28715,1.54,1.50
2012.10.16 12:35:18.402,1.28699,1.28716,1.73,1.50
2012.10.16 12:35:18.463,1.28706,1.2872,1.88,1.20
2012.10.16 12:35:18.671,1.28702,1.2872,1.50,1.20
2012.10.16 12:35:18.739,1.28698,1.2872,2.25,1.50
2012.10.16 12:35:19.160,1.28699,1.28719,1.50,1.50
2012.10.16 12:35:19.281,1.28703,1.28721,2.25,2.25
2012.10.16 12:35:19.762,1.28701,1.28721,1.50,2.25
2012.10.16 12:35:20.006,1.287,1.2872,1.50,1.50
2012.10.16 12:35:20.562,1.28699,1.2872,1.50,2.07
2012.10.16 12:35:22.072,1.28698,1.2872,1.50,2.07
2012.10.16 12:35:22.582,1.28698,1.2872,1.50,2.07
2012.10.16 12:35:23.800,1.28698,1.2872,1.50,2.07
2012.10.16 12:35:24.777,1.28702,1.28719,1.50,1.32
2012.10.16 12:35:25.530,1.28704,1.28719,1.50,1.32
2012.10.16 12:35:25.893,1.28704,1.28719,1.50,1.32
2012.10.16 12:35:26.271,1.28698,1.28719,3.00,1.32
2012.10.16 12:35:27.229,1.28698,1.28719,2.25,1.32
2012.10.16 12:35:28.192,1.28698,1.28719,2.25,1.32
2012.10.16 12:35:30.551,1.28699,1.28719,1.69,1.32
2012.10.16 12:35:30.612,1.28701,1.28719,1.50,1.32
2012.10.16 12:35:30.685,1.28701,1.28722,1.73,1.50
2012.10.16 12:35:31.062,1.287,1.2872,1.32,1.35
2012.10.16 12:35:31.723,1.287,1.28719,1.32,1.35
2012.10.16 12:35:32.491,1.287,1.28719,1.32,1.35
2012.10.16 12:35:33.002,1.28698,1.28717,1.50,1.50
2012.10.16 12:35:33.121,1.28698,1.28719,2.25,1.32
2012.10.16 12:35:33.493,1.28698,1.28718,2.25,1.35
2012.10.16 12:35:33.564,1.28697,1.28716,1.50,1.50
2012.10.16 12:35:34.103,1.28694,1.28714,1.88,1.32
2012.10.16 12:35:34.691,1.28695,1.28714,1.13,1.32
2012.10.16 12:35:35.183,1.28703,1.28719,1.32,2.25
2012.10.16 12:35:35.253,1.28706,1.28723,1.54,1.50
2012.10.16 12:35:35.782,1.28706,1.28725,1.32,1.50
2012.10.16 12:35:36.767,1.28703,1.28723,1.47,1.50
2012.10.16 12:35:37.121,1.28703,1.28723,1.32,1.50
2012.10.16 12:35:37.183,1.28706,1.28724,1.13,1.50
2012.10.16 12:35:37.613,1.28706,1.28724,1.13,1.32
2012.10.16 12:35:37.685,1.28705,1.28722,1.50,1.32
2012.10.16 12:35:37.759,1.28705,1.2872,1.50,1.32
2012.10.16 12:35:38.108,1.28702,1.2872,1.50,1.32
2012.10.16 12:35:38.175,1.28699,1.28717,1.50,1.50
2012.10.16 12:35:38.243,1.28697,1.28717,1.88,1.50
2012.10.16 12:35:38.828,1.28699,1.28719,1.50,1.50
2012.10.16 12:35:43.764,1.28699,1.28719,1.50,1.50
2012.10.16 12:35:46.543,1.28696,1.28716,1.69,1.73
2012.10.16 12:35:47.693,1.28701,1.28719,1.50,2.29
2012.10.16 12:35:47.766,1.28705,1.28719,1.50,1.54
2012.10.16 12:35:48.133,1.28705,1.28719,1.50,1.32
2012.10.16 12:35:48.323,1.28701,1.28719,1.50,1.32
2012.10.16 12:35:48.396,1.287,1.28716,1.50,1.73
2012.10.16 12:35:48.464,1.28697,1.28716,2.25,1.73
2012.10.16 12:35:49.002,1.28698,1.28719,1.88,1.32
2012.10.16 12:35:49.064,1.28699,1.28719,1.50,1.13
2012.10.16 12:35:49.372,1.28702,1.28721,1.32,1.32
2012.10.16 12:35:49.821,1.28702,1.28723,1.32,2.25
2012.10.16 12:35:52.911,1.28705,1.28723,1.32,1.50
2012.10.16 12:35:53.462,1.28705,1.28724,2.63,1.50
2012.10.16 12:35:54.360,1.28702,1.28724,1.32,1.73
2012.10.16 12:35:54.763,1.28702,1.28725,2.07,1.95
2012.10.16 12:35:55.117,1.28703,1.28726,1.50,1.95
2012.10.16 12:35:56.142,1.28704,1.28726,2.07,1.73
2012.10.16 12:35:56.461,1.28708,1.28729,1.50,3.27
2012.10.16 12:35:56.933,1.28704,1.28726,2.07,1.73
2012.10.16 12:35:57.001,1.28704,1.28726,1.32,1.73
2012.10.16 12:35:57.183,1.28705,1.28728,2.25,1.73
2012.10.16 12:35:57.550,1.28711,1.28731,1.32,2.48
2012.10.16 12:35:57.733,1.2871,1.28731,2.07,1.50
2012.10.16 12:35:57.982,1.28711,1.2873,1.32,1.50
2012.10.16 12:35:58.370,1.2871,1.28731,2.07,1.50
2012.10.16 12:36:00.384,1.2871,1.28728,1.32,1.50
2012.10.16 12:36:00.632,1.28711,1.28729,1.32,1.50
2012.10.16 12:36:01.123,1.28712,1.28733,1.50,2.10
2012.10.16 12:36:01.192,1.28711,1.28732,2.82,1.50
2012.10.16 12:36:01.791,1.28715,1.28734,1.50,3.98
2012.10.16 12:36:01.912,1.28715,1.28734,1.50,2.48
2012.10.16 12:36:01.973,1.28712,1.28734,2.25,2.48
2012.10.16 12:36:02.162,1.28712,1.28734,1.88,2.48
2012.10.16 12:36:02.673,1.28712,1.28734,1.50,1.73
2012.10.16 12:36:03.013,1.28712,1.28734,1.50,1.73
2012.10.16 12:36:03.322,1.28713,1.28735,1.50,3.23
2012.10.16 12:36:03.502,1.28715,1.28735,1.50,3.23
2012.10.16 12:36:04.539,1.28715,1.28736,1.32,2.48
2012.10.16 12:36:05.553,1.28715,1.28735,1.32,1.50
2012.10.16 12:36:05.623,1.28716,1.28736,1.32,1.73
2012.10.16 12:36:05.991,1.28718,1.28738,2.07,1.50
2012.10.16 12:36:06.172,1.28718,1.2874,2.25,2.29
2012.10.16 12:36:06.532,1.28723,1.28742,1.50,2.25
2012.10.16 12:36:06.652,1.28725,1.28742,1.50,2.25
2012.10.16 12:36:08.452,1.28727,1.28746,1.32,1.50
2012.10.16 12:36:08.510,1.28727,1.28747,1.32,2.10
2012.10.16 12:36:08.630,1.28726,1.28747,1.50,2.74
2012.10.16 12:36:08.691,1.28725,1.28745,2.82,1.32
2012.10.16 12:36:09.199,1.28723,1.28743,1.13,1.73
2012.10.16 12:36:09.382,1.28722,1.28743,2.07,1.73
2012.10.16 12:36:10.421,1.28724,1.28743,1.13,1.73
2012.10.16 12:36:10.662,1.28725,1.28745,1.50,1.54
2012.10.16 12:36:10.791,1.28722,1.2874,1.32,1.50
2012.10.16 12:36:11.328,1.28722,1.2874,1.92,1.50
2012.10.16 12:36:12.988,1.28723,1.28742,1.13,1.50
2012.10.16 12:36:13.575,1.28723,1.28742,1.50,1.50
2012.10.16 12:36:14.136,1.28723,1.28742,1.13,1.50
2012.10.16 12:36:14.793,1.28723,1.28742,1.50,1.50
2012.10.16 12:36:15.294,1.28723,1.28742,1.13,1.50
2012.10.16 12:36:15.631,1.28723,1.28742,1.13,1.50
2012.10.16 12:36:16.631,1.28723,1.28742,1.50,1.50
2012.10.16 12:36:17.172,1.28723,1.28745,1.88,2.10
2012.10.16 12:36:17.350,1.28725,1.28748,1.32,2.07
2012.10.16 12:36:17.411,1.28725,1.28748,1.32,1.32
2012.10.16 12:36:17.927,1.28725,1.28748,2.82,2.07
2012.10.16 12:36:18.062,1.28725,1.28747,2.07,1.50
2012.10.16 12:36:18.781,1.28725,1.28747,2.07,1.50
2012.10.16 12:36:19.692,1.28726,1.28747,1.32,1.50
2012.10.16 12:36:20.051,1.28723,1.28743,1.13,1.32
2012.10.16 12:36:20.112,1.28723,1.28743,1.13,1.32
2012.10.16 12:36:20.811,1.28723,1.28743,1.50,1.32
2012.10.16 12:36:22.394,1.28723,1.28742,1.50,1.32
2012.10.16 12:36:22.851,1.2872,1.2874,2.25,1.73
2012.10.16 12:36:24.052,1.2872,1.2874,1.50,2.29
2012.10.16 12:36:24.522,1.2872,1.2874,1.50,2.29
2012.10.16 12:36:25.832,1.2872,1.2874,1.50,2.29
2012.10.16 12:36:26.277,1.28719,1.2874,1.50,2.29
2012.10.16 12:36:26.592,1.28718,1.28739,1.50,2.29
2012.10.16 12:36:26.652,1.28717,1.28735,1.32,1.50
2012.10.16 12:36:26.771,1.28714,1.28731,1.50,1.50
2012.10.16 12:36:26.832,1.28714,1.28729,1.50,1.73
2012.10.16 12:36:27.191,1.28709,1.28729,1.32,1.73
2012.10.16 12:36:28.211,1.28707,1.28729,1.50,1.73
2012.10.16 12:36:28.754,1.28707,1.2873,3.00,2.07
2012.10.16 12:36:29.311,1.28711,1.28732,1.50,1.73
2012.10.16 12:36:29.371,1.28711,1.28732,1.50,1.73
2012.10.16 12:36:30.088,1.28708,1.28729,2.07,1.50
2012.10.16 12:36:31.361,1.28707,1.28729,2.25,1.50
2012.10.16 12:36:32.701,1.28707,1.28729,1.50,1.73
2012.10.16 12:36:34.090,1.28705,1.28725,2.82,1.50
2012.10.16 12:36:34.230,1.28704,1.28724,3.00,1.32
2012.10.16 12:36:35.131,1.28705,1.28724,1.32,1.73
2012.10.16 12:36:35.766,1.28703,1.28721,1.32,1.50
2012.10.16 12:36:36.277,1.28704,1.28724,1.13,1.54
2012.10.16 12:36:36.342,1.28704,1.28723,1.50,1.50
2012.10.16 12:36:36.734,1.28704,1.28724,1.50,1.32
2012.10.16 12:36:37.291,1.28704,1.28724,1.88,1.32
2012.10.16 12:36:37.561,1.28704,1.28724,2.63,1.32
2012.10.16 12:36:39.601,1.28705,1.28725,1.13,1.50
2012.10.16 12:36:40.432,1.28705,1.28725,1.88,1.50
2012.10.16 12:36:40.737,1.28706,1.28726,1.50,1.54
2012.10.16 12:36:41.077,1.28705,1.28725,1.88,1.50
2012.10.16 12:36:42.068,1.28709,1.28729,1.32,2.25
2012.10.16 12:36:42.611,1.28709,1.2873,1.32,3.00
2012.10.16 12:36:43.394,1.28709,1.28729,1.32,1.50
2012.10.16 12:36:44.860,1.28709,1.2873,1.32,3.00
2012.10.16 12:36:45.378,1.28709,1.28729,1.32,1.50
2012.10.16 12:36:45.682,1.28712,1.28729,1.50,2.25
2012.10.16 12:36:45.921,1.28709,1.2873,1.32,3.00
2012.10.16 12:36:46.101,1.28712,1.2873,1.50,2.25
2012.10.16 12:36:46.341,1.28709,1.2873,2.07,1.50
2012.10.16 12:36:46.862,1.28709,1.2873,1.32,1.50
2012.10.16 12:36:51.141,1.28708,1.2873,2.25,2.07
2012.10.16 12:36:51.701,1.28708,1.28727,1.50,1.50
2012.10.16 12:36:52.042,1.28705,1.28727,1.69,1.50
2012.10.16 12:36:52.185,1.28705,1.28727,1.69,1.73
2012.10.16 12:36:52.535,1.28705,1.28727,1.32,1.73
2012.10.16 12:36:52.663,1.28704,1.28721,1.88,1.54
2012.10.16 12:36:52.793,1.28701,1.2872,2.25,1.50
2012.10.16 12:36:52.922,1.28699,1.2872,2.07,1.50
2012.10.16 12:36:53.723,1.28699,1.28714,1.50,1.32
2012.10.16 12:36:53.852,1.28699,1.28717,1.50,1.13
2012.10.16 12:36:53.912,1.28699,1.28719,1.50,1.52
2012.10.16 12:36:53.971,1.28699,1.2872,1.50,1.78
2012.10.16 12:36:54.653,1.28698,1.2872,2.25,1.50
2012.10.16 12:36:54.973,1.28697,1.28714,2.25,1.32
2012.10.16 12:36:55.340,1.28701,1.28721,1.50,1.39
2012.10.16 12:36:55.622,1.28707,1.28724,1.50,2.63
2012.10.16 12:36:55.765,1.28709,1.28724,2.07,1.32
2012.10.16 12:36:55.835,1.28709,1.28724,1.32,1.32
2012.10.16 12:36:56.021,1.28705,1.28724,1.92,1.50
2012.10.16 12:36:56.142,1.28707,1.28725,2.85,1.32
2012.10.16 12:36:56.263,1.2871,1.28728,1.35,1.13
2012.10.16 12:36:56.331,1.28709,1.28729,1.50,2.25
2012.10.16 12:36:57.194,1.28708,1.28729,1.32,2.25
2012.10.16 12:36:57.538,1.28705,1.28725,2.25,1.32
2012.10.16 12:37:00.562,1.28709,1.28725,1.50,1.32
2012.10.16 12:37:00.742,1.28711,1.2873,1.50,1.73
2012.10.16 12:37:00.802,1.28712,1.2873,1.50,1.50
2012.10.16 12:37:01.345,1.28715,1.28733,1.50,1.54
2012.10.16 12:37:01.892,1.28721,1.28733,1.50,1.54
2012.10.16 12:37:01.952,1.28716,1.28733,1.88,1.54
2012.10.16 12:37:02.015,1.28715,1.28733,1.50,1.54
2012.10.16 12:37:02.761,1.28715,1.28733,1.50,1.54
2012.10.16 12:37:03.316,1.28715,1.28733,1.50,1.54
2012.10.16 12:37:03.862,1.28714,1.28733,2.25,1.54
2012.10.16 12:37:05.124,1.28715,1.28733,1.50,1.54
2012.10.16 12:37:06.031,1.28715,1.2873,1.50,1.50
2012.10.16 12:37:06.211,1.28715,1.28733,1.50,1.32
2012.10.16 12:37:07.074,1.28716,1.28738,1.69,1.50
2012.10.16 12:37:07.142,1.28725,1.28744,1.50,1.50
2012.10.16 12:37:07.202,1.28725,1.28744,1.50,1.50
2012.10.16 12:37:07.504,1.2873,1.2875,1.32,1.73
2012.10.16 12:37:08.254,1.28729,1.28748,2.25,1.32
2012.10.16 12:37:08.803,1.28725,1.28746,1.32,2.07
2012.10.16 12:37:09.209,1.28731,1.28746,1.35,2.07
2012.10.16 12:37:09.277,1.28731,1.2875,2.10,3.04
2012.10.16 12:37:09.419,1.28734,1.28752,1.50,1.50
2012.10.16 12:37:09.484,1.28734,1.28752,1.50,1.50
2012.10.16 12:37:09.684,1.28738,1.28759,2.25,2.55
2012.10.16 12:37:09.751,1.28738,1.28759,2.25,2.55
2012.10.16 12:37:10.316,1.28736,1.28758,2.07,1.73
2012.10.16 12:37:11.132,1.28736,1.28758,2.07,2.48
2012.10.16 12:37:12.692,1.28742,1.28759,1.32,2.48
2012.10.16 12:37:12.821,1.28743,1.2876,1.50,1.58
2012.10.16 12:37:12.883,1.28742,1.2876,1.32,3.08
2012.10.16 12:37:13.084,1.28735,1.28754,2.48,1.32
2012.10.16 12:37:13.520,1.28735,1.28757,2.82,1.50
2012.10.16 12:37:13.856,1.28739,1.28757,1.50,1.50
2012.10.16 12:37:14.076,1.28743,1.28759,2.67,1.05
2012.10.16 12:37:14.202,1.28747,1.28762,1.50,1.50
2012.10.16 12:37:14.562,1.28749,1.28764,1.32,1.50
2012.10.16 12:37:15.292,1.28749,1.28764,1.32,1.50
2012.10.16 12:37:16.073,1.28749,1.28764,1.32,1.50
2012.10.16 12:37:17.002,1.28744,1.28761,1.32,1.50
2012.10.16 12:37:17.122,1.28742,1.28761,1.50,1.50
2012.10.16 12:37:17.402,1.2874,1.28759,2.07,2.25
2012.10.16 12:37:17.642,1.28735,1.28757,1.32,1.73
2012.10.16 12:37:17.762,1.28733,1.28756,3.94,1.50
2012.10.16 12:37:19.691,1.28734,1.28756,2.07,2.25
2012.10.16 12:37:20.031,1.28732,1.28753,1.88,1.50
2012.10.16 12:37:21.327,1.28733,1.28756,2.63,2.29
2012.10.16 12:37:22.647,1.28733,1.28754,1.50,1.73
2012.10.16 12:37:23.191,1.28733,1.28755,2.25,1.54
2012.10.16 12:37:23.732,1.28732,1.28754,3.19,2.48
2012.10.16 12:37:23.891,1.28734,1.28755,1.50,1.54
2012.10.16 12:37:24.204,1.28732,1.28752,1.13,1.54
2012.10.16 12:37:24.332,1.28733,1.28753,1.13,1.32
2012.10.16 12:37:24.631,1.28741,1.28756,1.50,2.29
2012.10.16 12:37:24.752,1.28733,1.28756,2.63,3.04
2012.10.16 12:37:25.408,1.28735,1.28756,1.50,2.29
2012.10.16 12:37:25.533,1.28739,1.28756,1.50,1.32
2012.10.16 12:37:25.726,1.28739,1.28755,1.13,1.32
2012.10.16 12:37:26.031,1.2874,1.28759,1.50,1.54
2012.10.16 12:37:26.091,1.28746,1.28759,1.50,1.32
2012.10.16 12:37:26.151,1.28746,1.28761,1.50,1.62
2012.10.16 12:37:26.211,1.28748,1.28761,1.50,1.54
2012.10.16 12:37:26.391,1.28742,1.28761,1.50,1.54
2012.10.16 12:37:26.511,1.28749,1.28761,1.50,1.54
2012.10.16 12:37:26.631,1.28745,1.28761,1.50,1.54
2012.10.16 12:37:26.754,1.28745,1.28761,1.50,1.54
2012.10.16 12:37:26.960,1.28742,1.28761,1.50,1.54
2012.10.16 12:37:27.141,1.28749,1.28761,1.50,1.54
2012.10.16 12:37:27.262,1.28743,1.28761,2.25,1.54
2012.10.16 12:37:27.501,1.28741,1.28761,1.50,2.29
2012.10.16 12:37:27.681,1.28742,1.28761,2.25,2.29
2012.10.16 12:37:27.801,1.28741,1.28761,3.00,2.29
2012.10.16 12:37:27.921,1.28743,1.28761,1.50,1.54
2012.10.16 12:37:28.372,1.28741,1.28761,1.50,2.22
2012.10.16 12:37:28.611,1.28743,1.28761,1.50,1.47
2012.10.16 12:37:28.733,1.28744,1.28764,1.50,1.39
2012.10.16 12:37:28.802,1.28744,1.28765,2.07,1.58
2012.10.16 12:37:29.042,1.28744,1.28766,2.07,3.15
2012.10.16 12:37:29.188,1.28744,1.28765,1.50,1.32
2012.10.16 12:37:29.323,1.28741,1.28761,1.32,2.29
2012.10.16 12:37:29.652,1.28745,1.28761,1.32,1.73
2012.10.16 12:37:29.713,1.28745,1.28764,2.07,1.43
2012.10.16 12:37:29.902,1.28744,1.28763,1.50,1.17
2012.10.16 12:37:30.260,1.28742,1.28761,1.50,1.32
2012.10.16 12:37:30.338,1.28744,1.28762,1.50,1.32
2012.10.16 12:37:30.521,1.28746,1.28767,1.32,2.52
2012.10.16 12:37:30.641,1.28746,1.28767,1.32,1.58
2012.10.16 12:37:30.761,1.28748,1.28769,1.50,2.33
2012.10.16 12:37:30.941,1.28748,1.28769,1.50,2.25
2012.10.16 12:37:32.114,1.28747,1.28769,2.82,1.50
2012.10.16 12:37:32.434,1.28747,1.28767,1.32,1.50
2012.10.16 12:37:32.681,1.28747,1.28768,1.32,1.73
2012.10.16 12:37:34.233,1.28746,1.28768,1.32,1.73
2012.10.16 12:37:34.363,1.28745,1.28768,1.32,1.73
2012.10.16 12:37:34.434,1.28745,1.28769,1.32,3.04
2012.10.16 12:37:34.812,1.28744,1.28767,2.07,1.32
2012.10.16 12:37:35.132,1.28744,1.28768,3.57,1.39
2012.10.16 12:37:35.681,1.28744,1.28767,3.57,1.32
2012.10.16 12:37:36.283,1.28745,1.28767,1.32,1.50
2012.10.16 12:37:36.989,1.28745,1.28767,2.07,1.50
2012.10.16 12:37:37.273,1.28745,1.28768,2.07,1.73
2012.10.16 12:37:37.591,1.28747,1.28767,1.50,1.32
2012.10.16 12:37:38.132,1.28747,1.28768,1.50,1.54
2012.10.16 12:37:38.682,1.28746,1.28767,1.50,1.32
2012.10.16 12:37:39.132,1.28744,1.28767,2.82,1.32
2012.10.16 12:37:39.194,1.28744,1.28765,2.07,1.50
2012.10.16 12:37:39.682,1.28745,1.28765,1.50,1.50
2012.10.16 12:37:40.054,1.28745,1.28767,1.50,2.29
2012.10.16 12:37:40.720,1.28745,1.28767,2.07,1.50
2012.10.16 12:37:41.032,1.2875,1.28771,1.50,2.82
2012.10.16 12:37:41.830,1.2875,1.28772,1.50,2.07
2012.10.16 12:37:42.521,1.2875,1.28771,1.32,1.50
2012.10.16 12:37:43.922,1.2875,1.28772,1.32,2.40
2012.10.16 12:37:44.224,1.28749,1.2877,1.88,1.50
2012.10.16 12:37:44.352,1.28749,1.2877,1.32,2.25
2012.10.16 12:37:44.869,1.28747,1.28769,3.00,1.54
2012.10.16 12:37:45.174,1.28751,1.28771,1.50,1.32
2012.10.16 12:37:45.591,1.28751,1.28773,2.07,2.33
2012.10.16 12:37:45.711,1.28751,1.28774,2.29,2.34
2012.10.16 12:37:46.071,1.2875,1.28773,2.82,2.25
2012.10.16 12:37:46.251,1.28752,1.28773,1.50,1.50
2012.10.16 12:37:46.493,1.28751,1.28773,2.07,2.25
2012.10.16 12:37:46.622,1.28751,1.28772,1.32,2.10
2012.10.16 12:37:46.924,1.28747,1.28766,1.50,1.50
2012.10.16 12:37:47.503,1.28747,1.28766,1.50,1.50
2012.10.16 12:37:47.821,1.28747,1.28766,1.50,1.73
2012.10.16 12:37:48.351,1.28748,1.28768,1.50,1.54
2012.10.16 12:37:48.711,1.2875,1.28768,1.50,1.54
2012.10.16 12:37:49.251,1.2875,1.28768,1.50,1.54
2012.10.16 12:37:50.071,1.28751,1.28771,2.07,1.62
2012.10.16 12:37:50.131,1.28751,1.28772,2.82,1.62
2012.10.16 12:37:50.968,1.28751,1.28772,2.07,1.73
2012.10.16 12:37:51.484,1.28749,1.28769,1.50,1.54
2012.10.16 12:37:51.612,1.28748,1.28767,1.50,1.73
2012.10.16 12:37:51.933,1.28748,1.28767,1.50,1.50
2012.10.16 12:37:52.382,1.28749,1.28769,1.50,1.54
2012.10.16 12:37:52.704,1.28759,1.28775,1.32,2.33
2012.10.16 12:37:52.772,1.28759,1.28775,2.07,1.50
2012.10.16 12:37:53.336,1.28759,1.28776,1.32,1.50
2012.10.16 12:37:53.524,1.28757,1.28773,1.13,1.50
2012.10.16 12:37:53.592,1.28753,1.28773,2.82,1.50
2012.10.16 12:37:54.161,1.28753,1.28773,2.07,1.50
2012.10.16 12:37:57.153,1.28753,1.28776,2.82,1.73
2012.10.16 12:37:57.231,1.28759,1.28777,1.32,1.50
2012.10.16 12:37:57.296,1.28759,1.2878,2.07,3.12
2012.10.16 12:37:57.514,1.2876,1.28771,1.32,1.50
2012.10.16 12:37:57.884,1.2876,1.2877,1.32,1.50
2012.10.16 12:37:57.960,1.28746,1.28765,1.32,1.50
2012.10.16 12:37:58.164,1.28749,1.28767,2.48,1.50
2012.10.16 12:37:58.474,1.2876,1.28781,2.07,1.58
2012.10.16 12:37:58.541,1.2876,1.2878,1.32,1.50
2012.10.16 12:38:00.331,1.28761,1.28781,1.50,1.50
2012.10.16 12:38:00.973,1.28762,1.28783,1.50,1.54
2012.10.16 12:38:01.282,1.28765,1.28786,1.32,1.58
2012.10.16 12:38:01.502,1.28765,1.28786,1.32,1.58
2012.10.16 12:38:02.363,1.28767,1.28787,1.32,1.73
2012.10.16 12:38:02.435,1.28769,1.2879,1.50,2.29
2012.10.16 12:38:02.818,1.28777,1.28793,1.50,2.14
2012.10.16 12:38:02.963,1.28775,1.28793,2.07,1.32
2012.10.16 12:38:03.039,1.28775,1.28793,1.32,2.07
2012.10.16 12:38:03.181,1.28771,1.28793,1.50,3.60
2012.10.16 12:38:03.421,1.28771,1.28793,1.50,1.54
2012.10.16 12:38:03.785,1.28776,1.28794,1.32,1.50
2012.10.16 12:38:03.914,1.28777,1.28798,1.32,1.58
2012.10.16 12:38:04.102,1.28777,1.28798,1.32,1.50
2012.10.16 12:38:04.161,1.28777,1.28799,1.32,2.48
2012.10.16 12:38:04.667,1.28779,1.288,1.32,2.25
2012.10.16 12:38:05.075,1.2878,1.288,1.32,1.50
2012.10.16 12:38:06.042,1.28782,1.28803,1.50,1.58
2012.10.16 12:38:06.341,1.28787,1.28807,1.32,1.58
2012.10.16 12:38:06.402,1.28787,1.28807,1.32,1.58
2012.10.16 12:38:06.993,1.28784,1.28805,1.32,1.50
2012.10.16 12:38:07.062,1.28784,1.28805,1.32,2.07
2012.10.16 12:38:07.198,1.28787,1.28807,1.32,2.29
2012.10.16 12:38:07.262,1.28787,1.28808,1.32,2.14
2012.10.16 12:38:07.943,1.28787,1.28808,1.32,1.50
2012.10.16 12:38:08.135,1.28787,1.28809,2.07,1.73
2012.10.16 12:38:08.461,1.2879,1.28811,1.50,1.32
2012.10.16 12:38:08.825,1.28787,1.28806,1.50,1.50
2012.10.16 12:38:09.036,1.28784,1.28806,2.07,1.50
2012.10.16 12:38:10.513,1.2879,1.28809,1.32,1.58
2012.10.16 12:38:10.703,1.2879,1.28811,2.07,2.33
2012.10.16 12:38:11.429,1.2879,1.28811,2.07,2.25
2012.10.16 12:38:11.924,1.2879,1.2881,1.32,1.50
2012.10.16 12:38:12.064,1.28786,1.28807,1.50,1.50
2012.10.16 12:38:12.273,1.28783,1.28804,2.07,1.50
2012.10.16 12:38:12.799,1.28785,1.28805,1.32,2.48
2012.10.16 12:38:13.251,1.28786,1.28803,1.32,1.73
2012.10.16 12:38:13.312,1.28786,1.28805,1.32,1.50
2012.10.16 12:38:13.372,1.28789,1.28809,1.50,1.62
2012.10.16 12:38:14.349,1.28789,1.28809,1.50,1.54
2012.10.16 12:38:15.621,1.2879,1.28809,1.50,1.54
2012.10.16 12:38:15.744,1.28786,1.28808,2.07,1.50
2012.10.16 12:38:16.194,1.28789,1.28807,1.32,1.50
2012.10.16 12:38:16.864,1.28789,1.28808,2.07,1.50
2012.10.16 12:38:17.402,1.28789,1.2881,2.07,5.25
2012.10.16 12:38:17.464,1.28789,1.28807,1.32,1.50
2012.10.16 12:38:17.723,1.28786,1.28807,1.50,2.82
2012.10.16 12:38:17.940,1.28784,1.28803,2.07,1.50
2012.10.16 12:38:18.295,1.28781,1.28801,1.32,1.50
2012.10.16 12:38:18.973,1.2878,1.28801,2.07,1.50
2012.10.16 12:38:19.882,1.2878,1.28799,1.32,1.50
2012.10.16 12:38:20.182,1.28774,1.28793,1.32,1.54
2012.10.16 12:38:20.362,1.28777,1.28795,1.13,1.50
2012.10.16 12:38:20.923,1.2878,1.28798,1.32,1.50
2012.10.16 12:38:21.943,1.28778,1.28796,1.32,1.50
2012.10.16 12:38:22.340,1.28779,1.28796,1.50,1.50
2012.10.16 12:38:22.652,1.28784,1.28806,3.00,2.03
2012.10.16 12:38:22.772,1.28786,1.28807,1.50,3.12
2012.10.16 12:38:22.953,1.2879,1.28809,1.32,2.25
2012.10.16 12:38:23.072,1.28787,1.28808,1.50,1.54
2012.10.16 12:38:23.381,1.2879,1.28809,2.07,1.50
2012.10.16 12:38:23.501,1.28787,1.28808,1.50,2.29
2012.10.16 12:38:25.303,1.28787,1.28809,1.50,1.62
2012.10.16 12:38:27.362,1.2879,1.28809,1.50,1.54
2012.10.16 12:38:27.612,1.28794,1.28812,2.25,1.58
2012.10.16 12:38:27.672,1.28795,1.28815,1.50,1.50
2012.10.16 12:38:27.742,1.28797,1.28818,1.50,2.29
2012.10.16 12:38:28.591,1.28803,1.28818,1.50,1.32
2012.10.16 12:38:29.071,1.28801,1.28818,2.25,1.32
2012.10.16 12:38:29.137,1.28799,1.28818,1.50,2.10
2012.10.16 12:38:29.205,1.28794,1.28812,2.25,1.32
2012.10.16 12:38:29.333,1.2879,1.28812,3.75,1.54
2012.10.16 12:38:29.633,1.28792,1.28812,1.50,1.54
2012.10.16 12:38:30.183,1.28795,1.28812,2.25,1.32
2012.10.16 12:38:30.827,1.28796,1.28812,1.50,1.32
2012.10.16 12:38:31.323,1.28792,1.28812,1.50,1.50
2012.10.16 12:38:31.392,1.28791,1.28808,2.07,1.35
2012.10.16 12:38:31.635,1.28784,1.28803,1.50,2.14
2012.10.16 12:38:31.702,1.28783,1.28803,1.50,2.14
2012.10.16 12:38:32.526,1.28782,1.28797,2.25,1.35
2012.10.16 12:38:32.953,1.28776,1.28796,2.63,1.54
2012.10.16 12:38:33.025,1.28776,1.28796,3.00,1.54
2012.10.16 12:38:33.212,1.28784,1.28797,1.50,1.32
2012.10.16 12:38:33.272,1.28789,1.28799,1.32,1.58
2012.10.16 12:38:33.394,1.28789,1.28802,1.32,1.58
2012.10.16 12:38:33.642,1.28789,1.28807,1.32,1.58
2012.10.16 12:38:33.702,1.28788,1.28807,1.32,1.58
2012.10.16 12:38:33.823,1.28785,1.28806,1.32,2.25
2012.10.16 12:38:34.402,1.28785,1.28806,1.50,1.50
2012.10.16 12:38:34.962,1.28785,1.28804,2.25,1.50
2012.10.16 12:38:35.274,1.28786,1.28806,1.50,2.07
2012.10.16 12:38:35.462,1.28788,1.28809,1.50,1.54
2012.10.16 12:38:36.299,1.28797,1.28817,1.32,1.50
2012.10.16 12:38:36.512,1.28797,1.28818,1.32,3.75
2012.10.16 12:38:36.673,1.28796,1.28812,1.54,1.35
2012.10.16 12:38:37.054,1.28801,1.28813,1.50,1.50
2012.10.16 12:38:37.482,1.28802,1.28819,1.50,2.33
2012.10.16 12:38:37.554,1.28805,1.28819,1.32,2.33
2012.10.16 12:38:37.864,1.28799,1.2882,3.57,1.50
2012.10.16 12:38:38.053,1.28799,1.2882,3.57,1.73
2012.10.16 12:38:38.413,1.28799,1.28821,4.17,1.54
2012.10.16 12:38:38.488,1.28802,1.28823,1.32,1.54
2012.10.16 12:38:38.559,1.28802,1.28823,1.32,1.32
2012.10.16 12:38:38.623,1.28803,1.28824,1.13,1.50
2012.10.16 12:38:39.794,1.28803,1.28821,1.13,1.50
2012.10.16 12:38:39.868,1.28801,1.28821,2.07,1.73
2012.10.16 12:38:39.937,1.28798,1.28822,2.07,2.48
2012.10.16 12:38:40.006,1.28799,1.28822,1.50,1.50
2012.10.16 12:38:40.133,1.28806,1.28823,1.32,1.32
2012.10.16 12:38:40.383,1.28799,1.28823,2.25,2.82
2012.10.16 12:38:40.932,1.28801,1.28823,1.32,1.50
2012.10.16 12:38:41.222,1.28799,1.28823,2.07,2.25
2012.10.16 12:38:41.344,1.28799,1.28818,1.50,1.54
2012.10.16 12:38:41.412,1.28799,1.2882,2.07,1.73
2012.10.16 12:38:41.591,1.288,1.28822,1.32,2.25
2012.10.16 12:38:42.181,1.288,1.28817,1.32,1.50
2012.10.16 12:38:42.361,1.28796,1.28815,2.25,2.29
2012.10.16 12:38:42.872,1.28796,1.28815,1.50,2.29
2012.10.16 12:38:43.209,1.28796,1.28815,1.50,2.29
2012.10.16 12:38:43.662,1.28792,1.28811,2.07,1.50
2012.10.16 12:38:44.231,1.28789,1.2881,3.00,1.54
2012.10.16 12:38:44.372,1.28792,1.28811,1.50,1.54
2012.10.16 12:38:44.552,1.28797,1.28816,2.07,1.58
2012.10.16 12:38:44.731,1.28797,1.28816,2.07,1.50
2012.10.16 12:38:44.911,1.28797,1.28816,1.32,2.25
2012.10.16 12:38:45.093,1.28795,1.28816,2.10,2.25
2012.10.16 12:38:45.154,1.28797,1.28816,1.50,1.50
2012.10.16 12:38:45.293,1.28802,1.28819,2.07,1.50
2012.10.16 12:38:45.362,1.28802,1.28819,2.07,1.50
2012.10.16 12:38:45.422,1.28812,1.28821,1.50,2.25
2012.10.16 12:38:45.837,1.28814,1.28834,1.32,1.50
2012.10.16 12:38:46.785,1.28813,1.28831,1.13,1.50
2012.10.16 12:38:47.174,1.28813,1.28828,1.13,1.50
2012.10.16 12:38:47.303,1.28811,1.28829,1.32,1.50
2012.10.16 12:38:47.556,1.28808,1.28824,1.50,1.50
2012.10.16 12:38:47.630,1.28804,1.28824,4.54,1.50
2012.10.16 12:38:47.769,1.28805,1.28824,1.13,1.73
2012.10.16 12:38:48.221,1.28806,1.28828,1.32,3.00
2012.10.16 12:38:48.357,1.28806,1.28827,1.32,1.50
2012.10.16 12:38:48.541,1.28804,1.2882,2.07,1.50
2012.10.16 12:38:48.662,1.28802,1.28819,2.25,1.50
2012.10.16 12:38:48.786,1.288,1.28819,4.32,1.50
2012.10.16 12:38:49.333,1.288,1.2882,2.82,1.50
2012.10.16 12:38:50.342,1.288,1.28819,2.25,1.32
2012.10.16 12:38:50.463,1.28802,1.28822,1.50,1.35
2012.10.16 12:38:50.532,1.28806,1.28824,1.32,1.47
2012.10.16 12:38:50.653,1.28806,1.28827,1.32,3.88
2012.10.16 12:38:50.904,1.28806,1.28826,1.32,1.58
2012.10.16 12:38:51.092,1.28805,1.28822,1.32,1.50
2012.10.16 12:38:51.972,1.28804,1.28822,1.32,1.50
2012.10.16 12:38:52.922,1.28805,1.28822,1.50,1.50
2012.10.16 12:38:53.162,1.28811,1.28826,1.32,1.50
2012.10.16 12:38:54.131,1.28811,1.28828,2.07,1.50
2012.10.16 12:38:54.191,1.28811,1.2883,2.07,1.32
2012.10.16 12:38:54.252,1.28811,1.28831,2.07,1.50
2012.10.16 12:38:55.292,1.28812,1.28833,1.32,1.50
2012.10.16 12:38:55.701,1.28814,1.28835,1.50,1.50
2012.10.16 12:38:55.822,1.28814,1.28837,2.25,3.04
2012.10.16 12:38:56.011,1.28815,1.28837,1.13,2.07
2012.10.16 12:38:56.314,1.28821,1.28839,2.25,2.10
2012.10.16 12:38:56.801,1.28828,1.28848,1.32,1.39
2012.10.16 12:38:56.982,1.28828,1.28848,1.13,1.58
2012.10.16 12:38:57.114,1.28825,1.28848,6.23,1.50
2012.10.16 12:38:57.259,1.28833,1.28852,1.50,2.48
2012.10.16 12:38:57.393,1.28833,1.28852,1.50,1.50
2012.10.16 12:38:57.646,1.2883,1.28853,2.07,1.50
2012.10.16 12:38:58.132,1.28831,1.28854,2.25,2.48
2012.10.16 12:38:58.611,1.28833,1.28854,1.50,1.73
2012.10.16 12:38:59.312,1.28844,1.28863,1.69,2.25
2012.10.16 12:38:59.434,1.28845,1.28864,2.25,1.50
2012.10.16 12:38:59.502,1.28846,1.28867,1.50,1.54
2012.10.16 12:39:00.142,1.28847,1.28867,1.13,1.32
2012.10.16 12:39:00.502,1.28857,1.28868,2.82,1.50
2012.10.16 12:39:00.627,1.28858,1.2888,1.50,3.64
2012.10.16 12:39:00.697,1.28859,1.2888,2.25,2.89
2012.10.16 12:39:00.883,1.28857,1.2888,2.82,3.57
2012.10.16 12:39:01.380,1.28859,1.28879,2.25,1.50
2012.10.16 12:39:01.683,1.28861,1.28879,1.88,1.50
2012.10.16 12:39:01.984,1.2887,1.28887,1.32,2.25
2012.10.16 12:39:02.174,1.28867,1.28885,1.88,1.50
2012.10.16 12:39:02.364,1.28861,1.2888,2.48,1.32
2012.10.16 12:39:02.433,1.28861,1.2888,2.25,1.32
2012.10.16 12:39:02.503,1.28868,1.28883,1.50,2.10
2012.10.16 12:39:02.573,1.28869,1.28885,1.32,1.50
2012.10.16 12:39:02.654,1.28869,1.28888,1.32,1.50
2012.10.16 12:39:03.153,1.28874,1.28888,1.50,1.50
2012.10.16 12:39:03.515,1.28884,1.28897,1.32,2.27
2012.10.16 12:39:03.587,1.28886,1.28894,1.73,1.50
2012.10.16 12:39:03.654,1.28884,1.28893,1.54,1.50
2012.10.16 12:39:03.724,1.28882,1.28893,1.50,1.32
2012.10.16 12:39:04.112,1.2888,1.28893,1.50,1.32
2012.10.16 12:39:04.425,1.28869,1.28885,1.50,3.00
2012.10.16 12:39:04.673,1.28867,1.28883,1.50,1.54
2012.10.16 12:39:04.862,1.28863,1.28883,1.35,1.54
2012.10.16 12:39:05.103,1.2886,1.28883,1.50,1.54
2012.10.16 12:39:06.114,1.28862,1.28883,1.50,1.54
2012.10.16 12:39:06.665,1.28862,1.28884,1.50,6.04
2012.10.16 12:39:07.233,1.28855,1.28878,3.00,1.54
2012.10.16 12:39:07.431,1.28856,1.28878,1.50,1.54
2012.10.16 12:39:07.613,1.28859,1.28882,2.07,1.39
2012.10.16 12:39:07.806,1.28859,1.28879,2.07,1.32
2012.10.16 12:39:08.322,1.28861,1.2888,1.50,1.54
2012.10.16 12:39:08.817,1.28856,1.2888,1.32,2.29
2012.10.16 12:39:08.942,1.28856,1.28874,1.32,1.05
2012.10.16 12:39:09.003,1.28853,1.28866,1.50,1.32
2012.10.16 12:39:09.072,1.28849,1.28866,2.40,1.32
2012.10.16 12:39:09.134,1.28851,1.28868,1.50,1.35
2012.10.16 12:39:09.322,1.28855,1.28877,1.32,2.48
2012.10.16 12:39:09.442,1.28851,1.28874,1.13,1.73
2012.10.16 12:39:09.504,1.2885,1.28873,1.32,1.32
2012.10.16 12:39:10.005,1.28849,1.28874,1.32,1.54
2012.10.16 12:39:10.253,1.28848,1.28872,1.32,3.02
2012.10.16 12:39:10.613,1.28853,1.28876,2.07,3.64
2012.10.16 12:39:10.744,1.28853,1.28874,1.32,1.58
2012.10.16 12:39:11.053,1.28853,1.28875,1.50,3.79
2012.10.16 12:39:11.363,1.28857,1.28875,1.50,2.07
2012.10.16 12:39:11.612,1.28854,1.28875,2.25,1.54
2012.10.16 12:39:11.873,1.28856,1.28878,1.32,1.54
2012.10.16 12:39:12.312,1.28859,1.28881,1.13,1.54
2012.10.16 12:39:12.494,1.28858,1.28877,1.50,1.54
2012.10.16 12:39:12.564,1.28857,1.28877,1.50,1.54
2012.10.16 12:39:12.944,1.28854,1.28877,2.07,1.39
2012.10.16 12:39:13.411,1.28855,1.28876,1.32,1.32
2012.10.16 12:39:13.717,1.28857,1.28876,1.50,1.32
2012.10.16 12:39:14.086,1.28864,1.28879,1.35,1.58
2012.10.16 12:39:14.282,1.28864,1.28881,1.35,1.50
2012.10.16 12:39:14.341,1.28864,1.28885,1.35,2.25
2012.10.16 12:39:15.253,1.28865,1.28888,2.85,2.07
2012.10.16 12:39:15.802,1.28867,1.28888,1.50,1.50
2012.10.16 12:39:16.212,1.28865,1.28888,2.07,1.50
2012.10.16 12:39:16.273,1.28863,1.28883,1.50,1.32
2012.10.16 12:39:16.822,1.28862,1.28884,3.00,1.32
2012.10.16 12:39:17.185,1.28869,1.28883,1.13,1.32
2012.10.16 12:39:17.312,1.28867,1.28877,1.50,1.32
2012.10.16 12:39:17.505,1.28868,1.28882,1.50,3.00
2012.10.16 12:39:17.573,1.28868,1.28887,1.50,1.32
2012.10.16 12:39:18.132,1.28868,1.28889,2.25,1.32
2012.10.16 12:39:18.403,1.28871,1.28889,1.13,1.32
2012.10.16 12:39:18.712,1.28868,1.28885,1.50,1.32
2012.10.16 12:39:18.772,1.28865,1.28885,1.32,1.32
2012.10.16 12:39:18.894,1.28865,1.28885,1.50,1.13
2012.10.16 12:39:18.962,1.28865,1.28888,3.57,1.73
2012.10.16 12:39:19.144,1.28871,1.2889,1.50,1.32
2012.10.16 12:39:19.473,1.28871,1.28891,2.29,1.50
2012.10.16 12:39:19.544,1.28871,1.28891,1.54,1.50
2012.10.16 12:39:19.821,1.28868,1.28885,1.50,1.54
2012.10.16 12:39:19.884,1.28868,1.2889,1.50,2.07
2012.10.16 12:39:20.502,1.28865,1.28886,3.57,1.50
2012.10.16 12:39:20.683,1.28865,1.28886,2.82,1.50
2012.10.16 12:39:21.266,1.28865,1.28886,2.07,1.50
2012.10.16 12:39:21.403,1.28865,1.2888,1.32,1.50
2012.10.16 12:39:21.543,1.28863,1.2888,1.73,1.50
2012.10.16 12:39:21.618,1.28863,1.28881,1.50,1.50
2012.10.16 12:39:21.753,1.2886,1.28877,1.50,1.32
2012.10.16 12:39:21.934,1.28861,1.28879,1.13,1.35
2012.10.16 12:39:22.002,1.28862,1.28879,1.88,1.13
2012.10.16 12:39:22.361,1.28866,1.28884,2.07,1.32
2012.10.16 12:39:22.481,1.28866,1.28887,2.82,1.50
2012.10.16 12:39:22.602,1.28869,1.28889,1.50,1.32
2012.10.16 12:39:23.352,1.28871,1.2889,1.13,1.32
2012.10.16 12:39:23.703,1.28874,1.2889,1.50,1.32
2012.10.16 12:39:23.956,1.28874,1.28892,1.50,1.54
2012.10.16 12:39:24.143,1.28874,1.28895,1.50,1.32
2012.10.16 12:39:24.405,1.2887,1.28879,1.50,1.13
2012.10.16 12:39:24.677,1.28868,1.28876,1.50,1.32
2012.10.16 12:39:24.805,1.28864,1.28882,1.50,1.32
2012.10.16 12:39:24.873,1.28863,1.28882,1.50,1.32
2012.10.16 12:39:25.002,1.28865,1.28882,1.35,2.07
2012.10.16 12:39:25.124,1.28865,1.28886,2.33,1.50
2012.10.16 12:39:25.253,1.28871,1.28889,1.88,1.39
2012.10.16 12:39:25.572,1.2888,1.28894,1.50,3.08
2012.10.16 12:39:25.634,1.28881,1.28896,2.07,1.58
2012.10.16 12:39:25.894,1.28881,1.28901,2.07,1.50
2012.10.16 12:39:26.022,1.28882,1.28904,1.50,2.07
2012.10.16 12:39:26.083,1.28882,1.28904,1.50,2.07
2012.10.16 12:39:26.395,1.28884,1.28904,1.88,1.50
2012.10.16 12:39:26.583,1.28884,1.28903,1.13,2.29
2012.10.16 12:39:27.572,1.28882,1.28903,1.13,2.29
2012.10.16 12:39:28.121,1.28884,1.28903,1.13,2.07
2012.10.16 12:39:28.183,1.28884,1.28896,1.13,1.32
2012.10.16 12:39:28.423,1.28878,1.28897,1.88,1.54
2012.10.16 12:39:28.493,1.28877,1.28898,1.32,2.48
2012.10.16 12:39:28.621,1.28879,1.28899,1.32,1.50
2012.10.16 12:39:28.983,1.28879,1.28899,2.07,1.50
2012.10.16 12:39:29.294,1.28876,1.28895,1.50,1.50
2012.10.16 12:39:29.423,1.28874,1.28895,1.50,1.50
2012.10.16 12:39:29.903,1.28877,1.28897,1.50,1.32
2012.10.16 12:39:32.797,1.28878,1.28899,1.32,1.73
2012.10.16 12:39:33.603,1.28878,1.28898,1.32,1.50
2012.10.16 12:39:33.672,1.28876,1.28895,1.54,1.50
2012.10.16 12:39:33.792,1.28875,1.28895,2.82,1.50
2012.10.16 12:39:37.177,1.28876,1.28897,1.50,2.07
2012.10.16 12:39:37.391,1.28876,1.28893,1.50,1.50
2012.10.16 12:39:37.548,1.28872,1.28892,2.07,1.50
2012.10.16 12:39:37.813,1.2887,1.28892,1.73,1.50
2012.10.16 12:39:38.062,1.28878,1.28894,1.50,1.32
2012.10.16 12:39:38.382,1.28875,1.28894,1.50,2.07
2012.10.16 12:39:38.443,1.28874,1.28894,1.50,2.07
2012.10.16 12:39:38.952,1.28875,1.28894,1.32,1.50
2012.10.16 12:39:39.383,1.28881,1.28898,1.13,1.50
2012.10.16 12:39:39.693,1.28881,1.289,1.50,2.37
2012.10.16 12:39:39.882,1.28878,1.28898,1.54,1.50
2012.10.16 12:39:41.843,1.28879,1.28898,1.50,1.50
2012.10.16 12:39:42.162,1.28881,1.289,1.50,1.05
2012.10.16 12:39:42.225,1.28883,1.28901,1.32,1.05
2012.10.16 12:39:42.354,1.28883,1.289,1.54,1.50
2012.10.16 12:39:42.912,1.28881,1.28899,1.50,1.50
2012.10.16 12:39:42.997,1.2887,1.28891,2.25,1.32
2012.10.16 12:39:45.963,1.28871,1.28892,1.50,1.50
2012.10.16 12:39:46.153,1.28873,1.28892,1.32,1.50
2012.10.16 12:39:46.523,1.28877,1.28896,1.32,1.50
2012.10.16 12:39:50.622,1.28877,1.28896,1.32,2.25
2012.10.16 12:39:50.683,1.28877,1.28896,1.32,1.50
2012.10.16 12:39:51.412,1.28879,1.28896,1.32,1.50
2012.10.16 12:39:51.485,1.2888,1.28898,1.50,1.50
2012.10.16 12:39:51.992,1.2888,1.28898,1.50,1.50
2012.10.16 12:39:52.512,1.28882,1.289,1.88,1.50
2012.10.16 12:39:52.874,1.28881,1.289,1.50,1.05
2012.10.16 12:39:53.063,1.28879,1.28898,1.32,1.50
2012.10.16 12:39:53.581,1.28876,1.28896,1.13,1.50
2012.10.16 12:39:53.952,1.28875,1.28896,2.07,1.50
2012.10.16 12:39:54.477,1.28875,1.28896,2.07,1.50
2012.10.16 12:39:56.332,1.28875,1.28895,1.32,1.70
2012.10.16 12:39:56.943,1.28875,1.28895,1.32,1.78
2012.10.16 12:39:57.012,1.28874,1.28895,1.50,2.53
2012.10.16 12:39:59.123,1.28875,1.2889,1.32,1.50
2012.10.16 12:39:59.505,1.28876,1.28896,1.32,2.23
2012.10.16 12:39:59.631,1.28877,1.28897,1.32,1.50
2012.10.16 12:40:00.524,1.28878,1.28897,1.13,1.50
2012.10.16 12:40:00.593,1.28879,1.28899,1.69,1.50
2012.10.16 12:40:00.781,1.28881,1.28901,2.44,1.58
2012.10.16 12:40:01.093,1.28881,1.28902,3.57,2.03
2012.10.16 12:40:01.162,1.28883,1.28903,1.50,1.50
2012.10.16 12:40:01.281,1.28881,1.28902,2.82,1.50
2012.10.16 12:40:02.051,1.28881,1.28902,2.44,1.50
2012.10.16 12:40:02.671,1.28881,1.28903,2.07,3.20
2012.10.16 12:40:03.182,1.28881,1.289,1.69,1.50
2012.10.16 12:40:03.683,1.28876,1.2889,3.00,1.73
2012.10.16 12:40:03.753,1.28872,1.2889,2.18,1.73
2012.10.16 12:40:03.823,1.28869,1.2889,1.50,1.73
2012.10.16 12:40:04.891,1.28868,1.28891,3.00,2.48
2012.10.16 12:40:05.072,1.28869,1.28891,1.73,1.50
2012.10.16 12:40:05.433,1.2887,1.28889,1.50,1.50
2012.10.16 12:40:05.865,1.28869,1.28891,2.25,1.50
2012.10.16 12:40:05.992,1.28871,1.28892,1.50,2.82
2012.10.16 12:40:06.111,1.28869,1.2889,2.82,1.50
2012.10.16 12:40:07.143,1.28861,1.28881,3.23,2.07
2012.10.16 12:40:07.465,1.28858,1.28877,1.73,1.50
2012.10.16 12:40:07.663,1.28856,1.28877,2.67,1.50
2012.10.16 12:40:08.249,1.28856,1.28877,2.29,1.50
2012.10.16 12:40:08.474,1.28857,1.28877,1.32,1.50
2012.10.16 12:40:08.943,1.28859,1.28878,1.32,1.50
2012.10.16 12:40:09.186,1.28861,1.2888,1.50,1.50
2012.10.16 12:40:09.703,1.28858,1.28879,1.50,2.29
2012.10.16 12:40:09.773,1.28857,1.28879,2.25,2.29
2012.10.16 12:40:10.083,1.28855,1.28877,1.13,2.25
2012.10.16 12:40:10.533,1.28854,1.28874,1.32,2.10
2012.10.16 12:40:10.845,1.2885,1.2887,2.18,2.25
2012.10.16 12:40:10.914,1.28849,1.2887,1.50,1.50
2012.10.16 12:40:11.103,1.28849,1.2887,1.73,1.50
2012.10.16 12:40:11.178,1.28848,1.2887,1.32,1.50
2012.10.16 12:40:12.037,1.28848,1.28868,1.32,2.25
2012.10.16 12:40:12.721,1.28847,1.28868,1.54,2.25
2012.10.16 12:40:13.157,1.2885,1.28871,1.32,1.50
2012.10.16 12:40:13.412,1.28851,1.28873,2.25,2.82
2012.10.16 12:40:13.921,1.28851,1.28871,2.25,1.50
2012.10.16 12:40:14.298,1.28853,1.28871,1.32,2.25
2012.10.16 12:40:14.813,1.28851,1.28867,1.32,1.50
2012.10.16 12:40:15.794,1.28851,1.2887,1.92,1.50
2012.10.16 12:40:15.924,1.28853,1.28869,1.32,1.50
2012.10.16 12:40:16.123,1.28847,1.28867,1.50,1.50
2012.10.16 12:40:16.302,1.28844,1.28864,2.25,1.50
2012.10.16 12:40:17.692,1.28843,1.28863,1.32,1.70
2012.10.16 12:40:18.375,1.28843,1.28861,1.32,1.50
2012.10.16 12:40:18.502,1.2884,1.28859,1.32,1.50
2012.10.16 12:40:18.683,1.28838,1.28859,1.50,3.00
2012.10.16 12:40:19.042,1.28833,1.28852,1.50,1.50
2012.10.16 12:40:21.140,1.28831,1.28852,1.50,2.25
2012.10.16 12:40:21.205,1.2883,1.28847,1.32,1.50
2012.10.16 12:40:21.273,1.28828,1.28847,1.50,1.50
2012.10.16 12:40:21.333,1.28826,1.28845,1.32,1.50
2012.10.16 12:40:21.582,1.28824,1.28843,1.32,1.50
2012.10.16 12:40:21.891,1.28822,1.28841,1.32,1.50
2012.10.16 12:40:21.953,1.28821,1.28841,1.32,2.07
2012.10.16 12:40:22.082,1.2882,1.28839,1.50,1.50
2012.10.16 12:40:22.322,1.2882,1.2884,1.50,1.50
2012.10.16 12:40:22.753,1.28824,1.28844,3.00,2.25
2012.10.16 12:40:23.136,1.28828,1.28847,1.32,1.50
2012.10.16 12:40:23.453,1.28826,1.28846,1.13,1.50
2012.10.16 12:40:23.763,1.28822,1.28843,2.63,1.50
2012.10.16 12:40:23.882,1.28826,1.28845,1.32,2.82
2012.10.16 12:40:24.462,1.28829,1.2885,2.07,3.57
2012.10.16 12:40:24.534,1.28829,1.28847,1.32,1.50
2012.10.16 12:40:24.604,1.28829,1.2885,2.07,2.25
2012.10.16 12:40:25.983,1.28829,1.2885,2.07,1.50
2012.10.16 12:40:26.923,1.28829,1.2885,2.07,2.45
2012.10.16 12:40:27.254,1.28827,1.28842,1.50,1.54
2012.10.16 12:40:27.774,1.2882,1.28842,1.50,2.29
2012.10.16 12:40:29.415,1.28819,1.28841,1.35,1.73
2012.10.16 12:40:32.483,1.2882,1.28842,1.50,1.54
2012.10.16 12:40:32.672,1.28821,1.28843,1.50,1.54
2012.10.16 12:40:32.732,1.28823,1.28844,1.32,1.32
2012.10.16 12:40:33.550,1.28829,1.2885,1.02,1.58
2012.10.16 12:40:33.898,1.28826,1.28845,1.77,1.50
2012.10.16 12:40:34.284,1.28828,1.28851,1.88,1.50
2012.10.16 12:40:34.786,1.2883,1.28851,2.22,1.50
2012.10.16 12:40:34.854,1.28832,1.28853,1.20,3.00
2012.10.16 12:40:35.166,1.28831,1.28851,1.65,1.73
2012.10.16 12:40:35.624,1.28825,1.28847,1.88,1.54
2012.10.16 12:40:36.163,1.28824,1.28847,3.04,1.54
2012.10.16 12:40:36.610,1.28824,1.28847,2.29,1.54
2012.10.16 12:40:36.976,1.28823,1.28842,1.13,2.29
2012.10.16 12:40:37.121,1.2882,1.28842,1.13,2.29
2012.10.16 12:40:37.666,1.28821,1.28842,1.13,2.22
2012.10.16 12:40:37.794,1.28821,1.28841,1.13,2.40
2012.10.16 12:40:38.163,1.28817,1.2884,2.07,1.10
2012.10.16 12:40:38.722,1.28817,1.28836,2.63,1.54
2012.10.16 12:40:38.902,1.28817,1.28836,2.40,1.54
2012.10.16 12:40:39.204,1.28821,1.28836,1.13,1.32
2012.10.16 12:40:39.332,1.28823,1.28842,1.50,1.50
2012.10.16 12:40:39.513,1.28829,1.28845,1.35,1.54
2012.10.16 12:40:39.822,1.28828,1.2884,1.13,1.54
2012.10.16 12:40:39.882,1.28824,1.28841,1.05,1.54
2012.10.16 12:40:40.001,1.28823,1.28843,1.43,1.54
2012.10.16 12:40:40.062,1.28823,1.28843,1.43,1.32
2012.10.16 12:40:40.122,1.28824,1.28843,1.43,1.32
2012.10.16 12:40:40.592,1.28824,1.2884,1.43,1.32
2012.10.16 12:40:40.784,1.28822,1.28838,1.43,1.54
2012.10.16 12:40:40.853,1.28819,1.28838,1.88,1.54
2012.10.16 12:40:40.981,1.28819,1.28838,1.50,1.32
2012.10.16 12:40:41.540,1.28819,1.28838,1.43,2.07
2012.10.16 12:40:42.216,1.28819,1.28838,1.43,1.32
2012.10.16 12:40:42.293,1.28821,1.28841,1.43,1.32
2012.10.16 12:40:42.365,1.28821,1.28842,1.99,1.50
2012.10.16 12:40:42.674,1.28824,1.28844,1.43,2.25
2012.10.16 12:40:42.802,1.28826,1.28844,1.43,1.50
2012.10.16 12:40:43.983,1.28824,1.28844,2.25,1.50
2012.10.16 12:40:44.291,1.28823,1.28844,1.32,2.10
2012.10.16 12:40:45.176,1.28824,1.28845,2.48,2.82
2012.10.16 12:40:45.704,1.28824,1.28845,1.50,2.07
2012.10.16 12:40:46.102,1.28824,1.28845,1.13,2.07
2012.10.16 12:40:46.413,1.28821,1.2884,1.50,1.32
2012.10.16 12:40:46.721,1.28818,1.2884,1.50,2.07
2012.10.16 12:40:47.134,1.28817,1.2884,2.07,2.07
2012.10.16 12:40:47.673,1.28814,1.28835,1.88,2.25
2012.10.16 12:40:48.523,1.28814,1.28835,1.88,1.50
2012.10.16 12:40:52.166,1.28813,1.28832,1.32,1.50
2012.10.16 12:40:52.473,1.28811,1.28824,2.07,1.50
2012.10.16 12:40:53.104,1.28804,1.28825,1.50,3.57
2012.10.16 12:40:53.182,1.2881,1.28829,1.35,2.07
2012.10.16 12:40:53.535,1.28809,1.2883,2.63,1.50
2012.10.16 12:40:53.609,1.28809,1.2883,2.07,1.50
2012.10.16 12:40:54.207,1.28815,1.28832,1.32,1.50
2012.10.16 12:40:54.386,1.28813,1.28832,1.13,1.50
2012.10.16 12:40:54.922,1.28816,1.28835,1.32,1.50
2012.10.16 12:40:55.866,1.28816,1.28838,2.07,2.25
2012.10.16 12:40:56.422,1.28816,1.28837,1.32,1.50
2012.10.16 12:40:56.549,1.28814,1.28834,3.04,1.50
2012.10.16 12:40:56.864,1.2881,1.2883,4.50,1.50
2012.10.16 12:40:57.113,1.2881,1.2883,2.25,1.50
2012.10.16 12:40:57.173,1.2881,1.28832,2.25,2.82
2012.10.16 12:40:57.303,1.28815,1.28833,1.32,2.25
2012.10.16 12:40:57.491,1.28812,1.28832,1.73,1.50
2012.10.16 12:40:58.113,1.28813,1.28833,1.32,3.00
2012.10.16 12:40:58.181,1.28815,1.28833,1.32,2.25
2012.10.16 12:40:59.483,1.28814,1.28833,1.32,3.00
2012.10.16 12:40:59.672,1.28811,1.2883,1.50,1.50
2012.10.16 12:40:59.911,1.28811,1.28833,1.50,3.00
2012.10.16 12:41:00.226,1.28812,1.28833,2.48,1.50
2012.10.16 12:41:01.292,1.28817,1.28838,1.50,2.25
2012.10.16 12:41:07.302,1.28817,1.28836,2.07,1.50
2012.10.16 12:41:07.362,1.28817,1.28836,1.32,2.25
2012.10.16 12:41:07.953,1.28813,1.28833,1.32,1.50
2012.10.16 12:41:08.105,1.28814,1.28832,1.50,1.50
2012.10.16 12:41:08.673,1.28814,1.28833,1.50,1.50
2012.10.16 12:41:08.825,1.28814,1.28833,1.50,1.50
2012.10.16 12:41:09.439,1.28814,1.28833,1.50,1.50
2012.10.16 12:41:09.952,1.28814,1.28836,1.50,2.07
2012.10.16 12:41:10.491,1.28814,1.28836,2.07,2.10
2012.10.16 12:41:11.111,1.28816,1.28837,1.50,3.79
2012.10.16 12:41:11.293,1.28818,1.28837,1.50,1.54
2012.10.16 12:41:11.713,1.28818,1.2884,2.25,2.82
2012.10.16 12:41:12.612,1.2882,1.2884,2.25,1.32
2012.10.16 12:41:13.049,1.28818,1.2884,2.82,2.25
2012.10.16 12:41:14.441,1.28818,1.28837,1.32,1.50
2012.10.16 12:41:14.594,1.28821,1.28839,1.32,1.50
2012.10.16 12:41:14.662,1.28821,1.2884,1.32,2.25
2012.10.16 12:41:14.963,1.28818,1.28838,1.88,1.50
2012.10.16 12:41:15.275,1.28819,1.28831,1.32,1.73
2012.10.16 12:41:15.344,1.28819,1.28834,1.32,1.50
2012.10.16 12:41:15.532,1.28818,1.28836,1.32,2.25
2012.10.16 12:41:15.831,1.28814,1.28836,2.07,1.73
2012.10.16 12:41:16.192,1.28816,1.28837,1.50,1.54
2012.10.16 12:41:16.372,1.28821,1.2884,1.32,3.75
2012.10.16 12:41:18.962,1.28817,1.28832,1.32,1.32
2012.10.16 12:41:19.082,1.28813,1.28831,2.18,2.48
2012.10.16 12:41:19.262,1.28811,1.28831,1.50,2.48
2012.10.16 12:41:20.001,1.28811,1.28831,1.50,2.25
2012.10.16 12:41:20.131,1.28811,1.28831,1.50,2.25
2012.10.16 12:41:21.934,1.2881,1.28828,1.50,1.50
2012.10.16 12:41:22.123,1.2881,1.2883,2.25,1.73
2012.10.16 12:41:24.062,1.2881,1.28828,1.50,2.07
2012.10.16 12:41:26.082,1.28811,1.2883,1.32,1.73
2012.10.16 12:41:26.385,1.28816,1.2883,1.50,1.73
2012.10.16 12:41:26.514,1.28816,1.2883,1.50,1.50
2012.10.16 12:41:26.643,1.28817,1.28836,1.32,1.50
2012.10.16 12:41:28.152,1.28818,1.28836,1.32,1.50
2012.10.16 12:41:28.762,1.28814,1.28835,2.25,2.29
2012.10.16 12:41:29.041,1.28812,1.28832,2.74,1.73
2012.10.16 12:41:29.102,1.28811,1.28832,2.82,1.73
2012.10.16 12:41:29.162,1.28818,1.28835,1.32,2.48
2012.10.16 12:41:29.283,1.28818,1.28836,1.32,1.50
2012.10.16 12:41:29.413,1.28815,1.28835,1.32,1.32
2012.10.16 12:41:29.602,1.28814,1.28835,2.25,2.29
2012.10.16 12:41:29.851,1.28814,1.28835,1.50,2.29
2012.10.16 12:41:30.153,1.28818,1.28835,1.32,1.73
2012.10.16 12:41:30.641,1.28818,1.28839,2.07,2.25
2012.10.16 12:41:31.452,1.28818,1.28838,2.07,1.50
2012.10.16 12:41:32.713,1.28818,1.28839,2.07,1.50
2012.10.16 12:41:34.623,1.28822,1.28841,1.50,2.29
2012.10.16 12:41:34.692,1.2882,1.28839,2.25,1.50
2012.10.16 12:41:34.753,1.2882,1.28839,1.50,1.50
2012.10.16 12:41:34.933,1.28818,1.28837,1.32,1.50
2012.10.16 12:41:35.192,1.28817,1.28837,2.07,2.25
2012.10.16 12:41:35.792,1.28818,1.28837,1.32,2.25
2012.10.16 12:41:37.713,1.28819,1.28838,1.50,1.50
2012.10.16 12:41:39.881,1.28818,1.28837,1.54,1.50
2012.10.16 12:41:40.121,1.28815,1.28835,1.50,2.07
2012.10.16 12:41:40.181,1.28815,1.28835,2.25,2.07
2012.10.16 12:41:40.483,1.28818,1.28839,1.73,1.50
2012.10.16 12:41:40.553,1.28818,1.2884,1.73,1.50
2012.10.16 12:41:40.733,1.2882,1.2884,1.50,1.50
2012.10.16 12:41:41.611,1.2882,1.2884,1.50,1.50
2012.10.16 12:41:42.352,1.2882,1.28842,1.32,2.25
2012.10.16 12:41:42.825,1.2882,1.2884,1.32,2.25
2012.10.16 12:41:46.388,1.2882,1.28839,1.32,1.50
2012.10.16 12:41:46.470,1.28815,1.28837,2.25,2.07
2012.10.16 12:41:46.856,1.28814,1.28835,1.32,2.25
2012.10.16 12:41:47.192,1.28814,1.28835,1.32,1.50
2012.10.16 12:41:47.312,1.28817,1.28837,1.73,2.07
2012.10.16 12:41:49.853,1.28819,1.28839,1.32,1.50
2012.10.16 12:41:50.392,1.28819,1.28839,1.32,1.50
2012.10.16 12:41:51.611,1.28819,1.28836,1.32,1.50
2012.10.16 12:41:51.671,1.28815,1.28835,1.35,2.25
2012.10.16 12:41:51.732,1.28814,1.28835,2.29,2.25
2012.10.16 12:41:51.793,1.28814,1.28835,3.00,2.25
2012.10.16 12:41:53.683,1.28812,1.2883,2.07,1.50
2012.10.16 12:41:54.052,1.28812,1.28829,1.50,1.32
2012.10.16 12:41:54.553,1.28808,1.28829,1.50,2.07
2012.10.16 12:41:58.722,1.28808,1.28829,1.50,2.07
2012.10.16 12:41:59.381,1.28807,1.28829,2.25,2.07
2012.10.16 12:42:01.172,1.28807,1.28821,2.25,3.00
2012.10.16 12:42:01.423,1.28806,1.28818,1.50,1.50
2012.10.16 12:42:01.552,1.28805,1.28823,1.32,3.00
2012.10.16 12:42:01.673,1.28802,1.28822,1.88,1.73
2012.10.16 12:42:01.802,1.288,1.28816,1.32,1.32
2012.10.16 12:42:02.419,1.28798,1.28816,1.50,1.32
2012.10.16 12:42:03.482,1.28798,1.28815,1.50,1.32
2012.10.16 12:42:03.834,1.28793,1.28812,2.25,1.50
2012.10.16 12:42:04.152,1.28791,1.28806,1.50,2.07
2012.10.16 12:42:04.342,1.2879,1.28806,1.50,1.54
2012.10.16 12:42:04.663,1.28788,1.28805,1.50,1.32
2012.10.16 12:42:06.473,1.28786,1.28806,1.50,1.54
2012.10.16 12:42:07.222,1.28788,1.28807,1.50,2.07
2012.10.16 12:42:07.522,1.28793,1.28814,1.50,2.82
2012.10.16 12:42:07.651,1.28794,1.28814,1.50,2.82
2012.10.16 12:42:07.891,1.28795,1.28814,1.50,2.14
2012.10.16 12:42:08.414,1.28797,1.28817,2.25,1.13
2012.10.16 12:42:08.763,1.28798,1.2882,2.07,1.50
2012.10.16 12:42:08.824,1.28799,1.28821,1.50,2.07
2012.10.16 12:42:10.023,1.28802,1.28823,1.92,1.50
2012.10.16 12:42:10.143,1.28804,1.28824,1.50,1.50
2012.10.16 12:42:10.514,1.28807,1.28826,2.07,2.25
2012.10.16 12:42:10.586,1.28807,1.28826,1.32,1.50
2012.10.16 12:42:10.903,1.2881,1.28829,1.35,1.73
2012.10.16 12:42:11.107,1.2881,1.28829,1.35,2.25
2012.10.16 12:42:11.662,1.28811,1.28829,1.50,1.50
2012.10.16 12:42:11.964,1.28812,1.28824,1.50,1.32
2012.10.16 12:42:12.723,1.28812,1.28824,1.50,1.50
2012.10.16 12:42:12.810,1.28802,1.28822,2.82,1.50
2012.10.16 12:42:12.944,1.28804,1.28823,1.50,2.25
2012.10.16 12:42:13.083,1.28805,1.28823,2.25,1.50
2012.10.16 12:42:13.414,1.28808,1.28824,1.50,1.50
2012.10.16 12:42:13.813,1.28808,1.28825,1.50,1.32
2012.10.16 12:42:16.044,1.28808,1.28827,1.50,1.32
2012.10.16 12:42:16.484,1.28808,1.28825,1.50,1.50
2012.10.16 12:42:16.553,1.28805,1.28823,2.48,1.50
2012.10.16 12:42:16.671,1.28804,1.28817,1.32,1.50
2012.10.16 12:42:16.853,1.28799,1.28814,1.50,1.50
2012.10.16 12:42:16.982,1.28796,1.28813,1.65,1.50
2012.10.16 12:42:17.344,1.28798,1.28814,1.50,1.50
2012.10.16 12:42:17.472,1.28798,1.28817,1.50,1.13
2012.10.16 12:42:17.592,1.288,1.28821,1.32,1.58
2012.10.16 12:42:18.454,1.288,1.28821,2.29,2.25
2012.10.16 12:42:18.705,1.288,1.28821,1.54,1.50
2012.10.16 12:42:19.222,1.28801,1.28821,1.50,1.50
2012.10.16 12:42:19.343,1.28799,1.2882,1.50,1.50
2012.10.16 12:42:19.414,1.28798,1.2882,2.25,1.50
2012.10.16 12:42:20.453,1.28798,1.28821,3.00,2.25
2012.10.16 12:42:20.762,1.28803,1.28822,1.32,1.50
2012.10.16 12:42:21.594,1.28804,1.28824,1.32,1.50
2012.10.16 12:42:21.962,1.28804,1.28826,2.67,2.25
2012.10.16 12:42:22.083,1.28806,1.28827,1.50,2.82
2012.10.16 12:42:22.594,1.28809,1.28827,1.54,1.50
2012.10.16 12:42:22.874,1.28812,1.28831,1.50,1.50
2012.10.16 12:42:23.588,1.28812,1.28834,1.50,1.50
2012.10.16 12:42:26.428,1.2881,1.28832,3.04,1.50
2012.10.16 12:42:26.565,1.2881,1.2883,2.29,1.50
2012.10.16 12:42:26.631,1.2881,1.2883,1.54,1.50
2012.10.16 12:42:28.270,1.2881,1.2883,1.54,1.50
2012.10.16 12:42:28.521,1.2881,1.28832,2.14,2.25
2012.10.16 12:42:28.722,1.28816,1.28835,1.32,1.50
2012.10.16 12:42:29.044,1.28812,1.28834,1.50,2.07
2012.10.16 12:42:29.673,1.28812,1.28834,2.25,2.07
2012.10.16 12:42:30.052,1.2881,1.28832,2.07,1.50
2012.10.16 12:42:30.397,1.2881,1.28832,1.50,2.07
2012.10.16 12:42:30.713,1.28805,1.28822,2.25,1.32
2012.10.16 12:42:31.042,1.28802,1.28822,2.25,1.32
2012.10.16 12:42:31.394,1.28802,1.28822,1.50,2.07
2012.10.16 12:42:31.583,1.28799,1.28818,3.04,1.50
2012.10.16 12:42:31.644,1.288,1.28819,1.32,1.50
2012.10.16 12:42:31.714,1.28801,1.28821,2.67,1.50
2012.10.16 12:42:32.263,1.28807,1.2883,2.29,3.00
2012.10.16 12:42:35.321,1.28813,1.28832,1.13,2.07
2012.10.16 12:42:35.453,1.28815,1.28835,1.32,1.58
2012.10.16 12:42:35.969,1.28816,1.28836,1.50,1.50
2012.10.16 12:42:36.509,1.28815,1.28836,1.32,2.25
2012.10.16 12:42:36.635,1.28813,1.28836,3.57,2.25
2012.10.16 12:42:36.881,1.28813,1.28834,1.50,1.50
2012.10.16 12:42:37.546,1.28809,1.28833,3.60,1.50
2012.10.16 12:42:37.612,1.28812,1.28834,1.54,1.50
2012.10.16 12:42:39.296,1.28812,1.28834,1.54,1.50
2012.10.16 12:42:40.391,1.28812,1.28834,1.54,1.50
2012.10.16 12:42:40.662,1.28812,1.28836,2.29,2.25
2012.10.16 12:42:41.261,1.28812,1.28835,2.82,1.50
2012.10.16 12:42:41.451,1.28812,1.28829,2.07,1.50
2012.10.16 12:42:41.999,1.2881,1.28829,1.32,1.50
2012.10.16 12:42:42.251,1.28814,1.28836,1.50,2.55
2012.10.16 12:42:43.160,1.28814,1.28836,2.10,1.50
2012.10.16 12:42:43.679,1.28814,1.28832,1.35,1.50
2012.10.16 12:42:44.390,1.28817,1.28836,1.32,2.25
2012.10.16 12:42:44.570,1.28816,1.28835,1.32,1.50
2012.10.16 12:42:44.999,1.28813,1.28828,1.73,1.32
2012.10.16 12:42:45.059,1.28812,1.28826,1.73,1.50
2012.10.16 12:42:45.445,1.28811,1.28826,1.50,1.50
2012.10.16 12:42:45.519,1.28809,1.28826,1.50,1.50
2012.10.16 12:42:45.587,1.28809,1.28828,1.50,2.07
2012.10.16 12:42:46.129,1.28809,1.28828,2.25,1.32
2012.10.16 12:42:46.188,1.2881,1.28828,1.50,1.32
2012.10.16 12:42:46.892,1.28814,1.28832,1.50,1.32
2012.10.16 12:42:46.962,1.28815,1.28833,1.50,1.32
2012.10.16 12:42:47.034,1.28816,1.28835,2.25,1.50
2012.10.16 12:42:47.699,1.28816,1.28835,2.25,1.50
2012.10.16 12:42:48.635,1.28816,1.28834,2.25,1.50
2012.10.16 12:42:49.541,1.28816,1.28832,2.25,1.50
2012.10.16 12:42:49.875,1.28816,1.28837,3.08,1.50
2012.10.16 12:42:49.941,1.28815,1.28837,1.54,2.25
2012.10.16 12:42:50.189,1.28814,1.28835,1.32,1.50
2012.10.16 12:42:51.069,1.28813,1.28835,1.50,1.50
2012.10.16 12:42:51.651,1.28813,1.28835,1.73,1.50
2012.10.16 12:42:51.781,1.28816,1.28836,1.50,1.32
2012.10.16 12:42:52.211,1.28812,1.28835,3.08,2.25
2012.10.16 12:42:52.340,1.28812,1.28833,2.85,1.50
2012.10.16 12:42:52.911,1.28812,1.28833,2.25,1.50
2012.10.16 12:42:56.001,1.28813,1.28835,1.32,2.25
2012.10.16 12:42:56.130,1.28814,1.28835,1.13,2.25
2012.10.16 12:42:56.191,1.28817,1.28835,1.32,1.50
2012.10.16 12:42:58.394,1.28813,1.28832,2.10,1.50
2012.10.16 12:43:00.980,1.28813,1.28832,1.50,2.07
2012.10.16 12:43:01.160,1.28813,1.28832,1.50,2.07
2012.10.16 12:43:01.501,1.28814,1.28832,1.50,1.32
2012.10.16 12:43:01.570,1.28813,1.28832,1.50,1.32
2012.10.16 12:43:04.121,1.28813,1.28834,1.50,1.50
2012.10.16 12:43:04.320,1.28815,1.28835,1.50,1.32
2012.10.16 12:43:04.682,1.28822,1.2884,1.50,1.50
2012.10.16 12:43:05.211,1.28821,1.28842,3.00,2.82
2012.10.16 12:43:05.282,1.28821,1.2884,2.25,1.50
2012.10.16 12:43:05.410,1.28821,1.28837,1.50,1.50
2012.10.16 12:43:05.589,1.28815,1.28835,3.23,1.32
2012.10.16 12:43:05.650,1.28817,1.28835,1.13,1.32
2012.10.16 12:43:05.780,1.28818,1.28837,1.32,1.50
2012.10.16 12:43:05.969,1.28819,1.2884,1.50,1.50
2012.10.16 12:43:10.090,1.2882,1.2884,1.50,1.50
2012.10.16 12:43:10.149,1.28822,1.28841,1.50,2.07
2012.10.16 12:43:10.328,1.2882,1.28841,2.25,2.82
2012.10.16 12:43:11.227,1.2882,1.28841,2.25,2.07
2012.10.16 12:43:11.442,1.28821,1.28841,1.50,2.07
2012.10.16 12:43:11.512,1.28822,1.28841,1.32,1.32
2012.10.16 12:43:11.588,1.28826,1.28841,1.88,1.32
2012.10.16 12:43:11.652,1.28827,1.28844,1.32,1.50
2012.10.16 12:43:11.723,1.2883,1.28844,1.50,1.50
2012.10.16 12:43:12.302,1.28823,1.28843,1.50,2.07
2012.10.16 12:43:12.581,1.28821,1.28839,1.50,1.50
2012.10.16 12:43:12.709,1.28819,1.28839,1.50,1.50
2012.10.16 12:43:13.219,1.28818,1.28839,3.57,1.50
2012.10.16 12:43:13.695,1.28818,1.28837,3.57,1.50
2012.10.16 12:43:14.219,1.28818,1.28837,1.32,1.50
2012.10.16 12:43:14.340,1.28817,1.28835,1.50,1.50
2012.10.16 12:43:14.785,1.28815,1.28829,2.25,1.54
2012.10.16 12:43:14.854,1.28814,1.28827,1.50,1.50
2012.10.16 12:43:15.050,1.28812,1.28831,2.07,1.32
2012.10.16 12:43:15.170,1.28812,1.28834,2.82,4.70
2012.10.16 12:43:15.351,1.28812,1.28831,1.50,2.07
2012.10.16 12:43:15.661,1.28818,1.28831,1.35,1.32
2012.10.16 12:43:15.730,1.28818,1.28833,1.35,1.50
2012.10.16 12:43:15.942,1.28819,1.28839,1.50,1.58
2012.10.16 12:43:16.931,1.28817,1.28838,2.07,1.50
2012.10.16 12:43:17.000,1.28817,1.28832,1.32,1.50
2012.10.16 12:43:17.239,1.28815,1.28837,1.73,1.88
2012.10.16 12:43:17.300,1.28816,1.28837,1.32,2.07
2012.10.16 12:43:17.606,1.28816,1.28837,1.32,2.25
2012.10.16 12:43:18.154,1.28815,1.28834,1.32,1.50
2012.10.16 12:43:18.500,1.28814,1.28833,1.32,1.50
2012.10.16 12:43:18.698,1.28812,1.28833,2.67,2.07
2012.10.16 12:43:18.881,1.28809,1.28828,2.56,1.50
2012.10.16 12:43:18.952,1.28807,1.28828,2.67,2.25
2012.10.16 12:43:19.079,1.28808,1.28828,1.32,1.50
2012.10.16 12:43:19.341,1.28807,1.28828,1.92,1.50
2012.10.16 12:43:19.651,1.28806,1.28823,1.50,1.32
2012.10.16 12:43:20.954,1.288,1.28821,3.08,2.25
2012.10.16 12:43:21.082,1.28798,1.28817,3.00,1.50
2012.10.16 12:43:21.209,1.28801,1.28819,2.10,1.32
2012.10.16 12:43:21.270,1.28801,1.28823,2.67,1.73
2012.10.16 12:43:21.826,1.28801,1.28816,2.67,1.50
2012.10.16 12:43:22.401,1.28799,1.28812,2.85,1.32
2012.10.16 12:43:22.485,1.28795,1.28816,2.82,3.00
2012.10.16 12:43:23.002,1.28795,1.28815,3.57,1.50
2012.10.16 12:43:24.563,1.28799,1.28819,1.50,1.50
2012.10.16 12:43:24.630,1.28799,1.28819,1.50,1.50
2012.10.16 12:43:24.942,1.288,1.2882,1.50,2.07
2012.10.16 12:43:25.102,1.288,1.2882,1.50,2.82
2012.10.16 12:43:25.659,1.288,1.2882,2.25,2.07
2012.10.16 12:43:26.232,1.288,1.28818,3.00,1.32
2012.10.16 12:43:26.530,1.28801,1.28818,1.50,1.32
2012.10.16 12:43:26.979,1.28802,1.28818,1.50,1.32
2012.10.16 12:43:27.461,1.2881,1.28829,2.29,2.33
2012.10.16 12:43:27.531,1.28813,1.28828,1.54,1.58
2012.10.16 12:43:27.602,1.28814,1.28834,1.50,1.58
2012.10.16 12:43:27.790,1.28814,1.28834,1.50,1.50
2012.10.16 12:43:28.099,1.28813,1.28834,1.54,1.50
2012.10.16 12:43:28.400,1.28809,1.28831,1.50,2.82
2012.10.16 12:43:28.580,1.28809,1.2883,1.50,1.50
2012.10.16 12:43:28.889,1.28806,1.28829,2.07,1.50
2012.10.16 12:43:30.180,1.28806,1.28829,2.25,2.82
2012.10.16 12:43:30.539,1.28811,1.2883,1.50,1.32
2012.10.16 12:43:31.330,1.2881,1.28828,1.50,1.32
2012.10.16 12:43:31.639,1.2881,1.28831,1.50,2.07
2012.10.16 12:43:32.060,1.2881,1.28831,1.50,2.07
2012.10.16 12:43:32.579,1.28814,1.28832,1.32,1.50
2012.10.16 12:43:32.699,1.28814,1.28836,2.82,1.50
2012.10.16 12:43:33.740,1.28814,1.28836,2.82,1.50
2012.10.16 12:43:33.939,1.28814,1.28836,2.82,1.50
2012.10.16 12:43:34.669,1.28814,1.28837,2.82,2.82
2012.10.16 12:43:34.730,1.28814,1.28834,1.32,1.50
2012.10.16 12:43:35.328,1.28814,1.28835,2.82,1.50
2012.10.16 12:43:35.391,1.28813,1.28833,2.25,2.07
2012.10.16 12:43:35.712,1.28812,1.28832,4.50,2.07
2012.10.16 12:43:36.241,1.28812,1.28832,2.25,1.32
2012.10.16 12:43:36.594,1.28813,1.28832,2.25,1.32
2012.10.16 12:43:36.910,1.28813,1.28834,2.25,1.50
2012.10.16 12:43:37.722,1.28813,1.28834,2.25,1.50
2012.10.16 12:43:37.791,1.28813,1.28833,1.50,1.50
2012.10.16 12:43:38.274,1.28813,1.28835,2.25,3.04
2012.10.16 12:43:39.139,1.28814,1.28835,2.25,1.32
2012.10.16 12:43:39.321,1.28817,1.28837,1.50,1.88
2012.10.16 12:43:39.449,1.28817,1.28837,1.50,1.32
2012.10.16 12:43:39.510,1.28818,1.28839,1.50,1.88
2012.10.16 12:43:39.581,1.28818,1.28839,1.50,1.32
2012.10.16 12:43:39.711,1.28823,1.2884,1.32,2.25
2012.10.16 12:43:40.262,1.28823,1.28842,2.07,2.25
2012.10.16 12:43:40.451,1.28823,1.28842,2.07,1.50
2012.10.16 12:43:41.089,1.28824,1.28842,1.32,1.50
2012.10.16 12:43:44.994,1.28824,1.28842,1.32,1.50
2012.10.16 12:43:45.539,1.28824,1.28842,1.32,1.50
2012.10.16 12:43:47.229,1.28824,1.28845,2.82,3.00
2012.10.16 12:43:47.779,1.28824,1.28843,1.32,1.50
2012.10.16 12:43:50.119,1.28824,1.28843,1.92,1.50
2012.10.16 12:43:51.997,1.28824,1.28842,1.35,2.25
2012.10.16 12:43:52.620,1.28823,1.28842,1.32,2.25
2012.10.16 12:43:52.940,1.28821,1.2884,1.88,1.50
2012.10.16 12:43:53.301,1.28821,1.2884,1.32,1.50
2012.10.16 12:43:53.371,1.28821,1.28838,1.32,2.25
2012.10.16 12:43:53.560,1.28824,1.2884,1.50,1.50
2012.10.16 12:43:53.619,1.28824,1.28842,1.50,2.48
2012.10.16 12:43:54.209,1.28822,1.28841,1.50,1.50
2012.10.16 12:43:54.346,1.28821,1.2884,1.35,1.50
2012.10.16 12:43:54.779,1.28822,1.28841,1.50,1.50
2012.10.16 12:43:55.871,1.28823,1.28843,1.50,1.54
2012.10.16 12:43:56.060,1.28822,1.28844,1.50,2.14
2012.10.16 12:43:56.360,1.28824,1.28844,1.32,2.82
2012.10.16 12:43:56.479,1.28828,1.28848,1.50,2.55
2012.10.16 12:43:57.037,1.28825,1.28847,1.50,1.50
2012.10.16 12:43:57.568,1.28829,1.28849,1.50,1.54
2012.10.16 12:43:57.630,1.28829,1.2885,2.25,1.54
2012.10.16 12:43:58.941,1.28827,1.28849,1.50,2.29
2012.10.16 12:44:00.339,1.28828,1.28849,1.50,2.07
2012.10.16 12:44:00.899,1.28827,1.28848,1.50,2.07
2012.10.16 12:44:01.260,1.28829,1.2885,1.50,2.29
2012.10.16 12:44:01.380,1.28828,1.28848,1.50,1.32
2012.10.16 12:44:01.750,1.28835,1.28851,1.50,1.32
2012.10.16 12:44:02.170,1.28836,1.28851,1.50,1.32
2012.10.16 12:44:02.235,1.28836,1.28857,1.50,2.29
2012.10.16 12:44:02.761,1.28836,1.28857,1.50,2.29
2012.10.16 12:44:03.699,1.28836,1.28857,1.50,2.29
2012.10.16 12:44:04.242,1.28837,1.28858,2.25,2.29
2012.10.16 12:44:04.975,1.2884,1.2886,1.32,1.50
2012.10.16 12:44:05.040,1.2884,1.28862,1.32,2.25
2012.10.16 12:44:07.283,1.28841,1.28862,1.50,3.75
2012.10.16 12:44:08.630,1.28841,1.28863,3.75,1.73
2012.10.16 12:44:08.749,1.28842,1.28865,1.50,1.54
2012.10.16 12:44:08.810,1.28841,1.28863,2.25,1.73
2012.10.16 12:44:09.368,1.28841,1.28863,1.50,2.48
2012.10.16 12:44:10.185,1.28841,1.28863,2.07,1.73
2012.10.16 12:44:11.074,1.28841,1.28862,2.07,1.50
2012.10.16 12:44:11.481,1.28839,1.28858,1.32,1.50
2012.10.16 12:44:11.669,1.28837,1.28856,3.00,1.50
2012.10.16 12:44:12.270,1.28836,1.28855,1.50,2.25
2012.10.16 12:44:12.629,1.28842,1.28859,1.50,1.54
2012.10.16 12:44:12.989,1.28838,1.28856,3.00,2.07
2012.10.16 12:44:13.050,1.28838,1.28856,1.50,2.29
2012.10.16 12:44:13.814,1.28837,1.28856,1.50,2.29
2012.10.16 12:44:14.937,1.28837,1.28855,1.50,1.73
2012.10.16 12:44:15.076,1.28837,1.28855,1.50,1.73
2012.10.16 12:44:15.218,1.28835,1.28856,2.25,2.29
2012.10.16 12:44:15.357,1.28837,1.28856,1.50,2.29
2012.10.16 12:44:15.421,1.28838,1.28856,2.25,1.54
2012.10.16 12:44:15.679,1.28838,1.2886,2.25,1.39
2012.10.16 12:44:15.858,1.2884,1.2886,1.50,1.39
2012.10.16 12:44:18.270,1.28839,1.28861,1.32,2.07
2012.10.16 12:44:18.581,1.28841,1.28861,1.50,1.32
2012.10.16 12:44:19.138,1.28839,1.28861,2.07,2.29
2012.10.16 12:44:19.199,1.28839,1.2886,1.32,1.50
2012.10.16 12:44:23.126,1.28839,1.28858,2.25,1.32
2012.10.16 12:44:23.671,1.28838,1.28858,2.25,1.50
2012.10.16 12:44:24.040,1.28844,1.28859,1.50,1.50
2012.10.16 12:44:24.160,1.28838,1.28859,1.50,3.00
2012.10.16 12:44:24.480,1.28839,1.28859,1.50,1.50
2012.10.16 12:44:24.800,1.28838,1.28858,3.00,1.50
2012.10.16 12:44:25.899,1.28838,1.28857,2.25,1.50
2012.10.16 12:44:26.439,1.28836,1.28855,1.32,1.50
2012.10.16 12:44:27.320,1.28835,1.28855,1.50,1.50
2012.10.16 12:44:28.210,1.28833,1.28854,1.32,1.50
2012.10.16 12:44:29.210,1.28835,1.28855,1.50,2.25
2012.10.16 12:44:29.759,1.28833,1.28853,1.32,1.50
2012.10.16 12:44:30.441,1.28834,1.28855,1.50,1.50
2012.10.16 12:44:30.702,1.28837,1.28858,1.50,2.07
2012.10.16 12:44:31.021,1.28839,1.28858,1.50,2.82
2012.10.16 12:44:31.270,1.28838,1.28858,2.25,1.32
2012.10.16 12:44:31.509,1.28838,1.28859,3.00,1.32
2012.10.16 12:44:32.770,1.28838,1.2886,3.00,2.25
2012.10.16 12:44:35.375,1.28839,1.28861,1.73,2.25
2012.10.16 12:44:35.571,1.28838,1.28861,3.75,2.25
2012.10.16 12:44:36.298,1.2884,1.28861,1.32,2.25
2012.10.16 12:44:38.309,1.2884,1.28861,2.89,2.25
2012.10.16 12:44:38.669,1.2884,1.28857,1.58,1.50
2012.10.16 12:44:39.197,1.28833,1.28855,1.54,1.50
2012.10.16 12:44:39.272,1.28834,1.28853,1.54,1.50
2012.10.16 12:44:39.968,1.28834,1.28855,1.54,1.50
2012.10.16 12:44:40.701,1.28836,1.28856,1.32,1.50
2012.10.16 12:44:40.830,1.28838,1.2886,2.82,1.50
2012.10.16 12:44:40.951,1.28838,1.2886,2.07,1.50
2012.10.16 12:44:41.083,1.28838,1.28861,2.07,2.07
2012.10.16 12:44:41.151,1.28838,1.2886,2.07,1.50
2012.10.16 12:44:41.290,1.28838,1.2886,2.29,1.50
2012.10.16 12:44:42.392,1.28838,1.28859,2.29,1.50
2012.10.16 12:44:42.639,1.28838,1.28858,1.50,2.07
2012.10.16 12:44:42.699,1.28837,1.28858,1.50,2.07
2012.10.16 12:44:43.120,1.2884,1.28858,1.50,1.32
2012.10.16 12:44:43.459,1.28843,1.28858,1.50,1.32
2012.10.16 12:44:45.932,1.28843,1.28863,1.50,2.07
2012.10.16 12:44:47.019,1.2885,1.28865,1.50,1.13
2012.10.16 12:44:47.096,1.2885,1.28868,1.50,1.32
2012.10.16 12:44:47.164,1.2885,1.2887,1.50,1.58
2012.10.16 12:44:49.101,1.2885,1.28868,1.50,3.75
2012.10.16 12:44:49.452,1.2885,1.28863,1.50,2.07
2012.10.16 12:44:49.807,1.28847,1.28857,1.50,1.50
2012.10.16 12:44:49.880,1.28843,1.28857,1.50,1.50
2012.10.16 12:44:50.022,1.28839,1.28857,1.50,1.50
2012.10.16 12:44:51.501,1.28839,1.28858,1.50,1.32
2012.10.16 12:44:51.751,1.28841,1.28858,1.50,1.32
2012.10.16 12:44:55.080,1.28841,1.28859,1.50,1.50
2012.10.16 12:44:55.391,1.28845,1.2886,1.50,1.32
2012.10.16 12:44:55.520,1.28849,1.28866,1.50,1.39
2012.10.16 12:44:55.640,1.28845,1.28868,2.07,2.33
2012.10.16 12:44:56.319,1.28845,1.28868,2.07,2.45
2012.10.16 12:44:57.790,1.28847,1.28868,1.50,1.50
2012.10.16 12:44:57.850,1.2885,1.28869,1.50,1.50
2012.10.16 12:44:57.969,1.28851,1.2887,1.50,1.54
2012.10.16 12:44:58.510,1.2885,1.2887,1.50,2.82
2012.10.16 12:45:01.262,1.28849,1.28869,2.25,1.50
2012.10.16 12:45:01.791,1.28849,1.28869,2.25,1.50
2012.10.16 12:45:02.094,1.28849,1.28863,1.50,1.32
2012.10.16 12:45:02.163,1.28847,1.28861,1.50,1.32
2012.10.16 12:45:02.231,1.28844,1.28861,1.50,1.32
2012.10.16 12:45:02.780,1.28842,1.28862,1.73,1.32
2012.10.16 12:45:03.379,1.28842,1.28863,2.29,2.82
2012.10.16 12:45:03.995,1.28844,1.28863,1.50,1.50
2012.10.16 12:45:04.120,1.28847,1.28867,1.50,2.07
2012.10.16 12:45:04.724,1.28848,1.28867,2.25,2.07
2012.10.16 12:45:05.551,1.28846,1.28867,1.50,2.07
2012.10.16 12:45:05.621,1.28846,1.28867,1.50,1.50
2012.10.16 12:45:06.159,1.28847,1.28868,2.25,2.25
2012.10.16 12:45:06.489,1.28847,1.28868,3.00,1.50
2012.10.16 12:45:07.871,1.28847,1.28868,1.50,2.25
2012.10.16 12:45:08.119,1.28843,1.28862,1.50,2.07
2012.10.16 12:45:08.419,1.28842,1.28862,2.25,1.32
2012.10.16 12:45:08.601,1.28846,1.28867,2.25,1.50
2012.10.16 12:45:08.670,1.28848,1.28868,1.50,1.32
2012.10.16 12:45:08.926,1.28848,1.28869,1.50,2.82
2012.10.16 12:45:09.730,1.28848,1.28869,1.50,1.50
2012.10.16 12:45:12.290,1.2885,1.28869,1.50,1.50
2012.10.16 12:45:12.687,1.28852,1.2887,1.50,3.00
2012.10.16 12:45:13.810,1.28851,1.2887,1.50,1.50
2012.10.16 12:45:14.259,1.28849,1.2887,1.50,1.50
2012.10.16 12:45:15.699,1.28847,1.28869,1.50,1.50
2012.10.16 12:45:16.291,1.28847,1.28869,2.63,2.25
2012.10.16 12:45:16.809,1.28848,1.28869,1.35,2.25
2012.10.16 12:45:16.870,1.28849,1.28871,1.50,1.32
2012.10.16 12:45:17.422,1.28849,1.28871,1.50,1.32
2012.10.16 12:45:18.091,1.28849,1.28871,1.50,1.32
2012.10.16 12:45:21.822,1.28853,1.28869,1.50,1.32
2012.10.16 12:45:22.079,1.28854,1.28875,1.50,1.50
2012.10.16 12:45:22.630,1.28855,1.28876,1.35,2.07
2012.10.16 12:45:22.808,1.28855,1.28875,1.35,1.50
2012.10.16 12:45:23.050,1.28851,1.28872,3.42,1.50
2012.10.16 12:45:23.602,1.28851,1.28872,1.92,1.50
2012.10.16 12:45:25.062,1.28851,1.28872,1.35,1.50
2012.10.16 12:45:25.843,1.28851,1.2887,1.35,1.32
2012.10.16 12:45:26.029,1.28847,1.28868,3.91,2.07
2012.10.16 12:45:26.569,1.28847,1.28868,1.35,2.07
2012.10.16 12:45:31.014,1.28845,1.28865,2.10,1.50
2012.10.16 12:45:33.410,1.28842,1.28862,1.50,1.50
2012.10.16 12:45:33.484,1.28841,1.28861,2.07,1.50
2012.10.16 12:45:37.389,1.28841,1.28862,1.50,1.50
2012.10.16 12:45:41.598,1.28841,1.28863,2.25,1.32
2012.10.16 12:45:43.645,1.28841,1.28863,3.00,1.54
2012.10.16 12:45:44.211,1.28839,1.2886,2.82,1.73
2012.10.16 12:45:45.095,1.28839,1.28859,2.25,1.32
2012.10.16 12:45:47.130,1.28839,1.28859,3.00,1.32
2012.10.16 12:45:47.460,1.28841,1.2886,1.50,1.54
2012.10.16 12:45:48.033,1.2884,1.28859,1.35,1.32
2012.10.16 12:45:48.099,1.28839,1.28859,1.35,1.32
2012.10.16 12:45:48.572,1.2884,1.28861,1.50,2.63
2012.10.16 12:45:49.031,1.28842,1.28861,1.32,1.50
2012.10.16 12:45:50.689,1.28841,1.28861,1.35,1.50
2012.10.16 12:45:56.861,1.28842,1.28861,1.32,1.50
2012.10.16 12:45:57.521,1.28842,1.28863,1.32,1.50
2012.10.16 12:45:58.145,1.28842,1.28863,1.32,1.50
2012.10.16 12:45:59.687,1.28843,1.28865,1.32,2.25
2012.10.16 12:45:59.967,1.28842,1.28863,1.32,1.50
2012.10.16 12:46:00.201,1.28842,1.28859,1.32,1.32
2012.10.16 12:46:00.343,1.28838,1.28853,3.68,1.32
2012.10.16 12:46:00.601,1.28834,1.28853,1.50,1.32
2012.10.16 12:46:01.139,1.28834,1.28853,1.50,1.32
2012.10.16 12:46:02.699,1.28832,1.28851,1.50,1.50
2012.10.16 12:46:04.390,1.28832,1.28851,1.32,1.73
2012.10.16 12:46:04.570,1.28833,1.28855,2.82,1.50
2012.10.16 12:46:05.138,1.28834,1.28856,1.50,1.50
2012.10.16 12:46:06.259,1.28835,1.28856,1.32,1.50
2012.10.16 12:46:06.680,1.28832,1.2884,2.48,1.32
2012.10.16 12:46:06.920,1.28823,1.2884,2.25,1.54
2012.10.16 12:46:06.980,1.28824,1.2884,1.50,1.32
2012.10.16 12:46:07.104,1.28827,1.28844,1.32,1.32
2012.10.16 12:46:07.229,1.28827,1.28848,2.07,2.25
2012.10.16 12:46:07.721,1.28833,1.2885,2.07,1.50
2012.10.16 12:46:08.202,1.28833,1.28854,2.07,1.50
2012.10.16 12:46:09.050,1.28833,1.28852,1.32,1.50
2012.10.16 12:46:10.100,1.2883,1.28849,1.50,1.50
2012.10.16 12:46:10.611,1.28827,1.28846,1.50,1.32
2012.10.16 12:46:11.242,1.28825,1.28845,1.50,1.54
2012.10.16 12:46:12.270,1.28828,1.28847,1.50,1.32
2012.10.16 12:46:12.761,1.28826,1.28847,1.50,1.32
2012.10.16 12:46:13.335,1.28826,1.28847,1.50,1.32
2012.10.16 12:46:15.797,1.28826,1.28847,1.50,1.32
2012.10.16 12:46:16.961,1.28827,1.28849,1.50,3.04
2012.10.16 12:46:17.030,1.28826,1.28848,1.50,1.50
2012.10.16 12:46:17.271,1.28824,1.28845,1.69,1.50
2012.10.16 12:46:17.538,1.28823,1.28844,1.69,1.50
2012.10.16 12:46:17.755,1.28824,1.28846,1.32,1.50
2012.10.16 12:46:17.820,1.28825,1.28847,2.25,2.37
2012.10.16 12:46:27.810,1.28824,1.28845,2.07,1.50
2012.10.16 12:46:28.119,1.28819,1.28827,3.00,1.32
2012.10.16 12:46:28.240,1.28823,1.28835,1.32,1.74
2012.10.16 12:46:28.312,1.28823,1.28839,2.82,1.13
2012.10.16 12:46:28.450,1.28823,1.28841,1.50,1.39
2012.10.16 12:46:28.510,1.28823,1.28841,1.50,1.32
2012.10.16 12:46:28.630,1.28825,1.28843,1.50,1.35
2012.10.16 12:46:28.692,1.28826,1.28845,1.50,1.05
2012.10.16 12:46:28.947,1.28832,1.28853,1.50,3.00
2012.10.16 12:46:29.191,1.28831,1.28852,2.07,1.05
2012.10.16 12:46:29.494,1.28831,1.28853,2.07,1.50
2012.10.16 12:46:30.066,1.28832,1.28855,1.32,1.50
2012.10.16 12:46:30.500,1.28834,1.28855,1.32,1.05
2012.10.16 12:46:31.161,1.28832,1.28853,1.88,1.73
2012.10.16 12:46:31.291,1.28831,1.28853,1.32,2.29
2012.10.16 12:46:31.607,1.28829,1.28849,1.32,1.73
2012.10.16 12:46:31.860,1.28828,1.28849,1.32,1.73
2012.10.16 12:46:32.662,1.28827,1.28848,1.50,2.29
2012.10.16 12:46:33.210,1.28829,1.28848,1.50,1.62
2012.10.16 12:46:33.331,1.28829,1.28849,2.07,1.80
2012.10.16 12:46:33.400,1.28829,1.28849,2.07,1.73
2012.10.16 12:46:33.611,1.28831,1.28851,1.50,1.73
2012.10.16 12:46:36.140,1.28831,1.28851,1.50,1.73
2012.10.16 12:46:38.691,1.2883,1.28851,1.50,2.29
2012.10.16 12:46:39.292,1.28829,1.28851,1.50,3.04
2012.10.16 12:46:41.711,1.28828,1.28846,1.50,1.54
2012.10.16 12:46:41.842,1.28826,1.28846,2.25,1.54
2012.10.16 12:46:42.768,1.28826,1.28846,1.50,1.54
2012.10.16 12:46:43.339,1.28826,1.28846,1.50,1.32
2012.10.16 12:46:43.719,1.28825,1.28846,1.50,2.07
2012.10.16 12:46:44.020,1.28827,1.28846,1.13,1.39
2012.10.16 12:46:44.082,1.28827,1.28848,1.88,1.59
2012.10.16 12:46:44.394,1.28829,1.2885,2.25,2.18
2012.10.16 12:46:44.639,1.28828,1.28846,1.50,2.29
2012.10.16 12:46:44.701,1.28828,1.28846,1.50,2.29
2012.10.16 12:46:45.215,1.28826,1.28846,2.25,2.37
2012.10.16 12:46:48.160,1.28829,1.28848,1.50,1.25
2012.10.16 12:46:48.342,1.28829,1.2885,1.50,1.05
2012.10.16 12:46:48.410,1.2883,1.28852,2.25,1.80
2012.10.16 12:46:48.591,1.28836,1.28854,1.32,1.73
2012.10.16 12:46:49.187,1.28836,1.28856,1.32,1.73
2012.10.16 12:46:55.925,1.28837,1.28859,1.50,3.12
2012.10.16 12:46:57.473,1.28838,1.28859,1.13,2.37
2012.10.16 12:46:57.610,1.28837,1.28859,1.50,2.37
2012.10.16 12:46:57.852,1.28837,1.28859,1.50,2.07
2012.10.16 12:46:58.359,1.2884,1.28861,1.50,1.32
2012.10.16 12:46:59.910,1.28843,1.28865,1.50,2.29
2012.10.16 12:47:00.458,1.2884,1.28861,2.82,1.73
2012.10.16 12:47:00.530,1.2884,1.28859,1.50,1.54
2012.10.16 12:47:00.755,1.28839,1.28859,1.50,1.32
2012.10.16 12:47:00.880,1.28836,1.28858,2.07,2.07
2012.10.16 12:47:01.437,1.28836,1.28858,1.50,2.07
2012.10.16 12:47:01.641,1.28835,1.28856,1.50,1.32
2012.10.16 12:47:01.952,1.28832,1.28851,1.50,1.52
2012.10.16 12:47:02.181,1.28841,1.28859,1.50,1.05
2012.10.16 12:47:03.070,1.28843,1.2886,2.07,1.05
2012.10.16 12:47:03.251,1.28843,1.28863,2.07,1.58
2012.10.16 12:47:03.500,1.28843,1.28863,2.07,1.50
2012.10.16 12:47:08.434,1.28842,1.28859,2.07,1.50
2012.10.16 12:47:08.622,1.28839,1.28859,1.32,1.73
2012.10.16 12:47:08.931,1.28837,1.28858,1.32,1.73
2012.10.16 12:47:09.001,1.28836,1.28854,2.07,1.50
2012.10.16 12:47:09.540,1.28836,1.28854,1.32,1.73
2012.10.16 12:47:10.670,1.28834,1.28854,2.07,1.73
2012.10.16 12:47:12.531,1.28835,1.28854,1.32,1.50
2012.10.16 12:47:12.662,1.28837,1.28859,1.50,1.80
2012.10.16 12:47:13.004,1.28835,1.28853,1.32,2.25
2012.10.16 12:47:13.204,1.28829,1.28851,3.49,2.48
2012.10.16 12:47:13.421,1.28829,1.28845,2.74,1.50
2012.10.16 12:47:13.611,1.28827,1.28845,1.32,1.73
2012.10.16 12:47:14.043,1.28828,1.28848,1.32,1.50
2012.10.16 12:47:14.110,1.28828,1.28848,1.32,1.50
2012.10.16 12:47:14.721,1.28831,1.28848,1.32,1.50
2012.10.16 12:47:14.850,1.28831,1.28852,1.32,1.50
2012.10.16 12:47:16.037,1.2883,1.28852,2.07,1.73
2012.10.16 12:47:16.280,1.28831,1.28855,2.25,3.04
2012.10.16 12:47:17.798,1.28829,1.28848,1.50,2.29
2012.10.16 12:47:18.042,1.28825,1.28846,2.82,1.73
2012.10.16 12:47:18.178,1.28825,1.28846,2.82,1.73
2012.10.16 12:47:22.030,1.28827,1.28848,1.50,2.29
2012.10.16 12:47:22.439,1.28829,1.28848,1.50,1.54
2012.10.16 12:47:25.779,1.2883,1.28848,1.13,2.29
2012.10.16 12:47:26.259,1.2883,1.28848,1.73,2.29
2012.10.16 12:47:26.692,1.28832,1.28848,1.50,1.32
2012.10.16 12:47:27.005,1.28832,1.28847,1.32,1.73
2012.10.16 12:47:27.442,1.2883,1.28845,1.13,1.50
2012.10.16 12:47:28.007,1.28831,1.28845,1.13,1.50
2012.10.16 12:47:28.071,1.28831,1.28848,1.13,1.50
2012.10.16 12:47:29.217,1.28831,1.28845,1.13,1.32
2012.10.16 12:47:31.486,1.28831,1.28843,1.13,1.73
2012.10.16 12:47:34.830,1.28832,1.28851,1.32,3.08
2012.10.16 12:47:34.950,1.28832,1.28852,2.82,1.05
2012.10.16 12:47:35.010,1.28832,1.28853,2.07,1.80
2012.10.16 12:47:35.070,1.28832,1.28851,1.32,1.50
2012.10.16 12:47:35.190,1.28832,1.28851,1.32,2.10
2012.10.16 12:47:35.510,1.28831,1.28844,1.13,2.29
2012.10.16 12:47:36.030,1.28831,1.2884,1.13,2.48
2012.10.16 12:47:37.782,1.28829,1.28839,1.20,1.54
2012.10.16 12:47:38.340,1.2883,1.2884,1.13,1.73
2012.10.16 12:47:38.880,1.28823,1.28845,1.95,1.73
2012.10.16 12:47:39.033,1.28823,1.28833,2.48,1.32
2012.10.16 12:47:39.102,1.28823,1.28832,2.10,1.54
2012.10.16 12:47:39.170,1.2882,1.28834,1.50,1.54
2012.10.16 12:47:39.232,1.28821,1.28841,2.52,2.20
2012.10.16 12:47:39.300,1.28821,1.28841,2.52,1.58
2012.10.16 12:47:39.433,1.28825,1.28842,1.50,1.58
2012.10.16 12:47:39.501,1.28825,1.28842,1.50,1.50
2012.10.16 12:47:39.870,1.28831,1.28841,1.13,1.73
2012.10.16 12:47:42.001,1.2883,1.28841,1.58,1.50
2012.10.16 12:47:42.071,1.28822,1.28841,1.58,1.50
2012.10.16 12:47:42.240,1.2882,1.28841,2.07,1.50
2012.10.16 12:47:46.684,1.28824,1.28842,1.50,1.50
2012.10.16 12:47:46.812,1.28826,1.28848,2.07,1.58
2012.10.16 12:47:47.260,1.28824,1.28846,2.07,1.50
2012.10.16 12:47:49.462,1.28824,1.28843,1.50,1.50
2012.10.16 12:47:49.800,1.28823,1.28843,1.32,1.50
2012.10.16 12:47:50.070,1.28824,1.28844,1.50,1.50
2012.10.16 12:47:50.130,1.28825,1.28846,2.85,2.48
2012.10.16 12:47:50.431,1.28832,1.2885,1.50,1.50
2012.10.16 12:47:50.803,1.28832,1.28851,1.50,1.58
2012.10.16 12:47:51.065,1.28829,1.2885,2.07,1.50
2012.10.16 12:47:52.710,1.28829,1.2885,2.07,1.50
2012.10.16 12:47:53.046,1.28829,1.2885,2.07,1.50
2012.10.16 12:47:53.571,1.28831,1.2885,1.32,1.50
2012.10.16 12:47:53.883,1.28831,1.28848,1.32,1.50
2012.10.16 12:47:54.197,1.28827,1.28838,1.32,1.50
2012.10.16 12:47:54.500,1.28818,1.28838,1.32,1.50
2012.10.16 12:47:54.559,1.28816,1.28838,2.82,1.50
2012.10.16 12:47:55.063,1.28818,1.28837,1.50,3.00
2012.10.16 12:47:55.611,1.28818,1.28837,1.50,1.50
2012.10.16 12:48:01.641,1.28818,1.28838,1.50,1.50
2012.10.16 12:48:02.223,1.28819,1.2884,1.50,1.73
2012.10.16 12:48:05.592,1.28819,1.28841,2.07,3.00
2012.10.16 12:48:06.502,1.2882,1.28842,2.10,1.50
2012.10.16 12:48:06.810,1.28824,1.28844,2.10,1.50
2012.10.16 12:48:07.409,1.28824,1.28844,2.25,2.27
2012.10.16 12:48:07.590,1.28823,1.28844,1.50,2.25
2012.10.16 12:48:08.665,1.28823,1.28844,1.32,2.25
2012.10.16 12:48:10.570,1.28824,1.28845,2.82,2.25
2012.10.16 12:48:16.930,1.28824,1.28844,1.50,1.50
2012.10.16 12:48:16.991,1.28819,1.2884,3.79,1.32
2012.10.16 12:48:17.300,1.28817,1.28839,2.10,1.32
2012.10.16 12:48:19.691,1.28816,1.28837,1.50,1.32
2012.10.16 12:48:19.873,1.28818,1.28837,1.50,1.32
2012.10.16 12:48:20.409,1.28818,1.28839,1.50,1.88
2012.10.16 12:48:20.474,1.28818,1.28839,2.25,1.88
2012.10.16 12:48:20.601,1.28818,1.28838,1.50,1.32
2012.10.16 12:48:21.196,1.28818,1.28839,1.50,1.88
2012.10.16 12:48:21.441,1.28818,1.28837,1.50,1.32
2012.10.16 12:48:22.049,1.28817,1.28837,1.50,1.54
2012.10.16 12:48:23.080,1.28815,1.28835,1.50,1.32
2012.10.16 12:48:23.679,1.28815,1.28835,2.25,2.07
2012.10.16 12:48:24.370,1.28815,1.28835,2.85,1.32
2012.10.16 12:48:25.085,1.28815,1.28837,2.10,1.50
2012.10.16 12:48:25.255,1.28815,1.28837,1.50,1.50
2012.10.16 12:48:25.620,1.28817,1.28839,2.25,3.79
2012.10.16 12:48:25.740,1.28815,1.28836,1.50,1.50
2012.10.16 12:48:26.040,1.28814,1.28832,2.07,1.50
2012.10.16 12:48:26.231,1.28814,1.28832,2.07,1.50
2012.10.16 12:48:26.440,1.28814,1.28831,1.32,1.50
2012.10.16 12:48:26.560,1.28809,1.28828,2.18,2.82
2012.10.16 12:48:26.680,1.28807,1.28828,1.50,2.82
2012.10.16 12:48:27.114,1.28807,1.28827,1.50,1.50
2012.10.16 12:48:27.319,1.28807,1.28827,1.50,1.50
2012.10.16 12:48:27.460,1.28807,1.28827,1.50,1.50
2012.10.16 12:48:27.801,1.28806,1.28824,1.50,1.13
2012.10.16 12:48:30.861,1.28805,1.28824,2.25,1.13
2012.10.16 12:48:33.006,1.28805,1.28828,2.25,2.82
2012.10.16 12:48:33.200,1.28807,1.28828,1.50,1.50
2012.10.16 12:48:33.722,1.2881,1.28829,1.50,1.32
2012.10.16 12:48:33.852,1.28811,1.28832,2.07,1.58
2012.10.16 12:48:34.403,1.28811,1.28833,2.07,1.50
2012.10.16 12:48:36.623,1.28811,1.28832,1.32,1.50
2012.10.16 12:48:37.193,1.28807,1.28829,2.10,1.50
2012.10.16 12:48:38.175,1.28807,1.28827,1.35,3.00
2012.10.16 12:48:38.360,1.28806,1.28824,2.25,1.13
2012.10.16 12:48:39.563,1.28806,1.28825,1.50,2.85
2012.10.16 12:48:40.443,1.28806,1.28825,1.50,2.07
2012.10.16 12:48:41.249,1.28806,1.28827,2.07,1.73
2012.10.16 12:48:41.945,1.2881,1.28829,1.50,1.54
2012.10.16 12:48:42.828,1.28811,1.28832,1.50,1.88
2012.10.16 12:48:42.908,1.28812,1.2883,2.25,1.32
2012.10.16 12:48:43.047,1.28809,1.28831,3.00,2.07
2012.10.16 12:48:43.372,1.28809,1.28831,3.00,2.07
2012.10.16 12:48:43.682,1.28805,1.28826,2.25,1.32
2012.10.16 12:48:44.001,1.28802,1.28824,3.00,3.04
2012.10.16 12:48:47.061,1.28804,1.28825,1.50,2.29
2012.10.16 12:48:48.426,1.28807,1.28827,1.50,1.32
2012.10.16 12:48:48.779,1.28808,1.28827,1.50,1.32
2012.10.16 12:48:49.091,1.28814,1.28833,1.32,1.32
2012.10.16 12:48:49.150,1.28814,1.28834,1.32,1.50
2012.10.16 12:48:50.342,1.28812,1.28834,2.07,1.50
2012.10.16 12:48:51.418,1.28811,1.28832,1.32,1.50
2012.10.16 12:48:52.191,1.28813,1.28834,1.32,1.50
2012.10.16 12:48:52.249,1.28813,1.28834,2.07,1.50
2012.10.16 12:48:52.611,1.28815,1.28835,1.92,1.50
2012.10.16 12:48:52.850,1.28811,1.28834,2.25,1.54
2012.10.16 12:48:53.089,1.2881,1.28831,1.50,1.50
2012.10.16 12:48:55.921,1.28815,1.28835,1.50,1.54
2012.10.16 12:48:56.230,1.28819,1.28838,1.50,1.50
2012.10.16 12:48:57.260,1.28819,1.28838,1.50,2.25
2012.10.16 12:48:57.321,1.28817,1.28837,1.50,1.50
2012.10.16 12:48:58.380,1.28818,1.28839,1.50,2.07
2012.10.16 12:48:58.440,1.28818,1.28839,1.50,1.32
2012.10.16 12:48:58.939,1.28817,1.28839,2.25,1.32
2012.10.16 12:48:59.584,1.28814,1.28836,2.07,1.50
2012.10.16 12:48:59.832,1.28811,1.28831,1.32,1.54
2012.10.16 12:49:00.020,1.2881,1.28831,1.50,1.54
2012.10.16 12:49:00.322,1.28816,1.28835,1.50,1.05
2012.10.16 12:49:00.390,1.28816,1.28837,1.50,1.50
2012.10.16 12:49:00.840,1.28817,1.28836,1.50,1.50
2012.10.16 12:49:05.631,1.28818,1.28839,1.50,1.32
2012.10.16 12:49:07.204,1.28818,1.28839,2.25,1.32
2012.10.16 12:49:08.871,1.28817,1.28832,1.50,3.00
2012.10.16 12:49:09.000,1.28812,1.28827,2.25,1.32
2012.10.16 12:49:09.120,1.2881,1.28827,1.28,1.54
2012.10.16 12:49:09.709,1.28811,1.28827,1.13,1.54
2012.10.16 12:49:11.341,1.28808,1.28827,1.50,1.32
2012.10.16 12:49:11.881,1.28809,1.28829,1.50,1.32
2012.10.16 12:49:12.012,1.28811,1.28832,2.25,1.43
2012.10.16 12:49:12.083,1.28813,1.28832,1.50,1.43
2012.10.16 12:49:13.265,1.28814,1.28834,1.50,1.13
2012.10.16 12:49:13.962,1.28814,1.28835,1.50,1.54
2012.10.16 12:49:15.970,1.28814,1.28836,1.50,2.33
2012.10.16 12:49:16.331,1.28816,1.28836,1.88,1.50
2012.10.16 12:49:16.653,1.28822,1.28844,1.50,1.58
2012.10.16 12:49:17.176,1.28821,1.28843,3.00,1.50
2012.10.16 12:49:17.312,1.28821,1.2884,2.25,1.50
2012.10.16 12:49:18.391,1.28818,1.2884,3.38,1.50
2012.10.16 12:49:21.160,1.28817,1.28836,1.32,1.50
2012.10.16 12:49:22.122,1.28816,1.28836,1.50,1.50
2012.10.16 12:49:23.100,1.28815,1.28836,1.50,1.50
2012.10.16 12:49:24.749,1.28815,1.28836,1.50,2.07
2012.10.16 12:49:25.379,1.28815,1.28834,1.50,1.32
2012.10.16 12:49:28.082,1.28815,1.28832,1.50,1.32
2012.10.16 12:49:28.149,1.28811,1.28828,4.13,1.50
2012.10.16 12:49:28.496,1.28809,1.28828,1.50,1.73
2012.10.16 12:49:29.031,1.28807,1.28828,2.82,1.73
2012.10.16 12:49:29.459,1.28807,1.28828,1.32,3.23
2012.10.16 12:49:29.523,1.28804,1.28823,1.50,1.50
2012.10.16 12:49:29.657,1.28803,1.2882,1.50,1.35
2012.10.16 12:49:29.727,1.28802,1.2882,1.84,1.58
2012.10.16 12:49:30.413,1.288,1.28819,1.32,1.54
2012.10.16 12:49:30.496,1.28798,1.28814,3.19,1.50
2012.10.16 12:49:30.566,1.28798,1.28814,1.50,2.07
2012.10.16 12:49:30.971,1.28792,1.28814,3.00,2.29
2012.10.16 12:49:31.151,1.28791,1.28812,1.50,1.50
2012.10.16 12:49:31.584,1.28792,1.28813,2.25,3.04
2012.10.16 12:49:31.834,1.28792,1.28811,2.25,2.10
2012.10.16 12:49:31.961,1.28788,1.28807,2.07,2.10
2012.10.16 12:49:32.080,1.28785,1.28806,2.63,1.54
2012.10.16 12:49:33.360,1.28787,1.28807,1.50,1.54
2012.10.16 12:49:33.662,1.28787,1.28805,1.50,1.32
2012.10.16 12:49:33.733,1.28784,1.28801,1.13,1.32
2012.10.16 12:49:33.920,1.28782,1.288,1.13,1.54
2012.10.16 12:49:34.040,1.28781,1.288,1.88,1.54
2012.10.16 12:49:34.521,1.28775,1.28799,2.25,2.29
2012.10.16 12:49:35.763,1.28778,1.28799,1.50,2.29
2012.10.16 12:49:37.282,1.28778,1.28799,1.50,2.29
2012.10.16 12:49:38.049,1.28778,1.28799,1.50,2.29
2012.10.16 12:49:38.540,1.28776,1.28797,1.32,2.25
2012.10.16 12:49:38.879,1.28777,1.28797,1.50,1.50
2012.10.16 12:49:38.940,1.28778,1.28798,1.50,1.50
2012.10.16 12:49:39.059,1.28778,1.28799,1.50,1.32
2012.10.16 12:49:39.758,1.2878,1.28798,1.50,1.50
2012.10.16 12:49:40.010,1.2878,1.28802,2.82,1.32
2012.10.16 12:49:40.130,1.2878,1.28803,2.82,3.00
2012.10.16 12:49:42.551,1.28781,1.28803,2.07,1.50
2012.10.16 12:49:47.177,1.28785,1.28803,1.32,1.50
2012.10.16 12:49:47.241,1.28788,1.28807,1.32,1.58
2012.10.16 12:49:47.421,1.28787,1.28806,1.32,1.50
2012.10.16 12:49:47.780,1.28783,1.288,1.50,1.32
2012.10.16 12:49:47.842,1.28782,1.288,1.50,1.32
2012.10.16 12:49:48.660,1.2878,1.288,1.50,1.32
2012.10.16 12:49:49.215,1.2878,1.288,1.50,1.32
2012.10.16 12:49:49.339,1.28782,1.28802,1.50,1.32
2012.10.16 12:49:49.772,1.28781,1.288,1.50,1.50
2012.10.16 12:49:52.780,1.28779,1.28797,1.88,1.50
2012.10.16 12:49:53.080,1.28779,1.28795,1.58,1.50
2012.10.16 12:49:53.381,1.28779,1.28796,1.73,1.50
2012.10.16 12:49:53.920,1.28782,1.28798,2.25,1.32
2012.10.16 12:49:54.281,1.28782,1.28803,2.25,1.32
2012.10.16 12:49:54.401,1.2878,1.28802,2.82,1.50
2012.10.16 12:49:54.911,1.28779,1.28799,1.88,2.25
2012.10.16 12:49:55.820,1.2878,1.28798,1.73,1.50
2012.10.16 12:49:56.550,1.28779,1.288,1.88,2.07
2012.10.16 12:49:57.253,1.28781,1.288,1.50,2.07
2012.10.16 12:50:00.511,1.28781,1.288,2.10,1.50
2012.10.16 12:50:01.112,1.28781,1.288,2.10,1.50
2012.10.16 12:50:03.922,1.28781,1.288,1.50,1.50
2012.10.16 12:50:04.182,1.2878,1.288,1.32,1.50
2012.10.16 12:50:04.732,1.2878,1.288,1.32,1.73
2012.10.16 12:50:05.053,1.28782,1.28802,1.50,1.50
2012.10.16 12:50:05.360,1.28782,1.28802,3.00,1.50
2012.10.16 12:50:05.481,1.28783,1.28803,1.50,2.29
2012.10.16 12:50:05.609,1.28784,1.28803,2.63,2.29
2012.10.16 12:50:06.170,1.28784,1.28803,2.25,2.29
2012.10.16 12:50:07.022,1.28784,1.28801,1.50,1.50
2012.10.16 12:50:07.233,1.28782,1.28796,2.25,1.50
2012.10.16 12:50:07.482,1.28781,1.28797,1.13,1.54
2012.10.16 12:50:07.610,1.2878,1.288,1.50,2.48
2012.10.16 12:50:08.075,1.28782,1.288,1.50,1.50
2012.10.16 12:50:08.402,1.28784,1.28801,1.50,1.50
2012.10.16 12:50:08.710,1.28783,1.28801,1.50,2.25
2012.10.16 12:50:09.474,1.28781,1.28797,1.50,1.32
2012.10.16 12:50:09.544,1.28779,1.28797,1.50,1.54
2012.10.16 12:50:09.831,1.28779,1.28797,1.50,1.54
2012.10.16 12:50:09.960,1.28778,1.28797,1.50,2.07
2012.10.16 12:50:12.296,1.28781,1.28797,1.50,1.32
2012.10.16 12:50:12.831,1.28781,1.28797,1.50,2.07
2012.10.16 12:50:13.051,1.2878,1.28797,1.50,1.32
2012.10.16 12:50:13.330,1.28777,1.28798,2.25,1.50
2012.10.16 12:50:15.382,1.28777,1.28798,2.25,1.50
2012.10.16 12:50:15.773,1.28779,1.28794,1.50,1.32
2012.10.16 12:50:15.842,1.28782,1.288,1.32,1.03
2012.10.16 12:50:17.221,1.28782,1.28804,1.32,2.33
2012.10.16 12:50:21.212,1.28783,1.28802,1.50,1.32
2012.10.16 12:50:21.728,1.28783,1.28802,1.50,1.32
2012.10.16 12:50:21.853,1.28778,1.288,4.50,1.50
2012.10.16 12:50:25.403,1.28778,1.28798,1.50,1.35
2012.10.16 12:50:25.472,1.28778,1.28797,1.50,1.32
2012.10.16 12:50:25.783,1.28775,1.28791,1.50,1.32
2012.10.16 12:50:25.864,1.28772,1.28791,1.50,2.07
2012.10.16 12:50:26.301,1.28773,1.2879,1.50,1.32
2012.10.16 12:50:26.821,1.28775,1.28793,1.50,1.88
2012.10.16 12:50:27.502,1.28776,1.28793,2.25,1.13
2012.10.16 12:50:27.991,1.28776,1.28795,3.00,1.32
2012.10.16 12:50:30.710,1.28776,1.28795,1.50,2.29
2012.10.16 12:50:31.543,1.28774,1.28795,2.25,2.48
2012.10.16 12:50:33.935,1.28774,1.28794,2.25,1.50
2012.10.16 12:50:34.004,1.28774,1.28793,2.25,1.50
2012.10.16 12:50:34.322,1.2878,1.28796,2.07,1.73
2012.10.16 12:50:34.901,1.2878,1.288,1.32,1.58
2012.10.16 12:50:35.531,1.2878,1.28799,1.32,1.50
2012.10.16 12:50:35.905,1.28779,1.28798,1.32,1.50
2012.10.16 12:50:36.090,1.28773,1.28793,1.50,1.50
2012.10.16 12:50:36.629,1.28772,1.28793,2.07,1.50
2012.10.16 12:50:37.950,1.28771,1.28792,2.07,1.50
2012.10.16 12:50:38.251,1.28774,1.28794,1.50,2.48
2012.10.16 12:50:38.492,1.28774,1.28794,2.25,1.50
2012.10.16 12:50:38.621,1.28775,1.28797,2.25,1.32
2012.10.16 12:50:40.960,1.28775,1.2879,1.50,1.32
2012.10.16 12:50:41.539,1.28773,1.28794,2.10,2.10
2012.10.16 12:50:41.600,1.28773,1.28794,2.67,1.32
2012.10.16 12:50:41.721,1.28776,1.28796,1.32,1.32
2012.10.16 12:50:41.972,1.28777,1.28797,1.50,1.50
2012.10.16 12:50:42.505,1.28776,1.28797,2.07,1.50
2012.10.16 12:50:43.061,1.28777,1.28794,1.32,1.50
2012.10.16 12:50:43.338,1.28767,1.28787,2.41,1.50
2012.10.16 12:50:43.403,1.28767,1.28787,2.18,1.50
2012.10.16 12:50:43.740,1.28765,1.28787,2.82,2.25
2012.10.16 12:50:44.613,1.28765,1.28787,2.82,2.25
2012.10.16 12:50:50.570,1.28766,1.28788,1.50,1.73
2012.10.16 12:50:51.281,1.28766,1.28789,3.00,1.58
2012.10.16 12:50:51.592,1.28771,1.28791,1.32,1.58
2012.10.16 12:50:51.663,1.28773,1.28793,1.32,3.09
2012.10.16 12:50:53.001,1.28773,1.28792,1.32,1.50
2012.10.16 12:50:54.651,1.28776,1.28792,1.32,1.50
2012.10.16 12:50:54.780,1.28779,1.28794,1.32,1.50
2012.10.16 12:50:54.904,1.28779,1.28794,1.32,2.25
2012.10.16 12:50:55.101,1.28772,1.28793,1.32,1.50
2012.10.16 12:50:56.869,1.2877,1.28792,2.07,1.50
2012.10.16 12:50:56.930,1.2877,1.2879,2.07,1.32
2012.10.16 12:50:56.990,1.2877,1.28787,1.32,1.50
2012.10.16 12:50:57.300,1.28764,1.28783,1.50,1.54
2012.10.16 12:50:58.130,1.28763,1.28784,3.00,1.54
2012.10.16 12:50:58.369,1.28774,1.28791,2.07,1.32
2012.10.16 12:50:58.551,1.28774,1.28793,2.07,1.50
2012.10.16 12:50:58.611,1.28774,1.28793,1.32,2.25
2012.10.16 12:50:59.091,1.28775,1.28793,1.50,1.32
2012.10.16 12:50:59.400,1.28779,1.28797,1.50,1.50
2012.10.16 12:50:59.520,1.28776,1.28795,1.32,1.32
2012.10.16 12:50:59.641,1.28774,1.28792,1.50,1.54
2012.10.16 12:50:59.711,1.28775,1.28795,1.50,2.10
2012.10.16 12:50:59.845,1.28776,1.28795,1.32,1.32
2012.10.16 12:51:00.643,1.28775,1.28795,2.07,1.50
2012.10.16 12:51:00.711,1.28775,1.28795,1.32,1.50
2012.10.16 12:51:01.230,1.28771,1.28792,2.82,1.73
2012.10.16 12:51:02.132,1.28771,1.28793,3.00,1.54
2012.10.16 12:51:02.203,1.28775,1.28796,2.07,2.48
2012.10.16 12:51:02.270,1.28775,1.28796,2.07,1.50
2012.10.16 12:51:04.181,1.28772,1.28793,2.25,1.32
2012.10.16 12:51:04.510,1.28771,1.28792,1.50,1.54
2012.10.16 12:51:06.010,1.28771,1.2879,2.25,2.29
2012.10.16 12:51:09.725,1.28771,1.28792,3.00,2.29
2012.10.16 12:51:11.120,1.28772,1.28792,1.50,1.54
2012.10.16 12:51:11.683,1.28773,1.28792,1.50,1.54
2012.10.16 12:51:12.440,1.28771,1.28792,3.75,1.54
2012.10.16 12:51:12.750,1.28772,1.28792,1.50,1.54
2012.10.16 12:51:13.421,1.28773,1.28792,1.50,2.29
2012.10.16 12:51:14.866,1.28771,1.2879,2.25,1.73
2012.10.16 12:51:14.993,1.28771,1.2879,1.50,2.48
2012.10.16 12:51:16.762,1.28771,1.2879,1.50,1.50
2012.10.16 12:51:16.833,1.28773,1.28791,1.50,1.32
2012.10.16 12:51:17.454,1.28771,1.28791,2.25,1.54
2012.10.16 12:51:17.520,1.28771,1.28791,1.50,1.54
2012.10.16 12:51:17.580,1.28775,1.28791,1.50,1.54
2012.10.16 12:51:17.910,1.28772,1.28791,1.50,1.54
2012.10.16 12:51:18.072,1.28771,1.28788,1.50,1.50
2012.10.16 12:51:18.229,1.28771,1.2879,2.25,1.73
2012.10.16 12:51:18.351,1.28771,1.2879,2.25,1.73
2012.10.16 12:51:18.871,1.28772,1.28791,1.50,1.54
2012.10.16 12:51:18.931,1.28771,1.28789,1.50,1.50
2012.10.16 12:51:18.995,1.28771,1.28791,2.25,2.29
2012.10.16 12:51:19.491,1.28771,1.28791,2.25,1.54
2012.10.16 12:51:20.611,1.28771,1.28791,3.00,1.54
2012.10.16 12:51:20.681,1.28772,1.28791,1.50,1.54
2012.10.16 12:51:21.431,1.28774,1.28794,1.50,1.73
2012.10.16 12:51:22.053,1.28776,1.28797,1.50,3.12
2012.10.16 12:51:22.130,1.28773,1.28797,2.25,3.79
2012.10.16 12:51:22.633,1.28773,1.28797,1.50,3.04
2012.10.16 12:51:22.760,1.28773,1.28797,1.50,4.54
2012.10.16 12:51:23.180,1.28772,1.28796,2.82,1.73
2012.10.16 12:51:23.429,1.28777,1.28797,1.50,3.04
2012.10.16 12:51:23.551,1.28773,1.28796,1.50,1.73
2012.10.16 12:51:25.125,1.28772,1.28794,2.07,1.50
2012.10.16 12:51:25.562,1.28773,1.28797,1.50,3.79
2012.10.16 12:51:26.002,1.28773,1.28796,1.50,1.73
2012.10.16 12:51:26.712,1.28773,1.28796,2.25,1.73
2012.10.16 12:51:27.022,1.28777,1.28797,2.82,1.50
2012.10.16 12:51:28.733,1.28775,1.28797,1.50,1.50
2012.10.16 12:51:31.870,1.28777,1.28799,1.50,2.29
2012.10.16 12:51:31.990,1.28781,1.288,1.50,1.62
2012.10.16 12:51:32.409,1.28778,1.28799,1.50,1.54
2012.10.16 12:51:32.529,1.28776,1.28797,1.32,1.50
2012.10.16 12:51:36.180,1.28777,1.28797,1.50,2.07
2012.10.16 12:51:36.361,1.28782,1.28801,2.82,1.05
2012.10.16 12:51:36.946,1.28779,1.28798,1.50,1.50
2012.10.16 12:51:39.659,1.28779,1.28799,1.50,1.54
2012.10.16 12:51:39.790,1.28782,1.28802,1.32,1.58
2012.10.16 12:51:41.146,1.2878,1.288,1.32,1.50
2012.10.16 12:51:42.759,1.28778,1.288,1.50,1.50
2012.10.16 12:51:48.150,1.28778,1.28797,1.50,1.50
2012.10.16 12:51:48.210,1.28777,1.28796,1.50,1.50
2012.10.16 12:51:49.311,1.28777,1.28798,2.25,1.32
2012.10.16 12:51:49.437,1.28781,1.28799,1.32,1.50
2012.10.16 12:51:49.500,1.28782,1.28801,1.50,1.32
2012.10.16 12:51:49.682,1.2878,1.28801,1.54,1.50
2012.10.16 12:51:49.751,1.28779,1.288,1.73,2.07
2012.10.16 12:51:50.341,1.28777,1.28798,3.00,1.32
2012.10.16 12:51:50.399,1.28777,1.28798,2.25,1.32
2012.10.16 12:51:51.061,1.28777,1.28798,2.25,1.32
2012.10.16 12:51:56.571,1.28777,1.288,3.04,1.50
2012.10.16 12:51:56.889,1.28778,1.288,1.73,1.50
2012.10.16 12:51:57.094,1.28779,1.28801,2.48,1.50
2012.10.16 12:52:05.045,1.2878,1.28804,1.73,2.89
2012.10.16 12:52:05.811,1.28779,1.28802,3.04,1.50
2012.10.16 12:52:10.550,1.28779,1.28803,2.29,1.50
2012.10.16 12:52:12.842,1.28779,1.28802,1.73,1.32
2012.10.16 12:52:13.115,1.28777,1.28798,2.48,2.07
2012.10.16 12:52:13.730,1.28777,1.28796,2.48,1.50
2012.10.16 12:52:13.850,1.28777,1.28795,1.73,1.50
2012.10.16 12:52:14.210,1.28771,1.28788,1.32,1.50
2012.10.16 12:52:17.043,1.28766,1.28786,1.50,1.50
2012.10.16 12:52:17.170,1.28765,1.28786,1.50,1.50
2012.10.16 12:52:20.540,1.28765,1.28786,1.50,2.29
2012.10.16 12:52:20.995,1.28761,1.28782,2.82,1.50
2012.10.16 12:52:21.131,1.28763,1.28782,1.50,1.50
2012.10.16 12:52:24.339,1.28764,1.28785,1.32,1.50
2012.10.16 12:52:27.420,1.28765,1.28787,1.50,3.00
2012.10.16 12:52:30.610,1.28766,1.28787,1.50,1.50
2012.10.16 12:52:31.730,1.28766,1.28787,1.50,1.50
2012.10.16 12:52:32.253,1.28765,1.28785,1.50,1.54
2012.10.16 12:52:32.869,1.28765,1.28785,1.50,1.32
2012.10.16 12:52:33.492,1.28767,1.28787,1.50,1.32
2012.10.16 12:52:33.800,1.28763,1.28783,2.25,1.50
2012.10.16 12:52:34.222,1.28764,1.28784,1.50,2.29
2012.10.16 12:52:34.292,1.28767,1.28786,1.50,1.62
2012.10.16 12:52:35.041,1.28765,1.28786,1.50,1.32
2012.10.16 12:52:36.192,1.28769,1.28788,1.50,1.35
2012.10.16 12:52:37.261,1.28767,1.28786,1.50,3.75
2012.10.16 12:52:37.320,1.28766,1.28785,1.50,1.32
2012.10.16 12:52:37.562,1.28765,1.28786,1.50,1.50
2012.10.16 12:52:39.570,1.28764,1.28786,2.82,1.50
2012.10.16 12:52:39.825,1.28758,1.2878,2.33,1.50
2012.10.16 12:52:39.950,1.28759,1.28781,1.50,1.73
2012.10.16 12:52:40.311,1.28764,1.28782,1.50,1.32
2012.10.16 12:52:40.620,1.28769,1.28789,2.07,1.03
2012.10.16 12:52:40.747,1.28769,1.2879,2.07,1.58
2012.10.16 12:52:40.883,1.28769,1.2879,1.32,1.50
2012.10.16 12:52:41.532,1.28769,1.28791,2.07,1.33
2012.10.16 12:52:42.355,1.28772,1.28791,1.50,1.13
2012.10.16 12:52:42.910,1.2877,1.28791,1.50,1.50
2012.10.16 12:52:44.691,1.28772,1.28793,2.07,1.50
2012.10.16 12:52:45.211,1.28773,1.28795,1.50,2.07
2012.10.16 12:52:45.721,1.28772,1.28795,2.07,2.07
2012.10.16 12:52:46.032,1.28769,1.28788,2.82,1.50
2012.10.16 12:52:46.549,1.28767,1.28788,1.50,1.50
2012.10.16 12:52:48.451,1.28767,1.28788,1.50,1.50
2012.10.16 12:52:49.030,1.28767,1.28788,2.25,1.50
2012.10.16 12:52:49.553,1.28768,1.28788,1.50,1.50
2012.10.16 12:52:57.920,1.28768,1.28787,1.50,1.32
2012.10.16 12:52:58.041,1.28762,1.28783,1.73,2.07
2012.10.16 12:52:58.440,1.28767,1.28785,1.50,1.80
2012.10.16 12:52:58.981,1.28762,1.28776,2.29,1.32
2012.10.16 12:52:59.041,1.28761,1.28776,1.54,1.32
2012.10.16 12:52:59.100,1.28759,1.28776,1.50,1.32
2012.10.16 12:53:02.530,1.28755,1.28775,1.50,1.50
2012.10.16 12:53:02.952,1.28754,1.28775,1.50,1.50
2012.10.16 12:53:03.020,1.28755,1.28777,1.50,2.82
2012.10.16 12:53:03.321,1.28757,1.28777,1.50,2.07
2012.10.16 12:53:04.822,1.28759,1.2878,2.10,2.18
2012.10.16 12:53:05.140,1.28764,1.2878,1.50,1.13
2012.10.16 12:53:05.503,1.28768,1.2878,1.50,1.13
2012.10.16 12:53:05.811,1.2877,1.2878,1.50,1.13
2012.10.16 12:53:06.631,1.2877,1.28787,1.50,1.32
2012.10.16 12:53:06.750,1.28767,1.28787,2.25,1.32
2012.10.16 12:53:07.052,1.28767,1.28788,2.25,2.07
2012.10.16 12:53:07.560,1.28767,1.28788,1.50,2.07
2012.10.16 12:53:08.182,1.28769,1.28788,1.50,2.07
2012.10.16 12:53:08.491,1.28764,1.28785,2.07,1.50
2012.10.16 12:53:08.792,1.28759,1.28777,3.00,1.54
2012.10.16 12:53:08.860,1.28759,1.28777,1.50,1.54
2012.10.16 12:53:08.922,1.28758,1.28777,1.50,1.54
2012.10.16 12:53:09.051,1.28759,1.28779,2.25,1.54
2012.10.16 12:53:09.113,1.28759,1.28781,2.25,1.58
2012.10.16 12:53:09.900,1.28759,1.28779,1.50,1.50
2012.10.16 12:53:10.163,1.28758,1.28777,2.25,1.54
2012.10.16 12:53:10.351,1.2876,1.28782,1.50,2.14
2012.10.16 12:53:10.530,1.2876,1.28782,1.50,1.32
2012.10.16 12:53:11.162,1.28764,1.28783,1.50,1.32
2012.10.16 12:53:11.917,1.2876,1.28782,3.00,1.32
2012.10.16 12:53:13.898,1.28762,1.28782,1.50,1.32
2012.10.16 12:53:14.209,1.28767,1.28785,1.50,1.50
2012.10.16 12:53:14.270,1.28767,1.28787,1.50,2.25
2012.10.16 12:53:15.181,1.28767,1.28786,1.50,1.50
2012.10.16 12:53:15.241,1.28764,1.28785,2.07,1.50
2012.10.16 12:53:21.981,1.28763,1.28783,1.32,1.50
2012.10.16 12:53:26.380,1.28761,1.28784,1.50,3.04
2012.10.16 12:53:28.150,1.28764,1.28784,1.32,2.48
2012.10.16 12:53:28.668,1.28766,1.28785,1.32,2.25
2012.10.16 12:53:29.132,1.28766,1.28785,1.92,1.50
2012.10.16 12:53:29.260,1.28769,1.28789,1.32,1.50
2012.10.16 12:53:29.611,1.28769,1.28789,1.32,1.50
2012.10.16 12:53:31.064,1.28773,1.28789,1.32,1.50
2012.10.16 12:53:31.633,1.28768,1.28789,1.32,2.25
2012.10.16 12:53:32.150,1.28768,1.28789,1.32,3.00
2012.10.16 12:53:32.911,1.28768,1.28789,1.32,2.45
2012.10.16 12:53:32.972,1.28766,1.28781,1.73,1.32
2012.10.16 12:53:33.160,1.28762,1.28778,2.18,1.13
2012.10.16 12:53:33.220,1.28758,1.28778,1.50,1.13
2012.10.16 12:53:34.781,1.2876,1.28778,1.50,1.33
2012.10.16 12:53:35.400,1.28762,1.28778,1.32,1.13
2012.10.16 12:53:35.761,1.28764,1.28785,1.50,1.40
2012.10.16 12:53:37.990,1.28762,1.28781,2.07,1.13
2012.10.16 12:53:38.248,1.28763,1.28784,2.07,1.33
2012.10.16 12:53:41.041,1.28769,1.28787,1.50,3.02
2012.10.16 12:53:41.159,1.28766,1.28787,1.50,3.02
2012.10.16 12:53:41.900,1.28767,1.28787,1.88,2.45
2012.10.16 12:53:42.026,1.28769,1.28788,1.32,1.73
2012.10.16 12:53:42.212,1.28766,1.28787,2.48,2.82
2012.10.16 12:53:42.438,1.28766,1.28787,1.50,3.57
2012.10.16 12:53:42.520,1.28766,1.28787,1.50,2.82
2012.10.16 12:53:43.702,1.28764,1.28786,1.32,2.25
2012.10.16 12:53:44.230,1.28763,1.28784,1.32,1.50
2012.10.16 12:53:44.532,1.28762,1.28783,1.32,1.50
2012.10.16 12:53:46.405,1.28765,1.28786,1.50,1.50
2012.10.16 12:53:46.618,1.28764,1.28784,1.32,1.50
2012.10.16 12:53:46.825,1.28765,1.28787,2.25,3.57
2012.10.16 12:53:46.956,1.28765,1.28786,1.50,1.50
2012.10.16 12:53:47.382,1.28769,1.28787,1.50,3.19
2012.10.16 12:53:47.502,1.28764,1.28785,1.32,1.50
2012.10.16 12:53:48.291,1.28763,1.28784,1.50,1.13
2012.10.16 12:53:48.412,1.28762,1.2878,2.07,1.50
2012.10.16 12:53:48.482,1.28761,1.2878,1.50,2.07
2012.10.16 12:53:48.732,1.28758,1.28779,3.00,1.32
2012.10.16 12:53:49.171,1.28758,1.28779,1.50,2.07
2012.10.16 12:53:49.230,1.28761,1.28779,1.50,1.32
2012.10.16 12:53:49.780,1.28761,1.28782,2.07,2.63
2012.10.16 12:53:51.100,1.28765,1.28784,1.32,1.50
2012.10.16 12:53:51.222,1.28765,1.28784,1.32,2.25
2012.10.16 12:53:51.571,1.28762,1.2878,1.50,1.50
2012.10.16 12:53:52.121,1.2876,1.28782,2.25,3.00
2012.10.16 12:53:52.434,1.28759,1.28782,2.10,2.25
2012.10.16 12:53:52.508,1.28762,1.28782,1.50,1.50
2012.10.16 12:53:52.633,1.28762,1.28783,1.73,1.50
2012.10.16 12:53:52.830,1.28764,1.28785,2.25,1.32
2012.10.16 12:53:53.415,1.28765,1.28787,1.50,2.07
2012.10.16 12:53:56.364,1.28765,1.28787,1.32,1.50
2012.10.16 12:53:57.230,1.28763,1.28785,2.07,1.50
2012.10.16 12:53:57.560,1.28769,1.28787,1.32,1.13
2012.10.16 12:53:57.981,1.28765,1.28786,2.07,1.32
2012.10.16 12:53:58.062,1.28763,1.2878,2.07,1.50
2012.10.16 12:53:58.392,1.2876,1.28776,1.32,1.50
2012.10.16 12:53:58.552,1.2876,1.28778,1.32,1.50
2012.10.16 12:53:58.625,1.2876,1.2878,1.32,2.25
2012.10.16 12:53:59.281,1.28758,1.2878,2.82,2.25
2012.10.16 12:53:59.861,1.28758,1.28775,3.57,1.50
2012.10.16 12:54:00.276,1.28758,1.28777,1.50,2.48
2012.10.16 12:54:00.795,1.28758,1.28778,1.50,1.50
2012.10.16 12:54:00.930,1.28759,1.2878,1.73,1.50
2012.10.16 12:54:01.172,1.28764,1.28782,1.50,1.32
2012.10.16 12:54:01.363,1.28762,1.28782,2.25,1.32
2012.10.16 12:54:01.732,1.28759,1.28779,2.25,1.50
2012.10.16 12:54:02.042,1.28759,1.28781,2.25,1.50
2012.10.16 12:54:02.171,1.28759,1.28782,3.00,1.32
2012.10.16 12:54:02.731,1.28766,1.28787,1.73,4.13
2012.10.16 12:54:02.851,1.28769,1.28787,1.32,1.33
2012.10.16 12:54:05.483,1.28764,1.28786,3.08,1.70
2012.10.16 12:54:05.611,1.28764,1.28785,2.10,1.50
2012.10.16 12:54:08.944,1.28763,1.28783,1.50,1.50
2012.10.16 12:54:09.261,1.2876,1.28776,2.07,1.50
2012.10.16 12:54:09.739,1.28757,1.28775,1.32,1.50
2012.10.16 12:54:11.211,1.28758,1.28776,2.25,1.32
2012.10.16 12:54:14.290,1.28758,1.28777,1.54,2.25
2012.10.16 12:54:14.722,1.28756,1.28775,2.25,1.50
2012.10.16 12:54:16.341,1.28757,1.28777,1.50,2.07
2012.10.16 12:54:17.350,1.28757,1.28778,1.50,2.07
2012.10.16 12:54:18.199,1.28757,1.28778,2.25,2.07
2012.10.16 12:54:18.441,1.28757,1.28777,1.50,2.48
2012.10.16 12:54:18.621,1.28757,1.28777,2.25,1.50
2012.10.16 12:54:20.980,1.28757,1.28777,2.25,2.07
2012.10.16 12:54:21.101,1.28758,1.28777,1.88,1.32
2012.10.16 12:54:21.174,1.28758,1.28777,2.25,1.32
2012.10.16 12:54:21.242,1.2876,1.28779,1.50,1.32
2012.10.16 12:54:21.712,1.28758,1.28777,2.25,1.32
2012.10.16 12:54:22.231,1.28759,1.28778,1.50,1.50
2012.10.16 12:54:22.350,1.2876,1.2878,2.25,1.50
2012.10.16 12:54:23.921,1.2876,1.2878,2.25,1.50
2012.10.16 12:54:24.481,1.28765,1.28782,1.50,2.29
2012.10.16 12:54:25.047,1.28763,1.28782,2.29,2.25
2012.10.16 12:54:25.592,1.28764,1.28782,1.32,1.50
2012.10.16 12:54:26.831,1.28763,1.2878,1.32,1.50
2012.10.16 12:54:27.370,1.28759,1.2878,2.07,1.50
2012.10.16 12:54:28.420,1.28763,1.28782,1.50,2.07
2012.10.16 12:54:28.641,1.28763,1.28781,1.50,1.32
2012.10.16 12:54:28.760,1.28758,1.28779,1.58,1.32
2012.10.16 12:54:30.714,1.28759,1.28778,1.32,1.50
2012.10.16 12:54:30.911,1.28755,1.28776,1.50,1.50
2012.10.16 12:54:31.644,1.28757,1.28776,1.50,1.50
2012.10.16 12:54:31.901,1.28754,1.28776,2.82,2.25
2012.10.16 12:54:32.879,1.28754,1.28776,2.82,2.25
2012.10.16 12:54:34.033,1.28755,1.28777,2.25,2.07
2012.10.16 12:54:34.671,1.28756,1.28777,1.54,1.50
2012.10.16 12:54:34.861,1.2876,1.28782,1.50,1.65
2012.10.16 12:54:35.793,1.28762,1.28783,1.50,1.50
2012.10.16 12:54:36.514,1.28764,1.28784,1.50,1.32
2012.10.16 12:54:37.432,1.28764,1.28784,1.50,1.32
2012.10.16 12:54:37.501,1.28762,1.28778,1.50,1.32
2012.10.16 12:54:37.562,1.28759,1.28778,1.50,1.32
2012.10.16 12:54:38.742,1.2876,1.28778,1.50,1.32
2012.10.16 12:54:38.871,1.2876,1.28776,1.50,1.32
2012.10.16 12:54:39.171,1.28757,1.28774,1.50,1.32
2012.10.16 12:54:39.230,1.28755,1.28774,1.50,1.32
2012.10.16 12:54:39.782,1.28755,1.28774,1.50,1.32
2012.10.16 12:54:40.660,1.28755,1.28774,1.50,1.32
2012.10.16 12:54:41.330,1.28755,1.28773,1.50,1.32
2012.10.16 12:54:42.450,1.28755,1.28772,1.50,1.32
2012.10.16 12:54:42.926,1.28753,1.28772,1.50,1.32
2012.10.16 12:54:43.003,1.28749,1.28765,1.50,1.32
2012.10.16 12:54:43.141,1.28745,1.28765,2.25,1.32
2012.10.16 12:54:43.212,1.28745,1.28765,2.25,1.32
2012.10.16 12:54:43.763,1.28745,1.28765,2.25,1.32
2012.10.16 12:54:46.311,1.28744,1.28763,2.25,1.32
2012.10.16 12:54:47.852,1.28745,1.28766,1.50,1.13
2012.10.16 12:54:47.981,1.28747,1.28767,2.25,1.54
2012.10.16 12:54:48.042,1.28747,1.2877,2.25,2.89
2012.10.16 12:54:48.231,1.28747,1.28768,1.50,1.32
2012.10.16 12:54:48.891,1.28747,1.28763,1.50,1.32
2012.10.16 12:54:49.261,1.28748,1.28768,1.50,1.54
2012.10.16 12:54:49.658,1.28752,1.2877,1.50,1.54
2012.10.16 12:54:49.732,1.28752,1.2877,1.50,1.32
2012.10.16 12:54:50.235,1.28754,1.2877,1.50,1.32
2012.10.16 12:54:52.430,1.28754,1.28772,1.50,1.32
2012.10.16 12:54:52.490,1.28754,1.28772,1.50,1.32
2012.10.16 12:54:58.071,1.28751,1.28772,1.50,1.32
2012.10.16 12:54:58.130,1.2875,1.28772,2.85,1.32
2012.10.16 12:54:58.190,1.28753,1.28772,1.50,2.07
2012.10.16 12:54:58.680,1.28749,1.28772,2.82,2.07
2012.10.16 12:54:59.721,1.28747,1.28767,1.54,1.50
2012.10.16 12:54:59.781,1.28745,1.28767,1.50,2.82
2012.10.16 12:55:02.388,1.28747,1.28767,1.32,2.25
2012.10.16 12:55:02.451,1.28749,1.28769,2.07,2.07
2012.10.16 12:55:02.641,1.28749,1.28769,3.04,1.50
2012.10.16 12:55:02.761,1.28749,1.28769,1.54,1.50
2012.10.16 12:55:05.671,1.28746,1.28767,2.10,2.25
2012.10.16 12:55:05.850,1.28744,1.28766,2.25,1.32
2012.10.16 12:55:07.420,1.28744,1.28764,1.50,1.50
2012.10.16 12:55:07.601,1.2874,1.28759,1.50,1.32
2012.10.16 12:55:08.141,1.28742,1.28759,1.50,1.32
2012.10.16 12:55:08.201,1.28742,1.28763,1.50,1.32
2012.10.16 12:55:08.261,1.28743,1.28766,1.50,2.37
2012.10.16 12:55:09.903,1.28743,1.28765,1.73,1.50
2012.10.16 12:55:10.220,1.2874,1.2876,2.25,2.07
2012.10.16 12:55:11.113,1.28742,1.2876,1.50,1.32
2012.10.16 12:55:11.300,1.28742,1.28763,2.82,1.32
2012.10.16 12:55:11.650,1.28745,1.28766,1.50,2.25
2012.10.16 12:55:14.039,1.28745,1.28766,1.50,2.25
2012.10.16 12:55:16.402,1.28749,1.28767,1.50,2.82
2012.10.16 12:55:16.473,1.28749,1.28767,1.50,1.32
2012.10.16 12:55:16.541,1.2875,1.28771,1.50,1.62
2012.10.16 12:55:17.079,1.2875,1.28772,2.25,1.32
2012.10.16 12:55:17.641,1.28752,1.28772,2.25,1.32
2012.10.16 12:55:18.213,1.28752,1.2877,1.50,1.32
2012.10.16 12:55:18.522,1.2875,1.28765,1.50,1.32
2012.10.16 12:55:19.208,1.28748,1.28771,2.29,2.82
2012.10.16 12:55:19.755,1.28748,1.28769,1.32,1.50
2012.10.16 12:55:20.931,1.28745,1.28768,1.54,1.32
2012.10.16 12:55:26.143,1.28746,1.28769,2.07,2.33
2012.10.16 12:55:26.460,1.28749,1.2877,1.50,2.33
2012.10.16 12:55:26.972,1.2875,1.2877,1.13,1.58
2012.10.16 12:55:27.522,1.28746,1.28767,1.50,1.50
2012.10.16 12:55:27.712,1.28745,1.28767,1.32,1.50
2012.10.16 12:55:27.981,1.28745,1.28765,1.32,1.50
2012.10.16 12:55:28.342,1.28744,1.28765,1.50,2.10
2012.10.16 12:55:28.401,1.28743,1.28762,1.50,1.50
2012.10.16 12:55:28.581,1.28744,1.28766,1.32,1.78
2012.10.16 12:55:28.871,1.28743,1.28764,2.25,1.32
2012.10.16 12:55:29.050,1.28737,1.2876,1.32,1.50
2012.10.16 12:55:29.621,1.28735,1.28758,2.63,1.50
2012.10.16 12:55:30.020,1.28732,1.2875,1.32,1.50
2012.10.16 12:55:30.402,1.28729,1.28744,1.32,1.50
2012.10.16 12:55:30.671,1.28729,1.28748,1.13,1.50
2012.10.16 12:55:31.371,1.28726,1.28746,3.23,2.10
2012.10.16 12:55:31.572,1.28721,1.28741,1.73,1.50
2012.10.16 12:55:31.643,1.28718,1.2874,1.50,1.50
2012.10.16 12:55:32.711,1.28719,1.28741,1.73,1.50
2012.10.16 12:55:32.832,1.28723,1.28742,1.32,1.50
2012.10.16 12:55:32.963,1.28726,1.28746,1.50,2.33
2012.10.16 12:55:33.151,1.28726,1.28746,3.00,1.50
2012.10.16 12:55:33.453,1.28729,1.28746,1.50,1.32
2012.10.16 12:55:34.082,1.28726,1.28748,2.25,2.07
2012.10.16 12:55:34.821,1.28727,1.28746,1.50,1.50
2012.10.16 12:55:34.880,1.28726,1.28746,2.25,1.50
2012.10.16 12:55:35.189,1.28728,1.28748,1.50,1.92
2012.10.16 12:55:35.782,1.28731,1.28748,1.50,1.35
2012.10.16 12:55:35.973,1.28729,1.28748,1.88,1.35
2012.10.16 12:55:36.042,1.28727,1.28748,1.13,1.35
2012.10.16 12:55:36.175,1.28725,1.28747,1.32,1.50
2012.10.16 12:55:36.361,1.28721,1.28742,1.50,1.50
2012.10.16 12:55:36.552,1.2872,1.28742,2.18,1.50
2012.10.16 12:55:36.947,1.28718,1.28741,1.32,1.50
2012.10.16 12:55:37.567,1.28719,1.28741,1.32,1.50
2012.10.16 12:55:37.691,1.2872,1.28741,2.25,1.50
2012.10.16 12:55:37.931,1.28721,1.28742,3.00,1.50
2012.10.16 12:55:38.170,1.28727,1.28748,1.50,3.00
2012.10.16 12:55:38.654,1.28727,1.28747,1.50,1.35
2012.10.16 12:55:38.781,1.28721,1.28743,2.29,1.50
2012.10.16 12:55:38.841,1.2872,1.28743,3.00,1.50
2012.10.16 12:55:39.298,1.28719,1.28741,1.32,1.50
2012.10.16 12:55:40.204,1.28726,1.28742,1.32,1.50
2012.10.16 12:55:40.272,1.28726,1.28743,1.32,1.50
2012.10.16 12:55:40.821,1.28726,1.28744,1.32,1.50
2012.10.16 12:55:41.260,1.2872,1.28743,3.75,1.50
2012.10.16 12:55:41.381,1.28723,1.28742,1.50,1.50
2012.10.16 12:55:41.861,1.28728,1.28748,1.50,1.50
2012.10.16 12:55:42.101,1.28733,1.28755,1.32,1.58
2012.10.16 12:55:42.838,1.28733,1.28756,1.32,1.32
2012.10.16 12:55:43.364,1.28733,1.28756,1.32,1.32
2012.10.16 12:55:44.470,1.28735,1.28758,2.07,2.25
2012.10.16 12:55:45.081,1.28736,1.28758,1.50,1.50
2012.10.16 12:55:45.271,1.28737,1.2876,2.25,2.07
2012.10.16 12:55:45.332,1.28737,1.28759,1.50,1.50
2012.10.16 12:55:45.406,1.28736,1.28757,1.50,1.50
2012.10.16 12:55:45.951,1.28733,1.28754,1.50,1.50
2012.10.16 12:55:49.363,1.28737,1.28756,1.50,1.50
2012.10.16 12:55:49.673,1.28738,1.28758,2.07,1.50
2012.10.16 12:55:49.806,1.28738,1.28755,2.07,1.50
2012.10.16 12:55:50.871,1.28739,1.28757,1.32,1.50
2012.10.16 12:55:50.931,1.28739,1.28758,1.32,1.50
2012.10.16 12:55:55.751,1.28735,1.28756,1.50,1.50
2012.10.16 12:55:56.060,1.28733,1.28756,1.50,2.25
2012.10.16 12:56:01.451,1.28731,1.28749,2.82,1.50
2012.10.16 12:56:01.790,1.28733,1.28753,1.50,1.54
2012.10.16 12:56:01.850,1.28733,1.28754,1.50,1.50
2012.10.16 12:56:02.664,1.28733,1.28754,2.25,1.50
2012.10.16 12:56:07.678,1.28733,1.28754,2.82,1.50
2012.10.16 12:56:08.175,1.28737,1.28758,1.32,2.25
2012.10.16 12:56:11.494,1.28737,1.28758,1.32,1.50
2012.10.16 12:56:12.902,1.28736,1.28756,1.32,1.50
2012.10.16 12:56:13.211,1.28731,1.2875,2.74,1.50
2012.10.16 12:56:13.272,1.2873,1.2875,1.32,1.50
2012.10.16 12:56:18.330,1.28731,1.28753,1.32,2.85
2012.10.16 12:56:19.100,1.28731,1.28753,1.32,2.85
2012.10.16 12:56:19.234,1.2873,1.28749,1.50,1.50
2012.10.16 12:56:21.325,1.28728,1.28748,1.50,1.50
2012.10.16 12:56:21.510,1.28729,1.28751,1.50,2.25
2012.10.16 12:56:27.342,1.28727,1.28748,3.57,1.50
2012.10.16 12:56:28.387,1.28727,1.28748,1.32,1.50
2012.10.16 12:56:29.706,1.28729,1.28749,2.25,1.35
2012.10.16 12:56:29.770,1.28733,1.28754,1.32,2.48
2012.10.16 12:56:31.553,1.28733,1.28752,1.32,1.50
2012.10.16 12:56:31.681,1.28731,1.28749,1.50,1.50
2012.10.16 12:56:31.862,1.28728,1.28745,1.32,1.50
2012.10.16 12:56:32.170,1.28729,1.2875,1.32,1.50
2012.10.16 12:56:32.232,1.28734,1.28752,1.32,3.23
2012.10.16 12:56:32.591,1.28734,1.28754,1.32,1.50
2012.10.16 12:56:33.221,1.28734,1.28754,1.32,1.50
2012.10.16 12:56:35.560,1.28739,1.28758,1.32,1.50
2012.10.16 12:56:35.681,1.28737,1.28757,1.32,2.25
2012.10.16 12:56:35.743,1.28734,1.28757,1.73,2.82
2012.10.16 12:56:35.812,1.28733,1.28756,1.50,1.73
2012.10.16 12:56:37.011,1.28734,1.28756,1.50,1.73
2012.10.16 12:56:37.511,1.28739,1.28758,1.32,1.50
2012.10.16 12:56:38.040,1.28734,1.28755,3.00,2.25
2012.10.16 12:56:38.104,1.28733,1.28755,2.07,3.00
2012.10.16 12:56:38.171,1.28732,1.28749,1.50,1.32
2012.10.16 12:56:38.412,1.28731,1.28749,1.50,2.07
2012.10.16 12:56:38.480,1.28729,1.28748,1.50,1.50
2012.10.16 12:56:38.540,1.28727,1.28747,3.00,1.50
2012.10.16 12:56:38.660,1.28728,1.28749,2.25,1.32
2012.10.16 12:56:38.720,1.28727,1.28747,1.50,1.50
2012.10.16 12:56:39.108,1.28728,1.28749,1.50,2.07
2012.10.16 12:56:39.292,1.28731,1.28749,1.32,1.50
2012.10.16 12:56:40.142,1.28732,1.28751,1.32,1.50
2012.10.16 12:56:40.272,1.28738,1.28755,1.32,2.25
2012.10.16 12:56:42.284,1.28741,1.28759,1.32,1.50
2012.10.16 12:56:42.358,1.28741,1.2876,1.32,1.50
2012.10.16 12:56:42.498,1.28741,1.28759,1.32,1.50
2012.10.16 12:56:43.631,1.28738,1.28758,1.32,2.25
2012.10.16 12:56:43.690,1.28737,1.28756,1.32,1.50
2012.10.16 12:56:49.360,1.28737,1.28758,1.32,2.25
2012.10.16 12:56:51.250,1.28736,1.28758,1.32,2.25
2012.10.16 12:56:52.392,1.28737,1.28758,1.50,1.50
2012.10.16 12:56:52.702,1.28737,1.28756,1.50,1.88
2012.10.16 12:56:52.771,1.28732,1.28754,1.50,1.32
2012.10.16 12:56:53.012,1.28735,1.28757,1.50,1.13
2012.10.16 12:56:54.193,1.28735,1.28754,1.50,1.32
2012.10.16 12:56:54.681,1.28734,1.28753,1.50,1.32
2012.10.16 12:56:54.801,1.28731,1.28752,2.25,2.07
2012.10.16 12:56:54.980,1.28731,1.28752,2.25,3.04
2012.10.16 12:56:55.651,1.28731,1.2875,1.50,1.50
2012.10.16 12:56:56.731,1.2873,1.2875,1.50,2.25
2012.10.16 12:56:57.512,1.28729,1.28749,2.07,1.50
2012.10.16 12:56:57.581,1.28729,1.28748,1.32,1.50
2012.10.16 12:56:58.083,1.28728,1.28748,1.32,1.50
2012.10.16 12:56:59.390,1.28726,1.28746,2.07,1.32
2012.10.16 12:56:59.450,1.28723,1.28745,1.73,1.50
2012.10.16 12:56:59.632,1.28722,1.28741,1.50,1.50
2012.10.16 12:56:59.761,1.2872,1.28739,1.50,1.50
2012.10.16 12:57:00.190,1.28721,1.28741,1.32,1.73
2012.10.16 12:57:00.310,1.28722,1.28743,1.32,2.89
2012.10.16 12:57:00.430,1.2872,1.28739,2.25,1.32
2012.10.16 12:57:02.996,1.28719,1.28739,1.50,1.54
2012.10.16 12:57:04.523,1.28719,1.28739,1.50,1.54
2012.10.16 12:57:05.902,1.28719,1.28738,1.50,1.73
2012.10.16 12:57:06.212,1.28713,1.28732,1.50,2.29
2012.10.16 12:57:06.284,1.28714,1.28733,1.50,1.32
2012.10.16 12:57:06.471,1.28712,1.28732,1.88,1.50
2012.10.16 12:57:06.591,1.2871,1.28732,2.25,1.73
2012.10.16 12:57:08.621,1.2871,1.28731,1.50,1.54
2012.10.16 12:57:08.802,1.28706,1.28726,3.00,1.54
2012.10.16 12:57:08.930,1.28708,1.28729,1.50,2.85
2012.10.16 12:57:09.111,1.28708,1.28729,2.07,1.32
2012.10.16 12:57:09.171,1.28708,1.28731,2.07,1.80
2012.10.16 12:57:09.291,1.28715,1.28733,1.32,1.05
2012.10.16 12:57:09.352,1.28715,1.28734,1.32,2.33
2012.10.16 12:57:11.700,1.28714,1.28733,1.32,1.50
2012.10.16 12:57:11.900,1.28714,1.28733,1.32,1.50
2012.10.16 12:57:12.201,1.28718,1.28736,1.32,1.50
2012.10.16 12:57:12.568,1.2872,1.28739,1.50,2.25
2012.10.16 12:57:12.631,1.2872,1.28739,1.50,1.50
2012.10.16 12:57:17.580,1.28721,1.28739,1.32,1.50
2012.10.16 12:57:17.984,1.28719,1.28737,1.32,1.32
2012.10.16 12:57:18.111,1.28716,1.28737,3.00,2.29
2012.10.16 12:57:18.821,1.28716,1.28736,2.25,1.50
2012.10.16 12:57:18.882,1.28715,1.28731,1.13,1.50
2012.10.16 12:57:19.001,1.28715,1.28735,1.13,2.25
2012.10.16 12:57:19.122,1.28715,1.2873,1.13,1.50
2012.10.16 12:57:19.371,1.28714,1.28732,2.10,1.32
2012.10.16 12:57:19.881,1.28715,1.28735,1.50,1.50
2012.10.16 12:57:20.753,1.28715,1.28736,2.63,1.50
2012.10.16 12:57:20.885,1.28718,1.28738,1.32,2.48
2012.10.16 12:57:22.921,1.28717,1.28738,1.50,3.04
2012.10.16 12:57:24.474,1.28716,1.28738,2.25,2.82
2012.10.16 12:57:25.752,1.28716,1.28738,1.50,2.07
2012.10.16 12:57:25.933,1.28714,1.28727,1.50,1.35
2012.10.16 12:57:26.361,1.28703,1.28721,2.25,1.54
2012.10.16 12:57:26.421,1.28705,1.28722,1.50,1.73
2012.10.16 12:57:26.481,1.28707,1.28727,1.50,2.37
2012.10.16 12:57:26.600,1.28707,1.28727,1.50,2.37
2012.10.16 12:57:28.662,1.28709,1.28727,1.50,1.54
2012.10.16 12:57:28.910,1.28709,1.2873,2.07,3.00
2012.10.16 12:57:29.172,1.28709,1.2873,2.07,3.00
2012.10.16 12:57:29.412,1.28715,1.28737,2.82,1.58
2012.10.16 12:57:29.782,1.28717,1.28738,1.50,1.50
2012.10.16 12:57:29.912,1.28719,1.28739,1.50,1.58
2012.10.16 12:57:31.641,1.28721,1.2874,1.32,1.73
2012.10.16 12:57:32.181,1.28719,1.2874,1.50,2.29
2012.10.16 12:57:32.986,1.28716,1.28738,3.00,1.50
2012.10.16 12:57:33.113,1.28716,1.28736,2.25,1.50
2012.10.16 12:57:33.181,1.28716,1.28736,2.25,1.50
2012.10.16 12:57:34.952,1.28717,1.28738,1.50,1.50
2012.10.16 12:57:35.021,1.28717,1.2874,1.50,3.04
2012.10.16 12:57:35.200,1.28716,1.2874,1.50,3.79
2012.10.16 12:57:35.452,1.28716,1.28739,2.25,1.73
2012.10.16 12:57:35.511,1.28716,1.2874,2.25,2.29
2012.10.16 12:57:35.752,1.28716,1.2874,1.50,2.29
2012.10.16 12:57:36.263,1.28715,1.28735,1.32,1.73
2012.10.16 12:57:36.333,1.28714,1.28735,1.32,1.73
2012.10.16 12:57:36.461,1.28712,1.28733,1.13,1.50
2012.10.16 12:57:36.581,1.28711,1.28729,1.32,2.29
2012.10.16 12:57:36.643,1.28711,1.28729,1.50,1.54
2012.10.16 12:57:36.783,1.28711,1.2873,1.50,1.54
2012.10.16 12:57:36.983,1.28713,1.28735,1.50,2.37
2012.10.16 12:57:37.170,1.28718,1.28736,1.32,2.33
2012.10.16 12:57:37.703,1.28715,1.28736,1.32,2.25
2012.10.16 12:57:38.392,1.28715,1.28735,1.13,3.00
2012.10.16 12:57:38.580,1.2871,1.28732,1.32,2.25
2012.10.16 12:57:38.640,1.28711,1.28732,1.50,2.25
2012.10.16 12:57:38.881,1.2871,1.28732,1.32,2.25
2012.10.16 12:57:39.063,1.28706,1.28725,1.73,1.50
2012.10.16 12:57:39.253,1.28705,1.28725,2.25,1.50
2012.10.16 12:57:39.382,1.28706,1.28728,1.50,1.50
2012.10.16 12:57:39.690,1.2871,1.28733,1.32,3.75
2012.10.16 12:57:39.750,1.2871,1.28733,2.07,3.00
2012.10.16 12:57:41.375,1.2871,1.28732,1.32,2.25
2012.10.16 12:57:41.692,1.28707,1.2873,2.25,1.32
2012.10.16 12:57:41.762,1.28707,1.28728,1.50,1.32
2012.10.16 12:57:42.680,1.28705,1.28723,3.00,1.32
2012.10.16 12:57:43.213,1.28705,1.28723,1.50,1.54
2012.10.16 12:57:47.671,1.28705,1.28718,1.50,1.50
2012.10.16 12:57:47.971,1.28702,1.28715,1.13,1.54
2012.10.16 12:57:48.161,1.28697,1.28717,2.07,1.32
2012.10.16 12:57:48.221,1.28696,1.28717,2.07,1.50
2012.10.16 12:57:48.281,1.28694,1.28715,3.57,1.54
2012.10.16 12:57:48.640,1.28694,1.28713,1.50,1.73
2012.10.16 12:57:55.031,1.28694,1.28715,2.25,1.54
2012.10.16 12:57:55.583,1.28694,1.28715,3.00,1.32
2012.10.16 12:57:56.426,1.28694,1.28717,3.00,3.04
2012.10.16 12:57:57.390,1.28694,1.28717,3.00,3.04
2012.10.16 12:57:57.977,1.28693,1.28713,2.25,1.50
2012.10.16 12:57:59.137,1.28698,1.28719,2.07,1.50
2012.10.16 12:57:59.713,1.28698,1.28719,2.07,1.50
2012.10.16 12:58:00.024,1.28705,1.28719,1.32,1.50
2012.10.16 12:58:00.152,1.28705,1.28724,2.07,1.80
2012.10.16 12:58:00.282,1.28705,1.28727,2.07,1.78
2012.10.16 12:58:00.466,1.28705,1.28727,2.07,2.25
2012.10.16 12:58:00.534,1.28706,1.28727,1.50,1.50
2012.10.16 12:58:01.116,1.28709,1.28728,1.50,1.88
2012.10.16 12:58:01.533,1.28705,1.28728,2.07,2.70
2012.10.16 12:58:02.082,1.28704,1.28726,2.07,1.50
2012.10.16 12:58:10.081,1.28705,1.28725,1.32,1.50
2012.10.16 12:58:14.571,1.28704,1.28725,2.07,1.50
2012.10.16 12:58:15.272,1.28704,1.28725,2.07,1.50
2012.10.16 12:58:15.392,1.28708,1.28728,2.07,1.58
2012.10.16 12:58:15.901,1.28704,1.28723,2.25,1.32
2012.10.16 12:58:16.520,1.28704,1.28726,1.50,1.32
2012.10.16 12:58:17.204,1.28705,1.28726,1.50,2.07
2012.10.16 12:58:22.821,1.28705,1.28727,1.50,2.82
2012.10.16 12:58:22.880,1.28705,1.28727,1.50,2.82
2012.10.16 12:58:24.113,1.28706,1.28727,1.32,2.25
2012.10.16 12:58:25.002,1.28706,1.28726,1.32,1.50
2012.10.16 12:58:25.312,1.287,1.28718,2.25,1.50
2012.10.16 12:58:25.551,1.28701,1.28719,1.50,1.50
2012.10.16 12:58:25.910,1.28703,1.28721,1.50,1.50
2012.10.16 12:58:25.971,1.28703,1.28722,2.25,1.32
2012.10.16 12:58:26.215,1.28702,1.28721,1.50,2.82
2012.10.16 12:58:26.774,1.287,1.28721,1.73,2.07
2012.10.16 12:58:27.331,1.287,1.28721,1.73,1.32
2012.10.16 12:58:27.852,1.28702,1.28724,3.04,2.25
2012.10.16 12:58:30.101,1.28703,1.28725,1.32,2.25
2012.10.16 12:58:30.834,1.28705,1.28726,1.50,2.07
2012.10.16 12:58:31.271,1.28705,1.28726,1.32,1.50
2012.10.16 12:58:31.510,1.287,1.2872,4.54,2.25
2012.10.16 12:58:31.690,1.287,1.2872,1.50,2.25
2012.10.16 12:58:32.091,1.287,1.28722,2.25,2.89
2012.10.16 12:58:32.451,1.28705,1.28727,2.07,3.12
2012.10.16 12:58:33.080,1.28705,1.28727,2.07,2.25
2012.10.16 12:58:37.212,1.28705,1.28727,1.32,1.50
2012.10.16 12:58:38.058,1.28705,1.28726,1.32,1.50
2012.10.16 12:58:38.301,1.28703,1.28724,2.07,1.50
2012.10.16 12:58:38.970,1.28703,1.28725,2.82,1.50
2012.10.16 12:58:39.030,1.28704,1.28726,1.50,2.07
2012.10.16 12:58:46.215,1.28706,1.28729,1.32,2.89
2012.10.16 12:58:46.965,1.28707,1.28729,1.50,2.14
2012.10.16 12:58:47.218,1.28707,1.28729,1.50,1.32
2012.10.16 12:58:49.811,1.28709,1.2873,1.32,2.33
2012.10.16 12:58:50.349,1.28712,1.28732,1.32,1.50
2012.10.16 12:58:50.906,1.28707,1.28729,2.25,1.32
2012.10.16 12:58:53.710,1.28711,1.2873,1.32,1.73
2012.10.16 12:58:53.951,1.28713,1.28733,1.50,1.58
2012.10.16 12:58:54.366,1.28713,1.28733,1.50,1.73
2012.10.16 12:58:54.551,1.28708,1.28729,1.32,1.50
2012.10.16 12:58:55.156,1.28708,1.2873,1.50,1.32
2012.10.16 12:58:55.370,1.28709,1.2873,1.88,1.54
2012.10.16 12:58:55.920,1.28708,1.2873,1.88,1.32
2012.10.16 12:58:56.102,1.28712,1.28732,1.50,1.52
2012.10.16 12:58:56.231,1.28708,1.28731,2.44,3.02
2012.10.16 12:58:57.250,1.28715,1.28733,1.32,3.50
2012.10.16 12:58:57.596,1.28715,1.28734,1.32,1.50
2012.10.16 12:58:58.451,1.28712,1.28731,1.88,2.25
2012.10.16 12:58:58.572,1.28711,1.28731,1.32,2.82
2012.10.16 12:58:58.640,1.28709,1.28731,1.50,2.82
2012.10.16 12:58:59.282,1.28708,1.28731,2.07,2.82
2012.10.16 12:59:00.342,1.28708,1.2873,1.50,1.32
2012.10.16 12:59:00.521,1.28705,1.28724,2.48,1.50
2012.10.16 12:59:02.421,1.28707,1.28727,1.32,1.50
2012.10.16 12:59:02.572,1.28707,1.2873,2.82,1.58
2012.10.16 12:59:02.633,1.2871,1.28731,1.50,2.33
2012.10.16 12:59:02.700,1.2871,1.28731,1.50,2.33
2012.10.16 12:59:06.711,1.28715,1.28731,1.32,1.50
2012.10.16 12:59:07.213,1.28715,1.28733,1.32,3.00
2012.10.16 12:59:07.401,1.28707,1.28728,2.25,1.50
2012.10.16 12:59:07.461,1.28707,1.28726,1.50,1.50
2012.10.16 12:59:07.820,1.28705,1.28722,1.54,1.50
2012.10.16 12:59:07.880,1.28705,1.28727,2.29,1.50
2012.10.16 12:59:08.222,1.28705,1.28724,1.54,1.50
2012.10.16 12:59:08.297,1.28703,1.28721,1.50,1.50
2012.10.16 12:59:08.968,1.28702,1.28721,2.25,1.50
2012.10.16 12:59:10.625,1.28703,1.28722,2.25,1.32
2012.10.16 12:59:11.151,1.28703,1.28722,2.25,1.32
2012.10.16 12:59:13.731,1.28702,1.28723,1.50,2.07
2012.10.16 12:59:15.672,1.28702,1.28723,3.30,2.07
2012.10.16 12:59:15.981,1.28712,1.28726,1.54,1.32
2012.10.16 12:59:16.220,1.28712,1.28732,1.54,1.70
2012.10.16 12:59:17.131,1.28712,1.28732,1.54,1.50
2012.10.16 12:59:17.730,1.28711,1.28731,1.54,1.50
2012.10.16 12:59:17.931,1.28711,1.2873,1.54,1.50
2012.10.16 12:59:18.841,1.28712,1.2873,1.54,1.50
2012.10.16 12:59:19.662,1.28709,1.28727,1.35,1.50
2012.10.16 12:59:19.852,1.28705,1.28721,1.50,1.50
2012.10.16 12:59:20.031,1.28702,1.28721,1.50,1.50
2012.10.16 12:59:22.022,1.28702,1.2872,2.25,1.32
2012.10.16 12:59:22.091,1.28699,1.28718,1.50,1.50
2012.10.16 12:59:23.943,1.28698,1.28718,1.50,1.50
2012.10.16 12:59:24.012,1.28697,1.28717,1.32,1.50
2012.10.16 12:59:24.525,1.28694,1.28715,2.07,2.07
2012.10.16 12:59:24.592,1.28693,1.28713,2.07,1.50
2012.10.16 12:59:25.113,1.28693,1.28713,1.50,1.50
2012.10.16 12:59:26.431,1.28693,1.28713,2.07,1.50
2012.10.16 12:59:26.611,1.28694,1.28713,2.30,1.50
2012.10.16 12:59:33.253,1.28694,1.28712,2.99,2.48
2012.10.16 12:59:33.442,1.28694,1.28712,2.61,1.50
2012.10.16 12:59:33.515,1.28694,1.28712,2.61,2.25
2012.10.16 12:59:33.582,1.28693,1.28712,1.07,2.25
2012.10.16 12:59:34.190,1.28688,1.2871,1.26,1.50
2012.10.16 12:59:36.751,1.28692,1.28707,1.26,1.50
2012.10.16 12:59:37.061,1.28688,1.28704,1.26,1.50
2012.10.16 12:59:37.300,1.28687,1.28706,1.26,1.54
2012.10.16 12:59:37.539,1.28693,1.28711,1.26,1.05
2012.10.16 12:59:37.660,1.28693,1.28712,1.26,1.62
2012.10.16 12:59:38.560,1.28694,1.28715,1.01,2.33
2012.10.16 12:59:38.628,1.28694,1.28715,1.01,2.33
2012.10.16 12:59:39.136,1.28687,1.28705,1.65,1.32
2012.10.16 12:59:39.686,1.28688,1.28705,1.16,1.32
2012.10.16 12:59:40.397,1.28688,1.28709,1.91,1.54
2012.10.16 12:59:44.992,1.28688,1.28709,2.66,2.10
2012.10.16 12:59:45.116,1.28688,1.28709,1.16,3.60
2012.10.16 12:59:46.163,1.28688,1.28703,1.91,1.32
2012.10.16 12:59:46.250,1.28689,1.28708,2.47,1.73
2012.10.16 12:59:46.328,1.28693,1.28713,1.16,1.58
2012.10.16 12:59:46.973,1.28693,1.28713,1.16,1.50
2012.10.16 12:59:47.517,1.28693,1.28715,1.16,2.48
2012.10.16 12:59:48.667,1.28693,1.28714,1.16,1.54
2012.10.16 12:59:53.425,1.28693,1.28713,1.16,1.50
2012.10.16 12:59:53.967,1.28689,1.28708,1.16,1.73
2012.10.16 12:59:57.277,1.28691,1.28714,1.72,1.54
2012.10.16 12:59:57.347,1.28691,1.28714,1.72,1.54
2012.10.16 12:59:58.208,1.28689,1.28709,1.91,1.32
2012.10.16 12:59:58.817,1.28688,1.28709,1.53,1.54
2012.10.16 12:59:59.257,1.28692,1.28712,1.34,1.05
2012.10.16 12:59:59.773,1.28694,1.28715,1.33,1.39
2012.10.16 12:59:59.838,1.28693,1.28715,1.91,1.39
2012.10.16 12:59:59.908,1.28693,1.28715,1.91,1.32
2012.10.16 12:59:59.978,1.28694,1.28715,1.33,1.32
