2013.12.12 04:00:06.445,1.46081,1.46104,1.33,1.00
2013.12.12 04:00:06.597,1.46081,1.46106,1.77,1.00
2013.12.12 04:00:07.023,1.46081,1.46108,3.95,1.25
2013.12.12 04:00:16.138,1.46082,1.46107,3.44,1.00
2013.12.12 04:00:17.151,1.46083,1.46109,2.45,1.00
2013.12.12 04:00:17.827,1.46085,1.46112,3.55,1.47
2013.12.12 04:00:18.248,1.46086,1.46112,2.39,1.02
2013.12.12 04:00:18.898,1.46086,1.46111,2.14,1.00
2013.12.12 04:00:19.987,1.46086,1.46109,2.14,1.00
2013.12.12 04:00:21.231,1.46086,1.4611,2.39,1.00
2013.12.12 04:00:22.187,1.46086,1.46109,1.39,1.00
2013.12.12 04:00:23.288,1.46086,1.4611,1.39,1.00
2013.12.12 04:00:24.277,1.46086,1.46111,2.89,1.00
2013.12.12 04:00:25.007,1.46086,1.4611,2.14,1.00
2013.12.12 04:00:26.746,1.46086,1.46108,2.14,1.00
2013.12.12 04:00:27.627,1.46086,1.4611,2.39,1.00
2013.12.12 04:00:27.819,1.46086,1.4611,1.72,1.00
2013.12.12 04:00:27.870,1.46087,1.46115,1.57,1.15
2013.12.12 04:00:27.971,1.46088,1.46115,3.17,1.00
2013.12.12 04:00:31.705,1.46089,1.46115,1.00,1.77
2013.12.12 04:00:31.857,1.46087,1.46108,1.84,1.00
2013.12.12 04:00:35.122,1.46087,1.46108,1.25,1.00
2013.12.12 04:00:35.224,1.46082,1.46105,1.72,1.00
2013.12.12 04:00:35.487,1.46082,1.46107,1.47,1.00
2013.12.12 04:00:36.879,1.46081,1.46102,1.58,1.00
2013.12.12 04:00:36.980,1.46079,1.46104,1.72,1.10
2013.12.12 04:00:37.082,1.46079,1.46104,1.09,1.10
2013.12.12 04:00:37.183,1.46081,1.46109,3.12,1.20
2013.12.12 04:00:39.598,1.46081,1.46109,3.49,1.77
2013.12.12 04:00:39.699,1.4608,1.46104,2.22,1.00
2013.12.12 04:00:40.277,1.46081,1.46109,1.00,2.22
2013.12.12 04:00:40.477,1.46082,1.46109,2.42,1.65
2013.12.12 04:00:40.978,1.46084,1.46109,2.97,1.00
2013.12.12 04:00:43.394,1.46084,1.46108,2.84,1.00
2013.12.12 04:00:43.524,1.46084,1.46108,1.58,1.00
2013.12.12 04:00:44.384,1.46085,1.46111,3.07,1.00
2013.12.12 04:00:44.555,1.46088,1.46111,2.82,1.00
2013.12.12 04:00:44.748,1.46088,1.46111,2.22,1.00
2013.12.12 04:01:04.998,1.46088,1.46111,4.39,1.00
2013.12.12 04:01:10.097,1.46088,1.46111,3.97,1.00
2013.12.12 04:01:29.014,1.46088,1.46111,2.14,1.00
2013.12.12 04:01:30.500,1.46088,1.46111,2.82,1.00
2013.12.12 04:01:31.432,1.46088,1.46111,3.57,1.00
2013.12.12 04:01:32.445,1.46088,1.46109,2.82,1.00
2013.12.12 04:01:32.836,1.46088,1.46109,5.35,1.00
2013.12.12 04:01:34.536,1.4609,1.46108,2.73,1.00
2013.12.12 04:01:45.426,1.4609,1.46107,2.73,1.00
2013.12.12 04:01:52.915,1.4609,1.46107,2.44,1.00
2013.12.12 04:01:59.725,1.4609,1.46109,1.58,1.00
2013.12.12 04:02:14.135,1.4609,1.4611,1.77,1.00
2013.12.12 04:02:24.806,1.46091,1.46118,2.12,1.47
2013.12.12 04:02:24.857,1.46091,1.46118,1.39,1.15
2013.12.12 04:02:25.091,1.46092,1.46118,2.12,1.47
2013.12.12 04:02:25.142,1.46092,1.46111,1.40,1.00
2013.12.12 04:02:25.294,1.46088,1.46111,2.22,1.00
2013.12.12 04:02:25.948,1.46088,1.46111,2.89,1.00
2013.12.12 04:02:32.418,1.46088,1.46111,1.72,1.00
2013.12.12 04:02:36.207,1.46088,1.46111,3.14,1.00
2013.12.12 04:02:36.728,1.46089,1.46112,2.47,1.00
2013.12.12 04:02:36.956,1.46089,1.46114,3.22,1.10
2013.12.12 04:02:37.007,1.46089,1.46114,3.89,1.00
2013.12.12 04:02:37.311,1.46092,1.46116,2.90,1.00
2013.12.12 04:02:37.632,1.46092,1.46113,1.57,1.00
2013.12.12 04:02:38.237,1.46092,1.46112,1.57,1.00
2013.12.12 04:02:44.975,1.46092,1.46112,1.47,1.00
2013.12.12 04:02:46.558,1.46092,1.46112,1.19,1.18
2013.12.12 04:02:50.248,1.46089,1.46112,1.64,1.18
2013.12.12 04:02:50.299,1.46089,1.46112,1.19,1.15
2013.12.12 04:02:50.400,1.46089,1.46112,1.00,2.25
2013.12.12 04:02:50.451,1.46082,1.46103,1.53,1.00
2013.12.12 04:02:50.502,1.46082,1.46103,2.25,1.00
2013.12.12 04:02:50.654,1.46082,1.46105,2.25,1.00
2013.12.12 04:02:50.843,1.46082,1.46105,1.15,1.00
2013.12.12 04:02:51.519,1.46082,1.46106,1.15,1.00
2013.12.12 04:02:53.221,1.46082,1.46104,1.15,1.00
2013.12.12 04:02:54.885,1.46082,1.46107,1.18,1.00
2013.12.12 04:02:54.937,1.46082,1.46107,1.18,1.00
2013.12.12 04:02:55.250,1.46083,1.46109,2.61,1.10
2013.12.12 04:02:58.499,1.46083,1.46109,1.65,1.15
2013.12.12 04:02:59.211,1.46083,1.46105,1.10,1.00
2013.12.12 04:02:59.590,1.46083,1.46099,1.00,1.00
2013.12.12 04:02:59.711,1.46082,1.46099,2.40,1.00
2013.12.12 04:03:00.200,1.46082,1.46104,1.08,1.00
2013.12.12 04:03:00.759,1.46082,1.46106,1.18,1.08
2013.12.12 04:03:00.813,1.46079,1.46101,1.83,1.00
2013.12.12 04:03:10.288,1.46083,1.46106,3.03,1.00
2013.12.12 04:03:10.339,1.46083,1.46106,4.96,1.00
2013.12.12 04:03:10.440,1.46087,1.46109,3.00,1.00
2013.12.12 04:03:10.913,1.46092,1.4611,3.05,1.00
2013.12.12 04:03:12.166,1.46092,1.46115,1.28,1.00
2013.12.12 04:03:12.267,1.46092,1.46117,4.20,1.00
2013.12.12 04:03:12.318,1.46092,1.46117,4.09,1.00
2013.12.12 04:03:12.427,1.46092,1.4611,1.39,1.00
2013.12.12 04:03:14.301,1.46092,1.4611,1.48,1.00
2013.12.12 04:03:14.808,1.46092,1.4611,1.38,1.00
2013.12.12 04:03:19.524,1.46092,1.46111,2.88,1.00
2013.12.12 04:03:20.086,1.46092,1.46117,3.63,1.15
2013.12.12 04:03:20.667,1.46092,1.46111,2.88,1.00
2013.12.12 04:03:21.183,1.46092,1.46116,1.38,1.15
2013.12.12 04:03:21.520,1.46092,1.4611,1.38,1.00
2013.12.12 04:03:21.776,1.46092,1.46118,1.38,1.15
2013.12.12 04:03:21.878,1.46092,1.46107,1.38,1.00
2013.12.12 04:03:24.834,1.46088,1.46107,1.94,1.08
2013.12.12 04:03:24.885,1.46088,1.46107,1.57,1.18
2013.12.12 04:03:25.037,1.46088,1.46103,1.57,1.00
2013.12.12 04:03:25.088,1.46088,1.46103,1.00,1.10
2013.12.12 04:03:25.192,1.46084,1.46103,1.50,1.15
2013.12.12 04:03:25.244,1.46082,1.46103,1.13,1.15
2013.12.12 04:03:33.090,1.46082,1.46103,2.13,1.15
2013.12.12 04:03:33.341,1.46082,1.46103,2.13,1.20
2013.12.12 04:03:33.857,1.46082,1.46103,2.20,1.00
2013.12.12 04:03:34.923,1.46082,1.46104,2.20,1.00
2013.12.12 04:03:36.476,1.46082,1.46106,1.50,1.10
2013.12.12 04:03:37.169,1.46082,1.46106,1.58,1.00
2013.12.12 04:03:39.654,1.46082,1.46104,1.65,1.00
2013.12.12 04:03:49.677,1.46082,1.46106,2.31,1.00
2013.12.12 04:03:53.077,1.46082,1.46107,2.28,1.10
2013.12.12 04:03:53.230,1.46083,1.46107,2.58,1.00
2013.12.12 04:03:53.550,1.46088,1.46111,2.68,1.00
2013.12.12 04:03:54.781,1.46091,1.4611,2.68,1.00
2013.12.12 04:03:55.341,1.46089,1.46111,1.09,1.00
2013.12.12 04:03:55.652,1.46089,1.46109,1.09,1.00
2013.12.12 04:03:56.231,1.46088,1.46109,1.53,1.00
2013.12.12 04:03:56.942,1.46088,1.4611,1.53,1.00
2013.12.12 04:03:57.262,1.46088,1.46107,1.09,1.00
2013.12.12 04:03:57.565,1.46088,1.46099,1.02,1.00
2013.12.12 04:03:57.818,1.46087,1.46107,1.94,1.10
2013.12.12 04:03:57.977,1.46086,1.46108,1.94,2.33
2013.12.12 04:03:58.082,1.46086,1.46111,1.02,1.18
2013.12.12 04:03:58.920,1.46086,1.46111,1.02,1.10
2013.12.12 04:04:01.765,1.4609,1.46114,3.15,1.08
2013.12.12 04:04:02.070,1.46094,1.46118,5.25,1.00
2013.12.12 04:04:02.480,1.46097,1.46118,4.50,1.00
2013.12.12 04:04:08.376,1.46098,1.46118,2.80,1.00
2013.12.12 04:04:12.517,1.46098,1.46118,5.07,1.00
2013.12.12 04:04:12.934,1.46098,1.46118,1.72,1.00
2013.12.12 04:04:13.036,1.46095,1.46118,2.07,1.00
2013.12.12 04:04:37.521,1.46091,1.46118,2.82,1.25
2013.12.12 04:04:37.622,1.46091,1.46118,1.39,1.33
2013.12.12 04:04:37.673,1.4609,1.46118,2.22,1.40
2013.12.12 04:04:37.724,1.4609,1.46114,2.22,1.08
2013.12.12 04:04:38.230,1.46086,1.46114,3.75,1.20
2013.12.12 04:04:41.222,1.46086,1.46114,3.19,1.20
2013.12.12 04:04:41.667,1.46086,1.46114,1.34,1.15
2013.12.12 04:04:42.109,1.46086,1.46112,1.34,1.15
2013.12.12 04:04:43.734,1.46083,1.46112,2.14,1.15
2013.12.12 04:04:44.388,1.46083,1.46112,1.72,1.15
2013.12.12 04:04:45.264,1.46082,1.46111,1.72,1.34
2013.12.12 04:04:46.048,1.46082,1.46111,2.14,1.34
2013.12.12 04:04:46.636,1.46082,1.46111,1.39,1.37
2013.12.12 04:04:53.197,1.46082,1.46111,1.39,1.34
2013.12.12 04:04:53.824,1.46081,1.46111,1.34,1.34
2013.12.12 04:05:14.075,1.4608,1.46111,2.52,1.84
2013.12.12 04:05:14.786,1.4608,1.46111,1.84,2.52
2013.12.12 04:05:14.954,1.4608,1.46111,1.09,2.89
2013.12.12 04:05:26.984,1.46079,1.46104,1.72,1.00
2013.12.12 04:05:32.133,1.46079,1.46106,2.22,1.10
2013.12.12 04:05:35.422,1.46079,1.46106,2.22,1.10
2013.12.12 04:05:35.675,1.46083,1.46111,4.40,1.02
2013.12.12 04:05:35.726,1.46084,1.46111,2.89,1.02
2013.12.12 04:05:37.684,1.46084,1.46111,4.32,1.33
2013.12.12 04:05:38.202,1.46084,1.46111,2.14,1.18
2013.12.12 04:05:40.381,1.46084,1.46111,1.39,1.27
2013.12.12 04:05:44.121,1.46084,1.4611,1.57,1.15
2013.12.12 04:05:44.648,1.46084,1.4611,1.57,1.15
2013.12.12 04:05:47.159,1.46084,1.4611,1.57,1.10
2013.12.12 04:05:51.819,1.46084,1.46111,1.74,1.10
2013.12.12 04:05:52.789,1.46085,1.46111,2.66,1.10
2013.12.12 04:06:04.813,1.46086,1.46111,1.57,1.15
2013.12.12 04:06:08.055,1.46086,1.46111,1.57,1.15
2013.12.12 04:06:08.577,1.46086,1.46111,1.57,1.18
2013.12.12 04:06:11.319,1.46086,1.46111,1.57,1.00
2013.12.12 04:06:20.442,1.46088,1.46111,3.53,1.00
2013.12.12 04:06:21.050,1.46091,1.46112,3.79,1.00
2013.12.12 04:06:49.908,1.46091,1.46112,2.44,1.00
2013.12.12 04:06:50.224,1.4609,1.46109,2.04,1.00
2013.12.12 04:06:50.377,1.46088,1.46109,1.94,1.18
2013.12.12 04:06:50.902,1.46085,1.46109,1.57,1.65
2013.12.12 04:06:59.183,1.46084,1.46108,2.25,1.15
2013.12.12 04:06:59.549,1.46083,1.46105,1.02,1.18
2013.12.12 04:07:00.082,1.46081,1.46104,1.09,1.15
2013.12.12 04:07:32.418,1.46082,1.46107,1.19,1.15
2013.12.12 04:07:32.539,1.46082,1.46107,1.19,1.10
2013.12.12 04:07:33.341,1.46082,1.46107,1.57,1.10
2013.12.12 04:07:34.033,1.46082,1.46107,1.57,1.65
2013.12.12 04:07:34.135,1.46082,1.46106,1.00,1.50
2013.12.12 04:07:34.236,1.46074,1.46104,2.03,1.83
2013.12.12 04:07:34.337,1.46078,1.46102,1.19,1.58
2013.12.12 04:07:34.490,1.46078,1.46099,1.19,1.20
2013.12.12 04:07:34.591,1.46073,1.46099,1.72,1.20
2013.12.12 04:07:34.692,1.46073,1.46099,1.57,1.15
2013.12.12 04:07:38.970,1.46073,1.46096,1.47,1.00
2013.12.12 04:07:44.648,1.46073,1.46096,1.39,1.08
2013.12.12 04:07:46.313,1.46074,1.46096,1.00,1.15
2013.12.12 04:07:46.777,1.46074,1.461,1.25,3.19
2013.12.12 04:08:00.489,1.46074,1.46098,1.00,1.15
2013.12.12 04:08:00.776,1.46074,1.46096,1.00,1.15
2013.12.12 04:08:00.952,1.46074,1.46096,1.00,1.15
2013.12.12 04:08:05.233,1.46074,1.46096,1.18,1.18
2013.12.12 04:08:05.335,1.46074,1.46096,1.00,1.18
2013.12.12 04:08:10.958,1.46074,1.46096,1.00,1.18
2013.12.12 04:08:12.449,1.46074,1.46096,1.00,1.10
2013.12.12 04:08:14.312,1.46074,1.46096,1.77,1.00
2013.12.12 04:08:14.413,1.46078,1.46099,2.79,1.00
2013.12.12 04:08:14.515,1.4608,1.46099,2.15,1.00
2013.12.12 04:08:14.616,1.4608,1.46101,3.88,1.00
2013.12.12 04:08:22.071,1.4608,1.46101,1.34,1.13
2013.12.12 04:08:25.281,1.46078,1.46101,3.19,1.00
2013.12.12 04:08:25.614,1.46084,1.46101,2.42,1.00
2013.12.12 04:08:25.918,1.46086,1.46101,2.39,1.00
2013.12.12 04:08:26.074,1.46086,1.46109,1.64,1.00
2013.12.12 04:08:26.326,1.46087,1.46113,1.19,1.18
2013.12.12 04:08:28.180,1.46087,1.46113,2.84,1.15
2013.12.12 04:08:29.149,1.46088,1.46114,2.53,1.10
2013.12.12 04:08:29.251,1.46089,1.46114,2.53,1.15
2013.12.12 04:08:29.756,1.46089,1.46114,1.25,1.15
2013.12.12 04:08:30.253,1.46089,1.46114,2.50,1.10
2013.12.12 04:08:30.354,1.4609,1.46116,1.57,1.20
2013.12.12 04:08:30.820,1.46093,1.4612,1.19,1.15
2013.12.12 04:08:32.300,1.46093,1.46121,1.57,1.65
2013.12.12 04:08:36.282,1.46093,1.4612,1.29,1.15
2013.12.12 04:08:36.966,1.46093,1.46118,1.19,1.08
2013.12.12 04:08:53.480,1.46093,1.46119,1.57,1.15
2013.12.12 04:08:53.582,1.46093,1.4612,1.67,1.65
2013.12.12 04:08:55.117,1.46093,1.46118,1.10,1.10
2013.12.12 04:08:55.218,1.46093,1.46118,1.00,1.15
2013.12.12 04:08:58.080,1.46093,1.46117,1.00,1.18
2013.12.12 04:09:00.790,1.46093,1.46117,1.00,1.10
2013.12.12 04:09:01.820,1.4609,1.46112,2.07,1.00
2013.12.12 04:09:01.973,1.46089,1.46112,1.15,1.00
2013.12.12 04:09:02.024,1.46089,1.46112,1.15,1.00
2013.12.12 04:09:02.759,1.46088,1.46111,1.28,1.00
2013.12.12 04:09:03.819,1.46088,1.46111,1.28,1.08
2013.12.12 04:09:03.870,1.46088,1.46111,1.28,1.15
2013.12.12 04:09:04.846,1.46088,1.46111,1.28,1.00
2013.12.12 04:09:05.941,1.46088,1.46111,1.28,1.00
2013.12.12 04:09:06.093,1.46088,1.46114,2.31,1.10
2013.12.12 04:09:06.447,1.46088,1.46112,1.15,1.00
2013.12.12 04:09:06.497,1.46088,1.46112,1.18,1.00
2013.12.12 04:09:06.868,1.46087,1.4611,2.03,1.00
2013.12.12 04:09:09.148,1.46087,1.46111,1.28,1.00
2013.12.12 04:09:10.059,1.46086,1.46111,2.22,1.10
2013.12.12 04:09:10.387,1.46084,1.46105,1.72,1.00
2013.12.12 04:09:10.655,1.46082,1.46105,1.15,1.00
2013.12.12 04:09:10.908,1.46082,1.46105,1.72,1.00
2013.12.12 04:09:11.325,1.46083,1.46112,3.88,1.15
2013.12.12 04:09:13.951,1.46083,1.46111,1.10,1.77
2013.12.12 04:09:14.804,1.46084,1.46109,2.90,1.18
2013.12.12 04:09:15.120,1.46087,1.46112,1.57,1.15
2013.12.12 04:09:16.583,1.46087,1.46112,1.57,1.58
2013.12.12 04:09:19.157,1.46087,1.46112,1.00,1.58
2013.12.12 04:09:19.309,1.46087,1.4611,1.19,1.15
2013.12.12 04:09:19.632,1.46084,1.46104,1.00,1.00
2013.12.12 04:09:19.752,1.46079,1.46104,2.14,1.18
2013.12.12 04:09:20.087,1.46083,1.46109,1.25,1.58
2013.12.12 04:09:20.679,1.46083,1.46109,1.25,1.15
2013.12.12 04:09:20.730,1.46083,1.46109,1.25,1.15
2013.12.12 04:09:21.160,1.46083,1.46109,3.28,1.00
2013.12.12 04:09:21.312,1.46088,1.46114,1.00,1.15
2013.12.12 04:09:21.363,1.46088,1.46114,1.00,1.15
2013.12.12 04:09:21.465,1.46088,1.46114,1.00,1.15
2013.12.12 04:09:21.616,1.46088,1.4611,1.08,1.10
2013.12.12 04:09:47.789,1.46085,1.46107,2.14,1.00
2013.12.12 04:09:47.891,1.46083,1.46107,3.08,1.00
2013.12.12 04:09:47.992,1.46083,1.46107,1.38,1.15
2013.12.12 04:09:48.508,1.46083,1.46105,1.38,1.00
2013.12.12 04:09:49.075,1.46082,1.46105,1.63,1.08
2013.12.12 04:09:55.158,1.46081,1.46104,1.19,1.15
2013.12.12 04:09:55.209,1.46081,1.46104,1.19,1.83
2013.12.12 04:09:55.412,1.46072,1.46095,2.78,1.00
2013.12.12 04:09:55.513,1.46072,1.46095,1.20,1.00
2013.12.12 04:09:55.665,1.46072,1.46097,1.20,1.10
2013.12.12 04:09:59.667,1.46072,1.46097,2.20,1.10
2013.12.12 04:10:02.642,1.46072,1.46097,2.39,1.10
2013.12.12 04:10:03.599,1.46073,1.46098,2.77,1.08
2013.12.12 04:10:03.906,1.46078,1.46102,1.00,1.15
2013.12.12 04:10:04.385,1.46078,1.46102,1.00,1.58
2013.12.12 04:10:04.728,1.46078,1.46102,1.00,1.58
2013.12.12 04:10:07.258,1.46078,1.46102,1.00,1.58
2013.12.12 04:10:07.918,1.46078,1.46102,1.00,1.58
2013.12.12 04:10:12.599,1.46078,1.46102,1.00,1.15
2013.12.12 04:10:12.877,1.46077,1.46097,1.00,1.00
2013.12.12 04:10:13.536,1.46076,1.46097,1.00,1.00
2013.12.12 04:10:15.005,1.46075,1.46097,1.13,1.00
2013.12.12 04:10:28.892,1.46074,1.46099,1.50,1.15
2013.12.12 04:10:34.385,1.46074,1.461,1.00,1.65
2013.12.12 04:10:41.088,1.46074,1.46099,1.00,1.15
2013.12.12 04:10:50.396,1.46074,1.461,1.00,2.33
2013.12.12 04:10:50.721,1.46074,1.46097,1.00,1.58
2013.12.12 04:10:50.998,1.46074,1.46097,1.00,1.18
2013.12.12 04:10:51.251,1.46074,1.461,1.00,1.65
2013.12.12 04:10:51.353,1.46078,1.46102,1.00,1.34
2013.12.12 04:10:51.657,1.46078,1.46103,3.44,1.58
2013.12.12 04:10:52.188,1.46078,1.46103,2.32,1.15
2013.12.12 04:10:52.824,1.46078,1.46103,2.32,1.15
2013.12.12 04:10:54.222,1.46078,1.46103,2.32,2.33
2013.12.12 04:10:54.475,1.46077,1.46099,1.00,1.15
2013.12.12 04:10:55.087,1.46077,1.46099,1.00,1.15
2013.12.12 04:10:55.846,1.46077,1.46099,1.00,1.15
2013.12.12 04:10:58.158,1.46076,1.46099,1.25,1.15
2013.12.12 04:11:02.218,1.46076,1.46099,1.25,1.58
2013.12.12 04:11:22.915,1.46076,1.46099,1.25,2.25
2013.12.12 04:11:23.449,1.46076,1.46098,1.25,1.50
2013.12.12 04:11:29.748,1.46076,1.46098,1.00,2.25
2013.12.12 04:11:30.327,1.46076,1.46098,1.19,1.83
2013.12.12 04:11:30.378,1.46076,1.46099,2.32,1.58
2013.12.12 04:11:30.581,1.46079,1.46103,2.32,1.15
2013.12.12 04:11:30.682,1.46079,1.46104,2.69,1.15
2013.12.12 04:11:33.937,1.4608,1.46104,2.32,1.15
2013.12.12 04:11:34.446,1.4608,1.46104,2.32,1.18
2013.12.12 04:11:38.684,1.46081,1.46104,2.32,1.15
2013.12.12 04:11:42.166,1.46081,1.46104,2.32,1.15
2013.12.12 04:11:51.729,1.46081,1.46107,1.19,1.83
2013.12.12 04:11:52.672,1.46081,1.46107,1.19,1.15
2013.12.12 04:12:03.577,1.46081,1.46108,1.57,1.15
2013.12.12 04:12:03.780,1.46082,1.46109,2.38,1.15
2013.12.12 04:12:03.982,1.46082,1.46108,1.25,1.50
2013.12.12 04:12:23.919,1.46082,1.46106,2.07,2.33
2013.12.12 04:12:24.434,1.46082,1.46106,1.19,1.58
2013.12.12 04:12:44.996,1.46082,1.46106,1.19,1.15
2013.12.12 04:12:45.901,1.46082,1.46106,1.19,1.10
2013.12.12 04:12:46.002,1.46084,1.46109,1.00,1.15
2013.12.12 04:12:46.326,1.46084,1.46111,2.32,3.83
2013.12.12 04:12:46.966,1.46084,1.46108,2.32,1.15
2013.12.12 04:12:47.346,1.46082,1.46107,1.57,1.15
2013.12.12 04:12:49.728,1.46081,1.46106,1.57,1.15
2013.12.12 04:12:52.803,1.46081,1.46107,1.63,1.50
2013.12.12 04:12:53.448,1.4608,1.46105,1.47,1.18
2013.12.12 04:12:56.481,1.4608,1.46108,1.63,2.33
2013.12.12 04:12:56.532,1.4608,1.46108,1.63,3.00
2013.12.12 04:12:58.235,1.4608,1.46108,1.13,1.58
2013.12.12 04:12:59.116,1.46082,1.46108,1.00,1.58
2013.12.12 04:13:04.819,1.46082,1.46108,1.19,1.15
2013.12.12 04:13:13.290,1.46082,1.46108,1.19,1.58
2013.12.12 04:13:13.627,1.46082,1.46108,1.29,1.15
2013.12.12 04:13:15.560,1.46082,1.46108,1.02,1.15
2013.12.12 04:13:15.778,1.46082,1.46109,1.40,1.15
2013.12.12 04:13:26.335,1.46082,1.4611,1.39,1.15
2013.12.12 04:13:33.762,1.46082,1.4611,1.29,1.15
2013.12.12 04:13:45.429,1.46082,1.46111,1.29,1.15
2013.12.12 04:13:52.254,1.46083,1.46112,1.00,1.15
2013.12.12 04:13:52.406,1.46085,1.46113,2.12,1.15
2013.12.12 04:13:52.457,1.46085,1.46113,2.89,1.18
2013.12.12 04:13:52.976,1.46088,1.46115,2.22,1.15
2013.12.12 04:13:55.649,1.46088,1.46115,1.25,1.15
2013.12.12 04:14:05.093,1.46088,1.46115,1.19,1.15
2013.12.12 04:14:05.655,1.46088,1.46113,1.19,1.58
2013.12.12 04:14:06.087,1.46088,1.46113,1.77,1.65
2013.12.12 04:14:06.550,1.46088,1.46113,1.69,2.33
2013.12.12 04:14:06.655,1.46088,1.46113,1.32,2.33
2013.12.12 04:14:09.800,1.46087,1.46112,1.57,2.25
2013.12.12 04:14:27.861,1.46087,1.46112,1.29,1.15
2013.12.12 04:14:28.782,1.46087,1.46112,1.00,1.15
2013.12.12 04:14:32.626,1.46087,1.46112,1.10,1.15
2013.12.12 04:14:34.555,1.46087,1.46108,1.34,1.00
2013.12.12 04:14:35.057,1.46087,1.46109,1.09,1.00
2013.12.12 04:14:37.885,1.46087,1.46109,1.40,1.00
2013.12.12 04:14:38.438,1.46087,1.4611,1.65,1.00
2013.12.12 04:14:38.984,1.46087,1.4611,2.22,1.00
2013.12.12 04:14:39.035,1.46089,1.46112,2.47,1.00
2013.12.12 04:14:39.758,1.46089,1.46111,1.72,1.00
2013.12.12 04:14:41.435,1.46089,1.46111,1.34,1.00
2013.12.12 04:14:42.068,1.46089,1.46112,1.40,1.00
2013.12.12 04:14:45.943,1.4609,1.46112,2.47,1.00
2013.12.12 04:14:46.175,1.4609,1.46114,2.47,1.20
2013.12.12 04:15:07.010,1.46091,1.46114,2.47,1.00
2013.12.12 04:15:13.799,1.46091,1.46112,2.22,1.00
2013.12.12 04:15:13.901,1.46091,1.46112,1.13,1.10
2013.12.12 04:15:14.012,1.46091,1.46112,1.13,1.08
2013.12.12 04:15:14.752,1.46088,1.46109,1.63,1.00
2013.12.12 04:15:19.385,1.46086,1.46106,1.15,1.00
2013.12.12 04:15:19.436,1.46085,1.46106,1.00,1.18
2013.12.12 04:15:19.638,1.46083,1.46106,1.25,1.18
2013.12.12 04:15:26.075,1.46083,1.46106,1.25,1.15
2013.12.12 04:15:31.323,1.46083,1.46106,1.00,1.72
2013.12.12 04:15:31.374,1.4608,1.46095,1.00,1.00
2013.12.12 04:15:31.476,1.46078,1.46095,1.50,1.15
2013.12.12 04:15:31.527,1.46076,1.46095,1.13,1.15
2013.12.12 04:15:31.729,1.46069,1.46092,1.08,1.20
2013.12.12 04:15:31.830,1.46069,1.46092,1.10,1.15
2013.12.12 04:15:32.601,1.46068,1.46091,1.25,1.15
2013.12.12 04:15:32.944,1.46068,1.46094,1.32,1.50
2013.12.12 04:15:33.046,1.46068,1.46093,1.32,1.18
2013.12.12 04:15:37.933,1.46068,1.46095,3.57,1.20
2013.12.12 04:15:37.995,1.46068,1.46095,2.90,1.18
2013.12.12 04:15:57.997,1.46068,1.46095,3.27,1.18
2013.12.12 04:16:10.136,1.46069,1.46095,2.90,1.00
2013.12.12 04:16:10.288,1.46073,1.461,2.87,1.15
2013.12.12 04:16:10.339,1.46074,1.461,3.57,1.00
2013.12.12 04:16:10.723,1.46078,1.46102,2.87,1.18
2013.12.12 04:16:10.875,1.46079,1.46105,3.92,1.10
2013.12.12 04:16:11.395,1.46081,1.46108,2.60,1.15
2013.12.12 04:16:11.547,1.46082,1.46108,2.91,1.08
2013.12.12 04:16:11.598,1.46082,1.46109,2.87,1.18
2013.12.12 04:16:12.881,1.46084,1.46112,2.79,1.65
2013.12.12 04:16:12.983,1.46084,1.46113,1.19,2.25
2013.12.12 04:16:13.085,1.46084,1.46113,2.42,1.15
2013.12.12 04:16:13.186,1.46086,1.46114,5.82,1.00
2013.12.12 04:16:13.237,1.46089,1.46118,4.95,1.65
2013.12.12 04:16:13.775,1.46092,1.46121,2.79,1.15
2013.12.12 04:16:20.533,1.46092,1.46121,4.30,1.15
2013.12.12 04:16:21.059,1.46094,1.46123,1.39,1.15
2013.12.12 04:16:24.353,1.46096,1.46123,2.47,1.15
2013.12.12 04:16:27.211,1.46098,1.46123,1.00,1.18
2013.12.12 04:16:27.264,1.46098,1.46123,1.00,1.18
2013.12.12 04:16:29.320,1.46098,1.46123,2.02,1.15
2013.12.12 04:16:30.182,1.46098,1.46123,1.19,1.15
2013.12.12 04:16:32.162,1.46098,1.46123,1.19,1.15
2013.12.12 04:16:34.148,1.46098,1.46122,1.19,1.08
2013.12.12 04:16:48.275,1.46098,1.46123,1.32,2.33
2013.12.12 04:16:59.431,1.46098,1.46122,1.19,2.33
2013.12.12 04:17:02.607,1.46098,1.46119,1.32,1.10
2013.12.12 04:17:02.709,1.46098,1.46122,1.32,1.83
2013.12.12 04:17:03.461,1.46098,1.4612,1.19,1.58
2013.12.12 04:17:08.638,1.46098,1.4612,1.19,1.15
2013.12.12 04:17:11.241,1.46098,1.4612,1.19,1.15
2013.12.12 04:17:21.063,1.46098,1.4612,1.25,1.15
2013.12.12 04:17:21.629,1.46098,1.4612,1.19,1.58
2013.12.12 04:17:21.833,1.46098,1.46118,1.00,1.83
2013.12.12 04:17:22.137,1.46096,1.46115,1.63,2.25
2013.12.12 04:17:31.754,1.46095,1.46115,1.00,3.75
2013.12.12 04:17:34.750,1.46093,1.46115,1.19,3.00
2013.12.12 04:17:38.898,1.46093,1.46115,1.25,3.00
2013.12.12 04:17:40.337,1.46093,1.46115,1.57,2.33
2013.12.12 04:17:40.388,1.46093,1.46115,1.19,1.15
2013.12.12 04:17:40.733,1.46093,1.46115,1.19,1.58
2013.12.12 04:17:41.256,1.46093,1.46113,1.19,1.15
2013.12.12 04:17:42.855,1.46093,1.46113,1.00,1.15
2013.12.12 04:18:04.450,1.46093,1.46113,1.19,1.15
2013.12.12 04:18:21.257,1.46093,1.46113,1.19,1.58
2013.12.12 04:18:21.776,1.46093,1.46109,1.00,1.15
2013.12.12 04:18:22.425,1.46093,1.46109,1.25,1.15
2013.12.12 04:18:25.481,1.46093,1.46109,1.32,1.15
2013.12.12 04:18:29.464,1.46093,1.46109,1.00,1.15
2013.12.12 04:18:31.242,1.46093,1.46112,1.00,1.15
2013.12.12 04:18:31.294,1.46093,1.46112,1.00,1.15
2013.12.12 04:18:37.040,1.46093,1.46112,1.00,1.74
2013.12.12 04:18:37.142,1.46088,1.46111,1.20,1.64
2013.12.12 04:18:37.940,1.46088,1.46111,1.13,2.82
2013.12.12 04:18:46.628,1.46081,1.46104,2.48,1.57
2013.12.12 04:18:46.780,1.46081,1.46104,1.00,1.72
2013.12.12 04:18:46.830,1.46076,1.46097,2.48,1.00
2013.12.12 04:18:47.053,1.46076,1.46097,1.15,1.00
2013.12.12 04:18:47.154,1.46076,1.46102,1.00,1.34
2013.12.12 04:18:47.357,1.46076,1.46097,1.15,1.00
2013.12.12 04:18:50.210,1.46074,1.46095,1.95,1.00
2013.12.12 04:18:50.600,1.46074,1.46097,2.20,1.00
2013.12.12 04:18:51.339,1.46074,1.46097,2.20,1.19
2013.12.12 04:18:57.762,1.46075,1.46099,2.23,1.19
2013.12.12 04:19:03.282,1.46075,1.46098,1.15,1.19
2013.12.12 04:19:06.464,1.46075,1.46096,1.15,1.00
2013.12.12 04:19:08.921,1.46075,1.46096,1.15,1.19
2013.12.12 04:19:10.951,1.46075,1.46096,1.15,1.19
2013.12.12 04:19:14.869,1.46074,1.46097,1.15,1.19
2013.12.12 04:19:14.971,1.46074,1.46097,1.18,1.29
2013.12.12 04:19:15.499,1.46074,1.46097,1.15,1.19
2013.12.12 04:19:23.589,1.46074,1.46097,1.18,1.19
2013.12.12 04:19:34.230,1.46074,1.46099,1.15,1.57
2013.12.12 04:19:47.567,1.46073,1.46094,1.15,1.57
2013.12.12 04:19:48.771,1.46069,1.46092,1.15,1.57
2013.12.12 04:19:49.106,1.46069,1.46092,1.15,1.57
2013.12.12 04:19:53.044,1.46069,1.46091,1.15,1.32
2013.12.12 04:20:10.860,1.46067,1.4609,1.65,1.19
2013.12.12 04:20:11.339,1.46066,1.46087,1.65,1.57
2013.12.12 04:20:11.441,1.46066,1.46087,1.20,1.57
2013.12.12 04:20:29.588,1.46061,1.46084,1.15,1.19
2013.12.12 04:20:31.030,1.46061,1.46084,1.15,1.57
2013.12.12 04:20:31.132,1.46062,1.46087,1.00,1.02
2013.12.12 04:20:34.003,1.46056,1.46079,2.58,1.57
2013.12.12 04:20:34.105,1.46056,1.46079,4.50,1.94
2013.12.12 04:20:34.331,1.46056,1.46079,1.15,1.94
2013.12.12 04:20:44.067,1.46054,1.46075,1.15,1.32
2013.12.12 04:20:45.455,1.46054,1.46075,1.58,1.32
2013.12.12 04:20:46.010,1.46054,1.46075,2.25,1.32
2013.12.12 04:20:48.749,1.46054,1.46075,1.58,1.32
2013.12.12 04:20:50.507,1.46053,1.46073,1.83,1.32
2013.12.12 04:20:58.367,1.46053,1.46073,2.25,1.32
2013.12.12 04:21:03.089,1.46052,1.46073,1.65,1.32
2013.12.12 04:21:03.756,1.46052,1.46073,1.15,1.57
2013.12.12 04:21:06.020,1.46054,1.46074,3.75,1.57
2013.12.12 04:21:06.121,1.46059,1.46083,1.00,1.53
2013.12.12 04:21:06.223,1.46059,1.46083,1.00,1.10
2013.12.12 04:21:06.375,1.46058,1.46082,1.95,1.57
2013.12.12 04:21:06.476,1.46058,1.46082,1.28,1.67
2013.12.12 04:21:06.884,1.46058,1.46081,1.50,1.09
2013.12.12 04:21:07.037,1.46052,1.46075,1.15,1.57
2013.12.12 04:21:08.108,1.46053,1.46081,1.00,1.84
2013.12.12 04:21:08.310,1.46053,1.46081,1.00,1.84
2013.12.12 04:21:08.513,1.46052,1.46073,1.18,1.19
2013.12.12 04:21:08.564,1.46052,1.46073,1.20,1.19
2013.12.12 04:21:09.197,1.46052,1.46076,1.00,1.72
2013.12.12 04:21:11.281,1.46052,1.46076,1.00,1.40
2013.12.12 04:21:11.332,1.46052,1.46078,1.00,1.34
2013.12.12 04:21:11.382,1.46052,1.46078,1.00,1.19
2013.12.12 04:21:11.484,1.46054,1.46078,3.41,1.19
2013.12.12 04:21:12.117,1.46055,1.46081,4.20,1.69
2013.12.12 04:21:14.268,1.46055,1.46081,4.21,1.69
2013.12.12 04:21:18.636,1.46057,1.46081,3.08,1.19
2013.12.12 04:21:51.597,1.46057,1.4608,3.63,1.19
2013.12.12 04:21:51.778,1.46057,1.4608,3.63,1.57
2013.12.12 04:21:51.930,1.46057,1.46077,1.18,1.57
2013.12.12 04:21:52.132,1.46057,1.46079,1.28,1.00
2013.12.12 04:21:52.284,1.46058,1.46079,2.71,1.00
2013.12.12 04:21:54.538,1.46058,1.46079,2.28,1.00
2013.12.12 04:21:54.663,1.46058,1.46079,2.28,1.00
2013.12.12 04:22:00.676,1.46057,1.46078,1.53,1.00
2013.12.12 04:22:04.820,1.46057,1.46078,1.13,1.00
2013.12.12 04:22:06.606,1.46057,1.46078,1.20,1.00
2013.12.12 04:22:07.313,1.46057,1.46078,1.00,1.29
2013.12.12 04:22:07.891,1.46056,1.46078,1.10,1.29
2013.12.12 04:22:12.459,1.46055,1.46075,1.00,1.00
2013.12.12 04:22:17.279,1.46054,1.46075,1.00,1.00
2013.12.12 04:22:18.329,1.46053,1.46075,1.10,1.00
2013.12.12 04:22:20.030,1.46052,1.46075,1.18,1.19
2013.12.12 04:22:20.858,1.46051,1.46073,1.18,1.25
2013.12.12 04:22:25.149,1.46051,1.46071,1.18,1.00
2013.12.12 04:22:28.278,1.46051,1.46071,1.00,1.00
2013.12.12 04:22:30.108,1.4605,1.46071,1.65,1.00
2013.12.12 04:22:31.128,1.46051,1.46079,2.53,2.70
2013.12.12 04:22:31.179,1.46051,1.46079,2.53,2.03
2013.12.12 04:22:31.280,1.46051,1.46079,1.09,1.53
2013.12.12 04:22:31.331,1.4605,1.4607,4.50,1.57
2013.12.12 04:22:31.382,1.4605,1.4607,3.15,1.57
2013.12.12 04:22:31.586,1.4605,1.46073,1.15,1.25
2013.12.12 04:22:32.113,1.4605,1.46073,1.08,1.33
2013.12.12 04:22:51.938,1.4605,1.46073,1.08,1.02
2013.12.12 04:23:06.287,1.4605,1.46072,1.08,1.00
2013.12.12 04:23:07.166,1.4605,1.46073,1.08,1.02
2013.12.12 04:23:09.031,1.4605,1.46073,1.85,1.25
2013.12.12 04:23:09.341,1.46059,1.46085,1.00,1.28
2013.12.12 04:23:13.950,1.46062,1.46087,2.09,1.40
2013.12.12 04:23:20.208,1.46062,1.46087,1.00,1.47
2013.12.12 04:23:20.260,1.46061,1.46084,1.15,1.25
2013.12.12 04:23:20.361,1.46061,1.46084,1.18,1.33
2013.12.12 04:23:20.966,1.4606,1.46081,1.08,1.10
2013.12.12 04:23:21.321,1.4606,1.46084,1.08,1.40
2013.12.12 04:23:21.957,1.4606,1.46084,1.00,1.09
2013.12.12 04:23:22.369,1.46058,1.4608,1.15,1.00
2013.12.12 04:23:22.572,1.46056,1.4608,1.48,1.47
2013.12.12 04:23:24.496,1.46055,1.46079,1.58,1.34
2013.12.12 04:23:25.006,1.46055,1.46079,1.00,1.02
2013.12.12 04:23:27.341,1.46055,1.4608,1.00,1.08
2013.12.12 04:23:27.392,1.46055,1.46082,1.00,1.15
2013.12.12 04:23:27.493,1.46055,1.46084,2.69,1.34
2013.12.12 04:23:27.646,1.46057,1.46086,2.65,1.34
2013.12.12 04:23:28.229,1.46058,1.46087,2.58,1.84
2013.12.12 04:23:28.733,1.46059,1.46087,1.00,1.84
2013.12.12 04:23:29.550,1.46059,1.46087,1.00,1.34
2013.12.12 04:23:31.847,1.46059,1.46085,1.00,1.02
2013.12.12 04:23:32.521,1.46059,1.46085,1.10,1.77
2013.12.12 04:23:33.794,1.46059,1.46085,1.10,1.34
2013.12.12 04:23:38.458,1.46058,1.46083,1.15,1.77
2013.12.12 04:23:39.011,1.46058,1.46081,1.08,1.27
2013.12.12 04:23:57.076,1.46058,1.46082,1.00,1.47
2013.12.12 04:23:57.635,1.46058,1.46081,1.00,1.34
2013.12.12 04:23:58.155,1.46058,1.46082,1.10,1.47
2013.12.12 04:24:02.228,1.46057,1.46082,1.65,1.72
2013.12.12 04:24:02.380,1.46057,1.46082,1.00,1.34
2013.12.12 04:24:02.532,1.46057,1.46083,1.08,1.02
2013.12.12 04:24:02.836,1.46052,1.46073,1.28,1.57
2013.12.12 04:24:11.880,1.46051,1.46072,1.15,1.57
2013.12.12 04:24:12.014,1.46051,1.46072,1.18,1.57
2013.12.12 04:24:12.115,1.46047,1.46067,2.40,1.25
2013.12.12 04:24:12.166,1.46047,1.46067,2.40,1.57
2013.12.12 04:24:12.695,1.46047,1.46068,1.15,1.57
2013.12.12 04:24:21.345,1.46047,1.46069,1.18,1.57
2013.12.12 04:24:37.704,1.46047,1.46073,3.53,1.64
2013.12.12 04:24:37.855,1.46048,1.46074,3.38,1.57
2013.12.12 04:24:38.580,1.46049,1.46074,2.61,1.57
2013.12.12 04:25:09.089,1.46052,1.46078,1.00,1.72
2013.12.12 04:25:09.190,1.46052,1.46078,1.00,1.74
2013.12.12 04:25:09.342,1.46054,1.46078,4.15,1.57
2013.12.12 04:25:09.676,1.46055,1.4608,3.38,1.69
2013.12.12 04:25:10.484,1.46059,1.4608,2.30,1.77
2013.12.12 04:25:10.586,1.46059,1.4608,1.00,1.77
2013.12.12 04:25:13.934,1.46057,1.46078,1.18,1.57
2013.12.12 04:25:14.957,1.46057,1.46078,1.15,1.57
2013.12.12 04:25:20.419,1.46057,1.4608,1.15,1.67
2013.12.12 04:25:20.646,1.46056,1.46079,1.20,1.77
2013.12.12 04:25:21.633,1.46056,1.46079,1.00,1.77
2013.12.12 04:25:22.918,1.46056,1.46081,1.15,1.57
2013.12.12 04:25:42.943,1.46056,1.4608,4.21,1.57
2013.12.12 04:25:47.810,1.46056,1.4608,1.28,1.57
2013.12.12 04:26:10.791,1.46056,1.46079,1.53,1.00
2013.12.12 04:26:12.892,1.46056,1.4608,2.31,1.10
2013.12.12 04:26:20.828,1.46056,1.46076,1.15,1.00
2013.12.12 04:26:20.929,1.46056,1.46076,1.08,1.00
2013.12.12 04:26:26.203,1.46054,1.46075,1.15,1.00
2013.12.12 04:26:31.824,1.46054,1.46075,1.15,1.57
2013.12.12 04:27:00.963,1.46054,1.46077,1.18,1.57
2013.12.12 04:27:02.924,1.46054,1.46077,1.00,1.57
2013.12.12 04:27:24.741,1.46054,1.46078,1.00,1.67
2013.12.12 04:27:29.844,1.46054,1.46079,1.00,2.22
2013.12.12 04:27:30.351,1.46054,1.46079,1.10,2.22
2013.12.12 04:27:32.063,1.46054,1.46079,1.10,1.65
2013.12.12 04:27:44.048,1.46054,1.46079,1.10,1.58
2013.12.12 04:27:47.547,1.46054,1.46079,1.00,2.89
2013.12.12 04:27:48.393,1.46054,1.46079,1.38,2.89
2013.12.12 04:27:48.901,1.46054,1.4608,3.40,1.74
2013.12.12 04:27:48.952,1.46054,1.4608,3.43,1.74
2013.12.12 04:27:49.503,1.46055,1.4608,3.40,1.74
2013.12.12 04:27:50.222,1.46055,1.4608,3.78,1.74
2013.12.12 04:27:55.254,1.46056,1.4608,2.58,1.57
2013.12.12 04:27:55.421,1.46056,1.4608,2.58,1.57
2013.12.12 04:28:04.757,1.46056,1.46078,1.15,1.67
2013.12.12 04:28:04.808,1.46056,1.46078,1.08,1.67
2013.12.12 04:28:04.910,1.46056,1.46076,1.10,1.32
2013.12.12 04:28:09.285,1.46055,1.46076,1.08,1.57
2013.12.12 04:28:40.243,1.46053,1.46076,1.65,1.57
2013.12.12 04:28:48.735,1.46053,1.46076,1.15,1.57
2013.12.12 04:29:09.351,1.46053,1.46076,1.10,1.00
2013.12.12 04:29:27.769,1.46053,1.46075,1.00,1.00
2013.12.12 04:29:33.490,1.46053,1.46075,1.15,1.00
2013.12.12 04:29:34.247,1.46053,1.46076,1.18,1.00
2013.12.12 04:29:40.685,1.46053,1.46078,1.18,1.18
2013.12.12 04:29:57.630,1.46053,1.46077,1.10,1.10
2013.12.12 04:30:06.928,1.46053,1.46075,1.10,1.00
2013.12.12 04:30:07.918,1.46053,1.46076,1.00,1.00
2013.12.12 04:30:17.934,1.46053,1.46075,1.10,1.00
2013.12.12 04:30:25.090,1.46053,1.46077,1.10,1.10
2013.12.12 04:30:28.502,1.46053,1.46075,1.10,1.00
2013.12.12 04:30:29.073,1.46053,1.46076,1.00,1.00
2013.12.12 04:30:44.464,1.46053,1.46075,1.10,1.00
2013.12.12 04:30:49.299,1.46053,1.46077,1.10,1.10
2013.12.12 04:30:51.369,1.46053,1.46077,1.00,1.10
2013.12.12 04:30:58.986,1.46053,1.46079,1.00,1.00
2013.12.12 04:30:59.530,1.46053,1.46077,1.00,1.00
2013.12.12 04:31:07.614,1.46053,1.46077,1.00,1.32
2013.12.12 04:31:08.392,1.46053,1.46078,1.00,1.57
2013.12.12 04:31:14.838,1.46053,1.46076,1.00,1.19
2013.12.12 04:31:14.890,1.46053,1.46076,1.00,1.57
2013.12.12 04:31:18.395,1.46053,1.46076,1.15,1.57
2013.12.12 04:31:28.690,1.46053,1.46077,1.15,1.57
2013.12.12 04:31:38.125,1.46054,1.46079,2.61,1.67
2013.12.12 04:31:42.725,1.46057,1.46082,2.68,1.74
2013.12.12 04:31:43.469,1.46057,1.46083,2.65,2.59
2013.12.12 04:31:47.518,1.46057,1.4608,2.68,1.67
2013.12.12 04:31:50.074,1.46057,1.46083,1.08,2.22
2013.12.12 04:31:50.630,1.46057,1.46083,1.15,2.22
2013.12.12 04:31:51.156,1.46058,1.46084,1.00,1.64
2013.12.12 04:31:51.665,1.4606,1.46085,2.33,1.57
2013.12.12 04:31:52.311,1.46061,1.46085,2.61,1.57
2013.12.12 04:31:52.362,1.46061,1.46085,2.61,1.57
2013.12.12 04:31:52.615,1.46065,1.4609,1.00,1.39
2013.12.12 04:31:52.818,1.46065,1.46087,1.28,1.25
2013.12.12 04:31:52.869,1.46065,1.46087,1.48,1.25
2013.12.12 04:31:53.072,1.46066,1.46092,2.28,2.14
2013.12.12 04:31:53.597,1.46064,1.46089,1.53,1.34
2013.12.12 04:31:54.225,1.46064,1.46089,1.28,1.72
2013.12.12 04:31:54.665,1.46063,1.46087,1.28,1.67
2013.12.12 04:31:54.989,1.46061,1.46087,1.28,1.74
2013.12.12 04:31:55.580,1.46061,1.46084,1.15,1.57
2013.12.12 04:31:57.856,1.46061,1.46084,1.08,1.64
2013.12.12 04:31:57.907,1.46061,1.46084,1.00,1.72
2013.12.12 04:31:58.468,1.46059,1.46084,1.88,1.72
2013.12.12 04:32:00.328,1.46059,1.46084,1.95,1.64
2013.12.12 04:32:00.379,1.46059,1.46084,2.03,1.67
2013.12.12 04:32:08.238,1.46059,1.46087,2.30,1.84
2013.12.12 04:32:12.312,1.46059,1.46082,1.00,1.47
2013.12.12 04:32:12.363,1.46057,1.46082,2.25,1.72
2013.12.12 04:32:13.087,1.46057,1.46082,1.00,1.72
2013.12.12 04:32:30.268,1.46057,1.46082,1.00,2.07
2013.12.12 04:32:37.983,1.46057,1.46079,1.00,1.39
2013.12.12 04:32:38.619,1.46057,1.46079,1.00,1.02
2013.12.12 04:32:38.821,1.46057,1.46082,1.00,1.39
2013.12.12 04:32:39.175,1.46058,1.46084,1.00,1.39
2013.12.12 04:32:39.679,1.46058,1.46084,1.00,1.02
2013.12.12 04:32:39.832,1.4606,1.46086,1.00,1.47
2013.12.12 04:32:40.352,1.4606,1.46086,1.00,1.47
2013.12.12 04:32:42.594,1.4606,1.46086,1.00,1.47
2013.12.12 04:32:42.646,1.4606,1.46086,1.00,1.72
2013.12.12 04:32:49.126,1.4606,1.46086,2.20,1.72
2013.12.12 04:32:49.328,1.4606,1.46088,3.20,2.14
2013.12.12 04:32:49.531,1.46061,1.46089,2.47,1.39
2013.12.12 04:32:49.940,1.46063,1.46092,2.28,1.72
2013.12.12 04:32:53.676,1.46064,1.46091,2.28,1.72
2013.12.12 04:32:54.567,1.46065,1.46091,2.28,1.74
2013.12.12 04:32:55.195,1.46065,1.46091,2.28,1.74
2013.12.12 04:32:59.365,1.46065,1.4609,1.08,1.65
2013.12.12 04:32:59.416,1.46061,1.46084,3.08,1.57
2013.12.12 04:32:59.567,1.46062,1.46084,2.83,1.00
2013.12.12 04:32:59.769,1.46064,1.46091,2.23,1.77
2013.12.12 04:33:12.410,1.46065,1.46092,2.20,1.72
2013.12.12 04:33:12.562,1.46065,1.46094,2.42,1.72
2013.12.12 04:33:13.515,1.46065,1.4609,2.47,1.19
2013.12.12 04:33:14.516,1.46064,1.46089,1.53,1.32
2013.12.12 04:33:15.311,1.46065,1.46089,2.61,1.32
2013.12.12 04:33:15.643,1.46066,1.46089,3.83,1.32
2013.12.12 04:33:25.066,1.46067,1.46088,3.95,1.00
2013.12.12 04:33:25.118,1.46069,1.46094,3.33,1.19
2013.12.12 04:33:25.666,1.4607,1.46094,3.01,1.19
2013.12.12 04:33:41.988,1.46071,1.46093,3.08,1.19
2013.12.12 04:33:43.776,1.46071,1.46093,2.33,1.19
2013.12.12 04:33:47.741,1.46071,1.46095,3.43,1.57
2013.12.12 04:33:48.404,1.46071,1.46095,2.70,1.57
2013.12.12 04:33:57.036,1.46071,1.46095,2.65,1.57
2013.12.12 04:34:00.673,1.46067,1.46091,2.33,1.57
2013.12.12 04:34:04.678,1.46067,1.46091,1.65,1.67
2013.12.12 04:34:13.782,1.46068,1.46091,2.65,1.67
2013.12.12 04:34:16.766,1.4607,1.46091,2.58,1.67
2013.12.12 04:34:18.669,1.4607,1.46093,1.00,1.74
2013.12.12 04:34:19.878,1.4607,1.46093,2.65,1.57
2013.12.12 04:34:19.929,1.4607,1.46093,2.65,1.57
2013.12.12 04:34:27.019,1.4607,1.46091,1.10,1.57
2013.12.12 04:34:27.689,1.4607,1.4609,1.00,1.57
2013.12.12 04:34:36.272,1.46068,1.46088,1.10,1.57
2013.12.12 04:34:37.475,1.46068,1.46088,1.00,1.57
2013.12.12 04:34:38.679,1.46067,1.46089,1.18,1.57
2013.12.12 04:34:38.781,1.46067,1.4609,4.08,1.57
2013.12.12 04:34:38.882,1.46067,1.4609,4.88,1.19
2013.12.12 04:34:39.570,1.46067,1.4609,3.75,1.19
2013.12.12 04:34:44.528,1.46067,1.4609,3.75,1.19
2013.12.12 04:34:44.743,1.46067,1.46087,1.95,1.00
2013.12.12 04:34:46.428,1.46067,1.46087,2.63,1.00
2013.12.12 04:34:49.144,1.46068,1.46089,2.88,1.00
2013.12.12 04:34:56.229,1.46068,1.46088,2.69,1.00
2013.12.12 04:34:56.739,1.46068,1.46089,3.44,1.00
2013.12.12 04:34:59.736,1.46068,1.46088,4.57,1.00
2013.12.12 04:35:00.144,1.46068,1.4609,3.07,1.00
2013.12.12 04:35:01.167,1.46068,1.46091,5.07,1.00
2013.12.12 04:35:05.566,1.46068,1.4609,4.57,1.00
2013.12.12 04:35:06.764,1.46069,1.4609,2.50,1.00
2013.12.12 04:35:07.402,1.46069,1.4609,3.82,1.00
2013.12.12 04:35:08.016,1.46069,1.46091,3.82,1.00
2013.12.12 04:35:13.862,1.46069,1.4609,1.88,1.57
2013.12.12 04:35:14.618,1.46068,1.4609,1.95,1.57
2013.12.12 04:35:47.255,1.46068,1.4609,1.50,1.57
2013.12.12 04:35:47.366,1.46067,1.4609,3.08,1.57
2013.12.12 04:36:02.712,1.46069,1.46091,2.65,1.57
2013.12.12 04:36:02.813,1.46067,1.46091,2.03,1.57
2013.12.12 04:36:02.864,1.46067,1.46091,1.28,1.00
2013.12.12 04:36:03.016,1.4607,1.46093,3.00,1.19
2013.12.12 04:36:03.579,1.46069,1.46094,2.70,1.19
2013.12.12 04:36:03.781,1.46069,1.46091,1.15,1.00
2013.12.12 04:36:04.035,1.46069,1.46089,1.10,1.00
2013.12.12 04:36:04.340,1.46067,1.46086,1.65,1.00
2013.12.12 04:36:04.848,1.46067,1.46088,1.15,1.19
2013.12.12 04:36:05.545,1.46064,1.46085,1.15,1.00
2013.12.12 04:36:06.550,1.46064,1.46085,1.15,1.19
2013.12.12 04:36:13.059,1.46064,1.46083,1.15,1.25
2013.12.12 04:36:14.574,1.46064,1.46084,1.15,1.25
2013.12.12 04:36:17.965,1.46062,1.46083,1.58,1.00
2013.12.12 04:36:19.125,1.46061,1.46083,3.75,1.00
2013.12.12 04:36:19.755,1.46062,1.46085,3.75,1.19
2013.12.12 04:36:22.854,1.46065,1.46092,2.22,1.15
2013.12.12 04:36:23.006,1.46066,1.46092,2.22,1.00
2013.12.12 04:36:24.564,1.46066,1.46092,2.47,1.00
2013.12.12 04:36:31.406,1.46066,1.46092,2.47,1.15
2013.12.12 04:36:44.349,1.46066,1.46092,2.47,1.18
2013.12.12 04:36:45.122,1.46066,1.46092,2.47,1.20
2013.12.12 04:36:50.652,1.46066,1.46092,2.97,1.20
2013.12.12 04:37:02.003,1.46066,1.46093,2.47,1.15
2013.12.12 04:37:13.641,1.46066,1.46092,2.22,1.20
2013.12.12 04:37:15.096,1.46066,1.46088,1.34,1.00
2013.12.12 04:37:15.450,1.46066,1.46087,1.18,1.25
2013.12.12 04:37:15.703,1.46066,1.46089,1.18,1.19
2013.12.12 04:37:18.071,1.46066,1.46089,1.00,1.19
2013.12.12 04:37:18.121,1.46066,1.46089,1.00,1.00
2013.12.12 04:37:26.951,1.46066,1.46088,1.10,1.00
2013.12.12 04:37:27.941,1.46066,1.4609,1.10,1.10
2013.12.12 04:37:31.358,1.46066,1.46089,1.09,1.00
2013.12.12 04:37:34.082,1.46066,1.46089,1.02,1.08
2013.12.12 04:37:34.234,1.46064,1.46086,1.34,1.00
2013.12.12 04:37:35.537,1.46063,1.46085,1.84,1.00
2013.12.12 04:37:36.698,1.46063,1.46085,1.40,1.00
2013.12.12 04:37:37.151,1.46063,1.46085,1.77,1.00
2013.12.12 04:37:43.233,1.46063,1.46084,2.80,1.00
2013.12.12 04:37:51.752,1.46063,1.46084,1.02,1.00
2013.12.12 04:37:58.851,1.46063,1.46085,4.26,1.00
2013.12.12 04:38:05.026,1.46063,1.46086,3.20,1.00
2013.12.12 04:38:12.034,1.46063,1.46086,5.44,1.00
2013.12.12 04:38:19.533,1.46063,1.46085,1.77,1.00
2013.12.12 04:38:20.238,1.46063,1.46084,1.77,1.00
2013.12.12 04:38:21.072,1.46063,1.46086,3.20,1.00
2013.12.12 04:38:22.320,1.46064,1.46092,2.42,1.15
2013.12.12 04:38:22.474,1.46069,1.46092,3.94,1.00
2013.12.12 04:38:22.525,1.46071,1.46095,3.07,1.00
2013.12.12 04:38:22.627,1.46071,1.461,5.70,1.53
2013.12.12 04:38:23.019,1.46076,1.46104,2.69,1.77
2013.12.12 04:38:30.141,1.46076,1.46103,1.15,1.72
2013.12.12 04:38:30.683,1.46076,1.461,1.18,1.29
2013.12.12 04:38:38.433,1.46076,1.46102,1.10,1.72
2013.12.12 04:38:38.763,1.46075,1.461,1.37,1.34
2013.12.12 04:38:40.099,1.46072,1.46097,2.22,1.08
2013.12.12 04:38:40.252,1.46072,1.46098,2.10,1.34
2013.12.12 04:38:40.950,1.46072,1.46098,1.00,1.34
2013.12.12 04:38:41.468,1.46072,1.46098,1.00,1.72
2013.12.12 04:38:41.529,1.46072,1.46098,1.00,1.72
2013.12.12 04:38:47.145,1.46073,1.461,2.12,1.72
2013.12.12 04:38:47.296,1.46073,1.461,1.15,1.72
2013.12.12 04:38:48.200,1.46073,1.46101,1.18,1.72
2013.12.12 04:38:51.882,1.46075,1.46102,2.09,1.72
2013.12.12 04:38:52.186,1.46078,1.46103,3.40,1.84
2013.12.12 04:38:52.287,1.46079,1.46103,4.00,1.00
2013.12.12 04:38:52.540,1.46079,1.46104,3.43,1.02
2013.12.12 04:38:59.187,1.46081,1.46104,1.29,1.27
2013.12.12 04:38:59.877,1.46081,1.46104,1.00,2.14
2013.12.12 04:38:59.943,1.46079,1.46099,1.10,1.29
2013.12.12 04:39:00.098,1.46076,1.46099,1.84,1.27
2013.12.12 04:39:00.664,1.46075,1.46099,2.22,1.19
2013.12.12 04:39:01.312,1.46076,1.46105,1.00,1.72
2013.12.12 04:39:01.823,1.46077,1.46105,2.09,1.72
2013.12.12 04:39:04.133,1.46077,1.46105,1.00,1.72
2013.12.12 04:39:04.234,1.46077,1.46101,1.18,1.57
2013.12.12 04:39:04.588,1.46075,1.46098,1.65,1.32
2013.12.12 04:39:07.793,1.46074,1.46097,1.15,1.57
2013.12.12 04:39:07.946,1.46074,1.46097,1.65,1.77
2013.12.12 04:39:13.211,1.46071,1.46096,2.40,1.72
2013.12.12 04:39:18.926,1.46071,1.46096,1.15,1.77
2013.12.12 04:39:20.897,1.46071,1.46096,1.15,1.67
2013.12.12 04:39:27.058,1.46074,1.461,2.09,1.72
2013.12.12 04:39:27.362,1.46076,1.46102,2.58,1.02
2013.12.12 04:39:27.615,1.46076,1.46104,3.17,1.09
2013.12.12 04:39:27.717,1.46077,1.46104,2.69,1.09
2013.12.12 04:39:29.795,1.46077,1.46103,2.69,1.02
2013.12.12 04:39:35.887,1.46077,1.46103,1.15,1.09
2013.12.12 04:39:45.285,1.46077,1.46103,2.12,1.72
2013.12.12 04:39:56.633,1.46077,1.46103,1.58,1.72
2013.12.12 04:40:35.057,1.46077,1.46101,1.15,1.32
2013.12.12 04:40:56.788,1.46077,1.46101,1.15,1.00
2013.12.12 04:40:57.887,1.46077,1.46101,1.18,1.08
2013.12.12 04:40:57.938,1.46076,1.461,1.15,1.20
2013.12.12 04:40:57.988,1.46076,1.461,1.18,1.74
2013.12.12 04:40:58.039,1.46076,1.461,1.20,1.72
2013.12.12 04:41:01.798,1.46073,1.46095,1.34,1.25
2013.12.12 04:41:01.900,1.46073,1.46099,1.58,1.64
2013.12.12 04:41:01.951,1.46074,1.46099,3.57,1.00
2013.12.12 04:41:02.003,1.46075,1.46099,2.89,1.00
2013.12.12 04:41:02.155,1.46075,1.46097,2.07,1.00
2013.12.12 04:41:02.548,1.46075,1.461,1.72,1.00
2013.12.12 04:41:04.031,1.46075,1.461,1.72,1.19
2013.12.12 04:41:04.319,1.46075,1.46101,2.14,1.39
2013.12.12 04:41:04.631,1.46077,1.46104,2.69,1.74
2013.12.12 04:41:05.757,1.46078,1.46104,2.45,1.37
2013.12.12 04:41:08.828,1.46078,1.46101,1.58,1.57
2013.12.12 04:41:09.030,1.46077,1.46101,1.18,1.64
2013.12.12 04:41:09.141,1.46077,1.46101,1.74,1.08
2013.12.12 04:41:09.243,1.46077,1.46101,4.40,1.00
2013.12.12 04:41:17.399,1.46077,1.46101,2.33,1.57
2013.12.12 04:41:17.550,1.46077,1.46101,1.15,1.67
2013.12.12 04:41:17.601,1.46077,1.46101,1.72,1.10
2013.12.12 04:41:17.702,1.46077,1.46101,2.90,1.00
2013.12.12 04:41:18.250,1.46077,1.461,2.82,1.00
2013.12.12 04:41:25.327,1.46077,1.461,3.00,1.57
2013.12.12 04:41:25.429,1.46077,1.461,1.65,1.57
2013.12.12 04:41:25.632,1.46077,1.46104,1.72,1.47
2013.12.12 04:41:25.734,1.46078,1.46102,3.57,1.25
2013.12.12 04:41:30.707,1.46078,1.46101,3.57,1.00
2013.12.12 04:41:33.358,1.46078,1.46098,3.00,1.57
2013.12.12 04:41:33.459,1.46078,1.46098,1.65,1.57
2013.12.12 04:41:33.560,1.46078,1.46098,2.22,1.00
2013.12.12 04:41:33.661,1.46078,1.46098,5.36,1.00
2013.12.12 04:41:33.712,1.46078,1.46102,5.36,1.00
2013.12.12 04:41:33.814,1.46078,1.46109,6.19,1.72
2013.12.12 04:41:33.965,1.46084,1.46109,2.23,1.10
2013.12.12 04:41:34.016,1.46089,1.46113,6.75,1.13
2013.12.12 04:41:34.168,1.46093,1.46116,2.73,1.00
2013.12.12 04:41:34.219,1.46092,1.46116,1.39,1.00
2013.12.12 04:41:34.371,1.46092,1.46116,3.08,1.00
2013.12.12 04:41:39.839,1.46092,1.46115,3.01,1.00
2013.12.12 04:41:47.448,1.46092,1.46115,2.82,1.00
2013.12.12 04:41:49.958,1.46092,1.46116,3.19,1.00
2013.12.12 04:41:54.138,1.46092,1.46115,3.19,1.00
2013.12.12 04:41:54.489,1.46092,1.46117,3.19,1.00
2013.12.12 04:41:55.039,1.46092,1.46116,3.19,1.00
2013.12.12 04:41:59.365,1.46092,1.46119,3.19,1.00
2013.12.12 04:41:59.491,1.46092,1.46119,4.13,1.00
2013.12.12 04:42:01.089,1.46094,1.46121,3.82,1.00
2013.12.12 04:42:04.656,1.46094,1.46121,3.57,1.19
2013.12.12 04:42:04.758,1.46094,1.46121,1.39,1.77
2013.12.12 04:42:07.149,1.46094,1.4612,1.64,1.40
2013.12.12 04:42:11.867,1.46094,1.46119,1.47,1.10
2013.12.12 04:42:14.338,1.46094,1.46119,1.72,1.15
2013.12.12 04:42:17.908,1.46094,1.4612,1.72,1.33
2013.12.12 04:42:37.951,1.46094,1.4612,1.34,1.25
2013.12.12 04:42:41.236,1.46094,1.46118,1.34,1.00
2013.12.12 04:42:45.636,1.46094,1.4612,1.34,1.25
2013.12.12 04:43:04.164,1.46094,1.46118,1.34,1.00
2013.12.12 04:43:06.655,1.46094,1.46119,1.15,1.00
2013.12.12 04:43:09.728,1.46094,1.46119,1.18,1.10
2013.12.12 04:43:10.053,1.46094,1.46121,1.00,1.15
2013.12.12 04:43:13.403,1.46094,1.46121,1.00,1.83
2013.12.12 04:43:13.922,1.46094,1.4612,1.00,3.00
2013.12.12 04:43:15.608,1.46094,1.4612,1.00,3.75
2013.12.12 04:43:17.588,1.46094,1.4612,1.00,3.00
2013.12.12 04:43:21.892,1.46094,1.4612,1.00,2.33
2013.12.12 04:43:21.943,1.46094,1.4612,1.00,1.15
2013.12.12 04:43:22.044,1.46094,1.4612,1.00,1.15
2013.12.12 04:43:22.578,1.46094,1.46118,1.10,1.18
2013.12.12 04:43:23.094,1.46094,1.46118,1.00,1.15
2013.12.12 04:43:26.844,1.46094,1.46119,1.00,1.58
2013.12.12 04:43:27.499,1.46094,1.46121,1.00,2.40
2013.12.12 04:43:32.876,1.46094,1.4612,1.00,1.15
2013.12.12 04:43:33.506,1.46094,1.46119,1.20,1.15
2013.12.12 04:43:34.195,1.46094,1.4612,1.00,1.15
2013.12.12 04:43:34.817,1.46094,1.4612,1.08,1.15
2013.12.12 04:43:35.132,1.46095,1.46119,2.69,1.00
2013.12.12 04:43:36.584,1.46095,1.46119,1.15,1.00
2013.12.12 04:43:40.907,1.46095,1.4612,1.15,1.25
2013.12.12 04:43:42.667,1.46095,1.46118,1.15,1.00
2013.12.12 04:43:58.285,1.46095,1.46119,1.40,1.10
2013.12.12 04:44:12.058,1.46095,1.46119,1.40,1.00
2013.12.12 04:44:15.347,1.46095,1.46118,1.02,1.00
2013.12.12 04:44:15.555,1.46095,1.4612,1.77,1.02
2013.12.12 04:44:15.818,1.46095,1.4612,2.14,1.10
2013.12.12 04:44:16.322,1.46097,1.4612,2.82,1.00
2013.12.12 04:44:33.968,1.46097,1.4612,1.15,1.00
2013.12.12 04:44:34.120,1.46097,1.4612,1.15,1.00
2013.12.12 04:45:00.579,1.46095,1.4612,1.34,1.09
2013.12.12 04:45:01.236,1.46094,1.46118,1.39,1.00
2013.12.12 04:45:02.256,1.46094,1.46116,1.39,1.00
2013.12.12 04:45:05.227,1.46094,1.46118,2.39,1.00
2013.12.12 04:45:05.897,1.46094,1.46117,1.58,1.00
2013.12.12 04:45:08.154,1.46094,1.46117,1.15,1.00
2013.12.12 04:45:26.264,1.46094,1.46119,1.15,1.09
2013.12.12 04:45:31.530,1.46094,1.46121,1.15,1.02
2013.12.12 04:45:32.083,1.46095,1.46122,2.09,1.37
2013.12.12 04:45:32.217,1.46096,1.46124,2.50,2.22
2013.12.12 04:45:32.685,1.46096,1.46124,4.19,1.25
2013.12.12 04:45:32.837,1.46096,1.46123,1.09,1.18
2013.12.12 04:45:33.209,1.46096,1.46121,1.84,1.15
2013.12.12 04:45:53.675,1.46096,1.4612,1.09,1.09
2013.12.12 04:46:00.776,1.46096,1.46121,1.84,1.40
2013.12.12 04:46:12.479,1.46096,1.46121,1.84,1.40
2013.12.12 04:46:12.992,1.46096,1.46122,1.15,1.34
2013.12.12 04:46:20.704,1.46096,1.46118,1.40,1.00
2013.12.12 04:46:22.155,1.46096,1.46119,1.84,1.00
2013.12.12 04:46:24.224,1.46096,1.46118,1.40,1.00
2013.12.12 04:46:27.962,1.46096,1.46119,1.40,1.00
2013.12.12 04:46:29.503,1.46095,1.46118,1.34,1.00
2013.12.12 04:46:33.164,1.46095,1.4612,1.34,1.10
2013.12.12 04:46:46.125,1.46095,1.46125,1.57,2.33
2013.12.12 04:46:46.177,1.46096,1.46125,3.82,1.65
2013.12.12 04:46:46.379,1.46098,1.46125,2.50,1.57
2013.12.12 04:46:46.532,1.46098,1.46125,1.08,1.72
2013.12.12 04:46:46.783,1.46098,1.46125,1.64,1.15
2013.12.12 04:46:46.935,1.46098,1.46125,1.72,1.00
2013.12.12 04:46:47.893,1.46098,1.46123,1.72,1.00
2013.12.12 04:46:51.832,1.46098,1.46121,1.72,1.00
2013.12.12 04:46:54.254,1.46098,1.46123,2.22,1.10
2013.12.12 04:46:56.235,1.46098,1.46122,1.72,1.00
2013.12.12 04:46:59.093,1.46098,1.46123,1.74,1.10
2013.12.12 04:47:20.777,1.46098,1.46124,2.14,1.00
2013.12.12 04:47:21.564,1.46098,1.46123,1.39,1.00
2013.12.12 04:47:21.791,1.46098,1.46121,1.39,1.00
2013.12.12 04:47:27.936,1.46098,1.46123,1.39,1.00
2013.12.12 04:47:47.039,1.46098,1.46123,1.58,1.00
2013.12.12 04:47:54.402,1.46098,1.46121,2.95,1.00
2013.12.12 04:47:54.940,1.46098,1.46122,2.70,1.00
2013.12.12 04:47:56.602,1.46098,1.46121,2.95,1.00
2013.12.12 04:47:57.041,1.46098,1.46123,2.95,1.00
2013.12.12 04:48:24.138,1.46098,1.46122,1.20,1.00
2013.12.12 04:48:24.290,1.46097,1.46122,1.53,1.00
2013.12.12 04:48:26.668,1.46097,1.46121,1.53,1.00
2013.12.12 04:48:31.827,1.46097,1.46121,1.88,1.00
2013.12.12 04:48:34.294,1.46096,1.46121,1.95,1.00
2013.12.12 04:48:37.962,1.46096,1.46128,1.28,1.15
2013.12.12 04:48:38.422,1.46096,1.46129,2.96,2.33
2013.12.12 04:48:56.178,1.46096,1.46127,1.48,1.50
2013.12.12 04:49:08.768,1.46096,1.46128,2.88,1.50
2013.12.12 04:49:09.525,1.46097,1.4613,3.65,1.83
2013.12.12 04:49:10.296,1.46103,1.46132,1.00,1.20
2013.12.12 04:49:10.398,1.46102,1.46133,2.63,1.15
2013.12.12 04:49:10.504,1.46102,1.46133,2.63,1.15
2013.12.12 04:49:10.606,1.46102,1.46134,2.20,1.50
2013.12.12 04:49:10.960,1.46102,1.46124,1.20,1.00
2013.12.12 04:49:11.062,1.46101,1.46132,1.53,1.65
2013.12.12 04:49:31.356,1.46101,1.46132,1.53,1.58
2013.12.12 04:49:31.879,1.46101,1.46133,1.28,3.08
2013.12.12 04:49:51.935,1.46101,1.46132,1.53,1.88
2013.12.12 04:49:52.036,1.46101,1.46124,2.03,1.00
2013.12.12 04:49:56.529,1.46101,1.46123,1.53,1.00
2013.12.12 04:50:10.745,1.46098,1.46123,2.70,1.00
2013.12.12 04:50:21.081,1.46098,1.46124,1.53,1.10
2013.12.12 04:50:21.430,1.46098,1.46122,1.53,1.00
2013.12.12 04:50:43.682,1.46098,1.46122,1.55,1.00
2013.12.12 04:50:45.932,1.46098,1.46122,1.55,1.08
2013.12.12 04:51:44.440,1.46096,1.46121,1.53,1.15
2013.12.12 04:51:44.768,1.46094,1.46119,1.53,1.08
2013.12.12 04:51:45.858,1.46093,1.46118,1.53,1.08
2013.12.12 04:51:45.909,1.46093,1.46118,1.45,1.15
2013.12.12 04:51:46.162,1.46093,1.46118,1.38,1.58
2013.12.12 04:51:46.907,1.46093,1.46116,1.48,1.18
2013.12.12 04:51:46.958,1.46093,1.46116,1.48,1.10
2013.12.12 04:51:53.356,1.46093,1.46117,1.45,1.20
2013.12.12 04:52:03.303,1.46092,1.46117,1.53,1.15
2013.12.12 04:52:05.843,1.46092,1.46115,1.53,1.00
2013.12.12 04:52:10.804,1.46094,1.46121,2.13,1.50
2013.12.12 04:52:11.006,1.46094,1.46123,3.03,1.50
2013.12.12 04:52:11.336,1.46108,1.46124,2.89,1.00
2013.12.12 04:52:11.438,1.46108,1.4613,2.96,1.08
2013.12.12 04:52:11.489,1.46108,1.4613,3.04,1.00
2013.12.12 04:52:12.066,1.46108,1.46136,3.04,1.58
2013.12.12 04:52:15.522,1.46108,1.46135,1.57,1.15
2013.12.12 04:52:20.913,1.4611,1.46138,1.19,3.08
2013.12.12 04:52:20.964,1.46111,1.46138,2.59,2.33
2013.12.12 04:52:21.415,1.46111,1.46137,1.19,1.15
2013.12.12 04:52:21.568,1.46111,1.46134,1.57,1.15
2013.12.12 04:52:25.087,1.46111,1.46134,1.57,1.10
2013.12.12 04:52:28.721,1.46111,1.46135,1.57,1.18
2013.12.12 04:52:40.164,1.4611,1.46132,1.02,1.18
2013.12.12 04:52:40.366,1.46109,1.46132,1.94,1.15
2013.12.12 04:52:41.430,1.46109,1.46132,1.19,1.15
2013.12.12 04:52:42.011,1.46109,1.46133,1.19,1.84
2013.12.12 04:52:42.379,1.46109,1.46133,1.57,1.15
2013.12.12 04:52:42.987,1.46109,1.46131,1.57,1.00
2013.12.12 04:52:43.867,1.46109,1.46133,1.57,1.15
2013.12.12 04:52:44.428,1.46109,1.46131,1.57,1.00
2013.12.12 04:52:50.138,1.46109,1.46132,1.57,1.20
2013.12.12 04:52:55.608,1.46109,1.46132,1.00,1.77
2013.12.12 04:52:55.659,1.46107,1.46128,1.47,1.10
2013.12.12 04:52:56.313,1.46107,1.46128,1.47,1.10
2013.12.12 04:52:57.229,1.46106,1.46127,1.34,1.00
2013.12.12 04:52:58.164,1.46106,1.46127,1.19,1.18
2013.12.12 04:52:59.878,1.46104,1.46125,1.33,1.10
2013.12.12 04:53:00.603,1.46103,1.46124,1.37,1.00
2013.12.12 04:53:07.109,1.46101,1.46122,2.22,1.00
2013.12.12 04:53:07.210,1.46101,1.46122,1.40,1.00
2013.12.12 04:53:07.875,1.46101,1.46122,1.09,1.00
2013.12.12 04:53:08.751,1.46101,1.46124,1.09,1.25
2013.12.12 04:53:12.435,1.46101,1.46124,1.40,1.25
2013.12.12 04:53:18.942,1.46101,1.46126,1.72,1.10
2013.12.12 04:53:19.760,1.46102,1.46127,2.42,1.58
2013.12.12 04:53:23.010,1.46104,1.46131,2.52,1.32
2013.12.12 04:53:23.545,1.46104,1.46129,1.25,1.02
2013.12.12 04:53:23.937,1.46104,1.46126,1.84,1.00
2013.12.12 04:53:35.223,1.46103,1.46126,1.77,1.20
2013.12.12 04:53:38.840,1.46103,1.46126,1.39,1.20
2013.12.12 04:53:40.021,1.46103,1.46126,1.00,1.20
2013.12.12 04:53:42.583,1.46103,1.46128,1.20,1.34
2013.12.12 04:53:48.738,1.46103,1.46128,1.47,1.15
2013.12.12 04:53:58.459,1.46103,1.46128,1.32,1.15
2013.12.12 04:54:15.638,1.46103,1.46127,1.29,1.34
2013.12.12 04:54:16.273,1.46102,1.46123,1.67,1.10
2013.12.12 04:54:17.728,1.46102,1.46123,1.00,1.15
2013.12.12 04:54:18.254,1.461,1.46123,1.29,1.15
2013.12.12 04:54:21.142,1.461,1.46124,1.67,1.18
2013.12.12 04:54:21.193,1.461,1.46124,1.77,1.20
2013.12.12 04:54:22.565,1.461,1.46122,1.77,1.00
2013.12.12 04:54:23.005,1.461,1.46124,1.77,1.20
2013.12.12 04:54:24.325,1.461,1.46123,1.72,1.00
2013.12.12 04:54:35.547,1.46099,1.46122,1.72,1.00
2013.12.12 04:54:35.768,1.46099,1.4612,1.72,1.00
2013.12.12 04:54:36.771,1.46099,1.46121,1.57,1.00
2013.12.12 04:54:39.181,1.46099,1.46123,1.32,1.58
2013.12.12 04:54:39.739,1.46099,1.46123,1.39,1.58
2013.12.12 04:55:19.413,1.46099,1.46122,1.57,1.18
2013.12.12 04:55:21.340,1.46099,1.46122,1.00,1.18
2013.12.12 04:55:22.390,1.46099,1.4612,1.47,1.00
2013.12.12 04:55:22.989,1.46098,1.46119,1.57,1.00
2013.12.12 04:55:23.495,1.46098,1.4612,1.47,1.00
2013.12.12 04:55:24.032,1.46098,1.46124,1.25,1.40
2013.12.12 04:55:33.174,1.46098,1.46122,1.33,1.10
2013.12.12 04:55:33.225,1.46098,1.46122,1.74,1.00
2013.12.12 04:55:33.883,1.46098,1.46124,1.19,1.18
2013.12.12 04:55:34.435,1.46099,1.46124,3.24,1.00
2013.12.12 04:55:35.766,1.461,1.46126,1.00,1.10
2013.12.12 04:55:36.425,1.461,1.46125,1.25,1.00
2013.12.12 04:55:37.125,1.461,1.46124,1.72,1.00
2013.12.12 04:55:38.956,1.461,1.46123,1.72,1.00
2013.12.12 04:55:39.650,1.461,1.46121,1.67,1.00
2013.12.12 04:55:40.206,1.46099,1.46122,1.74,1.00
2013.12.12 04:55:40.867,1.46099,1.46123,1.67,1.10
2013.12.12 04:55:42.491,1.46099,1.46124,1.25,1.09
2013.12.12 04:55:43.976,1.46099,1.46124,1.25,1.40
2013.12.12 04:55:44.868,1.46099,1.46124,1.57,1.15
2013.12.12 04:55:47.231,1.46099,1.46125,1.32,1.15
2013.12.12 04:55:50.975,1.46099,1.46125,2.53,1.18
2013.12.12 04:55:55.015,1.46099,1.46125,1.25,1.00
2013.12.12 04:55:55.532,1.461,1.46126,1.00,1.10
2013.12.12 04:55:58.889,1.461,1.46126,1.00,1.18
2013.12.12 04:55:59.654,1.461,1.46126,1.00,1.15
2013.12.12 04:56:01.285,1.461,1.46126,1.00,1.15
2013.12.12 04:56:12.177,1.461,1.46127,1.32,1.15
2013.12.12 04:56:12.855,1.46101,1.46127,1.19,1.15
2013.12.12 04:56:25.200,1.46101,1.46127,1.32,1.18
2013.12.12 04:56:31.490,1.46101,1.46129,4.24,1.40
2013.12.12 04:56:31.592,1.46105,1.46129,3.34,1.02
2013.12.12 04:56:31.643,1.46106,1.46134,1.19,1.65
2013.12.12 04:56:34.136,1.46106,1.46134,2.39,1.15
2013.12.12 04:56:34.638,1.46106,1.46134,2.47,1.15
2013.12.12 04:56:44.970,1.46106,1.4613,2.97,1.00
2013.12.12 04:56:45.724,1.46106,1.4613,1.25,1.18
2013.12.12 04:56:46.123,1.46105,1.46126,1.57,1.00
2013.12.12 04:56:46.852,1.46105,1.46127,1.57,1.00
2013.12.12 04:56:53.127,1.46105,1.46127,1.19,1.00
2013.12.12 04:56:54.032,1.46105,1.46127,1.19,1.08
2013.12.12 04:56:54.083,1.46103,1.46124,1.94,1.10
2013.12.12 04:56:54.386,1.46101,1.46122,1.94,1.00
2013.12.12 04:56:55.103,1.46101,1.46123,1.94,1.10
2013.12.12 04:56:55.516,1.46101,1.46123,1.94,1.10
2013.12.12 04:57:06.758,1.461,1.46123,1.57,1.10
2013.12.12 04:57:09.038,1.461,1.46121,1.57,1.00
2013.12.12 04:57:12.341,1.461,1.46122,1.32,1.00
2013.12.12 04:57:14.897,1.461,1.46122,1.32,1.08
2013.12.12 04:57:16.683,1.461,1.46122,1.00,1.37
2013.12.12 04:57:17.242,1.46098,1.46121,2.07,1.09
2013.12.12 04:57:24.486,1.46098,1.46121,1.39,1.02
2013.12.12 04:57:24.819,1.46098,1.46124,1.32,1.18
2013.12.12 04:57:25.483,1.46098,1.46124,1.57,1.18
2013.12.12 04:57:27.046,1.46098,1.46122,1.32,1.18
2013.12.12 04:57:32.827,1.46098,1.46124,1.00,1.40
2013.12.12 04:57:33.438,1.46099,1.46124,2.47,1.15
2013.12.12 04:57:41.791,1.46099,1.46124,1.19,1.15
2013.12.12 04:57:43.323,1.46099,1.46122,1.25,1.15
2013.12.12 04:57:43.862,1.46099,1.46122,1.25,1.15
2013.12.12 04:57:47.607,1.46099,1.46122,1.25,1.15
2013.12.12 04:57:50.685,1.46099,1.4612,1.25,1.15
2013.12.12 04:57:51.277,1.46099,1.4612,1.25,1.15
2013.12.12 04:57:53.007,1.46098,1.46121,1.19,1.15
2013.12.12 04:57:53.311,1.46098,1.46121,1.19,1.58
2013.12.12 04:57:53.920,1.46098,1.46121,1.19,1.15
2013.12.12 04:57:55.352,1.46098,1.46121,1.57,1.15
2013.12.12 04:57:55.403,1.46098,1.46123,1.57,1.15
2013.12.12 04:57:55.656,1.46098,1.46123,1.00,1.47
2013.12.12 04:57:55.707,1.46098,1.46122,1.00,1.77
2013.12.12 04:57:55.809,1.46098,1.46122,1.00,1.34
2013.12.12 04:57:55.860,1.46098,1.46122,1.57,1.15
2013.12.12 04:57:56.382,1.46098,1.46123,1.32,1.15
2013.12.12 04:58:00.241,1.46098,1.46123,2.90,1.15
2013.12.12 04:58:02.465,1.46099,1.46123,2.97,1.20
2013.12.12 04:58:22.075,1.46099,1.46124,1.19,1.15
2013.12.12 04:58:22.126,1.46099,1.46124,1.19,1.15
2013.12.12 04:58:28.024,1.46099,1.46124,1.57,1.18
2013.12.12 04:58:28.263,1.46099,1.46123,1.57,1.08
2013.12.12 04:58:28.314,1.46099,1.4612,1.02,1.08
2013.12.12 04:58:28.415,1.46099,1.4612,1.57,1.08
2013.12.12 04:58:28.466,1.46099,1.4612,1.57,1.10
2013.12.12 04:58:28.668,1.46097,1.46119,2.59,1.00
2013.12.12 04:58:29.230,1.46097,1.46121,1.19,1.18
2013.12.12 04:58:30.560,1.46097,1.46122,1.57,1.15
2013.12.12 04:58:34.078,1.46097,1.4612,1.19,1.15
2013.12.12 04:58:34.652,1.46094,1.46116,1.94,1.00
2013.12.12 04:58:35.174,1.46093,1.46116,2.52,1.18
2013.12.12 04:58:35.845,1.46093,1.46115,2.04,1.10
2013.12.12 04:58:42.748,1.46093,1.46116,1.57,1.00
2013.12.12 04:58:43.007,1.46093,1.46118,2.60,1.20
2013.12.12 04:58:43.512,1.46094,1.4612,2.60,1.39
2013.12.12 04:58:43.613,1.46094,1.46116,2.47,1.00
2013.12.12 04:58:43.987,1.46094,1.46117,1.57,1.00
2013.12.12 04:58:45.252,1.46094,1.46118,1.67,1.00
2013.12.12 04:58:49.896,1.46096,1.4612,3.17,1.08
2013.12.12 04:58:53.226,1.46096,1.4612,1.67,1.08
2013.12.12 04:59:04.890,1.46096,1.46122,4.85,1.18
2013.12.12 04:59:09.609,1.46096,1.4612,2.89,1.00
2013.12.12 04:59:10.332,1.46097,1.46121,3.15,1.10
2013.12.12 04:59:11.556,1.46097,1.46121,1.57,1.15
2013.12.12 04:59:14.163,1.46097,1.46121,1.19,1.15
2013.12.12 04:59:15.048,1.46095,1.46118,1.57,1.15
2013.12.12 04:59:18.132,1.46093,1.46116,1.74,1.10
2013.12.12 04:59:18.183,1.46093,1.46114,1.74,1.00
2013.12.12 04:59:24.528,1.4609,1.46113,2.44,1.00
2013.12.12 04:59:24.732,1.4609,1.46113,1.80,1.39
2013.12.12 04:59:25.036,1.4609,1.46113,2.62,1.18
2013.12.12 04:59:25.735,1.4609,1.46111,2.37,1.00
2013.12.12 04:59:27.712,1.4609,1.46113,2.37,1.18
2013.12.12 04:59:29.143,1.4609,1.46111,1.99,1.00
2013.12.12 04:59:29.696,1.4609,1.4611,1.24,1.00
2013.12.12 04:59:30.245,1.4609,1.46109,1.24,1.00
2013.12.12 04:59:30.398,1.4609,1.46112,1.57,1.10
2013.12.12 04:59:31.349,1.4609,1.4611,1.24,1.00
2013.12.12 04:59:31.875,1.46086,1.46109,2.22,1.00
2013.12.12 04:59:32.337,1.46086,1.46107,2.22,1.00
2013.12.12 04:59:33.013,1.46086,1.46108,1.64,1.00
2013.12.12 04:59:33.096,1.46086,1.46108,1.39,1.00
2013.12.12 04:59:34.221,1.46086,1.46106,1.64,1.00
2013.12.12 04:59:34.531,1.46086,1.46108,1.32,1.10
2013.12.12 04:59:34.963,1.46086,1.46109,2.69,1.00
2013.12.12 04:59:35.116,1.46086,1.46113,3.81,1.08
2013.12.12 04:59:40.519,1.46092,1.46115,2.45,1.08
2013.12.12 04:59:40.721,1.46092,1.46118,3.14,1.00
2013.12.12 04:59:40.975,1.46092,1.46116,2.52,1.00
2013.12.12 04:59:41.959,1.46092,1.46118,2.44,1.18
2013.12.12 04:59:42.758,1.46092,1.46118,2.44,1.09
2013.12.12 04:59:43.112,1.46095,1.46118,3.35,1.25
2013.12.12 04:59:43.315,1.46097,1.46121,3.24,1.10
2013.12.12 04:59:43.734,1.46097,1.46117,2.22,1.00
2013.12.12 04:59:43.785,1.46096,1.46117,1.34,1.00
2013.12.12 04:59:44.309,1.46096,1.46119,1.10,1.19
2013.12.12 04:59:45.173,1.46096,1.46119,1.29,1.00
2013.12.12 04:59:49.986,1.46096,1.46118,1.47,1.00
2013.12.12 04:59:52.143,1.46096,1.46118,3.44,1.00
2013.12.12 04:59:52.194,1.46096,1.46122,3.43,1.10
2013.12.12 04:59:54.628,1.46096,1.46124,2.60,1.40
2013.12.12 04:59:57.300,1.46097,1.46122,2.77,1.09
2013.12.12 04:59:59.002,1.46097,1.46122,2.22,1.33
2013.12.12 04:59:59.330,1.46102,1.46121,1.00,1.10
2013.12.12 04:59:59.432,1.46104,1.46126,4.28,1.00
2013.12.12 04:59:59.533,1.46107,1.4613,2.20,1.08
2013.12.12 04:59:59.686,1.46109,1.46133,2.09,1.47
2013.12.12 04:59:59.839,1.46109,1.4613,1.57,1.75
2013.12.12 04:59:59.941,1.46109,1.46128,1.00,1.50
