2010.04.09 14:00:00.156,1.34895,1.3493,2.40,4.00
2010.04.09 14:00:00.481,1.34895,1.34925,1.00,1.60
2010.04.09 14:00:00.657,1.3489,1.34925,4.80,2.40
2010.04.09 14:00:00.833,1.3489,1.3492,1.00,1.60
2010.04.09 14:00:02.123,1.3489,1.3493,3.00,4.00
2010.04.09 14:00:03.077,1.34895,1.3493,1.60,2.40
2010.04.09 14:00:03.427,1.3489,1.3492,1.70,1.00
2010.04.09 14:00:03.772,1.3489,1.3493,3.00,4.00
2010.04.09 14:00:04.831,1.3489,1.34925,2.40,4.00
2010.04.09 14:00:05.089,1.3489,1.34925,1.00,4.00
2010.04.09 14:00:05.340,1.34885,1.34925,4.60,4.00
2010.04.09 14:00:05.597,1.3489,1.34925,1.60,4.00
2010.04.09 14:00:06.555,1.3489,1.34915,2.40,4.00
2010.04.09 14:00:06.897,1.3488,1.34915,2.40,4.00
2010.04.09 14:00:07.089,1.3488,1.3491,1.00,1.60
2010.04.09 14:00:07.471,1.34875,1.3491,2.90,1.60
2010.04.09 14:00:07.668,1.34875,1.3491,1.30,4.00
2010.04.09 14:00:08.649,1.34875,1.3491,1.00,4.00
2010.04.09 14:00:08.903,1.34875,1.34905,1.00,2.40
2010.04.09 14:00:09.125,1.34875,1.34905,2.30,1.00
2010.04.09 14:00:09.951,1.34875,1.3491,4.70,4.00
2010.04.09 14:00:10.187,1.34875,1.3491,3.10,4.00
2010.04.09 14:00:11.930,1.34865,1.349,1.30,4.00
2010.04.09 14:00:12.286,1.3487,1.349,1.60,1.00
2010.04.09 14:00:12.536,1.3488,1.3491,1.00,1.00
2010.04.09 14:00:13.365,1.34885,1.34915,1.60,2.40
2010.04.09 14:00:13.580,1.34885,1.34915,1.00,1.60
2010.04.09 14:00:14.748,1.3488,1.34915,2.90,2.40
2010.04.09 14:00:15.096,1.3488,1.3491,1.30,1.60
2010.04.09 14:00:15.435,1.3488,1.3491,1.00,2.40
2010.04.09 14:00:15.778,1.3488,1.3491,1.00,4.00
2010.04.09 14:00:17.254,1.3488,1.3491,1.00,2.40
2010.04.09 14:00:17.418,1.3489,1.3492,1.30,2.40
2010.04.09 14:00:17.577,1.3489,1.34915,1.30,1.60
2010.04.09 14:00:17.737,1.3489,1.34915,1.00,4.00
2010.04.09 14:00:17.898,1.3488,1.34915,1.30,4.00
2010.04.09 14:00:22.855,1.3489,1.34915,1.00,1.00
2010.04.09 14:00:23.044,1.3489,1.34925,1.00,4.00
2010.04.09 14:00:23.970,1.3489,1.34925,1.30,4.00
2010.04.09 14:00:24.260,1.349,1.34935,1.00,4.00
2010.04.09 14:00:24.826,1.349,1.34935,1.30,4.00
2010.04.09 14:00:25.118,1.349,1.34935,1.00,4.00
2010.04.09 14:00:25.464,1.349,1.3493,1.00,2.40
2010.04.09 14:00:26.396,1.34895,1.3493,2.90,2.40
2010.04.09 14:00:27.770,1.34895,1.3493,3.70,1.00
2010.04.09 14:00:28.121,1.34905,1.3494,2.40,2.40
2010.04.09 14:00:28.456,1.3491,1.3494,1.00,1.00
2010.04.09 14:00:29.143,1.34915,1.3494,1.60,1.00
2010.04.09 14:00:29.420,1.3492,1.3495,1.00,2.40
2010.04.09 14:00:29.683,1.3492,1.3495,1.00,1.00
2010.04.09 14:00:30.526,1.3492,1.34955,1.50,4.00
2010.04.09 14:00:30.875,1.34925,1.34955,1.00,2.40
2010.04.09 14:00:31.223,1.3493,1.34955,1.00,2.40
2010.04.09 14:00:31.563,1.3493,1.3496,1.30,2.40
2010.04.09 14:00:32.229,1.3493,1.3496,2.90,1.00
2010.04.09 14:00:32.587,1.34935,1.3495,1.00,1.60
2010.04.09 14:00:33.493,1.34935,1.34945,1.00,3.20
2010.04.09 14:00:33.739,1.349,1.34945,2.90,5.60
2010.04.09 14:00:34.834,1.34915,1.34945,1.00,3.20
2010.04.09 14:00:35.173,1.34915,1.34945,1.00,2.40
2010.04.09 14:00:35.512,1.34915,1.34945,1.00,5.60
2010.04.09 14:00:36.211,1.3491,1.34945,2.40,4.80
2010.04.09 14:00:36.772,1.3492,1.3495,1.00,2.40
2010.04.09 14:00:36.915,1.34915,1.3495,3.10,2.40
2010.04.09 14:00:38.124,1.3492,1.34955,2.40,5.60
2010.04.09 14:00:39.924,1.34915,1.3495,2.40,2.40
2010.04.09 14:00:40.133,1.34915,1.34945,2.40,1.60
2010.04.09 14:00:40.342,1.34915,1.34945,1.00,3.20
2010.04.09 14:00:41.249,1.3491,1.34945,3.10,4.00
2010.04.09 14:00:41.543,1.3491,1.3494,1.00,1.60
2010.04.09 14:00:41.832,1.34905,1.3494,2.40,2.40
2010.04.09 14:00:42.123,1.3491,1.3494,1.00,2.40
2010.04.09 14:00:43.095,1.3491,1.34945,3.10,5.60
2010.04.09 14:00:45.242,1.34915,1.34945,2.40,2.40
2010.04.09 14:00:45.473,1.34915,1.3495,2.40,4.00
2010.04.09 14:00:46.118,1.3492,1.3495,1.00,1.00
2010.04.09 14:00:46.463,1.34915,1.34945,1.60,1.00
2010.04.09 14:00:46.810,1.34915,1.3495,2.40,1.00
2010.04.09 14:00:47.658,1.34915,1.34945,2.40,1.60
2010.04.09 14:00:48.010,1.34915,1.34945,1.00,2.40
2010.04.09 14:00:48.354,1.34915,1.3495,2.40,4.00
2010.04.09 14:00:50.533,1.3491,1.34945,2.40,4.80
2010.04.09 14:00:50.761,1.34905,1.3494,1.50,2.40
2010.04.09 14:00:51.430,1.34905,1.3494,2.30,2.40
2010.04.09 14:00:51.709,1.3491,1.34945,3.20,4.00
2010.04.09 14:00:51.984,1.3492,1.3495,1.00,2.40
2010.04.09 14:00:52.814,1.34915,1.3495,3.10,2.40
2010.04.09 14:00:53.164,1.3492,1.34955,1.00,5.60
2010.04.09 14:00:53.851,1.3492,1.34955,1.50,4.00
2010.04.09 14:00:54.650,1.3492,1.34955,1.50,5.60
2010.04.09 14:00:54.992,1.3492,1.3495,1.50,1.60
2010.04.09 14:00:55.252,1.34915,1.3495,3.10,4.00
2010.04.09 14:00:55.514,1.3492,1.3495,1.00,4.00
2010.04.09 14:00:56.380,1.34915,1.34945,1.00,2.40
2010.04.09 14:00:56.595,1.3491,1.34945,3.10,2.40
2010.04.09 14:00:56.819,1.3491,1.3494,1.00,1.60
2010.04.09 14:00:57.808,1.34905,1.34945,3.10,9.60
2010.04.09 14:00:58.154,1.34905,1.34945,3.10,8.00
2010.04.09 14:00:58.494,1.34905,1.34945,3.10,9.60
2010.04.09 14:00:59.380,1.34905,1.3494,2.40,10.40
2010.04.09 14:00:59.627,1.3491,1.3494,1.00,10.40
2010.04.09 14:01:00.678,1.3491,1.3494,2.40,8.80
2010.04.09 14:01:01.483,1.34915,1.34945,1.00,2.40
2010.04.09 14:01:01.816,1.3491,1.34945,3.10,5.60
2010.04.09 14:01:02.448,1.34915,1.34945,1.00,1.60
2010.04.09 14:01:03.416,1.3491,1.34945,1.00,9.60
2010.04.09 14:01:03.804,1.3491,1.34945,1.00,5.60
2010.04.09 14:01:04.936,1.3491,1.34945,1.50,5.60
2010.04.09 14:01:05.281,1.3491,1.34945,2.40,1.60
2010.04.09 14:01:05.596,1.3491,1.34945,2.40,4.00
2010.04.09 14:01:06.369,1.3491,1.34945,1.00,5.60
2010.04.09 14:01:06.657,1.3491,1.3494,1.00,4.00
2010.04.09 14:01:06.932,1.34915,1.34945,1.00,5.60
2010.04.09 14:01:07.208,1.3491,1.34945,1.30,5.60
2010.04.09 14:01:09.015,1.3491,1.3494,1.00,1.60
2010.04.09 14:01:14.179,1.3491,1.34945,1.00,4.00
2010.04.09 14:01:15.712,1.3491,1.34945,2.40,4.00
2010.04.09 14:01:16.526,1.34925,1.3495,3.20,4.00
2010.04.09 14:01:16.873,1.3493,1.34965,1.60,1.00
2010.04.09 14:01:17.699,1.34935,1.3497,2.40,4.40
2010.04.09 14:01:17.828,1.3494,1.34975,2.40,6.00
2010.04.09 14:01:20.230,1.3494,1.34975,2.90,4.00
2010.04.09 14:01:20.431,1.34945,1.3498,1.00,6.00
2010.04.09 14:01:21.160,1.34945,1.3498,2.40,2.80
2010.04.09 14:01:22.093,1.34955,1.34985,1.00,1.60
2010.04.09 14:01:23.215,1.3495,1.34985,2.40,2.40
2010.04.09 14:01:23.500,1.3495,1.34985,3.30,2.40
2010.04.09 14:01:23.783,1.3496,1.34995,1.00,5.60
2010.04.09 14:01:24.693,1.34965,1.35,1.00,8.00
2010.04.09 14:01:24.993,1.34965,1.35,1.00,4.00
2010.04.09 14:01:25.291,1.34965,1.34995,1.00,3.20
2010.04.09 14:01:25.592,1.34965,1.35,2.40,2.40
2010.04.09 14:01:28.574,1.3497,1.35,1.70,1.00
2010.04.09 14:01:28.785,1.3497,1.3501,2.50,4.00
2010.04.09 14:01:28.911,1.3497,1.35005,2.90,3.20
2010.04.09 14:01:29.042,1.3497,1.35005,1.00,3.20
2010.04.09 14:01:29.743,1.3497,1.35005,1.00,5.60
2010.04.09 14:01:29.868,1.34965,1.34995,1.00,1.60
2010.04.09 14:01:30.211,1.34965,1.34995,1.00,3.20
2010.04.09 14:01:30.562,1.34965,1.35,1.00,4.40
2010.04.09 14:01:31.504,1.34955,1.3499,1.30,2.40
2010.04.09 14:01:31.856,1.3495,1.34985,4.70,2.40
2010.04.09 14:01:32.049,1.34955,1.34985,1.00,2.40
2010.04.09 14:01:32.996,1.3495,1.34985,2.90,2.40
2010.04.09 14:01:33.191,1.3495,1.34985,3.10,2.40
2010.04.09 14:01:33.427,1.34955,1.34985,1.00,2.40
2010.04.09 14:01:33.656,1.34955,1.34985,1.30,2.40
2010.04.09 14:01:33.886,1.34955,1.34985,1.40,2.40
2010.04.09 14:01:35.038,1.34955,1.34985,1.00,4.00
2010.04.09 14:01:35.739,1.3495,1.34985,4.50,4.00
2010.04.09 14:01:36.354,1.34955,1.34985,1.00,4.00
2010.04.09 14:01:36.651,1.34955,1.34985,1.00,1.00
2010.04.09 14:01:36.946,1.34955,1.3499,1.00,4.00
2010.04.09 14:01:38.035,1.34955,1.3498,1.00,1.60
2010.04.09 14:01:38.249,1.34955,1.3498,1.00,1.00
2010.04.09 14:01:38.953,1.34945,1.3498,2.90,3.20
2010.04.09 14:01:39.154,1.34945,1.3498,2.90,4.00
2010.04.09 14:01:40.122,1.3495,1.3498,1.60,2.40
2010.04.09 14:01:40.476,1.34955,1.3499,2.90,4.00
2010.04.09 14:01:40.819,1.34955,1.3498,1.00,1.60
2010.04.09 14:01:41.691,1.34945,1.3498,2.40,2.40
2010.04.09 14:01:42.310,1.3495,1.3498,1.00,2.40
2010.04.09 14:01:45.970,1.34945,1.3498,3.10,4.00
2010.04.09 14:01:46.651,1.34945,1.3498,2.30,4.00
2010.04.09 14:01:46.751,1.34955,1.34985,1.00,4.00
2010.04.09 14:01:46.855,1.34955,1.34985,1.60,2.40
2010.04.09 14:01:47.197,1.34955,1.3499,1.00,4.00
2010.04.09 14:01:47.853,1.34955,1.3498,1.00,1.60
2010.04.09 14:01:48.049,1.3494,1.3498,2.90,4.00
2010.04.09 14:01:48.233,1.3494,1.34975,2.90,4.00
2010.04.09 14:01:48.788,1.3494,1.34975,2.40,4.00
2010.04.09 14:01:49.528,1.3494,1.34975,2.40,2.40
2010.04.09 14:01:49.889,1.3494,1.3498,2.40,4.00
2010.04.09 14:01:50.662,1.34945,1.3498,1.60,4.00
2010.04.09 14:01:51.334,1.34945,1.3498,2.40,4.00
2010.04.09 14:01:51.616,1.3494,1.34975,1.50,4.00
2010.04.09 14:01:51.895,1.3494,1.34975,3.10,2.40
2010.04.09 14:01:52.175,1.34945,1.34975,1.50,2.40
2010.04.09 14:01:53.070,1.34945,1.34975,1.00,2.40
2010.04.09 14:01:53.368,1.3494,1.34975,2.40,5.60
2010.04.09 14:01:53.665,1.3494,1.3497,1.00,3.20
2010.04.09 14:01:53.969,1.34935,1.3497,1.50,4.00
2010.04.09 14:01:54.889,1.34945,1.34975,1.00,1.00
2010.04.09 14:01:55.276,1.3495,1.3498,1.00,4.00
2010.04.09 14:01:55.967,1.3495,1.34975,1.30,1.60
2010.04.09 14:01:56.317,1.3494,1.34975,1.00,4.00
2010.04.09 14:01:57.620,1.34935,1.3497,2.40,4.00
2010.04.09 14:01:58.230,1.34935,1.3497,2.90,4.00
2010.04.09 14:01:58.370,1.34935,1.34965,1.30,1.60
2010.04.09 14:01:58.514,1.34935,1.34965,1.00,1.60
2010.04.09 14:01:59.216,1.3493,1.3496,2.80,1.60
2010.04.09 14:01:59.420,1.3492,1.34955,2.40,4.40
2010.04.09 14:01:59.623,1.3492,1.34955,4.00,2.40
2010.04.09 14:02:00.362,1.3492,1.34955,2.40,2.40
2010.04.09 14:02:01.041,1.3492,1.34955,3.30,2.40
2010.04.09 14:02:01.383,1.3493,1.34965,2.40,4.00
2010.04.09 14:02:02.374,1.3493,1.34965,2.40,6.10
2010.04.09 14:02:02.724,1.3492,1.34955,2.40,4.00
2010.04.09 14:02:03.599,1.3492,1.34955,2.40,2.40
2010.04.09 14:02:03.843,1.34925,1.34955,1.60,1.00
2010.04.09 14:02:04.299,1.34925,1.3496,2.40,4.00
2010.04.09 14:02:05.430,1.3493,1.3496,1.60,1.00
2010.04.09 14:02:05.713,1.3493,1.34965,2.40,2.40
2010.04.09 14:02:07.225,1.34935,1.34965,1.00,2.40
2010.04.09 14:02:07.563,1.34935,1.3497,1.00,4.50
2010.04.09 14:02:08.233,1.34935,1.34965,1.00,1.60
2010.04.09 14:02:08.583,1.3493,1.34965,1.00,4.00
2010.04.09 14:02:11.156,1.3493,1.3496,1.00,1.60
2010.04.09 14:02:11.366,1.3493,1.3496,1.00,2.40
2010.04.09 14:02:11.679,1.3493,1.3496,1.00,2.90
2010.04.09 14:02:12.528,1.3492,1.34955,2.40,2.40
2010.04.09 14:02:12.715,1.34915,1.3495,2.40,4.00
2010.04.09 14:02:12.888,1.3492,1.3495,1.60,1.00
2010.04.09 14:02:13.669,1.34925,1.3495,2.10,1.00
2010.04.09 14:02:14.011,1.34925,1.3496,2.40,2.40
2010.04.09 14:02:14.359,1.34925,1.3496,2.40,4.00
2010.04.09 14:02:16.070,1.3493,1.3496,1.00,2.40
2010.04.09 14:02:16.263,1.34935,1.34965,1.00,3.60
2010.04.09 14:02:16.450,1.34935,1.34965,1.00,1.60
2010.04.09 14:02:17.104,1.3493,1.34965,2.80,2.40
2010.04.09 14:02:17.405,1.34925,1.3496,2.40,4.00
2010.04.09 14:02:17.887,1.3492,1.34955,2.90,1.00
2010.04.09 14:02:18.180,1.3492,1.34955,1.00,4.50
2010.04.09 14:02:19.576,1.3492,1.34955,2.40,4.00
2010.04.09 14:02:19.745,1.3492,1.34955,2.40,1.00
2010.04.09 14:02:21.711,1.34925,1.3496,2.40,4.00
2010.04.09 14:02:21.879,1.34925,1.3496,2.40,4.50
2010.04.09 14:02:23.228,1.3492,1.34955,2.40,2.90
2010.04.09 14:02:23.583,1.3492,1.34955,2.40,4.00
2010.04.09 14:02:23.930,1.34925,1.3496,1.00,4.50
2010.04.09 14:02:25.036,1.3492,1.34955,2.40,4.50
2010.04.09 14:02:25.714,1.3492,1.34955,2.40,2.90
2010.04.09 14:02:25.933,1.3492,1.34955,2.40,4.50
2010.04.09 14:02:26.797,1.3492,1.34955,2.40,2.40
2010.04.09 14:02:27.054,1.3492,1.34955,2.40,4.50
2010.04.09 14:02:27.303,1.3492,1.34955,2.40,1.00
2010.04.09 14:02:27.552,1.34925,1.3496,2.40,4.00
2010.04.09 14:02:28.129,1.34925,1.3496,2.40,2.40
2010.04.09 14:02:28.926,1.3492,1.34955,2.40,3.70
2010.04.09 14:02:29.026,1.3492,1.34955,2.40,4.50
2010.04.09 14:02:29.123,1.3492,1.34955,2.40,7.70
2010.04.09 14:02:31.693,1.3492,1.3495,1.00,1.60
2010.04.09 14:02:32.073,1.34915,1.3495,2.40,2.40
2010.04.09 14:02:32.267,1.34915,1.3495,2.80,2.40
2010.04.09 14:02:33.018,1.3492,1.34955,1.00,5.60
2010.04.09 14:02:33.336,1.3492,1.34955,1.00,7.60
2010.04.09 14:02:33.964,1.3492,1.34945,1.00,3.20
2010.04.09 14:02:34.385,1.3491,1.34945,2.40,5.60
2010.04.09 14:02:35.581,1.3491,1.3494,1.00,2.40
2010.04.09 14:02:37.328,1.34915,1.3495,2.40,4.00
2010.04.09 14:02:38.802,1.34915,1.34945,2.40,1.60
2010.04.09 14:02:40.451,1.34915,1.34945,2.40,3.20
2010.04.09 14:02:40.795,1.34915,1.34945,1.00,4.00
2010.04.09 14:02:41.318,1.3491,1.34945,2.40,4.00
2010.04.09 14:02:41.540,1.3492,1.34955,1.00,5.60
2010.04.09 14:02:41.767,1.3491,1.34945,6.40,2.40
2010.04.09 14:02:42.576,1.3491,1.34945,2.40,2.40
2010.04.09 14:02:42.916,1.34915,1.3495,2.40,4.80
2010.04.09 14:02:43.263,1.34915,1.34945,1.00,5.30
2010.04.09 14:02:43.612,1.3491,1.34945,1.00,7.70
2010.04.09 14:02:44.388,1.3491,1.3494,1.00,1.60
2010.04.09 14:02:44.732,1.3491,1.3494,1.00,2.40
2010.04.09 14:02:45.316,1.34905,1.3494,2.40,2.40
2010.04.09 14:02:47.021,1.34905,1.3494,2.80,2.40
2010.04.09 14:02:47.158,1.3491,1.34945,1.00,7.70
2010.04.09 14:02:49.172,1.3491,1.34945,1.00,4.00
2010.04.09 14:02:50.541,1.3491,1.34945,1.00,7.70
2010.04.09 14:02:52.106,1.3491,1.34935,1.00,1.60
2010.04.09 14:02:53.478,1.34905,1.34935,2.40,2.10
2010.04.09 14:02:54.232,1.34905,1.34935,1.00,1.60
2010.04.09 14:02:54.354,1.34905,1.34935,1.00,6.90
2010.04.09 14:02:54.598,1.349,1.34935,1.00,7.70
2010.04.09 14:02:55.311,1.349,1.3493,1.00,1.60
2010.04.09 14:02:55.664,1.34895,1.34935,2.40,7.70
2010.04.09 14:02:56.012,1.34895,1.3493,2.40,4.50
2010.04.09 14:02:56.363,1.349,1.3493,1.60,1.00
2010.04.09 14:02:57.328,1.34905,1.34935,1.00,6.10
2010.04.09 14:02:57.666,1.34905,1.34935,1.00,9.30
2010.04.09 14:02:57.897,1.34905,1.34935,1.00,9.50
2010.04.09 14:02:58.718,1.349,1.34935,1.60,6.80
2010.04.09 14:02:58.918,1.34905,1.3493,2.00,1.00
2010.04.09 14:02:59.911,1.34915,1.34945,1.00,4.00
2010.04.09 14:03:00.254,1.3491,1.3494,1.00,1.60
2010.04.09 14:03:00.601,1.3491,1.3494,1.00,2.80
2010.04.09 14:03:01.558,1.34905,1.34935,1.00,1.60
2010.04.09 14:03:01.904,1.34895,1.3493,2.40,2.00
2010.04.09 14:03:02.248,1.34895,1.3493,2.40,2.80
2010.04.09 14:03:05.608,1.349,1.3493,1.00,1.00
2010.04.09 14:03:05.737,1.3491,1.34935,1.60,1.00
2010.04.09 14:03:06.623,1.34915,1.3494,1.00,1.00
2010.04.09 14:03:06.970,1.34905,1.3494,4.00,2.10
2010.04.09 14:03:07.776,1.34905,1.3494,4.00,2.90
2010.04.09 14:03:08.454,1.34905,1.3494,2.40,2.90
2010.04.09 14:03:09.794,1.3492,1.34955,2.40,2.40
2010.04.09 14:03:10.007,1.34925,1.34955,1.60,1.00
2010.04.09 14:03:10.876,1.3493,1.3496,1.00,2.90
2010.04.09 14:03:11.228,1.3493,1.34965,6.80,2.40
2010.04.09 14:03:11.574,1.34935,1.3497,1.60,1.00
2010.04.09 14:03:12.758,1.3494,1.34975,2.40,4.00
2010.04.09 14:03:13.089,1.34945,1.3498,1.60,1.00
2010.04.09 14:03:13.417,1.3495,1.34985,1.00,5.60
2010.04.09 14:03:14.397,1.3495,1.34985,2.80,5.60
2010.04.09 14:03:14.742,1.3495,1.34985,5.20,5.60
2010.04.09 14:03:15.830,1.3495,1.34985,1.20,5.60
2010.04.09 14:03:17.960,1.3495,1.34985,1.00,5.60
2010.04.09 14:03:19.820,1.34945,1.34985,6.80,5.60
2010.04.09 14:03:20.170,1.3495,1.34985,1.00,5.60
2010.04.09 14:03:21.168,1.3495,1.34985,2.80,5.60
2010.04.09 14:03:21.517,1.3496,1.3499,1.60,2.40
2010.04.09 14:03:21.869,1.3496,1.34995,2.80,5.60
2010.04.09 14:03:22.764,1.3496,1.34995,1.00,4.00
2010.04.09 14:03:23.049,1.34965,1.34995,1.00,1.00
2010.04.09 14:03:23.336,1.34965,1.35,2.00,2.40
2010.04.09 14:03:24.048,1.34965,1.35,6.20,2.40
2010.04.09 14:03:24.296,1.34985,1.3501,1.60,1.00
2010.04.09 14:03:24.564,1.3498,1.35015,2.00,1.00
2010.04.09 14:03:25.501,1.34985,1.3502,2.40,3.60
2010.04.09 14:03:25.845,1.3498,1.35015,4.10,2.00
2010.04.09 14:03:26.557,1.3498,1.3501,2.50,3.60
2010.04.09 14:03:26.923,1.34975,1.35,1.00,1.60
2010.04.09 14:03:27.267,1.3497,1.3499,1.00,1.60
2010.04.09 14:03:28.217,1.3496,1.3499,2.00,1.00
2010.04.09 14:03:29.312,1.3496,1.34995,2.80,4.00
2010.04.09 14:03:29.552,1.3496,1.34995,2.40,4.00
2010.04.09 14:03:30.035,1.3496,1.34995,2.40,5.60
2010.04.09 14:03:30.806,1.34965,1.34995,1.60,1.00
2010.04.09 14:03:31.046,1.3495,1.3499,2.40,2.40
2010.04.09 14:03:31.392,1.3495,1.34985,2.40,1.60
2010.04.09 14:03:32.345,1.3495,1.34985,1.00,2.40
2010.04.09 14:03:32.644,1.3495,1.34985,3.70,2.40
2010.04.09 14:03:32.948,1.34955,1.34985,2.00,1.00
2010.04.09 14:03:33.833,1.34955,1.3499,2.40,4.00
2010.04.09 14:03:34.145,1.34955,1.34985,1.00,1.60
2010.04.09 14:03:34.440,1.3495,1.34985,2.40,2.40
2010.04.09 14:03:34.731,1.3495,1.34985,3.80,2.40
2010.04.09 14:03:35.646,1.34955,1.34985,1.00,1.60
2010.04.09 14:03:35.973,1.3495,1.3498,1.00,1.60
2010.04.09 14:03:37.366,1.34945,1.3498,1.00,4.00
2010.04.09 14:03:38.267,1.3494,1.3498,4.50,2.40
2010.04.09 14:03:38.607,1.3495,1.34985,1.00,6.00
2010.04.09 14:03:38.947,1.3495,1.34985,1.00,4.00
2010.04.09 14:03:39.289,1.3495,1.34985,1.00,6.00
2010.04.09 14:03:42.821,1.3495,1.34975,2.40,2.10
2010.04.09 14:03:42.967,1.3494,1.34975,2.40,1.00
2010.04.09 14:03:43.721,1.34945,1.3498,2.40,4.40
2010.04.09 14:03:44.284,1.34945,1.3497,2.40,1.60
2010.04.09 14:03:45.123,1.3494,1.3497,1.00,2.40
2010.04.09 14:03:45.432,1.34935,1.34965,1.20,2.40
2010.04.09 14:03:45.710,1.3493,1.34965,6.40,4.00
2010.04.09 14:03:45.985,1.3493,1.34965,2.40,4.00
2010.04.09 14:03:46.625,1.3493,1.3496,2.40,1.60
2010.04.09 14:03:46.983,1.34925,1.3496,4.00,4.00
2010.04.09 14:03:48.613,1.3493,1.34965,2.40,4.00
2010.04.09 14:03:50.182,1.34935,1.34965,1.60,4.00
2010.04.09 14:03:50.367,1.3493,1.34965,2.40,4.00
2010.04.09 14:03:50.555,1.34935,1.34965,1.60,4.00
2010.04.09 14:03:52.278,1.34935,1.34965,1.60,2.40
2010.04.09 14:03:52.954,1.34935,1.34965,1.70,2.40
2010.04.09 14:03:53.122,1.3494,1.34965,1.60,2.40
2010.04.09 14:03:53.917,1.34935,1.34965,1.60,2.40
2010.04.09 14:03:54.169,1.3494,1.3497,1.60,2.40
2010.04.09 14:03:54.407,1.34945,1.3497,1.60,2.40
2010.04.09 14:03:55.641,1.3494,1.3497,1.60,2.40
2010.04.09 14:03:55.778,1.34945,1.3497,1.60,2.40
2010.04.09 14:03:56.771,1.3494,1.3497,1.60,2.40
2010.04.09 14:03:58.491,1.34935,1.3497,12.40,2.40
2010.04.09 14:03:58.624,1.34935,1.3497,2.40,4.00
2010.04.09 14:03:58.756,1.3494,1.3497,1.60,4.00
2010.04.09 14:03:58.884,1.34935,1.3497,1.60,4.00
2010.04.09 14:03:59.738,1.34935,1.3497,6.80,4.00
2010.04.09 14:03:59.972,1.34935,1.3497,1.00,4.00
2010.04.09 14:04:00.892,1.34935,1.34965,1.00,3.20
2010.04.09 14:04:01.854,1.3494,1.3497,1.60,4.00
2010.04.09 14:04:02.452,1.3494,1.3497,1.60,2.40
2010.04.09 14:04:03.351,1.34935,1.3497,2.40,4.40
2010.04.09 14:04:03.634,1.34935,1.34965,1.60,4.00
2010.04.09 14:04:03.921,1.3493,1.34965,4.00,4.00
2010.04.09 14:04:05.177,1.3494,1.3497,1.60,4.40
2010.04.09 14:04:05.523,1.34935,1.3497,10.40,4.00
2010.04.09 14:04:05.760,1.34935,1.3497,6.40,4.00
2010.04.09 14:04:05.991,1.34935,1.34965,5.60,4.00
2010.04.09 14:04:06.805,1.34945,1.34965,1.60,2.40
2010.04.09 14:04:07.076,1.34935,1.3496,1.60,4.00
2010.04.09 14:04:07.340,1.3493,1.3496,1.60,4.00
2010.04.09 14:04:08.041,1.34935,1.3496,1.60,4.00
2010.04.09 14:04:08.346,1.34935,1.34965,1.60,2.40
2010.04.09 14:04:11.549,1.3494,1.34965,1.60,2.40
2010.04.09 14:04:12.183,1.3494,1.34965,1.60,1.00
2010.04.09 14:04:12.269,1.34935,1.3496,1.00,1.60
2010.04.09 14:04:12.347,1.34935,1.34975,1.00,4.40
2010.04.09 14:04:12.690,1.3494,1.34975,1.00,6.00
2010.04.09 14:04:14.129,1.3493,1.34965,2.40,4.00
2010.04.09 14:04:17.867,1.3493,1.34965,2.40,6.00
2010.04.09 14:04:18.647,1.34935,1.34965,1.60,2.80
2010.04.09 14:04:18.752,1.34935,1.3497,2.40,2.40
2010.04.09 14:04:19.877,1.3493,1.3496,1.00,6.10
2010.04.09 14:04:20.541,1.34925,1.34955,1.00,2.90
2010.04.09 14:04:21.766,1.34925,1.34955,1.00,2.40
2010.04.09 14:04:22.383,1.3493,1.3495,1.00,1.60
2010.04.09 14:04:25.764,1.3493,1.3496,1.00,2.10
2010.04.09 14:04:26.070,1.3493,1.3496,1.00,2.90
2010.04.09 14:04:26.191,1.3493,1.3496,1.00,4.50
2010.04.09 14:04:26.422,1.3493,1.3496,1.00,6.90
2010.04.09 14:04:27.152,1.34925,1.3496,1.00,4.80
2010.04.09 14:04:27.497,1.34925,1.34955,1.00,1.00
2010.04.09 14:04:27.851,1.3492,1.34955,2.40,3.70
2010.04.09 14:04:28.197,1.3492,1.3495,2.40,2.10
2010.04.09 14:04:28.778,1.3492,1.3495,2.40,3.70
2010.04.09 14:04:29.147,1.34915,1.34945,1.00,2.90
2010.04.09 14:04:29.277,1.34915,1.34945,1.00,2.40
2010.04.09 14:04:30.246,1.3492,1.34955,2.90,1.00
2010.04.09 14:04:30.595,1.34925,1.3496,2.40,4.00
2010.04.09 14:04:31.274,1.34925,1.3496,2.40,5.60
2010.04.09 14:04:32.093,1.3492,1.34955,2.40,2.90
2010.04.09 14:04:34.419,1.34915,1.3494,1.00,1.60
2010.04.09 14:04:37.502,1.3491,1.3494,1.20,1.60
2010.04.09 14:04:37.601,1.3491,1.3494,1.00,3.70
2010.04.09 14:04:37.661,1.34905,1.34935,1.00,1.00
2010.04.09 14:04:38.075,1.34905,1.3494,2.40,2.40
2010.04.09 14:04:38.656,1.3491,1.3494,1.60,1.00
2010.04.09 14:04:38.997,1.3491,1.34945,2.40,4.00
2010.04.09 14:04:40.270,1.34915,1.3495,2.80,2.40
2010.04.09 14:04:42.660,1.3492,1.34955,1.00,6.00
2010.04.09 14:04:42.881,1.3492,1.34955,1.00,4.40
2010.04.09 14:04:43.747,1.34925,1.34955,2.00,1.00
2010.04.09 14:04:44.004,1.34925,1.3496,6.40,3.20
2010.04.09 14:04:44.260,1.3493,1.3496,1.00,3.20
2010.04.09 14:04:44.566,1.34925,1.3496,2.40,4.00
2010.04.09 14:04:45.466,1.34925,1.3496,2.80,4.00
2010.04.09 14:04:45.573,1.3493,1.3496,1.00,4.00
2010.04.09 14:04:47.494,1.34925,1.3496,2.80,4.00
2010.04.09 14:04:48.009,1.3493,1.3496,1.00,4.00
2010.04.09 14:04:49.366,1.34925,1.3496,2.80,4.00
2010.04.09 14:04:51.004,1.34925,1.34945,1.00,1.00
2010.04.09 14:04:51.323,1.34915,1.3495,1.20,4.00
2010.04.09 14:04:51.645,1.3492,1.34945,1.00,1.00
2010.04.09 14:04:52.454,1.3492,1.34955,1.20,4.00
2010.04.09 14:04:52.968,1.3492,1.3494,1.20,1.60
2010.04.09 14:04:53.144,1.3492,1.3494,1.00,3.20
2010.04.09 14:04:53.326,1.34905,1.3494,5.00,4.00
2010.04.09 14:04:53.975,1.34905,1.3494,4.40,4.00
2010.04.09 14:04:54.231,1.34905,1.3494,2.80,4.00
2010.04.09 14:04:55.939,1.3491,1.3494,1.60,2.40
2010.04.09 14:04:56.282,1.3491,1.34945,2.40,6.00
2010.04.09 14:04:56.942,1.3491,1.34945,2.40,4.40
2010.04.09 14:04:58.205,1.3491,1.34945,2.40,6.00
2010.04.09 14:04:59.656,1.3491,1.3494,2.40,1.60
2010.04.09 14:04:59.857,1.34905,1.3494,4.40,4.00
2010.04.09 14:05:00.057,1.34905,1.3494,2.80,4.00
2010.04.09 14:05:02.510,1.349,1.34935,2.40,2.40
2010.04.09 14:05:03.197,1.34905,1.34935,1.60,1.00
2010.04.09 14:05:03.528,1.34905,1.3494,2.80,2.40
2010.04.09 14:05:04.473,1.34905,1.3493,1.60,1.00
2010.04.09 14:05:04.661,1.3491,1.34935,1.60,1.00
2010.04.09 14:05:04.846,1.34915,1.3495,2.40,2.10
2010.04.09 14:05:05.632,1.34915,1.3495,2.40,1.00
2010.04.09 14:05:05.893,1.3492,1.34955,2.40,8.00
2010.04.09 14:05:06.158,1.3492,1.34955,2.40,5.60
2010.04.09 14:05:06.419,1.3492,1.34955,2.40,4.00
2010.04.09 14:05:07.248,1.3492,1.3496,2.80,8.00
2010.04.09 14:05:07.601,1.34915,1.34945,2.40,2.10
2010.04.09 14:05:07.949,1.34915,1.34945,2.40,1.60
2010.04.09 14:05:08.218,1.34915,1.34945,2.40,6.10
2010.04.09 14:05:09.500,1.34915,1.3494,1.00,8.50
2010.04.09 14:05:09.634,1.34915,1.3494,1.00,4.50
2010.04.09 14:05:09.764,1.3491,1.3494,1.00,4.50
2010.04.09 14:05:11.267,1.3491,1.34945,2.40,8.50
2010.04.09 14:05:11.578,1.3491,1.34945,2.40,6.10
2010.04.09 14:05:12.512,1.3491,1.34945,2.40,2.10
2010.04.09 14:05:12.860,1.3491,1.34945,2.40,6.10
2010.04.09 14:05:13.374,1.3491,1.34945,2.40,4.50
2010.04.09 14:05:13.543,1.3491,1.34945,1.00,4.50
2010.04.09 14:05:14.365,1.3491,1.34945,1.00,6.10
2010.04.09 14:05:17.432,1.3491,1.34945,1.00,12.80
2010.04.09 14:05:18.317,1.3491,1.3494,1.00,1.00
2010.04.09 14:05:20.484,1.3491,1.34945,2.40,4.50
2010.04.09 14:05:21.288,1.34915,1.34945,1.00,3.70
2010.04.09 14:05:21.639,1.3492,1.3495,1.00,5.60
2010.04.09 14:05:21.865,1.3492,1.34955,1.00,4.00
2010.04.09 14:05:22.615,1.3492,1.3495,2.00,1.00
2010.04.09 14:05:22.929,1.3492,1.34955,4.40,2.40
2010.04.09 14:05:23.244,1.3492,1.34955,2.40,2.40
2010.04.09 14:05:24.159,1.3492,1.34955,2.40,4.00
2010.04.09 14:05:24.428,1.34925,1.3496,1.00,4.50
2010.04.09 14:05:26.204,1.3493,1.34965,1.60,4.00
2010.04.09 14:05:26.547,1.34925,1.3496,4.00,3.20
2010.04.09 14:05:27.490,1.34925,1.3496,2.40,1.00
2010.04.09 14:05:27.655,1.34925,1.34965,4.00,6.10
2010.04.09 14:05:27.819,1.3493,1.34965,1.60,6.10
2010.04.09 14:05:27.980,1.3493,1.34965,2.40,6.10
2010.04.09 14:05:28.728,1.3493,1.34965,2.40,8.70
2010.04.09 14:05:28.871,1.34925,1.3496,2.40,1.00
2010.04.09 14:05:29.880,1.34925,1.3496,2.40,1.00
2010.04.09 14:05:30.140,1.3493,1.34965,1.60,6.10
2010.04.09 14:05:30.944,1.3493,1.34965,2.40,2.90
2010.04.09 14:05:31.109,1.3494,1.34965,1.60,1.00
2010.04.09 14:05:31.264,1.3494,1.34975,1.00,6.10
2010.04.09 14:05:32.339,1.34935,1.34975,2.40,4.50
2010.04.09 14:05:33.829,1.34935,1.34975,2.80,4.00
2010.04.09 14:05:34.097,1.34935,1.34975,4.40,4.00
2010.04.09 14:05:35.017,1.34935,1.34975,2.80,5.60
2010.04.09 14:05:35.097,1.34935,1.34975,3.00,5.60
2010.04.09 14:05:35.179,1.3494,1.3497,2.00,1.60
2010.04.09 14:05:35.900,1.3494,1.3497,1.60,2.40
2010.04.09 14:05:36.242,1.34945,1.34975,1.60,1.00
2010.04.09 14:05:36.529,1.3495,1.3498,1.00,2.00
2010.04.09 14:05:37.468,1.3495,1.3498,1.00,3.60
2010.04.09 14:05:37.688,1.34945,1.3498,2.40,4.40
2010.04.09 14:05:38.960,1.34945,1.34975,2.40,2.00
2010.04.09 14:05:39.271,1.34945,1.34975,1.00,1.60
2010.04.09 14:05:39.577,1.3494,1.3498,2.40,4.40
2010.04.09 14:05:39.887,1.3494,1.3498,2.80,4.40
2010.04.09 14:05:40.849,1.3494,1.3497,1.20,2.40
2010.04.09 14:05:41.188,1.3494,1.34975,3.60,1.00
2010.04.09 14:05:41.929,1.3495,1.3498,1.00,2.40
2010.04.09 14:05:42.204,1.3495,1.3498,1.00,4.00
2010.04.09 14:05:42.738,1.34945,1.3498,2.40,4.00
2010.04.09 14:05:43.613,1.34945,1.3498,1.00,4.00
2010.04.09 14:05:45.222,1.3494,1.34975,2.40,4.00
2010.04.09 14:05:45.500,1.3494,1.3497,1.00,1.60
2010.04.09 14:05:45.776,1.34935,1.3497,4.00,2.40
2010.04.09 14:05:46.671,1.34935,1.3497,2.40,2.40
2010.04.09 14:05:47.020,1.3494,1.34975,2.40,4.70
2010.04.09 14:05:47.655,1.3494,1.3497,1.00,1.60
2010.04.09 14:05:47.877,1.34935,1.3497,4.00,2.40
2010.04.09 14:05:48.505,1.34935,1.3497,4.00,4.00
2010.04.09 14:05:48.686,1.34935,1.3497,4.00,4.40
2010.04.09 14:05:51.114,1.34935,1.34965,1.60,2.40
2010.04.09 14:05:51.165,1.3493,1.34965,2.40,2.40
2010.04.09 14:05:51.318,1.3493,1.34965,2.40,2.90
2010.04.09 14:05:51.947,1.3493,1.3496,2.40,1.60
2010.04.09 14:05:52.001,1.34935,1.3497,4.00,6.10
2010.04.09 14:05:52.349,1.3494,1.3497,1.00,3.20
2010.04.09 14:05:52.694,1.3494,1.3497,1.00,1.60
2010.04.09 14:05:54.580,1.34935,1.3497,4.00,1.00
2010.04.09 14:05:54.685,1.34935,1.34975,4.00,6.10
2010.04.09 14:05:55.387,1.3494,1.34975,1.60,2.90
2010.04.09 14:05:55.732,1.3494,1.34975,2.40,1.00
2010.04.09 14:05:56.078,1.3494,1.34975,1.00,6.10
2010.04.09 14:05:56.425,1.34935,1.3497,4.00,2.40
2010.04.09 14:05:59.392,1.3494,1.3497,1.00,1.60
2010.04.09 14:05:59.615,1.3494,1.34975,1.00,6.10
2010.04.09 14:05:59.757,1.34935,1.34975,4.00,6.10
2010.04.09 14:06:00.494,1.3494,1.34975,1.60,6.10
2010.04.09 14:06:00.707,1.3494,1.34975,1.00,6.10
2010.04.09 14:06:00.896,1.34935,1.34975,4.00,6.10
2010.04.09 14:06:01.084,1.34935,1.3497,4.00,3.70
2010.04.09 14:06:01.274,1.34935,1.3497,4.00,4.00
2010.04.09 14:06:02.239,1.34935,1.3497,2.40,4.00
2010.04.09 14:06:02.517,1.34935,1.3497,2.40,4.50
2010.04.09 14:06:03.063,1.3494,1.34975,2.40,10.10
2010.04.09 14:06:03.330,1.3494,1.34975,2.40,6.10
2010.04.09 14:06:05.440,1.3494,1.34975,2.40,4.50
2010.04.09 14:06:05.493,1.34945,1.34975,1.00,4.50
2010.04.09 14:06:05.651,1.34945,1.34975,1.00,1.30
2010.04.09 14:06:05.994,1.34945,1.34975,1.00,1.00
2010.04.09 14:06:06.620,1.34945,1.3498,1.00,4.50
2010.04.09 14:06:06.966,1.34945,1.3498,2.40,4.00
2010.04.09 14:06:07.388,1.34945,1.34975,1.00,1.60
2010.04.09 14:06:08.175,1.3494,1.3497,2.40,1.60
2010.04.09 14:06:09.201,1.3494,1.34975,2.40,4.50
2010.04.09 14:06:09.499,1.3494,1.34975,2.40,2.90
2010.04.09 14:06:10.359,1.3494,1.34975,2.40,3.70
2010.04.09 14:06:10.564,1.34945,1.3498,2.40,3.20
2010.04.09 14:06:10.747,1.34945,1.3498,2.40,2.90
2010.04.09 14:06:10.921,1.34945,1.3498,2.40,4.50
2010.04.09 14:06:12.025,1.3495,1.3498,1.00,2.40
2010.04.09 14:06:13.039,1.34955,1.34985,1.00,1.00
2010.04.09 14:06:13.375,1.3495,1.34975,1.60,1.20
2010.04.09 14:06:13.977,1.3495,1.34975,3.20,1.20
2010.04.09 14:06:14.110,1.34955,1.3498,1.00,1.60
2010.04.09 14:06:14.225,1.3496,1.34985,1.60,1.00
2010.04.09 14:06:14.343,1.34965,1.34985,1.60,1.00
2010.04.09 14:06:15.011,1.34965,1.3499,1.60,1.00
2010.04.09 14:06:15.357,1.3497,1.3499,1.00,1.60
2010.04.09 14:06:15.699,1.3496,1.3499,1.00,1.60
2010.04.09 14:06:16.642,1.3496,1.3499,2.40,1.00
2010.04.09 14:06:16.995,1.3496,1.34985,2.40,1.00
2010.04.09 14:06:17.346,1.3496,1.34995,2.40,2.90
2010.04.09 14:06:18.108,1.34965,1.34995,1.60,1.30
2010.04.09 14:06:18.351,1.3497,1.35005,2.40,4.50
2010.04.09 14:06:18.634,1.3497,1.3501,2.80,4.00
2010.04.09 14:06:18.911,1.34975,1.3501,2.40,4.00
2010.04.09 14:06:19.743,1.3498,1.3501,1.00,1.00
2010.04.09 14:06:19.969,1.3499,1.35015,1.00,2.40
2010.04.09 14:06:20.201,1.34985,1.3502,2.40,4.00
2010.04.09 14:06:21.164,1.3499,1.35015,1.00,1.60
2010.04.09 14:06:21.511,1.3498,1.3501,1.00,2.00
2010.04.09 14:06:22.462,1.34975,1.35,1.00,1.60
2010.04.09 14:06:22.785,1.34975,1.35005,1.00,6.40
2010.04.09 14:06:23.134,1.3497,1.35,1.00,1.00
2010.04.09 14:06:24.050,1.34975,1.35005,1.60,1.00
2010.04.09 14:06:24.494,1.3498,1.3501,1.00,3.20
2010.04.09 14:06:25.510,1.3498,1.35015,2.80,2.40
2010.04.09 14:06:25.851,1.3499,1.3502,1.00,1.60
2010.04.09 14:06:26.196,1.34985,1.3502,2.40,1.00
2010.04.09 14:06:26.844,1.34985,1.3502,2.40,1.60
2010.04.09 14:06:27.199,1.3498,1.35015,1.20,4.00
2010.04.09 14:06:27.523,1.3498,1.35005,2.80,8.00
2010.04.09 14:06:28.492,1.34985,1.35,1.00,4.00
2010.04.09 14:06:28.723,1.3498,1.35005,2.40,8.00
2010.04.09 14:06:29.172,1.34985,1.35015,1.60,1.30
2010.04.09 14:06:29.990,1.3498,1.3502,3.00,4.50
2010.04.09 14:06:30.247,1.34985,1.3502,1.60,4.00
2010.04.09 14:06:30.505,1.34985,1.3502,2.40,4.00
2010.04.09 14:06:31.799,1.3499,1.3502,1.00,1.60
2010.04.09 14:06:32.155,1.34985,1.3502,1.00,2.40
2010.04.09 14:06:33.430,1.34985,1.3502,2.40,1.00
2010.04.09 14:06:33.694,1.3499,1.35025,1.00,4.00
2010.04.09 14:06:34.443,1.34985,1.3502,1.00,4.00
2010.04.09 14:06:34.790,1.3498,1.35015,2.40,3.20
2010.04.09 14:06:35.138,1.3498,1.3501,1.00,3.20
2010.04.09 14:06:36.002,1.3498,1.3501,1.00,1.00
2010.04.09 14:06:36.270,1.34985,1.35015,1.60,2.40
2010.04.09 14:06:36.957,1.34985,1.35015,3.20,1.00
2010.04.09 14:06:37.199,1.3499,1.35025,1.00,4.80
2010.04.09 14:06:37.547,1.3499,1.3501,1.00,1.60
2010.04.09 14:06:38.518,1.34975,1.3501,6.10,2.40
2010.04.09 14:06:38.811,1.34985,1.3502,1.00,6.00
2010.04.09 14:06:39.096,1.34985,1.3502,1.00,6.80
2010.04.09 14:06:39.935,1.34985,1.3501,1.00,1.60
2010.04.09 14:06:40.245,1.34975,1.3501,2.40,2.40
2010.04.09 14:06:42.314,1.3498,1.35015,2.50,9.60
2010.04.09 14:06:42.481,1.3497,1.35,1.00,2.00
2010.04.09 14:06:43.242,1.3497,1.34995,1.00,1.60
2010.04.09 14:06:43.399,1.34965,1.34995,1.00,2.40
2010.04.09 14:06:44.435,1.34965,1.35,2.40,2.40
2010.04.09 14:06:46.726,1.3497,1.35005,2.40,4.00
2010.04.09 14:06:46.940,1.3497,1.35005,1.20,4.40
2010.04.09 14:06:47.754,1.3497,1.35,1.60,4.00
2010.04.09 14:06:49.826,1.3497,1.34995,1.60,2.40
2010.04.09 14:06:50.800,1.3496,1.3499,1.00,1.00
2010.04.09 14:06:51.142,1.3496,1.34995,2.90,4.00
2010.04.09 14:06:53.350,1.3496,1.3499,2.90,4.00
2010.04.09 14:06:53.562,1.3496,1.34985,1.00,2.10
2010.04.09 14:06:53.773,1.3496,1.34985,1.00,3.70
2010.04.09 14:06:54.613,1.3495,1.34985,1.00,7.70
2010.04.09 14:06:54.757,1.3495,1.34985,1.60,2.90
2010.04.09 14:06:54.896,1.34955,1.34985,1.60,2.40
2010.04.09 14:06:55.031,1.34955,1.34985,1.60,1.00
2010.04.09 14:06:55.787,1.34955,1.3499,1.00,4.00
2010.04.09 14:06:56.132,1.3496,1.3499,1.00,4.00
2010.04.09 14:06:56.487,1.34965,1.35,2.40,4.00
2010.04.09 14:06:57.423,1.34965,1.34995,2.40,2.00
2010.04.09 14:06:57.746,1.3496,1.3499,1.00,1.60
2010.04.09 14:06:57.970,1.3496,1.3499,1.00,2.10
2010.04.09 14:06:58.193,1.3496,1.3499,1.00,2.90
2010.04.09 14:06:59.350,1.3496,1.34985,1.00,1.60
2010.04.09 14:06:59.572,1.3496,1.34985,1.00,2.10
2010.04.09 14:07:00.604,1.3495,1.34985,2.40,7.70
2010.04.09 14:07:00.914,1.3495,1.3498,1.00,2.10
2010.04.09 14:07:01.223,1.34945,1.3498,2.40,2.40
2010.04.09 14:07:01.947,1.34945,1.3498,9.20,2.40
2010.04.09 14:07:02.290,1.34955,1.3499,1.00,2.40
2010.04.09 14:07:02.632,1.34955,1.34985,3.20,1.00
2010.04.09 14:07:02.985,1.3496,1.34985,1.00,2.40
2010.04.09 14:07:03.654,1.3496,1.3499,1.00,2.40
2010.04.09 14:07:05.217,1.34955,1.34985,4.50,1.00
2010.04.09 14:07:05.560,1.3495,1.34975,1.00,2.00
2010.04.09 14:07:06.566,1.3495,1.3497,1.00,1.60
2010.04.09 14:07:06.886,1.34955,1.34975,1.60,1.00
2010.04.09 14:07:07.643,1.34955,1.34975,2.40,1.00
2010.04.09 14:07:07.787,1.3495,1.3498,2.40,1.60
2010.04.09 14:07:09.128,1.3495,1.3498,1.00,1.00
2010.04.09 14:07:09.793,1.3495,1.3498,2.40,1.00
2010.04.09 14:07:10.052,1.34955,1.3498,1.00,2.00
2010.04.09 14:07:10.286,1.3494,1.34975,2.80,1.60
2010.04.09 14:07:10.525,1.3494,1.34975,2.80,4.00
2010.04.09 14:07:11.500,1.34945,1.3498,2.40,2.80
2010.04.09 14:07:11.809,1.3495,1.3498,1.00,2.40
2010.04.09 14:07:12.118,1.3495,1.3498,1.20,2.40
2010.04.09 14:07:13.077,1.3496,1.34995,1.00,12.50
2010.04.09 14:07:13.316,1.3496,1.34985,1.00,1.00
2010.04.09 14:07:14.148,1.34955,1.34985,2.40,1.00
2010.04.09 14:07:14.498,1.3496,1.34995,1.00,2.10
2010.04.09 14:07:15.437,1.3496,1.34995,2.40,1.00
2010.04.09 14:07:15.791,1.3497,1.34995,1.60,1.00
2010.04.09 14:07:16.146,1.3497,1.34995,1.00,1.60
2010.04.09 14:07:17.256,1.3497,1.35005,1.00,2.40
2010.04.09 14:07:17.595,1.3497,1.35005,2.80,1.60
2010.04.09 14:07:18.801,1.3498,1.3501,1.00,3.20
2010.04.09 14:07:19.769,1.3498,1.35005,1.00,3.60
2010.04.09 14:07:19.941,1.34975,1.35005,1.00,6.00
2010.04.09 14:07:20.105,1.3497,1.35005,1.00,5.20
2010.04.09 14:07:21.206,1.3496,1.34995,1.00,6.00
2010.04.09 14:07:21.556,1.3496,1.34985,1.00,3.20
2010.04.09 14:07:22.254,1.34945,1.34985,10.80,4.00
2010.04.09 14:07:22.603,1.3495,1.34985,2.00,4.00
2010.04.09 14:07:22.947,1.3495,1.34985,2.80,4.00
2010.04.09 14:07:23.942,1.34945,1.3498,2.40,4.00
2010.04.09 14:07:24.583,1.34945,1.3498,1.00,4.00
2010.04.09 14:07:25.519,1.34945,1.34975,1.00,3.20
2010.04.09 14:07:25.861,1.34945,1.34985,6.40,2.40
2010.04.09 14:07:26.045,1.34945,1.34985,6.40,4.00
2010.04.09 14:07:26.835,1.34945,1.34985,7.60,4.00
2010.04.09 14:07:27.018,1.3495,1.34985,2.40,2.40
2010.04.09 14:07:27.703,1.3495,1.34985,2.40,4.00
2010.04.09 14:07:28.625,1.3495,1.34985,2.40,2.40
2010.04.09 14:07:29.274,1.3495,1.34985,2.80,2.40
2010.04.09 14:07:30.207,1.3495,1.34985,2.40,2.40
2010.04.09 14:07:30.429,1.34955,1.34985,1.00,3.20
2010.04.09 14:07:30.694,1.34955,1.34985,1.00,3.70
2010.04.09 14:07:31.868,1.3495,1.34985,2.40,4.50
2010.04.09 14:07:34.131,1.34955,1.34985,1.20,1.60
2010.04.09 14:07:36.052,1.3496,1.34985,1.00,1.60
2010.04.09 14:07:38.279,1.34965,1.34985,1.60,1.60
2010.04.09 14:07:38.561,1.34965,1.34985,2.80,1.60
2010.04.09 14:07:40.562,1.34965,1.34985,4.50,1.60
2010.04.09 14:07:40.824,1.34965,1.3499,2.90,3.20
2010.04.09 14:07:41.746,1.34965,1.34995,1.70,2.40
2010.04.09 14:07:42.059,1.34975,1.34995,1.00,2.40
2010.04.09 14:07:42.680,1.3498,1.34995,1.00,1.00
2010.04.09 14:07:43.622,1.34975,1.34995,1.00,2.40
2010.04.09 14:07:44.132,1.34975,1.34995,1.00,1.00
2010.04.09 14:07:44.891,1.3498,1.34995,1.00,1.00
2010.04.09 14:07:45.063,1.3498,1.35005,1.00,1.00
2010.04.09 14:07:45.601,1.3498,1.35005,2.70,1.00
2010.04.09 14:07:46.206,1.3498,1.35005,2.70,2.40
2010.04.09 14:07:46.552,1.34985,1.35005,1.00,2.40
2010.04.09 14:07:47.243,1.34995,1.3501,1.10,1.00
2010.04.09 14:07:48.108,1.34995,1.3501,2.80,1.00
2010.04.09 14:07:48.414,1.35,1.35015,1.10,1.00
2010.04.09 14:07:48.709,1.34995,1.35015,1.10,1.00
2010.04.09 14:07:50.029,1.3498,1.35015,2.90,4.80
2010.04.09 14:07:50.795,1.3498,1.3501,2.90,1.60
2010.04.09 14:07:51.105,1.34995,1.3501,1.00,1.00
2010.04.09 14:07:51.409,1.34995,1.35015,1.00,1.00
2010.04.09 14:07:52.157,1.35005,1.35015,1.00,1.00
2010.04.09 14:07:52.501,1.35005,1.3502,1.00,1.60
2010.04.09 14:07:53.189,1.35015,1.3503,1.00,2.40
2010.04.09 14:07:54.120,1.35015,1.3502,1.00,1.60
2010.04.09 14:07:54.459,1.35015,1.3503,1.00,2.40
2010.04.09 14:07:55.599,1.35015,1.35035,1.00,1.00
2010.04.09 14:07:55.934,1.3503,1.35045,1.00,1.00
2010.04.09 14:07:56.901,1.3502,1.3504,1.70,4.00
2010.04.09 14:07:57.224,1.3502,1.35035,1.00,1.00
2010.04.09 14:07:57.550,1.3502,1.35035,1.00,1.00
2010.04.09 14:07:58.639,1.35015,1.3503,1.00,1.00
2010.04.09 14:07:59.904,1.35015,1.3503,1.00,2.40
2010.04.09 14:08:00.248,1.35005,1.35025,1.00,1.00
2010.04.09 14:08:00.571,1.3501,1.3502,1.00,1.00
2010.04.09 14:08:01.584,1.35015,1.35025,1.00,1.60
2010.04.09 14:08:01.922,1.35015,1.3503,1.00,1.00
2010.04.09 14:08:02.874,1.3499,1.35025,1.00,1.00
2010.04.09 14:08:03.128,1.35,1.35025,1.00,1.00
2010.04.09 14:08:03.392,1.34995,1.35025,1.00,1.60
2010.04.09 14:08:04.249,1.35,1.3502,1.00,1.00
2010.04.09 14:08:04.588,1.35005,1.35025,1.00,1.00
2010.04.09 14:08:06.796,1.3501,1.35025,1.00,1.00
2010.04.09 14:08:06.943,1.3501,1.3503,1.00,1.00
2010.04.09 14:08:07.097,1.35,1.3503,1.00,1.00
2010.04.09 14:08:08.062,1.35,1.35025,1.00,2.40
2010.04.09 14:08:08.402,1.35,1.35025,1.00,1.00
2010.04.09 14:08:09.406,1.34995,1.35025,1.00,1.00
2010.04.09 14:08:09.740,1.34995,1.35025,1.00,6.40
2010.04.09 14:08:10.059,1.34995,1.3502,1.00,1.00
2010.04.09 14:08:10.374,1.34995,1.35015,1.00,1.00
2010.04.09 14:08:11.456,1.34995,1.35015,1.00,2.40
2010.04.09 14:08:11.646,1.3499,1.35015,1.00,1.00
2010.04.09 14:08:11.832,1.3499,1.35015,1.00,4.80
2010.04.09 14:08:12.588,1.3499,1.35015,1.00,5.60
2010.04.09 14:08:12.939,1.35,1.3502,1.00,12.00
2010.04.09 14:08:13.938,1.3499,1.35015,1.00,1.60
2010.04.09 14:08:14.277,1.3499,1.3501,1.00,1.00
2010.04.09 14:08:15.844,1.34995,1.35015,1.00,2.40
2010.04.09 14:08:16.195,1.3499,1.35015,1.00,5.60
2010.04.09 14:08:17.217,1.3499,1.3501,1.00,1.00
2010.04.09 14:08:18.230,1.34995,1.3501,1.00,1.00
2010.04.09 14:08:22.012,1.3499,1.3501,1.00,2.40
2010.04.09 14:08:22.143,1.3499,1.35005,1.00,1.00
2010.04.09 14:08:22.277,1.34985,1.35,1.00,1.60
2010.04.09 14:08:23.017,1.34975,1.35,2.50,1.00
2010.04.09 14:08:23.371,1.3499,1.3501,1.00,1.00
2010.04.09 14:08:23.723,1.34995,1.3502,1.00,1.00
2010.04.09 14:08:24.635,1.34995,1.3502,1.00,1.00
2010.04.09 14:08:24.919,1.35,1.3502,1.00,1.00
2010.04.09 14:08:26.091,1.34995,1.3502,1.00,1.00
2010.04.09 14:08:26.848,1.34995,1.3502,1.00,2.40
2010.04.09 14:08:28.446,1.34995,1.3502,1.00,4.90
2010.04.09 14:08:28.795,1.34985,1.3501,1.00,1.60
2010.04.09 14:08:29.142,1.34995,1.35015,1.00,1.00
2010.04.09 14:08:29.759,1.3499,1.35015,1.00,1.00
2010.04.09 14:08:30.095,1.34995,1.35015,1.00,1.00
2010.04.09 14:08:30.717,1.3499,1.35015,1.00,1.00
2010.04.09 14:08:33.240,1.35,1.35015,1.00,1.00
2010.04.09 14:08:34.005,1.3501,1.3503,1.00,1.20
2010.04.09 14:08:34.271,1.3501,1.35035,1.00,2.40
2010.04.09 14:08:38.642,1.3501,1.35035,1.00,1.00
2010.04.09 14:08:38.987,1.3502,1.35035,1.00,1.00
2010.04.09 14:08:40.624,1.35015,1.3503,1.00,1.00
2010.04.09 14:08:40.870,1.35015,1.35035,1.00,1.00
2010.04.09 14:08:41.947,1.35025,1.3505,1.00,2.40
2010.04.09 14:08:42.226,1.35025,1.35055,1.00,4.00
2010.04.09 14:08:43.011,1.3503,1.35055,1.00,4.00
2010.04.09 14:08:43.351,1.3502,1.3505,1.00,4.00
2010.04.09 14:08:43.688,1.35025,1.3505,1.10,4.00
2010.04.09 14:08:44.437,1.35025,1.35045,1.10,1.60
2010.04.09 14:08:44.801,1.3503,1.35055,1.00,4.00
2010.04.09 14:08:45.732,1.35035,1.35055,1.00,4.00
2010.04.09 14:08:47.095,1.35035,1.3505,1.00,2.40
2010.04.09 14:08:48.214,1.35025,1.3505,1.00,2.40
2010.04.09 14:08:49.370,1.35025,1.3505,2.50,1.00
2010.04.09 14:08:49.699,1.35035,1.35055,1.00,1.00
2010.04.09 14:08:50.868,1.35035,1.3506,1.00,2.40
2010.04.09 14:08:51.167,1.35035,1.3506,1.00,4.00
2010.04.09 14:08:52.074,1.35035,1.3505,1.00,3.20
2010.04.09 14:08:52.379,1.35025,1.3505,1.00,5.60
2010.04.09 14:08:52.676,1.35035,1.3505,1.00,1.00
2010.04.09 14:08:53.597,1.3503,1.35055,1.00,4.00
2010.04.09 14:08:55.235,1.3502,1.3505,1.60,4.80
2010.04.09 14:08:55.460,1.3502,1.3505,1.00,5.60
2010.04.09 14:08:55.682,1.3502,1.3504,1.00,1.60
2010.04.09 14:08:56.725,1.3501,1.3504,1.00,4.80
2010.04.09 14:08:57.071,1.3501,1.3504,1.00,5.60
2010.04.09 14:08:58.172,1.3501,1.35035,1.00,4.00
2010.04.09 14:08:58.487,1.35005,1.35035,2.40,4.00
2010.04.09 14:08:58.798,1.3501,1.35035,1.00,2.40
2010.04.09 14:08:59.696,1.35015,1.35035,1.00,1.00
2010.04.09 14:09:00.003,1.35025,1.3504,1.00,1.00
2010.04.09 14:09:01.443,1.35025,1.3504,1.00,1.60
2010.04.09 14:09:01.689,1.35025,1.3504,1.00,2.40
2010.04.09 14:09:01.932,1.3502,1.3504,1.00,2.40
2010.04.09 14:09:02.932,1.3501,1.35035,1.00,2.40
2010.04.09 14:09:04.601,1.3502,1.3504,1.00,2.40
2010.04.09 14:09:05.963,1.35025,1.3505,1.00,4.00
2010.04.09 14:09:06.544,1.3503,1.3505,1.00,4.00
2010.04.09 14:09:08.004,1.35025,1.3505,1.00,4.00
2010.04.09 14:09:08.448,1.3503,1.3505,1.00,4.00
2010.04.09 14:09:10.248,1.35035,1.35055,1.00,2.40
2010.04.09 14:09:10.566,1.3504,1.35055,1.00,2.40
2010.04.09 14:09:12.568,1.3504,1.35055,1.00,1.00
2010.04.09 14:09:12.919,1.3504,1.3506,1.00,4.00
2010.04.09 14:09:14.871,1.3503,1.35055,1.00,2.40
2010.04.09 14:09:15.168,1.35035,1.35055,1.00,2.40
2010.04.09 14:09:16.137,1.3504,1.35055,1.00,1.00
2010.04.09 14:09:16.481,1.3504,1.3506,1.00,4.00
2010.04.09 14:09:16.827,1.3504,1.35055,1.00,1.60
2010.04.09 14:09:17.484,1.3504,1.35055,1.00,2.40
2010.04.09 14:09:17.862,1.3503,1.35055,1.00,4.00
2010.04.09 14:09:19.704,1.3503,1.3505,1.00,1.60
2010.04.09 14:09:19.887,1.3502,1.35045,1.80,1.60
2010.04.09 14:09:20.700,1.3502,1.35045,1.00,2.40
2010.04.09 14:09:21.052,1.3503,1.35045,1.00,2.40
2010.04.09 14:09:21.911,1.3502,1.35045,1.00,2.40
2010.04.09 14:09:22.213,1.3502,1.3503,1.00,1.00
2010.04.09 14:09:22.509,1.3501,1.35025,1.00,3.20
2010.04.09 14:09:23.527,1.35005,1.35015,1.00,1.60
2010.04.09 14:09:23.873,1.34995,1.3502,1.00,1.00
2010.04.09 14:09:24.226,1.34995,1.3502,1.00,4.00
2010.04.09 14:09:24.914,1.3499,1.3502,1.00,1.00
2010.04.09 14:09:25.214,1.3499,1.35025,1.60,2.40
2010.04.09 14:09:25.509,1.34985,1.3502,4.00,3.20
2010.04.09 14:09:26.193,1.34985,1.3502,2.40,3.20
2010.04.09 14:09:26.471,1.34985,1.35015,2.40,1.60
2010.04.09 14:09:26.808,1.3499,1.35015,2.40,1.00
2010.04.09 14:09:27.739,1.3499,1.3503,3.20,2.40
2010.04.09 14:09:28.078,1.35,1.35035,1.00,4.10
2010.04.09 14:09:28.420,1.35,1.3503,1.00,3.30
2010.04.09 14:09:29.358,1.3501,1.3503,2.40,1.00
2010.04.09 14:09:29.710,1.35015,1.3504,1.00,1.60
2010.04.09 14:09:30.025,1.35015,1.35045,1.00,2.40
2010.04.09 14:09:30.995,1.35025,1.35045,1.00,1.00
2010.04.09 14:09:31.161,1.35015,1.35045,1.60,3.20
2010.04.09 14:09:31.315,1.35025,1.35045,1.00,3.20
2010.04.09 14:09:32.037,1.35025,1.3505,1.00,1.60
2010.04.09 14:09:32.391,1.35025,1.3506,1.00,4.00
2010.04.09 14:09:32.738,1.3503,1.3506,1.00,2.40
2010.04.09 14:09:33.656,1.35025,1.3506,3.40,2.40
2010.04.09 14:09:34.006,1.35035,1.35065,1.00,1.60
2010.04.09 14:09:34.356,1.3504,1.3507,1.00,4.00
2010.04.09 14:09:35.248,1.35045,1.3507,1.00,1.00
2010.04.09 14:09:35.559,1.35055,1.3508,1.60,2.40
2010.04.09 14:09:36.454,1.35055,1.3508,1.00,2.40
2010.04.09 14:09:36.752,1.35055,1.35075,1.00,1.60
2010.04.09 14:09:37.085,1.35045,1.35075,1.60,2.40
2010.04.09 14:09:37.993,1.3505,1.35075,1.00,1.00
2010.04.09 14:09:38.300,1.35055,1.35085,1.00,4.00
2010.04.09 14:09:38.613,1.35055,1.3508,1.00,4.00
2010.04.09 14:09:39.531,1.3506,1.3508,1.00,1.60
2010.04.09 14:09:39.882,1.3506,1.35085,2.10,2.40
2010.04.09 14:09:40.086,1.35065,1.3509,1.00,4.00
2010.04.09 14:09:40.287,1.35065,1.35095,1.00,3.20
2010.04.09 14:09:41.166,1.3506,1.35095,2.40,4.00
2010.04.09 14:09:41.682,1.3507,1.3509,1.00,1.00
2010.04.09 14:09:42.692,1.35065,1.351,3.20,4.00
2010.04.09 14:09:43.022,1.35065,1.35095,1.60,1.60
2010.04.09 14:09:43.937,1.35075,1.35095,1.00,1.00
2010.04.09 14:09:44.263,1.3507,1.35105,1.60,4.00
2010.04.09 14:09:45.626,1.35085,1.35105,1.00,1.00
2010.04.09 14:09:45.977,1.35085,1.35115,1.00,1.00
2010.04.09 14:09:46.634,1.3509,1.35115,2.40,1.00
2010.04.09 14:09:46.932,1.35105,1.35125,2.40,1.00
2010.04.09 14:09:47.223,1.35105,1.3514,2.40,1.00
2010.04.09 14:09:48.247,1.35105,1.35135,1.00,3.20
2010.04.09 14:09:48.418,1.351,1.35135,3.20,4.40
2010.04.09 14:09:48.587,1.351,1.35135,3.20,4.00
2010.04.09 14:09:49.415,1.35105,1.3514,2.40,6.00
2010.04.09 14:09:50.765,1.351,1.35135,3.20,4.00
2010.04.09 14:09:52.139,1.3509,1.35125,3.20,4.00
2010.04.09 14:09:52.444,1.3509,1.35125,3.20,4.90
2010.04.09 14:09:53.190,1.3509,1.3512,1.00,3.20
2010.04.09 14:09:53.449,1.35085,1.35115,1.00,2.40
2010.04.09 14:09:53.709,1.35085,1.35115,1.60,2.40
2010.04.09 14:09:54.374,1.3509,1.35115,1.00,2.40
2010.04.09 14:09:54.631,1.35085,1.3512,1.60,4.00
2010.04.09 14:09:54.983,1.3509,1.3512,1.00,4.00
2010.04.09 14:09:55.919,1.351,1.3512,1.00,2.40
2010.04.09 14:09:56.210,1.351,1.35125,1.00,1.60
2010.04.09 14:09:56.493,1.35095,1.35125,1.00,2.40
2010.04.09 14:09:57.473,1.3509,1.3512,1.00,3.20
2010.04.09 14:09:57.820,1.35085,1.3512,1.60,4.00
2010.04.09 14:09:58.796,1.35095,1.3512,1.00,1.00
2010.04.09 14:09:59.144,1.35095,1.3512,1.00,4.00
2010.04.09 14:09:59.297,1.3509,1.3512,1.00,2.40
2010.04.09 14:10:00.518,1.35095,1.35125,1.60,1.20
2010.04.09 14:10:00.827,1.35095,1.35125,1.60,1.00
2010.04.09 14:10:01.727,1.35085,1.35115,1.60,1.00
2010.04.09 14:10:02.268,1.35085,1.3511,1.00,1.60
2010.04.09 14:10:02.944,1.3508,1.3511,1.00,2.40
2010.04.09 14:10:03.265,1.35075,1.3511,3.20,2.80
2010.04.09 14:10:03.584,1.35085,1.3511,1.00,1.00
2010.04.09 14:10:04.403,1.3508,1.35115,1.00,4.00
2010.04.09 14:10:05.369,1.3508,1.3511,1.00,1.60
2010.04.09 14:10:06.891,1.3508,1.3511,1.00,3.20
2010.04.09 14:10:07.053,1.35075,1.3511,3.20,5.60
2010.04.09 14:10:08.238,1.35075,1.35105,1.00,4.00
2010.04.09 14:10:08.522,1.35085,1.3511,1.00,4.40
2010.04.09 14:10:09.416,1.35085,1.3511,1.00,2.40
2010.04.09 14:10:09.755,1.3508,1.3511,1.20,1.60
2010.04.09 14:10:10.092,1.3508,1.3511,2.80,1.00
2010.04.09 14:10:10.710,1.3508,1.3511,4.60,1.00
2010.04.09 14:10:11.045,1.3509,1.3512,1.00,4.00
2010.04.09 14:10:11.384,1.35085,1.35115,1.20,1.60
2010.04.09 14:10:12.354,1.35085,1.35115,2.80,1.00
2010.04.09 14:10:12.701,1.3508,1.3511,1.00,3.20
2010.04.09 14:10:12.992,1.35075,1.3511,4.00,4.00
2010.04.09 14:10:13.870,1.3508,1.3511,1.00,4.00
2010.04.09 14:10:14.065,1.35075,1.3511,3.20,1.00
2010.04.09 14:10:14.261,1.3508,1.3511,1.00,1.00
2010.04.09 14:10:15.096,1.35075,1.3511,1.60,3.20
2010.04.09 14:10:15.404,1.35075,1.3511,1.00,5.60
2010.04.09 14:10:15.717,1.35075,1.3511,4.00,1.00
2010.04.09 14:10:16.467,1.35085,1.3511,1.00,1.00
2010.04.09 14:10:16.761,1.35075,1.3511,3.20,4.00
2010.04.09 14:10:17.042,1.35085,1.3511,1.00,4.00
2010.04.09 14:10:18.097,1.35075,1.3511,3.20,4.00
2010.04.09 14:10:18.783,1.35085,1.35115,1.00,4.00
2010.04.09 14:10:19.726,1.35075,1.3511,1.60,5.60
2010.04.09 14:10:20.077,1.3508,1.35105,1.00,1.00
2010.04.09 14:10:20.962,1.3508,1.35105,1.60,1.00
2010.04.09 14:10:21.135,1.3507,1.35105,3.20,1.60
2010.04.09 14:10:21.303,1.35075,1.35105,1.00,3.20
2010.04.09 14:10:22.076,1.35075,1.35105,1.00,1.60
2010.04.09 14:10:22.425,1.3507,1.351,1.00,1.00
2010.04.09 14:10:22.775,1.35065,1.351,1.60,4.00
2010.04.09 14:10:23.735,1.35065,1.351,1.60,2.40
2010.04.09 14:10:24.422,1.35065,1.351,3.20,2.40
2010.04.09 14:10:25.207,1.35075,1.351,1.00,5.60
2010.04.09 14:10:25.445,1.35075,1.35105,1.00,4.00
2010.04.09 14:10:25.711,1.3507,1.35105,1.60,8.00
2010.04.09 14:10:26.596,1.35065,1.351,3.20,8.80
2010.04.09 14:10:26.884,1.35065,1.35085,1.00,1.60
2010.04.09 14:10:28.025,1.35055,1.35085,2.40,2.40
2010.04.09 14:10:28.353,1.3506,1.35085,1.00,1.00
2010.04.09 14:10:29.308,1.3506,1.3509,1.00,4.00
2010.04.09 14:10:30.182,1.3506,1.3509,1.00,5.70
2010.04.09 14:10:30.529,1.35055,1.35085,3.80,1.00
2010.04.09 14:10:31.193,1.3506,1.3509,2.00,1.00
2010.04.09 14:10:31.308,1.3506,1.35095,2.80,2.40
2010.04.09 14:10:31.649,1.35065,1.3509,1.00,2.40
2010.04.09 14:10:32.002,1.35065,1.35095,1.00,2.40
2010.04.09 14:10:32.896,1.3507,1.351,1.00,4.00
2010.04.09 14:10:33.246,1.3507,1.35105,5.60,1.00
2010.04.09 14:10:33.537,1.35075,1.3511,1.00,4.00
2010.04.09 14:10:34.416,1.35075,1.35105,1.00,1.60
2010.04.09 14:10:34.597,1.35075,1.35105,1.00,2.40
2010.04.09 14:10:34.777,1.35075,1.351,1.00,1.60
2010.04.09 14:10:35.564,1.3507,1.35105,9.60,1.00
2010.04.09 14:10:35.912,1.35075,1.3511,1.60,5.60
2010.04.09 14:10:36.601,1.3508,1.3511,1.00,2.40
2010.04.09 14:10:37.987,1.3508,1.3511,2.40,1.00
2010.04.09 14:10:38.109,1.3508,1.35115,3.20,4.00
2010.04.09 14:10:38.242,1.3509,1.3512,1.00,4.40
2010.04.09 14:10:38.368,1.35085,1.3512,1.00,4.40
2010.04.09 14:10:39.084,1.35085,1.3512,1.60,4.40
2010.04.09 14:10:39.429,1.3508,1.35115,1.00,8.50
2010.04.09 14:10:39.777,1.3508,1.3511,1.00,1.60
2010.04.09 14:10:40.129,1.3507,1.35105,1.00,3.20
2010.04.09 14:10:40.751,1.3507,1.35105,1.00,4.00
2010.04.09 14:10:41.089,1.3507,1.35105,3.20,4.00
2010.04.09 14:10:41.442,1.35065,1.351,2.40,1.60
2010.04.09 14:10:42.344,1.35065,1.35105,2.40,4.00
2010.04.09 14:10:42.624,1.35065,1.351,6.40,2.40
2010.04.09 14:10:42.872,1.35065,1.351,2.40,2.40
2010.04.09 14:10:43.741,1.3507,1.351,1.60,1.00
2010.04.09 14:10:44.061,1.3508,1.35105,1.00,2.40
2010.04.09 14:10:44.379,1.3508,1.35105,2.00,1.00
2010.04.09 14:10:45.339,1.3509,1.3511,1.00,2.40
2010.04.09 14:10:45.574,1.35075,1.35105,1.00,3.20
2010.04.09 14:10:46.630,1.35075,1.35105,1.20,3.20
2010.04.09 14:10:46.978,1.3508,1.35105,2.00,4.00
2010.04.09 14:10:47.325,1.35075,1.351,1.00,1.60
2010.04.09 14:10:48.282,1.3507,1.35105,3.20,2.40
2010.04.09 14:10:49.467,1.3507,1.35105,3.20,1.00
2010.04.09 14:10:49.759,1.35075,1.3511,2.40,9.60
2010.04.09 14:10:50.656,1.35075,1.351,1.00,1.60
2010.04.09 14:10:51.381,1.3507,1.351,1.00,2.40
2010.04.09 14:10:52.179,1.3507,1.351,1.00,5.60
2010.04.09 14:10:52.878,1.35065,1.351,2.40,9.60
2010.04.09 14:10:53.168,1.35065,1.351,2.40,4.00
2010.04.09 14:10:53.457,1.3507,1.351,1.00,1.00
2010.04.09 14:10:54.317,1.35075,1.35105,1.00,7.20
2010.04.09 14:10:54.610,1.3506,1.351,2.80,5.60
2010.04.09 14:10:54.879,1.3506,1.35095,2.80,1.00
2010.04.09 14:10:55.780,1.35065,1.351,1.60,4.00
2010.04.09 14:10:56.079,1.3507,1.35105,1.00,4.00
2010.04.09 14:10:57.574,1.35075,1.3511,1.20,5.60
2010.04.09 14:10:57.874,1.35075,1.3511,1.20,4.00
2010.04.09 14:10:59.715,1.3507,1.35095,1.00,2.40
2010.04.09 14:10:59.831,1.35065,1.3509,3.20,3.20
2010.04.09 14:10:59.942,1.35065,1.35085,1.20,1.60
2010.04.09 14:11:00.609,1.35065,1.35085,1.00,1.60
2010.04.09 14:11:00.730,1.35055,1.3509,1.60,4.00
2010.04.09 14:11:01.074,1.35065,1.3509,1.00,4.00
2010.04.09 14:11:01.425,1.35055,1.3509,3.20,4.00
2010.04.09 14:11:02.975,1.35065,1.3509,2.40,6.40
2010.04.09 14:11:03.702,1.35055,1.3509,3.20,4.00
2010.04.09 14:11:04.036,1.3506,1.35095,2.40,10.40
2010.04.09 14:11:04.385,1.35065,1.35095,1.60,2.40
2010.04.09 14:11:05.114,1.3507,1.35095,1.00,1.00
2010.04.09 14:11:05.350,1.35075,1.35105,1.00,1.00
2010.04.09 14:11:05.572,1.35075,1.3511,1.60,5.60
2010.04.09 14:11:06.567,1.35075,1.35105,1.00,2.40
2010.04.09 14:11:06.913,1.35075,1.35105,1.00,4.00
2010.04.09 14:11:07.260,1.3507,1.35105,1.60,4.00
2010.04.09 14:11:08.782,1.3507,1.35105,1.60,5.60
2010.04.09 14:11:09.025,1.35075,1.35105,2.40,1.00
2010.04.09 14:11:09.933,1.35085,1.3511,1.00,1.00
2010.04.09 14:11:10.506,1.35075,1.3511,3.20,5.60
2010.04.09 14:11:11.397,1.35085,1.3511,1.00,4.00
2010.04.09 14:11:11.710,1.35085,1.3511,1.00,1.60
2010.04.09 14:11:12.534,1.35085,1.35115,1.00,4.00
2010.04.09 14:11:12.887,1.35085,1.35115,3.20,1.60
2010.04.09 14:11:13.234,1.3509,1.3512,1.60,1.00
2010.04.09 14:11:14.207,1.35095,1.35125,1.00,1.00
2010.04.09 14:11:14.557,1.351,1.35125,2.10,2.40
2010.04.09 14:11:14.723,1.3511,1.35135,1.00,2.40
2010.04.09 14:11:15.560,1.3511,1.35135,1.00,1.00
2010.04.09 14:11:15.913,1.3512,1.3515,2.30,1.00
2010.04.09 14:11:16.874,1.3512,1.35155,3.10,1.20
2010.04.09 14:11:17.166,1.3513,1.3516,1.00,4.00
2010.04.09 14:11:17.462,1.3513,1.3516,1.00,1.20
2010.04.09 14:11:18.402,1.35125,1.3516,1.00,4.00
2010.04.09 14:11:18.752,1.35125,1.3516,2.40,4.00
2010.04.09 14:11:19.725,1.35135,1.35165,1.00,1.00
2010.04.09 14:11:20.023,1.35135,1.3517,1.00,4.00
2010.04.09 14:11:20.922,1.3514,1.35175,2.30,2.40
2010.04.09 14:11:22.211,1.3514,1.35175,2.40,4.00
2010.04.09 14:11:22.507,1.3514,1.35175,1.00,8.00
2010.04.09 14:11:22.807,1.35135,1.3517,3.10,2.40
2010.04.09 14:11:24.058,1.3514,1.35175,2.80,4.40
2010.04.09 14:11:24.409,1.35145,1.3517,1.60,1.60
2010.04.09 14:11:25.306,1.35145,1.35175,2.80,3.20
2010.04.09 14:11:25.517,1.3513,1.35165,1.00,9.60
2010.04.09 14:11:25.726,1.35125,1.35165,2.40,9.60
2010.04.09 14:11:25.936,1.3513,1.35165,2.40,5.60
2010.04.09 14:11:26.749,1.35125,1.3516,3.10,4.00
2010.04.09 14:11:27.076,1.35125,1.3516,4.70,4.00
2010.04.09 14:11:27.404,1.3513,1.35165,1.20,4.00
2010.04.09 14:11:28.425,1.3512,1.35155,2.80,4.00
2010.04.09 14:11:29.951,1.3513,1.35155,2.00,1.00
2010.04.09 14:11:30.245,1.35125,1.35155,2.00,1.00
2010.04.09 14:11:31.179,1.3513,1.3516,1.00,2.40
2010.04.09 14:11:31.511,1.35125,1.3516,2.80,4.00
2010.04.09 14:11:31.836,1.3512,1.35155,1.20,4.00
2010.04.09 14:11:32.799,1.35125,1.3516,1.20,4.00
2010.04.09 14:11:33.147,1.35125,1.35155,1.00,3.20
2010.04.09 14:11:33.493,1.35125,1.35155,1.20,1.60
2010.04.09 14:11:34.132,1.35125,1.35155,1.00,2.40
2010.04.09 14:11:34.472,1.3512,1.35155,1.50,3.20
2010.04.09 14:11:34.651,1.3512,1.35155,1.00,4.00
2010.04.09 14:11:34.835,1.35115,1.3515,4.00,1.60
2010.04.09 14:11:35.612,1.35115,1.35145,3.20,2.40
2010.04.09 14:11:35.938,1.35115,1.3515,3.10,4.00
2010.04.09 14:11:36.254,1.35115,1.35145,1.00,1.60
2010.04.09 14:11:36.899,1.35115,1.35145,1.50,1.60
2010.04.09 14:11:37.220,1.35115,1.35145,1.00,2.40
2010.04.09 14:11:38.757,1.3511,1.35145,1.00,9.60
2010.04.09 14:11:39.111,1.3512,1.35145,1.00,4.00
2010.04.09 14:11:39.227,1.3511,1.35145,1.20,4.00
2010.04.09 14:11:39.333,1.3511,1.35145,1.00,4.00
2010.04.09 14:11:40.163,1.3511,1.3514,1.00,1.60
2010.04.09 14:11:40.513,1.35105,1.35135,3.10,2.40
2010.04.09 14:11:41.418,1.35105,1.35135,1.00,4.00
2010.04.09 14:11:41.596,1.3511,1.35135,1.00,2.40
2010.04.09 14:11:42.753,1.35105,1.35135,1.00,2.40
2010.04.09 14:11:43.100,1.35105,1.35135,1.00,4.00
2010.04.09 14:11:44.116,1.35105,1.35135,1.00,2.40
2010.04.09 14:11:44.392,1.3511,1.35135,1.00,2.40
2010.04.09 14:11:45.230,1.35105,1.35135,1.00,2.40
2010.04.09 14:11:46.030,1.3511,1.35135,1.00,2.40
2010.04.09 14:11:46.177,1.35105,1.35135,2.30,1.00
2010.04.09 14:11:46.331,1.35105,1.3514,1.00,4.00
2010.04.09 14:11:46.653,1.35105,1.3513,1.00,2.40
2010.04.09 14:11:47.415,1.351,1.35125,1.00,2.40
2010.04.09 14:11:47.762,1.35095,1.3513,4.00,2.40
2010.04.09 14:11:48.115,1.35095,1.35125,1.60,5.60
2010.04.09 14:11:48.798,1.35095,1.3512,1.60,1.60
2010.04.09 14:11:49.147,1.3509,1.3512,1.00,2.40
2010.04.09 14:11:49.495,1.3509,1.3512,2.30,1.00
2010.04.09 14:11:50.449,1.3509,1.35125,1.50,4.00
2010.04.09 14:11:52.306,1.3509,1.3511,1.00,1.00
2010.04.09 14:11:52.464,1.3509,1.35115,1.00,1.00
2010.04.09 14:11:52.619,1.3509,1.3512,1.00,2.40
2010.04.09 14:11:53.854,1.3508,1.35115,3.10,1.60
2010.04.09 14:11:55.278,1.3509,1.35115,1.00,2.40
2010.04.09 14:11:55.807,1.3509,1.35115,1.00,1.00
2010.04.09 14:11:56.691,1.35085,1.3512,2.40,4.00
2010.04.09 14:11:57.034,1.3509,1.35115,1.00,3.20
2010.04.09 14:11:57.252,1.3508,1.35115,1.50,2.40
2010.04.09 14:11:57.470,1.35085,1.35115,1.60,2.40
2010.04.09 14:11:58.353,1.351,1.35125,2.30,1.00
2010.04.09 14:11:58.609,1.3511,1.35135,1.00,1.00
2010.04.09 14:11:58.873,1.3511,1.35135,1.00,3.20
2010.04.09 14:11:59.808,1.3511,1.35135,1.00,4.00
2010.04.09 14:12:01.726,1.35115,1.35135,1.00,1.00
2010.04.09 14:12:01.903,1.3511,1.3514,1.00,2.40
2010.04.09 14:12:02.248,1.3511,1.3514,1.00,4.00
2010.04.09 14:12:03.211,1.35105,1.3514,1.00,5.60
2010.04.09 14:12:03.557,1.35105,1.35135,1.00,4.00
2010.04.09 14:12:03.911,1.3511,1.35135,1.00,4.00
2010.04.09 14:12:05.161,1.351,1.3513,1.00,2.40
2010.04.09 14:12:05.290,1.351,1.35135,1.00,4.00
2010.04.09 14:12:06.262,1.351,1.3513,1.00,1.60
2010.04.09 14:12:06.598,1.351,1.35135,1.00,5.60
2010.04.09 14:12:07.247,1.351,1.35135,1.00,4.00
2010.04.09 14:12:07.575,1.351,1.35135,1.00,5.60
2010.04.09 14:12:08.569,1.351,1.35135,1.00,5.60
2010.04.09 14:12:08.666,1.351,1.3513,1.00,1.60
2010.04.09 14:12:08.765,1.351,1.35135,1.00,8.00
2010.04.09 14:12:09.538,1.351,1.35135,1.00,4.00
2010.04.09 14:12:09.884,1.351,1.3513,1.00,3.20
2010.04.09 14:12:10.228,1.35095,1.3513,4.70,4.00
2010.04.09 14:12:11.488,1.35095,1.3513,3.20,5.60
2010.04.09 14:12:11.837,1.35095,1.35125,3.20,1.60
2010.04.09 14:12:12.095,1.35095,1.3512,1.60,1.60
2010.04.09 14:12:12.958,1.35095,1.3512,1.00,1.00
2010.04.09 14:12:13.203,1.35095,1.35125,1.00,5.60
2010.04.09 14:12:14.533,1.35095,1.35115,1.00,1.60
2010.04.09 14:12:14.893,1.35095,1.35115,3.90,1.00
2010.04.09 14:12:14.985,1.35095,1.3513,4.70,1.50
2010.04.09 14:12:15.151,1.35095,1.3513,4.70,3.10
2010.04.09 14:12:15.760,1.35095,1.3513,4.70,4.70
2010.04.09 14:12:15.844,1.35105,1.3513,1.00,4.00
2010.04.09 14:12:15.931,1.35095,1.3513,4.70,4.00
2010.04.09 14:12:17.521,1.351,1.3513,3.20,2.40
2010.04.09 14:12:17.891,1.351,1.3513,1.00,1.60
2010.04.09 14:12:18.023,1.35095,1.3513,4.70,2.40
2010.04.09 14:12:20.172,1.351,1.35135,2.40,4.00
2010.04.09 14:12:21.467,1.35105,1.35135,1.00,2.40
2010.04.09 14:12:21.601,1.35105,1.35135,1.50,2.40
2010.04.09 14:12:22.810,1.35105,1.35135,1.00,2.40
2010.04.09 14:12:25.069,1.35105,1.35135,1.50,2.40
2010.04.09 14:12:25.762,1.351,1.35135,1.00,4.00
2010.04.09 14:12:26.081,1.351,1.3513,1.00,3.20
2010.04.09 14:12:26.400,1.351,1.3513,1.00,4.00
2010.04.09 14:12:27.915,1.351,1.3513,1.00,1.00
2010.04.09 14:12:28.068,1.351,1.35135,1.50,4.00
2010.04.09 14:12:30.001,1.35105,1.35135,1.00,2.40
2010.04.09 14:12:30.230,1.351,1.35135,1.50,4.00
2010.04.09 14:12:31.389,1.351,1.35135,1.00,4.00
2010.04.09 14:12:33.120,1.35095,1.3513,1.00,4.00
2010.04.09 14:12:33.917,1.35095,1.3512,1.00,2.40
2010.04.09 14:12:34.300,1.35095,1.3512,1.20,2.40
2010.04.09 14:12:34.488,1.35095,1.3512,1.20,1.00
2010.04.09 14:12:35.263,1.35095,1.35125,1.20,4.00
2010.04.09 14:12:37.283,1.351,1.35125,1.60,4.00
2010.04.09 14:12:37.488,1.351,1.35125,1.60,8.00
2010.04.09 14:12:37.697,1.35095,1.35125,1.20,8.00
2010.04.09 14:12:38.830,1.35095,1.35125,1.20,4.00
2010.04.09 14:12:41.068,1.35095,1.35125,1.20,1.00
2010.04.09 14:12:41.189,1.35095,1.3513,2.00,4.00
2010.04.09 14:12:42.532,1.35095,1.3513,1.60,8.00
2010.04.09 14:12:42.880,1.35095,1.3512,1.00,2.40
2010.04.09 14:12:44.019,1.35095,1.35115,1.00,2.40
2010.04.09 14:12:44.372,1.35095,1.35115,1.00,1.60
2010.04.09 14:12:44.716,1.35095,1.3512,1.00,4.00
2010.04.09 14:12:51.245,1.35085,1.3512,1.20,4.00
2010.04.09 14:12:51.422,1.35085,1.35115,1.20,1.60
2010.04.09 14:12:51.602,1.35085,1.35115,1.20,2.40
2010.04.09 14:12:55.200,1.35085,1.3512,2.80,2.40
2010.04.09 14:12:55.432,1.35085,1.3512,1.00,4.00
2010.04.09 14:12:56.455,1.351,1.35145,1.50,4.00
2010.04.09 14:12:56.757,1.3511,1.35145,1.00,1.00
2010.04.09 14:12:57.645,1.3512,1.35145,1.00,1.00
2010.04.09 14:12:57.988,1.3512,1.35155,2.40,7.20
2010.04.09 14:12:59.270,1.3512,1.35155,2.40,4.00
2010.04.09 14:12:59.614,1.3512,1.3515,1.00,2.40
2010.04.09 14:13:00.411,1.3512,1.3515,2.30,1.00
2010.04.09 14:13:01.197,1.35125,1.35155,1.50,2.40
2010.04.09 14:13:01.643,1.35135,1.35155,2.30,2.40
2010.04.09 14:13:02.354,1.35135,1.35145,1.00,1.60
2010.04.09 14:13:02.694,1.35125,1.35145,1.60,2.40
2010.04.09 14:13:03.042,1.3512,1.3515,1.00,7.20
2010.04.09 14:13:03.665,1.35115,1.35145,1.00,1.00
2010.04.09 14:13:04.013,1.3512,1.3515,1.00,1.00
2010.04.09 14:13:04.352,1.35115,1.35155,3.10,4.00
2010.04.09 14:13:04.704,1.35115,1.3515,3.10,4.00
2010.04.09 14:13:05.634,1.35115,1.35145,3.10,1.60
2010.04.09 14:13:05.942,1.35115,1.35145,1.00,1.60
2010.04.09 14:13:06.222,1.35115,1.3515,1.00,2.40
2010.04.09 14:13:06.500,1.35115,1.3515,2.30,4.00
2010.04.09 14:13:07.157,1.35115,1.3515,1.60,4.00
2010.04.09 14:13:07.390,1.3512,1.3516,2.40,12.00
2010.04.09 14:13:07.616,1.35125,1.3516,2.40,8.00
2010.04.09 14:13:07.844,1.35125,1.35165,2.80,4.00
2010.04.09 14:13:08.657,1.35125,1.3516,2.80,1.60
2010.04.09 14:13:09.004,1.35125,1.3516,2.80,4.00
2010.04.09 14:13:11.022,1.35125,1.35155,1.20,1.60
2010.04.09 14:13:11.253,1.35125,1.35155,1.00,1.60
2010.04.09 14:13:11.481,1.3512,1.35155,2.80,2.40
2010.04.09 14:13:12.364,1.35125,1.35155,1.00,1.60
2010.04.09 14:13:12.714,1.35125,1.3516,2.40,1.00
2010.04.09 14:13:13.514,1.3513,1.35155,4.00,1.00
2010.04.09 14:13:13.842,1.35135,1.35165,2.30,2.40
2010.04.09 14:13:14.162,1.35135,1.35165,3.90,1.00
2010.04.09 14:13:14.477,1.35135,1.3517,3.90,4.00
2010.04.09 14:13:15.444,1.3514,1.3517,1.00,4.00
2010.04.09 14:13:15.997,1.3514,1.3517,1.00,2.40
2010.04.09 14:13:16.210,1.3514,1.35175,1.20,2.40
2010.04.09 14:13:16.983,1.3514,1.35175,2.40,2.40
2010.04.09 14:13:17.157,1.35145,1.35175,1.60,1.00
2010.04.09 14:13:17.327,1.3514,1.3518,2.40,5.60
2010.04.09 14:13:17.499,1.3514,1.3518,2.40,4.00
2010.04.09 14:13:18.271,1.3515,1.3517,1.00,1.00
2010.04.09 14:13:18.621,1.35145,1.35175,1.20,3.20
2010.04.09 14:13:18.966,1.35145,1.35175,1.00,4.00
2010.04.09 14:13:20.577,1.3515,1.35175,1.00,4.00
2010.04.09 14:13:20.636,1.3515,1.35175,1.00,3.20
2010.04.09 14:13:20.670,1.3515,1.35175,1.00,4.00
2010.04.09 14:13:22.927,1.3515,1.35175,1.00,1.00
2010.04.09 14:13:23.122,1.35145,1.3518,2.40,2.40
2010.04.09 14:13:23.301,1.3515,1.3518,1.00,2.40
2010.04.09 14:13:23.478,1.35145,1.3518,6.80,2.40
2010.04.09 14:13:24.219,1.3515,1.35175,1.00,1.60
2010.04.09 14:13:24.526,1.3515,1.3518,1.60,1.00
2010.04.09 14:13:24.817,1.35155,1.35185,2.10,1.00
2010.04.09 14:13:25.108,1.35155,1.3519,2.40,5.60
2010.04.09 14:13:26.028,1.3516,1.352,2.40,4.00
2010.04.09 14:13:26.590,1.3516,1.35195,2.40,4.00
2010.04.09 14:13:27.824,1.35175,1.352,3.60,2.40
2010.04.09 14:13:28.164,1.35175,1.352,1.00,3.20
2010.04.09 14:13:29.042,1.3517,1.352,1.00,2.40
2010.04.09 14:13:29.369,1.3517,1.352,1.00,4.00
2010.04.09 14:13:29.699,1.35165,1.352,2.40,4.80
2010.04.09 14:13:30.520,1.35165,1.35195,2.40,1.60
2010.04.09 14:13:30.726,1.3516,1.35195,2.40,4.00
2010.04.09 14:13:32.226,1.35155,1.35195,2.40,5.60
2010.04.09 14:13:33.189,1.3516,1.35195,2.80,2.40
2010.04.09 14:13:33.377,1.3516,1.35195,2.40,4.00
2010.04.09 14:13:33.569,1.3516,1.3519,1.00,1.60
2010.04.09 14:13:34.234,1.35155,1.3519,2.80,2.40
2010.04.09 14:13:34.568,1.35165,1.352,2.40,5.60
2010.04.09 14:13:36.124,1.35165,1.352,1.00,5.60
2010.04.09 14:13:36.471,1.35165,1.35195,1.60,2.40
2010.04.09 14:13:36.542,1.35165,1.35195,1.60,1.00
2010.04.09 14:13:36.625,1.35165,1.352,2.40,5.60
2010.04.09 14:13:36.788,1.35165,1.352,2.40,4.00
2010.04.09 14:13:37.738,1.3516,1.352,7.10,4.00
2010.04.09 14:13:38.083,1.35165,1.352,2.40,4.00
2010.04.09 14:13:39.369,1.35165,1.352,2.40,3.20
2010.04.09 14:13:39.715,1.35165,1.35195,1.00,1.60
2010.04.09 14:13:39.921,1.35165,1.35195,1.00,4.00
2010.04.09 14:13:41.556,1.35165,1.35195,1.00,4.80
2010.04.09 14:13:41.786,1.35165,1.35195,1.00,5.50
2010.04.09 14:13:42.080,1.35155,1.3518,1.00,1.60
2010.04.09 14:13:42.958,1.3516,1.352,1.00,4.00
2010.04.09 14:13:43.254,1.3516,1.352,1.00,2.40
2010.04.09 14:13:43.555,1.35165,1.352,1.00,2.40
2010.04.09 14:13:44.497,1.35175,1.35205,5.20,4.00
2010.04.09 14:13:44.818,1.3518,1.35205,1.00,1.60
2010.04.09 14:13:45.134,1.3518,1.3521,1.00,4.00
2010.04.09 14:13:46.116,1.3518,1.3521,2.00,4.00
2010.04.09 14:13:48.773,1.35175,1.3521,1.20,4.00
2010.04.09 14:13:49.849,1.3518,1.3521,1.00,4.00
2010.04.09 14:13:50.922,1.3518,1.3521,2.30,2.40
2010.04.09 14:13:52.395,1.35185,1.3521,1.00,1.00
2010.04.09 14:13:52.588,1.35195,1.35225,3.10,4.00
2010.04.09 14:13:52.793,1.3519,1.35225,11.10,2.40
2010.04.09 14:13:53.798,1.35185,1.3522,8.70,1.00
2010.04.09 14:13:54.111,1.35185,1.35215,2.40,1.60
2010.04.09 14:13:54.429,1.35185,1.3522,2.40,2.40
2010.04.09 14:13:54.744,1.35195,1.35225,1.60,2.40
2010.04.09 14:13:55.812,1.3519,1.35225,2.40,2.40
2010.04.09 14:13:56.387,1.35185,1.3522,8.50,2.40
2010.04.09 14:13:56.960,1.35195,1.3522,1.60,2.40
2010.04.09 14:13:57.923,1.35185,1.3522,1.60,4.00
2010.04.09 14:13:58.090,1.3518,1.3522,2.40,4.00
2010.04.09 14:13:58.260,1.3518,1.35215,2.40,3.20
2010.04.09 14:13:59.250,1.35175,1.3521,2.90,2.40
2010.04.09 14:14:00.926,1.3519,1.3521,1.00,2.40
2010.04.09 14:14:01.135,1.35195,1.35225,2.30,2.40
2010.04.09 14:14:01.768,1.35195,1.35225,3.10,2.40
2010.04.09 14:14:03.427,1.352,1.35235,1.00,2.40
2010.04.09 14:14:03.751,1.352,1.35235,4.80,2.40
2010.04.09 14:14:04.650,1.35195,1.3523,2.40,4.00
2010.04.09 14:14:05.486,1.35195,1.3523,4.00,4.00
2010.04.09 14:14:06.562,1.3519,1.3522,1.60,2.40
2010.04.09 14:14:06.756,1.3519,1.3522,2.40,2.40
2010.04.09 14:14:07.938,1.3519,1.35225,1.00,2.40
2010.04.09 14:14:08.289,1.352,1.3523,2.30,2.40
2010.04.09 14:14:08.635,1.352,1.3523,6.30,2.40
2010.04.09 14:14:08.977,1.352,1.3523,10.30,2.40
2010.04.09 14:14:09.735,1.3521,1.3523,2.30,2.40
2010.04.09 14:14:10.082,1.35205,1.3524,1.00,2.40
2010.04.09 14:14:10.206,1.35205,1.3524,1.60,2.40
2010.04.09 14:14:10.337,1.35205,1.3524,3.20,2.40
2010.04.09 14:14:11.295,1.35215,1.3525,2.40,2.40
2010.04.09 14:14:13.233,1.3522,1.35255,1.00,4.00
2010.04.09 14:14:13.403,1.3522,1.35255,2.40,2.40
2010.04.09 14:14:14.214,1.3522,1.35255,2.40,2.50
2010.04.09 14:14:15.146,1.3521,1.3525,3.90,2.40
2010.04.09 14:14:16.787,1.3521,1.35245,2.40,2.40
2010.04.09 14:14:18.714,1.3521,1.35245,1.00,4.10
2010.04.09 14:14:20.853,1.352,1.3523,1.00,1.60
2010.04.09 14:14:21.002,1.352,1.35225,1.00,1.60
2010.04.09 14:14:21.161,1.35195,1.35225,1.00,1.60
2010.04.09 14:14:21.462,1.3519,1.35225,2.90,2.40
2010.04.09 14:14:22.681,1.352,1.3523,2.90,2.40
2010.04.09 14:14:23.643,1.352,1.3522,1.30,1.60
2010.04.09 14:14:24.002,1.3519,1.3522,2.90,2.40
2010.04.09 14:14:27.153,1.3519,1.3522,1.30,4.00
2010.04.09 14:14:27.959,1.35185,1.3522,1.00,4.00
2010.04.09 14:14:28.801,1.3518,1.35215,4.50,1.00
2010.04.09 14:14:29.489,1.3518,1.35215,4.50,4.00
2010.04.09 14:14:31.581,1.3518,1.3521,2.10,2.40
2010.04.09 14:14:31.733,1.3518,1.3521,2.10,1.00
2010.04.09 14:14:31.879,1.3518,1.35215,2.90,4.00
2010.04.09 14:14:32.323,1.3518,1.3521,1.00,3.20
2010.04.09 14:14:32.471,1.3518,1.3521,1.60,2.40
2010.04.09 14:14:33.079,1.3518,1.3521,2.10,2.40
2010.04.09 14:14:33.877,1.3518,1.3521,2.10,3.20
2010.04.09 14:14:34.143,1.35175,1.35195,1.00,1.60
2010.04.09 14:14:35.073,1.35175,1.35205,1.60,1.00
2010.04.09 14:14:35.418,1.35165,1.35195,1.00,2.40
2010.04.09 14:14:37.688,1.35165,1.352,2.40,2.40
2010.04.09 14:14:38.585,1.35165,1.352,1.00,4.00
2010.04.09 14:14:39.509,1.35165,1.3519,1.00,1.60
2010.04.09 14:14:39.573,1.3516,1.35185,2.10,1.00
2010.04.09 14:14:39.628,1.35165,1.35195,2.40,1.00
2010.04.09 14:14:39.688,1.3517,1.35205,1.00,4.00
2010.04.09 14:14:40.507,1.3517,1.35205,1.00,5.60
2010.04.09 14:14:40.849,1.3517,1.35205,1.00,4.00
2010.04.09 14:14:41.531,1.3517,1.35195,1.00,1.60
2010.04.09 14:14:42.883,1.35165,1.352,2.40,1.00
2010.04.09 14:14:43.093,1.3517,1.35205,2.40,2.40
2010.04.09 14:14:44.033,1.3517,1.35205,2.40,4.00
2010.04.09 14:14:44.368,1.3518,1.3521,1.00,2.90
2010.04.09 14:14:44.708,1.3518,1.3521,1.00,2.80
2010.04.09 14:14:45.050,1.3518,1.3521,1.00,2.40
2010.04.09 14:14:45.806,1.3518,1.35215,2.40,4.00
2010.04.09 14:14:46.549,1.3518,1.35215,2.40,1.00
2010.04.09 14:14:46.771,1.35185,1.3522,1.00,4.00
2010.04.09 14:14:47.698,1.35185,1.3522,1.00,2.40
2010.04.09 14:14:48.248,1.35185,1.3522,1.00,2.50
2010.04.09 14:14:48.526,1.35185,1.35215,1.00,2.00
2010.04.09 14:14:49.572,1.3518,1.35215,1.00,7.60
2010.04.09 14:14:50.120,1.3518,1.35215,1.00,6.00
2010.04.09 14:14:51.251,1.35175,1.3521,1.00,2.40
2010.04.09 14:14:51.940,1.35175,1.35205,1.00,3.30
2010.04.09 14:14:52.904,1.3517,1.35205,2.40,2.90
2010.04.09 14:14:53.445,1.3517,1.352,1.00,2.40
2010.04.09 14:15:02.533,1.3517,1.35205,2.40,6.10
2010.04.09 14:15:04.291,1.3517,1.352,1.00,1.60
2010.04.09 14:15:05.186,1.35165,1.352,2.40,2.90
2010.04.09 14:15:05.285,1.35165,1.352,2.40,5.30
2010.04.09 14:15:05.382,1.35165,1.352,2.40,5.20
2010.04.09 14:15:05.485,1.35165,1.35195,2.40,1.00
2010.04.09 14:15:05.582,1.35165,1.352,2.40,8.00
2010.04.09 14:15:06.495,1.3517,1.35205,2.40,6.00
2010.04.09 14:15:06.846,1.3517,1.352,1.00,4.00
2010.04.09 14:15:07.802,1.3516,1.35195,2.40,3.60
2010.04.09 14:15:08.152,1.35165,1.352,2.40,4.00
2010.04.09 14:15:09.764,1.35165,1.352,2.40,4.50
2010.04.09 14:15:11.467,1.35165,1.352,2.40,1.20
2010.04.09 14:15:11.712,1.35165,1.352,2.40,4.40
2010.04.09 14:15:12.703,1.35165,1.352,2.40,2.80
2010.04.09 14:15:13.040,1.35165,1.352,2.40,4.40
2010.04.09 14:15:15.409,1.35165,1.3519,2.40,1.00
2010.04.09 14:15:15.582,1.3516,1.3519,2.40,1.00
2010.04.09 14:15:16.852,1.35165,1.35195,1.00,1.00
2010.04.09 14:15:18.173,1.35165,1.352,1.00,4.40
2010.04.09 14:15:18.520,1.3517,1.352,2.40,1.00
2010.04.09 14:15:19.613,1.35165,1.352,2.40,2.80
2010.04.09 14:15:19.901,1.3516,1.3519,1.00,1.00
2010.04.09 14:15:21.379,1.3516,1.3519,1.00,6.00
2010.04.09 14:15:22.276,1.35155,1.3519,6.40,1.00
2010.04.09 14:15:22.416,1.3516,1.3519,1.00,1.00
2010.04.09 14:15:22.678,1.3516,1.35195,1.00,5.60
2010.04.09 14:15:22.806,1.3516,1.35195,1.00,4.00
2010.04.09 14:15:25.872,1.3516,1.35195,2.40,2.40
2010.04.09 14:15:26.045,1.3517,1.352,1.60,1.20
2010.04.09 14:15:26.378,1.3517,1.35205,2.40,4.00
2010.04.09 14:15:27.133,1.3517,1.352,2.40,1.00
2010.04.09 14:15:27.483,1.3516,1.3519,1.00,2.00
2010.04.09 14:15:28.172,1.35165,1.35195,1.60,1.00
2010.04.09 14:15:28.833,1.35165,1.352,2.40,6.00
2010.04.09 14:15:29.170,1.35165,1.35195,2.40,1.00
2010.04.09 14:15:29.501,1.35165,1.35195,1.00,2.40
2010.04.09 14:15:30.133,1.35165,1.35195,1.00,2.80
2010.04.09 14:15:30.449,1.3516,1.35195,1.00,4.40
2010.04.09 14:15:31.208,1.35165,1.35195,1.60,1.20
2010.04.09 14:15:32.225,1.3517,1.35195,1.00,2.00
2010.04.09 14:15:32.570,1.35165,1.35195,1.00,3.20
2010.04.09 14:15:33.447,1.3516,1.35195,10.40,2.40
2010.04.09 14:15:33.753,1.35175,1.3521,2.40,6.00
2010.04.09 14:15:34.259,1.3517,1.35205,2.40,2.80
2010.04.09 14:15:35.037,1.3517,1.3521,6.90,4.00
2010.04.09 14:15:35.377,1.35175,1.3521,2.40,4.00
2010.04.09 14:15:36.418,1.3518,1.3521,1.00,4.00
2010.04.09 14:15:37.328,1.35175,1.35205,1.00,2.80
2010.04.09 14:15:37.553,1.3517,1.35205,2.40,2.80
2010.04.09 14:15:37.662,1.3517,1.35205,2.40,2.40
2010.04.09 14:15:39.568,1.35175,1.35205,1.00,2.40
2010.04.09 14:15:41.156,1.3517,1.352,2.40,1.60
2010.04.09 14:15:41.408,1.3517,1.35195,1.00,2.00
2010.04.09 14:15:42.063,1.3517,1.35195,4.80,2.00
2010.04.09 14:15:42.312,1.35175,1.3521,2.40,4.00
2010.04.09 14:15:42.558,1.35175,1.3521,2.40,4.40
2010.04.09 14:15:43.784,1.3518,1.35215,2.40,4.40
2010.04.09 14:15:44.467,1.3518,1.352,1.00,1.00
2010.04.09 14:15:44.787,1.35175,1.352,1.00,1.00
2010.04.09 14:15:45.710,1.3517,1.35205,2.40,1.00
2010.04.09 14:15:45.945,1.35175,1.3521,1.60,4.00
2010.04.09 14:15:46.782,1.35175,1.3521,2.40,4.00
2010.04.09 14:15:46.989,1.35175,1.3521,2.40,1.00
2010.04.09 14:15:47.252,1.35175,1.3521,2.40,4.00
2010.04.09 14:15:47.516,1.3517,1.35205,2.40,2.00
2010.04.09 14:15:48.397,1.3517,1.352,1.00,2.40
2010.04.09 14:15:48.738,1.3517,1.352,1.00,4.10
2010.04.09 14:15:49.076,1.35165,1.352,2.40,4.00
2010.04.09 14:15:50.578,1.3517,1.35205,2.40,4.40
2010.04.09 14:15:51.263,1.35175,1.35205,1.00,1.00
2010.04.09 14:15:52.199,1.35175,1.35205,1.00,1.60
2010.04.09 14:15:52.582,1.3517,1.35205,1.00,2.40
2010.04.09 14:15:52.772,1.35165,1.35205,3.20,4.00
2010.04.09 14:15:53.723,1.35175,1.35205,1.00,1.00
2010.04.09 14:15:54.074,1.35175,1.3521,1.00,3.20
2010.04.09 14:15:54.425,1.35175,1.35205,1.00,3.20
2010.04.09 14:15:55.570,1.35175,1.3521,1.00,2.40
2010.04.09 14:15:55.769,1.35175,1.3521,1.00,4.00
2010.04.09 14:15:57.033,1.35175,1.35205,1.00,1.60
2010.04.09 14:15:57.609,1.35175,1.35205,1.00,2.40
2010.04.09 14:15:58.122,1.35165,1.352,8.70,4.00
2010.04.09 14:15:58.401,1.35165,1.352,2.40,4.00
2010.04.09 14:15:59.339,1.3517,1.35205,4.80,4.00
2010.04.09 14:15:59.601,1.3517,1.35205,1.00,4.00
2010.04.09 14:15:59.859,1.3517,1.35205,4.80,4.00
2010.04.09 14:16:00.118,1.35175,1.35205,1.00,2.40
2010.04.09 14:16:02.277,1.3519,1.35205,1.60,2.40
2010.04.09 14:16:02.412,1.3519,1.35215,1.60,4.00
2010.04.09 14:16:02.760,1.35175,1.3521,2.40,1.60
2010.04.09 14:16:03.517,1.35175,1.35215,6.40,4.40
2010.04.09 14:16:03.760,1.3518,1.35215,2.40,4.40
2010.04.09 14:16:04.247,1.3518,1.35215,2.40,2.80
2010.04.09 14:16:05.476,1.3518,1.35215,2.40,4.40
2010.04.09 14:16:05.737,1.3518,1.35215,2.40,3.60
2010.04.09 14:16:06.505,1.35175,1.35205,2.40,1.00
2010.04.09 14:16:06.675,1.3518,1.3521,1.60,1.00
2010.04.09 14:16:06.989,1.3518,1.35215,2.40,2.80
2010.04.09 14:16:07.300,1.35185,1.3522,2.40,6.80
2010.04.09 14:16:08.185,1.35185,1.3522,2.40,2.80
2010.04.09 14:16:14.055,1.35185,1.3522,2.40,2.40
2010.04.09 14:16:14.149,1.35195,1.35225,1.00,2.00
2010.04.09 14:16:14.911,1.35195,1.35225,1.00,1.00
2010.04.09 14:16:14.998,1.35195,1.3523,1.00,2.40
2010.04.09 14:16:15.340,1.35195,1.3523,1.00,4.00
2010.04.09 14:16:19.684,1.352,1.35235,4.50,4.00
2010.04.09 14:16:20.044,1.35205,1.35235,1.60,1.00
2010.04.09 14:16:20.826,1.352,1.35235,1.00,4.40
2010.04.09 14:16:21.173,1.35195,1.3523,2.40,4.00
2010.04.09 14:16:22.997,1.35195,1.35225,1.00,3.20
2010.04.09 14:16:23.096,1.3519,1.35225,2.40,4.00
2010.04.09 14:16:23.344,1.3519,1.35225,4.80,2.40
2010.04.09 14:16:23.474,1.352,1.3523,1.00,1.00
2010.04.09 14:16:23.593,1.352,1.35235,1.30,4.00
2010.04.09 14:16:24.553,1.352,1.35235,1.00,4.00
2010.04.09 14:16:26.315,1.352,1.3523,1.00,2.00
2010.04.09 14:16:26.537,1.352,1.3523,1.00,1.00
2010.04.09 14:16:26.754,1.35195,1.35225,1.00,1.60
2010.04.09 14:16:27.503,1.35195,1.35225,1.00,2.40
2010.04.09 14:16:28.801,1.352,1.35225,1.60,2.40
2010.04.09 14:16:29.440,1.352,1.35225,1.60,1.00
2010.04.09 14:16:29.790,1.35205,1.35235,1.00,3.20
2010.04.09 14:16:33.175,1.352,1.3523,2.40,1.00
2010.04.09 14:16:33.412,1.352,1.35235,2.40,4.00
2010.04.09 14:16:33.652,1.352,1.3523,1.00,3.20
2010.04.09 14:16:33.889,1.35195,1.3523,4.50,4.00
2010.04.09 14:16:34.710,1.35195,1.3523,4.50,2.40
2010.04.09 14:16:34.955,1.352,1.35235,2.90,4.00
2010.04.09 14:16:35.495,1.352,1.3523,1.00,1.60
2010.04.09 14:16:36.420,1.35195,1.3523,2.40,1.00
2010.04.09 14:16:36.739,1.35195,1.3523,2.40,2.40
2010.04.09 14:16:37.061,1.35195,1.35225,1.00,1.60
2010.04.09 14:16:37.836,1.35195,1.35225,1.00,2.40
2010.04.09 14:16:38.186,1.3519,1.35225,8.00,4.00
2010.04.09 14:16:38.374,1.3519,1.35225,6.40,4.40
2010.04.09 14:16:38.561,1.3519,1.35225,4.80,2.40
2010.04.09 14:16:39.305,1.3519,1.35225,1.00,2.40
2010.04.09 14:16:40.235,1.3519,1.3522,1.00,1.00
2010.04.09 14:16:41.313,1.3519,1.35225,1.00,4.00
2010.04.09 14:16:41.525,1.3518,1.35215,2.40,1.00
2010.04.09 14:16:41.800,1.3518,1.3522,2.40,4.40
2010.04.09 14:16:42.969,1.3518,1.3521,1.00,1.60
2010.04.09 14:16:43.283,1.35175,1.3521,2.40,3.20
2010.04.09 14:16:43.591,1.35175,1.3521,2.40,1.60
2010.04.09 14:16:43.900,1.3519,1.3522,2.40,1.00
2010.04.09 14:16:44.804,1.35205,1.35225,1.00,4.80
2010.04.09 14:16:45.155,1.35215,1.3526,1.00,3.60
2010.04.09 14:16:45.237,1.35215,1.35255,1.00,1.60
2010.04.09 14:16:45.480,1.35215,1.3526,1.00,2.00
2010.04.09 14:16:45.571,1.35215,1.3526,2.40,1.60
2010.04.09 14:16:46.262,1.35215,1.3525,1.00,3.60
2010.04.09 14:16:46.611,1.3521,1.35245,1.00,3.60
2010.04.09 14:16:46.959,1.35205,1.35245,2.90,4.00
2010.04.09 14:16:47.853,1.35215,1.35245,1.00,3.20
2010.04.09 14:16:48.195,1.35205,1.3524,2.40,4.00
2010.04.09 14:16:49.288,1.35205,1.3524,2.40,2.40
2010.04.09 14:16:49.963,1.3521,1.3524,1.60,1.00
2010.04.09 14:16:50.223,1.3521,1.35235,1.60,1.00
2010.04.09 14:16:50.372,1.3521,1.3523,1.00,3.60
2010.04.09 14:16:50.519,1.3521,1.3523,1.00,1.60
2010.04.09 14:16:51.335,1.352,1.3523,1.60,1.00
2010.04.09 14:16:51.999,1.352,1.35235,2.40,2.40
2010.04.09 14:16:52.984,1.35205,1.3524,2.40,2.40
2010.04.09 14:16:53.330,1.35205,1.35245,2.40,6.20
2010.04.09 14:16:54.610,1.352,1.35235,2.90,1.70
2010.04.09 14:16:55.244,1.352,1.35235,2.40,2.40
2010.04.09 14:16:55.526,1.352,1.35235,2.40,4.40
2010.04.09 14:16:55.665,1.352,1.35235,2.40,2.40
2010.04.09 14:16:57.006,1.3521,1.35245,2.40,12.00
2010.04.09 14:16:57.122,1.352,1.35235,2.40,4.40
2010.04.09 14:16:58.310,1.352,1.3523,1.00,1.60
2010.04.09 14:16:58.661,1.35205,1.35235,1.00,4.40
2010.04.09 14:16:59.006,1.35205,1.35235,1.00,2.40
2010.04.09 14:17:01.022,1.35205,1.3524,1.00,4.00
2010.04.09 14:17:01.306,1.35215,1.3524,1.00,2.40
2010.04.09 14:17:01.980,1.3522,1.3524,1.60,2.40
2010.04.09 14:17:02.280,1.3522,1.35255,1.00,5.60
2010.04.09 14:17:02.376,1.3522,1.35255,1.00,4.00
2010.04.09 14:17:02.479,1.3522,1.35255,1.30,4.00
2010.04.09 14:17:03.199,1.35215,1.35245,1.00,1.60
2010.04.09 14:17:03.546,1.3521,1.35245,2.40,4.00
2010.04.09 14:17:05.458,1.3521,1.3524,2.40,1.00
2010.04.09 14:17:05.603,1.3521,1.3524,1.00,1.00
2010.04.09 14:17:05.742,1.35215,1.35245,1.00,4.00
2010.04.09 14:17:06.448,1.3521,1.35245,2.40,4.00
2010.04.09 14:17:06.724,1.35205,1.3524,2.40,4.40
2010.04.09 14:17:08.126,1.35205,1.35235,1.00,4.80
2010.04.09 14:17:09.051,1.35205,1.3523,1.00,1.00
2010.04.09 14:17:09.185,1.35205,1.35235,1.00,2.40
2010.04.09 14:17:09.433,1.35205,1.35235,1.00,1.60
2010.04.09 14:17:09.561,1.35205,1.3524,2.40,2.80
2010.04.09 14:17:09.691,1.35205,1.3523,2.40,1.60
2010.04.09 14:17:10.645,1.35205,1.3524,2.90,2.40
2010.04.09 14:17:13.235,1.35205,1.3524,1.30,4.00
2010.04.09 14:17:13.489,1.3521,1.35235,1.60,1.00
2010.04.09 14:17:14.840,1.3521,1.35245,2.40,4.00
2010.04.09 14:17:17.014,1.3521,1.35245,4.00,4.00
2010.04.09 14:17:17.895,1.3521,1.35245,4.50,4.00
2010.04.09 14:17:18.141,1.3521,1.35245,8.50,1.00
2010.04.09 14:17:18.379,1.35215,1.3525,1.00,4.00
2010.04.09 14:17:19.473,1.3521,1.35245,8.50,1.00
2010.04.09 14:17:19.768,1.35215,1.3525,1.00,4.00
2010.04.09 14:17:24.126,1.35215,1.3525,1.00,4.40
2010.04.09 14:17:25.810,1.3521,1.35245,2.40,4.00
2010.04.09 14:17:26.225,1.3521,1.3524,1.00,1.60
2010.04.09 14:17:26.366,1.35205,1.3524,8.00,2.40
2010.04.09 14:17:26.646,1.35205,1.3524,4.00,2.40
2010.04.09 14:17:28.267,1.35205,1.3524,2.40,2.80
2010.04.09 14:17:28.507,1.35205,1.3524,4.00,2.40
2010.04.09 14:17:28.736,1.35205,1.3524,8.00,2.40
2010.04.09 14:17:29.777,1.35205,1.3524,6.40,2.40
2010.04.09 14:17:30.175,1.35205,1.3524,2.40,2.40
2010.04.09 14:17:30.377,1.35205,1.3524,6.40,2.40
2010.04.09 14:17:30.578,1.35205,1.3524,2.40,2.40
2010.04.09 14:17:30.860,1.35205,1.3524,2.40,2.80
2010.04.09 14:17:32.686,1.35205,1.3524,2.40,3.60
2010.04.09 14:17:32.799,1.35205,1.35225,2.40,1.60
2010.04.09 14:17:33.759,1.352,1.3524,8.50,2.40
2010.04.09 14:17:35.610,1.352,1.3523,4.80,1.60
2010.04.09 14:17:37.057,1.352,1.35235,8.50,4.00
2010.04.09 14:17:37.349,1.352,1.35235,6.40,4.00
2010.04.09 14:17:37.636,1.352,1.35235,2.40,4.00
2010.04.09 14:17:38.722,1.352,1.35235,4.50,4.00
2010.04.09 14:17:39.067,1.35205,1.35235,1.00,3.20
2010.04.09 14:17:40.600,1.352,1.3523,4.00,1.00
2010.04.09 14:17:40.737,1.352,1.35235,3.70,2.40
2010.04.09 14:17:40.873,1.35205,1.35235,1.00,1.60
2010.04.09 14:17:41.003,1.35205,1.3524,1.00,4.00
2010.04.09 14:17:44.387,1.3521,1.3524,1.00,1.00
2010.04.09 14:17:44.653,1.35215,1.3525,1.00,4.00
2010.04.09 14:17:46.384,1.35215,1.35245,1.00,1.60
2010.04.09 14:17:46.687,1.3521,1.35245,2.90,4.00
2010.04.09 14:17:47.960,1.3521,1.35245,2.40,4.00
2010.04.09 14:17:48.096,1.35205,1.3524,2.40,2.40
2010.04.09 14:17:48.361,1.35205,1.3524,1.00,4.00
2010.04.09 14:17:49.443,1.35205,1.35235,1.00,4.80
2010.04.09 14:17:49.682,1.352,1.35235,2.40,5.60
2010.04.09 14:17:50.616,1.352,1.35225,1.00,1.60
2010.04.09 14:17:50.745,1.35195,1.35225,1.00,2.40
2010.04.09 14:17:51.731,1.35205,1.35235,1.60,1.00
2010.04.09 14:17:52.073,1.35205,1.3524,2.40,4.40
2010.04.09 14:17:55.100,1.35205,1.3524,2.40,5.30
2010.04.09 14:17:55.189,1.35205,1.3523,2.40,1.60
2010.04.09 14:17:55.281,1.35205,1.3523,1.00,1.60
2010.04.09 14:17:55.985,1.352,1.3523,1.00,2.40
2010.04.09 14:17:56.780,1.352,1.3523,1.60,2.40
2010.04.09 14:17:56.963,1.35205,1.35235,1.50,2.40
2010.04.09 14:17:59.518,1.35205,1.3524,3.10,2.40
2010.04.09 14:18:05.648,1.35205,1.35235,3.10,1.00
2010.04.09 14:18:05.786,1.35205,1.35235,1.50,2.40
2010.04.09 14:18:06.068,1.35205,1.35235,1.00,4.00
2010.04.09 14:18:06.942,1.352,1.35235,3.20,1.00
2010.04.09 14:18:07.159,1.35205,1.35235,1.50,1.00
2010.04.09 14:18:07.440,1.35205,1.35235,1.00,2.00
2010.04.09 14:18:07.708,1.35195,1.35235,2.40,4.40
2010.04.09 14:18:07.979,1.35195,1.35235,2.40,6.00
2010.04.09 14:18:08.845,1.3521,1.3524,1.00,2.40
2010.04.09 14:18:09.262,1.3521,1.3524,2.40,1.00
2010.04.09 14:18:10.013,1.3521,1.3524,2.90,1.00
2010.04.09 14:18:10.373,1.3521,1.35235,1.00,1.60
2010.04.09 14:18:11.346,1.35205,1.35235,1.00,1.00
2010.04.09 14:18:11.687,1.35205,1.3524,3.70,2.40
2010.04.09 14:18:12.018,1.35205,1.3524,2.40,2.40
2010.04.09 14:18:12.942,1.35205,1.35235,1.00,2.00
2010.04.09 14:18:13.275,1.35195,1.3523,2.40,2.80
2010.04.09 14:18:13.620,1.35195,1.3523,4.00,1.00
2010.04.09 14:18:13.881,1.35195,1.3523,2.40,2.80
2010.04.09 14:18:14.139,1.3519,1.3523,2.40,4.00
2010.04.09 14:18:14.752,1.3519,1.3523,3.20,4.00
2010.04.09 14:18:15.086,1.35195,1.3523,2.40,4.00
2010.04.09 14:18:15.398,1.35195,1.3523,1.00,4.00
2010.04.09 14:18:15.723,1.35195,1.35225,1.00,3.20
2010.04.09 14:18:16.609,1.3519,1.35225,1.60,2.40
2010.04.09 14:18:16.953,1.35195,1.35225,2.40,1.60
2010.04.09 14:18:17.520,1.3521,1.3523,2.40,1.00
2010.04.09 14:18:18.442,1.352,1.35235,2.80,4.00
2010.04.09 14:18:18.711,1.352,1.3523,1.00,4.00
2010.04.09 14:18:20.160,1.352,1.3523,1.00,4.00
2010.04.09 14:18:20.508,1.352,1.3523,1.00,4.00
2010.04.09 14:18:21.913,1.352,1.3523,1.00,4.00
2010.04.09 14:18:22.393,1.352,1.35225,1.00,4.00
2010.04.09 14:18:22.634,1.352,1.35225,1.00,4.00
2010.04.09 14:18:23.493,1.35205,1.35225,1.00,4.00
2010.04.09 14:18:24.667,1.35205,1.35225,1.00,1.00
2010.04.09 14:18:24.756,1.35205,1.3523,1.00,4.00
2010.04.09 14:18:25.054,1.35205,1.35225,1.00,4.00
2010.04.09 14:18:27.615,1.35205,1.3523,1.00,2.40
2010.04.09 14:18:32.104,1.3521,1.3523,1.00,2.40
2010.04.09 14:18:32.494,1.35215,1.35235,1.00,2.40
2010.04.09 14:18:33.555,1.35205,1.35235,2.40,2.40
2010.04.09 14:18:33.878,1.35205,1.3523,1.00,1.60
2010.04.09 14:18:34.224,1.35205,1.35235,1.00,8.00
2010.04.09 14:18:35.631,1.352,1.3523,1.00,2.40
2010.04.09 14:18:36.083,1.35205,1.3523,1.00,2.40
2010.04.09 14:18:36.816,1.35215,1.3524,1.00,2.40
2010.04.09 14:18:37.452,1.35205,1.3524,1.60,4.00
2010.04.09 14:18:38.552,1.35205,1.35235,1.60,4.00
2010.04.09 14:18:38.891,1.35205,1.35235,1.00,4.00
2010.04.09 14:18:39.571,1.35205,1.3523,1.00,4.00
2010.04.09 14:18:40.416,1.352,1.3523,1.00,4.00
2010.04.09 14:18:40.503,1.35205,1.35235,1.00,4.00
2010.04.09 14:18:41.038,1.35205,1.35235,1.00,2.40
2010.04.09 14:18:41.198,1.35205,1.35235,2.60,2.40
2010.04.09 14:18:41.922,1.3521,1.35235,1.00,2.40
2010.04.09 14:18:42.535,1.35205,1.35235,1.00,6.40
2010.04.09 14:18:44.751,1.35205,1.35235,1.00,2.40
2010.04.09 14:18:45.410,1.35205,1.3523,1.00,1.60
2010.04.09 14:18:45.729,1.352,1.3523,1.00,2.40
2010.04.09 14:18:46.854,1.35195,1.3523,1.60,4.00
2010.04.09 14:18:47.059,1.352,1.3523,1.00,4.00
2010.04.09 14:18:50.675,1.35195,1.3523,1.60,4.00
2010.04.09 14:18:52.434,1.35195,1.35225,1.60,1.60
2010.04.09 14:18:52.521,1.35195,1.35225,1.00,5.60
2010.04.09 14:18:52.606,1.35195,1.35225,1.00,4.00
2010.04.09 14:18:55.258,1.35195,1.3522,1.00,1.00
2010.04.09 14:18:55.449,1.35195,1.3522,1.00,4.00
2010.04.09 14:18:56.228,1.35185,1.3522,3.20,4.00
2010.04.09 14:18:57.167,1.35185,1.35215,1.60,1.60
2010.04.09 14:18:58.041,1.35185,1.35215,1.00,2.40
2010.04.09 14:18:58.249,1.35185,1.3521,1.00,2.40
2010.04.09 14:18:58.460,1.35185,1.35215,1.00,4.00
2010.04.09 14:18:58.672,1.35195,1.3522,1.00,4.10
2010.04.09 14:18:58.877,1.35195,1.3522,1.00,4.00
2010.04.09 14:18:59.810,1.352,1.3522,1.00,2.40
2010.04.09 14:19:00.494,1.352,1.3522,1.00,2.40
2010.04.09 14:19:02.536,1.3519,1.3522,1.30,2.40
2010.04.09 14:19:05.541,1.3519,1.3522,1.20,2.40
2010.04.09 14:19:06.560,1.3519,1.35215,1.20,1.60
2010.04.09 14:19:06.893,1.35185,1.3522,2.80,4.00
2010.04.09 14:19:10.100,1.35185,1.3522,2.80,2.40
2010.04.09 14:19:10.560,1.35185,1.3522,2.80,4.00
2010.04.09 14:19:11.271,1.35185,1.35215,2.80,3.20
2010.04.09 14:19:11.434,1.3518,1.3521,1.00,3.20
2010.04.09 14:19:11.626,1.35175,1.3521,2.80,3.20
2010.04.09 14:19:11.827,1.35175,1.3521,2.80,4.00
2010.04.09 14:19:13.331,1.35175,1.3521,3.20,2.40
2010.04.09 14:19:13.569,1.352,1.35255,3.20,5.70
2010.04.09 14:19:14.035,1.35205,1.3526,3.20,4.10
2010.04.09 14:19:15.583,1.35215,1.35245,1.00,2.40
2010.04.09 14:19:16.179,1.3521,1.35245,6.40,2.40
2010.04.09 14:19:16.360,1.3521,1.35245,1.00,4.00
2010.04.09 14:19:16.448,1.3521,1.3524,1.00,1.60
2010.04.09 14:19:17.372,1.3521,1.3524,1.00,2.40
2010.04.09 14:19:19.392,1.3521,1.3524,2.40,2.40
2010.04.09 14:19:19.570,1.3521,1.3524,1.60,1.00
2010.04.09 14:19:20.248,1.3521,1.35245,1.60,4.10
2010.04.09 14:19:20.374,1.3521,1.3524,2.40,2.40
2010.04.09 14:19:20.499,1.3521,1.3524,1.00,2.40
2010.04.09 14:19:23.799,1.3521,1.3524,1.60,2.40
2010.04.09 14:19:24.793,1.3522,1.35245,1.00,1.00
2010.04.09 14:19:25.010,1.3522,1.3525,2.40,2.40
2010.04.09 14:19:25.219,1.3523,1.3525,1.00,2.40
2010.04.09 14:19:26.144,1.3522,1.3525,1.00,2.40
2010.04.09 14:19:26.490,1.3523,1.3525,1.00,2.40
2010.04.09 14:19:28.079,1.35225,1.3525,1.00,2.40
2010.04.09 14:19:28.317,1.35225,1.35255,1.00,1.60
2010.04.09 14:19:28.552,1.35225,1.3526,1.00,6.10
2010.04.09 14:19:28.788,1.35225,1.35255,1.00,2.40
2010.04.09 14:19:29.017,1.35225,1.35255,1.00,4.00
2010.04.09 14:19:30.248,1.35225,1.3525,1.00,4.00
2010.04.09 14:19:30.507,1.35225,1.3525,1.00,2.40
2010.04.09 14:19:31.252,1.35215,1.35255,8.80,4.00
2010.04.09 14:19:31.555,1.3522,1.35255,1.60,4.00
2010.04.09 14:19:32.453,1.3522,1.3525,1.00,2.40
2010.04.09 14:19:33.348,1.35215,1.3525,3.20,4.00
2010.04.09 14:19:33.688,1.35215,1.3525,1.00,4.00
2010.04.09 14:19:37.613,1.3522,1.3525,1.00,1.60
2010.04.09 14:19:37.844,1.3522,1.35255,1.00,4.10
2010.04.09 14:19:38.074,1.3522,1.35255,1.00,4.00
2010.04.09 14:19:38.918,1.3522,1.35255,2.80,4.00
2010.04.09 14:19:40.890,1.35215,1.3525,2.80,4.00
2010.04.09 14:19:46.334,1.35215,1.3525,2.80,4.10
2010.04.09 14:19:46.453,1.35215,1.3525,2.80,4.00
2010.04.09 14:19:46.572,1.35215,1.35245,1.20,3.20
2010.04.09 14:19:46.634,1.35215,1.35245,1.00,4.00
2010.04.09 14:19:46.742,1.35215,1.35245,1.00,1.00
2010.04.09 14:19:47.744,1.3521,1.35245,2.80,4.00
2010.04.09 14:19:48.390,1.35205,1.35235,7.60,2.40
2010.04.09 14:19:49.323,1.35205,1.35235,3.60,2.40
2010.04.09 14:19:49.656,1.35205,1.3524,2.40,4.10
2010.04.09 14:19:49.885,1.35205,1.3524,2.40,4.00
2010.04.09 14:19:50.116,1.3521,1.35245,2.80,12.00
2010.04.09 14:19:50.930,1.3521,1.35245,4.40,8.00
2010.04.09 14:19:51.126,1.3521,1.35245,4.40,4.00
2010.04.09 14:19:51.503,1.3521,1.3525,4.40,8.10
2010.04.09 14:19:51.697,1.3521,1.3525,2.80,4.00
2010.04.09 14:19:51.885,1.3522,1.3525,1.60,2.40
2010.04.09 14:19:52.074,1.35225,1.35255,1.00,1.70
2010.04.09 14:19:53.253,1.3523,1.35255,1.00,8.00
2010.04.09 14:19:53.527,1.3523,1.35255,1.00,4.00
2010.04.09 14:19:54.364,1.3523,1.35255,1.60,3.20
2010.04.09 14:19:55.273,1.3523,1.35265,1.00,4.00
2010.04.09 14:19:55.406,1.3523,1.35265,1.20,4.00
2010.04.09 14:19:55.894,1.3523,1.35265,1.20,5.60
2010.04.09 14:19:56.645,1.35225,1.3526,2.80,4.00
2010.04.09 14:19:57.002,1.3523,1.35265,1.20,5.70
2010.04.09 14:19:57.438,1.3523,1.35265,1.00,5.70
2010.04.09 14:19:58.387,1.3523,1.3526,1.00,1.00
2010.04.09 14:19:58.736,1.35225,1.3526,1.00,4.00
2010.04.09 14:19:58.970,1.35225,1.3526,2.40,2.40
2010.04.09 14:19:59.214,1.35225,1.3526,4.00,2.40
2010.04.09 14:19:59.454,1.3523,1.35265,3.20,4.00
2010.04.09 14:20:00.853,1.3523,1.35265,3.20,1.00
2010.04.09 14:20:01.185,1.35235,1.3526,1.00,3.20
2010.04.09 14:20:02.337,1.35235,1.3526,1.00,2.40
2010.04.09 14:20:03.227,1.35235,1.3526,2.40,1.00
2010.04.09 14:20:03.520,1.35235,1.3527,3.20,4.00
2010.04.09 14:20:03.805,1.35235,1.35265,1.00,3.20
2010.04.09 14:20:04.091,1.3524,1.3527,1.00,8.00
2010.04.09 14:20:04.370,1.3524,1.3527,1.00,4.00
2010.04.09 14:20:05.736,1.3524,1.3527,1.00,5.60
2010.04.09 14:20:06.157,1.3524,1.3527,1.00,4.00
2010.04.09 14:20:06.248,1.3524,1.3527,1.00,5.70
2010.04.09 14:20:06.337,1.35235,1.3527,2.40,5.70
2010.04.09 14:20:06.959,1.35235,1.3527,1.00,5.60
2010.04.09 14:20:07.296,1.35235,1.3527,1.00,5.70
2010.04.09 14:20:07.954,1.35235,1.3527,1.60,5.70
2010.04.09 14:20:08.683,1.3525,1.3527,1.00,2.40
2010.04.09 14:20:09.033,1.3525,1.3528,1.00,1.00
2010.04.09 14:20:09.378,1.3525,1.35285,1.00,5.60
2010.04.09 14:20:09.718,1.3525,1.3528,1.00,2.40
2010.04.09 14:20:10.490,1.3525,1.3528,1.60,1.60
2010.04.09 14:20:10.858,1.3526,1.3529,1.00,4.00
2010.04.09 14:20:11.400,1.3526,1.3529,2.40,1.00
2010.04.09 14:20:11.467,1.35265,1.35295,1.00,4.00
2010.04.09 14:20:12.083,1.3526,1.35295,1.60,5.70
2010.04.09 14:20:12.770,1.3526,1.3529,1.00,4.80
2010.04.09 14:20:13.119,1.35255,1.3529,1.00,5.60
2010.04.09 14:20:13.956,1.35255,1.3529,1.60,5.60
2010.04.09 14:20:14.288,1.35255,1.3529,1.60,4.00
2010.04.09 14:20:14.708,1.35255,1.3529,3.20,4.00
2010.04.09 14:20:14.918,1.3527,1.35295,1.00,2.40
2010.04.09 14:20:16.185,1.35265,1.35295,1.50,2.40
2010.04.09 14:20:21.351,1.3527,1.353,1.00,4.00
2010.04.09 14:20:21.651,1.35265,1.35295,1.00,2.40
2010.04.09 14:20:22.395,1.3526,1.3529,2.30,2.40
2010.04.09 14:20:23.398,1.3526,1.3529,2.30,4.00
2010.04.09 14:20:23.646,1.3526,1.35285,1.00,1.60
2010.04.09 14:20:23.895,1.35255,1.35285,1.60,4.00
2010.04.09 14:20:24.730,1.35255,1.35285,2.30,4.00
2010.04.09 14:20:25.077,1.35255,1.35285,1.00,4.00
2010.04.09 14:20:25.772,1.35255,1.3528,1.00,1.60
2010.04.09 14:20:26.025,1.35245,1.3528,5.90,2.40
2010.04.09 14:20:26.801,1.35245,1.3528,5.50,2.40
2010.04.09 14:20:27.294,1.3525,1.3528,1.00,2.40
2010.04.09 14:20:28.463,1.3525,1.3528,1.00,4.00
2010.04.09 14:20:33.663,1.3525,1.3528,1.00,4.10
2010.04.09 14:20:34.384,1.3525,1.3528,1.00,4.00
2010.04.09 14:20:37.503,1.3525,1.3528,1.00,2.40
2010.04.09 14:20:38.510,1.3525,1.35285,3.20,4.00
2010.04.09 14:20:41.043,1.3526,1.35285,1.00,4.00
2010.04.09 14:20:41.340,1.3526,1.35285,1.00,1.00
2010.04.09 14:20:41.665,1.3526,1.3529,1.00,4.00
2010.04.09 14:20:42.192,1.3526,1.35285,1.00,4.00
2010.04.09 14:20:43.286,1.3525,1.3528,1.60,3.20
2010.04.09 14:20:43.466,1.3525,1.3528,1.00,4.00
2010.04.09 14:20:45.259,1.3526,1.35285,1.00,1.00
2010.04.09 14:20:45.405,1.3526,1.3529,1.00,4.00
2010.04.09 14:20:45.540,1.3526,1.3529,1.00,2.40
2010.04.09 14:20:45.679,1.3526,1.3529,1.60,2.40
2010.04.09 14:20:47.429,1.3526,1.3529,1.00,4.00
2010.04.09 14:20:48.960,1.3526,1.35285,1.00,4.00
2010.04.09 14:20:50.801,1.3525,1.3528,1.60,3.20
2010.04.09 14:20:50.885,1.3525,1.3528,1.00,4.00
2010.04.09 14:20:55.242,1.3525,1.35275,1.00,1.60
2010.04.09 14:20:55.490,1.3525,1.3528,1.00,4.00
2010.04.09 14:20:58.778,1.3525,1.35275,1.00,4.00
2010.04.09 14:20:59.486,1.3525,1.3527,1.00,3.20
2010.04.09 14:21:00.414,1.3525,1.35275,1.00,2.40
2010.04.09 14:21:00.759,1.3525,1.3528,1.00,2.40
2010.04.09 14:21:07.600,1.3525,1.35285,1.60,5.60
2010.04.09 14:21:13.513,1.35255,1.35285,1.00,3.20
2010.04.09 14:21:13.705,1.3526,1.3529,1.00,4.00
2010.04.09 14:21:14.565,1.3526,1.3529,1.00,2.40
2010.04.09 14:21:16.820,1.3526,1.35295,3.20,5.60
2010.04.09 14:21:16.994,1.3526,1.35295,3.20,4.00
2010.04.09 14:21:17.506,1.3526,1.35295,3.20,5.60
2010.04.09 14:21:19.511,1.3526,1.35295,3.20,4.10
2010.04.09 14:21:19.853,1.3527,1.353,1.00,4.00
2010.04.09 14:21:21.563,1.3528,1.35305,1.00,1.60
2010.04.09 14:21:22.401,1.35275,1.35305,1.00,1.60
2010.04.09 14:21:22.669,1.3528,1.3531,1.00,4.00
2010.04.09 14:21:23.453,1.3528,1.3531,1.00,2.40
2010.04.09 14:21:24.345,1.3528,1.35315,3.20,2.40
2010.04.09 14:21:25.757,1.3528,1.35315,3.20,2.50
2010.04.09 14:21:26.094,1.3528,1.35315,3.20,2.40
2010.04.09 14:21:27.109,1.3529,1.35315,1.00,2.40
2010.04.09 14:21:27.817,1.35285,1.35315,1.00,2.40
2010.04.09 14:21:29.181,1.3529,1.35325,1.50,2.40
2010.04.09 14:21:29.373,1.35295,1.3533,1.00,4.00
2010.04.09 14:21:29.551,1.353,1.35335,1.00,5.60
2010.04.09 14:21:30.299,1.353,1.35335,1.50,8.00
2010.04.09 14:21:30.616,1.35295,1.35325,1.00,4.80
2010.04.09 14:21:30.960,1.3529,1.3532,2.40,1.60
2010.04.09 14:21:32.165,1.35285,1.3531,1.00,1.60
2010.04.09 14:21:32.700,1.35285,1.35315,1.00,2.40
2010.04.09 14:21:33.998,1.3528,1.353,1.00,1.00
2010.04.09 14:21:34.126,1.35285,1.353,2.00,1.00
2010.04.09 14:21:34.916,1.35285,1.35315,2.00,2.40
2010.04.09 14:21:35.041,1.35285,1.35315,1.00,2.40
2010.04.09 14:21:35.730,1.3529,1.3532,1.00,4.00
2010.04.09 14:21:37.099,1.35305,1.35335,1.00,1.60
2010.04.09 14:21:38.203,1.35305,1.35335,1.00,4.80
2010.04.09 14:21:38.562,1.35295,1.3532,4.40,1.60
2010.04.09 14:21:38.913,1.35295,1.35315,1.00,1.60
2010.04.09 14:21:39.819,1.35285,1.35315,2.40,1.00
2010.04.09 14:21:40.155,1.35295,1.35325,1.00,2.40
2010.04.09 14:21:40.487,1.35295,1.35325,3.10,2.40
2010.04.09 14:21:41.897,1.35295,1.35325,1.50,2.40
2010.04.09 14:21:42.170,1.35295,1.35325,3.10,2.40
2010.04.09 14:21:42.776,1.35295,1.35325,2.90,2.40
2010.04.09 14:21:43.797,1.3531,1.3534,1.00,1.60
2010.04.09 14:21:43.960,1.3531,1.3534,1.30,2.40
2010.04.09 14:21:44.141,1.3531,1.3533,1.30,1.60
2010.04.09 14:21:44.796,1.353,1.3533,10.90,1.60
2010.04.09 14:21:45.144,1.3531,1.3534,1.00,1.00
2010.04.09 14:21:46.412,1.3531,1.3534,2.40,1.00
2010.04.09 14:21:46.752,1.3532,1.3534,1.00,1.00
2010.04.09 14:21:47.101,1.35315,1.3534,2.40,1.00
2010.04.09 14:21:47.366,1.35315,1.3534,2.10,1.00
2010.04.09 14:21:48.238,1.35315,1.3534,1.60,1.00
2010.04.09 14:21:48.484,1.3531,1.3534,2.90,1.00
2010.04.09 14:21:48.986,1.3531,1.3534,2.40,1.00
2010.04.09 14:21:49.628,1.3531,1.3533,1.00,1.60
2010.04.09 14:21:49.980,1.353,1.3533,2.90,2.40
2010.04.09 14:21:50.793,1.353,1.3533,2.90,4.00
2010.04.09 14:21:51.075,1.35295,1.3533,4.50,4.00
2010.04.09 14:21:52.603,1.35295,1.3533,2.70,4.00
2010.04.09 14:21:53.458,1.35295,1.3533,2.90,4.00
2010.04.09 14:21:53.731,1.3529,1.35325,2.10,4.00
2010.04.09 14:21:53.996,1.3529,1.35325,3.70,1.00
2010.04.09 14:21:54.726,1.35295,1.3533,1.30,4.00
2010.04.09 14:21:55.084,1.35295,1.3533,1.00,4.00
2010.04.09 14:21:55.425,1.3529,1.35325,1.00,3.20
2010.04.09 14:21:56.364,1.3529,1.35325,1.00,5.60
2010.04.09 14:21:56.696,1.3529,1.3532,1.00,4.00
2010.04.09 14:21:58.383,1.35285,1.35315,4.00,2.40
2010.04.09 14:21:58.621,1.35285,1.35315,5.60,2.40
2010.04.09 14:21:58.867,1.35285,1.35315,5.60,4.00
2010.04.09 14:21:59.075,1.3528,1.35315,3.20,4.00
2010.04.09 14:21:59.285,1.3528,1.35315,3.20,2.40
2010.04.09 14:21:59.495,1.35285,1.35315,6.10,2.40
2010.04.09 14:22:00.282,1.35285,1.35315,4.50,2.40
2010.04.09 14:22:01.802,1.3528,1.35315,1.60,5.60
2010.04.09 14:22:02.721,1.35285,1.3532,8.50,4.00
2010.04.09 14:22:02.858,1.3529,1.3532,1.60,1.00
2010.04.09 14:22:03.690,1.3529,1.35325,6.40,4.00
2010.04.09 14:22:04.714,1.3529,1.35325,10.40,4.00
2010.04.09 14:22:05.327,1.35295,1.35325,1.60,4.00
2010.04.09 14:22:07.230,1.35295,1.35325,1.60,5.60
2010.04.09 14:22:07.488,1.353,1.3533,1.00,4.00
2010.04.09 14:22:07.704,1.353,1.35325,1.00,1.60
2010.04.09 14:22:09.670,1.3529,1.35325,2.40,1.60
2010.04.09 14:22:09.957,1.3529,1.35325,2.40,3.20
2010.04.09 14:22:10.110,1.3529,1.35325,2.40,4.10
2010.04.09 14:22:10.149,1.3529,1.3532,1.00,1.60
2010.04.09 14:22:11.288,1.3529,1.3532,1.60,1.00
2010.04.09 14:22:11.623,1.3529,1.3532,1.00,4.80
2010.04.09 14:22:12.255,1.35285,1.3532,4.00,5.60
2010.04.09 14:22:12.522,1.35295,1.35325,1.00,4.00
2010.04.09 14:22:12.787,1.35295,1.35325,2.30,4.00
2010.04.09 14:22:14.646,1.35295,1.3533,3.10,4.00
2010.04.09 14:22:16.826,1.35295,1.35325,3.10,1.60
2010.04.09 14:22:16.962,1.35295,1.35325,2.30,4.00
2010.04.09 14:22:17.088,1.35295,1.35325,1.00,2.40
2010.04.09 14:22:18.586,1.35295,1.35325,2.30,2.40
2010.04.09 14:22:18.907,1.35295,1.3533,4.70,4.00
2010.04.09 14:22:19.226,1.35295,1.35325,3.10,1.60
2010.04.09 14:22:19.478,1.35295,1.35325,1.00,2.40
2010.04.09 14:22:20.406,1.35295,1.3532,1.00,1.60
2010.04.09 14:22:20.663,1.35295,1.3532,1.00,2.40
2010.04.09 14:22:22.226,1.35295,1.3532,1.00,4.00
2010.04.09 14:22:22.436,1.3529,1.3532,1.00,4.00
2010.04.09 14:22:23.262,1.35295,1.35325,1.00,2.40
2010.04.09 14:22:23.445,1.35295,1.35325,1.30,2.40
2010.04.09 14:22:23.631,1.35295,1.35325,1.00,2.40
2010.04.09 14:22:24.393,1.35295,1.3532,1.00,3.20
2010.04.09 14:22:24.740,1.35285,1.35315,2.10,2.40
2010.04.09 14:22:25.427,1.35285,1.35315,1.60,2.40
2010.04.09 14:22:25.960,1.35285,1.35315,3.20,1.00
2010.04.09 14:22:26.688,1.35285,1.3532,4.50,4.00
2010.04.09 14:22:27.494,1.35285,1.3532,2.90,4.00
2010.04.09 14:22:28.486,1.3529,1.35325,1.30,4.00
2010.04.09 14:22:28.836,1.35285,1.3532,4.50,2.40
2010.04.09 14:22:29.329,1.35285,1.35315,1.00,1.60
2010.04.09 14:22:29.880,1.3528,1.35315,5.30,1.60
2010.04.09 14:22:30.189,1.3528,1.35315,3.70,2.40
2010.04.09 14:22:30.498,1.3528,1.35315,1.60,4.00
2010.04.09 14:22:30.830,1.35285,1.35315,1.60,1.00
2010.04.09 14:22:31.161,1.35285,1.3531,1.00,1.60
2010.04.09 14:22:32.012,1.35285,1.3532,1.00,4.00
2010.04.09 14:22:32.711,1.35285,1.3532,2.90,4.00
2010.04.09 14:22:32.946,1.35285,1.3532,2.40,4.00
2010.04.09 14:22:33.889,1.3528,1.35305,1.00,2.40
2010.04.09 14:22:34.572,1.3528,1.35305,1.00,1.00
2010.04.09 14:22:34.881,1.3528,1.3531,1.00,5.60
2010.04.09 14:22:36.177,1.3528,1.3531,1.00,4.00
2010.04.09 14:22:39.355,1.3528,1.3531,1.00,1.00
2010.04.09 14:22:39.814,1.3528,1.35315,1.90,4.00
2010.04.09 14:22:40.764,1.3528,1.35315,2.40,4.00
2010.04.09 14:22:41.021,1.3528,1.3531,1.60,1.60
2010.04.09 14:22:41.282,1.3528,1.3531,1.00,2.40
2010.04.09 14:22:42.103,1.3528,1.35315,2.40,4.00
2010.04.09 14:22:42.330,1.35285,1.3532,1.00,9.60
2010.04.09 14:22:42.772,1.35285,1.3532,2.40,9.60
2010.04.09 14:22:42.995,1.3529,1.3532,1.00,2.40
2010.04.09 14:22:43.770,1.3529,1.3532,1.00,1.60
2010.04.09 14:22:44.118,1.3528,1.35315,1.60,4.00
2010.04.09 14:22:44.252,1.3528,1.3531,1.60,1.60
2010.04.09 14:22:44.394,1.3528,1.3531,1.60,2.40
2010.04.09 14:22:45.554,1.3528,1.3531,1.60,4.00
2010.04.09 14:22:46.950,1.35285,1.3531,1.60,4.00
2010.04.09 14:22:47.169,1.35285,1.3531,1.60,2.40
2010.04.09 14:22:48.076,1.35285,1.3531,1.60,1.00
2010.04.09 14:22:48.212,1.35285,1.35315,1.60,4.00
2010.04.09 14:22:48.660,1.35285,1.35315,3.20,1.00
2010.04.09 14:22:48.944,1.3529,1.35325,1.00,5.60
2010.04.09 14:22:50.609,1.3529,1.3532,1.00,1.60
2010.04.09 14:22:52.037,1.3529,1.35325,1.00,5.60
2010.04.09 14:22:52.249,1.3529,1.3532,1.00,1.60
2010.04.09 14:22:52.948,1.3529,1.3532,1.00,1.70
2010.04.09 14:22:53.197,1.3529,1.35325,2.40,4.10
2010.04.09 14:22:53.968,1.3529,1.35325,2.40,4.00
2010.04.09 14:22:54.229,1.3529,1.35325,3.10,2.40
2010.04.09 14:22:54.539,1.35295,1.3533,2.40,5.60
2010.04.09 14:22:55.966,1.35295,1.35325,2.40,1.70
2010.04.09 14:22:56.317,1.35295,1.35325,1.00,4.90
2010.04.09 14:22:56.527,1.3529,1.35325,2.40,5.70
2010.04.09 14:22:57.159,1.35285,1.3532,4.50,4.00
2010.04.09 14:23:03.146,1.35285,1.3532,4.00,4.10
2010.04.09 14:23:08.308,1.3528,1.35315,1.60,5.70
2010.04.09 14:23:11.971,1.3528,1.3531,1.60,3.20
2010.04.09 14:23:12.327,1.3528,1.35305,1.00,4.90
2010.04.09 14:23:12.668,1.3528,1.35305,1.00,5.70
2010.04.09 14:23:14.672,1.3528,1.35305,1.00,4.10
2010.04.09 14:23:14.965,1.3528,1.3531,2.40,1.00
2010.04.09 14:23:15.749,1.35285,1.35315,1.00,4.10
2010.04.09 14:23:16.010,1.35285,1.3531,1.00,1.70
2010.04.09 14:23:16.488,1.3528,1.3531,2.40,1.00
2010.04.09 14:23:17.122,1.3528,1.35315,3.20,5.60
2010.04.09 14:23:17.466,1.3528,1.35315,1.60,5.60
2010.04.09 14:23:17.801,1.35285,1.35315,1.60,2.50
2010.04.09 14:23:18.144,1.35285,1.3532,2.40,2.40
2010.04.09 14:23:18.986,1.3529,1.35325,2.40,2.50
2010.04.09 14:23:19.327,1.3529,1.35325,2.40,4.60
2010.04.09 14:23:21.677,1.3529,1.3532,1.00,2.50
2010.04.09 14:23:21.934,1.35285,1.3532,1.00,2.50
2010.04.09 14:23:22.638,1.35285,1.35315,1.00,3.30
2010.04.09 14:23:22.842,1.3528,1.35315,5.60,6.20
2010.04.09 14:23:23.041,1.3528,1.35315,1.60,6.20
2010.04.09 14:23:24.326,1.3528,1.3531,1.00,2.40
2010.04.09 14:23:27.306,1.3528,1.35305,1.00,2.20
2010.04.09 14:23:27.495,1.3528,1.35305,1.00,5.40
2010.04.09 14:23:27.686,1.3528,1.35305,1.00,6.20
2010.04.09 14:23:29.489,1.3528,1.35305,1.00,4.60
2010.04.09 14:23:32.171,1.3528,1.35305,1.00,1.00
2010.04.09 14:23:33.056,1.3528,1.3531,1.00,2.40
2010.04.09 14:23:39.067,1.3528,1.353,1.00,1.60
2010.04.09 14:23:44.883,1.3528,1.35305,1.30,2.40
2010.04.09 14:23:45.032,1.3528,1.35315,3.70,4.00
2010.04.09 14:23:45.177,1.3528,1.35315,2.10,4.10
2010.04.09 14:23:45.333,1.3528,1.3531,1.00,4.00
2010.04.09 14:23:51.085,1.3528,1.35305,1.00,3.20
2010.04.09 14:23:51.160,1.3528,1.35305,1.00,4.90
2010.04.09 14:23:51.237,1.3528,1.35305,1.00,5.70
2010.04.09 14:23:52.055,1.3528,1.35305,1.00,4.10
2010.04.09 14:23:52.128,1.3528,1.3531,1.00,4.00
2010.04.09 14:23:54.245,1.3528,1.3531,1.00,4.40
2010.04.09 14:23:54.504,1.3528,1.353,1.00,1.60
2010.04.09 14:23:54.845,1.3528,1.3531,1.00,4.10
2010.04.09 14:23:55.467,1.3528,1.3531,1.00,2.50
2010.04.09 14:23:55.655,1.3528,1.3531,1.00,2.40
2010.04.09 14:23:57.456,1.3528,1.3531,1.50,2.40
2010.04.09 14:23:57.770,1.3528,1.3531,3.10,1.00
2010.04.09 14:23:58.012,1.3528,1.35315,3.90,2.40
2010.04.09 14:23:59.152,1.3528,1.35315,3.20,2.40
2010.04.09 14:24:00.198,1.3528,1.3531,1.00,5.60
2010.04.09 14:24:00.982,1.3528,1.3531,1.60,1.60
2010.04.09 14:24:01.382,1.3528,1.35315,1.60,6.00
2010.04.09 14:24:01.665,1.3528,1.35315,1.60,6.10
2010.04.09 14:24:02.539,1.3528,1.35305,1.00,1.60
2010.04.09 14:24:04.590,1.3528,1.3531,1.00,5.60
2010.04.09 14:24:04.721,1.3528,1.35305,1.00,1.60
2010.04.09 14:24:05.138,1.3528,1.35305,1.60,1.60
2010.04.09 14:24:05.262,1.3528,1.35305,2.10,1.60
2010.04.09 14:24:05.890,1.35285,1.35315,1.60,4.00
2010.04.09 14:24:06.220,1.3528,1.3531,1.60,2.40
2010.04.09 14:24:09.538,1.3528,1.35305,1.60,3.20
2010.04.09 14:24:10.410,1.3528,1.35305,1.00,2.40
2010.04.09 14:24:12.890,1.3528,1.35305,1.00,1.00
2010.04.09 14:24:12.979,1.3528,1.3531,1.00,2.40
2010.04.09 14:24:15.228,1.3528,1.35305,1.00,1.60
2010.04.09 14:24:15.572,1.3528,1.35305,1.00,2.40
2010.04.09 14:24:17.552,1.3528,1.3531,1.00,4.00
2010.04.09 14:24:17.761,1.3528,1.35305,1.00,1.60
2010.04.09 14:24:18.029,1.3528,1.35305,1.00,3.20
2010.04.09 14:24:18.844,1.3528,1.35305,1.00,5.60
2010.04.09 14:24:19.136,1.3528,1.35305,1.00,4.00
2010.04.09 14:24:20.010,1.3528,1.3531,1.00,4.00
2010.04.09 14:24:20.948,1.3528,1.3531,1.00,5.60
2010.04.09 14:24:21.301,1.3528,1.353,1.00,2.40
2010.04.09 14:24:21.622,1.3528,1.353,1.00,1.00
2010.04.09 14:24:22.614,1.3528,1.35305,1.00,2.40
2010.04.09 14:24:22.933,1.3528,1.35305,1.00,4.00
2010.04.09 14:24:26.381,1.3528,1.35305,1.00,2.40
2010.04.09 14:24:29.795,1.3528,1.35305,1.00,4.00
2010.04.09 14:24:29.953,1.3528,1.353,1.00,2.40
2010.04.09 14:24:34.507,1.3528,1.35305,1.00,2.40
2010.04.09 14:24:43.551,1.3528,1.3531,2.40,2.50
2010.04.09 14:24:43.766,1.3528,1.35315,3.70,4.00
2010.04.09 14:24:43.966,1.3528,1.35315,3.70,2.40
2010.04.09 14:24:45.058,1.35285,1.35315,2.40,2.40
2010.04.09 14:24:47.141,1.35285,1.35315,1.60,4.00
2010.04.09 14:24:47.252,1.35285,1.35315,1.60,4.10
2010.04.09 14:24:47.566,1.35285,1.35315,1.60,5.70
2010.04.09 14:24:48.370,1.35285,1.3531,1.60,1.00
2010.04.09 14:24:48.735,1.35285,1.35315,1.60,5.70
2010.04.09 14:24:50.332,1.35285,1.35315,1.60,4.10
2010.04.09 14:24:50.676,1.35285,1.3532,2.40,5.70
2010.04.09 14:24:53.988,1.35285,1.3532,4.00,2.40
2010.04.09 14:24:54.139,1.3529,1.3532,1.00,1.70
2010.04.09 14:24:54.291,1.3529,1.35325,1.00,6.10
2010.04.09 14:24:55.002,1.35295,1.35325,1.60,5.60
2010.04.09 14:24:55.237,1.35295,1.35325,1.60,4.00
2010.04.09 14:24:55.458,1.35295,1.35325,4.00,1.60
2010.04.09 14:24:57.058,1.35295,1.35325,1.60,2.40
2010.04.09 14:24:57.471,1.35295,1.35325,4.50,1.60
2010.04.09 14:24:57.683,1.353,1.35335,1.00,4.00
2010.04.09 14:24:59.252,1.353,1.3533,1.00,1.60
2010.04.09 14:24:59.613,1.353,1.3533,1.00,2.40
2010.04.09 14:24:59.742,1.353,1.3533,1.00,1.00
2010.04.09 14:24:59.778,1.353,1.3533,2.40,1.00
2010.04.09 14:25:00.098,1.353,1.35335,2.40,4.00
2010.04.09 14:25:00.751,1.35295,1.3533,4.00,4.00
2010.04.09 14:25:01.096,1.35295,1.3533,5.60,4.00
2010.04.09 14:25:02.567,1.35295,1.3533,4.00,4.00
2010.04.09 14:25:04.024,1.35295,1.3533,5.60,4.00
2010.04.09 14:25:04.214,1.35295,1.3533,4.00,4.00
2010.04.09 14:25:04.351,1.35295,1.35325,4.00,1.60
2010.04.09 14:25:04.489,1.35295,1.35325,1.60,2.40
2010.04.09 14:25:05.798,1.35305,1.35325,1.60,1.60
2010.04.09 14:25:06.148,1.353,1.3533,1.00,3.20
2010.04.09 14:25:06.278,1.35295,1.3533,4.00,4.00
2010.04.09 14:25:10.785,1.353,1.3533,1.00,1.60
2010.04.09 14:25:12.231,1.353,1.35335,1.00,6.00
2010.04.09 14:25:12.516,1.35295,1.3532,1.00,3.20
2010.04.09 14:25:13.087,1.3528,1.3532,3.20,1.60
2010.04.09 14:25:14.068,1.35285,1.35315,1.00,1.60
2010.04.09 14:25:14.363,1.35285,1.3532,1.30,4.00
2010.04.09 14:25:16.354,1.35285,1.3532,1.30,4.00
2010.04.09 14:25:16.483,1.35285,1.3532,1.30,4.10
2010.04.09 14:25:16.522,1.35285,1.35315,1.30,1.60
2010.04.09 14:25:16.630,1.35285,1.35315,1.00,3.20
2010.04.09 14:25:16.721,1.35285,1.35315,1.00,4.00
2010.04.09 14:25:17.551,1.35285,1.3531,1.60,4.00
2010.04.09 14:25:17.899,1.35295,1.3531,1.60,1.00
2010.04.09 14:25:18.244,1.35295,1.3532,1.60,1.00
2010.04.09 14:25:19.166,1.35295,1.35325,2.30,4.00
2010.04.09 14:25:19.513,1.3529,1.35325,2.40,4.00
2010.04.09 14:25:21.114,1.35285,1.35315,6.90,1.60
2010.04.09 14:25:21.334,1.35285,1.35315,1.00,3.20
2010.04.09 14:25:21.544,1.35285,1.3532,1.00,5.60
2010.04.09 14:25:23.774,1.35285,1.3532,2.90,4.00
2010.04.09 14:25:24.783,1.35285,1.35305,1.00,1.60
2010.04.09 14:25:25.124,1.35285,1.3532,1.00,1.00
2010.04.09 14:25:26.050,1.35285,1.3532,1.30,5.60
2010.04.09 14:25:26.228,1.35285,1.35315,1.00,3.20
2010.04.09 14:25:26.393,1.35285,1.35315,1.00,4.80
2010.04.09 14:25:26.731,1.3528,1.35315,3.20,5.60
2010.04.09 14:25:31.698,1.3528,1.35315,3.20,5.70
2010.04.09 14:25:34.066,1.3528,1.35315,3.20,6.10
2010.04.09 14:25:35.867,1.3528,1.35315,3.20,4.50
2010.04.09 14:25:36.015,1.35285,1.35315,1.00,1.00
2010.04.09 14:25:36.897,1.35285,1.3532,2.40,4.50
2010.04.09 14:25:39.916,1.35285,1.3532,4.00,4.50
2010.04.09 14:25:42.131,1.35285,1.35315,4.00,2.00
2010.04.09 14:25:42.370,1.35285,1.3532,4.00,4.00
2010.04.09 14:25:42.567,1.35285,1.3532,4.00,4.40
2010.04.09 14:25:42.766,1.35285,1.3532,4.50,4.00
2010.04.09 14:25:43.505,1.35295,1.3532,1.60,4.00
2010.04.09 14:25:43.834,1.3528,1.35315,3.20,4.00
2010.04.09 14:25:44.160,1.35285,1.35315,1.60,4.00
2010.04.09 14:25:47.835,1.3528,1.35315,3.20,4.00
2010.04.09 14:25:48.716,1.35285,1.35315,1.60,4.00
2010.04.09 14:25:57.129,1.35285,1.35315,1.60,2.40
2010.04.09 14:25:57.431,1.3529,1.35325,1.00,4.40
2010.04.09 14:25:59.795,1.3529,1.35325,2.40,4.40
2010.04.09 14:26:00.135,1.3529,1.35325,1.00,6.00
2010.04.09 14:26:01.237,1.35285,1.3532,4.00,4.00
2010.04.09 14:26:01.734,1.35285,1.3532,4.00,4.50
2010.04.09 14:26:02.507,1.35285,1.3532,4.00,4.00
2010.04.09 14:26:02.835,1.35285,1.3532,12.00,4.00
2010.04.09 14:26:05.076,1.35285,1.3532,4.00,4.00
2010.04.09 14:26:05.544,1.35285,1.3532,4.00,4.00
2010.04.09 14:26:05.750,1.35285,1.3532,4.00,4.00
2010.04.09 14:26:05.952,1.35285,1.3532,4.00,4.10
2010.04.09 14:26:06.796,1.35285,1.3532,2.40,4.10
2010.04.09 14:26:06.999,1.3528,1.35315,1.60,2.40
2010.04.09 14:26:11.512,1.3528,1.35315,3.20,2.40
2010.04.09 14:26:11.640,1.35285,1.35315,2.40,1.60
2010.04.09 14:26:12.650,1.35285,1.35315,2.40,3.20
2010.04.09 14:26:13.333,1.35285,1.35315,1.00,3.20
2010.04.09 14:26:13.424,1.3528,1.3531,1.00,1.60
2010.04.09 14:26:13.510,1.3528,1.35305,1.00,1.00
2010.04.09 14:26:13.691,1.3528,1.3531,1.00,2.80
2010.04.09 14:26:14.371,1.3528,1.3531,1.00,2.90
2010.04.09 14:26:14.718,1.3528,1.3531,1.00,2.80
2010.04.09 14:26:15.060,1.3528,1.3531,1.00,2.40
2010.04.09 14:26:18.328,1.3528,1.35315,3.20,6.20
2010.04.09 14:26:19.904,1.35285,1.35315,1.60,6.20
2010.04.09 14:26:21.376,1.3528,1.35315,3.20,6.20
2010.04.09 14:26:22.334,1.35285,1.35315,1.00,5.40
2010.04.09 14:26:22.484,1.35285,1.35315,1.00,3.20
2010.04.09 14:26:22.630,1.35285,1.3532,2.40,4.60
2010.04.09 14:26:22.772,1.35285,1.35315,1.00,2.20
2010.04.09 14:26:22.917,1.35285,1.35315,1.00,3.80
2010.04.09 14:26:23.057,1.3528,1.35315,1.60,6.20
2010.04.09 14:26:25.896,1.35285,1.35315,1.60,6.20
2010.04.09 14:26:26.997,1.3528,1.3531,1.00,4.00
2010.04.09 14:26:30.577,1.3528,1.35305,1.00,1.60
2010.04.09 14:26:30.652,1.3528,1.35305,1.00,3.20
2010.04.09 14:26:31.081,1.3528,1.35305,1.00,1.00
2010.04.09 14:26:31.743,1.3528,1.3531,1.00,2.40
2010.04.09 14:26:31.951,1.3528,1.35315,3.20,4.00
2010.04.09 14:26:32.148,1.35285,1.3532,4.00,4.00
2010.04.09 14:26:32.335,1.35285,1.3532,5.60,4.00
2010.04.09 14:26:32.529,1.3529,1.3532,1.60,4.00
2010.04.09 14:26:33.472,1.35295,1.3532,1.60,4.00
2010.04.09 14:26:35.455,1.35295,1.3532,1.60,2.40
2010.04.09 14:26:38.074,1.3529,1.3532,1.00,2.40
2010.04.09 14:26:38.292,1.3529,1.3532,1.00,4.00
2010.04.09 14:26:38.404,1.35285,1.3532,4.00,4.00
2010.04.09 14:26:47.180,1.35285,1.3532,2.40,4.00
2010.04.09 14:26:47.460,1.35285,1.3532,4.00,4.00
2010.04.09 14:26:48.346,1.35295,1.3532,1.60,1.00
2010.04.09 14:26:48.448,1.35295,1.35325,1.60,4.00
2010.04.09 14:26:49.985,1.3529,1.35325,6.40,4.00
2010.04.09 14:26:52.474,1.3529,1.3532,4.80,1.60
2010.04.09 14:26:52.715,1.35285,1.3532,4.00,6.00
2010.04.09 14:26:53.249,1.35285,1.3532,4.00,4.40
2010.04.09 14:26:53.410,1.35285,1.35315,2.40,2.40
2010.04.09 14:26:55.267,1.35285,1.35315,1.00,2.40
2010.04.09 14:27:03.157,1.35285,1.35315,2.40,2.40
2010.04.09 14:27:05.004,1.35285,1.35315,2.90,2.40
2010.04.09 14:27:06.115,1.35285,1.35315,2.90,1.60
2010.04.09 14:27:06.396,1.35285,1.3532,4.50,4.00
2010.04.09 14:27:06.708,1.3529,1.35325,1.00,4.00
2010.04.09 14:27:11.740,1.35295,1.35325,2.10,2.40
2010.04.09 14:27:11.908,1.35295,1.3533,2.90,4.00
2010.04.09 14:27:18.263,1.35295,1.3533,4.50,4.00
2010.04.09 14:27:18.935,1.35305,1.3533,1.60,4.00
2010.04.09 14:27:19.123,1.35295,1.3533,6.10,2.40
2010.04.09 14:27:19.307,1.35305,1.3533,1.60,2.40
2010.04.09 14:27:23.846,1.353,1.3533,2.10,2.40
2010.04.09 14:27:24.154,1.35305,1.3533,1.60,2.40
2010.04.09 14:27:24.276,1.353,1.3533,2.10,2.40
2010.04.09 14:27:27.750,1.35305,1.3533,1.60,2.40
2010.04.09 14:27:27.970,1.353,1.3533,2.10,2.40
2010.04.09 14:27:28.797,1.353,1.3533,1.00,2.40
2010.04.09 14:27:29.101,1.35295,1.3533,12.50,4.00
2010.04.09 14:27:29.341,1.35295,1.3533,2.40,4.00
2010.04.09 14:27:30.583,1.35295,1.35325,2.40,1.60
2010.04.09 14:27:30.812,1.35295,1.35325,1.60,4.00
2010.04.09 14:27:31.022,1.3529,1.35325,2.90,4.00
2010.04.09 14:27:32.311,1.35295,1.35325,1.60,4.00
2010.04.09 14:27:33.471,1.35295,1.35325,1.60,2.40
2010.04.09 14:27:34.554,1.353,1.35335,2.40,2.40
2010.04.09 14:27:35.242,1.35305,1.35335,2.30,1.00
2010.04.09 14:27:35.899,1.35305,1.35335,3.90,1.00
2010.04.09 14:27:36.253,1.35305,1.3534,2.40,6.00
2010.04.09 14:27:36.386,1.35305,1.3533,2.40,1.60
2010.04.09 14:27:36.519,1.353,1.3533,4.00,1.00
2010.04.09 14:27:37.283,1.35305,1.3534,1.00,4.00
2010.04.09 14:27:39.503,1.35305,1.35335,1.00,1.60
2010.04.09 14:27:39.699,1.35305,1.3534,1.00,4.00
2010.04.09 14:27:41.349,1.35305,1.3534,2.40,2.40
2010.04.09 14:27:42.448,1.35295,1.3533,12.50,2.40
2010.04.09 14:27:44.326,1.353,1.35325,1.30,1.60
2010.04.09 14:27:44.471,1.353,1.35325,1.60,2.40
2010.04.09 14:27:44.611,1.3529,1.35325,8.50,2.40
2010.04.09 14:27:45.635,1.353,1.3533,1.60,2.40
2010.04.09 14:27:45.979,1.35305,1.35335,1.60,2.40
2010.04.09 14:27:46.323,1.35305,1.3534,1.00,4.00
2010.04.09 14:27:46.995,1.353,1.35335,4.80,3.20
2010.04.09 14:27:47.355,1.353,1.3533,1.00,2.40
2010.04.09 14:27:49.563,1.353,1.3533,2.40,1.60
2010.04.09 14:27:50.021,1.353,1.3533,1.00,1.60
2010.04.09 14:27:50.815,1.353,1.3533,1.00,2.40
2010.04.09 14:27:52.646,1.353,1.35325,1.00,1.60
2010.04.09 14:27:52.876,1.35295,1.35325,2.40,2.40
2010.04.09 14:27:53.652,1.35295,1.3531,1.00,1.60
2010.04.09 14:27:53.784,1.3529,1.3531,1.60,1.00
2010.04.09 14:27:54.619,1.35285,1.3531,5.50,1.00
2010.04.09 14:27:54.972,1.35285,1.3532,5.60,4.00
2010.04.09 14:27:55.157,1.35285,1.3532,6.30,4.00
2010.04.09 14:27:55.346,1.35285,1.3532,6.30,1.00
2010.04.09 14:27:56.143,1.35285,1.35325,2.40,6.00
2010.04.09 14:27:56.453,1.35285,1.3532,2.40,4.00
2010.04.09 14:27:57.076,1.3528,1.35315,4.50,3.20
2010.04.09 14:27:57.385,1.3528,1.35315,2.90,4.00
2010.04.09 14:27:58.042,1.3528,1.35315,4.50,4.00
2010.04.09 14:27:58.403,1.3529,1.35325,1.00,4.50
2010.04.09 14:27:58.561,1.35285,1.35325,2.40,4.40
2010.04.09 14:27:58.707,1.35285,1.35325,2.90,4.00
2010.04.09 14:27:59.562,1.35285,1.35325,4.50,5.60
2010.04.09 14:27:59.930,1.35285,1.35325,4.00,6.10
2010.04.09 14:28:00.278,1.35285,1.35325,4.50,4.00
2010.04.09 14:28:01.566,1.35285,1.35325,4.50,5.60
2010.04.09 14:28:01.918,1.35285,1.35325,2.40,6.10
2010.04.09 14:28:01.997,1.35285,1.35325,2.40,4.40
2010.04.09 14:28:02.078,1.35285,1.35325,2.90,4.00
2010.04.09 14:28:02.222,1.35285,1.35325,4.50,4.00
2010.04.09 14:28:02.298,1.35285,1.35325,4.50,5.60
2010.04.09 14:28:03.270,1.3529,1.35325,1.60,6.10
2010.04.09 14:28:03.604,1.3529,1.35325,1.60,4.50
2010.04.09 14:28:03.938,1.3529,1.35325,1.60,4.00
2010.04.09 14:28:04.901,1.3529,1.35325,1.60,5.70
2010.04.09 14:28:05.248,1.3529,1.35325,1.60,4.40
2010.04.09 14:28:05.438,1.35285,1.35325,4.00,6.10
2010.04.09 14:28:07.690,1.35285,1.35325,2.40,6.10
2010.04.09 14:28:07.910,1.35285,1.3531,1.00,1.60
2010.04.09 14:28:08.122,1.35275,1.35315,2.40,2.00
2010.04.09 14:28:08.984,1.3528,1.35315,1.00,4.00
2010.04.09 14:28:09.188,1.3528,1.35315,2.40,4.00
2010.04.09 14:28:09.389,1.35285,1.35315,1.50,2.40
2010.04.09 14:28:10.181,1.35285,1.35315,1.00,2.40
2010.04.09 14:28:10.376,1.35285,1.3532,2.40,2.40
2010.04.09 14:28:11.061,1.3529,1.3532,3.90,1.00
2010.04.09 14:28:12.029,1.3529,1.35325,3.10,4.00
2010.04.09 14:28:12.387,1.3529,1.35315,1.50,1.60
2010.04.09 14:28:12.633,1.35285,1.35315,1.60,2.40
2010.04.09 14:28:12.884,1.35285,1.3532,4.00,4.00
2010.04.09 14:28:13.770,1.35285,1.35315,1.00,2.40
2010.04.09 14:28:14.030,1.35285,1.35315,2.40,2.40
2010.04.09 14:28:14.892,1.35285,1.35315,4.00,1.00
2010.04.09 14:28:15.744,1.353,1.3532,1.60,3.20
2010.04.09 14:28:15.903,1.353,1.35335,3.20,2.40
2010.04.09 14:28:16.531,1.353,1.35335,1.60,2.40
2010.04.09 14:28:17.624,1.35305,1.35335,3.20,2.40
2010.04.09 14:28:18.316,1.35305,1.3533,1.60,1.60
2010.04.09 14:28:19.254,1.353,1.3533,1.30,1.60
2010.04.09 14:28:19.544,1.353,1.3533,1.00,2.40
2010.04.09 14:28:21.721,1.353,1.35325,1.00,3.20
2010.04.09 14:28:21.822,1.35295,1.35325,1.60,4.00
2010.04.09 14:28:22.875,1.353,1.3533,2.10,1.00
2010.04.09 14:28:23.125,1.353,1.35335,4.50,2.40
2010.04.09 14:28:23.371,1.35305,1.35335,1.60,2.40
2010.04.09 14:28:27.701,1.35305,1.35335,7.20,2.40
2010.04.09 14:28:27.906,1.3532,1.35345,1.60,2.80
2010.04.09 14:28:28.108,1.3532,1.35345,1.60,2.40
2010.04.09 14:28:28.496,1.3531,1.35345,2.40,2.40
2010.04.09 14:28:31.261,1.3531,1.3534,2.40,1.60
2010.04.09 14:28:32.308,1.353,1.35325,1.00,3.20
2010.04.09 14:28:32.563,1.3529,1.35315,1.00,1.60
2010.04.09 14:28:33.578,1.35285,1.3531,1.00,3.40
2010.04.09 14:28:34.559,1.35275,1.3531,4.00,5.00
2010.04.09 14:28:34.905,1.3529,1.3531,1.60,1.00
2010.04.09 14:28:35.874,1.3529,1.35315,3.20,1.00
2010.04.09 14:28:36.121,1.35295,1.35315,1.00,3.30
2010.04.09 14:28:37.008,1.3527,1.35295,1.00,3.20
2010.04.09 14:28:37.357,1.3524,1.3525,1.00,1.00
2010.04.09 14:28:38.279,1.35205,1.3524,1.00,1.60
2010.04.09 14:28:38.616,1.35175,1.35195,1.00,1.60
2010.04.09 14:28:39.511,1.3515,1.3518,1.00,1.00
2010.04.09 14:28:39.857,1.35105,1.3515,1.00,1.60
2010.04.09 14:28:40.836,1.3511,1.3514,1.60,1.60
2010.04.09 14:28:41.090,1.35125,1.3515,1.60,1.00
2010.04.09 14:28:41.955,1.3513,1.3514,1.60,1.00
2010.04.09 14:28:42.323,1.35145,1.35175,1.60,1.00
2010.04.09 14:28:43.299,1.3515,1.3517,1.60,1.00
2010.04.09 14:28:43.627,1.3517,1.35175,3.20,1.00
2010.04.09 14:28:44.678,1.35185,1.35195,1.60,3.30
2010.04.09 14:28:45.018,1.3518,1.3521,2.00,1.00
2010.04.09 14:28:45.860,1.35185,1.352,2.10,1.00
2010.04.09 14:28:46.196,1.35185,1.3525,6.00,1.10
2010.04.09 14:28:47.202,1.352,1.35225,1.00,1.00
2010.04.09 14:28:47.546,1.35195,1.3524,5.30,1.60
2010.04.09 14:28:48.518,1.352,1.3524,1.00,1.60
2010.04.09 14:28:48.847,1.3521,1.3524,1.00,1.00
2010.04.09 14:28:49.799,1.3521,1.35245,1.00,1.60
2010.04.09 14:28:50.153,1.35205,1.35245,1.60,1.60
2010.04.09 14:28:51.097,1.35205,1.3523,1.60,1.00
2010.04.09 14:28:51.404,1.352,1.3524,4.60,1.60
2010.04.09 14:28:52.366,1.35195,1.35225,1.60,1.60
2010.04.09 14:28:52.660,1.3519,1.3521,1.00,1.60
2010.04.09 14:28:53.580,1.3518,1.35225,1.00,1.60
2010.04.09 14:28:53.923,1.3511,1.35155,3.20,8.10
2010.04.09 14:28:54.861,1.35145,1.3516,1.00,1.00
2010.04.09 14:28:55.202,1.3512,1.3513,1.00,1.00
2010.04.09 14:28:55.541,1.35115,1.3512,1.60,1.00
2010.04.09 14:28:56.597,1.35095,1.35105,2.10,4.00
2010.04.09 14:28:56.878,1.35045,1.35105,1.00,8.00
2010.04.09 14:28:57.727,1.3505,1.35085,1.00,4.00
2010.04.09 14:28:58.074,1.3505,1.3512,1.60,8.50
2010.04.09 14:28:58.423,1.3505,1.3512,2.40,4.10
2010.04.09 14:28:59.109,1.3505,1.3511,2.00,4.10
2010.04.09 14:28:59.454,1.35065,1.3511,1.00,1.00
2010.04.09 14:29:00.428,1.3506,1.35125,1.00,1.00
2010.04.09 14:29:00.765,1.35055,1.3511,2.00,1.00
2010.04.09 14:29:01.096,1.35055,1.3511,1.00,4.00
2010.04.09 14:29:02.168,1.3506,1.35085,1.00,1.00
2010.04.09 14:29:03.046,1.35045,1.35095,1.00,1.00
2010.04.09 14:29:03.459,1.3505,1.3508,1.00,1.00
2010.04.09 14:29:04.466,1.35045,1.35075,1.00,1.60
2010.04.09 14:29:04.814,1.35055,1.351,2.40,1.00
2010.04.09 14:29:05.798,1.35075,1.3511,1.00,1.00
2010.04.09 14:29:06.145,1.35095,1.3513,1.00,1.00
2010.04.09 14:29:07.140,1.35105,1.35135,1.00,1.20
2010.04.09 14:29:07.476,1.35095,1.35135,1.60,1.00
2010.04.09 14:29:08.469,1.3509,1.3514,1.60,1.00
2010.04.09 14:29:08.810,1.3509,1.35145,1.60,2.10
2010.04.09 14:29:09.772,1.3509,1.35145,2.30,1.60
2010.04.09 14:29:10.130,1.35105,1.35155,1.60,1.00
2010.04.09 14:29:11.087,1.351,1.35145,1.00,1.60
2010.04.09 14:29:11.430,1.35115,1.3517,1.70,3.30
2010.04.09 14:29:11.771,1.35115,1.3517,5.60,2.20
2010.04.09 14:29:12.482,1.35115,1.35165,9.60,2.20
2010.04.09 14:29:12.782,1.3513,1.35165,1.60,1.00
2010.04.09 14:29:13.745,1.3514,1.3518,4.00,1.00
2010.04.09 14:29:14.098,1.3516,1.35195,4.00,2.00
2010.04.09 14:29:15.048,1.3517,1.352,1.60,1.00
2010.04.09 14:29:15.373,1.35165,1.35205,1.60,1.10
2010.04.09 14:29:16.316,1.35155,1.3519,1.00,1.60
2010.04.09 14:29:16.664,1.35145,1.35175,1.00,2.10
2010.04.09 14:29:17.615,1.3511,1.3515,1.70,1.60
2010.04.09 14:29:17.894,1.35115,1.35165,4.00,1.00
2010.04.09 14:29:18.177,1.3512,1.35165,1.70,1.60
2010.04.09 14:29:18.871,1.3513,1.35165,1.70,2.80
2010.04.09 14:29:19.184,1.35095,1.3515,1.00,1.60
2010.04.09 14:29:20.061,1.35095,1.3516,4.00,1.60
2010.04.09 14:29:20.411,1.35115,1.35165,4.00,1.70
2010.04.09 14:29:21.309,1.3511,1.35165,2.20,3.30
2010.04.09 14:29:21.828,1.3512,1.35165,2.00,1.60
2010.04.09 14:29:22.777,1.3512,1.3517,1.60,1.60
2010.04.09 14:29:23.096,1.3512,1.3517,3.30,1.60
2010.04.09 14:29:23.992,1.35125,1.35175,1.60,1.60
2010.04.09 14:29:24.339,1.3513,1.3518,2.00,1.60
2010.04.09 14:29:25.260,1.3514,1.3519,1.60,1.20
2010.04.09 14:29:25.580,1.3515,1.35195,1.00,1.00
2010.04.09 14:29:26.495,1.3516,1.352,1.70,1.00
2010.04.09 14:29:26.837,1.3516,1.35215,1.00,6.20
2010.04.09 14:29:27.187,1.3516,1.35195,1.00,1.60
2010.04.09 14:29:28.192,1.3516,1.352,1.00,1.00
2010.04.09 14:29:28.511,1.3516,1.35205,1.00,1.60
2010.04.09 14:29:29.496,1.3516,1.3521,1.00,1.60
2010.04.09 14:29:29.836,1.35155,1.352,2.40,2.00
2010.04.09 14:29:30.736,1.35155,1.35195,1.00,1.60
2010.04.09 14:29:31.026,1.35145,1.35195,1.70,2.40
2010.04.09 14:29:31.316,1.3514,1.3519,1.00,1.00
2010.04.09 14:29:32.783,1.3514,1.3519,3.70,2.00
2010.04.09 14:29:33.031,1.35145,1.352,1.20,1.00
2010.04.09 14:29:33.662,1.35145,1.35205,1.20,1.30
2010.04.09 14:29:34.011,1.3514,1.3519,3.80,1.60
2010.04.09 14:29:34.871,1.3515,1.3519,1.00,1.60
2010.04.09 14:29:35.217,1.35155,1.35205,1.60,2.40
2010.04.09 14:29:35.566,1.35155,1.35205,2.00,1.60
2010.04.09 14:29:36.205,1.35155,1.3521,2.00,2.40
2010.04.09 14:29:36.894,1.3516,1.35215,1.00,4.00
2010.04.09 14:29:37.226,1.35155,1.3521,2.80,1.00
2010.04.09 14:29:38.210,1.3516,1.35205,2.10,2.50
2010.04.09 14:29:38.640,1.3516,1.35195,1.00,1.60
2010.04.09 14:29:39.218,1.3516,1.35185,1.00,1.60
2010.04.09 14:29:39.559,1.35135,1.3517,1.00,1.60
2010.04.09 14:29:40.460,1.3513,1.35175,1.00,1.00
2010.04.09 14:29:40.750,1.3513,1.35165,3.60,1.00
2010.04.09 14:29:41.063,1.3513,1.3517,4.40,1.20
2010.04.09 14:29:42.095,1.35135,1.35175,1.60,2.40
2010.04.09 14:29:42.441,1.35135,1.35175,2.40,2.40
2010.04.09 14:29:43.586,1.3515,1.35185,1.00,1.00
2010.04.09 14:29:43.872,1.35145,1.35185,2.40,1.60
2010.04.09 14:29:44.776,1.35145,1.35185,2.40,1.00
2010.04.09 14:29:45.480,1.3515,1.3519,2.40,4.00
2010.04.09 14:29:46.451,1.35145,1.3519,1.00,6.00
2010.04.09 14:29:47.435,1.3515,1.35185,1.60,1.00
2010.04.09 14:29:47.783,1.3516,1.3519,1.60,1.00
2010.04.09 14:29:48.136,1.3515,1.35195,2.50,4.00
2010.04.09 14:29:49.099,1.3515,1.3518,2.40,1.00
2010.04.09 14:29:49.438,1.3515,1.35165,1.00,1.60
2010.04.09 14:29:50.257,1.3515,1.3516,1.00,1.60
2010.04.09 14:29:50.609,1.35115,1.35165,1.00,2.40
2010.04.09 14:29:51.585,1.3511,1.35165,2.40,2.40
2010.04.09 14:29:51.923,1.35125,1.3517,2.40,4.00
2010.04.09 14:29:53.070,1.35125,1.35155,1.00,1.60
2010.04.09 14:29:53.357,1.35115,1.3515,1.00,3.60
2010.04.09 14:29:54.133,1.35105,1.3515,4.00,1.20
2010.04.09 14:29:54.454,1.3512,1.35155,1.60,2.40
2010.04.09 14:29:55.307,1.3512,1.35155,1.60,1.00
2010.04.09 14:29:55.658,1.3512,1.3516,4.00,1.00
2010.04.09 14:29:56.645,1.3512,1.3516,1.60,1.60
2010.04.09 14:29:56.983,1.3513,1.35165,1.60,1.00
2010.04.09 14:29:57.487,1.3514,1.35175,1.60,2.40
2010.04.09 14:29:58.127,1.3514,1.35175,1.60,1.60
2010.04.09 14:29:58.436,1.35155,1.35175,1.60,1.00
2010.04.09 14:29:59.375,1.3514,1.3519,1.00,2.40
2010.04.09 14:29:59.720,1.35135,1.3519,2.60,1.60
2010.04.09 14:30:00.070,1.3515,1.352,1.70,2.80
2010.04.09 14:30:00.738,1.3515,1.352,1.70,2.40
2010.04.09 14:30:01.074,1.35155,1.35205,2.50,1.60
2010.04.09 14:30:01.983,1.35165,1.35215,1.60,2.40
2010.04.09 14:30:02.340,1.3517,1.35215,1.60,1.60
2010.04.09 14:30:03.702,1.35165,1.35215,2.80,1.60
2010.04.09 14:30:04.056,1.35165,1.352,1.00,1.60
2010.04.09 14:30:05.014,1.35155,1.35205,1.60,3.60
2010.04.09 14:30:05.364,1.35155,1.35195,1.70,1.60
2010.04.09 14:30:06.308,1.35165,1.352,1.60,1.00
2010.04.09 14:30:06.664,1.35165,1.3521,1.60,1.00
2010.04.09 14:30:07.001,1.35165,1.3521,1.70,1.00
2010.04.09 14:30:07.752,1.35165,1.35215,1.60,2.40
2010.04.09 14:30:08.086,1.35155,1.352,1.00,1.60
2010.04.09 14:30:09.045,1.35165,1.3522,1.60,2.70
2010.04.09 14:30:09.393,1.3518,1.35225,1.60,1.20
2010.04.09 14:30:09.740,1.3517,1.3522,2.10,2.80
2010.04.09 14:30:10.683,1.35175,1.3522,1.00,2.40
2010.04.09 14:30:11.038,1.3518,1.3523,2.10,2.80
2010.04.09 14:30:12.207,1.35185,1.35235,1.00,2.80
2010.04.09 14:30:12.570,1.3519,1.3524,2.10,4.00
2010.04.09 14:30:13.535,1.35185,1.35225,1.00,1.60
2010.04.09 14:30:13.777,1.3518,1.35225,2.80,2.10
2010.04.09 14:30:14.016,1.3518,1.35225,2.40,1.60
2010.04.09 14:30:15.026,1.35195,1.3523,2.00,1.00
2010.04.09 14:30:15.380,1.35195,1.3524,2.00,1.20
2010.04.09 14:30:16.227,1.35195,1.35245,2.00,2.80
2010.04.09 14:30:16.533,1.3516,1.352,1.00,1.60
2010.04.09 14:30:17.412,1.35145,1.35195,1.00,1.60
2010.04.09 14:30:17.725,1.3514,1.3517,1.00,1.00
2010.04.09 14:30:18.045,1.35135,1.35175,1.20,1.60
2010.04.09 14:30:19.008,1.3511,1.3516,1.20,1.60
2010.04.09 14:30:19.361,1.3511,1.3516,2.00,1.00
2010.04.09 14:30:20.353,1.3512,1.35165,1.60,5.60
2010.04.09 14:30:20.696,1.3511,1.35155,1.60,1.60
2010.04.09 14:30:22.073,1.35105,1.35155,2.00,1.60
2010.04.09 14:30:22.313,1.3512,1.35165,1.60,1.00
2010.04.09 14:30:23.196,1.3512,1.3517,1.60,2.80
2010.04.09 14:30:23.538,1.35115,1.3516,1.00,1.60
2010.04.09 14:30:23.885,1.3511,1.35155,1.00,2.00
2010.04.09 14:30:24.606,1.3511,1.35155,1.60,1.00
2010.04.09 14:30:24.957,1.35105,1.3516,1.00,6.20
2010.04.09 14:30:25.929,1.3512,1.35155,1.00,1.00
2010.04.09 14:30:26.279,1.3513,1.3517,1.60,2.20
2010.04.09 14:30:26.628,1.35125,1.35165,1.00,3.60
2010.04.09 14:30:27.558,1.3512,1.35155,2.10,1.00
2010.04.09 14:30:27.895,1.3512,1.3516,2.10,2.40
2010.04.09 14:30:28.529,1.3512,1.35165,4.50,5.60
2010.04.09 14:30:28.881,1.35115,1.35155,1.00,4.00
2010.04.09 14:30:29.226,1.35115,1.35155,1.30,4.00
2010.04.09 14:30:29.876,1.35115,1.35155,1.00,4.00
2010.04.09 14:30:30.238,1.3511,1.3515,1.30,2.40
2010.04.09 14:30:30.588,1.35115,1.3515,1.60,2.40
2010.04.09 14:30:31.406,1.3511,1.3515,1.00,4.00
2010.04.09 14:30:31.711,1.35125,1.35155,1.00,1.00
2010.04.09 14:30:32.019,1.3512,1.3516,2.80,1.60
2010.04.09 14:30:32.866,1.3512,1.3516,2.80,3.20
2010.04.09 14:30:33.215,1.35095,1.35145,5.40,1.00
2010.04.09 14:30:33.564,1.35095,1.35145,4.00,1.00
2010.04.09 14:30:34.522,1.351,1.35145,2.40,5.60
2010.04.09 14:30:34.867,1.351,1.35145,4.40,4.00
2010.04.09 14:30:35.217,1.35105,1.35145,1.00,4.00
2010.04.09 14:30:35.830,1.351,1.35145,4.40,4.00
2010.04.09 14:30:36.352,1.35115,1.3515,2.40,1.60
2010.04.09 14:30:36.547,1.35115,1.3515,1.00,1.60
2010.04.09 14:30:37.395,1.35115,1.3516,2.40,2.70
2010.04.09 14:30:37.751,1.3512,1.35155,1.60,1.00
2010.04.09 14:30:38.563,1.35125,1.35165,3.20,1.30
2010.04.09 14:30:38.800,1.35135,1.35175,1.00,1.00
2010.04.09 14:30:39.751,1.35135,1.3517,1.00,2.40
2010.04.09 14:30:40.104,1.3509,1.35135,1.00,1.60
2010.04.09 14:30:40.454,1.35075,1.3513,1.00,3.20
2010.04.09 14:30:41.064,1.35075,1.3513,1.00,1.60
2010.04.09 14:30:41.349,1.351,1.35105,4.00,1.00
2010.04.09 14:30:41.624,1.35105,1.35115,4.00,3.20
2010.04.09 14:30:42.311,1.35075,1.35105,3.20,1.00
2010.04.09 14:30:42.653,1.35085,1.3513,1.60,1.00
2010.04.09 14:30:43.001,1.3509,1.3514,1.60,1.00
2010.04.09 14:30:43.842,1.35095,1.35135,3.20,1.00
2010.04.09 14:30:44.186,1.35085,1.3512,1.00,1.60
2010.04.09 14:30:44.522,1.3509,1.35125,1.60,1.60
2010.04.09 14:30:45.177,1.3509,1.3512,1.60,1.00
2010.04.09 14:30:45.541,1.351,1.3513,3.70,1.00
2010.04.09 14:30:45.894,1.3511,1.3513,3.20,1.00
2010.04.09 14:30:46.583,1.35115,1.3513,1.00,1.00
2010.04.09 14:30:46.922,1.35125,1.35165,2.40,1.00
2010.04.09 14:30:47.245,1.35125,1.35175,2.40,1.60
2010.04.09 14:30:48.556,1.35135,1.35175,1.00,4.00
2010.04.09 14:30:48.777,1.35135,1.35175,2.40,2.40
2010.04.09 14:30:49.569,1.3514,1.35175,1.60,2.40
2010.04.09 14:30:49.888,1.3513,1.35165,1.60,3.20
2010.04.09 14:30:50.205,1.3513,1.35165,1.60,4.00
2010.04.09 14:30:51.020,1.35135,1.35165,1.00,1.00
2010.04.09 14:30:51.333,1.3513,1.35175,2.50,2.40
2010.04.09 14:30:51.637,1.3513,1.35175,2.40,4.00
2010.04.09 14:30:52.393,1.35135,1.3517,1.60,1.00
2010.04.09 14:30:52.729,1.3513,1.3517,1.00,2.40
2010.04.09 14:30:53.878,1.3513,1.3517,1.00,1.00
2010.04.09 14:30:54.229,1.3512,1.3516,1.00,4.00
2010.04.09 14:30:55.209,1.35125,1.35155,1.60,1.00
2010.04.09 14:30:55.524,1.35125,1.3517,4.40,4.40
2010.04.09 14:30:55.822,1.35125,1.3517,4.60,4.40
2010.04.09 14:30:56.708,1.35135,1.3517,2.00,4.00
2010.04.09 14:30:57.011,1.35135,1.3518,2.80,4.40
2010.04.09 14:30:57.303,1.35135,1.35175,2.80,1.60
2010.04.09 14:30:58.197,1.35135,1.35175,2.80,1.00
2010.04.09 14:30:58.517,1.3514,1.35185,2.80,4.00
2010.04.09 14:30:58.836,1.3514,1.35175,2.00,2.40
2010.04.09 14:30:59.753,1.3514,1.35175,2.10,2.40
2010.04.09 14:31:00.097,1.3514,1.35175,1.00,2.40
2010.04.09 14:31:00.446,1.3515,1.35175,1.00,1.00
2010.04.09 14:31:01.092,1.35165,1.3518,1.00,1.00
2010.04.09 14:31:01.404,1.3518,1.3524,1.30,1.00
2010.04.09 14:31:01.719,1.3518,1.35245,2.90,2.40
2010.04.09 14:31:02.656,1.3519,1.35235,2.40,2.40
2010.04.09 14:31:03.011,1.35195,1.3522,1.00,1.60
2010.04.09 14:31:03.357,1.3518,1.3522,1.00,2.40
2010.04.09 14:31:04.217,1.3518,1.35215,1.00,2.40
2010.04.09 14:31:04.502,1.35175,1.35215,1.00,2.40
2010.04.09 14:31:04.781,1.3518,1.35215,1.00,2.40
2010.04.09 14:31:05.061,1.3518,1.35215,1.00,1.00
2010.04.09 14:31:05.989,1.3519,1.3523,1.00,4.00
2010.04.09 14:31:06.307,1.3519,1.3523,1.00,1.00
2010.04.09 14:31:07.179,1.35185,1.3523,2.80,1.00
2010.04.09 14:31:07.526,1.35185,1.3523,2.80,2.40
2010.04.09 14:31:07.871,1.35185,1.3523,2.40,3.00
2010.04.09 14:31:09.173,1.35185,1.35225,1.00,3.20
2010.04.09 14:31:09.411,1.35175,1.35215,1.70,1.00
2010.04.09 14:31:10.248,1.35175,1.3522,1.00,3.60
2010.04.09 14:31:10.536,1.3518,1.3522,1.20,3.20
2010.04.09 14:31:10.833,1.3518,1.3522,1.00,3.20
2010.04.09 14:31:11.814,1.35175,1.3522,2.80,4.00
2010.04.09 14:31:12.163,1.35175,1.3522,4.60,4.00
2010.04.09 14:31:12.517,1.3518,1.3522,2.00,1.00
2010.04.09 14:31:13.132,1.3518,1.3522,2.80,1.00
2010.04.09 14:31:13.481,1.35175,1.35215,2.40,1.00
2010.04.09 14:31:14.999,1.35175,1.35215,1.00,4.00
2010.04.09 14:31:15.338,1.3517,1.35215,2.80,5.60
2010.04.09 14:31:15.583,1.35175,1.35215,1.00,4.00
2010.04.09 14:31:16.399,1.35175,1.35215,1.00,2.40
2010.04.09 14:31:16.745,1.35175,1.35215,1.00,3.20
2010.04.09 14:31:17.691,1.35175,1.35215,2.40,3.20
2010.04.09 14:31:18.037,1.3517,1.3521,1.20,2.40
2010.04.09 14:31:18.387,1.3517,1.3521,1.40,2.40
2010.04.09 14:31:19.327,1.3517,1.3521,1.20,2.40
2010.04.09 14:31:20.010,1.3517,1.3521,1.00,2.40
2010.04.09 14:31:20.442,1.3517,1.3521,2.40,2.40
2010.04.09 14:31:21.180,1.3517,1.3521,1.00,2.40
2010.04.09 14:31:21.333,1.35165,1.35195,1.00,1.60
2010.04.09 14:31:21.596,1.35155,1.35195,1.00,2.40
2010.04.09 14:31:22.325,1.35155,1.35195,5.00,2.40
2010.04.09 14:31:22.669,1.35155,1.352,5.00,4.00
2010.04.09 14:31:23.018,1.35155,1.352,4.90,4.00
2010.04.09 14:31:23.366,1.3516,1.352,1.30,1.60
2010.04.09 14:31:24.230,1.3516,1.35195,1.00,1.70
2010.04.09 14:31:24.534,1.35155,1.3519,1.00,1.60
2010.04.09 14:31:25.489,1.35155,1.35195,2.40,2.40
2010.04.09 14:31:25.672,1.3515,1.35195,2.40,4.40
2010.04.09 14:31:25.854,1.35155,1.35185,1.70,1.00
2010.04.09 14:31:26.646,1.3515,1.35185,3.80,1.00
2010.04.09 14:31:26.990,1.3515,1.35185,1.00,1.60
2010.04.09 14:31:27.338,1.35145,1.35185,1.00,1.60
2010.04.09 14:31:27.990,1.35145,1.35185,1.00,3.20
2010.04.09 14:31:28.325,1.35145,1.3518,1.00,1.60
2010.04.09 14:31:28.654,1.3515,1.3517,1.00,3.20
2010.04.09 14:31:29.572,1.35175,1.3518,1.00,2.80
2010.04.09 14:31:29.916,1.35185,1.35235,1.00,1.00
2010.04.09 14:31:30.258,1.35185,1.35245,1.00,1.00
2010.04.09 14:31:31.210,1.35195,1.3523,1.00,4.00
2010.04.09 14:31:31.566,1.3519,1.3523,1.00,4.00
2010.04.09 14:31:33.348,1.3519,1.3523,1.00,4.00
2010.04.09 14:31:33.564,1.352,1.3523,1.00,1.00
2010.04.09 14:31:34.338,1.352,1.35235,1.00,1.00
2010.04.09 14:31:34.716,1.35195,1.35235,1.00,1.00
2010.04.09 14:31:35.064,1.352,1.35235,1.00,4.00
2010.04.09 14:31:36.179,1.352,1.3524,1.40,1.00
2010.04.09 14:31:38.167,1.35205,1.35245,1.00,2.40
2010.04.09 14:31:38.429,1.3522,1.3525,1.00,1.00
2010.04.09 14:31:39.336,1.3523,1.3524,1.00,1.00
2010.04.09 14:31:39.687,1.35225,1.3528,2.90,4.00
2010.04.09 14:31:40.034,1.35225,1.3528,4.50,4.00
2010.04.09 14:31:40.656,1.35225,1.3528,4.50,1.00
2010.04.09 14:31:40.976,1.3523,1.3527,2.90,1.00
2010.04.09 14:31:41.285,1.35235,1.3527,1.60,1.00
2010.04.09 14:31:42.218,1.3524,1.3527,1.60,1.00
2010.04.09 14:31:42.566,1.35245,1.35295,4.40,5.60
2010.04.09 14:31:42.917,1.3524,1.35285,1.20,2.40
2010.04.09 14:31:43.920,1.3524,1.3528,1.00,2.40
2010.04.09 14:31:44.254,1.3524,1.3528,1.00,3.20
2010.04.09 14:31:45.203,1.3524,1.35275,2.40,3.70
2010.04.09 14:31:45.554,1.35235,1.3528,2.80,4.00
2010.04.09 14:31:46.570,1.35235,1.3528,4.40,2.40
2010.04.09 14:31:48.587,1.35235,1.3528,2.40,2.40
2010.04.09 14:31:48.831,1.35235,1.35275,1.00,1.60
2010.04.09 14:31:49.081,1.35235,1.35275,1.00,2.40
2010.04.09 14:31:50.319,1.3523,1.35265,1.00,1.60
2010.04.09 14:31:50.607,1.35235,1.3527,1.60,2.40
2010.04.09 14:31:51.554,1.35235,1.3526,1.60,4.00
2010.04.09 14:31:51.851,1.35225,1.35255,1.20,1.60
2010.04.09 14:31:52.805,1.35225,1.35255,1.00,1.60
2010.04.09 14:31:53.148,1.35215,1.3525,1.00,3.20
2010.04.09 14:31:54.137,1.35215,1.35235,1.00,1.60
2010.04.09 14:31:54.470,1.35175,1.35235,1.60,2.40
2010.04.09 14:31:54.794,1.3518,1.35235,1.60,1.00
2010.04.09 14:31:55.601,1.3519,1.35225,2.00,1.00
2010.04.09 14:31:55.918,1.352,1.35235,1.60,1.00
2010.04.09 14:31:56.834,1.35195,1.35235,1.00,2.40
2010.04.09 14:31:57.165,1.352,1.35235,1.60,1.00
2010.04.09 14:31:57.492,1.352,1.3524,1.20,1.00
2010.04.09 14:31:58.424,1.352,1.35245,1.00,4.40
2010.04.09 14:31:58.734,1.352,1.35245,1.00,2.40
2010.04.09 14:32:00.009,1.35195,1.3524,4.10,4.00
2010.04.09 14:32:00.354,1.35195,1.3524,4.60,4.00
2010.04.09 14:32:01.321,1.35195,1.35235,1.00,4.80
2010.04.09 14:32:01.670,1.35195,1.3523,1.00,1.00
2010.04.09 14:32:02.025,1.35195,1.3523,1.60,1.00
2010.04.09 14:32:02.950,1.35195,1.35235,2.40,3.20
2010.04.09 14:32:03.182,1.35195,1.35235,1.00,1.00
2010.04.09 14:32:04.539,1.3519,1.35225,1.60,1.60
2010.04.09 14:32:04.894,1.3519,1.35225,1.60,1.00
2010.04.09 14:32:05.865,1.35185,1.35225,2.40,1.00
2010.04.09 14:32:06.208,1.3519,1.3523,1.00,2.40
2010.04.09 14:32:06.522,1.35185,1.3523,2.40,2.40
2010.04.09 14:32:07.503,1.35185,1.35225,2.40,1.00
2010.04.09 14:32:08.530,1.352,1.35225,1.60,1.00
2010.04.09 14:32:09.376,1.35195,1.35235,2.00,1.00
2010.04.09 14:32:09.595,1.352,1.35235,1.60,1.00
2010.04.09 14:32:10.566,1.352,1.3524,2.40,4.00
2010.04.09 14:32:10.821,1.352,1.35235,1.00,3.20
2010.04.09 14:32:11.078,1.3519,1.3523,1.00,1.60
2010.04.09 14:32:12.013,1.3519,1.35225,1.60,2.40
2010.04.09 14:32:12.360,1.35185,1.35225,1.60,2.40
2010.04.09 14:32:13.164,1.352,1.35225,1.60,1.00
2010.04.09 14:32:13.502,1.35195,1.35235,1.60,2.80
2010.04.09 14:32:14.490,1.35195,1.35235,3.60,1.00
2010.04.09 14:32:14.831,1.352,1.3524,1.00,1.00
2010.04.09 14:32:15.177,1.352,1.3524,1.00,2.40
2010.04.09 14:32:16.128,1.352,1.35245,2.40,2.40
2010.04.09 14:32:16.651,1.35205,1.35245,1.60,2.40
2010.04.09 14:32:17.690,1.35205,1.35245,3.20,1.00
2010.04.09 14:32:18.044,1.35215,1.3525,1.60,1.00
2010.04.09 14:32:18.977,1.35215,1.35255,1.60,4.00
2010.04.09 14:32:19.324,1.3522,1.3525,1.60,1.00
2010.04.09 14:32:20.624,1.3521,1.35255,1.00,5.60
2010.04.09 14:32:21.681,1.3521,1.35255,2.40,5.60
2010.04.09 14:32:22.041,1.35215,1.35255,1.60,2.40
2010.04.09 14:32:22.384,1.35215,1.35255,2.40,1.60
2010.04.09 14:32:23.686,1.3522,1.3526,2.40,1.00
2010.04.09 14:32:23.971,1.35225,1.3527,2.90,1.00
2010.04.09 14:32:24.875,1.35225,1.3527,2.40,4.00
2010.04.09 14:32:25.215,1.35225,1.35265,1.00,4.80
2010.04.09 14:32:25.985,1.35225,1.35255,1.00,3.20
2010.04.09 14:32:26.339,1.3521,1.3525,1.00,1.00
2010.04.09 14:32:26.690,1.35215,1.3525,2.00,1.00
2010.04.09 14:32:27.317,1.35225,1.3525,1.00,1.00
2010.04.09 14:32:27.661,1.3521,1.3525,1.00,2.40
2010.04.09 14:32:29.271,1.35225,1.35265,1.60,1.00
2010.04.09 14:32:29.613,1.35225,1.3527,2.40,5.60
2010.04.09 14:32:30.603,1.3522,1.35265,2.90,1.00
2010.04.09 14:32:30.799,1.3522,1.3526,2.40,1.60
2010.04.09 14:32:31.900,1.35225,1.3526,1.00,1.60
2010.04.09 14:32:32.246,1.35215,1.3525,1.00,1.60
2010.04.09 14:32:33.385,1.35215,1.35255,1.00,4.00
2010.04.09 14:32:34.354,1.3522,1.35255,1.00,5.60
2010.04.09 14:32:34.710,1.3522,1.3526,2.10,2.40
2010.04.09 14:32:35.056,1.35215,1.3526,2.90,2.40
2010.04.09 14:32:36.001,1.3522,1.3526,2.40,2.40
2010.04.09 14:32:36.350,1.3522,1.3526,1.00,2.40
2010.04.09 14:32:36.903,1.35235,1.3526,1.00,1.00
2010.04.09 14:32:37.577,1.35235,1.3526,2.10,1.00
2010.04.09 14:32:37.862,1.35235,1.35275,2.40,4.00
2010.04.09 14:32:38.131,1.35235,1.35275,1.00,4.00
2010.04.09 14:32:38.980,1.35235,1.35275,2.40,4.00
2010.04.09 14:32:39.249,1.35235,1.35275,1.00,4.00
2010.04.09 14:32:39.839,1.35235,1.35275,1.60,4.00
2010.04.09 14:32:40.138,1.3523,1.35275,1.00,4.00
2010.04.09 14:32:44.575,1.35235,1.35275,2.40,1.00
2010.04.09 14:32:45.522,1.3524,1.3528,1.00,2.40
2010.04.09 14:32:47.561,1.3523,1.35275,2.90,2.50
2010.04.09 14:32:47.846,1.3523,1.3527,1.00,1.60
2010.04.09 14:32:48.733,1.3523,1.3527,1.00,2.40
2010.04.09 14:32:49.755,1.3523,1.3527,1.00,1.60
2010.04.09 14:32:50.099,1.3523,1.35275,2.40,4.00
2010.04.09 14:32:50.989,1.35245,1.35275,1.60,1.00
2010.04.09 14:32:51.119,1.35255,1.353,1.00,1.60
2010.04.09 14:32:51.226,1.35255,1.35305,2.40,1.00
2010.04.09 14:32:51.446,1.35255,1.3531,2.40,4.00
2010.04.09 14:32:52.424,1.3525,1.3529,1.00,1.60
2010.04.09 14:32:52.771,1.35245,1.3529,2.40,5.70
2010.04.09 14:32:53.525,1.35245,1.3529,1.00,5.90
2010.04.09 14:32:53.842,1.35245,1.35275,1.00,1.60
2010.04.09 14:32:54.159,1.35235,1.35275,2.40,1.60
2010.04.09 14:32:55.026,1.35235,1.3528,4.00,4.10
2010.04.09 14:32:55.370,1.35235,1.3528,4.00,5.60
2010.04.09 14:32:56.343,1.35235,1.3528,4.00,6.10
2010.04.09 14:32:56.626,1.3524,1.35275,1.00,1.60
2010.04.09 14:32:57.829,1.3524,1.35265,1.00,1.60
2010.04.09 14:32:58.163,1.35235,1.3526,1.00,1.60
2010.04.09 14:32:58.496,1.3523,1.3527,3.20,1.20
2010.04.09 14:32:59.415,1.3523,1.35275,4.00,2.40
2010.04.09 14:32:59.771,1.35245,1.35275,1.60,1.00
2010.04.09 14:33:00.119,1.35245,1.3528,1.60,4.00
2010.04.09 14:33:01.016,1.35235,1.3528,3.10,4.00
2010.04.09 14:33:01.162,1.35235,1.3528,2.40,4.00
2010.04.09 14:33:03.091,1.35245,1.3528,1.60,1.00
2010.04.09 14:33:03.268,1.3524,1.3528,1.00,5.60
2010.04.09 14:33:03.434,1.35235,1.3528,2.40,5.60
2010.04.09 14:33:03.600,1.35235,1.35275,2.40,1.60
2010.04.09 14:33:03.772,1.35235,1.3528,2.40,5.60
2010.04.09 14:33:05.233,1.35235,1.3527,1.00,1.60
2010.04.09 14:33:05.531,1.3523,1.35275,2.40,4.00
2010.04.09 14:33:06.364,1.35235,1.35265,1.00,1.60
2010.04.09 14:33:06.719,1.35235,1.3527,1.00,3.20
2010.04.09 14:33:07.239,1.35235,1.3527,1.00,4.00
2010.04.09 14:33:08.557,1.35235,1.3526,1.00,1.60
2010.04.09 14:33:09.463,1.3523,1.3526,1.60,2.40
2010.04.09 14:33:09.813,1.35235,1.3527,1.60,4.00
2010.04.09 14:33:10.818,1.35235,1.3527,2.40,5.60
2010.04.09 14:33:11.054,1.3523,1.3527,2.40,5.60
2010.04.09 14:33:11.870,1.35235,1.3527,1.60,4.00
2010.04.09 14:33:12.103,1.35235,1.3526,1.00,3.20
2010.04.09 14:33:12.442,1.35235,1.3527,2.90,1.00
2010.04.09 14:33:14.212,1.35235,1.3527,4.50,1.00
2010.04.09 14:33:15.353,1.35235,1.3527,2.90,4.00
2010.04.09 14:33:15.599,1.3524,1.3527,1.60,1.00
2010.04.09 14:33:16.043,1.35235,1.35265,2.40,1.60
2010.04.09 14:33:17.493,1.3524,1.3527,1.60,1.00
2010.04.09 14:33:18.105,1.35235,1.35265,2.40,1.60
2010.04.09 14:33:19.013,1.35235,1.3527,2.40,4.00
2010.04.09 14:33:19.267,1.35235,1.3527,2.40,1.00
2010.04.09 14:33:19.521,1.35235,1.35265,1.00,1.60
2010.04.09 14:33:20.744,1.35235,1.3527,2.40,1.00
2010.04.09 14:33:21.087,1.3524,1.3527,1.60,1.00
2010.04.09 14:33:22.590,1.3524,1.35275,2.40,2.40
2010.04.09 14:33:22.751,1.35245,1.35275,1.00,2.40
2010.04.09 14:33:24.098,1.35245,1.35275,1.00,5.60
2010.04.09 14:33:24.367,1.3524,1.3527,2.40,1.00
2010.04.09 14:33:24.637,1.3524,1.35275,2.40,4.00
2010.04.09 14:33:25.827,1.3525,1.3528,1.60,1.00
2010.04.09 14:33:26.169,1.3525,1.35285,2.40,4.00
2010.04.09 14:33:26.517,1.3525,1.35285,2.40,2.40
2010.04.09 14:33:26.738,1.3525,1.35285,1.00,2.40
2010.04.09 14:33:27.643,1.35245,1.3528,2.40,3.20
2010.04.09 14:33:27.972,1.35245,1.3528,1.00,3.20
2010.04.09 14:33:28.932,1.3524,1.35275,2.40,5.60
2010.04.09 14:33:29.218,1.3524,1.35275,2.40,2.40
2010.04.09 14:33:30.142,1.35255,1.35285,1.60,4.00
2010.04.09 14:33:32.146,1.35245,1.3528,4.00,4.00
2010.04.09 14:33:32.505,1.35245,1.3528,2.40,4.00
2010.04.09 14:33:33.443,1.35245,1.3528,4.00,4.00
2010.04.09 14:33:33.613,1.3525,1.35285,2.40,4.00
2010.04.09 14:33:34.904,1.35255,1.3529,1.00,4.00
2010.04.09 14:33:36.551,1.3525,1.3528,2.40,1.00
2010.04.09 14:33:36.875,1.35255,1.35285,1.00,1.00
2010.04.09 14:33:37.821,1.35255,1.3529,2.40,2.40
2010.04.09 14:33:38.321,1.35265,1.35285,1.60,2.40
2010.04.09 14:33:38.666,1.3526,1.35285,1.60,1.00
2010.04.09 14:33:39.635,1.35265,1.35295,1.60,2.40
2010.04.09 14:33:39.931,1.35265,1.353,2.40,1.00
2010.04.09 14:33:40.564,1.35265,1.353,4.00,1.00
2010.04.09 14:33:41.378,1.3527,1.35305,4.00,1.00
2010.04.09 14:33:41.482,1.3528,1.3531,1.00,1.60
2010.04.09 14:33:42.709,1.3529,1.3532,1.00,4.00
2010.04.09 14:33:44.686,1.3529,1.35325,2.40,4.00
2010.04.09 14:33:46.786,1.353,1.35335,2.40,4.00
2010.04.09 14:33:47.729,1.353,1.3533,1.60,1.00
2010.04.09 14:33:47.994,1.353,1.35335,2.40,2.40
2010.04.09 14:33:49.224,1.35285,1.3531,1.30,1.60
2010.04.09 14:33:49.447,1.3526,1.3531,2.40,2.40
2010.04.09 14:33:50.615,1.3527,1.353,2.40,2.40
2010.04.09 14:33:51.948,1.3528,1.353,1.60,1.00
2010.04.09 14:33:52.303,1.35275,1.35305,2.40,1.00
2010.04.09 14:33:53.256,1.35275,1.3531,2.00,2.40
2010.04.09 14:33:53.589,1.35275,1.3531,4.00,2.40
2010.04.09 14:33:54.873,1.35275,1.3531,1.00,4.00
2010.04.09 14:33:56.596,1.35265,1.353,2.40,1.60
2010.04.09 14:33:56.943,1.35265,1.35305,4.10,4.00
2010.04.09 14:33:57.795,1.35265,1.353,2.40,1.60
2010.04.09 14:33:58.061,1.3527,1.353,1.00,2.40
2010.04.09 14:33:59.175,1.35255,1.3529,2.40,4.00
2010.04.09 14:33:59.858,1.35255,1.3529,2.40,5.60
2010.04.09 14:34:00.611,1.3526,1.3529,1.60,4.00
2010.04.09 14:34:00.959,1.35275,1.35295,2.40,1.60
2010.04.09 14:34:01.304,1.35275,1.35305,1.00,3.20
2010.04.09 14:34:02.231,1.3527,1.35305,1.00,8.00
2010.04.09 14:34:02.365,1.35235,1.35285,1.60,1.00
2010.04.09 14:34:02.502,1.35245,1.3529,1.60,1.00
2010.04.09 14:34:02.628,1.35245,1.3529,3.20,1.00
2010.04.09 14:34:03.397,1.35255,1.3529,2.40,4.40
2010.04.09 14:34:03.747,1.3525,1.35285,4.00,2.40
2010.04.09 14:34:04.091,1.3525,1.3528,1.00,1.60
2010.04.09 14:34:04.999,1.35245,1.3528,1.00,2.40
2010.04.09 14:34:05.343,1.3524,1.3528,2.40,4.00
2010.04.09 14:34:05.982,1.3524,1.35275,2.40,3.20
2010.04.09 14:34:06.851,1.3524,1.35275,2.40,4.00
2010.04.09 14:34:07.054,1.35245,1.3528,2.40,4.00
2010.04.09 14:34:07.816,1.35245,1.3528,4.00,4.00
2010.04.09 14:34:08.581,1.35245,1.3528,2.50,1.00
2010.04.09 14:34:08.958,1.3525,1.35285,2.40,2.40
2010.04.09 14:34:09.189,1.3525,1.35285,1.00,4.00
2010.04.09 14:34:10.038,1.3525,1.35275,1.00,1.60
2010.04.09 14:34:10.305,1.3524,1.3527,1.00,4.80
2010.04.09 14:34:10.558,1.35235,1.35265,2.40,1.00
2010.04.09 14:34:12.236,1.35235,1.3527,4.00,4.00
2010.04.09 14:34:13.194,1.35235,1.35265,1.00,1.60
2010.04.09 14:34:13.543,1.35235,1.35265,1.00,2.40
2010.04.09 14:34:15.366,1.35235,1.3527,2.40,2.40
2010.04.09 14:34:15.625,1.35235,1.3527,2.40,4.00
2010.04.09 14:34:17.370,1.35235,1.3527,2.40,2.40
2010.04.09 14:34:18.346,1.3524,1.35275,2.40,4.00
2010.04.09 14:34:18.647,1.3524,1.35275,2.40,4.80
2010.04.09 14:34:18.957,1.35235,1.35265,1.00,1.60
2010.04.09 14:34:19.853,1.3523,1.35265,1.00,4.00
2010.04.09 14:34:20.200,1.3523,1.3526,1.00,4.00
2010.04.09 14:34:20.456,1.3522,1.35255,2.40,4.00
2010.04.09 14:34:20.715,1.35215,1.35245,1.20,1.60
2010.04.09 14:34:21.403,1.35215,1.35245,1.00,3.20
2010.04.09 14:34:21.646,1.3521,1.35245,3.20,4.00
2010.04.09 14:34:21.878,1.35215,1.35245,2.40,2.40
2010.04.09 14:34:22.105,1.35215,1.3525,1.00,2.40
2010.04.09 14:34:22.565,1.35215,1.3525,1.00,5.60
2010.04.09 14:34:23.543,1.35215,1.3525,1.00,5.70
2010.04.09 14:34:23.734,1.35215,1.3525,2.40,2.50
2010.04.09 14:34:23.925,1.35215,1.3525,2.40,2.40
2010.04.09 14:34:24.882,1.3521,1.35245,1.00,2.40
2010.04.09 14:34:25.206,1.35205,1.3524,2.40,1.60
2010.04.09 14:34:25.536,1.35205,1.3524,4.00,2.40
2010.04.09 14:34:26.361,1.3521,1.3524,1.00,2.40
2010.04.09 14:34:26.578,1.3521,1.3524,1.00,1.00
2010.04.09 14:34:26.793,1.3521,1.35245,1.00,4.00
2010.04.09 14:34:27.632,1.3521,1.35235,1.00,1.60
2010.04.09 14:34:27.976,1.352,1.35235,2.40,4.00
2010.04.09 14:34:29.900,1.35195,1.3523,1.00,4.00
2010.04.09 14:34:30.169,1.3519,1.3523,2.40,4.00
2010.04.09 14:34:31.031,1.3519,1.3523,2.50,5.60
2010.04.09 14:34:31.280,1.35195,1.3523,3.90,1.00
2010.04.09 14:34:31.518,1.352,1.35235,1.00,2.40
2010.04.09 14:34:32.361,1.352,1.3523,1.00,1.60
2010.04.09 14:34:32.702,1.35195,1.3523,2.40,2.40
2010.04.09 14:34:34.367,1.35195,1.3523,1.00,4.00
2010.04.09 14:34:35.874,1.35195,1.3523,1.00,2.40
2010.04.09 14:34:36.059,1.35195,1.35225,1.00,1.60
2010.04.09 14:34:36.242,1.35195,1.35225,1.00,2.40
2010.04.09 14:34:37.036,1.35195,1.35225,2.40,1.00
2010.04.09 14:34:37.381,1.352,1.35235,2.40,4.00
2010.04.09 14:34:38.076,1.352,1.35235,2.40,2.40
2010.04.09 14:34:38.909,1.35205,1.3524,2.40,4.00
2010.04.09 14:34:39.184,1.35205,1.3524,2.40,1.00
2010.04.09 14:34:39.450,1.3521,1.3524,1.00,1.00
2010.04.09 14:34:39.985,1.35215,1.3524,1.60,1.00
2010.04.09 14:34:41.181,1.35225,1.35255,1.00,4.00
2010.04.09 14:34:41.538,1.3523,1.35255,1.00,1.60
2010.04.09 14:34:41.824,1.3523,1.35255,2.40,1.60
2010.04.09 14:34:42.755,1.35235,1.3526,1.00,1.60
2010.04.09 14:34:43.030,1.35235,1.3526,1.60,1.60
2010.04.09 14:34:43.879,1.35225,1.35255,3.20,1.00
2010.04.09 14:34:44.206,1.3523,1.35265,1.00,4.00
2010.04.09 14:34:44.538,1.3523,1.35265,1.00,4.10
2010.04.09 14:34:45.444,1.3523,1.3526,1.00,3.30
2010.04.09 14:34:45.797,1.35225,1.3526,3.20,1.00
2010.04.09 14:34:46.759,1.3523,1.35265,1.00,2.40
2010.04.09 14:34:47.096,1.3523,1.35265,2.40,2.40
2010.04.09 14:34:47.431,1.35235,1.35265,1.00,2.40
2010.04.09 14:34:49.407,1.35235,1.35265,2.40,2.40
2010.04.09 14:34:49.491,1.35235,1.35265,2.80,1.00
2010.04.09 14:34:50.160,1.35235,1.3527,4.40,1.00
2010.04.09 14:34:50.512,1.3524,1.35275,1.60,4.00
2010.04.09 14:34:50.860,1.3524,1.35275,2.40,4.00
2010.04.09 14:34:51.209,1.3524,1.35275,1.00,4.00
2010.04.09 14:34:51.894,1.3524,1.3527,1.00,1.00
2010.04.09 14:34:52.232,1.3524,1.35275,1.00,2.50
2010.04.09 14:34:52.476,1.3524,1.3527,1.00,1.60
2010.04.09 14:34:52.717,1.3524,1.3527,1.00,2.40
2010.04.09 14:34:53.570,1.35235,1.3527,4.00,1.00
2010.04.09 14:34:53.854,1.3524,1.35275,2.40,4.00
2010.04.09 14:34:55.628,1.35245,1.35275,1.00,3.20
2010.04.09 14:34:56.659,1.3524,1.35275,1.00,4.00
2010.04.09 14:34:57.011,1.3524,1.3527,1.00,2.40
2010.04.09 14:34:57.808,1.35235,1.35265,2.40,1.60
2010.04.09 14:34:59.135,1.3523,1.35265,2.40,4.00
2010.04.09 14:35:00.109,1.35245,1.3527,1.60,2.40
2010.04.09 14:35:00.415,1.35245,1.3528,2.40,5.60
2010.04.09 14:35:01.630,1.3525,1.3528,1.00,4.00
2010.04.09 14:35:01.984,1.35255,1.3529,1.00,5.60
2010.04.09 14:35:02.302,1.3525,1.3528,2.40,1.60
2010.04.09 14:35:03.250,1.3525,1.35285,2.40,5.60
2010.04.09 14:35:04.168,1.3525,1.35285,2.40,4.00
2010.04.09 14:35:04.481,1.3525,1.35285,4.00,4.00
2010.04.09 14:35:05.239,1.3525,1.3528,1.00,1.60
2010.04.09 14:35:05.584,1.35245,1.35275,1.00,2.40
2010.04.09 14:35:05.845,1.35245,1.3528,2.40,2.40
2010.04.09 14:35:06.104,1.3525,1.3528,1.00,2.40
2010.04.09 14:35:06.912,1.35245,1.3527,1.00,1.60
2010.04.09 14:35:07.193,1.3524,1.3527,1.00,2.40
2010.04.09 14:35:08.298,1.35245,1.3527,1.60,2.40
2010.04.09 14:35:08.645,1.3525,1.35275,2.40,3.20
2010.04.09 14:35:08.993,1.3525,1.35285,2.40,1.60
2010.04.09 14:35:09.334,1.35255,1.35285,1.00,3.20
2010.04.09 14:35:10.232,1.3525,1.3528,1.00,2.40
2010.04.09 14:35:10.580,1.3525,1.3528,1.00,1.00
2010.04.09 14:35:10.780,1.3525,1.3528,2.40,1.00
2010.04.09 14:35:11.182,1.3525,1.35285,2.40,4.00
2010.04.09 14:35:13.064,1.3525,1.3528,2.40,1.60
2010.04.09 14:35:14.552,1.35255,1.3529,2.40,4.00
2010.04.09 14:35:15.547,1.35255,1.3529,2.40,6.40
2010.04.09 14:35:15.863,1.35245,1.35285,2.40,2.40
2010.04.09 14:35:16.183,1.35245,1.35285,2.40,4.00
2010.04.09 14:35:17.413,1.3525,1.35285,1.00,4.00
2010.04.09 14:35:17.760,1.3525,1.35285,2.40,2.40
2010.04.09 14:35:19.029,1.3525,1.35285,2.40,3.20
2010.04.09 14:35:19.734,1.3525,1.35285,2.40,3.60
2010.04.09 14:35:19.889,1.35245,1.3528,2.40,4.00
2010.04.09 14:35:22.411,1.3525,1.3528,1.60,1.00
2010.04.09 14:35:22.662,1.35245,1.3528,4.00,4.00
2010.04.09 14:35:22.909,1.35245,1.35275,1.60,1.60
2010.04.09 14:35:23.150,1.3524,1.35275,2.40,4.00
2010.04.09 14:35:24.089,1.3524,1.35275,1.00,4.00
2010.04.09 14:35:24.432,1.35255,1.35275,1.60,1.00
2010.04.09 14:35:24.599,1.3525,1.35285,2.40,2.40
2010.04.09 14:35:24.759,1.3525,1.35285,1.00,2.40
2010.04.09 14:35:24.917,1.35255,1.35285,1.60,2.40
2010.04.09 14:35:25.239,1.35245,1.35285,1.00,4.00
2010.04.09 14:35:26.478,1.35235,1.3527,4.00,4.00
2010.04.09 14:35:27.752,1.35245,1.35275,1.60,4.00
2010.04.09 14:35:28.429,1.35235,1.3527,2.40,4.00
2010.04.09 14:35:28.771,1.35235,1.3526,1.00,3.20
2010.04.09 14:35:29.608,1.35225,1.3526,2.90,4.00
2010.04.09 14:35:29.954,1.35225,1.3526,2.40,4.00
2010.04.09 14:35:31.210,1.3522,1.35255,4.00,1.00
2010.04.09 14:35:31.400,1.3522,1.3526,4.00,4.00
2010.04.09 14:35:33.653,1.35225,1.3526,2.40,4.00
2010.04.09 14:35:35.669,1.3522,1.35255,4.00,2.40
2010.04.09 14:35:36.027,1.3522,1.3525,1.00,3.60
2010.04.09 14:35:36.992,1.3521,1.35245,2.40,4.00
2010.04.09 14:35:39.235,1.35205,1.3524,2.40,1.00
2010.04.09 14:35:39.468,1.3521,1.35245,1.60,4.00
2010.04.09 14:35:39.685,1.3521,1.35245,2.40,4.00
2010.04.09 14:35:40.778,1.35215,1.35245,1.00,2.40
2010.04.09 14:35:41.124,1.3521,1.35245,2.40,2.40
2010.04.09 14:35:41.465,1.35205,1.3524,1.00,3.20
2010.04.09 14:35:41.785,1.35205,1.3524,1.00,4.00
2010.04.09 14:35:44.038,1.35205,1.3523,1.00,4.80
2010.04.09 14:35:45.001,1.3518,1.35215,1.20,1.60
2010.04.09 14:35:45.319,1.3518,1.35215,1.20,4.00
2010.04.09 14:35:45.637,1.3518,1.35215,1.00,4.00
2010.04.09 14:35:45.963,1.3518,1.35215,1.00,4.40
2010.04.09 14:35:46.852,1.3518,1.35215,2.40,4.00
2010.04.09 14:35:48.458,1.35185,1.3522,2.40,4.00
2010.04.09 14:35:49.390,1.35185,1.3522,4.00,2.40
2010.04.09 14:35:49.862,1.35195,1.3522,1.60,1.00
2010.04.09 14:35:50.717,1.352,1.35235,2.40,2.40
2010.04.09 14:35:52.820,1.35195,1.3523,4.00,2.40
2010.04.09 14:35:53.763,1.35195,1.3523,2.40,4.00
2010.04.09 14:35:55.191,1.35195,1.35225,1.60,4.00
2010.04.09 14:35:56.632,1.3519,1.3522,1.00,3.20
2010.04.09 14:35:56.877,1.35185,1.3522,4.50,4.00
2010.04.09 14:35:57.571,1.35185,1.3522,4.00,4.00
2010.04.09 14:35:57.916,1.35185,1.35215,1.60,4.00
2010.04.09 14:35:59.442,1.3518,1.3521,1.00,3.20
2010.04.09 14:35:59.614,1.35175,1.3521,2.40,4.00
2010.04.09 14:36:03.772,1.35175,1.35205,1.00,1.60
2010.04.09 14:36:04.257,1.3517,1.35205,2.40,2.40
2010.04.09 14:36:05.377,1.35175,1.3521,2.40,4.00
2010.04.09 14:36:05.722,1.35175,1.35205,1.60,1.60
2010.04.09 14:36:06.075,1.35175,1.35205,1.00,1.60
2010.04.09 14:36:06.914,1.35175,1.3521,2.40,4.40
2010.04.09 14:36:07.254,1.3517,1.35205,1.00,4.00
2010.04.09 14:36:07.554,1.35175,1.3521,2.40,4.00
2010.04.09 14:36:07.848,1.35175,1.3521,1.60,4.00
2010.04.09 14:36:08.475,1.35175,1.35205,1.60,1.00
2010.04.09 14:36:08.771,1.35175,1.35205,1.60,4.00
2010.04.09 14:36:11.098,1.35165,1.352,4.00,4.00
2010.04.09 14:36:12.733,1.35165,1.35195,1.60,2.40
2010.04.09 14:36:13.078,1.35165,1.35195,2.40,2.40
2010.04.09 14:36:13.418,1.35165,1.3519,2.40,1.60
2010.04.09 14:36:14.057,1.35165,1.3519,1.00,2.00
2010.04.09 14:36:14.437,1.35175,1.35205,5.60,1.00
2010.04.09 14:36:14.714,1.35185,1.35215,3.20,1.00
2010.04.09 14:36:15.485,1.35185,1.35215,3.20,2.00
2010.04.09 14:36:15.793,1.35185,1.35215,1.60,6.40
2010.04.09 14:36:16.104,1.35185,1.35205,1.60,1.60
2010.04.09 14:36:17.023,1.35175,1.35205,1.60,2.40
2010.04.09 14:36:17.646,1.35175,1.3521,4.00,4.00
2010.04.09 14:36:18.569,1.35175,1.35205,1.60,4.00
2010.04.09 14:36:18.919,1.35175,1.352,1.60,4.00
2010.04.09 14:36:19.267,1.3517,1.35205,2.40,4.00
2010.04.09 14:36:19.944,1.3517,1.35205,1.00,4.00
2010.04.09 14:36:20.295,1.35165,1.35205,4.00,7.00
2010.04.09 14:36:20.553,1.35175,1.35205,1.60,4.00
2010.04.09 14:36:21.806,1.35175,1.35205,4.00,1.60
2010.04.09 14:36:22.184,1.35185,1.35205,1.60,1.60
2010.04.09 14:36:22.947,1.35185,1.3521,3.20,1.60
2010.04.09 14:36:23.299,1.35185,1.35215,1.60,4.00
2010.04.09 14:36:24.932,1.35185,1.3522,4.00,4.00
2010.04.09 14:36:25.268,1.35185,1.35215,2.40,4.00
2010.04.09 14:36:26.207,1.35175,1.3521,2.40,4.00
2010.04.09 14:36:27.663,1.35175,1.3521,4.00,2.40
2010.04.09 14:36:28.070,1.35185,1.3521,1.60,2.40
2010.04.09 14:36:28.268,1.35185,1.35215,1.60,2.40
2010.04.09 14:36:29.176,1.35185,1.3521,1.60,1.60
2010.04.09 14:36:30.088,1.35175,1.35205,1.60,2.40
2010.04.09 14:36:31.292,1.35175,1.35205,3.20,2.40
2010.04.09 14:36:31.503,1.35175,1.35205,4.00,1.60
2010.04.09 14:36:31.710,1.35175,1.3521,5.60,2.40
2010.04.09 14:36:33.059,1.35175,1.352,1.60,2.40
2010.04.09 14:36:33.785,1.35165,1.35195,2.40,1.60
2010.04.09 14:36:34.568,1.35175,1.352,1.60,1.00
2010.04.09 14:36:34.811,1.3518,1.35205,1.60,1.00
2010.04.09 14:36:35.064,1.3518,1.35215,1.60,4.80
2010.04.09 14:36:36.099,1.35175,1.3521,4.00,3.20
2010.04.09 14:36:36.440,1.35175,1.3521,4.00,4.00
2010.04.09 14:36:36.784,1.35175,1.3521,4.00,1.00
2010.04.09 14:36:37.084,1.3518,1.35215,1.00,4.00
2010.04.09 14:36:37.718,1.35185,1.3521,1.60,2.40
2010.04.09 14:36:38.011,1.3518,1.3521,1.60,4.00
2010.04.09 14:36:38.889,1.35185,1.3521,1.60,4.00
2010.04.09 14:36:39.951,1.35185,1.35215,1.60,4.00
2010.04.09 14:36:40.250,1.35185,1.35215,3.30,2.40
2010.04.09 14:36:40.400,1.3519,1.35215,1.60,1.00
2010.04.09 14:36:40.732,1.35195,1.3522,1.60,1.60
2010.04.09 14:36:41.519,1.35185,1.35215,1.60,2.40
2010.04.09 14:36:42.712,1.35185,1.35215,3.20,1.00
2010.04.09 14:36:43.052,1.3519,1.35225,1.00,5.60
2010.04.09 14:36:43.728,1.35185,1.3522,4.00,2.40
2010.04.09 14:36:44.998,1.35185,1.35215,4.00,1.60
2010.04.09 14:36:45.120,1.35185,1.35215,1.60,4.00
2010.04.09 14:36:46.458,1.35185,1.35215,1.60,2.40
2010.04.09 14:36:46.707,1.35185,1.3521,2.40,1.60
2010.04.09 14:36:47.558,1.35185,1.3521,1.60,3.20
2010.04.09 14:36:47.903,1.35185,1.35205,1.60,4.00
2010.04.09 14:36:48.246,1.35175,1.35205,1.60,4.00
2010.04.09 14:36:51.046,1.35175,1.35205,3.20,4.00
2010.04.09 14:36:51.191,1.35175,1.3521,5.60,4.00
2010.04.09 14:36:52.064,1.35185,1.3521,1.60,4.00
2010.04.09 14:36:52.384,1.35185,1.35215,1.60,2.40
2010.04.09 14:36:52.715,1.3518,1.3521,1.00,1.60
2010.04.09 14:36:53.568,1.35175,1.3521,2.40,2.40
2010.04.09 14:36:53.864,1.35175,1.35205,1.60,4.00
2010.04.09 14:36:54.160,1.3518,1.35205,4.00,4.00
2010.04.09 14:36:54.468,1.3518,1.3521,4.00,2.40
2010.04.09 14:36:55.174,1.3518,1.3521,5.60,2.40
2010.04.09 14:36:55.473,1.35185,1.35215,1.60,2.40
2010.04.09 14:36:56.699,1.35185,1.3521,1.60,4.00
2010.04.09 14:36:57.018,1.3517,1.352,1.00,3.20
2010.04.09 14:36:57.958,1.3517,1.35195,1.00,1.60
2010.04.09 14:36:58.304,1.35165,1.352,1.00,4.00
2010.04.09 14:36:58.652,1.3516,1.35195,2.40,4.80
2010.04.09 14:36:59.001,1.35155,1.3519,4.00,1.60
2010.04.09 14:36:59.937,1.35155,1.35185,1.00,1.60
2010.04.09 14:37:00.143,1.35155,1.3519,2.40,2.40
2010.04.09 14:37:00.348,1.35155,1.35195,4.00,4.80
2010.04.09 14:37:01.172,1.35165,1.35185,1.60,1.60
2010.04.09 14:37:01.436,1.3516,1.3519,1.00,1.60
2010.04.09 14:37:01.705,1.35165,1.3519,1.00,1.60
2010.04.09 14:37:02.536,1.35155,1.35185,2.40,1.60
2010.04.09 14:37:02.851,1.35155,1.3519,4.00,4.00
2010.04.09 14:37:03.167,1.35155,1.3519,2.40,4.00
2010.04.09 14:37:03.954,1.35155,1.35185,1.00,3.20
2010.04.09 14:37:04.220,1.3515,1.35175,2.90,1.60
2010.04.09 14:37:04.488,1.35145,1.3517,1.00,1.60
2010.04.09 14:37:04.759,1.35145,1.35175,1.60,4.00
2010.04.09 14:37:05.642,1.35155,1.35175,1.60,1.60
2010.04.09 14:37:05.992,1.35145,1.35175,2.40,1.60
2010.04.09 14:37:06.338,1.35145,1.3518,1.00,4.00
2010.04.09 14:37:07.370,1.35145,1.35185,4.00,4.40
2010.04.09 14:37:07.712,1.35145,1.3518,4.00,4.00
2010.04.09 14:37:09.007,1.3515,1.3518,1.00,2.40
2010.04.09 14:37:09.494,1.3515,1.3518,2.40,1.00
2010.04.09 14:37:09.739,1.3515,1.35185,2.40,2.40
2010.04.09 14:37:10.620,1.3515,1.3518,1.00,1.60
2010.04.09 14:37:10.968,1.35145,1.3518,4.00,4.00
2010.04.09 14:37:11.188,1.35145,1.35175,1.00,1.60
2010.04.09 14:37:11.956,1.35145,1.35175,1.00,3.20
2010.04.09 14:37:12.300,1.35135,1.3517,2.40,4.00
2010.04.09 14:37:12.646,1.35135,1.3517,4.00,2.40
2010.04.09 14:37:12.984,1.35135,1.3517,2.40,2.40
2010.04.09 14:37:13.755,1.35135,1.35165,1.60,4.00
2010.04.09 14:37:14.100,1.35135,1.35165,1.00,2.40
2010.04.09 14:37:14.241,1.35135,1.35165,2.40,2.40
2010.04.09 14:37:15.252,1.3513,1.35165,2.40,4.80
2010.04.09 14:37:15.383,1.35135,1.35165,3.20,4.00
2010.04.09 14:37:15.731,1.35135,1.3517,3.20,4.00
2010.04.09 14:37:16.071,1.35135,1.3517,4.00,4.00
2010.04.09 14:37:16.924,1.3514,1.3517,1.60,2.40
2010.04.09 14:37:17.441,1.35145,1.35175,1.60,4.00
2010.04.09 14:37:17.680,1.35145,1.35175,2.40,1.60
2010.04.09 14:37:18.524,1.35145,1.35175,1.00,3.20
2010.04.09 14:37:18.733,1.35145,1.35175,1.60,4.00
2010.04.09 14:37:19.081,1.3514,1.35175,4.10,4.00
2010.04.09 14:37:19.424,1.35145,1.3518,4.10,1.60
2010.04.09 14:37:20.200,1.35145,1.35185,5.60,4.00
2010.04.09 14:37:20.545,1.3515,1.35185,1.00,4.00
2010.04.09 14:37:20.860,1.3515,1.35185,1.00,2.40
2010.04.09 14:37:21.972,1.3516,1.35195,1.60,4.00
2010.04.09 14:37:22.121,1.3516,1.35195,2.40,4.00
2010.04.09 14:37:22.270,1.3516,1.35195,2.40,2.40
2010.04.09 14:37:23.097,1.3516,1.35195,2.40,4.00
2010.04.09 14:37:23.446,1.35155,1.35185,3.30,1.00
2010.04.09 14:37:23.792,1.35155,1.35185,1.70,1.00
2010.04.09 14:37:24.562,1.35165,1.35185,1.00,1.00
2010.04.09 14:37:24.879,1.35165,1.35195,1.60,2.40
2010.04.09 14:37:25.194,1.3516,1.3519,1.00,4.80
2010.04.09 14:37:26.168,1.35145,1.35175,1.60,1.00
2010.04.09 14:37:27.265,1.35145,1.3518,2.40,2.40
2010.04.09 14:37:27.614,1.35145,1.35175,1.00,3.20
2010.04.09 14:37:27.962,1.3514,1.35175,2.50,4.00
2010.04.09 14:37:29.036,1.3515,1.35175,1.60,1.00
2010.04.09 14:37:29.322,1.35145,1.35175,1.60,2.40
2010.04.09 14:37:29.601,1.35145,1.35175,1.60,4.00
2010.04.09 14:37:30.471,1.3516,1.35175,1.60,4.00
2010.04.09 14:37:30.826,1.35155,1.3519,4.00,2.40
2010.04.09 14:37:31.176,1.3517,1.3519,1.60,1.00
2010.04.09 14:37:31.961,1.3516,1.3519,1.00,2.40
2010.04.09 14:37:32.227,1.35155,1.3518,1.60,2.40
2010.04.09 14:37:32.571,1.35155,1.3518,1.60,1.60
2010.04.09 14:37:33.594,1.35145,1.3518,4.00,2.40
2010.04.09 14:37:33.887,1.35145,1.35175,1.60,1.60
2010.04.09 14:37:34.188,1.35145,1.35175,1.60,2.40
2010.04.09 14:37:35.082,1.35145,1.35175,1.60,1.00
2010.04.09 14:37:35.314,1.35155,1.3518,4.00,1.00
2010.04.09 14:37:35.653,1.35155,1.35185,1.60,2.40
2010.04.09 14:37:36.606,1.35155,1.35185,2.40,2.40
2010.04.09 14:37:36.824,1.35155,1.35185,1.00,3.20
2010.04.09 14:37:37.032,1.3515,1.3518,2.40,1.60
2010.04.09 14:37:37.240,1.3515,1.35185,2.40,4.00
2010.04.09 14:37:38.213,1.35145,1.3518,4.00,2.40
2010.04.09 14:37:39.240,1.35145,1.3518,2.40,4.00
2010.04.09 14:37:40.115,1.35145,1.35175,1.60,1.00
2010.04.09 14:37:40.298,1.3514,1.3516,1.00,3.20
2010.04.09 14:37:41.174,1.35125,1.3516,3.20,4.00
2010.04.09 14:37:41.545,1.35125,1.3516,5.60,4.00
2010.04.09 14:37:42.802,1.3514,1.35155,1.60,3.20
2010.04.09 14:37:43.169,1.35125,1.35145,1.60,1.60
2010.04.09 14:37:43.526,1.35125,1.3516,2.40,5.60
2010.04.09 14:37:44.378,1.35125,1.3516,2.40,4.00
2010.04.09 14:37:44.652,1.35125,1.3516,1.00,4.00
2010.04.09 14:37:44.800,1.35125,1.3515,1.00,3.20
2010.04.09 14:37:45.715,1.35125,1.3515,1.60,4.00
2010.04.09 14:37:46.067,1.35115,1.35155,4.40,4.00
2010.04.09 14:37:46.408,1.35125,1.3516,1.60,2.40
2010.04.09 14:37:47.452,1.3512,1.35155,2.40,5.60
2010.04.09 14:37:47.769,1.35125,1.35155,1.60,5.60
2010.04.09 14:37:49.100,1.3512,1.35155,4.10,2.40
2010.04.09 14:37:49.448,1.35125,1.35155,2.40,2.40
2010.04.09 14:37:53.079,1.35125,1.35155,1.00,2.40
2010.04.09 14:37:53.546,1.35125,1.35155,2.40,2.40
2010.04.09 14:37:53.785,1.35125,1.35155,1.00,2.40
2010.04.09 14:37:54.959,1.35125,1.35155,2.40,2.40
2010.04.09 14:37:55.305,1.35125,1.35155,1.00,2.40
2010.04.09 14:37:55.504,1.3512,1.35155,2.40,4.00
2010.04.09 14:37:55.705,1.35125,1.35155,3.20,4.00
2010.04.09 14:37:56.101,1.35135,1.35155,1.60,4.00
2010.04.09 14:37:57.122,1.3512,1.3516,4.00,4.00
2010.04.09 14:37:57.445,1.3512,1.3516,4.10,4.00
2010.04.09 14:37:57.602,1.35125,1.3516,1.60,4.00
2010.04.09 14:37:57.762,1.35125,1.3516,2.40,4.00
2010.04.09 14:37:58.534,1.3512,1.35155,4.00,4.00
2010.04.09 14:37:58.854,1.35125,1.35155,1.60,2.40
2010.04.09 14:37:59.170,1.35125,1.3516,4.00,4.00
2010.04.09 14:38:00.387,1.35125,1.3516,2.40,4.00
2010.04.09 14:38:00.738,1.35115,1.3515,5.60,2.40
2010.04.09 14:38:00.953,1.35125,1.3515,1.00,1.00
2010.04.09 14:38:01.173,1.3513,1.35155,1.60,2.40
2010.04.09 14:38:01.865,1.3513,1.35155,1.60,1.00
2010.04.09 14:38:02.087,1.35125,1.3516,5.60,4.00
2010.04.09 14:38:02.959,1.35125,1.3516,4.00,1.00
2010.04.09 14:38:03.886,1.35135,1.35165,4.80,1.00
2010.04.09 14:38:04.042,1.3514,1.35175,2.40,4.00
2010.04.09 14:38:04.200,1.3515,1.35175,1.60,4.00
2010.04.09 14:38:05.308,1.35135,1.3517,5.60,4.00
2010.04.09 14:38:05.990,1.35135,1.3517,2.40,4.00
2010.04.09 14:38:06.327,1.35135,1.3517,5.60,4.00
2010.04.09 14:38:06.948,1.35135,1.3517,4.00,4.00
2010.04.09 14:38:07.306,1.35135,1.3516,1.60,2.40
2010.04.09 14:38:07.485,1.3514,1.3516,1.60,1.00
2010.04.09 14:38:07.662,1.3514,1.3516,3.20,1.00
2010.04.09 14:38:08.419,1.3514,1.35175,3.20,4.00
2010.04.09 14:38:08.590,1.3514,1.35175,4.00,1.00
2010.04.09 14:38:08.935,1.35145,1.3518,1.00,4.00
2010.04.09 14:38:09.625,1.3514,1.3517,1.60,2.40
2010.04.09 14:38:09.831,1.35135,1.3517,4.00,2.40
2010.04.09 14:38:11.638,1.35135,1.3517,4.00,4.00
2010.04.09 14:38:11.891,1.3513,1.3517,2.40,6.00
2010.04.09 14:38:12.149,1.3513,1.35165,1.00,3.20
2010.04.09 14:38:12.973,1.35125,1.35155,4.00,1.60
2010.04.09 14:38:13.230,1.35125,1.35155,2.40,2.40
2010.04.09 14:38:15.903,1.35125,1.35155,2.40,4.00
2010.04.09 14:38:16.654,1.35125,1.3515,1.00,1.60
2010.04.09 14:38:16.785,1.35125,1.3515,1.00,3.20
2010.04.09 14:38:17.560,1.35115,1.3515,2.40,4.00
2010.04.09 14:38:17.917,1.3511,1.35145,1.00,4.00
2010.04.09 14:38:19.178,1.3511,1.35145,1.00,6.00
2010.04.09 14:38:19.527,1.3511,1.35145,1.00,4.00
2010.04.09 14:38:19.868,1.35115,1.35145,1.60,4.00
2010.04.09 14:38:20.179,1.3511,1.35145,1.00,4.40
2010.04.09 14:38:21.009,1.3511,1.35145,1.00,4.00
2010.04.09 14:38:23.095,1.35115,1.35145,1.60,4.00
2010.04.09 14:38:24.663,1.3511,1.35145,2.40,4.00
2010.04.09 14:38:25.887,1.3511,1.35145,3.20,4.00
2010.04.09 14:38:26.226,1.3511,1.3514,1.00,1.60
2010.04.09 14:38:26.565,1.35105,1.3514,4.00,4.00
2010.04.09 14:38:28.084,1.35105,1.35135,2.40,1.60
2010.04.09 14:38:28.751,1.35105,1.35135,1.60,2.40
2010.04.09 14:38:28.926,1.35105,1.35135,3.20,2.40
2010.04.09 14:38:30.122,1.35105,1.35135,3.20,1.00
2010.04.09 14:38:30.854,1.35105,1.3514,4.00,4.00
2010.04.09 14:38:31.187,1.3511,1.35145,2.40,5.60
2010.04.09 14:38:31.384,1.3511,1.3514,1.00,4.80
2010.04.09 14:38:31.585,1.35105,1.3514,4.00,6.00
2010.04.09 14:38:31.784,1.35105,1.35135,1.60,2.40
2010.04.09 14:38:32.851,1.35105,1.35135,3.20,2.40
2010.04.09 14:38:33.931,1.35105,1.35135,4.80,1.00
2010.04.09 14:38:34.182,1.35105,1.3514,5.60,2.40
2010.04.09 14:38:36.849,1.35105,1.35125,2.40,1.60
2010.04.09 14:38:36.969,1.35105,1.3514,2.40,5.00
2010.04.09 14:38:37.083,1.35105,1.3514,4.00,1.80
2010.04.09 14:38:37.815,1.35115,1.35145,1.60,4.00
2010.04.09 14:38:38.168,1.35115,1.35145,2.40,2.40
2010.04.09 14:38:40.160,1.35115,1.3515,4.00,2.80
2010.04.09 14:38:40.312,1.35115,1.3515,4.00,2.40
2010.04.09 14:38:40.611,1.35125,1.3515,1.60,2.40
2010.04.09 14:38:41.409,1.35115,1.3515,4.00,4.00
2010.04.09 14:38:41.724,1.35115,1.35145,1.60,4.00
2010.04.09 14:38:42.352,1.35115,1.35145,1.60,5.60
2010.04.09 14:38:43.426,1.35115,1.3514,1.60,1.60
2010.04.09 14:38:43.611,1.35115,1.3514,1.60,2.40
2010.04.09 14:38:43.794,1.3511,1.3514,1.90,2.40
2010.04.09 14:38:43.984,1.3511,1.3514,1.30,2.40
2010.04.09 14:38:44.852,1.3511,1.3514,1.00,2.40
2010.04.09 14:38:46.259,1.3511,1.3514,2.40,2.40
2010.04.09 14:38:46.610,1.3511,1.35135,2.40,1.60
2010.04.09 14:38:46.952,1.3511,1.35145,2.40,5.60
2010.04.09 14:38:50.394,1.35115,1.3515,2.40,5.20
2010.04.09 14:38:50.596,1.35115,1.3515,2.40,4.00
2010.04.09 14:38:51.375,1.35115,1.3515,2.40,2.40
2010.04.09 14:38:51.621,1.3512,1.3515,1.00,2.40
2010.04.09 14:38:53.529,1.3512,1.3515,1.00,3.20
2010.04.09 14:38:53.877,1.35115,1.35145,2.40,1.60
2010.04.09 14:38:54.054,1.3511,1.35145,2.40,4.00
2010.04.09 14:38:55.343,1.35115,1.35145,1.60,4.00
2010.04.09 14:38:56.367,1.3511,1.35145,2.40,4.00
2010.04.09 14:38:56.619,1.35115,1.35145,1.60,2.40
2010.04.09 14:38:57.283,1.35115,1.35145,3.20,2.40
2010.04.09 14:38:57.556,1.3512,1.3515,2.40,2.00
2010.04.09 14:38:57.872,1.3512,1.35155,1.00,6.00
2010.04.09 14:38:58.802,1.3512,1.35155,1.00,7.00
2010.04.09 14:38:59.133,1.3512,1.3515,1.00,2.40
2010.04.09 14:39:00.988,1.35115,1.3515,2.40,4.40
2010.04.09 14:39:01.136,1.35115,1.3515,4.00,4.40
2010.04.09 14:39:01.285,1.35115,1.3515,2.40,4.40
2010.04.09 14:39:01.438,1.35115,1.35145,2.40,1.60
2010.04.09 14:39:02.208,1.35115,1.35145,1.60,2.40
2010.04.09 14:39:02.499,1.35105,1.3514,4.40,1.60
2010.04.09 14:39:02.792,1.35105,1.3514,2.40,3.60
2010.04.09 14:39:03.680,1.35105,1.3514,4.00,2.40
2010.04.09 14:39:04.365,1.35105,1.35135,4.00,1.00
2010.04.09 14:39:05.078,1.35105,1.35135,4.00,2.00
2010.04.09 14:39:05.382,1.351,1.35135,2.40,1.00
2010.04.09 14:39:05.682,1.35105,1.3514,4.00,4.00
2010.04.09 14:39:06.784,1.35105,1.3514,4.00,1.00
2010.04.09 14:39:07.415,1.3511,1.3514,1.60,1.00
2010.04.09 14:39:07.626,1.3511,1.35145,2.40,4.40
2010.04.09 14:39:08.792,1.35105,1.3514,4.00,3.20
2010.04.09 14:39:09.136,1.35105,1.3514,4.00,4.00
2010.04.09 14:39:09.336,1.35105,1.3514,5.60,4.00
2010.04.09 14:39:10.109,1.35105,1.3514,5.60,2.40
2010.04.09 14:39:10.351,1.35105,1.35135,4.00,2.40
2010.04.09 14:39:10.588,1.35105,1.35135,2.40,2.40
2010.04.09 14:39:12.165,1.35105,1.35135,1.00,4.00
2010.04.09 14:39:12.464,1.351,1.35135,1.00,5.60
2010.04.09 14:39:16.632,1.35105,1.35135,1.00,5.60
2010.04.09 14:39:16.801,1.351,1.35135,2.40,5.60
2010.04.09 14:39:17.210,1.351,1.3513,1.00,1.60
2010.04.09 14:39:17.932,1.351,1.3513,1.00,2.40
2010.04.09 14:39:18.278,1.35095,1.35125,4.00,2.40
2010.04.09 14:39:18.629,1.3509,1.35115,2.40,1.60
2010.04.09 14:39:18.975,1.3509,1.35125,2.40,1.60
2010.04.09 14:39:19.631,1.35095,1.35125,1.60,1.60
2010.04.09 14:39:19.895,1.35095,1.35125,4.00,1.60
2010.04.09 14:39:20.655,1.35095,1.3513,4.00,2.40
2010.04.09 14:39:21.524,1.35095,1.3513,4.00,3.20
2010.04.09 14:39:21.824,1.35095,1.35135,4.00,6.80
2010.04.09 14:39:22.124,1.35095,1.3513,4.00,2.40
2010.04.09 14:39:23.643,1.35105,1.3513,1.60,2.40
2010.04.09 14:39:23.936,1.35095,1.3513,4.00,2.40
2010.04.09 14:39:26.651,1.35095,1.35125,4.00,2.10
2010.04.09 14:39:27.410,1.35095,1.35125,1.00,1.00
2010.04.09 14:39:28.066,1.35095,1.3513,2.40,4.00
2010.04.09 14:39:30.266,1.3511,1.3513,1.60,1.00
2010.04.09 14:39:30.410,1.3511,1.35145,2.40,3.20
2010.04.09 14:39:30.543,1.3511,1.3514,2.40,1.60
2010.04.09 14:39:31.356,1.35105,1.3513,1.00,1.00
2010.04.09 14:39:31.701,1.35105,1.35115,1.00,1.60
2010.04.09 14:39:32.593,1.3508,1.3512,5.60,2.40
2010.04.09 14:39:32.946,1.3509,1.3513,4.00,6.10
2010.04.09 14:39:33.637,1.35095,1.35125,1.60,4.50
2010.04.09 14:39:34.803,1.35095,1.35125,2.40,2.40
2010.04.09 14:39:34.958,1.35095,1.35125,4.00,1.00
2010.04.09 14:39:35.277,1.35095,1.3513,4.00,4.00
2010.04.09 14:39:38.858,1.35095,1.3513,4.00,5.60
2010.04.09 14:39:39.059,1.35095,1.3513,4.00,4.00
2010.04.09 14:39:40.895,1.35095,1.3513,4.00,5.60
2010.04.09 14:39:41.118,1.35095,1.3513,2.40,6.40
2010.04.09 14:39:41.942,1.35095,1.3512,2.40,1.60
2010.04.09 14:39:42.292,1.35095,1.3512,1.00,1.60
2010.04.09 14:39:42.638,1.35095,1.35125,2.40,2.40
2010.04.09 14:39:43.515,1.35095,1.3513,4.00,4.00
2010.04.09 14:39:44.576,1.35095,1.35125,4.00,1.60
2010.04.09 14:39:44.618,1.35095,1.35125,2.40,1.60
2010.04.09 14:39:44.775,1.35095,1.35125,2.40,3.20
2010.04.09 14:39:44.816,1.35095,1.35125,1.00,3.20
2010.04.09 14:39:44.958,1.35095,1.35125,1.00,4.00
2010.04.09 14:39:44.995,1.35095,1.35125,1.00,2.40
2010.04.09 14:39:45.994,1.35095,1.35125,1.00,1.60
2010.04.09 14:39:46.337,1.3509,1.35125,1.00,4.00
2010.04.09 14:39:49.063,1.3509,1.35125,2.40,4.00
2010.04.09 14:39:49.977,1.3509,1.35125,2.40,2.40
2010.04.09 14:39:50.027,1.35095,1.35125,1.00,2.40
2010.04.09 14:39:52.001,1.35095,1.35125,2.50,2.40
2010.04.09 14:39:52.060,1.35095,1.35135,4.00,4.40
2010.04.09 14:39:52.152,1.351,1.35135,1.60,4.40
2010.04.09 14:39:52.202,1.351,1.35135,2.40,4.40
2010.04.09 14:39:53.786,1.351,1.35135,1.00,4.40
2010.04.09 14:39:54.478,1.351,1.35135,1.00,4.00
2010.04.09 14:39:54.517,1.351,1.35135,2.40,1.00
2010.04.09 14:39:54.557,1.35105,1.3514,1.00,6.00
2010.04.09 14:39:56.182,1.351,1.35135,2.50,1.00
2010.04.09 14:39:56.533,1.35105,1.3514,4.90,4.00
2010.04.09 14:39:57.408,1.35105,1.35135,4.10,1.60
2010.04.09 14:39:57.706,1.35105,1.35135,2.40,2.40
2010.04.09 14:39:58.058,1.35105,1.35135,2.40,4.00
2010.04.09 14:39:59.000,1.351,1.35135,1.00,2.40
2010.04.09 14:39:59.262,1.35105,1.3514,1.00,4.40
2010.04.09 14:39:59.523,1.351,1.35135,2.40,4.50
2010.04.09 14:39:59.783,1.35105,1.35135,1.00,2.90
2010.04.09 14:40:00.534,1.351,1.35135,1.00,2.40
2010.04.09 14:40:00.827,1.35105,1.35135,1.70,1.00
2010.04.09 14:40:01.115,1.35105,1.35135,1.60,3.20
2010.04.09 14:40:01.406,1.351,1.3513,1.00,3.20
2010.04.09 14:40:02.245,1.35095,1.3513,4.10,4.00
2010.04.09 14:40:02.491,1.35095,1.3513,5.70,2.40
2010.04.09 14:40:03.278,1.351,1.3513,1.00,2.40
2010.04.09 14:40:03.626,1.351,1.35135,2.40,4.00
2010.04.09 14:40:04.310,1.351,1.3513,1.00,2.40
2010.04.09 14:40:06.141,1.35105,1.3513,1.60,2.40
2010.04.09 14:40:06.291,1.351,1.3513,1.00,2.40
2010.04.09 14:40:08.529,1.351,1.3513,1.00,4.80
2010.04.09 14:40:08.877,1.35095,1.3513,2.40,4.00
2010.04.09 14:40:09.224,1.351,1.35135,2.40,5.60
2010.04.09 14:40:10.010,1.351,1.35135,2.40,4.00
2010.04.09 14:40:10.175,1.351,1.35135,2.40,5.60
2010.04.09 14:40:11.311,1.351,1.35125,1.00,1.60
2010.04.09 14:40:11.672,1.35085,1.3512,6.10,2.40
2010.04.09 14:40:13.590,1.35085,1.3512,5.60,2.40
2010.04.09 14:40:14.507,1.35085,1.3512,4.00,2.40
2010.04.09 14:40:14.738,1.35085,1.35115,2.40,1.60
2010.04.09 14:40:15.701,1.35085,1.35115,1.00,1.60
2010.04.09 14:40:15.904,1.3508,1.35115,1.00,5.60
2010.04.09 14:40:17.019,1.3508,1.35115,1.00,4.00
2010.04.09 14:40:17.330,1.35085,1.35115,1.00,1.60
2010.04.09 14:40:18.465,1.35085,1.35115,1.00,4.00
2010.04.09 14:40:18.735,1.35075,1.35105,3.20,1.00
2010.04.09 14:40:19.014,1.3508,1.3511,2.40,2.40
2010.04.09 14:40:19.844,1.3508,1.3511,1.00,2.80
2010.04.09 14:40:20.123,1.3508,1.35115,2.40,4.00
2010.04.09 14:40:20.681,1.35085,1.35115,1.00,4.00
2010.04.09 14:40:21.880,1.35085,1.3512,1.00,6.00
2010.04.09 14:40:23.837,1.35085,1.35115,1.00,1.20
2010.04.09 14:40:24.068,1.35075,1.3511,2.40,1.00
2010.04.09 14:40:24.859,1.35075,1.3511,2.40,6.00
2010.04.09 14:40:25.163,1.3508,1.3511,1.60,2.00
2010.04.09 14:40:25.457,1.3508,1.3511,2.40,1.00
2010.04.09 14:40:26.253,1.3508,1.35115,2.40,4.40
2010.04.09 14:40:26.602,1.3508,1.35115,2.40,4.00
2010.04.09 14:40:26.948,1.3508,1.3511,1.00,1.60
2010.04.09 14:40:28.169,1.35085,1.3512,1.00,6.00
2010.04.09 14:40:28.724,1.3508,1.35115,2.40,2.40
2010.04.09 14:40:32.407,1.3508,1.35115,1.00,4.00
2010.04.09 14:40:33.290,1.3508,1.3511,1.00,3.20
2010.04.09 14:40:33.633,1.35075,1.3511,2.40,4.00
2010.04.09 14:40:36.942,1.35075,1.3511,2.40,4.40
2010.04.09 14:40:37.283,1.35075,1.3511,4.00,4.40
2010.04.09 14:40:38.275,1.35075,1.3511,2.40,6.10
2010.04.09 14:40:39.773,1.3507,1.35105,2.40,2.40
2010.04.09 14:40:40.424,1.35075,1.3511,3.20,2.40
2010.04.09 14:40:40.477,1.35075,1.3511,4.00,3.20
2010.04.09 14:40:40.573,1.35075,1.3511,2.40,3.20
2010.04.09 14:40:40.630,1.35075,1.3511,2.40,3.70
2010.04.09 14:40:40.681,1.35075,1.35105,1.00,1.60
2010.04.09 14:40:40.733,1.35075,1.35105,1.00,4.00
2010.04.09 14:40:41.375,1.35075,1.35105,1.00,2.40
2010.04.09 14:40:42.052,1.35075,1.35105,4.00,2.40
2010.04.09 14:40:42.392,1.35075,1.35105,4.50,2.40
2010.04.09 14:40:43.396,1.35075,1.3511,6.10,2.40
2010.04.09 14:40:44.188,1.35075,1.35105,2.40,1.60
2010.04.09 14:40:44.455,1.35075,1.35105,2.40,2.40
2010.04.09 14:40:45.389,1.35075,1.35105,1.00,4.00
2010.04.09 14:40:45.551,1.35075,1.35105,1.00,2.40
2010.04.09 14:40:45.891,1.35075,1.3511,2.40,4.00
2010.04.09 14:40:48.372,1.35075,1.3511,2.40,4.40
2010.04.09 14:40:48.646,1.35075,1.3511,2.40,4.00
2010.04.09 14:40:49.542,1.35075,1.3511,2.40,4.40
2010.04.09 14:40:49.677,1.3507,1.35105,2.40,2.40
2010.04.09 14:40:51.090,1.35075,1.35105,1.60,2.40
2010.04.09 14:40:51.436,1.35075,1.3511,2.40,4.00
2010.04.09 14:41:00.952,1.35075,1.35105,2.40,1.60
2010.04.09 14:41:01.044,1.35075,1.35105,1.00,3.20
2010.04.09 14:41:01.072,1.35075,1.35105,1.00,3.60
2010.04.09 14:41:01.122,1.3507,1.35105,2.50,4.40
2010.04.09 14:41:01.768,1.3507,1.35105,2.40,4.40
2010.04.09 14:41:01.829,1.35065,1.351,4.00,1.60
2010.04.09 14:41:02.176,1.35075,1.3511,2.40,3.20
2010.04.09 14:41:02.520,1.3508,1.3511,1.00,2.40
2010.04.09 14:41:03.480,1.35085,1.35115,1.00,2.40
2010.04.09 14:41:03.822,1.3508,1.35115,2.40,2.40
2010.04.09 14:41:04.166,1.35085,1.35115,1.00,2.40
2010.04.09 14:41:05.658,1.3508,1.35105,1.00,3.20
2010.04.09 14:41:05.792,1.3508,1.35115,2.40,6.60
2010.04.09 14:41:05.920,1.3508,1.35115,2.40,6.00
2010.04.09 14:41:07.051,1.35075,1.35105,1.00,3.60
2010.04.09 14:41:07.399,1.3507,1.35105,1.00,5.20
2010.04.09 14:41:08.382,1.3507,1.35105,1.00,6.00
2010.04.09 14:41:08.736,1.3508,1.3511,2.40,2.40
2010.04.09 14:41:09.902,1.3507,1.35105,1.60,2.40
2010.04.09 14:41:10.084,1.3507,1.3511,2.40,4.00
2010.04.09 14:41:10.456,1.3507,1.3511,4.00,4.00
2010.04.09 14:41:11.093,1.35075,1.3511,1.00,4.00
2010.04.09 14:41:11.261,1.35075,1.3511,2.00,4.00
2010.04.09 14:41:11.608,1.3507,1.3511,2.40,4.00
2010.04.09 14:41:11.957,1.35075,1.3511,1.00,4.00
2010.04.09 14:41:13.043,1.35065,1.351,4.50,2.40
2010.04.09 14:41:13.391,1.3508,1.35105,1.60,2.40
2010.04.09 14:41:14.324,1.3509,1.35105,1.60,1.00
2010.04.09 14:41:14.469,1.3509,1.35105,1.00,1.00
2010.04.09 14:41:15.389,1.35075,1.351,1.00,1.60
2010.04.09 14:41:15.742,1.35065,1.351,4.00,2.40
2010.04.09 14:41:17.315,1.35075,1.351,1.60,2.40
2010.04.09 14:41:17.632,1.35075,1.3511,4.00,1.00
2010.04.09 14:41:18.575,1.35075,1.35115,4.00,4.00
2010.04.09 14:41:19.132,1.3508,1.35115,1.60,4.00
2010.04.09 14:41:19.357,1.3508,1.35115,2.50,1.00
2010.04.09 14:41:20.030,1.3508,1.35115,3.00,1.00
2010.04.09 14:41:20.282,1.35095,1.35125,1.00,1.60
2010.04.09 14:41:20.527,1.3509,1.3512,1.00,1.60
2010.04.09 14:41:21.360,1.35085,1.35115,2.40,1.60
2010.04.09 14:41:21.706,1.3508,1.35115,2.40,5.60
2010.04.09 14:41:22.394,1.35085,1.35115,1.60,4.00
2010.04.09 14:41:23.575,1.3508,1.35115,2.40,4.40
2010.04.09 14:41:23.776,1.3508,1.35115,2.40,2.40
2010.04.09 14:41:23.974,1.3508,1.35115,2.40,1.00
2010.04.09 14:41:24.174,1.35085,1.35115,1.00,1.00
2010.04.09 14:41:25.015,1.35085,1.35115,1.00,2.40
2010.04.09 14:41:25.356,1.3509,1.35115,1.60,1.00
2010.04.09 14:41:25.703,1.35085,1.35125,4.50,4.00
2010.04.09 14:41:26.053,1.35085,1.35125,4.00,4.00
2010.04.09 14:41:28.604,1.35085,1.3512,4.00,1.00
2010.04.09 14:41:28.956,1.35085,1.3512,4.00,2.40
2010.04.09 14:41:29.309,1.35085,1.3512,2.40,2.40
2010.04.09 14:41:29.522,1.35085,1.3512,2.40,2.80
2010.04.09 14:41:30.362,1.3509,1.35125,2.40,4.40
2010.04.09 14:41:30.676,1.35095,1.35125,1.60,2.40
2010.04.09 14:41:30.994,1.35095,1.35125,1.60,4.00
2010.04.09 14:41:31.881,1.3509,1.35125,1.00,4.00
2010.04.09 14:41:32.184,1.35095,1.35125,1.60,2.40
2010.04.09 14:41:32.482,1.35095,1.3513,2.40,4.00
2010.04.09 14:41:33.366,1.35095,1.35125,1.00,1.60
2010.04.09 14:41:33.713,1.3509,1.3512,2.40,2.10
2010.04.09 14:41:35.674,1.35085,1.3512,4.00,4.50
2010.04.09 14:41:37.669,1.35085,1.35115,2.40,1.00
2010.04.09 14:41:39.727,1.35085,1.35115,2.40,1.00
2010.04.09 14:41:39.882,1.35085,1.35115,1.60,1.00
2010.04.09 14:41:40.828,1.3508,1.35115,2.40,1.00
2010.04.09 14:41:41.007,1.35085,1.35115,1.60,1.00
2010.04.09 14:41:41.186,1.3508,1.35115,2.40,1.00
2010.04.09 14:41:41.368,1.3508,1.3511,2.40,1.60
2010.04.09 14:41:42.274,1.35085,1.3512,4.00,4.00
2010.04.09 14:41:43.549,1.3509,1.3512,1.60,4.00
2010.04.09 14:41:43.888,1.35095,1.35125,1.60,4.00
2010.04.09 14:41:44.820,1.35095,1.35125,1.60,2.40
2010.04.09 14:41:45.003,1.3509,1.35125,1.00,4.00
2010.04.09 14:41:45.166,1.3509,1.35125,1.00,4.50
2010.04.09 14:41:45.338,1.3509,1.35125,1.00,4.00
2010.04.09 14:41:46.520,1.3509,1.35125,1.00,2.40
2010.04.09 14:41:46.950,1.35095,1.35125,1.60,2.40
2010.04.09 14:41:47.172,1.3509,1.3512,1.00,2.00
2010.04.09 14:41:47.389,1.35085,1.3512,4.00,2.00
2010.04.09 14:41:48.599,1.3509,1.35125,2.40,1.60
2010.04.09 14:41:48.918,1.3509,1.35125,2.40,2.40
2010.04.09 14:41:50.194,1.3509,1.35125,2.40,2.80
2010.04.09 14:41:50.408,1.3509,1.35125,2.40,2.40
2010.04.09 14:41:50.621,1.35095,1.3513,4.00,6.00
2010.04.09 14:41:54.491,1.351,1.3513,1.60,2.40
2010.04.09 14:41:54.536,1.351,1.3513,1.60,1.00
2010.04.09 14:41:54.615,1.351,1.35135,1.00,4.40
2010.04.09 14:41:54.733,1.351,1.35135,2.40,4.40
2010.04.09 14:41:55.361,1.35095,1.35135,4.00,4.80
2010.04.09 14:41:55.433,1.351,1.35135,1.00,4.50
2010.04.09 14:41:55.510,1.35105,1.35135,1.00,6.10
2010.04.09 14:41:56.501,1.3512,1.35145,1.60,1.00
2010.04.09 14:41:56.837,1.35115,1.35155,1.00,5.30
2010.04.09 14:41:57.154,1.3511,1.35155,2.40,6.10
2010.04.09 14:41:58.018,1.35125,1.35155,1.60,6.10
2010.04.09 14:41:58.268,1.35125,1.35155,1.60,2.40
2010.04.09 14:41:58.522,1.35125,1.35155,1.60,1.00
2010.04.09 14:41:58.765,1.35125,1.3516,1.60,2.40
2010.04.09 14:41:59.697,1.35125,1.35155,1.60,2.40
2010.04.09 14:42:00.040,1.35135,1.3516,1.60,1.00
2010.04.09 14:42:00.377,1.35135,1.35165,1.60,2.40
2010.04.09 14:42:00.970,1.35135,1.35165,1.60,1.00
2010.04.09 14:42:01.665,1.35135,1.3517,4.00,2.40
2010.04.09 14:42:01.967,1.35135,1.35165,1.00,1.60
2010.04.09 14:42:02.871,1.35135,1.35165,2.40,1.00
2010.04.09 14:42:03.111,1.35135,1.3516,1.00,3.20
2010.04.09 14:42:03.954,1.35135,1.3516,1.00,1.60
2010.04.09 14:42:04.434,1.35145,1.35175,1.00,1.60
2010.04.09 14:42:05.414,1.35135,1.35165,1.60,1.60
2010.04.09 14:42:05.684,1.35135,1.35165,1.60,1.00
2010.04.09 14:42:05.941,1.35135,1.35165,3.20,1.00
2010.04.09 14:42:06.191,1.35135,1.3517,2.40,4.00
2010.04.09 14:42:06.981,1.35135,1.3517,4.00,4.00
2010.04.09 14:42:07.327,1.35145,1.3518,2.40,2.40
2010.04.09 14:42:07.673,1.35145,1.3518,4.00,1.00
2010.04.09 14:42:08.605,1.35155,1.35185,1.00,1.00
2010.04.09 14:42:08.796,1.35155,1.3519,1.00,4.00
2010.04.09 14:42:09.177,1.35155,1.35185,3.20,1.00
2010.04.09 14:42:10.116,1.35155,1.3519,4.00,4.00
2010.04.09 14:42:10.467,1.35155,1.35185,1.60,1.00
2010.04.09 14:42:10.818,1.3515,1.35185,1.00,4.00
2010.04.09 14:42:11.759,1.3515,1.35185,2.80,1.00
2010.04.09 14:42:12.101,1.35155,1.3519,1.60,4.00
2010.04.09 14:42:12.308,1.35155,1.3519,2.40,4.00
2010.04.09 14:42:12.518,1.35155,1.3519,4.00,4.00
2010.04.09 14:42:14.199,1.35155,1.3519,4.00,2.40
2010.04.09 14:42:15.077,1.35155,1.35185,4.00,2.40
2010.04.09 14:42:15.173,1.35155,1.35185,2.40,1.00
2010.04.09 14:42:15.535,1.35145,1.35185,4.00,4.40
2010.04.09 14:42:15.881,1.35145,1.3518,4.00,4.40
2010.04.09 14:42:16.487,1.35145,1.3518,2.40,4.40
2010.04.09 14:42:16.689,1.35145,1.35175,1.60,4.00
2010.04.09 14:42:17.289,1.35145,1.3517,1.60,4.00
2010.04.09 14:42:17.491,1.35135,1.3517,5.60,4.00
2010.04.09 14:42:17.840,1.35145,1.3518,4.50,2.40
2010.04.09 14:42:18.774,1.35145,1.3518,2.40,4.00
2010.04.09 14:42:20.407,1.35145,1.3517,2.40,3.20
2010.04.09 14:42:20.604,1.35135,1.3517,4.00,3.20
2010.04.09 14:42:20.871,1.35135,1.3517,4.00,4.00
2010.04.09 14:42:22.149,1.3514,1.35175,1.00,4.00
2010.04.09 14:42:22.488,1.35135,1.3517,4.00,2.40
2010.04.09 14:42:23.528,1.3514,1.3517,1.60,1.00
2010.04.09 14:42:23.870,1.35145,1.3518,4.00,4.00
2010.04.09 14:42:25.165,1.35145,1.35175,1.00,3.20
2010.04.09 14:42:25.494,1.3514,1.35175,1.00,4.00
2010.04.09 14:42:26.714,1.35135,1.3517,4.00,4.00
2010.04.09 14:42:27.558,1.35135,1.35165,2.40,2.40
2010.04.09 14:42:29.158,1.35135,1.35165,2.50,2.40
2010.04.09 14:42:29.321,1.35145,1.35165,1.60,1.00
2010.04.09 14:42:29.481,1.3514,1.3517,1.20,1.60
2010.04.09 14:42:30.173,1.35135,1.35165,2.40,1.60
2010.04.09 14:42:30.464,1.35135,1.35165,3.20,2.40
2010.04.09 14:42:30.751,1.35145,1.35165,3.60,1.00
2010.04.09 14:42:31.539,1.3515,1.35165,3.20,1.00
2010.04.09 14:42:31.812,1.35155,1.3519,1.00,1.60
2010.04.09 14:42:32.061,1.35155,1.35185,1.00,1.60
2010.04.09 14:42:32.662,1.35155,1.35185,1.00,3.20
2010.04.09 14:42:32.941,1.35155,1.3518,3.60,1.00
2010.04.09 14:42:33.294,1.35155,1.35185,3.20,1.00
2010.04.09 14:42:34.249,1.3517,1.3519,1.20,1.60
2010.04.09 14:42:34.563,1.35155,1.3519,4.00,1.00
2010.04.09 14:42:34.857,1.35165,1.3519,1.60,1.00
2010.04.09 14:42:35.159,1.35165,1.35195,1.60,2.40
2010.04.09 14:42:36.151,1.35165,1.35195,1.60,4.00
2010.04.09 14:42:36.826,1.35155,1.3519,4.40,2.40
2010.04.09 14:42:37.113,1.3516,1.35195,1.00,4.00
2010.04.09 14:42:37.761,1.35165,1.35195,1.60,4.00
2010.04.09 14:42:38.042,1.35165,1.35195,2.40,2.40
2010.04.09 14:42:40.294,1.35165,1.35195,2.40,4.00
2010.04.09 14:42:40.374,1.35165,1.35195,1.60,4.00
2010.04.09 14:42:40.532,1.35165,1.35195,1.60,2.40
2010.04.09 14:42:41.254,1.35165,1.352,4.40,1.00
2010.04.09 14:42:41.597,1.35165,1.352,4.00,4.00
2010.04.09 14:42:41.949,1.3517,1.352,2.40,1.00
2010.04.09 14:42:42.593,1.35175,1.352,1.60,1.00
2010.04.09 14:42:42.892,1.35175,1.35205,1.60,4.00
2010.04.09 14:42:43.190,1.3518,1.3521,1.00,1.00
2010.04.09 14:42:43.478,1.35185,1.3521,1.60,1.00
2010.04.09 14:42:44.374,1.35185,1.35215,2.40,1.00
2010.04.09 14:42:44.724,1.35185,1.35215,2.40,1.60
2010.04.09 14:42:44.834,1.35185,1.35215,2.40,3.20
2010.04.09 14:42:44.945,1.35185,1.35215,2.40,4.00
2010.04.09 14:42:46.288,1.35185,1.35215,1.60,4.00
2010.04.09 14:42:46.557,1.35185,1.35215,1.60,2.40
2010.04.09 14:42:46.828,1.35185,1.35215,1.60,4.00
2010.04.09 14:42:47.786,1.3518,1.35215,1.00,5.60
2010.04.09 14:42:49.663,1.3518,1.35205,1.00,1.60
2010.04.09 14:42:49.979,1.35175,1.3521,2.40,4.80
2010.04.09 14:42:50.112,1.35175,1.352,2.40,1.60
2010.04.09 14:42:50.922,1.35175,1.3521,2.40,5.60
2010.04.09 14:42:51.699,1.35175,1.3521,2.40,4.00
2010.04.09 14:42:51.962,1.35175,1.3521,4.00,2.40
2010.04.09 14:42:52.719,1.35175,1.3521,2.40,5.20
2010.04.09 14:42:53.050,1.35175,1.352,1.00,3.20
2010.04.09 14:42:53.397,1.35165,1.35195,2.40,3.20
2010.04.09 14:42:54.370,1.35165,1.35195,1.00,4.80
2010.04.09 14:42:54.671,1.35165,1.3519,1.00,1.60
2010.04.09 14:42:54.963,1.35155,1.3519,4.00,2.10
2010.04.09 14:42:55.871,1.3516,1.35195,2.40,6.10
2010.04.09 14:42:56.172,1.35165,1.35195,1.60,2.40
2010.04.09 14:42:56.490,1.35165,1.35195,3.20,1.00
2010.04.09 14:42:57.414,1.35165,1.352,4.00,4.00
2010.04.09 14:42:59.437,1.35165,1.352,4.00,1.00
2010.04.09 14:42:59.627,1.35175,1.35205,1.60,4.00
2010.04.09 14:43:01.140,1.3517,1.35205,1.00,6.10
2010.04.09 14:43:02.379,1.35175,1.352,1.60,3.20
2010.04.09 14:43:02.721,1.35175,1.35205,1.60,5.60
2010.04.09 14:43:03.029,1.35175,1.35205,1.60,4.00
2010.04.09 14:43:03.990,1.35175,1.35205,1.60,2.40
2010.04.09 14:43:05.881,1.35175,1.352,1.60,1.00
2010.04.09 14:43:06.190,1.35175,1.35205,1.60,2.40
2010.04.09 14:43:06.498,1.35175,1.3521,1.60,4.00
2010.04.09 14:43:07.462,1.3518,1.35215,1.00,4.40
2010.04.09 14:43:07.858,1.35175,1.3521,4.00,1.00
2010.04.09 14:43:08.468,1.35175,1.3521,4.00,2.40
2010.04.09 14:43:08.811,1.35185,1.3521,1.60,2.40
2010.04.09 14:43:09.157,1.35185,1.3522,2.40,4.40
2010.04.09 14:43:09.898,1.35185,1.3522,2.40,4.00
2010.04.09 14:43:10.204,1.35185,1.3522,2.40,4.40
2010.04.09 14:43:10.503,1.3518,1.35215,2.40,4.40
2010.04.09 14:43:10.799,1.3518,1.35215,2.40,6.00
2010.04.09 14:43:11.710,1.3518,1.35215,2.40,1.20
2010.04.09 14:43:12.052,1.35185,1.3522,2.40,6.00
2010.04.09 14:43:12.356,1.35185,1.3522,2.40,4.00
2010.04.09 14:43:13.223,1.35185,1.3522,2.40,4.40
2010.04.09 14:43:13.472,1.35185,1.3522,4.00,2.40
2010.04.09 14:43:15.325,1.3519,1.35225,1.00,4.40
2010.04.09 14:43:15.416,1.35185,1.35225,4.00,4.40
2010.04.09 14:43:15.585,1.35195,1.35225,1.60,4.40
2010.04.09 14:43:15.676,1.35195,1.35225,1.60,4.00
2010.04.09 14:43:15.852,1.3519,1.35225,1.00,4.00
2010.04.09 14:43:16.625,1.3519,1.35225,2.40,4.00
2010.04.09 14:43:17.399,1.3519,1.3522,1.00,1.60
2010.04.09 14:43:17.754,1.35195,1.3522,1.60,4.40
2010.04.09 14:43:18.726,1.35195,1.35225,3.60,1.00
2010.04.09 14:43:18.916,1.35195,1.3523,4.00,2.40
2010.04.09 14:43:19.824,1.35195,1.3523,4.00,4.00
2010.04.09 14:43:20.796,1.35185,1.3522,2.40,4.00
2010.04.09 14:43:21.022,1.35185,1.35215,2.40,1.60
2010.04.09 14:43:21.253,1.35185,1.35215,2.40,2.40
2010.04.09 14:43:21.946,1.3519,1.35215,1.00,1.60
2010.04.09 14:43:22.780,1.35185,1.3522,6.60,2.40
2010.04.09 14:43:22.997,1.35185,1.35225,6.00,2.40
2010.04.09 14:43:23.951,1.352,1.35225,1.60,1.00
2010.04.09 14:43:24.267,1.35195,1.3523,4.00,4.00
2010.04.09 14:43:24.574,1.35205,1.3523,1.60,4.00
2010.04.09 14:43:25.452,1.3519,1.35225,2.40,2.40
2010.04.09 14:43:27.092,1.35195,1.35225,1.60,2.40
2010.04.09 14:43:27.439,1.35185,1.3522,4.40,2.40
2010.04.09 14:43:27.515,1.35185,1.35215,1.60,1.00
2010.04.09 14:43:27.592,1.35185,1.35215,1.60,2.40
2010.04.09 14:43:28.331,1.3519,1.35215,1.60,1.00
2010.04.09 14:43:28.678,1.3519,1.35225,2.40,4.00
2010.04.09 14:43:29.022,1.3519,1.35225,2.40,6.00
2010.04.09 14:43:30.105,1.35185,1.3522,2.40,2.40
2010.04.09 14:43:30.384,1.35185,1.35225,2.40,4.00
2010.04.09 14:43:30.664,1.35185,1.35225,4.00,4.00
2010.04.09 14:43:31.531,1.3519,1.35225,1.00,4.00
2010.04.09 14:43:31.885,1.35185,1.35225,4.00,4.00
2010.04.09 14:43:32.449,1.35185,1.3522,4.00,1.00
2010.04.09 14:43:32.559,1.35185,1.3522,4.00,4.00
2010.04.09 14:43:32.782,1.35185,1.3522,2.40,4.00
2010.04.09 14:43:33.562,1.35185,1.3522,4.00,4.00
2010.04.09 14:43:34.639,1.35185,1.3522,2.40,4.00
2010.04.09 14:43:35.647,1.35185,1.3522,4.00,4.00
2010.04.09 14:43:35.932,1.35185,1.3522,4.00,1.60
2010.04.09 14:43:36.561,1.3519,1.35225,1.60,4.00
2010.04.09 14:43:36.796,1.3519,1.3522,1.00,1.60
2010.04.09 14:43:37.031,1.3519,1.35215,1.00,1.60
2010.04.09 14:43:37.720,1.35185,1.35215,4.00,1.60
2010.04.09 14:43:40.218,1.3519,1.35215,1.00,1.60
2010.04.09 14:43:40.368,1.3519,1.35225,1.00,4.00
2010.04.09 14:43:43.384,1.3519,1.35225,1.00,5.60
2010.04.09 14:43:44.597,1.35195,1.35225,1.00,4.00
2010.04.09 14:43:45.475,1.35195,1.35225,2.40,1.60
2010.04.09 14:43:45.539,1.35195,1.35225,1.00,1.60
2010.04.09 14:43:45.799,1.3519,1.35225,2.40,1.60
2010.04.09 14:43:46.946,1.3519,1.35225,2.40,5.60
2010.04.09 14:43:48.129,1.35195,1.3523,4.00,1.00
2010.04.09 14:43:48.874,1.35195,1.35235,4.00,6.10
2010.04.09 14:43:49.169,1.352,1.3523,1.00,1.60
2010.04.09 14:43:49.470,1.35195,1.3523,2.40,2.40
2010.04.09 14:43:49.779,1.352,1.3523,1.00,2.40
2010.04.09 14:43:50.679,1.35195,1.3523,4.00,2.40
2010.04.09 14:43:50.951,1.3521,1.3523,1.00,1.60
2010.04.09 14:43:51.225,1.3521,1.35245,1.00,6.10
2010.04.09 14:43:52.163,1.35205,1.35235,1.00,2.40
2010.04.09 14:43:52.806,1.352,1.35235,1.00,4.00
2010.04.09 14:43:54.071,1.35205,1.3524,1.00,4.00
2010.04.09 14:43:54.468,1.35205,1.3524,1.00,4.40
2010.04.09 14:43:55.255,1.35205,1.3524,1.00,8.40
2010.04.09 14:43:56.064,1.35205,1.35235,1.00,2.40
2010.04.09 14:43:56.336,1.35205,1.35235,1.00,4.00
2010.04.09 14:43:56.634,1.35205,1.35235,1.00,4.40
2010.04.09 14:43:57.381,1.352,1.3523,1.00,2.40
2010.04.09 14:43:57.466,1.35195,1.35225,2.40,4.00
2010.04.09 14:43:59.252,1.35185,1.3522,4.00,2.40
2010.04.09 14:43:59.603,1.35185,1.35215,1.00,3.20
2010.04.09 14:43:59.949,1.3518,1.35215,2.40,4.00
2010.04.09 14:44:01.087,1.3518,1.3521,2.40,2.10
2010.04.09 14:44:01.214,1.3518,1.3521,2.40,3.70
2010.04.09 14:44:01.339,1.3518,1.3521,1.00,2.10
2010.04.09 14:44:01.465,1.3518,1.3521,2.40,1.00
2010.04.09 14:44:02.530,1.35175,1.3521,2.40,6.40
2010.04.09 14:44:02.877,1.35175,1.35205,2.40,1.00
2010.04.09 14:44:03.223,1.35175,1.3521,2.40,4.00
2010.04.09 14:44:04.194,1.3518,1.35215,2.40,4.40
2010.04.09 14:44:05.192,1.3518,1.3521,2.40,1.60
2010.04.09 14:44:05.411,1.35175,1.3521,2.40,4.00
2010.04.09 14:44:06.222,1.35175,1.35205,2.40,1.60
2010.04.09 14:44:06.458,1.35175,1.3521,2.40,4.00
2010.04.09 14:44:06.752,1.35175,1.35205,1.60,1.60
2010.04.09 14:44:07.051,1.35175,1.35205,1.60,2.40
2010.04.09 14:44:08.257,1.35175,1.352,3.20,1.00
2010.04.09 14:44:08.606,1.3517,1.35205,2.40,4.00
2010.04.09 14:44:08.820,1.35175,1.35205,1.60,4.00
2010.04.09 14:44:09.030,1.3517,1.35205,2.40,4.00
2010.04.09 14:44:10.152,1.35175,1.35205,1.00,3.20
2010.04.09 14:44:10.365,1.35175,1.35205,2.40,2.40
2010.04.09 14:44:12.879,1.35175,1.35205,2.40,4.00
2010.04.09 14:44:13.183,1.3517,1.35205,1.00,5.60
2010.04.09 14:44:13.989,1.35165,1.352,2.40,3.20
2010.04.09 14:44:14.317,1.35175,1.35205,1.00,2.40
2010.04.09 14:44:14.646,1.35175,1.35205,2.40,1.00
2010.04.09 14:44:15.533,1.35175,1.3521,2.40,4.00
2010.04.09 14:44:16.675,1.3518,1.3521,1.60,1.00
2010.04.09 14:44:17.490,1.35175,1.3521,4.00,1.60
2010.04.09 14:44:17.809,1.3517,1.352,1.00,4.80
2010.04.09 14:44:18.093,1.35165,1.352,2.40,6.00
2010.04.09 14:44:18.884,1.35165,1.352,4.00,2.80
2010.04.09 14:44:19.174,1.3517,1.35205,2.40,4.00
2010.04.09 14:44:19.462,1.3517,1.35205,1.00,4.00
2010.04.09 14:44:20.504,1.3517,1.35205,1.00,5.60
2010.04.09 14:44:21.192,1.3517,1.352,1.00,1.60
2010.04.09 14:44:22.059,1.3517,1.352,1.00,3.60
2010.04.09 14:44:22.376,1.35175,1.3521,1.00,4.00
2010.04.09 14:44:23.101,1.35175,1.3521,2.40,2.40
2010.04.09 14:44:23.751,1.3518,1.35215,1.00,4.00
2010.04.09 14:44:24.990,1.3518,1.35215,1.00,4.40
2010.04.09 14:44:26.237,1.35185,1.35215,1.00,2.40
2010.04.09 14:44:26.411,1.3518,1.35215,1.00,2.40
2010.04.09 14:44:26.589,1.3518,1.3521,1.00,1.00
2010.04.09 14:44:26.759,1.3518,1.3521,1.00,2.40
2010.04.09 14:44:27.107,1.3518,1.3521,1.00,1.00
2010.04.09 14:44:28.075,1.3518,1.35215,2.40,4.40
2010.04.09 14:44:28.289,1.3518,1.3521,1.00,2.40
2010.04.09 14:44:28.497,1.35175,1.3521,2.40,2.40
2010.04.09 14:44:28.906,1.35175,1.3521,2.40,5.60
2010.04.09 14:44:29.555,1.35175,1.3521,2.40,6.00
2010.04.09 14:44:29.809,1.35175,1.3521,2.40,4.00
2010.04.09 14:44:30.567,1.35175,1.3521,4.00,4.00
2010.04.09 14:44:31.848,1.3517,1.35205,2.40,4.00
2010.04.09 14:44:32.095,1.35175,1.35205,1.60,4.00
2010.04.09 14:44:32.584,1.3517,1.35205,2.40,4.00
2010.04.09 14:44:33.942,1.3517,1.35205,2.40,2.40
2010.04.09 14:44:34.217,1.35175,1.35205,1.60,1.00
2010.04.09 14:44:34.494,1.35175,1.3521,2.40,4.00
2010.04.09 14:44:36.249,1.3517,1.35205,2.40,4.50
2010.04.09 14:44:40.903,1.3517,1.35205,2.40,6.10
2010.04.09 14:44:41.212,1.35175,1.35205,1.60,6.10
2010.04.09 14:44:41.662,1.3517,1.35205,2.40,6.10
2010.04.09 14:44:46.059,1.35175,1.3521,1.00,4.00
2010.04.09 14:44:46.176,1.35175,1.3521,2.40,4.00
2010.04.09 14:44:46.782,1.35175,1.3521,3.00,4.00
2010.04.09 14:44:47.053,1.35185,1.3522,2.40,2.40
2010.04.09 14:44:47.961,1.35185,1.3522,4.00,2.80
2010.04.09 14:44:48.561,1.35185,1.3522,4.00,2.40
2010.04.09 14:44:49.304,1.3519,1.35225,2.40,2.80
2010.04.09 14:44:50.116,1.35195,1.35225,1.60,2.40
2010.04.09 14:44:50.244,1.35195,1.35225,1.60,4.00
2010.04.09 14:44:50.356,1.3519,1.35225,1.00,4.00
2010.04.09 14:44:50.474,1.35195,1.3522,1.60,1.60
2010.04.09 14:44:51.119,1.3519,1.3522,1.00,1.60
2010.04.09 14:44:51.475,1.35195,1.35225,3.20,2.40
2010.04.09 14:44:51.823,1.3519,1.35225,4.00,1.00
2010.04.09 14:44:52.161,1.35195,1.3523,2.40,4.80
2010.04.09 14:44:53.407,1.35195,1.3523,4.00,4.00
2010.04.09 14:44:54.764,1.35195,1.3523,2.40,4.80
2010.04.09 14:44:54.974,1.35195,1.3523,2.40,4.00
2010.04.09 14:44:55.856,1.35195,1.3523,2.40,5.60
2010.04.09 14:44:56.941,1.35195,1.35225,1.60,5.60
2010.04.09 14:44:57.799,1.35185,1.3522,2.40,5.60
2010.04.09 14:44:58.184,1.3519,1.35215,1.00,1.60
2010.04.09 14:44:58.416,1.3518,1.35215,2.40,4.00
2010.04.09 14:44:59.491,1.35185,1.35215,1.60,4.00
2010.04.09 14:44:59.838,1.35195,1.3523,4.00,2.80
2010.04.09 14:45:00.182,1.35195,1.3523,4.00,2.40
2010.04.09 14:45:02.020,1.3519,1.35225,1.00,4.00
2010.04.09 14:45:02.141,1.3519,1.35225,2.40,2.40
2010.04.09 14:45:02.264,1.35195,1.35225,3.20,1.00
2010.04.09 14:45:02.977,1.3519,1.35225,1.60,2.40
2010.04.09 14:45:03.324,1.35195,1.35225,3.20,1.00
2010.04.09 14:45:03.671,1.35195,1.3523,2.40,2.40
2010.04.09 14:45:04.534,1.352,1.3523,1.00,1.60
2010.04.09 14:45:04.889,1.35205,1.3524,1.00,2.40
2010.04.09 14:45:05.099,1.35205,1.3524,4.00,2.40
2010.04.09 14:45:05.509,1.35205,1.3524,1.00,4.00
2010.04.09 14:45:06.305,1.35195,1.3523,4.00,2.40
2010.04.09 14:45:06.548,1.35195,1.3523,4.00,4.00
2010.04.09 14:45:08.764,1.352,1.3523,1.00,3.20
2010.04.09 14:45:09.030,1.35195,1.3523,4.00,5.60
2010.04.09 14:45:09.293,1.35195,1.3523,4.00,6.10
2010.04.09 14:45:11.120,1.35195,1.35225,1.60,2.40
2010.04.09 14:45:11.362,1.3519,1.3522,1.00,3.20
2010.04.09 14:45:11.603,1.35185,1.3522,2.40,4.50
2010.04.09 14:45:12.447,1.35185,1.3522,4.00,1.00
2010.04.09 14:45:12.689,1.35185,1.35225,4.00,4.50
2010.04.09 14:45:12.928,1.3519,1.35225,1.60,4.50
2010.04.09 14:45:13.780,1.3519,1.3522,1.00,3.20
2010.04.09 14:45:14.128,1.35185,1.3522,4.00,6.10
2010.04.09 14:45:17.463,1.35185,1.35215,2.40,1.60
2010.04.09 14:45:18.357,1.3518,1.35215,2.40,1.00
2010.04.09 14:45:18.694,1.3518,1.3521,1.00,4.50
2010.04.09 14:45:18.926,1.3518,1.3521,1.00,6.10
2010.04.09 14:45:19.165,1.35175,1.3521,2.40,6.10
2010.04.09 14:45:20.361,1.35175,1.3521,4.00,2.40
2010.04.09 14:45:21.403,1.35175,1.3521,4.50,2.40
2010.04.09 14:45:22.284,1.3518,1.35215,4.00,3.20
2010.04.09 14:45:22.557,1.3518,1.35215,2.40,2.40
2010.04.09 14:45:22.996,1.3518,1.35215,4.00,2.40
2010.04.09 14:45:24.236,1.35185,1.35215,3.20,1.00
2010.04.09 14:45:24.580,1.3519,1.3522,1.00,2.40
2010.04.09 14:45:26.406,1.3519,1.3522,1.00,4.00
2010.04.09 14:45:26.616,1.352,1.35225,1.60,2.40
2010.04.09 14:45:26.825,1.35195,1.3522,2.00,1.60
2010.04.09 14:45:27.036,1.3519,1.3522,1.00,3.20
2010.04.09 14:45:27.250,1.35185,1.35215,4.00,1.00
2010.04.09 14:45:28.136,1.3519,1.35225,3.80,4.00
2010.04.09 14:45:28.430,1.3519,1.35225,4.60,4.00
2010.04.09 14:45:29.916,1.3519,1.35225,1.00,4.00
2010.04.09 14:45:30.601,1.3519,1.35225,1.00,4.00
2010.04.09 14:45:30.761,1.3519,1.35225,1.00,4.00
2010.04.09 14:45:30.842,1.3519,1.35225,4.50,4.00
2010.04.09 14:45:31.522,1.3519,1.35225,4.50,2.40
2010.04.09 14:45:31.863,1.35195,1.3523,1.00,4.00
2010.04.09 14:45:36.984,1.35195,1.3523,2.40,2.80
2010.04.09 14:45:37.271,1.35195,1.3523,4.00,2.90
2010.04.09 14:45:37.381,1.35195,1.3523,2.40,4.50
2010.04.09 14:45:38.280,1.35195,1.3523,2.40,4.00
2010.04.09 14:45:40.601,1.352,1.3523,1.60,2.40
2010.04.09 14:45:41.258,1.352,1.3523,1.60,1.00
2010.04.09 14:45:41.435,1.35195,1.3523,1.00,2.40
2010.04.09 14:45:41.780,1.35195,1.35225,1.00,1.60
2010.04.09 14:45:42.696,1.35195,1.35225,1.70,1.00
2010.04.09 14:45:42.819,1.352,1.3523,1.00,2.80
2010.04.09 14:45:42.929,1.352,1.3523,1.00,2.40
2010.04.09 14:45:43.252,1.35195,1.3523,4.00,2.40
2010.04.09 14:45:43.926,1.352,1.3523,1.00,1.00
2010.04.09 14:45:44.273,1.352,1.35235,1.00,5.60
2010.04.09 14:45:45.775,1.35205,1.35235,1.60,2.40
2010.04.09 14:45:46.135,1.352,1.3524,2.40,4.40
2010.04.09 14:45:46.289,1.352,1.3523,2.40,1.00
2010.04.09 14:45:46.441,1.352,1.3522,1.00,1.60
2010.04.09 14:45:46.600,1.352,1.35235,1.00,4.00
2010.04.09 14:45:47.352,1.352,1.35235,2.40,4.00
2010.04.09 14:45:47.587,1.352,1.35235,2.40,6.10
2010.04.09 14:45:47.825,1.35195,1.3523,5.60,2.40
2010.04.09 14:45:48.061,1.352,1.35235,1.60,4.00
2010.04.09 14:45:48.852,1.352,1.35235,3.60,4.00
2010.04.09 14:45:49.203,1.352,1.35235,4.40,4.00
2010.04.09 14:45:49.553,1.352,1.35235,2.40,4.00
2010.04.09 14:45:51.906,1.35195,1.3523,4.00,2.40
2010.04.09 14:45:52.997,1.35195,1.3523,4.50,4.00
2010.04.09 14:45:53.273,1.35195,1.3523,2.40,4.40
2010.04.09 14:45:55.017,1.35195,1.3523,1.00,4.00
2010.04.09 14:45:55.335,1.35195,1.3523,1.00,4.40
2010.04.09 14:45:57.553,1.35195,1.35225,1.00,1.00
2010.04.09 14:45:57.695,1.3519,1.3522,1.00,1.60
2010.04.09 14:45:59.723,1.3519,1.3521,1.00,1.60
2010.04.09 14:46:00.024,1.35185,1.3521,4.00,1.60
2010.04.09 14:46:00.746,1.35185,1.3521,2.40,1.60
2010.04.09 14:46:01.467,1.35185,1.3521,4.00,1.60
2010.04.09 14:46:02.818,1.3518,1.3521,1.00,2.00
2010.04.09 14:46:03.752,1.35175,1.3521,4.00,2.00
2010.04.09 14:46:03.995,1.35175,1.3521,4.00,2.80
2010.04.09 14:46:04.472,1.3518,1.35215,1.00,5.20
2010.04.09 14:46:04.705,1.3518,1.35215,1.00,4.40
2010.04.09 14:46:07.277,1.35185,1.3522,1.00,6.00
2010.04.09 14:46:07.607,1.3518,1.35215,1.00,4.40
2010.04.09 14:46:07.933,1.35175,1.35215,4.50,4.00
2010.04.09 14:46:08.786,1.35175,1.3521,4.50,4.00
2010.04.09 14:46:09.162,1.35175,1.35205,1.00,4.00
2010.04.09 14:46:09.507,1.3517,1.35205,2.40,4.00
2010.04.09 14:46:11.112,1.35165,1.352,4.00,2.40
2010.04.09 14:46:11.282,1.35165,1.352,1.00,2.40
2010.04.09 14:46:12.085,1.35165,1.352,2.40,2.40
2010.04.09 14:46:12.934,1.3517,1.352,1.60,1.00
2010.04.09 14:46:13.665,1.3517,1.352,2.40,1.00
2010.04.09 14:46:14.018,1.3517,1.352,1.00,3.20
2010.04.09 14:46:14.244,1.35165,1.352,1.00,3.60
2010.04.09 14:46:15.070,1.35165,1.3519,1.00,1.00
2010.04.09 14:46:15.324,1.3516,1.3519,1.00,1.30
2010.04.09 14:46:16.664,1.3516,1.35195,1.00,6.90
2010.04.09 14:46:17.458,1.35155,1.35195,2.80,4.00
2010.04.09 14:46:17.791,1.3516,1.35195,1.00,4.00
2010.04.09 14:46:17.899,1.3516,1.35195,1.00,2.40
2010.04.09 14:46:18.340,1.3516,1.35195,2.40,2.40
2010.04.09 14:46:19.300,1.3516,1.35195,2.40,4.00
2010.04.09 14:46:19.643,1.35155,1.3519,2.40,1.60
2010.04.09 14:46:19.849,1.35155,1.3519,1.00,4.00
2010.04.09 14:46:20.480,1.35155,1.35185,1.00,1.60
2010.04.09 14:46:20.690,1.35155,1.35185,1.00,2.40
2010.04.09 14:46:21.490,1.35155,1.35175,1.00,1.60
2010.04.09 14:46:21.962,1.3514,1.3517,1.00,1.60
2010.04.09 14:46:22.970,1.3514,1.3517,1.00,2.40
2010.04.09 14:46:23.568,1.3514,1.3517,2.40,1.00
2010.04.09 14:46:24.375,1.3515,1.3518,1.60,4.00
2010.04.09 14:46:25.059,1.3515,1.3518,1.60,2.40
2010.04.09 14:46:26.417,1.3516,1.3519,2.10,4.00
2010.04.09 14:46:26.488,1.3516,1.3519,2.10,2.40
2010.04.09 14:46:26.557,1.3516,1.3519,2.90,2.40
2010.04.09 14:46:27.162,1.3516,1.3519,1.30,2.40
2010.04.09 14:46:27.827,1.3516,1.3519,1.00,2.40
2010.04.09 14:46:28.101,1.35155,1.3519,4.50,4.00
2010.04.09 14:46:29.547,1.35155,1.3519,4.00,4.00
2010.04.09 14:46:30.281,1.3515,1.3519,8.70,4.00
2010.04.09 14:46:30.416,1.3515,1.3519,4.70,4.00
2010.04.09 14:46:30.817,1.35155,1.3519,1.00,4.00
2010.04.09 14:46:32.726,1.35155,1.3519,1.00,4.00
2010.04.09 14:46:33.068,1.35155,1.3519,1.00,4.00
2010.04.09 14:46:33.677,1.3515,1.35185,4.00,1.00
2010.04.09 14:46:33.854,1.35155,1.35185,1.00,4.00
2010.04.09 14:46:34.027,1.3515,1.35185,1.00,4.00
2010.04.09 14:46:35.950,1.35155,1.3519,2.80,2.40
2010.04.09 14:46:38.346,1.3515,1.35185,1.00,4.00
2010.04.09 14:46:38.558,1.35145,1.35185,4.00,4.00
2010.04.09 14:46:38.976,1.35145,1.3518,4.00,4.00
2010.04.09 14:46:39.987,1.35145,1.35175,2.40,1.60
2010.04.09 14:46:40.344,1.3514,1.35175,3.20,2.40
2010.04.09 14:46:40.695,1.3515,1.35175,2.10,1.00
2010.04.09 14:46:41.574,1.3515,1.35185,2.40,4.00
2010.04.09 14:46:42.225,1.35145,1.3518,2.80,4.00
2010.04.09 14:46:43.148,1.35145,1.35175,1.00,1.60
2010.04.09 14:46:43.319,1.35145,1.3518,2.40,2.40
2010.04.09 14:46:44.123,1.35145,1.3518,4.00,2.40
2010.04.09 14:46:45.064,1.3514,1.35175,2.40,4.40
2010.04.09 14:46:48.412,1.3514,1.3517,2.40,1.00
2010.04.09 14:46:49.586,1.3514,1.3517,2.40,1.00
2010.04.09 14:46:49.974,1.3514,1.35175,2.40,2.40
2010.04.09 14:46:51.161,1.3514,1.3517,1.00,3.20
2010.04.09 14:46:51.499,1.35135,1.3517,4.00,4.40
2010.04.09 14:46:51.707,1.3514,1.35175,1.00,4.40
2010.04.09 14:46:51.918,1.35135,1.35165,1.00,2.40
2010.04.09 14:46:52.856,1.35135,1.3517,5.60,4.00
2010.04.09 14:46:54.925,1.35135,1.3517,2.40,2.40
2010.04.09 14:46:55.010,1.35135,1.35165,1.60,1.20
2010.04.09 14:46:55.090,1.35135,1.35165,1.60,1.00
2010.04.09 14:46:55.489,1.3514,1.35175,1.00,4.40
2010.04.09 14:46:56.367,1.3514,1.35175,2.40,1.00
2010.04.09 14:46:56.569,1.3514,1.3517,1.00,1.60
2010.04.09 14:46:56.766,1.3514,1.35165,1.00,3.70
2010.04.09 14:46:57.522,1.3514,1.35165,1.00,1.60
2010.04.09 14:46:57.867,1.3514,1.35175,4.00,2.40
2010.04.09 14:46:58.552,1.3515,1.35175,1.60,2.40
2010.04.09 14:47:01.078,1.3515,1.35175,1.60,1.00
2010.04.09 14:47:01.844,1.35145,1.3518,2.40,2.40
2010.04.09 14:47:03.636,1.35145,1.3518,4.00,2.80
2010.04.09 14:47:03.985,1.3515,1.3518,2.40,1.00
2010.04.09 14:47:04.159,1.3515,1.35185,2.40,4.00
2010.04.09 14:47:04.339,1.3515,1.35185,4.00,4.00
2010.04.09 14:47:05.355,1.35145,1.35175,8.00,2.40
2010.04.09 14:47:05.611,1.3514,1.35175,3.20,2.40
2010.04.09 14:47:06.493,1.3514,1.3517,3.20,1.60
2010.04.09 14:47:06.753,1.3514,1.3517,1.60,2.40
2010.04.09 14:47:08.766,1.3514,1.3517,1.70,2.40
2010.04.09 14:47:09.546,1.3514,1.3517,3.30,1.00
2010.04.09 14:47:09.705,1.3515,1.35175,1.60,1.00
2010.04.09 14:47:09.860,1.3515,1.35185,2.40,4.40
2010.04.09 14:47:10.008,1.3515,1.35185,2.40,2.80
2010.04.09 14:47:10.156,1.3515,1.35185,2.40,2.40
2010.04.09 14:47:10.307,1.35155,1.3519,1.00,4.40
2010.04.09 14:47:11.511,1.35155,1.3519,2.40,2.80
2010.04.09 14:47:11.771,1.35155,1.3519,2.40,2.90
2010.04.09 14:47:11.974,1.3515,1.35185,1.00,4.40
2010.04.09 14:47:12.174,1.3515,1.35185,1.00,4.00
2010.04.09 14:47:13.175,1.3515,1.35185,2.40,2.40
2010.04.09 14:47:15.426,1.3515,1.3518,2.40,1.60
2010.04.09 14:47:15.577,1.3515,1.3518,1.00,2.40
2010.04.09 14:47:18.802,1.3515,1.3518,2.40,1.00
2010.04.09 14:47:19.154,1.35155,1.35185,1.00,1.60
2010.04.09 14:47:20.098,1.35155,1.35185,1.00,4.00
2010.04.09 14:47:20.419,1.3515,1.3518,1.60,2.40
2010.04.09 14:47:22.350,1.35145,1.3518,4.10,2.40
2010.04.09 14:47:22.689,1.3515,1.35185,4.00,2.40
2010.04.09 14:47:22.816,1.3515,1.35185,2.40,2.40
2010.04.09 14:47:22.948,1.3515,1.35185,1.00,2.90
2010.04.09 14:47:23.679,1.3515,1.3518,1.00,1.60
2010.04.09 14:47:24.024,1.35145,1.3517,1.00,1.00
2010.04.09 14:47:24.368,1.35135,1.3516,1.60,1.00
2010.04.09 14:47:25.026,1.3514,1.3516,1.60,1.00
2010.04.09 14:47:25.366,1.35145,1.35185,2.40,4.00
2010.04.09 14:47:28.822,1.35145,1.3518,1.00,1.20
2010.04.09 14:47:29.140,1.3515,1.35185,1.60,2.40
2010.04.09 14:47:29.457,1.3515,1.3518,1.00,3.20
2010.04.09 14:47:30.409,1.35145,1.3518,1.00,4.00
2010.04.09 14:47:32.074,1.35135,1.3517,2.80,1.60
2010.04.09 14:47:32.204,1.35135,1.3517,2.40,3.20
2010.04.09 14:47:32.464,1.35135,1.3517,2.40,4.00
2010.04.09 14:47:33.851,1.35135,1.3517,2.40,1.00
2010.04.09 14:47:34.192,1.3514,1.35175,1.00,4.00
2010.04.09 14:47:34.534,1.3514,1.35175,2.40,2.40
2010.04.09 14:47:36.165,1.3514,1.3517,1.00,1.60
2010.04.09 14:47:37.054,1.3514,1.3517,1.00,2.40
2010.04.09 14:47:37.365,1.35145,1.3517,1.60,1.00
2010.04.09 14:47:37.672,1.3514,1.3517,1.00,3.20
2010.04.09 14:47:37.981,1.35135,1.3517,2.40,4.00
2010.04.09 14:47:38.928,1.35135,1.3517,2.40,4.80
2010.04.09 14:47:39.262,1.3513,1.35165,8.50,2.40
2010.04.09 14:47:39.474,1.35135,1.35165,1.00,1.00
2010.04.09 14:47:39.693,1.3514,1.3517,1.60,4.00
2010.04.09 14:47:40.620,1.3514,1.3517,2.40,4.00
2010.04.09 14:47:42.050,1.3514,1.3517,2.40,1.00
2010.04.09 14:47:42.279,1.3514,1.35175,2.40,4.00
2010.04.09 14:47:43.388,1.3514,1.35175,4.00,2.40
2010.04.09 14:47:43.561,1.3515,1.35175,1.60,1.00
2010.04.09 14:47:43.885,1.3515,1.35185,4.00,4.00
2010.04.09 14:47:44.719,1.3515,1.35185,4.50,1.00
2010.04.09 14:47:45.022,1.3515,1.35185,2.40,4.00
2010.04.09 14:47:45.306,1.35145,1.35185,2.40,4.40
2010.04.09 14:47:46.251,1.35145,1.35185,2.40,4.00
2010.04.09 14:47:46.929,1.35145,1.35175,1.00,3.20
2010.04.09 14:47:47.273,1.3514,1.35175,1.00,4.50
2010.04.09 14:47:48.209,1.35135,1.3517,2.40,4.00
2010.04.09 14:47:48.587,1.35135,1.3517,4.00,4.00
2010.04.09 14:47:49.158,1.35145,1.3517,1.60,1.00
2010.04.09 14:47:49.354,1.35145,1.3518,1.60,4.00
2010.04.09 14:47:50.320,1.35145,1.35175,1.60,1.00
2010.04.09 14:47:50.472,1.35145,1.35175,2.40,1.00
2010.04.09 14:47:50.628,1.35145,1.35175,1.00,2.10
2010.04.09 14:47:50.779,1.3514,1.35175,2.40,2.90
2010.04.09 14:47:55.832,1.3514,1.3517,1.00,1.00
2010.04.09 14:47:56.597,1.3514,1.35165,1.00,1.00
2010.04.09 14:47:56.866,1.3514,1.3517,1.00,1.00
2010.04.09 14:48:05.356,1.35135,1.3517,2.40,2.40
2010.04.09 14:48:05.526,1.3514,1.35175,2.40,4.40
2010.04.09 14:48:05.873,1.3514,1.35175,2.40,4.00
2010.04.09 14:48:07.206,1.3514,1.35175,2.40,4.50
2010.04.09 14:48:07.387,1.3514,1.35175,2.40,4.40
2010.04.09 14:48:07.935,1.3514,1.35175,2.40,4.00
2010.04.09 14:48:09.551,1.35145,1.3518,2.40,2.40
2010.04.09 14:48:09.831,1.3515,1.35175,1.60,1.00
2010.04.09 14:48:10.115,1.3515,1.3518,1.60,1.00
2010.04.09 14:48:10.396,1.3515,1.35185,2.40,5.60
2010.04.09 14:48:11.981,1.35155,1.35185,1.00,2.40
2010.04.09 14:48:13.318,1.3516,1.3519,1.00,3.20
2010.04.09 14:48:13.643,1.35155,1.3519,1.00,4.00
2010.04.09 14:48:13.975,1.35155,1.3519,1.00,4.40
2010.04.09 14:48:15.101,1.3515,1.35185,2.40,4.00
2010.04.09 14:48:18.710,1.3515,1.35185,4.00,4.00
2010.04.09 14:48:18.998,1.35155,1.3519,2.40,4.00
2010.04.09 14:48:20.164,1.35165,1.35195,1.60,4.00
2010.04.09 14:48:21.072,1.35155,1.3519,2.40,2.40
2010.04.09 14:48:21.272,1.3516,1.3519,1.00,2.40
2010.04.09 14:48:21.472,1.3516,1.3519,1.00,1.00
2010.04.09 14:48:21.574,1.3516,1.35195,2.40,2.40
2010.04.09 14:48:22.272,1.3516,1.35195,2.40,1.60
2010.04.09 14:48:23.289,1.3516,1.35195,2.40,4.80
2010.04.09 14:48:23.629,1.3516,1.35195,2.40,5.60
2010.04.09 14:48:23.969,1.3516,1.35195,2.40,4.00
2010.04.09 14:48:24.787,1.3516,1.35195,2.40,5.60
2010.04.09 14:48:25.477,1.3516,1.35195,2.40,4.00
2010.04.09 14:48:25.863,1.3516,1.35195,4.00,4.00
2010.04.09 14:48:26.010,1.3516,1.3519,1.00,1.60
2010.04.09 14:48:26.164,1.35155,1.3519,4.00,2.40
2010.04.09 14:48:27.000,1.3516,1.3519,1.60,1.00
2010.04.09 14:48:27.482,1.3516,1.35195,2.40,4.50
2010.04.09 14:48:30.709,1.3516,1.35195,2.40,5.30
2010.04.09 14:48:30.867,1.3516,1.35185,1.60,1.60
2010.04.09 14:48:30.928,1.35155,1.35185,2.40,1.60
2010.04.09 14:48:31.187,1.35155,1.3519,2.40,1.60
2010.04.09 14:48:31.247,1.35155,1.35195,2.40,4.00
2010.04.09 14:48:31.307,1.3516,1.35195,1.00,4.00
2010.04.09 14:48:31.416,1.3516,1.35195,2.40,4.00
2010.04.09 14:48:32.886,1.3516,1.35195,2.40,4.40
2010.04.09 14:48:33.057,1.3516,1.35195,1.00,5.40
2010.04.09 14:48:33.229,1.35155,1.3519,2.40,4.50
2010.04.09 14:48:35.346,1.35155,1.3519,2.40,2.90
2010.04.09 14:48:35.496,1.35155,1.35185,1.00,2.10
2010.04.09 14:48:35.804,1.35155,1.3518,1.00,1.00
2010.04.09 14:48:36.662,1.35145,1.3518,2.40,2.40
2010.04.09 14:48:36.917,1.3514,1.35165,2.40,1.60
2010.04.09 14:48:37.222,1.3513,1.35155,1.00,1.60
2010.04.09 14:48:38.102,1.3513,1.35155,1.60,4.00
2010.04.09 14:48:42.214,1.3513,1.35155,1.60,3.20
2010.04.09 14:48:42.969,1.3513,1.3516,1.60,4.00
2010.04.09 14:48:44.478,1.3513,1.35155,2.40,1.00
2010.04.09 14:48:45.215,1.35125,1.35155,1.00,1.00
2010.04.09 14:48:45.524,1.35125,1.3515,1.00,1.00
2010.04.09 14:48:46.737,1.35125,1.35145,1.00,1.00
2010.04.09 14:48:46.947,1.35115,1.35145,1.00,1.00
2010.04.09 14:48:47.157,1.35115,1.3515,1.00,4.70
2010.04.09 14:48:47.723,1.35115,1.35145,1.00,1.00
2010.04.09 14:48:48.629,1.35115,1.3515,1.00,4.70
2010.04.09 14:48:48.888,1.35115,1.35145,1.00,1.00
2010.04.09 14:48:49.145,1.35115,1.3515,1.00,4.70
2010.04.09 14:48:50.857,1.3512,1.3515,1.60,4.00
2010.04.09 14:48:51.155,1.3512,1.3515,2.40,3.20
2010.04.09 14:48:51.223,1.3512,1.35155,2.40,4.30
2010.04.09 14:48:51.851,1.3512,1.35155,1.00,4.30
2010.04.09 14:48:52.186,1.3512,1.35155,1.00,4.70
2010.04.09 14:48:55.301,1.3512,1.35155,4.00,3.10
2010.04.09 14:48:55.369,1.3512,1.3515,2.40,1.00
2010.04.09 14:48:55.478,1.3512,1.3516,2.40,6.40
2010.04.09 14:48:55.532,1.3512,1.3516,2.40,6.30
2010.04.09 14:48:55.585,1.3512,1.3516,2.40,8.00
2010.04.09 14:48:56.280,1.3512,1.3515,1.00,3.20
2010.04.09 14:48:56.625,1.35115,1.3515,2.40,4.40
2010.04.09 14:48:57.549,1.35115,1.35145,1.60,1.00
2010.04.09 14:48:57.896,1.35115,1.35145,2.40,1.00
2010.04.09 14:48:58.117,1.35115,1.3514,1.00,1.00
2010.04.09 14:48:59.203,1.3511,1.3513,1.00,1.00
2010.04.09 14:48:59.546,1.3511,1.35135,1.60,1.00
2010.04.09 14:48:59.893,1.3511,1.35135,1.00,1.00
2010.04.09 14:49:03.748,1.3511,1.35135,2.40,1.00
2010.04.09 14:49:03.871,1.35105,1.3513,2.40,1.00
2010.04.09 14:49:03.996,1.35115,1.3514,1.60,1.00
2010.04.09 14:49:04.124,1.35115,1.35145,1.60,1.50
2010.04.09 14:49:04.950,1.35115,1.35145,2.40,1.00
2010.04.09 14:49:07.560,1.35115,1.3515,2.40,5.70
2010.04.09 14:49:08.184,1.35115,1.35145,2.40,1.00
2010.04.09 14:49:08.256,1.3512,1.3515,1.60,2.40
2010.04.09 14:49:08.328,1.3512,1.35145,1.60,1.00
2010.04.09 14:49:08.399,1.3512,1.35145,2.40,1.00
2010.04.09 14:49:09.875,1.3512,1.35145,1.00,1.00
2010.04.09 14:49:10.779,1.35115,1.3514,1.00,1.00
2010.04.09 14:49:10.899,1.3511,1.3514,2.40,1.00
2010.04.09 14:49:13.397,1.3511,1.35145,2.40,4.70
2010.04.09 14:49:14.705,1.3511,1.35145,2.40,3.10
2010.04.09 14:49:15.060,1.35115,1.35145,2.40,1.00
2010.04.09 14:49:22.194,1.35115,1.3515,2.40,4.70
2010.04.09 14:49:22.288,1.35115,1.3515,2.40,3.10
2010.04.09 14:49:22.377,1.3512,1.3515,1.60,1.50
2010.04.09 14:49:23.072,1.3512,1.3515,1.60,1.00
2010.04.09 14:49:23.319,1.35115,1.3514,1.00,1.00
2010.04.09 14:49:23.609,1.3511,1.3514,1.00,1.00
2010.04.09 14:49:24.295,1.3512,1.3514,1.00,1.00
2010.04.09 14:49:24.637,1.35115,1.35145,2.40,1.00
2010.04.09 14:49:26.630,1.35115,1.35145,1.00,2.40
2010.04.09 14:49:26.767,1.3512,1.3515,1.00,1.00
2010.04.09 14:49:27.418,1.3512,1.3515,1.00,1.00
2010.04.09 14:49:28.066,1.3512,1.3515,1.00,2.10
2010.04.09 14:49:28.279,1.3512,1.35145,1.00,1.00
2010.04.09 14:49:28.491,1.35115,1.35145,2.40,2.00
2010.04.09 14:49:29.287,1.35115,1.3514,2.40,1.00
2010.04.09 14:49:29.639,1.3511,1.3514,2.40,1.00
2010.04.09 14:49:32.043,1.3511,1.3514,6.40,1.00
2010.04.09 14:49:32.144,1.3511,1.3514,2.40,1.00
2010.04.09 14:49:32.343,1.35115,1.3514,2.40,1.00
2010.04.09 14:49:32.442,1.35115,1.35145,2.40,1.00
2010.04.09 14:49:33.728,1.35115,1.35145,2.40,2.00
2010.04.09 14:49:34.077,1.35115,1.3514,2.40,1.00
2010.04.09 14:49:34.292,1.35115,1.3514,1.00,1.00
2010.04.09 14:49:34.504,1.3511,1.3514,2.40,1.00
2010.04.09 14:49:38.039,1.35105,1.3514,4.80,2.80
2010.04.09 14:49:38.346,1.35105,1.35135,4.80,1.00
2010.04.09 14:49:40.951,1.351,1.35135,1.00,2.90
2010.04.09 14:49:41.069,1.351,1.35135,1.00,4.50
2010.04.09 14:49:42.145,1.351,1.3513,1.00,1.00
2010.04.09 14:49:42.734,1.351,1.35135,1.00,4.50
2010.04.09 14:49:43.972,1.351,1.3513,1.00,1.00
2010.04.09 14:49:48.354,1.351,1.3513,2.40,2.10
2010.04.09 14:49:48.417,1.351,1.3513,1.00,2.10
2010.04.09 14:49:49.153,1.35095,1.3513,6.40,2.90
2010.04.09 14:49:49.610,1.35095,1.3513,4.00,2.90
2010.04.09 14:49:49.949,1.35095,1.3513,8.00,2.40
2010.04.09 14:49:51.008,1.351,1.3513,2.40,2.40
2010.04.09 14:49:51.579,1.351,1.3513,1.00,2.40
2010.04.09 14:49:52.272,1.35095,1.3513,1.00,2.90
2010.04.09 14:49:52.604,1.351,1.3513,1.00,2.90
2010.04.09 14:49:55.108,1.35095,1.3513,2.40,2.90
2010.04.09 14:49:57.524,1.35095,1.3513,2.40,2.40
2010.04.09 14:50:00.351,1.35095,1.3513,4.00,2.40
2010.04.09 14:50:00.544,1.351,1.35135,2.40,2.40
2010.04.09 14:50:02.686,1.351,1.35135,2.40,2.50
2010.04.09 14:50:02.948,1.35095,1.35125,1.60,1.00
2010.04.09 14:50:03.207,1.35105,1.35135,1.00,1.00
2010.04.09 14:50:09.486,1.35105,1.35135,1.00,3.70
2010.04.09 14:50:09.824,1.351,1.35135,2.40,4.50
2010.04.09 14:50:12.916,1.35105,1.3514,2.40,4.50
2010.04.09 14:50:13.074,1.35105,1.3514,1.00,4.50
2010.04.09 14:50:13.234,1.351,1.3514,4.00,4.00
2010.04.09 14:50:14.018,1.35105,1.3514,2.40,4.00
2010.04.09 14:50:14.364,1.351,1.35135,2.40,1.00
2010.04.09 14:50:14.704,1.351,1.35135,2.40,1.00
2010.04.09 14:50:15.529,1.35105,1.35135,1.00,1.00
2010.04.09 14:50:16.356,1.35105,1.3513,1.00,1.00
2010.04.09 14:50:16.508,1.351,1.35135,2.40,4.70
2010.04.09 14:50:17.222,1.351,1.35135,2.40,2.90
2010.04.09 14:50:17.496,1.35105,1.35135,1.00,2.90
2010.04.09 14:50:18.057,1.35105,1.35135,1.00,2.40
2010.04.09 14:50:18.335,1.35105,1.35135,1.00,2.90
2010.04.09 14:50:19.546,1.35105,1.3513,1.00,1.00
2010.04.09 14:50:19.831,1.35095,1.3512,1.00,3.20
2010.04.09 14:50:20.110,1.35095,1.3512,1.00,3.70
2010.04.09 14:50:20.731,1.35095,1.35115,1.00,1.60
2010.04.09 14:50:21.006,1.35085,1.35115,1.00,2.40
2010.04.09 14:50:21.562,1.35085,1.3512,1.00,4.50
2010.04.09 14:50:22.392,1.3509,1.3512,1.00,4.50
2010.04.09 14:50:23.336,1.3509,1.35115,1.00,1.60
2010.04.09 14:50:23.411,1.3509,1.35115,1.00,4.80
2010.04.09 14:50:23.491,1.3508,1.35115,2.40,4.00
2010.04.09 14:50:23.577,1.3508,1.35115,2.40,1.00
2010.04.09 14:50:24.325,1.3508,1.3512,2.40,4.50
2010.04.09 14:50:24.678,1.35085,1.3512,2.40,2.90
2010.04.09 14:50:25.024,1.35085,1.3512,2.40,1.30
2010.04.09 14:50:25.942,1.3509,1.3512,1.00,1.00
2010.04.09 14:50:26.623,1.3509,1.35115,1.00,1.60
2010.04.09 14:50:26.724,1.3508,1.35115,1.00,2.40
2010.04.09 14:50:27.545,1.3508,1.35115,2.40,2.40
2010.04.09 14:50:27.832,1.35085,1.35115,1.00,2.40
2010.04.09 14:50:30.577,1.35085,1.35115,1.00,1.00
2010.04.09 14:50:31.168,1.35085,1.3512,1.00,4.50
2010.04.09 14:50:31.449,1.35085,1.3512,2.40,4.50
2010.04.09 14:50:34.468,1.35085,1.3512,3.20,4.50
2010.04.09 14:50:34.792,1.35095,1.3513,2.40,4.50
2010.04.09 14:50:35.815,1.35095,1.3513,2.40,4.00
2010.04.09 14:50:36.057,1.35095,1.35125,1.60,2.40
2010.04.09 14:50:36.171,1.35095,1.35125,1.60,1.00
2010.04.09 14:50:36.290,1.3509,1.35125,4.00,1.00
2010.04.09 14:50:36.397,1.35095,1.3513,1.00,2.40
2010.04.09 14:50:36.991,1.35095,1.35125,1.00,1.00
2010.04.09 14:50:37.437,1.35095,1.3513,1.00,2.40
2010.04.09 14:50:37.776,1.35095,1.3513,1.00,2.40
2010.04.09 14:50:38.413,1.35095,1.35125,1.00,1.60
2010.04.09 14:50:38.709,1.35085,1.35125,4.50,4.50
2010.04.09 14:50:39.447,1.3509,1.35125,1.60,2.90
2010.04.09 14:50:39.745,1.351,1.3513,1.00,2.20
2010.04.09 14:50:40.040,1.351,1.35125,1.00,1.60
2010.04.09 14:50:40.341,1.3509,1.35125,1.00,4.00
2010.04.09 14:50:41.487,1.35085,1.3512,4.00,4.00
2010.04.09 14:50:41.739,1.3508,1.35115,2.40,1.60
2010.04.09 14:50:41.990,1.3508,1.35115,1.00,3.20
2010.04.09 14:50:42.943,1.35085,1.3512,1.00,4.00
2010.04.09 14:50:43.851,1.3509,1.35125,2.40,4.00
2010.04.09 14:50:44.693,1.3509,1.3512,1.00,3.20
2010.04.09 14:50:45.040,1.35085,1.35115,1.00,1.60
2010.04.09 14:50:45.246,1.35085,1.35115,1.00,2.40
2010.04.09 14:50:46.487,1.351,1.35115,1.60,1.60
2010.04.09 14:50:46.665,1.35075,1.35115,1.60,6.10
2010.04.09 14:50:46.839,1.3507,1.3511,6.40,1.60
2010.04.09 14:50:47.006,1.3507,1.3511,6.40,2.40
2010.04.09 14:50:48.088,1.3508,1.35115,1.60,4.00
2010.04.09 14:50:48.436,1.3508,1.35115,2.40,4.00
2010.04.09 14:50:49.459,1.35085,1.35115,4.00,1.00
2010.04.09 14:50:50.222,1.35085,1.3512,4.40,2.40
2010.04.09 14:50:50.448,1.35085,1.3512,2.80,2.40
2010.04.09 14:50:52.662,1.35085,1.3512,4.40,2.40
2010.04.09 14:50:53.002,1.35085,1.3512,2.80,2.40
2010.04.09 14:50:53.685,1.35095,1.3513,2.40,2.40
2010.04.09 14:50:54.024,1.35095,1.3513,2.80,2.40
2010.04.09 14:50:54.734,1.35095,1.3513,8.40,1.00
2010.04.09 14:50:54.968,1.351,1.35135,1.00,2.40
2010.04.09 14:50:57.782,1.351,1.35135,1.20,2.40
2010.04.09 14:51:00.403,1.35105,1.35135,1.60,1.00
2010.04.09 14:51:01.051,1.35105,1.3514,2.40,4.00
2010.04.09 14:51:01.206,1.351,1.35135,2.40,4.10
2010.04.09 14:51:01.312,1.351,1.3513,2.40,1.00
2010.04.09 14:51:02.416,1.3511,1.3514,1.00,1.00
2010.04.09 14:51:04.260,1.3511,1.35145,2.40,2.50
2010.04.09 14:51:04.604,1.35115,1.35145,1.00,1.60
2010.04.09 14:51:04.945,1.3511,1.35145,4.40,2.40
2010.04.09 14:51:06.510,1.3511,1.35145,2.80,2.40
2010.04.09 14:51:07.175,1.3511,1.35145,2.40,2.40
2010.04.09 14:51:07.469,1.35115,1.3514,1.00,1.60
2010.04.09 14:51:07.770,1.3511,1.3514,1.00,2.40
2010.04.09 14:51:09.556,1.35105,1.3514,2.40,4.00
2010.04.09 14:51:10.508,1.35105,1.3514,2.40,2.40
2010.04.09 14:51:10.758,1.35105,1.35145,2.40,4.50
2010.04.09 14:51:11.008,1.35105,1.3514,2.40,1.60
2010.04.09 14:51:11.790,1.35105,1.3514,2.40,2.40
2010.04.09 14:51:12.099,1.3511,1.3514,4.00,2.40
2010.04.09 14:51:12.230,1.35115,1.35145,2.40,1.00
2010.04.09 14:51:12.362,1.35115,1.35145,4.80,1.00
2010.04.09 14:51:12.490,1.3511,1.35145,11.20,1.00
2010.04.09 14:51:13.175,1.3511,1.3514,9.60,1.60
2010.04.09 14:51:13.481,1.3511,1.35145,1.00,4.00
2010.04.09 14:51:13.775,1.3511,1.3514,1.00,2.30
2010.04.09 14:51:15.358,1.35105,1.35135,2.40,2.10
2010.04.09 14:51:15.683,1.35105,1.3514,2.40,4.50
2010.04.09 14:51:17.216,1.35105,1.3514,3.20,4.50
2010.04.09 14:51:17.598,1.35105,1.3514,6.40,2.90
2010.04.09 14:51:18.359,1.35105,1.3514,2.40,2.90
2010.04.09 14:51:18.507,1.35105,1.3514,1.00,4.40
2010.04.09 14:51:18.647,1.351,1.35135,1.00,2.40
2010.04.09 14:51:18.937,1.351,1.35135,1.00,5.60
2010.04.09 14:51:20.415,1.35095,1.3513,2.40,4.50
2010.04.09 14:51:20.880,1.35095,1.3513,2.40,4.00
2010.04.09 14:51:22.782,1.3509,1.3513,2.40,4.70
2010.04.09 14:51:22.928,1.3509,1.35125,2.40,5.60
2010.04.09 14:51:23.068,1.3509,1.3512,2.40,1.00
2010.04.09 14:51:23.784,1.3509,1.35125,2.40,6.40
2010.04.09 14:51:24.135,1.3509,1.35125,2.80,2.40
2010.04.09 14:51:24.483,1.35095,1.35125,2.40,1.00
2010.04.09 14:51:25.416,1.35095,1.3513,2.40,4.90
2010.04.09 14:51:25.765,1.351,1.3513,4.00,4.50
2010.04.09 14:51:26.152,1.351,1.35125,4.00,1.60
2010.04.09 14:51:26.851,1.3509,1.35125,2.40,4.00
2010.04.09 14:51:27.096,1.35095,1.3513,6.40,4.50
2010.04.09 14:51:27.309,1.35095,1.35125,8.80,3.20
2010.04.09 14:51:28.139,1.35095,1.3512,4.80,3.20
2010.04.09 14:51:28.494,1.3509,1.3512,4.80,2.40
2010.04.09 14:51:30.523,1.3509,1.35115,8.00,1.60
2010.04.09 14:51:31.624,1.35085,1.35115,8.80,1.60
2010.04.09 14:51:31.733,1.35085,1.35115,1.00,2.10
2010.04.09 14:51:33.543,1.35085,1.35115,1.00,1.60
2010.04.09 14:51:35.587,1.35085,1.35115,2.40,1.60
2010.04.09 14:51:36.382,1.35085,1.35115,1.00,1.60
2010.04.09 14:51:36.503,1.3508,1.35115,2.40,1.60
2010.04.09 14:51:37.033,1.3508,1.35115,2.40,4.80
2010.04.09 14:51:37.243,1.3508,1.35115,2.40,5.60
2010.04.09 14:51:38.584,1.3508,1.35105,2.40,1.60
2010.04.09 14:51:38.824,1.3508,1.35115,2.40,6.00
2010.04.09 14:51:38.944,1.3508,1.3511,1.00,2.40
2010.04.09 14:51:39.526,1.35075,1.3511,4.40,2.40
2010.04.09 14:51:40.517,1.35085,1.35115,1.00,6.00
2010.04.09 14:51:40.647,1.3508,1.35115,1.00,6.00
2010.04.09 14:51:40.773,1.3508,1.35115,1.20,6.00
2010.04.09 14:51:40.905,1.3508,1.35115,1.20,5.60
2010.04.09 14:51:41.031,1.3508,1.35115,1.00,5.60
2010.04.09 14:51:41.762,1.3508,1.3511,1.00,1.60
2010.04.09 14:51:42.037,1.35075,1.3511,2.40,2.90
2010.04.09 14:51:44.437,1.35075,1.351,1.00,1.00
2010.04.09 14:51:44.708,1.3507,1.35105,2.80,4.00
2010.04.09 14:51:44.971,1.3507,1.35105,2.40,4.70
2010.04.09 14:51:45.513,1.3508,1.35105,1.00,2.40
2010.04.09 14:51:45.844,1.3508,1.3511,1.00,4.00
2010.04.09 14:51:46.783,1.35085,1.3511,2.00,1.00
2010.04.09 14:51:46.913,1.35085,1.35115,2.00,5.60
2010.04.09 14:51:48.059,1.35075,1.351,1.00,2.30
2010.04.09 14:51:48.398,1.35075,1.35105,1.00,1.60
2010.04.09 14:51:49.686,1.35075,1.35105,1.00,5.60
2010.04.09 14:51:50.282,1.35075,1.35105,1.20,5.60
2010.04.09 14:51:50.535,1.3508,1.3511,1.00,2.40
2010.04.09 14:51:50.779,1.3508,1.3511,1.20,2.40
2010.04.09 14:51:51.943,1.3508,1.35115,2.80,4.00
2010.04.09 14:51:52.193,1.3508,1.3511,2.40,1.60
2010.04.09 14:51:55.458,1.3508,1.35115,2.40,5.60
2010.04.09 14:51:56.268,1.3509,1.35115,1.00,3.20
2010.04.09 14:51:56.621,1.35085,1.35115,2.40,3.20
2010.04.09 14:51:57.277,1.35085,1.35115,1.00,4.80
2010.04.09 14:51:57.458,1.3508,1.35115,2.40,5.60
2010.04.09 14:51:58.487,1.3508,1.3511,1.60,2.40
2010.04.09 14:51:58.599,1.3508,1.3511,1.60,1.00
2010.04.09 14:51:58.708,1.3508,1.35115,2.40,4.00
2010.04.09 14:51:59.040,1.35085,1.35115,1.60,2.40
2010.04.09 14:51:59.738,1.35085,1.35115,2.40,1.60
2010.04.09 14:52:01.979,1.35085,1.35115,2.40,3.70
2010.04.09 14:52:02.098,1.35085,1.35115,1.00,3.70
2010.04.09 14:52:02.816,1.35085,1.35115,1.00,4.50
2010.04.09 14:52:02.938,1.3508,1.3511,1.00,2.00
2010.04.09 14:52:03.237,1.35075,1.3511,1.00,4.40
2010.04.09 14:52:05.250,1.3507,1.35105,2.40,5.60
2010.04.09 14:52:05.532,1.3507,1.35105,2.80,1.60
2010.04.09 14:52:05.699,1.35075,1.35105,1.00,1.60
2010.04.09 14:52:05.868,1.35075,1.3511,1.00,8.00
2010.04.09 14:52:07.156,1.35075,1.3511,1.00,4.00
2010.04.09 14:52:07.330,1.35075,1.3511,1.20,4.00
2010.04.09 14:52:07.915,1.35075,1.3511,2.80,4.00
2010.04.09 14:52:08.256,1.35075,1.35115,2.80,5.60
2010.04.09 14:52:09.262,1.3508,1.35115,2.80,4.00
2010.04.09 14:52:10.388,1.3508,1.35115,2.40,8.00
2010.04.09 14:52:11.288,1.3508,1.35115,4.40,4.00
2010.04.09 14:52:11.550,1.3508,1.35115,4.60,4.00
2010.04.09 14:52:12.323,1.3509,1.35115,1.60,2.40
2010.04.09 14:52:12.674,1.35095,1.3513,1.20,4.00
2010.04.09 14:52:13.021,1.351,1.3513,2.40,4.00
2010.04.09 14:52:13.649,1.351,1.3513,2.40,2.40
2010.04.09 14:52:13.932,1.35095,1.3513,2.80,2.40
2010.04.09 14:52:14.215,1.35105,1.35135,1.00,4.80
2010.04.09 14:52:14.481,1.351,1.35135,1.20,5.60
2010.04.09 14:52:15.453,1.35095,1.3513,1.00,4.00
2010.04.09 14:52:15.799,1.351,1.3513,1.60,2.40
2010.04.09 14:52:16.730,1.351,1.3513,2.00,1.00
2010.04.09 14:52:17.048,1.3511,1.35145,1.60,11.00
2010.04.09 14:52:17.371,1.3511,1.35145,1.20,4.00
2010.04.09 14:52:18.388,1.35115,1.3514,1.00,1.00
2010.04.09 14:52:18.676,1.35115,1.35145,2.00,1.60
2010.04.09 14:52:18.965,1.35105,1.35145,6.90,5.60
2010.04.09 14:52:19.967,1.3512,1.35155,2.10,1.00
2010.04.09 14:52:20.321,1.3512,1.3516,2.10,5.60
2010.04.09 14:52:21.034,1.3512,1.3516,2.80,5.60
2010.04.09 14:52:21.356,1.3513,1.35155,1.00,1.00
2010.04.09 14:52:21.690,1.3514,1.3516,1.60,1.00
2010.04.09 14:52:22.016,1.3513,1.3516,2.90,1.60
2010.04.09 14:52:22.970,1.3512,1.35155,6.90,4.00
2010.04.09 14:52:23.314,1.3512,1.35155,2.90,4.00
2010.04.09 14:52:23.543,1.3512,1.35155,2.90,5.60
2010.04.09 14:52:24.472,1.35125,1.35165,8.40,5.60
2010.04.09 14:52:24.789,1.3513,1.35165,1.00,5.60
2010.04.09 14:52:26.145,1.3513,1.35165,10.40,5.60
2010.04.09 14:52:26.394,1.3513,1.3516,4.00,2.40
2010.04.09 14:52:26.581,1.35125,1.3516,2.90,2.40
2010.04.09 14:52:28.001,1.35125,1.3516,1.00,4.00
2010.04.09 14:52:29.714,1.35125,1.35155,1.30,1.60
2010.04.09 14:52:30.062,1.35125,1.35155,2.90,1.60
2010.04.09 14:52:30.403,1.35125,1.35155,1.00,4.80
2010.04.09 14:52:31.375,1.3513,1.35165,2.80,1.60
2010.04.09 14:52:31.713,1.3513,1.35165,2.40,4.80
2010.04.09 14:52:31.944,1.3513,1.35165,2.80,5.60
2010.04.09 14:52:35.039,1.3513,1.35165,4.40,5.60
2010.04.09 14:52:35.928,1.3514,1.35165,1.60,4.00
2010.04.09 14:52:36.089,1.3514,1.35165,1.60,2.40
2010.04.09 14:52:36.251,1.3514,1.35165,1.60,1.00
2010.04.09 14:52:36.929,1.3514,1.35165,3.20,1.00
2010.04.09 14:52:37.244,1.3514,1.35175,4.40,5.60
2010.04.09 14:52:38.491,1.3514,1.35175,4.50,5.60
2010.04.09 14:52:39.347,1.3514,1.35175,4.40,5.60
2010.04.09 14:52:39.594,1.3514,1.3516,1.20,1.60
2010.04.09 14:52:39.844,1.35135,1.3516,4.00,4.00
2010.04.09 14:52:40.713,1.35125,1.3516,2.40,4.00
2010.04.09 14:52:41.065,1.35125,1.35155,1.00,3.20
2010.04.09 14:52:41.410,1.3512,1.35155,2.40,4.00
2010.04.09 14:52:42.451,1.3513,1.35165,1.00,5.60
2010.04.09 14:52:42.789,1.3513,1.35165,1.00,6.00
2010.04.09 14:52:43.010,1.3513,1.35165,1.20,5.60
2010.04.09 14:52:43.841,1.3513,1.35165,2.80,5.60
2010.04.09 14:52:44.079,1.3513,1.35165,2.40,5.60
2010.04.09 14:52:44.311,1.3513,1.35155,1.00,1.60
2010.04.09 14:52:45.169,1.35115,1.3515,1.00,1.60
2010.04.09 14:52:45.516,1.3513,1.3515,1.60,2.40
2010.04.09 14:52:45.861,1.3513,1.35165,1.60,5.60
2010.04.09 14:52:46.211,1.35125,1.35165,1.30,5.60
2010.04.09 14:52:48.168,1.35135,1.35165,2.10,5.60
2010.04.09 14:52:48.431,1.3513,1.35165,1.30,5.60
2010.04.09 14:52:49.263,1.3514,1.3517,2.10,1.00
2010.04.09 14:52:49.610,1.3514,1.35175,1.30,5.60
2010.04.09 14:52:49.963,1.3514,1.35165,2.10,2.40
2010.04.09 14:52:50.703,1.3514,1.35165,2.10,4.00
2010.04.09 14:52:51.139,1.3514,1.35165,2.10,2.40
2010.04.09 14:52:51.361,1.3515,1.35175,2.10,4.00
2010.04.09 14:52:52.076,1.3515,1.35175,1.60,4.00
2010.04.09 14:52:52.354,1.3515,1.35175,2.10,1.00
2010.04.09 14:52:52.630,1.3515,1.35175,1.00,4.80
2010.04.09 14:52:53.440,1.3514,1.35175,6.10,5.60
2010.04.09 14:52:53.781,1.35135,1.35165,2.40,3.70
2010.04.09 14:52:54.123,1.3513,1.3516,1.20,2.40
2010.04.09 14:52:54.465,1.35135,1.3516,2.10,2.40
2010.04.09 14:52:56.090,1.3513,1.3516,8.80,2.40
2010.04.09 14:52:56.286,1.3514,1.35165,1.00,3.20
2010.04.09 14:52:56.468,1.3513,1.35165,2.40,4.00
2010.04.09 14:52:58.174,1.3513,1.35165,1.00,5.60
2010.04.09 14:52:58.594,1.35125,1.35165,2.40,5.60
2010.04.09 14:52:58.933,1.35125,1.3516,2.40,2.40
2010.04.09 14:53:00.363,1.3513,1.3516,1.60,2.40
2010.04.09 14:53:00.624,1.35135,1.35165,1.00,1.60
2010.04.09 14:53:02.233,1.3514,1.3517,1.60,2.40
2010.04.09 14:53:02.384,1.3514,1.35175,2.40,4.00
2010.04.09 14:53:03.763,1.3514,1.35175,2.40,2.40
2010.04.09 14:53:03.798,1.3514,1.35175,2.40,1.60
2010.04.09 14:53:04.609,1.35145,1.35175,2.40,1.60
2010.04.09 14:53:05.255,1.3515,1.3518,1.60,1.00
2010.04.09 14:53:05.596,1.35155,1.35185,1.00,6.10
2010.04.09 14:53:06.252,1.35155,1.35185,1.00,7.70
2010.04.09 14:53:06.439,1.3515,1.35185,1.00,7.70
2010.04.09 14:53:09.501,1.3515,1.35175,1.00,1.60
2010.04.09 14:53:09.841,1.3515,1.35185,1.00,7.70
2010.04.09 14:53:10.935,1.3515,1.35185,2.90,5.60
2010.04.09 14:53:11.103,1.3515,1.35185,2.40,6.10
2010.04.09 14:53:13.209,1.3515,1.3517,2.40,1.00
2010.04.09 14:53:13.369,1.3515,1.3517,1.00,1.60
2010.04.09 14:53:14.073,1.3515,1.3517,1.00,2.10
2010.04.09 14:53:14.417,1.35135,1.35165,2.40,1.60
2010.04.09 14:53:16.410,1.35135,1.3516,2.40,1.00
2010.04.09 14:53:16.449,1.35135,1.35155,1.60,1.00
2010.04.09 14:53:16.497,1.35135,1.35155,1.60,4.00
2010.04.09 14:53:16.545,1.3512,1.35155,2.80,4.50
2010.04.09 14:53:17.235,1.3512,1.35155,1.00,7.70
2010.04.09 14:53:19.908,1.3512,1.35155,1.00,7.90
2010.04.09 14:53:20.129,1.35115,1.3515,2.40,4.50
2010.04.09 14:53:20.571,1.3513,1.3515,1.60,1.00
2010.04.09 14:53:21.456,1.3513,1.35165,2.90,5.60
2010.04.09 14:53:23.165,1.3513,1.35155,1.30,4.80
2010.04.09 14:53:23.403,1.3512,1.3515,1.00,1.60
2010.04.09 14:53:24.233,1.35115,1.3515,1.60,2.80
2010.04.09 14:53:24.576,1.35125,1.35135,1.60,1.60
2010.04.09 14:53:25.382,1.35125,1.3515,1.60,1.00
2010.04.09 14:53:25.715,1.3513,1.35165,4.50,4.00
2010.04.09 14:53:26.631,1.35135,1.35165,1.00,4.00
2010.04.09 14:53:26.964,1.35135,1.3515,2.40,1.60
2010.04.09 14:53:27.283,1.3514,1.3517,1.00,1.60
2010.04.09 14:53:28.225,1.3513,1.3516,1.00,1.60
2010.04.09 14:53:28.570,1.3513,1.3516,1.00,1.60
2010.04.09 14:53:28.912,1.3513,1.3516,1.00,2.40
2010.04.09 14:53:29.578,1.35125,1.3516,2.40,2.40
2010.04.09 14:53:29.925,1.3512,1.35155,2.80,3.20
2010.04.09 14:53:30.241,1.3512,1.35155,1.00,5.60
2010.04.09 14:53:31.184,1.3512,1.35155,1.60,4.40
2010.04.09 14:53:31.425,1.3512,1.35155,2.40,4.00
2010.04.09 14:53:32.262,1.35125,1.35155,1.60,1.00
2010.04.09 14:53:32.459,1.3513,1.35165,2.40,5.60
2010.04.09 14:53:32.656,1.3513,1.35165,2.40,6.00
2010.04.09 14:53:33.058,1.3513,1.35165,2.40,4.40
2010.04.09 14:53:33.803,1.3513,1.35165,1.00,7.60
2010.04.09 14:53:35.996,1.35125,1.3516,1.00,4.40
2010.04.09 14:53:36.872,1.3512,1.3516,4.50,4.40
2010.04.09 14:53:36.988,1.35125,1.35155,1.00,3.20
2010.04.09 14:53:37.334,1.3512,1.35155,2.90,4.00
2010.04.09 14:53:38.017,1.3512,1.35155,2.40,4.00
2010.04.09 14:53:38.861,1.3512,1.35155,2.90,2.40
2010.04.09 14:53:39.083,1.3513,1.3516,1.00,1.00
2010.04.09 14:53:39.431,1.35125,1.35155,1.00,1.60
2010.04.09 14:53:40.372,1.35115,1.35155,2.40,5.60
2010.04.09 14:53:45.561,1.35115,1.3515,2.40,2.40
2010.04.09 14:53:50.611,1.35115,1.3515,1.00,2.40
2010.04.09 14:53:51.031,1.3512,1.3515,1.00,2.40
2010.04.09 14:53:52.316,1.3512,1.3515,1.00,1.60
2010.04.09 14:53:52.420,1.3512,1.35155,1.00,5.60
2010.04.09 14:53:53.812,1.3512,1.3515,1.00,2.40
2010.04.09 14:53:54.749,1.3511,1.35145,2.40,4.00
2010.04.09 14:53:55.655,1.3512,1.35155,2.40,4.00
2010.04.09 14:53:56.516,1.3512,1.35155,2.80,4.00
2010.04.09 14:53:56.760,1.35135,1.35165,1.60,2.40
2010.04.09 14:53:57.032,1.35125,1.35165,2.40,2.90
2010.04.09 14:53:57.970,1.3513,1.3516,1.00,1.60
2010.04.09 14:53:58.478,1.35125,1.3516,2.40,2.40
2010.04.09 14:53:59.283,1.3513,1.3516,2.10,2.40
2010.04.09 14:53:59.617,1.35135,1.3517,1.00,4.00
2010.04.09 14:53:59.947,1.3513,1.3516,1.00,2.40
2010.04.09 14:54:01.007,1.3512,1.3516,2.40,4.40
2010.04.09 14:54:02.582,1.3512,1.35155,2.40,4.00
2010.04.09 14:54:04.883,1.35125,1.3516,2.40,4.40
2010.04.09 14:54:05.149,1.3512,1.35155,2.80,2.40
2010.04.09 14:54:05.671,1.35125,1.35155,1.00,1.00
2010.04.09 14:54:06.652,1.35115,1.3515,2.40,2.40
2010.04.09 14:54:09.447,1.35115,1.3515,2.80,2.40
2010.04.09 14:54:09.937,1.35125,1.3516,2.40,4.40
2010.04.09 14:54:10.279,1.35125,1.3516,2.40,4.00
2010.04.09 14:54:11.659,1.35125,1.3516,2.40,4.10
2010.04.09 14:54:11.838,1.35125,1.3516,2.40,4.40
2010.04.09 14:54:13.010,1.3512,1.35155,1.00,3.60
2010.04.09 14:54:13.130,1.3512,1.35155,1.00,5.20
2010.04.09 14:54:13.596,1.3512,1.35155,1.00,6.00
2010.04.09 14:54:14.211,1.3512,1.35155,1.00,7.60
2010.04.09 14:54:14.591,1.3512,1.35155,4.40,2.40
2010.04.09 14:54:14.931,1.3512,1.35155,2.80,4.00
2010.04.09 14:54:16.515,1.35125,1.3516,1.00,4.00
2010.04.09 14:54:17.558,1.35125,1.3516,1.20,4.00
2010.04.09 14:54:17.864,1.3513,1.35165,4.40,2.40
2010.04.09 14:54:18.159,1.3513,1.35165,2.80,2.40
2010.04.09 14:54:18.459,1.3513,1.35165,2.40,2.40
2010.04.09 14:54:20.096,1.3513,1.35165,4.40,2.40
2010.04.09 14:54:21.409,1.3513,1.35165,4.40,4.00
2010.04.09 14:54:23.735,1.3513,1.35165,4.60,4.00
2010.04.09 14:54:23.816,1.3514,1.35165,1.60,2.40
2010.04.09 14:54:24.516,1.35145,1.35165,1.00,1.00
2010.04.09 14:54:24.590,1.35145,1.35175,1.00,1.60
2010.04.09 14:54:24.941,1.35145,1.3517,1.00,2.00
2010.04.09 14:54:25.870,1.3514,1.3517,1.00,1.60
2010.04.09 14:54:26.121,1.35145,1.3518,2.40,1.20
2010.04.09 14:54:26.355,1.3515,1.35185,1.00,4.40
2010.04.09 14:54:26.584,1.3515,1.35185,1.00,4.00
2010.04.09 14:54:26.811,1.3515,1.35185,1.00,5.60
2010.04.09 14:54:27.985,1.35145,1.3518,1.00,4.00
2010.04.09 14:54:29.149,1.35145,1.3518,1.60,1.00
2010.04.09 14:54:29.393,1.35145,1.3518,2.40,4.00
2010.04.09 14:54:31.461,1.35145,1.3518,6.40,4.00
2010.04.09 14:54:31.572,1.35145,1.3518,6.40,2.40
2010.04.09 14:54:32.334,1.3515,1.35185,1.00,4.00
2010.04.09 14:54:32.955,1.3515,1.35185,4.80,4.00
2010.04.09 14:54:33.885,1.35145,1.3518,6.40,4.00
2010.04.09 14:54:34.137,1.35155,1.3518,1.00,1.00
2010.04.09 14:54:34.394,1.35155,1.3519,1.00,4.00
2010.04.09 14:54:34.645,1.35155,1.35185,1.00,1.60
2010.04.09 14:54:35.764,1.3515,1.35185,2.90,4.00
2010.04.09 14:54:36.919,1.3515,1.35185,4.50,4.00
2010.04.09 14:54:37.109,1.3515,1.35185,2.90,4.00
2010.04.09 14:54:37.301,1.3515,1.35185,8.50,4.00
2010.04.09 14:54:38.075,1.3515,1.35185,2.40,7.70
2010.04.09 14:54:38.618,1.3515,1.35185,2.40,6.10
2010.04.09 14:54:38.809,1.3515,1.35185,2.40,4.50
2010.04.09 14:54:39.003,1.35155,1.35185,1.00,2.10
2010.04.09 14:54:39.893,1.35155,1.35185,1.60,1.00
2010.04.09 14:54:40.249,1.35155,1.3519,2.40,2.00
2010.04.09 14:54:41.272,1.35155,1.3519,2.40,6.80
2010.04.09 14:54:41.569,1.3515,1.35185,1.00,4.00
2010.04.09 14:54:42.299,1.35145,1.35185,2.40,6.00
2010.04.09 14:54:42.378,1.3514,1.35175,6.40,4.00
2010.04.09 14:54:42.451,1.3514,1.35175,4.80,4.00
2010.04.09 14:54:42.519,1.3514,1.35175,1.00,4.00
2010.04.09 14:54:42.608,1.3514,1.35175,1.00,4.40
2010.04.09 14:54:42.682,1.3514,1.35175,1.00,5.20
2010.04.09 14:54:43.385,1.3514,1.3517,1.00,1.00
2010.04.09 14:54:43.733,1.35135,1.3517,1.00,4.40
2010.04.09 14:54:44.084,1.3514,1.3517,1.00,2.40
2010.04.09 14:54:45.036,1.3514,1.35175,1.00,2.80
2010.04.09 14:54:45.387,1.35145,1.3518,1.00,4.40
2010.04.09 14:54:45.633,1.35145,1.3518,1.00,2.40
2010.04.09 14:54:45.872,1.35145,1.35175,1.00,1.00
2010.04.09 14:54:46.766,1.35145,1.3518,2.40,2.40
2010.04.09 14:54:47.003,1.35145,1.3518,2.90,1.00
2010.04.09 14:54:47.244,1.3515,1.35185,2.40,5.60
2010.04.09 14:54:47.878,1.3515,1.35185,2.40,6.00
2010.04.09 14:54:48.226,1.35145,1.35175,1.00,1.00
2010.04.09 14:54:48.572,1.35145,1.3518,1.00,6.10
2010.04.09 14:54:48.911,1.35145,1.3518,2.40,4.50
2010.04.09 14:54:49.903,1.3514,1.35175,1.00,3.20
2010.04.09 14:54:50.130,1.3514,1.35175,1.00,4.00
2010.04.09 14:54:50.358,1.3514,1.35175,1.00,4.40
2010.04.09 14:54:50.588,1.3514,1.35175,2.40,2.40
2010.04.09 14:54:51.248,1.35145,1.35175,1.00,2.40
2010.04.09 14:54:51.483,1.3514,1.35175,2.80,4.00
2010.04.09 14:54:51.686,1.3514,1.35175,2.80,1.00
2010.04.09 14:54:51.896,1.35145,1.3518,1.60,4.00
2010.04.09 14:54:52.107,1.35145,1.3518,2.40,4.00
2010.04.09 14:54:52.818,1.35145,1.35175,1.00,1.60
2010.04.09 14:54:53.600,1.3514,1.35175,2.40,2.40
2010.04.09 14:54:53.959,1.3514,1.3517,1.00,2.40
2010.04.09 14:54:55.271,1.3514,1.35175,2.40,4.00
2010.04.09 14:54:55.966,1.3514,1.35175,4.00,1.00
2010.04.09 14:54:56.632,1.3514,1.35175,8.00,1.00
2010.04.09 14:54:56.972,1.35145,1.35185,6.80,4.00
2010.04.09 14:54:57.266,1.35145,1.35185,2.80,4.00
2010.04.09 14:54:57.566,1.3515,1.35185,1.00,4.00
2010.04.09 14:54:59.031,1.3515,1.3519,2.80,4.00
2010.04.09 14:55:00.366,1.3515,1.35185,4.40,3.20
2010.04.09 14:55:00.709,1.3515,1.35185,4.50,4.00
2010.04.09 14:55:00.908,1.35155,1.3519,2.40,4.40
2010.04.09 14:55:01.109,1.35155,1.3519,1.00,4.00
2010.04.09 14:55:01.948,1.3516,1.35185,1.60,1.60
2010.04.09 14:55:02.183,1.35155,1.35185,1.00,2.40
2010.04.09 14:55:02.409,1.35155,1.3519,1.30,4.40
2010.04.09 14:55:02.639,1.3516,1.3519,2.10,4.00
2010.04.09 14:55:03.757,1.3516,1.35185,1.00,1.60
2010.04.09 14:55:04.057,1.3515,1.35185,1.20,2.40
2010.04.09 14:55:04.960,1.35155,1.3519,2.80,4.00
2010.04.09 14:55:05.307,1.3516,1.3519,1.60,1.00
2010.04.09 14:55:05.657,1.35155,1.35195,3.10,4.40
2010.04.09 14:55:06.313,1.35155,1.3519,2.40,1.00
2010.04.09 14:55:06.650,1.3516,1.3519,1.00,1.00
2010.04.09 14:55:06.994,1.3516,1.3519,1.00,2.40
2010.04.09 14:55:07.225,1.35155,1.3519,2.40,2.40
2010.04.09 14:55:09.607,1.35155,1.3519,2.40,4.40
2010.04.09 14:55:10.409,1.3516,1.3519,2.00,2.80
2010.04.09 14:55:10.605,1.3516,1.3519,2.80,1.00
2010.04.09 14:55:10.802,1.3516,1.35195,1.00,4.00
2010.04.09 14:55:12.022,1.3516,1.3519,1.00,2.40
2010.04.09 14:55:12.355,1.35155,1.35185,1.00,2.40
2010.04.09 14:55:13.491,1.35155,1.3518,1.00,1.60
2010.04.09 14:55:13.572,1.35145,1.3518,10.40,2.40
2010.04.09 14:55:13.737,1.35145,1.3518,6.40,2.40
2010.04.09 14:55:14.685,1.3515,1.3518,1.60,4.00
2010.04.09 14:55:15.031,1.3515,1.35185,2.40,4.00
2010.04.09 14:55:16.332,1.35165,1.35185,1.00,3.20
2010.04.09 14:55:16.925,1.3515,1.3518,1.00,3.20
2010.04.09 14:55:16.995,1.35145,1.3518,2.40,4.70
2010.04.09 14:55:17.774,1.35145,1.3518,2.40,4.00
2010.04.09 14:55:18.572,1.35145,1.3518,2.40,1.00
2010.04.09 14:55:19.498,1.3515,1.35185,1.00,6.30
2010.04.09 14:55:20.162,1.35145,1.3518,2.40,1.00
2010.04.09 14:55:20.504,1.35145,1.3518,1.00,4.70
2010.04.09 14:55:21.684,1.35145,1.3518,1.00,4.40
2010.04.09 14:55:22.162,1.35145,1.35175,1.00,2.30
2010.04.09 14:55:22.273,1.3514,1.35175,4.10,4.40
2010.04.09 14:55:23.015,1.35145,1.35175,1.60,1.00
2010.04.09 14:55:23.359,1.35145,1.3518,2.40,4.00
2010.04.09 14:55:26.379,1.35145,1.3518,2.50,4.00
2010.04.09 14:55:27.344,1.3515,1.35185,1.00,6.30
2010.04.09 14:55:27.952,1.3515,1.35175,1.00,1.60
2010.04.09 14:55:28.940,1.35135,1.3517,1.00,3.10
2010.04.09 14:55:29.162,1.3514,1.3517,1.60,1.50
2010.04.09 14:55:30.085,1.35145,1.3518,1.00,2.40
2010.04.09 14:55:30.771,1.35145,1.35175,1.00,1.60
2010.04.09 14:55:31.481,1.35145,1.35175,2.40,2.40
2010.04.09 14:55:31.762,1.35145,1.3517,1.00,1.00
2010.04.09 14:55:32.320,1.3514,1.3517,1.00,1.00
2010.04.09 14:55:33.147,1.3514,1.3517,2.40,1.00
2010.04.09 14:55:33.434,1.3514,1.35175,2.40,1.60
2010.04.09 14:55:35.561,1.3514,1.35175,1.00,5.50
2010.04.09 14:55:35.742,1.3514,1.3517,1.00,1.00
2010.04.09 14:55:38.068,1.35135,1.3517,2.40,1.00
2010.04.09 14:55:38.823,1.35135,1.35175,2.40,6.30
2010.04.09 14:55:38.994,1.3514,1.35175,2.40,4.00
2010.04.09 14:55:39.156,1.3514,1.35175,2.40,6.30
2010.04.09 14:55:40.878,1.3514,1.35175,1.00,6.30
2010.04.09 14:55:43.529,1.3514,1.3517,1.00,1.00
2010.04.09 14:55:45.328,1.3514,1.35175,2.40,5.60
2010.04.09 14:55:45.682,1.3514,1.3517,1.00,1.00
2010.04.09 14:55:46.611,1.3514,1.3517,1.00,2.30
2010.04.09 14:55:46.965,1.3514,1.3517,1.00,4.80
2010.04.09 14:55:47.104,1.3513,1.35165,2.40,4.70
2010.04.09 14:55:47.383,1.3513,1.35165,2.40,6.30
2010.04.09 14:55:48.470,1.35135,1.35165,1.00,2.30
2010.04.09 14:55:48.750,1.35135,1.3516,1.00,1.00
2010.04.09 14:55:49.029,1.35135,1.35155,1.00,1.00
2010.04.09 14:55:50.045,1.35135,1.3517,2.40,2.40
2010.04.09 14:55:51.305,1.35135,1.35165,2.40,3.90
2010.04.09 14:55:52.025,1.35135,1.35165,1.00,3.90
2010.04.09 14:55:52.118,1.35125,1.35155,1.00,1.00
2010.04.09 14:55:52.484,1.35125,1.35155,2.40,1.00
2010.04.09 14:55:52.570,1.35125,1.3516,2.40,2.80
2010.04.09 14:55:52.662,1.3513,1.3516,1.00,2.80
2010.04.09 14:55:53.352,1.35125,1.35155,1.00,3.10
2010.04.09 14:55:53.696,1.3512,1.35145,1.00,1.00
2010.04.09 14:55:54.045,1.35115,1.35145,2.40,1.00
2010.04.09 14:55:54.396,1.3512,1.35145,3.20,1.00
2010.04.09 14:55:55.116,1.3512,1.35155,4.00,3.10
2010.04.09 14:55:55.448,1.35125,1.3516,2.40,3.10
2010.04.09 14:55:56.802,1.35125,1.35155,1.00,3.20
2010.04.09 14:55:56.988,1.35125,1.3516,1.00,4.70
2010.04.09 14:55:57.172,1.3513,1.3516,1.60,2.40
2010.04.09 14:55:57.352,1.3513,1.3516,1.60,1.00
2010.04.09 14:55:57.533,1.3513,1.3516,2.40,1.00
2010.04.09 14:55:58.496,1.35125,1.35155,2.40,1.00
2010.04.09 14:56:01.219,1.35125,1.35155,1.00,1.00
2010.04.09 14:56:02.710,1.35125,1.35155,1.00,2.30
2010.04.09 14:56:02.757,1.35125,1.3515,1.00,1.00
2010.04.09 14:56:02.813,1.3512,1.3515,1.00,1.00
2010.04.09 14:56:03.525,1.3512,1.35145,1.00,3.20
2010.04.09 14:56:03.878,1.3511,1.3514,1.00,3.90
2010.04.09 14:56:04.845,1.35105,1.3514,2.40,1.00
2010.04.09 14:56:05.193,1.3511,1.3514,1.00,1.00
2010.04.09 14:56:05.542,1.3511,1.35135,1.00,1.60
2010.04.09 14:56:07.196,1.3511,1.3514,1.00,1.00
2010.04.09 14:56:08.189,1.3511,1.35145,1.00,6.30
2010.04.09 14:56:08.537,1.3511,1.35145,2.40,4.70
2010.04.09 14:56:10.446,1.3511,1.35145,1.00,4.70
2010.04.09 14:56:10.600,1.3511,1.35145,2.40,4.00
2010.04.09 14:56:10.750,1.3511,1.35145,2.40,4.10
2010.04.09 14:56:10.900,1.3511,1.3514,1.00,1.00
2010.04.09 14:56:11.679,1.3511,1.3514,1.00,2.30
2010.04.09 14:56:11.831,1.3511,1.3514,1.00,3.10
2010.04.09 14:56:12.734,1.35105,1.35135,1.00,2.30
2010.04.09 14:56:13.981,1.351,1.3514,2.40,4.70
2010.04.09 14:56:14.271,1.351,1.35135,1.00,1.00
2010.04.09 14:56:14.984,1.351,1.35125,1.00,1.00
2010.04.09 14:56:15.321,1.3509,1.3512,1.60,1.50
2010.04.09 14:56:16.481,1.3509,1.3512,1.60,1.00
2010.04.09 14:56:16.775,1.35095,1.35125,1.60,1.20
2010.04.09 14:56:17.069,1.35095,1.35125,2.40,1.00
2010.04.09 14:56:17.923,1.3509,1.3513,2.40,4.40
2010.04.09 14:56:18.220,1.35095,1.3513,1.60,4.70
2010.04.09 14:56:19.724,1.35095,1.3513,3.20,3.10
2010.04.09 14:56:20.078,1.351,1.3513,1.00,2.40
2010.04.09 14:56:20.370,1.35095,1.3513,2.40,4.70
2010.04.09 14:56:21.263,1.35095,1.3513,2.40,4.00
2010.04.09 14:56:21.715,1.35095,1.3513,2.40,4.70
2010.04.09 14:56:23.580,1.35095,1.3513,1.00,4.00
2010.04.09 14:56:23.768,1.3509,1.35125,2.40,3.10
2010.04.09 14:56:24.884,1.35095,1.35125,1.00,3.10
2010.04.09 14:56:25.572,1.3509,1.3512,1.00,1.00
2010.04.09 14:56:25.918,1.35085,1.3512,4.00,1.00
2010.04.09 14:56:26.688,1.35085,1.35115,2.40,1.00
2010.04.09 14:56:27.002,1.3508,1.3511,2.40,1.00
2010.04.09 14:56:27.187,1.3508,1.35105,1.00,1.00
2010.04.09 14:56:27.983,1.3508,1.3511,1.00,3.90
2010.04.09 14:56:28.331,1.35075,1.351,1.00,2.30
2010.04.09 14:56:29.304,1.35075,1.35105,1.00,1.50
2010.04.09 14:56:29.627,1.3507,1.351,2.40,1.00
2010.04.09 14:56:29.957,1.3507,1.35095,2.40,1.60
2010.04.09 14:56:30.634,1.3507,1.351,2.40,1.00
2010.04.09 14:56:30.972,1.35065,1.351,4.80,3.10
2010.04.09 14:56:32.037,1.35065,1.351,8.00,3.10
2010.04.09 14:56:32.295,1.35065,1.351,1.60,4.70
2010.04.09 14:56:32.556,1.35075,1.351,1.60,1.00
2010.04.09 14:56:32.814,1.35075,1.35105,1.00,2.30
2010.04.09 14:56:33.667,1.35065,1.351,2.40,2.40
2010.04.09 14:56:33.986,1.3507,1.351,1.00,4.70
2010.04.09 14:56:35.684,1.35075,1.3511,2.40,1.50
2010.04.09 14:56:35.957,1.35075,1.3511,2.40,2.30
2010.04.09 14:56:36.833,1.35075,1.35105,1.00,1.00
2010.04.09 14:56:37.158,1.3507,1.351,2.40,1.00
2010.04.09 14:56:38.018,1.35075,1.3511,1.60,1.00
2010.04.09 14:56:38.318,1.3508,1.35115,4.80,1.00
2010.04.09 14:56:38.616,1.35085,1.3512,1.00,1.60
2010.04.09 14:56:39.529,1.35085,1.35125,1.00,4.70
2010.04.09 14:56:39.871,1.35085,1.35125,1.00,1.50
2010.04.09 14:56:40.213,1.35085,1.35125,1.20,2.30
2010.04.09 14:56:40.844,1.35085,1.35125,1.20,1.00
2010.04.09 14:56:41.126,1.3509,1.3513,1.00,4.70
2010.04.09 14:56:41.660,1.35085,1.35125,9.00,1.60
2010.04.09 14:56:41.932,1.35085,1.35125,1.20,3.90
2010.04.09 14:56:42.568,1.35085,1.35125,1.20,4.70
2010.04.09 14:56:42.919,1.35085,1.3512,8.40,2.50
2010.04.09 14:56:43.203,1.3508,1.3512,6.00,3.10
2010.04.09 14:56:44.077,1.35095,1.35125,1.00,4.10
2010.04.09 14:56:44.230,1.35095,1.3513,1.00,4.00
2010.04.09 14:56:44.539,1.351,1.3513,1.60,4.00
2010.04.09 14:56:44.700,1.35095,1.3513,1.00,4.00
2010.04.09 14:56:45.366,1.351,1.3513,2.00,4.00
2010.04.09 14:56:46.397,1.35095,1.35125,1.00,3.90
2010.04.09 14:56:46.573,1.3509,1.35125,2.80,4.70
2010.04.09 14:56:47.366,1.3509,1.35125,2.00,3.10
2010.04.09 14:56:47.682,1.35085,1.35125,1.20,5.50
2010.04.09 14:56:48.004,1.35085,1.3512,1.20,1.00
2010.04.09 14:56:48.629,1.35085,1.3512,1.00,1.60
2010.04.09 14:56:48.888,1.3508,1.35105,1.00,1.00
2010.04.09 14:56:49.153,1.3507,1.3511,1.00,4.70
2010.04.09 14:56:49.844,1.3507,1.3511,1.00,2.40
2010.04.09 14:56:50.195,1.35055,1.35095,5.20,4.30
2010.04.09 14:56:50.541,1.35065,1.35095,1.00,4.50
2010.04.09 14:56:51.548,1.35055,1.3509,1.00,2.40
2010.04.09 14:56:51.877,1.3505,1.3509,5.00,1.00
2010.04.09 14:56:52.294,1.35055,1.3509,1.00,1.00
2010.04.09 14:56:52.882,1.35055,1.3509,4.40,1.00
2010.04.09 14:56:53.166,1.35065,1.35105,1.00,5.60
2010.04.09 14:56:54.410,1.3507,1.35105,6.00,6.50
2010.04.09 14:56:54.630,1.3506,1.3509,1.20,1.60
2010.04.09 14:56:54.851,1.3506,1.35095,1.50,5.30
2010.04.09 14:56:55.684,1.35055,1.35095,1.00,6.10
2010.04.09 14:56:56.373,1.35055,1.3509,2.00,1.00
2010.04.09 14:56:57.388,1.35065,1.35095,1.60,1.00
2010.04.09 14:56:57.828,1.35065,1.351,2.10,1.00
2010.04.09 14:56:58.643,1.3506,1.351,1.20,1.00
2010.04.09 14:57:00.016,1.3506,1.351,1.00,1.30
2010.04.09 14:57:00.363,1.3506,1.351,1.00,1.00
2010.04.09 14:57:01.049,1.35065,1.351,1.00,4.00
2010.04.09 14:57:01.858,1.35065,1.35095,1.00,1.00
2010.04.09 14:57:02.210,1.35065,1.35105,1.20,4.00
2010.04.09 14:57:02.410,1.35065,1.35105,1.00,5.30
2010.04.09 14:57:03.239,1.35055,1.35095,1.60,7.10
2010.04.09 14:57:03.503,1.3505,1.35085,1.20,1.00
2010.04.09 14:57:04.820,1.35055,1.35085,1.60,1.60
2010.04.09 14:57:05.171,1.3506,1.3509,1.00,1.00
2010.04.09 14:57:05.837,1.3506,1.35095,1.00,2.40
2010.04.09 14:57:06.206,1.35055,1.3509,1.00,2.10
2010.04.09 14:57:06.541,1.3505,1.3508,1.00,1.00
2010.04.09 14:57:07.505,1.35045,1.3508,1.00,1.00
2010.04.09 14:57:07.799,1.3504,1.3508,1.50,3.10
2010.04.09 14:57:08.096,1.35035,1.35075,9.30,1.00
2010.04.09 14:57:09.032,1.3504,1.3508,5.20,1.00
2010.04.09 14:57:09.273,1.3504,1.3508,6.80,1.00
2010.04.09 14:57:09.514,1.3504,1.3508,5.20,2.90
2010.04.09 14:57:10.321,1.3504,1.3508,1.20,2.90
2010.04.09 14:57:10.668,1.3505,1.3508,2.00,1.00
2010.04.09 14:57:11.016,1.3505,1.3508,1.00,1.00
2010.04.09 14:57:11.364,1.3504,1.3508,2.80,1.00
2010.04.09 14:57:11.704,1.3504,1.3508,1.20,1.00
2010.04.09 14:57:12.651,1.3504,1.3508,1.20,1.00
2010.04.09 14:57:12.917,1.3504,1.3508,2.80,1.00
2010.04.09 14:57:13.054,1.3504,1.35085,3.50,6.00
2010.04.09 14:57:13.194,1.3504,1.3508,2.80,1.00
2010.04.09 14:57:13.334,1.35045,1.35085,1.00,6.00
2010.04.09 14:57:13.991,1.35045,1.35085,1.00,4.40
2010.04.09 14:57:14.219,1.35045,1.35085,1.00,2.40
2010.04.09 14:57:16.828,1.35045,1.3508,1.00,2.90
2010.04.09 14:57:18.071,1.35045,1.3508,1.00,4.50
2010.04.09 14:57:18.872,1.35045,1.35085,2.00,5.60
2010.04.09 14:57:18.944,1.3505,1.35085,1.00,4.00
2010.04.09 14:57:19.013,1.3505,1.3508,1.00,1.00
2010.04.09 14:57:19.082,1.3505,1.3508,1.00,2.10
2010.04.09 14:57:19.731,1.3505,1.3508,1.00,3.70
2010.04.09 14:57:19.811,1.3505,1.3508,1.20,2.40
2010.04.09 14:57:20.154,1.35055,1.3508,2.00,1.00
2010.04.09 14:57:20.502,1.35055,1.35085,1.00,4.00
2010.04.09 14:57:22.145,1.3505,1.3508,1.60,1.00
2010.04.09 14:57:22.302,1.3505,1.35085,2.80,4.00
2010.04.09 14:57:23.267,1.3505,1.35085,2.80,5.60
2010.04.09 14:57:25.419,1.3505,1.35085,6.80,5.60
2010.04.09 14:57:25.825,1.35045,1.3508,4.40,4.00
2010.04.09 14:57:26.771,1.35045,1.35075,1.20,3.20
2010.04.09 14:57:27.405,1.35045,1.35075,1.00,3.70
2010.04.09 14:57:27.514,1.3504,1.3508,2.80,4.50
2010.04.09 14:57:27.619,1.35045,1.3508,1.00,4.50
2010.04.09 14:57:27.829,1.35045,1.3508,1.20,4.00
2010.04.09 14:57:28.574,1.35045,1.3508,2.40,4.50
2010.04.09 14:57:28.924,1.3504,1.3508,2.80,4.50
2010.04.09 14:57:31.513,1.3504,1.35075,2.40,1.60
2010.04.09 14:57:31.589,1.3504,1.35075,2.40,2.90
2010.04.09 14:57:31.669,1.3504,1.35075,2.80,2.40
2010.04.09 14:57:31.817,1.3504,1.35075,2.80,1.00
2010.04.09 14:57:31.898,1.35045,1.35075,1.60,1.00
2010.04.09 14:57:32.595,1.35045,1.35075,3.20,1.00
2010.04.09 14:57:32.943,1.35045,1.3508,4.00,2.40
2010.04.09 14:57:33.926,1.35045,1.3508,4.40,2.40
2010.04.09 14:57:35.959,1.3505,1.3508,1.00,2.40
2010.04.09 14:57:36.092,1.35055,1.3508,2.00,2.40
2010.04.09 14:57:36.229,1.35055,1.3508,3.60,1.00
2010.04.09 14:57:37.083,1.35045,1.3508,2.40,2.40
2010.04.09 14:57:37.321,1.35045,1.35075,1.00,4.80
2010.04.09 14:57:38.120,1.35045,1.3507,1.00,1.00
2010.04.09 14:57:38.462,1.3504,1.35075,2.40,6.10
2010.04.09 14:57:40.417,1.35045,1.35075,1.00,6.10
2010.04.09 14:57:40.682,1.35045,1.3508,4.40,2.40
2010.04.09 14:57:41.772,1.35045,1.35075,1.00,1.60
2010.04.09 14:57:42.102,1.35045,1.3507,4.00,2.40
2010.04.09 14:57:42.431,1.3504,1.3507,1.00,2.40
2010.04.09 14:57:42.721,1.3504,1.35075,1.20,5.60
2010.04.09 14:57:43.609,1.35045,1.35075,1.60,4.00
2010.04.09 14:57:43.860,1.35045,1.35075,2.00,1.00
2010.04.09 14:57:44.108,1.35045,1.3508,2.80,4.00
2010.04.09 14:57:44.358,1.35045,1.35075,2.80,3.20
2010.04.09 14:57:44.705,1.35045,1.35075,2.00,4.00
2010.04.09 14:57:45.797,1.35045,1.3508,2.80,4.00
2010.04.09 14:57:46.073,1.3505,1.3508,1.00,4.00
2010.04.09 14:57:46.215,1.3505,1.3508,1.00,2.40
2010.04.09 14:57:46.495,1.3505,1.35085,1.00,5.60
2010.04.09 14:57:46.734,1.3505,1.35085,1.20,5.60
2010.04.09 14:57:47.405,1.3505,1.35085,1.30,5.60
2010.04.09 14:57:47.651,1.3505,1.35085,1.20,5.60
2010.04.09 14:57:49.010,1.3505,1.35085,1.00,6.10
2010.04.09 14:57:49.209,1.35045,1.3508,4.00,2.40
2010.04.09 14:57:50.845,1.35045,1.35075,1.00,1.00
2010.04.09 14:57:53.156,1.35045,1.3508,1.00,4.00
2010.04.09 14:57:53.364,1.35045,1.3508,2.40,2.40
2010.04.09 14:57:54.603,1.35045,1.35075,2.40,1.00
2010.04.09 14:57:54.740,1.35045,1.3508,2.40,4.00
2010.04.09 14:57:55.337,1.35045,1.3508,4.00,2.40
2010.04.09 14:57:55.676,1.3505,1.35085,2.40,6.10
2010.04.09 14:57:56.368,1.3506,1.35085,2.40,1.00
2010.04.09 14:57:56.561,1.3506,1.3509,2.40,1.00
2010.04.09 14:57:56.762,1.3506,1.3509,2.40,1.00
2010.04.09 14:57:58.755,1.3506,1.3509,1.00,1.00
2010.04.09 14:57:58.900,1.35055,1.35085,10.80,1.00
2010.04.09 14:57:59.032,1.35055,1.3509,10.00,3.70
2010.04.09 14:57:59.312,1.35055,1.3509,2.40,2.10
2010.04.09 14:58:00.146,1.35055,1.3509,4.80,1.00
2010.04.09 14:58:00.498,1.3506,1.35095,2.40,4.00
2010.04.09 14:58:01.181,1.3506,1.35095,2.40,2.40
2010.04.09 14:58:02.445,1.35065,1.35095,1.00,2.40
2010.04.09 14:58:03.701,1.35065,1.35095,1.00,4.50
2010.04.09 14:58:04.613,1.3506,1.3509,1.00,4.80
2010.04.09 14:58:04.827,1.35055,1.35085,1.60,1.00
2010.04.09 14:58:05.045,1.3505,1.3509,2.80,4.00
2010.04.09 14:58:05.875,1.35055,1.3509,1.60,4.00
2010.04.09 14:58:06.223,1.35055,1.3509,2.40,4.00
2010.04.09 14:58:07.250,1.35055,1.35085,2.40,1.00
2010.04.09 14:58:10.577,1.35055,1.35085,1.00,1.00
2010.04.09 14:58:11.387,1.35065,1.35085,1.60,2.40
2010.04.09 14:58:11.471,1.35065,1.351,2.40,2.40
2010.04.09 14:58:12.996,1.3507,1.351,3.20,2.40
2010.04.09 14:58:13.339,1.3507,1.35105,8.00,2.40
2010.04.09 14:58:13.681,1.3507,1.35105,4.00,2.40
2010.04.09 14:58:13.939,1.3507,1.35105,4.00,4.00
2010.04.09 14:58:15.068,1.3507,1.35105,4.00,2.40
2010.04.09 14:58:15.738,1.3507,1.35105,4.00,4.50
2010.04.09 14:58:17.486,1.3507,1.3509,1.00,1.60
2010.04.09 14:58:17.635,1.35065,1.3509,1.60,1.00
2010.04.09 14:58:18.865,1.35065,1.35095,1.00,2.10
2010.04.09 14:58:19.199,1.35065,1.3509,1.00,3.20
2010.04.09 14:58:20.139,1.35065,1.3509,1.60,2.40
2010.04.09 14:58:20.483,1.35055,1.3509,2.40,4.00
2010.04.09 14:58:21.956,1.35055,1.3509,1.60,4.00
2010.04.09 14:58:22.286,1.35055,1.3509,4.00,4.00
2010.04.09 14:58:23.757,1.35055,1.3509,2.40,4.00
2010.04.09 14:58:24.101,1.35055,1.35085,1.60,1.00
2010.04.09 14:58:24.901,1.35055,1.3509,2.40,6.90
2010.04.09 14:58:25.216,1.35065,1.35095,1.60,6.10
2010.04.09 14:58:25.480,1.3506,1.35095,2.40,6.10
2010.04.09 14:58:26.327,1.3506,1.35095,4.00,6.10
2010.04.09 14:58:28.014,1.3506,1.3509,2.40,1.60
2010.04.09 14:58:28.386,1.35055,1.3509,2.40,2.40
2010.04.09 14:58:28.732,1.35055,1.35085,2.40,4.50
2010.04.09 14:58:29.652,1.35055,1.35085,2.40,1.00
2010.04.09 14:58:30.165,1.3506,1.35085,2.40,1.00
2010.04.09 14:58:30.511,1.3506,1.3509,1.00,1.60
2010.04.09 14:58:31.299,1.35055,1.3509,2.90,2.40
2010.04.09 14:58:31.520,1.35055,1.3509,2.80,2.40
2010.04.09 14:58:31.748,1.35055,1.3509,2.50,2.40
2010.04.09 14:58:31.976,1.3506,1.3509,2.40,1.00
2010.04.09 14:58:32.196,1.3506,1.35095,2.40,7.70
2010.04.09 14:58:33.069,1.3507,1.35095,1.60,6.10
2010.04.09 14:58:33.290,1.35065,1.35095,2.40,1.00
2010.04.09 14:58:33.698,1.35065,1.35095,2.40,2.10
2010.04.09 14:58:33.905,1.35065,1.3509,1.00,1.00
2010.04.09 14:58:34.975,1.3506,1.3509,2.40,1.00
2010.04.09 14:58:36.984,1.35065,1.35095,4.00,2.10
2010.04.09 14:58:37.175,1.35065,1.351,4.00,4.00
2010.04.09 14:58:37.347,1.35065,1.351,2.40,4.00
2010.04.09 14:58:38.152,1.3507,1.351,1.60,2.40
2010.04.09 14:58:39.070,1.3507,1.35105,2.40,4.50
2010.04.09 14:58:41.175,1.3507,1.35105,2.40,2.90
2010.04.09 14:58:42.319,1.35075,1.35105,1.60,1.30
2010.04.09 14:58:42.653,1.35075,1.35105,2.40,1.00
2010.04.09 14:58:42.853,1.35075,1.35105,4.00,1.00
2010.04.09 14:58:43.898,1.35075,1.3511,4.00,4.00
2010.04.09 14:58:44.215,1.3508,1.3511,1.00,2.40
2010.04.09 14:58:48.063,1.35075,1.35105,2.40,1.00
2010.04.09 14:58:48.250,1.35075,1.35105,1.20,1.00
2010.04.09 14:58:48.439,1.35075,1.35105,1.00,1.00
2010.04.09 14:58:49.504,1.3508,1.3511,1.00,1.00
2010.04.09 14:58:49.860,1.3509,1.3512,7.20,1.00
2010.04.09 14:58:50.793,1.3509,1.35115,2.40,1.00
2010.04.09 14:58:51.135,1.3509,1.35125,2.40,4.70
2010.04.09 14:58:51.481,1.3509,1.35125,2.40,6.30
2010.04.09 14:58:51.661,1.3509,1.35125,2.40,4.70
2010.04.09 14:58:52.424,1.351,1.35125,2.40,2.30
2010.04.09 14:58:52.604,1.351,1.35135,2.40,6.30
2010.04.09 14:58:53.831,1.35105,1.3514,1.00,4.70
2010.04.09 14:58:55.189,1.35105,1.35135,1.00,2.30
2010.04.09 14:58:56.150,1.35105,1.3514,1.00,6.30
2010.04.09 14:58:56.909,1.35105,1.35135,1.00,1.60
2010.04.09 14:58:57.117,1.35105,1.35135,1.00,3.90
2010.04.09 14:58:57.931,1.351,1.35125,2.40,1.60
2010.04.09 14:58:58.193,1.35095,1.3512,2.40,1.00
2010.04.09 14:58:58.449,1.35095,1.35125,2.40,1.00
2010.04.09 14:59:03.038,1.35095,1.3512,2.40,1.00
2010.04.09 14:59:03.165,1.35095,1.3512,1.00,1.00
2010.04.09 14:59:04.860,1.35095,1.35125,2.40,1.00
2010.04.09 14:59:05.095,1.35095,1.35125,2.40,2.30
2010.04.09 14:59:07.133,1.35095,1.3512,1.00,1.60
2010.04.09 14:59:07.298,1.3509,1.35115,2.40,2.30
2010.04.09 14:59:09.365,1.3509,1.35115,1.00,2.30
2010.04.09 14:59:10.282,1.35075,1.35105,2.40,2.30
2010.04.09 14:59:11.619,1.3508,1.35115,2.40,4.70
2010.04.09 14:59:12.088,1.3508,1.3511,2.40,1.00
2010.04.09 14:59:12.778,1.3508,1.3511,2.40,2.30
2010.04.09 14:59:13.029,1.35075,1.3511,2.40,3.10
2010.04.09 14:59:15.506,1.35075,1.3511,1.00,4.70
2010.04.09 14:59:15.866,1.3509,1.3511,1.60,3.10
2010.04.09 14:59:16.049,1.3509,1.35105,1.60,1.00
2010.04.09 14:59:16.852,1.35075,1.35105,4.80,4.70
2010.04.09 14:59:17.200,1.3507,1.35105,2.40,4.70
2010.04.09 14:59:17.546,1.3507,1.35095,1.00,2.30
2010.04.09 14:59:18.319,1.3507,1.351,1.00,2.90
2010.04.09 14:59:19.008,1.3507,1.351,1.00,2.40
2010.04.09 14:59:22.375,1.3507,1.351,1.00,2.90
2010.04.09 14:59:22.545,1.3507,1.351,1.00,1.60
2010.04.09 14:59:22.711,1.35065,1.351,4.00,2.40
2010.04.09 14:59:24.393,1.35065,1.351,2.40,2.40
2010.04.09 14:59:24.446,1.35065,1.351,2.40,2.90
2010.04.09 14:59:25.497,1.35065,1.351,2.80,2.40
2010.04.09 14:59:25.849,1.3508,1.35105,2.40,1.00
2010.04.09 14:59:26.197,1.3508,1.35115,2.40,4.50
2010.04.09 14:59:27.455,1.3508,1.35115,2.40,2.90
2010.04.09 14:59:28.043,1.35085,1.35115,1.00,1.00
2010.04.09 14:59:29.016,1.3509,1.3512,1.60,2.40
2010.04.09 14:59:29.147,1.3509,1.3511,1.00,1.00
2010.04.09 14:59:29.272,1.3509,1.35115,1.00,3.70
2010.04.09 14:59:30.043,1.3508,1.35115,2.40,2.90
2010.04.09 14:59:30.734,1.35085,1.35115,1.60,2.90
2010.04.09 14:59:31.368,1.35085,1.35115,2.40,2.10
2010.04.09 14:59:31.687,1.35085,1.35115,1.40,2.40
2010.04.09 14:59:32.005,1.35085,1.35115,2.20,2.40
2010.04.09 14:59:32.933,1.35085,1.35105,1.00,2.10
2010.04.09 14:59:33.151,1.3508,1.3511,1.60,1.00
2010.04.09 14:59:34.001,1.35085,1.35115,1.00,1.60
2010.04.09 14:59:34.346,1.3508,1.351,1.00,3.20
2010.04.09 14:59:34.693,1.35075,1.35105,2.40,1.60
2010.04.09 14:59:35.676,1.3508,1.35095,1.00,1.00
2010.04.09 14:59:36.025,1.3507,1.35105,1.00,7.70
2010.04.09 14:59:36.727,1.3507,1.35105,2.40,6.10
2010.04.09 14:59:37.006,1.35075,1.35105,2.40,1.30
2010.04.09 14:59:37.281,1.35075,1.35105,4.00,1.00
2010.04.09 14:59:38.132,1.35075,1.35105,1.00,1.00
2010.04.09 14:59:38.484,1.35075,1.35105,2.40,2.40
2010.04.09 14:59:38.831,1.3507,1.35105,4.00,2.40
2010.04.09 14:59:39.912,1.3507,1.35105,2.40,2.90
2010.04.09 14:59:40.221,1.3507,1.35105,1.60,5.60
2010.04.09 14:59:40.532,1.3507,1.35105,4.40,1.30
2010.04.09 14:59:41.135,1.35075,1.35105,1.60,1.00
2010.04.09 14:59:41.463,1.35075,1.35105,2.40,3.70
2010.04.09 14:59:41.787,1.35075,1.35105,1.00,3.70
2010.04.09 14:59:42.118,1.3507,1.35105,1.00,7.70
2010.04.09 14:59:42.742,1.3507,1.35095,1.00,1.00
2010.04.09 14:59:43.042,1.3507,1.3509,1.00,1.00
2010.04.09 14:59:43.340,1.35065,1.351,4.00,1.00
2010.04.09 14:59:43.619,1.35065,1.35095,4.00,1.00
2010.04.09 14:59:44.532,1.3507,1.35095,1.60,1.00
2010.04.09 14:59:44.683,1.3507,1.351,2.40,6.30
2010.04.09 14:59:44.829,1.3507,1.351,2.40,2.30
2010.04.09 14:59:45.603,1.3507,1.351,2.40,1.00
2010.04.09 14:59:45.951,1.35065,1.351,10.40,4.70
2010.04.09 14:59:46.297,1.35065,1.35085,1.00,1.00
2010.04.09 14:59:46.641,1.3506,1.35085,1.00,1.00
2010.04.09 14:59:47.563,1.3507,1.35095,2.40,1.60
2010.04.09 14:59:47.871,1.3508,1.3511,1.00,4.00
2010.04.09 14:59:48.155,1.3508,1.3511,1.00,2.40
2010.04.09 14:59:49.097,1.35085,1.35115,1.00,4.80
2010.04.09 14:59:50.507,1.35085,1.351,1.00,1.60
2010.04.09 14:59:50.851,1.3508,1.3511,1.00,2.40
2010.04.09 14:59:51.138,1.3508,1.35105,1.00,1.60
2010.04.09 14:59:51.999,1.35075,1.35105,2.40,1.60
2010.04.09 14:59:52.298,1.3507,1.351,2.80,1.60
2010.04.09 14:59:52.443,1.3507,1.351,2.40,1.60
2010.04.09 14:59:52.734,1.3507,1.35105,2.40,1.20
2010.04.09 14:59:53.491,1.35075,1.351,1.00,1.60
2010.04.09 14:59:53.809,1.35065,1.351,2.40,2.40
2010.04.09 14:59:54.130,1.35065,1.35095,2.40,1.60
2010.04.09 14:59:54.449,1.35065,1.351,2.40,10.40
2010.04.09 14:59:55.350,1.35065,1.35095,1.00,2.00
2010.04.09 14:59:55.650,1.3507,1.351,2.40,4.00
2010.04.09 14:59:55.946,1.3507,1.35105,2.40,1.60
2010.04.09 14:59:56.576,1.3507,1.35105,2.90,1.60
2010.04.09 14:59:56.906,1.35075,1.35105,1.00,3.70
2010.04.09 14:59:57.217,1.3507,1.35105,2.40,3.70
2010.04.09 14:59:58.895,1.35075,1.35105,1.00,1.00
2010.04.09 14:59:58.980,1.35085,1.3511,1.00,1.60
2010.04.09 14:59:59.066,1.3509,1.3512,1.00,2.40
2010.04.09 14:59:59.156,1.351,1.35125,1.60,5.60
2010.04.09 14:59:59.821,1.351,1.35125,1.60,1.00
2010.04.09 14:59:59.905,1.3509,1.35125,1.00,7.60
