2010.04.22 10:00:01.180,1.33495,1.33535,1.00,2.40
2010.04.22 10:00:01.486,1.33495,1.33535,2.40,2.40
2010.04.22 10:00:01.692,1.3351,1.3354,1.00,1.00
2010.04.22 10:00:01.885,1.3351,1.3355,1.20,2.80
2010.04.22 10:00:02.240,1.3351,1.3355,1.20,1.20
2010.04.22 10:00:02.423,1.33515,1.3355,2.40,1.00
2010.04.22 10:00:02.773,1.33515,1.3355,1.00,1.60
2010.04.22 10:00:03.257,1.33515,1.3355,1.00,2.40
2010.04.22 10:00:03.609,1.33505,1.33535,2.80,1.60
2010.04.22 10:00:03.959,1.3351,1.33545,1.00,1.20
2010.04.22 10:00:04.305,1.3351,1.3354,1.60,1.00
2010.04.22 10:00:04.652,1.33505,1.3355,1.00,4.50
2010.04.22 10:00:04.999,1.33505,1.3355,1.20,4.50
2010.04.22 10:00:06.202,1.33505,1.33535,1.00,1.60
2010.04.22 10:00:06.554,1.335,1.33535,1.00,1.00
2010.04.22 10:00:07.048,1.33495,1.3354,1.20,4.50
2010.04.22 10:00:07.341,1.33495,1.3354,2.40,4.50
2010.04.22 10:00:07.601,1.335,1.3354,1.00,2.40
2010.04.22 10:00:08.978,1.33495,1.33535,1.20,1.00
2010.04.22 10:00:09.319,1.33495,1.3354,1.20,2.40
2010.04.22 10:00:09.798,1.335,1.3354,1.00,2.50
2010.04.22 10:00:11.139,1.33505,1.3354,2.80,1.00
2010.04.22 10:00:11.481,1.33505,1.3353,1.00,3.20
2010.04.22 10:00:11.829,1.33495,1.3353,1.00,4.00
2010.04.22 10:00:12.344,1.33495,1.3353,1.00,2.40
2010.04.22 10:00:12.591,1.335,1.33535,1.00,1.00
2010.04.22 10:00:12.838,1.335,1.3354,3.30,2.80
2010.04.22 10:00:13.323,1.335,1.33535,2.10,2.40
2010.04.22 10:00:19.876,1.335,1.33535,2.10,1.00
2010.04.22 10:00:20.127,1.335,1.3354,2.90,2.80
2010.04.22 10:00:20.378,1.33505,1.3354,1.00,2.40
2010.04.22 10:00:21.057,1.335,1.3354,4.50,2.80
2010.04.22 10:00:21.395,1.335,1.33535,3.70,1.00
2010.04.22 10:00:21.735,1.335,1.33535,2.10,1.00
2010.04.22 10:00:26.497,1.33505,1.3354,1.00,2.40
2010.04.22 10:00:27.264,1.335,1.3354,2.90,2.80
2010.04.22 10:00:29.394,1.335,1.3354,2.10,4.40
2010.04.22 10:00:30.199,1.335,1.3354,2.90,2.80
2010.04.22 10:00:30.856,1.3351,1.3354,2.10,1.60
2010.04.22 10:00:31.346,1.3351,1.33545,2.10,4.00
2010.04.22 10:00:33.692,1.33505,1.3354,1.00,1.00
2010.04.22 10:00:33.958,1.335,1.3354,6.00,1.20
2010.04.22 10:00:34.110,1.33505,1.3354,1.00,2.40
2010.04.22 10:00:34.396,1.335,1.3354,2.90,2.80
2010.04.22 10:00:34.545,1.335,1.3354,2.90,4.40
2010.04.22 10:00:34.883,1.335,1.33535,2.10,1.00
2010.04.22 10:00:37.222,1.3351,1.33535,1.60,1.00
2010.04.22 10:00:37.493,1.3351,1.3354,1.60,2.80
2010.04.22 10:00:37.762,1.335,1.33535,2.00,1.00
2010.04.22 10:00:38.291,1.335,1.33535,2.00,1.00
2010.04.22 10:00:40.331,1.3351,1.33535,1.60,1.00
2010.04.22 10:00:40.834,1.3351,1.33545,1.60,1.00
2010.04.22 10:00:41.524,1.33505,1.3354,1.00,1.60
2010.04.22 10:00:41.872,1.335,1.3354,3.20,2.40
2010.04.22 10:00:42.170,1.335,1.3354,2.80,2.40
2010.04.22 10:00:43.271,1.3351,1.3354,1.60,1.60
2010.04.22 10:00:43.380,1.3351,1.33545,1.60,2.40
2010.04.22 10:00:44.593,1.33505,1.33545,1.20,5.70
2010.04.22 10:00:44.946,1.335,1.3354,2.80,3.80
2010.04.22 10:00:45.183,1.335,1.33535,2.00,1.00
2010.04.22 10:00:45.646,1.335,1.33535,1.00,1.00
2010.04.22 10:00:45.892,1.335,1.33535,2.00,1.00
2010.04.22 10:00:46.134,1.335,1.33535,1.60,1.00
2010.04.22 10:00:46.484,1.335,1.33535,1.60,1.00
2010.04.22 10:00:47.348,1.335,1.33535,1.60,1.00
2010.04.22 10:00:48.518,1.335,1.33535,2.10,1.00
2010.04.22 10:00:50.212,1.335,1.33535,2.10,1.00
2010.04.22 10:00:50.473,1.335,1.33535,1.60,1.30
2010.04.22 10:00:50.821,1.335,1.33535,1.60,4.50
2010.04.22 10:00:55.707,1.335,1.33535,2.40,4.50
2010.04.22 10:00:55.857,1.33505,1.33535,1.00,1.00
2010.04.22 10:00:56.008,1.33505,1.33545,7.20,2.80
2010.04.22 10:00:56.157,1.33515,1.33545,2.00,1.00
2010.04.22 10:00:56.457,1.33515,1.33545,2.10,1.00
2010.04.22 10:01:00.180,1.33515,1.33545,1.00,1.00
2010.04.22 10:01:00.484,1.33505,1.3354,2.50,1.00
2010.04.22 10:01:00.781,1.33515,1.33545,2.10,1.00
2010.04.22 10:01:01.127,1.33515,1.3355,2.10,1.00
2010.04.22 10:01:01.807,1.3352,1.3355,1.60,1.00
2010.04.22 10:01:02.041,1.3352,1.33555,1.60,2.40
2010.04.22 10:01:02.508,1.33515,1.33555,3.30,4.00
2010.04.22 10:01:02.741,1.3351,1.3355,1.20,1.00
2010.04.22 10:01:03.277,1.3351,1.3355,1.60,1.00
2010.04.22 10:01:03.577,1.3351,1.3355,1.20,1.00
2010.04.22 10:01:04.697,1.33515,1.3355,2.00,1.00
2010.04.22 10:01:05.375,1.33515,1.33555,2.80,4.00
2010.04.22 10:01:05.717,1.33515,1.3355,1.00,2.10
2010.04.22 10:01:09.004,1.3351,1.3355,1.00,4.50
2010.04.22 10:01:10.122,1.3351,1.3355,1.20,4.50
2010.04.22 10:01:11.486,1.3351,1.3355,1.20,4.60
2010.04.22 10:01:17.192,1.3351,1.3355,2.00,1.40
2010.04.22 10:01:20.502,1.3351,1.3355,1.20,6.20
2010.04.22 10:01:20.846,1.3351,1.3354,1.00,2.20
2010.04.22 10:01:21.196,1.3351,1.3354,1.10,2.20
2010.04.22 10:01:22.390,1.33505,1.3354,2.40,2.20
2010.04.22 10:01:24.478,1.33505,1.33535,2.40,1.00
2010.04.22 10:01:24.610,1.33505,1.33535,1.00,1.00
2010.04.22 10:01:25.159,1.335,1.33535,1.00,1.00
2010.04.22 10:01:28.589,1.335,1.3354,1.00,4.60
2010.04.22 10:01:28.648,1.335,1.3354,1.60,4.60
2010.04.22 10:01:28.708,1.335,1.3354,2.00,4.60
2010.04.22 10:01:29.051,1.335,1.3354,2.40,4.60
2010.04.22 10:01:29.389,1.335,1.3354,4.20,2.20
2010.04.22 10:01:30.174,1.33505,1.3354,1.00,2.20
2010.04.22 10:01:30.352,1.33505,1.33545,2.10,2.00
2010.04.22 10:01:30.530,1.3351,1.33545,1.00,2.00
2010.04.22 10:01:30.700,1.3351,1.33545,1.00,1.60
2010.04.22 10:01:31.284,1.3351,1.3354,1.00,2.20
2010.04.22 10:01:31.634,1.335,1.3354,3.60,2.20
2010.04.22 10:01:32.217,1.335,1.3354,3.60,3.80
2010.04.22 10:01:32.458,1.335,1.3354,3.60,4.60
2010.04.22 10:01:37.406,1.33505,1.3354,1.00,2.20
2010.04.22 10:01:39.967,1.335,1.3354,3.60,2.20
2010.04.22 10:01:40.346,1.335,1.3354,3.60,3.00
2010.04.22 10:01:40.593,1.335,1.3353,3.60,1.00
2010.04.22 10:01:40.848,1.335,1.33535,3.20,1.60
2010.04.22 10:01:41.098,1.335,1.33535,2.40,1.60
2010.04.22 10:01:41.596,1.335,1.33535,2.90,1.60
2010.04.22 10:01:41.939,1.33505,1.3354,1.60,3.00
2010.04.22 10:01:42.278,1.33505,1.33535,1.00,1.00
2010.04.22 10:01:42.618,1.335,1.33535,3.20,1.00
2010.04.22 10:01:42.946,1.335,1.33535,1.00,1.00
2010.04.22 10:01:43.277,1.335,1.3354,2.00,3.00
2010.04.22 10:01:43.996,1.335,1.33535,1.00,1.00
2010.04.22 10:01:45.427,1.335,1.3353,1.00,1.00
2010.04.22 10:01:47.635,1.335,1.3353,1.00,1.00
2010.04.22 10:01:47.785,1.335,1.33535,1.00,1.00
2010.04.22 10:01:48.074,1.335,1.33535,1.00,1.00
2010.04.22 10:01:48.404,1.335,1.3354,1.00,6.30
2010.04.22 10:01:49.273,1.335,1.3354,2.60,5.00
2010.04.22 10:01:49.764,1.335,1.3354,2.60,4.60
2010.04.22 10:01:50.064,1.335,1.3353,1.00,2.20
2010.04.22 10:01:50.359,1.33495,1.3353,1.00,2.20
2010.04.22 10:01:50.655,1.335,1.3353,1.00,1.00
2010.04.22 10:01:50.998,1.335,1.3354,2.00,6.20
2010.04.22 10:01:51.690,1.335,1.33535,1.00,1.00
2010.04.22 10:01:52.715,1.335,1.33535,1.00,3.20
2010.04.22 10:01:52.925,1.335,1.33535,3.20,1.60
2010.04.22 10:01:53.133,1.335,1.3354,3.60,2.00
2010.04.22 10:01:53.663,1.335,1.33535,1.00,1.00
2010.04.22 10:01:53.878,1.335,1.3353,1.00,1.60
2010.04.22 10:01:54.227,1.335,1.3353,1.00,2.20
2010.04.22 10:01:54.914,1.33495,1.3353,1.00,2.20
2010.04.22 10:01:55.235,1.33505,1.33535,2.10,1.00
2010.04.22 10:01:55.555,1.33505,1.33545,2.50,4.60
2010.04.22 10:01:56.265,1.33505,1.33545,2.00,4.60
2010.04.22 10:01:56.607,1.33505,1.33545,2.10,4.50
2010.04.22 10:01:57.284,1.33505,1.33545,2.90,4.60
2010.04.22 10:01:58.490,1.33505,1.33545,3.30,4.60
2010.04.22 10:01:58.880,1.33505,1.33545,2.90,4.60
2010.04.22 10:01:59.332,1.33505,1.33545,1.30,6.20
2010.04.22 10:01:59.636,1.335,1.33535,1.70,2.10
2010.04.22 10:01:59.942,1.33495,1.33535,1.20,4.50
2010.04.22 10:02:00.335,1.33495,1.33535,1.00,4.50
2010.04.22 10:02:00.682,1.33495,1.3353,2.10,1.00
2010.04.22 10:02:02.681,1.33495,1.33525,2.10,1.00
2010.04.22 10:02:02.803,1.33495,1.33525,1.60,1.00
2010.04.22 10:02:02.925,1.3349,1.3352,2.00,1.60
2010.04.22 10:02:03.362,1.3349,1.3352,2.00,2.40
2010.04.22 10:02:03.488,1.33485,1.3352,1.00,4.00
2010.04.22 10:02:03.835,1.33485,1.3352,1.00,4.50
2010.04.22 10:02:04.182,1.3348,1.3352,1.60,4.50
2010.04.22 10:02:06.423,1.33485,1.3352,1.00,4.00
2010.04.22 10:02:06.704,1.33485,1.3352,2.10,1.00
2010.04.22 10:02:06.906,1.33485,1.33525,5.40,1.20
2010.04.22 10:02:07.103,1.33495,1.33525,2.10,1.00
2010.04.22 10:02:07.304,1.33495,1.3353,2.10,1.00
2010.04.22 10:02:07.700,1.3351,1.3353,1.60,1.00
2010.04.22 10:02:08.042,1.3352,1.3354,1.60,1.00
2010.04.22 10:02:08.381,1.33515,1.3355,1.00,2.90
2010.04.22 10:02:09.059,1.33515,1.3355,1.00,2.40
2010.04.22 10:02:11.216,1.3351,1.3354,1.00,1.60
2010.04.22 10:02:11.463,1.335,1.3354,1.00,4.40
2010.04.22 10:02:11.713,1.335,1.3354,1.00,6.00
2010.04.22 10:02:12.167,1.33495,1.3354,4.40,4.40
2010.04.22 10:02:12.514,1.33495,1.33535,2.00,4.00
2010.04.22 10:02:13.447,1.3349,1.3353,1.20,2.00
2010.04.22 10:02:13.742,1.3349,1.3353,1.20,2.80
2010.04.22 10:02:15.063,1.33495,1.3353,1.60,2.80
2010.04.22 10:02:15.312,1.33495,1.33535,2.00,4.00
2010.04.22 10:02:15.562,1.33495,1.33535,1.00,4.40
2010.04.22 10:02:16.368,1.3349,1.33535,2.80,4.40
2010.04.22 10:02:17.359,1.33495,1.33535,2.00,4.00
2010.04.22 10:02:17.977,1.33495,1.33535,2.80,1.00
2010.04.22 10:02:20.955,1.335,1.33535,1.00,1.00
2010.04.22 10:02:24.306,1.33495,1.33535,2.80,1.00
2010.04.22 10:02:24.645,1.33495,1.33535,2.80,1.00
2010.04.22 10:02:24.903,1.33495,1.33535,2.80,1.00
2010.04.22 10:02:25.164,1.33495,1.33535,3.20,1.00
2010.04.22 10:02:25.674,1.33495,1.33535,1.60,1.00
2010.04.22 10:02:27.525,1.335,1.3354,1.00,4.40
2010.04.22 10:02:27.735,1.335,1.3354,1.00,2.80
2010.04.22 10:02:28.386,1.335,1.3354,1.00,4.40
2010.04.22 10:02:29.313,1.335,1.3354,1.00,2.80
2010.04.22 10:02:31.544,1.33495,1.33535,5.40,1.00
2010.04.22 10:02:31.745,1.33495,1.33535,4.80,1.00
2010.04.22 10:02:31.842,1.33495,1.33535,3.20,1.00
2010.04.22 10:02:31.943,1.33495,1.33535,2.80,1.00
2010.04.22 10:02:39.383,1.335,1.3354,1.00,4.40
2010.04.22 10:02:40.722,1.335,1.3354,1.00,2.80
2010.04.22 10:02:40.912,1.33495,1.33535,2.80,1.00
2010.04.22 10:02:43.788,1.335,1.33535,1.00,1.00
2010.04.22 10:02:43.986,1.335,1.33535,2.00,1.00
2010.04.22 10:02:44.186,1.335,1.33545,2.80,4.40
2010.04.22 10:02:44.457,1.33505,1.33545,2.00,4.00
2010.04.22 10:02:45.022,1.335,1.33545,2.80,4.40
2010.04.22 10:02:45.361,1.335,1.33545,3.20,4.40
2010.04.22 10:02:47.040,1.33505,1.33545,2.00,4.00
2010.04.22 10:02:49.722,1.33505,1.3354,1.00,2.80
2010.04.22 10:02:49.981,1.335,1.3354,1.20,2.80
2010.04.22 10:02:50.112,1.335,1.3354,1.60,2.40
2010.04.22 10:02:50.972,1.335,1.3354,1.20,2.80
2010.04.22 10:02:51.649,1.335,1.3354,1.00,2.80
2010.04.22 10:02:57.207,1.33495,1.33535,3.20,1.00
2010.04.22 10:02:57.407,1.33495,1.33535,2.80,1.00
2010.04.22 10:02:57.607,1.335,1.3354,1.00,2.80
2010.04.22 10:02:58.077,1.335,1.3354,1.20,2.80
2010.04.22 10:02:59.706,1.335,1.3354,1.00,2.80
2010.04.22 10:03:00.195,1.335,1.33535,1.00,1.00
2010.04.22 10:03:00.980,1.335,1.33535,1.20,1.00
2010.04.22 10:03:01.477,1.335,1.33535,1.00,1.00
2010.04.22 10:03:04.224,1.335,1.33535,1.20,1.00
2010.04.22 10:03:05.034,1.335,1.33535,1.00,1.00
2010.04.22 10:03:06.285,1.335,1.33535,1.20,1.00
2010.04.22 10:03:06.721,1.335,1.3354,1.20,2.90
2010.04.22 10:03:06.777,1.335,1.3354,1.00,2.90
2010.04.22 10:03:08.225,1.33505,1.3354,1.60,2.90
2010.04.22 10:03:08.505,1.33505,1.3354,2.00,2.40
2010.04.22 10:03:08.752,1.335,1.3353,2.80,1.00
2010.04.22 10:03:08.997,1.335,1.33525,1.00,1.00
2010.04.22 10:03:09.239,1.33495,1.33525,1.00,1.00
2010.04.22 10:03:09.673,1.33495,1.3353,1.00,1.00
2010.04.22 10:03:10.020,1.33495,1.3353,1.00,1.00
2010.04.22 10:03:14.322,1.33495,1.3353,1.20,1.00
2010.04.22 10:03:15.448,1.33495,1.3353,2.80,1.00
2010.04.22 10:03:15.713,1.335,1.3354,2.00,1.30
2010.04.22 10:03:16.213,1.335,1.3354,2.40,1.30
2010.04.22 10:03:18.913,1.335,1.3354,2.00,1.30
2010.04.22 10:03:19.272,1.33505,1.3354,1.00,1.00
2010.04.22 10:03:19.816,1.3351,1.3355,2.00,2.10
2010.04.22 10:03:20.139,1.33505,1.33535,1.00,1.00
2010.04.22 10:03:20.759,1.335,1.33525,1.00,3.70
2010.04.22 10:03:21.114,1.33485,1.33525,1.20,3.20
2010.04.22 10:03:21.457,1.33485,1.33525,1.20,4.00
2010.04.22 10:03:21.804,1.33485,1.33525,1.20,4.50
2010.04.22 10:03:22.151,1.33485,1.33525,1.00,4.50
2010.04.22 10:03:22.836,1.33495,1.33525,1.00,1.00
2010.04.22 10:03:23.138,1.33495,1.3354,1.20,4.90
2010.04.22 10:03:23.299,1.33495,1.3354,1.60,4.50
2010.04.22 10:03:25.532,1.33495,1.33535,1.20,1.00
2010.04.22 10:03:25.948,1.33495,1.3353,1.20,1.60
2010.04.22 10:03:26.260,1.33485,1.33525,1.00,1.00
2010.04.22 10:03:26.581,1.33485,1.33525,1.20,2.40
2010.04.22 10:03:26.893,1.33485,1.33525,1.60,2.40
2010.04.22 10:03:27.199,1.33485,1.33525,3.20,1.00
2010.04.22 10:03:27.539,1.33485,1.3353,3.20,4.50
2010.04.22 10:03:29.422,1.33485,1.3353,3.20,2.90
2010.04.22 10:03:29.580,1.3349,1.3353,1.00,1.30
2010.04.22 10:03:30.279,1.3349,1.3353,2.40,1.30
2010.04.22 10:03:32.611,1.33485,1.3353,3.20,1.30
2010.04.22 10:03:32.865,1.33485,1.3353,3.20,2.90
2010.04.22 10:03:32.948,1.33485,1.3353,3.20,4.50
2010.04.22 10:03:33.940,1.3349,1.3353,2.80,1.00
2010.04.22 10:03:34.281,1.33495,1.33535,1.00,1.00
2010.04.22 10:03:34.621,1.3349,1.3353,2.80,1.60
2010.04.22 10:03:34.899,1.3349,1.3353,2.40,2.40
2010.04.22 10:03:36.195,1.33485,1.3353,2.80,2.90
2010.04.22 10:03:36.541,1.3349,1.3353,1.00,2.90
2010.04.22 10:03:37.542,1.3349,1.3353,1.00,2.40
2010.04.22 10:03:37.818,1.33485,1.3353,3.20,4.50
2010.04.22 10:03:38.119,1.33485,1.3353,3.20,4.50
2010.04.22 10:03:38.208,1.33485,1.3353,2.80,4.50
2010.04.22 10:03:38.298,1.33485,1.3353,2.80,2.90
2010.04.22 10:03:38.388,1.3349,1.3353,1.00,1.30
2010.04.22 10:03:39.719,1.3349,1.3353,1.00,4.50
2010.04.22 10:03:40.690,1.33485,1.33525,1.20,2.40
2010.04.22 10:03:41.860,1.3349,1.3353,1.00,2.90
2010.04.22 10:03:44.127,1.3349,1.3353,1.00,1.00
2010.04.22 10:03:44.438,1.3349,1.3353,2.80,1.00
2010.04.22 10:03:44.746,1.3349,1.3353,2.40,1.00
2010.04.22 10:03:45.276,1.3349,1.33535,2.40,4.50
2010.04.22 10:03:45.496,1.3349,1.33535,2.40,4.00
2010.04.22 10:03:45.752,1.3349,1.33535,2.80,4.00
2010.04.22 10:03:46.176,1.3349,1.33535,2.80,4.00
2010.04.22 10:03:46.377,1.3349,1.3353,1.20,2.10
2010.04.22 10:03:46.577,1.3349,1.33525,1.20,1.60
2010.04.22 10:03:46.776,1.33485,1.33525,1.00,1.60
2010.04.22 10:03:47.336,1.33485,1.33525,1.00,2.40
2010.04.22 10:03:48.186,1.33485,1.33525,1.00,1.60
2010.04.22 10:03:48.408,1.33485,1.33525,1.00,2.40
2010.04.22 10:03:55.718,1.33485,1.33525,2.80,1.00
2010.04.22 10:03:56.064,1.33485,1.3353,2.80,4.40
2010.04.22 10:03:56.744,1.33495,1.3353,1.00,4.00
2010.04.22 10:03:56.985,1.33495,1.3353,2.00,1.00
2010.04.22 10:03:58.753,1.33495,1.3353,1.00,1.00
2010.04.22 10:03:59.044,1.3349,1.33525,1.20,1.00
2010.04.22 10:03:59.334,1.33485,1.33525,4.40,1.00
2010.04.22 10:03:59.631,1.33485,1.33525,1.00,2.10
2010.04.22 10:03:59.929,1.33495,1.33525,1.60,1.00
2010.04.22 10:04:00.448,1.335,1.3353,1.00,1.00
2010.04.22 10:04:00.796,1.33505,1.33545,1.00,1.00
2010.04.22 10:04:01.146,1.33505,1.33545,1.00,1.20
2010.04.22 10:04:01.498,1.33505,1.33525,1.00,2.40
2010.04.22 10:04:01.871,1.33505,1.3352,1.00,2.00
2010.04.22 10:04:02.208,1.3348,1.33515,1.00,1.00
2010.04.22 10:04:02.732,1.33475,1.33515,2.80,1.00
2010.04.22 10:04:03.076,1.3348,1.3352,1.00,2.10
2010.04.22 10:04:03.423,1.33485,1.3352,1.00,2.20
2010.04.22 10:04:03.763,1.33485,1.3352,1.00,2.00
2010.04.22 10:04:04.103,1.33485,1.33525,2.90,1.00
2010.04.22 10:04:04.443,1.3349,1.3353,1.00,4.50
2010.04.22 10:04:05.802,1.3349,1.3353,1.00,6.80
2010.04.22 10:04:06.144,1.33485,1.33525,1.30,1.00
2010.04.22 10:04:06.481,1.33485,1.33525,1.00,1.30
2010.04.22 10:04:07.162,1.33485,1.33525,2.90,1.00
2010.04.22 10:04:07.502,1.3349,1.3353,1.00,2.90
2010.04.22 10:04:08.185,1.33495,1.33535,1.00,1.30
2010.04.22 10:04:08.660,1.335,1.33535,2.10,1.00
2010.04.22 10:04:08.937,1.33505,1.3354,1.30,1.60
2010.04.22 10:04:09.210,1.33505,1.33535,1.00,1.00
2010.04.22 10:04:09.558,1.33505,1.3354,1.00,1.00
2010.04.22 10:04:09.907,1.33505,1.3354,1.00,1.00
2010.04.22 10:04:10.434,1.33505,1.33545,1.00,4.50
2010.04.22 10:04:10.788,1.33505,1.33545,1.20,4.50
2010.04.22 10:04:11.138,1.3351,1.33545,1.00,1.00
2010.04.22 10:04:11.663,1.33505,1.33535,1.00,3.70
2010.04.22 10:04:12.006,1.3349,1.3353,2.70,1.30
2010.04.22 10:04:12.352,1.3349,1.3353,2.40,1.30
2010.04.22 10:04:13.362,1.3349,1.3353,2.80,1.00
2010.04.22 10:04:13.903,1.33495,1.33535,1.00,2.90
2010.04.22 10:04:14.269,1.33495,1.33535,1.20,2.90
2010.04.22 10:04:14.453,1.33495,1.33535,1.20,1.40
2010.04.22 10:04:17.754,1.33505,1.33545,1.00,4.50
2010.04.22 10:04:20.196,1.3351,1.33545,1.00,2.40
2010.04.22 10:04:20.539,1.3351,1.33545,1.00,1.00
2010.04.22 10:04:21.403,1.33505,1.33545,2.90,4.00
2010.04.22 10:04:22.818,1.33505,1.33545,3.10,4.00
2010.04.22 10:04:22.988,1.33515,1.3355,1.00,1.00
2010.04.22 10:04:23.159,1.33515,1.33555,2.90,1.20
2010.04.22 10:04:23.628,1.33515,1.33555,2.90,1.00
2010.04.22 10:04:24.977,1.33515,1.3355,2.10,2.40
2010.04.22 10:04:25.218,1.33515,1.3355,1.00,2.40
2010.04.22 10:04:25.456,1.3351,1.3355,1.30,2.40
2010.04.22 10:04:28.283,1.33515,1.3355,1.60,2.40
2010.04.22 10:04:28.475,1.33515,1.3355,2.10,2.40
2010.04.22 10:04:29.857,1.33515,1.33555,8.10,1.60
2010.04.22 10:04:30.097,1.3352,1.3356,1.00,1.00
2010.04.22 10:04:30.472,1.33525,1.3356,2.10,1.00
2010.04.22 10:04:30.777,1.3352,1.3356,1.30,1.30
2010.04.22 10:04:33.335,1.3352,1.3356,1.00,1.50
2010.04.22 10:04:33.668,1.33525,1.3356,3.20,1.50
2010.04.22 10:04:33.966,1.33525,1.33565,2.40,2.40
2010.04.22 10:04:34.266,1.3352,1.3356,2.80,1.50
2010.04.22 10:04:35.303,1.33515,1.3355,1.20,1.00
2010.04.22 10:04:35.649,1.3351,1.3355,4.40,1.00
2010.04.22 10:04:36.869,1.3351,1.3355,1.20,3.10
2010.04.22 10:04:37.505,1.3351,1.3355,1.20,3.20
2010.04.22 10:04:38.443,1.3351,1.33545,1.20,1.00
2010.04.22 10:04:38.655,1.3351,1.3354,1.20,1.00
2010.04.22 10:04:38.865,1.33505,1.3355,3.20,4.50
2010.04.22 10:04:39.425,1.33505,1.33545,2.80,1.00
2010.04.22 10:04:41.077,1.33505,1.33545,1.20,4.00
2010.04.22 10:04:41.509,1.33505,1.3354,1.00,3.20
2010.04.22 10:04:41.856,1.33495,1.33535,5.60,1.00
2010.04.22 10:04:42.196,1.335,1.33535,1.00,1.30
2010.04.22 10:04:42.543,1.33495,1.33535,4.40,2.90
2010.04.22 10:04:42.883,1.33495,1.33535,1.20,4.50
2010.04.22 10:04:43.201,1.3349,1.3353,2.80,1.00
2010.04.22 10:04:43.641,1.33485,1.33525,2.80,2.90
2010.04.22 10:04:43.985,1.33485,1.33525,2.80,2.90
2010.04.22 10:04:45.352,1.33485,1.33525,2.80,4.50
2010.04.22 10:04:45.692,1.33485,1.33525,2.00,4.50
2010.04.22 10:04:46.923,1.33485,1.33525,7.30,4.50
2010.04.22 10:04:47.167,1.3349,1.3353,1.00,4.00
2010.04.22 10:04:48.184,1.33495,1.3353,1.60,4.00
2010.04.22 10:04:48.474,1.33495,1.33535,2.00,2.90
2010.04.22 10:04:48.754,1.33495,1.33535,7.30,2.40
2010.04.22 10:04:49.105,1.33505,1.33535,2.00,1.00
2010.04.22 10:04:49.453,1.33505,1.3354,1.60,1.00
2010.04.22 10:04:49.793,1.33505,1.3354,2.00,4.00
2010.04.22 10:04:50.132,1.33495,1.3354,4.50,4.00
2010.04.22 10:04:51.863,1.33505,1.3354,1.60,4.00
2010.04.22 10:04:52.190,1.33505,1.3354,2.00,1.00
2010.04.22 10:04:52.385,1.335,1.33545,1.00,4.50
2010.04.22 10:04:52.582,1.335,1.3354,1.20,1.60
2010.04.22 10:04:52.772,1.335,1.3354,1.00,2.40
2010.04.22 10:04:55.779,1.33505,1.3354,5.20,2.40
2010.04.22 10:04:56.100,1.33505,1.33545,2.00,4.50
2010.04.22 10:04:56.712,1.335,1.3354,1.20,2.90
2010.04.22 10:04:57.002,1.33495,1.3353,1.20,1.00
2010.04.22 10:04:57.632,1.33495,1.3353,1.00,1.00
2010.04.22 10:04:58.084,1.3349,1.33535,1.20,4.40
2010.04.22 10:04:58.433,1.33495,1.33535,8.00,1.00
2010.04.22 10:04:58.691,1.33495,1.3354,9.60,2.40
2010.04.22 10:04:58.940,1.335,1.3354,1.00,2.40
2010.04.22 10:05:00.201,1.33495,1.3354,2.80,4.50
2010.04.22 10:05:00.548,1.33495,1.3354,2.40,4.50
2010.04.22 10:05:01.107,1.33495,1.3354,2.40,5.50
2010.04.22 10:05:01.483,1.33495,1.3353,1.00,1.00
2010.04.22 10:05:02.042,1.33495,1.3353,2.40,1.00
2010.04.22 10:05:02.527,1.33495,1.33535,2.80,1.00
2010.04.22 10:05:02.867,1.33495,1.33535,3.20,1.00
2010.04.22 10:05:03.890,1.33495,1.3353,1.00,1.00
2010.04.22 10:05:04.391,1.3349,1.3353,1.20,2.90
2010.04.22 10:05:05.236,1.3349,1.3353,1.00,2.90
2010.04.22 10:05:05.963,1.3349,1.33525,1.00,1.60
2010.04.22 10:05:06.309,1.3348,1.3352,1.20,2.90
2010.04.22 10:05:06.622,1.3348,1.3352,1.00,2.90
2010.04.22 10:05:12.997,1.3348,1.3352,1.00,4.50
2010.04.22 10:05:13.217,1.33475,1.33515,1.20,1.00
2010.04.22 10:05:16.034,1.33475,1.33515,1.20,1.00
2010.04.22 10:05:16.246,1.33475,1.3351,1.20,2.10
2010.04.22 10:05:16.559,1.3347,1.3351,1.20,2.90
2010.04.22 10:05:16.865,1.3347,1.3351,1.00,2.90
2010.04.22 10:05:17.176,1.33465,1.33505,2.80,2.40
2010.04.22 10:05:17.656,1.33465,1.33505,1.20,2.40
2010.04.22 10:05:17.995,1.33465,1.33505,1.00,2.40
2010.04.22 10:05:18.678,1.33465,1.33505,1.00,2.40
2010.04.22 10:05:18.828,1.3346,1.335,1.20,4.00
2010.04.22 10:05:19.404,1.33465,1.33505,1.00,4.00
2010.04.22 10:05:19.755,1.33465,1.33505,3.20,1.00
2010.04.22 10:05:20.103,1.3347,1.3351,1.00,3.10
2010.04.22 10:05:20.520,1.3347,1.3351,2.40,2.30
2010.04.22 10:05:20.830,1.33475,1.3351,1.00,1.70
2010.04.22 10:05:21.440,1.33475,1.3351,1.00,2.30
2010.04.22 10:05:21.751,1.3347,1.3351,1.00,2.40
2010.04.22 10:05:22.954,1.3347,1.3351,1.00,4.50
2010.04.22 10:05:23.197,1.33465,1.3351,3.20,4.50
2010.04.22 10:05:25.249,1.33465,1.3351,3.30,4.50
2010.04.22 10:05:27.342,1.33465,1.3351,2.80,6.20
2010.04.22 10:05:27.585,1.33465,1.335,2.40,3.70
2010.04.22 10:05:27.823,1.33465,1.335,2.00,4.00
2010.04.22 10:05:30.234,1.3346,1.335,1.20,4.00
2010.04.22 10:05:30.389,1.33465,1.335,1.60,1.00
2010.04.22 10:05:30.546,1.33465,1.335,3.20,1.00
2010.04.22 10:05:30.907,1.33465,1.335,1.60,1.00
2010.04.22 10:05:31.073,1.33465,1.33505,2.00,1.00
2010.04.22 10:05:31.420,1.3347,1.33495,1.00,1.60
2010.04.22 10:05:31.956,1.3346,1.33505,1.00,4.40
2010.04.22 10:05:32.307,1.3346,1.33505,2.40,4.00
2010.04.22 10:05:32.653,1.33465,1.33505,1.00,4.00
2010.04.22 10:05:35.679,1.33465,1.33505,1.00,4.00
2010.04.22 10:05:38.046,1.33465,1.33505,1.00,4.00
2010.04.22 10:05:38.221,1.3346,1.335,4.40,1.00
2010.04.22 10:05:39.909,1.3346,1.335,2.80,2.30
2010.04.22 10:05:40.082,1.3346,1.33495,1.20,1.00
2010.04.22 10:05:40.659,1.3346,1.33495,1.00,1.00
2010.04.22 10:05:41.280,1.33455,1.33495,1.20,3.10
2010.04.22 10:05:41.840,1.33455,1.33495,3.60,1.50
2010.04.22 10:05:42.119,1.33455,1.33495,3.60,1.00
2010.04.22 10:05:42.460,1.3346,1.33505,2.80,4.00
2010.04.22 10:05:42.798,1.33465,1.33505,1.00,4.00
2010.04.22 10:05:43.686,1.33465,1.33505,2.40,2.40
2010.04.22 10:05:43.882,1.3347,1.3351,1.00,2.90
2010.04.22 10:05:44.753,1.3347,1.335,1.00,1.00
2010.04.22 10:05:45.340,1.33465,1.33505,1.20,1.00
2010.04.22 10:05:45.678,1.33465,1.3351,2.80,4.50
2010.04.22 10:05:47.138,1.33465,1.3351,2.80,1.30
2010.04.22 10:05:47.360,1.3347,1.3351,1.00,1.30
2010.04.22 10:05:47.581,1.3347,1.3351,1.00,1.50
2010.04.22 10:05:47.808,1.3347,1.3351,3.20,1.50
2010.04.22 10:05:48.251,1.33475,1.3351,1.00,1.50
2010.04.22 10:05:49.284,1.33475,1.3351,1.00,3.10
2010.04.22 10:05:49.618,1.3347,1.3351,1.20,3.10
2010.04.22 10:05:50.450,1.3347,1.3351,1.60,1.50
2010.04.22 10:05:50.769,1.33475,1.3351,1.00,1.50
2010.04.22 10:05:54.355,1.33475,1.3351,1.00,3.10
2010.04.22 10:05:54.700,1.3347,1.3351,1.20,3.10
2010.04.22 10:05:55.793,1.3347,1.335,1.20,1.00
2010.04.22 10:05:56.141,1.3347,1.335,1.00,1.00
2010.04.22 10:05:56.676,1.3347,1.335,1.20,1.00
2010.04.22 10:05:57.020,1.33465,1.335,2.80,1.00
2010.04.22 10:05:57.804,1.33465,1.3351,2.80,4.50
2010.04.22 10:05:58.438,1.33465,1.33505,1.00,4.00
2010.04.22 10:05:58.727,1.33465,1.33505,2.00,2.90
2010.04.22 10:05:59.019,1.33465,1.33505,4.80,1.30
2010.04.22 10:06:00.047,1.3347,1.33505,1.00,1.00
2010.04.22 10:06:03.209,1.33465,1.33505,8.80,1.00
2010.04.22 10:06:03.806,1.33465,1.33505,5.30,1.00
2010.04.22 10:06:04.128,1.3347,1.33505,1.00,1.00
2010.04.22 10:06:04.448,1.33465,1.33505,1.20,1.60
2010.04.22 10:06:04.796,1.33465,1.335,1.20,1.00
2010.04.22 10:06:05.191,1.33465,1.335,1.00,1.00
2010.04.22 10:06:05.534,1.3346,1.335,1.20,1.50
2010.04.22 10:06:06.455,1.3346,1.3349,1.20,1.00
2010.04.22 10:06:06.686,1.3346,1.335,1.00,4.70
2010.04.22 10:06:07.226,1.3346,1.335,1.20,4.70
2010.04.22 10:06:07.571,1.33455,1.33495,1.00,4.00
2010.04.22 10:06:07.770,1.33455,1.33495,2.80,4.00
2010.04.22 10:06:07.966,1.33455,1.33495,3.60,2.40
2010.04.22 10:06:08.185,1.33455,1.33495,3.60,1.00
2010.04.22 10:06:08.378,1.3346,1.335,1.00,2.40
2010.04.22 10:06:08.572,1.3346,1.335,1.20,2.40
2010.04.22 10:06:08.917,1.3346,1.335,1.20,2.40
2010.04.22 10:06:09.424,1.3346,1.33495,1.00,2.10
2010.04.22 10:06:09.763,1.33455,1.33495,2.80,2.90
2010.04.22 10:06:10.441,1.33455,1.33495,3.20,2.90
2010.04.22 10:06:11.124,1.33455,1.3349,2.40,1.00
2010.04.22 10:06:11.465,1.33455,1.3349,1.00,1.00
2010.04.22 10:06:11.813,1.3345,1.3349,1.20,1.00
2010.04.22 10:06:12.145,1.33455,1.3349,1.60,1.00
2010.04.22 10:06:12.483,1.33455,1.33495,1.00,1.40
2010.04.22 10:06:12.812,1.3345,1.33495,2.80,4.60
2010.04.22 10:06:15.151,1.33455,1.33495,2.00,1.30
2010.04.22 10:06:15.378,1.33455,1.33495,2.80,1.30
2010.04.22 10:06:15.604,1.33455,1.33495,2.80,1.30
2010.04.22 10:06:15.838,1.33455,1.33485,1.20,1.00
2010.04.22 10:06:16.064,1.3345,1.33485,1.20,1.00
2010.04.22 10:06:16.922,1.3345,1.33485,1.00,1.00
2010.04.22 10:06:26.478,1.3345,1.3349,3.60,3.00
2010.04.22 10:06:26.661,1.3345,1.3349,3.60,1.00
2010.04.22 10:06:26.840,1.33455,1.33495,2.00,1.30
2010.04.22 10:06:27.248,1.33455,1.33495,2.00,1.30
2010.04.22 10:06:27.427,1.33455,1.33495,2.80,2.90
2010.04.22 10:06:27.608,1.33455,1.33495,3.20,4.50
2010.04.22 10:06:27.947,1.33455,1.33495,2.80,4.50
2010.04.22 10:06:28.953,1.33455,1.33495,2.00,4.50
2010.04.22 10:06:34.227,1.33455,1.33495,1.00,4.60
2010.04.22 10:06:34.389,1.3345,1.3349,2.80,1.00
2010.04.22 10:06:34.705,1.3345,1.3349,2.40,1.00
2010.04.22 10:06:36.794,1.3345,1.33495,2.40,4.60
2010.04.22 10:06:39.352,1.3345,1.3349,2.40,1.60
2010.04.22 10:06:39.473,1.3345,1.3349,2.40,2.40
2010.04.22 10:06:40.353,1.3345,1.3349,1.00,2.40
2010.04.22 10:06:42.763,1.33455,1.3349,1.60,2.40
2010.04.22 10:06:42.933,1.33455,1.3349,2.00,2.40
2010.04.22 10:06:43.104,1.33455,1.33495,2.80,4.50
2010.04.22 10:06:43.390,1.33455,1.33495,2.80,2.90
2010.04.22 10:06:43.558,1.33455,1.33495,2.80,1.30
2010.04.22 10:06:43.896,1.3346,1.33495,1.00,1.30
2010.04.22 10:06:44.446,1.3346,1.33495,1.00,1.00
2010.04.22 10:06:44.788,1.3346,1.335,2.40,2.90
2010.04.22 10:06:45.139,1.3346,1.335,2.40,2.90
2010.04.22 10:06:45.619,1.3346,1.33505,2.80,4.90
2010.04.22 10:06:45.965,1.33465,1.33505,1.00,4.60
2010.04.22 10:06:46.305,1.3346,1.335,1.00,4.60
2010.04.22 10:06:46.645,1.33455,1.335,4.00,2.90
2010.04.22 10:06:46.983,1.33455,1.335,5.20,2.90
2010.04.22 10:06:48.146,1.33455,1.335,5.60,2.90
2010.04.22 10:06:48.772,1.3346,1.335,1.00,2.90
2010.04.22 10:06:49.051,1.33455,1.335,5.60,2.90
2010.04.22 10:06:49.612,1.3346,1.335,1.20,3.00
2010.04.22 10:06:50.548,1.3346,1.335,1.00,3.00
2010.04.22 10:06:51.670,1.3346,1.335,1.20,3.00
2010.04.22 10:06:52.015,1.3346,1.335,1.20,1.00
2010.04.22 10:06:52.254,1.33465,1.335,1.00,1.00
2010.04.22 10:06:52.495,1.33465,1.33505,1.00,4.60
2010.04.22 10:06:54.953,1.33465,1.335,1.00,1.00
2010.04.22 10:06:55.227,1.33465,1.335,1.00,1.00
2010.04.22 10:06:55.415,1.33465,1.33505,5.20,1.00
2010.04.22 10:06:55.774,1.33465,1.3351,5.20,2.90
2010.04.22 10:06:56.543,1.3347,1.33495,1.00,1.00
2010.04.22 10:06:56.893,1.33465,1.335,1.20,1.00
2010.04.22 10:06:57.231,1.3347,1.335,1.00,1.00
2010.04.22 10:07:00.158,1.33465,1.335,2.80,1.00
2010.04.22 10:07:03.829,1.3347,1.335,1.00,1.00
2010.04.22 10:07:04.100,1.33465,1.335,2.80,1.00
2010.04.22 10:07:06.422,1.33465,1.33495,1.00,1.00
2010.04.22 10:07:06.528,1.33465,1.3349,1.00,1.00
2010.04.22 10:07:06.627,1.33465,1.3349,1.00,1.00
2010.04.22 10:07:06.729,1.3346,1.3348,1.00,1.00
2010.04.22 10:07:07.002,1.33455,1.3348,1.00,1.00
2010.04.22 10:07:07.364,1.3345,1.3349,1.00,2.90
2010.04.22 10:07:07.709,1.33445,1.33485,2.00,1.00
2010.04.22 10:07:08.353,1.3345,1.3349,3.20,1.30
2010.04.22 10:07:08.656,1.3345,1.33495,3.20,3.30
2010.04.22 10:07:08.950,1.33455,1.33495,1.00,2.90
2010.04.22 10:07:10.661,1.33455,1.33495,1.60,2.40
2010.04.22 10:07:10.830,1.33455,1.33495,1.00,2.90
2010.04.22 10:07:11.488,1.33455,1.33485,1.00,1.00
2010.04.22 10:07:11.778,1.33455,1.33485,1.00,1.00
2010.04.22 10:07:12.003,1.3344,1.3348,1.00,2.90
2010.04.22 10:07:13.900,1.3345,1.33485,2.40,1.00
2010.04.22 10:07:14.012,1.3345,1.33485,4.00,1.00
2010.04.22 10:07:14.326,1.33455,1.33495,2.00,2.80
2010.04.22 10:07:14.426,1.33455,1.33495,1.20,2.80
2010.04.22 10:07:14.528,1.33455,1.33495,1.20,2.40
2010.04.22 10:07:14.626,1.33455,1.33495,1.20,3.00
2010.04.22 10:07:14.970,1.33455,1.3349,1.00,1.00
2010.04.22 10:07:15.316,1.3345,1.3349,1.00,1.30
2010.04.22 10:07:17.188,1.33455,1.3349,1.00,1.00
2010.04.22 10:07:20.897,1.3345,1.3349,3.60,1.30
2010.04.22 10:07:21.026,1.3345,1.3349,2.80,1.30
2010.04.22 10:07:22.185,1.3345,1.3349,1.20,4.50
2010.04.22 10:07:22.395,1.33445,1.3349,3.20,4.50
2010.04.22 10:07:22.605,1.33445,1.3349,1.20,6.20
2010.04.22 10:07:22.970,1.33445,1.33485,1.20,1.60
2010.04.22 10:07:23.188,1.33445,1.3348,1.00,1.00
2010.04.22 10:07:24.966,1.33445,1.33475,1.00,3.20
2010.04.22 10:07:25.288,1.33435,1.33475,2.00,1.30
2010.04.22 10:07:25.782,1.33435,1.33475,2.40,1.60
2010.04.22 10:07:26.098,1.3343,1.33465,1.00,1.00
2010.04.22 10:07:26.407,1.33425,1.33465,5.20,1.20
2010.04.22 10:07:27.650,1.33425,1.33465,2.00,4.40
2010.04.22 10:07:27.866,1.33425,1.33465,2.00,2.80
2010.04.22 10:07:28.088,1.33425,1.3346,1.00,1.00
2010.04.22 10:07:28.450,1.33425,1.3346,1.20,1.00
2010.04.22 10:07:28.774,1.33425,1.33465,1.20,2.90
2010.04.22 10:07:29.093,1.33425,1.33465,1.20,1.30
2010.04.22 10:07:29.733,1.33425,1.33465,1.00,1.30
2010.04.22 10:07:30.385,1.33425,1.33465,1.20,1.30
2010.04.22 10:07:31.162,1.33425,1.33465,1.20,2.90
2010.04.22 10:07:32.280,1.33425,1.33465,9.60,1.30
2010.04.22 10:07:32.631,1.3343,1.33465,1.00,1.00
2010.04.22 10:07:32.976,1.33425,1.3347,10.90,2.90
2010.04.22 10:07:33.327,1.33425,1.33465,4.80,1.00
2010.04.22 10:07:33.672,1.33425,1.33465,4.40,1.00
2010.04.22 10:07:34.013,1.33425,1.33465,4.40,1.30
2010.04.22 10:07:34.303,1.33425,1.33465,4.80,1.30
2010.04.22 10:07:34.593,1.33425,1.33465,1.20,1.30
2010.04.22 10:07:35.000,1.33425,1.3346,1.00,1.00
2010.04.22 10:07:36.065,1.33425,1.33455,1.00,1.00
2010.04.22 10:07:36.560,1.3342,1.33455,1.00,1.00
2010.04.22 10:07:36.909,1.33425,1.33465,1.00,2.90
2010.04.22 10:07:37.912,1.33425,1.3346,1.00,1.00
2010.04.22 10:07:38.246,1.3342,1.3346,1.00,4.50
2010.04.22 10:07:39.221,1.3342,1.3345,1.00,1.00
2010.04.22 10:07:40.682,1.3342,1.3345,1.00,2.00
2010.04.22 10:07:41.075,1.33415,1.3345,1.00,2.10
2010.04.22 10:07:41.348,1.3341,1.33445,2.40,1.00
2010.04.22 10:07:41.690,1.3341,1.3344,2.40,1.00
2010.04.22 10:07:42.703,1.3341,1.3344,1.00,1.00
2010.04.22 10:07:43.568,1.33415,1.33435,1.00,2.40
2010.04.22 10:07:43.927,1.3339,1.3343,2.90,1.60
2010.04.22 10:07:44.274,1.33405,1.3343,2.00,2.40
2010.04.22 10:07:44.811,1.33405,1.3343,1.00,2.40
2010.04.22 10:07:46.171,1.33385,1.3343,2.80,3.60
2010.04.22 10:07:46.510,1.33385,1.3343,1.00,5.20
2010.04.22 10:07:46.852,1.3338,1.33425,2.90,1.00
2010.04.22 10:07:47.190,1.33385,1.3343,2.90,5.20
2010.04.22 10:07:48.301,1.33385,1.33415,1.00,1.00
2010.04.22 10:07:48.594,1.33385,1.33415,1.00,3.20
2010.04.22 10:07:48.833,1.3338,1.33425,2.00,2.80
2010.04.22 10:07:49.617,1.33395,1.3342,2.10,1.00
2010.04.22 10:07:49.964,1.3339,1.33425,1.20,1.00
2010.04.22 10:07:50.399,1.3339,1.33425,1.00,1.00
2010.04.22 10:07:50.663,1.33405,1.3342,1.60,1.00
2010.04.22 10:07:50.930,1.33405,1.3343,1.60,1.00
2010.04.22 10:07:51.270,1.33395,1.33435,2.80,1.00
2010.04.22 10:07:51.612,1.3341,1.33445,2.10,1.00
2010.04.22 10:07:51.958,1.33405,1.33445,1.00,1.00
2010.04.22 10:07:52.298,1.33405,1.3345,1.00,1.00
2010.04.22 10:07:53.781,1.33415,1.33455,2.90,2.40
2010.04.22 10:07:55.917,1.33425,1.33455,1.00,2.40
2010.04.22 10:07:56.250,1.33425,1.3346,3.40,1.00
2010.04.22 10:07:56.548,1.33425,1.3346,2.00,1.00
2010.04.22 10:07:56.847,1.3343,1.33465,1.60,1.00
2010.04.22 10:07:57.154,1.33435,1.33465,1.00,1.00
2010.04.22 10:07:57.681,1.33435,1.3347,1.00,1.00
2010.04.22 10:07:58.031,1.33435,1.33475,1.00,2.90
2010.04.22 10:07:58.384,1.3343,1.33465,1.20,3.20
2010.04.22 10:07:58.852,1.3343,1.33465,1.00,3.20
2010.04.22 10:07:59.189,1.3342,1.3346,1.00,4.40
2010.04.22 10:07:59.537,1.33425,1.3346,1.00,4.00
2010.04.22 10:07:59.918,1.33425,1.3346,1.00,1.00
2010.04.22 10:08:00.266,1.3342,1.3346,1.00,1.00
2010.04.22 10:08:00.609,1.3342,1.3346,1.00,3.60
2010.04.22 10:08:00.959,1.33415,1.33455,1.20,1.00
2010.04.22 10:08:01.650,1.33415,1.33455,1.20,4.00
2010.04.22 10:08:02.426,1.33425,1.33455,1.00,1.00
2010.04.22 10:08:05.314,1.33425,1.3346,1.00,4.00
2010.04.22 10:08:05.644,1.33425,1.3346,1.00,1.00
2010.04.22 10:08:06.224,1.33435,1.3346,1.00,1.00
2010.04.22 10:08:06.485,1.33425,1.3346,1.00,1.00
2010.04.22 10:08:06.743,1.33425,1.3346,1.00,1.00
2010.04.22 10:08:07.122,1.33425,1.3346,1.00,2.40
2010.04.22 10:08:07.469,1.33425,1.33455,1.00,1.00
2010.04.22 10:08:08.324,1.33425,1.3346,1.00,1.00
2010.04.22 10:08:08.621,1.33425,1.33465,1.00,2.40
2010.04.22 10:08:08.986,1.33425,1.33465,1.20,4.40
2010.04.22 10:08:09.341,1.33425,1.33455,1.00,1.00
2010.04.22 10:08:10.301,1.33415,1.3345,2.00,2.40
2010.04.22 10:08:10.742,1.33415,1.3345,1.00,2.40
2010.04.22 10:08:11.015,1.33425,1.33455,1.00,1.00
2010.04.22 10:08:11.359,1.33425,1.33465,1.00,4.40
2010.04.22 10:08:11.707,1.33425,1.3346,1.00,2.40
2010.04.22 10:08:12.401,1.33415,1.33455,1.20,2.40
2010.04.22 10:08:12.911,1.33415,1.3345,1.20,3.20
2010.04.22 10:08:13.254,1.33415,1.3345,1.00,4.50
2010.04.22 10:08:13.833,1.33415,1.3345,1.00,2.90
2010.04.22 10:08:14.121,1.33415,1.3345,1.00,1.30
2010.04.22 10:08:15.439,1.3342,1.3345,2.00,1.00
2010.04.22 10:08:15.741,1.3342,1.3346,2.00,4.50
2010.04.22 10:08:16.035,1.3342,1.33455,2.00,1.60
2010.04.22 10:08:16.334,1.3341,1.3345,4.40,1.00
2010.04.22 10:08:17.033,1.33415,1.33455,1.00,4.00
2010.04.22 10:08:18.991,1.33415,1.33455,1.20,4.00
2010.04.22 10:08:19.361,1.3342,1.33455,1.60,2.40
2010.04.22 10:08:19.618,1.3342,1.3346,2.40,4.50
2010.04.22 10:08:22.079,1.3342,1.3346,2.00,4.50
2010.04.22 10:08:23.753,1.3343,1.3346,1.60,4.00
2010.04.22 10:08:24.064,1.33425,1.3346,1.00,4.50
2010.04.22 10:08:24.432,1.3343,1.33465,2.00,2.40
2010.04.22 10:08:25.453,1.3343,1.3346,1.00,3.70
2010.04.22 10:08:25.803,1.33425,1.33455,1.00,1.00
2010.04.22 10:08:30.131,1.3343,1.3346,1.00,3.20
2010.04.22 10:08:30.302,1.3343,1.3347,2.80,2.90
2010.04.22 10:08:30.630,1.3343,1.3347,2.40,2.90
2010.04.22 10:08:30.949,1.3343,1.33465,2.40,1.00
2010.04.22 10:08:31.928,1.3344,1.33465,2.00,1.00
2010.04.22 10:08:32.270,1.33435,1.3347,1.00,3.20
2010.04.22 10:08:32.611,1.33425,1.33465,1.20,3.70
2010.04.22 10:08:32.929,1.33425,1.33465,1.20,4.50
2010.04.22 10:08:33.237,1.33425,1.33465,1.00,4.50
2010.04.22 10:08:33.846,1.33425,1.3346,1.00,3.20
2010.04.22 10:08:34.149,1.3342,1.33455,2.00,1.00
2010.04.22 10:08:34.447,1.3342,1.33455,1.60,4.00
2010.04.22 10:08:34.748,1.33415,1.33455,2.90,1.00
2010.04.22 10:08:35.028,1.33415,1.33455,2.80,2.40
2010.04.22 10:08:35.309,1.33415,1.3345,1.20,1.00
2010.04.22 10:08:35.589,1.33415,1.33455,1.00,4.00
2010.04.22 10:08:35.930,1.33415,1.3346,2.40,4.50
2010.04.22 10:08:36.778,1.33415,1.3346,2.40,4.60
2010.04.22 10:08:37.067,1.3342,1.3346,1.60,4.50
2010.04.22 10:08:37.359,1.3342,1.3346,1.00,2.90
2010.04.22 10:08:37.647,1.33415,1.3346,2.80,2.90
2010.04.22 10:08:37.855,1.33415,1.33455,2.80,1.60
2010.04.22 10:08:38.070,1.33415,1.33455,1.00,1.60
2010.04.22 10:08:38.347,1.3341,1.3345,4.40,1.00
2010.04.22 10:08:38.564,1.3341,1.3345,5.70,2.40
2010.04.22 10:08:40.984,1.3341,1.3345,3.20,2.40
2010.04.22 10:08:41.159,1.3341,1.3345,1.20,3.00
2010.04.22 10:08:41.509,1.3341,1.3345,1.00,4.00
2010.04.22 10:08:42.197,1.3341,1.3345,2.90,2.40
2010.04.22 10:08:43.557,1.3341,1.3345,3.70,2.40
2010.04.22 10:08:44.084,1.3341,1.3345,2.80,2.40
2010.04.22 10:08:44.204,1.3341,1.3345,1.00,2.40
2010.04.22 10:08:44.664,1.3341,1.3345,1.00,4.00
2010.04.22 10:08:45.005,1.3341,1.3345,1.00,4.50
2010.04.22 10:08:45.579,1.3341,1.3345,1.00,4.00
2010.04.22 10:08:45.799,1.3341,1.3345,2.90,4.00
2010.04.22 10:08:46.236,1.3341,1.3345,2.80,4.00
2010.04.22 10:08:46.456,1.3341,1.3345,1.00,4.50
2010.04.22 10:08:47.323,1.3341,1.3345,2.40,4.50
2010.04.22 10:08:47.616,1.3341,1.33445,2.80,1.60
2010.04.22 10:08:47.944,1.3341,1.33445,1.60,2.40
2010.04.22 10:08:51.354,1.33415,1.33445,1.00,2.40
2010.04.22 10:08:52.035,1.33415,1.3344,1.00,1.00
2010.04.22 10:08:54.023,1.33415,1.33445,1.00,1.00
2010.04.22 10:08:54.515,1.33415,1.33445,1.00,2.40
2010.04.22 10:08:54.551,1.33415,1.33445,1.00,4.00
2010.04.22 10:08:55.104,1.3342,1.33455,1.00,1.00
2010.04.22 10:08:55.418,1.3342,1.33455,1.00,1.00
2010.04.22 10:08:55.738,1.3342,1.3345,1.00,1.00
2010.04.22 10:08:56.054,1.33415,1.3345,1.00,2.90
2010.04.22 10:08:57.386,1.33415,1.33445,1.00,1.00
2010.04.22 10:08:58.527,1.33415,1.3344,1.00,1.00
2010.04.22 10:08:58.849,1.33415,1.33445,1.00,1.00
2010.04.22 10:08:59.615,1.33415,1.3345,1.00,5.30
2010.04.22 10:08:59.944,1.33415,1.3344,1.00,1.00
2010.04.22 10:09:00.590,1.33415,1.3344,1.00,1.30
2010.04.22 10:09:00.930,1.3341,1.3344,1.00,1.30
2010.04.22 10:09:01.270,1.3341,1.3344,1.00,2.90
2010.04.22 10:09:02.664,1.33385,1.3343,2.80,2.90
2010.04.22 10:09:02.891,1.33385,1.3343,1.20,2.90
2010.04.22 10:09:03.113,1.33385,1.3343,2.90,2.90
2010.04.22 10:09:03.529,1.3339,1.33435,2.00,1.00
2010.04.22 10:09:03.752,1.3341,1.33435,1.00,1.00
2010.04.22 10:09:04.433,1.33395,1.33435,1.20,2.40
2010.04.22 10:09:04.789,1.334,1.33435,1.60,2.40
2010.04.22 10:09:05.135,1.33415,1.33435,1.00,1.00
2010.04.22 10:09:05.482,1.33415,1.33445,1.00,2.40
2010.04.22 10:09:07.762,1.33415,1.3344,1.00,1.00
2010.04.22 10:09:08.512,1.33415,1.33445,1.00,2.40
2010.04.22 10:09:08.731,1.33415,1.33445,1.00,4.00
2010.04.22 10:09:10.309,1.33415,1.3344,1.00,1.60
2010.04.22 10:09:10.460,1.33415,1.3344,1.00,4.00
2010.04.22 10:09:11.084,1.33415,1.33435,1.00,1.60
2010.04.22 10:09:11.434,1.33415,1.33435,1.00,2.40
2010.04.22 10:09:11.787,1.33415,1.33435,1.00,1.00
2010.04.22 10:09:12.311,1.33415,1.3344,1.00,1.00
2010.04.22 10:09:16.027,1.33415,1.33445,1.00,4.00
2010.04.22 10:09:16.269,1.33415,1.33445,1.00,2.40
2010.04.22 10:09:16.447,1.33415,1.33445,1.00,2.80
2010.04.22 10:09:16.799,1.33415,1.3344,1.00,2.40
2010.04.22 10:09:18.669,1.33415,1.33435,1.00,1.60
2010.04.22 10:09:18.787,1.33415,1.33435,1.00,2.40
2010.04.22 10:09:20.087,1.33415,1.3344,1.00,4.50
2010.04.22 10:09:20.335,1.3341,1.3344,1.00,4.50
2010.04.22 10:09:20.838,1.3341,1.33435,1.00,3.20
2010.04.22 10:09:20.985,1.3341,1.33435,1.00,4.00
2010.04.22 10:09:22.547,1.3341,1.3344,1.00,4.60
2010.04.22 10:09:22.797,1.334,1.3344,1.00,4.50
2010.04.22 10:09:22.995,1.33395,1.3344,1.00,4.50
2010.04.22 10:09:23.253,1.33395,1.33435,1.00,1.00
2010.04.22 10:09:23.459,1.3341,1.33435,1.00,2.40
2010.04.22 10:09:23.897,1.3341,1.33435,1.00,1.00
2010.04.22 10:09:24.144,1.3341,1.3344,2.00,1.30
2010.04.22 10:09:24.420,1.33415,1.3344,1.00,1.00
2010.04.22 10:09:24.670,1.33415,1.33445,1.00,1.00
2010.04.22 10:09:25.943,1.33415,1.33445,1.00,4.00
2010.04.22 10:09:26.559,1.33415,1.3344,1.00,2.40
2010.04.22 10:09:30.253,1.33415,1.3344,1.00,1.00
2010.04.22 10:09:30.463,1.33415,1.33445,1.00,4.00
2010.04.22 10:09:32.748,1.33415,1.3345,1.00,4.00
2010.04.22 10:09:33.145,1.33415,1.3345,1.00,2.40
2010.04.22 10:09:33.446,1.33415,1.33455,1.00,4.00
2010.04.22 10:09:34.113,1.3342,1.33455,1.00,4.00
2010.04.22 10:09:34.519,1.33425,1.33465,1.30,5.60
2010.04.22 10:09:34.873,1.33415,1.3345,2.80,1.00
2010.04.22 10:09:35.216,1.33415,1.33445,1.20,3.70
2010.04.22 10:09:35.567,1.3341,1.3344,1.00,2.10
2010.04.22 10:09:36.089,1.3341,1.3343,1.00,2.40
2010.04.22 10:09:36.435,1.33385,1.3343,1.00,2.40
2010.04.22 10:09:37.342,1.33405,1.3343,1.00,2.40
2010.04.22 10:09:37.725,1.33405,1.33425,1.00,2.40
2010.04.22 10:09:38.355,1.33375,1.3343,2.80,3.70
2010.04.22 10:09:38.667,1.3338,1.3343,1.60,1.00
2010.04.22 10:09:38.973,1.3338,1.33435,2.40,3.70
2010.04.22 10:09:39.172,1.334,1.33435,1.00,3.70
2010.04.22 10:09:39.562,1.33385,1.33435,2.40,3.70
2010.04.22 10:09:39.995,1.3339,1.3344,1.60,5.30
2010.04.22 10:09:40.224,1.3339,1.3344,2.80,1.60
2010.04.22 10:09:40.451,1.33395,1.33445,1.60,3.70
2010.04.22 10:09:40.682,1.3341,1.3344,1.00,1.60
2010.04.22 10:09:40.912,1.3341,1.33445,1.00,3.70
2010.04.22 10:09:41.141,1.33415,1.33445,1.00,3.70
2010.04.22 10:09:41.484,1.33415,1.3344,1.00,2.40
2010.04.22 10:09:41.837,1.33415,1.33435,1.00,2.90
2010.04.22 10:09:42.184,1.3341,1.33435,1.00,2.40
2010.04.22 10:09:43.611,1.3341,1.33435,1.00,1.00
2010.04.22 10:09:44.980,1.3341,1.33435,1.00,4.00
2010.04.22 10:09:45.261,1.3341,1.3343,1.00,1.00
2010.04.22 10:09:45.540,1.33385,1.3343,2.40,1.00
2010.04.22 10:09:46.160,1.3338,1.3343,2.80,4.50
2010.04.22 10:09:48.662,1.33385,1.33425,1.20,2.90
2010.04.22 10:09:48.829,1.33385,1.33425,6.00,2.90
2010.04.22 10:09:48.911,1.3339,1.33425,2.10,1.00
2010.04.22 10:09:49.229,1.3339,1.3343,2.90,1.00
2010.04.22 10:09:49.309,1.3339,1.3343,3.70,1.00
2010.04.22 10:09:49.604,1.33395,1.3344,1.00,2.40
2010.04.22 10:09:50.969,1.33395,1.33435,1.00,1.00
2010.04.22 10:09:51.140,1.33395,1.33435,1.00,1.20
2010.04.22 10:09:51.584,1.3339,1.33435,2.80,2.80
2010.04.22 10:09:51.752,1.3339,1.33435,2.80,4.40
2010.04.22 10:09:52.441,1.33395,1.33435,1.00,2.80
2010.04.22 10:09:52.954,1.33395,1.33435,1.00,1.20
2010.04.22 10:09:53.287,1.33395,1.33435,1.00,1.40
2010.04.22 10:09:53.718,1.33395,1.33435,1.00,1.30
2010.04.22 10:09:54.438,1.33395,1.33435,1.00,1.20
2010.04.22 10:09:55.879,1.33395,1.33435,1.00,2.10
2010.04.22 10:09:56.111,1.3339,1.33435,2.80,4.40
2010.04.22 10:09:56.760,1.33395,1.33435,1.00,4.40
2010.04.22 10:09:59.068,1.33395,1.33435,1.00,1.00
2010.04.22 10:09:59.286,1.33395,1.33435,1.00,1.00
2010.04.22 10:09:59.747,1.334,1.3344,1.00,2.40
2010.04.22 10:10:07.116,1.334,1.33435,1.00,1.00
2010.04.22 10:10:09.957,1.334,1.3344,1.00,2.80
2010.04.22 10:10:10.094,1.334,1.3344,1.00,2.40
2010.04.22 10:10:10.826,1.334,1.3344,1.00,4.00
2010.04.22 10:10:11.108,1.334,1.33435,1.00,1.00
2010.04.22 10:10:13.974,1.334,1.33435,1.00,1.30
2010.04.22 10:10:14.065,1.334,1.3343,1.00,1.00
2010.04.22 10:10:14.156,1.334,1.33435,1.00,1.40
2010.04.22 10:10:15.238,1.334,1.33435,1.00,1.00
2010.04.22 10:10:15.566,1.334,1.3344,1.00,4.60
2010.04.22 10:10:17.631,1.334,1.3344,1.00,4.50
2010.04.22 10:10:20.351,1.334,1.3344,1.20,2.40
2010.04.22 10:10:20.571,1.334,1.33445,1.20,4.40
2010.04.22 10:10:20.791,1.334,1.33445,2.80,4.40
2010.04.22 10:10:22.763,1.334,1.33445,2.80,4.50
2010.04.22 10:10:23.164,1.334,1.33435,2.40,1.00
2010.04.22 10:10:23.650,1.334,1.33445,2.40,4.50
2010.04.22 10:10:24.370,1.334,1.3344,2.40,1.00
2010.04.22 10:10:26.060,1.334,1.3344,2.40,1.60
2010.04.22 10:10:26.273,1.33395,1.33435,1.20,1.20
2010.04.22 10:10:26.488,1.33395,1.33435,1.00,1.20
2010.04.22 10:10:27.332,1.334,1.33435,1.00,1.00
2010.04.22 10:10:27.629,1.334,1.3344,1.00,4.00
2010.04.22 10:10:27.932,1.334,1.3344,1.20,2.40
2010.04.22 10:10:28.360,1.334,1.3344,2.80,1.00
2010.04.22 10:10:28.620,1.334,1.33435,1.20,3.70
2010.04.22 10:10:28.867,1.33395,1.3343,1.60,1.00
2010.04.22 10:10:29.118,1.3339,1.33435,2.40,1.20
2010.04.22 10:10:29.365,1.3339,1.33435,2.80,6.10
2010.04.22 10:10:29.714,1.3339,1.3343,2.40,1.00
2010.04.22 10:10:30.910,1.3339,1.3343,2.40,1.00
2010.04.22 10:10:31.250,1.33385,1.33425,4.90,1.00
2010.04.22 10:10:32.268,1.33385,1.33425,2.80,1.00
2010.04.22 10:10:32.608,1.33385,1.33425,1.20,2.00
2010.04.22 10:10:32.879,1.33385,1.33425,1.20,2.80
2010.04.22 10:10:33.215,1.33385,1.33425,1.20,3.70
2010.04.22 10:10:33.481,1.33385,1.33425,1.20,4.50
2010.04.22 10:10:33.785,1.33385,1.3342,1.00,1.00
2010.04.22 10:10:34.081,1.33385,1.33415,1.00,1.00
2010.04.22 10:10:34.382,1.33385,1.3342,2.00,1.30
2010.04.22 10:10:34.680,1.3339,1.3342,1.60,1.00
2010.04.22 10:10:35.024,1.33395,1.3343,2.00,1.00
2010.04.22 10:10:35.374,1.33395,1.33435,1.20,5.60
2010.04.22 10:10:35.722,1.33395,1.3343,2.90,1.60
2010.04.22 10:10:36.271,1.33395,1.33435,2.90,2.90
2010.04.22 10:10:36.628,1.3339,1.33425,1.20,1.00
2010.04.22 10:10:36.975,1.3339,1.33425,1.00,2.00
2010.04.22 10:10:37.327,1.33385,1.33415,1.00,2.80
2010.04.22 10:10:37.678,1.33385,1.33415,1.00,2.40
2010.04.22 10:10:38.211,1.33395,1.33415,2.40,1.00
2010.04.22 10:10:38.564,1.334,1.33415,1.60,1.00
2010.04.22 10:10:38.911,1.334,1.33425,4.00,1.00
2010.04.22 10:10:39.443,1.334,1.33435,1.00,1.00
2010.04.22 10:10:39.797,1.33395,1.3344,2.80,1.20
2010.04.22 10:10:40.124,1.334,1.3344,1.00,1.20
2010.04.22 10:10:41.436,1.334,1.3344,1.00,4.40
2010.04.22 10:10:41.779,1.334,1.3344,1.60,1.00
2010.04.22 10:10:42.168,1.33405,1.33445,1.00,2.40
2010.04.22 10:10:42.521,1.334,1.3344,1.00,4.40
2010.04.22 10:10:43.211,1.33395,1.3344,2.80,1.00
2010.04.22 10:10:43.559,1.334,1.3344,1.00,1.20
2010.04.22 10:10:43.912,1.334,1.33435,1.00,2.20
2010.04.22 10:10:44.356,1.33395,1.3343,1.00,3.20
2010.04.22 10:10:44.673,1.3339,1.3343,1.00,1.00
2010.04.22 10:10:44.982,1.3339,1.3343,1.00,2.20
2010.04.22 10:10:45.665,1.3339,1.3343,1.00,3.00
2010.04.22 10:10:46.346,1.3339,1.3343,2.90,1.00
2010.04.22 10:10:46.615,1.33395,1.33435,1.00,4.60
2010.04.22 10:10:46.886,1.3339,1.33435,3.30,4.60
2010.04.22 10:10:47.156,1.3339,1.3343,3.30,1.00
2010.04.22 10:10:47.907,1.33395,1.33435,1.00,4.60
2010.04.22 10:10:48.247,1.33395,1.33435,2.80,1.00
2010.04.22 10:10:48.551,1.334,1.3344,4.50,1.20
2010.04.22 10:10:48.846,1.33405,1.33445,1.00,2.90
2010.04.22 10:10:49.145,1.334,1.3344,4.50,1.60
2010.04.22 10:10:49.485,1.334,1.3344,2.90,2.40
2010.04.22 10:10:50.774,1.334,1.3344,4.50,2.40
2010.04.22 10:10:51.185,1.33405,1.3344,1.00,1.60
2010.04.22 10:10:51.697,1.33405,1.33435,2.40,1.00
2010.04.22 10:10:52.009,1.3341,1.3345,1.00,4.50
2010.04.22 10:10:52.996,1.3341,1.3345,2.80,4.00
2010.04.22 10:10:53.335,1.3341,1.3345,2.90,1.00
2010.04.22 10:10:53.584,1.3341,1.3345,2.80,1.00
2010.04.22 10:10:53.837,1.3341,1.33445,1.00,1.00
2010.04.22 10:10:54.097,1.33405,1.33445,1.20,1.00
2010.04.22 10:10:54.354,1.33405,1.3345,2.80,5.40
2010.04.22 10:10:54.697,1.3341,1.33445,1.00,1.00
2010.04.22 10:10:55.222,1.3341,1.3345,4.40,1.50
2010.04.22 10:10:55.387,1.3341,1.3345,4.40,1.00
2010.04.22 10:10:56.414,1.3341,1.3345,1.20,3.10
2010.04.22 10:10:56.726,1.3341,1.3344,1.00,1.00
2010.04.22 10:10:57.036,1.33405,1.3344,1.20,1.00
2010.04.22 10:10:57.346,1.334,1.33435,1.20,1.00
2010.04.22 10:10:58.374,1.334,1.3343,1.00,1.00
2010.04.22 10:10:58.714,1.33395,1.33435,2.80,1.00
2010.04.22 10:10:59.053,1.334,1.3344,2.00,1.50
2010.04.22 10:10:59.393,1.334,1.3344,2.80,1.00
2010.04.22 10:10:59.733,1.33405,1.3344,1.00,1.00
2010.04.22 10:11:00.064,1.33405,1.33445,1.00,2.90
2010.04.22 10:11:00.395,1.3341,1.3345,1.00,2.90
2010.04.22 10:11:00.723,1.3341,1.3345,1.00,2.40
2010.04.22 10:11:01.066,1.3341,1.33445,1.00,2.00
2010.04.22 10:11:01.414,1.33405,1.33445,3.00,2.80
2010.04.22 10:11:01.755,1.3341,1.33445,1.00,1.00
2010.04.22 10:11:02.105,1.3341,1.3345,3.00,4.00
2010.04.22 10:11:02.982,1.3341,1.3345,3.00,1.00
2010.04.22 10:11:04.160,1.3341,1.3345,3.00,2.40
2010.04.22 10:11:04.369,1.3341,1.3345,3.00,4.40
2010.04.22 10:11:04.575,1.3341,1.33445,2.20,1.00
2010.04.22 10:11:05.291,1.3342,1.33445,2.20,1.00
2010.04.22 10:11:05.633,1.3342,1.33455,2.20,4.00
2010.04.22 10:11:05.974,1.3341,1.33455,5.00,4.40
2010.04.22 10:11:08.450,1.3341,1.33455,5.10,4.40
2010.04.22 10:11:08.789,1.3342,1.33455,1.60,2.80
2010.04.22 10:11:09.165,1.3342,1.33455,2.20,1.00
2010.04.22 10:11:11.780,1.3343,1.33455,1.60,1.00
2010.04.22 10:11:12.128,1.33425,1.33465,1.00,3.70
2010.04.22 10:11:12.473,1.3342,1.33455,1.20,1.00
2010.04.22 10:11:13.015,1.33415,1.33455,2.80,1.00
2010.04.22 10:11:13.363,1.33415,1.33455,2.80,2.80
2010.04.22 10:11:20.107,1.33415,1.3345,2.00,1.00
2010.04.22 10:11:20.328,1.3341,1.3345,2.80,1.00
2010.04.22 10:11:20.554,1.3341,1.3345,2.80,1.00
2010.04.22 10:11:20.964,1.33415,1.33455,1.20,2.80
2010.04.22 10:11:21.171,1.3341,1.33455,1.20,2.80
2010.04.22 10:11:21.380,1.3341,1.33455,1.20,4.40
2010.04.22 10:11:22.266,1.3341,1.33455,2.80,4.40
2010.04.22 10:11:22.608,1.33415,1.33455,1.00,4.40
2010.04.22 10:11:22.826,1.3341,1.33455,1.20,4.40
2010.04.22 10:11:24.326,1.3341,1.33455,1.20,4.40
2010.04.22 10:11:24.440,1.3342,1.33455,2.20,4.40
2010.04.22 10:11:24.668,1.3342,1.33455,2.20,4.00
2010.04.22 10:11:25.006,1.3342,1.33455,2.20,1.00
2010.04.22 10:11:26.630,1.3342,1.3345,1.60,1.60
2010.04.22 10:11:26.946,1.33425,1.3345,1.60,1.60
2010.04.22 10:11:27.293,1.3341,1.3345,2.20,4.40
2010.04.22 10:11:30.455,1.3341,1.3345,2.30,4.40
2010.04.22 10:11:30.786,1.3341,1.3345,1.20,1.00
2010.04.22 10:11:31.117,1.3341,1.3345,2.80,1.00
2010.04.22 10:11:31.447,1.33425,1.3345,1.60,1.00
2010.04.22 10:11:31.797,1.33425,1.3346,1.00,2.40
2010.04.22 10:11:32.137,1.33415,1.33455,1.50,2.00
2010.04.22 10:11:32.475,1.3342,1.33455,2.00,2.40
2010.04.22 10:11:32.895,1.3342,1.33455,2.20,2.40
2010.04.22 10:11:33.814,1.3343,1.3346,1.60,2.80
2010.04.22 10:11:33.945,1.3343,1.3346,1.60,1.00
2010.04.22 10:11:34.075,1.3343,1.3346,2.10,1.00
2010.04.22 10:11:34.362,1.3343,1.3346,1.00,1.00
2010.04.22 10:11:34.714,1.33425,1.33465,1.20,4.40
2010.04.22 10:11:35.053,1.33425,1.33465,1.00,4.40
2010.04.22 10:11:35.646,1.3342,1.3346,1.20,1.00
2010.04.22 10:11:35.894,1.3342,1.3346,1.60,1.00
2010.04.22 10:11:37.412,1.3342,1.3346,1.70,1.00
2010.04.22 10:11:41.421,1.3342,1.3346,1.60,1.00
2010.04.22 10:11:42.093,1.3342,1.33465,1.60,4.40
2010.04.22 10:11:42.385,1.3342,1.33455,1.20,1.00
2010.04.22 10:11:43.188,1.33415,1.33455,4.40,1.00
2010.04.22 10:11:43.344,1.33415,1.33455,4.40,1.30
2010.04.22 10:11:45.427,1.33425,1.33465,1.60,4.50
2010.04.22 10:11:45.715,1.33425,1.33465,1.00,2.90
2010.04.22 10:11:46.005,1.33425,1.33465,1.00,4.50
2010.04.22 10:11:46.301,1.3342,1.33465,2.80,4.50
2010.04.22 10:11:46.591,1.3342,1.3346,1.20,1.00
2010.04.22 10:11:47.511,1.3342,1.3346,1.00,1.00
2010.04.22 10:11:47.855,1.3342,1.33455,1.00,1.00
2010.04.22 10:11:48.203,1.33425,1.3346,1.00,4.00
2010.04.22 10:11:48.503,1.33425,1.3346,2.10,1.00
2010.04.22 10:11:49.753,1.33425,1.33465,2.00,2.90
2010.04.22 10:11:52.491,1.3342,1.33455,1.20,1.00
2010.04.22 10:11:52.780,1.3342,1.33455,1.00,1.00
2010.04.22 10:11:53.069,1.33415,1.33455,4.40,1.30
2010.04.22 10:11:55.723,1.33415,1.33455,2.00,4.50
2010.04.22 10:11:55.951,1.33415,1.33455,1.00,4.50
2010.04.22 10:11:56.169,1.33415,1.33455,1.00,4.60
2010.04.22 10:11:56.280,1.3341,1.33455,1.20,7.00
2010.04.22 10:11:56.625,1.3341,1.3345,1.00,2.90
2010.04.22 10:11:56.974,1.3341,1.3345,1.20,2.40
2010.04.22 10:11:57.657,1.3341,1.3345,1.20,2.40
2010.04.22 10:11:58.000,1.33415,1.3345,2.00,1.00
2010.04.22 10:11:59.342,1.3342,1.3345,2.00,1.00
2010.04.22 10:11:59.575,1.33415,1.3346,2.80,4.50
2010.04.22 10:11:59.803,1.33415,1.3346,2.90,4.50
2010.04.22 10:12:00.111,1.3342,1.3346,1.00,4.00
2010.04.22 10:12:00.339,1.3342,1.3346,1.20,4.00
2010.04.22 10:12:04.385,1.33425,1.3346,1.60,4.00
2010.04.22 10:12:04.671,1.3342,1.3346,1.20,1.00
2010.04.22 10:12:05.167,1.3342,1.3346,1.60,4.00
2010.04.22 10:12:05.419,1.3342,1.33455,1.00,1.00
2010.04.22 10:12:05.844,1.3342,1.33455,1.00,1.00
2010.04.22 10:12:06.189,1.3342,1.33455,1.00,1.00
2010.04.22 10:12:06.526,1.3342,1.3346,1.60,4.00
2010.04.22 10:12:07.279,1.3342,1.33455,1.60,1.60
2010.04.22 10:12:07.616,1.3342,1.33455,1.00,2.40
2010.04.22 10:12:07.948,1.3342,1.3345,1.00,1.60
2010.04.22 10:12:08.288,1.3341,1.3345,1.20,3.70
2010.04.22 10:12:08.630,1.334,1.3344,2.80,1.00
2010.04.22 10:12:10.018,1.334,1.3343,2.80,1.00
2010.04.22 10:12:10.189,1.334,1.3343,1.00,1.00
2010.04.22 10:12:10.357,1.33395,1.3343,1.20,1.00
2010.04.22 10:12:11.128,1.3339,1.3343,1.20,1.00
2010.04.22 10:12:11.464,1.3339,1.3343,1.60,1.00
2010.04.22 10:12:11.805,1.3339,1.3343,1.20,1.00
2010.04.22 10:12:12.691,1.3339,1.3342,1.00,1.00
2010.04.22 10:12:12.959,1.3339,1.33425,1.00,1.00
2010.04.22 10:12:13.179,1.3339,1.3343,1.00,2.80
2010.04.22 10:12:13.635,1.3339,1.3343,1.20,2.80
2010.04.22 10:12:13.850,1.3339,1.3343,2.80,2.00
2010.04.22 10:12:14.065,1.33395,1.3343,1.00,1.00
2010.04.22 10:12:14.407,1.3339,1.3343,1.20,2.90
2010.04.22 10:12:15.099,1.3339,1.3343,1.20,2.80
2010.04.22 10:12:15.387,1.33395,1.3343,1.00,1.00
2010.04.22 10:12:15.677,1.33395,1.3343,1.00,3.70
2010.04.22 10:12:15.970,1.3339,1.3343,1.20,4.40
2010.04.22 10:12:17.457,1.3339,1.3342,1.20,1.00
2010.04.22 10:12:17.735,1.3339,1.3342,1.00,1.00
2010.04.22 10:12:18.568,1.3339,1.3343,1.00,4.50
2010.04.22 10:12:20.667,1.3339,1.3342,1.00,1.00
2010.04.22 10:12:21.277,1.3339,1.3343,1.00,4.50
2010.04.22 10:12:22.186,1.3339,1.3342,1.00,1.00
2010.04.22 10:12:22.915,1.3339,1.3343,1.00,4.50
2010.04.22 10:12:24.704,1.3339,1.3343,1.00,4.40
2010.04.22 10:12:26.117,1.3339,1.3342,1.00,1.00
2010.04.22 10:12:26.374,1.33385,1.3342,1.00,1.00
2010.04.22 10:12:26.634,1.33385,1.3342,1.00,2.80
2010.04.22 10:12:26.894,1.33385,1.3342,1.20,1.00
2010.04.22 10:12:27.531,1.33385,1.3342,1.00,1.00
2010.04.22 10:12:28.020,1.3339,1.3343,2.40,1.20
2010.04.22 10:12:28.485,1.3339,1.3343,2.80,1.20
2010.04.22 10:12:28.721,1.3339,1.3343,3.20,1.20
2010.04.22 10:12:28.952,1.3339,1.3343,2.80,1.20
2010.04.22 10:12:29.887,1.3339,1.3343,1.00,4.40
2010.04.22 10:12:30.235,1.3339,1.33425,1.00,1.60
2010.04.22 10:12:30.514,1.33395,1.3343,1.00,4.40
2010.04.22 10:12:30.793,1.334,1.3343,2.00,1.00
2010.04.22 10:12:31.521,1.33405,1.3344,1.20,1.00
2010.04.22 10:12:32.869,1.33405,1.3344,1.00,2.80
2010.04.22 10:12:35.047,1.33405,1.33435,1.00,1.60
2010.04.22 10:12:35.219,1.33405,1.33435,1.00,2.40
2010.04.22 10:12:35.548,1.33405,1.3343,1.00,1.00
2010.04.22 10:12:35.721,1.334,1.3343,1.00,1.00
2010.04.22 10:12:36.359,1.33395,1.3343,2.80,1.00
2010.04.22 10:12:40.709,1.33395,1.3343,1.00,1.00
2010.04.22 10:12:41.186,1.33395,1.3343,2.00,1.00
2010.04.22 10:12:41.346,1.33395,1.3343,2.80,1.00
2010.04.22 10:12:45.148,1.33395,1.3343,4.40,1.00
2010.04.22 10:12:45.297,1.33395,1.3344,4.40,2.80
2010.04.22 10:12:45.477,1.334,1.3344,1.00,2.80
2010.04.22 10:12:45.835,1.334,1.3344,1.20,2.80
2010.04.22 10:12:48.731,1.334,1.3344,2.80,2.80
2010.04.22 10:12:49.178,1.334,1.3344,2.00,2.80
2010.04.22 10:12:52.053,1.334,1.3344,1.60,2.80
2010.04.22 10:12:52.324,1.334,1.3344,2.00,2.80
2010.04.22 10:12:53.207,1.334,1.3344,2.80,1.20
2010.04.22 10:12:53.425,1.334,1.3344,2.80,2.80
2010.04.22 10:12:53.639,1.334,1.3344,2.00,4.40
2010.04.22 10:12:53.852,1.3341,1.33435,1.60,1.00
2010.04.22 10:12:54.199,1.3341,1.33445,2.00,1.00
2010.04.22 10:12:54.551,1.3341,1.33445,1.00,1.00
2010.04.22 10:12:54.898,1.33405,1.33445,1.20,4.00
2010.04.22 10:12:55.245,1.33405,1.3344,1.00,1.00
2010.04.22 10:12:57.182,1.3341,1.33445,2.00,2.40
2010.04.22 10:12:57.444,1.33405,1.33445,1.20,2.90
2010.04.22 10:12:57.706,1.33405,1.33445,1.20,4.50
2010.04.22 10:12:57.966,1.3341,1.3344,2.10,1.00
2010.04.22 10:12:58.419,1.3341,1.33445,2.10,2.40
2010.04.22 10:12:58.769,1.3341,1.3345,2.90,4.40
2010.04.22 10:13:00.122,1.3341,1.3345,2.80,4.40
2010.04.22 10:13:01.089,1.3341,1.3345,1.00,4.40
2010.04.22 10:13:01.338,1.3341,1.3345,2.00,4.40
2010.04.22 10:13:01.684,1.3341,1.3345,1.00,4.40
2010.04.22 10:13:05.172,1.3341,1.33445,1.00,3.20
2010.04.22 10:13:05.579,1.33405,1.3344,1.00,2.80
2010.04.22 10:13:06.151,1.334,1.3344,1.20,2.80
2010.04.22 10:13:07.417,1.33395,1.33435,2.80,1.00
2010.04.22 10:13:07.682,1.334,1.3344,1.00,2.80
2010.04.22 10:13:07.951,1.334,1.3344,1.20,2.80
2010.04.22 10:13:08.965,1.33405,1.3344,1.00,1.00
2010.04.22 10:13:09.144,1.33405,1.3344,2.40,1.00
2010.04.22 10:13:10.012,1.334,1.3344,1.20,2.80
2010.04.22 10:13:13.482,1.334,1.3344,1.30,2.80
2010.04.22 10:13:14.084,1.334,1.3344,1.20,2.80
2010.04.22 10:13:14.835,1.33405,1.3344,1.00,1.00
2010.04.22 10:13:16.075,1.33405,1.3344,2.40,1.00
2010.04.22 10:13:16.558,1.33405,1.3344,2.80,1.00
2010.04.22 10:13:16.901,1.33405,1.33445,2.80,2.80
2010.04.22 10:13:17.922,1.3341,1.33445,3.20,1.20
2010.04.22 10:13:18.444,1.3341,1.33455,4.90,6.40
2010.04.22 10:13:18.792,1.3341,1.3345,3.30,1.00
2010.04.22 10:13:19.090,1.3341,1.3345,3.30,2.80
2010.04.22 10:13:22.548,1.3341,1.3345,2.90,2.80
2010.04.22 10:13:23.256,1.3341,1.3345,4.50,1.20
2010.04.22 10:13:23.480,1.3341,1.3345,2.80,2.00
2010.04.22 10:13:23.860,1.3341,1.3344,1.00,1.00
2010.04.22 10:13:24.081,1.33395,1.3343,1.00,1.00
2010.04.22 10:13:24.301,1.3339,1.33425,1.20,1.00
2010.04.22 10:13:24.517,1.3339,1.33425,1.00,2.10
2010.04.22 10:13:24.737,1.33385,1.33425,2.80,2.10
2010.04.22 10:13:26.436,1.33385,1.33425,2.80,1.00
2010.04.22 10:13:26.855,1.33385,1.33425,1.20,3.70
2010.04.22 10:13:27.066,1.33385,1.33425,1.00,4.50
2010.04.22 10:13:29.876,1.33385,1.33425,2.80,1.30
2010.04.22 10:13:30.027,1.33395,1.33425,1.00,1.00
2010.04.22 10:13:30.326,1.33395,1.3343,1.00,3.20
2010.04.22 10:13:30.667,1.33385,1.33425,1.20,5.30
2010.04.22 10:13:31.007,1.33385,1.33415,1.00,1.00
2010.04.22 10:13:34.977,1.33385,1.3341,1.00,2.90
2010.04.22 10:13:36.115,1.33385,1.3341,1.00,2.40
2010.04.22 10:13:36.454,1.33385,1.33405,1.00,1.00
2010.04.22 10:13:36.793,1.3337,1.33405,1.00,1.00
2010.04.22 10:13:38.419,1.33375,1.33405,1.00,1.00
2010.04.22 10:13:38.644,1.3338,1.33415,1.00,6.10
2010.04.22 10:13:39.265,1.3338,1.3341,1.00,3.20
2010.04.22 10:13:39.623,1.3337,1.33405,1.20,1.00
2010.04.22 10:13:39.817,1.3338,1.3341,1.00,4.00
2010.04.22 10:13:40.873,1.33385,1.3341,1.00,4.00
2010.04.22 10:13:41.360,1.33385,1.3341,1.00,1.00
2010.04.22 10:13:41.796,1.33385,1.33415,1.00,4.40
2010.04.22 10:13:42.025,1.33385,1.33415,1.00,2.40
2010.04.22 10:13:42.248,1.33385,1.33415,1.00,4.40
2010.04.22 10:13:42.600,1.33385,1.3341,1.00,1.00
2010.04.22 10:13:42.948,1.33385,1.33415,1.00,2.40
2010.04.22 10:13:44.134,1.33385,1.33415,1.00,4.40
2010.04.22 10:13:44.463,1.33385,1.3341,1.00,1.60
2010.04.22 10:13:44.712,1.33385,1.3341,1.00,2.40
2010.04.22 10:13:46.591,1.3338,1.3341,1.00,2.40
2010.04.22 10:13:47.152,1.3338,1.33415,1.00,4.40
2010.04.22 10:13:47.434,1.33385,1.33415,1.00,2.40
2010.04.22 10:13:49.225,1.33385,1.3341,1.00,1.60
2010.04.22 10:13:49.503,1.33385,1.3341,1.00,2.40
2010.04.22 10:13:49.867,1.3338,1.3341,1.00,4.00
2010.04.22 10:13:50.145,1.3338,1.3341,1.00,4.40
2010.04.22 10:13:51.495,1.3338,1.3341,1.00,4.00
2010.04.22 10:13:52.099,1.33385,1.3341,1.00,4.00
2010.04.22 10:13:53.602,1.3338,1.33405,1.00,1.60
2010.04.22 10:13:53.942,1.3338,1.334,1.00,2.40
2010.04.22 10:13:54.147,1.3338,1.334,1.00,1.00
2010.04.22 10:13:54.273,1.33365,1.33405,2.40,2.40
2010.04.22 10:13:54.371,1.33365,1.33405,3.20,2.40
2010.04.22 10:13:54.579,1.3338,1.33405,1.00,2.40
2010.04.22 10:13:56.378,1.3338,1.33405,1.00,1.00
2010.04.22 10:13:56.589,1.3338,1.3341,1.00,4.40
2010.04.22 10:13:58.162,1.3338,1.3341,1.00,4.00
2010.04.22 10:13:58.380,1.33385,1.3341,1.00,4.00
2010.04.22 10:14:03.347,1.33385,1.3341,1.00,1.00
2010.04.22 10:14:03.577,1.33385,1.33415,1.00,6.00
2010.04.22 10:14:07.125,1.33385,1.33415,1.00,4.40
2010.04.22 10:14:07.276,1.33385,1.33415,1.00,4.00
2010.04.22 10:14:09.415,1.33385,1.33415,1.00,2.40
2010.04.22 10:14:09.475,1.33385,1.33415,1.00,1.00
2010.04.22 10:14:09.596,1.33385,1.33415,1.20,1.00
2010.04.22 10:14:09.656,1.33395,1.3342,1.60,1.00
2010.04.22 10:14:09.715,1.33395,1.33425,2.10,2.80
2010.04.22 10:14:09.826,1.33395,1.33425,2.00,2.40
2010.04.22 10:14:09.945,1.33395,1.33425,1.00,4.00
2010.04.22 10:14:10.271,1.33395,1.33425,1.00,2.40
2010.04.22 10:14:10.472,1.33385,1.33425,1.00,2.40
2010.04.22 10:14:10.816,1.3339,1.33425,1.00,2.40
2010.04.22 10:14:15.074,1.3339,1.33425,1.00,2.80
2010.04.22 10:14:15.221,1.3339,1.33425,1.00,2.40
2010.04.22 10:14:15.365,1.3339,1.33425,1.00,2.40
2010.04.22 10:14:16.300,1.3339,1.33425,1.00,3.60
2010.04.22 10:14:16.648,1.33385,1.33425,1.20,5.20
2010.04.22 10:14:18.676,1.33385,1.33415,1.20,1.60
2010.04.22 10:14:18.908,1.33385,1.3342,1.20,1.60
2010.04.22 10:14:19.258,1.33385,1.3342,1.00,3.20
2010.04.22 10:14:19.521,1.33385,1.33415,1.00,2.40
2010.04.22 10:14:20.115,1.33385,1.33415,1.00,2.40
2010.04.22 10:14:20.459,1.33385,1.33415,1.00,5.30
2010.04.22 10:14:25.293,1.33385,1.33415,1.00,4.50
2010.04.22 10:14:25.604,1.33385,1.33415,1.00,2.80
2010.04.22 10:14:25.916,1.33385,1.33425,1.20,2.80
2010.04.22 10:14:29.793,1.33385,1.3342,1.00,2.40
2010.04.22 10:14:30.135,1.33385,1.33415,1.00,3.60
2010.04.22 10:14:30.483,1.33385,1.33415,1.00,4.40
2010.04.22 10:14:30.806,1.33385,1.33415,1.00,1.20
2010.04.22 10:14:31.134,1.33385,1.33415,1.00,1.00
2010.04.22 10:14:31.931,1.33385,1.33415,1.00,1.20
2010.04.22 10:14:33.577,1.33385,1.33415,1.00,1.00
2010.04.22 10:14:33.892,1.33385,1.3343,1.20,4.80
2010.04.22 10:14:34.162,1.33385,1.33425,1.20,3.70
2010.04.22 10:14:34.432,1.33385,1.33425,1.00,4.50
2010.04.22 10:14:34.702,1.33385,1.3342,1.00,1.60
2010.04.22 10:14:35.040,1.33385,1.3342,1.00,2.40
2010.04.22 10:14:35.723,1.33385,1.33415,1.00,1.00
2010.04.22 10:14:36.136,1.33385,1.3342,1.00,4.00
2010.04.22 10:14:36.283,1.33385,1.33415,1.00,1.60
2010.04.22 10:14:36.756,1.33385,1.3341,1.00,1.60
2010.04.22 10:14:37.106,1.33385,1.3341,1.00,2.40
2010.04.22 10:14:41.421,1.33385,1.33415,1.00,4.00
2010.04.22 10:14:42.140,1.33385,1.33415,1.00,4.40
2010.04.22 10:14:42.902,1.33385,1.33415,2.00,1.20
2010.04.22 10:14:43.159,1.33385,1.3342,2.00,2.40
2010.04.22 10:14:44.953,1.3339,1.3342,1.00,1.00
2010.04.22 10:14:45.199,1.3339,1.3343,1.00,2.80
2010.04.22 10:14:45.453,1.3339,1.3343,1.20,2.80
2010.04.22 10:14:45.699,1.3339,1.3343,1.60,2.80
2010.04.22 10:14:46.099,1.3339,1.3343,1.20,2.80
2010.04.22 10:14:46.450,1.3339,1.3343,2.80,2.40
2010.04.22 10:14:48.478,1.3339,1.33425,1.20,3.20
2010.04.22 10:14:48.662,1.3339,1.33425,1.00,4.00
2010.04.22 10:14:48.842,1.33385,1.33425,1.20,4.00
2010.04.22 10:14:49.778,1.33385,1.33425,2.80,4.00
2010.04.22 10:14:50.121,1.3339,1.33425,1.00,1.00
2010.04.22 10:14:51.211,1.33385,1.33425,1.20,4.00
2010.04.22 10:14:51.454,1.33385,1.33425,1.00,4.00
2010.04.22 10:14:53.808,1.3339,1.33425,1.00,4.00
2010.04.22 10:14:54.107,1.3339,1.33425,1.00,4.00
2010.04.22 10:14:54.325,1.33385,1.33425,1.00,4.00
2010.04.22 10:14:55.428,1.3339,1.33425,1.00,4.00
2010.04.22 10:14:55.767,1.334,1.3343,1.00,1.60
2010.04.22 10:14:56.065,1.334,1.33435,1.00,4.00
2010.04.22 10:14:56.480,1.334,1.33435,1.00,2.40
2010.04.22 10:14:57.124,1.334,1.33435,1.00,4.00
2010.04.22 10:15:00.060,1.3339,1.3343,2.80,2.00
2010.04.22 10:15:01.394,1.334,1.3343,1.00,1.60
2010.04.22 10:15:01.734,1.3339,1.33435,2.80,4.00
2010.04.22 10:15:02.073,1.3339,1.33435,3.20,4.00
2010.04.22 10:15:02.854,1.3339,1.33435,2.80,4.00
2010.04.22 10:15:04.222,1.33395,1.33435,5.20,4.00
2010.04.22 10:15:04.632,1.334,1.3344,2.40,2.40
2010.04.22 10:15:04.720,1.334,1.3344,4.00,1.00
2010.04.22 10:15:04.804,1.33405,1.3344,1.00,1.00
2010.04.22 10:15:04.882,1.33405,1.33445,1.20,6.00
2010.04.22 10:15:05.668,1.33405,1.33445,1.20,6.10
2010.04.22 10:15:06.018,1.33405,1.33445,2.80,1.00
2010.04.22 10:15:06.363,1.3341,1.33445,1.00,1.00
2010.04.22 10:15:07.045,1.33415,1.3345,1.00,1.00
2010.04.22 10:15:07.723,1.3342,1.33455,1.00,2.80
2010.04.22 10:15:08.063,1.3342,1.33455,1.00,1.00
2010.04.22 10:15:08.405,1.3342,1.3346,1.00,6.10
2010.04.22 10:15:09.082,1.3342,1.33455,1.00,2.00
2010.04.22 10:15:09.641,1.33415,1.33455,2.80,2.00
2010.04.22 10:15:10.712,1.33415,1.33445,2.80,1.60
2010.04.22 10:15:10.922,1.33415,1.33445,1.20,1.60
2010.04.22 10:15:11.151,1.33415,1.33445,1.20,2.10
2010.04.22 10:15:11.367,1.33415,1.33445,1.00,2.10
2010.04.22 10:15:13.723,1.33415,1.33445,1.00,1.60
2010.04.22 10:15:14.659,1.33415,1.3345,1.00,1.00
2010.04.22 10:15:14.915,1.33415,1.3345,2.40,1.00
2010.04.22 10:15:16.364,1.33415,1.3345,2.80,1.00
2010.04.22 10:15:16.984,1.3342,1.3346,1.20,2.80
2010.04.22 10:15:17.920,1.3342,1.3346,1.20,2.80
2010.04.22 10:15:18.607,1.3342,1.33455,1.20,1.60
2010.04.22 10:15:18.954,1.3342,1.3345,1.20,1.00
2010.04.22 10:15:19.250,1.3342,1.3345,1.00,1.00
2010.04.22 10:15:19.748,1.3342,1.3346,1.20,2.80
2010.04.22 10:15:20.051,1.3342,1.3346,1.20,2.80
2010.04.22 10:15:20.339,1.33425,1.3346,1.20,1.00
2010.04.22 10:15:20.913,1.33425,1.3345,1.00,1.00
2010.04.22 10:15:21.452,1.3342,1.3345,1.00,1.00
2010.04.22 10:15:21.708,1.3342,1.33455,1.00,1.60
2010.04.22 10:15:21.969,1.3342,1.3346,1.20,4.40
2010.04.22 10:15:23.613,1.3342,1.3346,1.00,4.40
2010.04.22 10:15:23.829,1.3342,1.33455,1.20,1.00
2010.04.22 10:15:24.049,1.3342,1.3345,1.20,1.00
2010.04.22 10:15:24.269,1.33415,1.3345,1.00,1.00
2010.04.22 10:15:25.371,1.33415,1.3344,1.00,1.00
2010.04.22 10:15:25.718,1.3341,1.3344,1.20,1.00
2010.04.22 10:15:26.060,1.3341,1.3345,2.80,1.20
2010.04.22 10:15:26.398,1.33415,1.3345,1.00,1.00
2010.04.22 10:15:26.739,1.33415,1.3345,1.20,1.00
2010.04.22 10:15:27.462,1.3342,1.3345,1.00,1.00
2010.04.22 10:15:27.749,1.3342,1.3346,1.20,1.20
2010.04.22 10:15:28.028,1.33425,1.3346,1.20,1.00
2010.04.22 10:15:28.590,1.33425,1.3345,1.20,1.00
2010.04.22 10:15:28.938,1.3342,1.3345,1.00,1.00
2010.04.22 10:15:29.620,1.3342,1.3346,1.20,1.20
2010.04.22 10:15:29.918,1.33425,1.3346,1.00,1.20
2010.04.22 10:15:31.991,1.33425,1.3345,1.00,1.00
2010.04.22 10:15:32.322,1.3342,1.3345,1.00,1.00
2010.04.22 10:15:32.651,1.3342,1.3346,2.80,2.80
2010.04.22 10:15:32.977,1.33425,1.3346,1.00,2.80
2010.04.22 10:15:35.175,1.33425,1.3346,1.00,1.00
2010.04.22 10:15:35.775,1.33425,1.3346,1.20,1.00
2010.04.22 10:15:37.136,1.33425,1.3346,1.00,1.20
2010.04.22 10:15:37.487,1.33425,1.3345,1.00,1.00
2010.04.22 10:15:37.829,1.3342,1.3345,1.00,1.00
2010.04.22 10:15:39.078,1.33415,1.3345,1.20,1.00
2010.04.22 10:15:39.417,1.3342,1.3345,1.00,1.00
2010.04.22 10:15:41.639,1.3342,1.3345,1.20,1.00
2010.04.22 10:15:43.156,1.3342,1.3346,1.20,2.80
2010.04.22 10:15:43.398,1.3342,1.33455,1.20,1.60
2010.04.22 10:15:43.637,1.3342,1.3345,1.20,1.00
2010.04.22 10:15:44.073,1.3342,1.3346,1.20,2.80
2010.04.22 10:15:44.357,1.33425,1.3346,1.00,2.80
2010.04.22 10:15:45.387,1.33425,1.3346,1.00,1.20
2010.04.22 10:15:45.644,1.33425,1.3346,1.20,1.00
2010.04.22 10:15:46.325,1.33425,1.3346,1.00,1.20
2010.04.22 10:15:46.861,1.33425,1.3346,1.20,1.00
2010.04.22 10:15:47.642,1.33425,1.3346,1.00,1.00
2010.04.22 10:15:53.413,1.33425,1.3346,1.00,1.20
2010.04.22 10:15:53.856,1.33425,1.3346,1.00,1.30
2010.04.22 10:15:54.080,1.3342,1.3345,1.20,1.00
2010.04.22 10:15:54.304,1.33415,1.3345,1.20,1.00
2010.04.22 10:15:55.313,1.3342,1.33455,1.60,2.40
2010.04.22 10:15:55.651,1.3342,1.33455,2.00,2.40
2010.04.22 10:15:56.817,1.3342,1.3345,1.00,1.60
2010.04.22 10:15:57.090,1.3341,1.3345,1.20,4.50
2010.04.22 10:15:57.353,1.33415,1.3345,1.00,4.40
2010.04.22 10:15:57.690,1.3341,1.3345,1.20,6.00
2010.04.22 10:15:58.713,1.3341,1.3344,1.00,1.00
2010.04.22 10:15:58.891,1.33405,1.33445,1.00,2.90
2010.04.22 10:15:59.355,1.33405,1.33445,1.00,2.80
2010.04.22 10:15:59.544,1.3341,1.33445,1.00,1.20
2010.04.22 10:15:59.734,1.3341,1.3345,2.10,2.80
2010.04.22 10:16:00.235,1.33415,1.3345,1.00,2.90
2010.04.22 10:16:00.585,1.3341,1.33445,1.00,1.20
2010.04.22 10:16:00.933,1.3341,1.33445,1.00,1.00
2010.04.22 10:16:01.283,1.3341,1.33445,1.20,1.00
2010.04.22 10:16:01.633,1.3341,1.3345,2.80,2.80
2010.04.22 10:16:01.983,1.3342,1.3346,1.30,2.80
2010.04.22 10:16:02.332,1.33425,1.3346,1.00,2.40
2010.04.22 10:16:04.580,1.33425,1.3346,1.00,2.80
2010.04.22 10:16:05.168,1.3342,1.3346,2.90,1.00
2010.04.22 10:16:05.509,1.3342,1.3346,2.80,1.00
2010.04.22 10:16:05.849,1.33425,1.3346,2.10,1.00
2010.04.22 10:16:06.189,1.33425,1.3346,2.00,1.00
2010.04.22 10:16:06.527,1.3343,1.3346,1.00,1.00
2010.04.22 10:16:07.748,1.33425,1.3346,2.60,1.00
2010.04.22 10:16:08.021,1.33425,1.33465,3.30,2.40
2010.04.22 10:16:08.369,1.33425,1.3346,1.00,1.60
2010.04.22 10:16:08.711,1.33425,1.3346,1.00,2.40
2010.04.22 10:16:09.059,1.3342,1.3346,1.20,2.80
2010.04.22 10:16:10.669,1.3342,1.3346,2.80,2.80
2010.04.22 10:16:10.945,1.33425,1.33465,1.00,4.40
2010.04.22 10:16:11.217,1.33425,1.3346,1.00,1.00
2010.04.22 10:16:11.378,1.33425,1.3346,1.00,1.00
2010.04.22 10:16:11.536,1.33425,1.3346,1.20,1.00
2010.04.22 10:16:12.095,1.33425,1.33465,1.20,1.30
2010.04.22 10:16:12.392,1.3343,1.33465,1.00,1.00
2010.04.22 10:16:14.478,1.33435,1.3347,1.00,2.40
2010.04.22 10:16:14.998,1.33435,1.33465,1.00,2.00
2010.04.22 10:16:15.185,1.3343,1.33465,1.00,2.80
2010.04.22 10:16:15.714,1.3343,1.3347,1.20,1.20
2010.04.22 10:16:16.233,1.33435,1.3347,1.00,1.20
2010.04.22 10:16:16.576,1.33435,1.3347,1.00,2.80
2010.04.22 10:16:16.916,1.33435,1.3347,1.00,1.20
2010.04.22 10:16:21.355,1.33435,1.33465,1.00,1.00
2010.04.22 10:16:22.315,1.33435,1.33465,1.00,2.00
2010.04.22 10:16:23.202,1.3343,1.33465,1.20,2.00
2010.04.22 10:16:26.747,1.33435,1.3347,1.00,1.00
2010.04.22 10:16:26.958,1.33435,1.3347,1.00,2.40
2010.04.22 10:16:27.167,1.33435,1.33465,1.00,2.00
2010.04.22 10:16:27.375,1.3343,1.33465,1.20,2.00
2010.04.22 10:16:27.946,1.3343,1.33465,1.20,1.00
2010.04.22 10:16:28.266,1.3343,1.33465,1.00,1.00
2010.04.22 10:16:28.584,1.3343,1.33465,1.20,2.00
2010.04.22 10:16:29.143,1.3343,1.3347,1.20,1.30
2010.04.22 10:16:29.386,1.33435,1.3347,1.60,1.20
2010.04.22 10:16:29.636,1.33435,1.33475,3.20,2.80
2010.04.22 10:16:29.882,1.33435,1.33475,2.80,2.80
2010.04.22 10:16:35.851,1.33435,1.33475,1.20,4.40
2010.04.22 10:16:37.021,1.33435,1.3347,1.00,2.40
2010.04.22 10:16:37.145,1.33435,1.33465,1.00,1.60
2010.04.22 10:16:37.274,1.33435,1.33465,1.00,4.80
2010.04.22 10:16:37.560,1.3343,1.3346,1.00,1.00
2010.04.22 10:16:38.020,1.3343,1.3346,1.00,2.80
2010.04.22 10:16:39.183,1.3343,1.33455,1.00,1.60
2010.04.22 10:16:39.278,1.3343,1.3345,1.00,1.00
2010.04.22 10:16:39.378,1.33425,1.3345,1.00,1.00
2010.04.22 10:16:39.461,1.3342,1.3345,1.00,1.00
2010.04.22 10:16:39.743,1.3342,1.33455,1.00,2.40
2010.04.22 10:16:39.834,1.3342,1.33455,1.00,4.40
2010.04.22 10:16:40.187,1.33415,1.33455,1.60,2.80
2010.04.22 10:16:41.840,1.33415,1.33455,1.60,1.00
2010.04.22 10:16:42.489,1.33415,1.33455,2.40,1.00
2010.04.22 10:16:42.622,1.3342,1.33455,2.40,1.00
2010.04.22 10:16:42.753,1.33425,1.33455,1.00,1.00
2010.04.22 10:16:42.880,1.33425,1.3346,2.00,1.20
2010.04.22 10:16:43.220,1.33425,1.33465,2.80,1.00
2010.04.22 10:16:43.561,1.33425,1.3347,2.80,4.40
2010.04.22 10:16:43.899,1.3343,1.3347,1.00,4.40
2010.04.22 10:16:44.241,1.3343,1.33465,1.00,1.00
2010.04.22 10:16:44.832,1.33425,1.33465,2.80,1.00
2010.04.22 10:16:48.286,1.33425,1.33465,3.30,1.00
2010.04.22 10:16:48.448,1.3343,1.33465,1.00,1.00
2010.04.22 10:16:48.737,1.3343,1.33465,1.20,1.00
2010.04.22 10:16:52.019,1.3343,1.3347,1.20,1.20
2010.04.22 10:16:52.230,1.33435,1.3347,1.00,1.20
2010.04.22 10:16:52.440,1.33435,1.33465,1.00,1.00
2010.04.22 10:16:52.934,1.3343,1.33465,1.20,1.00
2010.04.22 10:16:53.278,1.33435,1.3347,1.00,1.20
2010.04.22 10:16:57.296,1.33445,1.3347,1.00,1.00
2010.04.22 10:16:57.559,1.33455,1.3348,1.00,1.00
2010.04.22 10:16:57.816,1.33455,1.33485,1.20,1.00
2010.04.22 10:16:58.075,1.33455,1.33495,1.20,1.00
2010.04.22 10:16:59.326,1.33455,1.33495,1.20,2.40
2010.04.22 10:16:59.566,1.33455,1.3349,1.00,1.00
2010.04.22 10:17:00.492,1.33455,1.3349,1.00,2.40
2010.04.22 10:17:00.786,1.3345,1.3348,1.00,1.60
2010.04.22 10:17:01.080,1.3345,1.3348,1.00,2.40
2010.04.22 10:17:01.553,1.33445,1.3348,1.00,2.80
2010.04.22 10:17:01.836,1.3344,1.33475,2.00,1.00
2010.04.22 10:17:03.333,1.3344,1.33475,2.00,1.00
2010.04.22 10:17:04.730,1.3344,1.3348,2.90,2.80
2010.04.22 10:17:04.967,1.3344,1.3348,2.80,2.80
2010.04.22 10:17:05.205,1.33445,1.3348,1.00,2.80
2010.04.22 10:17:05.434,1.3344,1.3348,2.80,2.80
2010.04.22 10:17:06.344,1.3344,1.3348,3.60,2.80
2010.04.22 10:17:06.705,1.3345,1.3348,1.60,1.00
2010.04.22 10:17:06.866,1.33445,1.33485,1.00,4.00
2010.04.22 10:17:08.565,1.33445,1.3348,1.00,4.00
2010.04.22 10:17:08.903,1.3344,1.3348,1.20,4.00
2010.04.22 10:17:09.246,1.3344,1.3348,1.00,4.40
2010.04.22 10:17:09.354,1.3344,1.33475,1.00,1.60
2010.04.22 10:17:09.678,1.33435,1.33475,1.20,2.40
2010.04.22 10:17:11.616,1.3344,1.33475,1.00,2.40
2010.04.22 10:17:11.778,1.3344,1.3348,1.70,4.00
2010.04.22 10:17:11.935,1.33445,1.3348,1.00,4.00
2010.04.22 10:17:12.439,1.33445,1.33475,1.00,1.60
2010.04.22 10:17:12.787,1.3344,1.33475,1.00,1.60
2010.04.22 10:17:13.138,1.3344,1.33475,1.00,1.00
2010.04.22 10:17:13.486,1.3344,1.33475,1.20,1.00
2010.04.22 10:17:13.833,1.3344,1.33475,1.00,2.90
2010.04.22 10:17:18.410,1.3344,1.33475,1.00,3.00
2010.04.22 10:17:18.686,1.3344,1.3347,1.00,1.00
2010.04.22 10:17:18.844,1.33435,1.3347,1.20,1.00
2010.04.22 10:17:21.024,1.33435,1.33475,1.20,2.90
2010.04.22 10:17:21.351,1.3344,1.33475,1.00,2.90
2010.04.22 10:17:24.511,1.3344,1.3347,1.00,1.60
2010.04.22 10:17:24.622,1.33435,1.3347,1.20,2.10
2010.04.22 10:17:24.730,1.33435,1.3347,1.20,5.30
2010.04.22 10:17:24.842,1.33435,1.33465,1.00,1.00
2010.04.22 10:17:25.136,1.3343,1.33465,1.00,1.00
2010.04.22 10:17:25.239,1.33425,1.33465,1.20,1.00
2010.04.22 10:17:25.349,1.33425,1.33465,2.00,1.00
2010.04.22 10:17:25.781,1.3343,1.3347,1.00,4.00
2010.04.22 10:17:26.124,1.3343,1.33465,1.20,1.00
2010.04.22 10:17:26.470,1.3343,1.33465,1.00,1.00
2010.04.22 10:17:27.155,1.3343,1.33465,1.00,1.00
2010.04.22 10:17:27.503,1.3343,1.3347,1.20,2.90
2010.04.22 10:17:27.769,1.3343,1.3346,1.20,1.00
2010.04.22 10:17:28.034,1.33425,1.3347,3.20,6.10
2010.04.22 10:17:28.289,1.3343,1.3347,2.80,4.50
2010.04.22 10:17:28.920,1.3343,1.3347,2.80,2.10
2010.04.22 10:17:29.265,1.33435,1.33475,1.20,3.00
2010.04.22 10:17:29.611,1.33435,1.3347,1.00,1.60
2010.04.22 10:17:29.881,1.33435,1.33465,1.00,3.20
2010.04.22 10:17:30.141,1.3343,1.33465,1.00,4.00
2010.04.22 10:17:30.659,1.3343,1.3347,1.20,1.00
2010.04.22 10:17:31.431,1.33435,1.3347,1.00,1.00
2010.04.22 10:17:31.782,1.33435,1.3347,2.00,1.00
2010.04.22 10:17:32.069,1.3344,1.3347,1.00,1.00
2010.04.22 10:17:33.028,1.33435,1.3347,1.00,1.00
2010.04.22 10:17:35.728,1.33435,1.3347,1.00,1.00
2010.04.22 10:17:35.938,1.33435,1.3347,1.00,1.00
2010.04.22 10:17:38.305,1.33435,1.3347,1.00,2.90
2010.04.22 10:17:38.417,1.33435,1.3347,1.00,4.50
2010.04.22 10:17:38.635,1.3343,1.3347,1.00,4.50
2010.04.22 10:17:40.295,1.3343,1.33465,1.00,1.60
2010.04.22 10:17:40.465,1.3343,1.33465,1.00,2.40
2010.04.22 10:17:44.929,1.3343,1.33465,1.00,1.00
2010.04.22 10:17:44.999,1.3343,1.3347,1.20,4.50
2010.04.22 10:17:45.095,1.3343,1.3347,1.20,2.90
2010.04.22 10:17:45.134,1.3343,1.3347,1.20,1.30
2010.04.22 10:17:45.218,1.3343,1.3347,1.20,1.00
2010.04.22 10:17:45.298,1.33435,1.3347,1.00,1.00
2010.04.22 10:17:51.203,1.33435,1.3347,2.00,1.00
2010.04.22 10:17:51.619,1.3344,1.3347,1.00,1.00
2010.04.22 10:17:51.974,1.33435,1.3347,1.00,1.00
2010.04.22 10:17:52.318,1.33435,1.3347,1.00,1.30
2010.04.22 10:17:52.668,1.33435,1.3347,1.20,2.10
2010.04.22 10:17:53.017,1.33435,1.3347,1.00,2.90
2010.04.22 10:17:55.121,1.3343,1.3347,1.20,2.40
2010.04.22 10:17:55.752,1.3343,1.3347,1.20,4.00
2010.04.22 10:17:57.175,1.3343,1.33465,1.20,1.00
2010.04.22 10:17:57.645,1.3343,1.3347,1.20,4.00
2010.04.22 10:17:57.884,1.3343,1.3347,1.20,4.00
2010.04.22 10:17:59.372,1.3344,1.3347,1.00,4.00
2010.04.22 10:17:59.451,1.33455,1.3347,1.60,4.00
2010.04.22 10:17:59.614,1.3345,1.3347,2.80,3.20
2010.04.22 10:17:59.693,1.3345,1.3348,2.80,1.60
2010.04.22 10:17:59.771,1.3345,1.33485,2.80,1.00
2010.04.22 10:18:00.053,1.3345,1.3349,2.80,2.40
2010.04.22 10:18:00.884,1.33455,1.3349,2.00,1.00
2010.04.22 10:18:01.386,1.33455,1.3349,2.80,1.00
2010.04.22 10:18:01.669,1.3345,1.3348,1.00,4.80
2010.04.22 10:18:01.944,1.3344,1.33475,1.20,1.00
2010.04.22 10:18:02.223,1.3344,1.33475,1.00,2.80
2010.04.22 10:18:03.621,1.33435,1.33475,1.20,2.80
2010.04.22 10:18:07.769,1.33435,1.33475,2.80,2.80
2010.04.22 10:18:08.002,1.3344,1.3348,1.20,4.00
2010.04.22 10:18:08.798,1.3344,1.3348,1.20,4.40
2010.04.22 10:18:09.139,1.3344,1.3348,2.80,1.20
2010.04.22 10:18:09.479,1.33445,1.3348,1.00,1.00
2010.04.22 10:18:09.597,1.33445,1.33485,1.00,4.50
2010.04.22 10:18:09.960,1.33445,1.33485,1.00,4.60
2010.04.22 10:18:10.078,1.33445,1.33475,1.00,1.00
2010.04.22 10:18:10.198,1.33445,1.33475,1.00,2.00
2010.04.22 10:18:10.425,1.33445,1.33475,1.00,1.00
2010.04.22 10:18:10.539,1.3344,1.33475,1.00,2.00
2010.04.22 10:18:11.389,1.33445,1.33485,1.20,4.80
2010.04.22 10:18:11.728,1.33445,1.33485,1.20,2.80
2010.04.22 10:18:12.549,1.33445,1.3348,1.20,1.60
2010.04.22 10:18:12.850,1.33445,1.33475,1.00,2.00
2010.04.22 10:18:13.148,1.3344,1.33475,1.00,2.80
2010.04.22 10:18:13.448,1.33435,1.33475,3.20,1.20
2010.04.22 10:18:14.040,1.3344,1.33475,1.00,1.00
2010.04.22 10:18:14.337,1.3344,1.33475,1.00,1.00
2010.04.22 10:18:18.206,1.3344,1.33475,1.00,1.00
2010.04.22 10:18:18.477,1.3344,1.33475,1.00,2.80
2010.04.22 10:18:18.746,1.3344,1.33475,1.00,4.40
2010.04.22 10:18:19.023,1.33435,1.33475,1.20,4.40
2010.04.22 10:18:19.632,1.33435,1.33475,1.20,6.00
2010.04.22 10:18:20.166,1.33435,1.3347,1.00,1.00
2010.04.22 10:18:20.497,1.3343,1.3347,1.20,1.20
2010.04.22 10:18:22.006,1.3343,1.33465,1.00,2.00
2010.04.22 10:18:22.366,1.33425,1.33465,2.80,1.00
2010.04.22 10:18:22.546,1.33425,1.3347,2.80,4.80
2010.04.22 10:18:23.066,1.33435,1.3347,1.00,4.40
2010.04.22 10:18:23.407,1.33435,1.3347,1.00,4.00
2010.04.22 10:18:26.058,1.3343,1.3347,1.00,4.50
2010.04.22 10:18:27.864,1.3343,1.33465,1.00,1.00
2010.04.22 10:18:28.015,1.33425,1.33465,2.80,2.00
2010.04.22 10:18:28.668,1.3343,1.33465,1.00,2.00
2010.04.22 10:18:28.973,1.33425,1.33465,2.80,2.00
2010.04.22 10:18:29.885,1.33425,1.33465,1.20,2.80
2010.04.22 10:18:30.033,1.33425,1.33465,1.20,4.40
2010.04.22 10:18:30.333,1.33425,1.33465,1.30,4.40
2010.04.22 10:18:30.683,1.33435,1.33465,1.00,2.40
2010.04.22 10:18:30.832,1.33435,1.33465,1.00,2.40
2010.04.22 10:18:31.633,1.33435,1.33465,1.00,2.40
2010.04.22 10:18:34.657,1.33435,1.33465,1.00,4.00
2010.04.22 10:18:34.705,1.3343,1.3346,1.00,1.00
2010.04.22 10:18:34.973,1.33425,1.3346,2.10,1.00
2010.04.22 10:18:36.061,1.33425,1.3346,2.10,4.00
2010.04.22 10:18:39.230,1.33425,1.3346,2.10,1.00
2010.04.22 10:18:40.254,1.3343,1.33465,1.00,2.40
2010.04.22 10:18:41.766,1.3344,1.33465,1.00,1.00
2010.04.22 10:18:42.030,1.3344,1.3347,1.00,2.40
2010.04.22 10:18:42.242,1.33435,1.3347,1.00,2.40
2010.04.22 10:18:42.451,1.33435,1.3347,1.00,1.00
2010.04.22 10:18:43.130,1.3344,1.33475,1.00,4.50
2010.04.22 10:18:44.153,1.33435,1.3347,1.00,2.00
2010.04.22 10:18:44.490,1.3343,1.3347,2.80,2.00
2010.04.22 10:18:45.260,1.33435,1.3347,1.00,2.00
2010.04.22 10:18:45.773,1.33435,1.33475,1.20,2.80
2010.04.22 10:18:46.702,1.33435,1.3347,1.20,2.10
2010.04.22 10:18:46.950,1.33435,1.3347,1.00,2.10
2010.04.22 10:18:47.200,1.3343,1.3347,1.20,5.30
2010.04.22 10:18:47.449,1.3343,1.3347,1.20,6.10
2010.04.22 10:18:47.714,1.3343,1.3347,1.60,6.10
2010.04.22 10:18:50.446,1.33425,1.33455,1.20,1.60
2010.04.22 10:18:50.700,1.3343,1.33475,1.00,1.00
2010.04.22 10:18:51.720,1.33425,1.33465,1.20,1.20
2010.04.22 10:18:51.917,1.33425,1.33465,1.20,4.40
2010.04.22 10:18:52.721,1.33425,1.3346,1.00,2.40
2010.04.22 10:18:53.213,1.33425,1.3346,1.00,3.20
2010.04.22 10:18:53.565,1.33415,1.33455,1.20,2.80
2010.04.22 10:18:55.128,1.33415,1.33455,1.60,2.40
2010.04.22 10:18:55.297,1.33415,1.3346,3.20,4.00
2010.04.22 10:18:55.637,1.33415,1.3346,2.80,4.00
2010.04.22 10:18:56.721,1.33415,1.33455,2.80,1.00
2010.04.22 10:18:58.339,1.33415,1.3346,2.80,4.00
2010.04.22 10:18:59.450,1.3342,1.3346,1.00,4.00
2010.04.22 10:18:59.769,1.3342,1.33455,1.00,1.00
2010.04.22 10:19:00.285,1.33415,1.3346,1.20,4.40
2010.04.22 10:19:01.607,1.3342,1.3346,1.00,4.40
2010.04.22 10:19:01.917,1.3342,1.3346,1.00,4.00
2010.04.22 10:19:03.797,1.33415,1.3346,2.80,4.00
2010.04.22 10:19:04.047,1.33415,1.33455,2.80,2.90
2010.04.22 10:19:04.295,1.33415,1.33455,1.20,4.50
2010.04.22 10:19:06.166,1.33415,1.33445,1.00,1.00
2010.04.22 10:19:06.456,1.3341,1.3345,2.80,1.00
2010.04.22 10:19:10.045,1.3341,1.33445,2.80,1.60
2010.04.22 10:19:10.344,1.33405,1.33445,2.80,2.10
2010.04.22 10:19:10.594,1.3341,1.33445,1.00,1.00
2010.04.22 10:19:10.684,1.3341,1.3345,1.20,1.20
2010.04.22 10:19:11.015,1.3341,1.3345,1.20,1.00
2010.04.22 10:19:12.036,1.33425,1.33455,1.60,1.00
2010.04.22 10:19:12.375,1.3342,1.3346,1.20,1.00
2010.04.22 10:19:12.613,1.3342,1.33465,1.20,4.00
2010.04.22 10:19:13.027,1.3342,1.33465,2.80,4.00
2010.04.22 10:19:14.932,1.3342,1.33465,2.80,4.00
2010.04.22 10:19:15.043,1.3342,1.3346,2.80,1.60
2010.04.22 10:19:15.315,1.3342,1.3346,2.80,2.00
2010.04.22 10:19:16.453,1.3342,1.33455,1.00,3.20
2010.04.22 10:19:16.692,1.3342,1.33455,1.00,4.00
2010.04.22 10:19:21.909,1.3342,1.33455,1.00,2.40
2010.04.22 10:19:23.901,1.33425,1.33455,1.00,2.40
2010.04.22 10:19:24.072,1.3343,1.3346,1.00,1.00
2010.04.22 10:19:24.408,1.3343,1.33465,1.00,2.40
2010.04.22 10:19:26.690,1.3343,1.3346,1.00,1.00
2010.04.22 10:19:28.090,1.33425,1.3346,2.00,1.00
2010.04.22 10:19:28.969,1.33425,1.3346,1.00,1.00
2010.04.22 10:19:29.188,1.33425,1.3346,1.00,1.20
2010.04.22 10:19:30.067,1.33425,1.3346,1.00,2.80
2010.04.22 10:19:30.266,1.3342,1.33455,1.00,2.00
2010.04.22 10:19:30.504,1.33415,1.33455,1.20,2.00
2010.04.22 10:19:30.750,1.33415,1.33445,1.20,1.60
2010.04.22 10:19:30.985,1.33415,1.33455,1.20,3.60
2010.04.22 10:19:31.225,1.33415,1.33455,1.20,4.40
2010.04.22 10:19:31.808,1.33425,1.3346,1.00,2.80
2010.04.22 10:19:32.334,1.33425,1.3346,1.00,4.00
2010.04.22 10:19:32.684,1.33415,1.33455,1.20,4.40
2010.04.22 10:19:33.030,1.3342,1.33455,1.00,4.00
2010.04.22 10:19:33.582,1.33415,1.33455,1.00,4.40
2010.04.22 10:19:33.909,1.3342,1.33455,1.00,4.40
2010.04.22 10:19:34.237,1.3342,1.33455,1.00,4.00
2010.04.22 10:19:34.569,1.33415,1.33455,1.20,4.40
2010.04.22 10:19:35.671,1.33415,1.3345,1.00,1.60
2010.04.22 10:19:36.349,1.3341,1.3345,1.20,4.00
2010.04.22 10:19:36.687,1.3341,1.3345,2.80,2.40
2010.04.22 10:19:36.988,1.3342,1.3345,1.00,1.00
2010.04.22 10:19:37.288,1.3342,1.33455,1.00,2.40
2010.04.22 10:19:41.571,1.33425,1.33455,1.00,1.00
2010.04.22 10:19:42.024,1.3342,1.33455,1.00,2.40
2010.04.22 10:19:42.243,1.33425,1.33455,1.00,4.00
2010.04.22 10:19:43.747,1.3342,1.33455,1.00,4.00
2010.04.22 10:19:45.226,1.3341,1.33455,4.90,5.60
2010.04.22 10:19:45.624,1.3341,1.33455,4.50,5.60
2010.04.22 10:19:46.565,1.3341,1.33455,4.40,5.60
2010.04.22 10:19:48.035,1.3341,1.33455,5.20,4.00
2010.04.22 10:19:48.150,1.3341,1.33455,5.30,4.00
2010.04.22 10:19:48.264,1.3342,1.33455,1.00,4.00
2010.04.22 10:19:48.594,1.3342,1.33455,1.00,4.00
2010.04.22 10:19:48.873,1.33415,1.33455,1.00,6.20
2010.04.22 10:19:49.296,1.33415,1.3345,1.00,1.00
2010.04.22 10:19:49.611,1.33405,1.33445,2.80,2.90
2010.04.22 10:19:49.920,1.33405,1.33445,2.80,2.10
2010.04.22 10:19:50.230,1.33415,1.3345,1.00,2.40
2010.04.22 10:19:50.692,1.3341,1.3345,1.00,3.00
2010.04.22 10:19:51.486,1.3341,1.33445,1.00,1.00
2010.04.22 10:19:51.990,1.33415,1.3345,1.00,2.40
2010.04.22 10:19:52.337,1.3341,1.3345,1.00,2.90
2010.04.22 10:19:53.135,1.33415,1.3345,1.00,2.40
2010.04.22 10:19:53.786,1.3341,1.3345,1.00,2.90
2010.04.22 10:19:56.565,1.3341,1.3345,2.90,2.40
2010.04.22 10:19:56.733,1.3341,1.3345,2.90,1.60
2010.04.22 10:19:56.902,1.3341,1.33455,4.50,5.60
2010.04.22 10:19:57.244,1.33415,1.3345,1.60,1.00
2010.04.22 10:19:57.416,1.3342,1.33455,1.00,4.00
2010.04.22 10:19:57.903,1.3342,1.3346,1.00,6.10
2010.04.22 10:19:59.343,1.3342,1.3346,1.00,6.00
2010.04.22 10:19:59.585,1.33425,1.33465,1.00,6.00
2010.04.22 10:19:59.833,1.3342,1.3346,1.20,2.10
2010.04.22 10:20:00.194,1.3342,1.3346,1.20,2.90
2010.04.22 10:20:00.363,1.3342,1.3346,1.20,4.50
2010.04.22 10:20:00.864,1.33425,1.3346,1.00,1.60
2010.04.22 10:20:01.175,1.3343,1.33465,1.00,4.40
2010.04.22 10:20:01.932,1.3343,1.33465,1.00,1.60
2010.04.22 10:20:02.572,1.3343,1.33465,1.00,4.00
2010.04.22 10:20:03.213,1.3343,1.33465,2.10,2.40
2010.04.22 10:20:03.475,1.33435,1.33465,1.00,2.40
2010.04.22 10:20:03.646,1.33435,1.3347,1.00,4.00
2010.04.22 10:20:03.822,1.33425,1.33465,1.30,1.00
2010.04.22 10:20:03.995,1.33425,1.33465,1.30,2.00
2010.04.22 10:20:04.288,1.33425,1.33465,1.00,4.40
2010.04.22 10:20:04.866,1.3342,1.3346,4.00,2.80
2010.04.22 10:20:05.156,1.33425,1.3346,1.00,2.40
2010.04.22 10:20:05.955,1.33435,1.3346,1.60,2.40
2010.04.22 10:20:06.258,1.3343,1.33465,1.00,4.00
2010.04.22 10:20:06.606,1.33425,1.3346,2.00,1.00
2010.04.22 10:20:07.092,1.3342,1.3346,3.70,1.00
2010.04.22 10:20:07.435,1.33425,1.33455,1.60,1.00
2010.04.22 10:20:07.784,1.3343,1.33455,1.60,1.00
2010.04.22 10:20:08.132,1.3343,1.33465,2.10,2.40
2010.04.22 10:20:09.152,1.33425,1.3346,1.00,1.00
2010.04.22 10:20:10.009,1.3342,1.3346,1.00,4.40
2010.04.22 10:20:10.353,1.33415,1.3346,2.80,4.40
2010.04.22 10:20:16.191,1.33415,1.33455,2.80,1.00
2010.04.22 10:20:16.529,1.33415,1.3346,2.80,4.40
2010.04.22 10:20:16.873,1.33415,1.33455,2.40,2.10
2010.04.22 10:20:17.078,1.33415,1.33455,1.00,3.60
2010.04.22 10:20:17.510,1.33415,1.33455,1.00,4.50
2010.04.22 10:20:17.926,1.33415,1.33455,1.00,6.10
2010.04.22 10:20:18.257,1.3341,1.3345,2.90,1.00
2010.04.22 10:20:19.570,1.3341,1.3345,2.80,1.00
2010.04.22 10:20:19.766,1.3341,1.3345,3.20,1.00
2010.04.22 10:20:20.199,1.3341,1.3345,2.80,1.00
2010.04.22 10:20:26.402,1.33415,1.3345,2.00,1.00
2010.04.22 10:20:28.705,1.33415,1.33455,2.80,1.00
2010.04.22 10:20:33.152,1.3342,1.33455,1.00,1.00
2010.04.22 10:20:36.901,1.33415,1.33455,2.80,1.00
2010.04.22 10:20:37.772,1.33415,1.33455,1.20,5.60
2010.04.22 10:20:37.902,1.33415,1.3345,1.00,1.00
2010.04.22 10:20:38.036,1.33415,1.3345,1.00,1.00
2010.04.22 10:20:38.309,1.3342,1.3345,1.00,1.60
2010.04.22 10:20:38.429,1.33425,1.3346,9.60,2.40
2010.04.22 10:20:38.545,1.3343,1.3346,1.00,1.00
2010.04.22 10:20:38.665,1.3343,1.33465,1.00,1.20
2010.04.22 10:20:38.785,1.3343,1.3347,2.80,1.20
2010.04.22 10:20:39.148,1.3343,1.3347,3.60,1.00
2010.04.22 10:20:39.496,1.33435,1.3347,2.40,1.00
2010.04.22 10:20:45.376,1.33435,1.3347,2.40,2.00
2010.04.22 10:20:45.612,1.33435,1.3347,2.40,2.10
2010.04.22 10:20:45.635,1.33435,1.33465,2.40,1.00
2010.04.22 10:20:48.189,1.33435,1.33465,1.00,1.00
2010.04.22 10:20:48.795,1.33435,1.3347,1.00,1.00
2010.04.22 10:20:51.839,1.33435,1.3347,1.00,2.00
2010.04.22 10:20:52.221,1.33435,1.33465,1.00,1.00
2010.04.22 10:20:52.638,1.33435,1.3347,1.00,1.00
2010.04.22 10:20:54.069,1.33435,1.3347,1.20,1.00
2010.04.22 10:20:54.268,1.33435,1.33475,1.20,2.80
2010.04.22 10:21:05.514,1.33435,1.33475,1.20,1.20
2010.04.22 10:21:05.790,1.33435,1.33475,2.80,1.20
2010.04.22 10:21:05.892,1.3344,1.33475,1.00,1.00
2010.04.22 10:21:05.953,1.3344,1.33475,1.00,1.00
2010.04.22 10:21:06.070,1.3344,1.3348,1.20,2.40
2010.04.22 10:21:06.339,1.3344,1.3348,1.00,2.40
2010.04.22 10:21:06.680,1.33445,1.33485,1.00,2.80
2010.04.22 10:21:07.026,1.33445,1.33485,1.00,3.20
2010.04.22 10:21:07.645,1.33445,1.33485,1.00,2.80
2010.04.22 10:21:13.872,1.33445,1.33485,1.00,3.20
2010.04.22 10:21:15.316,1.33445,1.33485,1.00,2.80
2010.04.22 10:21:16.422,1.33445,1.33485,1.00,2.40
2010.04.22 10:21:20.273,1.3345,1.3349,1.00,4.50
2010.04.22 10:21:20.978,1.33455,1.33495,1.00,2.80
2010.04.22 10:21:21.325,1.3345,1.33495,2.80,2.80
2010.04.22 10:21:21.666,1.3345,1.3349,1.00,2.40
2010.04.22 10:21:31.208,1.33455,1.3349,1.00,2.40
2010.04.22 10:21:31.473,1.33465,1.33495,1.00,4.00
2010.04.22 10:21:31.734,1.33465,1.335,1.00,4.00
2010.04.22 10:21:35.238,1.33465,1.335,1.00,1.00
2010.04.22 10:21:36.442,1.33465,1.335,1.00,1.00
2010.04.22 10:21:36.780,1.33465,1.335,1.00,1.00
2010.04.22 10:21:38.729,1.3346,1.335,2.80,1.20
2010.04.22 10:21:39.111,1.3346,1.335,2.00,1.20
2010.04.22 10:21:39.240,1.33455,1.335,4.80,4.40
2010.04.22 10:21:39.774,1.33455,1.335,5.80,4.40
2010.04.22 10:21:40.125,1.33455,1.3349,2.40,1.00
2010.04.22 10:21:40.471,1.33455,1.3349,1.00,1.00
2010.04.22 10:21:40.809,1.33455,1.3349,2.40,1.00
2010.04.22 10:21:41.278,1.3346,1.3349,1.00,1.00
2010.04.22 10:21:41.537,1.33455,1.3349,1.00,1.00
2010.04.22 10:21:41.799,1.3346,1.3349,1.00,1.00
2010.04.22 10:21:42.058,1.3346,1.335,1.00,2.80
2010.04.22 10:21:42.578,1.3346,1.3349,1.00,1.00
2010.04.22 10:21:44.697,1.33455,1.3349,1.00,1.00
2010.04.22 10:21:46.788,1.3346,1.33495,1.00,1.60
2010.04.22 10:21:47.127,1.33455,1.33495,2.80,1.60
2010.04.22 10:21:49.298,1.33455,1.3349,2.40,1.00
2010.04.22 10:21:49.606,1.33455,1.3349,1.00,1.00
2010.04.22 10:21:49.918,1.3346,1.33495,1.20,1.60
2010.04.22 10:21:50.226,1.3346,1.335,1.20,1.20
2010.04.22 10:21:50.535,1.3346,1.335,1.20,4.40
2010.04.22 10:21:51.036,1.3346,1.335,2.00,4.40
2010.04.22 10:21:51.287,1.33465,1.33505,1.20,4.00
2010.04.22 10:21:51.695,1.33475,1.33505,1.00,1.00
2010.04.22 10:21:52.042,1.33465,1.33505,1.20,4.00
2010.04.22 10:21:52.387,1.33465,1.33505,1.20,4.00
2010.04.22 10:21:52.725,1.33465,1.33505,1.20,1.00
2010.04.22 10:21:53.065,1.33465,1.33505,1.20,1.00
2010.04.22 10:21:53.894,1.33465,1.33505,1.20,4.00
2010.04.22 10:21:54.044,1.33465,1.33505,1.00,4.00
2010.04.22 10:21:54.344,1.33465,1.33505,1.00,4.00
2010.04.22 10:21:56.454,1.33465,1.335,1.00,1.60
2010.04.22 10:21:56.734,1.33465,1.335,1.00,4.00
2010.04.22 10:21:57.742,1.33465,1.33495,1.00,1.60
2010.04.22 10:21:57.895,1.3346,1.335,5.60,4.50
2010.04.22 10:21:58.095,1.3346,1.335,1.00,4.50
2010.04.22 10:21:58.392,1.33455,1.335,2.80,4.50
2010.04.22 10:21:58.598,1.33455,1.33495,1.00,1.60
2010.04.22 10:21:58.799,1.3345,1.3349,2.10,1.60
2010.04.22 10:21:59.146,1.3345,1.3349,2.10,2.40
2010.04.22 10:22:00.755,1.3345,1.3349,2.00,2.40
2010.04.22 10:22:00.884,1.3345,1.3349,2.00,2.40
2010.04.22 10:22:01.214,1.3345,1.3349,1.60,2.40
2010.04.22 10:22:01.343,1.3345,1.3349,1.00,2.40
2010.04.22 10:22:01.815,1.33455,1.3349,1.00,2.40
2010.04.22 10:22:02.153,1.33455,1.33495,1.00,2.40
2010.04.22 10:22:03.124,1.3345,1.3349,1.30,1.00
2010.04.22 10:22:06.309,1.3345,1.3349,1.20,1.00
2010.04.22 10:22:07.651,1.33455,1.33495,1.00,2.40
2010.04.22 10:22:07.886,1.3346,1.33505,2.40,4.60
2010.04.22 10:22:08.274,1.3346,1.33505,2.80,4.00
2010.04.22 10:22:08.457,1.3346,1.33505,3.20,1.00
2010.04.22 10:22:08.802,1.33465,1.33505,1.00,1.00
2010.04.22 10:22:12.469,1.3347,1.3351,1.00,4.60
2010.04.22 10:22:14.084,1.3347,1.3351,1.00,4.00
2010.04.22 10:22:14.914,1.3347,1.3351,1.00,4.60
2010.04.22 10:22:15.262,1.3347,1.3351,1.00,4.00
2010.04.22 10:22:15.603,1.3347,1.33515,2.80,4.00
2010.04.22 10:22:16.289,1.3347,1.33515,4.80,4.00
2010.04.22 10:22:17.573,1.3347,1.3351,2.80,2.40
2010.04.22 10:22:17.914,1.3347,1.3351,2.80,3.00
2010.04.22 10:22:18.075,1.33465,1.33505,2.40,1.60
2010.04.22 10:22:18.230,1.33465,1.33505,2.40,2.40
2010.04.22 10:22:23.838,1.33465,1.3351,2.40,2.90
2010.04.22 10:22:24.641,1.3347,1.3351,1.00,2.40
2010.04.22 10:22:24.909,1.33465,1.3351,2.90,2.40
2010.04.22 10:22:26.217,1.3347,1.3351,1.00,2.40
2010.04.22 10:22:26.528,1.33475,1.33515,1.00,4.00
2010.04.22 10:22:26.836,1.33475,1.33515,1.30,4.00
2010.04.22 10:22:27.628,1.33475,1.33515,1.30,5.60
2010.04.22 10:22:27.797,1.33475,1.3351,1.00,1.00
2010.04.22 10:22:27.969,1.33475,1.33515,1.30,1.00
2010.04.22 10:22:29.426,1.33475,1.3351,1.00,1.00
2010.04.22 10:22:29.707,1.3347,1.3351,3.00,1.00
2010.04.22 10:22:29.986,1.3347,1.3351,3.00,2.80
2010.04.22 10:22:31.269,1.3347,1.3351,4.60,1.20
2010.04.22 10:22:31.537,1.33475,1.3351,1.00,1.00
2010.04.22 10:22:32.259,1.33475,1.33515,1.40,2.40
2010.04.22 10:22:33.908,1.3348,1.33515,1.60,2.40
2010.04.22 10:22:34.111,1.3348,1.33515,2.20,1.00
2010.04.22 10:22:34.319,1.3348,1.3352,3.00,4.40
2010.04.22 10:22:34.858,1.3348,1.33515,1.00,1.00
2010.04.22 10:22:35.197,1.33475,1.33515,2.10,2.80
2010.04.22 10:22:35.871,1.3347,1.3351,2.80,2.00
2010.04.22 10:22:36.154,1.3347,1.3351,2.40,2.00
2010.04.22 10:22:40.843,1.3347,1.33515,2.90,4.00
2010.04.22 10:22:44.626,1.33475,1.33515,1.00,4.00
2010.04.22 10:22:47.261,1.3347,1.33515,2.90,4.00
2010.04.22 10:22:49.150,1.3347,1.33515,2.80,4.00
2010.04.22 10:22:49.270,1.3347,1.3351,1.20,1.60
2010.04.22 10:22:49.585,1.3347,1.3351,1.00,2.40
2010.04.22 10:22:54.998,1.3347,1.3351,1.20,2.40
2010.04.22 10:22:55.960,1.3347,1.3351,1.30,2.40
2010.04.22 10:22:56.147,1.3347,1.3351,1.00,2.40
2010.04.22 10:22:56.843,1.3347,1.3351,1.30,2.40
2010.04.22 10:22:57.212,1.3347,1.3351,1.00,2.40
2010.04.22 10:22:57.555,1.3347,1.3351,1.20,2.40
2010.04.22 10:22:57.799,1.3347,1.3351,1.30,2.40
2010.04.22 10:22:59.240,1.33475,1.33515,1.00,4.00
2010.04.22 10:23:01.372,1.33475,1.3352,2.40,5.20
2010.04.22 10:23:07.501,1.3348,1.3352,1.00,4.00
2010.04.22 10:23:07.660,1.33475,1.3352,3.60,4.00
2010.04.22 10:23:07.975,1.33475,1.3352,5.20,4.00
2010.04.22 10:23:08.417,1.33475,1.3352,3.60,5.20
2010.04.22 10:23:09.938,1.33475,1.33515,2.00,3.20
2010.04.22 10:23:10.192,1.33475,1.33515,1.20,4.00
2010.04.22 10:23:10.265,1.3348,1.33515,1.00,3.20
2010.04.22 10:23:10.328,1.3348,1.3352,1.00,4.00
2010.04.22 10:23:14.456,1.33485,1.3352,1.00,4.00
2010.04.22 10:23:15.549,1.33485,1.33525,1.20,2.40
2010.04.22 10:23:18.649,1.3349,1.33525,1.00,1.00
2010.04.22 10:23:18.882,1.3349,1.3353,2.80,1.60
2010.04.22 10:23:19.110,1.3349,1.3353,2.40,1.00
2010.04.22 10:23:19.503,1.33485,1.3353,4.80,2.40
2010.04.22 10:23:19.740,1.3349,1.33525,1.00,1.00
2010.04.22 10:23:20.089,1.33485,1.33525,2.80,1.00
2010.04.22 10:23:20.437,1.33485,1.3353,2.80,4.00
2010.04.22 10:23:20.783,1.33485,1.3353,4.40,4.00
2010.04.22 10:23:23.661,1.33485,1.3353,4.50,4.00
2010.04.22 10:23:24.042,1.33485,1.33525,2.40,1.00
2010.04.22 10:23:24.290,1.33485,1.33525,1.00,2.80
2010.04.22 10:23:25.018,1.3348,1.3352,1.20,2.40
2010.04.22 10:23:25.366,1.33475,1.33515,1.00,2.80
2010.04.22 10:23:38.148,1.33475,1.33515,1.00,2.70
2010.04.22 10:23:38.998,1.33475,1.33515,1.00,2.80
2010.04.22 10:23:39.708,1.33475,1.33515,1.00,1.20
2010.04.22 10:23:39.988,1.33475,1.33515,2.40,1.00
2010.04.22 10:23:43.467,1.33475,1.33515,2.80,1.00
2010.04.22 10:23:45.240,1.3347,1.33515,1.70,5.20
2010.04.22 10:23:45.391,1.3347,1.33505,1.30,1.00
2010.04.22 10:23:45.731,1.33465,1.33505,4.00,1.00
2010.04.22 10:23:46.079,1.33465,1.33505,2.40,1.00
2010.04.22 10:23:50.264,1.33465,1.33505,2.80,1.00
2010.04.22 10:23:51.657,1.33465,1.33505,2.80,2.00
2010.04.22 10:23:51.767,1.33465,1.33505,2.80,2.80
2010.04.22 10:23:52.547,1.3346,1.335,1.30,1.00
2010.04.22 10:23:52.806,1.3346,1.33505,1.30,2.80
2010.04.22 10:23:53.066,1.3346,1.335,1.00,1.00
2010.04.22 10:23:53.327,1.3346,1.335,1.00,2.40
2010.04.22 10:23:53.586,1.3346,1.335,1.20,2.40
2010.04.22 10:23:54.527,1.3346,1.335,2.00,2.40
2010.04.22 10:23:55.244,1.3346,1.335,2.10,2.40
2010.04.22 10:23:58.823,1.33465,1.335,1.00,2.40
2010.04.22 10:23:59.086,1.3347,1.335,2.00,1.00
2010.04.22 10:23:59.355,1.3347,1.33505,2.00,4.00
2010.04.22 10:24:00.165,1.3347,1.33505,1.00,4.00
2010.04.22 10:24:00.472,1.3347,1.33505,1.00,1.00
2010.04.22 10:24:00.646,1.33475,1.33515,1.20,4.00
2010.04.22 10:24:01.288,1.33475,1.33515,1.00,4.00
2010.04.22 10:24:01.638,1.33475,1.33515,1.20,4.00
2010.04.22 10:24:02.983,1.33475,1.33515,1.60,4.00
2010.04.22 10:24:03.235,1.33485,1.33515,1.00,2.40
2010.04.22 10:24:03.485,1.33485,1.3352,1.00,4.00
2010.04.22 10:24:05.941,1.3348,1.33515,1.60,4.40
2010.04.22 10:24:06.993,1.33475,1.33515,2.90,4.40
2010.04.22 10:24:07.334,1.33475,1.33515,3.70,4.40
2010.04.22 10:24:07.677,1.33485,1.33515,1.00,1.00
2010.04.22 10:24:07.905,1.33485,1.3352,1.00,1.00
2010.04.22 10:24:08.344,1.3348,1.3352,1.60,1.20
2010.04.22 10:24:08.563,1.3348,1.3352,1.00,1.20
2010.04.22 10:24:09.974,1.3348,1.3352,1.20,1.20
2010.04.22 10:24:10.666,1.3348,1.3352,1.20,2.80
2010.04.22 10:24:10.897,1.33475,1.33515,5.20,1.00
2010.04.22 10:24:11.123,1.33475,1.33515,3.60,1.00
2010.04.22 10:24:15.385,1.33475,1.33515,4.10,1.00
2010.04.22 10:24:15.754,1.33475,1.33515,3.30,1.00
2010.04.22 10:24:18.710,1.33475,1.33515,1.70,5.60
2010.04.22 10:24:18.852,1.33475,1.3351,1.20,1.00
2010.04.22 10:24:19.068,1.33475,1.3351,1.20,1.00
2010.04.22 10:24:19.228,1.33475,1.3351,1.00,1.00
2010.04.22 10:24:19.375,1.33475,1.33515,1.00,4.00
2010.04.22 10:24:19.863,1.33475,1.33515,2.40,1.00
2010.04.22 10:24:20.212,1.33475,1.3352,3.20,4.40
2010.04.22 10:24:21.558,1.33475,1.3352,1.60,4.40
2010.04.22 10:24:21.689,1.33475,1.33515,1.60,1.00
2010.04.22 10:24:22.169,1.33475,1.33515,3.20,1.00
2010.04.22 10:24:22.409,1.33475,1.3351,2.80,1.00
2010.04.22 10:24:24.599,1.33475,1.3351,1.20,1.00
2010.04.22 10:24:26.908,1.33475,1.3352,2.80,4.50
2010.04.22 10:24:27.246,1.33475,1.3352,2.40,4.50
2010.04.22 10:24:28.829,1.3348,1.3352,1.00,4.50
2010.04.22 10:24:30.722,1.3348,1.33515,2.00,1.60
2010.04.22 10:24:30.838,1.3348,1.33515,2.00,3.20
2010.04.22 10:24:30.956,1.3348,1.33515,2.00,4.00
2010.04.22 10:24:31.296,1.3348,1.33515,2.10,4.00
2010.04.22 10:24:33.628,1.3348,1.33515,2.10,2.40
2010.04.22 10:24:33.826,1.3348,1.3352,4.50,1.00
2010.04.22 10:24:33.874,1.3349,1.33525,1.60,4.40
2010.04.22 10:24:33.923,1.3349,1.33525,1.60,2.80
2010.04.22 10:24:33.954,1.3349,1.33525,2.10,2.80
2010.04.22 10:24:34.289,1.3349,1.33525,2.10,2.40
2010.04.22 10:24:34.882,1.33485,1.33525,1.00,4.00
2010.04.22 10:24:38.566,1.3349,1.33525,1.60,4.00
2010.04.22 10:24:38.645,1.3349,1.33525,2.10,4.00
2010.04.22 10:24:39.979,1.33485,1.33525,1.00,4.00
2010.04.22 10:24:40.199,1.33485,1.33525,1.00,4.00
2010.04.22 10:24:40.627,1.3348,1.3352,4.50,1.00
2010.04.22 10:24:42.341,1.3348,1.33515,2.10,2.40
2010.04.22 10:24:42.642,1.3349,1.3352,1.00,1.00
2010.04.22 10:24:42.948,1.3349,1.3352,2.10,1.00
2010.04.22 10:24:43.254,1.3349,1.33525,2.10,2.40
2010.04.22 10:24:43.555,1.3349,1.3353,2.10,4.50
2010.04.22 10:24:46.164,1.3349,1.33525,2.10,2.40
2010.04.22 10:24:49.174,1.3349,1.33525,2.00,2.40
2010.04.22 10:24:49.412,1.33485,1.33525,1.30,4.50
2010.04.22 10:24:49.857,1.3349,1.33525,1.00,2.90
2010.04.22 10:24:49.997,1.3349,1.33525,2.10,1.00
2010.04.22 10:24:50.136,1.33495,1.3353,1.30,1.00
2010.04.22 10:24:50.272,1.33495,1.33535,1.30,4.40
2010.04.22 10:24:50.709,1.33495,1.33535,1.30,4.50
2010.04.22 10:24:51.253,1.33495,1.33535,1.30,4.90
2010.04.22 10:24:51.551,1.33495,1.33535,1.20,4.50
2010.04.22 10:24:52.443,1.33495,1.33535,1.20,4.90
2010.04.22 10:24:53.096,1.33495,1.3353,1.00,1.60
2010.04.22 10:24:53.347,1.3349,1.3353,1.20,4.50
2010.04.22 10:24:53.596,1.3349,1.33525,1.00,1.00
2010.04.22 10:24:54.231,1.33485,1.33525,2.80,1.30
2010.04.22 10:24:54.441,1.33485,1.33525,2.80,2.90
2010.04.22 10:24:56.020,1.33485,1.33525,3.60,2.90
2010.04.22 10:24:56.112,1.3349,1.33525,1.00,1.00
2010.04.22 10:24:56.201,1.33495,1.3353,1.00,1.00
2010.04.22 10:24:56.380,1.33495,1.33535,1.00,6.00
2010.04.22 10:24:57.072,1.33495,1.33535,1.00,6.10
2010.04.22 10:24:59.789,1.33495,1.33535,2.00,2.90
2010.04.22 10:25:00.049,1.33495,1.33535,2.80,2.90
2010.04.22 10:25:04.018,1.33495,1.33525,1.60,1.00
2010.04.22 10:25:04.089,1.3349,1.33525,1.30,1.00
2010.04.22 10:25:04.159,1.3349,1.33525,1.00,2.80
2010.04.22 10:25:04.240,1.33485,1.33525,2.90,2.80
2010.04.22 10:25:07.467,1.33485,1.3352,2.10,2.40
2010.04.22 10:25:09.357,1.33485,1.3352,1.00,2.40
2010.04.22 10:25:09.559,1.3348,1.3352,1.20,2.40
2010.04.22 10:25:09.759,1.3348,1.3352,1.00,4.40
2010.04.22 10:25:10.270,1.3348,1.3352,1.60,4.40
2010.04.22 10:25:10.508,1.3348,1.3352,2.40,4.40
2010.04.22 10:25:19.045,1.3348,1.3352,2.40,2.00
2010.04.22 10:25:20.314,1.3348,1.3352,2.40,3.60
2010.04.22 10:25:20.577,1.3348,1.3352,2.40,4.40
2010.04.22 10:25:25.862,1.3348,1.3352,1.00,4.40
2010.04.22 10:25:26.150,1.3348,1.3352,1.00,1.20
2010.04.22 10:25:26.248,1.3348,1.3352,1.00,1.00
2010.04.22 10:25:26.601,1.33485,1.33525,1.30,1.00
2010.04.22 10:25:26.948,1.33485,1.3353,1.30,4.40
2010.04.22 10:25:27.296,1.3349,1.3353,1.00,4.40
2010.04.22 10:25:27.636,1.33485,1.33525,2.90,1.00
2010.04.22 10:25:28.935,1.3349,1.3353,1.00,2.80
2010.04.22 10:25:29.555,1.3349,1.3353,1.30,2.40
2010.04.22 10:25:30.687,1.33495,1.3353,1.00,2.40
2010.04.22 10:25:30.905,1.33495,1.3353,1.00,2.40
2010.04.22 10:25:31.212,1.33495,1.3353,1.00,2.40
2010.04.22 10:25:31.315,1.33495,1.3353,2.10,2.40
2010.04.22 10:25:31.422,1.33495,1.3353,2.10,1.00
2010.04.22 10:25:31.532,1.33495,1.33535,2.90,2.40
2010.04.22 10:25:34.137,1.33495,1.33535,2.80,2.40
2010.04.22 10:25:34.454,1.33495,1.33535,1.20,2.40
2010.04.22 10:25:34.578,1.33495,1.33535,1.00,4.40
2010.04.22 10:25:34.806,1.33495,1.33535,1.00,6.00
2010.04.22 10:25:35.040,1.3349,1.33525,1.00,1.60
2010.04.22 10:25:35.275,1.33485,1.33525,2.80,2.40
2010.04.22 10:25:40.530,1.3349,1.3353,1.00,2.80
2010.04.22 10:25:41.852,1.3349,1.3353,1.20,2.40
2010.04.22 10:25:42.191,1.3349,1.3353,1.00,2.80
2010.04.22 10:25:43.442,1.3349,1.3353,1.00,4.40
2010.04.22 10:25:43.479,1.33485,1.33525,4.40,1.00
2010.04.22 10:25:45.359,1.33485,1.33525,4.40,1.20
2010.04.22 10:25:48.208,1.33485,1.33525,2.80,1.20
2010.04.22 10:25:48.493,1.3349,1.33525,1.00,1.00
2010.04.22 10:25:52.013,1.33485,1.33525,4.40,1.20
2010.04.22 10:25:52.231,1.33485,1.33525,1.20,1.20
2010.04.22 10:25:52.453,1.33485,1.33525,1.30,2.80
2010.04.22 10:25:52.845,1.33485,1.33525,1.30,4.40
2010.04.22 10:25:53.531,1.33485,1.33525,1.00,4.40
2010.04.22 10:25:53.878,1.33485,1.33525,1.00,4.00
2010.04.22 10:25:54.561,1.33485,1.33525,1.00,4.00
2010.04.22 10:25:54.898,1.33485,1.33525,2.40,4.00
2010.04.22 10:25:55.180,1.3349,1.33525,1.00,2.40
2010.04.22 10:25:55.798,1.3349,1.33525,2.10,2.40
2010.04.22 10:25:58.618,1.33485,1.33525,2.80,4.40
2010.04.22 10:25:58.817,1.33485,1.3352,1.20,3.20
2010.04.22 10:25:59.045,1.33485,1.3352,1.20,3.20
2010.04.22 10:25:59.390,1.3348,1.3352,1.00,4.40
2010.04.22 10:25:59.738,1.33475,1.33515,1.30,2.40
2010.04.22 10:26:00.417,1.33475,1.3351,1.00,1.00
2010.04.22 10:26:00.818,1.3347,1.3351,2.80,1.00
2010.04.22 10:26:02.875,1.3347,1.3351,2.80,1.20
2010.04.22 10:26:02.964,1.3347,1.3351,1.20,1.20
2010.04.22 10:26:03.055,1.3347,1.3351,1.20,2.80
2010.04.22 10:26:04.736,1.3347,1.33505,1.20,1.60
2010.04.22 10:26:04.873,1.3347,1.33505,1.00,1.00
2010.04.22 10:26:06.527,1.33465,1.33505,2.40,1.00
2010.04.22 10:26:07.614,1.33465,1.33505,4.00,1.00
2010.04.22 10:26:07.863,1.3347,1.33505,1.00,1.00
2010.04.22 10:26:10.102,1.33475,1.33505,1.00,1.00
2010.04.22 10:26:10.253,1.33475,1.3351,2.10,2.40
2010.04.22 10:26:10.620,1.33485,1.3351,1.00,2.40
2010.04.22 10:26:10.780,1.33485,1.33515,1.00,2.40
2010.04.22 10:26:11.043,1.33485,1.3352,1.00,2.80
2010.04.22 10:26:11.431,1.33485,1.3352,1.00,2.40
2010.04.22 10:26:13.064,1.33475,1.33515,2.90,1.00
2010.04.22 10:26:13.861,1.33475,1.33515,1.30,1.00
2010.04.22 10:26:15.071,1.3348,1.33515,1.00,1.00
2010.04.22 10:26:15.143,1.3348,1.33515,2.50,1.00
2010.04.22 10:26:15.171,1.3349,1.33515,1.60,1.00
2010.04.22 10:26:15.222,1.3349,1.33515,2.00,1.00
2010.04.22 10:26:15.284,1.3349,1.3352,2.00,2.40
2010.04.22 10:26:15.313,1.3349,1.3352,1.00,2.40
2010.04.22 10:26:15.345,1.33485,1.3352,1.00,2.40
2010.04.22 10:26:16.715,1.3349,1.33525,2.00,2.40
2010.04.22 10:26:17.062,1.3349,1.3353,1.00,6.00
2010.04.22 10:26:17.403,1.3349,1.3353,2.00,2.80
2010.04.22 10:26:17.553,1.33495,1.33535,2.00,4.40
2010.04.22 10:26:17.700,1.33495,1.33535,2.00,2.80
2010.04.22 10:26:17.851,1.33495,1.33535,2.00,1.00
2010.04.22 10:26:18.140,1.33495,1.33535,2.80,1.00
2010.04.22 10:26:18.941,1.33495,1.33535,3.60,1.00
2010.04.22 10:26:19.193,1.335,1.33535,1.00,2.40
2010.04.22 10:26:19.442,1.33495,1.33535,2.80,4.00
2010.04.22 10:26:22.321,1.33495,1.33535,2.90,4.00
2010.04.22 10:26:25.410,1.33495,1.3353,1.00,2.10
2010.04.22 10:26:26.939,1.33495,1.33535,2.80,4.90
2010.04.22 10:26:27.280,1.335,1.33535,1.00,4.00
2010.04.22 10:26:27.687,1.33505,1.33535,2.00,1.00
2010.04.22 10:26:28.035,1.335,1.33535,1.00,1.20
2010.04.22 10:26:28.350,1.335,1.33535,1.00,1.00
2010.04.22 10:26:28.969,1.33495,1.33535,1.20,1.00
2010.04.22 10:26:29.395,1.33495,1.33535,1.20,1.00
2010.04.22 10:26:29.837,1.33495,1.33535,1.20,1.20
2010.04.22 10:26:30.937,1.33495,1.3353,1.20,1.60
2010.04.22 10:26:31.047,1.33495,1.3353,1.00,2.00
2010.04.22 10:26:32.748,1.33495,1.3353,1.00,2.00
2010.04.22 10:26:32.949,1.33495,1.3353,1.00,1.00
2010.04.22 10:26:33.114,1.33495,1.33535,3.20,2.00
2010.04.22 10:26:33.439,1.33495,1.33535,2.80,2.00
2010.04.22 10:26:33.960,1.335,1.33535,1.00,2.00
2010.04.22 10:26:34.235,1.33505,1.33535,1.00,1.00
2010.04.22 10:26:34.500,1.33505,1.33545,1.00,2.40
2010.04.22 10:26:34.768,1.33505,1.33545,2.80,2.40
2010.04.22 10:26:35.052,1.33505,1.3354,1.00,1.00
2010.04.22 10:26:35.334,1.33505,1.3354,2.10,1.00
2010.04.22 10:26:35.789,1.33505,1.33545,2.90,4.00
2010.04.22 10:26:37.216,1.33505,1.33545,2.90,2.40
2010.04.22 10:26:39.016,1.33505,1.33545,2.90,4.00
2010.04.22 10:26:39.338,1.33505,1.3354,1.00,1.00
2010.04.22 10:26:39.660,1.335,1.3354,1.00,2.80
2010.04.22 10:26:40.338,1.33495,1.3354,4.50,2.80
2010.04.22 10:26:40.676,1.33495,1.3354,4.50,4.40
2010.04.22 10:26:41.697,1.33495,1.3354,4.40,4.40
2010.04.22 10:26:42.036,1.33495,1.33535,2.80,1.00
2010.04.22 10:26:42.356,1.33495,1.33535,2.80,4.00
2010.04.22 10:26:45.647,1.33495,1.33535,2.80,2.40
2010.04.22 10:26:46.009,1.33495,1.33535,4.40,2.40
2010.04.22 10:26:46.200,1.335,1.3354,1.00,2.80
2010.04.22 10:26:46.386,1.335,1.3354,1.00,4.40
2010.04.22 10:26:46.579,1.33495,1.33535,4.40,1.00
2010.04.22 10:26:53.213,1.335,1.33535,2.00,1.00
2010.04.22 10:26:53.469,1.335,1.3354,2.40,2.00
2010.04.22 10:26:53.727,1.33495,1.33535,4.40,1.00
2010.04.22 10:26:54.942,1.33495,1.33535,2.80,2.40
2010.04.22 10:26:55.720,1.33495,1.33535,4.40,1.00
2010.04.22 10:26:55.842,1.335,1.3354,1.00,4.40
2010.04.22 10:26:56.503,1.335,1.3354,1.60,2.80
2010.04.22 10:26:56.903,1.33515,1.3355,1.00,2.80
2010.04.22 10:26:57.118,1.33515,1.33555,1.30,1.20
2010.04.22 10:26:57.801,1.33515,1.33555,1.30,1.00
2010.04.22 10:26:58.733,1.3351,1.3355,4.50,1.00
2010.04.22 10:26:59.663,1.3351,1.3355,2.90,1.00
2010.04.22 10:27:00.115,1.3351,1.3355,1.30,2.80
2010.04.22 10:27:00.611,1.3351,1.3355,2.90,1.20
2010.04.22 10:27:00.833,1.33515,1.3355,1.00,1.00
2010.04.22 10:27:03.351,1.33515,1.33545,1.00,1.00
2010.04.22 10:27:03.640,1.33505,1.33545,4.40,1.00
2010.04.22 10:27:05.118,1.33505,1.33545,2.80,2.00
2010.04.22 10:27:05.541,1.33505,1.3354,1.00,2.00
2010.04.22 10:27:05.649,1.335,1.3354,2.80,1.00
2010.04.22 10:27:05.752,1.335,1.3354,2.80,2.80
2010.04.22 10:27:05.848,1.335,1.3354,1.20,2.80
2010.04.22 10:27:05.950,1.335,1.3354,1.00,2.80
2010.04.22 10:27:06.050,1.33495,1.3354,4.50,2.80
2010.04.22 10:27:09.853,1.33495,1.3354,4.50,4.40
2010.04.22 10:27:10.578,1.33495,1.3354,4.50,2.80
2010.04.22 10:27:11.658,1.33495,1.3354,4.40,2.80
2010.04.22 10:27:13.210,1.33495,1.3353,2.40,1.00
2010.04.22 10:27:13.442,1.33505,1.3353,1.60,1.00
2010.04.22 10:27:13.682,1.33505,1.33535,2.10,1.00
2010.04.22 10:27:14.093,1.33505,1.33545,2.10,4.40
2010.04.22 10:27:14.327,1.33505,1.33545,2.10,4.50
2010.04.22 10:27:14.570,1.335,1.3354,1.00,3.60
2010.04.22 10:27:14.808,1.33495,1.3354,4.40,4.40
2010.04.22 10:27:15.518,1.33495,1.3354,4.40,4.50
2010.04.22 10:27:15.765,1.33495,1.3354,4.40,4.40
2010.04.22 10:27:17.046,1.33495,1.3354,4.40,5.20
2010.04.22 10:27:17.329,1.33495,1.3353,3.20,1.00
2010.04.22 10:27:17.787,1.33505,1.33535,2.10,1.00
2010.04.22 10:27:18.094,1.335,1.3354,1.00,6.00
2010.04.22 10:27:19.441,1.33495,1.33535,2.40,2.00
2010.04.22 10:27:19.711,1.33495,1.33535,2.40,2.80
2010.04.22 10:27:23.576,1.33495,1.33535,2.80,2.40
2010.04.22 10:27:25.173,1.33495,1.33535,2.80,2.80
2010.04.22 10:27:27.195,1.33495,1.3353,1.20,3.20
2010.04.22 10:27:27.537,1.3349,1.3353,1.20,4.00
2010.04.22 10:27:27.876,1.33485,1.33525,1.20,4.50
2010.04.22 10:27:29.596,1.33485,1.33525,1.00,4.50
2010.04.22 10:27:29.922,1.33485,1.33525,1.00,6.10
2010.04.22 10:27:30.264,1.3348,1.33515,2.40,1.00
2010.04.22 10:27:31.067,1.3348,1.33515,1.00,1.30
2010.04.22 10:27:31.292,1.3348,1.33515,1.00,2.90
2010.04.22 10:27:31.422,1.3347,1.33505,1.00,2.80
2010.04.22 10:27:31.545,1.3347,1.335,1.00,1.60
2010.04.22 10:27:31.666,1.3346,1.335,1.00,4.00
2010.04.22 10:27:33.333,1.3346,1.335,1.00,4.00
2010.04.22 10:27:33.722,1.3346,1.335,1.00,4.00
2010.04.22 10:27:34.775,1.3346,1.335,1.00,4.00
2010.04.22 10:27:35.102,1.33455,1.33495,2.40,2.00
2010.04.22 10:27:35.153,1.33455,1.33495,1.00,4.40
2010.04.22 10:27:35.651,1.33455,1.33485,1.00,1.00
2010.04.22 10:27:35.832,1.3345,1.33485,1.00,1.00
2010.04.22 10:27:39.864,1.3345,1.3349,1.20,2.40
2010.04.22 10:27:43.221,1.3345,1.3349,1.20,4.00
2010.04.22 10:27:43.581,1.3345,1.33485,2.40,1.00
2010.04.22 10:27:43.765,1.33455,1.33495,1.30,4.50
2010.04.22 10:27:45.999,1.33455,1.33495,1.30,2.90
2010.04.22 10:27:46.099,1.33455,1.33495,1.30,1.30
2010.04.22 10:27:48.941,1.33455,1.33495,3.00,1.00
2010.04.22 10:27:51.502,1.3346,1.33495,1.60,1.00
2010.04.22 10:27:51.821,1.33465,1.33495,1.00,1.00
2010.04.22 10:27:52.139,1.33465,1.335,2.10,2.40
2010.04.22 10:27:56.095,1.33465,1.335,2.10,4.00
2010.04.22 10:27:57.523,1.3346,1.335,1.60,4.50
2010.04.22 10:27:57.671,1.3345,1.33495,4.00,2.80
2010.04.22 10:27:57.816,1.3345,1.33495,4.00,4.40
2010.04.22 10:27:59.568,1.33455,1.33495,2.10,4.40
2010.04.22 10:28:00.139,1.3345,1.3349,1.30,2.90
2010.04.22 10:28:00.478,1.33455,1.3349,2.10,2.40
2010.04.22 10:28:00.817,1.3345,1.3349,1.20,4.00
2010.04.22 10:28:01.070,1.3345,1.33485,1.00,1.00
2010.04.22 10:28:01.153,1.33445,1.33485,2.40,1.00
2010.04.22 10:28:01.236,1.3345,1.33485,1.00,1.00
2010.04.22 10:28:01.555,1.3345,1.33485,2.10,1.00
2010.04.22 10:28:01.976,1.33455,1.33495,1.00,4.40
2010.04.22 10:28:03.034,1.33455,1.33495,2.90,4.40
2010.04.22 10:28:04.415,1.33455,1.33495,1.40,4.40
2010.04.22 10:28:04.566,1.33455,1.33495,1.00,4.40
2010.04.22 10:28:04.907,1.33455,1.33495,1.00,4.40
2010.04.22 10:28:05.527,1.33455,1.33495,1.30,4.00
2010.04.22 10:28:05.835,1.33455,1.33495,1.00,4.40
2010.04.22 10:28:09.044,1.33455,1.33495,1.00,4.40
2010.04.22 10:28:09.248,1.33455,1.33495,2.90,4.40
2010.04.22 10:28:11.614,1.33455,1.33495,4.50,1.00
2010.04.22 10:28:11.783,1.33455,1.33495,2.90,1.00
2010.04.22 10:28:11.953,1.33455,1.33495,2.90,3.60
2010.04.22 10:28:12.125,1.33455,1.3349,1.00,1.00
2010.04.22 10:28:12.466,1.33445,1.33475,4.40,1.00
2010.04.22 10:28:12.804,1.3344,1.33475,1.00,1.00
2010.04.22 10:28:15.037,1.3344,1.33475,2.40,1.00
2010.04.22 10:28:19.642,1.3344,1.33475,1.60,2.80
2010.04.22 10:28:21.689,1.33445,1.33475,1.00,2.40
2010.04.22 10:28:22.322,1.33435,1.33475,3.00,2.80
2010.04.22 10:28:24.323,1.33435,1.33475,2.90,2.80
2010.04.22 10:28:25.073,1.33435,1.33465,1.00,1.00
2010.04.22 10:28:25.291,1.3343,1.33465,3.10,1.00
2010.04.22 10:28:25.946,1.3343,1.33465,2.70,1.20
2010.04.22 10:28:26.226,1.33435,1.33465,1.00,1.00
2010.04.22 10:28:27.806,1.33435,1.3347,1.00,2.40
2010.04.22 10:28:31.961,1.33445,1.3347,1.60,2.40
2010.04.22 10:28:32.260,1.33445,1.33475,1.60,4.00
2010.04.22 10:28:33.321,1.33445,1.3347,1.60,1.60
2010.04.22 10:28:33.452,1.33445,1.3347,1.60,2.40
2010.04.22 10:28:33.591,1.3344,1.3347,1.00,1.00
2010.04.22 10:28:33.781,1.3344,1.33475,1.30,1.00
2010.04.22 10:28:33.970,1.33445,1.3348,1.60,2.00
2010.04.22 10:28:34.159,1.33445,1.3348,1.60,1.00
2010.04.22 10:28:34.351,1.33445,1.3348,1.30,1.00
2010.04.22 10:28:34.542,1.33445,1.33485,2.70,4.40
2010.04.22 10:28:35.070,1.33445,1.33485,2.10,4.40
2010.04.22 10:28:35.411,1.33445,1.33485,5.30,1.00
2010.04.22 10:28:35.751,1.3345,1.3349,1.20,2.40
2010.04.22 10:28:36.408,1.3345,1.33485,1.00,1.00
2010.04.22 10:28:36.647,1.33445,1.33485,4.50,1.00
2010.04.22 10:28:37.067,1.33445,1.33485,2.90,1.00
2010.04.22 10:28:38.030,1.33445,1.33485,2.80,1.00
2010.04.22 10:28:38.206,1.33445,1.33485,1.20,3.60
2010.04.22 10:28:38.267,1.33445,1.3348,1.00,1.00
2010.04.22 10:28:38.387,1.3344,1.3348,2.90,1.00
2010.04.22 10:28:38.596,1.3344,1.3348,1.30,1.00
2010.04.22 10:28:38.967,1.3344,1.3348,1.30,1.30
2010.04.22 10:28:41.340,1.3344,1.3348,1.20,1.30
2010.04.22 10:28:42.625,1.3344,1.3348,2.00,1.30
2010.04.22 10:28:43.005,1.33445,1.3348,2.20,1.00
2010.04.22 10:28:43.208,1.33445,1.33485,4.60,1.00
2010.04.22 10:28:43.410,1.3345,1.33485,1.00,1.00
2010.04.22 10:28:43.608,1.3345,1.3349,1.30,1.00
2010.04.22 10:28:44.708,1.3345,1.3349,1.20,2.00
2010.04.22 10:28:45.142,1.3345,1.3348,2.00,1.00
2010.04.22 10:28:45.491,1.3346,1.33485,2.00,1.00
2010.04.22 10:28:45.624,1.3346,1.33495,2.00,2.40
2010.04.22 10:28:46.776,1.3346,1.33495,1.60,2.40
2010.04.22 10:28:47.027,1.33455,1.33485,1.00,1.00
2010.04.22 10:28:47.276,1.3345,1.33485,1.20,1.00
2010.04.22 10:28:47.779,1.3345,1.33485,1.00,1.00
2010.04.22 10:28:47.894,1.33445,1.33485,4.50,1.00
2010.04.22 10:28:48.368,1.33445,1.33485,4.40,1.00
2010.04.22 10:28:48.585,1.33445,1.3348,1.00,1.00
2010.04.22 10:28:50.514,1.33445,1.3348,2.40,1.00
2010.04.22 10:28:50.816,1.33445,1.33485,2.90,2.80
2010.04.22 10:28:53.003,1.3345,1.33485,1.60,2.80
2010.04.22 10:28:53.385,1.3345,1.33485,2.40,1.00
2010.04.22 10:28:54.464,1.3345,1.3348,1.00,1.00
2010.04.22 10:28:55.925,1.33445,1.3348,1.00,1.00
2010.04.22 10:28:56.185,1.33445,1.3348,1.00,2.10
2010.04.22 10:28:56.512,1.33445,1.3348,1.00,1.00
2010.04.22 10:29:00.472,1.33445,1.3348,3.00,1.00
2010.04.22 10:29:00.773,1.33445,1.33485,3.00,2.80
2010.04.22 10:29:01.071,1.33445,1.33485,3.00,2.80
2010.04.22 10:29:07.843,1.33445,1.33485,3.00,1.20
2010.04.22 10:29:08.183,1.3345,1.33485,1.00,1.00
2010.04.22 10:29:08.411,1.3345,1.3348,1.00,2.10
2010.04.22 10:29:08.641,1.33445,1.3348,2.40,2.10
2010.04.22 10:29:09.929,1.33455,1.33485,1.00,1.00
2010.04.22 10:29:10.231,1.33455,1.3349,1.00,1.20
2010.04.22 10:29:10.482,1.3345,1.3349,2.80,1.00
2010.04.22 10:29:12.120,1.3345,1.3349,2.80,1.30
2010.04.22 10:29:12.389,1.3345,1.3349,1.20,2.90
2010.04.22 10:29:13.538,1.3345,1.3349,1.30,4.50
2010.04.22 10:29:15.459,1.33455,1.3349,1.00,4.50
2010.04.22 10:29:15.783,1.33455,1.3349,1.60,2.90
2010.04.22 10:29:15.853,1.33455,1.33495,2.90,4.40
2010.04.22 10:29:16.039,1.3346,1.33495,1.00,4.40
2010.04.22 10:29:16.159,1.3346,1.33495,1.00,4.00
2010.04.22 10:29:16.219,1.3346,1.33495,1.00,1.00
2010.04.22 10:29:17.790,1.3345,1.3349,2.90,1.00
2010.04.22 10:29:21.145,1.3345,1.3349,1.30,1.00
2010.04.22 10:29:21.186,1.3345,1.3349,1.30,1.30
2010.04.22 10:29:21.228,1.3345,1.3349,1.30,2.90
2010.04.22 10:29:21.269,1.3345,1.3349,1.00,4.50
2010.04.22 10:29:22.453,1.3345,1.3349,1.30,2.90
2010.04.22 10:29:23.799,1.3345,1.3349,1.00,4.50
2010.04.22 10:29:24.253,1.3345,1.3349,1.00,2.90
2010.04.22 10:29:24.420,1.3345,1.3349,1.30,2.90
2010.04.22 10:29:31.418,1.3345,1.3349,2.90,2.90
2010.04.22 10:29:31.534,1.3345,1.3349,2.90,1.30
2010.04.22 10:29:31.655,1.33455,1.3349,1.00,1.00
2010.04.22 10:29:32.334,1.3345,1.3349,2.90,1.00
2010.04.22 10:29:32.856,1.3345,1.3349,1.00,1.00
2010.04.22 10:29:33.070,1.3345,1.3349,1.30,2.90
2010.04.22 10:29:36.704,1.3345,1.3349,1.20,2.90
2010.04.22 10:29:37.061,1.3345,1.3349,1.00,2.90
2010.04.22 10:29:44.862,1.3345,1.3349,1.30,2.90
2010.04.22 10:29:50.060,1.3345,1.3349,2.10,2.90
2010.04.22 10:29:50.403,1.33455,1.3349,2.10,1.00
2010.04.22 10:29:50.754,1.3346,1.33495,1.00,2.80
2010.04.22 10:29:51.101,1.3346,1.335,1.00,4.00
2010.04.22 10:29:54.327,1.33465,1.335,1.00,4.00
2010.04.22 10:29:56.417,1.33465,1.335,1.00,4.00
2010.04.22 10:29:56.600,1.3347,1.335,2.10,1.00
2010.04.22 10:30:00.290,1.3346,1.33485,2.70,1.00
2010.04.22 10:30:00.491,1.33455,1.33485,2.00,1.20
2010.04.22 10:30:00.698,1.33455,1.3349,2.10,2.40
2010.04.22 10:30:00.897,1.33455,1.3349,1.60,2.40
2010.04.22 10:30:01.109,1.3345,1.3349,1.00,2.40
2010.04.22 10:30:01.532,1.33445,1.33485,1.20,2.80
2010.04.22 10:30:01.752,1.3344,1.33485,3.70,2.80
2010.04.22 10:30:02.201,1.33445,1.3348,2.10,1.60
2010.04.22 10:30:04.379,1.33445,1.3348,1.60,3.20
2010.04.22 10:30:05.012,1.33445,1.3348,2.10,4.00
2010.04.22 10:30:05.220,1.33445,1.3348,1.60,4.00
2010.04.22 10:30:05.422,1.33445,1.3348,2.20,4.00
2010.04.22 10:30:05.631,1.33445,1.3348,1.00,2.40
2010.04.22 10:30:05.947,1.3344,1.33475,1.00,3.60
2010.04.22 10:30:06.251,1.33435,1.33475,3.00,4.40
2010.04.22 10:30:07.232,1.3345,1.3348,1.00,1.00
2010.04.22 10:30:07.587,1.3345,1.33485,1.60,1.20
2010.04.22 10:30:07.932,1.33445,1.33485,2.40,1.20
2010.04.22 10:30:08.120,1.33445,1.33485,1.00,2.80
2010.04.22 10:30:08.895,1.33445,1.3348,1.00,1.60
2010.04.22 10:30:09.191,1.3344,1.3348,1.00,2.40
2010.04.22 10:30:09.483,1.3344,1.33475,1.00,1.00
2010.04.22 10:30:09.772,1.3344,1.3347,1.00,1.60
2010.04.22 10:30:10.061,1.3343,1.3347,1.00,2.40
2010.04.22 10:30:10.408,1.33425,1.3347,2.80,4.00
2010.04.22 10:30:11.266,1.33425,1.3347,2.90,4.00
2010.04.22 10:30:13.346,1.33425,1.3347,2.80,4.00
2010.04.22 10:30:13.575,1.33425,1.33465,1.00,3.60
2010.04.22 10:30:13.834,1.33425,1.3346,1.00,1.60
2010.04.22 10:30:14.074,1.3342,1.3346,2.10,1.00
2010.04.22 10:30:14.300,1.3343,1.3346,1.00,1.30
2010.04.22 10:30:14.705,1.33435,1.3346,1.00,1.00
2010.04.22 10:30:15.050,1.3343,1.33475,2.40,4.50
2010.04.22 10:30:15.397,1.33435,1.33475,1.00,4.50
2010.04.22 10:30:15.735,1.3343,1.33475,1.00,4.00
2010.04.22 10:30:16.076,1.3344,1.33475,3.20,1.00
2010.04.22 10:30:16.416,1.3345,1.3348,1.00,1.00
2010.04.22 10:30:16.738,1.3346,1.3349,1.60,1.00
2010.04.22 10:30:17.057,1.3346,1.33495,1.60,1.20
2010.04.22 10:30:17.422,1.33465,1.335,1.00,1.60
2010.04.22 10:30:17.670,1.3346,1.33505,2.40,4.40
2010.04.22 10:30:17.917,1.3346,1.33495,1.00,1.60
2010.04.22 10:30:18.157,1.33455,1.33495,1.00,2.40
2010.04.22 10:30:18.410,1.33455,1.3349,1.00,3.70
2010.04.22 10:30:18.755,1.33455,1.33485,1.00,2.90
2010.04.22 10:30:19.098,1.33445,1.33475,1.00,1.60
2010.04.22 10:30:19.538,1.3344,1.33475,1.00,1.60
2010.04.22 10:30:19.892,1.3344,1.33475,1.00,2.40
2010.04.22 10:30:20.577,1.33435,1.33475,1.30,4.50
2010.04.22 10:30:20.878,1.33435,1.3347,1.00,1.00
2010.04.22 10:30:21.179,1.33425,1.3347,2.80,4.50
2010.04.22 10:30:22.063,1.3343,1.3347,1.60,4.50
2010.04.22 10:30:22.377,1.33435,1.3347,1.00,4.00
2010.04.22 10:30:23.604,1.3344,1.3347,1.00,4.00
2010.04.22 10:30:23.773,1.3344,1.3347,1.00,1.00
2010.04.22 10:30:24.151,1.3344,1.33475,1.00,2.40
2010.04.22 10:30:26.283,1.3344,1.33475,1.00,4.00
2010.04.22 10:30:26.372,1.33435,1.3347,1.00,1.60
2010.04.22 10:30:26.744,1.3343,1.3347,2.80,2.40
2010.04.22 10:30:28.331,1.3343,1.3347,2.00,4.00
2010.04.22 10:30:30.170,1.3343,1.3347,1.00,4.00
2010.04.22 10:30:32.151,1.33435,1.3347,1.00,1.00
2010.04.22 10:30:32.482,1.3344,1.3348,1.00,4.00
2010.04.22 10:30:32.820,1.3344,1.3348,1.20,4.00
2010.04.22 10:30:33.499,1.3344,1.3348,1.00,4.00
2010.04.22 10:30:33.823,1.33435,1.3347,1.00,1.00
2010.04.22 10:30:36.209,1.33435,1.3347,1.00,1.00
2010.04.22 10:30:36.379,1.3344,1.3347,1.00,1.00
2010.04.22 10:30:37.128,1.3344,1.33475,1.00,2.40
2010.04.22 10:30:38.559,1.33435,1.33475,1.20,4.00
2010.04.22 10:30:38.865,1.33435,1.33475,1.00,4.40
2010.04.22 10:30:39.280,1.3343,1.3347,1.20,1.00
2010.04.22 10:30:39.512,1.3343,1.3347,1.30,1.00
2010.04.22 10:30:40.201,1.3344,1.3347,1.00,1.00
2010.04.22 10:30:40.541,1.3345,1.33485,1.00,4.00
2010.04.22 10:30:40.779,1.3345,1.33485,1.00,1.00
2010.04.22 10:30:41.257,1.3345,1.33485,1.20,1.00
2010.04.22 10:30:41.742,1.33455,1.3349,1.00,1.00
2010.04.22 10:30:46.086,1.3345,1.3349,2.80,1.00
2010.04.22 10:30:46.237,1.3345,1.3349,1.20,4.00
2010.04.22 10:30:46.614,1.3345,1.3349,1.00,4.00
2010.04.22 10:30:52.625,1.3345,1.33485,1.00,2.40
2010.04.22 10:30:53.144,1.3344,1.3348,2.90,1.00
2010.04.22 10:30:53.476,1.33445,1.3348,1.00,1.00
2010.04.22 10:30:53.736,1.3345,1.3348,1.00,1.00
2010.04.22 10:30:57.306,1.33445,1.3348,1.00,1.00
2010.04.22 10:30:57.571,1.3344,1.3348,2.80,1.00
2010.04.22 10:30:58.033,1.33445,1.3348,1.00,1.60
2010.04.22 10:30:58.298,1.3344,1.3348,1.20,4.00
2010.04.22 10:30:58.648,1.3344,1.3348,1.00,4.40
2010.04.22 10:31:02.386,1.3344,1.3348,1.00,5.30
2010.04.22 10:31:02.706,1.3344,1.3348,1.00,6.10
2010.04.22 10:31:02.814,1.3344,1.3348,1.00,4.40
2010.04.22 10:31:04.096,1.33445,1.33485,2.80,1.00
2010.04.22 10:31:04.445,1.3345,1.33485,1.00,1.00
2010.04.22 10:31:06.454,1.3345,1.33475,1.00,1.00
2010.04.22 10:31:06.627,1.33445,1.33475,1.00,1.00
2010.04.22 10:31:07.644,1.33445,1.3347,1.00,1.60
2010.04.22 10:31:07.984,1.3344,1.33475,1.00,4.40
2010.04.22 10:31:08.275,1.3344,1.33475,1.00,1.20
2010.04.22 10:31:08.564,1.33455,1.33485,1.60,1.00
2010.04.22 10:31:08.853,1.3346,1.3351,1.00,1.20
2010.04.22 10:31:09.142,1.3346,1.3351,2.40,1.20
2010.04.22 10:31:09.888,1.33465,1.33505,2.00,1.20
2010.04.22 10:31:10.238,1.33465,1.33505,1.20,1.40
2010.04.22 10:31:10.539,1.3346,1.33495,1.00,1.00
2010.04.22 10:31:10.836,1.33455,1.33495,2.80,3.70
2010.04.22 10:31:11.133,1.33455,1.33495,2.80,4.50
2010.04.22 10:31:11.779,1.3345,1.33485,1.00,1.00
2010.04.22 10:31:12.287,1.33455,1.3349,2.00,1.00
2010.04.22 10:31:12.597,1.33455,1.33495,2.80,1.30
2010.04.22 10:31:12.904,1.33455,1.33495,4.40,1.00
2010.04.22 10:31:13.855,1.3345,1.33485,1.20,1.60
2010.04.22 10:31:14.204,1.3345,1.33485,1.00,2.40
2010.04.22 10:31:14.554,1.3345,1.3349,1.20,4.00
2010.04.22 10:31:16.060,1.3345,1.3349,1.20,5.60
2010.04.22 10:31:16.231,1.33445,1.33485,1.20,2.40
2010.04.22 10:31:17.239,1.33445,1.33485,1.20,2.90
2010.04.22 10:31:17.560,1.33445,1.33485,2.80,1.00
2010.04.22 10:31:17.879,1.33445,1.33485,4.40,1.00
2010.04.22 10:31:18.684,1.3345,1.33485,1.00,1.00
2010.04.22 10:31:18.969,1.33445,1.33485,4.40,1.00
2010.04.22 10:31:19.250,1.33445,1.33485,2.80,1.30
2010.04.22 10:31:19.528,1.33445,1.33485,2.80,1.00
2010.04.22 10:31:19.937,1.33445,1.33485,4.40,1.00
2010.04.22 10:31:20.221,1.33445,1.33485,4.50,1.00
2010.04.22 10:31:20.563,1.3345,1.3349,1.20,1.60
2010.04.22 10:31:20.910,1.3345,1.33495,1.20,4.40
2010.04.22 10:31:21.252,1.3345,1.33495,3.60,4.00
2010.04.22 10:31:21.379,1.33455,1.33495,1.00,4.00
2010.04.22 10:31:22.371,1.33455,1.33495,1.20,4.00
2010.04.22 10:31:22.702,1.3346,1.33495,1.00,1.00
2010.04.22 10:31:23.033,1.33455,1.33495,1.00,1.20
2010.04.22 10:31:23.572,1.33465,1.33505,1.00,1.60
2010.04.22 10:31:23.926,1.33465,1.33505,1.00,4.40
2010.04.22 10:31:24.727,1.33465,1.33505,1.20,4.40
2010.04.22 10:31:25.017,1.3348,1.33505,1.60,4.00
2010.04.22 10:31:25.300,1.3348,1.33505,2.10,1.00
2010.04.22 10:31:25.824,1.3347,1.33505,2.00,1.00
2010.04.22 10:31:25.977,1.33465,1.33505,2.40,1.00
2010.04.22 10:31:26.609,1.33465,1.3351,2.40,4.00
2010.04.22 10:31:27.027,1.3348,1.335,1.60,1.60
2010.04.22 10:31:27.324,1.3348,1.33505,1.60,1.00
2010.04.22 10:31:27.675,1.33475,1.33505,1.00,1.00
2010.04.22 10:31:28.025,1.3347,1.33505,1.00,1.00
2010.04.22 10:31:28.374,1.33465,1.33505,1.00,1.30
2010.04.22 10:31:28.718,1.33465,1.33505,1.00,1.00
2010.04.22 10:31:29.248,1.3348,1.33505,1.60,1.00
2010.04.22 10:31:29.595,1.3347,1.33515,2.00,4.40
2010.04.22 10:31:29.942,1.3346,1.33505,1.00,2.10
2010.04.22 10:31:30.289,1.3347,1.33505,2.40,2.90
2010.04.22 10:31:30.801,1.3347,1.3351,5.20,2.40
2010.04.22 10:31:31.030,1.33475,1.3351,1.00,2.40
2010.04.22 10:31:31.263,1.33475,1.3351,1.00,4.00
2010.04.22 10:31:31.489,1.33475,1.335,1.00,2.10
2010.04.22 10:31:31.869,1.3347,1.335,1.00,5.30
2010.04.22 10:31:32.169,1.3347,1.33495,1.60,1.60
2010.04.22 10:31:32.460,1.3347,1.33495,1.60,1.00
2010.04.22 10:31:32.889,1.33465,1.33495,1.00,4.00
2010.04.22 10:31:33.233,1.3346,1.33495,2.10,2.40
2010.04.22 10:31:34.178,1.3346,1.33495,2.10,4.00
2010.04.22 10:31:35.588,1.3346,1.33495,2.10,2.40
2010.04.22 10:31:41.265,1.3347,1.335,1.60,2.40
2010.04.22 10:31:41.514,1.3347,1.33505,1.60,4.00
2010.04.22 10:31:42.013,1.33465,1.33505,4.50,1.00
2010.04.22 10:31:42.293,1.33465,1.33505,2.90,1.00
2010.04.22 10:31:43.352,1.33465,1.33505,4.50,1.00
2010.04.22 10:31:43.628,1.33465,1.33505,4.50,1.20
2010.04.22 10:31:44.413,1.3347,1.33505,1.60,1.20
2010.04.22 10:31:44.564,1.33485,1.33515,1.60,4.40
2010.04.22 10:31:44.712,1.33485,1.33515,1.60,4.40
2010.04.22 10:31:44.862,1.33485,1.33515,1.60,1.00
2010.04.22 10:31:45.515,1.33475,1.33515,1.00,1.20
2010.04.22 10:31:45.822,1.33475,1.33515,1.00,1.20
2010.04.22 10:31:48.960,1.33475,1.33515,1.00,2.80
2010.04.22 10:31:49.331,1.33475,1.33515,1.00,2.90
2010.04.22 10:31:49.697,1.33475,1.3351,1.00,1.60
2010.04.22 10:31:49.907,1.3347,1.3351,1.00,2.80
2010.04.22 10:31:50.594,1.33465,1.33505,2.80,1.00
2010.04.22 10:31:53.212,1.33465,1.33505,1.00,4.40
2010.04.22 10:31:56.020,1.33465,1.335,1.00,1.60
2010.04.22 10:31:56.348,1.3346,1.335,2.80,2.00
2010.04.22 10:31:56.465,1.33455,1.33495,3.20,1.00
2010.04.22 10:31:56.581,1.33455,1.33495,1.60,2.00
2010.04.22 10:31:56.701,1.33455,1.33495,1.20,3.60
2010.04.22 10:31:56.820,1.33455,1.33495,1.00,4.40
2010.04.22 10:31:58.659,1.33465,1.33495,1.00,1.00
2010.04.22 10:31:58.834,1.33455,1.33495,4.40,1.00
2010.04.22 10:31:59.181,1.33455,1.33495,2.80,1.00
2010.04.22 10:32:00.205,1.33465,1.335,1.00,2.40
2010.04.22 10:32:06.146,1.33465,1.335,1.00,1.00
2010.04.22 10:32:06.246,1.33475,1.335,1.60,1.00
2010.04.22 10:32:06.299,1.33475,1.33505,1.60,4.00
2010.04.22 10:32:06.577,1.3347,1.33505,1.00,4.00
2010.04.22 10:32:06.903,1.33465,1.33505,1.00,4.40
2010.04.22 10:32:07.351,1.33465,1.335,1.00,1.60
2010.04.22 10:32:07.698,1.33465,1.335,1.00,2.40
2010.04.22 10:32:10.066,1.33465,1.335,1.00,2.40
2010.04.22 10:32:10.320,1.33465,1.33505,1.30,2.40
2010.04.22 10:32:10.572,1.33465,1.335,1.00,2.40
2010.04.22 10:32:10.821,1.3346,1.335,1.00,2.40
2010.04.22 10:32:11.071,1.33465,1.335,1.00,1.00
2010.04.22 10:32:11.381,1.33475,1.33505,1.00,1.00
2010.04.22 10:32:11.691,1.3348,1.3351,1.00,1.00
2010.04.22 10:32:12.103,1.3348,1.3352,1.00,2.40
2010.04.22 10:32:12.452,1.3348,1.33515,1.00,2.40
2010.04.22 10:32:14.155,1.3348,1.33515,1.00,2.40
2010.04.22 10:32:14.498,1.3348,1.33515,2.10,4.00
2010.04.22 10:32:14.879,1.3347,1.3351,1.30,3.20
2010.04.22 10:32:15.056,1.3347,1.3351,1.00,4.00
2010.04.22 10:32:15.577,1.33465,1.3351,2.90,4.00
2010.04.22 10:32:16.254,1.33465,1.3351,2.80,4.00
2010.04.22 10:32:17.217,1.33465,1.3351,3.60,4.00
2010.04.22 10:32:17.530,1.3347,1.3351,2.10,1.00
2010.04.22 10:32:17.779,1.3347,1.3351,2.90,1.00
2010.04.22 10:32:20.033,1.33475,1.3351,1.00,1.00
2010.04.22 10:32:22.375,1.3347,1.3351,1.00,4.50
2010.04.22 10:32:30.110,1.3347,1.3351,1.00,4.50
2010.04.22 10:32:30.322,1.3347,1.3351,1.00,4.50
2010.04.22 10:32:32.337,1.33465,1.335,2.40,1.00
2010.04.22 10:32:32.561,1.33465,1.335,1.00,1.00
2010.04.22 10:32:32.784,1.3346,1.335,3.50,1.00
2010.04.22 10:32:33.013,1.3346,1.335,3.50,1.30
2010.04.22 10:32:33.500,1.33465,1.335,1.00,1.30
2010.04.22 10:32:34.231,1.3346,1.335,3.50,1.30
2010.04.22 10:32:34.401,1.3346,1.335,3.40,1.30
2010.04.22 10:32:35.762,1.3347,1.335,1.00,1.00
2010.04.22 10:32:36.133,1.3347,1.33505,1.00,1.00
2010.04.22 10:32:36.200,1.3347,1.33505,1.00,1.00
2010.04.22 10:32:36.459,1.3347,1.33505,1.00,1.00
2010.04.22 10:32:36.649,1.3347,1.3351,1.40,2.40
2010.04.22 10:32:39.259,1.3348,1.33515,1.00,1.00
2010.04.22 10:32:40.338,1.3348,1.33515,1.00,1.20
2010.04.22 10:32:40.480,1.33475,1.33515,1.00,1.20
2010.04.22 10:32:41.670,1.33475,1.3351,1.00,1.00
2010.04.22 10:32:42.357,1.3347,1.3351,3.00,1.00
2010.04.22 10:32:44.219,1.3347,1.3351,1.40,1.00
2010.04.22 10:32:44.381,1.3347,1.3351,1.40,2.40
2010.04.22 10:32:45.998,1.3348,1.3351,1.60,1.00
2010.04.22 10:32:46.320,1.3348,1.33515,2.20,1.00
2010.04.22 10:32:46.638,1.3348,1.3352,3.00,1.00
2010.04.22 10:32:50.867,1.3348,1.3352,1.30,1.00
2010.04.22 10:32:51.086,1.3348,1.3352,1.00,4.50
2010.04.22 10:32:53.789,1.3348,1.3352,1.00,2.90
2010.04.22 10:32:54.061,1.3348,1.3352,1.00,4.50
2010.04.22 10:32:54.135,1.33475,1.33515,2.90,2.40
2010.04.22 10:32:54.216,1.33475,1.33515,3.00,2.40
2010.04.22 10:32:54.469,1.33475,1.33505,1.20,1.60
2010.04.22 10:32:54.723,1.33465,1.335,1.20,1.00
2010.04.22 10:32:54.983,1.3347,1.335,1.60,1.00
2010.04.22 10:32:55.297,1.3347,1.335,2.10,1.00
2010.04.22 10:32:55.640,1.3347,1.33505,2.10,2.40
2010.04.22 10:32:55.988,1.3347,1.33505,2.10,1.00
2010.04.22 10:32:56.329,1.33475,1.33515,1.00,4.00
2010.04.22 10:32:59.785,1.3347,1.3351,2.90,2.00
2010.04.22 10:32:59.985,1.3347,1.3351,2.90,2.80
2010.04.22 10:33:00.705,1.3347,1.3351,3.00,2.80
2010.04.22 10:33:01.465,1.3347,1.33505,2.20,1.00
2010.04.22 10:33:01.964,1.3347,1.33505,1.00,1.00
2010.04.22 10:33:02.709,1.33475,1.3351,1.00,1.20
2010.04.22 10:33:02.933,1.33475,1.3351,1.00,1.00
2010.04.22 10:33:03.273,1.33475,1.3351,1.00,1.00
2010.04.22 10:33:05.444,1.33475,1.33515,1.30,2.80
2010.04.22 10:33:07.033,1.33475,1.33515,1.30,4.40
2010.04.22 10:33:07.308,1.3347,1.3351,1.30,1.20
2010.04.22 10:33:07.575,1.3347,1.3351,1.30,1.20
2010.04.22 10:33:08.025,1.3347,1.3351,1.30,2.80
2010.04.22 10:33:13.913,1.3347,1.3351,2.90,1.20
2010.04.22 10:33:18.463,1.3347,1.3351,2.90,2.80
2010.04.22 10:33:18.478,1.3347,1.3351,1.30,2.80
2010.04.22 10:33:28.617,1.3347,1.3351,1.30,4.40
2010.04.22 10:33:28.815,1.3347,1.3351,1.30,2.80
2010.04.22 10:33:30.456,1.3347,1.3351,2.90,2.80
2010.04.22 10:33:30.919,1.3347,1.33505,1.00,1.60
2010.04.22 10:33:31.150,1.33465,1.33505,1.00,2.80
2010.04.22 10:33:31.378,1.3346,1.33505,1.30,2.80
2010.04.22 10:33:31.839,1.3347,1.33505,1.00,4.40
2010.04.22 10:33:32.067,1.3347,1.33505,1.00,4.00
2010.04.22 10:33:32.412,1.3347,1.3351,1.00,6.00
2010.04.22 10:33:32.775,1.33465,1.3351,3.00,4.50
2010.04.22 10:33:33.119,1.33465,1.33505,3.00,4.00
2010.04.22 10:33:33.398,1.3347,1.33505,1.00,4.00
2010.04.22 10:33:33.683,1.3347,1.33505,1.00,1.00
2010.04.22 10:33:34.652,1.33465,1.33505,1.40,4.00
2010.04.22 10:33:36.425,1.3347,1.33505,1.00,4.00
2010.04.22 10:33:37.158,1.3347,1.33505,1.00,2.40
2010.04.22 10:33:37.396,1.3347,1.33505,1.00,1.00
2010.04.22 10:33:40.533,1.33465,1.33505,1.40,1.00
2010.04.22 10:33:41.837,1.33465,1.33505,1.00,1.20
2010.04.22 10:33:42.160,1.33465,1.33505,1.40,1.20
2010.04.22 10:33:42.289,1.33465,1.33505,1.00,1.60
2010.04.22 10:33:42.414,1.33465,1.33505,1.00,1.20
2010.04.22 10:33:42.547,1.33465,1.33505,1.00,1.60
2010.04.22 10:33:44.524,1.33465,1.33505,2.40,1.60
2010.04.22 10:33:44.733,1.33465,1.33505,1.40,1.20
2010.04.22 10:33:44.913,1.33465,1.33505,1.40,1.00
2010.04.22 10:33:46.018,1.3347,1.33505,1.00,1.00
2010.04.22 10:33:46.306,1.3347,1.33505,1.00,1.00
2010.04.22 10:33:46.867,1.3347,1.33505,1.00,1.00
2010.04.22 10:33:48.782,1.3347,1.3351,1.40,2.40
2010.04.22 10:33:53.361,1.3347,1.335,1.00,1.00
2010.04.22 10:33:53.612,1.3346,1.335,3.30,1.00
2010.04.22 10:33:53.740,1.3346,1.335,1.70,1.00
2010.04.22 10:33:54.133,1.3346,1.335,1.30,1.20
2010.04.22 10:33:55.043,1.33455,1.33495,3.40,2.00
2010.04.22 10:33:55.301,1.33455,1.33495,1.00,3.60
2010.04.22 10:33:55.501,1.33455,1.3349,1.00,1.00
2010.04.22 10:33:56.331,1.33455,1.3349,1.00,1.00
2010.04.22 10:33:57.590,1.33455,1.33495,1.00,4.40
2010.04.22 10:33:57.719,1.33455,1.33495,1.00,2.80
2010.04.22 10:33:58.813,1.33455,1.33495,1.00,4.40
2010.04.22 10:34:02.588,1.33455,1.33495,2.90,2.00
2010.04.22 10:34:03.459,1.33455,1.33495,2.80,2.00
2010.04.22 10:34:04.318,1.3346,1.33495,1.60,1.00
2010.04.22 10:34:04.717,1.3346,1.335,2.40,1.00
2010.04.22 10:34:04.875,1.3346,1.33495,1.00,1.00
2010.04.22 10:34:10.239,1.3346,1.335,4.50,2.80
2010.04.22 10:34:10.548,1.3346,1.335,4.50,1.20
2010.04.22 10:34:11.258,1.3346,1.335,4.50,1.60
2010.04.22 10:34:13.209,1.33465,1.33505,2.90,2.80
2010.04.22 10:34:14.881,1.33465,1.335,1.00,1.00
2010.04.22 10:34:15.086,1.3346,1.335,4.50,1.20
2010.04.22 10:34:15.286,1.3346,1.335,4.60,1.60
2010.04.22 10:34:16.108,1.33455,1.33495,2.80,2.40
2010.04.22 10:34:16.395,1.33455,1.33495,3.40,2.40
2010.04.22 10:34:16.582,1.3346,1.33495,1.60,2.80
2010.04.22 10:34:16.768,1.3346,1.33495,2.10,2.80
2010.04.22 10:34:16.946,1.3346,1.33495,2.20,1.00
2010.04.22 10:34:17.127,1.3346,1.335,3.00,1.20
2010.04.22 10:34:17.306,1.3346,1.335,4.60,1.20
2010.04.22 10:34:17.546,1.3346,1.335,3.00,2.80
2010.04.22 10:34:17.890,1.3346,1.335,3.00,4.40
2010.04.22 10:34:18.248,1.33455,1.335,3.00,4.80
2010.04.22 10:34:20.004,1.33455,1.335,3.40,4.80
2010.04.22 10:34:20.224,1.33455,1.33495,3.40,1.00
2010.04.22 10:34:20.449,1.3346,1.33495,1.00,1.00
2010.04.22 10:34:20.668,1.33455,1.3349,1.00,4.00
2010.04.22 10:34:22.459,1.3346,1.3349,1.00,4.00
2010.04.22 10:34:22.616,1.33455,1.3349,1.30,1.00
2010.04.22 10:34:22.777,1.3346,1.335,1.00,2.80
2010.04.22 10:34:22.934,1.33455,1.33495,1.30,1.60
2010.04.22 10:34:23.536,1.33455,1.33495,1.30,2.40
2010.04.22 10:34:24.214,1.3346,1.33495,1.00,2.40
2010.04.22 10:34:24.464,1.3346,1.33495,1.00,2.40
2010.04.22 10:34:24.716,1.33465,1.33495,1.00,1.00
2010.04.22 10:34:24.966,1.33465,1.335,1.00,1.20
2010.04.22 10:34:25.559,1.33465,1.335,1.00,1.00
2010.04.22 10:34:28.303,1.33465,1.335,1.00,4.00
2010.04.22 10:34:30.972,1.33465,1.335,1.00,2.40
2010.04.22 10:34:31.353,1.33465,1.33505,1.00,4.40
2010.04.22 10:34:31.632,1.33465,1.33505,1.30,4.40
2010.04.22 10:34:32.423,1.3347,1.33505,1.00,4.40
2010.04.22 10:34:32.564,1.3347,1.3351,1.30,2.80
2010.04.22 10:34:32.883,1.3347,1.3351,1.00,2.80
2010.04.22 10:34:33.202,1.3347,1.33505,1.00,1.00
2010.04.22 10:34:33.909,1.33465,1.33505,1.30,1.00
2010.04.22 10:34:34.227,1.33465,1.33505,1.00,4.40
2010.04.22 10:34:34.541,1.33465,1.335,1.00,1.60
2010.04.22 10:34:34.865,1.33465,1.335,1.00,2.40
2010.04.22 10:34:38.163,1.33465,1.335,1.00,4.00
2010.04.22 10:34:38.334,1.3346,1.335,1.30,4.00
2010.04.22 10:34:38.671,1.3346,1.335,1.30,4.40
2010.04.22 10:34:38.955,1.3346,1.335,1.30,4.00
2010.04.22 10:34:40.724,1.33465,1.335,1.00,4.00
2010.04.22 10:34:41.061,1.3346,1.335,1.30,4.00
2010.04.22 10:34:42.991,1.3346,1.335,3.00,1.00
2010.04.22 10:34:43.132,1.33465,1.335,1.00,1.00
2010.04.22 10:34:44.554,1.3346,1.335,1.30,4.00
2010.04.22 10:34:45.699,1.3346,1.335,1.30,1.00
2010.04.22 10:34:47.594,1.3346,1.335,1.30,2.40
2010.04.22 10:34:47.871,1.3346,1.335,1.00,4.00
2010.04.22 10:34:48.412,1.33465,1.335,2.30,4.40
2010.04.22 10:34:48.689,1.33465,1.335,2.30,1.20
2010.04.22 10:34:48.848,1.33465,1.33505,2.30,2.80
2010.04.22 10:34:49.009,1.33465,1.33505,3.10,2.80
2010.04.22 10:34:49.328,1.33465,1.33505,3.10,2.40
2010.04.22 10:34:49.711,1.33475,1.33505,1.00,2.40
2010.04.22 10:34:50.040,1.33475,1.33505,2.30,2.40
2010.04.22 10:34:51.169,1.33475,1.33505,1.00,2.00
2010.04.22 10:34:51.510,1.3346,1.33495,2.80,1.00
2010.04.22 10:34:51.850,1.3346,1.3349,1.00,1.00
2010.04.22 10:34:52.188,1.33455,1.3349,1.30,1.00
2010.04.22 10:34:55.866,1.33455,1.3349,1.20,1.00
2010.04.22 10:34:56.112,1.33455,1.3349,1.00,1.00
2010.04.22 10:34:56.259,1.3345,1.33485,1.00,1.00
2010.04.22 10:34:56.622,1.33445,1.33485,2.90,2.00
2010.04.22 10:34:56.906,1.33445,1.33485,2.90,2.70
2010.04.22 10:34:59.608,1.33445,1.33485,2.80,4.30
2010.04.22 10:34:59.915,1.33445,1.3348,2.80,1.00
2010.04.22 10:35:00.172,1.33445,1.3348,2.80,2.40
2010.04.22 10:35:00.425,1.33445,1.33485,2.80,2.80
2010.04.22 10:35:00.765,1.33445,1.33485,2.80,3.40
2010.04.22 10:35:04.203,1.33445,1.33485,2.90,3.40
2010.04.22 10:35:08.346,1.33445,1.33485,2.80,2.80
2010.04.22 10:35:08.476,1.33445,1.33475,2.40,1.00
2010.04.22 10:35:08.736,1.3345,1.33475,2.10,1.60
2010.04.22 10:35:08.865,1.3345,1.3348,2.10,1.00
2010.04.22 10:35:08.996,1.33445,1.33485,2.00,1.20
2010.04.22 10:35:09.295,1.33445,1.33485,3.60,1.00
2010.04.22 10:35:09.624,1.3345,1.33485,1.00,1.00
2010.04.22 10:35:14.611,1.3345,1.33485,1.00,1.00
2010.04.22 10:35:14.773,1.3345,1.33485,1.30,1.00
2010.04.22 10:35:15.271,1.3345,1.3349,1.30,2.80
2010.04.22 10:35:18.871,1.33455,1.3349,1.60,1.00
2010.04.22 10:35:19.216,1.33455,1.3349,2.40,1.00
2010.04.22 10:35:20.801,1.33455,1.3349,2.40,1.00
2010.04.22 10:35:21.820,1.33455,1.33495,2.80,4.40
2010.04.22 10:35:22.120,1.3346,1.33495,1.00,3.60
2010.04.22 10:35:25.998,1.3346,1.33495,1.00,2.00
2010.04.22 10:35:26.192,1.3346,1.33495,1.00,1.00
2010.04.22 10:35:29.080,1.3346,1.33495,1.00,2.00
2010.04.22 10:35:29.221,1.33455,1.33495,1.30,2.80
2010.04.22 10:35:29.500,1.33455,1.33495,1.20,2.80
2010.04.22 10:35:29.691,1.33455,1.33495,1.20,4.80
2010.04.22 10:35:29.868,1.33455,1.33495,1.20,4.40
2010.04.22 10:35:44.584,1.33455,1.33495,2.80,4.40
2010.04.22 10:35:44.756,1.3346,1.33495,1.00,3.40
2010.04.22 10:35:44.927,1.3346,1.33495,1.00,1.00
2010.04.22 10:35:45.096,1.3346,1.33495,1.00,1.00
2010.04.22 10:35:45.858,1.3346,1.33495,1.00,1.60
2010.04.22 10:35:46.209,1.33455,1.33495,1.20,4.80
2010.04.22 10:35:46.554,1.33455,1.33495,1.20,4.40
2010.04.22 10:35:46.847,1.33455,1.3349,1.20,1.00
2010.04.22 10:35:47.426,1.33455,1.33485,1.00,1.60
2010.04.22 10:35:47.767,1.3345,1.33485,1.20,2.80
2010.04.22 10:35:48.116,1.33455,1.33485,1.00,1.00
2010.04.22 10:35:48.454,1.33455,1.3349,1.00,1.20
2010.04.22 10:35:52.385,1.3345,1.3349,2.80,1.60
2010.04.22 10:35:52.853,1.3345,1.3349,2.40,1.20
2010.04.22 10:35:53.517,1.3345,1.3349,2.40,1.60
2010.04.22 10:35:55.472,1.3345,1.33485,2.40,1.00
2010.04.22 10:35:55.773,1.33445,1.33485,2.80,2.00
2010.04.22 10:35:56.075,1.33445,1.33485,2.80,2.40
2010.04.22 10:35:56.373,1.33445,1.33485,1.20,6.40
2010.04.22 10:35:56.674,1.33445,1.33485,1.20,6.80
2010.04.22 10:35:57.912,1.33445,1.33485,1.20,6.00
2010.04.22 10:36:01.220,1.33445,1.33485,1.20,4.40
2010.04.22 10:36:01.381,1.33445,1.33485,1.20,4.00
2010.04.22 10:36:01.540,1.33445,1.33485,1.20,2.40
2010.04.22 10:36:02.864,1.33445,1.33485,2.80,1.00
2010.04.22 10:36:03.151,1.3345,1.3349,1.00,4.40
2010.04.22 10:36:03.731,1.3345,1.3349,1.00,4.70
2010.04.22 10:36:09.173,1.3345,1.3349,1.00,4.40
2010.04.22 10:36:10.890,1.3345,1.3348,1.00,1.00
2010.04.22 10:36:11.102,1.33445,1.3348,1.00,3.60
2010.04.22 10:36:11.339,1.3344,1.3348,2.30,3.60
2010.04.22 10:36:11.555,1.3344,1.3348,3.90,4.40
2010.04.22 10:36:11.770,1.3344,1.3348,2.70,4.40
2010.04.22 10:36:13.080,1.3344,1.3348,3.50,4.40
2010.04.22 10:36:13.421,1.3344,1.3348,1.00,1.00
2010.04.22 10:36:15.309,1.3345,1.3348,1.00,1.00
2010.04.22 10:36:15.640,1.33455,1.3348,1.00,1.00
2010.04.22 10:36:15.827,1.33455,1.3349,1.00,1.00
2010.04.22 10:36:16.017,1.33455,1.3349,1.00,1.00
2010.04.22 10:36:18.042,1.33455,1.3349,2.00,2.80
2010.04.22 10:36:18.395,1.33455,1.33475,1.60,1.00
2010.04.22 10:36:18.748,1.33455,1.33485,1.60,1.00
2010.04.22 10:36:19.077,1.33445,1.3348,2.40,1.00
2010.04.22 10:36:19.405,1.33445,1.33485,2.40,1.00
2010.04.22 10:36:19.732,1.33445,1.3347,2.40,1.60
2010.04.22 10:36:20.082,1.3344,1.33475,4.40,2.00
2010.04.22 10:36:20.551,1.33445,1.33485,2.80,1.20
2010.04.22 10:36:20.891,1.33445,1.3347,1.00,1.00
2010.04.22 10:36:21.243,1.3344,1.3347,1.00,1.00
2010.04.22 10:36:21.589,1.33435,1.3348,2.80,1.10
2010.04.22 10:36:22.119,1.3344,1.3347,1.00,1.00
2010.04.22 10:36:22.476,1.3344,1.33465,1.00,2.10
2010.04.22 10:36:22.824,1.3343,1.33465,2.40,2.10
2010.04.22 10:36:25.250,1.33435,1.33465,1.00,2.10
2010.04.22 10:36:25.523,1.33435,1.3347,2.40,1.00
2010.04.22 10:36:25.873,1.3344,1.3347,1.00,1.00
2010.04.22 10:36:27.705,1.3344,1.3347,1.00,1.00
2010.04.22 10:36:27.906,1.33435,1.3347,1.00,1.00
2010.04.22 10:36:28.318,1.3344,1.3347,1.00,1.00
2010.04.22 10:36:30.098,1.3343,1.33455,1.00,1.00
2010.04.22 10:36:30.317,1.33425,1.33455,1.20,2.10
2010.04.22 10:36:30.535,1.33425,1.33455,1.00,2.10
2010.04.22 10:36:32.305,1.33425,1.33455,1.00,1.00
2010.04.22 10:36:32.467,1.3342,1.33455,1.00,1.60
2010.04.22 10:36:32.626,1.3342,1.3345,1.00,1.00
2010.04.22 10:36:32.783,1.33415,1.3345,2.40,1.00
2010.04.22 10:36:34.295,1.33415,1.3344,2.40,2.30
2010.04.22 10:36:34.491,1.33415,1.3344,1.00,2.30
2010.04.22 10:36:42.311,1.33415,1.3345,1.00,3.60
2010.04.22 10:36:42.478,1.33415,1.3345,1.00,2.00
2010.04.22 10:36:42.550,1.33415,1.3345,1.00,2.70
2010.04.22 10:36:43.843,1.33415,1.3345,1.00,1.00
2010.04.22 10:36:44.624,1.33415,1.33455,1.00,1.20
2010.04.22 10:36:45.552,1.33415,1.33455,2.40,1.20
2010.04.22 10:36:47.488,1.33415,1.33455,2.40,1.30
2010.04.22 10:36:48.741,1.33415,1.33455,2.40,2.90
2010.04.22 10:36:48.864,1.33415,1.3345,2.40,1.00
2010.04.22 10:36:49.112,1.33415,1.33455,2.40,1.20
2010.04.22 10:36:49.629,1.33415,1.33455,2.40,1.70
2010.04.22 10:36:49.909,1.33415,1.33455,2.40,1.30
2010.04.22 10:36:52.898,1.3342,1.3346,2.80,3.30
2010.04.22 10:36:53.041,1.3342,1.3346,2.80,1.30
2010.04.22 10:36:53.381,1.3343,1.3345,1.60,1.00
2010.04.22 10:36:53.720,1.3342,1.3345,1.00,1.00
2010.04.22 10:36:54.993,1.3342,1.33455,1.00,1.00
2010.04.22 10:36:55.290,1.3342,1.3346,2.80,2.80
2010.04.22 10:36:55.561,1.33425,1.3346,1.00,1.00
2010.04.22 10:36:55.833,1.33425,1.3347,2.80,4.40
2010.04.22 10:36:56.112,1.3343,1.3347,1.00,2.80
2010.04.22 10:36:56.460,1.33435,1.3347,1.00,2.50
2010.04.22 10:36:56.951,1.3343,1.3347,2.40,2.90
2010.04.22 10:36:57.301,1.3343,1.3347,2.40,1.70
2010.04.22 10:36:57.608,1.3343,1.3347,2.40,1.20
2010.04.22 10:36:57.910,1.3342,1.3346,2.40,1.30
2010.04.22 10:36:58.221,1.3341,1.3345,1.00,1.20
2010.04.22 10:36:58.661,1.33405,1.33445,1.20,4.50
2010.04.22 10:36:58.851,1.33395,1.3344,2.90,4.40
2010.04.22 10:36:59.041,1.33395,1.3344,1.30,4.40
2010.04.22 10:36:59.227,1.33395,1.33435,1.30,2.80
2010.04.22 10:37:00.778,1.33395,1.33435,2.90,2.80
2010.04.22 10:37:01.403,1.33395,1.33435,2.90,2.40
2010.04.22 10:37:15.005,1.33395,1.33435,1.30,2.40
2010.04.22 10:37:15.085,1.3339,1.3343,4.50,1.00
2010.04.22 10:37:16.324,1.33395,1.3343,1.60,1.00
2010.04.22 10:37:16.665,1.33395,1.33435,2.90,1.00
2010.04.22 10:37:16.806,1.33395,1.3344,2.90,6.10
2010.04.22 10:37:17.275,1.33395,1.33435,2.90,1.60
2010.04.22 10:37:17.417,1.33395,1.33435,2.90,2.40
2010.04.22 10:37:17.555,1.33405,1.33435,1.00,2.80
2010.04.22 10:37:17.708,1.33395,1.33435,1.00,2.40
2010.04.22 10:37:18.237,1.33395,1.33435,2.90,1.60
2010.04.22 10:37:18.915,1.33405,1.3344,1.00,1.00
2010.04.22 10:37:19.183,1.334,1.3344,1.00,1.00
2010.04.22 10:37:19.713,1.33415,1.33445,1.00,1.20
2010.04.22 10:37:19.986,1.33415,1.33445,1.00,1.00
2010.04.22 10:37:20.151,1.33415,1.3345,1.00,1.00
2010.04.22 10:37:20.472,1.33415,1.33455,1.00,4.50
2010.04.22 10:37:21.991,1.33415,1.33455,1.00,4.40
2010.04.22 10:37:22.337,1.33415,1.33455,2.90,1.20
2010.04.22 10:37:22.482,1.33415,1.33455,2.90,1.00
2010.04.22 10:37:22.763,1.3342,1.33455,1.00,1.00
2010.04.22 10:37:23.042,1.33425,1.33455,1.00,1.00
2010.04.22 10:37:23.188,1.3342,1.33455,1.60,1.00
2010.04.22 10:37:25.363,1.33425,1.33455,1.00,1.00
2010.04.22 10:37:25.615,1.33435,1.33465,1.00,1.20
2010.04.22 10:37:26.117,1.3343,1.3347,1.00,4.50
2010.04.22 10:37:26.365,1.3343,1.33465,1.00,1.60
2010.04.22 10:37:26.713,1.3342,1.3346,4.90,1.00
2010.04.22 10:37:27.054,1.3342,1.3346,2.80,2.80
2010.04.22 10:37:27.401,1.3342,1.3346,2.00,2.80
2010.04.22 10:37:29.027,1.33415,1.33455,2.00,4.00
2010.04.22 10:37:29.174,1.33415,1.3345,1.60,1.00
2010.04.22 10:37:30.053,1.3342,1.33455,1.60,4.40
2010.04.22 10:37:31.684,1.33415,1.33455,1.00,4.40
2010.04.22 10:37:34.101,1.33415,1.33455,1.00,4.00
2010.04.22 10:37:34.328,1.33415,1.33455,1.00,4.40
2010.04.22 10:37:35.509,1.33415,1.33455,1.00,4.00
2010.04.22 10:37:35.790,1.33415,1.33455,1.00,4.40
2010.04.22 10:37:36.072,1.3341,1.3345,1.20,3.20
2010.04.22 10:37:36.421,1.3341,1.3345,1.00,4.00
2010.04.22 10:37:37.104,1.33415,1.3345,1.00,2.40
2010.04.22 10:37:37.400,1.3341,1.3345,2.80,1.00
2010.04.22 10:37:37.689,1.3341,1.3345,1.20,2.90
2010.04.22 10:37:37.979,1.3341,1.3345,1.20,1.00
2010.04.22 10:37:38.268,1.33415,1.3345,1.00,1.00
2010.04.22 10:37:40.307,1.33415,1.33455,1.20,6.20
2010.04.22 10:37:41.405,1.33415,1.3345,1.00,1.00
2010.04.22 10:37:46.836,1.33415,1.33455,1.20,4.40
2010.04.22 10:37:47.155,1.33415,1.33455,1.20,4.00
2010.04.22 10:37:51.754,1.33415,1.33455,2.80,1.00
2010.04.22 10:37:53.527,1.33415,1.3345,1.00,2.10
2010.04.22 10:37:53.837,1.3341,1.3345,1.20,2.90
2010.04.22 10:37:54.064,1.3341,1.3344,1.00,1.00
2010.04.22 10:37:54.290,1.3341,1.3345,1.00,2.80
2010.04.22 10:37:54.636,1.3341,1.3345,1.00,3.30
2010.04.22 10:37:55.135,1.3341,1.3345,1.00,2.90
2010.04.22 10:37:56.752,1.3341,1.3345,1.20,2.80
2010.04.22 10:37:57.484,1.3341,1.3345,1.20,2.90
2010.04.22 10:37:59.022,1.3341,1.3345,1.30,2.90
2010.04.22 10:37:59.144,1.3341,1.3345,2.90,1.00
2010.04.22 10:37:59.203,1.33415,1.33455,1.00,4.40
2010.04.22 10:37:59.438,1.3342,1.33455,1.60,2.80
2010.04.22 10:37:59.509,1.33425,1.3346,1.00,2.80
2010.04.22 10:37:59.572,1.33425,1.3346,1.00,1.20
2010.04.22 10:37:59.914,1.33425,1.33465,1.30,4.40
2010.04.22 10:38:00.593,1.3343,1.33465,1.00,4.40
2010.04.22 10:38:00.792,1.3343,1.33465,1.00,2.40
2010.04.22 10:38:07.788,1.33425,1.33465,1.00,2.40
2010.04.22 10:38:08.214,1.33425,1.33465,1.00,2.90
2010.04.22 10:38:08.312,1.33425,1.33465,1.00,4.50
2010.04.22 10:38:08.409,1.3342,1.33465,2.80,4.50
2010.04.22 10:38:08.911,1.3342,1.33465,2.80,4.90
2010.04.22 10:38:09.012,1.3342,1.33465,2.80,4.40
2010.04.22 10:38:10.285,1.3342,1.3346,1.20,1.60
2010.04.22 10:38:10.508,1.3342,1.3346,1.20,4.00
2010.04.22 10:38:10.729,1.33415,1.33455,1.00,1.00
2010.04.22 10:38:11.156,1.33415,1.33455,1.00,2.80
2010.04.22 10:38:11.686,1.33415,1.33455,1.00,2.40
2010.04.22 10:38:16.615,1.33415,1.33455,1.60,2.40
2010.04.22 10:38:17.031,1.33425,1.3346,1.00,1.20
2010.04.22 10:38:17.130,1.3343,1.33465,2.10,2.80
2010.04.22 10:38:17.334,1.3343,1.33465,2.10,2.40
2010.04.22 10:38:17.988,1.3343,1.33465,2.10,1.00
2010.04.22 10:38:18.567,1.3343,1.3347,2.10,4.40
2010.04.22 10:38:19.255,1.3343,1.3346,2.10,1.00
2010.04.22 10:38:19.474,1.3343,1.3346,1.00,1.00
2010.04.22 10:38:19.697,1.33425,1.3346,1.00,1.00
2010.04.22 10:38:20.033,1.3342,1.3346,2.90,1.10
2010.04.22 10:38:20.262,1.3342,1.3346,2.10,4.40
2010.04.22 10:38:20.610,1.33425,1.3346,1.00,4.40
2010.04.22 10:38:20.959,1.33425,1.3346,1.00,2.40
2010.04.22 10:38:21.617,1.3342,1.3346,2.90,2.70
2010.04.22 10:38:21.937,1.3342,1.3346,2.10,4.70
2010.04.22 10:38:22.255,1.33425,1.3346,1.00,4.40
2010.04.22 10:38:22.722,1.33425,1.3346,1.00,4.00
2010.04.22 10:38:23.405,1.33415,1.3346,4.60,4.50
2010.04.22 10:38:23.822,1.33415,1.3346,4.60,4.90
2010.04.22 10:38:24.111,1.33415,1.3346,4.60,4.50
2010.04.22 10:38:24.675,1.33415,1.33455,2.80,1.00
2010.04.22 10:38:24.865,1.33415,1.33455,1.00,1.00
2010.04.22 10:38:25.052,1.33415,1.33455,1.00,2.90
2010.04.22 10:38:26.605,1.33415,1.33455,1.30,2.40
2010.04.22 10:38:27.631,1.33415,1.33455,2.90,2.40
2010.04.22 10:38:29.100,1.33415,1.33455,2.90,4.00
2010.04.22 10:38:29.273,1.3341,1.3345,1.00,2.90
2010.04.22 10:38:29.671,1.3341,1.3345,1.00,2.90
2010.04.22 10:38:29.912,1.3341,1.3345,1.30,1.00
2010.04.22 10:38:30.884,1.3341,1.3345,1.20,1.00
2010.04.22 10:38:31.395,1.33415,1.3345,3.60,1.00
2010.04.22 10:38:31.673,1.33415,1.3345,1.00,3.70
2010.04.22 10:38:31.943,1.3341,1.33445,1.00,1.60
2010.04.22 10:38:32.213,1.33405,1.33445,1.20,2.40
2010.04.22 10:38:32.625,1.33405,1.3344,1.20,1.60
2010.04.22 10:38:32.965,1.33415,1.33445,1.00,1.00
2010.04.22 10:38:33.317,1.33415,1.3345,1.00,1.00
2010.04.22 10:38:33.663,1.33415,1.3345,1.00,2.00
2010.04.22 10:38:34.000,1.33415,1.3345,1.30,2.00
2010.04.22 10:38:34.341,1.33405,1.3345,1.80,2.80
2010.04.22 10:38:35.025,1.33415,1.3345,1.00,1.00
2010.04.22 10:38:35.376,1.3342,1.33455,1.00,1.00
2010.04.22 10:38:35.727,1.3342,1.3346,1.00,1.00
2010.04.22 10:38:36.077,1.33415,1.33455,2.40,1.00
2010.04.22 10:38:36.422,1.33415,1.33455,1.00,1.20
2010.04.22 10:38:36.761,1.33415,1.33455,2.00,1.20
2010.04.22 10:38:37.270,1.3342,1.33455,3.60,1.00
2010.04.22 10:38:37.581,1.3342,1.3346,1.00,2.70
2010.04.22 10:38:38.741,1.33415,1.33455,2.00,1.30
2010.04.22 10:38:39.081,1.33415,1.33455,1.00,4.50
2010.04.22 10:38:39.329,1.33415,1.33455,2.80,1.00
2010.04.22 10:38:41.988,1.33415,1.33455,2.90,1.00
2010.04.22 10:38:42.180,1.33415,1.3346,2.90,4.90
2010.04.22 10:38:42.238,1.33415,1.3346,2.90,4.40
2010.04.22 10:38:44.863,1.33425,1.3346,1.00,1.20
2010.04.22 10:38:45.375,1.33425,1.3346,1.20,1.00
2010.04.22 10:38:45.719,1.33425,1.33465,1.20,2.80
2010.04.22 10:38:49.375,1.33425,1.33465,2.80,1.20
2010.04.22 10:38:49.635,1.3343,1.33465,1.00,1.00
2010.04.22 10:38:51.665,1.3343,1.33465,1.00,2.10
2010.04.22 10:38:51.806,1.33425,1.33465,1.20,4.90
2010.04.22 10:38:51.916,1.33425,1.33465,1.20,1.20
2010.04.22 10:38:52.032,1.3343,1.33465,1.60,1.20
2010.04.22 10:38:52.150,1.3343,1.33465,1.60,1.00
2010.04.22 10:38:52.382,1.33435,1.33465,1.00,1.00
2010.04.22 10:38:52.605,1.33435,1.3347,1.00,4.40
2010.04.22 10:38:53.062,1.33425,1.3346,1.00,1.00
2010.04.22 10:38:53.413,1.33425,1.3346,1.20,1.00
2010.04.22 10:38:53.760,1.33425,1.3346,2.00,1.00
2010.04.22 10:38:54.111,1.33425,1.33465,10.80,2.90
2010.04.22 10:38:54.647,1.33425,1.33465,1.20,5.30
2010.04.22 10:38:54.990,1.3342,1.3346,5.60,2.90
2010.04.22 10:38:55.339,1.33425,1.3346,1.00,2.40
2010.04.22 10:38:56.965,1.33425,1.3346,1.00,4.00
2010.04.22 10:38:57.117,1.3342,1.33455,1.00,2.10
2010.04.22 10:38:57.268,1.33415,1.33455,1.20,2.90
2010.04.22 10:38:57.564,1.33415,1.33455,1.00,2.90
2010.04.22 10:38:57.709,1.33415,1.33455,1.20,6.10
2010.04.22 10:38:57.857,1.33415,1.33455,2.00,4.50
2010.04.22 10:38:58.195,1.33415,1.3346,2.00,4.40
2010.04.22 10:38:58.536,1.33415,1.3346,2.80,4.40
2010.04.22 10:38:58.882,1.33415,1.33455,2.80,2.00
2010.04.22 10:38:59.063,1.33415,1.33455,1.20,2.00
2010.04.22 10:38:59.434,1.33415,1.33455,1.20,3.20
2010.04.22 10:38:59.624,1.3342,1.33455,1.60,1.60
2010.04.22 10:38:59.815,1.33425,1.33455,1.00,1.00
2010.04.22 10:39:00.005,1.33425,1.3346,1.00,1.20
2010.04.22 10:39:00.345,1.33425,1.33465,1.20,4.40
2010.04.22 10:39:00.684,1.33425,1.33465,1.20,4.80
2010.04.22 10:39:01.504,1.33425,1.3346,1.20,1.00
2010.04.22 10:39:01.746,1.33425,1.33465,1.00,2.80
2010.04.22 10:39:02.165,1.33425,1.33465,1.00,4.50
2010.04.22 10:39:03.495,1.33425,1.33465,1.20,4.50
2010.04.22 10:39:04.876,1.33435,1.33465,1.00,2.80
2010.04.22 10:39:05.226,1.33435,1.33475,1.20,4.40
2010.04.22 10:39:05.375,1.33435,1.33475,1.20,4.50
2010.04.22 10:39:05.451,1.33435,1.33475,2.80,4.50
2010.04.22 10:39:05.532,1.33435,1.33475,2.80,2.90
2010.04.22 10:39:05.612,1.3344,1.33475,1.00,2.10
2010.04.22 10:39:06.122,1.3344,1.33475,1.00,3.70
2010.04.22 10:39:06.542,1.33435,1.33475,1.20,4.50
2010.04.22 10:39:06.884,1.33435,1.33475,2.00,2.40
2010.04.22 10:39:07.226,1.3344,1.3348,1.00,4.40
2010.04.22 10:39:09.068,1.3344,1.33475,1.00,2.10
2010.04.22 10:39:11.124,1.33435,1.33475,1.20,4.50
2010.04.22 10:39:14.390,1.33435,1.33475,2.00,2.90
2010.04.22 10:39:14.580,1.33435,1.33475,2.00,2.40
2010.04.22 10:39:14.771,1.33435,1.3348,3.60,4.40
2010.04.22 10:39:17.554,1.33435,1.3348,3.60,4.00
2010.04.22 10:39:18.492,1.33435,1.3348,3.70,4.00
2010.04.22 10:39:19.568,1.33435,1.3348,3.70,4.40
2010.04.22 10:39:27.927,1.33435,1.3348,2.80,4.40
2010.04.22 10:39:28.169,1.33435,1.33475,2.80,2.10
2010.04.22 10:39:28.746,1.33435,1.33475,3.60,1.00
2010.04.22 10:39:28.916,1.33435,1.3348,3.60,4.40
2010.04.22 10:39:29.255,1.33435,1.3348,3.60,2.80
2010.04.22 10:39:29.649,1.3344,1.3348,1.00,2.80
2010.04.22 10:39:36.178,1.33455,1.3348,2.10,1.20
2010.04.22 10:39:36.428,1.3345,1.33475,1.00,2.10
2010.04.22 10:39:36.678,1.33435,1.33475,3.60,2.90
2010.04.22 10:39:37.019,1.33435,1.33475,2.80,1.60
2010.04.22 10:39:37.508,1.33435,1.33475,3.60,1.00
2010.04.22 10:39:37.858,1.3344,1.33475,1.00,1.60
2010.04.22 10:39:38.134,1.33435,1.33475,2.80,1.00
2010.04.22 10:39:38.411,1.3344,1.3348,1.00,1.00
2010.04.22 10:39:38.679,1.3344,1.33485,1.00,4.50
2010.04.22 10:39:40.394,1.33445,1.33485,1.60,4.50
2010.04.22 10:39:40.637,1.33445,1.33485,2.10,4.00
2010.04.22 10:39:40.875,1.33445,1.33485,2.10,2.40
2010.04.22 10:39:43.042,1.33445,1.33485,2.90,2.40
2010.04.22 10:39:44.445,1.33445,1.33485,3.00,2.40
2010.04.22 10:39:45.372,1.33445,1.33485,2.90,2.40
2010.04.22 10:39:45.612,1.33445,1.33485,1.30,2.40
2010.04.22 10:39:46.234,1.33445,1.3349,1.30,4.50
2010.04.22 10:39:46.632,1.33445,1.33485,1.30,1.00
2010.04.22 10:39:46.957,1.33445,1.33485,1.00,1.00
2010.04.22 10:39:47.313,1.33445,1.33485,1.00,1.00
2010.04.22 10:39:47.954,1.33445,1.3349,1.30,4.40
2010.04.22 10:39:52.430,1.3345,1.3349,1.00,4.40
2010.04.22 10:39:54.542,1.33455,1.3349,1.00,4.00
2010.04.22 10:39:54.762,1.33455,1.33495,2.10,4.40
2010.04.22 10:39:54.980,1.33455,1.33495,1.00,4.50
2010.04.22 10:39:57.279,1.33455,1.33495,1.00,4.40
2010.04.22 10:39:57.810,1.33455,1.33495,1.30,1.20
2010.04.22 10:39:59.950,1.33455,1.33495,1.00,2.80
2010.04.22 10:40:00.129,1.33455,1.33495,1.00,4.40
2010.04.22 10:40:00.570,1.33455,1.33495,1.00,6.00
2010.04.22 10:40:01.158,1.33455,1.33495,1.30,2.80
2010.04.22 10:40:01.838,1.33455,1.33495,1.00,6.00
2010.04.22 10:40:02.108,1.33455,1.33495,1.00,6.10
2010.04.22 10:40:02.454,1.3345,1.3349,2.80,1.00
2010.04.22 10:40:03.020,1.3345,1.3349,2.40,2.80
2010.04.22 10:40:06.880,1.3345,1.3349,2.40,2.80
2010.04.22 10:40:07.060,1.33455,1.3349,2.10,2.40
2010.04.22 10:40:07.917,1.33455,1.3349,2.10,1.60
2010.04.22 10:40:08.257,1.33455,1.33495,2.10,4.80
2010.04.22 10:40:09.206,1.33455,1.33495,2.10,4.40
2010.04.22 10:40:09.397,1.33455,1.3349,1.60,1.00
2010.04.22 10:40:09.587,1.3345,1.3349,2.80,2.00
2010.04.22 10:40:09.966,1.3345,1.3349,2.40,2.00
2010.04.22 10:40:10.707,1.3345,1.3349,2.80,1.60
2010.04.22 10:40:10.887,1.3345,1.33495,2.80,1.20
2010.04.22 10:40:11.085,1.33455,1.33495,1.00,1.20
2010.04.22 10:40:11.268,1.33455,1.33495,1.00,1.20
2010.04.22 10:40:11.847,1.33455,1.3349,1.00,2.00
2010.04.22 10:40:12.056,1.33455,1.3349,1.00,1.00
2010.04.22 10:40:12.266,1.33455,1.33495,1.00,1.20
2010.04.22 10:40:12.510,1.33455,1.33495,1.00,1.20
2010.04.22 10:40:12.768,1.33455,1.33495,1.00,1.20
2010.04.22 10:40:15.806,1.33455,1.3349,1.00,2.00
2010.04.22 10:40:16.215,1.3345,1.3349,2.40,2.00
2010.04.22 10:40:16.425,1.3345,1.3349,2.40,1.00
2010.04.22 10:40:20.053,1.3345,1.3349,1.00,2.00
2010.04.22 10:40:20.285,1.3345,1.3349,1.00,2.80
2010.04.22 10:40:20.737,1.3345,1.3349,1.20,2.80
2010.04.22 10:40:20.965,1.3345,1.3349,1.20,2.40
2010.04.22 10:40:21.502,1.3345,1.3349,1.00,2.80
2010.04.22 10:40:22.006,1.3345,1.3349,1.60,2.80
2010.04.22 10:40:22.195,1.33455,1.3349,1.60,1.20
2010.04.22 10:40:22.390,1.3345,1.3349,2.10,1.30
2010.04.22 10:40:22.577,1.33455,1.33485,1.00,2.10
2010.04.22 10:40:22.977,1.33445,1.33485,1.20,2.90
2010.04.22 10:40:23.163,1.33445,1.33485,1.20,6.10
2010.04.22 10:40:23.504,1.33445,1.33485,1.00,6.10
2010.04.22 10:40:24.640,1.3345,1.33485,1.00,2.90
2010.04.22 10:40:24.754,1.33455,1.33485,1.00,1.20
2010.04.22 10:40:24.875,1.33455,1.3349,1.00,1.00
2010.04.22 10:40:24.995,1.33455,1.33495,1.00,1.20
2010.04.22 10:40:25.228,1.33455,1.33495,2.00,1.20
2010.04.22 10:40:25.585,1.3346,1.33495,1.00,2.00
2010.04.22 10:40:25.927,1.33455,1.33485,1.00,1.00
2010.04.22 10:40:26.276,1.33445,1.33485,1.20,1.30
2010.04.22 10:40:26.612,1.33445,1.33485,1.20,4.50
2010.04.22 10:40:27.297,1.33445,1.3348,1.20,3.20
2010.04.22 10:40:27.540,1.3344,1.33475,1.00,1.00
2010.04.22 10:40:28.468,1.3344,1.3348,1.30,4.40
2010.04.22 10:40:28.810,1.3344,1.3348,2.90,2.80
2010.04.22 10:40:29.144,1.3344,1.3348,4.50,1.00
2010.04.22 10:40:29.971,1.3344,1.3348,4.50,1.00
2010.04.22 10:40:30.911,1.3344,1.3348,2.90,1.00
2010.04.22 10:40:32.341,1.3344,1.3348,3.00,1.00
2010.04.22 10:40:32.676,1.33445,1.33485,3.70,1.60
2010.04.22 10:40:32.889,1.3345,1.33485,1.00,1.60
2010.04.22 10:40:35.273,1.33445,1.3348,1.00,1.00
2010.04.22 10:40:35.786,1.33445,1.3348,1.60,1.00
2010.04.22 10:40:36.133,1.33445,1.3348,2.90,1.20
2010.04.22 10:40:36.472,1.33455,1.33485,1.00,1.00
2010.04.22 10:40:36.812,1.33455,1.33495,1.00,6.00
2010.04.22 10:40:37.773,1.3345,1.3349,2.90,2.00
2010.04.22 10:40:38.075,1.33445,1.33485,2.90,1.00
2010.04.22 10:40:38.433,1.33445,1.33485,2.90,2.00
2010.04.22 10:40:39.112,1.3345,1.33485,1.60,1.00
2010.04.22 10:40:39.373,1.33455,1.3349,1.00,1.00
2010.04.22 10:40:39.640,1.33455,1.3349,1.00,1.00
2010.04.22 10:40:42.379,1.3345,1.33485,1.00,3.60
2010.04.22 10:40:42.527,1.3345,1.3348,1.00,1.00
2010.04.22 10:40:42.883,1.33445,1.33485,2.90,1.00
2010.04.22 10:40:43.039,1.3345,1.33485,1.00,1.00
2010.04.22 10:40:43.708,1.3345,1.33485,1.30,1.00
2010.04.22 10:40:44.049,1.3345,1.3349,1.30,2.80
2010.04.22 10:40:45.134,1.3345,1.3349,1.30,4.40
2010.04.22 10:40:45.407,1.33445,1.3349,1.00,4.40
2010.04.22 10:40:45.660,1.33445,1.33485,1.00,1.00
2010.04.22 10:40:49.339,1.33445,1.33485,1.00,1.00
2010.04.22 10:40:49.530,1.33445,1.33485,1.00,4.50
2010.04.22 10:40:49.724,1.3344,1.3348,1.00,2.00
2010.04.22 10:40:49.926,1.3344,1.3348,1.00,5.20
2010.04.22 10:40:50.140,1.3344,1.33475,1.60,1.20
2010.04.22 10:40:50.344,1.3344,1.33475,2.40,1.20
2010.04.22 10:40:50.691,1.3344,1.3348,2.40,2.00
2010.04.22 10:40:51.054,1.3344,1.3348,2.40,1.00
2010.04.22 10:40:51.403,1.3344,1.3348,2.90,1.00
2010.04.22 10:40:53.276,1.3344,1.3348,3.00,1.00
2010.04.22 10:40:54.264,1.3344,1.3348,2.90,1.00
2010.04.22 10:40:55.685,1.3344,1.3348,5.40,1.00
2010.04.22 10:40:55.817,1.33445,1.3348,1.30,1.00
2010.04.22 10:40:56.123,1.33445,1.33485,1.00,2.80
2010.04.22 10:40:56.472,1.33445,1.3348,1.00,1.00
2010.04.22 10:40:56.823,1.3345,1.3348,1.00,1.00
2010.04.22 10:40:57.167,1.3345,1.33485,1.00,1.00
2010.04.22 10:41:10.459,1.3345,1.3349,1.00,4.40
2010.04.22 10:41:10.642,1.3345,1.3349,2.40,2.80
2010.04.22 10:41:10.823,1.3345,1.3349,2.40,2.00
2010.04.22 10:41:14.041,1.3345,1.3349,1.60,4.40
2010.04.22 10:41:14.264,1.33445,1.3348,1.00,1.60
2010.04.22 10:41:14.544,1.33445,1.3348,1.00,2.00
2010.04.22 10:41:14.905,1.33445,1.3348,1.00,2.00
2010.04.22 10:41:15.245,1.3344,1.3348,2.40,2.00
2010.04.22 10:41:16.391,1.3344,1.3348,2.40,2.80
2010.04.22 10:41:16.701,1.3344,1.3348,4.00,1.20
2010.04.22 10:41:16.941,1.33445,1.33485,1.30,2.80
2010.04.22 10:41:17.181,1.33445,1.33485,1.00,2.80
2010.04.22 10:41:17.421,1.3345,1.33485,1.60,1.00
2010.04.22 10:41:17.665,1.3345,1.3349,2.90,2.80
2010.04.22 10:41:17.930,1.3345,1.3349,1.30,1.60
2010.04.22 10:41:18.450,1.3345,1.3349,2.90,1.60
2010.04.22 10:41:18.913,1.3345,1.33485,1.30,1.60
2010.04.22 10:41:19.244,1.3345,1.33485,1.00,1.60
2010.04.22 10:41:19.465,1.33445,1.33485,2.90,1.00
2010.04.22 10:41:19.674,1.33445,1.3349,2.90,6.70
2010.04.22 10:41:19.883,1.33445,1.3349,2.90,4.80
2010.04.22 10:41:20.571,1.33445,1.3349,2.90,4.50
2010.04.22 10:41:22.404,1.3344,1.33475,1.00,2.90
2010.04.22 10:41:22.826,1.3344,1.3347,1.00,1.00
2010.04.22 10:41:23.197,1.3344,1.3348,4.50,1.20
2010.04.22 10:41:23.548,1.3344,1.3348,2.90,1.00
2010.04.22 10:41:24.011,1.3344,1.3348,1.00,2.10
2010.04.22 10:41:24.354,1.3344,1.3348,1.00,4.50
2010.04.22 10:41:25.040,1.3344,1.3348,1.00,4.40
2010.04.22 10:41:25.582,1.33445,1.3348,1.00,1.00
2010.04.22 10:41:25.936,1.3344,1.3348,1.00,2.80
2010.04.22 10:41:27.829,1.33435,1.3348,2.40,2.80
2010.04.22 10:41:28.901,1.3344,1.3348,2.90,1.00
2010.04.22 10:41:29.948,1.3344,1.3348,4.50,1.00
2010.04.22 10:41:30.260,1.3344,1.3348,2.90,1.00
2010.04.22 10:41:33.294,1.3344,1.3348,1.30,1.00
2010.04.22 10:41:33.760,1.3344,1.3348,1.30,2.80
2010.04.22 10:41:34.104,1.3344,1.3348,1.00,2.80
2010.04.22 10:41:34.454,1.3344,1.3348,1.30,2.80
2010.04.22 10:41:36.786,1.3344,1.3347,1.00,1.60
2010.04.22 10:41:36.967,1.33435,1.3347,2.00,1.60
2010.04.22 10:41:41.075,1.33435,1.33475,3.70,1.30
2010.04.22 10:41:41.245,1.3344,1.33475,1.00,1.00
2010.04.22 10:41:43.004,1.3344,1.3348,1.20,2.80
2010.04.22 10:41:44.905,1.3344,1.33475,1.20,1.60
2010.04.22 10:41:45.005,1.3344,1.33475,1.00,5.60
2010.04.22 10:41:45.291,1.33435,1.3347,1.60,1.00
2010.04.22 10:41:45.634,1.3343,1.3347,4.40,1.00
2010.04.22 10:41:46.654,1.3343,1.3347,2.80,2.00
2010.04.22 10:41:46.908,1.3343,1.3347,2.80,2.80
2010.04.22 10:41:47.419,1.3343,1.33465,1.20,1.60
2010.04.22 10:41:47.699,1.33435,1.3347,1.00,1.20
2010.04.22 10:41:48.160,1.33435,1.3347,1.00,1.00
2010.04.22 10:41:48.435,1.33435,1.3347,1.00,1.00
2010.04.22 10:41:49.115,1.33435,1.3347,1.00,3.60
2010.04.22 10:41:50.065,1.3343,1.3347,1.00,3.60
2010.04.22 10:41:50.376,1.3343,1.3346,1.00,1.00
2010.04.22 10:41:50.686,1.33425,1.33465,1.20,2.40
2010.04.22 10:41:50.924,1.33425,1.33465,1.20,2.80
2010.04.22 10:41:51.272,1.33425,1.33465,1.20,2.40
2010.04.22 10:41:51.943,1.33425,1.33465,1.00,2.40
2010.04.22 10:41:52.584,1.3343,1.33465,2.40,2.40
2010.04.22 10:41:52.776,1.33435,1.3347,1.00,1.00
2010.04.22 10:41:53.204,1.33435,1.33475,1.20,2.80
2010.04.22 10:41:53.395,1.33435,1.33475,2.80,2.80
2010.04.22 10:41:53.923,1.33445,1.3348,1.00,1.00
2010.04.22 10:41:54.262,1.33445,1.33485,1.00,4.40
2010.04.22 10:41:55.115,1.33445,1.33485,1.00,4.40
2010.04.22 10:41:59.310,1.33445,1.33485,1.00,2.80
2010.04.22 10:41:59.703,1.33445,1.33485,1.20,2.80
2010.04.22 10:42:00.500,1.3345,1.33485,2.00,2.80
2010.04.22 10:42:00.593,1.3345,1.33485,1.00,1.20
2010.04.22 10:42:00.683,1.3345,1.33485,1.20,1.00
2010.04.22 10:42:00.774,1.3345,1.3349,1.00,4.40
2010.04.22 10:42:01.112,1.3345,1.3349,1.00,4.40
2010.04.22 10:42:02.313,1.33455,1.3349,1.00,4.00
2010.04.22 10:42:02.822,1.3345,1.3349,1.00,4.40
2010.04.22 10:42:04.900,1.33455,1.3349,1.60,4.00
2010.04.22 10:42:05.274,1.33465,1.3349,1.60,1.00
2010.04.22 10:42:05.396,1.3346,1.3349,1.00,1.00
2010.04.22 10:42:05.517,1.33455,1.3349,1.00,1.00
2010.04.22 10:42:06.230,1.33455,1.3349,1.60,1.00
2010.04.22 10:42:08.378,1.33455,1.3349,1.60,4.00
2010.04.22 10:42:08.509,1.33455,1.3349,1.10,4.40
2010.04.22 10:42:10.030,1.33455,1.33475,1.00,1.20
2010.04.22 10:42:10.371,1.33445,1.3348,1.00,1.00
2010.04.22 10:42:10.725,1.33445,1.3348,1.00,1.00
2010.04.22 10:42:11.479,1.33445,1.3348,2.00,1.00
2010.04.22 10:42:11.970,1.3345,1.3349,1.00,2.80
2010.04.22 10:42:13.607,1.3345,1.33475,1.00,1.60
2010.04.22 10:42:13.911,1.33445,1.33475,1.00,1.60
2010.04.22 10:42:14.209,1.33445,1.3348,1.00,1.00
2010.04.22 10:42:14.510,1.3344,1.33485,4.00,2.40
2010.04.22 10:42:14.807,1.3344,1.3348,2.40,2.40
2010.04.22 10:42:16.271,1.3344,1.3348,4.80,2.40
2010.04.22 10:42:16.426,1.3344,1.3348,5.30,1.00
2010.04.22 10:42:16.579,1.33445,1.33485,1.00,4.00
2010.04.22 10:42:17.026,1.33445,1.33485,1.00,1.00
2010.04.22 10:42:18.389,1.3345,1.33485,1.00,1.00
2010.04.22 10:42:18.556,1.3345,1.3349,2.00,4.40
2010.04.22 10:42:18.726,1.3345,1.3349,2.00,4.40
2010.04.22 10:42:19.669,1.3345,1.3349,2.00,4.50
2010.04.22 10:42:19.702,1.3345,1.3349,1.00,6.10
2010.04.22 10:42:19.895,1.33445,1.3348,1.00,1.00
2010.04.22 10:42:20.262,1.3344,1.3348,2.80,1.20
2010.04.22 10:42:20.607,1.3344,1.3348,2.80,2.80
2010.04.22 10:42:23.225,1.3344,1.3348,2.90,2.80
2010.04.22 10:42:26.253,1.3344,1.3348,2.80,2.80
2010.04.22 10:42:37.700,1.3344,1.33475,2.00,1.00
2010.04.22 10:42:38.043,1.33435,1.33475,4.00,1.20
2010.04.22 10:42:38.381,1.33435,1.33475,2.40,1.20
2010.04.22 10:42:40.821,1.3344,1.33475,1.00,1.00
2010.04.22 10:42:40.990,1.3344,1.33475,2.00,1.00
2010.04.22 10:42:42.172,1.33435,1.33475,4.00,1.20
2010.04.22 10:42:42.442,1.3344,1.33475,2.00,1.00
2010.04.22 10:42:44.741,1.3344,1.3348,2.80,2.80
2010.04.22 10:42:45.327,1.3344,1.3348,2.80,1.20
2010.04.22 10:42:45.670,1.3344,1.3348,4.40,1.20
2010.04.22 10:42:46.185,1.3344,1.3348,4.40,1.00
2010.04.22 10:42:47.091,1.3344,1.33485,5.30,4.80
2010.04.22 10:42:47.329,1.3344,1.33485,5.30,4.40
2010.04.22 10:42:47.928,1.3344,1.33485,6.90,4.40
2010.04.22 10:42:50.043,1.3344,1.3348,6.10,1.00
2010.04.22 10:42:50.320,1.3344,1.3348,2.80,2.00
2010.04.22 10:42:50.570,1.3344,1.33475,2.40,1.00
2010.04.22 10:42:50.823,1.3344,1.33465,1.00,1.00
2010.04.22 10:42:51.172,1.3343,1.33465,2.80,1.00
2010.04.22 10:42:53.539,1.33435,1.33465,1.00,1.00
2010.04.22 10:42:58.765,1.33435,1.33465,2.40,1.00
2010.04.22 10:42:59.046,1.3344,1.33465,1.00,1.00
2010.04.22 10:43:00.826,1.3344,1.3348,4.40,1.20
2010.04.22 10:43:01.268,1.3344,1.3348,2.80,1.20
2010.04.22 10:43:01.418,1.3344,1.3348,2.00,4.40
2010.04.22 10:43:03.114,1.3344,1.3348,2.00,1.20
2010.04.22 10:43:03.515,1.3344,1.33475,2.40,1.00
2010.04.22 10:43:03.860,1.3344,1.33475,1.00,1.00
2010.04.22 10:43:07.337,1.3344,1.3348,2.80,1.00
2010.04.22 10:43:07.558,1.33445,1.3348,1.00,1.00
2010.04.22 10:43:07.975,1.33445,1.33485,1.00,2.80
2010.04.22 10:43:09.593,1.33445,1.3348,1.00,1.00
2010.04.22 10:43:09.866,1.3344,1.33475,1.20,1.00
2010.04.22 10:43:10.075,1.3344,1.33475,1.00,1.00
2010.04.22 10:43:10.283,1.3344,1.33475,2.40,1.00
2010.04.22 10:43:10.493,1.3344,1.3348,2.80,2.80
2010.04.22 10:43:13.284,1.3344,1.3348,2.90,2.80
2010.04.22 10:43:16.862,1.3345,1.3348,1.60,2.00
2010.04.22 10:43:17.193,1.33445,1.3348,1.00,1.00
2010.04.22 10:43:17.777,1.33445,1.33485,1.00,3.60
2010.04.22 10:43:17.942,1.33445,1.3348,1.00,1.60
2010.04.22 10:43:18.096,1.33445,1.3348,1.00,1.60
2010.04.22 10:43:18.447,1.33435,1.33465,1.00,3.60
2010.04.22 10:43:18.795,1.33435,1.3346,1.00,1.00
2010.04.22 10:43:19.144,1.33435,1.3346,1.60,1.00
2010.04.22 10:43:19.745,1.3343,1.33465,1.60,1.00
2010.04.22 10:43:20.336,1.3343,1.3347,2.20,4.40
2010.04.22 10:43:20.681,1.3343,1.3347,2.60,4.40
2010.04.22 10:43:21.021,1.3343,1.3347,2.20,4.40
2010.04.22 10:43:21.883,1.33435,1.3347,1.00,2.80
2010.04.22 10:43:22.141,1.33435,1.3347,2.50,2.40
2010.04.22 10:43:22.400,1.3344,1.3347,1.00,2.40
2010.04.22 10:43:22.982,1.33435,1.3347,1.00,2.80
2010.04.22 10:43:23.272,1.33435,1.3347,2.00,4.40
2010.04.22 10:43:23.561,1.33435,1.3347,1.60,2.80
2010.04.22 10:43:26.224,1.33435,1.3347,1.60,4.40
2010.04.22 10:43:26.290,1.33435,1.33465,1.60,1.00
2010.04.22 10:43:30.237,1.3343,1.33465,2.00,1.00
2010.04.22 10:43:33.232,1.3343,1.33465,1.60,1.00
2010.04.22 10:43:34.526,1.33445,1.33465,1.60,1.00
2010.04.22 10:43:34.684,1.33445,1.33475,1.60,1.00
2010.04.22 10:43:35.027,1.33445,1.33475,1.60,1.00
2010.04.22 10:43:35.114,1.33455,1.3348,1.60,1.20
2010.04.22 10:43:35.192,1.33455,1.33485,1.60,4.00
2010.04.22 10:43:35.936,1.33455,1.33485,1.60,2.40
2010.04.22 10:43:37.967,1.33455,1.33485,1.60,4.00
2010.04.22 10:43:41.825,1.33455,1.33485,1.60,2.40
2010.04.22 10:43:42.184,1.33455,1.3349,1.60,4.40
2010.04.22 10:43:42.501,1.33455,1.3349,1.60,4.00
2010.04.22 10:43:42.816,1.33455,1.3349,1.60,1.00
2010.04.22 10:43:43.896,1.33455,1.3349,1.60,4.40
2010.04.22 10:43:44.080,1.33465,1.3349,1.60,2.80
2010.04.22 10:43:44.276,1.33455,1.33495,1.00,4.40
2010.04.22 10:43:44.460,1.3345,1.3349,2.80,1.00
2010.04.22 10:43:44.779,1.33455,1.3349,1.60,2.00
2010.04.22 10:43:44.970,1.33455,1.3349,1.60,2.40
2010.04.22 10:43:46.356,1.33455,1.3349,1.60,2.80
2010.04.22 10:43:46.545,1.33455,1.33485,1.60,1.60
2010.04.22 10:43:46.797,1.33455,1.33485,1.60,2.40
2010.04.22 10:43:48.404,1.33455,1.33485,1.60,1.60
2010.04.22 10:43:48.683,1.33455,1.3349,1.60,4.40
2010.04.22 10:43:50.055,1.33465,1.3349,1.60,1.20
2010.04.22 10:43:50.187,1.33465,1.33495,1.60,2.80
2010.04.22 10:43:50.654,1.33465,1.33495,1.60,2.40
2010.04.22 10:43:51.337,1.33465,1.3349,1.60,1.00
2010.04.22 10:43:51.679,1.33455,1.3349,2.00,1.20
2010.04.22 10:43:52.025,1.33455,1.3348,2.00,1.00
2010.04.22 10:43:52.541,1.33445,1.3348,1.00,1.00
2010.04.22 10:43:52.885,1.33445,1.3349,1.20,4.40
2010.04.22 10:43:53.053,1.33445,1.3349,1.20,4.40
2010.04.22 10:43:53.223,1.3345,1.3349,1.00,4.40
2010.04.22 10:43:56.928,1.3345,1.3349,1.00,4.50
2010.04.22 10:43:57.183,1.3345,1.3349,1.20,4.40
2010.04.22 10:43:58.492,1.3345,1.33485,2.00,2.40
2010.04.22 10:43:59.029,1.33455,1.33495,1.00,2.80
2010.04.22 10:43:59.366,1.33455,1.33495,2.00,1.20
2010.04.22 10:43:59.701,1.33455,1.33495,1.00,4.40
2010.04.22 10:44:00.111,1.3346,1.33495,1.00,4.40
2010.04.22 10:44:00.662,1.3346,1.33495,1.00,4.00
2010.04.22 10:44:00.925,1.33455,1.33495,1.00,4.00
2010.04.22 10:44:01.194,1.3346,1.33495,1.00,1.00
2010.04.22 10:44:01.459,1.3346,1.33495,1.00,1.00
2010.04.22 10:44:01.854,1.33455,1.33495,1.20,3.60
2010.04.22 10:44:02.186,1.33455,1.33495,1.00,4.40
2010.04.22 10:44:02.844,1.33455,1.33495,1.00,4.40
2010.04.22 10:44:04.679,1.33455,1.3349,1.00,2.40
2010.04.22 10:44:08.459,1.33455,1.3349,1.00,1.00
2010.04.22 10:44:08.691,1.33455,1.33495,1.00,4.40
2010.04.22 10:44:09.919,1.33455,1.33495,1.00,4.40
2010.04.22 10:44:10.191,1.33465,1.33495,1.60,4.00
2010.04.22 10:44:10.769,1.33465,1.335,1.60,4.40
2010.04.22 10:44:12.923,1.33465,1.335,1.60,2.40
2010.04.22 10:44:13.691,1.33475,1.335,1.60,2.40
2010.04.22 10:44:14.031,1.33475,1.33505,1.60,2.40
2010.04.22 10:44:18.059,1.3347,1.33505,1.00,2.40
2010.04.22 10:44:18.097,1.33465,1.33505,4.00,2.40
2010.04.22 10:44:18.141,1.33465,1.335,4.00,1.60
2010.04.22 10:44:18.180,1.33465,1.335,3.60,2.40
2010.04.22 10:44:18.918,1.33465,1.335,2.00,2.40
2010.04.22 10:44:19.077,1.33465,1.335,1.60,2.40
2010.04.22 10:44:19.422,1.3347,1.33495,1.60,1.00
2010.04.22 10:44:19.770,1.3347,1.335,1.60,4.00
2010.04.22 10:44:20.918,1.3346,1.335,4.60,4.40
2010.04.22 10:44:21.177,1.33465,1.335,1.60,4.40
2010.04.22 10:44:26.460,1.33465,1.335,1.60,2.80
2010.04.22 10:44:26.577,1.33465,1.335,1.60,2.40
2010.04.22 10:44:32.025,1.33465,1.335,1.60,3.20
2010.04.22 10:44:32.247,1.3346,1.33495,1.00,2.10
2010.04.22 10:44:32.465,1.3346,1.335,1.00,4.40
2010.04.22 10:44:32.823,1.33455,1.335,3.30,4.40
2010.04.22 10:44:33.002,1.3346,1.335,1.00,4.40
2010.04.22 10:44:33.672,1.33455,1.335,3.30,4.40
2010.04.22 10:44:34.302,1.3346,1.335,1.00,4.40
2010.04.22 10:44:37.771,1.3346,1.335,1.00,5.20
2010.04.22 10:44:37.911,1.3346,1.33495,1.00,1.00
2010.04.22 10:44:37.981,1.3346,1.33495,1.00,2.00
2010.04.22 10:44:38.363,1.33455,1.33495,3.30,2.00
2010.04.22 10:44:38.795,1.3346,1.33495,1.00,2.00
2010.04.22 10:44:42.954,1.3346,1.33495,2.00,2.00
2010.04.22 10:44:43.508,1.3346,1.33495,1.00,2.10
2010.04.22 10:44:45.426,1.3346,1.33495,1.00,4.50
2010.04.22 10:44:47.003,1.3346,1.3348,1.00,1.00
2010.04.22 10:44:47.481,1.33445,1.3349,1.20,4.40
2010.04.22 10:44:47.693,1.33445,1.33485,1.20,2.40
2010.04.22 10:44:52.883,1.33445,1.33485,2.80,2.40
2010.04.22 10:44:52.951,1.3345,1.3349,1.00,4.40
2010.04.22 10:44:53.293,1.3345,1.3349,1.00,4.40
2010.04.22 10:44:53.638,1.33445,1.3349,1.20,4.40
2010.04.22 10:44:54.900,1.33445,1.3348,1.20,1.00
2010.04.22 10:44:55.165,1.33445,1.3348,1.00,2.80
2010.04.22 10:44:55.729,1.3344,1.3348,2.00,2.80
2010.04.22 10:44:57.571,1.3344,1.3348,1.60,2.80
2010.04.22 10:44:57.911,1.3344,1.3348,1.20,2.80
2010.04.22 10:44:58.047,1.3344,1.3348,1.20,2.80
2010.04.22 10:44:58.667,1.33445,1.3348,1.00,1.00
2010.04.22 10:44:59.008,1.33445,1.3348,2.80,1.00
2010.04.22 10:44:59.686,1.33445,1.3348,2.40,1.00
2010.04.22 10:45:00.428,1.33445,1.3348,2.80,1.00
2010.04.22 10:45:00.697,1.33445,1.33485,2.80,1.00
2010.04.22 10:45:00.967,1.33445,1.3349,2.80,4.40
2010.04.22 10:45:01.236,1.33445,1.3349,2.80,2.80
2010.04.22 10:45:01.506,1.3345,1.3349,1.00,2.80
2010.04.22 10:45:02.178,1.33455,1.33495,1.00,4.40
2010.04.22 10:45:02.598,1.33455,1.33495,1.20,2.80
2010.04.22 10:45:02.952,1.33455,1.33495,1.20,2.40
2010.04.22 10:45:06.184,1.33455,1.33495,2.00,2.40
2010.04.22 10:45:06.335,1.33465,1.33495,1.60,2.40
2010.04.22 10:45:06.486,1.33465,1.33495,1.60,2.80
2010.04.22 10:45:06.637,1.3346,1.3349,1.00,1.60
2010.04.22 10:45:06.786,1.3346,1.3349,1.00,2.40
2010.04.22 10:45:07.405,1.33455,1.3349,1.00,2.40
2010.04.22 10:45:10.475,1.33455,1.3349,1.00,2.40
2010.04.22 10:45:11.466,1.33455,1.3349,1.00,2.80
2010.04.22 10:45:11.655,1.3345,1.3349,2.90,2.80
2010.04.22 10:45:13.257,1.3345,1.33485,2.10,1.00
2010.04.22 10:45:14.285,1.3345,1.33485,2.00,1.00
2010.04.22 10:45:23.051,1.3345,1.3349,2.80,2.80
2010.04.22 10:45:25.391,1.3345,1.3349,3.60,2.80
2010.04.22 10:45:25.629,1.3346,1.3349,1.00,4.00
2010.04.22 10:45:25.860,1.33455,1.33485,1.00,1.00
2010.04.22 10:45:26.083,1.3345,1.3349,2.00,4.40
2010.04.22 10:45:28.407,1.3345,1.3349,4.50,1.20
2010.04.22 10:45:28.646,1.33455,1.33495,1.20,4.00
2010.04.22 10:45:29.339,1.33455,1.33495,1.30,4.00
2010.04.22 10:45:31.498,1.3346,1.33495,1.00,4.00
2010.04.22 10:45:33.257,1.33455,1.33495,1.30,4.00
2010.04.22 10:45:34.132,1.33455,1.3349,1.20,3.20
2010.04.22 10:45:34.372,1.33455,1.3349,1.00,3.60
2010.04.22 10:45:34.592,1.3345,1.3349,4.50,4.40
2010.04.22 10:45:34.809,1.3345,1.3349,2.90,4.40
2010.04.22 10:45:35.533,1.3346,1.3349,1.60,1.20
2010.04.22 10:45:35.762,1.3346,1.33495,2.90,1.00
2010.04.22 10:45:35.986,1.3346,1.335,2.90,2.80
2010.04.22 10:45:42.216,1.3346,1.335,1.20,2.80
2010.04.22 10:45:42.499,1.3346,1.335,1.00,2.80
2010.04.22 10:45:42.615,1.33455,1.33495,1.30,1.00
2010.04.22 10:45:42.868,1.33455,1.33495,1.20,1.00
2010.04.22 10:45:43.209,1.3345,1.3349,2.90,2.80
2010.04.22 10:45:50.036,1.3345,1.3348,2.40,1.00
2010.04.22 10:45:50.566,1.33445,1.3348,3.60,1.00
2010.04.22 10:45:50.903,1.3345,1.3349,1.00,2.80
2010.04.22 10:45:51.566,1.3345,1.3349,1.00,2.80
2010.04.22 10:45:56.463,1.3345,1.3349,2.80,2.80
2010.04.22 10:45:56.954,1.3345,1.3348,1.00,1.00
2010.04.22 10:45:57.896,1.33445,1.33485,1.20,1.00
2010.04.22 10:45:58.044,1.33445,1.3348,1.00,1.00
2010.04.22 10:45:58.343,1.3344,1.3348,4.40,1.00
2010.04.22 10:46:07.369,1.33455,1.33485,1.60,1.20
2010.04.22 10:46:07.751,1.33455,1.33485,1.60,1.00
2010.04.22 10:46:09.090,1.33455,1.3349,1.60,3.20
2010.04.22 10:46:09.692,1.33455,1.3349,1.60,2.80
2010.04.22 10:46:12.290,1.33455,1.3349,2.40,1.00
2010.04.22 10:46:12.469,1.3346,1.3349,1.00,1.00
2010.04.22 10:46:12.829,1.3346,1.3349,1.20,1.00
2010.04.22 10:46:13.160,1.33465,1.33495,2.40,1.00
2010.04.22 10:46:13.860,1.33475,1.33495,1.60,1.00
2010.04.22 10:46:14.204,1.3348,1.3352,1.00,1.00
2010.04.22 10:46:14.551,1.33485,1.3352,1.00,1.00
2010.04.22 10:46:14.890,1.33485,1.33525,1.20,1.00
2010.04.22 10:46:15.549,1.33485,1.33525,1.20,1.20
2010.04.22 10:46:16.361,1.33495,1.33525,1.60,1.20
2010.04.22 10:46:16.703,1.33485,1.3352,1.00,1.00
2010.04.22 10:46:17.301,1.33485,1.3352,1.00,1.00
2010.04.22 10:46:17.968,1.3349,1.3352,1.00,1.00
2010.04.22 10:46:18.160,1.335,1.33525,1.00,2.40
2010.04.22 10:46:18.308,1.335,1.33525,1.00,1.60
2010.04.22 10:46:18.460,1.33495,1.33525,1.00,1.60
2010.04.22 10:46:18.748,1.335,1.3353,1.00,2.40
2010.04.22 10:46:19.551,1.33495,1.3353,1.00,4.00
2010.04.22 10:46:19.882,1.3349,1.3353,1.00,4.00
2010.04.22 10:46:21.070,1.3349,1.3353,1.00,4.40
2010.04.22 10:46:21.377,1.3349,1.3353,1.00,4.00
2010.04.22 10:46:21.690,1.33495,1.3353,1.00,1.00
2010.04.22 10:46:22.001,1.33495,1.3353,1.00,1.00
2010.04.22 10:46:22.308,1.3349,1.3353,1.20,1.00
2010.04.22 10:46:23.672,1.335,1.3353,1.00,1.00
2010.04.22 10:46:24.013,1.335,1.3354,2.00,4.40
2010.04.22 10:46:24.358,1.335,1.3354,1.60,4.40
2010.04.22 10:46:24.961,1.335,1.33535,2.10,1.00
2010.04.22 10:46:25.348,1.335,1.33535,1.60,1.00
2010.04.22 10:46:25.708,1.335,1.33535,1.60,1.00
2010.04.22 10:46:25.888,1.335,1.3354,1.60,4.40
2010.04.22 10:46:26.066,1.335,1.3354,1.60,4.80
2010.04.22 10:46:26.906,1.335,1.3354,1.60,4.40
2010.04.22 10:46:27.556,1.335,1.33535,1.60,1.00
2010.04.22 10:46:27.738,1.33495,1.3353,2.00,1.00
2010.04.22 10:46:27.916,1.335,1.3353,1.60,1.00
2010.04.22 10:46:30.174,1.33495,1.3353,2.00,1.00
2010.04.22 10:46:31.166,1.33495,1.3353,2.40,1.00
2010.04.22 10:46:31.884,1.33495,1.3353,2.00,1.00
2010.04.22 10:46:32.463,1.335,1.3353,1.60,1.00
2010.04.22 10:46:32.914,1.33495,1.3353,2.40,1.00
2010.04.22 10:46:33.386,1.33495,1.3353,2.00,1.00
2010.04.22 10:46:38.496,1.33495,1.3353,1.00,1.00
2010.04.22 10:46:39.742,1.33495,1.3353,2.00,1.00
2010.04.22 10:46:42.872,1.33495,1.3353,1.60,1.20
2010.04.22 10:46:43.113,1.33495,1.3353,1.60,4.40
2010.04.22 10:46:43.270,1.3349,1.3353,2.00,4.40
2010.04.22 10:46:43.517,1.3349,1.33525,1.60,1.20
2010.04.22 10:46:43.771,1.33495,1.33525,1.60,1.00
2010.04.22 10:46:44.017,1.33495,1.3353,2.00,2.40
2010.04.22 10:46:44.263,1.3349,1.3353,2.00,2.80
2010.04.22 10:46:44.941,1.3349,1.3353,1.60,2.80
2010.04.22 10:46:46.081,1.3349,1.33525,1.60,2.40
2010.04.22 10:46:50.147,1.33495,1.33525,1.60,2.40
2010.04.22 10:46:50.493,1.33495,1.3353,2.00,2.40
2010.04.22 10:46:53.749,1.33495,1.3353,1.00,2.40
2010.04.22 10:46:54.089,1.33495,1.3353,2.00,2.40
2010.04.22 10:46:55.410,1.33495,1.3353,2.10,2.40
2010.04.22 10:46:55.603,1.335,1.33535,2.00,2.40
2010.04.22 10:46:55.801,1.33505,1.3354,2.80,1.00
2010.04.22 10:46:56.278,1.33505,1.33545,2.80,4.80
2010.04.22 10:46:58.137,1.33505,1.33545,2.80,4.40
2010.04.22 10:46:59.708,1.3351,1.33545,1.60,4.40
2010.04.22 10:46:59.927,1.3351,1.33545,1.60,1.20
2010.04.22 10:47:01.084,1.3351,1.33545,1.60,1.20
2010.04.22 10:47:01.163,1.3351,1.33545,2.40,1.00
2010.04.22 10:47:01.449,1.3351,1.3355,2.90,2.40
2010.04.22 10:47:02.008,1.3351,1.3355,3.00,2.40
2010.04.22 10:47:02.294,1.3351,1.3355,2.80,2.40
2010.04.22 10:47:02.431,1.3351,1.3355,2.80,2.80
2010.04.22 10:47:02.895,1.3351,1.3355,1.20,2.80
2010.04.22 10:47:03.031,1.33505,1.33545,2.80,1.00
2010.04.22 10:47:04.294,1.33505,1.3354,1.20,1.00
2010.04.22 10:47:04.771,1.33505,1.3354,1.00,2.80
2010.04.22 10:47:06.496,1.335,1.3354,3.10,2.80
2010.04.22 10:47:07.085,1.335,1.3354,3.20,2.80
2010.04.22 10:47:07.638,1.335,1.3354,3.40,2.80
2010.04.22 10:47:07.675,1.335,1.3354,2.80,2.80
2010.04.22 10:47:09.768,1.3351,1.3354,1.60,2.40
2010.04.22 10:47:14.735,1.33505,1.3353,1.00,1.60
2010.04.22 10:47:15.006,1.33505,1.3353,1.00,1.60
2010.04.22 10:47:15.276,1.335,1.3354,2.00,4.40
2010.04.22 10:47:15.774,1.335,1.3354,2.80,4.40
2010.04.22 10:47:15.895,1.33505,1.3354,1.00,4.40
2010.04.22 10:47:15.956,1.335,1.3354,4.40,1.20
2010.04.22 10:47:16.016,1.335,1.3354,4.50,1.20
2010.04.22 10:47:16.077,1.335,1.3354,5.30,1.20
2010.04.22 10:47:16.306,1.33505,1.3354,1.00,1.20
2010.04.22 10:47:16.653,1.3351,1.3354,2.00,1.00
2010.04.22 10:47:16.999,1.33505,1.33545,2.80,2.10
2010.04.22 10:47:17.522,1.33505,1.33545,1.20,2.90
2010.04.22 10:47:19.193,1.33505,1.3354,1.00,1.00
2010.04.22 10:47:20.052,1.33505,1.3354,1.00,1.00
2010.04.22 10:47:20.351,1.3351,1.3354,2.00,1.00
2010.04.22 10:47:20.573,1.3351,1.3354,1.00,1.00
2010.04.22 10:47:20.687,1.335,1.3354,10.10,1.00
2010.04.22 10:47:20.804,1.335,1.3354,6.90,1.00
2010.04.22 10:47:20.915,1.335,1.3354,5.20,1.00
2010.04.22 10:47:21.027,1.335,1.33535,1.60,1.00
2010.04.22 10:47:21.146,1.335,1.33535,1.00,1.00
2010.04.22 10:47:21.701,1.3349,1.3353,4.40,1.20
2010.04.22 10:47:22.047,1.3349,1.3353,4.40,1.60
2010.04.22 10:47:22.650,1.3349,1.3353,2.80,4.80
2010.04.22 10:47:22.907,1.3349,1.3353,2.80,4.40
2010.04.22 10:47:24.730,1.3349,1.3353,1.00,4.40
2010.04.22 10:47:24.843,1.3349,1.3352,1.00,1.60
2010.04.22 10:47:24.954,1.33485,1.3352,1.00,2.20
2010.04.22 10:47:28.433,1.33485,1.3352,2.40,2.20
2010.04.22 10:47:28.503,1.33485,1.3352,2.80,1.60
2010.04.22 10:47:28.571,1.33485,1.33525,2.80,3.00
2010.04.22 10:47:28.830,1.33485,1.33525,2.80,2.20
2010.04.22 10:47:29.155,1.33485,1.3352,1.00,2.20
2010.04.22 10:47:29.484,1.33485,1.33525,2.80,2.20
2010.04.22 10:47:34.162,1.33485,1.33515,2.40,1.00
2010.04.22 10:47:34.528,1.3348,1.33515,2.80,1.00
2010.04.22 10:47:34.751,1.3348,1.33515,1.00,1.00
2010.04.22 10:47:35.721,1.3348,1.33515,2.40,1.00
2010.04.22 10:47:35.806,1.3348,1.33515,2.40,1.00
2010.04.22 10:47:35.885,1.33485,1.33515,1.00,1.00
2010.04.22 10:47:35.964,1.33485,1.3352,1.00,1.00
2010.04.22 10:47:37.441,1.3348,1.3352,1.00,3.00
2010.04.22 10:47:37.834,1.3348,1.3352,1.00,5.00
2010.04.22 10:47:38.932,1.3348,1.33515,1.00,1.00
2010.04.22 10:47:40.361,1.3348,1.3352,1.00,3.40
2010.04.22 10:47:40.837,1.3348,1.3352,1.00,5.00
2010.04.22 10:47:41.317,1.3348,1.3352,1.00,4.60
2010.04.22 10:47:45.079,1.3348,1.33515,1.00,1.60
2010.04.22 10:47:45.157,1.3348,1.33515,1.00,2.20
2010.04.22 10:47:45.237,1.33475,1.33515,1.00,2.80
2010.04.22 10:47:47.747,1.33475,1.33515,1.00,2.80
2010.04.22 10:47:47.877,1.33475,1.33515,1.00,4.40
2010.04.22 10:47:48.007,1.33475,1.3351,1.00,1.00
2010.04.22 10:47:48.427,1.33475,1.33505,1.00,1.00
2010.04.22 10:47:49.088,1.33475,1.3351,1.00,1.00
2010.04.22 10:47:49.429,1.33485,1.33515,2.20,1.00
2010.04.22 10:47:49.822,1.3348,1.33515,1.00,1.00
2010.04.22 10:47:50.098,1.33475,1.33515,1.00,2.80
2010.04.22 10:47:50.379,1.33475,1.33515,1.40,2.80
2010.04.22 10:47:52.821,1.33475,1.33515,1.40,1.20
2010.04.22 10:47:53.983,1.33475,1.33515,1.40,1.60
2010.04.22 10:47:55.562,1.33475,1.33515,1.50,1.60
2010.04.22 10:47:56.595,1.33475,1.33515,3.10,1.60
2010.04.22 10:47:56.940,1.3348,1.33515,1.00,1.00
2010.04.22 10:47:57.292,1.3348,1.33515,1.00,1.00
2010.04.22 10:47:57.518,1.33485,1.33515,1.00,1.00
2010.04.22 10:47:57.975,1.33485,1.3352,1.00,2.80
2010.04.22 10:47:58.209,1.33485,1.3352,1.00,1.60
2010.04.22 10:47:59.453,1.33485,1.3352,1.00,1.60
2010.04.22 10:47:59.873,1.33485,1.33525,1.00,4.80
2010.04.22 10:48:01.213,1.33485,1.33525,1.40,4.80
2010.04.22 10:48:03.207,1.33485,1.33525,1.40,3.20
2010.04.22 10:48:03.303,1.33485,1.33525,1.40,1.60
2010.04.22 10:48:06.285,1.33485,1.33525,1.40,1.20
2010.04.22 10:48:06.465,1.33485,1.33525,1.20,1.20
2010.04.22 10:48:06.844,1.33485,1.33525,1.40,1.20
2010.04.22 10:48:07.184,1.33485,1.33525,1.50,1.20
2010.04.22 10:48:07.522,1.3349,1.33525,2.20,1.20
2010.04.22 10:48:08.201,1.3349,1.33525,2.20,1.00
2010.04.22 10:48:08.445,1.3349,1.3353,3.00,2.80
2010.04.22 10:48:10.031,1.3349,1.33525,2.20,1.00
2010.04.22 10:48:10.677,1.335,1.33525,1.60,1.00
2010.04.22 10:48:10.911,1.335,1.3353,2.10,1.00
2010.04.22 10:48:11.134,1.335,1.33535,2.10,1.00
2010.04.22 10:48:11.673,1.335,1.33535,2.10,3.60
2010.04.22 10:48:12.016,1.3349,1.3353,3.00,2.00
2010.04.22 10:48:12.365,1.3349,1.3353,3.00,3.20
2010.04.22 10:48:13.927,1.335,1.3353,2.10,1.20
2010.04.22 10:48:14.171,1.335,1.33535,2.10,2.40
2010.04.22 10:48:17.279,1.335,1.33535,1.00,2.40
2010.04.22 10:48:17.531,1.33495,1.3353,1.30,1.60
2010.04.22 10:48:17.801,1.3349,1.3353,2.40,1.20
2010.04.22 10:48:18.339,1.3349,1.33525,2.40,1.00
2010.04.22 10:48:18.608,1.3349,1.3353,2.40,1.60
2010.04.22 10:48:19.709,1.3349,1.3353,2.40,3.20
2010.04.22 10:48:21.537,1.3349,1.3353,2.40,2.80
2010.04.22 10:48:23.757,1.3349,1.3353,2.40,1.20
2010.04.22 10:48:23.787,1.3349,1.3353,2.80,1.20
2010.04.22 10:48:24.134,1.3349,1.3353,2.80,1.00
2010.04.22 10:48:24.480,1.33495,1.33535,1.00,2.80
2010.04.22 10:48:26.816,1.33495,1.33535,1.30,2.80
2010.04.22 10:48:27.158,1.33495,1.3353,1.00,2.00
2010.04.22 10:48:28.786,1.33495,1.3353,1.00,2.00
2010.04.22 10:48:29.054,1.3349,1.3353,2.90,2.80
2010.04.22 10:48:29.755,1.3349,1.3353,2.90,2.80
2010.04.22 10:48:34.946,1.33495,1.3353,1.00,2.00
2010.04.22 10:48:39.920,1.33495,1.3353,1.30,1.00
2010.04.22 10:48:40.106,1.33495,1.33535,1.30,2.80
2010.04.22 10:48:42.283,1.33495,1.3353,1.30,1.60
2010.04.22 10:48:42.624,1.33495,1.3353,1.00,2.00
2010.04.22 10:48:43.584,1.33495,1.3353,1.00,2.00
2010.04.22 10:48:44.262,1.33495,1.3353,1.00,2.00
2010.04.22 10:48:45.165,1.3349,1.3353,2.90,2.00
2010.04.22 10:48:48.055,1.3349,1.3353,1.30,3.60
2010.04.22 10:48:48.130,1.3349,1.3353,1.30,6.00
2010.04.22 10:48:50.183,1.3349,1.3353,1.00,6.10
2010.04.22 10:48:50.301,1.3349,1.3353,1.00,6.50
2010.04.22 10:48:50.893,1.3349,1.3353,1.00,6.10
2010.04.22 10:48:52.256,1.33495,1.3353,1.30,1.00
2010.04.22 10:48:52.714,1.335,1.33535,1.00,1.20
2010.04.22 10:48:52.949,1.33495,1.3353,1.30,1.60
2010.04.22 10:48:53.238,1.33495,1.33525,1.30,1.60
2010.04.22 10:48:53.729,1.3349,1.33515,1.00,1.60
2010.04.22 10:48:54.015,1.3348,1.33515,1.00,2.40
2010.04.22 10:48:54.363,1.3348,1.33515,1.00,2.80
2010.04.22 10:48:55.728,1.3349,1.3352,1.00,4.40
2010.04.22 10:48:55.970,1.3349,1.3352,1.00,1.20
2010.04.22 10:49:00.628,1.3349,1.3352,1.00,1.00
2010.04.22 10:49:00.732,1.3349,1.33525,1.00,4.40
2010.04.22 10:49:10.720,1.3349,1.3352,1.00,1.00
2010.04.22 10:49:12.969,1.3348,1.3352,3.10,1.00
2010.04.22 10:49:15.096,1.3348,1.3352,4.70,1.00
2010.04.22 10:49:15.415,1.3349,1.3352,1.00,1.00
2010.04.22 10:49:19.835,1.3349,1.33525,1.00,6.00
2010.04.22 10:49:26.662,1.3349,1.33525,1.00,4.40
2010.04.22 10:49:26.782,1.33495,1.33525,1.60,1.20
2010.04.22 10:49:26.904,1.335,1.33525,1.00,1.20
2010.04.22 10:49:27.456,1.335,1.33535,1.00,3.20
2010.04.22 10:49:27.804,1.335,1.33535,1.00,4.40
2010.04.22 10:49:29.742,1.335,1.3353,1.00,1.60
2010.04.22 10:49:29.922,1.335,1.3353,1.00,2.40
2010.04.22 10:49:30.104,1.3349,1.3353,1.50,2.40
2010.04.22 10:49:30.283,1.3349,1.3353,1.50,2.80
2010.04.22 10:49:34.938,1.335,1.3353,1.00,2.00
2010.04.22 10:49:35.094,1.335,1.33535,1.00,6.00
2010.04.22 10:49:35.242,1.335,1.33535,1.00,6.10
2010.04.22 10:49:35.393,1.3349,1.33535,3.10,6.00
2010.04.22 10:49:35.689,1.3349,1.3353,3.10,1.00
2010.04.22 10:49:36.782,1.335,1.3353,1.00,1.00
2010.04.22 10:49:37.303,1.3349,1.33535,4.70,6.00
2010.04.22 10:49:37.504,1.3349,1.33535,3.10,6.00
2010.04.22 10:49:37.890,1.3349,1.3353,3.10,1.00
2010.04.22 10:49:38.571,1.335,1.3353,1.00,1.00
2010.04.22 10:49:38.863,1.335,1.3353,1.00,1.00
2010.04.22 10:49:39.153,1.3349,1.3353,3.10,1.00
2010.04.22 10:49:39.945,1.3349,1.33525,3.10,1.60
2010.04.22 10:49:40.193,1.3349,1.33525,3.10,1.00
2010.04.22 10:49:40.436,1.3349,1.33525,3.10,2.00
2010.04.22 10:49:41.084,1.3349,1.33525,2.40,2.00
2010.04.22 10:49:42.332,1.33495,1.33525,1.00,1.00
2010.04.22 10:49:43.199,1.33495,1.3353,1.00,1.00
2010.04.22 10:49:47.228,1.3349,1.3353,2.90,1.00
2010.04.22 10:49:47.569,1.33495,1.3353,1.00,1.00
2010.04.22 10:49:47.698,1.3349,1.3353,2.90,1.00
2010.04.22 10:49:48.111,1.3349,1.3353,2.90,2.00
2010.04.22 10:49:48.262,1.3349,1.33525,1.30,1.00
2010.04.22 10:49:48.399,1.33495,1.33525,1.00,1.00
2010.04.22 10:49:48.869,1.33495,1.3353,1.00,2.80
2010.04.22 10:49:49.207,1.3349,1.3353,2.40,2.80
2010.04.22 10:49:49.548,1.3349,1.3353,2.80,2.80
2010.04.22 10:49:49.762,1.3349,1.33525,1.00,1.60
2010.04.22 10:49:49.975,1.33485,1.33525,1.30,4.40
2010.04.22 10:49:50.181,1.33485,1.33525,1.30,2.80
2010.04.22 10:49:50.388,1.33485,1.33525,1.30,4.40
2010.04.22 10:49:50.600,1.3349,1.33525,2.40,2.00
2010.04.22 10:49:50.950,1.3349,1.3353,4.00,1.20
2010.04.22 10:49:51.640,1.33495,1.3353,1.00,1.20
2010.04.22 10:49:52.240,1.3349,1.3353,4.00,1.60
2010.04.22 10:49:52.548,1.3349,1.33525,4.00,1.00
2010.04.22 10:49:52.851,1.3349,1.3353,1.60,2.80
2010.04.22 10:49:53.129,1.3349,1.33525,1.60,1.00
2010.04.22 10:49:53.398,1.3349,1.3353,2.40,2.80
2010.04.22 10:49:54.651,1.33495,1.3353,1.00,2.80
2010.04.22 10:49:55.612,1.33495,1.3353,1.00,2.40
2010.04.22 10:50:03.394,1.33495,1.3353,1.30,1.00
2010.04.22 10:50:09.171,1.33495,1.33535,1.30,4.40
2010.04.22 10:50:11.671,1.33495,1.33535,1.30,6.00
2010.04.22 10:50:17.290,1.33495,1.33535,1.30,2.80
2010.04.22 10:50:20.496,1.33495,1.33535,1.30,6.10
2010.04.22 10:50:20.581,1.33495,1.33535,1.00,6.10
2010.04.22 10:50:20.623,1.33495,1.33535,1.00,6.00
2010.04.22 10:50:20.905,1.33495,1.3353,1.00,1.00
2010.04.22 10:50:21.109,1.33495,1.33535,1.20,2.80
2010.04.22 10:50:22.095,1.33495,1.33535,1.00,2.80
2010.04.22 10:50:22.444,1.33495,1.3353,1.00,1.00
2010.04.22 10:50:26.799,1.3349,1.3353,4.40,1.00
2010.04.22 10:50:27.343,1.3349,1.3353,1.20,2.00
2010.04.22 10:50:27.619,1.3349,1.3353,1.20,2.80
2010.04.22 10:50:30.566,1.3349,1.3353,1.20,1.20
2010.04.22 10:50:30.646,1.3349,1.3353,2.80,1.20
2010.04.22 10:50:30.726,1.3349,1.3353,2.80,1.00
2010.04.22 10:50:39.246,1.3349,1.33525,2.40,2.10
2010.04.22 10:50:39.574,1.3349,1.33525,2.40,2.00
2010.04.22 10:50:46.396,1.3349,1.33525,2.40,2.50
2010.04.22 10:50:49.144,1.3349,1.33525,2.40,2.00
2010.04.22 10:50:50.529,1.3349,1.33525,2.80,1.00
2010.04.22 10:50:50.735,1.3349,1.3353,2.80,1.00
2010.04.22 10:50:51.953,1.3349,1.33525,2.40,2.10
2010.04.22 10:50:52.153,1.3349,1.33525,2.40,2.50
2010.04.22 10:50:52.353,1.33495,1.33525,1.00,1.00
2010.04.22 10:50:52.662,1.33495,1.33535,1.00,6.00
2010.04.22 10:50:53.883,1.3349,1.33535,2.80,6.60
2010.04.22 10:50:54.041,1.3349,1.3353,2.80,1.00
2010.04.22 10:50:55.444,1.3349,1.33525,4.00,1.00
2010.04.22 10:50:55.584,1.33495,1.3353,1.00,1.00
2010.04.22 10:50:55.862,1.3349,1.3353,4.40,1.00
2010.04.22 10:50:56.203,1.3349,1.3353,2.80,1.00
2010.04.22 10:50:56.822,1.3349,1.33525,2.80,1.60
2010.04.22 10:50:57.166,1.33485,1.33525,1.20,2.90
2010.04.22 10:50:57.513,1.3349,1.33525,2.80,1.00
2010.04.22 10:50:58.028,1.3349,1.3353,2.80,1.00
2010.04.22 10:50:58.501,1.3349,1.33525,2.80,1.00
2010.04.22 10:51:02.269,1.3349,1.33525,2.80,2.00
2010.04.22 10:51:02.644,1.3349,1.33525,2.40,2.00
2010.04.22 10:51:04.523,1.33495,1.33525,2.80,1.00
2010.04.22 10:51:04.775,1.33495,1.3353,2.80,1.00
2010.04.22 10:51:04.943,1.33495,1.3353,1.20,1.00
2010.04.22 10:51:05.281,1.3349,1.3353,1.20,4.40
2010.04.22 10:51:05.789,1.3349,1.33525,1.20,1.00
2010.04.22 10:51:07.669,1.33495,1.33525,1.00,1.00
2010.04.22 10:51:07.932,1.33495,1.3353,1.20,1.00
2010.04.22 10:51:22.108,1.33495,1.3353,3.00,1.00
2010.04.22 10:51:22.429,1.33495,1.3353,4.80,1.00
2010.04.22 10:51:22.673,1.33505,1.3354,1.00,1.00
2010.04.22 10:51:23.021,1.33505,1.3354,1.20,1.00
2010.04.22 10:51:31.792,1.33505,1.3354,1.20,1.20
2010.04.22 10:51:32.916,1.335,1.3354,1.20,2.80
2010.04.22 10:51:33.258,1.335,1.33535,1.00,1.00
2010.04.22 10:51:34.071,1.33495,1.33535,1.20,1.00
2010.04.22 10:51:34.223,1.33495,1.33535,1.20,1.00
2010.04.22 10:51:34.528,1.335,1.33535,1.00,1.00
2010.04.22 10:51:37.544,1.33495,1.3353,1.20,1.00
2010.04.22 10:51:40.591,1.33495,1.3353,1.00,1.00
2010.04.22 10:51:42.440,1.33495,1.3353,1.00,1.20
2010.04.22 10:51:49.916,1.33495,1.3353,1.00,1.00
2010.04.22 10:51:50.257,1.33495,1.3353,1.00,1.20
2010.04.22 10:51:51.177,1.33495,1.3353,1.00,2.80
2010.04.22 10:51:55.158,1.33495,1.33525,1.00,1.20
2010.04.22 10:51:55.545,1.33495,1.33525,1.00,1.00
2010.04.22 10:52:01.555,1.33495,1.3353,1.00,2.80
2010.04.22 10:52:14.051,1.33495,1.3353,1.00,2.40
2010.04.22 10:52:14.925,1.33495,1.33525,1.00,1.00
2010.04.22 10:52:15.547,1.33495,1.33525,1.00,1.00
2010.04.22 10:52:15.730,1.33505,1.33525,1.00,1.00
2010.04.22 10:52:15.911,1.33505,1.33535,1.00,1.20
2010.04.22 10:52:16.425,1.33495,1.33535,1.20,1.00
2010.04.22 10:52:16.765,1.33495,1.33535,1.20,1.20
2010.04.22 10:52:22.015,1.335,1.33535,1.60,1.20
2010.04.22 10:52:22.196,1.33505,1.33535,1.00,1.00
2010.04.22 10:52:25.592,1.33505,1.3354,1.20,1.00
2010.04.22 10:52:26.031,1.33505,1.33545,1.20,1.20
2010.04.22 10:52:27.931,1.33515,1.33545,1.00,1.20
2010.04.22 10:52:28.256,1.33515,1.33545,1.00,1.00
2010.04.22 10:52:29.159,1.3351,1.33545,1.60,1.00
2010.04.22 10:52:29.469,1.33505,1.33545,1.20,1.20
2010.04.22 10:52:30.958,1.33505,1.33545,2.10,1.20
2010.04.22 10:52:31.049,1.33505,1.33545,3.90,1.20
2010.04.22 10:52:31.138,1.33515,1.33545,1.00,1.20
2010.04.22 10:52:31.473,1.33515,1.33545,1.00,1.00
2010.04.22 10:52:32.321,1.33525,1.3355,1.00,1.00
2010.04.22 10:52:32.661,1.33525,1.33555,1.00,1.00
2010.04.22 10:52:32.998,1.33525,1.3356,1.00,2.80
2010.04.22 10:52:33.831,1.33515,1.33555,4.60,2.40
2010.04.22 10:52:34.108,1.33515,1.33555,1.20,2.80
2010.04.22 10:52:34.361,1.33525,1.33555,1.00,1.00
2010.04.22 10:52:34.619,1.33525,1.3356,1.00,2.80
2010.04.22 10:52:35.352,1.33525,1.33555,1.00,1.00
2010.04.22 10:52:37.837,1.33515,1.33555,2.80,2.80
2010.04.22 10:52:38.005,1.33515,1.33555,1.20,2.80
2010.04.22 10:52:40.426,1.33515,1.33555,2.00,2.80
2010.04.22 10:52:40.637,1.33525,1.33555,1.00,2.80
2010.04.22 10:52:43.386,1.33525,1.33555,1.00,1.00
2010.04.22 10:52:50.145,1.3352,1.33555,1.00,1.00
2010.04.22 10:52:50.244,1.3352,1.33555,1.00,2.00
2010.04.22 10:52:50.343,1.33515,1.33555,3.00,2.80
2010.04.22 10:52:51.195,1.33515,1.33555,2.90,2.80
2010.04.22 10:52:51.293,1.33515,1.33555,3.00,2.80
2010.04.22 10:52:52.185,1.33515,1.33555,2.90,2.80
2010.04.22 10:52:54.913,1.33515,1.3355,1.00,1.00
2010.04.22 10:52:55.351,1.33515,1.3355,1.00,1.00
2010.04.22 10:52:58.140,1.33515,1.3355,1.20,1.00
2010.04.22 10:52:58.661,1.33515,1.3355,1.00,1.00
2010.04.22 10:53:05.275,1.33515,1.3355,1.20,1.00
2010.04.22 10:53:05.819,1.33515,1.3355,1.00,1.00
2010.04.22 10:53:12.410,1.3351,1.3355,2.80,1.00
2010.04.22 10:53:21.329,1.3351,1.3355,1.20,2.80
2010.04.22 10:53:21.475,1.3351,1.3354,1.00,1.60
2010.04.22 10:53:21.625,1.3351,1.33545,1.00,2.10
2010.04.22 10:53:21.776,1.33505,1.33545,1.20,2.90
2010.04.22 10:53:21.874,1.33505,1.33545,1.20,2.80
2010.04.22 10:53:31.184,1.33505,1.33545,2.80,1.20
2010.04.22 10:53:31.255,1.33505,1.33545,2.00,2.80
2010.04.22 10:53:31.392,1.33505,1.33545,2.00,4.40
2010.04.22 10:53:31.964,1.33505,1.33545,1.00,6.00
2010.04.22 10:53:38.001,1.33505,1.33545,1.20,2.80
2010.04.22 10:53:38.461,1.33505,1.33545,1.20,2.80
2010.04.22 10:53:39.261,1.33505,1.33545,1.20,4.40
2010.04.22 10:53:39.415,1.33505,1.3354,1.00,1.00
2010.04.22 10:53:39.681,1.335,1.3354,4.40,1.30
2010.04.22 10:53:39.840,1.33505,1.3354,1.00,1.00
2010.04.22 10:53:40.191,1.33505,1.3354,1.00,1.00
2010.04.22 10:53:40.538,1.335,1.33535,2.80,1.00
2010.04.22 10:53:41.097,1.335,1.33535,1.60,1.20
2010.04.22 10:53:41.349,1.33495,1.3354,2.00,2.80
2010.04.22 10:53:41.595,1.335,1.3354,1.00,1.00
2010.04.22 10:53:42.070,1.335,1.3354,2.40,1.00
2010.04.22 10:53:43.093,1.335,1.33535,2.40,1.00
2010.04.22 10:53:43.240,1.335,1.33535,1.00,1.00
2010.04.22 10:53:43.391,1.33495,1.33535,1.30,1.00
2010.04.22 10:53:43.541,1.335,1.33535,1.00,1.00
2010.04.22 10:53:43.691,1.335,1.33535,1.00,1.60
2010.04.22 10:53:44.014,1.335,1.33535,1.00,1.00
2010.04.22 10:53:44.357,1.33495,1.33535,2.80,1.00
2010.04.22 10:53:45.703,1.335,1.33535,1.00,1.00
2010.04.22 10:53:46.033,1.335,1.3354,1.00,4.40
2010.04.22 10:53:47.473,1.33495,1.3354,2.80,4.90
2010.04.22 10:53:47.820,1.33495,1.33535,1.00,4.40
2010.04.22 10:53:48.164,1.3349,1.3353,4.40,1.00
2010.04.22 10:53:49.474,1.3349,1.33525,1.00,4.00
2010.04.22 10:53:49.827,1.33485,1.33525,1.00,1.00
2010.04.22 10:53:50.177,1.33485,1.3352,1.00,1.00
2010.04.22 10:53:50.449,1.33485,1.3352,1.00,1.00
2010.04.22 10:53:50.730,1.3348,1.3352,4.40,1.60
2010.04.22 10:53:51.011,1.33485,1.33525,1.20,2.80
2010.04.22 10:53:52.312,1.3349,1.33525,1.20,1.00
2010.04.22 10:53:52.580,1.3349,1.3353,1.00,3.30
2010.04.22 10:53:53.098,1.3349,1.33525,1.00,1.00
2010.04.22 10:53:57.121,1.3349,1.33515,1.00,1.00
2010.04.22 10:53:57.515,1.3349,1.3351,1.00,1.00
2010.04.22 10:53:57.861,1.33465,1.3351,4.40,1.60
2010.04.22 10:53:59.863,1.33475,1.3351,4.50,1.00
2010.04.22 10:54:00.095,1.3348,1.33515,2.10,1.00
2010.04.22 10:54:00.244,1.33485,1.33515,1.20,1.00
2010.04.22 10:54:00.563,1.33485,1.3352,1.00,1.00
2010.04.22 10:54:02.138,1.3349,1.3352,1.20,1.00
2010.04.22 10:54:02.301,1.3349,1.33525,1.00,4.40
2010.04.22 10:54:02.467,1.33485,1.3352,1.00,1.00
2010.04.22 10:54:02.973,1.33485,1.3352,1.00,1.00
2010.04.22 10:54:04.158,1.33485,1.3352,1.00,1.00
2010.04.22 10:54:04.346,1.33485,1.3352,1.00,1.00
2010.04.22 10:54:04.927,1.3349,1.3352,1.00,1.00
2010.04.22 10:54:05.117,1.3349,1.3353,1.20,2.80
2010.04.22 10:54:06.064,1.33485,1.33525,1.00,1.20
2010.04.22 10:54:06.384,1.3348,1.3352,2.80,1.00
2010.04.22 10:54:06.669,1.3348,1.3352,1.20,1.20
2010.04.22 10:54:06.955,1.3348,1.3352,1.20,1.60
2010.04.22 10:54:07.526,1.33485,1.3352,1.00,1.00
2010.04.22 10:54:08.087,1.3348,1.3352,1.20,1.60
2010.04.22 10:54:08.366,1.3348,1.3352,1.20,1.20
2010.04.22 10:54:08.987,1.3348,1.3352,2.80,1.20
2010.04.22 10:54:10.247,1.3348,1.3352,4.40,1.20
2010.04.22 10:54:10.589,1.33485,1.3352,1.20,1.00
2010.04.22 10:54:11.825,1.3349,1.33525,2.80,1.00
2010.04.22 10:54:12.036,1.3349,1.33525,4.40,1.00
2010.04.22 10:54:12.379,1.3349,1.3353,4.40,1.00
2010.04.22 10:54:12.724,1.3349,1.33525,4.40,1.00
2010.04.22 10:54:18.294,1.33495,1.33525,1.00,1.00
2010.04.22 10:54:18.412,1.33495,1.3353,1.00,1.00
2010.04.22 10:54:18.763,1.33495,1.33525,1.00,1.00
2010.04.22 10:54:18.859,1.33495,1.3353,1.00,1.00
2010.04.22 10:54:19.003,1.33495,1.33535,1.00,4.40
2010.04.22 10:54:21.951,1.335,1.33535,1.60,4.40
2010.04.22 10:54:22.082,1.335,1.33535,1.60,2.80
2010.04.22 10:54:22.211,1.335,1.33535,2.00,2.80
2010.04.22 10:54:22.684,1.33495,1.33535,1.20,4.50
2010.04.22 10:54:23.364,1.335,1.33535,1.00,2.50
2010.04.22 10:54:23.892,1.33505,1.3354,1.00,2.80
2010.04.22 10:54:24.224,1.33495,1.3354,5.20,2.80
2010.04.22 10:54:24.550,1.33495,1.3354,4.40,2.80
2010.04.22 10:54:24.893,1.33495,1.3354,7.10,2.80
2010.04.22 10:54:25.233,1.33505,1.3354,1.00,2.80
2010.04.22 10:54:25.712,1.3351,1.3354,1.00,2.40
2010.04.22 10:54:25.888,1.3351,1.33545,1.00,2.80
2010.04.22 10:54:26.403,1.3351,1.33545,1.00,2.80
2010.04.22 10:54:26.709,1.3351,1.33545,1.00,2.40
2010.04.22 10:54:28.151,1.3351,1.33545,1.00,4.40
2010.04.22 10:54:28.492,1.33505,1.3354,1.00,2.40
2010.04.22 10:54:28.994,1.335,1.3354,1.00,4.40
2010.04.22 10:54:29.106,1.33495,1.3354,2.80,4.40
2010.04.22 10:54:29.212,1.33495,1.3354,2.80,4.40
2010.04.22 10:54:29.432,1.33495,1.33535,1.00,4.80
2010.04.22 10:54:30.027,1.33495,1.3353,1.00,1.60
2010.04.22 10:54:30.371,1.33495,1.3353,1.00,2.40
2010.04.22 10:54:30.713,1.3349,1.3353,2.80,2.80
2010.04.22 10:54:30.961,1.3349,1.33525,1.20,1.00
2010.04.22 10:54:31.215,1.33485,1.33525,4.40,1.20
2010.04.22 10:54:31.459,1.33485,1.33525,4.40,1.60
2010.04.22 10:54:32.052,1.33485,1.33525,2.80,4.80
2010.04.22 10:54:32.573,1.3349,1.33525,1.00,2.80
2010.04.22 10:54:32.911,1.3349,1.3353,1.20,4.40
2010.04.22 10:54:33.224,1.3349,1.33525,1.00,3.20
2010.04.22 10:54:33.542,1.33485,1.33525,1.20,1.20
2010.04.22 10:54:34.122,1.3349,1.3353,1.20,2.80
2010.04.22 10:54:34.402,1.33495,1.33525,1.20,1.00
2010.04.22 10:54:34.760,1.33495,1.3353,1.20,1.00
2010.04.22 10:54:36.677,1.3349,1.3353,2.80,1.00
2010.04.22 10:54:37.192,1.3349,1.33525,1.00,1.00
2010.04.22 10:54:38.085,1.3349,1.3353,2.80,2.80
2010.04.22 10:54:38.693,1.33495,1.3353,1.20,1.00
2010.04.22 10:54:39.003,1.33495,1.33535,1.20,2.80
2010.04.22 10:54:39.351,1.33495,1.3353,1.20,1.00
2010.04.22 10:54:40.668,1.3349,1.3353,2.80,2.80
2010.04.22 10:54:43.206,1.3349,1.3353,1.20,2.80
2010.04.22 10:54:46.424,1.3349,1.3353,1.20,2.80
2010.04.22 10:54:46.604,1.3349,1.3353,2.80,2.80
2010.04.22 10:54:46.829,1.3349,1.3353,1.20,2.80
2010.04.22 10:54:48.256,1.3349,1.3353,1.20,1.00
2010.04.22 10:54:48.504,1.3349,1.3353,2.80,1.00
2010.04.22 10:54:49.021,1.3349,1.3353,1.20,5.40
2010.04.22 10:54:49.131,1.3349,1.3353,1.00,4.40
2010.04.22 10:54:49.545,1.33485,1.33525,4.00,1.00
2010.04.22 10:54:49.746,1.33485,1.33525,2.40,1.00
2010.04.22 10:54:54.161,1.3349,1.33525,3.60,1.00
2010.04.22 10:54:54.308,1.33495,1.33525,1.20,1.00
2010.04.22 10:54:54.465,1.33495,1.3353,1.20,1.00
2010.04.22 10:54:55.146,1.33495,1.33535,1.20,2.80
2010.04.22 10:54:56.886,1.33495,1.33535,2.80,2.90
2010.04.22 10:54:57.161,1.335,1.33535,1.00,2.90
2010.04.22 10:54:57.506,1.33495,1.3353,1.00,1.00
2010.04.22 10:54:57.853,1.33495,1.3353,1.00,1.00
2010.04.22 10:54:59.422,1.33495,1.3353,1.00,2.00
2010.04.22 10:54:59.692,1.3349,1.3353,1.00,4.40
2010.04.22 10:54:59.858,1.33485,1.33525,2.40,1.00
2010.04.22 10:55:02.403,1.3349,1.33525,1.00,1.00
2010.04.22 10:55:02.662,1.3349,1.33525,1.20,1.00
2010.04.22 10:55:02.923,1.3349,1.3353,4.40,1.20
2010.04.22 10:55:03.323,1.3349,1.3353,1.20,1.20
2010.04.22 10:55:03.667,1.33485,1.33525,1.00,1.00
2010.04.22 10:55:04.355,1.33485,1.33525,1.00,1.20
2010.04.22 10:55:04.861,1.3349,1.33525,1.00,4.40
2010.04.22 10:55:19.280,1.33485,1.3352,2.40,1.20
2010.04.22 10:55:19.408,1.33485,1.3352,1.00,4.40
2010.04.22 10:55:19.669,1.33485,1.33515,1.00,1.60
2010.04.22 10:55:20.141,1.3348,1.33515,2.80,4.00
2010.04.22 10:55:20.478,1.33485,1.33515,1.00,2.40
2010.04.22 10:55:21.655,1.3349,1.33515,1.60,1.00
2010.04.22 10:55:21.825,1.3349,1.3352,2.40,1.00
2010.04.22 10:55:25.849,1.3349,1.3352,2.80,1.00
2010.04.22 10:55:26.069,1.3349,1.33525,2.80,2.40
2010.04.22 10:55:26.148,1.33495,1.33525,1.60,2.40
2010.04.22 10:55:26.356,1.33495,1.33525,2.40,2.40
2010.04.22 10:55:26.397,1.335,1.3353,1.00,1.00
2010.04.22 10:55:27.398,1.335,1.33535,1.00,4.40
2010.04.22 10:55:29.942,1.335,1.33535,1.00,6.00
2010.04.22 10:55:30.582,1.335,1.3353,1.00,1.00
2010.04.22 10:55:40.215,1.335,1.3353,1.00,2.40
2010.04.22 10:55:40.243,1.335,1.33525,1.00,1.60
2010.04.22 10:55:40.276,1.3349,1.33525,4.40,2.40
2010.04.22 10:55:40.480,1.3349,1.33525,2.80,2.40
2010.04.22 10:55:40.836,1.3349,1.33525,2.40,2.40
2010.04.22 10:55:41.576,1.3349,1.33525,2.40,4.40
2010.04.22 10:55:41.917,1.3349,1.33525,2.40,2.80
2010.04.22 10:55:44.439,1.3349,1.3352,1.00,3.20
2010.04.22 10:55:44.533,1.33485,1.3352,2.40,4.40
2010.04.22 10:56:02.819,1.3349,1.3352,1.60,2.80
2010.04.22 10:56:02.899,1.3349,1.33525,2.40,4.40
2010.04.22 10:56:07.509,1.3349,1.3352,2.40,1.60
2010.04.22 10:56:07.848,1.33485,1.3352,2.40,2.90
2010.04.22 10:56:08.190,1.3349,1.33525,2.40,4.40
2010.04.22 10:56:08.359,1.3349,1.33525,2.40,1.20
2010.04.22 10:56:08.517,1.3349,1.33525,2.40,1.00
2010.04.22 10:56:08.678,1.33495,1.33525,1.00,1.00
2010.04.22 10:56:08.838,1.33495,1.3353,2.40,4.40
2010.04.22 10:56:08.998,1.33495,1.33525,2.40,1.00
2010.04.22 10:56:10.797,1.33495,1.33525,1.60,1.00
2010.04.22 10:56:11.006,1.3349,1.3352,1.00,1.00
2010.04.22 10:56:11.442,1.3349,1.3352,1.00,2.40
2010.04.22 10:56:15.484,1.3349,1.3352,2.40,1.00
2010.04.22 10:56:15.706,1.3349,1.33525,2.40,4.40
2010.04.22 10:56:21.119,1.33495,1.33525,2.40,1.00
2010.04.22 10:56:21.244,1.33495,1.3353,2.40,4.40
2010.04.22 10:56:21.964,1.33495,1.3353,2.80,4.40
2010.04.22 10:56:22.645,1.335,1.33535,1.00,4.40
2010.04.22 10:56:30.329,1.33505,1.3354,2.80,4.40
2010.04.22 10:56:30.577,1.33505,1.3354,2.40,4.40
2010.04.22 10:56:30.825,1.33505,1.3354,2.80,4.40
2010.04.22 10:56:31.064,1.33505,1.3354,2.80,4.00
2010.04.22 10:56:31.305,1.335,1.33535,2.80,4.00
2010.04.22 10:56:33.442,1.33505,1.3354,1.00,4.40
2010.04.22 10:56:36.963,1.3351,1.33545,2.80,2.80
2010.04.22 10:56:37.389,1.3351,1.33545,2.80,2.40
2010.04.22 10:56:38.630,1.33515,1.33545,1.00,1.60
2010.04.22 10:56:38.977,1.33515,1.3355,1.00,4.80
2010.04.22 10:56:39.452,1.33515,1.3355,2.80,2.80
2010.04.22 10:56:39.645,1.33515,1.3355,2.80,2.40
2010.04.22 10:56:40.741,1.3352,1.33555,2.40,4.40
2010.04.22 10:57:03.736,1.33515,1.3355,2.80,2.40
2010.04.22 10:57:20.572,1.33515,1.3355,1.20,4.00
2010.04.22 10:57:22.472,1.33515,1.3355,1.20,4.40
2010.04.22 10:57:38.674,1.33515,1.3355,1.20,4.00
2010.04.22 10:57:39.014,1.33515,1.3355,1.20,4.40
2010.04.22 10:57:42.191,1.33515,1.3355,1.20,4.00
2010.04.22 10:57:43.562,1.33515,1.3355,1.20,4.40
2010.04.22 10:57:55.524,1.33515,1.33545,1.00,4.80
2010.04.22 10:57:55.654,1.3351,1.33545,2.40,6.00
2010.04.22 10:57:55.781,1.3351,1.33545,2.40,4.40
2010.04.22 10:57:56.295,1.3351,1.3354,2.40,1.60
2010.04.22 10:57:56.424,1.33505,1.3354,2.80,1.00
2010.04.22 10:57:56.775,1.3351,1.33545,1.60,4.40
2010.04.22 10:57:57.124,1.3351,1.3354,1.00,4.00
2010.04.22 10:57:57.476,1.3351,1.3354,1.00,4.40
2010.04.22 10:57:57.823,1.33505,1.3354,1.00,4.40
2010.04.22 10:57:58.657,1.33505,1.3354,2.80,4.40
2010.04.22 10:57:59.005,1.33505,1.33545,2.80,4.40
2010.04.22 10:57:59.343,1.33515,1.33545,1.00,1.00
2010.04.22 10:58:02.371,1.33515,1.33545,1.20,1.00
2010.04.22 10:58:02.761,1.33515,1.3355,1.20,4.40
2010.04.22 10:58:04.140,1.3352,1.3355,1.60,4.40
2010.04.22 10:58:04.502,1.3352,1.3355,2.40,1.00
2010.04.22 10:58:04.644,1.3352,1.3355,1.00,3.60
2010.04.22 10:58:04.790,1.33515,1.3355,2.50,4.40
2010.04.22 10:58:05.209,1.33515,1.3355,2.80,4.40
2010.04.22 10:58:14.806,1.33515,1.3355,2.80,2.40
2010.04.22 10:58:15.291,1.3352,1.3355,1.00,2.80
2010.04.22 10:58:15.622,1.33525,1.3355,1.00,1.60
2010.04.22 10:58:15.949,1.33525,1.33555,1.00,4.00
2010.04.22 10:58:17.486,1.33525,1.3356,1.20,4.40
2010.04.22 10:58:26.598,1.33525,1.3355,1.00,3.20
2010.04.22 10:58:26.705,1.33515,1.3355,1.20,4.40
2010.04.22 10:58:32.373,1.3352,1.3355,1.60,4.40
2010.04.22 10:58:32.545,1.3352,1.3355,3.20,1.20
2010.04.22 10:58:32.714,1.33525,1.33555,1.20,1.00
2010.04.22 10:58:33.041,1.33525,1.3356,1.20,4.40
2010.04.22 10:58:36.142,1.3353,1.3356,1.60,1.20
2010.04.22 10:58:36.202,1.3353,1.3356,2.40,1.00
2010.04.22 10:58:36.464,1.3353,1.33565,2.80,2.80
2010.04.22 10:58:36.710,1.3353,1.33565,2.80,2.40
2010.04.22 10:58:39.986,1.33535,1.33565,1.60,2.40
2010.04.22 10:58:40.306,1.33535,1.3357,2.40,4.40
2010.04.22 10:58:40.944,1.33535,1.33565,1.00,3.70
2010.04.22 10:58:41.070,1.3353,1.33565,2.40,4.50
2010.04.22 10:58:43.310,1.3353,1.33565,1.00,6.10
2010.04.22 10:58:43.650,1.3353,1.33555,1.00,1.60
2010.04.22 10:58:44.000,1.33525,1.33555,2.80,1.00
2010.04.22 10:58:44.213,1.33525,1.33565,2.80,6.00
2010.04.22 10:58:44.433,1.33525,1.33565,2.80,6.00
2010.04.22 10:58:44.643,1.33525,1.33565,2.40,6.00
2010.04.22 10:58:44.979,1.33525,1.3356,2.40,4.00
2010.04.22 10:58:48.739,1.33525,1.3356,2.80,4.00
2010.04.22 10:58:49.949,1.33525,1.3356,2.80,1.00
2010.04.22 10:58:50.079,1.33525,1.33565,2.80,6.00
2010.04.22 10:58:52.776,1.33525,1.33565,2.80,6.10
2010.04.22 10:58:57.108,1.33525,1.33565,2.80,6.20
2010.04.22 10:58:57.158,1.33525,1.33555,2.80,1.60
2010.04.22 10:58:57.207,1.33525,1.33555,1.20,3.20
2010.04.22 10:58:57.439,1.33525,1.33555,1.00,3.20
2010.04.22 10:58:57.489,1.3352,1.33555,1.00,4.00
2010.04.22 10:59:01.694,1.3352,1.33555,2.40,4.00
2010.04.22 10:59:02.224,1.3352,1.3355,1.00,1.60
2010.04.22 10:59:02.327,1.33515,1.3355,2.80,2.40
2010.04.22 10:59:02.620,1.33515,1.3355,2.40,2.40
2010.04.22 10:59:02.920,1.3352,1.3355,1.60,1.00
2010.04.22 10:59:03.068,1.3352,1.33555,2.40,2.40
2010.04.22 10:59:03.516,1.33515,1.3355,2.80,2.40
2010.04.22 10:59:05.285,1.3352,1.33555,2.40,2.40
2010.04.22 10:59:10.865,1.3352,1.33555,2.40,2.40
2010.04.22 10:59:11.132,1.33525,1.33555,1.60,1.00
2010.04.22 10:59:11.361,1.3353,1.3356,1.00,2.40
2010.04.22 10:59:14.496,1.3353,1.3356,1.00,1.00
2010.04.22 10:59:14.584,1.3353,1.3356,2.40,1.00
2010.04.22 10:59:15.199,1.3353,1.33565,2.40,4.00
2010.04.22 10:59:17.009,1.3353,1.33565,1.00,4.00
2010.04.22 10:59:17.263,1.33525,1.3356,2.80,2.40
2010.04.22 10:59:18.640,1.3353,1.33565,2.40,4.00
2010.04.22 10:59:19.884,1.33535,1.33565,1.60,1.00
2010.04.22 10:59:20.003,1.33535,1.33565,2.00,1.00
2010.04.22 10:59:20.306,1.3354,1.3357,1.60,1.20
2010.04.22 10:59:20.432,1.3354,1.3358,2.80,4.40
2010.04.22 10:59:20.898,1.33545,1.3357,1.00,3.20
2010.04.22 10:59:21.246,1.33545,1.3357,1.00,3.20
2010.04.22 10:59:21.595,1.33535,1.33565,1.00,3.20
2010.04.22 10:59:21.934,1.3353,1.33565,2.80,4.00
2010.04.22 10:59:22.793,1.3353,1.33565,1.20,4.00
2010.04.22 10:59:23.131,1.33535,1.3357,1.00,2.40
2010.04.22 10:59:23.499,1.3353,1.3357,6.30,2.40
2010.04.22 10:59:23.845,1.33535,1.3357,1.20,4.00
2010.04.22 10:59:24.612,1.33535,1.33565,1.00,3.20
2010.04.22 10:59:24.955,1.33535,1.33565,1.00,4.00
2010.04.22 10:59:25.305,1.3353,1.33565,1.00,4.00
2010.04.22 10:59:26.177,1.33535,1.33565,1.00,2.80
2010.04.22 10:59:26.849,1.33535,1.33565,1.00,2.40
2010.04.22 10:59:27.683,1.33525,1.3356,2.80,2.40
2010.04.22 10:59:28.302,1.33535,1.33565,1.00,4.40
2010.04.22 10:59:28.836,1.33535,1.33565,1.00,4.00
2010.04.22 10:59:30.064,1.33535,1.3357,1.20,4.40
2010.04.22 10:59:30.919,1.33535,1.3357,1.20,4.00
2010.04.22 10:59:31.671,1.33535,1.33555,1.00,1.60
2010.04.22 10:59:31.923,1.3353,1.33555,1.00,3.60
2010.04.22 10:59:32.271,1.3352,1.3355,2.40,1.60
2010.04.22 10:59:33.608,1.3352,1.3355,1.00,1.60
2010.04.22 10:59:34.172,1.3352,1.33545,1.00,1.60
2010.04.22 10:59:34.393,1.3352,1.33545,1.20,1.60
2010.04.22 10:59:34.615,1.3352,1.33555,2.80,2.80
2010.04.22 10:59:34.837,1.33525,1.3356,1.20,6.00
2010.04.22 10:59:35.061,1.33525,1.3356,1.00,6.10
2010.04.22 10:59:35.414,1.33535,1.3356,1.00,2.40
2010.04.22 10:59:35.762,1.33535,1.33565,1.00,4.40
2010.04.22 10:59:36.112,1.33525,1.33565,2.80,4.00
2010.04.22 10:59:36.319,1.33525,1.3356,2.80,1.60
2010.04.22 10:59:36.888,1.33535,1.3356,1.00,1.60
2010.04.22 10:59:37.432,1.33535,1.33565,1.00,4.00
2010.04.22 10:59:38.124,1.33525,1.3356,1.20,2.40
2010.04.22 10:59:38.471,1.33525,1.3356,1.20,1.60
2010.04.22 10:59:38.843,1.33525,1.3356,1.00,3.20
2010.04.22 10:59:39.192,1.33525,1.33555,1.00,1.00
2010.04.22 10:59:39.430,1.3353,1.33565,2.80,4.40
2010.04.22 10:59:39.668,1.3353,1.33565,3.30,2.40
2010.04.22 10:59:39.897,1.3353,1.33565,1.70,2.40
2010.04.22 10:59:40.130,1.33535,1.33565,1.00,2.40
2010.04.22 10:59:40.633,1.3353,1.33565,2.90,2.40
2010.04.22 10:59:42.509,1.3353,1.33565,2.40,2.40
2010.04.22 10:59:42.860,1.3353,1.33565,2.90,2.40
2010.04.22 10:59:43.215,1.33535,1.33565,1.00,2.40
2010.04.22 10:59:48.516,1.33535,1.33565,1.30,1.00
2010.04.22 10:59:48.904,1.33535,1.3357,1.30,4.00
2010.04.22 10:59:49.115,1.33535,1.3357,1.00,4.00
2010.04.22 10:59:49.325,1.33535,1.33565,1.00,2.40
2010.04.22 10:59:50.315,1.33535,1.33565,1.30,1.00
2010.04.22 10:59:50.655,1.33535,1.3357,2.90,4.40
2010.04.22 10:59:55.478,1.33535,1.3357,2.90,2.80
2010.04.22 10:59:57.531,1.33535,1.3357,2.90,4.40
