2009.12.18 04:00:00.878,1.5345,1.53515,1.10,2.40
2009.12.18 04:00:01.218,1.5345,1.5351,1.10,1.00
2009.12.18 04:00:01.578,1.53445,1.53505,1.10,1.60
2009.12.18 04:00:01.978,1.53445,1.53505,1.10,2.40
2009.12.18 04:00:03.398,1.53435,1.53505,3.20,2.70
2009.12.18 04:00:03.517,1.53435,1.53505,2.80,2.70
2009.12.18 04:00:04.257,1.5344,1.53505,1.00,2.70
2009.12.18 04:00:04.767,1.5345,1.53505,1.00,2.70
2009.12.18 04:00:05.067,1.5345,1.53505,1.00,3.50
2009.12.18 04:00:05.347,1.5345,1.53505,1.00,1.60
2009.12.18 04:00:05.687,1.5345,1.53505,1.00,2.70
2009.12.18 04:00:05.927,1.53445,1.5351,1.70,1.50
2009.12.18 04:00:06.317,1.53445,1.5351,1.70,1.10
2009.12.18 04:00:09.177,1.53455,1.5351,1.00,1.10
2009.12.18 04:00:19.693,1.53455,1.53515,1.00,2.70
2009.12.18 04:00:19.863,1.53455,1.53515,1.00,2.70
2009.12.18 04:00:20.083,1.53455,1.53515,1.00,2.70
2009.12.18 04:00:22.763,1.53445,1.53515,4.00,2.70
2009.12.18 04:00:22.883,1.53445,1.5351,2.90,1.10
2009.12.18 04:00:22.993,1.53445,1.53505,1.00,1.60
2009.12.18 04:00:23.333,1.5344,1.53505,1.50,1.60
2009.12.18 04:00:23.732,1.5344,1.53505,1.10,1.60
2009.12.18 04:00:30.141,1.53445,1.53515,1.60,3.50
2009.12.18 04:00:30.991,1.53445,1.5351,1.60,1.00
2009.12.18 04:00:31.281,1.5344,1.5351,1.50,1.00
2009.12.18 04:00:31.511,1.5344,1.5351,1.50,1.90
2009.12.18 04:00:31.691,1.53435,1.535,2.00,1.00
2009.12.18 04:00:32.100,1.53435,1.53505,2.00,3.50
2009.12.18 04:00:32.501,1.53435,1.53505,1.60,1.10
2009.12.18 04:00:32.850,1.53445,1.5351,1.60,1.10
2009.12.18 04:00:40.318,1.53445,1.53515,2.70,3.10
2009.12.18 04:00:40.868,1.53445,1.53515,2.70,2.70
2009.12.18 04:00:56.485,1.53455,1.53515,1.60,1.10
2009.12.18 04:00:56.715,1.53455,1.53515,2.20,1.10
2009.12.18 04:00:56.825,1.5346,1.5352,1.10,1.00
2009.12.18 04:00:57.174,1.5346,1.53525,1.10,3.70
2009.12.18 04:00:57.474,1.5346,1.53525,1.10,3.60
2009.12.18 04:00:57.835,1.5346,1.53525,1.10,3.20
2009.12.18 04:00:58.344,1.5346,1.53525,1.20,3.20
2009.12.18 04:00:59.434,1.53465,1.5353,1.00,4.80
2009.12.18 04:01:06.332,1.53445,1.53505,1.10,1.60
2009.12.18 04:01:20.049,1.53445,1.53515,2.70,2.70
2009.12.18 04:01:20.159,1.53455,1.53515,1.10,1.60
2009.12.18 04:01:22.208,1.53455,1.53515,1.20,1.60
2009.12.18 04:01:26.058,1.5344,1.535,1.00,1.60
2009.12.18 04:01:26.237,1.53435,1.535,1.00,1.60
2009.12.18 04:01:26.687,1.5343,1.535,1.50,1.60
2009.12.18 04:01:27.987,1.5343,1.53495,1.90,1.60
2009.12.18 04:01:32.076,1.53435,1.53505,1.60,1.60
2009.12.18 04:01:32.426,1.53445,1.53505,1.10,1.60
2009.12.18 04:01:35.525,1.53445,1.535,1.10,1.00
2009.12.18 04:01:36.115,1.53445,1.53505,1.10,1.60
2009.12.18 04:01:43.883,1.53445,1.53495,1.10,1.60
2009.12.18 04:01:52.361,1.53445,1.53505,2.70,1.60
2009.12.18 04:01:52.891,1.53445,1.53495,1.10,1.60
2009.12.18 04:01:57.160,1.5344,1.53495,1.20,1.60
2009.12.18 04:01:57.860,1.5344,1.53495,1.10,1.60
2009.12.18 04:01:58.150,1.5344,1.53495,1.20,1.60
2009.12.18 04:01:58.430,1.53445,1.53495,1.10,1.60
2009.12.18 04:02:00.869,1.53445,1.53505,1.10,1.60
2009.12.18 04:02:17.265,1.5344,1.53505,1.10,1.60
2009.12.18 04:02:19.535,1.5344,1.53495,1.10,1.60
2009.12.18 04:02:19.715,1.53435,1.53495,1.10,1.60
2009.12.18 04:02:23.744,1.5343,1.53495,1.20,1.60
2009.12.18 04:02:26.533,1.5343,1.53495,1.10,1.60
2009.12.18 04:02:26.713,1.5344,1.53495,1.10,1.60
2009.12.18 04:02:27.353,1.53425,1.53495,1.10,2.70
2009.12.18 04:02:29.092,1.5343,1.53495,1.00,2.80
2009.12.18 04:02:29.143,1.5343,1.53485,1.00,1.60
2009.12.18 04:02:29.952,1.5342,1.53485,1.00,2.70
2009.12.18 04:02:30.762,1.5342,1.53475,1.00,1.60
2009.12.18 04:02:35.041,1.5342,1.53475,1.00,1.60
2009.12.18 04:02:35.101,1.5342,1.53475,1.00,1.60
2009.12.18 04:02:35.221,1.5342,1.53475,1.80,1.60
2009.12.18 04:02:35.451,1.53425,1.53485,1.60,2.40
2009.12.18 04:02:35.631,1.53425,1.53485,1.70,2.40
2009.12.18 04:02:36.081,1.5343,1.53485,1.00,1.60
2009.12.18 04:02:36.301,1.5343,1.53485,1.00,1.60
2009.12.18 04:02:48.088,1.5343,1.5349,1.00,1.60
2009.12.18 04:02:49.318,1.5343,1.53485,1.00,1.60
2009.12.18 04:03:00.735,1.53435,1.53485,1.00,1.60
2009.12.18 04:03:01.015,1.53435,1.5349,1.70,1.60
2009.12.18 04:03:01.695,1.53435,1.5349,1.60,1.60
2009.12.18 04:03:02.094,1.53435,1.5349,1.70,1.60
2009.12.18 04:03:04.444,1.53435,1.5349,3.20,1.60
2009.12.18 04:03:04.504,1.53435,1.5349,4.40,1.60
2009.12.18 04:03:06.014,1.5344,1.5349,1.00,1.60
2009.12.18 04:03:12.312,1.53435,1.5349,4.40,1.60
2009.12.18 04:03:15.162,1.53445,1.5349,1.00,1.60
2009.12.18 04:03:15.631,1.5344,1.5349,1.00,1.60
2009.12.18 04:03:15.751,1.5344,1.53475,1.00,1.60
2009.12.18 04:03:16.051,1.5344,1.5349,1.00,1.60
2009.12.18 04:03:17.041,1.53445,1.5349,1.00,1.60
2009.12.18 04:03:18.370,1.53445,1.5349,1.00,1.60
2009.12.18 04:03:18.431,1.53445,1.5349,1.00,1.60
2009.12.18 04:03:18.720,1.53435,1.5349,4.40,1.60
2009.12.18 04:03:18.830,1.53445,1.5349,1.00,1.60
2009.12.18 04:03:27.218,1.53445,1.535,1.70,1.00
2009.12.18 04:03:28.738,1.53445,1.535,1.60,1.00
2009.12.18 04:03:28.908,1.53445,1.535,1.70,1.00
2009.12.18 04:03:29.758,1.53445,1.535,1.60,1.00
2009.12.18 04:03:29.878,1.53445,1.535,1.70,1.00
2009.12.18 04:03:30.108,1.53445,1.53505,1.60,5.50
2009.12.18 04:03:30.348,1.53445,1.535,1.70,1.00
2009.12.18 04:03:30.757,1.53445,1.535,1.60,1.00
2009.12.18 04:03:31.227,1.53445,1.535,1.70,1.00
2009.12.18 04:03:33.587,1.53445,1.53505,1.70,5.10
2009.12.18 04:03:34.247,1.53445,1.53505,1.60,5.10
2009.12.18 04:03:34.487,1.53445,1.53505,1.70,5.10
2009.12.18 04:03:37.246,1.53445,1.53505,1.60,5.10
2009.12.18 04:03:37.526,1.53445,1.53505,1.70,5.10
2009.12.18 04:03:37.826,1.53445,1.53505,1.60,5.10
2009.12.18 04:03:38.106,1.53445,1.53505,1.70,5.10
2009.12.18 04:03:39.335,1.53445,1.5351,1.70,2.30
2009.12.18 04:03:39.796,1.53455,1.5351,1.70,1.00
2009.12.18 04:03:41.985,1.53455,1.53515,1.70,4.30
2009.12.18 04:03:45.994,1.53455,1.5351,1.70,1.10
2009.12.18 04:03:46.104,1.53455,1.5351,1.60,1.10
2009.12.18 04:04:00.710,1.53445,1.53505,1.70,3.20
2009.12.18 04:04:01.340,1.53445,1.53505,1.70,4.30
2009.12.18 04:04:01.461,1.53445,1.53505,1.60,4.30
2009.12.18 04:04:01.630,1.53445,1.53505,1.70,4.30
2009.12.18 04:04:21.865,1.53445,1.53505,1.60,4.30
2009.12.18 04:04:23.605,1.53455,1.53505,1.00,4.30
2009.12.18 04:04:23.665,1.53445,1.53505,1.70,3.20
2009.12.18 04:04:23.885,1.53455,1.53505,1.00,3.20
2009.12.18 04:04:24.694,1.53445,1.53505,1.70,3.20
2009.12.18 04:04:25.095,1.53455,1.53505,1.00,3.20
2009.12.18 04:04:28.843,1.53445,1.53505,1.70,3.20
2009.12.18 04:04:29.293,1.53455,1.53505,1.60,1.60
2009.12.18 04:04:31.063,1.53455,1.53505,1.60,1.60
2009.12.18 04:04:34.802,1.5346,1.53505,1.00,1.60
2009.12.18 04:04:35.272,1.5346,1.53505,1.00,1.60
2009.12.18 04:04:35.622,1.5346,1.53505,1.00,1.60
2009.12.18 04:04:41.600,1.53455,1.53505,1.70,1.60
2009.12.18 04:04:55.957,1.53465,1.53505,1.00,1.60
2009.12.18 04:04:56.067,1.5346,1.53515,1.00,4.30
2009.12.18 04:04:56.227,1.5346,1.53515,1.00,3.20
2009.12.18 04:04:59.176,1.53465,1.5352,1.60,1.50
2009.12.18 04:04:59.356,1.53465,1.53515,2.70,1.60
2009.12.18 04:04:59.566,1.5347,1.53515,1.00,1.60
2009.12.18 04:05:02.505,1.5347,1.53525,1.00,4.30
2009.12.18 04:05:02.795,1.53465,1.53525,1.60,4.30
2009.12.18 04:05:03.126,1.53465,1.53525,2.80,3.20
2009.12.18 04:05:03.355,1.5346,1.53525,1.00,4.30
2009.12.18 04:05:04.005,1.53465,1.53525,1.60,4.40
2009.12.18 04:05:04.295,1.53465,1.53525,1.60,3.20
2009.12.18 04:05:04.465,1.53465,1.53525,1.60,4.00
2009.12.18 04:05:04.685,1.53465,1.5353,1.60,3.10
2009.12.18 04:05:06.934,1.53465,1.53525,1.60,3.20
2009.12.18 04:05:07.174,1.53465,1.53525,1.60,4.30
2009.12.18 04:05:07.964,1.53455,1.53515,1.60,1.60
2009.12.18 04:05:14.193,1.53465,1.5352,1.60,1.50
2009.12.18 04:05:14.362,1.53465,1.5352,2.70,1.00
2009.12.18 04:05:14.592,1.53465,1.53525,2.70,3.20
2009.12.18 04:05:15.083,1.53465,1.53525,2.80,3.20
2009.12.18 04:05:15.192,1.53465,1.53525,2.80,3.20
2009.12.18 04:05:16.062,1.5347,1.53525,1.00,3.20
2009.12.18 04:05:19.752,1.53465,1.53525,2.80,3.30
2009.12.18 04:05:19.922,1.53465,1.53515,1.70,1.60
2009.12.18 04:05:20.321,1.53465,1.53515,1.60,1.60
2009.12.18 04:05:20.551,1.53465,1.53515,1.70,1.60
2009.12.18 04:05:30.759,1.53465,1.53515,3.30,1.60
2009.12.18 04:05:31.049,1.5347,1.53525,1.00,4.30
2009.12.18 04:05:31.339,1.53475,1.53525,1.10,1.60
2009.12.18 04:05:31.868,1.53475,1.53535,2.70,1.60
2009.12.18 04:05:45.765,1.53475,1.53535,4.30,1.60
2009.12.18 04:05:45.995,1.5348,1.5354,1.20,1.70
2009.12.18 04:05:48.325,1.53485,1.5354,4.30,1.70
2009.12.18 04:05:48.684,1.53485,1.5354,4.30,1.00
2009.12.18 04:05:48.894,1.53495,1.53545,1.10,1.70
2009.12.18 04:05:49.064,1.53495,1.53545,2.70,1.70
2009.12.18 04:05:49.234,1.535,1.53545,1.10,1.70
2009.12.18 04:05:49.414,1.53495,1.53545,3.20,1.00
2009.12.18 04:05:49.774,1.53495,1.53545,3.10,1.00
2009.12.18 04:05:50.124,1.53495,1.53545,2.70,1.00
2009.12.18 04:05:53.313,1.53495,1.53545,1.10,1.60
2009.12.18 04:05:53.713,1.53485,1.53535,1.00,1.60
2009.12.18 04:05:54.173,1.5348,1.53535,1.10,1.60
2009.12.18 04:05:54.284,1.53475,1.53535,3.10,1.60
2009.12.18 04:05:54.563,1.53475,1.5354,2.70,1.80
2009.12.18 04:05:55.883,1.53475,1.53535,2.70,1.70
2009.12.18 04:05:56.163,1.53475,1.53535,1.10,1.70
2009.12.18 04:05:56.952,1.53475,1.53535,1.10,1.90
2009.12.18 04:05:57.542,1.53475,1.5353,2.70,1.00
2009.12.18 04:05:57.812,1.53475,1.53535,2.70,1.60
2009.12.18 04:05:58.502,1.53475,1.53535,2.70,1.70
2009.12.18 04:05:59.492,1.53475,1.5353,2.70,1.00
2009.12.18 04:05:59.662,1.53475,1.5353,1.60,1.00
2009.12.18 04:06:01.011,1.53465,1.5353,3.50,1.00
2009.12.18 04:06:01.071,1.53465,1.53535,3.50,2.80
2009.12.18 04:06:01.301,1.5347,1.53535,1.10,1.70
2009.12.18 04:06:01.352,1.5347,1.53525,1.10,1.60
2009.12.18 04:06:01.462,1.53465,1.53525,2.70,1.60
2009.12.18 04:06:01.931,1.53475,1.53535,1.60,2.50
2009.12.18 04:06:02.281,1.53475,1.53535,1.60,1.70
2009.12.18 04:06:02.631,1.53475,1.5353,1.60,1.00
2009.12.18 04:06:04.311,1.53475,1.53525,1.60,1.00
2009.12.18 04:06:08.549,1.53475,1.5353,1.60,1.00
2009.12.18 04:06:08.719,1.53475,1.5353,2.70,1.00
2009.12.18 04:06:08.839,1.53475,1.53535,1.60,1.70
2009.12.18 04:06:09.010,1.53475,1.53535,2.70,1.70
2009.12.18 04:06:09.179,1.53475,1.53535,2.70,1.00
2009.12.18 04:06:09.869,1.53475,1.5353,2.70,1.00
2009.12.18 04:06:10.039,1.53475,1.5353,2.70,1.00
2009.12.18 04:06:10.149,1.53475,1.5353,1.60,1.00
2009.12.18 04:06:17.597,1.53475,1.53535,1.60,1.60
2009.12.18 04:06:18.357,1.53475,1.53535,2.00,1.60
2009.12.18 04:06:25.226,1.53475,1.5354,2.00,1.20
2009.12.18 04:06:25.455,1.53475,1.5354,1.60,1.20
2009.12.18 04:06:25.695,1.53475,1.5354,1.60,1.00
2009.12.18 04:06:28.165,1.53475,1.53535,1.60,1.00
2009.12.18 04:06:28.405,1.53465,1.53535,2.00,1.60
2009.12.18 04:06:28.625,1.53465,1.53535,1.60,1.60
2009.12.18 04:06:28.865,1.53465,1.53535,1.60,2.40
2009.12.18 04:06:29.375,1.53465,1.5353,1.60,1.00
2009.12.18 04:06:29.555,1.53465,1.5353,1.60,1.00
2009.12.18 04:06:29.725,1.53465,1.53525,1.60,1.60
2009.12.18 04:06:35.713,1.53455,1.53525,2.70,1.60
2009.12.18 04:06:42.751,1.53465,1.53525,1.60,1.60
2009.12.18 04:07:10.614,1.53455,1.53525,2.70,1.60
2009.12.18 04:07:12.374,1.53455,1.53515,2.70,1.60
2009.12.18 04:07:14.654,1.53465,1.53525,1.60,1.60
2009.12.18 04:07:15.283,1.53455,1.53525,2.70,1.60
2009.12.18 04:07:43.257,1.53455,1.53525,2.70,1.60
2009.12.18 04:07:43.557,1.53455,1.53515,1.60,1.60
2009.12.18 04:07:44.587,1.53445,1.53515,2.00,1.60
2009.12.18 04:07:44.817,1.53455,1.53515,1.60,2.40
2009.12.18 04:07:45.056,1.53455,1.53515,1.60,1.60
2009.12.18 04:07:52.574,1.5345,1.53515,1.10,1.60
2009.12.18 04:08:08.031,1.53455,1.53515,1.60,1.60
2009.12.18 04:08:08.261,1.5345,1.53505,1.10,1.60
2009.12.18 04:08:08.601,1.53445,1.53505,1.60,1.60
2009.12.18 04:08:17.188,1.5345,1.53505,1.10,1.60
2009.12.18 04:08:17.418,1.53455,1.53515,1.60,2.80
2009.12.18 04:08:17.649,1.53455,1.5352,1.60,2.70
2009.12.18 04:08:18.378,1.53455,1.53515,1.70,1.60
2009.12.18 04:08:19.188,1.5346,1.53515,1.00,1.60
2009.12.18 04:08:24.837,1.53455,1.53515,1.60,1.60
2009.12.18 04:08:42.972,1.5345,1.53505,1.20,1.60
2009.12.18 04:09:29.041,1.5345,1.53505,1.10,1.60
2009.12.18 04:10:01.913,1.53445,1.53505,2.80,1.60
2009.12.18 04:10:26.297,1.53455,1.53495,1.00,1.60
2009.12.18 04:10:28.967,1.5346,1.53495,1.00,1.60
2009.12.18 04:10:29.317,1.53455,1.53495,1.00,1.60
2009.12.18 04:10:29.677,1.5345,1.53495,1.00,1.60
2009.12.18 04:10:48.042,1.53455,1.53495,1.00,1.60
2009.12.18 04:10:50.471,1.53445,1.53495,1.00,1.60
2009.12.18 04:10:51.271,1.5344,1.53495,1.00,3.20
2009.12.18 04:10:51.552,1.5344,1.53485,1.00,1.60
2009.12.18 04:11:01.789,1.53445,1.53485,1.00,1.60
2009.12.18 04:11:03.919,1.5345,1.53485,1.00,1.60
2009.12.18 04:11:04.219,1.5345,1.53485,1.00,1.60
2009.12.18 04:11:07.707,1.53445,1.53495,1.00,3.20
2009.12.18 04:11:07.868,1.53445,1.53495,1.00,1.60
2009.12.18 04:11:08.397,1.53445,1.53495,1.00,1.60
2009.12.18 04:11:09.257,1.53445,1.53495,1.00,1.60
2009.12.18 04:11:09.907,1.5344,1.53495,1.00,1.60
2009.12.18 04:11:17.505,1.53445,1.53495,1.00,1.60
2009.12.18 04:11:54.956,1.53455,1.53495,1.00,1.60
2009.12.18 04:12:13.532,1.53445,1.53505,1.00,4.70
2009.12.18 04:12:19.880,1.53445,1.53495,1.00,3.20
2009.12.18 04:12:20.540,1.5345,1.53495,1.00,3.20
2009.12.18 04:12:27.918,1.5345,1.53495,1.00,1.60
2009.12.18 04:12:28.208,1.5345,1.53495,1.00,3.20
2009.12.18 04:12:39.125,1.53445,1.53495,1.00,3.20
2009.12.18 04:12:40.395,1.5345,1.53495,1.00,3.20
2009.12.18 04:12:50.273,1.5345,1.53495,1.00,1.60
2009.12.18 04:12:50.383,1.53445,1.53495,1.20,1.60
2009.12.18 04:13:01.030,1.5345,1.53495,1.00,1.60
2009.12.18 04:13:04.819,1.5345,1.53505,1.00,3.20
2009.12.18 04:13:06.179,1.5345,1.53495,1.00,1.60
2009.12.18 04:13:06.519,1.5345,1.53495,1.00,3.20
2009.12.18 04:13:06.849,1.5345,1.53505,1.00,3.20
2009.12.18 04:13:07.019,1.5345,1.53495,1.00,1.60
2009.12.18 04:13:07.139,1.5345,1.53495,1.00,3.20
2009.12.18 04:13:07.259,1.5345,1.53495,1.00,1.60
2009.12.18 04:13:07.419,1.5345,1.53505,1.00,3.20
2009.12.18 04:13:38.001,1.53445,1.53495,1.00,3.20
2009.12.18 04:13:46.978,1.53445,1.53495,1.00,3.20
2009.12.18 04:13:52.207,1.5345,1.53495,1.00,3.20
2009.12.18 04:13:55.626,1.5344,1.53495,1.00,3.20
2009.12.18 04:14:03.984,1.5344,1.53485,1.00,3.20
2009.12.18 04:14:09.653,1.5343,1.53485,1.00,3.20
2009.12.18 04:14:10.343,1.53435,1.53485,1.00,3.20
2009.12.18 04:14:11.273,1.53435,1.53475,1.00,1.60
2009.12.18 04:14:13.592,1.53435,1.53485,1.00,3.20
2009.12.18 04:14:14.552,1.5344,1.53485,1.00,3.20
2009.12.18 04:14:17.242,1.53435,1.53485,1.00,3.20
2009.12.18 04:14:27.179,1.5343,1.53485,1.00,3.20
2009.12.18 04:14:33.367,1.53435,1.53485,1.00,3.20
2009.12.18 04:14:35.187,1.5344,1.53485,1.00,3.20
2009.12.18 04:14:38.666,1.5343,1.53485,1.00,3.20
2009.12.18 04:14:39.226,1.5343,1.53485,1.00,3.20
2009.12.18 04:14:48.144,1.5344,1.53485,1.00,3.20
2009.12.18 04:14:48.664,1.5343,1.53485,1.00,3.20
2009.12.18 04:14:52.083,1.53435,1.53475,1.00,3.20
2009.12.18 04:14:54.092,1.53435,1.53475,1.00,1.60
2009.12.18 04:14:54.323,1.53425,1.53485,1.60,3.60
2009.12.18 04:14:54.502,1.5343,1.53485,1.00,3.60
2009.12.18 04:14:54.852,1.5343,1.53485,1.00,3.20
2009.12.18 04:15:05.770,1.5343,1.53485,1.00,3.20
2009.12.18 04:15:05.950,1.5343,1.53485,1.00,3.20
2009.12.18 04:15:07.209,1.5343,1.53485,1.00,1.60
2009.12.18 04:15:07.499,1.5343,1.53485,1.00,3.20
2009.12.18 04:15:07.969,1.53425,1.53485,2.80,3.30
2009.12.18 04:15:14.647,1.5343,1.53485,1.00,1.70
2009.12.18 04:15:14.997,1.53435,1.53495,1.60,2.10
2009.12.18 04:15:15.347,1.53435,1.5349,1.60,1.00
2009.12.18 04:15:15.517,1.53435,1.53495,1.60,1.60
2009.12.18 04:15:15.747,1.53435,1.53495,2.40,1.60
2009.12.18 04:15:16.317,1.5344,1.53495,1.00,1.60
2009.12.18 04:15:30.134,1.5344,1.53505,1.90,1.80
2009.12.18 04:15:41.121,1.5344,1.53495,2.00,1.60
2009.12.18 04:15:45.680,1.5344,1.53505,2.00,1.60
2009.12.18 04:15:51.209,1.53445,1.53505,1.00,1.60
2009.12.18 04:15:51.259,1.53445,1.53505,1.20,1.60
2009.12.18 04:15:51.369,1.53445,1.53505,1.80,1.60
2009.12.18 04:16:10.784,1.53455,1.53535,4.20,3.10
2009.12.18 04:16:20.471,1.53465,1.53535,1.00,3.10
2009.12.18 04:16:20.981,1.53465,1.53535,2.40,3.10
2009.12.18 04:16:21.861,1.53465,1.53535,2.40,2.70
2009.12.18 04:16:29.009,1.53465,1.53535,2.40,3.10
2009.12.18 04:16:53.004,1.53475,1.53535,1.60,1.00
2009.12.18 04:16:53.363,1.5348,1.53545,1.10,2.00
2009.12.18 04:16:53.524,1.5348,1.5355,1.10,1.00
2009.12.18 04:16:53.864,1.5348,1.53555,1.10,2.00
2009.12.18 04:16:54.043,1.5348,1.53555,1.10,1.60
2009.12.18 04:17:02.721,1.53485,1.5356,1.60,1.20
2009.12.18 04:17:02.941,1.53485,1.5356,2.00,1.00
2009.12.18 04:17:03.221,1.53485,1.53565,2.00,2.80
2009.12.18 04:17:04.651,1.53485,1.53565,2.80,2.80
2009.12.18 04:17:17.838,1.53485,1.53555,1.20,1.60
2009.12.18 04:17:27.175,1.53485,1.53555,2.80,1.60
2009.12.18 04:17:37.383,1.53485,1.53555,2.40,1.60
2009.12.18 04:17:43.471,1.53485,1.53555,1.60,1.60
2009.12.18 04:17:50.680,1.53485,1.53555,2.40,1.60
2009.12.18 04:17:50.860,1.53485,1.53555,2.80,1.60
2009.12.18 04:18:02.697,1.53495,1.53565,1.60,1.60
2009.12.18 04:18:03.427,1.53495,1.5357,1.60,1.20
2009.12.18 04:18:03.547,1.53495,1.5357,1.60,1.00
2009.12.18 04:18:03.877,1.53495,1.5357,1.60,1.00
2009.12.18 04:18:13.404,1.53495,1.53565,1.60,1.60
2009.12.18 04:18:13.514,1.53495,1.53565,1.60,2.40
2009.12.18 04:18:13.754,1.53495,1.53565,1.60,1.00
2009.12.18 04:18:23.312,1.53485,1.53565,2.40,2.40
2009.12.18 04:18:44.107,1.5349,1.53565,1.00,2.40
2009.12.18 04:18:44.277,1.5349,1.53565,1.00,1.60
2009.12.18 04:19:05.022,1.53495,1.5357,1.60,1.00
2009.12.18 04:19:15.899,1.53495,1.53575,1.60,2.40
2009.12.18 04:19:16.179,1.535,1.53575,1.00,2.40
2009.12.18 04:19:22.458,1.53495,1.53575,2.40,2.40
2009.12.18 04:19:22.788,1.5349,1.53575,3.30,2.40
2009.12.18 04:19:24.077,1.53495,1.53575,2.40,2.40
2009.12.18 04:19:24.367,1.53495,1.53575,2.80,2.40
2009.12.18 04:19:54.640,1.53485,1.53545,1.60,1.60
2009.12.18 04:19:54.870,1.53485,1.53545,1.60,1.20
2009.12.18 04:19:55.420,1.53485,1.53545,1.60,1.00
2009.12.18 04:19:55.760,1.53485,1.53555,1.60,2.00
2009.12.18 04:19:56.150,1.53485,1.5355,2.40,1.00
2009.12.18 04:20:05.737,1.53485,1.53555,2.40,1.70
2009.12.18 04:20:05.857,1.53495,1.53555,1.00,1.70
2009.12.18 04:20:05.917,1.53495,1.53555,1.70,1.70
2009.12.18 04:20:06.027,1.53495,1.53555,1.70,1.60
2009.12.18 04:20:08.047,1.5352,1.5357,1.10,1.00
2009.12.18 04:20:08.107,1.5352,1.53575,1.10,2.00
2009.12.18 04:20:08.227,1.5352,1.53575,1.10,1.60
2009.12.18 04:20:08.397,1.53515,1.53575,1.10,1.60
2009.12.18 04:20:09.216,1.53515,1.5358,2.70,1.00
2009.12.18 04:20:10.256,1.53515,1.53575,2.70,1.00
2009.12.18 04:20:10.486,1.53515,1.53575,3.30,1.00
2009.12.18 04:20:10.776,1.5352,1.5358,1.10,1.00
2009.12.18 04:20:11.286,1.5352,1.53575,1.10,1.00
2009.12.18 04:20:11.446,1.53525,1.53575,1.10,1.00
2009.12.18 04:20:14.725,1.53535,1.53585,1.10,1.60
2009.12.18 04:20:19.104,1.5353,1.53585,1.10,1.70
2009.12.18 04:20:20.084,1.5353,1.53575,1.10,1.00
2009.12.18 04:20:21.293,1.5353,1.5357,1.10,1.00
2009.12.18 04:20:30.111,1.5353,1.53575,1.10,1.00
2009.12.18 04:20:31.091,1.5353,1.5358,1.10,1.00
2009.12.18 04:20:38.969,1.5353,1.53565,1.10,1.60
2009.12.18 04:20:39.080,1.5352,1.53565,1.00,1.60
2009.12.18 04:20:39.369,1.53515,1.53575,1.50,3.20
2009.12.18 04:20:39.599,1.53515,1.53565,1.10,1.60
2009.12.18 04:20:40.639,1.53515,1.53565,1.10,1.90
2009.12.18 04:20:41.339,1.53515,1.53555,1.10,1.00
2009.12.18 04:20:56.865,1.5352,1.53555,1.60,1.00
2009.12.18 04:20:57.095,1.5352,1.5356,2.70,1.00
2009.12.18 04:20:57.615,1.5353,1.5357,1.60,1.00
2009.12.18 04:20:57.835,1.53525,1.53575,1.00,1.60
2009.12.18 04:20:58.115,1.5352,1.53575,1.00,1.00
2009.12.18 04:20:58.285,1.53515,1.53575,1.00,1.60
2009.12.18 04:20:58.514,1.5351,1.53575,1.70,1.60
2009.12.18 04:20:58.725,1.53505,1.53575,3.10,1.60
2009.12.18 04:20:59.114,1.53505,1.53575,2.70,1.60
2009.12.18 04:21:10.142,1.53515,1.53575,1.10,1.60
2009.12.18 04:21:15.571,1.53515,1.5358,2.70,1.00
2009.12.18 04:21:15.920,1.53515,1.53575,1.10,1.60
2009.12.18 04:21:20.399,1.53515,1.5358,2.70,1.00
2009.12.18 04:21:32.636,1.5353,1.53585,1.00,1.70
2009.12.18 04:21:32.746,1.5353,1.53585,1.60,1.00
2009.12.18 04:21:36.765,1.5354,1.5359,1.60,0.20
2009.12.18 04:21:36.985,1.5354,1.5359,1.10,0.10
2009.12.18 04:21:37.045,1.5353,1.53585,1.00,1.60
2009.12.18 04:21:37.685,1.53515,1.53585,2.00,1.60
2009.12.18 04:21:37.965,1.53515,1.53585,1.60,2.40
2009.12.18 04:21:42.444,1.53505,1.53585,3.90,2.40
2009.12.18 04:21:43.664,1.53505,1.53585,3.50,2.40
2009.12.18 04:21:50.842,1.53505,1.53585,3.50,2.80
2009.12.18 04:21:58.170,1.53505,1.53585,3.50,2.40
2009.12.18 04:21:58.520,1.53505,1.53575,3.50,1.60
2009.12.18 04:22:05.319,1.53505,1.53585,3.50,2.80
2009.12.18 04:22:05.428,1.53505,1.53585,3.50,2.00
2009.12.18 04:22:05.728,1.5351,1.53585,1.00,2.00
2009.12.18 04:22:06.068,1.53515,1.53585,1.60,1.60
2009.12.18 04:22:16.176,1.53515,1.53585,2.70,1.60
2009.12.18 04:22:21.325,1.53515,1.53585,2.40,1.60
2009.12.18 04:22:22.504,1.53515,1.53585,2.70,1.60
2009.12.18 04:22:30.982,1.53525,1.5359,1.60,3.00
2009.12.18 04:22:31.262,1.53525,1.5359,1.60,0.80
2009.12.18 04:22:31.493,1.53525,1.5359,1.60,0.30
2009.12.18 04:22:34.922,1.53525,1.53585,2.70,1.00
2009.12.18 04:22:35.211,1.53525,1.5359,1.60,1.50
2009.12.18 04:22:36.251,1.53525,1.5359,1.60,1.70
2009.12.18 04:22:37.321,1.53525,1.5359,1.60,0.30
2009.12.18 04:22:37.551,1.53525,1.5359,2.70,0.10
2009.12.18 04:22:43.210,1.53535,1.5359,1.60,0.10
2009.12.18 04:22:43.789,1.53535,1.5359,2.70,0.10
2009.12.18 04:22:46.069,1.53535,1.5359,3.30,0.10
2009.12.18 04:22:46.249,1.53545,1.5359,2.70,0.10
2009.12.18 04:22:46.979,1.53555,1.5359,1.60,0.10
2009.12.18 04:22:47.778,1.5356,1.5359,1.10,0.10
2009.12.18 04:22:48.118,1.53555,1.5359,1.10,0.10
2009.12.18 04:22:48.278,1.53555,1.5359,1.70,0.10
2009.12.18 04:22:50.098,1.53555,1.5359,3.30,0.10
2009.12.18 04:22:50.448,1.53565,1.5359,1.60,0.10
2009.12.18 04:22:50.787,1.53555,1.5359,3.30,0.10
2009.12.18 04:22:51.587,1.5356,1.5359,1.10,0.10
2009.12.18 04:22:53.317,1.53565,1.5359,1.60,0.10
2009.12.18 04:22:54.217,1.53555,1.5359,2.70,0.10
2009.12.18 04:22:55.186,1.5356,1.5359,1.10,0.10
2009.12.18 04:22:55.696,1.53565,1.5359,2.70,0.10
2009.12.18 04:22:56.036,1.5356,1.5359,1.70,0.10
2009.12.18 04:22:58.006,1.5356,1.5358,1.10,1.60
2009.12.18 04:22:58.186,1.53545,1.5358,1.00,1.60
2009.12.18 04:22:58.855,1.53535,1.5358,4.90,1.60
2009.12.18 04:22:59.555,1.53535,1.53585,4.90,1.70
2009.12.18 04:23:00.195,1.53535,1.5358,4.90,1.00
2009.12.18 04:23:02.415,1.53575,1.5359,1.60,0.10
2009.12.18 04:23:02.705,1.5356,1.53615,1.00,1.00
2009.12.18 04:23:02.935,1.5355,1.53615,1.00,1.00
2009.12.18 04:23:03.235,1.53535,1.5361,1.00,1.20
2009.12.18 04:23:03.625,1.53555,1.5361,1.60,1.10
2009.12.18 04:23:03.964,1.53545,1.5359,1.60,0.10
2009.12.18 04:23:04.314,1.53555,1.5359,1.60,0.10
2009.12.18 04:23:04.654,1.5353,1.53575,1.20,1.10
2009.12.18 04:23:04.994,1.5353,1.5358,1.00,1.80
2009.12.18 04:23:05.334,1.5353,1.53585,1.60,1.00
2009.12.18 04:23:05.684,1.53535,1.5359,1.60,0.10
2009.12.18 04:23:06.374,1.5355,1.5359,1.10,0.10
2009.12.18 04:23:06.674,1.53545,1.5359,1.70,0.10
2009.12.18 04:23:07.024,1.53545,1.5359,1.10,0.10
2009.12.18 04:23:07.604,1.5356,1.5359,1.10,0.10
2009.12.18 04:23:08.004,1.5355,1.5359,1.10,0.10
2009.12.18 04:23:09.843,1.53535,1.5359,3.10,0.30
2009.12.18 04:23:10.193,1.53535,1.5359,3.30,0.30
2009.12.18 04:23:10.593,1.53535,1.5359,3.30,0.10
2009.12.18 04:23:10.883,1.5354,1.5359,1.70,0.10
2009.12.18 04:23:12.202,1.5354,1.5359,1.10,0.10
2009.12.18 04:23:13.972,1.53535,1.5359,3.30,0.10
2009.12.18 04:23:16.171,1.5353,1.5359,1.90,0.30
2009.12.18 04:23:16.641,1.53535,1.5359,1.10,0.30
2009.12.18 04:23:16.702,1.53525,1.53585,3.30,1.70
2009.12.18 04:23:16.762,1.53525,1.5358,2.20,1.10
2009.12.18 04:23:16.881,1.53515,1.5358,3.20,1.10
2009.12.18 04:23:17.461,1.53515,1.5358,2.80,1.10
2009.12.18 04:23:17.981,1.53515,1.5358,2.80,1.90
2009.12.18 04:23:18.281,1.53505,1.53555,1.00,1.10
2009.12.18 04:23:18.581,1.53505,1.53565,2.00,1.00
2009.12.18 04:23:18.921,1.53505,1.53575,1.60,1.10
2009.12.18 04:23:28.508,1.53505,1.53565,1.60,1.90
2009.12.18 04:23:28.978,1.53495,1.53565,2.00,3.50
2009.12.18 04:23:29.258,1.53495,1.5356,2.70,1.20
2009.12.18 04:23:29.548,1.53495,1.5356,2.70,1.60
2009.12.18 04:23:30.518,1.53495,1.5356,2.70,1.20
2009.12.18 04:23:31.218,1.53495,1.53565,2.70,2.80
2009.12.18 04:23:31.568,1.53495,1.53565,2.70,2.40
2009.12.18 04:23:31.918,1.5349,1.53565,2.30,1.70
2009.12.18 04:23:32.208,1.5349,1.53565,1.50,1.70
2009.12.18 04:23:32.498,1.53495,1.53565,1.10,2.10
2009.12.18 04:23:32.787,1.53495,1.53555,1.10,1.60
2009.12.18 04:23:33.017,1.5349,1.53555,1.50,1.60
2009.12.18 04:23:33.247,1.5349,1.53555,1.10,1.60
2009.12.18 04:23:33.647,1.53495,1.53565,2.70,2.00
2009.12.18 04:23:34.358,1.5351,1.5356,1.10,1.00
2009.12.18 04:23:34.717,1.53505,1.53575,2.00,1.60
2009.12.18 04:23:35.047,1.5351,1.53575,1.10,1.60
2009.12.18 04:23:35.387,1.5351,1.53575,1.10,1.70
2009.12.18 04:23:39.986,1.5351,1.5357,1.10,1.00
2009.12.18 04:23:40.276,1.5351,1.53565,1.10,1.00
2009.12.18 04:23:41.255,1.5351,1.5355,1.10,1.00
2009.12.18 04:23:41.425,1.535,1.53555,1.20,1.00
2009.12.18 04:23:41.877,1.535,1.53555,1.00,1.00
2009.12.18 04:23:42.045,1.535,1.5357,1.10,1.70
2009.12.18 04:23:42.575,1.53495,1.53565,2.00,1.70
2009.12.18 04:23:43.275,1.535,1.53565,1.10,1.70
2009.12.18 04:23:47.664,1.535,1.5356,1.10,1.00
2009.12.18 04:23:47.834,1.535,1.53555,1.10,1.00
2009.12.18 04:23:47.994,1.53495,1.53555,2.00,1.00
2009.12.18 04:23:48.164,1.53495,1.53555,1.60,1.00
2009.12.18 04:23:48.444,1.5349,1.53555,1.50,1.70
2009.12.18 04:23:48.914,1.5349,1.53555,1.10,1.70
2009.12.18 04:23:49.253,1.53485,1.53555,3.10,1.70
2009.12.18 04:23:49.603,1.53485,1.53555,2.70,1.70
2009.12.18 04:23:50.324,1.53485,1.53555,2.70,1.60
2009.12.18 04:23:50.663,1.53485,1.53555,2.70,1.70
2009.12.18 04:23:57.062,1.53485,1.53555,3.10,1.70
2009.12.18 04:23:57.411,1.53485,1.53555,2.70,1.70
2009.12.18 04:24:02.600,1.53485,1.5355,1.10,1.00
2009.12.18 04:24:02.760,1.53485,1.53545,1.60,1.00
2009.12.18 04:24:02.940,1.53485,1.53555,2.70,2.10
2009.12.18 04:24:03.110,1.53485,1.53555,2.70,2.00
2009.12.18 04:24:03.340,1.53485,1.53555,2.70,2.10
2009.12.18 04:24:03.570,1.53485,1.53555,2.70,1.70
2009.12.18 04:24:04.020,1.53485,1.53555,2.70,1.60
2009.12.18 04:24:04.540,1.53485,1.53555,2.70,1.70
2009.12.18 04:24:05.070,1.53485,1.53555,1.10,2.50
2009.12.18 04:24:05.360,1.5348,1.53545,1.50,1.60
2009.12.18 04:24:06.121,1.5348,1.53535,1.00,1.60
2009.12.18 04:24:06.499,1.53475,1.53545,1.00,1.60
2009.12.18 04:24:06.839,1.53475,1.53535,1.00,1.60
2009.12.18 04:24:07.049,1.5348,1.53535,1.00,1.60
2009.12.18 04:24:08.009,1.53485,1.53535,1.00,1.60
2009.12.18 04:24:08.309,1.5348,1.53535,1.00,1.60
2009.12.18 04:24:08.769,1.5348,1.53545,1.00,1.60
2009.12.18 04:24:09.049,1.5348,1.53545,1.00,1.60
2009.12.18 04:24:09.279,1.53495,1.53545,1.00,1.60
2009.12.18 04:24:09.499,1.53485,1.53535,1.00,1.60
2009.12.18 04:24:09.908,1.5349,1.53545,1.00,1.60
2009.12.18 04:24:10.248,1.53515,1.53555,2.70,1.60
2009.12.18 04:24:10.591,1.53525,1.5357,1.10,1.00
2009.12.18 04:24:11.410,1.53535,1.53585,3.20,1.00
2009.12.18 04:24:12.168,1.53535,1.5358,3.20,1.00
2009.12.18 04:24:13.377,1.53535,1.53585,3.20,1.00
2009.12.18 04:24:14.997,1.53535,1.53575,3.20,1.00
2009.12.18 04:24:15.167,1.5354,1.53575,1.00,1.00
2009.12.18 04:24:15.337,1.5354,1.53575,1.60,1.00
2009.12.18 04:24:15.557,1.5354,1.53585,1.60,1.00
2009.12.18 04:24:15.717,1.53545,1.5359,2.10,0.10
2009.12.18 04:24:16.047,1.53545,1.5359,1.10,0.10
2009.12.18 04:24:16.447,1.5354,1.53585,1.10,1.00
2009.12.18 04:24:18.256,1.5354,1.53585,2.70,1.00
2009.12.18 04:24:18.896,1.53545,1.53585,1.60,1.00
2009.12.18 04:24:19.126,1.53545,1.5359,3.20,0.10
2009.12.18 04:24:19.926,1.53545,1.5359,1.00,0.10
2009.12.18 04:24:20.096,1.53535,1.5359,2.80,0.10
2009.12.18 04:24:20.436,1.53535,1.5359,1.20,0.10
2009.12.18 04:24:20.826,1.5353,1.5359,1.10,0.10
2009.12.18 04:24:21.166,1.5353,1.5359,1.50,0.10
2009.12.18 04:24:21.456,1.5353,1.5359,1.00,0.10
2009.12.18 04:24:21.686,1.53525,1.5359,3.90,0.10
2009.12.18 04:24:21.916,1.5353,1.5359,1.00,0.10
2009.12.18 04:24:23.025,1.53525,1.5359,1.00,0.10
2009.12.18 04:24:24.305,1.53525,1.5359,1.20,0.10
2009.12.18 04:24:24.995,1.5353,1.5359,1.00,0.10
2009.12.18 04:24:25.455,1.5353,1.5359,1.20,0.10
2009.12.18 04:24:26.134,1.53535,1.5359,1.00,0.10
2009.12.18 04:24:26.474,1.53535,1.5359,1.20,0.10
2009.12.18 04:24:27.744,1.53535,1.5359,1.00,0.10
2009.12.18 04:24:27.924,1.5353,1.5359,1.00,0.10
2009.12.18 04:24:28.154,1.53525,1.5359,1.20,0.10
2009.12.18 04:24:30.933,1.53525,1.5359,1.00,0.10
2009.12.18 04:24:31.273,1.53525,1.5359,1.00,0.10
2009.12.18 04:24:33.093,1.5352,1.5359,1.20,0.10
2009.12.18 04:24:33.323,1.5352,1.5359,1.00,0.10
2009.12.18 04:24:35.352,1.53525,1.5359,1.00,0.10
2009.12.18 04:24:36.342,1.53525,1.5359,1.20,0.10
2009.12.18 04:24:37.382,1.53535,1.5359,1.00,0.10
2009.12.18 04:24:38.283,1.5354,1.5359,1.90,0.10
2009.12.18 04:24:38.552,1.5354,1.5359,1.20,0.10
2009.12.18 04:24:38.832,1.5355,1.5359,1.00,0.10
2009.12.18 04:24:39.401,1.53555,1.5359,1.00,0.10
2009.12.18 04:24:39.731,1.5356,1.5359,1.00,0.10
2009.12.18 04:24:40.121,1.5356,1.5359,1.20,0.10
2009.12.18 04:24:41.161,1.5356,1.5359,1.90,0.10
2009.12.18 04:24:41.511,1.53555,1.5359,1.00,0.10
2009.12.18 04:24:42.950,1.53555,1.5359,1.90,0.10
2009.12.18 04:24:46.070,1.5356,1.5359,1.10,0.10
2009.12.18 04:24:46.660,1.5356,1.5359,1.90,0.10
2009.12.18 04:24:46.889,1.5356,1.5359,1.00,0.10
2009.12.18 04:24:52.208,1.53565,1.5359,1.10,0.10
2009.12.18 04:24:52.319,1.5356,1.5359,1.10,0.10
2009.12.18 04:24:52.438,1.53555,1.5359,1.10,0.10
2009.12.18 04:24:57.767,1.5357,1.5359,1.10,0.10
2009.12.18 04:24:57.927,1.5357,1.5359,1.60,0.10
2009.12.18 04:24:59.267,1.5357,1.5359,1.00,0.10
2009.12.18 04:24:59.837,1.53565,1.5359,1.60,0.10
2009.12.18 04:25:00.186,1.53565,1.536,1.60,1.00
2009.12.18 04:25:01.586,1.5356,1.536,1.60,1.00
2009.12.18 04:25:02.756,1.5356,1.5361,1.60,0.30
2009.12.18 04:25:03.036,1.53565,1.536,1.00,1.00
2009.12.18 04:25:03.216,1.53565,1.536,1.60,1.00
2009.12.18 04:25:03.685,1.53565,1.5361,1.60,0.30
2009.12.18 04:25:03.916,1.53565,1.53605,3.20,1.00
2009.12.18 04:25:04.076,1.53565,1.53605,1.60,1.00
2009.12.18 04:25:05.295,1.5357,1.5361,1.60,0.10
2009.12.18 04:25:06.325,1.5358,1.5361,1.10,0.10
2009.12.18 04:25:06.565,1.5357,1.5361,1.60,0.10
2009.12.18 04:25:07.315,1.5358,1.5361,1.10,0.10
2009.12.18 04:25:07.765,1.5358,1.5361,1.10,0.30
2009.12.18 04:25:09.584,1.53575,1.5361,1.10,0.30
2009.12.18 04:25:14.453,1.53565,1.536,1.60,1.00
2009.12.18 04:25:22.491,1.53565,1.536,3.20,1.00
2009.12.18 04:25:23.961,1.53575,1.536,1.10,1.00
2009.12.18 04:25:24.501,1.53565,1.5361,3.20,0.30
2009.12.18 04:25:24.780,1.5357,1.5361,1.00,0.30
2009.12.18 04:25:25.080,1.5357,1.5361,1.60,0.30
2009.12.18 04:25:26.120,1.5356,1.536,1.60,1.00
2009.12.18 04:25:30.929,1.5356,1.536,1.10,1.00
2009.12.18 04:25:31.279,1.5356,1.536,1.00,1.00
2009.12.18 04:25:31.449,1.5356,1.536,1.60,1.00
2009.12.18 04:25:47.525,1.53555,1.536,1.60,1.00
2009.12.18 04:25:48.105,1.5356,1.536,1.10,1.00
2009.12.18 04:25:48.395,1.53555,1.536,1.60,1.00
2009.12.18 04:25:49.195,1.53555,1.53605,1.10,1.00
2009.12.18 04:25:49.475,1.5355,1.5361,3.20,0.30
2009.12.18 04:25:49.775,1.53555,1.5361,2.70,0.10
2009.12.18 04:25:53.583,1.53555,1.5361,3.10,0.10
2009.12.18 04:25:53.814,1.53555,1.5361,2.70,0.10
2009.12.18 04:25:54.863,1.53555,1.5361,1.60,0.30
2009.12.18 04:25:55.144,1.53545,1.5361,3.10,0.30
2009.12.18 04:25:55.383,1.53545,1.5361,3.50,0.30
2009.12.18 04:25:55.673,1.53545,1.5361,3.10,0.30
2009.12.18 04:25:57.283,1.53545,1.5361,2.70,0.30
2009.12.18 04:25:58.542,1.53545,1.53605,2.70,1.00
2009.12.18 04:25:58.773,1.53545,1.53605,1.60,1.00
2009.12.18 04:25:59.292,1.53545,1.53605,2.70,1.00
2009.12.18 04:25:59.532,1.53535,1.536,3.10,1.00
2009.12.18 04:25:59.872,1.53535,1.536,2.70,1.00
2009.12.18 04:26:00.172,1.5354,1.53605,1.00,1.00
2009.12.18 04:26:00.512,1.53545,1.53605,1.10,2.50
2009.12.18 04:26:00.852,1.5355,1.53605,1.10,1.00
2009.12.18 04:26:01.212,1.53555,1.53605,1.10,1.00
2009.12.18 04:26:01.592,1.53555,1.5361,1.10,0.10
2009.12.18 04:26:03.321,1.53555,1.5361,2.70,0.10
2009.12.18 04:26:03.551,1.53595,1.5361,1.10,0.10
2009.12.18 04:26:03.822,1.53585,1.5361,1.00,0.10
2009.12.18 04:26:04.051,1.5357,1.5361,2.00,0.10
2009.12.18 04:26:04.631,1.53585,1.53665,2.00,1.00
2009.12.18 04:26:04.741,1.53585,1.53655,1.60,1.00
2009.12.18 04:26:05.091,1.53585,1.5366,1.60,1.00
2009.12.18 04:26:05.441,1.53585,1.53655,1.60,1.00
2009.12.18 04:26:06.071,1.53585,1.5361,1.60,0.10
2009.12.18 04:26:06.431,1.53595,1.5361,1.60,0.10
2009.12.18 04:26:07.400,1.53585,1.5361,1.60,0.10
2009.12.18 04:26:24.646,1.53595,1.5361,1.60,0.10
2009.12.18 04:26:24.826,1.53585,1.5361,1.60,0.10
2009.12.18 04:26:29.855,1.53575,1.5361,1.60,0.10
2009.12.18 04:26:31.774,1.53565,1.5361,1.60,0.10
2009.12.18 04:26:32.054,1.53575,1.5361,1.60,0.10
2009.12.18 04:26:32.334,1.53565,1.5361,1.60,0.10
2009.12.18 04:26:33.024,1.5356,1.5361,1.00,0.10
2009.12.18 04:26:33.434,1.53565,1.5361,1.60,0.10
2009.12.18 04:26:39.362,1.53575,1.5361,1.60,0.10
2009.12.18 04:26:39.603,1.53565,1.5361,1.60,0.10
2009.12.18 04:26:41.982,1.53565,1.5361,1.60,0.30
2009.12.18 04:26:42.562,1.53565,1.5361,1.60,0.10
2009.12.18 04:26:46.421,1.53555,1.5361,2.00,0.10
2009.12.18 04:26:47.271,1.53565,1.5361,1.60,0.10
2009.12.18 04:26:48.841,1.53555,1.5361,1.60,0.10
2009.12.18 04:27:00.837,1.53565,1.5361,1.60,0.10
2009.12.18 04:27:10.525,1.53575,1.5361,1.60,0.10
2009.12.18 04:27:18.603,1.53565,1.5361,1.60,0.10
2009.12.18 04:27:18.943,1.53575,1.5361,1.60,0.10
2009.12.18 04:27:37.908,1.53565,1.5361,1.00,0.10
2009.12.18 04:27:39.228,1.5357,1.5361,1.10,0.10
2009.12.18 04:27:39.528,1.5357,1.5361,1.50,0.10
2009.12.18 04:27:40.158,1.53575,1.5361,1.10,0.10
2009.12.18 04:27:40.758,1.53575,1.5361,1.50,0.10
2009.12.18 04:28:32.775,1.53575,1.5361,1.10,0.10
2009.12.18 04:28:38.404,1.5357,1.5361,1.50,0.10
2009.12.18 04:28:41.763,1.5357,1.5361,1.00,0.10
2009.12.18 04:28:42.353,1.53565,1.5361,1.50,0.10
2009.12.18 04:28:45.632,1.53575,1.5361,1.60,0.10
2009.12.18 04:28:46.142,1.5358,1.5361,1.10,0.10
2009.12.18 04:28:46.442,1.5358,1.5361,1.50,0.10
2009.12.18 04:28:47.362,1.5358,1.5361,1.10,0.10
2009.12.18 04:28:47.762,1.5358,1.5361,1.60,0.10
2009.12.18 04:28:47.882,1.53585,1.5361,1.10,0.10
2009.12.18 04:28:54.520,1.5358,1.5361,1.50,0.10
2009.12.18 04:28:55.260,1.5358,1.5361,1.00,0.10
2009.12.18 04:28:55.430,1.53575,1.5361,1.50,0.10
2009.12.18 04:28:55.590,1.53575,1.5361,1.10,0.10
2009.12.18 04:29:00.169,1.53575,1.5361,1.50,0.10
2009.12.18 04:29:00.388,1.53575,1.5361,1.10,0.10
2009.12.18 04:29:04.327,1.53565,1.5361,1.20,0.10
2009.12.18 04:29:07.407,1.53565,1.5361,1.10,0.10
2009.12.18 04:29:07.517,1.53575,1.5361,1.10,0.10
2009.12.18 04:29:10.346,1.53575,1.5361,1.60,0.10
2009.12.18 04:29:10.466,1.5358,1.5361,1.10,0.10
2009.12.18 04:29:32.481,1.53585,1.5361,1.00,0.10
2009.12.18 04:29:32.651,1.5359,1.5361,1.10,0.10
2009.12.18 04:29:33.650,1.5358,1.5361,2.00,0.10
2009.12.18 04:29:34.280,1.5358,1.5361,1.60,0.10
2009.12.18 04:29:38.949,1.5357,1.5361,2.00,0.10
2009.12.18 04:29:39.469,1.5357,1.5361,1.60,0.10
2009.12.18 04:29:47.827,1.53575,1.5361,1.60,0.10
2009.12.18 04:29:54.836,1.53575,1.5361,1.60,2.00
2009.12.18 04:29:55.165,1.5354,1.5361,2.80,2.60
2009.12.18 04:29:55.455,1.5354,1.5361,3.20,2.10
2009.12.18 04:29:55.635,1.5354,1.536,1.00,1.10
2009.12.18 04:29:55.925,1.5353,1.5361,1.50,4.20
2009.12.18 04:29:56.275,1.5354,1.5361,1.20,4.70
2009.12.18 04:29:56.635,1.5354,1.53605,1.00,1.90
2009.12.18 04:29:56.995,1.5353,1.53605,1.00,2.40
2009.12.18 04:29:57.225,1.53525,1.53605,1.00,2.80
2009.12.18 04:29:58.174,1.53525,1.53605,1.00,2.80
2009.12.18 04:29:58.855,1.53525,1.53605,1.00,2.80
2009.12.18 04:29:59.024,1.53525,1.53605,1.00,2.80
2009.12.18 04:30:00.634,1.53535,1.536,1.10,2.30
2009.12.18 04:30:00.754,1.53535,1.536,1.10,1.50
2009.12.18 04:30:00.924,1.53525,1.536,1.00,1.90
2009.12.18 04:30:01.084,1.53525,1.53605,1.00,2.80
2009.12.18 04:30:01.444,1.53525,1.53605,1.00,2.80
2009.12.18 04:30:01.794,1.53525,1.53605,1.00,2.80
2009.12.18 04:30:03.513,1.5352,1.53605,1.60,2.80
2009.12.18 04:30:03.633,1.53535,1.53605,1.10,2.80
2009.12.18 04:30:03.993,1.53535,1.53605,1.10,2.40
2009.12.18 04:30:09.022,1.5353,1.53595,1.30,1.00
2009.12.18 04:30:09.302,1.5353,1.536,1.00,4.30
2009.12.18 04:30:09.472,1.5352,1.53595,1.60,2.30
2009.12.18 04:30:09.632,1.5352,1.53595,1.20,2.70
2009.12.18 04:30:09.742,1.53525,1.5359,1.00,1.10
2009.12.18 04:30:40.034,1.5352,1.53585,1.00,1.10
2009.12.18 04:30:40.204,1.53515,1.5359,1.90,1.10
2009.12.18 04:30:40.324,1.53515,1.5359,1.10,1.10
2009.12.18 04:30:40.434,1.5351,1.5359,1.30,1.60
2009.12.18 04:30:41.484,1.53515,1.5359,1.00,1.60
2009.12.18 04:30:43.683,1.53515,1.5359,1.00,1.60
2009.12.18 04:30:43.793,1.53515,1.53595,1.00,2.30
2009.12.18 04:30:43.953,1.53515,1.53595,1.00,2.30
2009.12.18 04:30:44.113,1.5352,1.53595,1.10,2.30
2009.12.18 04:30:44.233,1.5352,1.53595,1.90,1.60
2009.12.18 04:30:45.223,1.53545,1.536,1.60,1.20
2009.12.18 04:30:45.573,1.5356,1.5361,1.60,1.00
2009.12.18 04:30:45.913,1.5356,1.53615,1.60,1.60
2009.12.18 04:30:47.283,1.5357,1.53615,1.70,1.60
2009.12.18 04:30:48.102,1.5358,1.53615,1.00,1.60
2009.12.18 04:31:00.709,1.5358,1.53615,1.00,1.60
2009.12.18 04:31:00.879,1.5358,1.53615,1.00,1.60
2009.12.18 04:31:23.154,1.5357,1.53615,1.70,1.60
2009.12.18 04:31:23.334,1.53575,1.5363,1.90,0.60
2009.12.18 04:31:23.544,1.53575,1.5363,1.90,0.10
2009.12.18 04:31:24.024,1.5358,1.5363,1.00,0.10
2009.12.18 04:31:24.184,1.5358,1.5363,1.00,0.10
2009.12.18 04:31:25.183,1.53585,1.5363,1.00,0.10
2009.12.18 04:31:34.101,1.5358,1.5363,1.00,0.30
2009.12.18 04:31:34.451,1.53575,1.5363,1.10,0.10
2009.12.18 04:31:34.571,1.5357,1.5363,1.00,0.10
2009.12.18 04:31:34.791,1.53565,1.5363,2.30,0.30
2009.12.18 04:31:35.031,1.53565,1.5363,1.50,0.30
2009.12.18 04:31:35.261,1.53565,1.5363,1.50,0.10
2009.12.18 04:31:36.061,1.53565,1.5363,1.10,0.10
2009.12.18 04:31:36.291,1.53565,1.5363,1.50,0.10
2009.12.18 04:31:39.070,1.53565,1.5363,1.50,0.30
2009.12.18 04:31:43.129,1.53565,1.5363,1.50,0.10
2009.12.18 04:31:43.529,1.53565,1.5363,1.50,0.30
2009.12.18 04:31:46.988,1.53565,1.5361,1.50,1.60
2009.12.18 04:31:47.268,1.53565,1.5361,1.00,1.60
2009.12.18 04:31:47.738,1.5354,1.5361,1.30,1.60
2009.12.18 04:31:47.968,1.5354,1.5361,1.00,1.60
2009.12.18 04:31:48.428,1.53545,1.536,1.00,1.60
2009.12.18 04:31:49.457,1.5356,1.53605,1.70,1.60
2009.12.18 04:31:50.967,1.5356,1.53605,2.10,1.60
2009.12.18 04:31:51.197,1.5357,1.5362,1.00,3.20
2009.12.18 04:31:51.367,1.5357,1.53615,1.00,1.60
2009.12.18 04:31:51.897,1.53585,1.5363,2.40,0.60
2009.12.18 04:31:52.367,1.5358,1.5363,1.10,0.10
2009.12.18 04:31:52.657,1.5357,1.5363,1.00,0.10
2009.12.18 04:31:53.007,1.53565,1.5363,1.00,0.10
2009.12.18 04:31:53.996,1.5356,1.5363,1.00,0.10
2009.12.18 04:31:54.046,1.5356,1.5363,1.00,0.20
2009.12.18 04:31:54.166,1.5356,1.5363,1.00,0.30
2009.12.18 04:31:54.976,1.53555,1.5363,1.20,0.30
2009.12.18 04:31:55.666,1.5356,1.5363,1.00,0.10
2009.12.18 04:31:55.996,1.5356,1.5362,1.00,1.10
2009.12.18 04:31:56.296,1.53555,1.53625,1.00,1.00
2009.12.18 04:31:56.656,1.5355,1.5362,1.00,1.10
2009.12.18 04:31:57.046,1.5355,1.53625,1.00,1.00
2009.12.18 04:31:57.806,1.53555,1.53625,1.00,1.00
2009.12.18 04:32:00.055,1.53555,1.5361,1.00,1.10
2009.12.18 04:32:00.395,1.5355,1.5361,1.00,1.10
2009.12.18 04:32:00.745,1.5355,1.5361,1.00,1.10
2009.12.18 04:32:00.925,1.53545,1.5361,1.00,1.10
2009.12.18 04:32:01.165,1.5355,1.53605,1.00,1.10
2009.12.18 04:32:01.775,1.53565,1.53615,1.60,2.00
2009.12.18 04:32:02.124,1.53565,1.53615,2.00,1.60
2009.12.18 04:32:02.464,1.5357,1.53615,1.00,1.60
2009.12.18 04:32:03.084,1.53575,1.53615,1.00,1.60
2009.12.18 04:32:03.424,1.53575,1.53615,1.00,1.60
2009.12.18 04:32:03.664,1.53575,1.53625,2.10,1.60
2009.12.18 04:32:03.844,1.5358,1.53625,1.00,1.60
2009.12.18 04:32:04.184,1.5357,1.5363,1.90,0.10
2009.12.18 04:32:04.404,1.5356,1.5363,2.30,1.50
2009.12.18 04:32:04.974,1.5356,1.5363,1.90,0.10
2009.12.18 04:32:05.384,1.5356,1.5363,1.00,1.50
2009.12.18 04:32:05.624,1.5356,1.5363,1.90,1.50
2009.12.18 04:32:05.804,1.5356,1.5363,1.10,1.50
2009.12.18 04:32:06.744,1.5355,1.5361,1.00,3.20
2009.12.18 04:32:07.033,1.5355,1.5363,1.00,4.00
2009.12.18 04:32:08.713,1.53545,1.536,1.00,3.20
2009.12.18 04:32:08.993,1.5356,1.53605,1.60,1.00
2009.12.18 04:32:09.053,1.5357,1.53605,1.60,1.00
2009.12.18 04:32:09.113,1.53575,1.53615,1.50,1.00
2009.12.18 04:32:09.173,1.53575,1.53625,2.30,1.00
2009.12.18 04:32:09.403,1.53575,1.5363,2.30,0.10
2009.12.18 04:32:09.573,1.53575,1.5363,1.20,0.10
2009.12.18 04:32:09.683,1.53575,1.5363,1.00,0.10
2009.12.18 04:32:09.743,1.53575,1.5363,1.00,1.50
2009.12.18 04:32:09.853,1.53565,1.5363,1.20,1.50
2009.12.18 04:32:09.963,1.5356,1.5363,2.30,1.50
2009.12.18 04:32:10.243,1.53555,1.5363,1.20,1.50
2009.12.18 04:32:10.872,1.53555,1.5363,1.00,1.50
2009.12.18 04:32:11.172,1.53555,1.5363,1.00,1.70
2009.12.18 04:32:11.742,1.53555,1.5363,1.00,1.50
2009.12.18 04:32:12.092,1.53555,1.5363,1.00,1.70
2009.12.18 04:32:13.962,1.53555,1.53615,1.00,1.10
2009.12.18 04:32:14.192,1.5355,1.53615,1.20,1.10
2009.12.18 04:32:20.710,1.5355,1.53615,1.00,1.10
2009.12.18 04:32:29.318,1.53545,1.53615,2.30,1.10
2009.12.18 04:32:32.827,1.53555,1.5362,1.10,1.10
2009.12.18 04:32:32.987,1.5355,1.53615,1.00,1.10
2009.12.18 04:32:33.387,1.5355,1.53615,1.00,1.10
2009.12.18 04:32:34.027,1.53545,1.53615,2.30,1.10
2009.12.18 04:32:41.435,1.53545,1.53615,2.30,1.20
2009.12.18 04:32:41.825,1.53555,1.53615,1.10,1.00
2009.12.18 04:32:44.144,1.53555,1.53615,1.10,1.00
2009.12.18 04:32:44.544,1.5355,1.53615,1.20,1.10
2009.12.18 04:32:44.704,1.5355,1.53615,1.00,1.10
2009.12.18 04:32:45.004,1.53545,1.53615,2.30,1.10
2009.12.18 04:32:45.124,1.53545,1.53615,1.50,1.10
2009.12.18 04:32:48.623,1.53545,1.53615,2.30,1.10
2009.12.18 04:32:56.192,1.5355,1.5362,2.00,1.10
2009.12.18 04:32:57.052,1.5355,1.53615,1.20,1.10
2009.12.18 04:32:57.431,1.5355,1.5362,2.40,1.60
2009.12.18 04:32:57.781,1.5355,1.5362,1.60,1.10
2009.12.18 04:32:59.111,1.5355,1.5362,1.50,1.10
2009.12.18 04:32:59.351,1.5355,1.53615,1.00,1.10
2009.12.18 04:32:59.521,1.53545,1.53615,2.30,1.10
2009.12.18 04:33:09.988,1.53545,1.53615,1.90,1.10
2009.12.18 04:33:15.597,1.53545,1.53615,1.50,1.10
2009.12.18 04:33:27.964,1.53545,1.5361,1.00,1.10
2009.12.18 04:33:28.254,1.5354,1.5361,2.40,1.10
2009.12.18 04:33:30.973,1.53545,1.53615,1.10,2.00
2009.12.18 04:33:31.093,1.53545,1.53615,1.10,1.50
2009.12.18 04:33:31.904,1.53545,1.53615,1.50,1.10
2009.12.18 04:33:33.803,1.53545,1.53615,1.50,1.80
2009.12.18 04:33:33.973,1.53545,1.5361,1.00,1.10
2009.12.18 04:33:34.312,1.5354,1.5361,2.40,1.10
2009.12.18 04:33:36.862,1.5354,1.5361,1.60,1.10
2009.12.18 04:33:37.032,1.5354,1.53605,1.00,1.10
2009.12.18 04:33:37.892,1.53535,1.53605,1.50,1.10
2009.12.18 04:33:43.280,1.53535,1.5361,1.50,1.50
2009.12.18 04:33:43.920,1.53535,1.53615,1.50,2.30
2009.12.18 04:33:50.728,1.53535,1.5361,2.00,1.10
2009.12.18 04:33:52.818,1.53545,1.53615,1.00,1.90
2009.12.18 04:33:53.058,1.5354,1.53615,1.00,1.10
2009.12.18 04:33:56.887,1.53545,1.5362,1.60,2.40
2009.12.18 04:33:57.347,1.53555,1.5362,1.10,3.00
2009.12.18 04:33:57.577,1.53555,1.5362,1.10,2.00
2009.12.18 04:33:57.757,1.53555,1.5362,1.10,1.90
2009.12.18 04:33:59.187,1.53555,1.5362,1.20,1.90
2009.12.18 04:34:01.096,1.53545,1.5362,1.60,2.60
2009.12.18 04:34:01.856,1.53545,1.5362,1.80,2.60
2009.12.18 04:34:13.106,1.5355,1.5362,1.00,2.00
2009.12.18 04:34:13.273,1.53555,1.5362,1.20,1.90
2009.12.18 04:34:13.753,1.53555,1.5362,1.20,1.10
2009.12.18 04:34:18.062,1.53555,1.5362,1.00,1.60
2009.12.18 04:34:18.232,1.5355,1.5362,1.00,2.60
2009.12.18 04:34:18.632,1.53545,1.5362,1.60,2.60
2009.12.18 04:34:20.182,1.53545,1.5362,2.20,2.60
2009.12.18 04:34:21.611,1.53545,1.5362,1.80,2.60
2009.12.18 04:34:38.997,1.5355,1.5362,1.00,2.60
2009.12.18 04:35:35.743,1.53545,1.5361,1.00,1.10
2009.12.18 04:35:36.093,1.5354,1.5361,1.30,1.10
2009.12.18 04:35:53.439,1.53545,1.5361,1.00,1.10
2009.12.18 04:35:53.559,1.53545,1.53605,1.00,1.10
2009.12.18 04:35:55.648,1.5354,1.53605,1.00,1.10
2009.12.18 04:35:55.818,1.5354,1.53605,1.00,1.10
2009.12.18 04:36:02.237,1.53545,1.53605,1.00,1.10
2009.12.18 04:36:02.467,1.53545,1.5361,1.00,1.50
2009.12.18 04:36:02.747,1.53545,1.5361,1.00,1.10
2009.12.18 04:36:24.081,1.5355,1.5361,1.00,1.10
2009.12.18 04:36:25.001,1.53545,1.5361,1.00,1.10
2009.12.18 04:36:33.299,1.53545,1.5361,1.00,1.10
2009.12.18 04:36:33.419,1.53545,1.5361,1.00,1.10
2009.12.18 04:36:47.736,1.53545,1.53615,1.10,1.50
2009.12.18 04:36:48.176,1.53555,1.5362,1.10,1.30
2009.12.18 04:36:48.876,1.53555,1.5362,1.10,1.00
2009.12.18 04:36:49.225,1.53555,1.5362,1.10,1.00
2009.12.18 04:36:51.465,1.5355,1.5362,1.50,1.20
2009.12.18 04:36:51.645,1.5355,1.5361,1.50,1.00
2009.12.18 04:36:52.345,1.5355,1.5361,1.10,1.00
2009.12.18 04:36:53.864,1.5355,1.53615,1.10,1.00
2009.12.18 04:36:54.034,1.5355,1.53615,1.10,1.00
2009.12.18 04:36:54.264,1.5355,1.53605,1.10,1.00
2009.12.18 04:36:54.604,1.5355,1.53615,1.10,1.00
2009.12.18 04:36:54.784,1.5355,1.5362,1.10,1.10
2009.12.18 04:36:55.124,1.5355,1.5361,1.00,1.10
2009.12.18 04:36:55.454,1.53545,1.5361,1.00,1.10
2009.12.18 04:36:56.324,1.5354,1.5361,1.00,1.10
2009.12.18 04:36:57.544,1.5354,1.5361,1.00,1.90
2009.12.18 04:36:58.284,1.53535,1.5361,2.30,1.10
2009.12.18 04:36:58.394,1.53535,1.53615,1.90,1.90
2009.12.18 04:36:59.973,1.53535,1.53615,2.30,1.90
2009.12.18 04:37:00.323,1.5354,1.53615,1.00,2.10
2009.12.18 04:37:00.603,1.53545,1.5362,1.10,2.50
2009.12.18 04:37:00.833,1.53545,1.5362,1.50,3.00
2009.12.18 04:37:01.563,1.53545,1.53615,1.90,1.10
2009.12.18 04:37:01.843,1.5355,1.53625,1.10,2.40
2009.12.18 04:37:02.072,1.5355,1.53625,1.10,2.00
2009.12.18 04:37:03.672,1.5355,1.5362,1.10,1.00
2009.12.18 04:37:06.341,1.5355,1.5362,1.90,1.00
2009.12.18 04:37:09.390,1.5355,1.5362,1.10,1.00
2009.12.18 04:37:10.260,1.5355,1.53615,1.10,1.00
2009.12.18 04:37:13.959,1.5355,1.53625,1.10,2.00
2009.12.18 04:37:14.069,1.53545,1.5361,1.20,1.10
2009.12.18 04:37:14.239,1.53545,1.5361,1.00,1.10
2009.12.18 04:37:14.540,1.53535,1.5361,2.80,1.10
2009.12.18 04:37:14.819,1.53535,1.53615,2.40,3.20
2009.12.18 04:37:16.049,1.53535,1.5361,2.40,3.50
2009.12.18 04:37:16.889,1.53535,1.5361,3.00,3.50
2009.12.18 04:37:17.119,1.53535,1.5361,2.60,3.40
2009.12.18 04:37:18.908,1.5355,1.5362,1.10,1.80
2009.12.18 04:37:19.239,1.5355,1.53615,1.10,1.00
2009.12.18 04:37:19.418,1.53545,1.53615,1.60,2.00
2009.12.18 04:37:19.638,1.53545,1.5361,1.10,1.00
2009.12.18 04:37:21.418,1.53545,1.53615,1.10,2.00
2009.12.18 04:37:21.878,1.5354,1.53605,1.50,1.10
2009.12.18 04:37:22.567,1.5354,1.53605,1.90,1.10
2009.12.18 04:37:22.917,1.53545,1.53615,1.50,1.60
2009.12.18 04:37:23.557,1.53545,1.53615,1.50,1.20
2009.12.18 04:37:23.847,1.5355,1.53615,1.00,1.20
2009.12.18 04:37:24.067,1.5355,1.53615,1.50,1.00
2009.12.18 04:37:24.297,1.5355,1.5362,1.10,1.00
2009.12.18 04:37:33.125,1.5355,1.53625,1.10,2.00
2009.12.18 04:37:34.645,1.5354,1.5361,2.30,1.00
2009.12.18 04:37:34.875,1.53535,1.53605,1.00,1.10
2009.12.18 04:37:35.154,1.5353,1.5361,1.20,1.60
2009.12.18 04:37:35.394,1.5353,1.5361,1.00,2.30
2009.12.18 04:37:35.634,1.5353,1.5361,1.00,2.70
2009.12.18 04:37:35.874,1.53525,1.53605,1.90,2.30
2009.12.18 04:37:36.575,1.53525,1.53605,1.50,2.30
2009.12.18 04:37:49.291,1.53535,1.5361,1.10,2.30
2009.12.18 04:37:49.701,1.53535,1.53615,1.10,2.40
2009.12.18 04:37:55.949,1.5353,1.5361,2.80,1.90
2009.12.18 04:37:58.049,1.5353,1.53605,1.20,1.10
2009.12.18 04:37:58.279,1.5353,1.53605,1.00,1.10
2009.12.18 04:37:59.948,1.53525,1.53605,2.30,1.90
2009.12.18 04:38:00.228,1.53525,1.536,1.10,2.00
2009.12.18 04:38:00.508,1.5353,1.536,1.60,1.20
2009.12.18 04:38:01.598,1.5353,1.536,1.60,2.00
2009.12.18 04:38:02.238,1.5353,1.536,1.20,2.60
2009.12.18 04:38:02.538,1.53525,1.53595,1.80,1.90
2009.12.18 04:38:03.218,1.53525,1.536,1.80,2.60
2009.12.18 04:38:03.887,1.53525,1.536,1.60,2.60
2009.12.18 04:38:04.007,1.53525,1.536,1.10,2.60
2009.12.18 04:38:04.177,1.53515,1.53595,1.60,1.90
2009.12.18 04:38:04.347,1.53525,1.536,1.60,2.60
2009.12.18 04:38:04.467,1.53525,1.536,1.60,2.60
2009.12.18 04:38:05.047,1.53515,1.53595,2.30,1.10
2009.12.18 04:38:05.337,1.53525,1.53595,1.60,2.20
2009.12.18 04:38:06.947,1.53515,1.5359,1.50,2.00
2009.12.18 04:38:07.287,1.53525,1.53595,1.60,2.00
2009.12.18 04:38:07.637,1.53525,1.53595,1.10,2.00
2009.12.18 04:38:08.557,1.5353,1.53595,1.00,1.10
2009.12.18 04:38:08.846,1.53535,1.53605,1.10,2.60
2009.12.18 04:38:09.416,1.53545,1.53605,1.10,1.00
2009.12.18 04:38:10.776,1.5354,1.53605,1.50,1.40
2009.12.18 04:38:11.106,1.53535,1.53605,1.00,2.10
2009.12.18 04:38:11.456,1.5353,1.53605,1.50,2.10
2009.12.18 04:38:12.135,1.5353,1.536,1.50,2.10
2009.12.18 04:38:13.345,1.5353,1.53595,1.50,1.00
2009.12.18 04:38:13.915,1.5354,1.536,1.60,1.00
2009.12.18 04:38:14.255,1.5353,1.53605,1.00,1.30
2009.12.18 04:38:14.885,1.5353,1.536,1.00,1.90
2009.12.18 04:38:14.945,1.5352,1.536,1.50,1.90
2009.12.18 04:38:16.604,1.5352,1.536,1.10,1.90
2009.12.18 04:38:21.063,1.53515,1.536,1.20,2.10
2009.12.18 04:38:21.523,1.53515,1.536,1.00,2.10
2009.12.18 04:38:21.813,1.53515,1.536,1.20,2.10
2009.12.18 04:38:22.393,1.53515,1.536,1.20,2.20
2009.12.18 04:38:22.623,1.53515,1.536,1.00,2.20
2009.12.18 04:38:24.302,1.53515,1.536,1.20,2.20
2009.12.18 04:38:26.392,1.53515,1.5359,1.20,1.10
2009.12.18 04:38:26.962,1.53515,1.53595,1.00,2.60
2009.12.18 04:38:27.592,1.53515,1.53595,1.00,4.30
2009.12.18 04:38:27.932,1.5351,1.5359,1.30,2.60
2009.12.18 04:38:28.272,1.5351,1.53595,1.00,2.40
2009.12.18 04:38:28.512,1.53515,1.53595,1.00,2.40
2009.12.18 04:38:29.822,1.5351,1.5359,1.20,1.30
2009.12.18 04:38:30.111,1.5351,1.53595,1.20,2.00
2009.12.18 04:38:30.341,1.5351,1.53595,1.00,2.00
2009.12.18 04:38:30.891,1.5351,1.53595,1.00,1.90
2009.12.18 04:38:31.131,1.53515,1.53595,1.00,1.00
2009.12.18 04:38:31.411,1.53515,1.53595,1.00,1.00
2009.12.18 04:38:33.850,1.53515,1.53595,2.30,1.00
2009.12.18 04:38:33.960,1.5352,1.536,1.90,1.90
2009.12.18 04:38:35.290,1.5352,1.536,1.90,2.20
2009.12.18 04:38:44.828,1.53525,1.53595,1.00,1.00
2009.12.18 04:38:45.747,1.53525,1.53605,1.00,2.70
2009.12.18 04:38:46.387,1.53525,1.536,1.00,1.40
2009.12.18 04:39:12.741,1.53525,1.536,1.00,1.20
2009.12.18 04:39:19.859,1.53525,1.53595,1.90,1.00
2009.12.18 04:39:20.489,1.53525,1.536,2.30,1.00
2009.12.18 04:39:23.888,1.53525,1.53595,1.90,1.00
2009.12.18 04:39:28.837,1.5354,1.5361,1.90,1.00
2009.12.18 04:39:29.167,1.53535,1.53605,1.20,1.20
2009.12.18 04:39:29.457,1.5354,1.5361,1.50,1.00
2009.12.18 04:39:29.697,1.53535,1.5361,1.00,1.40
2009.12.18 04:39:33.346,1.53545,1.53605,1.60,1.00
2009.12.18 04:39:35.725,1.53555,1.53605,1.60,1.00
2009.12.18 04:39:41.724,1.53545,1.536,1.60,1.00
2009.12.18 04:39:41.834,1.5353,1.53595,2.80,1.10
2009.12.18 04:39:43.224,1.53545,1.536,1.60,1.70
2009.12.18 04:39:48.642,1.53535,1.53595,1.60,1.20
2009.12.18 04:39:49.452,1.53545,1.536,1.60,1.70
2009.12.18 04:39:50.232,1.53535,1.536,1.60,1.70
2009.12.18 04:39:52.811,1.53545,1.53595,1.60,1.20
2009.12.18 04:39:53.031,1.53535,1.53595,1.60,1.20
2009.12.18 04:40:00.239,1.53545,1.53595,1.60,1.10
2009.12.18 04:40:00.469,1.53545,1.53595,1.60,1.00
2009.12.18 04:40:02.589,1.53535,1.5359,1.60,1.00
2009.12.18 04:40:04.149,1.53545,1.53595,1.60,1.40
2009.12.18 04:40:04.439,1.53535,1.53595,1.60,1.40
2009.12.18 04:40:07.418,1.53525,1.5359,1.60,1.00
2009.12.18 04:40:14.206,1.53525,1.5359,1.60,1.00
2009.12.18 04:40:14.666,1.53525,1.53585,1.60,1.00
2009.12.18 04:40:40.050,1.53515,1.5358,1.60,1.00
2009.12.18 04:40:40.899,1.53515,1.5358,1.60,1.00
2009.12.18 04:40:47.208,1.53505,1.53575,1.60,1.00
2009.12.18 04:40:47.498,1.53505,1.53585,1.60,2.40
2009.12.18 04:40:48.598,1.53515,1.53585,1.60,1.00
2009.12.18 04:41:02.305,1.53525,1.5358,1.60,1.00
2009.12.18 04:41:03.814,1.53515,1.5358,1.60,1.00
2009.12.18 04:41:04.274,1.53515,1.53585,1.60,1.00
2009.12.18 04:41:06.304,1.53515,1.53575,1.60,1.00
2009.12.18 04:41:06.983,1.53515,1.5357,1.60,1.00
2009.12.18 04:41:08.214,1.53515,1.53575,1.60,1.00
2009.12.18 04:41:08.553,1.53525,1.5358,1.60,1.00
2009.12.18 04:41:09.183,1.53515,1.5358,1.60,1.00
2009.12.18 04:41:47.024,1.53525,1.53575,1.60,1.00
2009.12.18 04:41:47.374,1.53525,1.5359,1.60,1.00
2009.12.18 04:41:51.473,1.53525,1.5358,1.60,1.00
2009.12.18 04:41:51.863,1.53515,1.5358,2.80,1.00
2009.12.18 04:41:52.553,1.53515,1.5358,1.60,1.00
2009.12.18 04:41:53.572,1.53515,1.5358,1.60,1.90
2009.12.18 04:41:53.912,1.5351,1.53575,1.00,2.70
2009.12.18 04:41:54.252,1.5351,1.5358,1.00,3.50
2009.12.18 04:41:55.182,1.53515,1.53575,1.00,3.50
2009.12.18 04:42:07.009,1.53515,1.53575,1.00,1.10
2009.12.18 04:42:08.159,1.53515,1.53575,1.70,1.10
2009.12.18 04:42:10.568,1.53515,1.53575,1.00,1.10
2009.12.18 04:42:10.678,1.53515,1.53575,1.70,1.10
2009.12.18 04:42:11.368,1.53505,1.53565,2.00,1.10
2009.12.18 04:42:11.748,1.5352,1.53585,1.60,2.70
2009.12.18 04:42:12.097,1.5352,1.5359,1.60,2.40
2009.12.18 04:42:12.438,1.5351,1.5359,2.80,2.30
2009.12.18 04:42:13.587,1.53525,1.53585,1.60,1.10
2009.12.18 04:42:14.387,1.53515,1.53585,2.80,1.10
2009.12.18 04:42:14.677,1.53525,1.53585,1.60,1.10
2009.12.18 04:42:15.147,1.53515,1.53585,2.70,1.10
2009.12.18 04:42:15.447,1.53525,1.53585,1.60,1.10
2009.12.18 04:42:15.787,1.53515,1.5358,1.60,1.20
2009.12.18 04:42:16.137,1.53515,1.5358,1.60,1.10
2009.12.18 04:42:16.496,1.53525,1.53585,1.60,1.00
2009.12.18 04:42:16.767,1.53525,1.53595,1.60,4.10
2009.12.18 04:42:17.296,1.53525,1.53595,1.70,3.20
2009.12.18 04:42:18.736,1.53535,1.53595,1.60,1.80
2009.12.18 04:42:19.756,1.53535,1.5359,1.60,1.80
2009.12.18 04:42:20.026,1.53525,1.5359,1.60,1.80
2009.12.18 04:42:20.296,1.53535,1.53595,1.60,1.50
2009.12.18 04:42:20.585,1.53535,1.53595,1.60,1.10
2009.12.18 04:42:25.845,1.53535,1.536,2.70,1.20
2009.12.18 04:42:27.804,1.53535,1.536,1.60,1.30
2009.12.18 04:42:29.094,1.53545,1.53595,1.60,1.10
2009.12.18 04:42:30.623,1.53535,1.53595,1.60,1.10
2009.12.18 04:42:30.904,1.53545,1.53605,1.60,2.40
2009.12.18 04:42:31.013,1.53545,1.53605,1.60,2.00
2009.12.18 04:42:33.622,1.53535,1.53605,1.60,2.00
2009.12.18 04:42:35.582,1.53535,1.536,1.60,2.00
2009.12.18 04:42:36.212,1.53535,1.53595,1.60,1.90
2009.12.18 04:42:39.661,1.53535,1.53595,1.60,3.50
2009.12.18 04:42:42.660,1.53535,1.53595,1.60,1.90
2009.12.18 04:42:45.040,1.53535,1.53595,1.60,1.10
2009.12.18 04:42:47.939,1.53535,1.53595,1.60,1.90
2009.12.18 04:42:48.669,1.53525,1.53595,1.60,3.50
2009.12.18 04:42:50.559,1.53535,1.536,1.60,2.40
2009.12.18 04:42:57.667,1.53535,1.53595,1.60,1.10
2009.12.18 04:42:58.188,1.53545,1.53605,1.60,2.30
2009.12.18 04:42:58.527,1.53535,1.536,1.60,2.00
2009.12.18 04:42:59.267,1.53535,1.536,1.60,2.10
2009.12.18 04:43:00.296,1.53535,1.53595,1.60,1.10
2009.12.18 04:43:00.946,1.53525,1.536,2.70,2.50
2009.12.18 04:43:02.706,1.53535,1.53595,1.60,1.10
2009.12.18 04:43:03.795,1.53535,1.53595,1.60,1.30
2009.12.18 04:43:04.025,1.53525,1.53595,1.60,4.40
2009.12.18 04:43:04.245,1.53535,1.536,1.60,2.80
2009.12.18 04:43:04.465,1.53535,1.536,1.60,2.10
2009.12.18 04:43:11.173,1.53525,1.53595,2.70,1.90
2009.12.18 04:43:11.353,1.53525,1.53595,2.70,2.90
2009.12.18 04:43:11.513,1.53535,1.53595,1.60,2.70
2009.12.18 04:43:11.613,1.53535,1.536,1.60,2.80
2009.12.18 04:43:12.363,1.53535,1.536,1.60,2.10
2009.12.18 04:43:13.443,1.53525,1.53595,1.60,3.60
2009.12.18 04:43:13.683,1.53525,1.53595,1.60,4.40
2009.12.18 04:43:15.153,1.53525,1.5359,1.60,1.80
2009.12.18 04:43:16.042,1.53525,1.5358,1.60,1.00
2009.12.18 04:43:17.312,1.53525,1.53585,1.60,1.00
2009.12.18 04:43:20.991,1.53525,1.53585,1.60,1.00
2009.12.18 04:43:30.119,1.53535,1.53585,1.60,1.00
2009.12.18 04:43:35.887,1.53535,1.53585,3.10,1.00
2009.12.18 04:43:36.127,1.53535,1.5359,3.10,1.00
2009.12.18 04:43:38.437,1.53545,1.5359,1.60,1.00
2009.12.18 04:43:41.156,1.53545,1.53595,1.60,1.00
2009.12.18 04:43:42.326,1.53535,1.53595,1.60,1.00
2009.12.18 04:43:47.015,1.53535,1.53595,1.60,1.20
2009.12.18 04:43:47.125,1.53535,1.5359,1.60,1.00
2009.12.18 04:43:47.355,1.53535,1.53595,1.60,1.10
2009.12.18 04:43:54.343,1.53535,1.53595,1.70,1.20
2009.12.18 04:43:54.863,1.53535,1.536,2.70,1.00
2009.12.18 04:43:55.143,1.53535,1.536,1.60,2.00
2009.12.18 04:44:00.931,1.53535,1.53595,1.60,1.50
2009.12.18 04:44:07.660,1.53525,1.53595,3.60,1.50
2009.12.18 04:44:13.488,1.53525,1.5359,3.50,1.00
2009.12.18 04:44:13.828,1.53525,1.5359,1.60,3.20
2009.12.18 04:44:14.178,1.53515,1.5358,1.60,2.00
2009.12.18 04:44:15.238,1.53515,1.5357,1.70,1.60
2009.12.18 04:44:15.938,1.53515,1.5357,1.00,1.60
2009.12.18 04:44:20.987,1.53505,1.53565,1.70,1.10
2009.12.18 04:44:32.984,1.5351,1.53565,1.00,1.10
2009.12.18 04:44:49.800,1.53515,1.53565,1.60,1.10
2009.12.18 04:44:50.559,1.5351,1.5357,1.00,1.60
2009.12.18 04:44:59.877,1.53515,1.53565,1.60,1.10
2009.12.18 04:45:00.167,1.5351,1.5357,1.00,1.60
2009.12.18 04:45:05.546,1.53505,1.5356,1.70,1.10
2009.12.18 04:45:07.006,1.53505,1.53565,1.60,1.60
2009.12.18 04:45:09.275,1.53505,1.53565,1.60,1.00
2009.12.18 04:45:09.565,1.53505,1.5357,1.60,1.50
2009.12.18 04:45:10.195,1.53505,1.5357,1.60,1.10
2009.12.18 04:45:10.545,1.53515,1.5357,1.60,1.10
2009.12.18 04:45:16.893,1.53505,1.5357,1.60,1.10
2009.12.18 04:45:20.712,1.53515,1.53575,1.60,1.50
2009.12.18 04:45:21.302,1.53515,1.53575,1.60,1.10
2009.12.18 04:45:27.921,1.53505,1.5357,2.70,1.00
2009.12.18 04:45:28.040,1.53505,1.5357,1.60,1.60
2009.12.18 04:45:30.110,1.53505,1.5357,1.60,1.80
2009.12.18 04:45:30.970,1.53505,1.5357,4.80,1.60
2009.12.18 04:45:31.440,1.53505,1.5357,4.80,1.20
2009.12.18 04:45:32.069,1.53505,1.5357,5.00,1.20
2009.12.18 04:45:33.159,1.53505,1.5357,4.80,1.20
2009.12.18 04:45:38.238,1.53515,1.5357,1.60,1.20
2009.12.18 04:45:38.978,1.53515,1.5357,1.60,1.40
2009.12.18 04:45:39.098,1.53505,1.5357,4.80,1.40
2009.12.18 04:45:40.607,1.53505,1.53575,5.00,4.80
2009.12.18 04:45:40.877,1.5353,1.5358,1.60,1.00
2009.12.18 04:45:41.177,1.5353,1.53595,1.60,2.50
2009.12.18 04:45:41.507,1.5353,1.53605,3.60,3.50
2009.12.18 04:45:41.857,1.5353,1.53605,3.20,3.50
2009.12.18 04:45:43.257,1.53545,1.53595,3.20,1.00
2009.12.18 04:45:43.367,1.53545,1.5359,1.60,1.00
2009.12.18 04:45:48.655,1.53545,1.53595,1.60,1.00
2009.12.18 04:45:53.745,1.53545,1.5359,3.20,1.00
2009.12.18 04:46:01.812,1.53545,1.536,3.20,1.00
2009.12.18 04:46:04.612,1.53545,1.53595,3.20,1.00
2009.12.18 04:46:04.901,1.53545,1.53595,1.60,1.00
2009.12.18 04:46:06.421,1.53535,1.53595,4.70,1.00
2009.12.18 04:46:07.751,1.5354,1.536,1.00,1.10
2009.12.18 04:46:08.031,1.53535,1.536,4.70,1.10
2009.12.18 04:46:09.471,1.53535,1.53605,4.70,5.90
2009.12.18 04:46:09.640,1.53535,1.536,2.00,2.60
2009.12.18 04:46:09.860,1.5353,1.53595,1.00,5.60
2009.12.18 04:46:10.140,1.5353,1.5359,1.00,2.70
2009.12.18 04:46:10.440,1.53525,1.5359,1.60,3.20
2009.12.18 04:46:11.300,1.53525,1.53585,1.70,1.10
2009.12.18 04:46:12.190,1.53525,1.53585,1.60,1.10
2009.12.18 04:46:12.900,1.5352,1.5357,1.00,1.00
2009.12.18 04:46:13.300,1.5352,1.5358,1.00,3.40
2009.12.18 04:46:13.530,1.53525,1.5358,1.60,3.40
2009.12.18 04:46:14.009,1.53525,1.5359,1.60,6.00
2009.12.18 04:46:14.640,1.53525,1.5359,1.60,4.90
2009.12.18 04:46:14.979,1.53525,1.53585,1.60,3.00
2009.12.18 04:46:15.319,1.5352,1.53575,1.00,3.20
2009.12.18 04:46:15.659,1.53515,1.53575,2.10,1.10
2009.12.18 04:46:15.999,1.53525,1.5358,1.60,3.40
2009.12.18 04:46:20.538,1.5352,1.53575,1.10,1.60
2009.12.18 04:46:20.888,1.53525,1.53585,1.60,3.60
2009.12.18 04:46:23.197,1.53525,1.5359,1.60,3.90
2009.12.18 04:46:34.035,1.53525,1.53585,1.60,1.60
2009.12.18 04:46:34.264,1.53525,1.5359,1.60,3.60
2009.12.18 04:46:36.174,1.53535,1.53595,4.30,2.50
2009.12.18 04:46:36.294,1.53535,1.536,4.30,2.20
2009.12.18 04:46:36.454,1.53535,1.536,4.80,2.20
2009.12.18 04:46:39.283,1.53535,1.5359,4.80,1.00
2009.12.18 04:46:41.283,1.53535,1.53595,4.80,1.90
2009.12.18 04:46:43.202,1.53535,1.536,4.80,1.90
2009.12.18 04:46:44.192,1.53535,1.53595,3.20,1.70
2009.12.18 04:46:48.001,1.53535,1.53595,4.80,1.70
2009.12.18 04:46:48.231,1.53535,1.53595,3.20,4.40
2009.12.18 04:46:48.461,1.53535,1.53595,3.20,5.20
2009.12.18 04:46:50.061,1.53535,1.5359,3.20,1.00
2009.12.18 04:46:51.100,1.53535,1.53595,3.20,5.20
2009.12.18 04:46:51.280,1.5353,1.5359,1.00,3.60
2009.12.18 04:46:51.450,1.53525,1.5359,2.00,3.60
2009.12.18 04:46:51.800,1.53525,1.5359,1.60,3.60
2009.12.18 04:46:58.419,1.53525,1.5359,1.60,1.90
2009.12.18 04:46:58.648,1.53535,1.53595,3.20,1.70
2009.12.18 04:46:59.288,1.53535,1.53595,3.20,1.90
2009.12.18 04:46:59.458,1.53535,1.5359,3.20,1.60
2009.12.18 04:47:08.066,1.53535,1.53585,1.60,1.60
2009.12.18 04:47:09.086,1.53535,1.5359,1.60,1.70
2009.12.18 04:47:09.206,1.53535,1.53575,1.60,1.60
2009.12.18 04:47:09.376,1.53525,1.53575,1.00,5.50
2009.12.18 04:47:09.716,1.5351,1.53575,1.60,5.50
2009.12.18 04:47:10.446,1.5351,1.5357,1.60,5.70
2009.12.18 04:47:10.866,1.5351,1.53565,1.60,3.70
2009.12.18 04:47:11.286,1.5351,1.5355,1.60,1.10
2009.12.18 04:47:11.516,1.535,1.53545,1.00,3.20
2009.12.18 04:47:11.866,1.53475,1.53545,1.60,3.20
2009.12.18 04:47:12.036,1.5348,1.53545,1.00,3.20
2009.12.18 04:47:13.005,1.5348,1.53535,1.70,3.20
2009.12.18 04:47:13.185,1.53485,1.53545,1.50,1.00
2009.12.18 04:47:13.535,1.53485,1.5355,1.50,2.00
2009.12.18 04:47:13.715,1.53485,1.53555,1.50,3.90
2009.12.18 04:47:14.565,1.5348,1.5353,1.00,3.10
2009.12.18 04:47:14.905,1.53445,1.5352,1.00,3.50
2009.12.18 04:47:15.195,1.53445,1.5352,1.00,3.20
2009.12.18 04:47:16.055,1.53455,1.5351,1.00,3.30
2009.12.18 04:47:16.584,1.5345,1.53515,1.00,3.30
2009.12.18 04:47:16.814,1.5345,1.53515,1.70,3.30
2009.12.18 04:47:16.984,1.5346,1.53515,1.00,3.20
2009.12.18 04:47:18.144,1.53465,1.5351,1.00,1.00
2009.12.18 04:47:18.314,1.53465,1.53515,1.60,2.80
2009.12.18 04:47:18.484,1.53465,1.53515,1.60,1.20
2009.12.18 04:47:18.654,1.53465,1.53515,1.60,1.00
2009.12.18 04:47:19.344,1.5347,1.5352,1.10,1.00
2009.12.18 04:47:19.514,1.5347,1.5352,1.60,1.00
2009.12.18 04:47:19.873,1.5347,1.5353,1.60,1.00
2009.12.18 04:47:20.033,1.5347,1.53535,1.60,1.60
2009.12.18 04:47:21.023,1.53475,1.53535,1.00,1.60
2009.12.18 04:47:31.761,1.5347,1.53535,1.70,1.60
2009.12.18 04:47:31.931,1.5347,1.53535,1.60,1.60
2009.12.18 04:47:33.210,1.53475,1.53535,1.00,1.60
2009.12.18 04:47:36.100,1.5347,1.53515,1.00,1.10
2009.12.18 04:47:36.269,1.53465,1.53515,2.00,1.50
2009.12.18 04:47:36.439,1.5346,1.53505,1.00,1.10
2009.12.18 04:47:36.670,1.53435,1.53505,1.00,1.10
2009.12.18 04:47:36.839,1.53435,1.53505,1.00,1.50
2009.12.18 04:47:37.819,1.5344,1.5349,1.00,1.60
2009.12.18 04:47:38.779,1.53435,1.5349,1.60,1.60
2009.12.18 04:47:42.258,1.53435,1.5349,1.60,1.60
2009.12.18 04:47:42.488,1.53435,1.53495,1.70,1.50
2009.12.18 04:47:42.778,1.53435,1.53495,4.10,1.50
2009.12.18 04:47:43.008,1.53435,1.53495,4.10,1.10
2009.12.18 04:47:43.248,1.53435,1.53495,3.30,1.10
2009.12.18 04:47:44.228,1.5344,1.53495,1.00,1.10
2009.12.18 04:47:44.918,1.53435,1.53495,3.20,1.10
2009.12.18 04:47:46.348,1.53435,1.53495,3.20,2.70
2009.12.18 04:47:48.088,1.5345,1.53495,2.00,2.70
2009.12.18 04:47:48.308,1.53455,1.53505,1.10,1.00
2009.12.18 04:47:48.477,1.5345,1.53505,1.60,1.00
2009.12.18 04:47:48.587,1.5345,1.53515,1.60,1.00
2009.12.18 04:47:48.707,1.53445,1.53515,1.50,2.00
2009.12.18 04:47:48.767,1.53445,1.53515,1.00,2.00
2009.12.18 04:47:48.887,1.53445,1.53515,1.00,1.00
2009.12.18 04:47:49.007,1.5344,1.53525,2.80,1.60
2009.12.18 04:47:49.777,1.53455,1.53525,1.60,1.60
2009.12.18 04:47:50.637,1.5345,1.53515,1.50,1.60
2009.12.18 04:47:50.797,1.5345,1.53515,1.00,1.60
2009.12.18 04:47:50.977,1.5345,1.535,1.00,1.10
2009.12.18 04:47:51.147,1.5344,1.535,1.00,1.50
2009.12.18 04:47:51.597,1.5343,1.535,1.00,1.50
2009.12.18 04:47:51.927,1.53435,1.535,1.60,1.50
2009.12.18 04:47:52.276,1.53435,1.53495,3.20,2.30
2009.12.18 04:47:52.516,1.53435,1.53495,3.30,1.50
2009.12.18 04:47:52.756,1.53435,1.53495,3.30,1.10
2009.12.18 04:47:53.056,1.5344,1.53495,1.00,1.10
2009.12.18 04:47:53.276,1.5344,1.53495,1.00,1.10
2009.12.18 04:47:53.786,1.5345,1.53495,1.00,1.10
2009.12.18 04:47:54.026,1.53445,1.53495,1.00,1.10
2009.12.18 04:47:54.256,1.5345,1.53495,1.00,1.10
2009.12.18 04:47:54.526,1.53445,1.53495,1.00,1.10
2009.12.18 04:47:54.866,1.53445,1.5349,1.00,1.10
2009.12.18 04:47:55.226,1.53435,1.5349,3.20,1.10
2009.12.18 04:47:55.566,1.53445,1.5349,1.00,1.10
2009.12.18 04:47:58.465,1.53435,1.5349,1.60,1.10
2009.12.18 04:47:58.695,1.5343,1.53485,1.00,1.00
2009.12.18 04:47:58.975,1.53425,1.5348,2.10,1.10
2009.12.18 04:47:59.455,1.53425,1.5347,1.00,1.10
2009.12.18 04:47:59.685,1.53425,1.5347,1.00,1.10
2009.12.18 04:48:01.594,1.53415,1.5347,1.70,1.10
2009.12.18 04:48:07.903,1.5342,1.5347,1.00,1.10
2009.12.18 04:48:08.193,1.5342,1.5346,1.00,1.60
2009.12.18 04:48:09.663,1.53415,1.5346,1.00,1.60
2009.12.18 04:48:14.541,1.53415,1.53465,1.60,1.10
2009.12.18 04:48:14.711,1.53415,1.5347,1.60,1.00
2009.12.18 04:48:14.871,1.5342,1.5347,2.70,1.00
2009.12.18 04:48:14.991,1.5343,1.53485,1.10,1.00
2009.12.18 04:48:15.321,1.53435,1.535,1.60,1.50
2009.12.18 04:48:16.011,1.53435,1.535,1.60,1.10
2009.12.18 04:48:16.491,1.53435,1.53505,2.70,3.10
2009.12.18 04:48:18.700,1.53435,1.53505,2.70,3.90
2009.12.18 04:48:19.400,1.53435,1.53505,2.70,3.10
2009.12.18 04:48:20.829,1.53435,1.53505,2.70,2.70
2009.12.18 04:48:24.379,1.5344,1.53505,1.60,1.60
2009.12.18 04:48:24.659,1.5344,1.5351,1.00,1.10
2009.12.18 04:48:24.889,1.5344,1.53505,1.00,1.60
2009.12.18 04:48:25.219,1.53435,1.53505,1.60,1.60
2009.12.18 04:48:25.568,1.53435,1.535,1.60,1.10
2009.12.18 04:48:25.908,1.53435,1.53505,1.60,1.60
2009.12.18 04:48:26.498,1.53435,1.53505,2.40,1.60
2009.12.18 04:48:27.568,1.53435,1.53475,1.00,1.00
2009.12.18 04:48:27.628,1.5343,1.5347,1.00,1.10
2009.12.18 04:48:28.208,1.53405,1.5349,1.60,3.10
2009.12.18 04:48:28.858,1.53405,1.53475,1.60,2.70
2009.12.18 04:48:29.198,1.53405,1.53475,1.80,2.70
2009.12.18 04:48:30.137,1.53415,1.53475,1.00,2.70
2009.12.18 04:48:30.477,1.53415,1.53475,1.00,2.70
2009.12.18 04:48:31.147,1.5341,1.53475,2.60,2.70
2009.12.18 04:48:41.755,1.53415,1.53475,1.60,1.60
2009.12.18 04:48:41.874,1.5342,1.5348,1.00,1.00
2009.12.18 04:48:42.675,1.5342,1.53485,2.60,1.60
2009.12.18 04:48:43.025,1.53425,1.5349,1.20,1.00
2009.12.18 04:48:43.354,1.53425,1.53485,2.00,1.60
2009.12.18 04:48:46.603,1.5343,1.53485,1.60,1.60
2009.12.18 04:48:46.824,1.5343,1.53495,1.60,2.70
2009.12.18 04:48:47.513,1.5344,1.53495,1.10,1.00
2009.12.18 04:48:47.843,1.5344,1.53505,1.60,2.10
2009.12.18 04:48:48.063,1.5344,1.53505,1.60,1.70
2009.12.18 04:48:48.353,1.53455,1.535,1.10,1.00
2009.12.18 04:48:49.213,1.53455,1.5351,1.10,1.00
2009.12.18 04:48:51.722,1.5345,1.535,1.10,1.00
2009.12.18 04:48:53.272,1.5345,1.5351,1.20,1.00
2009.12.18 04:48:53.552,1.53445,1.53505,1.00,1.60
2009.12.18 04:48:53.772,1.5344,1.53495,1.00,1.10
2009.12.18 04:48:53.992,1.53435,1.53495,1.60,1.10
2009.12.18 04:48:54.431,1.53425,1.5349,2.80,1.10
2009.12.18 04:48:54.782,1.53435,1.5349,1.60,1.10
2009.12.18 04:48:55.122,1.53425,1.5349,1.60,1.10
2009.12.18 04:48:56.031,1.53435,1.53495,1.60,1.10
2009.12.18 04:48:57.801,1.53425,1.53495,4.00,2.70
2009.12.18 04:48:57.981,1.5343,1.53495,1.00,2.70
2009.12.18 04:48:58.500,1.53425,1.53495,4.00,2.70
2009.12.18 04:49:00.880,1.53425,1.53495,4.00,1.60
2009.12.18 04:49:01.050,1.53435,1.53505,1.60,3.10
2009.12.18 04:49:01.270,1.5343,1.53495,1.00,2.70
2009.12.18 04:49:01.450,1.53425,1.53495,2.70,2.70
2009.12.18 04:49:01.670,1.53425,1.53485,1.60,1.10
2009.12.18 04:49:01.850,1.5343,1.53485,1.00,1.10
2009.12.18 04:49:03.889,1.53425,1.53485,1.00,2.70
2009.12.18 04:49:04.229,1.53425,1.53475,1.00,1.60
2009.12.18 04:49:04.699,1.53415,1.53475,3.70,1.60
2009.12.18 04:49:04.869,1.53415,1.53475,3.60,1.60
2009.12.18 04:49:04.989,1.53415,1.53465,2.00,1.60
2009.12.18 04:49:05.109,1.5341,1.53465,1.00,1.10
2009.12.18 04:49:05.459,1.53415,1.53475,1.60,3.60
2009.12.18 04:49:05.809,1.53415,1.53475,1.60,3.20
2009.12.18 04:49:07.308,1.53415,1.53475,1.60,3.30
2009.12.18 04:49:08.058,1.53415,1.53475,1.70,3.30
2009.12.18 04:49:09.488,1.53415,1.53475,1.70,1.70
2009.12.18 04:49:09.898,1.53415,1.5347,1.60,1.20
2009.12.18 04:49:10.068,1.53415,1.5347,1.60,1.00
2009.12.18 04:49:10.588,1.53415,1.53465,1.60,1.60
2009.12.18 04:49:10.828,1.534,1.53455,0.10,2.70
2009.12.18 04:49:21.465,1.534,1.53455,0.80,3.10
2009.12.18 04:49:21.695,1.53405,1.53455,1.60,1.00
2009.12.18 04:49:21.875,1.53405,1.5346,1.60,1.00
2009.12.18 04:49:22.275,1.53405,1.53465,1.60,4.00
2009.12.18 04:49:23.215,1.53405,1.53465,1.70,3.20
2009.12.18 04:49:24.014,1.5341,1.53465,1.00,3.20
2009.12.18 04:49:24.134,1.5341,1.53465,1.00,3.20
2009.12.18 04:49:25.174,1.53415,1.53465,1.00,3.20
2009.12.18 04:49:25.464,1.53415,1.53465,1.00,1.60
2009.12.18 04:49:26.404,1.53415,1.53475,1.70,2.90
2009.12.18 04:49:27.543,1.53415,1.53475,1.70,2.50
2009.12.18 04:49:28.173,1.53415,1.53475,3.40,1.60
2009.12.18 04:49:28.813,1.53415,1.53475,1.60,1.60
2009.12.18 04:49:28.983,1.5341,1.53475,1.60,2.40
2009.12.18 04:49:29.313,1.5341,1.53475,1.20,2.40
2009.12.18 04:49:42.600,1.53415,1.53475,1.00,2.40
2009.12.18 04:49:44.040,1.5341,1.53475,1.20,2.40
2009.12.18 04:50:05.114,1.5341,1.53475,1.10,2.50
2009.12.18 04:50:05.294,1.5341,1.53475,1.10,4.10
2009.12.18 04:50:05.585,1.5341,1.5347,1.00,1.00
2009.12.18 04:50:22.310,1.53425,1.5347,1.60,1.00
2009.12.18 04:50:22.470,1.53415,1.53475,1.60,2.00
2009.12.18 04:50:22.710,1.5341,1.5348,1.00,5.20
2009.12.18 04:50:22.890,1.53405,1.53475,1.00,4.70
2009.12.18 04:50:23.350,1.53405,1.53475,4.80,4.70
2009.12.18 04:50:24.210,1.5341,1.53475,1.00,4.70
2009.12.18 04:50:24.430,1.53425,1.5348,1.60,2.80
2009.12.18 04:50:24.590,1.53425,1.5348,1.60,1.00
2009.12.18 04:50:24.820,1.53425,1.53485,1.60,2.80
2009.12.18 04:50:27.039,1.5342,1.53475,1.60,1.60
2009.12.18 04:50:27.149,1.53415,1.53475,1.00,4.70
2009.12.18 04:50:27.249,1.5341,1.53475,1.00,3.10
2009.12.18 04:50:27.369,1.53415,1.53475,1.00,4.70
2009.12.18 04:50:27.539,1.53405,1.53475,4.80,4.70
2009.12.18 04:50:28.339,1.5341,1.53475,1.00,3.10
2009.12.18 04:50:29.199,1.53425,1.5348,1.60,2.00
2009.12.18 04:50:29.439,1.53425,1.5348,1.60,1.60
2009.12.18 04:50:31.488,1.53415,1.53475,1.00,4.70
2009.12.18 04:50:31.728,1.53405,1.53475,4.80,3.10
2009.12.18 04:50:33.118,1.5341,1.53475,1.00,3.10
2009.12.18 04:50:33.278,1.53415,1.53475,1.60,1.50
2009.12.18 04:50:33.447,1.53415,1.5348,2.80,2.40
2009.12.18 04:50:33.558,1.53415,1.5348,2.80,1.60
2009.12.18 04:50:33.728,1.53425,1.5348,1.60,1.10
2009.12.18 04:50:33.908,1.5343,1.53485,2.70,1.20
2009.12.18 04:50:34.018,1.5343,1.53485,2.70,1.00
2009.12.18 04:50:34.187,1.53435,1.5349,1.60,1.00
2009.12.18 04:50:34.418,1.53435,1.53495,1.60,2.10
2009.12.18 04:50:34.657,1.53435,1.535,1.60,3.70
2009.12.18 04:50:36.197,1.5343,1.5349,1.00,1.10
2009.12.18 04:50:36.377,1.5343,1.53485,1.00,1.60
2009.12.18 04:50:36.557,1.5342,1.53485,1.50,1.60
2009.12.18 04:50:37.267,1.5342,1.53485,1.10,1.60
2009.12.18 04:50:38.246,1.5342,1.53485,1.10,2.00
2009.12.18 04:50:38.596,1.53415,1.5348,3.20,1.10
2009.12.18 04:50:38.936,1.53415,1.5348,2.80,1.10
2009.12.18 04:50:39.566,1.5343,1.5348,1.60,1.10
2009.12.18 04:50:39.906,1.5343,1.5349,2.70,1.00
2009.12.18 04:50:42.036,1.5343,1.53485,2.70,1.00
2009.12.18 04:50:42.155,1.53425,1.5348,1.00,1.10
2009.12.18 04:50:42.375,1.5342,1.53485,1.00,3.10
2009.12.18 04:50:42.775,1.53415,1.5348,2.80,1.10
2009.12.18 04:50:43.975,1.53415,1.5348,2.80,1.20
2009.12.18 04:50:44.205,1.53415,1.5348,2.80,1.20
2009.12.18 04:50:47.634,1.53415,1.53475,1.10,3.20
2009.12.18 04:50:47.744,1.5341,1.53475,1.00,4.80
2009.12.18 04:50:47.914,1.5341,1.53475,1.00,4.80
2009.12.18 04:50:49.184,1.5341,1.53475,1.00,5.00
2009.12.18 04:51:03.380,1.53415,1.53475,1.00,4.80
2009.12.18 04:51:04.950,1.5341,1.5346,1.00,1.60
2009.12.18 04:51:13.398,1.53405,1.5346,3.20,1.60
2009.12.18 04:51:13.518,1.5341,1.53465,1.00,1.10
2009.12.18 04:51:13.638,1.53415,1.5347,1.10,1.00
2009.12.18 04:51:13.918,1.53415,1.53475,1.10,1.60
2009.12.18 04:51:14.498,1.5341,1.53475,1.20,2.80
2009.12.18 04:51:15.598,1.5341,1.53475,1.20,4.00
2009.12.18 04:51:15.987,1.53405,1.5347,1.20,1.90
2009.12.18 04:51:16.328,1.53405,1.53465,1.20,2.40
2009.12.18 04:51:16.557,1.534,1.53465,1.00,3.50
2009.12.18 04:51:16.857,1.53395,1.53465,3.40,3.90
2009.12.18 04:51:17.387,1.53395,1.53465,3.40,3.50
2009.12.18 04:51:23.885,1.53395,1.53455,1.80,1.60
2009.12.18 04:51:32.313,1.5341,1.53465,1.10,2.80
2009.12.18 04:51:32.483,1.5341,1.53465,3.20,2.00
2009.12.18 04:51:32.653,1.5341,1.5347,3.20,1.00
2009.12.18 04:51:32.873,1.5341,1.53475,3.20,2.40
2009.12.18 04:51:35.023,1.5341,1.53475,3.40,2.40
2009.12.18 04:51:38.152,1.5341,1.5347,3.20,1.00
2009.12.18 04:51:38.792,1.53405,1.53465,1.00,1.60
2009.12.18 04:51:39.082,1.53405,1.53465,1.00,1.60
2009.12.18 04:51:40.611,1.534,1.53465,1.60,1.70
2009.12.18 04:51:41.181,1.53405,1.53465,1.00,1.60
2009.12.18 04:51:52.929,1.534,1.53465,1.60,1.60
2009.12.18 04:51:53.048,1.534,1.53465,1.60,1.70
2009.12.18 04:51:54.578,1.53405,1.53465,1.00,1.60
2009.12.18 04:51:54.688,1.53405,1.53465,1.00,2.70
2009.12.18 04:51:54.748,1.53395,1.53465,3.20,2.70
2009.12.18 04:51:56.058,1.53395,1.53465,3.20,2.80
2009.12.18 04:52:00.507,1.5341,1.53465,1.10,1.00
2009.12.18 04:52:00.747,1.53415,1.53465,1.00,1.10
2009.12.18 04:52:00.967,1.53405,1.53465,1.00,2.70
2009.12.18 04:52:01.247,1.53395,1.53465,3.20,3.50
2009.12.18 04:52:01.476,1.53395,1.53465,3.60,2.70
2009.12.18 04:52:01.826,1.53395,1.53465,3.20,2.70
2009.12.18 04:52:02.186,1.53395,1.53465,3.20,3.50
2009.12.18 04:52:03.416,1.53415,1.53465,1.60,1.00
2009.12.18 04:52:03.646,1.53405,1.5347,2.10,1.00
2009.12.18 04:52:03.826,1.53405,1.53475,1.00,3.10
2009.12.18 04:52:04.296,1.53405,1.53465,1.00,1.10
2009.12.18 04:52:04.476,1.53405,1.53465,1.70,1.10
2009.12.18 04:52:06.125,1.53405,1.53465,1.60,1.10
2009.12.18 04:52:07.615,1.534,1.53465,1.00,2.70
2009.12.18 04:52:09.644,1.53395,1.53465,3.20,2.70
2009.12.18 04:52:09.824,1.53395,1.5346,2.10,1.60
2009.12.18 04:52:10.224,1.53395,1.5346,1.70,1.60
2009.12.18 04:52:11.264,1.53395,1.5346,1.60,1.60
2009.12.18 04:52:21.411,1.53395,1.5346,1.70,1.60
2009.12.18 04:52:31.839,1.53405,1.5346,1.70,1.60
2009.12.18 04:52:32.069,1.53405,1.53465,1.70,1.70
2009.12.18 04:52:37.888,1.53405,1.53465,3.30,1.70
2009.12.18 04:52:46.796,1.53405,1.5347,5.00,1.00
2009.12.18 04:52:50.735,1.53405,1.53475,5.00,5.80
2009.12.18 04:52:51.135,1.53405,1.53475,5.00,5.00
2009.12.18 04:52:53.144,1.53415,1.53475,2.70,1.60
2009.12.18 04:52:53.314,1.53415,1.53475,2.70,1.00
2009.12.18 04:53:05.011,1.53415,1.53475,2.70,1.00
2009.12.18 04:53:16.578,1.53425,1.5348,1.00,1.90
2009.12.18 04:53:16.928,1.5343,1.53485,2.80,1.00
2009.12.18 04:53:17.038,1.5343,1.5349,3.20,2.00
2009.12.18 04:53:17.328,1.5343,1.5349,3.20,1.60
2009.12.18 04:53:18.178,1.5344,1.5349,1.00,1.60
2009.12.18 04:53:19.048,1.53445,1.5349,1.00,1.60
2009.12.18 04:53:20.467,1.5344,1.5348,1.00,1.60
2009.12.18 04:53:23.587,1.5344,1.5348,1.00,2.70
2009.12.18 04:53:23.757,1.5343,1.5348,1.00,2.70
2009.12.18 04:53:24.347,1.5343,1.5348,1.00,2.70
2009.12.18 04:53:24.636,1.53405,1.53465,1.00,1.50
2009.12.18 04:53:26.186,1.53405,1.5346,1.00,1.50
2009.12.18 04:53:31.205,1.5341,1.5346,1.00,1.50
2009.12.18 04:53:31.485,1.5341,1.5346,1.00,1.50
2009.12.18 04:53:31.785,1.5341,1.53465,1.00,1.10
2009.12.18 04:53:33.704,1.53405,1.53465,1.00,2.70
2009.12.18 04:53:33.884,1.53395,1.5346,2.10,1.60
2009.12.18 04:53:34.234,1.53395,1.5346,1.70,1.60
2009.12.18 04:53:35.054,1.53395,1.5346,1.60,1.60
2009.12.18 04:53:36.743,1.534,1.5346,1.00,1.60
2009.12.18 04:53:42.133,1.53415,1.5346,1.00,1.10
2009.12.18 04:53:42.342,1.53415,1.53465,1.00,2.50
2009.12.18 04:53:42.464,1.534,1.53465,1.60,1.00
2009.12.18 04:53:42.642,1.534,1.5347,1.60,2.40
2009.12.18 04:53:42.762,1.5339,1.53465,2.10,1.60
2009.12.18 04:53:42.942,1.5339,1.53465,1.70,1.60
2009.12.18 04:53:43.622,1.534,1.53455,1.00,1.60
2009.12.18 04:53:44.022,1.534,1.53455,1.00,2.70
2009.12.18 04:53:44.252,1.5341,1.53455,1.00,2.70
2009.12.18 04:53:45.631,1.5341,1.53465,1.00,3.10
2009.12.18 04:53:45.901,1.53405,1.53465,1.00,4.70
2009.12.18 04:53:46.191,1.53405,1.53465,1.00,3.60
2009.12.18 04:53:46.761,1.53405,1.53465,1.00,1.10
2009.12.18 04:53:47.061,1.53405,1.53465,1.00,4.80
2009.12.18 04:53:49.580,1.534,1.5346,1.00,1.00
2009.12.18 04:53:49.741,1.534,1.5346,1.00,1.60
2009.12.18 04:54:02.587,1.53395,1.5346,1.70,1.60
2009.12.18 04:54:05.396,1.53395,1.5346,3.30,1.60
2009.12.18 04:54:05.567,1.53405,1.53465,1.00,5.60
2009.12.18 04:54:06.597,1.53405,1.53465,1.00,4.80
2009.12.18 04:54:07.786,1.53405,1.53465,1.00,4.30
2009.12.18 04:54:07.956,1.53415,1.53465,1.60,2.70
2009.12.18 04:54:08.126,1.53405,1.5347,4.80,1.00
2009.12.18 04:54:08.296,1.53405,1.5347,1.60,1.10
2009.12.18 04:54:08.476,1.53405,1.5347,2.00,1.10
2009.12.18 04:54:08.816,1.53405,1.53475,1.60,5.80
2009.12.18 04:54:14.564,1.53405,1.5347,3.20,1.20
2009.12.18 04:54:14.675,1.53405,1.5347,3.60,1.20
2009.12.18 04:54:14.794,1.53405,1.5347,4.70,1.00
2009.12.18 04:54:18.233,1.53405,1.53465,4.70,1.60
2009.12.18 04:54:20.753,1.53405,1.53465,3.10,1.60
2009.12.18 04:54:21.483,1.53405,1.53465,4.80,1.60
2009.12.18 04:54:23.972,1.53405,1.53475,4.80,6.20
2009.12.18 04:54:24.372,1.53405,1.53475,4.80,5.80
2009.12.18 04:54:27.241,1.53405,1.5347,4.70,1.00
2009.12.18 04:54:27.411,1.53405,1.53465,2.80,1.60
2009.12.18 04:54:27.691,1.53415,1.53475,1.60,6.20
2009.12.18 04:54:27.931,1.53415,1.53475,1.60,5.80
2009.12.18 04:54:35.139,1.53405,1.53475,4.80,5.80
2009.12.18 04:54:35.599,1.53405,1.53475,4.80,5.00
2009.12.18 04:54:38.779,1.53405,1.5347,4.70,1.00
2009.12.18 04:54:42.478,1.53405,1.5347,1.60,1.10
2009.12.18 04:54:55.704,1.53405,1.5347,1.60,1.90
2009.12.18 04:55:02.963,1.53405,1.5347,1.60,2.00
2009.12.18 04:55:10.711,1.534,1.53465,1.10,1.60
2009.12.18 04:55:11.061,1.53395,1.5346,3.30,1.60
2009.12.18 04:55:38.404,1.53405,1.5346,1.70,1.60
2009.12.18 04:55:53.451,1.53405,1.5346,1.60,1.60
2009.12.18 04:55:53.620,1.53415,1.5347,1.10,1.00
2009.12.18 04:55:54.500,1.53415,1.53475,1.10,2.80
2009.12.18 04:55:54.730,1.53415,1.53475,1.10,2.40
2009.12.18 04:55:56.100,1.53415,1.53475,1.20,2.40
2009.12.18 04:56:11.826,1.53415,1.53475,1.20,1.60
2009.12.18 04:56:15.075,1.53415,1.53465,1.20,1.60
2009.12.18 04:56:15.226,1.53405,1.5346,2.10,1.60
2009.12.18 04:56:15.505,1.53405,1.5346,1.70,1.60
2009.12.18 04:56:16.005,1.5341,1.5346,1.00,1.60
2009.12.18 04:56:16.365,1.5341,1.5346,1.00,1.60
2009.12.18 04:56:23.064,1.53405,1.5346,1.70,1.60
2009.12.18 04:56:23.234,1.53405,1.5345,1.70,1.60
2009.12.18 04:56:26.633,1.5341,1.5345,1.00,1.60
2009.12.18 04:56:26.813,1.53405,1.5346,1.70,1.60
2009.12.18 04:56:30.781,1.53405,1.5345,1.70,1.60
2009.12.18 04:56:35.730,1.53405,1.5346,1.70,2.70
2009.12.18 04:56:35.850,1.53405,1.5346,1.70,1.60
2009.12.18 04:56:35.961,1.53405,1.5346,1.60,1.60
2009.12.18 04:56:57.445,1.53405,1.5345,1.60,1.60
2009.12.18 04:57:01.284,1.5341,1.5346,1.00,1.60
2009.12.18 04:57:01.684,1.53415,1.5346,1.60,1.60
2009.12.18 04:57:02.354,1.53415,1.5347,1.60,2.10
2009.12.18 04:57:02.704,1.53415,1.5347,1.60,1.70
2009.12.18 04:57:12.402,1.53415,1.5346,1.60,1.70
2009.12.18 04:57:22.629,1.53415,1.5346,1.60,1.60
2009.12.18 04:57:45.424,1.53415,1.5346,1.70,1.60
2009.12.18 04:58:01.460,1.53415,1.5347,1.60,1.60
2009.12.18 04:58:01.680,1.53415,1.5346,1.60,1.60
2009.12.18 04:58:02.239,1.53415,1.5346,1.70,1.60
2009.12.18 04:58:12.207,1.53415,1.5346,1.60,1.60
2009.12.18 04:58:12.387,1.53415,1.5346,1.70,1.60
2009.12.18 04:58:25.564,1.53415,1.5346,1.60,1.60
2009.12.18 04:58:28.703,1.53415,1.5346,1.60,1.60
2009.12.18 04:58:28.933,1.53415,1.5346,1.60,1.70
2009.12.18 04:58:39.611,1.53415,1.5346,1.60,1.00
2009.12.18 04:58:39.781,1.53415,1.5347,1.60,2.10
2009.12.18 04:58:40.190,1.53415,1.5347,1.60,1.70
2009.12.18 04:58:45.329,1.53415,1.5346,1.60,1.70
2009.12.18 04:58:47.409,1.53405,1.5346,1.60,1.70
2009.12.18 04:58:49.168,1.53405,1.5346,1.60,1.60
2009.12.18 04:58:56.927,1.53405,1.5345,1.60,1.60
2009.12.18 04:58:59.686,1.534,1.5345,1.00,1.60
2009.12.18 04:58:59.856,1.5339,1.5345,1.00,1.60
2009.12.18 04:58:59.966,1.5339,1.5345,0.80,1.60
2009.12.18 04:59:00.426,1.5339,1.5345,0.30,1.60
2009.12.18 04:59:00.766,1.5339,1.5344,0.30,1.60
2009.12.18 04:59:03.195,1.5339,1.5343,0.30,1.60
2009.12.18 04:59:04.575,1.5339,1.5343,0.10,1.60
2009.12.18 04:59:04.805,1.5339,1.5343,0.10,2.70
2009.12.18 04:59:05.634,1.5339,1.53435,0.10,1.60
2009.12.18 04:59:05.845,1.5339,1.5343,0.10,2.70
2009.12.18 04:59:06.184,1.5339,1.53435,0.10,1.60
2009.12.18 04:59:06.354,1.5339,1.5344,0.10,1.00
2009.12.18 04:59:06.524,1.5339,1.53445,0.10,3.60
2009.12.18 04:59:06.854,1.5339,1.53445,0.10,3.50
2009.12.18 04:59:14.572,1.5339,1.53445,0.10,2.40
2009.12.18 04:59:14.752,1.5339,1.53445,0.10,1.60
2009.12.18 04:59:14.932,1.5339,1.5345,0.10,1.00
2009.12.18 04:59:15.452,1.5339,1.53455,0.10,3.90
2009.12.18 04:59:16.382,1.5339,1.53455,0.30,3.90
2009.12.18 04:59:16.612,1.5339,1.5345,0.30,1.00
2009.12.18 04:59:16.892,1.53395,1.5345,1.00,1.00
2009.12.18 04:59:17.412,1.53395,1.53455,1.00,2.70
2009.12.18 04:59:21.681,1.53405,1.53455,1.60,1.10
2009.12.18 04:59:22.040,1.53405,1.53465,1.60,1.20
2009.12.18 04:59:22.270,1.534,1.53465,1.00,3.20
2009.12.18 04:59:22.500,1.53405,1.53465,1.60,1.00
2009.12.18 04:59:22.740,1.53405,1.5347,1.60,1.50
2009.12.18 04:59:22.981,1.534,1.53465,1.20,1.60
2009.12.18 04:59:23.160,1.53395,1.53465,4.00,3.20
2009.12.18 04:59:23.400,1.53405,1.53465,1.60,1.00
2009.12.18 04:59:23.580,1.53405,1.5347,1.60,1.50
2009.12.18 04:59:23.980,1.53405,1.5347,1.60,1.10
2009.12.18 04:59:27.339,1.53395,1.53465,4.00,2.70
2009.12.18 04:59:27.689,1.53395,1.53465,3.20,3.90
2009.12.18 04:59:28.379,1.53395,1.5346,3.10,1.00
2009.12.18 04:59:29.139,1.53395,1.5346,3.10,1.00
2009.12.18 04:59:30.118,1.53395,1.53455,3.10,1.00
2009.12.18 04:59:31.048,1.53395,1.5346,3.10,1.00
2009.12.18 04:59:33.678,1.53395,1.5346,3.10,1.00
2009.12.18 04:59:35.137,1.53395,1.53455,3.10,1.00
2009.12.18 04:59:48.684,1.534,1.53465,1.00,3.20
2009.12.18 04:59:53.863,1.53395,1.53465,3.10,3.10
2009.12.18 04:59:54.033,1.53395,1.5345,1.50,1.60
2009.12.18 04:59:54.153,1.53395,1.5345,1.10,1.60
2009.12.18 04:59:54.273,1.5339,1.5345,0.80,1.60
2009.12.18 04:59:54.572,1.5339,1.5345,0.30,1.60
2009.12.18 04:59:54.912,1.53395,1.5345,1.60,1.60
2009.12.18 04:59:55.133,1.53395,1.53455,3.20,2.00
2009.12.18 04:59:55.532,1.53395,1.53455,3.20,1.60
2009.12.18 04:59:55.753,1.53395,1.53455,4.40,1.60
