2013.10.29 15:00:00.016,1.44107,1.44127,1.39,2.70
2013.10.29 15:00:00.572,1.44109,1.44129,3.64,1.58
2013.10.29 15:00:00.698,1.44109,1.44131,3.27,1.58
2013.10.29 15:00:01.125,1.44109,1.44131,3.27,1.58
2013.10.29 15:00:01.185,1.44109,1.44129,2.33,2.89
2013.10.29 15:00:01.305,1.44106,1.44126,1.50,1.77
2013.10.29 15:00:01.365,1.44105,1.44126,2.33,1.84
2013.10.29 15:00:01.606,1.44105,1.44126,2.33,1.77
2013.10.29 15:00:01.910,1.44105,1.44121,1.58,1.32
2013.10.29 15:00:02.215,1.44102,1.4412,1.50,1.69
2013.10.29 15:00:02.605,1.44102,1.4412,1.20,1.69
2013.10.29 15:00:02.845,1.44102,1.4412,1.50,1.69
2013.10.29 15:00:02.906,1.44102,1.4412,1.88,1.69
2013.10.29 15:00:03.786,1.44102,1.44121,2.63,1.13
2013.10.29 15:00:03.847,1.44105,1.44121,2.63,1.13
2013.10.29 15:00:04.205,1.44106,1.44123,2.63,1.13
2013.10.29 15:00:05.145,1.44106,1.44125,4.88,1.13
2013.10.29 15:00:07.075,1.44106,1.44126,2.63,1.32
2013.10.29 15:00:07.137,1.44106,1.44121,1.88,1.13
2013.10.29 15:00:07.316,1.44104,1.4412,2.07,1.50
2013.10.29 15:00:07.376,1.44104,1.4412,1.20,1.50
2013.10.29 15:00:07.616,1.44101,1.4412,1.39,1.50
2013.10.29 15:00:07.978,1.44113,1.44126,1.32,1.50
2013.10.29 15:00:08.216,1.44121,1.44131,3.19,1.80
2013.10.29 15:00:08.276,1.44127,1.44138,2.63,1.13
2013.10.29 15:00:08.455,1.44127,1.44146,4.02,1.20
2013.10.29 15:00:08.516,1.44127,1.44147,4.02,1.50
2013.10.29 15:00:08.576,1.44129,1.44148,2.82,1.50
2013.10.29 15:00:08.876,1.44134,1.44153,2.63,1.50
2013.10.29 15:00:09.177,1.44136,1.44157,2.89,1.65
2013.10.29 15:00:09.296,1.44136,1.44157,3.57,1.20
2013.10.29 15:00:09.717,1.44136,1.44156,2.15,1.20
2013.10.29 15:00:10.115,1.44136,1.44154,1.95,1.32
2013.10.29 15:00:10.246,1.44137,1.44155,4.69,1.50
2013.10.29 15:00:11.260,1.44139,1.44158,2.82,1.50
2013.10.29 15:00:11.815,1.44139,1.44158,2.82,1.50
2013.10.29 15:00:12.296,1.44139,1.44158,3.57,1.50
2013.10.29 15:00:12.416,1.44139,1.4416,4.32,1.58
2013.10.29 15:00:12.595,1.44142,1.4416,3.01,1.50
2013.10.29 15:00:12.835,1.44145,1.44162,2.63,1.69
2013.10.29 15:00:12.955,1.44148,1.44166,2.63,1.13
2013.10.29 15:00:13.255,1.44151,1.44171,2.63,1.69
2013.10.29 15:00:13.940,1.44154,1.44173,2.52,1.58
2013.10.29 15:00:14.068,1.44158,1.44175,2.63,1.50
2013.10.29 15:00:14.126,1.44158,1.44178,2.71,1.20
2013.10.29 15:00:14.726,1.44158,1.44179,3.27,2.40
2013.10.29 15:00:15.035,1.44158,1.44179,3.27,1.65
2013.10.29 15:00:15.107,1.44158,1.44179,3.27,1.65
2013.10.29 15:00:15.596,1.44158,1.4418,2.33,2.52
2013.10.29 15:00:15.777,1.44157,1.44175,1.28,1.50
2013.10.29 15:00:16.247,1.44157,1.44175,1.20,1.69
2013.10.29 15:00:17.386,1.44157,1.44175,1.20,1.69
2013.10.29 15:00:17.907,1.44157,1.44177,1.20,1.02
2013.10.29 15:00:18.418,1.44157,1.44173,1.20,1.32
2013.10.29 15:00:18.595,1.44156,1.44173,1.28,1.32
2013.10.29 15:00:19.136,1.44154,1.44168,1.20,1.17
2013.10.29 15:00:19.437,1.44154,1.44168,1.20,1.50
2013.10.29 15:00:19.507,1.44154,1.4417,1.13,1.13
2013.10.29 15:00:19.686,1.44154,1.44173,1.20,1.39
2013.10.29 15:00:20.045,1.44154,1.44173,1.88,1.69
2013.10.29 15:00:20.105,1.44154,1.44173,1.88,1.69
2013.10.29 15:00:20.165,1.44154,1.44169,1.88,2.07
2013.10.29 15:00:20.415,1.44151,1.44169,1.20,2.25
2013.10.29 15:00:20.595,1.44151,1.44171,1.95,1.58
2013.10.29 15:00:21.135,1.44151,1.44175,1.88,2.59
2013.10.29 15:00:22.096,1.44153,1.44174,2.63,1.69
2013.10.29 15:00:23.396,1.44153,1.44175,4.32,1.65
2013.10.29 15:00:23.458,1.44154,1.44175,4.32,1.50
2013.10.29 15:00:23.760,1.44154,1.44175,4.32,1.50
2013.10.29 15:00:24.485,1.44154,1.44177,1.88,1.84
2013.10.29 15:00:25.206,1.44156,1.44179,2.60,2.25
2013.10.29 15:00:25.565,1.44156,1.44176,2.90,1.50
2013.10.29 15:00:26.105,1.44155,1.44176,1.39,1.50
2013.10.29 15:00:26.608,1.44155,1.44176,1.39,1.50
2013.10.29 15:00:26.725,1.44155,1.44176,1.39,1.50
2013.10.29 15:00:27.242,1.44155,1.44176,1.39,1.50
2013.10.29 15:00:28.175,1.44155,1.44176,1.32,1.50
2013.10.29 15:00:28.416,1.44157,1.44176,3.57,1.50
2013.10.29 15:00:28.845,1.44157,1.44178,6.20,1.50
2013.10.29 15:00:28.905,1.44158,1.44178,2.82,1.50
2013.10.29 15:00:29.025,1.44158,1.44178,1.50,1.50
2013.10.29 15:00:29.327,1.44159,1.44178,3.57,1.88
2013.10.29 15:00:29.448,1.44159,1.44178,3.57,1.88
2013.10.29 15:00:30.275,1.44159,1.44178,1.50,1.88
2013.10.29 15:00:30.515,1.44159,1.44178,1.02,1.95
2013.10.29 15:00:31.425,1.44158,1.44173,1.20,1.32
2013.10.29 15:00:31.613,1.44155,1.44171,1.20,2.44
2013.10.29 15:00:31.738,1.44155,1.44171,1.20,2.44
2013.10.29 15:00:32.255,1.44155,1.44171,1.13,2.44
2013.10.29 15:00:32.815,1.44152,1.44171,1.20,2.52
2013.10.29 15:00:32.936,1.44152,1.44171,2.14,1.58
2013.10.29 15:00:32.996,1.44152,1.44172,2.89,1.58
2013.10.29 15:00:33.175,1.44152,1.44174,3.57,1.65
2013.10.29 15:00:33.415,1.44152,1.44173,1.95,1.39
2013.10.29 15:00:33.918,1.44153,1.44171,2.63,1.69
2013.10.29 15:00:34.287,1.44153,1.4417,1.28,1.69
2013.10.29 15:00:34.919,1.44152,1.4417,1.88,1.69
2013.10.29 15:00:35.226,1.44152,1.4417,1.88,1.69
2013.10.29 15:00:35.807,1.44152,1.4417,1.20,1.77
2013.10.29 15:00:35.867,1.44151,1.44163,1.20,1.13
2013.10.29 15:00:35.927,1.44151,1.44162,1.50,1.54
2013.10.29 15:00:36.047,1.44146,1.44162,3.00,2.29
2013.10.29 15:00:36.106,1.44143,1.44162,1.28,2.29
2013.10.29 15:00:36.596,1.44142,1.44163,2.63,1.84
2013.10.29 15:00:36.716,1.44142,1.44163,3.57,1.65
2013.10.29 15:00:37.076,1.44142,1.44164,2.82,1.84
2013.10.29 15:00:37.377,1.44142,1.44164,2.82,1.77
2013.10.29 15:00:37.925,1.44142,1.44164,3.57,1.77
2013.10.29 15:00:37.989,1.44142,1.44164,2.89,1.84
2013.10.29 15:00:38.236,1.44143,1.44163,3.57,1.13
2013.10.29 15:00:39.025,1.44143,1.44162,2.22,1.50
2013.10.29 15:00:39.097,1.44143,1.44162,2.22,1.50
2013.10.29 15:00:40.016,1.44143,1.44164,2.22,2.37
2013.10.29 15:00:40.138,1.44143,1.44164,2.22,2.37
2013.10.29 15:00:40.896,1.44143,1.44163,2.22,1.50
2013.10.29 15:00:40.955,1.44142,1.44158,1.20,1.69
2013.10.29 15:00:41.435,1.44142,1.44161,1.13,1.02
2013.10.29 15:00:41.556,1.44142,1.44162,1.88,1.32
2013.10.29 15:00:42.144,1.44142,1.44162,3.38,1.32
2013.10.29 15:00:42.627,1.44142,1.44164,3.38,1.32
2013.10.29 15:00:42.726,1.44142,1.44165,3.57,1.02
2013.10.29 15:00:43.189,1.44143,1.44166,2.89,1.65
2013.10.29 15:00:43.545,1.44144,1.44165,2.63,1.69
2013.10.29 15:00:43.665,1.44144,1.44165,2.63,1.32
2013.10.29 15:00:45.635,1.44144,1.44164,2.63,1.50
2013.10.29 15:00:46.565,1.44143,1.44161,2.63,1.35
2013.10.29 15:00:46.985,1.44143,1.4416,1.88,2.29
2013.10.29 15:00:47.286,1.44143,1.44159,1.20,1.32
2013.10.29 15:00:47.978,1.44143,1.4416,1.28,1.73
2013.10.29 15:00:48.495,1.44143,1.4416,3.38,1.73
2013.10.29 15:00:49.015,1.44143,1.44162,3.38,1.73
2013.10.29 15:00:49.256,1.44145,1.44165,3.57,1.50
2013.10.29 15:00:49.315,1.44145,1.44166,4.32,1.13
2013.10.29 15:00:49.894,1.44147,1.44167,3.57,1.13
2013.10.29 15:00:50.407,1.44147,1.44167,3.57,1.13
2013.10.29 15:00:51.137,1.44147,1.44167,2.14,1.50
2013.10.29 15:00:51.445,1.44147,1.44167,2.14,1.50
2013.10.29 15:00:51.866,1.44147,1.44167,1.20,1.77
2013.10.29 15:00:51.985,1.44147,1.44166,1.13,1.32
2013.10.29 15:00:52.165,1.44146,1.44163,1.13,1.09
2013.10.29 15:00:52.745,1.44143,1.44163,1.28,1.09
2013.10.29 15:00:53.065,1.44143,1.44163,1.28,1.09
2013.10.29 15:00:55.185,1.44143,1.44163,1.13,1.09
2013.10.29 15:00:55.488,1.44143,1.44163,1.65,1.09
2013.10.29 15:00:55.610,1.44143,1.4416,1.65,1.32
2013.10.29 15:00:56.155,1.4414,1.44157,1.88,1.32
2013.10.29 15:00:56.397,1.4414,1.44159,1.88,2.82
2013.10.29 15:00:56.516,1.4414,1.44159,1.88,2.82
2013.10.29 15:00:56.936,1.4414,1.44159,1.88,1.32
2013.10.29 15:00:57.055,1.4414,1.44159,1.88,1.32
2013.10.29 15:00:59.225,1.4414,1.44157,1.88,1.32
2013.10.29 15:00:59.345,1.4414,1.44159,1.20,1.32
2013.10.29 15:01:00.155,1.4414,1.44159,1.20,1.32
2013.10.29 15:01:00.456,1.4414,1.44159,1.20,1.32
2013.10.29 15:01:04.176,1.44141,1.44159,3.38,1.32
2013.10.29 15:01:04.735,1.44142,1.44159,2.63,1.32
2013.10.29 15:01:06.026,1.44142,1.44159,4.13,1.32
2013.10.29 15:01:06.207,1.44142,1.44161,3.57,1.13
2013.10.29 15:01:06.565,1.44142,1.4416,2.63,1.13
2013.10.29 15:01:07.705,1.44144,1.44166,3.57,1.09
2013.10.29 15:01:07.765,1.44144,1.44166,3.57,1.09
2013.10.29 15:01:08.361,1.44144,1.44165,3.38,1.77
2013.10.29 15:01:08.876,1.44146,1.44166,2.63,2.52
2013.10.29 15:01:09.797,1.44147,1.44166,2.71,1.02
2013.10.29 15:01:09.861,1.44149,1.44167,2.75,1.65
2013.10.29 15:01:10.166,1.44152,1.44169,2.70,1.50
2013.10.29 15:01:10.225,1.44152,1.44169,2.70,2.25
2013.10.29 15:01:12.176,1.44152,1.44169,1.20,2.25
2013.10.29 15:01:12.715,1.44152,1.44169,1.13,2.25
2013.10.29 15:01:12.897,1.44152,1.44169,1.28,2.25
2013.10.29 15:01:13.136,1.44149,1.44168,1.77,1.20
2013.10.29 15:01:14.772,1.44146,1.44165,1.69,2.33
2013.10.29 15:01:15.646,1.44146,1.44165,1.02,1.50
2013.10.29 15:01:15.828,1.44148,1.44167,2.90,1.88
2013.10.29 15:01:15.946,1.44149,1.44167,2.89,1.88
2013.10.29 15:01:16.309,1.44149,1.4417,3.27,1.58
2013.10.29 15:01:16.862,1.4415,1.44169,3.12,1.58
2013.10.29 15:01:17.106,1.4415,1.44169,1.99,1.58
2013.10.29 15:01:18.296,1.4415,1.4417,2.74,1.58
2013.10.29 15:01:18.357,1.44153,1.4417,2.52,1.50
2013.10.29 15:01:18.656,1.44152,1.44174,1.02,2.33
2013.10.29 15:01:18.955,1.44151,1.44174,1.47,2.33
2013.10.29 15:01:19.076,1.44154,1.44174,1.50,2.33
2013.10.29 15:01:19.319,1.44153,1.44174,1.84,1.65
2013.10.29 15:01:19.385,1.44153,1.44174,1.09,1.65
2013.10.29 15:01:19.745,1.44153,1.44171,1.69,1.65
2013.10.29 15:01:20.725,1.44153,1.44172,1.13,2.40
2013.10.29 15:01:21.096,1.4415,1.44168,1.39,1.50
2013.10.29 15:01:21.156,1.4415,1.44168,1.02,1.50
2013.10.29 15:01:21.276,1.4415,1.4417,1.77,1.58
2013.10.29 15:01:22.035,1.4415,1.4417,2.52,1.50
2013.10.29 15:01:22.255,1.44151,1.4417,3.34,1.50
2013.10.29 15:01:22.618,1.44153,1.44172,2.97,1.50
2013.10.29 15:01:22.805,1.44154,1.44172,2.45,1.50
2013.10.29 15:01:23.165,1.44153,1.44172,1.09,1.50
2013.10.29 15:01:23.705,1.44153,1.44172,1.84,1.50
2013.10.29 15:01:23.825,1.44153,1.44172,2.22,1.50
2013.10.29 15:01:25.226,1.44153,1.44172,2.22,1.50
2013.10.29 15:01:25.730,1.44153,1.44172,2.22,1.50
2013.10.29 15:01:26.126,1.44153,1.44172,1.09,1.50
2013.10.29 15:01:26.755,1.44149,1.44171,1.02,1.58
2013.10.29 15:01:27.257,1.44149,1.44169,1.02,1.58
2013.10.29 15:01:28.395,1.44149,1.4417,2.52,2.03
2013.10.29 15:01:28.698,1.44149,1.4417,1.09,2.03
2013.10.29 15:01:29.056,1.44149,1.4417,2.59,1.65
2013.10.29 15:01:30.665,1.44149,1.4417,3.72,1.65
2013.10.29 15:01:30.787,1.44152,1.44171,2.45,1.50
2013.10.29 15:01:31.297,1.44154,1.44175,2.63,1.77
2013.10.29 15:01:32.809,1.44155,1.44175,2.63,1.69
2013.10.29 15:01:34.416,1.44155,1.44175,4.32,1.50
2013.10.29 15:01:34.475,1.44155,1.44175,4.32,1.50
2013.10.29 15:01:35.025,1.44156,1.44178,2.63,2.14
2013.10.29 15:01:35.145,1.44156,1.44177,1.28,1.02
2013.10.29 15:01:35.727,1.44156,1.44178,1.88,2.22
2013.10.29 15:01:35.845,1.44156,1.44178,2.63,2.22
2013.10.29 15:01:36.355,1.44156,1.44176,1.20,1.77
2013.10.29 15:01:38.784,1.44155,1.44176,2.82,1.77
2013.10.29 15:01:40.621,1.44155,1.44176,2.82,1.77
2013.10.29 15:01:40.865,1.44155,1.44176,1.47,1.84
2013.10.29 15:01:41.996,1.44155,1.44176,1.47,1.84
2013.10.29 15:01:43.317,1.44155,1.44176,1.47,1.84
2013.10.29 15:01:43.985,1.44154,1.44175,2.07,1.65
2013.10.29 15:01:44.767,1.44153,1.44174,1.69,2.25
2013.10.29 15:01:44.828,1.44153,1.44174,2.07,2.25
2013.10.29 15:01:44.956,1.44153,1.44174,1.69,2.25
2013.10.29 15:01:45.197,1.44156,1.44176,2.90,1.58
2013.10.29 15:01:45.257,1.44157,1.44176,2.90,1.58
2013.10.29 15:01:45.857,1.44157,1.44177,2.07,1.58
2013.10.29 15:01:45.977,1.4416,1.44179,3.57,1.13
2013.10.29 15:01:46.037,1.4416,1.44179,3.57,1.13
2013.10.29 15:01:46.156,1.44161,1.4418,2.82,1.58
2013.10.29 15:01:46.338,1.4416,1.44176,1.39,1.50
2013.10.29 15:01:46.397,1.44157,1.44175,2.07,1.58
2013.10.29 15:01:46.457,1.44156,1.44173,1.32,1.58
2013.10.29 15:01:46.636,1.44153,1.44173,1.88,3.00
2013.10.29 15:01:46.695,1.44153,1.44173,1.13,3.00
2013.10.29 15:01:46.755,1.44152,1.44173,2.78,3.38
2013.10.29 15:01:46.816,1.44152,1.44169,2.78,1.50
2013.10.29 15:01:47.055,1.44152,1.44169,1.58,1.32
2013.10.29 15:01:47.295,1.44151,1.44168,1.58,1.69
2013.10.29 15:01:48.929,1.44151,1.44166,1.50,1.32
2013.10.29 15:01:50.536,1.44151,1.44166,1.50,1.69
2013.10.29 15:01:51.267,1.4415,1.44166,1.95,1.69
2013.10.29 15:01:51.826,1.4415,1.44168,1.95,2.52
2013.10.29 15:01:53.566,1.44149,1.44164,1.20,1.69
2013.10.29 15:01:53.688,1.44146,1.44161,1.65,1.32
2013.10.29 15:01:53.866,1.44145,1.44161,1.58,2.07
2013.10.29 15:01:53.926,1.44145,1.44163,1.58,1.65
2013.10.29 15:01:54.465,1.44145,1.44163,1.58,1.65
2013.10.29 15:01:55.109,1.44144,1.44164,1.65,2.14
2013.10.29 15:01:55.665,1.44143,1.44162,3.08,1.02
2013.10.29 15:01:56.457,1.44143,1.44164,4.13,3.27
2013.10.29 15:01:57.390,1.44143,1.44162,4.13,1.69
2013.10.29 15:01:57.456,1.44144,1.44164,3.46,2.14
2013.10.29 15:01:59.876,1.44145,1.44164,2.60,1.95
2013.10.29 15:02:01.267,1.44145,1.44164,1.28,1.20
2013.10.29 15:02:01.327,1.44144,1.44163,1.39,1.13
2013.10.29 15:02:01.945,1.44144,1.44164,1.39,1.95
2013.10.29 15:02:02.495,1.44144,1.44164,1.02,1.95
2013.10.29 15:02:03.110,1.44144,1.44164,1.39,1.95
2013.10.29 15:02:03.296,1.44143,1.44161,1.39,1.65
2013.10.29 15:02:03.536,1.44142,1.44161,2.59,1.50
2013.10.29 15:02:04.317,1.44142,1.44164,4.69,1.95
2013.10.29 15:02:04.745,1.44142,1.44162,3.57,1.50
2013.10.29 15:02:04.926,1.44142,1.44158,1.77,1.50
2013.10.29 15:02:05.045,1.44138,1.44157,1.02,1.50
2013.10.29 15:02:05.105,1.44138,1.44157,1.02,1.50
2013.10.29 15:02:05.645,1.44136,1.44157,1.77,1.65
2013.10.29 15:02:06.475,1.44135,1.44156,1.02,3.15
2013.10.29 15:02:06.535,1.44135,1.44156,1.77,3.15
2013.10.29 15:02:06.655,1.44135,1.44156,1.39,1.65
2013.10.29 15:02:07.502,1.44135,1.44156,2.14,1.65
2013.10.29 15:02:08.015,1.44135,1.44156,3.57,1.50
2013.10.29 15:02:09.948,1.44135,1.44156,1.02,1.50
2013.10.29 15:02:10.305,1.44135,1.44152,2.14,1.50
2013.10.29 15:02:10.995,1.44135,1.44154,2.52,1.50
2013.10.29 15:02:11.517,1.44135,1.44154,1.39,1.58
2013.10.29 15:02:11.876,1.44131,1.4415,1.39,1.50
2013.10.29 15:02:12.495,1.4413,1.44147,1.58,1.50
2013.10.29 15:02:13.045,1.44128,1.44147,1.39,1.50
2013.10.29 15:02:13.286,1.44128,1.44147,2.89,1.50
2013.10.29 15:02:14.787,1.44128,1.4415,4.02,2.33
2013.10.29 15:02:14.968,1.44131,1.44152,2.89,1.50
2013.10.29 15:02:15.148,1.44132,1.44153,2.97,1.43
2013.10.29 15:02:15.509,1.44136,1.44158,3.57,1.05
2013.10.29 15:02:15.636,1.44136,1.44158,3.95,1.05
2013.10.29 15:02:15.936,1.44136,1.44157,3.94,1.73
2013.10.29 15:02:16.295,1.44138,1.44157,2.90,1.73
2013.10.29 15:02:16.965,1.44138,1.44158,1.39,1.80
2013.10.29 15:02:17.146,1.44139,1.44159,3.19,1.50
2013.10.29 15:02:17.775,1.44139,1.44159,2.52,1.58
2013.10.29 15:02:18.313,1.44139,1.44159,1.02,1.58
2013.10.29 15:02:19.597,1.44139,1.44159,1.02,1.58
2013.10.29 15:02:21.758,1.44138,1.4416,2.52,3.08
2013.10.29 15:02:22.295,1.44138,1.44159,2.44,1.50
2013.10.29 15:02:23.056,1.44139,1.44161,3.20,1.65
2013.10.29 15:02:23.926,1.44139,1.44159,2.07,1.13
2013.10.29 15:02:26.255,1.4414,1.44159,2.59,1.13
2013.10.29 15:02:26.556,1.44142,1.44159,3.95,1.13
2013.10.29 15:02:26.858,1.44148,1.44166,2.82,1.50
2013.10.29 15:02:26.916,1.4415,1.44168,2.15,1.50
2013.10.29 15:02:27.100,1.4415,1.44169,4.13,3.00
2013.10.29 15:02:27.168,1.44151,1.44171,4.13,1.39
2013.10.29 15:02:27.228,1.44151,1.44172,5.25,1.02
2013.10.29 15:02:27.585,1.44151,1.44166,1.50,1.32
2013.10.29 15:02:27.886,1.44148,1.44166,1.58,1.32
2013.10.29 15:02:28.125,1.44144,1.44164,1.20,1.69
2013.10.29 15:02:28.585,1.44143,1.44164,2.70,1.77
2013.10.29 15:02:30.265,1.44143,1.44163,1.28,1.69
2013.10.29 15:02:30.795,1.44143,1.44162,1.28,1.50
2013.10.29 15:02:31.335,1.44143,1.44162,1.13,1.58
2013.10.29 15:02:32.185,1.44143,1.44162,1.13,3.45
2013.10.29 15:02:32.308,1.44141,1.44158,1.50,1.02
2013.10.29 15:02:32.366,1.44138,1.44157,1.20,1.50
2013.10.29 15:02:32.890,1.44137,1.44156,1.02,1.58
2013.10.29 15:02:35.861,1.44136,1.44157,1.84,2.03
2013.10.29 15:02:36.195,1.44136,1.44157,1.84,2.03
2013.10.29 15:02:36.435,1.4414,1.44159,2.15,1.50
2013.10.29 15:02:36.676,1.44142,1.44161,3.27,1.50
2013.10.29 15:02:36.856,1.44143,1.44164,2.52,2.33
2013.10.29 15:02:36.915,1.44145,1.44165,3.38,1.32
2013.10.29 15:02:37.095,1.44145,1.44165,4.13,1.69
2013.10.29 15:02:37.396,1.44145,1.44163,3.38,1.32
2013.10.29 15:02:37.515,1.44145,1.44163,3.38,1.32
2013.10.29 15:02:37.935,1.44145,1.44164,1.95,1.69
2013.10.29 15:02:38.476,1.44147,1.44167,3.38,3.19
2013.10.29 15:02:38.535,1.44147,1.44166,4.13,1.32
2013.10.29 15:02:39.055,1.44148,1.44167,3.38,1.69
2013.10.29 15:02:39.716,1.44148,1.44167,1.50,3.04
2013.10.29 15:02:40.020,1.44148,1.44166,1.50,3.19
2013.10.29 15:02:40.207,1.44144,1.4416,1.39,1.13
2013.10.29 15:02:41.115,1.44144,1.44163,1.32,1.58
2013.10.29 15:02:41.656,1.44141,1.4416,1.58,1.69
2013.10.29 15:02:41.775,1.4414,1.44159,1.50,2.07
2013.10.29 15:02:41.955,1.4414,1.44159,1.50,2.07
2013.10.29 15:02:42.077,1.44137,1.44159,2.22,2.22
2013.10.29 15:02:42.636,1.44137,1.44158,1.84,1.09
2013.10.29 15:02:43.795,1.44137,1.44158,1.84,1.09
2013.10.29 15:02:44.605,1.44137,1.44158,1.84,1.09
2013.10.29 15:02:45.116,1.44137,1.44157,1.02,1.58
2013.10.29 15:02:47.697,1.44137,1.44157,1.02,1.20
2013.10.29 15:02:51.005,1.44137,1.44158,1.58,1.47
2013.10.29 15:02:51.545,1.44137,1.44159,3.94,1.58
2013.10.29 15:02:52.315,1.44137,1.44158,2.52,1.58
2013.10.29 15:02:52.765,1.44137,1.44159,3.65,1.58
2013.10.29 15:02:53.470,1.44137,1.44159,3.65,1.58
2013.10.29 15:02:54.318,1.44139,1.4416,4.02,1.65
2013.10.29 15:02:54.376,1.44139,1.44161,4.02,3.83
2013.10.29 15:02:54.900,1.44139,1.44162,4.02,2.63
2013.10.29 15:02:57.805,1.4414,1.44162,2.22,2.25
2013.10.29 15:02:58.370,1.44138,1.44156,1.88,1.58
2013.10.29 15:02:58.497,1.44138,1.44157,1.13,1.28
2013.10.29 15:02:58.617,1.44138,1.44156,1.13,2.25
2013.10.29 15:02:58.736,1.44138,1.44156,1.13,2.25
2013.10.29 15:03:00.225,1.44136,1.44155,1.32,2.63
2013.10.29 15:03:00.285,1.44136,1.44154,1.32,1.50
2013.10.29 15:03:00.586,1.44135,1.44152,1.13,2.25
2013.10.29 15:03:00.885,1.44128,1.44149,1.77,1.58
2013.10.29 15:03:01.006,1.44128,1.44151,1.09,2.44
2013.10.29 15:03:01.768,1.44128,1.44151,3.20,2.89
2013.10.29 15:03:02.636,1.44128,1.44152,4.70,1.65
2013.10.29 15:03:04.105,1.44128,1.44151,3.95,1.88
2013.10.29 15:03:04.736,1.44128,1.44151,3.95,2.63
2013.10.29 15:03:04.916,1.44128,1.44148,1.28,1.47
2013.10.29 15:03:05.035,1.44128,1.44147,1.28,1.50
2013.10.29 15:03:05.155,1.44127,1.44148,1.09,2.22
2013.10.29 15:03:05.456,1.44127,1.44147,2.22,2.03
2013.10.29 15:03:05.696,1.44127,1.44148,1.77,1.32
2013.10.29 15:03:06.235,1.44127,1.44148,1.77,1.69
2013.10.29 15:03:06.776,1.44127,1.44147,1.77,1.50
2013.10.29 15:03:07.016,1.44127,1.44147,1.20,1.02
2013.10.29 15:03:07.136,1.44128,1.44148,2.63,1.32
2013.10.29 15:03:07.316,1.44131,1.44149,3.38,1.50
2013.10.29 15:03:07.436,1.44134,1.44152,2.71,1.88
2013.10.29 15:03:07.975,1.44134,1.44154,1.65,2.59
2013.10.29 15:03:08.518,1.44134,1.44154,1.65,2.22
2013.10.29 15:03:10.126,1.44134,1.44153,1.50,1.39
2013.10.29 15:03:11.218,1.44134,1.44153,1.13,1.77
2013.10.29 15:03:11.746,1.44134,1.44153,2.89,1.13
2013.10.29 15:03:12.296,1.44134,1.44154,2.03,1.65
2013.10.29 15:03:12.655,1.44134,1.44153,2.15,1.13
2013.10.29 15:03:13.175,1.44134,1.44153,1.13,1.95
2013.10.29 15:03:13.715,1.44134,1.44153,1.50,1.39
2013.10.29 15:03:14.016,1.44133,1.4415,1.50,1.02
2013.10.29 15:03:14.599,1.44133,1.4415,1.50,1.02
2013.10.29 15:03:14.906,1.44133,1.44146,1.50,1.50
2013.10.29 15:03:15.265,1.44131,1.44144,1.50,1.69
2013.10.29 15:03:15.689,1.44125,1.44144,1.28,1.84
2013.10.29 15:03:16.328,1.44125,1.44144,1.28,2.22
2013.10.29 15:03:17.009,1.44125,1.44144,1.28,2.97
2013.10.29 15:03:17.258,1.44124,1.44145,1.13,3.94
2013.10.29 15:03:17.496,1.44123,1.44142,1.20,1.20
2013.10.29 15:03:17.857,1.44123,1.44143,2.45,2.33
2013.10.29 15:03:18.508,1.44124,1.44144,2.52,1.20
2013.10.29 15:03:19.117,1.44124,1.44145,1.32,1.28
2013.10.29 15:03:19.635,1.44124,1.44144,1.32,1.20
2013.10.29 15:03:20.349,1.44124,1.44143,1.32,1.28
2013.10.29 15:03:21.057,1.44124,1.44143,1.13,1.32
2013.10.29 15:03:23.965,1.44124,1.44143,1.28,1.32
2013.10.29 15:03:24.678,1.44124,1.44143,1.28,2.07
2013.10.29 15:03:25.225,1.44124,1.44143,1.28,2.07
2013.10.29 15:03:27.635,1.44123,1.44143,2.70,2.07
2013.10.29 15:03:27.985,1.44123,1.44143,2.70,1.32
2013.10.29 15:03:29.177,1.44123,1.44143,3.45,2.07
2013.10.29 15:03:30.997,1.44123,1.44144,3.45,2.44
2013.10.29 15:03:32.179,1.44123,1.44144,3.45,1.69
2013.10.29 15:03:32.489,1.44125,1.44145,3.38,2.07
2013.10.29 15:03:32.798,1.44129,1.44148,2.63,1.50
2013.10.29 15:03:33.035,1.44131,1.4415,3.45,1.32
2013.10.29 15:03:34.375,1.44131,1.4415,1.20,1.32
2013.10.29 15:03:36.456,1.44131,1.44152,3.57,2.14
2013.10.29 15:03:36.575,1.44133,1.44152,2.78,1.32
2013.10.29 15:03:37.295,1.44133,1.44154,2.70,3.00
2013.10.29 15:03:37.549,1.44135,1.44154,2.90,1.50
2013.10.29 15:03:37.856,1.44142,1.4416,3.42,1.50
2013.10.29 15:03:37.917,1.44144,1.44164,3.57,1.50
2013.10.29 15:03:38.038,1.44144,1.44162,1.88,1.69
2013.10.29 15:03:38.096,1.44144,1.44164,2.63,1.69
2013.10.29 15:03:38.398,1.44143,1.44161,1.50,2.82
2013.10.29 15:03:38.755,1.44142,1.44157,1.13,1.50
2013.10.29 15:03:38.815,1.44138,1.44157,1.95,1.50
2013.10.29 15:03:39.117,1.44138,1.44161,5.07,1.77
2013.10.29 15:03:39.236,1.4414,1.44161,3.95,1.69
2013.10.29 15:03:39.596,1.4414,1.44161,3.00,1.69
2013.10.29 15:03:39.778,1.4414,1.44162,3.01,1.84
2013.10.29 15:03:40.325,1.4414,1.44162,1.88,1.69
2013.10.29 15:03:40.685,1.4414,1.4416,1.20,1.32
2013.10.29 15:03:41.106,1.4414,1.44161,1.20,2.07
2013.10.29 15:03:41.345,1.4414,1.44161,2.63,2.07
2013.10.29 15:03:42.125,1.4414,1.44161,2.63,2.07
2013.10.29 15:03:42.766,1.44139,1.44157,1.39,1.50
2013.10.29 15:03:43.381,1.44139,1.44159,1.77,1.50
2013.10.29 15:03:43.453,1.44139,1.4416,2.25,1.50
2013.10.29 15:03:43.816,1.44139,1.4416,1.88,2.07
2013.10.29 15:03:44.295,1.44139,1.4416,1.39,1.95
2013.10.29 15:03:44.355,1.44139,1.4416,2.82,1.88
2013.10.29 15:03:44.536,1.44139,1.4416,2.82,1.88
2013.10.29 15:03:44.837,1.4414,1.4416,2.82,1.88
2013.10.29 15:03:44.958,1.44141,1.44161,5.07,1.58
2013.10.29 15:03:45.137,1.44145,1.44163,2.89,1.50
2013.10.29 15:03:45.379,1.44146,1.44167,3.57,1.50
2013.10.29 15:03:45.565,1.44148,1.44169,3.19,1.58
2013.10.29 15:03:47.335,1.44148,1.44169,2.82,1.58
2013.10.29 15:03:47.700,1.44148,1.44169,1.50,1.39
2013.10.29 15:03:48.227,1.44148,1.44166,1.50,1.32
2013.10.29 15:03:48.348,1.44148,1.44166,2.25,1.88
2013.10.29 15:03:48.407,1.44147,1.44166,2.14,1.13
2013.10.29 15:03:48.528,1.44147,1.44166,3.57,1.13
2013.10.29 15:03:48.588,1.44148,1.44167,2.86,2.25
2013.10.29 15:03:48.647,1.44149,1.44167,3.42,1.50
2013.10.29 15:03:49.065,1.44152,1.44172,3.57,1.50
2013.10.29 15:03:49.567,1.44152,1.44172,3.57,1.50
2013.10.29 15:03:49.687,1.44156,1.44173,4.06,1.13
2013.10.29 15:03:49.810,1.44158,1.44173,4.88,1.13
2013.10.29 15:03:50.123,1.44163,1.44176,2.70,1.13
2013.10.29 15:03:50.427,1.44165,1.44184,3.38,1.50
2013.10.29 15:03:50.846,1.44166,1.44185,3.38,1.13
2013.10.29 15:03:51.086,1.44168,1.44189,3.38,1.69
2013.10.29 15:03:51.325,1.44168,1.44191,4.32,2.07
2013.10.29 15:03:51.505,1.44172,1.44192,2.63,2.07
2013.10.29 15:03:51.836,1.44172,1.44192,2.63,2.07
2013.10.29 15:03:53.246,1.44172,1.44192,3.57,1.88
2013.10.29 15:03:53.565,1.44174,1.44192,3.57,1.88
2013.10.29 15:03:54.135,1.44174,1.44192,2.82,1.88
2013.10.29 15:03:54.615,1.44174,1.44192,2.63,1.88
2013.10.29 15:03:55.116,1.44174,1.44192,1.20,1.88
2013.10.29 15:03:55.536,1.44172,1.44189,1.13,1.50
2013.10.29 15:03:56.077,1.44169,1.44189,3.64,1.50
2013.10.29 15:03:56.926,1.44169,1.44189,2.89,1.50
2013.10.29 15:03:56.987,1.44169,1.44185,1.58,1.32
2013.10.29 15:03:57.165,1.44166,1.44185,1.50,1.69
2013.10.29 15:03:57.286,1.44165,1.44182,1.58,2.25
2013.10.29 15:03:57.525,1.44163,1.44182,1.13,2.33
2013.10.29 15:03:58.086,1.44163,1.44182,1.32,1.58
2013.10.29 15:03:58.266,1.44163,1.44183,3.34,1.58
2013.10.29 15:03:59.655,1.44163,1.44185,2.89,1.58
2013.10.29 15:04:00.016,1.44163,1.44185,2.89,1.58
2013.10.29 15:04:02.118,1.44163,1.44182,2.52,1.50
2013.10.29 15:04:02.186,1.44163,1.44182,2.89,1.50
2013.10.29 15:04:02.547,1.44171,1.44187,2.97,1.50
2013.10.29 15:04:02.607,1.44171,1.44187,2.59,1.50
2013.10.29 15:04:03.137,1.44171,1.44188,1.77,1.50
2013.10.29 15:04:03.495,1.44172,1.44191,7.32,2.63
2013.10.29 15:04:03.855,1.44174,1.44191,2.70,1.88
2013.10.29 15:04:04.405,1.44176,1.44191,3.38,1.88
2013.10.29 15:04:04.917,1.44176,1.44189,3.57,1.50
2013.10.29 15:04:05.245,1.44176,1.44192,5.07,1.50
2013.10.29 15:04:05.306,1.44179,1.44198,2.82,1.50
2013.10.29 15:04:05.427,1.44179,1.44198,2.82,1.50
2013.10.29 15:04:05.785,1.44179,1.44196,1.69,1.88
2013.10.29 15:04:05.845,1.44177,1.44196,1.39,1.95
2013.10.29 15:04:06.086,1.44177,1.44196,1.39,2.70
2013.10.29 15:04:06.326,1.44178,1.44198,2.15,2.14
2013.10.29 15:04:06.446,1.44179,1.44198,2.63,1.50
2013.10.29 15:04:06.957,1.44179,1.44196,1.20,1.50
2013.10.29 15:04:07.656,1.44179,1.44196,1.20,1.50
2013.10.29 15:04:08.166,1.44179,1.44195,3.19,1.50
2013.10.29 15:04:08.662,1.44179,1.44199,3.57,1.50
2013.10.29 15:04:09.206,1.4418,1.44199,2.63,2.25
2013.10.29 15:04:09.328,1.4418,1.44199,1.20,1.50
2013.10.29 15:04:09.386,1.4418,1.44199,1.20,1.50
2013.10.29 15:04:09.566,1.44178,1.44196,3.34,1.88
2013.10.29 15:04:09.625,1.44178,1.44195,2.89,1.50
2013.10.29 15:04:09.746,1.44178,1.44195,1.02,1.50
2013.10.29 15:04:10.285,1.44176,1.44193,1.02,1.50
2013.10.29 15:04:10.946,1.44176,1.44195,2.22,1.58
2013.10.29 15:04:11.185,1.44178,1.44196,2.14,1.50
2013.10.29 15:04:11.687,1.44178,1.44196,2.89,1.50
2013.10.29 15:04:12.226,1.44178,1.44197,2.63,1.69
2013.10.29 15:04:12.471,1.44178,1.44196,1.50,2.25
2013.10.29 15:04:12.596,1.44177,1.44195,1.50,1.50
2013.10.29 15:04:16.067,1.44177,1.44195,1.88,1.50
2013.10.29 15:04:16.695,1.44176,1.44196,2.44,2.25
2013.10.29 15:04:18.916,1.44176,1.44194,1.69,1.50
2013.10.29 15:04:21.566,1.44176,1.44196,1.02,2.33
2013.10.29 15:04:22.325,1.44176,1.44195,2.63,1.50
2013.10.29 15:04:22.385,1.44176,1.44195,2.63,1.50
2013.10.29 15:04:24.276,1.44177,1.44195,3.38,1.50
2013.10.29 15:04:24.578,1.44181,1.44198,2.82,1.50
2013.10.29 15:04:24.816,1.44181,1.44202,4.32,1.88
2013.10.29 15:04:25.315,1.44182,1.44202,4.32,1.13
2013.10.29 15:04:25.686,1.44184,1.44203,3.94,1.13
2013.10.29 15:04:25.865,1.44184,1.44207,4.70,1.58
2013.10.29 15:04:25.926,1.44185,1.44208,2.82,1.69
2013.10.29 15:04:26.166,1.44185,1.44208,3.57,1.77
2013.10.29 15:04:26.376,1.44185,1.44208,4.32,1.77
2013.10.29 15:04:26.436,1.44187,1.44208,3.49,1.58
2013.10.29 15:04:26.800,1.44189,1.44208,3.57,1.50
2013.10.29 15:04:28.335,1.4419,1.44209,2.44,1.13
2013.10.29 15:04:28.656,1.4419,1.44209,2.44,1.13
2013.10.29 15:04:29.185,1.44189,1.44209,1.02,1.95
2013.10.29 15:04:29.696,1.44187,1.44207,3.27,1.50
2013.10.29 15:04:30.595,1.44187,1.44207,3.64,1.50
2013.10.29 15:04:31.135,1.44186,1.44206,1.50,1.69
2013.10.29 15:04:31.196,1.44184,1.44204,1.58,1.02
2013.10.29 15:04:31.876,1.44184,1.44204,1.58,1.02
2013.10.29 15:04:32.376,1.44184,1.44204,1.58,1.02
2013.10.29 15:04:33.095,1.44184,1.44204,1.58,1.02
2013.10.29 15:04:34.006,1.44184,1.44204,1.58,1.02
2013.10.29 15:04:34.315,1.44184,1.44207,2.25,1.47
2013.10.29 15:04:35.037,1.44184,1.44207,2.25,1.47
2013.10.29 15:04:35.738,1.44185,1.44207,2.44,1.09
2013.10.29 15:04:36.555,1.44185,1.44208,2.44,2.22
2013.10.29 15:04:36.735,1.44185,1.44208,2.25,2.14
2013.10.29 15:04:37.095,1.44185,1.44208,1.58,2.14
2013.10.29 15:04:37.157,1.44186,1.44206,2.15,1.58
2013.10.29 15:04:37.279,1.44186,1.44206,2.22,2.33
2013.10.29 15:04:37.526,1.44186,1.44206,1.02,1.50
2013.10.29 15:04:37.706,1.44185,1.44204,3.00,1.13
2013.10.29 15:04:37.948,1.44182,1.44201,1.32,1.95
2013.10.29 15:04:38.006,1.44182,1.44201,1.32,1.95
2013.10.29 15:04:38.545,1.4418,1.44201,2.59,1.20
2013.10.29 15:04:38.906,1.44181,1.44202,4.62,2.03
2013.10.29 15:04:39.088,1.44184,1.44203,3.23,1.65
2013.10.29 15:04:39.635,1.44184,1.44207,3.64,1.84
2013.10.29 15:04:40.406,1.44184,1.44207,4.02,1.84
2013.10.29 15:04:40.955,1.44184,1.44207,2.52,1.84
2013.10.29 15:04:41.667,1.44183,1.442,1.50,1.50
2013.10.29 15:04:41.786,1.44181,1.44199,1.39,1.88
2013.10.29 15:04:42.325,1.4418,1.44198,1.39,1.50
2013.10.29 15:04:42.925,1.4418,1.44199,1.32,1.13
2013.10.29 15:04:43.105,1.4418,1.44201,2.90,2.03
2013.10.29 15:04:44.086,1.44181,1.44201,2.40,2.07
2013.10.29 15:04:44.266,1.44181,1.442,1.28,2.07
2013.10.29 15:04:44.737,1.44181,1.442,1.88,1.69
2013.10.29 15:04:45.895,1.44181,1.442,1.20,2.44
2013.10.29 15:04:46.260,1.44179,1.44196,3.08,1.50
2013.10.29 15:04:46.446,1.44178,1.44198,1.84,3.00
2013.10.29 15:04:47.616,1.44179,1.442,3.00,1.32
2013.10.29 15:04:48.124,1.44179,1.442,1.58,1.39
2013.10.29 15:04:48.426,1.44179,1.442,2.52,1.20
2013.10.29 15:04:48.875,1.4418,1.442,3.27,1.13
2013.10.29 15:04:49.145,1.4418,1.442,3.27,1.20
2013.10.29 15:04:49.895,1.4418,1.442,3.95,1.20
2013.10.29 15:04:50.417,1.4418,1.442,4.32,1.13
2013.10.29 15:04:50.895,1.4418,1.442,2.90,1.20
2013.10.29 15:04:51.626,1.4418,1.44201,3.65,1.58
2013.10.29 15:04:51.985,1.44192,1.44208,2.82,1.50
2013.10.29 15:04:52.109,1.44195,1.44213,2.63,1.32
2013.10.29 15:04:52.296,1.44195,1.44212,1.09,1.13
2013.10.29 15:04:52.417,1.44195,1.44215,2.90,1.20
2013.10.29 15:04:52.967,1.44196,1.44216,2.63,1.32
2013.10.29 15:04:56.077,1.44195,1.44213,1.58,1.32
2013.10.29 15:04:56.258,1.44194,1.44211,2.33,1.32
2013.10.29 15:04:56.676,1.44193,1.44212,1.58,1.69
2013.10.29 15:04:57.718,1.44193,1.44209,1.58,1.32
2013.10.29 15:05:05.066,1.44192,1.44209,1.50,1.32
2013.10.29 15:05:05.426,1.44192,1.44209,1.65,1.13
2013.10.29 15:05:05.946,1.44192,1.44209,1.65,1.13
2013.10.29 15:05:08.628,1.44192,1.44212,1.58,2.14
2013.10.29 15:05:09.164,1.4419,1.44211,2.25,1.09
2013.10.29 15:05:14.497,1.44189,1.44207,1.58,1.32
2013.10.29 15:05:14.618,1.44189,1.44208,1.58,2.07
2013.10.29 15:05:14.738,1.44188,1.44203,1.13,1.50
2013.10.29 15:05:14.917,1.44183,1.44202,2.52,1.50
2013.10.29 15:05:15.483,1.44183,1.44203,1.47,1.65
2013.10.29 15:05:16.026,1.44183,1.44204,1.47,3.94
2013.10.29 15:05:16.697,1.44183,1.44204,1.47,3.19
2013.10.29 15:05:18.927,1.44183,1.44204,2.22,1.09
2013.10.29 15:05:19.105,1.44183,1.44203,1.47,1.50
2013.10.29 15:05:19.606,1.44183,1.44204,1.84,1.77
2013.10.29 15:05:19.936,1.44183,1.44204,1.84,1.77
2013.10.29 15:05:20.695,1.44183,1.44204,1.09,2.14
2013.10.29 15:05:21.556,1.44182,1.44202,2.14,1.58
2013.10.29 15:05:21.886,1.44182,1.44202,1.39,1.58
2013.10.29 15:05:22.547,1.44181,1.44202,1.47,1.58
2013.10.29 15:05:22.607,1.44181,1.44202,1.47,1.58
2013.10.29 15:05:22.966,1.44181,1.44203,1.32,2.25
2013.10.29 15:05:23.066,1.44181,1.44203,1.32,2.25
2013.10.29 15:05:23.316,1.44181,1.44203,1.32,2.25
2013.10.29 15:05:24.057,1.44181,1.44203,1.32,2.25
2013.10.29 15:05:24.566,1.44181,1.44203,1.32,2.25
2013.10.29 15:05:25.425,1.44181,1.44203,2.60,2.25
2013.10.29 15:05:26.525,1.44181,1.44202,2.59,1.58
2013.10.29 15:05:27.116,1.44181,1.44202,2.22,1.58
2013.10.29 15:05:27.677,1.44181,1.44202,1.47,1.58
2013.10.29 15:05:27.937,1.44181,1.44202,4.32,1.58
2013.10.29 15:05:27.997,1.44181,1.44202,5.45,1.58
2013.10.29 15:05:28.536,1.44184,1.44204,2.45,1.65
2013.10.29 15:05:29.196,1.44182,1.44203,2.14,1.02
2013.10.29 15:05:29.696,1.44182,1.44204,2.52,1.58
2013.10.29 15:05:30.638,1.44182,1.44204,3.87,1.58
2013.10.29 15:05:31.216,1.44182,1.44203,2.14,1.02
2013.10.29 15:05:31.825,1.44182,1.44203,1.58,1.02
2013.10.29 15:05:32.125,1.44182,1.44203,1.95,1.02
2013.10.29 15:05:32.836,1.44182,1.44203,1.20,1.02
2013.10.29 15:05:33.196,1.44181,1.44203,3.64,1.58
2013.10.29 15:05:34.034,1.44181,1.44203,2.52,1.58
2013.10.29 15:05:34.106,1.44181,1.44203,3.27,1.58
2013.10.29 15:05:37.525,1.44181,1.44203,2.89,1.77
2013.10.29 15:05:38.645,1.44181,1.44203,3.87,2.52
2013.10.29 15:05:39.845,1.44181,1.44203,2.89,1.77
2013.10.29 15:05:40.405,1.44181,1.44203,2.14,1.77
2013.10.29 15:05:40.684,1.44181,1.44203,2.89,1.77
2013.10.29 15:05:40.926,1.44181,1.44203,3.64,1.77
2013.10.29 15:05:42.665,1.44181,1.44203,2.52,2.52
2013.10.29 15:05:44.195,1.44181,1.44203,4.25,2.52
2013.10.29 15:05:44.446,1.44185,1.44203,2.63,1.77
2013.10.29 15:05:44.566,1.44185,1.44205,2.52,1.95
2013.10.29 15:05:45.160,1.44185,1.44205,2.89,1.88
2013.10.29 15:05:45.745,1.44185,1.44205,3.94,1.13
2013.10.29 15:05:46.285,1.44185,1.44204,1.84,1.58
2013.10.29 15:05:48.067,1.44185,1.44204,1.02,1.95
2013.10.29 15:05:49.164,1.44185,1.44204,1.77,1.95
2013.10.29 15:05:52.976,1.44184,1.44203,1.58,1.02
2013.10.29 15:05:56.137,1.44183,1.44203,2.33,1.02
2013.10.29 15:05:56.317,1.44182,1.44202,2.07,1.58
2013.10.29 15:05:56.735,1.44182,1.44203,3.95,1.09
2013.10.29 15:05:58.774,1.44182,1.44203,3.57,1.84
2013.10.29 15:05:59.076,1.44182,1.442,1.35,1.58
2013.10.29 15:05:59.437,1.44183,1.44204,2.93,2.97
2013.10.29 15:05:59.737,1.44183,1.44205,3.57,2.33
2013.10.29 15:06:00.276,1.44185,1.44206,4.13,1.28
2013.10.29 15:06:00.897,1.44185,1.44206,1.28,3.15
2013.10.29 15:06:01.528,1.44185,1.44204,1.28,1.13
2013.10.29 15:06:03.265,1.44185,1.44204,1.58,1.13
2013.10.29 15:06:03.685,1.44185,1.44205,2.60,1.13
2013.10.29 15:06:03.805,1.44186,1.44205,3.12,1.88
2013.10.29 15:06:04.347,1.44186,1.44207,4.24,2.78
2013.10.29 15:06:04.886,1.44186,1.44205,3.31,1.88
2013.10.29 15:06:05.976,1.44186,1.44206,4.25,2.33
2013.10.29 15:06:06.336,1.44191,1.44211,2.45,2.25
2013.10.29 15:06:06.695,1.44187,1.44206,1.54,1.95
2013.10.29 15:06:07.186,1.44185,1.44204,2.07,1.20
2013.10.29 15:06:07.366,1.44185,1.44204,1.32,1.58
2013.10.29 15:06:07.857,1.44185,1.44205,2.07,3.00
2013.10.29 15:06:08.037,1.44185,1.44206,1.09,1.65
2013.10.29 15:06:08.576,1.44185,1.44207,1.69,3.75
2013.10.29 15:06:08.935,1.44187,1.44211,2.60,2.63
2013.10.29 15:06:09.466,1.44187,1.44209,2.89,1.58
2013.10.29 15:06:10.446,1.44187,1.44207,1.95,1.77
2013.10.29 15:06:10.567,1.44187,1.44205,1.13,1.20
2013.10.29 15:06:10.686,1.44186,1.44205,1.88,1.95
2013.10.29 15:06:11.886,1.44186,1.44205,1.13,2.33
2013.10.29 15:06:12.856,1.44184,1.44203,1.95,1.20
2013.10.29 15:06:13.747,1.44184,1.44204,1.95,1.39
2013.10.29 15:06:14.885,1.44184,1.44203,1.95,1.20
2013.10.29 15:06:15.076,1.44183,1.44202,2.33,1.13
2013.10.29 15:06:15.257,1.44181,1.44201,2.70,2.07
2013.10.29 15:06:15.376,1.44181,1.44201,1.58,2.14
2013.10.29 15:06:15.867,1.4418,1.44198,1.95,1.58
2013.10.29 15:06:16.050,1.4418,1.44202,3.65,2.33
2013.10.29 15:06:16.178,1.4418,1.44202,3.65,1.95
2013.10.29 15:06:16.477,1.44181,1.44204,3.75,2.07
2013.10.29 15:06:16.895,1.44181,1.44203,2.33,2.52
2013.10.29 15:06:17.437,1.44181,1.44202,2.33,2.07
2013.10.29 15:06:20.068,1.44181,1.44203,2.33,1.77
2013.10.29 15:06:20.305,1.44181,1.44203,3.45,1.02
2013.10.29 15:06:20.838,1.44181,1.44203,3.46,1.02
2013.10.29 15:06:21.135,1.44181,1.44203,3.08,1.02
2013.10.29 15:06:31.336,1.44181,1.44203,2.70,1.77
2013.10.29 15:06:31.891,1.44181,1.44203,2.89,1.77
2013.10.29 15:06:32.925,1.44181,1.44203,1.95,1.77
2013.10.29 15:06:33.948,1.44181,1.44203,1.95,2.52
2013.10.29 15:06:34.485,1.44181,1.44203,4.39,1.77
2013.10.29 15:06:35.041,1.44181,1.44203,4.20,2.14
2013.10.29 15:06:36.189,1.44181,1.44203,2.71,1.77
2013.10.29 15:06:37.446,1.44181,1.44201,1.95,1.02
2013.10.29 15:06:38.456,1.44181,1.44202,1.58,1.02
2013.10.29 15:06:39.596,1.44181,1.44201,1.58,1.02
2013.10.29 15:06:40.555,1.44181,1.44202,1.58,1.77
2013.10.29 15:06:41.307,1.44181,1.44202,2.22,1.77
2013.10.29 15:06:41.867,1.44181,1.44201,1.28,1.09
2013.10.29 15:06:42.616,1.44181,1.442,1.28,1.02
2013.10.29 15:06:46.091,1.44179,1.44198,2.33,1.39
2013.10.29 15:06:46.219,1.44179,1.44198,1.50,1.32
2013.10.29 15:06:48.598,1.44178,1.44198,1.58,1.02
2013.10.29 15:06:48.776,1.44178,1.442,1.95,1.69
2013.10.29 15:06:49.312,1.44178,1.442,2.90,1.02
2013.10.29 15:06:49.988,1.44178,1.44199,1.95,1.02
2013.10.29 15:06:50.682,1.44178,1.44199,1.50,1.02
2013.10.29 15:06:51.236,1.44182,1.44202,2.37,1.20
2013.10.29 15:06:53.076,1.44182,1.44201,1.54,1.58
2013.10.29 15:06:54.756,1.44182,1.44201,1.54,1.58
2013.10.29 15:06:57.215,1.44182,1.44201,1.54,1.58
2013.10.29 15:06:57.455,1.44182,1.44202,1.02,2.03
2013.10.29 15:06:57.576,1.44182,1.44202,1.02,2.03
2013.10.29 15:06:58.396,1.44181,1.44201,2.14,1.58
2013.10.29 15:06:58.457,1.44181,1.44201,1.09,2.25
2013.10.29 15:06:59.495,1.44182,1.44201,2.89,1.58
2013.10.29 15:06:59.676,1.44181,1.442,1.95,2.07
2013.10.29 15:06:59.855,1.44179,1.442,1.58,2.14
2013.10.29 15:06:59.976,1.44177,1.44199,2.33,2.52
2013.10.29 15:07:00.921,1.44177,1.44199,2.33,2.52
2013.10.29 15:07:02.166,1.44177,1.44198,2.89,1.32
2013.10.29 15:07:02.226,1.44177,1.44198,3.57,1.32
2013.10.29 15:07:02.527,1.44179,1.442,2.63,1.39
2013.10.29 15:07:03.076,1.44179,1.442,1.58,1.39
2013.10.29 15:07:05.169,1.44179,1.442,1.58,1.39
2013.10.29 15:07:05.940,1.44179,1.442,1.58,1.39
2013.10.29 15:07:07.036,1.44179,1.442,1.58,2.14
2013.10.29 15:07:11.056,1.44176,1.44199,1.32,1.95
2013.10.29 15:07:14.018,1.44175,1.44195,3.45,1.69
2013.10.29 15:07:14.086,1.44175,1.44195,2.63,1.77
2013.10.29 15:07:14.147,1.44175,1.44195,1.88,1.84
2013.10.29 15:07:14.266,1.44172,1.44195,1.09,2.59
2013.10.29 15:07:14.878,1.44172,1.44192,1.32,2.25
2013.10.29 15:07:15.436,1.44172,1.44195,1.02,2.14
2013.10.29 15:07:15.557,1.44172,1.44195,1.13,1.77
2013.10.29 15:07:16.095,1.44172,1.44195,1.77,1.77
2013.10.29 15:07:16.650,1.44172,1.44195,2.14,2.52
2013.10.29 15:07:17.416,1.44172,1.44196,2.63,1.77
2013.10.29 15:07:17.786,1.44172,1.44195,1.58,1.32
2013.10.29 15:07:17.906,1.44171,1.44192,2.82,1.50
2013.10.29 15:07:18.445,1.44171,1.44193,4.69,1.50
2013.10.29 15:07:19.266,1.44172,1.44192,3.38,1.50
2013.10.29 15:07:20.125,1.44172,1.44193,2.33,1.50
2013.10.29 15:07:20.305,1.44172,1.44193,1.65,1.65
2013.10.29 15:07:20.646,1.44172,1.44195,2.22,3.75
2013.10.29 15:07:22.076,1.44171,1.44193,1.28,1.09
2013.10.29 15:07:22.555,1.44171,1.44194,2.52,1.02
2013.10.29 15:07:23.096,1.44171,1.44193,1.32,1.65
2013.10.29 15:07:23.635,1.44171,1.44191,1.13,1.58
2013.10.29 15:07:25.355,1.44172,1.44192,2.82,1.50
2013.10.29 15:07:25.929,1.44172,1.44193,2.82,1.09
2013.10.29 15:07:26.056,1.44172,1.44191,1.20,1.50
2013.10.29 15:07:26.295,1.44171,1.44193,1.77,1.77
2013.10.29 15:07:26.844,1.44171,1.44191,1.77,1.58
2013.10.29 15:07:27.358,1.44171,1.44193,3.27,1.58
2013.10.29 15:07:27.886,1.44171,1.44193,3.27,1.58
2013.10.29 15:07:32.978,1.44171,1.44193,3.64,1.58
2013.10.29 15:07:33.436,1.44171,1.44194,3.64,1.58
2013.10.29 15:07:34.536,1.44171,1.44193,2.89,1.58
2013.10.29 15:07:35.327,1.44171,1.44191,2.89,1.50
2013.10.29 15:07:36.007,1.44171,1.44191,1.39,1.50
2013.10.29 15:07:36.846,1.44171,1.44191,1.39,1.50
2013.10.29 15:07:38.235,1.44171,1.44191,1.39,1.50
2013.10.29 15:07:38.872,1.44171,1.44191,1.02,1.50
2013.10.29 15:07:42.637,1.4417,1.44189,2.44,1.50
2013.10.29 15:07:42.756,1.44168,1.44185,1.13,1.58
2013.10.29 15:07:48.136,1.44165,1.44186,1.02,2.33
2013.10.29 15:07:48.196,1.44165,1.44186,1.39,2.33
2013.10.29 15:07:49.517,1.44165,1.44186,1.77,2.33
2013.10.29 15:07:50.229,1.44165,1.44186,2.52,1.58
2013.10.29 15:07:51.233,1.44165,1.44186,2.52,2.14
2013.10.29 15:07:51.985,1.44165,1.44186,2.52,1.77
2013.10.29 15:07:55.776,1.44165,1.44186,1.02,2.14
2013.10.29 15:07:56.939,1.44165,1.44184,1.02,1.58
2013.10.29 15:07:58.256,1.44165,1.44184,1.02,1.58
2013.10.29 15:07:58.316,1.44163,1.44184,2.89,1.58
2013.10.29 15:08:00.273,1.44163,1.44184,1.84,2.33
2013.10.29 15:08:03.486,1.44163,1.44184,1.47,2.33
2013.10.29 15:08:03.996,1.44163,1.44182,1.09,1.20
2013.10.29 15:08:04.595,1.44163,1.44183,1.09,1.28
2013.10.29 15:08:04.999,1.44163,1.44184,2.44,1.95
2013.10.29 15:08:05.351,1.44163,1.44184,3.20,1.20
2013.10.29 15:08:05.659,1.44165,1.44184,2.44,1.20
2013.10.29 15:08:06.726,1.44166,1.44186,3.12,1.50
2013.10.29 15:08:06.785,1.44166,1.44186,3.12,1.50
2013.10.29 15:08:08.516,1.44166,1.44186,2.45,2.03
2013.10.29 15:08:10.786,1.44166,1.44186,2.07,1.28
2013.10.29 15:08:11.507,1.44166,1.44186,2.07,2.03
2013.10.29 15:08:11.566,1.44166,1.44186,4.70,1.28
2013.10.29 15:08:12.117,1.44168,1.44187,2.97,1.95
2013.10.29 15:08:13.157,1.44168,1.44185,2.97,1.50
2013.10.29 15:08:13.696,1.44168,1.44186,3.19,1.58
2013.10.29 15:08:14.235,1.44168,1.44186,2.74,1.58
2013.10.29 15:08:14.736,1.44168,1.44186,2.44,3.75
2013.10.29 15:08:14.796,1.44168,1.44186,2.82,2.25
2013.10.29 15:08:15.286,1.44169,1.44186,3.87,1.50
2013.10.29 15:08:17.141,1.44169,1.44186,4.25,1.50
2013.10.29 15:08:17.686,1.44173,1.44187,4.02,1.13
2013.10.29 15:08:18.258,1.44173,1.44187,4.02,1.13
2013.10.29 15:08:18.995,1.44173,1.4419,4.02,1.50
2013.10.29 15:08:19.536,1.44173,1.4419,3.27,1.50
2013.10.29 15:08:20.276,1.44173,1.4419,4.02,1.50
2013.10.29 15:08:20.949,1.44173,1.44191,2.44,2.25
2013.10.29 15:08:21.506,1.44173,1.44191,2.44,2.25
2013.10.29 15:08:22.229,1.44173,1.44191,2.44,2.25
2013.10.29 15:08:22.936,1.44173,1.44191,2.44,2.25
2013.10.29 15:08:23.411,1.44173,1.44191,3.72,2.25
2013.10.29 15:08:25.326,1.44173,1.4419,6.87,1.50
2013.10.29 15:08:25.629,1.44172,1.44189,1.69,1.65
2013.10.29 15:08:26.166,1.44171,1.44187,1.69,1.50
2013.10.29 15:08:27.016,1.44169,1.44188,3.57,1.95
2013.10.29 15:08:27.556,1.44169,1.44188,3.57,1.95
2013.10.29 15:08:28.086,1.44169,1.44187,3.57,1.88
2013.10.29 15:08:28.206,1.44169,1.44186,1.32,2.70
2013.10.29 15:08:28.987,1.44168,1.44185,1.17,1.58
2013.10.29 15:08:29.956,1.44168,1.44185,1.17,1.58
2013.10.29 15:08:30.077,1.44163,1.44181,1.65,1.02
2013.10.29 15:08:30.137,1.44163,1.4418,1.50,1.02
2013.10.29 15:08:30.805,1.4416,1.44179,1.20,1.02
2013.10.29 15:08:35.077,1.4416,1.44181,1.02,1.95
2013.10.29 15:08:35.256,1.44161,1.44183,2.45,2.07
2013.10.29 15:08:36.011,1.44161,1.44184,1.77,1.39
2013.10.29 15:08:37.629,1.44161,1.44184,3.20,1.39
2013.10.29 15:08:38.267,1.44161,1.44183,2.52,1.77
2013.10.29 15:08:42.987,1.44161,1.44181,1.58,1.09
2013.10.29 15:08:56.455,1.44161,1.44181,1.58,1.02
2013.10.29 15:08:57.372,1.44161,1.44181,1.58,1.95
2013.10.29 15:08:59.116,1.4416,1.44181,2.33,2.33
2013.10.29 15:08:59.356,1.4416,1.44181,1.58,1.58
2013.10.29 15:09:00.326,1.4416,1.44181,1.58,1.58
2013.10.29 15:09:00.686,1.4416,1.4418,1.58,1.09
2013.10.29 15:09:00.746,1.4416,1.4418,1.58,1.09
2013.10.29 15:09:02.835,1.4416,1.4418,1.58,1.09
2013.10.29 15:09:12.227,1.4416,1.44179,1.58,1.02
2013.10.29 15:09:12.920,1.4416,1.44179,1.58,1.02
2013.10.29 15:09:13.446,1.4416,1.44179,1.50,1.02
2013.10.29 15:09:13.566,1.44158,1.44179,1.77,1.02
2013.10.29 15:09:14.096,1.44158,1.44179,1.77,1.02
2013.10.29 15:09:14.646,1.44158,1.44179,1.58,1.39
2013.10.29 15:09:16.598,1.44158,1.44179,1.50,1.39
2013.10.29 15:09:17.280,1.44158,1.44179,1.84,1.39
2013.10.29 15:09:17.596,1.44158,1.44179,1.84,1.39
2013.10.29 15:09:21.908,1.44158,1.44179,1.09,1.02
2013.10.29 15:09:22.086,1.44158,1.44178,1.09,1.58
2013.10.29 15:09:25.109,1.44157,1.44176,1.50,1.02
2013.10.29 15:09:25.168,1.44156,1.44176,1.50,2.07
2013.10.29 15:09:25.226,1.44156,1.44176,1.50,2.07
2013.10.29 15:09:25.646,1.44153,1.44174,1.58,1.47
2013.10.29 15:09:25.827,1.44151,1.44173,1.09,2.63
2013.10.29 15:09:26.067,1.44151,1.44173,1.09,2.63
2013.10.29 15:09:26.187,1.44151,1.44173,1.13,2.63
2013.10.29 15:09:26.488,1.4415,1.44171,1.65,1.47
2013.10.29 15:09:26.846,1.4415,1.44171,1.28,1.09
2013.10.29 15:09:29.937,1.4415,1.4417,1.50,1.50
2013.10.29 15:09:30.476,1.4415,1.44171,1.77,1.20
2013.10.29 15:09:30.858,1.4415,1.44171,1.50,1.20
2013.10.29 15:09:33.179,1.4415,1.44171,1.50,1.77
2013.10.29 15:09:33.355,1.4415,1.44171,1.65,1.39
2013.10.29 15:09:35.119,1.44148,1.44168,1.65,1.09
2013.10.29 15:09:35.606,1.44146,1.44165,2.14,1.50
2013.10.29 15:09:35.666,1.44146,1.44167,2.59,1.84
2013.10.29 15:09:35.787,1.44146,1.44164,1.13,1.09
2013.10.29 15:09:36.146,1.44146,1.44162,1.13,1.02
2013.10.29 15:09:36.269,1.44144,1.44162,1.13,1.77
2013.10.29 15:09:37.086,1.44142,1.44162,1.58,1.77
2013.10.29 15:09:37.746,1.44141,1.44161,2.89,1.20
2013.10.29 15:09:38.996,1.44141,1.44161,2.82,1.95
2013.10.29 15:09:39.816,1.44141,1.44161,2.07,1.95
2013.10.29 15:09:40.508,1.44141,1.44161,1.32,1.95
2013.10.29 15:09:40.876,1.44141,1.44161,1.69,1.95
2013.10.29 15:09:44.269,1.44141,1.4416,1.50,1.77
2013.10.29 15:09:45.081,1.4414,1.44159,1.50,2.03
2013.10.29 15:09:47.856,1.4414,1.4416,2.25,2.89
2013.10.29 15:09:49.939,1.4414,1.44159,3.00,1.28
2013.10.29 15:09:50.668,1.4414,1.4416,3.57,1.58
2013.10.29 15:09:51.686,1.4414,1.44161,4.32,1.58
2013.10.29 15:09:52.226,1.4414,1.44162,4.02,1.58
2013.10.29 15:09:53.807,1.44141,1.44162,2.90,1.20
2013.10.29 15:09:55.808,1.4414,1.4416,2.25,2.44
2013.10.29 15:09:58.656,1.4414,1.44158,2.25,1.09
2013.10.29 15:10:00.706,1.44139,1.44157,1.50,1.09
2013.10.29 15:10:01.008,1.44139,1.44155,1.50,1.58
2013.10.29 15:10:01.919,1.44139,1.44156,1.50,1.58
2013.10.29 15:10:02.447,1.44139,1.44156,1.50,1.50
2013.10.29 15:10:02.567,1.44139,1.44156,1.50,1.50
2013.10.29 15:10:03.130,1.44133,1.44151,1.20,1.69
2013.10.29 15:10:03.699,1.44131,1.4415,1.28,1.65
2013.10.29 15:10:04.656,1.44131,1.44151,1.13,3.19
2013.10.29 15:10:05.232,1.44131,1.44151,1.13,3.57
2013.10.29 15:10:05.879,1.44128,1.44149,2.52,1.77
2013.10.29 15:10:06.403,1.44128,1.4415,2.22,2.44
2013.10.29 15:10:07.026,1.44128,1.44151,3.27,1.77
2013.10.29 15:10:08.219,1.44128,1.44149,1.20,1.02
2013.10.29 15:10:08.756,1.44128,1.44149,2.82,1.58
2013.10.29 15:10:08.876,1.44128,1.44149,3.75,1.02
2013.10.29 15:10:09.117,1.44128,1.44145,1.50,1.50
2013.10.29 15:10:09.298,1.44128,1.44146,1.50,2.52
2013.10.29 15:10:09.547,1.44126,1.44143,1.13,4.02
2013.10.29 15:10:09.727,1.44126,1.44141,1.13,1.50
2013.10.29 15:10:10.373,1.44123,1.44143,1.13,1.28
2013.10.29 15:10:11.106,1.44123,1.44141,1.13,1.13
2013.10.29 15:10:14.912,1.44122,1.44141,2.22,1.13
2013.10.29 15:10:15.977,1.44122,1.44144,4.10,3.38
2013.10.29 15:10:16.038,1.44125,1.44144,3.64,1.13
2013.10.29 15:10:16.575,1.44125,1.44145,3.94,1.13
2013.10.29 15:10:16.697,1.44125,1.44144,2.74,1.58
2013.10.29 15:10:17.116,1.44125,1.44143,3.80,1.50
2013.10.29 15:10:17.716,1.44125,1.44147,3.49,1.95
2013.10.29 15:10:18.217,1.44125,1.44147,3.50,1.58
2013.10.29 15:10:18.706,1.44126,1.44148,2.82,3.15
2013.10.29 15:10:19.790,1.44127,1.44148,3.27,4.20
2013.10.29 15:10:20.308,1.44127,1.44145,2.52,1.13
2013.10.29 15:10:20.367,1.44127,1.44145,1.58,1.13
2013.10.29 15:10:20.547,1.44127,1.44144,1.50,1.20
2013.10.29 15:10:20.728,1.44127,1.44146,1.50,1.58
2013.10.29 15:10:21.208,1.44126,1.44144,2.25,1.88
2013.10.29 15:10:21.746,1.44126,1.44144,1.69,1.13
2013.10.29 15:10:23.188,1.44126,1.44145,1.50,1.28
2013.10.29 15:10:23.307,1.44126,1.44145,1.65,1.50
2013.10.29 15:10:23.666,1.4413,1.44148,2.22,2.25
2013.10.29 15:10:23.786,1.44129,1.44146,2.33,1.13
2013.10.29 15:10:23.906,1.44129,1.44146,1.50,1.20
2013.10.29 15:10:24.497,1.44127,1.44146,1.28,1.58
2013.10.29 15:10:25.001,1.44126,1.44146,2.52,1.58
2013.10.29 15:10:25.190,1.44126,1.44144,2.25,1.50
2013.10.29 15:10:25.497,1.44131,1.44147,2.90,1.50
2013.10.29 15:10:25.558,1.44131,1.44148,2.90,1.50
2013.10.29 15:10:25.678,1.44132,1.44152,2.82,1.13
2013.10.29 15:10:27.008,1.44132,1.44152,2.25,1.88
2013.10.29 15:10:27.366,1.44132,1.44151,1.20,2.25
2013.10.29 15:10:27.878,1.44132,1.44151,1.13,1.58
2013.10.29 15:10:28.128,1.44132,1.44151,1.13,1.58
2013.10.29 15:10:28.666,1.44132,1.44151,1.47,1.50
2013.10.29 15:10:29.085,1.44132,1.44152,2.89,1.13
2013.10.29 15:10:29.895,1.44132,1.44152,2.89,1.13
2013.10.29 15:10:29.970,1.4413,1.4415,1.58,1.02
2013.10.29 15:10:30.694,1.4413,1.44151,1.58,1.77
2013.10.29 15:10:33.567,1.4413,1.44152,2.33,2.89
2013.10.29 15:10:33.926,1.44131,1.44154,4.32,1.39
2013.10.29 15:10:34.607,1.44131,1.44154,3.57,1.39
2013.10.29 15:10:36.157,1.44132,1.44153,2.71,1.47
2013.10.29 15:10:36.917,1.44132,1.44152,1.28,1.39
2013.10.29 15:10:37.416,1.44131,1.4415,1.13,1.02
2013.10.29 15:10:38.436,1.44131,1.4415,1.13,1.02
2013.10.29 15:10:39.131,1.4413,1.4415,1.95,1.02
2013.10.29 15:10:39.376,1.4413,1.44149,1.95,1.58
2013.10.29 15:10:39.987,1.4413,1.4415,1.95,1.02
2013.10.29 15:10:40.716,1.4413,1.4415,1.88,1.77
2013.10.29 15:10:43.127,1.4413,1.44151,1.13,2.44
2013.10.29 15:10:45.218,1.4413,1.4415,1.95,1.02
2013.10.29 15:10:47.128,1.44131,1.44152,2.22,1.88
2013.10.29 15:10:47.188,1.44133,1.44154,2.15,2.89
2013.10.29 15:10:47.426,1.44133,1.44155,2.89,1.47
2013.10.29 15:10:47.966,1.44133,1.44154,2.03,1.39
2013.10.29 15:10:48.938,1.44133,1.44156,3.64,1.39
2013.10.29 15:10:48.999,1.44135,1.44156,2.97,1.39
2013.10.29 15:10:54.289,1.44136,1.44159,3.38,1.69
2013.10.29 15:10:56.507,1.44138,1.4416,2.78,1.09
2013.10.29 15:10:58.116,1.44138,1.44159,1.28,1.47
2013.10.29 15:10:58.296,1.44138,1.44157,1.13,1.02
2013.10.29 15:10:58.416,1.44137,1.44157,1.58,1.02
2013.10.29 15:10:58.656,1.44137,1.44158,2.33,1.02
2013.10.29 15:11:00.046,1.44137,1.44159,1.58,1.77
2013.10.29 15:11:00.286,1.44136,1.44156,1.58,1.02
2013.10.29 15:11:00.406,1.44136,1.44158,3.00,1.09
2013.10.29 15:11:00.916,1.44136,1.44158,3.00,1.09
2013.10.29 15:11:01.456,1.44136,1.44158,3.00,1.09
2013.10.29 15:11:05.736,1.44136,1.44158,3.38,1.09
2013.10.29 15:11:10.516,1.44136,1.44159,3.38,1.47
2013.10.29 15:11:12.110,1.44136,1.44157,3.38,1.32
2013.10.29 15:11:12.346,1.44136,1.44157,3.38,1.09
2013.10.29 15:11:13.418,1.44136,1.44157,3.38,1.09
2013.10.29 15:11:21.156,1.44138,1.44159,2.78,1.69
2013.10.29 15:11:30.826,1.44138,1.44159,1.50,1.69
2013.10.29 15:11:34.257,1.44138,1.44159,1.50,1.02
2013.10.29 15:11:34.376,1.44138,1.44158,1.50,1.02
2013.10.29 15:11:35.119,1.44138,1.44157,1.88,1.02
2013.10.29 15:11:36.676,1.44138,1.44157,1.88,1.02
2013.10.29 15:11:38.938,1.44138,1.44157,1.88,1.39
2013.10.29 15:11:38.998,1.44138,1.44157,1.88,1.39
2013.10.29 15:11:39.058,1.44138,1.44156,1.50,1.09
2013.10.29 15:11:39.536,1.44133,1.44152,1.50,1.02
2013.10.29 15:11:41.087,1.44132,1.44152,2.33,1.02
2013.10.29 15:11:41.628,1.44132,1.44152,2.33,1.02
2013.10.29 15:11:41.906,1.44132,1.44152,2.33,1.02
2013.10.29 15:11:42.086,1.44138,1.44157,2.85,1.58
2013.10.29 15:11:42.147,1.44139,1.44158,3.05,2.25
2013.10.29 15:11:42.386,1.44142,1.44161,3.50,1.20
2013.10.29 15:11:42.446,1.44142,1.44163,3.50,1.95
2013.10.29 15:11:42.866,1.44142,1.4416,1.13,1.50
2013.10.29 15:11:43.226,1.44138,1.44155,1.35,1.50
2013.10.29 15:11:43.586,1.44136,1.44155,1.50,2.07
2013.10.29 15:11:43.946,1.44132,1.44151,1.13,1.69
2013.10.29 15:11:44.186,1.44131,1.44149,1.88,1.50
2013.10.29 15:11:44.726,1.4413,1.44151,1.69,3.19
2013.10.29 15:11:44.907,1.44142,1.44152,1.13,1.05
2013.10.29 15:11:44.967,1.44143,1.44153,2.30,1.13
2013.10.29 15:11:45.147,1.44143,1.44161,4.25,2.25
2013.10.29 15:11:45.207,1.44144,1.44166,2.26,2.52
2013.10.29 15:11:45.566,1.44144,1.44166,1.20,1.84
2013.10.29 15:11:47.397,1.44144,1.44166,1.13,3.19
2013.10.29 15:11:47.917,1.44144,1.44166,1.13,3.19
2013.10.29 15:11:48.488,1.44142,1.44163,2.52,1.09
2013.10.29 15:11:51.566,1.44142,1.44164,3.01,1.09
2013.10.29 15:11:51.986,1.44144,1.44163,2.25,1.50
2013.10.29 15:11:52.498,1.44144,1.44163,1.58,1.69
2013.10.29 15:11:59.678,1.44143,1.44164,1.88,1.32
2013.10.29 15:12:00.036,1.44143,1.44164,1.20,1.32
2013.10.29 15:12:00.637,1.44144,1.44164,3.38,1.32
2013.10.29 15:12:04.576,1.44145,1.44164,2.63,2.07
2013.10.29 15:12:05.646,1.44145,1.44164,1.58,2.07
2013.10.29 15:12:06.167,1.44145,1.44164,1.58,2.89
2013.10.29 15:12:06.776,1.44144,1.44164,1.58,2.14
2013.10.29 15:12:06.836,1.44142,1.44164,1.95,2.14
2013.10.29 15:12:07.199,1.44142,1.44164,1.88,1.32
2013.10.29 15:12:07.755,1.44142,1.44164,2.63,1.32
2013.10.29 15:12:10.048,1.44142,1.44164,4.88,1.32
2013.10.29 15:12:14.917,1.44144,1.44166,4.13,2.44
2013.10.29 15:12:15.517,1.44145,1.44166,4.32,1.69
2013.10.29 15:12:15.577,1.44145,1.44166,3.38,1.69
2013.10.29 15:12:16.736,1.44147,1.44166,3.38,1.69
2013.10.29 15:12:17.597,1.44147,1.44166,3.38,1.69
2013.10.29 15:12:19.536,1.44147,1.44167,3.38,1.69
2013.10.29 15:12:20.237,1.44147,1.44167,3.38,1.69
2013.10.29 15:12:23.363,1.44147,1.44167,3.38,1.69
2013.10.29 15:12:23.807,1.44148,1.44167,3.76,2.44
2013.10.29 15:12:23.986,1.44148,1.44165,2.63,1.77
2013.10.29 15:12:24.227,1.44148,1.44167,2.14,2.25
2013.10.29 15:12:24.586,1.44149,1.44169,2.22,2.40
2013.10.29 15:12:24.948,1.44154,1.44171,4.58,1.50
2013.10.29 15:12:25.007,1.44154,1.44174,5.25,1.50
2013.10.29 15:12:25.188,1.44157,1.4418,2.97,2.25
2013.10.29 15:12:25.427,1.44158,1.44181,3.20,1.50
2013.10.29 15:12:25.667,1.44161,1.44182,2.63,1.50
2013.10.29 15:12:26.179,1.44161,1.44181,2.71,1.69
2013.10.29 15:12:27.207,1.44161,1.44181,2.70,1.69
2013.10.29 15:12:27.327,1.44161,1.44181,1.13,1.09
2013.10.29 15:12:27.511,1.4416,1.44179,1.02,1.50
2013.10.29 15:12:28.177,1.4416,1.4418,1.02,2.33
2013.10.29 15:12:28.692,1.4416,1.44179,1.02,1.65
2013.10.29 15:12:29.828,1.44158,1.44178,1.58,1.77
2013.10.29 15:12:30.146,1.44156,1.44176,1.20,2.33
2013.10.29 15:12:31.176,1.44156,1.44176,1.13,1.58
2013.10.29 15:12:31.356,1.44156,1.44177,2.63,1.02
2013.10.29 15:12:32.106,1.44156,1.44177,1.20,1.77
2013.10.29 15:12:32.770,1.44156,1.44177,2.52,1.58
2013.10.29 15:12:32.836,1.44156,1.44177,2.52,1.58
2013.10.29 15:12:33.376,1.44156,1.44176,1.32,2.25
2013.10.29 15:12:33.617,1.44156,1.44173,1.13,1.58
2013.10.29 15:12:33.916,1.44156,1.44174,1.13,1.77
2013.10.29 15:12:34.646,1.44156,1.44175,1.13,1.02
2013.10.29 15:12:35.186,1.44156,1.44174,1.13,1.84
2013.10.29 15:12:36.316,1.44155,1.44174,1.13,1.84
2013.10.29 15:12:39.067,1.44152,1.44172,1.28,1.47
2013.10.29 15:12:39.429,1.44152,1.44172,1.13,1.69
2013.10.29 15:12:39.488,1.44152,1.44172,1.13,1.69
2013.10.29 15:12:42.236,1.4415,1.4417,2.03,1.88
2013.10.29 15:12:42.607,1.44149,1.4417,1.65,1.13
2013.10.29 15:12:43.226,1.44148,1.44168,1.09,2.07
2013.10.29 15:12:44.987,1.44148,1.44166,1.13,1.69
2013.10.29 15:12:45.536,1.44145,1.44166,1.77,1.13
2013.10.29 15:12:48.276,1.44145,1.44166,1.77,1.13
2013.10.29 15:12:48.767,1.44145,1.44166,1.77,1.13
2013.10.29 15:12:50.176,1.44145,1.44166,1.77,1.13
2013.10.29 15:12:52.277,1.44145,1.44167,1.95,3.57
2013.10.29 15:12:54.239,1.44145,1.44166,1.13,1.13
2013.10.29 15:12:54.317,1.44145,1.44166,1.13,1.13
2013.10.29 15:12:57.841,1.44145,1.44168,1.32,2.33
2013.10.29 15:12:58.407,1.44146,1.44169,2.15,2.33
2013.10.29 15:13:01.886,1.44146,1.44168,1.39,1.20
2013.10.29 15:13:02.247,1.44146,1.44168,2.90,1.88
2013.10.29 15:13:02.726,1.44146,1.44168,2.25,2.07
2013.10.29 15:13:02.787,1.44146,1.44167,2.25,1.69
2013.10.29 15:13:09.869,1.44146,1.44167,2.45,1.58
2013.10.29 15:13:10.489,1.44146,1.44168,2.63,4.09
2013.10.29 15:13:11.187,1.44147,1.44168,2.75,2.40
2013.10.29 15:13:11.246,1.44148,1.44168,2.45,1.65
2013.10.29 15:13:11.426,1.44151,1.4417,2.70,3.00
2013.10.29 15:13:12.186,1.44151,1.4417,2.25,1.50
2013.10.29 15:13:12.637,1.44151,1.4417,2.25,1.69
2013.10.29 15:13:14.766,1.44151,1.4417,1.95,2.44
2013.10.29 15:13:16.590,1.44151,1.4417,1.58,2.82
2013.10.29 15:13:22.427,1.44151,1.44168,1.95,1.32
2013.10.29 15:13:24.506,1.44151,1.44169,1.20,3.19
2013.10.29 15:13:24.687,1.44146,1.44167,3.27,1.77
2013.10.29 15:13:27.422,1.44146,1.44167,2.14,1.02
2013.10.29 15:13:28.938,1.44146,1.44165,1.58,1.50
2013.10.29 15:13:29.907,1.44143,1.44165,1.77,1.58
2013.10.29 15:13:30.366,1.44143,1.44165,1.77,1.58
2013.10.29 15:13:32.216,1.44143,1.44166,1.77,2.97
2013.10.29 15:13:34.426,1.44143,1.44165,1.77,1.58
2013.10.29 15:13:34.936,1.44143,1.44165,1.77,2.70
2013.10.29 15:13:36.057,1.44143,1.44164,1.77,1.88
2013.10.29 15:13:36.891,1.44143,1.44166,3.27,1.58
2013.10.29 15:13:37.137,1.44144,1.44165,6.19,1.50
2013.10.29 15:13:37.199,1.44147,1.44169,3.27,1.95
2013.10.29 15:13:37.328,1.44147,1.44169,4.40,1.95
2013.10.29 15:13:37.629,1.44152,1.44169,2.52,1.50
2013.10.29 15:13:38.146,1.44152,1.44169,1.39,1.50
2013.10.29 15:13:38.686,1.44152,1.44169,1.02,1.50
2013.10.29 15:13:38.747,1.44151,1.44169,2.07,1.50
2013.10.29 15:13:39.303,1.44146,1.44166,2.14,1.50
2013.10.29 15:13:40.766,1.44146,1.44166,1.39,1.50
2013.10.29 15:13:41.426,1.44146,1.44166,2.14,1.50
2013.10.29 15:13:43.176,1.44146,1.44166,1.02,1.50
2013.10.29 15:13:44.587,1.44146,1.44166,1.02,3.00
2013.10.29 15:13:44.647,1.44145,1.44165,2.63,1.50
2013.10.29 15:13:44.708,1.44143,1.44161,1.20,1.50
2013.10.29 15:13:44.896,1.44143,1.44161,1.20,2.07
2013.10.29 15:13:45.366,1.44142,1.44161,1.20,1.77
2013.10.29 15:13:46.197,1.44142,1.44161,1.58,1.02
2013.10.29 15:13:46.716,1.44142,1.44161,1.20,1.77
2013.10.29 15:13:47.667,1.44142,1.44162,2.25,1.50
2013.10.29 15:13:51.119,1.44142,1.44162,3.01,1.50
2013.10.29 15:13:51.596,1.44142,1.44162,2.25,2.07
2013.10.29 15:13:52.076,1.44141,1.44161,1.20,1.50
2013.10.29 15:13:54.597,1.44141,1.44161,1.95,1.50
2013.10.29 15:13:55.478,1.44141,1.44161,1.58,1.69
2013.10.29 15:13:56.109,1.4414,1.44158,1.50,1.88
2013.10.29 15:13:56.238,1.44131,1.44147,1.58,1.02
2013.10.29 15:13:56.296,1.44127,1.44146,1.50,1.02
2013.10.29 15:13:56.657,1.44124,1.44146,1.39,1.58
2013.10.29 15:13:57.217,1.44124,1.44146,1.39,1.58
2013.10.29 15:13:57.777,1.44124,1.44145,1.02,1.84
2013.10.29 15:13:58.667,1.44123,1.44144,1.47,1.58
2013.10.29 15:13:58.936,1.44123,1.44144,1.09,1.58
2013.10.29 15:13:59.403,1.44123,1.44144,1.09,1.58
2013.10.29 15:13:59.768,1.44123,1.44144,1.09,2.33
2013.10.29 15:14:00.127,1.44121,1.44137,1.20,1.32
2013.10.29 15:14:00.427,1.44114,1.44136,2.59,1.65
2013.10.29 15:14:00.977,1.44114,1.44136,3.27,1.58
2013.10.29 15:14:01.578,1.44114,1.44136,2.82,2.25
2013.10.29 15:14:02.297,1.44114,1.44135,1.13,2.25
2013.10.29 15:14:02.418,1.44113,1.44131,1.50,2.22
2013.10.29 15:14:02.477,1.44108,1.44129,1.09,1.13
2013.10.29 15:14:02.836,1.44106,1.44126,1.58,1.39
2013.10.29 15:14:02.957,1.44104,1.44124,1.88,1.09
2013.10.29 15:14:03.525,1.44104,1.44124,1.13,1.47
2013.10.29 15:14:03.706,1.44103,1.44123,1.09,1.28
2013.10.29 15:14:03.886,1.44103,1.44124,1.77,1.77
2013.10.29 15:14:04.347,1.44103,1.44124,1.77,1.02
2013.10.29 15:14:04.587,1.44103,1.44124,1.77,1.39
2013.10.29 15:14:04.766,1.44102,1.44123,1.77,1.58
2013.10.29 15:14:04.826,1.44102,1.44122,1.02,1.50
2013.10.29 15:14:05.478,1.44101,1.44122,1.69,1.95
2013.10.29 15:14:05.602,1.441,1.44119,2.33,1.13
2013.10.29 15:14:06.107,1.441,1.44119,2.97,1.13
2013.10.29 15:14:06.867,1.441,1.44121,2.40,1.65
2013.10.29 15:14:07.046,1.441,1.44122,2.97,3.00
2013.10.29 15:14:07.591,1.441,1.44122,2.59,3.00
2013.10.29 15:14:08.197,1.441,1.44121,1.69,2.25
2013.10.29 15:14:08.274,1.44099,1.4412,2.44,2.03
2013.10.29 15:14:08.468,1.44099,1.44118,1.69,1.50
2013.10.29 15:14:08.972,1.44099,1.44118,1.69,2.63
2013.10.29 15:14:09.277,1.44099,1.44112,1.69,1.50
2013.10.29 15:14:10.119,1.44092,1.44112,1.69,1.50
2013.10.29 15:14:10.666,1.44091,1.44112,1.77,2.25
2013.10.29 15:14:13.649,1.44094,1.44112,2.45,1.50
2013.10.29 15:14:13.888,1.44097,1.44115,2.15,1.50
2013.10.29 15:14:14.249,1.44097,1.44116,1.13,2.40
2013.10.29 15:14:14.556,1.44097,1.44118,1.50,2.52
2013.10.29 15:14:14.677,1.44097,1.44118,1.50,1.77
2013.10.29 15:14:15.087,1.44097,1.44118,2.03,2.89
2013.10.29 15:14:15.508,1.44097,1.44116,1.65,1.50
2013.10.29 15:14:15.628,1.44097,1.44118,1.20,3.27
2013.10.29 15:14:16.168,1.44097,1.44118,1.13,1.02
2013.10.29 15:14:16.697,1.44098,1.4412,3.38,3.19
2013.10.29 15:14:17.658,1.44098,1.4412,3.38,1.84
2013.10.29 15:14:18.277,1.44098,1.4412,1.13,1.77
2013.10.29 15:14:20.408,1.44098,1.4412,1.50,1.02
2013.10.29 15:14:20.995,1.44099,1.44121,2.70,3.27
2013.10.29 15:14:21.736,1.44099,1.44121,2.70,2.52
2013.10.29 15:14:22.077,1.44099,1.44121,2.70,2.52
2013.10.29 15:14:22.683,1.44099,1.44121,3.46,2.52
2013.10.29 15:14:25.268,1.44101,1.44122,3.08,1.58
2013.10.29 15:14:25.391,1.44102,1.44123,1.50,1.58
2013.10.29 15:14:25.517,1.44102,1.44125,3.00,1.65
2013.10.29 15:14:25.697,1.44102,1.44125,3.38,1.47
2013.10.29 15:14:26.241,1.44102,1.44125,3.38,2.22
2013.10.29 15:14:26.747,1.44102,1.44122,1.50,1.02
2013.10.29 15:14:26.936,1.44102,1.44122,1.50,1.02
2013.10.29 15:14:26.999,1.44102,1.44122,1.50,1.02
2013.10.29 15:14:27.536,1.44102,1.44121,1.50,1.02
2013.10.29 15:14:29.007,1.44102,1.44121,1.50,1.58
2013.10.29 15:14:29.368,1.44102,1.44122,1.50,1.50
2013.10.29 15:14:30.420,1.44102,1.4412,1.50,1.02
2013.10.29 15:14:31.317,1.44101,1.4412,1.88,1.58
2013.10.29 15:14:31.616,1.44101,1.44121,2.03,1.69
2013.10.29 15:14:31.719,1.44101,1.44121,2.03,1.69
2013.10.29 15:14:33.284,1.44101,1.44121,2.03,2.44
2013.10.29 15:14:33.469,1.44101,1.44119,1.20,1.02
2013.10.29 15:14:34.307,1.44101,1.4412,1.13,1.09
2013.10.29 15:14:35.996,1.44101,1.44121,2.15,2.25
2013.10.29 15:14:36.300,1.44102,1.44123,2.22,2.40
2013.10.29 15:14:38.778,1.44102,1.44124,2.22,1.95
2013.10.29 15:14:38.897,1.44102,1.44123,1.50,1.69
2013.10.29 15:14:38.957,1.44102,1.44122,1.58,2.25
2013.10.29 15:14:39.436,1.44101,1.44119,1.50,1.02
2013.10.29 15:14:39.557,1.44099,1.44118,1.95,1.69
2013.10.29 15:14:39.737,1.44096,1.44117,1.39,2.52
2013.10.29 15:14:40.277,1.44096,1.44117,1.02,1.77
2013.10.29 15:14:40.816,1.44095,1.44116,1.77,1.58
2013.10.29 15:14:42.797,1.44095,1.44117,2.14,3.38
2013.10.29 15:14:43.157,1.44095,1.44118,1.50,1.58
2013.10.29 15:14:43.717,1.44097,1.44117,2.70,1.02
2013.10.29 15:14:43.898,1.44096,1.44117,1.84,2.44
2013.10.29 15:14:44.836,1.44096,1.44116,1.77,1.58
2013.10.29 15:14:50.042,1.44095,1.44116,1.39,1.58
2013.10.29 15:14:53.148,1.44095,1.44116,2.44,1.20
2013.10.29 15:14:53.701,1.44096,1.44117,3.57,3.57
2013.10.29 15:14:53.767,1.44096,1.44117,2.22,3.57
2013.10.29 15:14:54.286,1.44096,1.44117,1.84,3.72
2013.10.29 15:14:55.007,1.44096,1.44117,1.69,1.28
2013.10.29 15:14:55.188,1.44096,1.44117,2.89,1.50
2013.10.29 15:14:55.736,1.44096,1.44119,2.90,1.09
2013.10.29 15:14:56.276,1.44096,1.44118,2.90,1.58
2013.10.29 15:14:56.848,1.44096,1.44118,2.22,2.25
2013.10.29 15:14:57.387,1.44096,1.44118,2.14,2.70
2013.10.29 15:14:58.676,1.44094,1.44117,2.52,1.50
2013.10.29 15:15:00.987,1.44094,1.44116,2.14,3.75
2013.10.29 15:15:01.347,1.44094,1.44114,1.69,1.50
2013.10.29 15:15:02.940,1.44094,1.44114,1.69,1.50
2013.10.29 15:15:06.177,1.44094,1.44113,1.50,1.65
2013.10.29 15:15:06.357,1.44093,1.44112,1.13,4.02
2013.10.29 15:15:06.477,1.44092,1.44112,1.13,3.64
2013.10.29 15:15:06.538,1.44089,1.44112,1.02,5.07
2013.10.29 15:15:06.897,1.4409,1.44113,2.52,2.63
2013.10.29 15:15:07.197,1.44091,1.44113,2.52,1.20
2013.10.29 15:15:08.337,1.44091,1.44114,2.89,2.44
2013.10.29 15:15:08.457,1.44091,1.44112,1.50,2.52
2013.10.29 15:15:08.578,1.44091,1.4411,1.50,1.50
2013.10.29 15:15:09.186,1.44091,1.44111,1.50,1.02
2013.10.29 15:15:10.337,1.44091,1.44111,1.50,1.02
2013.10.29 15:15:10.696,1.44091,1.4411,1.50,1.50
2013.10.29 15:15:10.876,1.44091,1.44113,1.95,1.50
2013.10.29 15:15:11.306,1.44091,1.44113,1.95,1.50
2013.10.29 15:15:12.347,1.44091,1.44112,1.69,2.63
2013.10.29 15:15:12.528,1.4409,1.4411,1.50,2.22
2013.10.29 15:15:12.588,1.4409,1.44106,1.50,1.20
2013.10.29 15:15:12.769,1.44086,1.44106,1.50,2.14
2013.10.29 15:15:12.948,1.44085,1.44104,2.44,1.88
2013.10.29 15:15:13.487,1.44084,1.44105,1.69,1.50
2013.10.29 15:15:15.068,1.44084,1.44104,1.50,1.02
2013.10.29 15:15:15.607,1.44084,1.44106,1.50,1.50
2013.10.29 15:15:15.666,1.44084,1.44106,1.50,1.50
2013.10.29 15:15:15.967,1.44083,1.44103,1.58,2.25
2013.10.29 15:15:17.286,1.44083,1.44102,1.58,1.20
2013.10.29 15:15:17.586,1.44083,1.44102,1.58,1.39
2013.10.29 15:15:17.887,1.44083,1.441,1.50,1.88
2013.10.29 15:15:18.426,1.44081,1.44101,1.50,1.39
2013.10.29 15:15:19.046,1.44081,1.44101,1.50,2.82
2013.10.29 15:15:19.596,1.44081,1.44101,1.50,2.82
2013.10.29 15:15:19.909,1.44081,1.441,1.69,1.20
2013.10.29 15:15:20.420,1.44081,1.44101,1.69,2.25
2013.10.29 15:15:20.777,1.44081,1.44101,1.50,3.27
2013.10.29 15:15:21.324,1.44081,1.441,1.50,1.50
2013.10.29 15:15:22.508,1.44081,1.441,1.50,1.50
2013.10.29 15:15:22.868,1.44081,1.44103,1.69,1.20
2013.10.29 15:15:23.047,1.44081,1.44105,3.19,4.32
2013.10.29 15:15:23.347,1.44081,1.44104,3.19,1.47
2013.10.29 15:15:23.889,1.44081,1.44104,3.19,1.47
2013.10.29 15:15:24.008,1.44081,1.44104,3.19,1.47
2013.10.29 15:15:24.188,1.44081,1.44101,1.50,1.95
2013.10.29 15:15:24.726,1.44081,1.441,1.69,1.50
2013.10.29 15:15:26.058,1.44079,1.441,1.84,2.25
2013.10.29 15:15:26.434,1.44079,1.44099,1.69,1.50
2013.10.29 15:15:27.938,1.44078,1.44099,1.58,2.63
2013.10.29 15:15:27.998,1.44076,1.44097,2.33,1.65
2013.10.29 15:15:28.059,1.44076,1.44097,1.50,1.58
2013.10.29 15:15:28.416,1.44074,1.44095,1.84,1.95
2013.10.29 15:15:29.046,1.44074,1.44096,3.19,1.28
2013.10.29 15:15:29.168,1.44074,1.44095,2.52,1.50
2013.10.29 15:15:29.768,1.44074,1.44095,1.69,3.38
2013.10.29 15:15:30.367,1.44074,1.44095,1.69,2.63
2013.10.29 15:15:30.607,1.44074,1.44096,2.52,1.58
2013.10.29 15:15:31.486,1.44074,1.44096,2.89,1.58
2013.10.29 15:15:31.786,1.44074,1.44096,2.63,1.50
2013.10.29 15:15:32.468,1.44074,1.44095,1.50,2.40
2013.10.29 15:15:32.776,1.44074,1.44096,1.69,2.33
2013.10.29 15:15:33.777,1.44074,1.44096,1.50,3.08
2013.10.29 15:15:34.157,1.44074,1.44094,1.50,1.50
2013.10.29 15:15:34.717,1.44074,1.44094,1.50,2.25
2013.10.29 15:15:35.658,1.44073,1.44094,1.02,1.50
2013.10.29 15:15:36.076,1.44073,1.44096,1.02,2.70
2013.10.29 15:15:36.580,1.44073,1.44096,1.02,2.70
2013.10.29 15:15:36.877,1.44072,1.44094,2.33,1.39
2013.10.29 15:15:37.440,1.44072,1.4409,1.50,1.69
2013.10.29 15:15:38.217,1.4407,1.44089,1.28,1.50
2013.10.29 15:15:40.018,1.4407,1.44089,3.38,1.50
2013.10.29 15:15:42.578,1.44071,1.44092,3.08,1.09
2013.10.29 15:15:42.937,1.44075,1.44095,3.19,1.50
2013.10.29 15:15:43.117,1.44075,1.44097,3.19,1.65
2013.10.29 15:15:43.177,1.44075,1.44096,3.57,1.50
2013.10.29 15:15:43.717,1.44075,1.44096,3.27,1.58
2013.10.29 15:15:44.256,1.44076,1.44096,2.41,1.58
2013.10.29 15:15:44.436,1.44077,1.44098,2.41,2.22
2013.10.29 15:15:45.477,1.44077,1.44098,2.45,2.63
2013.10.29 15:15:46.688,1.44077,1.44098,2.45,2.63
2013.10.29 15:15:47.223,1.44077,1.44098,1.13,2.63
2013.10.29 15:15:49.378,1.44077,1.44098,1.88,2.25
2013.10.29 15:15:49.916,1.44077,1.44098,1.28,1.09
2013.10.29 15:15:50.435,1.44077,1.44098,1.28,1.09
2013.10.29 15:15:51.105,1.44077,1.44098,1.28,1.09
2013.10.29 15:15:51.616,1.44078,1.44098,2.63,1.77
2013.10.29 15:15:52.129,1.44078,1.441,3.27,1.58
2013.10.29 15:15:52.289,1.44078,1.441,3.27,1.58
2013.10.29 15:15:52.827,1.44078,1.44098,3.65,1.58
2013.10.29 15:15:53.128,1.44078,1.44098,5.44,1.58
2013.10.29 15:15:53.666,1.44078,1.44099,6.20,1.50
2013.10.29 15:15:54.316,1.44078,1.44099,4.51,1.69
2013.10.29 15:15:54.757,1.44078,1.44099,2.03,1.69
2013.10.29 15:15:55.537,1.44078,1.44093,1.58,1.50
2013.10.29 15:15:55.838,1.44073,1.4409,1.88,1.69
2013.10.29 15:15:55.900,1.44073,1.4409,1.88,1.77
2013.10.29 15:15:56.427,1.44073,1.4409,1.13,1.77
2013.10.29 15:15:57.407,1.44073,1.4409,1.13,1.77
2013.10.29 15:15:58.238,1.44073,1.44092,1.32,3.00
2013.10.29 15:15:58.659,1.44073,1.44094,3.72,1.58
2013.10.29 15:15:58.718,1.44076,1.44097,2.45,1.50
2013.10.29 15:15:59.287,1.44076,1.44099,4.13,1.77
2013.10.29 15:15:59.837,1.44077,1.44099,2.33,1.77
2013.10.29 15:16:00.357,1.44077,1.44099,2.33,1.77
2013.10.29 15:16:00.876,1.44077,1.44096,1.13,1.58
2013.10.29 15:16:00.997,1.44077,1.44096,1.13,1.58
2013.10.29 15:16:01.547,1.44077,1.44096,1.13,1.58
2013.10.29 15:16:02.197,1.44077,1.44096,2.52,1.58
2013.10.29 15:16:02.258,1.44077,1.44096,1.32,1.58
2013.10.29 15:16:02.568,1.44077,1.44096,1.13,1.58
2013.10.29 15:16:02.926,1.44077,1.44094,1.13,1.58
2013.10.29 15:16:03.437,1.44077,1.44095,1.13,1.58
2013.10.29 15:16:03.556,1.44077,1.44096,1.13,1.50
2013.10.29 15:16:04.106,1.44077,1.44096,1.13,1.50
2013.10.29 15:16:04.467,1.44077,1.44095,1.13,1.58
2013.10.29 15:16:04.587,1.44077,1.44098,1.13,1.84
2013.10.29 15:16:05.137,1.44077,1.44097,1.13,1.58
2013.10.29 15:16:06.337,1.44077,1.44098,1.13,2.59
2013.10.29 15:16:08.427,1.44077,1.44094,1.13,2.44
2013.10.29 15:16:08.607,1.44076,1.44094,1.13,1.09
2013.10.29 15:16:08.908,1.44076,1.44097,1.13,1.77
2013.10.29 15:16:09.086,1.44076,1.44097,1.20,1.77
2013.10.29 15:16:09.647,1.44076,1.44097,2.82,1.02
2013.10.29 15:16:11.827,1.44076,1.44097,1.20,1.69
2013.10.29 15:16:12.397,1.44077,1.44099,2.22,1.65
2013.10.29 15:16:12.969,1.44077,1.44098,2.41,1.09
2013.10.29 15:16:14.267,1.44077,1.44098,2.41,1.09
2013.10.29 15:16:14.965,1.44077,1.44097,2.41,2.82
2013.10.29 15:16:15.626,1.44077,1.44095,1.50,1.84
2013.10.29 15:16:16.167,1.44077,1.44094,1.50,1.09
2013.10.29 15:16:16.791,1.44076,1.44094,1.13,3.19
2013.10.29 15:16:17.398,1.44076,1.44094,1.13,3.19
2013.10.29 15:16:17.716,1.44076,1.44094,1.13,1.77
2013.10.29 15:16:18.137,1.44074,1.44092,1.28,1.77
2013.10.29 15:16:18.198,1.44074,1.44092,1.28,1.77
2013.10.29 15:16:18.317,1.44073,1.44092,1.58,2.44
2013.10.29 15:16:18.818,1.4407,1.4409,1.58,1.77
2013.10.29 15:16:19.927,1.4407,1.4409,1.50,1.77
2013.10.29 15:16:20.228,1.4407,1.44089,1.13,1.09
2013.10.29 15:16:21.118,1.4407,1.44089,2.52,1.65
2013.10.29 15:16:22.547,1.4407,1.44091,1.50,2.25
2013.10.29 15:16:22.727,1.4407,1.4409,1.50,1.50
2013.10.29 15:16:23.747,1.4407,1.4409,1.69,1.50
2013.10.29 15:16:24.305,1.4407,1.44091,1.69,1.50
2013.10.29 15:16:25.406,1.4407,1.44091,2.07,1.50
2013.10.29 15:16:25.916,1.4407,1.44091,1.69,2.25
2013.10.29 15:16:27.909,1.4407,1.44091,1.69,2.25
2013.10.29 15:16:28.676,1.4407,1.4409,2.45,1.50
2013.10.29 15:16:29.618,1.4407,1.4409,1.69,1.50
2013.10.29 15:16:30.800,1.4407,1.4409,1.32,1.50
2013.10.29 15:16:31.108,1.44069,1.44089,1.69,2.25
2013.10.29 15:16:32.635,1.44069,1.44089,2.45,1.50
2013.10.29 15:16:33.646,1.44069,1.44089,1.50,1.50
2013.10.29 15:16:34.698,1.44069,1.44089,1.69,1.50
2013.10.29 15:16:35.056,1.44069,1.44089,2.07,1.50
2013.10.29 15:16:35.315,1.44069,1.44089,1.69,1.50
2013.10.29 15:16:35.929,1.44069,1.44089,1.69,1.50
2013.10.29 15:16:36.448,1.44069,1.44089,1.69,1.50
2013.10.29 15:16:37.183,1.44069,1.44089,2.07,2.25
2013.10.29 15:16:37.726,1.44069,1.44089,1.69,1.50
2013.10.29 15:16:39.157,1.44069,1.44089,1.69,4.50
2013.10.29 15:16:39.216,1.44066,1.44086,1.69,1.50
2013.10.29 15:16:39.276,1.44066,1.44086,1.32,1.50
2013.10.29 15:16:39.337,1.44066,1.44086,3.65,1.50
2013.10.29 15:16:39.887,1.44067,1.44087,1.69,1.50
2013.10.29 15:16:40.262,1.44067,1.44083,1.69,1.50
2013.10.29 15:16:41.667,1.44067,1.44083,1.50,1.50
2013.10.29 15:16:41.966,1.44067,1.44083,1.69,1.50
2013.10.29 15:16:42.326,1.44067,1.44085,1.69,1.50
2013.10.29 15:16:42.856,1.44067,1.44085,1.69,1.50
2013.10.29 15:16:45.546,1.44067,1.44085,1.69,1.50
2013.10.29 15:16:46.090,1.44067,1.44085,1.69,1.50
2013.10.29 15:16:47.136,1.44067,1.44085,1.69,1.50
2013.10.29 15:16:48.196,1.44067,1.44085,1.50,1.50
2013.10.29 15:16:48.736,1.44067,1.44086,1.69,1.50
2013.10.29 15:16:48.976,1.44067,1.44088,1.69,1.50
2013.10.29 15:16:49.037,1.44067,1.44089,2.82,1.50
2013.10.29 15:16:51.111,1.44069,1.44089,3.20,1.50
2013.10.29 15:16:51.616,1.4407,1.44089,2.82,1.50
2013.10.29 15:16:52.526,1.4407,1.44089,2.82,1.50
2013.10.29 15:16:52.830,1.4407,1.44089,3.20,1.50
2013.10.29 15:16:53.017,1.44075,1.44095,4.92,1.58
2013.10.29 15:16:53.257,1.44075,1.44095,1.13,1.77
2013.10.29 15:16:53.317,1.44074,1.44094,1.88,4.50
2013.10.29 15:16:53.877,1.44074,1.4409,1.50,1.50
2013.10.29 15:16:54.057,1.44071,1.4409,1.69,1.50
2013.10.29 15:16:54.727,1.4407,1.44088,1.69,1.50
2013.10.29 15:16:55.086,1.44067,1.44084,1.69,1.50
2013.10.29 15:16:55.636,1.44067,1.44084,1.69,1.50
2013.10.29 15:16:57.117,1.44067,1.44084,1.69,1.50
2013.10.29 15:16:57.406,1.44067,1.44087,1.13,2.25
2013.10.29 15:16:57.766,1.44067,1.44089,1.32,1.58
2013.10.29 15:16:58.306,1.44067,1.44089,1.69,1.50
2013.10.29 15:16:58.699,1.44067,1.44087,1.69,1.50
2013.10.29 15:16:58.818,1.44067,1.44087,1.69,2.25
2013.10.29 15:16:59.238,1.44067,1.44087,1.69,1.50
2013.10.29 15:16:59.602,1.44066,1.44087,2.07,4.50
2013.10.29 15:16:59.907,1.44066,1.44084,2.82,1.50
2013.10.29 15:17:00.413,1.44066,1.44088,2.82,1.50
2013.10.29 15:17:00.483,1.44068,1.44088,2.82,1.50
2013.10.29 15:17:00.616,1.44068,1.44088,3.19,1.50
2013.10.29 15:17:00.926,1.44068,1.44088,1.50,1.50
2013.10.29 15:17:01.348,1.44068,1.44088,1.50,1.50
2013.10.29 15:17:02.046,1.4407,1.4409,2.82,2.25
2013.10.29 15:17:02.166,1.4407,1.4409,2.82,1.50
2013.10.29 15:17:02.797,1.4407,1.44092,1.50,1.50
2013.10.29 15:17:07.846,1.4407,1.44093,3.64,2.63
2013.10.29 15:17:09.092,1.4407,1.44093,4.02,2.63
2013.10.29 15:17:09.219,1.44071,1.44093,3.27,1.50
2013.10.29 15:17:09.280,1.44072,1.44095,2.90,2.03
2013.10.29 15:17:09.348,1.44073,1.44096,2.60,1.58
2013.10.29 15:17:09.707,1.44073,1.44095,1.58,1.09
2013.10.29 15:17:09.886,1.44073,1.44094,1.50,1.77
2013.10.29 15:17:10.027,1.44073,1.44092,1.50,1.02
2013.10.29 15:17:11.487,1.44073,1.44093,1.50,1.58
2013.10.29 15:17:13.366,1.44073,1.44091,1.50,1.50
2013.10.29 15:17:14.076,1.44073,1.44091,1.50,1.50
2013.10.29 15:17:14.318,1.44073,1.44095,1.13,2.63
2013.10.29 15:17:14.437,1.44073,1.44095,1.69,2.63
2013.10.29 15:17:14.557,1.44073,1.44092,1.50,1.69
2013.10.29 15:17:14.737,1.44073,1.44092,1.50,2.44
2013.10.29 15:17:15.096,1.4407,1.44086,2.07,1.50
2013.10.29 15:17:15.277,1.4407,1.44089,1.50,1.58
2013.10.29 15:17:15.789,1.4407,1.44085,1.32,2.25
2013.10.29 15:17:15.857,1.44067,1.44083,1.69,1.50
2013.10.29 15:17:16.038,1.44067,1.4408,1.13,1.50
2013.10.29 15:17:16.489,1.44062,1.44079,1.13,1.58
2013.10.29 15:17:16.561,1.44062,1.44077,1.13,1.58
2013.10.29 15:17:16.627,1.44062,1.44079,1.13,1.58
2013.10.29 15:17:16.988,1.44058,1.44077,1.84,1.58
2013.10.29 15:17:17.228,1.44055,1.44073,1.32,1.58
2013.10.29 15:17:17.347,1.44055,1.44073,1.32,1.58
2013.10.29 15:17:17.587,1.44055,1.44073,1.32,1.58
2013.10.29 15:17:21.667,1.44053,1.44073,1.09,1.88
2013.10.29 15:17:21.799,1.44051,1.44071,2.25,1.65
2013.10.29 15:17:22.717,1.44051,1.44071,1.39,1.95
2013.10.29 15:17:23.957,1.44051,1.44071,1.39,1.95
2013.10.29 15:17:25.227,1.44051,1.44072,1.13,1.58
2013.10.29 15:17:25.347,1.44051,1.44072,1.69,1.58
2013.10.29 15:17:25.778,1.44051,1.44071,1.32,1.50
2013.10.29 15:17:25.837,1.44051,1.44071,1.32,2.33
2013.10.29 15:17:25.956,1.44049,1.44069,1.32,1.58
2013.10.29 15:17:26.947,1.44049,1.44069,1.50,1.50
2013.10.29 15:17:27.186,1.44049,1.44069,2.07,1.50
2013.10.29 15:17:28.389,1.44049,1.44069,2.07,1.50
2013.10.29 15:17:30.489,1.44049,1.44069,1.50,1.50
2013.10.29 15:17:33.146,1.44049,1.4407,1.50,1.50
2013.10.29 15:17:35.237,1.44049,1.4407,1.69,2.25
2013.10.29 15:17:35.777,1.44049,1.4407,1.50,1.50
2013.10.29 15:17:36.326,1.44049,1.4407,1.50,1.50
2013.10.29 15:17:36.567,1.44049,1.44068,1.69,1.50
2013.10.29 15:17:36.869,1.44045,1.44063,1.32,1.50
2013.10.29 15:17:37.180,1.44045,1.44063,1.69,1.50
2013.10.29 15:17:37.307,1.44047,1.44069,2.52,1.20
2013.10.29 15:17:37.826,1.44047,1.44069,2.71,1.20
2013.10.29 15:17:39.487,1.44047,1.44067,1.69,1.20
2013.10.29 15:17:40.818,1.44047,1.44067,2.07,1.13
2013.10.29 15:17:40.939,1.44047,1.44069,3.35,1.20
2013.10.29 15:17:41.477,1.44048,1.44069,3.65,1.20
2013.10.29 15:17:41.657,1.44048,1.44068,2.14,1.28
2013.10.29 15:17:42.146,1.44048,1.44068,3.27,1.28
2013.10.29 15:17:42.688,1.44053,1.44072,2.82,1.50
2013.10.29 15:17:42.809,1.44058,1.44076,2.82,1.88
2013.10.29 15:17:42.987,1.44058,1.4408,3.34,1.28
2013.10.29 15:17:43.476,1.44058,1.4408,4.02,1.20
2013.10.29 15:17:44.111,1.44058,1.4408,3.57,1.95
2013.10.29 15:17:47.048,1.44058,1.4408,2.70,1.95
2013.10.29 15:17:47.408,1.4406,1.4408,4.02,1.20
2013.10.29 15:17:47.648,1.44064,1.44084,3.20,3.00
2013.10.29 15:17:47.829,1.44064,1.44086,4.50,1.09
2013.10.29 15:17:48.407,1.44064,1.44086,3.38,1.09
2013.10.29 15:17:49.277,1.44063,1.44083,1.20,1.02
2013.10.29 15:17:49.396,1.44063,1.44082,1.13,1.50
2013.10.29 15:17:51.008,1.44063,1.44086,3.65,2.25
2013.10.29 15:17:51.190,1.44065,1.44088,3.72,1.50
2013.10.29 15:17:51.258,1.44067,1.44089,3.95,1.20
2013.10.29 15:17:51.556,1.44067,1.44089,3.20,1.58
2013.10.29 15:17:52.157,1.44067,1.44089,1.65,1.84
2013.10.29 15:17:52.667,1.44067,1.44089,1.02,1.65
2013.10.29 15:17:53.197,1.44067,1.44089,3.20,1.65
2013.10.29 15:17:54.127,1.44069,1.44089,3.38,1.13
2013.10.29 15:17:54.246,1.44069,1.44089,3.38,1.13
2013.10.29 15:17:54.606,1.44069,1.44089,4.13,1.13
2013.10.29 15:17:55.827,1.44069,1.44089,3.57,1.13
2013.10.29 15:17:56.369,1.44069,1.44089,3.20,1.13
2013.10.29 15:17:56.547,1.44071,1.4409,3.00,1.13
2013.10.29 15:17:57.856,1.44071,1.4409,1.58,1.50
2013.10.29 15:17:58.169,1.44071,1.44089,1.58,1.50
2013.10.29 15:17:58.907,1.4407,1.44089,1.02,1.58
2013.10.29 15:17:59.088,1.4407,1.44089,1.58,1.39
2013.10.29 15:17:59.267,1.4407,1.44089,3.01,1.13
2013.10.29 15:18:00.846,1.4407,1.44089,1.58,1.50
2013.10.29 15:18:01.747,1.4407,1.44089,1.58,1.32
2013.10.29 15:18:02.287,1.4407,1.44089,1.58,1.13
2013.10.29 15:18:03.717,1.44071,1.44093,3.01,1.69
2013.10.29 15:18:03.956,1.44071,1.44091,1.50,1.32
2013.10.29 15:18:04.574,1.4407,1.44091,2.33,1.32
2013.10.29 15:18:05.249,1.4407,1.44092,2.40,1.02
2013.10.29 15:18:05.367,1.4407,1.44092,2.40,1.02
2013.10.29 15:18:06.736,1.4407,1.44092,2.33,1.77
2013.10.29 15:18:07.037,1.4407,1.44087,1.58,1.69
2013.10.29 15:18:07.156,1.44066,1.44087,2.70,2.22
2013.10.29 15:18:07.337,1.44066,1.44083,1.95,1.13
2013.10.29 15:18:07.517,1.44064,1.44083,2.33,1.20
2013.10.29 15:18:07.696,1.44064,1.44085,3.27,1.02
2013.10.29 15:18:08.237,1.44066,1.44088,2.63,2.44
2013.10.29 15:18:11.318,1.44066,1.44085,2.63,1.32
2013.10.29 15:18:11.868,1.44063,1.44079,1.50,1.69
2013.10.29 15:18:11.944,1.44058,1.44078,1.58,1.02
2013.10.29 15:18:12.487,1.44058,1.44077,1.50,1.32
2013.10.29 15:18:13.020,1.44058,1.44077,1.50,1.32
2013.10.29 15:18:13.988,1.44058,1.44076,1.50,1.32
2013.10.29 15:18:14.047,1.44056,1.44076,1.58,1.32
2013.10.29 15:18:14.550,1.44055,1.44075,1.58,1.02
2013.10.29 15:18:14.736,1.44055,1.44077,1.58,1.02
2013.10.29 15:18:14.797,1.44055,1.44077,3.01,1.02
2013.10.29 15:18:15.097,1.44055,1.44078,2.25,1.32
2013.10.29 15:18:15.337,1.44055,1.44078,3.19,1.20
2013.10.29 15:18:18.019,1.44055,1.44075,1.58,1.32
2013.10.29 15:18:18.437,1.44054,1.44075,1.58,2.14
2013.10.29 15:18:18.800,1.44054,1.44071,1.58,1.13
2013.10.29 15:18:19.367,1.44053,1.4407,1.50,1.13
2013.10.29 15:18:19.730,1.44058,1.44077,2.74,1.50
2013.10.29 15:18:20.038,1.44063,1.4408,4.05,3.00
2013.10.29 15:18:20.097,1.44063,1.4408,3.30,1.50
2013.10.29 15:18:20.157,1.44064,1.44081,3.00,1.32
2013.10.29 15:18:20.216,1.44064,1.44082,2.25,1.32
2013.10.29 15:18:20.776,1.44064,1.44082,3.01,1.32
2013.10.29 15:18:22.478,1.44064,1.44085,5.63,1.13
2013.10.29 15:18:23.026,1.44066,1.44085,3.01,1.32
2013.10.29 15:18:23.327,1.44066,1.44082,1.58,1.32
2013.10.29 15:18:23.388,1.44066,1.44082,1.58,1.32
2013.10.29 15:18:25.207,1.44066,1.44084,1.58,1.69
2013.10.29 15:18:25.328,1.44066,1.44084,1.58,1.69
2013.10.29 15:18:26.057,1.44066,1.44081,1.50,1.32
2013.10.29 15:18:26.297,1.44061,1.4408,2.25,1.69
2013.10.29 15:18:26.417,1.44061,1.4408,3.01,1.32
2013.10.29 15:18:28.850,1.4406,1.44078,1.58,2.07
2013.10.29 15:18:28.919,1.44059,1.44077,2.33,1.69
2013.10.29 15:18:28.977,1.44059,1.44077,2.33,1.69
2013.10.29 15:18:29.098,1.44059,1.44078,2.33,1.69
2013.10.29 15:18:29.218,1.4406,1.44079,3.01,1.32
2013.10.29 15:18:29.277,1.4406,1.4408,3.01,2.44
2013.10.29 15:18:29.400,1.44061,1.4408,3.00,1.32
2013.10.29 15:18:29.769,1.44062,1.4408,3.38,1.32
2013.10.29 15:18:30.331,1.44062,1.44081,2.63,1.69
2013.10.29 15:18:30.921,1.44062,1.44081,2.63,1.32
2013.10.29 15:18:31.107,1.44064,1.44083,2.63,1.32
2013.10.29 15:18:31.656,1.44064,1.44083,3.00,1.32
2013.10.29 15:18:38.210,1.44064,1.44081,1.58,1.69
2013.10.29 15:18:38.278,1.44064,1.4408,2.25,1.32
2013.10.29 15:18:38.637,1.44063,1.4408,1.58,1.69
2013.10.29 15:18:39.238,1.44061,1.44078,1.58,1.32
2013.10.29 15:18:40.507,1.44061,1.44078,1.77,1.13
2013.10.29 15:18:40.808,1.44061,1.4408,1.58,1.32
2013.10.29 15:18:40.867,1.44061,1.4408,1.58,1.32
2013.10.29 15:18:41.048,1.44061,1.4408,1.58,2.44
2013.10.29 15:18:41.586,1.44059,1.44078,2.25,1.32
2013.10.29 15:18:42.147,1.44059,1.44078,1.58,1.32
2013.10.29 15:18:42.707,1.44059,1.4408,3.00,1.88
2013.10.29 15:18:42.828,1.4406,1.44082,4.88,1.77
2013.10.29 15:18:43.367,1.4406,1.44084,3.38,2.82
2013.10.29 15:18:43.906,1.4406,1.44084,2.63,2.82
2013.10.29 15:18:44.466,1.44062,1.44084,2.63,2.44
2013.10.29 15:18:44.587,1.44062,1.44084,2.63,2.07
2013.10.29 15:18:44.827,1.44066,1.44087,3.75,1.69
2013.10.29 15:18:45.366,1.44066,1.44088,3.76,1.77
2013.10.29 15:18:47.099,1.44068,1.44089,6.76,1.69
2013.10.29 15:18:47.157,1.4407,1.44092,4.20,1.02
2013.10.29 15:18:47.672,1.44073,1.44093,3.01,2.07
2013.10.29 15:18:50.726,1.44074,1.44093,3.01,1.32
2013.10.29 15:18:51.587,1.44074,1.44094,2.33,2.82
2013.10.29 15:18:52.127,1.44073,1.44091,1.58,1.69
2013.10.29 15:18:52.647,1.44073,1.44091,1.58,2.44
2013.10.29 15:18:57.066,1.44069,1.4409,1.88,3.19
2013.10.29 15:18:58.497,1.44069,1.44089,1.50,1.09
2013.10.29 15:18:58.738,1.44065,1.44086,2.33,1.47
2013.10.29 15:18:58.864,1.44065,1.44085,1.58,1.39
2013.10.29 15:18:59.057,1.44064,1.44084,1.88,1.69
2013.10.29 15:19:02.456,1.44064,1.44086,1.50,1.09
2013.10.29 15:19:03.367,1.44064,1.44086,2.70,1.02
2013.10.29 15:19:04.306,1.44065,1.44088,2.71,1.77
2013.10.29 15:19:06.168,1.44065,1.44088,2.90,1.77
2013.10.29 15:19:06.706,1.44066,1.44088,3.38,1.02
2013.10.29 15:19:08.817,1.44066,1.44086,1.58,1.32
2013.10.29 15:19:08.937,1.44066,1.44086,1.50,2.14
2013.10.29 15:19:09.477,1.44065,1.44084,1.50,1.02
2013.10.29 15:19:09.937,1.44064,1.44082,1.13,1.39
2013.10.29 15:19:10.058,1.44064,1.44082,1.13,1.69
2013.10.29 15:19:10.117,1.44062,1.44081,1.13,1.77
2013.10.29 15:19:11.607,1.44062,1.44081,1.13,2.89
2013.10.29 15:19:11.908,1.4406,1.44078,1.13,1.39
2013.10.29 15:19:14.887,1.44059,1.44078,1.50,1.39
2013.10.29 15:19:16.980,1.44059,1.44078,1.50,1.02
2013.10.29 15:19:17.590,1.44059,1.44081,1.65,3.19
2013.10.29 15:19:19.217,1.44059,1.4408,1.65,1.84
2013.10.29 15:19:19.920,1.44059,1.4408,1.65,1.84
2013.10.29 15:19:20.416,1.44059,1.44081,1.65,3.19
2013.10.29 15:19:22.085,1.44059,1.44081,1.65,2.07
2013.10.29 15:19:22.270,1.44059,1.44082,2.52,1.47
2013.10.29 15:19:22.327,1.44059,1.44083,1.50,4.39
2013.10.29 15:19:22.931,1.44059,1.4408,1.58,1.02
2013.10.29 15:19:27.916,1.44059,1.44082,2.25,2.82
2013.10.29 15:19:28.461,1.44059,1.44081,3.00,2.22
2013.10.29 15:19:28.767,1.44059,1.4408,1.58,1.32
2013.10.29 15:19:28.887,1.44059,1.4408,2.25,1.69
2013.10.29 15:19:29.007,1.44059,1.44079,1.58,2.14
2013.10.29 15:19:33.262,1.44059,1.44079,1.50,2.14
2013.10.29 15:19:35.750,1.44059,1.44079,1.50,2.14
2013.10.29 15:19:36.988,1.44059,1.44079,1.50,2.14
2013.10.29 15:19:37.171,1.44059,1.44079,1.50,2.14
2013.10.29 15:19:37.238,1.44059,1.44079,1.50,1.02
2013.10.29 15:19:37.357,1.44059,1.44081,1.50,1.32
2013.10.29 15:19:38.549,1.44059,1.44081,1.50,2.07
2013.10.29 15:19:41.000,1.4406,1.44081,3.00,2.07
2013.10.29 15:19:42.397,1.4406,1.4408,1.65,2.22
2013.10.29 15:19:43.088,1.4406,1.44079,1.65,1.02
2013.10.29 15:19:46.431,1.4406,1.44079,1.65,1.02
2013.10.29 15:19:47.208,1.4406,1.4408,1.65,1.84
2013.10.29 15:19:47.448,1.4406,1.4408,1.65,1.09
2013.10.29 15:19:48.628,1.4406,1.44081,3.00,2.29
2013.10.29 15:19:52.088,1.4406,1.44081,1.65,3.12
2013.10.29 15:19:54.048,1.4406,1.44081,1.65,3.12
2013.10.29 15:19:56.386,1.4406,1.44081,1.58,3.04
2013.10.29 15:19:58.149,1.4406,1.44076,1.58,1.32
2013.10.29 15:19:58.273,1.44059,1.44078,1.50,1.02
2013.10.29 15:19:58.908,1.44058,1.4408,2.25,3.34
2013.10.29 15:19:59.659,1.44058,1.44076,2.25,1.32
2013.10.29 15:19:59.719,1.44056,1.44076,3.00,1.32
2013.10.29 15:20:00.257,1.44055,1.44077,3.45,2.89
2013.10.29 15:20:01.217,1.44055,1.44077,2.70,2.52
2013.10.29 15:20:01.457,1.44057,1.44078,3.00,2.14
2013.10.29 15:20:01.817,1.44063,1.4408,3.27,1.50
2013.10.29 15:20:02.117,1.44063,1.4408,1.58,1.50
2013.10.29 15:20:02.669,1.44063,1.4408,2.25,1.50
2013.10.29 15:20:03.326,1.44063,1.4408,2.25,1.50
2013.10.29 15:20:03.641,1.44063,1.4408,1.58,1.69
2013.10.29 15:20:04.196,1.44063,1.4408,2.33,1.69
2013.10.29 15:20:06.606,1.44063,1.4408,1.50,2.44
2013.10.29 15:20:07.766,1.44063,1.44079,1.50,1.69
2013.10.29 15:20:08.307,1.44063,1.4408,1.50,1.69
2013.10.29 15:20:08.811,1.44063,1.4408,3.01,1.50
2013.10.29 15:20:09.358,1.44064,1.4408,3.00,1.50
2013.10.29 15:20:09.417,1.44064,1.4408,3.01,1.50
2013.10.29 15:20:10.046,1.44064,1.4408,3.01,1.50
2013.10.29 15:20:10.587,1.44064,1.4408,1.65,1.50
2013.10.29 15:20:11.727,1.44064,1.4408,2.33,1.50
2013.10.29 15:20:13.197,1.44064,1.4408,2.33,1.50
2013.10.29 15:20:13.739,1.44064,1.4408,1.50,1.50
2013.10.29 15:20:16.718,1.44064,1.4408,1.58,1.50
2013.10.29 15:20:16.908,1.44064,1.44082,4.77,1.13
2013.10.29 15:20:16.968,1.44067,1.44087,2.70,1.58
2013.10.29 15:20:17.087,1.44068,1.4409,3.00,2.22
2013.10.29 15:20:17.747,1.44068,1.4409,3.00,1.47
2013.10.29 15:20:18.394,1.44068,1.4409,3.00,1.47
2013.10.29 15:20:19.938,1.44068,1.4409,4.13,2.22
2013.10.29 15:20:20.540,1.44068,1.4409,4.51,1.47
2013.10.29 15:20:20.608,1.44069,1.44091,5.90,2.33
2013.10.29 15:20:20.727,1.44071,1.44091,4.40,1.88
2013.10.29 15:20:20.908,1.44071,1.44089,1.77,1.50
2013.10.29 15:20:21.149,1.44068,1.44086,1.58,2.25
2013.10.29 15:20:21.207,1.44068,1.44089,1.50,1.02
2013.10.29 15:20:21.627,1.44068,1.44091,3.19,2.14
2013.10.29 15:20:21.809,1.44068,1.4409,3.19,3.08
2013.10.29 15:20:22.167,1.44063,1.44077,1.50,1.32
2013.10.29 15:20:22.347,1.44058,1.44077,1.65,1.32
2013.10.29 15:20:22.897,1.44058,1.44078,1.65,1.32
2013.10.29 15:20:23.017,1.44058,1.44079,2.70,1.02
2013.10.29 15:20:23.376,1.44059,1.4408,3.01,1.77
2013.10.29 15:20:23.737,1.4406,1.4408,3.01,1.69
2013.10.29 15:20:25.199,1.4406,1.44081,3.75,1.39
2013.10.29 15:20:25.317,1.44062,1.44081,2.78,1.39
2013.10.29 15:20:26.400,1.44061,1.44081,3.45,1.77
2013.10.29 15:20:29.597,1.44061,1.44081,3.45,1.02
2013.10.29 15:20:33.546,1.44061,1.44081,3.08,1.02
2013.10.29 15:20:41.190,1.44063,1.44084,3.83,1.77
2013.10.29 15:20:41.258,1.44064,1.44084,3.00,1.69
2013.10.29 15:20:41.898,1.44066,1.44088,3.76,1.77
2013.10.29 15:20:42.077,1.44067,1.44088,3.00,1.69
2013.10.29 15:20:42.658,1.44068,1.44089,3.01,1.69
2013.10.29 15:20:42.837,1.44068,1.44089,3.01,1.69
2013.10.29 15:20:49.868,1.44069,1.4409,3.01,1.69
2013.10.29 15:20:50.121,1.44068,1.44087,1.50,1.69
2013.10.29 15:20:51.137,1.44068,1.44088,1.50,2.44
2013.10.29 15:20:56.867,1.44068,1.44086,1.50,1.32
2013.10.29 15:20:57.530,1.44068,1.44086,1.50,1.32
2013.10.29 15:20:58.367,1.44068,1.44088,1.50,1.32
2013.10.29 15:21:01.107,1.44069,1.44089,2.63,1.32
2013.10.29 15:21:03.347,1.44069,1.44089,1.58,1.32
2013.10.29 15:21:11.296,1.44069,1.44089,2.25,1.32
2013.10.29 15:21:12.266,1.44069,1.44088,2.25,1.32
2013.10.29 15:21:12.886,1.44069,1.44088,2.63,1.32
2013.10.29 15:21:16.347,1.44069,1.4409,2.63,1.39
2013.10.29 15:21:16.966,1.4407,1.44093,3.38,1.77
2013.10.29 15:21:17.087,1.44071,1.44093,2.71,1.77
2013.10.29 15:21:19.388,1.44071,1.44089,2.71,1.32
2013.10.29 15:21:19.747,1.44069,1.44089,1.95,1.32
2013.10.29 15:21:21.554,1.44069,1.44089,1.95,1.32
2013.10.29 15:21:21.938,1.44069,1.4409,2.71,1.32
2013.10.29 15:21:23.387,1.4407,1.44091,2.63,1.69
2013.10.29 15:21:24.052,1.44072,1.44095,2.63,3.27
2013.10.29 15:21:24.120,1.44072,1.44095,3.38,2.52
2013.10.29 15:21:24.178,1.44073,1.44095,4.58,1.69
2013.10.29 15:21:24.898,1.44075,1.44095,2.63,1.32
2013.10.29 15:21:24.957,1.44075,1.44097,1.95,1.32
2013.10.29 15:21:25.838,1.44079,1.44095,2.63,1.13
2013.10.29 15:21:27.680,1.44079,1.44103,3.76,1.84
2013.10.29 15:21:27.737,1.4408,1.44103,3.76,1.84
2013.10.29 15:21:27.798,1.44083,1.44105,2.63,2.82
2013.10.29 15:21:28.158,1.44082,1.44101,1.20,1.69
2013.10.29 15:21:28.660,1.44081,1.44101,1.88,1.77
2013.10.29 15:21:29.433,1.44081,1.44101,1.88,1.77
2013.10.29 15:21:29.917,1.44081,1.44101,1.50,1.69
2013.10.29 15:21:30.198,1.44081,1.44101,1.88,1.69
2013.10.29 15:21:30.557,1.4408,1.441,1.20,1.02
2013.10.29 15:21:31.345,1.4408,1.441,1.20,1.02
2013.10.29 15:21:31.830,1.4408,1.441,1.20,1.39
2013.10.29 15:21:32.019,1.4408,1.441,1.20,1.02
2013.10.29 15:21:32.557,1.4408,1.441,1.20,1.32
2013.10.29 15:21:33.146,1.44079,1.44099,1.20,1.02
2013.10.29 15:21:34.159,1.44079,1.441,2.14,1.02
2013.10.29 15:21:34.337,1.44079,1.44101,1.95,1.02
2013.10.29 15:21:34.698,1.44079,1.44101,1.95,1.02
2013.10.29 15:21:35.547,1.44079,1.44099,1.95,1.02
2013.10.29 15:21:35.758,1.44079,1.44099,1.95,2.52
2013.10.29 15:21:35.999,1.44079,1.44097,1.20,1.02
2013.10.29 15:21:36.250,1.44079,1.44097,1.13,1.32
2013.10.29 15:21:36.568,1.44079,1.44096,1.13,1.69
2013.10.29 15:21:36.927,1.44076,1.44095,1.95,1.32
2013.10.29 15:21:36.987,1.44075,1.44094,2.25,1.32
2013.10.29 15:21:37.348,1.44075,1.44089,1.50,1.32
2013.10.29 15:21:37.468,1.44068,1.44089,1.95,1.32
2013.10.29 15:21:37.707,1.44068,1.44086,1.13,1.02
2013.10.29 15:21:38.648,1.44068,1.44086,1.13,1.02
2013.10.29 15:21:39.647,1.44068,1.44088,1.13,1.77
2013.10.29 15:21:40.468,1.44068,1.44086,1.13,1.02
2013.10.29 15:21:41.847,1.44068,1.44088,1.13,1.02
2013.10.29 15:21:42.198,1.44068,1.44086,1.13,1.02
2013.10.29 15:21:42.518,1.44069,1.44089,4.88,1.32
2013.10.29 15:21:46.526,1.44069,1.44091,4.88,1.32
2013.10.29 15:21:46.647,1.44075,1.44093,1.32,1.13
2013.10.29 15:21:46.707,1.44083,1.44096,2.67,2.40
2013.10.29 15:21:46.827,1.44083,1.44103,6.04,1.50
2013.10.29 15:21:48.451,1.44085,1.44107,2.78,2.44
2013.10.29 15:21:48.637,1.44086,1.44108,2.63,1.09
2013.10.29 15:21:48.997,1.44086,1.44109,3.19,2.22
2013.10.29 15:21:49.176,1.44086,1.44108,3.20,1.13
2013.10.29 15:21:50.456,1.44086,1.44108,1.58,1.13
2013.10.29 15:21:52.266,1.44086,1.44106,1.09,1.13
2013.10.29 15:21:53.607,1.44086,1.44106,1.09,1.13
2013.10.29 15:21:54.297,1.44086,1.44106,1.84,1.28
2013.10.29 15:21:56.348,1.44086,1.44107,3.15,1.20
2013.10.29 15:21:56.407,1.44089,1.44107,3.38,1.20
2013.10.29 15:21:56.528,1.44096,1.4411,2.82,1.50
2013.10.29 15:21:56.588,1.44096,1.4411,1.32,1.50
2013.10.29 15:21:56.648,1.44096,1.4411,1.58,1.69
2013.10.29 15:21:56.950,1.44094,1.44112,1.50,1.13
2013.10.29 15:21:57.127,1.44093,1.44114,1.69,1.58
2013.10.29 15:21:57.367,1.44093,1.44114,2.89,1.50
2013.10.29 15:21:57.427,1.44093,1.44114,2.89,1.50
2013.10.29 15:21:57.787,1.44093,1.44115,2.33,1.39
2013.10.29 15:21:58.193,1.44093,1.44109,1.58,1.32
2013.10.29 15:21:58.519,1.44087,1.44107,1.20,1.69
2013.10.29 15:21:58.581,1.44086,1.44107,1.20,1.69
2013.10.29 15:21:58.977,1.44086,1.44107,1.20,1.69
2013.10.29 15:22:00.627,1.44086,1.44109,2.25,2.14
2013.10.29 15:22:00.807,1.44086,1.44107,1.95,1.02
2013.10.29 15:22:01.646,1.44087,1.44107,2.14,1.20
2013.10.29 15:22:02.427,1.44088,1.44108,3.19,1.50
2013.10.29 15:22:03.850,1.44088,1.44108,2.25,2.82
2013.10.29 15:22:04.160,1.44086,1.44104,1.28,1.13
2013.10.29 15:22:04.647,1.44086,1.44106,3.46,1.77
2013.10.29 15:22:05.237,1.44086,1.44106,4.21,1.02
2013.10.29 15:22:06.588,1.44086,1.44106,1.95,1.02
2013.10.29 15:22:07.347,1.44086,1.44106,1.95,1.02
2013.10.29 15:22:07.887,1.44086,1.44104,1.95,2.10
2013.10.29 15:22:08.248,1.44084,1.44097,1.50,1.13
2013.10.29 15:22:08.729,1.44077,1.44097,3.08,1.32
2013.10.29 15:22:09.067,1.44077,1.44097,2.70,1.32
2013.10.29 15:22:10.473,1.44077,1.44099,1.95,1.77
2013.10.29 15:22:11.030,1.44077,1.44097,1.50,1.32
2013.10.29 15:22:11.610,1.44076,1.44096,2.25,1.32
2013.10.29 15:22:11.682,1.44075,1.44097,1.95,1.77
2013.10.29 15:22:12.227,1.44075,1.44097,2.14,1.95
2013.10.29 15:22:12.407,1.44076,1.44097,4.13,1.02
2013.10.29 15:22:12.467,1.44077,1.44097,3.46,1.02
2013.10.29 15:22:13.008,1.44077,1.441,4.88,1.47
2013.10.29 15:22:13.067,1.44077,1.441,5.25,1.39
2013.10.29 15:22:13.127,1.44077,1.441,4.88,1.39
2013.10.29 15:22:13.907,1.44078,1.44099,2.71,1.02
2013.10.29 15:22:14.418,1.44078,1.44099,2.03,1.09
2013.10.29 15:22:14.897,1.44077,1.44099,3.90,1.09
2013.10.29 15:22:15.087,1.44077,1.44101,4.69,3.57
2013.10.29 15:22:15.918,1.44077,1.44099,3.34,1.09
2013.10.29 15:22:16.474,1.44077,1.44099,2.59,1.84
2013.10.29 15:22:18.062,1.44077,1.44099,2.59,1.84
2013.10.29 15:22:19.980,1.44077,1.44099,4.10,1.84
2013.10.29 15:22:20.047,1.44078,1.44099,2.70,1.84
2013.10.29 15:22:21.877,1.44078,1.44099,4.95,1.02
2013.10.29 15:22:22.300,1.44078,1.44096,1.88,1.32
2013.10.29 15:22:22.368,1.44078,1.44099,1.50,1.39
2013.10.29 15:22:22.486,1.44078,1.441,3.27,1.95
2013.10.29 15:22:22.667,1.44079,1.441,3.64,1.58
2013.10.29 15:22:22.921,1.44079,1.44099,3.00,1.32
2013.10.29 15:22:23.477,1.44079,1.441,3.01,1.32
2013.10.29 15:22:23.658,1.44079,1.441,1.58,1.32
2013.10.29 15:22:27.167,1.44079,1.44099,3.00,1.32
2013.10.29 15:22:29.446,1.44079,1.441,3.38,1.69
2013.10.29 15:22:29.867,1.44079,1.441,4.13,1.32
2013.10.29 15:22:30.227,1.44079,1.441,1.50,1.32
2013.10.29 15:22:30.845,1.44079,1.44099,2.33,1.32
2013.10.29 15:22:31.428,1.44079,1.44096,1.58,1.13
2013.10.29 15:22:31.968,1.44079,1.44098,1.58,1.32
2013.10.29 15:22:32.507,1.44078,1.44097,3.08,1.02
2013.10.29 15:22:32.627,1.44078,1.44098,4.50,1.32
2013.10.29 15:22:32.806,1.44078,1.44098,3.01,1.32
2013.10.29 15:22:32.928,1.44078,1.44098,3.01,1.32
2013.10.29 15:22:33.407,1.44078,1.44098,1.58,1.32
2013.10.29 15:22:34.217,1.44078,1.44098,3.76,1.32
2013.10.29 15:22:34.517,1.4408,1.44099,3.76,1.32
2013.10.29 15:22:36.327,1.4408,1.44099,2.25,1.32
2013.10.29 15:22:39.841,1.4408,1.44098,3.00,1.13
2013.10.29 15:22:40.027,1.44079,1.44098,2.40,1.13
2013.10.29 15:22:40.537,1.44079,1.44098,2.40,1.13
2013.10.29 15:22:41.232,1.44079,1.44098,1.58,1.13
2013.10.29 15:22:43.067,1.44079,1.441,1.58,2.14
2013.10.29 15:22:44.607,1.44079,1.441,1.58,2.14
2013.10.29 15:22:45.296,1.44079,1.441,1.58,2.14
2013.10.29 15:22:45.796,1.44079,1.44098,1.58,1.13
2013.10.29 15:22:46.350,1.44079,1.441,1.50,1.39
2013.10.29 15:22:46.960,1.4408,1.44099,3.00,1.32
2013.10.29 15:22:47.268,1.4408,1.44101,4.54,1.32
2013.10.29 15:22:47.568,1.44084,1.44104,4.54,1.50
2013.10.29 15:22:47.928,1.44086,1.44103,2.70,1.32
2013.10.29 15:22:47.988,1.44086,1.44103,2.63,1.32
2013.10.29 15:22:48.227,1.44086,1.44105,2.63,1.32
2013.10.29 15:22:48.767,1.44087,1.44105,3.75,1.32
2013.10.29 15:22:49.369,1.44088,1.44107,3.75,1.32
2013.10.29 15:22:49.429,1.44089,1.44109,2.63,2.07
2013.10.29 15:22:49.849,1.44089,1.44107,2.63,1.32
2013.10.29 15:22:50.687,1.44089,1.44107,1.95,1.32
2013.10.29 15:22:50.747,1.44087,1.44107,1.58,1.39
2013.10.29 15:22:51.517,1.44087,1.44105,1.58,1.32
2013.10.29 15:22:54.626,1.44087,1.44109,2.33,2.14
2013.10.29 15:22:54.687,1.44087,1.44109,3.64,1.58
2013.10.29 15:22:54.987,1.44089,1.44109,4.77,1.58
2013.10.29 15:22:55.110,1.4409,1.44111,3.94,1.50
2013.10.29 15:22:56.248,1.4409,1.44111,3.00,1.13
2013.10.29 15:22:56.967,1.4409,1.44111,4.69,1.13
2013.10.29 15:22:58.678,1.4409,1.4411,2.25,1.35
2013.10.29 15:22:58.920,1.44087,1.44106,1.58,1.13
2013.10.29 15:22:58.980,1.44087,1.44104,1.58,1.13
2013.10.29 15:22:59.049,1.44085,1.44106,2.52,1.20
2013.10.29 15:22:59.557,1.44085,1.44106,1.09,1.28
2013.10.29 15:22:59.737,1.44085,1.44107,2.25,1.13
2013.10.29 15:22:59.977,1.44085,1.44107,1.84,1.28
2013.10.29 15:23:00.398,1.44085,1.44107,1.65,2.22
2013.10.29 15:23:01.617,1.44086,1.44107,3.00,1.47
2013.10.29 15:23:01.977,1.44086,1.44107,1.50,1.47
2013.10.29 15:23:02.276,1.44086,1.44107,1.50,1.47
2013.10.29 15:23:02.458,1.44086,1.44107,1.50,1.47
2013.10.29 15:23:02.966,1.44086,1.44107,2.33,1.39
2013.10.29 15:23:03.657,1.44084,1.44107,2.52,1.47
2013.10.29 15:23:03.838,1.44084,1.44107,2.52,2.22
2013.10.29 15:23:04.192,1.44084,1.44106,2.52,1.20
2013.10.29 15:23:05.692,1.44084,1.44105,2.59,1.28
2013.10.29 15:23:08.387,1.44084,1.44105,2.59,1.28
2013.10.29 15:23:08.828,1.44081,1.44098,1.88,1.09
2013.10.29 15:23:09.129,1.44079,1.44096,1.88,1.20
2013.10.29 15:23:09.547,1.44077,1.44097,1.50,1.02
2013.10.29 15:23:10.087,1.44077,1.44098,1.50,1.58
2013.10.29 15:23:10.207,1.44077,1.44098,1.50,1.58
2013.10.29 15:23:10.756,1.44077,1.44099,2.59,2.25
2013.10.29 15:23:11.288,1.44078,1.44099,3.27,1.77
2013.10.29 15:23:12.037,1.44078,1.44099,3.27,1.77
2013.10.29 15:23:12.297,1.44078,1.441,3.27,1.02
2013.10.29 15:23:12.960,1.44078,1.441,1.65,1.39
2013.10.29 15:23:13.030,1.44078,1.44098,1.58,1.02
2013.10.29 15:23:13.567,1.44078,1.44098,2.33,1.32
2013.10.29 15:23:14.430,1.44079,1.44099,3.08,1.02
2013.10.29 15:23:14.609,1.44079,1.44101,2.52,1.58
2013.10.29 15:23:14.668,1.44079,1.44101,2.52,1.58
2013.10.29 15:23:15.309,1.44079,1.44101,2.52,1.58
2013.10.29 15:23:15.799,1.44079,1.44099,1.58,1.02
2013.10.29 15:23:16.597,1.44079,1.44094,1.50,1.13
2013.10.29 15:23:16.658,1.44076,1.44094,3.12,1.13
2013.10.29 15:23:17.017,1.44077,1.44098,3.08,1.02
2013.10.29 15:23:17.077,1.44077,1.44098,3.08,1.39
2013.10.29 15:23:18.208,1.44077,1.44098,3.83,1.02
2013.10.29 15:23:18.948,1.44078,1.44099,3.65,1.20
2013.10.29 15:23:19.451,1.4408,1.441,3.27,1.20
2013.10.29 15:23:20.508,1.4408,1.441,3.27,1.20
2013.10.29 15:23:21.089,1.4408,1.441,1.58,1.39
2013.10.29 15:23:21.269,1.44078,1.44099,1.65,1.02
2013.10.29 15:23:21.388,1.44078,1.44098,1.65,1.69
2013.10.29 15:23:22.747,1.44077,1.44097,1.50,1.32
2013.10.29 15:23:23.048,1.44076,1.44096,1.02,1.13
2013.10.29 15:23:23.591,1.44075,1.44095,1.69,1.58
2013.10.29 15:23:24.209,1.44075,1.44097,1.77,1.77
2013.10.29 15:23:27.287,1.44075,1.44097,3.65,1.02
2013.10.29 15:23:30.237,1.44076,1.44097,3.27,1.02
2013.10.29 15:23:31.017,1.44076,1.44097,3.94,1.02
2013.10.29 15:23:31.577,1.44076,1.44097,3.00,1.32
2013.10.29 15:23:32.162,1.44076,1.44096,1.69,1.28
2013.10.29 15:23:33.229,1.44075,1.44095,3.08,1.62
2013.10.29 15:23:33.407,1.44074,1.44092,1.88,1.20
2013.10.29 15:23:33.647,1.44074,1.44094,2.63,1.32
2013.10.29 15:23:34.150,1.44074,1.44093,1.88,1.32
2013.10.29 15:23:34.408,1.44073,1.44093,1.95,1.32
2013.10.29 15:23:35.727,1.44073,1.44093,1.20,1.39
2013.10.29 15:23:39.630,1.44073,1.44093,1.95,1.39
2013.10.29 15:23:40.171,1.44073,1.44092,1.58,1.69
2013.10.29 15:23:40.238,1.44071,1.4409,2.33,1.32
2013.10.29 15:23:40.597,1.44071,1.44092,1.50,1.47
2013.10.29 15:23:41.107,1.44071,1.44092,3.38,1.02
2013.10.29 15:23:41.709,1.44071,1.44092,4.51,1.02
2013.10.29 15:23:43.238,1.44073,1.44092,2.40,1.02
2013.10.29 15:23:43.359,1.44073,1.44092,3.46,1.02
2013.10.29 15:23:43.717,1.44076,1.44095,3.45,1.69
2013.10.29 15:23:44.137,1.44077,1.44095,4.13,1.50
2013.10.29 15:23:44.197,1.44077,1.44097,2.70,1.50
2013.10.29 15:23:44.443,1.44077,1.44095,3.38,1.32
2013.10.29 15:23:44.867,1.44077,1.44094,1.28,1.69
2013.10.29 15:23:45.227,1.44074,1.44094,1.65,1.84
2013.10.29 15:23:45.778,1.44073,1.44093,1.95,1.02
2013.10.29 15:23:46.947,1.44073,1.44093,1.58,2.14
2013.10.29 15:23:47.009,1.44072,1.44089,1.50,1.50
2013.10.29 15:23:47.067,1.44071,1.44089,1.28,1.39
2013.10.29 15:23:47.607,1.4407,1.44089,1.28,1.32
2013.10.29 15:23:47.827,1.4407,1.44089,3.38,1.32
2013.10.29 15:23:48.159,1.44068,1.44087,1.95,1.69
2013.10.29 15:23:48.460,1.44066,1.44076,1.50,1.32
2013.10.29 15:23:48.767,1.44063,1.44074,1.50,1.13
2013.10.29 15:23:48.827,1.44063,1.44074,1.50,1.32
2013.10.29 15:23:49.069,1.44058,1.44074,1.28,1.32
2013.10.29 15:23:49.490,1.44058,1.44072,1.13,1.32
2013.10.29 15:23:49.679,1.44057,1.44073,2.25,1.50
2013.10.29 15:23:49.739,1.44057,1.44077,3.75,2.52
2013.10.29 15:23:49.800,1.44058,1.44077,2.86,1.69
2013.10.29 15:23:49.860,1.44058,1.44077,2.48,1.69
2013.10.29 15:23:50.289,1.44058,1.44075,4.51,1.32
2013.10.29 15:23:50.349,1.44058,1.44075,1.88,1.39
2013.10.29 15:23:50.768,1.44055,1.44073,2.33,1.13
2013.10.29 15:23:51.429,1.44056,1.44076,2.70,1.77
2013.10.29 15:23:51.549,1.44056,1.44076,3.46,1.69
2013.10.29 15:23:51.727,1.44057,1.44079,2.71,1.77
2013.10.29 15:23:51.958,1.44057,1.44075,1.20,1.88
2013.10.29 15:23:52.078,1.44055,1.44075,3.64,2.33
2013.10.29 15:23:53.437,1.44055,1.44074,1.20,1.39
2013.10.29 15:23:53.994,1.44055,1.44075,1.13,1.28
2013.10.29 15:23:54.301,1.44057,1.44076,3.38,1.13
2013.10.29 15:23:54.847,1.44057,1.4408,3.38,2.82
2013.10.29 15:23:55.712,1.44059,1.4408,3.46,1.32
2013.10.29 15:23:55.780,1.4406,1.44082,4.21,1.77
2013.10.29 15:23:55.840,1.44061,1.44083,3.00,1.32
2013.10.29 15:23:56.280,1.44064,1.44085,4.02,1.20
2013.10.29 15:23:56.357,1.44067,1.44084,3.38,1.32
2013.10.29 15:23:56.667,1.44066,1.44084,1.65,1.32
2013.10.29 15:23:56.907,1.44065,1.44084,1.88,1.39
2013.10.29 15:23:57.149,1.44064,1.44082,2.63,2.89
2013.10.29 15:23:57.209,1.44064,1.4408,1.88,1.32
2013.10.29 15:23:57.726,1.44062,1.44079,1.13,1.02
2013.10.29 15:23:57.786,1.44061,1.44079,1.20,1.02
2013.10.29 15:23:58.149,1.44061,1.44079,1.13,1.02
2013.10.29 15:23:58.459,1.44061,1.44083,4.02,2.14
2013.10.29 15:23:58.969,1.44063,1.44083,2.70,1.39
2013.10.29 15:23:59.270,1.44065,1.44084,4.02,1.20
2013.10.29 15:23:59.388,1.44067,1.44088,3.46,1.20
2013.10.29 15:24:00.047,1.44067,1.44087,3.46,2.14
2013.10.29 15:24:00.168,1.44067,1.44083,2.70,1.13
2013.10.29 15:24:00.688,1.44067,1.44083,1.58,1.13
2013.10.29 15:24:01.780,1.44067,1.44087,3.15,1.84
2013.10.29 15:24:02.421,1.44067,1.44086,1.65,1.32
2013.10.29 15:24:03.668,1.44067,1.44087,2.03,1.09
2013.10.29 15:24:04.357,1.44067,1.44087,2.78,1.09
2013.10.29 15:24:04.907,1.44067,1.44087,2.25,1.09
2013.10.29 15:24:05.236,1.44068,1.44087,2.63,1.09
2013.10.29 15:24:05.537,1.4407,1.44089,4.13,2.07
2013.10.29 15:24:05.897,1.44071,1.44093,4.21,2.52
2013.10.29 15:24:06.018,1.44072,1.44093,4.47,1.77
2013.10.29 15:24:06.377,1.44072,1.44088,1.13,1.32
2013.10.29 15:24:06.558,1.44071,1.44088,1.58,1.69
2013.10.29 15:24:06.678,1.44071,1.44091,3.75,1.50
2013.10.29 15:24:06.739,1.44072,1.44093,3.75,1.84
2013.10.29 15:24:07.279,1.44073,1.44093,3.08,2.52
2013.10.29 15:24:08.094,1.44073,1.44094,4.02,2.63
2013.10.29 15:24:08.172,1.44075,1.44095,3.90,1.09
2013.10.29 15:24:08.300,1.44075,1.44097,5.89,1.58
2013.10.29 15:24:08.837,1.44077,1.44097,3.83,1.02
2013.10.29 15:24:09.557,1.44077,1.44096,3.83,2.07
2013.10.29 15:24:09.677,1.44077,1.44095,1.50,1.28
2013.10.29 15:24:10.217,1.44075,1.44094,2.25,1.65
2013.10.29 15:24:10.757,1.44076,1.44096,4.21,1.02
2013.10.29 15:24:11.785,1.44076,1.44096,4.95,1.77
2013.10.29 15:24:12.338,1.44076,1.44094,3.83,1.50
2013.10.29 15:24:12.518,1.44076,1.44094,1.20,1.69
2013.10.29 15:24:12.637,1.44073,1.44091,1.88,1.65
2013.10.29 15:24:15.017,1.44074,1.44094,2.15,1.65
2013.10.29 15:24:15.679,1.44074,1.44092,1.13,1.69
2013.10.29 15:24:16.038,1.44073,1.44092,1.88,2.22
2013.10.29 15:24:16.097,1.44073,1.44091,1.88,1.69
2013.10.29 15:24:16.817,1.44073,1.4409,1.50,1.02
2013.10.29 15:24:17.168,1.44073,1.4409,1.50,1.02
2013.10.29 15:24:17.677,1.4407,1.44089,2.70,1.77
2013.10.29 15:24:17.800,1.4407,1.44088,2.03,1.02
2013.10.29 15:24:18.337,1.44069,1.44086,1.58,1.13
2013.10.29 15:24:19.138,1.44069,1.44087,2.25,1.02
2013.10.29 15:24:19.737,1.44069,1.44088,2.25,1.09
2013.10.29 15:24:20.387,1.44069,1.44089,1.58,1.02
2013.10.29 15:24:24.957,1.44069,1.4409,3.76,1.39
2013.10.29 15:24:27.029,1.44069,1.44088,3.76,1.32
2013.10.29 15:24:27.731,1.44069,1.44089,1.58,1.39
2013.10.29 15:24:28.127,1.44069,1.44088,1.58,1.92
2013.10.29 15:24:31.238,1.44069,1.44087,3.75,1.13
2013.10.29 15:24:31.774,1.44069,1.44088,3.75,2.44
2013.10.29 15:24:32.078,1.44069,1.44085,1.20,2.07
2013.10.29 15:24:32.378,1.44068,1.44085,1.58,2.07
2013.10.29 15:24:32.751,1.44067,1.44085,2.33,1.69
2013.10.29 15:24:33.978,1.44067,1.44086,2.33,2.07
2013.10.29 15:24:34.477,1.44067,1.44086,1.58,1.69
2013.10.29 15:24:34.898,1.44067,1.44085,1.65,1.13
2013.10.29 15:24:35.450,1.44066,1.44085,3.27,1.50
2013.10.29 15:24:36.127,1.44066,1.44085,2.59,1.50
2013.10.29 15:24:36.677,1.44066,1.44085,1.84,1.50
2013.10.29 15:24:37.118,1.44067,1.44085,3.72,1.50
2013.10.29 15:24:38.429,1.44068,1.44085,2.52,1.50
2013.10.29 15:24:38.789,1.44067,1.44084,1.02,1.50
2013.10.29 15:24:38.907,1.44066,1.44084,1.09,1.50
2013.10.29 15:24:39.267,1.44066,1.44085,1.09,1.58
2013.10.29 15:24:41.009,1.44065,1.44083,1.58,1.50
2013.10.29 15:24:41.429,1.44065,1.4408,1.13,1.50
2013.10.29 15:24:41.936,1.44062,1.44083,1.77,2.22
2013.10.29 15:24:43.291,1.44062,1.44083,1.77,2.22
2013.10.29 15:24:43.730,1.44062,1.4408,1.77,1.50
2013.10.29 15:24:45.982,1.44062,1.44083,2.25,2.25
2013.10.29 15:24:46.052,1.44063,1.44084,3.53,1.02
2013.10.29 15:24:46.584,1.44064,1.44086,5.63,1.02
2013.10.29 15:24:47.937,1.44064,1.44084,4.58,1.02
2013.10.29 15:24:48.239,1.44064,1.44084,3.08,2.14
2013.10.29 15:24:48.300,1.44064,1.44083,2.33,1.69
2013.10.29 15:24:48.599,1.44062,1.4408,2.33,1.69
2013.10.29 15:24:48.659,1.44062,1.4408,1.58,1.77
2013.10.29 15:24:49.018,1.4406,1.44077,2.33,1.32
2013.10.29 15:24:49.138,1.44059,1.44076,2.03,1.69
2013.10.29 15:24:49.377,1.44059,1.44076,1.13,1.84
2013.10.29 15:24:49.929,1.44059,1.44076,1.13,1.84
2013.10.29 15:24:51.576,1.44059,1.44076,1.13,1.84
2013.10.29 15:24:51.857,1.44058,1.44076,1.13,1.09
2013.10.29 15:24:52.158,1.4406,1.44082,3.08,1.77
2013.10.29 15:24:52.220,1.4406,1.44082,3.27,1.58
2013.10.29 15:24:52.398,1.44062,1.44081,2.33,1.02
2013.10.29 15:24:52.937,1.44062,1.44081,1.13,3.00
2013.10.29 15:24:53.307,1.44062,1.4408,1.13,1.47
2013.10.29 15:24:53.881,1.44059,1.44077,1.20,1.09
2013.10.29 15:24:55.487,1.44059,1.44078,1.28,1.77
2013.10.29 15:24:56.388,1.44059,1.44079,2.03,1.09
2013.10.29 15:25:01.639,1.44059,1.44079,2.70,1.02
2013.10.29 15:25:02.498,1.44059,1.44079,2.70,1.02
2013.10.29 15:25:03.417,1.44059,1.4408,1.58,1.02
2013.10.29 15:25:07.648,1.44059,1.4408,5.07,1.02
2013.10.29 15:25:07.708,1.44059,1.44079,4.32,1.32
2013.10.29 15:25:08.009,1.44059,1.44079,4.13,1.32
2013.10.29 15:25:10.327,1.44059,1.44079,1.50,2.14
2013.10.29 15:25:10.387,1.44059,1.44077,1.50,1.69
2013.10.29 15:25:11.784,1.44059,1.44078,1.50,1.77
2013.10.29 15:25:11.847,1.44059,1.44078,1.50,1.02
2013.10.29 15:25:12.376,1.44057,1.44078,1.95,1.02
2013.10.29 15:25:12.513,1.44057,1.44077,1.20,3.19
2013.10.29 15:25:12.828,1.44057,1.44076,1.13,1.84
2013.10.29 15:25:13.129,1.44056,1.44073,1.13,1.50
2013.10.29 15:25:13.508,1.44056,1.44074,1.13,1.50
2013.10.29 15:25:13.871,1.44056,1.44073,1.13,1.50
2013.10.29 15:25:14.418,1.44056,1.44073,1.20,1.50
2013.10.29 15:25:14.719,1.44056,1.44073,1.20,1.50
2013.10.29 15:25:15.207,1.44056,1.44073,1.20,1.50
2013.10.29 15:25:15.267,1.44056,1.44072,1.20,1.50
2013.10.29 15:25:15.388,1.44056,1.44072,1.13,1.58
2013.10.29 15:25:15.927,1.44054,1.4407,1.05,1.50
2013.10.29 15:25:15.988,1.44054,1.4407,1.05,1.50
2013.10.29 15:25:16.167,1.44052,1.44071,1.50,1.65
2013.10.29 15:25:16.657,1.4405,1.4407,2.63,1.69
2013.10.29 15:25:16.778,1.4405,1.44069,2.25,1.32
2013.10.29 15:25:16.898,1.4405,1.44068,1.65,1.32
2013.10.29 15:25:17.327,1.44048,1.44068,3.00,1.84
2013.10.29 15:25:17.950,1.44048,1.44068,3.38,1.65
2013.10.29 15:25:18.829,1.44048,1.44068,3.00,1.09
2013.10.29 15:25:19.128,1.44048,1.44068,3.01,1.84
2013.10.29 15:25:19.667,1.44048,1.44068,1.50,2.14
2013.10.29 15:25:20.219,1.44048,1.44068,1.50,1.39
2013.10.29 15:25:21.667,1.44048,1.44068,2.63,1.09
2013.10.29 15:25:22.957,1.44048,1.44068,2.63,1.09
2013.10.29 15:25:23.218,1.44048,1.44068,2.63,1.09
2013.10.29 15:25:23.697,1.44048,1.44069,3.87,1.69
2013.10.29 15:25:24.420,1.4405,1.44071,4.05,1.09
2013.10.29 15:25:25.467,1.4405,1.44072,5.86,1.84
2013.10.29 15:25:26.130,1.44051,1.44071,3.31,1.02
2013.10.29 15:25:26.887,1.44051,1.44072,2.55,1.84
2013.10.29 15:25:29.159,1.44051,1.44072,3.50,1.09
2013.10.29 15:25:31.157,1.44051,1.44069,1.69,1.58
2013.10.29 15:25:31.278,1.44052,1.44073,4.17,1.95
2013.10.29 15:25:31.459,1.44053,1.44075,2.89,1.95
2013.10.29 15:25:31.818,1.44053,1.44074,1.13,1.65
2013.10.29 15:25:31.937,1.44053,1.44071,2.15,1.50
2013.10.29 15:25:32.468,1.44053,1.44071,1.13,2.33
2013.10.29 15:25:34.559,1.44053,1.4407,1.13,1.50
2013.10.29 15:25:39.219,1.44053,1.44072,1.13,1.58
2013.10.29 15:25:39.778,1.44053,1.44071,1.88,1.58
2013.10.29 15:25:41.746,1.44053,1.44072,3.00,1.50
2013.10.29 15:25:42.258,1.44053,1.44071,3.68,1.50
2013.10.29 15:25:45.208,1.44053,1.44072,3.61,1.50
2013.10.29 15:25:45.747,1.44053,1.4407,2.86,1.50
2013.10.29 15:25:46.288,1.44053,1.4407,2.55,1.50
2013.10.29 15:25:46.800,1.44053,1.44068,2.55,1.13
2013.10.29 15:25:47.223,1.44051,1.44069,1.58,1.50
2013.10.29 15:25:47.707,1.44049,1.44068,2.59,1.50
2013.10.29 15:25:47.887,1.44049,1.44071,5.82,1.95
2013.10.29 15:25:47.947,1.4405,1.44071,4.02,1.95
2013.10.29 15:25:48.487,1.44051,1.4407,3.57,1.13
2013.10.29 15:25:49.018,1.44051,1.4407,3.94,1.50
2013.10.29 15:25:49.258,1.44051,1.44072,3.19,1.88
2013.10.29 15:25:49.807,1.44051,1.44072,4.69,2.63
2013.10.29 15:25:50.037,1.44051,1.44072,3.19,2.63
2013.10.29 15:25:50.577,1.44051,1.44068,3.19,1.13
2013.10.29 15:25:51.407,1.44051,1.44068,3.19,1.13
2013.10.29 15:25:52.098,1.44051,1.44067,2.44,1.13
2013.10.29 15:25:52.282,1.44049,1.44066,2.25,1.50
2013.10.29 15:25:52.350,1.44048,1.44066,1.28,1.88
2013.10.29 15:25:52.469,1.44048,1.44066,2.25,1.88
2013.10.29 15:25:52.828,1.44048,1.44067,3.38,1.88
2013.10.29 15:25:53.218,1.44048,1.44065,3.38,1.50
2013.10.29 15:25:53.337,1.44048,1.44065,2.03,1.50
2013.10.29 15:25:53.458,1.44048,1.44065,3.38,1.50
2013.10.29 15:25:53.989,1.44048,1.44068,3.38,1.69
2013.10.29 15:25:54.050,1.44049,1.44069,2.52,1.88
2013.10.29 15:25:54.171,1.4405,1.4407,2.60,1.20
2013.10.29 15:25:54.350,1.44051,1.44071,4.69,1.50
2013.10.29 15:25:55.007,1.44051,1.44073,3.00,1.69
2013.10.29 15:25:55.528,1.44051,1.44073,5.07,1.13
2013.10.29 15:25:55.979,1.44051,1.44072,5.07,1.13
2013.10.29 15:25:56.517,1.44051,1.44072,2.45,2.70
2013.10.29 15:25:57.180,1.44051,1.44072,2.25,1.69
2013.10.29 15:25:57.479,1.4405,1.44071,2.52,1.88
2013.10.29 15:25:58.617,1.4405,1.4407,1.58,1.88
2013.10.29 15:26:00.670,1.4405,1.44073,3.65,1.47
2013.10.29 15:26:00.909,1.44051,1.44071,2.71,2.14
2013.10.29 15:26:01.267,1.44051,1.44071,2.33,1.13
2013.10.29 15:26:02.138,1.44051,1.44071,1.58,2.14
2013.10.29 15:26:02.677,1.44051,1.44069,3.01,1.50
2013.10.29 15:26:03.339,1.44051,1.44068,1.65,1.13
2013.10.29 15:26:03.697,1.44049,1.44068,2.89,1.50
2013.10.29 15:26:04.302,1.44049,1.4407,4.32,1.69
2013.10.29 15:26:04.870,1.44049,1.4407,3.57,1.69
2013.10.29 15:26:05.168,1.44049,1.44066,2.44,1.13
2013.10.29 15:26:05.467,1.44049,1.44067,2.25,1.88
2013.10.29 15:26:07.473,1.44049,1.44066,2.25,1.13
2013.10.29 15:26:07.839,1.44049,1.44066,2.25,1.88
2013.10.29 15:26:08.259,1.44049,1.44066,1.58,1.50
2013.10.29 15:26:08.797,1.44049,1.44069,1.58,2.14
2013.10.29 15:26:09.757,1.44049,1.44067,1.58,1.50
2013.10.29 15:26:09.938,1.44049,1.44066,2.25,1.50
2013.10.29 15:26:10.057,1.44049,1.44066,1.58,1.50
2013.10.29 15:26:10.639,1.44047,1.44066,2.25,1.50
2013.10.29 15:26:11.521,1.44047,1.44066,2.25,1.50
2013.10.29 15:26:12.388,1.44047,1.44067,3.38,1.50
2013.10.29 15:26:12.508,1.44048,1.44068,3.57,1.50
2013.10.29 15:26:13.048,1.44048,1.44066,2.70,1.88
2013.10.29 15:26:13.108,1.44048,1.44066,2.03,1.88
2013.10.29 15:26:13.293,1.44048,1.44066,1.28,2.25
2013.10.29 15:26:13.478,1.44048,1.44066,2.03,1.50
2013.10.29 15:26:14.157,1.44048,1.44066,3.38,1.50
2013.10.29 15:26:14.537,1.44048,1.44068,2.63,1.69
2013.10.29 15:26:14.958,1.44048,1.44069,2.63,2.82
2013.10.29 15:26:15.078,1.44048,1.44066,1.28,1.13
2013.10.29 15:26:15.758,1.44048,1.44068,1.28,2.07
2013.10.29 15:26:15.877,1.44048,1.44068,1.28,2.82
2013.10.29 15:26:15.997,1.44048,1.44068,1.95,1.69
2013.10.29 15:26:16.537,1.44048,1.44069,2.63,2.07
2013.10.29 15:26:17.148,1.44048,1.44068,1.58,1.69
2013.10.29 15:26:17.757,1.44048,1.44068,1.58,2.07
2013.10.29 15:26:19.028,1.44048,1.44067,1.58,1.50
2013.10.29 15:26:19.567,1.44048,1.44067,1.58,1.50
2013.10.29 15:26:20.419,1.44048,1.44067,1.58,1.50
2013.10.29 15:26:21.698,1.44048,1.44068,1.58,1.77
2013.10.29 15:26:22.257,1.44048,1.4407,4.58,2.14
2013.10.29 15:26:22.377,1.44048,1.4407,5.63,1.69
2013.10.29 15:26:22.438,1.44048,1.44068,4.88,1.69
2013.10.29 15:26:22.978,1.44051,1.44069,2.22,1.50
2013.10.29 15:26:23.098,1.44052,1.44072,2.41,1.69
2013.10.29 15:26:23.157,1.44052,1.44072,2.41,1.69
2013.10.29 15:26:23.461,1.44053,1.44071,3.38,1.50
2013.10.29 15:26:23.529,1.44053,1.44072,2.70,1.77
2013.10.29 15:26:24.148,1.44053,1.4407,1.95,1.50
2013.10.29 15:26:24.267,1.44053,1.4407,1.13,1.50
2013.10.29 15:26:24.388,1.44053,1.44072,1.13,1.77
2013.10.29 15:26:25.168,1.44053,1.4407,1.13,1.50
2013.10.29 15:26:25.529,1.44053,1.44071,2.67,1.58
2013.10.29 15:26:25.587,1.44053,1.44073,2.74,2.33
2013.10.29 15:26:26.127,1.44053,1.44073,2.44,1.65
2013.10.29 15:26:27.208,1.44053,1.44073,2.33,1.58
2013.10.29 15:26:27.787,1.44054,1.44073,3.01,1.58
2013.10.29 15:26:27.847,1.44054,1.44073,2.33,1.58
2013.10.29 15:26:27.908,1.44054,1.44073,1.50,1.50
2013.10.29 15:26:28.568,1.44055,1.44074,3.76,1.13
2013.10.29 15:26:29.867,1.44055,1.44074,1.50,2.14
2013.10.29 15:26:30.107,1.44053,1.44072,1.47,1.50
2013.10.29 15:26:30.652,1.44052,1.44071,2.10,1.65
2013.10.29 15:26:31.018,1.44052,1.44072,1.84,1.50
2013.10.29 15:26:31.379,1.44052,1.44072,1.65,1.69
2013.10.29 15:26:31.498,1.44051,1.4407,3.60,1.69
2013.10.29 15:26:31.618,1.44051,1.4407,2.10,1.77
2013.10.29 15:26:31.798,1.44051,1.4407,2.10,1.84
2013.10.29 15:26:33.067,1.44051,1.4407,3.23,1.09
2013.10.29 15:26:33.596,1.44051,1.44071,1.50,1.77
2013.10.29 15:26:34.139,1.44051,1.44071,1.50,1.77
2013.10.29 15:26:34.760,1.44051,1.44071,1.50,1.77
2013.10.29 15:26:35.339,1.44051,1.44072,3.38,1.02
2013.10.29 15:26:35.559,1.44051,1.44072,3.38,1.39
2013.10.29 15:26:35.618,1.44051,1.44072,3.38,1.02
2013.10.29 15:26:35.737,1.44051,1.44072,3.38,1.02
2013.10.29 15:26:36.098,1.44051,1.44072,3.19,1.02
2013.10.29 15:26:36.618,1.44051,1.44072,3.38,1.02
2013.10.29 15:26:37.148,1.44051,1.44072,3.00,1.02
2013.10.29 15:26:37.668,1.44052,1.44072,2.70,1.02
2013.10.29 15:26:38.367,1.44052,1.44072,2.25,1.77
2013.10.29 15:26:38.687,1.44052,1.44072,3.08,1.77
2013.10.29 15:26:41.719,1.44052,1.44072,2.25,1.02
2013.10.29 15:26:42.997,1.44052,1.44072,3.08,1.02
2013.10.29 15:26:43.497,1.44052,1.4407,1.95,1.50
2013.10.29 15:26:44.038,1.44052,1.44069,1.50,1.50
2013.10.29 15:26:44.168,1.44052,1.44072,1.50,1.09
2013.10.29 15:26:44.709,1.44052,1.44071,1.88,1.09
2013.10.29 15:26:44.769,1.44052,1.44071,1.88,1.09
2013.10.29 15:26:44.949,1.44052,1.44073,2.45,2.25
2013.10.29 15:26:45.189,1.44053,1.44074,1.50,1.02
2013.10.29 15:26:45.248,1.44053,1.44074,2.78,1.02
2013.10.29 15:26:45.881,1.44053,1.44074,1.50,1.02
2013.10.29 15:26:45.952,1.44056,1.44075,2.26,1.47
2013.10.29 15:26:46.390,1.44058,1.44078,2.52,1.58
2013.10.29 15:26:46.699,1.44058,1.44078,2.41,2.07
2013.10.29 15:26:47.237,1.44058,1.44076,1.13,1.02
2013.10.29 15:26:48.199,1.44058,1.44077,2.26,1.09
2013.10.29 15:26:48.379,1.44058,1.44077,1.50,1.02
2013.10.29 15:26:49.848,1.44058,1.44077,3.27,1.02
2013.10.29 15:26:50.398,1.44058,1.44077,3.00,1.77
2013.10.29 15:26:50.817,1.44058,1.44077,1.88,2.33
2013.10.29 15:26:51.408,1.44058,1.44075,1.13,1.69
2013.10.29 15:26:51.528,1.44058,1.44075,1.13,1.69
2013.10.29 15:26:52.317,1.44058,1.44075,1.13,1.69
2013.10.29 15:26:52.917,1.44058,1.44075,1.13,1.58
2013.10.29 15:26:53.457,1.44058,1.44074,1.13,1.77
2013.10.29 15:26:53.998,1.44058,1.44076,1.88,2.33
2013.10.29 15:26:54.058,1.4406,1.44076,3.23,1.58
2013.10.29 15:26:54.117,1.4406,1.44081,2.55,1.58
2013.10.29 15:26:54.238,1.4406,1.44079,1.13,2.52
2013.10.29 15:26:54.717,1.4406,1.4408,4.10,1.09
2013.10.29 15:26:55.262,1.4406,1.44079,2.63,1.09
2013.10.29 15:26:55.848,1.4406,1.44077,2.85,1.50
2013.10.29 15:26:56.548,1.4406,1.44076,2.10,1.50
2013.10.29 15:26:57.267,1.4406,1.44077,2.85,1.50
2013.10.29 15:26:58.017,1.4406,1.44077,3.61,1.50
2013.10.29 15:26:58.577,1.4406,1.44077,2.86,1.50
2013.10.29 15:27:00.160,1.4406,1.44076,1.73,1.50
2013.10.29 15:27:00.339,1.4406,1.44076,1.13,1.50
2013.10.29 15:27:00.989,1.4406,1.44076,1.13,1.50
2013.10.29 15:27:01.049,1.44062,1.44076,3.23,1.50
2013.10.29 15:27:01.231,1.44065,1.44081,5.48,1.50
2013.10.29 15:27:01.300,1.44065,1.44082,5.10,1.50
2013.10.29 15:27:01.359,1.44065,1.44082,3.60,1.50
2013.10.29 15:27:03.777,1.44065,1.44081,1.13,1.58
2013.10.29 15:27:05.277,1.44065,1.4408,1.35,1.50
2013.10.29 15:27:05.397,1.44065,1.44081,1.35,1.02
2013.10.29 15:27:05.937,1.44064,1.44079,1.35,1.84
2013.10.29 15:27:06.577,1.44064,1.44079,1.35,1.84
2013.10.29 15:27:07.847,1.44064,1.44079,1.35,1.84
2013.10.29 15:27:08.487,1.44064,1.44077,1.35,1.50
2013.10.29 15:27:09.007,1.44064,1.44078,1.35,1.50
2013.10.29 15:27:09.704,1.44063,1.44078,1.35,1.50
2013.10.29 15:27:10.127,1.44063,1.44078,1.35,1.50
2013.10.29 15:27:10.977,1.44063,1.44078,1.35,1.50
2013.10.29 15:27:11.635,1.44061,1.44079,3.38,1.50
2013.10.29 15:27:12.118,1.44062,1.44081,2.93,1.69
2013.10.29 15:27:12.178,1.44062,1.44081,2.93,1.69
2013.10.29 15:27:12.297,1.44062,1.44081,2.48,1.77
2013.10.29 15:27:13.932,1.44063,1.44083,3.38,1.09
2013.10.29 15:27:14.367,1.44063,1.4408,2.03,1.50
2013.10.29 15:27:14.668,1.44059,1.44077,2.25,1.69
2013.10.29 15:27:14.728,1.44061,1.44079,3.60,1.65
2013.10.29 15:27:15.267,1.44064,1.44084,3.23,2.14
2013.10.29 15:27:15.779,1.44064,1.44084,3.98,2.14
2013.10.29 15:27:15.898,1.44064,1.44082,1.43,1.50
2013.10.29 15:27:16.430,1.44064,1.44082,1.43,1.50
2013.10.29 15:27:18.147,1.44061,1.44082,1.65,1.58
2013.10.29 15:27:18.911,1.4406,1.44079,1.95,1.32
2013.10.29 15:27:19.439,1.44058,1.44077,3.83,1.02
2013.10.29 15:27:19.962,1.44058,1.44078,4.13,1.69
2013.10.29 15:27:20.478,1.44058,1.44079,4.51,1.69
2013.10.29 15:27:22.418,1.44059,1.44079,3.08,1.69
2013.10.29 15:27:22.977,1.44059,1.44079,3.01,1.69
2013.10.29 15:27:23.497,1.44059,1.44079,3.76,1.69
2013.10.29 15:27:25.127,1.44061,1.4408,3.75,1.32
2013.10.29 15:27:25.187,1.44062,1.44082,2.74,1.65
2013.10.29 15:27:25.728,1.44062,1.44082,4.54,1.50
2013.10.29 15:27:26.998,1.44062,1.44082,4.54,1.50
2013.10.29 15:27:27.721,1.44062,1.44082,2.75,1.65
2013.10.29 15:27:28.389,1.44062,1.44081,2.56,1.02
2013.10.29 15:27:29.267,1.4406,1.44081,5.37,1.02
2013.10.29 15:27:29.388,1.4406,1.4408,3.08,1.39
2013.10.29 15:27:29.929,1.44059,1.44079,2.37,1.58
2013.10.29 15:27:30.467,1.44059,1.4408,2.74,1.58
2013.10.29 15:27:30.588,1.44059,1.4408,1.99,1.65
2013.10.29 15:27:30.768,1.44059,1.4408,1.69,1.95
2013.10.29 15:27:31.450,1.44058,1.44077,1.69,1.20
2013.10.29 15:27:32.299,1.44057,1.44077,2.18,2.89
2013.10.29 15:27:32.847,1.44057,1.44076,1.35,1.02
2013.10.29 15:27:34.883,1.44056,1.44075,1.05,1.69
2013.10.29 15:27:35.011,1.44055,1.44076,2.07,1.02
2013.10.29 15:27:37.879,1.44055,1.44075,3.30,2.25
2013.10.29 15:27:37.938,1.44055,1.44075,4.73,1.50
2013.10.29 15:27:38.447,1.44055,1.44075,3.76,1.65
2013.10.29 15:27:40.458,1.44055,1.44076,4.70,1.65
2013.10.29 15:27:40.759,1.44057,1.44077,4.43,1.02
2013.10.29 15:27:41.057,1.44057,1.44077,1.50,1.02
2013.10.29 15:27:42.192,1.44057,1.44074,1.43,1.50
2013.10.29 15:27:43.158,1.44056,1.44074,2.18,1.50
2013.10.29 15:27:43.878,1.44056,1.44075,2.26,1.50
2013.10.29 15:27:44.057,1.44056,1.44077,4.43,1.02
2013.10.29 15:27:44.238,1.44057,1.44079,3.68,2.52
2013.10.29 15:27:44.417,1.44057,1.44078,1.80,1.58
2013.10.29 15:27:44.957,1.44057,1.44077,3.80,1.50
2013.10.29 15:27:45.198,1.44057,1.44079,4.35,1.09
2013.10.29 15:27:45.557,1.44057,1.44078,4.43,2.33
2013.10.29 15:27:46.088,1.44059,1.44081,3.79,2.25
2013.10.29 15:27:46.147,1.44059,1.44081,4.62,1.58
2013.10.29 15:27:46.728,1.44059,1.44082,5.37,1.77
2013.10.29 15:27:47.928,1.44059,1.44081,3.31,1.77
2013.10.29 15:27:47.987,1.44059,1.44079,2.93,1.02
2013.10.29 15:27:48.589,1.44059,1.44081,3.87,1.58
2013.10.29 15:27:50.466,1.44059,1.44081,3.87,1.58
2013.10.29 15:27:51.851,1.44059,1.44081,4.43,1.39
2013.10.29 15:27:52.098,1.44059,1.44079,3.68,1.77
2013.10.29 15:27:52.338,1.44059,1.44079,3.08,1.77
2013.10.29 15:27:52.458,1.44059,1.44079,2.33,1.69
2013.10.29 15:27:52.638,1.44059,1.44079,2.33,2.44
2013.10.29 15:27:52.818,1.44059,1.44078,1.88,1.02
2013.10.29 15:27:52.998,1.44059,1.44081,2.22,1.58
2013.10.29 15:27:53.177,1.4406,1.44081,2.82,1.58
2013.10.29 15:27:53.477,1.4406,1.44082,3.68,1.09
2013.10.29 15:27:53.994,1.44061,1.44082,2.93,1.02
2013.10.29 15:27:54.058,1.44061,1.44082,2.93,1.02
2013.10.29 15:27:54.177,1.44061,1.44082,2.93,1.02
2013.10.29 15:27:54.727,1.44061,1.44082,1.58,1.02
2013.10.29 15:27:55.653,1.44061,1.44082,2.25,1.09
2013.10.29 15:27:55.977,1.44061,1.44083,2.25,3.19
2013.10.29 15:27:56.157,1.4406,1.44079,3.98,1.50
2013.10.29 15:27:56.517,1.4406,1.44082,4.55,1.65
2013.10.29 15:27:57.048,1.4406,1.44082,4.54,1.65
2013.10.29 15:27:57.587,1.4406,1.44083,4.54,2.44
2013.10.29 15:27:58.905,1.4406,1.44081,4.92,1.65
2013.10.29 15:27:59.267,1.44062,1.44081,2.63,2.07
2013.10.29 15:27:59.568,1.44059,1.44077,3.60,1.50
2013.10.29 15:28:00.109,1.44059,1.44078,2.93,1.58
2013.10.29 15:28:00.549,1.44059,1.4408,1.92,2.33
2013.10.29 15:28:00.967,1.4406,1.44079,2.55,1.50
2013.10.29 15:28:01.468,1.4406,1.44079,1.92,1.50
2013.10.29 15:28:01.998,1.4406,1.44081,2.67,1.65
2013.10.29 15:28:03.190,1.44061,1.44079,3.49,1.50
2013.10.29 15:28:03.557,1.44062,1.44082,3.00,1.02
2013.10.29 15:28:04.947,1.44062,1.44083,3.76,1.84
2013.10.29 15:28:05.503,1.44064,1.44082,2.70,1.69
2013.10.29 15:28:06.637,1.44064,1.44083,3.83,1.69
2013.10.29 15:28:07.178,1.44064,1.44082,3.83,1.69
2013.10.29 15:28:08.137,1.44065,1.44084,3.38,1.77
2013.10.29 15:28:09.254,1.44066,1.44087,3.46,2.22
2013.10.29 15:28:09.381,1.44066,1.44086,3.83,1.39
2013.10.29 15:28:09.882,1.44066,1.44086,3.46,1.39
2013.10.29 15:28:10.417,1.44066,1.44086,3.83,1.39
2013.10.29 15:28:12.288,1.44066,1.44084,2.70,1.50
2013.10.29 15:28:12.817,1.44067,1.44084,3.83,1.50
2013.10.29 15:28:13.598,1.44067,1.44084,3.83,1.50
2013.10.29 15:28:14.197,1.44067,1.44085,2.18,1.69
2013.10.29 15:28:14.839,1.44066,1.44083,2.03,1.69
2013.10.29 15:28:16.108,1.44066,1.44084,1.35,2.89
2013.10.29 15:28:17.050,1.44064,1.4408,1.58,1.69
2013.10.29 15:28:17.410,1.44064,1.44081,2.25,1.02
2013.10.29 15:28:17.977,1.44064,1.44081,1.50,1.02
2013.10.29 15:28:19.218,1.44064,1.44083,1.88,2.52
2013.10.29 15:28:19.757,1.44064,1.44083,2.33,1.77
2013.10.29 15:28:22.797,1.44064,1.44082,3.08,1.69
2013.10.29 15:28:23.349,1.44064,1.44081,2.82,1.50
2013.10.29 15:28:23.658,1.44064,1.44081,2.63,1.69
2013.10.29 15:28:24.747,1.44064,1.44082,3.75,2.07
2013.10.29 15:28:24.808,1.44064,1.44082,3.75,1.50
2013.10.29 15:28:24.927,1.44064,1.44082,3.00,1.32
2013.10.29 15:28:25.049,1.44064,1.4408,1.88,2.44
2013.10.29 15:28:25.109,1.44064,1.44081,1.50,1.09
2013.10.29 15:28:25.229,1.44062,1.44081,3.38,2.22
2013.10.29 15:28:25.409,1.44062,1.44081,3.90,1.69
2013.10.29 15:28:25.536,1.44062,1.44078,3.00,1.50
2013.10.29 15:28:26.077,1.44061,1.44077,1.88,1.02
2013.10.29 15:28:26.138,1.44061,1.44077,1.88,1.02
2013.10.29 15:28:27.007,1.44061,1.44077,1.88,1.02
2013.10.29 15:28:27.208,1.44061,1.44078,1.88,1.77
2013.10.29 15:28:27.710,1.44061,1.44079,4.28,2.44
2013.10.29 15:28:27.829,1.44061,1.44078,2.70,1.69
2013.10.29 15:28:28.367,1.44061,1.44078,2.33,1.77
2013.10.29 15:28:28.898,1.44061,1.44078,1.58,1.77
2013.10.29 15:28:28.958,1.44061,1.44078,2.33,1.58
2013.10.29 15:28:29.078,1.44062,1.44082,3.35,1.84
2013.10.29 15:28:29.138,1.44062,1.44082,3.35,2.22
2013.10.29 15:28:29.498,1.44062,1.44083,3.75,1.77
2013.10.29 15:28:30.831,1.44064,1.44082,2.71,1.02
2013.10.29 15:28:31.389,1.44064,1.44084,3.15,1.09
2013.10.29 15:28:32.668,1.44063,1.44083,2.78,2.44
2013.10.29 15:28:37.287,1.44063,1.44081,2.25,1.32
2013.10.29 15:28:37.648,1.44063,1.4408,3.00,1.02
2013.10.29 15:28:38.168,1.44064,1.4408,3.00,1.02
2013.10.29 15:28:39.289,1.44064,1.4408,1.13,1.02
2013.10.29 15:28:40.447,1.44063,1.4408,1.88,1.02
2013.10.29 15:28:40.819,1.44062,1.4408,1.20,1.02
2013.10.29 15:28:44.437,1.44061,1.44078,1.13,1.02
2013.10.29 15:28:45.707,1.44061,1.44078,1.13,1.02
2013.10.29 15:28:46.980,1.44061,1.44079,2.25,1.84
2013.10.29 15:28:47.097,1.44061,1.44081,3.30,1.69
2013.10.29 15:28:47.489,1.4406,1.4408,1.88,1.09
2013.10.29 15:28:47.727,1.4406,1.4408,4.06,1.02
2013.10.29 15:28:48.937,1.4406,1.4408,3.45,1.02
2013.10.29 15:28:49.458,1.44061,1.44082,5.25,2.44
2013.10.29 15:28:49.960,1.44061,1.4408,3.38,1.02
2013.10.29 15:28:50.497,1.44061,1.4408,3.38,1.02
2013.10.29 15:28:52.527,1.44061,1.4408,3.38,1.02
2013.10.29 15:28:53.068,1.44061,1.44081,3.31,1.02
2013.10.29 15:28:56.258,1.44061,1.4408,1.88,1.39
2013.10.29 15:28:57.668,1.44061,1.4408,2.63,1.09
2013.10.29 15:28:57.727,1.44063,1.44082,3.94,2.63
2013.10.29 15:28:57.907,1.44063,1.44085,2.82,3.08
2013.10.29 15:28:59.338,1.44063,1.44085,2.07,1.58
2013.10.29 15:28:59.919,1.44064,1.44085,2.89,2.33
2013.10.29 15:29:00.908,1.44065,1.44086,3.72,2.44
2013.10.29 15:29:01.210,1.44066,1.44088,2.78,2.44
2013.10.29 15:29:01.747,1.44066,1.44087,7.28,1.09
2013.10.29 15:29:02.134,1.44066,1.44087,4.32,1.39
2013.10.29 15:29:03.128,1.44066,1.44087,5.07,1.39
2013.10.29 15:29:05.050,1.44066,1.44085,4.88,1.32
2013.10.29 15:29:05.169,1.44067,1.44088,3.08,1.47
2013.10.29 15:29:05.409,1.44067,1.44088,3.46,1.47
2013.10.29 15:29:06.432,1.44067,1.44089,2.33,1.39
2013.10.29 15:29:06.679,1.44067,1.4409,2.25,2.40
2013.10.29 15:29:08.169,1.44067,1.44079,2.25,1.50
2013.10.29 15:29:08.409,1.44064,1.44078,1.13,1.32
2013.10.29 15:29:08.473,1.44064,1.44079,1.13,1.50
2013.10.29 15:29:08.538,1.44063,1.44082,1.58,1.77
2013.10.29 15:29:08.657,1.44063,1.44083,2.33,1.39
2013.10.29 15:29:09.018,1.44063,1.44085,3.95,2.89
2013.10.29 15:29:09.143,1.44063,1.44085,4.88,1.39
2013.10.29 15:29:10.057,1.44063,1.44084,4.13,1.69
2013.10.29 15:29:11.323,1.44063,1.44084,5.07,1.13
2013.10.29 15:29:11.463,1.44066,1.44085,5.29,1.58
2013.10.29 15:29:11.588,1.44068,1.44087,6.04,1.28
2013.10.29 15:29:11.708,1.44069,1.44088,2.48,1.58
2013.10.29 15:29:12.127,1.44069,1.44089,2.70,1.58
2013.10.29 15:29:13.078,1.44069,1.44089,2.33,2.33
2013.10.29 15:29:13.617,1.44069,1.44089,2.70,2.33
2013.10.29 15:29:13.918,1.4407,1.44089,3.87,1.50
2013.10.29 15:29:14.442,1.4407,1.44091,2.52,2.25
2013.10.29 15:29:15.878,1.4407,1.44091,2.07,2.25
2013.10.29 15:29:15.998,1.4407,1.44092,3.27,1.58
2013.10.29 15:29:16.539,1.4407,1.44091,2.07,3.00
2013.10.29 15:29:16.841,1.4407,1.44091,1.32,3.38
2013.10.29 15:29:17.378,1.44069,1.44089,1.69,1.50
2013.10.29 15:29:18.121,1.44067,1.44086,2.67,1.88
2013.10.29 15:29:18.309,1.44066,1.44084,1.13,2.25
2013.10.29 15:29:18.848,1.44063,1.44081,1.69,2.63
2013.10.29 15:29:19.268,1.44062,1.4408,1.69,2.63
2013.10.29 15:29:21.459,1.44062,1.4408,1.69,1.28
2013.10.29 15:29:21.888,1.44062,1.4408,1.69,1.28
2013.10.29 15:29:24.451,1.44057,1.44076,2.44,2.40
2013.10.29 15:29:24.532,1.44055,1.44073,1.32,1.20
2013.10.29 15:29:24.720,1.44055,1.44073,1.32,1.20
2013.10.29 15:29:25.270,1.44055,1.44073,1.13,1.28
2013.10.29 15:29:25.772,1.44055,1.44073,1.13,1.28
2013.10.29 15:29:26.398,1.44055,1.44073,1.13,1.28
2013.10.29 15:29:26.938,1.44054,1.4407,1.13,1.20
2013.10.29 15:29:27.480,1.44054,1.4407,1.13,1.20
2013.10.29 15:29:28.058,1.44054,1.4407,1.13,1.95
2013.10.29 15:29:28.237,1.4405,1.44069,1.02,1.95
2013.10.29 15:29:28.359,1.44048,1.44067,1.50,3.00
2013.10.29 15:29:28.538,1.44045,1.44064,1.32,1.28
2013.10.29 15:29:28.658,1.44044,1.44063,1.13,1.20
2013.10.29 15:29:28.839,1.44044,1.44063,1.58,1.20
2013.10.29 15:29:29.200,1.44044,1.4406,1.13,1.13
2013.10.29 15:29:29.529,1.44043,1.4406,1.13,1.20
2013.10.29 15:29:29.768,1.44043,1.44058,1.13,1.20
2013.10.29 15:29:30.011,1.44041,1.44057,1.58,1.32
2013.10.29 15:29:30.081,1.44041,1.44057,1.50,1.69
2013.10.29 15:29:30.209,1.44038,1.44053,1.65,1.32
2013.10.29 15:29:30.268,1.44037,1.44053,4.50,1.32
2013.10.29 15:29:30.329,1.44037,1.44053,4.50,1.32
2013.10.29 15:29:30.450,1.44037,1.44052,1.50,1.32
2013.10.29 15:29:30.748,1.44036,1.4405,1.50,1.32
2013.10.29 15:29:30.869,1.44036,1.4405,1.50,1.32
2013.10.29 15:29:30.991,1.44036,1.44052,1.50,1.69
2013.10.29 15:29:31.120,1.44036,1.44052,3.20,1.13
2013.10.29 15:29:31.298,1.44036,1.44057,5.44,2.07
2013.10.29 15:29:31.358,1.44036,1.44057,4.32,2.07
2013.10.29 15:29:31.538,1.44036,1.44053,4.13,1.13
2013.10.29 15:29:31.659,1.44036,1.44056,3.64,1.20
2013.10.29 15:29:32.079,1.44036,1.44053,2.82,1.20
2013.10.29 15:29:32.139,1.44036,1.44053,1.13,1.20
2013.10.29 15:29:32.319,1.44036,1.44056,1.58,2.44
2013.10.29 15:29:32.438,1.44036,1.44056,3.00,1.58
2013.10.29 15:29:32.678,1.44037,1.44056,3.45,1.13
2013.10.29 15:29:32.858,1.44037,1.44056,3.45,1.13
2013.10.29 15:29:32.978,1.44037,1.44056,2.25,2.63
2013.10.29 15:29:33.462,1.44037,1.44054,3.46,1.32
2013.10.29 15:29:33.977,1.44037,1.44054,1.88,2.52
2013.10.29 15:29:34.483,1.44037,1.44052,1.88,1.69
2013.10.29 15:29:34.669,1.44037,1.44057,1.58,1.32
2013.10.29 15:29:35.028,1.4404,1.44061,2.85,3.00
2013.10.29 15:29:35.209,1.44043,1.44063,4.13,1.20
2013.10.29 15:29:35.268,1.44044,1.44064,3.27,1.28
2013.10.29 15:29:35.448,1.44047,1.44067,2.78,1.32
2013.10.29 15:29:35.810,1.44047,1.44068,2.97,1.28
2013.10.29 15:29:36.109,1.44047,1.44067,2.89,2.03
2013.10.29 15:29:36.898,1.44047,1.44068,2.03,2.70
2013.10.29 15:29:37.199,1.44047,1.44064,1.32,1.13
2013.10.29 15:29:37.557,1.44047,1.44067,2.14,1.88
2013.10.29 15:29:38.137,1.44047,1.44067,2.14,1.95
2013.10.29 15:29:38.387,1.44047,1.44067,3.64,1.20
2013.10.29 15:29:38.990,1.44047,1.44067,1.77,1.20
2013.10.29 15:29:39.171,1.44047,1.44068,1.77,1.20
2013.10.29 15:29:39.487,1.44047,1.44067,1.77,1.20
2013.10.29 15:29:40.028,1.44046,1.44064,1.02,1.20
2013.10.29 15:29:40.509,1.44046,1.44067,4.02,1.20
2013.10.29 15:29:40.627,1.44046,1.44067,4.32,1.13
2013.10.29 15:29:41.157,1.44046,1.44069,5.07,2.52
2013.10.29 15:29:41.458,1.44051,1.4407,2.89,1.50
2013.10.29 15:29:41.638,1.44052,1.44073,3.94,2.25
2013.10.29 15:29:41.697,1.44052,1.44072,3.94,1.13
2013.10.29 15:29:42.058,1.44052,1.44072,1.58,1.77
2013.10.29 15:29:43.210,1.44052,1.4407,1.58,1.32
2013.10.29 15:29:43.388,1.44048,1.44066,1.20,1.50
2013.10.29 15:29:43.568,1.44047,1.44066,1.69,1.58
2013.10.29 15:29:43.690,1.44047,1.44068,3.19,2.44
2013.10.29 15:29:43.750,1.44047,1.44069,3.94,1.84
2013.10.29 15:29:44.277,1.44047,1.4407,4.32,2.40
2013.10.29 15:29:44.808,1.44047,1.4407,4.32,1.65
2013.10.29 15:29:44.928,1.44048,1.4407,2.78,3.72
2013.10.29 15:29:45.170,1.44048,1.44068,1.65,1.13
2013.10.29 15:29:45.528,1.44047,1.44069,1.77,1.58
2013.10.29 15:29:46.198,1.44047,1.44069,5.44,1.58
2013.10.29 15:29:46.631,1.44048,1.44071,2.90,3.64
2013.10.29 15:29:46.858,1.4405,1.44071,2.90,1.95
2013.10.29 15:29:46.920,1.4405,1.44071,2.52,1.95
2013.10.29 15:29:47.457,1.4405,1.44072,2.60,1.95
2013.10.29 15:29:48.258,1.4405,1.44069,1.02,1.50
2013.10.29 15:29:48.320,1.4405,1.44069,1.02,2.25
2013.10.29 15:29:48.629,1.44046,1.44064,1.95,1.69
2013.10.29 15:29:48.749,1.44045,1.44064,1.28,1.69
2013.10.29 15:29:48.931,1.44045,1.44064,1.95,1.50
2013.10.29 15:29:49.538,1.44047,1.44067,2.70,2.52
2013.10.29 15:29:50.058,1.44047,1.44067,1.95,1.77
2013.10.29 15:29:50.867,1.44047,1.44067,2.33,2.44
2013.10.29 15:29:52.137,1.44048,1.44069,2.78,4.39
2013.10.29 15:29:54.571,1.44049,1.44069,2.70,1.58
2013.10.29 15:29:55.120,1.44049,1.44067,1.50,1.69
2013.10.29 15:29:55.897,1.44049,1.44067,2.82,1.84
2013.10.29 15:29:56.197,1.44049,1.44068,3.01,2.25
2013.10.29 15:29:56.378,1.44051,1.44071,2.52,1.58
2013.10.29 15:29:56.440,1.44051,1.44071,1.69,1.58
2013.10.29 15:29:56.508,1.44051,1.4407,1.69,1.50
2013.10.29 15:29:57.049,1.44053,1.4407,2.45,1.50
2013.10.29 15:29:57.228,1.44053,1.44072,2.25,1.95
2013.10.29 15:29:57.408,1.44053,1.4407,1.13,1.88
2013.10.29 15:29:58.157,1.4405,1.44069,2.07,1.20
2013.10.29 15:29:59.029,1.44048,1.44068,2.14,1.58
2013.10.29 15:29:59.089,1.44046,1.44063,1.20,2.25
2013.10.29 15:29:59.148,1.44044,1.44063,1.02,3.08
2013.10.29 15:29:59.209,1.44042,1.44058,1.95,1.88
2013.10.29 15:29:59.789,1.44042,1.44059,1.13,3.38
2013.10.29 15:29:59.928,1.44042,1.44058,1.13,1.20
2013.10.29 15:30:03.118,1.44041,1.4406,1.13,1.02
2013.10.29 15:30:03.237,1.44041,1.4406,1.13,1.39
2013.10.29 15:30:03.358,1.44041,1.4406,1.13,1.47
2013.10.29 15:30:03.837,1.44041,1.4406,1.13,2.14
2013.10.29 15:30:04.317,1.44041,1.44059,1.13,1.20
2013.10.29 15:30:04.378,1.44039,1.44059,1.39,1.28
2013.10.29 15:30:04.618,1.44039,1.44059,1.32,1.13
2013.10.29 15:30:05.218,1.44038,1.44056,1.95,1.32
2013.10.29 15:30:05.279,1.44038,1.44056,1.13,1.32
2013.10.29 15:30:05.338,1.44035,1.44056,1.20,1.32
2013.10.29 15:30:05.578,1.44034,1.44053,2.33,1.32
2013.10.29 15:30:05.699,1.44034,1.44053,1.58,1.32
2013.10.29 15:30:06.877,1.44034,1.44053,1.50,2.07
2013.10.29 15:30:07.658,1.44034,1.44055,2.63,1.09
2013.10.29 15:30:07.957,1.44034,1.44056,2.63,3.19
2013.10.29 15:30:08.658,1.44034,1.44054,1.50,1.09
2013.10.29 15:30:08.719,1.44034,1.44053,1.50,1.32
2013.10.29 15:30:09.258,1.44032,1.4405,1.50,1.32
2013.10.29 15:30:12.308,1.44031,1.4405,1.58,1.32
2013.10.29 15:30:12.857,1.44031,1.4405,1.58,1.32
2013.10.29 15:30:13.387,1.44031,1.44049,1.58,1.32
2013.10.29 15:30:13.688,1.4403,1.44046,2.10,1.69
2013.10.29 15:30:13.869,1.44028,1.44048,2.48,1.09
2013.10.29 15:30:14.408,1.4403,1.44049,2.93,1.32
2013.10.29 15:30:14.918,1.4403,1.44049,3.23,1.32
2013.10.29 15:30:15.158,1.4403,1.44049,3.23,2.07
2013.10.29 15:30:15.697,1.4403,1.44049,1.35,1.69
2013.10.29 15:30:17.708,1.4403,1.44051,1.88,1.69
2013.10.29 15:30:18.248,1.4403,1.44051,3.42,1.50
2013.10.29 15:30:18.428,1.44031,1.44053,2.44,1.50
2013.10.29 15:30:18.788,1.44033,1.44057,4.99,2.14
2013.10.29 15:30:19.210,1.44034,1.44056,3.95,1.32
2013.10.29 15:30:19.569,1.44033,1.44052,1.50,1.69
2013.10.29 15:30:20.073,1.44032,1.44052,1.50,1.02
2013.10.29 15:30:21.118,1.44032,1.44051,1.50,1.32
2013.10.29 15:30:21.481,1.44032,1.4405,1.35,1.69
2013.10.29 15:30:22.028,1.4403,1.44051,2.63,2.22
2013.10.29 15:30:22.389,1.4403,1.44051,2.63,2.22
2013.10.29 15:30:23.249,1.44033,1.44054,2.82,1.20
2013.10.29 15:30:23.310,1.44033,1.44054,2.82,1.58
2013.10.29 15:30:23.378,1.44033,1.44054,4.99,1.58
2013.10.29 15:30:23.558,1.44035,1.44057,3.38,2.44
2013.10.29 15:30:23.978,1.44035,1.44057,2.63,1.69
2013.10.29 15:30:24.478,1.44035,1.44054,2.25,1.13
2013.10.29 15:30:25.018,1.44035,1.44056,1.50,1.32
2013.10.29 15:30:25.395,1.44035,1.44056,2.63,1.32
2013.10.29 15:30:26.070,1.44035,1.44057,4.50,2.07
2013.10.29 15:30:27.390,1.44035,1.44054,4.50,1.50
2013.10.29 15:30:27.754,1.44035,1.44054,1.77,1.13
2013.10.29 15:30:27.822,1.44035,1.44055,3.46,1.69
2013.10.29 15:30:28.371,1.44035,1.44054,3.00,1.32
2013.10.29 15:30:28.620,1.44035,1.44055,4.88,1.32
2013.10.29 15:30:28.918,1.44035,1.44057,5.25,1.69
2013.10.29 15:30:30.958,1.44036,1.44057,3.00,1.32
2013.10.29 15:30:31.600,1.44037,1.44057,3.23,1.32
2013.10.29 15:30:31.660,1.44038,1.44057,2.63,1.32
2013.10.29 15:30:32.989,1.44038,1.44057,1.50,1.32
2013.10.29 15:30:34.688,1.44038,1.44057,1.50,1.32
2013.10.29 15:30:35.288,1.44036,1.44057,2.25,1.32
2013.10.29 15:30:35.808,1.44036,1.44057,1.50,1.32
2013.10.29 15:30:38.499,1.44036,1.44056,1.50,1.32
2013.10.29 15:30:39.178,1.44036,1.44056,1.95,1.32
2013.10.29 15:30:39.620,1.44036,1.44058,5.52,1.39
2013.10.29 15:30:39.740,1.44038,1.44057,3.98,1.69
2013.10.29 15:30:40.098,1.44037,1.44057,3.08,1.39
2013.10.29 15:30:40.898,1.44037,1.44058,1.80,1.28
2013.10.29 15:30:41.018,1.44037,1.44059,7.17,1.20
2013.10.29 15:30:41.139,1.44039,1.44059,5.25,1.13
2013.10.29 15:30:41.440,1.44045,1.44067,6.87,1.58
2013.10.29 15:30:41.679,1.44047,1.44069,2.93,1.39
2013.10.29 15:30:41.739,1.44047,1.4407,2.10,1.84
2013.10.29 15:30:42.100,1.44047,1.44068,2.10,2.52
2013.10.29 15:30:42.158,1.44047,1.44068,1.28,2.59
2013.10.29 15:30:42.458,1.44047,1.44069,2.63,1.47
2013.10.29 15:30:42.518,1.44047,1.44069,2.63,1.39
2013.10.29 15:30:44.708,1.44048,1.44069,3.00,1.69
2013.10.29 15:30:45.210,1.44048,1.44071,3.94,1.69
2013.10.29 15:30:48.929,1.44049,1.44069,3.19,1.50
2013.10.29 15:30:49.721,1.44049,1.44069,4.32,1.13
2013.10.29 15:30:50.028,1.44051,1.44068,2.82,1.13
2013.10.29 15:30:50.269,1.44051,1.44073,3.57,1.13
2013.10.29 15:30:50.448,1.44053,1.44068,2.07,1.13
2013.10.29 15:30:50.985,1.44052,1.44067,1.88,1.13
2013.10.29 15:30:51.691,1.44052,1.44067,1.88,1.13
2013.10.29 15:30:52.598,1.44048,1.4406,3.38,1.50
2013.10.29 15:30:52.778,1.44046,1.44052,2.18,1.13
2013.10.29 15:30:52.839,1.4404,1.44052,1.88,1.32
2013.10.29 15:30:52.899,1.44038,1.44054,1.13,1.50
2013.10.29 15:30:53.078,1.44035,1.44057,2.33,2.14
2013.10.29 15:30:53.621,1.44035,1.44057,1.58,1.39
2013.10.29 15:30:53.918,1.44035,1.4406,2.90,2.82
2013.10.29 15:30:54.099,1.44039,1.44061,3.83,1.02
2013.10.29 15:30:54.639,1.44042,1.44062,2.63,1.69
2013.10.29 15:30:55.188,1.44042,1.44062,1.50,1.69
2013.10.29 15:30:55.817,1.44042,1.4406,1.50,1.32
2013.10.29 15:30:56.177,1.44042,1.44064,1.58,1.20
2013.10.29 15:30:56.238,1.44042,1.44066,3.95,1.39
2013.10.29 15:30:56.418,1.44043,1.44068,2.70,1.77
2013.10.29 15:30:57.578,1.44045,1.44068,5.63,1.02
2013.10.29 15:30:58.314,1.44046,1.4407,4.13,2.52
2013.10.29 15:31:02.128,1.44047,1.4407,4.32,1.02
2013.10.29 15:31:02.948,1.44048,1.44072,3.95,1.20
2013.10.29 15:31:03.507,1.4405,1.44072,3.57,1.20
2013.10.29 15:31:04.108,1.4405,1.44072,1.77,1.20
2013.10.29 15:31:05.288,1.4405,1.44072,1.77,1.20
2013.10.29 15:31:05.528,1.44054,1.44077,2.15,2.70
2013.10.29 15:31:05.708,1.44055,1.44077,2.52,1.58
2013.10.29 15:31:06.188,1.44055,1.44079,2.82,1.77
2013.10.29 15:31:06.689,1.44055,1.44078,2.44,1.09
2013.10.29 15:31:06.868,1.44055,1.44077,2.44,1.65
2013.10.29 15:31:07.047,1.44055,1.44077,2.44,1.65
2013.10.29 15:31:07.408,1.44055,1.44075,1.02,1.20
2013.10.29 15:31:07.587,1.44055,1.44077,2.52,2.33
2013.10.29 15:31:07.647,1.44056,1.44078,3.57,1.58
2013.10.29 15:31:08.007,1.44056,1.44077,4.88,1.69
2013.10.29 15:31:08.562,1.44056,1.44075,4.88,1.13
2013.10.29 15:31:09.149,1.44057,1.44077,2.63,1.50
2013.10.29 15:31:09.568,1.44057,1.44078,4.13,1.50
2013.10.29 15:31:10.151,1.44057,1.44078,4.88,1.50
2013.10.29 15:31:10.448,1.44057,1.44077,4.88,1.50
2013.10.29 15:31:10.999,1.44057,1.44077,1.20,1.77
2013.10.29 15:31:11.148,1.44057,1.44077,1.28,1.77
2013.10.29 15:31:11.698,1.44056,1.44076,3.38,1.32
2013.10.29 15:31:14.409,1.44057,1.44077,3.57,1.13
2013.10.29 15:31:15.709,1.44056,1.44076,1.88,1.69
2013.10.29 15:31:16.012,1.44055,1.44074,1.50,1.32
2013.10.29 15:31:16.078,1.44055,1.44075,1.50,1.69
2013.10.29 15:31:16.258,1.44055,1.44076,1.50,1.77
2013.10.29 15:31:16.438,1.44055,1.44076,1.50,1.39
2013.10.29 15:31:17.368,1.44055,1.44076,1.50,1.39
2013.10.29 15:31:17.729,1.44055,1.44077,6.57,1.32
2013.10.29 15:31:18.088,1.44059,1.44077,3.00,1.69
2013.10.29 15:31:18.208,1.44059,1.44077,1.50,1.69
2013.10.29 15:31:18.448,1.44058,1.44077,1.50,1.69
2013.10.29 15:31:19.158,1.44058,1.44077,1.50,1.32
2013.10.29 15:31:19.968,1.44058,1.44076,1.50,1.32
2013.10.29 15:31:21.205,1.44058,1.44077,1.50,1.32
2013.10.29 15:31:21.480,1.44058,1.44076,1.50,1.32
2013.10.29 15:31:21.937,1.44058,1.44076,1.50,1.32
2013.10.29 15:31:22.058,1.44058,1.44077,1.50,2.07
2013.10.29 15:31:22.358,1.44057,1.44076,1.58,1.32
2013.10.29 15:31:22.478,1.44057,1.44076,1.58,1.32
2013.10.29 15:31:22.560,1.44057,1.44076,1.58,1.32
2013.10.29 15:31:22.738,1.44055,1.44073,1.50,1.32
2013.10.29 15:31:22.858,1.44054,1.44073,1.13,1.39
2013.10.29 15:31:23.098,1.44053,1.44073,1.50,1.32
2013.10.29 15:31:23.478,1.44053,1.44072,1.50,1.32
2013.10.29 15:31:23.598,1.44053,1.44074,1.50,1.69
2013.10.29 15:31:24.458,1.44053,1.44074,1.50,1.13
2013.10.29 15:31:24.928,1.44053,1.44073,1.50,1.32
2013.10.29 15:31:25.108,1.44053,1.44074,1.50,1.32
2013.10.29 15:31:25.350,1.44052,1.44073,1.58,1.32
2013.10.29 15:31:25.408,1.44052,1.44073,1.58,1.32
2013.10.29 15:31:25.710,1.44052,1.44075,1.58,1.77
2013.10.29 15:31:26.248,1.44052,1.44074,2.25,1.09
2013.10.29 15:31:26.692,1.44052,1.44071,1.50,1.69
2013.10.29 15:31:27.255,1.4405,1.4407,2.25,2.07
2013.10.29 15:31:27.821,1.4405,1.44068,2.25,1.32
2013.10.29 15:31:28.118,1.4405,1.4407,1.50,2.82
2013.10.29 15:31:28.238,1.4405,1.44072,6.00,1.09
2013.10.29 15:31:28.777,1.44051,1.44075,3.76,1.39
2013.10.29 15:31:28.960,1.44051,1.44075,3.01,1.39
2013.10.29 15:31:29.499,1.44052,1.44075,4.51,1.39
2013.10.29 15:31:30.118,1.44052,1.44074,1.58,1.09
2013.10.29 15:31:30.178,1.44052,1.44074,1.58,1.09
2013.10.29 15:31:30.658,1.44051,1.44073,2.25,1.09
2013.10.29 15:31:31.168,1.44051,1.44072,2.25,1.32
2013.10.29 15:31:31.718,1.44051,1.44073,2.25,2.22
2013.10.29 15:31:32.228,1.44051,1.44073,2.25,2.07
2013.10.29 15:31:32.468,1.44051,1.44073,2.25,1.32
2013.10.29 15:31:32.890,1.44051,1.44075,2.25,2.03
2013.10.29 15:31:33.368,1.44051,1.44069,1.50,1.13
2013.10.29 15:31:33.908,1.4405,1.44072,1.58,2.14
2013.10.29 15:31:34.483,1.4405,1.44072,1.58,2.14
2013.10.29 15:31:34.549,1.4405,1.4407,1.58,1.77
2013.10.29 15:31:34.849,1.44047,1.44067,1.95,1.02
2013.10.29 15:31:34.910,1.44047,1.44067,1.28,1.09
2013.10.29 15:31:34.969,1.44047,1.44066,1.28,1.39
2013.10.29 15:31:35.571,1.44047,1.44066,1.13,2.14
2013.10.29 15:31:35.928,1.44044,1.44064,1.58,1.39
2013.10.29 15:31:36.478,1.44042,1.44064,1.58,2.14
2013.10.29 15:31:37.309,1.44042,1.44064,1.58,2.89
2013.10.29 15:31:37.430,1.44042,1.44064,1.58,2.14
2013.10.29 15:31:37.970,1.44042,1.44065,1.58,2.22
2013.10.29 15:31:38.500,1.44042,1.44064,2.25,1.47
2013.10.29 15:31:39.091,1.44042,1.44065,3.75,2.07
2013.10.29 15:31:39.224,1.44042,1.44065,4.35,1.32
2013.10.29 15:31:39.289,1.44045,1.44066,3.01,1.39
2013.10.29 15:31:39.349,1.44045,1.44066,3.76,1.32
2013.10.29 15:31:39.651,1.44047,1.44068,3.38,1.69
2013.10.29 15:31:40.683,1.44047,1.44067,4.13,1.32
2013.10.29 15:31:41.999,1.44046,1.44063,1.50,1.32
2013.10.29 15:31:42.240,1.44046,1.44063,1.50,1.13
2013.10.29 15:31:42.362,1.44044,1.44063,1.58,1.13
2013.10.29 15:31:42.431,1.44044,1.44063,1.58,1.13
2013.10.29 15:31:42.999,1.44044,1.44065,1.58,1.39
2013.10.29 15:31:43.179,1.44045,1.44065,3.57,1.13
2013.10.29 15:31:43.720,1.44045,1.44065,1.50,1.13
2013.10.29 15:31:44.058,1.44045,1.44065,1.50,1.50
2013.10.29 15:31:44.178,1.44045,1.44065,1.50,1.50
2013.10.29 15:31:44.729,1.44047,1.44068,3.00,1.69
2013.10.29 15:31:46.228,1.44049,1.44071,2.70,2.89
2013.10.29 15:31:48.548,1.4405,1.44071,2.41,2.89
2013.10.29 15:31:49.063,1.4405,1.44069,2.03,1.02
2013.10.29 15:31:49.625,1.44049,1.44066,1.20,1.32
2013.10.29 15:31:49.749,1.44049,1.44065,1.13,1.02
2013.10.29 15:31:49.811,1.44049,1.44065,3.38,1.39
2013.10.29 15:31:49.928,1.4405,1.44069,3.53,2.25
2013.10.29 15:31:49.988,1.4405,1.44072,2.78,1.28
2013.10.29 15:31:50.110,1.4405,1.4407,2.40,1.32
2013.10.29 15:31:50.468,1.44049,1.44066,1.50,1.32
2013.10.29 15:31:50.531,1.44048,1.44066,1.20,1.32
2013.10.29 15:31:52.359,1.44045,1.44066,3.00,1.69
2013.10.29 15:31:52.901,1.44045,1.44066,2.25,1.69
2013.10.29 15:31:54.149,1.44044,1.44065,3.75,1.77
2013.10.29 15:31:54.572,1.44044,1.44065,1.88,2.52
2013.10.29 15:31:55.000,1.44044,1.44066,2.63,1.84
2013.10.29 15:31:55.118,1.44044,1.44067,1.58,1.39
2013.10.29 15:31:56.028,1.44044,1.44068,3.38,1.47
2013.10.29 15:31:56.148,1.44046,1.44068,2.82,1.09
2013.10.29 15:31:56.209,1.44046,1.44068,3.38,1.39
2013.10.29 15:31:56.689,1.44046,1.4407,3.75,1.69
2013.10.29 15:31:56.749,1.44046,1.44066,3.00,1.32
2013.10.29 15:31:56.808,1.44046,1.44068,3.00,1.32
2013.10.29 15:31:56.869,1.44046,1.44066,3.38,1.32
2013.10.29 15:31:56.989,1.44046,1.44069,3.38,2.07
2013.10.29 15:31:57.539,1.44046,1.44066,2.25,1.32
2013.10.29 15:31:57.958,1.44045,1.44064,1.50,1.32
2013.10.29 15:31:58.078,1.44043,1.44064,1.28,1.39
2013.10.29 15:31:58.318,1.44043,1.44064,2.63,1.32
2013.10.29 15:31:59.529,1.44043,1.44066,3.75,1.02
2013.10.29 15:31:59.653,1.44043,1.44067,4.88,1.47
2013.10.29 15:31:59.719,1.44045,1.44067,3.75,1.32
2013.10.29 15:31:59.778,1.44045,1.44068,3.76,1.39
2013.10.29 15:32:00.188,1.44045,1.44067,3.38,1.09
2013.10.29 15:32:00.308,1.44045,1.44066,2.63,1.32
2013.10.29 15:32:00.670,1.44043,1.44061,1.58,1.32
2013.10.29 15:32:01.729,1.44042,1.44061,1.95,1.69
2013.10.29 15:32:02.210,1.44042,1.44062,3.00,1.32
2013.10.29 15:32:02.819,1.44043,1.44062,2.70,1.32
2013.10.29 15:32:03.725,1.44043,1.44062,2.33,1.32
2013.10.29 15:32:04.748,1.44043,1.44062,1.58,1.32
2013.10.29 15:32:05.179,1.44043,1.44064,2.33,1.77
2013.10.29 15:32:05.738,1.44043,1.44064,2.70,1.02
2013.10.29 15:32:06.749,1.44043,1.44064,2.71,1.02
2013.10.29 15:32:06.808,1.44044,1.44062,3.08,1.32
2013.10.29 15:32:07.498,1.44044,1.44064,1.20,1.39
2013.10.29 15:32:07.738,1.44044,1.44062,1.95,1.32
2013.10.29 15:32:10.099,1.44044,1.44064,1.95,1.02
2013.10.29 15:32:10.220,1.44044,1.44063,1.58,1.32
2013.10.29 15:32:11.799,1.44043,1.4406,1.20,1.32
2013.10.29 15:32:12.100,1.44036,1.44056,1.58,1.09
2013.10.29 15:32:12.170,1.44036,1.44056,1.20,1.09
2013.10.29 15:32:12.230,1.44036,1.44056,1.20,1.47
2013.10.29 15:32:12.349,1.44035,1.44056,1.50,1.09
2013.10.29 15:32:12.469,1.44035,1.44057,1.50,2.89
2013.10.29 15:32:12.708,1.44033,1.44055,1.50,1.47
2013.10.29 15:32:13.661,1.44033,1.44056,1.43,1.39
2013.10.29 15:32:14.273,1.44033,1.44056,2.10,1.39
2013.10.29 15:32:19.068,1.44033,1.44056,2.85,1.02
2013.10.29 15:32:19.952,1.44033,1.44054,2.10,1.02
2013.10.29 15:32:20.021,1.44031,1.44053,1.43,1.02
2013.10.29 15:32:20.558,1.4403,1.44054,2.18,1.77
2013.10.29 15:32:22.088,1.4403,1.44052,2.37,1.02
2013.10.29 15:32:22.508,1.4403,1.44055,3.05,1.77
2013.10.29 15:32:23.068,1.4403,1.44055,4.17,1.02
2013.10.29 15:32:23.612,1.44032,1.44055,3.05,1.02
2013.10.29 15:32:23.998,1.44032,1.44055,2.86,1.39
2013.10.29 15:32:24.118,1.44032,1.44053,1.43,1.69
2013.10.29 15:32:26.029,1.44032,1.44055,2.10,1.32
2013.10.29 15:32:26.867,1.44032,1.44058,3.42,2.07
2013.10.29 15:32:27.360,1.44033,1.44059,3.61,2.14
2013.10.29 15:32:28.089,1.44033,1.44058,3.23,1.39
2013.10.29 15:32:28.739,1.44033,1.44057,2.25,1.69
2013.10.29 15:32:28.920,1.44035,1.44059,2.44,2.25
2013.10.29 15:32:28.980,1.44036,1.4406,3.01,1.77
2013.10.29 15:32:29.221,1.44035,1.44057,1.77,1.02
2013.10.29 15:32:30.178,1.44035,1.44057,1.58,1.39
2013.10.29 15:32:30.238,1.44035,1.44058,1.50,1.32
2013.10.29 15:32:30.298,1.44035,1.44058,1.77,1.09
2013.10.29 15:32:30.758,1.44035,1.44056,1.58,1.02
2013.10.29 15:32:31.809,1.44034,1.44055,1.35,1.02
2013.10.29 15:32:33.806,1.44033,1.44055,1.50,1.69
2013.10.29 15:32:36.088,1.44033,1.44056,2.37,1.09
2013.10.29 15:32:41.868,1.44034,1.44057,2.85,1.47
2013.10.29 15:32:42.461,1.44034,1.44057,3.04,1.09
2013.10.29 15:32:42.648,1.44034,1.44057,2.37,1.77
2013.10.29 15:32:44.648,1.44034,1.44057,3.04,1.09
2013.10.29 15:32:48.331,1.44034,1.44058,2.25,2.14
2013.10.29 15:32:49.799,1.44034,1.44055,1.35,2.14
2013.10.29 15:32:49.920,1.44032,1.44054,1.43,1.02
2013.10.29 15:32:50.640,1.44032,1.44055,1.43,1.84
2013.10.29 15:32:50.760,1.44032,1.44055,1.43,1.02
2013.10.29 15:32:52.049,1.44032,1.44055,1.43,2.14
2013.10.29 15:32:53.999,1.44032,1.44054,1.43,1.02
2013.10.29 15:32:54.539,1.44032,1.44056,2.10,1.09
2013.10.29 15:32:54.658,1.44032,1.44053,2.10,1.69
2013.10.29 15:32:54.779,1.44031,1.44053,2.18,1.77
2013.10.29 15:32:58.512,1.44031,1.44053,2.18,2.14
2013.10.29 15:32:58.758,1.44031,1.4405,2.18,1.32
2013.10.29 15:32:59.592,1.44031,1.4405,1.43,1.02
2013.10.29 15:33:01.468,1.44031,1.44051,1.43,1.09
2013.10.29 15:33:01.800,1.44031,1.44052,1.43,2.52
2013.10.29 15:33:03.359,1.44031,1.44049,1.35,1.47
2013.10.29 15:33:05.768,1.44031,1.44048,1.35,1.47
2013.10.29 15:33:06.552,1.44031,1.44048,1.35,1.47
2013.10.29 15:33:08.852,1.44027,1.44048,3.60,1.32
2013.10.29 15:33:09.461,1.44027,1.44048,1.24,1.47
2013.10.29 15:33:09.699,1.44027,1.44049,1.09,3.72
2013.10.29 15:33:10.237,1.44028,1.4405,2.59,2.22
2013.10.29 15:33:10.798,1.44028,1.4405,2.48,2.03
2013.10.29 15:33:11.645,1.44028,1.4405,1.62,2.14
2013.10.29 15:33:12.190,1.44029,1.44052,2.48,1.65
2013.10.29 15:33:12.428,1.44031,1.44053,2.82,2.07
2013.10.29 15:33:12.730,1.44038,1.4406,2.44,1.09
2013.10.29 15:33:12.790,1.44038,1.44061,2.44,1.47
2013.10.29 15:33:12.908,1.44038,1.44058,2.44,1.13
2013.10.29 15:33:13.268,1.44035,1.44053,1.95,2.44
2013.10.29 15:33:13.329,1.44035,1.44052,1.95,1.32
2013.10.29 15:33:13.390,1.44034,1.44045,1.62,1.32
2013.10.29 15:33:13.688,1.44025,1.44042,2.25,1.32
2013.10.29 15:33:13.928,1.44023,1.44042,2.25,1.32
2013.10.29 15:33:17.337,1.44023,1.44046,2.25,1.47
2013.10.29 15:33:17.459,1.44023,1.44047,1.58,2.52
2013.10.29 15:33:17.818,1.44024,1.44048,3.01,1.69
2013.10.29 15:33:18.689,1.44024,1.44045,1.58,1.69
2013.10.29 15:33:19.207,1.44024,1.44045,1.58,1.69
2013.10.29 15:33:22.389,1.44022,1.44045,1.58,2.52
2013.10.29 15:33:22.917,1.44022,1.44045,2.63,1.69
2013.10.29 15:33:23.988,1.44022,1.44045,2.63,1.84
2013.10.29 15:33:24.917,1.44022,1.44044,2.63,1.09
2013.10.29 15:33:25.219,1.44022,1.44039,2.25,1.32
2013.10.29 15:33:26.029,1.44022,1.44039,2.25,1.32
2013.10.29 15:33:27.360,1.4402,1.44039,1.58,1.32
2013.10.29 15:33:30.966,1.4402,1.44039,1.58,1.69
2013.10.29 15:33:32.228,1.4402,1.44039,1.58,1.32
2013.10.29 15:33:32.949,1.4402,1.44039,1.58,1.32
2013.10.29 15:33:34.439,1.4402,1.44039,1.58,1.32
2013.10.29 15:33:34.968,1.4402,1.44039,1.58,1.32
2013.10.29 15:33:36.772,1.44022,1.44046,4.70,1.39
2013.10.29 15:33:36.841,1.44022,1.44046,4.69,1.39
2013.10.29 15:33:37.158,1.44022,1.44044,1.58,1.02
2013.10.29 15:33:38.678,1.44022,1.4404,1.50,1.32
2013.10.29 15:33:38.800,1.44021,1.4404,2.25,1.32
2013.10.29 15:33:39.406,1.44021,1.4404,1.50,1.69
2013.10.29 15:33:40.438,1.44021,1.4404,1.58,1.32
2013.10.29 15:33:41.081,1.44021,1.4404,1.58,1.32
2013.10.29 15:33:41.762,1.44021,1.4404,1.58,1.32
2013.10.29 15:33:47.367,1.44021,1.4404,1.50,1.32
2013.10.29 15:33:48.817,1.44021,1.44041,1.58,1.32
2013.10.29 15:33:49.300,1.44021,1.44044,1.58,1.32
2013.10.29 15:33:49.501,1.44023,1.44046,3.94,1.32
2013.10.29 15:33:49.630,1.44025,1.44049,2.82,1.02
2013.10.29 15:33:49.938,1.44028,1.4405,3.75,1.69
2013.10.29 15:33:52.748,1.4403,1.44048,3.00,1.32
2013.10.29 15:33:53.107,1.4403,1.44048,1.50,1.32
2013.10.29 15:33:53.891,1.4403,1.44048,1.50,1.32
2013.10.29 15:33:54.608,1.4403,1.4405,2.07,1.50
2013.10.29 15:33:54.727,1.4403,1.4405,3.20,1.50
2013.10.29 15:33:54.848,1.44031,1.44051,3.20,1.50
2013.10.29 15:33:55.368,1.44032,1.44054,3.01,1.02
2013.10.29 15:33:55.729,1.44032,1.44055,2.25,1.02
2013.10.29 15:33:55.848,1.44033,1.44055,2.63,1.02
2013.10.29 15:33:56.150,1.44033,1.44051,1.50,1.32
2013.10.29 15:33:56.209,1.44033,1.44051,1.50,1.32
2013.10.29 15:33:56.270,1.4403,1.44051,2.25,1.32
2013.10.29 15:33:56.689,1.4403,1.4405,1.28,2.14
2013.10.29 15:33:58.488,1.44028,1.44049,1.80,2.14
2013.10.29 15:33:58.548,1.44028,1.44049,2.48,1.47
2013.10.29 15:34:00.108,1.44028,1.44049,3.23,2.22
2013.10.29 15:34:00.170,1.44028,1.44048,3.23,1.69
2013.10.29 15:34:00.528,1.44028,1.44045,1.28,1.32
2013.10.29 15:34:01.478,1.44027,1.44047,1.39,1.95
2013.10.29 15:34:02.158,1.44027,1.44048,1.32,1.50
2013.10.29 15:34:02.649,1.44027,1.44048,1.39,1.50
2013.10.29 15:34:05.388,1.44027,1.44047,1.13,1.39
2013.10.29 15:34:05.448,1.44027,1.44046,1.13,2.22
2013.10.29 15:34:05.807,1.44026,1.44046,1.28,1.84
2013.10.29 15:34:05.928,1.44026,1.44046,1.20,1.69
2013.10.29 15:34:06.423,1.44026,1.44046,1.13,2.22
2013.10.29 15:34:06.780,1.44026,1.44046,1.20,2.22
2013.10.29 15:34:09.541,1.44026,1.44045,1.13,1.02
2013.10.29 15:34:09.670,1.44026,1.44047,1.09,3.27
2013.10.29 15:34:09.789,1.44026,1.44047,1.58,1.02
2013.10.29 15:34:09.908,1.44026,1.4405,5.30,1.58
2013.10.29 15:34:10.468,1.44026,1.4405,5.67,1.50
2013.10.29 15:34:10.772,1.4403,1.4405,2.82,1.13
2013.10.29 15:34:11.138,1.4403,1.44052,3.38,2.07
2013.10.29 15:34:11.438,1.44031,1.44052,3.20,1.13
2013.10.29 15:34:13.608,1.44031,1.44051,1.50,1.13
2013.10.29 15:34:13.968,1.44031,1.4405,1.50,1.32
2013.10.29 15:34:14.372,1.44031,1.4405,1.50,1.32
2013.10.29 15:34:17.628,1.44031,1.44049,1.50,1.32
2013.10.29 15:34:18.274,1.44031,1.44049,1.50,1.32
2013.10.29 15:34:18.698,1.44031,1.44051,1.88,1.69
2013.10.29 15:34:19.478,1.44032,1.44051,2.63,1.32
2013.10.29 15:34:19.919,1.44032,1.44052,1.50,1.32
2013.10.29 15:34:20.908,1.44033,1.4405,2.63,1.32
2013.10.29 15:34:20.968,1.44032,1.4405,1.20,1.32
2013.10.29 15:34:21.088,1.44028,1.44048,3.00,2.52
2013.10.29 15:34:21.149,1.44028,1.44048,1.32,3.00
2013.10.29 15:34:21.508,1.44028,1.44044,1.32,1.50
2013.10.29 15:34:22.068,1.44028,1.44046,1.32,1.50
2013.10.29 15:34:22.188,1.44028,1.44046,1.32,1.50
2013.10.29 15:34:23.200,1.44028,1.44046,1.32,1.50
2013.10.29 15:34:23.770,1.44028,1.44048,1.32,1.50
2013.10.29 15:34:24.928,1.44026,1.44047,1.02,1.77
2013.10.29 15:34:25.728,1.44026,1.44048,1.09,1.84
2013.10.29 15:34:25.849,1.44026,1.44047,1.09,1.92
2013.10.29 15:34:26.038,1.44022,1.44037,2.63,2.44
2013.10.29 15:34:26.158,1.44019,1.44037,2.70,1.88
2013.10.29 15:34:26.280,1.4402,1.44041,3.38,1.77
2013.10.29 15:34:26.578,1.44023,1.44046,4.50,1.47
2013.10.29 15:34:26.698,1.44025,1.44046,2.63,1.32
2013.10.29 15:34:27.290,1.44027,1.44044,2.63,1.32
2013.10.29 15:34:27.410,1.44026,1.44044,1.20,1.32
2013.10.29 15:34:27.919,1.44026,1.44046,1.20,1.39
2013.10.29 15:34:28.428,1.44026,1.44046,1.50,1.32
2013.10.29 15:34:28.852,1.44027,1.44049,3.98,1.13
2013.10.29 15:34:28.919,1.44033,1.44052,3.05,2.63
2013.10.29 15:34:29.038,1.44034,1.44053,2.82,1.50
2013.10.29 15:34:29.159,1.44034,1.44056,2.60,1.50
2013.10.29 15:34:29.219,1.44034,1.44056,2.89,1.69
2013.10.29 15:34:29.280,1.44034,1.44059,5.07,1.39
2013.10.29 15:34:29.519,1.44035,1.44059,5.44,1.39
2013.10.29 15:34:29.940,1.44035,1.44058,5.63,1.32
2013.10.29 15:34:30.995,1.44035,1.44058,4.51,1.32
2013.10.29 15:34:31.498,1.44035,1.44058,4.51,1.32
2013.10.29 15:34:32.050,1.44035,1.44058,4.51,1.32
2013.10.29 15:34:32.729,1.44035,1.44057,2.25,1.32
2013.10.29 15:34:33.209,1.44036,1.44057,6.38,1.32
2013.10.29 15:34:33.780,1.44037,1.44057,4.50,1.32
2013.10.29 15:34:34.198,1.44038,1.44057,2.63,1.32
2013.10.29 15:34:34.381,1.44037,1.44055,1.20,1.32
2013.10.29 15:34:34.559,1.44035,1.44055,1.58,1.39
2013.10.29 15:34:34.798,1.44035,1.44055,1.50,1.32
2013.10.29 15:34:35.299,1.44035,1.44055,1.50,1.32
2013.10.29 15:34:35.419,1.44034,1.44052,1.50,1.32
2013.10.29 15:34:35.658,1.44034,1.44052,1.50,1.32
2013.10.29 15:34:35.839,1.44029,1.44047,3.00,1.32
2013.10.29 15:34:36.378,1.44029,1.44047,3.00,1.69
2013.10.29 15:34:37.938,1.44029,1.44047,3.75,1.69
2013.10.29 15:34:38.622,1.44029,1.44047,5.25,1.69
2013.10.29 15:34:40.163,1.44029,1.44047,6.00,1.69
2013.10.29 15:34:40.868,1.4403,1.44049,4.50,1.32
2013.10.29 15:34:41.109,1.44032,1.44049,3.00,1.32
2013.10.29 15:34:47.678,1.44033,1.44053,3.75,1.69
2013.10.29 15:34:47.740,1.44034,1.44054,5.26,1.32
2013.10.29 15:34:47.799,1.44036,1.44055,3.00,1.32
2013.10.29 15:34:47.978,1.44039,1.44057,3.76,1.69
2013.10.29 15:34:48.337,1.44038,1.44056,2.33,1.69
2013.10.29 15:34:48.400,1.44036,1.44056,2.25,1.69
2013.10.29 15:34:48.518,1.44036,1.44056,2.25,1.69
2013.10.29 15:34:49.038,1.44036,1.44057,2.25,2.44
2013.10.29 15:34:49.100,1.44036,1.44057,1.50,2.44
2013.10.29 15:34:49.340,1.44036,1.44055,3.75,1.69
2013.10.29 15:34:49.519,1.44036,1.44055,1.50,1.69
2013.10.29 15:34:50.449,1.44036,1.44055,1.50,1.69
2013.10.29 15:34:53.402,1.44038,1.44055,3.01,1.32
2013.10.29 15:34:53.708,1.44038,1.44057,3.00,1.32
2013.10.29 15:34:56.270,1.44038,1.44057,2.63,1.69
2013.10.29 15:34:56.389,1.44038,1.44057,1.58,1.69
2013.10.29 15:34:56.988,1.44038,1.44054,1.20,1.69
2013.10.29 15:34:57.049,1.44038,1.4405,1.20,1.32
2013.10.29 15:34:57.408,1.44035,1.44047,1.20,1.32
2013.10.29 15:34:58.030,1.44035,1.44051,1.20,1.32
2013.10.29 15:34:58.161,1.44035,1.44055,3.00,2.07
2013.10.29 15:34:58.218,1.44035,1.44055,3.75,2.07
2013.10.29 15:34:58.399,1.44035,1.44055,3.38,1.32
2013.10.29 15:34:58.975,1.44036,1.44055,3.01,1.32
2013.10.29 15:35:00.298,1.44036,1.44055,1.50,2.07
2013.10.29 15:35:00.718,1.44036,1.44052,1.20,1.32
2013.10.29 15:35:00.778,1.44036,1.4405,1.20,1.32
2013.10.29 15:35:01.310,1.44036,1.4405,1.20,1.32
2013.10.29 15:35:01.557,1.44036,1.44052,1.20,1.69
2013.10.29 15:35:01.681,1.44036,1.44054,1.20,1.32
2013.10.29 15:35:02.108,1.44036,1.44053,1.88,2.07
2013.10.29 15:35:05.001,1.44036,1.44053,1.88,1.32
2013.10.29 15:35:06.780,1.44035,1.44053,1.88,1.32
2013.10.29 15:35:07.300,1.44035,1.44053,1.20,1.32
2013.10.29 15:35:09.848,1.44035,1.44053,2.25,1.32
2013.10.29 15:35:09.908,1.44034,1.44051,2.63,1.32
2013.10.29 15:35:11.179,1.44034,1.44051,1.58,2.07
2013.10.29 15:35:12.039,1.44033,1.44051,1.50,2.07
2013.10.29 15:35:12.282,1.44033,1.44045,1.50,1.32
2013.10.29 15:35:12.349,1.4403,1.44045,1.28,2.07
2013.10.29 15:35:12.760,1.4403,1.44049,2.22,1.50
2013.10.29 15:35:12.878,1.4403,1.44053,3.57,2.07
2013.10.29 15:35:12.938,1.4403,1.44054,4.92,1.84
2013.10.29 15:35:13.119,1.44034,1.44055,3.72,1.95
2013.10.29 15:35:13.179,1.44036,1.44058,3.68,1.77
2013.10.29 15:35:13.538,1.44039,1.44061,4.77,1.20
2013.10.29 15:35:13.840,1.44047,1.44064,3.00,1.69
2013.10.29 15:35:14.669,1.44047,1.44062,3.01,1.32
2013.10.29 15:35:14.733,1.44047,1.44062,1.50,1.32
2013.10.29 15:35:14.858,1.44047,1.44062,1.50,1.32
2013.10.29 15:35:16.498,1.44045,1.44063,1.50,2.07
2013.10.29 15:35:18.029,1.44045,1.44065,1.20,1.32
2013.10.29 15:35:18.090,1.44047,1.44068,5.26,1.32
2013.10.29 15:35:18.269,1.44048,1.44068,3.75,1.32
2013.10.29 15:35:18.508,1.44048,1.44066,1.50,2.07
2013.10.29 15:35:18.639,1.44048,1.44066,1.50,1.50
2013.10.29 15:35:18.698,1.44048,1.4407,1.50,2.07
2013.10.29 15:35:19.179,1.44048,1.44069,3.75,1.32
2013.10.29 15:35:20.730,1.44048,1.44069,2.25,1.32
2013.10.29 15:35:21.310,1.44049,1.44073,2.82,2.03
2013.10.29 15:35:21.432,1.44049,1.44073,2.44,1.47
2013.10.29 15:35:21.799,1.44049,1.44072,3.00,1.84
2013.10.29 15:35:22.040,1.44049,1.44072,3.19,1.47
2013.10.29 15:35:22.578,1.44051,1.44074,3.20,2.07
2013.10.29 15:35:22.938,1.44052,1.44076,3.20,1.32
2013.10.29 15:35:23.518,1.44053,1.44079,3.20,2.33
2013.10.29 15:35:23.578,1.44054,1.44079,3.57,1.58
2013.10.29 15:35:23.818,1.44056,1.44079,2.45,1.58
2013.10.29 15:35:24.890,1.44056,1.44079,2.44,1.88
2013.10.29 15:35:25.222,1.44056,1.44079,1.50,1.39
2013.10.29 15:35:25.768,1.44056,1.44078,1.50,1.47
2013.10.29 15:35:25.888,1.44055,1.44078,1.02,1.47
2013.10.29 15:35:26.449,1.44054,1.44077,1.50,1.77
2013.10.29 15:35:26.929,1.44054,1.44079,7.32,2.03
2013.10.29 15:35:27.348,1.44057,1.44081,2.45,1.47
2013.10.29 15:35:27.888,1.44057,1.44082,4.13,2.52
2013.10.29 15:35:28.477,1.44059,1.44082,2.45,2.14
2013.10.29 15:35:32.318,1.44059,1.44084,1.58,2.14
2013.10.29 15:35:33.828,1.44058,1.4408,1.50,1.39
2013.10.29 15:35:33.888,1.44057,1.4408,3.38,1.39
2013.10.29 15:35:33.948,1.44057,1.44081,3.94,1.47
2013.10.29 15:35:34.188,1.44057,1.44081,4.32,1.39
2013.10.29 15:35:36.509,1.44057,1.4408,1.50,1.32
2013.10.29 15:35:37.728,1.44057,1.44081,1.50,1.39
2013.10.29 15:35:41.071,1.44057,1.44083,2.44,2.52
2013.10.29 15:35:41.598,1.44057,1.44083,4.32,1.39
2013.10.29 15:35:42.138,1.44059,1.44084,6.94,1.69
2013.10.29 15:35:42.440,1.44062,1.44085,3.00,1.69
2013.10.29 15:35:42.678,1.44062,1.44085,1.50,1.32
2013.10.29 15:35:43.039,1.44062,1.44085,3.75,2.82
2013.10.29 15:35:43.458,1.44061,1.44083,1.50,2.14
2013.10.29 15:35:43.578,1.44061,1.44083,1.50,2.22
2013.10.29 15:35:44.138,1.44061,1.44082,1.50,1.32
2013.10.29 15:35:44.919,1.44061,1.44083,1.50,2.59
2013.10.29 15:35:45.039,1.44061,1.44082,1.50,1.32
2013.10.29 15:35:45.978,1.44061,1.44082,1.50,1.32
2013.10.29 15:35:48.229,1.44061,1.44081,1.02,1.13
2013.10.29 15:35:48.589,1.44063,1.44085,4.32,1.13
2013.10.29 15:35:48.948,1.44064,1.44085,5.07,1.13
2013.10.29 15:35:49.498,1.44065,1.44088,3.00,1.32
2013.10.29 15:35:50.038,1.44065,1.44088,1.50,1.32
2013.10.29 15:35:51.698,1.44065,1.44083,1.50,1.32
2013.10.29 15:35:52.002,1.44064,1.44083,1.50,1.32
2013.10.29 15:35:52.188,1.44064,1.44083,1.50,1.32
2013.10.29 15:35:52.708,1.44064,1.44087,2.82,1.32
2013.10.29 15:35:52.768,1.44065,1.44087,3.00,1.32
2013.10.29 15:35:53.358,1.44065,1.44086,1.50,1.32
2013.10.29 15:35:53.848,1.44065,1.44086,1.50,1.32
2013.10.29 15:35:55.100,1.44065,1.44086,1.50,2.63
2013.10.29 15:35:55.578,1.44064,1.44081,1.50,1.32
2013.10.29 15:35:56.759,1.44064,1.44078,1.50,1.32
2013.10.29 15:35:56.939,1.44061,1.44078,3.75,1.32
2013.10.29 15:35:57.505,1.44059,1.44078,2.63,1.32
2013.10.29 15:36:00.700,1.44059,1.44081,4.32,1.77
2013.10.29 15:36:00.760,1.44059,1.44081,4.69,1.69
2013.10.29 15:36:01.428,1.44061,1.44081,2.48,1.02
2013.10.29 15:36:01.947,1.44062,1.44085,3.23,1.47
2013.10.29 15:36:04.019,1.44062,1.44085,6.60,2.22
2013.10.29 15:36:05.478,1.44062,1.44085,4.35,2.22
2013.10.29 15:36:06.576,1.44062,1.44087,5.67,3.38
2013.10.29 15:36:06.640,1.44062,1.44087,9.42,3.38
2013.10.29 15:36:06.701,1.44066,1.44088,2.52,2.33
2013.10.29 15:36:07.009,1.4407,1.44093,3.19,1.13
2013.10.29 15:36:07.070,1.4407,1.44093,3.94,1.13
2013.10.29 15:36:07.688,1.4407,1.44094,1.50,1.02
2013.10.29 15:36:07.808,1.4407,1.44094,1.50,1.02
2013.10.29 15:36:08.110,1.44072,1.44095,3.38,1.69
2013.10.29 15:36:08.666,1.44072,1.44096,2.82,1.32
2013.10.29 15:36:09.089,1.44072,1.44095,2.82,2.14
2013.10.29 15:36:09.148,1.44072,1.44095,2.82,2.14
2013.10.29 15:36:09.208,1.44072,1.44094,2.82,1.20
2013.10.29 15:36:09.769,1.44072,1.44096,1.50,1.77
2013.10.29 15:36:09.889,1.44071,1.44094,1.09,2.25
2013.10.29 15:36:10.228,1.44071,1.44094,1.02,2.25
2013.10.29 15:36:10.520,1.44071,1.44094,1.77,1.58
2013.10.29 15:36:10.590,1.44071,1.44095,2.82,2.07
2013.10.29 15:36:10.648,1.44073,1.44095,2.44,1.13
2013.10.29 15:36:10.770,1.44072,1.44094,1.09,1.50
2013.10.29 15:36:10.829,1.44072,1.44096,2.44,2.63
2013.10.29 15:36:11.338,1.44072,1.44096,2.82,1.09
2013.10.29 15:36:11.883,1.44072,1.44095,1.50,1.39
2013.10.29 15:36:12.384,1.44072,1.44095,1.50,1.39
2013.10.29 15:36:12.612,1.44072,1.44095,1.50,1.39
2013.10.29 15:36:13.206,1.44072,1.44092,1.50,1.32
2013.10.29 15:36:14.731,1.44072,1.44089,1.50,2.07
2013.10.29 15:36:14.849,1.4407,1.44089,1.58,1.32
2013.10.29 15:36:15.029,1.4407,1.44089,2.63,1.32
2013.10.29 15:36:15.148,1.44072,1.44093,4.51,1.02
2013.10.29 15:36:15.391,1.44072,1.44092,5.26,1.32
2013.10.29 15:36:15.698,1.44072,1.44092,1.50,1.32
2013.10.29 15:36:16.212,1.44072,1.44092,1.50,1.32
2013.10.29 15:36:18.117,1.44071,1.44088,1.80,1.69
2013.10.29 15:36:18.187,1.44069,1.44087,1.80,1.32
2013.10.29 15:36:19.078,1.44069,1.44087,1.88,1.32
2013.10.29 15:36:19.628,1.44068,1.44087,1.13,1.32
2013.10.29 15:36:21.528,1.44068,1.44087,1.20,1.32
2013.10.29 15:36:21.588,1.44068,1.44088,4.35,1.69
2013.10.29 15:36:21.948,1.44071,1.44093,3.61,1.02
2013.10.29 15:36:22.678,1.44071,1.44093,3.61,1.02
2013.10.29 15:36:22.820,1.44071,1.44089,3.61,1.50
2013.10.29 15:36:22.939,1.44071,1.44087,1.50,1.50
2013.10.29 15:36:23.000,1.4407,1.44087,1.20,1.50
2013.10.29 15:36:23.179,1.44069,1.4409,2.10,2.07
2013.10.29 15:36:23.538,1.4407,1.44092,4.13,1.69
2013.10.29 15:36:23.718,1.4407,1.44091,1.50,1.32
2013.10.29 15:36:24.217,1.4407,1.44091,1.50,1.32
2013.10.29 15:36:24.400,1.44069,1.44087,1.20,1.32
2013.10.29 15:36:28.378,1.44068,1.44085,1.99,1.69
2013.10.29 15:36:28.870,1.44068,1.44084,1.39,2.07
2013.10.29 15:36:29.230,1.44064,1.44079,1.50,1.32
2013.10.29 15:36:29.349,1.44064,1.44082,1.50,1.32
2013.10.29 15:36:29.409,1.44064,1.44079,1.50,1.32
2013.10.29 15:36:29.828,1.4406,1.44079,1.35,1.32
2013.10.29 15:36:30.413,1.44058,1.44079,3.00,1.77
2013.10.29 15:36:31.063,1.44058,1.44079,3.00,1.02
2013.10.29 15:36:31.619,1.44058,1.44079,4.36,1.02
2013.10.29 15:36:32.730,1.44059,1.4408,3.23,1.50
2013.10.29 15:36:32.789,1.44061,1.44081,3.23,1.69
2013.10.29 15:36:33.031,1.44062,1.44084,2.63,2.14
2013.10.29 15:36:33.213,1.44063,1.44086,3.57,1.95
2013.10.29 15:36:34.198,1.44063,1.44085,2.82,1.28
2013.10.29 15:36:34.380,1.44064,1.44085,4.40,1.28
2013.10.29 15:36:34.678,1.44068,1.4409,3.27,1.02
2013.10.29 15:36:35.822,1.44069,1.44093,4.32,1.39
2013.10.29 15:36:36.168,1.44069,1.44091,2.44,1.02
2013.10.29 15:36:37.088,1.44069,1.44093,3.94,2.89
2013.10.29 15:36:37.329,1.44069,1.44092,1.50,1.77
2013.10.29 15:36:37.924,1.44069,1.44092,1.69,1.02
2013.10.29 15:36:38.678,1.44069,1.44092,3.20,1.02
2013.10.29 15:36:38.938,1.44069,1.44087,2.25,1.69
2013.10.29 15:36:40.208,1.44069,1.44089,3.76,2.07
2013.10.29 15:36:40.268,1.44069,1.44089,3.76,2.07
2013.10.29 15:36:40.808,1.44069,1.44086,1.50,1.69
2013.10.29 15:36:40.989,1.44069,1.44086,1.50,1.69
2013.10.29 15:36:41.228,1.44069,1.44086,3.00,1.69
2013.10.29 15:36:41.609,1.44069,1.44086,1.50,1.69
2013.10.29 15:36:41.848,1.44069,1.44086,3.00,1.69
2013.10.29 15:36:42.149,1.44069,1.44087,1.20,1.32
2013.10.29 15:36:42.738,1.44069,1.44087,1.50,1.32
2013.10.29 15:36:43.909,1.44069,1.44082,1.50,2.07
2013.10.29 15:36:44.029,1.44069,1.44081,1.50,1.69
2013.10.29 15:36:44.149,1.44067,1.4408,1.50,1.32
2013.10.29 15:36:44.328,1.44065,1.44079,1.50,1.69
2013.10.29 15:36:44.818,1.44062,1.44079,1.50,1.69
2013.10.29 15:36:45.418,1.44062,1.44078,1.50,1.69
2013.10.29 15:36:47.348,1.44062,1.44079,1.50,2.07
2013.10.29 15:36:50.158,1.44062,1.4408,1.50,1.32
2013.10.29 15:36:50.855,1.44062,1.4408,1.50,1.32
2013.10.29 15:36:51.391,1.44061,1.4408,2.25,2.82
2013.10.29 15:36:51.458,1.44061,1.4408,1.58,2.82
2013.10.29 15:36:51.638,1.44058,1.44077,1.50,2.07
2013.10.29 15:36:52.358,1.44058,1.44078,1.50,1.69
2013.10.29 15:36:53.478,1.44058,1.44077,3.00,1.69
2013.10.29 15:36:54.260,1.44058,1.44076,3.75,1.69
2013.10.29 15:36:54.718,1.44058,1.4408,4.69,1.13
2013.10.29 15:36:55.224,1.44058,1.44081,5.44,1.13
2013.10.29 15:36:55.469,1.44058,1.44082,5.44,1.47
2013.10.29 15:36:55.809,1.44058,1.44081,4.69,1.13
2013.10.29 15:36:56.424,1.44059,1.44081,3.94,1.13
2013.10.29 15:36:56.978,1.44059,1.44081,3.57,1.58
2013.10.29 15:36:59.018,1.44059,1.44081,3.94,1.95
2013.10.29 15:36:59.869,1.44059,1.44082,3.57,1.39
2013.10.29 15:37:00.673,1.44059,1.44082,3.57,1.39
2013.10.29 15:37:01.188,1.44059,1.44082,3.57,1.39
2013.10.29 15:37:02.308,1.4406,1.44082,2.89,1.02
2013.10.29 15:37:02.669,1.44061,1.44081,2.33,1.58
2013.10.29 15:37:02.788,1.44061,1.44081,2.52,1.50
2013.10.29 15:37:03.148,1.44061,1.44082,1.13,1.09
2013.10.29 15:37:04.627,1.44061,1.44081,1.20,1.58
2013.10.29 15:37:05.950,1.44061,1.44081,1.20,1.58
2013.10.29 15:37:06.569,1.4406,1.44078,2.14,1.50
2013.10.29 15:37:07.317,1.4406,1.44078,2.14,1.50
2013.10.29 15:37:07.880,1.4406,1.44079,2.14,1.50
2013.10.29 15:37:10.113,1.4406,1.44078,2.14,1.50
2013.10.29 15:37:10.178,1.4406,1.44078,2.14,1.50
2013.10.29 15:37:10.738,1.4406,1.44078,1.39,1.50
2013.10.29 15:37:12.265,1.44058,1.44078,1.47,1.50
2013.10.29 15:37:12.388,1.44058,1.44078,1.47,1.50
2013.10.29 15:37:14.419,1.44057,1.44077,1.99,2.33
2013.10.29 15:37:14.938,1.44057,1.44077,1.99,2.33
2013.10.29 15:37:15.798,1.44057,1.44077,2.74,1.58
2013.10.29 15:37:15.979,1.44057,1.44076,1.13,1.58
2013.10.29 15:37:16.279,1.44056,1.44073,1.32,1.58
2013.10.29 15:37:16.638,1.44056,1.44073,1.13,2.25
2013.10.29 15:37:17.000,1.44051,1.44071,1.09,1.65
2013.10.29 15:37:17.240,1.44049,1.44071,1.69,3.00
2013.10.29 15:37:17.426,1.44047,1.44066,1.13,1.95
2013.10.29 15:37:17.493,1.44047,1.44066,1.13,2.63
2013.10.29 15:37:17.811,1.44045,1.44062,1.13,1.50
2013.10.29 15:37:18.361,1.44044,1.44061,1.13,1.58
2013.10.29 15:37:19.900,1.44041,1.44061,1.39,1.58
2013.10.29 15:37:21.208,1.4404,1.44058,1.09,1.50
2013.10.29 15:37:21.431,1.44038,1.44059,1.09,1.65
2013.10.29 15:37:21.499,1.4404,1.44059,3.95,1.65
2013.10.29 15:37:21.858,1.4404,1.4406,3.57,1.58
2013.10.29 15:37:22.443,1.4404,1.44062,2.90,1.20
2013.10.29 15:37:23.111,1.4404,1.44062,3.27,1.20
2013.10.29 15:37:23.328,1.4404,1.44062,2.52,1.20
2013.10.29 15:37:24.234,1.4404,1.44062,2.52,1.20
2013.10.29 15:37:24.498,1.4404,1.44061,2.90,1.58
2013.10.29 15:37:25.019,1.4404,1.44061,2.07,2.25
2013.10.29 15:37:26.161,1.4404,1.44062,1.77,2.33
2013.10.29 15:37:26.893,1.44038,1.44058,1.02,1.50
2013.10.29 15:37:26.961,1.44038,1.44058,1.02,1.50
2013.10.29 15:37:27.469,1.44036,1.44057,1.77,1.50
2013.10.29 15:37:30.429,1.44036,1.44057,1.77,1.50
2013.10.29 15:37:30.619,1.44036,1.44059,2.15,1.50
2013.10.29 15:37:31.148,1.44036,1.44059,1.09,2.44
2013.10.29 15:37:33.198,1.44036,1.44059,1.77,1.02
2013.10.29 15:37:33.498,1.44036,1.4406,1.77,1.77
2013.10.29 15:37:33.799,1.44036,1.44059,1.09,3.00
2013.10.29 15:37:35.098,1.44036,1.44059,1.09,3.00
2013.10.29 15:37:35.918,1.44036,1.44059,1.09,3.00
2013.10.29 15:37:37.262,1.44036,1.44054,1.28,1.50
2013.10.29 15:37:37.450,1.44033,1.44046,1.13,1.28
2013.10.29 15:37:42.241,1.44023,1.44046,2.44,2.44
2013.10.29 15:37:42.300,1.44023,1.44044,1.69,1.58
2013.10.29 15:37:42.600,1.44023,1.44045,1.02,2.25
2013.10.29 15:37:42.658,1.44023,1.44045,1.32,1.50
2013.10.29 15:37:42.781,1.44024,1.44046,2.82,1.20
2013.10.29 15:37:43.391,1.44024,1.44046,2.82,1.20
2013.10.29 15:37:43.929,1.44024,1.44045,2.82,1.13
2013.10.29 15:37:44.532,1.44024,1.44046,2.82,1.20
2013.10.29 15:37:45.320,1.44024,1.44047,1.58,1.32
2013.10.29 15:37:45.828,1.44024,1.44046,1.77,1.13
2013.10.29 15:37:46.438,1.44024,1.44046,1.58,2.07
2013.10.29 15:37:46.798,1.44023,1.44045,2.40,1.28
2013.10.29 15:37:47.178,1.44024,1.44046,2.44,1.28
2013.10.29 15:37:47.708,1.44024,1.44045,2.82,1.13
2013.10.29 15:37:48.248,1.44024,1.44045,1.58,1.13
2013.10.29 15:37:48.548,1.44024,1.44047,1.58,1.39
2013.10.29 15:37:49.778,1.44024,1.44047,1.58,2.14
2013.10.29 15:37:50.298,1.44025,1.44049,2.52,3.75
2013.10.29 15:37:50.478,1.44026,1.44048,2.82,1.28
2013.10.29 15:37:50.598,1.44027,1.44048,2.45,1.13
2013.10.29 15:37:52.628,1.44027,1.44048,1.02,1.20
2013.10.29 15:37:53.138,1.44027,1.44048,1.77,1.13
2013.10.29 15:37:53.559,1.44027,1.44048,1.58,1.69
2013.10.29 15:37:54.113,1.44027,1.44047,1.58,1.13
2013.10.29 15:37:54.719,1.44027,1.44045,1.58,1.13
2013.10.29 15:37:55.729,1.44027,1.44045,1.58,1.13
2013.10.29 15:37:56.408,1.44026,1.44048,1.58,1.77
2013.10.29 15:37:56.598,1.44026,1.44048,1.58,1.77
2013.10.29 15:37:58.008,1.44026,1.44048,1.58,1.02
2013.10.29 15:37:58.129,1.44026,1.4405,1.09,1.39
2013.10.29 15:38:05.580,1.44028,1.44051,2.52,1.28
2013.10.29 15:38:05.820,1.44028,1.44051,4.69,1.13
2013.10.29 15:38:07.378,1.44028,1.44051,3.20,1.13
2013.10.29 15:38:08.528,1.44028,1.4405,2.33,1.39
2013.10.29 15:38:08.649,1.44029,1.44051,2.63,2.14
2013.10.29 15:38:09.245,1.44034,1.44054,4.88,1.32
2013.10.29 15:38:09.327,1.44038,1.44061,4.55,1.50
2013.10.29 15:38:09.858,1.44039,1.44061,2.82,1.50
2013.10.29 15:38:10.378,1.44039,1.44062,2.82,1.20
2013.10.29 15:38:10.698,1.44039,1.44062,2.82,1.20
2013.10.29 15:38:11.249,1.44039,1.44062,2.45,1.20
2013.10.29 15:38:11.788,1.44039,1.44062,2.45,1.20
2013.10.29 15:38:12.108,1.44039,1.44062,1.77,1.13
2013.10.29 15:38:12.612,1.4404,1.44062,3.20,1.13
2013.10.29 15:38:13.229,1.44041,1.44062,3.20,1.13
2013.10.29 15:38:14.739,1.44041,1.44062,1.58,1.13
2013.10.29 15:38:15.409,1.44041,1.44062,3.20,1.13
2013.10.29 15:38:15.860,1.44042,1.44062,4.40,1.13
2013.10.29 15:38:16.398,1.44042,1.44062,3.94,1.13
2013.10.29 15:38:17.210,1.44044,1.44066,3.95,1.50
2013.10.29 15:38:17.270,1.44045,1.44068,3.57,1.28
2013.10.29 15:38:17.880,1.44045,1.4407,5.82,1.32
2013.10.29 15:38:19.033,1.44046,1.4407,4.13,1.69
2013.10.29 15:38:19.098,1.44046,1.44068,4.13,1.32
2013.10.29 15:38:19.158,1.44047,1.44069,3.83,1.02
2013.10.29 15:38:19.459,1.44053,1.44071,3.01,1.32
2013.10.29 15:38:19.698,1.44052,1.44071,1.50,1.39
2013.10.29 15:38:20.250,1.44048,1.4407,1.58,1.39
2013.10.29 15:38:20.728,1.44048,1.44069,1.58,1.09
2013.10.29 15:38:21.858,1.44048,1.44069,1.77,1.47
2013.10.29 15:38:22.039,1.44048,1.44069,1.77,2.22
2013.10.29 15:38:22.641,1.44045,1.44064,1.20,1.69
2013.10.29 15:38:22.723,1.44047,1.44064,3.00,1.39
2013.10.29 15:38:23.050,1.44047,1.44067,1.58,1.32
2013.10.29 15:38:23.289,1.44044,1.44065,1.28,1.02
2013.10.29 15:38:24.258,1.44044,1.44065,2.63,1.02
2013.10.29 15:38:25.283,1.44044,1.44067,2.63,2.14
2013.10.29 15:38:27.638,1.44044,1.44066,2.63,1.39
2013.10.29 15:38:28.198,1.44044,1.44067,2.82,3.38
2013.10.29 15:38:28.738,1.44044,1.44065,2.82,1.13
2013.10.29 15:38:29.889,1.44044,1.44065,2.82,1.88
2013.10.29 15:38:30.111,1.44044,1.44065,2.82,1.88
2013.10.29 15:38:30.289,1.44044,1.44065,2.82,1.13
2013.10.29 15:38:30.600,1.44044,1.44065,1.95,1.77
2013.10.29 15:38:30.960,1.44044,1.44061,1.13,2.07
2013.10.29 15:38:31.199,1.44044,1.44062,1.13,1.02
2013.10.29 15:38:31.884,1.44044,1.44063,1.20,1.39
2013.10.29 15:38:32.290,1.4404,1.44061,4.35,1.32
2013.10.29 15:38:32.588,1.4404,1.44062,3.98,1.47
2013.10.29 15:38:32.889,1.4404,1.44062,3.98,1.09
2013.10.29 15:38:35.208,1.4404,1.44063,4.13,1.39
2013.10.29 15:38:36.978,1.44041,1.44063,4.13,1.39
2013.10.29 15:38:37.589,1.44041,1.44063,4.13,1.02
2013.10.29 15:38:37.959,1.44041,1.44063,4.13,1.02
2013.10.29 15:38:39.088,1.44041,1.44063,3.57,1.02
2013.10.29 15:38:45.619,1.44041,1.44065,4.70,1.95
2013.10.29 15:38:45.799,1.44044,1.44067,4.32,1.28
2013.10.29 15:38:46.378,1.44045,1.44067,2.82,1.13
2013.10.29 15:38:47.878,1.44046,1.44069,2.82,1.09
2013.10.29 15:38:48.820,1.44046,1.4407,2.82,1.02
2013.10.29 15:38:49.218,1.44046,1.44069,1.95,1.02
2013.10.29 15:38:51.278,1.44046,1.44068,1.13,1.02
2013.10.29 15:38:51.628,1.44046,1.44068,1.13,1.02
2013.10.29 15:38:53.350,1.44046,1.44068,1.13,1.02
2013.10.29 15:38:56.338,1.44044,1.44066,1.39,1.02
2013.10.29 15:38:56.808,1.44044,1.44068,2.15,2.89
2013.10.29 15:38:57.298,1.44044,1.44068,2.15,2.14
2013.10.29 15:38:57.858,1.44044,1.44068,2.52,1.58
2013.10.29 15:38:58.537,1.44044,1.44068,3.27,1.58
2013.10.29 15:38:58.999,1.44044,1.44068,3.27,1.58
2013.10.29 15:38:59.549,1.44044,1.44066,1.20,1.02
2013.10.29 15:38:59.610,1.44044,1.44066,2.07,1.02
2013.10.29 15:39:00.119,1.44044,1.44068,2.44,2.14
2013.10.29 15:39:00.620,1.44044,1.44066,2.44,1.09
2013.10.29 15:39:02.502,1.44044,1.44066,3.19,1.09
2013.10.29 15:39:02.939,1.44044,1.44066,2.82,1.09
2013.10.29 15:39:03.488,1.44044,1.44063,1.50,1.32
2013.10.29 15:39:03.548,1.44043,1.44063,1.28,1.32
2013.10.29 15:39:05.619,1.44041,1.4406,1.28,1.77
2013.10.29 15:39:08.143,1.44039,1.4406,1.88,2.07
2013.10.29 15:39:08.688,1.44039,1.44058,1.88,1.32
2013.10.29 15:39:09.318,1.44039,1.4406,1.88,2.07
2013.10.29 15:39:11.228,1.44039,1.44061,1.88,1.47
2013.10.29 15:39:12.158,1.44039,1.44061,2.63,1.47
2013.10.29 15:39:12.219,1.44039,1.44063,3.42,3.00
2013.10.29 15:39:12.729,1.4404,1.44064,4.17,1.95
2013.10.29 15:39:13.769,1.4404,1.44065,4.17,1.39
2013.10.29 15:39:13.890,1.44041,1.44065,4.77,1.28
2013.10.29 15:39:14.729,1.44044,1.44067,3.94,1.39
2013.10.29 15:39:18.909,1.44044,1.44067,3.95,1.77
2013.10.29 15:39:19.210,1.44041,1.44063,1.39,1.58
2013.10.29 15:39:19.328,1.44041,1.44063,1.39,1.58
2013.10.29 15:39:19.758,1.44041,1.44062,1.39,1.50
2013.10.29 15:39:21.030,1.44041,1.44063,1.39,1.58
2013.10.29 15:39:21.427,1.44041,1.44063,2.14,1.58
2013.10.29 15:39:22.279,1.44041,1.44062,1.58,1.39
2013.10.29 15:39:22.400,1.44041,1.44062,1.20,2.14
2013.10.29 15:39:22.699,1.44038,1.44058,1.20,1.02
2013.10.29 15:39:23.238,1.44037,1.44059,1.58,1.77
2013.10.29 15:39:23.419,1.44037,1.44059,1.58,1.02
2013.10.29 15:39:23.719,1.44037,1.44061,2.70,1.02
2013.10.29 15:39:25.548,1.44042,1.44062,2.26,1.47
2013.10.29 15:39:26.090,1.44042,1.44063,3.75,1.69
2013.10.29 15:39:26.829,1.44044,1.44063,2.63,1.69
2013.10.29 15:39:27.909,1.44044,1.44064,2.63,1.32
2013.10.29 15:39:28.029,1.44044,1.44064,1.28,1.39
2013.10.29 15:39:28.449,1.44041,1.44064,2.25,1.47
2013.10.29 15:39:30.748,1.44041,1.44063,2.63,1.47
2013.10.29 15:39:31.539,1.44041,1.44063,2.63,1.47
2013.10.29 15:39:32.422,1.44041,1.44063,2.63,1.47
2013.10.29 15:39:32.968,1.44042,1.44064,3.76,1.32
2013.10.29 15:39:33.179,1.44042,1.44064,4.13,1.32
2013.10.29 15:39:33.538,1.44042,1.44062,1.95,1.32
2013.10.29 15:39:36.928,1.44042,1.44064,4.13,1.69
2013.10.29 15:39:37.288,1.44042,1.44064,4.13,1.69
2013.10.29 15:39:38.040,1.44043,1.44065,5.15,1.02
2013.10.29 15:39:38.159,1.44046,1.44068,2.63,1.32
2013.10.29 15:39:38.688,1.44047,1.44068,2.63,1.32
2013.10.29 15:39:39.048,1.44047,1.44066,1.20,1.32
2013.10.29 15:39:39.232,1.44047,1.44068,1.20,2.14
2013.10.29 15:39:39.738,1.44047,1.44068,1.20,1.39
2013.10.29 15:39:41.538,1.44047,1.44066,1.20,1.32
2013.10.29 15:39:42.130,1.44047,1.44066,2.33,1.32
2013.10.29 15:39:42.188,1.44047,1.44066,3.01,1.32
2013.10.29 15:39:45.169,1.44047,1.44064,1.88,1.32
2013.10.29 15:39:45.350,1.44045,1.44062,1.95,1.69
2013.10.29 15:39:45.469,1.44045,1.44064,1.58,1.69
2013.10.29 15:39:46.035,1.44042,1.44062,2.63,1.13
2013.10.29 15:39:47.339,1.44042,1.44063,1.95,1.20
2013.10.29 15:39:48.034,1.44042,1.44063,1.28,1.20
2013.10.29 15:39:48.401,1.44042,1.44064,2.78,1.09
2013.10.29 15:39:48.461,1.44043,1.44066,2.75,1.50
2013.10.29 15:39:48.580,1.44045,1.44067,2.15,1.28
2013.10.29 15:39:48.699,1.44045,1.44067,3.57,1.09
2013.10.29 15:39:50.579,1.44045,1.44066,1.77,1.02
2013.10.29 15:39:50.940,1.44045,1.44069,1.50,1.58
2013.10.29 15:39:51.640,1.44046,1.4407,2.82,2.52
2013.10.29 15:39:52.160,1.44046,1.4407,2.82,1.77
2013.10.29 15:39:55.390,1.44046,1.4407,1.77,1.77
2013.10.29 15:40:05.140,1.44048,1.44069,4.77,1.39
2013.10.29 15:40:05.501,1.4405,1.44073,4.88,1.69
2013.10.29 15:40:05.919,1.44051,1.44074,4.88,1.69
2013.10.29 15:40:10.669,1.44051,1.44073,2.33,1.02
2013.10.29 15:40:21.630,1.44051,1.44072,4.58,2.14
2013.10.29 15:40:22.178,1.4405,1.44072,5.40,2.14
2013.10.29 15:40:22.829,1.4405,1.44072,2.33,2.14
2013.10.29 15:40:24.129,1.4405,1.44071,2.25,1.32
2013.10.29 15:40:24.309,1.44049,1.44068,1.58,1.77
2013.10.29 15:40:24.488,1.44048,1.44067,1.58,2.14
2013.10.29 15:40:24.789,1.44046,1.44066,1.20,2.70
2013.10.29 15:40:25.349,1.44043,1.4406,1.50,1.02
2013.10.29 15:40:26.688,1.44044,1.44062,3.01,1.58
2013.10.29 15:40:27.229,1.44044,1.44063,3.01,1.50
2013.10.29 15:40:29.552,1.44045,1.44063,2.26,1.50
2013.10.29 15:40:30.389,1.44045,1.44067,1.13,1.32
2013.10.29 15:40:30.870,1.44045,1.44067,3.75,1.77
2013.10.29 15:40:30.989,1.44045,1.44067,2.41,1.09
2013.10.29 15:40:31.589,1.44045,1.44067,4.21,1.09
2013.10.29 15:40:31.650,1.44045,1.44067,4.21,1.77
2013.10.29 15:40:31.968,1.44046,1.44068,3.23,1.84
2013.10.29 15:40:33.396,1.44046,1.44068,4.73,1.09
2013.10.29 15:40:35.029,1.44046,1.44065,2.10,1.50
2013.10.29 15:40:37.108,1.44046,1.44067,1.13,1.84
2013.10.29 15:40:39.358,1.44046,1.44067,1.13,1.09
2013.10.29 15:40:42.636,1.44046,1.44066,1.13,1.02
2013.10.29 15:40:43.212,1.44046,1.44068,1.13,2.89
2013.10.29 15:40:45.428,1.44046,1.44066,1.13,1.02
2013.10.29 15:40:45.877,1.44046,1.44066,1.13,1.02
2013.10.29 15:40:46.124,1.44045,1.44064,1.13,2.14
2013.10.29 15:40:46.548,1.44045,1.44062,1.13,1.77
2013.10.29 15:40:47.988,1.44041,1.4406,2.78,1.58
2013.10.29 15:40:48.231,1.4404,1.44057,1.20,1.50
2013.10.29 15:40:48.350,1.44035,1.44057,5.25,1.09
2013.10.29 15:40:48.409,1.44035,1.44057,5.25,2.22
2013.10.29 15:40:48.649,1.44035,1.44054,2.26,1.77
2013.10.29 15:40:48.982,1.44035,1.44054,1.88,1.02
2013.10.29 15:40:49.049,1.44035,1.44057,1.88,2.82
2013.10.29 15:40:49.538,1.44035,1.44057,1.88,2.44
2013.10.29 15:40:51.568,1.44036,1.44057,3.87,1.58
2013.10.29 15:40:52.021,1.44038,1.4406,2.15,2.33
2013.10.29 15:40:52.082,1.4404,1.4406,2.22,2.25
2013.10.29 15:40:52.388,1.4404,1.44061,2.90,1.58
2013.10.29 15:40:52.509,1.4404,1.44061,2.89,1.77
2013.10.29 15:40:53.229,1.44038,1.44059,1.65,1.02
2013.10.29 15:40:56.108,1.44038,1.4406,2.78,2.07
2013.10.29 15:40:56.172,1.44038,1.4406,1.50,2.07
2013.10.29 15:40:56.679,1.44036,1.44057,1.50,1.69
2013.10.29 15:40:57.189,1.44036,1.44058,2.33,1.02
2013.10.29 15:40:58.348,1.44036,1.4406,4.02,1.02
2013.10.29 15:40:58.888,1.44036,1.44059,4.51,1.02
2013.10.29 15:41:04.080,1.44036,1.44059,3.95,1.02
2013.10.29 15:41:05.329,1.44036,1.44059,3.95,1.02
2013.10.29 15:41:07.099,1.44036,1.4406,4.13,1.47
2013.10.29 15:41:07.460,1.44036,1.44057,1.58,2.14
2013.10.29 15:41:08.659,1.44036,1.44058,3.01,1.47
2013.10.29 15:41:08.779,1.44036,1.44059,3.01,4.77
2013.10.29 15:41:11.440,1.44036,1.44059,3.38,1.84
2013.10.29 15:41:14.108,1.44036,1.44059,3.38,1.84
2013.10.29 15:41:15.389,1.44036,1.44059,3.38,2.22
2013.10.29 15:41:17.141,1.44036,1.44059,3.94,1.28
2013.10.29 15:41:17.689,1.44038,1.44061,4.40,1.88
2013.10.29 15:41:17.879,1.4404,1.44062,3.27,3.68
2013.10.29 15:41:18.671,1.4404,1.44061,1.65,1.58
2013.10.29 15:41:18.790,1.44039,1.44059,3.08,1.02
2013.10.29 15:41:19.268,1.44039,1.44061,1.32,1.95
2013.10.29 15:41:19.961,1.44042,1.44063,2.07,2.33
2013.10.29 15:41:20.271,1.44042,1.44062,1.28,1.58
2013.10.29 15:41:20.698,1.44042,1.44062,1.09,1.50
2013.10.29 15:41:21.209,1.4404,1.4406,2.33,1.02
2013.10.29 15:41:21.449,1.4404,1.4406,1.58,2.14
2013.10.29 15:41:21.509,1.44039,1.44058,1.65,1.39
2013.10.29 15:41:22.449,1.44036,1.44058,2.70,2.89
2013.10.29 15:41:24.000,1.44037,1.4406,3.57,1.77
2013.10.29 15:41:24.509,1.44037,1.44058,3.01,1.58
2013.10.29 15:41:24.570,1.44037,1.44058,2.33,2.14
2013.10.29 15:41:24.991,1.44037,1.4406,4.39,1.09
2013.10.29 15:41:27.641,1.4404,1.44061,2.52,2.70
2013.10.29 15:41:27.710,1.4404,1.44063,2.07,2.63
2013.10.29 15:41:27.951,1.4404,1.44061,2.22,1.28
2013.10.29 15:41:28.079,1.4404,1.44061,2.89,1.20
2013.10.29 15:41:28.260,1.4404,1.4406,4.32,1.58
2013.10.29 15:41:28.319,1.4404,1.4406,3.64,1.58
2013.10.29 15:41:28.881,1.4404,1.44061,2.90,1.58
2013.10.29 15:41:29.299,1.4404,1.44057,1.58,1.50
2013.10.29 15:41:29.359,1.44038,1.44059,1.58,2.63
2013.10.29 15:41:29.479,1.44038,1.4406,2.25,1.65
2013.10.29 15:41:29.779,1.44041,1.44062,2.45,2.33
2013.10.29 15:41:30.291,1.44041,1.44061,2.52,1.58
2013.10.29 15:41:42.339,1.44041,1.44059,1.58,1.50
2013.10.29 15:41:42.518,1.44038,1.44054,2.25,2.25
2013.10.29 15:41:42.940,1.44039,1.44061,4.69,2.33
2013.10.29 15:41:43.180,1.4404,1.44061,3.57,1.50
2013.10.29 15:41:43.541,1.4404,1.4406,2.25,1.50
2013.10.29 15:41:43.719,1.44039,1.4406,1.84,1.58
2013.10.29 15:41:43.780,1.44039,1.4406,3.72,1.58
2013.10.29 15:41:43.840,1.44039,1.44059,3.34,1.65
2013.10.29 15:41:44.079,1.44039,1.44059,2.44,1.50
2013.10.29 15:41:44.380,1.44039,1.44057,1.20,1.69
2013.10.29 15:41:44.442,1.44039,1.44057,1.20,2.07
2013.10.29 15:41:44.569,1.44036,1.44057,1.88,1.84
2013.10.29 15:41:44.630,1.44036,1.44056,1.20,1.02
2013.10.29 15:41:44.871,1.44036,1.44056,2.89,1.50
2013.10.29 15:41:45.049,1.44037,1.44056,2.97,1.50
2013.10.29 15:41:45.169,1.44037,1.44056,2.97,1.50
2013.10.29 15:41:45.708,1.44036,1.44057,1.95,2.33
2013.10.29 15:41:45.829,1.44036,1.44056,2.22,1.58
2013.10.29 15:41:46.129,1.44038,1.44059,2.90,1.58
2013.10.29 15:41:46.309,1.44038,1.44059,3.65,1.58
2013.10.29 15:41:46.861,1.44039,1.44062,3.64,1.28
2013.10.29 15:41:46.979,1.44041,1.44063,2.89,1.58
2013.10.29 15:41:47.278,1.44041,1.44063,2.15,1.58
2013.10.29 15:41:48.539,1.44039,1.44061,3.87,1.95
2013.10.29 15:41:48.719,1.44039,1.44058,3.42,1.65
2013.10.29 15:41:49.259,1.44039,1.44059,2.07,1.65
2013.10.29 15:41:49.872,1.44039,1.44059,2.07,1.65
2013.10.29 15:41:50.529,1.44039,1.44059,2.82,1.65
2013.10.29 15:41:51.072,1.44039,1.44057,2.07,1.50
2013.10.29 15:41:51.443,1.44038,1.44055,1.32,1.58
2013.10.29 15:41:52.000,1.44038,1.44055,1.32,1.58
2013.10.29 15:41:52.410,1.44035,1.44054,2.70,1.50
2013.10.29 15:41:55.589,1.44035,1.44055,3.08,1.58
2013.10.29 15:41:56.659,1.44035,1.44055,3.08,1.58
2013.10.29 15:41:57.679,1.44035,1.44057,3.65,1.95
2013.10.29 15:42:00.389,1.44035,1.44055,3.08,1.02
2013.10.29 15:42:00.691,1.44034,1.44051,2.07,1.20
2013.10.29 15:42:01.159,1.44034,1.44051,2.25,1.32
2013.10.29 15:42:01.233,1.44028,1.44048,1.50,1.02
2013.10.29 15:42:01.359,1.44027,1.44048,1.50,1.77
2013.10.29 15:42:01.599,1.44024,1.44043,1.50,2.07
2013.10.29 15:42:02.419,1.44024,1.44047,2.45,1.58
2013.10.29 15:42:02.841,1.44024,1.44043,1.50,1.32
2013.10.29 15:42:03.839,1.44024,1.44045,1.50,2.14
2013.10.29 15:42:03.959,1.44024,1.44045,1.50,1.77
2013.10.29 15:42:04.201,1.44024,1.44044,1.58,1.77
2013.10.29 15:42:04.849,1.44023,1.44043,1.58,1.32
2013.10.29 15:42:05.490,1.44022,1.44043,2.25,1.32
2013.10.29 15:42:07.618,1.44022,1.44042,2.63,1.32
2013.10.29 15:42:08.173,1.44022,1.44041,1.13,1.39
2013.10.29 15:42:08.989,1.4402,1.44041,2.40,1.39
2013.10.29 15:42:10.981,1.4402,1.44041,2.40,1.02
2013.10.29 15:42:12.479,1.4402,1.44041,1.20,1.02
2013.10.29 15:42:13.760,1.4402,1.44041,2.78,1.02
2013.10.29 15:42:13.821,1.4402,1.44041,2.78,1.02
2013.10.29 15:42:13.889,1.4402,1.44041,2.33,1.02
2013.10.29 15:42:14.010,1.44023,1.44043,2.63,1.32
2013.10.29 15:42:15.619,1.44023,1.44043,1.65,1.32
2013.10.29 15:42:16.221,1.44023,1.44043,1.65,1.69
2013.10.29 15:42:16.920,1.44023,1.44043,1.58,1.69
2013.10.29 15:42:17.100,1.44023,1.44043,1.58,1.32
2013.10.29 15:42:17.469,1.44023,1.44043,1.58,1.32
2013.10.29 15:42:18.229,1.44023,1.44043,2.40,1.32
2013.10.29 15:42:20.649,1.44023,1.44043,2.40,1.32
2013.10.29 15:42:21.630,1.44022,1.44039,1.20,1.50
2013.10.29 15:42:21.931,1.44022,1.44038,1.50,1.32
2013.10.29 15:42:22.232,1.44018,1.44035,1.13,1.69
2013.10.29 15:42:22.839,1.44018,1.44035,1.13,1.69
2013.10.29 15:42:23.343,1.44014,1.44035,1.47,1.77
2013.10.29 15:42:23.469,1.44014,1.44033,1.20,1.02
2013.10.29 15:42:25.670,1.44014,1.44035,1.13,1.50
2013.10.29 15:42:26.028,1.44016,1.44036,3.83,1.58
2013.10.29 15:42:26.641,1.44016,1.44036,1.88,1.65
2013.10.29 15:42:27.693,1.44016,1.44033,1.13,1.09
2013.10.29 15:42:27.939,1.44016,1.44033,1.13,1.28
2013.10.29 15:42:28.468,1.44016,1.44034,1.13,1.09
2013.10.29 15:42:28.903,1.44016,1.44034,1.13,1.09
2013.10.29 15:42:29.149,1.44016,1.44034,1.13,1.47
2013.10.29 15:42:30.253,1.44016,1.44034,1.13,1.09
2013.10.29 15:42:30.798,1.44016,1.44033,1.13,1.09
2013.10.29 15:42:31.789,1.44014,1.44033,1.13,1.09
2013.10.29 15:42:33.849,1.44011,1.44032,3.38,1.32
2013.10.29 15:42:33.910,1.44011,1.44031,2.63,1.69
2013.10.29 15:42:34.149,1.44011,1.44029,1.13,1.02
2013.10.29 15:42:34.742,1.44011,1.44029,1.13,1.02
2013.10.29 15:42:35.289,1.44011,1.44029,1.13,1.02
2013.10.29 15:42:36.021,1.44011,1.44029,1.13,1.02
2013.10.29 15:42:36.559,1.44011,1.44029,1.13,1.77
2013.10.29 15:42:36.799,1.4401,1.44029,1.20,3.08
2013.10.29 15:42:36.859,1.4401,1.44028,1.20,1.20
2013.10.29 15:42:37.499,1.4401,1.44028,1.13,1.20
2013.10.29 15:42:38.028,1.4401,1.44028,1.13,1.95
2013.10.29 15:42:38.698,1.4401,1.44028,1.13,1.58
2013.10.29 15:42:39.311,1.4401,1.44028,1.13,1.58
2013.10.29 15:42:39.829,1.4401,1.44027,1.13,1.20
2013.10.29 15:42:40.305,1.4401,1.44028,1.13,1.58
2013.10.29 15:42:40.849,1.4401,1.44026,1.13,1.02
2013.10.29 15:42:41.712,1.4401,1.44026,1.13,1.02
2013.10.29 15:42:42.070,1.44006,1.44025,1.58,1.69
2013.10.29 15:42:42.979,1.44003,1.44024,1.77,1.77
2013.10.29 15:42:43.449,1.44003,1.44024,1.77,1.77
2013.10.29 15:42:43.761,1.44002,1.44021,1.50,1.09
2013.10.29 15:42:44.322,1.44002,1.44021,1.50,1.09
2013.10.29 15:42:44.790,1.44001,1.44021,1.13,1.84
2013.10.29 15:42:44.971,1.43997,1.44012,1.58,1.50
2013.10.29 15:42:45.030,1.43993,1.44012,3.00,1.58
2013.10.29 15:42:45.089,1.43993,1.44012,2.33,1.58
2013.10.29 15:42:45.390,1.43991,1.44008,2.63,1.50
2013.10.29 15:42:45.749,1.43988,1.44005,1.28,1.50
2013.10.29 15:42:45.929,1.43986,1.44005,1.28,1.58
2013.10.29 15:42:45.990,1.43985,1.44005,1.58,1.58
2013.10.29 15:42:46.051,1.43985,1.44003,1.58,2.07
2013.10.29 15:42:46.171,1.4398,1.44002,1.09,3.00
2013.10.29 15:42:46.289,1.43981,1.44003,2.82,1.77
2013.10.29 15:42:46.828,1.43981,1.44003,2.14,2.52
2013.10.29 15:42:47.354,1.43981,1.44002,2.14,1.65
2013.10.29 15:42:47.960,1.43981,1.44002,1.95,1.84
2013.10.29 15:42:48.021,1.43981,1.44001,1.95,1.58
2013.10.29 15:42:49.549,1.43981,1.44003,3.79,1.58
2013.10.29 15:42:50.070,1.43981,1.44002,1.80,1.77
2013.10.29 15:42:50.379,1.43982,1.44002,2.75,1.58
2013.10.29 15:42:50.499,1.43983,1.44004,2.93,2.33
2013.10.29 15:42:51.039,1.43983,1.44005,3.30,1.02
2013.10.29 15:42:51.219,1.43985,1.44006,3.94,2.33
2013.10.29 15:42:51.279,1.43987,1.44006,2.48,1.95
2013.10.29 15:42:51.459,1.43988,1.44008,2.63,2.22
2013.10.29 15:42:51.868,1.43988,1.44007,2.93,1.32
2013.10.29 15:42:51.989,1.43988,1.44006,1.50,1.88
2013.10.29 15:42:52.352,1.43985,1.44003,1.43,1.50
2013.10.29 15:42:52.481,1.43984,1.44003,2.18,2.25
2013.10.29 15:42:53.048,1.43984,1.44005,3.00,3.19
2013.10.29 15:42:53.597,1.43984,1.44004,3.19,1.65
2013.10.29 15:42:53.959,1.43984,1.44004,1.65,2.89
2013.10.29 15:42:54.138,1.43979,1.44001,1.95,1.02
2013.10.29 15:42:54.258,1.43978,1.44001,2.25,1.39
2013.10.29 15:42:54.979,1.43978,1.44001,2.63,1.32
2013.10.29 15:42:55.941,1.43979,1.44002,3.19,1.02
2013.10.29 15:42:56.060,1.43979,1.44002,1.50,1.77
2013.10.29 15:42:56.359,1.43978,1.44,1.88,1.02
2013.10.29 15:42:56.540,1.43978,1.43999,1.88,1.32
2013.10.29 15:42:57.151,1.43978,1.44,2.25,1.02
2013.10.29 15:42:58.439,1.43979,1.44001,3.45,1.02
2013.10.29 15:42:58.500,1.43981,1.44002,2.63,1.02
2013.10.29 15:42:58.859,1.43982,1.44004,2.63,2.07
2013.10.29 15:42:59.519,1.43984,1.44004,2.25,1.32
2013.10.29 15:42:59.879,1.43984,1.44004,3.38,1.32
2013.10.29 15:43:00.000,1.43984,1.44004,3.38,1.32
2013.10.29 15:43:00.240,1.43984,1.44004,1.13,1.32
2013.10.29 15:43:00.300,1.43984,1.44004,1.58,1.32
2013.10.29 15:43:00.483,1.43984,1.44,1.88,1.50
2013.10.29 15:43:00.612,1.4398,1.44001,1.50,1.09
2013.10.29 15:43:00.739,1.43978,1.43998,2.44,1.50
2013.10.29 15:43:00.920,1.43978,1.43998,2.44,1.50
2013.10.29 15:43:01.770,1.43978,1.43999,2.63,1.32
2013.10.29 15:43:02.009,1.43977,1.43998,1.80,1.02
2013.10.29 15:43:02.549,1.43977,1.43999,3.42,1.02
2013.10.29 15:43:02.669,1.43977,1.44,2.63,1.39
2013.10.29 15:43:03.240,1.43977,1.44,2.67,1.84
2013.10.29 15:43:03.734,1.43977,1.43997,1.88,1.69
2013.10.29 15:43:04.279,1.43976,1.43996,1.50,1.65
2013.10.29 15:43:04.400,1.43976,1.43996,1.50,1.65
2013.10.29 15:43:04.460,1.43976,1.43996,1.80,1.58
2013.10.29 15:43:04.762,1.43976,1.43995,1.13,2.63
2013.10.29 15:43:04.820,1.43975,1.43994,1.20,2.33
2013.10.29 15:43:05.070,1.43973,1.4399,1.50,3.19
2013.10.29 15:43:05.430,1.4397,1.4399,1.50,3.19
2013.10.29 15:43:05.750,1.43969,1.43987,1.50,2.07
2013.10.29 15:43:06.259,1.43969,1.43987,1.50,2.07
2013.10.29 15:43:06.781,1.43969,1.43987,1.50,2.07
2013.10.29 15:43:08.090,1.43969,1.43987,1.50,2.07
2013.10.29 15:43:08.958,1.43969,1.43987,1.50,2.07
2013.10.29 15:43:09.510,1.43966,1.43987,2.09,2.82
2013.10.29 15:43:09.891,1.43966,1.43988,4.16,1.65
2013.10.29 15:43:10.070,1.43969,1.4399,4.79,1.13
2013.10.29 15:43:10.309,1.43971,1.43991,3.59,1.32
2013.10.29 15:43:11.069,1.43974,1.43991,2.25,1.32
2013.10.29 15:43:11.383,1.43974,1.43991,1.88,1.32
2013.10.29 15:43:11.628,1.43974,1.43991,1.88,1.32
2013.10.29 15:43:12.229,1.43974,1.43992,1.50,1.32
2013.10.29 15:43:12.409,1.43972,1.4399,1.50,2.07
2013.10.29 15:43:12.531,1.4397,1.4399,1.58,2.07
2013.10.29 15:43:12.909,1.43969,1.43991,1.88,1.77
2013.10.29 15:43:12.969,1.43969,1.43991,1.88,1.77
2013.10.29 15:43:13.270,1.43971,1.4399,3.01,1.13
2013.10.29 15:43:13.833,1.43971,1.43991,4.88,1.32
2013.10.29 15:43:14.139,1.43972,1.43991,3.00,1.13
2013.10.29 15:43:14.664,1.43973,1.43992,2.63,1.13
2013.10.29 15:43:15.210,1.43973,1.43995,2.25,1.69
2013.10.29 15:43:16.751,1.43976,1.43999,3.57,3.57
2013.10.29 15:43:16.811,1.43976,1.43999,3.57,1.69
2013.10.29 15:43:17.329,1.43977,1.43999,2.70,1.02
2013.10.29 15:43:17.859,1.43977,1.43999,2.70,1.02
2013.10.29 15:43:18.209,1.43977,1.43999,3.45,1.02
2013.10.29 15:43:20.569,1.43977,1.43999,3.45,1.02
2013.10.29 15:43:20.931,1.43978,1.44002,2.63,1.39
2013.10.29 15:43:21.458,1.43978,1.44002,1.20,1.39
2013.10.29 15:43:22.489,1.43983,1.44002,1.50,1.39
2013.10.29 15:43:22.739,1.43983,1.44002,1.50,1.39
2013.10.29 15:43:23.618,1.43983,1.44002,1.50,1.39
2013.10.29 15:43:23.829,1.43983,1.44002,1.50,1.39
2013.10.29 15:43:25.132,1.43983,1.43995,1.50,1.50
2013.10.29 15:43:25.201,1.43979,1.43986,1.43,1.50
2013.10.29 15:43:25.332,1.43974,1.43984,1.50,1.32
2013.10.29 15:43:25.633,1.43973,1.43984,1.58,1.32
2013.10.29 15:43:25.759,1.43965,1.43984,1.88,1.32
2013.10.29 15:43:29.110,1.43965,1.43983,1.20,1.32
2013.10.29 15:43:30.769,1.43965,1.43985,1.20,1.02
2013.10.29 15:43:30.890,1.43964,1.43985,1.95,2.14
2013.10.29 15:43:34.809,1.43964,1.43983,1.88,1.32
2013.10.29 15:43:37.219,1.43964,1.43984,1.88,1.32
2013.10.29 15:43:40.029,1.43964,1.43986,1.88,2.07
2013.10.29 15:43:40.089,1.43964,1.43983,1.88,1.32
2013.10.29 15:43:45.849,1.43964,1.43985,2.25,2.14
2013.10.29 15:43:47.863,1.43964,1.43984,2.25,1.69
2013.10.29 15:43:47.929,1.43964,1.43984,2.25,2.07
2013.10.29 15:43:48.372,1.43964,1.43986,1.50,1.32
2013.10.29 15:43:48.501,1.43967,1.43987,3.00,1.50
2013.10.29 15:43:48.561,1.43967,1.43989,3.75,1.20
2013.10.29 15:43:48.624,1.43967,1.4399,3.38,1.02
2013.10.29 15:43:48.929,1.43969,1.43983,2.15,1.50
2013.10.29 15:43:48.990,1.43969,1.4399,2.90,1.20
2013.10.29 15:43:49.051,1.43969,1.4399,2.33,1.20
2013.10.29 15:43:49.171,1.43968,1.43989,1.73,1.20
2013.10.29 15:43:49.231,1.43968,1.43989,1.73,1.95
2013.10.29 15:43:49.469,1.43968,1.43989,2.82,1.20
2013.10.29 15:43:49.769,1.43971,1.43995,3.95,2.25
2013.10.29 15:43:49.950,1.43971,1.43994,3.95,1.65
2013.10.29 15:43:50.010,1.43971,1.43994,3.95,1.65
2013.10.29 15:43:51.840,1.43971,1.43995,2.82,4.50
2013.10.29 15:43:52.021,1.43971,1.43994,3.00,1.65
2013.10.29 15:43:52.379,1.43974,1.43998,2.71,2.25
2013.10.29 15:43:52.909,1.43974,1.43989,2.82,1.88
2013.10.29 15:43:53.090,1.43974,1.43987,1.13,1.50
2013.10.29 15:43:53.149,1.43969,1.43987,2.52,1.50
2013.10.29 15:43:53.332,1.43969,1.43989,1.47,1.13
2013.10.29 15:43:53.869,1.43971,1.43997,4.32,2.44
2013.10.29 15:43:54.360,1.43971,1.43997,3.95,2.25
2013.10.29 15:43:54.682,1.43976,1.43999,3.20,1.09
2013.10.29 15:43:55.139,1.43976,1.43999,2.63,1.09
2013.10.29 15:43:55.860,1.43979,1.44,2.45,2.63
2013.10.29 15:43:56.403,1.43979,1.44,1.69,2.63
2013.10.29 15:43:56.471,1.43977,1.43993,1.88,1.69
2013.10.29 15:43:56.590,1.43975,1.43993,2.63,1.69
2013.10.29 15:43:56.771,1.43975,1.43998,2.07,1.09
2013.10.29 15:43:57.708,1.43976,1.44,3.20,1.47
2013.10.29 15:43:58.753,1.43976,1.44,4.32,1.47
2013.10.29 15:43:59.082,1.43979,1.44,2.82,1.13
2013.10.29 15:43:59.639,1.43979,1.44,1.20,1.32
2013.10.29 15:44:00.840,1.43979,1.44,1.20,1.32
2013.10.29 15:44:01.619,1.43979,1.44,1.50,1.32
2013.10.29 15:44:01.859,1.43977,1.43997,1.20,1.39
2013.10.29 15:44:01.919,1.43977,1.43993,1.20,1.32
2013.10.29 15:44:01.979,1.43975,1.43993,1.20,1.32
2013.10.29 15:44:02.620,1.43974,1.43994,1.88,1.69
2013.10.29 15:44:06.871,1.43972,1.43994,1.88,2.97
2013.10.29 15:44:07.430,1.43972,1.43994,1.50,2.97
2013.10.29 15:44:09.259,1.4397,1.43992,2.25,1.09
2013.10.29 15:44:09.440,1.4397,1.43991,1.88,1.32
2013.10.29 15:44:09.739,1.43968,1.43989,1.65,1.02
2013.10.29 15:44:09.859,1.43968,1.43989,1.65,1.02
2013.10.29 15:44:10.399,1.43967,1.43989,1.77,1.02
2013.10.29 15:44:11.389,1.43967,1.43989,1.77,1.02
2013.10.29 15:44:12.110,1.43967,1.43989,1.77,1.02
2013.10.29 15:44:12.419,1.43967,1.43989,1.58,2.14
2013.10.29 15:44:16.430,1.43967,1.43989,1.58,1.39
2013.10.29 15:44:16.669,1.43967,1.43989,2.82,1.02
2013.10.29 15:44:17.181,1.43967,1.4399,1.88,1.02
2013.10.29 15:44:17.679,1.43967,1.43984,1.50,1.32
2013.10.29 15:44:17.860,1.43964,1.43983,1.50,2.44
2013.10.29 15:44:17.919,1.43964,1.43983,1.58,2.25
2013.10.29 15:44:18.161,1.43964,1.43983,1.95,1.50
2013.10.29 15:44:18.699,1.43964,1.43986,3.76,1.32
2013.10.29 15:44:19.061,1.43963,1.43984,1.77,1.32
2013.10.29 15:44:19.299,1.43963,1.43984,1.09,1.09
2013.10.29 15:44:19.848,1.43963,1.43985,2.14,1.02
2013.10.29 15:44:21.040,1.43963,1.43986,3.45,1.39
2013.10.29 15:44:21.401,1.43963,1.43984,1.50,2.52
2013.10.29 15:44:21.519,1.43962,1.43984,1.95,2.52
2013.10.29 15:44:22.059,1.43962,1.43984,1.58,1.77
2013.10.29 15:44:22.119,1.43961,1.43983,3.38,1.32
2013.10.29 15:44:22.709,1.43961,1.43981,1.58,1.13
2013.10.29 15:44:22.769,1.43961,1.43981,1.58,1.69
2013.10.29 15:44:23.039,1.43961,1.43983,1.58,2.07
2013.10.29 15:44:23.736,1.43961,1.43984,1.58,3.27
2013.10.29 15:44:24.159,1.43961,1.43982,1.50,1.32
2013.10.29 15:44:24.727,1.4396,1.43981,1.50,1.02
2013.10.29 15:44:30.339,1.43958,1.4398,4.05,1.02
2013.10.29 15:44:30.459,1.43959,1.43981,2.63,1.02
2013.10.29 15:44:31.359,1.43961,1.43982,2.93,1.02
2013.10.29 15:44:31.789,1.43962,1.43982,3.23,1.32
2013.10.29 15:44:31.969,1.43962,1.43983,1.28,1.77
2013.10.29 15:44:32.329,1.43959,1.43981,1.77,1.77
2013.10.29 15:44:32.661,1.43959,1.43981,1.32,1.77
2013.10.29 15:44:32.899,1.4396,1.43983,3.95,1.58
2013.10.29 15:44:33.138,1.43962,1.43983,4.70,1.58
2013.10.29 15:44:33.674,1.43962,1.43982,3.45,1.69
2013.10.29 15:44:33.800,1.43962,1.43983,3.83,1.02
2013.10.29 15:44:34.348,1.43966,1.43986,2.82,1.58
2013.10.29 15:44:34.590,1.43966,1.43985,2.63,1.02
2013.10.29 15:44:34.829,1.43965,1.43983,1.50,1.02
2013.10.29 15:44:35.470,1.43965,1.43984,1.69,1.50
2013.10.29 15:44:36.012,1.43965,1.43984,2.63,1.02
2013.10.29 15:44:36.543,1.43965,1.43984,1.13,1.02
2013.10.29 15:44:41.418,1.43963,1.43979,1.20,1.32
2013.10.29 15:44:41.539,1.43962,1.43979,1.20,2.14
2013.10.29 15:44:41.899,1.43962,1.4398,1.13,1.58
2013.10.29 15:44:42.141,1.43962,1.43985,1.20,1.77
2013.10.29 15:44:43.360,1.43962,1.43986,3.35,2.25
2013.10.29 15:44:43.539,1.43965,1.43987,2.89,1.58
2013.10.29 15:44:43.601,1.43965,1.43986,1.13,1.69
2013.10.29 15:44:44.272,1.43965,1.43985,1.88,2.44
2013.10.29 15:44:44.820,1.43965,1.43983,1.13,1.02
2013.10.29 15:44:44.941,1.43962,1.43983,2.03,1.77
2013.10.29 15:44:45.120,1.43961,1.43981,2.70,1.02
2013.10.29 15:44:45.241,1.43961,1.43982,3.46,1.09
2013.10.29 15:44:46.172,1.43961,1.43978,1.28,1.13
2013.10.29 15:44:46.797,1.4396,1.4398,1.65,1.32
2013.10.29 15:44:47.561,1.4396,1.4398,1.65,1.32
2013.10.29 15:44:48.169,1.43958,1.43979,2.22,1.20
2013.10.29 15:44:48.569,1.43958,1.43978,1.32,1.20
2013.10.29 15:44:50.081,1.43958,1.43977,1.13,1.09
2013.10.29 15:44:50.329,1.43955,1.43974,2.03,2.44
2013.10.29 15:44:51.804,1.43955,1.43973,1.28,1.69
2013.10.29 15:44:52.340,1.43954,1.43973,1.20,1.69
2013.10.29 15:44:52.519,1.43953,1.43971,1.28,1.32
2013.10.29 15:44:52.951,1.4395,1.43969,1.28,1.69
2013.10.29 15:44:53.503,1.4395,1.43969,1.28,1.69
2013.10.29 15:44:54.550,1.4395,1.4397,1.28,1.09
2013.10.29 15:44:55.520,1.4395,1.43969,1.28,1.32
2013.10.29 15:44:55.880,1.4395,1.43967,1.28,2.44
2013.10.29 15:44:56.790,1.43948,1.43967,1.95,1.69
2013.10.29 15:44:57.030,1.43948,1.43967,1.13,3.27
2013.10.29 15:45:00.609,1.43948,1.43967,1.13,3.94
2013.10.29 15:45:00.852,1.43944,1.43966,1.02,2.37
2013.10.29 15:45:00.911,1.43942,1.43962,1.58,1.32
2013.10.29 15:45:01.450,1.43942,1.43962,1.58,1.69
2013.10.29 15:45:01.989,1.43945,1.43965,2.71,1.58
2013.10.29 15:45:02.049,1.43945,1.43967,2.52,1.88
2013.10.29 15:45:02.289,1.43945,1.43967,2.52,1.88
2013.10.29 15:45:02.408,1.43945,1.43969,3.94,2.14
2013.10.29 15:45:04.350,1.43945,1.43967,3.19,1.20
2013.10.29 15:45:04.768,1.43943,1.43961,2.63,2.44
2013.10.29 15:45:05.328,1.43943,1.43961,1.13,1.69
2013.10.29 15:45:06.000,1.43943,1.43961,1.13,1.69
2013.10.29 15:45:06.242,1.43942,1.4396,1.13,1.69
2013.10.29 15:45:06.309,1.4394,1.43958,1.65,2.44
2013.10.29 15:45:06.430,1.43939,1.43958,2.33,1.50
2013.10.29 15:45:06.490,1.43939,1.43956,1.58,1.50
2013.10.29 15:45:07.030,1.43934,1.43955,1.32,1.58
2013.10.29 15:45:07.390,1.43934,1.43956,1.43,2.44
2013.10.29 15:45:07.522,1.43934,1.43956,1.43,1.50
2013.10.29 15:45:07.700,1.43934,1.43957,1.13,3.19
2013.10.29 15:45:08.260,1.43934,1.43956,2.22,1.09
2013.10.29 15:45:08.499,1.43934,1.43955,2.60,1.02
2013.10.29 15:45:09.049,1.43934,1.43955,2.22,1.69
2013.10.29 15:45:09.869,1.43934,1.43955,1.13,1.69
2013.10.29 15:45:10.011,1.43933,1.43953,1.20,1.58
2013.10.29 15:45:10.552,1.43931,1.43953,1.32,1.50
2013.10.29 15:45:11.109,1.43931,1.43953,1.28,1.09
2013.10.29 15:45:11.670,1.43931,1.43954,1.28,2.82
2013.10.29 15:45:11.731,1.43931,1.43954,1.13,2.82
2013.10.29 15:45:11.792,1.43931,1.43952,1.50,1.02
2013.10.29 15:45:11.920,1.43931,1.43951,1.58,1.02
2013.10.29 15:45:12.400,1.43931,1.43952,1.13,2.25
2013.10.29 15:45:12.942,1.43931,1.43952,1.54,1.50
2013.10.29 15:45:13.299,1.43931,1.43947,1.32,1.50
2013.10.29 15:45:13.419,1.43931,1.43949,1.54,2.25
2013.10.29 15:45:13.540,1.43931,1.43949,1.54,3.00
2013.10.29 15:45:13.601,1.43931,1.43947,1.35,1.77
2013.10.29 15:45:14.140,1.43928,1.43948,1.39,2.33
2013.10.29 15:45:14.691,1.43928,1.43948,1.20,2.52
2013.10.29 15:45:14.810,1.43928,1.43945,1.13,1.50
2013.10.29 15:45:14.871,1.43926,1.43945,1.13,2.33
2013.10.29 15:45:14.991,1.43926,1.43945,1.58,1.58
2013.10.29 15:45:15.432,1.43926,1.43947,1.13,1.28
2013.10.29 15:45:15.500,1.43928,1.43948,2.63,1.50
2013.10.29 15:45:15.810,1.43928,1.43944,1.50,1.69
2013.10.29 15:45:15.874,1.43924,1.43938,2.63,1.50
2013.10.29 15:45:15.940,1.43921,1.43938,1.95,1.69
2013.10.29 15:45:16.000,1.43921,1.43938,1.95,1.69
2013.10.29 15:45:16.180,1.43916,1.43935,2.44,1.50
2013.10.29 15:45:16.422,1.43916,1.43935,3.42,1.50
2013.10.29 15:45:16.481,1.43916,1.43935,2.75,1.50
2013.10.29 15:45:16.599,1.43916,1.43937,1.88,1.84
2013.10.29 15:45:16.721,1.43916,1.43938,2.07,1.65
2013.10.29 15:45:17.130,1.43924,1.43942,3.23,1.50
2013.10.29 15:45:17.382,1.43931,1.43943,3.57,1.50
2013.10.29 15:45:17.690,1.43931,1.43946,3.57,1.13
2013.10.29 15:45:17.749,1.43931,1.43946,3.19,1.13
2013.10.29 15:45:18.050,1.43933,1.43952,3.01,1.69
2013.10.29 15:45:18.591,1.43934,1.43955,2.63,1.69
2013.10.29 15:45:19.074,1.43935,1.43958,2.15,1.47
2013.10.29 15:45:19.395,1.43937,1.43959,5.07,1.32
2013.10.29 15:45:19.939,1.43937,1.43957,3.38,1.32
2013.10.29 15:45:19.999,1.43937,1.43957,3.38,1.32
2013.10.29 15:45:21.200,1.43937,1.43957,1.39,1.13
2013.10.29 15:45:21.741,1.43934,1.4395,1.58,1.69
2013.10.29 15:45:21.860,1.43933,1.43951,1.50,2.25
2013.10.29 15:45:22.399,1.43932,1.43952,1.02,1.58
2013.10.29 15:45:22.949,1.4393,1.43951,2.55,1.09
2013.10.29 15:45:23.359,1.4393,1.43951,2.67,1.58
2013.10.29 15:45:23.659,1.43936,1.43957,2.15,1.58
2013.10.29 15:45:23.780,1.43936,1.43957,2.52,1.20
2013.10.29 15:45:24.440,1.43936,1.4396,3.27,2.89
2013.10.29 15:45:24.979,1.43936,1.43958,2.07,1.20
2013.10.29 15:45:25.160,1.43937,1.43955,3.79,1.13
2013.10.29 15:45:25.340,1.43938,1.43956,3.65,1.13
2013.10.29 15:45:25.879,1.43939,1.43961,4.77,1.58
2013.10.29 15:45:25.999,1.43939,1.43961,5.14,1.58
2013.10.29 15:45:28.028,1.43939,1.43961,4.02,1.58
2013.10.29 15:45:28.150,1.4394,1.43961,2.15,2.33
2013.10.29 15:45:28.390,1.4394,1.43961,1.58,1.58
2013.10.29 15:45:28.650,1.4394,1.43961,1.43,1.58
2013.10.29 15:45:28.832,1.43942,1.43964,4.35,1.28
2013.10.29 15:45:29.070,1.43942,1.43964,4.54,1.28
2013.10.29 15:45:29.581,1.43944,1.43966,3.27,1.20
2013.10.29 15:45:30.121,1.43944,1.43966,4.77,1.20
2013.10.29 15:45:30.679,1.43945,1.43966,3.95,1.20
2013.10.29 15:45:31.179,1.43946,1.43966,3.12,1.20
2013.10.29 15:45:31.699,1.43947,1.43966,3.79,1.13
2013.10.29 15:45:32.259,1.43948,1.43966,3.45,1.13
2013.10.29 15:45:32.499,1.43949,1.43971,3.27,1.58
2013.10.29 15:45:32.921,1.43951,1.43972,3.27,1.58
2013.10.29 15:45:33.052,1.43952,1.43976,3.27,1.95
2013.10.29 15:45:33.169,1.43954,1.43976,2.15,1.88
2013.10.29 15:45:33.350,1.43954,1.43978,2.82,1.95
2013.10.29 15:45:33.469,1.43956,1.43977,2.15,1.20
2013.10.29 15:45:33.589,1.43956,1.43978,1.58,1.39
2013.10.29 15:45:33.890,1.43956,1.43978,2.15,1.20
2013.10.29 15:45:34.192,1.43954,1.43975,1.47,1.28
2013.10.29 15:45:34.253,1.43953,1.43973,2.44,1.13
2013.10.29 15:45:34.490,1.43952,1.43972,1.32,2.25
2013.10.29 15:45:34.610,1.43952,1.43973,1.47,1.28
2013.10.29 15:45:34.790,1.43952,1.43972,1.39,1.95
2013.10.29 15:45:35.139,1.43952,1.43972,2.89,1.20
2013.10.29 15:45:35.381,1.43958,1.43978,3.27,1.95
2013.10.29 15:45:35.440,1.43958,1.4398,1.32,1.95
2013.10.29 15:45:35.621,1.43958,1.43979,1.32,1.65
2013.10.29 15:45:37.643,1.43958,1.43976,1.32,1.20
2013.10.29 15:45:38.449,1.43954,1.43975,1.77,1.47
2013.10.29 15:45:38.569,1.43954,1.43973,1.02,1.20
2013.10.29 15:45:39.184,1.43953,1.43973,1.92,1.28
2013.10.29 15:45:40.249,1.43953,1.43973,2.67,1.28
2013.10.29 15:45:40.789,1.43953,1.43973,1.32,1.28
2013.10.29 15:45:41.159,1.43953,1.43973,1.35,1.47
2013.10.29 15:45:41.339,1.43953,1.43972,1.73,1.20
2013.10.29 15:45:41.854,1.43953,1.43972,1.35,1.88
2013.10.29 15:45:43.171,1.43951,1.4397,1.13,1.09
2013.10.29 15:45:43.530,1.43948,1.43964,1.13,1.50
2013.10.29 15:45:44.669,1.43948,1.43967,1.88,1.88
2013.10.29 15:45:44.909,1.43948,1.43966,1.13,1.28
2013.10.29 15:45:48.241,1.43948,1.43967,1.13,1.50
2013.10.29 15:45:48.649,1.43948,1.43966,1.13,1.50
2013.10.29 15:45:49.280,1.43945,1.43964,2.63,2.14
2013.10.29 15:45:49.401,1.43945,1.43962,1.13,1.58
2013.10.29 15:45:49.702,1.43939,1.4396,1.77,1.50
2013.10.29 15:45:50.013,1.43939,1.43958,1.32,1.50
2013.10.29 15:45:50.619,1.43939,1.4396,1.69,1.50
2013.10.29 15:45:51.279,1.43939,1.43962,2.82,1.95
2013.10.29 15:45:51.338,1.43939,1.43962,2.90,1.28
2013.10.29 15:45:51.859,1.43939,1.43962,2.15,1.28
2013.10.29 15:45:51.922,1.43939,1.43963,1.39,1.95
2013.10.29 15:45:52.229,1.43944,1.43964,2.44,1.50
2013.10.29 15:45:52.409,1.43944,1.43963,1.02,1.20
2013.10.29 15:45:52.649,1.43941,1.43962,1.09,1.20
2013.10.29 15:45:52.709,1.43941,1.43961,1.09,1.50
2013.10.29 15:45:53.468,1.43941,1.43962,1.77,1.95
2013.10.29 15:45:54.441,1.43941,1.4396,1.58,1.02
2013.10.29 15:45:54.742,1.43939,1.43959,1.02,1.58
2013.10.29 15:45:55.099,1.43939,1.43961,1.09,1.28
2013.10.29 15:45:56.749,1.43939,1.43961,1.02,1.20
2013.10.29 15:45:57.079,1.43939,1.43959,1.32,1.50
2013.10.29 15:45:57.762,1.43938,1.43958,1.69,1.58
2013.10.29 15:45:58.479,1.43938,1.43956,1.69,1.50
2013.10.29 15:46:00.052,1.43937,1.43954,1.13,2.33
2013.10.29 15:46:00.121,1.43937,1.43953,1.13,1.58
2013.10.29 15:46:00.662,1.43937,1.43955,1.13,1.50
2013.10.29 15:46:01.270,1.43937,1.43955,1.13,1.50
2013.10.29 15:46:01.330,1.43937,1.43954,1.13,1.50
2013.10.29 15:46:01.570,1.43937,1.43956,1.13,1.88
2013.10.29 15:46:03.789,1.43937,1.43955,1.13,1.58
2013.10.29 15:46:05.033,1.43933,1.43955,1.39,1.95
2013.10.29 15:46:05.220,1.43932,1.43954,2.14,2.70
2013.10.29 15:46:06.502,1.43932,1.43952,1.32,1.20
2013.10.29 15:46:06.935,1.43932,1.4395,1.13,2.25
2013.10.29 15:46:07.690,1.43932,1.4395,1.13,2.25
2013.10.29 15:46:08.550,1.43932,1.4395,1.32,1.50
2013.10.29 15:46:08.982,1.43932,1.4395,1.32,1.50
2013.10.29 15:46:09.619,1.43932,1.43949,1.13,1.58
2013.10.29 15:46:10.099,1.43931,1.43949,1.13,1.58
2013.10.29 15:46:10.281,1.43931,1.43949,1.13,1.58
2013.10.29 15:46:10.832,1.43931,1.43949,1.13,1.58
2013.10.29 15:46:10.949,1.43931,1.43948,1.13,1.58
2013.10.29 15:46:11.440,1.43931,1.43948,1.13,1.58
2013.10.29 15:46:12.109,1.43933,1.43952,3.57,1.65
2013.10.29 15:46:12.289,1.43933,1.43954,4.47,1.58
2013.10.29 15:46:13.600,1.43933,1.43956,4.77,1.77
2013.10.29 15:46:13.943,1.43934,1.43957,4.10,1.50
2013.10.29 15:46:14.192,1.43938,1.43961,3.34,1.58
2013.10.29 15:46:14.709,1.43938,1.43961,2.59,3.27
2013.10.29 15:46:15.089,1.43938,1.43958,2.97,1.50
2013.10.29 15:46:15.629,1.43938,1.43958,2.89,1.58
2013.10.29 15:46:16.419,1.43938,1.43959,4.40,1.58
2013.10.29 15:46:17.035,1.43938,1.43958,4.58,1.02
2013.10.29 15:46:17.160,1.43938,1.43958,3.38,2.52
2013.10.29 15:46:17.279,1.43938,1.43958,3.57,2.33
2013.10.29 15:46:17.669,1.43938,1.43958,3.57,1.50
2013.10.29 15:46:17.739,1.43938,1.4396,4.99,2.33
2013.10.29 15:46:18.353,1.43938,1.43957,4.40,1.50
2013.10.29 15:46:18.909,1.43938,1.43958,4.40,1.58
2013.10.29 15:46:20.278,1.43938,1.43958,4.02,1.58
2013.10.29 15:46:20.461,1.43938,1.43959,4.40,1.65
2013.10.29 15:46:21.826,1.43939,1.4396,2.97,2.33
2013.10.29 15:46:22.389,1.43939,1.4396,2.97,2.33
2013.10.29 15:46:22.919,1.43939,1.4396,3.72,2.33
2013.10.29 15:46:23.671,1.43939,1.4396,4.47,2.33
2013.10.29 15:46:24.030,1.43943,1.43962,4.13,1.58
2013.10.29 15:46:24.149,1.43943,1.43963,2.33,2.33
2013.10.29 15:46:24.510,1.43943,1.43963,3.00,1.65
2013.10.29 15:46:24.818,1.43943,1.43963,3.27,1.58
2013.10.29 15:46:25.002,1.43944,1.43967,5.44,2.14
2013.10.29 15:46:25.180,1.43945,1.43967,4.47,1.28
2013.10.29 15:46:25.720,1.43948,1.43967,4.02,1.13
2013.10.29 15:46:26.271,1.43948,1.43966,3.27,1.13
2013.10.29 15:46:28.520,1.43948,1.4397,5.07,1.65
2013.10.29 15:46:28.819,1.4395,1.4397,4.92,1.50
2013.10.29 15:46:29.299,1.4395,1.43969,2.33,1.50
2013.10.29 15:46:29.659,1.4395,1.43967,1.58,1.50
2013.10.29 15:46:31.150,1.4395,1.4397,1.02,1.50
2013.10.29 15:46:31.509,1.43949,1.43964,1.20,1.50
2013.10.29 15:46:32.069,1.43949,1.43966,1.20,1.69
2013.10.29 15:46:33.320,1.43946,1.43966,2.70,1.69
2013.10.29 15:46:33.930,1.43945,1.43962,2.82,1.50
2013.10.29 15:46:34.050,1.43944,1.43962,1.20,2.52
2013.10.29 15:46:34.361,1.4394,1.4396,1.58,1.02
2013.10.29 15:46:35.148,1.4394,1.4396,1.58,1.02
2013.10.29 15:46:36.889,1.43941,1.4396,1.13,1.02
2013.10.29 15:46:37.071,1.43945,1.43967,6.57,2.07
2013.10.29 15:46:37.190,1.43946,1.43966,3.75,1.32
2013.10.29 15:46:37.415,1.43946,1.43966,3.38,1.32
2013.10.29 15:46:38.299,1.43946,1.43967,3.01,1.32
2013.10.29 15:46:43.445,1.43946,1.4397,5.82,1.39
2013.10.29 15:46:43.811,1.43949,1.43969,3.00,1.69
2013.10.29 15:46:44.310,1.43949,1.43969,2.63,1.32
2013.10.29 15:46:44.433,1.43948,1.43965,2.25,1.32
2013.10.29 15:46:44.561,1.43948,1.43969,1.50,2.07
2013.10.29 15:46:48.951,1.43945,1.43967,2.25,2.22
2013.10.29 15:46:49.584,1.43944,1.43966,3.00,1.09
2013.10.29 15:46:50.221,1.43944,1.43966,3.19,1.65
2013.10.29 15:46:50.601,1.43945,1.43966,3.35,1.65
2013.10.29 15:46:51.250,1.43945,1.43967,2.59,1.65
2013.10.29 15:46:51.609,1.43945,1.43965,2.07,1.58
2013.10.29 15:46:51.789,1.43945,1.43967,3.64,2.33
2013.10.29 15:46:51.910,1.43945,1.43966,2.90,1.58
2013.10.29 15:46:52.229,1.43945,1.43967,2.89,1.58
2013.10.29 15:46:52.769,1.43945,1.43969,3.34,2.25
2013.10.29 15:46:53.429,1.43945,1.43967,2.60,1.09
2013.10.29 15:46:53.491,1.43945,1.43967,1.39,1.09
2013.10.29 15:46:53.670,1.43945,1.43967,2.15,1.69
2013.10.29 15:46:53.849,1.43946,1.43969,3.35,2.44
2013.10.29 15:46:54.309,1.43947,1.43967,2.63,1.02
2013.10.29 15:46:54.669,1.43946,1.43961,1.32,2.25
2013.10.29 15:46:55.029,1.43946,1.43961,1.32,2.25
2013.10.29 15:46:55.569,1.43946,1.43961,1.32,2.25
2013.10.29 15:46:57.991,1.43946,1.43961,1.32,1.50
2013.10.29 15:46:58.349,1.43945,1.43963,1.32,1.50
2013.10.29 15:46:59.530,1.43944,1.43959,1.32,1.13
2013.10.29 15:46:59.773,1.43942,1.43959,1.32,1.20
2013.10.29 15:46:59.841,1.43942,1.43959,1.32,1.95
2013.10.29 15:47:00.202,1.43942,1.43959,1.32,1.13
2013.10.29 15:47:00.719,1.43942,1.43959,1.32,1.13
2013.10.29 15:47:01.150,1.43942,1.43959,1.39,1.13
2013.10.29 15:47:01.669,1.43942,1.43959,1.39,1.13
2013.10.29 15:47:02.059,1.43942,1.4396,1.39,1.20
2013.10.29 15:47:02.570,1.43942,1.4396,1.32,1.20
2013.10.29 15:47:03.120,1.43942,1.4396,1.32,1.20
2013.10.29 15:47:03.629,1.43942,1.4396,1.02,1.20
2013.10.29 15:47:04.150,1.43942,1.4396,1.02,1.20
2013.10.29 15:47:04.209,1.43942,1.4396,1.02,1.20
2013.10.29 15:47:04.269,1.43942,1.4396,1.32,1.20
2013.10.29 15:47:04.777,1.43942,1.4396,1.39,1.20
2013.10.29 15:47:04.841,1.43942,1.4396,1.39,1.20
2013.10.29 15:47:05.229,1.43942,1.4396,1.39,1.20
2013.10.29 15:47:07.381,1.4394,1.4396,2.14,1.20
2013.10.29 15:47:08.841,1.4394,1.4396,1.39,1.95
2013.10.29 15:47:08.962,1.4394,1.43961,2.52,1.95
2013.10.29 15:47:09.522,1.4394,1.43962,1.32,1.58
2013.10.29 15:47:10.132,1.4394,1.43963,1.32,2.63
2013.10.29 15:47:12.685,1.4394,1.43963,1.32,2.63
2013.10.29 15:47:13.269,1.4394,1.43962,1.32,2.78
2013.10.29 15:47:15.680,1.4394,1.43961,1.32,1.65
2013.10.29 15:47:15.800,1.4394,1.43962,1.32,1.28
2013.10.29 15:47:16.693,1.4394,1.43963,1.32,2.63
2013.10.29 15:47:17.349,1.4394,1.43963,1.32,2.63
2013.10.29 15:47:17.879,1.43941,1.43963,2.52,1.20
2013.10.29 15:47:18.407,1.43941,1.43964,2.52,3.83
2013.10.29 15:47:19.222,1.43942,1.43963,3.09,1.20
2013.10.29 15:47:19.401,1.43942,1.43964,3.20,1.13
2013.10.29 15:47:19.520,1.43945,1.43963,2.15,1.13
2013.10.29 15:47:19.699,1.43945,1.43963,2.15,1.13
2013.10.29 15:47:19.759,1.43945,1.43963,1.39,1.13
2013.10.29 15:47:21.010,1.43945,1.43963,1.32,1.13
2013.10.29 15:47:21.070,1.43945,1.43963,1.39,1.13
2013.10.29 15:47:21.611,1.43945,1.43963,1.02,1.13
2013.10.29 15:47:22.176,1.43945,1.43963,1.02,1.13
2013.10.29 15:47:23.749,1.43945,1.43963,1.02,1.13
2013.10.29 15:47:24.110,1.43944,1.43963,1.39,1.65
2013.10.29 15:47:25.369,1.43944,1.43962,1.32,1.20
2013.10.29 15:47:25.609,1.43944,1.43962,1.39,1.20
2013.10.29 15:47:25.669,1.43944,1.43962,1.39,1.20
2013.10.29 15:47:28.730,1.43944,1.43966,1.32,1.95
2013.10.29 15:47:29.900,1.43944,1.43966,1.32,1.95
2013.10.29 15:47:30.459,1.43944,1.43966,1.32,1.28
2013.10.29 15:47:31.110,1.43944,1.43964,1.32,1.58
2013.10.29 15:47:34.081,1.43944,1.43964,1.32,1.58
2013.10.29 15:47:34.501,1.43944,1.43965,1.32,1.58
2013.10.29 15:47:36.060,1.43944,1.43964,1.32,1.58
2013.10.29 15:47:36.479,1.43944,1.43965,1.32,1.58
2013.10.29 15:47:36.841,1.43944,1.43964,1.32,2.25
2013.10.29 15:47:37.232,1.43944,1.43964,1.69,3.38
2013.10.29 15:47:37.791,1.43944,1.43965,1.77,1.95
2013.10.29 15:47:38.199,1.43944,1.43965,1.32,1.95
2013.10.29 15:47:38.989,1.43944,1.43966,1.32,1.95
2013.10.29 15:47:39.291,1.43946,1.43967,3.01,1.20
2013.10.29 15:47:39.416,1.43946,1.43966,1.32,1.20
2013.10.29 15:47:39.480,1.43946,1.43968,1.32,1.95
2013.10.29 15:47:40.020,1.43946,1.43968,1.32,1.95
2013.10.29 15:47:40.201,1.43945,1.43967,1.47,2.25
2013.10.29 15:47:40.439,1.43945,1.43967,1.47,2.25
2013.10.29 15:47:40.989,1.43945,1.43967,1.09,2.25
2013.10.29 15:47:41.469,1.43945,1.43967,2.44,2.25
2013.10.29 15:47:42.010,1.43946,1.43967,2.82,1.50
2013.10.29 15:47:43.030,1.43946,1.43968,2.82,2.22
2013.10.29 15:47:43.541,1.43946,1.43968,2.82,2.22
2013.10.29 15:47:43.661,1.43946,1.43968,2.82,2.22
2013.10.29 15:47:43.723,1.43946,1.43966,2.07,1.50
2013.10.29 15:47:43.844,1.43946,1.43966,1.13,1.58
2013.10.29 15:47:44.360,1.43946,1.43968,4.69,2.33
2013.10.29 15:47:45.219,1.43947,1.43968,2.75,2.33
2013.10.29 15:47:45.400,1.43947,1.43968,3.12,1.58
2013.10.29 15:47:45.881,1.43948,1.43969,1.32,1.50
2013.10.29 15:47:46.180,1.43948,1.43972,3.20,1.50
2013.10.29 15:47:46.893,1.4395,1.43972,1.32,1.88
2013.10.29 15:47:47.215,1.4395,1.43973,2.52,1.20
2013.10.29 15:47:48.436,1.43955,1.43977,5.44,1.20
2013.10.29 15:47:48.511,1.43957,1.43979,2.70,1.09
2013.10.29 15:47:48.701,1.43957,1.43979,2.71,2.22
2013.10.29 15:47:49.120,1.43957,1.4398,1.20,1.77
2013.10.29 15:47:49.682,1.43957,1.4398,1.13,1.02
2013.10.29 15:47:50.199,1.43957,1.4398,3.83,2.14
2013.10.29 15:47:50.684,1.43957,1.43978,3.83,1.02
2013.10.29 15:47:51.639,1.43957,1.43977,2.71,1.39
2013.10.29 15:47:51.940,1.43953,1.43971,1.28,2.07
2013.10.29 15:47:52.000,1.4395,1.43971,1.95,2.89
2013.10.29 15:47:52.180,1.4395,1.43971,1.95,1.77
2013.10.29 15:47:52.539,1.43951,1.43971,2.63,1.02
2013.10.29 15:47:53.192,1.43952,1.43974,3.38,1.32
2013.10.29 15:47:54.719,1.43952,1.43974,4.21,1.39
2013.10.29 15:48:00.551,1.43953,1.43975,3.57,1.13
2013.10.29 15:48:00.610,1.43954,1.43977,4.58,1.47
2013.10.29 15:48:00.969,1.43954,1.43979,4.13,2.59
2013.10.29 15:48:02.206,1.43955,1.43976,2.71,1.39
2013.10.29 15:48:02.940,1.43955,1.43976,2.71,1.39
2013.10.29 15:48:04.150,1.43955,1.43976,2.71,1.39
2013.10.29 15:48:04.690,1.43954,1.43973,1.50,1.13
2013.10.29 15:48:06.029,1.43954,1.43976,1.02,2.70
2013.10.29 15:48:06.570,1.43954,1.43975,1.58,1.13
2013.10.29 15:48:06.849,1.43954,1.43976,3.20,1.20
2013.10.29 15:48:06.909,1.43954,1.43977,3.57,1.47
2013.10.29 15:48:06.970,1.43954,1.43975,3.38,1.32
2013.10.29 15:48:07.090,1.43954,1.43974,1.28,1.09
2013.10.29 15:48:07.391,1.43955,1.43976,2.63,1.02
2013.10.29 15:48:07.749,1.4395,1.43974,2.82,2.82
2013.10.29 15:48:08.171,1.4395,1.43973,3.64,1.77
2013.10.29 15:48:08.710,1.4395,1.43971,3.27,1.02
2013.10.29 15:48:09.489,1.4395,1.43968,1.95,1.32
2013.10.29 15:48:09.683,1.4395,1.43971,2.90,1.77
2013.10.29 15:48:09.870,1.43951,1.43973,2.33,1.02
2013.10.29 15:48:11.371,1.43952,1.43973,2.71,1.02
2013.10.29 15:48:11.550,1.43952,1.43972,1.95,1.77
2013.10.29 15:48:12.442,1.43952,1.43973,2.03,1.02
2013.10.29 15:48:12.741,1.43953,1.43975,3.38,1.09
2013.10.29 15:48:13.099,1.43956,1.43977,2.52,1.88
2013.10.29 15:48:13.629,1.43956,1.43977,3.27,1.88
2013.10.29 15:48:14.182,1.43956,1.43976,2.52,1.50
2013.10.29 15:48:14.487,1.43956,1.43973,1.50,1.13
2013.10.29 15:48:14.550,1.43951,1.43973,1.84,2.63
2013.10.29 15:48:15.069,1.43951,1.43973,2.60,3.00
2013.10.29 15:48:17.269,1.43951,1.43973,1.84,2.25
2013.10.29 15:48:17.790,1.43951,1.43973,1.84,2.25
2013.10.29 15:48:18.282,1.43951,1.43972,2.59,1.09
2013.10.29 15:48:18.620,1.43951,1.43972,3.27,1.02
2013.10.29 15:48:19.060,1.43953,1.43974,3.27,1.58
2013.10.29 15:48:19.710,1.43952,1.43972,1.20,1.58
2013.10.29 15:48:19.950,1.4395,1.43973,2.22,2.44
2013.10.29 15:48:20.759,1.43951,1.43973,2.63,1.77
2013.10.29 15:48:21.195,1.43951,1.43971,3.38,2.14
2013.10.29 15:48:21.499,1.43951,1.43972,1.39,1.77
2013.10.29 15:48:22.039,1.43951,1.43972,2.60,2.25
2013.10.29 15:48:22.099,1.43951,1.43974,3.35,2.25
2013.10.29 15:48:22.589,1.43951,1.43974,2.97,2.25
2013.10.29 15:48:23.259,1.43952,1.43972,2.41,1.84
2013.10.29 15:48:23.500,1.43952,1.43971,1.13,1.47
2013.10.29 15:48:25.019,1.43952,1.43969,1.13,1.02
2013.10.29 15:48:25.560,1.43952,1.43971,1.13,2.89
2013.10.29 15:48:26.110,1.43952,1.43971,1.13,2.14
2013.10.29 15:48:26.759,1.43952,1.4397,1.13,1.47
2013.10.29 15:48:27.549,1.43952,1.43969,1.13,1.02
2013.10.29 15:48:28.091,1.43952,1.43967,1.13,1.39
2013.10.29 15:48:28.170,1.43952,1.43969,1.13,1.39
2013.10.29 15:48:28.234,1.43952,1.43972,1.13,3.57
2013.10.29 15:48:28.781,1.43952,1.43972,1.13,1.69
2013.10.29 15:48:29.299,1.43952,1.43972,1.13,1.69
2013.10.29 15:48:29.849,1.43952,1.43974,1.47,4.13
2013.10.29 15:48:30.519,1.43952,1.43974,1.47,3.38
2013.10.29 15:48:31.419,1.43952,1.43969,1.47,1.13
2013.10.29 15:48:31.541,1.43952,1.43967,1.20,1.02
2013.10.29 15:48:31.780,1.43947,1.43966,2.25,1.77
2013.10.29 15:48:31.841,1.43947,1.43968,2.82,2.33
2013.10.29 15:48:32.501,1.43948,1.43972,4.32,1.84
2013.10.29 15:48:33.841,1.43949,1.43971,3.75,1.32
2013.10.29 15:48:35.520,1.43949,1.43971,2.25,1.32
2013.10.29 15:48:36.139,1.43951,1.43973,3.19,1.28
2013.10.29 15:48:36.679,1.43951,1.43973,4.13,1.32
2013.10.29 15:48:37.211,1.43951,1.43973,2.25,1.32
2013.10.29 15:48:38.010,1.43951,1.43973,2.25,1.32
2013.10.29 15:48:39.608,1.43955,1.43976,2.63,3.19
2013.10.29 15:48:39.675,1.43955,1.43976,3.57,2.82
2013.10.29 15:48:39.922,1.43956,1.43974,2.78,1.20
2013.10.29 15:48:40.583,1.43956,1.43975,1.13,1.39
2013.10.29 15:48:42.680,1.43956,1.43975,1.20,1.39
2013.10.29 15:48:43.588,1.43956,1.43975,1.20,1.39
2013.10.29 15:48:44.870,1.43956,1.43977,1.20,1.02
2013.10.29 15:48:45.111,1.43959,1.43981,3.08,1.77
2013.10.29 15:48:45.231,1.43964,1.43984,3.75,2.07
2013.10.29 15:48:45.350,1.43964,1.43984,1.65,1.69
2013.10.29 15:48:45.591,1.43963,1.43984,2.22,1.09
2013.10.29 15:48:45.829,1.43963,1.43983,2.03,1.47
2013.10.29 15:48:45.891,1.43963,1.43983,2.03,2.97
2013.10.29 15:48:46.840,1.43961,1.43983,1.20,2.52
2013.10.29 15:48:46.899,1.43961,1.43983,1.13,1.77
2013.10.29 15:48:46.959,1.43961,1.43983,2.70,1.02
2013.10.29 15:48:47.141,1.43961,1.43983,2.70,2.14
2013.10.29 15:48:48.049,1.43961,1.43983,1.95,2.89
2013.10.29 15:48:48.779,1.43961,1.43983,2.90,1.58
2013.10.29 15:48:49.020,1.43962,1.43984,3.57,1.65
2013.10.29 15:48:50.552,1.43962,1.43984,2.70,1.09
2013.10.29 15:48:52.409,1.43962,1.43984,4.32,1.02
2013.10.29 15:48:53.349,1.43962,1.43984,4.32,1.02
2013.10.29 15:48:54.051,1.43964,1.43986,2.97,2.25
2013.10.29 15:48:54.410,1.43964,1.43978,1.13,1.32
2013.10.29 15:48:54.470,1.43962,1.43979,1.50,1.69
2013.10.29 15:48:56.364,1.4396,1.43981,1.65,1.39
2013.10.29 15:48:56.971,1.4396,1.43981,1.65,1.39
2013.10.29 15:48:57.379,1.43959,1.43983,3.08,2.14
2013.10.29 15:48:57.910,1.43959,1.4398,1.13,1.47
2013.10.29 15:48:58.530,1.43959,1.43981,1.65,2.14
2013.10.29 15:49:00.271,1.43959,1.43978,1.13,1.39
2013.10.29 15:49:00.452,1.43959,1.43979,1.20,1.02
2013.10.29 15:49:01.022,1.43959,1.43979,1.20,1.02
2013.10.29 15:49:01.699,1.43959,1.43979,1.20,1.02
2013.10.29 15:49:02.499,1.43959,1.4398,1.20,1.39
2013.10.29 15:49:02.700,1.43959,1.4398,1.20,1.39
2013.10.29 15:49:03.410,1.43959,1.4398,1.20,1.39
2013.10.29 15:49:04.394,1.43959,1.43979,1.58,1.02
2013.10.29 15:49:04.795,1.43959,1.43979,1.20,1.02
2013.10.29 15:49:05.040,1.43959,1.43982,1.95,1.32
2013.10.29 15:49:05.341,1.4396,1.4398,3.38,1.32
2013.10.29 15:49:05.520,1.4396,1.4398,2.63,1.32
2013.10.29 15:49:06.071,1.43959,1.4398,1.58,1.39
2013.10.29 15:49:07.967,1.43959,1.43978,1.58,1.32
2013.10.29 15:49:08.500,1.43958,1.43977,1.58,1.02
2013.10.29 15:49:08.950,1.43958,1.43978,1.28,1.09
2013.10.29 15:49:10.280,1.43958,1.4398,2.63,1.32
2013.10.29 15:49:13.050,1.43959,1.43978,2.63,1.39
2013.10.29 15:49:13.351,1.43959,1.43978,1.58,1.02
2013.10.29 15:49:13.890,1.4396,1.43981,2.63,1.32
2013.10.29 15:49:14.780,1.4396,1.4398,2.25,1.32
2013.10.29 15:49:15.478,1.4396,1.43979,1.28,1.39
2013.10.29 15:49:15.780,1.4396,1.43981,2.70,1.39
2013.10.29 15:49:16.851,1.4396,1.43981,1.95,1.02
2013.10.29 15:49:17.090,1.43961,1.43983,3.38,1.09
2013.10.29 15:49:17.630,1.43961,1.43984,2.25,2.44
2013.10.29 15:49:18.299,1.43961,1.43984,2.63,2.44
2013.10.29 15:49:21.511,1.43961,1.43981,3.00,1.32
2013.10.29 15:49:21.631,1.43961,1.43984,3.00,2.52
2013.10.29 15:49:22.185,1.43961,1.43984,3.38,2.59
2013.10.29 15:49:22.884,1.43961,1.43984,2.63,2.59
2013.10.29 15:49:23.431,1.43961,1.43982,1.58,1.32
2013.10.29 15:49:23.489,1.43961,1.43981,1.58,1.32
2013.10.29 15:49:23.609,1.43961,1.43982,2.25,1.02
2013.10.29 15:49:24.181,1.43961,1.43984,3.38,1.77
2013.10.29 15:49:26.700,1.4396,1.4398,1.58,1.02
2013.10.29 15:49:26.821,1.43959,1.43977,1.65,1.50
2013.10.29 15:49:26.941,1.43957,1.43977,4.13,2.07
2013.10.29 15:49:27.301,1.43957,1.43971,1.50,2.07
2013.10.29 15:49:27.482,1.43955,1.43973,1.28,1.69
2013.10.29 15:49:27.781,1.43954,1.43971,1.20,1.32
2013.10.29 15:49:29.149,1.43952,1.43971,1.20,2.07
2013.10.29 15:49:30.323,1.43951,1.43968,2.25,1.32
2013.10.29 15:49:30.632,1.43949,1.43962,1.50,2.44
2013.10.29 15:49:30.704,1.43949,1.43962,1.50,1.13
2013.10.29 15:49:30.951,1.43942,1.43962,2.33,1.20
2013.10.29 15:49:31.074,1.43944,1.43967,3.76,2.44
2013.10.29 15:49:32.700,1.43944,1.43966,1.58,1.69
2013.10.29 15:49:33.092,1.43944,1.4396,1.58,1.32
2013.10.29 15:49:33.168,1.43941,1.43963,1.58,2.89
2013.10.29 15:49:33.421,1.43941,1.43964,2.25,2.44
2013.10.29 15:49:33.780,1.43941,1.43962,2.52,1.77
2013.10.29 15:49:34.021,1.43941,1.43961,3.20,1.88
2013.10.29 15:49:34.320,1.43941,1.43961,3.75,1.32
2013.10.29 15:49:34.860,1.43942,1.43962,3.00,3.19
2013.10.29 15:49:35.973,1.43942,1.43962,1.50,1.69
2013.10.29 15:49:36.331,1.4394,1.43956,2.33,1.32
2013.10.29 15:49:36.630,1.43939,1.43951,1.58,2.44
2013.10.29 15:49:36.691,1.43939,1.43951,1.50,1.69
2013.10.29 15:49:36.752,1.43934,1.43952,2.25,1.69
2013.10.29 15:49:36.820,1.43934,1.43952,1.58,1.69
2013.10.29 15:49:36.880,1.43934,1.43952,1.58,1.69
2013.10.29 15:49:37.001,1.43934,1.4395,1.58,1.32
2013.10.29 15:49:37.122,1.43931,1.4395,2.25,1.32
2013.10.29 15:49:37.192,1.43931,1.43952,1.58,2.44
2013.10.29 15:49:37.683,1.43931,1.43948,1.58,1.32
2013.10.29 15:49:38.001,1.43926,1.43941,1.50,1.32
2013.10.29 15:49:38.123,1.43922,1.43941,1.58,2.07
2013.10.29 15:49:38.193,1.43922,1.43939,1.58,1.32
2013.10.29 15:49:38.501,1.43922,1.43938,1.95,1.32
2013.10.29 15:49:38.561,1.43922,1.4394,1.95,2.07
2013.10.29 15:49:38.839,1.43922,1.4394,1.58,1.32
2013.10.29 15:49:39.090,1.43922,1.43943,1.58,2.44
2013.10.29 15:49:39.210,1.43922,1.43944,2.15,1.58
2013.10.29 15:49:39.330,1.43922,1.43944,2.15,1.50
2013.10.29 15:49:39.450,1.43922,1.43947,2.82,1.84
2013.10.29 15:49:39.570,1.43922,1.43947,2.82,2.22
2013.10.29 15:49:39.629,1.43924,1.43947,2.90,1.28
2013.10.29 15:49:39.930,1.43924,1.43949,3.27,1.88
2013.10.29 15:49:40.050,1.43926,1.4395,3.57,3.00
2013.10.29 15:49:40.110,1.43926,1.43949,3.00,1.09
2013.10.29 15:49:40.171,1.43926,1.4395,3.57,2.44
2013.10.29 15:49:40.241,1.43926,1.4395,3.57,2.07
2013.10.29 15:49:40.300,1.43926,1.4395,3.57,2.07
2013.10.29 15:49:40.719,1.43927,1.43951,3.19,1.39
2013.10.29 15:49:40.840,1.43929,1.43949,3.01,1.69
2013.10.29 15:49:41.139,1.43928,1.43949,1.58,1.47
2013.10.29 15:49:41.580,1.43926,1.43947,1.58,1.02
2013.10.29 15:49:42.274,1.43926,1.4395,1.65,2.44
2013.10.29 15:49:42.602,1.43926,1.43949,1.65,1.47
2013.10.29 15:49:42.962,1.43926,1.43949,1.32,2.25
2013.10.29 15:49:43.553,1.43928,1.43949,2.82,1.50
2013.10.29 15:49:43.684,1.43929,1.43949,4.02,1.13
2013.10.29 15:49:43.755,1.4393,1.43949,3.75,1.13
2013.10.29 15:49:43.821,1.4393,1.43949,1.50,1.69
2013.10.29 15:49:43.941,1.43927,1.43948,3.75,1.32
2013.10.29 15:49:44.002,1.43927,1.43946,1.13,1.02
2013.10.29 15:49:44.540,1.43926,1.43946,1.28,1.09
2013.10.29 15:49:44.987,1.43926,1.43946,1.28,1.09
2013.10.29 15:49:45.110,1.43926,1.43946,1.28,1.09
2013.10.29 15:49:45.229,1.43926,1.43948,1.50,1.39
2013.10.29 15:49:45.800,1.43927,1.43948,2.63,1.02
2013.10.29 15:49:45.861,1.43927,1.4395,3.45,1.39
2013.10.29 15:49:46.159,1.4393,1.43951,2.71,1.39
2013.10.29 15:49:46.459,1.4393,1.43951,3.75,2.07
2013.10.29 15:49:46.911,1.4393,1.43951,3.38,1.32
2013.10.29 15:49:47.451,1.43931,1.43951,3.83,1.32
2013.10.29 15:49:47.751,1.43931,1.43951,2.33,1.32
2013.10.29 15:49:48.293,1.43931,1.43951,2.33,1.69
2013.10.29 15:49:48.665,1.4393,1.43938,1.28,1.69
2013.10.29 15:49:48.850,1.43925,1.43936,2.25,1.69
2013.10.29 15:49:48.910,1.43925,1.43936,1.13,1.69
2013.10.29 15:49:49.089,1.43925,1.4394,1.13,1.32
2013.10.29 15:49:49.272,1.43925,1.4394,1.13,1.13
2013.10.29 15:49:49.633,1.43927,1.43948,3.08,2.52
2013.10.29 15:49:50.461,1.4393,1.4395,2.82,1.58
2013.10.29 15:49:50.642,1.43933,1.4395,2.82,1.58
2013.10.29 15:49:50.711,1.43935,1.43954,2.41,1.13
2013.10.29 15:49:51.010,1.43933,1.43953,1.95,1.32
2013.10.29 15:49:51.549,1.43933,1.43953,1.88,1.32
2013.10.29 15:49:52.104,1.43934,1.43953,2.63,1.32
2013.10.29 15:49:52.711,1.43934,1.43953,1.50,1.32
2013.10.29 15:49:53.410,1.43936,1.4396,3.20,3.64
2013.10.29 15:49:54.993,1.43935,1.43958,2.25,3.57
2013.10.29 15:49:55.411,1.43935,1.43961,4.32,1.47
2013.10.29 15:49:55.841,1.43938,1.43962,3.76,3.00
2013.10.29 15:49:55.960,1.4394,1.43962,1.32,1.50
2013.10.29 15:49:56.590,1.43939,1.4396,1.65,1.09
2013.10.29 15:49:56.710,1.43939,1.4396,1.65,2.22
2013.10.29 15:49:56.830,1.43938,1.43956,1.95,1.50
2013.10.29 15:49:57.132,1.43937,1.43954,1.50,1.02
2013.10.29 15:49:57.670,1.43936,1.43954,1.20,1.02
2013.10.29 15:49:57.911,1.43934,1.43951,1.58,1.13
2013.10.29 15:49:58.270,1.4393,1.4395,1.77,1.20
2013.10.29 15:49:58.819,1.4393,1.4395,1.02,1.95
2013.10.29 15:50:00.429,1.43928,1.43948,2.33,1.02
2013.10.29 15:50:00.552,1.43927,1.43944,2.25,1.69
2013.10.29 15:50:00.671,1.43925,1.43945,1.20,1.02
2013.10.29 15:50:00.730,1.43925,1.4394,1.20,1.13
2013.10.29 15:50:00.970,1.4392,1.4394,1.58,1.39
2013.10.29 15:50:02.787,1.43919,1.43939,1.20,1.02
2013.10.29 15:50:03.342,1.43919,1.4394,1.58,1.77
2013.10.29 15:50:03.461,1.43919,1.43942,4.70,1.02
2013.10.29 15:50:04.072,1.43921,1.43943,3.38,1.47
2013.10.29 15:50:05.300,1.43921,1.43942,3.57,1.32
2013.10.29 15:50:05.802,1.43921,1.43943,2.25,2.44
2013.10.29 15:50:05.870,1.43921,1.43941,2.33,2.07
2013.10.29 15:50:05.930,1.43921,1.43941,1.58,2.44
2013.10.29 15:50:05.990,1.4392,1.4394,1.50,1.39
2013.10.29 15:50:06.500,1.43918,1.43938,1.58,1.02
2013.10.29 15:50:07.072,1.43918,1.4394,1.58,2.14
2013.10.29 15:50:07.370,1.43918,1.43941,2.63,1.77
2013.10.29 15:50:08.559,1.43918,1.43942,3.95,1.77
2013.10.29 15:50:08.739,1.4392,1.43943,2.89,2.07
2013.10.29 15:50:08.979,1.43921,1.43944,3.94,1.84
2013.10.29 15:50:09.909,1.43921,1.43945,2.25,1.69
2013.10.29 15:50:10.512,1.43922,1.43945,3.19,1.69
2013.10.29 15:50:11.059,1.43925,1.43949,3.57,1.47
2013.10.29 15:50:11.900,1.43931,1.43951,3.38,2.63
2013.10.29 15:50:12.141,1.43935,1.43955,3.35,1.13
2013.10.29 15:50:12.202,1.43935,1.43955,1.28,2.63
2013.10.29 15:50:12.261,1.43935,1.43955,1.28,3.00
2013.10.29 15:50:12.790,1.43935,1.43953,1.13,2.25
2013.10.29 15:50:14.231,1.43935,1.43956,1.13,2.70
2013.10.29 15:50:14.791,1.43935,1.43956,1.39,1.20
2013.10.29 15:50:15.631,1.43934,1.43954,1.77,2.33
2013.10.29 15:50:16.281,1.43934,1.43954,1.02,2.33
2013.10.29 15:50:16.790,1.43933,1.43952,1.09,1.58
2013.10.29 15:50:17.332,1.43933,1.43951,1.69,1.58
2013.10.29 15:50:17.692,1.43933,1.43951,1.32,1.58
2013.10.29 15:50:17.751,1.43933,1.43956,1.32,1.95
2013.10.29 15:50:17.873,1.43933,1.43956,1.13,1.95
2013.10.29 15:50:18.411,1.43933,1.43953,1.32,1.13
2013.10.29 15:50:18.989,1.43933,1.43956,1.32,3.08
2013.10.29 15:50:19.109,1.43933,1.43955,1.77,1.84
2013.10.29 15:50:19.589,1.43933,1.43955,1.02,1.47
2013.10.29 15:50:20.149,1.43933,1.43953,1.09,1.28
2013.10.29 15:50:21.559,1.43933,1.43956,1.13,1.05
2013.10.29 15:50:21.618,1.43933,1.43956,2.52,1.13
2013.10.29 15:50:21.679,1.43933,1.43955,2.52,1.05
2013.10.29 15:50:22.339,1.43933,1.43957,2.52,1.95
2013.10.29 15:50:22.799,1.43933,1.43953,2.52,1.13
2013.10.29 15:50:23.040,1.43933,1.43952,2.52,1.13
2013.10.29 15:50:23.579,1.43933,1.43952,1.13,1.95
2013.10.29 15:50:23.819,1.43933,1.43952,1.13,1.13
2013.10.29 15:50:24.339,1.43933,1.43953,1.13,1.20
2013.10.29 15:50:24.980,1.43933,1.43953,1.13,1.20
2013.10.29 15:50:25.690,1.43933,1.43954,2.82,1.13
2013.10.29 15:50:26.560,1.43933,1.43954,2.82,1.13
2013.10.29 15:50:27.120,1.43933,1.43954,2.44,1.13
2013.10.29 15:50:28.170,1.43933,1.43953,2.82,1.13
2013.10.29 15:50:28.340,1.43933,1.43952,2.82,1.13
2013.10.29 15:50:28.973,1.43933,1.43952,1.02,1.13
2013.10.29 15:50:29.299,1.43933,1.43953,1.02,1.20
2013.10.29 15:50:29.719,1.43933,1.43955,1.39,1.20
2013.10.29 15:50:30.800,1.43933,1.43956,2.07,1.88
2013.10.29 15:50:31.162,1.43933,1.43957,2.82,2.07
2013.10.29 15:50:31.689,1.43933,1.43957,2.82,2.07
2013.10.29 15:50:32.679,1.43933,1.43957,2.82,2.82
2013.10.29 15:50:33.438,1.43933,1.43957,2.82,2.82
2013.10.29 15:50:33.999,1.43933,1.43957,2.82,2.07
2013.10.29 15:50:34.959,1.43933,1.43957,2.82,2.44
2013.10.29 15:50:35.880,1.43933,1.43951,2.07,1.50
2013.10.29 15:50:36.390,1.43933,1.43951,1.32,1.50
2013.10.29 15:50:36.773,1.43933,1.43951,1.32,1.50
2013.10.29 15:50:37.321,1.43933,1.43951,1.32,1.50
2013.10.29 15:50:37.959,1.43929,1.43951,1.13,1.69
2013.10.29 15:50:38.859,1.43929,1.43953,2.71,1.02
2013.10.29 15:50:39.299,1.43929,1.43951,1.13,1.69
2013.10.29 15:50:39.731,1.43929,1.4395,1.13,1.50
2013.10.29 15:50:40.039,1.43929,1.4395,1.32,1.50
2013.10.29 15:50:40.992,1.43929,1.43948,1.32,1.50
2013.10.29 15:50:41.062,1.43929,1.43948,1.32,1.50
2013.10.29 15:50:41.371,1.43929,1.43948,1.32,1.50
2013.10.29 15:50:41.901,1.43929,1.43948,1.32,1.50
2013.10.29 15:50:42.260,1.43925,1.43945,1.69,3.00
2013.10.29 15:50:42.500,1.43925,1.43945,1.32,1.50
2013.10.29 15:50:43.039,1.43925,1.43943,1.13,1.50
2013.10.29 15:50:43.359,1.43925,1.43943,1.13,1.50
2013.10.29 15:50:43.479,1.43925,1.43945,1.32,1.50
2013.10.29 15:50:43.899,1.43925,1.43943,1.13,1.50
2013.10.29 15:50:43.960,1.43925,1.43943,1.13,1.50
2013.10.29 15:50:44.760,1.43925,1.43943,1.32,1.50
2013.10.29 15:50:44.999,1.43925,1.43943,1.32,1.50
2013.10.29 15:50:45.359,1.43925,1.43943,2.45,1.50
2013.10.29 15:50:45.480,1.43925,1.43947,3.20,1.88
2013.10.29 15:50:45.721,1.43925,1.43947,4.32,1.50
2013.10.29 15:50:46.259,1.43925,1.43949,3.27,1.50
2013.10.29 15:50:46.439,1.43926,1.43949,2.52,1.50
2013.10.29 15:50:47.019,1.43926,1.43949,2.52,1.50
2013.10.29 15:50:47.574,1.43926,1.43949,1.32,1.50
2013.10.29 15:50:48.089,1.43926,1.43949,1.32,1.50
2013.10.29 15:50:49.350,1.43926,1.43947,1.32,1.50
2013.10.29 15:50:51.329,1.43926,1.43947,1.32,1.50
2013.10.29 15:50:53.790,1.43926,1.43947,1.32,1.50
2013.10.29 15:50:55.121,1.43926,1.43947,1.32,1.50
2013.10.29 15:50:55.490,1.43926,1.4395,1.32,1.50
2013.10.29 15:50:58.639,1.43926,1.43949,1.28,3.08
2013.10.29 15:50:58.699,1.43926,1.43946,1.20,1.50
2013.10.29 15:50:59.059,1.43924,1.43937,1.13,1.50
2013.10.29 15:50:59.119,1.43921,1.43937,1.32,1.50
2013.10.29 15:50:59.479,1.43918,1.43935,1.32,1.95
2013.10.29 15:50:59.540,1.43918,1.43933,1.13,1.50
2013.10.29 15:51:00.079,1.43912,1.43933,1.32,2.63
2013.10.29 15:51:00.640,1.43912,1.43932,1.02,1.13
2013.10.29 15:51:01.273,1.43912,1.43932,1.02,1.13
2013.10.29 15:51:01.341,1.43912,1.43934,1.02,1.09
2013.10.29 15:51:02.079,1.43912,1.43935,1.02,1.58
2013.10.29 15:51:03.359,1.43912,1.43935,1.02,2.33
2013.10.29 15:51:03.660,1.43912,1.43933,1.32,1.58
2013.10.29 15:51:03.960,1.43911,1.43931,1.02,1.20
2013.10.29 15:51:04.261,1.4391,1.43928,1.32,1.58
2013.10.29 15:51:04.322,1.4391,1.43928,1.32,2.25
2013.10.29 15:51:05.001,1.4391,1.43928,1.32,2.63
2013.10.29 15:51:05.326,1.43908,1.43927,1.13,1.50
2013.10.29 15:51:05.910,1.43908,1.43926,1.13,1.02
2013.10.29 15:51:06.470,1.43908,1.43927,1.13,1.50
2013.10.29 15:51:06.830,1.43908,1.43927,1.32,1.50
2013.10.29 15:51:07.010,1.43908,1.43929,1.32,1.58
2013.10.29 15:51:07.071,1.43908,1.4393,1.32,1.95
2013.10.29 15:51:07.852,1.43908,1.43931,1.32,3.38
2013.10.29 15:51:07.921,1.43908,1.43927,1.13,1.20
2013.10.29 15:51:08.100,1.43908,1.43925,1.13,1.20
2013.10.29 15:51:08.663,1.43908,1.43925,1.13,1.88
2013.10.29 15:51:09.552,1.43907,1.43922,1.13,1.50
2013.10.29 15:51:10.089,1.43907,1.43921,1.13,1.88
2013.10.29 15:51:10.332,1.43898,1.43919,1.09,1.69
2013.10.29 15:51:10.690,1.43897,1.43917,1.32,1.50
2013.10.29 15:51:11.229,1.43897,1.43916,1.32,1.50
2013.10.29 15:51:11.770,1.43897,1.43916,1.32,1.50
2013.10.29 15:51:12.073,1.43894,1.43912,1.69,2.40
2013.10.29 15:51:12.143,1.4389,1.43909,1.02,1.13
2013.10.29 15:51:12.389,1.4389,1.43911,1.50,1.02
2013.10.29 15:51:12.450,1.4389,1.4391,1.50,1.13
2013.10.29 15:51:12.510,1.4389,1.4391,1.50,1.13
2013.10.29 15:51:12.571,1.4389,1.43908,1.50,1.50
2013.10.29 15:51:12.760,1.4389,1.43908,1.50,1.88
2013.10.29 15:51:13.282,1.4389,1.43904,1.88,2.07
2013.10.29 15:51:13.821,1.4389,1.43902,1.50,1.50
2013.10.29 15:51:14.259,1.4389,1.43905,1.50,1.88
2013.10.29 15:51:14.342,1.4389,1.43906,1.50,1.69
2013.10.29 15:51:14.710,1.4389,1.43905,1.50,2.14
2013.10.29 15:51:14.832,1.4389,1.43904,1.50,3.75
2013.10.29 15:51:15.391,1.4389,1.43904,1.58,2.89
2013.10.29 15:51:15.930,1.4389,1.43906,1.13,1.50
2013.10.29 15:51:16.050,1.4389,1.43907,1.58,1.77
2013.10.29 15:51:16.110,1.4389,1.43904,1.58,2.25
2013.10.29 15:51:16.350,1.4389,1.43906,1.58,1.02
2013.10.29 15:51:17.210,1.4389,1.43907,1.13,1.50
2013.10.29 15:51:17.579,1.4389,1.43908,1.13,1.69
2013.10.29 15:51:18.152,1.4389,1.4391,1.88,1.50
2013.10.29 15:51:18.689,1.4389,1.43911,2.03,1.69
2013.10.29 15:51:18.949,1.4389,1.43911,1.50,1.69
2013.10.29 15:51:19.310,1.4389,1.43914,3.57,1.39
2013.10.29 15:51:20.130,1.4389,1.43914,3.57,1.39
2013.10.29 15:51:20.461,1.439,1.43916,2.82,1.88
2013.10.29 15:51:20.520,1.43902,1.43916,3.20,1.13
2013.10.29 15:51:20.640,1.43903,1.43918,2.22,1.13
2013.10.29 15:51:20.820,1.439,1.4392,1.09,2.03
2013.10.29 15:51:20.881,1.439,1.43917,1.09,1.50
2013.10.29 15:51:20.950,1.43896,1.43915,1.13,2.59
2013.10.29 15:51:21.070,1.43896,1.43915,1.20,3.94
2013.10.29 15:51:21.250,1.43893,1.43912,1.50,1.50
2013.10.29 15:51:21.809,1.43893,1.43912,1.13,1.50
2013.10.29 15:51:22.360,1.43893,1.4391,1.13,1.50
2013.10.29 15:51:22.599,1.43893,1.4391,2.45,1.50
2013.10.29 15:51:22.900,1.43895,1.43918,4.13,2.07
2013.10.29 15:51:23.079,1.43894,1.43916,3.75,1.09
2013.10.29 15:51:23.726,1.43894,1.43916,2.07,1.50
2013.10.29 15:51:24.271,1.43897,1.43919,2.14,3.45
2013.10.29 15:51:24.749,1.43897,1.43916,2.44,1.13
2013.10.29 15:51:24.932,1.43894,1.43914,1.77,1.13
2013.10.29 15:51:25.169,1.43894,1.43912,1.77,1.13
2013.10.29 15:51:25.710,1.43893,1.43915,1.02,2.70
2013.10.29 15:51:26.251,1.43891,1.43914,1.77,1.09
2013.10.29 15:51:26.672,1.43891,1.43909,1.20,1.32
2013.10.29 15:51:27.220,1.4389,1.4391,1.32,2.25
2013.10.29 15:51:27.341,1.4389,1.43912,3.75,2.14
2013.10.29 15:51:27.400,1.4389,1.43912,4.51,2.14
2013.10.29 15:51:27.460,1.4389,1.43912,6.75,2.07
2013.10.29 15:51:27.520,1.43891,1.43912,3.01,2.07
2013.10.29 15:51:28.029,1.43892,1.43912,2.33,2.07
2013.10.29 15:51:28.549,1.43892,1.43912,2.33,1.69
2013.10.29 15:51:29.059,1.43892,1.43913,2.33,1.02
2013.10.29 15:51:29.119,1.43892,1.43907,1.95,1.32
2013.10.29 15:51:29.420,1.43889,1.43902,1.20,1.69
2013.10.29 15:51:29.736,1.43888,1.43908,1.80,1.39
2013.10.29 15:51:29.922,1.43888,1.43906,1.13,1.02
2013.10.29 15:51:30.040,1.43888,1.43906,1.13,1.02
2013.10.29 15:51:32.035,1.43888,1.43906,3.08,1.32
2013.10.29 15:51:32.279,1.43889,1.43908,3.53,1.32
2013.10.29 15:51:32.920,1.43889,1.43908,1.80,1.32
2013.10.29 15:51:33.539,1.43889,1.43906,1.80,1.32
2013.10.29 15:51:34.011,1.43889,1.43905,1.65,1.32
2013.10.29 15:51:34.336,1.43889,1.43901,1.13,1.32
2013.10.29 15:51:35.011,1.43889,1.43901,1.58,1.32
2013.10.29 15:51:37.972,1.43889,1.43901,1.20,1.69
2013.10.29 15:51:38.330,1.43889,1.43907,1.65,1.32
2013.10.29 15:51:38.510,1.43889,1.43903,2.70,2.07
2013.10.29 15:51:38.750,1.43893,1.43912,3.64,1.13
2013.10.29 15:51:38.810,1.43895,1.43918,2.60,5.89
2013.10.29 15:51:38.870,1.43895,1.43917,2.59,1.65
2013.10.29 15:51:39.051,1.43895,1.43917,1.09,2.33
2013.10.29 15:51:39.230,1.43892,1.43914,2.25,1.09
2013.10.29 15:51:39.650,1.43892,1.43914,2.25,1.09
2013.10.29 15:51:40.140,1.43891,1.43908,1.58,1.13
2013.10.29 15:51:40.199,1.43891,1.43908,1.58,1.13
2013.10.29 15:51:40.260,1.43889,1.43906,1.20,2.07
2013.10.29 15:51:41.350,1.43889,1.43904,1.13,1.32
2013.10.29 15:51:41.769,1.43889,1.43904,1.50,1.65
2013.10.29 15:51:42.310,1.43889,1.43904,1.13,1.13
2013.10.29 15:51:42.431,1.43889,1.43904,1.13,1.32
2013.10.29 15:51:42.850,1.43889,1.43906,1.13,3.57
2013.10.29 15:51:43.089,1.43889,1.43904,1.13,1.32
2013.10.29 15:51:43.390,1.43889,1.43903,1.13,2.07
2013.10.29 15:51:44.451,1.43889,1.43904,1.13,2.14
2013.10.29 15:51:44.810,1.43889,1.43903,1.13,1.32
2013.10.29 15:51:46.361,1.43888,1.43903,1.35,1.02
2013.10.29 15:51:47.339,1.43888,1.43903,1.13,1.39
2013.10.29 15:51:48.129,1.43888,1.43903,1.35,1.39
2013.10.29 15:51:48.430,1.43888,1.43903,1.13,1.69
2013.10.29 15:51:49.985,1.43887,1.43903,1.35,1.77
2013.10.29 15:51:50.521,1.43887,1.43903,1.13,1.02
2013.10.29 15:51:51.209,1.43887,1.43904,1.13,1.39
2013.10.29 15:51:52.210,1.43887,1.43905,1.13,1.02
2013.10.29 15:51:52.332,1.43887,1.43904,1.13,1.39
2013.10.29 15:51:53.379,1.43887,1.43903,1.13,1.32
2013.10.29 15:51:53.680,1.43887,1.439,1.13,1.32
2013.10.29 15:51:54.101,1.43885,1.43898,1.28,1.32
2013.10.29 15:51:54.220,1.43885,1.43896,1.28,1.02
2013.10.29 15:51:54.760,1.43885,1.43896,1.28,1.58
2013.10.29 15:51:55.832,1.43885,1.43894,1.28,1.02
2013.10.29 15:51:56.249,1.43882,1.43897,1.35,1.77
2013.10.29 15:51:56.371,1.43879,1.43896,1.50,1.02
2013.10.29 15:51:56.550,1.43873,1.43895,1.50,1.02
2013.10.29 15:51:56.790,1.43871,1.43895,1.95,2.14
2013.10.29 15:51:57.271,1.43871,1.43893,1.95,1.02
2013.10.29 15:51:57.633,1.43858,1.43873,1.13,1.13
2013.10.29 15:51:57.701,1.43857,1.43873,1.13,1.13
2013.10.29 15:51:57.881,1.43857,1.43873,2.63,1.13
2013.10.29 15:51:57.940,1.43857,1.43875,2.63,1.32
2013.10.29 15:51:58.001,1.43857,1.43876,1.20,1.69
2013.10.29 15:51:58.063,1.43857,1.43876,1.95,1.69
2013.10.29 15:51:58.132,1.43857,1.43876,1.95,1.69
2013.10.29 15:51:58.322,1.43857,1.43876,1.13,4.39
2013.10.29 15:51:58.502,1.43853,1.43872,1.58,1.32
2013.10.29 15:51:59.019,1.4385,1.43871,2.25,1.39
2013.10.29 15:51:59.140,1.4385,1.4387,1.50,1.88
2013.10.29 15:51:59.501,1.43834,1.43849,1.65,1.50
2013.10.29 15:51:59.980,1.43833,1.43853,2.14,2.25
2013.10.29 15:52:00.040,1.43833,1.43853,1.77,1.50
2013.10.29 15:52:00.113,1.43833,1.43853,2.14,2.25
2013.10.29 15:52:00.361,1.43833,1.43856,1.69,1.20
2013.10.29 15:52:00.482,1.43833,1.43855,1.13,2.07
2013.10.29 15:52:00.541,1.43833,1.43855,1.32,1.13
2013.10.29 15:52:00.843,1.43847,1.43864,2.63,1.65
2013.10.29 15:52:00.912,1.43849,1.43869,2.45,1.58
2013.10.29 15:52:01.278,1.43851,1.43873,2.82,1.58
2013.10.29 15:52:01.461,1.43851,1.43874,3.72,1.05
2013.10.29 15:52:01.523,1.43852,1.43875,3.27,1.05
2013.10.29 15:52:01.595,1.43853,1.43878,1.50,1.69
2013.10.29 15:52:01.720,1.43855,1.43878,3.57,1.02
2013.10.29 15:52:01.900,1.43855,1.43879,3.95,1.32
2013.10.29 15:52:01.960,1.43855,1.43879,3.20,1.69
2013.10.29 15:52:02.382,1.43855,1.43872,1.13,1.13
2013.10.29 15:52:03.236,1.43855,1.43872,2.63,1.50
2013.10.29 15:52:03.562,1.43858,1.43881,2.70,1.32
2013.10.29 15:52:03.861,1.43859,1.43881,3.38,1.32
2013.10.29 15:52:04.040,1.43859,1.43882,3.38,1.54
2013.10.29 15:52:04.329,1.43859,1.4388,3.38,1.69
2013.10.29 15:52:04.689,1.43859,1.43878,1.88,1.32
2013.10.29 15:52:05.050,1.43855,1.43876,2.03,2.67
2013.10.29 15:52:05.289,1.43855,1.43875,1.58,1.88
2013.10.29 15:52:05.602,1.43853,1.43873,2.22,1.13
2013.10.29 15:52:06.171,1.43853,1.43874,2.97,1.13
2013.10.29 15:52:06.899,1.43852,1.43872,2.40,1.13
2013.10.29 15:52:07.439,1.43852,1.43872,3.57,1.73
2013.10.29 15:52:07.740,1.43852,1.43873,3.94,1.13
2013.10.29 15:52:07.859,1.43852,1.43873,3.19,1.13
2013.10.29 15:52:08.160,1.43852,1.43874,2.14,3.08
2013.10.29 15:52:08.340,1.43852,1.43874,2.82,2.33
2013.10.29 15:52:08.642,1.43852,1.43867,2.63,1.13
2013.10.29 15:52:08.712,1.43852,1.43868,1.13,1.88
2013.10.29 15:52:08.842,1.43848,1.43867,1.88,1.09
2013.10.29 15:52:09.032,1.43846,1.43868,1.39,1.43
2013.10.29 15:52:09.281,1.43846,1.43867,2.44,1.95
2013.10.29 15:52:09.519,1.43848,1.43869,3.75,1.13
2013.10.29 15:52:09.702,1.43853,1.43875,2.90,2.33
2013.10.29 15:52:10.253,1.43855,1.43876,2.52,2.25
2013.10.29 15:52:10.321,1.43855,1.43876,2.07,1.50
2013.10.29 15:52:10.380,1.43855,1.43875,1.32,1.58
2013.10.29 15:52:10.560,1.43856,1.43877,3.20,1.50
2013.10.29 15:52:10.920,1.43856,1.43874,4.13,2.25
2013.10.29 15:52:11.041,1.43855,1.43874,1.50,1.88
2013.10.29 15:52:11.580,1.43855,1.43878,2.44,1.28
2013.10.29 15:52:12.332,1.43855,1.43874,1.95,1.20
2013.10.29 15:52:12.410,1.43855,1.43878,1.77,1.58
2013.10.29 15:52:12.601,1.43857,1.43881,3.19,2.63
2013.10.29 15:52:12.662,1.43857,1.43881,3.20,2.63
2013.10.29 15:52:12.979,1.43861,1.43882,2.07,1.13
2013.10.29 15:52:13.939,1.43862,1.43882,4.32,1.13
2013.10.29 15:52:14.059,1.43862,1.43882,2.07,1.13
2013.10.29 15:52:14.359,1.43864,1.43882,3.19,1.13
2013.10.29 15:52:14.420,1.43864,1.43882,4.69,1.13
2013.10.29 15:52:14.540,1.43867,1.4389,2.44,2.33
2013.10.29 15:52:14.719,1.43868,1.43892,2.45,1.20
2013.10.29 15:52:15.259,1.43869,1.43894,6.94,1.77
2013.10.29 15:52:15.691,1.43873,1.4389,3.19,1.13
2013.10.29 15:52:16.040,1.43873,1.43894,3.38,1.32
2013.10.29 15:52:16.100,1.43874,1.43894,3.38,1.32
2013.10.29 15:52:16.759,1.43874,1.43894,3.00,1.32
2013.10.29 15:52:16.939,1.43874,1.43893,3.00,1.13
2013.10.29 15:52:17.460,1.43874,1.43893,3.00,1.13
2013.10.29 15:52:17.519,1.43874,1.43893,3.00,1.13
2013.10.29 15:52:17.643,1.43874,1.43893,1.88,1.13
2013.10.29 15:52:17.955,1.43869,1.43887,1.65,1.69
2013.10.29 15:52:18.200,1.43865,1.43885,1.58,1.02
2013.10.29 15:52:18.839,1.43865,1.43885,1.58,1.02
2013.10.29 15:52:19.799,1.43865,1.43884,1.50,2.25
2013.10.29 15:52:19.919,1.43865,1.43885,1.65,1.09
2013.10.29 15:52:20.528,1.43865,1.43885,1.65,1.09
2013.10.29 15:52:20.689,1.43865,1.43885,1.28,1.09
2013.10.29 15:52:22.139,1.43865,1.43885,1.28,1.09
2013.10.29 15:52:22.669,1.43865,1.43885,2.40,1.09
2013.10.29 15:52:23.280,1.43865,1.43886,1.95,1.02
2013.10.29 15:52:23.602,1.43865,1.43889,2.89,1.95
2013.10.29 15:52:23.959,1.43866,1.43888,3.27,1.58
2013.10.29 15:52:24.380,1.43866,1.43886,1.95,1.65
2013.10.29 15:52:24.680,1.43865,1.43886,2.14,2.33
2013.10.29 15:52:24.799,1.43865,1.43886,2.82,2.25
2013.10.29 15:52:25.160,1.43863,1.43885,2.52,1.58
2013.10.29 15:52:25.521,1.43863,1.43884,1.58,1.58
2013.10.29 15:52:25.650,1.43861,1.43878,1.20,1.50
2013.10.29 15:52:25.950,1.43857,1.43878,1.02,4.20
2013.10.29 15:52:26.699,1.43857,1.43873,1.02,3.00
2013.10.29 15:52:26.760,1.43856,1.43873,1.20,3.75
2013.10.29 15:52:26.819,1.43856,1.43868,1.20,1.13
2013.10.29 15:52:27.120,1.43849,1.43862,2.25,2.25
2013.10.29 15:52:27.180,1.43845,1.43861,2.22,1.13
2013.10.29 15:52:27.300,1.43845,1.43861,1.95,2.07
2013.10.29 15:52:27.360,1.43843,1.43861,1.50,3.57
2013.10.29 15:52:27.540,1.43841,1.43861,2.07,3.38
2013.10.29 15:52:27.842,1.43841,1.43858,1.69,1.50
2013.10.29 15:52:28.021,1.43841,1.43861,1.58,1.20
2013.10.29 15:52:28.379,1.43841,1.4386,1.02,1.95
2013.10.29 15:52:28.619,1.43837,1.43856,2.63,2.14
2013.10.29 15:52:28.799,1.43836,1.43852,1.50,1.50
2013.10.29 15:52:29.169,1.43836,1.43851,1.50,2.25
2013.10.29 15:52:30.010,1.43835,1.43848,1.13,1.50
2013.10.29 15:52:30.251,1.43835,1.43849,1.32,1.50
2013.10.29 15:52:30.320,1.43835,1.43849,1.13,1.50
2013.10.29 15:52:30.679,1.43839,1.43856,2.45,1.50
2013.10.29 15:52:30.739,1.43839,1.43856,2.45,1.50
2013.10.29 15:52:30.920,1.43839,1.43859,1.50,1.50
2013.10.29 15:52:31.040,1.43838,1.43861,2.14,1.50
2013.10.29 15:52:31.099,1.43838,1.43861,2.52,1.50
2013.10.29 15:52:31.339,1.43838,1.4386,3.19,1.58
2013.10.29 15:52:31.760,1.43838,1.43856,1.32,1.20
2013.10.29 15:52:32.306,1.43838,1.43854,1.32,1.50
2013.10.29 15:52:33.651,1.43838,1.43854,1.32,1.50
2013.10.29 15:52:34.202,1.43838,1.43854,1.32,1.50
2013.10.29 15:52:34.511,1.43842,1.43861,2.82,1.58
2013.10.29 15:52:34.571,1.43842,1.43864,2.82,2.63
2013.10.29 15:52:34.930,1.43843,1.43864,2.52,1.88
2013.10.29 15:52:35.292,1.43848,1.43866,3.19,1.50
2013.10.29 15:52:35.363,1.43848,1.43867,3.19,3.38
2013.10.29 15:52:35.432,1.43851,1.43867,3.01,1.88
2013.10.29 15:52:35.799,1.43854,1.43876,2.82,2.63
2013.10.29 15:52:36.850,1.43854,1.43877,3.65,1.88
2013.10.29 15:52:36.911,1.43854,1.43877,3.65,1.50
2013.10.29 15:52:38.921,1.43854,1.43875,2.44,1.20
2013.10.29 15:52:39.399,1.43853,1.43874,1.69,2.25
2013.10.29 15:52:39.882,1.43852,1.43873,3.34,1.09
2013.10.29 15:52:40.269,1.43852,1.43872,2.63,1.77
2013.10.29 15:52:40.570,1.43852,1.43873,4.73,1.50
2013.10.29 15:52:40.749,1.43852,1.43873,1.88,2.25
2013.10.29 15:52:40.931,1.43852,1.43873,1.65,1.77
2013.10.29 15:52:41.001,1.43851,1.43872,1.20,1.69
2013.10.29 15:52:41.060,1.43849,1.43871,1.77,1.58
2013.10.29 15:52:41.120,1.43848,1.43868,1.77,1.58
2013.10.29 15:52:41.360,1.43848,1.43868,1.02,1.58
2013.10.29 15:52:41.419,1.43847,1.43868,1.77,1.58
2013.10.29 15:52:41.660,1.43847,1.43867,1.77,1.58
2013.10.29 15:52:42.020,1.43846,1.43866,2.14,1.58
2013.10.29 15:52:42.563,1.43845,1.43864,1.32,1.58
2013.10.29 15:52:43.094,1.4384,1.43861,1.39,1.58
2013.10.29 15:52:43.220,1.4384,1.43863,2.14,1.58
2013.10.29 15:52:44.181,1.43843,1.43865,3.65,1.95
2013.10.29 15:52:45.019,1.43843,1.43865,1.88,1.95
2013.10.29 15:52:45.379,1.43839,1.4386,1.13,2.25
2013.10.29 15:52:47.059,1.43837,1.43858,2.44,2.25
2013.10.29 15:52:47.569,1.43837,1.43858,2.44,2.25
2013.10.29 15:52:48.009,1.43837,1.43858,3.57,2.25
2013.10.29 15:52:48.573,1.43837,1.43858,2.52,1.58
2013.10.29 15:52:49.089,1.43837,1.43858,2.52,1.58
2013.10.29 15:52:49.450,1.43839,1.4386,4.32,1.58
2013.10.29 15:52:49.570,1.43841,1.43864,3.57,2.52
2013.10.29 15:52:49.749,1.43841,1.43862,1.39,1.58
2013.10.29 15:52:50.220,1.4384,1.4386,3.45,1.02
2013.10.29 15:52:50.771,1.4384,1.4386,2.25,2.37
2013.10.29 15:52:52.100,1.4384,1.4386,3.19,1.58
2013.10.29 15:52:52.462,1.4384,1.43854,1.58,1.13
2013.10.29 15:52:52.821,1.43832,1.43845,1.50,1.32
2013.10.29 15:52:52.880,1.43826,1.43846,2.82,1.13
2013.10.29 15:52:53.423,1.43826,1.4385,3.64,2.63
2013.10.29 15:52:53.492,1.43828,1.4385,2.82,2.25
2013.10.29 15:52:53.885,1.43828,1.4385,2.70,1.02
2013.10.29 15:52:53.953,1.43828,1.43848,1.88,1.50
2013.10.29 15:52:54.382,1.43828,1.43848,1.88,2.07
2013.10.29 15:52:55.154,1.43828,1.43846,1.50,1.47
2013.10.29 15:52:55.700,1.43824,1.43844,1.88,1.32
2013.10.29 15:52:55.939,1.43824,1.43845,1.13,3.57
2013.10.29 15:52:56.636,1.43824,1.43845,1.13,2.52
2013.10.29 15:52:57.183,1.43822,1.43843,1.84,1.17
2013.10.29 15:52:57.730,1.43821,1.43842,1.77,1.65
2013.10.29 15:52:58.033,1.43822,1.43841,2.82,1.20
2013.10.29 15:52:58.160,1.43822,1.43842,2.70,1.39
2013.10.29 15:52:58.280,1.43822,1.43842,1.95,1.77
2013.10.29 15:52:58.459,1.43818,1.43838,2.70,1.02
2013.10.29 15:52:58.641,1.43818,1.43836,1.58,1.13
2013.10.29 15:52:58.760,1.43817,1.43836,1.77,1.28
2013.10.29 15:52:58.879,1.43817,1.43836,2.89,1.28
2013.10.29 15:52:59.241,1.43819,1.43838,3.57,1.50
2013.10.29 15:52:59.359,1.43819,1.43842,4.10,2.63
2013.10.29 15:52:59.479,1.43819,1.43842,4.09,3.38
2013.10.29 15:52:59.850,1.43819,1.43841,3.95,1.50
2013.10.29 15:53:00.405,1.43819,1.43843,5.15,2.63
2013.10.29 15:53:00.714,1.43819,1.43841,2.90,2.07
2013.10.29 15:53:00.781,1.43819,1.4384,1.32,2.55
2013.10.29 15:53:01.320,1.43818,1.4384,1.39,3.57
2013.10.29 15:53:01.380,1.43818,1.43837,1.28,1.02
2013.10.29 15:53:02.279,1.43816,1.43835,1.39,1.58
2013.10.29 15:53:03.092,1.43814,1.43835,1.39,1.77
2013.10.29 15:53:03.950,1.43814,1.43833,1.32,1.58
2013.10.29 15:53:04.093,1.43814,1.43836,2.52,1.58
2013.10.29 15:53:04.580,1.43815,1.43837,4.10,3.00
2013.10.29 15:53:04.639,1.43815,1.43837,3.72,2.25
2013.10.29 15:53:04.759,1.43816,1.43837,3.35,2.25
2013.10.29 15:53:05.001,1.43818,1.4384,2.97,1.50
2013.10.29 15:53:05.239,1.43819,1.43843,3.27,2.93
2013.10.29 15:53:06.009,1.43819,1.43843,4.02,1.58
2013.10.29 15:53:06.510,1.43819,1.43843,3.64,1.58
2013.10.29 15:53:06.750,1.43819,1.4384,4.20,1.69
2013.10.29 15:53:06.869,1.43819,1.43838,1.13,1.09
2013.10.29 15:53:07.109,1.43819,1.43839,1.32,1.58
2013.10.29 15:53:07.292,1.43819,1.43842,2.59,3.00
2013.10.29 15:53:07.853,1.4382,1.43843,2.44,1.09
2013.10.29 15:53:08.369,1.4382,1.43843,3.57,1.09
2013.10.29 15:53:08.729,1.43821,1.43844,2.97,2.44
2013.10.29 15:53:09.233,1.43821,1.43843,3.00,2.03
2013.10.29 15:53:09.352,1.43819,1.43841,2.33,2.33
2013.10.29 15:53:09.890,1.43819,1.43841,2.14,1.58
2013.10.29 15:53:10.009,1.4382,1.43843,2.89,2.18
2013.10.29 15:53:10.224,1.4382,1.43843,2.89,2.18
2013.10.29 15:53:10.622,1.43821,1.43843,4.09,1.58
2013.10.29 15:53:10.692,1.43821,1.43844,4.02,1.28
2013.10.29 15:53:10.753,1.43824,1.43844,2.52,1.28
2013.10.29 15:53:11.061,1.43826,1.43848,3.35,3.00
2013.10.29 15:53:11.180,1.43826,1.43847,3.57,1.28
2013.10.29 15:53:11.700,1.43826,1.43846,1.02,1.20
2013.10.29 15:53:12.259,1.43826,1.43844,1.77,1.28
2013.10.29 15:53:15.193,1.43826,1.43846,1.39,1.58
2013.10.29 15:53:15.889,1.43826,1.43848,2.07,2.33
2013.10.29 15:53:16.190,1.43828,1.4385,2.89,2.70
2013.10.29 15:53:16.453,1.43828,1.43848,1.88,1.58
2013.10.29 15:53:17.182,1.43827,1.43847,1.02,1.50
2013.10.29 15:53:17.374,1.43826,1.43846,2.14,1.28
2013.10.29 15:53:17.940,1.43824,1.43845,1.39,1.88
2013.10.29 15:53:18.629,1.43824,1.43845,2.14,1.50
2013.10.29 15:53:19.130,1.43824,1.43845,1.02,1.50
2013.10.29 15:53:19.679,1.43825,1.43845,2.15,1.50
2013.10.29 15:53:20.200,1.43825,1.43845,1.77,1.13
2013.10.29 15:53:20.259,1.43825,1.43846,1.77,1.20
2013.10.29 15:53:21.058,1.43825,1.43845,1.77,1.58
2013.10.29 15:53:21.609,1.43825,1.43847,1.02,1.95
2013.10.29 15:53:22.130,1.43825,1.43847,1.84,1.95
2013.10.29 15:53:22.661,1.43825,1.43847,1.02,1.95
2013.10.29 15:53:23.551,1.43825,1.43847,2.60,1.95
2013.10.29 15:53:23.820,1.43825,1.43842,1.77,1.35
2013.10.29 15:53:24.180,1.43823,1.43843,1.88,2.82
2013.10.29 15:53:24.720,1.43823,1.43841,1.28,1.13
2013.10.29 15:53:24.780,1.43823,1.43841,2.22,1.13
2013.10.29 15:53:25.139,1.43824,1.43846,2.15,2.70
2013.10.29 15:53:25.379,1.43824,1.43845,2.52,1.32
2013.10.29 15:53:25.861,1.43824,1.43845,1.32,1.20
2013.10.29 15:53:26.265,1.43824,1.43845,3.20,1.20
2013.10.29 15:53:26.775,1.43825,1.43843,2.82,1.13
2013.10.29 15:53:26.901,1.43826,1.43847,2.97,1.28
2013.10.29 15:53:26.961,1.43827,1.43849,3.34,2.25
2013.10.29 15:53:27.080,1.4383,1.43851,2.70,1.88
2013.10.29 15:53:27.199,1.4383,1.43851,3.27,1.13
2013.10.29 15:53:27.559,1.43832,1.43852,3.57,1.13
2013.10.29 15:53:28.072,1.43832,1.43851,1.50,1.02
2013.10.29 15:53:28.620,1.43831,1.43852,1.02,3.45
2013.10.29 15:53:28.739,1.43831,1.43852,1.02,1.95
2013.10.29 15:53:29.279,1.43831,1.43852,3.57,1.13
2013.10.29 15:53:29.639,1.4383,1.43851,1.02,1.50
2013.10.29 15:53:29.939,1.43831,1.43852,2.52,1.20
2013.10.29 15:53:30.059,1.43831,1.43852,4.77,1.20
2013.10.29 15:53:30.240,1.43833,1.43853,2.89,1.13
2013.10.29 15:53:30.419,1.43834,1.43853,4.02,1.13
2013.10.29 15:53:30.921,1.43835,1.43856,2.60,1.20
2013.10.29 15:53:30.982,1.43835,1.43853,1.09,1.13
2013.10.29 15:53:31.222,1.43835,1.43851,1.32,1.13
2013.10.29 15:53:31.590,1.43836,1.43854,3.27,1.13
2013.10.29 15:53:31.651,1.43836,1.43858,5.00,1.58
2013.10.29 15:53:32.189,1.43836,1.43856,2.89,1.13
2013.10.29 15:53:33.046,1.43835,1.43854,2.14,1.13
2013.10.29 15:53:34.550,1.43834,1.43852,1.02,1.13
2013.10.29 15:53:34.790,1.43832,1.43852,1.99,1.13
2013.10.29 15:53:35.381,1.43832,1.43852,1.39,1.13
2013.10.29 15:53:35.900,1.43832,1.43852,2.14,1.13
2013.10.29 15:53:36.760,1.43832,1.43852,2.52,1.13
2013.10.29 15:53:36.831,1.43833,1.43852,2.97,1.13
2013.10.29 15:53:37.379,1.43833,1.43852,2.89,1.13
2013.10.29 15:53:37.500,1.43836,1.43855,4.02,1.13
2013.10.29 15:53:37.740,1.43836,1.43853,4.32,1.13
2013.10.29 15:53:41.979,1.43836,1.43859,2.45,1.77
2013.10.29 15:53:42.681,1.43838,1.43859,2.60,1.58
2013.10.29 15:53:43.219,1.43837,1.43859,1.77,1.77
2013.10.29 15:53:43.279,1.43837,1.43859,1.02,1.77
2013.10.29 15:53:43.459,1.43835,1.43857,4.50,1.09
2013.10.29 15:53:44.088,1.43835,1.43857,1.50,1.09
2013.10.29 15:53:44.269,1.43835,1.43858,2.44,2.25
2013.10.29 15:53:45.344,1.43835,1.43858,2.44,2.25
2013.10.29 15:53:45.650,1.43835,1.43858,3.95,2.25
2013.10.29 15:53:45.769,1.43835,1.43856,3.94,1.02
2013.10.29 15:53:46.189,1.43834,1.43856,1.39,1.09
2013.10.29 15:53:46.551,1.43834,1.43856,1.39,2.40
2013.10.29 15:53:46.670,1.43834,1.43856,2.07,2.25
2013.10.29 15:53:46.789,1.43834,1.43857,2.07,1.65
2013.10.29 15:53:47.161,1.43834,1.43859,2.07,4.17
2013.10.29 15:53:47.343,1.43838,1.43859,3.20,1.28
2013.10.29 15:53:47.470,1.43836,1.43858,2.82,1.28
2013.10.29 15:53:47.531,1.43836,1.43858,2.44,1.28
2013.10.29 15:53:47.709,1.43836,1.43858,2.44,1.28
2013.10.29 15:53:48.219,1.43836,1.43859,1.69,2.22
2013.10.29 15:53:48.280,1.43836,1.43859,3.19,1.28
2013.10.29 15:53:48.399,1.43838,1.43859,3.94,1.50
2013.10.29 15:53:48.834,1.43836,1.43858,1.02,1.58
2013.10.29 15:53:49.021,1.43837,1.43859,3.20,1.20
2013.10.29 15:53:49.200,1.43838,1.43859,3.20,1.20
2013.10.29 15:53:49.379,1.43838,1.43859,3.20,1.20
2013.10.29 15:53:49.860,1.43838,1.43859,4.32,1.13
2013.10.29 15:53:50.251,1.43838,1.43859,3.57,1.13
2013.10.29 15:53:50.901,1.43838,1.43859,4.32,1.13
2013.10.29 15:53:51.220,1.43838,1.43859,5.07,1.13
2013.10.29 15:53:51.529,1.43839,1.43859,7.32,1.13
2013.10.29 15:53:51.589,1.43842,1.43859,2.45,1.13
2013.10.29 15:53:52.140,1.43841,1.43859,1.50,1.32
2013.10.29 15:53:53.359,1.43841,1.43859,1.50,1.32
2013.10.29 15:53:55.040,1.43839,1.43859,1.88,1.32
2013.10.29 15:53:55.340,1.43839,1.4386,2.82,1.32
2013.10.29 15:53:55.869,1.43839,1.43859,1.69,1.13
2013.10.29 15:53:57.389,1.43839,1.4386,2.52,1.02
2013.10.29 15:53:57.943,1.43838,1.43856,1.13,1.09
2013.10.29 15:53:58.010,1.43838,1.43856,1.13,1.09
2013.10.29 15:53:58.192,1.43836,1.43857,1.69,2.14
2013.10.29 15:53:58.250,1.43836,1.43857,1.69,2.14
2013.10.29 15:53:58.431,1.43837,1.4386,2.82,1.58
2013.10.29 15:53:58.492,1.43837,1.43862,1.88,1.84
2013.10.29 15:53:59.029,1.43837,1.4386,3.38,1.69
2013.10.29 15:54:00.761,1.43837,1.43856,1.13,1.09
2013.10.29 15:54:01.210,1.43834,1.43849,1.50,1.73
2013.10.29 15:54:01.521,1.43826,1.43844,3.38,1.32
2013.10.29 15:54:01.580,1.43826,1.43844,1.50,1.32
2013.10.29 15:54:01.760,1.43826,1.43838,1.58,1.69
2013.10.29 15:54:02.002,1.43823,1.43835,1.50,1.13
2013.10.29 15:54:02.121,1.43817,1.43836,1.13,1.47
2013.10.29 15:54:02.243,1.43817,1.43842,7.32,1.39
2013.10.29 15:54:02.551,1.4382,1.43841,3.75,1.32
2013.10.29 15:54:02.852,1.43823,1.43844,3.38,1.39
2013.10.29 15:54:02.983,1.43823,1.43844,2.63,1.32
2013.10.29 15:54:04.269,1.43822,1.43844,1.95,1.39
2013.10.29 15:54:04.971,1.43822,1.43844,3.75,1.39
2013.10.29 15:54:05.031,1.43823,1.43845,2.82,1.02
2013.10.29 15:54:05.090,1.43825,1.43846,3.38,1.02
2013.10.29 15:54:05.150,1.43826,1.43847,3.46,1.02
2013.10.29 15:54:05.451,1.43829,1.4385,3.00,1.69
2013.10.29 15:54:06.269,1.43829,1.43851,2.25,2.07
2013.10.29 15:54:07.252,1.43829,1.43851,3.00,2.07
2013.10.29 15:54:07.689,1.43829,1.4385,1.50,1.32
2013.10.29 15:54:07.990,1.4382,1.4383,1.50,1.32
2013.10.29 15:54:08.232,1.43811,1.43825,2.40,1.69
2013.10.29 15:54:08.292,1.4381,1.43826,1.50,2.07
2013.10.29 15:54:08.770,1.43804,1.43824,3.08,1.02
2013.10.29 15:54:09.014,1.43804,1.43824,2.33,1.39
2013.10.29 15:54:09.780,1.43803,1.43825,4.13,1.47
2013.10.29 15:54:10.140,1.43805,1.43825,3.38,1.32
2013.10.29 15:54:10.261,1.43805,1.43825,1.13,1.02
2013.10.29 15:54:10.379,1.43804,1.43824,1.65,1.09
2013.10.29 15:54:13.639,1.438,1.43821,3.83,1.32
2013.10.29 15:54:14.209,1.438,1.43822,3.83,1.02
2013.10.29 15:54:14.751,1.43801,1.43822,2.41,1.39
2013.10.29 15:54:16.420,1.43801,1.43822,1.13,2.14
2013.10.29 15:54:16.734,1.43801,1.4382,2.40,1.32
2013.10.29 15:54:16.920,1.43801,1.43822,1.65,1.77
2013.10.29 15:54:17.101,1.43801,1.43823,2.33,1.09
2013.10.29 15:54:17.640,1.43803,1.43824,4.13,1.02
2013.10.29 15:54:17.761,1.43803,1.43824,3.76,1.02
2013.10.29 15:54:17.820,1.43803,1.43824,3.76,1.39
2013.10.29 15:54:18.180,1.43803,1.43825,3.46,1.32
2013.10.29 15:54:18.490,1.43803,1.43824,2.70,1.32
2013.10.29 15:54:19.720,1.43804,1.43825,2.22,1.02
2013.10.29 15:54:19.843,1.43807,1.43826,2.71,1.32
2013.10.29 15:54:20.030,1.43808,1.43828,2.71,1.39
2013.10.29 15:54:20.151,1.43808,1.4383,3.38,2.37
2013.10.29 15:54:20.574,1.4381,1.43831,3.00,1.77
2013.10.29 15:54:20.882,1.43809,1.43827,1.13,1.58
2013.10.29 15:54:21.362,1.43809,1.43828,1.88,1.02
2013.10.29 15:54:21.902,1.43809,1.4383,1.65,1.02
2013.10.29 15:54:22.281,1.43809,1.4383,1.58,1.02
2013.10.29 15:54:22.569,1.43809,1.4383,1.58,1.39
2013.10.29 15:54:22.690,1.43808,1.4383,4.77,1.77
2013.10.29 15:54:22.751,1.43808,1.43829,3.34,1.69
2013.10.29 15:54:22.869,1.43808,1.43829,2.90,1.02
2013.10.29 15:54:23.109,1.43808,1.4383,3.95,1.09
2013.10.29 15:54:23.232,1.43808,1.43824,2.63,1.50
2013.10.29 15:54:23.410,1.43808,1.43826,1.13,1.09
2013.10.29 15:54:23.710,1.43808,1.43828,2.33,1.02
2013.10.29 15:54:24.232,1.4381,1.43832,2.70,3.87
2013.10.29 15:54:24.590,1.4381,1.43832,4.02,1.62
2013.10.29 15:54:25.572,1.4381,1.43832,3.83,1.62
2013.10.29 15:54:25.919,1.4381,1.43833,5.15,3.00
2013.10.29 15:54:26.469,1.43812,1.43834,4.32,1.13
2013.10.29 15:54:27.104,1.43812,1.43834,3.57,1.88
2013.10.29 15:54:27.409,1.43812,1.43833,1.77,2.14
2013.10.29 15:54:27.940,1.43813,1.43833,2.15,1.20
2013.10.29 15:54:28.890,1.43813,1.43833,1.13,1.20
2013.10.29 15:54:30.050,1.43813,1.43833,2.07,1.20
2013.10.29 15:54:30.300,1.43813,1.43833,1.88,2.14
2013.10.29 15:54:30.479,1.43813,1.4383,1.50,1.50
2013.10.29 15:54:30.780,1.43812,1.43833,1.02,1.88
2013.10.29 15:54:31.081,1.43812,1.43833,1.13,1.88
2013.10.29 15:54:31.870,1.43812,1.43833,1.13,1.69
2013.10.29 15:54:32.230,1.43814,1.43833,3.20,1.88
2013.10.29 15:54:32.531,1.43815,1.43836,2.90,2.33
2013.10.29 15:54:33.080,1.43816,1.43835,2.44,1.13
2013.10.29 15:54:33.199,1.43816,1.43837,3.20,1.13
2013.10.29 15:54:33.729,1.43816,1.43837,2.52,2.93
2013.10.29 15:54:34.730,1.43816,1.43833,1.20,1.13
2013.10.29 15:54:34.789,1.43816,1.43834,1.20,1.13
2013.10.29 15:54:35.090,1.43816,1.43834,2.22,1.13
2013.10.29 15:54:35.662,1.43816,1.43834,2.97,1.13
2013.10.29 15:54:36.140,1.43817,1.43838,4.13,1.05
2013.10.29 15:54:36.680,1.43817,1.43837,3.75,1.13
2013.10.29 15:54:36.983,1.43819,1.43838,3.01,1.35
2013.10.29 15:54:37.675,1.43819,1.43839,3.95,1.73
2013.10.29 15:54:38.319,1.43819,1.43839,2.59,1.35
2013.10.29 15:54:38.589,1.43819,1.43839,1.84,1.73
2013.10.29 15:54:39.139,1.43819,1.43838,1.09,1.73
2013.10.29 15:54:40.379,1.43819,1.43838,1.77,1.73
2013.10.29 15:54:40.898,1.43819,1.4384,1.02,1.50
2013.10.29 15:54:40.959,1.43819,1.4384,1.58,1.50
2013.10.29 15:54:41.079,1.4382,1.43841,3.38,1.50
2013.10.29 15:54:43.350,1.43823,1.43843,2.70,1.69
2013.10.29 15:54:43.710,1.43825,1.43844,3.38,1.32
2013.10.29 15:54:44.050,1.43826,1.43844,3.00,1.32
2013.10.29 15:54:44.554,1.43826,1.43843,1.88,1.69
2013.10.29 15:54:44.800,1.43825,1.43841,1.58,1.69
2013.10.29 15:54:45.290,1.43823,1.43839,1.58,1.50
2013.10.29 15:54:46.281,1.43823,1.43841,1.28,2.25
2013.10.29 15:54:46.342,1.43823,1.43841,1.28,2.25
2013.10.29 15:54:46.461,1.43824,1.43842,3.38,2.07
2013.10.29 15:54:47.120,1.43824,1.43841,1.50,1.69
2013.10.29 15:54:47.239,1.43822,1.4384,2.03,1.69
2013.10.29 15:54:47.360,1.43822,1.4384,1.28,1.69
2013.10.29 15:54:47.541,1.43822,1.43842,4.32,1.50
2013.10.29 15:54:47.659,1.43823,1.43843,3.64,1.13
2013.10.29 15:54:47.960,1.43825,1.43843,2.70,1.32
2013.10.29 15:54:48.140,1.43825,1.43842,2.03,1.69
2013.10.29 15:54:48.681,1.43824,1.43842,1.65,1.69
2013.10.29 15:54:48.800,1.43824,1.43842,1.65,1.69
2013.10.29 15:54:48.859,1.43824,1.43844,1.88,2.44
2013.10.29 15:54:48.919,1.43824,1.43844,2.07,1.50
2013.10.29 15:54:49.100,1.43827,1.43844,2.70,1.13
2013.10.29 15:54:49.400,1.43827,1.43843,1.13,1.13
2013.10.29 15:54:49.460,1.43827,1.43843,2.63,1.13
2013.10.29 15:54:49.819,1.43825,1.43841,1.58,1.50
2013.10.29 15:54:50.413,1.43825,1.43841,2.70,1.50
2013.10.29 15:54:50.603,1.43826,1.43847,2.71,2.14
2013.10.29 15:54:50.669,1.43827,1.43847,2.70,2.07
2013.10.29 15:54:51.780,1.43828,1.43848,3.46,1.77
2013.10.29 15:54:51.841,1.43828,1.43848,4.13,1.69
2013.10.29 15:54:52.259,1.43828,1.43847,1.95,1.58
2013.10.29 15:54:52.559,1.43828,1.43847,1.88,3.00
2013.10.29 15:54:52.619,1.43828,1.43847,1.88,3.00
2013.10.29 15:54:52.800,1.43828,1.43847,1.88,2.40
2013.10.29 15:54:53.381,1.43828,1.43847,1.95,1.58
2013.10.29 15:54:53.569,1.43828,1.43847,1.88,2.25
2013.10.29 15:54:54.039,1.43828,1.43847,1.13,3.08
2013.10.29 15:54:54.579,1.43828,1.43846,2.63,1.50
2013.10.29 15:54:55.119,1.43828,1.43847,1.95,1.50
2013.10.29 15:54:55.659,1.43828,1.43848,2.14,1.50
2013.10.29 15:54:55.899,1.43831,1.43852,2.82,1.13
2013.10.29 15:54:56.019,1.43831,1.4385,1.13,1.13
2013.10.29 15:54:56.419,1.43831,1.4385,1.02,1.20
2013.10.29 15:54:56.980,1.43834,1.43854,2.45,2.25
2013.10.29 15:54:57.159,1.43835,1.43854,3.53,1.50
2013.10.29 15:54:57.688,1.43836,1.43857,2.70,1.39
2013.10.29 15:54:58.259,1.43836,1.43859,4.77,2.33
2013.10.29 15:54:58.380,1.43839,1.43859,2.82,1.58
2013.10.29 15:55:00.360,1.43839,1.4386,1.39,1.50
2013.10.29 15:55:00.863,1.43839,1.4386,1.39,2.25
2013.10.29 15:55:01.479,1.43839,1.4386,1.39,2.63
2013.10.29 15:55:01.830,1.43839,1.4386,1.39,1.88
2013.10.29 15:55:02.437,1.4384,1.4386,2.14,1.88
2013.10.29 15:55:06.155,1.4384,1.43861,3.95,1.35
2013.10.29 15:55:06.222,1.43842,1.43864,2.82,3.08
2013.10.29 15:55:06.761,1.43842,1.43862,4.13,1.32
2013.10.29 15:55:06.820,1.43843,1.43865,3.27,1.95
2013.10.29 15:55:07.240,1.43846,1.43865,2.52,1.13
2013.10.29 15:55:07.659,1.43845,1.43863,2.33,1.13
2013.10.29 15:55:07.780,1.43845,1.43863,1.95,1.13
2013.10.29 15:55:08.320,1.43845,1.43865,1.50,1.20
2013.10.29 15:55:08.679,1.43845,1.43865,3.20,1.13
2013.10.29 15:55:09.039,1.43843,1.43863,1.28,2.22
2013.10.29 15:55:09.221,1.43843,1.43862,1.13,1.58
2013.10.29 15:55:09.469,1.43842,1.43862,1.20,1.58
2013.10.29 15:55:10.010,1.43842,1.43862,1.20,1.58
2013.10.29 15:55:10.735,1.4384,1.43862,3.64,1.58
2013.10.29 15:55:10.923,1.4384,1.43862,4.40,1.58
2013.10.29 15:55:10.990,1.43843,1.43864,2.89,2.40
2013.10.29 15:55:11.409,1.43843,1.43865,2.89,1.58
2013.10.29 15:55:11.469,1.43843,1.43863,2.33,1.02
2013.10.29 15:55:12.410,1.43843,1.43862,1.58,3.00
2013.10.29 15:55:16.259,1.43841,1.43861,1.65,1.50
2013.10.29 15:55:17.922,1.43841,1.43861,1.58,1.50
2013.10.29 15:55:19.192,1.43841,1.43861,2.25,1.50
2013.10.29 15:55:20.560,1.43841,1.43862,1.77,3.34
2013.10.29 15:55:25.431,1.43841,1.43862,1.77,2.97
2013.10.29 15:55:26.400,1.43841,1.43862,1.65,3.34
2013.10.29 15:55:27.629,1.43841,1.43862,1.77,4.32
2013.10.29 15:55:28.350,1.43842,1.43862,2.97,2.40
2013.10.29 15:55:31.369,1.43843,1.43864,2.90,1.50
2013.10.29 15:55:31.502,1.43843,1.43864,2.90,1.50
2013.10.29 15:55:32.440,1.43843,1.43864,1.32,1.50
2013.10.29 15:55:33.861,1.43843,1.43864,1.32,1.50
2013.10.29 15:55:34.710,1.43843,1.43864,1.39,1.50
2013.10.29 15:55:34.829,1.43843,1.43866,1.39,1.65
2013.10.29 15:55:35.320,1.43843,1.43857,1.39,1.35
2013.10.29 15:55:35.561,1.43838,1.43852,2.03,1.32
2013.10.29 15:55:35.621,1.43838,1.43852,1.02,1.13
2013.10.29 15:55:35.800,1.43838,1.43855,1.32,1.58
2013.10.29 15:55:35.921,1.43838,1.43855,1.13,1.77
2013.10.29 15:55:36.410,1.43838,1.43862,3.27,1.58
2013.10.29 15:55:37.332,1.43838,1.43862,3.27,1.58
2013.10.29 15:55:40.201,1.43838,1.43862,2.90,1.58
2013.10.29 15:55:40.724,1.4384,1.43862,2.52,1.58
2013.10.29 15:55:41.030,1.43843,1.43866,3.65,2.70
2013.10.29 15:55:41.569,1.43843,1.43866,1.39,3.83
2013.10.29 15:55:42.669,1.43843,1.43866,1.39,1.95
2013.10.29 15:55:43.092,1.43846,1.43868,2.45,2.63
2013.10.29 15:55:43.389,1.43846,1.43868,2.52,1.95
2013.10.29 15:55:43.939,1.43846,1.43864,2.52,1.13
2013.10.29 15:55:44.240,1.43845,1.43858,1.50,1.69
2013.10.29 15:55:44.480,1.43841,1.43858,2.25,1.69
2013.10.29 15:55:45.071,1.43841,1.43858,1.58,1.69
2013.10.29 15:55:48.052,1.4384,1.43858,1.58,2.07
2013.10.29 15:55:48.110,1.43839,1.43858,1.65,2.07
2013.10.29 15:55:50.699,1.43838,1.43856,1.58,1.32
2013.10.29 15:55:51.222,1.43838,1.43857,1.58,1.39
2013.10.29 15:55:52.729,1.43838,1.43858,2.25,2.07
2013.10.29 15:55:53.137,1.43836,1.43856,2.25,1.69
2013.10.29 15:55:53.480,1.43836,1.43856,2.25,2.07
2013.10.29 15:55:53.599,1.43834,1.43856,1.58,1.39
2013.10.29 15:55:53.660,1.43833,1.43854,2.52,1.58
2013.10.29 15:55:53.959,1.43832,1.43852,1.02,2.33
2013.10.29 15:55:54.480,1.43831,1.43852,2.22,2.33
2013.10.29 15:55:55.019,1.43831,1.43852,1.02,1.58
2013.10.29 15:55:55.320,1.43831,1.4385,2.07,1.58
2013.10.29 15:55:55.680,1.43831,1.43853,1.47,2.44
2013.10.29 15:55:55.860,1.43831,1.43853,1.32,2.44
2013.10.29 15:55:55.920,1.43832,1.43853,2.45,2.25
2013.10.29 15:55:56.280,1.43836,1.43857,2.89,1.28
2013.10.29 15:55:56.822,1.43839,1.43857,2.52,1.13
2013.10.29 15:55:57.360,1.43839,1.43857,2.52,1.13
2013.10.29 15:55:58.253,1.4384,1.43857,2.14,1.13
2013.10.29 15:55:58.792,1.4384,1.43862,1.77,2.33
2013.10.29 15:55:58.970,1.4384,1.43862,1.77,2.33
2013.10.29 15:55:59.450,1.43839,1.43859,2.33,1.77
2013.10.29 15:56:03.369,1.43839,1.4386,3.27,1.65
2013.10.29 15:56:03.643,1.43839,1.4386,2.90,1.65
2013.10.29 15:56:04.181,1.4384,1.43861,2.60,1.58
2013.10.29 15:56:05.080,1.4384,1.43861,3.34,1.58
2013.10.29 15:56:05.200,1.43841,1.43863,2.82,1.65
2013.10.29 15:56:06.540,1.43841,1.4386,2.63,1.69
2013.10.29 15:56:06.722,1.4384,1.43859,1.28,1.50
2013.10.29 15:56:07.143,1.4384,1.43857,2.33,1.32
2013.10.29 15:56:07.449,1.4384,1.4386,3.00,1.32
2013.10.29 15:56:08.028,1.4384,1.43857,2.63,1.32
2013.10.29 15:56:08.209,1.4384,1.43857,1.28,1.32
2013.10.29 15:56:09.219,1.43837,1.43856,1.95,1.13
2013.10.29 15:56:09.660,1.43837,1.43856,1.58,1.13
2013.10.29 15:56:10.199,1.43837,1.43857,3.75,1.32
2013.10.29 15:56:10.640,1.43838,1.43859,4.13,1.32
2013.10.29 15:56:11.179,1.43838,1.43859,3.38,1.32
2013.10.29 15:56:11.629,1.43838,1.43857,2.63,1.32
2013.10.29 15:56:12.202,1.43838,1.43857,2.63,1.32
2013.10.29 15:56:12.588,1.43838,1.43858,2.63,1.69
2013.10.29 15:56:12.709,1.43838,1.43857,2.63,1.32
2013.10.29 15:56:13.882,1.43838,1.43857,2.63,1.32
2013.10.29 15:56:14.062,1.4384,1.43859,2.70,1.32
2013.10.29 15:56:14.600,1.43841,1.4386,2.63,1.69
2013.10.29 15:56:14.720,1.43841,1.43858,1.58,1.32
2013.10.29 15:56:14.843,1.43839,1.43858,1.95,2.07
2013.10.29 15:56:15.230,1.43839,1.43856,1.58,1.32
2013.10.29 15:56:15.784,1.43838,1.43855,1.28,1.32
2013.10.29 15:56:18.141,1.43838,1.43856,1.28,1.32
2013.10.29 15:56:21.432,1.43837,1.43855,2.25,1.32
2013.10.29 15:56:23.730,1.43837,1.43855,2.63,1.32
2013.10.29 15:56:23.972,1.43836,1.43855,1.58,2.44
2013.10.29 15:56:25.901,1.43836,1.43858,3.46,3.27
2013.10.29 15:56:25.959,1.43837,1.43858,2.90,2.33
2013.10.29 15:56:27.029,1.43838,1.4386,2.60,2.33
2013.10.29 15:56:27.399,1.43838,1.43857,1.65,1.32
2013.10.29 15:56:27.759,1.43838,1.43857,2.25,1.32
2013.10.29 15:56:32.499,1.43838,1.43858,2.25,2.44
2013.10.29 15:56:34.372,1.43838,1.43858,2.25,2.44
2013.10.29 15:56:35.520,1.43838,1.43858,2.25,2.44
2013.10.29 15:56:37.932,1.43838,1.43857,2.25,1.32
2013.10.29 15:56:38.264,1.43838,1.43855,2.25,1.32
2013.10.29 15:56:38.510,1.43838,1.43858,2.25,1.32
2013.10.29 15:56:38.751,1.43837,1.43858,1.28,1.47
2013.10.29 15:56:39.329,1.43837,1.43858,1.28,1.47
2013.10.29 15:56:39.690,1.43837,1.43858,1.58,1.32
2013.10.29 15:56:40.750,1.43837,1.43857,2.25,1.32
2013.10.29 15:56:41.339,1.43837,1.43857,2.63,1.32
2013.10.29 15:56:42.409,1.43837,1.43857,2.63,1.32
2013.10.29 15:56:46.551,1.43837,1.4386,5.63,2.37
2013.10.29 15:56:46.671,1.43837,1.4386,4.13,2.37
2013.10.29 15:56:46.910,1.43838,1.4386,4.88,1.69
2013.10.29 15:56:47.030,1.43838,1.4386,3.76,2.14
2013.10.29 15:56:47.152,1.43838,1.4386,3.76,2.14
2013.10.29 15:56:47.210,1.43838,1.4386,4.70,1.77
2013.10.29 15:56:47.270,1.43839,1.4386,2.90,1.39
2013.10.29 15:56:47.452,1.4384,1.4386,3.57,1.02
2013.10.29 15:56:47.810,1.43843,1.43861,4.88,1.13
2013.10.29 15:56:48.142,1.43844,1.43854,2.63,1.50
2013.10.29 15:56:48.381,1.43834,1.43853,1.58,2.07
2013.10.29 15:56:48.443,1.43834,1.43851,1.58,1.32
2013.10.29 15:56:48.989,1.43834,1.43852,2.25,2.07
2013.10.29 15:56:50.932,1.43834,1.43854,1.50,1.69
2013.10.29 15:56:51.172,1.43834,1.43852,4.50,1.69
2013.10.29 15:56:51.350,1.43834,1.43849,1.50,2.07
2013.10.29 15:56:51.770,1.43833,1.43852,2.25,2.44
2013.10.29 15:56:52.010,1.43835,1.43853,5.25,1.50
2013.10.29 15:56:52.312,1.43835,1.43855,4.50,1.69
2013.10.29 15:56:52.822,1.43835,1.43855,5.25,2.44
2013.10.29 15:56:53.651,1.43835,1.43855,4.50,1.69
2013.10.29 15:56:54.202,1.43835,1.43855,5.25,1.69
2013.10.29 15:56:54.761,1.43835,1.43859,4.88,3.57
2013.10.29 15:56:55.120,1.43834,1.43851,1.09,1.69
2013.10.29 15:56:55.185,1.43834,1.43852,3.19,1.32
2013.10.29 15:56:55.253,1.43834,1.43855,4.32,1.39
2013.10.29 15:56:56.048,1.43834,1.43855,4.69,1.32
2013.10.29 15:56:56.741,1.43837,1.43858,3.38,1.32
2013.10.29 15:56:56.800,1.43837,1.43859,4.70,2.14
2013.10.29 15:56:56.980,1.43838,1.43858,2.63,1.39
2013.10.29 15:56:57.460,1.4384,1.43861,3.76,1.32
2013.10.29 15:56:57.520,1.4384,1.43861,3.76,1.32
2013.10.29 15:56:58.066,1.43841,1.43861,4.39,1.32
2013.10.29 15:56:58.370,1.43841,1.43861,5.52,1.32
2013.10.29 15:56:58.630,1.43841,1.43861,4.77,1.32
2013.10.29 15:56:58.940,1.43842,1.43861,3.45,1.32
2013.10.29 15:56:59.421,1.43841,1.43858,1.58,1.32
2013.10.29 15:56:59.600,1.43841,1.4386,1.58,1.54
2013.10.29 15:56:59.720,1.43841,1.4386,1.58,1.54
2013.10.29 15:57:00.141,1.4384,1.43857,2.89,1.32
2013.10.29 15:57:00.501,1.43837,1.43856,2.25,1.32
2013.10.29 15:57:01.220,1.43837,1.43855,1.58,1.32
2013.10.29 15:57:01.859,1.43835,1.43855,1.58,1.39
2013.10.29 15:57:03.169,1.43835,1.43851,3.75,1.32
2013.10.29 15:57:03.350,1.43833,1.43851,2.33,1.32
2013.10.29 15:57:03.409,1.43833,1.43855,2.33,2.37
2013.10.29 15:57:03.529,1.43835,1.43855,2.33,1.54
2013.10.29 15:57:03.590,1.43835,1.43856,4.02,1.80
2013.10.29 15:57:03.709,1.43838,1.43858,3.38,1.69
2013.10.29 15:57:03.890,1.43839,1.43859,3.95,1.13
2013.10.29 15:57:03.949,1.43839,1.43859,4.70,1.13
2013.10.29 15:57:04.309,1.4384,1.4386,4.02,1.58
2013.10.29 15:57:04.670,1.43841,1.43864,5.52,2.33
2013.10.29 15:57:04.911,1.43842,1.43859,3.27,1.35
2013.10.29 15:57:05.219,1.4384,1.43856,1.13,2.25
2013.10.29 15:57:07.362,1.43837,1.43856,1.77,1.58
2013.10.29 15:57:07.975,1.43837,1.43856,4.32,1.50
2013.10.29 15:57:08.962,1.43838,1.43856,3.94,1.50
2013.10.29 15:57:10.810,1.43839,1.43858,4.39,1.50
2013.10.29 15:57:11.350,1.4384,1.43859,2.33,1.32
2013.10.29 15:57:11.851,1.4384,1.43859,1.13,1.69
2013.10.29 15:57:11.911,1.4384,1.43859,2.22,1.13
2013.10.29 15:57:12.091,1.43845,1.43858,1.58,1.13
2013.10.29 15:57:12.211,1.43852,1.43868,4.21,1.50
2013.10.29 15:57:12.330,1.43853,1.43868,2.52,1.50
2013.10.29 15:57:12.631,1.43853,1.43872,3.27,1.50
2013.10.29 15:57:12.751,1.43853,1.43872,4.02,1.50
2013.10.29 15:57:12.812,1.43853,1.43871,2.52,1.13
2013.10.29 15:57:12.932,1.43853,1.43871,1.39,1.50
2013.10.29 15:57:13.051,1.43853,1.43874,2.33,1.58
2013.10.29 15:57:13.170,1.43853,1.43875,3.08,3.12
2013.10.29 15:57:13.230,1.43853,1.43875,4.58,1.62
2013.10.29 15:57:13.471,1.43856,1.43878,3.20,1.58
2013.10.29 15:57:13.530,1.43856,1.43878,3.57,1.58
2013.10.29 15:57:14.070,1.43858,1.43878,3.38,1.13
2013.10.29 15:57:14.579,1.4386,1.43878,2.52,1.13
2013.10.29 15:57:14.700,1.4386,1.43878,2.15,1.13
2013.10.29 15:57:15.226,1.4386,1.4388,2.82,1.13
2013.10.29 15:57:15.294,1.4386,1.4388,2.82,1.13
2013.10.29 15:57:15.840,1.4386,1.4388,1.02,1.20
2013.10.29 15:57:16.519,1.4386,1.4388,2.52,1.20
2013.10.29 15:57:17.139,1.4386,1.43882,2.52,3.27
2013.10.29 15:57:17.621,1.43855,1.43873,1.50,1.69
2013.10.29 15:57:17.681,1.43853,1.43873,1.47,1.65
2013.10.29 15:57:17.921,1.43853,1.43873,1.88,1.02
2013.10.29 15:57:18.423,1.43853,1.43873,1.32,3.38
2013.10.29 15:57:18.496,1.43852,1.43871,1.39,1.28
2013.10.29 15:57:19.001,1.43852,1.43872,1.47,1.20
2013.10.29 15:57:19.430,1.43852,1.43871,1.32,1.88
2013.10.29 15:57:19.790,1.43851,1.4387,2.44,1.50
2013.10.29 15:57:20.331,1.4385,1.4387,1.39,1.58
2013.10.29 15:57:20.450,1.4385,1.4387,1.69,1.58
2013.10.29 15:57:20.749,1.4385,1.4387,1.32,1.58
2013.10.29 15:57:21.170,1.4385,1.43868,1.32,1.50
2013.10.29 15:57:22.130,1.43848,1.43868,1.77,1.58
2013.10.29 15:57:23.469,1.43848,1.43868,1.20,1.77
2013.10.29 15:57:25.420,1.43848,1.43868,1.20,1.77
2013.10.29 15:57:25.479,1.43848,1.43868,1.20,1.77
2013.10.29 15:57:27.429,1.43847,1.43864,1.69,1.50
2013.10.29 15:57:28.740,1.43846,1.43865,1.77,1.50
2013.10.29 15:57:29.499,1.43846,1.43864,1.58,1.50
2013.10.29 15:57:29.620,1.43846,1.43867,2.59,2.18
2013.10.29 15:57:30.440,1.43846,1.43867,1.50,2.18
2013.10.29 15:57:31.071,1.43846,1.43865,3.27,1.58
2013.10.29 15:57:31.261,1.43846,1.43865,3.27,1.58
2013.10.29 15:57:31.809,1.43846,1.43865,3.27,1.58
2013.10.29 15:57:32.344,1.43846,1.43865,3.27,1.58
2013.10.29 15:57:33.849,1.43846,1.43865,3.27,1.58
2013.10.29 15:57:34.411,1.43846,1.43865,2.52,1.58
2013.10.29 15:57:34.770,1.43847,1.43866,2.90,1.50
2013.10.29 15:57:34.830,1.43848,1.4387,2.82,1.58
2013.10.29 15:57:35.360,1.43849,1.43871,2.90,1.58
2013.10.29 15:57:35.770,1.43852,1.43871,3.19,1.58
2013.10.29 15:57:35.951,1.43854,1.43873,1.32,1.50
2013.10.29 15:57:36.072,1.43854,1.43875,1.77,1.50
2013.10.29 15:57:36.132,1.43854,1.43875,1.77,1.20
2013.10.29 15:57:36.251,1.43854,1.43875,1.77,1.58
2013.10.29 15:57:36.430,1.43854,1.43872,1.02,1.50
2013.10.29 15:57:36.791,1.43853,1.43873,2.52,1.58
2013.10.29 15:57:37.153,1.43857,1.43877,2.82,2.25
2013.10.29 15:57:37.280,1.43857,1.43878,1.69,1.28
2013.10.29 15:57:37.400,1.43857,1.43878,2.07,1.28
2013.10.29 15:57:37.940,1.43857,1.43879,1.32,2.25
2013.10.29 15:57:38.532,1.43857,1.43876,1.13,2.25
2013.10.29 15:57:39.070,1.43855,1.43874,2.07,1.58
2013.10.29 15:57:39.610,1.43855,1.43874,1.50,1.58
2013.10.29 15:57:39.790,1.43855,1.43876,1.69,2.33
2013.10.29 15:57:40.150,1.43855,1.43876,1.69,3.08
2013.10.29 15:57:40.216,1.43855,1.43873,1.69,1.58
2013.10.29 15:57:41.771,1.43855,1.43876,2.44,2.03
2013.10.29 15:57:42.161,1.43856,1.43877,1.32,1.58
2013.10.29 15:57:43.210,1.43856,1.43878,1.32,2.25
2013.10.29 15:57:43.803,1.43856,1.43878,1.32,2.25
2013.10.29 15:57:44.372,1.43856,1.43878,1.32,3.38
2013.10.29 15:57:45.671,1.43857,1.43877,2.60,1.65
2013.10.29 15:57:45.733,1.43857,1.43878,1.69,2.63
2013.10.29 15:57:45.800,1.43859,1.43879,2.52,1.28
2013.10.29 15:57:46.162,1.43859,1.43879,1.39,1.58
2013.10.29 15:57:46.221,1.43859,1.43879,1.32,2.33
2013.10.29 15:57:46.770,1.43859,1.43879,1.32,2.33
2013.10.29 15:57:47.040,1.43859,1.43879,1.32,2.33
2013.10.29 15:57:47.920,1.43856,1.43877,1.65,1.02
2013.10.29 15:57:48.160,1.43855,1.43875,1.88,1.69
2013.10.29 15:57:48.700,1.43855,1.43874,1.20,1.58
2013.10.29 15:57:49.239,1.43855,1.43875,1.28,1.77
2013.10.29 15:57:50.320,1.43855,1.43873,1.28,2.07
2013.10.29 15:57:50.622,1.43853,1.43868,1.50,1.09
2013.10.29 15:57:50.680,1.43849,1.43868,1.65,1.84
2013.10.29 15:57:50.920,1.43847,1.43867,1.50,1.58
2013.10.29 15:57:51.220,1.43846,1.43867,1.50,2.70
2013.10.29 15:57:51.460,1.43846,1.43865,1.50,1.02
2013.10.29 15:57:52.033,1.43845,1.43864,1.50,1.09
2013.10.29 15:57:52.413,1.43843,1.43863,1.58,1.02
2013.10.29 15:57:52.600,1.43842,1.43862,1.13,3.57
2013.10.29 15:57:53.243,1.43842,1.43862,1.13,3.57
2013.10.29 15:57:53.791,1.43839,1.43856,1.13,1.58
2013.10.29 15:57:53.971,1.43839,1.43857,1.13,1.09
2013.10.29 15:57:54.302,1.43838,1.43856,1.13,1.58
2013.10.29 15:57:55.370,1.43836,1.43855,1.20,1.58
2013.10.29 15:57:55.919,1.43836,1.43855,1.20,1.58
2013.10.29 15:57:56.470,1.43837,1.43855,2.97,1.50
2013.10.29 15:57:56.772,1.43836,1.43851,2.10,1.32
2013.10.29 15:57:57.080,1.43834,1.43851,1.50,1.39
2013.10.29 15:57:57.440,1.43833,1.43852,1.50,2.59
2013.10.29 15:57:58.304,1.43833,1.43852,1.50,1.09
2013.10.29 15:57:59.269,1.43833,1.43851,1.50,1.77
2013.10.29 15:57:59.809,1.43832,1.43849,1.50,1.02
2013.10.29 15:58:00.269,1.43831,1.43849,2.10,2.52
2013.10.29 15:58:00.570,1.43831,1.43849,1.32,2.33
2013.10.29 15:58:00.871,1.43831,1.43849,1.69,2.33
2013.10.29 15:58:00.931,1.43832,1.43853,3.95,1.69
2013.10.29 15:58:01.051,1.43834,1.43853,3.08,1.32
2013.10.29 15:58:01.290,1.43834,1.43856,4.51,1.47
2013.10.29 15:58:01.412,1.43834,1.43853,2.40,1.69
2013.10.29 15:58:01.471,1.43832,1.43852,1.65,1.47
2013.10.29 15:58:01.712,1.4383,1.43851,1.13,3.27
2013.10.29 15:58:02.501,1.4383,1.4385,1.50,1.84
2013.10.29 15:58:03.444,1.43828,1.43848,3.45,1.39
2013.10.29 15:58:03.573,1.43828,1.43847,1.88,1.09
2013.10.29 15:58:03.633,1.43828,1.43845,1.50,1.69
2013.10.29 15:58:03.762,1.43828,1.43845,1.20,1.69
2013.10.29 15:58:04.061,1.43827,1.43843,1.28,1.32
2013.10.29 15:58:04.301,1.43826,1.43842,1.13,1.32
2013.10.29 15:58:04.421,1.43826,1.43845,2.33,2.63
2013.10.29 15:58:04.660,1.43827,1.43847,4.13,1.32
2013.10.29 15:58:06.201,1.4383,1.43847,2.71,1.32
2013.10.29 15:58:06.741,1.4383,1.43847,1.58,1.32
2013.10.29 15:58:10.570,1.4383,1.43847,1.20,1.32
2013.10.29 15:58:10.631,1.4383,1.43847,1.20,1.32
2013.10.29 15:58:11.170,1.43829,1.43847,1.88,1.13
2013.10.29 15:58:11.709,1.43829,1.43847,1.28,1.32
2013.10.29 15:58:12.250,1.43828,1.43849,1.02,2.40
2013.10.29 15:58:12.790,1.43826,1.43846,2.14,1.20
2013.10.29 15:58:13.331,1.43826,1.43843,1.02,1.50
2013.10.29 15:58:14.401,1.43826,1.43842,1.02,1.50
2013.10.29 15:58:14.951,1.43826,1.43843,1.39,1.50
2013.10.29 15:58:16.050,1.43826,1.43843,1.02,1.50
2013.10.29 15:58:17.220,1.43826,1.43845,1.02,1.13
2013.10.29 15:58:17.280,1.43827,1.43846,2.44,2.25
2013.10.29 15:58:17.400,1.43828,1.43846,2.82,1.88
2013.10.29 15:58:17.641,1.43829,1.43851,3.20,1.65
2013.10.29 15:58:17.761,1.43831,1.43853,2.15,2.70
2013.10.29 15:58:18.003,1.43832,1.43852,2.44,1.20
2013.10.29 15:58:18.370,1.43834,1.43855,2.15,1.95
2013.10.29 15:58:18.551,1.43834,1.43857,1.50,3.08
2013.10.29 15:58:19.030,1.43835,1.43857,1.32,1.28
2013.10.29 15:58:19.612,1.43838,1.43857,2.82,1.13
2013.10.29 15:58:21.000,1.43838,1.43857,1.32,1.28
2013.10.29 15:58:21.542,1.43838,1.43857,2.15,1.13
2013.10.29 15:58:21.673,1.43839,1.43857,2.07,1.13
2013.10.29 15:58:21.800,1.43839,1.43858,1.32,1.88
2013.10.29 15:58:22.040,1.43841,1.43862,2.07,1.28
2013.10.29 15:58:22.100,1.43841,1.43862,1.02,1.58
2013.10.29 15:58:22.160,1.43841,1.43862,1.02,1.58
2013.10.29 15:58:22.281,1.4384,1.43861,1.77,1.05
2013.10.29 15:58:22.460,1.4384,1.43859,1.32,1.05
2013.10.29 15:58:23.000,1.4384,1.43858,1.32,1.65
2013.10.29 15:58:23.563,1.4384,1.43858,1.32,1.65
2013.10.29 15:58:24.370,1.4384,1.4386,1.32,2.25
2013.10.29 15:58:27.051,1.4384,1.43858,1.32,1.58
2013.10.29 15:58:27.111,1.4384,1.43858,2.15,1.50
2013.10.29 15:58:28.089,1.4384,1.43858,1.32,1.50
2013.10.29 15:58:28.510,1.4384,1.43858,1.32,2.33
2013.10.29 15:58:28.941,1.43839,1.43858,1.32,2.33
2013.10.29 15:58:30.151,1.43837,1.43858,1.02,2.33
2013.10.29 15:58:30.210,1.43836,1.43858,2.89,2.52
2013.10.29 15:58:30.725,1.43836,1.43856,2.14,1.58
2013.10.29 15:58:32.379,1.43836,1.43856,1.32,2.33
2013.10.29 15:58:33.880,1.43836,1.43856,1.32,2.33
2013.10.29 15:58:34.419,1.43836,1.43856,1.47,1.65
2013.10.29 15:58:34.661,1.43834,1.43854,1.50,2.07
2013.10.29 15:58:34.781,1.43833,1.43853,2.33,1.02
2013.10.29 15:58:34.901,1.43833,1.43852,2.14,1.50
2013.10.29 15:58:35.260,1.43836,1.43853,2.82,1.58
2013.10.29 15:58:35.620,1.43835,1.43852,2.07,1.50
2013.10.29 15:58:36.160,1.43836,1.43854,2.45,1.58
2013.10.29 15:58:36.879,1.43836,1.43854,2.82,1.58
2013.10.29 15:58:38.093,1.43836,1.43854,1.69,1.95
2013.10.29 15:58:38.161,1.43836,1.43854,1.69,1.95
2013.10.29 15:58:38.919,1.43836,1.43854,1.32,2.33
2013.10.29 15:58:46.563,1.43834,1.43853,1.77,1.58
2013.10.29 15:58:46.750,1.43833,1.43852,1.02,1.58
2013.10.29 15:58:47.300,1.43833,1.43852,1.02,2.33
2013.10.29 15:58:48.381,1.43831,1.4385,1.77,1.50
2013.10.29 15:58:48.560,1.43829,1.43849,1.95,1.39
2013.10.29 15:58:49.300,1.43827,1.43848,1.50,4.32
2013.10.29 15:58:49.360,1.43826,1.43845,1.65,1.32
2013.10.29 15:58:49.720,1.43824,1.43845,1.58,2.22
2013.10.29 15:58:50.081,1.43822,1.43839,1.50,1.02
2013.10.29 15:58:50.561,1.43822,1.43841,1.58,1.32
2013.10.29 15:58:50.921,1.43819,1.43834,3.00,1.92
2013.10.29 15:58:50.980,1.43819,1.43834,1.58,2.29
2013.10.29 15:58:51.221,1.43814,1.43835,3.19,1.69
2013.10.29 15:58:51.340,1.43814,1.43836,2.82,1.84
2013.10.29 15:58:51.676,1.43814,1.43832,1.88,1.32
2013.10.29 15:58:51.983,1.4381,1.43828,3.75,1.09
2013.10.29 15:58:52.280,1.43809,1.43828,1.13,1.09
2013.10.29 15:58:52.800,1.43809,1.43828,2.25,1.09
2013.10.29 15:58:52.919,1.43809,1.43828,3.38,1.02
2013.10.29 15:58:53.535,1.43809,1.4383,6.08,1.62
2013.10.29 15:58:53.661,1.4381,1.4383,2.33,1.62
2013.10.29 15:58:54.380,1.4381,1.43831,4.50,1.32
2013.10.29 15:58:54.501,1.4381,1.43831,1.95,2.07
2013.10.29 15:58:54.861,1.43811,1.43832,3.35,2.03
2013.10.29 15:58:54.981,1.43811,1.43832,2.44,1.28
2013.10.29 15:58:55.161,1.43813,1.43834,4.69,1.65
2013.10.29 15:58:55.824,1.43815,1.43835,2.59,1.20
2013.10.29 15:58:55.890,1.43815,1.43835,2.59,1.20
2013.10.29 15:58:56.010,1.43817,1.43837,3.57,1.28
2013.10.29 15:58:56.550,1.43817,1.43836,3.00,1.32
2013.10.29 15:58:57.100,1.43817,1.43837,2.33,1.32
2013.10.29 15:58:57.820,1.43816,1.43837,3.00,1.47
2013.10.29 15:58:58.774,1.43816,1.43836,3.00,2.07
2013.10.29 15:58:59.141,1.43815,1.43834,1.58,1.32
2013.10.29 15:58:59.261,1.43814,1.43834,1.88,1.69
2013.10.29 15:58:59.320,1.43814,1.43834,1.13,2.44
2013.10.29 15:58:59.860,1.43813,1.43833,1.50,1.02
2013.10.29 15:59:00.161,1.43813,1.43834,2.70,1.02
2013.10.29 15:59:00.412,1.43813,1.4383,1.58,1.32
2013.10.29 15:59:00.592,1.4381,1.4383,1.50,1.02
2013.10.29 15:59:00.665,1.4381,1.43826,1.50,1.54
2013.10.29 15:59:00.793,1.43807,1.43822,1.58,1.32
2013.10.29 15:59:00.911,1.43804,1.43823,1.58,1.32
2013.10.29 15:59:01.090,1.43803,1.43823,1.28,1.02
2013.10.29 15:59:01.492,1.43801,1.43822,2.33,1.69
2013.10.29 15:59:02.030,1.43801,1.43822,2.33,1.77
2013.10.29 15:59:02.569,1.438,1.43821,1.95,2.25
2013.10.29 15:59:02.870,1.43798,1.43815,1.95,1.32
2013.10.29 15:59:04.094,1.43798,1.43815,1.58,2.07
2013.10.29 15:59:04.642,1.43796,1.43814,1.50,1.32
2013.10.29 15:59:05.410,1.43796,1.43815,3.57,1.13
2013.10.29 15:59:05.750,1.43803,1.43819,2.52,1.50
2013.10.29 15:59:05.929,1.43803,1.4382,1.77,1.13
2013.10.29 15:59:06.169,1.43803,1.43822,1.02,1.13
2013.10.29 15:59:06.702,1.43802,1.43823,1.09,1.58
2013.10.29 15:59:07.670,1.43802,1.43822,1.02,1.50
2013.10.29 15:59:08.275,1.43802,1.43822,1.65,1.69
2013.10.29 15:59:08.401,1.43801,1.43818,1.58,1.32
2013.10.29 15:59:08.521,1.43799,1.43818,3.15,1.69
2013.10.29 15:59:08.641,1.43795,1.43815,1.20,1.47
2013.10.29 15:59:09.122,1.43793,1.43814,2.33,1.95
2013.10.29 15:59:09.240,1.43793,1.43808,1.50,1.17
2013.10.29 15:59:09.300,1.43792,1.4381,1.58,1.92
2013.10.29 15:59:09.722,1.43792,1.4381,3.08,1.32
2013.10.29 15:59:10.203,1.43793,1.43811,2.71,2.07
2013.10.29 15:59:10.500,1.43793,1.43811,5.25,1.69
2013.10.29 15:59:10.561,1.43793,1.43813,5.26,1.32
2013.10.29 15:59:10.922,1.43798,1.43814,2.63,1.32
2013.10.29 15:59:11.041,1.43797,1.43811,1.58,1.69
2013.10.29 15:59:11.101,1.43796,1.43812,1.28,1.32
2013.10.29 15:59:12.050,1.43795,1.43813,1.58,1.17
2013.10.29 15:59:12.230,1.43792,1.43808,1.65,2.82
2013.10.29 15:59:13.530,1.43789,1.43806,1.50,1.69
2013.10.29 15:59:13.770,1.43788,1.43805,1.20,1.92
2013.10.29 15:59:13.830,1.43788,1.43805,1.13,1.92
2013.10.29 15:59:14.190,1.43787,1.43805,3.00,1.32
2013.10.29 15:59:14.693,1.43787,1.43806,2.63,1.69
2013.10.29 15:59:15.250,1.43787,1.43806,3.75,1.69
2013.10.29 15:59:15.309,1.43787,1.43806,3.75,2.07
2013.10.29 15:59:15.490,1.43785,1.43803,1.50,1.02
2013.10.29 15:59:15.551,1.43784,1.43802,1.50,1.77
2013.10.29 15:59:15.731,1.43782,1.43799,1.65,1.32
2013.10.29 15:59:16.228,1.43783,1.43804,3.38,1.54
2013.10.29 15:59:16.530,1.43783,1.43804,3.38,2.29
2013.10.29 15:59:16.714,1.43785,1.43804,2.15,1.35
2013.10.29 15:59:17.261,1.43785,1.43804,2.33,2.44
2013.10.29 15:59:17.812,1.43785,1.43804,2.71,1.58
2013.10.29 15:59:18.050,1.43785,1.43804,1.58,2.33
2013.10.29 15:59:18.471,1.43786,1.43804,3.38,1.50
2013.10.29 15:59:19.011,1.43787,1.43806,3.46,2.67
2013.10.29 15:59:19.413,1.43787,1.43806,3.08,1.54
2013.10.29 15:59:19.600,1.43788,1.43806,2.40,2.67
2013.10.29 15:59:19.720,1.43788,1.43806,2.40,2.29
2013.10.29 15:59:19.780,1.43788,1.43806,1.28,2.29
2013.10.29 15:59:20.080,1.43787,1.43806,1.58,3.23
2013.10.29 15:59:20.140,1.43787,1.43806,1.50,2.55
2013.10.29 15:59:21.086,1.43786,1.43806,1.58,1.92
2013.10.29 15:59:21.510,1.43789,1.43806,1.13,1.35
2013.10.29 15:59:21.693,1.43799,1.43814,2.63,2.25
2013.10.29 15:59:21.821,1.43799,1.43818,2.82,1.58
2013.10.29 15:59:21.881,1.43801,1.43821,2.63,1.47
2013.10.29 15:59:22.391,1.43801,1.43821,2.63,1.47
2013.10.29 15:59:22.512,1.43801,1.4382,1.50,1.58
2013.10.29 15:59:23.341,1.43801,1.43819,1.88,1.35
2013.10.29 15:59:23.403,1.43801,1.43819,1.88,2.10
2013.10.29 15:59:23.760,1.438,1.43818,1.20,2.07
2013.10.29 15:59:24.001,1.438,1.43822,1.88,1.58
2013.10.29 15:59:24.184,1.43803,1.43824,2.15,1.20
2013.10.29 15:59:24.250,1.43803,1.43825,2.52,1.95
2013.10.29 15:59:24.310,1.43804,1.43828,3.57,2.07
2013.10.29 15:59:24.610,1.43804,1.43826,5.03,2.07
2013.10.29 15:59:24.790,1.43803,1.43822,3.00,1.02
2013.10.29 15:59:24.911,1.43803,1.43822,3.00,1.02
2013.10.29 15:59:25.030,1.43803,1.43822,3.00,1.02
2013.10.29 15:59:25.912,1.43803,1.43822,2.63,1.09
2013.10.29 15:59:26.102,1.43804,1.43826,3.35,1.28
2013.10.29 15:59:26.419,1.43804,1.43825,2.07,1.58
2013.10.29 15:59:26.600,1.43805,1.43825,2.90,1.58
2013.10.29 15:59:26.660,1.43805,1.43825,2.71,2.14
2013.10.29 15:59:27.082,1.43803,1.43822,2.40,1.54
2013.10.29 15:59:27.142,1.43803,1.43821,2.03,1.17
2013.10.29 15:59:27.501,1.43797,1.43818,1.95,1.84
2013.10.29 15:59:28.040,1.43799,1.43818,3.38,2.07
2013.10.29 15:59:28.550,1.43801,1.43818,2.63,1.32
2013.10.29 15:59:28.670,1.43801,1.4382,1.88,3.04
2013.10.29 15:59:29.030,1.43804,1.4382,3.00,3.04
2013.10.29 15:59:29.210,1.43804,1.4382,2.33,1.13
2013.10.29 15:59:29.390,1.43804,1.43824,2.78,2.52
2013.10.29 15:59:29.450,1.43805,1.43824,2.97,1.50
2013.10.29 15:59:29.630,1.43805,1.43824,3.72,1.69
2013.10.29 15:59:29.932,1.43805,1.43823,1.50,1.69
2013.10.29 15:59:29.991,1.43805,1.43823,1.13,1.58
2013.10.29 15:59:30.592,1.43806,1.43825,3.08,1.02
2013.10.29 15:59:31.010,1.43806,1.43825,1.20,1.02
2013.10.29 15:59:31.131,1.43806,1.43822,1.13,1.13
2013.10.29 15:59:31.370,1.43805,1.43819,2.97,1.35
2013.10.29 15:59:31.729,1.438,1.43818,1.50,3.08
2013.10.29 15:59:31.850,1.43798,1.43816,1.50,1.58
2013.10.29 15:59:32.390,1.43796,1.43816,1.58,1.95
2013.10.29 15:59:32.940,1.43796,1.43816,1.77,1.58
2013.10.29 15:59:33.000,1.43796,1.43815,1.50,1.58
2013.10.29 15:59:33.481,1.43799,1.43817,2.82,1.58
2013.10.29 15:59:33.720,1.438,1.43818,2.15,1.50
2013.10.29 15:59:34.263,1.43799,1.43817,1.69,1.58
2013.10.29 15:59:34.333,1.43799,1.43816,1.69,1.58
2013.10.29 15:59:34.572,1.43799,1.43817,1.02,1.58
2013.10.29 15:59:34.751,1.43799,1.43819,1.69,2.25
2013.10.29 15:59:35.412,1.438,1.43819,3.08,2.44
2013.10.29 15:59:35.772,1.438,1.43816,3.15,1.69
2013.10.29 15:59:36.321,1.438,1.43817,1.58,1.69
2013.10.29 15:59:36.963,1.438,1.43818,2.33,1.69
2013.10.29 15:59:37.281,1.43799,1.43815,1.39,2.82
2013.10.29 15:59:37.583,1.43803,1.43818,5.07,1.50
2013.10.29 15:59:37.771,1.43803,1.43819,3.57,1.50
2013.10.29 15:59:38.250,1.43803,1.43821,1.58,1.13
2013.10.29 15:59:38.970,1.43801,1.43821,3.27,1.20
2013.10.29 15:59:39.150,1.43801,1.43821,4.02,1.28
2013.10.29 15:59:39.451,1.43801,1.43818,2.07,1.50
2013.10.29 15:59:39.511,1.43801,1.43819,1.32,1.50
2013.10.29 15:59:39.690,1.438,1.43818,1.95,1.02
2013.10.29 15:59:40.261,1.438,1.43818,1.95,1.77
2013.10.29 15:59:40.882,1.438,1.43818,1.50,1.02
2013.10.29 15:59:41.180,1.438,1.43818,2.70,1.02
2013.10.29 15:59:41.601,1.438,1.4382,3.09,1.58
2013.10.29 15:59:41.900,1.43805,1.43823,2.90,1.58
2013.10.29 15:59:42.630,1.43805,1.43825,3.72,1.88
2013.10.29 15:59:44.260,1.43806,1.43825,3.65,1.58
2013.10.29 15:59:44.380,1.43806,1.43826,3.64,1.58
2013.10.29 15:59:44.840,1.43806,1.43826,2.89,2.33
2013.10.29 15:59:45.150,1.43819,1.43835,2.30,1.65
2013.10.29 15:59:45.510,1.43818,1.43834,1.28,1.50
2013.10.29 15:59:45.810,1.43817,1.43834,1.32,1.58
2013.10.29 15:59:46.150,1.43817,1.43834,1.17,1.58
2013.10.29 15:59:46.396,1.43818,1.43836,2.26,2.33
2013.10.29 15:59:46.465,1.43818,1.43836,1.69,1.50
2013.10.29 15:59:46.533,1.43818,1.43836,1.32,2.40
2013.10.29 15:59:46.834,1.43818,1.43837,3.04,1.58
2013.10.29 15:59:46.899,1.43818,1.43838,2.74,1.58
2013.10.29 15:59:47.200,1.43819,1.4384,3.39,1.58
2013.10.29 15:59:47.321,1.43822,1.43841,3.87,1.58
2013.10.29 15:59:47.559,1.43822,1.43842,1.39,2.33
2013.10.29 15:59:47.680,1.43822,1.43842,1.62,1.58
2013.10.29 15:59:48.223,1.43822,1.43842,2.60,3.08
2013.10.29 15:59:48.771,1.43822,1.4384,1.39,1.50
2013.10.29 15:59:49.130,1.4383,1.43844,1.32,1.84
2013.10.29 15:59:49.250,1.43832,1.43845,4.92,1.20
2013.10.29 15:59:49.610,1.43832,1.43852,5.45,1.50
2013.10.29 15:59:49.730,1.43836,1.43853,2.15,1.50
2013.10.29 15:59:50.090,1.43835,1.43853,1.69,2.25
2013.10.29 15:59:50.330,1.43835,1.43854,1.32,1.50
2013.10.29 15:59:50.749,1.43835,1.43854,1.13,1.58
2013.10.29 15:59:50.810,1.43835,1.43854,1.13,3.00
2013.10.29 15:59:51.350,1.43835,1.43852,1.13,1.58
2013.10.29 15:59:51.410,1.43835,1.43854,1.13,3.00
2013.10.29 15:59:51.940,1.43835,1.43854,1.13,3.00
2013.10.29 15:59:52.126,1.43834,1.43853,2.07,2.33
2013.10.29 15:59:52.560,1.43834,1.4385,1.32,1.50
2013.10.29 15:59:53.133,1.43834,1.4385,1.32,1.50
2013.10.29 15:59:54.414,1.43834,1.4385,1.13,1.50
2013.10.29 15:59:54.888,1.43833,1.4385,1.69,2.40
2013.10.29 15:59:55.500,1.43833,1.43849,1.32,1.58
2013.10.29 15:59:55.621,1.43832,1.43849,1.69,1.58
2013.10.29 15:59:56.163,1.43832,1.4385,3.12,1.50
2013.10.29 15:59:56.491,1.43833,1.4385,5.45,1.50
2013.10.29 15:59:56.851,1.43835,1.4385,3.49,1.50
2013.10.29 15:59:57.371,1.43835,1.4385,2.90,1.50
2013.10.29 15:59:57.911,1.43835,1.43851,1.84,1.50
2013.10.29 15:59:58.271,1.43835,1.43854,5.63,1.50
2013.10.29 15:59:58.390,1.43837,1.43856,5.03,1.58
2013.10.29 15:59:58.573,1.43836,1.43854,3.08,2.25
2013.10.29 15:59:58.691,1.43836,1.43854,1.69,2.25
2013.10.29 15:59:58.992,1.43834,1.43847,1.50,1.50
2013.10.29 15:59:59.350,1.43834,1.43843,1.13,1.50
2013.10.29 15:59:59.591,1.43824,1.43842,1.88,1.50
2013.10.29 15:59:59.831,1.43824,1.43843,3.19,1.50
2013.10.29 15:59:59.891,1.43824,1.43844,2.97,1.09
